﻿NAPS_Site_ID,Station_Name,Pollutant,Date,Value,Units,Report_Type,Method
60427,GAGE INSTITUTE,cis-3-Methyl-2-Pentene,2010-01-02T00:00,0.000,µg/m³,VOC,
60427,GAGE INSTITUTE,cis-3-Methyl-2-Pentene,2010-01-08T00:00,0.003,µg/m³,VOC,
60427,GAGE INSTITUTE,cis-3-Methyl-2-Pentene,2010-01-14T00:00,0.000,µg/m³,VOC,
60427,GAGE INSTITUTE,cis-3-Methyl-2-Pentene,2010-01-20T00:00,0.000,µg/m³,VOC,
60427,GAGE INSTITUTE,cis-3-Methyl-2-Pentene,2010-01-26T00:00,0.000,µg/m³,VOC,
60427,GAGE INSTITUTE,cis-3-Methyl-2-Pentene,2010-02-01T00:00,0.009,µg/m³,VOC,
60427,GAGE INSTITUTE,cis-3-Methyl-2-Pentene,2010-02-19T00:00,0.000,µg/m³,VOC,
60427,GAGE INSTITUTE,cis-3-Methyl-2-Pentene,2010-02-25T00:00,0.000,µg/m³,VOC,
60427,GAGE INSTITUTE,cis-3-Methyl-2-Pentene,2010-03-03T00:00,0.000,µg/m³,VOC,
60427,GAGE INSTITUTE,cis-3-Methyl-2-Pentene,2010-03-09T00:00,0.000,µg/m³,VOC,
60427,GAGE INSTITUTE,cis-3-Methyl-2-Pentene,2010-03-15T00:00,0.000,µg/m³,VOC,
60427,GAGE INSTITUTE,cis-3-Methyl-2-Pentene,2010-03-21T00:00,0.000,µg/m³,VOC,
60427,GAGE INSTITUTE,cis-3-Methyl-2-Pentene,2010-03-27T00:00,0.000,µg/m³,VOC,
60427,GAGE INSTITUTE,cis-3-Methyl-2-Pentene,2010-04-02T00:00,0.000,µg/m³,VOC,
60427,GAGE INSTITUTE,cis-3-Methyl-2-Pentene,2010-04-08T00:00,0.000,µg/m³,VOC,
60427,GAGE INSTITUTE,cis-3-Methyl-2-Pentene,2010-04-14T00:00,0.054,µg/m³,VOC,
60427,GAGE INSTITUTE,cis-3-Methyl-2-Pentene,2010-04-20T00:00,0.000,µg/m³,VOC,
60427,GAGE INSTITUTE,cis-3-Methyl-2-Pentene,2010-04-26T00:00,0.000,µg/m³,VOC,
60427,GAGE INSTITUTE,cis-3-Methyl-2-Pentene,2010-05-02T00:00,0.000,µg/m³,VOC,
60427,GAGE INSTITUTE,cis-3-Methyl-2-Pentene,2010-05-08T00:00,0.010,µg/m³,VOC,
60427,GAGE INSTITUTE,cis-3-Methyl-2-Pentene,2010-05-14T00:00,0.000,µg/m³,VOC,
60427,GAGE INSTITUTE,cis-3-Methyl-2-Pentene,2010-05-20T00:00,0.000,µg/m³,VOC,
60427,GAGE INSTITUTE,cis-3-Methyl-2-Pentene,2010-06-07T00:00,0.000,µg/m³,VOC,
60427,GAGE INSTITUTE,cis-3-Methyl-2-Pentene,2010-06-13T00:00,0.000,µg/m³,VOC,
60427,GAGE INSTITUTE,cis-3-Methyl-2-Pentene,2010-06-19T00:00,0.000,µg/m³,VOC,
60427,GAGE INSTITUTE,cis-3-Methyl-2-Pentene,2010-06-25T00:00,0.000,µg/m³,VOC,
60427,GAGE INSTITUTE,cis-3-Methyl-2-Pentene,2010-07-01T00:00,0.000,µg/m³,VOC,
60427,GAGE INSTITUTE,cis-3-Methyl-2-Pentene,2010-07-07T00:00,0.000,µg/m³,VOC,
60427,GAGE INSTITUTE,cis-3-Methyl-2-Pentene,2010-07-13T00:00,0.000,µg/m³,VOC,
60427,GAGE INSTITUTE,cis-3-Methyl-2-Pentene,2010-07-19T00:00,0.000,µg/m³,VOC,
60427,GAGE INSTITUTE,cis-3-Methyl-2-Pentene,2010-07-25T00:00,0.000,µg/m³,VOC,
60427,GAGE INSTITUTE,cis-3-Methyl-2-Pentene,2010-07-31T00:00,0.000,µg/m³,VOC,
60427,GAGE INSTITUTE,cis-3-Methyl-2-Pentene,2010-08-06T00:00,0.000,µg/m³,VOC,
60427,GAGE INSTITUTE,cis-3-Methyl-2-Pentene,2010-08-12T00:00,0.000,µg/m³,VOC,
60427,GAGE INSTITUTE,cis-3-Methyl-2-Pentene,2010-08-18T00:00,0.012,µg/m³,VOC,
60427,GAGE INSTITUTE,cis-3-Methyl-2-Pentene,2010-08-24T00:00,0.000,µg/m³,VOC,
60427,GAGE INSTITUTE,cis-3-Methyl-2-Pentene,2010-08-30T00:00,0.000,µg/m³,VOC,
60427,GAGE INSTITUTE,cis-3-Methyl-2-Pentene,2010-09-05T00:00,0.007,µg/m³,VOC,
60427,GAGE INSTITUTE,cis-3-Methyl-2-Pentene,2010-09-11T00:00,0.019,µg/m³,VOC,
60427,GAGE INSTITUTE,cis-3-Methyl-2-Pentene,2010-09-17T00:00,0.007,µg/m³,VOC,
60427,GAGE INSTITUTE,cis-3-Methyl-2-Pentene,2010-09-23T00:00,0.014,µg/m³,VOC,
60427,GAGE INSTITUTE,cis-3-Methyl-2-Pentene,2010-09-29T00:00,0.032,µg/m³,VOC,
60427,GAGE INSTITUTE,cis-3-Methyl-2-Pentene,2010-10-05T00:00,0.036,µg/m³,VOC,
60427,GAGE INSTITUTE,cis-3-Methyl-2-Pentene,2010-10-11T00:00,0.000,µg/m³,VOC,
60427,GAGE INSTITUTE,cis-3-Methyl-2-Pentene,2010-10-17T00:00,0.000,µg/m³,VOC,
60427,GAGE INSTITUTE,cis-3-Methyl-2-Pentene,2010-10-23T00:00,0.000,µg/m³,VOC,
60427,GAGE INSTITUTE,cis-3-Methyl-2-Pentene,2010-10-29T00:00,0.000,µg/m³,VOC,
60427,GAGE INSTITUTE,cis-3-Methyl-2-Pentene,2010-11-04T00:00,0.000,µg/m³,VOC,
60427,GAGE INSTITUTE,cis-3-Methyl-2-Pentene,2010-11-10T00:00,0.000,µg/m³,VOC,
60427,GAGE INSTITUTE,cis-3-Methyl-2-Pentene,2010-11-16T00:00,0.000,µg/m³,VOC,
60427,GAGE INSTITUTE,cis-3-Methyl-2-Pentene,2010-11-22T00:00,0.000,µg/m³,VOC,
60427,GAGE INSTITUTE,cis-3-Methyl-2-Pentene,2010-11-28T00:00,0.000,µg/m³,VOC,
60427,GAGE INSTITUTE,cis-3-Methyl-2-Pentene,2010-12-04T00:00,0.000,µg/m³,VOC,
60427,GAGE INSTITUTE,cis-3-Methyl-2-Pentene,2010-12-10T00:00,0.000,µg/m³,VOC,
60427,GAGE INSTITUTE,cis-3-Methyl-2-Pentene,2010-12-16T00:00,0.000,µg/m³,VOC,
60427,GAGE INSTITUTE,cis-3-Methyl-2-Pentene,2010-12-22T00:00,0.000,µg/m³,VOC,
60427,GAGE INSTITUTE,cis-3-Methyl-2-Pentene,2010-12-28T00:00,0.007,µg/m³,VOC,
