﻿NAPS_Site_ID,Station_Name,Pollutant,Date,Value,Units,Report_Type,Method
80111,REGINA,"1,1,1-Trichloroethane",2015-01-17T19:00,0.023,µg/m³,VOC,N/A
80111,REGINA,"1,1,1-Trichloroethane",2015-01-23T19:00,0.022,µg/m³,VOC,N/A
80111,REGINA,"1,1,1-Trichloroethane",2015-02-11T19:00,0.022,µg/m³,VOC,N/A
80111,REGINA,"1,1,1-Trichloroethane",2015-02-17T19:00,0.020,µg/m³,VOC,N/A
80111,REGINA,"1,1,1-Trichloroethane",2015-02-22T19:00,0.022,µg/m³,VOC,N/A
80111,REGINA,"1,1,1-Trichloroethane",2015-02-28T19:00,0.022,µg/m³,VOC,N/A
80111,REGINA,"1,1,1-Trichloroethane",2015-03-12T20:00,0.024,µg/m³,VOC,N/A
80111,REGINA,"1,1,1-Trichloroethane",2015-03-18T20:00,0.025,µg/m³,VOC,N/A
80111,REGINA,"1,1,1-Trichloroethane",2015-03-24T20:00,0.025,µg/m³,VOC,N/A
80111,REGINA,"1,1,1-Trichloroethane",2015-03-30T20:00,0.025,µg/m³,VOC,N/A
80111,REGINA,"1,1,1-Trichloroethane",2015-04-05T20:00,0.004,µg/m³,VOC,N/A
80111,REGINA,"1,1,1-Trichloroethane",2015-04-11T20:00,0.002,µg/m³,VOC,N/A
80111,REGINA,"1,1,1-Trichloroethane",2015-04-17T20:00,0.022,µg/m³,VOC,N/A
80111,REGINA,"1,1,1-Trichloroethane",2015-04-23T20:00,0.022,µg/m³,VOC,N/A
80111,REGINA,"1,1,1-Trichloroethane",2015-04-29T20:00,0.022,µg/m³,VOC,N/A
80111,REGINA,"1,1,1-Trichloroethane",2015-05-05T20:00,0.018,µg/m³,VOC,N/A
80111,REGINA,"1,1,1-Trichloroethane",2015-05-17T20:00,0.022,µg/m³,VOC,N/A
80111,REGINA,"1,1,1-Trichloroethane",2015-05-23T20:00,0.029,µg/m³,VOC,N/A
80111,REGINA,"1,1,1-Trichloroethane",2015-06-04T20:00,0.024,µg/m³,VOC,N/A
80111,REGINA,"1,1,1-Trichloroethane",2015-06-10T20:00,0.024,µg/m³,VOC,N/A
80111,REGINA,"1,1,1-Trichloroethane",2015-06-16T20:00,0.023,µg/m³,VOC,N/A
80111,REGINA,"1,1,1-Trichloroethane",2015-06-22T20:00,0.021,µg/m³,VOC,N/A
80111,REGINA,"1,1,1-Trichloroethane",2015-06-29T20:00,0.022,µg/m³,VOC,N/A
80111,REGINA,"1,1,1-Trichloroethane",2015-07-04T20:00,0.018,µg/m³,VOC,N/A
80111,REGINA,"1,1,1-Trichloroethane",2015-07-10T20:00,0.017,µg/m³,VOC,N/A
80111,REGINA,"1,1,1-Trichloroethane",2015-07-15T20:00,0.017,µg/m³,VOC,N/A
80111,REGINA,"1,1,1-Trichloroethane",2015-07-22T20:00,0.019,µg/m³,VOC,N/A
80111,REGINA,"1,1,1-Trichloroethane",2015-07-28T20:00,0.018,µg/m³,VOC,N/A
80111,REGINA,"1,1,1-Trichloroethane",2015-08-09T20:00,0.017,µg/m³,VOC,N/A
80111,REGINA,"1,1,1-Trichloroethane",2015-08-21T20:00,0.019,µg/m³,VOC,N/A
80111,REGINA,"1,1,1-Trichloroethane",2015-08-27T20:00,0.021,µg/m³,VOC,N/A
80111,REGINA,"1,1,1-Trichloroethane",2015-09-02T20:00,0.019,µg/m³,VOC,N/A
80111,REGINA,"1,1,1-Trichloroethane",2015-09-08T20:00,0.017,µg/m³,VOC,N/A
80111,REGINA,"1,1,1-Trichloroethane",2015-09-14T20:00,0.018,µg/m³,VOC,N/A
80111,REGINA,"1,1,1-Trichloroethane",2015-09-21T20:00,0.020,µg/m³,VOC,N/A
80111,REGINA,"1,1,1-Trichloroethane",2015-09-26T20:00,0.018,µg/m³,VOC,N/A
80111,REGINA,"1,1,1-Trichloroethane",2015-10-02T20:00,0.018,µg/m³,VOC,N/A
80111,REGINA,"1,1,1-Trichloroethane",2015-10-08T20:00,0.017,µg/m³,VOC,N/A
80111,REGINA,"1,1,1-Trichloroethane",2015-10-22T20:00,0.017,µg/m³,VOC,N/A
80111,REGINA,"1,1,1-Trichloroethane",2015-10-26T20:00,0.019,µg/m³,VOC,N/A
80111,REGINA,"1,1,1-Trichloroethane",2015-11-01T19:00,0.019,µg/m³,VOC,N/A
80111,REGINA,"1,1,1-Trichloroethane",2015-11-07T19:00,0.019,µg/m³,VOC,N/A
80111,REGINA,"1,1,1-Trichloroethane",2015-11-13T19:00,0.019,µg/m³,VOC,N/A
80111,REGINA,"1,1,1-Trichloroethane",2015-11-25T19:00,0.016,µg/m³,VOC,N/A
80111,REGINA,"1,1,1-Trichloroethane",2015-12-02T19:00,0.016,µg/m³,VOC,N/A
80111,REGINA,"1,1,1-Trichloroethane",2015-12-13T19:00,0.023,µg/m³,VOC,N/A
80111,REGINA,"1,1,1-Trichloroethane",2015-12-19T19:00,0.018,µg/m³,VOC,N/A
80111,REGINA,"1,1,1-Trichloroethane",2015-12-25T19:00,0.018,µg/m³,VOC,N/A
