﻿NAPS_Site_ID,Station_Name,Pollutant,Date,Value,Units,Report_Type,Method
40501,PT LEPREAU - CHARLOTTE COUNTY,Chloromethane,2002-01-11T00:00,0.994,µg/m³,VOC,N/A
40501,PT LEPREAU - CHARLOTTE COUNTY,Chloromethane,2002-01-14T00:00,0.992,µg/m³,VOC,N/A
40501,PT LEPREAU - CHARLOTTE COUNTY,Chloromethane,2002-01-17T00:00,1.033,µg/m³,VOC,N/A
40501,PT LEPREAU - CHARLOTTE COUNTY,Chloromethane,2002-01-20T00:00,1.014,µg/m³,VOC,N/A
40501,PT LEPREAU - CHARLOTTE COUNTY,Chloromethane,2002-01-23T00:00,1.054,µg/m³,VOC,N/A
40501,PT LEPREAU - CHARLOTTE COUNTY,Chloromethane,2002-01-29T00:00,1.045,µg/m³,VOC,N/A
40501,PT LEPREAU - CHARLOTTE COUNTY,Chloromethane,2002-02-01T00:00,1.069,µg/m³,VOC,N/A
40501,PT LEPREAU - CHARLOTTE COUNTY,Chloromethane,2002-02-04T00:00,1.058,µg/m³,VOC,N/A
40501,PT LEPREAU - CHARLOTTE COUNTY,Chloromethane,2002-02-07T00:00,1.070,µg/m³,VOC,N/A
40501,PT LEPREAU - CHARLOTTE COUNTY,Chloromethane,2002-02-10T00:00,1.084,µg/m³,VOC,N/A
40501,PT LEPREAU - CHARLOTTE COUNTY,Chloromethane,2002-02-13T00:00,1.042,µg/m³,VOC,N/A
40501,PT LEPREAU - CHARLOTTE COUNTY,Chloromethane,2002-02-16T00:00,1.075,µg/m³,VOC,N/A
40501,PT LEPREAU - CHARLOTTE COUNTY,Chloromethane,2002-02-19T00:00,1.089,µg/m³,VOC,N/A
40501,PT LEPREAU - CHARLOTTE COUNTY,Chloromethane,2002-02-22T00:00,1.083,µg/m³,VOC,N/A
40501,PT LEPREAU - CHARLOTTE COUNTY,Chloromethane,2002-02-25T00:00,1.070,µg/m³,VOC,N/A
40501,PT LEPREAU - CHARLOTTE COUNTY,Chloromethane,2002-02-28T00:00,1.072,µg/m³,VOC,N/A
40501,PT LEPREAU - CHARLOTTE COUNTY,Chloromethane,2002-03-03T00:00,1.127,µg/m³,VOC,N/A
40501,PT LEPREAU - CHARLOTTE COUNTY,Chloromethane,2002-03-06T00:00,1.090,µg/m³,VOC,N/A
40501,PT LEPREAU - CHARLOTTE COUNTY,Chloromethane,2002-03-09T00:00,1.207,µg/m³,VOC,N/A
40501,PT LEPREAU - CHARLOTTE COUNTY,Chloromethane,2002-03-12T00:00,1.080,µg/m³,VOC,N/A
40501,PT LEPREAU - CHARLOTTE COUNTY,Chloromethane,2002-03-15T00:00,1.080,µg/m³,VOC,N/A
40501,PT LEPREAU - CHARLOTTE COUNTY,Chloromethane,2002-03-18T00:00,1.086,µg/m³,VOC,N/A
40501,PT LEPREAU - CHARLOTTE COUNTY,Chloromethane,2002-03-21T00:00,1.096,µg/m³,VOC,N/A
40501,PT LEPREAU - CHARLOTTE COUNTY,Chloromethane,2002-03-24T00:00,1.084,µg/m³,VOC,N/A
40501,PT LEPREAU - CHARLOTTE COUNTY,Chloromethane,2002-03-27T00:00,1.131,µg/m³,VOC,N/A
40501,PT LEPREAU - CHARLOTTE COUNTY,Chloromethane,2002-03-30T00:00,1.163,µg/m³,VOC,N/A
40501,PT LEPREAU - CHARLOTTE COUNTY,Chloromethane,2002-04-02T00:00,1.196,µg/m³,VOC,N/A
40501,PT LEPREAU - CHARLOTTE COUNTY,Chloromethane,2002-04-05T00:00,1.153,µg/m³,VOC,N/A
40501,PT LEPREAU - CHARLOTTE COUNTY,Chloromethane,2002-04-08T00:00,1.169,µg/m³,VOC,N/A
40501,PT LEPREAU - CHARLOTTE COUNTY,Chloromethane,2002-04-11T00:00,1.173,µg/m³,VOC,N/A
40501,PT LEPREAU - CHARLOTTE COUNTY,Chloromethane,2002-04-14T00:00,1.244,µg/m³,VOC,N/A
40501,PT LEPREAU - CHARLOTTE COUNTY,Chloromethane,2002-04-17T00:00,1.157,µg/m³,VOC,N/A
40501,PT LEPREAU - CHARLOTTE COUNTY,Chloromethane,2002-04-20T00:00,1.131,µg/m³,VOC,N/A
40501,PT LEPREAU - CHARLOTTE COUNTY,Chloromethane,2002-04-23T00:00,1.139,µg/m³,VOC,N/A
40501,PT LEPREAU - CHARLOTTE COUNTY,Chloromethane,2002-04-26T00:00,1.120,µg/m³,VOC,N/A
40501,PT LEPREAU - CHARLOTTE COUNTY,Chloromethane,2002-04-29T00:00,1.153,µg/m³,VOC,N/A
40501,PT LEPREAU - CHARLOTTE COUNTY,Chloromethane,2002-05-02T00:00,1.104,µg/m³,VOC,N/A
40501,PT LEPREAU - CHARLOTTE COUNTY,Chloromethane,2002-05-05T00:00,1.121,µg/m³,VOC,N/A
40501,PT LEPREAU - CHARLOTTE COUNTY,Chloromethane,2002-05-08T00:00,1.153,µg/m³,VOC,N/A
40501,PT LEPREAU - CHARLOTTE COUNTY,Chloromethane,2002-05-11T00:00,1.143,µg/m³,VOC,N/A
40501,PT LEPREAU - CHARLOTTE COUNTY,Chloromethane,2002-05-14T00:00,1.170,µg/m³,VOC,N/A
40501,PT LEPREAU - CHARLOTTE COUNTY,Chloromethane,2002-05-17T00:00,1.186,µg/m³,VOC,N/A
40501,PT LEPREAU - CHARLOTTE COUNTY,Chloromethane,2002-05-20T00:00,1.141,µg/m³,VOC,N/A
40501,PT LEPREAU - CHARLOTTE COUNTY,Chloromethane,2002-05-23T00:00,1.051,µg/m³,VOC,N/A
40501,PT LEPREAU - CHARLOTTE COUNTY,Chloromethane,2002-06-16T00:00,1.051,µg/m³,VOC,N/A
40501,PT LEPREAU - CHARLOTTE COUNTY,Chloromethane,2002-06-19T00:00,1.089,µg/m³,VOC,N/A
40501,PT LEPREAU - CHARLOTTE COUNTY,Chloromethane,2002-06-22T00:00,1.142,µg/m³,VOC,N/A
40501,PT LEPREAU - CHARLOTTE COUNTY,Chloromethane,2002-06-25T00:00,1.040,µg/m³,VOC,N/A
40501,PT LEPREAU - CHARLOTTE COUNTY,Chloromethane,2002-06-28T00:00,1.193,µg/m³,VOC,N/A
40501,PT LEPREAU - CHARLOTTE COUNTY,Chloromethane,2002-07-01T00:00,1.008,µg/m³,VOC,N/A
40501,PT LEPREAU - CHARLOTTE COUNTY,Chloromethane,2002-07-07T00:00,1.011,µg/m³,VOC,N/A
40501,PT LEPREAU - CHARLOTTE COUNTY,Chloromethane,2002-07-10T00:00,1.019,µg/m³,VOC,N/A
40501,PT LEPREAU - CHARLOTTE COUNTY,Chloromethane,2002-07-13T00:00,0.975,µg/m³,VOC,N/A
40501,PT LEPREAU - CHARLOTTE COUNTY,Chloromethane,2002-07-16T00:00,0.986,µg/m³,VOC,N/A
40501,PT LEPREAU - CHARLOTTE COUNTY,Chloromethane,2002-07-22T00:00,0.987,µg/m³,VOC,N/A
40501,PT LEPREAU - CHARLOTTE COUNTY,Chloromethane,2002-07-31T00:00,1.041,µg/m³,VOC,N/A
40501,PT LEPREAU - CHARLOTTE COUNTY,Chloromethane,2002-08-03T00:00,0.958,µg/m³,VOC,N/A
40501,PT LEPREAU - CHARLOTTE COUNTY,Chloromethane,2002-08-09T00:00,0.973,µg/m³,VOC,N/A
40501,PT LEPREAU - CHARLOTTE COUNTY,Chloromethane,2002-08-15T00:00,1.126,µg/m³,VOC,N/A
40501,PT LEPREAU - CHARLOTTE COUNTY,Chloromethane,2002-08-18T00:00,1.013,µg/m³,VOC,N/A
40501,PT LEPREAU - CHARLOTTE COUNTY,Chloromethane,2002-08-27T00:00,0.940,µg/m³,VOC,N/A
40501,PT LEPREAU - CHARLOTTE COUNTY,Chloromethane,2002-08-30T00:00,1.009,µg/m³,VOC,N/A
40501,PT LEPREAU - CHARLOTTE COUNTY,Chloromethane,2002-09-02T00:00,0.982,µg/m³,VOC,N/A
40501,PT LEPREAU - CHARLOTTE COUNTY,Chloromethane,2002-09-05T00:00,0.976,µg/m³,VOC,N/A
40501,PT LEPREAU - CHARLOTTE COUNTY,Chloromethane,2002-09-08T00:00,1.030,µg/m³,VOC,N/A
40501,PT LEPREAU - CHARLOTTE COUNTY,Chloromethane,2002-09-11T00:00,1.059,µg/m³,VOC,N/A
40501,PT LEPREAU - CHARLOTTE COUNTY,Chloromethane,2002-09-17T00:00,0.972,µg/m³,VOC,N/A
40501,PT LEPREAU - CHARLOTTE COUNTY,Chloromethane,2002-09-20T00:00,0.976,µg/m³,VOC,N/A
40501,PT LEPREAU - CHARLOTTE COUNTY,Chloromethane,2002-09-23T00:00,1.005,µg/m³,VOC,N/A
40501,PT LEPREAU - CHARLOTTE COUNTY,Chloromethane,2002-09-26T00:00,0.949,µg/m³,VOC,N/A
40501,PT LEPREAU - CHARLOTTE COUNTY,Chloromethane,2002-10-02T00:00,1.066,µg/m³,VOC,N/A
40501,PT LEPREAU - CHARLOTTE COUNTY,Chloromethane,2002-10-08T00:00,1.117,µg/m³,VOC,N/A
40501,PT LEPREAU - CHARLOTTE COUNTY,Chloromethane,2002-10-17T00:00,1.049,µg/m³,VOC,N/A
40501,PT LEPREAU - CHARLOTTE COUNTY,Chloromethane,2002-10-20T00:00,0.949,µg/m³,VOC,N/A
40501,PT LEPREAU - CHARLOTTE COUNTY,Chloromethane,2002-11-16T00:00,0.978,µg/m³,VOC,N/A
40501,PT LEPREAU - CHARLOTTE COUNTY,Chloromethane,2002-11-19T00:00,1.068,µg/m³,VOC,N/A
40501,PT LEPREAU - CHARLOTTE COUNTY,Chloromethane,2002-11-22T00:00,0.991,µg/m³,VOC,N/A
40501,PT LEPREAU - CHARLOTTE COUNTY,Chloromethane,2002-11-25T00:00,1.015,µg/m³,VOC,N/A
40501,PT LEPREAU - CHARLOTTE COUNTY,Chloromethane,2002-12-04T00:00,1.047,µg/m³,VOC,N/A
40501,PT LEPREAU - CHARLOTTE COUNTY,Chloromethane,2002-12-07T00:00,1.087,µg/m³,VOC,N/A
40501,PT LEPREAU - CHARLOTTE COUNTY,Chloromethane,2002-12-10T00:00,1.073,µg/m³,VOC,N/A
40501,PT LEPREAU - CHARLOTTE COUNTY,Chloromethane,2002-12-13T00:00,1.075,µg/m³,VOC,N/A
40501,PT LEPREAU - CHARLOTTE COUNTY,Chloromethane,2002-12-16T00:00,1.058,µg/m³,VOC,N/A
40501,PT LEPREAU - CHARLOTTE COUNTY,Chloromethane,2002-12-19T00:00,1.090,µg/m³,VOC,N/A
40501,PT LEPREAU - CHARLOTTE COUNTY,Chloromethane,2002-12-22T00:00,1.071,µg/m³,VOC,N/A
40501,PT LEPREAU - CHARLOTTE COUNTY,Chloromethane,2002-12-25T00:00,1.051,µg/m³,VOC,N/A
40501,PT LEPREAU - CHARLOTTE COUNTY,Chloromethane,2002-12-28T00:00,1.096,µg/m³,VOC,N/A
40501,PT LEPREAU - CHARLOTTE COUNTY,Chloromethane,2002-12-31T00:00,1.163,µg/m³,VOC,N/A
