﻿NAPS_Site_ID,Station_Name,Pollutant,Date,Value,Units,Report_Type,Method
100132,MAHON PARK,3-Methylpentane,1994-01-08T00:00,0.422,µg/m³,VOC,GC-MS
100132,MAHON PARK,3-Methylpentane,1994-02-19T00:00,1.175,µg/m³,VOC,GC-MS
100132,MAHON PARK,3-Methylpentane,1994-03-21T00:00,0.520,µg/m³,VOC,GC-MS
100132,MAHON PARK,3-Methylpentane,1994-04-26T00:00,2.135,µg/m³,VOC,GC-MS
100132,MAHON PARK,3-Methylpentane,1994-06-01T00:00,0.875,µg/m³,VOC,GC-MS
100132,MAHON PARK,3-Methylpentane,1994-07-13T00:00,1.948,µg/m³,VOC,GC-MS
100132,MAHON PARK,3-Methylpentane,1994-10-11T00:00,1.775,µg/m³,VOC,GC-MS
100132,MAHON PARK,3-Methylpentane,1994-11-16T00:00,1.334,µg/m³,VOC,GC-MS
100132,MAHON PARK,3-Methylpentane,1994-12-22T00:00,0.702,µg/m³,VOC,GC-MS
