﻿NAPS_Site_ID,Station_Name,Pollutant,Date,Value,Units,Report_Type,Method
60438,ROADSIDE - 401W-TORONTO,2-Methyl-2-butene,2020-01-04T00:00,0.026,µg/m³,VOC,GC-MS
60438,ROADSIDE - 401W-TORONTO,2-Methyl-2-butene,2020-01-10T00:00,0.039,µg/m³,VOC,GC-MS
60438,ROADSIDE - 401W-TORONTO,2-Methyl-2-butene,2020-01-16T00:00,0.024,µg/m³,VOC,GC-MS
60438,ROADSIDE - 401W-TORONTO,2-Methyl-2-butene,2020-01-22T00:00,0.014,µg/m³,VOC,GC-MS
60438,ROADSIDE - 401W-TORONTO,2-Methyl-2-butene,2020-01-28T00:00,0.038,µg/m³,VOC,GC-MS
60438,ROADSIDE - 401W-TORONTO,2-Methyl-2-butene,2020-02-03T00:00,0.051,µg/m³,VOC,GC-MS
60438,ROADSIDE - 401W-TORONTO,2-Methyl-2-butene,2020-02-09T00:00,0.032,µg/m³,VOC,GC-MS
60438,ROADSIDE - 401W-TORONTO,2-Methyl-2-butene,2020-02-15T00:00,0.009,µg/m³,VOC,GC-MS
60438,ROADSIDE - 401W-TORONTO,2-Methyl-2-butene,2020-02-21T00:00,0.010,µg/m³,VOC,GC-MS
