﻿NAPS_Site_ID,Station_Name,Pollutant,Date,Value,Units,Report_Type,Method
40203,FOREST HILLS,"2,2-Dimethylpentane",1996-01-04T00:00,0.014,µg/m³,VOC,N/A
40203,FOREST HILLS,"2,2-Dimethylpentane",1996-01-10T00:00,0.026,µg/m³,VOC,N/A
40203,FOREST HILLS,"2,2-Dimethylpentane",1996-01-16T00:00,0.032,µg/m³,VOC,N/A
40203,FOREST HILLS,"2,2-Dimethylpentane",1996-01-22T00:00,0.024,µg/m³,VOC,N/A
40203,FOREST HILLS,"2,2-Dimethylpentane",1996-01-28T00:00,0.010,µg/m³,VOC,N/A
40203,FOREST HILLS,"2,2-Dimethylpentane",1996-02-03T00:00,0.000,µg/m³,VOC,N/A
40203,FOREST HILLS,"2,2-Dimethylpentane",1996-02-09T00:00,0.031,µg/m³,VOC,N/A
40203,FOREST HILLS,"2,2-Dimethylpentane",1996-02-15T00:00,0.025,µg/m³,VOC,N/A
40203,FOREST HILLS,"2,2-Dimethylpentane",1996-02-21T00:00,0.000,µg/m³,VOC,N/A
40203,FOREST HILLS,"2,2-Dimethylpentane",1996-02-27T00:00,0.000,µg/m³,VOC,N/A
40203,FOREST HILLS,"2,2-Dimethylpentane",1996-03-04T00:00,0.012,µg/m³,VOC,N/A
40203,FOREST HILLS,"2,2-Dimethylpentane",1996-03-10T00:00,0.000,µg/m³,VOC,N/A
40203,FOREST HILLS,"2,2-Dimethylpentane",1996-03-16T00:00,0.000,µg/m³,VOC,N/A
40203,FOREST HILLS,"2,2-Dimethylpentane",1996-03-22T00:00,0.051,µg/m³,VOC,N/A
40203,FOREST HILLS,"2,2-Dimethylpentane",1996-03-28T00:00,0.009,µg/m³,VOC,N/A
40203,FOREST HILLS,"2,2-Dimethylpentane",1996-04-03T00:00,0.000,µg/m³,VOC,N/A
40203,FOREST HILLS,"2,2-Dimethylpentane",1996-04-09T00:00,0.009,µg/m³,VOC,N/A
40203,FOREST HILLS,"2,2-Dimethylpentane",1996-04-15T00:00,0.004,µg/m³,VOC,N/A
40203,FOREST HILLS,"2,2-Dimethylpentane",1996-04-21T00:00,0.045,µg/m³,VOC,N/A
40203,FOREST HILLS,"2,2-Dimethylpentane",1996-04-27T00:00,0.054,µg/m³,VOC,N/A
40203,FOREST HILLS,"2,2-Dimethylpentane",1996-05-03T00:00,0.072,µg/m³,VOC,N/A
40203,FOREST HILLS,"2,2-Dimethylpentane",1996-05-09T00:00,0.013,µg/m³,VOC,N/A
40203,FOREST HILLS,"2,2-Dimethylpentane",1996-05-15T00:00,0.047,µg/m³,VOC,N/A
40203,FOREST HILLS,"2,2-Dimethylpentane",1996-05-21T00:00,0.076,µg/m³,VOC,N/A
40203,FOREST HILLS,"2,2-Dimethylpentane",1996-05-27T00:00,0.054,µg/m³,VOC,N/A
40203,FOREST HILLS,"2,2-Dimethylpentane",1996-06-02T00:00,0.167,µg/m³,VOC,N/A
40203,FOREST HILLS,"2,2-Dimethylpentane",1996-06-08T00:00,0.069,µg/m³,VOC,N/A
40203,FOREST HILLS,"2,2-Dimethylpentane",1996-06-14T00:00,0.066,µg/m³,VOC,N/A
40203,FOREST HILLS,"2,2-Dimethylpentane",1996-06-20T00:00,0.035,µg/m³,VOC,N/A
40203,FOREST HILLS,"2,2-Dimethylpentane",1996-06-26T00:00,0.000,µg/m³,VOC,N/A
40203,FOREST HILLS,"2,2-Dimethylpentane",1996-07-02T00:00,0.050,µg/m³,VOC,N/A
40203,FOREST HILLS,"2,2-Dimethylpentane",1996-07-08T00:00,0.119,µg/m³,VOC,N/A
40203,FOREST HILLS,"2,2-Dimethylpentane",1996-07-14T00:00,0.053,µg/m³,VOC,N/A
40203,FOREST HILLS,"2,2-Dimethylpentane",1996-09-06T00:00,0.231,µg/m³,VOC,N/A
40203,FOREST HILLS,"2,2-Dimethylpentane",1996-09-12T00:00,0.026,µg/m³,VOC,N/A
40203,FOREST HILLS,"2,2-Dimethylpentane",1996-09-18T00:00,0.025,µg/m³,VOC,N/A
40203,FOREST HILLS,"2,2-Dimethylpentane",1996-09-24T00:00,0.035,µg/m³,VOC,N/A
40203,FOREST HILLS,"2,2-Dimethylpentane",1996-10-06T00:00,0.019,µg/m³,VOC,N/A
40203,FOREST HILLS,"2,2-Dimethylpentane",1996-10-18T00:00,0.042,µg/m³,VOC,N/A
40203,FOREST HILLS,"2,2-Dimethylpentane",1996-11-23T00:00,0.000,µg/m³,VOC,N/A
40203,FOREST HILLS,"2,2-Dimethylpentane",1996-11-29T00:00,0.063,µg/m³,VOC,N/A
40203,FOREST HILLS,"2,2-Dimethylpentane",1996-12-05T00:00,0.000,µg/m³,VOC,N/A
40203,FOREST HILLS,"2,2-Dimethylpentane",1996-12-11T00:00,0.100,µg/m³,VOC,N/A
40203,FOREST HILLS,"2,2-Dimethylpentane",1996-12-17T00:00,0.080,µg/m³,VOC,N/A
