﻿NAPS_Site_ID,Station_Name,Pollutant,Date,Value,Units,Report_Type,Method
50902,SAGUENAY-PARC POWELL,Chrysene & Triphenylene,1989-04-04T00:00,0.752,µg/m³,PAH,N/A
50902,SAGUENAY-PARC POWELL,Chrysene & Triphenylene,1989-04-16T00:00,0.358,µg/m³,PAH,N/A
50902,SAGUENAY-PARC POWELL,Chrysene & Triphenylene,1989-04-28T00:00,0.002,µg/m³,PAH,N/A
50902,SAGUENAY-PARC POWELL,Chrysene & Triphenylene,1989-05-10T00:00,0.023,µg/m³,PAH,N/A
50902,SAGUENAY-PARC POWELL,Chrysene & Triphenylene,1989-05-22T00:00,0.120,µg/m³,PAH,N/A
50902,SAGUENAY-PARC POWELL,Chrysene & Triphenylene,1989-06-03T00:00,0.071,µg/m³,PAH,N/A
50902,SAGUENAY-PARC POWELL,Chrysene & Triphenylene,1989-06-27T00:00,0.020,µg/m³,PAH,N/A
50902,SAGUENAY-PARC POWELL,Chrysene & Triphenylene,1989-07-21T00:00,0.001,µg/m³,PAH,N/A
50902,SAGUENAY-PARC POWELL,Chrysene & Triphenylene,1989-08-02T00:00,0.015,µg/m³,PAH,N/A
50902,SAGUENAY-PARC POWELL,Chrysene & Triphenylene,1989-08-14T00:00,0.153,µg/m³,PAH,N/A
50902,SAGUENAY-PARC POWELL,Chrysene & Triphenylene,1989-09-07T00:00,0.057,µg/m³,PAH,N/A
50902,SAGUENAY-PARC POWELL,Chrysene & Triphenylene,1989-09-20T00:00,0.030,µg/m³,PAH,N/A
50902,SAGUENAY-PARC POWELL,Chrysene & Triphenylene,1989-10-01T00:00,0.292,µg/m³,PAH,N/A
50902,SAGUENAY-PARC POWELL,Chrysene & Triphenylene,1989-10-13T00:00,0.126,µg/m³,PAH,N/A
50902,SAGUENAY-PARC POWELL,Chrysene & Triphenylene,1989-10-25T00:00,0.036,µg/m³,PAH,N/A
50902,SAGUENAY-PARC POWELL,Chrysene & Triphenylene,1989-11-06T00:00,0.389,µg/m³,PAH,N/A
50902,SAGUENAY-PARC POWELL,Chrysene & Triphenylene,1989-11-18T00:00,0.026,µg/m³,PAH,N/A
50902,SAGUENAY-PARC POWELL,Chrysene & Triphenylene,1989-11-30T00:00,0.146,µg/m³,PAH,N/A
50902,SAGUENAY-PARC POWELL,Chrysene & Triphenylene,1989-12-06T00:00,0.235,µg/m³,PAH,N/A
50902,SAGUENAY-PARC POWELL,Chrysene & Triphenylene,1989-12-12T00:00,0.018,µg/m³,PAH,N/A
