﻿NAPS_Site_ID,Station_Name,Pollutant,Date,Value,Units,Report_Type,Method
60211,WINDSOR WEST,Octane,1993-01-01T00:00,0.075,µg/m³,VOC,N/A
60211,WINDSOR WEST,Octane,1993-01-07T00:00,0.246,µg/m³,VOC,N/A
60211,WINDSOR WEST,Octane,1993-01-13T00:00,0.200,µg/m³,VOC,N/A
60211,WINDSOR WEST,Octane,1993-01-19T00:00,0.633,µg/m³,VOC,N/A
60211,WINDSOR WEST,Octane,1993-01-25T00:00,0.184,µg/m³,VOC,N/A
60211,WINDSOR WEST,Octane,1993-01-31T00:00,0.191,µg/m³,VOC,N/A
60211,WINDSOR WEST,Octane,1993-02-06T00:00,0.294,µg/m³,VOC,N/A
60211,WINDSOR WEST,Octane,1993-02-12T00:00,0.196,µg/m³,VOC,N/A
60211,WINDSOR WEST,Octane,1993-02-18T00:00,0.158,µg/m³,VOC,N/A
60211,WINDSOR WEST,Octane,1993-02-24T00:00,0.272,µg/m³,VOC,N/A
60211,WINDSOR WEST,Octane,1993-03-02T00:00,0.397,µg/m³,VOC,N/A
60211,WINDSOR WEST,Octane,1993-03-26T00:00,0.415,µg/m³,VOC,N/A
60211,WINDSOR WEST,Octane,1993-04-01T00:00,0.216,µg/m³,VOC,N/A
60211,WINDSOR WEST,Octane,1993-04-07T00:00,0.797,µg/m³,VOC,N/A
60211,WINDSOR WEST,Octane,1993-04-13T00:00,0.239,µg/m³,VOC,N/A
60211,WINDSOR WEST,Octane,1993-04-19T00:00,0.145,µg/m³,VOC,N/A
60211,WINDSOR WEST,Octane,1993-05-01T00:00,0.244,µg/m³,VOC,N/A
60211,WINDSOR WEST,Octane,1993-05-07T00:00,0.788,µg/m³,VOC,N/A
60211,WINDSOR WEST,Octane,1993-05-13T00:00,0.160,µg/m³,VOC,N/A
60211,WINDSOR WEST,Octane,1993-05-19T00:00,0.153,µg/m³,VOC,N/A
60211,WINDSOR WEST,Octane,1993-05-25T00:00,0.248,µg/m³,VOC,N/A
60211,WINDSOR WEST,Octane,1993-05-31T00:00,0.097,µg/m³,VOC,N/A
60211,WINDSOR WEST,Octane,1993-06-06T00:00,0.233,µg/m³,VOC,N/A
60211,WINDSOR WEST,Octane,1993-06-12T00:00,0.360,µg/m³,VOC,N/A
60211,WINDSOR WEST,Octane,1993-06-18T00:00,0.288,µg/m³,VOC,N/A
60211,WINDSOR WEST,Octane,1993-06-30T00:00,0.444,µg/m³,VOC,N/A
60211,WINDSOR WEST,Octane,1993-07-12T00:00,0.251,µg/m³,VOC,N/A
60211,WINDSOR WEST,Octane,1993-07-18T00:00,0.118,µg/m³,VOC,N/A
60211,WINDSOR WEST,Octane,1993-07-30T00:00,0.289,µg/m³,VOC,N/A
60211,WINDSOR WEST,Octane,1993-08-05T00:00,0.273,µg/m³,VOC,N/A
60211,WINDSOR WEST,Octane,1993-08-11T00:00,0.387,µg/m³,VOC,N/A
60211,WINDSOR WEST,Octane,1993-08-17T00:00,0.359,µg/m³,VOC,N/A
60211,WINDSOR WEST,Octane,1993-08-23T00:00,0.270,µg/m³,VOC,N/A
60211,WINDSOR WEST,Octane,1993-08-29T00:00,0.227,µg/m³,VOC,N/A
60211,WINDSOR WEST,Octane,1993-09-04T00:00,0.331,µg/m³,VOC,N/A
60211,WINDSOR WEST,Octane,1993-09-16T00:00,0.162,µg/m³,VOC,N/A
60211,WINDSOR WEST,Octane,1993-09-22T00:00,0.394,µg/m³,VOC,N/A
60211,WINDSOR WEST,Octane,1993-09-28T00:00,0.200,µg/m³,VOC,N/A
60211,WINDSOR WEST,Octane,1993-10-04T00:00,0.223,µg/m³,VOC,N/A
60211,WINDSOR WEST,Octane,1993-10-16T00:00,0.113,µg/m³,VOC,N/A
60211,WINDSOR WEST,Octane,1993-10-22T00:00,0.320,µg/m³,VOC,N/A
60211,WINDSOR WEST,Octane,1993-10-28T00:00,0.086,µg/m³,VOC,N/A
60211,WINDSOR WEST,Octane,1993-11-03T00:00,0.129,µg/m³,VOC,N/A
60211,WINDSOR WEST,Octane,1993-11-09T00:00,0.632,µg/m³,VOC,N/A
60211,WINDSOR WEST,Octane,1993-11-15T00:00,0.210,µg/m³,VOC,N/A
60211,WINDSOR WEST,Octane,1993-11-21T00:00,0.179,µg/m³,VOC,N/A
60211,WINDSOR WEST,Octane,1993-11-27T00:00,0.402,µg/m³,VOC,N/A
60211,WINDSOR WEST,Octane,1993-12-03T00:00,0.310,µg/m³,VOC,N/A
60211,WINDSOR WEST,Octane,1993-12-09T00:00,0.182,µg/m³,VOC,N/A
60211,WINDSOR WEST,Octane,1993-12-15T00:00,0.176,µg/m³,VOC,N/A
60211,WINDSOR WEST,Octane,1993-12-21T00:00,0.235,µg/m³,VOC,N/A
60211,WINDSOR WEST,Octane,1993-12-27T00:00,0.301,µg/m³,VOC,N/A
