﻿NAPS_Site_ID,Station_Name,Pollutant,Date,Value,Units,Report_Type,Method
61901,WALPOLE ISLAND,Butane,1992-01-01T00:00,5.456,µg/m³,VOC,GC-MS
61901,WALPOLE ISLAND,Butane,1992-01-19T00:00,3.482,µg/m³,VOC,GC-MS
61901,WALPOLE ISLAND,Butane,1992-01-25T00:00,2.468,µg/m³,VOC,GC-MS
61901,WALPOLE ISLAND,Butane,1992-01-31T00:00,2.614,µg/m³,VOC,GC-MS
61901,WALPOLE ISLAND,Butane,1992-02-12T00:00,2.420,µg/m³,VOC,GC-MS
61901,WALPOLE ISLAND,Butane,1992-02-18T00:00,4.483,µg/m³,VOC,GC-MS
61901,WALPOLE ISLAND,Butane,1992-02-24T00:00,2.181,µg/m³,VOC,GC-MS
61901,WALPOLE ISLAND,Butane,1992-03-01T00:00,2.196,µg/m³,VOC,GC-MS
61901,WALPOLE ISLAND,Butane,1992-03-07T00:00,4.697,µg/m³,VOC,GC-MS
61901,WALPOLE ISLAND,Butane,1992-03-13T00:00,1.029,µg/m³,VOC,GC-MS
61901,WALPOLE ISLAND,Butane,1992-03-19T00:00,1.991,µg/m³,VOC,GC-MS
61901,WALPOLE ISLAND,Butane,1992-03-25T00:00,4.646,µg/m³,VOC,GC-MS
61901,WALPOLE ISLAND,Butane,1992-03-31T00:00,2.516,µg/m³,VOC,GC-MS
61901,WALPOLE ISLAND,Butane,1992-04-06T00:00,3.781,µg/m³,VOC,GC-MS
61901,WALPOLE ISLAND,Butane,1992-04-12T00:00,0.563,µg/m³,VOC,GC-MS
61901,WALPOLE ISLAND,Butane,1992-04-18T00:00,1.738,µg/m³,VOC,GC-MS
61901,WALPOLE ISLAND,Butane,1992-04-24T00:00,1.756,µg/m³,VOC,GC-MS
61901,WALPOLE ISLAND,Butane,1992-04-30T00:00,1.727,µg/m³,VOC,GC-MS
61901,WALPOLE ISLAND,Butane,1992-05-06T00:00,1.305,µg/m³,VOC,GC-MS
61901,WALPOLE ISLAND,Butane,1992-05-12T00:00,3.364,µg/m³,VOC,GC-MS
61901,WALPOLE ISLAND,Butane,1992-05-18T00:00,0.691,µg/m³,VOC,GC-MS
61901,WALPOLE ISLAND,Butane,1992-05-24T00:00,1.570,µg/m³,VOC,GC-MS
61901,WALPOLE ISLAND,Butane,1992-05-30T00:00,0.620,µg/m³,VOC,GC-MS
61901,WALPOLE ISLAND,Butane,1992-06-05T00:00,1.128,µg/m³,VOC,GC-MS
61901,WALPOLE ISLAND,Butane,1992-06-11T00:00,2.733,µg/m³,VOC,GC-MS
61901,WALPOLE ISLAND,Butane,1992-06-17T00:00,1.570,µg/m³,VOC,GC-MS
61901,WALPOLE ISLAND,Butane,1992-07-17T00:00,1.714,µg/m³,VOC,GC-MS
61901,WALPOLE ISLAND,Butane,1992-07-23T00:00,0.897,µg/m³,VOC,GC-MS
61901,WALPOLE ISLAND,Butane,1992-08-10T00:00,3.841,µg/m³,VOC,GC-MS
61901,WALPOLE ISLAND,Butane,1992-08-16T00:00,1.780,µg/m³,VOC,GC-MS
61901,WALPOLE ISLAND,Butane,1992-09-02T00:00,1.065,µg/m³,VOC,GC-MS
61901,WALPOLE ISLAND,Butane,1992-09-09T00:00,3.056,µg/m³,VOC,GC-MS
61901,WALPOLE ISLAND,Butane,1992-09-15T00:00,1.980,µg/m³,VOC,GC-MS
61901,WALPOLE ISLAND,Butane,1992-09-21T00:00,1.934,µg/m³,VOC,GC-MS
61901,WALPOLE ISLAND,Butane,1992-10-03T00:00,3.043,µg/m³,VOC,GC-MS
61901,WALPOLE ISLAND,Butane,1992-10-09T00:00,1.390,µg/m³,VOC,GC-MS
61901,WALPOLE ISLAND,Butane,1992-10-15T00:00,4.086,µg/m³,VOC,GC-MS
61901,WALPOLE ISLAND,Butane,1992-10-21T00:00,2.518,µg/m³,VOC,GC-MS
61901,WALPOLE ISLAND,Butane,1992-10-27T00:00,2.321,µg/m³,VOC,GC-MS
61901,WALPOLE ISLAND,Butane,1992-11-02T00:00,2.366,µg/m³,VOC,GC-MS
61901,WALPOLE ISLAND,Butane,1992-11-08T00:00,5.049,µg/m³,VOC,GC-MS
61901,WALPOLE ISLAND,Butane,1992-11-14T00:00,1.907,µg/m³,VOC,GC-MS
61901,WALPOLE ISLAND,Butane,1992-11-20T00:00,2.968,µg/m³,VOC,GC-MS
61901,WALPOLE ISLAND,Butane,1992-11-26T00:00,3.924,µg/m³,VOC,GC-MS
61901,WALPOLE ISLAND,Butane,1992-12-02T00:00,3.210,µg/m³,VOC,GC-MS
61901,WALPOLE ISLAND,Butane,1992-12-08T00:00,1.421,µg/m³,VOC,GC-MS
61901,WALPOLE ISLAND,Butane,1992-12-14T00:00,2.617,µg/m³,VOC,GC-MS
