﻿NAPS_Site_ID,Station_Name,Pollutant,Date,Value,Units,Report_Type,Method
100121,SECOND NARROWS,"1,1-Dichloroethane",1994-03-09T00:00,0.000,µg/m³,VOC,
100121,SECOND NARROWS,"1,1-Dichloroethane",1994-03-09T00:00,0.000,µg/m³,VOC,
100121,SECOND NARROWS,"1,1-Dichloroethane",1994-03-09T00:00,0.000,µg/m³,VOC,
100121,SECOND NARROWS,"1,1-Dichloroethane",1994-03-09T00:00,0.000,µg/m³,VOC,
100121,SECOND NARROWS,"1,1-Dichloroethane",1994-03-09T00:00,0.000,µg/m³,VOC,
100121,SECOND NARROWS,"1,1-Dichloroethane",1994-03-09T00:00,0.000,µg/m³,VOC,
100121,SECOND NARROWS,"1,1-Dichloroethane",1994-03-09T00:00,0.000,µg/m³,VOC,
100121,SECOND NARROWS,"1,1-Dichloroethane",1994-03-09T00:00,0.000,µg/m³,VOC,
