﻿NAPS_Site_ID,Station_Name,Pollutant,Date,Value,Units,Report_Type,Method
60101,HYDRO BLDG.,Hexane,1998-01-05T00:00,0.760,µg/m³,VOC,N/A
60101,HYDRO BLDG.,Hexane,1998-01-11T00:00,0.560,µg/m³,VOC,N/A
60101,HYDRO BLDG.,Hexane,1998-01-17T00:00,0.540,µg/m³,VOC,N/A
60101,HYDRO BLDG.,Hexane,1998-01-23T00:00,0.580,µg/m³,VOC,N/A
60101,HYDRO BLDG.,Hexane,1998-01-29T00:00,1.780,µg/m³,VOC,N/A
60101,HYDRO BLDG.,Hexane,1998-02-04T00:00,1.160,µg/m³,VOC,N/A
60101,HYDRO BLDG.,Hexane,1998-02-10T00:00,2.120,µg/m³,VOC,N/A
60101,HYDRO BLDG.,Hexane,1998-02-16T00:00,1.240,µg/m³,VOC,N/A
60101,HYDRO BLDG.,Hexane,1998-02-22T00:00,0.820,µg/m³,VOC,N/A
60101,HYDRO BLDG.,Hexane,1998-02-28T00:00,0.820,µg/m³,VOC,N/A
60101,HYDRO BLDG.,Hexane,1998-03-06T00:00,1.480,µg/m³,VOC,N/A
60101,HYDRO BLDG.,Hexane,1998-03-12T00:00,1.040,µg/m³,VOC,N/A
60101,HYDRO BLDG.,Hexane,1998-03-18T00:00,1.200,µg/m³,VOC,N/A
60101,HYDRO BLDG.,Hexane,1998-03-24T00:00,0.960,µg/m³,VOC,N/A
60101,HYDRO BLDG.,Hexane,1998-03-30T00:00,2.720,µg/m³,VOC,N/A
60101,HYDRO BLDG.,Hexane,1998-04-05T00:00,0.260,µg/m³,VOC,N/A
60101,HYDRO BLDG.,Hexane,1998-04-11T00:00,0.540,µg/m³,VOC,N/A
60101,HYDRO BLDG.,Hexane,1998-04-17T00:00,1.340,µg/m³,VOC,N/A
60101,HYDRO BLDG.,Hexane,1998-04-23T00:00,1.440,µg/m³,VOC,N/A
60101,HYDRO BLDG.,Hexane,1998-04-29T00:00,1.440,µg/m³,VOC,N/A
60101,HYDRO BLDG.,Hexane,1998-05-17T00:00,0.460,µg/m³,VOC,N/A
60101,HYDRO BLDG.,Hexane,1998-05-23T00:00,0.279,µg/m³,VOC,N/A
60101,HYDRO BLDG.,Hexane,1998-06-04T00:00,0.983,µg/m³,VOC,N/A
60101,HYDRO BLDG.,Hexane,1998-06-10T00:00,1.447,µg/m³,VOC,N/A
60101,HYDRO BLDG.,Hexane,1998-06-16T00:00,1.262,µg/m³,VOC,N/A
60101,HYDRO BLDG.,Hexane,1998-06-28T00:00,0.803,µg/m³,VOC,N/A
60101,HYDRO BLDG.,Hexane,1998-07-10T00:00,1.402,µg/m³,VOC,N/A
60101,HYDRO BLDG.,Hexane,1998-07-16T00:00,2.718,µg/m³,VOC,N/A
60101,HYDRO BLDG.,Hexane,1998-07-22T00:00,1.112,µg/m³,VOC,N/A
60101,HYDRO BLDG.,Hexane,1998-07-28T00:00,1.265,µg/m³,VOC,N/A
60101,HYDRO BLDG.,Hexane,1998-08-03T00:00,0.754,µg/m³,VOC,N/A
60101,HYDRO BLDG.,Hexane,1998-08-09T00:00,1.247,µg/m³,VOC,N/A
60101,HYDRO BLDG.,Hexane,1998-08-15T00:00,1.267,µg/m³,VOC,N/A
60101,HYDRO BLDG.,Hexane,1998-08-21T00:00,1.761,µg/m³,VOC,N/A
60101,HYDRO BLDG.,Hexane,1998-08-27T00:00,1.658,µg/m³,VOC,N/A
60101,HYDRO BLDG.,Hexane,1998-09-02T00:00,1.900,µg/m³,VOC,N/A
60101,HYDRO BLDG.,Hexane,1998-09-08T00:00,0.580,µg/m³,VOC,N/A
60101,HYDRO BLDG.,Hexane,1998-09-14T00:00,1.740,µg/m³,VOC,N/A
60101,HYDRO BLDG.,Hexane,1998-09-20T00:00,0.534,µg/m³,VOC,N/A
60101,HYDRO BLDG.,Hexane,1998-09-26T00:00,2.282,µg/m³,VOC,N/A
60101,HYDRO BLDG.,Hexane,1998-10-02T00:00,1.022,µg/m³,VOC,N/A
60101,HYDRO BLDG.,Hexane,1998-10-08T00:00,0.914,µg/m³,VOC,N/A
60101,HYDRO BLDG.,Hexane,1998-10-14T00:00,1.689,µg/m³,VOC,N/A
60101,HYDRO BLDG.,Hexane,1998-10-20T00:00,0.855,µg/m³,VOC,N/A
60101,HYDRO BLDG.,Hexane,1998-10-26T00:00,0.887,µg/m³,VOC,N/A
60101,HYDRO BLDG.,Hexane,1998-11-01T00:00,0.524,µg/m³,VOC,N/A
60101,HYDRO BLDG.,Hexane,1998-11-07T00:00,0.572,µg/m³,VOC,N/A
60101,HYDRO BLDG.,Hexane,1998-11-13T00:00,0.872,µg/m³,VOC,N/A
60101,HYDRO BLDG.,Hexane,1998-11-19T00:00,0.850,µg/m³,VOC,N/A
60101,HYDRO BLDG.,Hexane,1998-11-25T00:00,0.905,µg/m³,VOC,N/A
60101,HYDRO BLDG.,Hexane,1998-12-01T00:00,1.049,µg/m³,VOC,N/A
60101,HYDRO BLDG.,Hexane,1998-12-07T00:00,1.202,µg/m³,VOC,N/A
60101,HYDRO BLDG.,Hexane,1998-12-13T00:00,0.888,µg/m³,VOC,N/A
60101,HYDRO BLDG.,Hexane,1998-12-19T00:00,0.802,µg/m³,VOC,N/A
60101,HYDRO BLDG.,Hexane,1998-12-25T00:00,0.744,µg/m³,VOC,N/A
60101,HYDRO BLDG.,Hexane,1998-12-31T00:00,0.670,µg/m³,VOC,N/A
