﻿NAPS_Site_ID,Station_Name,Pollutant,Date,Value,Units,Report_Type,Method
50121,BROSSARD-PARC OCÉANIE,2-Methyl-2-butene,2015-12-31T19:00,0.011,µg/m³,VOC,N/A
50121,BROSSARD-PARC OCÉANIE,2-Methyl-2-butene,2016-01-06T19:00,0.169,µg/m³,VOC,N/A
50121,BROSSARD-PARC OCÉANIE,2-Methyl-2-butene,2016-01-12T19:00,0.018,µg/m³,VOC,N/A
50121,BROSSARD-PARC OCÉANIE,2-Methyl-2-butene,2016-01-18T19:00,0.014,µg/m³,VOC,N/A
50121,BROSSARD-PARC OCÉANIE,2-Methyl-2-butene,2016-01-24T19:00,0.040,µg/m³,VOC,N/A
