﻿NAPS_Site_ID,Station_Name,Pollutant,Date,Value,Units,Report_Type,Method
62601,EXPERIMENTAL FARM _SIMCOE_,Valeraldehyde,2009-01-01T00:00,0.311,µg/m³,VOC,GC-MS
62601,EXPERIMENTAL FARM _SIMCOE_,Valeraldehyde,2009-01-07T00:00,0.386,µg/m³,VOC,GC-MS
62601,EXPERIMENTAL FARM _SIMCOE_,Valeraldehyde,2009-01-13T00:00,0.183,µg/m³,VOC,GC-MS
62601,EXPERIMENTAL FARM _SIMCOE_,Valeraldehyde,2009-01-19T00:00,0.305,µg/m³,VOC,GC-MS
62601,EXPERIMENTAL FARM _SIMCOE_,Valeraldehyde,2009-02-06T00:00,0.195,µg/m³,VOC,GC-MS
62601,EXPERIMENTAL FARM _SIMCOE_,Valeraldehyde,2009-02-12T00:00,0.246,µg/m³,VOC,GC-MS
62601,EXPERIMENTAL FARM _SIMCOE_,Valeraldehyde,2009-02-18T00:00,0.262,µg/m³,VOC,GC-MS
62601,EXPERIMENTAL FARM _SIMCOE_,Valeraldehyde,2009-02-24T00:00,0.195,µg/m³,VOC,GC-MS
62601,EXPERIMENTAL FARM _SIMCOE_,Valeraldehyde,2009-03-02T00:00,0.088,µg/m³,VOC,GC-MS
62601,EXPERIMENTAL FARM _SIMCOE_,Valeraldehyde,2009-03-08T00:00,0.238,µg/m³,VOC,GC-MS
62601,EXPERIMENTAL FARM _SIMCOE_,Valeraldehyde,2009-03-14T00:00,0.267,µg/m³,VOC,GC-MS
62601,EXPERIMENTAL FARM _SIMCOE_,Valeraldehyde,2009-03-20T00:00,0.218,µg/m³,VOC,GC-MS
62601,EXPERIMENTAL FARM _SIMCOE_,Valeraldehyde,2009-03-26T00:00,0.411,µg/m³,VOC,GC-MS
62601,EXPERIMENTAL FARM _SIMCOE_,Valeraldehyde,2009-04-01T00:00,0.455,µg/m³,VOC,GC-MS
62601,EXPERIMENTAL FARM _SIMCOE_,Valeraldehyde,2009-04-07T00:00,0.255,µg/m³,VOC,GC-MS
62601,EXPERIMENTAL FARM _SIMCOE_,Valeraldehyde,2009-04-13T00:00,0.318,µg/m³,VOC,GC-MS
62601,EXPERIMENTAL FARM _SIMCOE_,Valeraldehyde,2009-04-19T00:00,0.132,µg/m³,VOC,GC-MS
62601,EXPERIMENTAL FARM _SIMCOE_,Valeraldehyde,2009-04-25T00:00,0.188,µg/m³,VOC,GC-MS
62601,EXPERIMENTAL FARM _SIMCOE_,Valeraldehyde,2009-05-01T00:00,0.215,µg/m³,VOC,GC-MS
62601,EXPERIMENTAL FARM _SIMCOE_,Valeraldehyde,2009-05-07T00:00,0.236,µg/m³,VOC,GC-MS
62601,EXPERIMENTAL FARM _SIMCOE_,Valeraldehyde,2009-05-13T00:00,0.132,µg/m³,VOC,GC-MS
62601,EXPERIMENTAL FARM _SIMCOE_,Valeraldehyde,2009-05-19T00:00,0.170,µg/m³,VOC,GC-MS
62601,EXPERIMENTAL FARM _SIMCOE_,Valeraldehyde,2009-05-25T00:00,0.194,µg/m³,VOC,GC-MS
