﻿NAPS_Site_ID,Station_Name,Pollutant,Date,Value,Units,Report_Type,Method
40203,FOREST HILLS,trans-3-Heptene,2001-01-19T00:00,0.030,µg/m³,VOC,GC-MS
40203,FOREST HILLS,trans-3-Heptene,2001-03-14T00:00,0.000,µg/m³,VOC,GC-MS
40203,FOREST HILLS,trans-3-Heptene,2001-03-26T00:00,0.010,µg/m³,VOC,GC-MS
40203,FOREST HILLS,trans-3-Heptene,2001-04-07T00:00,0.000,µg/m³,VOC,GC-MS
40203,FOREST HILLS,trans-3-Heptene,2001-04-19T00:00,0.020,µg/m³,VOC,GC-MS
40203,FOREST HILLS,trans-3-Heptene,2001-05-01T00:00,0.020,µg/m³,VOC,GC-MS
40203,FOREST HILLS,trans-3-Heptene,2001-05-13T00:00,0.000,µg/m³,VOC,GC-MS
40203,FOREST HILLS,trans-3-Heptene,2001-05-25T00:00,0.050,µg/m³,VOC,GC-MS
40203,FOREST HILLS,trans-3-Heptene,2001-07-12T00:00,0.040,µg/m³,VOC,GC-MS
40203,FOREST HILLS,trans-3-Heptene,2001-07-18T00:00,0.040,µg/m³,VOC,GC-MS
40203,FOREST HILLS,trans-3-Heptene,2001-07-24T00:00,0.050,µg/m³,VOC,GC-MS
40203,FOREST HILLS,trans-3-Heptene,2001-07-30T00:00,0.080,µg/m³,VOC,GC-MS
40203,FOREST HILLS,trans-3-Heptene,2001-08-05T00:00,0.110,µg/m³,VOC,GC-MS
40203,FOREST HILLS,trans-3-Heptene,2001-12-15T00:00,0.020,µg/m³,VOC,GC-MS
