﻿NAPS_Site_ID,Station_Name,Pollutant,Date,Value,Units,Report_Type,Method
90121,EDMONTON EAST,A-Pinene,2008-01-07T00:00,0.094,µg/m³,VOC,
90121,EDMONTON EAST,A-Pinene,2008-01-13T00:00,0.203,µg/m³,VOC,
90121,EDMONTON EAST,A-Pinene,2008-01-19T00:00,0.016,µg/m³,VOC,
90121,EDMONTON EAST,A-Pinene,2008-01-25T00:00,0.160,µg/m³,VOC,
90121,EDMONTON EAST,A-Pinene,2008-01-31T00:00,0.014,µg/m³,VOC,
90121,EDMONTON EAST,A-Pinene,2008-02-06T00:00,0.127,µg/m³,VOC,
90121,EDMONTON EAST,A-Pinene,2008-02-12T00:00,0.061,µg/m³,VOC,
90121,EDMONTON EAST,A-Pinene,2008-02-18T00:00,0.712,µg/m³,VOC,
90121,EDMONTON EAST,A-Pinene,2008-02-24T00:00,0.079,µg/m³,VOC,
90121,EDMONTON EAST,A-Pinene,2008-03-13T00:00,0.071,µg/m³,VOC,
90121,EDMONTON EAST,A-Pinene,2008-03-19T00:00,0.410,µg/m³,VOC,
90121,EDMONTON EAST,A-Pinene,2008-03-31T00:00,0.058,µg/m³,VOC,
90121,EDMONTON EAST,A-Pinene,2008-04-06T00:00,0.007,µg/m³,VOC,
90121,EDMONTON EAST,A-Pinene,2008-04-12T00:00,0.194,µg/m³,VOC,
90121,EDMONTON EAST,A-Pinene,2008-04-18T00:00,0.010,µg/m³,VOC,
90121,EDMONTON EAST,A-Pinene,2008-04-24T00:00,0.005,µg/m³,VOC,
90121,EDMONTON EAST,A-Pinene,2008-04-30T00:00,0.080,µg/m³,VOC,
90121,EDMONTON EAST,A-Pinene,2008-05-06T00:00,0.082,µg/m³,VOC,
90121,EDMONTON EAST,A-Pinene,2008-05-12T00:00,0.062,µg/m³,VOC,
90121,EDMONTON EAST,A-Pinene,2008-05-18T00:00,0.157,µg/m³,VOC,
90121,EDMONTON EAST,A-Pinene,2008-05-24T00:00,0.090,µg/m³,VOC,
90121,EDMONTON EAST,A-Pinene,2008-05-30T00:00,0.059,µg/m³,VOC,
90121,EDMONTON EAST,A-Pinene,2008-06-05T00:00,0.178,µg/m³,VOC,
90121,EDMONTON EAST,A-Pinene,2008-06-11T00:00,0.080,µg/m³,VOC,
90121,EDMONTON EAST,A-Pinene,2008-06-17T00:00,0.061,µg/m³,VOC,
90121,EDMONTON EAST,A-Pinene,2008-06-23T00:00,0.715,µg/m³,VOC,
90121,EDMONTON EAST,A-Pinene,2008-06-29T00:00,0.527,µg/m³,VOC,
90121,EDMONTON EAST,A-Pinene,2008-07-05T00:00,0.111,µg/m³,VOC,
90121,EDMONTON EAST,A-Pinene,2008-07-11T00:00,0.133,µg/m³,VOC,
90121,EDMONTON EAST,A-Pinene,2008-07-17T00:00,0.201,µg/m³,VOC,
90121,EDMONTON EAST,A-Pinene,2008-07-23T00:00,0.268,µg/m³,VOC,
90121,EDMONTON EAST,A-Pinene,2008-07-29T00:00,0.162,µg/m³,VOC,
90121,EDMONTON EAST,A-Pinene,2008-08-04T00:00,0.414,µg/m³,VOC,
90121,EDMONTON EAST,A-Pinene,2008-08-10T00:00,0.267,µg/m³,VOC,
90121,EDMONTON EAST,A-Pinene,2008-08-16T00:00,0.127,µg/m³,VOC,
90121,EDMONTON EAST,A-Pinene,2008-08-22T00:00,0.209,µg/m³,VOC,
90121,EDMONTON EAST,A-Pinene,2008-08-28T00:00,0.638,µg/m³,VOC,
90121,EDMONTON EAST,A-Pinene,2008-09-03T00:00,0.116,µg/m³,VOC,
90121,EDMONTON EAST,A-Pinene,2008-09-09T00:00,0.459,µg/m³,VOC,
90121,EDMONTON EAST,A-Pinene,2008-09-15T00:00,0.330,µg/m³,VOC,
90121,EDMONTON EAST,A-Pinene,2008-09-21T00:00,0.045,µg/m³,VOC,
90121,EDMONTON EAST,A-Pinene,2008-09-27T00:00,2.088,µg/m³,VOC,
90121,EDMONTON EAST,A-Pinene,2008-10-03T00:00,0.248,µg/m³,VOC,
90121,EDMONTON EAST,A-Pinene,2008-10-09T00:00,0.041,µg/m³,VOC,
90121,EDMONTON EAST,A-Pinene,2008-10-15T00:00,0.325,µg/m³,VOC,
90121,EDMONTON EAST,A-Pinene,2008-10-21T00:00,0.052,µg/m³,VOC,
90121,EDMONTON EAST,A-Pinene,2008-10-27T00:00,0.346,µg/m³,VOC,
90121,EDMONTON EAST,A-Pinene,2008-11-02T00:00,0.164,µg/m³,VOC,
90121,EDMONTON EAST,A-Pinene,2008-11-08T00:00,0.176,µg/m³,VOC,
90121,EDMONTON EAST,A-Pinene,2008-11-14T00:00,0.032,µg/m³,VOC,
90121,EDMONTON EAST,A-Pinene,2008-11-20T00:00,0.004,µg/m³,VOC,
90121,EDMONTON EAST,A-Pinene,2008-11-26T00:00,0.210,µg/m³,VOC,
90121,EDMONTON EAST,A-Pinene,2008-12-02T00:00,0.012,µg/m³,VOC,
90121,EDMONTON EAST,A-Pinene,2008-12-08T00:00,0.043,µg/m³,VOC,
90121,EDMONTON EAST,A-Pinene,2008-12-14T00:00,0.001,µg/m³,VOC,
90121,EDMONTON EAST,A-Pinene,2008-12-20T00:00,0.115,µg/m³,VOC,
90121,EDMONTON EAST,A-Pinene,2008-12-26T00:00,0.021,µg/m³,VOC,
