﻿NAPS_Site_ID,Station_Name,Pollutant,Date,Value,Units,Report_Type,Method
100128,RICHMOND SOUTH,"2,2,3-Trimethylbutane",2002-01-14T00:00,0.030,µg/m³,VOC,N/A
100128,RICHMOND SOUTH,"2,2,3-Trimethylbutane",2002-02-01T00:00,0.020,µg/m³,VOC,N/A
100128,RICHMOND SOUTH,"2,2,3-Trimethylbutane",2002-02-19T00:00,0.010,µg/m³,VOC,N/A
100128,RICHMOND SOUTH,"2,2,3-Trimethylbutane",2002-03-15T00:00,0.020,µg/m³,VOC,N/A
100128,RICHMOND SOUTH,"2,2,3-Trimethylbutane",2002-04-02T00:00,0.030,µg/m³,VOC,N/A
100128,RICHMOND SOUTH,"2,2,3-Trimethylbutane",2002-04-20T00:00,0.012,µg/m³,VOC,N/A
100128,RICHMOND SOUTH,"2,2,3-Trimethylbutane",2002-05-08T00:00,0.013,µg/m³,VOC,N/A
100128,RICHMOND SOUTH,"2,2,3-Trimethylbutane",2002-05-26T00:00,0.016,µg/m³,VOC,N/A
100128,RICHMOND SOUTH,"2,2,3-Trimethylbutane",2002-06-13T00:00,0.021,µg/m³,VOC,N/A
100128,RICHMOND SOUTH,"2,2,3-Trimethylbutane",2002-07-01T00:00,0.008,µg/m³,VOC,N/A
100128,RICHMOND SOUTH,"2,2,3-Trimethylbutane",2002-07-19T00:00,0.010,µg/m³,VOC,N/A
100128,RICHMOND SOUTH,"2,2,3-Trimethylbutane",2002-08-06T00:00,0.010,µg/m³,VOC,N/A
100128,RICHMOND SOUTH,"2,2,3-Trimethylbutane",2002-08-26T00:00,0.011,µg/m³,VOC,N/A
100128,RICHMOND SOUTH,"2,2,3-Trimethylbutane",2002-09-14T00:00,0.014,µg/m³,VOC,N/A
100128,RICHMOND SOUTH,"2,2,3-Trimethylbutane",2002-10-05T00:00,0.009,µg/m³,VOC,N/A
100128,RICHMOND SOUTH,"2,2,3-Trimethylbutane",2002-10-23T00:00,0.025,µg/m³,VOC,N/A
100128,RICHMOND SOUTH,"2,2,3-Trimethylbutane",2002-11-10T00:00,0.013,µg/m³,VOC,N/A
100128,RICHMOND SOUTH,"2,2,3-Trimethylbutane",2002-12-16T00:00,0.000,µg/m³,VOC,N/A
