﻿NAPS_Site_ID,Station_Name,Pollutant,Date,Value,Units,Report_Type,Method
61602,BRONTE RD. & WOBURN CRES. _OAKVILLE_,4-Ethyltoluene,2006-01-05T00:00,0.287,µg/m³,VOC,N/A
61602,BRONTE RD. & WOBURN CRES. _OAKVILLE_,4-Ethyltoluene,2006-01-11T00:00,0.138,µg/m³,VOC,N/A
61602,BRONTE RD. & WOBURN CRES. _OAKVILLE_,4-Ethyltoluene,2006-01-17T00:00,0.017,µg/m³,VOC,N/A
61602,BRONTE RD. & WOBURN CRES. _OAKVILLE_,4-Ethyltoluene,2006-01-23T00:00,0.317,µg/m³,VOC,N/A
61602,BRONTE RD. & WOBURN CRES. _OAKVILLE_,4-Ethyltoluene,2006-01-29T00:00,0.138,µg/m³,VOC,N/A
61602,BRONTE RD. & WOBURN CRES. _OAKVILLE_,4-Ethyltoluene,2006-02-04T00:00,0.188,µg/m³,VOC,N/A
61602,BRONTE RD. & WOBURN CRES. _OAKVILLE_,4-Ethyltoluene,2006-02-10T00:00,0.107,µg/m³,VOC,N/A
61602,BRONTE RD. & WOBURN CRES. _OAKVILLE_,4-Ethyltoluene,2006-02-22T00:00,0.493,µg/m³,VOC,N/A
61602,BRONTE RD. & WOBURN CRES. _OAKVILLE_,4-Ethyltoluene,2006-02-28T00:00,0.080,µg/m³,VOC,N/A
61602,BRONTE RD. & WOBURN CRES. _OAKVILLE_,4-Ethyltoluene,2006-03-06T00:00,0.074,µg/m³,VOC,N/A
61602,BRONTE RD. & WOBURN CRES. _OAKVILLE_,4-Ethyltoluene,2006-03-12T00:00,0.145,µg/m³,VOC,N/A
61602,BRONTE RD. & WOBURN CRES. _OAKVILLE_,4-Ethyltoluene,2006-03-18T00:00,0.015,µg/m³,VOC,N/A
61602,BRONTE RD. & WOBURN CRES. _OAKVILLE_,4-Ethyltoluene,2006-03-24T00:00,0.125,µg/m³,VOC,N/A
61602,BRONTE RD. & WOBURN CRES. _OAKVILLE_,4-Ethyltoluene,2006-03-30T00:00,0.322,µg/m³,VOC,N/A
61602,BRONTE RD. & WOBURN CRES. _OAKVILLE_,4-Ethyltoluene,2006-04-05T00:00,0.033,µg/m³,VOC,N/A
61602,BRONTE RD. & WOBURN CRES. _OAKVILLE_,4-Ethyltoluene,2006-04-11T00:00,0.288,µg/m³,VOC,N/A
61602,BRONTE RD. & WOBURN CRES. _OAKVILLE_,4-Ethyltoluene,2006-04-17T00:00,0.055,µg/m³,VOC,N/A
61602,BRONTE RD. & WOBURN CRES. _OAKVILLE_,4-Ethyltoluene,2006-06-22T00:00,0.135,µg/m³,VOC,N/A
61602,BRONTE RD. & WOBURN CRES. _OAKVILLE_,4-Ethyltoluene,2006-06-28T00:00,0.381,µg/m³,VOC,N/A
61602,BRONTE RD. & WOBURN CRES. _OAKVILLE_,4-Ethyltoluene,2006-07-04T00:00,0.076,µg/m³,VOC,N/A
61602,BRONTE RD. & WOBURN CRES. _OAKVILLE_,4-Ethyltoluene,2006-07-10T00:00,0.174,µg/m³,VOC,N/A
61602,BRONTE RD. & WOBURN CRES. _OAKVILLE_,4-Ethyltoluene,2006-07-16T00:00,0.168,µg/m³,VOC,N/A
61602,BRONTE RD. & WOBURN CRES. _OAKVILLE_,4-Ethyltoluene,2006-07-22T00:00,0.127,µg/m³,VOC,N/A
61602,BRONTE RD. & WOBURN CRES. _OAKVILLE_,4-Ethyltoluene,2006-07-28T00:00,0.273,µg/m³,VOC,N/A
61602,BRONTE RD. & WOBURN CRES. _OAKVILLE_,4-Ethyltoluene,2006-08-03T00:00,0.115,µg/m³,VOC,N/A
61602,BRONTE RD. & WOBURN CRES. _OAKVILLE_,4-Ethyltoluene,2006-08-09T00:00,0.160,µg/m³,VOC,N/A
61602,BRONTE RD. & WOBURN CRES. _OAKVILLE_,4-Ethyltoluene,2006-08-15T00:00,0.090,µg/m³,VOC,N/A
61602,BRONTE RD. & WOBURN CRES. _OAKVILLE_,4-Ethyltoluene,2006-08-21T00:00,0.175,µg/m³,VOC,N/A
61602,BRONTE RD. & WOBURN CRES. _OAKVILLE_,4-Ethyltoluene,2006-08-27T00:00,0.177,µg/m³,VOC,N/A
61602,BRONTE RD. & WOBURN CRES. _OAKVILLE_,4-Ethyltoluene,2006-09-02T00:00,0.026,µg/m³,VOC,N/A
61602,BRONTE RD. & WOBURN CRES. _OAKVILLE_,4-Ethyltoluene,2006-09-08T00:00,0.285,µg/m³,VOC,N/A
61602,BRONTE RD. & WOBURN CRES. _OAKVILLE_,4-Ethyltoluene,2006-09-14T00:00,0.123,µg/m³,VOC,N/A
61602,BRONTE RD. & WOBURN CRES. _OAKVILLE_,4-Ethyltoluene,2006-09-20T00:00,0.144,µg/m³,VOC,N/A
61602,BRONTE RD. & WOBURN CRES. _OAKVILLE_,4-Ethyltoluene,2006-09-26T00:00,0.330,µg/m³,VOC,N/A
61602,BRONTE RD. & WOBURN CRES. _OAKVILLE_,4-Ethyltoluene,2006-10-02T00:00,0.293,µg/m³,VOC,N/A
61602,BRONTE RD. & WOBURN CRES. _OAKVILLE_,4-Ethyltoluene,2006-10-08T00:00,0.221,µg/m³,VOC,N/A
61602,BRONTE RD. & WOBURN CRES. _OAKVILLE_,4-Ethyltoluene,2006-10-14T00:00,0.049,µg/m³,VOC,N/A
