﻿NAPS_Site_ID,Station_Name,Pollutant,Date,Value,Units,Report_Type,Method
40901,ST. ANDREWS - HUNTSMAN MARINE SCIENCES CTR.,Pyrene,1998-04-28T00:00,0.000,µg/m³,PAH,GC-MS
40901,ST. ANDREWS - HUNTSMAN MARINE SCIENCES CTR.,Pyrene,1998-07-16T00:00,0.000,µg/m³,PAH,GC-MS
40901,ST. ANDREWS - HUNTSMAN MARINE SCIENCES CTR.,Pyrene,1998-08-09T00:00,0.000,µg/m³,PAH,GC-MS
40901,ST. ANDREWS - HUNTSMAN MARINE SCIENCES CTR.,Pyrene,1998-08-21T00:00,0.000,µg/m³,PAH,GC-MS
40901,ST. ANDREWS - HUNTSMAN MARINE SCIENCES CTR.,Pyrene,1998-09-02T00:00,0.000,µg/m³,PAH,GC-MS
40901,ST. ANDREWS - HUNTSMAN MARINE SCIENCES CTR.,Pyrene,1998-09-14T00:00,0.000,µg/m³,PAH,GC-MS
40901,ST. ANDREWS - HUNTSMAN MARINE SCIENCES CTR.,Pyrene,1998-10-08T00:00,0.001,µg/m³,PAH,GC-MS
40901,ST. ANDREWS - HUNTSMAN MARINE SCIENCES CTR.,Pyrene,1998-10-20T00:00,0.000,µg/m³,PAH,GC-MS
40901,ST. ANDREWS - HUNTSMAN MARINE SCIENCES CTR.,Pyrene,1998-11-25T00:00,0.000,µg/m³,PAH,GC-MS
40901,ST. ANDREWS - HUNTSMAN MARINE SCIENCES CTR.,Pyrene,1998-12-07T00:00,0.000,µg/m³,PAH,GC-MS
40901,ST. ANDREWS - HUNTSMAN MARINE SCIENCES CTR.,Pyrene,1998-12-19T00:00,0.000,µg/m³,PAH,GC-MS
