﻿NAPS_Site_ID,Station_Name,Pollutant,Date,Value,Units,Report_Type,Method
80111,REGINA,Heptane,2015-01-17T19:00,0.265,µg/m³,VOC,N/A
80111,REGINA,Heptane,2015-01-23T19:00,0.171,µg/m³,VOC,N/A
80111,REGINA,Heptane,2015-02-11T19:00,0.477,µg/m³,VOC,N/A
80111,REGINA,Heptane,2015-02-17T19:00,0.448,µg/m³,VOC,N/A
80111,REGINA,Heptane,2015-02-22T19:00,0.107,µg/m³,VOC,N/A
80111,REGINA,Heptane,2015-02-28T19:00,0.185,µg/m³,VOC,N/A
80111,REGINA,Heptane,2015-03-12T20:00,0.382,µg/m³,VOC,N/A
80111,REGINA,Heptane,2015-03-18T20:00,0.067,µg/m³,VOC,N/A
80111,REGINA,Heptane,2015-03-24T20:00,0.107,µg/m³,VOC,N/A
80111,REGINA,Heptane,2015-03-30T20:00,0.197,µg/m³,VOC,N/A
80111,REGINA,Heptane,2015-04-05T20:00,0.073,µg/m³,VOC,N/A
80111,REGINA,Heptane,2015-04-11T20:00,0.060,µg/m³,VOC,N/A
80111,REGINA,Heptane,2015-04-17T20:00,0.099,µg/m³,VOC,N/A
80111,REGINA,Heptane,2015-04-23T20:00,0.100,µg/m³,VOC,N/A
80111,REGINA,Heptane,2015-04-29T20:00,0.100,µg/m³,VOC,N/A
80111,REGINA,Heptane,2015-05-05T20:00,0.314,µg/m³,VOC,N/A
80111,REGINA,Heptane,2015-05-17T20:00,0.146,µg/m³,VOC,N/A
80111,REGINA,Heptane,2015-05-23T20:00,0.368,µg/m³,VOC,N/A
80111,REGINA,Heptane,2015-06-04T20:00,0.198,µg/m³,VOC,N/A
80111,REGINA,Heptane,2015-06-10T20:00,0.107,µg/m³,VOC,N/A
80111,REGINA,Heptane,2015-06-16T20:00,0.102,µg/m³,VOC,N/A
80111,REGINA,Heptane,2015-06-22T20:00,0.174,µg/m³,VOC,N/A
80111,REGINA,Heptane,2015-06-29T20:00,0.655,µg/m³,VOC,N/A
80111,REGINA,Heptane,2015-07-04T20:00,0.231,µg/m³,VOC,N/A
80111,REGINA,Heptane,2015-07-10T20:00,0.093,µg/m³,VOC,N/A
80111,REGINA,Heptane,2015-07-15T20:00,0.129,µg/m³,VOC,N/A
80111,REGINA,Heptane,2015-07-22T20:00,0.326,µg/m³,VOC,N/A
80111,REGINA,Heptane,2015-07-28T20:00,0.096,µg/m³,VOC,N/A
80111,REGINA,Heptane,2015-08-09T20:00,0.164,µg/m³,VOC,N/A
80111,REGINA,Heptane,2015-08-21T20:00,0.549,µg/m³,VOC,N/A
80111,REGINA,Heptane,2015-08-27T20:00,10.777,µg/m³,VOC,N/A
80111,REGINA,Heptane,2015-09-02T20:00,12.593,µg/m³,VOC,N/A
80111,REGINA,Heptane,2015-09-08T20:00,155.044,µg/m³,VOC,N/A
80111,REGINA,Heptane,2015-09-14T20:00,3.019,µg/m³,VOC,N/A
80111,REGINA,Heptane,2015-09-21T20:00,9.295,µg/m³,VOC,N/A
80111,REGINA,Heptane,2015-09-26T20:00,0.530,µg/m³,VOC,N/A
80111,REGINA,Heptane,2015-10-02T20:00,0.158,µg/m³,VOC,N/A
80111,REGINA,Heptane,2015-10-08T20:00,0.317,µg/m³,VOC,N/A
80111,REGINA,Heptane,2015-10-22T20:00,0.145,µg/m³,VOC,N/A
80111,REGINA,Heptane,2015-10-26T20:00,0.113,µg/m³,VOC,N/A
80111,REGINA,Heptane,2015-11-01T19:00,0.178,µg/m³,VOC,N/A
80111,REGINA,Heptane,2015-11-07T19:00,0.172,µg/m³,VOC,N/A
80111,REGINA,Heptane,2015-11-13T19:00,0.229,µg/m³,VOC,N/A
80111,REGINA,Heptane,2015-11-25T19:00,0.195,µg/m³,VOC,N/A
80111,REGINA,Heptane,2015-12-02T19:00,0.174,µg/m³,VOC,N/A
80111,REGINA,Heptane,2015-12-13T19:00,0.586,µg/m³,VOC,N/A
80111,REGINA,Heptane,2015-12-19T19:00,0.317,µg/m³,VOC,N/A
80111,REGINA,Heptane,2015-12-25T19:00,0.481,µg/m³,VOC,N/A
