﻿NAPS_Site_ID,Station_Name,Pollutant,Date,Value,Units,Report_Type,Method
60435,ETOBICOKE SOUTH-2,Chloroform,2013-01-04T00:00,0.085,µg/m³,VOC,GC-MS
60435,ETOBICOKE SOUTH-2,Chloroform,2013-01-10T00:00,0.102,µg/m³,VOC,GC-MS
60435,ETOBICOKE SOUTH-2,Chloroform,2013-01-16T00:00,0.111,µg/m³,VOC,GC-MS
60435,ETOBICOKE SOUTH-2,Chloroform,2013-01-22T00:00,0.109,µg/m³,VOC,GC-MS
60435,ETOBICOKE SOUTH-2,Chloroform,2013-01-28T00:00,0.100,µg/m³,VOC,GC-MS
60435,ETOBICOKE SOUTH-2,Chloroform,2013-02-09T00:00,0.082,µg/m³,VOC,GC-MS
60435,ETOBICOKE SOUTH-2,Chloroform,2013-02-15T00:00,0.079,µg/m³,VOC,GC-MS
60435,ETOBICOKE SOUTH-2,Chloroform,2013-02-21T00:00,0.100,µg/m³,VOC,GC-MS
60435,ETOBICOKE SOUTH-2,Chloroform,2013-02-27T00:00,0.106,µg/m³,VOC,GC-MS
60435,ETOBICOKE SOUTH-2,Chloroform,2013-03-05T00:00,0.091,µg/m³,VOC,GC-MS
60435,ETOBICOKE SOUTH-2,Chloroform,2013-03-11T00:00,0.087,µg/m³,VOC,GC-MS
60435,ETOBICOKE SOUTH-2,Chloroform,2013-03-17T00:00,0.081,µg/m³,VOC,GC-MS
60435,ETOBICOKE SOUTH-2,Chloroform,2013-03-23T00:00,0.097,µg/m³,VOC,GC-MS
60435,ETOBICOKE SOUTH-2,Chloroform,2013-03-29T00:00,0.120,µg/m³,VOC,GC-MS
60435,ETOBICOKE SOUTH-2,Chloroform,2013-04-04T00:00,0.093,µg/m³,VOC,GC-MS
60435,ETOBICOKE SOUTH-2,Chloroform,2013-04-10T00:00,0.093,µg/m³,VOC,GC-MS
60435,ETOBICOKE SOUTH-2,Chloroform,2013-04-16T00:00,0.142,µg/m³,VOC,GC-MS
60435,ETOBICOKE SOUTH-2,Chloroform,2013-04-22T00:00,0.084,µg/m³,VOC,GC-MS
60435,ETOBICOKE SOUTH-2,Chloroform,2013-04-28T00:00,0.092,µg/m³,VOC,GC-MS
60435,ETOBICOKE SOUTH-2,Chloroform,2013-05-04T00:00,0.092,µg/m³,VOC,GC-MS
60435,ETOBICOKE SOUTH-2,Chloroform,2013-05-10T00:00,0.121,µg/m³,VOC,GC-MS
60435,ETOBICOKE SOUTH-2,Chloroform,2013-05-16T00:00,0.111,µg/m³,VOC,GC-MS
60435,ETOBICOKE SOUTH-2,Chloroform,2013-05-22T00:00,0.128,µg/m³,VOC,GC-MS
60435,ETOBICOKE SOUTH-2,Chloroform,2013-05-28T00:00,0.096,µg/m³,VOC,GC-MS
60435,ETOBICOKE SOUTH-2,Chloroform,2013-06-03T00:00,0.107,µg/m³,VOC,GC-MS
60435,ETOBICOKE SOUTH-2,Chloroform,2013-06-09T00:00,0.125,µg/m³,VOC,GC-MS
60435,ETOBICOKE SOUTH-2,Chloroform,2013-06-15T00:00,0.127,µg/m³,VOC,GC-MS
60435,ETOBICOKE SOUTH-2,Chloroform,2013-06-21T00:00,0.185,µg/m³,VOC,GC-MS
60435,ETOBICOKE SOUTH-2,Chloroform,2013-06-27T00:00,0.187,µg/m³,VOC,GC-MS
60435,ETOBICOKE SOUTH-2,Chloroform,2013-07-03T00:00,0.142,µg/m³,VOC,GC-MS
60435,ETOBICOKE SOUTH-2,Chloroform,2013-07-09T00:00,0.128,µg/m³,VOC,GC-MS
60435,ETOBICOKE SOUTH-2,Chloroform,2013-07-15T00:00,0.124,µg/m³,VOC,GC-MS
60435,ETOBICOKE SOUTH-2,Chloroform,2013-07-21T00:00,0.099,µg/m³,VOC,GC-MS
60435,ETOBICOKE SOUTH-2,Chloroform,2013-07-27T00:00,0.121,µg/m³,VOC,GC-MS
60435,ETOBICOKE SOUTH-2,Chloroform,2013-08-02T00:00,0.192,µg/m³,VOC,GC-MS
60435,ETOBICOKE SOUTH-2,Chloroform,2013-08-08T00:00,0.138,µg/m³,VOC,GC-MS
60435,ETOBICOKE SOUTH-2,Chloroform,2013-08-14T00:00,0.158,µg/m³,VOC,GC-MS
60435,ETOBICOKE SOUTH-2,Chloroform,2013-08-20T00:00,0.171,µg/m³,VOC,GC-MS
60435,ETOBICOKE SOUTH-2,Chloroform,2013-08-26T00:00,0.208,µg/m³,VOC,GC-MS
60435,ETOBICOKE SOUTH-2,Chloroform,2013-09-01T00:00,0.129,µg/m³,VOC,GC-MS
60435,ETOBICOKE SOUTH-2,Chloroform,2013-09-07T00:00,0.186,µg/m³,VOC,GC-MS
60435,ETOBICOKE SOUTH-2,Chloroform,2013-09-13T00:00,0.096,µg/m³,VOC,GC-MS
60435,ETOBICOKE SOUTH-2,Chloroform,2013-09-19T00:00,0.212,µg/m³,VOC,GC-MS
60435,ETOBICOKE SOUTH-2,Chloroform,2013-09-25T00:00,0.190,µg/m³,VOC,GC-MS
60435,ETOBICOKE SOUTH-2,Chloroform,2013-10-01T00:00,0.134,µg/m³,VOC,GC-MS
60435,ETOBICOKE SOUTH-2,Chloroform,2013-10-07T00:00,0.113,µg/m³,VOC,GC-MS
60435,ETOBICOKE SOUTH-2,Chloroform,2013-10-19T00:00,0.150,µg/m³,VOC,GC-MS
60435,ETOBICOKE SOUTH-2,Chloroform,2013-10-25T00:00,0.169,µg/m³,VOC,GC-MS
60435,ETOBICOKE SOUTH-2,Chloroform,2013-10-31T00:00,0.124,µg/m³,VOC,GC-MS
60435,ETOBICOKE SOUTH-2,Chloroform,2013-11-06T00:00,0.100,µg/m³,VOC,GC-MS
60435,ETOBICOKE SOUTH-2,Chloroform,2013-11-12T00:00,0.161,µg/m³,VOC,GC-MS
60435,ETOBICOKE SOUTH-2,Chloroform,2013-11-18T00:00,0.080,µg/m³,VOC,GC-MS
60435,ETOBICOKE SOUTH-2,Chloroform,2013-11-24T00:00,0.093,µg/m³,VOC,GC-MS
60435,ETOBICOKE SOUTH-2,Chloroform,2013-11-30T00:00,0.084,µg/m³,VOC,GC-MS
60435,ETOBICOKE SOUTH-2,Chloroform,2013-12-06T00:00,0.195,µg/m³,VOC,GC-MS
60435,ETOBICOKE SOUTH-2,Chloroform,2013-12-12T00:00,0.107,µg/m³,VOC,GC-MS
60435,ETOBICOKE SOUTH-2,Chloroform,2013-12-18T00:00,0.083,µg/m³,VOC,GC-MS
60435,ETOBICOKE SOUTH-2,Chloroform,2013-12-24T00:00,0.094,µg/m³,VOC,GC-MS
60435,ETOBICOKE SOUTH-2,Chloroform,2013-12-30T00:00,0.120,µg/m³,VOC,GC-MS
