﻿NAPS_Site_ID,Station_Name,Pollutant,Date,Value,Units,Report_Type,Method
50104,ONTARIO,Nonane,2004-01-04T00:00,0.119,µg/m³,VOC,
50104,ONTARIO,Nonane,2004-01-10T00:00,0.014,µg/m³,VOC,
50104,ONTARIO,Nonane,2004-01-16T00:00,0.175,µg/m³,VOC,
50104,ONTARIO,Nonane,2004-01-22T00:00,0.152,µg/m³,VOC,
50104,ONTARIO,Nonane,2004-01-28T00:00,0.289,µg/m³,VOC,
50104,ONTARIO,Nonane,2004-02-03T00:00,0.307,µg/m³,VOC,
50104,ONTARIO,Nonane,2004-02-09T00:00,0.228,µg/m³,VOC,
50104,ONTARIO,Nonane,2004-02-15T00:00,0.017,µg/m³,VOC,
50104,ONTARIO,Nonane,2004-02-21T00:00,0.249,µg/m³,VOC,
50104,ONTARIO,Nonane,2004-02-27T00:00,0.330,µg/m³,VOC,
50104,ONTARIO,Nonane,2004-03-04T00:00,0.313,µg/m³,VOC,
50104,ONTARIO,Nonane,2004-03-10T00:00,0.219,µg/m³,VOC,
50104,ONTARIO,Nonane,2004-03-16T00:00,0.065,µg/m³,VOC,
50104,ONTARIO,Nonane,2004-03-22T00:00,0.091,µg/m³,VOC,
50104,ONTARIO,Nonane,2004-03-28T00:00,0.124,µg/m³,VOC,
50104,ONTARIO,Nonane,2004-04-03T00:00,0.220,µg/m³,VOC,
50104,ONTARIO,Nonane,2004-04-09T00:00,0.166,µg/m³,VOC,
50104,ONTARIO,Nonane,2004-04-15T00:00,0.147,µg/m³,VOC,
50104,ONTARIO,Nonane,2004-04-21T00:00,0.108,µg/m³,VOC,
50104,ONTARIO,Nonane,2004-04-27T00:00,0.195,µg/m³,VOC,
50104,ONTARIO,Nonane,2004-05-03T00:00,0.077,µg/m³,VOC,
50104,ONTARIO,Nonane,2004-05-09T00:00,0.110,µg/m³,VOC,
50104,ONTARIO,Nonane,2004-05-15T00:00,0.116,µg/m³,VOC,
50104,ONTARIO,Nonane,2004-05-21T00:00,0.201,µg/m³,VOC,
50104,ONTARIO,Nonane,2004-05-27T00:00,0.767,µg/m³,VOC,
50104,ONTARIO,Nonane,2004-06-02T00:00,0.349,µg/m³,VOC,
50104,ONTARIO,Nonane,2004-06-08T00:00,0.270,µg/m³,VOC,
50104,ONTARIO,Nonane,2004-06-14T00:00,0.198,µg/m³,VOC,
50104,ONTARIO,Nonane,2004-06-26T00:00,0.086,µg/m³,VOC,
50104,ONTARIO,Nonane,2004-07-02T00:00,0.135,µg/m³,VOC,
50104,ONTARIO,Nonane,2004-07-08T00:00,0.194,µg/m³,VOC,
50104,ONTARIO,Nonane,2004-07-14T00:00,0.105,µg/m³,VOC,
50104,ONTARIO,Nonane,2004-07-20T00:00,0.216,µg/m³,VOC,
50104,ONTARIO,Nonane,2004-07-26T00:00,0.370,µg/m³,VOC,
50104,ONTARIO,Nonane,2004-08-01T00:00,0.125,µg/m³,VOC,
50104,ONTARIO,Nonane,2004-08-07T00:00,0.145,µg/m³,VOC,
50104,ONTARIO,Nonane,2004-08-13T00:00,0.204,µg/m³,VOC,
50104,ONTARIO,Nonane,2004-08-19T00:00,0.142,µg/m³,VOC,
50104,ONTARIO,Nonane,2004-08-25T00:00,0.161,µg/m³,VOC,
50104,ONTARIO,Nonane,2004-08-31T00:00,0.177,µg/m³,VOC,
50104,ONTARIO,Nonane,2004-09-06T00:00,0.146,µg/m³,VOC,
50104,ONTARIO,Nonane,2004-09-12T00:00,0.249,µg/m³,VOC,
50104,ONTARIO,Nonane,2004-09-18T00:00,0.174,µg/m³,VOC,
50104,ONTARIO,Nonane,2004-09-24T00:00,0.465,µg/m³,VOC,
50104,ONTARIO,Nonane,2004-09-30T00:00,1.155,µg/m³,VOC,
50104,ONTARIO,Nonane,2004-10-06T00:00,0.207,µg/m³,VOC,
50104,ONTARIO,Nonane,2004-10-12T00:00,0.288,µg/m³,VOC,
50104,ONTARIO,Nonane,2004-10-18T00:00,0.202,µg/m³,VOC,
50104,ONTARIO,Nonane,2004-10-24T00:00,0.266,µg/m³,VOC,
50104,ONTARIO,Nonane,2004-10-30T00:00,0.330,µg/m³,VOC,
50104,ONTARIO,Nonane,2004-11-05T00:00,0.131,µg/m³,VOC,
50104,ONTARIO,Nonane,2004-11-11T00:00,0.215,µg/m³,VOC,
50104,ONTARIO,Nonane,2004-11-29T00:00,0.272,µg/m³,VOC,
50104,ONTARIO,Nonane,2004-12-05T00:00,0.086,µg/m³,VOC,
50104,ONTARIO,Nonane,2004-12-11T00:00,0.218,µg/m³,VOC,
50104,ONTARIO,Nonane,2004-12-17T00:00,0.225,µg/m³,VOC,
50104,ONTARIO,Nonane,2004-12-23T00:00,0.499,µg/m³,VOC,
50104,ONTARIO,Nonane,2004-12-29T00:00,0.221,µg/m³,VOC,
