﻿NAPS_Site_ID,Station_Name,Pollutant,Date,Value,Units,Report_Type,Method
60413,CENTENNIAL PARK _ETOBICOKE WEST_,Isopentane,2014-01-04T19:00,2.170,µg/m³,VOC,N/A
60413,CENTENNIAL PARK _ETOBICOKE WEST_,Isopentane,2014-01-10T19:00,2.607,µg/m³,VOC,N/A
60413,CENTENNIAL PARK _ETOBICOKE WEST_,Isopentane,2014-01-16T19:00,1.458,µg/m³,VOC,N/A
60413,CENTENNIAL PARK _ETOBICOKE WEST_,Isopentane,2014-01-22T19:00,1.744,µg/m³,VOC,N/A
60413,CENTENNIAL PARK _ETOBICOKE WEST_,Isopentane,2014-01-28T19:00,0.942,µg/m³,VOC,N/A
60413,CENTENNIAL PARK _ETOBICOKE WEST_,Isopentane,2014-02-03T19:00,2.468,µg/m³,VOC,N/A
60413,CENTENNIAL PARK _ETOBICOKE WEST_,Isopentane,2014-02-09T19:00,1.226,µg/m³,VOC,N/A
60413,CENTENNIAL PARK _ETOBICOKE WEST_,Isopentane,2014-02-15T19:00,0.732,µg/m³,VOC,N/A
60413,CENTENNIAL PARK _ETOBICOKE WEST_,Isopentane,2014-02-21T19:00,0.532,µg/m³,VOC,N/A
60413,CENTENNIAL PARK _ETOBICOKE WEST_,Isopentane,2014-02-27T19:00,0.646,µg/m³,VOC,N/A
60413,CENTENNIAL PARK _ETOBICOKE WEST_,Isopentane,2014-03-05T19:00,0.696,µg/m³,VOC,N/A
60413,CENTENNIAL PARK _ETOBICOKE WEST_,Isopentane,2014-03-11T20:00,0.960,µg/m³,VOC,N/A
60413,CENTENNIAL PARK _ETOBICOKE WEST_,Isopentane,2014-03-17T20:00,1.024,µg/m³,VOC,N/A
60413,CENTENNIAL PARK _ETOBICOKE WEST_,Isopentane,2014-03-23T20:00,0.470,µg/m³,VOC,N/A
60413,CENTENNIAL PARK _ETOBICOKE WEST_,Isopentane,2014-03-29T20:00,0.262,µg/m³,VOC,N/A
60413,CENTENNIAL PARK _ETOBICOKE WEST_,Isopentane,2014-04-04T20:00,0.298,µg/m³,VOC,N/A
60413,CENTENNIAL PARK _ETOBICOKE WEST_,Isopentane,2014-04-10T20:00,1.962,µg/m³,VOC,N/A
60413,CENTENNIAL PARK _ETOBICOKE WEST_,Isopentane,2014-04-16T20:00,0.596,µg/m³,VOC,N/A
60413,CENTENNIAL PARK _ETOBICOKE WEST_,Isopentane,2014-04-22T20:00,0.272,µg/m³,VOC,N/A
60413,CENTENNIAL PARK _ETOBICOKE WEST_,Isopentane,2014-04-28T20:00,0.910,µg/m³,VOC,N/A
60413,CENTENNIAL PARK _ETOBICOKE WEST_,Isopentane,2014-05-04T20:00,0.478,µg/m³,VOC,N/A
60413,CENTENNIAL PARK _ETOBICOKE WEST_,Isopentane,2014-05-10T20:00,2.498,µg/m³,VOC,N/A
60413,CENTENNIAL PARK _ETOBICOKE WEST_,Isopentane,2014-05-16T20:00,1.238,µg/m³,VOC,N/A
60413,CENTENNIAL PARK _ETOBICOKE WEST_,Isopentane,2014-05-22T20:00,0.488,µg/m³,VOC,N/A
60413,CENTENNIAL PARK _ETOBICOKE WEST_,Isopentane,2014-06-03T20:00,0.960,µg/m³,VOC,N/A
60413,CENTENNIAL PARK _ETOBICOKE WEST_,Isopentane,2014-06-09T20:00,2.352,µg/m³,VOC,N/A
60413,CENTENNIAL PARK _ETOBICOKE WEST_,Isopentane,2014-06-15T20:00,2.724,µg/m³,VOC,N/A
60413,CENTENNIAL PARK _ETOBICOKE WEST_,Isopentane,2014-06-21T20:00,2.626,µg/m³,VOC,N/A
60413,CENTENNIAL PARK _ETOBICOKE WEST_,Isopentane,2014-06-27T20:00,3.548,µg/m³,VOC,N/A
60413,CENTENNIAL PARK _ETOBICOKE WEST_,Isopentane,2014-07-03T20:00,0.528,µg/m³,VOC,N/A
60413,CENTENNIAL PARK _ETOBICOKE WEST_,Isopentane,2014-07-15T20:00,0.638,µg/m³,VOC,N/A
60413,CENTENNIAL PARK _ETOBICOKE WEST_,Isopentane,2014-07-21T20:00,4.608,µg/m³,VOC,N/A
60413,CENTENNIAL PARK _ETOBICOKE WEST_,Isopentane,2014-08-14T20:00,1.154,µg/m³,VOC,N/A
60413,CENTENNIAL PARK _ETOBICOKE WEST_,Isopentane,2014-08-20T20:00,2.316,µg/m³,VOC,N/A
60413,CENTENNIAL PARK _ETOBICOKE WEST_,Isopentane,2014-08-26T20:00,0.580,µg/m³,VOC,N/A
60413,CENTENNIAL PARK _ETOBICOKE WEST_,Isopentane,2014-09-01T20:00,1.832,µg/m³,VOC,N/A
60413,CENTENNIAL PARK _ETOBICOKE WEST_,Isopentane,2014-09-07T20:00,6.632,µg/m³,VOC,N/A
60413,CENTENNIAL PARK _ETOBICOKE WEST_,Isopentane,2014-09-13T20:00,1.800,µg/m³,VOC,N/A
60413,CENTENNIAL PARK _ETOBICOKE WEST_,Isopentane,2014-09-19T20:00,2.626,µg/m³,VOC,N/A
60413,CENTENNIAL PARK _ETOBICOKE WEST_,Isopentane,2014-10-01T20:00,1.878,µg/m³,VOC,N/A
60413,CENTENNIAL PARK _ETOBICOKE WEST_,Isopentane,2014-10-07T20:00,0.580,µg/m³,VOC,N/A
60413,CENTENNIAL PARK _ETOBICOKE WEST_,Isopentane,2014-10-13T20:00,1.758,µg/m³,VOC,N/A
60413,CENTENNIAL PARK _ETOBICOKE WEST_,Isopentane,2014-10-19T20:00,2.296,µg/m³,VOC,N/A
60413,CENTENNIAL PARK _ETOBICOKE WEST_,Isopentane,2014-10-25T20:00,0.392,µg/m³,VOC,N/A
60413,CENTENNIAL PARK _ETOBICOKE WEST_,Isopentane,2014-10-31T20:00,0.426,µg/m³,VOC,N/A
60413,CENTENNIAL PARK _ETOBICOKE WEST_,Isopentane,2014-11-06T19:00,0.682,µg/m³,VOC,N/A
60413,CENTENNIAL PARK _ETOBICOKE WEST_,Isopentane,2014-11-12T19:00,0.444,µg/m³,VOC,N/A
60413,CENTENNIAL PARK _ETOBICOKE WEST_,Isopentane,2014-11-18T19:00,0.748,µg/m³,VOC,N/A
60413,CENTENNIAL PARK _ETOBICOKE WEST_,Isopentane,2014-11-30T19:00,0.462,µg/m³,VOC,N/A
60413,CENTENNIAL PARK _ETOBICOKE WEST_,Isopentane,2014-12-06T19:00,0.792,µg/m³,VOC,N/A
60413,CENTENNIAL PARK _ETOBICOKE WEST_,Isopentane,2014-12-18T19:00,0.590,µg/m³,VOC,N/A
60413,CENTENNIAL PARK _ETOBICOKE WEST_,Isopentane,2014-12-24T19:00,0.704,µg/m³,VOC,N/A
60413,CENTENNIAL PARK _ETOBICOKE WEST_,Isopentane,2014-12-30T19:00,0.434,µg/m³,VOC,N/A
