﻿NAPS_Site_ID,Station_Name,Pollutant,Date,Value,Units,Report_Type,Method
100128,RICHMOND SOUTH,"1,1,1-Trichloroethane",2000-01-01T00:00,0.340,µg/m³,VOC,
100128,RICHMOND SOUTH,"1,1,1-Trichloroethane",2000-01-25T00:00,0.380,µg/m³,VOC,
100128,RICHMOND SOUTH,"1,1,1-Trichloroethane",2000-02-12T00:00,0.410,µg/m³,VOC,
100128,RICHMOND SOUTH,"1,1,1-Trichloroethane",2000-03-01T00:00,0.380,µg/m³,VOC,
100128,RICHMOND SOUTH,"1,1,1-Trichloroethane",2000-03-19T00:00,0.430,µg/m³,VOC,
100128,RICHMOND SOUTH,"1,1,1-Trichloroethane",2000-04-06T00:00,0.340,µg/m³,VOC,
100128,RICHMOND SOUTH,"1,1,1-Trichloroethane",2000-04-24T00:00,0.380,µg/m³,VOC,
100128,RICHMOND SOUTH,"1,1,1-Trichloroethane",2000-05-06T00:00,0.340,µg/m³,VOC,
100128,RICHMOND SOUTH,"1,1,1-Trichloroethane",2000-05-30T00:00,0.420,µg/m³,VOC,
100128,RICHMOND SOUTH,"1,1,1-Trichloroethane",2000-06-17T00:00,0.390,µg/m³,VOC,
100128,RICHMOND SOUTH,"1,1,1-Trichloroethane",2000-07-05T00:00,0.330,µg/m³,VOC,
100128,RICHMOND SOUTH,"1,1,1-Trichloroethane",2000-07-23T00:00,0.330,µg/m³,VOC,
100128,RICHMOND SOUTH,"1,1,1-Trichloroethane",2000-08-10T00:00,0.320,µg/m³,VOC,
100128,RICHMOND SOUTH,"1,1,1-Trichloroethane",2000-08-28T00:00,0.350,µg/m³,VOC,
100128,RICHMOND SOUTH,"1,1,1-Trichloroethane",2000-09-15T00:00,0.290,µg/m³,VOC,
100128,RICHMOND SOUTH,"1,1,1-Trichloroethane",2000-10-03T00:00,0.370,µg/m³,VOC,
100128,RICHMOND SOUTH,"1,1,1-Trichloroethane",2000-10-21T00:00,0.310,µg/m³,VOC,
100128,RICHMOND SOUTH,"1,1,1-Trichloroethane",2000-11-08T00:00,0.300,µg/m³,VOC,
100128,RICHMOND SOUTH,"1,1,1-Trichloroethane",2000-11-26T00:00,0.300,µg/m³,VOC,
100128,RICHMOND SOUTH,"1,1,1-Trichloroethane",2000-12-14T00:00,0.330,µg/m³,VOC,
