﻿NAPS_Site_ID,Station_Name,Pollutant,Date,Value,Units,Report_Type,Method
90227,CALGARY CENTRAL,trans-2-Pentene,2005-01-04T00:00,0.240,µg/m³,VOC,
90227,CALGARY CENTRAL,trans-2-Pentene,2005-01-16T00:00,0.297,µg/m³,VOC,
90227,CALGARY CENTRAL,trans-2-Pentene,2005-01-22T00:00,0.367,µg/m³,VOC,
90227,CALGARY CENTRAL,trans-2-Pentene,2005-01-28T00:00,0.263,µg/m³,VOC,
90227,CALGARY CENTRAL,trans-2-Pentene,2005-02-03T00:00,0.203,µg/m³,VOC,
90227,CALGARY CENTRAL,trans-2-Pentene,2005-02-09T00:00,0.069,µg/m³,VOC,
90227,CALGARY CENTRAL,trans-2-Pentene,2005-02-21T00:00,0.042,µg/m³,VOC,
90227,CALGARY CENTRAL,trans-2-Pentene,2005-02-27T00:00,0.082,µg/m³,VOC,
90227,CALGARY CENTRAL,trans-2-Pentene,2005-03-05T00:00,0.144,µg/m³,VOC,
90227,CALGARY CENTRAL,trans-2-Pentene,2005-03-11T00:00,0.114,µg/m³,VOC,
90227,CALGARY CENTRAL,trans-2-Pentene,2005-03-17T00:00,0.118,µg/m³,VOC,
90227,CALGARY CENTRAL,trans-2-Pentene,2005-03-23T00:00,0.093,µg/m³,VOC,
90227,CALGARY CENTRAL,trans-2-Pentene,2005-04-10T00:00,0.045,µg/m³,VOC,
90227,CALGARY CENTRAL,trans-2-Pentene,2005-04-16T00:00,0.113,µg/m³,VOC,
90227,CALGARY CENTRAL,trans-2-Pentene,2005-04-22T00:00,0.105,µg/m³,VOC,
90227,CALGARY CENTRAL,trans-2-Pentene,2005-04-28T00:00,0.060,µg/m³,VOC,
90227,CALGARY CENTRAL,trans-2-Pentene,2005-05-04T00:00,0.073,µg/m³,VOC,
90227,CALGARY CENTRAL,trans-2-Pentene,2005-05-10T00:00,0.075,µg/m³,VOC,
90227,CALGARY CENTRAL,trans-2-Pentene,2005-05-16T00:00,0.177,µg/m³,VOC,
90227,CALGARY CENTRAL,trans-2-Pentene,2005-05-22T00:00,0.058,µg/m³,VOC,
90227,CALGARY CENTRAL,trans-2-Pentene,2005-05-28T00:00,0.129,µg/m³,VOC,
90227,CALGARY CENTRAL,trans-2-Pentene,2005-06-03T00:00,0.075,µg/m³,VOC,
90227,CALGARY CENTRAL,trans-2-Pentene,2005-06-09T00:00,0.124,µg/m³,VOC,
90227,CALGARY CENTRAL,trans-2-Pentene,2005-06-15T00:00,0.078,µg/m³,VOC,
90227,CALGARY CENTRAL,trans-2-Pentene,2005-06-21T00:00,0.146,µg/m³,VOC,
90227,CALGARY CENTRAL,trans-2-Pentene,2005-06-27T00:00,0.116,µg/m³,VOC,
90227,CALGARY CENTRAL,trans-2-Pentene,2005-07-03T00:00,0.040,µg/m³,VOC,
90227,CALGARY CENTRAL,trans-2-Pentene,2005-07-09T00:00,0.091,µg/m³,VOC,
90227,CALGARY CENTRAL,trans-2-Pentene,2005-07-15T00:00,0.257,µg/m³,VOC,
90227,CALGARY CENTRAL,trans-2-Pentene,2005-07-21T00:00,0.087,µg/m³,VOC,
90227,CALGARY CENTRAL,trans-2-Pentene,2005-08-02T00:00,0.120,µg/m³,VOC,
90227,CALGARY CENTRAL,trans-2-Pentene,2005-08-08T00:00,0.076,µg/m³,VOC,
90227,CALGARY CENTRAL,trans-2-Pentene,2005-08-14T00:00,0.041,µg/m³,VOC,
90227,CALGARY CENTRAL,trans-2-Pentene,2005-08-20T00:00,0.285,µg/m³,VOC,
90227,CALGARY CENTRAL,trans-2-Pentene,2005-08-26T00:00,0.171,µg/m³,VOC,
90227,CALGARY CENTRAL,trans-2-Pentene,2005-09-01T00:00,0.135,µg/m³,VOC,
90227,CALGARY CENTRAL,trans-2-Pentene,2005-09-07T00:00,0.227,µg/m³,VOC,
90227,CALGARY CENTRAL,trans-2-Pentene,2005-09-13T00:00,0.222,µg/m³,VOC,
90227,CALGARY CENTRAL,trans-2-Pentene,2005-09-19T00:00,0.179,µg/m³,VOC,
90227,CALGARY CENTRAL,trans-2-Pentene,2005-09-25T00:00,0.048,µg/m³,VOC,
90227,CALGARY CENTRAL,trans-2-Pentene,2005-10-01T00:00,0.054,µg/m³,VOC,
90227,CALGARY CENTRAL,trans-2-Pentene,2005-10-07T00:00,0.152,µg/m³,VOC,
90227,CALGARY CENTRAL,trans-2-Pentene,2005-10-13T00:00,0.134,µg/m³,VOC,
90227,CALGARY CENTRAL,trans-2-Pentene,2005-10-19T00:00,0.274,µg/m³,VOC,
90227,CALGARY CENTRAL,trans-2-Pentene,2005-10-25T00:00,0.252,µg/m³,VOC,
90227,CALGARY CENTRAL,trans-2-Pentene,2005-10-31T00:00,0.157,µg/m³,VOC,
90227,CALGARY CENTRAL,trans-2-Pentene,2005-11-06T00:00,0.229,µg/m³,VOC,
90227,CALGARY CENTRAL,trans-2-Pentene,2005-11-12T00:00,0.152,µg/m³,VOC,
90227,CALGARY CENTRAL,trans-2-Pentene,2005-11-18T00:00,0.185,µg/m³,VOC,
90227,CALGARY CENTRAL,trans-2-Pentene,2005-11-24T00:00,0.160,µg/m³,VOC,
90227,CALGARY CENTRAL,trans-2-Pentene,2005-11-30T00:00,0.114,µg/m³,VOC,
90227,CALGARY CENTRAL,trans-2-Pentene,2005-12-06T00:00,0.153,µg/m³,VOC,
90227,CALGARY CENTRAL,trans-2-Pentene,2005-12-12T00:00,0.093,µg/m³,VOC,
90227,CALGARY CENTRAL,trans-2-Pentene,2005-12-18T00:00,0.152,µg/m³,VOC,
90227,CALGARY CENTRAL,trans-2-Pentene,2005-12-30T00:00,0.337,µg/m³,VOC,
