﻿NAPS_Site_ID,Station_Name,Pollutant,Date,Value,Units,Report_Type,Method
40501,PT LEPREAU - CHARLOTTE COUNTY,D-Limonene,2002-01-11T00:00,0.039,µg/m³,VOC,
40501,PT LEPREAU - CHARLOTTE COUNTY,D-Limonene,2002-01-14T00:00,0.012,µg/m³,VOC,
40501,PT LEPREAU - CHARLOTTE COUNTY,D-Limonene,2002-01-17T00:00,0.027,µg/m³,VOC,
40501,PT LEPREAU - CHARLOTTE COUNTY,D-Limonene,2002-01-20T00:00,0.014,µg/m³,VOC,
40501,PT LEPREAU - CHARLOTTE COUNTY,D-Limonene,2002-01-23T00:00,0.045,µg/m³,VOC,
40501,PT LEPREAU - CHARLOTTE COUNTY,D-Limonene,2002-01-29T00:00,0.064,µg/m³,VOC,
40501,PT LEPREAU - CHARLOTTE COUNTY,D-Limonene,2002-02-01T00:00,0.024,µg/m³,VOC,
40501,PT LEPREAU - CHARLOTTE COUNTY,D-Limonene,2002-02-04T00:00,0.019,µg/m³,VOC,
40501,PT LEPREAU - CHARLOTTE COUNTY,D-Limonene,2002-02-07T00:00,0.014,µg/m³,VOC,
40501,PT LEPREAU - CHARLOTTE COUNTY,D-Limonene,2002-02-10T00:00,0.018,µg/m³,VOC,
40501,PT LEPREAU - CHARLOTTE COUNTY,D-Limonene,2002-02-13T00:00,0.005,µg/m³,VOC,
40501,PT LEPREAU - CHARLOTTE COUNTY,D-Limonene,2002-02-16T00:00,0.089,µg/m³,VOC,
40501,PT LEPREAU - CHARLOTTE COUNTY,D-Limonene,2002-02-19T00:00,0.009,µg/m³,VOC,
40501,PT LEPREAU - CHARLOTTE COUNTY,D-Limonene,2002-02-22T00:00,0.045,µg/m³,VOC,
40501,PT LEPREAU - CHARLOTTE COUNTY,D-Limonene,2002-02-25T00:00,0.046,µg/m³,VOC,
40501,PT LEPREAU - CHARLOTTE COUNTY,D-Limonene,2002-02-28T00:00,0.011,µg/m³,VOC,
40501,PT LEPREAU - CHARLOTTE COUNTY,D-Limonene,2002-03-03T00:00,0.028,µg/m³,VOC,
40501,PT LEPREAU - CHARLOTTE COUNTY,D-Limonene,2002-03-06T00:00,0.024,µg/m³,VOC,
40501,PT LEPREAU - CHARLOTTE COUNTY,D-Limonene,2002-03-09T00:00,0.029,µg/m³,VOC,
40501,PT LEPREAU - CHARLOTTE COUNTY,D-Limonene,2002-03-12T00:00,0.034,µg/m³,VOC,
40501,PT LEPREAU - CHARLOTTE COUNTY,D-Limonene,2002-03-15T00:00,0.013,µg/m³,VOC,
40501,PT LEPREAU - CHARLOTTE COUNTY,D-Limonene,2002-03-18T00:00,0.016,µg/m³,VOC,
40501,PT LEPREAU - CHARLOTTE COUNTY,D-Limonene,2002-03-21T00:00,0.022,µg/m³,VOC,
40501,PT LEPREAU - CHARLOTTE COUNTY,D-Limonene,2002-03-24T00:00,0.006,µg/m³,VOC,
40501,PT LEPREAU - CHARLOTTE COUNTY,D-Limonene,2002-03-27T00:00,0.027,µg/m³,VOC,
40501,PT LEPREAU - CHARLOTTE COUNTY,D-Limonene,2002-03-30T00:00,0.031,µg/m³,VOC,
40501,PT LEPREAU - CHARLOTTE COUNTY,D-Limonene,2002-04-02T00:00,0.019,µg/m³,VOC,
40501,PT LEPREAU - CHARLOTTE COUNTY,D-Limonene,2002-04-05T00:00,0.047,µg/m³,VOC,
40501,PT LEPREAU - CHARLOTTE COUNTY,D-Limonene,2002-04-08T00:00,0.062,µg/m³,VOC,
40501,PT LEPREAU - CHARLOTTE COUNTY,D-Limonene,2002-04-11T00:00,0.048,µg/m³,VOC,
40501,PT LEPREAU - CHARLOTTE COUNTY,D-Limonene,2002-04-14T00:00,0.048,µg/m³,VOC,
40501,PT LEPREAU - CHARLOTTE COUNTY,D-Limonene,2002-04-17T00:00,0.142,µg/m³,VOC,
40501,PT LEPREAU - CHARLOTTE COUNTY,D-Limonene,2002-04-20T00:00,0.025,µg/m³,VOC,
40501,PT LEPREAU - CHARLOTTE COUNTY,D-Limonene,2002-04-23T00:00,0.020,µg/m³,VOC,
40501,PT LEPREAU - CHARLOTTE COUNTY,D-Limonene,2002-04-26T00:00,0.014,µg/m³,VOC,
40501,PT LEPREAU - CHARLOTTE COUNTY,D-Limonene,2002-04-29T00:00,0.017,µg/m³,VOC,
40501,PT LEPREAU - CHARLOTTE COUNTY,D-Limonene,2002-05-02T00:00,0.060,µg/m³,VOC,
40501,PT LEPREAU - CHARLOTTE COUNTY,D-Limonene,2002-05-05T00:00,0.068,µg/m³,VOC,
40501,PT LEPREAU - CHARLOTTE COUNTY,D-Limonene,2002-05-08T00:00,0.030,µg/m³,VOC,
40501,PT LEPREAU - CHARLOTTE COUNTY,D-Limonene,2002-05-11T00:00,0.027,µg/m³,VOC,
40501,PT LEPREAU - CHARLOTTE COUNTY,D-Limonene,2002-05-14T00:00,0.045,µg/m³,VOC,
40501,PT LEPREAU - CHARLOTTE COUNTY,D-Limonene,2002-05-17T00:00,0.060,µg/m³,VOC,
40501,PT LEPREAU - CHARLOTTE COUNTY,D-Limonene,2002-05-20T00:00,0.174,µg/m³,VOC,
40501,PT LEPREAU - CHARLOTTE COUNTY,D-Limonene,2002-05-23T00:00,0.196,µg/m³,VOC,
40501,PT LEPREAU - CHARLOTTE COUNTY,D-Limonene,2002-06-16T00:00,0.143,µg/m³,VOC,
40501,PT LEPREAU - CHARLOTTE COUNTY,D-Limonene,2002-06-19T00:00,0.221,µg/m³,VOC,
40501,PT LEPREAU - CHARLOTTE COUNTY,D-Limonene,2002-06-22T00:00,1.303,µg/m³,VOC,
40501,PT LEPREAU - CHARLOTTE COUNTY,D-Limonene,2002-06-25T00:00,0.141,µg/m³,VOC,
40501,PT LEPREAU - CHARLOTTE COUNTY,D-Limonene,2002-06-28T00:00,0.642,µg/m³,VOC,
40501,PT LEPREAU - CHARLOTTE COUNTY,D-Limonene,2002-07-01T00:00,1.087,µg/m³,VOC,
40501,PT LEPREAU - CHARLOTTE COUNTY,D-Limonene,2002-07-07T00:00,1.234,µg/m³,VOC,
40501,PT LEPREAU - CHARLOTTE COUNTY,D-Limonene,2002-07-10T00:00,0.176,µg/m³,VOC,
40501,PT LEPREAU - CHARLOTTE COUNTY,D-Limonene,2002-07-13T00:00,0.745,µg/m³,VOC,
40501,PT LEPREAU - CHARLOTTE COUNTY,D-Limonene,2002-07-16T00:00,1.115,µg/m³,VOC,
40501,PT LEPREAU - CHARLOTTE COUNTY,D-Limonene,2002-07-22T00:00,1.031,µg/m³,VOC,
40501,PT LEPREAU - CHARLOTTE COUNTY,D-Limonene,2002-07-31T00:00,0.214,µg/m³,VOC,
40501,PT LEPREAU - CHARLOTTE COUNTY,D-Limonene,2002-08-03T00:00,0.998,µg/m³,VOC,
40501,PT LEPREAU - CHARLOTTE COUNTY,D-Limonene,2002-08-09T00:00,0.255,µg/m³,VOC,
40501,PT LEPREAU - CHARLOTTE COUNTY,D-Limonene,2002-08-15T00:00,2.292,µg/m³,VOC,
40501,PT LEPREAU - CHARLOTTE COUNTY,D-Limonene,2002-08-18T00:00,0.871,µg/m³,VOC,
40501,PT LEPREAU - CHARLOTTE COUNTY,D-Limonene,2002-08-27T00:00,0.168,µg/m³,VOC,
40501,PT LEPREAU - CHARLOTTE COUNTY,D-Limonene,2002-08-30T00:00,0.563,µg/m³,VOC,
40501,PT LEPREAU - CHARLOTTE COUNTY,D-Limonene,2002-09-02T00:00,1.685,µg/m³,VOC,
40501,PT LEPREAU - CHARLOTTE COUNTY,D-Limonene,2002-09-05T00:00,0.258,µg/m³,VOC,
40501,PT LEPREAU - CHARLOTTE COUNTY,D-Limonene,2002-09-08T00:00,0.540,µg/m³,VOC,
40501,PT LEPREAU - CHARLOTTE COUNTY,D-Limonene,2002-09-11T00:00,1.139,µg/m³,VOC,
40501,PT LEPREAU - CHARLOTTE COUNTY,D-Limonene,2002-09-17T00:00,0.499,µg/m³,VOC,
40501,PT LEPREAU - CHARLOTTE COUNTY,D-Limonene,2002-09-20T00:00,0.943,µg/m³,VOC,
40501,PT LEPREAU - CHARLOTTE COUNTY,D-Limonene,2002-09-23T00:00,1.160,µg/m³,VOC,
40501,PT LEPREAU - CHARLOTTE COUNTY,D-Limonene,2002-09-26T00:00,1.103,µg/m³,VOC,
40501,PT LEPREAU - CHARLOTTE COUNTY,D-Limonene,2002-10-02T00:00,0.418,µg/m³,VOC,
40501,PT LEPREAU - CHARLOTTE COUNTY,D-Limonene,2002-10-08T00:00,0.257,µg/m³,VOC,
40501,PT LEPREAU - CHARLOTTE COUNTY,D-Limonene,2002-10-17T00:00,0.238,µg/m³,VOC,
40501,PT LEPREAU - CHARLOTTE COUNTY,D-Limonene,2002-10-20T00:00,0.071,µg/m³,VOC,
40501,PT LEPREAU - CHARLOTTE COUNTY,D-Limonene,2002-11-16T00:00,0.081,µg/m³,VOC,
40501,PT LEPREAU - CHARLOTTE COUNTY,D-Limonene,2002-11-19T00:00,0.064,µg/m³,VOC,
40501,PT LEPREAU - CHARLOTTE COUNTY,D-Limonene,2002-11-22T00:00,0.096,µg/m³,VOC,
40501,PT LEPREAU - CHARLOTTE COUNTY,D-Limonene,2002-11-25T00:00,0.048,µg/m³,VOC,
40501,PT LEPREAU - CHARLOTTE COUNTY,D-Limonene,2002-12-04T00:00,0.013,µg/m³,VOC,
40501,PT LEPREAU - CHARLOTTE COUNTY,D-Limonene,2002-12-07T00:00,0.093,µg/m³,VOC,
40501,PT LEPREAU - CHARLOTTE COUNTY,D-Limonene,2002-12-10T00:00,0.041,µg/m³,VOC,
40501,PT LEPREAU - CHARLOTTE COUNTY,D-Limonene,2002-12-13T00:00,0.052,µg/m³,VOC,
40501,PT LEPREAU - CHARLOTTE COUNTY,D-Limonene,2002-12-16T00:00,0.062,µg/m³,VOC,
40501,PT LEPREAU - CHARLOTTE COUNTY,D-Limonene,2002-12-19T00:00,0.089,µg/m³,VOC,
40501,PT LEPREAU - CHARLOTTE COUNTY,D-Limonene,2002-12-22T00:00,0.090,µg/m³,VOC,
40501,PT LEPREAU - CHARLOTTE COUNTY,D-Limonene,2002-12-25T00:00,0.087,µg/m³,VOC,
40501,PT LEPREAU - CHARLOTTE COUNTY,D-Limonene,2002-12-28T00:00,0.049,µg/m³,VOC,
40501,PT LEPREAU - CHARLOTTE COUNTY,D-Limonene,2002-12-31T00:00,0.095,µg/m³,VOC,
