﻿NAPS_Site_ID,Station_Name,Pollutant,Date,Value,Units,Report_Type,Method
30501,KEJIMKUJIK NATIONAL PARK,Freon 11,2002-01-02T00:00,1.712,µg/m³,VOC,GC-MS
30501,KEJIMKUJIK NATIONAL PARK,Freon 11,2002-01-05T00:00,1.743,µg/m³,VOC,GC-MS
30501,KEJIMKUJIK NATIONAL PARK,Freon 11,2002-01-08T00:00,1.757,µg/m³,VOC,GC-MS
30501,KEJIMKUJIK NATIONAL PARK,Freon 11,2002-01-11T00:00,1.737,µg/m³,VOC,GC-MS
30501,KEJIMKUJIK NATIONAL PARK,Freon 11,2002-01-14T00:00,1.739,µg/m³,VOC,GC-MS
30501,KEJIMKUJIK NATIONAL PARK,Freon 11,2002-01-17T00:00,1.512,µg/m³,VOC,GC-MS
30501,KEJIMKUJIK NATIONAL PARK,Freon 11,2002-01-20T00:00,1.521,µg/m³,VOC,GC-MS
30501,KEJIMKUJIK NATIONAL PARK,Freon 11,2002-01-23T00:00,1.515,µg/m³,VOC,GC-MS
30501,KEJIMKUJIK NATIONAL PARK,Freon 11,2002-01-26T00:00,1.515,µg/m³,VOC,GC-MS
30501,KEJIMKUJIK NATIONAL PARK,Freon 11,2002-01-29T00:00,1.499,µg/m³,VOC,GC-MS
30501,KEJIMKUJIK NATIONAL PARK,Freon 11,2002-02-01T00:00,1.505,µg/m³,VOC,GC-MS
30501,KEJIMKUJIK NATIONAL PARK,Freon 11,2002-02-04T00:00,1.607,µg/m³,VOC,GC-MS
30501,KEJIMKUJIK NATIONAL PARK,Freon 11,2002-02-07T00:00,1.513,µg/m³,VOC,GC-MS
30501,KEJIMKUJIK NATIONAL PARK,Freon 11,2002-02-13T00:00,1.478,µg/m³,VOC,GC-MS
30501,KEJIMKUJIK NATIONAL PARK,Freon 11,2002-02-16T00:00,1.501,µg/m³,VOC,GC-MS
30501,KEJIMKUJIK NATIONAL PARK,Freon 11,2002-02-19T00:00,1.484,µg/m³,VOC,GC-MS
30501,KEJIMKUJIK NATIONAL PARK,Freon 11,2002-02-22T00:00,1.524,µg/m³,VOC,GC-MS
30501,KEJIMKUJIK NATIONAL PARK,Freon 11,2002-02-25T00:00,1.497,µg/m³,VOC,GC-MS
30501,KEJIMKUJIK NATIONAL PARK,Freon 11,2002-02-28T00:00,1.511,µg/m³,VOC,GC-MS
30501,KEJIMKUJIK NATIONAL PARK,Freon 11,2002-03-03T00:00,1.492,µg/m³,VOC,GC-MS
30501,KEJIMKUJIK NATIONAL PARK,Freon 11,2002-03-06T00:00,1.475,µg/m³,VOC,GC-MS
30501,KEJIMKUJIK NATIONAL PARK,Freon 11,2002-03-09T00:00,1.508,µg/m³,VOC,GC-MS
30501,KEJIMKUJIK NATIONAL PARK,Freon 11,2002-03-12T00:00,1.535,µg/m³,VOC,GC-MS
30501,KEJIMKUJIK NATIONAL PARK,Freon 11,2002-03-15T00:00,1.679,µg/m³,VOC,GC-MS
30501,KEJIMKUJIK NATIONAL PARK,Freon 11,2002-03-18T00:00,1.661,µg/m³,VOC,GC-MS
30501,KEJIMKUJIK NATIONAL PARK,Freon 11,2002-03-21T00:00,1.690,µg/m³,VOC,GC-MS
30501,KEJIMKUJIK NATIONAL PARK,Freon 11,2002-03-24T00:00,1.607,µg/m³,VOC,GC-MS
30501,KEJIMKUJIK NATIONAL PARK,Freon 11,2002-03-27T00:00,1.605,µg/m³,VOC,GC-MS
30501,KEJIMKUJIK NATIONAL PARK,Freon 11,2002-03-30T00:00,1.615,µg/m³,VOC,GC-MS
30501,KEJIMKUJIK NATIONAL PARK,Freon 11,2002-04-02T00:00,1.612,µg/m³,VOC,GC-MS
30501,KEJIMKUJIK NATIONAL PARK,Freon 11,2002-04-05T00:00,1.594,µg/m³,VOC,GC-MS
30501,KEJIMKUJIK NATIONAL PARK,Freon 11,2002-04-08T00:00,1.610,µg/m³,VOC,GC-MS
30501,KEJIMKUJIK NATIONAL PARK,Freon 11,2002-04-11T00:00,1.621,µg/m³,VOC,GC-MS
30501,KEJIMKUJIK NATIONAL PARK,Freon 11,2002-04-14T00:00,1.658,µg/m³,VOC,GC-MS
30501,KEJIMKUJIK NATIONAL PARK,Freon 11,2002-04-17T00:00,1.615,µg/m³,VOC,GC-MS
30501,KEJIMKUJIK NATIONAL PARK,Freon 11,2002-04-20T00:00,1.570,µg/m³,VOC,GC-MS
30501,KEJIMKUJIK NATIONAL PARK,Freon 11,2002-04-26T00:00,1.559,µg/m³,VOC,GC-MS
30501,KEJIMKUJIK NATIONAL PARK,Freon 11,2002-04-29T00:00,1.564,µg/m³,VOC,GC-MS
30501,KEJIMKUJIK NATIONAL PARK,Freon 11,2002-05-02T00:00,1.594,µg/m³,VOC,GC-MS
30501,KEJIMKUJIK NATIONAL PARK,Freon 11,2002-05-05T00:00,1.589,µg/m³,VOC,GC-MS
30501,KEJIMKUJIK NATIONAL PARK,Freon 11,2002-05-08T00:00,1.646,µg/m³,VOC,GC-MS
30501,KEJIMKUJIK NATIONAL PARK,Freon 11,2002-05-11T00:00,1.631,µg/m³,VOC,GC-MS
30501,KEJIMKUJIK NATIONAL PARK,Freon 11,2002-05-14T00:00,1.625,µg/m³,VOC,GC-MS
30501,KEJIMKUJIK NATIONAL PARK,Freon 11,2002-05-17T00:00,1.612,µg/m³,VOC,GC-MS
30501,KEJIMKUJIK NATIONAL PARK,Freon 11,2002-05-20T00:00,1.556,µg/m³,VOC,GC-MS
30501,KEJIMKUJIK NATIONAL PARK,Freon 11,2002-05-23T00:00,1.550,µg/m³,VOC,GC-MS
30501,KEJIMKUJIK NATIONAL PARK,Freon 11,2002-05-26T00:00,1.501,µg/m³,VOC,GC-MS
30501,KEJIMKUJIK NATIONAL PARK,Freon 11,2002-05-29T00:00,1.546,µg/m³,VOC,GC-MS
30501,KEJIMKUJIK NATIONAL PARK,Freon 11,2002-06-04T00:00,1.483,µg/m³,VOC,GC-MS
30501,KEJIMKUJIK NATIONAL PARK,Freon 11,2002-06-07T00:00,1.478,µg/m³,VOC,GC-MS
30501,KEJIMKUJIK NATIONAL PARK,Freon 11,2002-06-10T00:00,1.508,µg/m³,VOC,GC-MS
30501,KEJIMKUJIK NATIONAL PARK,Freon 11,2002-06-13T00:00,1.508,µg/m³,VOC,GC-MS
30501,KEJIMKUJIK NATIONAL PARK,Freon 11,2002-06-16T00:00,1.484,µg/m³,VOC,GC-MS
30501,KEJIMKUJIK NATIONAL PARK,Freon 11,2002-06-25T00:00,1.514,µg/m³,VOC,GC-MS
30501,KEJIMKUJIK NATIONAL PARK,Freon 11,2002-06-28T00:00,1.476,µg/m³,VOC,GC-MS
30501,KEJIMKUJIK NATIONAL PARK,Freon 11,2002-07-01T00:00,1.487,µg/m³,VOC,GC-MS
30501,KEJIMKUJIK NATIONAL PARK,Freon 11,2002-07-04T00:00,1.488,µg/m³,VOC,GC-MS
30501,KEJIMKUJIK NATIONAL PARK,Freon 11,2002-07-07T00:00,1.555,µg/m³,VOC,GC-MS
30501,KEJIMKUJIK NATIONAL PARK,Freon 11,2002-07-10T00:00,1.606,µg/m³,VOC,GC-MS
30501,KEJIMKUJIK NATIONAL PARK,Freon 11,2002-07-13T00:00,1.512,µg/m³,VOC,GC-MS
30501,KEJIMKUJIK NATIONAL PARK,Freon 11,2002-07-16T00:00,1.453,µg/m³,VOC,GC-MS
30501,KEJIMKUJIK NATIONAL PARK,Freon 11,2002-07-19T00:00,1.431,µg/m³,VOC,GC-MS
30501,KEJIMKUJIK NATIONAL PARK,Freon 11,2002-07-22T00:00,1.413,µg/m³,VOC,GC-MS
30501,KEJIMKUJIK NATIONAL PARK,Freon 11,2002-07-25T00:00,1.465,µg/m³,VOC,GC-MS
30501,KEJIMKUJIK NATIONAL PARK,Freon 11,2002-07-31T00:00,1.488,µg/m³,VOC,GC-MS
30501,KEJIMKUJIK NATIONAL PARK,Freon 11,2002-08-03T00:00,1.530,µg/m³,VOC,GC-MS
30501,KEJIMKUJIK NATIONAL PARK,Freon 11,2002-08-06T00:00,1.533,µg/m³,VOC,GC-MS
30501,KEJIMKUJIK NATIONAL PARK,Freon 11,2002-08-09T00:00,1.551,µg/m³,VOC,GC-MS
30501,KEJIMKUJIK NATIONAL PARK,Freon 11,2002-08-12T00:00,1.546,µg/m³,VOC,GC-MS
30501,KEJIMKUJIK NATIONAL PARK,Freon 11,2002-08-15T00:00,1.574,µg/m³,VOC,GC-MS
30501,KEJIMKUJIK NATIONAL PARK,Freon 11,2002-08-18T00:00,1.592,µg/m³,VOC,GC-MS
30501,KEJIMKUJIK NATIONAL PARK,Freon 11,2002-08-21T00:00,1.525,µg/m³,VOC,GC-MS
30501,KEJIMKUJIK NATIONAL PARK,Freon 11,2002-08-24T00:00,1.543,µg/m³,VOC,GC-MS
30501,KEJIMKUJIK NATIONAL PARK,Freon 11,2002-08-27T00:00,1.548,µg/m³,VOC,GC-MS
30501,KEJIMKUJIK NATIONAL PARK,Freon 11,2002-08-30T00:00,1.551,µg/m³,VOC,GC-MS
30501,KEJIMKUJIK NATIONAL PARK,Freon 11,2002-09-02T00:00,1.500,µg/m³,VOC,GC-MS
30501,KEJIMKUJIK NATIONAL PARK,Freon 11,2002-09-05T00:00,1.498,µg/m³,VOC,GC-MS
30501,KEJIMKUJIK NATIONAL PARK,Freon 11,2002-09-08T00:00,1.362,µg/m³,VOC,GC-MS
30501,KEJIMKUJIK NATIONAL PARK,Freon 11,2002-09-11T00:00,1.453,µg/m³,VOC,GC-MS
30501,KEJIMKUJIK NATIONAL PARK,Freon 11,2002-09-14T00:00,1.576,µg/m³,VOC,GC-MS
30501,KEJIMKUJIK NATIONAL PARK,Freon 11,2002-09-17T00:00,1.569,µg/m³,VOC,GC-MS
30501,KEJIMKUJIK NATIONAL PARK,Freon 11,2002-09-20T00:00,1.574,µg/m³,VOC,GC-MS
30501,KEJIMKUJIK NATIONAL PARK,Freon 11,2002-09-23T00:00,1.576,µg/m³,VOC,GC-MS
30501,KEJIMKUJIK NATIONAL PARK,Freon 11,2002-09-26T00:00,1.569,µg/m³,VOC,GC-MS
30501,KEJIMKUJIK NATIONAL PARK,Freon 11,2002-09-29T00:00,1.659,µg/m³,VOC,GC-MS
30501,KEJIMKUJIK NATIONAL PARK,Freon 11,2002-10-02T00:00,1.699,µg/m³,VOC,GC-MS
30501,KEJIMKUJIK NATIONAL PARK,Freon 11,2002-10-05T00:00,1.637,µg/m³,VOC,GC-MS
30501,KEJIMKUJIK NATIONAL PARK,Freon 11,2002-10-08T00:00,1.648,µg/m³,VOC,GC-MS
30501,KEJIMKUJIK NATIONAL PARK,Freon 11,2002-10-11T00:00,1.652,µg/m³,VOC,GC-MS
30501,KEJIMKUJIK NATIONAL PARK,Freon 11,2002-10-14T00:00,1.712,µg/m³,VOC,GC-MS
30501,KEJIMKUJIK NATIONAL PARK,Freon 11,2002-10-20T00:00,1.772,µg/m³,VOC,GC-MS
30501,KEJIMKUJIK NATIONAL PARK,Freon 11,2002-10-23T00:00,1.736,µg/m³,VOC,GC-MS
30501,KEJIMKUJIK NATIONAL PARK,Freon 11,2002-10-26T00:00,1.773,µg/m³,VOC,GC-MS
30501,KEJIMKUJIK NATIONAL PARK,Freon 11,2002-10-29T00:00,1.849,µg/m³,VOC,GC-MS
30501,KEJIMKUJIK NATIONAL PARK,Freon 11,2002-11-01T00:00,1.608,µg/m³,VOC,GC-MS
30501,KEJIMKUJIK NATIONAL PARK,Freon 11,2002-11-04T00:00,1.639,µg/m³,VOC,GC-MS
30501,KEJIMKUJIK NATIONAL PARK,Freon 11,2002-11-10T00:00,1.623,µg/m³,VOC,GC-MS
30501,KEJIMKUJIK NATIONAL PARK,Freon 11,2002-11-13T00:00,1.633,µg/m³,VOC,GC-MS
30501,KEJIMKUJIK NATIONAL PARK,Freon 11,2002-11-16T00:00,1.639,µg/m³,VOC,GC-MS
30501,KEJIMKUJIK NATIONAL PARK,Freon 11,2002-11-19T00:00,1.710,µg/m³,VOC,GC-MS
30501,KEJIMKUJIK NATIONAL PARK,Freon 11,2002-11-22T00:00,1.717,µg/m³,VOC,GC-MS
30501,KEJIMKUJIK NATIONAL PARK,Freon 11,2002-12-01T00:00,1.724,µg/m³,VOC,GC-MS
30501,KEJIMKUJIK NATIONAL PARK,Freon 11,2002-12-04T00:00,1.746,µg/m³,VOC,GC-MS
30501,KEJIMKUJIK NATIONAL PARK,Freon 11,2002-12-07T00:00,1.697,µg/m³,VOC,GC-MS
30501,KEJIMKUJIK NATIONAL PARK,Freon 11,2002-12-10T00:00,1.720,µg/m³,VOC,GC-MS
30501,KEJIMKUJIK NATIONAL PARK,Freon 11,2002-12-13T00:00,1.721,µg/m³,VOC,GC-MS
30501,KEJIMKUJIK NATIONAL PARK,Freon 11,2002-12-16T00:00,1.712,µg/m³,VOC,GC-MS
30501,KEJIMKUJIK NATIONAL PARK,Freon 11,2002-12-19T00:00,1.737,µg/m³,VOC,GC-MS
30501,KEJIMKUJIK NATIONAL PARK,Freon 11,2002-12-22T00:00,1.737,µg/m³,VOC,GC-MS
30501,KEJIMKUJIK NATIONAL PARK,Freon 11,2002-12-25T00:00,1.714,µg/m³,VOC,GC-MS
30501,KEJIMKUJIK NATIONAL PARK,Freon 11,2002-12-28T00:00,1.750,µg/m³,VOC,GC-MS
30501,KEJIMKUJIK NATIONAL PARK,Freon 11,2002-12-31T00:00,1.658,µg/m³,VOC,GC-MS
