﻿NAPS_Site_ID,Station_Name,Pollutant,Date,Value,Units,Report_Type,Method
60211,WINDSOR WEST,"2,2,5-Trimethylhexane",1995-01-03T00:00,0.021,µg/m³,VOC,
60211,WINDSOR WEST,"2,2,5-Trimethylhexane",1995-03-22T00:00,0.039,µg/m³,VOC,
60211,WINDSOR WEST,"2,2,5-Trimethylhexane",1995-03-28T00:00,0.104,µg/m³,VOC,
60211,WINDSOR WEST,"2,2,5-Trimethylhexane",1995-04-03T00:00,0.027,µg/m³,VOC,
60211,WINDSOR WEST,"2,2,5-Trimethylhexane",1995-04-09T00:00,0.038,µg/m³,VOC,
60211,WINDSOR WEST,"2,2,5-Trimethylhexane",1995-04-15T00:00,0.121,µg/m³,VOC,
