﻿NAPS_Site_ID,Station_Name,Pollutant,Date,Value,Units,Report_Type,Method
100112,DOWNTOWN VANCOUVER,Pentane,2007-01-30T00:00,2.267,µg/m³,VOC,N/A
100112,DOWNTOWN VANCOUVER,Pentane,2007-02-17T00:00,1.043,µg/m³,VOC,N/A
100112,DOWNTOWN VANCOUVER,Pentane,2007-03-07T00:00,0.907,µg/m³,VOC,N/A
100112,DOWNTOWN VANCOUVER,Pentane,2007-03-25T00:00,0.985,µg/m³,VOC,N/A
100112,DOWNTOWN VANCOUVER,Pentane,2007-04-12T00:00,1.243,µg/m³,VOC,N/A
100112,DOWNTOWN VANCOUVER,Pentane,2007-04-30T00:00,0.840,µg/m³,VOC,N/A
100112,DOWNTOWN VANCOUVER,Pentane,2007-05-12T00:00,0.801,µg/m³,VOC,N/A
100112,DOWNTOWN VANCOUVER,Pentane,2007-05-24T00:00,0.962,µg/m³,VOC,N/A
100112,DOWNTOWN VANCOUVER,Pentane,2007-06-05T00:00,0.519,µg/m³,VOC,N/A
100112,DOWNTOWN VANCOUVER,Pentane,2007-06-17T00:00,0.935,µg/m³,VOC,N/A
100112,DOWNTOWN VANCOUVER,Pentane,2007-06-29T00:00,0.961,µg/m³,VOC,N/A
100112,DOWNTOWN VANCOUVER,Pentane,2007-07-11T00:00,1.151,µg/m³,VOC,N/A
100112,DOWNTOWN VANCOUVER,Pentane,2007-08-04T00:00,1.284,µg/m³,VOC,N/A
100112,DOWNTOWN VANCOUVER,Pentane,2007-08-16T00:00,1.606,µg/m³,VOC,N/A
100112,DOWNTOWN VANCOUVER,Pentane,2007-09-09T00:00,0.725,µg/m³,VOC,N/A
100112,DOWNTOWN VANCOUVER,Pentane,2007-09-21T00:00,0.368,µg/m³,VOC,N/A
100112,DOWNTOWN VANCOUVER,Pentane,2007-10-03T00:00,1.363,µg/m³,VOC,N/A
100112,DOWNTOWN VANCOUVER,Pentane,2007-11-08T00:00,2.064,µg/m³,VOC,N/A
100112,DOWNTOWN VANCOUVER,Pentane,2007-11-20T00:00,1.371,µg/m³,VOC,N/A
100112,DOWNTOWN VANCOUVER,Pentane,2007-12-02T00:00,0.743,µg/m³,VOC,N/A
100112,DOWNTOWN VANCOUVER,Pentane,2007-12-14T00:00,0.947,µg/m³,VOC,N/A
100112,DOWNTOWN VANCOUVER,Pentane,2007-12-26T00:00,3.983,µg/m³,VOC,N/A
