﻿NAPS_Site_ID,Station_Name,Pollutant,Date,Value,Units,Report_Type,Method
100119,BURNABY SOUTH,EC_R,2006-01-05T00:00,0.000,µg/m³,CARB,N/A
100119,BURNABY SOUTH,EC_R,2006-01-05T00:00,0.756,µg/m³,CARB,N/A
100119,BURNABY SOUTH,EC_R,2006-01-11T00:00,0.020,µg/m³,CARB,N/A
100119,BURNABY SOUTH,EC_R,2006-01-11T00:00,0.609,µg/m³,CARB,N/A
100119,BURNABY SOUTH,EC_R,2006-01-20T00:00,0.243,µg/m³,CARB,N/A
100119,BURNABY SOUTH,EC_R,2006-01-20T00:00,1.026,µg/m³,CARB,N/A
100119,BURNABY SOUTH,EC_R,2006-01-23T00:00,0.066,µg/m³,CARB,N/A
100119,BURNABY SOUTH,EC_R,2006-01-23T00:00,1.118,µg/m³,CARB,N/A
100119,BURNABY SOUTH,EC_R,2006-01-26T00:00,0.271,µg/m³,CARB,N/A
100119,BURNABY SOUTH,EC_R,2006-01-26T00:00,0.994,µg/m³,CARB,N/A
100119,BURNABY SOUTH,EC_R,2006-01-29T00:00,0.686,µg/m³,CARB,N/A
100119,BURNABY SOUTH,EC_R,2006-02-01T00:00,0.101,µg/m³,CARB,N/A
100119,BURNABY SOUTH,EC_R,2006-02-01T00:00,0.706,µg/m³,CARB,N/A
100119,BURNABY SOUTH,EC_R,2006-02-04T00:00,0.072,µg/m³,CARB,N/A
100119,BURNABY SOUTH,EC_R,2006-02-04T00:00,0.438,µg/m³,CARB,N/A
100119,BURNABY SOUTH,EC_R,2006-02-07T00:00,0.110,µg/m³,CARB,N/A
100119,BURNABY SOUTH,EC_R,2006-02-07T00:00,1.441,µg/m³,CARB,N/A
100119,BURNABY SOUTH,EC_R,2006-02-10T00:00,0.200,µg/m³,CARB,N/A
100119,BURNABY SOUTH,EC_R,2006-02-10T00:00,1.286,µg/m³,CARB,N/A
100119,BURNABY SOUTH,EC_R,2006-02-13T00:00,0.042,µg/m³,CARB,N/A
100119,BURNABY SOUTH,EC_R,2006-02-13T00:00,0.393,µg/m³,CARB,N/A
100119,BURNABY SOUTH,EC_R,2006-02-16T00:00,0.000,µg/m³,CARB,N/A
100119,BURNABY SOUTH,EC_R,2006-02-16T00:00,0.816,µg/m³,CARB,N/A
100119,BURNABY SOUTH,EC_R,2006-02-19T00:00,0.031,µg/m³,CARB,N/A
100119,BURNABY SOUTH,EC_R,2006-02-19T00:00,1.054,µg/m³,CARB,N/A
100119,BURNABY SOUTH,EC_R,2006-02-22T00:00,0.221,µg/m³,CARB,N/A
100119,BURNABY SOUTH,EC_R,2006-02-22T00:00,1.516,µg/m³,CARB,N/A
100119,BURNABY SOUTH,EC_R,2006-02-25T00:00,0.228,µg/m³,CARB,N/A
100119,BURNABY SOUTH,EC_R,2006-02-25T00:00,0.868,µg/m³,CARB,N/A
100119,BURNABY SOUTH,EC_R,2006-02-28T00:00,0.074,µg/m³,CARB,N/A
100119,BURNABY SOUTH,EC_R,2006-02-28T00:00,0.653,µg/m³,CARB,N/A
100119,BURNABY SOUTH,EC_R,2006-03-03T00:00,0.189,µg/m³,CARB,N/A
100119,BURNABY SOUTH,EC_R,2006-03-03T00:00,1.166,µg/m³,CARB,N/A
100119,BURNABY SOUTH,EC_R,2006-03-06T00:00,0.014,µg/m³,CARB,N/A
100119,BURNABY SOUTH,EC_R,2006-03-06T00:00,0.481,µg/m³,CARB,N/A
100119,BURNABY SOUTH,EC_R,2006-03-09T00:00,0.126,µg/m³,CARB,N/A
100119,BURNABY SOUTH,EC_R,2006-03-09T00:00,0.907,µg/m³,CARB,N/A
100119,BURNABY SOUTH,EC_R,2006-03-12T00:00,0.166,µg/m³,CARB,N/A
100119,BURNABY SOUTH,EC_R,2006-03-12T00:00,0.825,µg/m³,CARB,N/A
100119,BURNABY SOUTH,EC_R,2006-03-15T00:00,0.062,µg/m³,CARB,N/A
100119,BURNABY SOUTH,EC_R,2006-03-15T00:00,0.717,µg/m³,CARB,N/A
100119,BURNABY SOUTH,EC_R,2006-03-18T00:00,0.056,µg/m³,CARB,N/A
100119,BURNABY SOUTH,EC_R,2006-03-18T00:00,0.193,µg/m³,CARB,N/A
100119,BURNABY SOUTH,EC_R,2006-03-21T00:00,0.160,µg/m³,CARB,N/A
100119,BURNABY SOUTH,EC_R,2006-03-21T00:00,1.095,µg/m³,CARB,N/A
100119,BURNABY SOUTH,EC_R,2006-03-24T00:00,0.073,µg/m³,CARB,N/A
100119,BURNABY SOUTH,EC_R,2006-03-24T00:00,0.749,µg/m³,CARB,N/A
100119,BURNABY SOUTH,EC_R,2006-03-27T00:00,0.141,µg/m³,CARB,N/A
100119,BURNABY SOUTH,EC_R,2006-03-27T00:00,0.841,µg/m³,CARB,N/A
100119,BURNABY SOUTH,EC_R,2006-03-30T00:00,0.196,µg/m³,CARB,N/A
100119,BURNABY SOUTH,EC_R,2006-03-30T00:00,0.892,µg/m³,CARB,N/A
100119,BURNABY SOUTH,EC_R,2006-04-02T00:00,0.084,µg/m³,CARB,N/A
100119,BURNABY SOUTH,EC_R,2006-04-02T00:00,0.465,µg/m³,CARB,N/A
100119,BURNABY SOUTH,EC_R,2006-04-05T00:00,0.001,µg/m³,CARB,N/A
100119,BURNABY SOUTH,EC_R,2006-04-05T00:00,0.991,µg/m³,CARB,N/A
100119,BURNABY SOUTH,EC_R,2006-04-08T00:00,0.193,µg/m³,CARB,N/A
100119,BURNABY SOUTH,EC_R,2006-04-08T00:00,1.380,µg/m³,CARB,N/A
100119,BURNABY SOUTH,EC_R,2006-04-11T00:00,0.080,µg/m³,CARB,N/A
100119,BURNABY SOUTH,EC_R,2006-04-11T00:00,0.932,µg/m³,CARB,N/A
100119,BURNABY SOUTH,EC_R,2006-04-14T00:00,0.072,µg/m³,CARB,N/A
100119,BURNABY SOUTH,EC_R,2006-04-14T00:00,0.323,µg/m³,CARB,N/A
100119,BURNABY SOUTH,EC_R,2006-04-17T00:00,0.108,µg/m³,CARB,N/A
100119,BURNABY SOUTH,EC_R,2006-04-17T00:00,0.650,µg/m³,CARB,N/A
100119,BURNABY SOUTH,EC_R,2006-04-20T00:00,0.099,µg/m³,CARB,N/A
100119,BURNABY SOUTH,EC_R,2006-04-20T00:00,0.985,µg/m³,CARB,N/A
100119,BURNABY SOUTH,EC_R,2006-04-23T00:00,0.027,µg/m³,CARB,N/A
100119,BURNABY SOUTH,EC_R,2006-04-23T00:00,0.587,µg/m³,CARB,N/A
100119,BURNABY SOUTH,EC_R,2006-04-26T00:00,0.077,µg/m³,CARB,N/A
100119,BURNABY SOUTH,EC_R,2006-04-26T00:00,0.519,µg/m³,CARB,N/A
100119,BURNABY SOUTH,EC_R,2006-04-29T00:00,0.134,µg/m³,CARB,N/A
100119,BURNABY SOUTH,EC_R,2006-04-29T00:00,0.634,µg/m³,CARB,N/A
100119,BURNABY SOUTH,EC_R,2006-05-02T00:00,0.173,µg/m³,CARB,N/A
100119,BURNABY SOUTH,EC_R,2006-05-02T00:00,0.530,µg/m³,CARB,N/A
100119,BURNABY SOUTH,EC_R,2006-05-05T00:00,0.074,µg/m³,CARB,N/A
100119,BURNABY SOUTH,EC_R,2006-05-05T00:00,1.073,µg/m³,CARB,N/A
100119,BURNABY SOUTH,EC_R,2006-05-08T00:00,0.027,µg/m³,CARB,N/A
100119,BURNABY SOUTH,EC_R,2006-05-08T00:00,0.210,µg/m³,CARB,N/A
100119,BURNABY SOUTH,EC_R,2006-05-11T00:00,0.066,µg/m³,CARB,N/A
100119,BURNABY SOUTH,EC_R,2006-05-11T00:00,0.921,µg/m³,CARB,N/A
100119,BURNABY SOUTH,EC_R,2006-05-14T00:00,0.043,µg/m³,CARB,N/A
100119,BURNABY SOUTH,EC_R,2006-05-14T00:00,0.693,µg/m³,CARB,N/A
100119,BURNABY SOUTH,EC_R,2006-05-17T00:00,0.119,µg/m³,CARB,N/A
100119,BURNABY SOUTH,EC_R,2006-05-17T00:00,0.916,µg/m³,CARB,N/A
100119,BURNABY SOUTH,EC_R,2006-05-20T00:00,0.089,µg/m³,CARB,N/A
100119,BURNABY SOUTH,EC_R,2006-05-20T00:00,0.745,µg/m³,CARB,N/A
100119,BURNABY SOUTH,EC_R,2006-05-23T00:00,0.069,µg/m³,CARB,N/A
100119,BURNABY SOUTH,EC_R,2006-05-23T00:00,0.747,µg/m³,CARB,N/A
100119,BURNABY SOUTH,EC_R,2006-05-26T00:00,0.045,µg/m³,CARB,N/A
100119,BURNABY SOUTH,EC_R,2006-05-26T00:00,0.437,µg/m³,CARB,N/A
100119,BURNABY SOUTH,EC_R,2006-05-29T00:00,0.010,µg/m³,CARB,N/A
100119,BURNABY SOUTH,EC_R,2006-05-29T00:00,0.310,µg/m³,CARB,N/A
100119,BURNABY SOUTH,EC_R,2006-06-01T00:00,0.115,µg/m³,CARB,N/A
100119,BURNABY SOUTH,EC_R,2006-06-01T00:00,1.001,µg/m³,CARB,N/A
100119,BURNABY SOUTH,EC_R,2006-06-04T00:00,0.197,µg/m³,CARB,N/A
100119,BURNABY SOUTH,EC_R,2006-06-04T00:00,0.733,µg/m³,CARB,N/A
100119,BURNABY SOUTH,EC_R,2006-06-07T00:00,0.071,µg/m³,CARB,N/A
100119,BURNABY SOUTH,EC_R,2006-06-07T00:00,0.704,µg/m³,CARB,N/A
100119,BURNABY SOUTH,EC_R,2006-06-10T00:00,0.047,µg/m³,CARB,N/A
100119,BURNABY SOUTH,EC_R,2006-06-10T00:00,0.799,µg/m³,CARB,N/A
100119,BURNABY SOUTH,EC_R,2006-06-13T00:00,0.209,µg/m³,CARB,N/A
100119,BURNABY SOUTH,EC_R,2006-06-13T00:00,1.258,µg/m³,CARB,N/A
100119,BURNABY SOUTH,EC_R,2006-06-16T00:00,0.420,µg/m³,CARB,N/A
100119,BURNABY SOUTH,EC_R,2006-06-16T00:00,0.719,µg/m³,CARB,N/A
100119,BURNABY SOUTH,EC_R,2006-06-19T00:00,0.066,µg/m³,CARB,N/A
100119,BURNABY SOUTH,EC_R,2006-06-19T00:00,0.276,µg/m³,CARB,N/A
100119,BURNABY SOUTH,EC_R,2006-06-22T00:00,0.062,µg/m³,CARB,N/A
100119,BURNABY SOUTH,EC_R,2006-06-22T00:00,0.329,µg/m³,CARB,N/A
100119,BURNABY SOUTH,EC_R,2006-06-25T00:00,0.139,µg/m³,CARB,N/A
100119,BURNABY SOUTH,EC_R,2006-06-25T00:00,1.132,µg/m³,CARB,N/A
100119,BURNABY SOUTH,EC_R,2006-06-28T00:00,0.058,µg/m³,CARB,N/A
100119,BURNABY SOUTH,EC_R,2006-06-28T00:00,0.738,µg/m³,CARB,N/A
100119,BURNABY SOUTH,EC_R,2006-07-01T00:00,0.136,µg/m³,CARB,N/A
100119,BURNABY SOUTH,EC_R,2006-07-01T00:00,0.818,µg/m³,CARB,N/A
100119,BURNABY SOUTH,EC_R,2006-07-04T00:00,0.171,µg/m³,CARB,N/A
100119,BURNABY SOUTH,EC_R,2006-07-04T00:00,0.771,µg/m³,CARB,N/A
100119,BURNABY SOUTH,EC_R,2006-07-07T00:00,0.093,µg/m³,CARB,N/A
100119,BURNABY SOUTH,EC_R,2006-07-07T00:00,0.759,µg/m³,CARB,N/A
100119,BURNABY SOUTH,EC_R,2006-07-10T00:00,0.283,µg/m³,CARB,N/A
100119,BURNABY SOUTH,EC_R,2006-07-10T00:00,0.558,µg/m³,CARB,N/A
100119,BURNABY SOUTH,EC_R,2006-07-13T00:00,0.174,µg/m³,CARB,N/A
100119,BURNABY SOUTH,EC_R,2006-07-13T00:00,0.642,µg/m³,CARB,N/A
100119,BURNABY SOUTH,EC_R,2006-07-16T00:00,0.055,µg/m³,CARB,N/A
100119,BURNABY SOUTH,EC_R,2006-07-16T00:00,0.536,µg/m³,CARB,N/A
100119,BURNABY SOUTH,EC_R,2006-07-19T00:00,0.375,µg/m³,CARB,N/A
100119,BURNABY SOUTH,EC_R,2006-07-19T00:00,1.280,µg/m³,CARB,N/A
100119,BURNABY SOUTH,EC_R,2006-07-22T00:00,0.580,µg/m³,CARB,N/A
100119,BURNABY SOUTH,EC_R,2006-07-22T00:00,1.976,µg/m³,CARB,N/A
100119,BURNABY SOUTH,EC_R,2006-07-25T00:00,0.315,µg/m³,CARB,N/A
100119,BURNABY SOUTH,EC_R,2006-07-25T00:00,0.611,µg/m³,CARB,N/A
100119,BURNABY SOUTH,EC_R,2006-07-28T00:00,0.105,µg/m³,CARB,N/A
100119,BURNABY SOUTH,EC_R,2006-07-28T00:00,0.353,µg/m³,CARB,N/A
100119,BURNABY SOUTH,EC_R,2006-07-31T00:00,0.173,µg/m³,CARB,N/A
100119,BURNABY SOUTH,EC_R,2006-07-31T00:00,0.527,µg/m³,CARB,N/A
100119,BURNABY SOUTH,EC_R,2006-08-03T00:00,0.252,µg/m³,CARB,N/A
100119,BURNABY SOUTH,EC_R,2006-08-03T00:00,1.070,µg/m³,CARB,N/A
100119,BURNABY SOUTH,EC_R,2006-08-06T00:00,0.134,µg/m³,CARB,N/A
100119,BURNABY SOUTH,EC_R,2006-08-06T00:00,1.077,µg/m³,CARB,N/A
100119,BURNABY SOUTH,EC_R,2006-08-09T00:00,0.101,µg/m³,CARB,N/A
100119,BURNABY SOUTH,EC_R,2006-08-09T00:00,0.900,µg/m³,CARB,N/A
100119,BURNABY SOUTH,EC_R,2006-08-12T00:00,0.486,µg/m³,CARB,N/A
100119,BURNABY SOUTH,EC_R,2006-08-12T00:00,1.491,µg/m³,CARB,N/A
100119,BURNABY SOUTH,EC_R,2006-08-15T00:00,0.300,µg/m³,CARB,N/A
100119,BURNABY SOUTH,EC_R,2006-08-15T00:00,1.110,µg/m³,CARB,N/A
100119,BURNABY SOUTH,EC_R,2006-08-21T00:00,0.333,µg/m³,CARB,N/A
100119,BURNABY SOUTH,EC_R,2006-08-21T00:00,1.708,µg/m³,CARB,N/A
100119,BURNABY SOUTH,EC_R,2006-08-24T00:00,0.255,µg/m³,CARB,N/A
100119,BURNABY SOUTH,EC_R,2006-08-24T00:00,0.945,µg/m³,CARB,N/A
100119,BURNABY SOUTH,EC_R,2006-08-27T00:00,0.016,µg/m³,CARB,N/A
100119,BURNABY SOUTH,EC_R,2006-08-27T00:00,1.310,µg/m³,CARB,N/A
100119,BURNABY SOUTH,EC_R,2006-08-30T00:00,0.143,µg/m³,CARB,N/A
100119,BURNABY SOUTH,EC_R,2006-08-30T00:00,0.590,µg/m³,CARB,N/A
100119,BURNABY SOUTH,EC_R,2006-09-02T00:00,0.263,µg/m³,CARB,N/A
100119,BURNABY SOUTH,EC_R,2006-09-02T00:00,1.707,µg/m³,CARB,N/A
100119,BURNABY SOUTH,EC_R,2006-09-05T00:00,0.182,µg/m³,CARB,N/A
100119,BURNABY SOUTH,EC_R,2006-09-05T00:00,1.198,µg/m³,CARB,N/A
100119,BURNABY SOUTH,EC_R,2006-09-08T00:00,0.113,µg/m³,CARB,N/A
100119,BURNABY SOUTH,EC_R,2006-09-08T00:00,1.084,µg/m³,CARB,N/A
100119,BURNABY SOUTH,EC_R,2006-09-11T00:00,0.313,µg/m³,CARB,N/A
100119,BURNABY SOUTH,EC_R,2006-09-11T00:00,2.231,µg/m³,CARB,N/A
100119,BURNABY SOUTH,EC_R,2006-09-14T00:00,0.106,µg/m³,CARB,N/A
100119,BURNABY SOUTH,EC_R,2006-09-14T00:00,0.984,µg/m³,CARB,N/A
100119,BURNABY SOUTH,EC_R,2006-09-17T00:00,0.087,µg/m³,CARB,N/A
100119,BURNABY SOUTH,EC_R,2006-09-17T00:00,0.436,µg/m³,CARB,N/A
100119,BURNABY SOUTH,EC_R,2006-09-20T00:00,0.290,µg/m³,CARB,N/A
100119,BURNABY SOUTH,EC_R,2006-09-20T00:00,1.834,µg/m³,CARB,N/A
100119,BURNABY SOUTH,EC_R,2006-09-23T00:00,0.394,µg/m³,CARB,N/A
100119,BURNABY SOUTH,EC_R,2006-09-23T00:00,1.563,µg/m³,CARB,N/A
100119,BURNABY SOUTH,EC_R,2006-09-26T00:00,0.522,µg/m³,CARB,N/A
100119,BURNABY SOUTH,EC_R,2006-09-26T00:00,1.997,µg/m³,CARB,N/A
100119,BURNABY SOUTH,EC_R,2006-09-29T00:00,0.657,µg/m³,CARB,N/A
100119,BURNABY SOUTH,EC_R,2006-09-29T00:00,2.444,µg/m³,CARB,N/A
100119,BURNABY SOUTH,EC_R,2006-10-02T00:00,0.182,µg/m³,CARB,N/A
100119,BURNABY SOUTH,EC_R,2006-10-02T00:00,1.557,µg/m³,CARB,N/A
100119,BURNABY SOUTH,EC_R,2006-10-05T00:00,0.232,µg/m³,CARB,N/A
100119,BURNABY SOUTH,EC_R,2006-10-05T00:00,1.711,µg/m³,CARB,N/A
100119,BURNABY SOUTH,EC_R,2006-10-08T00:00,0.217,µg/m³,CARB,N/A
100119,BURNABY SOUTH,EC_R,2006-10-08T00:00,0.773,µg/m³,CARB,N/A
100119,BURNABY SOUTH,EC_R,2006-10-11T00:00,0.215,µg/m³,CARB,N/A
100119,BURNABY SOUTH,EC_R,2006-10-11T00:00,2.356,µg/m³,CARB,N/A
100119,BURNABY SOUTH,EC_R,2006-10-14T00:00,0.179,µg/m³,CARB,N/A
100119,BURNABY SOUTH,EC_R,2006-10-14T00:00,1.770,µg/m³,CARB,N/A
100119,BURNABY SOUTH,EC_R,2006-10-17T00:00,0.233,µg/m³,CARB,N/A
100119,BURNABY SOUTH,EC_R,2006-10-17T00:00,1.843,µg/m³,CARB,N/A
100119,BURNABY SOUTH,EC_R,2006-10-20T00:00,0.233,µg/m³,CARB,N/A
100119,BURNABY SOUTH,EC_R,2006-10-20T00:00,1.274,µg/m³,CARB,N/A
100119,BURNABY SOUTH,EC_R,2006-10-23T00:00,0.462,µg/m³,CARB,N/A
100119,BURNABY SOUTH,EC_R,2006-10-23T00:00,1.428,µg/m³,CARB,N/A
100119,BURNABY SOUTH,EC_R,2006-10-26T00:00,0.201,µg/m³,CARB,N/A
100119,BURNABY SOUTH,EC_R,2006-10-26T00:00,0.727,µg/m³,CARB,N/A
100119,BURNABY SOUTH,EC_R,2006-10-29T00:00,0.017,µg/m³,CARB,N/A
100119,BURNABY SOUTH,EC_R,2006-10-29T00:00,0.386,µg/m³,CARB,N/A
100119,BURNABY SOUTH,EC_R,2006-11-01T00:00,0.273,µg/m³,CARB,N/A
100119,BURNABY SOUTH,EC_R,2006-11-01T00:00,2.161,µg/m³,CARB,N/A
100119,BURNABY SOUTH,EC_R,2006-11-04T00:00,0.096,µg/m³,CARB,N/A
100119,BURNABY SOUTH,EC_R,2006-11-04T00:00,0.595,µg/m³,CARB,N/A
100119,BURNABY SOUTH,EC_R,2006-11-07T00:00,0.130,µg/m³,CARB,N/A
100119,BURNABY SOUTH,EC_R,2006-11-07T00:00,0.632,µg/m³,CARB,N/A
100119,BURNABY SOUTH,EC_R,2006-11-10T00:00,0.131,µg/m³,CARB,N/A
100119,BURNABY SOUTH,EC_R,2006-11-10T00:00,0.790,µg/m³,CARB,N/A
100119,BURNABY SOUTH,EC_R,2006-11-13T00:00,0.147,µg/m³,CARB,N/A
100119,BURNABY SOUTH,EC_R,2006-11-13T00:00,0.521,µg/m³,CARB,N/A
100119,BURNABY SOUTH,EC_R,2006-11-19T00:00,0.131,µg/m³,CARB,N/A
100119,BURNABY SOUTH,EC_R,2006-11-19T00:00,0.589,µg/m³,CARB,N/A
100119,BURNABY SOUTH,EC_R,2006-11-22T00:00,0.238,µg/m³,CARB,N/A
100119,BURNABY SOUTH,EC_R,2006-11-22T00:00,0.835,µg/m³,CARB,N/A
100119,BURNABY SOUTH,EC_R,2006-11-25T00:00,0.242,µg/m³,CARB,N/A
100119,BURNABY SOUTH,EC_R,2006-11-25T00:00,0.803,µg/m³,CARB,N/A
100119,BURNABY SOUTH,EC_R,2006-11-28T00:00,0.156,µg/m³,CARB,N/A
100119,BURNABY SOUTH,EC_R,2006-11-28T00:00,1.388,µg/m³,CARB,N/A
100119,BURNABY SOUTH,EC_R,2006-12-01T00:00,0.207,µg/m³,CARB,N/A
100119,BURNABY SOUTH,EC_R,2006-12-01T00:00,2.112,µg/m³,CARB,N/A
100119,BURNABY SOUTH,EC_R,2006-12-04T00:00,0.301,µg/m³,CARB,N/A
100119,BURNABY SOUTH,EC_R,2006-12-04T00:00,1.823,µg/m³,CARB,N/A
100119,BURNABY SOUTH,EC_R,2006-12-07T00:00,0.261,µg/m³,CARB,N/A
100119,BURNABY SOUTH,EC_R,2006-12-07T00:00,2.312,µg/m³,CARB,N/A
100119,BURNABY SOUTH,EC_R,2006-12-10T00:00,0.322,µg/m³,CARB,N/A
100119,BURNABY SOUTH,EC_R,2006-12-10T00:00,0.466,µg/m³,CARB,N/A
100119,BURNABY SOUTH,EC_R,2006-12-13T00:00,0.020,µg/m³,CARB,N/A
100119,BURNABY SOUTH,EC_R,2006-12-13T00:00,0.349,µg/m³,CARB,N/A
100119,BURNABY SOUTH,EC_R,2006-12-16T00:00,0.232,µg/m³,CARB,N/A
100119,BURNABY SOUTH,EC_R,2006-12-16T00:00,1.247,µg/m³,CARB,N/A
100119,BURNABY SOUTH,EC_R,2006-12-19T00:00,0.069,µg/m³,CARB,N/A
100119,BURNABY SOUTH,EC_R,2006-12-19T00:00,1.391,µg/m³,CARB,N/A
100119,BURNABY SOUTH,EC_R,2006-12-22T00:00,0.024,µg/m³,CARB,N/A
100119,BURNABY SOUTH,EC_R,2006-12-22T00:00,1.533,µg/m³,CARB,N/A
100119,BURNABY SOUTH,EC_R,2006-12-25T00:00,0.306,µg/m³,CARB,N/A
100119,BURNABY SOUTH,EC_R,2006-12-25T00:00,0.817,µg/m³,CARB,N/A
100119,BURNABY SOUTH,EC_R,2006-12-28T00:00,0.399,µg/m³,CARB,N/A
100119,BURNABY SOUTH,EC_R,2006-12-28T00:00,1.393,µg/m³,CARB,N/A
100119,BURNABY SOUTH,EC_R,2006-12-31T00:00,1.165,µg/m³,CARB,N/A
