﻿NAPS_Site_ID,Station_Name,Pollutant,Date,Value,Units,Report_Type,Method
60435,ETOBICOKE SOUTH-2,Isopentane,2009-03-20T00:00,3.957,µg/m³,VOC,N/A
60435,ETOBICOKE SOUTH-2,Isopentane,2009-03-26T00:00,1.299,µg/m³,VOC,N/A
60435,ETOBICOKE SOUTH-2,Isopentane,2009-04-01T00:00,0.821,µg/m³,VOC,N/A
60435,ETOBICOKE SOUTH-2,Isopentane,2009-04-07T00:00,0.457,µg/m³,VOC,N/A
60435,ETOBICOKE SOUTH-2,Isopentane,2009-04-13T00:00,0.793,µg/m³,VOC,N/A
60435,ETOBICOKE SOUTH-2,Isopentane,2009-04-19T00:00,0.321,µg/m³,VOC,N/A
60435,ETOBICOKE SOUTH-2,Isopentane,2009-04-25T00:00,3.896,µg/m³,VOC,N/A
60435,ETOBICOKE SOUTH-2,Isopentane,2009-05-01T00:00,0.898,µg/m³,VOC,N/A
60435,ETOBICOKE SOUTH-2,Isopentane,2009-05-07T00:00,2.274,µg/m³,VOC,N/A
60435,ETOBICOKE SOUTH-2,Isopentane,2009-05-13T00:00,1.433,µg/m³,VOC,N/A
60435,ETOBICOKE SOUTH-2,Isopentane,2009-05-19T00:00,1.208,µg/m³,VOC,N/A
60435,ETOBICOKE SOUTH-2,Isopentane,2009-05-25T00:00,2.021,µg/m³,VOC,N/A
60435,ETOBICOKE SOUTH-2,Isopentane,2009-05-31T00:00,0.369,µg/m³,VOC,N/A
60435,ETOBICOKE SOUTH-2,Isopentane,2009-06-06T00:00,3.163,µg/m³,VOC,N/A
60435,ETOBICOKE SOUTH-2,Isopentane,2009-06-12T00:00,2.402,µg/m³,VOC,N/A
60435,ETOBICOKE SOUTH-2,Isopentane,2009-06-18T00:00,2.133,µg/m³,VOC,N/A
60435,ETOBICOKE SOUTH-2,Isopentane,2009-06-24T00:00,3.098,µg/m³,VOC,N/A
60435,ETOBICOKE SOUTH-2,Isopentane,2009-06-30T00:00,4.466,µg/m³,VOC,N/A
60435,ETOBICOKE SOUTH-2,Isopentane,2009-07-06T00:00,3.653,µg/m³,VOC,N/A
60435,ETOBICOKE SOUTH-2,Isopentane,2009-07-12T00:00,2.159,µg/m³,VOC,N/A
60435,ETOBICOKE SOUTH-2,Isopentane,2009-07-18T00:00,0.537,µg/m³,VOC,N/A
60435,ETOBICOKE SOUTH-2,Isopentane,2009-07-24T00:00,2.371,µg/m³,VOC,N/A
60435,ETOBICOKE SOUTH-2,Isopentane,2009-07-30T00:00,10.480,µg/m³,VOC,N/A
60435,ETOBICOKE SOUTH-2,Isopentane,2009-08-05T00:00,1.200,µg/m³,VOC,N/A
60435,ETOBICOKE SOUTH-2,Isopentane,2009-08-11T00:00,2.557,µg/m³,VOC,N/A
60435,ETOBICOKE SOUTH-2,Isopentane,2009-08-17T00:00,2.546,µg/m³,VOC,N/A
60435,ETOBICOKE SOUTH-2,Isopentane,2009-08-23T00:00,1.201,µg/m³,VOC,N/A
60435,ETOBICOKE SOUTH-2,Isopentane,2009-08-29T00:00,1.180,µg/m³,VOC,N/A
60435,ETOBICOKE SOUTH-2,Isopentane,2009-09-04T00:00,3.673,µg/m³,VOC,N/A
60435,ETOBICOKE SOUTH-2,Isopentane,2009-09-10T00:00,1.416,µg/m³,VOC,N/A
60435,ETOBICOKE SOUTH-2,Isopentane,2009-09-16T00:00,1.021,µg/m³,VOC,N/A
60435,ETOBICOKE SOUTH-2,Isopentane,2009-09-22T00:00,2.536,µg/m³,VOC,N/A
60435,ETOBICOKE SOUTH-2,Isopentane,2009-09-28T00:00,1.133,µg/m³,VOC,N/A
60435,ETOBICOKE SOUTH-2,Isopentane,2009-10-04T00:00,2.611,µg/m³,VOC,N/A
60435,ETOBICOKE SOUTH-2,Isopentane,2009-10-10T00:00,0.922,µg/m³,VOC,N/A
60435,ETOBICOKE SOUTH-2,Isopentane,2009-10-16T00:00,1.176,µg/m³,VOC,N/A
60435,ETOBICOKE SOUTH-2,Isopentane,2009-10-22T00:00,2.493,µg/m³,VOC,N/A
60435,ETOBICOKE SOUTH-2,Isopentane,2009-10-28T00:00,2.080,µg/m³,VOC,N/A
60435,ETOBICOKE SOUTH-2,Isopentane,2009-11-03T00:00,1.421,µg/m³,VOC,N/A
60435,ETOBICOKE SOUTH-2,Isopentane,2009-11-09T00:00,5.225,µg/m³,VOC,N/A
60435,ETOBICOKE SOUTH-2,Isopentane,2009-11-15T00:00,4.999,µg/m³,VOC,N/A
60435,ETOBICOKE SOUTH-2,Isopentane,2009-11-21T00:00,5.101,µg/m³,VOC,N/A
60435,ETOBICOKE SOUTH-2,Isopentane,2009-11-27T00:00,2.105,µg/m³,VOC,N/A
60435,ETOBICOKE SOUTH-2,Isopentane,2009-12-03T00:00,1.147,µg/m³,VOC,N/A
60435,ETOBICOKE SOUTH-2,Isopentane,2009-12-09T00:00,1.171,µg/m³,VOC,N/A
60435,ETOBICOKE SOUTH-2,Isopentane,2009-12-15T00:00,0.911,µg/m³,VOC,N/A
60435,ETOBICOKE SOUTH-2,Isopentane,2009-12-21T00:00,2.036,µg/m³,VOC,N/A
60435,ETOBICOKE SOUTH-2,Isopentane,2009-12-27T00:00,2.371,µg/m³,VOC,N/A
