﻿NAPS_Site_ID,Station_Name,Pollutant,Date,Value,Units,Report_Type,Method
101101,CHILLIWACK AIRPORT,"1,4-Dichlorobenzene",2008-01-07T00:00,0.035,µg/m³,VOC,
101101,CHILLIWACK AIRPORT,"1,4-Dichlorobenzene",2008-01-19T00:00,0.041,µg/m³,VOC,
101101,CHILLIWACK AIRPORT,"1,4-Dichlorobenzene",2008-02-24T00:00,0.041,µg/m³,VOC,
101101,CHILLIWACK AIRPORT,"1,4-Dichlorobenzene",2008-03-07T00:00,0.056,µg/m³,VOC,
101101,CHILLIWACK AIRPORT,"1,4-Dichlorobenzene",2008-03-19T00:00,0.038,µg/m³,VOC,
101101,CHILLIWACK AIRPORT,"1,4-Dichlorobenzene",2008-03-31T00:00,0.035,µg/m³,VOC,
101101,CHILLIWACK AIRPORT,"1,4-Dichlorobenzene",2008-04-12T00:00,0.023,µg/m³,VOC,
101101,CHILLIWACK AIRPORT,"1,4-Dichlorobenzene",2008-05-06T00:00,0.066,µg/m³,VOC,
101101,CHILLIWACK AIRPORT,"1,4-Dichlorobenzene",2008-05-18T00:00,0.067,µg/m³,VOC,
101101,CHILLIWACK AIRPORT,"1,4-Dichlorobenzene",2008-05-30T00:00,0.053,µg/m³,VOC,
101101,CHILLIWACK AIRPORT,"1,4-Dichlorobenzene",2008-06-11T00:00,0.056,µg/m³,VOC,
101101,CHILLIWACK AIRPORT,"1,4-Dichlorobenzene",2008-06-23T00:00,0.068,µg/m³,VOC,
101101,CHILLIWACK AIRPORT,"1,4-Dichlorobenzene",2008-07-05T00:00,0.052,µg/m³,VOC,
101101,CHILLIWACK AIRPORT,"1,4-Dichlorobenzene",2008-07-17T00:00,0.050,µg/m³,VOC,
101101,CHILLIWACK AIRPORT,"1,4-Dichlorobenzene",2008-07-29T00:00,0.054,µg/m³,VOC,
101101,CHILLIWACK AIRPORT,"1,4-Dichlorobenzene",2008-08-10T00:00,0.045,µg/m³,VOC,
101101,CHILLIWACK AIRPORT,"1,4-Dichlorobenzene",2008-08-22T00:00,0.045,µg/m³,VOC,
101101,CHILLIWACK AIRPORT,"1,4-Dichlorobenzene",2008-09-03T00:00,0.050,µg/m³,VOC,
101101,CHILLIWACK AIRPORT,"1,4-Dichlorobenzene",2008-09-27T00:00,0.049,µg/m³,VOC,
101101,CHILLIWACK AIRPORT,"1,4-Dichlorobenzene",2008-10-09T00:00,0.043,µg/m³,VOC,
101101,CHILLIWACK AIRPORT,"1,4-Dichlorobenzene",2008-10-21T00:00,0.034,µg/m³,VOC,
101101,CHILLIWACK AIRPORT,"1,4-Dichlorobenzene",2008-11-14T00:00,0.040,µg/m³,VOC,
101101,CHILLIWACK AIRPORT,"1,4-Dichlorobenzene",2008-11-26T00:00,0.039,µg/m³,VOC,
101101,CHILLIWACK AIRPORT,"1,4-Dichlorobenzene",2008-12-08T00:00,0.047,µg/m³,VOC,
101101,CHILLIWACK AIRPORT,"1,4-Dichlorobenzene",2008-12-20T00:00,0.031,µg/m³,VOC,
