﻿NAPS_Site_ID,Station_Name,Pollutant,Date,Value,Units,Report_Type,Method
40501,PT LEPREAU - CHARLOTTE COUNTY,"1,2-Diethylbenzene",1997-01-16T00:00,0.000,µg/m³,VOC,
40501,PT LEPREAU - CHARLOTTE COUNTY,"1,2-Diethylbenzene",1997-01-22T00:00,0.000,µg/m³,VOC,
40501,PT LEPREAU - CHARLOTTE COUNTY,"1,2-Diethylbenzene",1997-01-28T00:00,0.000,µg/m³,VOC,
40501,PT LEPREAU - CHARLOTTE COUNTY,"1,2-Diethylbenzene",1997-02-09T00:00,0.000,µg/m³,VOC,
40501,PT LEPREAU - CHARLOTTE COUNTY,"1,2-Diethylbenzene",1997-02-15T00:00,0.000,µg/m³,VOC,
40501,PT LEPREAU - CHARLOTTE COUNTY,"1,2-Diethylbenzene",1997-02-21T00:00,0.000,µg/m³,VOC,
40501,PT LEPREAU - CHARLOTTE COUNTY,"1,2-Diethylbenzene",1997-02-27T00:00,0.020,µg/m³,VOC,
40501,PT LEPREAU - CHARLOTTE COUNTY,"1,2-Diethylbenzene",1997-03-05T00:00,0.000,µg/m³,VOC,
40501,PT LEPREAU - CHARLOTTE COUNTY,"1,2-Diethylbenzene",1997-03-11T00:00,0.000,µg/m³,VOC,
40501,PT LEPREAU - CHARLOTTE COUNTY,"1,2-Diethylbenzene",1997-03-17T00:00,0.020,µg/m³,VOC,
40501,PT LEPREAU - CHARLOTTE COUNTY,"1,2-Diethylbenzene",1997-03-23T00:00,0.000,µg/m³,VOC,
40501,PT LEPREAU - CHARLOTTE COUNTY,"1,2-Diethylbenzene",1997-03-29T00:00,0.000,µg/m³,VOC,
40501,PT LEPREAU - CHARLOTTE COUNTY,"1,2-Diethylbenzene",1997-07-15T00:00,0.000,µg/m³,VOC,
40501,PT LEPREAU - CHARLOTTE COUNTY,"1,2-Diethylbenzene",1997-07-21T00:00,0.000,µg/m³,VOC,
40501,PT LEPREAU - CHARLOTTE COUNTY,"1,2-Diethylbenzene",1997-07-27T00:00,0.025,µg/m³,VOC,
40501,PT LEPREAU - CHARLOTTE COUNTY,"1,2-Diethylbenzene",1997-08-02T00:00,0.000,µg/m³,VOC,
40501,PT LEPREAU - CHARLOTTE COUNTY,"1,2-Diethylbenzene",1997-08-14T00:00,0.000,µg/m³,VOC,
40501,PT LEPREAU - CHARLOTTE COUNTY,"1,2-Diethylbenzene",1997-08-20T00:00,0.000,µg/m³,VOC,
40501,PT LEPREAU - CHARLOTTE COUNTY,"1,2-Diethylbenzene",1997-08-26T00:00,0.018,µg/m³,VOC,
40501,PT LEPREAU - CHARLOTTE COUNTY,"1,2-Diethylbenzene",1997-09-01T00:00,0.018,µg/m³,VOC,
40501,PT LEPREAU - CHARLOTTE COUNTY,"1,2-Diethylbenzene",1997-09-07T00:00,0.014,µg/m³,VOC,
40501,PT LEPREAU - CHARLOTTE COUNTY,"1,2-Diethylbenzene",1997-09-13T00:00,0.014,µg/m³,VOC,
40501,PT LEPREAU - CHARLOTTE COUNTY,"1,2-Diethylbenzene",1997-09-19T00:00,0.009,µg/m³,VOC,
40501,PT LEPREAU - CHARLOTTE COUNTY,"1,2-Diethylbenzene",1997-09-25T00:00,0.010,µg/m³,VOC,
40501,PT LEPREAU - CHARLOTTE COUNTY,"1,2-Diethylbenzene",1997-10-01T00:00,0.012,µg/m³,VOC,
40501,PT LEPREAU - CHARLOTTE COUNTY,"1,2-Diethylbenzene",1997-10-07T00:00,0.012,µg/m³,VOC,
40501,PT LEPREAU - CHARLOTTE COUNTY,"1,2-Diethylbenzene",1997-10-13T00:00,0.000,µg/m³,VOC,
40501,PT LEPREAU - CHARLOTTE COUNTY,"1,2-Diethylbenzene",1997-10-19T00:00,0.018,µg/m³,VOC,
40501,PT LEPREAU - CHARLOTTE COUNTY,"1,2-Diethylbenzene",1997-10-25T00:00,0.004,µg/m³,VOC,
40501,PT LEPREAU - CHARLOTTE COUNTY,"1,2-Diethylbenzene",1997-10-31T00:00,0.000,µg/m³,VOC,
40501,PT LEPREAU - CHARLOTTE COUNTY,"1,2-Diethylbenzene",1997-11-06T00:00,0.000,µg/m³,VOC,
40501,PT LEPREAU - CHARLOTTE COUNTY,"1,2-Diethylbenzene",1997-11-12T00:00,0.000,µg/m³,VOC,
40501,PT LEPREAU - CHARLOTTE COUNTY,"1,2-Diethylbenzene",1997-11-18T00:00,0.000,µg/m³,VOC,
40501,PT LEPREAU - CHARLOTTE COUNTY,"1,2-Diethylbenzene",1997-11-24T00:00,0.000,µg/m³,VOC,
40501,PT LEPREAU - CHARLOTTE COUNTY,"1,2-Diethylbenzene",1997-11-30T00:00,0.000,µg/m³,VOC,
40501,PT LEPREAU - CHARLOTTE COUNTY,"1,2-Diethylbenzene",1997-12-06T00:00,0.008,µg/m³,VOC,
40501,PT LEPREAU - CHARLOTTE COUNTY,"1,2-Diethylbenzene",1997-12-12T00:00,0.000,µg/m³,VOC,
40501,PT LEPREAU - CHARLOTTE COUNTY,"1,2-Diethylbenzene",1997-12-18T00:00,0.000,µg/m³,VOC,
