﻿NAPS_Site_ID,Station_Name,Pollutant,Date,Value,Units,Report_Type,Method
60211,WINDSOR WEST,2-Ethyltoluene,2009-01-01T00:00,0.017,µg/m³,VOC,
60211,WINDSOR WEST,2-Ethyltoluene,2009-01-07T00:00,0.047,µg/m³,VOC,
60211,WINDSOR WEST,2-Ethyltoluene,2009-01-13T00:00,0.048,µg/m³,VOC,
60211,WINDSOR WEST,2-Ethyltoluene,2009-01-19T00:00,0.080,µg/m³,VOC,
60211,WINDSOR WEST,2-Ethyltoluene,2009-01-25T00:00,0.028,µg/m³,VOC,
60211,WINDSOR WEST,2-Ethyltoluene,2009-01-31T00:00,0.033,µg/m³,VOC,
60211,WINDSOR WEST,2-Ethyltoluene,2009-02-06T00:00,0.063,µg/m³,VOC,
60211,WINDSOR WEST,2-Ethyltoluene,2009-02-12T00:00,0.056,µg/m³,VOC,
60211,WINDSOR WEST,2-Ethyltoluene,2009-02-18T00:00,0.075,µg/m³,VOC,
60211,WINDSOR WEST,2-Ethyltoluene,2009-02-24T00:00,0.104,µg/m³,VOC,
60211,WINDSOR WEST,2-Ethyltoluene,2009-03-02T00:00,0.065,µg/m³,VOC,
60211,WINDSOR WEST,2-Ethyltoluene,2009-03-14T00:00,0.079,µg/m³,VOC,
60211,WINDSOR WEST,2-Ethyltoluene,2009-03-20T00:00,0.035,µg/m³,VOC,
60211,WINDSOR WEST,2-Ethyltoluene,2009-03-26T00:00,0.078,µg/m³,VOC,
60211,WINDSOR WEST,2-Ethyltoluene,2009-04-01T00:00,0.024,µg/m³,VOC,
60211,WINDSOR WEST,2-Ethyltoluene,2009-04-07T00:00,0.048,µg/m³,VOC,
60211,WINDSOR WEST,2-Ethyltoluene,2009-04-13T00:00,0.017,µg/m³,VOC,
60211,WINDSOR WEST,2-Ethyltoluene,2009-04-19T00:00,0.025,µg/m³,VOC,
60211,WINDSOR WEST,2-Ethyltoluene,2009-04-25T00:00,0.063,µg/m³,VOC,
60211,WINDSOR WEST,2-Ethyltoluene,2009-05-01T00:00,0.058,µg/m³,VOC,
60211,WINDSOR WEST,2-Ethyltoluene,2009-05-07T00:00,0.078,µg/m³,VOC,
60211,WINDSOR WEST,2-Ethyltoluene,2009-05-13T00:00,0.033,µg/m³,VOC,
60211,WINDSOR WEST,2-Ethyltoluene,2009-05-19T00:00,0.029,µg/m³,VOC,
60211,WINDSOR WEST,2-Ethyltoluene,2009-05-25T00:00,0.043,µg/m³,VOC,
60211,WINDSOR WEST,2-Ethyltoluene,2009-05-31T00:00,0.041,µg/m³,VOC,
60211,WINDSOR WEST,2-Ethyltoluene,2009-06-06T00:00,0.069,µg/m³,VOC,
60211,WINDSOR WEST,2-Ethyltoluene,2009-06-12T00:00,0.087,µg/m³,VOC,
60211,WINDSOR WEST,2-Ethyltoluene,2009-06-18T00:00,0.073,µg/m³,VOC,
60211,WINDSOR WEST,2-Ethyltoluene,2009-06-24T00:00,0.355,µg/m³,VOC,
60211,WINDSOR WEST,2-Ethyltoluene,2009-06-30T00:00,0.055,µg/m³,VOC,
60211,WINDSOR WEST,2-Ethyltoluene,2009-07-06T00:00,0.111,µg/m³,VOC,
60211,WINDSOR WEST,2-Ethyltoluene,2009-07-18T00:00,0.052,µg/m³,VOC,
60211,WINDSOR WEST,2-Ethyltoluene,2009-07-24T00:00,0.140,µg/m³,VOC,
60211,WINDSOR WEST,2-Ethyltoluene,2009-07-30T00:00,0.155,µg/m³,VOC,
60211,WINDSOR WEST,2-Ethyltoluene,2009-08-05T00:00,0.064,µg/m³,VOC,
60211,WINDSOR WEST,2-Ethyltoluene,2009-08-11T00:00,0.091,µg/m³,VOC,
60211,WINDSOR WEST,2-Ethyltoluene,2009-08-17T00:00,0.028,µg/m³,VOC,
60211,WINDSOR WEST,2-Ethyltoluene,2009-08-23T00:00,0.066,µg/m³,VOC,
60211,WINDSOR WEST,2-Ethyltoluene,2009-08-29T00:00,0.039,µg/m³,VOC,
60211,WINDSOR WEST,2-Ethyltoluene,2009-09-04T00:00,0.473,µg/m³,VOC,
60211,WINDSOR WEST,2-Ethyltoluene,2009-09-10T00:00,0.051,µg/m³,VOC,
60211,WINDSOR WEST,2-Ethyltoluene,2009-09-16T00:00,0.031,µg/m³,VOC,
60211,WINDSOR WEST,2-Ethyltoluene,2009-09-22T00:00,0.017,µg/m³,VOC,
60211,WINDSOR WEST,2-Ethyltoluene,2009-09-28T00:00,0.022,µg/m³,VOC,
60211,WINDSOR WEST,2-Ethyltoluene,2009-10-04T00:00,0.023,µg/m³,VOC,
60211,WINDSOR WEST,2-Ethyltoluene,2009-10-10T00:00,0.040,µg/m³,VOC,
60211,WINDSOR WEST,2-Ethyltoluene,2009-10-16T00:00,0.061,µg/m³,VOC,
60211,WINDSOR WEST,2-Ethyltoluene,2009-10-22T00:00,0.071,µg/m³,VOC,
60211,WINDSOR WEST,2-Ethyltoluene,2009-10-28T00:00,0.197,µg/m³,VOC,
60211,WINDSOR WEST,2-Ethyltoluene,2009-11-03T00:00,0.167,µg/m³,VOC,
60211,WINDSOR WEST,2-Ethyltoluene,2009-11-09T00:00,0.162,µg/m³,VOC,
60211,WINDSOR WEST,2-Ethyltoluene,2009-11-15T00:00,0.075,µg/m³,VOC,
60211,WINDSOR WEST,2-Ethyltoluene,2009-11-21T00:00,0.187,µg/m³,VOC,
60211,WINDSOR WEST,2-Ethyltoluene,2009-12-03T00:00,0.065,µg/m³,VOC,
60211,WINDSOR WEST,2-Ethyltoluene,2009-12-21T00:00,0.071,µg/m³,VOC,
60211,WINDSOR WEST,2-Ethyltoluene,2009-12-27T00:00,0.013,µg/m³,VOC,
