﻿NAPS_Site_ID,Station_Name,Pollutant,Date,Value,Units,Report_Type,Method
54401,SAINT-ANICET,Freon 113,2013-01-01T00:00,0.541,µg/m³,VOC,
54401,SAINT-ANICET,Freon 113,2013-01-04T00:00,0.473,µg/m³,VOC,
54401,SAINT-ANICET,Freon 113,2013-01-07T00:00,0.459,µg/m³,VOC,
54401,SAINT-ANICET,Freon 113,2013-01-10T00:00,0.474,µg/m³,VOC,
54401,SAINT-ANICET,Freon 113,2013-01-13T00:00,0.497,µg/m³,VOC,
54401,SAINT-ANICET,Freon 113,2013-01-19T00:00,0.467,µg/m³,VOC,
54401,SAINT-ANICET,Freon 113,2013-01-22T00:00,0.510,µg/m³,VOC,
54401,SAINT-ANICET,Freon 113,2013-01-25T00:00,0.568,µg/m³,VOC,
54401,SAINT-ANICET,Freon 113,2013-01-28T00:00,0.594,µg/m³,VOC,
54401,SAINT-ANICET,Freon 113,2013-01-31T00:00,0.593,µg/m³,VOC,
54401,SAINT-ANICET,Freon 113,2013-02-03T00:00,0.588,µg/m³,VOC,
54401,SAINT-ANICET,Freon 113,2013-02-06T00:00,0.584,µg/m³,VOC,
54401,SAINT-ANICET,Freon 113,2013-02-09T00:00,0.608,µg/m³,VOC,
54401,SAINT-ANICET,Freon 113,2013-02-12T00:00,0.590,µg/m³,VOC,
54401,SAINT-ANICET,Freon 113,2013-02-15T00:00,0.608,µg/m³,VOC,
54401,SAINT-ANICET,Freon 113,2013-02-21T00:00,0.761,µg/m³,VOC,
54401,SAINT-ANICET,Freon 113,2013-02-24T00:00,0.614,µg/m³,VOC,
54401,SAINT-ANICET,Freon 113,2013-02-27T00:00,0.589,µg/m³,VOC,
54401,SAINT-ANICET,Freon 113,2013-03-02T00:00,0.581,µg/m³,VOC,
54401,SAINT-ANICET,Freon 113,2013-03-05T00:00,0.568,µg/m³,VOC,
54401,SAINT-ANICET,Freon 113,2013-03-08T00:00,0.590,µg/m³,VOC,
54401,SAINT-ANICET,Freon 113,2013-03-11T00:00,0.609,µg/m³,VOC,
54401,SAINT-ANICET,Freon 113,2013-03-14T00:00,0.579,µg/m³,VOC,
54401,SAINT-ANICET,Freon 113,2013-03-17T00:00,0.588,µg/m³,VOC,
54401,SAINT-ANICET,Freon 113,2013-03-20T00:00,0.571,µg/m³,VOC,
54401,SAINT-ANICET,Freon 113,2013-03-23T00:00,0.557,µg/m³,VOC,
54401,SAINT-ANICET,Freon 113,2013-03-26T00:00,0.544,µg/m³,VOC,
54401,SAINT-ANICET,Freon 113,2013-03-29T00:00,0.617,µg/m³,VOC,
54401,SAINT-ANICET,Freon 113,2013-04-01T00:00,0.608,µg/m³,VOC,
54401,SAINT-ANICET,Freon 113,2013-04-04T00:00,0.552,µg/m³,VOC,
54401,SAINT-ANICET,Freon 113,2013-04-07T00:00,0.670,µg/m³,VOC,
54401,SAINT-ANICET,Freon 113,2013-04-10T00:00,0.708,µg/m³,VOC,
54401,SAINT-ANICET,Freon 113,2013-04-13T00:00,0.675,µg/m³,VOC,
54401,SAINT-ANICET,Freon 113,2013-04-16T00:00,0.670,µg/m³,VOC,
54401,SAINT-ANICET,Freon 113,2013-04-19T00:00,0.586,µg/m³,VOC,
54401,SAINT-ANICET,Freon 113,2013-04-22T00:00,0.635,µg/m³,VOC,
54401,SAINT-ANICET,Freon 113,2013-04-28T00:00,0.611,µg/m³,VOC,
54401,SAINT-ANICET,Freon 113,2013-07-03T00:00,0.614,µg/m³,VOC,
54401,SAINT-ANICET,Freon 113,2013-07-06T00:00,0.574,µg/m³,VOC,
54401,SAINT-ANICET,Freon 113,2013-07-12T00:00,0.553,µg/m³,VOC,
54401,SAINT-ANICET,Freon 113,2013-07-15T00:00,0.537,µg/m³,VOC,
54401,SAINT-ANICET,Freon 113,2013-07-18T00:00,0.547,µg/m³,VOC,
54401,SAINT-ANICET,Freon 113,2013-07-21T00:00,0.571,µg/m³,VOC,
54401,SAINT-ANICET,Freon 113,2013-07-24T00:00,0.654,µg/m³,VOC,
54401,SAINT-ANICET,Freon 113,2013-07-27T00:00,0.616,µg/m³,VOC,
54401,SAINT-ANICET,Freon 113,2013-07-30T00:00,0.628,µg/m³,VOC,
54401,SAINT-ANICET,Freon 113,2013-08-02T00:00,0.664,µg/m³,VOC,
54401,SAINT-ANICET,Freon 113,2013-08-05T00:00,0.692,µg/m³,VOC,
54401,SAINT-ANICET,Freon 113,2013-08-08T00:00,0.682,µg/m³,VOC,
54401,SAINT-ANICET,Freon 113,2013-08-17T00:00,0.635,µg/m³,VOC,
54401,SAINT-ANICET,Freon 113,2013-08-20T00:00,0.636,µg/m³,VOC,
54401,SAINT-ANICET,Freon 113,2013-08-23T00:00,0.666,µg/m³,VOC,
54401,SAINT-ANICET,Freon 113,2013-08-26T00:00,0.640,µg/m³,VOC,
54401,SAINT-ANICET,Freon 113,2013-08-29T00:00,0.592,µg/m³,VOC,
54401,SAINT-ANICET,Freon 113,2013-09-01T00:00,0.598,µg/m³,VOC,
54401,SAINT-ANICET,Freon 113,2013-09-04T00:00,0.616,µg/m³,VOC,
54401,SAINT-ANICET,Freon 113,2013-09-07T00:00,0.624,µg/m³,VOC,
54401,SAINT-ANICET,Freon 113,2013-09-16T00:00,0.546,µg/m³,VOC,
54401,SAINT-ANICET,Freon 113,2013-09-22T00:00,0.540,µg/m³,VOC,
54401,SAINT-ANICET,Freon 113,2013-09-25T00:00,0.540,µg/m³,VOC,
54401,SAINT-ANICET,Freon 113,2013-09-28T00:00,0.532,µg/m³,VOC,
54401,SAINT-ANICET,Freon 113,2013-10-01T00:00,0.544,µg/m³,VOC,
54401,SAINT-ANICET,Freon 113,2013-10-04T00:00,0.622,µg/m³,VOC,
54401,SAINT-ANICET,Freon 113,2013-10-07T00:00,0.598,µg/m³,VOC,
54401,SAINT-ANICET,Freon 113,2013-10-10T00:00,0.610,µg/m³,VOC,
54401,SAINT-ANICET,Freon 113,2013-10-13T00:00,0.608,µg/m³,VOC,
54401,SAINT-ANICET,Freon 113,2013-10-16T00:00,0.600,µg/m³,VOC,
54401,SAINT-ANICET,Freon 113,2013-10-19T00:00,0.608,µg/m³,VOC,
54401,SAINT-ANICET,Freon 113,2013-10-22T00:00,0.640,µg/m³,VOC,
54401,SAINT-ANICET,Freon 113,2013-10-25T00:00,0.648,µg/m³,VOC,
54401,SAINT-ANICET,Freon 113,2013-10-28T00:00,0.646,µg/m³,VOC,
54401,SAINT-ANICET,Freon 113,2013-10-31T00:00,0.632,µg/m³,VOC,
54401,SAINT-ANICET,Freon 113,2013-11-03T00:00,0.672,µg/m³,VOC,
54401,SAINT-ANICET,Freon 113,2013-11-06T00:00,0.662,µg/m³,VOC,
54401,SAINT-ANICET,Freon 113,2013-11-09T00:00,0.732,µg/m³,VOC,
54401,SAINT-ANICET,Freon 113,2013-11-12T00:00,0.698,µg/m³,VOC,
54401,SAINT-ANICET,Freon 113,2013-11-15T00:00,0.676,µg/m³,VOC,
54401,SAINT-ANICET,Freon 113,2013-11-18T00:00,0.692,µg/m³,VOC,
54401,SAINT-ANICET,Freon 113,2013-11-21T00:00,0.710,µg/m³,VOC,
54401,SAINT-ANICET,Freon 113,2013-11-24T00:00,0.668,µg/m³,VOC,
54401,SAINT-ANICET,Freon 113,2013-11-27T00:00,0.588,µg/m³,VOC,
54401,SAINT-ANICET,Freon 113,2013-11-30T00:00,0.696,µg/m³,VOC,
54401,SAINT-ANICET,Freon 113,2013-12-03T00:00,0.640,µg/m³,VOC,
54401,SAINT-ANICET,Freon 113,2013-12-06T00:00,0.608,µg/m³,VOC,
54401,SAINT-ANICET,Freon 113,2013-12-09T00:00,0.660,µg/m³,VOC,
54401,SAINT-ANICET,Freon 113,2013-12-12T00:00,0.550,µg/m³,VOC,
54401,SAINT-ANICET,Freon 113,2013-12-15T00:00,0.592,µg/m³,VOC,
54401,SAINT-ANICET,Freon 113,2013-12-18T00:00,0.566,µg/m³,VOC,
54401,SAINT-ANICET,Freon 113,2013-12-21T00:00,0.680,µg/m³,VOC,
54401,SAINT-ANICET,Freon 113,2013-12-24T00:00,0.598,µg/m³,VOC,
54401,SAINT-ANICET,Freon 113,2013-12-27T00:00,0.598,µg/m³,VOC,
54401,SAINT-ANICET,Freon 113,2013-12-30T00:00,0.520,µg/m³,VOC,
