﻿NAPS_Site_ID,Station_Name,Pollutant,Date,Value,Units,Report_Type,Method
60429,JUDSON ST. & ETONA CT. _ETOBICOKE_ (moved to kipling),123478-H6CDD,2003-01-21T00:00,0.009,pg/m³,PCDD,N/A
60429,JUDSON ST. & ETONA CT. _ETOBICOKE_ (moved to kipling),123478-H6CDD,2003-03-10T00:00,0.003,pg/m³,PCDD,N/A
60429,JUDSON ST. & ETONA CT. _ETOBICOKE_ (moved to kipling),123478-H6CDD,2003-04-03T00:00,0.002,pg/m³,PCDD,N/A
60429,JUDSON ST. & ETONA CT. _ETOBICOKE_ (moved to kipling),123478-H6CDD,2003-06-14T00:00,0.003,pg/m³,PCDD,N/A
60429,JUDSON ST. & ETONA CT. _ETOBICOKE_ (moved to kipling),123478-H6CDD,2003-08-01T00:00,0.004,pg/m³,PCDD,N/A
60429,JUDSON ST. & ETONA CT. _ETOBICOKE_ (moved to kipling),123478-H6CDD,2003-08-25T00:00,0.007,pg/m³,PCDD,N/A
60429,JUDSON ST. & ETONA CT. _ETOBICOKE_ (moved to kipling),123478-H6CDD,2003-09-18T00:00,0.004,pg/m³,PCDD,N/A
