﻿NAPS_Site_ID,Station_Name,Pollutant,Date,Value,Units,Report_Type,Method
61007,AAMJIWNAANG,3-Methylheptane,2016-12-31T19:00,0.026,µg/m³,VOC,GC-MS
61007,AAMJIWNAANG,3-Methylheptane,2017-01-06T19:00,0.067,µg/m³,VOC,GC-MS
61007,AAMJIWNAANG,3-Methylheptane,2017-01-12T19:00,0.076,µg/m³,VOC,GC-MS
61007,AAMJIWNAANG,3-Methylheptane,2017-01-18T19:00,0.026,µg/m³,VOC,GC-MS
61007,AAMJIWNAANG,3-Methylheptane,2017-01-24T19:00,0.023,µg/m³,VOC,GC-MS
61007,AAMJIWNAANG,3-Methylheptane,2017-01-30T19:00,0.021,µg/m³,VOC,GC-MS
61007,AAMJIWNAANG,3-Methylheptane,2017-02-05T19:00,0.035,µg/m³,VOC,GC-MS
61007,AAMJIWNAANG,3-Methylheptane,2017-02-11T19:00,0.037,µg/m³,VOC,GC-MS
61007,AAMJIWNAANG,3-Methylheptane,2017-02-17T19:00,0.088,µg/m³,VOC,GC-MS
61007,AAMJIWNAANG,3-Methylheptane,2017-02-23T19:00,0.105,µg/m³,VOC,GC-MS
61007,AAMJIWNAANG,3-Methylheptane,2017-03-01T19:00,0.033,µg/m³,VOC,GC-MS
61007,AAMJIWNAANG,3-Methylheptane,2017-03-07T19:00,0.015,µg/m³,VOC,GC-MS
61007,AAMJIWNAANG,3-Methylheptane,2017-03-13T20:00,0.028,µg/m³,VOC,GC-MS
61007,AAMJIWNAANG,3-Methylheptane,2017-03-19T20:00,0.123,µg/m³,VOC,GC-MS
61007,AAMJIWNAANG,3-Methylheptane,2017-03-25T20:00,0.032,µg/m³,VOC,GC-MS
61007,AAMJIWNAANG,3-Methylheptane,2017-03-31T20:00,0.042,µg/m³,VOC,GC-MS
61007,AAMJIWNAANG,3-Methylheptane,2017-04-06T20:00,0.113,µg/m³,VOC,GC-MS
61007,AAMJIWNAANG,3-Methylheptane,2017-04-12T20:00,0.031,µg/m³,VOC,GC-MS
61007,AAMJIWNAANG,3-Methylheptane,2017-04-18T20:00,0.048,µg/m³,VOC,GC-MS
61007,AAMJIWNAANG,3-Methylheptane,2017-04-24T20:00,0.012,µg/m³,VOC,GC-MS
61007,AAMJIWNAANG,3-Methylheptane,2017-04-30T20:00,0.031,µg/m³,VOC,GC-MS
61007,AAMJIWNAANG,3-Methylheptane,2017-05-06T20:00,0.049,µg/m³,VOC,GC-MS
61007,AAMJIWNAANG,3-Methylheptane,2017-05-12T20:00,0.180,µg/m³,VOC,GC-MS
61007,AAMJIWNAANG,3-Methylheptane,2017-05-24T20:00,0.107,µg/m³,VOC,GC-MS
61007,AAMJIWNAANG,3-Methylheptane,2017-05-30T20:00,0.100,µg/m³,VOC,GC-MS
61007,AAMJIWNAANG,3-Methylheptane,2017-06-05T20:00,0.110,µg/m³,VOC,GC-MS
61007,AAMJIWNAANG,3-Methylheptane,2017-06-11T20:00,0.090,µg/m³,VOC,GC-MS
61007,AAMJIWNAANG,3-Methylheptane,2017-06-17T20:00,0.081,µg/m³,VOC,GC-MS
61007,AAMJIWNAANG,3-Methylheptane,2017-06-23T20:00,0.118,µg/m³,VOC,GC-MS
61007,AAMJIWNAANG,3-Methylheptane,2017-06-29T20:00,0.039,µg/m³,VOC,GC-MS
61007,AAMJIWNAANG,3-Methylheptane,2017-07-05T20:00,0.114,µg/m³,VOC,GC-MS
61007,AAMJIWNAANG,3-Methylheptane,2017-07-11T20:00,0.059,µg/m³,VOC,GC-MS
61007,AAMJIWNAANG,3-Methylheptane,2017-07-23T20:00,0.059,µg/m³,VOC,GC-MS
61007,AAMJIWNAANG,3-Methylheptane,2017-07-29T20:00,0.065,µg/m³,VOC,GC-MS
61007,AAMJIWNAANG,3-Methylheptane,2017-08-04T20:00,0.041,µg/m³,VOC,GC-MS
61007,AAMJIWNAANG,3-Methylheptane,2017-08-10T20:00,0.072,µg/m³,VOC,GC-MS
61007,AAMJIWNAANG,3-Methylheptane,2017-08-16T20:00,0.042,µg/m³,VOC,GC-MS
61007,AAMJIWNAANG,3-Methylheptane,2017-08-22T20:00,0.058,µg/m³,VOC,GC-MS
61007,AAMJIWNAANG,3-Methylheptane,2017-08-28T20:00,0.029,µg/m³,VOC,GC-MS
61007,AAMJIWNAANG,3-Methylheptane,2017-09-09T20:00,0.073,µg/m³,VOC,GC-MS
61007,AAMJIWNAANG,3-Methylheptane,2017-09-27T20:00,0.044,µg/m³,VOC,GC-MS
61007,AAMJIWNAANG,3-Methylheptane,2017-10-03T20:00,0.052,µg/m³,VOC,GC-MS
61007,AAMJIWNAANG,3-Methylheptane,2017-10-09T20:00,0.092,µg/m³,VOC,GC-MS
61007,AAMJIWNAANG,3-Methylheptane,2017-10-15T20:00,0.053,µg/m³,VOC,GC-MS
61007,AAMJIWNAANG,3-Methylheptane,2017-10-21T20:00,0.100,µg/m³,VOC,GC-MS
61007,AAMJIWNAANG,3-Methylheptane,2017-10-27T20:00,0.030,µg/m³,VOC,GC-MS
61007,AAMJIWNAANG,3-Methylheptane,2017-11-02T20:00,0.114,µg/m³,VOC,GC-MS
61007,AAMJIWNAANG,3-Methylheptane,2017-11-08T19:00,0.139,µg/m³,VOC,GC-MS
61007,AAMJIWNAANG,3-Methylheptane,2017-11-14T19:00,0.082,µg/m³,VOC,GC-MS
61007,AAMJIWNAANG,3-Methylheptane,2017-11-20T19:00,0.046,µg/m³,VOC,GC-MS
61007,AAMJIWNAANG,3-Methylheptane,2017-11-26T19:00,0.094,µg/m³,VOC,GC-MS
61007,AAMJIWNAANG,3-Methylheptane,2017-12-02T19:00,0.114,µg/m³,VOC,GC-MS
61007,AAMJIWNAANG,3-Methylheptane,2017-12-08T19:00,0.024,µg/m³,VOC,GC-MS
