﻿NAPS_Site_ID,Station_Name,Pollutant,Date,Value,Units,Report_Type,Method
100112,DOWNTOWN VANCOUVER,trans-2-Hexene,2000-01-13T00:00,0.100,µg/m³,VOC,
100112,DOWNTOWN VANCOUVER,trans-2-Hexene,2000-02-06T00:00,0.070,µg/m³,VOC,
100112,DOWNTOWN VANCOUVER,trans-2-Hexene,2000-02-24T00:00,0.090,µg/m³,VOC,
100112,DOWNTOWN VANCOUVER,trans-2-Hexene,2000-03-13T00:00,0.190,µg/m³,VOC,
100112,DOWNTOWN VANCOUVER,trans-2-Hexene,2000-03-31T00:00,0.110,µg/m³,VOC,
100112,DOWNTOWN VANCOUVER,trans-2-Hexene,2000-04-18T00:00,0.090,µg/m³,VOC,
100112,DOWNTOWN VANCOUVER,trans-2-Hexene,2000-05-12T00:00,0.090,µg/m³,VOC,
100112,DOWNTOWN VANCOUVER,trans-2-Hexene,2000-05-24T00:00,0.100,µg/m³,VOC,
100112,DOWNTOWN VANCOUVER,trans-2-Hexene,2000-06-11T00:00,0.120,µg/m³,VOC,
100112,DOWNTOWN VANCOUVER,trans-2-Hexene,2000-06-29T00:00,0.200,µg/m³,VOC,
100112,DOWNTOWN VANCOUVER,trans-2-Hexene,2000-07-17T00:00,0.160,µg/m³,VOC,
100112,DOWNTOWN VANCOUVER,trans-2-Hexene,2000-08-04T00:00,0.180,µg/m³,VOC,
100112,DOWNTOWN VANCOUVER,trans-2-Hexene,2000-08-22T00:00,0.130,µg/m³,VOC,
100112,DOWNTOWN VANCOUVER,trans-2-Hexene,2000-09-09T00:00,0.110,µg/m³,VOC,
100112,DOWNTOWN VANCOUVER,trans-2-Hexene,2000-09-27T00:00,0.310,µg/m³,VOC,
100112,DOWNTOWN VANCOUVER,trans-2-Hexene,2000-10-15T00:00,0.520,µg/m³,VOC,
100112,DOWNTOWN VANCOUVER,trans-2-Hexene,2000-11-02T00:00,0.110,µg/m³,VOC,
100112,DOWNTOWN VANCOUVER,trans-2-Hexene,2000-11-20T00:00,0.170,µg/m³,VOC,
100112,DOWNTOWN VANCOUVER,trans-2-Hexene,2000-12-08T00:00,0.300,µg/m³,VOC,
100112,DOWNTOWN VANCOUVER,trans-2-Hexene,2000-12-26T00:00,0.070,µg/m³,VOC,
