﻿NAPS_Site_ID,Station_Name,Pollutant,Date,Value,Units,Report_Type,Method
70119,ELLEN,Toluene,2015-01-11T19:00,1.864,µg/m³,VOC,N/A
70119,ELLEN,Toluene,2015-01-17T19:00,0.638,µg/m³,VOC,N/A
70119,ELLEN,Toluene,2015-01-23T19:00,0.567,µg/m³,VOC,N/A
70119,ELLEN,Toluene,2015-01-29T19:00,0.159,µg/m³,VOC,N/A
70119,ELLEN,Toluene,2015-02-04T19:00,0.989,µg/m³,VOC,N/A
70119,ELLEN,Toluene,2015-02-10T19:00,0.764,µg/m³,VOC,N/A
70119,ELLEN,Toluene,2015-02-16T19:00,0.526,µg/m³,VOC,N/A
70119,ELLEN,Toluene,2015-02-22T19:00,1.185,µg/m³,VOC,N/A
70119,ELLEN,Toluene,2015-02-28T19:00,1.396,µg/m³,VOC,N/A
70119,ELLEN,Toluene,2015-03-06T19:00,0.468,µg/m³,VOC,N/A
70119,ELLEN,Toluene,2015-03-12T20:00,1.144,µg/m³,VOC,N/A
70119,ELLEN,Toluene,2015-03-18T20:00,1.222,µg/m³,VOC,N/A
70119,ELLEN,Toluene,2015-03-24T20:00,0.434,µg/m³,VOC,N/A
70119,ELLEN,Toluene,2015-03-30T20:00,1.864,µg/m³,VOC,N/A
70119,ELLEN,Toluene,2015-04-05T20:00,1.025,µg/m³,VOC,N/A
70119,ELLEN,Toluene,2015-04-11T20:00,0.972,µg/m³,VOC,N/A
70119,ELLEN,Toluene,2015-04-29T20:00,0.780,µg/m³,VOC,N/A
70119,ELLEN,Toluene,2015-05-05T20:00,0.636,µg/m³,VOC,N/A
70119,ELLEN,Toluene,2015-05-11T20:00,1.817,µg/m³,VOC,N/A
70119,ELLEN,Toluene,2015-05-17T20:00,0.198,µg/m³,VOC,N/A
70119,ELLEN,Toluene,2015-05-23T20:00,0.918,µg/m³,VOC,N/A
70119,ELLEN,Toluene,2015-05-29T20:00,0.283,µg/m³,VOC,N/A
70119,ELLEN,Toluene,2015-06-04T20:00,0.745,µg/m³,VOC,N/A
70119,ELLEN,Toluene,2015-06-22T20:00,1.030,µg/m³,VOC,N/A
70119,ELLEN,Toluene,2015-06-28T20:00,3.745,µg/m³,VOC,N/A
70119,ELLEN,Toluene,2015-07-04T20:00,1.385,µg/m³,VOC,N/A
70119,ELLEN,Toluene,2015-07-10T20:00,0.886,µg/m³,VOC,N/A
70119,ELLEN,Toluene,2015-07-16T20:00,2.230,µg/m³,VOC,N/A
70119,ELLEN,Toluene,2015-07-22T20:00,0.876,µg/m³,VOC,N/A
70119,ELLEN,Toluene,2015-07-28T20:00,1.311,µg/m³,VOC,N/A
70119,ELLEN,Toluene,2015-08-03T20:00,1.376,µg/m³,VOC,N/A
70119,ELLEN,Toluene,2015-08-09T20:00,2.231,µg/m³,VOC,N/A
70119,ELLEN,Toluene,2015-08-15T20:00,0.574,µg/m³,VOC,N/A
70119,ELLEN,Toluene,2015-08-21T20:00,0.636,µg/m³,VOC,N/A
70119,ELLEN,Toluene,2015-08-27T20:00,3.089,µg/m³,VOC,N/A
70119,ELLEN,Toluene,2015-09-02T20:00,0.753,µg/m³,VOC,N/A
70119,ELLEN,Toluene,2015-09-08T20:00,0.853,µg/m³,VOC,N/A
70119,ELLEN,Toluene,2015-09-14T20:00,2.255,µg/m³,VOC,N/A
70119,ELLEN,Toluene,2015-09-20T20:00,0.523,µg/m³,VOC,N/A
70119,ELLEN,Toluene,2015-09-26T20:00,0.890,µg/m³,VOC,N/A
70119,ELLEN,Toluene,2015-10-02T20:00,0.383,µg/m³,VOC,N/A
70119,ELLEN,Toluene,2015-10-08T20:00,0.659,µg/m³,VOC,N/A
70119,ELLEN,Toluene,2015-10-14T20:00,1.694,µg/m³,VOC,N/A
70119,ELLEN,Toluene,2015-10-20T20:00,0.927,µg/m³,VOC,N/A
70119,ELLEN,Toluene,2015-11-01T19:00,2.661,µg/m³,VOC,N/A
70119,ELLEN,Toluene,2015-11-07T19:00,0.514,µg/m³,VOC,N/A
70119,ELLEN,Toluene,2015-11-13T19:00,2.557,µg/m³,VOC,N/A
70119,ELLEN,Toluene,2015-11-19T19:00,0.676,µg/m³,VOC,N/A
70119,ELLEN,Toluene,2015-11-25T19:00,1.436,µg/m³,VOC,N/A
70119,ELLEN,Toluene,2015-12-01T19:00,3.836,µg/m³,VOC,N/A
70119,ELLEN,Toluene,2015-12-07T19:00,1.979,µg/m³,VOC,N/A
70119,ELLEN,Toluene,2015-12-13T19:00,1.509,µg/m³,VOC,N/A
70119,ELLEN,Toluene,2015-12-19T19:00,0.686,µg/m³,VOC,N/A
70119,ELLEN,Toluene,2015-12-25T19:00,0.988,µg/m³,VOC,N/A
