﻿NAPS_Site_ID,Station_Name,Pollutant,Date,Value,Units,Report_Type,Method
101701,QUESNEL SENIOR SECONDARY,EC_R,2009-01-04T00:00,0.028,µg/m³,CARB,N/A
101701,QUESNEL SENIOR SECONDARY,EC_R,2009-01-04T00:00,0.166,µg/m³,CARB,N/A
101701,QUESNEL SENIOR SECONDARY,EC_R,2009-01-10T00:00,0.362,µg/m³,CARB,N/A
101701,QUESNEL SENIOR SECONDARY,EC_R,2009-01-10T00:00,1.275,µg/m³,CARB,N/A
101701,QUESNEL SENIOR SECONDARY,EC_R,2009-01-13T00:00,0.052,µg/m³,CARB,N/A
101701,QUESNEL SENIOR SECONDARY,EC_R,2009-01-13T00:00,1.378,µg/m³,CARB,N/A
101701,QUESNEL SENIOR SECONDARY,EC_R,2009-01-22T00:00,0.135,µg/m³,CARB,N/A
101701,QUESNEL SENIOR SECONDARY,EC_R,2009-01-22T00:00,0.883,µg/m³,CARB,N/A
101701,QUESNEL SENIOR SECONDARY,EC_R,2009-01-25T00:00,0.132,µg/m³,CARB,N/A
101701,QUESNEL SENIOR SECONDARY,EC_R,2009-01-25T00:00,1.897,µg/m³,CARB,N/A
101701,QUESNEL SENIOR SECONDARY,EC_R,2009-01-31T00:00,0.184,µg/m³,CARB,N/A
101701,QUESNEL SENIOR SECONDARY,EC_R,2009-01-31T00:00,1.210,µg/m³,CARB,N/A
101701,QUESNEL SENIOR SECONDARY,EC_R,2009-02-06T00:00,0.636,µg/m³,CARB,N/A
101701,QUESNEL SENIOR SECONDARY,EC_R,2009-02-06T00:00,1.422,µg/m³,CARB,N/A
101701,QUESNEL SENIOR SECONDARY,EC_R,2009-02-09T00:00,0.544,µg/m³,CARB,N/A
101701,QUESNEL SENIOR SECONDARY,EC_R,2009-02-09T00:00,1.645,µg/m³,CARB,N/A
101701,QUESNEL SENIOR SECONDARY,EC_R,2009-02-15T00:00,0.400,µg/m³,CARB,N/A
101701,QUESNEL SENIOR SECONDARY,EC_R,2009-02-15T00:00,1.595,µg/m³,CARB,N/A
101701,QUESNEL SENIOR SECONDARY,EC_R,2009-02-21T00:00,0.435,µg/m³,CARB,N/A
101701,QUESNEL SENIOR SECONDARY,EC_R,2009-02-21T00:00,2.418,µg/m³,CARB,N/A
101701,QUESNEL SENIOR SECONDARY,EC_R,2009-02-24T00:00,0.064,µg/m³,CARB,N/A
101701,QUESNEL SENIOR SECONDARY,EC_R,2009-02-24T00:00,0.520,µg/m³,CARB,N/A
101701,QUESNEL SENIOR SECONDARY,EC_R,2009-02-27T00:00,0.160,µg/m³,CARB,N/A
101701,QUESNEL SENIOR SECONDARY,EC_R,2009-02-27T00:00,2.123,µg/m³,CARB,N/A
101701,QUESNEL SENIOR SECONDARY,EC_R,2009-03-08T00:00,0.141,µg/m³,CARB,N/A
101701,QUESNEL SENIOR SECONDARY,EC_R,2009-03-08T00:00,0.382,µg/m³,CARB,N/A
101701,QUESNEL SENIOR SECONDARY,EC_R,2009-03-11T00:00,0.226,µg/m³,CARB,N/A
101701,QUESNEL SENIOR SECONDARY,EC_R,2009-03-11T00:00,1.820,µg/m³,CARB,N/A
101701,QUESNEL SENIOR SECONDARY,EC_R,2009-03-14T00:00,0.259,µg/m³,CARB,N/A
101701,QUESNEL SENIOR SECONDARY,EC_R,2009-03-14T00:00,0.644,µg/m³,CARB,N/A
101701,QUESNEL SENIOR SECONDARY,EC_R,2009-03-17T00:00,0.122,µg/m³,CARB,N/A
101701,QUESNEL SENIOR SECONDARY,EC_R,2009-03-17T00:00,1.738,µg/m³,CARB,N/A
101701,QUESNEL SENIOR SECONDARY,EC_R,2009-03-20T00:00,0.358,µg/m³,CARB,N/A
101701,QUESNEL SENIOR SECONDARY,EC_R,2009-03-20T00:00,1.541,µg/m³,CARB,N/A
101701,QUESNEL SENIOR SECONDARY,EC_R,2009-03-23T00:00,0.224,µg/m³,CARB,N/A
101701,QUESNEL SENIOR SECONDARY,EC_R,2009-03-23T00:00,1.290,µg/m³,CARB,N/A
101701,QUESNEL SENIOR SECONDARY,EC_R,2009-03-26T00:00,0.165,µg/m³,CARB,N/A
101701,QUESNEL SENIOR SECONDARY,EC_R,2009-03-26T00:00,1.147,µg/m³,CARB,N/A
101701,QUESNEL SENIOR SECONDARY,EC_R,2009-03-29T00:00,0.069,µg/m³,CARB,N/A
101701,QUESNEL SENIOR SECONDARY,EC_R,2009-03-29T00:00,0.828,µg/m³,CARB,N/A
