﻿NAPS_Site_ID,Station_Name,Pollutant,Date,Value,Units,Report_Type,Method
70119,ELLEN,2-Methylpentane,2009-01-01T00:00,0.353,µg/m³,VOC,N/A
70119,ELLEN,2-Methylpentane,2009-01-07T00:00,0.617,µg/m³,VOC,N/A
70119,ELLEN,2-Methylpentane,2009-01-13T00:00,1.412,µg/m³,VOC,N/A
70119,ELLEN,2-Methylpentane,2009-01-19T00:00,0.449,µg/m³,VOC,N/A
70119,ELLEN,2-Methylpentane,2009-01-25T00:00,0.560,µg/m³,VOC,N/A
70119,ELLEN,2-Methylpentane,2009-01-31T00:00,0.425,µg/m³,VOC,N/A
70119,ELLEN,2-Methylpentane,2009-02-06T00:00,0.762,µg/m³,VOC,N/A
70119,ELLEN,2-Methylpentane,2009-02-12T00:00,0.368,µg/m³,VOC,N/A
70119,ELLEN,2-Methylpentane,2009-02-18T00:00,0.452,µg/m³,VOC,N/A
70119,ELLEN,2-Methylpentane,2009-02-24T00:00,0.398,µg/m³,VOC,N/A
70119,ELLEN,2-Methylpentane,2009-03-02T00:00,0.323,µg/m³,VOC,N/A
70119,ELLEN,2-Methylpentane,2009-03-08T00:00,0.264,µg/m³,VOC,N/A
70119,ELLEN,2-Methylpentane,2009-03-14T00:00,0.338,µg/m³,VOC,N/A
70119,ELLEN,2-Methylpentane,2009-03-20T00:00,0.394,µg/m³,VOC,N/A
70119,ELLEN,2-Methylpentane,2009-03-26T00:00,0.200,µg/m³,VOC,N/A
70119,ELLEN,2-Methylpentane,2009-04-01T00:00,0.232,µg/m³,VOC,N/A
70119,ELLEN,2-Methylpentane,2009-04-07T00:00,0.310,µg/m³,VOC,N/A
70119,ELLEN,2-Methylpentane,2009-04-13T00:00,0.249,µg/m³,VOC,N/A
70119,ELLEN,2-Methylpentane,2009-04-19T00:00,0.227,µg/m³,VOC,N/A
70119,ELLEN,2-Methylpentane,2009-04-25T00:00,0.272,µg/m³,VOC,N/A
70119,ELLEN,2-Methylpentane,2009-05-01T00:00,0.268,µg/m³,VOC,N/A
70119,ELLEN,2-Methylpentane,2009-05-07T00:00,0.268,µg/m³,VOC,N/A
70119,ELLEN,2-Methylpentane,2009-05-13T00:00,0.272,µg/m³,VOC,N/A
70119,ELLEN,2-Methylpentane,2009-05-19T00:00,0.299,µg/m³,VOC,N/A
70119,ELLEN,2-Methylpentane,2009-05-31T00:00,0.236,µg/m³,VOC,N/A
70119,ELLEN,2-Methylpentane,2009-06-06T00:00,0.232,µg/m³,VOC,N/A
70119,ELLEN,2-Methylpentane,2009-06-12T00:00,0.406,µg/m³,VOC,N/A
70119,ELLEN,2-Methylpentane,2009-06-18T00:00,0.522,µg/m³,VOC,N/A
70119,ELLEN,2-Methylpentane,2009-06-24T00:00,0.470,µg/m³,VOC,N/A
70119,ELLEN,2-Methylpentane,2009-06-30T00:00,0.347,µg/m³,VOC,N/A
70119,ELLEN,2-Methylpentane,2009-07-06T00:00,0.786,µg/m³,VOC,N/A
70119,ELLEN,2-Methylpentane,2009-07-12T00:00,0.347,µg/m³,VOC,N/A
70119,ELLEN,2-Methylpentane,2009-07-18T00:00,0.409,µg/m³,VOC,N/A
70119,ELLEN,2-Methylpentane,2009-07-24T00:00,0.268,µg/m³,VOC,N/A
70119,ELLEN,2-Methylpentane,2009-07-30T00:00,0.664,µg/m³,VOC,N/A
70119,ELLEN,2-Methylpentane,2009-08-05T00:00,0.450,µg/m³,VOC,N/A
70119,ELLEN,2-Methylpentane,2009-08-11T00:00,0.550,µg/m³,VOC,N/A
70119,ELLEN,2-Methylpentane,2009-08-17T00:00,0.273,µg/m³,VOC,N/A
70119,ELLEN,2-Methylpentane,2009-08-23T00:00,0.232,µg/m³,VOC,N/A
70119,ELLEN,2-Methylpentane,2009-08-29T00:00,0.469,µg/m³,VOC,N/A
70119,ELLEN,2-Methylpentane,2009-09-04T00:00,0.321,µg/m³,VOC,N/A
70119,ELLEN,2-Methylpentane,2009-09-10T00:00,0.684,µg/m³,VOC,N/A
70119,ELLEN,2-Methylpentane,2009-09-16T00:00,0.477,µg/m³,VOC,N/A
70119,ELLEN,2-Methylpentane,2009-09-22T00:00,0.293,µg/m³,VOC,N/A
70119,ELLEN,2-Methylpentane,2009-09-28T00:00,0.119,µg/m³,VOC,N/A
70119,ELLEN,2-Methylpentane,2009-10-04T00:00,0.187,µg/m³,VOC,N/A
70119,ELLEN,2-Methylpentane,2009-10-10T00:00,0.105,µg/m³,VOC,N/A
70119,ELLEN,2-Methylpentane,2009-10-16T00:00,0.891,µg/m³,VOC,N/A
70119,ELLEN,2-Methylpentane,2009-10-22T00:00,1.490,µg/m³,VOC,N/A
70119,ELLEN,2-Methylpentane,2009-10-28T00:00,0.347,µg/m³,VOC,N/A
70119,ELLEN,2-Methylpentane,2009-11-03T00:00,0.320,µg/m³,VOC,N/A
70119,ELLEN,2-Methylpentane,2009-11-09T00:00,0.674,µg/m³,VOC,N/A
70119,ELLEN,2-Methylpentane,2009-11-15T00:00,0.423,µg/m³,VOC,N/A
70119,ELLEN,2-Methylpentane,2009-11-21T00:00,0.286,µg/m³,VOC,N/A
70119,ELLEN,2-Methylpentane,2009-11-27T00:00,0.461,µg/m³,VOC,N/A
70119,ELLEN,2-Methylpentane,2009-12-03T00:00,0.327,µg/m³,VOC,N/A
70119,ELLEN,2-Methylpentane,2009-12-09T00:00,0.827,µg/m³,VOC,N/A
70119,ELLEN,2-Methylpentane,2009-12-15T00:00,0.637,µg/m³,VOC,N/A
70119,ELLEN,2-Methylpentane,2009-12-21T00:00,1.710,µg/m³,VOC,N/A
