﻿NAPS_Site_ID,Station_Name,Pollutant,Date,Value,Units,Report_Type,Method
50129,MONTRÉAL-RIVIÈRE-DES-PRAIRIES,TC(corr),2021-02-03T00:00,0.752,µg/m³,PM2.5,TOR(OC/EC)
50129,MONTRÉAL-RIVIÈRE-DES-PRAIRIES,TC(corr),2021-02-06T00:00,0.848,µg/m³,PM2.5,TOR(OC/EC)
50129,MONTRÉAL-RIVIÈRE-DES-PRAIRIES,TC(corr),2021-02-09T00:00,5.361,µg/m³,PM2.5,TOR(OC/EC)
50129,MONTRÉAL-RIVIÈRE-DES-PRAIRIES,TC(corr),2021-02-12T00:00,2.319,µg/m³,PM2.5,TOR(OC/EC)
50129,MONTRÉAL-RIVIÈRE-DES-PRAIRIES,TC(corr),2021-02-15T00:00,2.700,µg/m³,PM2.5,TOR(OC/EC)
50129,MONTRÉAL-RIVIÈRE-DES-PRAIRIES,TC(corr),2021-02-18T00:00,2.952,µg/m³,PM2.5,TOR(OC/EC)
50129,MONTRÉAL-RIVIÈRE-DES-PRAIRIES,TC(corr),2021-02-21T00:00,1.433,µg/m³,PM2.5,TOR(OC/EC)
50129,MONTRÉAL-RIVIÈRE-DES-PRAIRIES,TC(corr),2021-02-24T00:00,1.142,µg/m³,PM2.5,TOR(OC/EC)
50129,MONTRÉAL-RIVIÈRE-DES-PRAIRIES,TC(corr),2021-02-27T00:00,1.929,µg/m³,PM2.5,TOR(OC/EC)
50129,MONTRÉAL-RIVIÈRE-DES-PRAIRIES,TC(corr),2021-03-02T00:00,0.325,µg/m³,PM2.5,TOR(OC/EC)
50129,MONTRÉAL-RIVIÈRE-DES-PRAIRIES,TC(corr),2021-03-05T00:00,0.393,µg/m³,PM2.5,TOR(OC/EC)
50129,MONTRÉAL-RIVIÈRE-DES-PRAIRIES,TC(corr),2021-03-11T00:00,4.065,µg/m³,PM2.5,TOR(OC/EC)
50129,MONTRÉAL-RIVIÈRE-DES-PRAIRIES,TC(corr),2021-03-14T00:00,0.344,µg/m³,PM2.5,TOR(OC/EC)
50129,MONTRÉAL-RIVIÈRE-DES-PRAIRIES,TC(corr),2021-03-17T00:00,3.262,µg/m³,PM2.5,TOR(OC/EC)
50129,MONTRÉAL-RIVIÈRE-DES-PRAIRIES,TC(corr),2021-03-20T00:00,0.418,µg/m³,PM2.5,TOR(OC/EC)
50129,MONTRÉAL-RIVIÈRE-DES-PRAIRIES,TC(corr),2021-03-23T00:00,3.687,µg/m³,PM2.5,TOR(OC/EC)
50129,MONTRÉAL-RIVIÈRE-DES-PRAIRIES,TC(corr),2021-03-26T00:00,0.914,µg/m³,PM2.5,TOR(OC/EC)
50129,MONTRÉAL-RIVIÈRE-DES-PRAIRIES,TC(corr),2021-04-01T00:00,0.534,µg/m³,PM2.5,TOR(OC/EC)
50129,MONTRÉAL-RIVIÈRE-DES-PRAIRIES,TC(corr),2021-04-04T00:00,2.236,µg/m³,PM2.5,TOR(OC/EC)
50129,MONTRÉAL-RIVIÈRE-DES-PRAIRIES,TC(corr),2021-04-07T00:00,1.491,µg/m³,PM2.5,TOR(OC/EC)
50129,MONTRÉAL-RIVIÈRE-DES-PRAIRIES,TC(corr),2021-04-10T00:00,2.982,µg/m³,PM2.5,TOR(OC/EC)
50129,MONTRÉAL-RIVIÈRE-DES-PRAIRIES,TC(corr),2021-04-13T00:00,0.429,µg/m³,PM2.5,TOR(OC/EC)
50129,MONTRÉAL-RIVIÈRE-DES-PRAIRIES,TC(corr),2021-04-16T00:00,1.167,µg/m³,PM2.5,TOR(OC/EC)
50129,MONTRÉAL-RIVIÈRE-DES-PRAIRIES,TC(corr),2021-04-19T00:00,1.836,µg/m³,PM2.5,TOR(OC/EC)
50129,MONTRÉAL-RIVIÈRE-DES-PRAIRIES,TC(corr),2021-04-25T00:00,2.515,µg/m³,PM2.5,TOR(OC/EC)
50129,MONTRÉAL-RIVIÈRE-DES-PRAIRIES,TC(corr),2021-04-28T00:00,2.524,µg/m³,PM2.5,TOR(OC/EC)
50129,MONTRÉAL-RIVIÈRE-DES-PRAIRIES,TC(corr),2021-05-01T00:00,0.386,µg/m³,PM2.5,TOR(OC/EC)
50129,MONTRÉAL-RIVIÈRE-DES-PRAIRIES,TC(corr),2021-05-04T00:00,0.775,µg/m³,PM2.5,TOR(OC/EC)
50129,MONTRÉAL-RIVIÈRE-DES-PRAIRIES,TC(corr),2021-05-07T00:00,1.002,µg/m³,PM2.5,TOR(OC/EC)
50129,MONTRÉAL-RIVIÈRE-DES-PRAIRIES,TC(corr),2021-05-10T00:00,1.141,µg/m³,PM2.5,TOR(OC/EC)
50129,MONTRÉAL-RIVIÈRE-DES-PRAIRIES,TC(corr),2021-05-13T00:00,0.565,µg/m³,PM2.5,TOR(OC/EC)
50129,MONTRÉAL-RIVIÈRE-DES-PRAIRIES,TC(corr),2021-05-16T00:00,3.039,µg/m³,PM2.5,TOR(OC/EC)
50129,MONTRÉAL-RIVIÈRE-DES-PRAIRIES,TC(corr),2021-05-19T00:00,2.483,µg/m³,PM2.5,TOR(OC/EC)
50129,MONTRÉAL-RIVIÈRE-DES-PRAIRIES,TC(corr),2021-05-22T00:00,2.824,µg/m³,PM2.5,TOR(OC/EC)
50129,MONTRÉAL-RIVIÈRE-DES-PRAIRIES,TC(corr),2021-05-25T00:00,2.014,µg/m³,PM2.5,TOR(OC/EC)
50129,MONTRÉAL-RIVIÈRE-DES-PRAIRIES,TC(corr),2021-05-28T00:00,1.141,µg/m³,PM2.5,TOR(OC/EC)
50129,MONTRÉAL-RIVIÈRE-DES-PRAIRIES,TC(corr),2021-05-31T00:00,1.555,µg/m³,PM2.5,TOR(OC/EC)
50129,MONTRÉAL-RIVIÈRE-DES-PRAIRIES,TC(corr),2021-06-03T00:00,2.827,µg/m³,PM2.5,TOR(OC/EC)
50129,MONTRÉAL-RIVIÈRE-DES-PRAIRIES,TC(corr),2021-06-06T00:00,3.339,µg/m³,PM2.5,TOR(OC/EC)
50129,MONTRÉAL-RIVIÈRE-DES-PRAIRIES,TC(corr),2021-06-09T00:00,1.450,µg/m³,PM2.5,TOR(OC/EC)
50129,MONTRÉAL-RIVIÈRE-DES-PRAIRIES,TC(corr),2021-06-12T00:00,1.660,µg/m³,PM2.5,TOR(OC/EC)
50129,MONTRÉAL-RIVIÈRE-DES-PRAIRIES,TC(corr),2021-06-15T00:00,1.659,µg/m³,PM2.5,TOR(OC/EC)
50129,MONTRÉAL-RIVIÈRE-DES-PRAIRIES,TC(corr),2021-06-18T00:00,2.521,µg/m³,PM2.5,TOR(OC/EC)
50129,MONTRÉAL-RIVIÈRE-DES-PRAIRIES,TC(corr),2021-06-21T00:00,3.140,µg/m³,PM2.5,TOR(OC/EC)
50129,MONTRÉAL-RIVIÈRE-DES-PRAIRIES,TC(corr),2021-06-24T00:00,1.352,µg/m³,PM2.5,TOR(OC/EC)
50129,MONTRÉAL-RIVIÈRE-DES-PRAIRIES,TC(corr),2021-06-27T00:00,3.144,µg/m³,PM2.5,TOR(OC/EC)
50129,MONTRÉAL-RIVIÈRE-DES-PRAIRIES,TC(corr),2021-06-30T00:00,1.534,µg/m³,PM2.5,TOR(OC/EC)
50129,MONTRÉAL-RIVIÈRE-DES-PRAIRIES,TC(corr),2021-07-03T00:00,0.993,µg/m³,PM2.5,TOR(OC/EC)
50129,MONTRÉAL-RIVIÈRE-DES-PRAIRIES,TC(corr),2021-07-06T00:00,3.480,µg/m³,PM2.5,TOR(OC/EC)
50129,MONTRÉAL-RIVIÈRE-DES-PRAIRIES,TC(corr),2021-07-09T00:00,1.913,µg/m³,PM2.5,TOR(OC/EC)
50129,MONTRÉAL-RIVIÈRE-DES-PRAIRIES,TC(corr),2021-07-12T00:00,5.595,µg/m³,PM2.5,TOR(OC/EC)
50129,MONTRÉAL-RIVIÈRE-DES-PRAIRIES,TC(corr),2021-07-15T00:00,3.126,µg/m³,PM2.5,TOR(OC/EC)
50129,MONTRÉAL-RIVIÈRE-DES-PRAIRIES,TC(corr),2021-07-18T00:00,6.775,µg/m³,PM2.5,TOR(OC/EC)
50129,MONTRÉAL-RIVIÈRE-DES-PRAIRIES,TC(corr),2021-07-21T00:00,2.744,µg/m³,PM2.5,TOR(OC/EC)
50129,MONTRÉAL-RIVIÈRE-DES-PRAIRIES,TC(corr),2021-08-14T00:00,2.217,µg/m³,PM2.5,TOR(OC/EC)
50129,MONTRÉAL-RIVIÈRE-DES-PRAIRIES,TC(corr),2021-08-17T00:00,4.089,µg/m³,PM2.5,TOR(OC/EC)
50129,MONTRÉAL-RIVIÈRE-DES-PRAIRIES,TC(corr),2021-08-20T00:00,5.239,µg/m³,PM2.5,TOR(OC/EC)
50129,MONTRÉAL-RIVIÈRE-DES-PRAIRIES,TC(corr),2021-08-23T00:00,1.102,µg/m³,PM2.5,TOR(OC/EC)
50129,MONTRÉAL-RIVIÈRE-DES-PRAIRIES,TC(corr),2021-08-26T00:00,3.059,µg/m³,PM2.5,TOR(OC/EC)
50129,MONTRÉAL-RIVIÈRE-DES-PRAIRIES,TC(corr),2021-08-29T00:00,1.981,µg/m³,PM2.5,TOR(OC/EC)
50129,MONTRÉAL-RIVIÈRE-DES-PRAIRIES,TC(corr),2021-09-10T00:00,1.988,µg/m³,PM2.5,TOR(OC/EC)
50129,MONTRÉAL-RIVIÈRE-DES-PRAIRIES,TC(corr),2021-09-13T00:00,1.251,µg/m³,PM2.5,TOR(OC/EC)
50129,MONTRÉAL-RIVIÈRE-DES-PRAIRIES,TC(corr),2021-09-16T00:00,0.729,µg/m³,PM2.5,TOR(OC/EC)
50129,MONTRÉAL-RIVIÈRE-DES-PRAIRIES,TC(corr),2021-09-19T00:00,1.583,µg/m³,PM2.5,TOR(OC/EC)
50129,MONTRÉAL-RIVIÈRE-DES-PRAIRIES,TC(corr),2021-09-22T00:00,1.691,µg/m³,PM2.5,TOR(OC/EC)
50129,MONTRÉAL-RIVIÈRE-DES-PRAIRIES,TC(corr),2021-09-25T00:00,2.858,µg/m³,PM2.5,TOR(OC/EC)
50129,MONTRÉAL-RIVIÈRE-DES-PRAIRIES,TC(corr),2021-09-28T00:00,1.058,µg/m³,PM2.5,TOR(OC/EC)
50129,MONTRÉAL-RIVIÈRE-DES-PRAIRIES,TC(corr),2021-10-01T00:00,1.260,µg/m³,PM2.5,TOR(OC/EC)
50129,MONTRÉAL-RIVIÈRE-DES-PRAIRIES,TC(corr),2021-10-04T00:00,1.319,µg/m³,PM2.5,TOR(OC/EC)
50129,MONTRÉAL-RIVIÈRE-DES-PRAIRIES,TC(corr),2021-10-07T00:00,5.645,µg/m³,PM2.5,TOR(OC/EC)
50129,MONTRÉAL-RIVIÈRE-DES-PRAIRIES,TC(corr),2021-10-10T00:00,2.664,µg/m³,PM2.5,TOR(OC/EC)
50129,MONTRÉAL-RIVIÈRE-DES-PRAIRIES,TC(corr),2021-10-13T00:00,3.953,µg/m³,PM2.5,TOR(OC/EC)
50129,MONTRÉAL-RIVIÈRE-DES-PRAIRIES,TC(corr),2021-10-16T00:00,2.035,µg/m³,PM2.5,TOR(OC/EC)
50129,MONTRÉAL-RIVIÈRE-DES-PRAIRIES,TC(corr),2021-10-19T00:00,1.409,µg/m³,PM2.5,TOR(OC/EC)
50129,MONTRÉAL-RIVIÈRE-DES-PRAIRIES,TC(corr),2021-10-22T00:00,1.672,µg/m³,PM2.5,TOR(OC/EC)
50129,MONTRÉAL-RIVIÈRE-DES-PRAIRIES,TC(corr),2021-10-25T00:00,3.091,µg/m³,PM2.5,TOR(OC/EC)
50129,MONTRÉAL-RIVIÈRE-DES-PRAIRIES,TC(corr),2021-10-28T00:00,0.930,µg/m³,PM2.5,TOR(OC/EC)
50129,MONTRÉAL-RIVIÈRE-DES-PRAIRIES,TC(corr),2021-10-31T00:00,0.436,µg/m³,PM2.5,TOR(OC/EC)
50129,MONTRÉAL-RIVIÈRE-DES-PRAIRIES,TC(corr),2021-11-03T00:00,1.063,µg/m³,PM2.5,TOR(OC/EC)
50129,MONTRÉAL-RIVIÈRE-DES-PRAIRIES,TC(corr),2021-11-06T00:00,2.123,µg/m³,PM2.5,TOR(OC/EC)
50129,MONTRÉAL-RIVIÈRE-DES-PRAIRIES,TC(corr),2021-11-09T00:00,4.203,µg/m³,PM2.5,TOR(OC/EC)
50129,MONTRÉAL-RIVIÈRE-DES-PRAIRIES,TC(corr),2021-11-12T00:00,1.961,µg/m³,PM2.5,TOR(OC/EC)
50129,MONTRÉAL-RIVIÈRE-DES-PRAIRIES,TC(corr),2021-11-15T00:00,0.814,µg/m³,PM2.5,TOR(OC/EC)
50129,MONTRÉAL-RIVIÈRE-DES-PRAIRIES,TC(corr),2021-11-18T00:00,1.687,µg/m³,PM2.5,TOR(OC/EC)
50129,MONTRÉAL-RIVIÈRE-DES-PRAIRIES,TC(corr),2021-11-21T00:00,2.448,µg/m³,PM2.5,TOR(OC/EC)
50129,MONTRÉAL-RIVIÈRE-DES-PRAIRIES,TC(corr),2021-11-24T00:00,2.339,µg/m³,PM2.5,TOR(OC/EC)
50129,MONTRÉAL-RIVIÈRE-DES-PRAIRIES,TC(corr),2021-11-27T00:00,0.192,µg/m³,PM2.5,TOR(OC/EC)
50129,MONTRÉAL-RIVIÈRE-DES-PRAIRIES,TC(corr),2021-12-03T00:00,0.493,µg/m³,PM2.5,TOR(OC/EC)
50129,MONTRÉAL-RIVIÈRE-DES-PRAIRIES,TC(corr),2021-12-06T00:00,2.258,µg/m³,PM2.5,TOR(OC/EC)
50129,MONTRÉAL-RIVIÈRE-DES-PRAIRIES,TC(corr),2021-12-09T00:00,2.752,µg/m³,PM2.5,TOR(OC/EC)
50129,MONTRÉAL-RIVIÈRE-DES-PRAIRIES,TC(corr),2021-12-12T00:00,0.112,µg/m³,PM2.5,TOR(OC/EC)
50129,MONTRÉAL-RIVIÈRE-DES-PRAIRIES,TC(corr),2021-12-15T00:00,2.602,µg/m³,PM2.5,TOR(OC/EC)
50129,MONTRÉAL-RIVIÈRE-DES-PRAIRIES,TC(corr),2021-12-18T00:00,0.162,µg/m³,PM2.5,TOR(OC/EC)
