﻿NAPS_Site_ID,Station_Name,Pollutant,Date,Value,Units,Report_Type,Method
60512,BEASLEY PARK _HAMILTON_DOWNTOWN_,EC2(A),2017-01-01T00:00,0.162,µg/m³,PM2.5,TOR
60512,BEASLEY PARK _HAMILTON_DOWNTOWN_,EC2(A),2017-01-07T00:00,0.256,µg/m³,PM2.5,TOR
60512,BEASLEY PARK _HAMILTON_DOWNTOWN_,EC2(A),2017-01-10T00:00,0.185,µg/m³,PM2.5,TOR
60512,BEASLEY PARK _HAMILTON_DOWNTOWN_,EC2(A),2017-01-13T00:00,0.151,µg/m³,PM2.5,TOR
60512,BEASLEY PARK _HAMILTON_DOWNTOWN_,EC2(A),2017-01-16T00:00,0.387,µg/m³,PM2.5,TOR
60512,BEASLEY PARK _HAMILTON_DOWNTOWN_,EC2(A),2017-01-19T00:00,0.452,µg/m³,PM2.5,TOR
60512,BEASLEY PARK _HAMILTON_DOWNTOWN_,EC2(A),2017-01-22T00:00,0.300,µg/m³,PM2.5,TOR
60512,BEASLEY PARK _HAMILTON_DOWNTOWN_,EC2(A),2017-01-25T00:00,0.273,µg/m³,PM2.5,TOR
60512,BEASLEY PARK _HAMILTON_DOWNTOWN_,EC2(A),2017-01-28T00:00,0.151,µg/m³,PM2.5,TOR
60512,BEASLEY PARK _HAMILTON_DOWNTOWN_,EC2(A),2017-01-31T00:00,0.246,µg/m³,PM2.5,TOR
60512,BEASLEY PARK _HAMILTON_DOWNTOWN_,EC2(A),2017-02-03T00:00,0.094,µg/m³,PM2.5,TOR
60512,BEASLEY PARK _HAMILTON_DOWNTOWN_,EC2(A),2017-02-06T00:00,0.203,µg/m³,PM2.5,TOR
60512,BEASLEY PARK _HAMILTON_DOWNTOWN_,EC2(A),2017-02-09T00:00,0.081,µg/m³,PM2.5,TOR
60512,BEASLEY PARK _HAMILTON_DOWNTOWN_,EC2(A),2017-02-12T00:00,0.297,µg/m³,PM2.5,TOR
60512,BEASLEY PARK _HAMILTON_DOWNTOWN_,EC2(A),2017-02-15T00:00,0.063,µg/m³,PM2.5,TOR
60512,BEASLEY PARK _HAMILTON_DOWNTOWN_,EC2(A),2017-02-18T00:00,0.356,µg/m³,PM2.5,TOR
60512,BEASLEY PARK _HAMILTON_DOWNTOWN_,EC2(A),2017-02-21T00:00,0.367,µg/m³,PM2.5,TOR
60512,BEASLEY PARK _HAMILTON_DOWNTOWN_,EC2(A),2017-02-24T00:00,0.251,µg/m³,PM2.5,TOR
60512,BEASLEY PARK _HAMILTON_DOWNTOWN_,EC2(A),2017-02-27T00:00,0.274,µg/m³,PM2.5,TOR
60512,BEASLEY PARK _HAMILTON_DOWNTOWN_,EC2(A),2017-03-02T00:00,0.083,µg/m³,PM2.5,TOR
60512,BEASLEY PARK _HAMILTON_DOWNTOWN_,EC2(A),2017-03-05T00:00,0.229,µg/m³,PM2.5,TOR
60512,BEASLEY PARK _HAMILTON_DOWNTOWN_,EC2(A),2017-03-08T00:00,0.081,µg/m³,PM2.5,TOR
60512,BEASLEY PARK _HAMILTON_DOWNTOWN_,EC2(A),2017-03-11T00:00,0.000,µg/m³,PM2.5,TOR
60512,BEASLEY PARK _HAMILTON_DOWNTOWN_,EC2(A),2017-03-14T00:00,0.067,µg/m³,PM2.5,TOR
60512,BEASLEY PARK _HAMILTON_DOWNTOWN_,EC2(A),2017-03-17T00:00,0.481,µg/m³,PM2.5,TOR
60512,BEASLEY PARK _HAMILTON_DOWNTOWN_,EC2(A),2017-03-20T00:00,0.765,µg/m³,PM2.5,TOR
60512,BEASLEY PARK _HAMILTON_DOWNTOWN_,EC2(A),2017-03-23T00:00,0.251,µg/m³,PM2.5,TOR
60512,BEASLEY PARK _HAMILTON_DOWNTOWN_,EC2(A),2017-03-26T00:00,0.209,µg/m³,PM2.5,TOR
60512,BEASLEY PARK _HAMILTON_DOWNTOWN_,EC2(A),2017-03-29T00:00,0.588,µg/m³,PM2.5,TOR
60512,BEASLEY PARK _HAMILTON_DOWNTOWN_,EC2(A),2017-04-01T00:00,0.149,µg/m³,PM2.5,TOR
60512,BEASLEY PARK _HAMILTON_DOWNTOWN_,EC2(A),2017-04-07T00:00,0.074,µg/m³,PM2.5,TOR
60512,BEASLEY PARK _HAMILTON_DOWNTOWN_,EC2(A),2017-04-22T00:00,0.384,µg/m³,PM2.5,TOR
60512,BEASLEY PARK _HAMILTON_DOWNTOWN_,EC2(A),2017-04-25T00:00,0.395,µg/m³,PM2.5,TOR
60512,BEASLEY PARK _HAMILTON_DOWNTOWN_,EC2(A),2017-04-28T00:00,0.865,µg/m³,PM2.5,TOR
60512,BEASLEY PARK _HAMILTON_DOWNTOWN_,EC2(A),2017-05-01T00:00,0.553,µg/m³,PM2.5,TOR
60512,BEASLEY PARK _HAMILTON_DOWNTOWN_,EC2(A),2017-05-04T00:00,0.082,µg/m³,PM2.5,TOR
60512,BEASLEY PARK _HAMILTON_DOWNTOWN_,EC2(A),2017-05-07T00:00,0.061,µg/m³,PM2.5,TOR
60512,BEASLEY PARK _HAMILTON_DOWNTOWN_,EC2(A),2017-05-10T00:00,0.829,µg/m³,PM2.5,TOR
60512,BEASLEY PARK _HAMILTON_DOWNTOWN_,EC2(A),2017-05-13T00:00,0.531,µg/m³,PM2.5,TOR
60512,BEASLEY PARK _HAMILTON_DOWNTOWN_,EC2(A),2017-05-16T00:00,0.744,µg/m³,PM2.5,TOR
60512,BEASLEY PARK _HAMILTON_DOWNTOWN_,EC2(A),2017-05-19T00:00,0.338,µg/m³,PM2.5,TOR
60512,BEASLEY PARK _HAMILTON_DOWNTOWN_,EC2(A),2017-05-22T00:00,0.206,µg/m³,PM2.5,TOR
60512,BEASLEY PARK _HAMILTON_DOWNTOWN_,EC2(A),2017-05-25T00:00,0.642,µg/m³,PM2.5,TOR
60512,BEASLEY PARK _HAMILTON_DOWNTOWN_,EC2(A),2017-05-28T00:00,0.775,µg/m³,PM2.5,TOR
60512,BEASLEY PARK _HAMILTON_DOWNTOWN_,EC2(A),2017-05-31T00:00,0.262,µg/m³,PM2.5,TOR
60512,BEASLEY PARK _HAMILTON_DOWNTOWN_,EC2(A),2017-06-03T00:00,0.338,µg/m³,PM2.5,TOR
60512,BEASLEY PARK _HAMILTON_DOWNTOWN_,EC2(A),2017-06-06T00:00,0.369,µg/m³,PM2.5,TOR
60512,BEASLEY PARK _HAMILTON_DOWNTOWN_,EC2(A),2017-06-09T00:00,0.428,µg/m³,PM2.5,TOR
60512,BEASLEY PARK _HAMILTON_DOWNTOWN_,EC2(A),2017-06-12T00:00,0.551,µg/m³,PM2.5,TOR
60512,BEASLEY PARK _HAMILTON_DOWNTOWN_,EC2(A),2017-06-15T00:00,0.692,µg/m³,PM2.5,TOR
60512,BEASLEY PARK _HAMILTON_DOWNTOWN_,EC2(A),2017-06-18T00:00,0.401,µg/m³,PM2.5,TOR
60512,BEASLEY PARK _HAMILTON_DOWNTOWN_,EC2(A),2017-06-21T00:00,0.575,µg/m³,PM2.5,TOR
60512,BEASLEY PARK _HAMILTON_DOWNTOWN_,EC2(A),2017-06-24T00:00,0.219,µg/m³,PM2.5,TOR
60512,BEASLEY PARK _HAMILTON_DOWNTOWN_,EC2(A),2017-06-27T00:00,0.249,µg/m³,PM2.5,TOR
60512,BEASLEY PARK _HAMILTON_DOWNTOWN_,EC2(A),2017-06-30T00:00,0.342,µg/m³,PM2.5,TOR
60512,BEASLEY PARK _HAMILTON_DOWNTOWN_,EC2(A),2017-07-03T00:00,0.202,µg/m³,PM2.5,TOR
60512,BEASLEY PARK _HAMILTON_DOWNTOWN_,EC2(A),2017-07-06T00:00,0.646,µg/m³,PM2.5,TOR
60512,BEASLEY PARK _HAMILTON_DOWNTOWN_,EC2(A),2017-07-09T00:00,0.294,µg/m³,PM2.5,TOR
60512,BEASLEY PARK _HAMILTON_DOWNTOWN_,EC2(A),2017-07-12T00:00,0.920,µg/m³,PM2.5,TOR
60512,BEASLEY PARK _HAMILTON_DOWNTOWN_,EC2(A),2017-07-15T00:00,0.301,µg/m³,PM2.5,TOR
60512,BEASLEY PARK _HAMILTON_DOWNTOWN_,EC2(A),2017-07-18T00:00,0.464,µg/m³,PM2.5,TOR
60512,BEASLEY PARK _HAMILTON_DOWNTOWN_,EC2(A),2017-07-21T00:00,0.614,µg/m³,PM2.5,TOR
60512,BEASLEY PARK _HAMILTON_DOWNTOWN_,EC2(A),2017-07-24T00:00,0.269,µg/m³,PM2.5,TOR
60512,BEASLEY PARK _HAMILTON_DOWNTOWN_,EC2(A),2017-07-27T00:00,0.609,µg/m³,PM2.5,TOR
60512,BEASLEY PARK _HAMILTON_DOWNTOWN_,EC2(A),2017-07-30T00:00,0.367,µg/m³,PM2.5,TOR
60512,BEASLEY PARK _HAMILTON_DOWNTOWN_,EC2(A),2017-08-02T00:00,0.692,µg/m³,PM2.5,TOR
60512,BEASLEY PARK _HAMILTON_DOWNTOWN_,EC2(A),2017-08-05T00:00,0.213,µg/m³,PM2.5,TOR
60512,BEASLEY PARK _HAMILTON_DOWNTOWN_,EC2(A),2017-08-08T00:00,0.405,µg/m³,PM2.5,TOR
60512,BEASLEY PARK _HAMILTON_DOWNTOWN_,EC2(A),2017-08-11T00:00,0.572,µg/m³,PM2.5,TOR
60512,BEASLEY PARK _HAMILTON_DOWNTOWN_,EC2(A),2017-08-14T00:00,0.667,µg/m³,PM2.5,TOR
60512,BEASLEY PARK _HAMILTON_DOWNTOWN_,EC2(A),2017-08-17T00:00,0.950,µg/m³,PM2.5,TOR
60512,BEASLEY PARK _HAMILTON_DOWNTOWN_,EC2(A),2017-08-20T00:00,0.631,µg/m³,PM2.5,TOR
60512,BEASLEY PARK _HAMILTON_DOWNTOWN_,EC2(A),2017-08-23T00:00,0.413,µg/m³,PM2.5,TOR
60512,BEASLEY PARK _HAMILTON_DOWNTOWN_,EC2(A),2017-08-26T00:00,0.656,µg/m³,PM2.5,TOR
60512,BEASLEY PARK _HAMILTON_DOWNTOWN_,EC2(A),2017-08-29T00:00,0.559,µg/m³,PM2.5,TOR
60512,BEASLEY PARK _HAMILTON_DOWNTOWN_,EC2(A),2017-09-01T00:00,0.656,µg/m³,PM2.5,TOR
60512,BEASLEY PARK _HAMILTON_DOWNTOWN_,EC2(A),2017-09-04T00:00,0.617,µg/m³,PM2.5,TOR
60512,BEASLEY PARK _HAMILTON_DOWNTOWN_,EC2(A),2017-09-07T00:00,0.283,µg/m³,PM2.5,TOR
60512,BEASLEY PARK _HAMILTON_DOWNTOWN_,EC2(A),2017-09-10T00:00,0.483,µg/m³,PM2.5,TOR
60512,BEASLEY PARK _HAMILTON_DOWNTOWN_,EC2(A),2017-09-13T00:00,0.862,µg/m³,PM2.5,TOR
60512,BEASLEY PARK _HAMILTON_DOWNTOWN_,EC2(A),2017-09-16T00:00,0.592,µg/m³,PM2.5,TOR
60512,BEASLEY PARK _HAMILTON_DOWNTOWN_,EC2(A),2017-09-22T00:00,0.966,µg/m³,PM2.5,TOR
60512,BEASLEY PARK _HAMILTON_DOWNTOWN_,EC2(A),2017-09-25T00:00,0.851,µg/m³,PM2.5,TOR
60512,BEASLEY PARK _HAMILTON_DOWNTOWN_,EC2(A),2017-09-28T00:00,0.263,µg/m³,PM2.5,TOR
60512,BEASLEY PARK _HAMILTON_DOWNTOWN_,EC2(A),2017-10-01T00:00,0.594,µg/m³,PM2.5,TOR
60512,BEASLEY PARK _HAMILTON_DOWNTOWN_,EC2(A),2017-10-04T00:00,0.360,µg/m³,PM2.5,TOR
60512,BEASLEY PARK _HAMILTON_DOWNTOWN_,EC2(A),2017-10-10T00:00,0.885,µg/m³,PM2.5,TOR
60512,BEASLEY PARK _HAMILTON_DOWNTOWN_,EC2(A),2017-10-13T00:00,0.663,µg/m³,PM2.5,TOR
60512,BEASLEY PARK _HAMILTON_DOWNTOWN_,EC2(A),2017-10-16T00:00,0.224,µg/m³,PM2.5,TOR
60512,BEASLEY PARK _HAMILTON_DOWNTOWN_,EC2(A),2017-10-19T00:00,0.377,µg/m³,PM2.5,TOR
60512,BEASLEY PARK _HAMILTON_DOWNTOWN_,EC2(A),2017-10-22T00:00,0.524,µg/m³,PM2.5,TOR
60512,BEASLEY PARK _HAMILTON_DOWNTOWN_,EC2(A),2017-10-25T00:00,0.147,µg/m³,PM2.5,TOR
60512,BEASLEY PARK _HAMILTON_DOWNTOWN_,EC2(A),2017-10-28T00:00,0.207,µg/m³,PM2.5,TOR
60512,BEASLEY PARK _HAMILTON_DOWNTOWN_,EC2(A),2017-10-31T00:00,0.148,µg/m³,PM2.5,TOR
60512,BEASLEY PARK _HAMILTON_DOWNTOWN_,EC2(A),2017-11-03T00:00,0.230,µg/m³,PM2.5,TOR
60512,BEASLEY PARK _HAMILTON_DOWNTOWN_,EC2(A),2017-11-06T00:00,0.148,µg/m³,PM2.5,TOR
60512,BEASLEY PARK _HAMILTON_DOWNTOWN_,EC2(A),2017-11-09T00:00,0.338,µg/m³,PM2.5,TOR
60512,BEASLEY PARK _HAMILTON_DOWNTOWN_,EC2(A),2017-11-12T00:00,0.419,µg/m³,PM2.5,TOR
60512,BEASLEY PARK _HAMILTON_DOWNTOWN_,EC2(A),2017-11-15T00:00,0.847,µg/m³,PM2.5,TOR
60512,BEASLEY PARK _HAMILTON_DOWNTOWN_,EC2(A),2017-11-18T00:00,0.330,µg/m³,PM2.5,TOR
60512,BEASLEY PARK _HAMILTON_DOWNTOWN_,EC2(A),2017-11-21T00:00,0.210,µg/m³,PM2.5,TOR
60512,BEASLEY PARK _HAMILTON_DOWNTOWN_,EC2(A),2017-11-24T00:00,0.244,µg/m³,PM2.5,TOR
60512,BEASLEY PARK _HAMILTON_DOWNTOWN_,EC2(A),2017-11-27T00:00,0.390,µg/m³,PM2.5,TOR
60512,BEASLEY PARK _HAMILTON_DOWNTOWN_,EC2(A),2017-11-30T00:00,0.646,µg/m³,PM2.5,TOR
60512,BEASLEY PARK _HAMILTON_DOWNTOWN_,EC2(A),2017-12-03T00:00,0.643,µg/m³,PM2.5,TOR
60512,BEASLEY PARK _HAMILTON_DOWNTOWN_,EC2(A),2017-12-06T00:00,0.126,µg/m³,PM2.5,TOR
60512,BEASLEY PARK _HAMILTON_DOWNTOWN_,EC2(A),2017-12-09T00:00,0.212,µg/m³,PM2.5,TOR
60512,BEASLEY PARK _HAMILTON_DOWNTOWN_,EC2(A),2017-12-12T00:00,0.176,µg/m³,PM2.5,TOR
60512,BEASLEY PARK _HAMILTON_DOWNTOWN_,EC2(A),2017-12-15T00:00,0.276,µg/m³,PM2.5,TOR
60512,BEASLEY PARK _HAMILTON_DOWNTOWN_,EC2(A),2017-12-18T00:00,0.450,µg/m³,PM2.5,TOR
60512,BEASLEY PARK _HAMILTON_DOWNTOWN_,EC2(A),2017-12-21T00:00,0.294,µg/m³,PM2.5,TOR
60512,BEASLEY PARK _HAMILTON_DOWNTOWN_,EC2(A),2017-12-24T00:00,0.180,µg/m³,PM2.5,TOR
60512,BEASLEY PARK _HAMILTON_DOWNTOWN_,EC2(A),2017-12-27T00:00,0.160,µg/m³,PM2.5,TOR
60512,BEASLEY PARK _HAMILTON_DOWNTOWN_,EC2(A),2017-12-30T00:00,0.184,µg/m³,PM2.5,TOR
