﻿NAPS_Site_ID,Station_Name,Pollutant,Date,Value,Units,Report_Type,Method
60427,GAGE INSTITUTE,Cesium,2003-08-18T00:00,0.001,µg/m³,DICHOT,N/A
60427,GAGE INSTITUTE,Cesium,2003-08-18T00:00,0.004,µg/m³,DICHOT,N/A
60427,GAGE INSTITUTE,Cesium,2003-08-21T00:00,0.000,µg/m³,DICHOT,N/A
60427,GAGE INSTITUTE,Cesium,2003-08-21T00:00,0.005,µg/m³,DICHOT,N/A
60427,GAGE INSTITUTE,Cesium,2003-08-31T00:00,0.003,µg/m³,DICHOT,N/A
60427,GAGE INSTITUTE,Cesium,2003-08-31T00:00,0.005,µg/m³,DICHOT,N/A
60427,GAGE INSTITUTE,Cesium,2003-09-03T00:00,0.002,µg/m³,DICHOT,N/A
60427,GAGE INSTITUTE,Cesium,2003-09-03T00:00,0.003,µg/m³,DICHOT,N/A
60427,GAGE INSTITUTE,Cesium,2003-09-06T00:00,0.003,µg/m³,DICHOT,N/A
60427,GAGE INSTITUTE,Cesium,2003-09-06T00:00,0.006,µg/m³,DICHOT,N/A
60427,GAGE INSTITUTE,Cesium,2003-09-09T00:00,0.002,µg/m³,DICHOT,N/A
60427,GAGE INSTITUTE,Cesium,2003-09-09T00:00,0.003,µg/m³,DICHOT,N/A
60427,GAGE INSTITUTE,Cesium,2003-09-12T00:00,0.005,µg/m³,DICHOT,N/A
60427,GAGE INSTITUTE,Cesium,2003-09-12T00:00,0.005,µg/m³,DICHOT,N/A
60427,GAGE INSTITUTE,Cesium,2003-09-15T00:00,0.002,µg/m³,DICHOT,N/A
60427,GAGE INSTITUTE,Cesium,2003-09-15T00:00,0.003,µg/m³,DICHOT,N/A
60427,GAGE INSTITUTE,Cesium,2003-10-12T00:00,0.004,µg/m³,DICHOT,N/A
60427,GAGE INSTITUTE,Cesium,2003-10-12T00:00,0.005,µg/m³,DICHOT,N/A
