﻿NAPS_Site_ID,Station_Name,Pollutant,Date,Value,Units,Report_Type,Method
50134,MONTRÉAL-MOLSON or MONTRÉAL-SAINT-JOSEPH,Freon 11,2016-12-31T19:00,1.543,µg/m³,VOC,GC-MS
50134,MONTRÉAL-MOLSON or MONTRÉAL-SAINT-JOSEPH,Freon 11,2017-01-06T19:00,1.536,µg/m³,VOC,GC-MS
50134,MONTRÉAL-MOLSON or MONTRÉAL-SAINT-JOSEPH,Freon 11,2017-01-12T19:00,1.522,µg/m³,VOC,GC-MS
50134,MONTRÉAL-MOLSON or MONTRÉAL-SAINT-JOSEPH,Freon 11,2017-01-18T19:00,1.514,µg/m³,VOC,GC-MS
50134,MONTRÉAL-MOLSON or MONTRÉAL-SAINT-JOSEPH,Freon 11,2017-01-24T19:00,1.478,µg/m³,VOC,GC-MS
50134,MONTRÉAL-MOLSON or MONTRÉAL-SAINT-JOSEPH,Freon 11,2017-01-30T19:00,1.472,µg/m³,VOC,GC-MS
50134,MONTRÉAL-MOLSON or MONTRÉAL-SAINT-JOSEPH,Freon 11,2017-02-05T19:00,1.616,µg/m³,VOC,GC-MS
50134,MONTRÉAL-MOLSON or MONTRÉAL-SAINT-JOSEPH,Freon 11,2017-02-11T19:00,1.617,µg/m³,VOC,GC-MS
50134,MONTRÉAL-MOLSON or MONTRÉAL-SAINT-JOSEPH,Freon 11,2017-02-17T19:00,1.781,µg/m³,VOC,GC-MS
50134,MONTRÉAL-MOLSON or MONTRÉAL-SAINT-JOSEPH,Freon 11,2017-02-23T19:00,1.819,µg/m³,VOC,GC-MS
50134,MONTRÉAL-MOLSON or MONTRÉAL-SAINT-JOSEPH,Freon 11,2017-03-01T19:00,1.866,µg/m³,VOC,GC-MS
50134,MONTRÉAL-MOLSON or MONTRÉAL-SAINT-JOSEPH,Freon 11,2017-03-07T19:00,1.807,µg/m³,VOC,GC-MS
50134,MONTRÉAL-MOLSON or MONTRÉAL-SAINT-JOSEPH,Freon 11,2017-03-19T20:00,2.042,µg/m³,VOC,GC-MS
50134,MONTRÉAL-MOLSON or MONTRÉAL-SAINT-JOSEPH,Freon 11,2017-03-25T20:00,1.913,µg/m³,VOC,GC-MS
50134,MONTRÉAL-MOLSON or MONTRÉAL-SAINT-JOSEPH,Freon 11,2017-03-31T20:00,1.899,µg/m³,VOC,GC-MS
50134,MONTRÉAL-MOLSON or MONTRÉAL-SAINT-JOSEPH,Freon 11,2017-04-06T20:00,1.888,µg/m³,VOC,GC-MS
50134,MONTRÉAL-MOLSON or MONTRÉAL-SAINT-JOSEPH,Freon 11,2017-04-12T20:00,1.862,µg/m³,VOC,GC-MS
50134,MONTRÉAL-MOLSON or MONTRÉAL-SAINT-JOSEPH,Freon 11,2017-04-24T20:00,1.530,µg/m³,VOC,GC-MS
50134,MONTRÉAL-MOLSON or MONTRÉAL-SAINT-JOSEPH,Freon 11,2017-04-30T20:00,1.935,µg/m³,VOC,GC-MS
50134,MONTRÉAL-MOLSON or MONTRÉAL-SAINT-JOSEPH,Freon 11,2017-05-12T20:00,1.743,µg/m³,VOC,GC-MS
50134,MONTRÉAL-MOLSON or MONTRÉAL-SAINT-JOSEPH,Freon 11,2017-05-18T20:00,1.837,µg/m³,VOC,GC-MS
50134,MONTRÉAL-MOLSON or MONTRÉAL-SAINT-JOSEPH,Freon 11,2017-05-24T20:00,1.969,µg/m³,VOC,GC-MS
50134,MONTRÉAL-MOLSON or MONTRÉAL-SAINT-JOSEPH,Freon 11,2017-05-30T20:00,2.032,µg/m³,VOC,GC-MS
50134,MONTRÉAL-MOLSON or MONTRÉAL-SAINT-JOSEPH,Freon 11,2017-06-05T20:00,1.943,µg/m³,VOC,GC-MS
50134,MONTRÉAL-MOLSON or MONTRÉAL-SAINT-JOSEPH,Freon 11,2017-06-11T20:00,1.966,µg/m³,VOC,GC-MS
50134,MONTRÉAL-MOLSON or MONTRÉAL-SAINT-JOSEPH,Freon 11,2017-06-17T20:00,1.592,µg/m³,VOC,GC-MS
50134,MONTRÉAL-MOLSON or MONTRÉAL-SAINT-JOSEPH,Freon 11,2017-06-23T20:00,1.528,µg/m³,VOC,GC-MS
50134,MONTRÉAL-MOLSON or MONTRÉAL-SAINT-JOSEPH,Freon 11,2017-07-11T20:00,1.600,µg/m³,VOC,GC-MS
50134,MONTRÉAL-MOLSON or MONTRÉAL-SAINT-JOSEPH,Freon 11,2017-07-15T20:00,1.531,µg/m³,VOC,GC-MS
50134,MONTRÉAL-MOLSON or MONTRÉAL-SAINT-JOSEPH,Freon 11,2017-07-17T20:00,1.592,µg/m³,VOC,GC-MS
50134,MONTRÉAL-MOLSON or MONTRÉAL-SAINT-JOSEPH,Freon 11,2017-07-23T20:00,1.646,µg/m³,VOC,GC-MS
50134,MONTRÉAL-MOLSON or MONTRÉAL-SAINT-JOSEPH,Freon 11,2017-07-29T20:00,1.545,µg/m³,VOC,GC-MS
50134,MONTRÉAL-MOLSON or MONTRÉAL-SAINT-JOSEPH,Freon 11,2017-08-04T20:00,1.590,µg/m³,VOC,GC-MS
50134,MONTRÉAL-MOLSON or MONTRÉAL-SAINT-JOSEPH,Freon 11,2017-08-10T20:00,1.424,µg/m³,VOC,GC-MS
50134,MONTRÉAL-MOLSON or MONTRÉAL-SAINT-JOSEPH,Freon 11,2017-08-16T20:00,1.464,µg/m³,VOC,GC-MS
50134,MONTRÉAL-MOLSON or MONTRÉAL-SAINT-JOSEPH,Freon 11,2017-08-22T20:00,1.430,µg/m³,VOC,GC-MS
50134,MONTRÉAL-MOLSON or MONTRÉAL-SAINT-JOSEPH,Freon 11,2017-08-28T20:00,1.518,µg/m³,VOC,GC-MS
50134,MONTRÉAL-MOLSON or MONTRÉAL-SAINT-JOSEPH,Freon 11,2017-09-03T20:00,1.514,µg/m³,VOC,GC-MS
50134,MONTRÉAL-MOLSON or MONTRÉAL-SAINT-JOSEPH,Freon 11,2017-09-09T20:00,1.513,µg/m³,VOC,GC-MS
50134,MONTRÉAL-MOLSON or MONTRÉAL-SAINT-JOSEPH,Freon 11,2017-09-15T20:00,1.596,µg/m³,VOC,GC-MS
50134,MONTRÉAL-MOLSON or MONTRÉAL-SAINT-JOSEPH,Freon 11,2017-09-21T20:00,1.619,µg/m³,VOC,GC-MS
50134,MONTRÉAL-MOLSON or MONTRÉAL-SAINT-JOSEPH,Freon 11,2017-09-27T20:00,1.620,µg/m³,VOC,GC-MS
50134,MONTRÉAL-MOLSON or MONTRÉAL-SAINT-JOSEPH,Freon 11,2017-10-03T20:00,1.614,µg/m³,VOC,GC-MS
50134,MONTRÉAL-MOLSON or MONTRÉAL-SAINT-JOSEPH,Freon 11,2017-10-09T20:00,1.500,µg/m³,VOC,GC-MS
50134,MONTRÉAL-MOLSON or MONTRÉAL-SAINT-JOSEPH,Freon 11,2017-10-21T20:00,1.377,µg/m³,VOC,GC-MS
50134,MONTRÉAL-MOLSON or MONTRÉAL-SAINT-JOSEPH,Freon 11,2017-10-27T20:00,1.292,µg/m³,VOC,GC-MS
50134,MONTRÉAL-MOLSON or MONTRÉAL-SAINT-JOSEPH,Freon 11,2017-11-02T20:00,1.251,µg/m³,VOC,GC-MS
50134,MONTRÉAL-MOLSON or MONTRÉAL-SAINT-JOSEPH,Freon 11,2017-11-08T19:00,1.324,µg/m³,VOC,GC-MS
50134,MONTRÉAL-MOLSON or MONTRÉAL-SAINT-JOSEPH,Freon 11,2017-11-14T19:00,1.709,µg/m³,VOC,GC-MS
50134,MONTRÉAL-MOLSON or MONTRÉAL-SAINT-JOSEPH,Freon 11,2017-11-20T19:00,1.475,µg/m³,VOC,GC-MS
50134,MONTRÉAL-MOLSON or MONTRÉAL-SAINT-JOSEPH,Freon 11,2017-11-26T19:00,1.534,µg/m³,VOC,GC-MS
50134,MONTRÉAL-MOLSON or MONTRÉAL-SAINT-JOSEPH,Freon 11,2017-12-02T19:00,1.475,µg/m³,VOC,GC-MS
50134,MONTRÉAL-MOLSON or MONTRÉAL-SAINT-JOSEPH,Freon 11,2017-12-08T19:00,1.534,µg/m³,VOC,GC-MS
50134,MONTRÉAL-MOLSON or MONTRÉAL-SAINT-JOSEPH,Freon 11,2017-12-14T19:00,1.522,µg/m³,VOC,GC-MS
50134,MONTRÉAL-MOLSON or MONTRÉAL-SAINT-JOSEPH,Freon 11,2017-12-20T19:00,1.582,µg/m³,VOC,GC-MS
