﻿NAPS_Site_ID,Station_Name,Pollutant,Date,Value,Units,Report_Type,Method
101005,ABBOTSFORD AIRPORT-2,TC(B),2015-01-06T00:00,0.759,µg/m³,PM2.5,TOR(OC/EC)
101005,ABBOTSFORD AIRPORT-2,TC(B),2015-01-12T00:00,1.214,µg/m³,PM2.5,TOR(OC/EC)
101005,ABBOTSFORD AIRPORT-2,TC(B),2015-01-18T00:00,0.676,µg/m³,PM2.5,TOR(OC/EC)
101005,ABBOTSFORD AIRPORT-2,TC(B),2015-01-24T00:00,0.461,µg/m³,PM2.5,TOR(OC/EC)
101005,ABBOTSFORD AIRPORT-2,TC(B),2015-01-30T00:00,0.608,µg/m³,PM2.5,TOR(OC/EC)
101005,ABBOTSFORD AIRPORT-2,TC(B),2015-02-05T00:00,0.867,µg/m³,PM2.5,TOR(OC/EC)
101005,ABBOTSFORD AIRPORT-2,TC(B),2015-02-11T00:00,0.618,µg/m³,PM2.5,TOR(OC/EC)
101005,ABBOTSFORD AIRPORT-2,TC(B),2015-02-17T00:00,1.203,µg/m³,PM2.5,TOR(OC/EC)
101005,ABBOTSFORD AIRPORT-2,TC(B),2015-02-23T00:00,1.429,µg/m³,PM2.5,TOR(OC/EC)
101005,ABBOTSFORD AIRPORT-2,TC(B),2015-03-01T00:00,1.901,µg/m³,PM2.5,TOR(OC/EC)
101005,ABBOTSFORD AIRPORT-2,TC(B),2015-03-07T00:00,1.972,µg/m³,PM2.5,TOR(OC/EC)
101005,ABBOTSFORD AIRPORT-2,TC(B),2015-03-13T00:00,1.411,µg/m³,PM2.5,TOR(OC/EC)
101005,ABBOTSFORD AIRPORT-2,TC(B),2015-03-19T00:00,1.005,µg/m³,PM2.5,TOR(OC/EC)
101005,ABBOTSFORD AIRPORT-2,TC(B),2015-03-25T00:00,1.266,µg/m³,PM2.5,TOR(OC/EC)
101005,ABBOTSFORD AIRPORT-2,TC(B),2015-03-31T00:00,0.895,µg/m³,PM2.5,TOR(OC/EC)
101005,ABBOTSFORD AIRPORT-2,TC(B),2015-04-06T00:00,1.168,µg/m³,PM2.5,TOR(OC/EC)
101005,ABBOTSFORD AIRPORT-2,TC(B),2015-04-12T00:00,0.852,µg/m³,PM2.5,TOR(OC/EC)
101005,ABBOTSFORD AIRPORT-2,TC(B),2015-04-18T00:00,1.276,µg/m³,PM2.5,TOR(OC/EC)
101005,ABBOTSFORD AIRPORT-2,TC(B),2015-04-24T00:00,1.012,µg/m³,PM2.5,TOR(OC/EC)
101005,ABBOTSFORD AIRPORT-2,TC(B),2015-04-30T00:00,1.222,µg/m³,PM2.5,TOR(OC/EC)
101005,ABBOTSFORD AIRPORT-2,TC(B),2015-05-06T00:00,1.343,µg/m³,PM2.5,TOR(OC/EC)
101005,ABBOTSFORD AIRPORT-2,TC(B),2015-05-12T00:00,1.376,µg/m³,PM2.5,TOR(OC/EC)
101005,ABBOTSFORD AIRPORT-2,TC(B),2015-05-18T00:00,1.476,µg/m³,PM2.5,TOR(OC/EC)
101005,ABBOTSFORD AIRPORT-2,TC(B),2015-05-24T00:00,0.926,µg/m³,PM2.5,TOR(OC/EC)
101005,ABBOTSFORD AIRPORT-2,TC(B),2015-05-30T00:00,1.270,µg/m³,PM2.5,TOR(OC/EC)
101005,ABBOTSFORD AIRPORT-2,TC(B),2015-06-05T00:00,1.777,µg/m³,PM2.5,TOR(OC/EC)
101005,ABBOTSFORD AIRPORT-2,TC(B),2015-06-11T00:00,1.212,µg/m³,PM2.5,TOR(OC/EC)
101005,ABBOTSFORD AIRPORT-2,TC(B),2015-06-17T00:00,1.333,µg/m³,PM2.5,TOR(OC/EC)
101005,ABBOTSFORD AIRPORT-2,TC(B),2015-06-23T00:00,1.495,µg/m³,PM2.5,TOR(OC/EC)
101005,ABBOTSFORD AIRPORT-2,TC(B),2015-06-29T00:00,2.320,µg/m³,PM2.5,TOR(OC/EC)
101005,ABBOTSFORD AIRPORT-2,TC(B),2015-07-05T00:00,2.553,µg/m³,PM2.5,TOR(OC/EC)
101005,ABBOTSFORD AIRPORT-2,TC(B),2015-07-11T00:00,1.754,µg/m³,PM2.5,TOR(OC/EC)
101005,ABBOTSFORD AIRPORT-2,TC(B),2015-07-17T00:00,1.651,µg/m³,PM2.5,TOR(OC/EC)
101005,ABBOTSFORD AIRPORT-2,TC(B),2015-07-23T00:00,1.509,µg/m³,PM2.5,TOR(OC/EC)
101005,ABBOTSFORD AIRPORT-2,TC(B),2015-07-29T00:00,2.115,µg/m³,PM2.5,TOR(OC/EC)
101005,ABBOTSFORD AIRPORT-2,TC(B),2015-08-04T00:00,1.667,µg/m³,PM2.5,TOR(OC/EC)
101005,ABBOTSFORD AIRPORT-2,TC(B),2015-08-10T00:00,2.382,µg/m³,PM2.5,TOR(OC/EC)
101005,ABBOTSFORD AIRPORT-2,TC(B),2015-08-16T00:00,1.448,µg/m³,PM2.5,TOR(OC/EC)
101005,ABBOTSFORD AIRPORT-2,TC(B),2015-08-22T00:00,2.249,µg/m³,PM2.5,TOR(OC/EC)
101005,ABBOTSFORD AIRPORT-2,TC(B),2015-08-28T00:00,2.317,µg/m³,PM2.5,TOR(OC/EC)
101005,ABBOTSFORD AIRPORT-2,TC(B),2015-09-03T00:00,1.002,µg/m³,PM2.5,TOR(OC/EC)
101005,ABBOTSFORD AIRPORT-2,TC(B),2015-09-09T00:00,1.223,µg/m³,PM2.5,TOR(OC/EC)
101005,ABBOTSFORD AIRPORT-2,TC(B),2015-09-15T00:00,0.951,µg/m³,PM2.5,TOR(OC/EC)
101005,ABBOTSFORD AIRPORT-2,TC(B),2015-09-21T00:00,0.823,µg/m³,PM2.5,TOR(OC/EC)
101005,ABBOTSFORD AIRPORT-2,TC(B),2015-09-27T00:00,1.330,µg/m³,PM2.5,TOR(OC/EC)
101005,ABBOTSFORD AIRPORT-2,TC(B),2015-10-03T00:00,1.354,µg/m³,PM2.5,TOR(OC/EC)
101005,ABBOTSFORD AIRPORT-2,TC(B),2015-10-09T00:00,1.279,µg/m³,PM2.5,TOR(OC/EC)
101005,ABBOTSFORD AIRPORT-2,TC(B),2015-10-15T00:00,1.610,µg/m³,PM2.5,TOR(OC/EC)
101005,ABBOTSFORD AIRPORT-2,TC(B),2015-10-27T00:00,1.990,µg/m³,PM2.5,TOR(OC/EC)
101005,ABBOTSFORD AIRPORT-2,TC(B),2015-11-02T00:00,0.861,µg/m³,PM2.5,TOR(OC/EC)
101005,ABBOTSFORD AIRPORT-2,TC(B),2015-11-08T00:00,1.165,µg/m³,PM2.5,TOR(OC/EC)
101005,ABBOTSFORD AIRPORT-2,TC(B),2015-11-26T00:00,1.284,µg/m³,PM2.5,TOR(OC/EC)
101005,ABBOTSFORD AIRPORT-2,TC(B),2015-12-02T00:00,0.924,µg/m³,PM2.5,TOR(OC/EC)
101005,ABBOTSFORD AIRPORT-2,TC(B),2015-12-08T00:00,0.838,µg/m³,PM2.5,TOR(OC/EC)
101005,ABBOTSFORD AIRPORT-2,TC(B),2015-12-20T00:00,0.613,µg/m³,PM2.5,TOR(OC/EC)
101005,ABBOTSFORD AIRPORT-2,TC(B),2015-12-26T00:00,0.772,µg/m³,PM2.5,TOR(OC/EC)
