﻿NAPS_Site_ID,Station_Name,Pollutant,Date,Value,Units,Report_Type,Method
60512,BEASLEY PARK _HAMILTON_DOWNTOWN_,Fluorene,2013-01-04T00:00,0.001,µg/m³,PAH,GC-MS TP+G
60512,BEASLEY PARK _HAMILTON_DOWNTOWN_,Fluorene,2013-01-28T00:00,0.003,µg/m³,PAH,GC-MS TP+G
60512,BEASLEY PARK _HAMILTON_DOWNTOWN_,Fluorene,2013-02-09T00:00,0.001,µg/m³,PAH,GC-MS TP+G
60512,BEASLEY PARK _HAMILTON_DOWNTOWN_,Fluorene,2013-02-27T00:00,0.009,µg/m³,PAH,GC-MS TP+G
60512,BEASLEY PARK _HAMILTON_DOWNTOWN_,Fluorene,2013-03-05T00:00,0.005,µg/m³,PAH,GC-MS TP+G
60512,BEASLEY PARK _HAMILTON_DOWNTOWN_,Fluorene,2013-03-11T00:00,0.015,µg/m³,PAH,GC-MS TP+G
60512,BEASLEY PARK _HAMILTON_DOWNTOWN_,Fluorene,2013-03-17T00:00,0.003,µg/m³,PAH,GC-MS TP+G
60512,BEASLEY PARK _HAMILTON_DOWNTOWN_,Fluorene,2013-03-23T00:00,0.001,µg/m³,PAH,GC-MS TP+G
60512,BEASLEY PARK _HAMILTON_DOWNTOWN_,Fluorene,2013-04-04T00:00,0.002,µg/m³,PAH,GC-MS TP+G
60512,BEASLEY PARK _HAMILTON_DOWNTOWN_,Fluorene,2013-04-10T00:00,0.026,µg/m³,PAH,GC-MS TP+G
60512,BEASLEY PARK _HAMILTON_DOWNTOWN_,Fluorene,2013-04-16T00:00,0.002,µg/m³,PAH,GC-MS TP+G
60512,BEASLEY PARK _HAMILTON_DOWNTOWN_,Fluorene,2013-04-22T00:00,0.017,µg/m³,PAH,GC-MS TP+G
60512,BEASLEY PARK _HAMILTON_DOWNTOWN_,Fluorene,2013-04-28T00:00,0.025,µg/m³,PAH,GC-MS TP+G
60512,BEASLEY PARK _HAMILTON_DOWNTOWN_,Fluorene,2013-05-10T00:00,0.015,µg/m³,PAH,GC-MS TP+G
60512,BEASLEY PARK _HAMILTON_DOWNTOWN_,Fluorene,2013-05-22T00:00,0.002,µg/m³,PAH,GC-MS TP+G
60512,BEASLEY PARK _HAMILTON_DOWNTOWN_,Fluorene,2013-05-28T00:00,0.019,µg/m³,PAH,GC-MS TP+G
60512,BEASLEY PARK _HAMILTON_DOWNTOWN_,Fluorene,2013-06-03T00:00,0.002,µg/m³,PAH,GC-MS TP+G
60512,BEASLEY PARK _HAMILTON_DOWNTOWN_,Fluorene,2013-06-09T00:00,0.010,µg/m³,PAH,GC-MS TP+G
60512,BEASLEY PARK _HAMILTON_DOWNTOWN_,Fluorene,2013-06-15T00:00,0.001,µg/m³,PAH,GC-MS TP+G
60512,BEASLEY PARK _HAMILTON_DOWNTOWN_,Fluorene,2013-06-27T00:00,0.006,µg/m³,PAH,GC-MS TP+G
60512,BEASLEY PARK _HAMILTON_DOWNTOWN_,Fluorene,2013-07-03T00:00,0.008,µg/m³,PAH,GC-MS TP+G
60512,BEASLEY PARK _HAMILTON_DOWNTOWN_,Fluorene,2013-07-09T00:00,0.004,µg/m³,PAH,GC-MS TP+G
60512,BEASLEY PARK _HAMILTON_DOWNTOWN_,Fluorene,2013-07-15T00:00,0.002,µg/m³,PAH,GC-MS TP+G
60512,BEASLEY PARK _HAMILTON_DOWNTOWN_,Fluorene,2013-07-21T00:00,0.007,µg/m³,PAH,GC-MS TP+G
60512,BEASLEY PARK _HAMILTON_DOWNTOWN_,Fluorene,2013-07-27T00:00,0.002,µg/m³,PAH,GC-MS TP+G
60512,BEASLEY PARK _HAMILTON_DOWNTOWN_,Fluorene,2013-08-02T00:00,0.003,µg/m³,PAH,GC-MS TP+G
60512,BEASLEY PARK _HAMILTON_DOWNTOWN_,Fluorene,2013-08-14T00:00,0.001,µg/m³,PAH,GC-MS TP+G
60512,BEASLEY PARK _HAMILTON_DOWNTOWN_,Fluorene,2013-08-26T00:00,0.002,µg/m³,PAH,GC-MS TP+G
60512,BEASLEY PARK _HAMILTON_DOWNTOWN_,Fluorene,2013-09-01T00:00,0.006,µg/m³,PAH,GC-MS TP+G
60512,BEASLEY PARK _HAMILTON_DOWNTOWN_,Fluorene,2013-09-07T00:00,0.002,µg/m³,PAH,GC-MS TP+G
60512,BEASLEY PARK _HAMILTON_DOWNTOWN_,Fluorene,2013-09-13T00:00,0.001,µg/m³,PAH,GC-MS TP+G
60512,BEASLEY PARK _HAMILTON_DOWNTOWN_,Fluorene,2013-09-19T00:00,0.003,µg/m³,PAH,GC-MS TP+G
60512,BEASLEY PARK _HAMILTON_DOWNTOWN_,Fluorene,2013-10-01T00:00,0.001,µg/m³,PAH,GC-MS TP+G
60512,BEASLEY PARK _HAMILTON_DOWNTOWN_,Fluorene,2013-10-07T00:00,0.002,µg/m³,PAH,GC-MS TP+G
60512,BEASLEY PARK _HAMILTON_DOWNTOWN_,Fluorene,2013-10-19T00:00,0.001,µg/m³,PAH,GC-MS TP+G
60512,BEASLEY PARK _HAMILTON_DOWNTOWN_,Fluorene,2013-10-25T00:00,0.001,µg/m³,PAH,GC-MS TP+G
60512,BEASLEY PARK _HAMILTON_DOWNTOWN_,Fluorene,2013-10-31T00:00,0.004,µg/m³,PAH,GC-MS TP+G
60512,BEASLEY PARK _HAMILTON_DOWNTOWN_,Fluorene,2013-11-06T00:00,0.001,µg/m³,PAH,GC-MS TP+G
60512,BEASLEY PARK _HAMILTON_DOWNTOWN_,Fluorene,2013-11-24T00:00,0.001,µg/m³,PAH,GC-MS TP+G
60512,BEASLEY PARK _HAMILTON_DOWNTOWN_,Fluorene,2013-11-30T00:00,0.002,µg/m³,PAH,GC-MS TP+G
60512,BEASLEY PARK _HAMILTON_DOWNTOWN_,Fluorene,2013-12-18T00:00,0.002,µg/m³,PAH,GC-MS TP+G
60512,BEASLEY PARK _HAMILTON_DOWNTOWN_,Fluorene,2013-12-30T00:00,0.000,µg/m³,PAH,GC-MS TP+G
