﻿NAPS_Site_ID,Station_Name,Pollutant,Date,Value,Units,Report_Type,Method
100111,ROCKY POINT PARK,Freon 22,2005-01-04T00:00,0.752,µg/m³,VOC,N/A
100111,ROCKY POINT PARK,Freon 22,2005-01-16T00:00,0.621,µg/m³,VOC,N/A
100111,ROCKY POINT PARK,Freon 22,2005-01-22T00:00,0.670,µg/m³,VOC,N/A
100111,ROCKY POINT PARK,Freon 22,2005-01-28T00:00,0.755,µg/m³,VOC,N/A
100111,ROCKY POINT PARK,Freon 22,2005-02-09T00:00,0.767,µg/m³,VOC,N/A
100111,ROCKY POINT PARK,Freon 22,2005-02-15T00:00,0.714,µg/m³,VOC,N/A
100111,ROCKY POINT PARK,Freon 22,2005-02-21T00:00,0.730,µg/m³,VOC,N/A
100111,ROCKY POINT PARK,Freon 22,2005-02-27T00:00,1.035,µg/m³,VOC,N/A
100111,ROCKY POINT PARK,Freon 22,2005-03-05T00:00,0.751,µg/m³,VOC,N/A
100111,ROCKY POINT PARK,Freon 22,2005-03-11T00:00,0.679,µg/m³,VOC,N/A
100111,ROCKY POINT PARK,Freon 22,2005-03-17T00:00,0.715,µg/m³,VOC,N/A
100111,ROCKY POINT PARK,Freon 22,2005-03-23T00:00,0.612,µg/m³,VOC,N/A
100111,ROCKY POINT PARK,Freon 22,2005-03-29T00:00,0.577,µg/m³,VOC,N/A
100111,ROCKY POINT PARK,Freon 22,2005-04-16T00:00,0.625,µg/m³,VOC,N/A
100111,ROCKY POINT PARK,Freon 22,2005-04-22T00:00,0.824,µg/m³,VOC,N/A
100111,ROCKY POINT PARK,Freon 22,2005-04-28T00:00,0.728,µg/m³,VOC,N/A
100111,ROCKY POINT PARK,Freon 22,2005-05-04T00:00,0.716,µg/m³,VOC,N/A
100111,ROCKY POINT PARK,Freon 22,2005-05-16T00:00,0.664,µg/m³,VOC,N/A
100111,ROCKY POINT PARK,Freon 22,2005-05-22T00:00,0.637,µg/m³,VOC,N/A
100111,ROCKY POINT PARK,Freon 22,2005-05-28T00:00,0.763,µg/m³,VOC,N/A
100111,ROCKY POINT PARK,Freon 22,2005-06-03T00:00,0.610,µg/m³,VOC,N/A
100111,ROCKY POINT PARK,Freon 22,2005-06-09T00:00,0.630,µg/m³,VOC,N/A
100111,ROCKY POINT PARK,Freon 22,2005-06-15T00:00,0.622,µg/m³,VOC,N/A
100111,ROCKY POINT PARK,Freon 22,2005-07-09T00:00,0.658,µg/m³,VOC,N/A
100111,ROCKY POINT PARK,Freon 22,2005-07-15T00:00,1.380,µg/m³,VOC,N/A
100111,ROCKY POINT PARK,Freon 22,2005-07-21T00:00,0.774,µg/m³,VOC,N/A
100111,ROCKY POINT PARK,Freon 22,2005-07-27T00:00,1.471,µg/m³,VOC,N/A
100111,ROCKY POINT PARK,Freon 22,2005-08-08T00:00,0.830,µg/m³,VOC,N/A
100111,ROCKY POINT PARK,Freon 22,2005-08-14T00:00,0.805,µg/m³,VOC,N/A
100111,ROCKY POINT PARK,Freon 22,2005-08-20T00:00,0.742,µg/m³,VOC,N/A
100111,ROCKY POINT PARK,Freon 22,2005-08-26T00:00,0.821,µg/m³,VOC,N/A
100111,ROCKY POINT PARK,Freon 22,2005-09-01T00:00,0.762,µg/m³,VOC,N/A
100111,ROCKY POINT PARK,Freon 22,2005-09-13T00:00,0.753,µg/m³,VOC,N/A
100111,ROCKY POINT PARK,Freon 22,2005-09-19T00:00,0.690,µg/m³,VOC,N/A
100111,ROCKY POINT PARK,Freon 22,2005-09-25T00:00,0.703,µg/m³,VOC,N/A
100111,ROCKY POINT PARK,Freon 22,2005-10-07T00:00,0.692,µg/m³,VOC,N/A
100111,ROCKY POINT PARK,Freon 22,2005-10-13T00:00,0.741,µg/m³,VOC,N/A
100111,ROCKY POINT PARK,Freon 22,2005-10-19T00:00,0.695,µg/m³,VOC,N/A
100111,ROCKY POINT PARK,Freon 22,2005-10-25T00:00,0.653,µg/m³,VOC,N/A
100111,ROCKY POINT PARK,Freon 22,2005-10-31T00:00,0.597,µg/m³,VOC,N/A
100111,ROCKY POINT PARK,Freon 22,2005-11-12T00:00,0.634,µg/m³,VOC,N/A
100111,ROCKY POINT PARK,Freon 22,2005-11-18T00:00,0.816,µg/m³,VOC,N/A
100111,ROCKY POINT PARK,Freon 22,2005-11-30T00:00,0.647,µg/m³,VOC,N/A
100111,ROCKY POINT PARK,Freon 22,2005-12-06T00:00,0.704,µg/m³,VOC,N/A
100111,ROCKY POINT PARK,Freon 22,2005-12-12T00:00,0.879,µg/m³,VOC,N/A
100111,ROCKY POINT PARK,Freon 22,2005-12-18T00:00,0.736,µg/m³,VOC,N/A
100111,ROCKY POINT PARK,Freon 22,2005-12-24T00:00,0.676,µg/m³,VOC,N/A
100111,ROCKY POINT PARK,Freon 22,2005-12-30T00:00,0.644,µg/m³,VOC,N/A
