﻿NAPS_Site_ID,Station_Name,Pollutant,Date,Value,Units,Report_Type,Method
60211,WINDSOR WEST,3-Ethyltoluene,1995-01-03T00:00,0.266,µg/m³,VOC,N/A
60211,WINDSOR WEST,3-Ethyltoluene,1995-01-15T00:00,0.465,µg/m³,VOC,N/A
60211,WINDSOR WEST,3-Ethyltoluene,1995-01-21T00:00,0.377,µg/m³,VOC,N/A
60211,WINDSOR WEST,3-Ethyltoluene,1995-01-27T00:00,1.126,µg/m³,VOC,N/A
60211,WINDSOR WEST,3-Ethyltoluene,1995-02-02T00:00,0.557,µg/m³,VOC,N/A
60211,WINDSOR WEST,3-Ethyltoluene,1995-02-08T00:00,0.363,µg/m³,VOC,N/A
60211,WINDSOR WEST,3-Ethyltoluene,1995-03-22T00:00,0.369,µg/m³,VOC,N/A
60211,WINDSOR WEST,3-Ethyltoluene,1995-03-28T00:00,0.920,µg/m³,VOC,N/A
60211,WINDSOR WEST,3-Ethyltoluene,1995-04-03T00:00,0.284,µg/m³,VOC,N/A
60211,WINDSOR WEST,3-Ethyltoluene,1995-04-09T00:00,0.264,µg/m³,VOC,N/A
60211,WINDSOR WEST,3-Ethyltoluene,1995-04-15T00:00,0.938,µg/m³,VOC,N/A
60211,WINDSOR WEST,3-Ethyltoluene,1995-04-21T00:00,0.621,µg/m³,VOC,N/A
60211,WINDSOR WEST,3-Ethyltoluene,1995-04-27T00:00,0.183,µg/m³,VOC,N/A
60211,WINDSOR WEST,3-Ethyltoluene,1995-05-03T00:00,2.410,µg/m³,VOC,N/A
60211,WINDSOR WEST,3-Ethyltoluene,1995-05-09T00:00,1.066,µg/m³,VOC,N/A
60211,WINDSOR WEST,3-Ethyltoluene,1995-05-15T00:00,0.488,µg/m³,VOC,N/A
60211,WINDSOR WEST,3-Ethyltoluene,1995-05-21T00:00,0.427,µg/m³,VOC,N/A
60211,WINDSOR WEST,3-Ethyltoluene,1995-05-27T00:00,0.227,µg/m³,VOC,N/A
60211,WINDSOR WEST,3-Ethyltoluene,1995-06-02T00:00,1.175,µg/m³,VOC,N/A
60211,WINDSOR WEST,3-Ethyltoluene,1995-06-08T00:00,0.470,µg/m³,VOC,N/A
60211,WINDSOR WEST,3-Ethyltoluene,1995-06-14T00:00,0.900,µg/m³,VOC,N/A
60211,WINDSOR WEST,3-Ethyltoluene,1995-06-26T00:00,0.244,µg/m³,VOC,N/A
60211,WINDSOR WEST,3-Ethyltoluene,1995-07-08T00:00,0.244,µg/m³,VOC,N/A
60211,WINDSOR WEST,3-Ethyltoluene,1995-07-20T00:00,0.467,µg/m³,VOC,N/A
60211,WINDSOR WEST,3-Ethyltoluene,1995-07-28T00:00,0.323,µg/m³,VOC,N/A
60211,WINDSOR WEST,3-Ethyltoluene,1995-07-28T00:00,0.382,µg/m³,VOC,N/A
60211,WINDSOR WEST,3-Ethyltoluene,1995-08-01T00:00,1.144,µg/m³,VOC,N/A
60211,WINDSOR WEST,3-Ethyltoluene,1995-08-13T00:00,0.367,µg/m³,VOC,N/A
60211,WINDSOR WEST,3-Ethyltoluene,1995-08-25T00:00,0.516,µg/m³,VOC,N/A
60211,WINDSOR WEST,3-Ethyltoluene,1995-09-06T00:00,1.530,µg/m³,VOC,N/A
60211,WINDSOR WEST,3-Ethyltoluene,1995-09-12T00:00,1.888,µg/m³,VOC,N/A
60211,WINDSOR WEST,3-Ethyltoluene,1995-09-18T00:00,0.637,µg/m³,VOC,N/A
60211,WINDSOR WEST,3-Ethyltoluene,1995-09-24T00:00,1.608,µg/m³,VOC,N/A
60211,WINDSOR WEST,3-Ethyltoluene,1995-09-30T00:00,0.173,µg/m³,VOC,N/A
60211,WINDSOR WEST,3-Ethyltoluene,1995-10-06T00:00,0.368,µg/m³,VOC,N/A
60211,WINDSOR WEST,3-Ethyltoluene,1995-10-12T00:00,0.821,µg/m³,VOC,N/A
60211,WINDSOR WEST,3-Ethyltoluene,1995-10-18T00:00,0.631,µg/m³,VOC,N/A
60211,WINDSOR WEST,3-Ethyltoluene,1995-10-30T00:00,1.244,µg/m³,VOC,N/A
60211,WINDSOR WEST,3-Ethyltoluene,1995-11-05T00:00,0.244,µg/m³,VOC,N/A
60211,WINDSOR WEST,3-Ethyltoluene,1995-11-11T00:00,0.139,µg/m³,VOC,N/A
60211,WINDSOR WEST,3-Ethyltoluene,1995-11-17T00:00,0.535,µg/m³,VOC,N/A
60211,WINDSOR WEST,3-Ethyltoluene,1995-11-23T00:00,0.405,µg/m³,VOC,N/A
60211,WINDSOR WEST,3-Ethyltoluene,1995-11-29T00:00,1.584,µg/m³,VOC,N/A
60211,WINDSOR WEST,3-Ethyltoluene,1995-12-05T00:00,0.474,µg/m³,VOC,N/A
60211,WINDSOR WEST,3-Ethyltoluene,1995-12-11T00:00,0.374,µg/m³,VOC,N/A
60211,WINDSOR WEST,3-Ethyltoluene,1995-12-17T00:00,2.402,µg/m³,VOC,N/A
60211,WINDSOR WEST,3-Ethyltoluene,1995-12-23T00:00,0.685,µg/m³,VOC,N/A
