﻿NAPS_Site_ID,Station_Name,Pollutant,Date,Value,Units,Report_Type,Method
64401,EGBERT,"1,2,4-Trimethylbenzene",1994-06-14T00:00,0.513,µg/m³,VOC,N/A
64401,EGBERT,"1,2,4-Trimethylbenzene",1994-06-15T00:00,0.108,µg/m³,VOC,N/A
64401,EGBERT,"1,2,4-Trimethylbenzene",1994-06-15T00:00,0.192,µg/m³,VOC,N/A
64401,EGBERT,"1,2,4-Trimethylbenzene",1994-06-15T00:00,0.220,µg/m³,VOC,N/A
64401,EGBERT,"1,2,4-Trimethylbenzene",1994-06-15T00:00,0.541,µg/m³,VOC,N/A
64401,EGBERT,"1,2,4-Trimethylbenzene",1994-06-16T00:00,0.033,µg/m³,VOC,N/A
64401,EGBERT,"1,2,4-Trimethylbenzene",1994-06-16T00:00,0.033,µg/m³,VOC,N/A
64401,EGBERT,"1,2,4-Trimethylbenzene",1994-06-16T00:00,0.044,µg/m³,VOC,N/A
64401,EGBERT,"1,2,4-Trimethylbenzene",1994-06-16T00:00,0.249,µg/m³,VOC,N/A
64401,EGBERT,"1,2,4-Trimethylbenzene",1994-06-18T00:00,0.058,µg/m³,VOC,N/A
64401,EGBERT,"1,2,4-Trimethylbenzene",1994-06-19T00:00,0.014,µg/m³,VOC,N/A
64401,EGBERT,"1,2,4-Trimethylbenzene",1994-06-19T00:00,0.022,µg/m³,VOC,N/A
64401,EGBERT,"1,2,4-Trimethylbenzene",1994-06-19T00:00,0.023,µg/m³,VOC,N/A
64401,EGBERT,"1,2,4-Trimethylbenzene",1994-06-19T00:00,0.030,µg/m³,VOC,N/A
64401,EGBERT,"1,2,4-Trimethylbenzene",1994-06-19T00:00,0.052,µg/m³,VOC,N/A
64401,EGBERT,"1,2,4-Trimethylbenzene",1994-06-20T00:00,0.018,µg/m³,VOC,N/A
64401,EGBERT,"1,2,4-Trimethylbenzene",1994-06-20T00:00,0.029,µg/m³,VOC,N/A
64401,EGBERT,"1,2,4-Trimethylbenzene",1994-06-20T00:00,0.133,µg/m³,VOC,N/A
64401,EGBERT,"1,2,4-Trimethylbenzene",1994-06-20T00:00,0.167,µg/m³,VOC,N/A
64401,EGBERT,"1,2,4-Trimethylbenzene",1994-06-22T00:00,0.115,µg/m³,VOC,N/A
64401,EGBERT,"1,2,4-Trimethylbenzene",1994-06-23T00:00,0.012,µg/m³,VOC,N/A
64401,EGBERT,"1,2,4-Trimethylbenzene",1994-06-23T00:00,0.023,µg/m³,VOC,N/A
64401,EGBERT,"1,2,4-Trimethylbenzene",1994-06-23T00:00,0.092,µg/m³,VOC,N/A
64401,EGBERT,"1,2,4-Trimethylbenzene",1994-06-23T00:00,0.233,µg/m³,VOC,N/A
64401,EGBERT,"1,2,4-Trimethylbenzene",1994-06-24T00:00,0.046,µg/m³,VOC,N/A
64401,EGBERT,"1,2,4-Trimethylbenzene",1994-06-24T00:00,0.102,µg/m³,VOC,N/A
64401,EGBERT,"1,2,4-Trimethylbenzene",1994-06-24T00:00,0.307,µg/m³,VOC,N/A
64401,EGBERT,"1,2,4-Trimethylbenzene",1994-06-24T00:00,0.459,µg/m³,VOC,N/A
64401,EGBERT,"1,2,4-Trimethylbenzene",1994-06-26T00:00,0.047,µg/m³,VOC,N/A
64401,EGBERT,"1,2,4-Trimethylbenzene",1994-06-27T00:00,0.021,µg/m³,VOC,N/A
64401,EGBERT,"1,2,4-Trimethylbenzene",1994-06-27T00:00,0.026,µg/m³,VOC,N/A
64401,EGBERT,"1,2,4-Trimethylbenzene",1994-06-27T00:00,0.031,µg/m³,VOC,N/A
64401,EGBERT,"1,2,4-Trimethylbenzene",1994-06-27T00:00,0.057,µg/m³,VOC,N/A
64401,EGBERT,"1,2,4-Trimethylbenzene",1994-06-27T00:00,0.081,µg/m³,VOC,N/A
64401,EGBERT,"1,2,4-Trimethylbenzene",1994-06-28T00:00,0.054,µg/m³,VOC,N/A
64401,EGBERT,"1,2,4-Trimethylbenzene",1994-06-28T00:00,0.115,µg/m³,VOC,N/A
64401,EGBERT,"1,2,4-Trimethylbenzene",1994-06-28T00:00,0.126,µg/m³,VOC,N/A
64401,EGBERT,"1,2,4-Trimethylbenzene",1994-06-28T00:00,0.618,µg/m³,VOC,N/A
64401,EGBERT,"1,2,4-Trimethylbenzene",1994-07-04T00:00,0.265,µg/m³,VOC,N/A
64401,EGBERT,"1,2,4-Trimethylbenzene",1994-07-05T00:00,0.035,µg/m³,VOC,N/A
64401,EGBERT,"1,2,4-Trimethylbenzene",1994-07-05T00:00,0.047,µg/m³,VOC,N/A
64401,EGBERT,"1,2,4-Trimethylbenzene",1994-07-05T00:00,0.049,µg/m³,VOC,N/A
64401,EGBERT,"1,2,4-Trimethylbenzene",1994-07-05T00:00,0.091,µg/m³,VOC,N/A
64401,EGBERT,"1,2,4-Trimethylbenzene",1994-07-05T00:00,0.341,µg/m³,VOC,N/A
64401,EGBERT,"1,2,4-Trimethylbenzene",1994-07-06T00:00,0.011,µg/m³,VOC,N/A
64401,EGBERT,"1,2,4-Trimethylbenzene",1994-07-06T00:00,0.019,µg/m³,VOC,N/A
64401,EGBERT,"1,2,4-Trimethylbenzene",1994-07-06T00:00,0.022,µg/m³,VOC,N/A
64401,EGBERT,"1,2,4-Trimethylbenzene",1994-07-06T00:00,0.045,µg/m³,VOC,N/A
64401,EGBERT,"1,2,4-Trimethylbenzene",1994-07-08T00:00,0.051,µg/m³,VOC,N/A
64401,EGBERT,"1,2,4-Trimethylbenzene",1994-07-09T00:00,0.017,µg/m³,VOC,N/A
64401,EGBERT,"1,2,4-Trimethylbenzene",1994-07-09T00:00,0.024,µg/m³,VOC,N/A
64401,EGBERT,"1,2,4-Trimethylbenzene",1994-07-09T00:00,0.037,µg/m³,VOC,N/A
64401,EGBERT,"1,2,4-Trimethylbenzene",1994-07-09T00:00,0.053,µg/m³,VOC,N/A
64401,EGBERT,"1,2,4-Trimethylbenzene",1994-07-09T00:00,0.080,µg/m³,VOC,N/A
64401,EGBERT,"1,2,4-Trimethylbenzene",1994-07-10T00:00,0.009,µg/m³,VOC,N/A
64401,EGBERT,"1,2,4-Trimethylbenzene",1994-07-10T00:00,0.012,µg/m³,VOC,N/A
64401,EGBERT,"1,2,4-Trimethylbenzene",1994-07-10T00:00,0.013,µg/m³,VOC,N/A
64401,EGBERT,"1,2,4-Trimethylbenzene",1994-07-10T00:00,0.015,µg/m³,VOC,N/A
64401,EGBERT,"1,2,4-Trimethylbenzene",1994-07-16T00:00,0.108,µg/m³,VOC,N/A
64401,EGBERT,"1,2,4-Trimethylbenzene",1994-07-17T00:00,0.015,µg/m³,VOC,N/A
64401,EGBERT,"1,2,4-Trimethylbenzene",1994-07-17T00:00,0.055,µg/m³,VOC,N/A
64401,EGBERT,"1,2,4-Trimethylbenzene",1994-07-17T00:00,0.161,µg/m³,VOC,N/A
64401,EGBERT,"1,2,4-Trimethylbenzene",1994-07-17T00:00,0.243,µg/m³,VOC,N/A
64401,EGBERT,"1,2,4-Trimethylbenzene",1994-07-18T00:00,0.017,µg/m³,VOC,N/A
64401,EGBERT,"1,2,4-Trimethylbenzene",1994-07-18T00:00,0.018,µg/m³,VOC,N/A
64401,EGBERT,"1,2,4-Trimethylbenzene",1994-07-18T00:00,0.057,µg/m³,VOC,N/A
64401,EGBERT,"1,2,4-Trimethylbenzene",1994-07-18T00:00,0.334,µg/m³,VOC,N/A
64401,EGBERT,"1,2,4-Trimethylbenzene",1994-07-20T00:00,0.500,µg/m³,VOC,N/A
64401,EGBERT,"1,2,4-Trimethylbenzene",1994-07-21T00:00,0.031,µg/m³,VOC,N/A
64401,EGBERT,"1,2,4-Trimethylbenzene",1994-07-21T00:00,0.037,µg/m³,VOC,N/A
64401,EGBERT,"1,2,4-Trimethylbenzene",1994-07-21T00:00,0.133,µg/m³,VOC,N/A
64401,EGBERT,"1,2,4-Trimethylbenzene",1994-07-21T00:00,0.175,µg/m³,VOC,N/A
64401,EGBERT,"1,2,4-Trimethylbenzene",1994-07-21T00:00,0.553,µg/m³,VOC,N/A
64401,EGBERT,"1,2,4-Trimethylbenzene",1994-07-22T00:00,0.021,µg/m³,VOC,N/A
64401,EGBERT,"1,2,4-Trimethylbenzene",1994-07-22T00:00,0.032,µg/m³,VOC,N/A
64401,EGBERT,"1,2,4-Trimethylbenzene",1994-07-22T00:00,0.143,µg/m³,VOC,N/A
64401,EGBERT,"1,2,4-Trimethylbenzene",1994-07-22T00:00,0.179,µg/m³,VOC,N/A
64401,EGBERT,"1,2,4-Trimethylbenzene",1994-07-28T00:00,0.150,µg/m³,VOC,N/A
64401,EGBERT,"1,2,4-Trimethylbenzene",1994-07-29T00:00,0.024,µg/m³,VOC,N/A
64401,EGBERT,"1,2,4-Trimethylbenzene",1994-07-29T00:00,0.102,µg/m³,VOC,N/A
64401,EGBERT,"1,2,4-Trimethylbenzene",1994-07-29T00:00,0.122,µg/m³,VOC,N/A
64401,EGBERT,"1,2,4-Trimethylbenzene",1994-07-29T00:00,0.232,µg/m³,VOC,N/A
64401,EGBERT,"1,2,4-Trimethylbenzene",1994-07-30T00:00,0.010,µg/m³,VOC,N/A
64401,EGBERT,"1,2,4-Trimethylbenzene",1994-07-30T00:00,0.024,µg/m³,VOC,N/A
64401,EGBERT,"1,2,4-Trimethylbenzene",1994-07-30T00:00,0.193,µg/m³,VOC,N/A
64401,EGBERT,"1,2,4-Trimethylbenzene",1994-07-30T00:00,0.211,µg/m³,VOC,N/A
64401,EGBERT,"1,2,4-Trimethylbenzene",1994-08-01T00:00,0.016,µg/m³,VOC,N/A
64401,EGBERT,"1,2,4-Trimethylbenzene",1994-08-02T00:00,0.016,µg/m³,VOC,N/A
64401,EGBERT,"1,2,4-Trimethylbenzene",1994-08-02T00:00,0.018,µg/m³,VOC,N/A
64401,EGBERT,"1,2,4-Trimethylbenzene",1994-08-02T00:00,0.026,µg/m³,VOC,N/A
64401,EGBERT,"1,2,4-Trimethylbenzene",1994-08-02T00:00,0.059,µg/m³,VOC,N/A
64401,EGBERT,"1,2,4-Trimethylbenzene",1994-08-03T00:00,0.000,µg/m³,VOC,N/A
64401,EGBERT,"1,2,4-Trimethylbenzene",1994-08-03T00:00,0.007,µg/m³,VOC,N/A
64401,EGBERT,"1,2,4-Trimethylbenzene",1994-08-03T00:00,0.023,µg/m³,VOC,N/A
64401,EGBERT,"1,2,4-Trimethylbenzene",1994-08-03T00:00,0.332,µg/m³,VOC,N/A
64401,EGBERT,"1,2,4-Trimethylbenzene",1994-08-05T00:00,0.035,µg/m³,VOC,N/A
64401,EGBERT,"1,2,4-Trimethylbenzene",1994-08-06T00:00,0.000,µg/m³,VOC,N/A
64401,EGBERT,"1,2,4-Trimethylbenzene",1994-08-06T00:00,0.000,µg/m³,VOC,N/A
64401,EGBERT,"1,2,4-Trimethylbenzene",1994-08-06T00:00,0.031,µg/m³,VOC,N/A
64401,EGBERT,"1,2,4-Trimethylbenzene",1994-08-06T00:00,0.097,µg/m³,VOC,N/A
64401,EGBERT,"1,2,4-Trimethylbenzene",1994-08-07T00:00,0.000,µg/m³,VOC,N/A
64401,EGBERT,"1,2,4-Trimethylbenzene",1994-08-07T00:00,0.000,µg/m³,VOC,N/A
64401,EGBERT,"1,2,4-Trimethylbenzene",1994-08-07T00:00,0.018,µg/m³,VOC,N/A
64401,EGBERT,"1,2,4-Trimethylbenzene",1994-08-07T00:00,0.142,µg/m³,VOC,N/A
64401,EGBERT,"1,2,4-Trimethylbenzene",1994-08-09T00:00,0.035,µg/m³,VOC,N/A
64401,EGBERT,"1,2,4-Trimethylbenzene",1994-08-10T00:00,0.013,µg/m³,VOC,N/A
64401,EGBERT,"1,2,4-Trimethylbenzene",1994-08-10T00:00,0.019,µg/m³,VOC,N/A
64401,EGBERT,"1,2,4-Trimethylbenzene",1994-08-10T00:00,0.053,µg/m³,VOC,N/A
64401,EGBERT,"1,2,4-Trimethylbenzene",1994-08-10T00:00,0.104,µg/m³,VOC,N/A
64401,EGBERT,"1,2,4-Trimethylbenzene",1994-08-10T00:00,0.126,µg/m³,VOC,N/A
64401,EGBERT,"1,2,4-Trimethylbenzene",1994-08-11T00:00,0.016,µg/m³,VOC,N/A
64401,EGBERT,"1,2,4-Trimethylbenzene",1994-08-11T00:00,0.023,µg/m³,VOC,N/A
64401,EGBERT,"1,2,4-Trimethylbenzene",1994-08-11T00:00,0.048,µg/m³,VOC,N/A
64401,EGBERT,"1,2,4-Trimethylbenzene",1994-08-11T00:00,0.135,µg/m³,VOC,N/A
64401,EGBERT,"1,2,4-Trimethylbenzene",1994-08-21T00:00,0.065,µg/m³,VOC,N/A
64401,EGBERT,"1,2,4-Trimethylbenzene",1994-08-22T00:00,0.009,µg/m³,VOC,N/A
64401,EGBERT,"1,2,4-Trimethylbenzene",1994-08-22T00:00,0.013,µg/m³,VOC,N/A
64401,EGBERT,"1,2,4-Trimethylbenzene",1994-08-22T00:00,0.025,µg/m³,VOC,N/A
64401,EGBERT,"1,2,4-Trimethylbenzene",1994-08-22T00:00,0.059,µg/m³,VOC,N/A
64401,EGBERT,"1,2,4-Trimethylbenzene",1994-08-22T00:00,0.087,µg/m³,VOC,N/A
64401,EGBERT,"1,2,4-Trimethylbenzene",1994-08-23T00:00,0.029,µg/m³,VOC,N/A
64401,EGBERT,"1,2,4-Trimethylbenzene",1994-08-23T00:00,0.059,µg/m³,VOC,N/A
64401,EGBERT,"1,2,4-Trimethylbenzene",1994-08-23T00:00,0.063,µg/m³,VOC,N/A
64401,EGBERT,"1,2,4-Trimethylbenzene",1994-08-23T00:00,0.140,µg/m³,VOC,N/A
64401,EGBERT,"1,2,4-Trimethylbenzene",1994-08-25T00:00,0.128,µg/m³,VOC,N/A
64401,EGBERT,"1,2,4-Trimethylbenzene",1994-08-26T00:00,0.011,µg/m³,VOC,N/A
64401,EGBERT,"1,2,4-Trimethylbenzene",1994-08-26T00:00,0.028,µg/m³,VOC,N/A
64401,EGBERT,"1,2,4-Trimethylbenzene",1994-08-26T00:00,0.055,µg/m³,VOC,N/A
64401,EGBERT,"1,2,4-Trimethylbenzene",1994-08-26T00:00,0.100,µg/m³,VOC,N/A
64401,EGBERT,"1,2,4-Trimethylbenzene",1994-08-26T00:00,0.109,µg/m³,VOC,N/A
64401,EGBERT,"1,2,4-Trimethylbenzene",1994-08-27T00:00,0.009,µg/m³,VOC,N/A
64401,EGBERT,"1,2,4-Trimethylbenzene",1994-08-27T00:00,0.015,µg/m³,VOC,N/A
64401,EGBERT,"1,2,4-Trimethylbenzene",1994-08-27T00:00,0.031,µg/m³,VOC,N/A
64401,EGBERT,"1,2,4-Trimethylbenzene",1994-08-29T00:00,0.038,µg/m³,VOC,N/A
64401,EGBERT,"1,2,4-Trimethylbenzene",1994-08-30T00:00,0.000,µg/m³,VOC,N/A
64401,EGBERT,"1,2,4-Trimethylbenzene",1994-08-30T00:00,0.031,µg/m³,VOC,N/A
64401,EGBERT,"1,2,4-Trimethylbenzene",1994-08-30T00:00,0.056,µg/m³,VOC,N/A
64401,EGBERT,"1,2,4-Trimethylbenzene",1994-08-30T00:00,0.096,µg/m³,VOC,N/A
64401,EGBERT,"1,2,4-Trimethylbenzene",1994-08-30T00:00,0.115,µg/m³,VOC,N/A
64401,EGBERT,"1,2,4-Trimethylbenzene",1994-08-31T00:00,0.050,µg/m³,VOC,N/A
64401,EGBERT,"1,2,4-Trimethylbenzene",1994-08-31T00:00,0.059,µg/m³,VOC,N/A
64401,EGBERT,"1,2,4-Trimethylbenzene",1994-08-31T00:00,0.134,µg/m³,VOC,N/A
64401,EGBERT,"1,2,4-Trimethylbenzene",1994-08-31T00:00,0.194,µg/m³,VOC,N/A
64401,EGBERT,"1,2,4-Trimethylbenzene",1994-09-11T00:00,0.182,µg/m³,VOC,N/A
64401,EGBERT,"1,2,4-Trimethylbenzene",1994-09-17T00:00,0.087,µg/m³,VOC,N/A
64401,EGBERT,"1,2,4-Trimethylbenzene",1994-09-23T00:00,0.112,µg/m³,VOC,N/A
64401,EGBERT,"1,2,4-Trimethylbenzene",1994-09-23T00:00,0.440,µg/m³,VOC,N/A
64401,EGBERT,"1,2,4-Trimethylbenzene",1994-09-29T00:00,0.025,µg/m³,VOC,N/A
64401,EGBERT,"1,2,4-Trimethylbenzene",1994-09-29T00:00,0.031,µg/m³,VOC,N/A
64401,EGBERT,"1,2,4-Trimethylbenzene",1994-10-05T00:00,0.030,µg/m³,VOC,N/A
64401,EGBERT,"1,2,4-Trimethylbenzene",1994-10-11T00:00,0.278,µg/m³,VOC,N/A
64401,EGBERT,"1,2,4-Trimethylbenzene",1994-10-11T00:00,0.988,µg/m³,VOC,N/A
64401,EGBERT,"1,2,4-Trimethylbenzene",1994-10-17T00:00,0.491,µg/m³,VOC,N/A
64401,EGBERT,"1,2,4-Trimethylbenzene",1994-10-17T00:00,0.843,µg/m³,VOC,N/A
64401,EGBERT,"1,2,4-Trimethylbenzene",1994-10-23T00:00,0.037,µg/m³,VOC,N/A
64401,EGBERT,"1,2,4-Trimethylbenzene",1994-10-23T00:00,0.456,µg/m³,VOC,N/A
64401,EGBERT,"1,2,4-Trimethylbenzene",1994-10-29T00:00,0.100,µg/m³,VOC,N/A
64401,EGBERT,"1,2,4-Trimethylbenzene",1994-10-29T00:00,0.116,µg/m³,VOC,N/A
64401,EGBERT,"1,2,4-Trimethylbenzene",1994-11-04T00:00,0.162,µg/m³,VOC,N/A
64401,EGBERT,"1,2,4-Trimethylbenzene",1994-11-04T00:00,0.362,µg/m³,VOC,N/A
64401,EGBERT,"1,2,4-Trimethylbenzene",1994-11-10T00:00,0.032,µg/m³,VOC,N/A
64401,EGBERT,"1,2,4-Trimethylbenzene",1994-11-10T00:00,0.040,µg/m³,VOC,N/A
64401,EGBERT,"1,2,4-Trimethylbenzene",1994-11-16T00:00,0.217,µg/m³,VOC,N/A
64401,EGBERT,"1,2,4-Trimethylbenzene",1994-11-16T00:00,0.768,µg/m³,VOC,N/A
64401,EGBERT,"1,2,4-Trimethylbenzene",1994-11-22T00:00,0.014,µg/m³,VOC,N/A
64401,EGBERT,"1,2,4-Trimethylbenzene",1994-11-22T00:00,0.022,µg/m³,VOC,N/A
64401,EGBERT,"1,2,4-Trimethylbenzene",1994-11-28T00:00,0.063,µg/m³,VOC,N/A
64401,EGBERT,"1,2,4-Trimethylbenzene",1994-11-28T00:00,0.125,µg/m³,VOC,N/A
64401,EGBERT,"1,2,4-Trimethylbenzene",1994-12-10T00:00,0.098,µg/m³,VOC,N/A
64401,EGBERT,"1,2,4-Trimethylbenzene",1994-12-10T00:00,0.177,µg/m³,VOC,N/A
64401,EGBERT,"1,2,4-Trimethylbenzene",1994-12-16T00:00,0.288,µg/m³,VOC,N/A
64401,EGBERT,"1,2,4-Trimethylbenzene",1994-12-16T00:00,0.388,µg/m³,VOC,N/A
64401,EGBERT,"1,2,4-Trimethylbenzene",1994-12-22T00:00,0.367,µg/m³,VOC,N/A
64401,EGBERT,"1,2,4-Trimethylbenzene",1994-12-22T00:00,0.408,µg/m³,VOC,N/A
64401,EGBERT,"1,2,4-Trimethylbenzene",1994-12-28T00:00,0.020,µg/m³,VOC,N/A
64401,EGBERT,"1,2,4-Trimethylbenzene",1994-12-28T00:00,0.122,µg/m³,VOC,N/A
