﻿NAPS_Site_ID,Station_Name,Pollutant,Date,Value,Units,Report_Type,Method
63601,LONGWOODS CONS. AUTHORITY,2-Methylpentane,2018-01-02T00:00,0.130,µg/m³,VOC,GC-MS
63601,LONGWOODS CONS. AUTHORITY,2-Methylpentane,2018-01-08T00:00,0.213,µg/m³,VOC,GC-MS
63601,LONGWOODS CONS. AUTHORITY,2-Methylpentane,2018-01-26T00:00,0.117,µg/m³,VOC,GC-MS
63601,LONGWOODS CONS. AUTHORITY,2-Methylpentane,2018-02-01T00:00,0.110,µg/m³,VOC,GC-MS
63601,LONGWOODS CONS. AUTHORITY,2-Methylpentane,2018-02-07T00:00,0.104,µg/m³,VOC,GC-MS
63601,LONGWOODS CONS. AUTHORITY,2-Methylpentane,2018-02-13T00:00,0.103,µg/m³,VOC,GC-MS
63601,LONGWOODS CONS. AUTHORITY,2-Methylpentane,2018-02-19T00:00,0.230,µg/m³,VOC,GC-MS
63601,LONGWOODS CONS. AUTHORITY,2-Methylpentane,2018-02-25T00:00,0.086,µg/m³,VOC,GC-MS
63601,LONGWOODS CONS. AUTHORITY,2-Methylpentane,2018-03-03T00:00,0.032,µg/m³,VOC,GC-MS
63601,LONGWOODS CONS. AUTHORITY,2-Methylpentane,2018-03-09T00:00,0.023,µg/m³,VOC,GC-MS
63601,LONGWOODS CONS. AUTHORITY,2-Methylpentane,2018-03-15T00:00,0.034,µg/m³,VOC,GC-MS
63601,LONGWOODS CONS. AUTHORITY,2-Methylpentane,2018-03-21T00:00,0.025,µg/m³,VOC,GC-MS
63601,LONGWOODS CONS. AUTHORITY,2-Methylpentane,2018-03-27T00:00,0.127,µg/m³,VOC,GC-MS
63601,LONGWOODS CONS. AUTHORITY,2-Methylpentane,2018-04-02T00:00,0.029,µg/m³,VOC,GC-MS
63601,LONGWOODS CONS. AUTHORITY,2-Methylpentane,2018-04-08T00:00,0.015,µg/m³,VOC,GC-MS
63601,LONGWOODS CONS. AUTHORITY,2-Methylpentane,2018-04-14T00:00,0.034,µg/m³,VOC,GC-MS
63601,LONGWOODS CONS. AUTHORITY,2-Methylpentane,2018-04-20T00:00,0.018,µg/m³,VOC,GC-MS
63601,LONGWOODS CONS. AUTHORITY,2-Methylpentane,2018-04-26T00:00,0.046,µg/m³,VOC,GC-MS
63601,LONGWOODS CONS. AUTHORITY,2-Methylpentane,2018-05-02T00:00,0.049,µg/m³,VOC,GC-MS
63601,LONGWOODS CONS. AUTHORITY,2-Methylpentane,2018-05-08T00:00,0.024,µg/m³,VOC,GC-MS
63601,LONGWOODS CONS. AUTHORITY,2-Methylpentane,2018-05-14T00:00,0.075,µg/m³,VOC,GC-MS
63601,LONGWOODS CONS. AUTHORITY,2-Methylpentane,2018-05-20T00:00,0.025,µg/m³,VOC,GC-MS
63601,LONGWOODS CONS. AUTHORITY,2-Methylpentane,2018-05-26T00:00,0.199,µg/m³,VOC,GC-MS
63601,LONGWOODS CONS. AUTHORITY,2-Methylpentane,2018-06-01T00:00,0.022,µg/m³,VOC,GC-MS
63601,LONGWOODS CONS. AUTHORITY,2-Methylpentane,2018-06-07T00:00,0.088,µg/m³,VOC,GC-MS
63601,LONGWOODS CONS. AUTHORITY,2-Methylpentane,2018-06-19T00:00,0.020,µg/m³,VOC,GC-MS
63601,LONGWOODS CONS. AUTHORITY,2-Methylpentane,2018-06-25T00:00,0.019,µg/m³,VOC,GC-MS
63601,LONGWOODS CONS. AUTHORITY,2-Methylpentane,2018-07-01T00:00,0.060,µg/m³,VOC,GC-MS
63601,LONGWOODS CONS. AUTHORITY,2-Methylpentane,2018-07-07T00:00,0.012,µg/m³,VOC,GC-MS
63601,LONGWOODS CONS. AUTHORITY,2-Methylpentane,2018-07-13T00:00,0.049,µg/m³,VOC,GC-MS
63601,LONGWOODS CONS. AUTHORITY,2-Methylpentane,2018-07-19T00:00,0.025,µg/m³,VOC,GC-MS
63601,LONGWOODS CONS. AUTHORITY,2-Methylpentane,2018-07-25T00:00,0.027,µg/m³,VOC,GC-MS
63601,LONGWOODS CONS. AUTHORITY,2-Methylpentane,2018-07-31T00:00,0.062,µg/m³,VOC,GC-MS
63601,LONGWOODS CONS. AUTHORITY,2-Methylpentane,2018-08-06T00:00,0.063,µg/m³,VOC,GC-MS
63601,LONGWOODS CONS. AUTHORITY,2-Methylpentane,2018-08-12T00:00,0.040,µg/m³,VOC,GC-MS
63601,LONGWOODS CONS. AUTHORITY,2-Methylpentane,2018-08-18T00:00,0.050,µg/m³,VOC,GC-MS
63601,LONGWOODS CONS. AUTHORITY,2-Methylpentane,2018-08-24T00:00,0.031,µg/m³,VOC,GC-MS
63601,LONGWOODS CONS. AUTHORITY,2-Methylpentane,2018-08-30T00:00,0.025,µg/m³,VOC,GC-MS
63601,LONGWOODS CONS. AUTHORITY,2-Methylpentane,2018-09-05T00:00,0.058,µg/m³,VOC,GC-MS
63601,LONGWOODS CONS. AUTHORITY,2-Methylpentane,2018-09-11T00:00,0.033,µg/m³,VOC,GC-MS
63601,LONGWOODS CONS. AUTHORITY,2-Methylpentane,2018-09-17T00:00,0.041,µg/m³,VOC,GC-MS
63601,LONGWOODS CONS. AUTHORITY,2-Methylpentane,2018-09-23T00:00,0.060,µg/m³,VOC,GC-MS
63601,LONGWOODS CONS. AUTHORITY,2-Methylpentane,2018-09-29T00:00,0.032,µg/m³,VOC,GC-MS
63601,LONGWOODS CONS. AUTHORITY,2-Methylpentane,2018-10-05T00:00,0.047,µg/m³,VOC,GC-MS
63601,LONGWOODS CONS. AUTHORITY,2-Methylpentane,2018-10-11T00:00,0.060,µg/m³,VOC,GC-MS
63601,LONGWOODS CONS. AUTHORITY,2-Methylpentane,2018-10-17T00:00,0.031,µg/m³,VOC,GC-MS
63601,LONGWOODS CONS. AUTHORITY,2-Methylpentane,2018-10-23T00:00,0.028,µg/m³,VOC,GC-MS
63601,LONGWOODS CONS. AUTHORITY,2-Methylpentane,2018-10-29T00:00,0.017,µg/m³,VOC,GC-MS
63601,LONGWOODS CONS. AUTHORITY,2-Methylpentane,2018-11-04T00:00,0.042,µg/m³,VOC,GC-MS
63601,LONGWOODS CONS. AUTHORITY,2-Methylpentane,2018-11-10T00:00,0.058,µg/m³,VOC,GC-MS
63601,LONGWOODS CONS. AUTHORITY,2-Methylpentane,2018-11-16T00:00,0.106,µg/m³,VOC,GC-MS
63601,LONGWOODS CONS. AUTHORITY,2-Methylpentane,2018-11-22T00:00,0.043,µg/m³,VOC,GC-MS
63601,LONGWOODS CONS. AUTHORITY,2-Methylpentane,2018-11-28T00:00,0.079,µg/m³,VOC,GC-MS
63601,LONGWOODS CONS. AUTHORITY,2-Methylpentane,2018-12-04T00:00,0.042,µg/m³,VOC,GC-MS
63601,LONGWOODS CONS. AUTHORITY,2-Methylpentane,2018-12-10T00:00,0.288,µg/m³,VOC,GC-MS
63601,LONGWOODS CONS. AUTHORITY,2-Methylpentane,2018-12-16T00:00,0.128,µg/m³,VOC,GC-MS
63601,LONGWOODS CONS. AUTHORITY,2-Methylpentane,2018-12-22T00:00,0.090,µg/m³,VOC,GC-MS
