﻿NAPS_Site_ID,Station_Name,Pollutant,Date,Value,Units,Report_Type,Method
60512,BEASLEY PARK _HAMILTON_DOWNTOWN_,Propane,1989-01-28T00:00,5.220,µg/m³,VOC,
60512,BEASLEY PARK _HAMILTON_DOWNTOWN_,Propane,1989-02-03T00:00,3.299,µg/m³,VOC,
60512,BEASLEY PARK _HAMILTON_DOWNTOWN_,Propane,1989-02-15T00:00,5.265,µg/m³,VOC,
60512,BEASLEY PARK _HAMILTON_DOWNTOWN_,Propane,1989-02-21T00:00,6.026,µg/m³,VOC,
60512,BEASLEY PARK _HAMILTON_DOWNTOWN_,Propane,1989-02-27T00:00,4.200,µg/m³,VOC,
60512,BEASLEY PARK _HAMILTON_DOWNTOWN_,Propane,1989-03-05T00:00,5.370,µg/m³,VOC,
60512,BEASLEY PARK _HAMILTON_DOWNTOWN_,Propane,1989-03-11T00:00,5.499,µg/m³,VOC,
60512,BEASLEY PARK _HAMILTON_DOWNTOWN_,Propane,1989-03-17T00:00,2.628,µg/m³,VOC,
60512,BEASLEY PARK _HAMILTON_DOWNTOWN_,Propane,1989-03-23T00:00,6.098,µg/m³,VOC,
60512,BEASLEY PARK _HAMILTON_DOWNTOWN_,Propane,1989-03-29T00:00,6.260,µg/m³,VOC,
60512,BEASLEY PARK _HAMILTON_DOWNTOWN_,Propane,1989-04-22T00:00,3.172,µg/m³,VOC,
60512,BEASLEY PARK _HAMILTON_DOWNTOWN_,Propane,1989-04-28T00:00,2.543,µg/m³,VOC,
60512,BEASLEY PARK _HAMILTON_DOWNTOWN_,Propane,1989-05-10T00:00,4.523,µg/m³,VOC,
60512,BEASLEY PARK _HAMILTON_DOWNTOWN_,Propane,1989-05-16T00:00,5.540,µg/m³,VOC,
60512,BEASLEY PARK _HAMILTON_DOWNTOWN_,Propane,1989-05-22T00:00,1.611,µg/m³,VOC,
60512,BEASLEY PARK _HAMILTON_DOWNTOWN_,Propane,1989-05-28T00:00,1.701,µg/m³,VOC,
60512,BEASLEY PARK _HAMILTON_DOWNTOWN_,Propane,1989-06-03T00:00,2.582,µg/m³,VOC,
60512,BEASLEY PARK _HAMILTON_DOWNTOWN_,Propane,1989-06-15T00:00,4.650,µg/m³,VOC,
60512,BEASLEY PARK _HAMILTON_DOWNTOWN_,Propane,1989-06-21T00:00,3.402,µg/m³,VOC,
60512,BEASLEY PARK _HAMILTON_DOWNTOWN_,Propane,1989-06-27T00:00,3.313,µg/m³,VOC,
60512,BEASLEY PARK _HAMILTON_DOWNTOWN_,Propane,1989-07-09T00:00,2.678,µg/m³,VOC,
60512,BEASLEY PARK _HAMILTON_DOWNTOWN_,Propane,1989-07-27T00:00,3.522,µg/m³,VOC,
60512,BEASLEY PARK _HAMILTON_DOWNTOWN_,Propane,1989-09-01T00:00,4.324,µg/m³,VOC,
60512,BEASLEY PARK _HAMILTON_DOWNTOWN_,Propane,1989-09-07T00:00,8.057,µg/m³,VOC,
60512,BEASLEY PARK _HAMILTON_DOWNTOWN_,Propane,1989-09-13T00:00,3.598,µg/m³,VOC,
60512,BEASLEY PARK _HAMILTON_DOWNTOWN_,Propane,1989-09-19T00:00,5.732,µg/m³,VOC,
60512,BEASLEY PARK _HAMILTON_DOWNTOWN_,Propane,1989-09-25T00:00,6.412,µg/m³,VOC,
60512,BEASLEY PARK _HAMILTON_DOWNTOWN_,Propane,1989-10-07T00:00,1.953,µg/m³,VOC,
60512,BEASLEY PARK _HAMILTON_DOWNTOWN_,Propane,1989-10-13T00:00,7.008,µg/m³,VOC,
60512,BEASLEY PARK _HAMILTON_DOWNTOWN_,Propane,1989-10-19T00:00,1.212,µg/m³,VOC,
60512,BEASLEY PARK _HAMILTON_DOWNTOWN_,Propane,1989-10-25T00:00,6.462,µg/m³,VOC,
60512,BEASLEY PARK _HAMILTON_DOWNTOWN_,Propane,1989-10-31T00:00,7.820,µg/m³,VOC,
60512,BEASLEY PARK _HAMILTON_DOWNTOWN_,Propane,1989-11-06T00:00,3.170,µg/m³,VOC,
60512,BEASLEY PARK _HAMILTON_DOWNTOWN_,Propane,1989-11-12T00:00,1.875,µg/m³,VOC,
60512,BEASLEY PARK _HAMILTON_DOWNTOWN_,Propane,1989-11-18T00:00,2.264,µg/m³,VOC,
60512,BEASLEY PARK _HAMILTON_DOWNTOWN_,Propane,1989-11-24T00:00,2.923,µg/m³,VOC,
60512,BEASLEY PARK _HAMILTON_DOWNTOWN_,Propane,1989-11-30T00:00,2.160,µg/m³,VOC,
60512,BEASLEY PARK _HAMILTON_DOWNTOWN_,Propane,1989-12-06T00:00,3.847,µg/m³,VOC,
60512,BEASLEY PARK _HAMILTON_DOWNTOWN_,Propane,1989-12-12T00:00,4.494,µg/m³,VOC,
60512,BEASLEY PARK _HAMILTON_DOWNTOWN_,Propane,1989-12-18T00:00,4.731,µg/m³,VOC,
60512,BEASLEY PARK _HAMILTON_DOWNTOWN_,Propane,1989-12-24T00:00,3.251,µg/m³,VOC,
