﻿NAPS_Site_ID,Station_Name,Pollutant,Date,Value,Units,Report_Type,Method
30118,VOGUE BUILDING,1-Butyne,1999-01-06T00:00,0.000,µg/m³,VOC,GC-MS
30118,VOGUE BUILDING,1-Butyne,1999-01-12T00:00,0.000,µg/m³,VOC,GC-MS
30118,VOGUE BUILDING,1-Butyne,1999-01-18T00:00,0.000,µg/m³,VOC,GC-MS
30118,VOGUE BUILDING,1-Butyne,1999-01-24T00:00,0.000,µg/m³,VOC,GC-MS
30118,VOGUE BUILDING,1-Butyne,1999-01-30T00:00,0.000,µg/m³,VOC,GC-MS
30118,VOGUE BUILDING,1-Butyne,1999-02-05T00:00,0.000,µg/m³,VOC,GC-MS
30118,VOGUE BUILDING,1-Butyne,1999-02-23T00:00,0.000,µg/m³,VOC,GC-MS
30118,VOGUE BUILDING,1-Butyne,1999-03-01T00:00,0.000,µg/m³,VOC,GC-MS
30118,VOGUE BUILDING,1-Butyne,1999-03-13T00:00,0.000,µg/m³,VOC,GC-MS
