﻿NAPS_Site_ID,Station_Name,Pollutant,Date,Value,Units,Report_Type,Method
60104,OTTAWA DOWNTOWN,Methylcyclopentane,2011-01-03T00:00,0.066,µg/m³,VOC,
60104,OTTAWA DOWNTOWN,Methylcyclopentane,2011-01-09T00:00,0.053,µg/m³,VOC,
60104,OTTAWA DOWNTOWN,Methylcyclopentane,2011-01-15T00:00,0.205,µg/m³,VOC,
60104,OTTAWA DOWNTOWN,Methylcyclopentane,2011-01-21T00:00,0.091,µg/m³,VOC,
60104,OTTAWA DOWNTOWN,Methylcyclopentane,2011-01-27T00:00,0.184,µg/m³,VOC,
60104,OTTAWA DOWNTOWN,Methylcyclopentane,2011-02-02T00:00,0.076,µg/m³,VOC,
60104,OTTAWA DOWNTOWN,Methylcyclopentane,2011-02-08T00:00,0.064,µg/m³,VOC,
60104,OTTAWA DOWNTOWN,Methylcyclopentane,2011-02-14T00:00,0.125,µg/m³,VOC,
60104,OTTAWA DOWNTOWN,Methylcyclopentane,2011-02-20T00:00,0.031,µg/m³,VOC,
60104,OTTAWA DOWNTOWN,Methylcyclopentane,2011-02-26T00:00,0.041,µg/m³,VOC,
60104,OTTAWA DOWNTOWN,Methylcyclopentane,2011-03-04T00:00,0.091,µg/m³,VOC,
60104,OTTAWA DOWNTOWN,Methylcyclopentane,2011-03-10T00:00,0.092,µg/m³,VOC,
60104,OTTAWA DOWNTOWN,Methylcyclopentane,2011-03-16T00:00,0.093,µg/m³,VOC,
60104,OTTAWA DOWNTOWN,Methylcyclopentane,2011-03-22T00:00,0.036,µg/m³,VOC,
60104,OTTAWA DOWNTOWN,Methylcyclopentane,2011-03-28T00:00,0.026,µg/m³,VOC,
60104,OTTAWA DOWNTOWN,Methylcyclopentane,2011-04-03T00:00,0.041,µg/m³,VOC,
60104,OTTAWA DOWNTOWN,Methylcyclopentane,2011-04-09T00:00,0.053,µg/m³,VOC,
60104,OTTAWA DOWNTOWN,Methylcyclopentane,2011-04-21T00:00,0.027,µg/m³,VOC,
60104,OTTAWA DOWNTOWN,Methylcyclopentane,2011-04-27T00:00,0.090,µg/m³,VOC,
60104,OTTAWA DOWNTOWN,Methylcyclopentane,2011-05-03T00:00,0.029,µg/m³,VOC,
60104,OTTAWA DOWNTOWN,Methylcyclopentane,2011-05-03T00:00,0.029,µg/m³,VOC,
60104,OTTAWA DOWNTOWN,Methylcyclopentane,2011-05-09T00:00,0.038,µg/m³,VOC,
60104,OTTAWA DOWNTOWN,Methylcyclopentane,2011-05-15T00:00,0.023,µg/m³,VOC,
60104,OTTAWA DOWNTOWN,Methylcyclopentane,2011-05-21T00:00,0.076,µg/m³,VOC,
60104,OTTAWA DOWNTOWN,Methylcyclopentane,2011-05-27T00:00,0.042,µg/m³,VOC,
60104,OTTAWA DOWNTOWN,Methylcyclopentane,2011-06-02T00:00,0.028,µg/m³,VOC,
60104,OTTAWA DOWNTOWN,Methylcyclopentane,2011-06-08T00:00,0.099,µg/m³,VOC,
60104,OTTAWA DOWNTOWN,Methylcyclopentane,2011-06-14T00:00,0.036,µg/m³,VOC,
60104,OTTAWA DOWNTOWN,Methylcyclopentane,2011-06-14T00:00,0.037,µg/m³,VOC,
60104,OTTAWA DOWNTOWN,Methylcyclopentane,2011-06-20T00:00,0.132,µg/m³,VOC,
60104,OTTAWA DOWNTOWN,Methylcyclopentane,2011-06-23T00:00,0.149,µg/m³,VOC,
60104,OTTAWA DOWNTOWN,Methylcyclopentane,2011-07-02T00:00,0.347,µg/m³,VOC,
60104,OTTAWA DOWNTOWN,Methylcyclopentane,2011-07-08T00:00,0.270,µg/m³,VOC,
60104,OTTAWA DOWNTOWN,Methylcyclopentane,2011-07-14T00:00,0.094,µg/m³,VOC,
60104,OTTAWA DOWNTOWN,Methylcyclopentane,2011-07-20T00:00,0.276,µg/m³,VOC,
60104,OTTAWA DOWNTOWN,Methylcyclopentane,2011-07-20T00:00,0.287,µg/m³,VOC,
60104,OTTAWA DOWNTOWN,Methylcyclopentane,2011-07-26T00:00,0.058,µg/m³,VOC,
60104,OTTAWA DOWNTOWN,Methylcyclopentane,2011-08-01T00:00,0.075,µg/m³,VOC,
60104,OTTAWA DOWNTOWN,Methylcyclopentane,2011-08-07T00:00,0.083,µg/m³,VOC,
60104,OTTAWA DOWNTOWN,Methylcyclopentane,2011-08-13T00:00,0.108,µg/m³,VOC,
60104,OTTAWA DOWNTOWN,Methylcyclopentane,2011-08-19T00:00,0.166,µg/m³,VOC,
60104,OTTAWA DOWNTOWN,Methylcyclopentane,2011-08-25T00:00,0.073,µg/m³,VOC,
60104,OTTAWA DOWNTOWN,Methylcyclopentane,2011-09-06T00:00,0.060,µg/m³,VOC,
60104,OTTAWA DOWNTOWN,Methylcyclopentane,2011-09-12T00:00,0.154,µg/m³,VOC,
60104,OTTAWA DOWNTOWN,Methylcyclopentane,2011-09-18T00:00,0.153,µg/m³,VOC,
60104,OTTAWA DOWNTOWN,Methylcyclopentane,2011-09-24T00:00,0.115,µg/m³,VOC,
60104,OTTAWA DOWNTOWN,Methylcyclopentane,2011-09-30T00:00,0.096,µg/m³,VOC,
60104,OTTAWA DOWNTOWN,Methylcyclopentane,2011-10-06T00:00,0.174,µg/m³,VOC,
60104,OTTAWA DOWNTOWN,Methylcyclopentane,2011-10-12T00:00,0.222,µg/m³,VOC,
60104,OTTAWA DOWNTOWN,Methylcyclopentane,2011-10-18T00:00,0.124,µg/m³,VOC,
60104,OTTAWA DOWNTOWN,Methylcyclopentane,2011-10-24T00:00,0.242,µg/m³,VOC,
60104,OTTAWA DOWNTOWN,Methylcyclopentane,2011-10-30T00:00,0.181,µg/m³,VOC,
60104,OTTAWA DOWNTOWN,Methylcyclopentane,2011-11-05T00:00,0.141,µg/m³,VOC,
60104,OTTAWA DOWNTOWN,Methylcyclopentane,2011-11-11T00:00,0.055,µg/m³,VOC,
60104,OTTAWA DOWNTOWN,Methylcyclopentane,2011-11-11T00:00,0.063,µg/m³,VOC,
60104,OTTAWA DOWNTOWN,Methylcyclopentane,2011-11-17T00:00,0.097,µg/m³,VOC,
60104,OTTAWA DOWNTOWN,Methylcyclopentane,2011-11-23T00:00,0.146,µg/m³,VOC,
60104,OTTAWA DOWNTOWN,Methylcyclopentane,2011-11-29T00:00,0.075,µg/m³,VOC,
60104,OTTAWA DOWNTOWN,Methylcyclopentane,2011-12-05T00:00,0.133,µg/m³,VOC,
60104,OTTAWA DOWNTOWN,Methylcyclopentane,2011-12-05T00:00,0.135,µg/m³,VOC,
60104,OTTAWA DOWNTOWN,Methylcyclopentane,2011-12-11T00:00,0.074,µg/m³,VOC,
60104,OTTAWA DOWNTOWN,Methylcyclopentane,2011-12-17T00:00,0.078,µg/m³,VOC,
60104,OTTAWA DOWNTOWN,Methylcyclopentane,2011-12-23T00:00,0.133,µg/m³,VOC,
60104,OTTAWA DOWNTOWN,Methylcyclopentane,2011-12-29T00:00,0.152,µg/m³,VOC,
