﻿NAPS_Site_ID,Station_Name,Pollutant,Date,Value,Units,Report_Type,Method
90132,EDMONTON MCINTYRE,TC(B),2013-01-10T00:00,1.147,µg/m³,PM2.5,TOR
90132,EDMONTON MCINTYRE,TC(B),2013-01-13T00:00,1.819,µg/m³,PM2.5,TOR
90132,EDMONTON MCINTYRE,TC(B),2013-01-16T00:00,1.013,µg/m³,PM2.5,TOR
90132,EDMONTON MCINTYRE,TC(B),2013-01-19T00:00,0.521,µg/m³,PM2.5,TOR
90132,EDMONTON MCINTYRE,TC(B),2013-01-22T00:00,1.019,µg/m³,PM2.5,TOR
90132,EDMONTON MCINTYRE,TC(B),2013-01-25T00:00,1.312,µg/m³,PM2.5,TOR
90132,EDMONTON MCINTYRE,TC(B),2013-01-28T00:00,1.828,µg/m³,PM2.5,TOR
90132,EDMONTON MCINTYRE,TC(B),2013-01-31T00:00,0.977,µg/m³,PM2.5,TOR
90132,EDMONTON MCINTYRE,TC(B),2013-02-03T00:00,2.003,µg/m³,PM2.5,TOR
90132,EDMONTON MCINTYRE,TC(B),2013-02-06T00:00,1.456,µg/m³,PM2.5,TOR
90132,EDMONTON MCINTYRE,TC(B),2013-02-09T00:00,0.836,µg/m³,PM2.5,TOR
90132,EDMONTON MCINTYRE,TC(B),2013-02-12T00:00,1.331,µg/m³,PM2.5,TOR
90132,EDMONTON MCINTYRE,TC(B),2013-02-15T00:00,1.514,µg/m³,PM2.5,TOR
90132,EDMONTON MCINTYRE,TC(B),2013-02-18T00:00,0.768,µg/m³,PM2.5,TOR
90132,EDMONTON MCINTYRE,TC(B),2013-02-21T00:00,0.902,µg/m³,PM2.5,TOR
90132,EDMONTON MCINTYRE,TC(B),2013-02-24T00:00,0.914,µg/m³,PM2.5,TOR
90132,EDMONTON MCINTYRE,TC(B),2013-02-27T00:00,1.006,µg/m³,PM2.5,TOR
90132,EDMONTON MCINTYRE,TC(B),2013-03-02T00:00,1.146,µg/m³,PM2.5,TOR
90132,EDMONTON MCINTYRE,TC(B),2013-03-05T00:00,0.960,µg/m³,PM2.5,TOR
90132,EDMONTON MCINTYRE,TC(B),2013-03-08T00:00,1.270,µg/m³,PM2.5,TOR
90132,EDMONTON MCINTYRE,TC(B),2013-03-11T00:00,1.165,µg/m³,PM2.5,TOR
90132,EDMONTON MCINTYRE,TC(B),2013-03-14T00:00,0.783,µg/m³,PM2.5,TOR
90132,EDMONTON MCINTYRE,TC(B),2013-03-17T00:00,1.031,µg/m³,PM2.5,TOR
90132,EDMONTON MCINTYRE,TC(B),2013-03-23T00:00,2.042,µg/m³,PM2.5,TOR
90132,EDMONTON MCINTYRE,TC(B),2013-03-26T00:00,1.477,µg/m³,PM2.5,TOR
90132,EDMONTON MCINTYRE,TC(B),2013-03-29T00:00,1.927,µg/m³,PM2.5,TOR
90132,EDMONTON MCINTYRE,TC(B),2013-04-01T00:00,1.459,µg/m³,PM2.5,TOR
90132,EDMONTON MCINTYRE,TC(B),2013-04-04T00:00,0.736,µg/m³,PM2.5,TOR
90132,EDMONTON MCINTYRE,TC(B),2013-04-07T00:00,1.354,µg/m³,PM2.5,TOR
90132,EDMONTON MCINTYRE,TC(B),2013-04-10T00:00,1.102,µg/m³,PM2.5,TOR
90132,EDMONTON MCINTYRE,TC(B),2013-04-13T00:00,0.861,µg/m³,PM2.5,TOR
90132,EDMONTON MCINTYRE,TC(B),2013-04-16T00:00,1.481,µg/m³,PM2.5,TOR
90132,EDMONTON MCINTYRE,TC(B),2013-04-19T00:00,0.471,µg/m³,PM2.5,TOR
90132,EDMONTON MCINTYRE,TC(B),2013-04-22T00:00,1.091,µg/m³,PM2.5,TOR
90132,EDMONTON MCINTYRE,TC(B),2013-04-25T00:00,1.023,µg/m³,PM2.5,TOR
90132,EDMONTON MCINTYRE,TC(B),2013-05-01T00:00,0.994,µg/m³,PM2.5,TOR
90132,EDMONTON MCINTYRE,TC(B),2013-05-04T00:00,1.731,µg/m³,PM2.5,TOR
90132,EDMONTON MCINTYRE,TC(B),2013-05-07T00:00,1.037,µg/m³,PM2.5,TOR
90132,EDMONTON MCINTYRE,TC(B),2013-05-10T00:00,0.900,µg/m³,PM2.5,TOR
90132,EDMONTON MCINTYRE,TC(B),2013-05-13T00:00,1.988,µg/m³,PM2.5,TOR
90132,EDMONTON MCINTYRE,TC(B),2013-05-16T00:00,2.713,µg/m³,PM2.5,TOR
90132,EDMONTON MCINTYRE,TC(B),2013-05-19T00:00,1.818,µg/m³,PM2.5,TOR
90132,EDMONTON MCINTYRE,TC(B),2013-05-22T00:00,1.459,µg/m³,PM2.5,TOR
90132,EDMONTON MCINTYRE,TC(B),2013-05-25T00:00,2.205,µg/m³,PM2.5,TOR
90132,EDMONTON MCINTYRE,TC(B),2013-05-28T00:00,1.414,µg/m³,PM2.5,TOR
90132,EDMONTON MCINTYRE,TC(B),2013-05-31T00:00,2.324,µg/m³,PM2.5,TOR
90132,EDMONTON MCINTYRE,TC(B),2013-06-03T00:00,1.912,µg/m³,PM2.5,TOR
90132,EDMONTON MCINTYRE,TC(B),2013-06-06T00:00,1.616,µg/m³,PM2.5,TOR
90132,EDMONTON MCINTYRE,TC(B),2013-06-09T00:00,1.579,µg/m³,PM2.5,TOR
90132,EDMONTON MCINTYRE,TC(B),2013-06-12T00:00,1.855,µg/m³,PM2.5,TOR
90132,EDMONTON MCINTYRE,TC(B),2013-06-15T00:00,1.809,µg/m³,PM2.5,TOR
90132,EDMONTON MCINTYRE,TC(B),2013-06-18T00:00,1.810,µg/m³,PM2.5,TOR
90132,EDMONTON MCINTYRE,TC(B),2013-06-21T00:00,1.453,µg/m³,PM2.5,TOR
90132,EDMONTON MCINTYRE,TC(B),2013-06-24T00:00,1.561,µg/m³,PM2.5,TOR
90132,EDMONTON MCINTYRE,TC(B),2013-06-27T00:00,1.505,µg/m³,PM2.5,TOR
90132,EDMONTON MCINTYRE,TC(B),2013-06-30T00:00,1.945,µg/m³,PM2.5,TOR
90132,EDMONTON MCINTYRE,TC(B),2013-07-03T00:00,2.191,µg/m³,PM2.5,TOR
90132,EDMONTON MCINTYRE,TC(B),2013-07-06T00:00,1.685,µg/m³,PM2.5,TOR
90132,EDMONTON MCINTYRE,TC(B),2013-07-09T00:00,1.302,µg/m³,PM2.5,TOR
90132,EDMONTON MCINTYRE,TC(B),2013-07-12T00:00,1.303,µg/m³,PM2.5,TOR
90132,EDMONTON MCINTYRE,TC(B),2013-07-15T00:00,1.465,µg/m³,PM2.5,TOR
90132,EDMONTON MCINTYRE,TC(B),2013-07-18T00:00,2.306,µg/m³,PM2.5,TOR
90132,EDMONTON MCINTYRE,TC(B),2013-07-21T00:00,1.760,µg/m³,PM2.5,TOR
90132,EDMONTON MCINTYRE,TC(B),2013-07-24T00:00,1.627,µg/m³,PM2.5,TOR
90132,EDMONTON MCINTYRE,TC(B),2013-07-27T00:00,1.728,µg/m³,PM2.5,TOR
90132,EDMONTON MCINTYRE,TC(B),2013-07-30T00:00,1.581,µg/m³,PM2.5,TOR
90132,EDMONTON MCINTYRE,TC(B),2013-08-02T00:00,1.484,µg/m³,PM2.5,TOR
90132,EDMONTON MCINTYRE,TC(B),2013-08-05T00:00,2.259,µg/m³,PM2.5,TOR
90132,EDMONTON MCINTYRE,TC(B),2013-08-11T00:00,1.779,µg/m³,PM2.5,TOR
90132,EDMONTON MCINTYRE,TC(B),2013-08-14T00:00,2.234,µg/m³,PM2.5,TOR
90132,EDMONTON MCINTYRE,TC(B),2013-08-17T00:00,2.242,µg/m³,PM2.5,TOR
90132,EDMONTON MCINTYRE,TC(B),2013-08-20T00:00,1.404,µg/m³,PM2.5,TOR
90132,EDMONTON MCINTYRE,TC(B),2013-08-23T00:00,2.317,µg/m³,PM2.5,TOR
90132,EDMONTON MCINTYRE,TC(B),2013-08-26T00:00,2.514,µg/m³,PM2.5,TOR
90132,EDMONTON MCINTYRE,TC(B),2013-08-29T00:00,2.129,µg/m³,PM2.5,TOR
90132,EDMONTON MCINTYRE,TC(B),2013-09-01T00:00,2.328,µg/m³,PM2.5,TOR
90132,EDMONTON MCINTYRE,TC(B),2013-09-04T00:00,2.685,µg/m³,PM2.5,TOR
90132,EDMONTON MCINTYRE,TC(B),2013-09-07T00:00,1.407,µg/m³,PM2.5,TOR
90132,EDMONTON MCINTYRE,TC(B),2013-09-10T00:00,1.634,µg/m³,PM2.5,TOR
90132,EDMONTON MCINTYRE,TC(B),2013-09-13T00:00,1.885,µg/m³,PM2.5,TOR
90132,EDMONTON MCINTYRE,TC(B),2013-09-16T00:00,1.772,µg/m³,PM2.5,TOR
90132,EDMONTON MCINTYRE,TC(B),2013-09-19T00:00,1.746,µg/m³,PM2.5,TOR
90132,EDMONTON MCINTYRE,TC(B),2013-09-22T00:00,1.326,µg/m³,PM2.5,TOR
90132,EDMONTON MCINTYRE,TC(B),2013-09-28T00:00,1.226,µg/m³,PM2.5,TOR
90132,EDMONTON MCINTYRE,TC(B),2013-10-01T00:00,1.001,µg/m³,PM2.5,TOR
90132,EDMONTON MCINTYRE,TC(B),2013-10-04T00:00,0.909,µg/m³,PM2.5,TOR
90132,EDMONTON MCINTYRE,TC(B),2013-10-07T00:00,1.482,µg/m³,PM2.5,TOR
90132,EDMONTON MCINTYRE,TC(B),2013-10-10T00:00,1.492,µg/m³,PM2.5,TOR
90132,EDMONTON MCINTYRE,TC(B),2013-10-13T00:00,1.691,µg/m³,PM2.5,TOR
90132,EDMONTON MCINTYRE,TC(B),2013-10-16T00:00,1.516,µg/m³,PM2.5,TOR
90132,EDMONTON MCINTYRE,TC(B),2013-10-19T00:00,1.369,µg/m³,PM2.5,TOR
90132,EDMONTON MCINTYRE,TC(B),2013-10-22T00:00,1.573,µg/m³,PM2.5,TOR
90132,EDMONTON MCINTYRE,TC(B),2013-10-25T00:00,1.272,µg/m³,PM2.5,TOR
90132,EDMONTON MCINTYRE,TC(B),2013-10-28T00:00,1.062,µg/m³,PM2.5,TOR
90132,EDMONTON MCINTYRE,TC(B),2013-10-31T00:00,1.552,µg/m³,PM2.5,TOR
90132,EDMONTON MCINTYRE,TC(B),2013-11-03T00:00,0.897,µg/m³,PM2.5,TOR
90132,EDMONTON MCINTYRE,TC(B),2013-11-06T00:00,1.315,µg/m³,PM2.5,TOR
90132,EDMONTON MCINTYRE,TC(B),2013-11-09T00:00,0.854,µg/m³,PM2.5,TOR
90132,EDMONTON MCINTYRE,TC(B),2013-11-15T00:00,1.078,µg/m³,PM2.5,TOR
90132,EDMONTON MCINTYRE,TC(B),2013-11-18T00:00,1.268,µg/m³,PM2.5,TOR
90132,EDMONTON MCINTYRE,TC(B),2013-11-24T00:00,1.362,µg/m³,PM2.5,TOR
90132,EDMONTON MCINTYRE,TC(B),2013-11-27T00:00,1.786,µg/m³,PM2.5,TOR
90132,EDMONTON MCINTYRE,TC(B),2013-11-30T00:00,1.307,µg/m³,PM2.5,TOR
90132,EDMONTON MCINTYRE,TC(B),2013-12-03T00:00,0.725,µg/m³,PM2.5,TOR
90132,EDMONTON MCINTYRE,TC(B),2013-12-06T00:00,1.833,µg/m³,PM2.5,TOR
90132,EDMONTON MCINTYRE,TC(B),2013-12-09T00:00,0.828,µg/m³,PM2.5,TOR
90132,EDMONTON MCINTYRE,TC(B),2013-12-12T00:00,1.018,µg/m³,PM2.5,TOR
90132,EDMONTON MCINTYRE,TC(B),2013-12-15T00:00,1.168,µg/m³,PM2.5,TOR
90132,EDMONTON MCINTYRE,TC(B),2013-12-18T00:00,1.258,µg/m³,PM2.5,TOR
90132,EDMONTON MCINTYRE,TC(B),2013-12-21T00:00,1.882,µg/m³,PM2.5,TOR
90132,EDMONTON MCINTYRE,TC(B),2013-12-24T00:00,1.043,µg/m³,PM2.5,TOR
90132,EDMONTON MCINTYRE,TC(B),2013-12-27T00:00,0.706,µg/m³,PM2.5,TOR
90132,EDMONTON MCINTYRE,TC(B),2013-12-30T00:00,1.126,µg/m³,PM2.5,TOR
