﻿NAPS_Site_ID,Station_Name,Pollutant,Date,Value,Units,Report_Type,Method
80110,REGINA-2505 11TH. AVENUE,trans-2-Butene,2011-01-03T00:00,0.050,µg/m³,VOC,GC-MS
80110,REGINA-2505 11TH. AVENUE,trans-2-Butene,2011-01-09T00:00,0.108,µg/m³,VOC,GC-MS
80110,REGINA-2505 11TH. AVENUE,trans-2-Butene,2011-01-15T00:00,0.073,µg/m³,VOC,GC-MS
80110,REGINA-2505 11TH. AVENUE,trans-2-Butene,2011-01-21T00:00,0.066,µg/m³,VOC,GC-MS
80110,REGINA-2505 11TH. AVENUE,trans-2-Butene,2011-01-27T00:00,0.126,µg/m³,VOC,GC-MS
80110,REGINA-2505 11TH. AVENUE,trans-2-Butene,2011-02-02T00:00,0.060,µg/m³,VOC,GC-MS
80110,REGINA-2505 11TH. AVENUE,trans-2-Butene,2011-02-08T00:00,0.045,µg/m³,VOC,GC-MS
80110,REGINA-2505 11TH. AVENUE,trans-2-Butene,2011-02-14T00:00,0.033,µg/m³,VOC,GC-MS
80110,REGINA-2505 11TH. AVENUE,trans-2-Butene,2011-02-20T00:00,0.037,µg/m³,VOC,GC-MS
80110,REGINA-2505 11TH. AVENUE,trans-2-Butene,2011-02-26T00:00,0.025,µg/m³,VOC,GC-MS
80110,REGINA-2505 11TH. AVENUE,trans-2-Butene,2011-03-04T00:00,0.113,µg/m³,VOC,GC-MS
80110,REGINA-2505 11TH. AVENUE,trans-2-Butene,2011-03-10T00:00,0.039,µg/m³,VOC,GC-MS
80110,REGINA-2505 11TH. AVENUE,trans-2-Butene,2011-03-28T00:00,0.019,µg/m³,VOC,GC-MS
80110,REGINA-2505 11TH. AVENUE,trans-2-Butene,2011-04-03T00:00,0.091,µg/m³,VOC,GC-MS
80110,REGINA-2505 11TH. AVENUE,trans-2-Butene,2011-04-09T00:00,0.088,µg/m³,VOC,GC-MS
80110,REGINA-2505 11TH. AVENUE,trans-2-Butene,2011-04-15T00:00,0.043,µg/m³,VOC,GC-MS
80110,REGINA-2505 11TH. AVENUE,trans-2-Butene,2011-04-21T00:00,0.043,µg/m³,VOC,GC-MS
80110,REGINA-2505 11TH. AVENUE,trans-2-Butene,2011-04-27T00:00,0.036,µg/m³,VOC,GC-MS
80110,REGINA-2505 11TH. AVENUE,trans-2-Butene,2011-05-03T00:00,0.031,µg/m³,VOC,GC-MS
80110,REGINA-2505 11TH. AVENUE,trans-2-Butene,2011-05-09T00:00,0.194,µg/m³,VOC,GC-MS
80110,REGINA-2505 11TH. AVENUE,trans-2-Butene,2011-05-15T00:00,0.015,µg/m³,VOC,GC-MS
80110,REGINA-2505 11TH. AVENUE,trans-2-Butene,2011-05-21T00:00,0.059,µg/m³,VOC,GC-MS
80110,REGINA-2505 11TH. AVENUE,trans-2-Butene,2011-05-27T00:00,0.060,µg/m³,VOC,GC-MS
80110,REGINA-2505 11TH. AVENUE,trans-2-Butene,2011-06-02T00:00,0.030,µg/m³,VOC,GC-MS
80110,REGINA-2505 11TH. AVENUE,trans-2-Butene,2011-06-08T00:00,0.079,µg/m³,VOC,GC-MS
80110,REGINA-2505 11TH. AVENUE,trans-2-Butene,2011-06-14T00:00,0.049,µg/m³,VOC,GC-MS
80110,REGINA-2505 11TH. AVENUE,trans-2-Butene,2011-06-20T00:00,0.057,µg/m³,VOC,GC-MS
80110,REGINA-2505 11TH. AVENUE,trans-2-Butene,2011-06-26T00:00,0.029,µg/m³,VOC,GC-MS
80110,REGINA-2505 11TH. AVENUE,trans-2-Butene,2011-07-02T00:00,0.038,µg/m³,VOC,GC-MS
80110,REGINA-2505 11TH. AVENUE,trans-2-Butene,2011-07-08T00:00,0.035,µg/m³,VOC,GC-MS
80110,REGINA-2505 11TH. AVENUE,trans-2-Butene,2011-07-14T00:00,0.052,µg/m³,VOC,GC-MS
80110,REGINA-2505 11TH. AVENUE,trans-2-Butene,2011-07-20T00:00,0.084,µg/m³,VOC,GC-MS
80110,REGINA-2505 11TH. AVENUE,trans-2-Butene,2011-07-26T00:00,0.047,µg/m³,VOC,GC-MS
80110,REGINA-2505 11TH. AVENUE,trans-2-Butene,2011-08-01T00:00,0.073,µg/m³,VOC,GC-MS
80110,REGINA-2505 11TH. AVENUE,trans-2-Butene,2011-08-07T00:00,0.049,µg/m³,VOC,GC-MS
80110,REGINA-2505 11TH. AVENUE,trans-2-Butene,2011-08-13T00:00,0.033,µg/m³,VOC,GC-MS
80110,REGINA-2505 11TH. AVENUE,trans-2-Butene,2011-08-25T00:00,0.080,µg/m³,VOC,GC-MS
80110,REGINA-2505 11TH. AVENUE,trans-2-Butene,2011-08-31T00:00,0.267,µg/m³,VOC,GC-MS
80110,REGINA-2505 11TH. AVENUE,trans-2-Butene,2011-09-06T00:00,0.399,µg/m³,VOC,GC-MS
80110,REGINA-2505 11TH. AVENUE,trans-2-Butene,2011-09-12T00:00,0.052,µg/m³,VOC,GC-MS
80110,REGINA-2505 11TH. AVENUE,trans-2-Butene,2011-09-18T00:00,0.065,µg/m³,VOC,GC-MS
80110,REGINA-2505 11TH. AVENUE,trans-2-Butene,2011-09-24T00:00,0.349,µg/m³,VOC,GC-MS
80110,REGINA-2505 11TH. AVENUE,trans-2-Butene,2011-09-30T00:00,0.036,µg/m³,VOC,GC-MS
80110,REGINA-2505 11TH. AVENUE,trans-2-Butene,2011-10-07T00:00,0.195,µg/m³,VOC,GC-MS
80110,REGINA-2505 11TH. AVENUE,trans-2-Butene,2011-10-12T00:00,0.118,µg/m³,VOC,GC-MS
80110,REGINA-2505 11TH. AVENUE,trans-2-Butene,2011-10-18T00:00,0.155,µg/m³,VOC,GC-MS
80110,REGINA-2505 11TH. AVENUE,trans-2-Butene,2011-12-17T00:00,0.121,µg/m³,VOC,GC-MS
80110,REGINA-2505 11TH. AVENUE,trans-2-Butene,2011-12-23T00:00,0.088,µg/m³,VOC,GC-MS
80110,REGINA-2505 11TH. AVENUE,trans-2-Butene,2011-12-29T00:00,0.112,µg/m³,VOC,GC-MS
