﻿NAPS_Site_ID,Station_Name,Pollutant,Date,Value,Units,Report_Type,Method
54501,L'ASSOMPTION,MEK,2000-01-01T00:00,1.060,µg/m³,VOC,N/A
54501,L'ASSOMPTION,MEK,2000-01-07T00:00,0.707,µg/m³,VOC,N/A
54501,L'ASSOMPTION,MEK,2000-01-13T00:00,0.215,µg/m³,VOC,N/A
54501,L'ASSOMPTION,MEK,2000-01-19T00:00,1.534,µg/m³,VOC,N/A
54501,L'ASSOMPTION,MEK,2000-01-25T00:00,1.084,µg/m³,VOC,N/A
54501,L'ASSOMPTION,MEK,2000-01-31T00:00,0.802,µg/m³,VOC,N/A
54501,L'ASSOMPTION,MEK,2000-02-06T00:00,0.240,µg/m³,VOC,N/A
54501,L'ASSOMPTION,MEK,2000-02-12T00:00,0.704,µg/m³,VOC,N/A
54501,L'ASSOMPTION,MEK,2000-02-18T00:00,1.262,µg/m³,VOC,N/A
54501,L'ASSOMPTION,MEK,2000-02-24T00:00,1.595,µg/m³,VOC,N/A
54501,L'ASSOMPTION,MEK,2000-03-01T00:00,0.832,µg/m³,VOC,N/A
54501,L'ASSOMPTION,MEK,2000-03-07T00:00,0.911,µg/m³,VOC,N/A
54501,L'ASSOMPTION,MEK,2000-03-31T00:00,3.119,µg/m³,VOC,N/A
54501,L'ASSOMPTION,MEK,2000-04-06T00:00,1.369,µg/m³,VOC,N/A
54501,L'ASSOMPTION,MEK,2000-04-12T00:00,4.539,µg/m³,VOC,N/A
54501,L'ASSOMPTION,MEK,2000-04-24T00:00,2.383,µg/m³,VOC,N/A
54501,L'ASSOMPTION,MEK,2000-05-12T00:00,0.584,µg/m³,VOC,N/A
54501,L'ASSOMPTION,MEK,2000-05-18T00:00,0.481,µg/m³,VOC,N/A
54501,L'ASSOMPTION,MEK,2000-05-24T00:00,0.276,µg/m³,VOC,N/A
54501,L'ASSOMPTION,MEK,2000-05-30T00:00,0.350,µg/m³,VOC,N/A
54501,L'ASSOMPTION,MEK,2000-06-11T00:00,0.289,µg/m³,VOC,N/A
54501,L'ASSOMPTION,MEK,2000-06-17T00:00,0.510,µg/m³,VOC,N/A
54501,L'ASSOMPTION,MEK,2000-06-23T00:00,0.449,µg/m³,VOC,N/A
54501,L'ASSOMPTION,MEK,2000-06-29T00:00,0.790,µg/m³,VOC,N/A
54501,L'ASSOMPTION,MEK,2000-07-05T00:00,0.488,µg/m³,VOC,N/A
54501,L'ASSOMPTION,MEK,2000-07-11T00:00,0.333,µg/m³,VOC,N/A
54501,L'ASSOMPTION,MEK,2000-07-17T00:00,0.176,µg/m³,VOC,N/A
54501,L'ASSOMPTION,MEK,2000-07-29T00:00,0.162,µg/m³,VOC,N/A
54501,L'ASSOMPTION,MEK,2000-08-04T00:00,0.570,µg/m³,VOC,N/A
54501,L'ASSOMPTION,MEK,2000-08-10T00:00,0.634,µg/m³,VOC,N/A
54501,L'ASSOMPTION,MEK,2000-08-16T00:00,0.333,µg/m³,VOC,N/A
54501,L'ASSOMPTION,MEK,2000-08-22T00:00,0.350,µg/m³,VOC,N/A
54501,L'ASSOMPTION,MEK,2000-08-28T00:00,0.385,µg/m³,VOC,N/A
54501,L'ASSOMPTION,MEK,2000-09-15T00:00,0.248,µg/m³,VOC,N/A
