﻿NAPS_Site_ID,Station_Name,Pollutant,Date,Value,Units,Report_Type,Method
100133,BURMOUNT,trans-2-Pentene,2011-01-03T00:00,0.167,µg/m³,VOC,GC-MS
100133,BURMOUNT,trans-2-Pentene,2011-01-09T00:00,0.046,µg/m³,VOC,GC-MS
100133,BURMOUNT,trans-2-Pentene,2011-01-15T00:00,0.135,µg/m³,VOC,GC-MS
100133,BURMOUNT,trans-2-Pentene,2011-01-21T00:00,0.440,µg/m³,VOC,GC-MS
100133,BURMOUNT,trans-2-Pentene,2011-01-27T00:00,1.150,µg/m³,VOC,GC-MS
100133,BURMOUNT,trans-2-Pentene,2011-02-02T00:00,1.027,µg/m³,VOC,GC-MS
100133,BURMOUNT,trans-2-Pentene,2011-02-08T00:00,0.083,µg/m³,VOC,GC-MS
100133,BURMOUNT,trans-2-Pentene,2011-02-14T00:00,0.036,µg/m³,VOC,GC-MS
100133,BURMOUNT,trans-2-Pentene,2011-02-20T00:00,0.062,µg/m³,VOC,GC-MS
100133,BURMOUNT,trans-2-Pentene,2011-02-26T00:00,0.058,µg/m³,VOC,GC-MS
100133,BURMOUNT,trans-2-Pentene,2011-03-04T00:00,0.083,µg/m³,VOC,GC-MS
100133,BURMOUNT,trans-2-Pentene,2011-03-16T00:00,0.050,µg/m³,VOC,GC-MS
100133,BURMOUNT,trans-2-Pentene,2011-03-22T00:00,0.040,µg/m³,VOC,GC-MS
100133,BURMOUNT,trans-2-Pentene,2011-03-28T00:00,0.057,µg/m³,VOC,GC-MS
100133,BURMOUNT,trans-2-Pentene,2011-04-03T00:00,0.038,µg/m³,VOC,GC-MS
100133,BURMOUNT,trans-2-Pentene,2011-04-09T00:00,0.057,µg/m³,VOC,GC-MS
100133,BURMOUNT,trans-2-Pentene,2011-04-15T00:00,0.041,µg/m³,VOC,GC-MS
100133,BURMOUNT,trans-2-Pentene,2011-04-21T00:00,0.031,µg/m³,VOC,GC-MS
100133,BURMOUNT,trans-2-Pentene,2011-04-27T00:00,0.035,µg/m³,VOC,GC-MS
100133,BURMOUNT,trans-2-Pentene,2011-05-03T00:00,0.032,µg/m³,VOC,GC-MS
100133,BURMOUNT,trans-2-Pentene,2011-05-09T00:00,0.477,µg/m³,VOC,GC-MS
100133,BURMOUNT,trans-2-Pentene,2011-05-15T00:00,0.102,µg/m³,VOC,GC-MS
100133,BURMOUNT,trans-2-Pentene,2011-05-21T00:00,0.079,µg/m³,VOC,GC-MS
100133,BURMOUNT,trans-2-Pentene,2011-05-27T00:00,0.081,µg/m³,VOC,GC-MS
100133,BURMOUNT,trans-2-Pentene,2011-06-02T00:00,0.090,µg/m³,VOC,GC-MS
100133,BURMOUNT,trans-2-Pentene,2011-06-08T00:00,0.041,µg/m³,VOC,GC-MS
100133,BURMOUNT,trans-2-Pentene,2011-06-20T00:00,0.043,µg/m³,VOC,GC-MS
100133,BURMOUNT,trans-2-Pentene,2011-06-26T00:00,0.109,µg/m³,VOC,GC-MS
100133,BURMOUNT,trans-2-Pentene,2011-07-02T00:00,0.226,µg/m³,VOC,GC-MS
100133,BURMOUNT,trans-2-Pentene,2011-07-08T00:00,0.037,µg/m³,VOC,GC-MS
100133,BURMOUNT,trans-2-Pentene,2011-07-14T00:00,0.090,µg/m³,VOC,GC-MS
100133,BURMOUNT,trans-2-Pentene,2011-07-20T00:00,0.088,µg/m³,VOC,GC-MS
100133,BURMOUNT,trans-2-Pentene,2011-07-26T00:00,0.063,µg/m³,VOC,GC-MS
100133,BURMOUNT,trans-2-Pentene,2011-08-01T00:00,0.282,µg/m³,VOC,GC-MS
100133,BURMOUNT,trans-2-Pentene,2011-09-12T00:00,0.098,µg/m³,VOC,GC-MS
100133,BURMOUNT,trans-2-Pentene,2011-09-18T00:00,0.067,µg/m³,VOC,GC-MS
100133,BURMOUNT,trans-2-Pentene,2011-09-24T00:00,0.455,µg/m³,VOC,GC-MS
100133,BURMOUNT,trans-2-Pentene,2011-09-30T00:00,0.221,µg/m³,VOC,GC-MS
100133,BURMOUNT,trans-2-Pentene,2011-10-06T00:00,0.593,µg/m³,VOC,GC-MS
100133,BURMOUNT,trans-2-Pentene,2011-10-12T00:00,0.193,µg/m³,VOC,GC-MS
100133,BURMOUNT,trans-2-Pentene,2011-10-18T00:00,2.706,µg/m³,VOC,GC-MS
100133,BURMOUNT,trans-2-Pentene,2011-10-24T00:00,0.764,µg/m³,VOC,GC-MS
100133,BURMOUNT,trans-2-Pentene,2011-10-30T00:00,0.468,µg/m³,VOC,GC-MS
100133,BURMOUNT,trans-2-Pentene,2011-11-05T00:00,0.558,µg/m³,VOC,GC-MS
100133,BURMOUNT,trans-2-Pentene,2011-11-11T00:00,0.155,µg/m³,VOC,GC-MS
100133,BURMOUNT,trans-2-Pentene,2011-11-17T00:00,0.141,µg/m³,VOC,GC-MS
100133,BURMOUNT,trans-2-Pentene,2011-11-23T00:00,0.069,µg/m³,VOC,GC-MS
100133,BURMOUNT,trans-2-Pentene,2011-11-29T00:00,0.230,µg/m³,VOC,GC-MS
100133,BURMOUNT,trans-2-Pentene,2011-12-05T00:00,0.220,µg/m³,VOC,GC-MS
100133,BURMOUNT,trans-2-Pentene,2011-12-11T00:00,0.361,µg/m³,VOC,GC-MS
100133,BURMOUNT,trans-2-Pentene,2011-12-23T00:00,0.311,µg/m³,VOC,GC-MS
100133,BURMOUNT,trans-2-Pentene,2011-12-29T00:00,0.102,µg/m³,VOC,GC-MS
