﻿NAPS_Site_ID,Station_Name,Pollutant,Date,Value,Units,Report_Type,Method
64401,EGBERT,Ethane,1997-01-04T00:00,6.244,µg/m³,VOC,GC-FID
64401,EGBERT,Ethane,1997-01-04T00:00,7.641,µg/m³,VOC,GC-FID
64401,EGBERT,Ethane,1997-01-10T00:00,3.490,µg/m³,VOC,GC-FID
64401,EGBERT,Ethane,1997-01-10T00:00,4.552,µg/m³,VOC,GC-FID
64401,EGBERT,Ethane,1997-01-16T00:00,3.195,µg/m³,VOC,GC-FID
64401,EGBERT,Ethane,1997-01-16T00:00,3.362,µg/m³,VOC,GC-FID
64401,EGBERT,Ethane,1997-01-22T00:00,4.109,µg/m³,VOC,GC-FID
64401,EGBERT,Ethane,1997-01-22T00:00,7.268,µg/m³,VOC,GC-FID
64401,EGBERT,Ethane,1997-01-28T00:00,2.609,µg/m³,VOC,GC-FID
64401,EGBERT,Ethane,1997-01-28T00:00,4.820,µg/m³,VOC,GC-FID
64401,EGBERT,Ethane,1997-02-09T00:00,3.477,µg/m³,VOC,GC-FID
64401,EGBERT,Ethane,1997-02-09T00:00,3.622,µg/m³,VOC,GC-FID
64401,EGBERT,Ethane,1997-02-15T00:00,3.014,µg/m³,VOC,GC-FID
64401,EGBERT,Ethane,1997-02-15T00:00,3.704,µg/m³,VOC,GC-FID
64401,EGBERT,Ethane,1997-02-21T00:00,4.400,µg/m³,VOC,GC-FID
64401,EGBERT,Ethane,1997-02-21T00:00,9.242,µg/m³,VOC,GC-FID
64401,EGBERT,Ethane,1997-02-27T00:00,2.977,µg/m³,VOC,GC-FID
64401,EGBERT,Ethane,1997-02-27T00:00,4.834,µg/m³,VOC,GC-FID
64401,EGBERT,Ethane,1997-03-05T00:00,3.118,µg/m³,VOC,GC-FID
64401,EGBERT,Ethane,1997-03-05T00:00,3.403,µg/m³,VOC,GC-FID
64401,EGBERT,Ethane,1997-03-11T00:00,3.265,µg/m³,VOC,GC-FID
64401,EGBERT,Ethane,1997-03-11T00:00,3.416,µg/m³,VOC,GC-FID
64401,EGBERT,Ethane,1997-03-23T00:00,2.958,µg/m³,VOC,GC-FID
64401,EGBERT,Ethane,1997-03-23T00:00,3.225,µg/m³,VOC,GC-FID
64401,EGBERT,Ethane,1997-03-29T00:00,2.911,µg/m³,VOC,GC-FID
64401,EGBERT,Ethane,1997-03-29T00:00,5.361,µg/m³,VOC,GC-FID
64401,EGBERT,Ethane,1997-04-04T00:00,3.532,µg/m³,VOC,GC-FID
64401,EGBERT,Ethane,1997-04-04T00:00,3.675,µg/m³,VOC,GC-FID
64401,EGBERT,Ethane,1997-04-10T00:00,2.479,µg/m³,VOC,GC-FID
64401,EGBERT,Ethane,1997-04-10T00:00,2.817,µg/m³,VOC,GC-FID
64401,EGBERT,Ethane,1997-04-16T00:00,2.589,µg/m³,VOC,GC-FID
64401,EGBERT,Ethane,1997-04-16T00:00,4.093,µg/m³,VOC,GC-FID
64401,EGBERT,Ethane,1997-04-22T00:00,2.006,µg/m³,VOC,GC-FID
64401,EGBERT,Ethane,1997-04-22T00:00,2.291,µg/m³,VOC,GC-FID
64401,EGBERT,Ethane,1997-04-28T00:00,2.072,µg/m³,VOC,GC-FID
64401,EGBERT,Ethane,1997-04-28T00:00,2.286,µg/m³,VOC,GC-FID
64401,EGBERT,Ethane,1997-05-04T00:00,2.266,µg/m³,VOC,GC-FID
64401,EGBERT,Ethane,1997-05-04T00:00,2.374,µg/m³,VOC,GC-FID
64401,EGBERT,Ethane,1997-05-10T00:00,1.663,µg/m³,VOC,GC-FID
64401,EGBERT,Ethane,1997-05-10T00:00,1.829,µg/m³,VOC,GC-FID
64401,EGBERT,Ethane,1997-05-15T00:00,1.989,µg/m³,VOC,GC-FID
64401,EGBERT,Ethane,1997-05-16T00:00,1.313,µg/m³,VOC,GC-FID
64401,EGBERT,Ethane,1997-05-19T00:00,2.816,µg/m³,VOC,GC-FID
64401,EGBERT,Ethane,1997-05-20T00:00,1.594,µg/m³,VOC,GC-FID
64401,EGBERT,Ethane,1997-05-21T00:00,1.581,µg/m³,VOC,GC-FID
64401,EGBERT,Ethane,1997-05-23T00:00,1.581,µg/m³,VOC,GC-FID
64401,EGBERT,Ethane,1997-05-24T00:00,2.032,µg/m³,VOC,GC-FID
64401,EGBERT,Ethane,1997-05-25T00:00,2.319,µg/m³,VOC,GC-FID
64401,EGBERT,Ethane,1997-05-26T00:00,1.794,µg/m³,VOC,GC-FID
64401,EGBERT,Ethane,1997-05-27T00:00,1.912,µg/m³,VOC,GC-FID
64401,EGBERT,Ethane,1997-05-28T00:00,2.028,µg/m³,VOC,GC-FID
64401,EGBERT,Ethane,1997-05-29T00:00,3.005,µg/m³,VOC,GC-FID
64401,EGBERT,Ethane,1997-05-30T00:00,2.121,µg/m³,VOC,GC-FID
64401,EGBERT,Ethane,1997-06-03T00:00,1.632,µg/m³,VOC,GC-FID
64401,EGBERT,Ethane,1997-06-04T00:00,1.546,µg/m³,VOC,GC-FID
64401,EGBERT,Ethane,1997-06-05T00:00,1.742,µg/m³,VOC,GC-FID
64401,EGBERT,Ethane,1997-06-06T00:00,2.652,µg/m³,VOC,GC-FID
64401,EGBERT,Ethane,1997-06-07T00:00,3.162,µg/m³,VOC,GC-FID
64401,EGBERT,Ethane,1997-06-09T00:00,1.609,µg/m³,VOC,GC-FID
64401,EGBERT,Ethane,1997-06-10T00:00,1.830,µg/m³,VOC,GC-FID
64401,EGBERT,Ethane,1997-06-11T00:00,1.612,µg/m³,VOC,GC-FID
64401,EGBERT,Ethane,1997-06-12T00:00,2.400,µg/m³,VOC,GC-FID
64401,EGBERT,Ethane,1997-06-13T00:00,1.736,µg/m³,VOC,GC-FID
64401,EGBERT,Ethane,1997-06-14T00:00,1.421,µg/m³,VOC,GC-FID
64401,EGBERT,Ethane,1997-06-15T00:00,1.580,µg/m³,VOC,GC-FID
64401,EGBERT,Ethane,1997-06-16T00:00,4.762,µg/m³,VOC,GC-FID
64401,EGBERT,Ethane,1997-06-17T00:00,1.807,µg/m³,VOC,GC-FID
64401,EGBERT,Ethane,1997-06-18T00:00,3.230,µg/m³,VOC,GC-FID
64401,EGBERT,Ethane,1997-06-19T00:00,1.757,µg/m³,VOC,GC-FID
64401,EGBERT,Ethane,1997-06-20T00:00,4.542,µg/m³,VOC,GC-FID
64401,EGBERT,Ethane,1997-06-21T00:00,2.027,µg/m³,VOC,GC-FID
64401,EGBERT,Ethane,1997-06-22T00:00,2.059,µg/m³,VOC,GC-FID
64401,EGBERT,Ethane,1997-06-23T00:00,1.835,µg/m³,VOC,GC-FID
64401,EGBERT,Ethane,1997-06-24T00:00,2.833,µg/m³,VOC,GC-FID
64401,EGBERT,Ethane,1997-06-25T00:00,2.215,µg/m³,VOC,GC-FID
64401,EGBERT,Ethane,1997-06-26T00:00,1.746,µg/m³,VOC,GC-FID
64401,EGBERT,Ethane,1997-06-27T00:00,1.670,µg/m³,VOC,GC-FID
64401,EGBERT,Ethane,1997-06-28T00:00,1.937,µg/m³,VOC,GC-FID
64401,EGBERT,Ethane,1997-06-29T00:00,3.055,µg/m³,VOC,GC-FID
64401,EGBERT,Ethane,1997-06-30T00:00,5.744,µg/m³,VOC,GC-FID
64401,EGBERT,Ethane,1997-07-01T00:00,2.358,µg/m³,VOC,GC-FID
64401,EGBERT,Ethane,1997-07-02T00:00,5.546,µg/m³,VOC,GC-FID
64401,EGBERT,Ethane,1997-07-03T00:00,1.448,µg/m³,VOC,GC-FID
64401,EGBERT,Ethane,1997-07-04T00:00,1.217,µg/m³,VOC,GC-FID
64401,EGBERT,Ethane,1997-07-05T00:00,1.154,µg/m³,VOC,GC-FID
64401,EGBERT,Ethane,1997-07-06T00:00,1.499,µg/m³,VOC,GC-FID
64401,EGBERT,Ethane,1997-07-07T00:00,1.064,µg/m³,VOC,GC-FID
64401,EGBERT,Ethane,1997-07-08T00:00,1.454,µg/m³,VOC,GC-FID
64401,EGBERT,Ethane,1997-07-09T00:00,1.196,µg/m³,VOC,GC-FID
64401,EGBERT,Ethane,1997-07-15T00:00,2.070,µg/m³,VOC,GC-FID
64401,EGBERT,Ethane,1997-07-16T00:00,1.591,µg/m³,VOC,GC-FID
64401,EGBERT,Ethane,1997-07-17T00:00,1.831,µg/m³,VOC,GC-FID
64401,EGBERT,Ethane,1997-07-18T00:00,1.222,µg/m³,VOC,GC-FID
64401,EGBERT,Ethane,1997-07-19T00:00,1.103,µg/m³,VOC,GC-FID
64401,EGBERT,Ethane,1997-07-20T00:00,1.141,µg/m³,VOC,GC-FID
64401,EGBERT,Ethane,1997-07-21T00:00,2.061,µg/m³,VOC,GC-FID
64401,EGBERT,Ethane,1997-07-22T00:00,1.074,µg/m³,VOC,GC-FID
64401,EGBERT,Ethane,1997-07-23T00:00,1.053,µg/m³,VOC,GC-FID
64401,EGBERT,Ethane,1997-07-24T00:00,1.411,µg/m³,VOC,GC-FID
64401,EGBERT,Ethane,1997-07-25T00:00,1.576,µg/m³,VOC,GC-FID
64401,EGBERT,Ethane,1997-07-26T00:00,4.184,µg/m³,VOC,GC-FID
64401,EGBERT,Ethane,1997-07-28T00:00,1.265,µg/m³,VOC,GC-FID
64401,EGBERT,Ethane,1997-07-29T00:00,1.074,µg/m³,VOC,GC-FID
64401,EGBERT,Ethane,1997-07-30T00:00,0.983,µg/m³,VOC,GC-FID
64401,EGBERT,Ethane,1997-07-31T00:00,1.007,µg/m³,VOC,GC-FID
64401,EGBERT,Ethane,1997-08-01T00:00,1.815,µg/m³,VOC,GC-FID
64401,EGBERT,Ethane,1997-08-02T00:00,1.841,µg/m³,VOC,GC-FID
64401,EGBERT,Ethane,1997-08-04T00:00,1.011,µg/m³,VOC,GC-FID
64401,EGBERT,Ethane,1997-08-05T00:00,1.031,µg/m³,VOC,GC-FID
64401,EGBERT,Ethane,1997-08-06T00:00,1.009,µg/m³,VOC,GC-FID
64401,EGBERT,Ethane,1997-08-07T00:00,1.311,µg/m³,VOC,GC-FID
64401,EGBERT,Ethane,1997-08-08T00:00,1.582,µg/m³,VOC,GC-FID
64401,EGBERT,Ethane,1997-08-09T00:00,3.521,µg/m³,VOC,GC-FID
64401,EGBERT,Ethane,1997-08-10T00:00,1.528,µg/m³,VOC,GC-FID
64401,EGBERT,Ethane,1997-08-11T00:00,0.901,µg/m³,VOC,GC-FID
64401,EGBERT,Ethane,1997-08-12T00:00,1.002,µg/m³,VOC,GC-FID
64401,EGBERT,Ethane,1997-08-13T00:00,0.875,µg/m³,VOC,GC-FID
64401,EGBERT,Ethane,1997-08-14T00:00,0.761,µg/m³,VOC,GC-FID
64401,EGBERT,Ethane,1997-08-15T00:00,5.552,µg/m³,VOC,GC-FID
64401,EGBERT,Ethane,1997-08-16T00:00,2.876,µg/m³,VOC,GC-FID
64401,EGBERT,Ethane,1997-08-17T00:00,0.936,µg/m³,VOC,GC-FID
64401,EGBERT,Ethane,1997-08-18T00:00,0.845,µg/m³,VOC,GC-FID
64401,EGBERT,Ethane,1997-08-19T00:00,0.876,µg/m³,VOC,GC-FID
64401,EGBERT,Ethane,1997-08-22T00:00,1.352,µg/m³,VOC,GC-FID
64401,EGBERT,Ethane,1997-08-23T00:00,0.784,µg/m³,VOC,GC-FID
64401,EGBERT,Ethane,1997-08-24T00:00,0.917,µg/m³,VOC,GC-FID
64401,EGBERT,Ethane,1997-08-25T00:00,1.416,µg/m³,VOC,GC-FID
64401,EGBERT,Ethane,1997-08-26T00:00,2.447,µg/m³,VOC,GC-FID
64401,EGBERT,Ethane,1997-08-27T00:00,2.165,µg/m³,VOC,GC-FID
64401,EGBERT,Ethane,1997-08-29T00:00,0.979,µg/m³,VOC,GC-FID
64401,EGBERT,Ethane,1997-08-30T00:00,0.964,µg/m³,VOC,GC-FID
64401,EGBERT,Ethane,1997-08-31T00:00,1.350,µg/m³,VOC,GC-FID
64401,EGBERT,Ethane,1997-09-01T00:00,2.052,µg/m³,VOC,GC-FID
64401,EGBERT,Ethane,1997-09-02T00:00,2.239,µg/m³,VOC,GC-FID
64401,EGBERT,Ethane,1997-09-03T00:00,0.777,µg/m³,VOC,GC-FID
64401,EGBERT,Ethane,1997-09-04T00:00,0.786,µg/m³,VOC,GC-FID
64401,EGBERT,Ethane,1997-09-05T00:00,0.975,µg/m³,VOC,GC-FID
64401,EGBERT,Ethane,1997-09-06T00:00,1.729,µg/m³,VOC,GC-FID
64401,EGBERT,Ethane,1997-09-07T00:00,1.046,µg/m³,VOC,GC-FID
64401,EGBERT,Ethane,1997-09-08T00:00,1.026,µg/m³,VOC,GC-FID
64401,EGBERT,Ethane,1997-09-09T00:00,1.315,µg/m³,VOC,GC-FID
64401,EGBERT,Ethane,1997-09-13T00:00,1.064,µg/m³,VOC,GC-FID
64401,EGBERT,Ethane,1997-09-14T00:00,1.788,µg/m³,VOC,GC-FID
64401,EGBERT,Ethane,1997-09-15T00:00,1.955,µg/m³,VOC,GC-FID
64401,EGBERT,Ethane,1997-09-16T00:00,1.018,µg/m³,VOC,GC-FID
64401,EGBERT,Ethane,1997-09-17T00:00,7.876,µg/m³,VOC,GC-FID
64401,EGBERT,Ethane,1997-09-18T00:00,1.118,µg/m³,VOC,GC-FID
64401,EGBERT,Ethane,1997-09-25T00:00,1.284,µg/m³,VOC,GC-FID
64401,EGBERT,Ethane,1997-09-25T00:00,1.822,µg/m³,VOC,GC-FID
64401,EGBERT,Ethane,1997-10-01T00:00,1.044,µg/m³,VOC,GC-FID
64401,EGBERT,Ethane,1997-10-01T00:00,1.212,µg/m³,VOC,GC-FID
64401,EGBERT,Ethane,1997-10-07T00:00,0.842,µg/m³,VOC,GC-FID
64401,EGBERT,Ethane,1997-10-07T00:00,0.992,µg/m³,VOC,GC-FID
64401,EGBERT,Ethane,1997-10-19T00:00,1.108,µg/m³,VOC,GC-FID
64401,EGBERT,Ethane,1997-10-19T00:00,2.466,µg/m³,VOC,GC-FID
