﻿NAPS_Site_ID,Station_Name,Pollutant,Date,Value,Units,Report_Type,Method
50103,MONTRÉAL-SAINT-JEAN-BAPTISTE,n-Propylbenzene,2010-01-14T00:00,0.100,µg/m³,VOC,GC-MS
50103,MONTRÉAL-SAINT-JEAN-BAPTISTE,n-Propylbenzene,2010-01-20T00:00,0.081,µg/m³,VOC,GC-MS
50103,MONTRÉAL-SAINT-JEAN-BAPTISTE,n-Propylbenzene,2010-01-26T00:00,0.177,µg/m³,VOC,GC-MS
50103,MONTRÉAL-SAINT-JEAN-BAPTISTE,n-Propylbenzene,2010-02-01T00:00,0.056,µg/m³,VOC,GC-MS
50103,MONTRÉAL-SAINT-JEAN-BAPTISTE,n-Propylbenzene,2010-02-07T00:00,0.054,µg/m³,VOC,GC-MS
50103,MONTRÉAL-SAINT-JEAN-BAPTISTE,n-Propylbenzene,2010-02-13T00:00,0.091,µg/m³,VOC,GC-MS
50103,MONTRÉAL-SAINT-JEAN-BAPTISTE,n-Propylbenzene,2010-02-19T00:00,0.061,µg/m³,VOC,GC-MS
50103,MONTRÉAL-SAINT-JEAN-BAPTISTE,n-Propylbenzene,2010-02-25T00:00,0.013,µg/m³,VOC,GC-MS
50103,MONTRÉAL-SAINT-JEAN-BAPTISTE,n-Propylbenzene,2010-03-03T00:00,0.035,µg/m³,VOC,GC-MS
50103,MONTRÉAL-SAINT-JEAN-BAPTISTE,n-Propylbenzene,2010-03-09T00:00,0.045,µg/m³,VOC,GC-MS
50103,MONTRÉAL-SAINT-JEAN-BAPTISTE,n-Propylbenzene,2010-03-15T00:00,0.023,µg/m³,VOC,GC-MS
50103,MONTRÉAL-SAINT-JEAN-BAPTISTE,n-Propylbenzene,2010-03-21T00:00,0.020,µg/m³,VOC,GC-MS
50103,MONTRÉAL-SAINT-JEAN-BAPTISTE,n-Propylbenzene,2010-03-27T00:00,0.018,µg/m³,VOC,GC-MS
50103,MONTRÉAL-SAINT-JEAN-BAPTISTE,n-Propylbenzene,2010-04-02T00:00,0.092,µg/m³,VOC,GC-MS
50103,MONTRÉAL-SAINT-JEAN-BAPTISTE,n-Propylbenzene,2010-04-08T00:00,0.018,µg/m³,VOC,GC-MS
50103,MONTRÉAL-SAINT-JEAN-BAPTISTE,n-Propylbenzene,2010-04-14T00:00,0.519,µg/m³,VOC,GC-MS
50103,MONTRÉAL-SAINT-JEAN-BAPTISTE,n-Propylbenzene,2010-04-20T00:00,0.145,µg/m³,VOC,GC-MS
50103,MONTRÉAL-SAINT-JEAN-BAPTISTE,n-Propylbenzene,2010-04-26T00:00,0.053,µg/m³,VOC,GC-MS
50103,MONTRÉAL-SAINT-JEAN-BAPTISTE,n-Propylbenzene,2010-05-02T00:00,0.173,µg/m³,VOC,GC-MS
50103,MONTRÉAL-SAINT-JEAN-BAPTISTE,n-Propylbenzene,2010-05-08T00:00,0.054,µg/m³,VOC,GC-MS
50103,MONTRÉAL-SAINT-JEAN-BAPTISTE,n-Propylbenzene,2010-05-14T00:00,0.109,µg/m³,VOC,GC-MS
50103,MONTRÉAL-SAINT-JEAN-BAPTISTE,n-Propylbenzene,2010-05-20T00:00,0.152,µg/m³,VOC,GC-MS
50103,MONTRÉAL-SAINT-JEAN-BAPTISTE,n-Propylbenzene,2010-05-26T00:00,0.103,µg/m³,VOC,GC-MS
50103,MONTRÉAL-SAINT-JEAN-BAPTISTE,n-Propylbenzene,2010-06-01T00:00,0.092,µg/m³,VOC,GC-MS
50103,MONTRÉAL-SAINT-JEAN-BAPTISTE,n-Propylbenzene,2010-06-07T00:00,0.101,µg/m³,VOC,GC-MS
50103,MONTRÉAL-SAINT-JEAN-BAPTISTE,n-Propylbenzene,2010-06-13T00:00,0.102,µg/m³,VOC,GC-MS
50103,MONTRÉAL-SAINT-JEAN-BAPTISTE,n-Propylbenzene,2010-06-19T00:00,0.075,µg/m³,VOC,GC-MS
50103,MONTRÉAL-SAINT-JEAN-BAPTISTE,n-Propylbenzene,2010-06-25T00:00,0.118,µg/m³,VOC,GC-MS
50103,MONTRÉAL-SAINT-JEAN-BAPTISTE,n-Propylbenzene,2010-07-01T00:00,0.142,µg/m³,VOC,GC-MS
50103,MONTRÉAL-SAINT-JEAN-BAPTISTE,n-Propylbenzene,2010-07-07T00:00,0.134,µg/m³,VOC,GC-MS
50103,MONTRÉAL-SAINT-JEAN-BAPTISTE,n-Propylbenzene,2010-07-13T00:00,0.030,µg/m³,VOC,GC-MS
50103,MONTRÉAL-SAINT-JEAN-BAPTISTE,n-Propylbenzene,2010-07-19T00:00,0.072,µg/m³,VOC,GC-MS
50103,MONTRÉAL-SAINT-JEAN-BAPTISTE,n-Propylbenzene,2010-07-25T00:00,0.067,µg/m³,VOC,GC-MS
50103,MONTRÉAL-SAINT-JEAN-BAPTISTE,n-Propylbenzene,2010-07-31T00:00,0.066,µg/m³,VOC,GC-MS
50103,MONTRÉAL-SAINT-JEAN-BAPTISTE,n-Propylbenzene,2010-08-06T00:00,0.176,µg/m³,VOC,GC-MS
50103,MONTRÉAL-SAINT-JEAN-BAPTISTE,n-Propylbenzene,2010-08-12T00:00,0.051,µg/m³,VOC,GC-MS
50103,MONTRÉAL-SAINT-JEAN-BAPTISTE,n-Propylbenzene,2010-08-18T00:00,0.142,µg/m³,VOC,GC-MS
50103,MONTRÉAL-SAINT-JEAN-BAPTISTE,n-Propylbenzene,2010-08-24T00:00,0.051,µg/m³,VOC,GC-MS
50103,MONTRÉAL-SAINT-JEAN-BAPTISTE,n-Propylbenzene,2010-08-30T00:00,0.225,µg/m³,VOC,GC-MS
50103,MONTRÉAL-SAINT-JEAN-BAPTISTE,n-Propylbenzene,2010-09-05T00:00,0.115,µg/m³,VOC,GC-MS
50103,MONTRÉAL-SAINT-JEAN-BAPTISTE,n-Propylbenzene,2010-09-11T00:00,0.049,µg/m³,VOC,GC-MS
50103,MONTRÉAL-SAINT-JEAN-BAPTISTE,n-Propylbenzene,2010-09-17T00:00,0.070,µg/m³,VOC,GC-MS
50103,MONTRÉAL-SAINT-JEAN-BAPTISTE,n-Propylbenzene,2010-09-23T00:00,0.058,µg/m³,VOC,GC-MS
50103,MONTRÉAL-SAINT-JEAN-BAPTISTE,n-Propylbenzene,2010-09-29T00:00,0.121,µg/m³,VOC,GC-MS
50103,MONTRÉAL-SAINT-JEAN-BAPTISTE,n-Propylbenzene,2010-10-05T00:00,0.021,µg/m³,VOC,GC-MS
50103,MONTRÉAL-SAINT-JEAN-BAPTISTE,n-Propylbenzene,2010-10-11T00:00,0.037,µg/m³,VOC,GC-MS
50103,MONTRÉAL-SAINT-JEAN-BAPTISTE,n-Propylbenzene,2010-10-17T00:00,0.114,µg/m³,VOC,GC-MS
50103,MONTRÉAL-SAINT-JEAN-BAPTISTE,n-Propylbenzene,2010-10-23T00:00,0.097,µg/m³,VOC,GC-MS
50103,MONTRÉAL-SAINT-JEAN-BAPTISTE,n-Propylbenzene,2010-10-29T00:00,0.070,µg/m³,VOC,GC-MS
50103,MONTRÉAL-SAINT-JEAN-BAPTISTE,n-Propylbenzene,2010-11-04T00:00,0.068,µg/m³,VOC,GC-MS
50103,MONTRÉAL-SAINT-JEAN-BAPTISTE,n-Propylbenzene,2010-11-10T00:00,0.017,µg/m³,VOC,GC-MS
50103,MONTRÉAL-SAINT-JEAN-BAPTISTE,n-Propylbenzene,2010-11-16T00:00,0.170,µg/m³,VOC,GC-MS
50103,MONTRÉAL-SAINT-JEAN-BAPTISTE,n-Propylbenzene,2010-11-22T00:00,0.037,µg/m³,VOC,GC-MS
50103,MONTRÉAL-SAINT-JEAN-BAPTISTE,n-Propylbenzene,2010-11-28T00:00,0.058,µg/m³,VOC,GC-MS
50103,MONTRÉAL-SAINT-JEAN-BAPTISTE,n-Propylbenzene,2010-12-04T00:00,0.051,µg/m³,VOC,GC-MS
50103,MONTRÉAL-SAINT-JEAN-BAPTISTE,n-Propylbenzene,2010-12-10T00:00,0.058,µg/m³,VOC,GC-MS
50103,MONTRÉAL-SAINT-JEAN-BAPTISTE,n-Propylbenzene,2010-12-16T00:00,0.056,µg/m³,VOC,GC-MS
50103,MONTRÉAL-SAINT-JEAN-BAPTISTE,n-Propylbenzene,2010-12-22T00:00,0.084,µg/m³,VOC,GC-MS
50103,MONTRÉAL-SAINT-JEAN-BAPTISTE,n-Propylbenzene,2010-12-28T00:00,0.037,µg/m³,VOC,GC-MS
