﻿NAPS_Site_ID,Station_Name,Pollutant,Date,Value,Units,Report_Type,Method
31201,GRANTON,Cyclopentane,2011-01-03T00:00,0.035,µg/m³,VOC,GC-MS
31201,GRANTON,Cyclopentane,2011-01-09T00:00,0.025,µg/m³,VOC,GC-MS
31201,GRANTON,Cyclopentane,2011-01-15T00:00,0.039,µg/m³,VOC,GC-MS
31201,GRANTON,Cyclopentane,2011-01-21T00:00,0.030,µg/m³,VOC,GC-MS
31201,GRANTON,Cyclopentane,2011-01-27T00:00,0.034,µg/m³,VOC,GC-MS
31201,GRANTON,Cyclopentane,2011-02-02T00:00,0.062,µg/m³,VOC,GC-MS
31201,GRANTON,Cyclopentane,2011-02-08T00:00,0.081,µg/m³,VOC,GC-MS
31201,GRANTON,Cyclopentane,2011-02-14T00:00,0.038,µg/m³,VOC,GC-MS
31201,GRANTON,Cyclopentane,2011-02-20T00:00,0.020,µg/m³,VOC,GC-MS
31201,GRANTON,Cyclopentane,2011-02-26T00:00,0.052,µg/m³,VOC,GC-MS
31201,GRANTON,Cyclopentane,2011-03-04T00:00,0.022,µg/m³,VOC,GC-MS
31201,GRANTON,Cyclopentane,2011-03-10T00:00,0.020,µg/m³,VOC,GC-MS
31201,GRANTON,Cyclopentane,2011-03-16T00:00,0.015,µg/m³,VOC,GC-MS
31201,GRANTON,Cyclopentane,2011-03-22T00:00,0.026,µg/m³,VOC,GC-MS
31201,GRANTON,Cyclopentane,2011-03-28T00:00,0.015,µg/m³,VOC,GC-MS
31201,GRANTON,Cyclopentane,2011-04-03T00:00,0.117,µg/m³,VOC,GC-MS
31201,GRANTON,Cyclopentane,2011-04-09T00:00,0.015,µg/m³,VOC,GC-MS
31201,GRANTON,Cyclopentane,2011-04-15T00:00,0.034,µg/m³,VOC,GC-MS
31201,GRANTON,Cyclopentane,2011-04-21T00:00,0.019,µg/m³,VOC,GC-MS
31201,GRANTON,Cyclopentane,2011-04-27T00:00,0.017,µg/m³,VOC,GC-MS
31201,GRANTON,Cyclopentane,2011-05-03T00:00,0.013,µg/m³,VOC,GC-MS
31201,GRANTON,Cyclopentane,2011-05-09T00:00,0.010,µg/m³,VOC,GC-MS
31201,GRANTON,Cyclopentane,2011-05-15T00:00,0.046,µg/m³,VOC,GC-MS
31201,GRANTON,Cyclopentane,2011-05-27T00:00,0.009,µg/m³,VOC,GC-MS
31201,GRANTON,Cyclopentane,2011-06-02T00:00,0.016,µg/m³,VOC,GC-MS
31201,GRANTON,Cyclopentane,2011-06-08T00:00,0.026,µg/m³,VOC,GC-MS
31201,GRANTON,Cyclopentane,2011-07-14T00:00,0.010,µg/m³,VOC,GC-MS
31201,GRANTON,Cyclopentane,2011-08-07T00:00,0.287,µg/m³,VOC,GC-MS
31201,GRANTON,Cyclopentane,2011-08-31T00:00,0.025,µg/m³,VOC,GC-MS
31201,GRANTON,Cyclopentane,2011-09-12T00:00,0.013,µg/m³,VOC,GC-MS
31201,GRANTON,Cyclopentane,2011-09-18T00:00,0.030,µg/m³,VOC,GC-MS
31201,GRANTON,Cyclopentane,2011-09-24T00:00,0.051,µg/m³,VOC,GC-MS
31201,GRANTON,Cyclopentane,2011-09-30T00:00,0.064,µg/m³,VOC,GC-MS
31201,GRANTON,Cyclopentane,2011-10-06T00:00,0.053,µg/m³,VOC,GC-MS
31201,GRANTON,Cyclopentane,2011-10-12T00:00,0.045,µg/m³,VOC,GC-MS
31201,GRANTON,Cyclopentane,2011-10-24T00:00,0.413,µg/m³,VOC,GC-MS
31201,GRANTON,Cyclopentane,2011-10-30T00:00,0.107,µg/m³,VOC,GC-MS
31201,GRANTON,Cyclopentane,2011-11-05T00:00,0.022,µg/m³,VOC,GC-MS
31201,GRANTON,Cyclopentane,2011-11-17T00:00,0.064,µg/m³,VOC,GC-MS
31201,GRANTON,Cyclopentane,2011-12-05T00:00,0.150,µg/m³,VOC,GC-MS
31201,GRANTON,Cyclopentane,2011-12-23T00:00,0.048,µg/m³,VOC,GC-MS
