﻿NAPS_Site_ID,Station_Name,Pollutant,Date,Value,Units,Report_Type,Method
54102,ROUND TOP RIDGE,cis-3-Methyl-2-Pentene,2009-01-01T00:00,0.000,µg/m³,VOC,N/A
54102,ROUND TOP RIDGE,cis-3-Methyl-2-Pentene,2009-01-04T00:00,0.000,µg/m³,VOC,N/A
54102,ROUND TOP RIDGE,cis-3-Methyl-2-Pentene,2009-01-07T00:00,0.000,µg/m³,VOC,N/A
54102,ROUND TOP RIDGE,cis-3-Methyl-2-Pentene,2009-01-10T00:00,0.000,µg/m³,VOC,N/A
54102,ROUND TOP RIDGE,cis-3-Methyl-2-Pentene,2009-01-13T00:00,0.000,µg/m³,VOC,N/A
54102,ROUND TOP RIDGE,cis-3-Methyl-2-Pentene,2009-01-16T00:00,0.000,µg/m³,VOC,N/A
54102,ROUND TOP RIDGE,cis-3-Methyl-2-Pentene,2009-01-19T00:00,0.000,µg/m³,VOC,N/A
54102,ROUND TOP RIDGE,cis-3-Methyl-2-Pentene,2009-01-22T00:00,0.000,µg/m³,VOC,N/A
54102,ROUND TOP RIDGE,cis-3-Methyl-2-Pentene,2009-01-25T00:00,0.000,µg/m³,VOC,N/A
54102,ROUND TOP RIDGE,cis-3-Methyl-2-Pentene,2009-01-28T00:00,0.000,µg/m³,VOC,N/A
54102,ROUND TOP RIDGE,cis-3-Methyl-2-Pentene,2009-01-31T00:00,0.000,µg/m³,VOC,N/A
54102,ROUND TOP RIDGE,cis-3-Methyl-2-Pentene,2009-02-03T00:00,0.000,µg/m³,VOC,N/A
54102,ROUND TOP RIDGE,cis-3-Methyl-2-Pentene,2009-02-06T00:00,0.000,µg/m³,VOC,N/A
54102,ROUND TOP RIDGE,cis-3-Methyl-2-Pentene,2009-02-09T00:00,0.000,µg/m³,VOC,N/A
54102,ROUND TOP RIDGE,cis-3-Methyl-2-Pentene,2009-02-12T00:00,0.000,µg/m³,VOC,N/A
54102,ROUND TOP RIDGE,cis-3-Methyl-2-Pentene,2009-02-15T00:00,0.000,µg/m³,VOC,N/A
54102,ROUND TOP RIDGE,cis-3-Methyl-2-Pentene,2009-02-18T00:00,0.000,µg/m³,VOC,N/A
54102,ROUND TOP RIDGE,cis-3-Methyl-2-Pentene,2009-02-21T00:00,0.000,µg/m³,VOC,N/A
54102,ROUND TOP RIDGE,cis-3-Methyl-2-Pentene,2009-02-24T00:00,0.000,µg/m³,VOC,N/A
54102,ROUND TOP RIDGE,cis-3-Methyl-2-Pentene,2009-02-27T00:00,0.000,µg/m³,VOC,N/A
54102,ROUND TOP RIDGE,cis-3-Methyl-2-Pentene,2009-03-02T00:00,0.000,µg/m³,VOC,N/A
54102,ROUND TOP RIDGE,cis-3-Methyl-2-Pentene,2009-03-05T00:00,0.000,µg/m³,VOC,N/A
54102,ROUND TOP RIDGE,cis-3-Methyl-2-Pentene,2009-03-14T00:00,0.000,µg/m³,VOC,N/A
54102,ROUND TOP RIDGE,cis-3-Methyl-2-Pentene,2009-03-17T00:00,0.000,µg/m³,VOC,N/A
54102,ROUND TOP RIDGE,cis-3-Methyl-2-Pentene,2009-03-20T00:00,0.000,µg/m³,VOC,N/A
54102,ROUND TOP RIDGE,cis-3-Methyl-2-Pentene,2009-03-23T00:00,0.000,µg/m³,VOC,N/A
54102,ROUND TOP RIDGE,cis-3-Methyl-2-Pentene,2009-03-26T00:00,0.000,µg/m³,VOC,N/A
54102,ROUND TOP RIDGE,cis-3-Methyl-2-Pentene,2009-03-29T00:00,0.000,µg/m³,VOC,N/A
54102,ROUND TOP RIDGE,cis-3-Methyl-2-Pentene,2009-04-01T00:00,0.000,µg/m³,VOC,N/A
54102,ROUND TOP RIDGE,cis-3-Methyl-2-Pentene,2009-04-04T00:00,0.000,µg/m³,VOC,N/A
54102,ROUND TOP RIDGE,cis-3-Methyl-2-Pentene,2009-04-07T00:00,0.000,µg/m³,VOC,N/A
54102,ROUND TOP RIDGE,cis-3-Methyl-2-Pentene,2009-04-10T00:00,0.000,µg/m³,VOC,N/A
54102,ROUND TOP RIDGE,cis-3-Methyl-2-Pentene,2009-04-13T00:00,0.000,µg/m³,VOC,N/A
54102,ROUND TOP RIDGE,cis-3-Methyl-2-Pentene,2009-04-16T00:00,0.000,µg/m³,VOC,N/A
54102,ROUND TOP RIDGE,cis-3-Methyl-2-Pentene,2009-04-19T00:00,0.000,µg/m³,VOC,N/A
54102,ROUND TOP RIDGE,cis-3-Methyl-2-Pentene,2009-04-22T00:00,0.000,µg/m³,VOC,N/A
54102,ROUND TOP RIDGE,cis-3-Methyl-2-Pentene,2009-04-25T00:00,0.000,µg/m³,VOC,N/A
54102,ROUND TOP RIDGE,cis-3-Methyl-2-Pentene,2009-04-28T00:00,0.000,µg/m³,VOC,N/A
54102,ROUND TOP RIDGE,cis-3-Methyl-2-Pentene,2009-05-01T00:00,0.000,µg/m³,VOC,N/A
54102,ROUND TOP RIDGE,cis-3-Methyl-2-Pentene,2009-05-04T00:00,0.000,µg/m³,VOC,N/A
54102,ROUND TOP RIDGE,cis-3-Methyl-2-Pentene,2009-05-07T00:00,0.000,µg/m³,VOC,N/A
54102,ROUND TOP RIDGE,cis-3-Methyl-2-Pentene,2009-05-10T00:00,0.000,µg/m³,VOC,N/A
54102,ROUND TOP RIDGE,cis-3-Methyl-2-Pentene,2009-05-13T00:00,0.000,µg/m³,VOC,N/A
54102,ROUND TOP RIDGE,cis-3-Methyl-2-Pentene,2009-05-16T00:00,0.000,µg/m³,VOC,N/A
54102,ROUND TOP RIDGE,cis-3-Methyl-2-Pentene,2009-05-19T00:00,0.000,µg/m³,VOC,N/A
54102,ROUND TOP RIDGE,cis-3-Methyl-2-Pentene,2009-05-22T00:00,0.000,µg/m³,VOC,N/A
54102,ROUND TOP RIDGE,cis-3-Methyl-2-Pentene,2009-05-25T00:00,0.000,µg/m³,VOC,N/A
54102,ROUND TOP RIDGE,cis-3-Methyl-2-Pentene,2009-05-28T00:00,0.000,µg/m³,VOC,N/A
54102,ROUND TOP RIDGE,cis-3-Methyl-2-Pentene,2009-05-31T00:00,0.000,µg/m³,VOC,N/A
54102,ROUND TOP RIDGE,cis-3-Methyl-2-Pentene,2009-06-03T00:00,0.000,µg/m³,VOC,N/A
54102,ROUND TOP RIDGE,cis-3-Methyl-2-Pentene,2009-06-06T00:00,0.000,µg/m³,VOC,N/A
54102,ROUND TOP RIDGE,cis-3-Methyl-2-Pentene,2009-06-09T00:00,0.000,µg/m³,VOC,N/A
54102,ROUND TOP RIDGE,cis-3-Methyl-2-Pentene,2009-06-12T00:00,0.000,µg/m³,VOC,N/A
54102,ROUND TOP RIDGE,cis-3-Methyl-2-Pentene,2009-06-15T00:00,0.000,µg/m³,VOC,N/A
54102,ROUND TOP RIDGE,cis-3-Methyl-2-Pentene,2009-06-18T00:00,0.000,µg/m³,VOC,N/A
54102,ROUND TOP RIDGE,cis-3-Methyl-2-Pentene,2009-06-21T00:00,0.000,µg/m³,VOC,N/A
54102,ROUND TOP RIDGE,cis-3-Methyl-2-Pentene,2009-06-24T00:00,0.000,µg/m³,VOC,N/A
54102,ROUND TOP RIDGE,cis-3-Methyl-2-Pentene,2009-07-03T00:00,0.000,µg/m³,VOC,N/A
54102,ROUND TOP RIDGE,cis-3-Methyl-2-Pentene,2009-07-18T00:00,0.000,µg/m³,VOC,N/A
54102,ROUND TOP RIDGE,cis-3-Methyl-2-Pentene,2009-07-21T00:00,0.000,µg/m³,VOC,N/A
54102,ROUND TOP RIDGE,cis-3-Methyl-2-Pentene,2009-07-24T00:00,0.000,µg/m³,VOC,N/A
54102,ROUND TOP RIDGE,cis-3-Methyl-2-Pentene,2009-07-27T00:00,0.000,µg/m³,VOC,N/A
54102,ROUND TOP RIDGE,cis-3-Methyl-2-Pentene,2009-07-30T00:00,0.000,µg/m³,VOC,N/A
54102,ROUND TOP RIDGE,cis-3-Methyl-2-Pentene,2009-08-02T00:00,0.000,µg/m³,VOC,N/A
54102,ROUND TOP RIDGE,cis-3-Methyl-2-Pentene,2009-08-05T00:00,0.000,µg/m³,VOC,N/A
54102,ROUND TOP RIDGE,cis-3-Methyl-2-Pentene,2009-08-08T00:00,0.000,µg/m³,VOC,N/A
54102,ROUND TOP RIDGE,cis-3-Methyl-2-Pentene,2009-08-11T00:00,0.000,µg/m³,VOC,N/A
54102,ROUND TOP RIDGE,cis-3-Methyl-2-Pentene,2009-08-14T00:00,0.000,µg/m³,VOC,N/A
54102,ROUND TOP RIDGE,cis-3-Methyl-2-Pentene,2009-08-17T00:00,0.000,µg/m³,VOC,N/A
54102,ROUND TOP RIDGE,cis-3-Methyl-2-Pentene,2009-08-20T00:00,0.000,µg/m³,VOC,N/A
54102,ROUND TOP RIDGE,cis-3-Methyl-2-Pentene,2009-08-23T00:00,0.000,µg/m³,VOC,N/A
54102,ROUND TOP RIDGE,cis-3-Methyl-2-Pentene,2009-08-26T00:00,0.000,µg/m³,VOC,N/A
54102,ROUND TOP RIDGE,cis-3-Methyl-2-Pentene,2009-08-29T00:00,0.000,µg/m³,VOC,N/A
54102,ROUND TOP RIDGE,cis-3-Methyl-2-Pentene,2009-09-01T00:00,0.000,µg/m³,VOC,N/A
54102,ROUND TOP RIDGE,cis-3-Methyl-2-Pentene,2009-09-04T00:00,0.000,µg/m³,VOC,N/A
54102,ROUND TOP RIDGE,cis-3-Methyl-2-Pentene,2009-09-07T00:00,0.000,µg/m³,VOC,N/A
54102,ROUND TOP RIDGE,cis-3-Methyl-2-Pentene,2009-09-10T00:00,0.000,µg/m³,VOC,N/A
54102,ROUND TOP RIDGE,cis-3-Methyl-2-Pentene,2009-09-13T00:00,0.000,µg/m³,VOC,N/A
54102,ROUND TOP RIDGE,cis-3-Methyl-2-Pentene,2009-09-16T00:00,0.000,µg/m³,VOC,N/A
54102,ROUND TOP RIDGE,cis-3-Methyl-2-Pentene,2009-09-19T00:00,0.000,µg/m³,VOC,N/A
54102,ROUND TOP RIDGE,cis-3-Methyl-2-Pentene,2009-09-22T00:00,0.000,µg/m³,VOC,N/A
54102,ROUND TOP RIDGE,cis-3-Methyl-2-Pentene,2009-09-25T00:00,0.000,µg/m³,VOC,N/A
54102,ROUND TOP RIDGE,cis-3-Methyl-2-Pentene,2009-09-28T00:00,0.000,µg/m³,VOC,N/A
54102,ROUND TOP RIDGE,cis-3-Methyl-2-Pentene,2009-10-01T00:00,0.000,µg/m³,VOC,N/A
54102,ROUND TOP RIDGE,cis-3-Methyl-2-Pentene,2009-10-04T00:00,0.000,µg/m³,VOC,N/A
54102,ROUND TOP RIDGE,cis-3-Methyl-2-Pentene,2009-10-07T00:00,0.000,µg/m³,VOC,N/A
54102,ROUND TOP RIDGE,cis-3-Methyl-2-Pentene,2009-10-10T00:00,0.000,µg/m³,VOC,N/A
54102,ROUND TOP RIDGE,cis-3-Methyl-2-Pentene,2009-10-13T00:00,0.000,µg/m³,VOC,N/A
54102,ROUND TOP RIDGE,cis-3-Methyl-2-Pentene,2009-10-16T00:00,0.000,µg/m³,VOC,N/A
54102,ROUND TOP RIDGE,cis-3-Methyl-2-Pentene,2009-10-19T00:00,0.000,µg/m³,VOC,N/A
54102,ROUND TOP RIDGE,cis-3-Methyl-2-Pentene,2009-10-31T00:00,0.000,µg/m³,VOC,N/A
54102,ROUND TOP RIDGE,cis-3-Methyl-2-Pentene,2009-11-03T00:00,0.000,µg/m³,VOC,N/A
54102,ROUND TOP RIDGE,cis-3-Methyl-2-Pentene,2009-11-06T00:00,0.000,µg/m³,VOC,N/A
54102,ROUND TOP RIDGE,cis-3-Methyl-2-Pentene,2009-11-09T00:00,0.000,µg/m³,VOC,N/A
54102,ROUND TOP RIDGE,cis-3-Methyl-2-Pentene,2009-11-12T00:00,0.000,µg/m³,VOC,N/A
54102,ROUND TOP RIDGE,cis-3-Methyl-2-Pentene,2009-11-15T00:00,0.000,µg/m³,VOC,N/A
54102,ROUND TOP RIDGE,cis-3-Methyl-2-Pentene,2009-11-18T00:00,0.000,µg/m³,VOC,N/A
54102,ROUND TOP RIDGE,cis-3-Methyl-2-Pentene,2009-11-21T00:00,0.000,µg/m³,VOC,N/A
54102,ROUND TOP RIDGE,cis-3-Methyl-2-Pentene,2009-11-24T00:00,0.000,µg/m³,VOC,N/A
54102,ROUND TOP RIDGE,cis-3-Methyl-2-Pentene,2009-11-27T00:00,0.000,µg/m³,VOC,N/A
54102,ROUND TOP RIDGE,cis-3-Methyl-2-Pentene,2009-11-30T00:00,0.000,µg/m³,VOC,N/A
54102,ROUND TOP RIDGE,cis-3-Methyl-2-Pentene,2009-12-03T00:00,0.000,µg/m³,VOC,N/A
54102,ROUND TOP RIDGE,cis-3-Methyl-2-Pentene,2009-12-06T00:00,0.000,µg/m³,VOC,N/A
54102,ROUND TOP RIDGE,cis-3-Methyl-2-Pentene,2009-12-09T00:00,0.000,µg/m³,VOC,N/A
54102,ROUND TOP RIDGE,cis-3-Methyl-2-Pentene,2009-12-12T00:00,0.000,µg/m³,VOC,N/A
54102,ROUND TOP RIDGE,cis-3-Methyl-2-Pentene,2009-12-15T00:00,0.000,µg/m³,VOC,N/A
54102,ROUND TOP RIDGE,cis-3-Methyl-2-Pentene,2009-12-18T00:00,0.000,µg/m³,VOC,N/A
54102,ROUND TOP RIDGE,cis-3-Methyl-2-Pentene,2009-12-21T00:00,0.000,µg/m³,VOC,N/A
54102,ROUND TOP RIDGE,cis-3-Methyl-2-Pentene,2009-12-24T00:00,0.000,µg/m³,VOC,N/A
54102,ROUND TOP RIDGE,cis-3-Methyl-2-Pentene,2009-12-27T00:00,0.000,µg/m³,VOC,N/A
54102,ROUND TOP RIDGE,cis-3-Methyl-2-Pentene,2009-12-30T00:00,0.000,µg/m³,VOC,N/A
