﻿NAPS_Site_ID,Station_Name,Pollutant,Date,Value,Units,Report_Type,Method
50103,MONTRÉAL-SAINT-JEAN-BAPTISTE,Hexane,1991-01-06T00:00,6.464,µg/m³,VOC,
50103,MONTRÉAL-SAINT-JEAN-BAPTISTE,Hexane,1991-01-12T00:00,1.069,µg/m³,VOC,
50103,MONTRÉAL-SAINT-JEAN-BAPTISTE,Hexane,1991-01-24T00:00,8.155,µg/m³,VOC,
50103,MONTRÉAL-SAINT-JEAN-BAPTISTE,Hexane,1991-01-30T00:00,2.938,µg/m³,VOC,
50103,MONTRÉAL-SAINT-JEAN-BAPTISTE,Hexane,1991-02-05T00:00,12.609,µg/m³,VOC,
50103,MONTRÉAL-SAINT-JEAN-BAPTISTE,Hexane,1991-02-17T00:00,5.118,µg/m³,VOC,
50103,MONTRÉAL-SAINT-JEAN-BAPTISTE,Hexane,1991-02-23T00:00,5.543,µg/m³,VOC,
50103,MONTRÉAL-SAINT-JEAN-BAPTISTE,Hexane,1991-03-01T00:00,2.955,µg/m³,VOC,
50103,MONTRÉAL-SAINT-JEAN-BAPTISTE,Hexane,1991-03-07T00:00,10.519,µg/m³,VOC,
50103,MONTRÉAL-SAINT-JEAN-BAPTISTE,Hexane,1991-03-13T00:00,4.172,µg/m³,VOC,
50103,MONTRÉAL-SAINT-JEAN-BAPTISTE,Hexane,1991-03-19T00:00,6.533,µg/m³,VOC,
50103,MONTRÉAL-SAINT-JEAN-BAPTISTE,Hexane,1991-03-25T00:00,13.086,µg/m³,VOC,
50103,MONTRÉAL-SAINT-JEAN-BAPTISTE,Hexane,1991-03-31T00:00,7.100,µg/m³,VOC,
50103,MONTRÉAL-SAINT-JEAN-BAPTISTE,Hexane,1991-04-06T00:00,15.159,µg/m³,VOC,
50103,MONTRÉAL-SAINT-JEAN-BAPTISTE,Hexane,1991-04-12T00:00,4.629,µg/m³,VOC,
50103,MONTRÉAL-SAINT-JEAN-BAPTISTE,Hexane,1991-04-18T00:00,1.915,µg/m³,VOC,
50103,MONTRÉAL-SAINT-JEAN-BAPTISTE,Hexane,1991-04-24T00:00,4.963,µg/m³,VOC,
50103,MONTRÉAL-SAINT-JEAN-BAPTISTE,Hexane,1991-04-30T00:00,3.226,µg/m³,VOC,
50103,MONTRÉAL-SAINT-JEAN-BAPTISTE,Hexane,1991-05-06T00:00,2.984,µg/m³,VOC,
50103,MONTRÉAL-SAINT-JEAN-BAPTISTE,Hexane,1991-05-12T00:00,7.179,µg/m³,VOC,
50103,MONTRÉAL-SAINT-JEAN-BAPTISTE,Hexane,1991-05-18T00:00,3.261,µg/m³,VOC,
50103,MONTRÉAL-SAINT-JEAN-BAPTISTE,Hexane,1991-05-24T00:00,11.306,µg/m³,VOC,
50103,MONTRÉAL-SAINT-JEAN-BAPTISTE,Hexane,1991-05-30T00:00,9.431,µg/m³,VOC,
50103,MONTRÉAL-SAINT-JEAN-BAPTISTE,Hexane,1991-06-05T00:00,7.065,µg/m³,VOC,
50103,MONTRÉAL-SAINT-JEAN-BAPTISTE,Hexane,1991-06-11T00:00,6.532,µg/m³,VOC,
50103,MONTRÉAL-SAINT-JEAN-BAPTISTE,Hexane,1991-06-23T00:00,1.929,µg/m³,VOC,
50103,MONTRÉAL-SAINT-JEAN-BAPTISTE,Hexane,1991-06-29T00:00,3.399,µg/m³,VOC,
50103,MONTRÉAL-SAINT-JEAN-BAPTISTE,Hexane,1991-07-05T00:00,1.848,µg/m³,VOC,
50103,MONTRÉAL-SAINT-JEAN-BAPTISTE,Hexane,1991-07-11T00:00,19.571,µg/m³,VOC,
50103,MONTRÉAL-SAINT-JEAN-BAPTISTE,Hexane,1991-07-17T00:00,8.389,µg/m³,VOC,
50103,MONTRÉAL-SAINT-JEAN-BAPTISTE,Hexane,1991-08-04T00:00,2.081,µg/m³,VOC,
50103,MONTRÉAL-SAINT-JEAN-BAPTISTE,Hexane,1991-08-10T00:00,4.634,µg/m³,VOC,
50103,MONTRÉAL-SAINT-JEAN-BAPTISTE,Hexane,1991-08-16T00:00,5.174,µg/m³,VOC,
50103,MONTRÉAL-SAINT-JEAN-BAPTISTE,Hexane,1991-08-22T00:00,14.704,µg/m³,VOC,
50103,MONTRÉAL-SAINT-JEAN-BAPTISTE,Hexane,1991-08-28T00:00,12.274,µg/m³,VOC,
50103,MONTRÉAL-SAINT-JEAN-BAPTISTE,Hexane,1991-09-03T00:00,5.330,µg/m³,VOC,
50103,MONTRÉAL-SAINT-JEAN-BAPTISTE,Hexane,1991-09-21T00:00,8.233,µg/m³,VOC,
50103,MONTRÉAL-SAINT-JEAN-BAPTISTE,Hexane,1991-09-27T00:00,7.183,µg/m³,VOC,
50103,MONTRÉAL-SAINT-JEAN-BAPTISTE,Hexane,1991-10-21T00:00,3.344,µg/m³,VOC,
50103,MONTRÉAL-SAINT-JEAN-BAPTISTE,Hexane,1991-10-27T00:00,1.920,µg/m³,VOC,
50103,MONTRÉAL-SAINT-JEAN-BAPTISTE,Hexane,1991-11-02T00:00,3.603,µg/m³,VOC,
50103,MONTRÉAL-SAINT-JEAN-BAPTISTE,Hexane,1991-11-08T00:00,4.435,µg/m³,VOC,
50103,MONTRÉAL-SAINT-JEAN-BAPTISTE,Hexane,1991-11-14T00:00,7.855,µg/m³,VOC,
