﻿NAPS_Site_ID,Station_Name,Pollutant,Date,Value,Units,Report_Type,Method
61004,CENTENNIAL PARK _SARNIA_,"1,4-Dichlorobenzene",2006-01-11T00:00,0.023,µg/m³,VOC,GC-MS
61004,CENTENNIAL PARK _SARNIA_,"1,4-Dichlorobenzene",2006-01-17T00:00,0.052,µg/m³,VOC,GC-MS
61004,CENTENNIAL PARK _SARNIA_,"1,4-Dichlorobenzene",2006-01-23T00:00,0.108,µg/m³,VOC,GC-MS
61004,CENTENNIAL PARK _SARNIA_,"1,4-Dichlorobenzene",2006-01-29T00:00,0.035,µg/m³,VOC,GC-MS
61004,CENTENNIAL PARK _SARNIA_,"1,4-Dichlorobenzene",2006-02-04T00:00,0.038,µg/m³,VOC,GC-MS
61004,CENTENNIAL PARK _SARNIA_,"1,4-Dichlorobenzene",2006-02-10T00:00,0.070,µg/m³,VOC,GC-MS
61004,CENTENNIAL PARK _SARNIA_,"1,4-Dichlorobenzene",2006-02-16T00:00,0.037,µg/m³,VOC,GC-MS
61004,CENTENNIAL PARK _SARNIA_,"1,4-Dichlorobenzene",2006-02-22T00:00,0.118,µg/m³,VOC,GC-MS
61004,CENTENNIAL PARK _SARNIA_,"1,4-Dichlorobenzene",2006-02-28T00:00,0.054,µg/m³,VOC,GC-MS
61004,CENTENNIAL PARK _SARNIA_,"1,4-Dichlorobenzene",2006-03-06T00:00,0.067,µg/m³,VOC,GC-MS
61004,CENTENNIAL PARK _SARNIA_,"1,4-Dichlorobenzene",2006-03-12T00:00,0.063,µg/m³,VOC,GC-MS
61004,CENTENNIAL PARK _SARNIA_,"1,4-Dichlorobenzene",2006-03-18T00:00,0.018,µg/m³,VOC,GC-MS
61004,CENTENNIAL PARK _SARNIA_,"1,4-Dichlorobenzene",2006-03-24T00:00,0.032,µg/m³,VOC,GC-MS
61004,CENTENNIAL PARK _SARNIA_,"1,4-Dichlorobenzene",2006-07-04T00:00,0.087,µg/m³,VOC,GC-MS
61004,CENTENNIAL PARK _SARNIA_,"1,4-Dichlorobenzene",2006-07-10T00:00,0.071,µg/m³,VOC,GC-MS
61004,CENTENNIAL PARK _SARNIA_,"1,4-Dichlorobenzene",2006-07-16T00:00,0.139,µg/m³,VOC,GC-MS
61004,CENTENNIAL PARK _SARNIA_,"1,4-Dichlorobenzene",2006-07-22T00:00,0.099,µg/m³,VOC,GC-MS
61004,CENTENNIAL PARK _SARNIA_,"1,4-Dichlorobenzene",2006-07-28T00:00,0.200,µg/m³,VOC,GC-MS
61004,CENTENNIAL PARK _SARNIA_,"1,4-Dichlorobenzene",2006-08-03T00:00,0.137,µg/m³,VOC,GC-MS
61004,CENTENNIAL PARK _SARNIA_,"1,4-Dichlorobenzene",2006-08-09T00:00,0.166,µg/m³,VOC,GC-MS
61004,CENTENNIAL PARK _SARNIA_,"1,4-Dichlorobenzene",2006-08-15T00:00,0.191,µg/m³,VOC,GC-MS
61004,CENTENNIAL PARK _SARNIA_,"1,4-Dichlorobenzene",2006-08-27T00:00,0.075,µg/m³,VOC,GC-MS
61004,CENTENNIAL PARK _SARNIA_,"1,4-Dichlorobenzene",2006-09-02T00:00,0.150,µg/m³,VOC,GC-MS
61004,CENTENNIAL PARK _SARNIA_,"1,4-Dichlorobenzene",2006-09-08T00:00,0.101,µg/m³,VOC,GC-MS
61004,CENTENNIAL PARK _SARNIA_,"1,4-Dichlorobenzene",2006-09-14T00:00,0.031,µg/m³,VOC,GC-MS
61004,CENTENNIAL PARK _SARNIA_,"1,4-Dichlorobenzene",2006-09-20T00:00,0.319,µg/m³,VOC,GC-MS
61004,CENTENNIAL PARK _SARNIA_,"1,4-Dichlorobenzene",2006-09-26T00:00,0.317,µg/m³,VOC,GC-MS
61004,CENTENNIAL PARK _SARNIA_,"1,4-Dichlorobenzene",2006-10-02T00:00,0.056,µg/m³,VOC,GC-MS
61004,CENTENNIAL PARK _SARNIA_,"1,4-Dichlorobenzene",2006-10-08T00:00,0.135,µg/m³,VOC,GC-MS
61004,CENTENNIAL PARK _SARNIA_,"1,4-Dichlorobenzene",2006-10-14T00:00,0.128,µg/m³,VOC,GC-MS
61004,CENTENNIAL PARK _SARNIA_,"1,4-Dichlorobenzene",2006-10-20T00:00,0.146,µg/m³,VOC,GC-MS
61004,CENTENNIAL PARK _SARNIA_,"1,4-Dichlorobenzene",2006-10-26T00:00,0.134,µg/m³,VOC,GC-MS
61004,CENTENNIAL PARK _SARNIA_,"1,4-Dichlorobenzene",2006-11-01T00:00,0.165,µg/m³,VOC,GC-MS
61004,CENTENNIAL PARK _SARNIA_,"1,4-Dichlorobenzene",2006-11-07T00:00,0.054,µg/m³,VOC,GC-MS
61004,CENTENNIAL PARK _SARNIA_,"1,4-Dichlorobenzene",2006-11-13T00:00,0.077,µg/m³,VOC,GC-MS
61004,CENTENNIAL PARK _SARNIA_,"1,4-Dichlorobenzene",2006-11-19T00:00,0.046,µg/m³,VOC,GC-MS
61004,CENTENNIAL PARK _SARNIA_,"1,4-Dichlorobenzene",2006-11-25T00:00,0.082,µg/m³,VOC,GC-MS
61004,CENTENNIAL PARK _SARNIA_,"1,4-Dichlorobenzene",2006-12-01T00:00,0.054,µg/m³,VOC,GC-MS
61004,CENTENNIAL PARK _SARNIA_,"1,4-Dichlorobenzene",2006-12-07T00:00,0.026,µg/m³,VOC,GC-MS
61004,CENTENNIAL PARK _SARNIA_,"1,4-Dichlorobenzene",2006-12-13T00:00,0.041,µg/m³,VOC,GC-MS
61004,CENTENNIAL PARK _SARNIA_,"1,4-Dichlorobenzene",2006-12-19T00:00,0.077,µg/m³,VOC,GC-MS
61004,CENTENNIAL PARK _SARNIA_,"1,4-Dichlorobenzene",2006-12-25T00:00,0.101,µg/m³,VOC,GC-MS
61004,CENTENNIAL PARK _SARNIA_,"1,4-Dichlorobenzene",2006-12-31T00:00,0.037,µg/m³,VOC,GC-MS
