﻿NAPS_Site_ID,Station_Name,Pollutant,Date,Value,Units,Report_Type,Method
50308,QUÉBEC-VIEUX-LIMOILOU (DES SABLES),NH4+,2008-01-01T00:00,0.052,µg/m³,DICHOT,
50308,QUÉBEC-VIEUX-LIMOILOU (DES SABLES),NH4+,2008-01-01T00:00,1.149,µg/m³,DICHOT,
50308,QUÉBEC-VIEUX-LIMOILOU (DES SABLES),NH4+,2008-01-07T00:00,0.396,µg/m³,DICHOT,
50308,QUÉBEC-VIEUX-LIMOILOU (DES SABLES),NH4+,2008-01-07T00:00,1.986,µg/m³,DICHOT,
50308,QUÉBEC-VIEUX-LIMOILOU (DES SABLES),NH4+,2008-01-13T00:00,0.056,µg/m³,DICHOT,
50308,QUÉBEC-VIEUX-LIMOILOU (DES SABLES),NH4+,2008-01-13T00:00,0.360,µg/m³,DICHOT,
50308,QUÉBEC-VIEUX-LIMOILOU (DES SABLES),NH4+,2008-01-19T00:00,0.003,µg/m³,DICHOT,
50308,QUÉBEC-VIEUX-LIMOILOU (DES SABLES),NH4+,2008-01-19T00:00,0.507,µg/m³,DICHOT,
50308,QUÉBEC-VIEUX-LIMOILOU (DES SABLES),NH4+,2008-01-25T00:00,0.062,µg/m³,DICHOT,
50308,QUÉBEC-VIEUX-LIMOILOU (DES SABLES),NH4+,2008-01-25T00:00,1.715,µg/m³,DICHOT,
50308,QUÉBEC-VIEUX-LIMOILOU (DES SABLES),NH4+,2008-01-31T00:00,0.041,µg/m³,DICHOT,
50308,QUÉBEC-VIEUX-LIMOILOU (DES SABLES),NH4+,2008-01-31T00:00,1.274,µg/m³,DICHOT,
50308,QUÉBEC-VIEUX-LIMOILOU (DES SABLES),NH4+,2008-02-18T00:00,0.000,µg/m³,DICHOT,
50308,QUÉBEC-VIEUX-LIMOILOU (DES SABLES),NH4+,2008-02-18T00:00,2.471,µg/m³,DICHOT,
50308,QUÉBEC-VIEUX-LIMOILOU (DES SABLES),NH4+,2008-03-13T00:00,0.109,µg/m³,DICHOT,
50308,QUÉBEC-VIEUX-LIMOILOU (DES SABLES),NH4+,2008-03-13T00:00,0.313,µg/m³,DICHOT,
50308,QUÉBEC-VIEUX-LIMOILOU (DES SABLES),NH4+,2008-03-19T00:00,0.015,µg/m³,DICHOT,
50308,QUÉBEC-VIEUX-LIMOILOU (DES SABLES),NH4+,2008-03-19T00:00,0.647,µg/m³,DICHOT,
50308,QUÉBEC-VIEUX-LIMOILOU (DES SABLES),NH4+,2008-03-31T00:00,0.000,µg/m³,DICHOT,
50308,QUÉBEC-VIEUX-LIMOILOU (DES SABLES),NH4+,2008-03-31T00:00,1.032,µg/m³,DICHOT,
50308,QUÉBEC-VIEUX-LIMOILOU (DES SABLES),NH4+,2008-04-06T00:00,0.039,µg/m³,DICHOT,
50308,QUÉBEC-VIEUX-LIMOILOU (DES SABLES),NH4+,2008-04-06T00:00,1.036,µg/m³,DICHOT,
50308,QUÉBEC-VIEUX-LIMOILOU (DES SABLES),NH4+,2008-04-12T00:00,0.017,µg/m³,DICHOT,
50308,QUÉBEC-VIEUX-LIMOILOU (DES SABLES),NH4+,2008-04-12T00:00,0.144,µg/m³,DICHOT,
50308,QUÉBEC-VIEUX-LIMOILOU (DES SABLES),NH4+,2008-04-18T00:00,0.017,µg/m³,DICHOT,
50308,QUÉBEC-VIEUX-LIMOILOU (DES SABLES),NH4+,2008-04-18T00:00,2.650,µg/m³,DICHOT,
50308,QUÉBEC-VIEUX-LIMOILOU (DES SABLES),NH4+,2008-04-24T00:00,0.031,µg/m³,DICHOT,
50308,QUÉBEC-VIEUX-LIMOILOU (DES SABLES),NH4+,2008-04-24T00:00,0.501,µg/m³,DICHOT,
50308,QUÉBEC-VIEUX-LIMOILOU (DES SABLES),NH4+,2008-04-30T00:00,0.016,µg/m³,DICHOT,
50308,QUÉBEC-VIEUX-LIMOILOU (DES SABLES),NH4+,2008-04-30T00:00,0.479,µg/m³,DICHOT,
50308,QUÉBEC-VIEUX-LIMOILOU (DES SABLES),NH4+,2008-05-06T00:00,0.008,µg/m³,DICHOT,
50308,QUÉBEC-VIEUX-LIMOILOU (DES SABLES),NH4+,2008-05-06T00:00,0.880,µg/m³,DICHOT,
50308,QUÉBEC-VIEUX-LIMOILOU (DES SABLES),NH4+,2008-05-12T00:00,0.000,µg/m³,DICHOT,
50308,QUÉBEC-VIEUX-LIMOILOU (DES SABLES),NH4+,2008-05-12T00:00,0.276,µg/m³,DICHOT,
50308,QUÉBEC-VIEUX-LIMOILOU (DES SABLES),NH4+,2008-05-18T00:00,0.000,µg/m³,DICHOT,
50308,QUÉBEC-VIEUX-LIMOILOU (DES SABLES),NH4+,2008-05-18T00:00,0.604,µg/m³,DICHOT,
50308,QUÉBEC-VIEUX-LIMOILOU (DES SABLES),NH4+,2008-05-24T00:00,0.000,µg/m³,DICHOT,
50308,QUÉBEC-VIEUX-LIMOILOU (DES SABLES),NH4+,2008-05-24T00:00,0.218,µg/m³,DICHOT,
50308,QUÉBEC-VIEUX-LIMOILOU (DES SABLES),NH4+,2008-06-05T00:00,0.000,µg/m³,DICHOT,
50308,QUÉBEC-VIEUX-LIMOILOU (DES SABLES),NH4+,2008-06-05T00:00,0.211,µg/m³,DICHOT,
50308,QUÉBEC-VIEUX-LIMOILOU (DES SABLES),NH4+,2008-09-15T00:00,0.026,µg/m³,DICHOT,
50308,QUÉBEC-VIEUX-LIMOILOU (DES SABLES),NH4+,2008-09-15T00:00,0.192,µg/m³,DICHOT,
50308,QUÉBEC-VIEUX-LIMOILOU (DES SABLES),NH4+,2008-09-21T00:00,0.000,µg/m³,DICHOT,
50308,QUÉBEC-VIEUX-LIMOILOU (DES SABLES),NH4+,2008-09-21T00:00,0.190,µg/m³,DICHOT,
50308,QUÉBEC-VIEUX-LIMOILOU (DES SABLES),NH4+,2008-09-27T00:00,0.005,µg/m³,DICHOT,
50308,QUÉBEC-VIEUX-LIMOILOU (DES SABLES),NH4+,2008-09-27T00:00,0.312,µg/m³,DICHOT,
50308,QUÉBEC-VIEUX-LIMOILOU (DES SABLES),NH4+,2008-10-03T00:00,0.015,µg/m³,DICHOT,
50308,QUÉBEC-VIEUX-LIMOILOU (DES SABLES),NH4+,2008-10-03T00:00,0.227,µg/m³,DICHOT,
50308,QUÉBEC-VIEUX-LIMOILOU (DES SABLES),NH4+,2008-10-09T00:00,0.034,µg/m³,DICHOT,
50308,QUÉBEC-VIEUX-LIMOILOU (DES SABLES),NH4+,2008-10-09T00:00,0.555,µg/m³,DICHOT,
50308,QUÉBEC-VIEUX-LIMOILOU (DES SABLES),NH4+,2008-10-15T00:00,0.005,µg/m³,DICHOT,
50308,QUÉBEC-VIEUX-LIMOILOU (DES SABLES),NH4+,2008-10-15T00:00,0.230,µg/m³,DICHOT,
50308,QUÉBEC-VIEUX-LIMOILOU (DES SABLES),NH4+,2008-10-21T00:00,0.010,µg/m³,DICHOT,
50308,QUÉBEC-VIEUX-LIMOILOU (DES SABLES),NH4+,2008-10-21T00:00,0.492,µg/m³,DICHOT,
50308,QUÉBEC-VIEUX-LIMOILOU (DES SABLES),NH4+,2008-10-27T00:00,0.042,µg/m³,DICHOT,
50308,QUÉBEC-VIEUX-LIMOILOU (DES SABLES),NH4+,2008-10-27T00:00,0.701,µg/m³,DICHOT,
50308,QUÉBEC-VIEUX-LIMOILOU (DES SABLES),NH4+,2008-11-14T00:00,0.036,µg/m³,DICHOT,
50308,QUÉBEC-VIEUX-LIMOILOU (DES SABLES),NH4+,2008-11-14T00:00,0.422,µg/m³,DICHOT,
50308,QUÉBEC-VIEUX-LIMOILOU (DES SABLES),NH4+,2008-11-20T00:00,0.002,µg/m³,DICHOT,
50308,QUÉBEC-VIEUX-LIMOILOU (DES SABLES),NH4+,2008-11-20T00:00,0.115,µg/m³,DICHOT,
50308,QUÉBEC-VIEUX-LIMOILOU (DES SABLES),NH4+,2008-11-26T00:00,0.008,µg/m³,DICHOT,
50308,QUÉBEC-VIEUX-LIMOILOU (DES SABLES),NH4+,2008-11-26T00:00,0.365,µg/m³,DICHOT,
50308,QUÉBEC-VIEUX-LIMOILOU (DES SABLES),NH4+,2008-12-02T00:00,0.006,µg/m³,DICHOT,
50308,QUÉBEC-VIEUX-LIMOILOU (DES SABLES),NH4+,2008-12-02T00:00,0.656,µg/m³,DICHOT,
50308,QUÉBEC-VIEUX-LIMOILOU (DES SABLES),NH4+,2008-12-26T00:00,0.018,µg/m³,DICHOT,
50308,QUÉBEC-VIEUX-LIMOILOU (DES SABLES),NH4+,2008-12-26T00:00,0.487,µg/m³,DICHOT,
