﻿NAPS_Site_ID,Station_Name,Pollutant,Date,Value,Units,Report_Type,Method
50129,MONTRÉAL-RIVIÈRE-DES-PRAIRIES,Perylene,2013-02-09T00:00,0.000,µg/m³,PAH,GC-MS TP+G
50129,MONTRÉAL-RIVIÈRE-DES-PRAIRIES,Perylene,2013-03-05T00:00,0.000,µg/m³,PAH,GC-MS TP+G
50129,MONTRÉAL-RIVIÈRE-DES-PRAIRIES,Perylene,2013-03-11T00:00,0.000,µg/m³,PAH,GC-MS TP+G
50129,MONTRÉAL-RIVIÈRE-DES-PRAIRIES,Perylene,2013-03-17T00:00,0.000,µg/m³,PAH,GC-MS TP+G
50129,MONTRÉAL-RIVIÈRE-DES-PRAIRIES,Perylene,2013-03-23T00:00,0.000,µg/m³,PAH,GC-MS TP+G
50129,MONTRÉAL-RIVIÈRE-DES-PRAIRIES,Perylene,2013-04-04T00:00,0.000,µg/m³,PAH,GC-MS TP+G
50129,MONTRÉAL-RIVIÈRE-DES-PRAIRIES,Perylene,2013-04-10T00:00,0.000,µg/m³,PAH,GC-MS TP+G
50129,MONTRÉAL-RIVIÈRE-DES-PRAIRIES,Perylene,2013-04-16T00:00,0.000,µg/m³,PAH,GC-MS TP+G
50129,MONTRÉAL-RIVIÈRE-DES-PRAIRIES,Perylene,2013-04-28T00:00,0.000,µg/m³,PAH,GC-MS TP+G
50129,MONTRÉAL-RIVIÈRE-DES-PRAIRIES,Perylene,2013-05-10T00:00,0.000,µg/m³,PAH,GC-MS TP+G
50129,MONTRÉAL-RIVIÈRE-DES-PRAIRIES,Perylene,2013-05-16T00:00,0.000,µg/m³,PAH,GC-MS TP+G
50129,MONTRÉAL-RIVIÈRE-DES-PRAIRIES,Perylene,2013-05-22T00:00,0.000,µg/m³,PAH,GC-MS TP+G
50129,MONTRÉAL-RIVIÈRE-DES-PRAIRIES,Perylene,2013-05-28T00:00,0.000,µg/m³,PAH,GC-MS TP+G
50129,MONTRÉAL-RIVIÈRE-DES-PRAIRIES,Perylene,2013-06-09T00:00,0.000,µg/m³,PAH,GC-MS TP+G
50129,MONTRÉAL-RIVIÈRE-DES-PRAIRIES,Perylene,2013-06-15T00:00,0.000,µg/m³,PAH,GC-MS TP+G
50129,MONTRÉAL-RIVIÈRE-DES-PRAIRIES,Perylene,2013-06-27T00:00,0.000,µg/m³,PAH,GC-MS TP+G
50129,MONTRÉAL-RIVIÈRE-DES-PRAIRIES,Perylene,2013-07-09T00:00,0.000,µg/m³,PAH,GC-MS TP+G
50129,MONTRÉAL-RIVIÈRE-DES-PRAIRIES,Perylene,2013-07-15T00:00,0.000,µg/m³,PAH,GC-MS TP+G
50129,MONTRÉAL-RIVIÈRE-DES-PRAIRIES,Perylene,2013-07-21T00:00,0.000,µg/m³,PAH,GC-MS TP+G
50129,MONTRÉAL-RIVIÈRE-DES-PRAIRIES,Perylene,2013-07-27T00:00,0.000,µg/m³,PAH,GC-MS TP+G
50129,MONTRÉAL-RIVIÈRE-DES-PRAIRIES,Perylene,2013-08-02T00:00,0.000,µg/m³,PAH,GC-MS TP+G
50129,MONTRÉAL-RIVIÈRE-DES-PRAIRIES,Perylene,2013-08-14T00:00,0.000,µg/m³,PAH,GC-MS TP+G
50129,MONTRÉAL-RIVIÈRE-DES-PRAIRIES,Perylene,2013-08-20T00:00,0.000,µg/m³,PAH,GC-MS TP+G
50129,MONTRÉAL-RIVIÈRE-DES-PRAIRIES,Perylene,2013-08-26T00:00,0.000,µg/m³,PAH,GC-MS TP+G
50129,MONTRÉAL-RIVIÈRE-DES-PRAIRIES,Perylene,2013-09-01T00:00,0.000,µg/m³,PAH,GC-MS TP+G
50129,MONTRÉAL-RIVIÈRE-DES-PRAIRIES,Perylene,2013-09-07T00:00,0.000,µg/m³,PAH,GC-MS TP+G
50129,MONTRÉAL-RIVIÈRE-DES-PRAIRIES,Perylene,2013-09-13T00:00,0.000,µg/m³,PAH,GC-MS TP+G
50129,MONTRÉAL-RIVIÈRE-DES-PRAIRIES,Perylene,2013-09-19T00:00,0.000,µg/m³,PAH,GC-MS TP+G
50129,MONTRÉAL-RIVIÈRE-DES-PRAIRIES,Perylene,2013-10-01T00:00,0.000,µg/m³,PAH,GC-MS TP+G
50129,MONTRÉAL-RIVIÈRE-DES-PRAIRIES,Perylene,2013-10-07T00:00,0.000,µg/m³,PAH,GC-MS TP+G
50129,MONTRÉAL-RIVIÈRE-DES-PRAIRIES,Perylene,2013-10-13T00:00,0.000,µg/m³,PAH,GC-MS TP+G
50129,MONTRÉAL-RIVIÈRE-DES-PRAIRIES,Perylene,2013-10-19T00:00,0.000,µg/m³,PAH,GC-MS TP+G
50129,MONTRÉAL-RIVIÈRE-DES-PRAIRIES,Perylene,2013-10-31T00:00,0.000,µg/m³,PAH,GC-MS TP+G
50129,MONTRÉAL-RIVIÈRE-DES-PRAIRIES,Perylene,2013-11-06T00:00,0.000,µg/m³,PAH,GC-MS TP+G
50129,MONTRÉAL-RIVIÈRE-DES-PRAIRIES,Perylene,2013-11-12T00:00,0.000,µg/m³,PAH,GC-MS TP+G
50129,MONTRÉAL-RIVIÈRE-DES-PRAIRIES,Perylene,2013-11-18T00:00,0.000,µg/m³,PAH,GC-MS TP+G
50129,MONTRÉAL-RIVIÈRE-DES-PRAIRIES,Perylene,2013-11-30T00:00,0.000,µg/m³,PAH,GC-MS TP+G
50129,MONTRÉAL-RIVIÈRE-DES-PRAIRIES,Perylene,2013-12-06T00:00,0.000,µg/m³,PAH,GC-MS TP+G
50129,MONTRÉAL-RIVIÈRE-DES-PRAIRIES,Perylene,2013-12-12T00:00,0.000,µg/m³,PAH,GC-MS TP+G
50129,MONTRÉAL-RIVIÈRE-DES-PRAIRIES,Perylene,2013-12-18T00:00,0.000,µg/m³,PAH,GC-MS TP+G
50129,MONTRÉAL-RIVIÈRE-DES-PRAIRIES,Perylene,2013-12-30T00:00,0.000,µg/m³,PAH,GC-MS TP+G
