﻿NAPS_Site_ID,Station_Name,Pollutant,Date,Value,Units,Report_Type,Method
54501,L'ASSOMPTION,Chloroform,2004-01-01T00:00,0.185,µg/m³,VOC,GC-MS
54501,L'ASSOMPTION,Chloroform,2004-01-04T00:00,0.072,µg/m³,VOC,GC-MS
54501,L'ASSOMPTION,Chloroform,2004-01-07T00:00,0.075,µg/m³,VOC,GC-MS
54501,L'ASSOMPTION,Chloroform,2004-01-10T00:00,0.077,µg/m³,VOC,GC-MS
54501,L'ASSOMPTION,Chloroform,2004-01-13T00:00,0.069,µg/m³,VOC,GC-MS
54501,L'ASSOMPTION,Chloroform,2004-01-16T00:00,0.068,µg/m³,VOC,GC-MS
54501,L'ASSOMPTION,Chloroform,2004-01-19T00:00,0.072,µg/m³,VOC,GC-MS
54501,L'ASSOMPTION,Chloroform,2004-01-22T00:00,0.081,µg/m³,VOC,GC-MS
54501,L'ASSOMPTION,Chloroform,2004-01-25T00:00,0.087,µg/m³,VOC,GC-MS
54501,L'ASSOMPTION,Chloroform,2004-01-28T00:00,0.079,µg/m³,VOC,GC-MS
54501,L'ASSOMPTION,Chloroform,2004-01-31T00:00,0.078,µg/m³,VOC,GC-MS
54501,L'ASSOMPTION,Chloroform,2004-02-03T00:00,0.083,µg/m³,VOC,GC-MS
54501,L'ASSOMPTION,Chloroform,2004-02-06T00:00,0.078,µg/m³,VOC,GC-MS
54501,L'ASSOMPTION,Chloroform,2004-02-09T00:00,0.074,µg/m³,VOC,GC-MS
54501,L'ASSOMPTION,Chloroform,2004-02-12T00:00,0.069,µg/m³,VOC,GC-MS
54501,L'ASSOMPTION,Chloroform,2004-02-15T00:00,0.070,µg/m³,VOC,GC-MS
54501,L'ASSOMPTION,Chloroform,2004-02-18T00:00,0.105,µg/m³,VOC,GC-MS
54501,L'ASSOMPTION,Chloroform,2004-02-21T00:00,0.080,µg/m³,VOC,GC-MS
54501,L'ASSOMPTION,Chloroform,2004-02-24T00:00,0.079,µg/m³,VOC,GC-MS
54501,L'ASSOMPTION,Chloroform,2004-02-27T00:00,0.091,µg/m³,VOC,GC-MS
54501,L'ASSOMPTION,Chloroform,2004-03-01T00:00,0.105,µg/m³,VOC,GC-MS
54501,L'ASSOMPTION,Chloroform,2004-03-04T00:00,0.086,µg/m³,VOC,GC-MS
54501,L'ASSOMPTION,Chloroform,2004-03-07T00:00,0.069,µg/m³,VOC,GC-MS
54501,L'ASSOMPTION,Chloroform,2004-03-10T00:00,0.080,µg/m³,VOC,GC-MS
54501,L'ASSOMPTION,Chloroform,2004-03-13T00:00,0.065,µg/m³,VOC,GC-MS
54501,L'ASSOMPTION,Chloroform,2004-03-16T00:00,0.064,µg/m³,VOC,GC-MS
54501,L'ASSOMPTION,Chloroform,2004-03-19T00:00,0.074,µg/m³,VOC,GC-MS
54501,L'ASSOMPTION,Chloroform,2004-03-22T00:00,0.064,µg/m³,VOC,GC-MS
54501,L'ASSOMPTION,Chloroform,2004-03-25T00:00,0.181,µg/m³,VOC,GC-MS
54501,L'ASSOMPTION,Chloroform,2004-03-28T00:00,0.070,µg/m³,VOC,GC-MS
54501,L'ASSOMPTION,Chloroform,2004-03-31T00:00,0.084,µg/m³,VOC,GC-MS
54501,L'ASSOMPTION,Chloroform,2004-04-03T00:00,0.074,µg/m³,VOC,GC-MS
54501,L'ASSOMPTION,Chloroform,2004-04-06T00:00,0.076,µg/m³,VOC,GC-MS
54501,L'ASSOMPTION,Chloroform,2004-04-09T00:00,0.062,µg/m³,VOC,GC-MS
54501,L'ASSOMPTION,Chloroform,2004-04-12T00:00,0.068,µg/m³,VOC,GC-MS
54501,L'ASSOMPTION,Chloroform,2004-04-15T00:00,0.061,µg/m³,VOC,GC-MS
54501,L'ASSOMPTION,Chloroform,2004-04-18T00:00,0.065,µg/m³,VOC,GC-MS
54501,L'ASSOMPTION,Chloroform,2004-04-21T00:00,0.066,µg/m³,VOC,GC-MS
54501,L'ASSOMPTION,Chloroform,2004-04-24T00:00,0.054,µg/m³,VOC,GC-MS
54501,L'ASSOMPTION,Chloroform,2004-04-27T00:00,0.066,µg/m³,VOC,GC-MS
54501,L'ASSOMPTION,Chloroform,2004-04-30T00:00,0.072,µg/m³,VOC,GC-MS
54501,L'ASSOMPTION,Chloroform,2004-05-03T00:00,0.066,µg/m³,VOC,GC-MS
54501,L'ASSOMPTION,Chloroform,2004-05-06T00:00,0.080,µg/m³,VOC,GC-MS
54501,L'ASSOMPTION,Chloroform,2004-05-09T00:00,0.067,µg/m³,VOC,GC-MS
54501,L'ASSOMPTION,Chloroform,2004-05-12T00:00,0.069,µg/m³,VOC,GC-MS
54501,L'ASSOMPTION,Chloroform,2004-05-15T00:00,0.057,µg/m³,VOC,GC-MS
54501,L'ASSOMPTION,Chloroform,2004-05-18T00:00,0.097,µg/m³,VOC,GC-MS
54501,L'ASSOMPTION,Chloroform,2004-05-21T00:00,0.067,µg/m³,VOC,GC-MS
54501,L'ASSOMPTION,Chloroform,2004-05-24T00:00,0.080,µg/m³,VOC,GC-MS
54501,L'ASSOMPTION,Chloroform,2004-05-27T00:00,0.105,µg/m³,VOC,GC-MS
54501,L'ASSOMPTION,Chloroform,2004-05-30T00:00,0.055,µg/m³,VOC,GC-MS
54501,L'ASSOMPTION,Chloroform,2004-06-02T00:00,0.071,µg/m³,VOC,GC-MS
54501,L'ASSOMPTION,Chloroform,2004-06-05T00:00,0.086,µg/m³,VOC,GC-MS
54501,L'ASSOMPTION,Chloroform,2004-06-08T00:00,0.089,µg/m³,VOC,GC-MS
54501,L'ASSOMPTION,Chloroform,2004-06-11T00:00,0.056,µg/m³,VOC,GC-MS
54501,L'ASSOMPTION,Chloroform,2004-06-14T00:00,0.102,µg/m³,VOC,GC-MS
54501,L'ASSOMPTION,Chloroform,2004-06-17T00:00,0.093,µg/m³,VOC,GC-MS
54501,L'ASSOMPTION,Chloroform,2004-06-20T00:00,0.067,µg/m³,VOC,GC-MS
54501,L'ASSOMPTION,Chloroform,2004-06-23T00:00,0.065,µg/m³,VOC,GC-MS
54501,L'ASSOMPTION,Chloroform,2004-06-26T00:00,0.066,µg/m³,VOC,GC-MS
54501,L'ASSOMPTION,Chloroform,2004-06-29T00:00,0.080,µg/m³,VOC,GC-MS
54501,L'ASSOMPTION,Chloroform,2004-07-02T00:00,0.069,µg/m³,VOC,GC-MS
54501,L'ASSOMPTION,Chloroform,2004-07-05T00:00,0.134,µg/m³,VOC,GC-MS
54501,L'ASSOMPTION,Chloroform,2004-07-26T00:00,0.118,µg/m³,VOC,GC-MS
54501,L'ASSOMPTION,Chloroform,2004-07-29T00:00,0.115,µg/m³,VOC,GC-MS
54501,L'ASSOMPTION,Chloroform,2004-08-01T00:00,0.080,µg/m³,VOC,GC-MS
54501,L'ASSOMPTION,Chloroform,2004-08-04T00:00,0.092,µg/m³,VOC,GC-MS
54501,L'ASSOMPTION,Chloroform,2004-08-07T00:00,0.089,µg/m³,VOC,GC-MS
54501,L'ASSOMPTION,Chloroform,2004-08-10T00:00,0.109,µg/m³,VOC,GC-MS
54501,L'ASSOMPTION,Chloroform,2004-08-13T00:00,0.107,µg/m³,VOC,GC-MS
54501,L'ASSOMPTION,Chloroform,2004-08-16T00:00,0.110,µg/m³,VOC,GC-MS
54501,L'ASSOMPTION,Chloroform,2004-08-19T00:00,0.089,µg/m³,VOC,GC-MS
54501,L'ASSOMPTION,Chloroform,2004-08-22T00:00,0.090,µg/m³,VOC,GC-MS
54501,L'ASSOMPTION,Chloroform,2004-08-25T00:00,0.092,µg/m³,VOC,GC-MS
54501,L'ASSOMPTION,Chloroform,2004-08-28T00:00,0.077,µg/m³,VOC,GC-MS
54501,L'ASSOMPTION,Chloroform,2004-08-31T00:00,0.099,µg/m³,VOC,GC-MS
54501,L'ASSOMPTION,Chloroform,2004-09-03T00:00,0.088,µg/m³,VOC,GC-MS
54501,L'ASSOMPTION,Chloroform,2004-09-06T00:00,0.101,µg/m³,VOC,GC-MS
54501,L'ASSOMPTION,Chloroform,2004-09-09T00:00,0.090,µg/m³,VOC,GC-MS
54501,L'ASSOMPTION,Chloroform,2004-09-12T00:00,0.084,µg/m³,VOC,GC-MS
54501,L'ASSOMPTION,Chloroform,2004-09-15T00:00,0.133,µg/m³,VOC,GC-MS
54501,L'ASSOMPTION,Chloroform,2004-09-18T00:00,0.080,µg/m³,VOC,GC-MS
54501,L'ASSOMPTION,Chloroform,2004-09-21T00:00,0.120,µg/m³,VOC,GC-MS
54501,L'ASSOMPTION,Chloroform,2004-09-24T00:00,0.122,µg/m³,VOC,GC-MS
54501,L'ASSOMPTION,Chloroform,2004-09-27T00:00,0.088,µg/m³,VOC,GC-MS
54501,L'ASSOMPTION,Chloroform,2004-09-30T00:00,0.184,µg/m³,VOC,GC-MS
54501,L'ASSOMPTION,Chloroform,2004-10-03T00:00,0.081,µg/m³,VOC,GC-MS
54501,L'ASSOMPTION,Chloroform,2004-10-06T00:00,0.077,µg/m³,VOC,GC-MS
54501,L'ASSOMPTION,Chloroform,2004-10-09T00:00,0.116,µg/m³,VOC,GC-MS
54501,L'ASSOMPTION,Chloroform,2004-10-12T00:00,0.072,µg/m³,VOC,GC-MS
54501,L'ASSOMPTION,Chloroform,2004-10-15T00:00,0.093,µg/m³,VOC,GC-MS
54501,L'ASSOMPTION,Chloroform,2004-10-18T00:00,0.076,µg/m³,VOC,GC-MS
54501,L'ASSOMPTION,Chloroform,2004-10-21T00:00,0.080,µg/m³,VOC,GC-MS
54501,L'ASSOMPTION,Chloroform,2004-10-24T00:00,0.080,µg/m³,VOC,GC-MS
54501,L'ASSOMPTION,Chloroform,2004-10-27T00:00,0.091,µg/m³,VOC,GC-MS
54501,L'ASSOMPTION,Chloroform,2004-10-30T00:00,0.103,µg/m³,VOC,GC-MS
54501,L'ASSOMPTION,Chloroform,2004-11-02T00:00,0.092,µg/m³,VOC,GC-MS
54501,L'ASSOMPTION,Chloroform,2004-11-05T00:00,0.078,µg/m³,VOC,GC-MS
54501,L'ASSOMPTION,Chloroform,2004-11-08T00:00,0.068,µg/m³,VOC,GC-MS
54501,L'ASSOMPTION,Chloroform,2004-11-11T00:00,0.076,µg/m³,VOC,GC-MS
54501,L'ASSOMPTION,Chloroform,2004-11-14T00:00,0.092,µg/m³,VOC,GC-MS
54501,L'ASSOMPTION,Chloroform,2004-11-17T00:00,0.082,µg/m³,VOC,GC-MS
54501,L'ASSOMPTION,Chloroform,2004-11-20T00:00,0.072,µg/m³,VOC,GC-MS
54501,L'ASSOMPTION,Chloroform,2004-11-23T00:00,0.083,µg/m³,VOC,GC-MS
54501,L'ASSOMPTION,Chloroform,2004-11-26T00:00,0.075,µg/m³,VOC,GC-MS
54501,L'ASSOMPTION,Chloroform,2004-11-29T00:00,0.065,µg/m³,VOC,GC-MS
54501,L'ASSOMPTION,Chloroform,2004-12-02T00:00,0.065,µg/m³,VOC,GC-MS
54501,L'ASSOMPTION,Chloroform,2004-12-05T00:00,0.070,µg/m³,VOC,GC-MS
54501,L'ASSOMPTION,Chloroform,2004-12-08T00:00,0.071,µg/m³,VOC,GC-MS
54501,L'ASSOMPTION,Chloroform,2004-12-11T00:00,0.074,µg/m³,VOC,GC-MS
54501,L'ASSOMPTION,Chloroform,2004-12-14T00:00,0.067,µg/m³,VOC,GC-MS
54501,L'ASSOMPTION,Chloroform,2004-12-17T00:00,0.072,µg/m³,VOC,GC-MS
54501,L'ASSOMPTION,Chloroform,2004-12-20T00:00,0.076,µg/m³,VOC,GC-MS
54501,L'ASSOMPTION,Chloroform,2004-12-23T00:00,0.104,µg/m³,VOC,GC-MS
54501,L'ASSOMPTION,Chloroform,2004-12-26T00:00,0.069,µg/m³,VOC,GC-MS
54501,L'ASSOMPTION,Chloroform,2004-12-29T00:00,0.065,µg/m³,VOC,GC-MS
