﻿NAPS_Site_ID,Station_Name,Pollutant,Date,Value,Units,Report_Type,Method
60512,BEASLEY PARK _HAMILTON_DOWNTOWN_,2378-TCDF,2001-01-07T00:00,0.052,pg/m³,PCDD,N/A
60512,BEASLEY PARK _HAMILTON_DOWNTOWN_,2378-TCDF,2001-01-31T00:00,0.021,pg/m³,PCDD,N/A
60512,BEASLEY PARK _HAMILTON_DOWNTOWN_,2378-TCDF,2001-02-24T00:00,0.058,pg/m³,PCDD,N/A
60512,BEASLEY PARK _HAMILTON_DOWNTOWN_,2378-TCDF,2001-03-20T00:00,0.088,pg/m³,PCDD,N/A
60512,BEASLEY PARK _HAMILTON_DOWNTOWN_,2378-TCDF,2001-04-13T00:00,0.021,pg/m³,PCDD,N/A
60512,BEASLEY PARK _HAMILTON_DOWNTOWN_,2378-TCDF,2001-05-07T00:00,0.061,pg/m³,PCDD,N/A
60512,BEASLEY PARK _HAMILTON_DOWNTOWN_,2378-TCDF,2001-05-31T00:00,0.024,pg/m³,PCDD,N/A
60512,BEASLEY PARK _HAMILTON_DOWNTOWN_,2378-TCDF,2001-06-24T00:00,0.034,pg/m³,PCDD,N/A
60512,BEASLEY PARK _HAMILTON_DOWNTOWN_,2378-TCDF,2001-07-18T00:00,0.103,pg/m³,PCDD,N/A
60512,BEASLEY PARK _HAMILTON_DOWNTOWN_,2378-TCDF,2001-08-11T00:00,0.118,pg/m³,PCDD,N/A
60512,BEASLEY PARK _HAMILTON_DOWNTOWN_,2378-TCDF,2001-09-04T00:00,0.045,pg/m³,PCDD,N/A
60512,BEASLEY PARK _HAMILTON_DOWNTOWN_,2378-TCDF,2001-10-22T00:00,0.140,pg/m³,PCDD,N/A
60512,BEASLEY PARK _HAMILTON_DOWNTOWN_,2378-TCDF,2001-11-15T00:00,0.038,pg/m³,PCDD,N/A
60512,BEASLEY PARK _HAMILTON_DOWNTOWN_,2378-TCDF,2001-12-09T00:00,0.031,pg/m³,PCDD,N/A
