﻿NAPS_Site_ID,Station_Name,Pollutant,Date,Value,Units,Report_Type,Method
40901,ST. ANDREWS - HUNTSMAN MARINE SCIENCES CTR.,Benzo(e)Pyrene,1999-01-12T00:00,0.000,µg/m³,PAH,GC-MS
40901,ST. ANDREWS - HUNTSMAN MARINE SCIENCES CTR.,Benzo(e)Pyrene,1999-02-05T00:00,0.000,µg/m³,PAH,GC-MS
40901,ST. ANDREWS - HUNTSMAN MARINE SCIENCES CTR.,Benzo(e)Pyrene,1999-03-01T00:00,0.000,µg/m³,PAH,GC-MS
40901,ST. ANDREWS - HUNTSMAN MARINE SCIENCES CTR.,Benzo(e)Pyrene,1999-03-25T00:00,0.000,µg/m³,PAH,GC-MS
40901,ST. ANDREWS - HUNTSMAN MARINE SCIENCES CTR.,Benzo(e)Pyrene,1999-04-18T00:00,0.000,µg/m³,PAH,GC-MS
40901,ST. ANDREWS - HUNTSMAN MARINE SCIENCES CTR.,Benzo(e)Pyrene,1999-05-12T00:00,0.000,µg/m³,PAH,GC-MS
40901,ST. ANDREWS - HUNTSMAN MARINE SCIENCES CTR.,Benzo(e)Pyrene,1999-06-05T00:00,0.000,µg/m³,PAH,GC-MS
40901,ST. ANDREWS - HUNTSMAN MARINE SCIENCES CTR.,Benzo(e)Pyrene,1999-06-29T00:00,0.000,µg/m³,PAH,GC-MS
40901,ST. ANDREWS - HUNTSMAN MARINE SCIENCES CTR.,Benzo(e)Pyrene,1999-08-16T00:00,0.000,µg/m³,PAH,GC-MS
40901,ST. ANDREWS - HUNTSMAN MARINE SCIENCES CTR.,Benzo(e)Pyrene,1999-09-09T00:00,0.000,µg/m³,PAH,GC-MS
40901,ST. ANDREWS - HUNTSMAN MARINE SCIENCES CTR.,Benzo(e)Pyrene,1999-10-03T00:00,0.000,µg/m³,PAH,GC-MS
40901,ST. ANDREWS - HUNTSMAN MARINE SCIENCES CTR.,Benzo(e)Pyrene,1999-11-20T00:00,0.000,µg/m³,PAH,GC-MS
40901,ST. ANDREWS - HUNTSMAN MARINE SCIENCES CTR.,Benzo(e)Pyrene,1999-12-14T00:00,0.000,µg/m³,PAH,GC-MS
