﻿NAPS_Site_ID,Station_Name,Pollutant,Date,Value,Units,Report_Type,Method
100119,BURNABY SOUTH,Arabitol,2023-01-06T00:00,0.000,µg/m³,PM2.5,IC-PAD
100119,BURNABY SOUTH,Arabitol,2023-01-12T00:00,0.000,µg/m³,PM2.5,IC-PAD
100119,BURNABY SOUTH,Arabitol,2023-01-18T00:00,0.000,µg/m³,PM2.5,IC-PAD
100119,BURNABY SOUTH,Arabitol,2023-01-24T00:00,0.000,µg/m³,PM2.5,IC-PAD
100119,BURNABY SOUTH,Arabitol,2023-01-30T00:00,0.000,µg/m³,PM2.5,IC-PAD
100119,BURNABY SOUTH,Arabitol,2023-02-05T00:00,0.000,µg/m³,PM2.5,IC-PAD
100119,BURNABY SOUTH,Arabitol,2023-02-11T00:00,0.000,µg/m³,PM2.5,IC-PAD
100119,BURNABY SOUTH,Arabitol,2023-02-17T00:00,0.001,µg/m³,PM2.5,IC-PAD
100119,BURNABY SOUTH,Arabitol,2023-02-23T00:00,0.001,µg/m³,PM2.5,IC-PAD
100119,BURNABY SOUTH,Arabitol,2023-03-01T00:00,0.002,µg/m³,PM2.5,IC-PAD
100119,BURNABY SOUTH,Arabitol,2023-03-07T00:00,0.000,µg/m³,PM2.5,IC-PAD
100119,BURNABY SOUTH,Arabitol,2023-03-13T00:00,0.000,µg/m³,PM2.5,IC-PAD
100119,BURNABY SOUTH,Arabitol,2023-03-19T00:00,0.001,µg/m³,PM2.5,IC-PAD
100119,BURNABY SOUTH,Arabitol,2023-03-25T00:00,0.000,µg/m³,PM2.5,IC-PAD
100119,BURNABY SOUTH,Arabitol,2023-03-31T00:00,0.000,µg/m³,PM2.5,IC-PAD
100119,BURNABY SOUTH,Arabitol,2023-04-06T00:00,0.000,µg/m³,PM2.5,IC-PAD
100119,BURNABY SOUTH,Arabitol,2023-04-12T00:00,0.000,µg/m³,PM2.5,IC-PAD
100119,BURNABY SOUTH,Arabitol,2023-04-18T00:00,0.000,µg/m³,PM2.5,IC-PAD
100119,BURNABY SOUTH,Arabitol,2023-04-24T00:00,0.001,µg/m³,PM2.5,IC-PAD
100119,BURNABY SOUTH,Arabitol,2023-04-30T00:00,0.002,µg/m³,PM2.5,IC-PAD
100119,BURNABY SOUTH,Arabitol,2023-05-12T00:00,0.003,µg/m³,PM2.5,IC-PAD
100119,BURNABY SOUTH,Arabitol,2023-05-18T00:00,0.002,µg/m³,PM2.5,IC-PAD
100119,BURNABY SOUTH,Arabitol,2023-05-24T00:00,0.001,µg/m³,PM2.5,IC-PAD
100119,BURNABY SOUTH,Arabitol,2023-05-30T00:00,0.000,µg/m³,PM2.5,IC-PAD
100119,BURNABY SOUTH,Arabitol,2023-06-05T00:00,0.000,µg/m³,PM2.5,IC-PAD
100119,BURNABY SOUTH,Arabitol,2023-06-11T00:00,0.001,µg/m³,PM2.5,IC-PAD
100119,BURNABY SOUTH,Arabitol,2023-06-17T00:00,0.001,µg/m³,PM2.5,IC-PAD
100119,BURNABY SOUTH,Arabitol,2023-06-23T00:00,0.003,µg/m³,PM2.5,IC-PAD
100119,BURNABY SOUTH,Arabitol,2023-06-29T00:00,0.001,µg/m³,PM2.5,IC-PAD
100119,BURNABY SOUTH,Arabitol,2023-07-05T00:00,0.003,µg/m³,PM2.5,IC-PAD
100119,BURNABY SOUTH,Arabitol,2023-07-11T00:00,0.000,µg/m³,PM2.5,IC-PAD
100119,BURNABY SOUTH,Arabitol,2023-07-17T00:00,0.000,µg/m³,PM2.5,IC-PAD
100119,BURNABY SOUTH,Arabitol,2023-07-23T00:00,0.001,µg/m³,PM2.5,IC-PAD
100119,BURNABY SOUTH,Arabitol,2023-07-29T00:00,0.001,µg/m³,PM2.5,IC-PAD
100119,BURNABY SOUTH,Arabitol,2023-08-04T00:00,0.001,µg/m³,PM2.5,IC-PAD
100119,BURNABY SOUTH,Arabitol,2023-08-10T00:00,0.001,µg/m³,PM2.5,IC-PAD
100119,BURNABY SOUTH,Arabitol,2023-08-22T00:00,0.000,µg/m³,PM2.5,IC-PAD
100119,BURNABY SOUTH,Arabitol,2023-08-28T00:00,0.002,µg/m³,PM2.5,IC-PAD
100119,BURNABY SOUTH,Arabitol,2023-09-03T00:00,0.001,µg/m³,PM2.5,IC-PAD
100119,BURNABY SOUTH,Arabitol,2023-09-09T00:00,0.002,µg/m³,PM2.5,IC-PAD
100119,BURNABY SOUTH,Arabitol,2023-09-15T00:00,0.003,µg/m³,PM2.5,IC-PAD
100119,BURNABY SOUTH,Arabitol,2023-09-21T00:00,0.002,µg/m³,PM2.5,IC-PAD
100119,BURNABY SOUTH,Arabitol,2023-09-27T00:00,0.001,µg/m³,PM2.5,IC-PAD
100119,BURNABY SOUTH,Arabitol,2023-10-03T00:00,0.001,µg/m³,PM2.5,IC-PAD
100119,BURNABY SOUTH,Arabitol,2023-10-09T00:00,0.002,µg/m³,PM2.5,IC-PAD
100119,BURNABY SOUTH,Arabitol,2023-10-21T00:00,0.002,µg/m³,PM2.5,IC-PAD
100119,BURNABY SOUTH,Arabitol,2023-10-27T00:00,0.000,µg/m³,PM2.5,IC-PAD
100119,BURNABY SOUTH,Arabitol,2023-11-02T00:00,0.001,µg/m³,PM2.5,IC-PAD
100119,BURNABY SOUTH,Arabitol,2023-11-08T00:00,0.001,µg/m³,PM2.5,IC-PAD
100119,BURNABY SOUTH,Arabitol,2023-11-14T00:00,0.001,µg/m³,PM2.5,IC-PAD
100119,BURNABY SOUTH,Arabitol,2023-11-20T00:00,0.001,µg/m³,PM2.5,IC-PAD
100119,BURNABY SOUTH,Arabitol,2023-11-26T00:00,0.001,µg/m³,PM2.5,IC-PAD
100119,BURNABY SOUTH,Arabitol,2023-12-02T00:00,0.001,µg/m³,PM2.5,IC-PAD
100119,BURNABY SOUTH,Arabitol,2023-12-14T00:00,0.001,µg/m³,PM2.5,IC-PAD
100119,BURNABY SOUTH,Arabitol,2023-12-20T00:00,0.001,µg/m³,PM2.5,IC-PAD
100119,BURNABY SOUTH,Arabitol,2023-12-26T00:00,0.001,µg/m³,PM2.5,IC-PAD
