﻿NAPS_Site_ID,Station_Name,Pollutant,Date,Value,Units,Report_Type,Method
40208,CHAMPLAIN HEIGHTS SCHOOL,"1,2-Dichloroethane",2007-01-06T00:00,0.073,µg/m³,VOC,GC-MS
40208,CHAMPLAIN HEIGHTS SCHOOL,"1,2-Dichloroethane",2007-01-24T00:00,0.058,µg/m³,VOC,GC-MS
40208,CHAMPLAIN HEIGHTS SCHOOL,"1,2-Dichloroethane",2007-01-30T00:00,0.051,µg/m³,VOC,GC-MS
40208,CHAMPLAIN HEIGHTS SCHOOL,"1,2-Dichloroethane",2007-02-05T00:00,0.054,µg/m³,VOC,GC-MS
40208,CHAMPLAIN HEIGHTS SCHOOL,"1,2-Dichloroethane",2007-02-11T00:00,0.046,µg/m³,VOC,GC-MS
40208,CHAMPLAIN HEIGHTS SCHOOL,"1,2-Dichloroethane",2007-02-17T00:00,0.054,µg/m³,VOC,GC-MS
40208,CHAMPLAIN HEIGHTS SCHOOL,"1,2-Dichloroethane",2007-02-23T00:00,0.045,µg/m³,VOC,GC-MS
40208,CHAMPLAIN HEIGHTS SCHOOL,"1,2-Dichloroethane",2007-03-01T00:00,0.050,µg/m³,VOC,GC-MS
40208,CHAMPLAIN HEIGHTS SCHOOL,"1,2-Dichloroethane",2007-03-07T00:00,0.060,µg/m³,VOC,GC-MS
40208,CHAMPLAIN HEIGHTS SCHOOL,"1,2-Dichloroethane",2007-03-13T00:00,0.057,µg/m³,VOC,GC-MS
40208,CHAMPLAIN HEIGHTS SCHOOL,"1,2-Dichloroethane",2007-03-19T00:00,0.065,µg/m³,VOC,GC-MS
40208,CHAMPLAIN HEIGHTS SCHOOL,"1,2-Dichloroethane",2007-03-25T00:00,0.058,µg/m³,VOC,GC-MS
40208,CHAMPLAIN HEIGHTS SCHOOL,"1,2-Dichloroethane",2007-05-30T00:00,0.059,µg/m³,VOC,GC-MS
40208,CHAMPLAIN HEIGHTS SCHOOL,"1,2-Dichloroethane",2007-06-05T00:00,0.103,µg/m³,VOC,GC-MS
40208,CHAMPLAIN HEIGHTS SCHOOL,"1,2-Dichloroethane",2007-06-11T00:00,0.043,µg/m³,VOC,GC-MS
40208,CHAMPLAIN HEIGHTS SCHOOL,"1,2-Dichloroethane",2007-06-17T00:00,0.085,µg/m³,VOC,GC-MS
40208,CHAMPLAIN HEIGHTS SCHOOL,"1,2-Dichloroethane",2007-07-29T00:00,0.084,µg/m³,VOC,GC-MS
40208,CHAMPLAIN HEIGHTS SCHOOL,"1,2-Dichloroethane",2007-08-10T00:00,0.055,µg/m³,VOC,GC-MS
40208,CHAMPLAIN HEIGHTS SCHOOL,"1,2-Dichloroethane",2007-08-16T00:00,0.090,µg/m³,VOC,GC-MS
40208,CHAMPLAIN HEIGHTS SCHOOL,"1,2-Dichloroethane",2007-08-22T00:00,0.034,µg/m³,VOC,GC-MS
40208,CHAMPLAIN HEIGHTS SCHOOL,"1,2-Dichloroethane",2007-08-28T00:00,0.100,µg/m³,VOC,GC-MS
40208,CHAMPLAIN HEIGHTS SCHOOL,"1,2-Dichloroethane",2007-09-03T00:00,0.092,µg/m³,VOC,GC-MS
40208,CHAMPLAIN HEIGHTS SCHOOL,"1,2-Dichloroethane",2007-09-09T00:00,0.031,µg/m³,VOC,GC-MS
40208,CHAMPLAIN HEIGHTS SCHOOL,"1,2-Dichloroethane",2007-09-15T00:00,0.043,µg/m³,VOC,GC-MS
40208,CHAMPLAIN HEIGHTS SCHOOL,"1,2-Dichloroethane",2007-09-21T00:00,0.075,µg/m³,VOC,GC-MS
40208,CHAMPLAIN HEIGHTS SCHOOL,"1,2-Dichloroethane",2007-09-27T00:00,0.065,µg/m³,VOC,GC-MS
40208,CHAMPLAIN HEIGHTS SCHOOL,"1,2-Dichloroethane",2007-10-03T00:00,0.083,µg/m³,VOC,GC-MS
40208,CHAMPLAIN HEIGHTS SCHOOL,"1,2-Dichloroethane",2007-10-27T00:00,0.046,µg/m³,VOC,GC-MS
