﻿NAPS_Site_ID,Station_Name,Pollutant,Date,Value,Units,Report_Type,Method
40501,PT LEPREAU - CHARLOTTE COUNTY,Heptane,2015-03-03T19:00,0.058,µg/m³,VOC,N/A
40501,PT LEPREAU - CHARLOTTE COUNTY,Heptane,2015-03-09T20:00,0.043,µg/m³,VOC,N/A
40501,PT LEPREAU - CHARLOTTE COUNTY,Heptane,2015-03-12T20:00,0.027,µg/m³,VOC,N/A
40501,PT LEPREAU - CHARLOTTE COUNTY,Heptane,2015-03-15T20:00,0.033,µg/m³,VOC,N/A
40501,PT LEPREAU - CHARLOTTE COUNTY,Heptane,2015-03-18T20:00,0.022,µg/m³,VOC,N/A
40501,PT LEPREAU - CHARLOTTE COUNTY,Heptane,2015-03-21T20:00,0.025,µg/m³,VOC,N/A
40501,PT LEPREAU - CHARLOTTE COUNTY,Heptane,2015-03-24T20:00,0.065,µg/m³,VOC,N/A
40501,PT LEPREAU - CHARLOTTE COUNTY,Heptane,2015-03-27T20:00,0.079,µg/m³,VOC,N/A
40501,PT LEPREAU - CHARLOTTE COUNTY,Heptane,2015-03-30T20:00,0.041,µg/m³,VOC,N/A
40501,PT LEPREAU - CHARLOTTE COUNTY,Heptane,2015-04-02T20:00,0.054,µg/m³,VOC,N/A
40501,PT LEPREAU - CHARLOTTE COUNTY,Heptane,2015-04-05T20:00,0.028,µg/m³,VOC,N/A
40501,PT LEPREAU - CHARLOTTE COUNTY,Heptane,2015-04-08T20:00,0.034,µg/m³,VOC,N/A
40501,PT LEPREAU - CHARLOTTE COUNTY,Heptane,2015-04-11T20:00,0.119,µg/m³,VOC,N/A
40501,PT LEPREAU - CHARLOTTE COUNTY,Heptane,2015-04-14T20:00,0.017,µg/m³,VOC,N/A
40501,PT LEPREAU - CHARLOTTE COUNTY,Heptane,2015-04-17T20:00,0.019,µg/m³,VOC,N/A
40501,PT LEPREAU - CHARLOTTE COUNTY,Heptane,2015-04-20T20:00,0.009,µg/m³,VOC,N/A
40501,PT LEPREAU - CHARLOTTE COUNTY,Heptane,2015-04-23T20:00,0.041,µg/m³,VOC,N/A
40501,PT LEPREAU - CHARLOTTE COUNTY,Heptane,2015-04-26T20:00,0.009,µg/m³,VOC,N/A
40501,PT LEPREAU - CHARLOTTE COUNTY,Heptane,2015-04-29T20:00,0.007,µg/m³,VOC,N/A
40501,PT LEPREAU - CHARLOTTE COUNTY,Heptane,2015-05-05T20:00,0.018,µg/m³,VOC,N/A
40501,PT LEPREAU - CHARLOTTE COUNTY,Heptane,2015-05-14T20:00,0.020,µg/m³,VOC,N/A
40501,PT LEPREAU - CHARLOTTE COUNTY,Heptane,2015-05-20T20:00,0.041,µg/m³,VOC,N/A
40501,PT LEPREAU - CHARLOTTE COUNTY,Heptane,2015-05-23T20:00,0.040,µg/m³,VOC,N/A
40501,PT LEPREAU - CHARLOTTE COUNTY,Heptane,2015-05-26T20:00,0.009,µg/m³,VOC,N/A
40501,PT LEPREAU - CHARLOTTE COUNTY,Heptane,2015-05-29T20:00,0.019,µg/m³,VOC,N/A
40501,PT LEPREAU - CHARLOTTE COUNTY,Heptane,2015-06-01T20:00,0.054,µg/m³,VOC,N/A
40501,PT LEPREAU - CHARLOTTE COUNTY,Heptane,2015-06-07T20:00,0.008,µg/m³,VOC,N/A
40501,PT LEPREAU - CHARLOTTE COUNTY,Heptane,2015-06-10T20:00,0.022,µg/m³,VOC,N/A
40501,PT LEPREAU - CHARLOTTE COUNTY,Heptane,2015-06-13T20:00,0.013,µg/m³,VOC,N/A
40501,PT LEPREAU - CHARLOTTE COUNTY,Heptane,2015-06-16T20:00,0.030,µg/m³,VOC,N/A
40501,PT LEPREAU - CHARLOTTE COUNTY,Heptane,2015-06-19T20:00,0.040,µg/m³,VOC,N/A
40501,PT LEPREAU - CHARLOTTE COUNTY,Heptane,2015-06-22T20:00,0.011,µg/m³,VOC,N/A
40501,PT LEPREAU - CHARLOTTE COUNTY,Heptane,2015-06-25T20:00,0.031,µg/m³,VOC,N/A
40501,PT LEPREAU - CHARLOTTE COUNTY,Heptane,2015-06-28T20:00,0.021,µg/m³,VOC,N/A
40501,PT LEPREAU - CHARLOTTE COUNTY,Heptane,2015-07-01T20:00,0.020,µg/m³,VOC,N/A
40501,PT LEPREAU - CHARLOTTE COUNTY,Heptane,2015-07-04T20:00,0.049,µg/m³,VOC,N/A
40501,PT LEPREAU - CHARLOTTE COUNTY,Heptane,2015-07-10T20:00,0.037,µg/m³,VOC,N/A
40501,PT LEPREAU - CHARLOTTE COUNTY,Heptane,2015-07-13T20:00,0.014,µg/m³,VOC,N/A
40501,PT LEPREAU - CHARLOTTE COUNTY,Heptane,2015-07-16T20:00,0.012,µg/m³,VOC,N/A
40501,PT LEPREAU - CHARLOTTE COUNTY,Heptane,2015-07-19T20:00,0.043,µg/m³,VOC,N/A
40501,PT LEPREAU - CHARLOTTE COUNTY,Heptane,2015-07-22T20:00,0.047,µg/m³,VOC,N/A
40501,PT LEPREAU - CHARLOTTE COUNTY,Heptane,2015-07-25T20:00,0.014,µg/m³,VOC,N/A
40501,PT LEPREAU - CHARLOTTE COUNTY,Heptane,2015-07-28T20:00,0.019,µg/m³,VOC,N/A
40501,PT LEPREAU - CHARLOTTE COUNTY,Heptane,2015-07-31T20:00,0.020,µg/m³,VOC,N/A
40501,PT LEPREAU - CHARLOTTE COUNTY,Heptane,2015-08-03T20:00,0.012,µg/m³,VOC,N/A
40501,PT LEPREAU - CHARLOTTE COUNTY,Heptane,2015-08-06T20:00,0.024,µg/m³,VOC,N/A
40501,PT LEPREAU - CHARLOTTE COUNTY,Heptane,2015-08-09T20:00,0.040,µg/m³,VOC,N/A
40501,PT LEPREAU - CHARLOTTE COUNTY,Heptane,2015-08-12T20:00,0.015,µg/m³,VOC,N/A
40501,PT LEPREAU - CHARLOTTE COUNTY,Heptane,2015-08-24T20:00,0.043,µg/m³,VOC,N/A
40501,PT LEPREAU - CHARLOTTE COUNTY,Heptane,2015-08-30T20:00,0.037,µg/m³,VOC,N/A
40501,PT LEPREAU - CHARLOTTE COUNTY,Heptane,2015-09-05T20:00,0.024,µg/m³,VOC,N/A
40501,PT LEPREAU - CHARLOTTE COUNTY,Heptane,2015-09-14T20:00,0.020,µg/m³,VOC,N/A
40501,PT LEPREAU - CHARLOTTE COUNTY,Heptane,2015-09-20T20:00,0.072,µg/m³,VOC,N/A
40501,PT LEPREAU - CHARLOTTE COUNTY,Heptane,2015-09-23T20:00,0.020,µg/m³,VOC,N/A
40501,PT LEPREAU - CHARLOTTE COUNTY,Heptane,2015-09-26T20:00,0.047,µg/m³,VOC,N/A
40501,PT LEPREAU - CHARLOTTE COUNTY,Heptane,2015-10-05T20:00,0.066,µg/m³,VOC,N/A
40501,PT LEPREAU - CHARLOTTE COUNTY,Heptane,2015-10-08T20:00,0.052,µg/m³,VOC,N/A
40501,PT LEPREAU - CHARLOTTE COUNTY,Heptane,2015-10-11T20:00,0.044,µg/m³,VOC,N/A
40501,PT LEPREAU - CHARLOTTE COUNTY,Heptane,2015-10-14T20:00,0.056,µg/m³,VOC,N/A
40501,PT LEPREAU - CHARLOTTE COUNTY,Heptane,2015-10-17T20:00,0.015,µg/m³,VOC,N/A
40501,PT LEPREAU - CHARLOTTE COUNTY,Heptane,2015-10-20T20:00,0.077,µg/m³,VOC,N/A
40501,PT LEPREAU - CHARLOTTE COUNTY,Heptane,2015-10-23T20:00,0.019,µg/m³,VOC,N/A
40501,PT LEPREAU - CHARLOTTE COUNTY,Heptane,2015-10-26T20:00,0.040,µg/m³,VOC,N/A
40501,PT LEPREAU - CHARLOTTE COUNTY,Heptane,2015-10-29T20:00,0.031,µg/m³,VOC,N/A
40501,PT LEPREAU - CHARLOTTE COUNTY,Heptane,2015-11-01T19:00,0.056,µg/m³,VOC,N/A
40501,PT LEPREAU - CHARLOTTE COUNTY,Heptane,2015-11-13T19:00,0.033,µg/m³,VOC,N/A
40501,PT LEPREAU - CHARLOTTE COUNTY,Heptane,2015-11-16T19:00,0.024,µg/m³,VOC,N/A
40501,PT LEPREAU - CHARLOTTE COUNTY,Heptane,2015-11-19T19:00,0.017,µg/m³,VOC,N/A
40501,PT LEPREAU - CHARLOTTE COUNTY,Heptane,2015-11-22T19:00,0.030,µg/m³,VOC,N/A
40501,PT LEPREAU - CHARLOTTE COUNTY,Heptane,2015-11-25T19:00,0.032,µg/m³,VOC,N/A
40501,PT LEPREAU - CHARLOTTE COUNTY,Heptane,2015-11-28T19:00,0.027,µg/m³,VOC,N/A
40501,PT LEPREAU - CHARLOTTE COUNTY,Heptane,2015-12-01T19:00,0.025,µg/m³,VOC,N/A
40501,PT LEPREAU - CHARLOTTE COUNTY,Heptane,2015-12-04T19:00,0.051,µg/m³,VOC,N/A
40501,PT LEPREAU - CHARLOTTE COUNTY,Heptane,2015-12-07T19:00,0.075,µg/m³,VOC,N/A
40501,PT LEPREAU - CHARLOTTE COUNTY,Heptane,2015-12-10T19:00,0.023,µg/m³,VOC,N/A
40501,PT LEPREAU - CHARLOTTE COUNTY,Heptane,2015-12-13T19:00,0.061,µg/m³,VOC,N/A
