﻿NAPS_Site_ID,Station_Name,Pollutant,Date,Value,Units,Report_Type,Method
61004,CENTENNIAL PARK _SARNIA_,Tetrachloroethylene,2006-01-11T00:00,0.121,µg/m³,VOC,GC-MS
61004,CENTENNIAL PARK _SARNIA_,Tetrachloroethylene,2006-01-17T00:00,0.148,µg/m³,VOC,GC-MS
61004,CENTENNIAL PARK _SARNIA_,Tetrachloroethylene,2006-01-23T00:00,0.114,µg/m³,VOC,GC-MS
61004,CENTENNIAL PARK _SARNIA_,Tetrachloroethylene,2006-01-29T00:00,0.093,µg/m³,VOC,GC-MS
61004,CENTENNIAL PARK _SARNIA_,Tetrachloroethylene,2006-02-04T00:00,0.164,µg/m³,VOC,GC-MS
61004,CENTENNIAL PARK _SARNIA_,Tetrachloroethylene,2006-02-10T00:00,0.213,µg/m³,VOC,GC-MS
61004,CENTENNIAL PARK _SARNIA_,Tetrachloroethylene,2006-02-16T00:00,0.266,µg/m³,VOC,GC-MS
61004,CENTENNIAL PARK _SARNIA_,Tetrachloroethylene,2006-02-22T00:00,0.293,µg/m³,VOC,GC-MS
61004,CENTENNIAL PARK _SARNIA_,Tetrachloroethylene,2006-02-28T00:00,0.048,µg/m³,VOC,GC-MS
61004,CENTENNIAL PARK _SARNIA_,Tetrachloroethylene,2006-03-06T00:00,0.046,µg/m³,VOC,GC-MS
61004,CENTENNIAL PARK _SARNIA_,Tetrachloroethylene,2006-03-12T00:00,0.109,µg/m³,VOC,GC-MS
61004,CENTENNIAL PARK _SARNIA_,Tetrachloroethylene,2006-03-18T00:00,0.057,µg/m³,VOC,GC-MS
61004,CENTENNIAL PARK _SARNIA_,Tetrachloroethylene,2006-03-24T00:00,0.058,µg/m³,VOC,GC-MS
61004,CENTENNIAL PARK _SARNIA_,Tetrachloroethylene,2006-07-04T00:00,0.054,µg/m³,VOC,GC-MS
61004,CENTENNIAL PARK _SARNIA_,Tetrachloroethylene,2006-07-10T00:00,0.036,µg/m³,VOC,GC-MS
61004,CENTENNIAL PARK _SARNIA_,Tetrachloroethylene,2006-07-16T00:00,0.062,µg/m³,VOC,GC-MS
61004,CENTENNIAL PARK _SARNIA_,Tetrachloroethylene,2006-07-22T00:00,0.045,µg/m³,VOC,GC-MS
61004,CENTENNIAL PARK _SARNIA_,Tetrachloroethylene,2006-07-28T00:00,0.081,µg/m³,VOC,GC-MS
61004,CENTENNIAL PARK _SARNIA_,Tetrachloroethylene,2006-08-03T00:00,0.088,µg/m³,VOC,GC-MS
61004,CENTENNIAL PARK _SARNIA_,Tetrachloroethylene,2006-08-09T00:00,0.075,µg/m³,VOC,GC-MS
61004,CENTENNIAL PARK _SARNIA_,Tetrachloroethylene,2006-08-15T00:00,0.054,µg/m³,VOC,GC-MS
61004,CENTENNIAL PARK _SARNIA_,Tetrachloroethylene,2006-08-27T00:00,0.067,µg/m³,VOC,GC-MS
61004,CENTENNIAL PARK _SARNIA_,Tetrachloroethylene,2006-09-02T00:00,0.059,µg/m³,VOC,GC-MS
61004,CENTENNIAL PARK _SARNIA_,Tetrachloroethylene,2006-09-08T00:00,0.190,µg/m³,VOC,GC-MS
61004,CENTENNIAL PARK _SARNIA_,Tetrachloroethylene,2006-09-14T00:00,0.088,µg/m³,VOC,GC-MS
61004,CENTENNIAL PARK _SARNIA_,Tetrachloroethylene,2006-09-20T00:00,0.045,µg/m³,VOC,GC-MS
61004,CENTENNIAL PARK _SARNIA_,Tetrachloroethylene,2006-09-26T00:00,0.087,µg/m³,VOC,GC-MS
61004,CENTENNIAL PARK _SARNIA_,Tetrachloroethylene,2006-10-02T00:00,0.233,µg/m³,VOC,GC-MS
61004,CENTENNIAL PARK _SARNIA_,Tetrachloroethylene,2006-10-08T00:00,0.281,µg/m³,VOC,GC-MS
61004,CENTENNIAL PARK _SARNIA_,Tetrachloroethylene,2006-10-14T00:00,0.032,µg/m³,VOC,GC-MS
61004,CENTENNIAL PARK _SARNIA_,Tetrachloroethylene,2006-10-20T00:00,0.084,µg/m³,VOC,GC-MS
61004,CENTENNIAL PARK _SARNIA_,Tetrachloroethylene,2006-10-26T00:00,0.074,µg/m³,VOC,GC-MS
61004,CENTENNIAL PARK _SARNIA_,Tetrachloroethylene,2006-11-01T00:00,0.061,µg/m³,VOC,GC-MS
61004,CENTENNIAL PARK _SARNIA_,Tetrachloroethylene,2006-11-07T00:00,0.947,µg/m³,VOC,GC-MS
61004,CENTENNIAL PARK _SARNIA_,Tetrachloroethylene,2006-11-13T00:00,0.256,µg/m³,VOC,GC-MS
61004,CENTENNIAL PARK _SARNIA_,Tetrachloroethylene,2006-11-19T00:00,0.050,µg/m³,VOC,GC-MS
61004,CENTENNIAL PARK _SARNIA_,Tetrachloroethylene,2006-11-25T00:00,0.191,µg/m³,VOC,GC-MS
61004,CENTENNIAL PARK _SARNIA_,Tetrachloroethylene,2006-12-01T00:00,0.148,µg/m³,VOC,GC-MS
61004,CENTENNIAL PARK _SARNIA_,Tetrachloroethylene,2006-12-07T00:00,0.059,µg/m³,VOC,GC-MS
61004,CENTENNIAL PARK _SARNIA_,Tetrachloroethylene,2006-12-13T00:00,0.284,µg/m³,VOC,GC-MS
61004,CENTENNIAL PARK _SARNIA_,Tetrachloroethylene,2006-12-19T00:00,0.156,µg/m³,VOC,GC-MS
61004,CENTENNIAL PARK _SARNIA_,Tetrachloroethylene,2006-12-25T00:00,0.096,µg/m³,VOC,GC-MS
61004,CENTENNIAL PARK _SARNIA_,Tetrachloroethylene,2006-12-31T00:00,0.109,µg/m³,VOC,GC-MS
