﻿NAPS_Site_ID,Station_Name,Pollutant,Date,Value,Units,Report_Type,Method
50129,MONTRÉAL-RIVIÈRE-DES-PRAIRIES,Hexane,2003-01-03T00:00,0.301,µg/m³,VOC,
50129,MONTRÉAL-RIVIÈRE-DES-PRAIRIES,Hexane,2003-01-09T00:00,3.093,µg/m³,VOC,
50129,MONTRÉAL-RIVIÈRE-DES-PRAIRIES,Hexane,2003-01-15T00:00,0.607,µg/m³,VOC,
50129,MONTRÉAL-RIVIÈRE-DES-PRAIRIES,Hexane,2003-01-21T00:00,0.137,µg/m³,VOC,
50129,MONTRÉAL-RIVIÈRE-DES-PRAIRIES,Hexane,2003-01-27T00:00,0.177,µg/m³,VOC,
50129,MONTRÉAL-RIVIÈRE-DES-PRAIRIES,Hexane,2003-02-02T00:00,0.180,µg/m³,VOC,
50129,MONTRÉAL-RIVIÈRE-DES-PRAIRIES,Hexane,2003-02-08T00:00,0.218,µg/m³,VOC,
50129,MONTRÉAL-RIVIÈRE-DES-PRAIRIES,Hexane,2003-02-14T00:00,0.284,µg/m³,VOC,
50129,MONTRÉAL-RIVIÈRE-DES-PRAIRIES,Hexane,2003-02-20T00:00,0.134,µg/m³,VOC,
50129,MONTRÉAL-RIVIÈRE-DES-PRAIRIES,Hexane,2003-02-26T00:00,1.592,µg/m³,VOC,
50129,MONTRÉAL-RIVIÈRE-DES-PRAIRIES,Hexane,2003-03-04T00:00,0.925,µg/m³,VOC,
50129,MONTRÉAL-RIVIÈRE-DES-PRAIRIES,Hexane,2003-03-10T00:00,0.270,µg/m³,VOC,
50129,MONTRÉAL-RIVIÈRE-DES-PRAIRIES,Hexane,2003-03-16T00:00,5.075,µg/m³,VOC,
50129,MONTRÉAL-RIVIÈRE-DES-PRAIRIES,Hexane,2003-03-22T00:00,1.316,µg/m³,VOC,
50129,MONTRÉAL-RIVIÈRE-DES-PRAIRIES,Hexane,2003-04-03T00:00,0.543,µg/m³,VOC,
50129,MONTRÉAL-RIVIÈRE-DES-PRAIRIES,Hexane,2003-04-09T00:00,0.740,µg/m³,VOC,
50129,MONTRÉAL-RIVIÈRE-DES-PRAIRIES,Hexane,2003-04-15T00:00,1.005,µg/m³,VOC,
50129,MONTRÉAL-RIVIÈRE-DES-PRAIRIES,Hexane,2003-04-21T00:00,1.576,µg/m³,VOC,
50129,MONTRÉAL-RIVIÈRE-DES-PRAIRIES,Hexane,2003-04-27T00:00,0.206,µg/m³,VOC,
50129,MONTRÉAL-RIVIÈRE-DES-PRAIRIES,Hexane,2003-05-03T00:00,0.275,µg/m³,VOC,
50129,MONTRÉAL-RIVIÈRE-DES-PRAIRIES,Hexane,2003-05-09T00:00,0.499,µg/m³,VOC,
50129,MONTRÉAL-RIVIÈRE-DES-PRAIRIES,Hexane,2003-05-15T00:00,0.674,µg/m³,VOC,
50129,MONTRÉAL-RIVIÈRE-DES-PRAIRIES,Hexane,2003-05-21T00:00,1.398,µg/m³,VOC,
50129,MONTRÉAL-RIVIÈRE-DES-PRAIRIES,Hexane,2003-06-02T00:00,0.320,µg/m³,VOC,
50129,MONTRÉAL-RIVIÈRE-DES-PRAIRIES,Hexane,2003-06-20T00:00,0.113,µg/m³,VOC,
50129,MONTRÉAL-RIVIÈRE-DES-PRAIRIES,Hexane,2003-06-26T00:00,0.460,µg/m³,VOC,
50129,MONTRÉAL-RIVIÈRE-DES-PRAIRIES,Hexane,2003-07-08T00:00,0.219,µg/m³,VOC,
50129,MONTRÉAL-RIVIÈRE-DES-PRAIRIES,Hexane,2003-07-14T00:00,0.390,µg/m³,VOC,
50129,MONTRÉAL-RIVIÈRE-DES-PRAIRIES,Hexane,2003-07-20T00:00,0.289,µg/m³,VOC,
50129,MONTRÉAL-RIVIÈRE-DES-PRAIRIES,Hexane,2003-07-26T00:00,0.176,µg/m³,VOC,
50129,MONTRÉAL-RIVIÈRE-DES-PRAIRIES,Hexane,2003-08-01T00:00,1.469,µg/m³,VOC,
50129,MONTRÉAL-RIVIÈRE-DES-PRAIRIES,Hexane,2003-08-07T00:00,1.300,µg/m³,VOC,
50129,MONTRÉAL-RIVIÈRE-DES-PRAIRIES,Hexane,2003-08-13T00:00,0.575,µg/m³,VOC,
50129,MONTRÉAL-RIVIÈRE-DES-PRAIRIES,Hexane,2003-08-19T00:00,0.351,µg/m³,VOC,
50129,MONTRÉAL-RIVIÈRE-DES-PRAIRIES,Hexane,2003-08-25T00:00,0.974,µg/m³,VOC,
50129,MONTRÉAL-RIVIÈRE-DES-PRAIRIES,Hexane,2003-08-31T00:00,0.214,µg/m³,VOC,
50129,MONTRÉAL-RIVIÈRE-DES-PRAIRIES,Hexane,2003-09-06T00:00,0.252,µg/m³,VOC,
50129,MONTRÉAL-RIVIÈRE-DES-PRAIRIES,Hexane,2003-09-12T00:00,2.206,µg/m³,VOC,
50129,MONTRÉAL-RIVIÈRE-DES-PRAIRIES,Hexane,2003-09-18T00:00,2.431,µg/m³,VOC,
50129,MONTRÉAL-RIVIÈRE-DES-PRAIRIES,Hexane,2003-09-24T00:00,0.698,µg/m³,VOC,
50129,MONTRÉAL-RIVIÈRE-DES-PRAIRIES,Hexane,2003-09-30T00:00,0.151,µg/m³,VOC,
50129,MONTRÉAL-RIVIÈRE-DES-PRAIRIES,Hexane,2003-10-06T00:00,0.409,µg/m³,VOC,
50129,MONTRÉAL-RIVIÈRE-DES-PRAIRIES,Hexane,2003-10-12T00:00,1.173,µg/m³,VOC,
50129,MONTRÉAL-RIVIÈRE-DES-PRAIRIES,Hexane,2003-10-18T00:00,0.227,µg/m³,VOC,
50129,MONTRÉAL-RIVIÈRE-DES-PRAIRIES,Hexane,2003-10-24T00:00,0.477,µg/m³,VOC,
50129,MONTRÉAL-RIVIÈRE-DES-PRAIRIES,Hexane,2003-10-30T00:00,0.610,µg/m³,VOC,
50129,MONTRÉAL-RIVIÈRE-DES-PRAIRIES,Hexane,2003-11-05T00:00,1.133,µg/m³,VOC,
50129,MONTRÉAL-RIVIÈRE-DES-PRAIRIES,Hexane,2003-11-11T00:00,2.064,µg/m³,VOC,
50129,MONTRÉAL-RIVIÈRE-DES-PRAIRIES,Hexane,2003-11-17T00:00,1.510,µg/m³,VOC,
50129,MONTRÉAL-RIVIÈRE-DES-PRAIRIES,Hexane,2003-11-23T00:00,0.226,µg/m³,VOC,
50129,MONTRÉAL-RIVIÈRE-DES-PRAIRIES,Hexane,2003-11-29T00:00,0.179,µg/m³,VOC,
50129,MONTRÉAL-RIVIÈRE-DES-PRAIRIES,Hexane,2003-12-05T00:00,0.632,µg/m³,VOC,
50129,MONTRÉAL-RIVIÈRE-DES-PRAIRIES,Hexane,2003-12-11T00:00,0.608,µg/m³,VOC,
50129,MONTRÉAL-RIVIÈRE-DES-PRAIRIES,Hexane,2003-12-17T00:00,1.409,µg/m³,VOC,
50129,MONTRÉAL-RIVIÈRE-DES-PRAIRIES,Hexane,2003-12-23T00:00,0.790,µg/m³,VOC,
50129,MONTRÉAL-RIVIÈRE-DES-PRAIRIES,Hexane,2003-12-29T00:00,3.229,µg/m³,VOC,
