﻿NAPS_Site_ID,Station_Name,Pollutant,Date,Value,Units,Report_Type,Method
101701,QUESNEL SENIOR SECONDARY,2-Methylheptane,2009-01-01T00:00,0.090,µg/m³,VOC,
101701,QUESNEL SENIOR SECONDARY,2-Methylheptane,2009-01-07T00:00,0.151,µg/m³,VOC,
101701,QUESNEL SENIOR SECONDARY,2-Methylheptane,2009-01-10T00:00,0.159,µg/m³,VOC,
101701,QUESNEL SENIOR SECONDARY,2-Methylheptane,2009-01-13T00:00,0.134,µg/m³,VOC,
101701,QUESNEL SENIOR SECONDARY,2-Methylheptane,2009-01-16T00:00,0.050,µg/m³,VOC,
101701,QUESNEL SENIOR SECONDARY,2-Methylheptane,2009-01-22T00:00,0.027,µg/m³,VOC,
101701,QUESNEL SENIOR SECONDARY,2-Methylheptane,2009-01-28T00:00,0.297,µg/m³,VOC,
101701,QUESNEL SENIOR SECONDARY,2-Methylheptane,2009-02-03T00:00,0.065,µg/m³,VOC,
101701,QUESNEL SENIOR SECONDARY,2-Methylheptane,2009-02-06T00:00,0.166,µg/m³,VOC,
101701,QUESNEL SENIOR SECONDARY,2-Methylheptane,2009-02-09T00:00,0.102,µg/m³,VOC,
101701,QUESNEL SENIOR SECONDARY,2-Methylheptane,2009-02-12T00:00,0.091,µg/m³,VOC,
101701,QUESNEL SENIOR SECONDARY,2-Methylheptane,2009-02-24T00:00,0.036,µg/m³,VOC,
