﻿NAPS_Site_ID,Station_Name,Pollutant,Date,Value,Units,Report_Type,Method
60435,ETOBICOKE SOUTH-2,cis-2-Pentene,2016-12-31T19:00,0.012,µg/m³,VOC,GC-MS
60435,ETOBICOKE SOUTH-2,cis-2-Pentene,2017-01-06T19:00,0.009,µg/m³,VOC,GC-MS
60435,ETOBICOKE SOUTH-2,cis-2-Pentene,2017-01-12T19:00,0.009,µg/m³,VOC,GC-MS
60435,ETOBICOKE SOUTH-2,cis-2-Pentene,2017-01-30T19:00,0.022,µg/m³,VOC,GC-MS
60435,ETOBICOKE SOUTH-2,cis-2-Pentene,2017-02-05T19:00,0.020,µg/m³,VOC,GC-MS
60435,ETOBICOKE SOUTH-2,cis-2-Pentene,2017-02-11T19:00,0.015,µg/m³,VOC,GC-MS
60435,ETOBICOKE SOUTH-2,cis-2-Pentene,2017-02-17T19:00,0.045,µg/m³,VOC,GC-MS
60435,ETOBICOKE SOUTH-2,cis-2-Pentene,2017-03-01T19:00,0.007,µg/m³,VOC,GC-MS
60435,ETOBICOKE SOUTH-2,cis-2-Pentene,2017-03-07T19:00,0.007,µg/m³,VOC,GC-MS
60435,ETOBICOKE SOUTH-2,cis-2-Pentene,2017-03-13T20:00,0.011,µg/m³,VOC,GC-MS
60435,ETOBICOKE SOUTH-2,cis-2-Pentene,2017-03-19T20:00,0.024,µg/m³,VOC,GC-MS
60435,ETOBICOKE SOUTH-2,cis-2-Pentene,2017-03-25T20:00,0.007,µg/m³,VOC,GC-MS
60435,ETOBICOKE SOUTH-2,cis-2-Pentene,2017-03-31T20:00,0.005,µg/m³,VOC,GC-MS
60435,ETOBICOKE SOUTH-2,cis-2-Pentene,2017-04-06T20:00,0.007,µg/m³,VOC,GC-MS
60435,ETOBICOKE SOUTH-2,cis-2-Pentene,2017-04-12T20:00,0.036,µg/m³,VOC,GC-MS
60435,ETOBICOKE SOUTH-2,cis-2-Pentene,2017-04-18T20:00,0.016,µg/m³,VOC,GC-MS
60435,ETOBICOKE SOUTH-2,cis-2-Pentene,2017-04-24T20:00,0.014,µg/m³,VOC,GC-MS
60435,ETOBICOKE SOUTH-2,cis-2-Pentene,2017-04-30T20:00,0.023,µg/m³,VOC,GC-MS
60435,ETOBICOKE SOUTH-2,cis-2-Pentene,2017-05-06T20:00,0.008,µg/m³,VOC,GC-MS
