﻿NAPS_Site_ID,Station_Name,Pollutant,Date,Value,Units,Report_Type,Method
50129,MONTRÉAL-RIVIÈRE-DES-PRAIRIES,Chrysene,1998-12-07T00:00,0.001,µg/m³,PAH,N/A
50129,MONTRÉAL-RIVIÈRE-DES-PRAIRIES,Chrysene,1998-12-13T00:00,0.002,µg/m³,PAH,N/A
50129,MONTRÉAL-RIVIÈRE-DES-PRAIRIES,Chrysene,1998-12-19T00:00,0.002,µg/m³,PAH,N/A
50129,MONTRÉAL-RIVIÈRE-DES-PRAIRIES,Chrysene,1998-12-25T00:00,0.002,µg/m³,PAH,N/A
50129,MONTRÉAL-RIVIÈRE-DES-PRAIRIES,Chrysene,1998-12-31T00:00,0.002,µg/m³,PAH,N/A
