﻿NAPS_Site_ID,Station_Name,Pollutant,Date,Value,Units,Report_Type,Method
60302,KINGSTON,cis-2-Heptene,2003-07-20T00:00,0.018,µg/m³,VOC,GC-MS
60302,KINGSTON,cis-2-Heptene,2003-08-01T00:00,0.000,µg/m³,VOC,GC-MS
60302,KINGSTON,cis-2-Heptene,2003-08-07T00:00,0.021,µg/m³,VOC,GC-MS
60302,KINGSTON,cis-2-Heptene,2003-08-13T00:00,0.024,µg/m³,VOC,GC-MS
60302,KINGSTON,cis-2-Heptene,2003-08-31T00:00,0.030,µg/m³,VOC,GC-MS
60302,KINGSTON,cis-2-Heptene,2003-09-06T00:00,0.030,µg/m³,VOC,GC-MS
60302,KINGSTON,cis-2-Heptene,2003-09-12T00:00,0.000,µg/m³,VOC,GC-MS
60302,KINGSTON,cis-2-Heptene,2003-09-18T00:00,0.009,µg/m³,VOC,GC-MS
60302,KINGSTON,cis-2-Heptene,2003-09-30T00:00,0.027,µg/m³,VOC,GC-MS
60302,KINGSTON,cis-2-Heptene,2003-10-06T00:00,0.028,µg/m³,VOC,GC-MS
60302,KINGSTON,cis-2-Heptene,2003-10-12T00:00,0.000,µg/m³,VOC,GC-MS
60302,KINGSTON,cis-2-Heptene,2003-10-18T00:00,0.000,µg/m³,VOC,GC-MS
60302,KINGSTON,cis-2-Heptene,2003-10-24T00:00,0.000,µg/m³,VOC,GC-MS
60302,KINGSTON,cis-2-Heptene,2003-10-30T00:00,0.000,µg/m³,VOC,GC-MS
60302,KINGSTON,cis-2-Heptene,2003-11-05T00:00,0.009,µg/m³,VOC,GC-MS
60302,KINGSTON,cis-2-Heptene,2003-11-11T00:00,0.010,µg/m³,VOC,GC-MS
60302,KINGSTON,cis-2-Heptene,2003-11-17T00:00,0.005,µg/m³,VOC,GC-MS
60302,KINGSTON,cis-2-Heptene,2003-11-23T00:00,0.011,µg/m³,VOC,GC-MS
60302,KINGSTON,cis-2-Heptene,2003-11-29T00:00,0.000,µg/m³,VOC,GC-MS
60302,KINGSTON,cis-2-Heptene,2003-12-05T00:00,0.000,µg/m³,VOC,GC-MS
60302,KINGSTON,cis-2-Heptene,2003-12-11T00:00,0.000,µg/m³,VOC,GC-MS
60302,KINGSTON,cis-2-Heptene,2003-12-23T00:00,0.010,µg/m³,VOC,GC-MS
60302,KINGSTON,cis-2-Heptene,2003-12-29T00:00,0.016,µg/m³,VOC,GC-MS
