﻿NAPS_Site_ID,Station_Name,Pollutant,Date,Value,Units,Report_Type,Method
50121,BROSSARD-PARC OCÉANIE,2-Methylhexane,2013-01-04T00:00,0.251,µg/m³,VOC,N/A
50121,BROSSARD-PARC OCÉANIE,2-Methylhexane,2013-01-10T00:00,0.298,µg/m³,VOC,N/A
50121,BROSSARD-PARC OCÉANIE,2-Methylhexane,2013-01-16T00:00,0.161,µg/m³,VOC,N/A
50121,BROSSARD-PARC OCÉANIE,2-Methylhexane,2013-01-22T00:00,0.148,µg/m³,VOC,N/A
50121,BROSSARD-PARC OCÉANIE,2-Methylhexane,2013-01-28T00:00,0.151,µg/m³,VOC,N/A
50121,BROSSARD-PARC OCÉANIE,2-Methylhexane,2013-02-03T00:00,0.101,µg/m³,VOC,N/A
50121,BROSSARD-PARC OCÉANIE,2-Methylhexane,2013-02-09T00:00,0.143,µg/m³,VOC,N/A
50121,BROSSARD-PARC OCÉANIE,2-Methylhexane,2013-02-15T00:00,0.580,µg/m³,VOC,N/A
50121,BROSSARD-PARC OCÉANIE,2-Methylhexane,2013-02-21T00:00,0.112,µg/m³,VOC,N/A
50121,BROSSARD-PARC OCÉANIE,2-Methylhexane,2013-02-27T00:00,0.112,µg/m³,VOC,N/A
50121,BROSSARD-PARC OCÉANIE,2-Methylhexane,2013-03-05T00:00,0.251,µg/m³,VOC,N/A
50121,BROSSARD-PARC OCÉANIE,2-Methylhexane,2013-03-11T00:00,0.070,µg/m³,VOC,N/A
50121,BROSSARD-PARC OCÉANIE,2-Methylhexane,2013-03-17T00:00,0.050,µg/m³,VOC,N/A
50121,BROSSARD-PARC OCÉANIE,2-Methylhexane,2013-03-23T00:00,0.048,µg/m³,VOC,N/A
50121,BROSSARD-PARC OCÉANIE,2-Methylhexane,2013-03-29T00:00,0.142,µg/m³,VOC,N/A
50121,BROSSARD-PARC OCÉANIE,2-Methylhexane,2013-04-04T00:00,0.251,µg/m³,VOC,N/A
50121,BROSSARD-PARC OCÉANIE,2-Methylhexane,2013-04-10T00:00,0.182,µg/m³,VOC,N/A
50121,BROSSARD-PARC OCÉANIE,2-Methylhexane,2013-04-16T00:00,0.084,µg/m³,VOC,N/A
50121,BROSSARD-PARC OCÉANIE,2-Methylhexane,2013-04-22T00:00,0.092,µg/m³,VOC,N/A
50121,BROSSARD-PARC OCÉANIE,2-Methylhexane,2013-04-28T00:00,0.146,µg/m³,VOC,N/A
50121,BROSSARD-PARC OCÉANIE,2-Methylhexane,2013-05-04T00:00,0.444,µg/m³,VOC,N/A
50121,BROSSARD-PARC OCÉANIE,2-Methylhexane,2013-05-10T00:00,0.105,µg/m³,VOC,N/A
50121,BROSSARD-PARC OCÉANIE,2-Methylhexane,2013-05-16T00:00,0.147,µg/m³,VOC,N/A
50121,BROSSARD-PARC OCÉANIE,2-Methylhexane,2013-05-22T00:00,0.135,µg/m³,VOC,N/A
50121,BROSSARD-PARC OCÉANIE,2-Methylhexane,2013-05-28T00:00,0.103,µg/m³,VOC,N/A
50121,BROSSARD-PARC OCÉANIE,2-Methylhexane,2013-06-03T00:00,0.131,µg/m³,VOC,N/A
50121,BROSSARD-PARC OCÉANIE,2-Methylhexane,2013-06-09T00:00,0.079,µg/m³,VOC,N/A
50121,BROSSARD-PARC OCÉANIE,2-Methylhexane,2013-06-15T00:00,0.089,µg/m³,VOC,N/A
50121,BROSSARD-PARC OCÉANIE,2-Methylhexane,2013-06-21T00:00,0.253,µg/m³,VOC,N/A
50121,BROSSARD-PARC OCÉANIE,2-Methylhexane,2013-06-27T00:00,0.127,µg/m³,VOC,N/A
50121,BROSSARD-PARC OCÉANIE,2-Methylhexane,2013-07-03T00:00,0.273,µg/m³,VOC,N/A
50121,BROSSARD-PARC OCÉANIE,2-Methylhexane,2013-07-09T00:00,0.172,µg/m³,VOC,N/A
50121,BROSSARD-PARC OCÉANIE,2-Methylhexane,2013-07-15T00:00,0.207,µg/m³,VOC,N/A
50121,BROSSARD-PARC OCÉANIE,2-Methylhexane,2013-07-21T00:00,0.080,µg/m³,VOC,N/A
50121,BROSSARD-PARC OCÉANIE,2-Methylhexane,2013-07-27T00:00,0.095,µg/m³,VOC,N/A
50121,BROSSARD-PARC OCÉANIE,2-Methylhexane,2013-08-02T00:00,0.193,µg/m³,VOC,N/A
50121,BROSSARD-PARC OCÉANIE,2-Methylhexane,2013-08-08T00:00,0.177,µg/m³,VOC,N/A
50121,BROSSARD-PARC OCÉANIE,2-Methylhexane,2013-08-14T00:00,0.109,µg/m³,VOC,N/A
50121,BROSSARD-PARC OCÉANIE,2-Methylhexane,2013-08-20T00:00,0.281,µg/m³,VOC,N/A
50121,BROSSARD-PARC OCÉANIE,2-Methylhexane,2013-08-26T00:00,0.263,µg/m³,VOC,N/A
50121,BROSSARD-PARC OCÉANIE,2-Methylhexane,2013-09-01T00:00,0.136,µg/m³,VOC,N/A
50121,BROSSARD-PARC OCÉANIE,2-Methylhexane,2013-09-25T00:00,0.467,µg/m³,VOC,N/A
50121,BROSSARD-PARC OCÉANIE,2-Methylhexane,2013-10-01T00:00,0.320,µg/m³,VOC,N/A
50121,BROSSARD-PARC OCÉANIE,2-Methylhexane,2013-10-07T00:00,0.098,µg/m³,VOC,N/A
50121,BROSSARD-PARC OCÉANIE,2-Methylhexane,2013-10-13T00:00,0.073,µg/m³,VOC,N/A
50121,BROSSARD-PARC OCÉANIE,2-Methylhexane,2013-10-19T00:00,0.069,µg/m³,VOC,N/A
50121,BROSSARD-PARC OCÉANIE,2-Methylhexane,2013-10-25T00:00,0.117,µg/m³,VOC,N/A
50121,BROSSARD-PARC OCÉANIE,2-Methylhexane,2013-10-31T00:00,0.120,µg/m³,VOC,N/A
50121,BROSSARD-PARC OCÉANIE,2-Methylhexane,2013-11-06T00:00,0.082,µg/m³,VOC,N/A
50121,BROSSARD-PARC OCÉANIE,2-Methylhexane,2013-11-12T00:00,0.082,µg/m³,VOC,N/A
50121,BROSSARD-PARC OCÉANIE,2-Methylhexane,2013-11-18T00:00,0.264,µg/m³,VOC,N/A
50121,BROSSARD-PARC OCÉANIE,2-Methylhexane,2013-11-24T00:00,0.033,µg/m³,VOC,N/A
50121,BROSSARD-PARC OCÉANIE,2-Methylhexane,2013-11-30T00:00,0.126,µg/m³,VOC,N/A
50121,BROSSARD-PARC OCÉANIE,2-Methylhexane,2013-12-06T00:00,0.203,µg/m³,VOC,N/A
50121,BROSSARD-PARC OCÉANIE,2-Methylhexane,2013-12-12T00:00,0.138,µg/m³,VOC,N/A
50121,BROSSARD-PARC OCÉANIE,2-Methylhexane,2013-12-18T00:00,0.472,µg/m³,VOC,N/A
50121,BROSSARD-PARC OCÉANIE,2-Methylhexane,2013-12-24T00:00,0.099,µg/m³,VOC,N/A
50121,BROSSARD-PARC OCÉANIE,2-Methylhexane,2013-12-30T00:00,0.140,µg/m³,VOC,N/A
