﻿NAPS_Site_ID,Station_Name,Pollutant,Date,Value,Units,Report_Type,Method
100132,MAHON PARK,"1,1,2-Trichloroethane",1996-01-28T00:00,0.000,µg/m³,VOC,GC-MS
100132,MAHON PARK,"1,1,2-Trichloroethane",1996-03-04T00:00,0.000,µg/m³,VOC,GC-MS
100132,MAHON PARK,"1,1,2-Trichloroethane",1996-04-09T00:00,0.000,µg/m³,VOC,GC-MS
100132,MAHON PARK,"1,1,2-Trichloroethane",1996-05-15T00:00,0.000,µg/m³,VOC,GC-MS
100132,MAHON PARK,"1,1,2-Trichloroethane",1996-06-20T00:00,0.000,µg/m³,VOC,GC-MS
100132,MAHON PARK,"1,1,2-Trichloroethane",1996-08-01T00:00,0.000,µg/m³,VOC,GC-MS
100132,MAHON PARK,"1,1,2-Trichloroethane",1996-09-12T00:00,0.052,µg/m³,VOC,GC-MS
100132,MAHON PARK,"1,1,2-Trichloroethane",1996-10-18T00:00,0.000,µg/m³,VOC,GC-MS
100132,MAHON PARK,"1,1,2-Trichloroethane",1996-11-23T00:00,0.000,µg/m³,VOC,GC-MS
