﻿NAPS_Site_ID,Station_Name,Pollutant,Date,Value,Units,Report_Type,Method
30501,KEJIMKUJIK NATIONAL PARK,Freon 114,2001-01-01T00:00,0.131,µg/m³,VOC,
30501,KEJIMKUJIK NATIONAL PARK,Freon 114,2001-01-04T00:00,0.151,µg/m³,VOC,
30501,KEJIMKUJIK NATIONAL PARK,Freon 114,2001-01-07T00:00,0.142,µg/m³,VOC,
30501,KEJIMKUJIK NATIONAL PARK,Freon 114,2001-01-10T00:00,0.140,µg/m³,VOC,
30501,KEJIMKUJIK NATIONAL PARK,Freon 114,2001-01-13T00:00,0.136,µg/m³,VOC,
30501,KEJIMKUJIK NATIONAL PARK,Freon 114,2001-01-16T00:00,0.132,µg/m³,VOC,
30501,KEJIMKUJIK NATIONAL PARK,Freon 114,2001-01-19T00:00,0.124,µg/m³,VOC,
30501,KEJIMKUJIK NATIONAL PARK,Freon 114,2001-01-22T00:00,0.127,µg/m³,VOC,
30501,KEJIMKUJIK NATIONAL PARK,Freon 114,2001-01-26T00:00,0.126,µg/m³,VOC,
30501,KEJIMKUJIK NATIONAL PARK,Freon 114,2001-01-28T00:00,0.130,µg/m³,VOC,
30501,KEJIMKUJIK NATIONAL PARK,Freon 114,2001-01-31T00:00,0.128,µg/m³,VOC,
30501,KEJIMKUJIK NATIONAL PARK,Freon 114,2001-02-03T00:00,0.130,µg/m³,VOC,
30501,KEJIMKUJIK NATIONAL PARK,Freon 114,2001-03-08T00:00,0.114,µg/m³,VOC,
30501,KEJIMKUJIK NATIONAL PARK,Freon 114,2001-03-11T00:00,0.115,µg/m³,VOC,
30501,KEJIMKUJIK NATIONAL PARK,Freon 114,2001-03-14T00:00,0.117,µg/m³,VOC,
30501,KEJIMKUJIK NATIONAL PARK,Freon 114,2001-03-17T00:00,0.112,µg/m³,VOC,
30501,KEJIMKUJIK NATIONAL PARK,Freon 114,2001-03-20T00:00,0.103,µg/m³,VOC,
30501,KEJIMKUJIK NATIONAL PARK,Freon 114,2001-03-23T00:00,0.102,µg/m³,VOC,
30501,KEJIMKUJIK NATIONAL PARK,Freon 114,2001-03-26T00:00,0.101,µg/m³,VOC,
30501,KEJIMKUJIK NATIONAL PARK,Freon 114,2001-03-29T00:00,0.104,µg/m³,VOC,
30501,KEJIMKUJIK NATIONAL PARK,Freon 114,2001-04-01T00:00,0.101,µg/m³,VOC,
30501,KEJIMKUJIK NATIONAL PARK,Freon 114,2001-04-04T00:00,0.102,µg/m³,VOC,
30501,KEJIMKUJIK NATIONAL PARK,Freon 114,2001-04-07T00:00,0.101,µg/m³,VOC,
30501,KEJIMKUJIK NATIONAL PARK,Freon 114,2001-04-10T00:00,0.104,µg/m³,VOC,
30501,KEJIMKUJIK NATIONAL PARK,Freon 114,2001-04-13T00:00,0.103,µg/m³,VOC,
30501,KEJIMKUJIK NATIONAL PARK,Freon 114,2001-04-16T00:00,0.103,µg/m³,VOC,
30501,KEJIMKUJIK NATIONAL PARK,Freon 114,2001-04-19T00:00,0.107,µg/m³,VOC,
30501,KEJIMKUJIK NATIONAL PARK,Freon 114,2001-04-22T00:00,0.238,µg/m³,VOC,
30501,KEJIMKUJIK NATIONAL PARK,Freon 114,2001-04-25T00:00,0.097,µg/m³,VOC,
30501,KEJIMKUJIK NATIONAL PARK,Freon 114,2001-04-28T00:00,0.099,µg/m³,VOC,
30501,KEJIMKUJIK NATIONAL PARK,Freon 114,2001-05-01T00:00,0.101,µg/m³,VOC,
30501,KEJIMKUJIK NATIONAL PARK,Freon 114,2001-05-04T00:00,0.104,µg/m³,VOC,
30501,KEJIMKUJIK NATIONAL PARK,Freon 114,2001-05-07T00:00,0.099,µg/m³,VOC,
30501,KEJIMKUJIK NATIONAL PARK,Freon 114,2001-05-10T00:00,0.102,µg/m³,VOC,
30501,KEJIMKUJIK NATIONAL PARK,Freon 114,2001-05-13T00:00,0.107,µg/m³,VOC,
30501,KEJIMKUJIK NATIONAL PARK,Freon 114,2001-05-16T00:00,0.102,µg/m³,VOC,
30501,KEJIMKUJIK NATIONAL PARK,Freon 114,2001-05-19T00:00,0.102,µg/m³,VOC,
30501,KEJIMKUJIK NATIONAL PARK,Freon 114,2001-05-22T00:00,0.104,µg/m³,VOC,
30501,KEJIMKUJIK NATIONAL PARK,Freon 114,2001-05-25T00:00,0.101,µg/m³,VOC,
30501,KEJIMKUJIK NATIONAL PARK,Freon 114,2001-05-28T00:00,0.099,µg/m³,VOC,
30501,KEJIMKUJIK NATIONAL PARK,Freon 114,2001-05-31T00:00,0.103,µg/m³,VOC,
30501,KEJIMKUJIK NATIONAL PARK,Freon 114,2001-06-03T00:00,0.102,µg/m³,VOC,
30501,KEJIMKUJIK NATIONAL PARK,Freon 114,2001-06-06T00:00,0.120,µg/m³,VOC,
30501,KEJIMKUJIK NATIONAL PARK,Freon 114,2001-06-09T00:00,0.110,µg/m³,VOC,
30501,KEJIMKUJIK NATIONAL PARK,Freon 114,2001-06-12T00:00,0.110,µg/m³,VOC,
30501,KEJIMKUJIK NATIONAL PARK,Freon 114,2001-06-15T00:00,0.103,µg/m³,VOC,
30501,KEJIMKUJIK NATIONAL PARK,Freon 114,2001-06-18T00:00,0.106,µg/m³,VOC,
30501,KEJIMKUJIK NATIONAL PARK,Freon 114,2001-06-21T00:00,0.112,µg/m³,VOC,
30501,KEJIMKUJIK NATIONAL PARK,Freon 114,2001-06-24T00:00,0.106,µg/m³,VOC,
30501,KEJIMKUJIK NATIONAL PARK,Freon 114,2001-06-27T00:00,0.099,µg/m³,VOC,
30501,KEJIMKUJIK NATIONAL PARK,Freon 114,2001-06-30T00:00,0.101,µg/m³,VOC,
30501,KEJIMKUJIK NATIONAL PARK,Freon 114,2001-07-03T00:00,0.103,µg/m³,VOC,
30501,KEJIMKUJIK NATIONAL PARK,Freon 114,2001-07-06T00:00,0.117,µg/m³,VOC,
30501,KEJIMKUJIK NATIONAL PARK,Freon 114,2001-07-09T00:00,0.113,µg/m³,VOC,
30501,KEJIMKUJIK NATIONAL PARK,Freon 114,2001-07-12T00:00,0.116,µg/m³,VOC,
30501,KEJIMKUJIK NATIONAL PARK,Freon 114,2001-07-16T00:00,0.113,µg/m³,VOC,
30501,KEJIMKUJIK NATIONAL PARK,Freon 114,2001-07-18T00:00,0.124,µg/m³,VOC,
30501,KEJIMKUJIK NATIONAL PARK,Freon 114,2001-07-21T00:00,0.113,µg/m³,VOC,
30501,KEJIMKUJIK NATIONAL PARK,Freon 114,2001-07-24T00:00,0.111,µg/m³,VOC,
30501,KEJIMKUJIK NATIONAL PARK,Freon 114,2001-07-27T00:00,0.119,µg/m³,VOC,
30501,KEJIMKUJIK NATIONAL PARK,Freon 114,2001-07-30T00:00,0.110,µg/m³,VOC,
30501,KEJIMKUJIK NATIONAL PARK,Freon 114,2001-08-02T00:00,0.114,µg/m³,VOC,
30501,KEJIMKUJIK NATIONAL PARK,Freon 114,2001-08-05T00:00,0.117,µg/m³,VOC,
30501,KEJIMKUJIK NATIONAL PARK,Freon 114,2001-08-08T00:00,0.111,µg/m³,VOC,
30501,KEJIMKUJIK NATIONAL PARK,Freon 114,2001-08-11T00:00,0.123,µg/m³,VOC,
30501,KEJIMKUJIK NATIONAL PARK,Freon 114,2001-08-14T00:00,0.120,µg/m³,VOC,
30501,KEJIMKUJIK NATIONAL PARK,Freon 114,2001-08-17T00:00,0.110,µg/m³,VOC,
30501,KEJIMKUJIK NATIONAL PARK,Freon 114,2001-08-20T00:00,0.112,µg/m³,VOC,
30501,KEJIMKUJIK NATIONAL PARK,Freon 114,2001-08-23T00:00,0.110,µg/m³,VOC,
30501,KEJIMKUJIK NATIONAL PARK,Freon 114,2001-08-27T00:00,0.118,µg/m³,VOC,
30501,KEJIMKUJIK NATIONAL PARK,Freon 114,2001-08-29T00:00,0.124,µg/m³,VOC,
30501,KEJIMKUJIK NATIONAL PARK,Freon 114,2001-09-01T00:00,0.121,µg/m³,VOC,
30501,KEJIMKUJIK NATIONAL PARK,Freon 114,2001-09-04T00:00,0.110,µg/m³,VOC,
30501,KEJIMKUJIK NATIONAL PARK,Freon 114,2001-09-07T00:00,0.110,µg/m³,VOC,
30501,KEJIMKUJIK NATIONAL PARK,Freon 114,2001-09-10T00:00,0.106,µg/m³,VOC,
30501,KEJIMKUJIK NATIONAL PARK,Freon 114,2001-09-13T00:00,0.109,µg/m³,VOC,
30501,KEJIMKUJIK NATIONAL PARK,Freon 114,2001-09-16T00:00,0.113,µg/m³,VOC,
30501,KEJIMKUJIK NATIONAL PARK,Freon 114,2001-09-25T00:00,0.106,µg/m³,VOC,
30501,KEJIMKUJIK NATIONAL PARK,Freon 114,2001-09-28T00:00,0.108,µg/m³,VOC,
30501,KEJIMKUJIK NATIONAL PARK,Freon 114,2001-10-04T00:00,0.112,µg/m³,VOC,
30501,KEJIMKUJIK NATIONAL PARK,Freon 114,2001-10-07T00:00,0.106,µg/m³,VOC,
30501,KEJIMKUJIK NATIONAL PARK,Freon 114,2001-10-10T00:00,0.104,µg/m³,VOC,
30501,KEJIMKUJIK NATIONAL PARK,Freon 114,2001-10-13T00:00,0.105,µg/m³,VOC,
30501,KEJIMKUJIK NATIONAL PARK,Freon 114,2001-10-16T00:00,0.105,µg/m³,VOC,
30501,KEJIMKUJIK NATIONAL PARK,Freon 114,2001-10-19T00:00,0.118,µg/m³,VOC,
30501,KEJIMKUJIK NATIONAL PARK,Freon 114,2001-10-22T00:00,0.109,µg/m³,VOC,
30501,KEJIMKUJIK NATIONAL PARK,Freon 114,2001-10-25T00:00,0.106,µg/m³,VOC,
30501,KEJIMKUJIK NATIONAL PARK,Freon 114,2001-10-28T00:00,0.105,µg/m³,VOC,
30501,KEJIMKUJIK NATIONAL PARK,Freon 114,2001-10-31T00:00,0.104,µg/m³,VOC,
30501,KEJIMKUJIK NATIONAL PARK,Freon 114,2001-11-03T00:00,0.102,µg/m³,VOC,
30501,KEJIMKUJIK NATIONAL PARK,Freon 114,2001-11-09T00:00,0.118,µg/m³,VOC,
30501,KEJIMKUJIK NATIONAL PARK,Freon 114,2001-11-12T00:00,0.111,µg/m³,VOC,
30501,KEJIMKUJIK NATIONAL PARK,Freon 114,2001-11-15T00:00,0.113,µg/m³,VOC,
30501,KEJIMKUJIK NATIONAL PARK,Freon 114,2001-11-18T00:00,0.113,µg/m³,VOC,
30501,KEJIMKUJIK NATIONAL PARK,Freon 114,2001-11-21T00:00,0.112,µg/m³,VOC,
30501,KEJIMKUJIK NATIONAL PARK,Freon 114,2001-11-24T00:00,0.111,µg/m³,VOC,
30501,KEJIMKUJIK NATIONAL PARK,Freon 114,2001-11-27T00:00,0.112,µg/m³,VOC,
30501,KEJIMKUJIK NATIONAL PARK,Freon 114,2001-11-30T00:00,0.109,µg/m³,VOC,
30501,KEJIMKUJIK NATIONAL PARK,Freon 114,2001-12-03T00:00,0.113,µg/m³,VOC,
30501,KEJIMKUJIK NATIONAL PARK,Freon 114,2001-12-06T00:00,0.113,µg/m³,VOC,
30501,KEJIMKUJIK NATIONAL PARK,Freon 114,2001-12-09T00:00,0.118,µg/m³,VOC,
30501,KEJIMKUJIK NATIONAL PARK,Freon 114,2001-12-12T00:00,0.118,µg/m³,VOC,
30501,KEJIMKUJIK NATIONAL PARK,Freon 114,2001-12-15T00:00,0.116,µg/m³,VOC,
30501,KEJIMKUJIK NATIONAL PARK,Freon 114,2001-12-18T00:00,0.111,µg/m³,VOC,
30501,KEJIMKUJIK NATIONAL PARK,Freon 114,2001-12-21T00:00,0.108,µg/m³,VOC,
30501,KEJIMKUJIK NATIONAL PARK,Freon 114,2001-12-24T00:00,0.110,µg/m³,VOC,
30501,KEJIMKUJIK NATIONAL PARK,Freon 114,2001-12-27T00:00,0.109,µg/m³,VOC,
30501,KEJIMKUJIK NATIONAL PARK,Freon 114,2001-12-30T00:00,0.111,µg/m³,VOC,
