﻿NAPS_Site_ID,Station_Name,Pollutant,Date,Value,Units,Report_Type,Method
90132,EDMONTON MCINTYRE,OC4(A),2016-01-01T00:00,1.088,µg/m³,PM2.5,TOR
90132,EDMONTON MCINTYRE,OC4(A),2016-01-04T00:00,0.863,µg/m³,PM2.5,TOR
90132,EDMONTON MCINTYRE,OC4(A),2016-01-07T00:00,0.319,µg/m³,PM2.5,TOR
90132,EDMONTON MCINTYRE,OC4(A),2016-01-10T00:00,0.341,µg/m³,PM2.5,TOR
90132,EDMONTON MCINTYRE,OC4(A),2016-01-13T00:00,0.636,µg/m³,PM2.5,TOR
90132,EDMONTON MCINTYRE,OC4(A),2016-01-16T00:00,0.154,µg/m³,PM2.5,TOR
90132,EDMONTON MCINTYRE,OC4(A),2016-01-22T00:00,0.750,µg/m³,PM2.5,TOR
90132,EDMONTON MCINTYRE,OC4(A),2016-01-25T00:00,0.730,µg/m³,PM2.5,TOR
90132,EDMONTON MCINTYRE,OC4(A),2016-01-28T00:00,0.222,µg/m³,PM2.5,TOR
90132,EDMONTON MCINTYRE,OC4(A),2016-01-31T00:00,0.402,µg/m³,PM2.5,TOR
90132,EDMONTON MCINTYRE,OC4(A),2016-02-03T00:00,0.586,µg/m³,PM2.5,TOR
90132,EDMONTON MCINTYRE,OC4(A),2016-02-06T00:00,0.092,µg/m³,PM2.5,TOR
90132,EDMONTON MCINTYRE,OC4(A),2016-02-09T00:00,0.454,µg/m³,PM2.5,TOR
90132,EDMONTON MCINTYRE,OC4(A),2016-02-12T00:00,0.085,µg/m³,PM2.5,TOR
90132,EDMONTON MCINTYRE,OC4(A),2016-02-15T00:00,0.110,µg/m³,PM2.5,TOR
90132,EDMONTON MCINTYRE,OC4(A),2016-02-18T00:00,0.096,µg/m³,PM2.5,TOR
90132,EDMONTON MCINTYRE,OC4(A),2016-02-21T00:00,0.253,µg/m³,PM2.5,TOR
90132,EDMONTON MCINTYRE,OC4(A),2016-02-24T00:00,0.223,µg/m³,PM2.5,TOR
90132,EDMONTON MCINTYRE,OC4(A),2016-02-27T00:00,0.361,µg/m³,PM2.5,TOR
90132,EDMONTON MCINTYRE,OC4(A),2016-03-01T00:00,0.413,µg/m³,PM2.5,TOR
90132,EDMONTON MCINTYRE,OC4(A),2016-03-04T00:00,0.111,µg/m³,PM2.5,TOR
90132,EDMONTON MCINTYRE,OC4(A),2016-03-10T00:00,0.036,µg/m³,PM2.5,TOR
90132,EDMONTON MCINTYRE,OC4(A),2016-03-13T00:00,0.165,µg/m³,PM2.5,TOR
90132,EDMONTON MCINTYRE,OC4(A),2016-03-16T00:00,0.242,µg/m³,PM2.5,TOR
90132,EDMONTON MCINTYRE,OC4(A),2016-03-19T00:00,0.156,µg/m³,PM2.5,TOR
90132,EDMONTON MCINTYRE,OC4(A),2016-03-22T00:00,0.081,µg/m³,PM2.5,TOR
90132,EDMONTON MCINTYRE,OC4(A),2016-04-06T00:00,0.110,µg/m³,PM2.5,TOR
90132,EDMONTON MCINTYRE,OC4(A),2016-04-15T00:00,0.111,µg/m³,PM2.5,TOR
90132,EDMONTON MCINTYRE,OC4(A),2016-04-18T00:00,0.144,µg/m³,PM2.5,TOR
90132,EDMONTON MCINTYRE,OC4(A),2016-04-30T00:00,0.308,µg/m³,PM2.5,TOR
90132,EDMONTON MCINTYRE,OC4(A),2016-05-12T00:00,1.476,µg/m³,PM2.5,TOR
90132,EDMONTON MCINTYRE,OC4(A),2016-05-15T00:00,0.676,µg/m³,PM2.5,TOR
90132,EDMONTON MCINTYRE,OC4(A),2016-05-18T00:00,0.517,µg/m³,PM2.5,TOR
90132,EDMONTON MCINTYRE,OC4(A),2016-05-24T00:00,0.164,µg/m³,PM2.5,TOR
90132,EDMONTON MCINTYRE,OC4(A),2016-05-27T00:00,0.409,µg/m³,PM2.5,TOR
90132,EDMONTON MCINTYRE,OC4(A),2016-05-30T00:00,0.135,µg/m³,PM2.5,TOR
90132,EDMONTON MCINTYRE,OC4(A),2016-06-14T00:00,0.201,µg/m³,PM2.5,TOR
90132,EDMONTON MCINTYRE,OC4(A),2016-06-17T00:00,0.138,µg/m³,PM2.5,TOR
90132,EDMONTON MCINTYRE,OC4(A),2016-07-08T00:00,0.446,µg/m³,PM2.5,TOR
90132,EDMONTON MCINTYRE,OC4(A),2016-07-11T00:00,0.371,µg/m³,PM2.5,TOR
90132,EDMONTON MCINTYRE,OC4(A),2016-07-14T00:00,0.424,µg/m³,PM2.5,TOR
90132,EDMONTON MCINTYRE,OC4(A),2016-07-17T00:00,0.754,µg/m³,PM2.5,TOR
90132,EDMONTON MCINTYRE,OC4(A),2016-07-20T00:00,0.370,µg/m³,PM2.5,TOR
90132,EDMONTON MCINTYRE,OC4(A),2016-07-23T00:00,0.300,µg/m³,PM2.5,TOR
90132,EDMONTON MCINTYRE,OC4(A),2016-07-26T00:00,0.320,µg/m³,PM2.5,TOR
90132,EDMONTON MCINTYRE,OC4(A),2016-07-29T00:00,0.332,µg/m³,PM2.5,TOR
90132,EDMONTON MCINTYRE,OC4(A),2016-08-01T00:00,0.265,µg/m³,PM2.5,TOR
90132,EDMONTON MCINTYRE,OC4(A),2016-08-04T00:00,0.473,µg/m³,PM2.5,TOR
90132,EDMONTON MCINTYRE,OC4(A),2016-08-07T00:00,0.190,µg/m³,PM2.5,TOR
90132,EDMONTON MCINTYRE,OC4(A),2016-08-10T00:00,0.326,µg/m³,PM2.5,TOR
90132,EDMONTON MCINTYRE,OC4(A),2016-08-16T00:00,0.411,µg/m³,PM2.5,TOR
90132,EDMONTON MCINTYRE,OC4(A),2016-08-19T00:00,0.244,µg/m³,PM2.5,TOR
90132,EDMONTON MCINTYRE,OC4(A),2016-08-22T00:00,0.155,µg/m³,PM2.5,TOR
90132,EDMONTON MCINTYRE,OC4(A),2016-08-25T00:00,0.371,µg/m³,PM2.5,TOR
90132,EDMONTON MCINTYRE,OC4(A),2016-08-28T00:00,0.167,µg/m³,PM2.5,TOR
90132,EDMONTON MCINTYRE,OC4(A),2016-08-31T00:00,0.285,µg/m³,PM2.5,TOR
90132,EDMONTON MCINTYRE,OC4(A),2016-09-03T00:00,0.056,µg/m³,PM2.5,TOR
90132,EDMONTON MCINTYRE,OC4(A),2016-09-06T00:00,0.267,µg/m³,PM2.5,TOR
90132,EDMONTON MCINTYRE,OC4(A),2016-09-09T00:00,0.185,µg/m³,PM2.5,TOR
90132,EDMONTON MCINTYRE,OC4(A),2016-09-12T00:00,0.163,µg/m³,PM2.5,TOR
90132,EDMONTON MCINTYRE,OC4(A),2016-09-15T00:00,0.437,µg/m³,PM2.5,TOR
90132,EDMONTON MCINTYRE,OC4(A),2016-09-18T00:00,0.154,µg/m³,PM2.5,TOR
90132,EDMONTON MCINTYRE,OC4(A),2016-09-24T00:00,0.331,µg/m³,PM2.5,TOR
90132,EDMONTON MCINTYRE,OC4(A),2016-09-27T00:00,0.293,µg/m³,PM2.5,TOR
90132,EDMONTON MCINTYRE,OC4(A),2016-09-30T00:00,0.346,µg/m³,PM2.5,TOR
90132,EDMONTON MCINTYRE,OC4(A),2016-10-03T00:00,0.420,µg/m³,PM2.5,TOR
90132,EDMONTON MCINTYRE,OC4(A),2016-10-06T00:00,0.193,µg/m³,PM2.5,TOR
90132,EDMONTON MCINTYRE,OC4(A),2016-10-12T00:00,0.306,µg/m³,PM2.5,TOR
90132,EDMONTON MCINTYRE,OC4(A),2016-10-15T00:00,0.094,µg/m³,PM2.5,TOR
90132,EDMONTON MCINTYRE,OC4(A),2016-10-18T00:00,0.214,µg/m³,PM2.5,TOR
90132,EDMONTON MCINTYRE,OC4(A),2016-10-21T00:00,0.280,µg/m³,PM2.5,TOR
90132,EDMONTON MCINTYRE,OC4(A),2016-10-24T00:00,0.109,µg/m³,PM2.5,TOR
90132,EDMONTON MCINTYRE,OC4(A),2016-10-27T00:00,0.162,µg/m³,PM2.5,TOR
90132,EDMONTON MCINTYRE,OC4(A),2016-10-30T00:00,0.174,µg/m³,PM2.5,TOR
90132,EDMONTON MCINTYRE,OC4(A),2016-11-05T00:00,0.382,µg/m³,PM2.5,TOR
90132,EDMONTON MCINTYRE,OC4(A),2016-11-08T00:00,0.201,µg/m³,PM2.5,TOR
90132,EDMONTON MCINTYRE,OC4(A),2016-11-11T00:00,0.476,µg/m³,PM2.5,TOR
90132,EDMONTON MCINTYRE,OC4(A),2016-11-14T00:00,0.175,µg/m³,PM2.5,TOR
90132,EDMONTON MCINTYRE,OC4(A),2016-11-17T00:00,0.193,µg/m³,PM2.5,TOR
90132,EDMONTON MCINTYRE,OC4(A),2016-11-20T00:00,0.148,µg/m³,PM2.5,TOR
90132,EDMONTON MCINTYRE,OC4(A),2016-11-23T00:00,0.067,µg/m³,PM2.5,TOR
90132,EDMONTON MCINTYRE,OC4(A),2016-11-26T00:00,0.258,µg/m³,PM2.5,TOR
90132,EDMONTON MCINTYRE,OC4(A),2016-11-29T00:00,0.283,µg/m³,PM2.5,TOR
90132,EDMONTON MCINTYRE,OC4(A),2016-12-02T00:00,0.470,µg/m³,PM2.5,TOR
90132,EDMONTON MCINTYRE,OC4(A),2016-12-05T00:00,0.167,µg/m³,PM2.5,TOR
90132,EDMONTON MCINTYRE,OC4(A),2016-12-08T00:00,0.676,µg/m³,PM2.5,TOR
90132,EDMONTON MCINTYRE,OC4(A),2016-12-11T00:00,0.556,µg/m³,PM2.5,TOR
90132,EDMONTON MCINTYRE,OC4(A),2016-12-14T00:00,0.876,µg/m³,PM2.5,TOR
90132,EDMONTON MCINTYRE,OC4(A),2016-12-17T00:00,0.681,µg/m³,PM2.5,TOR
90132,EDMONTON MCINTYRE,OC4(A),2016-12-23T00:00,0.176,µg/m³,PM2.5,TOR
90132,EDMONTON MCINTYRE,OC4(A),2016-12-26T00:00,0.330,µg/m³,PM2.5,TOR
90132,EDMONTON MCINTYRE,OC4(A),2016-12-29T00:00,0.147,µg/m³,PM2.5,TOR
