﻿NAPS_Site_ID,Station_Name,Pollutant,Date,Value,Units,Report_Type,Method
90227,CALGARY CENTRAL,PM2.5-10,1994-01-02T00:00,10.746,µg/m³,DICHOT,Microbalance
90227,CALGARY CENTRAL,PM2.5-10,1994-01-08T00:00,12.463,µg/m³,DICHOT,Microbalance
90227,CALGARY CENTRAL,PM2.5-10,1994-01-14T00:00,4.739,µg/m³,DICHOT,Microbalance
90227,CALGARY CENTRAL,PM2.5-10,1994-01-20T00:00,10.453,µg/m³,DICHOT,Microbalance
90227,CALGARY CENTRAL,PM2.5-10,1994-01-26T00:00,3.398,µg/m³,DICHOT,Microbalance
90227,CALGARY CENTRAL,PM2.5-10,1994-02-01T00:00,16.355,µg/m³,DICHOT,Microbalance
90227,CALGARY CENTRAL,PM2.5-10,1994-02-07T00:00,8.979,µg/m³,DICHOT,Microbalance
90227,CALGARY CENTRAL,PM2.5-10,1994-02-13T00:00,13.791,µg/m³,DICHOT,Microbalance
90227,CALGARY CENTRAL,PM2.5-10,1994-02-19T00:00,10.336,µg/m³,DICHOT,Microbalance
90227,CALGARY CENTRAL,PM2.5-10,1994-02-25T00:00,10.259,µg/m³,DICHOT,Microbalance
90227,CALGARY CENTRAL,PM2.5-10,1994-03-03T00:00,44.054,µg/m³,DICHOT,Microbalance
90227,CALGARY CENTRAL,PM2.5-10,1994-03-09T00:00,45.200,µg/m³,DICHOT,Microbalance
90227,CALGARY CENTRAL,PM2.5-10,1994-03-15T00:00,33.562,µg/m³,DICHOT,Microbalance
90227,CALGARY CENTRAL,PM2.5-10,1994-03-21T00:00,18.113,µg/m³,DICHOT,Microbalance
90227,CALGARY CENTRAL,PM2.5-10,1994-03-27T00:00,14.671,µg/m³,DICHOT,Microbalance
90227,CALGARY CENTRAL,PM2.5-10,1994-04-02T00:00,12.317,µg/m³,DICHOT,Microbalance
90227,CALGARY CENTRAL,PM2.5-10,1994-04-08T00:00,11.449,µg/m³,DICHOT,Microbalance
90227,CALGARY CENTRAL,PM2.5-10,1994-04-14T00:00,6.274,µg/m³,DICHOT,Microbalance
90227,CALGARY CENTRAL,PM2.5-10,1994-04-20T00:00,25.898,µg/m³,DICHOT,Microbalance
90227,CALGARY CENTRAL,PM2.5-10,1994-04-26T00:00,13.808,µg/m³,DICHOT,Microbalance
90227,CALGARY CENTRAL,PM2.5-10,1994-05-02T00:00,12.676,µg/m³,DICHOT,Microbalance
90227,CALGARY CENTRAL,PM2.5-10,1994-05-08T00:00,21.959,µg/m³,DICHOT,Microbalance
90227,CALGARY CENTRAL,PM2.5-10,1994-05-14T00:00,6.143,µg/m³,DICHOT,Microbalance
90227,CALGARY CENTRAL,PM2.5-10,1994-05-20T00:00,2.262,µg/m³,DICHOT,Microbalance
90227,CALGARY CENTRAL,PM2.5-10,1994-05-26T00:00,16.413,µg/m³,DICHOT,Microbalance
90227,CALGARY CENTRAL,PM2.5-10,1994-06-01T00:00,25.006,µg/m³,DICHOT,Microbalance
90227,CALGARY CENTRAL,PM2.5-10,1994-06-07T00:00,6.720,µg/m³,DICHOT,Microbalance
90227,CALGARY CENTRAL,PM2.5-10,1994-06-13T00:00,13.717,µg/m³,DICHOT,Microbalance
90227,CALGARY CENTRAL,PM2.5-10,1994-06-19T00:00,4.168,µg/m³,DICHOT,Microbalance
90227,CALGARY CENTRAL,PM2.5-10,1994-06-25T00:00,12.569,µg/m³,DICHOT,Microbalance
90227,CALGARY CENTRAL,PM2.5-10,1994-07-01T00:00,10.443,µg/m³,DICHOT,Microbalance
90227,CALGARY CENTRAL,PM2.5-10,1994-07-07T00:00,13.772,µg/m³,DICHOT,Microbalance
90227,CALGARY CENTRAL,PM2.5-10,1994-07-13T00:00,13.048,µg/m³,DICHOT,Microbalance
90227,CALGARY CENTRAL,PM2.5-10,1994-07-19T00:00,8.941,µg/m³,DICHOT,Microbalance
90227,CALGARY CENTRAL,PM2.5-10,1994-07-25T00:00,16.039,µg/m³,DICHOT,Microbalance
90227,CALGARY CENTRAL,PM2.5-10,1994-07-31T00:00,19.734,µg/m³,DICHOT,Microbalance
90227,CALGARY CENTRAL,PM2.5-10,1994-08-06T00:00,5.992,µg/m³,DICHOT,Microbalance
90227,CALGARY CENTRAL,PM2.5-10,1994-08-12T00:00,16.904,µg/m³,DICHOT,Microbalance
90227,CALGARY CENTRAL,PM2.5-10,1994-08-18T00:00,10.307,µg/m³,DICHOT,Microbalance
90227,CALGARY CENTRAL,PM2.5-10,1994-08-24T00:00,13.694,µg/m³,DICHOT,Microbalance
90227,CALGARY CENTRAL,PM2.5-10,1994-08-30T00:00,13.949,µg/m³,DICHOT,Microbalance
90227,CALGARY CENTRAL,PM2.5-10,1994-09-05T00:00,7.337,µg/m³,DICHOT,Microbalance
90227,CALGARY CENTRAL,PM2.5-10,1994-09-12T00:00,18.930,µg/m³,DICHOT,Microbalance
90227,CALGARY CENTRAL,PM2.5-10,1994-09-23T00:00,21.869,µg/m³,DICHOT,Microbalance
90227,CALGARY CENTRAL,PM2.5-10,1994-09-29T00:00,28.177,µg/m³,DICHOT,Microbalance
90227,CALGARY CENTRAL,PM2.5-10,1994-10-05T00:00,60.131,µg/m³,DICHOT,Microbalance
90227,CALGARY CENTRAL,PM2.5-10,1994-10-11T00:00,9.362,µg/m³,DICHOT,Microbalance
90227,CALGARY CENTRAL,PM2.5-10,1994-10-17T00:00,11.174,µg/m³,DICHOT,Microbalance
90227,CALGARY CENTRAL,PM2.5-10,1994-10-23T00:00,7.393,µg/m³,DICHOT,Microbalance
90227,CALGARY CENTRAL,PM2.5-10,1994-10-29T00:00,4.875,µg/m³,DICHOT,Microbalance
90227,CALGARY CENTRAL,PM2.5-10,1994-11-04T00:00,12.800,µg/m³,DICHOT,Microbalance
90227,CALGARY CENTRAL,PM2.5-10,1994-11-10T00:00,24.468,µg/m³,DICHOT,Microbalance
90227,CALGARY CENTRAL,PM2.5-10,1994-11-16T00:00,8.852,µg/m³,DICHOT,Microbalance
90227,CALGARY CENTRAL,PM2.5-10,1994-11-22T00:00,13.116,µg/m³,DICHOT,Microbalance
90227,CALGARY CENTRAL,PM2.5-10,1994-11-28T00:00,6.056,µg/m³,DICHOT,Microbalance
90227,CALGARY CENTRAL,PM2.5-10,1994-12-04T00:00,12.094,µg/m³,DICHOT,Microbalance
90227,CALGARY CENTRAL,PM2.5-10,1994-12-10T00:00,22.219,µg/m³,DICHOT,Microbalance
90227,CALGARY CENTRAL,PM2.5-10,1994-12-16T00:00,19.848,µg/m³,DICHOT,Microbalance
90227,CALGARY CENTRAL,PM2.5-10,1994-12-22T00:00,43.953,µg/m³,DICHOT,Microbalance
90227,CALGARY CENTRAL,PM2.5-10,1994-12-28T00:00,0.882,µg/m³,DICHOT,Microbalance
