﻿NAPS_Site_ID,Station_Name,Pollutant,Date,Value,Units,Report_Type,Method
30501,KEJIMKUJIK NATIONAL PARK,MEK,2003-01-03T00:00,0.101,µg/m³,VOC,
30501,KEJIMKUJIK NATIONAL PARK,MEK,2003-01-09T00:00,0.179,µg/m³,VOC,
30501,KEJIMKUJIK NATIONAL PARK,MEK,2003-01-15T00:00,0.175,µg/m³,VOC,
30501,KEJIMKUJIK NATIONAL PARK,MEK,2003-01-21T00:00,0.135,µg/m³,VOC,
30501,KEJIMKUJIK NATIONAL PARK,MEK,2003-01-27T00:00,0.109,µg/m³,VOC,
30501,KEJIMKUJIK NATIONAL PARK,MEK,2003-02-20T00:00,0.378,µg/m³,VOC,
30501,KEJIMKUJIK NATIONAL PARK,MEK,2003-02-26T00:00,0.099,µg/m³,VOC,
30501,KEJIMKUJIK NATIONAL PARK,MEK,2003-03-04T00:00,0.163,µg/m³,VOC,
30501,KEJIMKUJIK NATIONAL PARK,MEK,2003-03-10T00:00,0.209,µg/m³,VOC,
30501,KEJIMKUJIK NATIONAL PARK,MEK,2003-03-16T00:00,0.274,µg/m³,VOC,
30501,KEJIMKUJIK NATIONAL PARK,MEK,2003-04-03T00:00,0.134,µg/m³,VOC,
30501,KEJIMKUJIK NATIONAL PARK,MEK,2003-04-09T00:00,0.162,µg/m³,VOC,
30501,KEJIMKUJIK NATIONAL PARK,MEK,2003-04-15T00:00,0.387,µg/m³,VOC,
30501,KEJIMKUJIK NATIONAL PARK,MEK,2003-04-21T00:00,0.163,µg/m³,VOC,
30501,KEJIMKUJIK NATIONAL PARK,MEK,2003-04-27T00:00,0.050,µg/m³,VOC,
30501,KEJIMKUJIK NATIONAL PARK,MEK,2003-05-03T00:00,0.054,µg/m³,VOC,
30501,KEJIMKUJIK NATIONAL PARK,MEK,2003-05-15T00:00,0.034,µg/m³,VOC,
30501,KEJIMKUJIK NATIONAL PARK,MEK,2003-05-27T00:00,0.054,µg/m³,VOC,
30501,KEJIMKUJIK NATIONAL PARK,MEK,2003-06-02T00:00,0.021,µg/m³,VOC,
30501,KEJIMKUJIK NATIONAL PARK,MEK,2003-06-08T00:00,0.150,µg/m³,VOC,
30501,KEJIMKUJIK NATIONAL PARK,MEK,2003-06-20T00:00,0.130,µg/m³,VOC,
30501,KEJIMKUJIK NATIONAL PARK,MEK,2003-08-13T00:00,0.111,µg/m³,VOC,
30501,KEJIMKUJIK NATIONAL PARK,MEK,2003-08-19T00:00,0.177,µg/m³,VOC,
30501,KEJIMKUJIK NATIONAL PARK,MEK,2003-08-25T00:00,0.150,µg/m³,VOC,
30501,KEJIMKUJIK NATIONAL PARK,MEK,2003-08-31T00:00,0.096,µg/m³,VOC,
30501,KEJIMKUJIK NATIONAL PARK,MEK,2003-09-06T00:00,0.290,µg/m³,VOC,
30501,KEJIMKUJIK NATIONAL PARK,MEK,2003-09-18T00:00,0.370,µg/m³,VOC,
30501,KEJIMKUJIK NATIONAL PARK,MEK,2003-09-24T00:00,0.259,µg/m³,VOC,
30501,KEJIMKUJIK NATIONAL PARK,MEK,2003-09-30T00:00,0.280,µg/m³,VOC,
30501,KEJIMKUJIK NATIONAL PARK,MEK,2003-10-06T00:00,0.195,µg/m³,VOC,
30501,KEJIMKUJIK NATIONAL PARK,MEK,2003-10-12T00:00,0.613,µg/m³,VOC,
30501,KEJIMKUJIK NATIONAL PARK,MEK,2003-10-18T00:00,0.176,µg/m³,VOC,
30501,KEJIMKUJIK NATIONAL PARK,MEK,2003-10-24T00:00,0.117,µg/m³,VOC,
30501,KEJIMKUJIK NATIONAL PARK,MEK,2003-10-30T00:00,0.272,µg/m³,VOC,
30501,KEJIMKUJIK NATIONAL PARK,MEK,2003-11-05T00:00,0.121,µg/m³,VOC,
30501,KEJIMKUJIK NATIONAL PARK,MEK,2003-11-11T00:00,1.102,µg/m³,VOC,
30501,KEJIMKUJIK NATIONAL PARK,MEK,2003-11-17T00:00,0.222,µg/m³,VOC,
30501,KEJIMKUJIK NATIONAL PARK,MEK,2003-11-23T00:00,0.160,µg/m³,VOC,
30501,KEJIMKUJIK NATIONAL PARK,MEK,2003-12-11T00:00,0.058,µg/m³,VOC,
30501,KEJIMKUJIK NATIONAL PARK,MEK,2003-12-17T00:00,0.155,µg/m³,VOC,
30501,KEJIMKUJIK NATIONAL PARK,MEK,2003-12-23T00:00,0.319,µg/m³,VOC,
30501,KEJIMKUJIK NATIONAL PARK,MEK,2003-12-29T00:00,0.184,µg/m³,VOC,
