﻿NAPS_Site_ID,Station_Name,Pollutant,Date,Value,Units,Report_Type,Method
10102,WATER STREET POST OFFICE,Freon 114,2009-01-01T00:00,0.122,µg/m³,VOC,GC-MS
10102,WATER STREET POST OFFICE,Freon 114,2009-01-07T00:00,0.096,µg/m³,VOC,GC-MS
10102,WATER STREET POST OFFICE,Freon 114,2009-01-13T00:00,0.108,µg/m³,VOC,GC-MS
10102,WATER STREET POST OFFICE,Freon 114,2009-01-19T00:00,0.132,µg/m³,VOC,GC-MS
10102,WATER STREET POST OFFICE,Freon 114,2009-01-25T00:00,0.129,µg/m³,VOC,GC-MS
10102,WATER STREET POST OFFICE,Freon 114,2009-01-31T00:00,0.114,µg/m³,VOC,GC-MS
10102,WATER STREET POST OFFICE,Freon 114,2009-02-06T00:00,0.114,µg/m³,VOC,GC-MS
10102,WATER STREET POST OFFICE,Freon 114,2009-02-12T00:00,0.115,µg/m³,VOC,GC-MS
10102,WATER STREET POST OFFICE,Freon 114,2009-02-18T00:00,0.116,µg/m³,VOC,GC-MS
10102,WATER STREET POST OFFICE,Freon 114,2009-02-24T00:00,0.113,µg/m³,VOC,GC-MS
10102,WATER STREET POST OFFICE,Freon 114,2009-03-02T00:00,0.112,µg/m³,VOC,GC-MS
10102,WATER STREET POST OFFICE,Freon 114,2009-03-08T00:00,0.109,µg/m³,VOC,GC-MS
10102,WATER STREET POST OFFICE,Freon 114,2009-03-14T00:00,0.111,µg/m³,VOC,GC-MS
10102,WATER STREET POST OFFICE,Freon 114,2009-03-20T00:00,0.115,µg/m³,VOC,GC-MS
10102,WATER STREET POST OFFICE,Freon 114,2009-03-26T00:00,0.107,µg/m³,VOC,GC-MS
10102,WATER STREET POST OFFICE,Freon 114,2009-04-01T00:00,0.110,µg/m³,VOC,GC-MS
10102,WATER STREET POST OFFICE,Freon 114,2009-04-07T00:00,0.107,µg/m³,VOC,GC-MS
10102,WATER STREET POST OFFICE,Freon 114,2009-04-13T00:00,0.108,µg/m³,VOC,GC-MS
10102,WATER STREET POST OFFICE,Freon 114,2009-04-19T00:00,0.111,µg/m³,VOC,GC-MS
10102,WATER STREET POST OFFICE,Freon 114,2009-04-25T00:00,0.107,µg/m³,VOC,GC-MS
10102,WATER STREET POST OFFICE,Freon 114,2009-05-01T00:00,0.109,µg/m³,VOC,GC-MS
10102,WATER STREET POST OFFICE,Freon 114,2009-05-07T00:00,0.109,µg/m³,VOC,GC-MS
10102,WATER STREET POST OFFICE,Freon 114,2009-05-13T00:00,0.108,µg/m³,VOC,GC-MS
10102,WATER STREET POST OFFICE,Freon 114,2009-05-19T00:00,0.109,µg/m³,VOC,GC-MS
10102,WATER STREET POST OFFICE,Freon 114,2009-05-25T00:00,0.108,µg/m³,VOC,GC-MS
10102,WATER STREET POST OFFICE,Freon 114,2009-05-31T00:00,0.100,µg/m³,VOC,GC-MS
10102,WATER STREET POST OFFICE,Freon 114,2009-06-06T00:00,0.113,µg/m³,VOC,GC-MS
10102,WATER STREET POST OFFICE,Freon 114,2009-06-12T00:00,0.107,µg/m³,VOC,GC-MS
10102,WATER STREET POST OFFICE,Freon 114,2009-06-18T00:00,0.103,µg/m³,VOC,GC-MS
10102,WATER STREET POST OFFICE,Freon 114,2009-06-24T00:00,0.114,µg/m³,VOC,GC-MS
10102,WATER STREET POST OFFICE,Freon 114,2009-06-30T00:00,0.102,µg/m³,VOC,GC-MS
10102,WATER STREET POST OFFICE,Freon 114,2009-07-06T00:00,0.116,µg/m³,VOC,GC-MS
10102,WATER STREET POST OFFICE,Freon 114,2009-07-12T00:00,0.113,µg/m³,VOC,GC-MS
10102,WATER STREET POST OFFICE,Freon 114,2009-07-18T00:00,0.113,µg/m³,VOC,GC-MS
10102,WATER STREET POST OFFICE,Freon 114,2009-07-24T00:00,0.112,µg/m³,VOC,GC-MS
10102,WATER STREET POST OFFICE,Freon 114,2009-07-30T00:00,0.105,µg/m³,VOC,GC-MS
10102,WATER STREET POST OFFICE,Freon 114,2009-08-05T00:00,0.114,µg/m³,VOC,GC-MS
10102,WATER STREET POST OFFICE,Freon 114,2009-08-11T00:00,0.112,µg/m³,VOC,GC-MS
10102,WATER STREET POST OFFICE,Freon 114,2009-08-17T00:00,0.106,µg/m³,VOC,GC-MS
10102,WATER STREET POST OFFICE,Freon 114,2009-08-23T00:00,0.122,µg/m³,VOC,GC-MS
10102,WATER STREET POST OFFICE,Freon 114,2009-08-29T00:00,0.115,µg/m³,VOC,GC-MS
10102,WATER STREET POST OFFICE,Freon 114,2009-09-04T00:00,0.116,µg/m³,VOC,GC-MS
10102,WATER STREET POST OFFICE,Freon 114,2009-09-10T00:00,0.108,µg/m³,VOC,GC-MS
10102,WATER STREET POST OFFICE,Freon 114,2009-09-16T00:00,0.121,µg/m³,VOC,GC-MS
10102,WATER STREET POST OFFICE,Freon 114,2009-09-22T00:00,0.122,µg/m³,VOC,GC-MS
10102,WATER STREET POST OFFICE,Freon 114,2009-09-28T00:00,0.120,µg/m³,VOC,GC-MS
10102,WATER STREET POST OFFICE,Freon 114,2009-10-04T00:00,0.117,µg/m³,VOC,GC-MS
10102,WATER STREET POST OFFICE,Freon 114,2009-10-10T00:00,0.120,µg/m³,VOC,GC-MS
10102,WATER STREET POST OFFICE,Freon 114,2009-10-16T00:00,0.109,µg/m³,VOC,GC-MS
10102,WATER STREET POST OFFICE,Freon 114,2009-10-22T00:00,0.109,µg/m³,VOC,GC-MS
10102,WATER STREET POST OFFICE,Freon 114,2009-10-28T00:00,0.115,µg/m³,VOC,GC-MS
10102,WATER STREET POST OFFICE,Freon 114,2009-11-03T00:00,0.116,µg/m³,VOC,GC-MS
10102,WATER STREET POST OFFICE,Freon 114,2009-11-09T00:00,0.113,µg/m³,VOC,GC-MS
10102,WATER STREET POST OFFICE,Freon 114,2009-11-15T00:00,0.123,µg/m³,VOC,GC-MS
10102,WATER STREET POST OFFICE,Freon 114,2009-11-21T00:00,0.117,µg/m³,VOC,GC-MS
10102,WATER STREET POST OFFICE,Freon 114,2009-11-27T00:00,0.126,µg/m³,VOC,GC-MS
10102,WATER STREET POST OFFICE,Freon 114,2009-12-03T00:00,0.129,µg/m³,VOC,GC-MS
10102,WATER STREET POST OFFICE,Freon 114,2009-12-09T00:00,0.120,µg/m³,VOC,GC-MS
10102,WATER STREET POST OFFICE,Freon 114,2009-12-15T00:00,0.128,µg/m³,VOC,GC-MS
10102,WATER STREET POST OFFICE,Freon 114,2009-12-21T00:00,0.108,µg/m³,VOC,GC-MS
10102,WATER STREET POST OFFICE,Freon 114,2009-12-27T00:00,0.109,µg/m³,VOC,GC-MS
