﻿NAPS_Site_ID,Station_Name,Pollutant,Date,Value,Units,Report_Type,Method
100137,BURNABY NORTH,Bromomethane,2001-01-19T00:00,0.150,µg/m³,VOC,N/A
100137,BURNABY NORTH,Bromomethane,2001-02-12T00:00,0.120,µg/m³,VOC,N/A
100137,BURNABY NORTH,Bromomethane,2001-03-02T00:00,0.140,µg/m³,VOC,N/A
100137,BURNABY NORTH,Bromomethane,2001-03-20T00:00,0.100,µg/m³,VOC,N/A
100137,BURNABY NORTH,Bromomethane,2001-04-13T00:00,0.150,µg/m³,VOC,N/A
100137,BURNABY NORTH,Bromomethane,2001-05-01T00:00,0.100,µg/m³,VOC,N/A
100137,BURNABY NORTH,Bromomethane,2001-05-19T00:00,0.090,µg/m³,VOC,N/A
100137,BURNABY NORTH,Bromomethane,2001-05-31T00:00,0.160,µg/m³,VOC,N/A
100137,BURNABY NORTH,Bromomethane,2001-06-24T00:00,0.150,µg/m³,VOC,N/A
100137,BURNABY NORTH,Bromomethane,2001-07-12T00:00,0.160,µg/m³,VOC,N/A
100137,BURNABY NORTH,Bromomethane,2001-08-11T00:00,0.220,µg/m³,VOC,N/A
100137,BURNABY NORTH,Bromomethane,2001-08-29T00:00,0.170,µg/m³,VOC,N/A
100137,BURNABY NORTH,Bromomethane,2001-10-16T00:00,0.160,µg/m³,VOC,N/A
100137,BURNABY NORTH,Bromomethane,2001-11-03T00:00,0.140,µg/m³,VOC,N/A
100137,BURNABY NORTH,Bromomethane,2001-11-27T00:00,0.180,µg/m³,VOC,N/A
100137,BURNABY NORTH,Bromomethane,2001-12-27T00:00,0.190,µg/m³,VOC,N/A
