﻿NAPS_Site_ID,Station_Name,Pollutant,Date,Value,Units,Report_Type,Method
61502,WEST AVE. & HOMEWOOD _KITCHENER_,cis-2-Hexene,2000-01-01T00:00,0.230,µg/m³,VOC,
61502,WEST AVE. & HOMEWOOD _KITCHENER_,cis-2-Hexene,2000-01-07T00:00,0.000,µg/m³,VOC,
61502,WEST AVE. & HOMEWOOD _KITCHENER_,cis-2-Hexene,2000-01-13T00:00,0.020,µg/m³,VOC,
61502,WEST AVE. & HOMEWOOD _KITCHENER_,cis-2-Hexene,2000-01-19T00:00,0.000,µg/m³,VOC,
61502,WEST AVE. & HOMEWOOD _KITCHENER_,cis-2-Hexene,2000-01-25T00:00,0.100,µg/m³,VOC,
61502,WEST AVE. & HOMEWOOD _KITCHENER_,cis-2-Hexene,2000-01-31T00:00,0.030,µg/m³,VOC,
61502,WEST AVE. & HOMEWOOD _KITCHENER_,cis-2-Hexene,2000-02-06T00:00,0.030,µg/m³,VOC,
61502,WEST AVE. & HOMEWOOD _KITCHENER_,cis-2-Hexene,2000-02-12T00:00,0.100,µg/m³,VOC,
61502,WEST AVE. & HOMEWOOD _KITCHENER_,cis-2-Hexene,2000-02-18T00:00,0.000,µg/m³,VOC,
61502,WEST AVE. & HOMEWOOD _KITCHENER_,cis-2-Hexene,2000-03-01T00:00,0.070,µg/m³,VOC,
61502,WEST AVE. & HOMEWOOD _KITCHENER_,cis-2-Hexene,2000-03-07T00:00,0.150,µg/m³,VOC,
61502,WEST AVE. & HOMEWOOD _KITCHENER_,cis-2-Hexene,2000-03-13T00:00,0.040,µg/m³,VOC,
61502,WEST AVE. & HOMEWOOD _KITCHENER_,cis-2-Hexene,2000-03-19T00:00,0.030,µg/m³,VOC,
61502,WEST AVE. & HOMEWOOD _KITCHENER_,cis-2-Hexene,2000-03-25T00:00,0.030,µg/m³,VOC,
61502,WEST AVE. & HOMEWOOD _KITCHENER_,cis-2-Hexene,2000-03-31T00:00,0.070,µg/m³,VOC,
61502,WEST AVE. & HOMEWOOD _KITCHENER_,cis-2-Hexene,2000-04-06T00:00,0.030,µg/m³,VOC,
61502,WEST AVE. & HOMEWOOD _KITCHENER_,cis-2-Hexene,2000-04-12T00:00,0.050,µg/m³,VOC,
61502,WEST AVE. & HOMEWOOD _KITCHENER_,cis-2-Hexene,2000-04-18T00:00,0.030,µg/m³,VOC,
61502,WEST AVE. & HOMEWOOD _KITCHENER_,cis-2-Hexene,2000-04-24T00:00,0.040,µg/m³,VOC,
61502,WEST AVE. & HOMEWOOD _KITCHENER_,cis-2-Hexene,2000-04-30T00:00,0.000,µg/m³,VOC,
61502,WEST AVE. & HOMEWOOD _KITCHENER_,cis-2-Hexene,2000-11-02T00:00,0.270,µg/m³,VOC,
61502,WEST AVE. & HOMEWOOD _KITCHENER_,cis-2-Hexene,2000-11-20T00:00,0.010,µg/m³,VOC,
61502,WEST AVE. & HOMEWOOD _KITCHENER_,cis-2-Hexene,2000-11-26T00:00,0.050,µg/m³,VOC,
61502,WEST AVE. & HOMEWOOD _KITCHENER_,cis-2-Hexene,2000-12-02T00:00,0.050,µg/m³,VOC,
61502,WEST AVE. & HOMEWOOD _KITCHENER_,cis-2-Hexene,2000-12-08T00:00,0.000,µg/m³,VOC,
61502,WEST AVE. & HOMEWOOD _KITCHENER_,cis-2-Hexene,2000-12-14T00:00,0.070,µg/m³,VOC,
61502,WEST AVE. & HOMEWOOD _KITCHENER_,cis-2-Hexene,2000-12-20T00:00,0.060,µg/m³,VOC,
61502,WEST AVE. & HOMEWOOD _KITCHENER_,cis-2-Hexene,2000-12-26T00:00,0.020,µg/m³,VOC,
