﻿NAPS_Site_ID,Station_Name,Pollutant,Date,Value,Units,Report_Type,Method
62601,EXPERIMENTAL FARM _SIMCOE_,Methylcyclopentane,1997-01-04T00:00,0.211,µg/m³,VOC,
62601,EXPERIMENTAL FARM _SIMCOE_,Methylcyclopentane,1997-01-04T00:00,0.439,µg/m³,VOC,
62601,EXPERIMENTAL FARM _SIMCOE_,Methylcyclopentane,1997-01-10T00:00,0.227,µg/m³,VOC,
62601,EXPERIMENTAL FARM _SIMCOE_,Methylcyclopentane,1997-01-10T00:00,0.267,µg/m³,VOC,
62601,EXPERIMENTAL FARM _SIMCOE_,Methylcyclopentane,1997-01-16T00:00,0.170,µg/m³,VOC,
62601,EXPERIMENTAL FARM _SIMCOE_,Methylcyclopentane,1997-01-16T00:00,0.198,µg/m³,VOC,
62601,EXPERIMENTAL FARM _SIMCOE_,Methylcyclopentane,1997-01-22T00:00,0.149,µg/m³,VOC,
62601,EXPERIMENTAL FARM _SIMCOE_,Methylcyclopentane,1997-01-22T00:00,0.200,µg/m³,VOC,
62601,EXPERIMENTAL FARM _SIMCOE_,Methylcyclopentane,1997-01-28T00:00,0.182,µg/m³,VOC,
62601,EXPERIMENTAL FARM _SIMCOE_,Methylcyclopentane,1997-01-28T00:00,0.184,µg/m³,VOC,
62601,EXPERIMENTAL FARM _SIMCOE_,Methylcyclopentane,1997-02-03T00:00,0.151,µg/m³,VOC,
62601,EXPERIMENTAL FARM _SIMCOE_,Methylcyclopentane,1997-02-03T00:00,0.220,µg/m³,VOC,
62601,EXPERIMENTAL FARM _SIMCOE_,Methylcyclopentane,1997-02-09T00:00,0.155,µg/m³,VOC,
62601,EXPERIMENTAL FARM _SIMCOE_,Methylcyclopentane,1997-02-09T00:00,0.184,µg/m³,VOC,
62601,EXPERIMENTAL FARM _SIMCOE_,Methylcyclopentane,1997-02-15T00:00,0.123,µg/m³,VOC,
62601,EXPERIMENTAL FARM _SIMCOE_,Methylcyclopentane,1997-02-15T00:00,0.151,µg/m³,VOC,
62601,EXPERIMENTAL FARM _SIMCOE_,Methylcyclopentane,1997-02-21T00:00,0.097,µg/m³,VOC,
62601,EXPERIMENTAL FARM _SIMCOE_,Methylcyclopentane,1997-02-21T00:00,0.109,µg/m³,VOC,
62601,EXPERIMENTAL FARM _SIMCOE_,Methylcyclopentane,1997-02-27T00:00,0.061,µg/m³,VOC,
62601,EXPERIMENTAL FARM _SIMCOE_,Methylcyclopentane,1997-02-27T00:00,0.156,µg/m³,VOC,
62601,EXPERIMENTAL FARM _SIMCOE_,Methylcyclopentane,1997-03-05T00:00,0.115,µg/m³,VOC,
62601,EXPERIMENTAL FARM _SIMCOE_,Methylcyclopentane,1997-03-05T00:00,0.192,µg/m³,VOC,
62601,EXPERIMENTAL FARM _SIMCOE_,Methylcyclopentane,1997-03-17T00:00,0.087,µg/m³,VOC,
62601,EXPERIMENTAL FARM _SIMCOE_,Methylcyclopentane,1997-03-17T00:00,0.136,µg/m³,VOC,
62601,EXPERIMENTAL FARM _SIMCOE_,Methylcyclopentane,1997-03-23T00:00,0.030,µg/m³,VOC,
62601,EXPERIMENTAL FARM _SIMCOE_,Methylcyclopentane,1997-03-23T00:00,0.036,µg/m³,VOC,
62601,EXPERIMENTAL FARM _SIMCOE_,Methylcyclopentane,1997-03-29T00:00,0.076,µg/m³,VOC,
62601,EXPERIMENTAL FARM _SIMCOE_,Methylcyclopentane,1997-03-29T00:00,0.156,µg/m³,VOC,
62601,EXPERIMENTAL FARM _SIMCOE_,Methylcyclopentane,1997-04-04T00:00,0.048,µg/m³,VOC,
62601,EXPERIMENTAL FARM _SIMCOE_,Methylcyclopentane,1997-04-04T00:00,0.109,µg/m³,VOC,
62601,EXPERIMENTAL FARM _SIMCOE_,Methylcyclopentane,1997-04-10T00:00,0.112,µg/m³,VOC,
62601,EXPERIMENTAL FARM _SIMCOE_,Methylcyclopentane,1997-04-10T00:00,0.140,µg/m³,VOC,
62601,EXPERIMENTAL FARM _SIMCOE_,Methylcyclopentane,1997-04-16T00:00,0.039,µg/m³,VOC,
62601,EXPERIMENTAL FARM _SIMCOE_,Methylcyclopentane,1997-04-16T00:00,0.159,µg/m³,VOC,
62601,EXPERIMENTAL FARM _SIMCOE_,Methylcyclopentane,1997-04-22T00:00,0.096,µg/m³,VOC,
62601,EXPERIMENTAL FARM _SIMCOE_,Methylcyclopentane,1997-04-22T00:00,0.112,µg/m³,VOC,
62601,EXPERIMENTAL FARM _SIMCOE_,Methylcyclopentane,1997-05-04T00:00,0.021,µg/m³,VOC,
62601,EXPERIMENTAL FARM _SIMCOE_,Methylcyclopentane,1997-05-04T00:00,0.074,µg/m³,VOC,
62601,EXPERIMENTAL FARM _SIMCOE_,Methylcyclopentane,1997-05-10T00:00,0.021,µg/m³,VOC,
62601,EXPERIMENTAL FARM _SIMCOE_,Methylcyclopentane,1997-05-10T00:00,0.053,µg/m³,VOC,
62601,EXPERIMENTAL FARM _SIMCOE_,Methylcyclopentane,1997-05-16T00:00,0.040,µg/m³,VOC,
62601,EXPERIMENTAL FARM _SIMCOE_,Methylcyclopentane,1997-05-16T00:00,0.059,µg/m³,VOC,
62601,EXPERIMENTAL FARM _SIMCOE_,Methylcyclopentane,1997-05-22T00:00,0.027,µg/m³,VOC,
62601,EXPERIMENTAL FARM _SIMCOE_,Methylcyclopentane,1997-05-22T00:00,0.064,µg/m³,VOC,
62601,EXPERIMENTAL FARM _SIMCOE_,Methylcyclopentane,1997-05-28T00:00,0.065,µg/m³,VOC,
62601,EXPERIMENTAL FARM _SIMCOE_,Methylcyclopentane,1997-05-28T00:00,0.073,µg/m³,VOC,
62601,EXPERIMENTAL FARM _SIMCOE_,Methylcyclopentane,1997-06-03T00:00,0.042,µg/m³,VOC,
62601,EXPERIMENTAL FARM _SIMCOE_,Methylcyclopentane,1997-06-03T00:00,0.209,µg/m³,VOC,
62601,EXPERIMENTAL FARM _SIMCOE_,Methylcyclopentane,1997-06-09T00:00,0.071,µg/m³,VOC,
62601,EXPERIMENTAL FARM _SIMCOE_,Methylcyclopentane,1997-06-09T00:00,0.117,µg/m³,VOC,
62601,EXPERIMENTAL FARM _SIMCOE_,Methylcyclopentane,1997-06-15T00:00,0.043,µg/m³,VOC,
62601,EXPERIMENTAL FARM _SIMCOE_,Methylcyclopentane,1997-06-15T00:00,0.083,µg/m³,VOC,
62601,EXPERIMENTAL FARM _SIMCOE_,Methylcyclopentane,1997-06-21T00:00,0.070,µg/m³,VOC,
62601,EXPERIMENTAL FARM _SIMCOE_,Methylcyclopentane,1997-06-21T00:00,0.091,µg/m³,VOC,
62601,EXPERIMENTAL FARM _SIMCOE_,Methylcyclopentane,1997-06-27T00:00,0.044,µg/m³,VOC,
62601,EXPERIMENTAL FARM _SIMCOE_,Methylcyclopentane,1997-06-27T00:00,0.171,µg/m³,VOC,
62601,EXPERIMENTAL FARM _SIMCOE_,Methylcyclopentane,1997-07-03T00:00,0.090,µg/m³,VOC,
62601,EXPERIMENTAL FARM _SIMCOE_,Methylcyclopentane,1997-07-03T00:00,0.120,µg/m³,VOC,
62601,EXPERIMENTAL FARM _SIMCOE_,Methylcyclopentane,1997-07-09T00:00,0.099,µg/m³,VOC,
62601,EXPERIMENTAL FARM _SIMCOE_,Methylcyclopentane,1997-07-09T00:00,0.108,µg/m³,VOC,
62601,EXPERIMENTAL FARM _SIMCOE_,Methylcyclopentane,1997-07-15T00:00,0.174,µg/m³,VOC,
62601,EXPERIMENTAL FARM _SIMCOE_,Methylcyclopentane,1997-07-15T00:00,0.193,µg/m³,VOC,
62601,EXPERIMENTAL FARM _SIMCOE_,Methylcyclopentane,1997-07-21T00:00,0.175,µg/m³,VOC,
62601,EXPERIMENTAL FARM _SIMCOE_,Methylcyclopentane,1997-07-21T00:00,0.195,µg/m³,VOC,
62601,EXPERIMENTAL FARM _SIMCOE_,Methylcyclopentane,1997-07-27T00:00,0.036,µg/m³,VOC,
62601,EXPERIMENTAL FARM _SIMCOE_,Methylcyclopentane,1997-07-27T00:00,0.080,µg/m³,VOC,
62601,EXPERIMENTAL FARM _SIMCOE_,Methylcyclopentane,1997-08-02T00:00,0.106,µg/m³,VOC,
62601,EXPERIMENTAL FARM _SIMCOE_,Methylcyclopentane,1997-08-02T00:00,0.126,µg/m³,VOC,
62601,EXPERIMENTAL FARM _SIMCOE_,Methylcyclopentane,1997-08-08T00:00,0.173,µg/m³,VOC,
62601,EXPERIMENTAL FARM _SIMCOE_,Methylcyclopentane,1997-08-08T00:00,0.354,µg/m³,VOC,
62601,EXPERIMENTAL FARM _SIMCOE_,Methylcyclopentane,1997-08-14T00:00,0.000,µg/m³,VOC,
62601,EXPERIMENTAL FARM _SIMCOE_,Methylcyclopentane,1997-08-14T00:00,0.120,µg/m³,VOC,
62601,EXPERIMENTAL FARM _SIMCOE_,Methylcyclopentane,1997-08-20T00:00,0.146,µg/m³,VOC,
62601,EXPERIMENTAL FARM _SIMCOE_,Methylcyclopentane,1997-08-20T00:00,0.163,µg/m³,VOC,
62601,EXPERIMENTAL FARM _SIMCOE_,Methylcyclopentane,1997-09-01T00:00,0.178,µg/m³,VOC,
62601,EXPERIMENTAL FARM _SIMCOE_,Methylcyclopentane,1997-09-01T00:00,0.221,µg/m³,VOC,
62601,EXPERIMENTAL FARM _SIMCOE_,Methylcyclopentane,1997-10-13T00:00,0.111,µg/m³,VOC,
62601,EXPERIMENTAL FARM _SIMCOE_,Methylcyclopentane,1997-10-13T00:00,0.123,µg/m³,VOC,
62601,EXPERIMENTAL FARM _SIMCOE_,Methylcyclopentane,1997-10-19T00:00,0.124,µg/m³,VOC,
62601,EXPERIMENTAL FARM _SIMCOE_,Methylcyclopentane,1997-10-19T00:00,0.215,µg/m³,VOC,
62601,EXPERIMENTAL FARM _SIMCOE_,Methylcyclopentane,1997-10-25T00:00,0.158,µg/m³,VOC,
62601,EXPERIMENTAL FARM _SIMCOE_,Methylcyclopentane,1997-10-25T00:00,0.191,µg/m³,VOC,
62601,EXPERIMENTAL FARM _SIMCOE_,Methylcyclopentane,1997-10-31T00:00,0.170,µg/m³,VOC,
62601,EXPERIMENTAL FARM _SIMCOE_,Methylcyclopentane,1997-10-31T00:00,0.179,µg/m³,VOC,
62601,EXPERIMENTAL FARM _SIMCOE_,Methylcyclopentane,1997-11-06T00:00,0.186,µg/m³,VOC,
62601,EXPERIMENTAL FARM _SIMCOE_,Methylcyclopentane,1997-11-06T00:00,0.242,µg/m³,VOC,
62601,EXPERIMENTAL FARM _SIMCOE_,Methylcyclopentane,1997-11-12T00:00,0.123,µg/m³,VOC,
62601,EXPERIMENTAL FARM _SIMCOE_,Methylcyclopentane,1997-11-12T00:00,0.180,µg/m³,VOC,
62601,EXPERIMENTAL FARM _SIMCOE_,Methylcyclopentane,1997-11-18T00:00,0.224,µg/m³,VOC,
62601,EXPERIMENTAL FARM _SIMCOE_,Methylcyclopentane,1997-11-18T00:00,0.235,µg/m³,VOC,
62601,EXPERIMENTAL FARM _SIMCOE_,Methylcyclopentane,1997-11-24T00:00,0.053,µg/m³,VOC,
62601,EXPERIMENTAL FARM _SIMCOE_,Methylcyclopentane,1997-11-24T00:00,0.212,µg/m³,VOC,
62601,EXPERIMENTAL FARM _SIMCOE_,Methylcyclopentane,1997-11-30T00:00,0.057,µg/m³,VOC,
62601,EXPERIMENTAL FARM _SIMCOE_,Methylcyclopentane,1997-11-30T00:00,0.247,µg/m³,VOC,
62601,EXPERIMENTAL FARM _SIMCOE_,Methylcyclopentane,1997-12-06T00:00,0.051,µg/m³,VOC,
62601,EXPERIMENTAL FARM _SIMCOE_,Methylcyclopentane,1997-12-06T00:00,0.153,µg/m³,VOC,
62601,EXPERIMENTAL FARM _SIMCOE_,Methylcyclopentane,1997-12-12T00:00,0.156,µg/m³,VOC,
62601,EXPERIMENTAL FARM _SIMCOE_,Methylcyclopentane,1997-12-12T00:00,0.163,µg/m³,VOC,
62601,EXPERIMENTAL FARM _SIMCOE_,Methylcyclopentane,1997-12-18T00:00,0.351,µg/m³,VOC,
62601,EXPERIMENTAL FARM _SIMCOE_,Methylcyclopentane,1997-12-18T00:00,0.491,µg/m³,VOC,
62601,EXPERIMENTAL FARM _SIMCOE_,Methylcyclopentane,1997-12-24T00:00,0.138,µg/m³,VOC,
62601,EXPERIMENTAL FARM _SIMCOE_,Methylcyclopentane,1997-12-24T00:00,0.179,µg/m³,VOC,
62601,EXPERIMENTAL FARM _SIMCOE_,Methylcyclopentane,1997-12-30T00:00,0.070,µg/m³,VOC,
62601,EXPERIMENTAL FARM _SIMCOE_,Methylcyclopentane,1997-12-30T00:00,0.092,µg/m³,VOC,
