﻿NAPS_Site_ID,Station_Name,Pollutant,Date,Value,Units,Report_Type,Method
50103,MONTRÉAL-SAINT-JEAN-BAPTISTE,3-Methylheptane,2007-01-18T00:00,0.130,µg/m³,VOC,GC-MS
50103,MONTRÉAL-SAINT-JEAN-BAPTISTE,3-Methylheptane,2007-01-24T00:00,0.225,µg/m³,VOC,GC-MS
50103,MONTRÉAL-SAINT-JEAN-BAPTISTE,3-Methylheptane,2007-01-30T00:00,0.498,µg/m³,VOC,GC-MS
50103,MONTRÉAL-SAINT-JEAN-BAPTISTE,3-Methylheptane,2007-02-05T00:00,0.256,µg/m³,VOC,GC-MS
50103,MONTRÉAL-SAINT-JEAN-BAPTISTE,3-Methylheptane,2007-02-11T00:00,0.312,µg/m³,VOC,GC-MS
50103,MONTRÉAL-SAINT-JEAN-BAPTISTE,3-Methylheptane,2007-02-17T00:00,0.281,µg/m³,VOC,GC-MS
50103,MONTRÉAL-SAINT-JEAN-BAPTISTE,3-Methylheptane,2007-02-23T00:00,0.059,µg/m³,VOC,GC-MS
50103,MONTRÉAL-SAINT-JEAN-BAPTISTE,3-Methylheptane,2007-03-01T00:00,0.129,µg/m³,VOC,GC-MS
50103,MONTRÉAL-SAINT-JEAN-BAPTISTE,3-Methylheptane,2007-03-07T00:00,0.457,µg/m³,VOC,GC-MS
50103,MONTRÉAL-SAINT-JEAN-BAPTISTE,3-Methylheptane,2007-03-13T00:00,0.221,µg/m³,VOC,GC-MS
50103,MONTRÉAL-SAINT-JEAN-BAPTISTE,3-Methylheptane,2007-03-19T00:00,0.162,µg/m³,VOC,GC-MS
50103,MONTRÉAL-SAINT-JEAN-BAPTISTE,3-Methylheptane,2007-03-25T00:00,0.204,µg/m³,VOC,GC-MS
50103,MONTRÉAL-SAINT-JEAN-BAPTISTE,3-Methylheptane,2007-03-31T00:00,0.264,µg/m³,VOC,GC-MS
50103,MONTRÉAL-SAINT-JEAN-BAPTISTE,3-Methylheptane,2007-04-06T00:00,0.376,µg/m³,VOC,GC-MS
50103,MONTRÉAL-SAINT-JEAN-BAPTISTE,3-Methylheptane,2007-04-12T00:00,0.071,µg/m³,VOC,GC-MS
50103,MONTRÉAL-SAINT-JEAN-BAPTISTE,3-Methylheptane,2007-04-18T00:00,0.035,µg/m³,VOC,GC-MS
50103,MONTRÉAL-SAINT-JEAN-BAPTISTE,3-Methylheptane,2007-04-30T00:00,0.109,µg/m³,VOC,GC-MS
50103,MONTRÉAL-SAINT-JEAN-BAPTISTE,3-Methylheptane,2007-05-06T00:00,0.073,µg/m³,VOC,GC-MS
50103,MONTRÉAL-SAINT-JEAN-BAPTISTE,3-Methylheptane,2007-05-12T00:00,0.085,µg/m³,VOC,GC-MS
50103,MONTRÉAL-SAINT-JEAN-BAPTISTE,3-Methylheptane,2007-05-18T00:00,0.210,µg/m³,VOC,GC-MS
50103,MONTRÉAL-SAINT-JEAN-BAPTISTE,3-Methylheptane,2007-05-24T00:00,0.322,µg/m³,VOC,GC-MS
50103,MONTRÉAL-SAINT-JEAN-BAPTISTE,3-Methylheptane,2007-05-30T00:00,0.358,µg/m³,VOC,GC-MS
50103,MONTRÉAL-SAINT-JEAN-BAPTISTE,3-Methylheptane,2007-06-05T00:00,0.161,µg/m³,VOC,GC-MS
50103,MONTRÉAL-SAINT-JEAN-BAPTISTE,3-Methylheptane,2007-06-11T00:00,0.163,µg/m³,VOC,GC-MS
50103,MONTRÉAL-SAINT-JEAN-BAPTISTE,3-Methylheptane,2007-06-17T00:00,0.257,µg/m³,VOC,GC-MS
50103,MONTRÉAL-SAINT-JEAN-BAPTISTE,3-Methylheptane,2007-06-23T00:00,0.193,µg/m³,VOC,GC-MS
50103,MONTRÉAL-SAINT-JEAN-BAPTISTE,3-Methylheptane,2007-06-29T00:00,0.166,µg/m³,VOC,GC-MS
50103,MONTRÉAL-SAINT-JEAN-BAPTISTE,3-Methylheptane,2007-07-05T00:00,0.196,µg/m³,VOC,GC-MS
50103,MONTRÉAL-SAINT-JEAN-BAPTISTE,3-Methylheptane,2007-07-11T00:00,0.187,µg/m³,VOC,GC-MS
50103,MONTRÉAL-SAINT-JEAN-BAPTISTE,3-Methylheptane,2007-07-17T00:00,0.324,µg/m³,VOC,GC-MS
50103,MONTRÉAL-SAINT-JEAN-BAPTISTE,3-Methylheptane,2007-07-23T00:00,0.182,µg/m³,VOC,GC-MS
50103,MONTRÉAL-SAINT-JEAN-BAPTISTE,3-Methylheptane,2007-08-04T00:00,0.289,µg/m³,VOC,GC-MS
50103,MONTRÉAL-SAINT-JEAN-BAPTISTE,3-Methylheptane,2007-08-10T00:00,0.232,µg/m³,VOC,GC-MS
50103,MONTRÉAL-SAINT-JEAN-BAPTISTE,3-Methylheptane,2007-08-16T00:00,0.403,µg/m³,VOC,GC-MS
50103,MONTRÉAL-SAINT-JEAN-BAPTISTE,3-Methylheptane,2007-08-22T00:00,0.062,µg/m³,VOC,GC-MS
50103,MONTRÉAL-SAINT-JEAN-BAPTISTE,3-Methylheptane,2007-08-28T00:00,0.368,µg/m³,VOC,GC-MS
50103,MONTRÉAL-SAINT-JEAN-BAPTISTE,3-Methylheptane,2007-09-03T00:00,0.218,µg/m³,VOC,GC-MS
50103,MONTRÉAL-SAINT-JEAN-BAPTISTE,3-Methylheptane,2007-09-09T00:00,0.050,µg/m³,VOC,GC-MS
50103,MONTRÉAL-SAINT-JEAN-BAPTISTE,3-Methylheptane,2007-09-15T00:00,0.251,µg/m³,VOC,GC-MS
50103,MONTRÉAL-SAINT-JEAN-BAPTISTE,3-Methylheptane,2007-09-21T00:00,0.161,µg/m³,VOC,GC-MS
50103,MONTRÉAL-SAINT-JEAN-BAPTISTE,3-Methylheptane,2007-09-27T00:00,0.065,µg/m³,VOC,GC-MS
50103,MONTRÉAL-SAINT-JEAN-BAPTISTE,3-Methylheptane,2007-10-03T00:00,0.159,µg/m³,VOC,GC-MS
50103,MONTRÉAL-SAINT-JEAN-BAPTISTE,3-Methylheptane,2007-10-09T00:00,0.063,µg/m³,VOC,GC-MS
50103,MONTRÉAL-SAINT-JEAN-BAPTISTE,3-Methylheptane,2007-10-15T00:00,0.312,µg/m³,VOC,GC-MS
50103,MONTRÉAL-SAINT-JEAN-BAPTISTE,3-Methylheptane,2007-10-21T00:00,0.163,µg/m³,VOC,GC-MS
50103,MONTRÉAL-SAINT-JEAN-BAPTISTE,3-Methylheptane,2007-10-27T00:00,0.129,µg/m³,VOC,GC-MS
50103,MONTRÉAL-SAINT-JEAN-BAPTISTE,3-Methylheptane,2007-11-02T00:00,0.172,µg/m³,VOC,GC-MS
50103,MONTRÉAL-SAINT-JEAN-BAPTISTE,3-Methylheptane,2007-11-08T00:00,0.104,µg/m³,VOC,GC-MS
50103,MONTRÉAL-SAINT-JEAN-BAPTISTE,3-Methylheptane,2007-11-14T00:00,0.148,µg/m³,VOC,GC-MS
50103,MONTRÉAL-SAINT-JEAN-BAPTISTE,3-Methylheptane,2007-11-20T00:00,0.335,µg/m³,VOC,GC-MS
50103,MONTRÉAL-SAINT-JEAN-BAPTISTE,3-Methylheptane,2007-12-02T00:00,0.045,µg/m³,VOC,GC-MS
50103,MONTRÉAL-SAINT-JEAN-BAPTISTE,3-Methylheptane,2007-12-08T00:00,0.265,µg/m³,VOC,GC-MS
50103,MONTRÉAL-SAINT-JEAN-BAPTISTE,3-Methylheptane,2007-12-14T00:00,0.273,µg/m³,VOC,GC-MS
50103,MONTRÉAL-SAINT-JEAN-BAPTISTE,3-Methylheptane,2007-12-20T00:00,0.049,µg/m³,VOC,GC-MS
50103,MONTRÉAL-SAINT-JEAN-BAPTISTE,3-Methylheptane,2007-12-26T00:00,0.141,µg/m³,VOC,GC-MS
