﻿NAPS_Site_ID,Station_Name,Pollutant,Date,Value,Units,Report_Type,Method
50122,BROSSARD - PARC SORBONNE,3-Methyl-1-Butene,2020-01-04T00:00,0.009,µg/m³,VOC,GC-MS
50122,BROSSARD - PARC SORBONNE,3-Methyl-1-Butene,2020-01-10T00:00,0.008,µg/m³,VOC,GC-MS
50122,BROSSARD - PARC SORBONNE,3-Methyl-1-Butene,2020-01-16T00:00,0.015,µg/m³,VOC,GC-MS
50122,BROSSARD - PARC SORBONNE,3-Methyl-1-Butene,2020-01-22T00:00,0.006,µg/m³,VOC,GC-MS
50122,BROSSARD - PARC SORBONNE,3-Methyl-1-Butene,2020-01-28T00:00,0.007,µg/m³,VOC,GC-MS
50122,BROSSARD - PARC SORBONNE,3-Methyl-1-Butene,2020-02-03T00:00,0.013,µg/m³,VOC,GC-MS
