﻿NAPS_Site_ID,Station_Name,Pollutant,Date,Value,Units,Report_Type,Method
90227,CALGARY CENTRAL,Toluene,2002-01-02T00:00,15.410,µg/m³,VOC,N/A
90227,CALGARY CENTRAL,Toluene,2002-01-08T00:00,4.690,µg/m³,VOC,N/A
90227,CALGARY CENTRAL,Toluene,2002-01-14T00:00,4.260,µg/m³,VOC,N/A
90227,CALGARY CENTRAL,Toluene,2002-01-20T00:00,1.650,µg/m³,VOC,N/A
90227,CALGARY CENTRAL,Toluene,2002-01-26T00:00,3.010,µg/m³,VOC,N/A
90227,CALGARY CENTRAL,Toluene,2002-02-01T00:00,8.230,µg/m³,VOC,N/A
90227,CALGARY CENTRAL,Toluene,2002-02-07T00:00,5.590,µg/m³,VOC,N/A
90227,CALGARY CENTRAL,Toluene,2002-02-13T00:00,1.930,µg/m³,VOC,N/A
90227,CALGARY CENTRAL,Toluene,2002-02-19T00:00,6.180,µg/m³,VOC,N/A
90227,CALGARY CENTRAL,Toluene,2002-02-25T00:00,4.250,µg/m³,VOC,N/A
90227,CALGARY CENTRAL,Toluene,2002-03-03T00:00,3.690,µg/m³,VOC,N/A
90227,CALGARY CENTRAL,Toluene,2002-03-09T00:00,3.200,µg/m³,VOC,N/A
90227,CALGARY CENTRAL,Toluene,2002-03-15T00:00,4.180,µg/m³,VOC,N/A
90227,CALGARY CENTRAL,Toluene,2002-03-21T00:00,7.720,µg/m³,VOC,N/A
90227,CALGARY CENTRAL,Toluene,2002-03-27T00:00,2.230,µg/m³,VOC,N/A
90227,CALGARY CENTRAL,Toluene,2002-04-02T00:00,2.400,µg/m³,VOC,N/A
90227,CALGARY CENTRAL,Toluene,2002-04-08T00:00,2.210,µg/m³,VOC,N/A
90227,CALGARY CENTRAL,Toluene,2002-04-14T00:00,1.750,µg/m³,VOC,N/A
90227,CALGARY CENTRAL,Toluene,2002-04-20T00:00,27.700,µg/m³,VOC,N/A
90227,CALGARY CENTRAL,Toluene,2002-04-26T00:00,2.819,µg/m³,VOC,N/A
90227,CALGARY CENTRAL,Toluene,2002-05-02T00:00,2.718,µg/m³,VOC,N/A
90227,CALGARY CENTRAL,Toluene,2002-05-08T00:00,2.458,µg/m³,VOC,N/A
90227,CALGARY CENTRAL,Toluene,2002-05-14T00:00,16.712,µg/m³,VOC,N/A
90227,CALGARY CENTRAL,Toluene,2002-05-20T00:00,1.663,µg/m³,VOC,N/A
90227,CALGARY CENTRAL,Toluene,2002-05-26T00:00,1.629,µg/m³,VOC,N/A
90227,CALGARY CENTRAL,Toluene,2002-06-01T00:00,2.369,µg/m³,VOC,N/A
90227,CALGARY CENTRAL,Toluene,2002-06-07T00:00,1.763,µg/m³,VOC,N/A
90227,CALGARY CENTRAL,Toluene,2002-06-19T00:00,2.239,µg/m³,VOC,N/A
90227,CALGARY CENTRAL,Toluene,2002-06-25T00:00,3.161,µg/m³,VOC,N/A
90227,CALGARY CENTRAL,Toluene,2002-07-01T00:00,1.974,µg/m³,VOC,N/A
90227,CALGARY CENTRAL,Toluene,2002-07-07T00:00,1.842,µg/m³,VOC,N/A
90227,CALGARY CENTRAL,Toluene,2002-07-13T00:00,2.942,µg/m³,VOC,N/A
90227,CALGARY CENTRAL,Toluene,2002-07-19T00:00,2.155,µg/m³,VOC,N/A
90227,CALGARY CENTRAL,Toluene,2002-07-25T00:00,3.899,µg/m³,VOC,N/A
90227,CALGARY CENTRAL,Toluene,2002-07-31T00:00,6.336,µg/m³,VOC,N/A
90227,CALGARY CENTRAL,Toluene,2002-08-06T00:00,3.122,µg/m³,VOC,N/A
90227,CALGARY CENTRAL,Toluene,2002-08-12T00:00,3.002,µg/m³,VOC,N/A
90227,CALGARY CENTRAL,Toluene,2002-08-18T00:00,1.827,µg/m³,VOC,N/A
90227,CALGARY CENTRAL,Toluene,2002-08-24T00:00,2.583,µg/m³,VOC,N/A
90227,CALGARY CENTRAL,Toluene,2002-09-05T00:00,2.908,µg/m³,VOC,N/A
90227,CALGARY CENTRAL,Toluene,2002-09-11T00:00,2.613,µg/m³,VOC,N/A
90227,CALGARY CENTRAL,Toluene,2002-09-17T00:00,5.722,µg/m³,VOC,N/A
90227,CALGARY CENTRAL,Toluene,2002-09-23T00:00,3.400,µg/m³,VOC,N/A
90227,CALGARY CENTRAL,Toluene,2002-09-29T00:00,1.112,µg/m³,VOC,N/A
90227,CALGARY CENTRAL,Toluene,2002-10-05T00:00,1.767,µg/m³,VOC,N/A
90227,CALGARY CENTRAL,Toluene,2002-10-11T00:00,1.603,µg/m³,VOC,N/A
90227,CALGARY CENTRAL,Toluene,2002-10-23T00:00,6.479,µg/m³,VOC,N/A
90227,CALGARY CENTRAL,Toluene,2002-10-29T00:00,4.389,µg/m³,VOC,N/A
90227,CALGARY CENTRAL,Toluene,2002-11-04T00:00,4.111,µg/m³,VOC,N/A
90227,CALGARY CENTRAL,Toluene,2002-11-10T00:00,1.377,µg/m³,VOC,N/A
90227,CALGARY CENTRAL,Toluene,2002-11-16T00:00,8.159,µg/m³,VOC,N/A
90227,CALGARY CENTRAL,Toluene,2002-11-22T00:00,2.693,µg/m³,VOC,N/A
90227,CALGARY CENTRAL,Toluene,2002-11-28T00:00,5.267,µg/m³,VOC,N/A
90227,CALGARY CENTRAL,Toluene,2002-12-04T00:00,4.060,µg/m³,VOC,N/A
90227,CALGARY CENTRAL,Toluene,2002-12-10T00:00,3.166,µg/m³,VOC,N/A
90227,CALGARY CENTRAL,Toluene,2002-12-16T00:00,4.142,µg/m³,VOC,N/A
90227,CALGARY CENTRAL,Toluene,2002-12-22T00:00,2.228,µg/m³,VOC,N/A
90227,CALGARY CENTRAL,Toluene,2002-12-28T00:00,2.408,µg/m³,VOC,N/A
