﻿NAPS_Site_ID,Station_Name,Pollutant,Date,Value,Units,Report_Type,Method
10102,WATER STREET POST OFFICE,cis-2-Butene,2015-12-31T19:00,0.024,µg/m³,VOC,N/A
10102,WATER STREET POST OFFICE,cis-2-Butene,2016-01-06T19:00,0.022,µg/m³,VOC,N/A
10102,WATER STREET POST OFFICE,cis-2-Butene,2016-01-24T19:00,0.026,µg/m³,VOC,N/A
10102,WATER STREET POST OFFICE,cis-2-Butene,2016-01-30T19:00,0.016,µg/m³,VOC,N/A
10102,WATER STREET POST OFFICE,cis-2-Butene,2016-02-05T19:00,0.025,µg/m³,VOC,N/A
10102,WATER STREET POST OFFICE,cis-2-Butene,2016-02-11T19:00,0.040,µg/m³,VOC,N/A
10102,WATER STREET POST OFFICE,cis-2-Butene,2016-02-17T19:00,0.053,µg/m³,VOC,N/A
10102,WATER STREET POST OFFICE,cis-2-Butene,2016-02-23T19:00,0.048,µg/m³,VOC,N/A
10102,WATER STREET POST OFFICE,cis-2-Butene,2016-02-29T19:00,0.011,µg/m³,VOC,N/A
10102,WATER STREET POST OFFICE,cis-2-Butene,2016-03-06T19:00,0.048,µg/m³,VOC,N/A
10102,WATER STREET POST OFFICE,cis-2-Butene,2016-03-12T19:00,0.026,µg/m³,VOC,N/A
10102,WATER STREET POST OFFICE,cis-2-Butene,2016-03-18T20:00,0.012,µg/m³,VOC,N/A
10102,WATER STREET POST OFFICE,cis-2-Butene,2016-03-24T20:00,0.010,µg/m³,VOC,N/A
10102,WATER STREET POST OFFICE,cis-2-Butene,2016-03-30T20:00,0.011,µg/m³,VOC,N/A
10102,WATER STREET POST OFFICE,cis-2-Butene,2016-04-05T20:00,0.017,µg/m³,VOC,N/A
10102,WATER STREET POST OFFICE,cis-2-Butene,2016-04-11T20:00,0.052,µg/m³,VOC,N/A
10102,WATER STREET POST OFFICE,cis-2-Butene,2016-04-17T20:00,0.041,µg/m³,VOC,N/A
10102,WATER STREET POST OFFICE,cis-2-Butene,2016-04-23T20:00,0.057,µg/m³,VOC,N/A
10102,WATER STREET POST OFFICE,cis-2-Butene,2016-04-29T20:00,0.030,µg/m³,VOC,N/A
10102,WATER STREET POST OFFICE,cis-2-Butene,2016-05-05T20:00,0.033,µg/m³,VOC,N/A
10102,WATER STREET POST OFFICE,cis-2-Butene,2016-05-11T20:00,0.022,µg/m³,VOC,N/A
10102,WATER STREET POST OFFICE,cis-2-Butene,2016-05-17T20:00,0.034,µg/m³,VOC,N/A
10102,WATER STREET POST OFFICE,cis-2-Butene,2016-05-23T20:00,0.018,µg/m³,VOC,N/A
10102,WATER STREET POST OFFICE,cis-2-Butene,2016-05-29T20:00,0.040,µg/m³,VOC,N/A
10102,WATER STREET POST OFFICE,cis-2-Butene,2016-06-04T20:00,0.032,µg/m³,VOC,N/A
10102,WATER STREET POST OFFICE,cis-2-Butene,2016-06-10T20:00,0.013,µg/m³,VOC,N/A
10102,WATER STREET POST OFFICE,cis-2-Butene,2016-06-16T20:00,0.036,µg/m³,VOC,N/A
10102,WATER STREET POST OFFICE,cis-2-Butene,2016-06-22T20:00,0.011,µg/m³,VOC,N/A
10102,WATER STREET POST OFFICE,cis-2-Butene,2016-06-28T20:00,0.013,µg/m³,VOC,N/A
10102,WATER STREET POST OFFICE,cis-2-Butene,2016-07-04T20:00,0.022,µg/m³,VOC,N/A
10102,WATER STREET POST OFFICE,cis-2-Butene,2016-07-10T20:00,0.026,µg/m³,VOC,N/A
10102,WATER STREET POST OFFICE,cis-2-Butene,2016-07-16T20:00,0.037,µg/m³,VOC,N/A
10102,WATER STREET POST OFFICE,cis-2-Butene,2016-07-22T20:00,0.016,µg/m³,VOC,N/A
10102,WATER STREET POST OFFICE,cis-2-Butene,2016-07-28T20:00,0.029,µg/m³,VOC,N/A
10102,WATER STREET POST OFFICE,cis-2-Butene,2016-08-03T20:00,0.024,µg/m³,VOC,N/A
10102,WATER STREET POST OFFICE,cis-2-Butene,2016-08-09T20:00,0.164,µg/m³,VOC,N/A
10102,WATER STREET POST OFFICE,cis-2-Butene,2016-08-15T20:00,0.046,µg/m³,VOC,N/A
10102,WATER STREET POST OFFICE,cis-2-Butene,2016-08-21T20:00,0.127,µg/m³,VOC,N/A
10102,WATER STREET POST OFFICE,cis-2-Butene,2016-08-27T20:00,0.071,µg/m³,VOC,N/A
10102,WATER STREET POST OFFICE,cis-2-Butene,2016-09-02T20:00,0.048,µg/m³,VOC,N/A
10102,WATER STREET POST OFFICE,cis-2-Butene,2016-09-08T20:00,0.049,µg/m³,VOC,N/A
10102,WATER STREET POST OFFICE,cis-2-Butene,2016-09-14T20:00,0.017,µg/m³,VOC,N/A
10102,WATER STREET POST OFFICE,cis-2-Butene,2016-09-20T20:00,0.049,µg/m³,VOC,N/A
10102,WATER STREET POST OFFICE,cis-2-Butene,2016-09-26T20:00,0.041,µg/m³,VOC,N/A
10102,WATER STREET POST OFFICE,cis-2-Butene,2016-10-02T20:00,0.029,µg/m³,VOC,N/A
10102,WATER STREET POST OFFICE,cis-2-Butene,2016-10-08T20:00,0.016,µg/m³,VOC,N/A
10102,WATER STREET POST OFFICE,cis-2-Butene,2016-10-14T20:00,0.023,µg/m³,VOC,N/A
10102,WATER STREET POST OFFICE,cis-2-Butene,2016-10-20T20:00,0.048,µg/m³,VOC,N/A
10102,WATER STREET POST OFFICE,cis-2-Butene,2016-10-26T20:00,0.029,µg/m³,VOC,N/A
10102,WATER STREET POST OFFICE,cis-2-Butene,2016-11-01T20:00,0.096,µg/m³,VOC,N/A
10102,WATER STREET POST OFFICE,cis-2-Butene,2016-11-07T19:00,0.032,µg/m³,VOC,N/A
10102,WATER STREET POST OFFICE,cis-2-Butene,2016-11-19T19:00,0.024,µg/m³,VOC,N/A
10102,WATER STREET POST OFFICE,cis-2-Butene,2016-11-25T19:00,0.068,µg/m³,VOC,N/A
10102,WATER STREET POST OFFICE,cis-2-Butene,2016-12-01T19:00,0.023,µg/m³,VOC,N/A
10102,WATER STREET POST OFFICE,cis-2-Butene,2016-12-07T19:00,0.039,µg/m³,VOC,N/A
10102,WATER STREET POST OFFICE,cis-2-Butene,2016-12-13T19:00,0.035,µg/m³,VOC,N/A
10102,WATER STREET POST OFFICE,cis-2-Butene,2016-12-19T19:00,0.064,µg/m³,VOC,N/A
10102,WATER STREET POST OFFICE,cis-2-Butene,2016-12-25T19:00,0.010,µg/m³,VOC,N/A
