﻿NAPS_Site_ID,Station_Name,Pollutant,Date,Value,Units,Report_Type,Method
64401,EGBERT,13C6-PCP,2004-01-10T00:00,0.076,µg/m³,HCB,
64401,EGBERT,13C6-PCP,2004-01-22T00:00,0.068,µg/m³,HCB,
64401,EGBERT,13C6-PCP,2004-02-03T00:00,0.081,µg/m³,HCB,
64401,EGBERT,13C6-PCP,2004-02-15T00:00,0.090,µg/m³,HCB,
64401,EGBERT,13C6-PCP,2004-02-27T00:00,0.104,µg/m³,HCB,
64401,EGBERT,13C6-PCP,2004-03-10T00:00,0.086,µg/m³,HCB,
64401,EGBERT,13C6-PCP,2004-03-22T00:00,0.092,µg/m³,HCB,
64401,EGBERT,13C6-PCP,2004-04-03T00:00,0.090,µg/m³,HCB,
64401,EGBERT,13C6-PCP,2004-04-15T00:00,0.062,µg/m³,HCB,
64401,EGBERT,13C6-PCP,2004-04-27T00:00,0.095,µg/m³,HCB,
64401,EGBERT,13C6-PCP,2004-05-09T00:00,0.065,µg/m³,HCB,
64401,EGBERT,13C6-PCP,2004-06-02T00:00,0.078,µg/m³,HCB,
64401,EGBERT,13C6-PCP,2004-06-14T00:00,0.085,µg/m³,HCB,
64401,EGBERT,13C6-PCP,2004-06-26T00:00,0.088,µg/m³,HCB,
64401,EGBERT,13C6-PCP,2004-07-08T00:00,0.076,µg/m³,HCB,
64401,EGBERT,13C6-PCP,2004-07-20T00:00,0.067,µg/m³,HCB,
64401,EGBERT,13C6-PCP,2004-08-01T00:00,0.088,µg/m³,HCB,
64401,EGBERT,13C6-PCP,2004-08-13T00:00,0.086,µg/m³,HCB,
64401,EGBERT,13C6-PCP,2004-08-25T00:00,0.092,µg/m³,HCB,
64401,EGBERT,13C6-PCP,2004-09-06T00:00,0.092,µg/m³,HCB,
64401,EGBERT,13C6-PCP,2004-09-18T00:00,0.088,µg/m³,HCB,
64401,EGBERT,13C6-PCP,2004-09-30T00:00,0.093,µg/m³,HCB,
64401,EGBERT,13C6-PCP,2004-10-12T00:00,0.071,µg/m³,HCB,
64401,EGBERT,13C6-PCP,2004-10-24T00:00,0.066,µg/m³,HCB,
64401,EGBERT,13C6-PCP,2004-11-05T00:00,0.073,µg/m³,HCB,
64401,EGBERT,13C6-PCP,2004-11-17T00:00,0.080,µg/m³,HCB,
64401,EGBERT,13C6-PCP,2004-12-11T00:00,0.075,µg/m³,HCB,
64401,EGBERT,13C6-PCP,2004-12-23T00:00,0.075,µg/m³,HCB,
