﻿NAPS_Site_ID,Station_Name,Pollutant,Date,Value,Units,Report_Type,Method
60302,KINGSTON,4-Methylheptane,2004-01-04T00:00,0.034,µg/m³,VOC,N/A
60302,KINGSTON,4-Methylheptane,2004-01-10T00:00,0.047,µg/m³,VOC,N/A
60302,KINGSTON,4-Methylheptane,2004-01-16T00:00,0.051,µg/m³,VOC,N/A
60302,KINGSTON,4-Methylheptane,2004-01-22T00:00,0.037,µg/m³,VOC,N/A
60302,KINGSTON,4-Methylheptane,2004-01-28T00:00,0.049,µg/m³,VOC,N/A
60302,KINGSTON,4-Methylheptane,2004-02-03T00:00,0.068,µg/m³,VOC,N/A
60302,KINGSTON,4-Methylheptane,2004-02-09T00:00,0.031,µg/m³,VOC,N/A
60302,KINGSTON,4-Methylheptane,2004-02-15T00:00,0.046,µg/m³,VOC,N/A
60302,KINGSTON,4-Methylheptane,2004-02-21T00:00,0.054,µg/m³,VOC,N/A
60302,KINGSTON,4-Methylheptane,2004-02-27T00:00,0.091,µg/m³,VOC,N/A
60302,KINGSTON,4-Methylheptane,2004-03-04T00:00,0.103,µg/m³,VOC,N/A
60302,KINGSTON,4-Methylheptane,2004-03-10T00:00,0.106,µg/m³,VOC,N/A
60302,KINGSTON,4-Methylheptane,2004-03-16T00:00,0.015,µg/m³,VOC,N/A
60302,KINGSTON,4-Methylheptane,2004-03-22T00:00,0.026,µg/m³,VOC,N/A
60302,KINGSTON,4-Methylheptane,2004-03-28T00:00,0.019,µg/m³,VOC,N/A
