﻿NAPS_Site_ID,Station_Name,Pollutant,Date,Value,Units,Report_Type,Method
100133,BURMOUNT,Chloroethane,1995-01-03T00:00,0.048,µg/m³,VOC,GC-MS
100133,BURMOUNT,Chloroethane,1995-01-15T00:00,0.035,µg/m³,VOC,GC-MS
100133,BURMOUNT,Chloroethane,1995-01-27T00:00,0.042,µg/m³,VOC,GC-MS
100133,BURMOUNT,Chloroethane,1995-02-08T00:00,0.041,µg/m³,VOC,GC-MS
100133,BURMOUNT,Chloroethane,1995-02-20T00:00,0.030,µg/m³,VOC,GC-MS
100133,BURMOUNT,Chloroethane,1995-03-04T00:00,0.000,µg/m³,VOC,GC-MS
100133,BURMOUNT,Chloroethane,1995-03-16T00:00,0.037,µg/m³,VOC,GC-MS
100133,BURMOUNT,Chloroethane,1995-03-28T00:00,0.000,µg/m³,VOC,GC-MS
100133,BURMOUNT,Chloroethane,1995-04-09T00:00,0.000,µg/m³,VOC,GC-MS
100133,BURMOUNT,Chloroethane,1995-05-03T00:00,0.076,µg/m³,VOC,GC-MS
100133,BURMOUNT,Chloroethane,1995-05-09T00:00,0.000,µg/m³,VOC,GC-MS
100133,BURMOUNT,Chloroethane,1995-05-15T00:00,0.000,µg/m³,VOC,GC-MS
100133,BURMOUNT,Chloroethane,1995-06-02T00:00,0.000,µg/m³,VOC,GC-MS
100133,BURMOUNT,Chloroethane,1995-06-14T00:00,0.000,µg/m³,VOC,GC-MS
100133,BURMOUNT,Chloroethane,1995-06-20T00:00,0.000,µg/m³,VOC,GC-MS
100133,BURMOUNT,Chloroethane,1995-06-26T00:00,0.000,µg/m³,VOC,GC-MS
100133,BURMOUNT,Chloroethane,1995-07-02T00:00,0.000,µg/m³,VOC,GC-MS
100133,BURMOUNT,Chloroethane,1995-07-20T00:00,0.000,µg/m³,VOC,GC-MS
100133,BURMOUNT,Chloroethane,1995-08-31T00:00,0.080,µg/m³,VOC,GC-MS
100133,BURMOUNT,Chloroethane,1995-09-12T00:00,0.050,µg/m³,VOC,GC-MS
100133,BURMOUNT,Chloroethane,1995-09-30T00:00,0.000,µg/m³,VOC,GC-MS
100133,BURMOUNT,Chloroethane,1995-10-12T00:00,0.033,µg/m³,VOC,GC-MS
100133,BURMOUNT,Chloroethane,1995-10-18T00:00,0.049,µg/m³,VOC,GC-MS
100133,BURMOUNT,Chloroethane,1995-10-24T00:00,0.020,µg/m³,VOC,GC-MS
100133,BURMOUNT,Chloroethane,1995-10-30T00:00,0.029,µg/m³,VOC,GC-MS
100133,BURMOUNT,Chloroethane,1995-11-11T00:00,0.033,µg/m³,VOC,GC-MS
100133,BURMOUNT,Chloroethane,1995-11-23T00:00,0.000,µg/m³,VOC,GC-MS
100133,BURMOUNT,Chloroethane,1995-12-05T00:00,0.000,µg/m³,VOC,GC-MS
100133,BURMOUNT,Chloroethane,1995-12-29T00:00,0.000,µg/m³,VOC,GC-MS
