﻿NAPS_Site_ID,Station_Name,Pollutant,Date,Value,Units,Report_Type,Method
50133,MONTRÉAL-CHENIER,Freon 12,2009-01-01T00:00,2.751,µg/m³,VOC,N/A
50133,MONTRÉAL-CHENIER,Freon 12,2009-01-07T00:00,2.354,µg/m³,VOC,N/A
50133,MONTRÉAL-CHENIER,Freon 12,2009-01-13T00:00,2.322,µg/m³,VOC,N/A
50133,MONTRÉAL-CHENIER,Freon 12,2009-01-19T00:00,2.567,µg/m³,VOC,N/A
50133,MONTRÉAL-CHENIER,Freon 12,2009-01-25T00:00,2.264,µg/m³,VOC,N/A
50133,MONTRÉAL-CHENIER,Freon 12,2009-01-31T00:00,2.476,µg/m³,VOC,N/A
50133,MONTRÉAL-CHENIER,Freon 12,2009-02-06T00:00,2.480,µg/m³,VOC,N/A
50133,MONTRÉAL-CHENIER,Freon 12,2009-02-12T00:00,2.324,µg/m³,VOC,N/A
50133,MONTRÉAL-CHENIER,Freon 12,2009-02-18T00:00,2.342,µg/m³,VOC,N/A
50133,MONTRÉAL-CHENIER,Freon 12,2009-02-24T00:00,2.142,µg/m³,VOC,N/A
50133,MONTRÉAL-CHENIER,Freon 12,2009-03-02T00:00,2.478,µg/m³,VOC,N/A
50133,MONTRÉAL-CHENIER,Freon 12,2009-03-08T00:00,2.399,µg/m³,VOC,N/A
50133,MONTRÉAL-CHENIER,Freon 12,2009-03-14T00:00,2.508,µg/m³,VOC,N/A
50133,MONTRÉAL-CHENIER,Freon 12,2009-03-20T00:00,2.518,µg/m³,VOC,N/A
50133,MONTRÉAL-CHENIER,Freon 12,2009-03-26T00:00,2.443,µg/m³,VOC,N/A
50133,MONTRÉAL-CHENIER,Freon 12,2009-04-01T00:00,2.348,µg/m³,VOC,N/A
50133,MONTRÉAL-CHENIER,Freon 12,2009-04-07T00:00,2.356,µg/m³,VOC,N/A
50133,MONTRÉAL-CHENIER,Freon 12,2009-04-13T00:00,2.285,µg/m³,VOC,N/A
50133,MONTRÉAL-CHENIER,Freon 12,2009-04-19T00:00,2.401,µg/m³,VOC,N/A
50133,MONTRÉAL-CHENIER,Freon 12,2009-04-25T00:00,2.381,µg/m³,VOC,N/A
50133,MONTRÉAL-CHENIER,Freon 12,2009-05-01T00:00,2.454,µg/m³,VOC,N/A
50133,MONTRÉAL-CHENIER,Freon 12,2009-05-07T00:00,2.460,µg/m³,VOC,N/A
50133,MONTRÉAL-CHENIER,Freon 12,2009-05-13T00:00,2.568,µg/m³,VOC,N/A
50133,MONTRÉAL-CHENIER,Freon 12,2009-05-19T00:00,2.455,µg/m³,VOC,N/A
50133,MONTRÉAL-CHENIER,Freon 12,2009-05-31T00:00,2.448,µg/m³,VOC,N/A
50133,MONTRÉAL-CHENIER,Freon 12,2009-06-06T00:00,2.373,µg/m³,VOC,N/A
50133,MONTRÉAL-CHENIER,Freon 12,2009-06-12T00:00,2.538,µg/m³,VOC,N/A
50133,MONTRÉAL-CHENIER,Freon 12,2009-06-18T00:00,2.562,µg/m³,VOC,N/A
50133,MONTRÉAL-CHENIER,Freon 12,2009-06-24T00:00,2.380,µg/m³,VOC,N/A
50133,MONTRÉAL-CHENIER,Freon 12,2009-06-30T00:00,2.369,µg/m³,VOC,N/A
50133,MONTRÉAL-CHENIER,Freon 12,2009-07-06T00:00,2.477,µg/m³,VOC,N/A
50133,MONTRÉAL-CHENIER,Freon 12,2009-07-12T00:00,2.429,µg/m³,VOC,N/A
50133,MONTRÉAL-CHENIER,Freon 12,2009-07-18T00:00,2.466,µg/m³,VOC,N/A
50133,MONTRÉAL-CHENIER,Freon 12,2009-07-24T00:00,2.489,µg/m³,VOC,N/A
50133,MONTRÉAL-CHENIER,Freon 12,2009-07-30T00:00,2.713,µg/m³,VOC,N/A
50133,MONTRÉAL-CHENIER,Freon 12,2009-08-05T00:00,2.762,µg/m³,VOC,N/A
50133,MONTRÉAL-CHENIER,Freon 12,2009-08-11T00:00,2.584,µg/m³,VOC,N/A
50133,MONTRÉAL-CHENIER,Freon 12,2009-08-17T00:00,2.654,µg/m³,VOC,N/A
50133,MONTRÉAL-CHENIER,Freon 12,2009-08-23T00:00,2.865,µg/m³,VOC,N/A
50133,MONTRÉAL-CHENIER,Freon 12,2009-08-29T00:00,2.769,µg/m³,VOC,N/A
50133,MONTRÉAL-CHENIER,Freon 12,2009-09-04T00:00,2.839,µg/m³,VOC,N/A
50133,MONTRÉAL-CHENIER,Freon 12,2009-09-10T00:00,2.567,µg/m³,VOC,N/A
50133,MONTRÉAL-CHENIER,Freon 12,2009-09-16T00:00,2.437,µg/m³,VOC,N/A
50133,MONTRÉAL-CHENIER,Freon 12,2009-09-22T00:00,2.591,µg/m³,VOC,N/A
50133,MONTRÉAL-CHENIER,Freon 12,2009-09-28T00:00,2.713,µg/m³,VOC,N/A
50133,MONTRÉAL-CHENIER,Freon 12,2009-10-04T00:00,2.683,µg/m³,VOC,N/A
50133,MONTRÉAL-CHENIER,Freon 12,2009-10-22T00:00,2.640,µg/m³,VOC,N/A
50133,MONTRÉAL-CHENIER,Freon 12,2009-10-28T00:00,2.416,µg/m³,VOC,N/A
50133,MONTRÉAL-CHENIER,Freon 12,2009-11-03T00:00,2.439,µg/m³,VOC,N/A
50133,MONTRÉAL-CHENIER,Freon 12,2009-11-09T00:00,2.775,µg/m³,VOC,N/A
50133,MONTRÉAL-CHENIER,Freon 12,2009-11-15T00:00,3.079,µg/m³,VOC,N/A
50133,MONTRÉAL-CHENIER,Freon 12,2009-11-21T00:00,2.639,µg/m³,VOC,N/A
50133,MONTRÉAL-CHENIER,Freon 12,2009-11-27T00:00,2.635,µg/m³,VOC,N/A
50133,MONTRÉAL-CHENIER,Freon 12,2009-12-03T00:00,2.806,µg/m³,VOC,N/A
50133,MONTRÉAL-CHENIER,Freon 12,2009-12-09T00:00,2.716,µg/m³,VOC,N/A
50133,MONTRÉAL-CHENIER,Freon 12,2009-12-15T00:00,2.729,µg/m³,VOC,N/A
50133,MONTRÉAL-CHENIER,Freon 12,2009-12-21T00:00,2.502,µg/m³,VOC,N/A
50133,MONTRÉAL-CHENIER,Freon 12,2009-12-27T00:00,2.591,µg/m³,VOC,N/A
