﻿NAPS_Site_ID,Station_Name,Pollutant,Date,Value,Units,Report_Type,Method
54102,ROUND TOP RIDGE,Isobutane,1999-01-06T00:00,0.596,µg/m³,VOC,N/A
54102,ROUND TOP RIDGE,Isobutane,1999-01-09T00:00,1.150,µg/m³,VOC,N/A
54102,ROUND TOP RIDGE,Isobutane,1999-01-12T00:00,1.026,µg/m³,VOC,N/A
54102,ROUND TOP RIDGE,Isobutane,1999-01-15T00:00,0.521,µg/m³,VOC,N/A
54102,ROUND TOP RIDGE,Isobutane,1999-01-24T00:00,1.505,µg/m³,VOC,N/A
54102,ROUND TOP RIDGE,Isobutane,1999-01-27T00:00,1.312,µg/m³,VOC,N/A
54102,ROUND TOP RIDGE,Isobutane,1999-01-30T00:00,1.213,µg/m³,VOC,N/A
54102,ROUND TOP RIDGE,Isobutane,1999-02-02T00:00,0.399,µg/m³,VOC,N/A
54102,ROUND TOP RIDGE,Isobutane,1999-02-05T00:00,1.118,µg/m³,VOC,N/A
54102,ROUND TOP RIDGE,Isobutane,1999-02-08T00:00,0.368,µg/m³,VOC,N/A
54102,ROUND TOP RIDGE,Isobutane,1999-02-14T00:00,0.383,µg/m³,VOC,N/A
54102,ROUND TOP RIDGE,Isobutane,1999-02-17T00:00,0.488,µg/m³,VOC,N/A
54102,ROUND TOP RIDGE,Isobutane,1999-02-20T00:00,0.551,µg/m³,VOC,N/A
54102,ROUND TOP RIDGE,Isobutane,1999-02-23T00:00,0.597,µg/m³,VOC,N/A
54102,ROUND TOP RIDGE,Isobutane,1999-03-01T00:00,0.659,µg/m³,VOC,N/A
54102,ROUND TOP RIDGE,Isobutane,1999-03-04T00:00,1.074,µg/m³,VOC,N/A
54102,ROUND TOP RIDGE,Isobutane,1999-03-07T00:00,0.585,µg/m³,VOC,N/A
54102,ROUND TOP RIDGE,Isobutane,1999-03-10T00:00,0.566,µg/m³,VOC,N/A
54102,ROUND TOP RIDGE,Isobutane,1999-03-13T00:00,1.268,µg/m³,VOC,N/A
54102,ROUND TOP RIDGE,Isobutane,1999-03-16T00:00,0.562,µg/m³,VOC,N/A
54102,ROUND TOP RIDGE,Isobutane,1999-03-19T00:00,0.574,µg/m³,VOC,N/A
54102,ROUND TOP RIDGE,Isobutane,1999-03-22T00:00,0.389,µg/m³,VOC,N/A
54102,ROUND TOP RIDGE,Isobutane,1999-03-25T00:00,0.305,µg/m³,VOC,N/A
54102,ROUND TOP RIDGE,Isobutane,1999-03-28T00:00,0.264,µg/m³,VOC,N/A
54102,ROUND TOP RIDGE,Isobutane,1999-03-31T00:00,0.323,µg/m³,VOC,N/A
54102,ROUND TOP RIDGE,Isobutane,1999-04-03T00:00,0.598,µg/m³,VOC,N/A
54102,ROUND TOP RIDGE,Isobutane,1999-04-06T00:00,0.292,µg/m³,VOC,N/A
54102,ROUND TOP RIDGE,Isobutane,1999-04-12T00:00,0.278,µg/m³,VOC,N/A
54102,ROUND TOP RIDGE,Isobutane,1999-04-15T00:00,0.271,µg/m³,VOC,N/A
54102,ROUND TOP RIDGE,Isobutane,1999-04-18T00:00,0.510,µg/m³,VOC,N/A
54102,ROUND TOP RIDGE,Isobutane,1999-04-21T00:00,0.185,µg/m³,VOC,N/A
54102,ROUND TOP RIDGE,Isobutane,1999-04-24T00:00,0.528,µg/m³,VOC,N/A
54102,ROUND TOP RIDGE,Isobutane,1999-04-27T00:00,0.239,µg/m³,VOC,N/A
54102,ROUND TOP RIDGE,Isobutane,1999-04-30T00:00,0.135,µg/m³,VOC,N/A
54102,ROUND TOP RIDGE,Isobutane,1999-05-03T00:00,0.131,µg/m³,VOC,N/A
54102,ROUND TOP RIDGE,Isobutane,1999-05-06T00:00,0.079,µg/m³,VOC,N/A
54102,ROUND TOP RIDGE,Isobutane,1999-05-09T00:00,0.269,µg/m³,VOC,N/A
54102,ROUND TOP RIDGE,Isobutane,1999-05-12T00:00,0.207,µg/m³,VOC,N/A
54102,ROUND TOP RIDGE,Isobutane,1999-05-15T00:00,0.137,µg/m³,VOC,N/A
54102,ROUND TOP RIDGE,Isobutane,1999-05-18T00:00,0.102,µg/m³,VOC,N/A
54102,ROUND TOP RIDGE,Isobutane,1999-05-21T00:00,0.194,µg/m³,VOC,N/A
54102,ROUND TOP RIDGE,Isobutane,1999-05-24T00:00,0.127,µg/m³,VOC,N/A
54102,ROUND TOP RIDGE,Isobutane,1999-05-27T00:00,0.116,µg/m³,VOC,N/A
54102,ROUND TOP RIDGE,Isobutane,1999-05-30T00:00,0.182,µg/m³,VOC,N/A
54102,ROUND TOP RIDGE,Isobutane,1999-06-02T00:00,0.139,µg/m³,VOC,N/A
54102,ROUND TOP RIDGE,Isobutane,1999-06-05T00:00,0.111,µg/m³,VOC,N/A
54102,ROUND TOP RIDGE,Isobutane,1999-06-08T00:00,0.115,µg/m³,VOC,N/A
54102,ROUND TOP RIDGE,Isobutane,1999-06-11T00:00,0.091,µg/m³,VOC,N/A
54102,ROUND TOP RIDGE,Isobutane,1999-06-14T00:00,0.042,µg/m³,VOC,N/A
54102,ROUND TOP RIDGE,Isobutane,1999-06-17T00:00,0.077,µg/m³,VOC,N/A
54102,ROUND TOP RIDGE,Isobutane,1999-06-23T00:00,0.110,µg/m³,VOC,N/A
54102,ROUND TOP RIDGE,Isobutane,1999-06-26T00:00,0.183,µg/m³,VOC,N/A
54102,ROUND TOP RIDGE,Isobutane,1999-06-29T00:00,0.275,µg/m³,VOC,N/A
54102,ROUND TOP RIDGE,Isobutane,1999-07-02T00:00,0.289,µg/m³,VOC,N/A
54102,ROUND TOP RIDGE,Isobutane,1999-07-05T00:00,0.118,µg/m³,VOC,N/A
54102,ROUND TOP RIDGE,Isobutane,1999-07-08T00:00,0.099,µg/m³,VOC,N/A
54102,ROUND TOP RIDGE,Isobutane,1999-07-11T00:00,0.098,µg/m³,VOC,N/A
54102,ROUND TOP RIDGE,Isobutane,1999-07-14T00:00,0.136,µg/m³,VOC,N/A
54102,ROUND TOP RIDGE,Isobutane,1999-07-17T00:00,0.316,µg/m³,VOC,N/A
54102,ROUND TOP RIDGE,Isobutane,1999-07-20T00:00,0.109,µg/m³,VOC,N/A
54102,ROUND TOP RIDGE,Isobutane,1999-07-23T00:00,0.178,µg/m³,VOC,N/A
54102,ROUND TOP RIDGE,Isobutane,1999-07-26T00:00,0.176,µg/m³,VOC,N/A
54102,ROUND TOP RIDGE,Isobutane,1999-07-29T00:00,0.135,µg/m³,VOC,N/A
54102,ROUND TOP RIDGE,Isobutane,1999-08-01T00:00,0.107,µg/m³,VOC,N/A
54102,ROUND TOP RIDGE,Isobutane,1999-08-04T00:00,0.125,µg/m³,VOC,N/A
54102,ROUND TOP RIDGE,Isobutane,1999-08-07T00:00,0.089,µg/m³,VOC,N/A
54102,ROUND TOP RIDGE,Isobutane,1999-08-10T00:00,0.063,µg/m³,VOC,N/A
54102,ROUND TOP RIDGE,Isobutane,1999-08-13T00:00,0.276,µg/m³,VOC,N/A
54102,ROUND TOP RIDGE,Isobutane,1999-08-16T00:00,0.119,µg/m³,VOC,N/A
54102,ROUND TOP RIDGE,Isobutane,1999-08-19T00:00,0.102,µg/m³,VOC,N/A
54102,ROUND TOP RIDGE,Isobutane,1999-08-22T00:00,0.053,µg/m³,VOC,N/A
54102,ROUND TOP RIDGE,Isobutane,1999-08-25T00:00,0.247,µg/m³,VOC,N/A
54102,ROUND TOP RIDGE,Isobutane,1999-08-28T00:00,0.180,µg/m³,VOC,N/A
54102,ROUND TOP RIDGE,Isobutane,1999-08-31T00:00,0.059,µg/m³,VOC,N/A
54102,ROUND TOP RIDGE,Isobutane,1999-09-03T00:00,0.234,µg/m³,VOC,N/A
54102,ROUND TOP RIDGE,Isobutane,1999-09-06T00:00,0.088,µg/m³,VOC,N/A
54102,ROUND TOP RIDGE,Isobutane,1999-09-24T00:00,0.182,µg/m³,VOC,N/A
54102,ROUND TOP RIDGE,Isobutane,1999-09-27T00:00,0.309,µg/m³,VOC,N/A
54102,ROUND TOP RIDGE,Isobutane,1999-09-30T00:00,0.077,µg/m³,VOC,N/A
54102,ROUND TOP RIDGE,Isobutane,1999-10-03T00:00,0.158,µg/m³,VOC,N/A
54102,ROUND TOP RIDGE,Isobutane,1999-10-12T00:00,0.249,µg/m³,VOC,N/A
54102,ROUND TOP RIDGE,Isobutane,1999-10-15T00:00,0.080,µg/m³,VOC,N/A
54102,ROUND TOP RIDGE,Isobutane,1999-10-21T00:00,0.162,µg/m³,VOC,N/A
54102,ROUND TOP RIDGE,Isobutane,1999-10-27T00:00,0.138,µg/m³,VOC,N/A
54102,ROUND TOP RIDGE,Isobutane,1999-12-08T00:00,0.369,µg/m³,VOC,N/A
54102,ROUND TOP RIDGE,Isobutane,1999-12-23T00:00,0.325,µg/m³,VOC,N/A
54102,ROUND TOP RIDGE,Isobutane,1999-12-26T00:00,0.602,µg/m³,VOC,N/A
54102,ROUND TOP RIDGE,Isobutane,1999-12-29T00:00,0.408,µg/m³,VOC,N/A
