﻿NAPS_Site_ID,Station_Name,Pollutant,Date,Value,Units,Report_Type,Method
100304,VICTORIA TOPAZ,Silicon,1999-01-12T00:00,0.055,µg/m³,DICHOT,EDXRF
100304,VICTORIA TOPAZ,Silicon,1999-01-12T00:00,0.350,µg/m³,DICHOT,EDXRF
100304,VICTORIA TOPAZ,Silicon,1999-01-18T00:00,0.000,µg/m³,DICHOT,EDXRF
100304,VICTORIA TOPAZ,Silicon,1999-01-18T00:00,0.000,µg/m³,DICHOT,EDXRF
100304,VICTORIA TOPAZ,Silicon,1999-01-24T00:00,0.016,µg/m³,DICHOT,EDXRF
100304,VICTORIA TOPAZ,Silicon,1999-01-24T00:00,0.405,µg/m³,DICHOT,EDXRF
100304,VICTORIA TOPAZ,Silicon,1999-01-30T00:00,0.001,µg/m³,DICHOT,EDXRF
100304,VICTORIA TOPAZ,Silicon,1999-01-30T00:00,0.031,µg/m³,DICHOT,EDXRF
100304,VICTORIA TOPAZ,Silicon,1999-02-05T00:00,0.000,µg/m³,DICHOT,EDXRF
100304,VICTORIA TOPAZ,Silicon,1999-02-05T00:00,0.061,µg/m³,DICHOT,EDXRF
100304,VICTORIA TOPAZ,Silicon,1999-02-11T00:00,0.030,µg/m³,DICHOT,EDXRF
100304,VICTORIA TOPAZ,Silicon,1999-02-11T00:00,0.498,µg/m³,DICHOT,EDXRF
100304,VICTORIA TOPAZ,Silicon,1999-02-17T00:00,0.023,µg/m³,DICHOT,EDXRF
100304,VICTORIA TOPAZ,Silicon,1999-02-17T00:00,0.218,µg/m³,DICHOT,EDXRF
100304,VICTORIA TOPAZ,Silicon,1999-02-23T00:00,0.030,µg/m³,DICHOT,EDXRF
100304,VICTORIA TOPAZ,Silicon,1999-02-23T00:00,0.131,µg/m³,DICHOT,EDXRF
100304,VICTORIA TOPAZ,Silicon,1999-03-01T00:00,0.045,µg/m³,DICHOT,EDXRF
100304,VICTORIA TOPAZ,Silicon,1999-03-01T00:00,0.233,µg/m³,DICHOT,EDXRF
100304,VICTORIA TOPAZ,Silicon,1999-04-24T00:00,0.124,µg/m³,DICHOT,EDXRF
100304,VICTORIA TOPAZ,Silicon,1999-04-24T00:00,1.433,µg/m³,DICHOT,EDXRF
100304,VICTORIA TOPAZ,Silicon,1999-04-30T00:00,0.031,µg/m³,DICHOT,EDXRF
100304,VICTORIA TOPAZ,Silicon,1999-04-30T00:00,0.224,µg/m³,DICHOT,EDXRF
100304,VICTORIA TOPAZ,Silicon,1999-05-06T00:00,0.069,µg/m³,DICHOT,EDXRF
100304,VICTORIA TOPAZ,Silicon,1999-05-06T00:00,0.360,µg/m³,DICHOT,EDXRF
100304,VICTORIA TOPAZ,Silicon,1999-05-12T00:00,0.028,µg/m³,DICHOT,EDXRF
100304,VICTORIA TOPAZ,Silicon,1999-05-12T00:00,0.524,µg/m³,DICHOT,EDXRF
100304,VICTORIA TOPAZ,Silicon,1999-05-18T00:00,0.112,µg/m³,DICHOT,EDXRF
100304,VICTORIA TOPAZ,Silicon,1999-05-18T00:00,0.282,µg/m³,DICHOT,EDXRF
100304,VICTORIA TOPAZ,Silicon,1999-05-24T00:00,0.035,µg/m³,DICHOT,EDXRF
100304,VICTORIA TOPAZ,Silicon,1999-05-24T00:00,0.333,µg/m³,DICHOT,EDXRF
100304,VICTORIA TOPAZ,Silicon,1999-05-30T00:00,0.092,µg/m³,DICHOT,EDXRF
100304,VICTORIA TOPAZ,Silicon,1999-05-30T00:00,0.374,µg/m³,DICHOT,EDXRF
100304,VICTORIA TOPAZ,Silicon,1999-06-05T00:00,0.037,µg/m³,DICHOT,EDXRF
100304,VICTORIA TOPAZ,Silicon,1999-06-05T00:00,0.326,µg/m³,DICHOT,EDXRF
100304,VICTORIA TOPAZ,Silicon,1999-06-11T00:00,0.073,µg/m³,DICHOT,EDXRF
100304,VICTORIA TOPAZ,Silicon,1999-06-11T00:00,1.457,µg/m³,DICHOT,EDXRF
100304,VICTORIA TOPAZ,Silicon,1999-06-23T00:00,0.131,µg/m³,DICHOT,EDXRF
100304,VICTORIA TOPAZ,Silicon,1999-06-23T00:00,0.204,µg/m³,DICHOT,EDXRF
100304,VICTORIA TOPAZ,Silicon,1999-07-23T00:00,0.157,µg/m³,DICHOT,EDXRF
100304,VICTORIA TOPAZ,Silicon,1999-07-23T00:00,3.400,µg/m³,DICHOT,EDXRF
100304,VICTORIA TOPAZ,Silicon,1999-07-29T00:00,0.195,µg/m³,DICHOT,EDXRF
100304,VICTORIA TOPAZ,Silicon,1999-07-29T00:00,1.802,µg/m³,DICHOT,EDXRF
100304,VICTORIA TOPAZ,Silicon,1999-08-04T00:00,0.110,µg/m³,DICHOT,EDXRF
100304,VICTORIA TOPAZ,Silicon,1999-08-04T00:00,1.593,µg/m³,DICHOT,EDXRF
100304,VICTORIA TOPAZ,Silicon,1999-08-10T00:00,0.071,µg/m³,DICHOT,EDXRF
100304,VICTORIA TOPAZ,Silicon,1999-08-10T00:00,1.435,µg/m³,DICHOT,EDXRF
100304,VICTORIA TOPAZ,Silicon,1999-08-16T00:00,0.099,µg/m³,DICHOT,EDXRF
100304,VICTORIA TOPAZ,Silicon,1999-08-16T00:00,0.519,µg/m³,DICHOT,EDXRF
100304,VICTORIA TOPAZ,Silicon,1999-08-28T00:00,0.075,µg/m³,DICHOT,EDXRF
100304,VICTORIA TOPAZ,Silicon,1999-08-28T00:00,1.110,µg/m³,DICHOT,EDXRF
100304,VICTORIA TOPAZ,Silicon,1999-09-03T00:00,0.156,µg/m³,DICHOT,EDXRF
100304,VICTORIA TOPAZ,Silicon,1999-09-03T00:00,1.333,µg/m³,DICHOT,EDXRF
100304,VICTORIA TOPAZ,Silicon,1999-09-09T00:00,0.198,µg/m³,DICHOT,EDXRF
100304,VICTORIA TOPAZ,Silicon,1999-09-09T00:00,3.179,µg/m³,DICHOT,EDXRF
100304,VICTORIA TOPAZ,Silicon,1999-09-15T00:00,0.146,µg/m³,DICHOT,EDXRF
100304,VICTORIA TOPAZ,Silicon,1999-09-15T00:00,3.196,µg/m³,DICHOT,EDXRF
100304,VICTORIA TOPAZ,Silicon,1999-09-21T00:00,0.211,µg/m³,DICHOT,EDXRF
100304,VICTORIA TOPAZ,Silicon,1999-09-21T00:00,2.941,µg/m³,DICHOT,EDXRF
100304,VICTORIA TOPAZ,Silicon,1999-09-27T00:00,0.014,µg/m³,DICHOT,EDXRF
100304,VICTORIA TOPAZ,Silicon,1999-09-27T00:00,0.699,µg/m³,DICHOT,EDXRF
100304,VICTORIA TOPAZ,Silicon,1999-10-03T00:00,0.006,µg/m³,DICHOT,EDXRF
100304,VICTORIA TOPAZ,Silicon,1999-10-03T00:00,0.831,µg/m³,DICHOT,EDXRF
100304,VICTORIA TOPAZ,Silicon,1999-10-09T00:00,0.063,µg/m³,DICHOT,EDXRF
100304,VICTORIA TOPAZ,Silicon,1999-10-09T00:00,0.135,µg/m³,DICHOT,EDXRF
100304,VICTORIA TOPAZ,Silicon,1999-10-15T00:00,0.025,µg/m³,DICHOT,EDXRF
100304,VICTORIA TOPAZ,Silicon,1999-10-15T00:00,0.908,µg/m³,DICHOT,EDXRF
100304,VICTORIA TOPAZ,Silicon,1999-10-21T00:00,0.127,µg/m³,DICHOT,EDXRF
100304,VICTORIA TOPAZ,Silicon,1999-10-21T00:00,5.644,µg/m³,DICHOT,EDXRF
100304,VICTORIA TOPAZ,Silicon,1999-10-27T00:00,0.024,µg/m³,DICHOT,EDXRF
100304,VICTORIA TOPAZ,Silicon,1999-10-27T00:00,0.418,µg/m³,DICHOT,EDXRF
100304,VICTORIA TOPAZ,Silicon,1999-11-02T00:00,0.032,µg/m³,DICHOT,EDXRF
100304,VICTORIA TOPAZ,Silicon,1999-11-02T00:00,0.147,µg/m³,DICHOT,EDXRF
100304,VICTORIA TOPAZ,Silicon,1999-11-08T00:00,0.000,µg/m³,DICHOT,EDXRF
100304,VICTORIA TOPAZ,Silicon,1999-11-08T00:00,0.058,µg/m³,DICHOT,EDXRF
100304,VICTORIA TOPAZ,Silicon,1999-11-20T00:00,0.000,µg/m³,DICHOT,EDXRF
100304,VICTORIA TOPAZ,Silicon,1999-11-20T00:00,0.073,µg/m³,DICHOT,EDXRF
100304,VICTORIA TOPAZ,Silicon,1999-11-26T00:00,0.000,µg/m³,DICHOT,EDXRF
100304,VICTORIA TOPAZ,Silicon,1999-11-26T00:00,0.384,µg/m³,DICHOT,EDXRF
100304,VICTORIA TOPAZ,Silicon,1999-12-02T00:00,0.000,µg/m³,DICHOT,EDXRF
100304,VICTORIA TOPAZ,Silicon,1999-12-02T00:00,0.157,µg/m³,DICHOT,EDXRF
100304,VICTORIA TOPAZ,Silicon,1999-12-08T00:00,0.000,µg/m³,DICHOT,EDXRF
100304,VICTORIA TOPAZ,Silicon,1999-12-08T00:00,0.006,µg/m³,DICHOT,EDXRF
100304,VICTORIA TOPAZ,Silicon,1999-12-14T00:00,0.000,µg/m³,DICHOT,EDXRF
100304,VICTORIA TOPAZ,Silicon,1999-12-14T00:00,0.000,µg/m³,DICHOT,EDXRF
100304,VICTORIA TOPAZ,Silicon,1999-12-20T00:00,0.000,µg/m³,DICHOT,EDXRF
100304,VICTORIA TOPAZ,Silicon,1999-12-20T00:00,0.047,µg/m³,DICHOT,EDXRF
100304,VICTORIA TOPAZ,Silicon,1999-12-26T00:00,0.006,µg/m³,DICHOT,EDXRF
100304,VICTORIA TOPAZ,Silicon,1999-12-26T00:00,0.011,µg/m³,DICHOT,EDXRF
