﻿NAPS_Site_ID,Station_Name,Pollutant,Date,Value,Units,Report_Type,Method
100111,ROCKY POINT PARK,trans-2-Butene,2012-01-04T00:00,0.080,µg/m³,VOC,
100111,ROCKY POINT PARK,trans-2-Butene,2012-01-10T00:00,0.229,µg/m³,VOC,
100111,ROCKY POINT PARK,trans-2-Butene,2012-01-16T00:00,0.125,µg/m³,VOC,
100111,ROCKY POINT PARK,trans-2-Butene,2012-01-22T00:00,0.103,µg/m³,VOC,
100111,ROCKY POINT PARK,trans-2-Butene,2012-01-28T00:00,0.227,µg/m³,VOC,
100111,ROCKY POINT PARK,trans-2-Butene,2012-02-03T00:00,1.125,µg/m³,VOC,
100111,ROCKY POINT PARK,trans-2-Butene,2012-02-09T00:00,0.237,µg/m³,VOC,
100111,ROCKY POINT PARK,trans-2-Butene,2012-02-15T00:00,0.188,µg/m³,VOC,
100111,ROCKY POINT PARK,trans-2-Butene,2012-02-21T00:00,0.101,µg/m³,VOC,
100111,ROCKY POINT PARK,trans-2-Butene,2012-02-27T00:00,0.243,µg/m³,VOC,
100111,ROCKY POINT PARK,trans-2-Butene,2012-03-04T00:00,0.158,µg/m³,VOC,
100111,ROCKY POINT PARK,trans-2-Butene,2012-03-10T00:00,0.044,µg/m³,VOC,
100111,ROCKY POINT PARK,trans-2-Butene,2012-03-16T00:00,0.079,µg/m³,VOC,
100111,ROCKY POINT PARK,trans-2-Butene,2012-03-22T00:00,0.110,µg/m³,VOC,
100111,ROCKY POINT PARK,trans-2-Butene,2012-03-28T00:00,0.023,µg/m³,VOC,
100111,ROCKY POINT PARK,trans-2-Butene,2012-04-03T00:00,0.078,µg/m³,VOC,
100111,ROCKY POINT PARK,trans-2-Butene,2012-04-09T00:00,0.226,µg/m³,VOC,
100111,ROCKY POINT PARK,trans-2-Butene,2012-04-15T00:00,0.032,µg/m³,VOC,
100111,ROCKY POINT PARK,trans-2-Butene,2012-04-21T00:00,0.103,µg/m³,VOC,
100111,ROCKY POINT PARK,trans-2-Butene,2012-04-27T00:00,0.018,µg/m³,VOC,
100111,ROCKY POINT PARK,trans-2-Butene,2012-05-03T00:00,0.060,µg/m³,VOC,
100111,ROCKY POINT PARK,trans-2-Butene,2012-05-09T00:00,0.044,µg/m³,VOC,
100111,ROCKY POINT PARK,trans-2-Butene,2012-05-15T00:00,0.146,µg/m³,VOC,
100111,ROCKY POINT PARK,trans-2-Butene,2012-05-21T00:00,0.055,µg/m³,VOC,
100111,ROCKY POINT PARK,trans-2-Butene,2012-05-27T00:00,0.025,µg/m³,VOC,
100111,ROCKY POINT PARK,trans-2-Butene,2012-08-01T00:00,0.030,µg/m³,VOC,
100111,ROCKY POINT PARK,trans-2-Butene,2012-08-07T00:00,0.049,µg/m³,VOC,
100111,ROCKY POINT PARK,trans-2-Butene,2012-08-13T00:00,0.091,µg/m³,VOC,
100111,ROCKY POINT PARK,trans-2-Butene,2012-08-19T00:00,0.041,µg/m³,VOC,
100111,ROCKY POINT PARK,trans-2-Butene,2012-08-25T00:00,0.174,µg/m³,VOC,
100111,ROCKY POINT PARK,trans-2-Butene,2012-08-31T00:00,0.149,µg/m³,VOC,
100111,ROCKY POINT PARK,trans-2-Butene,2012-09-06T00:00,0.274,µg/m³,VOC,
100111,ROCKY POINT PARK,trans-2-Butene,2012-09-12T00:00,0.160,µg/m³,VOC,
100111,ROCKY POINT PARK,trans-2-Butene,2012-09-18T00:00,0.284,µg/m³,VOC,
100111,ROCKY POINT PARK,trans-2-Butene,2012-09-24T00:00,0.562,µg/m³,VOC,
100111,ROCKY POINT PARK,trans-2-Butene,2012-09-30T00:00,0.146,µg/m³,VOC,
100111,ROCKY POINT PARK,trans-2-Butene,2012-10-06T00:00,0.266,µg/m³,VOC,
100111,ROCKY POINT PARK,trans-2-Butene,2012-10-12T00:00,0.050,µg/m³,VOC,
100111,ROCKY POINT PARK,trans-2-Butene,2012-10-18T00:00,0.146,µg/m³,VOC,
100111,ROCKY POINT PARK,trans-2-Butene,2012-10-24T00:00,0.115,µg/m³,VOC,
100111,ROCKY POINT PARK,trans-2-Butene,2012-10-24T00:00,0.115,µg/m³,VOC,
100111,ROCKY POINT PARK,trans-2-Butene,2012-10-30T00:00,0.080,µg/m³,VOC,
100111,ROCKY POINT PARK,trans-2-Butene,2012-11-05T00:00,0.787,µg/m³,VOC,
100111,ROCKY POINT PARK,trans-2-Butene,2012-11-11T00:00,0.132,µg/m³,VOC,
100111,ROCKY POINT PARK,trans-2-Butene,2012-11-17T00:00,0.062,µg/m³,VOC,
100111,ROCKY POINT PARK,trans-2-Butene,2012-11-23T00:00,0.071,µg/m³,VOC,
100111,ROCKY POINT PARK,trans-2-Butene,2012-11-29T00:00,0.970,µg/m³,VOC,
100111,ROCKY POINT PARK,trans-2-Butene,2012-12-05T00:00,0.093,µg/m³,VOC,
100111,ROCKY POINT PARK,trans-2-Butene,2012-12-11T00:00,0.094,µg/m³,VOC,
100111,ROCKY POINT PARK,trans-2-Butene,2012-12-17T00:00,0.131,µg/m³,VOC,
100111,ROCKY POINT PARK,trans-2-Butene,2012-12-23T00:00,0.164,µg/m³,VOC,
100111,ROCKY POINT PARK,trans-2-Butene,2012-12-29T00:00,0.070,µg/m³,VOC,
