﻿NAPS_Site_ID,Station_Name,Pollutant,Date,Value,Units,Report_Type,Method
90130,EDMONTON CENTRAL,"1,2,3-Trimethylbenzene",1991-05-18T00:00,0.292,µg/m³,VOC,N/A
90130,EDMONTON CENTRAL,"1,2,3-Trimethylbenzene",1991-05-24T00:00,0.393,µg/m³,VOC,N/A
90130,EDMONTON CENTRAL,"1,2,3-Trimethylbenzene",1991-05-30T00:00,0.764,µg/m³,VOC,N/A
90130,EDMONTON CENTRAL,"1,2,3-Trimethylbenzene",1991-06-05T00:00,0.536,µg/m³,VOC,N/A
90130,EDMONTON CENTRAL,"1,2,3-Trimethylbenzene",1991-06-11T00:00,0.544,µg/m³,VOC,N/A
90130,EDMONTON CENTRAL,"1,2,3-Trimethylbenzene",1991-06-23T00:00,0.000,µg/m³,VOC,N/A
90130,EDMONTON CENTRAL,"1,2,3-Trimethylbenzene",1991-06-29T00:00,0.539,µg/m³,VOC,N/A
90130,EDMONTON CENTRAL,"1,2,3-Trimethylbenzene",1991-07-05T00:00,0.948,µg/m³,VOC,N/A
90130,EDMONTON CENTRAL,"1,2,3-Trimethylbenzene",1991-07-11T00:00,0.894,µg/m³,VOC,N/A
90130,EDMONTON CENTRAL,"1,2,3-Trimethylbenzene",1991-07-17T00:00,0.342,µg/m³,VOC,N/A
90130,EDMONTON CENTRAL,"1,2,3-Trimethylbenzene",1991-07-23T00:00,0.462,µg/m³,VOC,N/A
90130,EDMONTON CENTRAL,"1,2,3-Trimethylbenzene",1991-07-29T00:00,0.423,µg/m³,VOC,N/A
90130,EDMONTON CENTRAL,"1,2,3-Trimethylbenzene",1991-08-04T00:00,0.080,µg/m³,VOC,N/A
90130,EDMONTON CENTRAL,"1,2,3-Trimethylbenzene",1991-08-10T00:00,0.190,µg/m³,VOC,N/A
90130,EDMONTON CENTRAL,"1,2,3-Trimethylbenzene",1991-08-16T00:00,0.536,µg/m³,VOC,N/A
90130,EDMONTON CENTRAL,"1,2,3-Trimethylbenzene",1991-08-22T00:00,0.575,µg/m³,VOC,N/A
90130,EDMONTON CENTRAL,"1,2,3-Trimethylbenzene",1991-08-28T00:00,0.858,µg/m³,VOC,N/A
90130,EDMONTON CENTRAL,"1,2,3-Trimethylbenzene",1991-09-03T00:00,1.071,µg/m³,VOC,N/A
90130,EDMONTON CENTRAL,"1,2,3-Trimethylbenzene",1991-09-09T00:00,0.984,µg/m³,VOC,N/A
90130,EDMONTON CENTRAL,"1,2,3-Trimethylbenzene",1991-09-15T00:00,0.784,µg/m³,VOC,N/A
90130,EDMONTON CENTRAL,"1,2,3-Trimethylbenzene",1991-09-21T00:00,0.547,µg/m³,VOC,N/A
90130,EDMONTON CENTRAL,"1,2,3-Trimethylbenzene",1991-09-27T00:00,1.078,µg/m³,VOC,N/A
90130,EDMONTON CENTRAL,"1,2,3-Trimethylbenzene",1991-10-03T00:00,0.000,µg/m³,VOC,N/A
90130,EDMONTON CENTRAL,"1,2,3-Trimethylbenzene",1991-10-09T00:00,0.823,µg/m³,VOC,N/A
90130,EDMONTON CENTRAL,"1,2,3-Trimethylbenzene",1991-10-15T00:00,0.000,µg/m³,VOC,N/A
90130,EDMONTON CENTRAL,"1,2,3-Trimethylbenzene",1991-10-21T00:00,0.367,µg/m³,VOC,N/A
90130,EDMONTON CENTRAL,"1,2,3-Trimethylbenzene",1991-10-27T00:00,0.000,µg/m³,VOC,N/A
90130,EDMONTON CENTRAL,"1,2,3-Trimethylbenzene",1991-11-02T00:00,0.595,µg/m³,VOC,N/A
90130,EDMONTON CENTRAL,"1,2,3-Trimethylbenzene",1991-11-08T00:00,0.505,µg/m³,VOC,N/A
90130,EDMONTON CENTRAL,"1,2,3-Trimethylbenzene",1991-11-14T00:00,0.781,µg/m³,VOC,N/A
90130,EDMONTON CENTRAL,"1,2,3-Trimethylbenzene",1991-11-20T00:00,0.985,µg/m³,VOC,N/A
90130,EDMONTON CENTRAL,"1,2,3-Trimethylbenzene",1991-12-02T00:00,0.037,µg/m³,VOC,N/A
90130,EDMONTON CENTRAL,"1,2,3-Trimethylbenzene",1991-12-08T00:00,0.642,µg/m³,VOC,N/A
90130,EDMONTON CENTRAL,"1,2,3-Trimethylbenzene",1991-12-14T00:00,0.433,µg/m³,VOC,N/A
90130,EDMONTON CENTRAL,"1,2,3-Trimethylbenzene",1991-12-20T00:00,0.757,µg/m³,VOC,N/A
90130,EDMONTON CENTRAL,"1,2,3-Trimethylbenzene",1991-12-26T00:00,0.358,µg/m³,VOC,N/A
