﻿NAPS_Site_ID,Station_Name,Pollutant,Date,Value,Units,Report_Type,Method
20401,SOUTHAMPTON-Eastern District Agriculture And Forestry,Sulphur,2022-01-05T00:00,0.122,µg/m³,PM2.5,ED-XRF
20401,SOUTHAMPTON-Eastern District Agriculture And Forestry,Sulphur,2022-01-11T00:00,0.189,µg/m³,PM2.5,ED-XRF
20401,SOUTHAMPTON-Eastern District Agriculture And Forestry,Sulphur,2022-01-17T00:00,0.119,µg/m³,PM2.5,ED-XRF
20401,SOUTHAMPTON-Eastern District Agriculture And Forestry,Sulphur,2022-01-23T00:00,0.247,µg/m³,PM2.5,ED-XRF
20401,SOUTHAMPTON-Eastern District Agriculture And Forestry,Sulphur,2022-01-29T00:00,0.260,µg/m³,PM2.5,ED-XRF
20401,SOUTHAMPTON-Eastern District Agriculture And Forestry,Sulphur,2022-02-04T00:00,0.078,µg/m³,PM2.5,ED-XRF
20401,SOUTHAMPTON-Eastern District Agriculture And Forestry,Sulphur,2022-02-16T00:00,0.178,µg/m³,PM2.5,ED-XRF
20401,SOUTHAMPTON-Eastern District Agriculture And Forestry,Sulphur,2022-02-22T00:00,0.291,µg/m³,PM2.5,ED-XRF
20401,SOUTHAMPTON-Eastern District Agriculture And Forestry,Sulphur,2022-02-28T00:00,0.294,µg/m³,PM2.5,ED-XRF
20401,SOUTHAMPTON-Eastern District Agriculture And Forestry,Sulphur,2022-03-06T00:00,0.183,µg/m³,PM2.5,ED-XRF
20401,SOUTHAMPTON-Eastern District Agriculture And Forestry,Sulphur,2022-03-12T00:00,0.178,µg/m³,PM2.5,ED-XRF
20401,SOUTHAMPTON-Eastern District Agriculture And Forestry,Sulphur,2022-03-18T00:00,0.360,µg/m³,PM2.5,ED-XRF
20401,SOUTHAMPTON-Eastern District Agriculture And Forestry,Sulphur,2022-03-24T00:00,0.120,µg/m³,PM2.5,ED-XRF
20401,SOUTHAMPTON-Eastern District Agriculture And Forestry,Sulphur,2022-03-30T00:00,0.167,µg/m³,PM2.5,ED-XRF
20401,SOUTHAMPTON-Eastern District Agriculture And Forestry,Sulphur,2022-04-11T00:00,0.101,µg/m³,PM2.5,ED-XRF
20401,SOUTHAMPTON-Eastern District Agriculture And Forestry,Sulphur,2022-04-17T00:00,0.176,µg/m³,PM2.5,ED-XRF
20401,SOUTHAMPTON-Eastern District Agriculture And Forestry,Sulphur,2022-04-23T00:00,0.204,µg/m³,PM2.5,ED-XRF
20401,SOUTHAMPTON-Eastern District Agriculture And Forestry,Sulphur,2022-04-29T00:00,0.195,µg/m³,PM2.5,ED-XRF
20401,SOUTHAMPTON-Eastern District Agriculture And Forestry,Sulphur,2022-05-05T00:00,0.184,µg/m³,PM2.5,ED-XRF
20401,SOUTHAMPTON-Eastern District Agriculture And Forestry,Sulphur,2022-05-11T00:00,0.135,µg/m³,PM2.5,ED-XRF
20401,SOUTHAMPTON-Eastern District Agriculture And Forestry,Sulphur,2022-05-17T00:00,0.121,µg/m³,PM2.5,ED-XRF
20401,SOUTHAMPTON-Eastern District Agriculture And Forestry,Sulphur,2022-05-23T00:00,0.213,µg/m³,PM2.5,ED-XRF
20401,SOUTHAMPTON-Eastern District Agriculture And Forestry,Sulphur,2022-05-29T00:00,0.100,µg/m³,PM2.5,ED-XRF
20401,SOUTHAMPTON-Eastern District Agriculture And Forestry,Sulphur,2022-06-04T00:00,0.127,µg/m³,PM2.5,ED-XRF
20401,SOUTHAMPTON-Eastern District Agriculture And Forestry,Sulphur,2022-06-10T00:00,0.110,µg/m³,PM2.5,ED-XRF
20401,SOUTHAMPTON-Eastern District Agriculture And Forestry,Sulphur,2022-06-16T00:00,0.120,µg/m³,PM2.5,ED-XRF
20401,SOUTHAMPTON-Eastern District Agriculture And Forestry,Sulphur,2022-06-22T00:00,0.135,µg/m³,PM2.5,ED-XRF
20401,SOUTHAMPTON-Eastern District Agriculture And Forestry,Sulphur,2022-06-28T00:00,0.144,µg/m³,PM2.5,ED-XRF
20401,SOUTHAMPTON-Eastern District Agriculture And Forestry,Sulphur,2022-07-04T00:00,0.050,µg/m³,PM2.5,ED-XRF
20401,SOUTHAMPTON-Eastern District Agriculture And Forestry,Sulphur,2022-07-10T00:00,0.038,µg/m³,PM2.5,ED-XRF
20401,SOUTHAMPTON-Eastern District Agriculture And Forestry,Sulphur,2022-07-16T00:00,0.134,µg/m³,PM2.5,ED-XRF
20401,SOUTHAMPTON-Eastern District Agriculture And Forestry,Sulphur,2022-07-22T00:00,0.496,µg/m³,PM2.5,ED-XRF
20401,SOUTHAMPTON-Eastern District Agriculture And Forestry,Sulphur,2022-07-28T00:00,0.093,µg/m³,PM2.5,ED-XRF
20401,SOUTHAMPTON-Eastern District Agriculture And Forestry,Sulphur,2022-08-03T00:00,0.180,µg/m³,PM2.5,ED-XRF
20401,SOUTHAMPTON-Eastern District Agriculture And Forestry,Sulphur,2022-08-09T00:00,0.029,µg/m³,PM2.5,ED-XRF
20401,SOUTHAMPTON-Eastern District Agriculture And Forestry,Sulphur,2022-08-15T00:00,0.115,µg/m³,PM2.5,ED-XRF
20401,SOUTHAMPTON-Eastern District Agriculture And Forestry,Sulphur,2022-08-27T00:00,0.138,µg/m³,PM2.5,ED-XRF
20401,SOUTHAMPTON-Eastern District Agriculture And Forestry,Sulphur,2022-09-02T00:00,0.073,µg/m³,PM2.5,ED-XRF
20401,SOUTHAMPTON-Eastern District Agriculture And Forestry,Sulphur,2022-09-08T00:00,0.159,µg/m³,PM2.5,ED-XRF
20401,SOUTHAMPTON-Eastern District Agriculture And Forestry,Sulphur,2022-09-14T00:00,0.270,µg/m³,PM2.5,ED-XRF
20401,SOUTHAMPTON-Eastern District Agriculture And Forestry,Sulphur,2022-09-20T00:00,0.050,µg/m³,PM2.5,ED-XRF
20401,SOUTHAMPTON-Eastern District Agriculture And Forestry,Sulphur,2022-10-02T00:00,0.046,µg/m³,PM2.5,ED-XRF
20401,SOUTHAMPTON-Eastern District Agriculture And Forestry,Sulphur,2022-10-08T00:00,0.118,µg/m³,PM2.5,ED-XRF
20401,SOUTHAMPTON-Eastern District Agriculture And Forestry,Sulphur,2022-10-14T00:00,0.493,µg/m³,PM2.5,ED-XRF
20401,SOUTHAMPTON-Eastern District Agriculture And Forestry,Sulphur,2022-10-26T00:00,0.139,µg/m³,PM2.5,ED-XRF
20401,SOUTHAMPTON-Eastern District Agriculture And Forestry,Sulphur,2022-11-07T00:00,0.147,µg/m³,PM2.5,ED-XRF
20401,SOUTHAMPTON-Eastern District Agriculture And Forestry,Sulphur,2022-11-13T00:00,0.077,µg/m³,PM2.5,ED-XRF
20401,SOUTHAMPTON-Eastern District Agriculture And Forestry,Sulphur,2022-11-19T00:00,0.094,µg/m³,PM2.5,ED-XRF
20401,SOUTHAMPTON-Eastern District Agriculture And Forestry,Sulphur,2022-11-25T00:00,0.089,µg/m³,PM2.5,ED-XRF
20401,SOUTHAMPTON-Eastern District Agriculture And Forestry,Sulphur,2022-12-01T00:00,0.093,µg/m³,PM2.5,ED-XRF
20401,SOUTHAMPTON-Eastern District Agriculture And Forestry,Sulphur,2022-12-07T00:00,0.088,µg/m³,PM2.5,ED-XRF
20401,SOUTHAMPTON-Eastern District Agriculture And Forestry,Sulphur,2022-12-13T00:00,0.057,µg/m³,PM2.5,ED-XRF
20401,SOUTHAMPTON-Eastern District Agriculture And Forestry,Sulphur,2022-12-19T00:00,0.039,µg/m³,PM2.5,ED-XRF
20401,SOUTHAMPTON-Eastern District Agriculture And Forestry,Sulphur,2022-12-25T00:00,0.243,µg/m³,PM2.5,ED-XRF
20401,SOUTHAMPTON-Eastern District Agriculture And Forestry,Sulphur,2022-12-31T00:00,0.285,µg/m³,PM2.5,ED-XRF
