﻿NAPS_Site_ID,Station_Name,Pollutant,Date,Value,Units,Report_Type,Method
54501,L'ASSOMPTION,3-Methylhexane,2002-01-02T00:00,0.077,µg/m³,VOC,
54501,L'ASSOMPTION,3-Methylhexane,2002-01-05T00:00,0.498,µg/m³,VOC,
54501,L'ASSOMPTION,3-Methylhexane,2002-01-08T00:00,0.280,µg/m³,VOC,
54501,L'ASSOMPTION,3-Methylhexane,2002-01-11T00:00,0.167,µg/m³,VOC,
54501,L'ASSOMPTION,3-Methylhexane,2002-01-20T00:00,0.231,µg/m³,VOC,
54501,L'ASSOMPTION,3-Methylhexane,2002-01-23T00:00,0.344,µg/m³,VOC,
54501,L'ASSOMPTION,3-Methylhexane,2002-01-26T00:00,0.119,µg/m³,VOC,
54501,L'ASSOMPTION,3-Methylhexane,2002-01-29T00:00,0.091,µg/m³,VOC,
54501,L'ASSOMPTION,3-Methylhexane,2002-02-01T00:00,0.152,µg/m³,VOC,
54501,L'ASSOMPTION,3-Methylhexane,2002-02-04T00:00,0.139,µg/m³,VOC,
54501,L'ASSOMPTION,3-Methylhexane,2002-02-07T00:00,0.287,µg/m³,VOC,
54501,L'ASSOMPTION,3-Methylhexane,2002-02-10T00:00,0.381,µg/m³,VOC,
54501,L'ASSOMPTION,3-Methylhexane,2002-02-13T00:00,0.050,µg/m³,VOC,
54501,L'ASSOMPTION,3-Methylhexane,2002-02-16T00:00,0.089,µg/m³,VOC,
54501,L'ASSOMPTION,3-Methylhexane,2002-02-19T00:00,0.274,µg/m³,VOC,
54501,L'ASSOMPTION,3-Methylhexane,2002-02-22T00:00,0.103,µg/m³,VOC,
54501,L'ASSOMPTION,3-Methylhexane,2002-02-25T00:00,0.243,µg/m³,VOC,
54501,L'ASSOMPTION,3-Methylhexane,2002-02-28T00:00,0.310,µg/m³,VOC,
54501,L'ASSOMPTION,3-Methylhexane,2002-03-03T00:00,0.126,µg/m³,VOC,
54501,L'ASSOMPTION,3-Methylhexane,2002-03-06T00:00,0.076,µg/m³,VOC,
54501,L'ASSOMPTION,3-Methylhexane,2002-03-09T00:00,0.142,µg/m³,VOC,
54501,L'ASSOMPTION,3-Methylhexane,2002-03-12T00:00,0.092,µg/m³,VOC,
54501,L'ASSOMPTION,3-Methylhexane,2002-03-15T00:00,0.081,µg/m³,VOC,
54501,L'ASSOMPTION,3-Methylhexane,2002-03-18T00:00,0.085,µg/m³,VOC,
54501,L'ASSOMPTION,3-Methylhexane,2002-03-21T00:00,0.062,µg/m³,VOC,
54501,L'ASSOMPTION,3-Methylhexane,2002-03-24T00:00,0.096,µg/m³,VOC,
54501,L'ASSOMPTION,3-Methylhexane,2002-03-27T00:00,0.063,µg/m³,VOC,
54501,L'ASSOMPTION,3-Methylhexane,2002-03-30T00:00,0.042,µg/m³,VOC,
54501,L'ASSOMPTION,3-Methylhexane,2002-04-02T00:00,0.053,µg/m³,VOC,
54501,L'ASSOMPTION,3-Methylhexane,2002-04-05T00:00,0.056,µg/m³,VOC,
54501,L'ASSOMPTION,3-Methylhexane,2002-04-08T00:00,0.206,µg/m³,VOC,
54501,L'ASSOMPTION,3-Methylhexane,2002-04-11T00:00,0.045,µg/m³,VOC,
54501,L'ASSOMPTION,3-Methylhexane,2002-04-14T00:00,0.336,µg/m³,VOC,
54501,L'ASSOMPTION,3-Methylhexane,2002-04-17T00:00,0.113,µg/m³,VOC,
54501,L'ASSOMPTION,3-Methylhexane,2002-04-20T00:00,0.022,µg/m³,VOC,
54501,L'ASSOMPTION,3-Methylhexane,2002-04-23T00:00,0.022,µg/m³,VOC,
54501,L'ASSOMPTION,3-Methylhexane,2002-04-26T00:00,0.015,µg/m³,VOC,
54501,L'ASSOMPTION,3-Methylhexane,2002-04-29T00:00,0.060,µg/m³,VOC,
54501,L'ASSOMPTION,3-Methylhexane,2002-05-02T00:00,0.063,µg/m³,VOC,
54501,L'ASSOMPTION,3-Methylhexane,2002-05-05T00:00,0.077,µg/m³,VOC,
54501,L'ASSOMPTION,3-Methylhexane,2002-05-08T00:00,0.063,µg/m³,VOC,
54501,L'ASSOMPTION,3-Methylhexane,2002-05-11T00:00,0.012,µg/m³,VOC,
54501,L'ASSOMPTION,3-Methylhexane,2002-05-14T00:00,0.068,µg/m³,VOC,
54501,L'ASSOMPTION,3-Methylhexane,2002-05-17T00:00,0.015,µg/m³,VOC,
54501,L'ASSOMPTION,3-Methylhexane,2002-05-20T00:00,0.045,µg/m³,VOC,
54501,L'ASSOMPTION,3-Methylhexane,2002-05-23T00:00,0.089,µg/m³,VOC,
54501,L'ASSOMPTION,3-Methylhexane,2002-05-26T00:00,0.043,µg/m³,VOC,
54501,L'ASSOMPTION,3-Methylhexane,2002-05-29T00:00,0.274,µg/m³,VOC,
54501,L'ASSOMPTION,3-Methylhexane,2002-06-01T00:00,0.030,µg/m³,VOC,
54501,L'ASSOMPTION,3-Methylhexane,2002-06-07T00:00,0.034,µg/m³,VOC,
54501,L'ASSOMPTION,3-Methylhexane,2002-06-10T00:00,0.087,µg/m³,VOC,
54501,L'ASSOMPTION,3-Methylhexane,2002-06-13T00:00,0.028,µg/m³,VOC,
54501,L'ASSOMPTION,3-Methylhexane,2002-06-16T00:00,0.035,µg/m³,VOC,
54501,L'ASSOMPTION,3-Methylhexane,2002-06-19T00:00,0.061,µg/m³,VOC,
54501,L'ASSOMPTION,3-Methylhexane,2002-06-22T00:00,0.058,µg/m³,VOC,
54501,L'ASSOMPTION,3-Methylhexane,2002-06-25T00:00,1.071,µg/m³,VOC,
54501,L'ASSOMPTION,3-Methylhexane,2002-06-28T00:00,0.032,µg/m³,VOC,
54501,L'ASSOMPTION,3-Methylhexane,2002-07-01T00:00,0.012,µg/m³,VOC,
54501,L'ASSOMPTION,3-Methylhexane,2002-07-04T00:00,0.238,µg/m³,VOC,
54501,L'ASSOMPTION,3-Methylhexane,2002-07-07T00:00,0.333,µg/m³,VOC,
54501,L'ASSOMPTION,3-Methylhexane,2002-07-10T00:00,0.014,µg/m³,VOC,
54501,L'ASSOMPTION,3-Methylhexane,2002-07-13T00:00,0.125,µg/m³,VOC,
54501,L'ASSOMPTION,3-Methylhexane,2002-07-16T00:00,0.047,µg/m³,VOC,
54501,L'ASSOMPTION,3-Methylhexane,2002-07-19T00:00,0.036,µg/m³,VOC,
54501,L'ASSOMPTION,3-Methylhexane,2002-07-22T00:00,0.069,µg/m³,VOC,
54501,L'ASSOMPTION,3-Methylhexane,2002-07-25T00:00,0.049,µg/m³,VOC,
54501,L'ASSOMPTION,3-Methylhexane,2002-07-28T00:00,0.130,µg/m³,VOC,
54501,L'ASSOMPTION,3-Methylhexane,2002-07-31T00:00,0.069,µg/m³,VOC,
54501,L'ASSOMPTION,3-Methylhexane,2002-08-03T00:00,0.030,µg/m³,VOC,
54501,L'ASSOMPTION,3-Methylhexane,2002-08-06T00:00,0.008,µg/m³,VOC,
54501,L'ASSOMPTION,3-Methylhexane,2002-08-09T00:00,0.097,µg/m³,VOC,
54501,L'ASSOMPTION,3-Methylhexane,2002-08-12T00:00,0.093,µg/m³,VOC,
54501,L'ASSOMPTION,3-Methylhexane,2002-08-15T00:00,0.099,µg/m³,VOC,
54501,L'ASSOMPTION,3-Methylhexane,2002-08-18T00:00,0.058,µg/m³,VOC,
54501,L'ASSOMPTION,3-Methylhexane,2002-08-21T00:00,0.075,µg/m³,VOC,
54501,L'ASSOMPTION,3-Methylhexane,2002-08-24T00:00,0.089,µg/m³,VOC,
54501,L'ASSOMPTION,3-Methylhexane,2002-08-27T00:00,0.025,µg/m³,VOC,
54501,L'ASSOMPTION,3-Methylhexane,2002-08-30T00:00,0.096,µg/m³,VOC,
54501,L'ASSOMPTION,3-Methylhexane,2002-09-02T00:00,0.083,µg/m³,VOC,
54501,L'ASSOMPTION,3-Methylhexane,2002-09-05T00:00,0.014,µg/m³,VOC,
54501,L'ASSOMPTION,3-Methylhexane,2002-09-08T00:00,0.089,µg/m³,VOC,
54501,L'ASSOMPTION,3-Methylhexane,2002-09-11T00:00,0.026,µg/m³,VOC,
54501,L'ASSOMPTION,3-Methylhexane,2002-09-14T00:00,0.101,µg/m³,VOC,
54501,L'ASSOMPTION,3-Methylhexane,2002-09-17T00:00,0.051,µg/m³,VOC,
54501,L'ASSOMPTION,3-Methylhexane,2002-09-20T00:00,0.460,µg/m³,VOC,
54501,L'ASSOMPTION,3-Methylhexane,2002-09-23T00:00,0.041,µg/m³,VOC,
54501,L'ASSOMPTION,3-Methylhexane,2002-09-26T00:00,0.278,µg/m³,VOC,
54501,L'ASSOMPTION,3-Methylhexane,2002-09-29T00:00,0.213,µg/m³,VOC,
54501,L'ASSOMPTION,3-Methylhexane,2002-10-02T00:00,0.088,µg/m³,VOC,
54501,L'ASSOMPTION,3-Methylhexane,2002-10-05T00:00,0.020,µg/m³,VOC,
54501,L'ASSOMPTION,3-Methylhexane,2002-10-08T00:00,0.023,µg/m³,VOC,
54501,L'ASSOMPTION,3-Methylhexane,2002-10-11T00:00,0.175,µg/m³,VOC,
54501,L'ASSOMPTION,3-Methylhexane,2002-10-14T00:00,0.014,µg/m³,VOC,
54501,L'ASSOMPTION,3-Methylhexane,2002-10-17T00:00,0.097,µg/m³,VOC,
54501,L'ASSOMPTION,3-Methylhexane,2002-10-20T00:00,0.023,µg/m³,VOC,
54501,L'ASSOMPTION,3-Methylhexane,2002-10-23T00:00,0.039,µg/m³,VOC,
54501,L'ASSOMPTION,3-Methylhexane,2002-10-26T00:00,0.130,µg/m³,VOC,
54501,L'ASSOMPTION,3-Methylhexane,2002-10-29T00:00,0.016,µg/m³,VOC,
54501,L'ASSOMPTION,3-Methylhexane,2002-11-01T00:00,0.223,µg/m³,VOC,
54501,L'ASSOMPTION,3-Methylhexane,2002-11-04T00:00,0.198,µg/m³,VOC,
54501,L'ASSOMPTION,3-Methylhexane,2002-11-07T00:00,0.078,µg/m³,VOC,
54501,L'ASSOMPTION,3-Methylhexane,2002-11-10T00:00,0.187,µg/m³,VOC,
54501,L'ASSOMPTION,3-Methylhexane,2002-11-13T00:00,0.127,µg/m³,VOC,
54501,L'ASSOMPTION,3-Methylhexane,2002-11-16T00:00,0.067,µg/m³,VOC,
54501,L'ASSOMPTION,3-Methylhexane,2002-11-19T00:00,0.196,µg/m³,VOC,
54501,L'ASSOMPTION,3-Methylhexane,2002-11-22T00:00,0.304,µg/m³,VOC,
54501,L'ASSOMPTION,3-Methylhexane,2002-11-25T00:00,0.100,µg/m³,VOC,
54501,L'ASSOMPTION,3-Methylhexane,2002-11-28T00:00,0.073,µg/m³,VOC,
54501,L'ASSOMPTION,3-Methylhexane,2002-12-01T00:00,0.046,µg/m³,VOC,
54501,L'ASSOMPTION,3-Methylhexane,2002-12-04T00:00,0.095,µg/m³,VOC,
54501,L'ASSOMPTION,3-Methylhexane,2002-12-07T00:00,0.173,µg/m³,VOC,
54501,L'ASSOMPTION,3-Methylhexane,2002-12-10T00:00,0.165,µg/m³,VOC,
54501,L'ASSOMPTION,3-Methylhexane,2002-12-13T00:00,0.830,µg/m³,VOC,
54501,L'ASSOMPTION,3-Methylhexane,2002-12-16T00:00,0.093,µg/m³,VOC,
54501,L'ASSOMPTION,3-Methylhexane,2002-12-19T00:00,0.321,µg/m³,VOC,
54501,L'ASSOMPTION,3-Methylhexane,2002-12-22T00:00,0.128,µg/m³,VOC,
54501,L'ASSOMPTION,3-Methylhexane,2002-12-25T00:00,0.081,µg/m³,VOC,
54501,L'ASSOMPTION,3-Methylhexane,2002-12-28T00:00,0.127,µg/m³,VOC,
54501,L'ASSOMPTION,3-Methylhexane,2002-12-31T00:00,0.059,µg/m³,VOC,
