﻿NAPS_Site_ID,Station_Name,Pollutant,Date,Value,Units,Report_Type,Method
30118,VOGUE BUILDING,Nonane,1993-01-01T00:00,0.188,µg/m³,VOC,N/A
30118,VOGUE BUILDING,Nonane,1993-01-07T00:00,0.365,µg/m³,VOC,N/A
30118,VOGUE BUILDING,Nonane,1993-01-13T00:00,0.357,µg/m³,VOC,N/A
30118,VOGUE BUILDING,Nonane,1993-01-19T00:00,0.297,µg/m³,VOC,N/A
30118,VOGUE BUILDING,Nonane,1993-02-06T00:00,0.189,µg/m³,VOC,N/A
30118,VOGUE BUILDING,Nonane,1993-02-12T00:00,0.400,µg/m³,VOC,N/A
30118,VOGUE BUILDING,Nonane,1993-02-24T00:00,0.221,µg/m³,VOC,N/A
30118,VOGUE BUILDING,Nonane,1993-03-02T00:00,0.211,µg/m³,VOC,N/A
30118,VOGUE BUILDING,Nonane,1993-03-08T00:00,0.533,µg/m³,VOC,N/A
30118,VOGUE BUILDING,Nonane,1993-03-14T00:00,0.129,µg/m³,VOC,N/A
30118,VOGUE BUILDING,Nonane,1993-03-20T00:00,0.508,µg/m³,VOC,N/A
30118,VOGUE BUILDING,Nonane,1993-03-26T00:00,1.067,µg/m³,VOC,N/A
30118,VOGUE BUILDING,Nonane,1993-04-01T00:00,0.363,µg/m³,VOC,N/A
30118,VOGUE BUILDING,Nonane,1993-04-07T00:00,0.603,µg/m³,VOC,N/A
30118,VOGUE BUILDING,Nonane,1993-04-13T00:00,0.182,µg/m³,VOC,N/A
30118,VOGUE BUILDING,Nonane,1993-04-19T00:00,0.374,µg/m³,VOC,N/A
30118,VOGUE BUILDING,Nonane,1993-04-25T00:00,0.253,µg/m³,VOC,N/A
30118,VOGUE BUILDING,Nonane,1993-05-01T00:00,0.434,µg/m³,VOC,N/A
30118,VOGUE BUILDING,Nonane,1993-05-07T00:00,0.406,µg/m³,VOC,N/A
30118,VOGUE BUILDING,Nonane,1993-05-13T00:00,0.375,µg/m³,VOC,N/A
30118,VOGUE BUILDING,Nonane,1993-05-19T00:00,0.789,µg/m³,VOC,N/A
30118,VOGUE BUILDING,Nonane,1993-05-25T00:00,0.356,µg/m³,VOC,N/A
30118,VOGUE BUILDING,Nonane,1993-05-31T00:00,0.462,µg/m³,VOC,N/A
30118,VOGUE BUILDING,Nonane,1993-06-06T00:00,0.403,µg/m³,VOC,N/A
30118,VOGUE BUILDING,Nonane,1993-06-12T00:00,0.358,µg/m³,VOC,N/A
30118,VOGUE BUILDING,Nonane,1993-06-18T00:00,0.741,µg/m³,VOC,N/A
30118,VOGUE BUILDING,Nonane,1993-06-24T00:00,0.309,µg/m³,VOC,N/A
30118,VOGUE BUILDING,Nonane,1993-06-30T00:00,0.671,µg/m³,VOC,N/A
30118,VOGUE BUILDING,Nonane,1993-07-06T00:00,0.365,µg/m³,VOC,N/A
30118,VOGUE BUILDING,Nonane,1993-07-12T00:00,0.236,µg/m³,VOC,N/A
30118,VOGUE BUILDING,Nonane,1993-07-18T00:00,0.186,µg/m³,VOC,N/A
30118,VOGUE BUILDING,Nonane,1993-07-24T00:00,0.000,µg/m³,VOC,N/A
30118,VOGUE BUILDING,Nonane,1993-07-30T00:00,0.669,µg/m³,VOC,N/A
30118,VOGUE BUILDING,Nonane,1993-08-05T00:00,0.767,µg/m³,VOC,N/A
30118,VOGUE BUILDING,Nonane,1993-08-11T00:00,0.724,µg/m³,VOC,N/A
30118,VOGUE BUILDING,Nonane,1993-08-17T00:00,0.591,µg/m³,VOC,N/A
30118,VOGUE BUILDING,Nonane,1993-08-23T00:00,0.650,µg/m³,VOC,N/A
30118,VOGUE BUILDING,Nonane,1993-08-29T00:00,0.677,µg/m³,VOC,N/A
30118,VOGUE BUILDING,Nonane,1993-09-28T00:00,0.173,µg/m³,VOC,N/A
30118,VOGUE BUILDING,Nonane,1993-10-04T00:00,0.177,µg/m³,VOC,N/A
30118,VOGUE BUILDING,Nonane,1993-10-10T00:00,0.209,µg/m³,VOC,N/A
30118,VOGUE BUILDING,Nonane,1993-10-28T00:00,0.277,µg/m³,VOC,N/A
30118,VOGUE BUILDING,Nonane,1993-11-03T00:00,0.359,µg/m³,VOC,N/A
30118,VOGUE BUILDING,Nonane,1993-11-09T00:00,0.329,µg/m³,VOC,N/A
30118,VOGUE BUILDING,Nonane,1993-11-15T00:00,0.948,µg/m³,VOC,N/A
30118,VOGUE BUILDING,Nonane,1993-11-28T00:00,0.551,µg/m³,VOC,N/A
30118,VOGUE BUILDING,Nonane,1993-12-03T00:00,0.341,µg/m³,VOC,N/A
30118,VOGUE BUILDING,Nonane,1993-12-09T00:00,0.279,µg/m³,VOC,N/A
30118,VOGUE BUILDING,Nonane,1993-12-15T00:00,0.767,µg/m³,VOC,N/A
30118,VOGUE BUILDING,Nonane,1993-12-21T00:00,0.946,µg/m³,VOC,N/A
30118,VOGUE BUILDING,Nonane,1993-12-27T00:00,0.143,µg/m³,VOC,N/A
