﻿NAPS_Site_ID,Station_Name,Pollutant,Date,Value,Units,Report_Type,Method
100133,BURMOUNT,"cis-1,3-Dimethylcyclohexane",2002-01-20T00:00,0.130,µg/m³,VOC,GC-MS
100133,BURMOUNT,"cis-1,3-Dimethylcyclohexane",2002-02-01T00:00,0.130,µg/m³,VOC,GC-MS
100133,BURMOUNT,"cis-1,3-Dimethylcyclohexane",2002-02-19T00:00,0.090,µg/m³,VOC,GC-MS
100133,BURMOUNT,"cis-1,3-Dimethylcyclohexane",2002-03-03T00:00,0.170,µg/m³,VOC,GC-MS
100133,BURMOUNT,"cis-1,3-Dimethylcyclohexane",2002-03-21T00:00,0.100,µg/m³,VOC,GC-MS
100133,BURMOUNT,"cis-1,3-Dimethylcyclohexane",2002-04-14T00:00,0.027,µg/m³,VOC,GC-MS
100133,BURMOUNT,"cis-1,3-Dimethylcyclohexane",2002-04-26T00:00,0.067,µg/m³,VOC,GC-MS
