﻿NAPS_Site_ID,Station_Name,Pollutant,Date,Value,Units,Report_Type,Method
60903,LONDON AQI SITE _LONDON_ 900_HGHBURYAVE,3-Methylpentane,2011-01-03T00:00,0.188,µg/m³,VOC,
60903,LONDON AQI SITE _LONDON_ 900_HGHBURYAVE,3-Methylpentane,2011-01-09T00:00,0.259,µg/m³,VOC,
60903,LONDON AQI SITE _LONDON_ 900_HGHBURYAVE,3-Methylpentane,2011-01-15T00:00,0.251,µg/m³,VOC,
60903,LONDON AQI SITE _LONDON_ 900_HGHBURYAVE,3-Methylpentane,2011-01-27T00:00,0.237,µg/m³,VOC,
60903,LONDON AQI SITE _LONDON_ 900_HGHBURYAVE,3-Methylpentane,2011-02-02T00:00,0.190,µg/m³,VOC,
60903,LONDON AQI SITE _LONDON_ 900_HGHBURYAVE,3-Methylpentane,2011-02-08T00:00,0.152,µg/m³,VOC,
60903,LONDON AQI SITE _LONDON_ 900_HGHBURYAVE,3-Methylpentane,2011-02-14T00:00,0.158,µg/m³,VOC,
60903,LONDON AQI SITE _LONDON_ 900_HGHBURYAVE,3-Methylpentane,2011-02-20T00:00,0.173,µg/m³,VOC,
60903,LONDON AQI SITE _LONDON_ 900_HGHBURYAVE,3-Methylpentane,2011-02-26T00:00,0.177,µg/m³,VOC,
60903,LONDON AQI SITE _LONDON_ 900_HGHBURYAVE,3-Methylpentane,2011-03-04T00:00,0.228,µg/m³,VOC,
60903,LONDON AQI SITE _LONDON_ 900_HGHBURYAVE,3-Methylpentane,2011-03-10T00:00,0.164,µg/m³,VOC,
60903,LONDON AQI SITE _LONDON_ 900_HGHBURYAVE,3-Methylpentane,2011-03-16T00:00,0.229,µg/m³,VOC,
60903,LONDON AQI SITE _LONDON_ 900_HGHBURYAVE,3-Methylpentane,2011-03-22T00:00,0.161,µg/m³,VOC,
60903,LONDON AQI SITE _LONDON_ 900_HGHBURYAVE,3-Methylpentane,2011-03-28T00:00,0.147,µg/m³,VOC,
