﻿NAPS_Site_ID,Station_Name,Pollutant,Date,Value,Units,Report_Type,Method
70119,ELLEN,P5CDF,2009-01-13T00:00,0.113,pg/m³,PCDD,N/A
70119,ELLEN,P5CDF,2009-02-06T00:00,0.073,pg/m³,PCDD,N/A
70119,ELLEN,P5CDF,2009-03-26T00:00,0.012,pg/m³,PCDD,N/A
70119,ELLEN,P5CDF,2009-04-19T00:00,0.032,pg/m³,PCDD,N/A
70119,ELLEN,P5CDF,2009-06-06T00:00,0.064,pg/m³,PCDD,N/A
70119,ELLEN,P5CDF,2009-07-24T00:00,0.053,pg/m³,PCDD,N/A
70119,ELLEN,P5CDF,2009-08-17T00:00,0.044,pg/m³,PCDD,N/A
70119,ELLEN,P5CDF,2009-10-04T00:00,0.056,pg/m³,PCDD,N/A
70119,ELLEN,P5CDF,2009-11-21T00:00,0.074,pg/m³,PCDD,N/A
70119,ELLEN,P5CDF,2009-12-15T00:00,0.042,pg/m³,PCDD,N/A
