﻿NAPS_Site_ID,Station_Name,Pollutant,Date,Value,Units,Report_Type,Method
90121,EDMONTON EAST,cis-4-Methyl-2-pentene,1995-01-03T00:00,0.000,µg/m³,VOC,GC-MS
90121,EDMONTON EAST,cis-4-Methyl-2-pentene,1995-01-09T00:00,0.000,µg/m³,VOC,GC-MS
90121,EDMONTON EAST,cis-4-Methyl-2-pentene,1995-01-15T00:00,0.000,µg/m³,VOC,GC-MS
90121,EDMONTON EAST,cis-4-Methyl-2-pentene,1995-01-21T00:00,0.162,µg/m³,VOC,GC-MS
90121,EDMONTON EAST,cis-4-Methyl-2-pentene,1995-01-27T00:00,0.161,µg/m³,VOC,GC-MS
90121,EDMONTON EAST,cis-4-Methyl-2-pentene,1995-02-02T00:00,0.101,µg/m³,VOC,GC-MS
90121,EDMONTON EAST,cis-4-Methyl-2-pentene,1995-02-08T00:00,0.104,µg/m³,VOC,GC-MS
90121,EDMONTON EAST,cis-4-Methyl-2-pentene,1995-02-14T00:00,0.089,µg/m³,VOC,GC-MS
90121,EDMONTON EAST,cis-4-Methyl-2-pentene,1995-02-20T00:00,0.031,µg/m³,VOC,GC-MS
90121,EDMONTON EAST,cis-4-Methyl-2-pentene,1995-02-26T00:00,0.000,µg/m³,VOC,GC-MS
90121,EDMONTON EAST,cis-4-Methyl-2-pentene,1995-03-04T00:00,0.000,µg/m³,VOC,GC-MS
90121,EDMONTON EAST,cis-4-Methyl-2-pentene,1995-03-10T00:00,0.049,µg/m³,VOC,GC-MS
90121,EDMONTON EAST,cis-4-Methyl-2-pentene,1995-03-16T00:00,0.000,µg/m³,VOC,GC-MS
90121,EDMONTON EAST,cis-4-Methyl-2-pentene,1995-03-22T00:00,0.000,µg/m³,VOC,GC-MS
90121,EDMONTON EAST,cis-4-Methyl-2-pentene,1995-03-28T00:00,0.000,µg/m³,VOC,GC-MS
90121,EDMONTON EAST,cis-4-Methyl-2-pentene,1995-04-03T00:00,0.000,µg/m³,VOC,GC-MS
90121,EDMONTON EAST,cis-4-Methyl-2-pentene,1995-04-09T00:00,0.000,µg/m³,VOC,GC-MS
90121,EDMONTON EAST,cis-4-Methyl-2-pentene,1995-04-15T00:00,0.000,µg/m³,VOC,GC-MS
90121,EDMONTON EAST,cis-4-Methyl-2-pentene,1995-04-21T00:00,0.060,µg/m³,VOC,GC-MS
90121,EDMONTON EAST,cis-4-Methyl-2-pentene,1995-04-27T00:00,0.000,µg/m³,VOC,GC-MS
90121,EDMONTON EAST,cis-4-Methyl-2-pentene,1995-05-03T00:00,0.000,µg/m³,VOC,GC-MS
90121,EDMONTON EAST,cis-4-Methyl-2-pentene,1995-05-15T00:00,0.000,µg/m³,VOC,GC-MS
90121,EDMONTON EAST,cis-4-Methyl-2-pentene,1995-05-21T00:00,0.000,µg/m³,VOC,GC-MS
90121,EDMONTON EAST,cis-4-Methyl-2-pentene,1995-05-27T00:00,0.265,µg/m³,VOC,GC-MS
90121,EDMONTON EAST,cis-4-Methyl-2-pentene,1995-06-02T00:00,0.000,µg/m³,VOC,GC-MS
90121,EDMONTON EAST,cis-4-Methyl-2-pentene,1995-06-08T00:00,1.069,µg/m³,VOC,GC-MS
90121,EDMONTON EAST,cis-4-Methyl-2-pentene,1995-06-20T00:00,0.000,µg/m³,VOC,GC-MS
90121,EDMONTON EAST,cis-4-Methyl-2-pentene,1995-06-26T00:00,0.000,µg/m³,VOC,GC-MS
90121,EDMONTON EAST,cis-4-Methyl-2-pentene,1995-07-02T00:00,0.000,µg/m³,VOC,GC-MS
90121,EDMONTON EAST,cis-4-Methyl-2-pentene,1995-07-08T00:00,0.126,µg/m³,VOC,GC-MS
90121,EDMONTON EAST,cis-4-Methyl-2-pentene,1995-07-14T00:00,0.000,µg/m³,VOC,GC-MS
90121,EDMONTON EAST,cis-4-Methyl-2-pentene,1995-07-20T00:00,0.109,µg/m³,VOC,GC-MS
90121,EDMONTON EAST,cis-4-Methyl-2-pentene,1995-07-26T00:00,0.212,µg/m³,VOC,GC-MS
90121,EDMONTON EAST,cis-4-Methyl-2-pentene,1995-08-01T00:00,0.125,µg/m³,VOC,GC-MS
90121,EDMONTON EAST,cis-4-Methyl-2-pentene,1995-08-07T00:00,0.000,µg/m³,VOC,GC-MS
90121,EDMONTON EAST,cis-4-Methyl-2-pentene,1995-09-12T00:00,0.000,µg/m³,VOC,GC-MS
90121,EDMONTON EAST,cis-4-Methyl-2-pentene,1995-09-18T00:00,0.000,µg/m³,VOC,GC-MS
90121,EDMONTON EAST,cis-4-Methyl-2-pentene,1995-09-24T00:00,0.000,µg/m³,VOC,GC-MS
90121,EDMONTON EAST,cis-4-Methyl-2-pentene,1995-09-30T00:00,0.160,µg/m³,VOC,GC-MS
90121,EDMONTON EAST,cis-4-Methyl-2-pentene,1995-10-06T00:00,0.000,µg/m³,VOC,GC-MS
90121,EDMONTON EAST,cis-4-Methyl-2-pentene,1995-10-12T00:00,0.000,µg/m³,VOC,GC-MS
90121,EDMONTON EAST,cis-4-Methyl-2-pentene,1995-10-18T00:00,0.092,µg/m³,VOC,GC-MS
90121,EDMONTON EAST,cis-4-Methyl-2-pentene,1995-10-24T00:00,0.050,µg/m³,VOC,GC-MS
90121,EDMONTON EAST,cis-4-Methyl-2-pentene,1995-10-30T00:00,0.055,µg/m³,VOC,GC-MS
90121,EDMONTON EAST,cis-4-Methyl-2-pentene,1995-11-05T00:00,0.098,µg/m³,VOC,GC-MS
90121,EDMONTON EAST,cis-4-Methyl-2-pentene,1995-11-11T00:00,0.420,µg/m³,VOC,GC-MS
90121,EDMONTON EAST,cis-4-Methyl-2-pentene,1995-11-17T00:00,0.101,µg/m³,VOC,GC-MS
90121,EDMONTON EAST,cis-4-Methyl-2-pentene,1995-11-23T00:00,0.000,µg/m³,VOC,GC-MS
90121,EDMONTON EAST,cis-4-Methyl-2-pentene,1995-11-29T00:00,0.039,µg/m³,VOC,GC-MS
90121,EDMONTON EAST,cis-4-Methyl-2-pentene,1995-12-05T00:00,0.148,µg/m³,VOC,GC-MS
90121,EDMONTON EAST,cis-4-Methyl-2-pentene,1995-12-11T00:00,0.000,µg/m³,VOC,GC-MS
90121,EDMONTON EAST,cis-4-Methyl-2-pentene,1995-12-17T00:00,0.000,µg/m³,VOC,GC-MS
90121,EDMONTON EAST,cis-4-Methyl-2-pentene,1995-12-23T00:00,0.122,µg/m³,VOC,GC-MS
90121,EDMONTON EAST,cis-4-Methyl-2-pentene,1995-12-29T00:00,0.118,µg/m³,VOC,GC-MS
