﻿NAPS_Site_ID,Station_Name,Pollutant,Date,Value,Units,Report_Type,Method
70119,ELLEN,Aluminum,2011-01-03T00:00,0.035,µg/m³,PM2.5,ED-XRF
70119,ELLEN,Aluminum,2011-01-09T00:00,0.016,µg/m³,PM2.5,ED-XRF
70119,ELLEN,Aluminum,2011-01-15T00:00,0.026,µg/m³,PM2.5,ED-XRF
70119,ELLEN,Aluminum,2011-01-21T00:00,0.039,µg/m³,PM2.5,ED-XRF
70119,ELLEN,Aluminum,2011-01-27T00:00,0.030,µg/m³,PM2.5,ED-XRF
70119,ELLEN,Aluminum,2011-02-20T00:00,0.077,µg/m³,PM2.5,ED-XRF
70119,ELLEN,Aluminum,2011-02-26T00:00,0.094,µg/m³,PM2.5,ED-XRF
70119,ELLEN,Aluminum,2011-03-22T00:00,0.036,µg/m³,PM2.5,ED-XRF
70119,ELLEN,Aluminum,2011-03-28T00:00,0.122,µg/m³,PM2.5,ED-XRF
70119,ELLEN,Aluminum,2011-04-03T00:00,0.028,µg/m³,PM2.5,ED-XRF
70119,ELLEN,Aluminum,2011-04-09T00:00,0.058,µg/m³,PM2.5,ED-XRF
70119,ELLEN,Aluminum,2011-04-15T00:00,0.063,µg/m³,PM2.5,ED-XRF
70119,ELLEN,Aluminum,2011-04-21T00:00,0.083,µg/m³,PM2.5,ED-XRF
70119,ELLEN,Aluminum,2011-04-27T00:00,0.138,µg/m³,PM2.5,ED-XRF
70119,ELLEN,Aluminum,2011-05-03T00:00,0.072,µg/m³,PM2.5,ED-XRF
70119,ELLEN,Aluminum,2011-05-09T00:00,0.078,µg/m³,PM2.5,ED-XRF
70119,ELLEN,Aluminum,2011-05-15T00:00,0.039,µg/m³,PM2.5,ED-XRF
70119,ELLEN,Aluminum,2011-05-21T00:00,0.030,µg/m³,PM2.5,ED-XRF
70119,ELLEN,Aluminum,2011-05-27T00:00,0.067,µg/m³,PM2.5,ED-XRF
70119,ELLEN,Aluminum,2011-06-02T00:00,0.031,µg/m³,PM2.5,ED-XRF
70119,ELLEN,Aluminum,2011-06-08T00:00,0.000,µg/m³,PM2.5,ED-XRF
70119,ELLEN,Aluminum,2011-06-14T00:00,0.040,µg/m³,PM2.5,ED-XRF
70119,ELLEN,Aluminum,2011-06-20T00:00,0.015,µg/m³,PM2.5,ED-XRF
70119,ELLEN,Aluminum,2011-06-26T00:00,0.000,µg/m³,PM2.5,ED-XRF
70119,ELLEN,Aluminum,2011-07-02T00:00,0.011,µg/m³,PM2.5,ED-XRF
70119,ELLEN,Aluminum,2011-07-08T00:00,0.014,µg/m³,PM2.5,ED-XRF
70119,ELLEN,Aluminum,2011-07-14T00:00,0.074,µg/m³,PM2.5,ED-XRF
70119,ELLEN,Aluminum,2011-07-20T00:00,0.073,µg/m³,PM2.5,ED-XRF
70119,ELLEN,Aluminum,2011-07-26T00:00,0.057,µg/m³,PM2.5,ED-XRF
70119,ELLEN,Aluminum,2011-08-01T00:00,0.051,µg/m³,PM2.5,ED-XRF
70119,ELLEN,Aluminum,2011-08-07T00:00,0.051,µg/m³,PM2.5,ED-XRF
70119,ELLEN,Aluminum,2011-08-13T00:00,0.030,µg/m³,PM2.5,ED-XRF
70119,ELLEN,Aluminum,2011-08-25T00:00,0.141,µg/m³,PM2.5,ED-XRF
70119,ELLEN,Aluminum,2011-08-31T00:00,0.029,µg/m³,PM2.5,ED-XRF
70119,ELLEN,Aluminum,2011-09-06T00:00,0.082,µg/m³,PM2.5,ED-XRF
70119,ELLEN,Aluminum,2011-09-12T00:00,0.072,µg/m³,PM2.5,ED-XRF
70119,ELLEN,Aluminum,2011-09-18T00:00,0.056,µg/m³,PM2.5,ED-XRF
70119,ELLEN,Aluminum,2011-09-24T00:00,0.036,µg/m³,PM2.5,ED-XRF
70119,ELLEN,Aluminum,2011-10-06T00:00,0.223,µg/m³,PM2.5,ED-XRF
70119,ELLEN,Aluminum,2011-10-12T00:00,0.057,µg/m³,PM2.5,ED-XRF
70119,ELLEN,Aluminum,2011-10-18T00:00,0.032,µg/m³,PM2.5,ED-XRF
70119,ELLEN,Aluminum,2011-10-24T00:00,0.006,µg/m³,PM2.5,ED-XRF
70119,ELLEN,Aluminum,2011-10-30T00:00,0.042,µg/m³,PM2.5,ED-XRF
70119,ELLEN,Aluminum,2011-11-05T00:00,0.059,µg/m³,PM2.5,ED-XRF
70119,ELLEN,Aluminum,2011-11-11T00:00,0.052,µg/m³,PM2.5,ED-XRF
70119,ELLEN,Aluminum,2011-11-17T00:00,0.030,µg/m³,PM2.5,ED-XRF
70119,ELLEN,Aluminum,2011-11-23T00:00,0.031,µg/m³,PM2.5,ED-XRF
70119,ELLEN,Aluminum,2011-11-29T00:00,0.036,µg/m³,PM2.5,ED-XRF
70119,ELLEN,Aluminum,2011-12-05T00:00,0.049,µg/m³,PM2.5,ED-XRF
70119,ELLEN,Aluminum,2011-12-11T00:00,0.047,µg/m³,PM2.5,ED-XRF
70119,ELLEN,Aluminum,2011-12-17T00:00,0.021,µg/m³,PM2.5,ED-XRF
70119,ELLEN,Aluminum,2011-12-23T00:00,0.017,µg/m³,PM2.5,ED-XRF
70119,ELLEN,Aluminum,2011-01-03T00:00,0.095,µg/m³,PM2.5-10,ED-XRF
70119,ELLEN,Aluminum,2011-01-09T00:00,0.060,µg/m³,PM2.5-10,ED-XRF
70119,ELLEN,Aluminum,2011-01-15T00:00,0.000,µg/m³,PM2.5-10,ED-XRF
70119,ELLEN,Aluminum,2011-01-21T00:00,0.105,µg/m³,PM2.5-10,ED-XRF
70119,ELLEN,Aluminum,2011-01-27T00:00,0.038,µg/m³,PM2.5-10,ED-XRF
70119,ELLEN,Aluminum,2011-02-20T00:00,0.051,µg/m³,PM2.5-10,ED-XRF
70119,ELLEN,Aluminum,2011-02-26T00:00,0.260,µg/m³,PM2.5-10,ED-XRF
70119,ELLEN,Aluminum,2011-03-22T00:00,0.093,µg/m³,PM2.5-10,ED-XRF
70119,ELLEN,Aluminum,2011-03-28T00:00,0.493,µg/m³,PM2.5-10,ED-XRF
70119,ELLEN,Aluminum,2011-04-03T00:00,0.032,µg/m³,PM2.5-10,ED-XRF
70119,ELLEN,Aluminum,2011-04-09T00:00,0.102,µg/m³,PM2.5-10,ED-XRF
70119,ELLEN,Aluminum,2011-04-15T00:00,0.340,µg/m³,PM2.5-10,ED-XRF
70119,ELLEN,Aluminum,2011-04-21T00:00,0.325,µg/m³,PM2.5-10,ED-XRF
70119,ELLEN,Aluminum,2011-04-27T00:00,0.505,µg/m³,PM2.5-10,ED-XRF
70119,ELLEN,Aluminum,2011-05-03T00:00,0.305,µg/m³,PM2.5-10,ED-XRF
70119,ELLEN,Aluminum,2011-05-09T00:00,0.221,µg/m³,PM2.5-10,ED-XRF
70119,ELLEN,Aluminum,2011-05-15T00:00,0.170,µg/m³,PM2.5-10,ED-XRF
70119,ELLEN,Aluminum,2011-05-21T00:00,0.128,µg/m³,PM2.5-10,ED-XRF
70119,ELLEN,Aluminum,2011-05-27T00:00,0.394,µg/m³,PM2.5-10,ED-XRF
70119,ELLEN,Aluminum,2011-06-02T00:00,0.285,µg/m³,PM2.5-10,ED-XRF
70119,ELLEN,Aluminum,2011-06-08T00:00,0.037,µg/m³,PM2.5-10,ED-XRF
70119,ELLEN,Aluminum,2011-06-14T00:00,0.212,µg/m³,PM2.5-10,ED-XRF
70119,ELLEN,Aluminum,2011-06-20T00:00,0.217,µg/m³,PM2.5-10,ED-XRF
70119,ELLEN,Aluminum,2011-06-26T00:00,0.195,µg/m³,PM2.5-10,ED-XRF
70119,ELLEN,Aluminum,2011-07-02T00:00,0.210,µg/m³,PM2.5-10,ED-XRF
70119,ELLEN,Aluminum,2011-07-08T00:00,0.459,µg/m³,PM2.5-10,ED-XRF
70119,ELLEN,Aluminum,2011-07-14T00:00,0.315,µg/m³,PM2.5-10,ED-XRF
70119,ELLEN,Aluminum,2011-07-20T00:00,0.545,µg/m³,PM2.5-10,ED-XRF
70119,ELLEN,Aluminum,2011-07-26T00:00,0.343,µg/m³,PM2.5-10,ED-XRF
70119,ELLEN,Aluminum,2011-08-01T00:00,0.254,µg/m³,PM2.5-10,ED-XRF
70119,ELLEN,Aluminum,2011-08-07T00:00,0.207,µg/m³,PM2.5-10,ED-XRF
70119,ELLEN,Aluminum,2011-08-13T00:00,0.188,µg/m³,PM2.5-10,ED-XRF
70119,ELLEN,Aluminum,2011-08-25T00:00,0.847,µg/m³,PM2.5-10,ED-XRF
70119,ELLEN,Aluminum,2011-08-31T00:00,0.000,µg/m³,PM2.5-10,ED-XRF
70119,ELLEN,Aluminum,2011-09-06T00:00,0.405,µg/m³,PM2.5-10,ED-XRF
70119,ELLEN,Aluminum,2011-09-12T00:00,0.406,µg/m³,PM2.5-10,ED-XRF
70119,ELLEN,Aluminum,2011-09-18T00:00,0.190,µg/m³,PM2.5-10,ED-XRF
70119,ELLEN,Aluminum,2011-09-24T00:00,0.258,µg/m³,PM2.5-10,ED-XRF
70119,ELLEN,Aluminum,2011-10-06T00:00,0.811,µg/m³,PM2.5-10,ED-XRF
70119,ELLEN,Aluminum,2011-10-12T00:00,0.225,µg/m³,PM2.5-10,ED-XRF
70119,ELLEN,Aluminum,2011-10-18T00:00,0.037,µg/m³,PM2.5-10,ED-XRF
70119,ELLEN,Aluminum,2011-10-24T00:00,0.256,µg/m³,PM2.5-10,ED-XRF
70119,ELLEN,Aluminum,2011-10-30T00:00,0.147,µg/m³,PM2.5-10,ED-XRF
70119,ELLEN,Aluminum,2011-11-05T00:00,0.032,µg/m³,PM2.5-10,ED-XRF
70119,ELLEN,Aluminum,2011-11-11T00:00,0.060,µg/m³,PM2.5-10,ED-XRF
70119,ELLEN,Aluminum,2011-11-17T00:00,0.167,µg/m³,PM2.5-10,ED-XRF
70119,ELLEN,Aluminum,2011-11-23T00:00,0.000,µg/m³,PM2.5-10,ED-XRF
70119,ELLEN,Aluminum,2011-11-29T00:00,0.130,µg/m³,PM2.5-10,ED-XRF
70119,ELLEN,Aluminum,2011-12-05T00:00,0.208,µg/m³,PM2.5-10,ED-XRF
70119,ELLEN,Aluminum,2011-12-11T00:00,0.161,µg/m³,PM2.5-10,ED-XRF
70119,ELLEN,Aluminum,2011-12-17T00:00,0.015,µg/m³,PM2.5-10,ED-XRF
70119,ELLEN,Aluminum,2011-12-23T00:00,0.039,µg/m³,PM2.5-10,ED-XRF
