﻿NAPS_Site_ID,Station_Name,Pollutant,Date,Value,Units,Report_Type,Method
100111,ROCKY POINT PARK,Valeraldehyde,1999-01-30T00:00,0.102,µg/m³,VOC,
100111,ROCKY POINT PARK,Valeraldehyde,1999-02-05T00:00,0.062,µg/m³,VOC,
100111,ROCKY POINT PARK,Valeraldehyde,1999-02-11T00:00,0.076,µg/m³,VOC,
100111,ROCKY POINT PARK,Valeraldehyde,1999-02-17T00:00,0.054,µg/m³,VOC,
100111,ROCKY POINT PARK,Valeraldehyde,1999-02-23T00:00,0.137,µg/m³,VOC,
100111,ROCKY POINT PARK,Valeraldehyde,1999-03-01T00:00,0.000,µg/m³,VOC,
100111,ROCKY POINT PARK,Valeraldehyde,1999-03-31T00:00,0.080,µg/m³,VOC,
100111,ROCKY POINT PARK,Valeraldehyde,1999-04-06T00:00,0.142,µg/m³,VOC,
100111,ROCKY POINT PARK,Valeraldehyde,1999-05-30T00:00,0.301,µg/m³,VOC,
100111,ROCKY POINT PARK,Valeraldehyde,1999-06-05T00:00,0.000,µg/m³,VOC,
100111,ROCKY POINT PARK,Valeraldehyde,1999-06-11T00:00,0.240,µg/m³,VOC,
100111,ROCKY POINT PARK,Valeraldehyde,1999-06-17T00:00,0.253,µg/m³,VOC,
100111,ROCKY POINT PARK,Valeraldehyde,1999-06-23T00:00,0.098,µg/m³,VOC,
100111,ROCKY POINT PARK,Valeraldehyde,1999-06-29T00:00,0.089,µg/m³,VOC,
100111,ROCKY POINT PARK,Valeraldehyde,1999-07-05T00:00,0.269,µg/m³,VOC,
100111,ROCKY POINT PARK,Valeraldehyde,1999-07-11T00:00,0.573,µg/m³,VOC,
100111,ROCKY POINT PARK,Valeraldehyde,1999-07-17T00:00,0.296,µg/m³,VOC,
100111,ROCKY POINT PARK,Valeraldehyde,1999-07-23T00:00,0.160,µg/m³,VOC,
100111,ROCKY POINT PARK,Valeraldehyde,1999-07-29T00:00,0.158,µg/m³,VOC,
100111,ROCKY POINT PARK,Valeraldehyde,1999-08-10T00:00,0.294,µg/m³,VOC,
100111,ROCKY POINT PARK,Valeraldehyde,1999-08-16T00:00,0.112,µg/m³,VOC,
100111,ROCKY POINT PARK,Valeraldehyde,1999-08-22T00:00,0.353,µg/m³,VOC,
100111,ROCKY POINT PARK,Valeraldehyde,1999-08-28T00:00,0.438,µg/m³,VOC,
100111,ROCKY POINT PARK,Valeraldehyde,1999-09-03T00:00,0.129,µg/m³,VOC,
100111,ROCKY POINT PARK,Valeraldehyde,1999-09-09T00:00,0.268,µg/m³,VOC,
100111,ROCKY POINT PARK,Valeraldehyde,1999-09-15T00:00,0.267,µg/m³,VOC,
100111,ROCKY POINT PARK,Valeraldehyde,1999-09-21T00:00,0.495,µg/m³,VOC,
100111,ROCKY POINT PARK,Valeraldehyde,1999-09-27T00:00,0.247,µg/m³,VOC,
100111,ROCKY POINT PARK,Valeraldehyde,1999-10-03T00:00,0.201,µg/m³,VOC,
100111,ROCKY POINT PARK,Valeraldehyde,1999-10-09T00:00,0.000,µg/m³,VOC,
100111,ROCKY POINT PARK,Valeraldehyde,1999-10-15T00:00,0.000,µg/m³,VOC,
100111,ROCKY POINT PARK,Valeraldehyde,1999-10-21T00:00,0.213,µg/m³,VOC,
100111,ROCKY POINT PARK,Valeraldehyde,1999-10-27T00:00,0.000,µg/m³,VOC,
100111,ROCKY POINT PARK,Valeraldehyde,1999-11-02T00:00,0.000,µg/m³,VOC,
100111,ROCKY POINT PARK,Valeraldehyde,1999-11-08T00:00,0.000,µg/m³,VOC,
100111,ROCKY POINT PARK,Valeraldehyde,1999-11-14T00:00,0.085,µg/m³,VOC,
100111,ROCKY POINT PARK,Valeraldehyde,1999-11-20T00:00,0.099,µg/m³,VOC,
100111,ROCKY POINT PARK,Valeraldehyde,1999-11-26T00:00,0.000,µg/m³,VOC,
100111,ROCKY POINT PARK,Valeraldehyde,1999-12-02T00:00,0.000,µg/m³,VOC,
100111,ROCKY POINT PARK,Valeraldehyde,1999-12-08T00:00,0.000,µg/m³,VOC,
100111,ROCKY POINT PARK,Valeraldehyde,1999-12-14T00:00,0.000,µg/m³,VOC,
100111,ROCKY POINT PARK,Valeraldehyde,1999-12-20T00:00,0.000,µg/m³,VOC,
100111,ROCKY POINT PARK,Valeraldehyde,1999-12-26T00:00,0.078,µg/m³,VOC,
