﻿NAPS_Site_ID,Station_Name,Pollutant,Date,Value,Units
104003,VERNON SCIENCE CENTRE,NOX,2017-01-01T00:00,18.000,µg/m³
104003,VERNON SCIENCE CENTRE,NOX,2017-01-01T01:00,13.000,µg/m³
104003,VERNON SCIENCE CENTRE,NOX,2017-01-01T02:00,13.000,µg/m³
104003,VERNON SCIENCE CENTRE,NOX,2017-01-01T03:00,18.000,µg/m³
104003,VERNON SCIENCE CENTRE,NOX,2017-01-01T04:00,18.000,µg/m³
104003,VERNON SCIENCE CENTRE,NOX,2017-01-01T05:00,10.000,µg/m³
104003,VERNON SCIENCE CENTRE,NOX,2017-01-01T06:00,20.000,µg/m³
104003,VERNON SCIENCE CENTRE,NOX,2017-01-01T07:00,17.000,µg/m³
104003,VERNON SCIENCE CENTRE,NOX,2017-01-01T08:00,14.000,µg/m³
104003,VERNON SCIENCE CENTRE,NOX,2017-01-01T09:00,18.000,µg/m³
104003,VERNON SCIENCE CENTRE,NOX,2017-01-01T10:00,19.000,µg/m³
104003,VERNON SCIENCE CENTRE,NOX,2017-01-01T11:00,13.000,µg/m³
104003,VERNON SCIENCE CENTRE,NOX,2017-01-01T12:00,14.000,µg/m³
104003,VERNON SCIENCE CENTRE,NOX,2017-01-01T13:00,10.000,µg/m³
104003,VERNON SCIENCE CENTRE,NOX,2017-01-01T14:00,9.000,µg/m³
104003,VERNON SCIENCE CENTRE,NOX,2017-01-01T15:00,13.000,µg/m³
104003,VERNON SCIENCE CENTRE,NOX,2017-01-01T16:00,16.000,µg/m³
104003,VERNON SCIENCE CENTRE,NOX,2017-01-01T17:00,8.000,µg/m³
104003,VERNON SCIENCE CENTRE,NOX,2017-01-01T18:00,10.000,µg/m³
104003,VERNON SCIENCE CENTRE,NOX,2017-01-01T20:00,9.000,µg/m³
104003,VERNON SCIENCE CENTRE,NOX,2017-01-01T21:00,13.000,µg/m³
104003,VERNON SCIENCE CENTRE,NOX,2017-01-01T22:00,7.000,µg/m³
