﻿NAPS_Site_ID,Station_Name,Pollutant,Date,Value,Units,Report_Type,Method
60211,WINDSOR WEST,EC(A),2020-01-01T00:00,0.433,µg/m³,PM2.5,TOR(OC/EC)
60211,WINDSOR WEST,EC(A),2020-01-04T00:00,0.345,µg/m³,PM2.5,TOR(OC/EC)
60211,WINDSOR WEST,EC(A),2020-01-07T00:00,0.835,µg/m³,PM2.5,TOR(OC/EC)
60211,WINDSOR WEST,EC(A),2020-01-10T00:00,0.834,µg/m³,PM2.5,TOR(OC/EC)
60211,WINDSOR WEST,EC(A),2020-01-13T00:00,0.882,µg/m³,PM2.5,TOR(OC/EC)
60211,WINDSOR WEST,EC(A),2020-01-16T00:00,0.369,µg/m³,PM2.5,TOR(OC/EC)
60211,WINDSOR WEST,EC(A),2020-01-19T00:00,0.512,µg/m³,PM2.5,TOR(OC/EC)
60211,WINDSOR WEST,EC(A),2020-01-22T00:00,1.011,µg/m³,PM2.5,TOR(OC/EC)
60211,WINDSOR WEST,EC(A),2020-01-25T00:00,0.871,µg/m³,PM2.5,TOR(OC/EC)
60211,WINDSOR WEST,EC(A),2020-01-28T00:00,0.748,µg/m³,PM2.5,TOR(OC/EC)
60211,WINDSOR WEST,EC(A),2020-01-31T00:00,0.891,µg/m³,PM2.5,TOR(OC/EC)
60211,WINDSOR WEST,EC(A),2020-02-06T00:00,0.648,µg/m³,PM2.5,TOR(OC/EC)
60211,WINDSOR WEST,EC(A),2020-02-09T00:00,0.744,µg/m³,PM2.5,TOR(OC/EC)
60211,WINDSOR WEST,EC(A),2020-02-12T00:00,0.709,µg/m³,PM2.5,TOR(OC/EC)
60211,WINDSOR WEST,EC(A),2020-02-15T00:00,0.322,µg/m³,PM2.5,TOR(OC/EC)
60211,WINDSOR WEST,EC(A),2020-02-18T00:00,0.800,µg/m³,PM2.5,TOR(OC/EC)
60211,WINDSOR WEST,EC(A),2020-02-21T00:00,0.972,µg/m³,PM2.5,TOR(OC/EC)
60211,WINDSOR WEST,EC(A),2020-02-27T00:00,0.455,µg/m³,PM2.5,TOR(OC/EC)
60211,WINDSOR WEST,EC(A),2020-03-01T00:00,0.691,µg/m³,PM2.5,TOR(OC/EC)
60211,WINDSOR WEST,EC(A),2020-03-04T00:00,0.811,µg/m³,PM2.5,TOR(OC/EC)
60211,WINDSOR WEST,EC(A),2020-03-07T00:00,0.831,µg/m³,PM2.5,TOR(OC/EC)
60211,WINDSOR WEST,EC(A),2020-03-13T00:00,0.714,µg/m³,PM2.5,TOR(OC/EC)
60211,WINDSOR WEST,EC(A),2020-03-16T00:00,0.596,µg/m³,PM2.5,TOR(OC/EC)
60211,WINDSOR WEST,EC(A),2020-03-19T00:00,1.454,µg/m³,PM2.5,TOR(OC/EC)
60211,WINDSOR WEST,EC(A),2020-03-22T00:00,0.760,µg/m³,PM2.5,TOR(OC/EC)
60211,WINDSOR WEST,EC(A),2020-03-25T00:00,1.387,µg/m³,PM2.5,TOR(OC/EC)
60211,WINDSOR WEST,EC(A),2020-03-28T00:00,0.600,µg/m³,PM2.5,TOR(OC/EC)
