﻿NAPS_Site_ID,Station_Name,Pollutant,Date,Value,Units,Report_Type,Method
50308,QUÉBEC-VIEUX-LIMOILOU (DES SABLES),Potassium,2000-01-01T00:00,0.014,µg/m³,DICHOT,EDXRF
50308,QUÉBEC-VIEUX-LIMOILOU (DES SABLES),Potassium,2000-01-01T00:00,0.126,µg/m³,DICHOT,EDXRF
50308,QUÉBEC-VIEUX-LIMOILOU (DES SABLES),Potassium,2000-01-19T00:00,0.043,µg/m³,DICHOT,EDXRF
50308,QUÉBEC-VIEUX-LIMOILOU (DES SABLES),Potassium,2000-01-19T00:00,0.275,µg/m³,DICHOT,EDXRF
50308,QUÉBEC-VIEUX-LIMOILOU (DES SABLES),Potassium,2000-01-25T00:00,0.021,µg/m³,DICHOT,EDXRF
50308,QUÉBEC-VIEUX-LIMOILOU (DES SABLES),Potassium,2000-01-25T00:00,0.285,µg/m³,DICHOT,EDXRF
50308,QUÉBEC-VIEUX-LIMOILOU (DES SABLES),Potassium,2000-01-31T00:00,0.019,µg/m³,DICHOT,EDXRF
50308,QUÉBEC-VIEUX-LIMOILOU (DES SABLES),Potassium,2000-01-31T00:00,0.154,µg/m³,DICHOT,EDXRF
50308,QUÉBEC-VIEUX-LIMOILOU (DES SABLES),Potassium,2000-02-06T00:00,0.055,µg/m³,DICHOT,EDXRF
50308,QUÉBEC-VIEUX-LIMOILOU (DES SABLES),Potassium,2000-02-06T00:00,0.060,µg/m³,DICHOT,EDXRF
50308,QUÉBEC-VIEUX-LIMOILOU (DES SABLES),Potassium,2000-02-12T00:00,0.016,µg/m³,DICHOT,EDXRF
50308,QUÉBEC-VIEUX-LIMOILOU (DES SABLES),Potassium,2000-02-12T00:00,0.116,µg/m³,DICHOT,EDXRF
50308,QUÉBEC-VIEUX-LIMOILOU (DES SABLES),Potassium,2000-02-18T00:00,0.055,µg/m³,DICHOT,EDXRF
50308,QUÉBEC-VIEUX-LIMOILOU (DES SABLES),Potassium,2000-02-18T00:00,0.167,µg/m³,DICHOT,EDXRF
50308,QUÉBEC-VIEUX-LIMOILOU (DES SABLES),Potassium,2000-02-24T00:00,0.093,µg/m³,DICHOT,EDXRF
50308,QUÉBEC-VIEUX-LIMOILOU (DES SABLES),Potassium,2000-02-24T00:00,0.211,µg/m³,DICHOT,EDXRF
50308,QUÉBEC-VIEUX-LIMOILOU (DES SABLES),Potassium,2000-03-01T00:00,0.085,µg/m³,DICHOT,EDXRF
50308,QUÉBEC-VIEUX-LIMOILOU (DES SABLES),Potassium,2000-03-01T00:00,0.102,µg/m³,DICHOT,EDXRF
50308,QUÉBEC-VIEUX-LIMOILOU (DES SABLES),Potassium,2000-03-13T00:00,0.060,µg/m³,DICHOT,EDXRF
50308,QUÉBEC-VIEUX-LIMOILOU (DES SABLES),Potassium,2000-03-13T00:00,0.119,µg/m³,DICHOT,EDXRF
50308,QUÉBEC-VIEUX-LIMOILOU (DES SABLES),Potassium,2000-03-19T00:00,0.082,µg/m³,DICHOT,EDXRF
50308,QUÉBEC-VIEUX-LIMOILOU (DES SABLES),Potassium,2000-03-19T00:00,0.086,µg/m³,DICHOT,EDXRF
50308,QUÉBEC-VIEUX-LIMOILOU (DES SABLES),Potassium,2000-03-25T00:00,0.121,µg/m³,DICHOT,EDXRF
50308,QUÉBEC-VIEUX-LIMOILOU (DES SABLES),Potassium,2000-03-25T00:00,0.128,µg/m³,DICHOT,EDXRF
50308,QUÉBEC-VIEUX-LIMOILOU (DES SABLES),Potassium,2000-03-31T00:00,0.043,µg/m³,DICHOT,EDXRF
50308,QUÉBEC-VIEUX-LIMOILOU (DES SABLES),Potassium,2000-03-31T00:00,0.127,µg/m³,DICHOT,EDXRF
50308,QUÉBEC-VIEUX-LIMOILOU (DES SABLES),Potassium,2000-04-06T00:00,0.038,µg/m³,DICHOT,EDXRF
50308,QUÉBEC-VIEUX-LIMOILOU (DES SABLES),Potassium,2000-04-06T00:00,0.126,µg/m³,DICHOT,EDXRF
50308,QUÉBEC-VIEUX-LIMOILOU (DES SABLES),Potassium,2000-04-12T00:00,0.080,µg/m³,DICHOT,EDXRF
50308,QUÉBEC-VIEUX-LIMOILOU (DES SABLES),Potassium,2000-04-12T00:00,0.377,µg/m³,DICHOT,EDXRF
50308,QUÉBEC-VIEUX-LIMOILOU (DES SABLES),Potassium,2000-04-24T00:00,0.042,µg/m³,DICHOT,EDXRF
50308,QUÉBEC-VIEUX-LIMOILOU (DES SABLES),Potassium,2000-04-24T00:00,0.068,µg/m³,DICHOT,EDXRF
50308,QUÉBEC-VIEUX-LIMOILOU (DES SABLES),Potassium,2000-04-30T00:00,0.057,µg/m³,DICHOT,EDXRF
50308,QUÉBEC-VIEUX-LIMOILOU (DES SABLES),Potassium,2000-04-30T00:00,0.131,µg/m³,DICHOT,EDXRF
50308,QUÉBEC-VIEUX-LIMOILOU (DES SABLES),Potassium,2000-05-06T00:00,0.054,µg/m³,DICHOT,EDXRF
50308,QUÉBEC-VIEUX-LIMOILOU (DES SABLES),Potassium,2000-05-06T00:00,0.263,µg/m³,DICHOT,EDXRF
50308,QUÉBEC-VIEUX-LIMOILOU (DES SABLES),Potassium,2000-05-12T00:00,0.028,µg/m³,DICHOT,EDXRF
50308,QUÉBEC-VIEUX-LIMOILOU (DES SABLES),Potassium,2000-05-12T00:00,0.231,µg/m³,DICHOT,EDXRF
50308,QUÉBEC-VIEUX-LIMOILOU (DES SABLES),Potassium,2000-05-18T00:00,0.062,µg/m³,DICHOT,EDXRF
50308,QUÉBEC-VIEUX-LIMOILOU (DES SABLES),Potassium,2000-05-18T00:00,0.086,µg/m³,DICHOT,EDXRF
50308,QUÉBEC-VIEUX-LIMOILOU (DES SABLES),Potassium,2000-05-24T00:00,0.114,µg/m³,DICHOT,EDXRF
50308,QUÉBEC-VIEUX-LIMOILOU (DES SABLES),Potassium,2000-05-24T00:00,0.181,µg/m³,DICHOT,EDXRF
50308,QUÉBEC-VIEUX-LIMOILOU (DES SABLES),Potassium,2000-08-04T00:00,0.035,µg/m³,DICHOT,EDXRF
50308,QUÉBEC-VIEUX-LIMOILOU (DES SABLES),Potassium,2000-08-04T00:00,0.083,µg/m³,DICHOT,EDXRF
50308,QUÉBEC-VIEUX-LIMOILOU (DES SABLES),Potassium,2000-08-10T00:00,0.068,µg/m³,DICHOT,EDXRF
50308,QUÉBEC-VIEUX-LIMOILOU (DES SABLES),Potassium,2000-08-10T00:00,0.097,µg/m³,DICHOT,EDXRF
50308,QUÉBEC-VIEUX-LIMOILOU (DES SABLES),Potassium,2000-08-22T00:00,0.095,µg/m³,DICHOT,EDXRF
50308,QUÉBEC-VIEUX-LIMOILOU (DES SABLES),Potassium,2000-08-22T00:00,0.169,µg/m³,DICHOT,EDXRF
50308,QUÉBEC-VIEUX-LIMOILOU (DES SABLES),Potassium,2000-08-28T00:00,0.058,µg/m³,DICHOT,EDXRF
50308,QUÉBEC-VIEUX-LIMOILOU (DES SABLES),Potassium,2000-08-28T00:00,0.163,µg/m³,DICHOT,EDXRF
50308,QUÉBEC-VIEUX-LIMOILOU (DES SABLES),Potassium,2000-09-03T00:00,0.060,µg/m³,DICHOT,EDXRF
50308,QUÉBEC-VIEUX-LIMOILOU (DES SABLES),Potassium,2000-09-03T00:00,0.076,µg/m³,DICHOT,EDXRF
50308,QUÉBEC-VIEUX-LIMOILOU (DES SABLES),Potassium,2000-09-09T00:00,0.043,µg/m³,DICHOT,EDXRF
50308,QUÉBEC-VIEUX-LIMOILOU (DES SABLES),Potassium,2000-09-09T00:00,0.073,µg/m³,DICHOT,EDXRF
50308,QUÉBEC-VIEUX-LIMOILOU (DES SABLES),Potassium,2000-09-15T00:00,0.050,µg/m³,DICHOT,EDXRF
50308,QUÉBEC-VIEUX-LIMOILOU (DES SABLES),Potassium,2000-09-15T00:00,0.073,µg/m³,DICHOT,EDXRF
50308,QUÉBEC-VIEUX-LIMOILOU (DES SABLES),Potassium,2000-09-21T00:00,0.042,µg/m³,DICHOT,EDXRF
50308,QUÉBEC-VIEUX-LIMOILOU (DES SABLES),Potassium,2000-09-21T00:00,0.111,µg/m³,DICHOT,EDXRF
50308,QUÉBEC-VIEUX-LIMOILOU (DES SABLES),Potassium,2000-09-27T00:00,0.066,µg/m³,DICHOT,EDXRF
50308,QUÉBEC-VIEUX-LIMOILOU (DES SABLES),Potassium,2000-09-27T00:00,0.128,µg/m³,DICHOT,EDXRF
50308,QUÉBEC-VIEUX-LIMOILOU (DES SABLES),Potassium,2000-10-03T00:00,0.103,µg/m³,DICHOT,EDXRF
50308,QUÉBEC-VIEUX-LIMOILOU (DES SABLES),Potassium,2000-10-03T00:00,0.183,µg/m³,DICHOT,EDXRF
50308,QUÉBEC-VIEUX-LIMOILOU (DES SABLES),Potassium,2000-10-09T00:00,0.074,µg/m³,DICHOT,EDXRF
50308,QUÉBEC-VIEUX-LIMOILOU (DES SABLES),Potassium,2000-10-09T00:00,0.221,µg/m³,DICHOT,EDXRF
50308,QUÉBEC-VIEUX-LIMOILOU (DES SABLES),Potassium,2000-10-21T00:00,0.044,µg/m³,DICHOT,EDXRF
50308,QUÉBEC-VIEUX-LIMOILOU (DES SABLES),Potassium,2000-10-21T00:00,0.064,µg/m³,DICHOT,EDXRF
50308,QUÉBEC-VIEUX-LIMOILOU (DES SABLES),Potassium,2000-10-27T00:00,0.167,µg/m³,DICHOT,EDXRF
50308,QUÉBEC-VIEUX-LIMOILOU (DES SABLES),Potassium,2000-10-27T00:00,0.217,µg/m³,DICHOT,EDXRF
50308,QUÉBEC-VIEUX-LIMOILOU (DES SABLES),Potassium,2000-11-02T00:00,0.311,µg/m³,DICHOT,EDXRF
50308,QUÉBEC-VIEUX-LIMOILOU (DES SABLES),Potassium,2000-11-02T00:00,0.486,µg/m³,DICHOT,EDXRF
50308,QUÉBEC-VIEUX-LIMOILOU (DES SABLES),Potassium,2000-11-08T00:00,0.021,µg/m³,DICHOT,EDXRF
50308,QUÉBEC-VIEUX-LIMOILOU (DES SABLES),Potassium,2000-11-08T00:00,0.061,µg/m³,DICHOT,EDXRF
50308,QUÉBEC-VIEUX-LIMOILOU (DES SABLES),Potassium,2000-11-14T00:00,0.053,µg/m³,DICHOT,EDXRF
50308,QUÉBEC-VIEUX-LIMOILOU (DES SABLES),Potassium,2000-11-14T00:00,0.061,µg/m³,DICHOT,EDXRF
50308,QUÉBEC-VIEUX-LIMOILOU (DES SABLES),Potassium,2000-11-20T00:00,0.057,µg/m³,DICHOT,EDXRF
50308,QUÉBEC-VIEUX-LIMOILOU (DES SABLES),Potassium,2000-11-20T00:00,0.101,µg/m³,DICHOT,EDXRF
50308,QUÉBEC-VIEUX-LIMOILOU (DES SABLES),Potassium,2000-11-26T00:00,0.087,µg/m³,DICHOT,EDXRF
50308,QUÉBEC-VIEUX-LIMOILOU (DES SABLES),Potassium,2000-11-26T00:00,0.292,µg/m³,DICHOT,EDXRF
50308,QUÉBEC-VIEUX-LIMOILOU (DES SABLES),Potassium,2000-12-02T00:00,0.022,µg/m³,DICHOT,EDXRF
50308,QUÉBEC-VIEUX-LIMOILOU (DES SABLES),Potassium,2000-12-02T00:00,0.043,µg/m³,DICHOT,EDXRF
50308,QUÉBEC-VIEUX-LIMOILOU (DES SABLES),Potassium,2000-12-08T00:00,0.033,µg/m³,DICHOT,EDXRF
50308,QUÉBEC-VIEUX-LIMOILOU (DES SABLES),Potassium,2000-12-08T00:00,0.113,µg/m³,DICHOT,EDXRF
50308,QUÉBEC-VIEUX-LIMOILOU (DES SABLES),Potassium,2000-12-14T00:00,0.000,µg/m³,DICHOT,EDXRF
50308,QUÉBEC-VIEUX-LIMOILOU (DES SABLES),Potassium,2000-12-14T00:00,0.230,µg/m³,DICHOT,EDXRF
50308,QUÉBEC-VIEUX-LIMOILOU (DES SABLES),Potassium,2000-12-20T00:00,0.037,µg/m³,DICHOT,EDXRF
50308,QUÉBEC-VIEUX-LIMOILOU (DES SABLES),Potassium,2000-12-20T00:00,0.049,µg/m³,DICHOT,EDXRF
50308,QUÉBEC-VIEUX-LIMOILOU (DES SABLES),Potassium,2000-12-26T00:00,0.024,µg/m³,DICHOT,EDXRF
50308,QUÉBEC-VIEUX-LIMOILOU (DES SABLES),Potassium,2000-12-26T00:00,0.042,µg/m³,DICHOT,EDXRF
