﻿NAPS_Site_ID,Station_Name,Pollutant,Date,Value,Units,Report_Type,Method
64601,PT. PETRE,13C6-HCB,2001-02-06T00:00,0.080,µg/m³,HCB,
64601,PT. PETRE,13C6-HCB,2001-03-02T00:00,0.081,µg/m³,HCB,
64601,PT. PETRE,13C6-HCB,2001-03-14T00:00,0.093,µg/m³,HCB,
64601,PT. PETRE,13C6-HCB,2001-04-07T00:00,0.045,µg/m³,HCB,
64601,PT. PETRE,13C6-HCB,2001-04-19T00:00,0.081,µg/m³,HCB,
64601,PT. PETRE,13C6-HCB,2001-05-01T00:00,0.101,µg/m³,HCB,
64601,PT. PETRE,13C6-HCB,2001-05-13T00:00,0.094,µg/m³,HCB,
64601,PT. PETRE,13C6-HCB,2001-05-25T00:00,0.074,µg/m³,HCB,
64601,PT. PETRE,13C6-HCB,2001-05-26T00:00,0.087,µg/m³,HCB,
64601,PT. PETRE,13C6-HCB,2001-06-06T00:00,0.077,µg/m³,HCB,
64601,PT. PETRE,13C6-HCB,2001-06-18T00:00,0.074,µg/m³,HCB,
64601,PT. PETRE,13C6-HCB,2001-06-30T00:00,0.079,µg/m³,HCB,
64601,PT. PETRE,13C6-HCB,2001-07-24T00:00,0.098,µg/m³,HCB,
64601,PT. PETRE,13C6-HCB,2001-08-05T00:00,0.080,µg/m³,HCB,
64601,PT. PETRE,13C6-HCB,2001-08-17T00:00,0.082,µg/m³,HCB,
64601,PT. PETRE,13C6-HCB,2001-08-29T00:00,0.084,µg/m³,HCB,
64601,PT. PETRE,13C6-HCB,2001-09-10T00:00,0.084,µg/m³,HCB,
64601,PT. PETRE,13C6-HCB,2001-09-22T00:00,0.084,µg/m³,HCB,
64601,PT. PETRE,13C6-HCB,2001-10-04T00:00,0.086,µg/m³,HCB,
64601,PT. PETRE,13C6-HCB,2001-10-28T00:00,0.088,µg/m³,HCB,
64601,PT. PETRE,13C6-HCB,2001-11-09T00:00,0.088,µg/m³,HCB,
64601,PT. PETRE,13C6-HCB,2001-11-21T00:00,0.083,µg/m³,HCB,
64601,PT. PETRE,13C6-HCB,2001-12-03T00:00,0.085,µg/m³,HCB,
64601,PT. PETRE,13C6-HCB,2001-12-15T00:00,0.090,µg/m³,HCB,
64601,PT. PETRE,13C6-HCB,2001-12-27T00:00,0.091,µg/m³,HCB,
