﻿NAPS_Site_ID,Station_Name,Pollutant,Date,Value,Units,Report_Type,Method
60104,OTTAWA DOWNTOWN,2-Methylhexane,1998-01-05T00:00,0.420,µg/m³,VOC,
60104,OTTAWA DOWNTOWN,2-Methylhexane,1998-01-11T00:00,0.300,µg/m³,VOC,
60104,OTTAWA DOWNTOWN,2-Methylhexane,1998-01-17T00:00,0.360,µg/m³,VOC,
60104,OTTAWA DOWNTOWN,2-Methylhexane,1998-01-23T00:00,0.360,µg/m³,VOC,
60104,OTTAWA DOWNTOWN,2-Methylhexane,1998-01-29T00:00,0.980,µg/m³,VOC,
60104,OTTAWA DOWNTOWN,2-Methylhexane,1998-02-04T00:00,0.680,µg/m³,VOC,
60104,OTTAWA DOWNTOWN,2-Methylhexane,1998-02-10T00:00,1.060,µg/m³,VOC,
60104,OTTAWA DOWNTOWN,2-Methylhexane,1998-02-16T00:00,0.520,µg/m³,VOC,
60104,OTTAWA DOWNTOWN,2-Methylhexane,1998-02-22T00:00,0.440,µg/m³,VOC,
60104,OTTAWA DOWNTOWN,2-Methylhexane,1998-02-28T00:00,0.420,µg/m³,VOC,
60104,OTTAWA DOWNTOWN,2-Methylhexane,1998-03-06T00:00,0.300,µg/m³,VOC,
60104,OTTAWA DOWNTOWN,2-Methylhexane,1998-03-12T00:00,0.180,µg/m³,VOC,
60104,OTTAWA DOWNTOWN,2-Methylhexane,1998-03-18T00:00,0.340,µg/m³,VOC,
60104,OTTAWA DOWNTOWN,2-Methylhexane,1998-03-24T00:00,0.380,µg/m³,VOC,
60104,OTTAWA DOWNTOWN,2-Methylhexane,1998-03-30T00:00,0.880,µg/m³,VOC,
60104,OTTAWA DOWNTOWN,2-Methylhexane,1998-04-05T00:00,0.160,µg/m³,VOC,
60104,OTTAWA DOWNTOWN,2-Methylhexane,1998-04-11T00:00,0.380,µg/m³,VOC,
60104,OTTAWA DOWNTOWN,2-Methylhexane,1998-04-17T00:00,0.400,µg/m³,VOC,
60104,OTTAWA DOWNTOWN,2-Methylhexane,1998-04-23T00:00,0.720,µg/m³,VOC,
60104,OTTAWA DOWNTOWN,2-Methylhexane,1998-04-29T00:00,0.320,µg/m³,VOC,
60104,OTTAWA DOWNTOWN,2-Methylhexane,1998-05-05T00:00,0.600,µg/m³,VOC,
60104,OTTAWA DOWNTOWN,2-Methylhexane,1998-05-11T00:00,0.263,µg/m³,VOC,
60104,OTTAWA DOWNTOWN,2-Methylhexane,1998-05-17T00:00,0.214,µg/m³,VOC,
60104,OTTAWA DOWNTOWN,2-Methylhexane,1998-05-23T00:00,0.192,µg/m³,VOC,
60104,OTTAWA DOWNTOWN,2-Methylhexane,1998-06-04T00:00,0.161,µg/m³,VOC,
60104,OTTAWA DOWNTOWN,2-Methylhexane,1998-06-10T00:00,0.691,µg/m³,VOC,
60104,OTTAWA DOWNTOWN,2-Methylhexane,1998-06-16T00:00,0.471,µg/m³,VOC,
60104,OTTAWA DOWNTOWN,2-Methylhexane,1998-06-22T00:00,0.584,µg/m³,VOC,
60104,OTTAWA DOWNTOWN,2-Methylhexane,1998-06-28T00:00,0.253,µg/m³,VOC,
60104,OTTAWA DOWNTOWN,2-Methylhexane,1998-07-04T00:00,0.329,µg/m³,VOC,
60104,OTTAWA DOWNTOWN,2-Methylhexane,1998-07-10T00:00,0.224,µg/m³,VOC,
60104,OTTAWA DOWNTOWN,2-Methylhexane,1998-07-16T00:00,0.553,µg/m³,VOC,
60104,OTTAWA DOWNTOWN,2-Methylhexane,1998-07-22T00:00,0.373,µg/m³,VOC,
60104,OTTAWA DOWNTOWN,2-Methylhexane,1998-07-28T00:00,0.284,µg/m³,VOC,
60104,OTTAWA DOWNTOWN,2-Methylhexane,1998-08-03T00:00,0.495,µg/m³,VOC,
60104,OTTAWA DOWNTOWN,2-Methylhexane,1998-08-09T00:00,0.585,µg/m³,VOC,
60104,OTTAWA DOWNTOWN,2-Methylhexane,1998-08-15T00:00,0.345,µg/m³,VOC,
60104,OTTAWA DOWNTOWN,2-Methylhexane,1998-08-21T00:00,0.515,µg/m³,VOC,
60104,OTTAWA DOWNTOWN,2-Methylhexane,1998-08-27T00:00,0.627,µg/m³,VOC,
60104,OTTAWA DOWNTOWN,2-Methylhexane,1998-09-02T00:00,0.668,µg/m³,VOC,
60104,OTTAWA DOWNTOWN,2-Methylhexane,1998-09-08T00:00,0.194,µg/m³,VOC,
60104,OTTAWA DOWNTOWN,2-Methylhexane,1998-09-14T00:00,0.880,µg/m³,VOC,
60104,OTTAWA DOWNTOWN,2-Methylhexane,1998-09-20T00:00,0.360,µg/m³,VOC,
60104,OTTAWA DOWNTOWN,2-Methylhexane,1998-09-26T00:00,0.950,µg/m³,VOC,
60104,OTTAWA DOWNTOWN,2-Methylhexane,1998-10-02T00:00,0.180,µg/m³,VOC,
60104,OTTAWA DOWNTOWN,2-Methylhexane,1998-10-08T00:00,0.717,µg/m³,VOC,
60104,OTTAWA DOWNTOWN,2-Methylhexane,1998-10-14T00:00,0.468,µg/m³,VOC,
60104,OTTAWA DOWNTOWN,2-Methylhexane,1998-10-20T00:00,0.189,µg/m³,VOC,
60104,OTTAWA DOWNTOWN,2-Methylhexane,1998-10-26T00:00,0.388,µg/m³,VOC,
60104,OTTAWA DOWNTOWN,2-Methylhexane,1998-11-01T00:00,0.132,µg/m³,VOC,
60104,OTTAWA DOWNTOWN,2-Methylhexane,1998-11-07T00:00,0.276,µg/m³,VOC,
60104,OTTAWA DOWNTOWN,2-Methylhexane,1998-11-13T00:00,0.458,µg/m³,VOC,
60104,OTTAWA DOWNTOWN,2-Methylhexane,1998-11-19T00:00,0.462,µg/m³,VOC,
60104,OTTAWA DOWNTOWN,2-Methylhexane,1998-11-25T00:00,0.355,µg/m³,VOC,
60104,OTTAWA DOWNTOWN,2-Methylhexane,1998-12-01T00:00,0.227,µg/m³,VOC,
60104,OTTAWA DOWNTOWN,2-Methylhexane,1998-12-07T00:00,0.294,µg/m³,VOC,
60104,OTTAWA DOWNTOWN,2-Methylhexane,1998-12-13T00:00,0.250,µg/m³,VOC,
60104,OTTAWA DOWNTOWN,2-Methylhexane,1998-12-19T00:00,0.538,µg/m³,VOC,
60104,OTTAWA DOWNTOWN,2-Methylhexane,1998-12-25T00:00,0.240,µg/m³,VOC,
60104,OTTAWA DOWNTOWN,2-Methylhexane,1998-12-31T00:00,0.148,µg/m³,VOC,
