﻿NAPS_Site_ID,Station_Name,Pollutant,Date,Value,Units,Report_Type,Method
50136,MONTRÉAL-ST-DOMINIQUE,B-Pinene,2018-01-26T00:00,0.000,µg/m³,VOC,GC-MS
50136,MONTRÉAL-ST-DOMINIQUE,B-Pinene,2018-02-01T00:00,0.043,µg/m³,VOC,GC-MS
50136,MONTRÉAL-ST-DOMINIQUE,B-Pinene,2018-02-07T00:00,0.000,µg/m³,VOC,GC-MS
50136,MONTRÉAL-ST-DOMINIQUE,B-Pinene,2018-02-13T00:00,0.007,µg/m³,VOC,GC-MS
50136,MONTRÉAL-ST-DOMINIQUE,B-Pinene,2018-02-19T00:00,0.011,µg/m³,VOC,GC-MS
50136,MONTRÉAL-ST-DOMINIQUE,B-Pinene,2018-02-25T00:00,0.019,µg/m³,VOC,GC-MS
50136,MONTRÉAL-ST-DOMINIQUE,B-Pinene,2018-03-03T00:00,0.022,µg/m³,VOC,GC-MS
50136,MONTRÉAL-ST-DOMINIQUE,B-Pinene,2018-03-09T00:00,0.018,µg/m³,VOC,GC-MS
50136,MONTRÉAL-ST-DOMINIQUE,B-Pinene,2018-03-15T00:00,0.001,µg/m³,VOC,GC-MS
50136,MONTRÉAL-ST-DOMINIQUE,B-Pinene,2018-03-21T00:00,0.007,µg/m³,VOC,GC-MS
50136,MONTRÉAL-ST-DOMINIQUE,B-Pinene,2018-03-27T00:00,0.005,µg/m³,VOC,GC-MS
50136,MONTRÉAL-ST-DOMINIQUE,B-Pinene,2018-04-02T00:00,0.000,µg/m³,VOC,GC-MS
50136,MONTRÉAL-ST-DOMINIQUE,B-Pinene,2018-04-08T00:00,0.004,µg/m³,VOC,GC-MS
50136,MONTRÉAL-ST-DOMINIQUE,B-Pinene,2018-04-14T00:00,0.001,µg/m³,VOC,GC-MS
50136,MONTRÉAL-ST-DOMINIQUE,B-Pinene,2018-04-20T00:00,0.003,µg/m³,VOC,GC-MS
50136,MONTRÉAL-ST-DOMINIQUE,B-Pinene,2018-04-26T00:00,0.084,µg/m³,VOC,GC-MS
50136,MONTRÉAL-ST-DOMINIQUE,B-Pinene,2018-05-02T00:00,0.022,µg/m³,VOC,GC-MS
50136,MONTRÉAL-ST-DOMINIQUE,B-Pinene,2018-05-08T00:00,0.018,µg/m³,VOC,GC-MS
50136,MONTRÉAL-ST-DOMINIQUE,B-Pinene,2018-05-14T00:00,0.029,µg/m³,VOC,GC-MS
50136,MONTRÉAL-ST-DOMINIQUE,B-Pinene,2018-05-20T00:00,0.066,µg/m³,VOC,GC-MS
50136,MONTRÉAL-ST-DOMINIQUE,B-Pinene,2018-05-26T00:00,0.078,µg/m³,VOC,GC-MS
50136,MONTRÉAL-ST-DOMINIQUE,B-Pinene,2018-06-01T00:00,0.196,µg/m³,VOC,GC-MS
50136,MONTRÉAL-ST-DOMINIQUE,B-Pinene,2018-06-07T00:00,0.056,µg/m³,VOC,GC-MS
50136,MONTRÉAL-ST-DOMINIQUE,B-Pinene,2018-06-13T00:00,0.063,µg/m³,VOC,GC-MS
50136,MONTRÉAL-ST-DOMINIQUE,B-Pinene,2018-06-19T00:00,0.123,µg/m³,VOC,GC-MS
50136,MONTRÉAL-ST-DOMINIQUE,B-Pinene,2018-06-25T00:00,0.114,µg/m³,VOC,GC-MS
50136,MONTRÉAL-ST-DOMINIQUE,B-Pinene,2018-07-01T00:00,0.094,µg/m³,VOC,GC-MS
50136,MONTRÉAL-ST-DOMINIQUE,B-Pinene,2018-07-07T00:00,0.099,µg/m³,VOC,GC-MS
50136,MONTRÉAL-ST-DOMINIQUE,B-Pinene,2018-07-13T00:00,0.081,µg/m³,VOC,GC-MS
50136,MONTRÉAL-ST-DOMINIQUE,B-Pinene,2018-07-19T00:00,0.086,µg/m³,VOC,GC-MS
50136,MONTRÉAL-ST-DOMINIQUE,B-Pinene,2018-07-25T00:00,0.111,µg/m³,VOC,GC-MS
50136,MONTRÉAL-ST-DOMINIQUE,B-Pinene,2018-07-31T00:00,0.055,µg/m³,VOC,GC-MS
50136,MONTRÉAL-ST-DOMINIQUE,B-Pinene,2018-08-12T00:00,0.088,µg/m³,VOC,GC-MS
50136,MONTRÉAL-ST-DOMINIQUE,B-Pinene,2018-08-18T00:00,0.134,µg/m³,VOC,GC-MS
50136,MONTRÉAL-ST-DOMINIQUE,B-Pinene,2018-08-24T00:00,0.033,µg/m³,VOC,GC-MS
50136,MONTRÉAL-ST-DOMINIQUE,B-Pinene,2018-08-30T00:00,0.167,µg/m³,VOC,GC-MS
50136,MONTRÉAL-ST-DOMINIQUE,B-Pinene,2018-09-05T00:00,0.073,µg/m³,VOC,GC-MS
50136,MONTRÉAL-ST-DOMINIQUE,B-Pinene,2018-09-11T00:00,0.051,µg/m³,VOC,GC-MS
50136,MONTRÉAL-ST-DOMINIQUE,B-Pinene,2018-10-11T00:00,0.386,µg/m³,VOC,GC-MS
50136,MONTRÉAL-ST-DOMINIQUE,B-Pinene,2018-10-17T00:00,0.052,µg/m³,VOC,GC-MS
50136,MONTRÉAL-ST-DOMINIQUE,B-Pinene,2018-10-23T00:00,0.079,µg/m³,VOC,GC-MS
50136,MONTRÉAL-ST-DOMINIQUE,B-Pinene,2018-10-29T00:00,0.127,µg/m³,VOC,GC-MS
50136,MONTRÉAL-ST-DOMINIQUE,B-Pinene,2018-11-04T00:00,0.142,µg/m³,VOC,GC-MS
50136,MONTRÉAL-ST-DOMINIQUE,B-Pinene,2018-11-10T00:00,0.016,µg/m³,VOC,GC-MS
50136,MONTRÉAL-ST-DOMINIQUE,B-Pinene,2018-11-16T00:00,0.019,µg/m³,VOC,GC-MS
50136,MONTRÉAL-ST-DOMINIQUE,B-Pinene,2018-11-22T00:00,0.000,µg/m³,VOC,GC-MS
50136,MONTRÉAL-ST-DOMINIQUE,B-Pinene,2018-11-28T00:00,0.274,µg/m³,VOC,GC-MS
50136,MONTRÉAL-ST-DOMINIQUE,B-Pinene,2018-12-04T00:00,0.006,µg/m³,VOC,GC-MS
50136,MONTRÉAL-ST-DOMINIQUE,B-Pinene,2018-12-10T00:00,0.009,µg/m³,VOC,GC-MS
50136,MONTRÉAL-ST-DOMINIQUE,B-Pinene,2018-12-16T00:00,0.082,µg/m³,VOC,GC-MS
50136,MONTRÉAL-ST-DOMINIQUE,B-Pinene,2018-12-22T00:00,0.050,µg/m³,VOC,GC-MS
