﻿NAPS_Site_ID,Station_Name,Pollutant,Date,Value,Units,Report_Type,Method
60512,BEASLEY PARK _HAMILTON_DOWNTOWN_,Propionate,2004-06-26T00:00,0.000,µg/m³,DICHOT,
60512,BEASLEY PARK _HAMILTON_DOWNTOWN_,Propionate,2004-06-26T00:00,0.000,µg/m³,DICHOT,
60512,BEASLEY PARK _HAMILTON_DOWNTOWN_,Propionate,2004-07-02T00:00,0.000,µg/m³,DICHOT,
60512,BEASLEY PARK _HAMILTON_DOWNTOWN_,Propionate,2004-07-02T00:00,0.000,µg/m³,DICHOT,
60512,BEASLEY PARK _HAMILTON_DOWNTOWN_,Propionate,2004-07-08T00:00,0.000,µg/m³,DICHOT,
60512,BEASLEY PARK _HAMILTON_DOWNTOWN_,Propionate,2004-07-08T00:00,0.000,µg/m³,DICHOT,
60512,BEASLEY PARK _HAMILTON_DOWNTOWN_,Propionate,2004-07-14T00:00,0.000,µg/m³,DICHOT,
60512,BEASLEY PARK _HAMILTON_DOWNTOWN_,Propionate,2004-07-14T00:00,0.000,µg/m³,DICHOT,
60512,BEASLEY PARK _HAMILTON_DOWNTOWN_,Propionate,2004-07-20T00:00,0.000,µg/m³,DICHOT,
60512,BEASLEY PARK _HAMILTON_DOWNTOWN_,Propionate,2004-07-20T00:00,0.000,µg/m³,DICHOT,
60512,BEASLEY PARK _HAMILTON_DOWNTOWN_,Propionate,2004-07-26T00:00,0.000,µg/m³,DICHOT,
60512,BEASLEY PARK _HAMILTON_DOWNTOWN_,Propionate,2004-07-26T00:00,0.000,µg/m³,DICHOT,
60512,BEASLEY PARK _HAMILTON_DOWNTOWN_,Propionate,2004-08-01T00:00,0.000,µg/m³,DICHOT,
60512,BEASLEY PARK _HAMILTON_DOWNTOWN_,Propionate,2004-08-01T00:00,0.000,µg/m³,DICHOT,
60512,BEASLEY PARK _HAMILTON_DOWNTOWN_,Propionate,2004-08-07T00:00,0.000,µg/m³,DICHOT,
60512,BEASLEY PARK _HAMILTON_DOWNTOWN_,Propionate,2004-08-07T00:00,0.000,µg/m³,DICHOT,
60512,BEASLEY PARK _HAMILTON_DOWNTOWN_,Propionate,2004-08-13T00:00,0.000,µg/m³,DICHOT,
60512,BEASLEY PARK _HAMILTON_DOWNTOWN_,Propionate,2004-08-13T00:00,0.000,µg/m³,DICHOT,
60512,BEASLEY PARK _HAMILTON_DOWNTOWN_,Propionate,2004-08-19T00:00,0.000,µg/m³,DICHOT,
60512,BEASLEY PARK _HAMILTON_DOWNTOWN_,Propionate,2004-08-19T00:00,0.000,µg/m³,DICHOT,
60512,BEASLEY PARK _HAMILTON_DOWNTOWN_,Propionate,2004-08-25T00:00,0.000,µg/m³,DICHOT,
60512,BEASLEY PARK _HAMILTON_DOWNTOWN_,Propionate,2004-08-25T00:00,0.000,µg/m³,DICHOT,
60512,BEASLEY PARK _HAMILTON_DOWNTOWN_,Propionate,2004-08-31T00:00,0.000,µg/m³,DICHOT,
60512,BEASLEY PARK _HAMILTON_DOWNTOWN_,Propionate,2004-08-31T00:00,0.000,µg/m³,DICHOT,
60512,BEASLEY PARK _HAMILTON_DOWNTOWN_,Propionate,2004-09-06T00:00,0.000,µg/m³,DICHOT,
60512,BEASLEY PARK _HAMILTON_DOWNTOWN_,Propionate,2004-09-06T00:00,0.000,µg/m³,DICHOT,
60512,BEASLEY PARK _HAMILTON_DOWNTOWN_,Propionate,2004-09-12T00:00,0.000,µg/m³,DICHOT,
60512,BEASLEY PARK _HAMILTON_DOWNTOWN_,Propionate,2004-09-12T00:00,0.000,µg/m³,DICHOT,
60512,BEASLEY PARK _HAMILTON_DOWNTOWN_,Propionate,2004-09-18T00:00,0.000,µg/m³,DICHOT,
60512,BEASLEY PARK _HAMILTON_DOWNTOWN_,Propionate,2004-09-18T00:00,0.000,µg/m³,DICHOT,
60512,BEASLEY PARK _HAMILTON_DOWNTOWN_,Propionate,2004-09-24T00:00,0.000,µg/m³,DICHOT,
60512,BEASLEY PARK _HAMILTON_DOWNTOWN_,Propionate,2004-09-24T00:00,0.000,µg/m³,DICHOT,
60512,BEASLEY PARK _HAMILTON_DOWNTOWN_,Propionate,2004-09-30T00:00,0.000,µg/m³,DICHOT,
60512,BEASLEY PARK _HAMILTON_DOWNTOWN_,Propionate,2004-09-30T00:00,0.000,µg/m³,DICHOT,
60512,BEASLEY PARK _HAMILTON_DOWNTOWN_,Propionate,2004-10-12T00:00,0.000,µg/m³,DICHOT,
60512,BEASLEY PARK _HAMILTON_DOWNTOWN_,Propionate,2004-10-12T00:00,0.000,µg/m³,DICHOT,
60512,BEASLEY PARK _HAMILTON_DOWNTOWN_,Propionate,2004-10-18T00:00,0.000,µg/m³,DICHOT,
60512,BEASLEY PARK _HAMILTON_DOWNTOWN_,Propionate,2004-10-18T00:00,0.000,µg/m³,DICHOT,
60512,BEASLEY PARK _HAMILTON_DOWNTOWN_,Propionate,2004-10-24T00:00,0.000,µg/m³,DICHOT,
60512,BEASLEY PARK _HAMILTON_DOWNTOWN_,Propionate,2004-10-24T00:00,0.000,µg/m³,DICHOT,
60512,BEASLEY PARK _HAMILTON_DOWNTOWN_,Propionate,2004-10-30T00:00,0.000,µg/m³,DICHOT,
60512,BEASLEY PARK _HAMILTON_DOWNTOWN_,Propionate,2004-10-30T00:00,0.000,µg/m³,DICHOT,
60512,BEASLEY PARK _HAMILTON_DOWNTOWN_,Propionate,2004-12-29T00:00,0.000,µg/m³,DICHOT,
60512,BEASLEY PARK _HAMILTON_DOWNTOWN_,Propionate,2004-12-29T00:00,0.000,µg/m³,DICHOT,
