﻿NAPS_Site_ID,Station_Name,Pollutant,Date,Value,Units,Report_Type,Method
60403,EVANS & ARNOLD,"2,4-Dimethylpentane",1996-01-04T00:00,0.201,µg/m³,VOC,GC-MS
60403,EVANS & ARNOLD,"2,4-Dimethylpentane",1996-01-10T00:00,0.185,µg/m³,VOC,GC-MS
60403,EVANS & ARNOLD,"2,4-Dimethylpentane",1996-01-16T00:00,0.124,µg/m³,VOC,GC-MS
60403,EVANS & ARNOLD,"2,4-Dimethylpentane",1996-01-22T00:00,0.176,µg/m³,VOC,GC-MS
60403,EVANS & ARNOLD,"2,4-Dimethylpentane",1996-01-28T00:00,0.100,µg/m³,VOC,GC-MS
60403,EVANS & ARNOLD,"2,4-Dimethylpentane",1996-02-03T00:00,0.115,µg/m³,VOC,GC-MS
60403,EVANS & ARNOLD,"2,4-Dimethylpentane",1996-02-09T00:00,0.429,µg/m³,VOC,GC-MS
60403,EVANS & ARNOLD,"2,4-Dimethylpentane",1996-02-15T00:00,0.166,µg/m³,VOC,GC-MS
60403,EVANS & ARNOLD,"2,4-Dimethylpentane",1996-02-21T00:00,0.679,µg/m³,VOC,GC-MS
60403,EVANS & ARNOLD,"2,4-Dimethylpentane",1996-02-27T00:00,0.138,µg/m³,VOC,GC-MS
60403,EVANS & ARNOLD,"2,4-Dimethylpentane",1996-03-04T00:00,0.090,µg/m³,VOC,GC-MS
60403,EVANS & ARNOLD,"2,4-Dimethylpentane",1996-03-10T00:00,0.109,µg/m³,VOC,GC-MS
60403,EVANS & ARNOLD,"2,4-Dimethylpentane",1996-03-16T00:00,0.140,µg/m³,VOC,GC-MS
60403,EVANS & ARNOLD,"2,4-Dimethylpentane",1996-03-22T00:00,0.057,µg/m³,VOC,GC-MS
60403,EVANS & ARNOLD,"2,4-Dimethylpentane",1996-03-28T00:00,0.137,µg/m³,VOC,GC-MS
60403,EVANS & ARNOLD,"2,4-Dimethylpentane",1996-04-03T00:00,0.144,µg/m³,VOC,GC-MS
60403,EVANS & ARNOLD,"2,4-Dimethylpentane",1996-04-09T00:00,0.173,µg/m³,VOC,GC-MS
60403,EVANS & ARNOLD,"2,4-Dimethylpentane",1996-04-15T00:00,0.192,µg/m³,VOC,GC-MS
60403,EVANS & ARNOLD,"2,4-Dimethylpentane",1996-04-21T00:00,0.114,µg/m³,VOC,GC-MS
60403,EVANS & ARNOLD,"2,4-Dimethylpentane",1996-04-27T00:00,0.124,µg/m³,VOC,GC-MS
60403,EVANS & ARNOLD,"2,4-Dimethylpentane",1996-05-03T00:00,0.340,µg/m³,VOC,GC-MS
60403,EVANS & ARNOLD,"2,4-Dimethylpentane",1996-05-09T00:00,0.188,µg/m³,VOC,GC-MS
60403,EVANS & ARNOLD,"2,4-Dimethylpentane",1996-05-15T00:00,0.299,µg/m³,VOC,GC-MS
60403,EVANS & ARNOLD,"2,4-Dimethylpentane",1996-05-21T00:00,0.160,µg/m³,VOC,GC-MS
60403,EVANS & ARNOLD,"2,4-Dimethylpentane",1996-05-27T00:00,0.237,µg/m³,VOC,GC-MS
60403,EVANS & ARNOLD,"2,4-Dimethylpentane",1996-06-02T00:00,0.094,µg/m³,VOC,GC-MS
60403,EVANS & ARNOLD,"2,4-Dimethylpentane",1996-06-08T00:00,0.148,µg/m³,VOC,GC-MS
60403,EVANS & ARNOLD,"2,4-Dimethylpentane",1996-06-14T00:00,0.516,µg/m³,VOC,GC-MS
60403,EVANS & ARNOLD,"2,4-Dimethylpentane",1996-06-20T00:00,0.144,µg/m³,VOC,GC-MS
60403,EVANS & ARNOLD,"2,4-Dimethylpentane",1996-06-26T00:00,0.150,µg/m³,VOC,GC-MS
60403,EVANS & ARNOLD,"2,4-Dimethylpentane",1996-07-02T00:00,0.452,µg/m³,VOC,GC-MS
60403,EVANS & ARNOLD,"2,4-Dimethylpentane",1996-07-08T00:00,0.104,µg/m³,VOC,GC-MS
60403,EVANS & ARNOLD,"2,4-Dimethylpentane",1996-07-14T00:00,0.159,µg/m³,VOC,GC-MS
60403,EVANS & ARNOLD,"2,4-Dimethylpentane",1996-07-20T00:00,0.040,µg/m³,VOC,GC-MS
60403,EVANS & ARNOLD,"2,4-Dimethylpentane",1996-07-26T00:00,0.085,µg/m³,VOC,GC-MS
60403,EVANS & ARNOLD,"2,4-Dimethylpentane",1996-08-01T00:00,0.171,µg/m³,VOC,GC-MS
60403,EVANS & ARNOLD,"2,4-Dimethylpentane",1996-08-07T00:00,0.184,µg/m³,VOC,GC-MS
60403,EVANS & ARNOLD,"2,4-Dimethylpentane",1996-08-13T00:00,0.152,µg/m³,VOC,GC-MS
60403,EVANS & ARNOLD,"2,4-Dimethylpentane",1996-08-19T00:00,0.475,µg/m³,VOC,GC-MS
60403,EVANS & ARNOLD,"2,4-Dimethylpentane",1996-08-25T00:00,0.197,µg/m³,VOC,GC-MS
60403,EVANS & ARNOLD,"2,4-Dimethylpentane",1996-08-31T00:00,0.593,µg/m³,VOC,GC-MS
60403,EVANS & ARNOLD,"2,4-Dimethylpentane",1996-09-06T00:00,0.488,µg/m³,VOC,GC-MS
60403,EVANS & ARNOLD,"2,4-Dimethylpentane",1996-09-12T00:00,0.267,µg/m³,VOC,GC-MS
60403,EVANS & ARNOLD,"2,4-Dimethylpentane",1996-09-18T00:00,0.108,µg/m³,VOC,GC-MS
60403,EVANS & ARNOLD,"2,4-Dimethylpentane",1996-09-24T00:00,0.617,µg/m³,VOC,GC-MS
60403,EVANS & ARNOLD,"2,4-Dimethylpentane",1996-09-30T00:00,0.231,µg/m³,VOC,GC-MS
60403,EVANS & ARNOLD,"2,4-Dimethylpentane",1996-10-05T00:00,0.279,µg/m³,VOC,GC-MS
60403,EVANS & ARNOLD,"2,4-Dimethylpentane",1996-10-12T00:00,0.306,µg/m³,VOC,GC-MS
60403,EVANS & ARNOLD,"2,4-Dimethylpentane",1996-10-18T00:00,0.058,µg/m³,VOC,GC-MS
60403,EVANS & ARNOLD,"2,4-Dimethylpentane",1996-10-24T00:00,0.074,µg/m³,VOC,GC-MS
60403,EVANS & ARNOLD,"2,4-Dimethylpentane",1996-10-30T00:00,0.041,µg/m³,VOC,GC-MS
60403,EVANS & ARNOLD,"2,4-Dimethylpentane",1996-11-05T00:00,0.134,µg/m³,VOC,GC-MS
60403,EVANS & ARNOLD,"2,4-Dimethylpentane",1996-11-11T00:00,0.052,µg/m³,VOC,GC-MS
60403,EVANS & ARNOLD,"2,4-Dimethylpentane",1996-11-17T00:00,0.573,µg/m³,VOC,GC-MS
60403,EVANS & ARNOLD,"2,4-Dimethylpentane",1996-11-23T00:00,0.103,µg/m³,VOC,GC-MS
60403,EVANS & ARNOLD,"2,4-Dimethylpentane",1996-11-29T00:00,0.220,µg/m³,VOC,GC-MS
60403,EVANS & ARNOLD,"2,4-Dimethylpentane",1996-12-05T00:00,0.540,µg/m³,VOC,GC-MS
60403,EVANS & ARNOLD,"2,4-Dimethylpentane",1996-12-11T00:00,0.300,µg/m³,VOC,GC-MS
60403,EVANS & ARNOLD,"2,4-Dimethylpentane",1996-12-17T00:00,0.140,µg/m³,VOC,GC-MS
60403,EVANS & ARNOLD,"2,4-Dimethylpentane",1996-12-23T00:00,0.160,µg/m³,VOC,GC-MS
60403,EVANS & ARNOLD,"2,4-Dimethylpentane",1996-12-29T00:00,0.420,µg/m³,VOC,GC-MS
