﻿NAPS_Site_ID,Station_Name,Pollutant,Date,Value,Units,Report_Type,Method
50115,MONTRÉAL-MAISONNEUVE,2-Methylheptane,1997-01-04T00:00,0.660,µg/m³,VOC,GC-MS
50115,MONTRÉAL-MAISONNEUVE,2-Methylheptane,1997-01-10T00:00,0.920,µg/m³,VOC,GC-MS
50115,MONTRÉAL-MAISONNEUVE,2-Methylheptane,1997-01-16T00:00,0.660,µg/m³,VOC,GC-MS
50115,MONTRÉAL-MAISONNEUVE,2-Methylheptane,1997-01-22T00:00,0.940,µg/m³,VOC,GC-MS
50115,MONTRÉAL-MAISONNEUVE,2-Methylheptane,1997-01-28T00:00,0.780,µg/m³,VOC,GC-MS
50115,MONTRÉAL-MAISONNEUVE,2-Methylheptane,1997-02-03T00:00,1.680,µg/m³,VOC,GC-MS
50115,MONTRÉAL-MAISONNEUVE,2-Methylheptane,1997-02-09T00:00,0.540,µg/m³,VOC,GC-MS
50115,MONTRÉAL-MAISONNEUVE,2-Methylheptane,1997-02-15T00:00,0.620,µg/m³,VOC,GC-MS
50115,MONTRÉAL-MAISONNEUVE,2-Methylheptane,1997-02-21T00:00,0.940,µg/m³,VOC,GC-MS
50115,MONTRÉAL-MAISONNEUVE,2-Methylheptane,1997-02-27T00:00,0.880,µg/m³,VOC,GC-MS
50115,MONTRÉAL-MAISONNEUVE,2-Methylheptane,1997-03-05T00:00,1.060,µg/m³,VOC,GC-MS
50115,MONTRÉAL-MAISONNEUVE,2-Methylheptane,1997-03-11T00:00,0.920,µg/m³,VOC,GC-MS
50115,MONTRÉAL-MAISONNEUVE,2-Methylheptane,1997-03-17T00:00,0.640,µg/m³,VOC,GC-MS
50115,MONTRÉAL-MAISONNEUVE,2-Methylheptane,1997-03-23T00:00,0.300,µg/m³,VOC,GC-MS
50115,MONTRÉAL-MAISONNEUVE,2-Methylheptane,1997-03-29T00:00,0.760,µg/m³,VOC,GC-MS
50115,MONTRÉAL-MAISONNEUVE,2-Methylheptane,1997-04-04T00:00,0.680,µg/m³,VOC,GC-MS
50115,MONTRÉAL-MAISONNEUVE,2-Methylheptane,1997-04-10T00:00,0.671,µg/m³,VOC,GC-MS
50115,MONTRÉAL-MAISONNEUVE,2-Methylheptane,1997-04-16T00:00,0.541,µg/m³,VOC,GC-MS
50115,MONTRÉAL-MAISONNEUVE,2-Methylheptane,1997-04-22T00:00,1.771,µg/m³,VOC,GC-MS
50115,MONTRÉAL-MAISONNEUVE,2-Methylheptane,1997-04-28T00:00,0.479,µg/m³,VOC,GC-MS
50115,MONTRÉAL-MAISONNEUVE,2-Methylheptane,1997-05-04T00:00,0.373,µg/m³,VOC,GC-MS
50115,MONTRÉAL-MAISONNEUVE,2-Methylheptane,1997-05-10T00:00,0.630,µg/m³,VOC,GC-MS
50115,MONTRÉAL-MAISONNEUVE,2-Methylheptane,1997-05-16T00:00,0.603,µg/m³,VOC,GC-MS
50115,MONTRÉAL-MAISONNEUVE,2-Methylheptane,1997-05-22T00:00,0.766,µg/m³,VOC,GC-MS
50115,MONTRÉAL-MAISONNEUVE,2-Methylheptane,1997-05-28T00:00,1.158,µg/m³,VOC,GC-MS
50115,MONTRÉAL-MAISONNEUVE,2-Methylheptane,1997-06-03T00:00,0.000,µg/m³,VOC,GC-MS
50115,MONTRÉAL-MAISONNEUVE,2-Methylheptane,1997-06-09T00:00,0.000,µg/m³,VOC,GC-MS
50115,MONTRÉAL-MAISONNEUVE,2-Methylheptane,1997-06-15T00:00,0.520,µg/m³,VOC,GC-MS
50115,MONTRÉAL-MAISONNEUVE,2-Methylheptane,1997-06-21T00:00,0.347,µg/m³,VOC,GC-MS
50115,MONTRÉAL-MAISONNEUVE,2-Methylheptane,1997-08-26T00:00,1.105,µg/m³,VOC,GC-MS
50115,MONTRÉAL-MAISONNEUVE,2-Methylheptane,1997-09-01T00:00,0.561,µg/m³,VOC,GC-MS
50115,MONTRÉAL-MAISONNEUVE,2-Methylheptane,1997-09-07T00:00,0.678,µg/m³,VOC,GC-MS
50115,MONTRÉAL-MAISONNEUVE,2-Methylheptane,1997-09-13T00:00,0.601,µg/m³,VOC,GC-MS
50115,MONTRÉAL-MAISONNEUVE,2-Methylheptane,1997-09-19T00:00,0.415,µg/m³,VOC,GC-MS
50115,MONTRÉAL-MAISONNEUVE,2-Methylheptane,1997-09-25T00:00,0.895,µg/m³,VOC,GC-MS
50115,MONTRÉAL-MAISONNEUVE,2-Methylheptane,1997-10-01T00:00,0.731,µg/m³,VOC,GC-MS
50115,MONTRÉAL-MAISONNEUVE,2-Methylheptane,1997-10-07T00:00,1.102,µg/m³,VOC,GC-MS
50115,MONTRÉAL-MAISONNEUVE,2-Methylheptane,1997-10-13T00:00,0.465,µg/m³,VOC,GC-MS
50115,MONTRÉAL-MAISONNEUVE,2-Methylheptane,1997-10-19T00:00,0.704,µg/m³,VOC,GC-MS
50115,MONTRÉAL-MAISONNEUVE,2-Methylheptane,1997-10-25T00:00,0.864,µg/m³,VOC,GC-MS
50115,MONTRÉAL-MAISONNEUVE,2-Methylheptane,1997-10-31T00:00,0.728,µg/m³,VOC,GC-MS
50115,MONTRÉAL-MAISONNEUVE,2-Methylheptane,1997-11-06T00:00,1.213,µg/m³,VOC,GC-MS
50115,MONTRÉAL-MAISONNEUVE,2-Methylheptane,1997-11-12T00:00,0.941,µg/m³,VOC,GC-MS
50115,MONTRÉAL-MAISONNEUVE,2-Methylheptane,1997-11-18T00:00,4.004,µg/m³,VOC,GC-MS
50115,MONTRÉAL-MAISONNEUVE,2-Methylheptane,1997-11-24T00:00,1.102,µg/m³,VOC,GC-MS
50115,MONTRÉAL-MAISONNEUVE,2-Methylheptane,1997-11-30T00:00,0.946,µg/m³,VOC,GC-MS
50115,MONTRÉAL-MAISONNEUVE,2-Methylheptane,1997-12-06T00:00,0.680,µg/m³,VOC,GC-MS
50115,MONTRÉAL-MAISONNEUVE,2-Methylheptane,1997-12-12T00:00,1.634,µg/m³,VOC,GC-MS
50115,MONTRÉAL-MAISONNEUVE,2-Methylheptane,1997-12-18T00:00,0.813,µg/m³,VOC,GC-MS
50115,MONTRÉAL-MAISONNEUVE,2-Methylheptane,1997-12-24T00:00,0.606,µg/m³,VOC,GC-MS
50115,MONTRÉAL-MAISONNEUVE,2-Methylheptane,1997-12-30T00:00,0.636,µg/m³,VOC,GC-MS
