﻿NAPS_Site_ID,Station_Name,Pollutant,Date,Value,Units,Report_Type,Method
100112,DOWNTOWN VANCOUVER,n-Butylbenzene,1997-01-16T00:00,0.140,µg/m³,VOC,
100112,DOWNTOWN VANCOUVER,n-Butylbenzene,1997-02-27T00:00,0.040,µg/m³,VOC,
100112,DOWNTOWN VANCOUVER,n-Butylbenzene,1997-04-04T00:00,0.040,µg/m³,VOC,
100112,DOWNTOWN VANCOUVER,n-Butylbenzene,1997-05-16T00:00,0.056,µg/m³,VOC,
100112,DOWNTOWN VANCOUVER,n-Butylbenzene,1997-06-21T00:00,0.053,µg/m³,VOC,
100112,DOWNTOWN VANCOUVER,n-Butylbenzene,1997-07-27T00:00,0.052,µg/m³,VOC,
100112,DOWNTOWN VANCOUVER,n-Butylbenzene,1997-09-01T00:00,0.000,µg/m³,VOC,
100112,DOWNTOWN VANCOUVER,n-Butylbenzene,1997-10-13T00:00,0.055,µg/m³,VOC,
100112,DOWNTOWN VANCOUVER,n-Butylbenzene,1997-12-24T00:00,0.040,µg/m³,VOC,
