﻿NAPS_Site_ID,Station_Name,Pollutant,Date,Value,Units,Report_Type,Method
90227,CALGARY CENTRAL,Naphthalene,2001-01-19T00:00,0.000,µg/m³,VOC,
90227,CALGARY CENTRAL,Naphthalene,2001-01-25T00:00,0.000,µg/m³,VOC,
90227,CALGARY CENTRAL,Naphthalene,2001-01-31T00:00,0.000,µg/m³,VOC,
90227,CALGARY CENTRAL,Naphthalene,2001-02-06T00:00,0.000,µg/m³,VOC,
90227,CALGARY CENTRAL,Naphthalene,2001-02-12T00:00,0.000,µg/m³,VOC,
90227,CALGARY CENTRAL,Naphthalene,2001-02-18T00:00,0.000,µg/m³,VOC,
90227,CALGARY CENTRAL,Naphthalene,2001-05-07T00:00,0.000,µg/m³,VOC,
90227,CALGARY CENTRAL,Naphthalene,2001-05-13T00:00,0.000,µg/m³,VOC,
90227,CALGARY CENTRAL,Naphthalene,2001-05-19T00:00,0.000,µg/m³,VOC,
90227,CALGARY CENTRAL,Naphthalene,2001-05-25T00:00,0.000,µg/m³,VOC,
90227,CALGARY CENTRAL,Naphthalene,2001-05-31T00:00,0.000,µg/m³,VOC,
90227,CALGARY CENTRAL,Naphthalene,2001-06-06T00:00,0.000,µg/m³,VOC,
90227,CALGARY CENTRAL,Naphthalene,2001-09-16T00:00,1.040,µg/m³,VOC,
90227,CALGARY CENTRAL,Naphthalene,2001-09-22T00:00,1.360,µg/m³,VOC,
90227,CALGARY CENTRAL,Naphthalene,2001-09-28T00:00,1.300,µg/m³,VOC,
90227,CALGARY CENTRAL,Naphthalene,2001-10-04T00:00,1.050,µg/m³,VOC,
90227,CALGARY CENTRAL,Naphthalene,2001-10-10T00:00,1.550,µg/m³,VOC,
90227,CALGARY CENTRAL,Naphthalene,2001-10-22T00:00,1.560,µg/m³,VOC,
90227,CALGARY CENTRAL,Naphthalene,2001-10-28T00:00,1.440,µg/m³,VOC,
90227,CALGARY CENTRAL,Naphthalene,2001-11-03T00:00,2.380,µg/m³,VOC,
90227,CALGARY CENTRAL,Naphthalene,2001-11-09T00:00,2.760,µg/m³,VOC,
90227,CALGARY CENTRAL,Naphthalene,2001-11-15T00:00,2.100,µg/m³,VOC,
90227,CALGARY CENTRAL,Naphthalene,2001-11-21T00:00,1.960,µg/m³,VOC,
