﻿NAPS_Site_ID,Station_Name,Pollutant,Date,Value,Units,Report_Type,Method
55301,SAINT-JEAN-SUR-RICHELIEU-L'ACADIE,Sulphate,2010-01-02T00:00,0.665,µg/m³,PM2.5,IC
55301,SAINT-JEAN-SUR-RICHELIEU-L'ACADIE,Sulphate,2010-01-05T00:00,0.326,µg/m³,PM2.5,IC
55301,SAINT-JEAN-SUR-RICHELIEU-L'ACADIE,Sulphate,2010-01-08T00:00,0.377,µg/m³,PM2.5,IC
55301,SAINT-JEAN-SUR-RICHELIEU-L'ACADIE,Sulphate,2010-01-11T00:00,1.494,µg/m³,PM2.5,IC
55301,SAINT-JEAN-SUR-RICHELIEU-L'ACADIE,Sulphate,2010-01-14T00:00,2.439,µg/m³,PM2.5,IC
55301,SAINT-JEAN-SUR-RICHELIEU-L'ACADIE,Sulphate,2010-01-17T00:00,0.775,µg/m³,PM2.5,IC
55301,SAINT-JEAN-SUR-RICHELIEU-L'ACADIE,Sulphate,2010-01-20T00:00,3.699,µg/m³,PM2.5,IC
55301,SAINT-JEAN-SUR-RICHELIEU-L'ACADIE,Sulphate,2010-01-23T00:00,0.596,µg/m³,PM2.5,IC
55301,SAINT-JEAN-SUR-RICHELIEU-L'ACADIE,Sulphate,2010-01-26T00:00,1.942,µg/m³,PM2.5,IC
55301,SAINT-JEAN-SUR-RICHELIEU-L'ACADIE,Sulphate,2010-01-29T00:00,0.545,µg/m³,PM2.5,IC
55301,SAINT-JEAN-SUR-RICHELIEU-L'ACADIE,Sulphate,2010-02-01T00:00,0.820,µg/m³,PM2.5,IC
55301,SAINT-JEAN-SUR-RICHELIEU-L'ACADIE,Sulphate,2010-02-04T00:00,0.839,µg/m³,PM2.5,IC
55301,SAINT-JEAN-SUR-RICHELIEU-L'ACADIE,Sulphate,2010-02-07T00:00,0.292,µg/m³,PM2.5,IC
55301,SAINT-JEAN-SUR-RICHELIEU-L'ACADIE,Sulphate,2010-02-10T00:00,0.725,µg/m³,PM2.5,IC
55301,SAINT-JEAN-SUR-RICHELIEU-L'ACADIE,Sulphate,2010-02-13T00:00,0.663,µg/m³,PM2.5,IC
55301,SAINT-JEAN-SUR-RICHELIEU-L'ACADIE,Sulphate,2010-02-16T00:00,1.245,µg/m³,PM2.5,IC
55301,SAINT-JEAN-SUR-RICHELIEU-L'ACADIE,Sulphate,2010-02-19T00:00,0.119,µg/m³,PM2.5,IC
55301,SAINT-JEAN-SUR-RICHELIEU-L'ACADIE,Sulphate,2010-02-22T00:00,0.554,µg/m³,PM2.5,IC
55301,SAINT-JEAN-SUR-RICHELIEU-L'ACADIE,Sulphate,2010-02-25T00:00,0.107,µg/m³,PM2.5,IC
55301,SAINT-JEAN-SUR-RICHELIEU-L'ACADIE,Sulphate,2010-02-28T00:00,0.879,µg/m³,PM2.5,IC
55301,SAINT-JEAN-SUR-RICHELIEU-L'ACADIE,Sulphate,2010-03-03T00:00,0.598,µg/m³,PM2.5,IC
55301,SAINT-JEAN-SUR-RICHELIEU-L'ACADIE,Sulphate,2010-03-06T00:00,0.522,µg/m³,PM2.5,IC
55301,SAINT-JEAN-SUR-RICHELIEU-L'ACADIE,Sulphate,2010-03-09T00:00,0.283,µg/m³,PM2.5,IC
55301,SAINT-JEAN-SUR-RICHELIEU-L'ACADIE,Sulphate,2010-03-12T00:00,2.073,µg/m³,PM2.5,IC
55301,SAINT-JEAN-SUR-RICHELIEU-L'ACADIE,Sulphate,2010-03-15T00:00,0.563,µg/m³,PM2.5,IC
55301,SAINT-JEAN-SUR-RICHELIEU-L'ACADIE,Sulphate,2010-03-18T00:00,1.531,µg/m³,PM2.5,IC
55301,SAINT-JEAN-SUR-RICHELIEU-L'ACADIE,Sulphate,2010-03-21T00:00,0.631,µg/m³,PM2.5,IC
55301,SAINT-JEAN-SUR-RICHELIEU-L'ACADIE,Sulphate,2010-03-24T00:00,0.807,µg/m³,PM2.5,IC
55301,SAINT-JEAN-SUR-RICHELIEU-L'ACADIE,Sulphate,2010-03-27T00:00,0.982,µg/m³,PM2.5,IC
55301,SAINT-JEAN-SUR-RICHELIEU-L'ACADIE,Sulphate,2010-03-30T00:00,1.447,µg/m³,PM2.5,IC
55301,SAINT-JEAN-SUR-RICHELIEU-L'ACADIE,Sulphate,2010-04-02T00:00,2.310,µg/m³,PM2.5,IC
55301,SAINT-JEAN-SUR-RICHELIEU-L'ACADIE,Sulphate,2010-04-05T00:00,1.249,µg/m³,PM2.5,IC
55301,SAINT-JEAN-SUR-RICHELIEU-L'ACADIE,Sulphate,2010-04-08T00:00,0.772,µg/m³,PM2.5,IC
55301,SAINT-JEAN-SUR-RICHELIEU-L'ACADIE,Sulphate,2010-04-11T00:00,0.863,µg/m³,PM2.5,IC
55301,SAINT-JEAN-SUR-RICHELIEU-L'ACADIE,Sulphate,2010-04-14T00:00,0.862,µg/m³,PM2.5,IC
55301,SAINT-JEAN-SUR-RICHELIEU-L'ACADIE,Sulphate,2010-04-17T00:00,0.555,µg/m³,PM2.5,IC
55301,SAINT-JEAN-SUR-RICHELIEU-L'ACADIE,Sulphate,2010-04-20T00:00,0.964,µg/m³,PM2.5,IC
55301,SAINT-JEAN-SUR-RICHELIEU-L'ACADIE,Sulphate,2010-04-26T00:00,0.845,µg/m³,PM2.5,IC
55301,SAINT-JEAN-SUR-RICHELIEU-L'ACADIE,Sulphate,2010-05-02T00:00,2.809,µg/m³,PM2.5,IC
55301,SAINT-JEAN-SUR-RICHELIEU-L'ACADIE,Sulphate,2010-05-08T00:00,0.434,µg/m³,PM2.5,IC
55301,SAINT-JEAN-SUR-RICHELIEU-L'ACADIE,Sulphate,2010-05-14T00:00,1.470,µg/m³,PM2.5,IC
55301,SAINT-JEAN-SUR-RICHELIEU-L'ACADIE,Sulphate,2010-05-20T00:00,0.776,µg/m³,PM2.5,IC
55301,SAINT-JEAN-SUR-RICHELIEU-L'ACADIE,Sulphate,2010-05-26T00:00,2.162,µg/m³,PM2.5,IC
55301,SAINT-JEAN-SUR-RICHELIEU-L'ACADIE,Sulphate,2010-06-01T00:00,3.520,µg/m³,PM2.5,IC
55301,SAINT-JEAN-SUR-RICHELIEU-L'ACADIE,Sulphate,2010-06-07T00:00,0.296,µg/m³,PM2.5,IC
55301,SAINT-JEAN-SUR-RICHELIEU-L'ACADIE,Sulphate,2010-06-13T00:00,1.628,µg/m³,PM2.5,IC
55301,SAINT-JEAN-SUR-RICHELIEU-L'ACADIE,Sulphate,2010-06-19T00:00,3.638,µg/m³,PM2.5,IC
55301,SAINT-JEAN-SUR-RICHELIEU-L'ACADIE,Sulphate,2010-06-25T00:00,0.582,µg/m³,PM2.5,IC
55301,SAINT-JEAN-SUR-RICHELIEU-L'ACADIE,Sulphate,2010-07-01T00:00,0.168,µg/m³,PM2.5,IC
55301,SAINT-JEAN-SUR-RICHELIEU-L'ACADIE,Sulphate,2010-07-07T00:00,9.924,µg/m³,PM2.5,IC
55301,SAINT-JEAN-SUR-RICHELIEU-L'ACADIE,Sulphate,2010-07-13T00:00,4.725,µg/m³,PM2.5,IC
55301,SAINT-JEAN-SUR-RICHELIEU-L'ACADIE,Sulphate,2010-07-19T00:00,0.850,µg/m³,PM2.5,IC
55301,SAINT-JEAN-SUR-RICHELIEU-L'ACADIE,Sulphate,2010-07-25T00:00,1.479,µg/m³,PM2.5,IC
55301,SAINT-JEAN-SUR-RICHELIEU-L'ACADIE,Sulphate,2010-07-31T00:00,0.792,µg/m³,PM2.5,IC
55301,SAINT-JEAN-SUR-RICHELIEU-L'ACADIE,Sulphate,2010-08-06T00:00,0.334,µg/m³,PM2.5,IC
55301,SAINT-JEAN-SUR-RICHELIEU-L'ACADIE,Sulphate,2010-08-12T00:00,0.265,µg/m³,PM2.5,IC
55301,SAINT-JEAN-SUR-RICHELIEU-L'ACADIE,Sulphate,2010-08-18T00:00,0.535,µg/m³,PM2.5,IC
55301,SAINT-JEAN-SUR-RICHELIEU-L'ACADIE,Sulphate,2010-08-24T00:00,0.464,µg/m³,PM2.5,IC
55301,SAINT-JEAN-SUR-RICHELIEU-L'ACADIE,Sulphate,2010-08-30T00:00,6.340,µg/m³,PM2.5,IC
55301,SAINT-JEAN-SUR-RICHELIEU-L'ACADIE,Sulphate,2010-09-05T00:00,0.227,µg/m³,PM2.5,IC
55301,SAINT-JEAN-SUR-RICHELIEU-L'ACADIE,Sulphate,2010-09-11T00:00,0.395,µg/m³,PM2.5,IC
55301,SAINT-JEAN-SUR-RICHELIEU-L'ACADIE,Sulphate,2010-09-17T00:00,0.705,µg/m³,PM2.5,IC
55301,SAINT-JEAN-SUR-RICHELIEU-L'ACADIE,Sulphate,2010-09-23T00:00,0.257,µg/m³,PM2.5,IC
55301,SAINT-JEAN-SUR-RICHELIEU-L'ACADIE,Sulphate,2010-09-29T00:00,0.678,µg/m³,PM2.5,IC
55301,SAINT-JEAN-SUR-RICHELIEU-L'ACADIE,Sulphate,2010-10-05T00:00,0.364,µg/m³,PM2.5,IC
55301,SAINT-JEAN-SUR-RICHELIEU-L'ACADIE,Sulphate,2010-10-23T00:00,0.531,µg/m³,PM2.5,IC
55301,SAINT-JEAN-SUR-RICHELIEU-L'ACADIE,Sulphate,2010-10-29T00:00,0.184,µg/m³,PM2.5,IC
55301,SAINT-JEAN-SUR-RICHELIEU-L'ACADIE,Sulphate,2010-11-04T00:00,0.636,µg/m³,PM2.5,IC
55301,SAINT-JEAN-SUR-RICHELIEU-L'ACADIE,Sulphate,2010-11-10T00:00,0.647,µg/m³,PM2.5,IC
55301,SAINT-JEAN-SUR-RICHELIEU-L'ACADIE,Sulphate,2010-11-16T00:00,1.538,µg/m³,PM2.5,IC
55301,SAINT-JEAN-SUR-RICHELIEU-L'ACADIE,Sulphate,2010-11-22T00:00,1.786,µg/m³,PM2.5,IC
55301,SAINT-JEAN-SUR-RICHELIEU-L'ACADIE,Sulphate,2010-11-28T00:00,0.541,µg/m³,PM2.5,IC
55301,SAINT-JEAN-SUR-RICHELIEU-L'ACADIE,Sulphate,2010-12-04T00:00,0.301,µg/m³,PM2.5,IC
55301,SAINT-JEAN-SUR-RICHELIEU-L'ACADIE,Sulphate,2010-12-10T00:00,0.696,µg/m³,PM2.5,IC
55301,SAINT-JEAN-SUR-RICHELIEU-L'ACADIE,Sulphate,2010-12-16T00:00,0.645,µg/m³,PM2.5,IC
55301,SAINT-JEAN-SUR-RICHELIEU-L'ACADIE,Sulphate,2010-12-22T00:00,1.194,µg/m³,PM2.5,IC
