﻿NAPS_Site_ID,Station_Name,Pollutant,Date,Value,Units,Report_Type,Method
60211,WINDSOR WEST,2-Methylheptane,2009-01-01T00:00,0.045,µg/m³,VOC,GC-MS
60211,WINDSOR WEST,2-Methylheptane,2009-01-07T00:00,0.076,µg/m³,VOC,GC-MS
60211,WINDSOR WEST,2-Methylheptane,2009-01-13T00:00,0.065,µg/m³,VOC,GC-MS
60211,WINDSOR WEST,2-Methylheptane,2009-01-19T00:00,0.138,µg/m³,VOC,GC-MS
60211,WINDSOR WEST,2-Methylheptane,2009-01-25T00:00,0.059,µg/m³,VOC,GC-MS
60211,WINDSOR WEST,2-Methylheptane,2009-01-31T00:00,0.047,µg/m³,VOC,GC-MS
60211,WINDSOR WEST,2-Methylheptane,2009-02-06T00:00,0.080,µg/m³,VOC,GC-MS
60211,WINDSOR WEST,2-Methylheptane,2009-02-12T00:00,0.077,µg/m³,VOC,GC-MS
60211,WINDSOR WEST,2-Methylheptane,2009-02-18T00:00,0.063,µg/m³,VOC,GC-MS
60211,WINDSOR WEST,2-Methylheptane,2009-02-24T00:00,0.127,µg/m³,VOC,GC-MS
60211,WINDSOR WEST,2-Methylheptane,2009-03-02T00:00,0.077,µg/m³,VOC,GC-MS
60211,WINDSOR WEST,2-Methylheptane,2009-03-14T00:00,0.108,µg/m³,VOC,GC-MS
60211,WINDSOR WEST,2-Methylheptane,2009-03-20T00:00,0.035,µg/m³,VOC,GC-MS
60211,WINDSOR WEST,2-Methylheptane,2009-03-26T00:00,0.113,µg/m³,VOC,GC-MS
60211,WINDSOR WEST,2-Methylheptane,2009-04-01T00:00,0.021,µg/m³,VOC,GC-MS
60211,WINDSOR WEST,2-Methylheptane,2009-04-07T00:00,0.064,µg/m³,VOC,GC-MS
60211,WINDSOR WEST,2-Methylheptane,2009-04-13T00:00,0.028,µg/m³,VOC,GC-MS
60211,WINDSOR WEST,2-Methylheptane,2009-04-19T00:00,0.031,µg/m³,VOC,GC-MS
60211,WINDSOR WEST,2-Methylheptane,2009-04-25T00:00,0.080,µg/m³,VOC,GC-MS
60211,WINDSOR WEST,2-Methylheptane,2009-05-01T00:00,0.115,µg/m³,VOC,GC-MS
60211,WINDSOR WEST,2-Methylheptane,2009-05-07T00:00,0.060,µg/m³,VOC,GC-MS
60211,WINDSOR WEST,2-Methylheptane,2009-05-13T00:00,0.050,µg/m³,VOC,GC-MS
60211,WINDSOR WEST,2-Methylheptane,2009-05-19T00:00,0.027,µg/m³,VOC,GC-MS
60211,WINDSOR WEST,2-Methylheptane,2009-05-25T00:00,0.041,µg/m³,VOC,GC-MS
60211,WINDSOR WEST,2-Methylheptane,2009-05-31T00:00,0.054,µg/m³,VOC,GC-MS
60211,WINDSOR WEST,2-Methylheptane,2009-06-06T00:00,0.120,µg/m³,VOC,GC-MS
60211,WINDSOR WEST,2-Methylheptane,2009-06-12T00:00,0.094,µg/m³,VOC,GC-MS
60211,WINDSOR WEST,2-Methylheptane,2009-06-18T00:00,0.071,µg/m³,VOC,GC-MS
60211,WINDSOR WEST,2-Methylheptane,2009-06-24T00:00,0.279,µg/m³,VOC,GC-MS
60211,WINDSOR WEST,2-Methylheptane,2009-06-30T00:00,0.132,µg/m³,VOC,GC-MS
60211,WINDSOR WEST,2-Methylheptane,2009-07-06T00:00,0.142,µg/m³,VOC,GC-MS
60211,WINDSOR WEST,2-Methylheptane,2009-07-18T00:00,0.158,µg/m³,VOC,GC-MS
60211,WINDSOR WEST,2-Methylheptane,2009-07-24T00:00,0.148,µg/m³,VOC,GC-MS
60211,WINDSOR WEST,2-Methylheptane,2009-07-30T00:00,0.218,µg/m³,VOC,GC-MS
60211,WINDSOR WEST,2-Methylheptane,2009-08-05T00:00,0.073,µg/m³,VOC,GC-MS
60211,WINDSOR WEST,2-Methylheptane,2009-08-11T00:00,0.102,µg/m³,VOC,GC-MS
60211,WINDSOR WEST,2-Methylheptane,2009-08-17T00:00,0.031,µg/m³,VOC,GC-MS
60211,WINDSOR WEST,2-Methylheptane,2009-08-23T00:00,0.069,µg/m³,VOC,GC-MS
60211,WINDSOR WEST,2-Methylheptane,2009-08-29T00:00,0.078,µg/m³,VOC,GC-MS
60211,WINDSOR WEST,2-Methylheptane,2009-09-04T00:00,0.437,µg/m³,VOC,GC-MS
60211,WINDSOR WEST,2-Methylheptane,2009-09-10T00:00,0.057,µg/m³,VOC,GC-MS
60211,WINDSOR WEST,2-Methylheptane,2009-09-16T00:00,0.030,µg/m³,VOC,GC-MS
60211,WINDSOR WEST,2-Methylheptane,2009-09-22T00:00,0.022,µg/m³,VOC,GC-MS
60211,WINDSOR WEST,2-Methylheptane,2009-09-28T00:00,0.039,µg/m³,VOC,GC-MS
60211,WINDSOR WEST,2-Methylheptane,2009-10-04T00:00,0.041,µg/m³,VOC,GC-MS
60211,WINDSOR WEST,2-Methylheptane,2009-10-10T00:00,0.055,µg/m³,VOC,GC-MS
60211,WINDSOR WEST,2-Methylheptane,2009-10-16T00:00,0.062,µg/m³,VOC,GC-MS
60211,WINDSOR WEST,2-Methylheptane,2009-10-22T00:00,0.068,µg/m³,VOC,GC-MS
60211,WINDSOR WEST,2-Methylheptane,2009-10-28T00:00,0.179,µg/m³,VOC,GC-MS
60211,WINDSOR WEST,2-Methylheptane,2009-11-03T00:00,0.186,µg/m³,VOC,GC-MS
60211,WINDSOR WEST,2-Methylheptane,2009-11-09T00:00,0.169,µg/m³,VOC,GC-MS
60211,WINDSOR WEST,2-Methylheptane,2009-11-15T00:00,0.091,µg/m³,VOC,GC-MS
60211,WINDSOR WEST,2-Methylheptane,2009-11-21T00:00,0.192,µg/m³,VOC,GC-MS
60211,WINDSOR WEST,2-Methylheptane,2009-12-03T00:00,0.122,µg/m³,VOC,GC-MS
60211,WINDSOR WEST,2-Methylheptane,2009-12-21T00:00,0.100,µg/m³,VOC,GC-MS
60211,WINDSOR WEST,2-Methylheptane,2009-12-27T00:00,0.038,µg/m³,VOC,GC-MS
