﻿NAPS_Site_ID,Station_Name,Pollutant,Date,Value,Units,Report_Type,Method
60418,JUNCTION TRIANGLE,1-Undecene,2001-03-20T00:00,0.000,µg/m³,VOC,
60418,JUNCTION TRIANGLE,1-Undecene,2001-03-26T00:00,0.000,µg/m³,VOC,
60418,JUNCTION TRIANGLE,1-Undecene,2001-04-01T00:00,0.000,µg/m³,VOC,
60418,JUNCTION TRIANGLE,1-Undecene,2001-04-07T00:00,0.000,µg/m³,VOC,
60418,JUNCTION TRIANGLE,1-Undecene,2001-04-13T00:00,0.000,µg/m³,VOC,
60418,JUNCTION TRIANGLE,1-Undecene,2001-04-19T00:00,0.000,µg/m³,VOC,
60418,JUNCTION TRIANGLE,1-Undecene,2001-04-25T00:00,0.000,µg/m³,VOC,
60418,JUNCTION TRIANGLE,1-Undecene,2001-05-01T00:00,0.000,µg/m³,VOC,
60418,JUNCTION TRIANGLE,1-Undecene,2001-05-07T00:00,0.000,µg/m³,VOC,
60418,JUNCTION TRIANGLE,1-Undecene,2001-05-13T00:00,0.000,µg/m³,VOC,
60418,JUNCTION TRIANGLE,1-Undecene,2001-05-19T00:00,0.000,µg/m³,VOC,
60418,JUNCTION TRIANGLE,1-Undecene,2001-05-25T00:00,0.000,µg/m³,VOC,
60418,JUNCTION TRIANGLE,1-Undecene,2001-05-31T00:00,0.130,µg/m³,VOC,
60418,JUNCTION TRIANGLE,1-Undecene,2001-06-06T00:00,0.130,µg/m³,VOC,
60418,JUNCTION TRIANGLE,1-Undecene,2001-06-12T00:00,0.000,µg/m³,VOC,
60418,JUNCTION TRIANGLE,1-Undecene,2001-06-18T00:00,0.000,µg/m³,VOC,
60418,JUNCTION TRIANGLE,1-Undecene,2001-06-24T00:00,0.000,µg/m³,VOC,
60418,JUNCTION TRIANGLE,1-Undecene,2001-06-30T00:00,0.000,µg/m³,VOC,
60418,JUNCTION TRIANGLE,1-Undecene,2001-07-06T00:00,0.000,µg/m³,VOC,
60418,JUNCTION TRIANGLE,1-Undecene,2001-07-12T00:00,0.000,µg/m³,VOC,
60418,JUNCTION TRIANGLE,1-Undecene,2001-07-18T00:00,0.240,µg/m³,VOC,
60418,JUNCTION TRIANGLE,1-Undecene,2001-07-24T00:00,0.000,µg/m³,VOC,
60418,JUNCTION TRIANGLE,1-Undecene,2001-07-30T00:00,0.000,µg/m³,VOC,
60418,JUNCTION TRIANGLE,1-Undecene,2001-08-05T00:00,0.000,µg/m³,VOC,
60418,JUNCTION TRIANGLE,1-Undecene,2001-08-11T00:00,0.110,µg/m³,VOC,
60418,JUNCTION TRIANGLE,1-Undecene,2001-08-17T00:00,0.000,µg/m³,VOC,
60418,JUNCTION TRIANGLE,1-Undecene,2001-08-23T00:00,0.000,µg/m³,VOC,
60418,JUNCTION TRIANGLE,1-Undecene,2001-08-29T00:00,0.000,µg/m³,VOC,
60418,JUNCTION TRIANGLE,1-Undecene,2001-09-04T00:00,0.000,µg/m³,VOC,
60418,JUNCTION TRIANGLE,1-Undecene,2001-11-09T00:00,0.000,µg/m³,VOC,
60418,JUNCTION TRIANGLE,1-Undecene,2001-11-15T00:00,0.000,µg/m³,VOC,
60418,JUNCTION TRIANGLE,1-Undecene,2001-11-21T00:00,0.000,µg/m³,VOC,
60418,JUNCTION TRIANGLE,1-Undecene,2001-11-27T00:00,0.000,µg/m³,VOC,
60418,JUNCTION TRIANGLE,1-Undecene,2001-12-03T00:00,0.000,µg/m³,VOC,
60418,JUNCTION TRIANGLE,1-Undecene,2001-12-09T00:00,0.000,µg/m³,VOC,
60418,JUNCTION TRIANGLE,1-Undecene,2001-12-15T00:00,0.000,µg/m³,VOC,
