﻿NAPS_Site_ID,Station_Name,Pollutant,Date,Value,Units,Report_Type,Method
64601,PT. PETRE,13C12-P5CDD,2011-01-02T19:00,118.000,pg/m³,PCDD,N/A
64601,PT. PETRE,13C12-P5CDD,2011-01-26T19:00,106.000,pg/m³,PCDD,N/A
64601,PT. PETRE,13C12-P5CDD,2011-02-19T19:00,106.000,pg/m³,PCDD,N/A
64601,PT. PETRE,13C12-P5CDD,2011-03-15T20:00,108.000,pg/m³,PCDD,N/A
64601,PT. PETRE,13C12-P5CDD,2011-04-08T20:00,112.000,pg/m³,PCDD,N/A
64601,PT. PETRE,13C12-P5CDD,2011-05-02T20:00,102.000,pg/m³,PCDD,N/A
64601,PT. PETRE,13C12-P5CDD,2011-05-26T20:00,136.000,pg/m³,PCDD,N/A
