﻿NAPS_Site_ID,Station_Name,Pollutant,Date,Value,Units,Report_Type,Method
60512,BEASLEY PARK _HAMILTON_DOWNTOWN_,B-Pinene,2021-02-03T00:00,0.005,µg/m³,VOC,GC-MS
60512,BEASLEY PARK _HAMILTON_DOWNTOWN_,B-Pinene,2021-02-09T00:00,0.005,µg/m³,VOC,GC-MS
60512,BEASLEY PARK _HAMILTON_DOWNTOWN_,B-Pinene,2021-02-15T00:00,0.000,µg/m³,VOC,GC-MS
60512,BEASLEY PARK _HAMILTON_DOWNTOWN_,B-Pinene,2021-02-18T00:00,0.005,µg/m³,VOC,GC-MS
60512,BEASLEY PARK _HAMILTON_DOWNTOWN_,B-Pinene,2021-03-23T00:00,0.007,µg/m³,VOC,GC-MS
60512,BEASLEY PARK _HAMILTON_DOWNTOWN_,B-Pinene,2021-05-10T00:00,0.012,µg/m³,VOC,GC-MS
60512,BEASLEY PARK _HAMILTON_DOWNTOWN_,B-Pinene,2021-05-16T00:00,0.114,µg/m³,VOC,GC-MS
60512,BEASLEY PARK _HAMILTON_DOWNTOWN_,B-Pinene,2021-05-22T00:00,0.064,µg/m³,VOC,GC-MS
60512,BEASLEY PARK _HAMILTON_DOWNTOWN_,B-Pinene,2021-05-28T00:00,0.077,µg/m³,VOC,GC-MS
60512,BEASLEY PARK _HAMILTON_DOWNTOWN_,B-Pinene,2021-06-03T00:00,0.218,µg/m³,VOC,GC-MS
60512,BEASLEY PARK _HAMILTON_DOWNTOWN_,B-Pinene,2021-06-09T00:00,0.226,µg/m³,VOC,GC-MS
60512,BEASLEY PARK _HAMILTON_DOWNTOWN_,B-Pinene,2021-06-15T00:00,0.132,µg/m³,VOC,GC-MS
60512,BEASLEY PARK _HAMILTON_DOWNTOWN_,B-Pinene,2021-06-21T00:00,0.056,µg/m³,VOC,GC-MS
60512,BEASLEY PARK _HAMILTON_DOWNTOWN_,B-Pinene,2021-07-03T00:00,0.137,µg/m³,VOC,GC-MS
60512,BEASLEY PARK _HAMILTON_DOWNTOWN_,B-Pinene,2021-07-09T00:00,0.112,µg/m³,VOC,GC-MS
60512,BEASLEY PARK _HAMILTON_DOWNTOWN_,B-Pinene,2021-07-15T00:00,0.112,µg/m³,VOC,GC-MS
60512,BEASLEY PARK _HAMILTON_DOWNTOWN_,B-Pinene,2021-07-21T00:00,0.180,µg/m³,VOC,GC-MS
60512,BEASLEY PARK _HAMILTON_DOWNTOWN_,B-Pinene,2021-07-27T00:00,0.162,µg/m³,VOC,GC-MS
60512,BEASLEY PARK _HAMILTON_DOWNTOWN_,B-Pinene,2021-08-02T00:00,0.175,µg/m³,VOC,GC-MS
60512,BEASLEY PARK _HAMILTON_DOWNTOWN_,B-Pinene,2021-08-08T00:00,0.166,µg/m³,VOC,GC-MS
60512,BEASLEY PARK _HAMILTON_DOWNTOWN_,B-Pinene,2021-08-14T00:00,0.052,µg/m³,VOC,GC-MS
60512,BEASLEY PARK _HAMILTON_DOWNTOWN_,B-Pinene,2021-08-20T00:00,0.139,µg/m³,VOC,GC-MS
60512,BEASLEY PARK _HAMILTON_DOWNTOWN_,B-Pinene,2021-08-26T00:00,0.060,µg/m³,VOC,GC-MS
60512,BEASLEY PARK _HAMILTON_DOWNTOWN_,B-Pinene,2021-09-01T00:00,0.137,µg/m³,VOC,GC-MS
60512,BEASLEY PARK _HAMILTON_DOWNTOWN_,B-Pinene,2021-09-07T00:00,0.082,µg/m³,VOC,GC-MS
60512,BEASLEY PARK _HAMILTON_DOWNTOWN_,B-Pinene,2021-09-19T00:00,0.095,µg/m³,VOC,GC-MS
60512,BEASLEY PARK _HAMILTON_DOWNTOWN_,B-Pinene,2021-09-25T00:00,0.029,µg/m³,VOC,GC-MS
60512,BEASLEY PARK _HAMILTON_DOWNTOWN_,B-Pinene,2021-10-01T00:00,0.048,µg/m³,VOC,GC-MS
60512,BEASLEY PARK _HAMILTON_DOWNTOWN_,B-Pinene,2021-10-07T00:00,0.087,µg/m³,VOC,GC-MS
60512,BEASLEY PARK _HAMILTON_DOWNTOWN_,B-Pinene,2021-10-13T00:00,0.055,µg/m³,VOC,GC-MS
60512,BEASLEY PARK _HAMILTON_DOWNTOWN_,B-Pinene,2021-10-19T00:00,0.025,µg/m³,VOC,GC-MS
60512,BEASLEY PARK _HAMILTON_DOWNTOWN_,B-Pinene,2021-10-25T00:00,0.049,µg/m³,VOC,GC-MS
60512,BEASLEY PARK _HAMILTON_DOWNTOWN_,B-Pinene,2021-10-31T00:00,0.039,µg/m³,VOC,GC-MS
60512,BEASLEY PARK _HAMILTON_DOWNTOWN_,B-Pinene,2021-11-06T00:00,0.039,µg/m³,VOC,GC-MS
60512,BEASLEY PARK _HAMILTON_DOWNTOWN_,B-Pinene,2021-11-12T00:00,0.012,µg/m³,VOC,GC-MS
60512,BEASLEY PARK _HAMILTON_DOWNTOWN_,B-Pinene,2021-11-18T00:00,0.010,µg/m³,VOC,GC-MS
60512,BEASLEY PARK _HAMILTON_DOWNTOWN_,B-Pinene,2021-11-24T00:00,0.033,µg/m³,VOC,GC-MS
60512,BEASLEY PARK _HAMILTON_DOWNTOWN_,B-Pinene,2021-11-30T00:00,0.013,µg/m³,VOC,GC-MS
60512,BEASLEY PARK _HAMILTON_DOWNTOWN_,B-Pinene,2021-12-06T00:00,0.014,µg/m³,VOC,GC-MS
60512,BEASLEY PARK _HAMILTON_DOWNTOWN_,B-Pinene,2021-12-12T00:00,0.002,µg/m³,VOC,GC-MS
60512,BEASLEY PARK _HAMILTON_DOWNTOWN_,B-Pinene,2021-12-18T00:00,0.013,µg/m³,VOC,GC-MS
