﻿NAPS_Site_ID,Station_Name,Pollutant,Date,Value,Units,Report_Type,Method
101005,ABBOTSFORD AIRPORT-2,Isobutane,2019-01-03T00:00,0.374,µg/m³,VOC,GC-MS
101005,ABBOTSFORD AIRPORT-2,Isobutane,2019-01-09T00:00,0.429,µg/m³,VOC,GC-MS
101005,ABBOTSFORD AIRPORT-2,Isobutane,2019-01-15T00:00,0.657,µg/m³,VOC,GC-MS
101005,ABBOTSFORD AIRPORT-2,Isobutane,2019-01-21T00:00,1.151,µg/m³,VOC,GC-MS
101005,ABBOTSFORD AIRPORT-2,Isobutane,2019-01-27T00:00,1.335,µg/m³,VOC,GC-MS
101005,ABBOTSFORD AIRPORT-2,Isobutane,2019-02-02T00:00,0.477,µg/m³,VOC,GC-MS
101005,ABBOTSFORD AIRPORT-2,Isobutane,2019-02-08T00:00,0.546,µg/m³,VOC,GC-MS
101005,ABBOTSFORD AIRPORT-2,Isobutane,2019-02-14T00:00,0.379,µg/m³,VOC,GC-MS
101005,ABBOTSFORD AIRPORT-2,Isobutane,2019-02-20T00:00,0.983,µg/m³,VOC,GC-MS
101005,ABBOTSFORD AIRPORT-2,Isobutane,2019-02-26T00:00,0.419,µg/m³,VOC,GC-MS
101005,ABBOTSFORD AIRPORT-2,Isobutane,2019-03-04T00:00,0.341,µg/m³,VOC,GC-MS
101005,ABBOTSFORD AIRPORT-2,Isobutane,2019-03-10T00:00,0.824,µg/m³,VOC,GC-MS
101005,ABBOTSFORD AIRPORT-2,Isobutane,2019-03-22T00:00,1.036,µg/m³,VOC,GC-MS
101005,ABBOTSFORD AIRPORT-2,Isobutane,2019-03-28T00:00,0.624,µg/m³,VOC,GC-MS
101005,ABBOTSFORD AIRPORT-2,Isobutane,2019-04-03T00:00,0.393,µg/m³,VOC,GC-MS
101005,ABBOTSFORD AIRPORT-2,Isobutane,2019-04-09T00:00,0.407,µg/m³,VOC,GC-MS
101005,ABBOTSFORD AIRPORT-2,Isobutane,2019-04-15T00:00,0.897,µg/m³,VOC,GC-MS
101005,ABBOTSFORD AIRPORT-2,Isobutane,2019-04-21T00:00,0.755,µg/m³,VOC,GC-MS
101005,ABBOTSFORD AIRPORT-2,Isobutane,2019-04-27T00:00,0.129,µg/m³,VOC,GC-MS
101005,ABBOTSFORD AIRPORT-2,Isobutane,2019-05-03T00:00,0.303,µg/m³,VOC,GC-MS
101005,ABBOTSFORD AIRPORT-2,Isobutane,2019-05-09T00:00,0.523,µg/m³,VOC,GC-MS
101005,ABBOTSFORD AIRPORT-2,Isobutane,2019-05-21T00:00,0.304,µg/m³,VOC,GC-MS
101005,ABBOTSFORD AIRPORT-2,Isobutane,2019-05-27T00:00,0.515,µg/m³,VOC,GC-MS
101005,ABBOTSFORD AIRPORT-2,Isobutane,2019-06-02T00:00,0.191,µg/m³,VOC,GC-MS
101005,ABBOTSFORD AIRPORT-2,Isobutane,2019-06-08T00:00,0.127,µg/m³,VOC,GC-MS
101005,ABBOTSFORD AIRPORT-2,Isobutane,2019-06-14T00:00,0.096,µg/m³,VOC,GC-MS
101005,ABBOTSFORD AIRPORT-2,Isobutane,2019-06-20T00:00,0.138,µg/m³,VOC,GC-MS
101005,ABBOTSFORD AIRPORT-2,Isobutane,2019-06-26T00:00,0.200,µg/m³,VOC,GC-MS
101005,ABBOTSFORD AIRPORT-2,Isobutane,2019-07-02T00:00,0.114,µg/m³,VOC,GC-MS
101005,ABBOTSFORD AIRPORT-2,Isobutane,2019-07-08T00:00,0.619,µg/m³,VOC,GC-MS
101005,ABBOTSFORD AIRPORT-2,Isobutane,2019-07-14T00:00,0.152,µg/m³,VOC,GC-MS
101005,ABBOTSFORD AIRPORT-2,Isobutane,2019-07-20T00:00,0.307,µg/m³,VOC,GC-MS
101005,ABBOTSFORD AIRPORT-2,Isobutane,2019-07-26T00:00,0.422,µg/m³,VOC,GC-MS
101005,ABBOTSFORD AIRPORT-2,Isobutane,2019-08-01T00:00,0.344,µg/m³,VOC,GC-MS
101005,ABBOTSFORD AIRPORT-2,Isobutane,2019-08-07T00:00,0.235,µg/m³,VOC,GC-MS
101005,ABBOTSFORD AIRPORT-2,Isobutane,2019-08-13T00:00,0.550,µg/m³,VOC,GC-MS
101005,ABBOTSFORD AIRPORT-2,Isobutane,2019-08-19T00:00,0.217,µg/m³,VOC,GC-MS
101005,ABBOTSFORD AIRPORT-2,Isobutane,2019-08-25T00:00,0.154,µg/m³,VOC,GC-MS
101005,ABBOTSFORD AIRPORT-2,Isobutane,2019-08-31T00:00,0.400,µg/m³,VOC,GC-MS
101005,ABBOTSFORD AIRPORT-2,Isobutane,2019-09-06T00:00,0.390,µg/m³,VOC,GC-MS
101005,ABBOTSFORD AIRPORT-2,Isobutane,2019-09-12T00:00,0.234,µg/m³,VOC,GC-MS
101005,ABBOTSFORD AIRPORT-2,Isobutane,2019-09-18T00:00,0.223,µg/m³,VOC,GC-MS
101005,ABBOTSFORD AIRPORT-2,Isobutane,2019-09-24T00:00,0.214,µg/m³,VOC,GC-MS
101005,ABBOTSFORD AIRPORT-2,Isobutane,2019-09-30T00:00,0.502,µg/m³,VOC,GC-MS
101005,ABBOTSFORD AIRPORT-2,Isobutane,2019-10-06T00:00,0.897,µg/m³,VOC,GC-MS
101005,ABBOTSFORD AIRPORT-2,Isobutane,2019-10-12T00:00,0.744,µg/m³,VOC,GC-MS
101005,ABBOTSFORD AIRPORT-2,Isobutane,2019-10-18T00:00,0.190,µg/m³,VOC,GC-MS
101005,ABBOTSFORD AIRPORT-2,Isobutane,2019-10-24T00:00,0.875,µg/m³,VOC,GC-MS
101005,ABBOTSFORD AIRPORT-2,Isobutane,2019-10-30T00:00,1.136,µg/m³,VOC,GC-MS
101005,ABBOTSFORD AIRPORT-2,Isobutane,2019-11-05T00:00,2.147,µg/m³,VOC,GC-MS
101005,ABBOTSFORD AIRPORT-2,Isobutane,2019-11-11T00:00,0.428,µg/m³,VOC,GC-MS
101005,ABBOTSFORD AIRPORT-2,Isobutane,2019-11-17T00:00,0.370,µg/m³,VOC,GC-MS
101005,ABBOTSFORD AIRPORT-2,Isobutane,2019-11-23T00:00,1.107,µg/m³,VOC,GC-MS
101005,ABBOTSFORD AIRPORT-2,Isobutane,2019-11-29T00:00,0.535,µg/m³,VOC,GC-MS
101005,ABBOTSFORD AIRPORT-2,Isobutane,2019-12-05T00:00,0.367,µg/m³,VOC,GC-MS
101005,ABBOTSFORD AIRPORT-2,Isobutane,2019-12-11T00:00,0.784,µg/m³,VOC,GC-MS
101005,ABBOTSFORD AIRPORT-2,Isobutane,2019-12-17T00:00,0.645,µg/m³,VOC,GC-MS
101005,ABBOTSFORD AIRPORT-2,Isobutane,2019-12-23T00:00,0.616,µg/m³,VOC,GC-MS
