﻿NAPS_Site_ID,Station_Name,Pollutant,Date,Value,Units,Report_Type,Method
65101,EAGLE ST. & McCAFFREY RD. _NEWMARKET_,Chloroethane,2008-01-01T00:00,0.061,µg/m³,VOC,
65101,EAGLE ST. & McCAFFREY RD. _NEWMARKET_,Chloroethane,2008-01-07T00:00,0.084,µg/m³,VOC,
65101,EAGLE ST. & McCAFFREY RD. _NEWMARKET_,Chloroethane,2008-01-13T00:00,0.063,µg/m³,VOC,
65101,EAGLE ST. & McCAFFREY RD. _NEWMARKET_,Chloroethane,2008-01-19T00:00,0.058,µg/m³,VOC,
65101,EAGLE ST. & McCAFFREY RD. _NEWMARKET_,Chloroethane,2008-01-25T00:00,0.067,µg/m³,VOC,
65101,EAGLE ST. & McCAFFREY RD. _NEWMARKET_,Chloroethane,2008-02-06T00:00,0.056,µg/m³,VOC,
65101,EAGLE ST. & McCAFFREY RD. _NEWMARKET_,Chloroethane,2008-02-12T00:00,0.061,µg/m³,VOC,
65101,EAGLE ST. & McCAFFREY RD. _NEWMARKET_,Chloroethane,2008-02-18T00:00,0.054,µg/m³,VOC,
65101,EAGLE ST. & McCAFFREY RD. _NEWMARKET_,Chloroethane,2008-02-24T00:00,0.075,µg/m³,VOC,
65101,EAGLE ST. & McCAFFREY RD. _NEWMARKET_,Chloroethane,2008-03-01T00:00,0.054,µg/m³,VOC,
65101,EAGLE ST. & McCAFFREY RD. _NEWMARKET_,Chloroethane,2008-03-07T00:00,0.046,µg/m³,VOC,
65101,EAGLE ST. & McCAFFREY RD. _NEWMARKET_,Chloroethane,2008-03-13T00:00,0.061,µg/m³,VOC,
65101,EAGLE ST. & McCAFFREY RD. _NEWMARKET_,Chloroethane,2008-03-19T00:00,0.050,µg/m³,VOC,
65101,EAGLE ST. & McCAFFREY RD. _NEWMARKET_,Chloroethane,2008-03-25T00:00,0.050,µg/m³,VOC,
65101,EAGLE ST. & McCAFFREY RD. _NEWMARKET_,Chloroethane,2008-03-31T00:00,0.052,µg/m³,VOC,
65101,EAGLE ST. & McCAFFREY RD. _NEWMARKET_,Chloroethane,2008-06-29T00:00,0.044,µg/m³,VOC,
65101,EAGLE ST. & McCAFFREY RD. _NEWMARKET_,Chloroethane,2008-07-05T00:00,0.070,µg/m³,VOC,
65101,EAGLE ST. & McCAFFREY RD. _NEWMARKET_,Chloroethane,2008-07-17T00:00,0.057,µg/m³,VOC,
65101,EAGLE ST. & McCAFFREY RD. _NEWMARKET_,Chloroethane,2008-07-23T00:00,0.048,µg/m³,VOC,
65101,EAGLE ST. & McCAFFREY RD. _NEWMARKET_,Chloroethane,2008-08-04T00:00,0.047,µg/m³,VOC,
65101,EAGLE ST. & McCAFFREY RD. _NEWMARKET_,Chloroethane,2008-08-10T00:00,0.045,µg/m³,VOC,
65101,EAGLE ST. & McCAFFREY RD. _NEWMARKET_,Chloroethane,2008-08-16T00:00,0.041,µg/m³,VOC,
65101,EAGLE ST. & McCAFFREY RD. _NEWMARKET_,Chloroethane,2008-08-22T00:00,0.030,µg/m³,VOC,
65101,EAGLE ST. & McCAFFREY RD. _NEWMARKET_,Chloroethane,2008-08-28T00:00,0.039,µg/m³,VOC,
65101,EAGLE ST. & McCAFFREY RD. _NEWMARKET_,Chloroethane,2008-09-03T00:00,0.023,µg/m³,VOC,
65101,EAGLE ST. & McCAFFREY RD. _NEWMARKET_,Chloroethane,2008-09-15T00:00,0.022,µg/m³,VOC,
65101,EAGLE ST. & McCAFFREY RD. _NEWMARKET_,Chloroethane,2008-09-27T00:00,0.034,µg/m³,VOC,
65101,EAGLE ST. & McCAFFREY RD. _NEWMARKET_,Chloroethane,2008-10-03T00:00,0.029,µg/m³,VOC,
65101,EAGLE ST. & McCAFFREY RD. _NEWMARKET_,Chloroethane,2008-10-15T00:00,0.025,µg/m³,VOC,
65101,EAGLE ST. & McCAFFREY RD. _NEWMARKET_,Chloroethane,2008-10-21T00:00,0.022,µg/m³,VOC,
65101,EAGLE ST. & McCAFFREY RD. _NEWMARKET_,Chloroethane,2008-10-27T00:00,0.021,µg/m³,VOC,
65101,EAGLE ST. & McCAFFREY RD. _NEWMARKET_,Chloroethane,2008-11-02T00:00,0.024,µg/m³,VOC,
65101,EAGLE ST. & McCAFFREY RD. _NEWMARKET_,Chloroethane,2008-11-08T00:00,0.023,µg/m³,VOC,
65101,EAGLE ST. & McCAFFREY RD. _NEWMARKET_,Chloroethane,2008-11-14T00:00,0.022,µg/m³,VOC,
65101,EAGLE ST. & McCAFFREY RD. _NEWMARKET_,Chloroethane,2008-11-26T00:00,0.030,µg/m³,VOC,
65101,EAGLE ST. & McCAFFREY RD. _NEWMARKET_,Chloroethane,2008-12-02T00:00,0.028,µg/m³,VOC,
65101,EAGLE ST. & McCAFFREY RD. _NEWMARKET_,Chloroethane,2008-12-08T00:00,0.029,µg/m³,VOC,
65101,EAGLE ST. & McCAFFREY RD. _NEWMARKET_,Chloroethane,2008-12-14T00:00,0.023,µg/m³,VOC,
65101,EAGLE ST. & McCAFFREY RD. _NEWMARKET_,Chloroethane,2008-12-20T00:00,0.032,µg/m³,VOC,
65101,EAGLE ST. & McCAFFREY RD. _NEWMARKET_,Chloroethane,2008-12-26T00:00,0.035,µg/m³,VOC,
