﻿NAPS_Site_ID,Station_Name,Pollutant,Date,Value,Units,Report_Type,Method
100134,VANCOUVER INTL. AIRPORT,"cis-1,2-Dichloroethylene",2002-01-02T00:00,0.040,µg/m³,VOC,GC-MS
100134,VANCOUVER INTL. AIRPORT,"cis-1,2-Dichloroethylene",2002-01-20T00:00,0.030,µg/m³,VOC,GC-MS
100134,VANCOUVER INTL. AIRPORT,"cis-1,2-Dichloroethylene",2002-02-07T00:00,0.040,µg/m³,VOC,GC-MS
100134,VANCOUVER INTL. AIRPORT,"cis-1,2-Dichloroethylene",2002-03-03T00:00,0.020,µg/m³,VOC,GC-MS
100134,VANCOUVER INTL. AIRPORT,"cis-1,2-Dichloroethylene",2002-03-21T00:00,0.000,µg/m³,VOC,GC-MS
100134,VANCOUVER INTL. AIRPORT,"cis-1,2-Dichloroethylene",2002-04-08T00:00,0.009,µg/m³,VOC,GC-MS
100134,VANCOUVER INTL. AIRPORT,"cis-1,2-Dichloroethylene",2002-04-26T00:00,0.011,µg/m³,VOC,GC-MS
100134,VANCOUVER INTL. AIRPORT,"cis-1,2-Dichloroethylene",2002-06-01T00:00,0.014,µg/m³,VOC,GC-MS
100134,VANCOUVER INTL. AIRPORT,"cis-1,2-Dichloroethylene",2002-06-19T00:00,0.020,µg/m³,VOC,GC-MS
100134,VANCOUVER INTL. AIRPORT,"cis-1,2-Dichloroethylene",2002-07-07T00:00,0.029,µg/m³,VOC,GC-MS
100134,VANCOUVER INTL. AIRPORT,"cis-1,2-Dichloroethylene",2002-07-25T00:00,0.016,µg/m³,VOC,GC-MS
100134,VANCOUVER INTL. AIRPORT,"cis-1,2-Dichloroethylene",2002-10-11T00:00,0.032,µg/m³,VOC,GC-MS
100134,VANCOUVER INTL. AIRPORT,"cis-1,2-Dichloroethylene",2002-10-29T00:00,0.044,µg/m³,VOC,GC-MS
100134,VANCOUVER INTL. AIRPORT,"cis-1,2-Dichloroethylene",2002-11-16T00:00,0.029,µg/m³,VOC,GC-MS
100134,VANCOUVER INTL. AIRPORT,"cis-1,2-Dichloroethylene",2002-12-22T00:00,0.000,µg/m³,VOC,GC-MS
