﻿NAPS_Site_ID,Station_Name,Pollutant,Date,Value,Units,Report_Type,Method
50103,MONTRÉAL-SAINT-JEAN-BAPTISTE,2-Methylpentane,2013-01-10T00:00,1.086,µg/m³,VOC,N/A
50103,MONTRÉAL-SAINT-JEAN-BAPTISTE,2-Methylpentane,2013-01-16T00:00,1.232,µg/m³,VOC,N/A
50103,MONTRÉAL-SAINT-JEAN-BAPTISTE,2-Methylpentane,2013-01-22T00:00,1.213,µg/m³,VOC,N/A
50103,MONTRÉAL-SAINT-JEAN-BAPTISTE,2-Methylpentane,2013-01-28T00:00,0.544,µg/m³,VOC,N/A
50103,MONTRÉAL-SAINT-JEAN-BAPTISTE,2-Methylpentane,2013-02-03T00:00,0.394,µg/m³,VOC,N/A
50103,MONTRÉAL-SAINT-JEAN-BAPTISTE,2-Methylpentane,2013-02-09T00:00,1.734,µg/m³,VOC,N/A
50103,MONTRÉAL-SAINT-JEAN-BAPTISTE,2-Methylpentane,2013-02-15T00:00,0.319,µg/m³,VOC,N/A
50103,MONTRÉAL-SAINT-JEAN-BAPTISTE,2-Methylpentane,2013-02-21T00:00,0.281,µg/m³,VOC,N/A
50103,MONTRÉAL-SAINT-JEAN-BAPTISTE,2-Methylpentane,2013-02-27T00:00,0.115,µg/m³,VOC,N/A
50103,MONTRÉAL-SAINT-JEAN-BAPTISTE,2-Methylpentane,2013-03-05T00:00,1.009,µg/m³,VOC,N/A
50103,MONTRÉAL-SAINT-JEAN-BAPTISTE,2-Methylpentane,2013-03-11T00:00,0.266,µg/m³,VOC,N/A
50103,MONTRÉAL-SAINT-JEAN-BAPTISTE,2-Methylpentane,2013-03-17T00:00,1.638,µg/m³,VOC,N/A
50103,MONTRÉAL-SAINT-JEAN-BAPTISTE,2-Methylpentane,2013-03-23T00:00,1.493,µg/m³,VOC,N/A
50103,MONTRÉAL-SAINT-JEAN-BAPTISTE,2-Methylpentane,2013-03-29T00:00,1.114,µg/m³,VOC,N/A
50103,MONTRÉAL-SAINT-JEAN-BAPTISTE,2-Methylpentane,2013-04-04T00:00,0.812,µg/m³,VOC,N/A
50103,MONTRÉAL-SAINT-JEAN-BAPTISTE,2-Methylpentane,2013-04-10T00:00,0.697,µg/m³,VOC,N/A
50103,MONTRÉAL-SAINT-JEAN-BAPTISTE,2-Methylpentane,2013-04-16T00:00,0.558,µg/m³,VOC,N/A
50103,MONTRÉAL-SAINT-JEAN-BAPTISTE,2-Methylpentane,2013-04-22T00:00,0.780,µg/m³,VOC,N/A
50103,MONTRÉAL-SAINT-JEAN-BAPTISTE,2-Methylpentane,2013-04-28T00:00,0.629,µg/m³,VOC,N/A
50103,MONTRÉAL-SAINT-JEAN-BAPTISTE,2-Methylpentane,2013-05-04T00:00,0.784,µg/m³,VOC,N/A
50103,MONTRÉAL-SAINT-JEAN-BAPTISTE,2-Methylpentane,2013-05-10T00:00,0.138,µg/m³,VOC,N/A
50103,MONTRÉAL-SAINT-JEAN-BAPTISTE,2-Methylpentane,2013-05-16T00:00,1.008,µg/m³,VOC,N/A
50103,MONTRÉAL-SAINT-JEAN-BAPTISTE,2-Methylpentane,2013-05-22T00:00,0.251,µg/m³,VOC,N/A
50103,MONTRÉAL-SAINT-JEAN-BAPTISTE,2-Methylpentane,2013-05-28T00:00,1.318,µg/m³,VOC,N/A
50103,MONTRÉAL-SAINT-JEAN-BAPTISTE,2-Methylpentane,2013-06-03T00:00,0.996,µg/m³,VOC,N/A
50103,MONTRÉAL-SAINT-JEAN-BAPTISTE,2-Methylpentane,2013-06-09T00:00,0.587,µg/m³,VOC,N/A
50103,MONTRÉAL-SAINT-JEAN-BAPTISTE,2-Methylpentane,2013-06-15T00:00,1.201,µg/m³,VOC,N/A
50103,MONTRÉAL-SAINT-JEAN-BAPTISTE,2-Methylpentane,2013-06-21T00:00,1.115,µg/m³,VOC,N/A
50103,MONTRÉAL-SAINT-JEAN-BAPTISTE,2-Methylpentane,2013-06-27T00:00,0.171,µg/m³,VOC,N/A
50103,MONTRÉAL-SAINT-JEAN-BAPTISTE,2-Methylpentane,2013-07-03T00:00,1.071,µg/m³,VOC,N/A
50103,MONTRÉAL-SAINT-JEAN-BAPTISTE,2-Methylpentane,2013-07-09T00:00,0.320,µg/m³,VOC,N/A
50103,MONTRÉAL-SAINT-JEAN-BAPTISTE,2-Methylpentane,2013-07-15T00:00,1.989,µg/m³,VOC,N/A
50103,MONTRÉAL-SAINT-JEAN-BAPTISTE,2-Methylpentane,2013-07-21T00:00,0.246,µg/m³,VOC,N/A
50103,MONTRÉAL-SAINT-JEAN-BAPTISTE,2-Methylpentane,2013-07-27T00:00,0.277,µg/m³,VOC,N/A
50103,MONTRÉAL-SAINT-JEAN-BAPTISTE,2-Methylpentane,2013-08-02T00:00,1.150,µg/m³,VOC,N/A
50103,MONTRÉAL-SAINT-JEAN-BAPTISTE,2-Methylpentane,2013-08-08T00:00,1.074,µg/m³,VOC,N/A
50103,MONTRÉAL-SAINT-JEAN-BAPTISTE,2-Methylpentane,2013-08-14T00:00,0.986,µg/m³,VOC,N/A
50103,MONTRÉAL-SAINT-JEAN-BAPTISTE,2-Methylpentane,2013-08-20T00:00,1.434,µg/m³,VOC,N/A
50103,MONTRÉAL-SAINT-JEAN-BAPTISTE,2-Methylpentane,2013-08-26T00:00,1.266,µg/m³,VOC,N/A
50103,MONTRÉAL-SAINT-JEAN-BAPTISTE,2-Methylpentane,2013-09-01T00:00,0.269,µg/m³,VOC,N/A
50103,MONTRÉAL-SAINT-JEAN-BAPTISTE,2-Methylpentane,2013-09-07T00:00,0.859,µg/m³,VOC,N/A
50103,MONTRÉAL-SAINT-JEAN-BAPTISTE,2-Methylpentane,2013-09-13T00:00,0.314,µg/m³,VOC,N/A
50103,MONTRÉAL-SAINT-JEAN-BAPTISTE,2-Methylpentane,2013-09-19T00:00,1.555,µg/m³,VOC,N/A
50103,MONTRÉAL-SAINT-JEAN-BAPTISTE,2-Methylpentane,2013-09-25T00:00,1.057,µg/m³,VOC,N/A
50103,MONTRÉAL-SAINT-JEAN-BAPTISTE,2-Methylpentane,2013-10-01T00:00,1.553,µg/m³,VOC,N/A
50103,MONTRÉAL-SAINT-JEAN-BAPTISTE,2-Methylpentane,2013-10-07T00:00,0.429,µg/m³,VOC,N/A
50103,MONTRÉAL-SAINT-JEAN-BAPTISTE,2-Methylpentane,2013-10-13T00:00,0.478,µg/m³,VOC,N/A
50103,MONTRÉAL-SAINT-JEAN-BAPTISTE,2-Methylpentane,2013-10-19T00:00,0.766,µg/m³,VOC,N/A
50103,MONTRÉAL-SAINT-JEAN-BAPTISTE,2-Methylpentane,2013-10-25T00:00,1.395,µg/m³,VOC,N/A
50103,MONTRÉAL-SAINT-JEAN-BAPTISTE,2-Methylpentane,2013-10-31T00:00,0.334,µg/m³,VOC,N/A
50103,MONTRÉAL-SAINT-JEAN-BAPTISTE,2-Methylpentane,2013-11-06T00:00,0.558,µg/m³,VOC,N/A
50103,MONTRÉAL-SAINT-JEAN-BAPTISTE,2-Methylpentane,2013-11-12T00:00,2.084,µg/m³,VOC,N/A
50103,MONTRÉAL-SAINT-JEAN-BAPTISTE,2-Methylpentane,2013-11-18T00:00,0.781,µg/m³,VOC,N/A
50103,MONTRÉAL-SAINT-JEAN-BAPTISTE,2-Methylpentane,2013-11-24T00:00,1.950,µg/m³,VOC,N/A
50103,MONTRÉAL-SAINT-JEAN-BAPTISTE,2-Methylpentane,2013-11-30T00:00,1.299,µg/m³,VOC,N/A
50103,MONTRÉAL-SAINT-JEAN-BAPTISTE,2-Methylpentane,2013-12-06T00:00,0.733,µg/m³,VOC,N/A
50103,MONTRÉAL-SAINT-JEAN-BAPTISTE,2-Methylpentane,2013-12-12T00:00,0.967,µg/m³,VOC,N/A
50103,MONTRÉAL-SAINT-JEAN-BAPTISTE,2-Methylpentane,2013-12-18T00:00,1.372,µg/m³,VOC,N/A
50103,MONTRÉAL-SAINT-JEAN-BAPTISTE,2-Methylpentane,2013-12-24T00:00,1.433,µg/m³,VOC,N/A
50103,MONTRÉAL-SAINT-JEAN-BAPTISTE,2-Methylpentane,2013-12-30T00:00,1.018,µg/m³,VOC,N/A
