﻿NAPS_Site_ID,Station_Name,Pollutant,Date,Value,Units,Report_Type,Method
61502,WEST AVE. & HOMEWOOD _KITCHENER_,Ethylbenzene,2015-12-31T19:00,0.056,µg/m³,VOC,
61502,WEST AVE. & HOMEWOOD _KITCHENER_,Ethylbenzene,2016-01-06T19:00,0.589,µg/m³,VOC,
61502,WEST AVE. & HOMEWOOD _KITCHENER_,Ethylbenzene,2016-01-12T19:00,0.074,µg/m³,VOC,
61502,WEST AVE. & HOMEWOOD _KITCHENER_,Ethylbenzene,2016-01-18T19:00,0.106,µg/m³,VOC,
61502,WEST AVE. & HOMEWOOD _KITCHENER_,Ethylbenzene,2016-01-24T19:00,0.128,µg/m³,VOC,
61502,WEST AVE. & HOMEWOOD _KITCHENER_,Ethylbenzene,2016-01-30T19:00,0.152,µg/m³,VOC,
61502,WEST AVE. & HOMEWOOD _KITCHENER_,Ethylbenzene,2016-02-05T19:00,0.077,µg/m³,VOC,
61502,WEST AVE. & HOMEWOOD _KITCHENER_,Ethylbenzene,2016-02-11T19:00,0.076,µg/m³,VOC,
61502,WEST AVE. & HOMEWOOD _KITCHENER_,Ethylbenzene,2016-02-17T19:00,0.199,µg/m³,VOC,
61502,WEST AVE. & HOMEWOOD _KITCHENER_,Ethylbenzene,2016-02-23T19:00,0.124,µg/m³,VOC,
61502,WEST AVE. & HOMEWOOD _KITCHENER_,Ethylbenzene,2016-02-29T19:00,0.069,µg/m³,VOC,
61502,WEST AVE. & HOMEWOOD _KITCHENER_,Ethylbenzene,2016-03-06T19:00,0.131,µg/m³,VOC,
61502,WEST AVE. & HOMEWOOD _KITCHENER_,Ethylbenzene,2016-03-12T19:00,0.086,µg/m³,VOC,
61502,WEST AVE. & HOMEWOOD _KITCHENER_,Ethylbenzene,2016-03-18T20:00,0.039,µg/m³,VOC,
61502,WEST AVE. & HOMEWOOD _KITCHENER_,Ethylbenzene,2016-03-30T20:00,0.057,µg/m³,VOC,
61502,WEST AVE. & HOMEWOOD _KITCHENER_,Ethylbenzene,2016-04-17T20:00,0.441,µg/m³,VOC,
61502,WEST AVE. & HOMEWOOD _KITCHENER_,Ethylbenzene,2016-04-23T20:00,0.069,µg/m³,VOC,
61502,WEST AVE. & HOMEWOOD _KITCHENER_,Ethylbenzene,2016-04-29T20:00,0.171,µg/m³,VOC,
61502,WEST AVE. & HOMEWOOD _KITCHENER_,Ethylbenzene,2016-05-05T20:00,0.169,µg/m³,VOC,
61502,WEST AVE. & HOMEWOOD _KITCHENER_,Ethylbenzene,2016-05-11T20:00,0.194,µg/m³,VOC,
61502,WEST AVE. & HOMEWOOD _KITCHENER_,Ethylbenzene,2016-05-17T20:00,0.187,µg/m³,VOC,
61502,WEST AVE. & HOMEWOOD _KITCHENER_,Ethylbenzene,2016-05-23T20:00,0.169,µg/m³,VOC,
61502,WEST AVE. & HOMEWOOD _KITCHENER_,Ethylbenzene,2016-05-29T20:00,0.102,µg/m³,VOC,
61502,WEST AVE. & HOMEWOOD _KITCHENER_,Ethylbenzene,2016-06-04T20:00,0.058,µg/m³,VOC,
61502,WEST AVE. & HOMEWOOD _KITCHENER_,Ethylbenzene,2016-06-10T20:00,0.065,µg/m³,VOC,
61502,WEST AVE. & HOMEWOOD _KITCHENER_,Ethylbenzene,2016-06-16T20:00,0.267,µg/m³,VOC,
61502,WEST AVE. & HOMEWOOD _KITCHENER_,Ethylbenzene,2016-06-22T20:00,0.219,µg/m³,VOC,
61502,WEST AVE. & HOMEWOOD _KITCHENER_,Ethylbenzene,2016-06-28T20:00,0.089,µg/m³,VOC,
61502,WEST AVE. & HOMEWOOD _KITCHENER_,Ethylbenzene,2016-07-04T20:00,0.143,µg/m³,VOC,
61502,WEST AVE. & HOMEWOOD _KITCHENER_,Ethylbenzene,2016-07-10T20:00,0.205,µg/m³,VOC,
61502,WEST AVE. & HOMEWOOD _KITCHENER_,Ethylbenzene,2016-07-16T20:00,0.113,µg/m³,VOC,
61502,WEST AVE. & HOMEWOOD _KITCHENER_,Ethylbenzene,2016-07-22T20:00,0.125,µg/m³,VOC,
61502,WEST AVE. & HOMEWOOD _KITCHENER_,Ethylbenzene,2016-07-28T20:00,0.117,µg/m³,VOC,
61502,WEST AVE. & HOMEWOOD _KITCHENER_,Ethylbenzene,2016-08-03T20:00,0.307,µg/m³,VOC,
61502,WEST AVE. & HOMEWOOD _KITCHENER_,Ethylbenzene,2016-08-09T20:00,0.356,µg/m³,VOC,
61502,WEST AVE. & HOMEWOOD _KITCHENER_,Ethylbenzene,2016-08-15T20:00,0.101,µg/m³,VOC,
61502,WEST AVE. & HOMEWOOD _KITCHENER_,Ethylbenzene,2016-08-21T20:00,0.145,µg/m³,VOC,
61502,WEST AVE. & HOMEWOOD _KITCHENER_,Ethylbenzene,2016-08-27T20:00,0.203,µg/m³,VOC,
61502,WEST AVE. & HOMEWOOD _KITCHENER_,Ethylbenzene,2016-09-02T20:00,0.152,µg/m³,VOC,
61502,WEST AVE. & HOMEWOOD _KITCHENER_,Ethylbenzene,2016-09-08T20:00,0.119,µg/m³,VOC,
61502,WEST AVE. & HOMEWOOD _KITCHENER_,Ethylbenzene,2016-09-14T20:00,0.193,µg/m³,VOC,
61502,WEST AVE. & HOMEWOOD _KITCHENER_,Ethylbenzene,2016-09-20T20:00,0.528,µg/m³,VOC,
61502,WEST AVE. & HOMEWOOD _KITCHENER_,Ethylbenzene,2016-09-26T20:00,0.112,µg/m³,VOC,
61502,WEST AVE. & HOMEWOOD _KITCHENER_,Ethylbenzene,2016-10-02T20:00,0.210,µg/m³,VOC,
61502,WEST AVE. & HOMEWOOD _KITCHENER_,Ethylbenzene,2016-10-08T20:00,0.074,µg/m³,VOC,
61502,WEST AVE. & HOMEWOOD _KITCHENER_,Ethylbenzene,2016-10-14T20:00,0.192,µg/m³,VOC,
61502,WEST AVE. & HOMEWOOD _KITCHENER_,Ethylbenzene,2016-10-20T20:00,0.079,µg/m³,VOC,
61502,WEST AVE. & HOMEWOOD _KITCHENER_,Ethylbenzene,2016-10-26T20:00,0.086,µg/m³,VOC,
61502,WEST AVE. & HOMEWOOD _KITCHENER_,Ethylbenzene,2016-11-01T20:00,0.633,µg/m³,VOC,
61502,WEST AVE. & HOMEWOOD _KITCHENER_,Ethylbenzene,2016-11-07T19:00,0.311,µg/m³,VOC,
61502,WEST AVE. & HOMEWOOD _KITCHENER_,Ethylbenzene,2016-11-13T19:00,0.124,µg/m³,VOC,
61502,WEST AVE. & HOMEWOOD _KITCHENER_,Ethylbenzene,2016-11-19T19:00,0.028,µg/m³,VOC,
61502,WEST AVE. & HOMEWOOD _KITCHENER_,Ethylbenzene,2016-11-25T19:00,0.074,µg/m³,VOC,
61502,WEST AVE. & HOMEWOOD _KITCHENER_,Ethylbenzene,2016-12-01T19:00,0.041,µg/m³,VOC,
61502,WEST AVE. & HOMEWOOD _KITCHENER_,Ethylbenzene,2016-12-07T19:00,0.058,µg/m³,VOC,
61502,WEST AVE. & HOMEWOOD _KITCHENER_,Ethylbenzene,2016-12-13T19:00,0.064,µg/m³,VOC,
61502,WEST AVE. & HOMEWOOD _KITCHENER_,Ethylbenzene,2016-12-19T19:00,0.116,µg/m³,VOC,
61502,WEST AVE. & HOMEWOOD _KITCHENER_,Ethylbenzene,2016-12-25T19:00,0.066,µg/m³,VOC,
