﻿NAPS_Site_ID,Station_Name,Pollutant,Date,Value,Units,Report_Type,Method
64601,PT. PETRE,123678-H6CDF,2010-01-07T19:00,0.000,pg/m³,PCDD,GC-MS
64601,PT. PETRE,123678-H6CDF,2010-01-31T19:00,0.001,pg/m³,PCDD,GC-MS
64601,PT. PETRE,123678-H6CDF,2010-02-24T19:00,0.000,pg/m³,PCDD,GC-MS
64601,PT. PETRE,123678-H6CDF,2010-03-20T20:00,0.000,pg/m³,PCDD,GC-MS
64601,PT. PETRE,123678-H6CDF,2010-04-13T20:00,0.002,pg/m³,PCDD,GC-MS
64601,PT. PETRE,123678-H6CDF,2010-05-07T20:00,0.001,pg/m³,PCDD,GC-MS
64601,PT. PETRE,123678-H6CDF,2010-05-31T20:00,0.002,pg/m³,PCDD,GC-MS
64601,PT. PETRE,123678-H6CDF,2010-07-18T20:00,0.001,pg/m³,PCDD,GC-MS
64601,PT. PETRE,123678-H6CDF,2010-08-11T20:00,0.001,pg/m³,PCDD,GC-MS
64601,PT. PETRE,123678-H6CDF,2010-09-28T20:00,0.000,pg/m³,PCDD,GC-MS
64601,PT. PETRE,123678-H6CDF,2010-10-22T20:00,0.002,pg/m³,PCDD,GC-MS
64601,PT. PETRE,123678-H6CDF,2010-11-15T19:00,0.004,pg/m³,PCDD,GC-MS
64601,PT. PETRE,123678-H6CDF,2010-12-09T19:00,0.006,pg/m³,PCDD,GC-MS
