﻿NAPS_Site_ID,Station_Name,Pollutant,Date,Value,Units,Report_Type,Method
50902,SAGUENAY-PARC POWELL,123478-H6CDD,2002-01-20T00:00,0.007,pg/m³,PCDD,N/A
50902,SAGUENAY-PARC POWELL,123478-H6CDD,2002-03-09T00:00,0.005,pg/m³,PCDD,N/A
50902,SAGUENAY-PARC POWELL,123478-H6CDD,2002-04-02T00:00,0.003,pg/m³,PCDD,N/A
50902,SAGUENAY-PARC POWELL,123478-H6CDD,2002-04-26T00:00,0.000,pg/m³,PCDD,N/A
50902,SAGUENAY-PARC POWELL,123478-H6CDD,2002-05-20T00:00,0.001,pg/m³,PCDD,N/A
50902,SAGUENAY-PARC POWELL,123478-H6CDD,2002-06-13T00:00,0.004,pg/m³,PCDD,N/A
50902,SAGUENAY-PARC POWELL,123478-H6CDD,2002-07-31T00:00,0.003,pg/m³,PCDD,N/A
50902,SAGUENAY-PARC POWELL,123478-H6CDD,2002-08-24T00:00,0.013,pg/m³,PCDD,N/A
50902,SAGUENAY-PARC POWELL,123478-H6CDD,2002-09-17T00:00,0.002,pg/m³,PCDD,N/A
50902,SAGUENAY-PARC POWELL,123478-H6CDD,2002-10-23T00:00,0.012,pg/m³,PCDD,N/A
50902,SAGUENAY-PARC POWELL,123478-H6CDD,2002-11-28T00:00,0.003,pg/m³,PCDD,N/A
50902,SAGUENAY-PARC POWELL,123478-H6CDD,2002-12-22T00:00,0.002,pg/m³,PCDD,N/A
