﻿NAPS_Site_ID,Station_Name,Pollutant,Date,Value,Units,Report_Type,Method
100127,SURREY EAST,"1,2-Dichlorobenzene",1989-01-10T00:00,0.000,µg/m³,VOC,N/A
100127,SURREY EAST,"1,2-Dichlorobenzene",1989-02-15T00:00,0.000,µg/m³,VOC,N/A
100127,SURREY EAST,"1,2-Dichlorobenzene",1989-03-17T00:00,0.000,µg/m³,VOC,N/A
100127,SURREY EAST,"1,2-Dichlorobenzene",1989-04-22T00:00,0.000,µg/m³,VOC,N/A
100127,SURREY EAST,"1,2-Dichlorobenzene",1989-06-09T00:00,0.000,µg/m³,VOC,N/A
100127,SURREY EAST,"1,2-Dichlorobenzene",1989-08-08T00:00,0.000,µg/m³,VOC,N/A
100127,SURREY EAST,"1,2-Dichlorobenzene",1989-10-31T00:00,0.000,µg/m³,VOC,N/A
