﻿NAPS_Site_ID,Station_Name,Pollutant,Date,Value,Units,Report_Type,Method
90227,CALGARY CENTRAL,Butane,1991-01-06T00:00,14.605,µg/m³,VOC,GC-MS
90227,CALGARY CENTRAL,Butane,1991-01-12T00:00,38.968,µg/m³,VOC,GC-MS
90227,CALGARY CENTRAL,Butane,1991-01-18T00:00,18.938,µg/m³,VOC,GC-MS
90227,CALGARY CENTRAL,Butane,1991-01-24T00:00,16.443,µg/m³,VOC,GC-MS
90227,CALGARY CENTRAL,Butane,1991-01-30T00:00,40.077,µg/m³,VOC,GC-MS
90227,CALGARY CENTRAL,Butane,1991-02-05T00:00,21.416,µg/m³,VOC,GC-MS
90227,CALGARY CENTRAL,Butane,1991-02-11T00:00,26.847,µg/m³,VOC,GC-MS
90227,CALGARY CENTRAL,Butane,1991-02-17T00:00,13.442,µg/m³,VOC,GC-MS
90227,CALGARY CENTRAL,Butane,1991-02-23T00:00,31.492,µg/m³,VOC,GC-MS
90227,CALGARY CENTRAL,Butane,1991-03-01T00:00,12.953,µg/m³,VOC,GC-MS
90227,CALGARY CENTRAL,Butane,1991-03-07T00:00,14.149,µg/m³,VOC,GC-MS
90227,CALGARY CENTRAL,Butane,1991-03-13T00:00,14.535,µg/m³,VOC,GC-MS
90227,CALGARY CENTRAL,Butane,1991-03-19T00:00,63.605,µg/m³,VOC,GC-MS
90227,CALGARY CENTRAL,Butane,1991-03-25T00:00,12.256,µg/m³,VOC,GC-MS
90227,CALGARY CENTRAL,Butane,1991-03-31T00:00,15.284,µg/m³,VOC,GC-MS
90227,CALGARY CENTRAL,Butane,1991-04-06T00:00,4.820,µg/m³,VOC,GC-MS
90227,CALGARY CENTRAL,Butane,1991-04-12T00:00,13.442,µg/m³,VOC,GC-MS
90227,CALGARY CENTRAL,Butane,1991-04-18T00:00,14.388,µg/m³,VOC,GC-MS
90227,CALGARY CENTRAL,Butane,1991-04-24T00:00,14.067,µg/m³,VOC,GC-MS
90227,CALGARY CENTRAL,Butane,1991-04-30T00:00,9.052,µg/m³,VOC,GC-MS
90227,CALGARY CENTRAL,Butane,1991-05-06T00:00,11.777,µg/m³,VOC,GC-MS
90227,CALGARY CENTRAL,Butane,1991-05-12T00:00,4.574,µg/m³,VOC,GC-MS
90227,CALGARY CENTRAL,Butane,1991-05-18T00:00,8.048,µg/m³,VOC,GC-MS
90227,CALGARY CENTRAL,Butane,1991-05-24T00:00,10.693,µg/m³,VOC,GC-MS
90227,CALGARY CENTRAL,Butane,1991-05-30T00:00,8.910,µg/m³,VOC,GC-MS
90227,CALGARY CENTRAL,Butane,1991-06-05T00:00,10.995,µg/m³,VOC,GC-MS
90227,CALGARY CENTRAL,Butane,1991-06-11T00:00,9.020,µg/m³,VOC,GC-MS
90227,CALGARY CENTRAL,Butane,1991-06-17T00:00,5.179,µg/m³,VOC,GC-MS
90227,CALGARY CENTRAL,Butane,1991-06-23T00:00,4.085,µg/m³,VOC,GC-MS
90227,CALGARY CENTRAL,Butane,1991-06-29T00:00,10.692,µg/m³,VOC,GC-MS
90227,CALGARY CENTRAL,Butane,1991-07-05T00:00,10.256,µg/m³,VOC,GC-MS
90227,CALGARY CENTRAL,Butane,1991-07-11T00:00,11.776,µg/m³,VOC,GC-MS
90227,CALGARY CENTRAL,Butane,1991-07-17T00:00,6.337,µg/m³,VOC,GC-MS
90227,CALGARY CENTRAL,Butane,1991-07-23T00:00,10.826,µg/m³,VOC,GC-MS
90227,CALGARY CENTRAL,Butane,1991-07-29T00:00,8.411,µg/m³,VOC,GC-MS
90227,CALGARY CENTRAL,Butane,1991-08-04T00:00,4.269,µg/m³,VOC,GC-MS
90227,CALGARY CENTRAL,Butane,1991-08-10T00:00,7.634,µg/m³,VOC,GC-MS
90227,CALGARY CENTRAL,Butane,1991-08-16T00:00,12.720,µg/m³,VOC,GC-MS
90227,CALGARY CENTRAL,Butane,1991-08-22T00:00,17.407,µg/m³,VOC,GC-MS
90227,CALGARY CENTRAL,Butane,1991-08-28T00:00,11.619,µg/m³,VOC,GC-MS
90227,CALGARY CENTRAL,Butane,1991-09-03T00:00,12.130,µg/m³,VOC,GC-MS
90227,CALGARY CENTRAL,Butane,1991-09-09T00:00,6.406,µg/m³,VOC,GC-MS
90227,CALGARY CENTRAL,Butane,1991-09-15T00:00,6.573,µg/m³,VOC,GC-MS
90227,CALGARY CENTRAL,Butane,1991-09-21T00:00,3.908,µg/m³,VOC,GC-MS
90227,CALGARY CENTRAL,Butane,1991-09-27T00:00,13.750,µg/m³,VOC,GC-MS
90227,CALGARY CENTRAL,Butane,1991-10-03T00:00,3.464,µg/m³,VOC,GC-MS
90227,CALGARY CENTRAL,Butane,1991-10-09T00:00,0.307,µg/m³,VOC,GC-MS
90227,CALGARY CENTRAL,Butane,1991-10-15T00:00,7.684,µg/m³,VOC,GC-MS
90227,CALGARY CENTRAL,Butane,1991-10-21T00:00,7.100,µg/m³,VOC,GC-MS
90227,CALGARY CENTRAL,Butane,1991-10-27T00:00,11.883,µg/m³,VOC,GC-MS
90227,CALGARY CENTRAL,Butane,1991-11-02T00:00,12.191,µg/m³,VOC,GC-MS
90227,CALGARY CENTRAL,Butane,1991-11-08T00:00,38.380,µg/m³,VOC,GC-MS
90227,CALGARY CENTRAL,Butane,1991-11-14T00:00,20.733,µg/m³,VOC,GC-MS
90227,CALGARY CENTRAL,Butane,1991-11-20T00:00,32.709,µg/m³,VOC,GC-MS
90227,CALGARY CENTRAL,Butane,1991-11-26T00:00,27.288,µg/m³,VOC,GC-MS
90227,CALGARY CENTRAL,Butane,1991-12-08T00:00,13.270,µg/m³,VOC,GC-MS
90227,CALGARY CENTRAL,Butane,1991-12-14T00:00,14.156,µg/m³,VOC,GC-MS
90227,CALGARY CENTRAL,Butane,1991-12-20T00:00,46.001,µg/m³,VOC,GC-MS
90227,CALGARY CENTRAL,Butane,1991-12-26T00:00,43.224,µg/m³,VOC,GC-MS
