﻿NAPS_Site_ID,Station_Name,Pollutant,Date,Value,Units,Report_Type,Method
90130,EDMONTON CENTRAL,Silicon,1998-01-05T00:00,0.158,µg/m³,DICHOT,EDXRF
90130,EDMONTON CENTRAL,Silicon,1998-01-05T00:00,0.235,µg/m³,DICHOT,EDXRF
90130,EDMONTON CENTRAL,Silicon,1998-01-11T00:00,0.000,µg/m³,DICHOT,EDXRF
90130,EDMONTON CENTRAL,Silicon,1998-01-11T00:00,0.069,µg/m³,DICHOT,EDXRF
90130,EDMONTON CENTRAL,Silicon,1998-01-17T00:00,0.009,µg/m³,DICHOT,EDXRF
90130,EDMONTON CENTRAL,Silicon,1998-01-17T00:00,0.223,µg/m³,DICHOT,EDXRF
90130,EDMONTON CENTRAL,Silicon,1998-01-29T00:00,0.144,µg/m³,DICHOT,EDXRF
90130,EDMONTON CENTRAL,Silicon,1998-01-29T00:00,1.080,µg/m³,DICHOT,EDXRF
90130,EDMONTON CENTRAL,Silicon,1998-02-04T00:00,0.046,µg/m³,DICHOT,EDXRF
90130,EDMONTON CENTRAL,Silicon,1998-02-04T00:00,0.587,µg/m³,DICHOT,EDXRF
90130,EDMONTON CENTRAL,Silicon,1998-02-10T00:00,0.072,µg/m³,DICHOT,EDXRF
90130,EDMONTON CENTRAL,Silicon,1998-02-10T00:00,0.677,µg/m³,DICHOT,EDXRF
90130,EDMONTON CENTRAL,Silicon,1998-02-16T00:00,0.170,µg/m³,DICHOT,EDXRF
90130,EDMONTON CENTRAL,Silicon,1998-02-16T00:00,2.635,µg/m³,DICHOT,EDXRF
90130,EDMONTON CENTRAL,Silicon,1998-02-22T00:00,0.155,µg/m³,DICHOT,EDXRF
90130,EDMONTON CENTRAL,Silicon,1998-02-22T00:00,2.941,µg/m³,DICHOT,EDXRF
90130,EDMONTON CENTRAL,Silicon,1998-02-28T00:00,0.124,µg/m³,DICHOT,EDXRF
90130,EDMONTON CENTRAL,Silicon,1998-02-28T00:00,3.230,µg/m³,DICHOT,EDXRF
90130,EDMONTON CENTRAL,Silicon,1998-03-06T00:00,0.118,µg/m³,DICHOT,EDXRF
90130,EDMONTON CENTRAL,Silicon,1998-03-06T00:00,0.830,µg/m³,DICHOT,EDXRF
90130,EDMONTON CENTRAL,Silicon,1998-03-12T00:00,0.068,µg/m³,DICHOT,EDXRF
90130,EDMONTON CENTRAL,Silicon,1998-03-12T00:00,1.151,µg/m³,DICHOT,EDXRF
90130,EDMONTON CENTRAL,Silicon,1998-03-18T00:00,0.114,µg/m³,DICHOT,EDXRF
90130,EDMONTON CENTRAL,Silicon,1998-03-18T00:00,2.669,µg/m³,DICHOT,EDXRF
90130,EDMONTON CENTRAL,Silicon,1998-03-24T00:00,0.217,µg/m³,DICHOT,EDXRF
90130,EDMONTON CENTRAL,Silicon,1998-03-24T00:00,2.839,µg/m³,DICHOT,EDXRF
90130,EDMONTON CENTRAL,Silicon,1998-03-30T00:00,0.194,µg/m³,DICHOT,EDXRF
90130,EDMONTON CENTRAL,Silicon,1998-03-30T00:00,5.015,µg/m³,DICHOT,EDXRF
90130,EDMONTON CENTRAL,Silicon,1998-04-05T00:00,0.131,µg/m³,DICHOT,EDXRF
90130,EDMONTON CENTRAL,Silicon,1998-04-05T00:00,3.723,µg/m³,DICHOT,EDXRF
90130,EDMONTON CENTRAL,Silicon,1998-04-11T00:00,0.039,µg/m³,DICHOT,EDXRF
90130,EDMONTON CENTRAL,Silicon,1998-04-11T00:00,1.199,µg/m³,DICHOT,EDXRF
90130,EDMONTON CENTRAL,Silicon,1998-04-17T00:00,0.195,µg/m³,DICHOT,EDXRF
90130,EDMONTON CENTRAL,Silicon,1998-04-17T00:00,4.352,µg/m³,DICHOT,EDXRF
90130,EDMONTON CENTRAL,Silicon,1998-04-23T00:00,0.427,µg/m³,DICHOT,EDXRF
90130,EDMONTON CENTRAL,Silicon,1998-04-23T00:00,8.109,µg/m³,DICHOT,EDXRF
90130,EDMONTON CENTRAL,Silicon,1998-04-29T00:00,0.747,µg/m³,DICHOT,EDXRF
90130,EDMONTON CENTRAL,Silicon,1998-04-29T00:00,7.395,µg/m³,DICHOT,EDXRF
90130,EDMONTON CENTRAL,Silicon,1998-05-05T00:00,0.106,µg/m³,DICHOT,EDXRF
90130,EDMONTON CENTRAL,Silicon,1998-05-05T00:00,5.202,µg/m³,DICHOT,EDXRF
90130,EDMONTON CENTRAL,Silicon,1998-05-11T00:00,0.243,µg/m³,DICHOT,EDXRF
90130,EDMONTON CENTRAL,Silicon,1998-05-11T00:00,3.553,µg/m³,DICHOT,EDXRF
90130,EDMONTON CENTRAL,Silicon,1998-05-17T00:00,0.109,µg/m³,DICHOT,EDXRF
90130,EDMONTON CENTRAL,Silicon,1998-05-17T00:00,0.910,µg/m³,DICHOT,EDXRF
90130,EDMONTON CENTRAL,Silicon,1998-05-23T00:00,0.135,µg/m³,DICHOT,EDXRF
90130,EDMONTON CENTRAL,Silicon,1998-05-23T00:00,2.210,µg/m³,DICHOT,EDXRF
90130,EDMONTON CENTRAL,Silicon,1998-05-29T00:00,0.102,µg/m³,DICHOT,EDXRF
90130,EDMONTON CENTRAL,Silicon,1998-05-29T00:00,2.227,µg/m³,DICHOT,EDXRF
90130,EDMONTON CENTRAL,Silicon,1998-06-04T00:00,0.174,µg/m³,DICHOT,EDXRF
90130,EDMONTON CENTRAL,Silicon,1998-06-04T00:00,1.785,µg/m³,DICHOT,EDXRF
90130,EDMONTON CENTRAL,Silicon,1998-06-10T00:00,0.150,µg/m³,DICHOT,EDXRF
90130,EDMONTON CENTRAL,Silicon,1998-06-10T00:00,3.723,µg/m³,DICHOT,EDXRF
90130,EDMONTON CENTRAL,Silicon,1998-06-16T00:00,0.011,µg/m³,DICHOT,EDXRF
90130,EDMONTON CENTRAL,Silicon,1998-06-16T00:00,1.227,µg/m³,DICHOT,EDXRF
90130,EDMONTON CENTRAL,Silicon,1998-06-22T00:00,0.260,µg/m³,DICHOT,EDXRF
90130,EDMONTON CENTRAL,Silicon,1998-06-22T00:00,3.689,µg/m³,DICHOT,EDXRF
90130,EDMONTON CENTRAL,Silicon,1998-07-04T00:00,0.046,µg/m³,DICHOT,EDXRF
90130,EDMONTON CENTRAL,Silicon,1998-07-04T00:00,0.933,µg/m³,DICHOT,EDXRF
90130,EDMONTON CENTRAL,Silicon,1998-07-10T00:00,0.154,µg/m³,DICHOT,EDXRF
90130,EDMONTON CENTRAL,Silicon,1998-07-10T00:00,3.111,µg/m³,DICHOT,EDXRF
90130,EDMONTON CENTRAL,Silicon,1998-07-16T00:00,0.171,µg/m³,DICHOT,EDXRF
90130,EDMONTON CENTRAL,Silicon,1998-07-16T00:00,3.723,µg/m³,DICHOT,EDXRF
90130,EDMONTON CENTRAL,Silicon,1998-07-22T00:00,0.062,µg/m³,DICHOT,EDXRF
90130,EDMONTON CENTRAL,Silicon,1998-07-22T00:00,1.314,µg/m³,DICHOT,EDXRF
90130,EDMONTON CENTRAL,Silicon,1998-07-28T00:00,0.130,µg/m³,DICHOT,EDXRF
90130,EDMONTON CENTRAL,Silicon,1998-07-28T00:00,2.618,µg/m³,DICHOT,EDXRF
90130,EDMONTON CENTRAL,Silicon,1998-08-03T00:00,0.035,µg/m³,DICHOT,EDXRF
90130,EDMONTON CENTRAL,Silicon,1998-08-03T00:00,1.008,µg/m³,DICHOT,EDXRF
90130,EDMONTON CENTRAL,Silicon,1998-08-09T00:00,0.137,µg/m³,DICHOT,EDXRF
90130,EDMONTON CENTRAL,Silicon,1998-08-09T00:00,2.822,µg/m³,DICHOT,EDXRF
90130,EDMONTON CENTRAL,Silicon,1998-08-15T00:00,0.127,µg/m³,DICHOT,EDXRF
90130,EDMONTON CENTRAL,Silicon,1998-08-15T00:00,1.717,µg/m³,DICHOT,EDXRF
90130,EDMONTON CENTRAL,Silicon,1998-08-21T00:00,0.239,µg/m³,DICHOT,EDXRF
90130,EDMONTON CENTRAL,Silicon,1998-08-21T00:00,5.831,µg/m³,DICHOT,EDXRF
90130,EDMONTON CENTRAL,Silicon,1998-08-27T00:00,0.129,µg/m³,DICHOT,EDXRF
90130,EDMONTON CENTRAL,Silicon,1998-08-27T00:00,3.009,µg/m³,DICHOT,EDXRF
90130,EDMONTON CENTRAL,Silicon,1998-09-02T00:00,0.383,µg/m³,DICHOT,EDXRF
90130,EDMONTON CENTRAL,Silicon,1998-09-02T00:00,8.143,µg/m³,DICHOT,EDXRF
90130,EDMONTON CENTRAL,Silicon,1998-09-08T00:00,0.217,µg/m³,DICHOT,EDXRF
90130,EDMONTON CENTRAL,Silicon,1998-09-08T00:00,5.168,µg/m³,DICHOT,EDXRF
90130,EDMONTON CENTRAL,Silicon,1998-09-14T00:00,0.248,µg/m³,DICHOT,EDXRF
90130,EDMONTON CENTRAL,Silicon,1998-09-14T00:00,3.009,µg/m³,DICHOT,EDXRF
90130,EDMONTON CENTRAL,Silicon,1998-09-20T00:00,0.048,µg/m³,DICHOT,EDXRF
90130,EDMONTON CENTRAL,Silicon,1998-09-20T00:00,0.546,µg/m³,DICHOT,EDXRF
90130,EDMONTON CENTRAL,Silicon,1998-09-26T00:00,0.127,µg/m³,DICHOT,EDXRF
90130,EDMONTON CENTRAL,Silicon,1998-09-26T00:00,1.083,µg/m³,DICHOT,EDXRF
90130,EDMONTON CENTRAL,Silicon,1998-10-02T00:00,0.087,µg/m³,DICHOT,EDXRF
90130,EDMONTON CENTRAL,Silicon,1998-10-02T00:00,2.533,µg/m³,DICHOT,EDXRF
90130,EDMONTON CENTRAL,Silicon,1998-10-08T00:00,0.060,µg/m³,DICHOT,EDXRF
90130,EDMONTON CENTRAL,Silicon,1998-10-08T00:00,1.751,µg/m³,DICHOT,EDXRF
90130,EDMONTON CENTRAL,Silicon,1998-10-14T00:00,0.108,µg/m³,DICHOT,EDXRF
90130,EDMONTON CENTRAL,Silicon,1998-10-14T00:00,2.023,µg/m³,DICHOT,EDXRF
90130,EDMONTON CENTRAL,Silicon,1998-10-20T00:00,0.140,µg/m³,DICHOT,EDXRF
90130,EDMONTON CENTRAL,Silicon,1998-10-20T00:00,1.659,µg/m³,DICHOT,EDXRF
90130,EDMONTON CENTRAL,Silicon,1998-10-26T00:00,0.190,µg/m³,DICHOT,EDXRF
90130,EDMONTON CENTRAL,Silicon,1998-10-26T00:00,4.386,µg/m³,DICHOT,EDXRF
90130,EDMONTON CENTRAL,Silicon,1998-11-01T00:00,0.017,µg/m³,DICHOT,EDXRF
90130,EDMONTON CENTRAL,Silicon,1998-11-01T00:00,0.740,µg/m³,DICHOT,EDXRF
90130,EDMONTON CENTRAL,Silicon,1998-11-07T00:00,0.192,µg/m³,DICHOT,EDXRF
90130,EDMONTON CENTRAL,Silicon,1998-11-07T00:00,1.093,µg/m³,DICHOT,EDXRF
