﻿NAPS_Site_ID,Station_Name,Pollutant,Date,Value,Units,Report_Type,Method
101101,CHILLIWACK AIRPORT,Ethylbromide,2000-02-06T00:00,0.040,µg/m³,VOC,GC-MS
101101,CHILLIWACK AIRPORT,Ethylbromide,2000-03-25T00:00,0.030,µg/m³,VOC,GC-MS
101101,CHILLIWACK AIRPORT,Ethylbromide,2000-04-30T00:00,0.030,µg/m³,VOC,GC-MS
101101,CHILLIWACK AIRPORT,Ethylbromide,2000-06-05T00:00,0.030,µg/m³,VOC,GC-MS
101101,CHILLIWACK AIRPORT,Ethylbromide,2000-07-11T00:00,0.040,µg/m³,VOC,GC-MS
101101,CHILLIWACK AIRPORT,Ethylbromide,2000-08-16T00:00,0.000,µg/m³,VOC,GC-MS
101101,CHILLIWACK AIRPORT,Ethylbromide,2000-10-03T00:00,0.030,µg/m³,VOC,GC-MS
101101,CHILLIWACK AIRPORT,Ethylbromide,2000-11-08T00:00,0.040,µg/m³,VOC,GC-MS
101101,CHILLIWACK AIRPORT,Ethylbromide,2000-12-20T00:00,0.030,µg/m³,VOC,GC-MS
