﻿NAPS_Site_ID,Station_Name,Pollutant,Date,Value,Units,Report_Type,Method
63601,LONGWOODS CONS. AUTHORITY,"2,3-Dimethylpentane",2020-01-04T00:00,0.022,µg/m³,VOC,GC-MS
63601,LONGWOODS CONS. AUTHORITY,"2,3-Dimethylpentane",2020-01-10T00:00,0.018,µg/m³,VOC,GC-MS
63601,LONGWOODS CONS. AUTHORITY,"2,3-Dimethylpentane",2020-01-16T00:00,0.022,µg/m³,VOC,GC-MS
63601,LONGWOODS CONS. AUTHORITY,"2,3-Dimethylpentane",2020-01-22T00:00,0.022,µg/m³,VOC,GC-MS
63601,LONGWOODS CONS. AUTHORITY,"2,3-Dimethylpentane",2020-01-28T00:00,0.014,µg/m³,VOC,GC-MS
63601,LONGWOODS CONS. AUTHORITY,"2,3-Dimethylpentane",2020-02-03T00:00,0.035,µg/m³,VOC,GC-MS
63601,LONGWOODS CONS. AUTHORITY,"2,3-Dimethylpentane",2020-02-09T00:00,0.020,µg/m³,VOC,GC-MS
63601,LONGWOODS CONS. AUTHORITY,"2,3-Dimethylpentane",2020-02-15T00:00,0.022,µg/m³,VOC,GC-MS
63601,LONGWOODS CONS. AUTHORITY,"2,3-Dimethylpentane",2020-02-27T00:00,0.009,µg/m³,VOC,GC-MS
