﻿NAPS_Site_ID,Station_Name,Pollutant,Date,Value,Units,Report_Type,Method
60101,HYDRO BLDG.,m-Tolualdehyde,1997-01-04T00:00,0.124,µg/m³,VOC,N/A
60101,HYDRO BLDG.,m-Tolualdehyde,1997-01-10T00:00,0.157,µg/m³,VOC,N/A
60101,HYDRO BLDG.,m-Tolualdehyde,1997-01-16T00:00,0.109,µg/m³,VOC,N/A
60101,HYDRO BLDG.,m-Tolualdehyde,1997-01-22T00:00,0.229,µg/m³,VOC,N/A
60101,HYDRO BLDG.,m-Tolualdehyde,1997-01-28T00:00,0.160,µg/m³,VOC,N/A
60101,HYDRO BLDG.,m-Tolualdehyde,1997-02-03T00:00,0.160,µg/m³,VOC,N/A
60101,HYDRO BLDG.,m-Tolualdehyde,1997-02-09T00:00,0.306,µg/m³,VOC,N/A
60101,HYDRO BLDG.,m-Tolualdehyde,1997-02-15T00:00,0.246,µg/m³,VOC,N/A
60101,HYDRO BLDG.,m-Tolualdehyde,1997-02-21T00:00,0.281,µg/m³,VOC,N/A
60101,HYDRO BLDG.,m-Tolualdehyde,1997-02-27T00:00,0.510,µg/m³,VOC,N/A
60101,HYDRO BLDG.,m-Tolualdehyde,1997-03-05T00:00,0.326,µg/m³,VOC,N/A
60101,HYDRO BLDG.,m-Tolualdehyde,1997-03-11T00:00,0.249,µg/m³,VOC,N/A
60101,HYDRO BLDG.,m-Tolualdehyde,1997-03-17T00:00,0.280,µg/m³,VOC,N/A
60101,HYDRO BLDG.,m-Tolualdehyde,1997-03-23T00:00,0.000,µg/m³,VOC,N/A
60101,HYDRO BLDG.,m-Tolualdehyde,1997-03-29T00:00,0.218,µg/m³,VOC,N/A
60101,HYDRO BLDG.,m-Tolualdehyde,1997-04-22T00:00,0.405,µg/m³,VOC,N/A
60101,HYDRO BLDG.,m-Tolualdehyde,1997-04-28T00:00,0.225,µg/m³,VOC,N/A
60101,HYDRO BLDG.,m-Tolualdehyde,1997-05-10T00:00,0.071,µg/m³,VOC,N/A
60101,HYDRO BLDG.,m-Tolualdehyde,1997-05-16T00:00,0.217,µg/m³,VOC,N/A
60101,HYDRO BLDG.,m-Tolualdehyde,1997-05-22T00:00,0.147,µg/m³,VOC,N/A
60101,HYDRO BLDG.,m-Tolualdehyde,1997-05-28T00:00,0.277,µg/m³,VOC,N/A
60101,HYDRO BLDG.,m-Tolualdehyde,1997-06-03T00:00,0.139,µg/m³,VOC,N/A
60101,HYDRO BLDG.,m-Tolualdehyde,1997-07-27T00:00,0.308,µg/m³,VOC,N/A
60101,HYDRO BLDG.,m-Tolualdehyde,1997-08-02T00:00,0.245,µg/m³,VOC,N/A
60101,HYDRO BLDG.,m-Tolualdehyde,1997-08-08T00:00,0.360,µg/m³,VOC,N/A
60101,HYDRO BLDG.,m-Tolualdehyde,1997-08-14T00:00,0.163,µg/m³,VOC,N/A
60101,HYDRO BLDG.,m-Tolualdehyde,1997-08-20T00:00,0.219,µg/m³,VOC,N/A
60101,HYDRO BLDG.,m-Tolualdehyde,1997-09-13T00:00,0.178,µg/m³,VOC,N/A
60101,HYDRO BLDG.,m-Tolualdehyde,1997-09-19T00:00,0.457,µg/m³,VOC,N/A
60101,HYDRO BLDG.,m-Tolualdehyde,1997-09-25T00:00,0.219,µg/m³,VOC,N/A
60101,HYDRO BLDG.,m-Tolualdehyde,1997-10-01T00:00,0.097,µg/m³,VOC,N/A
60101,HYDRO BLDG.,m-Tolualdehyde,1997-10-07T00:00,0.167,µg/m³,VOC,N/A
60101,HYDRO BLDG.,m-Tolualdehyde,1997-10-13T00:00,0.301,µg/m³,VOC,N/A
60101,HYDRO BLDG.,m-Tolualdehyde,1997-10-19T00:00,0.349,µg/m³,VOC,N/A
60101,HYDRO BLDG.,m-Tolualdehyde,1997-10-25T00:00,0.237,µg/m³,VOC,N/A
60101,HYDRO BLDG.,m-Tolualdehyde,1997-10-31T00:00,0.393,µg/m³,VOC,N/A
60101,HYDRO BLDG.,m-Tolualdehyde,1997-11-06T00:00,0.130,µg/m³,VOC,N/A
60101,HYDRO BLDG.,m-Tolualdehyde,1997-11-12T00:00,0.186,µg/m³,VOC,N/A
60101,HYDRO BLDG.,m-Tolualdehyde,1997-11-18T00:00,0.197,µg/m³,VOC,N/A
60101,HYDRO BLDG.,m-Tolualdehyde,1997-11-24T00:00,0.179,µg/m³,VOC,N/A
60101,HYDRO BLDG.,m-Tolualdehyde,1997-11-30T00:00,0.171,µg/m³,VOC,N/A
60101,HYDRO BLDG.,m-Tolualdehyde,1997-12-06T00:00,0.171,µg/m³,VOC,N/A
60101,HYDRO BLDG.,m-Tolualdehyde,1997-12-12T00:00,0.207,µg/m³,VOC,N/A
60101,HYDRO BLDG.,m-Tolualdehyde,1997-12-18T00:00,0.383,µg/m³,VOC,N/A
60101,HYDRO BLDG.,m-Tolualdehyde,1997-12-24T00:00,0.207,µg/m³,VOC,N/A
60101,HYDRO BLDG.,m-Tolualdehyde,1997-12-30T00:00,0.199,µg/m³,VOC,N/A
