﻿NAPS_Site_ID,Station_Name,Pollutant,Date,Value,Units,Report_Type,Method
90121,EDMONTON EAST,Methylcyclohexane,2006-01-05T00:00,3.327,µg/m³,VOC,N/A
90121,EDMONTON EAST,Methylcyclohexane,2006-01-11T00:00,2.948,µg/m³,VOC,N/A
90121,EDMONTON EAST,Methylcyclohexane,2006-01-17T00:00,3.045,µg/m³,VOC,N/A
90121,EDMONTON EAST,Methylcyclohexane,2006-01-23T00:00,0.652,µg/m³,VOC,N/A
90121,EDMONTON EAST,Methylcyclohexane,2006-01-29T00:00,1.569,µg/m³,VOC,N/A
90121,EDMONTON EAST,Methylcyclohexane,2006-02-04T00:00,2.553,µg/m³,VOC,N/A
90121,EDMONTON EAST,Methylcyclohexane,2006-02-10T00:00,1.148,µg/m³,VOC,N/A
90121,EDMONTON EAST,Methylcyclohexane,2006-02-16T00:00,0.926,µg/m³,VOC,N/A
90121,EDMONTON EAST,Methylcyclohexane,2006-02-22T00:00,2.172,µg/m³,VOC,N/A
90121,EDMONTON EAST,Methylcyclohexane,2006-02-28T00:00,2.814,µg/m³,VOC,N/A
90121,EDMONTON EAST,Methylcyclohexane,2006-03-06T00:00,2.668,µg/m³,VOC,N/A
90121,EDMONTON EAST,Methylcyclohexane,2006-03-12T00:00,2.468,µg/m³,VOC,N/A
90121,EDMONTON EAST,Methylcyclohexane,2006-03-18T00:00,0.914,µg/m³,VOC,N/A
90121,EDMONTON EAST,Methylcyclohexane,2006-03-24T00:00,0.608,µg/m³,VOC,N/A
90121,EDMONTON EAST,Methylcyclohexane,2006-03-30T00:00,0.325,µg/m³,VOC,N/A
90121,EDMONTON EAST,Methylcyclohexane,2006-04-05T00:00,10.358,µg/m³,VOC,N/A
90121,EDMONTON EAST,Methylcyclohexane,2006-04-11T00:00,4.896,µg/m³,VOC,N/A
90121,EDMONTON EAST,Methylcyclohexane,2006-04-17T00:00,0.613,µg/m³,VOC,N/A
90121,EDMONTON EAST,Methylcyclohexane,2006-04-23T00:00,0.622,µg/m³,VOC,N/A
90121,EDMONTON EAST,Methylcyclohexane,2006-04-29T00:00,4.557,µg/m³,VOC,N/A
90121,EDMONTON EAST,Methylcyclohexane,2006-05-05T00:00,3.985,µg/m³,VOC,N/A
90121,EDMONTON EAST,Methylcyclohexane,2006-05-11T00:00,0.898,µg/m³,VOC,N/A
90121,EDMONTON EAST,Methylcyclohexane,2006-05-17T00:00,7.005,µg/m³,VOC,N/A
90121,EDMONTON EAST,Methylcyclohexane,2006-05-23T00:00,3.444,µg/m³,VOC,N/A
90121,EDMONTON EAST,Methylcyclohexane,2006-05-29T00:00,1.517,µg/m³,VOC,N/A
90121,EDMONTON EAST,Methylcyclohexane,2006-06-04T00:00,1.106,µg/m³,VOC,N/A
90121,EDMONTON EAST,Methylcyclohexane,2006-06-10T00:00,5.276,µg/m³,VOC,N/A
90121,EDMONTON EAST,Methylcyclohexane,2006-06-16T00:00,1.893,µg/m³,VOC,N/A
90121,EDMONTON EAST,Methylcyclohexane,2006-06-22T00:00,2.365,µg/m³,VOC,N/A
90121,EDMONTON EAST,Methylcyclohexane,2006-06-28T00:00,2.245,µg/m³,VOC,N/A
90121,EDMONTON EAST,Methylcyclohexane,2006-07-04T00:00,1.414,µg/m³,VOC,N/A
90121,EDMONTON EAST,Methylcyclohexane,2006-07-10T00:00,3.440,µg/m³,VOC,N/A
90121,EDMONTON EAST,Methylcyclohexane,2006-07-16T00:00,1.091,µg/m³,VOC,N/A
90121,EDMONTON EAST,Methylcyclohexane,2006-07-22T00:00,1.647,µg/m³,VOC,N/A
90121,EDMONTON EAST,Methylcyclohexane,2006-07-28T00:00,3.813,µg/m³,VOC,N/A
90121,EDMONTON EAST,Methylcyclohexane,2006-08-03T00:00,0.775,µg/m³,VOC,N/A
90121,EDMONTON EAST,Methylcyclohexane,2006-08-09T00:00,0.674,µg/m³,VOC,N/A
90121,EDMONTON EAST,Methylcyclohexane,2006-08-15T00:00,1.148,µg/m³,VOC,N/A
90121,EDMONTON EAST,Methylcyclohexane,2006-08-21T00:00,0.858,µg/m³,VOC,N/A
90121,EDMONTON EAST,Methylcyclohexane,2006-08-26T00:00,3.382,µg/m³,VOC,N/A
90121,EDMONTON EAST,Methylcyclohexane,2006-09-02T00:00,0.485,µg/m³,VOC,N/A
90121,EDMONTON EAST,Methylcyclohexane,2006-09-08T00:00,1.194,µg/m³,VOC,N/A
90121,EDMONTON EAST,Methylcyclohexane,2006-09-14T00:00,5.415,µg/m³,VOC,N/A
90121,EDMONTON EAST,Methylcyclohexane,2006-09-20T00:00,1.056,µg/m³,VOC,N/A
90121,EDMONTON EAST,Methylcyclohexane,2006-09-26T00:00,2.816,µg/m³,VOC,N/A
90121,EDMONTON EAST,Methylcyclohexane,2006-10-02T00:00,1.857,µg/m³,VOC,N/A
90121,EDMONTON EAST,Methylcyclohexane,2006-10-08T00:00,0.942,µg/m³,VOC,N/A
90121,EDMONTON EAST,Methylcyclohexane,2006-10-14T00:00,1.706,µg/m³,VOC,N/A
90121,EDMONTON EAST,Methylcyclohexane,2006-10-20T00:00,0.654,µg/m³,VOC,N/A
90121,EDMONTON EAST,Methylcyclohexane,2006-10-26T00:00,0.759,µg/m³,VOC,N/A
90121,EDMONTON EAST,Methylcyclohexane,2006-11-01T00:00,1.660,µg/m³,VOC,N/A
90121,EDMONTON EAST,Methylcyclohexane,2006-11-07T00:00,3.575,µg/m³,VOC,N/A
90121,EDMONTON EAST,Methylcyclohexane,2006-11-13T00:00,2.191,µg/m³,VOC,N/A
90121,EDMONTON EAST,Methylcyclohexane,2006-11-19T00:00,0.877,µg/m³,VOC,N/A
90121,EDMONTON EAST,Methylcyclohexane,2006-11-25T00:00,0.497,µg/m³,VOC,N/A
90121,EDMONTON EAST,Methylcyclohexane,2006-12-01T00:00,1.824,µg/m³,VOC,N/A
90121,EDMONTON EAST,Methylcyclohexane,2006-12-07T00:00,2.861,µg/m³,VOC,N/A
90121,EDMONTON EAST,Methylcyclohexane,2006-12-13T00:00,4.165,µg/m³,VOC,N/A
90121,EDMONTON EAST,Methylcyclohexane,2006-12-19T00:00,2.334,µg/m³,VOC,N/A
90121,EDMONTON EAST,Methylcyclohexane,2006-12-25T00:00,1.521,µg/m³,VOC,N/A
90121,EDMONTON EAST,Methylcyclohexane,2006-12-31T00:00,1.928,µg/m³,VOC,N/A
