﻿NAPS_Site_ID,Station_Name,Pollutant,Date,Value,Units,Report_Type,Method
90132,EDMONTON MCINTYRE,OC(corr),2017-01-01T00:00,1.069,µg/m³,PM2.5,TOR(OC/EC)
90132,EDMONTON MCINTYRE,OC(corr),2017-01-04T00:00,2.067,µg/m³,PM2.5,TOR(OC/EC)
90132,EDMONTON MCINTYRE,OC(corr),2017-01-07T00:00,1.225,µg/m³,PM2.5,TOR(OC/EC)
90132,EDMONTON MCINTYRE,OC(corr),2017-01-10T00:00,1.410,µg/m³,PM2.5,TOR(OC/EC)
90132,EDMONTON MCINTYRE,OC(corr),2017-01-13T00:00,1.928,µg/m³,PM2.5,TOR(OC/EC)
90132,EDMONTON MCINTYRE,OC(corr),2017-01-16T00:00,0.781,µg/m³,PM2.5,TOR(OC/EC)
90132,EDMONTON MCINTYRE,OC(corr),2017-01-19T00:00,1.696,µg/m³,PM2.5,TOR(OC/EC)
90132,EDMONTON MCINTYRE,OC(corr),2017-01-22T00:00,0.460,µg/m³,PM2.5,TOR(OC/EC)
90132,EDMONTON MCINTYRE,OC(corr),2017-01-25T00:00,2.952,µg/m³,PM2.5,TOR(OC/EC)
90132,EDMONTON MCINTYRE,OC(corr),2017-01-28T00:00,1.638,µg/m³,PM2.5,TOR(OC/EC)
90132,EDMONTON MCINTYRE,OC(corr),2017-01-31T00:00,0.419,µg/m³,PM2.5,TOR(OC/EC)
90132,EDMONTON MCINTYRE,OC(corr),2017-02-03T00:00,2.143,µg/m³,PM2.5,TOR(OC/EC)
90132,EDMONTON MCINTYRE,OC(corr),2017-02-09T00:00,4.886,µg/m³,PM2.5,TOR(OC/EC)
90132,EDMONTON MCINTYRE,OC(corr),2017-02-12T00:00,0.544,µg/m³,PM2.5,TOR(OC/EC)
90132,EDMONTON MCINTYRE,OC(corr),2017-02-15T00:00,1.633,µg/m³,PM2.5,TOR(OC/EC)
90132,EDMONTON MCINTYRE,OC(corr),2017-02-18T00:00,0.758,µg/m³,PM2.5,TOR(OC/EC)
90132,EDMONTON MCINTYRE,OC(corr),2017-02-21T00:00,1.020,µg/m³,PM2.5,TOR(OC/EC)
90132,EDMONTON MCINTYRE,OC(corr),2017-02-24T00:00,0.580,µg/m³,PM2.5,TOR(OC/EC)
90132,EDMONTON MCINTYRE,OC(corr),2017-02-27T00:00,1.563,µg/m³,PM2.5,TOR(OC/EC)
90132,EDMONTON MCINTYRE,OC(corr),2017-03-02T00:00,1.186,µg/m³,PM2.5,TOR(OC/EC)
90132,EDMONTON MCINTYRE,OC(corr),2017-03-05T00:00,0.751,µg/m³,PM2.5,TOR(OC/EC)
90132,EDMONTON MCINTYRE,OC(corr),2017-03-08T00:00,0.872,µg/m³,PM2.5,TOR(OC/EC)
90132,EDMONTON MCINTYRE,OC(corr),2017-03-11T00:00,0.401,µg/m³,PM2.5,TOR(OC/EC)
90132,EDMONTON MCINTYRE,OC(corr),2017-03-14T00:00,0.801,µg/m³,PM2.5,TOR(OC/EC)
90132,EDMONTON MCINTYRE,OC(corr),2017-03-17T00:00,0.356,µg/m³,PM2.5,TOR(OC/EC)
90132,EDMONTON MCINTYRE,OC(corr),2017-03-20T00:00,0.331,µg/m³,PM2.5,TOR(OC/EC)
90132,EDMONTON MCINTYRE,OC(corr),2017-03-23T00:00,1.257,µg/m³,PM2.5,TOR(OC/EC)
90132,EDMONTON MCINTYRE,OC(corr),2017-03-29T00:00,1.063,µg/m³,PM2.5,TOR(OC/EC)
90132,EDMONTON MCINTYRE,OC(corr),2017-04-01T00:00,1.347,µg/m³,PM2.5,TOR(OC/EC)
90132,EDMONTON MCINTYRE,OC(corr),2017-04-04T00:00,0.830,µg/m³,PM2.5,TOR(OC/EC)
90132,EDMONTON MCINTYRE,OC(corr),2017-04-07T00:00,0.831,µg/m³,PM2.5,TOR(OC/EC)
90132,EDMONTON MCINTYRE,OC(corr),2017-04-10T00:00,0.375,µg/m³,PM2.5,TOR(OC/EC)
90132,EDMONTON MCINTYRE,OC(corr),2017-04-13T00:00,0.393,µg/m³,PM2.5,TOR(OC/EC)
90132,EDMONTON MCINTYRE,OC(corr),2017-04-16T00:00,0.087,µg/m³,PM2.5,TOR(OC/EC)
90132,EDMONTON MCINTYRE,OC(corr),2017-04-19T00:00,0.767,µg/m³,PM2.5,TOR(OC/EC)
90132,EDMONTON MCINTYRE,OC(corr),2017-04-22T00:00,0.385,µg/m³,PM2.5,TOR(OC/EC)
90132,EDMONTON MCINTYRE,OC(corr),2017-04-25T00:00,0.299,µg/m³,PM2.5,TOR(OC/EC)
90132,EDMONTON MCINTYRE,OC(corr),2017-04-28T00:00,1.108,µg/m³,PM2.5,TOR(OC/EC)
90132,EDMONTON MCINTYRE,OC(corr),2017-05-01T00:00,0.699,µg/m³,PM2.5,TOR(OC/EC)
90132,EDMONTON MCINTYRE,OC(corr),2017-05-04T00:00,1.081,µg/m³,PM2.5,TOR(OC/EC)
90132,EDMONTON MCINTYRE,OC(corr),2017-05-10T00:00,1.244,µg/m³,PM2.5,TOR(OC/EC)
90132,EDMONTON MCINTYRE,OC(corr),2017-05-13T00:00,1.581,µg/m³,PM2.5,TOR(OC/EC)
90132,EDMONTON MCINTYRE,OC(corr),2017-05-16T00:00,0.675,µg/m³,PM2.5,TOR(OC/EC)
90132,EDMONTON MCINTYRE,OC(corr),2017-05-19T00:00,1.163,µg/m³,PM2.5,TOR(OC/EC)
90132,EDMONTON MCINTYRE,OC(corr),2017-05-22T00:00,1.653,µg/m³,PM2.5,TOR(OC/EC)
90132,EDMONTON MCINTYRE,OC(corr),2017-05-25T00:00,0.146,µg/m³,PM2.5,TOR(OC/EC)
90132,EDMONTON MCINTYRE,OC(corr),2017-05-31T00:00,1.227,µg/m³,PM2.5,TOR(OC/EC)
90132,EDMONTON MCINTYRE,OC(corr),2017-06-03T00:00,1.078,µg/m³,PM2.5,TOR(OC/EC)
90132,EDMONTON MCINTYRE,OC(corr),2017-06-06T00:00,1.149,µg/m³,PM2.5,TOR(OC/EC)
90132,EDMONTON MCINTYRE,OC(corr),2017-06-12T00:00,0.817,µg/m³,PM2.5,TOR(OC/EC)
90132,EDMONTON MCINTYRE,OC(corr),2017-06-15T00:00,1.192,µg/m³,PM2.5,TOR(OC/EC)
90132,EDMONTON MCINTYRE,OC(corr),2017-06-18T00:00,1.485,µg/m³,PM2.5,TOR(OC/EC)
90132,EDMONTON MCINTYRE,OC(corr),2017-06-21T00:00,0.567,µg/m³,PM2.5,TOR(OC/EC)
90132,EDMONTON MCINTYRE,OC(corr),2017-06-27T00:00,0.529,µg/m³,PM2.5,TOR(OC/EC)
90132,EDMONTON MCINTYRE,OC(corr),2017-06-30T00:00,1.737,µg/m³,PM2.5,TOR(OC/EC)
90132,EDMONTON MCINTYRE,OC(corr),2017-07-03T00:00,0.592,µg/m³,PM2.5,TOR(OC/EC)
90132,EDMONTON MCINTYRE,OC(corr),2017-07-06T00:00,2.002,µg/m³,PM2.5,TOR(OC/EC)
90132,EDMONTON MCINTYRE,OC(corr),2017-07-09T00:00,3.028,µg/m³,PM2.5,TOR(OC/EC)
90132,EDMONTON MCINTYRE,OC(corr),2017-07-12T00:00,2.164,µg/m³,PM2.5,TOR(OC/EC)
90132,EDMONTON MCINTYRE,OC(corr),2017-07-15T00:00,2.876,µg/m³,PM2.5,TOR(OC/EC)
90132,EDMONTON MCINTYRE,OC(corr),2017-07-18T00:00,1.664,µg/m³,PM2.5,TOR(OC/EC)
90132,EDMONTON MCINTYRE,OC(corr),2017-07-21T00:00,5.144,µg/m³,PM2.5,TOR(OC/EC)
90132,EDMONTON MCINTYRE,OC(corr),2017-07-24T00:00,0.526,µg/m³,PM2.5,TOR(OC/EC)
90132,EDMONTON MCINTYRE,OC(corr),2017-07-27T00:00,3.107,µg/m³,PM2.5,TOR(OC/EC)
90132,EDMONTON MCINTYRE,OC(corr),2017-07-30T00:00,5.271,µg/m³,PM2.5,TOR(OC/EC)
90132,EDMONTON MCINTYRE,OC(corr),2017-08-02T00:00,0.949,µg/m³,PM2.5,TOR(OC/EC)
90132,EDMONTON MCINTYRE,OC(corr),2017-08-05T00:00,1.947,µg/m³,PM2.5,TOR(OC/EC)
90132,EDMONTON MCINTYRE,OC(corr),2017-08-08T00:00,1.682,µg/m³,PM2.5,TOR(OC/EC)
90132,EDMONTON MCINTYRE,OC(corr),2017-08-14T00:00,19.757,µg/m³,PM2.5,TOR(OC/EC)
90132,EDMONTON MCINTYRE,OC(corr),2017-08-17T00:00,11.003,µg/m³,PM2.5,TOR(OC/EC)
90132,EDMONTON MCINTYRE,OC(corr),2017-08-20T00:00,1.640,µg/m³,PM2.5,TOR(OC/EC)
90132,EDMONTON MCINTYRE,OC(corr),2017-08-23T00:00,1.958,µg/m³,PM2.5,TOR(OC/EC)
90132,EDMONTON MCINTYRE,OC(corr),2017-08-26T00:00,1.719,µg/m³,PM2.5,TOR(OC/EC)
90132,EDMONTON MCINTYRE,OC(corr),2017-08-29T00:00,1.360,µg/m³,PM2.5,TOR(OC/EC)
90132,EDMONTON MCINTYRE,OC(corr),2017-09-01T00:00,6.968,µg/m³,PM2.5,TOR(OC/EC)
90132,EDMONTON MCINTYRE,OC(corr),2017-09-04T00:00,1.513,µg/m³,PM2.5,TOR(OC/EC)
90132,EDMONTON MCINTYRE,OC(corr),2017-09-07T00:00,4.953,µg/m³,PM2.5,TOR(OC/EC)
90132,EDMONTON MCINTYRE,OC(corr),2017-09-10T00:00,0.085,µg/m³,PM2.5,TOR(OC/EC)
90132,EDMONTON MCINTYRE,OC(corr),2017-09-13T00:00,0.878,µg/m³,PM2.5,TOR(OC/EC)
90132,EDMONTON MCINTYRE,OC(corr),2017-09-16T00:00,0.385,µg/m³,PM2.5,TOR(OC/EC)
90132,EDMONTON MCINTYRE,OC(corr),2017-09-19T00:00,0.742,µg/m³,PM2.5,TOR(OC/EC)
90132,EDMONTON MCINTYRE,OC(corr),2017-09-22T00:00,0.315,µg/m³,PM2.5,TOR(OC/EC)
90132,EDMONTON MCINTYRE,OC(corr),2017-09-25T00:00,1.058,µg/m³,PM2.5,TOR(OC/EC)
90132,EDMONTON MCINTYRE,OC(corr),2017-09-28T00:00,1.022,µg/m³,PM2.5,TOR(OC/EC)
90132,EDMONTON MCINTYRE,OC(corr),2017-10-01T00:00,0.062,µg/m³,PM2.5,TOR(OC/EC)
90132,EDMONTON MCINTYRE,OC(corr),2017-10-04T00:00,1.388,µg/m³,PM2.5,TOR(OC/EC)
90132,EDMONTON MCINTYRE,OC(corr),2017-10-07T00:00,0.701,µg/m³,PM2.5,TOR(OC/EC)
90132,EDMONTON MCINTYRE,OC(corr),2017-10-10T00:00,0.969,µg/m³,PM2.5,TOR(OC/EC)
90132,EDMONTON MCINTYRE,OC(corr),2017-10-16T00:00,0.738,µg/m³,PM2.5,TOR(OC/EC)
90132,EDMONTON MCINTYRE,OC(corr),2017-10-19T00:00,0.732,µg/m³,PM2.5,TOR(OC/EC)
90132,EDMONTON MCINTYRE,OC(corr),2017-10-22T00:00,0.551,µg/m³,PM2.5,TOR(OC/EC)
90132,EDMONTON MCINTYRE,OC(corr),2017-10-25T00:00,0.531,µg/m³,PM2.5,TOR(OC/EC)
90132,EDMONTON MCINTYRE,OC(corr),2017-10-28T00:00,1.274,µg/m³,PM2.5,TOR(OC/EC)
90132,EDMONTON MCINTYRE,OC(corr),2017-10-31T00:00,2.169,µg/m³,PM2.5,TOR(OC/EC)
90132,EDMONTON MCINTYRE,OC(corr),2017-11-03T00:00,1.258,µg/m³,PM2.5,TOR(OC/EC)
90132,EDMONTON MCINTYRE,OC(corr),2017-11-06T00:00,2.102,µg/m³,PM2.5,TOR(OC/EC)
90132,EDMONTON MCINTYRE,OC(corr),2017-11-15T00:00,1.215,µg/m³,PM2.5,TOR(OC/EC)
90132,EDMONTON MCINTYRE,OC(corr),2017-11-18T00:00,4.640,µg/m³,PM2.5,TOR(OC/EC)
90132,EDMONTON MCINTYRE,OC(corr),2017-11-21T00:00,0.927,µg/m³,PM2.5,TOR(OC/EC)
90132,EDMONTON MCINTYRE,OC(corr),2017-11-24T00:00,1.021,µg/m³,PM2.5,TOR(OC/EC)
90132,EDMONTON MCINTYRE,OC(corr),2017-11-30T00:00,1.374,µg/m³,PM2.5,TOR(OC/EC)
90132,EDMONTON MCINTYRE,OC(corr),2017-12-03T00:00,1.295,µg/m³,PM2.5,TOR(OC/EC)
90132,EDMONTON MCINTYRE,OC(corr),2017-12-06T00:00,3.056,µg/m³,PM2.5,TOR(OC/EC)
90132,EDMONTON MCINTYRE,OC(corr),2017-12-09T00:00,2.468,µg/m³,PM2.5,TOR(OC/EC)
90132,EDMONTON MCINTYRE,OC(corr),2017-12-12T00:00,2.159,µg/m³,PM2.5,TOR(OC/EC)
90132,EDMONTON MCINTYRE,OC(corr),2017-12-15T00:00,1.053,µg/m³,PM2.5,TOR(OC/EC)
90132,EDMONTON MCINTYRE,OC(corr),2017-12-18T00:00,0.480,µg/m³,PM2.5,TOR(OC/EC)
90132,EDMONTON MCINTYRE,OC(corr),2017-12-21T00:00,0.727,µg/m³,PM2.5,TOR(OC/EC)
90132,EDMONTON MCINTYRE,OC(corr),2017-12-24T00:00,1.016,µg/m³,PM2.5,TOR(OC/EC)
90132,EDMONTON MCINTYRE,OC(corr),2017-12-27T00:00,0.872,µg/m³,PM2.5,TOR(OC/EC)
90132,EDMONTON MCINTYRE,OC(corr),2017-12-30T00:00,0.747,µg/m³,PM2.5,TOR(OC/EC)
