﻿NAPS_Site_ID,Station_Name,Pollutant,Date,Value,Units,Report_Type,Method
50134,MONTRÉAL-MOLSON or MONTRÉAL-SAINT-JOSEPH,Freon 22,2009-01-01T00:00,0.855,µg/m³,VOC,
50134,MONTRÉAL-MOLSON or MONTRÉAL-SAINT-JOSEPH,Freon 22,2009-01-07T00:00,0.826,µg/m³,VOC,
50134,MONTRÉAL-MOLSON or MONTRÉAL-SAINT-JOSEPH,Freon 22,2009-01-13T00:00,1.068,µg/m³,VOC,
50134,MONTRÉAL-MOLSON or MONTRÉAL-SAINT-JOSEPH,Freon 22,2009-01-19T00:00,0.769,µg/m³,VOC,
50134,MONTRÉAL-MOLSON or MONTRÉAL-SAINT-JOSEPH,Freon 22,2009-01-25T00:00,0.853,µg/m³,VOC,
50134,MONTRÉAL-MOLSON or MONTRÉAL-SAINT-JOSEPH,Freon 22,2009-01-31T00:00,0.990,µg/m³,VOC,
50134,MONTRÉAL-MOLSON or MONTRÉAL-SAINT-JOSEPH,Freon 22,2009-02-06T00:00,1.023,µg/m³,VOC,
50134,MONTRÉAL-MOLSON or MONTRÉAL-SAINT-JOSEPH,Freon 22,2009-02-12T00:00,1.472,µg/m³,VOC,
50134,MONTRÉAL-MOLSON or MONTRÉAL-SAINT-JOSEPH,Freon 22,2009-02-18T00:00,0.811,µg/m³,VOC,
50134,MONTRÉAL-MOLSON or MONTRÉAL-SAINT-JOSEPH,Freon 22,2009-02-24T00:00,1.033,µg/m³,VOC,
50134,MONTRÉAL-MOLSON or MONTRÉAL-SAINT-JOSEPH,Freon 22,2009-03-02T00:00,0.646,µg/m³,VOC,
50134,MONTRÉAL-MOLSON or MONTRÉAL-SAINT-JOSEPH,Freon 22,2009-03-08T00:00,0.923,µg/m³,VOC,
50134,MONTRÉAL-MOLSON or MONTRÉAL-SAINT-JOSEPH,Freon 22,2009-03-14T00:00,0.689,µg/m³,VOC,
50134,MONTRÉAL-MOLSON or MONTRÉAL-SAINT-JOSEPH,Freon 22,2009-03-20T00:00,1.240,µg/m³,VOC,
50134,MONTRÉAL-MOLSON or MONTRÉAL-SAINT-JOSEPH,Freon 22,2009-03-26T00:00,1.273,µg/m³,VOC,
50134,MONTRÉAL-MOLSON or MONTRÉAL-SAINT-JOSEPH,Freon 22,2009-04-01T00:00,1.050,µg/m³,VOC,
50134,MONTRÉAL-MOLSON or MONTRÉAL-SAINT-JOSEPH,Freon 22,2009-04-07T00:00,0.838,µg/m³,VOC,
50134,MONTRÉAL-MOLSON or MONTRÉAL-SAINT-JOSEPH,Freon 22,2009-04-13T00:00,0.658,µg/m³,VOC,
50134,MONTRÉAL-MOLSON or MONTRÉAL-SAINT-JOSEPH,Freon 22,2009-04-19T00:00,0.691,µg/m³,VOC,
50134,MONTRÉAL-MOLSON or MONTRÉAL-SAINT-JOSEPH,Freon 22,2009-04-25T00:00,1.035,µg/m³,VOC,
50134,MONTRÉAL-MOLSON or MONTRÉAL-SAINT-JOSEPH,Freon 22,2009-05-01T00:00,1.152,µg/m³,VOC,
50134,MONTRÉAL-MOLSON or MONTRÉAL-SAINT-JOSEPH,Freon 22,2009-05-07T00:00,1.015,µg/m³,VOC,
50134,MONTRÉAL-MOLSON or MONTRÉAL-SAINT-JOSEPH,Freon 22,2009-05-19T00:00,0.799,µg/m³,VOC,
50134,MONTRÉAL-MOLSON or MONTRÉAL-SAINT-JOSEPH,Freon 22,2009-05-25T00:00,0.928,µg/m³,VOC,
50134,MONTRÉAL-MOLSON or MONTRÉAL-SAINT-JOSEPH,Freon 22,2009-05-31T00:00,0.973,µg/m³,VOC,
50134,MONTRÉAL-MOLSON or MONTRÉAL-SAINT-JOSEPH,Freon 22,2009-06-06T00:00,1.158,µg/m³,VOC,
50134,MONTRÉAL-MOLSON or MONTRÉAL-SAINT-JOSEPH,Freon 22,2009-06-18T00:00,1.223,µg/m³,VOC,
50134,MONTRÉAL-MOLSON or MONTRÉAL-SAINT-JOSEPH,Freon 22,2009-06-30T00:00,1.161,µg/m³,VOC,
50134,MONTRÉAL-MOLSON or MONTRÉAL-SAINT-JOSEPH,Freon 22,2009-07-06T00:00,1.396,µg/m³,VOC,
50134,MONTRÉAL-MOLSON or MONTRÉAL-SAINT-JOSEPH,Freon 22,2009-07-12T00:00,0.919,µg/m³,VOC,
50134,MONTRÉAL-MOLSON or MONTRÉAL-SAINT-JOSEPH,Freon 22,2009-07-18T00:00,1.024,µg/m³,VOC,
50134,MONTRÉAL-MOLSON or MONTRÉAL-SAINT-JOSEPH,Freon 22,2009-07-24T00:00,2.069,µg/m³,VOC,
50134,MONTRÉAL-MOLSON or MONTRÉAL-SAINT-JOSEPH,Freon 22,2009-08-23T00:00,0.872,µg/m³,VOC,
50134,MONTRÉAL-MOLSON or MONTRÉAL-SAINT-JOSEPH,Freon 22,2009-09-04T00:00,1.517,µg/m³,VOC,
50134,MONTRÉAL-MOLSON or MONTRÉAL-SAINT-JOSEPH,Freon 22,2009-09-10T00:00,7.250,µg/m³,VOC,
50134,MONTRÉAL-MOLSON or MONTRÉAL-SAINT-JOSEPH,Freon 22,2009-09-16T00:00,0.946,µg/m³,VOC,
50134,MONTRÉAL-MOLSON or MONTRÉAL-SAINT-JOSEPH,Freon 22,2009-09-22T00:00,18.890,µg/m³,VOC,
50134,MONTRÉAL-MOLSON or MONTRÉAL-SAINT-JOSEPH,Freon 22,2009-09-28T00:00,1.875,µg/m³,VOC,
50134,MONTRÉAL-MOLSON or MONTRÉAL-SAINT-JOSEPH,Freon 22,2009-10-04T00:00,2.375,µg/m³,VOC,
50134,MONTRÉAL-MOLSON or MONTRÉAL-SAINT-JOSEPH,Freon 22,2009-10-10T00:00,7.960,µg/m³,VOC,
50134,MONTRÉAL-MOLSON or MONTRÉAL-SAINT-JOSEPH,Freon 22,2009-10-16T00:00,1.125,µg/m³,VOC,
50134,MONTRÉAL-MOLSON or MONTRÉAL-SAINT-JOSEPH,Freon 22,2009-10-22T00:00,0.997,µg/m³,VOC,
50134,MONTRÉAL-MOLSON or MONTRÉAL-SAINT-JOSEPH,Freon 22,2009-10-28T00:00,0.805,µg/m³,VOC,
50134,MONTRÉAL-MOLSON or MONTRÉAL-SAINT-JOSEPH,Freon 22,2009-11-03T00:00,0.971,µg/m³,VOC,
50134,MONTRÉAL-MOLSON or MONTRÉAL-SAINT-JOSEPH,Freon 22,2009-11-09T00:00,1.563,µg/m³,VOC,
50134,MONTRÉAL-MOLSON or MONTRÉAL-SAINT-JOSEPH,Freon 22,2009-11-15T00:00,1.321,µg/m³,VOC,
50134,MONTRÉAL-MOLSON or MONTRÉAL-SAINT-JOSEPH,Freon 22,2009-11-21T00:00,1.016,µg/m³,VOC,
50134,MONTRÉAL-MOLSON or MONTRÉAL-SAINT-JOSEPH,Freon 22,2009-11-27T00:00,0.953,µg/m³,VOC,
50134,MONTRÉAL-MOLSON or MONTRÉAL-SAINT-JOSEPH,Freon 22,2009-12-03T00:00,0.948,µg/m³,VOC,
50134,MONTRÉAL-MOLSON or MONTRÉAL-SAINT-JOSEPH,Freon 22,2009-12-15T00:00,0.933,µg/m³,VOC,
50134,MONTRÉAL-MOLSON or MONTRÉAL-SAINT-JOSEPH,Freon 22,2009-12-21T00:00,0.931,µg/m³,VOC,
50134,MONTRÉAL-MOLSON or MONTRÉAL-SAINT-JOSEPH,Freon 22,2009-12-27T00:00,1.146,µg/m³,VOC,
