﻿NAPS_Site_ID,Station_Name,Pollutant,Date,Value,Units,Report_Type,Method
10102,WATER STREET POST OFFICE,Butane,2018-02-07T00:00,1.342,µg/m³,VOC,GC-MS
10102,WATER STREET POST OFFICE,Butane,2018-02-13T00:00,1.891,µg/m³,VOC,GC-MS
10102,WATER STREET POST OFFICE,Butane,2018-02-19T00:00,2.141,µg/m³,VOC,GC-MS
10102,WATER STREET POST OFFICE,Butane,2018-02-25T00:00,1.485,µg/m³,VOC,GC-MS
10102,WATER STREET POST OFFICE,Butane,2018-03-03T00:00,1.667,µg/m³,VOC,GC-MS
10102,WATER STREET POST OFFICE,Butane,2018-03-09T00:00,1.054,µg/m³,VOC,GC-MS
10102,WATER STREET POST OFFICE,Butane,2018-03-15T00:00,16.700,µg/m³,VOC,GC-MS
10102,WATER STREET POST OFFICE,Butane,2018-03-21T00:00,1.350,µg/m³,VOC,GC-MS
10102,WATER STREET POST OFFICE,Butane,2018-03-27T00:00,1.400,µg/m³,VOC,GC-MS
10102,WATER STREET POST OFFICE,Butane,2018-04-02T00:00,1.414,µg/m³,VOC,GC-MS
10102,WATER STREET POST OFFICE,Butane,2018-04-08T00:00,0.835,µg/m³,VOC,GC-MS
10102,WATER STREET POST OFFICE,Butane,2018-04-14T00:00,0.632,µg/m³,VOC,GC-MS
10102,WATER STREET POST OFFICE,Butane,2018-04-20T00:00,1.181,µg/m³,VOC,GC-MS
10102,WATER STREET POST OFFICE,Butane,2018-04-26T00:00,1.297,µg/m³,VOC,GC-MS
10102,WATER STREET POST OFFICE,Butane,2018-05-02T00:00,0.607,µg/m³,VOC,GC-MS
10102,WATER STREET POST OFFICE,Butane,2018-05-08T00:00,0.652,µg/m³,VOC,GC-MS
10102,WATER STREET POST OFFICE,Butane,2018-05-14T00:00,2.791,µg/m³,VOC,GC-MS
10102,WATER STREET POST OFFICE,Butane,2018-06-01T00:00,1.174,µg/m³,VOC,GC-MS
10102,WATER STREET POST OFFICE,Butane,2018-06-07T00:00,0.793,µg/m³,VOC,GC-MS
10102,WATER STREET POST OFFICE,Butane,2018-06-13T00:00,1.449,µg/m³,VOC,GC-MS
10102,WATER STREET POST OFFICE,Butane,2018-06-19T00:00,0.383,µg/m³,VOC,GC-MS
10102,WATER STREET POST OFFICE,Butane,2018-06-25T00:00,0.889,µg/m³,VOC,GC-MS
10102,WATER STREET POST OFFICE,Butane,2018-07-01T00:00,0.635,µg/m³,VOC,GC-MS
10102,WATER STREET POST OFFICE,Butane,2018-07-07T00:00,0.419,µg/m³,VOC,GC-MS
10102,WATER STREET POST OFFICE,Butane,2018-07-13T00:00,0.635,µg/m³,VOC,GC-MS
10102,WATER STREET POST OFFICE,Butane,2018-07-19T00:00,0.543,µg/m³,VOC,GC-MS
10102,WATER STREET POST OFFICE,Butane,2018-07-25T00:00,0.699,µg/m³,VOC,GC-MS
10102,WATER STREET POST OFFICE,Butane,2018-07-31T00:00,1.500,µg/m³,VOC,GC-MS
10102,WATER STREET POST OFFICE,Butane,2018-08-18T00:00,0.743,µg/m³,VOC,GC-MS
10102,WATER STREET POST OFFICE,Butane,2018-08-24T00:00,1.773,µg/m³,VOC,GC-MS
10102,WATER STREET POST OFFICE,Butane,2018-09-05T00:00,0.794,µg/m³,VOC,GC-MS
10102,WATER STREET POST OFFICE,Butane,2018-09-11T00:00,5.996,µg/m³,VOC,GC-MS
10102,WATER STREET POST OFFICE,Butane,2018-10-23T00:00,1.283,µg/m³,VOC,GC-MS
10102,WATER STREET POST OFFICE,Butane,2018-10-29T00:00,4.480,µg/m³,VOC,GC-MS
10102,WATER STREET POST OFFICE,Butane,2018-11-04T00:00,0.888,µg/m³,VOC,GC-MS
10102,WATER STREET POST OFFICE,Butane,2018-11-10T00:00,8.378,µg/m³,VOC,GC-MS
10102,WATER STREET POST OFFICE,Butane,2018-11-16T00:00,1.909,µg/m³,VOC,GC-MS
10102,WATER STREET POST OFFICE,Butane,2018-11-22T00:00,1.509,µg/m³,VOC,GC-MS
10102,WATER STREET POST OFFICE,Butane,2018-11-28T00:00,1.041,µg/m³,VOC,GC-MS
10102,WATER STREET POST OFFICE,Butane,2018-12-04T00:00,1.658,µg/m³,VOC,GC-MS
10102,WATER STREET POST OFFICE,Butane,2018-12-10T00:00,1.669,µg/m³,VOC,GC-MS
10102,WATER STREET POST OFFICE,Butane,2018-12-16T00:00,1.664,µg/m³,VOC,GC-MS
10102,WATER STREET POST OFFICE,Butane,2018-12-22T00:00,9.290,µg/m³,VOC,GC-MS
