﻿NAPS_Site_ID,Station_Name,Pollutant,Date,Value,Units,Report_Type,Method
54501,L'ASSOMPTION,1-Butene/Isobutene,2010-01-02T00:00,0.117,µg/m³,VOC,N/A
54501,L'ASSOMPTION,1-Butene/Isobutene,2010-01-05T00:00,0.215,µg/m³,VOC,N/A
54501,L'ASSOMPTION,1-Butene/Isobutene,2010-01-08T00:00,0.069,µg/m³,VOC,N/A
54501,L'ASSOMPTION,1-Butene/Isobutene,2010-01-11T00:00,0.221,µg/m³,VOC,N/A
54501,L'ASSOMPTION,1-Butene/Isobutene,2010-01-17T00:00,0.192,µg/m³,VOC,N/A
54501,L'ASSOMPTION,1-Butene/Isobutene,2010-01-20T00:00,0.098,µg/m³,VOC,N/A
54501,L'ASSOMPTION,1-Butene/Isobutene,2010-01-23T00:00,0.334,µg/m³,VOC,N/A
54501,L'ASSOMPTION,1-Butene/Isobutene,2010-01-26T00:00,0.124,µg/m³,VOC,N/A
54501,L'ASSOMPTION,1-Butene/Isobutene,2010-01-29T00:00,0.138,µg/m³,VOC,N/A
54501,L'ASSOMPTION,1-Butene/Isobutene,2010-02-01T00:00,0.089,µg/m³,VOC,N/A
54501,L'ASSOMPTION,1-Butene/Isobutene,2010-02-04T00:00,0.158,µg/m³,VOC,N/A
54501,L'ASSOMPTION,1-Butene/Isobutene,2010-02-07T00:00,0.106,µg/m³,VOC,N/A
54501,L'ASSOMPTION,1-Butene/Isobutene,2010-02-10T00:00,0.170,µg/m³,VOC,N/A
54501,L'ASSOMPTION,1-Butene/Isobutene,2010-02-13T00:00,0.121,µg/m³,VOC,N/A
54501,L'ASSOMPTION,1-Butene/Isobutene,2010-02-16T00:00,0.187,µg/m³,VOC,N/A
54501,L'ASSOMPTION,1-Butene/Isobutene,2010-02-19T00:00,0.115,µg/m³,VOC,N/A
54501,L'ASSOMPTION,1-Butene/Isobutene,2010-02-22T00:00,0.253,µg/m³,VOC,N/A
54501,L'ASSOMPTION,1-Butene/Isobutene,2010-02-25T00:00,0.318,µg/m³,VOC,N/A
54501,L'ASSOMPTION,1-Butene/Isobutene,2010-02-28T00:00,0.139,µg/m³,VOC,N/A
54501,L'ASSOMPTION,1-Butene/Isobutene,2010-03-03T00:00,0.091,µg/m³,VOC,N/A
54501,L'ASSOMPTION,1-Butene/Isobutene,2010-03-06T00:00,0.173,µg/m³,VOC,N/A
54501,L'ASSOMPTION,1-Butene/Isobutene,2010-03-09T00:00,0.140,µg/m³,VOC,N/A
54501,L'ASSOMPTION,1-Butene/Isobutene,2010-03-12T00:00,0.179,µg/m³,VOC,N/A
54501,L'ASSOMPTION,1-Butene/Isobutene,2010-03-15T00:00,0.112,µg/m³,VOC,N/A
54501,L'ASSOMPTION,1-Butene/Isobutene,2010-03-18T00:00,0.170,µg/m³,VOC,N/A
54501,L'ASSOMPTION,1-Butene/Isobutene,2010-03-21T00:00,0.160,µg/m³,VOC,N/A
54501,L'ASSOMPTION,1-Butene/Isobutene,2010-03-24T00:00,0.127,µg/m³,VOC,N/A
54501,L'ASSOMPTION,1-Butene/Isobutene,2010-03-27T00:00,0.242,µg/m³,VOC,N/A
54501,L'ASSOMPTION,1-Butene/Isobutene,2010-04-02T00:00,0.129,µg/m³,VOC,N/A
54501,L'ASSOMPTION,1-Butene/Isobutene,2010-04-05T00:00,0.269,µg/m³,VOC,N/A
54501,L'ASSOMPTION,1-Butene/Isobutene,2010-04-08T00:00,0.160,µg/m³,VOC,N/A
54501,L'ASSOMPTION,1-Butene/Isobutene,2010-04-11T00:00,0.165,µg/m³,VOC,N/A
54501,L'ASSOMPTION,1-Butene/Isobutene,2010-04-14T00:00,0.074,µg/m³,VOC,N/A
54501,L'ASSOMPTION,1-Butene/Isobutene,2010-04-17T00:00,0.150,µg/m³,VOC,N/A
54501,L'ASSOMPTION,1-Butene/Isobutene,2010-04-20T00:00,0.076,µg/m³,VOC,N/A
54501,L'ASSOMPTION,1-Butene/Isobutene,2010-04-23T00:00,0.129,µg/m³,VOC,N/A
54501,L'ASSOMPTION,1-Butene/Isobutene,2010-04-29T00:00,0.065,µg/m³,VOC,N/A
54501,L'ASSOMPTION,1-Butene/Isobutene,2010-05-02T00:00,0.250,µg/m³,VOC,N/A
54501,L'ASSOMPTION,1-Butene/Isobutene,2010-05-05T00:00,0.209,µg/m³,VOC,N/A
54501,L'ASSOMPTION,1-Butene/Isobutene,2010-05-08T00:00,0.224,µg/m³,VOC,N/A
54501,L'ASSOMPTION,1-Butene/Isobutene,2010-05-11T00:00,0.199,µg/m³,VOC,N/A
54501,L'ASSOMPTION,1-Butene/Isobutene,2010-05-14T00:00,0.158,µg/m³,VOC,N/A
54501,L'ASSOMPTION,1-Butene/Isobutene,2010-05-17T00:00,0.262,µg/m³,VOC,N/A
54501,L'ASSOMPTION,1-Butene/Isobutene,2010-05-20T00:00,0.083,µg/m³,VOC,N/A
54501,L'ASSOMPTION,1-Butene/Isobutene,2010-05-23T00:00,0.286,µg/m³,VOC,N/A
54501,L'ASSOMPTION,1-Butene/Isobutene,2010-05-26T00:00,0.126,µg/m³,VOC,N/A
54501,L'ASSOMPTION,1-Butene/Isobutene,2010-05-29T00:00,0.375,µg/m³,VOC,N/A
54501,L'ASSOMPTION,1-Butene/Isobutene,2010-06-01T00:00,0.088,µg/m³,VOC,N/A
54501,L'ASSOMPTION,1-Butene/Isobutene,2010-06-04T00:00,0.192,µg/m³,VOC,N/A
54501,L'ASSOMPTION,1-Butene/Isobutene,2010-06-07T00:00,0.069,µg/m³,VOC,N/A
54501,L'ASSOMPTION,1-Butene/Isobutene,2010-06-10T00:00,0.159,µg/m³,VOC,N/A
54501,L'ASSOMPTION,1-Butene/Isobutene,2010-06-13T00:00,0.058,µg/m³,VOC,N/A
54501,L'ASSOMPTION,1-Butene/Isobutene,2010-06-16T00:00,0.162,µg/m³,VOC,N/A
54501,L'ASSOMPTION,1-Butene/Isobutene,2010-06-19T00:00,0.126,µg/m³,VOC,N/A
54501,L'ASSOMPTION,1-Butene/Isobutene,2010-06-22T00:00,0.140,µg/m³,VOC,N/A
54501,L'ASSOMPTION,1-Butene/Isobutene,2010-06-25T00:00,0.101,µg/m³,VOC,N/A
54501,L'ASSOMPTION,1-Butene/Isobutene,2010-06-28T00:00,0.493,µg/m³,VOC,N/A
54501,L'ASSOMPTION,1-Butene/Isobutene,2010-07-01T00:00,0.209,µg/m³,VOC,N/A
54501,L'ASSOMPTION,1-Butene/Isobutene,2010-07-04T00:00,0.187,µg/m³,VOC,N/A
54501,L'ASSOMPTION,1-Butene/Isobutene,2010-07-07T00:00,0.091,µg/m³,VOC,N/A
54501,L'ASSOMPTION,1-Butene/Isobutene,2010-07-10T00:00,0.182,µg/m³,VOC,N/A
54501,L'ASSOMPTION,1-Butene/Isobutene,2010-07-13T00:00,0.131,µg/m³,VOC,N/A
54501,L'ASSOMPTION,1-Butene/Isobutene,2010-07-16T00:00,0.184,µg/m³,VOC,N/A
54501,L'ASSOMPTION,1-Butene/Isobutene,2010-07-19T00:00,0.117,µg/m³,VOC,N/A
54501,L'ASSOMPTION,1-Butene/Isobutene,2010-07-22T00:00,0.175,µg/m³,VOC,N/A
54501,L'ASSOMPTION,1-Butene/Isobutene,2010-07-25T00:00,0.092,µg/m³,VOC,N/A
54501,L'ASSOMPTION,1-Butene/Isobutene,2010-07-28T00:00,0.194,µg/m³,VOC,N/A
54501,L'ASSOMPTION,1-Butene/Isobutene,2010-07-31T00:00,0.082,µg/m³,VOC,N/A
54501,L'ASSOMPTION,1-Butene/Isobutene,2010-08-03T00:00,0.250,µg/m³,VOC,N/A
54501,L'ASSOMPTION,1-Butene/Isobutene,2010-08-06T00:00,0.125,µg/m³,VOC,N/A
54501,L'ASSOMPTION,1-Butene/Isobutene,2010-08-09T00:00,0.189,µg/m³,VOC,N/A
54501,L'ASSOMPTION,1-Butene/Isobutene,2010-08-12T00:00,0.135,µg/m³,VOC,N/A
54501,L'ASSOMPTION,1-Butene/Isobutene,2010-08-15T00:00,0.171,µg/m³,VOC,N/A
54501,L'ASSOMPTION,1-Butene/Isobutene,2010-08-18T00:00,0.155,µg/m³,VOC,N/A
54501,L'ASSOMPTION,1-Butene/Isobutene,2010-08-21T00:00,0.282,µg/m³,VOC,N/A
54501,L'ASSOMPTION,1-Butene/Isobutene,2010-08-24T00:00,0.074,µg/m³,VOC,N/A
54501,L'ASSOMPTION,1-Butene/Isobutene,2010-08-27T00:00,0.178,µg/m³,VOC,N/A
54501,L'ASSOMPTION,1-Butene/Isobutene,2010-08-30T00:00,0.085,µg/m³,VOC,N/A
54501,L'ASSOMPTION,1-Butene/Isobutene,2010-09-02T00:00,0.134,µg/m³,VOC,N/A
54501,L'ASSOMPTION,1-Butene/Isobutene,2010-09-05T00:00,0.047,µg/m³,VOC,N/A
54501,L'ASSOMPTION,1-Butene/Isobutene,2010-09-08T00:00,0.127,µg/m³,VOC,N/A
54501,L'ASSOMPTION,1-Butene/Isobutene,2010-09-11T00:00,0.068,µg/m³,VOC,N/A
54501,L'ASSOMPTION,1-Butene/Isobutene,2010-09-14T00:00,0.092,µg/m³,VOC,N/A
54501,L'ASSOMPTION,1-Butene/Isobutene,2010-09-17T00:00,0.049,µg/m³,VOC,N/A
54501,L'ASSOMPTION,1-Butene/Isobutene,2010-09-20T00:00,0.153,µg/m³,VOC,N/A
54501,L'ASSOMPTION,1-Butene/Isobutene,2010-09-23T00:00,0.408,µg/m³,VOC,N/A
54501,L'ASSOMPTION,1-Butene/Isobutene,2010-09-26T00:00,0.092,µg/m³,VOC,N/A
54501,L'ASSOMPTION,1-Butene/Isobutene,2010-09-29T00:00,0.066,µg/m³,VOC,N/A
54501,L'ASSOMPTION,1-Butene/Isobutene,2010-10-02T00:00,0.105,µg/m³,VOC,N/A
54501,L'ASSOMPTION,1-Butene/Isobutene,2010-10-05T00:00,0.080,µg/m³,VOC,N/A
54501,L'ASSOMPTION,1-Butene/Isobutene,2010-10-08T00:00,0.123,µg/m³,VOC,N/A
54501,L'ASSOMPTION,1-Butene/Isobutene,2010-10-11T00:00,0.070,µg/m³,VOC,N/A
54501,L'ASSOMPTION,1-Butene/Isobutene,2010-10-14T00:00,0.165,µg/m³,VOC,N/A
54501,L'ASSOMPTION,1-Butene/Isobutene,2010-10-17T00:00,0.058,µg/m³,VOC,N/A
54501,L'ASSOMPTION,1-Butene/Isobutene,2010-10-20T00:00,0.159,µg/m³,VOC,N/A
54501,L'ASSOMPTION,1-Butene/Isobutene,2010-10-23T00:00,0.085,µg/m³,VOC,N/A
54501,L'ASSOMPTION,1-Butene/Isobutene,2010-10-26T00:00,0.154,µg/m³,VOC,N/A
54501,L'ASSOMPTION,1-Butene/Isobutene,2010-10-29T00:00,0.071,µg/m³,VOC,N/A
54501,L'ASSOMPTION,1-Butene/Isobutene,2010-11-01T00:00,0.201,µg/m³,VOC,N/A
54501,L'ASSOMPTION,1-Butene/Isobutene,2010-11-04T00:00,0.203,µg/m³,VOC,N/A
54501,L'ASSOMPTION,1-Butene/Isobutene,2010-11-07T00:00,0.095,µg/m³,VOC,N/A
54501,L'ASSOMPTION,1-Butene/Isobutene,2010-11-10T00:00,0.081,µg/m³,VOC,N/A
54501,L'ASSOMPTION,1-Butene/Isobutene,2010-11-13T00:00,0.495,µg/m³,VOC,N/A
54501,L'ASSOMPTION,1-Butene/Isobutene,2010-11-16T00:00,0.649,µg/m³,VOC,N/A
54501,L'ASSOMPTION,1-Butene/Isobutene,2010-11-19T00:00,0.167,µg/m³,VOC,N/A
54501,L'ASSOMPTION,1-Butene/Isobutene,2010-11-22T00:00,0.415,µg/m³,VOC,N/A
54501,L'ASSOMPTION,1-Butene/Isobutene,2010-11-25T00:00,0.260,µg/m³,VOC,N/A
54501,L'ASSOMPTION,1-Butene/Isobutene,2010-11-28T00:00,0.102,µg/m³,VOC,N/A
54501,L'ASSOMPTION,1-Butene/Isobutene,2010-12-01T00:00,0.191,µg/m³,VOC,N/A
54501,L'ASSOMPTION,1-Butene/Isobutene,2010-12-04T00:00,0.083,µg/m³,VOC,N/A
54501,L'ASSOMPTION,1-Butene/Isobutene,2010-12-07T00:00,0.122,µg/m³,VOC,N/A
54501,L'ASSOMPTION,1-Butene/Isobutene,2010-12-10T00:00,0.168,µg/m³,VOC,N/A
54501,L'ASSOMPTION,1-Butene/Isobutene,2010-12-13T00:00,0.229,µg/m³,VOC,N/A
54501,L'ASSOMPTION,1-Butene/Isobutene,2010-12-16T00:00,0.268,µg/m³,VOC,N/A
54501,L'ASSOMPTION,1-Butene/Isobutene,2010-12-19T00:00,0.159,µg/m³,VOC,N/A
54501,L'ASSOMPTION,1-Butene/Isobutene,2010-12-22T00:00,0.078,µg/m³,VOC,N/A
54501,L'ASSOMPTION,1-Butene/Isobutene,2010-12-25T00:00,0.174,µg/m³,VOC,N/A
54501,L'ASSOMPTION,1-Butene/Isobutene,2010-12-28T00:00,0.145,µg/m³,VOC,N/A
54501,L'ASSOMPTION,1-Butene/Isobutene,2010-12-31T00:00,0.304,µg/m³,VOC,N/A
