﻿NAPS_Site_ID,Station_Name,Pollutant,Date,Value,Units,Report_Type,Method
50104,ONTARIO,Fluoride,2008-01-01T00:00,0.005,µg/m³,IC,IC
50104,ONTARIO,Fluoride,2008-01-04T00:00,0.002,µg/m³,IC,IC
50104,ONTARIO,Fluoride,2008-01-07T00:00,0.000,µg/m³,IC,IC
50104,ONTARIO,Fluoride,2008-01-19T00:00,0.008,µg/m³,IC,IC
50104,ONTARIO,Fluoride,2008-01-22T00:00,0.010,µg/m³,IC,IC
50104,ONTARIO,Fluoride,2008-01-25T00:00,0.006,µg/m³,IC,IC
50104,ONTARIO,Fluoride,2008-01-28T00:00,0.013,µg/m³,IC,IC
50104,ONTARIO,Fluoride,2008-01-31T00:00,0.004,µg/m³,IC,IC
50104,ONTARIO,Fluoride,2008-02-03T00:00,0.008,µg/m³,IC,IC
50104,ONTARIO,Fluoride,2008-02-06T00:00,0.007,µg/m³,IC,IC
50104,ONTARIO,Fluoride,2008-02-09T00:00,0.000,µg/m³,IC,IC
50104,ONTARIO,Fluoride,2008-02-12T00:00,0.010,µg/m³,IC,IC
50104,ONTARIO,Fluoride,2008-02-15T00:00,0.000,µg/m³,IC,IC
50104,ONTARIO,Fluoride,2008-02-18T00:00,0.000,µg/m³,IC,IC
50104,ONTARIO,Fluoride,2008-02-24T00:00,0.001,µg/m³,IC,IC
50104,ONTARIO,Fluoride,2008-02-27T00:00,0.002,µg/m³,IC,IC
50104,ONTARIO,Fluoride,2008-03-01T00:00,0.001,µg/m³,IC,IC
50104,ONTARIO,Fluoride,2008-03-04T00:00,0.001,µg/m³,IC,IC
