﻿NAPS_Site_ID,Station_Name,Pollutant,Date,Value,Units,Report_Type,Method
100118,KITSILANO,Silicon,1999-01-06T00:00,0.076,µg/m³,DICHOT,EDXRF
100118,KITSILANO,Silicon,1999-01-06T00:00,0.413,µg/m³,DICHOT,EDXRF
100118,KITSILANO,Silicon,1999-01-12T00:00,0.063,µg/m³,DICHOT,EDXRF
100118,KITSILANO,Silicon,1999-01-12T00:00,0.187,µg/m³,DICHOT,EDXRF
100118,KITSILANO,Silicon,1999-01-18T00:00,0.002,µg/m³,DICHOT,EDXRF
100118,KITSILANO,Silicon,1999-01-18T00:00,0.032,µg/m³,DICHOT,EDXRF
100118,KITSILANO,Silicon,1999-01-24T00:00,0.015,µg/m³,DICHOT,EDXRF
100118,KITSILANO,Silicon,1999-01-24T00:00,0.707,µg/m³,DICHOT,EDXRF
100118,KITSILANO,Silicon,1999-01-30T00:00,0.124,µg/m³,DICHOT,EDXRF
100118,KITSILANO,Silicon,1999-01-30T00:00,0.127,µg/m³,DICHOT,EDXRF
100118,KITSILANO,Silicon,1999-02-05T00:00,0.000,µg/m³,DICHOT,EDXRF
100118,KITSILANO,Silicon,1999-02-05T00:00,0.228,µg/m³,DICHOT,EDXRF
100118,KITSILANO,Silicon,1999-02-17T00:00,0.033,µg/m³,DICHOT,EDXRF
100118,KITSILANO,Silicon,1999-02-17T00:00,0.296,µg/m³,DICHOT,EDXRF
100118,KITSILANO,Silicon,1999-02-23T00:00,0.018,µg/m³,DICHOT,EDXRF
100118,KITSILANO,Silicon,1999-02-23T00:00,0.525,µg/m³,DICHOT,EDXRF
100118,KITSILANO,Silicon,1999-03-01T00:00,0.000,µg/m³,DICHOT,EDXRF
100118,KITSILANO,Silicon,1999-03-01T00:00,0.318,µg/m³,DICHOT,EDXRF
100118,KITSILANO,Silicon,1999-03-13T00:00,0.051,µg/m³,DICHOT,EDXRF
100118,KITSILANO,Silicon,1999-03-13T00:00,0.286,µg/m³,DICHOT,EDXRF
100118,KITSILANO,Silicon,1999-03-19T00:00,0.157,µg/m³,DICHOT,EDXRF
100118,KITSILANO,Silicon,1999-03-19T00:00,0.823,µg/m³,DICHOT,EDXRF
100118,KITSILANO,Silicon,1999-03-25T00:00,0.059,µg/m³,DICHOT,EDXRF
100118,KITSILANO,Silicon,1999-03-25T00:00,0.626,µg/m³,DICHOT,EDXRF
100118,KITSILANO,Silicon,1999-03-31T00:00,0.086,µg/m³,DICHOT,EDXRF
100118,KITSILANO,Silicon,1999-03-31T00:00,0.391,µg/m³,DICHOT,EDXRF
100118,KITSILANO,Silicon,1999-04-06T00:00,0.078,µg/m³,DICHOT,EDXRF
100118,KITSILANO,Silicon,1999-04-06T00:00,0.816,µg/m³,DICHOT,EDXRF
100118,KITSILANO,Silicon,1999-04-12T00:00,0.121,µg/m³,DICHOT,EDXRF
100118,KITSILANO,Silicon,1999-04-12T00:00,0.401,µg/m³,DICHOT,EDXRF
100118,KITSILANO,Silicon,1999-04-18T00:00,0.128,µg/m³,DICHOT,EDXRF
100118,KITSILANO,Silicon,1999-04-18T00:00,0.886,µg/m³,DICHOT,EDXRF
100118,KITSILANO,Silicon,1999-04-24T00:00,0.082,µg/m³,DICHOT,EDXRF
100118,KITSILANO,Silicon,1999-04-24T00:00,1.066,µg/m³,DICHOT,EDXRF
100118,KITSILANO,Silicon,1999-04-30T00:00,0.209,µg/m³,DICHOT,EDXRF
100118,KITSILANO,Silicon,1999-04-30T00:00,1.205,µg/m³,DICHOT,EDXRF
100118,KITSILANO,Silicon,1999-05-06T00:00,0.147,µg/m³,DICHOT,EDXRF
100118,KITSILANO,Silicon,1999-05-06T00:00,0.503,µg/m³,DICHOT,EDXRF
100118,KITSILANO,Silicon,1999-05-12T00:00,0.078,µg/m³,DICHOT,EDXRF
100118,KITSILANO,Silicon,1999-05-12T00:00,0.362,µg/m³,DICHOT,EDXRF
100118,KITSILANO,Silicon,1999-05-18T00:00,0.111,µg/m³,DICHOT,EDXRF
100118,KITSILANO,Silicon,1999-05-18T00:00,0.267,µg/m³,DICHOT,EDXRF
100118,KITSILANO,Silicon,1999-05-24T00:00,0.112,µg/m³,DICHOT,EDXRF
100118,KITSILANO,Silicon,1999-05-24T00:00,0.950,µg/m³,DICHOT,EDXRF
100118,KITSILANO,Silicon,1999-05-30T00:00,0.059,µg/m³,DICHOT,EDXRF
100118,KITSILANO,Silicon,1999-05-30T00:00,0.702,µg/m³,DICHOT,EDXRF
100118,KITSILANO,Silicon,1999-06-05T00:00,0.035,µg/m³,DICHOT,EDXRF
100118,KITSILANO,Silicon,1999-06-05T00:00,0.106,µg/m³,DICHOT,EDXRF
100118,KITSILANO,Silicon,1999-06-11T00:00,0.211,µg/m³,DICHOT,EDXRF
100118,KITSILANO,Silicon,1999-06-11T00:00,0.826,µg/m³,DICHOT,EDXRF
100118,KITSILANO,Silicon,1999-06-17T00:00,0.107,µg/m³,DICHOT,EDXRF
100118,KITSILANO,Silicon,1999-06-17T00:00,1.692,µg/m³,DICHOT,EDXRF
100118,KITSILANO,Silicon,1999-06-23T00:00,0.127,µg/m³,DICHOT,EDXRF
100118,KITSILANO,Silicon,1999-06-23T00:00,0.372,µg/m³,DICHOT,EDXRF
100118,KITSILANO,Silicon,1999-06-29T00:00,0.135,µg/m³,DICHOT,EDXRF
100118,KITSILANO,Silicon,1999-06-29T00:00,1.144,µg/m³,DICHOT,EDXRF
100118,KITSILANO,Silicon,1999-07-05T00:00,0.064,µg/m³,DICHOT,EDXRF
100118,KITSILANO,Silicon,1999-07-05T00:00,0.376,µg/m³,DICHOT,EDXRF
100118,KITSILANO,Silicon,1999-07-11T00:00,0.088,µg/m³,DICHOT,EDXRF
100118,KITSILANO,Silicon,1999-07-11T00:00,0.877,µg/m³,DICHOT,EDXRF
100118,KITSILANO,Silicon,1999-07-17T00:00,0.144,µg/m³,DICHOT,EDXRF
100118,KITSILANO,Silicon,1999-07-17T00:00,0.566,µg/m³,DICHOT,EDXRF
100118,KITSILANO,Silicon,1999-07-23T00:00,0.092,µg/m³,DICHOT,EDXRF
100118,KITSILANO,Silicon,1999-07-23T00:00,1.056,µg/m³,DICHOT,EDXRF
100118,KITSILANO,Silicon,1999-07-29T00:00,0.059,µg/m³,DICHOT,EDXRF
100118,KITSILANO,Silicon,1999-07-29T00:00,0.311,µg/m³,DICHOT,EDXRF
100118,KITSILANO,Silicon,1999-08-04T00:00,0.085,µg/m³,DICHOT,EDXRF
100118,KITSILANO,Silicon,1999-08-04T00:00,1.073,µg/m³,DICHOT,EDXRF
100118,KITSILANO,Silicon,1999-08-10T00:00,0.108,µg/m³,DICHOT,EDXRF
100118,KITSILANO,Silicon,1999-08-10T00:00,0.998,µg/m³,DICHOT,EDXRF
100118,KITSILANO,Silicon,1999-08-16T00:00,0.081,µg/m³,DICHOT,EDXRF
100118,KITSILANO,Silicon,1999-08-16T00:00,0.643,µg/m³,DICHOT,EDXRF
100118,KITSILANO,Silicon,1999-08-28T00:00,0.046,µg/m³,DICHOT,EDXRF
100118,KITSILANO,Silicon,1999-08-28T00:00,0.947,µg/m³,DICHOT,EDXRF
100118,KITSILANO,Silicon,1999-09-03T00:00,0.068,µg/m³,DICHOT,EDXRF
100118,KITSILANO,Silicon,1999-09-03T00:00,0.699,µg/m³,DICHOT,EDXRF
100118,KITSILANO,Silicon,1999-09-09T00:00,0.042,µg/m³,DICHOT,EDXRF
100118,KITSILANO,Silicon,1999-09-09T00:00,0.456,µg/m³,DICHOT,EDXRF
100118,KITSILANO,Silicon,1999-09-15T00:00,0.053,µg/m³,DICHOT,EDXRF
100118,KITSILANO,Silicon,1999-09-15T00:00,0.818,µg/m³,DICHOT,EDXRF
100118,KITSILANO,Silicon,1999-09-21T00:00,0.089,µg/m³,DICHOT,EDXRF
100118,KITSILANO,Silicon,1999-09-21T00:00,1.819,µg/m³,DICHOT,EDXRF
100118,KITSILANO,Silicon,1999-09-27T00:00,0.077,µg/m³,DICHOT,EDXRF
100118,KITSILANO,Silicon,1999-09-27T00:00,0.644,µg/m³,DICHOT,EDXRF
100118,KITSILANO,Silicon,1999-10-03T00:00,0.067,µg/m³,DICHOT,EDXRF
100118,KITSILANO,Silicon,1999-10-03T00:00,0.359,µg/m³,DICHOT,EDXRF
100118,KITSILANO,Silicon,1999-10-09T00:00,0.068,µg/m³,DICHOT,EDXRF
100118,KITSILANO,Silicon,1999-10-09T00:00,0.258,µg/m³,DICHOT,EDXRF
100118,KITSILANO,Silicon,1999-10-15T00:00,0.089,µg/m³,DICHOT,EDXRF
100118,KITSILANO,Silicon,1999-10-15T00:00,0.530,µg/m³,DICHOT,EDXRF
100118,KITSILANO,Silicon,1999-10-21T00:00,0.108,µg/m³,DICHOT,EDXRF
100118,KITSILANO,Silicon,1999-10-21T00:00,0.746,µg/m³,DICHOT,EDXRF
100118,KITSILANO,Silicon,1999-10-27T00:00,0.096,µg/m³,DICHOT,EDXRF
100118,KITSILANO,Silicon,1999-10-27T00:00,0.598,µg/m³,DICHOT,EDXRF
100118,KITSILANO,Silicon,1999-11-02T00:00,0.148,µg/m³,DICHOT,EDXRF
100118,KITSILANO,Silicon,1999-11-02T00:00,1.515,µg/m³,DICHOT,EDXRF
100118,KITSILANO,Silicon,1999-11-08T00:00,0.000,µg/m³,DICHOT,EDXRF
100118,KITSILANO,Silicon,1999-11-08T00:00,0.223,µg/m³,DICHOT,EDXRF
100118,KITSILANO,Silicon,1999-11-14T00:00,0.009,µg/m³,DICHOT,EDXRF
100118,KITSILANO,Silicon,1999-11-14T00:00,0.020,µg/m³,DICHOT,EDXRF
100118,KITSILANO,Silicon,1999-11-20T00:00,0.000,µg/m³,DICHOT,EDXRF
100118,KITSILANO,Silicon,1999-11-20T00:00,0.046,µg/m³,DICHOT,EDXRF
100118,KITSILANO,Silicon,1999-11-26T00:00,0.000,µg/m³,DICHOT,EDXRF
100118,KITSILANO,Silicon,1999-11-26T00:00,0.219,µg/m³,DICHOT,EDXRF
100118,KITSILANO,Silicon,1999-12-02T00:00,0.000,µg/m³,DICHOT,EDXRF
100118,KITSILANO,Silicon,1999-12-02T00:00,0.224,µg/m³,DICHOT,EDXRF
100118,KITSILANO,Silicon,1999-12-08T00:00,0.000,µg/m³,DICHOT,EDXRF
100118,KITSILANO,Silicon,1999-12-08T00:00,0.265,µg/m³,DICHOT,EDXRF
100118,KITSILANO,Silicon,1999-12-14T00:00,0.000,µg/m³,DICHOT,EDXRF
100118,KITSILANO,Silicon,1999-12-14T00:00,0.091,µg/m³,DICHOT,EDXRF
100118,KITSILANO,Silicon,1999-12-20T00:00,0.078,µg/m³,DICHOT,EDXRF
100118,KITSILANO,Silicon,1999-12-20T00:00,0.090,µg/m³,DICHOT,EDXRF
100118,KITSILANO,Silicon,1999-12-26T00:00,0.000,µg/m³,DICHOT,EDXRF
100118,KITSILANO,Silicon,1999-12-26T00:00,0.202,µg/m³,DICHOT,EDXRF
