﻿NAPS_Site_ID,Station_Name,Pollutant,Date,Value,Units,Report_Type,Method
64401,EGBERT,Freon 113,2007-01-12T00:00,0.583,µg/m³,VOC,N/A
64401,EGBERT,Freon 113,2007-01-15T00:00,0.586,µg/m³,VOC,N/A
64401,EGBERT,Freon 113,2007-01-18T00:00,0.590,µg/m³,VOC,N/A
64401,EGBERT,Freon 113,2007-01-21T00:00,0.595,µg/m³,VOC,N/A
64401,EGBERT,Freon 113,2007-01-24T00:00,0.604,µg/m³,VOC,N/A
64401,EGBERT,Freon 113,2007-01-30T00:00,0.628,µg/m³,VOC,N/A
64401,EGBERT,Freon 113,2007-02-02T00:00,0.647,µg/m³,VOC,N/A
64401,EGBERT,Freon 113,2007-02-05T00:00,0.624,µg/m³,VOC,N/A
64401,EGBERT,Freon 113,2007-02-08T00:00,0.620,µg/m³,VOC,N/A
64401,EGBERT,Freon 113,2007-02-11T00:00,0.619,µg/m³,VOC,N/A
64401,EGBERT,Freon 113,2007-02-14T00:00,0.620,µg/m³,VOC,N/A
64401,EGBERT,Freon 113,2007-02-17T00:00,0.675,µg/m³,VOC,N/A
64401,EGBERT,Freon 113,2007-02-20T00:00,0.646,µg/m³,VOC,N/A
64401,EGBERT,Freon 113,2007-02-23T00:00,0.673,µg/m³,VOC,N/A
64401,EGBERT,Freon 113,2007-02-26T00:00,0.649,µg/m³,VOC,N/A
64401,EGBERT,Freon 113,2007-03-01T00:00,0.667,µg/m³,VOC,N/A
64401,EGBERT,Freon 113,2007-03-04T00:00,0.670,µg/m³,VOC,N/A
64401,EGBERT,Freon 113,2007-03-07T00:00,0.413,µg/m³,VOC,N/A
64401,EGBERT,Freon 113,2007-03-10T00:00,0.428,µg/m³,VOC,N/A
64401,EGBERT,Freon 113,2007-03-13T00:00,0.421,µg/m³,VOC,N/A
64401,EGBERT,Freon 113,2007-03-16T00:00,0.417,µg/m³,VOC,N/A
64401,EGBERT,Freon 113,2007-03-19T00:00,0.415,µg/m³,VOC,N/A
64401,EGBERT,Freon 113,2007-03-22T00:00,0.421,µg/m³,VOC,N/A
64401,EGBERT,Freon 113,2007-04-03T00:00,0.656,µg/m³,VOC,N/A
64401,EGBERT,Freon 113,2007-04-06T00:00,0.651,µg/m³,VOC,N/A
64401,EGBERT,Freon 113,2007-04-09T00:00,0.703,µg/m³,VOC,N/A
64401,EGBERT,Freon 113,2007-04-12T00:00,0.727,µg/m³,VOC,N/A
64401,EGBERT,Freon 113,2007-04-15T00:00,0.721,µg/m³,VOC,N/A
64401,EGBERT,Freon 113,2007-04-21T00:00,0.729,µg/m³,VOC,N/A
64401,EGBERT,Freon 113,2007-04-24T00:00,0.716,µg/m³,VOC,N/A
64401,EGBERT,Freon 113,2007-04-27T00:00,0.742,µg/m³,VOC,N/A
64401,EGBERT,Freon 113,2007-04-30T00:00,0.601,µg/m³,VOC,N/A
64401,EGBERT,Freon 113,2007-05-03T00:00,0.558,µg/m³,VOC,N/A
64401,EGBERT,Freon 113,2007-05-09T00:00,0.595,µg/m³,VOC,N/A
64401,EGBERT,Freon 113,2007-05-15T00:00,0.599,µg/m³,VOC,N/A
64401,EGBERT,Freon 113,2007-06-05T00:00,0.603,µg/m³,VOC,N/A
64401,EGBERT,Freon 113,2007-06-11T00:00,0.611,µg/m³,VOC,N/A
64401,EGBERT,Freon 113,2007-06-23T00:00,0.717,µg/m³,VOC,N/A
64401,EGBERT,Freon 113,2007-06-26T00:00,0.717,µg/m³,VOC,N/A
64401,EGBERT,Freon 113,2007-06-29T00:00,0.716,µg/m³,VOC,N/A
64401,EGBERT,Freon 113,2007-07-02T00:00,0.700,µg/m³,VOC,N/A
64401,EGBERT,Freon 113,2007-07-05T00:00,0.723,µg/m³,VOC,N/A
64401,EGBERT,Freon 113,2007-07-08T00:00,0.712,µg/m³,VOC,N/A
64401,EGBERT,Freon 113,2007-07-11T00:00,0.597,µg/m³,VOC,N/A
64401,EGBERT,Freon 113,2007-07-14T00:00,0.621,µg/m³,VOC,N/A
64401,EGBERT,Freon 113,2007-07-20T00:00,0.606,µg/m³,VOC,N/A
64401,EGBERT,Freon 113,2007-07-23T00:00,0.618,µg/m³,VOC,N/A
64401,EGBERT,Freon 113,2007-07-26T00:00,0.609,µg/m³,VOC,N/A
64401,EGBERT,Freon 113,2007-07-29T00:00,0.580,µg/m³,VOC,N/A
64401,EGBERT,Freon 113,2007-08-01T00:00,0.576,µg/m³,VOC,N/A
64401,EGBERT,Freon 113,2007-08-04T00:00,0.579,µg/m³,VOC,N/A
64401,EGBERT,Freon 113,2007-08-16T00:00,0.577,µg/m³,VOC,N/A
64401,EGBERT,Freon 113,2007-08-19T00:00,0.586,µg/m³,VOC,N/A
64401,EGBERT,Freon 113,2007-09-03T00:00,0.621,µg/m³,VOC,N/A
64401,EGBERT,Freon 113,2007-09-09T00:00,0.613,µg/m³,VOC,N/A
64401,EGBERT,Freon 113,2007-09-12T00:00,0.634,µg/m³,VOC,N/A
64401,EGBERT,Freon 113,2007-09-15T00:00,0.615,µg/m³,VOC,N/A
64401,EGBERT,Freon 113,2007-09-18T00:00,0.709,µg/m³,VOC,N/A
64401,EGBERT,Freon 113,2007-09-21T00:00,0.591,µg/m³,VOC,N/A
64401,EGBERT,Freon 113,2007-09-24T00:00,0.580,µg/m³,VOC,N/A
64401,EGBERT,Freon 113,2007-09-27T00:00,0.588,µg/m³,VOC,N/A
64401,EGBERT,Freon 113,2007-09-30T00:00,0.640,µg/m³,VOC,N/A
64401,EGBERT,Freon 113,2007-10-03T00:00,0.600,µg/m³,VOC,N/A
64401,EGBERT,Freon 113,2007-10-06T00:00,0.695,µg/m³,VOC,N/A
64401,EGBERT,Freon 113,2007-10-30T00:00,0.654,µg/m³,VOC,N/A
64401,EGBERT,Freon 113,2007-11-02T00:00,0.624,µg/m³,VOC,N/A
64401,EGBERT,Freon 113,2007-11-05T00:00,0.631,µg/m³,VOC,N/A
64401,EGBERT,Freon 113,2007-11-08T00:00,0.630,µg/m³,VOC,N/A
64401,EGBERT,Freon 113,2007-11-11T00:00,0.620,µg/m³,VOC,N/A
64401,EGBERT,Freon 113,2007-11-17T00:00,0.640,µg/m³,VOC,N/A
64401,EGBERT,Freon 113,2007-11-20T00:00,0.637,µg/m³,VOC,N/A
64401,EGBERT,Freon 113,2007-11-23T00:00,0.650,µg/m³,VOC,N/A
64401,EGBERT,Freon 113,2007-11-26T00:00,0.641,µg/m³,VOC,N/A
64401,EGBERT,Freon 113,2007-11-29T00:00,0.657,µg/m³,VOC,N/A
64401,EGBERT,Freon 113,2007-12-05T00:00,0.486,µg/m³,VOC,N/A
64401,EGBERT,Freon 113,2007-12-08T00:00,0.492,µg/m³,VOC,N/A
64401,EGBERT,Freon 113,2007-12-11T00:00,0.501,µg/m³,VOC,N/A
64401,EGBERT,Freon 113,2007-12-14T00:00,0.511,µg/m³,VOC,N/A
64401,EGBERT,Freon 113,2007-12-17T00:00,0.503,µg/m³,VOC,N/A
64401,EGBERT,Freon 113,2007-12-20T00:00,0.494,µg/m³,VOC,N/A
64401,EGBERT,Freon 113,2007-12-23T00:00,0.511,µg/m³,VOC,N/A
64401,EGBERT,Freon 113,2007-12-26T00:00,0.497,µg/m³,VOC,N/A
64401,EGBERT,Freon 113,2007-12-29T00:00,0.516,µg/m³,VOC,N/A
