﻿NAPS_Site_ID,Station_Name,Pollutant,Date,Value,Units,Report_Type,Method
63601,LONGWOODS CONS. AUTHORITY,Bromotrichloromethane,1996-01-04T00:00,0.000,µg/m³,VOC,N/A
63601,LONGWOODS CONS. AUTHORITY,Bromotrichloromethane,1996-01-10T00:00,0.000,µg/m³,VOC,N/A
63601,LONGWOODS CONS. AUTHORITY,Bromotrichloromethane,1996-01-16T00:00,0.000,µg/m³,VOC,N/A
63601,LONGWOODS CONS. AUTHORITY,Bromotrichloromethane,1996-01-22T00:00,0.000,µg/m³,VOC,N/A
63601,LONGWOODS CONS. AUTHORITY,Bromotrichloromethane,1996-01-28T00:00,0.000,µg/m³,VOC,N/A
63601,LONGWOODS CONS. AUTHORITY,Bromotrichloromethane,1996-02-09T00:00,0.000,µg/m³,VOC,N/A
63601,LONGWOODS CONS. AUTHORITY,Bromotrichloromethane,1996-02-15T00:00,0.000,µg/m³,VOC,N/A
63601,LONGWOODS CONS. AUTHORITY,Bromotrichloromethane,1996-02-21T00:00,0.000,µg/m³,VOC,N/A
63601,LONGWOODS CONS. AUTHORITY,Bromotrichloromethane,1996-02-27T00:00,0.000,µg/m³,VOC,N/A
63601,LONGWOODS CONS. AUTHORITY,Bromotrichloromethane,1996-04-03T00:00,0.000,µg/m³,VOC,N/A
63601,LONGWOODS CONS. AUTHORITY,Bromotrichloromethane,1996-04-09T00:00,0.000,µg/m³,VOC,N/A
63601,LONGWOODS CONS. AUTHORITY,Bromotrichloromethane,1996-04-27T00:00,0.000,µg/m³,VOC,N/A
63601,LONGWOODS CONS. AUTHORITY,Bromotrichloromethane,1996-05-03T00:00,0.000,µg/m³,VOC,N/A
63601,LONGWOODS CONS. AUTHORITY,Bromotrichloromethane,1996-05-15T00:00,0.000,µg/m³,VOC,N/A
63601,LONGWOODS CONS. AUTHORITY,Bromotrichloromethane,1996-07-26T00:00,0.000,µg/m³,VOC,N/A
63601,LONGWOODS CONS. AUTHORITY,Bromotrichloromethane,1996-08-01T00:00,0.000,µg/m³,VOC,N/A
63601,LONGWOODS CONS. AUTHORITY,Bromotrichloromethane,1996-08-25T00:00,0.000,µg/m³,VOC,N/A
63601,LONGWOODS CONS. AUTHORITY,Bromotrichloromethane,1996-08-31T00:00,0.000,µg/m³,VOC,N/A
63601,LONGWOODS CONS. AUTHORITY,Bromotrichloromethane,1996-09-06T00:00,0.000,µg/m³,VOC,N/A
63601,LONGWOODS CONS. AUTHORITY,Bromotrichloromethane,1996-09-12T00:00,0.000,µg/m³,VOC,N/A
63601,LONGWOODS CONS. AUTHORITY,Bromotrichloromethane,1996-09-18T00:00,0.000,µg/m³,VOC,N/A
63601,LONGWOODS CONS. AUTHORITY,Bromotrichloromethane,1996-09-24T00:00,0.000,µg/m³,VOC,N/A
63601,LONGWOODS CONS. AUTHORITY,Bromotrichloromethane,1996-09-30T00:00,0.000,µg/m³,VOC,N/A
63601,LONGWOODS CONS. AUTHORITY,Bromotrichloromethane,1996-10-06T00:00,0.000,µg/m³,VOC,N/A
63601,LONGWOODS CONS. AUTHORITY,Bromotrichloromethane,1996-10-12T00:00,0.000,µg/m³,VOC,N/A
63601,LONGWOODS CONS. AUTHORITY,Bromotrichloromethane,1996-10-18T00:00,0.000,µg/m³,VOC,N/A
63601,LONGWOODS CONS. AUTHORITY,Bromotrichloromethane,1996-10-24T00:00,0.000,µg/m³,VOC,N/A
63601,LONGWOODS CONS. AUTHORITY,Bromotrichloromethane,1996-10-30T00:00,0.000,µg/m³,VOC,N/A
63601,LONGWOODS CONS. AUTHORITY,Bromotrichloromethane,1996-11-05T00:00,0.000,µg/m³,VOC,N/A
63601,LONGWOODS CONS. AUTHORITY,Bromotrichloromethane,1996-11-11T00:00,0.000,µg/m³,VOC,N/A
63601,LONGWOODS CONS. AUTHORITY,Bromotrichloromethane,1996-11-17T00:00,0.000,µg/m³,VOC,N/A
63601,LONGWOODS CONS. AUTHORITY,Bromotrichloromethane,1996-11-23T00:00,0.000,µg/m³,VOC,N/A
63601,LONGWOODS CONS. AUTHORITY,Bromotrichloromethane,1996-11-29T00:00,0.000,µg/m³,VOC,N/A
63601,LONGWOODS CONS. AUTHORITY,Bromotrichloromethane,1996-12-05T00:00,0.000,µg/m³,VOC,N/A
63601,LONGWOODS CONS. AUTHORITY,Bromotrichloromethane,1996-12-11T00:00,0.000,µg/m³,VOC,N/A
63601,LONGWOODS CONS. AUTHORITY,Bromotrichloromethane,1996-12-17T00:00,0.000,µg/m³,VOC,N/A
63601,LONGWOODS CONS. AUTHORITY,Bromotrichloromethane,1996-12-23T00:00,0.000,µg/m³,VOC,N/A
63601,LONGWOODS CONS. AUTHORITY,Bromotrichloromethane,1996-12-29T00:00,0.000,µg/m³,VOC,N/A
