﻿NAPS_Site_ID,Station_Name,Pollutant,Date,Value,Units,Report_Type,Method
60429,JUDSON ST. & ETONA CT. _ETOBICOKE_ (moved to kipling),PCB-169,2007-01-24T00:00,0.002,pg/m³,PCB,N/A
60429,JUDSON ST. & ETONA CT. _ETOBICOKE_ (moved to kipling),PCB-169,2007-03-13T00:00,0.009,pg/m³,PCB,N/A
60429,JUDSON ST. & ETONA CT. _ETOBICOKE_ (moved to kipling),PCB-169,2007-04-06T00:00,0.001,pg/m³,PCB,N/A
60429,JUDSON ST. & ETONA CT. _ETOBICOKE_ (moved to kipling),PCB-169,2007-04-30T00:00,0.004,pg/m³,PCB,N/A
60429,JUDSON ST. & ETONA CT. _ETOBICOKE_ (moved to kipling),PCB-169,2007-05-24T00:00,0.018,pg/m³,PCB,N/A
60429,JUDSON ST. & ETONA CT. _ETOBICOKE_ (moved to kipling),PCB-169,2007-06-17T00:00,0.010,pg/m³,PCB,N/A
60429,JUDSON ST. & ETONA CT. _ETOBICOKE_ (moved to kipling),PCB-169,2007-07-11T00:00,0.015,pg/m³,PCB,N/A
60429,JUDSON ST. & ETONA CT. _ETOBICOKE_ (moved to kipling),PCB-169,2007-08-04T00:00,0.036,pg/m³,PCB,N/A
60429,JUDSON ST. & ETONA CT. _ETOBICOKE_ (moved to kipling),PCB-169,2007-08-28T00:00,0.010,pg/m³,PCB,N/A
60429,JUDSON ST. & ETONA CT. _ETOBICOKE_ (moved to kipling),PCB-169,2007-09-21T00:00,0.059,pg/m³,PCB,N/A
60429,JUDSON ST. & ETONA CT. _ETOBICOKE_ (moved to kipling),PCB-169,2007-10-15T00:00,0.039,pg/m³,PCB,N/A
60429,JUDSON ST. & ETONA CT. _ETOBICOKE_ (moved to kipling),PCB-169,2007-11-08T00:00,0.012,pg/m³,PCB,N/A
60429,JUDSON ST. & ETONA CT. _ETOBICOKE_ (moved to kipling),PCB-169,2007-12-02T00:00,0.009,pg/m³,PCB,N/A
60429,JUDSON ST. & ETONA CT. _ETOBICOKE_ (moved to kipling),PCB-169,2007-12-26T00:00,0.009,pg/m³,PCB,N/A
