﻿NAPS_Site_ID,Station_Name,Pollutant,Date,Value,Units,Report_Type,Method
54301,VILLEROY,cis-2-Octene,1993-02-26T00:00,0.000,µg/m³,VOC,N/A
54301,VILLEROY,cis-2-Octene,1993-03-20T00:00,0.000,µg/m³,VOC,N/A
54301,VILLEROY,cis-2-Octene,1993-04-07T00:00,0.000,µg/m³,VOC,N/A
54301,VILLEROY,cis-2-Octene,1993-04-13T00:00,0.000,µg/m³,VOC,N/A
54301,VILLEROY,cis-2-Octene,1993-04-19T00:00,0.000,µg/m³,VOC,N/A
54301,VILLEROY,cis-2-Octene,1993-04-25T00:00,0.000,µg/m³,VOC,N/A
54301,VILLEROY,cis-2-Octene,1993-05-01T00:00,0.000,µg/m³,VOC,N/A
54301,VILLEROY,cis-2-Octene,1993-05-07T00:00,0.000,µg/m³,VOC,N/A
54301,VILLEROY,cis-2-Octene,1993-05-13T00:00,0.000,µg/m³,VOC,N/A
54301,VILLEROY,cis-2-Octene,1993-05-19T00:00,0.000,µg/m³,VOC,N/A
54301,VILLEROY,cis-2-Octene,1993-05-25T00:00,0.056,µg/m³,VOC,N/A
54301,VILLEROY,cis-2-Octene,1993-06-12T00:00,0.000,µg/m³,VOC,N/A
54301,VILLEROY,cis-2-Octene,1993-06-18T00:00,0.000,µg/m³,VOC,N/A
54301,VILLEROY,cis-2-Octene,1993-06-24T00:00,0.000,µg/m³,VOC,N/A
54301,VILLEROY,cis-2-Octene,1993-06-30T00:00,0.000,µg/m³,VOC,N/A
54301,VILLEROY,cis-2-Octene,1993-07-06T00:00,0.000,µg/m³,VOC,N/A
54301,VILLEROY,cis-2-Octene,1993-07-18T00:00,0.000,µg/m³,VOC,N/A
54301,VILLEROY,cis-2-Octene,1993-07-24T00:00,0.000,µg/m³,VOC,N/A
54301,VILLEROY,cis-2-Octene,1993-07-30T00:00,0.000,µg/m³,VOC,N/A
54301,VILLEROY,cis-2-Octene,1993-08-05T00:00,0.000,µg/m³,VOC,N/A
54301,VILLEROY,cis-2-Octene,1993-08-11T00:00,0.000,µg/m³,VOC,N/A
54301,VILLEROY,cis-2-Octene,1993-08-17T00:00,0.000,µg/m³,VOC,N/A
54301,VILLEROY,cis-2-Octene,1993-08-29T00:00,0.000,µg/m³,VOC,N/A
54301,VILLEROY,cis-2-Octene,1993-09-04T00:00,0.000,µg/m³,VOC,N/A
54301,VILLEROY,cis-2-Octene,1993-10-22T00:00,0.000,µg/m³,VOC,N/A
54301,VILLEROY,cis-2-Octene,1993-10-28T00:00,0.000,µg/m³,VOC,N/A
54301,VILLEROY,cis-2-Octene,1993-11-03T00:00,0.000,µg/m³,VOC,N/A
54301,VILLEROY,cis-2-Octene,1993-11-09T00:00,0.000,µg/m³,VOC,N/A
54301,VILLEROY,cis-2-Octene,1993-11-21T00:00,0.000,µg/m³,VOC,N/A
54301,VILLEROY,cis-2-Octene,1993-11-27T00:00,0.000,µg/m³,VOC,N/A
54301,VILLEROY,cis-2-Octene,1993-12-03T00:00,0.000,µg/m³,VOC,N/A
54301,VILLEROY,cis-2-Octene,1993-12-09T00:00,0.000,µg/m³,VOC,N/A
54301,VILLEROY,cis-2-Octene,1993-12-15T00:00,0.199,µg/m³,VOC,N/A
54301,VILLEROY,cis-2-Octene,1993-12-21T00:00,0.000,µg/m³,VOC,N/A
