﻿NAPS_Site_ID,Station_Name,Pollutant,Date,Value,Units,Report_Type,Method
60429,JUDSON ST. & ETONA CT. _ETOBICOKE_ (moved to kipling),Calcium,2001-07-12T00:00,0.107,µg/m³,DICHOT,
60429,JUDSON ST. & ETONA CT. _ETOBICOKE_ (moved to kipling),Calcium,2001-07-12T00:00,1.581,µg/m³,DICHOT,
60429,JUDSON ST. & ETONA CT. _ETOBICOKE_ (moved to kipling),Calcium,2001-07-18T00:00,0.109,µg/m³,DICHOT,
60429,JUDSON ST. & ETONA CT. _ETOBICOKE_ (moved to kipling),Calcium,2001-07-18T00:00,1.561,µg/m³,DICHOT,
60429,JUDSON ST. & ETONA CT. _ETOBICOKE_ (moved to kipling),Calcium,2001-07-24T00:00,0.095,µg/m³,DICHOT,
60429,JUDSON ST. & ETONA CT. _ETOBICOKE_ (moved to kipling),Calcium,2001-07-24T00:00,1.545,µg/m³,DICHOT,
60429,JUDSON ST. & ETONA CT. _ETOBICOKE_ (moved to kipling),Calcium,2001-07-30T00:00,0.032,µg/m³,DICHOT,
60429,JUDSON ST. & ETONA CT. _ETOBICOKE_ (moved to kipling),Calcium,2001-07-30T00:00,0.548,µg/m³,DICHOT,
60429,JUDSON ST. & ETONA CT. _ETOBICOKE_ (moved to kipling),Calcium,2001-08-05T00:00,0.084,µg/m³,DICHOT,
60429,JUDSON ST. & ETONA CT. _ETOBICOKE_ (moved to kipling),Calcium,2001-08-05T00:00,0.627,µg/m³,DICHOT,
60429,JUDSON ST. & ETONA CT. _ETOBICOKE_ (moved to kipling),Calcium,2001-08-11T00:00,0.037,µg/m³,DICHOT,
60429,JUDSON ST. & ETONA CT. _ETOBICOKE_ (moved to kipling),Calcium,2001-08-11T00:00,0.571,µg/m³,DICHOT,
60429,JUDSON ST. & ETONA CT. _ETOBICOKE_ (moved to kipling),Calcium,2001-08-17T00:00,0.038,µg/m³,DICHOT,
60429,JUDSON ST. & ETONA CT. _ETOBICOKE_ (moved to kipling),Calcium,2001-08-17T00:00,0.724,µg/m³,DICHOT,
60429,JUDSON ST. & ETONA CT. _ETOBICOKE_ (moved to kipling),Calcium,2001-08-23T00:00,0.091,µg/m³,DICHOT,
60429,JUDSON ST. & ETONA CT. _ETOBICOKE_ (moved to kipling),Calcium,2001-08-23T00:00,1.277,µg/m³,DICHOT,
60429,JUDSON ST. & ETONA CT. _ETOBICOKE_ (moved to kipling),Calcium,2001-08-29T00:00,0.137,µg/m³,DICHOT,
60429,JUDSON ST. & ETONA CT. _ETOBICOKE_ (moved to kipling),Calcium,2001-08-29T00:00,1.246,µg/m³,DICHOT,
60429,JUDSON ST. & ETONA CT. _ETOBICOKE_ (moved to kipling),Calcium,2001-09-04T00:00,0.207,µg/m³,DICHOT,
60429,JUDSON ST. & ETONA CT. _ETOBICOKE_ (moved to kipling),Calcium,2001-09-04T00:00,1.740,µg/m³,DICHOT,
60429,JUDSON ST. & ETONA CT. _ETOBICOKE_ (moved to kipling),Calcium,2001-09-10T00:00,0.069,µg/m³,DICHOT,
60429,JUDSON ST. & ETONA CT. _ETOBICOKE_ (moved to kipling),Calcium,2001-09-10T00:00,1.300,µg/m³,DICHOT,
60429,JUDSON ST. & ETONA CT. _ETOBICOKE_ (moved to kipling),Calcium,2001-09-16T00:00,0.034,µg/m³,DICHOT,
60429,JUDSON ST. & ETONA CT. _ETOBICOKE_ (moved to kipling),Calcium,2001-09-16T00:00,0.564,µg/m³,DICHOT,
60429,JUDSON ST. & ETONA CT. _ETOBICOKE_ (moved to kipling),Calcium,2001-09-22T00:00,0.043,µg/m³,DICHOT,
60429,JUDSON ST. & ETONA CT. _ETOBICOKE_ (moved to kipling),Calcium,2001-09-22T00:00,0.459,µg/m³,DICHOT,
60429,JUDSON ST. & ETONA CT. _ETOBICOKE_ (moved to kipling),Calcium,2001-09-28T00:00,0.059,µg/m³,DICHOT,
60429,JUDSON ST. & ETONA CT. _ETOBICOKE_ (moved to kipling),Calcium,2001-09-28T00:00,1.065,µg/m³,DICHOT,
60429,JUDSON ST. & ETONA CT. _ETOBICOKE_ (moved to kipling),Calcium,2001-10-04T00:00,0.092,µg/m³,DICHOT,
60429,JUDSON ST. & ETONA CT. _ETOBICOKE_ (moved to kipling),Calcium,2001-10-04T00:00,1.414,µg/m³,DICHOT,
60429,JUDSON ST. & ETONA CT. _ETOBICOKE_ (moved to kipling),Calcium,2001-10-10T00:00,0.157,µg/m³,DICHOT,
60429,JUDSON ST. & ETONA CT. _ETOBICOKE_ (moved to kipling),Calcium,2001-10-10T00:00,1.663,µg/m³,DICHOT,
60429,JUDSON ST. & ETONA CT. _ETOBICOKE_ (moved to kipling),Calcium,2001-10-16T00:00,0.038,µg/m³,DICHOT,
60429,JUDSON ST. & ETONA CT. _ETOBICOKE_ (moved to kipling),Calcium,2001-10-16T00:00,0.237,µg/m³,DICHOT,
60429,JUDSON ST. & ETONA CT. _ETOBICOKE_ (moved to kipling),Calcium,2001-10-22T00:00,0.054,µg/m³,DICHOT,
60429,JUDSON ST. & ETONA CT. _ETOBICOKE_ (moved to kipling),Calcium,2001-10-22T00:00,0.955,µg/m³,DICHOT,
60429,JUDSON ST. & ETONA CT. _ETOBICOKE_ (moved to kipling),Calcium,2001-10-28T00:00,0.040,µg/m³,DICHOT,
60429,JUDSON ST. & ETONA CT. _ETOBICOKE_ (moved to kipling),Calcium,2001-10-28T00:00,0.271,µg/m³,DICHOT,
60429,JUDSON ST. & ETONA CT. _ETOBICOKE_ (moved to kipling),Calcium,2001-11-03T00:00,0.060,µg/m³,DICHOT,
60429,JUDSON ST. & ETONA CT. _ETOBICOKE_ (moved to kipling),Calcium,2001-11-03T00:00,0.668,µg/m³,DICHOT,
60429,JUDSON ST. & ETONA CT. _ETOBICOKE_ (moved to kipling),Calcium,2001-11-09T00:00,0.075,µg/m³,DICHOT,
60429,JUDSON ST. & ETONA CT. _ETOBICOKE_ (moved to kipling),Calcium,2001-11-09T00:00,0.799,µg/m³,DICHOT,
60429,JUDSON ST. & ETONA CT. _ETOBICOKE_ (moved to kipling),Calcium,2001-11-15T00:00,0.115,µg/m³,DICHOT,
60429,JUDSON ST. & ETONA CT. _ETOBICOKE_ (moved to kipling),Calcium,2001-11-15T00:00,1.236,µg/m³,DICHOT,
60429,JUDSON ST. & ETONA CT. _ETOBICOKE_ (moved to kipling),Calcium,2001-11-21T00:00,0.098,µg/m³,DICHOT,
60429,JUDSON ST. & ETONA CT. _ETOBICOKE_ (moved to kipling),Calcium,2001-11-21T00:00,0.949,µg/m³,DICHOT,
60429,JUDSON ST. & ETONA CT. _ETOBICOKE_ (moved to kipling),Calcium,2001-11-27T00:00,0.034,µg/m³,DICHOT,
60429,JUDSON ST. & ETONA CT. _ETOBICOKE_ (moved to kipling),Calcium,2001-11-27T00:00,0.365,µg/m³,DICHOT,
60429,JUDSON ST. & ETONA CT. _ETOBICOKE_ (moved to kipling),Calcium,2001-12-09T00:00,0.032,µg/m³,DICHOT,
60429,JUDSON ST. & ETONA CT. _ETOBICOKE_ (moved to kipling),Calcium,2001-12-09T00:00,0.353,µg/m³,DICHOT,
60429,JUDSON ST. & ETONA CT. _ETOBICOKE_ (moved to kipling),Calcium,2001-12-15T00:00,0.007,µg/m³,DICHOT,
60429,JUDSON ST. & ETONA CT. _ETOBICOKE_ (moved to kipling),Calcium,2001-12-15T00:00,0.226,µg/m³,DICHOT,
60429,JUDSON ST. & ETONA CT. _ETOBICOKE_ (moved to kipling),Calcium,2001-12-21T00:00,0.076,µg/m³,DICHOT,
60429,JUDSON ST. & ETONA CT. _ETOBICOKE_ (moved to kipling),Calcium,2001-12-21T00:00,0.992,µg/m³,DICHOT,
60429,JUDSON ST. & ETONA CT. _ETOBICOKE_ (moved to kipling),Calcium,2001-12-27T00:00,0.046,µg/m³,DICHOT,
60429,JUDSON ST. & ETONA CT. _ETOBICOKE_ (moved to kipling),Calcium,2001-12-27T00:00,0.736,µg/m³,DICHOT,
