﻿NAPS_Site_ID,Station_Name,Pollutant,Date,Value,Units,Report_Type,Method
30113,JOHNSTON BUILDING,Ethylene,2018-01-20T00:00,0.849,µg/m³,VOC,GC-FID
30113,JOHNSTON BUILDING,Ethylene,2018-01-26T00:00,0.789,µg/m³,VOC,GC-FID
30113,JOHNSTON BUILDING,Ethylene,2018-02-01T00:00,0.601,µg/m³,VOC,GC-FID
30113,JOHNSTON BUILDING,Ethylene,2018-02-13T00:00,0.490,µg/m³,VOC,GC-FID
30113,JOHNSTON BUILDING,Ethylene,2018-02-19T00:00,0.765,µg/m³,VOC,GC-FID
30113,JOHNSTON BUILDING,Ethylene,2018-02-25T00:00,0.351,µg/m³,VOC,GC-FID
30113,JOHNSTON BUILDING,Ethylene,2018-03-09T00:00,0.735,µg/m³,VOC,GC-FID
30113,JOHNSTON BUILDING,Ethylene,2018-03-15T00:00,0.343,µg/m³,VOC,GC-FID
30113,JOHNSTON BUILDING,Ethylene,2018-03-21T00:00,0.631,µg/m³,VOC,GC-FID
30113,JOHNSTON BUILDING,Ethylene,2018-03-27T00:00,0.245,µg/m³,VOC,GC-FID
30113,JOHNSTON BUILDING,Ethylene,2018-04-20T00:00,0.430,µg/m³,VOC,GC-FID
30113,JOHNSTON BUILDING,Ethylene,2018-04-26T00:00,0.289,µg/m³,VOC,GC-FID
30113,JOHNSTON BUILDING,Ethylene,2018-05-14T00:00,0.370,µg/m³,VOC,GC-FID
30113,JOHNSTON BUILDING,Ethylene,2018-07-01T00:00,1.172,µg/m³,VOC,GC-FID
30113,JOHNSTON BUILDING,Ethylene,2018-07-07T00:00,0.353,µg/m³,VOC,GC-FID
30113,JOHNSTON BUILDING,Ethylene,2018-07-13T00:00,0.514,µg/m³,VOC,GC-FID
30113,JOHNSTON BUILDING,Ethylene,2018-07-25T00:00,0.366,µg/m³,VOC,GC-FID
30113,JOHNSTON BUILDING,Ethylene,2018-08-06T00:00,0.789,µg/m³,VOC,GC-FID
30113,JOHNSTON BUILDING,Ethylene,2018-08-12T00:00,0.560,µg/m³,VOC,GC-FID
30113,JOHNSTON BUILDING,Ethylene,2018-08-18T00:00,0.447,µg/m³,VOC,GC-FID
30113,JOHNSTON BUILDING,Ethylene,2018-09-11T00:00,0.624,µg/m³,VOC,GC-FID
30113,JOHNSTON BUILDING,Ethylene,2018-09-17T00:00,0.551,µg/m³,VOC,GC-FID
30113,JOHNSTON BUILDING,Ethylene,2018-10-17T00:00,0.686,µg/m³,VOC,GC-FID
30113,JOHNSTON BUILDING,Ethylene,2018-10-23T00:00,0.557,µg/m³,VOC,GC-FID
30113,JOHNSTON BUILDING,Ethylene,2018-10-29T00:00,0.642,µg/m³,VOC,GC-FID
30113,JOHNSTON BUILDING,Ethylene,2018-11-04T00:00,0.315,µg/m³,VOC,GC-FID
30113,JOHNSTON BUILDING,Ethylene,2018-11-10T00:00,0.488,µg/m³,VOC,GC-FID
30113,JOHNSTON BUILDING,Ethylene,2018-11-16T00:00,0.435,µg/m³,VOC,GC-FID
30113,JOHNSTON BUILDING,Ethylene,2018-11-22T00:00,0.319,µg/m³,VOC,GC-FID
30113,JOHNSTON BUILDING,Ethylene,2018-11-28T00:00,0.532,µg/m³,VOC,GC-FID
30113,JOHNSTON BUILDING,Ethylene,2018-12-04T00:00,0.302,µg/m³,VOC,GC-FID
30113,JOHNSTON BUILDING,Ethylene,2018-12-10T00:00,0.600,µg/m³,VOC,GC-FID
30113,JOHNSTON BUILDING,Ethylene,2018-12-16T00:00,0.552,µg/m³,VOC,GC-FID
30113,JOHNSTON BUILDING,Ethylene,2018-12-22T00:00,0.243,µg/m³,VOC,GC-FID
30113,JOHNSTON BUILDING,Ethylene,2018-12-28T00:00,0.529,µg/m³,VOC,GC-FID
