﻿NAPS_Site_ID,Station_Name,Pollutant,Date,Value,Units,Report_Type,Method
100121,SECOND NARROWS,Pentane,2010-01-02T00:00,1.293,µg/m³,VOC,
100121,SECOND NARROWS,Pentane,2010-01-08T00:00,2.819,µg/m³,VOC,
100121,SECOND NARROWS,Pentane,2010-01-14T00:00,0.663,µg/m³,VOC,
100121,SECOND NARROWS,Pentane,2010-01-20T00:00,1.375,µg/m³,VOC,
100121,SECOND NARROWS,Pentane,2010-01-26T00:00,1.528,µg/m³,VOC,
100121,SECOND NARROWS,Pentane,2010-02-01T00:00,1.319,µg/m³,VOC,
100121,SECOND NARROWS,Pentane,2010-02-07T00:00,1.197,µg/m³,VOC,
100121,SECOND NARROWS,Pentane,2010-02-19T00:00,2.957,µg/m³,VOC,
100121,SECOND NARROWS,Pentane,2010-03-03T00:00,1.096,µg/m³,VOC,
100121,SECOND NARROWS,Pentane,2010-03-09T00:00,0.647,µg/m³,VOC,
100121,SECOND NARROWS,Pentane,2010-03-15T00:00,0.698,µg/m³,VOC,
100121,SECOND NARROWS,Pentane,2010-03-21T00:00,1.090,µg/m³,VOC,
100121,SECOND NARROWS,Pentane,2010-03-27T00:00,0.862,µg/m³,VOC,
100121,SECOND NARROWS,Pentane,2010-04-02T00:00,0.567,µg/m³,VOC,
100121,SECOND NARROWS,Pentane,2010-04-08T00:00,0.334,µg/m³,VOC,
100121,SECOND NARROWS,Pentane,2010-04-14T00:00,0.780,µg/m³,VOC,
100121,SECOND NARROWS,Pentane,2010-04-20T00:00,1.475,µg/m³,VOC,
100121,SECOND NARROWS,Pentane,2010-04-26T00:00,1.317,µg/m³,VOC,
100121,SECOND NARROWS,Pentane,2010-05-08T00:00,1.240,µg/m³,VOC,
100121,SECOND NARROWS,Pentane,2010-05-14T00:00,1.803,µg/m³,VOC,
100121,SECOND NARROWS,Pentane,2010-05-20T00:00,0.584,µg/m³,VOC,
100121,SECOND NARROWS,Pentane,2010-05-26T00:00,0.603,µg/m³,VOC,
100121,SECOND NARROWS,Pentane,2010-06-01T00:00,1.218,µg/m³,VOC,
100121,SECOND NARROWS,Pentane,2010-06-07T00:00,1.002,µg/m³,VOC,
100121,SECOND NARROWS,Pentane,2010-06-13T00:00,1.087,µg/m³,VOC,
100121,SECOND NARROWS,Pentane,2010-06-19T00:00,1.138,µg/m³,VOC,
100121,SECOND NARROWS,Pentane,2010-06-25T00:00,1.817,µg/m³,VOC,
