﻿NAPS_Site_ID,Station_Name,Pollutant,Date,Value,Units,Report_Type,Method
100133,BURMOUNT,Bromotrichloromethane,1992-01-13T00:00,0.000,µg/m³,VOC,N/A
100133,BURMOUNT,Bromotrichloromethane,1992-01-25T00:00,0.000,µg/m³,VOC,N/A
100133,BURMOUNT,Bromotrichloromethane,1992-03-07T00:00,0.000,µg/m³,VOC,N/A
100133,BURMOUNT,Bromotrichloromethane,1992-03-25T00:00,0.000,µg/m³,VOC,N/A
100133,BURMOUNT,Bromotrichloromethane,1992-04-12T00:00,0.000,µg/m³,VOC,N/A
100133,BURMOUNT,Bromotrichloromethane,1992-04-24T00:00,0.000,µg/m³,VOC,N/A
100133,BURMOUNT,Bromotrichloromethane,1992-05-06T00:00,0.013,µg/m³,VOC,N/A
100133,BURMOUNT,Bromotrichloromethane,1992-05-24T00:00,0.006,µg/m³,VOC,N/A
100133,BURMOUNT,Bromotrichloromethane,1992-09-21T00:00,0.000,µg/m³,VOC,N/A
100133,BURMOUNT,Bromotrichloromethane,1992-10-03T00:00,0.000,µg/m³,VOC,N/A
100133,BURMOUNT,Bromotrichloromethane,1992-10-09T00:00,0.000,µg/m³,VOC,N/A
100133,BURMOUNT,Bromotrichloromethane,1992-10-15T00:00,0.000,µg/m³,VOC,N/A
100133,BURMOUNT,Bromotrichloromethane,1992-10-21T00:00,0.000,µg/m³,VOC,N/A
100133,BURMOUNT,Bromotrichloromethane,1992-10-27T00:00,0.000,µg/m³,VOC,N/A
100133,BURMOUNT,Bromotrichloromethane,1992-11-02T00:00,0.000,µg/m³,VOC,N/A
100133,BURMOUNT,Bromotrichloromethane,1992-11-08T00:00,0.000,µg/m³,VOC,N/A
100133,BURMOUNT,Bromotrichloromethane,1992-11-14T00:00,0.000,µg/m³,VOC,N/A
100133,BURMOUNT,Bromotrichloromethane,1992-11-20T00:00,0.000,µg/m³,VOC,N/A
100133,BURMOUNT,Bromotrichloromethane,1992-11-26T00:00,0.000,µg/m³,VOC,N/A
100133,BURMOUNT,Bromotrichloromethane,1992-12-02T00:00,0.000,µg/m³,VOC,N/A
