﻿NAPS_Site_ID,Station_Name,Pollutant,Date,Value,Units,Report_Type,Method
10102,WATER STREET POST OFFICE,trans-2-Butene,2003-01-03T00:00,0.082,µg/m³,VOC,GC-MS
10102,WATER STREET POST OFFICE,trans-2-Butene,2003-01-09T00:00,0.150,µg/m³,VOC,GC-MS
10102,WATER STREET POST OFFICE,trans-2-Butene,2003-01-15T00:00,0.135,µg/m³,VOC,GC-MS
10102,WATER STREET POST OFFICE,trans-2-Butene,2003-01-21T00:00,0.110,µg/m³,VOC,GC-MS
10102,WATER STREET POST OFFICE,trans-2-Butene,2003-01-27T00:00,0.115,µg/m³,VOC,GC-MS
10102,WATER STREET POST OFFICE,trans-2-Butene,2003-02-02T00:00,0.151,µg/m³,VOC,GC-MS
10102,WATER STREET POST OFFICE,trans-2-Butene,2003-02-08T00:00,0.076,µg/m³,VOC,GC-MS
10102,WATER STREET POST OFFICE,trans-2-Butene,2003-02-14T00:00,0.266,µg/m³,VOC,GC-MS
10102,WATER STREET POST OFFICE,trans-2-Butene,2003-02-20T00:00,0.419,µg/m³,VOC,GC-MS
10102,WATER STREET POST OFFICE,trans-2-Butene,2003-02-26T00:00,0.090,µg/m³,VOC,GC-MS
10102,WATER STREET POST OFFICE,trans-2-Butene,2003-03-05T00:00,0.233,µg/m³,VOC,GC-MS
10102,WATER STREET POST OFFICE,trans-2-Butene,2003-03-10T00:00,0.306,µg/m³,VOC,GC-MS
10102,WATER STREET POST OFFICE,trans-2-Butene,2003-03-16T00:00,0.273,µg/m³,VOC,GC-MS
10102,WATER STREET POST OFFICE,trans-2-Butene,2003-03-22T00:00,0.295,µg/m³,VOC,GC-MS
10102,WATER STREET POST OFFICE,trans-2-Butene,2003-03-28T00:00,0.434,µg/m³,VOC,GC-MS
10102,WATER STREET POST OFFICE,trans-2-Butene,2003-04-03T00:00,0.195,µg/m³,VOC,GC-MS
10102,WATER STREET POST OFFICE,trans-2-Butene,2003-04-09T00:00,0.551,µg/m³,VOC,GC-MS
10102,WATER STREET POST OFFICE,trans-2-Butene,2003-04-15T00:00,0.146,µg/m³,VOC,GC-MS
10102,WATER STREET POST OFFICE,trans-2-Butene,2003-04-21T00:00,0.570,µg/m³,VOC,GC-MS
10102,WATER STREET POST OFFICE,trans-2-Butene,2003-04-27T00:00,0.362,µg/m³,VOC,GC-MS
10102,WATER STREET POST OFFICE,trans-2-Butene,2003-05-03T00:00,0.353,µg/m³,VOC,GC-MS
10102,WATER STREET POST OFFICE,trans-2-Butene,2003-05-09T00:00,0.210,µg/m³,VOC,GC-MS
10102,WATER STREET POST OFFICE,trans-2-Butene,2003-05-15T00:00,0.152,µg/m³,VOC,GC-MS
10102,WATER STREET POST OFFICE,trans-2-Butene,2003-05-21T00:00,0.178,µg/m³,VOC,GC-MS
10102,WATER STREET POST OFFICE,trans-2-Butene,2003-06-20T00:00,0.642,µg/m³,VOC,GC-MS
10102,WATER STREET POST OFFICE,trans-2-Butene,2003-07-02T00:00,0.118,µg/m³,VOC,GC-MS
10102,WATER STREET POST OFFICE,trans-2-Butene,2003-07-08T00:00,0.106,µg/m³,VOC,GC-MS
10102,WATER STREET POST OFFICE,trans-2-Butene,2003-07-14T00:00,0.167,µg/m³,VOC,GC-MS
10102,WATER STREET POST OFFICE,trans-2-Butene,2003-07-20T00:00,0.163,µg/m³,VOC,GC-MS
10102,WATER STREET POST OFFICE,trans-2-Butene,2003-07-26T00:00,0.145,µg/m³,VOC,GC-MS
10102,WATER STREET POST OFFICE,trans-2-Butene,2003-08-01T00:00,0.291,µg/m³,VOC,GC-MS
10102,WATER STREET POST OFFICE,trans-2-Butene,2003-08-07T00:00,0.314,µg/m³,VOC,GC-MS
10102,WATER STREET POST OFFICE,trans-2-Butene,2003-08-13T00:00,0.249,µg/m³,VOC,GC-MS
10102,WATER STREET POST OFFICE,trans-2-Butene,2003-08-19T00:00,0.390,µg/m³,VOC,GC-MS
10102,WATER STREET POST OFFICE,trans-2-Butene,2003-08-25T00:00,0.490,µg/m³,VOC,GC-MS
10102,WATER STREET POST OFFICE,trans-2-Butene,2003-08-31T00:00,0.110,µg/m³,VOC,GC-MS
10102,WATER STREET POST OFFICE,trans-2-Butene,2003-09-06T00:00,0.247,µg/m³,VOC,GC-MS
10102,WATER STREET POST OFFICE,trans-2-Butene,2003-09-12T00:00,0.178,µg/m³,VOC,GC-MS
10102,WATER STREET POST OFFICE,trans-2-Butene,2003-09-18T00:00,0.180,µg/m³,VOC,GC-MS
10102,WATER STREET POST OFFICE,trans-2-Butene,2003-09-24T00:00,0.126,µg/m³,VOC,GC-MS
10102,WATER STREET POST OFFICE,trans-2-Butene,2003-09-30T00:00,0.101,µg/m³,VOC,GC-MS
10102,WATER STREET POST OFFICE,trans-2-Butene,2003-10-06T00:00,0.132,µg/m³,VOC,GC-MS
10102,WATER STREET POST OFFICE,trans-2-Butene,2003-10-12T00:00,0.171,µg/m³,VOC,GC-MS
10102,WATER STREET POST OFFICE,trans-2-Butene,2003-10-18T00:00,0.190,µg/m³,VOC,GC-MS
10102,WATER STREET POST OFFICE,trans-2-Butene,2003-10-24T00:00,0.345,µg/m³,VOC,GC-MS
10102,WATER STREET POST OFFICE,trans-2-Butene,2003-10-30T00:00,0.116,µg/m³,VOC,GC-MS
10102,WATER STREET POST OFFICE,trans-2-Butene,2003-11-05T00:00,0.171,µg/m³,VOC,GC-MS
10102,WATER STREET POST OFFICE,trans-2-Butene,2003-11-11T00:00,0.090,µg/m³,VOC,GC-MS
10102,WATER STREET POST OFFICE,trans-2-Butene,2003-11-17T00:00,0.166,µg/m³,VOC,GC-MS
10102,WATER STREET POST OFFICE,trans-2-Butene,2003-11-23T00:00,0.226,µg/m³,VOC,GC-MS
10102,WATER STREET POST OFFICE,trans-2-Butene,2003-11-29T00:00,0.489,µg/m³,VOC,GC-MS
10102,WATER STREET POST OFFICE,trans-2-Butene,2003-12-05T00:00,0.518,µg/m³,VOC,GC-MS
10102,WATER STREET POST OFFICE,trans-2-Butene,2003-12-11T00:00,0.267,µg/m³,VOC,GC-MS
10102,WATER STREET POST OFFICE,trans-2-Butene,2003-12-17T00:00,0.241,µg/m³,VOC,GC-MS
10102,WATER STREET POST OFFICE,trans-2-Butene,2003-12-23T00:00,0.565,µg/m³,VOC,GC-MS
