﻿NAPS_Site_ID,Station_Name,Pollutant,Date,Value,Units,Report_Type,Method
100134,VANCOUVER INTL. AIRPORT,Hexylbenzene,2003-01-03T00:00,0.003,µg/m³,VOC,
100134,VANCOUVER INTL. AIRPORT,Hexylbenzene,2003-01-21T00:00,0.010,µg/m³,VOC,
100134,VANCOUVER INTL. AIRPORT,Hexylbenzene,2003-02-08T00:00,0.000,µg/m³,VOC,
100134,VANCOUVER INTL. AIRPORT,Hexylbenzene,2003-02-26T00:00,0.000,µg/m³,VOC,
100134,VANCOUVER INTL. AIRPORT,Hexylbenzene,2003-03-16T00:00,0.004,µg/m³,VOC,
100134,VANCOUVER INTL. AIRPORT,Hexylbenzene,2003-04-03T00:00,0.003,µg/m³,VOC,
100134,VANCOUVER INTL. AIRPORT,Hexylbenzene,2003-04-21T00:00,0.007,µg/m³,VOC,
100134,VANCOUVER INTL. AIRPORT,Hexylbenzene,2003-05-09T00:00,0.006,µg/m³,VOC,
100134,VANCOUVER INTL. AIRPORT,Hexylbenzene,2003-05-27T00:00,0.011,µg/m³,VOC,
100134,VANCOUVER INTL. AIRPORT,Hexylbenzene,2003-06-14T00:00,0.006,µg/m³,VOC,
100134,VANCOUVER INTL. AIRPORT,Hexylbenzene,2003-07-02T00:00,0.004,µg/m³,VOC,
100134,VANCOUVER INTL. AIRPORT,Hexylbenzene,2003-07-20T00:00,0.006,µg/m³,VOC,
100134,VANCOUVER INTL. AIRPORT,Hexylbenzene,2003-08-01T00:00,0.003,µg/m³,VOC,
100134,VANCOUVER INTL. AIRPORT,Hexylbenzene,2003-08-19T00:00,0.005,µg/m³,VOC,
100134,VANCOUVER INTL. AIRPORT,Hexylbenzene,2003-09-06T00:00,0.000,µg/m³,VOC,
100134,VANCOUVER INTL. AIRPORT,Hexylbenzene,2003-09-24T00:00,0.017,µg/m³,VOC,
100134,VANCOUVER INTL. AIRPORT,Hexylbenzene,2003-10-12T00:00,0.004,µg/m³,VOC,
100134,VANCOUVER INTL. AIRPORT,Hexylbenzene,2003-11-23T00:00,0.000,µg/m³,VOC,
100134,VANCOUVER INTL. AIRPORT,Hexylbenzene,2003-12-11T00:00,0.010,µg/m³,VOC,
100134,VANCOUVER INTL. AIRPORT,Hexylbenzene,2003-12-29T00:00,0.000,µg/m³,VOC,
