﻿NAPS_Site_ID,Station_Name,Pollutant,Date,Value,Units,Report_Type,Method
100128,RICHMOND SOUTH,"2,4-Dimethylhexane",2002-01-14T00:00,0.320,µg/m³,VOC,GC-MS
100128,RICHMOND SOUTH,"2,4-Dimethylhexane",2002-02-01T00:00,0.160,µg/m³,VOC,GC-MS
100128,RICHMOND SOUTH,"2,4-Dimethylhexane",2002-02-19T00:00,0.070,µg/m³,VOC,GC-MS
100128,RICHMOND SOUTH,"2,4-Dimethylhexane",2002-03-15T00:00,0.090,µg/m³,VOC,GC-MS
100128,RICHMOND SOUTH,"2,4-Dimethylhexane",2002-04-02T00:00,0.270,µg/m³,VOC,GC-MS
100128,RICHMOND SOUTH,"2,4-Dimethylhexane",2002-04-20T00:00,0.092,µg/m³,VOC,GC-MS
100128,RICHMOND SOUTH,"2,4-Dimethylhexane",2002-05-08T00:00,0.086,µg/m³,VOC,GC-MS
100128,RICHMOND SOUTH,"2,4-Dimethylhexane",2002-05-26T00:00,0.107,µg/m³,VOC,GC-MS
100128,RICHMOND SOUTH,"2,4-Dimethylhexane",2002-06-13T00:00,0.184,µg/m³,VOC,GC-MS
100128,RICHMOND SOUTH,"2,4-Dimethylhexane",2002-07-01T00:00,0.026,µg/m³,VOC,GC-MS
100128,RICHMOND SOUTH,"2,4-Dimethylhexane",2002-07-19T00:00,0.049,µg/m³,VOC,GC-MS
100128,RICHMOND SOUTH,"2,4-Dimethylhexane",2002-08-06T00:00,0.045,µg/m³,VOC,GC-MS
100128,RICHMOND SOUTH,"2,4-Dimethylhexane",2002-08-26T00:00,0.039,µg/m³,VOC,GC-MS
100128,RICHMOND SOUTH,"2,4-Dimethylhexane",2002-09-14T00:00,0.069,µg/m³,VOC,GC-MS
100128,RICHMOND SOUTH,"2,4-Dimethylhexane",2002-10-05T00:00,0.033,µg/m³,VOC,GC-MS
100128,RICHMOND SOUTH,"2,4-Dimethylhexane",2002-10-23T00:00,0.183,µg/m³,VOC,GC-MS
100128,RICHMOND SOUTH,"2,4-Dimethylhexane",2002-11-10T00:00,0.041,µg/m³,VOC,GC-MS
100128,RICHMOND SOUTH,"2,4-Dimethylhexane",2002-12-16T00:00,0.091,µg/m³,VOC,GC-MS
