﻿NAPS_Site_ID,Station_Name,Pollutant,Date,Value,Units,Report_Type,Method
100111,ROCKY POINT PARK,Octane,1993-01-01T00:00,0.304,µg/m³,VOC,
100111,ROCKY POINT PARK,Octane,1993-01-07T00:00,0.568,µg/m³,VOC,
100111,ROCKY POINT PARK,Octane,1993-01-13T00:00,1.437,µg/m³,VOC,
100111,ROCKY POINT PARK,Octane,1993-01-19T00:00,0.664,µg/m³,VOC,
100111,ROCKY POINT PARK,Octane,1993-01-25T00:00,1.274,µg/m³,VOC,
100111,ROCKY POINT PARK,Octane,1993-01-31T00:00,0.897,µg/m³,VOC,
100111,ROCKY POINT PARK,Octane,1993-02-06T00:00,0.390,µg/m³,VOC,
100111,ROCKY POINT PARK,Octane,1993-02-12T00:00,0.713,µg/m³,VOC,
100111,ROCKY POINT PARK,Octane,1993-02-18T00:00,0.726,µg/m³,VOC,
100111,ROCKY POINT PARK,Octane,1993-02-24T00:00,0.818,µg/m³,VOC,
100111,ROCKY POINT PARK,Octane,1993-03-02T00:00,0.338,µg/m³,VOC,
100111,ROCKY POINT PARK,Octane,1993-03-08T00:00,0.337,µg/m³,VOC,
100111,ROCKY POINT PARK,Octane,1993-03-14T00:00,0.322,µg/m³,VOC,
100111,ROCKY POINT PARK,Octane,1993-03-20T00:00,0.130,µg/m³,VOC,
100111,ROCKY POINT PARK,Octane,1993-03-26T00:00,0.656,µg/m³,VOC,
100111,ROCKY POINT PARK,Octane,1993-04-01T00:00,0.227,µg/m³,VOC,
100111,ROCKY POINT PARK,Octane,1993-04-07T00:00,0.137,µg/m³,VOC,
100111,ROCKY POINT PARK,Octane,1993-04-13T00:00,0.257,µg/m³,VOC,
100111,ROCKY POINT PARK,Octane,1993-04-19T00:00,0.326,µg/m³,VOC,
100111,ROCKY POINT PARK,Octane,1993-04-25T00:00,0.094,µg/m³,VOC,
100111,ROCKY POINT PARK,Octane,1993-05-01T00:00,0.140,µg/m³,VOC,
100111,ROCKY POINT PARK,Octane,1993-05-07T00:00,0.282,µg/m³,VOC,
100111,ROCKY POINT PARK,Octane,1993-05-13T00:00,0.243,µg/m³,VOC,
100111,ROCKY POINT PARK,Octane,1993-05-19T00:00,0.475,µg/m³,VOC,
100111,ROCKY POINT PARK,Octane,1993-05-25T00:00,0.548,µg/m³,VOC,
100111,ROCKY POINT PARK,Octane,1993-05-31T00:00,0.290,µg/m³,VOC,
100111,ROCKY POINT PARK,Octane,1993-06-06T00:00,0.222,µg/m³,VOC,
100111,ROCKY POINT PARK,Octane,1993-06-12T00:00,0.139,µg/m³,VOC,
100111,ROCKY POINT PARK,Octane,1993-06-18T00:00,0.272,µg/m³,VOC,
100111,ROCKY POINT PARK,Octane,1993-06-30T00:00,0.186,µg/m³,VOC,
100111,ROCKY POINT PARK,Octane,1993-07-06T00:00,0.310,µg/m³,VOC,
100111,ROCKY POINT PARK,Octane,1993-07-12T00:00,0.169,µg/m³,VOC,
100111,ROCKY POINT PARK,Octane,1993-07-18T00:00,0.251,µg/m³,VOC,
100111,ROCKY POINT PARK,Octane,1993-07-30T00:00,0.261,µg/m³,VOC,
100111,ROCKY POINT PARK,Octane,1993-08-05T00:00,1.079,µg/m³,VOC,
100111,ROCKY POINT PARK,Octane,1993-08-11T00:00,0.457,µg/m³,VOC,
100111,ROCKY POINT PARK,Octane,1993-08-17T00:00,0.270,µg/m³,VOC,
100111,ROCKY POINT PARK,Octane,1993-08-23T00:00,0.184,µg/m³,VOC,
100111,ROCKY POINT PARK,Octane,1993-08-29T00:00,0.787,µg/m³,VOC,
100111,ROCKY POINT PARK,Octane,1993-09-04T00:00,0.164,µg/m³,VOC,
100111,ROCKY POINT PARK,Octane,1993-09-10T00:00,0.712,µg/m³,VOC,
100111,ROCKY POINT PARK,Octane,1993-09-16T00:00,0.712,µg/m³,VOC,
100111,ROCKY POINT PARK,Octane,1993-09-22T00:00,0.735,µg/m³,VOC,
100111,ROCKY POINT PARK,Octane,1993-09-28T00:00,1.045,µg/m³,VOC,
100111,ROCKY POINT PARK,Octane,1993-10-04T00:00,0.549,µg/m³,VOC,
100111,ROCKY POINT PARK,Octane,1993-10-16T00:00,0.329,µg/m³,VOC,
100111,ROCKY POINT PARK,Octane,1993-10-22T00:00,0.324,µg/m³,VOC,
100111,ROCKY POINT PARK,Octane,1993-10-28T00:00,0.818,µg/m³,VOC,
100111,ROCKY POINT PARK,Octane,1993-11-03T00:00,1.434,µg/m³,VOC,
100111,ROCKY POINT PARK,Octane,1993-11-09T00:00,1.105,µg/m³,VOC,
100111,ROCKY POINT PARK,Octane,1993-11-15T00:00,0.314,µg/m³,VOC,
100111,ROCKY POINT PARK,Octane,1993-11-21T00:00,0.147,µg/m³,VOC,
100111,ROCKY POINT PARK,Octane,1993-11-27T00:00,0.739,µg/m³,VOC,
100111,ROCKY POINT PARK,Octane,1993-12-03T00:00,0.492,µg/m³,VOC,
100111,ROCKY POINT PARK,Octane,1993-12-09T00:00,0.394,µg/m³,VOC,
100111,ROCKY POINT PARK,Octane,1993-12-15T00:00,0.828,µg/m³,VOC,
100111,ROCKY POINT PARK,Octane,1993-12-21T00:00,1.143,µg/m³,VOC,
100111,ROCKY POINT PARK,Octane,1993-12-27T00:00,0.949,µg/m³,VOC,
