﻿NAPS_Site_ID,Station_Name,Pollutant,Date,Value,Units,Report_Type,Method
62601,EXPERIMENTAL FARM _SIMCOE_,OCDF,2006-01-05T00:00,0.016,pg/m³,PCDD,
62601,EXPERIMENTAL FARM _SIMCOE_,OCDF,2006-03-18T00:00,0.004,pg/m³,PCDD,
62601,EXPERIMENTAL FARM _SIMCOE_,OCDF,2006-04-11T00:00,0.040,pg/m³,PCDD,
62601,EXPERIMENTAL FARM _SIMCOE_,OCDF,2006-06-22T00:00,0.011,pg/m³,PCDD,
62601,EXPERIMENTAL FARM _SIMCOE_,OCDF,2006-07-16T00:00,0.009,pg/m³,PCDD,
62601,EXPERIMENTAL FARM _SIMCOE_,OCDF,2006-08-09T00:00,0.014,pg/m³,PCDD,
62601,EXPERIMENTAL FARM _SIMCOE_,OCDF,2006-09-02T00:00,0.014,pg/m³,PCDD,
62601,EXPERIMENTAL FARM _SIMCOE_,OCDF,2006-09-26T00:00,0.008,pg/m³,PCDD,
62601,EXPERIMENTAL FARM _SIMCOE_,OCDF,2006-10-20T00:00,0.007,pg/m³,PCDD,
62601,EXPERIMENTAL FARM _SIMCOE_,OCDF,2006-12-07T00:00,0.012,pg/m³,PCDD,
