﻿NAPS_Site_ID,Station_Name,Pollutant,Date,Value,Units,Report_Type,Method
90121,EDMONTON EAST,TEQ,2002-01-20T00:00,0.013,pg/m³,PCDD,GC-MS
90121,EDMONTON EAST,TEQ,2002-03-09T00:00,0.015,pg/m³,PCDD,GC-MS
90121,EDMONTON EAST,TEQ,2002-04-02T00:00,0.012,pg/m³,PCDD,GC-MS
90121,EDMONTON EAST,TEQ,2002-04-26T00:00,0.011,pg/m³,PCDD,GC-MS
90121,EDMONTON EAST,TEQ,2002-04-26T00:00,0.021,pg/m³,PCDD,GC-MS
90121,EDMONTON EAST,TEQ,2002-05-20T00:00,0.010,pg/m³,PCDD,GC-MS
90121,EDMONTON EAST,TEQ,2002-07-07T00:00,0.011,pg/m³,PCDD,GC-MS
90121,EDMONTON EAST,TEQ,2002-07-31T00:00,0.007,pg/m³,PCDD,GC-MS
90121,EDMONTON EAST,TEQ,2002-08-24T00:00,0.028,pg/m³,PCDD,GC-MS
90121,EDMONTON EAST,TEQ,2002-09-17T00:00,0.009,pg/m³,PCDD,GC-MS
