﻿NAPS_Site_ID,Station_Name,Pollutant,Date,Value,Units,Report_Type,Method
80901,BRATT'S LAKE,3-Methylhexane,2007-03-19T00:00,0.025,µg/m³,VOC,GC-MS
80901,BRATT'S LAKE,3-Methylhexane,2007-03-22T00:00,0.012,µg/m³,VOC,GC-MS
80901,BRATT'S LAKE,3-Methylhexane,2007-03-25T00:00,0.000,µg/m³,VOC,GC-MS
80901,BRATT'S LAKE,3-Methylhexane,2007-03-31T00:00,0.000,µg/m³,VOC,GC-MS
80901,BRATT'S LAKE,3-Methylhexane,2007-04-03T00:00,0.000,µg/m³,VOC,GC-MS
80901,BRATT'S LAKE,3-Methylhexane,2007-04-06T00:00,0.012,µg/m³,VOC,GC-MS
80901,BRATT'S LAKE,3-Methylhexane,2007-04-09T00:00,0.011,µg/m³,VOC,GC-MS
80901,BRATT'S LAKE,3-Methylhexane,2007-04-12T00:00,0.000,µg/m³,VOC,GC-MS
80901,BRATT'S LAKE,3-Methylhexane,2007-05-12T00:00,0.000,µg/m³,VOC,GC-MS
80901,BRATT'S LAKE,3-Methylhexane,2007-05-15T00:00,0.000,µg/m³,VOC,GC-MS
80901,BRATT'S LAKE,3-Methylhexane,2007-05-18T00:00,0.000,µg/m³,VOC,GC-MS
80901,BRATT'S LAKE,3-Methylhexane,2007-05-21T00:00,0.024,µg/m³,VOC,GC-MS
80901,BRATT'S LAKE,3-Methylhexane,2007-05-24T00:00,0.000,µg/m³,VOC,GC-MS
80901,BRATT'S LAKE,3-Methylhexane,2007-05-27T00:00,0.000,µg/m³,VOC,GC-MS
80901,BRATT'S LAKE,3-Methylhexane,2007-05-30T00:00,0.055,µg/m³,VOC,GC-MS
80901,BRATT'S LAKE,3-Methylhexane,2007-06-02T00:00,0.000,µg/m³,VOC,GC-MS
80901,BRATT'S LAKE,3-Methylhexane,2007-06-05T00:00,0.000,µg/m³,VOC,GC-MS
80901,BRATT'S LAKE,3-Methylhexane,2007-06-08T00:00,0.013,µg/m³,VOC,GC-MS
80901,BRATT'S LAKE,3-Methylhexane,2007-06-11T00:00,0.000,µg/m³,VOC,GC-MS
80901,BRATT'S LAKE,3-Methylhexane,2007-06-14T00:00,0.000,µg/m³,VOC,GC-MS
80901,BRATT'S LAKE,3-Methylhexane,2007-06-17T00:00,0.024,µg/m³,VOC,GC-MS
80901,BRATT'S LAKE,3-Methylhexane,2007-06-23T00:00,0.019,µg/m³,VOC,GC-MS
80901,BRATT'S LAKE,3-Methylhexane,2007-06-26T00:00,0.013,µg/m³,VOC,GC-MS
80901,BRATT'S LAKE,3-Methylhexane,2007-06-29T00:00,0.034,µg/m³,VOC,GC-MS
80901,BRATT'S LAKE,3-Methylhexane,2007-07-05T00:00,0.000,µg/m³,VOC,GC-MS
80901,BRATT'S LAKE,3-Methylhexane,2007-07-29T00:00,0.000,µg/m³,VOC,GC-MS
80901,BRATT'S LAKE,3-Methylhexane,2007-08-04T00:00,0.049,µg/m³,VOC,GC-MS
80901,BRATT'S LAKE,3-Methylhexane,2007-08-07T00:00,0.000,µg/m³,VOC,GC-MS
80901,BRATT'S LAKE,3-Methylhexane,2007-08-10T00:00,0.018,µg/m³,VOC,GC-MS
80901,BRATT'S LAKE,3-Methylhexane,2007-08-13T00:00,0.015,µg/m³,VOC,GC-MS
80901,BRATT'S LAKE,3-Methylhexane,2007-08-16T00:00,0.000,µg/m³,VOC,GC-MS
80901,BRATT'S LAKE,3-Methylhexane,2007-08-19T00:00,0.045,µg/m³,VOC,GC-MS
80901,BRATT'S LAKE,3-Methylhexane,2007-08-22T00:00,0.026,µg/m³,VOC,GC-MS
80901,BRATT'S LAKE,3-Methylhexane,2007-08-25T00:00,0.000,µg/m³,VOC,GC-MS
80901,BRATT'S LAKE,3-Methylhexane,2007-09-03T00:00,0.032,µg/m³,VOC,GC-MS
80901,BRATT'S LAKE,3-Methylhexane,2007-09-09T00:00,0.000,µg/m³,VOC,GC-MS
80901,BRATT'S LAKE,3-Methylhexane,2007-09-12T00:00,0.000,µg/m³,VOC,GC-MS
80901,BRATT'S LAKE,3-Methylhexane,2007-09-21T00:00,0.019,µg/m³,VOC,GC-MS
80901,BRATT'S LAKE,3-Methylhexane,2007-09-24T00:00,0.000,µg/m³,VOC,GC-MS
80901,BRATT'S LAKE,3-Methylhexane,2007-10-09T00:00,0.000,µg/m³,VOC,GC-MS
80901,BRATT'S LAKE,3-Methylhexane,2007-10-12T00:00,0.043,µg/m³,VOC,GC-MS
80901,BRATT'S LAKE,3-Methylhexane,2007-11-05T00:00,0.013,µg/m³,VOC,GC-MS
80901,BRATT'S LAKE,3-Methylhexane,2007-11-08T00:00,0.021,µg/m³,VOC,GC-MS
80901,BRATT'S LAKE,3-Methylhexane,2007-11-11T00:00,0.000,µg/m³,VOC,GC-MS
80901,BRATT'S LAKE,3-Methylhexane,2007-11-14T00:00,0.059,µg/m³,VOC,GC-MS
80901,BRATT'S LAKE,3-Methylhexane,2007-11-17T00:00,0.045,µg/m³,VOC,GC-MS
80901,BRATT'S LAKE,3-Methylhexane,2007-11-20T00:00,0.048,µg/m³,VOC,GC-MS
80901,BRATT'S LAKE,3-Methylhexane,2007-11-26T00:00,0.018,µg/m³,VOC,GC-MS
80901,BRATT'S LAKE,3-Methylhexane,2007-11-29T00:00,0.090,µg/m³,VOC,GC-MS
80901,BRATT'S LAKE,3-Methylhexane,2007-12-02T00:00,0.000,µg/m³,VOC,GC-MS
80901,BRATT'S LAKE,3-Methylhexane,2007-12-05T00:00,0.050,µg/m³,VOC,GC-MS
80901,BRATT'S LAKE,3-Methylhexane,2007-12-08T00:00,0.095,µg/m³,VOC,GC-MS
