﻿NAPS_Site_ID,Station_Name,Pollutant,Date,Value,Units,Report_Type,Method
100121,SECOND NARROWS,"1,3-Butadiene",2009-01-01T00:00,0.099,µg/m³,VOC,
100121,SECOND NARROWS,"1,3-Butadiene",2009-01-07T00:00,0.121,µg/m³,VOC,
100121,SECOND NARROWS,"1,3-Butadiene",2009-01-13T00:00,0.136,µg/m³,VOC,
100121,SECOND NARROWS,"1,3-Butadiene",2009-01-19T00:00,0.367,µg/m³,VOC,
100121,SECOND NARROWS,"1,3-Butadiene",2009-01-31T00:00,0.081,µg/m³,VOC,
100121,SECOND NARROWS,"1,3-Butadiene",2009-02-06T00:00,0.172,µg/m³,VOC,
100121,SECOND NARROWS,"1,3-Butadiene",2009-02-12T00:00,0.103,µg/m³,VOC,
100121,SECOND NARROWS,"1,3-Butadiene",2009-02-18T00:00,0.183,µg/m³,VOC,
100121,SECOND NARROWS,"1,3-Butadiene",2009-03-08T00:00,0.059,µg/m³,VOC,
100121,SECOND NARROWS,"1,3-Butadiene",2009-03-20T00:00,0.075,µg/m³,VOC,
100121,SECOND NARROWS,"1,3-Butadiene",2009-03-26T00:00,0.087,µg/m³,VOC,
100121,SECOND NARROWS,"1,3-Butadiene",2009-04-01T00:00,0.061,µg/m³,VOC,
100121,SECOND NARROWS,"1,3-Butadiene",2009-04-07T00:00,0.068,µg/m³,VOC,
100121,SECOND NARROWS,"1,3-Butadiene",2009-04-13T00:00,0.035,µg/m³,VOC,
100121,SECOND NARROWS,"1,3-Butadiene",2009-04-19T00:00,0.033,µg/m³,VOC,
100121,SECOND NARROWS,"1,3-Butadiene",2009-04-25T00:00,0.032,µg/m³,VOC,
100121,SECOND NARROWS,"1,3-Butadiene",2009-05-01T00:00,0.082,µg/m³,VOC,
100121,SECOND NARROWS,"1,3-Butadiene",2009-05-07T00:00,0.065,µg/m³,VOC,
100121,SECOND NARROWS,"1,3-Butadiene",2009-05-13T00:00,0.051,µg/m³,VOC,
100121,SECOND NARROWS,"1,3-Butadiene",2009-05-19T00:00,0.039,µg/m³,VOC,
100121,SECOND NARROWS,"1,3-Butadiene",2009-05-25T00:00,0.044,µg/m³,VOC,
100121,SECOND NARROWS,"1,3-Butadiene",2009-06-06T00:00,0.042,µg/m³,VOC,
100121,SECOND NARROWS,"1,3-Butadiene",2009-06-12T00:00,0.057,µg/m³,VOC,
100121,SECOND NARROWS,"1,3-Butadiene",2009-06-18T00:00,0.045,µg/m³,VOC,
100121,SECOND NARROWS,"1,3-Butadiene",2009-06-24T00:00,0.060,µg/m³,VOC,
100121,SECOND NARROWS,"1,3-Butadiene",2009-06-30T00:00,0.043,µg/m³,VOC,
100121,SECOND NARROWS,"1,3-Butadiene",2009-07-06T00:00,0.090,µg/m³,VOC,
100121,SECOND NARROWS,"1,3-Butadiene",2009-07-12T00:00,0.046,µg/m³,VOC,
100121,SECOND NARROWS,"1,3-Butadiene",2009-07-24T00:00,0.068,µg/m³,VOC,
100121,SECOND NARROWS,"1,3-Butadiene",2009-07-30T00:00,0.108,µg/m³,VOC,
100121,SECOND NARROWS,"1,3-Butadiene",2009-08-05T00:00,0.041,µg/m³,VOC,
100121,SECOND NARROWS,"1,3-Butadiene",2009-08-11T00:00,0.051,µg/m³,VOC,
100121,SECOND NARROWS,"1,3-Butadiene",2009-08-17T00:00,0.071,µg/m³,VOC,
100121,SECOND NARROWS,"1,3-Butadiene",2009-08-23T00:00,0.028,µg/m³,VOC,
100121,SECOND NARROWS,"1,3-Butadiene",2009-08-29T00:00,0.072,µg/m³,VOC,
100121,SECOND NARROWS,"1,3-Butadiene",2009-09-04T00:00,0.056,µg/m³,VOC,
100121,SECOND NARROWS,"1,3-Butadiene",2009-09-10T00:00,0.068,µg/m³,VOC,
100121,SECOND NARROWS,"1,3-Butadiene",2009-09-22T00:00,0.154,µg/m³,VOC,
100121,SECOND NARROWS,"1,3-Butadiene",2009-09-28T00:00,0.118,µg/m³,VOC,
100121,SECOND NARROWS,"1,3-Butadiene",2009-10-04T00:00,0.056,µg/m³,VOC,
100121,SECOND NARROWS,"1,3-Butadiene",2009-10-10T00:00,0.054,µg/m³,VOC,
100121,SECOND NARROWS,"1,3-Butadiene",2009-10-16T00:00,0.071,µg/m³,VOC,
100121,SECOND NARROWS,"1,3-Butadiene",2009-10-22T00:00,0.103,µg/m³,VOC,
100121,SECOND NARROWS,"1,3-Butadiene",2009-11-09T00:00,0.075,µg/m³,VOC,
100121,SECOND NARROWS,"1,3-Butadiene",2009-11-15T00:00,0.038,µg/m³,VOC,
100121,SECOND NARROWS,"1,3-Butadiene",2009-11-21T00:00,0.044,µg/m³,VOC,
100121,SECOND NARROWS,"1,3-Butadiene",2009-11-27T00:00,0.133,µg/m³,VOC,
100121,SECOND NARROWS,"1,3-Butadiene",2009-12-03T00:00,0.230,µg/m³,VOC,
100121,SECOND NARROWS,"1,3-Butadiene",2009-12-09T00:00,0.127,µg/m³,VOC,
100121,SECOND NARROWS,"1,3-Butadiene",2009-12-15T00:00,0.063,µg/m³,VOC,
100121,SECOND NARROWS,"1,3-Butadiene",2009-12-27T00:00,0.214,µg/m³,VOC,
