﻿NAPS_Site_ID,Station_Name,Pollutant,Date,Value,Units,Report_Type,Method
52601,VARENNES-CHEMIN DE LA BARONNIE,2-Methyl-2-Butene,1998-02-28T00:00,0.140,µg/m³,VOC,GC-MS
52601,VARENNES-CHEMIN DE LA BARONNIE,2-Methyl-2-Butene,1998-03-06T00:00,0.060,µg/m³,VOC,GC-MS
52601,VARENNES-CHEMIN DE LA BARONNIE,2-Methyl-2-Butene,1998-03-12T00:00,0.040,µg/m³,VOC,GC-MS
52601,VARENNES-CHEMIN DE LA BARONNIE,2-Methyl-2-Butene,1998-03-24T00:00,0.120,µg/m³,VOC,GC-MS
52601,VARENNES-CHEMIN DE LA BARONNIE,2-Methyl-2-Butene,1998-03-30T00:00,0.340,µg/m³,VOC,GC-MS
52601,VARENNES-CHEMIN DE LA BARONNIE,2-Methyl-2-Butene,1998-04-05T00:00,0.060,µg/m³,VOC,GC-MS
52601,VARENNES-CHEMIN DE LA BARONNIE,2-Methyl-2-Butene,1998-04-11T00:00,0.060,µg/m³,VOC,GC-MS
52601,VARENNES-CHEMIN DE LA BARONNIE,2-Methyl-2-Butene,1998-04-17T00:00,0.600,µg/m³,VOC,GC-MS
52601,VARENNES-CHEMIN DE LA BARONNIE,2-Methyl-2-Butene,1998-04-23T00:00,0.100,µg/m³,VOC,GC-MS
52601,VARENNES-CHEMIN DE LA BARONNIE,2-Methyl-2-Butene,1998-04-29T00:00,0.380,µg/m³,VOC,GC-MS
52601,VARENNES-CHEMIN DE LA BARONNIE,2-Methyl-2-Butene,1998-05-05T00:00,0.060,µg/m³,VOC,GC-MS
52601,VARENNES-CHEMIN DE LA BARONNIE,2-Methyl-2-Butene,1998-05-11T00:00,0.091,µg/m³,VOC,GC-MS
52601,VARENNES-CHEMIN DE LA BARONNIE,2-Methyl-2-Butene,1998-05-17T00:00,0.179,µg/m³,VOC,GC-MS
52601,VARENNES-CHEMIN DE LA BARONNIE,2-Methyl-2-Butene,1998-05-23T00:00,0.045,µg/m³,VOC,GC-MS
52601,VARENNES-CHEMIN DE LA BARONNIE,2-Methyl-2-Butene,1998-05-29T00:00,0.148,µg/m³,VOC,GC-MS
52601,VARENNES-CHEMIN DE LA BARONNIE,2-Methyl-2-Butene,1998-06-04T00:00,0.122,µg/m³,VOC,GC-MS
52601,VARENNES-CHEMIN DE LA BARONNIE,2-Methyl-2-Butene,1998-06-10T00:00,0.179,µg/m³,VOC,GC-MS
52601,VARENNES-CHEMIN DE LA BARONNIE,2-Methyl-2-Butene,1998-06-16T00:00,0.093,µg/m³,VOC,GC-MS
52601,VARENNES-CHEMIN DE LA BARONNIE,2-Methyl-2-Butene,1998-06-22T00:00,0.130,µg/m³,VOC,GC-MS
52601,VARENNES-CHEMIN DE LA BARONNIE,2-Methyl-2-Butene,1998-06-28T00:00,0.092,µg/m³,VOC,GC-MS
52601,VARENNES-CHEMIN DE LA BARONNIE,2-Methyl-2-Butene,1998-07-04T00:00,0.128,µg/m³,VOC,GC-MS
52601,VARENNES-CHEMIN DE LA BARONNIE,2-Methyl-2-Butene,1998-07-10T00:00,0.101,µg/m³,VOC,GC-MS
52601,VARENNES-CHEMIN DE LA BARONNIE,2-Methyl-2-Butene,1998-07-16T00:00,0.139,µg/m³,VOC,GC-MS
52601,VARENNES-CHEMIN DE LA BARONNIE,2-Methyl-2-Butene,1998-07-22T00:00,0.174,µg/m³,VOC,GC-MS
52601,VARENNES-CHEMIN DE LA BARONNIE,2-Methyl-2-Butene,1998-07-28T00:00,0.186,µg/m³,VOC,GC-MS
52601,VARENNES-CHEMIN DE LA BARONNIE,2-Methyl-2-Butene,1998-08-03T00:00,0.091,µg/m³,VOC,GC-MS
52601,VARENNES-CHEMIN DE LA BARONNIE,2-Methyl-2-Butene,1998-08-09T00:00,0.080,µg/m³,VOC,GC-MS
52601,VARENNES-CHEMIN DE LA BARONNIE,2-Methyl-2-Butene,1998-08-15T00:00,0.110,µg/m³,VOC,GC-MS
52601,VARENNES-CHEMIN DE LA BARONNIE,2-Methyl-2-Butene,1998-08-27T00:00,0.408,µg/m³,VOC,GC-MS
52601,VARENNES-CHEMIN DE LA BARONNIE,2-Methyl-2-Butene,1998-09-02T00:00,0.106,µg/m³,VOC,GC-MS
52601,VARENNES-CHEMIN DE LA BARONNIE,2-Methyl-2-Butene,1998-09-08T00:00,0.076,µg/m³,VOC,GC-MS
52601,VARENNES-CHEMIN DE LA BARONNIE,2-Methyl-2-Butene,1998-09-14T00:00,0.178,µg/m³,VOC,GC-MS
52601,VARENNES-CHEMIN DE LA BARONNIE,2-Methyl-2-Butene,1998-09-20T00:00,0.040,µg/m³,VOC,GC-MS
52601,VARENNES-CHEMIN DE LA BARONNIE,2-Methyl-2-Butene,1998-09-26T00:00,0.112,µg/m³,VOC,GC-MS
52601,VARENNES-CHEMIN DE LA BARONNIE,2-Methyl-2-Butene,1998-10-02T00:00,0.056,µg/m³,VOC,GC-MS
52601,VARENNES-CHEMIN DE LA BARONNIE,2-Methyl-2-Butene,1998-10-08T00:00,0.124,µg/m³,VOC,GC-MS
52601,VARENNES-CHEMIN DE LA BARONNIE,2-Methyl-2-Butene,1998-10-14T00:00,0.082,µg/m³,VOC,GC-MS
52601,VARENNES-CHEMIN DE LA BARONNIE,2-Methyl-2-Butene,1998-10-20T00:00,0.061,µg/m³,VOC,GC-MS
52601,VARENNES-CHEMIN DE LA BARONNIE,2-Methyl-2-Butene,1998-10-26T00:00,0.077,µg/m³,VOC,GC-MS
52601,VARENNES-CHEMIN DE LA BARONNIE,2-Methyl-2-Butene,1998-11-01T00:00,0.035,µg/m³,VOC,GC-MS
52601,VARENNES-CHEMIN DE LA BARONNIE,2-Methyl-2-Butene,1998-11-07T00:00,0.090,µg/m³,VOC,GC-MS
52601,VARENNES-CHEMIN DE LA BARONNIE,2-Methyl-2-Butene,1998-11-13T00:00,0.102,µg/m³,VOC,GC-MS
52601,VARENNES-CHEMIN DE LA BARONNIE,2-Methyl-2-Butene,1998-11-19T00:00,0.058,µg/m³,VOC,GC-MS
52601,VARENNES-CHEMIN DE LA BARONNIE,2-Methyl-2-Butene,1998-11-25T00:00,0.048,µg/m³,VOC,GC-MS
52601,VARENNES-CHEMIN DE LA BARONNIE,2-Methyl-2-Butene,1998-12-01T00:00,0.108,µg/m³,VOC,GC-MS
52601,VARENNES-CHEMIN DE LA BARONNIE,2-Methyl-2-Butene,1998-12-07T00:00,0.094,µg/m³,VOC,GC-MS
52601,VARENNES-CHEMIN DE LA BARONNIE,2-Methyl-2-Butene,1998-12-13T00:00,0.234,µg/m³,VOC,GC-MS
52601,VARENNES-CHEMIN DE LA BARONNIE,2-Methyl-2-Butene,1998-12-19T00:00,0.103,µg/m³,VOC,GC-MS
52601,VARENNES-CHEMIN DE LA BARONNIE,2-Methyl-2-Butene,1998-12-25T00:00,0.142,µg/m³,VOC,GC-MS
52601,VARENNES-CHEMIN DE LA BARONNIE,2-Methyl-2-Butene,1998-12-31T00:00,0.089,µg/m³,VOC,GC-MS
