﻿NAPS_Site_ID,Station_Name,Pollutant,Date,Value,Units,Report_Type,Method
60101,HYDRO BLDG.,"cis-1,3-Dimethylcyclohexane",1990-01-05T00:00,0.423,µg/m³,VOC,
60101,HYDRO BLDG.,"cis-1,3-Dimethylcyclohexane",1990-01-11T00:00,0.658,µg/m³,VOC,
60101,HYDRO BLDG.,"cis-1,3-Dimethylcyclohexane",1990-01-17T00:00,0.821,µg/m³,VOC,
60101,HYDRO BLDG.,"cis-1,3-Dimethylcyclohexane",1990-01-23T00:00,0.961,µg/m³,VOC,
60101,HYDRO BLDG.,"cis-1,3-Dimethylcyclohexane",1990-01-29T00:00,0.482,µg/m³,VOC,
60101,HYDRO BLDG.,"cis-1,3-Dimethylcyclohexane",1990-02-04T00:00,0.171,µg/m³,VOC,
60101,HYDRO BLDG.,"cis-1,3-Dimethylcyclohexane",1990-02-10T00:00,0.215,µg/m³,VOC,
60101,HYDRO BLDG.,"cis-1,3-Dimethylcyclohexane",1990-02-16T00:00,0.261,µg/m³,VOC,
60101,HYDRO BLDG.,"cis-1,3-Dimethylcyclohexane",1990-02-22T00:00,0.810,µg/m³,VOC,
60101,HYDRO BLDG.,"cis-1,3-Dimethylcyclohexane",1990-02-28T00:00,0.401,µg/m³,VOC,
60101,HYDRO BLDG.,"cis-1,3-Dimethylcyclohexane",1990-03-06T00:00,0.200,µg/m³,VOC,
60101,HYDRO BLDG.,"cis-1,3-Dimethylcyclohexane",1990-03-12T00:00,0.327,µg/m³,VOC,
60101,HYDRO BLDG.,"cis-1,3-Dimethylcyclohexane",1990-03-18T00:00,0.185,µg/m³,VOC,
60101,HYDRO BLDG.,"cis-1,3-Dimethylcyclohexane",1990-03-24T00:00,0.238,µg/m³,VOC,
60101,HYDRO BLDG.,"cis-1,3-Dimethylcyclohexane",1990-03-30T00:00,0.407,µg/m³,VOC,
60101,HYDRO BLDG.,"cis-1,3-Dimethylcyclohexane",1990-04-05T00:00,0.376,µg/m³,VOC,
60101,HYDRO BLDG.,"cis-1,3-Dimethylcyclohexane",1990-04-11T00:00,0.229,µg/m³,VOC,
60101,HYDRO BLDG.,"cis-1,3-Dimethylcyclohexane",1990-04-17T00:00,0.304,µg/m³,VOC,
60101,HYDRO BLDG.,"cis-1,3-Dimethylcyclohexane",1990-04-23T00:00,0.260,µg/m³,VOC,
60101,HYDRO BLDG.,"cis-1,3-Dimethylcyclohexane",1990-04-29T00:00,0.129,µg/m³,VOC,
60101,HYDRO BLDG.,"cis-1,3-Dimethylcyclohexane",1990-05-05T00:00,0.115,µg/m³,VOC,
60101,HYDRO BLDG.,"cis-1,3-Dimethylcyclohexane",1990-05-11T00:00,0.434,µg/m³,VOC,
60101,HYDRO BLDG.,"cis-1,3-Dimethylcyclohexane",1990-05-17T00:00,0.307,µg/m³,VOC,
60101,HYDRO BLDG.,"cis-1,3-Dimethylcyclohexane",1990-05-23T00:00,0.304,µg/m³,VOC,
60101,HYDRO BLDG.,"cis-1,3-Dimethylcyclohexane",1990-05-29T00:00,0.265,µg/m³,VOC,
60101,HYDRO BLDG.,"cis-1,3-Dimethylcyclohexane",1990-06-04T00:00,0.144,µg/m³,VOC,
60101,HYDRO BLDG.,"cis-1,3-Dimethylcyclohexane",1990-06-10T00:00,0.000,µg/m³,VOC,
60101,HYDRO BLDG.,"cis-1,3-Dimethylcyclohexane",1990-06-16T00:00,0.159,µg/m³,VOC,
60101,HYDRO BLDG.,"cis-1,3-Dimethylcyclohexane",1990-06-22T00:00,0.286,µg/m³,VOC,
60101,HYDRO BLDG.,"cis-1,3-Dimethylcyclohexane",1990-06-28T00:00,0.169,µg/m³,VOC,
60101,HYDRO BLDG.,"cis-1,3-Dimethylcyclohexane",1990-07-10T00:00,0.000,µg/m³,VOC,
60101,HYDRO BLDG.,"cis-1,3-Dimethylcyclohexane",1990-07-28T00:00,0.000,µg/m³,VOC,
60101,HYDRO BLDG.,"cis-1,3-Dimethylcyclohexane",1990-08-03T00:00,0.195,µg/m³,VOC,
60101,HYDRO BLDG.,"cis-1,3-Dimethylcyclohexane",1990-08-09T00:00,0.436,µg/m³,VOC,
60101,HYDRO BLDG.,"cis-1,3-Dimethylcyclohexane",1990-08-15T00:00,0.321,µg/m³,VOC,
60101,HYDRO BLDG.,"cis-1,3-Dimethylcyclohexane",1990-08-21T00:00,0.244,µg/m³,VOC,
60101,HYDRO BLDG.,"cis-1,3-Dimethylcyclohexane",1990-08-27T00:00,0.260,µg/m³,VOC,
60101,HYDRO BLDG.,"cis-1,3-Dimethylcyclohexane",1990-09-02T00:00,0.000,µg/m³,VOC,
60101,HYDRO BLDG.,"cis-1,3-Dimethylcyclohexane",1990-09-08T00:00,0.107,µg/m³,VOC,
60101,HYDRO BLDG.,"cis-1,3-Dimethylcyclohexane",1990-09-14T00:00,0.280,µg/m³,VOC,
60101,HYDRO BLDG.,"cis-1,3-Dimethylcyclohexane",1990-09-26T00:00,0.364,µg/m³,VOC,
60101,HYDRO BLDG.,"cis-1,3-Dimethylcyclohexane",1990-10-08T00:00,0.057,µg/m³,VOC,
60101,HYDRO BLDG.,"cis-1,3-Dimethylcyclohexane",1990-10-14T00:00,0.126,µg/m³,VOC,
60101,HYDRO BLDG.,"cis-1,3-Dimethylcyclohexane",1990-10-20T00:00,0.152,µg/m³,VOC,
60101,HYDRO BLDG.,"cis-1,3-Dimethylcyclohexane",1990-10-26T00:00,0.170,µg/m³,VOC,
60101,HYDRO BLDG.,"cis-1,3-Dimethylcyclohexane",1990-11-01T00:00,0.361,µg/m³,VOC,
60101,HYDRO BLDG.,"cis-1,3-Dimethylcyclohexane",1990-11-07T00:00,0.278,µg/m³,VOC,
60101,HYDRO BLDG.,"cis-1,3-Dimethylcyclohexane",1990-11-19T00:00,0.115,µg/m³,VOC,
60101,HYDRO BLDG.,"cis-1,3-Dimethylcyclohexane",1990-11-25T00:00,0.130,µg/m³,VOC,
60101,HYDRO BLDG.,"cis-1,3-Dimethylcyclohexane",1990-12-01T00:00,0.130,µg/m³,VOC,
60101,HYDRO BLDG.,"cis-1,3-Dimethylcyclohexane",1990-12-07T00:00,0.247,µg/m³,VOC,
60101,HYDRO BLDG.,"cis-1,3-Dimethylcyclohexane",1990-12-13T00:00,0.157,µg/m³,VOC,
60101,HYDRO BLDG.,"cis-1,3-Dimethylcyclohexane",1990-12-19T00:00,0.082,µg/m³,VOC,
60101,HYDRO BLDG.,"cis-1,3-Dimethylcyclohexane",1990-12-25T00:00,0.119,µg/m³,VOC,
60101,HYDRO BLDG.,"cis-1,3-Dimethylcyclohexane",1990-12-31T00:00,0.213,µg/m³,VOC,
