﻿NAPS_Site_ID,Station_Name,Pollutant,Date,Value,Units,Report_Type,Method
61007,AAMJIWNAANG,Cyclopentane,2013-01-09T19:00,0.122,µg/m³,VOC,
61007,AAMJIWNAANG,Cyclopentane,2013-01-21T19:00,0.031,µg/m³,VOC,
61007,AAMJIWNAANG,Cyclopentane,2013-02-02T19:00,0.081,µg/m³,VOC,
61007,AAMJIWNAANG,Cyclopentane,2013-02-14T19:00,0.037,µg/m³,VOC,
61007,AAMJIWNAANG,Cyclopentane,2013-02-26T19:00,0.069,µg/m³,VOC,
61007,AAMJIWNAANG,Cyclopentane,2013-03-10T20:00,0.122,µg/m³,VOC,
61007,AAMJIWNAANG,Cyclopentane,2013-03-22T20:00,0.050,µg/m³,VOC,
61007,AAMJIWNAANG,Cyclopentane,2013-04-03T20:00,0.041,µg/m³,VOC,
61007,AAMJIWNAANG,Cyclopentane,2013-04-15T20:00,0.107,µg/m³,VOC,
61007,AAMJIWNAANG,Cyclopentane,2013-04-27T20:00,0.037,µg/m³,VOC,
61007,AAMJIWNAANG,Cyclopentane,2013-05-09T20:00,0.388,µg/m³,VOC,
61007,AAMJIWNAANG,Cyclopentane,2013-05-21T20:00,0.079,µg/m³,VOC,
61007,AAMJIWNAANG,Cyclopentane,2013-06-02T20:00,0.093,µg/m³,VOC,
61007,AAMJIWNAANG,Cyclopentane,2013-06-14T20:00,0.221,µg/m³,VOC,
61007,AAMJIWNAANG,Cyclopentane,2013-06-26T20:00,0.198,µg/m³,VOC,
61007,AAMJIWNAANG,Cyclopentane,2013-07-08T20:00,0.102,µg/m³,VOC,
61007,AAMJIWNAANG,Cyclopentane,2013-07-20T20:00,0.246,µg/m³,VOC,
61007,AAMJIWNAANG,Cyclopentane,2013-08-01T20:00,0.116,µg/m³,VOC,
61007,AAMJIWNAANG,Cyclopentane,2013-08-13T20:00,0.141,µg/m³,VOC,
61007,AAMJIWNAANG,Cyclopentane,2013-09-06T20:00,0.069,µg/m³,VOC,
61007,AAMJIWNAANG,Cyclopentane,2013-09-18T20:00,0.131,µg/m³,VOC,
61007,AAMJIWNAANG,Cyclopentane,2013-09-30T20:00,0.123,µg/m³,VOC,
61007,AAMJIWNAANG,Cyclopentane,2013-10-12T20:00,0.184,µg/m³,VOC,
61007,AAMJIWNAANG,Cyclopentane,2013-10-24T20:00,0.047,µg/m³,VOC,
61007,AAMJIWNAANG,Cyclopentane,2013-11-05T19:00,0.221,µg/m³,VOC,
61007,AAMJIWNAANG,Cyclopentane,2013-11-17T19:00,0.140,µg/m³,VOC,
61007,AAMJIWNAANG,Cyclopentane,2013-11-29T19:00,0.077,µg/m³,VOC,
61007,AAMJIWNAANG,Cyclopentane,2013-12-11T19:00,0.130,µg/m³,VOC,
61007,AAMJIWNAANG,Cyclopentane,2013-12-23T19:00,0.052,µg/m³,VOC,
