﻿NAPS_Site_ID,Station_Name,Pollutant,Date,Value,Units,Report_Type,Method
90227,CALGARY CENTRAL,"1,3-Dichlorobenzene",2007-12-31T19:00,0.002,µg/m³,VOC,N/A
90227,CALGARY CENTRAL,"1,3-Dichlorobenzene",2008-01-06T19:00,0.002,µg/m³,VOC,N/A
90227,CALGARY CENTRAL,"1,3-Dichlorobenzene",2008-01-12T19:00,0.002,µg/m³,VOC,N/A
90227,CALGARY CENTRAL,"1,3-Dichlorobenzene",2008-01-18T19:00,0.002,µg/m³,VOC,N/A
90227,CALGARY CENTRAL,"1,3-Dichlorobenzene",2008-01-24T19:00,0.002,µg/m³,VOC,N/A
90227,CALGARY CENTRAL,"1,3-Dichlorobenzene",2008-01-30T19:00,0.002,µg/m³,VOC,N/A
90227,CALGARY CENTRAL,"1,3-Dichlorobenzene",2008-02-05T19:00,0.002,µg/m³,VOC,N/A
90227,CALGARY CENTRAL,"1,3-Dichlorobenzene",2008-02-11T19:00,0.003,µg/m³,VOC,N/A
