﻿NAPS_Site_ID,Station_Name,Pollutant,Date,Value,Units,Report_Type,Method
70119,ELLEN,Naphthalene,1996-01-04T00:00,0.063,µg/m³,VOC,
70119,ELLEN,Naphthalene,1996-01-10T00:00,0.671,µg/m³,VOC,
70119,ELLEN,Naphthalene,1996-01-16T00:00,0.197,µg/m³,VOC,
70119,ELLEN,Naphthalene,1996-01-22T00:00,0.080,µg/m³,VOC,
70119,ELLEN,Naphthalene,1996-01-28T00:00,0.044,µg/m³,VOC,
70119,ELLEN,Naphthalene,1996-02-03T00:00,0.056,µg/m³,VOC,
70119,ELLEN,Naphthalene,1996-02-09T00:00,1.083,µg/m³,VOC,
70119,ELLEN,Naphthalene,1996-02-15T00:00,0.261,µg/m³,VOC,
70119,ELLEN,Naphthalene,1996-02-21T00:00,0.424,µg/m³,VOC,
70119,ELLEN,Naphthalene,1996-02-27T00:00,0.094,µg/m³,VOC,
70119,ELLEN,Naphthalene,1996-03-04T00:00,0.204,µg/m³,VOC,
70119,ELLEN,Naphthalene,1996-03-10T00:00,0.302,µg/m³,VOC,
70119,ELLEN,Naphthalene,1996-03-16T00:00,0.185,µg/m³,VOC,
70119,ELLEN,Naphthalene,1996-03-22T00:00,0.163,µg/m³,VOC,
70119,ELLEN,Naphthalene,1996-03-28T00:00,0.097,µg/m³,VOC,
70119,ELLEN,Naphthalene,1996-04-03T00:00,0.272,µg/m³,VOC,
70119,ELLEN,Naphthalene,1996-04-09T00:00,0.329,µg/m³,VOC,
70119,ELLEN,Naphthalene,1996-04-15T00:00,0.264,µg/m³,VOC,
70119,ELLEN,Naphthalene,1996-04-21T00:00,0.154,µg/m³,VOC,
70119,ELLEN,Naphthalene,1996-04-27T00:00,0.281,µg/m³,VOC,
70119,ELLEN,Naphthalene,1996-05-03T00:00,0.241,µg/m³,VOC,
70119,ELLEN,Naphthalene,1996-05-09T00:00,0.155,µg/m³,VOC,
70119,ELLEN,Naphthalene,1996-05-15T00:00,0.412,µg/m³,VOC,
70119,ELLEN,Naphthalene,1996-05-21T00:00,0.381,µg/m³,VOC,
70119,ELLEN,Naphthalene,1996-05-27T00:00,0.420,µg/m³,VOC,
70119,ELLEN,Naphthalene,1996-06-02T00:00,0.293,µg/m³,VOC,
70119,ELLEN,Naphthalene,1996-06-08T00:00,0.339,µg/m³,VOC,
70119,ELLEN,Naphthalene,1996-06-14T00:00,0.521,µg/m³,VOC,
70119,ELLEN,Naphthalene,1996-06-20T00:00,0.418,µg/m³,VOC,
70119,ELLEN,Naphthalene,1996-06-26T00:00,0.649,µg/m³,VOC,
70119,ELLEN,Naphthalene,1996-07-02T00:00,0.685,µg/m³,VOC,
70119,ELLEN,Naphthalene,1996-07-14T00:00,0.491,µg/m³,VOC,
70119,ELLEN,Naphthalene,1996-07-20T00:00,0.542,µg/m³,VOC,
70119,ELLEN,Naphthalene,1996-08-01T00:00,0.654,µg/m³,VOC,
70119,ELLEN,Naphthalene,1996-08-07T00:00,0.489,µg/m³,VOC,
70119,ELLEN,Naphthalene,1996-08-13T00:00,0.730,µg/m³,VOC,
70119,ELLEN,Naphthalene,1996-08-19T00:00,0.815,µg/m³,VOC,
70119,ELLEN,Naphthalene,1996-08-25T00:00,0.538,µg/m³,VOC,
70119,ELLEN,Naphthalene,1996-08-31T00:00,0.617,µg/m³,VOC,
70119,ELLEN,Naphthalene,1996-09-06T00:00,0.673,µg/m³,VOC,
70119,ELLEN,Naphthalene,1996-09-12T00:00,0.706,µg/m³,VOC,
70119,ELLEN,Naphthalene,1996-09-18T00:00,0.729,µg/m³,VOC,
70119,ELLEN,Naphthalene,1996-09-24T00:00,0.645,µg/m³,VOC,
70119,ELLEN,Naphthalene,1996-09-30T00:00,0.572,µg/m³,VOC,
70119,ELLEN,Naphthalene,1996-10-06T00:00,0.320,µg/m³,VOC,
70119,ELLEN,Naphthalene,1996-10-12T00:00,0.331,µg/m³,VOC,
70119,ELLEN,Naphthalene,1996-10-18T00:00,0.270,µg/m³,VOC,
70119,ELLEN,Naphthalene,1996-10-24T00:00,0.432,µg/m³,VOC,
70119,ELLEN,Naphthalene,1996-10-30T00:00,0.082,µg/m³,VOC,
70119,ELLEN,Naphthalene,1996-11-05T00:00,0.778,µg/m³,VOC,
70119,ELLEN,Naphthalene,1996-11-11T00:00,0.170,µg/m³,VOC,
70119,ELLEN,Naphthalene,1996-11-17T00:00,0.120,µg/m³,VOC,
70119,ELLEN,Naphthalene,1996-11-23T00:00,0.108,µg/m³,VOC,
70119,ELLEN,Naphthalene,1996-11-29T00:00,0.680,µg/m³,VOC,
70119,ELLEN,Naphthalene,1996-12-05T00:00,0.440,µg/m³,VOC,
70119,ELLEN,Naphthalene,1996-12-11T00:00,0.360,µg/m³,VOC,
70119,ELLEN,Naphthalene,1996-12-17T00:00,0.040,µg/m³,VOC,
70119,ELLEN,Naphthalene,1996-12-23T00:00,0.040,µg/m³,VOC,
70119,ELLEN,Naphthalene,1996-12-29T00:00,0.040,µg/m³,VOC,
