﻿NAPS_Site_ID,Station_Name,Pollutant,Date,Value,Units,Report_Type,Method
90228,CALGARY CENTRAL-2,"cis-1,3-Dimethylcyclohexane",2010-01-01T19:00,0.071,µg/m³,VOC,N/A
90228,CALGARY CENTRAL-2,"cis-1,3-Dimethylcyclohexane",2010-01-07T19:00,0.036,µg/m³,VOC,N/A
90228,CALGARY CENTRAL-2,"cis-1,3-Dimethylcyclohexane",2010-01-13T19:00,0.051,µg/m³,VOC,N/A
90228,CALGARY CENTRAL-2,"cis-1,3-Dimethylcyclohexane",2010-01-19T19:00,0.102,µg/m³,VOC,N/A
90228,CALGARY CENTRAL-2,"cis-1,3-Dimethylcyclohexane",2010-01-25T19:00,0.128,µg/m³,VOC,N/A
90228,CALGARY CENTRAL-2,"cis-1,3-Dimethylcyclohexane",2010-01-31T19:00,0.156,µg/m³,VOC,N/A
90228,CALGARY CENTRAL-2,"cis-1,3-Dimethylcyclohexane",2010-02-06T19:00,0.019,µg/m³,VOC,N/A
90228,CALGARY CENTRAL-2,"cis-1,3-Dimethylcyclohexane",2010-02-12T19:00,0.067,µg/m³,VOC,N/A
90228,CALGARY CENTRAL-2,"cis-1,3-Dimethylcyclohexane",2010-02-18T19:00,0.035,µg/m³,VOC,N/A
90228,CALGARY CENTRAL-2,"cis-1,3-Dimethylcyclohexane",2010-02-24T19:00,0.034,µg/m³,VOC,N/A
90228,CALGARY CENTRAL-2,"cis-1,3-Dimethylcyclohexane",2010-03-02T19:00,0.029,µg/m³,VOC,N/A
90228,CALGARY CENTRAL-2,"cis-1,3-Dimethylcyclohexane",2010-03-08T19:00,0.017,µg/m³,VOC,N/A
90228,CALGARY CENTRAL-2,"cis-1,3-Dimethylcyclohexane",2010-03-14T20:00,0.029,µg/m³,VOC,N/A
90228,CALGARY CENTRAL-2,"cis-1,3-Dimethylcyclohexane",2010-03-20T20:00,0.007,µg/m³,VOC,N/A
90228,CALGARY CENTRAL-2,"cis-1,3-Dimethylcyclohexane",2010-03-26T20:00,0.022,µg/m³,VOC,N/A
90228,CALGARY CENTRAL-2,"cis-1,3-Dimethylcyclohexane",2010-04-01T20:00,0.014,µg/m³,VOC,N/A
90228,CALGARY CENTRAL-2,"cis-1,3-Dimethylcyclohexane",2010-04-07T20:00,0.018,µg/m³,VOC,N/A
90228,CALGARY CENTRAL-2,"cis-1,3-Dimethylcyclohexane",2010-04-13T20:00,0.026,µg/m³,VOC,N/A
90228,CALGARY CENTRAL-2,"cis-1,3-Dimethylcyclohexane",2010-04-19T20:00,0.047,µg/m³,VOC,N/A
90228,CALGARY CENTRAL-2,"cis-1,3-Dimethylcyclohexane",2010-04-25T20:00,0.021,µg/m³,VOC,N/A
90228,CALGARY CENTRAL-2,"cis-1,3-Dimethylcyclohexane",2010-05-01T20:00,0.010,µg/m³,VOC,N/A
90228,CALGARY CENTRAL-2,"cis-1,3-Dimethylcyclohexane",2010-05-13T20:00,0.025,µg/m³,VOC,N/A
90228,CALGARY CENTRAL-2,"cis-1,3-Dimethylcyclohexane",2010-05-19T20:00,0.069,µg/m³,VOC,N/A
90228,CALGARY CENTRAL-2,"cis-1,3-Dimethylcyclohexane",2010-05-25T20:00,0.029,µg/m³,VOC,N/A
90228,CALGARY CENTRAL-2,"cis-1,3-Dimethylcyclohexane",2010-05-31T20:00,0.033,µg/m³,VOC,N/A
90228,CALGARY CENTRAL-2,"cis-1,3-Dimethylcyclohexane",2010-06-06T20:00,0.053,µg/m³,VOC,N/A
90228,CALGARY CENTRAL-2,"cis-1,3-Dimethylcyclohexane",2010-06-12T20:00,0.030,µg/m³,VOC,N/A
90228,CALGARY CENTRAL-2,"cis-1,3-Dimethylcyclohexane",2010-06-18T20:00,0.022,µg/m³,VOC,N/A
90228,CALGARY CENTRAL-2,"cis-1,3-Dimethylcyclohexane",2010-06-24T20:00,0.026,µg/m³,VOC,N/A
90228,CALGARY CENTRAL-2,"cis-1,3-Dimethylcyclohexane",2010-06-30T20:00,0.011,µg/m³,VOC,N/A
90228,CALGARY CENTRAL-2,"cis-1,3-Dimethylcyclohexane",2010-07-06T20:00,0.059,µg/m³,VOC,N/A
90228,CALGARY CENTRAL-2,"cis-1,3-Dimethylcyclohexane",2010-07-12T20:00,0.013,µg/m³,VOC,N/A
90228,CALGARY CENTRAL-2,"cis-1,3-Dimethylcyclohexane",2010-07-18T20:00,0.032,µg/m³,VOC,N/A
90228,CALGARY CENTRAL-2,"cis-1,3-Dimethylcyclohexane",2010-07-24T20:00,0.033,µg/m³,VOC,N/A
90228,CALGARY CENTRAL-2,"cis-1,3-Dimethylcyclohexane",2010-07-30T20:00,0.024,µg/m³,VOC,N/A
90228,CALGARY CENTRAL-2,"cis-1,3-Dimethylcyclohexane",2010-08-05T20:00,0.040,µg/m³,VOC,N/A
90228,CALGARY CENTRAL-2,"cis-1,3-Dimethylcyclohexane",2010-08-11T20:00,0.030,µg/m³,VOC,N/A
90228,CALGARY CENTRAL-2,"cis-1,3-Dimethylcyclohexane",2010-08-29T20:00,0.032,µg/m³,VOC,N/A
90228,CALGARY CENTRAL-2,"cis-1,3-Dimethylcyclohexane",2010-09-04T20:00,0.013,µg/m³,VOC,N/A
90228,CALGARY CENTRAL-2,"cis-1,3-Dimethylcyclohexane",2010-09-10T20:00,0.020,µg/m³,VOC,N/A
90228,CALGARY CENTRAL-2,"cis-1,3-Dimethylcyclohexane",2010-09-16T20:00,0.016,µg/m³,VOC,N/A
90228,CALGARY CENTRAL-2,"cis-1,3-Dimethylcyclohexane",2010-09-22T20:00,0.105,µg/m³,VOC,N/A
90228,CALGARY CENTRAL-2,"cis-1,3-Dimethylcyclohexane",2010-09-28T20:00,0.025,µg/m³,VOC,N/A
90228,CALGARY CENTRAL-2,"cis-1,3-Dimethylcyclohexane",2010-10-04T20:00,0.041,µg/m³,VOC,N/A
90228,CALGARY CENTRAL-2,"cis-1,3-Dimethylcyclohexane",2010-10-10T20:00,0.011,µg/m³,VOC,N/A
90228,CALGARY CENTRAL-2,"cis-1,3-Dimethylcyclohexane",2010-10-16T20:00,0.015,µg/m³,VOC,N/A
90228,CALGARY CENTRAL-2,"cis-1,3-Dimethylcyclohexane",2010-10-22T20:00,0.072,µg/m³,VOC,N/A
90228,CALGARY CENTRAL-2,"cis-1,3-Dimethylcyclohexane",2010-11-03T20:00,0.054,µg/m³,VOC,N/A
90228,CALGARY CENTRAL-2,"cis-1,3-Dimethylcyclohexane",2010-11-09T19:00,0.068,µg/m³,VOC,N/A
90228,CALGARY CENTRAL-2,"cis-1,3-Dimethylcyclohexane",2010-11-15T19:00,0.030,µg/m³,VOC,N/A
90228,CALGARY CENTRAL-2,"cis-1,3-Dimethylcyclohexane",2010-11-21T19:00,0.033,µg/m³,VOC,N/A
90228,CALGARY CENTRAL-2,"cis-1,3-Dimethylcyclohexane",2010-11-27T19:00,0.037,µg/m³,VOC,N/A
90228,CALGARY CENTRAL-2,"cis-1,3-Dimethylcyclohexane",2010-12-03T19:00,0.039,µg/m³,VOC,N/A
90228,CALGARY CENTRAL-2,"cis-1,3-Dimethylcyclohexane",2010-12-09T19:00,0.064,µg/m³,VOC,N/A
90228,CALGARY CENTRAL-2,"cis-1,3-Dimethylcyclohexane",2010-12-15T19:00,0.058,µg/m³,VOC,N/A
90228,CALGARY CENTRAL-2,"cis-1,3-Dimethylcyclohexane",2010-12-21T19:00,0.110,µg/m³,VOC,N/A
90228,CALGARY CENTRAL-2,"cis-1,3-Dimethylcyclohexane",2010-12-27T19:00,0.024,µg/m³,VOC,N/A
