﻿NAPS_Site_ID,Station_Name,Pollutant,Date,Value,Units,Report_Type,Method
50121,BROSSARD-PARC OCÉANIE,"trans-1,2-Dimethylcyclohexane",1998-02-22T00:00,0.020,µg/m³,VOC,GC-MS
50121,BROSSARD-PARC OCÉANIE,"trans-1,2-Dimethylcyclohexane",1998-03-24T00:00,0.040,µg/m³,VOC,GC-MS
50121,BROSSARD-PARC OCÉANIE,"trans-1,2-Dimethylcyclohexane",1998-04-17T00:00,0.020,µg/m³,VOC,GC-MS
50121,BROSSARD-PARC OCÉANIE,"trans-1,2-Dimethylcyclohexane",1998-04-29T00:00,0.000,µg/m³,VOC,GC-MS
50121,BROSSARD-PARC OCÉANIE,"trans-1,2-Dimethylcyclohexane",1998-05-05T00:00,0.020,µg/m³,VOC,GC-MS
50121,BROSSARD-PARC OCÉANIE,"trans-1,2-Dimethylcyclohexane",1998-05-11T00:00,0.000,µg/m³,VOC,GC-MS
50121,BROSSARD-PARC OCÉANIE,"trans-1,2-Dimethylcyclohexane",1998-05-17T00:00,0.021,µg/m³,VOC,GC-MS
50121,BROSSARD-PARC OCÉANIE,"trans-1,2-Dimethylcyclohexane",1998-05-23T00:00,0.414,µg/m³,VOC,GC-MS
50121,BROSSARD-PARC OCÉANIE,"trans-1,2-Dimethylcyclohexane",1998-05-29T00:00,0.017,µg/m³,VOC,GC-MS
50121,BROSSARD-PARC OCÉANIE,"trans-1,2-Dimethylcyclohexane",1998-06-16T00:00,0.024,µg/m³,VOC,GC-MS
50121,BROSSARD-PARC OCÉANIE,"trans-1,2-Dimethylcyclohexane",1998-06-22T00:00,0.000,µg/m³,VOC,GC-MS
50121,BROSSARD-PARC OCÉANIE,"trans-1,2-Dimethylcyclohexane",1998-06-28T00:00,0.057,µg/m³,VOC,GC-MS
50121,BROSSARD-PARC OCÉANIE,"trans-1,2-Dimethylcyclohexane",1998-07-03T00:00,0.057,µg/m³,VOC,GC-MS
50121,BROSSARD-PARC OCÉANIE,"trans-1,2-Dimethylcyclohexane",1998-07-10T00:00,0.028,µg/m³,VOC,GC-MS
50121,BROSSARD-PARC OCÉANIE,"trans-1,2-Dimethylcyclohexane",1998-07-16T00:00,0.098,µg/m³,VOC,GC-MS
50121,BROSSARD-PARC OCÉANIE,"trans-1,2-Dimethylcyclohexane",1998-07-22T00:00,0.021,µg/m³,VOC,GC-MS
50121,BROSSARD-PARC OCÉANIE,"trans-1,2-Dimethylcyclohexane",1998-08-03T00:00,0.060,µg/m³,VOC,GC-MS
50121,BROSSARD-PARC OCÉANIE,"trans-1,2-Dimethylcyclohexane",1998-08-09T00:00,0.000,µg/m³,VOC,GC-MS
50121,BROSSARD-PARC OCÉANIE,"trans-1,2-Dimethylcyclohexane",1998-08-21T00:00,0.038,µg/m³,VOC,GC-MS
50121,BROSSARD-PARC OCÉANIE,"trans-1,2-Dimethylcyclohexane",1998-08-27T00:00,0.034,µg/m³,VOC,GC-MS
50121,BROSSARD-PARC OCÉANIE,"trans-1,2-Dimethylcyclohexane",1998-09-02T00:00,0.024,µg/m³,VOC,GC-MS
50121,BROSSARD-PARC OCÉANIE,"trans-1,2-Dimethylcyclohexane",1998-09-08T00:00,0.038,µg/m³,VOC,GC-MS
50121,BROSSARD-PARC OCÉANIE,"trans-1,2-Dimethylcyclohexane",1998-09-14T00:00,0.664,µg/m³,VOC,GC-MS
50121,BROSSARD-PARC OCÉANIE,"trans-1,2-Dimethylcyclohexane",1998-09-20T00:00,0.024,µg/m³,VOC,GC-MS
50121,BROSSARD-PARC OCÉANIE,"trans-1,2-Dimethylcyclohexane",1998-10-02T00:00,0.014,µg/m³,VOC,GC-MS
50121,BROSSARD-PARC OCÉANIE,"trans-1,2-Dimethylcyclohexane",1998-10-08T00:00,0.042,µg/m³,VOC,GC-MS
50121,BROSSARD-PARC OCÉANIE,"trans-1,2-Dimethylcyclohexane",1998-10-14T00:00,0.026,µg/m³,VOC,GC-MS
50121,BROSSARD-PARC OCÉANIE,"trans-1,2-Dimethylcyclohexane",1998-10-20T00:00,0.027,µg/m³,VOC,GC-MS
50121,BROSSARD-PARC OCÉANIE,"trans-1,2-Dimethylcyclohexane",1998-10-26T00:00,0.061,µg/m³,VOC,GC-MS
50121,BROSSARD-PARC OCÉANIE,"trans-1,2-Dimethylcyclohexane",1998-11-01T00:00,0.026,µg/m³,VOC,GC-MS
50121,BROSSARD-PARC OCÉANIE,"trans-1,2-Dimethylcyclohexane",1998-11-07T00:00,0.026,µg/m³,VOC,GC-MS
50121,BROSSARD-PARC OCÉANIE,"trans-1,2-Dimethylcyclohexane",1998-11-13T00:00,0.000,µg/m³,VOC,GC-MS
50121,BROSSARD-PARC OCÉANIE,"trans-1,2-Dimethylcyclohexane",1998-11-19T00:00,0.032,µg/m³,VOC,GC-MS
50121,BROSSARD-PARC OCÉANIE,"trans-1,2-Dimethylcyclohexane",1998-11-25T00:00,0.026,µg/m³,VOC,GC-MS
50121,BROSSARD-PARC OCÉANIE,"trans-1,2-Dimethylcyclohexane",1998-12-01T00:00,0.028,µg/m³,VOC,GC-MS
50121,BROSSARD-PARC OCÉANIE,"trans-1,2-Dimethylcyclohexane",1998-12-07T00:00,0.048,µg/m³,VOC,GC-MS
50121,BROSSARD-PARC OCÉANIE,"trans-1,2-Dimethylcyclohexane",1998-12-13T00:00,0.040,µg/m³,VOC,GC-MS
50121,BROSSARD-PARC OCÉANIE,"trans-1,2-Dimethylcyclohexane",1998-12-19T00:00,0.064,µg/m³,VOC,GC-MS
50121,BROSSARD-PARC OCÉANIE,"trans-1,2-Dimethylcyclohexane",1998-12-25T00:00,0.000,µg/m³,VOC,GC-MS
50121,BROSSARD-PARC OCÉANIE,"trans-1,2-Dimethylcyclohexane",1998-12-31T00:00,0.022,µg/m³,VOC,GC-MS
