﻿NAPS_Site_ID,Station_Name,Pollutant,Date,Value,Units,Report_Type,Method
90228,CALGARY CENTRAL-2,sec-Butylbenzene,2008-04-05T20:00,0.006,µg/m³,VOC,
90228,CALGARY CENTRAL-2,sec-Butylbenzene,2008-04-11T20:00,0.009,µg/m³,VOC,
90228,CALGARY CENTRAL-2,sec-Butylbenzene,2008-04-17T20:00,0.005,µg/m³,VOC,
90228,CALGARY CENTRAL-2,sec-Butylbenzene,2008-04-23T20:00,0.011,µg/m³,VOC,
90228,CALGARY CENTRAL-2,sec-Butylbenzene,2008-04-29T20:00,0.004,µg/m³,VOC,
90228,CALGARY CENTRAL-2,sec-Butylbenzene,2008-05-05T20:00,0.005,µg/m³,VOC,
90228,CALGARY CENTRAL-2,sec-Butylbenzene,2008-05-11T20:00,0.005,µg/m³,VOC,
90228,CALGARY CENTRAL-2,sec-Butylbenzene,2008-05-17T20:00,0.005,µg/m³,VOC,
90228,CALGARY CENTRAL-2,sec-Butylbenzene,2008-05-23T20:00,0.004,µg/m³,VOC,
90228,CALGARY CENTRAL-2,sec-Butylbenzene,2008-05-29T20:00,0.011,µg/m³,VOC,
90228,CALGARY CENTRAL-2,sec-Butylbenzene,2008-06-04T20:00,0.010,µg/m³,VOC,
90228,CALGARY CENTRAL-2,sec-Butylbenzene,2008-06-10T20:00,0.006,µg/m³,VOC,
90228,CALGARY CENTRAL-2,sec-Butylbenzene,2008-06-16T20:00,0.011,µg/m³,VOC,
90228,CALGARY CENTRAL-2,sec-Butylbenzene,2008-06-22T20:00,0.010,µg/m³,VOC,
90228,CALGARY CENTRAL-2,sec-Butylbenzene,2008-07-10T20:00,0.004,µg/m³,VOC,
90228,CALGARY CENTRAL-2,sec-Butylbenzene,2008-07-16T20:00,0.008,µg/m³,VOC,
90228,CALGARY CENTRAL-2,sec-Butylbenzene,2008-07-22T20:00,0.007,µg/m³,VOC,
90228,CALGARY CENTRAL-2,sec-Butylbenzene,2008-07-28T20:00,0.006,µg/m³,VOC,
90228,CALGARY CENTRAL-2,sec-Butylbenzene,2008-08-15T20:00,0.012,µg/m³,VOC,
90228,CALGARY CENTRAL-2,sec-Butylbenzene,2008-08-21T20:00,0.006,µg/m³,VOC,
90228,CALGARY CENTRAL-2,sec-Butylbenzene,2008-08-27T20:00,0.006,µg/m³,VOC,
90228,CALGARY CENTRAL-2,sec-Butylbenzene,2008-09-02T20:00,0.005,µg/m³,VOC,
90228,CALGARY CENTRAL-2,sec-Butylbenzene,2008-09-08T20:00,0.006,µg/m³,VOC,
90228,CALGARY CENTRAL-2,sec-Butylbenzene,2008-09-14T20:00,0.012,µg/m³,VOC,
90228,CALGARY CENTRAL-2,sec-Butylbenzene,2008-09-20T20:00,0.012,µg/m³,VOC,
90228,CALGARY CENTRAL-2,sec-Butylbenzene,2008-09-26T20:00,0.008,µg/m³,VOC,
90228,CALGARY CENTRAL-2,sec-Butylbenzene,2008-10-02T20:00,0.014,µg/m³,VOC,
90228,CALGARY CENTRAL-2,sec-Butylbenzene,2008-10-08T20:00,0.008,µg/m³,VOC,
90228,CALGARY CENTRAL-2,sec-Butylbenzene,2008-10-14T20:00,0.009,µg/m³,VOC,
90228,CALGARY CENTRAL-2,sec-Butylbenzene,2008-10-20T20:00,0.004,µg/m³,VOC,
90228,CALGARY CENTRAL-2,sec-Butylbenzene,2008-10-26T20:00,0.018,µg/m³,VOC,
90228,CALGARY CENTRAL-2,sec-Butylbenzene,2008-11-01T20:00,0.011,µg/m³,VOC,
90228,CALGARY CENTRAL-2,sec-Butylbenzene,2008-11-07T19:00,0.032,µg/m³,VOC,
90228,CALGARY CENTRAL-2,sec-Butylbenzene,2008-11-13T19:00,0.006,µg/m³,VOC,
90228,CALGARY CENTRAL-2,sec-Butylbenzene,2008-11-19T19:00,0.005,µg/m³,VOC,
90228,CALGARY CENTRAL-2,sec-Butylbenzene,2008-11-25T19:00,0.007,µg/m³,VOC,
90228,CALGARY CENTRAL-2,sec-Butylbenzene,2008-12-01T19:00,0.007,µg/m³,VOC,
90228,CALGARY CENTRAL-2,sec-Butylbenzene,2008-12-07T19:00,0.014,µg/m³,VOC,
90228,CALGARY CENTRAL-2,sec-Butylbenzene,2008-12-13T19:00,0.002,µg/m³,VOC,
90228,CALGARY CENTRAL-2,sec-Butylbenzene,2008-12-19T19:00,0.000,µg/m³,VOC,
90228,CALGARY CENTRAL-2,sec-Butylbenzene,2008-12-25T19:00,0.007,µg/m³,VOC,
