﻿NAPS_Site_ID,Station_Name,Pollutant,Date,Value,Units,Report_Type,Method
100202,PRG PLAZA 400,trans-4-Methyl-2-Pentene,2007-01-06T00:00,0.000,µg/m³,VOC,
100202,PRG PLAZA 400,trans-4-Methyl-2-Pentene,2007-01-24T00:00,0.000,µg/m³,VOC,
100202,PRG PLAZA 400,trans-4-Methyl-2-Pentene,2007-01-30T00:00,0.025,µg/m³,VOC,
100202,PRG PLAZA 400,trans-4-Methyl-2-Pentene,2007-02-05T00:00,0.000,µg/m³,VOC,
100202,PRG PLAZA 400,trans-4-Methyl-2-Pentene,2007-02-11T00:00,0.000,µg/m³,VOC,
100202,PRG PLAZA 400,trans-4-Methyl-2-Pentene,2007-02-17T00:00,0.000,µg/m³,VOC,
100202,PRG PLAZA 400,trans-4-Methyl-2-Pentene,2007-02-23T00:00,0.018,µg/m³,VOC,
100202,PRG PLAZA 400,trans-4-Methyl-2-Pentene,2007-03-01T00:00,0.000,µg/m³,VOC,
100202,PRG PLAZA 400,trans-4-Methyl-2-Pentene,2007-03-07T00:00,0.006,µg/m³,VOC,
100202,PRG PLAZA 400,trans-4-Methyl-2-Pentene,2007-03-13T00:00,0.005,µg/m³,VOC,
100202,PRG PLAZA 400,trans-4-Methyl-2-Pentene,2007-03-19T00:00,0.006,µg/m³,VOC,
100202,PRG PLAZA 400,trans-4-Methyl-2-Pentene,2007-03-25T00:00,0.003,µg/m³,VOC,
100202,PRG PLAZA 400,trans-4-Methyl-2-Pentene,2007-03-31T00:00,0.000,µg/m³,VOC,
100202,PRG PLAZA 400,trans-4-Methyl-2-Pentene,2007-04-06T00:00,0.017,µg/m³,VOC,
100202,PRG PLAZA 400,trans-4-Methyl-2-Pentene,2007-04-12T00:00,0.007,µg/m³,VOC,
100202,PRG PLAZA 400,trans-4-Methyl-2-Pentene,2007-04-18T00:00,0.005,µg/m³,VOC,
100202,PRG PLAZA 400,trans-4-Methyl-2-Pentene,2007-04-24T00:00,0.000,µg/m³,VOC,
100202,PRG PLAZA 400,trans-4-Methyl-2-Pentene,2007-04-30T00:00,0.000,µg/m³,VOC,
100202,PRG PLAZA 400,trans-4-Methyl-2-Pentene,2007-05-06T00:00,0.000,µg/m³,VOC,
100202,PRG PLAZA 400,trans-4-Methyl-2-Pentene,2007-05-12T00:00,0.000,µg/m³,VOC,
100202,PRG PLAZA 400,trans-4-Methyl-2-Pentene,2007-05-18T00:00,0.000,µg/m³,VOC,
100202,PRG PLAZA 400,trans-4-Methyl-2-Pentene,2007-05-24T00:00,0.007,µg/m³,VOC,
100202,PRG PLAZA 400,trans-4-Methyl-2-Pentene,2007-05-30T00:00,0.000,µg/m³,VOC,
100202,PRG PLAZA 400,trans-4-Methyl-2-Pentene,2007-06-05T00:00,0.000,µg/m³,VOC,
100202,PRG PLAZA 400,trans-4-Methyl-2-Pentene,2007-06-11T00:00,0.005,µg/m³,VOC,
100202,PRG PLAZA 400,trans-4-Methyl-2-Pentene,2007-06-17T00:00,0.000,µg/m³,VOC,
100202,PRG PLAZA 400,trans-4-Methyl-2-Pentene,2007-06-23T00:00,0.000,µg/m³,VOC,
100202,PRG PLAZA 400,trans-4-Methyl-2-Pentene,2007-06-29T00:00,0.000,µg/m³,VOC,
100202,PRG PLAZA 400,trans-4-Methyl-2-Pentene,2007-07-05T00:00,0.000,µg/m³,VOC,
100202,PRG PLAZA 400,trans-4-Methyl-2-Pentene,2007-07-11T00:00,0.010,µg/m³,VOC,
100202,PRG PLAZA 400,trans-4-Methyl-2-Pentene,2007-07-17T00:00,0.013,µg/m³,VOC,
100202,PRG PLAZA 400,trans-4-Methyl-2-Pentene,2007-07-23T00:00,0.005,µg/m³,VOC,
100202,PRG PLAZA 400,trans-4-Methyl-2-Pentene,2007-07-29T00:00,0.000,µg/m³,VOC,
100202,PRG PLAZA 400,trans-4-Methyl-2-Pentene,2007-08-04T00:00,0.000,µg/m³,VOC,
100202,PRG PLAZA 400,trans-4-Methyl-2-Pentene,2007-08-10T00:00,0.000,µg/m³,VOC,
100202,PRG PLAZA 400,trans-4-Methyl-2-Pentene,2007-08-16T00:00,0.000,µg/m³,VOC,
100202,PRG PLAZA 400,trans-4-Methyl-2-Pentene,2007-08-22T00:00,0.018,µg/m³,VOC,
100202,PRG PLAZA 400,trans-4-Methyl-2-Pentene,2007-08-28T00:00,0.000,µg/m³,VOC,
100202,PRG PLAZA 400,trans-4-Methyl-2-Pentene,2007-09-03T00:00,0.000,µg/m³,VOC,
100202,PRG PLAZA 400,trans-4-Methyl-2-Pentene,2007-09-09T00:00,0.000,µg/m³,VOC,
100202,PRG PLAZA 400,trans-4-Methyl-2-Pentene,2007-09-15T00:00,0.015,µg/m³,VOC,
100202,PRG PLAZA 400,trans-4-Methyl-2-Pentene,2007-11-02T00:00,0.004,µg/m³,VOC,
100202,PRG PLAZA 400,trans-4-Methyl-2-Pentene,2007-11-08T00:00,0.000,µg/m³,VOC,
100202,PRG PLAZA 400,trans-4-Methyl-2-Pentene,2007-11-14T00:00,0.006,µg/m³,VOC,
100202,PRG PLAZA 400,trans-4-Methyl-2-Pentene,2007-11-20T00:00,0.000,µg/m³,VOC,
100202,PRG PLAZA 400,trans-4-Methyl-2-Pentene,2007-11-26T00:00,0.000,µg/m³,VOC,
100202,PRG PLAZA 400,trans-4-Methyl-2-Pentene,2007-12-02T00:00,0.000,µg/m³,VOC,
100202,PRG PLAZA 400,trans-4-Methyl-2-Pentene,2007-12-08T00:00,0.000,µg/m³,VOC,
100202,PRG PLAZA 400,trans-4-Methyl-2-Pentene,2007-12-14T00:00,0.000,µg/m³,VOC,
100202,PRG PLAZA 400,trans-4-Methyl-2-Pentene,2007-12-20T00:00,0.000,µg/m³,VOC,
100202,PRG PLAZA 400,trans-4-Methyl-2-Pentene,2007-12-26T00:00,0.000,µg/m³,VOC,
