﻿NAPS_Site_ID,Station_Name,Pollutant,Date,Value,Units,Report_Type,Method
90121,EDMONTON EAST,Carbontetrachloride,2022-01-05T00:00,0.254,µg/m³,VOC,GC-MS
90121,EDMONTON EAST,Carbontetrachloride,2022-01-11T00:00,0.360,µg/m³,VOC,GC-MS
90121,EDMONTON EAST,Carbontetrachloride,2022-01-17T00:00,0.386,µg/m³,VOC,GC-MS
90121,EDMONTON EAST,Carbontetrachloride,2022-01-23T00:00,0.394,µg/m³,VOC,GC-MS
90121,EDMONTON EAST,Carbontetrachloride,2022-01-29T00:00,0.444,µg/m³,VOC,GC-MS
90121,EDMONTON EAST,Carbontetrachloride,2022-02-04T00:00,0.358,µg/m³,VOC,GC-MS
90121,EDMONTON EAST,Carbontetrachloride,2022-02-10T00:00,0.438,µg/m³,VOC,GC-MS
90121,EDMONTON EAST,Carbontetrachloride,2022-02-22T00:00,0.218,µg/m³,VOC,GC-MS
90121,EDMONTON EAST,Carbontetrachloride,2022-02-28T00:00,0.506,µg/m³,VOC,GC-MS
90121,EDMONTON EAST,Carbontetrachloride,2022-03-06T00:00,0.504,µg/m³,VOC,GC-MS
90121,EDMONTON EAST,Carbontetrachloride,2022-03-12T00:00,0.496,µg/m³,VOC,GC-MS
90121,EDMONTON EAST,Carbontetrachloride,2022-03-18T00:00,0.428,µg/m³,VOC,GC-MS
90121,EDMONTON EAST,Carbontetrachloride,2022-03-24T00:00,0.418,µg/m³,VOC,GC-MS
90121,EDMONTON EAST,Carbontetrachloride,2022-03-31T00:00,0.430,µg/m³,VOC,GC-MS
90121,EDMONTON EAST,Carbontetrachloride,2022-04-05T00:00,0.418,µg/m³,VOC,GC-MS
90121,EDMONTON EAST,Carbontetrachloride,2022-04-11T00:00,0.426,µg/m³,VOC,GC-MS
90121,EDMONTON EAST,Carbontetrachloride,2022-04-17T00:00,0.402,µg/m³,VOC,GC-MS
90121,EDMONTON EAST,Carbontetrachloride,2022-04-23T00:00,0.406,µg/m³,VOC,GC-MS
90121,EDMONTON EAST,Carbontetrachloride,2022-04-29T00:00,0.342,µg/m³,VOC,GC-MS
90121,EDMONTON EAST,Carbontetrachloride,2022-05-05T00:00,0.374,µg/m³,VOC,GC-MS
90121,EDMONTON EAST,Carbontetrachloride,2022-05-11T00:00,0.424,µg/m³,VOC,GC-MS
90121,EDMONTON EAST,Carbontetrachloride,2022-05-17T00:00,0.428,µg/m³,VOC,GC-MS
90121,EDMONTON EAST,Carbontetrachloride,2022-05-23T00:00,0.428,µg/m³,VOC,GC-MS
90121,EDMONTON EAST,Carbontetrachloride,2022-05-29T00:00,0.468,µg/m³,VOC,GC-MS
90121,EDMONTON EAST,Carbontetrachloride,2022-06-04T00:00,0.430,µg/m³,VOC,GC-MS
90121,EDMONTON EAST,Carbontetrachloride,2022-06-10T00:00,0.456,µg/m³,VOC,GC-MS
90121,EDMONTON EAST,Carbontetrachloride,2022-06-16T00:00,0.498,µg/m³,VOC,GC-MS
90121,EDMONTON EAST,Carbontetrachloride,2022-06-22T00:00,0.496,µg/m³,VOC,GC-MS
90121,EDMONTON EAST,Carbontetrachloride,2022-06-28T00:00,0.436,µg/m³,VOC,GC-MS
90121,EDMONTON EAST,Carbontetrachloride,2022-07-04T00:00,0.400,µg/m³,VOC,GC-MS
90121,EDMONTON EAST,Carbontetrachloride,2022-07-10T00:00,0.462,µg/m³,VOC,GC-MS
90121,EDMONTON EAST,Carbontetrachloride,2022-07-16T00:00,0.394,µg/m³,VOC,GC-MS
90121,EDMONTON EAST,Carbontetrachloride,2022-07-22T00:00,0.344,µg/m³,VOC,GC-MS
90121,EDMONTON EAST,Carbontetrachloride,2022-07-28T00:00,0.370,µg/m³,VOC,GC-MS
90121,EDMONTON EAST,Carbontetrachloride,2022-08-03T00:00,0.414,µg/m³,VOC,GC-MS
90121,EDMONTON EAST,Carbontetrachloride,2022-08-09T00:00,0.424,µg/m³,VOC,GC-MS
90121,EDMONTON EAST,Carbontetrachloride,2022-08-15T00:00,0.380,µg/m³,VOC,GC-MS
90121,EDMONTON EAST,Carbontetrachloride,2022-08-21T00:00,0.372,µg/m³,VOC,GC-MS
90121,EDMONTON EAST,Carbontetrachloride,2022-08-27T00:00,0.452,µg/m³,VOC,GC-MS
90121,EDMONTON EAST,Carbontetrachloride,2022-09-02T00:00,0.424,µg/m³,VOC,GC-MS
90121,EDMONTON EAST,Carbontetrachloride,2022-09-08T00:00,0.426,µg/m³,VOC,GC-MS
90121,EDMONTON EAST,Carbontetrachloride,2022-09-14T00:00,0.374,µg/m³,VOC,GC-MS
90121,EDMONTON EAST,Carbontetrachloride,2022-09-20T00:00,0.374,µg/m³,VOC,GC-MS
90121,EDMONTON EAST,Carbontetrachloride,2022-09-26T00:00,0.510,µg/m³,VOC,GC-MS
90121,EDMONTON EAST,Carbontetrachloride,2022-10-02T00:00,0.510,µg/m³,VOC,GC-MS
90121,EDMONTON EAST,Carbontetrachloride,2022-10-08T00:00,0.358,µg/m³,VOC,GC-MS
90121,EDMONTON EAST,Carbontetrachloride,2022-10-14T00:00,0.370,µg/m³,VOC,GC-MS
90121,EDMONTON EAST,Carbontetrachloride,2022-10-20T00:00,0.370,µg/m³,VOC,GC-MS
90121,EDMONTON EAST,Carbontetrachloride,2022-10-26T00:00,0.358,µg/m³,VOC,GC-MS
90121,EDMONTON EAST,Carbontetrachloride,2022-11-01T00:00,0.380,µg/m³,VOC,GC-MS
90121,EDMONTON EAST,Carbontetrachloride,2022-11-07T00:00,0.364,µg/m³,VOC,GC-MS
90121,EDMONTON EAST,Carbontetrachloride,2022-11-13T00:00,0.354,µg/m³,VOC,GC-MS
90121,EDMONTON EAST,Carbontetrachloride,2022-11-19T00:00,0.404,µg/m³,VOC,GC-MS
90121,EDMONTON EAST,Carbontetrachloride,2022-11-25T00:00,0.352,µg/m³,VOC,GC-MS
90121,EDMONTON EAST,Carbontetrachloride,2022-12-01T00:00,0.010,µg/m³,VOC,GC-MS
90121,EDMONTON EAST,Carbontetrachloride,2022-12-07T00:00,0.402,µg/m³,VOC,GC-MS
90121,EDMONTON EAST,Carbontetrachloride,2022-12-13T00:00,0.382,µg/m³,VOC,GC-MS
90121,EDMONTON EAST,Carbontetrachloride,2022-12-19T00:00,0.018,µg/m³,VOC,GC-MS
90121,EDMONTON EAST,Carbontetrachloride,2022-12-25T00:00,0.136,µg/m³,VOC,GC-MS
