﻿NAPS_Site_ID,Station_Name,Pollutant,Date,Value,Units,Report_Type,Method
60211,WINDSOR WEST,Ethylbenzene,2011-01-03T00:00,0.089,µg/m³,VOC,N/A
60211,WINDSOR WEST,Ethylbenzene,2011-01-09T00:00,0.256,µg/m³,VOC,N/A
60211,WINDSOR WEST,Ethylbenzene,2011-01-15T00:00,0.141,µg/m³,VOC,N/A
60211,WINDSOR WEST,Ethylbenzene,2011-01-21T00:00,0.170,µg/m³,VOC,N/A
60211,WINDSOR WEST,Ethylbenzene,2011-01-27T00:00,0.165,µg/m³,VOC,N/A
60211,WINDSOR WEST,Ethylbenzene,2011-02-02T00:00,0.197,µg/m³,VOC,N/A
60211,WINDSOR WEST,Ethylbenzene,2011-02-14T00:00,0.115,µg/m³,VOC,N/A
60211,WINDSOR WEST,Ethylbenzene,2011-02-20T00:00,0.151,µg/m³,VOC,N/A
60211,WINDSOR WEST,Ethylbenzene,2011-02-26T00:00,0.183,µg/m³,VOC,N/A
60211,WINDSOR WEST,Ethylbenzene,2011-03-04T00:00,0.179,µg/m³,VOC,N/A
60211,WINDSOR WEST,Ethylbenzene,2011-03-10T00:00,0.250,µg/m³,VOC,N/A
60211,WINDSOR WEST,Ethylbenzene,2011-03-16T00:00,0.296,µg/m³,VOC,N/A
60211,WINDSOR WEST,Ethylbenzene,2011-03-22T00:00,0.192,µg/m³,VOC,N/A
60211,WINDSOR WEST,Ethylbenzene,2011-03-28T00:00,0.320,µg/m³,VOC,N/A
