﻿NAPS_Site_ID,Station_Name,Pollutant,Date,Value,Units,Report_Type,Method
50122,BROSSARD - PARC SORBONNE,Propane,2023-01-24T00:00,2.536,µg/m³,VOC,GC-MS
50122,BROSSARD - PARC SORBONNE,Propane,2023-01-30T00:00,3.552,µg/m³,VOC,GC-MS
50122,BROSSARD - PARC SORBONNE,Propane,2023-02-05T00:00,3.548,µg/m³,VOC,GC-MS
50122,BROSSARD - PARC SORBONNE,Propane,2023-02-11T00:00,1.716,µg/m³,VOC,GC-MS
50122,BROSSARD - PARC SORBONNE,Propane,2023-02-17T00:00,1.294,µg/m³,VOC,GC-MS
50122,BROSSARD - PARC SORBONNE,Propane,2023-02-23T00:00,1.308,µg/m³,VOC,GC-MS
50122,BROSSARD - PARC SORBONNE,Propane,2023-03-01T00:00,2.206,µg/m³,VOC,GC-MS
50122,BROSSARD - PARC SORBONNE,Propane,2023-03-07T00:00,1.508,µg/m³,VOC,GC-MS
50122,BROSSARD - PARC SORBONNE,Propane,2023-03-13T00:00,2.824,µg/m³,VOC,GC-MS
50122,BROSSARD - PARC SORBONNE,Propane,2023-03-19T00:00,1.318,µg/m³,VOC,GC-MS
50122,BROSSARD - PARC SORBONNE,Propane,2023-03-25T00:00,1.646,µg/m³,VOC,GC-MS
50122,BROSSARD - PARC SORBONNE,Propane,2023-04-06T00:00,1.784,µg/m³,VOC,GC-MS
50122,BROSSARD - PARC SORBONNE,Propane,2023-04-12T00:00,1.666,µg/m³,VOC,GC-MS
50122,BROSSARD - PARC SORBONNE,Propane,2023-04-18T00:00,1.178,µg/m³,VOC,GC-MS
50122,BROSSARD - PARC SORBONNE,Propane,2023-04-24T00:00,1.486,µg/m³,VOC,GC-MS
50122,BROSSARD - PARC SORBONNE,Propane,2023-04-30T00:00,0.688,µg/m³,VOC,GC-MS
50122,BROSSARD - PARC SORBONNE,Propane,2023-05-06T00:00,1.218,µg/m³,VOC,GC-MS
50122,BROSSARD - PARC SORBONNE,Propane,2023-05-12T00:00,1.314,µg/m³,VOC,GC-MS
50122,BROSSARD - PARC SORBONNE,Propane,2023-05-18T00:00,1.526,µg/m³,VOC,GC-MS
50122,BROSSARD - PARC SORBONNE,Propane,2023-05-24T00:00,1.300,µg/m³,VOC,GC-MS
50122,BROSSARD - PARC SORBONNE,Propane,2023-05-30T00:00,1.630,µg/m³,VOC,GC-MS
50122,BROSSARD - PARC SORBONNE,Propane,2023-06-05T00:00,1.444,µg/m³,VOC,GC-MS
50122,BROSSARD - PARC SORBONNE,Propane,2023-06-11T00:00,1.602,µg/m³,VOC,GC-MS
50122,BROSSARD - PARC SORBONNE,Propane,2023-06-17T00:00,1.206,µg/m³,VOC,GC-MS
50122,BROSSARD - PARC SORBONNE,Propane,2023-06-23T00:00,1.466,µg/m³,VOC,GC-MS
50122,BROSSARD - PARC SORBONNE,Propane,2023-06-29T00:00,1.334,µg/m³,VOC,GC-MS
50122,BROSSARD - PARC SORBONNE,Propane,2023-07-05T00:00,2.452,µg/m³,VOC,GC-MS
50122,BROSSARD - PARC SORBONNE,Propane,2023-07-17T00:00,1.310,µg/m³,VOC,GC-MS
50122,BROSSARD - PARC SORBONNE,Propane,2023-07-23T00:00,0.728,µg/m³,VOC,GC-MS
50122,BROSSARD - PARC SORBONNE,Propane,2023-07-29T00:00,0.714,µg/m³,VOC,GC-MS
50122,BROSSARD - PARC SORBONNE,Propane,2023-08-04T00:00,1.558,µg/m³,VOC,GC-MS
50122,BROSSARD - PARC SORBONNE,Propane,2023-08-10T00:00,1.056,µg/m³,VOC,GC-MS
50122,BROSSARD - PARC SORBONNE,Propane,2023-08-16T00:00,1.308,µg/m³,VOC,GC-MS
50122,BROSSARD - PARC SORBONNE,Propane,2023-08-22T00:00,2.342,µg/m³,VOC,GC-MS
50122,BROSSARD - PARC SORBONNE,Propane,2023-08-28T00:00,2.150,µg/m³,VOC,GC-MS
50122,BROSSARD - PARC SORBONNE,Propane,2023-09-03T00:00,2.032,µg/m³,VOC,GC-MS
50122,BROSSARD - PARC SORBONNE,Propane,2023-09-09T00:00,1.288,µg/m³,VOC,GC-MS
50122,BROSSARD - PARC SORBONNE,Propane,2023-09-21T00:00,3.100,µg/m³,VOC,GC-MS
50122,BROSSARD - PARC SORBONNE,Propane,2023-09-27T00:00,2.092,µg/m³,VOC,GC-MS
50122,BROSSARD - PARC SORBONNE,Propane,2023-10-03T00:00,2.356,µg/m³,VOC,GC-MS
50122,BROSSARD - PARC SORBONNE,Propane,2023-10-09T00:00,1.308,µg/m³,VOC,GC-MS
50122,BROSSARD - PARC SORBONNE,Propane,2023-10-21T00:00,1.992,µg/m³,VOC,GC-MS
50122,BROSSARD - PARC SORBONNE,Propane,2023-10-27T00:00,3.832,µg/m³,VOC,GC-MS
50122,BROSSARD - PARC SORBONNE,Propane,2023-11-02T00:00,2.474,µg/m³,VOC,GC-MS
50122,BROSSARD - PARC SORBONNE,Propane,2023-11-08T00:00,1.890,µg/m³,VOC,GC-MS
50122,BROSSARD - PARC SORBONNE,Propane,2023-11-14T00:00,3.584,µg/m³,VOC,GC-MS
50122,BROSSARD - PARC SORBONNE,Propane,2023-11-20T00:00,2.774,µg/m³,VOC,GC-MS
50122,BROSSARD - PARC SORBONNE,Propane,2023-11-26T00:00,1.968,µg/m³,VOC,GC-MS
50122,BROSSARD - PARC SORBONNE,Propane,2023-12-02T00:00,2.600,µg/m³,VOC,GC-MS
50122,BROSSARD - PARC SORBONNE,Propane,2023-12-08T00:00,2.232,µg/m³,VOC,GC-MS
50122,BROSSARD - PARC SORBONNE,Propane,2023-12-14T00:00,1.894,µg/m³,VOC,GC-MS
50122,BROSSARD - PARC SORBONNE,Propane,2023-12-20T00:00,1.684,µg/m³,VOC,GC-MS
