﻿NAPS_Site_ID,Station_Name,Pollutant,Date,Value,Units,Report_Type,Method
54301,VILLEROY,1-Methylcyclohexene,1993-10-22T00:00,0.000,µg/m³,VOC,N/A
54301,VILLEROY,1-Methylcyclohexene,1993-10-28T00:00,0.000,µg/m³,VOC,N/A
54301,VILLEROY,1-Methylcyclohexene,1993-11-03T00:00,0.000,µg/m³,VOC,N/A
54301,VILLEROY,1-Methylcyclohexene,1993-11-09T00:00,0.000,µg/m³,VOC,N/A
54301,VILLEROY,1-Methylcyclohexene,1993-11-21T00:00,0.000,µg/m³,VOC,N/A
54301,VILLEROY,1-Methylcyclohexene,1993-11-27T00:00,0.000,µg/m³,VOC,N/A
54301,VILLEROY,1-Methylcyclohexene,1993-12-03T00:00,0.000,µg/m³,VOC,N/A
54301,VILLEROY,1-Methylcyclohexene,1993-12-09T00:00,0.000,µg/m³,VOC,N/A
54301,VILLEROY,1-Methylcyclohexene,1993-12-15T00:00,0.000,µg/m³,VOC,N/A
54301,VILLEROY,1-Methylcyclohexene,1993-12-21T00:00,0.000,µg/m³,VOC,N/A
