﻿NAPS_Site_ID,Station_Name,Pollutant,Date,Value,Units,Report_Type,Method
50115,MONTRÉAL-MAISONNEUVE,1-Nonene,1992-07-09T00:00,0.000,µg/m³,VOC,N/A
50115,MONTRÉAL-MAISONNEUVE,1-Nonene,1992-07-10T00:00,0.000,µg/m³,VOC,N/A
50115,MONTRÉAL-MAISONNEUVE,1-Nonene,1992-07-12T00:00,0.000,µg/m³,VOC,N/A
50115,MONTRÉAL-MAISONNEUVE,1-Nonene,1992-07-13T00:00,0.000,µg/m³,VOC,N/A
50115,MONTRÉAL-MAISONNEUVE,1-Nonene,1992-07-14T00:00,0.000,µg/m³,VOC,N/A
50115,MONTRÉAL-MAISONNEUVE,1-Nonene,1992-07-15T00:00,0.000,µg/m³,VOC,N/A
50115,MONTRÉAL-MAISONNEUVE,1-Nonene,1992-07-16T00:00,0.000,µg/m³,VOC,N/A
50115,MONTRÉAL-MAISONNEUVE,1-Nonene,1992-07-17T00:00,0.000,µg/m³,VOC,N/A
50115,MONTRÉAL-MAISONNEUVE,1-Nonene,1992-07-18T00:00,0.000,µg/m³,VOC,N/A
50115,MONTRÉAL-MAISONNEUVE,1-Nonene,1992-07-19T00:00,0.000,µg/m³,VOC,N/A
50115,MONTRÉAL-MAISONNEUVE,1-Nonene,1992-07-20T00:00,0.000,µg/m³,VOC,N/A
50115,MONTRÉAL-MAISONNEUVE,1-Nonene,1992-07-21T00:00,0.000,µg/m³,VOC,N/A
50115,MONTRÉAL-MAISONNEUVE,1-Nonene,1992-07-22T00:00,0.000,µg/m³,VOC,N/A
50115,MONTRÉAL-MAISONNEUVE,1-Nonene,1992-07-23T00:00,0.000,µg/m³,VOC,N/A
50115,MONTRÉAL-MAISONNEUVE,1-Nonene,1992-07-24T00:00,0.000,µg/m³,VOC,N/A
50115,MONTRÉAL-MAISONNEUVE,1-Nonene,1992-07-25T00:00,0.000,µg/m³,VOC,N/A
50115,MONTRÉAL-MAISONNEUVE,1-Nonene,1992-07-26T00:00,0.000,µg/m³,VOC,N/A
50115,MONTRÉAL-MAISONNEUVE,1-Nonene,1992-07-27T00:00,0.000,µg/m³,VOC,N/A
50115,MONTRÉAL-MAISONNEUVE,1-Nonene,1992-07-28T00:00,0.000,µg/m³,VOC,N/A
50115,MONTRÉAL-MAISONNEUVE,1-Nonene,1992-07-29T00:00,0.000,µg/m³,VOC,N/A
50115,MONTRÉAL-MAISONNEUVE,1-Nonene,1992-07-30T00:00,0.000,µg/m³,VOC,N/A
50115,MONTRÉAL-MAISONNEUVE,1-Nonene,1992-08-01T00:00,0.000,µg/m³,VOC,N/A
50115,MONTRÉAL-MAISONNEUVE,1-Nonene,1992-08-02T00:00,0.000,µg/m³,VOC,N/A
50115,MONTRÉAL-MAISONNEUVE,1-Nonene,1992-08-07T00:00,0.000,µg/m³,VOC,N/A
50115,MONTRÉAL-MAISONNEUVE,1-Nonene,1992-08-10T00:00,0.000,µg/m³,VOC,N/A
50115,MONTRÉAL-MAISONNEUVE,1-Nonene,1992-08-17T00:00,0.000,µg/m³,VOC,N/A
50115,MONTRÉAL-MAISONNEUVE,1-Nonene,1992-08-20T00:00,0.000,µg/m³,VOC,N/A
50115,MONTRÉAL-MAISONNEUVE,1-Nonene,1992-08-21T00:00,0.000,µg/m³,VOC,N/A
50115,MONTRÉAL-MAISONNEUVE,1-Nonene,1992-08-22T00:00,0.000,µg/m³,VOC,N/A
50115,MONTRÉAL-MAISONNEUVE,1-Nonene,1992-08-23T00:00,0.000,µg/m³,VOC,N/A
50115,MONTRÉAL-MAISONNEUVE,1-Nonene,1992-08-24T00:00,0.000,µg/m³,VOC,N/A
50115,MONTRÉAL-MAISONNEUVE,1-Nonene,1992-08-25T00:00,0.000,µg/m³,VOC,N/A
50115,MONTRÉAL-MAISONNEUVE,1-Nonene,1992-08-29T00:00,0.000,µg/m³,VOC,N/A
50115,MONTRÉAL-MAISONNEUVE,1-Nonene,1992-08-30T00:00,0.000,µg/m³,VOC,N/A
50115,MONTRÉAL-MAISONNEUVE,1-Nonene,1992-08-31T00:00,0.000,µg/m³,VOC,N/A
50115,MONTRÉAL-MAISONNEUVE,1-Nonene,1992-09-03T00:00,0.000,µg/m³,VOC,N/A
50115,MONTRÉAL-MAISONNEUVE,1-Nonene,1992-09-15T00:00,0.024,µg/m³,VOC,N/A
50115,MONTRÉAL-MAISONNEUVE,1-Nonene,1992-09-21T00:00,0.016,µg/m³,VOC,N/A
50115,MONTRÉAL-MAISONNEUVE,1-Nonene,1992-09-27T00:00,0.000,µg/m³,VOC,N/A
50115,MONTRÉAL-MAISONNEUVE,1-Nonene,1992-10-03T00:00,0.000,µg/m³,VOC,N/A
50115,MONTRÉAL-MAISONNEUVE,1-Nonene,1992-10-09T00:00,0.000,µg/m³,VOC,N/A
50115,MONTRÉAL-MAISONNEUVE,1-Nonene,1992-10-15T00:00,0.000,µg/m³,VOC,N/A
50115,MONTRÉAL-MAISONNEUVE,1-Nonene,1992-10-21T00:00,0.000,µg/m³,VOC,N/A
50115,MONTRÉAL-MAISONNEUVE,1-Nonene,1992-11-02T00:00,0.000,µg/m³,VOC,N/A
50115,MONTRÉAL-MAISONNEUVE,1-Nonene,1992-11-08T00:00,0.000,µg/m³,VOC,N/A
50115,MONTRÉAL-MAISONNEUVE,1-Nonene,1992-11-14T00:00,0.000,µg/m³,VOC,N/A
50115,MONTRÉAL-MAISONNEUVE,1-Nonene,1992-11-20T00:00,0.000,µg/m³,VOC,N/A
50115,MONTRÉAL-MAISONNEUVE,1-Nonene,1992-11-26T00:00,0.000,µg/m³,VOC,N/A
50115,MONTRÉAL-MAISONNEUVE,1-Nonene,1992-12-02T00:00,0.000,µg/m³,VOC,N/A
50115,MONTRÉAL-MAISONNEUVE,1-Nonene,1992-12-08T00:00,0.000,µg/m³,VOC,N/A
50115,MONTRÉAL-MAISONNEUVE,1-Nonene,1992-12-14T00:00,0.000,µg/m³,VOC,N/A
50115,MONTRÉAL-MAISONNEUVE,1-Nonene,1992-12-20T00:00,0.000,µg/m³,VOC,N/A
50115,MONTRÉAL-MAISONNEUVE,1-Nonene,1992-12-26T00:00,0.000,µg/m³,VOC,N/A
