﻿NAPS_Site_ID,Station_Name,Pollutant,Date,Value,Units,Report_Type,Method
60211,WINDSOR WEST,"3,6-Dimethyloctane",2011-01-03T00:00,0.002,µg/m³,VOC,
60211,WINDSOR WEST,"3,6-Dimethyloctane",2011-01-09T00:00,0.005,µg/m³,VOC,
60211,WINDSOR WEST,"3,6-Dimethyloctane",2011-01-15T00:00,0.004,µg/m³,VOC,
60211,WINDSOR WEST,"3,6-Dimethyloctane",2011-01-21T00:00,0.002,µg/m³,VOC,
60211,WINDSOR WEST,"3,6-Dimethyloctane",2011-01-27T00:00,0.005,µg/m³,VOC,
60211,WINDSOR WEST,"3,6-Dimethyloctane",2011-02-02T00:00,0.004,µg/m³,VOC,
60211,WINDSOR WEST,"3,6-Dimethyloctane",2011-02-14T00:00,0.003,µg/m³,VOC,
60211,WINDSOR WEST,"3,6-Dimethyloctane",2011-02-20T00:00,0.003,µg/m³,VOC,
60211,WINDSOR WEST,"3,6-Dimethyloctane",2011-02-26T00:00,0.003,µg/m³,VOC,
60211,WINDSOR WEST,"3,6-Dimethyloctane",2011-03-04T00:00,0.003,µg/m³,VOC,
60211,WINDSOR WEST,"3,6-Dimethyloctane",2011-03-10T00:00,0.004,µg/m³,VOC,
60211,WINDSOR WEST,"3,6-Dimethyloctane",2011-03-16T00:00,0.005,µg/m³,VOC,
60211,WINDSOR WEST,"3,6-Dimethyloctane",2011-03-22T00:00,0.004,µg/m³,VOC,
60211,WINDSOR WEST,"3,6-Dimethyloctane",2011-03-28T00:00,0.006,µg/m³,VOC,
