﻿NAPS_Site_ID,Station_Name,Pollutant,Date,Value,Units,Report_Type,Method
60101,HYDRO BLDG.,"3,6-Dimethyloctane",1993-01-01T00:00,0.000,µg/m³,VOC,
60101,HYDRO BLDG.,"3,6-Dimethyloctane",1993-01-07T00:00,0.251,µg/m³,VOC,
60101,HYDRO BLDG.,"3,6-Dimethyloctane",1993-01-13T00:00,0.000,µg/m³,VOC,
60101,HYDRO BLDG.,"3,6-Dimethyloctane",1993-01-19T00:00,0.208,µg/m³,VOC,
60101,HYDRO BLDG.,"3,6-Dimethyloctane",1993-01-25T00:00,0.000,µg/m³,VOC,
60101,HYDRO BLDG.,"3,6-Dimethyloctane",1993-01-31T00:00,0.000,µg/m³,VOC,
60101,HYDRO BLDG.,"3,6-Dimethyloctane",1993-02-06T00:00,0.000,µg/m³,VOC,
60101,HYDRO BLDG.,"3,6-Dimethyloctane",1993-02-12T00:00,0.000,µg/m³,VOC,
60101,HYDRO BLDG.,"3,6-Dimethyloctane",1993-02-18T00:00,0.000,µg/m³,VOC,
60101,HYDRO BLDG.,"3,6-Dimethyloctane",1993-02-24T00:00,0.089,µg/m³,VOC,
60101,HYDRO BLDG.,"3,6-Dimethyloctane",1993-03-02T00:00,0.104,µg/m³,VOC,
60101,HYDRO BLDG.,"3,6-Dimethyloctane",1993-03-14T00:00,0.000,µg/m³,VOC,
60101,HYDRO BLDG.,"3,6-Dimethyloctane",1993-03-20T00:00,0.000,µg/m³,VOC,
60101,HYDRO BLDG.,"3,6-Dimethyloctane",1993-03-26T00:00,0.188,µg/m³,VOC,
60101,HYDRO BLDG.,"3,6-Dimethyloctane",1993-04-01T00:00,0.000,µg/m³,VOC,
60101,HYDRO BLDG.,"3,6-Dimethyloctane",1993-04-07T00:00,0.135,µg/m³,VOC,
60101,HYDRO BLDG.,"3,6-Dimethyloctane",1993-04-13T00:00,0.087,µg/m³,VOC,
60101,HYDRO BLDG.,"3,6-Dimethyloctane",1993-04-19T00:00,0.000,µg/m³,VOC,
60101,HYDRO BLDG.,"3,6-Dimethyloctane",1993-04-25T00:00,0.000,µg/m³,VOC,
60101,HYDRO BLDG.,"3,6-Dimethyloctane",1993-05-01T00:00,0.000,µg/m³,VOC,
60101,HYDRO BLDG.,"3,6-Dimethyloctane",1993-05-07T00:00,0.000,µg/m³,VOC,
60101,HYDRO BLDG.,"3,6-Dimethyloctane",1993-05-13T00:00,0.000,µg/m³,VOC,
60101,HYDRO BLDG.,"3,6-Dimethyloctane",1993-05-19T00:00,0.125,µg/m³,VOC,
60101,HYDRO BLDG.,"3,6-Dimethyloctane",1993-05-31T00:00,0.080,µg/m³,VOC,
60101,HYDRO BLDG.,"3,6-Dimethyloctane",1993-06-06T00:00,0.051,µg/m³,VOC,
60101,HYDRO BLDG.,"3,6-Dimethyloctane",1993-06-12T00:00,0.094,µg/m³,VOC,
60101,HYDRO BLDG.,"3,6-Dimethyloctane",1993-06-18T00:00,0.000,µg/m³,VOC,
60101,HYDRO BLDG.,"3,6-Dimethyloctane",1993-06-24T00:00,0.000,µg/m³,VOC,
60101,HYDRO BLDG.,"3,6-Dimethyloctane",1993-06-30T00:00,0.000,µg/m³,VOC,
60101,HYDRO BLDG.,"3,6-Dimethyloctane",1993-07-06T00:00,0.277,µg/m³,VOC,
60101,HYDRO BLDG.,"3,6-Dimethyloctane",1993-07-12T00:00,0.188,µg/m³,VOC,
60101,HYDRO BLDG.,"3,6-Dimethyloctane",1993-07-30T00:00,0.167,µg/m³,VOC,
60101,HYDRO BLDG.,"3,6-Dimethyloctane",1993-08-05T00:00,0.216,µg/m³,VOC,
60101,HYDRO BLDG.,"3,6-Dimethyloctane",1993-08-11T00:00,0.533,µg/m³,VOC,
60101,HYDRO BLDG.,"3,6-Dimethyloctane",1993-08-17T00:00,0.000,µg/m³,VOC,
60101,HYDRO BLDG.,"3,6-Dimethyloctane",1993-08-26T00:00,0.303,µg/m³,VOC,
60101,HYDRO BLDG.,"3,6-Dimethyloctane",1993-09-10T00:00,0.000,µg/m³,VOC,
60101,HYDRO BLDG.,"3,6-Dimethyloctane",1993-09-16T00:00,0.000,µg/m³,VOC,
60101,HYDRO BLDG.,"3,6-Dimethyloctane",1993-09-22T00:00,0.257,µg/m³,VOC,
60101,HYDRO BLDG.,"3,6-Dimethyloctane",1993-09-28T00:00,0.389,µg/m³,VOC,
60101,HYDRO BLDG.,"3,6-Dimethyloctane",1993-10-04T00:00,0.138,µg/m³,VOC,
60101,HYDRO BLDG.,"3,6-Dimethyloctane",1993-10-10T00:00,0.051,µg/m³,VOC,
60101,HYDRO BLDG.,"3,6-Dimethyloctane",1993-10-16T00:00,0.111,µg/m³,VOC,
60101,HYDRO BLDG.,"3,6-Dimethyloctane",1993-10-22T00:00,0.000,µg/m³,VOC,
60101,HYDRO BLDG.,"3,6-Dimethyloctane",1993-10-28T00:00,0.000,µg/m³,VOC,
60101,HYDRO BLDG.,"3,6-Dimethyloctane",1993-11-03T00:00,0.174,µg/m³,VOC,
60101,HYDRO BLDG.,"3,6-Dimethyloctane",1993-11-09T00:00,0.275,µg/m³,VOC,
60101,HYDRO BLDG.,"3,6-Dimethyloctane",1993-11-15T00:00,0.096,µg/m³,VOC,
60101,HYDRO BLDG.,"3,6-Dimethyloctane",1993-11-21T00:00,0.000,µg/m³,VOC,
60101,HYDRO BLDG.,"3,6-Dimethyloctane",1993-11-27T00:00,0.000,µg/m³,VOC,
60101,HYDRO BLDG.,"3,6-Dimethyloctane",1993-12-03T00:00,0.273,µg/m³,VOC,
60101,HYDRO BLDG.,"3,6-Dimethyloctane",1993-12-09T00:00,0.108,µg/m³,VOC,
60101,HYDRO BLDG.,"3,6-Dimethyloctane",1993-12-15T00:00,0.057,µg/m³,VOC,
60101,HYDRO BLDG.,"3,6-Dimethyloctane",1993-12-21T00:00,0.103,µg/m³,VOC,
60101,HYDRO BLDG.,"3,6-Dimethyloctane",1993-12-27T00:00,0.000,µg/m³,VOC,
