﻿NAPS_Site_ID,Station_Name,Pollutant,Date,Value,Units,Report_Type,Method
62601,EXPERIMENTAL FARM _SIMCOE_,Phenanthrene,2006-01-11T00:00,0.003,µg/m³,PAH,N/A
62601,EXPERIMENTAL FARM _SIMCOE_,Phenanthrene,2006-01-17T00:00,0.003,µg/m³,PAH,N/A
62601,EXPERIMENTAL FARM _SIMCOE_,Phenanthrene,2006-02-04T00:00,0.006,µg/m³,PAH,N/A
62601,EXPERIMENTAL FARM _SIMCOE_,Phenanthrene,2006-02-10T00:00,0.002,µg/m³,PAH,N/A
62601,EXPERIMENTAL FARM _SIMCOE_,Phenanthrene,2006-02-28T00:00,0.001,µg/m³,PAH,N/A
62601,EXPERIMENTAL FARM _SIMCOE_,Phenanthrene,2006-03-06T00:00,0.003,µg/m³,PAH,N/A
62601,EXPERIMENTAL FARM _SIMCOE_,Phenanthrene,2006-03-24T00:00,0.002,µg/m³,PAH,N/A
62601,EXPERIMENTAL FARM _SIMCOE_,Phenanthrene,2006-03-30T00:00,0.003,µg/m³,PAH,N/A
62601,EXPERIMENTAL FARM _SIMCOE_,Phenanthrene,2006-06-28T00:00,0.002,µg/m³,PAH,N/A
62601,EXPERIMENTAL FARM _SIMCOE_,Phenanthrene,2006-07-04T00:00,0.001,µg/m³,PAH,N/A
62601,EXPERIMENTAL FARM _SIMCOE_,Phenanthrene,2006-07-22T00:00,0.003,µg/m³,PAH,N/A
62601,EXPERIMENTAL FARM _SIMCOE_,Phenanthrene,2006-08-15T00:00,0.001,µg/m³,PAH,N/A
62601,EXPERIMENTAL FARM _SIMCOE_,Phenanthrene,2006-08-21T00:00,0.001,µg/m³,PAH,N/A
62601,EXPERIMENTAL FARM _SIMCOE_,Phenanthrene,2006-09-08T00:00,0.002,µg/m³,PAH,N/A
62601,EXPERIMENTAL FARM _SIMCOE_,Phenanthrene,2006-09-14T00:00,0.002,µg/m³,PAH,N/A
62601,EXPERIMENTAL FARM _SIMCOE_,Phenanthrene,2006-10-02T00:00,0.001,µg/m³,PAH,N/A
62601,EXPERIMENTAL FARM _SIMCOE_,Phenanthrene,2006-10-08T00:00,0.002,µg/m³,PAH,N/A
62601,EXPERIMENTAL FARM _SIMCOE_,Phenanthrene,2006-10-26T00:00,0.001,µg/m³,PAH,N/A
62601,EXPERIMENTAL FARM _SIMCOE_,Phenanthrene,2006-11-19T00:00,0.001,µg/m³,PAH,N/A
62601,EXPERIMENTAL FARM _SIMCOE_,Phenanthrene,2006-11-25T00:00,0.005,µg/m³,PAH,N/A
