﻿NAPS_Site_ID,Station_Name,Pollutant,Date,Value,Units,Report_Type,Method
50103,MONTRÉAL-SAINT-JEAN-BAPTISTE,"1,4-Dichlorobenzene",2006-01-05T00:00,0.053,µg/m³,VOC,
50103,MONTRÉAL-SAINT-JEAN-BAPTISTE,"1,4-Dichlorobenzene",2006-01-11T00:00,0.165,µg/m³,VOC,
50103,MONTRÉAL-SAINT-JEAN-BAPTISTE,"1,4-Dichlorobenzene",2006-01-17T00:00,0.076,µg/m³,VOC,
50103,MONTRÉAL-SAINT-JEAN-BAPTISTE,"1,4-Dichlorobenzene",2006-01-23T00:00,0.141,µg/m³,VOC,
50103,MONTRÉAL-SAINT-JEAN-BAPTISTE,"1,4-Dichlorobenzene",2006-01-29T00:00,0.042,µg/m³,VOC,
50103,MONTRÉAL-SAINT-JEAN-BAPTISTE,"1,4-Dichlorobenzene",2006-02-04T00:00,0.067,µg/m³,VOC,
50103,MONTRÉAL-SAINT-JEAN-BAPTISTE,"1,4-Dichlorobenzene",2006-02-10T00:00,0.059,µg/m³,VOC,
50103,MONTRÉAL-SAINT-JEAN-BAPTISTE,"1,4-Dichlorobenzene",2006-02-16T00:00,0.032,µg/m³,VOC,
50103,MONTRÉAL-SAINT-JEAN-BAPTISTE,"1,4-Dichlorobenzene",2006-02-22T00:00,0.121,µg/m³,VOC,
50103,MONTRÉAL-SAINT-JEAN-BAPTISTE,"1,4-Dichlorobenzene",2006-02-28T00:00,0.024,µg/m³,VOC,
50103,MONTRÉAL-SAINT-JEAN-BAPTISTE,"1,4-Dichlorobenzene",2006-03-06T00:00,0.090,µg/m³,VOC,
50103,MONTRÉAL-SAINT-JEAN-BAPTISTE,"1,4-Dichlorobenzene",2006-03-12T00:00,0.176,µg/m³,VOC,
50103,MONTRÉAL-SAINT-JEAN-BAPTISTE,"1,4-Dichlorobenzene",2006-03-18T00:00,0.030,µg/m³,VOC,
50103,MONTRÉAL-SAINT-JEAN-BAPTISTE,"1,4-Dichlorobenzene",2006-03-24T00:00,0.139,µg/m³,VOC,
50103,MONTRÉAL-SAINT-JEAN-BAPTISTE,"1,4-Dichlorobenzene",2006-03-30T00:00,0.105,µg/m³,VOC,
50103,MONTRÉAL-SAINT-JEAN-BAPTISTE,"1,4-Dichlorobenzene",2006-04-05T00:00,0.034,µg/m³,VOC,
50103,MONTRÉAL-SAINT-JEAN-BAPTISTE,"1,4-Dichlorobenzene",2006-04-11T00:00,0.122,µg/m³,VOC,
50103,MONTRÉAL-SAINT-JEAN-BAPTISTE,"1,4-Dichlorobenzene",2006-04-17T00:00,0.022,µg/m³,VOC,
50103,MONTRÉAL-SAINT-JEAN-BAPTISTE,"1,4-Dichlorobenzene",2006-04-20T00:00,0.050,µg/m³,VOC,
50103,MONTRÉAL-SAINT-JEAN-BAPTISTE,"1,4-Dichlorobenzene",2006-04-23T00:00,0.025,µg/m³,VOC,
50103,MONTRÉAL-SAINT-JEAN-BAPTISTE,"1,4-Dichlorobenzene",2006-05-02T00:00,0.024,µg/m³,VOC,
50103,MONTRÉAL-SAINT-JEAN-BAPTISTE,"1,4-Dichlorobenzene",2006-05-05T00:00,0.062,µg/m³,VOC,
50103,MONTRÉAL-SAINT-JEAN-BAPTISTE,"1,4-Dichlorobenzene",2006-05-11T00:00,0.030,µg/m³,VOC,
50103,MONTRÉAL-SAINT-JEAN-BAPTISTE,"1,4-Dichlorobenzene",2006-05-23T00:00,0.038,µg/m³,VOC,
50103,MONTRÉAL-SAINT-JEAN-BAPTISTE,"1,4-Dichlorobenzene",2006-05-29T00:00,0.136,µg/m³,VOC,
50103,MONTRÉAL-SAINT-JEAN-BAPTISTE,"1,4-Dichlorobenzene",2006-06-10T00:00,0.047,µg/m³,VOC,
50103,MONTRÉAL-SAINT-JEAN-BAPTISTE,"1,4-Dichlorobenzene",2006-06-16T00:00,0.287,µg/m³,VOC,
50103,MONTRÉAL-SAINT-JEAN-BAPTISTE,"1,4-Dichlorobenzene",2006-06-22T00:00,0.230,µg/m³,VOC,
50103,MONTRÉAL-SAINT-JEAN-BAPTISTE,"1,4-Dichlorobenzene",2006-06-28T00:00,0.116,µg/m³,VOC,
50103,MONTRÉAL-SAINT-JEAN-BAPTISTE,"1,4-Dichlorobenzene",2006-07-04T00:00,0.119,µg/m³,VOC,
50103,MONTRÉAL-SAINT-JEAN-BAPTISTE,"1,4-Dichlorobenzene",2006-07-10T00:00,0.124,µg/m³,VOC,
50103,MONTRÉAL-SAINT-JEAN-BAPTISTE,"1,4-Dichlorobenzene",2006-07-16T00:00,0.114,µg/m³,VOC,
50103,MONTRÉAL-SAINT-JEAN-BAPTISTE,"1,4-Dichlorobenzene",2006-07-22T00:00,0.064,µg/m³,VOC,
50103,MONTRÉAL-SAINT-JEAN-BAPTISTE,"1,4-Dichlorobenzene",2006-07-28T00:00,0.160,µg/m³,VOC,
50103,MONTRÉAL-SAINT-JEAN-BAPTISTE,"1,4-Dichlorobenzene",2006-08-27T00:00,0.063,µg/m³,VOC,
50103,MONTRÉAL-SAINT-JEAN-BAPTISTE,"1,4-Dichlorobenzene",2006-09-02T00:00,0.010,µg/m³,VOC,
50103,MONTRÉAL-SAINT-JEAN-BAPTISTE,"1,4-Dichlorobenzene",2006-09-08T00:00,0.019,µg/m³,VOC,
50103,MONTRÉAL-SAINT-JEAN-BAPTISTE,"1,4-Dichlorobenzene",2006-09-14T00:00,0.012,µg/m³,VOC,
50103,MONTRÉAL-SAINT-JEAN-BAPTISTE,"1,4-Dichlorobenzene",2006-09-20T00:00,0.021,µg/m³,VOC,
50103,MONTRÉAL-SAINT-JEAN-BAPTISTE,"1,4-Dichlorobenzene",2006-09-26T00:00,0.018,µg/m³,VOC,
50103,MONTRÉAL-SAINT-JEAN-BAPTISTE,"1,4-Dichlorobenzene",2006-10-02T00:00,0.012,µg/m³,VOC,
50103,MONTRÉAL-SAINT-JEAN-BAPTISTE,"1,4-Dichlorobenzene",2006-10-08T00:00,0.016,µg/m³,VOC,
50103,MONTRÉAL-SAINT-JEAN-BAPTISTE,"1,4-Dichlorobenzene",2006-10-14T00:00,0.008,µg/m³,VOC,
50103,MONTRÉAL-SAINT-JEAN-BAPTISTE,"1,4-Dichlorobenzene",2006-10-20T00:00,0.006,µg/m³,VOC,
50103,MONTRÉAL-SAINT-JEAN-BAPTISTE,"1,4-Dichlorobenzene",2006-10-26T00:00,0.012,µg/m³,VOC,
50103,MONTRÉAL-SAINT-JEAN-BAPTISTE,"1,4-Dichlorobenzene",2006-11-01T00:00,0.017,µg/m³,VOC,
50103,MONTRÉAL-SAINT-JEAN-BAPTISTE,"1,4-Dichlorobenzene",2006-11-07T00:00,0.016,µg/m³,VOC,
50103,MONTRÉAL-SAINT-JEAN-BAPTISTE,"1,4-Dichlorobenzene",2006-11-13T00:00,0.002,µg/m³,VOC,
50103,MONTRÉAL-SAINT-JEAN-BAPTISTE,"1,4-Dichlorobenzene",2006-11-19T00:00,0.003,µg/m³,VOC,
50103,MONTRÉAL-SAINT-JEAN-BAPTISTE,"1,4-Dichlorobenzene",2006-11-25T00:00,0.014,µg/m³,VOC,
50103,MONTRÉAL-SAINT-JEAN-BAPTISTE,"1,4-Dichlorobenzene",2006-12-01T00:00,0.005,µg/m³,VOC,
50103,MONTRÉAL-SAINT-JEAN-BAPTISTE,"1,4-Dichlorobenzene",2006-12-07T00:00,0.013,µg/m³,VOC,
50103,MONTRÉAL-SAINT-JEAN-BAPTISTE,"1,4-Dichlorobenzene",2006-12-13T00:00,0.012,µg/m³,VOC,
50103,MONTRÉAL-SAINT-JEAN-BAPTISTE,"1,4-Dichlorobenzene",2006-12-19T00:00,0.014,µg/m³,VOC,
50103,MONTRÉAL-SAINT-JEAN-BAPTISTE,"1,4-Dichlorobenzene",2006-12-25T00:00,0.006,µg/m³,VOC,
50103,MONTRÉAL-SAINT-JEAN-BAPTISTE,"1,4-Dichlorobenzene",2006-12-31T00:00,0.011,µg/m³,VOC,
