﻿NAPS_Site_ID,Station_Name,Pollutant,Date,Value,Units,Report_Type,Method
62601,EXPERIMENTAL FARM _SIMCOE_,"1,1,1-Trichloroethane",2001-01-01T00:00,0.273,µg/m³,VOC,
62601,EXPERIMENTAL FARM _SIMCOE_,"1,1,1-Trichloroethane",2001-01-04T00:00,0.270,µg/m³,VOC,
62601,EXPERIMENTAL FARM _SIMCOE_,"1,1,1-Trichloroethane",2001-01-07T00:00,0.280,µg/m³,VOC,
62601,EXPERIMENTAL FARM _SIMCOE_,"1,1,1-Trichloroethane",2001-01-13T00:00,0.289,µg/m³,VOC,
62601,EXPERIMENTAL FARM _SIMCOE_,"1,1,1-Trichloroethane",2001-01-16T00:00,0.280,µg/m³,VOC,
62601,EXPERIMENTAL FARM _SIMCOE_,"1,1,1-Trichloroethane",2001-01-19T00:00,0.278,µg/m³,VOC,
62601,EXPERIMENTAL FARM _SIMCOE_,"1,1,1-Trichloroethane",2001-01-25T00:00,0.278,µg/m³,VOC,
62601,EXPERIMENTAL FARM _SIMCOE_,"1,1,1-Trichloroethane",2001-01-28T00:00,0.278,µg/m³,VOC,
62601,EXPERIMENTAL FARM _SIMCOE_,"1,1,1-Trichloroethane",2001-02-03T00:00,0.263,µg/m³,VOC,
62601,EXPERIMENTAL FARM _SIMCOE_,"1,1,1-Trichloroethane",2001-02-06T00:00,0.255,µg/m³,VOC,
62601,EXPERIMENTAL FARM _SIMCOE_,"1,1,1-Trichloroethane",2001-02-09T00:00,0.252,µg/m³,VOC,
62601,EXPERIMENTAL FARM _SIMCOE_,"1,1,1-Trichloroethane",2001-02-12T00:00,0.260,µg/m³,VOC,
62601,EXPERIMENTAL FARM _SIMCOE_,"1,1,1-Trichloroethane",2001-02-15T00:00,0.266,µg/m³,VOC,
62601,EXPERIMENTAL FARM _SIMCOE_,"1,1,1-Trichloroethane",2001-02-18T00:00,0.238,µg/m³,VOC,
62601,EXPERIMENTAL FARM _SIMCOE_,"1,1,1-Trichloroethane",2001-02-24T00:00,0.230,µg/m³,VOC,
62601,EXPERIMENTAL FARM _SIMCOE_,"1,1,1-Trichloroethane",2001-02-27T00:00,0.226,µg/m³,VOC,
62601,EXPERIMENTAL FARM _SIMCOE_,"1,1,1-Trichloroethane",2001-03-02T00:00,0.230,µg/m³,VOC,
62601,EXPERIMENTAL FARM _SIMCOE_,"1,1,1-Trichloroethane",2001-03-08T00:00,0.229,µg/m³,VOC,
62601,EXPERIMENTAL FARM _SIMCOE_,"1,1,1-Trichloroethane",2001-03-11T00:00,0.227,µg/m³,VOC,
62601,EXPERIMENTAL FARM _SIMCOE_,"1,1,1-Trichloroethane",2001-03-14T00:00,0.236,µg/m³,VOC,
62601,EXPERIMENTAL FARM _SIMCOE_,"1,1,1-Trichloroethane",2001-03-17T00:00,0.235,µg/m³,VOC,
62601,EXPERIMENTAL FARM _SIMCOE_,"1,1,1-Trichloroethane",2001-03-20T00:00,0.230,µg/m³,VOC,
62601,EXPERIMENTAL FARM _SIMCOE_,"1,1,1-Trichloroethane",2001-03-23T00:00,0.229,µg/m³,VOC,
62601,EXPERIMENTAL FARM _SIMCOE_,"1,1,1-Trichloroethane",2001-03-26T00:00,0.236,µg/m³,VOC,
62601,EXPERIMENTAL FARM _SIMCOE_,"1,1,1-Trichloroethane",2001-03-29T00:00,0.238,µg/m³,VOC,
62601,EXPERIMENTAL FARM _SIMCOE_,"1,1,1-Trichloroethane",2001-04-01T00:00,0.239,µg/m³,VOC,
62601,EXPERIMENTAL FARM _SIMCOE_,"1,1,1-Trichloroethane",2001-04-04T00:00,0.233,µg/m³,VOC,
62601,EXPERIMENTAL FARM _SIMCOE_,"1,1,1-Trichloroethane",2001-04-07T00:00,0.247,µg/m³,VOC,
62601,EXPERIMENTAL FARM _SIMCOE_,"1,1,1-Trichloroethane",2001-04-13T00:00,0.235,µg/m³,VOC,
62601,EXPERIMENTAL FARM _SIMCOE_,"1,1,1-Trichloroethane",2001-04-16T00:00,0.234,µg/m³,VOC,
62601,EXPERIMENTAL FARM _SIMCOE_,"1,1,1-Trichloroethane",2001-04-19T00:00,0.241,µg/m³,VOC,
62601,EXPERIMENTAL FARM _SIMCOE_,"1,1,1-Trichloroethane",2001-04-22T00:00,0.216,µg/m³,VOC,
62601,EXPERIMENTAL FARM _SIMCOE_,"1,1,1-Trichloroethane",2001-04-25T00:00,0.224,µg/m³,VOC,
62601,EXPERIMENTAL FARM _SIMCOE_,"1,1,1-Trichloroethane",2001-04-28T00:00,0.225,µg/m³,VOC,
62601,EXPERIMENTAL FARM _SIMCOE_,"1,1,1-Trichloroethane",2001-05-01T00:00,0.215,µg/m³,VOC,
62601,EXPERIMENTAL FARM _SIMCOE_,"1,1,1-Trichloroethane",2001-05-04T00:00,0.217,µg/m³,VOC,
62601,EXPERIMENTAL FARM _SIMCOE_,"1,1,1-Trichloroethane",2001-05-07T00:00,0.228,µg/m³,VOC,
62601,EXPERIMENTAL FARM _SIMCOE_,"1,1,1-Trichloroethane",2001-05-10T00:00,0.224,µg/m³,VOC,
62601,EXPERIMENTAL FARM _SIMCOE_,"1,1,1-Trichloroethane",2001-05-13T00:00,0.224,µg/m³,VOC,
62601,EXPERIMENTAL FARM _SIMCOE_,"1,1,1-Trichloroethane",2001-05-16T00:00,0.223,µg/m³,VOC,
62601,EXPERIMENTAL FARM _SIMCOE_,"1,1,1-Trichloroethane",2001-05-19T00:00,0.217,µg/m³,VOC,
62601,EXPERIMENTAL FARM _SIMCOE_,"1,1,1-Trichloroethane",2001-05-28T00:00,0.237,µg/m³,VOC,
62601,EXPERIMENTAL FARM _SIMCOE_,"1,1,1-Trichloroethane",2001-05-31T00:00,0.202,µg/m³,VOC,
62601,EXPERIMENTAL FARM _SIMCOE_,"1,1,1-Trichloroethane",2001-06-06T00:00,0.209,µg/m³,VOC,
62601,EXPERIMENTAL FARM _SIMCOE_,"1,1,1-Trichloroethane",2001-06-09T00:00,0.201,µg/m³,VOC,
62601,EXPERIMENTAL FARM _SIMCOE_,"1,1,1-Trichloroethane",2001-06-12T00:00,0.204,µg/m³,VOC,
62601,EXPERIMENTAL FARM _SIMCOE_,"1,1,1-Trichloroethane",2001-06-15T00:00,0.194,µg/m³,VOC,
62601,EXPERIMENTAL FARM _SIMCOE_,"1,1,1-Trichloroethane",2001-06-18T00:00,0.218,µg/m³,VOC,
62601,EXPERIMENTAL FARM _SIMCOE_,"1,1,1-Trichloroethane",2001-06-21T00:00,0.196,µg/m³,VOC,
62601,EXPERIMENTAL FARM _SIMCOE_,"1,1,1-Trichloroethane",2001-06-24T00:00,0.188,µg/m³,VOC,
62601,EXPERIMENTAL FARM _SIMCOE_,"1,1,1-Trichloroethane",2001-06-27T00:00,0.187,µg/m³,VOC,
62601,EXPERIMENTAL FARM _SIMCOE_,"1,1,1-Trichloroethane",2001-06-30T00:00,0.187,µg/m³,VOC,
62601,EXPERIMENTAL FARM _SIMCOE_,"1,1,1-Trichloroethane",2001-07-06T00:00,0.193,µg/m³,VOC,
62601,EXPERIMENTAL FARM _SIMCOE_,"1,1,1-Trichloroethane",2001-07-09T00:00,0.218,µg/m³,VOC,
62601,EXPERIMENTAL FARM _SIMCOE_,"1,1,1-Trichloroethane",2001-07-12T00:00,0.238,µg/m³,VOC,
62601,EXPERIMENTAL FARM _SIMCOE_,"1,1,1-Trichloroethane",2001-07-18T00:00,0.230,µg/m³,VOC,
62601,EXPERIMENTAL FARM _SIMCOE_,"1,1,1-Trichloroethane",2001-07-21T00:00,0.218,µg/m³,VOC,
62601,EXPERIMENTAL FARM _SIMCOE_,"1,1,1-Trichloroethane",2001-07-24T00:00,0.218,µg/m³,VOC,
62601,EXPERIMENTAL FARM _SIMCOE_,"1,1,1-Trichloroethane",2001-07-27T00:00,0.225,µg/m³,VOC,
62601,EXPERIMENTAL FARM _SIMCOE_,"1,1,1-Trichloroethane",2001-07-30T00:00,0.175,µg/m³,VOC,
62601,EXPERIMENTAL FARM _SIMCOE_,"1,1,1-Trichloroethane",2001-08-02T00:00,0.174,µg/m³,VOC,
62601,EXPERIMENTAL FARM _SIMCOE_,"1,1,1-Trichloroethane",2001-08-05T00:00,0.167,µg/m³,VOC,
62601,EXPERIMENTAL FARM _SIMCOE_,"1,1,1-Trichloroethane",2001-08-14T00:00,0.173,µg/m³,VOC,
62601,EXPERIMENTAL FARM _SIMCOE_,"1,1,1-Trichloroethane",2001-09-10T00:00,0.200,µg/m³,VOC,
62601,EXPERIMENTAL FARM _SIMCOE_,"1,1,1-Trichloroethane",2001-09-13T00:00,0.197,µg/m³,VOC,
62601,EXPERIMENTAL FARM _SIMCOE_,"1,1,1-Trichloroethane",2001-09-16T00:00,0.192,µg/m³,VOC,
62601,EXPERIMENTAL FARM _SIMCOE_,"1,1,1-Trichloroethane",2001-09-19T00:00,0.197,µg/m³,VOC,
62601,EXPERIMENTAL FARM _SIMCOE_,"1,1,1-Trichloroethane",2001-09-22T00:00,0.201,µg/m³,VOC,
62601,EXPERIMENTAL FARM _SIMCOE_,"1,1,1-Trichloroethane",2001-09-25T00:00,0.200,µg/m³,VOC,
62601,EXPERIMENTAL FARM _SIMCOE_,"1,1,1-Trichloroethane",2001-09-28T00:00,0.190,µg/m³,VOC,
62601,EXPERIMENTAL FARM _SIMCOE_,"1,1,1-Trichloroethane",2001-10-04T00:00,0.198,µg/m³,VOC,
62601,EXPERIMENTAL FARM _SIMCOE_,"1,1,1-Trichloroethane",2001-10-07T00:00,0.190,µg/m³,VOC,
62601,EXPERIMENTAL FARM _SIMCOE_,"1,1,1-Trichloroethane",2001-10-10T00:00,0.181,µg/m³,VOC,
62601,EXPERIMENTAL FARM _SIMCOE_,"1,1,1-Trichloroethane",2001-10-13T00:00,0.173,µg/m³,VOC,
62601,EXPERIMENTAL FARM _SIMCOE_,"1,1,1-Trichloroethane",2001-10-16T00:00,0.181,µg/m³,VOC,
62601,EXPERIMENTAL FARM _SIMCOE_,"1,1,1-Trichloroethane",2001-10-19T00:00,0.181,µg/m³,VOC,
62601,EXPERIMENTAL FARM _SIMCOE_,"1,1,1-Trichloroethane",2001-10-22T00:00,0.184,µg/m³,VOC,
62601,EXPERIMENTAL FARM _SIMCOE_,"1,1,1-Trichloroethane",2001-10-25T00:00,0.178,µg/m³,VOC,
62601,EXPERIMENTAL FARM _SIMCOE_,"1,1,1-Trichloroethane",2001-10-28T00:00,0.191,µg/m³,VOC,
62601,EXPERIMENTAL FARM _SIMCOE_,"1,1,1-Trichloroethane",2001-10-31T00:00,0.193,µg/m³,VOC,
62601,EXPERIMENTAL FARM _SIMCOE_,"1,1,1-Trichloroethane",2001-11-03T00:00,0.188,µg/m³,VOC,
62601,EXPERIMENTAL FARM _SIMCOE_,"1,1,1-Trichloroethane",2001-11-06T00:00,0.194,µg/m³,VOC,
62601,EXPERIMENTAL FARM _SIMCOE_,"1,1,1-Trichloroethane",2001-11-09T00:00,0.193,µg/m³,VOC,
62601,EXPERIMENTAL FARM _SIMCOE_,"1,1,1-Trichloroethane",2001-11-18T00:00,0.212,µg/m³,VOC,
62601,EXPERIMENTAL FARM _SIMCOE_,"1,1,1-Trichloroethane",2001-11-21T00:00,0.212,µg/m³,VOC,
62601,EXPERIMENTAL FARM _SIMCOE_,"1,1,1-Trichloroethane",2001-11-24T00:00,0.210,µg/m³,VOC,
62601,EXPERIMENTAL FARM _SIMCOE_,"1,1,1-Trichloroethane",2001-11-27T00:00,0.204,µg/m³,VOC,
62601,EXPERIMENTAL FARM _SIMCOE_,"1,1,1-Trichloroethane",2001-11-30T00:00,0.202,µg/m³,VOC,
62601,EXPERIMENTAL FARM _SIMCOE_,"1,1,1-Trichloroethane",2001-12-06T00:00,0.199,µg/m³,VOC,
62601,EXPERIMENTAL FARM _SIMCOE_,"1,1,1-Trichloroethane",2001-12-09T00:00,0.202,µg/m³,VOC,
62601,EXPERIMENTAL FARM _SIMCOE_,"1,1,1-Trichloroethane",2001-12-12T00:00,0.200,µg/m³,VOC,
62601,EXPERIMENTAL FARM _SIMCOE_,"1,1,1-Trichloroethane",2001-12-21T00:00,0.197,µg/m³,VOC,
62601,EXPERIMENTAL FARM _SIMCOE_,"1,1,1-Trichloroethane",2001-12-24T00:00,0.230,µg/m³,VOC,
62601,EXPERIMENTAL FARM _SIMCOE_,"1,1,1-Trichloroethane",2001-12-27T00:00,0.212,µg/m³,VOC,
