﻿NAPS_Site_ID,Station_Name,Pollutant,Date,Value,Units,Report_Type,Method
50129,MONTRÉAL-RIVIÈRE-DES-PRAIRIES,Valeraldehyde,2015-01-05T19:00,0.061,µg/m³,CARB,TOR
50129,MONTRÉAL-RIVIÈRE-DES-PRAIRIES,Valeraldehyde,2015-01-11T19:00,0.049,µg/m³,CARB,TOR
50129,MONTRÉAL-RIVIÈRE-DES-PRAIRIES,Valeraldehyde,2015-01-17T19:00,0.056,µg/m³,CARB,TOR
50129,MONTRÉAL-RIVIÈRE-DES-PRAIRIES,Valeraldehyde,2015-01-29T19:00,0.006,µg/m³,CARB,TOR
50129,MONTRÉAL-RIVIÈRE-DES-PRAIRIES,Valeraldehyde,2015-02-04T19:00,0.015,µg/m³,CARB,TOR
50129,MONTRÉAL-RIVIÈRE-DES-PRAIRIES,Valeraldehyde,2015-02-10T19:00,0.011,µg/m³,CARB,TOR
50129,MONTRÉAL-RIVIÈRE-DES-PRAIRIES,Valeraldehyde,2015-02-16T19:00,0.026,µg/m³,CARB,TOR
50129,MONTRÉAL-RIVIÈRE-DES-PRAIRIES,Valeraldehyde,2015-02-22T19:00,0.000,µg/m³,CARB,TOR
50129,MONTRÉAL-RIVIÈRE-DES-PRAIRIES,Valeraldehyde,2015-02-28T19:00,0.019,µg/m³,CARB,TOR
50129,MONTRÉAL-RIVIÈRE-DES-PRAIRIES,Valeraldehyde,2015-03-06T19:00,0.018,µg/m³,CARB,TOR
50129,MONTRÉAL-RIVIÈRE-DES-PRAIRIES,Valeraldehyde,2015-03-12T20:00,0.025,µg/m³,CARB,TOR
50129,MONTRÉAL-RIVIÈRE-DES-PRAIRIES,Valeraldehyde,2015-03-18T20:00,0.021,µg/m³,CARB,TOR
50129,MONTRÉAL-RIVIÈRE-DES-PRAIRIES,Valeraldehyde,2015-03-24T20:00,0.040,µg/m³,CARB,TOR
50129,MONTRÉAL-RIVIÈRE-DES-PRAIRIES,Valeraldehyde,2015-03-30T20:00,0.026,µg/m³,CARB,TOR
50129,MONTRÉAL-RIVIÈRE-DES-PRAIRIES,Valeraldehyde,2015-04-05T20:00,0.000,µg/m³,CARB,TOR
50129,MONTRÉAL-RIVIÈRE-DES-PRAIRIES,Valeraldehyde,2015-04-11T20:00,0.006,µg/m³,CARB,TOR
50129,MONTRÉAL-RIVIÈRE-DES-PRAIRIES,Valeraldehyde,2015-04-17T20:00,0.038,µg/m³,CARB,TOR
50129,MONTRÉAL-RIVIÈRE-DES-PRAIRIES,Valeraldehyde,2015-04-23T20:00,0.031,µg/m³,CARB,TOR
50129,MONTRÉAL-RIVIÈRE-DES-PRAIRIES,Valeraldehyde,2015-04-29T20:00,0.072,µg/m³,CARB,TOR
50129,MONTRÉAL-RIVIÈRE-DES-PRAIRIES,Valeraldehyde,2015-05-05T20:00,0.074,µg/m³,CARB,TOR
50129,MONTRÉAL-RIVIÈRE-DES-PRAIRIES,Valeraldehyde,2015-05-11T20:00,0.064,µg/m³,CARB,TOR
50129,MONTRÉAL-RIVIÈRE-DES-PRAIRIES,Valeraldehyde,2015-05-23T20:00,0.071,µg/m³,CARB,TOR
50129,MONTRÉAL-RIVIÈRE-DES-PRAIRIES,Valeraldehyde,2015-05-29T20:00,0.063,µg/m³,CARB,TOR
50129,MONTRÉAL-RIVIÈRE-DES-PRAIRIES,Valeraldehyde,2015-06-04T20:00,0.077,µg/m³,CARB,TOR
50129,MONTRÉAL-RIVIÈRE-DES-PRAIRIES,Valeraldehyde,2015-06-10T20:00,0.023,µg/m³,CARB,TOR
50129,MONTRÉAL-RIVIÈRE-DES-PRAIRIES,Valeraldehyde,2015-06-16T20:00,0.048,µg/m³,CARB,TOR
50129,MONTRÉAL-RIVIÈRE-DES-PRAIRIES,Valeraldehyde,2015-06-22T20:00,0.067,µg/m³,CARB,TOR
50129,MONTRÉAL-RIVIÈRE-DES-PRAIRIES,Valeraldehyde,2015-06-28T20:00,0.034,µg/m³,CARB,TOR
50129,MONTRÉAL-RIVIÈRE-DES-PRAIRIES,Valeraldehyde,2015-07-04T20:00,0.090,µg/m³,CARB,TOR
50129,MONTRÉAL-RIVIÈRE-DES-PRAIRIES,Valeraldehyde,2015-07-10T20:00,0.034,µg/m³,CARB,TOR
50129,MONTRÉAL-RIVIÈRE-DES-PRAIRIES,Valeraldehyde,2015-07-16T20:00,0.073,µg/m³,CARB,TOR
50129,MONTRÉAL-RIVIÈRE-DES-PRAIRIES,Valeraldehyde,2015-07-28T20:00,0.040,µg/m³,CARB,TOR
50129,MONTRÉAL-RIVIÈRE-DES-PRAIRIES,Valeraldehyde,2015-08-03T20:00,0.062,µg/m³,CARB,TOR
50129,MONTRÉAL-RIVIÈRE-DES-PRAIRIES,Valeraldehyde,2015-08-09T20:00,0.052,µg/m³,CARB,TOR
50129,MONTRÉAL-RIVIÈRE-DES-PRAIRIES,Valeraldehyde,2015-08-15T20:00,0.075,µg/m³,CARB,TOR
50129,MONTRÉAL-RIVIÈRE-DES-PRAIRIES,Valeraldehyde,2015-08-21T20:00,0.074,µg/m³,CARB,TOR
50129,MONTRÉAL-RIVIÈRE-DES-PRAIRIES,Valeraldehyde,2015-08-27T20:00,0.028,µg/m³,CARB,TOR
50129,MONTRÉAL-RIVIÈRE-DES-PRAIRIES,Valeraldehyde,2015-09-02T20:00,0.044,µg/m³,CARB,TOR
50129,MONTRÉAL-RIVIÈRE-DES-PRAIRIES,Valeraldehyde,2015-09-08T20:00,0.064,µg/m³,CARB,TOR
50129,MONTRÉAL-RIVIÈRE-DES-PRAIRIES,Valeraldehyde,2015-10-08T20:00,0.000,µg/m³,CARB,TOR
50129,MONTRÉAL-RIVIÈRE-DES-PRAIRIES,Valeraldehyde,2015-10-14T20:00,0.000,µg/m³,CARB,TOR
50129,MONTRÉAL-RIVIÈRE-DES-PRAIRIES,Valeraldehyde,2015-10-20T20:00,0.000,µg/m³,CARB,TOR
50129,MONTRÉAL-RIVIÈRE-DES-PRAIRIES,Valeraldehyde,2015-10-26T20:00,0.026,µg/m³,CARB,TOR
50129,MONTRÉAL-RIVIÈRE-DES-PRAIRIES,Valeraldehyde,2015-11-01T19:00,0.000,µg/m³,CARB,TOR
50129,MONTRÉAL-RIVIÈRE-DES-PRAIRIES,Valeraldehyde,2015-11-07T19:00,0.000,µg/m³,CARB,TOR
50129,MONTRÉAL-RIVIÈRE-DES-PRAIRIES,Valeraldehyde,2015-11-13T19:00,0.000,µg/m³,CARB,TOR
50129,MONTRÉAL-RIVIÈRE-DES-PRAIRIES,Valeraldehyde,2015-11-19T19:00,0.000,µg/m³,CARB,TOR
50129,MONTRÉAL-RIVIÈRE-DES-PRAIRIES,Valeraldehyde,2015-11-25T19:00,0.029,µg/m³,CARB,TOR
50129,MONTRÉAL-RIVIÈRE-DES-PRAIRIES,Valeraldehyde,2015-12-01T19:00,0.023,µg/m³,CARB,TOR
50129,MONTRÉAL-RIVIÈRE-DES-PRAIRIES,Valeraldehyde,2015-12-07T19:00,0.018,µg/m³,CARB,TOR
50129,MONTRÉAL-RIVIÈRE-DES-PRAIRIES,Valeraldehyde,2015-12-13T19:00,0.000,µg/m³,CARB,TOR
50129,MONTRÉAL-RIVIÈRE-DES-PRAIRIES,Valeraldehyde,2015-12-19T19:00,0.042,µg/m³,CARB,TOR
50129,MONTRÉAL-RIVIÈRE-DES-PRAIRIES,Valeraldehyde,2015-12-25T19:00,0.030,µg/m³,CARB,TOR
