﻿NAPS_Site_ID,Station_Name,Pollutant,Date,Value,Units,Report_Type,Method
60512,BEASLEY PARK _HAMILTON_DOWNTOWN_,3-Me-Cholanthrene,1989-01-22T00:00,0.000,µg/m³,PAH,N/A
60512,BEASLEY PARK _HAMILTON_DOWNTOWN_,3-Me-Cholanthrene,1989-02-03T00:00,0.000,µg/m³,PAH,N/A
60512,BEASLEY PARK _HAMILTON_DOWNTOWN_,3-Me-Cholanthrene,1989-02-15T00:00,0.000,µg/m³,PAH,N/A
60512,BEASLEY PARK _HAMILTON_DOWNTOWN_,3-Me-Cholanthrene,1989-02-27T00:00,0.000,µg/m³,PAH,N/A
60512,BEASLEY PARK _HAMILTON_DOWNTOWN_,3-Me-Cholanthrene,1989-03-11T00:00,0.000,µg/m³,PAH,N/A
60512,BEASLEY PARK _HAMILTON_DOWNTOWN_,3-Me-Cholanthrene,1989-03-23T00:00,0.000,µg/m³,PAH,N/A
60512,BEASLEY PARK _HAMILTON_DOWNTOWN_,3-Me-Cholanthrene,1989-04-04T00:00,0.000,µg/m³,PAH,N/A
60512,BEASLEY PARK _HAMILTON_DOWNTOWN_,3-Me-Cholanthrene,1989-04-28T00:00,0.000,µg/m³,PAH,N/A
60512,BEASLEY PARK _HAMILTON_DOWNTOWN_,3-Me-Cholanthrene,1989-05-10T00:00,0.000,µg/m³,PAH,N/A
60512,BEASLEY PARK _HAMILTON_DOWNTOWN_,3-Me-Cholanthrene,1989-06-15T00:00,0.000,µg/m³,PAH,N/A
60512,BEASLEY PARK _HAMILTON_DOWNTOWN_,3-Me-Cholanthrene,1989-07-09T00:00,0.000,µg/m³,PAH,N/A
60512,BEASLEY PARK _HAMILTON_DOWNTOWN_,3-Me-Cholanthrene,1989-08-02T00:00,0.000,µg/m³,PAH,N/A
60512,BEASLEY PARK _HAMILTON_DOWNTOWN_,3-Me-Cholanthrene,1989-08-14T00:00,0.000,µg/m³,PAH,N/A
60512,BEASLEY PARK _HAMILTON_DOWNTOWN_,3-Me-Cholanthrene,1989-09-07T00:00,0.000,µg/m³,PAH,N/A
60512,BEASLEY PARK _HAMILTON_DOWNTOWN_,3-Me-Cholanthrene,1989-10-13T00:00,0.000,µg/m³,PAH,N/A
60512,BEASLEY PARK _HAMILTON_DOWNTOWN_,3-Me-Cholanthrene,1989-10-25T00:00,0.000,µg/m³,PAH,N/A
60512,BEASLEY PARK _HAMILTON_DOWNTOWN_,3-Me-Cholanthrene,1989-11-06T00:00,0.000,µg/m³,PAH,N/A
60512,BEASLEY PARK _HAMILTON_DOWNTOWN_,3-Me-Cholanthrene,1989-11-18T00:00,0.000,µg/m³,PAH,N/A
60512,BEASLEY PARK _HAMILTON_DOWNTOWN_,3-Me-Cholanthrene,1989-11-30T00:00,0.000,µg/m³,PAH,N/A
60512,BEASLEY PARK _HAMILTON_DOWNTOWN_,3-Me-Cholanthrene,1989-12-12T00:00,0.000,µg/m³,PAH,N/A
60512,BEASLEY PARK _HAMILTON_DOWNTOWN_,3-Me-Cholanthrene,1989-12-24T00:00,0.000,µg/m³,PAH,N/A
