﻿NAPS_Site_ID,Station_Name,Pollutant,Date,Value,Units,Report_Type,Method
90132,EDMONTON MCINTYRE,Barium,2007-08-10T00:00,0.002,µg/m³,DICHOT,ED-XRF
90132,EDMONTON MCINTYRE,Barium,2007-08-10T00:00,0.006,µg/m³,DICHOT,ED-XRF
90132,EDMONTON MCINTYRE,Barium,2007-08-13T00:00,0.006,µg/m³,DICHOT,ED-XRF
90132,EDMONTON MCINTYRE,Barium,2007-08-13T00:00,0.015,µg/m³,DICHOT,ED-XRF
90132,EDMONTON MCINTYRE,Barium,2007-08-16T00:00,0.003,µg/m³,DICHOT,ED-XRF
90132,EDMONTON MCINTYRE,Barium,2007-08-16T00:00,0.007,µg/m³,DICHOT,ED-XRF
90132,EDMONTON MCINTYRE,Barium,2007-08-19T00:00,0.002,µg/m³,DICHOT,ED-XRF
90132,EDMONTON MCINTYRE,Barium,2007-08-19T00:00,0.010,µg/m³,DICHOT,ED-XRF
90132,EDMONTON MCINTYRE,Barium,2007-08-22T00:00,0.003,µg/m³,DICHOT,ED-XRF
90132,EDMONTON MCINTYRE,Barium,2007-08-22T00:00,0.009,µg/m³,DICHOT,ED-XRF
90132,EDMONTON MCINTYRE,Barium,2007-08-25T00:00,0.007,µg/m³,DICHOT,ED-XRF
90132,EDMONTON MCINTYRE,Barium,2007-08-25T00:00,0.009,µg/m³,DICHOT,ED-XRF
90132,EDMONTON MCINTYRE,Barium,2007-08-28T00:00,0.006,µg/m³,DICHOT,ED-XRF
90132,EDMONTON MCINTYRE,Barium,2007-08-28T00:00,0.010,µg/m³,DICHOT,ED-XRF
90132,EDMONTON MCINTYRE,Barium,2007-08-31T00:00,0.005,µg/m³,DICHOT,ED-XRF
90132,EDMONTON MCINTYRE,Barium,2007-08-31T00:00,0.028,µg/m³,DICHOT,ED-XRF
90132,EDMONTON MCINTYRE,Barium,2007-09-03T00:00,0.004,µg/m³,DICHOT,ED-XRF
90132,EDMONTON MCINTYRE,Barium,2007-09-03T00:00,0.005,µg/m³,DICHOT,ED-XRF
90132,EDMONTON MCINTYRE,Barium,2007-09-06T00:00,0.000,µg/m³,DICHOT,ED-XRF
90132,EDMONTON MCINTYRE,Barium,2007-09-06T00:00,0.012,µg/m³,DICHOT,ED-XRF
90132,EDMONTON MCINTYRE,Barium,2007-09-09T00:00,0.003,µg/m³,DICHOT,ED-XRF
90132,EDMONTON MCINTYRE,Barium,2007-09-09T00:00,0.007,µg/m³,DICHOT,ED-XRF
90132,EDMONTON MCINTYRE,Barium,2007-09-12T00:00,0.004,µg/m³,DICHOT,ED-XRF
90132,EDMONTON MCINTYRE,Barium,2007-09-12T00:00,0.008,µg/m³,DICHOT,ED-XRF
90132,EDMONTON MCINTYRE,Barium,2007-09-15T00:00,0.014,µg/m³,DICHOT,ED-XRF
90132,EDMONTON MCINTYRE,Barium,2007-09-15T00:00,0.016,µg/m³,DICHOT,ED-XRF
90132,EDMONTON MCINTYRE,Barium,2007-09-18T00:00,0.007,µg/m³,DICHOT,ED-XRF
90132,EDMONTON MCINTYRE,Barium,2007-09-18T00:00,0.018,µg/m³,DICHOT,ED-XRF
90132,EDMONTON MCINTYRE,Barium,2007-09-24T00:00,0.007,µg/m³,DICHOT,ED-XRF
90132,EDMONTON MCINTYRE,Barium,2007-09-24T00:00,0.008,µg/m³,DICHOT,ED-XRF
90132,EDMONTON MCINTYRE,Barium,2007-10-03T00:00,0.000,µg/m³,DICHOT,ED-XRF
90132,EDMONTON MCINTYRE,Barium,2007-10-03T00:00,0.085,µg/m³,DICHOT,ED-XRF
90132,EDMONTON MCINTYRE,Barium,2007-10-06T00:00,0.038,µg/m³,DICHOT,ED-XRF
90132,EDMONTON MCINTYRE,Barium,2007-10-06T00:00,0.123,µg/m³,DICHOT,ED-XRF
90132,EDMONTON MCINTYRE,Barium,2007-10-09T00:00,0.042,µg/m³,DICHOT,ED-XRF
90132,EDMONTON MCINTYRE,Barium,2007-10-09T00:00,0.105,µg/m³,DICHOT,ED-XRF
90132,EDMONTON MCINTYRE,Barium,2007-10-12T00:00,0.051,µg/m³,DICHOT,ED-XRF
90132,EDMONTON MCINTYRE,Barium,2007-10-12T00:00,0.063,µg/m³,DICHOT,ED-XRF
90132,EDMONTON MCINTYRE,Barium,2007-10-15T00:00,0.000,µg/m³,DICHOT,ED-XRF
90132,EDMONTON MCINTYRE,Barium,2007-10-15T00:00,0.036,µg/m³,DICHOT,ED-XRF
90132,EDMONTON MCINTYRE,Barium,2007-10-18T00:00,0.001,µg/m³,DICHOT,ED-XRF
90132,EDMONTON MCINTYRE,Barium,2007-10-18T00:00,0.027,µg/m³,DICHOT,ED-XRF
90132,EDMONTON MCINTYRE,Barium,2007-10-21T00:00,0.030,µg/m³,DICHOT,ED-XRF
90132,EDMONTON MCINTYRE,Barium,2007-10-21T00:00,0.031,µg/m³,DICHOT,ED-XRF
90132,EDMONTON MCINTYRE,Barium,2007-10-24T00:00,0.009,µg/m³,DICHOT,ED-XRF
90132,EDMONTON MCINTYRE,Barium,2007-10-24T00:00,0.009,µg/m³,DICHOT,ED-XRF
90132,EDMONTON MCINTYRE,Barium,2007-10-27T00:00,0.033,µg/m³,DICHOT,ED-XRF
90132,EDMONTON MCINTYRE,Barium,2007-10-27T00:00,0.059,µg/m³,DICHOT,ED-XRF
90132,EDMONTON MCINTYRE,Barium,2007-10-30T00:00,0.025,µg/m³,DICHOT,ED-XRF
90132,EDMONTON MCINTYRE,Barium,2007-10-30T00:00,0.030,µg/m³,DICHOT,ED-XRF
90132,EDMONTON MCINTYRE,Barium,2007-11-05T00:00,0.000,µg/m³,DICHOT,ED-XRF
90132,EDMONTON MCINTYRE,Barium,2007-11-05T00:00,0.027,µg/m³,DICHOT,ED-XRF
90132,EDMONTON MCINTYRE,Barium,2007-11-08T00:00,0.000,µg/m³,DICHOT,ED-XRF
90132,EDMONTON MCINTYRE,Barium,2007-11-08T00:00,0.003,µg/m³,DICHOT,ED-XRF
90132,EDMONTON MCINTYRE,Barium,2007-11-14T00:00,0.000,µg/m³,DICHOT,ED-XRF
90132,EDMONTON MCINTYRE,Barium,2007-11-14T00:00,0.002,µg/m³,DICHOT,ED-XRF
90132,EDMONTON MCINTYRE,Barium,2007-11-20T00:00,0.000,µg/m³,DICHOT,ED-XRF
90132,EDMONTON MCINTYRE,Barium,2007-11-20T00:00,0.000,µg/m³,DICHOT,ED-XRF
90132,EDMONTON MCINTYRE,Barium,2007-11-23T00:00,0.002,µg/m³,DICHOT,ED-XRF
90132,EDMONTON MCINTYRE,Barium,2007-11-23T00:00,0.045,µg/m³,DICHOT,ED-XRF
90132,EDMONTON MCINTYRE,Barium,2007-11-26T00:00,0.000,µg/m³,DICHOT,ED-XRF
90132,EDMONTON MCINTYRE,Barium,2007-11-26T00:00,0.037,µg/m³,DICHOT,ED-XRF
90132,EDMONTON MCINTYRE,Barium,2007-11-29T00:00,0.000,µg/m³,DICHOT,ED-XRF
90132,EDMONTON MCINTYRE,Barium,2007-11-29T00:00,0.000,µg/m³,DICHOT,ED-XRF
90132,EDMONTON MCINTYRE,Barium,2007-12-05T00:00,0.000,µg/m³,DICHOT,ED-XRF
90132,EDMONTON MCINTYRE,Barium,2007-12-05T00:00,0.000,µg/m³,DICHOT,ED-XRF
90132,EDMONTON MCINTYRE,Barium,2007-12-08T00:00,0.000,µg/m³,DICHOT,ED-XRF
90132,EDMONTON MCINTYRE,Barium,2007-12-08T00:00,0.031,µg/m³,DICHOT,ED-XRF
90132,EDMONTON MCINTYRE,Barium,2007-12-11T00:00,0.000,µg/m³,DICHOT,ED-XRF
90132,EDMONTON MCINTYRE,Barium,2007-12-11T00:00,0.046,µg/m³,DICHOT,ED-XRF
90132,EDMONTON MCINTYRE,Barium,2007-12-14T00:00,0.000,µg/m³,DICHOT,ED-XRF
90132,EDMONTON MCINTYRE,Barium,2007-12-14T00:00,0.018,µg/m³,DICHOT,ED-XRF
90132,EDMONTON MCINTYRE,Barium,2007-12-17T00:00,0.000,µg/m³,DICHOT,ED-XRF
90132,EDMONTON MCINTYRE,Barium,2007-12-17T00:00,0.002,µg/m³,DICHOT,ED-XRF
90132,EDMONTON MCINTYRE,Barium,2007-12-20T00:00,0.000,µg/m³,DICHOT,ED-XRF
90132,EDMONTON MCINTYRE,Barium,2007-12-20T00:00,0.066,µg/m³,DICHOT,ED-XRF
90132,EDMONTON MCINTYRE,Barium,2007-12-23T00:00,0.000,µg/m³,DICHOT,ED-XRF
90132,EDMONTON MCINTYRE,Barium,2007-12-23T00:00,0.051,µg/m³,DICHOT,ED-XRF
90132,EDMONTON MCINTYRE,Barium,2007-12-26T00:00,0.000,µg/m³,DICHOT,ED-XRF
90132,EDMONTON MCINTYRE,Barium,2007-12-26T00:00,0.000,µg/m³,DICHOT,ED-XRF
90132,EDMONTON MCINTYRE,Barium,2007-12-29T00:00,0.000,µg/m³,DICHOT,ED-XRF
90132,EDMONTON MCINTYRE,Barium,2007-12-29T00:00,0.026,µg/m³,DICHOT,ED-XRF
90132,EDMONTON MCINTYRE,Barium,2007-01-03T00:00,0.000,µg/m³,IC,IC
90132,EDMONTON MCINTYRE,Barium,2007-01-12T00:00,0.000,µg/m³,IC,IC
90132,EDMONTON MCINTYRE,Barium,2007-01-15T00:00,0.000,µg/m³,IC,IC
90132,EDMONTON MCINTYRE,Barium,2007-01-18T00:00,0.000,µg/m³,IC,IC
90132,EDMONTON MCINTYRE,Barium,2007-01-21T00:00,0.000,µg/m³,IC,IC
90132,EDMONTON MCINTYRE,Barium,2007-01-24T00:00,0.000,µg/m³,IC,IC
90132,EDMONTON MCINTYRE,Barium,2007-01-27T00:00,0.000,µg/m³,IC,IC
90132,EDMONTON MCINTYRE,Barium,2007-01-30T00:00,0.000,µg/m³,IC,IC
90132,EDMONTON MCINTYRE,Barium,2007-02-02T00:00,0.000,µg/m³,IC,IC
90132,EDMONTON MCINTYRE,Barium,2007-02-05T00:00,0.000,µg/m³,IC,IC
90132,EDMONTON MCINTYRE,Barium,2007-02-08T00:00,0.000,µg/m³,IC,IC
90132,EDMONTON MCINTYRE,Barium,2007-02-11T00:00,0.000,µg/m³,IC,IC
90132,EDMONTON MCINTYRE,Barium,2007-02-14T00:00,0.000,µg/m³,IC,IC
90132,EDMONTON MCINTYRE,Barium,2007-02-17T00:00,0.000,µg/m³,IC,IC
90132,EDMONTON MCINTYRE,Barium,2007-02-20T00:00,0.000,µg/m³,IC,IC
90132,EDMONTON MCINTYRE,Barium,2007-02-23T00:00,0.000,µg/m³,IC,IC
90132,EDMONTON MCINTYRE,Barium,2007-02-26T00:00,0.000,µg/m³,IC,IC
90132,EDMONTON MCINTYRE,Barium,2007-03-04T00:00,0.000,µg/m³,IC,IC
90132,EDMONTON MCINTYRE,Barium,2007-03-07T00:00,0.000,µg/m³,IC,IC
90132,EDMONTON MCINTYRE,Barium,2007-03-10T00:00,0.000,µg/m³,IC,IC
90132,EDMONTON MCINTYRE,Barium,2007-03-13T00:00,0.000,µg/m³,IC,IC
90132,EDMONTON MCINTYRE,Barium,2007-03-16T00:00,0.000,µg/m³,IC,IC
90132,EDMONTON MCINTYRE,Barium,2007-03-19T00:00,0.000,µg/m³,IC,IC
90132,EDMONTON MCINTYRE,Barium,2007-03-22T00:00,0.000,µg/m³,IC,IC
90132,EDMONTON MCINTYRE,Barium,2007-03-25T00:00,0.000,µg/m³,IC,IC
90132,EDMONTON MCINTYRE,Barium,2007-03-28T00:00,0.000,µg/m³,IC,IC
90132,EDMONTON MCINTYRE,Barium,2007-03-31T00:00,0.000,µg/m³,IC,IC
90132,EDMONTON MCINTYRE,Barium,2007-04-03T00:00,0.000,µg/m³,IC,IC
90132,EDMONTON MCINTYRE,Barium,2007-04-06T00:00,0.000,µg/m³,IC,IC
90132,EDMONTON MCINTYRE,Barium,2007-04-09T00:00,0.000,µg/m³,IC,IC
90132,EDMONTON MCINTYRE,Barium,2007-04-12T00:00,0.000,µg/m³,IC,IC
90132,EDMONTON MCINTYRE,Barium,2007-04-15T00:00,0.000,µg/m³,IC,IC
90132,EDMONTON MCINTYRE,Barium,2007-04-18T00:00,0.000,µg/m³,IC,IC
90132,EDMONTON MCINTYRE,Barium,2007-04-21T00:00,0.000,µg/m³,IC,IC
90132,EDMONTON MCINTYRE,Barium,2007-04-24T00:00,0.000,µg/m³,IC,IC
90132,EDMONTON MCINTYRE,Barium,2007-04-27T00:00,0.000,µg/m³,IC,IC
90132,EDMONTON MCINTYRE,Barium,2007-04-30T00:00,0.000,µg/m³,IC,IC
90132,EDMONTON MCINTYRE,Barium,2007-05-03T00:00,0.000,µg/m³,IC,IC
90132,EDMONTON MCINTYRE,Barium,2007-05-06T00:00,0.000,µg/m³,IC,IC
90132,EDMONTON MCINTYRE,Barium,2007-05-09T00:00,0.000,µg/m³,IC,IC
90132,EDMONTON MCINTYRE,Barium,2007-05-12T00:00,0.000,µg/m³,IC,IC
90132,EDMONTON MCINTYRE,Barium,2007-05-15T00:00,0.000,µg/m³,IC,IC
90132,EDMONTON MCINTYRE,Barium,2007-05-18T00:00,0.000,µg/m³,IC,IC
90132,EDMONTON MCINTYRE,Barium,2007-05-21T00:00,0.000,µg/m³,IC,IC
90132,EDMONTON MCINTYRE,Barium,2007-05-24T00:00,0.000,µg/m³,IC,IC
90132,EDMONTON MCINTYRE,Barium,2007-05-27T00:00,0.000,µg/m³,IC,IC
90132,EDMONTON MCINTYRE,Barium,2007-05-30T00:00,0.000,µg/m³,IC,IC
90132,EDMONTON MCINTYRE,Barium,2007-06-02T00:00,0.000,µg/m³,IC,IC
90132,EDMONTON MCINTYRE,Barium,2007-06-05T00:00,0.000,µg/m³,IC,IC
90132,EDMONTON MCINTYRE,Barium,2007-06-08T00:00,0.000,µg/m³,IC,IC
90132,EDMONTON MCINTYRE,Barium,2007-06-11T00:00,0.000,µg/m³,IC,IC
90132,EDMONTON MCINTYRE,Barium,2007-06-14T00:00,0.000,µg/m³,IC,IC
90132,EDMONTON MCINTYRE,Barium,2007-06-17T00:00,0.000,µg/m³,IC,IC
90132,EDMONTON MCINTYRE,Barium,2007-06-20T00:00,0.000,µg/m³,IC,IC
90132,EDMONTON MCINTYRE,Barium,2007-06-23T00:00,0.000,µg/m³,IC,IC
90132,EDMONTON MCINTYRE,Barium,2007-06-26T00:00,0.000,µg/m³,IC,IC
90132,EDMONTON MCINTYRE,Barium,2007-06-29T00:00,0.000,µg/m³,IC,IC
90132,EDMONTON MCINTYRE,Barium,2007-07-02T00:00,0.006,µg/m³,IC,IC
90132,EDMONTON MCINTYRE,Barium,2007-07-05T00:00,0.000,µg/m³,IC,IC
90132,EDMONTON MCINTYRE,Barium,2007-07-08T00:00,0.000,µg/m³,IC,IC
90132,EDMONTON MCINTYRE,Barium,2007-07-11T00:00,0.007,µg/m³,IC,IC
90132,EDMONTON MCINTYRE,Barium,2007-07-14T00:00,0.007,µg/m³,IC,IC
90132,EDMONTON MCINTYRE,Barium,2007-07-17T00:00,0.007,µg/m³,IC,IC
90132,EDMONTON MCINTYRE,Barium,2007-07-20T00:00,0.000,µg/m³,IC,IC
90132,EDMONTON MCINTYRE,Barium,2007-07-23T00:00,0.000,µg/m³,IC,IC
90132,EDMONTON MCINTYRE,Barium,2007-07-26T00:00,0.000,µg/m³,IC,IC
90132,EDMONTON MCINTYRE,Barium,2007-07-29T00:00,0.000,µg/m³,IC,IC
90132,EDMONTON MCINTYRE,Barium,2007-08-01T00:00,0.000,µg/m³,IC,IC
90132,EDMONTON MCINTYRE,Barium,2007-08-04T00:00,0.000,µg/m³,IC,IC
90132,EDMONTON MCINTYRE,Barium,2007-08-07T00:00,0.000,µg/m³,IC,IC
90132,EDMONTON MCINTYRE,Barium,2007-08-10T00:00,0.000,µg/m³,IC,IC
90132,EDMONTON MCINTYRE,Barium,2007-08-13T00:00,0.000,µg/m³,IC,IC
90132,EDMONTON MCINTYRE,Barium,2007-08-16T00:00,0.000,µg/m³,IC,IC
90132,EDMONTON MCINTYRE,Barium,2007-08-19T00:00,0.000,µg/m³,IC,IC
90132,EDMONTON MCINTYRE,Barium,2007-08-22T00:00,0.000,µg/m³,IC,IC
90132,EDMONTON MCINTYRE,Barium,2007-08-25T00:00,0.000,µg/m³,IC,IC
90132,EDMONTON MCINTYRE,Barium,2007-08-28T00:00,0.000,µg/m³,IC,IC
90132,EDMONTON MCINTYRE,Barium,2007-09-06T00:00,0.000,µg/m³,IC,IC
90132,EDMONTON MCINTYRE,Barium,2007-09-09T00:00,0.000,µg/m³,IC,IC
90132,EDMONTON MCINTYRE,Barium,2007-09-12T00:00,0.000,µg/m³,IC,IC
90132,EDMONTON MCINTYRE,Barium,2007-09-15T00:00,0.000,µg/m³,IC,IC
90132,EDMONTON MCINTYRE,Barium,2007-09-18T00:00,0.000,µg/m³,IC,IC
90132,EDMONTON MCINTYRE,Barium,2007-09-21T00:00,0.000,µg/m³,IC,IC
90132,EDMONTON MCINTYRE,Barium,2007-09-24T00:00,0.000,µg/m³,IC,IC
90132,EDMONTON MCINTYRE,Barium,2007-09-27T00:00,0.000,µg/m³,IC,IC
90132,EDMONTON MCINTYRE,Barium,2007-09-30T00:00,0.000,µg/m³,IC,IC
90132,EDMONTON MCINTYRE,Barium,2007-10-03T00:00,0.000,µg/m³,IC,IC
90132,EDMONTON MCINTYRE,Barium,2007-10-06T00:00,0.000,µg/m³,IC,IC
90132,EDMONTON MCINTYRE,Barium,2007-10-09T00:00,0.000,µg/m³,IC,IC
90132,EDMONTON MCINTYRE,Barium,2007-10-15T00:00,0.005,µg/m³,IC,IC
90132,EDMONTON MCINTYRE,Barium,2007-10-18T00:00,0.007,µg/m³,IC,IC
90132,EDMONTON MCINTYRE,Barium,2007-10-21T00:00,0.004,µg/m³,IC,IC
90132,EDMONTON MCINTYRE,Barium,2007-10-24T00:00,0.005,µg/m³,IC,IC
90132,EDMONTON MCINTYRE,Barium,2007-10-27T00:00,0.004,µg/m³,IC,IC
90132,EDMONTON MCINTYRE,Barium,2007-10-30T00:00,0.005,µg/m³,IC,IC
90132,EDMONTON MCINTYRE,Barium,2007-11-02T00:00,0.005,µg/m³,IC,IC
90132,EDMONTON MCINTYRE,Barium,2007-11-05T00:00,0.005,µg/m³,IC,IC
90132,EDMONTON MCINTYRE,Barium,2007-11-08T00:00,0.005,µg/m³,IC,IC
90132,EDMONTON MCINTYRE,Barium,2007-11-11T00:00,0.000,µg/m³,IC,IC
90132,EDMONTON MCINTYRE,Barium,2007-11-14T00:00,0.000,µg/m³,IC,IC
90132,EDMONTON MCINTYRE,Barium,2007-11-17T00:00,0.000,µg/m³,IC,IC
90132,EDMONTON MCINTYRE,Barium,2007-11-20T00:00,0.000,µg/m³,IC,IC
90132,EDMONTON MCINTYRE,Barium,2007-11-23T00:00,0.000,µg/m³,IC,IC
90132,EDMONTON MCINTYRE,Barium,2007-11-26T00:00,0.000,µg/m³,IC,IC
90132,EDMONTON MCINTYRE,Barium,2007-11-29T00:00,0.000,µg/m³,IC,IC
90132,EDMONTON MCINTYRE,Barium,2007-12-02T00:00,0.000,µg/m³,IC,IC
90132,EDMONTON MCINTYRE,Barium,2007-12-05T00:00,0.000,µg/m³,IC,IC
90132,EDMONTON MCINTYRE,Barium,2007-12-08T00:00,0.000,µg/m³,IC,IC
90132,EDMONTON MCINTYRE,Barium,2007-12-11T00:00,0.000,µg/m³,IC,IC
90132,EDMONTON MCINTYRE,Barium,2007-12-14T00:00,0.000,µg/m³,IC,IC
90132,EDMONTON MCINTYRE,Barium,2007-12-17T00:00,0.000,µg/m³,IC,IC
90132,EDMONTON MCINTYRE,Barium,2007-12-20T00:00,0.000,µg/m³,IC,IC
90132,EDMONTON MCINTYRE,Barium,2007-12-23T00:00,0.000,µg/m³,IC,IC
90132,EDMONTON MCINTYRE,Barium,2007-12-26T00:00,0.000,µg/m³,IC,IC
90132,EDMONTON MCINTYRE,Barium,2007-12-29T00:00,0.000,µg/m³,IC,IC
90132,EDMONTON MCINTYRE,Barium,2007-02-05T00:00,0.003,µg/m³,WICPMS,WICPMS
90132,EDMONTON MCINTYRE,Barium,2007-02-08T00:00,0.002,µg/m³,WICPMS,WICPMS
90132,EDMONTON MCINTYRE,Barium,2007-02-11T00:00,0.001,µg/m³,WICPMS,WICPMS
90132,EDMONTON MCINTYRE,Barium,2007-02-14T00:00,0.001,µg/m³,WICPMS,WICPMS
90132,EDMONTON MCINTYRE,Barium,2007-02-17T00:00,0.002,µg/m³,WICPMS,WICPMS
90132,EDMONTON MCINTYRE,Barium,2007-02-20T00:00,0.003,µg/m³,WICPMS,WICPMS
90132,EDMONTON MCINTYRE,Barium,2007-02-23T00:00,0.002,µg/m³,WICPMS,WICPMS
90132,EDMONTON MCINTYRE,Barium,2007-02-26T00:00,0.001,µg/m³,WICPMS,WICPMS
90132,EDMONTON MCINTYRE,Barium,2007-03-04T00:00,0.000,µg/m³,WICPMS,WICPMS
90132,EDMONTON MCINTYRE,Barium,2007-03-07T00:00,0.006,µg/m³,WICPMS,WICPMS
90132,EDMONTON MCINTYRE,Barium,2007-03-10T00:00,0.002,µg/m³,WICPMS,WICPMS
90132,EDMONTON MCINTYRE,Barium,2007-03-13T00:00,0.003,µg/m³,WICPMS,WICPMS
90132,EDMONTON MCINTYRE,Barium,2007-03-16T00:00,0.002,µg/m³,WICPMS,WICPMS
90132,EDMONTON MCINTYRE,Barium,2007-03-19T00:00,0.001,µg/m³,WICPMS,WICPMS
90132,EDMONTON MCINTYRE,Barium,2007-03-22T00:00,0.001,µg/m³,WICPMS,WICPMS
90132,EDMONTON MCINTYRE,Barium,2007-03-25T00:00,0.004,µg/m³,WICPMS,WICPMS
90132,EDMONTON MCINTYRE,Barium,2007-03-28T00:00,0.002,µg/m³,WICPMS,WICPMS
90132,EDMONTON MCINTYRE,Barium,2007-03-31T00:00,0.002,µg/m³,WICPMS,WICPMS
90132,EDMONTON MCINTYRE,Barium,2007-04-03T00:00,0.001,µg/m³,WICPMS,WICPMS
90132,EDMONTON MCINTYRE,Barium,2007-04-06T00:00,0.000,µg/m³,WICPMS,WICPMS
90132,EDMONTON MCINTYRE,Barium,2007-04-09T00:00,0.001,µg/m³,WICPMS,WICPMS
90132,EDMONTON MCINTYRE,Barium,2007-04-12T00:00,0.002,µg/m³,WICPMS,WICPMS
90132,EDMONTON MCINTYRE,Barium,2007-06-08T00:00,0.002,µg/m³,WICPMS,WICPMS
90132,EDMONTON MCINTYRE,Barium,2007-06-11T00:00,0.001,µg/m³,WICPMS,WICPMS
90132,EDMONTON MCINTYRE,Barium,2007-06-14T00:00,0.003,µg/m³,WICPMS,WICPMS
90132,EDMONTON MCINTYRE,Barium,2007-06-17T00:00,0.001,µg/m³,WICPMS,WICPMS
90132,EDMONTON MCINTYRE,Barium,2007-06-20T00:00,0.002,µg/m³,WICPMS,WICPMS
90132,EDMONTON MCINTYRE,Barium,2007-06-23T00:00,0.001,µg/m³,WICPMS,WICPMS
90132,EDMONTON MCINTYRE,Barium,2007-06-26T00:00,0.001,µg/m³,WICPMS,WICPMS
90132,EDMONTON MCINTYRE,Barium,2007-06-29T00:00,0.001,µg/m³,WICPMS,WICPMS
90132,EDMONTON MCINTYRE,Barium,2007-07-02T00:00,0.003,µg/m³,WICPMS,WICPMS
90132,EDMONTON MCINTYRE,Barium,2007-07-05T00:00,0.002,µg/m³,WICPMS,WICPMS
90132,EDMONTON MCINTYRE,Barium,2007-07-08T00:00,0.001,µg/m³,WICPMS,WICPMS
90132,EDMONTON MCINTYRE,Barium,2007-07-11T00:00,0.004,µg/m³,WICPMS,WICPMS
90132,EDMONTON MCINTYRE,Barium,2007-07-14T00:00,0.002,µg/m³,WICPMS,WICPMS
90132,EDMONTON MCINTYRE,Barium,2007-07-17T00:00,0.004,µg/m³,WICPMS,WICPMS
90132,EDMONTON MCINTYRE,Barium,2007-07-20T00:00,0.002,µg/m³,WICPMS,WICPMS
90132,EDMONTON MCINTYRE,Barium,2007-07-23T00:00,0.003,µg/m³,WICPMS,WICPMS
90132,EDMONTON MCINTYRE,Barium,2007-07-26T00:00,0.002,µg/m³,WICPMS,WICPMS
90132,EDMONTON MCINTYRE,Barium,2007-07-29T00:00,0.001,µg/m³,WICPMS,WICPMS
90132,EDMONTON MCINTYRE,Barium,2007-08-01T00:00,0.003,µg/m³,WICPMS,WICPMS
90132,EDMONTON MCINTYRE,Barium,2007-08-04T00:00,0.001,µg/m³,WICPMS,WICPMS
90132,EDMONTON MCINTYRE,Barium,2007-08-07T00:00,0.003,µg/m³,WICPMS,WICPMS
90132,EDMONTON MCINTYRE,Barium,2007-08-10T00:00,0.001,µg/m³,WICPMS,WICPMS
90132,EDMONTON MCINTYRE,Barium,2007-08-13T00:00,0.003,µg/m³,WICPMS,WICPMS
90132,EDMONTON MCINTYRE,Barium,2007-08-16T00:00,0.001,µg/m³,WICPMS,WICPMS
90132,EDMONTON MCINTYRE,Barium,2007-08-19T00:00,0.001,µg/m³,WICPMS,WICPMS
90132,EDMONTON MCINTYRE,Barium,2007-08-22T00:00,0.001,µg/m³,WICPMS,WICPMS
90132,EDMONTON MCINTYRE,Barium,2007-08-25T00:00,0.001,µg/m³,WICPMS,WICPMS
90132,EDMONTON MCINTYRE,Barium,2007-08-28T00:00,0.004,µg/m³,WICPMS,WICPMS
90132,EDMONTON MCINTYRE,Barium,2007-09-06T00:00,0.002,µg/m³,WICPMS,WICPMS
90132,EDMONTON MCINTYRE,Barium,2007-09-09T00:00,0.001,µg/m³,WICPMS,WICPMS
90132,EDMONTON MCINTYRE,Barium,2007-09-12T00:00,0.001,µg/m³,WICPMS,WICPMS
90132,EDMONTON MCINTYRE,Barium,2007-09-15T00:00,0.004,µg/m³,WICPMS,WICPMS
90132,EDMONTON MCINTYRE,Barium,2007-09-18T00:00,0.003,µg/m³,WICPMS,WICPMS
90132,EDMONTON MCINTYRE,Barium,2007-09-21T00:00,0.004,µg/m³,WICPMS,WICPMS
90132,EDMONTON MCINTYRE,Barium,2007-09-24T00:00,0.003,µg/m³,WICPMS,WICPMS
90132,EDMONTON MCINTYRE,Barium,2007-09-27T00:00,0.001,µg/m³,WICPMS,WICPMS
90132,EDMONTON MCINTYRE,Barium,2007-09-30T00:00,0.001,µg/m³,WICPMS,WICPMS
90132,EDMONTON MCINTYRE,Barium,2007-10-03T00:00,0.003,µg/m³,WICPMS,WICPMS
90132,EDMONTON MCINTYRE,Barium,2007-10-06T00:00,0.001,µg/m³,WICPMS,WICPMS
90132,EDMONTON MCINTYRE,Barium,2007-10-09T00:00,0.001,µg/m³,WICPMS,WICPMS
90132,EDMONTON MCINTYRE,Barium,2007-10-15T00:00,0.004,µg/m³,WICPMS,WICPMS
90132,EDMONTON MCINTYRE,Barium,2007-10-18T00:00,0.005,µg/m³,WICPMS,WICPMS
90132,EDMONTON MCINTYRE,Barium,2007-10-21T00:00,0.002,µg/m³,WICPMS,WICPMS
90132,EDMONTON MCINTYRE,Barium,2007-10-24T00:00,0.002,µg/m³,WICPMS,WICPMS
90132,EDMONTON MCINTYRE,Barium,2007-10-27T00:00,0.003,µg/m³,WICPMS,WICPMS
90132,EDMONTON MCINTYRE,Barium,2007-10-30T00:00,0.002,µg/m³,WICPMS,WICPMS
90132,EDMONTON MCINTYRE,Barium,2007-11-02T00:00,0.003,µg/m³,WICPMS,WICPMS
90132,EDMONTON MCINTYRE,Barium,2007-11-05T00:00,0.002,µg/m³,WICPMS,WICPMS
90132,EDMONTON MCINTYRE,Barium,2007-11-08T00:00,0.003,µg/m³,WICPMS,WICPMS
90132,EDMONTON MCINTYRE,Barium,2007-11-11T00:00,0.002,µg/m³,WICPMS,WICPMS
90132,EDMONTON MCINTYRE,Barium,2007-11-14T00:00,0.003,µg/m³,WICPMS,WICPMS
90132,EDMONTON MCINTYRE,Barium,2007-11-17T00:00,0.001,µg/m³,WICPMS,WICPMS
90132,EDMONTON MCINTYRE,Barium,2007-11-20T00:00,0.002,µg/m³,WICPMS,WICPMS
90132,EDMONTON MCINTYRE,Barium,2007-11-23T00:00,0.005,µg/m³,WICPMS,WICPMS
90132,EDMONTON MCINTYRE,Barium,2007-11-26T00:00,0.001,µg/m³,WICPMS,WICPMS
90132,EDMONTON MCINTYRE,Barium,2007-11-29T00:00,0.002,µg/m³,WICPMS,WICPMS
90132,EDMONTON MCINTYRE,Barium,2007-12-02T00:00,0.000,µg/m³,WICPMS,WICPMS
90132,EDMONTON MCINTYRE,Barium,2007-12-05T00:00,0.002,µg/m³,WICPMS,WICPMS
90132,EDMONTON MCINTYRE,Barium,2007-12-08T00:00,0.005,µg/m³,WICPMS,WICPMS
90132,EDMONTON MCINTYRE,Barium,2007-12-11T00:00,0.003,µg/m³,WICPMS,WICPMS
90132,EDMONTON MCINTYRE,Barium,2007-12-14T00:00,0.004,µg/m³,WICPMS,WICPMS
90132,EDMONTON MCINTYRE,Barium,2007-12-17T00:00,0.004,µg/m³,WICPMS,WICPMS
90132,EDMONTON MCINTYRE,Barium,2007-12-20T00:00,0.003,µg/m³,WICPMS,WICPMS
90132,EDMONTON MCINTYRE,Barium,2007-12-23T00:00,0.002,µg/m³,WICPMS,WICPMS
90132,EDMONTON MCINTYRE,Barium,2007-12-26T00:00,0.002,µg/m³,WICPMS,WICPMS
90132,EDMONTON MCINTYRE,Barium,2007-12-29T00:00,0.002,µg/m³,WICPMS,WICPMS
