﻿NAPS_Site_ID,Station_Name,Pollutant,Date,Value,Units,Report_Type,Method
129401,ALERT,Ethylene,2013-01-09T00:00,0.225,µg/m³,VOC,
129401,ALERT,Ethylene,2013-01-17T00:00,0.198,µg/m³,VOC,
129401,ALERT,Ethylene,2013-01-23T00:00,0.788,µg/m³,VOC,
129401,ALERT,Ethylene,2013-01-30T00:00,0.254,µg/m³,VOC,
129401,ALERT,Ethylene,2013-02-07T00:00,0.234,µg/m³,VOC,
129401,ALERT,Ethylene,2013-02-14T00:00,0.130,µg/m³,VOC,
129401,ALERT,Ethylene,2013-02-20T00:00,0.150,µg/m³,VOC,
129401,ALERT,Ethylene,2013-02-28T00:00,0.140,µg/m³,VOC,
129401,ALERT,Ethylene,2013-03-08T00:00,0.093,µg/m³,VOC,
129401,ALERT,Ethylene,2013-03-13T00:00,0.058,µg/m³,VOC,
129401,ALERT,Ethylene,2013-03-20T00:00,0.069,µg/m³,VOC,
129401,ALERT,Ethylene,2013-03-27T00:00,0.044,µg/m³,VOC,
129401,ALERT,Ethylene,2013-04-03T00:00,0.055,µg/m³,VOC,
129401,ALERT,Ethylene,2013-04-10T00:00,0.174,µg/m³,VOC,
129401,ALERT,Ethylene,2013-04-17T00:00,1.099,µg/m³,VOC,
129401,ALERT,Ethylene,2013-04-24T00:00,0.016,µg/m³,VOC,
