﻿NAPS_Site_ID,Station_Name,Pollutant,Date,Value,Units,Report_Type,Method
50103,MONTRÉAL-SAINT-JEAN-BAPTISTE,trans-2-Heptene,1995-01-03T00:00,0.051,µg/m³,VOC,N/A
50103,MONTRÉAL-SAINT-JEAN-BAPTISTE,trans-2-Heptene,1995-01-09T00:00,0.030,µg/m³,VOC,N/A
50103,MONTRÉAL-SAINT-JEAN-BAPTISTE,trans-2-Heptene,1995-01-15T00:00,0.059,µg/m³,VOC,N/A
50103,MONTRÉAL-SAINT-JEAN-BAPTISTE,trans-2-Heptene,1995-01-21T00:00,0.000,µg/m³,VOC,N/A
50103,MONTRÉAL-SAINT-JEAN-BAPTISTE,trans-2-Heptene,1995-01-27T00:00,0.095,µg/m³,VOC,N/A
