﻿NAPS_Site_ID,Station_Name,Pollutant,Date,Value,Units,Report_Type,Method
90121,EDMONTON EAST,Decane,1994-01-02T00:00,15.701,µg/m³,VOC,N/A
90121,EDMONTON EAST,Decane,1994-01-08T00:00,13.032,µg/m³,VOC,N/A
90121,EDMONTON EAST,Decane,1994-01-14T00:00,12.043,µg/m³,VOC,N/A
90121,EDMONTON EAST,Decane,1994-01-20T00:00,17.149,µg/m³,VOC,N/A
90121,EDMONTON EAST,Decane,1994-01-26T00:00,16.180,µg/m³,VOC,N/A
90121,EDMONTON EAST,Decane,1994-02-01T00:00,15.386,µg/m³,VOC,N/A
90121,EDMONTON EAST,Decane,1994-02-19T00:00,12.816,µg/m³,VOC,N/A
90121,EDMONTON EAST,Decane,1994-02-25T00:00,13.872,µg/m³,VOC,N/A
90121,EDMONTON EAST,Decane,1994-03-03T00:00,17.240,µg/m³,VOC,N/A
90121,EDMONTON EAST,Decane,1994-03-09T00:00,15.054,µg/m³,VOC,N/A
90121,EDMONTON EAST,Decane,1994-03-15T00:00,14.677,µg/m³,VOC,N/A
90121,EDMONTON EAST,Decane,1994-03-21T00:00,14.965,µg/m³,VOC,N/A
90121,EDMONTON EAST,Decane,1994-03-27T00:00,14.882,µg/m³,VOC,N/A
90121,EDMONTON EAST,Decane,1994-04-08T00:00,16.373,µg/m³,VOC,N/A
90121,EDMONTON EAST,Decane,1994-04-14T00:00,15.093,µg/m³,VOC,N/A
90121,EDMONTON EAST,Decane,1994-04-20T00:00,17.016,µg/m³,VOC,N/A
90121,EDMONTON EAST,Decane,1994-04-26T00:00,15.875,µg/m³,VOC,N/A
90121,EDMONTON EAST,Decane,1994-05-02T00:00,15.467,µg/m³,VOC,N/A
90121,EDMONTON EAST,Decane,1994-05-08T00:00,16.258,µg/m³,VOC,N/A
90121,EDMONTON EAST,Decane,1994-05-14T00:00,17.442,µg/m³,VOC,N/A
90121,EDMONTON EAST,Decane,1994-05-20T00:00,16.653,µg/m³,VOC,N/A
90121,EDMONTON EAST,Decane,1994-05-26T00:00,18.537,µg/m³,VOC,N/A
90121,EDMONTON EAST,Decane,1994-06-01T00:00,18.796,µg/m³,VOC,N/A
90121,EDMONTON EAST,Decane,1994-06-07T00:00,13.761,µg/m³,VOC,N/A
90121,EDMONTON EAST,Decane,1994-06-13T00:00,14.508,µg/m³,VOC,N/A
90121,EDMONTON EAST,Decane,1994-06-19T00:00,31.697,µg/m³,VOC,N/A
90121,EDMONTON EAST,Decane,1994-06-25T00:00,35.621,µg/m³,VOC,N/A
90121,EDMONTON EAST,Decane,1994-07-07T00:00,20.859,µg/m³,VOC,N/A
90121,EDMONTON EAST,Decane,1994-07-13T00:00,19.984,µg/m³,VOC,N/A
90121,EDMONTON EAST,Decane,1994-07-19T00:00,24.912,µg/m³,VOC,N/A
90121,EDMONTON EAST,Decane,1994-07-25T00:00,0.180,µg/m³,VOC,N/A
90121,EDMONTON EAST,Decane,1994-07-31T00:00,0.564,µg/m³,VOC,N/A
90121,EDMONTON EAST,Decane,1994-08-06T00:00,0.323,µg/m³,VOC,N/A
90121,EDMONTON EAST,Decane,1994-08-12T00:00,0.884,µg/m³,VOC,N/A
90121,EDMONTON EAST,Decane,1994-08-18T00:00,1.596,µg/m³,VOC,N/A
90121,EDMONTON EAST,Decane,1994-08-24T00:00,0.973,µg/m³,VOC,N/A
90121,EDMONTON EAST,Decane,1994-08-30T00:00,0.229,µg/m³,VOC,N/A
90121,EDMONTON EAST,Decane,1994-09-05T00:00,0.707,µg/m³,VOC,N/A
90121,EDMONTON EAST,Decane,1994-09-23T00:00,0.869,µg/m³,VOC,N/A
90121,EDMONTON EAST,Decane,1994-09-29T00:00,0.310,µg/m³,VOC,N/A
90121,EDMONTON EAST,Decane,1994-10-05T00:00,0.904,µg/m³,VOC,N/A
90121,EDMONTON EAST,Decane,1994-10-11T00:00,0.896,µg/m³,VOC,N/A
90121,EDMONTON EAST,Decane,1994-10-17T00:00,0.495,µg/m³,VOC,N/A
90121,EDMONTON EAST,Decane,1994-10-23T00:00,0.645,µg/m³,VOC,N/A
90121,EDMONTON EAST,Decane,1994-10-29T00:00,1.157,µg/m³,VOC,N/A
90121,EDMONTON EAST,Decane,1994-11-10T00:00,2.530,µg/m³,VOC,N/A
90121,EDMONTON EAST,Decane,1994-11-16T00:00,0.173,µg/m³,VOC,N/A
90121,EDMONTON EAST,Decane,1994-11-22T00:00,0.598,µg/m³,VOC,N/A
90121,EDMONTON EAST,Decane,1994-11-28T00:00,2.476,µg/m³,VOC,N/A
90121,EDMONTON EAST,Decane,1994-12-04T00:00,0.087,µg/m³,VOC,N/A
90121,EDMONTON EAST,Decane,1994-12-10T00:00,1.087,µg/m³,VOC,N/A
90121,EDMONTON EAST,Decane,1994-12-16T00:00,1.924,µg/m³,VOC,N/A
90121,EDMONTON EAST,Decane,1994-12-22T00:00,1.604,µg/m³,VOC,N/A
90121,EDMONTON EAST,Decane,1994-12-28T00:00,0.303,µg/m³,VOC,N/A
