﻿NAPS_Site_ID,Station_Name,Pollutant,Date,Value,Units,Report_Type,Method
90130,EDMONTON CENTRAL,"1,2,4-Trichlorobenzene",1991-05-18T00:00,0.000,µg/m³,VOC,N/A
90130,EDMONTON CENTRAL,"1,2,4-Trichlorobenzene",1991-05-24T00:00,0.000,µg/m³,VOC,N/A
90130,EDMONTON CENTRAL,"1,2,4-Trichlorobenzene",1991-05-30T00:00,0.000,µg/m³,VOC,N/A
90130,EDMONTON CENTRAL,"1,2,4-Trichlorobenzene",1991-06-05T00:00,0.000,µg/m³,VOC,N/A
90130,EDMONTON CENTRAL,"1,2,4-Trichlorobenzene",1991-06-11T00:00,0.000,µg/m³,VOC,N/A
90130,EDMONTON CENTRAL,"1,2,4-Trichlorobenzene",1991-06-23T00:00,0.000,µg/m³,VOC,N/A
90130,EDMONTON CENTRAL,"1,2,4-Trichlorobenzene",1991-06-29T00:00,0.000,µg/m³,VOC,N/A
90130,EDMONTON CENTRAL,"1,2,4-Trichlorobenzene",1991-07-05T00:00,0.000,µg/m³,VOC,N/A
90130,EDMONTON CENTRAL,"1,2,4-Trichlorobenzene",1991-07-11T00:00,0.000,µg/m³,VOC,N/A
90130,EDMONTON CENTRAL,"1,2,4-Trichlorobenzene",1991-07-17T00:00,0.000,µg/m³,VOC,N/A
90130,EDMONTON CENTRAL,"1,2,4-Trichlorobenzene",1991-07-23T00:00,0.000,µg/m³,VOC,N/A
90130,EDMONTON CENTRAL,"1,2,4-Trichlorobenzene",1991-07-29T00:00,0.000,µg/m³,VOC,N/A
90130,EDMONTON CENTRAL,"1,2,4-Trichlorobenzene",1991-08-04T00:00,0.000,µg/m³,VOC,N/A
90130,EDMONTON CENTRAL,"1,2,4-Trichlorobenzene",1991-08-10T00:00,0.000,µg/m³,VOC,N/A
90130,EDMONTON CENTRAL,"1,2,4-Trichlorobenzene",1991-08-16T00:00,0.000,µg/m³,VOC,N/A
90130,EDMONTON CENTRAL,"1,2,4-Trichlorobenzene",1991-08-22T00:00,0.000,µg/m³,VOC,N/A
90130,EDMONTON CENTRAL,"1,2,4-Trichlorobenzene",1991-08-28T00:00,0.038,µg/m³,VOC,N/A
90130,EDMONTON CENTRAL,"1,2,4-Trichlorobenzene",1991-09-03T00:00,0.000,µg/m³,VOC,N/A
90130,EDMONTON CENTRAL,"1,2,4-Trichlorobenzene",1991-09-09T00:00,0.028,µg/m³,VOC,N/A
90130,EDMONTON CENTRAL,"1,2,4-Trichlorobenzene",1991-09-15T00:00,0.033,µg/m³,VOC,N/A
90130,EDMONTON CENTRAL,"1,2,4-Trichlorobenzene",1991-09-21T00:00,0.017,µg/m³,VOC,N/A
90130,EDMONTON CENTRAL,"1,2,4-Trichlorobenzene",1991-09-27T00:00,0.019,µg/m³,VOC,N/A
90130,EDMONTON CENTRAL,"1,2,4-Trichlorobenzene",1991-10-03T00:00,0.000,µg/m³,VOC,N/A
90130,EDMONTON CENTRAL,"1,2,4-Trichlorobenzene",1991-10-09T00:00,0.100,µg/m³,VOC,N/A
90130,EDMONTON CENTRAL,"1,2,4-Trichlorobenzene",1991-10-15T00:00,0.000,µg/m³,VOC,N/A
90130,EDMONTON CENTRAL,"1,2,4-Trichlorobenzene",1991-10-21T00:00,0.000,µg/m³,VOC,N/A
90130,EDMONTON CENTRAL,"1,2,4-Trichlorobenzene",1991-10-27T00:00,0.000,µg/m³,VOC,N/A
90130,EDMONTON CENTRAL,"1,2,4-Trichlorobenzene",1991-11-02T00:00,0.000,µg/m³,VOC,N/A
90130,EDMONTON CENTRAL,"1,2,4-Trichlorobenzene",1991-11-08T00:00,0.000,µg/m³,VOC,N/A
90130,EDMONTON CENTRAL,"1,2,4-Trichlorobenzene",1991-11-14T00:00,0.000,µg/m³,VOC,N/A
90130,EDMONTON CENTRAL,"1,2,4-Trichlorobenzene",1991-11-20T00:00,0.111,µg/m³,VOC,N/A
90130,EDMONTON CENTRAL,"1,2,4-Trichlorobenzene",1991-12-02T00:00,0.000,µg/m³,VOC,N/A
90130,EDMONTON CENTRAL,"1,2,4-Trichlorobenzene",1991-12-08T00:00,0.072,µg/m³,VOC,N/A
90130,EDMONTON CENTRAL,"1,2,4-Trichlorobenzene",1991-12-14T00:00,0.000,µg/m³,VOC,N/A
90130,EDMONTON CENTRAL,"1,2,4-Trichlorobenzene",1991-12-20T00:00,0.000,µg/m³,VOC,N/A
90130,EDMONTON CENTRAL,"1,2,4-Trichlorobenzene",1991-12-26T00:00,0.000,µg/m³,VOC,N/A
