﻿NAPS_Site_ID,Station_Name,Pollutant,Date,Value,Units,Report_Type,Method
129401,ALERT,cis-3-Methyl-2-Pentene,2006-01-06T00:00,0.000,µg/m³,VOC,GC-MS
129401,ALERT,cis-3-Methyl-2-Pentene,2006-01-12T00:00,0.000,µg/m³,VOC,GC-MS
129401,ALERT,cis-3-Methyl-2-Pentene,2006-01-20T00:00,0.000,µg/m³,VOC,GC-MS
129401,ALERT,cis-3-Methyl-2-Pentene,2006-01-25T00:00,0.000,µg/m³,VOC,GC-MS
129401,ALERT,cis-3-Methyl-2-Pentene,2006-02-01T00:00,0.000,µg/m³,VOC,GC-MS
129401,ALERT,cis-3-Methyl-2-Pentene,2006-02-08T00:00,0.000,µg/m³,VOC,GC-MS
129401,ALERT,cis-3-Methyl-2-Pentene,2006-02-17T00:00,0.000,µg/m³,VOC,GC-MS
129401,ALERT,cis-3-Methyl-2-Pentene,2006-02-23T00:00,0.000,µg/m³,VOC,GC-MS
129401,ALERT,cis-3-Methyl-2-Pentene,2006-03-01T00:00,0.000,µg/m³,VOC,GC-MS
129401,ALERT,cis-3-Methyl-2-Pentene,2006-03-08T00:00,0.000,µg/m³,VOC,GC-MS
129401,ALERT,cis-3-Methyl-2-Pentene,2006-03-15T00:00,0.000,µg/m³,VOC,GC-MS
129401,ALERT,cis-3-Methyl-2-Pentene,2006-03-22T00:00,0.000,µg/m³,VOC,GC-MS
129401,ALERT,cis-3-Methyl-2-Pentene,2006-03-31T00:00,0.000,µg/m³,VOC,GC-MS
129401,ALERT,cis-3-Methyl-2-Pentene,2006-04-06T00:00,0.000,µg/m³,VOC,GC-MS
129401,ALERT,cis-3-Methyl-2-Pentene,2006-04-12T00:00,0.000,µg/m³,VOC,GC-MS
129401,ALERT,cis-3-Methyl-2-Pentene,2006-04-19T00:00,0.000,µg/m³,VOC,GC-MS
129401,ALERT,cis-3-Methyl-2-Pentene,2006-04-26T00:00,0.000,µg/m³,VOC,GC-MS
129401,ALERT,cis-3-Methyl-2-Pentene,2006-05-05T00:00,0.000,µg/m³,VOC,GC-MS
129401,ALERT,cis-3-Methyl-2-Pentene,2006-05-10T00:00,0.000,µg/m³,VOC,GC-MS
129401,ALERT,cis-3-Methyl-2-Pentene,2006-05-19T00:00,0.000,µg/m³,VOC,GC-MS
129401,ALERT,cis-3-Methyl-2-Pentene,2006-05-24T00:00,0.000,µg/m³,VOC,GC-MS
129401,ALERT,cis-3-Methyl-2-Pentene,2006-05-31T00:00,0.000,µg/m³,VOC,GC-MS
129401,ALERT,cis-3-Methyl-2-Pentene,2006-06-09T00:00,0.000,µg/m³,VOC,GC-MS
129401,ALERT,cis-3-Methyl-2-Pentene,2006-06-16T00:00,0.000,µg/m³,VOC,GC-MS
129401,ALERT,cis-3-Methyl-2-Pentene,2006-06-23T00:00,0.000,µg/m³,VOC,GC-MS
129401,ALERT,cis-3-Methyl-2-Pentene,2006-07-07T00:00,0.000,µg/m³,VOC,GC-MS
129401,ALERT,cis-3-Methyl-2-Pentene,2006-07-13T00:00,0.000,µg/m³,VOC,GC-MS
129401,ALERT,cis-3-Methyl-2-Pentene,2006-07-20T00:00,0.000,µg/m³,VOC,GC-MS
129401,ALERT,cis-3-Methyl-2-Pentene,2006-07-28T00:00,0.000,µg/m³,VOC,GC-MS
129401,ALERT,cis-3-Methyl-2-Pentene,2006-08-04T00:00,0.000,µg/m³,VOC,GC-MS
129401,ALERT,cis-3-Methyl-2-Pentene,2006-08-09T00:00,0.000,µg/m³,VOC,GC-MS
129401,ALERT,cis-3-Methyl-2-Pentene,2006-08-16T00:00,0.000,µg/m³,VOC,GC-MS
129401,ALERT,cis-3-Methyl-2-Pentene,2006-08-23T00:00,0.000,µg/m³,VOC,GC-MS
129401,ALERT,cis-3-Methyl-2-Pentene,2006-08-30T00:00,0.000,µg/m³,VOC,GC-MS
129401,ALERT,cis-3-Methyl-2-Pentene,2006-09-07T00:00,0.000,µg/m³,VOC,GC-MS
129401,ALERT,cis-3-Methyl-2-Pentene,2006-09-15T00:00,0.000,µg/m³,VOC,GC-MS
129401,ALERT,cis-3-Methyl-2-Pentene,2006-09-20T00:00,0.000,µg/m³,VOC,GC-MS
129401,ALERT,cis-3-Methyl-2-Pentene,2006-09-29T00:00,0.000,µg/m³,VOC,GC-MS
129401,ALERT,cis-3-Methyl-2-Pentene,2006-10-04T00:00,0.000,µg/m³,VOC,GC-MS
129401,ALERT,cis-3-Methyl-2-Pentene,2006-10-12T00:00,0.000,µg/m³,VOC,GC-MS
129401,ALERT,cis-3-Methyl-2-Pentene,2006-10-18T00:00,0.000,µg/m³,VOC,GC-MS
129401,ALERT,cis-3-Methyl-2-Pentene,2006-10-25T00:00,0.000,µg/m³,VOC,GC-MS
129401,ALERT,cis-3-Methyl-2-Pentene,2006-11-04T00:00,0.000,µg/m³,VOC,GC-MS
129401,ALERT,cis-3-Methyl-2-Pentene,2006-11-09T00:00,0.000,µg/m³,VOC,GC-MS
129401,ALERT,cis-3-Methyl-2-Pentene,2006-11-15T00:00,0.000,µg/m³,VOC,GC-MS
