﻿NAPS_Site_ID,Station_Name,Pollutant,Date,Value,Units,Report_Type,Method
54301,VILLEROY,2-Methylpentane,1993-02-26T00:00,0.473,µg/m³,VOC,N/A
54301,VILLEROY,2-Methylpentane,1993-03-20T00:00,0.421,µg/m³,VOC,N/A
54301,VILLEROY,2-Methylpentane,1993-04-07T00:00,0.253,µg/m³,VOC,N/A
54301,VILLEROY,2-Methylpentane,1993-04-13T00:00,0.147,µg/m³,VOC,N/A
54301,VILLEROY,2-Methylpentane,1993-04-19T00:00,0.147,µg/m³,VOC,N/A
54301,VILLEROY,2-Methylpentane,1993-04-25T00:00,0.239,µg/m³,VOC,N/A
54301,VILLEROY,2-Methylpentane,1993-05-01T00:00,0.156,µg/m³,VOC,N/A
54301,VILLEROY,2-Methylpentane,1993-05-07T00:00,0.095,µg/m³,VOC,N/A
54301,VILLEROY,2-Methylpentane,1993-05-13T00:00,0.062,µg/m³,VOC,N/A
54301,VILLEROY,2-Methylpentane,1993-05-19T00:00,0.239,µg/m³,VOC,N/A
54301,VILLEROY,2-Methylpentane,1993-05-25T00:00,0.321,µg/m³,VOC,N/A
54301,VILLEROY,2-Methylpentane,1993-06-12T00:00,0.230,µg/m³,VOC,N/A
54301,VILLEROY,2-Methylpentane,1993-06-18T00:00,0.309,µg/m³,VOC,N/A
54301,VILLEROY,2-Methylpentane,1993-06-24T00:00,0.147,µg/m³,VOC,N/A
54301,VILLEROY,2-Methylpentane,1993-06-30T00:00,0.254,µg/m³,VOC,N/A
54301,VILLEROY,2-Methylpentane,1993-07-06T00:00,0.240,µg/m³,VOC,N/A
54301,VILLEROY,2-Methylpentane,1993-07-18T00:00,0.154,µg/m³,VOC,N/A
54301,VILLEROY,2-Methylpentane,1993-07-24T00:00,0.175,µg/m³,VOC,N/A
54301,VILLEROY,2-Methylpentane,1993-07-30T00:00,0.248,µg/m³,VOC,N/A
54301,VILLEROY,2-Methylpentane,1993-08-05T00:00,0.149,µg/m³,VOC,N/A
54301,VILLEROY,2-Methylpentane,1993-08-11T00:00,0.340,µg/m³,VOC,N/A
54301,VILLEROY,2-Methylpentane,1993-08-17T00:00,0.270,µg/m³,VOC,N/A
54301,VILLEROY,2-Methylpentane,1993-08-29T00:00,0.149,µg/m³,VOC,N/A
54301,VILLEROY,2-Methylpentane,1993-09-04T00:00,0.283,µg/m³,VOC,N/A
54301,VILLEROY,2-Methylpentane,1993-10-22T00:00,0.157,µg/m³,VOC,N/A
54301,VILLEROY,2-Methylpentane,1993-10-28T00:00,0.303,µg/m³,VOC,N/A
54301,VILLEROY,2-Methylpentane,1993-11-03T00:00,0.344,µg/m³,VOC,N/A
54301,VILLEROY,2-Methylpentane,1993-11-09T00:00,0.399,µg/m³,VOC,N/A
54301,VILLEROY,2-Methylpentane,1993-11-21T00:00,0.159,µg/m³,VOC,N/A
54301,VILLEROY,2-Methylpentane,1993-11-27T00:00,0.412,µg/m³,VOC,N/A
54301,VILLEROY,2-Methylpentane,1993-12-03T00:00,0.643,µg/m³,VOC,N/A
54301,VILLEROY,2-Methylpentane,1993-12-09T00:00,0.449,µg/m³,VOC,N/A
54301,VILLEROY,2-Methylpentane,1993-12-15T00:00,0.442,µg/m³,VOC,N/A
54301,VILLEROY,2-Methylpentane,1993-12-21T00:00,0.509,µg/m³,VOC,N/A
