﻿NAPS_Site_ID,Station_Name,Pollutant,Date,Value,Units,Report_Type,Method
50103,MONTRÉAL-SAINT-JEAN-BAPTISTE,n-Propylbenzene,2002-01-02T00:00,0.150,µg/m³,VOC,N/A
50103,MONTRÉAL-SAINT-JEAN-BAPTISTE,n-Propylbenzene,2002-01-14T00:00,0.170,µg/m³,VOC,N/A
50103,MONTRÉAL-SAINT-JEAN-BAPTISTE,n-Propylbenzene,2002-01-20T00:00,0.210,µg/m³,VOC,N/A
50103,MONTRÉAL-SAINT-JEAN-BAPTISTE,n-Propylbenzene,2002-01-26T00:00,0.100,µg/m³,VOC,N/A
50103,MONTRÉAL-SAINT-JEAN-BAPTISTE,n-Propylbenzene,2002-02-01T00:00,0.120,µg/m³,VOC,N/A
50103,MONTRÉAL-SAINT-JEAN-BAPTISTE,n-Propylbenzene,2002-02-07T00:00,0.210,µg/m³,VOC,N/A
50103,MONTRÉAL-SAINT-JEAN-BAPTISTE,n-Propylbenzene,2002-02-13T00:00,0.040,µg/m³,VOC,N/A
50103,MONTRÉAL-SAINT-JEAN-BAPTISTE,n-Propylbenzene,2002-02-19T00:00,0.380,µg/m³,VOC,N/A
50103,MONTRÉAL-SAINT-JEAN-BAPTISTE,n-Propylbenzene,2002-02-25T00:00,0.140,µg/m³,VOC,N/A
50103,MONTRÉAL-SAINT-JEAN-BAPTISTE,n-Propylbenzene,2002-03-03T00:00,0.100,µg/m³,VOC,N/A
50103,MONTRÉAL-SAINT-JEAN-BAPTISTE,n-Propylbenzene,2002-03-09T00:00,0.070,µg/m³,VOC,N/A
50103,MONTRÉAL-SAINT-JEAN-BAPTISTE,n-Propylbenzene,2002-03-15T00:00,0.040,µg/m³,VOC,N/A
50103,MONTRÉAL-SAINT-JEAN-BAPTISTE,n-Propylbenzene,2002-03-21T00:00,0.120,µg/m³,VOC,N/A
50103,MONTRÉAL-SAINT-JEAN-BAPTISTE,n-Propylbenzene,2002-04-02T00:00,0.170,µg/m³,VOC,N/A
50103,MONTRÉAL-SAINT-JEAN-BAPTISTE,n-Propylbenzene,2002-04-08T00:00,0.138,µg/m³,VOC,N/A
50103,MONTRÉAL-SAINT-JEAN-BAPTISTE,n-Propylbenzene,2002-04-14T00:00,0.110,µg/m³,VOC,N/A
50103,MONTRÉAL-SAINT-JEAN-BAPTISTE,n-Propylbenzene,2002-04-20T00:00,0.050,µg/m³,VOC,N/A
50103,MONTRÉAL-SAINT-JEAN-BAPTISTE,n-Propylbenzene,2002-04-26T00:00,0.274,µg/m³,VOC,N/A
50103,MONTRÉAL-SAINT-JEAN-BAPTISTE,n-Propylbenzene,2002-05-02T00:00,0.163,µg/m³,VOC,N/A
50103,MONTRÉAL-SAINT-JEAN-BAPTISTE,n-Propylbenzene,2002-06-19T00:00,0.285,µg/m³,VOC,N/A
50103,MONTRÉAL-SAINT-JEAN-BAPTISTE,n-Propylbenzene,2002-07-01T00:00,0.177,µg/m³,VOC,N/A
50103,MONTRÉAL-SAINT-JEAN-BAPTISTE,n-Propylbenzene,2002-07-07T00:00,0.262,µg/m³,VOC,N/A
50103,MONTRÉAL-SAINT-JEAN-BAPTISTE,n-Propylbenzene,2002-07-13T00:00,0.207,µg/m³,VOC,N/A
50103,MONTRÉAL-SAINT-JEAN-BAPTISTE,n-Propylbenzene,2002-07-25T00:00,0.075,µg/m³,VOC,N/A
50103,MONTRÉAL-SAINT-JEAN-BAPTISTE,n-Propylbenzene,2002-07-31T00:00,0.327,µg/m³,VOC,N/A
50103,MONTRÉAL-SAINT-JEAN-BAPTISTE,n-Propylbenzene,2002-08-06T00:00,0.061,µg/m³,VOC,N/A
50103,MONTRÉAL-SAINT-JEAN-BAPTISTE,n-Propylbenzene,2002-08-12T00:00,0.223,µg/m³,VOC,N/A
50103,MONTRÉAL-SAINT-JEAN-BAPTISTE,n-Propylbenzene,2002-08-18T00:00,0.177,µg/m³,VOC,N/A
50103,MONTRÉAL-SAINT-JEAN-BAPTISTE,n-Propylbenzene,2002-08-24T00:00,0.064,µg/m³,VOC,N/A
50103,MONTRÉAL-SAINT-JEAN-BAPTISTE,n-Propylbenzene,2002-08-30T00:00,0.119,µg/m³,VOC,N/A
50103,MONTRÉAL-SAINT-JEAN-BAPTISTE,n-Propylbenzene,2002-09-05T00:00,0.108,µg/m³,VOC,N/A
50103,MONTRÉAL-SAINT-JEAN-BAPTISTE,n-Propylbenzene,2002-09-11T00:00,0.075,µg/m³,VOC,N/A
50103,MONTRÉAL-SAINT-JEAN-BAPTISTE,n-Propylbenzene,2002-09-17T00:00,0.142,µg/m³,VOC,N/A
50103,MONTRÉAL-SAINT-JEAN-BAPTISTE,n-Propylbenzene,2002-09-23T00:00,0.389,µg/m³,VOC,N/A
50103,MONTRÉAL-SAINT-JEAN-BAPTISTE,n-Propylbenzene,2002-09-29T00:00,0.088,µg/m³,VOC,N/A
50103,MONTRÉAL-SAINT-JEAN-BAPTISTE,n-Propylbenzene,2002-10-05T00:00,0.172,µg/m³,VOC,N/A
50103,MONTRÉAL-SAINT-JEAN-BAPTISTE,n-Propylbenzene,2002-10-11T00:00,0.054,µg/m³,VOC,N/A
50103,MONTRÉAL-SAINT-JEAN-BAPTISTE,n-Propylbenzene,2002-10-17T00:00,0.159,µg/m³,VOC,N/A
50103,MONTRÉAL-SAINT-JEAN-BAPTISTE,n-Propylbenzene,2002-10-23T00:00,0.163,µg/m³,VOC,N/A
50103,MONTRÉAL-SAINT-JEAN-BAPTISTE,n-Propylbenzene,2002-10-29T00:00,0.064,µg/m³,VOC,N/A
50103,MONTRÉAL-SAINT-JEAN-BAPTISTE,n-Propylbenzene,2002-11-04T00:00,0.062,µg/m³,VOC,N/A
50103,MONTRÉAL-SAINT-JEAN-BAPTISTE,n-Propylbenzene,2002-11-10T00:00,0.058,µg/m³,VOC,N/A
50103,MONTRÉAL-SAINT-JEAN-BAPTISTE,n-Propylbenzene,2002-11-16T00:00,0.020,µg/m³,VOC,N/A
50103,MONTRÉAL-SAINT-JEAN-BAPTISTE,n-Propylbenzene,2002-11-22T00:00,0.094,µg/m³,VOC,N/A
50103,MONTRÉAL-SAINT-JEAN-BAPTISTE,n-Propylbenzene,2002-11-28T00:00,0.154,µg/m³,VOC,N/A
50103,MONTRÉAL-SAINT-JEAN-BAPTISTE,n-Propylbenzene,2002-12-04T00:00,0.196,µg/m³,VOC,N/A
50103,MONTRÉAL-SAINT-JEAN-BAPTISTE,n-Propylbenzene,2002-12-10T00:00,0.245,µg/m³,VOC,N/A
50103,MONTRÉAL-SAINT-JEAN-BAPTISTE,n-Propylbenzene,2002-12-16T00:00,0.085,µg/m³,VOC,N/A
50103,MONTRÉAL-SAINT-JEAN-BAPTISTE,n-Propylbenzene,2002-12-22T00:00,0.151,µg/m³,VOC,N/A
50103,MONTRÉAL-SAINT-JEAN-BAPTISTE,n-Propylbenzene,2002-12-28T00:00,0.157,µg/m³,VOC,N/A
