﻿NAPS_Site_ID,Station_Name,Pollutant,Date,Value,Units,Report_Type,Method
55301,SAINT-JEAN-SUR-RICHELIEU-L'ACADIE,Vanadium,2016-02-06T00:00,0.000,µg/m³,PM2.5,ED-XRF
55301,SAINT-JEAN-SUR-RICHELIEU-L'ACADIE,Vanadium,2016-02-12T00:00,0.000,µg/m³,PM2.5,ED-XRF
55301,SAINT-JEAN-SUR-RICHELIEU-L'ACADIE,Vanadium,2016-02-18T00:00,0.000,µg/m³,PM2.5,ED-XRF
55301,SAINT-JEAN-SUR-RICHELIEU-L'ACADIE,Vanadium,2016-02-24T00:00,0.000,µg/m³,PM2.5,ED-XRF
55301,SAINT-JEAN-SUR-RICHELIEU-L'ACADIE,Vanadium,2016-03-01T00:00,0.000,µg/m³,PM2.5,ED-XRF
55301,SAINT-JEAN-SUR-RICHELIEU-L'ACADIE,Vanadium,2016-03-07T00:00,0.000,µg/m³,PM2.5,ED-XRF
55301,SAINT-JEAN-SUR-RICHELIEU-L'ACADIE,Vanadium,2016-03-09T00:00,0.000,µg/m³,PM2.5,ED-XRF
55301,SAINT-JEAN-SUR-RICHELIEU-L'ACADIE,Vanadium,2016-03-13T00:00,0.000,µg/m³,PM2.5,ED-XRF
55301,SAINT-JEAN-SUR-RICHELIEU-L'ACADIE,Vanadium,2016-03-19T00:00,0.000,µg/m³,PM2.5,ED-XRF
55301,SAINT-JEAN-SUR-RICHELIEU-L'ACADIE,Vanadium,2016-03-25T00:00,0.000,µg/m³,PM2.5,ED-XRF
55301,SAINT-JEAN-SUR-RICHELIEU-L'ACADIE,Vanadium,2016-04-12T00:00,0.000,µg/m³,PM2.5,ED-XRF
55301,SAINT-JEAN-SUR-RICHELIEU-L'ACADIE,Vanadium,2016-04-18T00:00,0.000,µg/m³,PM2.5,ED-XRF
55301,SAINT-JEAN-SUR-RICHELIEU-L'ACADIE,Vanadium,2016-04-24T00:00,0.000,µg/m³,PM2.5,ED-XRF
55301,SAINT-JEAN-SUR-RICHELIEU-L'ACADIE,Vanadium,2016-04-30T00:00,0.000,µg/m³,PM2.5,ED-XRF
55301,SAINT-JEAN-SUR-RICHELIEU-L'ACADIE,Vanadium,2016-05-06T00:00,0.000,µg/m³,PM2.5,ED-XRF
55301,SAINT-JEAN-SUR-RICHELIEU-L'ACADIE,Vanadium,2016-05-12T00:00,0.000,µg/m³,PM2.5,ED-XRF
55301,SAINT-JEAN-SUR-RICHELIEU-L'ACADIE,Vanadium,2016-05-18T00:00,0.000,µg/m³,PM2.5,ED-XRF
55301,SAINT-JEAN-SUR-RICHELIEU-L'ACADIE,Vanadium,2016-05-24T00:00,0.000,µg/m³,PM2.5,ED-XRF
55301,SAINT-JEAN-SUR-RICHELIEU-L'ACADIE,Vanadium,2016-05-30T00:00,0.000,µg/m³,PM2.5,ED-XRF
55301,SAINT-JEAN-SUR-RICHELIEU-L'ACADIE,Vanadium,2016-06-05T00:00,0.000,µg/m³,PM2.5,ED-XRF
55301,SAINT-JEAN-SUR-RICHELIEU-L'ACADIE,Vanadium,2016-06-11T00:00,0.000,µg/m³,PM2.5,ED-XRF
55301,SAINT-JEAN-SUR-RICHELIEU-L'ACADIE,Vanadium,2016-06-17T00:00,0.000,µg/m³,PM2.5,ED-XRF
55301,SAINT-JEAN-SUR-RICHELIEU-L'ACADIE,Vanadium,2016-06-23T00:00,0.000,µg/m³,PM2.5,ED-XRF
55301,SAINT-JEAN-SUR-RICHELIEU-L'ACADIE,Vanadium,2016-06-29T00:00,0.000,µg/m³,PM2.5,ED-XRF
55301,SAINT-JEAN-SUR-RICHELIEU-L'ACADIE,Vanadium,2016-07-05T00:00,0.000,µg/m³,PM2.5,ED-XRF
55301,SAINT-JEAN-SUR-RICHELIEU-L'ACADIE,Vanadium,2016-07-11T00:00,0.000,µg/m³,PM2.5,ED-XRF
55301,SAINT-JEAN-SUR-RICHELIEU-L'ACADIE,Vanadium,2016-07-17T00:00,0.000,µg/m³,PM2.5,ED-XRF
55301,SAINT-JEAN-SUR-RICHELIEU-L'ACADIE,Vanadium,2016-07-23T00:00,0.000,µg/m³,PM2.5,ED-XRF
55301,SAINT-JEAN-SUR-RICHELIEU-L'ACADIE,Vanadium,2016-07-29T00:00,0.000,µg/m³,PM2.5,ED-XRF
55301,SAINT-JEAN-SUR-RICHELIEU-L'ACADIE,Vanadium,2016-08-04T00:00,0.000,µg/m³,PM2.5,ED-XRF
55301,SAINT-JEAN-SUR-RICHELIEU-L'ACADIE,Vanadium,2016-08-10T00:00,0.000,µg/m³,PM2.5,ED-XRF
55301,SAINT-JEAN-SUR-RICHELIEU-L'ACADIE,Vanadium,2016-08-16T00:00,0.000,µg/m³,PM2.5,ED-XRF
55301,SAINT-JEAN-SUR-RICHELIEU-L'ACADIE,Vanadium,2016-08-22T00:00,0.000,µg/m³,PM2.5,ED-XRF
55301,SAINT-JEAN-SUR-RICHELIEU-L'ACADIE,Vanadium,2016-08-28T00:00,0.000,µg/m³,PM2.5,ED-XRF
55301,SAINT-JEAN-SUR-RICHELIEU-L'ACADIE,Vanadium,2016-09-03T00:00,0.000,µg/m³,PM2.5,ED-XRF
55301,SAINT-JEAN-SUR-RICHELIEU-L'ACADIE,Vanadium,2016-09-09T00:00,0.000,µg/m³,PM2.5,ED-XRF
55301,SAINT-JEAN-SUR-RICHELIEU-L'ACADIE,Vanadium,2016-09-15T00:00,0.000,µg/m³,PM2.5,ED-XRF
55301,SAINT-JEAN-SUR-RICHELIEU-L'ACADIE,Vanadium,2016-09-21T00:00,0.000,µg/m³,PM2.5,ED-XRF
55301,SAINT-JEAN-SUR-RICHELIEU-L'ACADIE,Vanadium,2016-09-27T00:00,0.000,µg/m³,PM2.5,ED-XRF
55301,SAINT-JEAN-SUR-RICHELIEU-L'ACADIE,Vanadium,2016-10-03T00:00,0.000,µg/m³,PM2.5,ED-XRF
