﻿NAPS_Site_ID,Station_Name,Pollutant,Date,Value,Units,Report_Type,Method
61007,AAMJIWNAANG,Decane,2008-08-16T00:00,0.317,µg/m³,VOC,
61007,AAMJIWNAANG,Decane,2008-08-28T00:00,0.249,µg/m³,VOC,
61007,AAMJIWNAANG,Decane,2008-09-03T00:00,0.319,µg/m³,VOC,
61007,AAMJIWNAANG,Decane,2008-09-09T00:00,0.261,µg/m³,VOC,
61007,AAMJIWNAANG,Decane,2008-09-21T00:00,0.288,µg/m³,VOC,
61007,AAMJIWNAANG,Decane,2008-10-03T00:00,0.099,µg/m³,VOC,
61007,AAMJIWNAANG,Decane,2008-10-15T00:00,0.217,µg/m³,VOC,
61007,AAMJIWNAANG,Decane,2008-10-27T00:00,0.064,µg/m³,VOC,
61007,AAMJIWNAANG,Decane,2008-11-08T00:00,0.056,µg/m³,VOC,
61007,AAMJIWNAANG,Decane,2008-11-20T00:00,0.066,µg/m³,VOC,
61007,AAMJIWNAANG,Decane,2008-12-02T00:00,0.083,µg/m³,VOC,
61007,AAMJIWNAANG,Decane,2008-12-14T00:00,0.021,µg/m³,VOC,
