﻿NAPS_Site_ID,Station_Name,Pollutant,Date,Value,Units,Report_Type,Method
100133,BURMOUNT,trans-3-Methyl-2-Pentene,1994-01-08T00:00,0.171,µg/m³,VOC,GC-MS
100133,BURMOUNT,trans-3-Methyl-2-Pentene,1994-01-20T00:00,0.313,µg/m³,VOC,GC-MS
100133,BURMOUNT,trans-3-Methyl-2-Pentene,1994-02-01T00:00,0.119,µg/m³,VOC,GC-MS
100133,BURMOUNT,trans-3-Methyl-2-Pentene,1994-02-19T00:00,0.000,µg/m³,VOC,GC-MS
100133,BURMOUNT,trans-3-Methyl-2-Pentene,1994-02-25T00:00,0.393,µg/m³,VOC,GC-MS
100133,BURMOUNT,trans-3-Methyl-2-Pentene,1994-03-21T00:00,0.000,µg/m³,VOC,GC-MS
100133,BURMOUNT,trans-3-Methyl-2-Pentene,1994-04-02T00:00,0.000,µg/m³,VOC,GC-MS
100133,BURMOUNT,trans-3-Methyl-2-Pentene,1994-04-14T00:00,0.000,µg/m³,VOC,GC-MS
100133,BURMOUNT,trans-3-Methyl-2-Pentene,1994-05-02T00:00,0.000,µg/m³,VOC,GC-MS
100133,BURMOUNT,trans-3-Methyl-2-Pentene,1994-05-14T00:00,0.000,µg/m³,VOC,GC-MS
100133,BURMOUNT,trans-3-Methyl-2-Pentene,1994-06-07T00:00,0.000,µg/m³,VOC,GC-MS
100133,BURMOUNT,trans-3-Methyl-2-Pentene,1994-06-19T00:00,0.032,µg/m³,VOC,GC-MS
100133,BURMOUNT,trans-3-Methyl-2-Pentene,1994-07-01T00:00,0.040,µg/m³,VOC,GC-MS
100133,BURMOUNT,trans-3-Methyl-2-Pentene,1994-07-13T00:00,0.019,µg/m³,VOC,GC-MS
100133,BURMOUNT,trans-3-Methyl-2-Pentene,1994-07-31T00:00,0.000,µg/m³,VOC,GC-MS
100133,BURMOUNT,trans-3-Methyl-2-Pentene,1994-09-05T00:00,0.064,µg/m³,VOC,GC-MS
100133,BURMOUNT,trans-3-Methyl-2-Pentene,1994-09-11T00:00,0.129,µg/m³,VOC,GC-MS
100133,BURMOUNT,trans-3-Methyl-2-Pentene,1994-09-17T00:00,0.222,µg/m³,VOC,GC-MS
100133,BURMOUNT,trans-3-Methyl-2-Pentene,1994-09-23T00:00,0.299,µg/m³,VOC,GC-MS
100133,BURMOUNT,trans-3-Methyl-2-Pentene,1994-09-28T00:00,0.362,µg/m³,VOC,GC-MS
100133,BURMOUNT,trans-3-Methyl-2-Pentene,1994-10-23T00:00,0.080,µg/m³,VOC,GC-MS
100133,BURMOUNT,trans-3-Methyl-2-Pentene,1994-11-10T00:00,0.094,µg/m³,VOC,GC-MS
100133,BURMOUNT,trans-3-Methyl-2-Pentene,1994-11-16T00:00,0.054,µg/m³,VOC,GC-MS
100133,BURMOUNT,trans-3-Methyl-2-Pentene,1994-12-04T00:00,0.043,µg/m³,VOC,GC-MS
100133,BURMOUNT,trans-3-Methyl-2-Pentene,1994-12-16T00:00,0.065,µg/m³,VOC,GC-MS
100133,BURMOUNT,trans-3-Methyl-2-Pentene,1994-12-22T00:00,0.188,µg/m³,VOC,GC-MS
100133,BURMOUNT,trans-3-Methyl-2-Pentene,1994-12-28T00:00,0.000,µg/m³,VOC,GC-MS
