﻿NAPS_Site_ID,Station_Name,Pollutant,Date,Value,Units,Report_Type,Method
101005,ABBOTSFORD AIRPORT-2,OC(corr),2023-01-12T00:00,0.902,µg/m³,PM2.5,TOR
101005,ABBOTSFORD AIRPORT-2,OC(corr),2023-01-18T00:00,0.800,µg/m³,PM2.5,TOR
101005,ABBOTSFORD AIRPORT-2,OC(corr),2023-01-24T00:00,0.675,µg/m³,PM2.5,TOR
101005,ABBOTSFORD AIRPORT-2,OC(corr),2023-01-30T00:00,0.680,µg/m³,PM2.5,TOR
101005,ABBOTSFORD AIRPORT-2,OC(corr),2023-02-05T00:00,1.209,µg/m³,PM2.5,TOR
101005,ABBOTSFORD AIRPORT-2,OC(corr),2023-02-11T00:00,1.800,µg/m³,PM2.5,TOR
101005,ABBOTSFORD AIRPORT-2,OC(corr),2023-02-17T00:00,0.583,µg/m³,PM2.5,TOR
101005,ABBOTSFORD AIRPORT-2,OC(corr),2023-02-23T00:00,1.696,µg/m³,PM2.5,TOR
101005,ABBOTSFORD AIRPORT-2,OC(corr),2023-03-01T00:00,1.105,µg/m³,PM2.5,TOR
101005,ABBOTSFORD AIRPORT-2,OC(corr),2023-03-07T00:00,1.026,µg/m³,PM2.5,TOR
101005,ABBOTSFORD AIRPORT-2,OC(corr),2023-03-13T00:00,0.309,µg/m³,PM2.5,TOR
101005,ABBOTSFORD AIRPORT-2,OC(corr),2023-03-19T00:00,1.361,µg/m³,PM2.5,TOR
101005,ABBOTSFORD AIRPORT-2,OC(corr),2023-03-25T00:00,0.732,µg/m³,PM2.5,TOR
101005,ABBOTSFORD AIRPORT-2,OC(corr),2023-03-31T00:00,0.078,µg/m³,PM2.5,TOR
101005,ABBOTSFORD AIRPORT-2,OC(corr),2023-04-06T00:00,0.372,µg/m³,PM2.5,TOR
101005,ABBOTSFORD AIRPORT-2,OC(corr),2023-04-12T00:00,0.255,µg/m³,PM2.5,TOR
101005,ABBOTSFORD AIRPORT-2,OC(corr),2023-04-18T00:00,0.421,µg/m³,PM2.5,TOR
101005,ABBOTSFORD AIRPORT-2,OC(corr),2023-04-24T00:00,0.233,µg/m³,PM2.5,TOR
101005,ABBOTSFORD AIRPORT-2,OC(corr),2023-05-18T00:00,3.210,µg/m³,PM2.5,TOR
101005,ABBOTSFORD AIRPORT-2,OC(corr),2023-05-24T00:00,1.486,µg/m³,PM2.5,TOR
101005,ABBOTSFORD AIRPORT-2,OC(corr),2023-05-30T00:00,0.445,µg/m³,PM2.5,TOR
101005,ABBOTSFORD AIRPORT-2,OC(corr),2023-06-05T00:00,0.833,µg/m³,PM2.5,TOR
101005,ABBOTSFORD AIRPORT-2,OC(corr),2023-06-11T00:00,1.177,µg/m³,PM2.5,TOR
101005,ABBOTSFORD AIRPORT-2,OC(corr),2023-06-23T00:00,2.105,µg/m³,PM2.5,TOR
101005,ABBOTSFORD AIRPORT-2,OC(corr),2023-06-29T00:00,0.662,µg/m³,PM2.5,TOR
101005,ABBOTSFORD AIRPORT-2,OC(corr),2023-07-05T00:00,6.929,µg/m³,PM2.5,TOR
101005,ABBOTSFORD AIRPORT-2,OC(corr),2023-07-11T00:00,0.580,µg/m³,PM2.5,TOR
101005,ABBOTSFORD AIRPORT-2,OC(corr),2023-07-17T00:00,0.277,µg/m³,PM2.5,TOR
101005,ABBOTSFORD AIRPORT-2,OC(corr),2023-07-23T00:00,1.046,µg/m³,PM2.5,TOR
101005,ABBOTSFORD AIRPORT-2,OC(corr),2023-07-29T00:00,0.630,µg/m³,PM2.5,TOR
101005,ABBOTSFORD AIRPORT-2,OC(corr),2023-08-04T00:00,1.043,µg/m³,PM2.5,TOR
101005,ABBOTSFORD AIRPORT-2,OC(corr),2023-08-10T00:00,0.362,µg/m³,PM2.5,TOR
101005,ABBOTSFORD AIRPORT-2,OC(corr),2023-08-16T00:00,1.791,µg/m³,PM2.5,TOR
101005,ABBOTSFORD AIRPORT-2,OC(corr),2023-08-22T00:00,0.142,µg/m³,PM2.5,TOR
101005,ABBOTSFORD AIRPORT-2,OC(corr),2023-08-28T00:00,5.418,µg/m³,PM2.5,TOR
101005,ABBOTSFORD AIRPORT-2,OC(corr),2023-09-03T00:00,1.978,µg/m³,PM2.5,TOR
101005,ABBOTSFORD AIRPORT-2,OC(corr),2023-09-09T00:00,3.698,µg/m³,PM2.5,TOR
101005,ABBOTSFORD AIRPORT-2,OC(corr),2023-09-15T00:00,3.131,µg/m³,PM2.5,TOR
101005,ABBOTSFORD AIRPORT-2,OC(corr),2023-09-21T00:00,3.354,µg/m³,PM2.5,TOR
101005,ABBOTSFORD AIRPORT-2,OC(corr),2023-09-27T00:00,0.491,µg/m³,PM2.5,TOR
101005,ABBOTSFORD AIRPORT-2,OC(corr),2023-10-27T00:00,0.949,µg/m³,PM2.5,TOR
101005,ABBOTSFORD AIRPORT-2,OC(corr),2023-11-02T00:00,0.829,µg/m³,PM2.5,TOR
101005,ABBOTSFORD AIRPORT-2,OC(corr),2023-11-08T00:00,1.872,µg/m³,PM2.5,TOR
101005,ABBOTSFORD AIRPORT-2,OC(corr),2023-11-14T00:00,2.551,µg/m³,PM2.5,TOR
101005,ABBOTSFORD AIRPORT-2,OC(corr),2023-11-20T00:00,0.763,µg/m³,PM2.5,TOR
101005,ABBOTSFORD AIRPORT-2,OC(corr),2023-11-26T00:00,0.502,µg/m³,PM2.5,TOR
101005,ABBOTSFORD AIRPORT-2,OC(corr),2023-12-02T00:00,4.052,µg/m³,PM2.5,TOR
101005,ABBOTSFORD AIRPORT-2,OC(corr),2023-12-08T00:00,0.913,µg/m³,PM2.5,TOR
101005,ABBOTSFORD AIRPORT-2,OC(corr),2023-12-14T00:00,0.395,µg/m³,PM2.5,TOR
101005,ABBOTSFORD AIRPORT-2,OC(corr),2023-12-20T00:00,1.503,µg/m³,PM2.5,TOR
101005,ABBOTSFORD AIRPORT-2,OC(corr),2023-12-26T00:00,0.262,µg/m³,PM2.5,TOR
