﻿NAPS_Site_ID,Station_Name,Pollutant,Date,Value,Units,Report_Type,Method
100111,ROCKY POINT PARK,1-Butene/Isobutene,2010-01-02T00:00,0.377,µg/m³,VOC,
100111,ROCKY POINT PARK,1-Butene/Isobutene,2010-01-08T00:00,0.837,µg/m³,VOC,
100111,ROCKY POINT PARK,1-Butene/Isobutene,2010-01-14T00:00,0.252,µg/m³,VOC,
100111,ROCKY POINT PARK,1-Butene/Isobutene,2010-01-20T00:00,1.046,µg/m³,VOC,
100111,ROCKY POINT PARK,1-Butene/Isobutene,2010-01-26T00:00,4.531,µg/m³,VOC,
100111,ROCKY POINT PARK,1-Butene/Isobutene,2010-02-01T00:00,0.522,µg/m³,VOC,
100111,ROCKY POINT PARK,1-Butene/Isobutene,2010-02-07T00:00,0.544,µg/m³,VOC,
100111,ROCKY POINT PARK,1-Butene/Isobutene,2010-02-13T00:00,1.447,µg/m³,VOC,
100111,ROCKY POINT PARK,1-Butene/Isobutene,2010-02-19T00:00,4.223,µg/m³,VOC,
100111,ROCKY POINT PARK,1-Butene/Isobutene,2010-02-25T00:00,0.575,µg/m³,VOC,
100111,ROCKY POINT PARK,1-Butene/Isobutene,2010-03-03T00:00,0.678,µg/m³,VOC,
100111,ROCKY POINT PARK,1-Butene/Isobutene,2010-03-09T00:00,0.406,µg/m³,VOC,
100111,ROCKY POINT PARK,1-Butene/Isobutene,2010-03-15T00:00,0.212,µg/m³,VOC,
100111,ROCKY POINT PARK,1-Butene/Isobutene,2010-03-21T00:00,0.244,µg/m³,VOC,
100111,ROCKY POINT PARK,1-Butene/Isobutene,2010-03-27T00:00,0.386,µg/m³,VOC,
100111,ROCKY POINT PARK,1-Butene/Isobutene,2010-04-03T00:00,0.090,µg/m³,VOC,
100111,ROCKY POINT PARK,1-Butene/Isobutene,2010-04-08T00:00,0.117,µg/m³,VOC,
100111,ROCKY POINT PARK,1-Butene/Isobutene,2010-04-20T00:00,0.455,µg/m³,VOC,
100111,ROCKY POINT PARK,1-Butene/Isobutene,2010-04-26T00:00,0.224,µg/m³,VOC,
100111,ROCKY POINT PARK,1-Butene/Isobutene,2010-05-02T00:00,0.121,µg/m³,VOC,
100111,ROCKY POINT PARK,1-Butene/Isobutene,2010-05-08T00:00,0.442,µg/m³,VOC,
100111,ROCKY POINT PARK,1-Butene/Isobutene,2010-05-14T00:00,0.740,µg/m³,VOC,
100111,ROCKY POINT PARK,1-Butene/Isobutene,2010-05-20T00:00,0.484,µg/m³,VOC,
100111,ROCKY POINT PARK,1-Butene/Isobutene,2010-05-26T00:00,0.672,µg/m³,VOC,
100111,ROCKY POINT PARK,1-Butene/Isobutene,2010-06-07T00:00,0.241,µg/m³,VOC,
100111,ROCKY POINT PARK,1-Butene/Isobutene,2010-06-13T00:00,0.407,µg/m³,VOC,
100111,ROCKY POINT PARK,1-Butene/Isobutene,2010-06-19T00:00,0.151,µg/m³,VOC,
100111,ROCKY POINT PARK,1-Butene/Isobutene,2010-06-25T00:00,0.211,µg/m³,VOC,
100111,ROCKY POINT PARK,1-Butene/Isobutene,2010-07-01T00:00,0.215,µg/m³,VOC,
100111,ROCKY POINT PARK,1-Butene/Isobutene,2010-07-07T00:00,0.828,µg/m³,VOC,
100111,ROCKY POINT PARK,1-Butene/Isobutene,2010-08-18T00:00,0.195,µg/m³,VOC,
100111,ROCKY POINT PARK,1-Butene/Isobutene,2010-08-24T00:00,0.842,µg/m³,VOC,
100111,ROCKY POINT PARK,1-Butene/Isobutene,2010-08-30T00:00,0.198,µg/m³,VOC,
100111,ROCKY POINT PARK,1-Butene/Isobutene,2010-09-05T00:00,0.199,µg/m³,VOC,
100111,ROCKY POINT PARK,1-Butene/Isobutene,2010-09-11T00:00,0.182,µg/m³,VOC,
100111,ROCKY POINT PARK,1-Butene/Isobutene,2010-09-17T00:00,0.493,µg/m³,VOC,
100111,ROCKY POINT PARK,1-Butene/Isobutene,2010-09-23T00:00,0.848,µg/m³,VOC,
100111,ROCKY POINT PARK,1-Butene/Isobutene,2010-09-29T00:00,0.608,µg/m³,VOC,
100111,ROCKY POINT PARK,1-Butene/Isobutene,2010-10-05T00:00,0.424,µg/m³,VOC,
100111,ROCKY POINT PARK,1-Butene/Isobutene,2010-10-11T00:00,0.175,µg/m³,VOC,
100111,ROCKY POINT PARK,1-Butene/Isobutene,2010-10-17T00:00,0.649,µg/m³,VOC,
100111,ROCKY POINT PARK,1-Butene/Isobutene,2010-10-23T00:00,0.207,µg/m³,VOC,
100111,ROCKY POINT PARK,1-Butene/Isobutene,2010-10-29T00:00,0.369,µg/m³,VOC,
100111,ROCKY POINT PARK,1-Butene/Isobutene,2010-11-04T00:00,0.777,µg/m³,VOC,
100111,ROCKY POINT PARK,1-Butene/Isobutene,2010-11-10T00:00,0.596,µg/m³,VOC,
100111,ROCKY POINT PARK,1-Butene/Isobutene,2010-11-16T00:00,0.343,µg/m³,VOC,
100111,ROCKY POINT PARK,1-Butene/Isobutene,2010-11-22T00:00,0.143,µg/m³,VOC,
100111,ROCKY POINT PARK,1-Butene/Isobutene,2010-11-28T00:00,0.497,µg/m³,VOC,
100111,ROCKY POINT PARK,1-Butene/Isobutene,2010-12-04T00:00,1.367,µg/m³,VOC,
100111,ROCKY POINT PARK,1-Butene/Isobutene,2010-12-10T00:00,0.420,µg/m³,VOC,
100111,ROCKY POINT PARK,1-Butene/Isobutene,2010-12-16T00:00,0.609,µg/m³,VOC,
100111,ROCKY POINT PARK,1-Butene/Isobutene,2010-12-22T00:00,0.739,µg/m³,VOC,
100111,ROCKY POINT PARK,1-Butene/Isobutene,2010-12-28T00:00,0.550,µg/m³,VOC,
