﻿NAPS_Site_ID,Station_Name,Pollutant,Date,Value,Units,Report_Type,Method
63201,HWY 47 & HWY 48 _YORK_REGION_,Bromoform,1994-02-13T00:00,0.000,µg/m³,VOC,
63201,HWY 47 & HWY 48 _YORK_REGION_,Bromoform,1994-02-19T00:00,0.000,µg/m³,VOC,
63201,HWY 47 & HWY 48 _YORK_REGION_,Bromoform,1994-05-26T00:00,0.000,µg/m³,VOC,
63201,HWY 47 & HWY 48 _YORK_REGION_,Bromoform,1994-06-01T00:00,0.000,µg/m³,VOC,
63201,HWY 47 & HWY 48 _YORK_REGION_,Bromoform,1994-06-07T00:00,0.000,µg/m³,VOC,
63201,HWY 47 & HWY 48 _YORK_REGION_,Bromoform,1994-08-06T00:00,0.000,µg/m³,VOC,
63201,HWY 47 & HWY 48 _YORK_REGION_,Bromoform,1994-08-18T00:00,0.068,µg/m³,VOC,
63201,HWY 47 & HWY 48 _YORK_REGION_,Bromoform,1994-08-24T00:00,0.038,µg/m³,VOC,
63201,HWY 47 & HWY 48 _YORK_REGION_,Bromoform,1994-08-30T00:00,0.024,µg/m³,VOC,
63201,HWY 47 & HWY 48 _YORK_REGION_,Bromoform,1994-09-05T00:00,0.023,µg/m³,VOC,
63201,HWY 47 & HWY 48 _YORK_REGION_,Bromoform,1994-09-11T00:00,0.000,µg/m³,VOC,
63201,HWY 47 & HWY 48 _YORK_REGION_,Bromoform,1994-09-17T00:00,0.000,µg/m³,VOC,
63201,HWY 47 & HWY 48 _YORK_REGION_,Bromoform,1994-09-23T00:00,0.000,µg/m³,VOC,
63201,HWY 47 & HWY 48 _YORK_REGION_,Bromoform,1994-09-29T00:00,0.000,µg/m³,VOC,
63201,HWY 47 & HWY 48 _YORK_REGION_,Bromoform,1994-10-05T00:00,0.000,µg/m³,VOC,
63201,HWY 47 & HWY 48 _YORK_REGION_,Bromoform,1994-10-17T00:00,0.000,µg/m³,VOC,
63201,HWY 47 & HWY 48 _YORK_REGION_,Bromoform,1994-10-23T00:00,0.000,µg/m³,VOC,
63201,HWY 47 & HWY 48 _YORK_REGION_,Bromoform,1994-10-29T00:00,0.000,µg/m³,VOC,
63201,HWY 47 & HWY 48 _YORK_REGION_,Bromoform,1994-11-04T00:00,0.009,µg/m³,VOC,
63201,HWY 47 & HWY 48 _YORK_REGION_,Bromoform,1994-11-10T00:00,0.000,µg/m³,VOC,
63201,HWY 47 & HWY 48 _YORK_REGION_,Bromoform,1994-11-16T00:00,0.000,µg/m³,VOC,
63201,HWY 47 & HWY 48 _YORK_REGION_,Bromoform,1994-11-22T00:00,0.010,µg/m³,VOC,
63201,HWY 47 & HWY 48 _YORK_REGION_,Bromoform,1994-11-28T00:00,0.010,µg/m³,VOC,
63201,HWY 47 & HWY 48 _YORK_REGION_,Bromoform,1994-12-04T00:00,0.010,µg/m³,VOC,
63201,HWY 47 & HWY 48 _YORK_REGION_,Bromoform,1994-12-10T00:00,0.009,µg/m³,VOC,
63201,HWY 47 & HWY 48 _YORK_REGION_,Bromoform,1994-12-16T00:00,0.013,µg/m³,VOC,
63201,HWY 47 & HWY 48 _YORK_REGION_,Bromoform,1994-12-22T00:00,0.011,µg/m³,VOC,
63201,HWY 47 & HWY 48 _YORK_REGION_,Bromoform,1994-12-28T00:00,0.009,µg/m³,VOC,
