﻿NAPS_Site_ID,Station_Name,Pollutant,Date,Value,Units,Report_Type,Method
60418,JUNCTION TRIANGLE,Ethylene,2002-01-08T00:00,3.010,µg/m³,VOC,GC-FID
60418,JUNCTION TRIANGLE,Ethylene,2002-01-14T00:00,2.208,µg/m³,VOC,GC-FID
60418,JUNCTION TRIANGLE,Ethylene,2002-01-20T00:00,3.650,µg/m³,VOC,GC-FID
60418,JUNCTION TRIANGLE,Ethylene,2002-01-26T00:00,5.224,µg/m³,VOC,GC-FID
60418,JUNCTION TRIANGLE,Ethylene,2002-02-01T00:00,2.983,µg/m³,VOC,GC-FID
60418,JUNCTION TRIANGLE,Ethylene,2002-02-07T00:00,3.218,µg/m³,VOC,GC-FID
60418,JUNCTION TRIANGLE,Ethylene,2002-02-13T00:00,1.520,µg/m³,VOC,GC-FID
60418,JUNCTION TRIANGLE,Ethylene,2002-02-19T00:00,5.228,µg/m³,VOC,GC-FID
60418,JUNCTION TRIANGLE,Ethylene,2002-02-25T00:00,3.990,µg/m³,VOC,GC-FID
60418,JUNCTION TRIANGLE,Ethylene,2002-03-03T00:00,1.350,µg/m³,VOC,GC-FID
60418,JUNCTION TRIANGLE,Ethylene,2002-03-09T00:00,4.684,µg/m³,VOC,GC-FID
60418,JUNCTION TRIANGLE,Ethylene,2002-03-15T00:00,2.574,µg/m³,VOC,GC-FID
60418,JUNCTION TRIANGLE,Ethylene,2002-03-21T00:00,1.274,µg/m³,VOC,GC-FID
60418,JUNCTION TRIANGLE,Ethylene,2002-04-14T00:00,3.229,µg/m³,VOC,GC-FID
60418,JUNCTION TRIANGLE,Ethylene,2002-04-20T00:00,0.989,µg/m³,VOC,GC-FID
60418,JUNCTION TRIANGLE,Ethylene,2002-04-26T00:00,1.898,µg/m³,VOC,GC-FID
60418,JUNCTION TRIANGLE,Ethylene,2002-05-02T00:00,2.015,µg/m³,VOC,GC-FID
60418,JUNCTION TRIANGLE,Ethylene,2002-05-08T00:00,1.209,µg/m³,VOC,GC-FID
60418,JUNCTION TRIANGLE,Ethylene,2002-05-14T00:00,1.795,µg/m³,VOC,GC-FID
60418,JUNCTION TRIANGLE,Ethylene,2002-05-20T00:00,1.343,µg/m³,VOC,GC-FID
60418,JUNCTION TRIANGLE,Ethylene,2002-05-26T00:00,1.185,µg/m³,VOC,GC-FID
60418,JUNCTION TRIANGLE,Ethylene,2002-06-01T00:00,1.555,µg/m³,VOC,GC-FID
60418,JUNCTION TRIANGLE,Ethylene,2002-06-07T00:00,2.991,µg/m³,VOC,GC-FID
60418,JUNCTION TRIANGLE,Ethylene,2002-06-13T00:00,1.910,µg/m³,VOC,GC-FID
60418,JUNCTION TRIANGLE,Ethylene,2002-06-19T00:00,2.529,µg/m³,VOC,GC-FID
60418,JUNCTION TRIANGLE,Ethylene,2002-06-25T00:00,2.441,µg/m³,VOC,GC-FID
60418,JUNCTION TRIANGLE,Ethylene,2002-07-01T00:00,1.793,µg/m³,VOC,GC-FID
60418,JUNCTION TRIANGLE,Ethylene,2002-07-13T00:00,2.918,µg/m³,VOC,GC-FID
60418,JUNCTION TRIANGLE,Ethylene,2002-07-19T00:00,1.856,µg/m³,VOC,GC-FID
60418,JUNCTION TRIANGLE,Ethylene,2002-07-25T00:00,2.563,µg/m³,VOC,GC-FID
60418,JUNCTION TRIANGLE,Ethylene,2002-07-31T00:00,2.000,µg/m³,VOC,GC-FID
60418,JUNCTION TRIANGLE,Ethylene,2002-08-06T00:00,0.832,µg/m³,VOC,GC-FID
60418,JUNCTION TRIANGLE,Ethylene,2002-08-12T00:00,1.905,µg/m³,VOC,GC-FID
60418,JUNCTION TRIANGLE,Ethylene,2002-08-18T00:00,0.866,µg/m³,VOC,GC-FID
60418,JUNCTION TRIANGLE,Ethylene,2002-08-24T00:00,1.576,µg/m³,VOC,GC-FID
60418,JUNCTION TRIANGLE,Ethylene,2002-08-30T00:00,5.734,µg/m³,VOC,GC-FID
60418,JUNCTION TRIANGLE,Ethylene,2002-09-05T00:00,1.544,µg/m³,VOC,GC-FID
60418,JUNCTION TRIANGLE,Ethylene,2002-09-11T00:00,0.784,µg/m³,VOC,GC-FID
60418,JUNCTION TRIANGLE,Ethylene,2002-09-17T00:00,3.683,µg/m³,VOC,GC-FID
60418,JUNCTION TRIANGLE,Ethylene,2002-09-23T00:00,2.949,µg/m³,VOC,GC-FID
60418,JUNCTION TRIANGLE,Ethylene,2002-09-29T00:00,4.427,µg/m³,VOC,GC-FID
60418,JUNCTION TRIANGLE,Ethylene,2002-10-05T00:00,2.559,µg/m³,VOC,GC-FID
60418,JUNCTION TRIANGLE,Ethylene,2002-10-11T00:00,2.700,µg/m³,VOC,GC-FID
60418,JUNCTION TRIANGLE,Ethylene,2002-10-17T00:00,1.244,µg/m³,VOC,GC-FID
60418,JUNCTION TRIANGLE,Ethylene,2002-10-23T00:00,1.531,µg/m³,VOC,GC-FID
60418,JUNCTION TRIANGLE,Ethylene,2002-10-29T00:00,2.397,µg/m³,VOC,GC-FID
60418,JUNCTION TRIANGLE,Ethylene,2002-11-04T00:00,2.056,µg/m³,VOC,GC-FID
60418,JUNCTION TRIANGLE,Ethylene,2002-11-10T00:00,2.206,µg/m³,VOC,GC-FID
60418,JUNCTION TRIANGLE,Ethylene,2002-11-16T00:00,1.855,µg/m³,VOC,GC-FID
60418,JUNCTION TRIANGLE,Ethylene,2002-11-22T00:00,1.600,µg/m³,VOC,GC-FID
60418,JUNCTION TRIANGLE,Ethylene,2002-11-28T00:00,2.034,µg/m³,VOC,GC-FID
60418,JUNCTION TRIANGLE,Ethylene,2002-12-04T00:00,3.051,µg/m³,VOC,GC-FID
60418,JUNCTION TRIANGLE,Ethylene,2002-12-10T00:00,3.525,µg/m³,VOC,GC-FID
60418,JUNCTION TRIANGLE,Ethylene,2002-12-16T00:00,1.711,µg/m³,VOC,GC-FID
60418,JUNCTION TRIANGLE,Ethylene,2002-12-22T00:00,1.222,µg/m³,VOC,GC-FID
60418,JUNCTION TRIANGLE,Ethylene,2002-12-28T00:00,3.082,µg/m³,VOC,GC-FID
