﻿NAPS_Site_ID,Station_Name,Pollutant,Date,Value,Units,Report_Type,Method
60104,OTTAWA DOWNTOWN,Freon 22,1998-01-05T00:00,0.420,µg/m³,VOC,N/A
60104,OTTAWA DOWNTOWN,Freon 22,1998-01-11T00:00,0.400,µg/m³,VOC,N/A
60104,OTTAWA DOWNTOWN,Freon 22,1998-01-17T00:00,0.380,µg/m³,VOC,N/A
60104,OTTAWA DOWNTOWN,Freon 22,1998-01-23T00:00,0.380,µg/m³,VOC,N/A
60104,OTTAWA DOWNTOWN,Freon 22,1998-01-29T00:00,0.660,µg/m³,VOC,N/A
60104,OTTAWA DOWNTOWN,Freon 22,1998-02-04T00:00,0.560,µg/m³,VOC,N/A
60104,OTTAWA DOWNTOWN,Freon 22,1998-02-10T00:00,1.000,µg/m³,VOC,N/A
60104,OTTAWA DOWNTOWN,Freon 22,1998-02-16T00:00,0.740,µg/m³,VOC,N/A
60104,OTTAWA DOWNTOWN,Freon 22,1998-02-22T00:00,0.460,µg/m³,VOC,N/A
60104,OTTAWA DOWNTOWN,Freon 22,1998-02-28T00:00,0.680,µg/m³,VOC,N/A
60104,OTTAWA DOWNTOWN,Freon 22,1998-03-06T00:00,0.440,µg/m³,VOC,N/A
60104,OTTAWA DOWNTOWN,Freon 22,1998-03-12T00:00,0.340,µg/m³,VOC,N/A
60104,OTTAWA DOWNTOWN,Freon 22,1998-03-18T00:00,0.780,µg/m³,VOC,N/A
60104,OTTAWA DOWNTOWN,Freon 22,1998-03-24T00:00,0.540,µg/m³,VOC,N/A
60104,OTTAWA DOWNTOWN,Freon 22,1998-03-30T00:00,0.840,µg/m³,VOC,N/A
60104,OTTAWA DOWNTOWN,Freon 22,1998-04-05T00:00,0.340,µg/m³,VOC,N/A
60104,OTTAWA DOWNTOWN,Freon 22,1998-04-11T00:00,0.480,µg/m³,VOC,N/A
60104,OTTAWA DOWNTOWN,Freon 22,1998-04-17T00:00,0.520,µg/m³,VOC,N/A
60104,OTTAWA DOWNTOWN,Freon 22,1998-04-23T00:00,0.920,µg/m³,VOC,N/A
60104,OTTAWA DOWNTOWN,Freon 22,1998-04-29T00:00,0.480,µg/m³,VOC,N/A
60104,OTTAWA DOWNTOWN,Freon 22,1998-05-05T00:00,0.560,µg/m³,VOC,N/A
60104,OTTAWA DOWNTOWN,Freon 22,1998-05-11T00:00,0.517,µg/m³,VOC,N/A
60104,OTTAWA DOWNTOWN,Freon 22,1998-05-17T00:00,0.472,µg/m³,VOC,N/A
60104,OTTAWA DOWNTOWN,Freon 22,1998-05-23T00:00,0.521,µg/m³,VOC,N/A
60104,OTTAWA DOWNTOWN,Freon 22,1998-06-04T00:00,0.528,µg/m³,VOC,N/A
60104,OTTAWA DOWNTOWN,Freon 22,1998-06-10T00:00,0.709,µg/m³,VOC,N/A
60104,OTTAWA DOWNTOWN,Freon 22,1998-06-16T00:00,0.431,µg/m³,VOC,N/A
60104,OTTAWA DOWNTOWN,Freon 22,1998-06-22T00:00,0.710,µg/m³,VOC,N/A
60104,OTTAWA DOWNTOWN,Freon 22,1998-06-28T00:00,0.364,µg/m³,VOC,N/A
60104,OTTAWA DOWNTOWN,Freon 22,1998-07-04T00:00,0.348,µg/m³,VOC,N/A
60104,OTTAWA DOWNTOWN,Freon 22,1998-07-10T00:00,0.291,µg/m³,VOC,N/A
60104,OTTAWA DOWNTOWN,Freon 22,1998-07-16T00:00,0.684,µg/m³,VOC,N/A
60104,OTTAWA DOWNTOWN,Freon 22,1998-07-22T00:00,0.444,µg/m³,VOC,N/A
60104,OTTAWA DOWNTOWN,Freon 22,1998-07-28T00:00,0.639,µg/m³,VOC,N/A
60104,OTTAWA DOWNTOWN,Freon 22,1998-08-03T00:00,0.365,µg/m³,VOC,N/A
60104,OTTAWA DOWNTOWN,Freon 22,1998-08-09T00:00,0.551,µg/m³,VOC,N/A
60104,OTTAWA DOWNTOWN,Freon 22,1998-08-15T00:00,0.661,µg/m³,VOC,N/A
60104,OTTAWA DOWNTOWN,Freon 22,1998-08-21T00:00,0.467,µg/m³,VOC,N/A
60104,OTTAWA DOWNTOWN,Freon 22,1998-08-27T00:00,0.488,µg/m³,VOC,N/A
60104,OTTAWA DOWNTOWN,Freon 22,1998-09-02T00:00,0.462,µg/m³,VOC,N/A
60104,OTTAWA DOWNTOWN,Freon 22,1998-09-08T00:00,0.234,µg/m³,VOC,N/A
60104,OTTAWA DOWNTOWN,Freon 22,1998-09-14T00:00,0.454,µg/m³,VOC,N/A
60104,OTTAWA DOWNTOWN,Freon 22,1998-09-20T00:00,0.308,µg/m³,VOC,N/A
60104,OTTAWA DOWNTOWN,Freon 22,1998-09-26T00:00,0.512,µg/m³,VOC,N/A
60104,OTTAWA DOWNTOWN,Freon 22,1998-10-02T00:00,0.202,µg/m³,VOC,N/A
60104,OTTAWA DOWNTOWN,Freon 22,1998-10-08T00:00,0.355,µg/m³,VOC,N/A
60104,OTTAWA DOWNTOWN,Freon 22,1998-10-14T00:00,0.510,µg/m³,VOC,N/A
60104,OTTAWA DOWNTOWN,Freon 22,1998-10-20T00:00,0.358,µg/m³,VOC,N/A
60104,OTTAWA DOWNTOWN,Freon 22,1998-10-26T00:00,0.465,µg/m³,VOC,N/A
60104,OTTAWA DOWNTOWN,Freon 22,1998-11-01T00:00,0.356,µg/m³,VOC,N/A
60104,OTTAWA DOWNTOWN,Freon 22,1998-11-07T00:00,0.400,µg/m³,VOC,N/A
60104,OTTAWA DOWNTOWN,Freon 22,1998-11-13T00:00,0.454,µg/m³,VOC,N/A
60104,OTTAWA DOWNTOWN,Freon 22,1998-11-19T00:00,0.502,µg/m³,VOC,N/A
60104,OTTAWA DOWNTOWN,Freon 22,1998-11-25T00:00,0.446,µg/m³,VOC,N/A
60104,OTTAWA DOWNTOWN,Freon 22,1998-12-01T00:00,0.514,µg/m³,VOC,N/A
60104,OTTAWA DOWNTOWN,Freon 22,1998-12-07T00:00,0.502,µg/m³,VOC,N/A
60104,OTTAWA DOWNTOWN,Freon 22,1998-12-13T00:00,0.490,µg/m³,VOC,N/A
60104,OTTAWA DOWNTOWN,Freon 22,1998-12-19T00:00,0.582,µg/m³,VOC,N/A
60104,OTTAWA DOWNTOWN,Freon 22,1998-12-25T00:00,0.544,µg/m³,VOC,N/A
60104,OTTAWA DOWNTOWN,Freon 22,1998-12-31T00:00,0.406,µg/m³,VOC,N/A
