﻿NAPS_Site_ID,Station_Name,Pollutant,Date,Value,Units,Report_Type,Method
80901,BRATT'S LAKE,Methylcyclopentane,2011-01-03T00:00,0.138,µg/m³,VOC,GC-MS
80901,BRATT'S LAKE,Methylcyclopentane,2011-01-06T00:00,0.135,µg/m³,VOC,GC-MS
80901,BRATT'S LAKE,Methylcyclopentane,2011-01-09T00:00,0.203,µg/m³,VOC,GC-MS
80901,BRATT'S LAKE,Methylcyclopentane,2011-01-12T00:00,0.551,µg/m³,VOC,GC-MS
80901,BRATT'S LAKE,Methylcyclopentane,2011-01-15T00:00,0.043,µg/m³,VOC,GC-MS
80901,BRATT'S LAKE,Methylcyclopentane,2011-01-18T00:00,0.088,µg/m³,VOC,GC-MS
80901,BRATT'S LAKE,Methylcyclopentane,2011-01-21T00:00,0.165,µg/m³,VOC,GC-MS
80901,BRATT'S LAKE,Methylcyclopentane,2011-01-24T00:00,0.123,µg/m³,VOC,GC-MS
80901,BRATT'S LAKE,Methylcyclopentane,2011-01-27T00:00,0.065,µg/m³,VOC,GC-MS
80901,BRATT'S LAKE,Methylcyclopentane,2011-01-30T00:00,0.074,µg/m³,VOC,GC-MS
80901,BRATT'S LAKE,Methylcyclopentane,2011-02-02T00:00,0.027,µg/m³,VOC,GC-MS
80901,BRATT'S LAKE,Methylcyclopentane,2011-02-05T00:00,0.065,µg/m³,VOC,GC-MS
80901,BRATT'S LAKE,Methylcyclopentane,2011-02-08T00:00,0.062,µg/m³,VOC,GC-MS
80901,BRATT'S LAKE,Methylcyclopentane,2011-02-11T00:00,0.068,µg/m³,VOC,GC-MS
80901,BRATT'S LAKE,Methylcyclopentane,2011-02-14T00:00,0.083,µg/m³,VOC,GC-MS
80901,BRATT'S LAKE,Methylcyclopentane,2011-02-17T00:00,0.057,µg/m³,VOC,GC-MS
80901,BRATT'S LAKE,Methylcyclopentane,2011-02-20T00:00,0.085,µg/m³,VOC,GC-MS
80901,BRATT'S LAKE,Methylcyclopentane,2011-02-23T00:00,0.075,µg/m³,VOC,GC-MS
80901,BRATT'S LAKE,Methylcyclopentane,2011-03-04T00:00,0.138,µg/m³,VOC,GC-MS
80901,BRATT'S LAKE,Methylcyclopentane,2011-03-07T00:00,1.445,µg/m³,VOC,GC-MS
80901,BRATT'S LAKE,Methylcyclopentane,2011-03-10T00:00,0.024,µg/m³,VOC,GC-MS
80901,BRATT'S LAKE,Methylcyclopentane,2011-03-13T00:00,0.103,µg/m³,VOC,GC-MS
80901,BRATT'S LAKE,Methylcyclopentane,2011-03-16T00:00,0.036,µg/m³,VOC,GC-MS
80901,BRATT'S LAKE,Methylcyclopentane,2011-03-19T00:00,0.161,µg/m³,VOC,GC-MS
80901,BRATT'S LAKE,Methylcyclopentane,2011-03-22T00:00,0.000,µg/m³,VOC,GC-MS
80901,BRATT'S LAKE,Methylcyclopentane,2011-03-25T00:00,0.372,µg/m³,VOC,GC-MS
