﻿NAPS_Site_ID,Station_Name,Pollutant,Date,Value,Units,Report_Type,Method
54401,SAINT-ANICET,Propionate,2008-01-19T00:00,0.000,µg/m³,IC,IC
54401,SAINT-ANICET,Propionate,2008-01-22T00:00,0.000,µg/m³,IC,IC
54401,SAINT-ANICET,Propionate,2008-01-31T00:00,0.000,µg/m³,IC,IC
54401,SAINT-ANICET,Propionate,2008-02-03T00:00,0.000,µg/m³,IC,IC
54401,SAINT-ANICET,Propionate,2008-02-06T00:00,0.000,µg/m³,IC,IC
54401,SAINT-ANICET,Propionate,2008-02-09T00:00,0.000,µg/m³,IC,IC
54401,SAINT-ANICET,Propionate,2008-02-12T00:00,0.000,µg/m³,IC,IC
54401,SAINT-ANICET,Propionate,2008-02-15T00:00,0.000,µg/m³,IC,IC
54401,SAINT-ANICET,Propionate,2008-02-18T00:00,0.000,µg/m³,IC,IC
54401,SAINT-ANICET,Propionate,2008-02-21T00:00,0.000,µg/m³,IC,IC
54401,SAINT-ANICET,Propionate,2008-02-24T00:00,0.000,µg/m³,IC,IC
54401,SAINT-ANICET,Propionate,2008-02-27T00:00,0.000,µg/m³,IC,IC
54401,SAINT-ANICET,Propionate,2008-03-01T00:00,0.000,µg/m³,IC,IC
54401,SAINT-ANICET,Propionate,2008-03-10T00:00,0.000,µg/m³,IC,IC
54401,SAINT-ANICET,Propionate,2008-03-13T00:00,0.000,µg/m³,IC,IC
54401,SAINT-ANICET,Propionate,2008-03-19T00:00,0.000,µg/m³,IC,IC
54401,SAINT-ANICET,Propionate,2008-03-22T00:00,0.000,µg/m³,IC,IC
54401,SAINT-ANICET,Propionate,2008-03-25T00:00,0.000,µg/m³,IC,IC
54401,SAINT-ANICET,Propionate,2008-03-28T00:00,0.000,µg/m³,IC,IC
54401,SAINT-ANICET,Propionate,2008-04-12T00:00,0.000,µg/m³,IC,IC
54401,SAINT-ANICET,Propionate,2008-07-17T00:00,0.000,µg/m³,IC,IC
54401,SAINT-ANICET,Propionate,2008-08-16T00:00,0.000,µg/m³,IC,IC
54401,SAINT-ANICET,Propionate,2008-08-19T00:00,0.000,µg/m³,IC,IC
54401,SAINT-ANICET,Propionate,2008-08-22T00:00,0.000,µg/m³,IC,IC
54401,SAINT-ANICET,Propionate,2008-08-25T00:00,0.000,µg/m³,IC,IC
54401,SAINT-ANICET,Propionate,2008-08-28T00:00,0.000,µg/m³,IC,IC
54401,SAINT-ANICET,Propionate,2008-08-31T00:00,0.000,µg/m³,IC,IC
54401,SAINT-ANICET,Propionate,2008-09-03T00:00,0.000,µg/m³,IC,IC
54401,SAINT-ANICET,Propionate,2008-09-06T00:00,0.000,µg/m³,IC,IC
54401,SAINT-ANICET,Propionate,2008-09-09T00:00,0.000,µg/m³,IC,IC
54401,SAINT-ANICET,Propionate,2008-09-12T00:00,0.000,µg/m³,IC,IC
54401,SAINT-ANICET,Propionate,2008-09-15T00:00,0.000,µg/m³,IC,IC
54401,SAINT-ANICET,Propionate,2008-09-18T00:00,0.000,µg/m³,IC,IC
54401,SAINT-ANICET,Propionate,2008-09-21T00:00,0.000,µg/m³,IC,IC
54401,SAINT-ANICET,Propionate,2008-09-24T00:00,0.000,µg/m³,IC,IC
54401,SAINT-ANICET,Propionate,2008-09-27T00:00,0.000,µg/m³,IC,IC
54401,SAINT-ANICET,Propionate,2008-09-30T00:00,0.000,µg/m³,IC,IC
54401,SAINT-ANICET,Propionate,2008-10-06T00:00,0.000,µg/m³,IC,IC
54401,SAINT-ANICET,Propionate,2008-10-12T00:00,0.000,µg/m³,IC,IC
54401,SAINT-ANICET,Propionate,2008-10-15T00:00,0.000,µg/m³,IC,IC
54401,SAINT-ANICET,Propionate,2008-10-18T00:00,0.000,µg/m³,IC,IC
54401,SAINT-ANICET,Propionate,2008-10-27T00:00,0.000,µg/m³,IC,IC
54401,SAINT-ANICET,Propionate,2008-10-30T00:00,0.000,µg/m³,IC,IC
54401,SAINT-ANICET,Propionate,2008-11-05T00:00,0.000,µg/m³,IC,IC
54401,SAINT-ANICET,Propionate,2008-11-11T00:00,0.000,µg/m³,IC,IC
54401,SAINT-ANICET,Propionate,2008-11-26T00:00,0.000,µg/m³,IC,IC
54401,SAINT-ANICET,Propionate,2008-12-23T00:00,0.000,µg/m³,IC,IC
54401,SAINT-ANICET,Propionate,2008-12-26T00:00,0.000,µg/m³,IC,IC
54401,SAINT-ANICET,Propionate,2008-12-29T00:00,0.000,µg/m³,IC,IC
