﻿NAPS_Site_ID,Station_Name,Pollutant,Date,Value,Units,Report_Type,Method
54301,VILLEROY,Cyclopentane,1998-01-05T00:00,0.040,µg/m³,VOC,GC-MS
54301,VILLEROY,Cyclopentane,1998-01-11T00:00,0.080,µg/m³,VOC,GC-MS
54301,VILLEROY,Cyclopentane,1998-01-17T00:00,0.020,µg/m³,VOC,GC-MS
54301,VILLEROY,Cyclopentane,1998-01-23T00:00,0.260,µg/m³,VOC,GC-MS
54301,VILLEROY,Cyclopentane,1998-02-04T00:00,0.060,µg/m³,VOC,GC-MS
54301,VILLEROY,Cyclopentane,1998-02-10T00:00,0.120,µg/m³,VOC,GC-MS
54301,VILLEROY,Cyclopentane,1998-02-16T00:00,0.060,µg/m³,VOC,GC-MS
54301,VILLEROY,Cyclopentane,1998-02-28T00:00,0.020,µg/m³,VOC,GC-MS
54301,VILLEROY,Cyclopentane,1998-04-05T00:00,0.060,µg/m³,VOC,GC-MS
54301,VILLEROY,Cyclopentane,1998-04-11T00:00,0.000,µg/m³,VOC,GC-MS
54301,VILLEROY,Cyclopentane,1998-04-17T00:00,0.020,µg/m³,VOC,GC-MS
54301,VILLEROY,Cyclopentane,1998-04-23T00:00,0.000,µg/m³,VOC,GC-MS
54301,VILLEROY,Cyclopentane,1998-04-29T00:00,0.000,µg/m³,VOC,GC-MS
54301,VILLEROY,Cyclopentane,1998-05-05T00:00,0.040,µg/m³,VOC,GC-MS
54301,VILLEROY,Cyclopentane,1998-06-13T00:00,0.000,µg/m³,VOC,GC-MS
54301,VILLEROY,Cyclopentane,1998-06-16T00:00,0.000,µg/m³,VOC,GC-MS
54301,VILLEROY,Cyclopentane,1998-06-19T00:00,0.000,µg/m³,VOC,GC-MS
54301,VILLEROY,Cyclopentane,1998-06-22T00:00,0.043,µg/m³,VOC,GC-MS
54301,VILLEROY,Cyclopentane,1998-06-25T00:00,0.123,µg/m³,VOC,GC-MS
54301,VILLEROY,Cyclopentane,1998-06-28T00:00,0.000,µg/m³,VOC,GC-MS
54301,VILLEROY,Cyclopentane,1998-07-01T00:00,0.000,µg/m³,VOC,GC-MS
54301,VILLEROY,Cyclopentane,1998-07-04T00:00,0.076,µg/m³,VOC,GC-MS
54301,VILLEROY,Cyclopentane,1998-07-07T00:00,0.000,µg/m³,VOC,GC-MS
54301,VILLEROY,Cyclopentane,1998-07-10T00:00,0.000,µg/m³,VOC,GC-MS
54301,VILLEROY,Cyclopentane,1998-07-22T00:00,0.000,µg/m³,VOC,GC-MS
54301,VILLEROY,Cyclopentane,1998-07-25T00:00,0.000,µg/m³,VOC,GC-MS
54301,VILLEROY,Cyclopentane,1998-07-28T00:00,0.000,µg/m³,VOC,GC-MS
54301,VILLEROY,Cyclopentane,1998-07-31T00:00,0.000,µg/m³,VOC,GC-MS
54301,VILLEROY,Cyclopentane,1998-08-03T00:00,0.000,µg/m³,VOC,GC-MS
54301,VILLEROY,Cyclopentane,1998-08-06T00:00,0.000,µg/m³,VOC,GC-MS
54301,VILLEROY,Cyclopentane,1998-08-09T00:00,0.037,µg/m³,VOC,GC-MS
54301,VILLEROY,Cyclopentane,1998-08-12T00:00,0.000,µg/m³,VOC,GC-MS
54301,VILLEROY,Cyclopentane,1998-08-15T00:00,0.067,µg/m³,VOC,GC-MS
54301,VILLEROY,Cyclopentane,1998-08-21T00:00,0.000,µg/m³,VOC,GC-MS
54301,VILLEROY,Cyclopentane,1998-08-27T00:00,0.000,µg/m³,VOC,GC-MS
54301,VILLEROY,Cyclopentane,1998-08-30T00:00,0.000,µg/m³,VOC,GC-MS
54301,VILLEROY,Cyclopentane,1998-09-02T00:00,0.000,µg/m³,VOC,GC-MS
54301,VILLEROY,Cyclopentane,1998-09-05T00:00,0.000,µg/m³,VOC,GC-MS
54301,VILLEROY,Cyclopentane,1998-09-08T00:00,0.000,µg/m³,VOC,GC-MS
54301,VILLEROY,Cyclopentane,1998-09-11T00:00,0.000,µg/m³,VOC,GC-MS
54301,VILLEROY,Cyclopentane,1998-09-14T00:00,0.000,µg/m³,VOC,GC-MS
54301,VILLEROY,Cyclopentane,1998-09-20T00:00,0.000,µg/m³,VOC,GC-MS
54301,VILLEROY,Cyclopentane,1998-09-26T00:00,0.054,µg/m³,VOC,GC-MS
54301,VILLEROY,Cyclopentane,1998-10-02T00:00,0.000,µg/m³,VOC,GC-MS
54301,VILLEROY,Cyclopentane,1998-10-14T00:00,0.000,µg/m³,VOC,GC-MS
54301,VILLEROY,Cyclopentane,1998-10-20T00:00,0.028,µg/m³,VOC,GC-MS
54301,VILLEROY,Cyclopentane,1998-11-07T00:00,0.000,µg/m³,VOC,GC-MS
54301,VILLEROY,Cyclopentane,1998-11-13T00:00,0.091,µg/m³,VOC,GC-MS
54301,VILLEROY,Cyclopentane,1998-11-19T00:00,0.100,µg/m³,VOC,GC-MS
54301,VILLEROY,Cyclopentane,1998-11-25T00:00,0.041,µg/m³,VOC,GC-MS
