﻿NAPS_Site_ID,Station_Name,Pollutant,Date,Value,Units,Report_Type,Method
90227,CALGARY CENTRAL,cis-2-Octene,1991-08-16T00:00,0.203,µg/m³,VOC,
90227,CALGARY CENTRAL,cis-2-Octene,1991-09-21T00:00,0.000,µg/m³,VOC,
90227,CALGARY CENTRAL,cis-2-Octene,1991-09-27T00:00,0.129,µg/m³,VOC,
90227,CALGARY CENTRAL,cis-2-Octene,1991-10-03T00:00,0.166,µg/m³,VOC,
90227,CALGARY CENTRAL,cis-2-Octene,1991-10-09T00:00,7.763,µg/m³,VOC,
90227,CALGARY CENTRAL,cis-2-Octene,1991-10-15T00:00,0.000,µg/m³,VOC,
90227,CALGARY CENTRAL,cis-2-Octene,1991-10-21T00:00,0.154,µg/m³,VOC,
90227,CALGARY CENTRAL,cis-2-Octene,1991-10-27T00:00,0.262,µg/m³,VOC,
90227,CALGARY CENTRAL,cis-2-Octene,1991-11-02T00:00,0.249,µg/m³,VOC,
90227,CALGARY CENTRAL,cis-2-Octene,1991-11-08T00:00,0.125,µg/m³,VOC,
90227,CALGARY CENTRAL,cis-2-Octene,1991-11-14T00:00,0.397,µg/m³,VOC,
90227,CALGARY CENTRAL,cis-2-Octene,1991-11-20T00:00,0.123,µg/m³,VOC,
90227,CALGARY CENTRAL,cis-2-Octene,1991-11-26T00:00,0.213,µg/m³,VOC,
90227,CALGARY CENTRAL,cis-2-Octene,1991-12-08T00:00,0.628,µg/m³,VOC,
90227,CALGARY CENTRAL,cis-2-Octene,1991-12-14T00:00,0.419,µg/m³,VOC,
90227,CALGARY CENTRAL,cis-2-Octene,1991-12-20T00:00,0.011,µg/m³,VOC,
90227,CALGARY CENTRAL,cis-2-Octene,1991-12-26T00:00,0.336,µg/m³,VOC,
