﻿NAPS_Site_ID,Station_Name,Pollutant,Date,Value,Units,Report_Type,Method
90227,CALGARY CENTRAL,Cadmium,1987-05-03T00:00,0.000,µg/m³,DICHOT,
90227,CALGARY CENTRAL,Cadmium,1987-05-03T00:00,0.000,µg/m³,DICHOT,
90227,CALGARY CENTRAL,Cadmium,1987-05-09T00:00,0.000,µg/m³,DICHOT,
90227,CALGARY CENTRAL,Cadmium,1987-05-09T00:00,0.000,µg/m³,DICHOT,
90227,CALGARY CENTRAL,Cadmium,1987-05-15T00:00,0.000,µg/m³,DICHOT,
90227,CALGARY CENTRAL,Cadmium,1987-05-15T00:00,0.000,µg/m³,DICHOT,
90227,CALGARY CENTRAL,Cadmium,1987-05-21T00:00,0.000,µg/m³,DICHOT,
90227,CALGARY CENTRAL,Cadmium,1987-05-21T00:00,0.000,µg/m³,DICHOT,
90227,CALGARY CENTRAL,Cadmium,1987-05-27T00:00,0.000,µg/m³,DICHOT,
90227,CALGARY CENTRAL,Cadmium,1987-05-27T00:00,0.000,µg/m³,DICHOT,
90227,CALGARY CENTRAL,Cadmium,1987-06-02T00:00,0.000,µg/m³,DICHOT,
90227,CALGARY CENTRAL,Cadmium,1987-06-02T00:00,0.000,µg/m³,DICHOT,
90227,CALGARY CENTRAL,Cadmium,1987-06-08T00:00,0.000,µg/m³,DICHOT,
90227,CALGARY CENTRAL,Cadmium,1987-06-08T00:00,0.000,µg/m³,DICHOT,
90227,CALGARY CENTRAL,Cadmium,1987-06-14T00:00,0.000,µg/m³,DICHOT,
90227,CALGARY CENTRAL,Cadmium,1987-06-14T00:00,0.000,µg/m³,DICHOT,
90227,CALGARY CENTRAL,Cadmium,1987-06-20T00:00,0.000,µg/m³,DICHOT,
90227,CALGARY CENTRAL,Cadmium,1987-06-20T00:00,0.000,µg/m³,DICHOT,
90227,CALGARY CENTRAL,Cadmium,1987-06-26T00:00,0.000,µg/m³,DICHOT,
90227,CALGARY CENTRAL,Cadmium,1987-06-26T00:00,0.000,µg/m³,DICHOT,
90227,CALGARY CENTRAL,Cadmium,1987-07-02T00:00,0.000,µg/m³,DICHOT,
90227,CALGARY CENTRAL,Cadmium,1987-07-02T00:00,0.000,µg/m³,DICHOT,
90227,CALGARY CENTRAL,Cadmium,1987-07-08T00:00,0.000,µg/m³,DICHOT,
90227,CALGARY CENTRAL,Cadmium,1987-07-08T00:00,0.000,µg/m³,DICHOT,
90227,CALGARY CENTRAL,Cadmium,1987-07-14T00:00,0.000,µg/m³,DICHOT,
90227,CALGARY CENTRAL,Cadmium,1987-07-14T00:00,0.000,µg/m³,DICHOT,
90227,CALGARY CENTRAL,Cadmium,1987-08-01T00:00,0.000,µg/m³,DICHOT,
90227,CALGARY CENTRAL,Cadmium,1987-08-01T00:00,0.000,µg/m³,DICHOT,
90227,CALGARY CENTRAL,Cadmium,1987-08-13T00:00,0.000,µg/m³,DICHOT,
90227,CALGARY CENTRAL,Cadmium,1987-08-13T00:00,0.005,µg/m³,DICHOT,
90227,CALGARY CENTRAL,Cadmium,1987-08-19T00:00,0.000,µg/m³,DICHOT,
90227,CALGARY CENTRAL,Cadmium,1987-08-19T00:00,0.000,µg/m³,DICHOT,
90227,CALGARY CENTRAL,Cadmium,1987-10-12T00:00,0.000,µg/m³,DICHOT,
90227,CALGARY CENTRAL,Cadmium,1987-10-12T00:00,0.000,µg/m³,DICHOT,
90227,CALGARY CENTRAL,Cadmium,1987-10-18T00:00,0.000,µg/m³,DICHOT,
90227,CALGARY CENTRAL,Cadmium,1987-10-18T00:00,0.000,µg/m³,DICHOT,
90227,CALGARY CENTRAL,Cadmium,1987-10-24T00:00,0.000,µg/m³,DICHOT,
90227,CALGARY CENTRAL,Cadmium,1987-10-24T00:00,0.000,µg/m³,DICHOT,
90227,CALGARY CENTRAL,Cadmium,1987-10-30T00:00,0.000,µg/m³,DICHOT,
90227,CALGARY CENTRAL,Cadmium,1987-10-30T00:00,0.000,µg/m³,DICHOT,
90227,CALGARY CENTRAL,Cadmium,1987-11-05T00:00,0.000,µg/m³,DICHOT,
90227,CALGARY CENTRAL,Cadmium,1987-11-05T00:00,0.000,µg/m³,DICHOT,
90227,CALGARY CENTRAL,Cadmium,1987-11-23T00:00,0.000,µg/m³,DICHOT,
90227,CALGARY CENTRAL,Cadmium,1987-11-23T00:00,0.000,µg/m³,DICHOT,
90227,CALGARY CENTRAL,Cadmium,1987-11-29T00:00,0.000,µg/m³,DICHOT,
90227,CALGARY CENTRAL,Cadmium,1987-11-29T00:00,0.000,µg/m³,DICHOT,
90227,CALGARY CENTRAL,Cadmium,1987-12-05T00:00,0.000,µg/m³,DICHOT,
90227,CALGARY CENTRAL,Cadmium,1987-12-05T00:00,0.000,µg/m³,DICHOT,
90227,CALGARY CENTRAL,Cadmium,1987-12-11T00:00,0.000,µg/m³,DICHOT,
90227,CALGARY CENTRAL,Cadmium,1987-12-11T00:00,0.000,µg/m³,DICHOT,
90227,CALGARY CENTRAL,Cadmium,1987-12-17T00:00,0.000,µg/m³,DICHOT,
90227,CALGARY CENTRAL,Cadmium,1987-12-17T00:00,0.000,µg/m³,DICHOT,
90227,CALGARY CENTRAL,Cadmium,1987-12-23T00:00,0.000,µg/m³,DICHOT,
90227,CALGARY CENTRAL,Cadmium,1987-12-23T00:00,0.000,µg/m³,DICHOT,
90227,CALGARY CENTRAL,Cadmium,1987-12-29T00:00,0.000,µg/m³,DICHOT,
90227,CALGARY CENTRAL,Cadmium,1987-12-29T00:00,0.000,µg/m³,DICHOT,
