﻿NAPS_Site_ID,Station_Name,Pollutant,Date,Value,Units,Report_Type,Method
100110,KENSINGTON PARK,"2,3-Dimethylpentane",1995-01-21T00:00,2.469,µg/m³,VOC,
100110,KENSINGTON PARK,"2,3-Dimethylpentane",1995-02-26T00:00,1.274,µg/m³,VOC,
100110,KENSINGTON PARK,"2,3-Dimethylpentane",1995-04-03T00:00,1.438,µg/m³,VOC,
100110,KENSINGTON PARK,"2,3-Dimethylpentane",1995-05-09T00:00,1.029,µg/m³,VOC,
100110,KENSINGTON PARK,"2,3-Dimethylpentane",1995-06-14T00:00,0.667,µg/m³,VOC,
100110,KENSINGTON PARK,"2,3-Dimethylpentane",1995-07-26T00:00,0.822,µg/m³,VOC,
100110,KENSINGTON PARK,"2,3-Dimethylpentane",1995-09-30T00:00,0.643,µg/m³,VOC,
100110,KENSINGTON PARK,"2,3-Dimethylpentane",1995-11-05T00:00,2.795,µg/m³,VOC,
100110,KENSINGTON PARK,"2,3-Dimethylpentane",1995-12-11T00:00,0.870,µg/m³,VOC,
