﻿NAPS_Site_ID,Station_Name,Pollutant,Date,Value,Units,Report_Type,Method
64401,EGBERT,123478-H6CDF,2008-01-19T00:00,0.007,pg/m³,PCDD,GC-MS
64401,EGBERT,123478-H6CDF,2008-04-24T00:00,0.004,pg/m³,PCDD,GC-MS
64401,EGBERT,123478-H6CDF,2008-05-18T00:00,0.004,pg/m³,PCDD,GC-MS
64401,EGBERT,123478-H6CDF,2008-06-11T00:00,0.003,pg/m³,PCDD,GC-MS
64401,EGBERT,123478-H6CDF,2008-07-05T00:00,0.005,pg/m³,PCDD,GC-MS
64401,EGBERT,123478-H6CDF,2008-07-29T00:00,0.005,pg/m³,PCDD,GC-MS
64401,EGBERT,123478-H6CDF,2008-08-22T00:00,0.012,pg/m³,PCDD,GC-MS
64401,EGBERT,123478-H6CDF,2008-09-15T00:00,0.003,pg/m³,PCDD,GC-MS
64401,EGBERT,123478-H6CDF,2008-11-02T00:00,0.014,pg/m³,PCDD,GC-MS
64401,EGBERT,123478-H6CDF,2008-11-26T00:00,0.005,pg/m³,PCDD,GC-MS
64401,EGBERT,123478-H6CDF,2008-12-20T00:00,0.003,pg/m³,PCDD,GC-MS
