﻿NAPS_Site_ID,Station_Name,Pollutant,Date,Value,Units,Report_Type,Method
40203,FOREST HILLS,1-Heptene,1993-01-01T00:00,0.000,µg/m³,VOC,GC-MS
40203,FOREST HILLS,1-Heptene,1993-01-13T00:00,0.000,µg/m³,VOC,GC-MS
40203,FOREST HILLS,1-Heptene,1993-01-19T00:00,0.000,µg/m³,VOC,GC-MS
40203,FOREST HILLS,1-Heptene,1993-01-25T00:00,0.000,µg/m³,VOC,GC-MS
40203,FOREST HILLS,1-Heptene,1993-01-31T00:00,0.000,µg/m³,VOC,GC-MS
40203,FOREST HILLS,1-Heptene,1993-02-06T00:00,0.000,µg/m³,VOC,GC-MS
40203,FOREST HILLS,1-Heptene,1993-02-12T00:00,0.232,µg/m³,VOC,GC-MS
40203,FOREST HILLS,1-Heptene,1993-02-18T00:00,0.082,µg/m³,VOC,GC-MS
40203,FOREST HILLS,1-Heptene,1993-02-24T00:00,0.160,µg/m³,VOC,GC-MS
40203,FOREST HILLS,1-Heptene,1993-03-08T00:00,0.000,µg/m³,VOC,GC-MS
40203,FOREST HILLS,1-Heptene,1993-03-14T00:00,0.132,µg/m³,VOC,GC-MS
40203,FOREST HILLS,1-Heptene,1993-03-20T00:00,0.370,µg/m³,VOC,GC-MS
40203,FOREST HILLS,1-Heptene,1993-03-26T00:00,1.552,µg/m³,VOC,GC-MS
40203,FOREST HILLS,1-Heptene,1993-04-01T00:00,0.000,µg/m³,VOC,GC-MS
40203,FOREST HILLS,1-Heptene,1993-04-07T00:00,1.425,µg/m³,VOC,GC-MS
40203,FOREST HILLS,1-Heptene,1993-04-13T00:00,0.000,µg/m³,VOC,GC-MS
40203,FOREST HILLS,1-Heptene,1993-04-19T00:00,0.242,µg/m³,VOC,GC-MS
40203,FOREST HILLS,1-Heptene,1993-05-01T00:00,0.310,µg/m³,VOC,GC-MS
40203,FOREST HILLS,1-Heptene,1993-05-07T00:00,0.443,µg/m³,VOC,GC-MS
40203,FOREST HILLS,1-Heptene,1993-05-13T00:00,0.212,µg/m³,VOC,GC-MS
40203,FOREST HILLS,1-Heptene,1993-05-19T00:00,0.349,µg/m³,VOC,GC-MS
40203,FOREST HILLS,1-Heptene,1993-05-25T00:00,0.771,µg/m³,VOC,GC-MS
40203,FOREST HILLS,1-Heptene,1993-05-31T00:00,0.139,µg/m³,VOC,GC-MS
40203,FOREST HILLS,1-Heptene,1993-06-06T00:00,0.000,µg/m³,VOC,GC-MS
40203,FOREST HILLS,1-Heptene,1993-06-12T00:00,0.000,µg/m³,VOC,GC-MS
40203,FOREST HILLS,1-Heptene,1993-06-18T00:00,2.108,µg/m³,VOC,GC-MS
40203,FOREST HILLS,1-Heptene,1993-06-24T00:00,0.000,µg/m³,VOC,GC-MS
40203,FOREST HILLS,1-Heptene,1993-06-30T00:00,0.000,µg/m³,VOC,GC-MS
40203,FOREST HILLS,1-Heptene,1993-07-12T00:00,0.544,µg/m³,VOC,GC-MS
40203,FOREST HILLS,1-Heptene,1993-07-18T00:00,0.337,µg/m³,VOC,GC-MS
40203,FOREST HILLS,1-Heptene,1993-07-24T00:00,0.570,µg/m³,VOC,GC-MS
40203,FOREST HILLS,1-Heptene,1993-08-05T00:00,1.159,µg/m³,VOC,GC-MS
40203,FOREST HILLS,1-Heptene,1993-08-11T00:00,0.659,µg/m³,VOC,GC-MS
40203,FOREST HILLS,1-Heptene,1993-08-17T00:00,1.680,µg/m³,VOC,GC-MS
40203,FOREST HILLS,1-Heptene,1993-08-23T00:00,4.026,µg/m³,VOC,GC-MS
40203,FOREST HILLS,1-Heptene,1993-08-29T00:00,0.000,µg/m³,VOC,GC-MS
40203,FOREST HILLS,1-Heptene,1993-09-10T00:00,1.645,µg/m³,VOC,GC-MS
40203,FOREST HILLS,1-Heptene,1993-09-16T00:00,0.230,µg/m³,VOC,GC-MS
40203,FOREST HILLS,1-Heptene,1993-09-22T00:00,0.000,µg/m³,VOC,GC-MS
40203,FOREST HILLS,1-Heptene,1993-09-28T00:00,0.000,µg/m³,VOC,GC-MS
40203,FOREST HILLS,1-Heptene,1993-10-04T00:00,0.414,µg/m³,VOC,GC-MS
40203,FOREST HILLS,1-Heptene,1993-10-10T00:00,0.246,µg/m³,VOC,GC-MS
40203,FOREST HILLS,1-Heptene,1993-11-15T00:00,0.000,µg/m³,VOC,GC-MS
40203,FOREST HILLS,1-Heptene,1993-11-21T00:00,0.175,µg/m³,VOC,GC-MS
40203,FOREST HILLS,1-Heptene,1993-11-27T00:00,0.916,µg/m³,VOC,GC-MS
40203,FOREST HILLS,1-Heptene,1993-12-03T00:00,0.213,µg/m³,VOC,GC-MS
40203,FOREST HILLS,1-Heptene,1993-12-09T00:00,0.254,µg/m³,VOC,GC-MS
40203,FOREST HILLS,1-Heptene,1993-12-15T00:00,0.000,µg/m³,VOC,GC-MS
40203,FOREST HILLS,1-Heptene,1993-12-21T00:00,0.313,µg/m³,VOC,GC-MS
40203,FOREST HILLS,1-Heptene,1993-12-27T00:00,0.214,µg/m³,VOC,GC-MS
