﻿NAPS_Site_ID,Station_Name,Pollutant,Date,Value,Units,Report_Type,Method
40203,FOREST HILLS,123678-H6CDF,2010-02-24T19:00,0.000,pg/m³,PCDD,N/A
40203,FOREST HILLS,123678-H6CDF,2010-03-20T20:00,0.000,pg/m³,PCDD,N/A
40203,FOREST HILLS,123678-H6CDF,2010-04-13T20:00,0.000,pg/m³,PCDD,N/A
40203,FOREST HILLS,123678-H6CDF,2010-05-07T20:00,0.002,pg/m³,PCDD,N/A
40203,FOREST HILLS,123678-H6CDF,2010-08-11T20:00,0.000,pg/m³,PCDD,N/A
40203,FOREST HILLS,123678-H6CDF,2010-09-04T20:00,0.000,pg/m³,PCDD,N/A
40203,FOREST HILLS,123678-H6CDF,2010-11-15T19:00,0.002,pg/m³,PCDD,N/A
