﻿NAPS_Site_ID,Station_Name,Pollutant,Date,Value,Units,Report_Type,Method
50902,SAGUENAY-PARC POWELL,"Indeno(1,2,3-cd)Fluoranthene",2004-01-28T00:00,0.000,µg/m³,PAH,GC-MS
50902,SAGUENAY-PARC POWELL,"Indeno(1,2,3-cd)Fluoranthene",2004-02-21T00:00,0.001,µg/m³,PAH,GC-MS
50902,SAGUENAY-PARC POWELL,"Indeno(1,2,3-cd)Fluoranthene",2004-03-04T00:00,0.000,µg/m³,PAH,GC-MS
50902,SAGUENAY-PARC POWELL,"Indeno(1,2,3-cd)Fluoranthene",2004-03-16T00:00,0.000,µg/m³,PAH,GC-MS
50902,SAGUENAY-PARC POWELL,"Indeno(1,2,3-cd)Fluoranthene",2004-03-28T00:00,0.000,µg/m³,PAH,GC-MS
50902,SAGUENAY-PARC POWELL,"Indeno(1,2,3-cd)Fluoranthene",2004-04-09T00:00,0.000,µg/m³,PAH,GC-MS
50902,SAGUENAY-PARC POWELL,"Indeno(1,2,3-cd)Fluoranthene",2004-04-21T00:00,0.000,µg/m³,PAH,GC-MS
50902,SAGUENAY-PARC POWELL,"Indeno(1,2,3-cd)Fluoranthene",2004-05-03T00:00,0.000,µg/m³,PAH,GC-MS
50902,SAGUENAY-PARC POWELL,"Indeno(1,2,3-cd)Fluoranthene",2004-05-15T00:00,0.000,µg/m³,PAH,GC-MS
50902,SAGUENAY-PARC POWELL,"Indeno(1,2,3-cd)Fluoranthene",2004-05-27T00:00,0.000,µg/m³,PAH,GC-MS
50902,SAGUENAY-PARC POWELL,"Indeno(1,2,3-cd)Fluoranthene",2004-06-08T00:00,0.000,µg/m³,PAH,GC-MS
50902,SAGUENAY-PARC POWELL,"Indeno(1,2,3-cd)Fluoranthene",2004-06-20T00:00,0.000,µg/m³,PAH,GC-MS
50902,SAGUENAY-PARC POWELL,"Indeno(1,2,3-cd)Fluoranthene",2004-07-14T00:00,0.000,µg/m³,PAH,GC-MS
50902,SAGUENAY-PARC POWELL,"Indeno(1,2,3-cd)Fluoranthene",2004-07-26T00:00,0.000,µg/m³,PAH,GC-MS
50902,SAGUENAY-PARC POWELL,"Indeno(1,2,3-cd)Fluoranthene",2004-08-07T00:00,0.000,µg/m³,PAH,GC-MS
50902,SAGUENAY-PARC POWELL,"Indeno(1,2,3-cd)Fluoranthene",2004-08-19T00:00,0.000,µg/m³,PAH,GC-MS
50902,SAGUENAY-PARC POWELL,"Indeno(1,2,3-cd)Fluoranthene",2004-08-31T00:00,0.000,µg/m³,PAH,GC-MS
50902,SAGUENAY-PARC POWELL,"Indeno(1,2,3-cd)Fluoranthene",2004-09-12T00:00,0.000,µg/m³,PAH,GC-MS
50902,SAGUENAY-PARC POWELL,"Indeno(1,2,3-cd)Fluoranthene",2004-09-24T00:00,0.000,µg/m³,PAH,GC-MS
50902,SAGUENAY-PARC POWELL,"Indeno(1,2,3-cd)Fluoranthene",2004-10-06T00:00,0.000,µg/m³,PAH,GC-MS
50902,SAGUENAY-PARC POWELL,"Indeno(1,2,3-cd)Fluoranthene",2004-10-18T00:00,0.000,µg/m³,PAH,GC-MS
50902,SAGUENAY-PARC POWELL,"Indeno(1,2,3-cd)Fluoranthene",2004-11-11T00:00,0.000,µg/m³,PAH,GC-MS
50902,SAGUENAY-PARC POWELL,"Indeno(1,2,3-cd)Fluoranthene",2004-11-23T00:00,0.000,µg/m³,PAH,GC-MS
50902,SAGUENAY-PARC POWELL,"Indeno(1,2,3-cd)Fluoranthene",2004-12-05T00:00,0.000,µg/m³,PAH,GC-MS
50902,SAGUENAY-PARC POWELL,"Indeno(1,2,3-cd)Fluoranthene",2004-12-17T00:00,0.000,µg/m³,PAH,GC-MS
50902,SAGUENAY-PARC POWELL,"Indeno(1,2,3-cd)Fluoranthene",2004-12-29T00:00,0.000,µg/m³,PAH,GC-MS
