﻿NAPS_Site_ID,Station_Name,Pollutant,Date,Value,Units,Report_Type,Method
101101,CHILLIWACK AIRPORT,"2,2,3-Trimethylbutane",2003-01-21T00:00,0.002,µg/m³,VOC,
101101,CHILLIWACK AIRPORT,"2,2,3-Trimethylbutane",2003-02-14T00:00,0.007,µg/m³,VOC,
101101,CHILLIWACK AIRPORT,"2,2,3-Trimethylbutane",2003-03-04T00:00,0.004,µg/m³,VOC,
101101,CHILLIWACK AIRPORT,"2,2,3-Trimethylbutane",2003-03-28T00:00,0.003,µg/m³,VOC,
101101,CHILLIWACK AIRPORT,"2,2,3-Trimethylbutane",2003-04-15T00:00,0.006,µg/m³,VOC,
101101,CHILLIWACK AIRPORT,"2,2,3-Trimethylbutane",2003-05-03T00:00,0.007,µg/m³,VOC,
101101,CHILLIWACK AIRPORT,"2,2,3-Trimethylbutane",2003-05-21T00:00,0.004,µg/m³,VOC,
101101,CHILLIWACK AIRPORT,"2,2,3-Trimethylbutane",2003-06-14T00:00,0.003,µg/m³,VOC,
101101,CHILLIWACK AIRPORT,"2,2,3-Trimethylbutane",2003-07-08T00:00,0.004,µg/m³,VOC,
101101,CHILLIWACK AIRPORT,"2,2,3-Trimethylbutane",2003-08-01T00:00,0.019,µg/m³,VOC,
101101,CHILLIWACK AIRPORT,"2,2,3-Trimethylbutane",2003-08-31T00:00,0.006,µg/m³,VOC,
101101,CHILLIWACK AIRPORT,"2,2,3-Trimethylbutane",2003-09-24T00:00,0.007,µg/m³,VOC,
101101,CHILLIWACK AIRPORT,"2,2,3-Trimethylbutane",2003-10-18T00:00,0.004,µg/m³,VOC,
101101,CHILLIWACK AIRPORT,"2,2,3-Trimethylbutane",2003-11-05T00:00,0.005,µg/m³,VOC,
101101,CHILLIWACK AIRPORT,"2,2,3-Trimethylbutane",2003-11-23T00:00,0.000,µg/m³,VOC,
