﻿NAPS_Site_ID,Station_Name,Pollutant,Date,Value,Units,Report_Type,Method
62601,EXPERIMENTAL FARM _SIMCOE_,Decane,1995-01-03T00:00,0.037,µg/m³,VOC,GC-MS
62601,EXPERIMENTAL FARM _SIMCOE_,Decane,1995-01-03T00:00,0.053,µg/m³,VOC,GC-MS
62601,EXPERIMENTAL FARM _SIMCOE_,Decane,1995-01-09T00:00,0.054,µg/m³,VOC,GC-MS
62601,EXPERIMENTAL FARM _SIMCOE_,Decane,1995-01-09T00:00,0.063,µg/m³,VOC,GC-MS
62601,EXPERIMENTAL FARM _SIMCOE_,Decane,1995-01-15T00:00,0.048,µg/m³,VOC,GC-MS
62601,EXPERIMENTAL FARM _SIMCOE_,Decane,1995-01-15T00:00,0.065,µg/m³,VOC,GC-MS
62601,EXPERIMENTAL FARM _SIMCOE_,Decane,1995-01-21T00:00,0.045,µg/m³,VOC,GC-MS
62601,EXPERIMENTAL FARM _SIMCOE_,Decane,1995-01-21T00:00,0.047,µg/m³,VOC,GC-MS
62601,EXPERIMENTAL FARM _SIMCOE_,Decane,1995-01-27T00:00,0.083,µg/m³,VOC,GC-MS
62601,EXPERIMENTAL FARM _SIMCOE_,Decane,1995-01-27T00:00,0.139,µg/m³,VOC,GC-MS
62601,EXPERIMENTAL FARM _SIMCOE_,Decane,1995-02-02T00:00,0.029,µg/m³,VOC,GC-MS
62601,EXPERIMENTAL FARM _SIMCOE_,Decane,1995-02-02T00:00,0.054,µg/m³,VOC,GC-MS
62601,EXPERIMENTAL FARM _SIMCOE_,Decane,1995-02-08T00:00,0.045,µg/m³,VOC,GC-MS
62601,EXPERIMENTAL FARM _SIMCOE_,Decane,1995-02-08T00:00,0.059,µg/m³,VOC,GC-MS
62601,EXPERIMENTAL FARM _SIMCOE_,Decane,1995-02-14T00:00,0.033,µg/m³,VOC,GC-MS
62601,EXPERIMENTAL FARM _SIMCOE_,Decane,1995-02-14T00:00,0.048,µg/m³,VOC,GC-MS
62601,EXPERIMENTAL FARM _SIMCOE_,Decane,1995-02-20T00:00,0.092,µg/m³,VOC,GC-MS
62601,EXPERIMENTAL FARM _SIMCOE_,Decane,1995-02-20T00:00,0.152,µg/m³,VOC,GC-MS
62601,EXPERIMENTAL FARM _SIMCOE_,Decane,1995-02-26T00:00,0.014,µg/m³,VOC,GC-MS
62601,EXPERIMENTAL FARM _SIMCOE_,Decane,1995-02-26T00:00,0.017,µg/m³,VOC,GC-MS
62601,EXPERIMENTAL FARM _SIMCOE_,Decane,1995-03-04T00:00,0.074,µg/m³,VOC,GC-MS
62601,EXPERIMENTAL FARM _SIMCOE_,Decane,1995-03-04T00:00,0.084,µg/m³,VOC,GC-MS
62601,EXPERIMENTAL FARM _SIMCOE_,Decane,1995-03-10T00:00,0.023,µg/m³,VOC,GC-MS
62601,EXPERIMENTAL FARM _SIMCOE_,Decane,1995-03-10T00:00,0.039,µg/m³,VOC,GC-MS
62601,EXPERIMENTAL FARM _SIMCOE_,Decane,1995-03-22T00:00,0.010,µg/m³,VOC,GC-MS
62601,EXPERIMENTAL FARM _SIMCOE_,Decane,1995-03-22T00:00,0.011,µg/m³,VOC,GC-MS
62601,EXPERIMENTAL FARM _SIMCOE_,Decane,1995-03-28T00:00,0.014,µg/m³,VOC,GC-MS
62601,EXPERIMENTAL FARM _SIMCOE_,Decane,1995-03-28T00:00,0.153,µg/m³,VOC,GC-MS
62601,EXPERIMENTAL FARM _SIMCOE_,Decane,1995-04-03T00:00,0.035,µg/m³,VOC,GC-MS
62601,EXPERIMENTAL FARM _SIMCOE_,Decane,1995-04-03T00:00,0.048,µg/m³,VOC,GC-MS
62601,EXPERIMENTAL FARM _SIMCOE_,Decane,1995-04-09T00:00,0.014,µg/m³,VOC,GC-MS
62601,EXPERIMENTAL FARM _SIMCOE_,Decane,1995-04-09T00:00,0.014,µg/m³,VOC,GC-MS
62601,EXPERIMENTAL FARM _SIMCOE_,Decane,1995-04-15T00:00,0.000,µg/m³,VOC,GC-MS
62601,EXPERIMENTAL FARM _SIMCOE_,Decane,1995-04-15T00:00,0.013,µg/m³,VOC,GC-MS
62601,EXPERIMENTAL FARM _SIMCOE_,Decane,1995-04-21T00:00,0.054,µg/m³,VOC,GC-MS
62601,EXPERIMENTAL FARM _SIMCOE_,Decane,1995-04-21T00:00,0.066,µg/m³,VOC,GC-MS
62601,EXPERIMENTAL FARM _SIMCOE_,Decane,1995-04-27T00:00,0.032,µg/m³,VOC,GC-MS
62601,EXPERIMENTAL FARM _SIMCOE_,Decane,1995-04-27T00:00,0.044,µg/m³,VOC,GC-MS
62601,EXPERIMENTAL FARM _SIMCOE_,Decane,1995-05-03T00:00,0.028,µg/m³,VOC,GC-MS
62601,EXPERIMENTAL FARM _SIMCOE_,Decane,1995-05-03T00:00,0.197,µg/m³,VOC,GC-MS
62601,EXPERIMENTAL FARM _SIMCOE_,Decane,1995-05-09T00:00,0.042,µg/m³,VOC,GC-MS
62601,EXPERIMENTAL FARM _SIMCOE_,Decane,1995-05-09T00:00,0.062,µg/m³,VOC,GC-MS
62601,EXPERIMENTAL FARM _SIMCOE_,Decane,1995-05-15T00:00,0.026,µg/m³,VOC,GC-MS
62601,EXPERIMENTAL FARM _SIMCOE_,Decane,1995-05-15T00:00,0.057,µg/m³,VOC,GC-MS
62601,EXPERIMENTAL FARM _SIMCOE_,Decane,1995-05-21T00:00,0.024,µg/m³,VOC,GC-MS
62601,EXPERIMENTAL FARM _SIMCOE_,Decane,1995-05-21T00:00,0.030,µg/m³,VOC,GC-MS
62601,EXPERIMENTAL FARM _SIMCOE_,Decane,1995-05-27T00:00,0.024,µg/m³,VOC,GC-MS
62601,EXPERIMENTAL FARM _SIMCOE_,Decane,1995-05-27T00:00,0.048,µg/m³,VOC,GC-MS
62601,EXPERIMENTAL FARM _SIMCOE_,Decane,1995-06-02T00:00,0.041,µg/m³,VOC,GC-MS
62601,EXPERIMENTAL FARM _SIMCOE_,Decane,1995-06-02T00:00,0.070,µg/m³,VOC,GC-MS
62601,EXPERIMENTAL FARM _SIMCOE_,Decane,1995-06-08T00:00,0.092,µg/m³,VOC,GC-MS
62601,EXPERIMENTAL FARM _SIMCOE_,Decane,1995-06-08T00:00,0.146,µg/m³,VOC,GC-MS
62601,EXPERIMENTAL FARM _SIMCOE_,Decane,1995-06-13T00:00,0.129,µg/m³,VOC,GC-MS
62601,EXPERIMENTAL FARM _SIMCOE_,Decane,1995-06-14T00:00,0.000,µg/m³,VOC,GC-MS
62601,EXPERIMENTAL FARM _SIMCOE_,Decane,1995-06-14T00:00,0.000,µg/m³,VOC,GC-MS
62601,EXPERIMENTAL FARM _SIMCOE_,Decane,1995-06-14T00:00,0.000,µg/m³,VOC,GC-MS
62601,EXPERIMENTAL FARM _SIMCOE_,Decane,1995-06-14T00:00,0.049,µg/m³,VOC,GC-MS
62601,EXPERIMENTAL FARM _SIMCOE_,Decane,1995-06-14T00:00,0.093,µg/m³,VOC,GC-MS
62601,EXPERIMENTAL FARM _SIMCOE_,Decane,1995-06-15T00:00,0.000,µg/m³,VOC,GC-MS
62601,EXPERIMENTAL FARM _SIMCOE_,Decane,1995-06-15T00:00,0.000,µg/m³,VOC,GC-MS
62601,EXPERIMENTAL FARM _SIMCOE_,Decane,1995-06-15T00:00,0.052,µg/m³,VOC,GC-MS
62601,EXPERIMENTAL FARM _SIMCOE_,Decane,1995-06-15T00:00,0.063,µg/m³,VOC,GC-MS
62601,EXPERIMENTAL FARM _SIMCOE_,Decane,1995-06-17T00:00,0.105,µg/m³,VOC,GC-MS
62601,EXPERIMENTAL FARM _SIMCOE_,Decane,1995-06-18T00:00,0.000,µg/m³,VOC,GC-MS
62601,EXPERIMENTAL FARM _SIMCOE_,Decane,1995-06-18T00:00,0.000,µg/m³,VOC,GC-MS
62601,EXPERIMENTAL FARM _SIMCOE_,Decane,1995-06-18T00:00,0.042,µg/m³,VOC,GC-MS
62601,EXPERIMENTAL FARM _SIMCOE_,Decane,1995-06-18T00:00,0.102,µg/m³,VOC,GC-MS
62601,EXPERIMENTAL FARM _SIMCOE_,Decane,1995-06-18T00:00,0.146,µg/m³,VOC,GC-MS
62601,EXPERIMENTAL FARM _SIMCOE_,Decane,1995-06-19T00:00,0.000,µg/m³,VOC,GC-MS
62601,EXPERIMENTAL FARM _SIMCOE_,Decane,1995-06-19T00:00,0.000,µg/m³,VOC,GC-MS
62601,EXPERIMENTAL FARM _SIMCOE_,Decane,1995-06-19T00:00,0.000,µg/m³,VOC,GC-MS
62601,EXPERIMENTAL FARM _SIMCOE_,Decane,1995-06-19T00:00,0.038,µg/m³,VOC,GC-MS
62601,EXPERIMENTAL FARM _SIMCOE_,Decane,1995-06-21T00:00,0.000,µg/m³,VOC,GC-MS
62601,EXPERIMENTAL FARM _SIMCOE_,Decane,1995-06-22T00:00,0.000,µg/m³,VOC,GC-MS
62601,EXPERIMENTAL FARM _SIMCOE_,Decane,1995-06-22T00:00,0.043,µg/m³,VOC,GC-MS
62601,EXPERIMENTAL FARM _SIMCOE_,Decane,1995-06-22T00:00,0.060,µg/m³,VOC,GC-MS
62601,EXPERIMENTAL FARM _SIMCOE_,Decane,1995-06-22T00:00,0.082,µg/m³,VOC,GC-MS
62601,EXPERIMENTAL FARM _SIMCOE_,Decane,1995-06-22T00:00,0.513,µg/m³,VOC,GC-MS
62601,EXPERIMENTAL FARM _SIMCOE_,Decane,1995-06-23T00:00,0.000,µg/m³,VOC,GC-MS
62601,EXPERIMENTAL FARM _SIMCOE_,Decane,1995-06-23T00:00,0.000,µg/m³,VOC,GC-MS
62601,EXPERIMENTAL FARM _SIMCOE_,Decane,1995-06-23T00:00,0.052,µg/m³,VOC,GC-MS
62601,EXPERIMENTAL FARM _SIMCOE_,Decane,1995-06-25T00:00,0.044,µg/m³,VOC,GC-MS
62601,EXPERIMENTAL FARM _SIMCOE_,Decane,1995-06-26T00:00,0.000,µg/m³,VOC,GC-MS
62601,EXPERIMENTAL FARM _SIMCOE_,Decane,1995-06-26T00:00,0.000,µg/m³,VOC,GC-MS
62601,EXPERIMENTAL FARM _SIMCOE_,Decane,1995-06-26T00:00,0.000,µg/m³,VOC,GC-MS
62601,EXPERIMENTAL FARM _SIMCOE_,Decane,1995-06-26T00:00,0.000,µg/m³,VOC,GC-MS
62601,EXPERIMENTAL FARM _SIMCOE_,Decane,1995-06-26T00:00,0.000,µg/m³,VOC,GC-MS
62601,EXPERIMENTAL FARM _SIMCOE_,Decane,1995-06-27T00:00,0.000,µg/m³,VOC,GC-MS
62601,EXPERIMENTAL FARM _SIMCOE_,Decane,1995-06-27T00:00,0.000,µg/m³,VOC,GC-MS
62601,EXPERIMENTAL FARM _SIMCOE_,Decane,1995-06-27T00:00,0.000,µg/m³,VOC,GC-MS
62601,EXPERIMENTAL FARM _SIMCOE_,Decane,1995-06-27T00:00,0.000,µg/m³,VOC,GC-MS
62601,EXPERIMENTAL FARM _SIMCOE_,Decane,1995-06-29T00:00,0.064,µg/m³,VOC,GC-MS
62601,EXPERIMENTAL FARM _SIMCOE_,Decane,1995-06-30T00:00,0.000,µg/m³,VOC,GC-MS
62601,EXPERIMENTAL FARM _SIMCOE_,Decane,1995-06-30T00:00,0.000,µg/m³,VOC,GC-MS
62601,EXPERIMENTAL FARM _SIMCOE_,Decane,1995-06-30T00:00,0.000,µg/m³,VOC,GC-MS
62601,EXPERIMENTAL FARM _SIMCOE_,Decane,1995-06-30T00:00,0.042,µg/m³,VOC,GC-MS
62601,EXPERIMENTAL FARM _SIMCOE_,Decane,1995-06-30T00:00,0.056,µg/m³,VOC,GC-MS
62601,EXPERIMENTAL FARM _SIMCOE_,Decane,1995-07-01T00:00,0.000,µg/m³,VOC,GC-MS
62601,EXPERIMENTAL FARM _SIMCOE_,Decane,1995-07-01T00:00,0.000,µg/m³,VOC,GC-MS
62601,EXPERIMENTAL FARM _SIMCOE_,Decane,1995-07-01T00:00,0.000,µg/m³,VOC,GC-MS
62601,EXPERIMENTAL FARM _SIMCOE_,Decane,1995-07-01T00:00,0.000,µg/m³,VOC,GC-MS
62601,EXPERIMENTAL FARM _SIMCOE_,Decane,1995-07-03T00:00,0.000,µg/m³,VOC,GC-MS
62601,EXPERIMENTAL FARM _SIMCOE_,Decane,1995-07-04T00:00,0.000,µg/m³,VOC,GC-MS
62601,EXPERIMENTAL FARM _SIMCOE_,Decane,1995-07-04T00:00,0.046,µg/m³,VOC,GC-MS
62601,EXPERIMENTAL FARM _SIMCOE_,Decane,1995-07-04T00:00,0.099,µg/m³,VOC,GC-MS
62601,EXPERIMENTAL FARM _SIMCOE_,Decane,1995-07-07T00:00,0.045,µg/m³,VOC,GC-MS
62601,EXPERIMENTAL FARM _SIMCOE_,Decane,1995-07-08T00:00,0.000,µg/m³,VOC,GC-MS
62601,EXPERIMENTAL FARM _SIMCOE_,Decane,1995-07-08T00:00,0.000,µg/m³,VOC,GC-MS
62601,EXPERIMENTAL FARM _SIMCOE_,Decane,1995-07-08T00:00,0.000,µg/m³,VOC,GC-MS
62601,EXPERIMENTAL FARM _SIMCOE_,Decane,1995-07-08T00:00,0.000,µg/m³,VOC,GC-MS
62601,EXPERIMENTAL FARM _SIMCOE_,Decane,1995-07-09T00:00,0.000,µg/m³,VOC,GC-MS
62601,EXPERIMENTAL FARM _SIMCOE_,Decane,1995-07-09T00:00,0.000,µg/m³,VOC,GC-MS
62601,EXPERIMENTAL FARM _SIMCOE_,Decane,1995-07-09T00:00,0.000,µg/m³,VOC,GC-MS
62601,EXPERIMENTAL FARM _SIMCOE_,Decane,1995-07-09T00:00,0.035,µg/m³,VOC,GC-MS
62601,EXPERIMENTAL FARM _SIMCOE_,Decane,1995-07-11T00:00,0.159,µg/m³,VOC,GC-MS
62601,EXPERIMENTAL FARM _SIMCOE_,Decane,1995-07-12T00:00,0.000,µg/m³,VOC,GC-MS
62601,EXPERIMENTAL FARM _SIMCOE_,Decane,1995-07-12T00:00,0.000,µg/m³,VOC,GC-MS
62601,EXPERIMENTAL FARM _SIMCOE_,Decane,1995-07-12T00:00,0.000,µg/m³,VOC,GC-MS
62601,EXPERIMENTAL FARM _SIMCOE_,Decane,1995-07-12T00:00,0.000,µg/m³,VOC,GC-MS
62601,EXPERIMENTAL FARM _SIMCOE_,Decane,1995-07-12T00:00,0.068,µg/m³,VOC,GC-MS
62601,EXPERIMENTAL FARM _SIMCOE_,Decane,1995-07-13T00:00,0.000,µg/m³,VOC,GC-MS
62601,EXPERIMENTAL FARM _SIMCOE_,Decane,1995-07-13T00:00,0.028,µg/m³,VOC,GC-MS
62601,EXPERIMENTAL FARM _SIMCOE_,Decane,1995-07-13T00:00,0.070,µg/m³,VOC,GC-MS
62601,EXPERIMENTAL FARM _SIMCOE_,Decane,1995-07-15T00:00,0.073,µg/m³,VOC,GC-MS
62601,EXPERIMENTAL FARM _SIMCOE_,Decane,1995-07-16T00:00,0.000,µg/m³,VOC,GC-MS
62601,EXPERIMENTAL FARM _SIMCOE_,Decane,1995-07-16T00:00,0.000,µg/m³,VOC,GC-MS
62601,EXPERIMENTAL FARM _SIMCOE_,Decane,1995-07-16T00:00,0.000,µg/m³,VOC,GC-MS
62601,EXPERIMENTAL FARM _SIMCOE_,Decane,1995-07-16T00:00,0.000,µg/m³,VOC,GC-MS
62601,EXPERIMENTAL FARM _SIMCOE_,Decane,1995-07-16T00:00,0.000,µg/m³,VOC,GC-MS
62601,EXPERIMENTAL FARM _SIMCOE_,Decane,1995-07-17T00:00,0.000,µg/m³,VOC,GC-MS
62601,EXPERIMENTAL FARM _SIMCOE_,Decane,1995-07-17T00:00,0.000,µg/m³,VOC,GC-MS
62601,EXPERIMENTAL FARM _SIMCOE_,Decane,1995-07-17T00:00,0.000,µg/m³,VOC,GC-MS
62601,EXPERIMENTAL FARM _SIMCOE_,Decane,1995-07-17T00:00,0.102,µg/m³,VOC,GC-MS
62601,EXPERIMENTAL FARM _SIMCOE_,Decane,1995-07-19T00:00,0.091,µg/m³,VOC,GC-MS
62601,EXPERIMENTAL FARM _SIMCOE_,Decane,1995-07-20T00:00,0.043,µg/m³,VOC,GC-MS
62601,EXPERIMENTAL FARM _SIMCOE_,Decane,1995-07-20T00:00,0.053,µg/m³,VOC,GC-MS
62601,EXPERIMENTAL FARM _SIMCOE_,Decane,1995-07-20T00:00,0.054,µg/m³,VOC,GC-MS
62601,EXPERIMENTAL FARM _SIMCOE_,Decane,1995-07-20T00:00,0.070,µg/m³,VOC,GC-MS
62601,EXPERIMENTAL FARM _SIMCOE_,Decane,1995-07-20T00:00,0.083,µg/m³,VOC,GC-MS
62601,EXPERIMENTAL FARM _SIMCOE_,Decane,1995-07-21T00:00,0.013,µg/m³,VOC,GC-MS
62601,EXPERIMENTAL FARM _SIMCOE_,Decane,1995-07-21T00:00,0.023,µg/m³,VOC,GC-MS
62601,EXPERIMENTAL FARM _SIMCOE_,Decane,1995-07-21T00:00,0.024,µg/m³,VOC,GC-MS
62601,EXPERIMENTAL FARM _SIMCOE_,Decane,1995-07-21T00:00,0.047,µg/m³,VOC,GC-MS
62601,EXPERIMENTAL FARM _SIMCOE_,Decane,1995-07-23T00:00,0.000,µg/m³,VOC,GC-MS
62601,EXPERIMENTAL FARM _SIMCOE_,Decane,1995-07-24T00:00,0.000,µg/m³,VOC,GC-MS
62601,EXPERIMENTAL FARM _SIMCOE_,Decane,1995-07-24T00:00,0.000,µg/m³,VOC,GC-MS
62601,EXPERIMENTAL FARM _SIMCOE_,Decane,1995-07-24T00:00,0.000,µg/m³,VOC,GC-MS
62601,EXPERIMENTAL FARM _SIMCOE_,Decane,1995-07-24T00:00,0.000,µg/m³,VOC,GC-MS
62601,EXPERIMENTAL FARM _SIMCOE_,Decane,1995-07-24T00:00,0.071,µg/m³,VOC,GC-MS
62601,EXPERIMENTAL FARM _SIMCOE_,Decane,1995-07-25T00:00,0.000,µg/m³,VOC,GC-MS
62601,EXPERIMENTAL FARM _SIMCOE_,Decane,1995-07-25T00:00,0.000,µg/m³,VOC,GC-MS
62601,EXPERIMENTAL FARM _SIMCOE_,Decane,1995-07-25T00:00,0.000,µg/m³,VOC,GC-MS
62601,EXPERIMENTAL FARM _SIMCOE_,Decane,1995-07-25T00:00,0.059,µg/m³,VOC,GC-MS
62601,EXPERIMENTAL FARM _SIMCOE_,Decane,1995-07-27T00:00,0.122,µg/m³,VOC,GC-MS
62601,EXPERIMENTAL FARM _SIMCOE_,Decane,1995-07-28T00:00,0.070,µg/m³,VOC,GC-MS
62601,EXPERIMENTAL FARM _SIMCOE_,Decane,1995-07-28T00:00,0.088,µg/m³,VOC,GC-MS
62601,EXPERIMENTAL FARM _SIMCOE_,Decane,1995-07-28T00:00,0.090,µg/m³,VOC,GC-MS
62601,EXPERIMENTAL FARM _SIMCOE_,Decane,1995-07-28T00:00,0.106,µg/m³,VOC,GC-MS
62601,EXPERIMENTAL FARM _SIMCOE_,Decane,1995-07-28T00:00,0.127,µg/m³,VOC,GC-MS
62601,EXPERIMENTAL FARM _SIMCOE_,Decane,1995-07-29T00:00,0.000,µg/m³,VOC,GC-MS
62601,EXPERIMENTAL FARM _SIMCOE_,Decane,1995-07-29T00:00,0.047,µg/m³,VOC,GC-MS
62601,EXPERIMENTAL FARM _SIMCOE_,Decane,1995-07-29T00:00,0.050,µg/m³,VOC,GC-MS
62601,EXPERIMENTAL FARM _SIMCOE_,Decane,1995-07-29T00:00,0.139,µg/m³,VOC,GC-MS
62601,EXPERIMENTAL FARM _SIMCOE_,Decane,1995-07-31T00:00,0.240,µg/m³,VOC,GC-MS
62601,EXPERIMENTAL FARM _SIMCOE_,Decane,1995-08-01T00:00,0.033,µg/m³,VOC,GC-MS
62601,EXPERIMENTAL FARM _SIMCOE_,Decane,1995-08-01T00:00,0.068,µg/m³,VOC,GC-MS
62601,EXPERIMENTAL FARM _SIMCOE_,Decane,1995-08-01T00:00,0.081,µg/m³,VOC,GC-MS
62601,EXPERIMENTAL FARM _SIMCOE_,Decane,1995-08-01T00:00,0.117,µg/m³,VOC,GC-MS
62601,EXPERIMENTAL FARM _SIMCOE_,Decane,1995-08-01T00:00,0.227,µg/m³,VOC,GC-MS
62601,EXPERIMENTAL FARM _SIMCOE_,Decane,1995-08-02T00:00,0.000,µg/m³,VOC,GC-MS
62601,EXPERIMENTAL FARM _SIMCOE_,Decane,1995-08-02T00:00,0.045,µg/m³,VOC,GC-MS
62601,EXPERIMENTAL FARM _SIMCOE_,Decane,1995-08-02T00:00,0.048,µg/m³,VOC,GC-MS
62601,EXPERIMENTAL FARM _SIMCOE_,Decane,1995-08-02T00:00,0.108,µg/m³,VOC,GC-MS
62601,EXPERIMENTAL FARM _SIMCOE_,Decane,1995-08-04T00:00,0.087,µg/m³,VOC,GC-MS
62601,EXPERIMENTAL FARM _SIMCOE_,Decane,1995-08-05T00:00,0.017,µg/m³,VOC,GC-MS
62601,EXPERIMENTAL FARM _SIMCOE_,Decane,1995-08-05T00:00,0.050,µg/m³,VOC,GC-MS
62601,EXPERIMENTAL FARM _SIMCOE_,Decane,1995-08-05T00:00,0.072,µg/m³,VOC,GC-MS
62601,EXPERIMENTAL FARM _SIMCOE_,Decane,1995-08-05T00:00,0.078,µg/m³,VOC,GC-MS
62601,EXPERIMENTAL FARM _SIMCOE_,Decane,1995-08-05T00:00,0.102,µg/m³,VOC,GC-MS
62601,EXPERIMENTAL FARM _SIMCOE_,Decane,1995-08-06T00:00,0.018,µg/m³,VOC,GC-MS
62601,EXPERIMENTAL FARM _SIMCOE_,Decane,1995-08-06T00:00,0.023,µg/m³,VOC,GC-MS
62601,EXPERIMENTAL FARM _SIMCOE_,Decane,1995-08-06T00:00,0.072,µg/m³,VOC,GC-MS
62601,EXPERIMENTAL FARM _SIMCOE_,Decane,1995-08-06T00:00,0.131,µg/m³,VOC,GC-MS
62601,EXPERIMENTAL FARM _SIMCOE_,Decane,1995-08-16T00:00,0.308,µg/m³,VOC,GC-MS
62601,EXPERIMENTAL FARM _SIMCOE_,Decane,1995-08-17T00:00,0.029,µg/m³,VOC,GC-MS
62601,EXPERIMENTAL FARM _SIMCOE_,Decane,1995-08-17T00:00,0.057,µg/m³,VOC,GC-MS
62601,EXPERIMENTAL FARM _SIMCOE_,Decane,1995-08-17T00:00,0.072,µg/m³,VOC,GC-MS
62601,EXPERIMENTAL FARM _SIMCOE_,Decane,1995-08-17T00:00,0.098,µg/m³,VOC,GC-MS
62601,EXPERIMENTAL FARM _SIMCOE_,Decane,1995-08-17T00:00,0.470,µg/m³,VOC,GC-MS
62601,EXPERIMENTAL FARM _SIMCOE_,Decane,1995-08-18T00:00,0.036,µg/m³,VOC,GC-MS
62601,EXPERIMENTAL FARM _SIMCOE_,Decane,1995-08-18T00:00,0.037,µg/m³,VOC,GC-MS
62601,EXPERIMENTAL FARM _SIMCOE_,Decane,1995-08-18T00:00,0.045,µg/m³,VOC,GC-MS
62601,EXPERIMENTAL FARM _SIMCOE_,Decane,1995-08-18T00:00,0.171,µg/m³,VOC,GC-MS
62601,EXPERIMENTAL FARM _SIMCOE_,Decane,1995-08-20T00:00,0.054,µg/m³,VOC,GC-MS
62601,EXPERIMENTAL FARM _SIMCOE_,Decane,1995-08-21T00:00,0.009,µg/m³,VOC,GC-MS
62601,EXPERIMENTAL FARM _SIMCOE_,Decane,1995-08-21T00:00,0.045,µg/m³,VOC,GC-MS
62601,EXPERIMENTAL FARM _SIMCOE_,Decane,1995-08-21T00:00,0.073,µg/m³,VOC,GC-MS
62601,EXPERIMENTAL FARM _SIMCOE_,Decane,1995-08-21T00:00,0.085,µg/m³,VOC,GC-MS
62601,EXPERIMENTAL FARM _SIMCOE_,Decane,1995-08-21T00:00,0.097,µg/m³,VOC,GC-MS
62601,EXPERIMENTAL FARM _SIMCOE_,Decane,1995-08-22T00:00,0.025,µg/m³,VOC,GC-MS
62601,EXPERIMENTAL FARM _SIMCOE_,Decane,1995-08-22T00:00,0.028,µg/m³,VOC,GC-MS
62601,EXPERIMENTAL FARM _SIMCOE_,Decane,1995-08-22T00:00,0.043,µg/m³,VOC,GC-MS
62601,EXPERIMENTAL FARM _SIMCOE_,Decane,1995-08-22T00:00,0.077,µg/m³,VOC,GC-MS
62601,EXPERIMENTAL FARM _SIMCOE_,Decane,1995-08-24T00:00,0.088,µg/m³,VOC,GC-MS
62601,EXPERIMENTAL FARM _SIMCOE_,Decane,1995-08-25T00:00,0.012,µg/m³,VOC,GC-MS
62601,EXPERIMENTAL FARM _SIMCOE_,Decane,1995-08-25T00:00,0.022,µg/m³,VOC,GC-MS
62601,EXPERIMENTAL FARM _SIMCOE_,Decane,1995-08-25T00:00,0.025,µg/m³,VOC,GC-MS
62601,EXPERIMENTAL FARM _SIMCOE_,Decane,1995-08-25T00:00,0.042,µg/m³,VOC,GC-MS
62601,EXPERIMENTAL FARM _SIMCOE_,Decane,1995-08-25T00:00,0.071,µg/m³,VOC,GC-MS
62601,EXPERIMENTAL FARM _SIMCOE_,Decane,1995-08-26T00:00,0.019,µg/m³,VOC,GC-MS
62601,EXPERIMENTAL FARM _SIMCOE_,Decane,1995-08-26T00:00,0.030,µg/m³,VOC,GC-MS
62601,EXPERIMENTAL FARM _SIMCOE_,Decane,1995-08-26T00:00,0.062,µg/m³,VOC,GC-MS
62601,EXPERIMENTAL FARM _SIMCOE_,Decane,1995-08-26T00:00,0.082,µg/m³,VOC,GC-MS
62601,EXPERIMENTAL FARM _SIMCOE_,Decane,1995-09-06T00:00,0.098,µg/m³,VOC,GC-MS
62601,EXPERIMENTAL FARM _SIMCOE_,Decane,1995-09-07T00:00,0.000,µg/m³,VOC,GC-MS
62601,EXPERIMENTAL FARM _SIMCOE_,Decane,1995-09-07T00:00,0.037,µg/m³,VOC,GC-MS
62601,EXPERIMENTAL FARM _SIMCOE_,Decane,1995-09-07T00:00,0.045,µg/m³,VOC,GC-MS
62601,EXPERIMENTAL FARM _SIMCOE_,Decane,1995-09-07T00:00,0.058,µg/m³,VOC,GC-MS
62601,EXPERIMENTAL FARM _SIMCOE_,Decane,1995-09-07T00:00,0.113,µg/m³,VOC,GC-MS
62601,EXPERIMENTAL FARM _SIMCOE_,Decane,1995-09-08T00:00,0.023,µg/m³,VOC,GC-MS
62601,EXPERIMENTAL FARM _SIMCOE_,Decane,1995-09-08T00:00,0.081,µg/m³,VOC,GC-MS
62601,EXPERIMENTAL FARM _SIMCOE_,Decane,1995-09-08T00:00,0.087,µg/m³,VOC,GC-MS
62601,EXPERIMENTAL FARM _SIMCOE_,Decane,1995-09-08T00:00,0.121,µg/m³,VOC,GC-MS
62601,EXPERIMENTAL FARM _SIMCOE_,Decane,1995-09-18T00:00,0.020,µg/m³,VOC,GC-MS
62601,EXPERIMENTAL FARM _SIMCOE_,Decane,1995-09-18T00:00,0.055,µg/m³,VOC,GC-MS
62601,EXPERIMENTAL FARM _SIMCOE_,Decane,1995-09-24T00:00,0.026,µg/m³,VOC,GC-MS
62601,EXPERIMENTAL FARM _SIMCOE_,Decane,1995-09-24T00:00,0.033,µg/m³,VOC,GC-MS
62601,EXPERIMENTAL FARM _SIMCOE_,Decane,1995-09-30T00:00,0.029,µg/m³,VOC,GC-MS
62601,EXPERIMENTAL FARM _SIMCOE_,Decane,1995-09-30T00:00,0.040,µg/m³,VOC,GC-MS
62601,EXPERIMENTAL FARM _SIMCOE_,Decane,1995-10-06T00:00,0.044,µg/m³,VOC,GC-MS
62601,EXPERIMENTAL FARM _SIMCOE_,Decane,1995-10-06T00:00,0.083,µg/m³,VOC,GC-MS
62601,EXPERIMENTAL FARM _SIMCOE_,Decane,1995-10-12T00:00,0.088,µg/m³,VOC,GC-MS
62601,EXPERIMENTAL FARM _SIMCOE_,Decane,1995-10-12T00:00,0.115,µg/m³,VOC,GC-MS
62601,EXPERIMENTAL FARM _SIMCOE_,Decane,1995-10-18T00:00,0.094,µg/m³,VOC,GC-MS
62601,EXPERIMENTAL FARM _SIMCOE_,Decane,1995-10-18T00:00,0.165,µg/m³,VOC,GC-MS
62601,EXPERIMENTAL FARM _SIMCOE_,Decane,1995-10-24T00:00,0.045,µg/m³,VOC,GC-MS
62601,EXPERIMENTAL FARM _SIMCOE_,Decane,1995-10-24T00:00,0.070,µg/m³,VOC,GC-MS
62601,EXPERIMENTAL FARM _SIMCOE_,Decane,1995-10-30T00:00,0.065,µg/m³,VOC,GC-MS
62601,EXPERIMENTAL FARM _SIMCOE_,Decane,1995-10-30T00:00,0.209,µg/m³,VOC,GC-MS
62601,EXPERIMENTAL FARM _SIMCOE_,Decane,1995-11-05T00:00,0.034,µg/m³,VOC,GC-MS
62601,EXPERIMENTAL FARM _SIMCOE_,Decane,1995-11-05T00:00,0.097,µg/m³,VOC,GC-MS
62601,EXPERIMENTAL FARM _SIMCOE_,Decane,1995-11-11T00:00,0.018,µg/m³,VOC,GC-MS
62601,EXPERIMENTAL FARM _SIMCOE_,Decane,1995-11-11T00:00,0.028,µg/m³,VOC,GC-MS
62601,EXPERIMENTAL FARM _SIMCOE_,Decane,1995-11-17T00:00,0.065,µg/m³,VOC,GC-MS
62601,EXPERIMENTAL FARM _SIMCOE_,Decane,1995-11-17T00:00,0.189,µg/m³,VOC,GC-MS
62601,EXPERIMENTAL FARM _SIMCOE_,Decane,1995-11-23T00:00,0.014,µg/m³,VOC,GC-MS
62601,EXPERIMENTAL FARM _SIMCOE_,Decane,1995-11-23T00:00,0.070,µg/m³,VOC,GC-MS
62601,EXPERIMENTAL FARM _SIMCOE_,Decane,1995-11-29T00:00,0.076,µg/m³,VOC,GC-MS
62601,EXPERIMENTAL FARM _SIMCOE_,Decane,1995-11-29T00:00,0.084,µg/m³,VOC,GC-MS
62601,EXPERIMENTAL FARM _SIMCOE_,Decane,1995-12-05T00:00,0.042,µg/m³,VOC,GC-MS
62601,EXPERIMENTAL FARM _SIMCOE_,Decane,1995-12-05T00:00,0.042,µg/m³,VOC,GC-MS
62601,EXPERIMENTAL FARM _SIMCOE_,Decane,1995-12-11T00:00,0.029,µg/m³,VOC,GC-MS
62601,EXPERIMENTAL FARM _SIMCOE_,Decane,1995-12-11T00:00,0.046,µg/m³,VOC,GC-MS
62601,EXPERIMENTAL FARM _SIMCOE_,Decane,1995-12-17T00:00,0.033,µg/m³,VOC,GC-MS
62601,EXPERIMENTAL FARM _SIMCOE_,Decane,1995-12-17T00:00,0.114,µg/m³,VOC,GC-MS
62601,EXPERIMENTAL FARM _SIMCOE_,Decane,1995-12-23T00:00,0.030,µg/m³,VOC,GC-MS
62601,EXPERIMENTAL FARM _SIMCOE_,Decane,1995-12-23T00:00,0.046,µg/m³,VOC,GC-MS
62601,EXPERIMENTAL FARM _SIMCOE_,Decane,1995-12-29T00:00,0.045,µg/m³,VOC,GC-MS
62601,EXPERIMENTAL FARM _SIMCOE_,Decane,1995-12-29T00:00,0.092,µg/m³,VOC,GC-MS
