﻿NAPS_Site_ID,Station_Name,Pollutant,Date,Value,Units,Report_Type,Method
100128,RICHMOND SOUTH,"1,2,4-Trimethylbenzene",1997-01-22T00:00,0.640,µg/m³,VOC,
100128,RICHMOND SOUTH,"1,2,4-Trimethylbenzene",1997-03-05T00:00,0.340,µg/m³,VOC,
100128,RICHMOND SOUTH,"1,2,4-Trimethylbenzene",1997-04-10T00:00,0.860,µg/m³,VOC,
100128,RICHMOND SOUTH,"1,2,4-Trimethylbenzene",1997-05-22T00:00,0.434,µg/m³,VOC,
100128,RICHMOND SOUTH,"1,2,4-Trimethylbenzene",1997-07-27T00:00,0.385,µg/m³,VOC,
100128,RICHMOND SOUTH,"1,2,4-Trimethylbenzene",1997-08-02T00:00,0.450,µg/m³,VOC,
100128,RICHMOND SOUTH,"1,2,4-Trimethylbenzene",1997-10-19T00:00,1.027,µg/m³,VOC,
100128,RICHMOND SOUTH,"1,2,4-Trimethylbenzene",1997-12-30T00:00,2.200,µg/m³,VOC,
