﻿NAPS_Site_ID,Station_Name,Pollutant,Date,Value,Units,Report_Type,Method
90130,EDMONTON CENTRAL,"cis-1,3-Dimethylcyclohexane",2001-01-01T00:00,0.160,µg/m³,VOC,
90130,EDMONTON CENTRAL,"cis-1,3-Dimethylcyclohexane",2001-01-07T00:00,0.100,µg/m³,VOC,
90130,EDMONTON CENTRAL,"cis-1,3-Dimethylcyclohexane",2001-01-13T00:00,0.150,µg/m³,VOC,
90130,EDMONTON CENTRAL,"cis-1,3-Dimethylcyclohexane",2001-01-19T00:00,0.250,µg/m³,VOC,
90130,EDMONTON CENTRAL,"cis-1,3-Dimethylcyclohexane",2001-01-25T00:00,0.150,µg/m³,VOC,
90130,EDMONTON CENTRAL,"cis-1,3-Dimethylcyclohexane",2001-01-31T00:00,0.080,µg/m³,VOC,
90130,EDMONTON CENTRAL,"cis-1,3-Dimethylcyclohexane",2001-02-06T00:00,0.130,µg/m³,VOC,
90130,EDMONTON CENTRAL,"cis-1,3-Dimethylcyclohexane",2001-02-12T00:00,0.590,µg/m³,VOC,
90130,EDMONTON CENTRAL,"cis-1,3-Dimethylcyclohexane",2001-02-18T00:00,0.100,µg/m³,VOC,
90130,EDMONTON CENTRAL,"cis-1,3-Dimethylcyclohexane",2001-02-24T00:00,0.060,µg/m³,VOC,
90130,EDMONTON CENTRAL,"cis-1,3-Dimethylcyclohexane",2001-03-02T00:00,0.200,µg/m³,VOC,
90130,EDMONTON CENTRAL,"cis-1,3-Dimethylcyclohexane",2001-03-08T00:00,0.140,µg/m³,VOC,
90130,EDMONTON CENTRAL,"cis-1,3-Dimethylcyclohexane",2001-03-14T00:00,0.100,µg/m³,VOC,
90130,EDMONTON CENTRAL,"cis-1,3-Dimethylcyclohexane",2001-03-20T00:00,0.050,µg/m³,VOC,
90130,EDMONTON CENTRAL,"cis-1,3-Dimethylcyclohexane",2001-03-26T00:00,0.120,µg/m³,VOC,
90130,EDMONTON CENTRAL,"cis-1,3-Dimethylcyclohexane",2001-04-01T00:00,0.080,µg/m³,VOC,
90130,EDMONTON CENTRAL,"cis-1,3-Dimethylcyclohexane",2001-04-07T00:00,0.040,µg/m³,VOC,
90130,EDMONTON CENTRAL,"cis-1,3-Dimethylcyclohexane",2001-04-13T00:00,0.100,µg/m³,VOC,
90130,EDMONTON CENTRAL,"cis-1,3-Dimethylcyclohexane",2001-04-19T00:00,0.050,µg/m³,VOC,
90130,EDMONTON CENTRAL,"cis-1,3-Dimethylcyclohexane",2001-04-25T00:00,0.040,µg/m³,VOC,
90130,EDMONTON CENTRAL,"cis-1,3-Dimethylcyclohexane",2001-05-01T00:00,0.070,µg/m³,VOC,
90130,EDMONTON CENTRAL,"cis-1,3-Dimethylcyclohexane",2001-05-07T00:00,0.050,µg/m³,VOC,
90130,EDMONTON CENTRAL,"cis-1,3-Dimethylcyclohexane",2001-05-13T00:00,0.040,µg/m³,VOC,
90130,EDMONTON CENTRAL,"cis-1,3-Dimethylcyclohexane",2001-05-19T00:00,0.030,µg/m³,VOC,
90130,EDMONTON CENTRAL,"cis-1,3-Dimethylcyclohexane",2001-05-25T00:00,0.060,µg/m³,VOC,
90130,EDMONTON CENTRAL,"cis-1,3-Dimethylcyclohexane",2001-05-31T00:00,0.030,µg/m³,VOC,
90130,EDMONTON CENTRAL,"cis-1,3-Dimethylcyclohexane",2001-06-06T00:00,0.070,µg/m³,VOC,
90130,EDMONTON CENTRAL,"cis-1,3-Dimethylcyclohexane",2001-06-12T00:00,0.070,µg/m³,VOC,
90130,EDMONTON CENTRAL,"cis-1,3-Dimethylcyclohexane",2001-06-18T00:00,0.070,µg/m³,VOC,
90130,EDMONTON CENTRAL,"cis-1,3-Dimethylcyclohexane",2001-06-24T00:00,0.060,µg/m³,VOC,
90130,EDMONTON CENTRAL,"cis-1,3-Dimethylcyclohexane",2001-06-30T00:00,0.040,µg/m³,VOC,
90130,EDMONTON CENTRAL,"cis-1,3-Dimethylcyclohexane",2001-07-06T00:00,0.050,µg/m³,VOC,
90130,EDMONTON CENTRAL,"cis-1,3-Dimethylcyclohexane",2001-07-12T00:00,0.060,µg/m³,VOC,
90130,EDMONTON CENTRAL,"cis-1,3-Dimethylcyclohexane",2001-07-18T00:00,0.080,µg/m³,VOC,
90130,EDMONTON CENTRAL,"cis-1,3-Dimethylcyclohexane",2001-07-24T00:00,0.110,µg/m³,VOC,
90130,EDMONTON CENTRAL,"cis-1,3-Dimethylcyclohexane",2001-07-30T00:00,0.080,µg/m³,VOC,
90130,EDMONTON CENTRAL,"cis-1,3-Dimethylcyclohexane",2001-08-05T00:00,0.060,µg/m³,VOC,
90130,EDMONTON CENTRAL,"cis-1,3-Dimethylcyclohexane",2001-08-11T00:00,0.070,µg/m³,VOC,
90130,EDMONTON CENTRAL,"cis-1,3-Dimethylcyclohexane",2001-08-17T00:00,0.100,µg/m³,VOC,
90130,EDMONTON CENTRAL,"cis-1,3-Dimethylcyclohexane",2001-08-23T00:00,0.120,µg/m³,VOC,
90130,EDMONTON CENTRAL,"cis-1,3-Dimethylcyclohexane",2001-08-29T00:00,0.110,µg/m³,VOC,
90130,EDMONTON CENTRAL,"cis-1,3-Dimethylcyclohexane",2001-09-04T00:00,0.140,µg/m³,VOC,
90130,EDMONTON CENTRAL,"cis-1,3-Dimethylcyclohexane",2001-09-10T00:00,0.100,µg/m³,VOC,
90130,EDMONTON CENTRAL,"cis-1,3-Dimethylcyclohexane",2001-09-16T00:00,0.100,µg/m³,VOC,
90130,EDMONTON CENTRAL,"cis-1,3-Dimethylcyclohexane",2001-09-22T00:00,0.070,µg/m³,VOC,
90130,EDMONTON CENTRAL,"cis-1,3-Dimethylcyclohexane",2001-09-28T00:00,0.170,µg/m³,VOC,
90130,EDMONTON CENTRAL,"cis-1,3-Dimethylcyclohexane",2001-10-04T00:00,0.080,µg/m³,VOC,
90130,EDMONTON CENTRAL,"cis-1,3-Dimethylcyclohexane",2001-10-10T00:00,0.130,µg/m³,VOC,
90130,EDMONTON CENTRAL,"cis-1,3-Dimethylcyclohexane",2001-10-16T00:00,0.140,µg/m³,VOC,
90130,EDMONTON CENTRAL,"cis-1,3-Dimethylcyclohexane",2001-10-22T00:00,0.110,µg/m³,VOC,
90130,EDMONTON CENTRAL,"cis-1,3-Dimethylcyclohexane",2001-10-28T00:00,0.070,µg/m³,VOC,
90130,EDMONTON CENTRAL,"cis-1,3-Dimethylcyclohexane",2001-11-03T00:00,0.100,µg/m³,VOC,
90130,EDMONTON CENTRAL,"cis-1,3-Dimethylcyclohexane",2001-11-09T00:00,0.170,µg/m³,VOC,
90130,EDMONTON CENTRAL,"cis-1,3-Dimethylcyclohexane",2001-11-15T00:00,0.140,µg/m³,VOC,
90130,EDMONTON CENTRAL,"cis-1,3-Dimethylcyclohexane",2001-11-21T00:00,0.320,µg/m³,VOC,
90130,EDMONTON CENTRAL,"cis-1,3-Dimethylcyclohexane",2001-11-27T00:00,0.090,µg/m³,VOC,
90130,EDMONTON CENTRAL,"cis-1,3-Dimethylcyclohexane",2001-12-03T00:00,0.200,µg/m³,VOC,
90130,EDMONTON CENTRAL,"cis-1,3-Dimethylcyclohexane",2001-12-09T00:00,0.060,µg/m³,VOC,
90130,EDMONTON CENTRAL,"cis-1,3-Dimethylcyclohexane",2001-12-15T00:00,0.100,µg/m³,VOC,
90130,EDMONTON CENTRAL,"cis-1,3-Dimethylcyclohexane",2001-12-21T00:00,0.240,µg/m³,VOC,
90130,EDMONTON CENTRAL,"cis-1,3-Dimethylcyclohexane",2001-12-27T00:00,0.210,µg/m³,VOC,
