﻿NAPS_Site_ID,Station_Name,Pollutant,Date,Value,Units,Report_Type,Method
62601,EXPERIMENTAL FARM _SIMCOE_,"1,1-Dichloroethylene",2020-01-10T00:00,0.000,µg/m³,VOC,GC-MS
62601,EXPERIMENTAL FARM _SIMCOE_,"1,1-Dichloroethylene",2020-01-16T00:00,0.000,µg/m³,VOC,GC-MS
62601,EXPERIMENTAL FARM _SIMCOE_,"1,1-Dichloroethylene",2020-01-22T00:00,0.000,µg/m³,VOC,GC-MS
62601,EXPERIMENTAL FARM _SIMCOE_,"1,1-Dichloroethylene",2020-01-28T00:00,0.000,µg/m³,VOC,GC-MS
62601,EXPERIMENTAL FARM _SIMCOE_,"1,1-Dichloroethylene",2020-02-03T00:00,0.000,µg/m³,VOC,GC-MS
62601,EXPERIMENTAL FARM _SIMCOE_,"1,1-Dichloroethylene",2020-02-09T00:00,0.000,µg/m³,VOC,GC-MS
62601,EXPERIMENTAL FARM _SIMCOE_,"1,1-Dichloroethylene",2020-02-15T00:00,0.000,µg/m³,VOC,GC-MS
62601,EXPERIMENTAL FARM _SIMCOE_,"1,1-Dichloroethylene",2020-02-21T00:00,0.000,µg/m³,VOC,GC-MS
