﻿NAPS_Site_ID,Station_Name,Pollutant,Date,Value,Units,Report_Type,Method
100119,BURNABY SOUTH,OC2(A),2011-01-03T00:00,0.958,µg/m³,PM2.5,TOR(OC/EC)
100119,BURNABY SOUTH,OC2(A),2011-01-06T00:00,0.747,µg/m³,PM2.5,TOR(OC/EC)
100119,BURNABY SOUTH,OC2(A),2011-01-09T00:00,0.644,µg/m³,PM2.5,TOR(OC/EC)
100119,BURNABY SOUTH,OC2(A),2011-01-12T00:00,0.604,µg/m³,PM2.5,TOR(OC/EC)
100119,BURNABY SOUTH,OC2(A),2011-01-27T00:00,1.867,µg/m³,PM2.5,TOR(OC/EC)
100119,BURNABY SOUTH,OC2(A),2011-01-30T00:00,0.694,µg/m³,PM2.5,TOR(OC/EC)
100119,BURNABY SOUTH,OC2(A),2011-02-02T00:00,1.611,µg/m³,PM2.5,TOR(OC/EC)
100119,BURNABY SOUTH,OC2(A),2011-02-05T00:00,0.857,µg/m³,PM2.5,TOR(OC/EC)
100119,BURNABY SOUTH,OC2(A),2011-02-08T00:00,0.739,µg/m³,PM2.5,TOR(OC/EC)
100119,BURNABY SOUTH,OC2(A),2011-02-11T00:00,0.928,µg/m³,PM2.5,TOR(OC/EC)
100119,BURNABY SOUTH,OC2(A),2011-02-14T00:00,0.501,µg/m³,PM2.5,TOR(OC/EC)
100119,BURNABY SOUTH,OC2(A),2011-02-17T00:00,0.694,µg/m³,PM2.5,TOR(OC/EC)
100119,BURNABY SOUTH,OC2(A),2011-02-20T00:00,0.529,µg/m³,PM2.5,TOR(OC/EC)
100119,BURNABY SOUTH,OC2(A),2011-02-23T00:00,0.413,µg/m³,PM2.5,TOR(OC/EC)
100119,BURNABY SOUTH,OC2(A),2011-02-26T00:00,0.800,µg/m³,PM2.5,TOR(OC/EC)
100119,BURNABY SOUTH,OC2(A),2011-03-01T00:00,1.085,µg/m³,PM2.5,TOR(OC/EC)
100119,BURNABY SOUTH,OC2(A),2011-03-04T00:00,0.783,µg/m³,PM2.5,TOR(OC/EC)
100119,BURNABY SOUTH,OC2(A),2011-03-07T00:00,0.855,µg/m³,PM2.5,TOR(OC/EC)
100119,BURNABY SOUTH,OC2(A),2011-03-19T00:00,0.604,µg/m³,PM2.5,TOR(OC/EC)
100119,BURNABY SOUTH,OC2(A),2011-03-22T00:00,0.804,µg/m³,PM2.5,TOR(OC/EC)
100119,BURNABY SOUTH,OC2(A),2011-03-25T00:00,0.704,µg/m³,PM2.5,TOR(OC/EC)
100119,BURNABY SOUTH,OC2(A),2011-03-28T00:00,0.603,µg/m³,PM2.5,TOR(OC/EC)
100119,BURNABY SOUTH,OC2(A),2011-03-31T00:00,0.695,µg/m³,PM2.5,TOR(OC/EC)
100119,BURNABY SOUTH,OC2(A),2011-04-03T00:00,0.613,µg/m³,PM2.5,TOR(OC/EC)
100119,BURNABY SOUTH,OC2(A),2011-04-06T00:00,0.596,µg/m³,PM2.5,TOR(OC/EC)
100119,BURNABY SOUTH,OC2(A),2011-04-09T00:00,0.740,µg/m³,PM2.5,TOR(OC/EC)
100119,BURNABY SOUTH,OC2(A),2011-04-12T00:00,0.754,µg/m³,PM2.5,TOR(OC/EC)
100119,BURNABY SOUTH,OC2(A),2011-04-15T00:00,0.738,µg/m³,PM2.5,TOR(OC/EC)
100119,BURNABY SOUTH,OC2(A),2011-04-18T00:00,0.727,µg/m³,PM2.5,TOR(OC/EC)
100119,BURNABY SOUTH,OC2(A),2011-04-21T00:00,0.566,µg/m³,PM2.5,TOR(OC/EC)
100119,BURNABY SOUTH,OC2(A),2011-04-24T00:00,0.861,µg/m³,PM2.5,TOR(OC/EC)
100119,BURNABY SOUTH,OC2(A),2011-04-27T00:00,0.644,µg/m³,PM2.5,TOR(OC/EC)
100119,BURNABY SOUTH,OC2(A),2011-04-30T00:00,0.749,µg/m³,PM2.5,TOR(OC/EC)
100119,BURNABY SOUTH,OC2(A),2011-05-03T00:00,0.805,µg/m³,PM2.5,TOR(OC/EC)
100119,BURNABY SOUTH,OC2(A),2011-05-06T00:00,0.687,µg/m³,PM2.5,TOR(OC/EC)
100119,BURNABY SOUTH,OC2(A),2011-05-09T00:00,0.918,µg/m³,PM2.5,TOR(OC/EC)
100119,BURNABY SOUTH,OC2(A),2011-05-12T00:00,0.684,µg/m³,PM2.5,TOR(OC/EC)
100119,BURNABY SOUTH,OC2(A),2011-05-15T00:00,0.716,µg/m³,PM2.5,TOR(OC/EC)
100119,BURNABY SOUTH,OC2(A),2011-05-18T00:00,0.766,µg/m³,PM2.5,TOR(OC/EC)
100119,BURNABY SOUTH,OC2(A),2011-05-21T00:00,0.831,µg/m³,PM2.5,TOR(OC/EC)
100119,BURNABY SOUTH,OC2(A),2011-05-24T00:00,0.837,µg/m³,PM2.5,TOR(OC/EC)
100119,BURNABY SOUTH,OC2(A),2011-05-27T00:00,0.634,µg/m³,PM2.5,TOR(OC/EC)
100119,BURNABY SOUTH,OC2(A),2011-05-30T00:00,0.663,µg/m³,PM2.5,TOR(OC/EC)
100119,BURNABY SOUTH,OC2(A),2011-06-02T00:00,0.650,µg/m³,PM2.5,TOR(OC/EC)
100119,BURNABY SOUTH,OC2(A),2011-06-05T00:00,1.041,µg/m³,PM2.5,TOR(OC/EC)
100119,BURNABY SOUTH,OC2(A),2011-06-08T00:00,0.969,µg/m³,PM2.5,TOR(OC/EC)
100119,BURNABY SOUTH,OC2(A),2011-06-11T00:00,0.870,µg/m³,PM2.5,TOR(OC/EC)
100119,BURNABY SOUTH,OC2(A),2011-06-14T00:00,0.647,µg/m³,PM2.5,TOR(OC/EC)
100119,BURNABY SOUTH,OC2(A),2011-06-17T00:00,0.815,µg/m³,PM2.5,TOR(OC/EC)
100119,BURNABY SOUTH,OC2(A),2011-06-20T00:00,0.796,µg/m³,PM2.5,TOR(OC/EC)
100119,BURNABY SOUTH,OC2(A),2011-06-23T00:00,0.857,µg/m³,PM2.5,TOR(OC/EC)
100119,BURNABY SOUTH,OC2(A),2011-06-26T00:00,1.017,µg/m³,PM2.5,TOR(OC/EC)
100119,BURNABY SOUTH,OC2(A),2011-06-29T00:00,0.676,µg/m³,PM2.5,TOR(OC/EC)
100119,BURNABY SOUTH,OC2(A),2011-07-02T00:00,1.026,µg/m³,PM2.5,TOR(OC/EC)
100119,BURNABY SOUTH,OC2(A),2011-07-05T00:00,1.064,µg/m³,PM2.5,TOR(OC/EC)
100119,BURNABY SOUTH,OC2(A),2011-07-08T00:00,0.635,µg/m³,PM2.5,TOR(OC/EC)
100119,BURNABY SOUTH,OC2(A),2011-07-11T00:00,0.967,µg/m³,PM2.5,TOR(OC/EC)
100119,BURNABY SOUTH,OC2(A),2011-07-14T00:00,0.850,µg/m³,PM2.5,TOR(OC/EC)
100119,BURNABY SOUTH,OC2(A),2011-07-17T00:00,0.984,µg/m³,PM2.5,TOR(OC/EC)
100119,BURNABY SOUTH,OC2(A),2011-07-20T00:00,0.620,µg/m³,PM2.5,TOR(OC/EC)
100119,BURNABY SOUTH,OC2(A),2011-07-23T00:00,0.980,µg/m³,PM2.5,TOR(OC/EC)
100119,BURNABY SOUTH,OC2(A),2011-07-26T00:00,0.592,µg/m³,PM2.5,TOR(OC/EC)
100119,BURNABY SOUTH,OC2(A),2011-07-29T00:00,0.922,µg/m³,PM2.5,TOR(OC/EC)
100119,BURNABY SOUTH,OC2(A),2011-08-01T00:00,0.793,µg/m³,PM2.5,TOR(OC/EC)
100119,BURNABY SOUTH,OC2(A),2011-08-04T00:00,1.054,µg/m³,PM2.5,TOR(OC/EC)
100119,BURNABY SOUTH,OC2(A),2011-08-07T00:00,0.867,µg/m³,PM2.5,TOR(OC/EC)
100119,BURNABY SOUTH,OC2(A),2011-08-10T00:00,0.939,µg/m³,PM2.5,TOR(OC/EC)
100119,BURNABY SOUTH,OC2(A),2011-08-13T00:00,0.942,µg/m³,PM2.5,TOR(OC/EC)
100119,BURNABY SOUTH,OC2(A),2011-08-19T00:00,1.476,µg/m³,PM2.5,TOR(OC/EC)
100119,BURNABY SOUTH,OC2(A),2011-08-22T00:00,0.738,µg/m³,PM2.5,TOR(OC/EC)
100119,BURNABY SOUTH,OC2(A),2011-08-25T00:00,1.195,µg/m³,PM2.5,TOR(OC/EC)
100119,BURNABY SOUTH,OC2(A),2011-08-28T00:00,1.064,µg/m³,PM2.5,TOR(OC/EC)
100119,BURNABY SOUTH,OC2(A),2011-09-03T00:00,1.068,µg/m³,PM2.5,TOR(OC/EC)
100119,BURNABY SOUTH,OC2(A),2011-09-06T00:00,1.255,µg/m³,PM2.5,TOR(OC/EC)
100119,BURNABY SOUTH,OC2(A),2011-09-12T00:00,1.253,µg/m³,PM2.5,TOR(OC/EC)
100119,BURNABY SOUTH,OC2(A),2011-09-15T00:00,0.825,µg/m³,PM2.5,TOR(OC/EC)
100119,BURNABY SOUTH,OC2(A),2011-09-18T00:00,0.458,µg/m³,PM2.5,TOR(OC/EC)
100119,BURNABY SOUTH,OC2(A),2011-09-21T00:00,0.875,µg/m³,PM2.5,TOR(OC/EC)
100119,BURNABY SOUTH,OC2(A),2011-09-24T00:00,1.038,µg/m³,PM2.5,TOR(OC/EC)
100119,BURNABY SOUTH,OC2(A),2011-09-27T00:00,0.599,µg/m³,PM2.5,TOR(OC/EC)
100119,BURNABY SOUTH,OC2(A),2011-09-30T00:00,1.070,µg/m³,PM2.5,TOR(OC/EC)
100119,BURNABY SOUTH,OC2(A),2011-10-03T00:00,0.655,µg/m³,PM2.5,TOR(OC/EC)
100119,BURNABY SOUTH,OC2(A),2011-10-06T00:00,0.858,µg/m³,PM2.5,TOR(OC/EC)
100119,BURNABY SOUTH,OC2(A),2011-10-09T00:00,0.860,µg/m³,PM2.5,TOR(OC/EC)
100119,BURNABY SOUTH,OC2(A),2011-10-12T00:00,0.571,µg/m³,PM2.5,TOR(OC/EC)
100119,BURNABY SOUTH,OC2(A),2011-10-15T00:00,0.983,µg/m³,PM2.5,TOR(OC/EC)
100119,BURNABY SOUTH,OC2(A),2011-10-18T00:00,1.431,µg/m³,PM2.5,TOR(OC/EC)
100119,BURNABY SOUTH,OC2(A),2011-10-21T00:00,0.636,µg/m³,PM2.5,TOR(OC/EC)
100119,BURNABY SOUTH,OC2(A),2011-10-24T00:00,0.657,µg/m³,PM2.5,TOR(OC/EC)
100119,BURNABY SOUTH,OC2(A),2011-10-27T00:00,0.792,µg/m³,PM2.5,TOR(OC/EC)
100119,BURNABY SOUTH,OC2(A),2011-11-05T00:00,0.624,µg/m³,PM2.5,TOR(OC/EC)
100119,BURNABY SOUTH,OC2(A),2011-11-08T00:00,0.780,µg/m³,PM2.5,TOR(OC/EC)
100119,BURNABY SOUTH,OC2(A),2011-11-11T00:00,0.692,µg/m³,PM2.5,TOR(OC/EC)
100119,BURNABY SOUTH,OC2(A),2011-11-14T00:00,0.415,µg/m³,PM2.5,TOR(OC/EC)
100119,BURNABY SOUTH,OC2(A),2011-11-17T00:00,0.379,µg/m³,PM2.5,TOR(OC/EC)
100119,BURNABY SOUTH,OC2(A),2011-11-20T00:00,0.731,µg/m³,PM2.5,TOR(OC/EC)
100119,BURNABY SOUTH,OC2(A),2011-11-23T00:00,0.620,µg/m³,PM2.5,TOR(OC/EC)
100119,BURNABY SOUTH,OC2(A),2011-11-26T00:00,0.322,µg/m³,PM2.5,TOR(OC/EC)
100119,BURNABY SOUTH,OC2(A),2011-11-29T00:00,0.703,µg/m³,PM2.5,TOR(OC/EC)
100119,BURNABY SOUTH,OC2(A),2011-12-02T00:00,1.030,µg/m³,PM2.5,TOR(OC/EC)
100119,BURNABY SOUTH,OC2(A),2011-12-05T00:00,0.982,µg/m³,PM2.5,TOR(OC/EC)
100119,BURNABY SOUTH,OC2(A),2011-12-08T00:00,0.800,µg/m³,PM2.5,TOR(OC/EC)
100119,BURNABY SOUTH,OC2(A),2011-12-11T00:00,0.845,µg/m³,PM2.5,TOR(OC/EC)
100119,BURNABY SOUTH,OC2(A),2011-12-14T00:00,0.885,µg/m³,PM2.5,TOR(OC/EC)
100119,BURNABY SOUTH,OC2(A),2011-12-17T00:00,0.884,µg/m³,PM2.5,TOR(OC/EC)
100119,BURNABY SOUTH,OC2(A),2011-12-20T00:00,0.882,µg/m³,PM2.5,TOR(OC/EC)
100119,BURNABY SOUTH,OC2(A),2011-12-23T00:00,1.001,µg/m³,PM2.5,TOR(OC/EC)
100119,BURNABY SOUTH,OC2(A),2011-12-26T00:00,0.555,µg/m³,PM2.5,TOR(OC/EC)
100119,BURNABY SOUTH,OC2(A),2011-12-29T00:00,0.507,µg/m³,PM2.5,TOR(OC/EC)
