﻿NAPS_Site_ID,Station_Name,Pollutant,Date,Value,Units,Report_Type,Method
80110,REGINA-2505 11TH. AVENUE,Styrene,2003-01-03T00:00,0.257,µg/m³,VOC,N/A
80110,REGINA-2505 11TH. AVENUE,Styrene,2003-01-09T00:00,0.087,µg/m³,VOC,N/A
80110,REGINA-2505 11TH. AVENUE,Styrene,2003-01-15T00:00,0.522,µg/m³,VOC,N/A
80110,REGINA-2505 11TH. AVENUE,Styrene,2003-01-21T00:00,0.000,µg/m³,VOC,N/A
80110,REGINA-2505 11TH. AVENUE,Styrene,2003-01-27T00:00,0.092,µg/m³,VOC,N/A
80110,REGINA-2505 11TH. AVENUE,Styrene,2003-02-08T00:00,0.061,µg/m³,VOC,N/A
80110,REGINA-2505 11TH. AVENUE,Styrene,2003-02-14T00:00,0.043,µg/m³,VOC,N/A
80110,REGINA-2505 11TH. AVENUE,Styrene,2003-02-20T00:00,0.036,µg/m³,VOC,N/A
80110,REGINA-2505 11TH. AVENUE,Styrene,2003-02-26T00:00,0.169,µg/m³,VOC,N/A
80110,REGINA-2505 11TH. AVENUE,Styrene,2003-03-04T00:00,0.065,µg/m³,VOC,N/A
80110,REGINA-2505 11TH. AVENUE,Styrene,2003-03-10T00:00,0.008,µg/m³,VOC,N/A
80110,REGINA-2505 11TH. AVENUE,Styrene,2003-03-16T00:00,0.076,µg/m³,VOC,N/A
80110,REGINA-2505 11TH. AVENUE,Styrene,2003-03-22T00:00,0.026,µg/m³,VOC,N/A
80110,REGINA-2505 11TH. AVENUE,Styrene,2003-03-28T00:00,0.033,µg/m³,VOC,N/A
80110,REGINA-2505 11TH. AVENUE,Styrene,2003-04-03T00:00,0.047,µg/m³,VOC,N/A
80110,REGINA-2505 11TH. AVENUE,Styrene,2003-04-09T00:00,0.025,µg/m³,VOC,N/A
80110,REGINA-2505 11TH. AVENUE,Styrene,2003-04-15T00:00,0.037,µg/m³,VOC,N/A
80110,REGINA-2505 11TH. AVENUE,Styrene,2003-04-21T00:00,0.031,µg/m³,VOC,N/A
80110,REGINA-2505 11TH. AVENUE,Styrene,2003-04-27T00:00,0.044,µg/m³,VOC,N/A
80110,REGINA-2505 11TH. AVENUE,Styrene,2003-05-03T00:00,0.066,µg/m³,VOC,N/A
80110,REGINA-2505 11TH. AVENUE,Styrene,2003-05-09T00:00,0.066,µg/m³,VOC,N/A
80110,REGINA-2505 11TH. AVENUE,Styrene,2003-05-15T00:00,0.038,µg/m³,VOC,N/A
80110,REGINA-2505 11TH. AVENUE,Styrene,2003-05-21T00:00,0.128,µg/m³,VOC,N/A
80110,REGINA-2505 11TH. AVENUE,Styrene,2003-05-27T00:00,0.119,µg/m³,VOC,N/A
80110,REGINA-2505 11TH. AVENUE,Styrene,2003-06-02T00:00,0.082,µg/m³,VOC,N/A
80110,REGINA-2505 11TH. AVENUE,Styrene,2003-06-26T00:00,0.111,µg/m³,VOC,N/A
80110,REGINA-2505 11TH. AVENUE,Styrene,2003-07-02T00:00,0.087,µg/m³,VOC,N/A
80110,REGINA-2505 11TH. AVENUE,Styrene,2003-07-08T00:00,0.028,µg/m³,VOC,N/A
80110,REGINA-2505 11TH. AVENUE,Styrene,2003-07-14T00:00,0.108,µg/m³,VOC,N/A
80110,REGINA-2505 11TH. AVENUE,Styrene,2003-07-20T00:00,0.052,µg/m³,VOC,N/A
80110,REGINA-2505 11TH. AVENUE,Styrene,2003-07-26T00:00,0.074,µg/m³,VOC,N/A
80110,REGINA-2505 11TH. AVENUE,Styrene,2003-08-01T00:00,0.149,µg/m³,VOC,N/A
80110,REGINA-2505 11TH. AVENUE,Styrene,2003-08-07T00:00,0.031,µg/m³,VOC,N/A
80110,REGINA-2505 11TH. AVENUE,Styrene,2003-08-19T00:00,0.125,µg/m³,VOC,N/A
80110,REGINA-2505 11TH. AVENUE,Styrene,2003-08-25T00:00,0.105,µg/m³,VOC,N/A
80110,REGINA-2505 11TH. AVENUE,Styrene,2003-08-31T00:00,0.069,µg/m³,VOC,N/A
80110,REGINA-2505 11TH. AVENUE,Styrene,2003-09-06T00:00,0.048,µg/m³,VOC,N/A
80110,REGINA-2505 11TH. AVENUE,Styrene,2003-09-12T00:00,0.084,µg/m³,VOC,N/A
80110,REGINA-2505 11TH. AVENUE,Styrene,2003-09-18T00:00,0.254,µg/m³,VOC,N/A
80110,REGINA-2505 11TH. AVENUE,Styrene,2003-09-24T00:00,0.087,µg/m³,VOC,N/A
80110,REGINA-2505 11TH. AVENUE,Styrene,2003-09-30T00:00,0.181,µg/m³,VOC,N/A
80110,REGINA-2505 11TH. AVENUE,Styrene,2003-10-06T00:00,0.331,µg/m³,VOC,N/A
80110,REGINA-2505 11TH. AVENUE,Styrene,2003-10-12T00:00,0.050,µg/m³,VOC,N/A
80110,REGINA-2505 11TH. AVENUE,Styrene,2003-10-18T00:00,0.325,µg/m³,VOC,N/A
80110,REGINA-2505 11TH. AVENUE,Styrene,2003-10-24T00:00,0.054,µg/m³,VOC,N/A
80110,REGINA-2505 11TH. AVENUE,Styrene,2003-10-30T00:00,0.061,µg/m³,VOC,N/A
80110,REGINA-2505 11TH. AVENUE,Styrene,2003-11-05T00:00,0.066,µg/m³,VOC,N/A
80110,REGINA-2505 11TH. AVENUE,Styrene,2003-11-11T00:00,0.106,µg/m³,VOC,N/A
80110,REGINA-2505 11TH. AVENUE,Styrene,2003-11-17T00:00,0.079,µg/m³,VOC,N/A
80110,REGINA-2505 11TH. AVENUE,Styrene,2003-11-23T00:00,0.000,µg/m³,VOC,N/A
80110,REGINA-2505 11TH. AVENUE,Styrene,2003-11-29T00:00,0.109,µg/m³,VOC,N/A
80110,REGINA-2505 11TH. AVENUE,Styrene,2003-12-05T00:00,0.005,µg/m³,VOC,N/A
80110,REGINA-2505 11TH. AVENUE,Styrene,2003-12-11T00:00,0.120,µg/m³,VOC,N/A
80110,REGINA-2505 11TH. AVENUE,Styrene,2003-12-17T00:00,0.082,µg/m³,VOC,N/A
80110,REGINA-2505 11TH. AVENUE,Styrene,2003-12-23T00:00,0.226,µg/m³,VOC,N/A
80110,REGINA-2505 11TH. AVENUE,Styrene,2003-12-29T00:00,0.122,µg/m³,VOC,N/A
