﻿NAPS_Site_ID,Station_Name,Pollutant,Date,Value,Units,Report_Type,Method
100134,VANCOUVER INTL. AIRPORT,Hexylbenzene,2001-01-13T00:00,0.160,µg/m³,VOC,N/A
100134,VANCOUVER INTL. AIRPORT,Hexylbenzene,2001-01-31T00:00,0.040,µg/m³,VOC,N/A
100134,VANCOUVER INTL. AIRPORT,Hexylbenzene,2001-02-24T00:00,0.090,µg/m³,VOC,N/A
100134,VANCOUVER INTL. AIRPORT,Hexylbenzene,2001-04-19T00:00,0.060,µg/m³,VOC,N/A
100134,VANCOUVER INTL. AIRPORT,Hexylbenzene,2001-05-07T00:00,0.300,µg/m³,VOC,N/A
100134,VANCOUVER INTL. AIRPORT,Hexylbenzene,2001-05-31T00:00,0.240,µg/m³,VOC,N/A
100134,VANCOUVER INTL. AIRPORT,Hexylbenzene,2001-06-18T00:00,0.240,µg/m³,VOC,N/A
100134,VANCOUVER INTL. AIRPORT,Hexylbenzene,2001-07-06T00:00,0.130,µg/m³,VOC,N/A
100134,VANCOUVER INTL. AIRPORT,Hexylbenzene,2001-07-24T00:00,0.180,µg/m³,VOC,N/A
100134,VANCOUVER INTL. AIRPORT,Hexylbenzene,2001-09-22T00:00,0.140,µg/m³,VOC,N/A
100134,VANCOUVER INTL. AIRPORT,Hexylbenzene,2001-10-10T00:00,0.260,µg/m³,VOC,N/A
100134,VANCOUVER INTL. AIRPORT,Hexylbenzene,2001-10-28T00:00,0.220,µg/m³,VOC,N/A
100134,VANCOUVER INTL. AIRPORT,Hexylbenzene,2001-11-21T00:00,0.310,µg/m³,VOC,N/A
100134,VANCOUVER INTL. AIRPORT,Hexylbenzene,2001-12-09T00:00,0.140,µg/m³,VOC,N/A
