﻿NAPS_Site_ID,Station_Name,Pollutant,Date,Value,Units,Report_Type,Method
30118,VOGUE BUILDING,2-Methylhexane,2015-01-05T19:00,0.174,µg/m³,VOC,
30118,VOGUE BUILDING,2-Methylhexane,2015-01-11T19:00,0.132,µg/m³,VOC,
30118,VOGUE BUILDING,2-Methylhexane,2015-01-17T19:00,0.124,µg/m³,VOC,
30118,VOGUE BUILDING,2-Methylhexane,2015-01-23T19:00,0.131,µg/m³,VOC,
30118,VOGUE BUILDING,2-Methylhexane,2015-01-29T19:00,0.276,µg/m³,VOC,
30118,VOGUE BUILDING,2-Methylhexane,2015-02-04T19:00,0.308,µg/m³,VOC,
30118,VOGUE BUILDING,2-Methylhexane,2015-02-10T19:00,0.095,µg/m³,VOC,
30118,VOGUE BUILDING,2-Methylhexane,2015-02-22T19:00,0.133,µg/m³,VOC,
30118,VOGUE BUILDING,2-Methylhexane,2015-03-06T19:00,0.115,µg/m³,VOC,
30118,VOGUE BUILDING,2-Methylhexane,2015-03-12T20:00,0.080,µg/m³,VOC,
30118,VOGUE BUILDING,2-Methylhexane,2015-03-18T20:00,0.075,µg/m³,VOC,
30118,VOGUE BUILDING,2-Methylhexane,2015-03-24T20:00,0.179,µg/m³,VOC,
30118,VOGUE BUILDING,2-Methylhexane,2015-03-30T20:00,0.146,µg/m³,VOC,
30118,VOGUE BUILDING,2-Methylhexane,2015-04-05T20:00,0.092,µg/m³,VOC,
30118,VOGUE BUILDING,2-Methylhexane,2015-04-11T20:00,0.125,µg/m³,VOC,
30118,VOGUE BUILDING,2-Methylhexane,2015-04-17T20:00,0.149,µg/m³,VOC,
30118,VOGUE BUILDING,2-Methylhexane,2015-04-23T20:00,0.235,µg/m³,VOC,
30118,VOGUE BUILDING,2-Methylhexane,2015-04-29T20:00,0.132,µg/m³,VOC,
30118,VOGUE BUILDING,2-Methylhexane,2015-05-05T20:00,0.197,µg/m³,VOC,
30118,VOGUE BUILDING,2-Methylhexane,2015-05-11T20:00,0.139,µg/m³,VOC,
30118,VOGUE BUILDING,2-Methylhexane,2015-05-17T20:00,0.136,µg/m³,VOC,
30118,VOGUE BUILDING,2-Methylhexane,2015-05-23T20:00,0.136,µg/m³,VOC,
30118,VOGUE BUILDING,2-Methylhexane,2015-05-29T20:00,0.241,µg/m³,VOC,
30118,VOGUE BUILDING,2-Methylhexane,2015-06-04T20:00,0.214,µg/m³,VOC,
30118,VOGUE BUILDING,2-Methylhexane,2015-06-10T20:00,0.218,µg/m³,VOC,
30118,VOGUE BUILDING,2-Methylhexane,2015-06-16T20:00,0.222,µg/m³,VOC,
30118,VOGUE BUILDING,2-Methylhexane,2015-06-22T20:00,0.155,µg/m³,VOC,
30118,VOGUE BUILDING,2-Methylhexane,2015-06-28T20:00,0.185,µg/m³,VOC,
30118,VOGUE BUILDING,2-Methylhexane,2015-07-04T20:00,0.283,µg/m³,VOC,
30118,VOGUE BUILDING,2-Methylhexane,2015-07-10T20:00,0.450,µg/m³,VOC,
30118,VOGUE BUILDING,2-Methylhexane,2015-07-16T20:00,0.333,µg/m³,VOC,
30118,VOGUE BUILDING,2-Methylhexane,2015-07-22T20:00,0.361,µg/m³,VOC,
30118,VOGUE BUILDING,2-Methylhexane,2015-07-28T20:00,0.265,µg/m³,VOC,
30118,VOGUE BUILDING,2-Methylhexane,2015-08-03T20:00,0.127,µg/m³,VOC,
30118,VOGUE BUILDING,2-Methylhexane,2015-08-09T20:00,0.506,µg/m³,VOC,
30118,VOGUE BUILDING,2-Methylhexane,2015-08-15T20:00,0.267,µg/m³,VOC,
30118,VOGUE BUILDING,2-Methylhexane,2015-08-27T20:00,0.302,µg/m³,VOC,
30118,VOGUE BUILDING,2-Methylhexane,2015-09-02T20:00,0.457,µg/m³,VOC,
30118,VOGUE BUILDING,2-Methylhexane,2015-09-20T20:00,0.132,µg/m³,VOC,
30118,VOGUE BUILDING,2-Methylhexane,2015-10-08T20:00,0.219,µg/m³,VOC,
30118,VOGUE BUILDING,2-Methylhexane,2015-10-14T20:00,0.158,µg/m³,VOC,
30118,VOGUE BUILDING,2-Methylhexane,2015-10-20T20:00,0.158,µg/m³,VOC,
30118,VOGUE BUILDING,2-Methylhexane,2015-10-26T20:00,0.167,µg/m³,VOC,
30118,VOGUE BUILDING,2-Methylhexane,2015-11-01T19:00,0.160,µg/m³,VOC,
30118,VOGUE BUILDING,2-Methylhexane,2015-11-07T19:00,0.079,µg/m³,VOC,
30118,VOGUE BUILDING,2-Methylhexane,2015-11-13T19:00,0.117,µg/m³,VOC,
30118,VOGUE BUILDING,2-Methylhexane,2015-11-19T19:00,0.155,µg/m³,VOC,
30118,VOGUE BUILDING,2-Methylhexane,2015-11-25T19:00,0.288,µg/m³,VOC,
30118,VOGUE BUILDING,2-Methylhexane,2015-12-01T19:00,0.268,µg/m³,VOC,
30118,VOGUE BUILDING,2-Methylhexane,2015-12-07T19:00,0.196,µg/m³,VOC,
30118,VOGUE BUILDING,2-Methylhexane,2015-12-19T19:00,0.141,µg/m³,VOC,
30118,VOGUE BUILDING,2-Methylhexane,2015-12-25T19:00,0.106,µg/m³,VOC,
