﻿NAPS_Site_ID,Station_Name,Pollutant,Date,Value,Units,Report_Type,Method
50129,MONTRÉAL-RIVIÈRE-DES-PRAIRIES,Anthracene,2005-01-10T00:00,0.001,µg/m³,PAH,
50129,MONTRÉAL-RIVIÈRE-DES-PRAIRIES,Anthracene,2005-01-22T00:00,0.005,µg/m³,PAH,
50129,MONTRÉAL-RIVIÈRE-DES-PRAIRIES,Anthracene,2005-02-15T00:00,0.001,µg/m³,PAH,
50129,MONTRÉAL-RIVIÈRE-DES-PRAIRIES,Anthracene,2005-03-11T00:00,0.003,µg/m³,PAH,
50129,MONTRÉAL-RIVIÈRE-DES-PRAIRIES,Anthracene,2005-03-23T00:00,0.000,µg/m³,PAH,
50129,MONTRÉAL-RIVIÈRE-DES-PRAIRIES,Anthracene,2005-04-04T00:00,0.000,µg/m³,PAH,
50129,MONTRÉAL-RIVIÈRE-DES-PRAIRIES,Anthracene,2005-04-16T00:00,0.000,µg/m³,PAH,
50129,MONTRÉAL-RIVIÈRE-DES-PRAIRIES,Anthracene,2005-04-28T00:00,0.000,µg/m³,PAH,
50129,MONTRÉAL-RIVIÈRE-DES-PRAIRIES,Anthracene,2005-05-10T00:00,0.001,µg/m³,PAH,
50129,MONTRÉAL-RIVIÈRE-DES-PRAIRIES,Anthracene,2005-05-22T00:00,0.000,µg/m³,PAH,
50129,MONTRÉAL-RIVIÈRE-DES-PRAIRIES,Anthracene,2005-06-03T00:00,0.001,µg/m³,PAH,
50129,MONTRÉAL-RIVIÈRE-DES-PRAIRIES,Anthracene,2005-06-15T00:00,0.000,µg/m³,PAH,
50129,MONTRÉAL-RIVIÈRE-DES-PRAIRIES,Anthracene,2005-06-27T00:00,0.000,µg/m³,PAH,
50129,MONTRÉAL-RIVIÈRE-DES-PRAIRIES,Anthracene,2005-10-01T00:00,0.000,µg/m³,PAH,
50129,MONTRÉAL-RIVIÈRE-DES-PRAIRIES,Anthracene,2005-10-13T00:00,0.001,µg/m³,PAH,
50129,MONTRÉAL-RIVIÈRE-DES-PRAIRIES,Anthracene,2005-11-06T00:00,0.001,µg/m³,PAH,
50129,MONTRÉAL-RIVIÈRE-DES-PRAIRIES,Anthracene,2005-11-18T00:00,0.001,µg/m³,PAH,
50129,MONTRÉAL-RIVIÈRE-DES-PRAIRIES,Anthracene,2005-11-30T00:00,0.000,µg/m³,PAH,
50129,MONTRÉAL-RIVIÈRE-DES-PRAIRIES,Anthracene,2005-12-12T00:00,0.001,µg/m³,PAH,
50129,MONTRÉAL-RIVIÈRE-DES-PRAIRIES,Anthracene,2005-12-24T00:00,0.004,µg/m³,PAH,
