﻿NAPS_Site_ID,Station_Name,Pollutant,Date,Value,Units,Report_Type,Method
50124,MONTRÉAL-CHATEAUNEUF-ANJOU,Silicon,2005-07-27T00:00,0.045,µg/m³,DICHOT,EDXRF
50124,MONTRÉAL-CHATEAUNEUF-ANJOU,Silicon,2005-07-27T00:00,0.553,µg/m³,DICHOT,EDXRF
50124,MONTRÉAL-CHATEAUNEUF-ANJOU,Silicon,2005-08-02T00:00,0.133,µg/m³,DICHOT,EDXRF
50124,MONTRÉAL-CHATEAUNEUF-ANJOU,Silicon,2005-08-02T00:00,1.251,µg/m³,DICHOT,EDXRF
50124,MONTRÉAL-CHATEAUNEUF-ANJOU,Silicon,2005-08-08T00:00,0.165,µg/m³,DICHOT,EDXRF
50124,MONTRÉAL-CHATEAUNEUF-ANJOU,Silicon,2005-08-08T00:00,1.349,µg/m³,DICHOT,EDXRF
50124,MONTRÉAL-CHATEAUNEUF-ANJOU,Silicon,2005-08-14T00:00,0.061,µg/m³,DICHOT,EDXRF
50124,MONTRÉAL-CHATEAUNEUF-ANJOU,Silicon,2005-08-14T00:00,0.396,µg/m³,DICHOT,EDXRF
50124,MONTRÉAL-CHATEAUNEUF-ANJOU,Silicon,2005-08-20T00:00,0.083,µg/m³,DICHOT,EDXRF
50124,MONTRÉAL-CHATEAUNEUF-ANJOU,Silicon,2005-08-20T00:00,0.263,µg/m³,DICHOT,EDXRF
50124,MONTRÉAL-CHATEAUNEUF-ANJOU,Silicon,2005-08-26T00:00,0.140,µg/m³,DICHOT,EDXRF
50124,MONTRÉAL-CHATEAUNEUF-ANJOU,Silicon,2005-08-26T00:00,1.427,µg/m³,DICHOT,EDXRF
50124,MONTRÉAL-CHATEAUNEUF-ANJOU,Silicon,2005-09-01T00:00,0.077,µg/m³,DICHOT,EDXRF
50124,MONTRÉAL-CHATEAUNEUF-ANJOU,Silicon,2005-09-01T00:00,0.593,µg/m³,DICHOT,EDXRF
50124,MONTRÉAL-CHATEAUNEUF-ANJOU,Silicon,2005-09-07T00:00,0.302,µg/m³,DICHOT,EDXRF
50124,MONTRÉAL-CHATEAUNEUF-ANJOU,Silicon,2005-09-07T00:00,1.061,µg/m³,DICHOT,EDXRF
50124,MONTRÉAL-CHATEAUNEUF-ANJOU,Silicon,2005-09-13T00:00,0.353,µg/m³,DICHOT,EDXRF
50124,MONTRÉAL-CHATEAUNEUF-ANJOU,Silicon,2005-09-13T00:00,2.510,µg/m³,DICHOT,EDXRF
50124,MONTRÉAL-CHATEAUNEUF-ANJOU,Silicon,2005-09-19T00:00,0.141,µg/m³,DICHOT,EDXRF
50124,MONTRÉAL-CHATEAUNEUF-ANJOU,Silicon,2005-09-19T00:00,1.129,µg/m³,DICHOT,EDXRF
50124,MONTRÉAL-CHATEAUNEUF-ANJOU,Silicon,2005-10-01T00:00,0.079,µg/m³,DICHOT,EDXRF
50124,MONTRÉAL-CHATEAUNEUF-ANJOU,Silicon,2005-10-01T00:00,0.509,µg/m³,DICHOT,EDXRF
50124,MONTRÉAL-CHATEAUNEUF-ANJOU,Silicon,2005-10-07T00:00,0.153,µg/m³,DICHOT,EDXRF
50124,MONTRÉAL-CHATEAUNEUF-ANJOU,Silicon,2005-10-07T00:00,0.488,µg/m³,DICHOT,EDXRF
50124,MONTRÉAL-CHATEAUNEUF-ANJOU,Silicon,2005-10-13T00:00,0.225,µg/m³,DICHOT,EDXRF
50124,MONTRÉAL-CHATEAUNEUF-ANJOU,Silicon,2005-10-13T00:00,0.464,µg/m³,DICHOT,EDXRF
50124,MONTRÉAL-CHATEAUNEUF-ANJOU,Silicon,2005-10-19T00:00,0.038,µg/m³,DICHOT,EDXRF
50124,MONTRÉAL-CHATEAUNEUF-ANJOU,Silicon,2005-10-19T00:00,0.370,µg/m³,DICHOT,EDXRF
50124,MONTRÉAL-CHATEAUNEUF-ANJOU,Silicon,2005-10-25T00:00,0.171,µg/m³,DICHOT,EDXRF
50124,MONTRÉAL-CHATEAUNEUF-ANJOU,Silicon,2005-10-25T00:00,0.203,µg/m³,DICHOT,EDXRF
50124,MONTRÉAL-CHATEAUNEUF-ANJOU,Silicon,2005-10-31T00:00,0.141,µg/m³,DICHOT,EDXRF
50124,MONTRÉAL-CHATEAUNEUF-ANJOU,Silicon,2005-10-31T00:00,0.961,µg/m³,DICHOT,EDXRF
50124,MONTRÉAL-CHATEAUNEUF-ANJOU,Silicon,2005-11-06T00:00,0.109,µg/m³,DICHOT,EDXRF
50124,MONTRÉAL-CHATEAUNEUF-ANJOU,Silicon,2005-11-06T00:00,0.373,µg/m³,DICHOT,EDXRF
50124,MONTRÉAL-CHATEAUNEUF-ANJOU,Silicon,2005-11-12T00:00,0.083,µg/m³,DICHOT,EDXRF
50124,MONTRÉAL-CHATEAUNEUF-ANJOU,Silicon,2005-11-12T00:00,1.024,µg/m³,DICHOT,EDXRF
50124,MONTRÉAL-CHATEAUNEUF-ANJOU,Silicon,2005-11-18T00:00,0.100,µg/m³,DICHOT,EDXRF
50124,MONTRÉAL-CHATEAUNEUF-ANJOU,Silicon,2005-11-18T00:00,1.193,µg/m³,DICHOT,EDXRF
50124,MONTRÉAL-CHATEAUNEUF-ANJOU,Silicon,2005-11-24T00:00,0.043,µg/m³,DICHOT,EDXRF
50124,MONTRÉAL-CHATEAUNEUF-ANJOU,Silicon,2005-11-24T00:00,0.399,µg/m³,DICHOT,EDXRF
50124,MONTRÉAL-CHATEAUNEUF-ANJOU,Silicon,2005-12-12T00:00,0.059,µg/m³,DICHOT,EDXRF
50124,MONTRÉAL-CHATEAUNEUF-ANJOU,Silicon,2005-12-12T00:00,0.259,µg/m³,DICHOT,EDXRF
50124,MONTRÉAL-CHATEAUNEUF-ANJOU,Silicon,2005-12-24T00:00,0.073,µg/m³,DICHOT,EDXRF
50124,MONTRÉAL-CHATEAUNEUF-ANJOU,Silicon,2005-12-24T00:00,0.248,µg/m³,DICHOT,EDXRF
50124,MONTRÉAL-CHATEAUNEUF-ANJOU,Silicon,2005-12-30T00:00,0.026,µg/m³,DICHOT,EDXRF
50124,MONTRÉAL-CHATEAUNEUF-ANJOU,Silicon,2005-12-30T00:00,0.277,µg/m³,DICHOT,EDXRF
