﻿NAPS_Site_ID,Station_Name,Pollutant,Date,Value,Units,Report_Type,Method
50121,BROSSARD-PARC OCÉANIE,Hexane,1994-01-02T00:00,0.578,µg/m³,VOC,
50121,BROSSARD-PARC OCÉANIE,Hexane,1994-01-08T00:00,0.726,µg/m³,VOC,
50121,BROSSARD-PARC OCÉANIE,Hexane,1994-01-14T00:00,0.972,µg/m³,VOC,
50121,BROSSARD-PARC OCÉANIE,Hexane,1994-01-20T00:00,0.891,µg/m³,VOC,
50121,BROSSARD-PARC OCÉANIE,Hexane,1994-01-26T00:00,0.940,µg/m³,VOC,
50121,BROSSARD-PARC OCÉANIE,Hexane,1994-02-01T00:00,1.996,µg/m³,VOC,
50121,BROSSARD-PARC OCÉANIE,Hexane,1994-02-07T00:00,0.775,µg/m³,VOC,
50121,BROSSARD-PARC OCÉANIE,Hexane,1994-02-13T00:00,0.663,µg/m³,VOC,
50121,BROSSARD-PARC OCÉANIE,Hexane,1994-02-19T00:00,1.781,µg/m³,VOC,
50121,BROSSARD-PARC OCÉANIE,Hexane,1994-02-25T00:00,0.629,µg/m³,VOC,
50121,BROSSARD-PARC OCÉANIE,Hexane,1994-03-03T00:00,0.952,µg/m³,VOC,
50121,BROSSARD-PARC OCÉANIE,Hexane,1994-03-09T00:00,0.554,µg/m³,VOC,
50121,BROSSARD-PARC OCÉANIE,Hexane,1994-03-15T00:00,1.264,µg/m³,VOC,
50121,BROSSARD-PARC OCÉANIE,Hexane,1994-04-20T00:00,0.254,µg/m³,VOC,
50121,BROSSARD-PARC OCÉANIE,Hexane,1994-04-26T00:00,0.643,µg/m³,VOC,
50121,BROSSARD-PARC OCÉANIE,Hexane,1994-05-02T00:00,0.373,µg/m³,VOC,
50121,BROSSARD-PARC OCÉANIE,Hexane,1994-05-14T00:00,0.410,µg/m³,VOC,
50121,BROSSARD-PARC OCÉANIE,Hexane,1994-05-20T00:00,0.831,µg/m³,VOC,
50121,BROSSARD-PARC OCÉANIE,Hexane,1994-05-26T00:00,0.277,µg/m³,VOC,
50121,BROSSARD-PARC OCÉANIE,Hexane,1994-06-01T00:00,0.196,µg/m³,VOC,
50121,BROSSARD-PARC OCÉANIE,Hexane,1994-06-07T00:00,1.204,µg/m³,VOC,
50121,BROSSARD-PARC OCÉANIE,Hexane,1994-06-13T00:00,0.396,µg/m³,VOC,
50121,BROSSARD-PARC OCÉANIE,Hexane,1994-06-19T00:00,0.333,µg/m³,VOC,
50121,BROSSARD-PARC OCÉANIE,Hexane,1994-06-25T00:00,0.382,µg/m³,VOC,
50121,BROSSARD-PARC OCÉANIE,Hexane,1994-07-01T00:00,0.278,µg/m³,VOC,
50121,BROSSARD-PARC OCÉANIE,Hexane,1994-07-07T00:00,0.727,µg/m³,VOC,
50121,BROSSARD-PARC OCÉANIE,Hexane,1994-07-13T00:00,0.335,µg/m³,VOC,
50121,BROSSARD-PARC OCÉANIE,Hexane,1994-07-19T00:00,0.363,µg/m³,VOC,
50121,BROSSARD-PARC OCÉANIE,Hexane,1994-07-25T00:00,0.328,µg/m³,VOC,
50121,BROSSARD-PARC OCÉANIE,Hexane,1994-07-31T00:00,0.170,µg/m³,VOC,
50121,BROSSARD-PARC OCÉANIE,Hexane,1994-08-06T00:00,2.064,µg/m³,VOC,
50121,BROSSARD-PARC OCÉANIE,Hexane,1994-08-12T00:00,0.253,µg/m³,VOC,
50121,BROSSARD-PARC OCÉANIE,Hexane,1994-08-18T00:00,0.712,µg/m³,VOC,
50121,BROSSARD-PARC OCÉANIE,Hexane,1994-08-24T00:00,0.509,µg/m³,VOC,
50121,BROSSARD-PARC OCÉANIE,Hexane,1994-08-30T00:00,0.334,µg/m³,VOC,
50121,BROSSARD-PARC OCÉANIE,Hexane,1994-09-05T00:00,0.484,µg/m³,VOC,
50121,BROSSARD-PARC OCÉANIE,Hexane,1994-09-11T00:00,0.221,µg/m³,VOC,
50121,BROSSARD-PARC OCÉANIE,Hexane,1994-09-17T00:00,0.560,µg/m³,VOC,
50121,BROSSARD-PARC OCÉANIE,Hexane,1994-09-23T00:00,0.359,µg/m³,VOC,
50121,BROSSARD-PARC OCÉANIE,Hexane,1994-09-29T00:00,0.415,µg/m³,VOC,
50121,BROSSARD-PARC OCÉANIE,Hexane,1994-10-05T00:00,0.351,µg/m³,VOC,
50121,BROSSARD-PARC OCÉANIE,Hexane,1994-10-11T00:00,0.674,µg/m³,VOC,
50121,BROSSARD-PARC OCÉANIE,Hexane,1994-10-17T00:00,3.166,µg/m³,VOC,
50121,BROSSARD-PARC OCÉANIE,Hexane,1994-10-23T00:00,0.939,µg/m³,VOC,
50121,BROSSARD-PARC OCÉANIE,Hexane,1994-10-29T00:00,0.467,µg/m³,VOC,
50121,BROSSARD-PARC OCÉANIE,Hexane,1994-11-04T00:00,0.614,µg/m³,VOC,
50121,BROSSARD-PARC OCÉANIE,Hexane,1994-11-10T00:00,0.460,µg/m³,VOC,
50121,BROSSARD-PARC OCÉANIE,Hexane,1994-11-16T00:00,1.233,µg/m³,VOC,
50121,BROSSARD-PARC OCÉANIE,Hexane,1994-11-22T00:00,0.271,µg/m³,VOC,
50121,BROSSARD-PARC OCÉANIE,Hexane,1994-11-28T00:00,0.556,µg/m³,VOC,
50121,BROSSARD-PARC OCÉANIE,Hexane,1994-12-04T00:00,1.124,µg/m³,VOC,
50121,BROSSARD-PARC OCÉANIE,Hexane,1994-12-10T00:00,0.796,µg/m³,VOC,
50121,BROSSARD-PARC OCÉANIE,Hexane,1994-12-16T00:00,1.174,µg/m³,VOC,
50121,BROSSARD-PARC OCÉANIE,Hexane,1994-12-22T00:00,1.663,µg/m³,VOC,
50121,BROSSARD-PARC OCÉANIE,Hexane,1994-12-28T00:00,1.763,µg/m³,VOC,
