﻿NAPS_Site_ID,Station_Name,Pollutant,Date,Value,Units,Report_Type,Method
101101,CHILLIWACK AIRPORT,Isopentane,2007-01-18T00:00,2.397,µg/m³,VOC,N/A
101101,CHILLIWACK AIRPORT,Isopentane,2007-02-05T00:00,0.786,µg/m³,VOC,N/A
101101,CHILLIWACK AIRPORT,Isopentane,2007-02-23T00:00,1.602,µg/m³,VOC,N/A
101101,CHILLIWACK AIRPORT,Isopentane,2007-03-07T00:00,1.028,µg/m³,VOC,N/A
101101,CHILLIWACK AIRPORT,Isopentane,2007-03-19T00:00,1.690,µg/m³,VOC,N/A
101101,CHILLIWACK AIRPORT,Isopentane,2007-03-31T00:00,0.994,µg/m³,VOC,N/A
101101,CHILLIWACK AIRPORT,Isopentane,2007-04-12T00:00,1.196,µg/m³,VOC,N/A
101101,CHILLIWACK AIRPORT,Isopentane,2007-04-18T00:00,1.277,µg/m³,VOC,N/A
101101,CHILLIWACK AIRPORT,Isopentane,2007-04-30T00:00,0.930,µg/m³,VOC,N/A
101101,CHILLIWACK AIRPORT,Isopentane,2007-05-12T00:00,4.388,µg/m³,VOC,N/A
101101,CHILLIWACK AIRPORT,Isopentane,2007-05-24T00:00,1.365,µg/m³,VOC,N/A
101101,CHILLIWACK AIRPORT,Isopentane,2007-06-17T00:00,0.809,µg/m³,VOC,N/A
101101,CHILLIWACK AIRPORT,Isopentane,2007-06-29T00:00,1.423,µg/m³,VOC,N/A
101101,CHILLIWACK AIRPORT,Isopentane,2007-07-11T00:00,1.782,µg/m³,VOC,N/A
101101,CHILLIWACK AIRPORT,Isopentane,2007-07-23T00:00,1.410,µg/m³,VOC,N/A
101101,CHILLIWACK AIRPORT,Isopentane,2007-07-29T00:00,1.726,µg/m³,VOC,N/A
101101,CHILLIWACK AIRPORT,Isopentane,2007-08-04T00:00,1.545,µg/m³,VOC,N/A
101101,CHILLIWACK AIRPORT,Isopentane,2007-08-16T00:00,2.157,µg/m³,VOC,N/A
101101,CHILLIWACK AIRPORT,Isopentane,2007-08-28T00:00,1.668,µg/m³,VOC,N/A
101101,CHILLIWACK AIRPORT,Isopentane,2007-09-09T00:00,1.299,µg/m³,VOC,N/A
101101,CHILLIWACK AIRPORT,Isopentane,2007-09-21T00:00,2.087,µg/m³,VOC,N/A
101101,CHILLIWACK AIRPORT,Isopentane,2007-10-03T00:00,0.790,µg/m³,VOC,N/A
101101,CHILLIWACK AIRPORT,Isopentane,2007-10-15T00:00,1.575,µg/m³,VOC,N/A
101101,CHILLIWACK AIRPORT,Isopentane,2007-10-27T00:00,1.178,µg/m³,VOC,N/A
101101,CHILLIWACK AIRPORT,Isopentane,2007-11-08T00:00,0.721,µg/m³,VOC,N/A
101101,CHILLIWACK AIRPORT,Isopentane,2007-11-20T00:00,1.429,µg/m³,VOC,N/A
101101,CHILLIWACK AIRPORT,Isopentane,2007-12-02T00:00,0.325,µg/m³,VOC,N/A
101101,CHILLIWACK AIRPORT,Isopentane,2007-12-14T00:00,0.975,µg/m³,VOC,N/A
101101,CHILLIWACK AIRPORT,Isopentane,2007-12-26T00:00,1.361,µg/m³,VOC,N/A
