﻿NAPS_Site_ID,Station_Name,Pollutant,Date,Value,Units,Report_Type,Method
30118,VOGUE BUILDING,iso-Butylbenzene,2011-01-03T00:00,0.003,µg/m³,VOC,
30118,VOGUE BUILDING,iso-Butylbenzene,2011-01-09T00:00,0.000,µg/m³,VOC,
30118,VOGUE BUILDING,iso-Butylbenzene,2011-01-15T00:00,0.002,µg/m³,VOC,
30118,VOGUE BUILDING,iso-Butylbenzene,2011-01-27T00:00,0.003,µg/m³,VOC,
30118,VOGUE BUILDING,iso-Butylbenzene,2011-02-02T00:00,0.002,µg/m³,VOC,
30118,VOGUE BUILDING,iso-Butylbenzene,2011-02-08T00:00,0.004,µg/m³,VOC,
30118,VOGUE BUILDING,iso-Butylbenzene,2011-02-14T00:00,0.003,µg/m³,VOC,
30118,VOGUE BUILDING,iso-Butylbenzene,2011-02-26T00:00,0.001,µg/m³,VOC,
30118,VOGUE BUILDING,iso-Butylbenzene,2011-03-04T00:00,0.002,µg/m³,VOC,
30118,VOGUE BUILDING,iso-Butylbenzene,2011-03-10T00:00,0.003,µg/m³,VOC,
30118,VOGUE BUILDING,iso-Butylbenzene,2011-03-16T00:00,0.002,µg/m³,VOC,
30118,VOGUE BUILDING,iso-Butylbenzene,2011-03-22T00:00,0.003,µg/m³,VOC,
30118,VOGUE BUILDING,iso-Butylbenzene,2011-04-03T00:00,0.003,µg/m³,VOC,
30118,VOGUE BUILDING,iso-Butylbenzene,2011-04-21T00:00,0.005,µg/m³,VOC,
30118,VOGUE BUILDING,iso-Butylbenzene,2011-04-27T00:00,0.004,µg/m³,VOC,
30118,VOGUE BUILDING,iso-Butylbenzene,2011-05-03T00:00,0.005,µg/m³,VOC,
30118,VOGUE BUILDING,iso-Butylbenzene,2011-05-09T00:00,0.002,µg/m³,VOC,
30118,VOGUE BUILDING,iso-Butylbenzene,2011-05-15T00:00,0.003,µg/m³,VOC,
30118,VOGUE BUILDING,iso-Butylbenzene,2011-05-27T00:00,0.005,µg/m³,VOC,
30118,VOGUE BUILDING,iso-Butylbenzene,2011-06-08T00:00,0.005,µg/m³,VOC,
30118,VOGUE BUILDING,iso-Butylbenzene,2011-06-14T00:00,0.004,µg/m³,VOC,
30118,VOGUE BUILDING,iso-Butylbenzene,2011-06-20T00:00,0.004,µg/m³,VOC,
30118,VOGUE BUILDING,iso-Butylbenzene,2011-06-26T00:00,0.007,µg/m³,VOC,
30118,VOGUE BUILDING,iso-Butylbenzene,2011-07-02T00:00,0.007,µg/m³,VOC,
30118,VOGUE BUILDING,iso-Butylbenzene,2011-07-08T00:00,0.012,µg/m³,VOC,
30118,VOGUE BUILDING,iso-Butylbenzene,2011-07-14T00:00,0.005,µg/m³,VOC,
30118,VOGUE BUILDING,iso-Butylbenzene,2011-07-20T00:00,0.007,µg/m³,VOC,
30118,VOGUE BUILDING,iso-Butylbenzene,2011-07-26T00:00,0.010,µg/m³,VOC,
