﻿NAPS_Site_ID,Station_Name,Pollutant,Date,Value,Units,Report_Type,Method
90121,EDMONTON EAST,P5CDF,1996-01-01T00:00,0.061,pg/m³,PCDD,GC-MS
90121,EDMONTON EAST,P5CDF,1996-01-07T00:00,0.091,pg/m³,PCDD,GC-MS
90121,EDMONTON EAST,P5CDF,1996-01-22T00:00,0.218,pg/m³,PCDD,GC-MS
90121,EDMONTON EAST,P5CDF,1996-02-21T00:00,0.093,pg/m³,PCDD,GC-MS
90121,EDMONTON EAST,P5CDF,1996-04-09T00:00,0.028,pg/m³,PCDD,GC-MS
90121,EDMONTON EAST,P5CDF,1996-11-11T00:00,0.000,pg/m³,PCDD,GC-MS
90121,EDMONTON EAST,P5CDF,1996-12-05T00:00,0.470,pg/m³,PCDD,GC-MS
90121,EDMONTON EAST,P5CDF,1996-12-29T00:00,0.007,pg/m³,PCDD,GC-MS
