﻿NAPS_Site_ID,Station_Name,Pollutant,Date,Value,Units,Report_Type,Method
50129,MONTRÉAL-RIVIÈRE-DES-PRAIRIES,1-Hexene,2005-01-04T00:00,0.028,µg/m³,VOC,GC-MS
50129,MONTRÉAL-RIVIÈRE-DES-PRAIRIES,1-Hexene,2005-01-10T00:00,0.045,µg/m³,VOC,GC-MS
50129,MONTRÉAL-RIVIÈRE-DES-PRAIRIES,1-Hexene,2005-01-16T00:00,0.029,µg/m³,VOC,GC-MS
50129,MONTRÉAL-RIVIÈRE-DES-PRAIRIES,1-Hexene,2005-01-22T00:00,0.056,µg/m³,VOC,GC-MS
50129,MONTRÉAL-RIVIÈRE-DES-PRAIRIES,1-Hexene,2005-01-28T00:00,0.074,µg/m³,VOC,GC-MS
50129,MONTRÉAL-RIVIÈRE-DES-PRAIRIES,1-Hexene,2005-02-03T00:00,0.079,µg/m³,VOC,GC-MS
50129,MONTRÉAL-RIVIÈRE-DES-PRAIRIES,1-Hexene,2005-02-15T00:00,0.031,µg/m³,VOC,GC-MS
50129,MONTRÉAL-RIVIÈRE-DES-PRAIRIES,1-Hexene,2005-02-21T00:00,0.020,µg/m³,VOC,GC-MS
50129,MONTRÉAL-RIVIÈRE-DES-PRAIRIES,1-Hexene,2005-02-27T00:00,0.015,µg/m³,VOC,GC-MS
50129,MONTRÉAL-RIVIÈRE-DES-PRAIRIES,1-Hexene,2005-03-05T00:00,0.022,µg/m³,VOC,GC-MS
50129,MONTRÉAL-RIVIÈRE-DES-PRAIRIES,1-Hexene,2005-03-11T00:00,0.082,µg/m³,VOC,GC-MS
50129,MONTRÉAL-RIVIÈRE-DES-PRAIRIES,1-Hexene,2005-03-17T00:00,0.065,µg/m³,VOC,GC-MS
50129,MONTRÉAL-RIVIÈRE-DES-PRAIRIES,1-Hexene,2005-03-23T00:00,0.032,µg/m³,VOC,GC-MS
50129,MONTRÉAL-RIVIÈRE-DES-PRAIRIES,1-Hexene,2005-03-29T00:00,0.036,µg/m³,VOC,GC-MS
50129,MONTRÉAL-RIVIÈRE-DES-PRAIRIES,1-Hexene,2005-04-04T00:00,0.028,µg/m³,VOC,GC-MS
50129,MONTRÉAL-RIVIÈRE-DES-PRAIRIES,1-Hexene,2005-04-10T00:00,0.031,µg/m³,VOC,GC-MS
50129,MONTRÉAL-RIVIÈRE-DES-PRAIRIES,1-Hexene,2005-04-16T00:00,0.088,µg/m³,VOC,GC-MS
50129,MONTRÉAL-RIVIÈRE-DES-PRAIRIES,1-Hexene,2005-04-22T00:00,0.082,µg/m³,VOC,GC-MS
50129,MONTRÉAL-RIVIÈRE-DES-PRAIRIES,1-Hexene,2005-04-28T00:00,0.022,µg/m³,VOC,GC-MS
50129,MONTRÉAL-RIVIÈRE-DES-PRAIRIES,1-Hexene,2005-05-04T00:00,0.019,µg/m³,VOC,GC-MS
50129,MONTRÉAL-RIVIÈRE-DES-PRAIRIES,1-Hexene,2005-05-10T00:00,0.139,µg/m³,VOC,GC-MS
50129,MONTRÉAL-RIVIÈRE-DES-PRAIRIES,1-Hexene,2005-05-16T00:00,0.041,µg/m³,VOC,GC-MS
50129,MONTRÉAL-RIVIÈRE-DES-PRAIRIES,1-Hexene,2005-05-22T00:00,0.000,µg/m³,VOC,GC-MS
50129,MONTRÉAL-RIVIÈRE-DES-PRAIRIES,1-Hexene,2005-05-28T00:00,0.231,µg/m³,VOC,GC-MS
50129,MONTRÉAL-RIVIÈRE-DES-PRAIRIES,1-Hexene,2005-06-03T00:00,0.075,µg/m³,VOC,GC-MS
50129,MONTRÉAL-RIVIÈRE-DES-PRAIRIES,1-Hexene,2005-06-09T00:00,0.035,µg/m³,VOC,GC-MS
50129,MONTRÉAL-RIVIÈRE-DES-PRAIRIES,1-Hexene,2005-06-15T00:00,0.049,µg/m³,VOC,GC-MS
50129,MONTRÉAL-RIVIÈRE-DES-PRAIRIES,1-Hexene,2005-06-21T00:00,0.021,µg/m³,VOC,GC-MS
50129,MONTRÉAL-RIVIÈRE-DES-PRAIRIES,1-Hexene,2005-06-27T00:00,0.047,µg/m³,VOC,GC-MS
50129,MONTRÉAL-RIVIÈRE-DES-PRAIRIES,1-Hexene,2005-07-03T00:00,0.032,µg/m³,VOC,GC-MS
50129,MONTRÉAL-RIVIÈRE-DES-PRAIRIES,1-Hexene,2005-07-09T00:00,0.037,µg/m³,VOC,GC-MS
50129,MONTRÉAL-RIVIÈRE-DES-PRAIRIES,1-Hexene,2005-07-15T00:00,4.975,µg/m³,VOC,GC-MS
50129,MONTRÉAL-RIVIÈRE-DES-PRAIRIES,1-Hexene,2005-07-21T00:00,0.024,µg/m³,VOC,GC-MS
50129,MONTRÉAL-RIVIÈRE-DES-PRAIRIES,1-Hexene,2005-07-27T00:00,0.025,µg/m³,VOC,GC-MS
50129,MONTRÉAL-RIVIÈRE-DES-PRAIRIES,1-Hexene,2005-08-02T00:00,0.040,µg/m³,VOC,GC-MS
50129,MONTRÉAL-RIVIÈRE-DES-PRAIRIES,1-Hexene,2005-08-14T00:00,0.037,µg/m³,VOC,GC-MS
50129,MONTRÉAL-RIVIÈRE-DES-PRAIRIES,1-Hexene,2005-08-20T00:00,0.020,µg/m³,VOC,GC-MS
50129,MONTRÉAL-RIVIÈRE-DES-PRAIRIES,1-Hexene,2005-08-26T00:00,0.044,µg/m³,VOC,GC-MS
50129,MONTRÉAL-RIVIÈRE-DES-PRAIRIES,1-Hexene,2005-09-01T00:00,0.020,µg/m³,VOC,GC-MS
50129,MONTRÉAL-RIVIÈRE-DES-PRAIRIES,1-Hexene,2005-09-07T00:00,0.026,µg/m³,VOC,GC-MS
50129,MONTRÉAL-RIVIÈRE-DES-PRAIRIES,1-Hexene,2005-09-13T00:00,0.045,µg/m³,VOC,GC-MS
50129,MONTRÉAL-RIVIÈRE-DES-PRAIRIES,1-Hexene,2005-09-19T00:00,0.138,µg/m³,VOC,GC-MS
50129,MONTRÉAL-RIVIÈRE-DES-PRAIRIES,1-Hexene,2005-09-25T00:00,0.037,µg/m³,VOC,GC-MS
50129,MONTRÉAL-RIVIÈRE-DES-PRAIRIES,1-Hexene,2005-10-01T00:00,0.056,µg/m³,VOC,GC-MS
50129,MONTRÉAL-RIVIÈRE-DES-PRAIRIES,1-Hexene,2005-10-07T00:00,0.032,µg/m³,VOC,GC-MS
50129,MONTRÉAL-RIVIÈRE-DES-PRAIRIES,1-Hexene,2005-10-13T00:00,0.019,µg/m³,VOC,GC-MS
50129,MONTRÉAL-RIVIÈRE-DES-PRAIRIES,1-Hexene,2005-10-19T00:00,0.032,µg/m³,VOC,GC-MS
50129,MONTRÉAL-RIVIÈRE-DES-PRAIRIES,1-Hexene,2005-10-25T00:00,0.000,µg/m³,VOC,GC-MS
50129,MONTRÉAL-RIVIÈRE-DES-PRAIRIES,1-Hexene,2005-10-31T00:00,0.015,µg/m³,VOC,GC-MS
50129,MONTRÉAL-RIVIÈRE-DES-PRAIRIES,1-Hexene,2005-11-06T00:00,0.033,µg/m³,VOC,GC-MS
50129,MONTRÉAL-RIVIÈRE-DES-PRAIRIES,1-Hexene,2005-11-12T00:00,0.107,µg/m³,VOC,GC-MS
50129,MONTRÉAL-RIVIÈRE-DES-PRAIRIES,1-Hexene,2005-11-18T00:00,0.042,µg/m³,VOC,GC-MS
50129,MONTRÉAL-RIVIÈRE-DES-PRAIRIES,1-Hexene,2005-11-24T00:00,0.098,µg/m³,VOC,GC-MS
50129,MONTRÉAL-RIVIÈRE-DES-PRAIRIES,1-Hexene,2005-11-30T00:00,0.024,µg/m³,VOC,GC-MS
50129,MONTRÉAL-RIVIÈRE-DES-PRAIRIES,1-Hexene,2005-12-12T00:00,0.022,µg/m³,VOC,GC-MS
50129,MONTRÉAL-RIVIÈRE-DES-PRAIRIES,1-Hexene,2005-12-18T00:00,0.033,µg/m³,VOC,GC-MS
50129,MONTRÉAL-RIVIÈRE-DES-PRAIRIES,1-Hexene,2005-12-24T00:00,0.109,µg/m³,VOC,GC-MS
50129,MONTRÉAL-RIVIÈRE-DES-PRAIRIES,1-Hexene,2005-12-30T00:00,0.025,µg/m³,VOC,GC-MS
