﻿NAPS_Site_ID,Station_Name,Pollutant,Date,Value,Units,Report_Type,Method
50115,MONTRÉAL-MAISONNEUVE,3-Methylheptane,1998-01-05T00:00,0.960,µg/m³,VOC,N/A
50115,MONTRÉAL-MAISONNEUVE,3-Methylheptane,1998-01-17T00:00,0.540,µg/m³,VOC,N/A
50115,MONTRÉAL-MAISONNEUVE,3-Methylheptane,1998-01-23T00:00,0.980,µg/m³,VOC,N/A
50115,MONTRÉAL-MAISONNEUVE,3-Methylheptane,1998-01-29T00:00,1.600,µg/m³,VOC,N/A
50115,MONTRÉAL-MAISONNEUVE,3-Methylheptane,1998-02-04T00:00,1.800,µg/m³,VOC,N/A
50115,MONTRÉAL-MAISONNEUVE,3-Methylheptane,1998-02-16T00:00,1.200,µg/m³,VOC,N/A
50115,MONTRÉAL-MAISONNEUVE,3-Methylheptane,1998-02-22T00:00,0.520,µg/m³,VOC,N/A
50115,MONTRÉAL-MAISONNEUVE,3-Methylheptane,1998-02-28T00:00,0.780,µg/m³,VOC,N/A
50115,MONTRÉAL-MAISONNEUVE,3-Methylheptane,1998-03-06T00:00,1.040,µg/m³,VOC,N/A
50115,MONTRÉAL-MAISONNEUVE,3-Methylheptane,1998-03-12T00:00,0.840,µg/m³,VOC,N/A
50115,MONTRÉAL-MAISONNEUVE,3-Methylheptane,1998-03-18T00:00,2.280,µg/m³,VOC,N/A
50115,MONTRÉAL-MAISONNEUVE,3-Methylheptane,1998-03-24T00:00,0.780,µg/m³,VOC,N/A
50115,MONTRÉAL-MAISONNEUVE,3-Methylheptane,1998-03-30T00:00,1.000,µg/m³,VOC,N/A
50115,MONTRÉAL-MAISONNEUVE,3-Methylheptane,1998-04-05T00:00,0.880,µg/m³,VOC,N/A
50115,MONTRÉAL-MAISONNEUVE,3-Methylheptane,1998-04-11T00:00,1.400,µg/m³,VOC,N/A
50115,MONTRÉAL-MAISONNEUVE,3-Methylheptane,1998-04-17T00:00,0.330,µg/m³,VOC,N/A
50115,MONTRÉAL-MAISONNEUVE,3-Methylheptane,1998-04-23T00:00,1.140,µg/m³,VOC,N/A
50115,MONTRÉAL-MAISONNEUVE,3-Methylheptane,1998-04-29T00:00,0.680,µg/m³,VOC,N/A
50115,MONTRÉAL-MAISONNEUVE,3-Methylheptane,1998-05-05T00:00,0.460,µg/m³,VOC,N/A
50115,MONTRÉAL-MAISONNEUVE,3-Methylheptane,1998-05-11T00:00,0.420,µg/m³,VOC,N/A
50115,MONTRÉAL-MAISONNEUVE,3-Methylheptane,1998-05-17T00:00,0.409,µg/m³,VOC,N/A
50115,MONTRÉAL-MAISONNEUVE,3-Methylheptane,1998-05-23T00:00,0.452,µg/m³,VOC,N/A
50115,MONTRÉAL-MAISONNEUVE,3-Methylheptane,1998-06-04T00:00,0.785,µg/m³,VOC,N/A
50115,MONTRÉAL-MAISONNEUVE,3-Methylheptane,1998-07-04T00:00,1.180,µg/m³,VOC,N/A
50115,MONTRÉAL-MAISONNEUVE,3-Methylheptane,1998-07-10T00:00,1.214,µg/m³,VOC,N/A
50115,MONTRÉAL-MAISONNEUVE,3-Methylheptane,1998-07-16T00:00,0.790,µg/m³,VOC,N/A
50115,MONTRÉAL-MAISONNEUVE,3-Methylheptane,1998-07-22T00:00,0.627,µg/m³,VOC,N/A
50115,MONTRÉAL-MAISONNEUVE,3-Methylheptane,1998-07-28T00:00,0.814,µg/m³,VOC,N/A
50115,MONTRÉAL-MAISONNEUVE,3-Methylheptane,1998-08-03T00:00,0.821,µg/m³,VOC,N/A
50115,MONTRÉAL-MAISONNEUVE,3-Methylheptane,1998-08-09T00:00,0.640,µg/m³,VOC,N/A
50115,MONTRÉAL-MAISONNEUVE,3-Methylheptane,1998-08-16T00:00,0.496,µg/m³,VOC,N/A
50115,MONTRÉAL-MAISONNEUVE,3-Methylheptane,1998-08-22T00:00,1.105,µg/m³,VOC,N/A
50115,MONTRÉAL-MAISONNEUVE,3-Methylheptane,1998-08-27T00:00,0.866,µg/m³,VOC,N/A
50115,MONTRÉAL-MAISONNEUVE,3-Methylheptane,1998-09-02T00:00,0.824,µg/m³,VOC,N/A
50115,MONTRÉAL-MAISONNEUVE,3-Methylheptane,1998-09-08T00:00,0.754,µg/m³,VOC,N/A
50115,MONTRÉAL-MAISONNEUVE,3-Methylheptane,1998-09-14T00:00,1.144,µg/m³,VOC,N/A
50115,MONTRÉAL-MAISONNEUVE,3-Methylheptane,1998-09-20T00:00,0.448,µg/m³,VOC,N/A
50115,MONTRÉAL-MAISONNEUVE,3-Methylheptane,1998-11-19T00:00,0.652,µg/m³,VOC,N/A
50115,MONTRÉAL-MAISONNEUVE,3-Methylheptane,1998-11-25T00:00,0.654,µg/m³,VOC,N/A
50115,MONTRÉAL-MAISONNEUVE,3-Methylheptane,1998-12-01T00:00,0.482,µg/m³,VOC,N/A
50115,MONTRÉAL-MAISONNEUVE,3-Methylheptane,1998-12-07T00:00,0.862,µg/m³,VOC,N/A
50115,MONTRÉAL-MAISONNEUVE,3-Methylheptane,1998-12-13T00:00,0.664,µg/m³,VOC,N/A
50115,MONTRÉAL-MAISONNEUVE,3-Methylheptane,1998-12-19T00:00,0.504,µg/m³,VOC,N/A
50115,MONTRÉAL-MAISONNEUVE,3-Methylheptane,1998-12-25T00:00,0.144,µg/m³,VOC,N/A
50115,MONTRÉAL-MAISONNEUVE,3-Methylheptane,1998-12-31T00:00,0.418,µg/m³,VOC,N/A
