﻿NAPS_Site_ID,Station_Name,Pollutant,Date,Value,Units,Report_Type,Method
90121,EDMONTON EAST,"1,1,2,2-Tetrachloroethane",1997-01-04T00:00,0.000,µg/m³,VOC,N/A
90121,EDMONTON EAST,"1,1,2,2-Tetrachloroethane",1997-01-10T00:00,0.000,µg/m³,VOC,N/A
90121,EDMONTON EAST,"1,1,2,2-Tetrachloroethane",1997-01-16T00:00,0.000,µg/m³,VOC,N/A
90121,EDMONTON EAST,"1,1,2,2-Tetrachloroethane",1997-01-22T00:00,0.000,µg/m³,VOC,N/A
90121,EDMONTON EAST,"1,1,2,2-Tetrachloroethane",1997-01-28T00:00,0.040,µg/m³,VOC,N/A
90121,EDMONTON EAST,"1,1,2,2-Tetrachloroethane",1997-02-03T00:00,0.040,µg/m³,VOC,N/A
90121,EDMONTON EAST,"1,1,2,2-Tetrachloroethane",1997-02-09T00:00,0.000,µg/m³,VOC,N/A
90121,EDMONTON EAST,"1,1,2,2-Tetrachloroethane",1997-02-13T00:00,0.000,µg/m³,VOC,N/A
90121,EDMONTON EAST,"1,1,2,2-Tetrachloroethane",1997-02-15T00:00,0.000,µg/m³,VOC,N/A
90121,EDMONTON EAST,"1,1,2,2-Tetrachloroethane",1997-02-21T00:00,0.000,µg/m³,VOC,N/A
90121,EDMONTON EAST,"1,1,2,2-Tetrachloroethane",1997-02-27T00:00,0.000,µg/m³,VOC,N/A
90121,EDMONTON EAST,"1,1,2,2-Tetrachloroethane",1997-03-05T00:00,0.000,µg/m³,VOC,N/A
90121,EDMONTON EAST,"1,1,2,2-Tetrachloroethane",1997-03-11T00:00,0.040,µg/m³,VOC,N/A
90121,EDMONTON EAST,"1,1,2,2-Tetrachloroethane",1997-03-17T00:00,0.060,µg/m³,VOC,N/A
90121,EDMONTON EAST,"1,1,2,2-Tetrachloroethane",1997-03-23T00:00,0.040,µg/m³,VOC,N/A
90121,EDMONTON EAST,"1,1,2,2-Tetrachloroethane",1997-03-26T00:00,0.000,µg/m³,VOC,N/A
90121,EDMONTON EAST,"1,1,2,2-Tetrachloroethane",1997-03-29T00:00,0.040,µg/m³,VOC,N/A
90121,EDMONTON EAST,"1,1,2,2-Tetrachloroethane",1997-04-04T00:00,0.000,µg/m³,VOC,N/A
90121,EDMONTON EAST,"1,1,2,2-Tetrachloroethane",1997-04-10T00:00,0.040,µg/m³,VOC,N/A
90121,EDMONTON EAST,"1,1,2,2-Tetrachloroethane",1997-04-16T00:00,0.040,µg/m³,VOC,N/A
90121,EDMONTON EAST,"1,1,2,2-Tetrachloroethane",1997-04-18T00:00,0.000,µg/m³,VOC,N/A
90121,EDMONTON EAST,"1,1,2,2-Tetrachloroethane",1997-04-22T00:00,0.020,µg/m³,VOC,N/A
90121,EDMONTON EAST,"1,1,2,2-Tetrachloroethane",1997-04-28T00:00,0.019,µg/m³,VOC,N/A
90121,EDMONTON EAST,"1,1,2,2-Tetrachloroethane",1997-05-04T00:00,0.000,µg/m³,VOC,N/A
90121,EDMONTON EAST,"1,1,2,2-Tetrachloroethane",1997-05-10T00:00,0.040,µg/m³,VOC,N/A
90121,EDMONTON EAST,"1,1,2,2-Tetrachloroethane",1997-05-16T00:00,0.000,µg/m³,VOC,N/A
90121,EDMONTON EAST,"1,1,2,2-Tetrachloroethane",1997-05-22T00:00,0.000,µg/m³,VOC,N/A
90121,EDMONTON EAST,"1,1,2,2-Tetrachloroethane",1997-05-30T00:00,0.000,µg/m³,VOC,N/A
90121,EDMONTON EAST,"1,1,2,2-Tetrachloroethane",1997-05-30T00:00,0.000,µg/m³,VOC,N/A
90121,EDMONTON EAST,"1,1,2,2-Tetrachloroethane",1997-06-03T00:00,0.048,µg/m³,VOC,N/A
90121,EDMONTON EAST,"1,1,2,2-Tetrachloroethane",1997-06-09T00:00,0.037,µg/m³,VOC,N/A
90121,EDMONTON EAST,"1,1,2,2-Tetrachloroethane",1997-06-15T00:00,0.040,µg/m³,VOC,N/A
90121,EDMONTON EAST,"1,1,2,2-Tetrachloroethane",1997-06-21T00:00,0.000,µg/m³,VOC,N/A
90121,EDMONTON EAST,"1,1,2,2-Tetrachloroethane",1997-06-27T00:00,0.000,µg/m³,VOC,N/A
90121,EDMONTON EAST,"1,1,2,2-Tetrachloroethane",1997-07-03T00:00,0.000,µg/m³,VOC,N/A
90121,EDMONTON EAST,"1,1,2,2-Tetrachloroethane",1997-07-05T00:00,0.000,µg/m³,VOC,N/A
90121,EDMONTON EAST,"1,1,2,2-Tetrachloroethane",1997-07-09T00:00,0.000,µg/m³,VOC,N/A
90121,EDMONTON EAST,"1,1,2,2-Tetrachloroethane",1997-07-15T00:00,0.041,µg/m³,VOC,N/A
90121,EDMONTON EAST,"1,1,2,2-Tetrachloroethane",1997-07-17T00:00,0.031,µg/m³,VOC,N/A
90121,EDMONTON EAST,"1,1,2,2-Tetrachloroethane",1997-07-21T00:00,0.000,µg/m³,VOC,N/A
90121,EDMONTON EAST,"1,1,2,2-Tetrachloroethane",1997-07-24T00:00,0.000,µg/m³,VOC,N/A
90121,EDMONTON EAST,"1,1,2,2-Tetrachloroethane",1997-07-27T00:00,0.011,µg/m³,VOC,N/A
90121,EDMONTON EAST,"1,1,2,2-Tetrachloroethane",1997-07-30T00:00,0.000,µg/m³,VOC,N/A
90121,EDMONTON EAST,"1,1,2,2-Tetrachloroethane",1997-08-14T00:00,0.000,µg/m³,VOC,N/A
90121,EDMONTON EAST,"1,1,2,2-Tetrachloroethane",1997-08-20T00:00,0.000,µg/m³,VOC,N/A
90121,EDMONTON EAST,"1,1,2,2-Tetrachloroethane",1997-08-26T00:00,0.017,µg/m³,VOC,N/A
90121,EDMONTON EAST,"1,1,2,2-Tetrachloroethane",1997-09-01T00:00,0.016,µg/m³,VOC,N/A
90121,EDMONTON EAST,"1,1,2,2-Tetrachloroethane",1997-09-07T00:00,0.000,µg/m³,VOC,N/A
90121,EDMONTON EAST,"1,1,2,2-Tetrachloroethane",1997-09-13T00:00,0.000,µg/m³,VOC,N/A
90121,EDMONTON EAST,"1,1,2,2-Tetrachloroethane",1997-09-19T00:00,0.000,µg/m³,VOC,N/A
90121,EDMONTON EAST,"1,1,2,2-Tetrachloroethane",1997-09-25T00:00,0.023,µg/m³,VOC,N/A
90121,EDMONTON EAST,"1,1,2,2-Tetrachloroethane",1997-10-01T00:00,0.000,µg/m³,VOC,N/A
90121,EDMONTON EAST,"1,1,2,2-Tetrachloroethane",1997-10-07T00:00,0.057,µg/m³,VOC,N/A
90121,EDMONTON EAST,"1,1,2,2-Tetrachloroethane",1997-10-13T00:00,0.000,µg/m³,VOC,N/A
90121,EDMONTON EAST,"1,1,2,2-Tetrachloroethane",1997-10-19T00:00,0.019,µg/m³,VOC,N/A
90121,EDMONTON EAST,"1,1,2,2-Tetrachloroethane",1997-10-25T00:00,0.000,µg/m³,VOC,N/A
90121,EDMONTON EAST,"1,1,2,2-Tetrachloroethane",1997-10-31T00:00,0.000,µg/m³,VOC,N/A
90121,EDMONTON EAST,"1,1,2,2-Tetrachloroethane",1997-11-06T00:00,0.000,µg/m³,VOC,N/A
90121,EDMONTON EAST,"1,1,2,2-Tetrachloroethane",1997-11-12T00:00,0.033,µg/m³,VOC,N/A
90121,EDMONTON EAST,"1,1,2,2-Tetrachloroethane",1997-11-18T00:00,0.024,µg/m³,VOC,N/A
90121,EDMONTON EAST,"1,1,2,2-Tetrachloroethane",1997-11-24T00:00,0.000,µg/m³,VOC,N/A
90121,EDMONTON EAST,"1,1,2,2-Tetrachloroethane",1997-11-30T00:00,0.000,µg/m³,VOC,N/A
90121,EDMONTON EAST,"1,1,2,2-Tetrachloroethane",1997-12-06T00:00,0.000,µg/m³,VOC,N/A
90121,EDMONTON EAST,"1,1,2,2-Tetrachloroethane",1997-12-12T00:00,0.000,µg/m³,VOC,N/A
90121,EDMONTON EAST,"1,1,2,2-Tetrachloroethane",1997-12-18T00:00,0.000,µg/m³,VOC,N/A
90121,EDMONTON EAST,"1,1,2,2-Tetrachloroethane",1997-12-24T00:00,0.020,µg/m³,VOC,N/A
90121,EDMONTON EAST,"1,1,2,2-Tetrachloroethane",1997-12-30T00:00,0.000,µg/m³,VOC,N/A
