﻿NAPS_Site_ID,Station_Name,Pollutant,Date,Value,Units,Report_Type,Method
62601,EXPERIMENTAL FARM _SIMCOE_,OC3(A),2018-01-02T00:00,0.472,µg/m³,PM2.5,TOR(OC/EC)
62601,EXPERIMENTAL FARM _SIMCOE_,OC3(A),2018-01-05T00:00,0.515,µg/m³,PM2.5,TOR(OC/EC)
62601,EXPERIMENTAL FARM _SIMCOE_,OC3(A),2018-01-11T00:00,0.726,µg/m³,PM2.5,TOR(OC/EC)
62601,EXPERIMENTAL FARM _SIMCOE_,OC3(A),2018-01-17T00:00,0.579,µg/m³,PM2.5,TOR(OC/EC)
62601,EXPERIMENTAL FARM _SIMCOE_,OC3(A),2018-01-20T00:00,0.589,µg/m³,PM2.5,TOR(OC/EC)
62601,EXPERIMENTAL FARM _SIMCOE_,OC3(A),2018-01-23T00:00,0.358,µg/m³,PM2.5,TOR(OC/EC)
62601,EXPERIMENTAL FARM _SIMCOE_,OC3(A),2018-01-26T00:00,0.551,µg/m³,PM2.5,TOR(OC/EC)
62601,EXPERIMENTAL FARM _SIMCOE_,OC3(A),2018-01-29T00:00,0.387,µg/m³,PM2.5,TOR(OC/EC)
62601,EXPERIMENTAL FARM _SIMCOE_,OC3(A),2018-02-04T00:00,0.327,µg/m³,PM2.5,TOR(OC/EC)
62601,EXPERIMENTAL FARM _SIMCOE_,OC3(A),2018-02-07T00:00,0.647,µg/m³,PM2.5,TOR(OC/EC)
62601,EXPERIMENTAL FARM _SIMCOE_,OC3(A),2018-02-10T00:00,1.068,µg/m³,PM2.5,TOR(OC/EC)
62601,EXPERIMENTAL FARM _SIMCOE_,OC3(A),2018-02-13T00:00,0.688,µg/m³,PM2.5,TOR(OC/EC)
62601,EXPERIMENTAL FARM _SIMCOE_,OC3(A),2018-02-16T00:00,0.832,µg/m³,PM2.5,TOR(OC/EC)
62601,EXPERIMENTAL FARM _SIMCOE_,OC3(A),2018-02-19T00:00,0.393,µg/m³,PM2.5,TOR(OC/EC)
62601,EXPERIMENTAL FARM _SIMCOE_,OC3(A),2018-02-22T00:00,0.415,µg/m³,PM2.5,TOR(OC/EC)
62601,EXPERIMENTAL FARM _SIMCOE_,OC3(A),2018-02-25T00:00,0.382,µg/m³,PM2.5,TOR(OC/EC)
62601,EXPERIMENTAL FARM _SIMCOE_,OC3(A),2018-02-28T00:00,0.734,µg/m³,PM2.5,TOR(OC/EC)
62601,EXPERIMENTAL FARM _SIMCOE_,OC3(A),2018-03-03T00:00,0.381,µg/m³,PM2.5,TOR(OC/EC)
62601,EXPERIMENTAL FARM _SIMCOE_,OC3(A),2018-03-06T00:00,0.509,µg/m³,PM2.5,TOR(OC/EC)
62601,EXPERIMENTAL FARM _SIMCOE_,OC3(A),2018-03-09T00:00,0.340,µg/m³,PM2.5,TOR(OC/EC)
62601,EXPERIMENTAL FARM _SIMCOE_,OC3(A),2018-03-12T00:00,0.377,µg/m³,PM2.5,TOR(OC/EC)
62601,EXPERIMENTAL FARM _SIMCOE_,OC3(A),2018-03-15T00:00,0.391,µg/m³,PM2.5,TOR(OC/EC)
62601,EXPERIMENTAL FARM _SIMCOE_,OC3(A),2018-03-18T00:00,0.457,µg/m³,PM2.5,TOR(OC/EC)
62601,EXPERIMENTAL FARM _SIMCOE_,OC3(A),2018-03-21T00:00,0.472,µg/m³,PM2.5,TOR(OC/EC)
62601,EXPERIMENTAL FARM _SIMCOE_,OC3(A),2018-03-24T00:00,0.512,µg/m³,PM2.5,TOR(OC/EC)
62601,EXPERIMENTAL FARM _SIMCOE_,OC3(A),2018-03-27T00:00,0.489,µg/m³,PM2.5,TOR(OC/EC)
62601,EXPERIMENTAL FARM _SIMCOE_,OC3(A),2018-03-30T00:00,0.388,µg/m³,PM2.5,TOR(OC/EC)
62601,EXPERIMENTAL FARM _SIMCOE_,OC3(A),2018-04-02T00:00,0.465,µg/m³,PM2.5,TOR(OC/EC)
62601,EXPERIMENTAL FARM _SIMCOE_,OC3(A),2018-04-05T00:00,0.346,µg/m³,PM2.5,TOR(OC/EC)
62601,EXPERIMENTAL FARM _SIMCOE_,OC3(A),2018-04-08T00:00,0.290,µg/m³,PM2.5,TOR(OC/EC)
62601,EXPERIMENTAL FARM _SIMCOE_,OC3(A),2018-04-11T00:00,0.484,µg/m³,PM2.5,TOR(OC/EC)
62601,EXPERIMENTAL FARM _SIMCOE_,OC3(A),2018-04-14T00:00,0.363,µg/m³,PM2.5,TOR(OC/EC)
62601,EXPERIMENTAL FARM _SIMCOE_,OC3(A),2018-04-17T00:00,0.417,µg/m³,PM2.5,TOR(OC/EC)
62601,EXPERIMENTAL FARM _SIMCOE_,OC3(A),2018-04-23T00:00,0.828,µg/m³,PM2.5,TOR(OC/EC)
62601,EXPERIMENTAL FARM _SIMCOE_,OC3(A),2018-04-26T00:00,0.576,µg/m³,PM2.5,TOR(OC/EC)
62601,EXPERIMENTAL FARM _SIMCOE_,OC3(A),2018-04-29T00:00,0.441,µg/m³,PM2.5,TOR(OC/EC)
62601,EXPERIMENTAL FARM _SIMCOE_,OC3(A),2018-05-02T00:00,1.496,µg/m³,PM2.5,TOR(OC/EC)
62601,EXPERIMENTAL FARM _SIMCOE_,OC3(A),2018-05-05T00:00,1.089,µg/m³,PM2.5,TOR(OC/EC)
62601,EXPERIMENTAL FARM _SIMCOE_,OC3(A),2018-05-08T00:00,1.012,µg/m³,PM2.5,TOR(OC/EC)
62601,EXPERIMENTAL FARM _SIMCOE_,OC3(A),2018-05-11T00:00,0.743,µg/m³,PM2.5,TOR(OC/EC)
62601,EXPERIMENTAL FARM _SIMCOE_,OC3(A),2018-05-14T00:00,0.682,µg/m³,PM2.5,TOR(OC/EC)
62601,EXPERIMENTAL FARM _SIMCOE_,OC3(A),2018-05-17T00:00,1.353,µg/m³,PM2.5,TOR(OC/EC)
62601,EXPERIMENTAL FARM _SIMCOE_,OC3(A),2018-05-20T00:00,0.647,µg/m³,PM2.5,TOR(OC/EC)
62601,EXPERIMENTAL FARM _SIMCOE_,OC3(A),2018-05-23T00:00,1.198,µg/m³,PM2.5,TOR(OC/EC)
62601,EXPERIMENTAL FARM _SIMCOE_,OC3(A),2018-05-26T00:00,1.597,µg/m³,PM2.5,TOR(OC/EC)
62601,EXPERIMENTAL FARM _SIMCOE_,OC3(A),2018-05-29T00:00,2.002,µg/m³,PM2.5,TOR(OC/EC)
62601,EXPERIMENTAL FARM _SIMCOE_,OC3(A),2018-06-01T00:00,0.992,µg/m³,PM2.5,TOR(OC/EC)
62601,EXPERIMENTAL FARM _SIMCOE_,OC3(A),2018-06-04T00:00,0.781,µg/m³,PM2.5,TOR(OC/EC)
62601,EXPERIMENTAL FARM _SIMCOE_,OC3(A),2018-06-07T00:00,0.759,µg/m³,PM2.5,TOR(OC/EC)
62601,EXPERIMENTAL FARM _SIMCOE_,OC3(A),2018-06-10T00:00,1.004,µg/m³,PM2.5,TOR(OC/EC)
62601,EXPERIMENTAL FARM _SIMCOE_,OC3(A),2018-06-13T00:00,0.659,µg/m³,PM2.5,TOR(OC/EC)
62601,EXPERIMENTAL FARM _SIMCOE_,OC3(A),2018-06-16T00:00,1.097,µg/m³,PM2.5,TOR(OC/EC)
62601,EXPERIMENTAL FARM _SIMCOE_,OC3(A),2018-06-19T00:00,1.072,µg/m³,PM2.5,TOR(OC/EC)
62601,EXPERIMENTAL FARM _SIMCOE_,OC3(A),2018-06-22T00:00,1.008,µg/m³,PM2.5,TOR(OC/EC)
62601,EXPERIMENTAL FARM _SIMCOE_,OC3(A),2018-06-25T00:00,0.901,µg/m³,PM2.5,TOR(OC/EC)
62601,EXPERIMENTAL FARM _SIMCOE_,OC3(A),2018-06-28T00:00,1.409,µg/m³,PM2.5,TOR(OC/EC)
62601,EXPERIMENTAL FARM _SIMCOE_,OC3(A),2018-07-01T00:00,0.709,µg/m³,PM2.5,TOR(OC/EC)
62601,EXPERIMENTAL FARM _SIMCOE_,OC3(A),2018-07-04T00:00,0.999,µg/m³,PM2.5,TOR(OC/EC)
62601,EXPERIMENTAL FARM _SIMCOE_,OC3(A),2018-07-07T00:00,1.121,µg/m³,PM2.5,TOR(OC/EC)
62601,EXPERIMENTAL FARM _SIMCOE_,OC3(A),2018-07-10T00:00,1.182,µg/m³,PM2.5,TOR(OC/EC)
62601,EXPERIMENTAL FARM _SIMCOE_,OC3(A),2018-07-13T00:00,1.704,µg/m³,PM2.5,TOR(OC/EC)
62601,EXPERIMENTAL FARM _SIMCOE_,OC3(A),2018-07-16T00:00,1.242,µg/m³,PM2.5,TOR(OC/EC)
62601,EXPERIMENTAL FARM _SIMCOE_,OC3(A),2018-07-19T00:00,0.728,µg/m³,PM2.5,TOR(OC/EC)
62601,EXPERIMENTAL FARM _SIMCOE_,OC3(A),2018-07-22T00:00,0.661,µg/m³,PM2.5,TOR(OC/EC)
62601,EXPERIMENTAL FARM _SIMCOE_,OC3(A),2018-07-25T00:00,0.926,µg/m³,PM2.5,TOR(OC/EC)
62601,EXPERIMENTAL FARM _SIMCOE_,OC3(A),2018-07-28T00:00,0.955,µg/m³,PM2.5,TOR(OC/EC)
62601,EXPERIMENTAL FARM _SIMCOE_,OC3(A),2018-07-31T00:00,1.009,µg/m³,PM2.5,TOR(OC/EC)
62601,EXPERIMENTAL FARM _SIMCOE_,OC3(A),2018-08-03T00:00,1.257,µg/m³,PM2.5,TOR(OC/EC)
62601,EXPERIMENTAL FARM _SIMCOE_,OC3(A),2018-08-06T00:00,1.192,µg/m³,PM2.5,TOR(OC/EC)
62601,EXPERIMENTAL FARM _SIMCOE_,OC3(A),2018-08-09T00:00,1.568,µg/m³,PM2.5,TOR(OC/EC)
62601,EXPERIMENTAL FARM _SIMCOE_,OC3(A),2018-08-12T00:00,1.150,µg/m³,PM2.5,TOR(OC/EC)
62601,EXPERIMENTAL FARM _SIMCOE_,OC3(A),2018-08-15T00:00,2.513,µg/m³,PM2.5,TOR(OC/EC)
62601,EXPERIMENTAL FARM _SIMCOE_,OC3(A),2018-08-18T00:00,0.922,µg/m³,PM2.5,TOR(OC/EC)
62601,EXPERIMENTAL FARM _SIMCOE_,OC3(A),2018-08-21T00:00,0.856,µg/m³,PM2.5,TOR(OC/EC)
62601,EXPERIMENTAL FARM _SIMCOE_,OC3(A),2018-08-24T00:00,2.083,µg/m³,PM2.5,TOR(OC/EC)
62601,EXPERIMENTAL FARM _SIMCOE_,OC3(A),2018-08-27T00:00,1.622,µg/m³,PM2.5,TOR(OC/EC)
62601,EXPERIMENTAL FARM _SIMCOE_,OC3(A),2018-08-30T00:00,0.735,µg/m³,PM2.5,TOR(OC/EC)
62601,EXPERIMENTAL FARM _SIMCOE_,OC3(A),2018-09-02T00:00,0.888,µg/m³,PM2.5,TOR(OC/EC)
62601,EXPERIMENTAL FARM _SIMCOE_,OC3(A),2018-09-05T00:00,1.119,µg/m³,PM2.5,TOR(OC/EC)
62601,EXPERIMENTAL FARM _SIMCOE_,OC3(A),2018-09-08T00:00,0.778,µg/m³,PM2.5,TOR(OC/EC)
62601,EXPERIMENTAL FARM _SIMCOE_,OC3(A),2018-09-11T00:00,0.579,µg/m³,PM2.5,TOR(OC/EC)
62601,EXPERIMENTAL FARM _SIMCOE_,OC3(A),2018-09-14T00:00,0.750,µg/m³,PM2.5,TOR(OC/EC)
62601,EXPERIMENTAL FARM _SIMCOE_,OC3(A),2018-09-17T00:00,0.666,µg/m³,PM2.5,TOR(OC/EC)
62601,EXPERIMENTAL FARM _SIMCOE_,OC3(A),2018-09-20T00:00,1.000,µg/m³,PM2.5,TOR(OC/EC)
62601,EXPERIMENTAL FARM _SIMCOE_,OC3(A),2018-09-23T00:00,0.814,µg/m³,PM2.5,TOR(OC/EC)
62601,EXPERIMENTAL FARM _SIMCOE_,OC3(A),2018-09-26T00:00,0.537,µg/m³,PM2.5,TOR(OC/EC)
62601,EXPERIMENTAL FARM _SIMCOE_,OC3(A),2018-09-29T00:00,0.597,µg/m³,PM2.5,TOR(OC/EC)
62601,EXPERIMENTAL FARM _SIMCOE_,OC3(A),2018-10-02T00:00,0.490,µg/m³,PM2.5,TOR(OC/EC)
62601,EXPERIMENTAL FARM _SIMCOE_,OC3(A),2018-10-05T00:00,0.737,µg/m³,PM2.5,TOR(OC/EC)
62601,EXPERIMENTAL FARM _SIMCOE_,OC3(A),2018-10-08T00:00,0.712,µg/m³,PM2.5,TOR(OC/EC)
62601,EXPERIMENTAL FARM _SIMCOE_,OC3(A),2018-10-11T00:00,0.456,µg/m³,PM2.5,TOR(OC/EC)
62601,EXPERIMENTAL FARM _SIMCOE_,OC3(A),2018-10-14T00:00,0.532,µg/m³,PM2.5,TOR(OC/EC)
62601,EXPERIMENTAL FARM _SIMCOE_,OC3(A),2018-10-17T00:00,0.448,µg/m³,PM2.5,TOR(OC/EC)
62601,EXPERIMENTAL FARM _SIMCOE_,OC3(A),2018-10-20T00:00,0.461,µg/m³,PM2.5,TOR(OC/EC)
62601,EXPERIMENTAL FARM _SIMCOE_,OC3(A),2018-10-23T00:00,1.089,µg/m³,PM2.5,TOR(OC/EC)
62601,EXPERIMENTAL FARM _SIMCOE_,OC3(A),2018-10-26T00:00,0.573,µg/m³,PM2.5,TOR(OC/EC)
62601,EXPERIMENTAL FARM _SIMCOE_,OC3(A),2018-10-29T00:00,0.454,µg/m³,PM2.5,TOR(OC/EC)
62601,EXPERIMENTAL FARM _SIMCOE_,OC3(A),2018-11-01T00:00,0.493,µg/m³,PM2.5,TOR(OC/EC)
62601,EXPERIMENTAL FARM _SIMCOE_,OC3(A),2018-11-04T00:00,0.621,µg/m³,PM2.5,TOR(OC/EC)
62601,EXPERIMENTAL FARM _SIMCOE_,OC3(A),2018-11-07T00:00,0.306,µg/m³,PM2.5,TOR(OC/EC)
62601,EXPERIMENTAL FARM _SIMCOE_,OC3(A),2018-11-10T00:00,0.325,µg/m³,PM2.5,TOR(OC/EC)
62601,EXPERIMENTAL FARM _SIMCOE_,OC3(A),2018-11-13T00:00,0.424,µg/m³,PM2.5,TOR(OC/EC)
62601,EXPERIMENTAL FARM _SIMCOE_,OC3(A),2018-11-16T00:00,0.523,µg/m³,PM2.5,TOR(OC/EC)
62601,EXPERIMENTAL FARM _SIMCOE_,OC3(A),2018-11-19T00:00,0.547,µg/m³,PM2.5,TOR(OC/EC)
62601,EXPERIMENTAL FARM _SIMCOE_,OC3(A),2018-11-22T00:00,0.375,µg/m³,PM2.5,TOR(OC/EC)
62601,EXPERIMENTAL FARM _SIMCOE_,OC3(A),2018-11-25T00:00,0.504,µg/m³,PM2.5,TOR(OC/EC)
62601,EXPERIMENTAL FARM _SIMCOE_,OC3(A),2018-11-28T00:00,0.367,µg/m³,PM2.5,TOR(OC/EC)
62601,EXPERIMENTAL FARM _SIMCOE_,OC3(A),2018-12-01T00:00,0.491,µg/m³,PM2.5,TOR(OC/EC)
62601,EXPERIMENTAL FARM _SIMCOE_,OC3(A),2018-12-04T00:00,0.630,µg/m³,PM2.5,TOR(OC/EC)
62601,EXPERIMENTAL FARM _SIMCOE_,OC3(A),2018-12-07T00:00,0.394,µg/m³,PM2.5,TOR(OC/EC)
62601,EXPERIMENTAL FARM _SIMCOE_,OC3(A),2018-12-10T00:00,0.569,µg/m³,PM2.5,TOR(OC/EC)
62601,EXPERIMENTAL FARM _SIMCOE_,OC3(A),2018-12-13T00:00,0.626,µg/m³,PM2.5,TOR(OC/EC)
62601,EXPERIMENTAL FARM _SIMCOE_,OC3(A),2018-12-16T00:00,0.478,µg/m³,PM2.5,TOR(OC/EC)
62601,EXPERIMENTAL FARM _SIMCOE_,OC3(A),2018-12-19T00:00,0.886,µg/m³,PM2.5,TOR(OC/EC)
62601,EXPERIMENTAL FARM _SIMCOE_,OC3(A),2018-12-22T00:00,0.263,µg/m³,PM2.5,TOR(OC/EC)
62601,EXPERIMENTAL FARM _SIMCOE_,OC3(A),2018-12-25T00:00,0.518,µg/m³,PM2.5,TOR(OC/EC)
62601,EXPERIMENTAL FARM _SIMCOE_,OC3(A),2018-12-28T00:00,0.402,µg/m³,PM2.5,TOR(OC/EC)
62601,EXPERIMENTAL FARM _SIMCOE_,OC3(A),2018-12-31T00:00,0.399,µg/m³,PM2.5,TOR(OC/EC)
