﻿NAPS_Site_ID,Station_Name,Pollutant,Date,Value,Units,Report_Type,Method
91001,ESTHER,p-Cymene,1996-09-25T00:00,0.019,µg/m³,VOC,
91001,ESTHER,p-Cymene,1996-09-25T00:00,0.022,µg/m³,VOC,
91001,ESTHER,p-Cymene,1996-09-25T00:00,0.026,µg/m³,VOC,
91001,ESTHER,p-Cymene,1996-09-25T00:00,0.027,µg/m³,VOC,
91001,ESTHER,p-Cymene,1996-09-27T00:00,0.024,µg/m³,VOC,
91001,ESTHER,p-Cymene,1996-10-01T00:00,0.023,µg/m³,VOC,
91001,ESTHER,p-Cymene,1996-10-01T00:00,0.024,µg/m³,VOC,
91001,ESTHER,p-Cymene,1996-10-02T00:00,0.020,µg/m³,VOC,
91001,ESTHER,p-Cymene,1996-10-04T00:00,0.024,µg/m³,VOC,
91001,ESTHER,p-Cymene,1996-10-04T00:00,0.024,µg/m³,VOC,
91001,ESTHER,p-Cymene,1996-11-07T00:00,0.000,µg/m³,VOC,
91001,ESTHER,p-Cymene,1996-11-07T00:00,0.048,µg/m³,VOC,
91001,ESTHER,p-Cymene,1996-11-20T00:00,0.000,µg/m³,VOC,
91001,ESTHER,p-Cymene,1996-11-20T00:00,0.037,µg/m³,VOC,
91001,ESTHER,p-Cymene,1996-11-29T00:00,0.000,µg/m³,VOC,
91001,ESTHER,p-Cymene,1996-11-30T00:00,0.038,µg/m³,VOC,
