﻿NAPS_Site_ID,Station_Name,Pollutant,Date,Value,Units,Report_Type,Method
101005,ABBOTSFORD AIRPORT-2,OC4(B),2015-01-06T00:00,0.031,µg/m³,PM2.5,TOR(OC/EC)
101005,ABBOTSFORD AIRPORT-2,OC4(B),2015-01-12T00:00,0.047,µg/m³,PM2.5,TOR(OC/EC)
101005,ABBOTSFORD AIRPORT-2,OC4(B),2015-01-18T00:00,0.000,µg/m³,PM2.5,TOR(OC/EC)
101005,ABBOTSFORD AIRPORT-2,OC4(B),2015-01-24T00:00,0.000,µg/m³,PM2.5,TOR(OC/EC)
101005,ABBOTSFORD AIRPORT-2,OC4(B),2015-01-30T00:00,0.000,µg/m³,PM2.5,TOR(OC/EC)
101005,ABBOTSFORD AIRPORT-2,OC4(B),2015-02-05T00:00,0.020,µg/m³,PM2.5,TOR(OC/EC)
101005,ABBOTSFORD AIRPORT-2,OC4(B),2015-02-11T00:00,0.000,µg/m³,PM2.5,TOR(OC/EC)
101005,ABBOTSFORD AIRPORT-2,OC4(B),2015-02-17T00:00,0.071,µg/m³,PM2.5,TOR(OC/EC)
101005,ABBOTSFORD AIRPORT-2,OC4(B),2015-02-23T00:00,0.087,µg/m³,PM2.5,TOR(OC/EC)
101005,ABBOTSFORD AIRPORT-2,OC4(B),2015-03-01T00:00,0.175,µg/m³,PM2.5,TOR(OC/EC)
101005,ABBOTSFORD AIRPORT-2,OC4(B),2015-03-07T00:00,0.169,µg/m³,PM2.5,TOR(OC/EC)
101005,ABBOTSFORD AIRPORT-2,OC4(B),2015-03-13T00:00,0.065,µg/m³,PM2.5,TOR(OC/EC)
101005,ABBOTSFORD AIRPORT-2,OC4(B),2015-03-19T00:00,0.035,µg/m³,PM2.5,TOR(OC/EC)
101005,ABBOTSFORD AIRPORT-2,OC4(B),2015-03-25T00:00,0.056,µg/m³,PM2.5,TOR(OC/EC)
101005,ABBOTSFORD AIRPORT-2,OC4(B),2015-03-31T00:00,0.039,µg/m³,PM2.5,TOR(OC/EC)
101005,ABBOTSFORD AIRPORT-2,OC4(B),2015-04-06T00:00,0.047,µg/m³,PM2.5,TOR(OC/EC)
101005,ABBOTSFORD AIRPORT-2,OC4(B),2015-04-12T00:00,0.022,µg/m³,PM2.5,TOR(OC/EC)
101005,ABBOTSFORD AIRPORT-2,OC4(B),2015-04-18T00:00,0.082,µg/m³,PM2.5,TOR(OC/EC)
101005,ABBOTSFORD AIRPORT-2,OC4(B),2015-04-24T00:00,0.046,µg/m³,PM2.5,TOR(OC/EC)
101005,ABBOTSFORD AIRPORT-2,OC4(B),2015-04-30T00:00,0.065,µg/m³,PM2.5,TOR(OC/EC)
101005,ABBOTSFORD AIRPORT-2,OC4(B),2015-05-06T00:00,0.097,µg/m³,PM2.5,TOR(OC/EC)
101005,ABBOTSFORD AIRPORT-2,OC4(B),2015-05-12T00:00,0.116,µg/m³,PM2.5,TOR(OC/EC)
101005,ABBOTSFORD AIRPORT-2,OC4(B),2015-05-18T00:00,0.104,µg/m³,PM2.5,TOR(OC/EC)
101005,ABBOTSFORD AIRPORT-2,OC4(B),2015-05-24T00:00,0.038,µg/m³,PM2.5,TOR(OC/EC)
101005,ABBOTSFORD AIRPORT-2,OC4(B),2015-05-30T00:00,0.053,µg/m³,PM2.5,TOR(OC/EC)
101005,ABBOTSFORD AIRPORT-2,OC4(B),2015-06-05T00:00,0.121,µg/m³,PM2.5,TOR(OC/EC)
101005,ABBOTSFORD AIRPORT-2,OC4(B),2015-06-11T00:00,0.042,µg/m³,PM2.5,TOR(OC/EC)
101005,ABBOTSFORD AIRPORT-2,OC4(B),2015-06-17T00:00,0.056,µg/m³,PM2.5,TOR(OC/EC)
101005,ABBOTSFORD AIRPORT-2,OC4(B),2015-06-23T00:00,0.074,µg/m³,PM2.5,TOR(OC/EC)
101005,ABBOTSFORD AIRPORT-2,OC4(B),2015-06-29T00:00,0.149,µg/m³,PM2.5,TOR(OC/EC)
101005,ABBOTSFORD AIRPORT-2,OC4(B),2015-07-05T00:00,0.176,µg/m³,PM2.5,TOR(OC/EC)
101005,ABBOTSFORD AIRPORT-2,OC4(B),2015-07-11T00:00,0.105,µg/m³,PM2.5,TOR(OC/EC)
101005,ABBOTSFORD AIRPORT-2,OC4(B),2015-07-17T00:00,0.103,µg/m³,PM2.5,TOR(OC/EC)
101005,ABBOTSFORD AIRPORT-2,OC4(B),2015-07-23T00:00,0.110,µg/m³,PM2.5,TOR(OC/EC)
101005,ABBOTSFORD AIRPORT-2,OC4(B),2015-07-29T00:00,0.151,µg/m³,PM2.5,TOR(OC/EC)
101005,ABBOTSFORD AIRPORT-2,OC4(B),2015-08-04T00:00,0.107,µg/m³,PM2.5,TOR(OC/EC)
101005,ABBOTSFORD AIRPORT-2,OC4(B),2015-08-10T00:00,0.187,µg/m³,PM2.5,TOR(OC/EC)
101005,ABBOTSFORD AIRPORT-2,OC4(B),2015-08-16T00:00,0.088,µg/m³,PM2.5,TOR(OC/EC)
101005,ABBOTSFORD AIRPORT-2,OC4(B),2015-08-22T00:00,0.137,µg/m³,PM2.5,TOR(OC/EC)
101005,ABBOTSFORD AIRPORT-2,OC4(B),2015-08-28T00:00,0.169,µg/m³,PM2.5,TOR(OC/EC)
101005,ABBOTSFORD AIRPORT-2,OC4(B),2015-09-03T00:00,0.022,µg/m³,PM2.5,TOR(OC/EC)
101005,ABBOTSFORD AIRPORT-2,OC4(B),2015-09-09T00:00,0.044,µg/m³,PM2.5,TOR(OC/EC)
101005,ABBOTSFORD AIRPORT-2,OC4(B),2015-09-15T00:00,0.018,µg/m³,PM2.5,TOR(OC/EC)
101005,ABBOTSFORD AIRPORT-2,OC4(B),2015-09-21T00:00,0.000,µg/m³,PM2.5,TOR(OC/EC)
101005,ABBOTSFORD AIRPORT-2,OC4(B),2015-09-27T00:00,0.082,µg/m³,PM2.5,TOR(OC/EC)
101005,ABBOTSFORD AIRPORT-2,OC4(B),2015-10-03T00:00,0.073,µg/m³,PM2.5,TOR(OC/EC)
101005,ABBOTSFORD AIRPORT-2,OC4(B),2015-10-09T00:00,0.075,µg/m³,PM2.5,TOR(OC/EC)
101005,ABBOTSFORD AIRPORT-2,OC4(B),2015-10-15T00:00,0.091,µg/m³,PM2.5,TOR(OC/EC)
101005,ABBOTSFORD AIRPORT-2,OC4(B),2015-10-27T00:00,0.188,µg/m³,PM2.5,TOR(OC/EC)
101005,ABBOTSFORD AIRPORT-2,OC4(B),2015-11-02T00:00,0.000,µg/m³,PM2.5,TOR(OC/EC)
101005,ABBOTSFORD AIRPORT-2,OC4(B),2015-11-08T00:00,0.049,µg/m³,PM2.5,TOR(OC/EC)
101005,ABBOTSFORD AIRPORT-2,OC4(B),2015-11-26T00:00,0.057,µg/m³,PM2.5,TOR(OC/EC)
101005,ABBOTSFORD AIRPORT-2,OC4(B),2015-12-02T00:00,0.032,µg/m³,PM2.5,TOR(OC/EC)
101005,ABBOTSFORD AIRPORT-2,OC4(B),2015-12-08T00:00,0.042,µg/m³,PM2.5,TOR(OC/EC)
101005,ABBOTSFORD AIRPORT-2,OC4(B),2015-12-20T00:00,0.000,µg/m³,PM2.5,TOR(OC/EC)
101005,ABBOTSFORD AIRPORT-2,OC4(B),2015-12-26T00:00,0.025,µg/m³,PM2.5,TOR(OC/EC)
