﻿NAPS_Site_ID,Station_Name,Pollutant,Date,Value,Units,Report_Type,Method
60512,BEASLEY PARK _HAMILTON_DOWNTOWN_,Ethylene,1995-01-03T00:00,3.329,µg/m³,VOC,N/A
60512,BEASLEY PARK _HAMILTON_DOWNTOWN_,Ethylene,1995-01-09T00:00,4.092,µg/m³,VOC,N/A
60512,BEASLEY PARK _HAMILTON_DOWNTOWN_,Ethylene,1995-01-15T00:00,9.694,µg/m³,VOC,N/A
60512,BEASLEY PARK _HAMILTON_DOWNTOWN_,Ethylene,1995-01-21T00:00,3.667,µg/m³,VOC,N/A
60512,BEASLEY PARK _HAMILTON_DOWNTOWN_,Ethylene,1995-01-27T00:00,5.307,µg/m³,VOC,N/A
60512,BEASLEY PARK _HAMILTON_DOWNTOWN_,Ethylene,1995-02-02T00:00,2.382,µg/m³,VOC,N/A
60512,BEASLEY PARK _HAMILTON_DOWNTOWN_,Ethylene,1995-02-08T00:00,3.454,µg/m³,VOC,N/A
60512,BEASLEY PARK _HAMILTON_DOWNTOWN_,Ethylene,1995-02-14T00:00,4.635,µg/m³,VOC,N/A
60512,BEASLEY PARK _HAMILTON_DOWNTOWN_,Ethylene,1995-02-20T00:00,9.197,µg/m³,VOC,N/A
60512,BEASLEY PARK _HAMILTON_DOWNTOWN_,Ethylene,1995-02-26T00:00,2.304,µg/m³,VOC,N/A
60512,BEASLEY PARK _HAMILTON_DOWNTOWN_,Ethylene,1995-03-04T00:00,4.534,µg/m³,VOC,N/A
60512,BEASLEY PARK _HAMILTON_DOWNTOWN_,Ethylene,1995-03-10T00:00,4.274,µg/m³,VOC,N/A
60512,BEASLEY PARK _HAMILTON_DOWNTOWN_,Ethylene,1995-03-22T00:00,2.353,µg/m³,VOC,N/A
60512,BEASLEY PARK _HAMILTON_DOWNTOWN_,Ethylene,1995-04-03T00:00,2.523,µg/m³,VOC,N/A
60512,BEASLEY PARK _HAMILTON_DOWNTOWN_,Ethylene,1995-04-12T00:00,3.108,µg/m³,VOC,N/A
60512,BEASLEY PARK _HAMILTON_DOWNTOWN_,Ethylene,1995-04-18T00:00,1.786,µg/m³,VOC,N/A
60512,BEASLEY PARK _HAMILTON_DOWNTOWN_,Ethylene,1995-06-26T00:00,6.196,µg/m³,VOC,N/A
60512,BEASLEY PARK _HAMILTON_DOWNTOWN_,Ethylene,1995-07-02T00:00,1.342,µg/m³,VOC,N/A
60512,BEASLEY PARK _HAMILTON_DOWNTOWN_,Ethylene,1995-07-08T00:00,2.728,µg/m³,VOC,N/A
60512,BEASLEY PARK _HAMILTON_DOWNTOWN_,Ethylene,1995-07-14T00:00,2.828,µg/m³,VOC,N/A
60512,BEASLEY PARK _HAMILTON_DOWNTOWN_,Ethylene,1995-07-20T00:00,2.620,µg/m³,VOC,N/A
60512,BEASLEY PARK _HAMILTON_DOWNTOWN_,Ethylene,1995-07-26T00:00,4.486,µg/m³,VOC,N/A
60512,BEASLEY PARK _HAMILTON_DOWNTOWN_,Ethylene,1995-08-01T00:00,3.092,µg/m³,VOC,N/A
60512,BEASLEY PARK _HAMILTON_DOWNTOWN_,Ethylene,1995-08-07T00:00,2.602,µg/m³,VOC,N/A
60512,BEASLEY PARK _HAMILTON_DOWNTOWN_,Ethylene,1995-08-13T00:00,4.465,µg/m³,VOC,N/A
60512,BEASLEY PARK _HAMILTON_DOWNTOWN_,Ethylene,1995-08-19T00:00,4.227,µg/m³,VOC,N/A
60512,BEASLEY PARK _HAMILTON_DOWNTOWN_,Ethylene,1995-08-25T00:00,6.315,µg/m³,VOC,N/A
60512,BEASLEY PARK _HAMILTON_DOWNTOWN_,Ethylene,1995-09-06T00:00,2.706,µg/m³,VOC,N/A
60512,BEASLEY PARK _HAMILTON_DOWNTOWN_,Ethylene,1995-09-18T00:00,3.542,µg/m³,VOC,N/A
60512,BEASLEY PARK _HAMILTON_DOWNTOWN_,Ethylene,1995-09-24T00:00,3.868,µg/m³,VOC,N/A
60512,BEASLEY PARK _HAMILTON_DOWNTOWN_,Ethylene,1995-09-30T00:00,2.946,µg/m³,VOC,N/A
60512,BEASLEY PARK _HAMILTON_DOWNTOWN_,Ethylene,1995-10-06T00:00,4.440,µg/m³,VOC,N/A
60512,BEASLEY PARK _HAMILTON_DOWNTOWN_,Ethylene,1995-10-12T00:00,3.517,µg/m³,VOC,N/A
60512,BEASLEY PARK _HAMILTON_DOWNTOWN_,Ethylene,1995-10-18T00:00,3.251,µg/m³,VOC,N/A
60512,BEASLEY PARK _HAMILTON_DOWNTOWN_,Ethylene,1995-10-24T00:00,6.757,µg/m³,VOC,N/A
60512,BEASLEY PARK _HAMILTON_DOWNTOWN_,Ethylene,1995-10-30T00:00,4.234,µg/m³,VOC,N/A
60512,BEASLEY PARK _HAMILTON_DOWNTOWN_,Ethylene,1995-11-05T00:00,2.403,µg/m³,VOC,N/A
60512,BEASLEY PARK _HAMILTON_DOWNTOWN_,Ethylene,1995-11-11T00:00,2.175,µg/m³,VOC,N/A
60512,BEASLEY PARK _HAMILTON_DOWNTOWN_,Ethylene,1995-11-17T00:00,7.607,µg/m³,VOC,N/A
60512,BEASLEY PARK _HAMILTON_DOWNTOWN_,Ethylene,1995-11-23T00:00,3.474,µg/m³,VOC,N/A
60512,BEASLEY PARK _HAMILTON_DOWNTOWN_,Ethylene,1995-11-29T00:00,6.512,µg/m³,VOC,N/A
60512,BEASLEY PARK _HAMILTON_DOWNTOWN_,Ethylene,1995-12-05T00:00,5.977,µg/m³,VOC,N/A
60512,BEASLEY PARK _HAMILTON_DOWNTOWN_,Ethylene,1995-12-11T00:00,3.386,µg/m³,VOC,N/A
60512,BEASLEY PARK _HAMILTON_DOWNTOWN_,Ethylene,1995-12-17T00:00,3.819,µg/m³,VOC,N/A
60512,BEASLEY PARK _HAMILTON_DOWNTOWN_,Ethylene,1995-12-23T00:00,3.503,µg/m³,VOC,N/A
