﻿NAPS_Site_ID,Station_Name,Pollutant,Date,Value,Units,Report_Type,Method
62601,EXPERIMENTAL FARM _SIMCOE_,"Benzo(g,h,i)Perylene",2009-07-30T00:00,0.000,µg/m³,PAH,
62601,EXPERIMENTAL FARM _SIMCOE_,"Benzo(g,h,i)Perylene",2009-08-05T00:00,0.000,µg/m³,PAH,
62601,EXPERIMENTAL FARM _SIMCOE_,"Benzo(g,h,i)Perylene",2009-08-23T00:00,0.000,µg/m³,PAH,
62601,EXPERIMENTAL FARM _SIMCOE_,"Benzo(g,h,i)Perylene",2009-09-16T00:00,0.000,µg/m³,PAH,
62601,EXPERIMENTAL FARM _SIMCOE_,"Benzo(g,h,i)Perylene",2009-09-22T00:00,0.000,µg/m³,PAH,
62601,EXPERIMENTAL FARM _SIMCOE_,"Benzo(g,h,i)Perylene",2009-10-10T00:00,0.000,µg/m³,PAH,
62601,EXPERIMENTAL FARM _SIMCOE_,"Benzo(g,h,i)Perylene",2009-10-16T00:00,0.000,µg/m³,PAH,
62601,EXPERIMENTAL FARM _SIMCOE_,"Benzo(g,h,i)Perylene",2009-11-03T00:00,0.000,µg/m³,PAH,
62601,EXPERIMENTAL FARM _SIMCOE_,"Benzo(g,h,i)Perylene",2009-11-09T00:00,0.000,µg/m³,PAH,
62601,EXPERIMENTAL FARM _SIMCOE_,"Benzo(g,h,i)Perylene",2009-11-27T00:00,0.000,µg/m³,PAH,
62601,EXPERIMENTAL FARM _SIMCOE_,"Benzo(g,h,i)Perylene",2009-12-03T00:00,0.000,µg/m³,PAH,
62601,EXPERIMENTAL FARM _SIMCOE_,"Benzo(g,h,i)Perylene",2009-12-21T00:00,0.000,µg/m³,PAH,
62601,EXPERIMENTAL FARM _SIMCOE_,"Benzo(g,h,i)Perylene",2009-12-27T00:00,0.000,µg/m³,PAH,
