﻿NAPS_Site_ID,Station_Name,Pollutant,Date,Value,Units,Report_Type,Method
100133,BURMOUNT,"2,2,3-Trimethylbutane",1993-01-07T00:00,0.000,µg/m³,VOC,GC-MS
100133,BURMOUNT,"2,2,3-Trimethylbutane",1993-01-13T00:00,0.000,µg/m³,VOC,GC-MS
100133,BURMOUNT,"2,2,3-Trimethylbutane",1993-01-19T00:00,0.000,µg/m³,VOC,GC-MS
100133,BURMOUNT,"2,2,3-Trimethylbutane",1993-01-25T00:00,0.000,µg/m³,VOC,GC-MS
100133,BURMOUNT,"2,2,3-Trimethylbutane",1993-01-31T00:00,0.000,µg/m³,VOC,GC-MS
100133,BURMOUNT,"2,2,3-Trimethylbutane",1993-02-06T00:00,0.000,µg/m³,VOC,GC-MS
100133,BURMOUNT,"2,2,3-Trimethylbutane",1993-02-12T00:00,0.000,µg/m³,VOC,GC-MS
100133,BURMOUNT,"2,2,3-Trimethylbutane",1993-02-18T00:00,0.000,µg/m³,VOC,GC-MS
100133,BURMOUNT,"2,2,3-Trimethylbutane",1993-02-24T00:00,0.000,µg/m³,VOC,GC-MS
100133,BURMOUNT,"2,2,3-Trimethylbutane",1993-03-02T00:00,0.000,µg/m³,VOC,GC-MS
100133,BURMOUNT,"2,2,3-Trimethylbutane",1993-03-14T00:00,0.000,µg/m³,VOC,GC-MS
100133,BURMOUNT,"2,2,3-Trimethylbutane",1993-03-20T00:00,0.000,µg/m³,VOC,GC-MS
100133,BURMOUNT,"2,2,3-Trimethylbutane",1993-03-26T00:00,0.045,µg/m³,VOC,GC-MS
100133,BURMOUNT,"2,2,3-Trimethylbutane",1993-04-01T00:00,0.000,µg/m³,VOC,GC-MS
100133,BURMOUNT,"2,2,3-Trimethylbutane",1993-04-07T00:00,0.000,µg/m³,VOC,GC-MS
100133,BURMOUNT,"2,2,3-Trimethylbutane",1993-04-13T00:00,0.000,µg/m³,VOC,GC-MS
100133,BURMOUNT,"2,2,3-Trimethylbutane",1993-05-13T00:00,0.019,µg/m³,VOC,GC-MS
100133,BURMOUNT,"2,2,3-Trimethylbutane",1993-06-06T00:00,0.022,µg/m³,VOC,GC-MS
100133,BURMOUNT,"2,2,3-Trimethylbutane",1993-09-04T00:00,0.000,µg/m³,VOC,GC-MS
100133,BURMOUNT,"2,2,3-Trimethylbutane",1993-09-10T00:00,0.000,µg/m³,VOC,GC-MS
100133,BURMOUNT,"2,2,3-Trimethylbutane",1993-09-22T00:00,0.000,µg/m³,VOC,GC-MS
100133,BURMOUNT,"2,2,3-Trimethylbutane",1993-10-04T00:00,0.000,µg/m³,VOC,GC-MS
100133,BURMOUNT,"2,2,3-Trimethylbutane",1993-10-16T00:00,0.000,µg/m³,VOC,GC-MS
100133,BURMOUNT,"2,2,3-Trimethylbutane",1993-10-22T00:00,0.000,µg/m³,VOC,GC-MS
100133,BURMOUNT,"2,2,3-Trimethylbutane",1993-10-28T00:00,0.097,µg/m³,VOC,GC-MS
100133,BURMOUNT,"2,2,3-Trimethylbutane",1993-11-09T00:00,0.056,µg/m³,VOC,GC-MS
100133,BURMOUNT,"2,2,3-Trimethylbutane",1993-11-21T00:00,0.000,µg/m³,VOC,GC-MS
100133,BURMOUNT,"2,2,3-Trimethylbutane",1993-12-03T00:00,0.000,µg/m³,VOC,GC-MS
100133,BURMOUNT,"2,2,3-Trimethylbutane",1993-12-27T00:00,0.000,µg/m³,VOC,GC-MS
