﻿NAPS_Site_ID,Station_Name,Pollutant,Date,Value,Units,Report_Type,Method
90132,EDMONTON MCINTYRE,Chloride,2009-01-01T00:00,0.036,µg/m³,IC,N/A
90132,EDMONTON MCINTYRE,Chloride,2009-01-01T00:00,0.042,µg/m³,IC,N/A
90132,EDMONTON MCINTYRE,Chloride,2009-01-04T00:00,0.051,µg/m³,IC,N/A
90132,EDMONTON MCINTYRE,Chloride,2009-01-04T00:00,0.056,µg/m³,IC,N/A
90132,EDMONTON MCINTYRE,Chloride,2009-01-07T00:00,0.023,µg/m³,IC,N/A
90132,EDMONTON MCINTYRE,Chloride,2009-01-07T00:00,0.026,µg/m³,IC,N/A
90132,EDMONTON MCINTYRE,Chloride,2009-01-13T00:00,0.009,µg/m³,IC,N/A
90132,EDMONTON MCINTYRE,Chloride,2009-01-13T00:00,0.043,µg/m³,IC,N/A
90132,EDMONTON MCINTYRE,Chloride,2009-01-16T00:00,0.051,µg/m³,IC,N/A
90132,EDMONTON MCINTYRE,Chloride,2009-01-16T00:00,0.065,µg/m³,IC,N/A
90132,EDMONTON MCINTYRE,Chloride,2009-01-19T00:00,0.109,µg/m³,IC,N/A
90132,EDMONTON MCINTYRE,Chloride,2009-01-19T00:00,0.915,µg/m³,IC,N/A
90132,EDMONTON MCINTYRE,Chloride,2009-01-22T00:00,0.067,µg/m³,IC,N/A
90132,EDMONTON MCINTYRE,Chloride,2009-01-22T00:00,0.125,µg/m³,IC,N/A
90132,EDMONTON MCINTYRE,Chloride,2009-01-25T00:00,0.102,µg/m³,IC,N/A
90132,EDMONTON MCINTYRE,Chloride,2009-01-25T00:00,0.373,µg/m³,IC,N/A
90132,EDMONTON MCINTYRE,Chloride,2009-01-28T00:00,0.017,µg/m³,IC,N/A
90132,EDMONTON MCINTYRE,Chloride,2009-01-28T00:00,0.028,µg/m³,IC,N/A
90132,EDMONTON MCINTYRE,Chloride,2009-02-03T00:00,0.072,µg/m³,IC,N/A
90132,EDMONTON MCINTYRE,Chloride,2009-02-03T00:00,0.097,µg/m³,IC,N/A
90132,EDMONTON MCINTYRE,Chloride,2009-02-06T00:00,0.040,µg/m³,IC,N/A
90132,EDMONTON MCINTYRE,Chloride,2009-02-06T00:00,0.300,µg/m³,IC,N/A
90132,EDMONTON MCINTYRE,Chloride,2009-02-09T00:00,0.042,µg/m³,IC,N/A
90132,EDMONTON MCINTYRE,Chloride,2009-02-09T00:00,0.184,µg/m³,IC,N/A
90132,EDMONTON MCINTYRE,Chloride,2009-02-12T00:00,0.038,µg/m³,IC,N/A
90132,EDMONTON MCINTYRE,Chloride,2009-02-12T00:00,0.209,µg/m³,IC,N/A
90132,EDMONTON MCINTYRE,Chloride,2009-02-15T00:00,0.021,µg/m³,IC,N/A
90132,EDMONTON MCINTYRE,Chloride,2009-02-15T00:00,0.093,µg/m³,IC,N/A
90132,EDMONTON MCINTYRE,Chloride,2009-02-18T00:00,0.076,µg/m³,IC,N/A
90132,EDMONTON MCINTYRE,Chloride,2009-02-18T00:00,0.430,µg/m³,IC,N/A
90132,EDMONTON MCINTYRE,Chloride,2009-02-21T00:00,0.064,µg/m³,IC,N/A
90132,EDMONTON MCINTYRE,Chloride,2009-02-21T00:00,0.187,µg/m³,IC,N/A
90132,EDMONTON MCINTYRE,Chloride,2009-02-24T00:00,0.038,µg/m³,IC,N/A
90132,EDMONTON MCINTYRE,Chloride,2009-02-24T00:00,0.109,µg/m³,IC,N/A
90132,EDMONTON MCINTYRE,Chloride,2009-02-27T00:00,0.059,µg/m³,IC,N/A
90132,EDMONTON MCINTYRE,Chloride,2009-02-27T00:00,0.166,µg/m³,IC,N/A
90132,EDMONTON MCINTYRE,Chloride,2009-03-02T00:00,0.096,µg/m³,IC,N/A
90132,EDMONTON MCINTYRE,Chloride,2009-03-02T00:00,0.112,µg/m³,IC,N/A
90132,EDMONTON MCINTYRE,Chloride,2009-03-05T00:00,0.062,µg/m³,IC,N/A
90132,EDMONTON MCINTYRE,Chloride,2009-03-05T00:00,0.117,µg/m³,IC,N/A
90132,EDMONTON MCINTYRE,Chloride,2009-03-08T00:00,0.071,µg/m³,IC,N/A
90132,EDMONTON MCINTYRE,Chloride,2009-03-08T00:00,0.085,µg/m³,IC,N/A
90132,EDMONTON MCINTYRE,Chloride,2009-03-11T00:00,0.129,µg/m³,IC,N/A
90132,EDMONTON MCINTYRE,Chloride,2009-03-11T00:00,0.167,µg/m³,IC,N/A
90132,EDMONTON MCINTYRE,Chloride,2009-03-14T00:00,0.033,µg/m³,IC,N/A
90132,EDMONTON MCINTYRE,Chloride,2009-03-14T00:00,0.060,µg/m³,IC,N/A
90132,EDMONTON MCINTYRE,Chloride,2009-03-17T00:00,0.056,µg/m³,IC,N/A
90132,EDMONTON MCINTYRE,Chloride,2009-03-17T00:00,0.143,µg/m³,IC,N/A
90132,EDMONTON MCINTYRE,Chloride,2009-03-20T00:00,0.064,µg/m³,IC,N/A
90132,EDMONTON MCINTYRE,Chloride,2009-03-20T00:00,0.118,µg/m³,IC,N/A
90132,EDMONTON MCINTYRE,Chloride,2009-03-23T00:00,0.000,µg/m³,IC,N/A
90132,EDMONTON MCINTYRE,Chloride,2009-03-23T00:00,0.080,µg/m³,IC,N/A
90132,EDMONTON MCINTYRE,Chloride,2009-03-26T00:00,0.000,µg/m³,IC,N/A
90132,EDMONTON MCINTYRE,Chloride,2009-03-26T00:00,0.103,µg/m³,IC,N/A
90132,EDMONTON MCINTYRE,Chloride,2009-03-29T00:00,0.000,µg/m³,IC,N/A
90132,EDMONTON MCINTYRE,Chloride,2009-03-29T00:00,0.079,µg/m³,IC,N/A
90132,EDMONTON MCINTYRE,Chloride,2009-04-01T00:00,0.011,µg/m³,IC,N/A
90132,EDMONTON MCINTYRE,Chloride,2009-04-01T00:00,0.279,µg/m³,IC,N/A
90132,EDMONTON MCINTYRE,Chloride,2009-04-04T00:00,0.000,µg/m³,IC,N/A
90132,EDMONTON MCINTYRE,Chloride,2009-04-04T00:00,0.000,µg/m³,IC,N/A
90132,EDMONTON MCINTYRE,Chloride,2009-04-07T00:00,0.025,µg/m³,IC,N/A
90132,EDMONTON MCINTYRE,Chloride,2009-04-07T00:00,0.140,µg/m³,IC,N/A
90132,EDMONTON MCINTYRE,Chloride,2009-04-10T00:00,0.014,µg/m³,IC,N/A
90132,EDMONTON MCINTYRE,Chloride,2009-04-10T00:00,0.098,µg/m³,IC,N/A
90132,EDMONTON MCINTYRE,Chloride,2009-04-13T00:00,0.027,µg/m³,IC,N/A
90132,EDMONTON MCINTYRE,Chloride,2009-04-13T00:00,0.043,µg/m³,IC,N/A
90132,EDMONTON MCINTYRE,Chloride,2009-04-16T00:00,0.021,µg/m³,IC,N/A
90132,EDMONTON MCINTYRE,Chloride,2009-04-16T00:00,0.025,µg/m³,IC,N/A
90132,EDMONTON MCINTYRE,Chloride,2009-04-19T00:00,0.020,µg/m³,IC,N/A
90132,EDMONTON MCINTYRE,Chloride,2009-04-19T00:00,0.039,µg/m³,IC,N/A
90132,EDMONTON MCINTYRE,Chloride,2009-04-22T00:00,0.016,µg/m³,IC,N/A
90132,EDMONTON MCINTYRE,Chloride,2009-04-22T00:00,0.041,µg/m³,IC,N/A
90132,EDMONTON MCINTYRE,Chloride,2009-04-25T00:00,0.036,µg/m³,IC,N/A
90132,EDMONTON MCINTYRE,Chloride,2009-04-25T00:00,0.079,µg/m³,IC,N/A
90132,EDMONTON MCINTYRE,Chloride,2009-04-28T00:00,0.021,µg/m³,IC,N/A
90132,EDMONTON MCINTYRE,Chloride,2009-04-28T00:00,0.091,µg/m³,IC,N/A
90132,EDMONTON MCINTYRE,Chloride,2009-05-01T00:00,0.027,µg/m³,IC,N/A
90132,EDMONTON MCINTYRE,Chloride,2009-05-01T00:00,0.044,µg/m³,IC,N/A
90132,EDMONTON MCINTYRE,Chloride,2009-05-04T00:00,0.019,µg/m³,IC,N/A
90132,EDMONTON MCINTYRE,Chloride,2009-05-04T00:00,0.042,µg/m³,IC,N/A
90132,EDMONTON MCINTYRE,Chloride,2009-05-10T00:00,0.011,µg/m³,IC,N/A
90132,EDMONTON MCINTYRE,Chloride,2009-05-10T00:00,0.020,µg/m³,IC,N/A
90132,EDMONTON MCINTYRE,Chloride,2009-05-13T00:00,0.008,µg/m³,IC,N/A
90132,EDMONTON MCINTYRE,Chloride,2009-05-13T00:00,0.027,µg/m³,IC,N/A
90132,EDMONTON MCINTYRE,Chloride,2009-05-16T00:00,0.010,µg/m³,IC,N/A
90132,EDMONTON MCINTYRE,Chloride,2009-05-16T00:00,0.016,µg/m³,IC,N/A
90132,EDMONTON MCINTYRE,Chloride,2009-05-19T00:00,0.013,µg/m³,IC,N/A
90132,EDMONTON MCINTYRE,Chloride,2009-05-19T00:00,0.058,µg/m³,IC,N/A
90132,EDMONTON MCINTYRE,Chloride,2009-05-22T00:00,0.011,µg/m³,IC,N/A
90132,EDMONTON MCINTYRE,Chloride,2009-05-22T00:00,0.024,µg/m³,IC,N/A
90132,EDMONTON MCINTYRE,Chloride,2009-05-25T00:00,0.016,µg/m³,IC,N/A
90132,EDMONTON MCINTYRE,Chloride,2009-05-25T00:00,0.030,µg/m³,IC,N/A
90132,EDMONTON MCINTYRE,Chloride,2009-05-28T00:00,0.013,µg/m³,IC,N/A
90132,EDMONTON MCINTYRE,Chloride,2009-05-28T00:00,0.022,µg/m³,IC,N/A
90132,EDMONTON MCINTYRE,Chloride,2009-05-31T00:00,0.036,µg/m³,IC,N/A
90132,EDMONTON MCINTYRE,Chloride,2009-05-31T00:00,0.152,µg/m³,IC,N/A
90132,EDMONTON MCINTYRE,Chloride,2009-06-03T00:00,0.015,µg/m³,IC,N/A
90132,EDMONTON MCINTYRE,Chloride,2009-06-03T00:00,0.037,µg/m³,IC,N/A
90132,EDMONTON MCINTYRE,Chloride,2009-06-06T00:00,0.039,µg/m³,IC,N/A
90132,EDMONTON MCINTYRE,Chloride,2009-06-06T00:00,0.041,µg/m³,IC,N/A
90132,EDMONTON MCINTYRE,Chloride,2009-06-09T00:00,0.013,µg/m³,IC,N/A
90132,EDMONTON MCINTYRE,Chloride,2009-06-09T00:00,0.042,µg/m³,IC,N/A
90132,EDMONTON MCINTYRE,Chloride,2009-06-12T00:00,0.033,µg/m³,IC,N/A
90132,EDMONTON MCINTYRE,Chloride,2009-06-12T00:00,0.043,µg/m³,IC,N/A
90132,EDMONTON MCINTYRE,Chloride,2009-06-15T00:00,0.036,µg/m³,IC,N/A
90132,EDMONTON MCINTYRE,Chloride,2009-06-15T00:00,0.042,µg/m³,IC,N/A
90132,EDMONTON MCINTYRE,Chloride,2009-06-18T00:00,0.032,µg/m³,IC,N/A
90132,EDMONTON MCINTYRE,Chloride,2009-06-18T00:00,0.041,µg/m³,IC,N/A
90132,EDMONTON MCINTYRE,Chloride,2009-06-21T00:00,0.020,µg/m³,IC,N/A
90132,EDMONTON MCINTYRE,Chloride,2009-06-21T00:00,0.039,µg/m³,IC,N/A
90132,EDMONTON MCINTYRE,Chloride,2009-06-27T00:00,0.031,µg/m³,IC,N/A
90132,EDMONTON MCINTYRE,Chloride,2009-06-27T00:00,0.037,µg/m³,IC,N/A
90132,EDMONTON MCINTYRE,Chloride,2009-07-03T00:00,0.028,µg/m³,IC,N/A
90132,EDMONTON MCINTYRE,Chloride,2009-07-03T00:00,0.044,µg/m³,IC,N/A
90132,EDMONTON MCINTYRE,Chloride,2009-07-06T00:00,0.019,µg/m³,IC,N/A
90132,EDMONTON MCINTYRE,Chloride,2009-07-06T00:00,0.062,µg/m³,IC,N/A
90132,EDMONTON MCINTYRE,Chloride,2009-07-09T00:00,0.029,µg/m³,IC,N/A
90132,EDMONTON MCINTYRE,Chloride,2009-07-09T00:00,0.048,µg/m³,IC,N/A
90132,EDMONTON MCINTYRE,Chloride,2009-07-12T00:00,0.019,µg/m³,IC,N/A
90132,EDMONTON MCINTYRE,Chloride,2009-07-12T00:00,0.036,µg/m³,IC,N/A
90132,EDMONTON MCINTYRE,Chloride,2009-07-15T00:00,0.020,µg/m³,IC,N/A
90132,EDMONTON MCINTYRE,Chloride,2009-07-15T00:00,0.025,µg/m³,IC,N/A
90132,EDMONTON MCINTYRE,Chloride,2009-07-18T00:00,0.020,µg/m³,IC,N/A
90132,EDMONTON MCINTYRE,Chloride,2009-07-18T00:00,0.028,µg/m³,IC,N/A
90132,EDMONTON MCINTYRE,Chloride,2009-07-21T00:00,0.019,µg/m³,IC,N/A
90132,EDMONTON MCINTYRE,Chloride,2009-07-21T00:00,0.024,µg/m³,IC,N/A
90132,EDMONTON MCINTYRE,Chloride,2009-07-24T00:00,0.020,µg/m³,IC,N/A
90132,EDMONTON MCINTYRE,Chloride,2009-07-24T00:00,0.024,µg/m³,IC,N/A
90132,EDMONTON MCINTYRE,Chloride,2009-07-27T00:00,0.025,µg/m³,IC,N/A
90132,EDMONTON MCINTYRE,Chloride,2009-07-27T00:00,0.037,µg/m³,IC,N/A
90132,EDMONTON MCINTYRE,Chloride,2009-07-30T00:00,0.021,µg/m³,IC,N/A
90132,EDMONTON MCINTYRE,Chloride,2009-07-30T00:00,0.026,µg/m³,IC,N/A
90132,EDMONTON MCINTYRE,Chloride,2009-08-02T00:00,0.026,µg/m³,IC,N/A
90132,EDMONTON MCINTYRE,Chloride,2009-08-02T00:00,0.042,µg/m³,IC,N/A
90132,EDMONTON MCINTYRE,Chloride,2009-08-05T00:00,0.031,µg/m³,IC,N/A
90132,EDMONTON MCINTYRE,Chloride,2009-08-05T00:00,0.036,µg/m³,IC,N/A
90132,EDMONTON MCINTYRE,Chloride,2009-08-08T00:00,0.010,µg/m³,IC,N/A
90132,EDMONTON MCINTYRE,Chloride,2009-08-08T00:00,0.056,µg/m³,IC,N/A
90132,EDMONTON MCINTYRE,Chloride,2009-08-11T00:00,0.022,µg/m³,IC,N/A
90132,EDMONTON MCINTYRE,Chloride,2009-08-11T00:00,0.059,µg/m³,IC,N/A
90132,EDMONTON MCINTYRE,Chloride,2009-08-14T00:00,0.021,µg/m³,IC,N/A
90132,EDMONTON MCINTYRE,Chloride,2009-08-14T00:00,0.060,µg/m³,IC,N/A
90132,EDMONTON MCINTYRE,Chloride,2009-08-17T00:00,0.020,µg/m³,IC,N/A
90132,EDMONTON MCINTYRE,Chloride,2009-08-17T00:00,0.064,µg/m³,IC,N/A
90132,EDMONTON MCINTYRE,Chloride,2009-08-20T00:00,0.011,µg/m³,IC,N/A
90132,EDMONTON MCINTYRE,Chloride,2009-08-20T00:00,0.018,µg/m³,IC,N/A
90132,EDMONTON MCINTYRE,Chloride,2009-08-23T00:00,0.012,µg/m³,IC,N/A
90132,EDMONTON MCINTYRE,Chloride,2009-08-23T00:00,0.024,µg/m³,IC,N/A
90132,EDMONTON MCINTYRE,Chloride,2009-08-26T00:00,0.012,µg/m³,IC,N/A
90132,EDMONTON MCINTYRE,Chloride,2009-08-26T00:00,0.038,µg/m³,IC,N/A
90132,EDMONTON MCINTYRE,Chloride,2009-08-29T00:00,0.012,µg/m³,IC,N/A
90132,EDMONTON MCINTYRE,Chloride,2009-08-29T00:00,0.019,µg/m³,IC,N/A
90132,EDMONTON MCINTYRE,Chloride,2009-09-01T00:00,0.006,µg/m³,IC,N/A
90132,EDMONTON MCINTYRE,Chloride,2009-09-01T00:00,0.037,µg/m³,IC,N/A
90132,EDMONTON MCINTYRE,Chloride,2009-09-04T00:00,0.007,µg/m³,IC,N/A
90132,EDMONTON MCINTYRE,Chloride,2009-09-04T00:00,0.019,µg/m³,IC,N/A
90132,EDMONTON MCINTYRE,Chloride,2009-09-07T00:00,0.013,µg/m³,IC,N/A
90132,EDMONTON MCINTYRE,Chloride,2009-09-07T00:00,0.017,µg/m³,IC,N/A
90132,EDMONTON MCINTYRE,Chloride,2009-09-10T00:00,0.011,µg/m³,IC,N/A
90132,EDMONTON MCINTYRE,Chloride,2009-09-10T00:00,0.016,µg/m³,IC,N/A
90132,EDMONTON MCINTYRE,Chloride,2009-09-16T00:00,0.013,µg/m³,IC,N/A
90132,EDMONTON MCINTYRE,Chloride,2009-09-16T00:00,0.025,µg/m³,IC,N/A
90132,EDMONTON MCINTYRE,Chloride,2009-09-19T00:00,0.010,µg/m³,IC,N/A
90132,EDMONTON MCINTYRE,Chloride,2009-09-19T00:00,0.035,µg/m³,IC,N/A
90132,EDMONTON MCINTYRE,Chloride,2009-09-22T00:00,0.009,µg/m³,IC,N/A
90132,EDMONTON MCINTYRE,Chloride,2009-09-22T00:00,0.036,µg/m³,IC,N/A
90132,EDMONTON MCINTYRE,Chloride,2009-09-25T00:00,0.019,µg/m³,IC,N/A
90132,EDMONTON MCINTYRE,Chloride,2009-09-25T00:00,0.028,µg/m³,IC,N/A
90132,EDMONTON MCINTYRE,Chloride,2009-09-28T00:00,0.011,µg/m³,IC,N/A
90132,EDMONTON MCINTYRE,Chloride,2009-09-28T00:00,0.040,µg/m³,IC,N/A
90132,EDMONTON MCINTYRE,Chloride,2009-10-01T00:00,0.024,µg/m³,IC,N/A
90132,EDMONTON MCINTYRE,Chloride,2009-10-01T00:00,0.033,µg/m³,IC,N/A
90132,EDMONTON MCINTYRE,Chloride,2009-10-04T00:00,0.018,µg/m³,IC,N/A
90132,EDMONTON MCINTYRE,Chloride,2009-10-04T00:00,0.024,µg/m³,IC,N/A
90132,EDMONTON MCINTYRE,Chloride,2009-10-07T00:00,0.013,µg/m³,IC,N/A
90132,EDMONTON MCINTYRE,Chloride,2009-10-07T00:00,0.049,µg/m³,IC,N/A
90132,EDMONTON MCINTYRE,Chloride,2009-10-10T00:00,0.013,µg/m³,IC,N/A
90132,EDMONTON MCINTYRE,Chloride,2009-10-10T00:00,0.029,µg/m³,IC,N/A
90132,EDMONTON MCINTYRE,Chloride,2009-10-13T00:00,0.008,µg/m³,IC,N/A
90132,EDMONTON MCINTYRE,Chloride,2009-10-13T00:00,0.043,µg/m³,IC,N/A
90132,EDMONTON MCINTYRE,Chloride,2009-10-16T00:00,0.078,µg/m³,IC,N/A
90132,EDMONTON MCINTYRE,Chloride,2009-10-16T00:00,0.081,µg/m³,IC,N/A
90132,EDMONTON MCINTYRE,Chloride,2009-10-19T00:00,0.037,µg/m³,IC,N/A
90132,EDMONTON MCINTYRE,Chloride,2009-10-19T00:00,0.083,µg/m³,IC,N/A
90132,EDMONTON MCINTYRE,Chloride,2009-10-22T00:00,0.038,µg/m³,IC,N/A
90132,EDMONTON MCINTYRE,Chloride,2009-10-22T00:00,0.077,µg/m³,IC,N/A
90132,EDMONTON MCINTYRE,Chloride,2009-10-25T00:00,0.032,µg/m³,IC,N/A
90132,EDMONTON MCINTYRE,Chloride,2009-10-25T00:00,0.077,µg/m³,IC,N/A
90132,EDMONTON MCINTYRE,Chloride,2009-10-28T00:00,0.043,µg/m³,IC,N/A
90132,EDMONTON MCINTYRE,Chloride,2009-10-28T00:00,0.073,µg/m³,IC,N/A
90132,EDMONTON MCINTYRE,Chloride,2009-10-31T00:00,0.000,µg/m³,IC,N/A
90132,EDMONTON MCINTYRE,Chloride,2009-10-31T00:00,0.067,µg/m³,IC,N/A
90132,EDMONTON MCINTYRE,Chloride,2009-11-03T00:00,0.046,µg/m³,IC,N/A
90132,EDMONTON MCINTYRE,Chloride,2009-11-03T00:00,0.083,µg/m³,IC,N/A
90132,EDMONTON MCINTYRE,Chloride,2009-11-06T00:00,0.016,µg/m³,IC,N/A
90132,EDMONTON MCINTYRE,Chloride,2009-11-06T00:00,0.099,µg/m³,IC,N/A
90132,EDMONTON MCINTYRE,Chloride,2009-11-09T00:00,0.020,µg/m³,IC,N/A
90132,EDMONTON MCINTYRE,Chloride,2009-11-09T00:00,0.021,µg/m³,IC,N/A
90132,EDMONTON MCINTYRE,Chloride,2009-11-12T00:00,0.029,µg/m³,IC,N/A
90132,EDMONTON MCINTYRE,Chloride,2009-11-12T00:00,0.030,µg/m³,IC,N/A
90132,EDMONTON MCINTYRE,Chloride,2009-11-15T00:00,0.028,µg/m³,IC,N/A
90132,EDMONTON MCINTYRE,Chloride,2009-11-15T00:00,0.032,µg/m³,IC,N/A
90132,EDMONTON MCINTYRE,Chloride,2009-11-18T00:00,0.020,µg/m³,IC,N/A
90132,EDMONTON MCINTYRE,Chloride,2009-11-18T00:00,0.047,µg/m³,IC,N/A
90132,EDMONTON MCINTYRE,Chloride,2009-11-21T00:00,0.013,µg/m³,IC,N/A
90132,EDMONTON MCINTYRE,Chloride,2009-11-21T00:00,0.056,µg/m³,IC,N/A
90132,EDMONTON MCINTYRE,Chloride,2009-11-24T00:00,0.063,µg/m³,IC,N/A
90132,EDMONTON MCINTYRE,Chloride,2009-11-24T00:00,0.065,µg/m³,IC,N/A
90132,EDMONTON MCINTYRE,Chloride,2009-11-27T00:00,0.034,µg/m³,IC,N/A
90132,EDMONTON MCINTYRE,Chloride,2009-11-27T00:00,0.048,µg/m³,IC,N/A
90132,EDMONTON MCINTYRE,Chloride,2009-11-30T00:00,0.025,µg/m³,IC,N/A
90132,EDMONTON MCINTYRE,Chloride,2009-11-30T00:00,0.032,µg/m³,IC,N/A
90132,EDMONTON MCINTYRE,Chloride,2009-12-03T00:00,0.049,µg/m³,IC,N/A
90132,EDMONTON MCINTYRE,Chloride,2009-12-03T00:00,0.106,µg/m³,IC,N/A
90132,EDMONTON MCINTYRE,Chloride,2009-12-06T00:00,0.038,µg/m³,IC,N/A
90132,EDMONTON MCINTYRE,Chloride,2009-12-06T00:00,0.102,µg/m³,IC,N/A
90132,EDMONTON MCINTYRE,Chloride,2009-12-09T00:00,0.033,µg/m³,IC,N/A
90132,EDMONTON MCINTYRE,Chloride,2009-12-09T00:00,0.063,µg/m³,IC,N/A
90132,EDMONTON MCINTYRE,Chloride,2009-12-12T00:00,0.205,µg/m³,IC,N/A
90132,EDMONTON MCINTYRE,Chloride,2009-12-12T00:00,0.232,µg/m³,IC,N/A
90132,EDMONTON MCINTYRE,Chloride,2009-12-15T00:00,0.052,µg/m³,IC,N/A
90132,EDMONTON MCINTYRE,Chloride,2009-12-15T00:00,0.073,µg/m³,IC,N/A
90132,EDMONTON MCINTYRE,Chloride,2009-12-18T00:00,0.028,µg/m³,IC,N/A
90132,EDMONTON MCINTYRE,Chloride,2009-12-18T00:00,0.155,µg/m³,IC,N/A
90132,EDMONTON MCINTYRE,Chloride,2009-12-21T00:00,0.034,µg/m³,IC,N/A
90132,EDMONTON MCINTYRE,Chloride,2009-12-21T00:00,0.070,µg/m³,IC,N/A
90132,EDMONTON MCINTYRE,Chloride,2009-12-24T00:00,0.046,µg/m³,IC,N/A
90132,EDMONTON MCINTYRE,Chloride,2009-12-24T00:00,0.091,µg/m³,IC,N/A
90132,EDMONTON MCINTYRE,Chloride,2009-12-27T00:00,0.021,µg/m³,IC,N/A
90132,EDMONTON MCINTYRE,Chloride,2009-12-27T00:00,0.266,µg/m³,IC,N/A
90132,EDMONTON MCINTYRE,Chloride,2009-12-30T00:00,0.063,µg/m³,IC,N/A
90132,EDMONTON MCINTYRE,Chloride,2009-12-30T00:00,0.070,µg/m³,IC,N/A
