﻿NAPS_Site_ID,Station_Name,Pollutant,Date,Value,Units,Report_Type,Method
101101,CHILLIWACK AIRPORT,"1,3,5-Trimethylbenzene",2011-01-03T00:00,0.053,µg/m³,VOC,N/A
101101,CHILLIWACK AIRPORT,"1,3,5-Trimethylbenzene",2011-01-15T00:00,0.038,µg/m³,VOC,N/A
101101,CHILLIWACK AIRPORT,"1,3,5-Trimethylbenzene",2011-01-27T00:00,0.048,µg/m³,VOC,N/A
101101,CHILLIWACK AIRPORT,"1,3,5-Trimethylbenzene",2011-02-08T00:00,0.007,µg/m³,VOC,N/A
101101,CHILLIWACK AIRPORT,"1,3,5-Trimethylbenzene",2011-02-20T00:00,0.012,µg/m³,VOC,N/A
101101,CHILLIWACK AIRPORT,"1,3,5-Trimethylbenzene",2011-03-04T00:00,0.011,µg/m³,VOC,N/A
101101,CHILLIWACK AIRPORT,"1,3,5-Trimethylbenzene",2011-03-16T00:00,0.016,µg/m³,VOC,N/A
101101,CHILLIWACK AIRPORT,"1,3,5-Trimethylbenzene",2011-03-28T00:00,0.013,µg/m³,VOC,N/A
101101,CHILLIWACK AIRPORT,"1,3,5-Trimethylbenzene",2011-04-09T00:00,0.021,µg/m³,VOC,N/A
101101,CHILLIWACK AIRPORT,"1,3,5-Trimethylbenzene",2011-04-21T00:00,0.013,µg/m³,VOC,N/A
101101,CHILLIWACK AIRPORT,"1,3,5-Trimethylbenzene",2011-05-03T00:00,0.011,µg/m³,VOC,N/A
101101,CHILLIWACK AIRPORT,"1,3,5-Trimethylbenzene",2011-05-15T00:00,0.011,µg/m³,VOC,N/A
101101,CHILLIWACK AIRPORT,"1,3,5-Trimethylbenzene",2011-05-27T00:00,0.015,µg/m³,VOC,N/A
101101,CHILLIWACK AIRPORT,"1,3,5-Trimethylbenzene",2011-06-08T00:00,0.014,µg/m³,VOC,N/A
101101,CHILLIWACK AIRPORT,"1,3,5-Trimethylbenzene",2011-06-20T00:00,0.036,µg/m³,VOC,N/A
101101,CHILLIWACK AIRPORT,"1,3,5-Trimethylbenzene",2011-07-02T00:00,0.024,µg/m³,VOC,N/A
101101,CHILLIWACK AIRPORT,"1,3,5-Trimethylbenzene",2011-07-14T00:00,0.034,µg/m³,VOC,N/A
101101,CHILLIWACK AIRPORT,"1,3,5-Trimethylbenzene",2011-07-26T00:00,0.033,µg/m³,VOC,N/A
101101,CHILLIWACK AIRPORT,"1,3,5-Trimethylbenzene",2011-08-07T00:00,0.029,µg/m³,VOC,N/A
101101,CHILLIWACK AIRPORT,"1,3,5-Trimethylbenzene",2011-08-19T00:00,0.045,µg/m³,VOC,N/A
101101,CHILLIWACK AIRPORT,"1,3,5-Trimethylbenzene",2011-08-31T00:00,0.036,µg/m³,VOC,N/A
101101,CHILLIWACK AIRPORT,"1,3,5-Trimethylbenzene",2011-09-24T00:00,0.040,µg/m³,VOC,N/A
101101,CHILLIWACK AIRPORT,"1,3,5-Trimethylbenzene",2011-10-06T00:00,0.107,µg/m³,VOC,N/A
101101,CHILLIWACK AIRPORT,"1,3,5-Trimethylbenzene",2011-10-18T00:00,0.037,µg/m³,VOC,N/A
101101,CHILLIWACK AIRPORT,"1,3,5-Trimethylbenzene",2011-10-30T00:00,0.022,µg/m³,VOC,N/A
101101,CHILLIWACK AIRPORT,"1,3,5-Trimethylbenzene",2011-11-11T00:00,0.055,µg/m³,VOC,N/A
101101,CHILLIWACK AIRPORT,"1,3,5-Trimethylbenzene",2011-11-23T00:00,0.054,µg/m³,VOC,N/A
101101,CHILLIWACK AIRPORT,"1,3,5-Trimethylbenzene",2011-12-05T00:00,0.136,µg/m³,VOC,N/A
101101,CHILLIWACK AIRPORT,"1,3,5-Trimethylbenzene",2011-12-17T00:00,0.058,µg/m³,VOC,N/A
101101,CHILLIWACK AIRPORT,"1,3,5-Trimethylbenzene",2011-12-29T00:00,0.023,µg/m³,VOC,N/A
