﻿NAPS_Site_ID,Station_Name,Pollutant,Date,Value,Units,Report_Type,Method
60903,LONDON AQI SITE _LONDON_ 900_HGHBURYAVE,1-Butene/Isobutene,1998-05-29T00:00,0.862,µg/m³,VOC,
60903,LONDON AQI SITE _LONDON_ 900_HGHBURYAVE,1-Butene/Isobutene,1998-06-04T00:00,0.659,µg/m³,VOC,
60903,LONDON AQI SITE _LONDON_ 900_HGHBURYAVE,1-Butene/Isobutene,1998-06-10T00:00,0.417,µg/m³,VOC,
60903,LONDON AQI SITE _LONDON_ 900_HGHBURYAVE,1-Butene/Isobutene,1998-06-16T00:00,0.721,µg/m³,VOC,
60903,LONDON AQI SITE _LONDON_ 900_HGHBURYAVE,1-Butene/Isobutene,1998-06-28T00:00,0.595,µg/m³,VOC,
60903,LONDON AQI SITE _LONDON_ 900_HGHBURYAVE,1-Butene/Isobutene,1998-07-04T00:00,0.583,µg/m³,VOC,
60903,LONDON AQI SITE _LONDON_ 900_HGHBURYAVE,1-Butene/Isobutene,1998-07-10T00:00,0.562,µg/m³,VOC,
60903,LONDON AQI SITE _LONDON_ 900_HGHBURYAVE,1-Butene/Isobutene,1998-07-16T00:00,0.693,µg/m³,VOC,
60903,LONDON AQI SITE _LONDON_ 900_HGHBURYAVE,1-Butene/Isobutene,1998-07-22T00:00,0.677,µg/m³,VOC,
60903,LONDON AQI SITE _LONDON_ 900_HGHBURYAVE,1-Butene/Isobutene,1998-07-28T00:00,0.849,µg/m³,VOC,
60903,LONDON AQI SITE _LONDON_ 900_HGHBURYAVE,1-Butene/Isobutene,1998-08-03T00:00,1.283,µg/m³,VOC,
60903,LONDON AQI SITE _LONDON_ 900_HGHBURYAVE,1-Butene/Isobutene,1998-08-09T00:00,0.636,µg/m³,VOC,
60903,LONDON AQI SITE _LONDON_ 900_HGHBURYAVE,1-Butene/Isobutene,1998-08-15T00:00,0.514,µg/m³,VOC,
60903,LONDON AQI SITE _LONDON_ 900_HGHBURYAVE,1-Butene/Isobutene,1998-08-21T00:00,0.469,µg/m³,VOC,
60903,LONDON AQI SITE _LONDON_ 900_HGHBURYAVE,1-Butene/Isobutene,1998-08-27T00:00,0.807,µg/m³,VOC,
60903,LONDON AQI SITE _LONDON_ 900_HGHBURYAVE,1-Butene/Isobutene,1998-09-02T00:00,0.443,µg/m³,VOC,
60903,LONDON AQI SITE _LONDON_ 900_HGHBURYAVE,1-Butene/Isobutene,1998-09-08T00:00,0.499,µg/m³,VOC,
60903,LONDON AQI SITE _LONDON_ 900_HGHBURYAVE,1-Butene/Isobutene,1998-09-26T00:00,0.444,µg/m³,VOC,
60903,LONDON AQI SITE _LONDON_ 900_HGHBURYAVE,1-Butene/Isobutene,1998-10-02T00:00,0.526,µg/m³,VOC,
60903,LONDON AQI SITE _LONDON_ 900_HGHBURYAVE,1-Butene/Isobutene,1998-10-08T00:00,0.322,µg/m³,VOC,
60903,LONDON AQI SITE _LONDON_ 900_HGHBURYAVE,1-Butene/Isobutene,1998-10-14T00:00,0.452,µg/m³,VOC,
60903,LONDON AQI SITE _LONDON_ 900_HGHBURYAVE,1-Butene/Isobutene,1998-10-20T00:00,0.646,µg/m³,VOC,
60903,LONDON AQI SITE _LONDON_ 900_HGHBURYAVE,1-Butene/Isobutene,1998-11-01T00:00,0.297,µg/m³,VOC,
60903,LONDON AQI SITE _LONDON_ 900_HGHBURYAVE,1-Butene/Isobutene,1998-11-07T00:00,0.482,µg/m³,VOC,
60903,LONDON AQI SITE _LONDON_ 900_HGHBURYAVE,1-Butene/Isobutene,1998-11-13T00:00,1.097,µg/m³,VOC,
60903,LONDON AQI SITE _LONDON_ 900_HGHBURYAVE,1-Butene/Isobutene,1998-11-19T00:00,0.464,µg/m³,VOC,
60903,LONDON AQI SITE _LONDON_ 900_HGHBURYAVE,1-Butene/Isobutene,1998-11-25T00:00,0.681,µg/m³,VOC,
60903,LONDON AQI SITE _LONDON_ 900_HGHBURYAVE,1-Butene/Isobutene,1998-12-01T00:00,0.419,µg/m³,VOC,
60903,LONDON AQI SITE _LONDON_ 900_HGHBURYAVE,1-Butene/Isobutene,1998-12-07T00:00,0.565,µg/m³,VOC,
60903,LONDON AQI SITE _LONDON_ 900_HGHBURYAVE,1-Butene/Isobutene,1998-12-13T00:00,1.011,µg/m³,VOC,
60903,LONDON AQI SITE _LONDON_ 900_HGHBURYAVE,1-Butene/Isobutene,1998-12-25T00:00,0.307,µg/m³,VOC,
60903,LONDON AQI SITE _LONDON_ 900_HGHBURYAVE,1-Butene/Isobutene,1998-12-31T00:00,0.610,µg/m³,VOC,
