﻿NAPS_Site_ID,Station_Name,Pollutant,Date,Value,Units,Report_Type,Method
50115,MONTRÉAL-MAISONNEUVE,"1,1,1-Trichloroethane",1997-01-04T00:00,0.720,µg/m³,VOC,GC-MS
50115,MONTRÉAL-MAISONNEUVE,"1,1,1-Trichloroethane",1997-01-10T00:00,0.940,µg/m³,VOC,GC-MS
50115,MONTRÉAL-MAISONNEUVE,"1,1,1-Trichloroethane",1997-01-16T00:00,0.880,µg/m³,VOC,GC-MS
50115,MONTRÉAL-MAISONNEUVE,"1,1,1-Trichloroethane",1997-01-22T00:00,0.940,µg/m³,VOC,GC-MS
50115,MONTRÉAL-MAISONNEUVE,"1,1,1-Trichloroethane",1997-01-28T00:00,0.740,µg/m³,VOC,GC-MS
50115,MONTRÉAL-MAISONNEUVE,"1,1,1-Trichloroethane",1997-02-03T00:00,0.920,µg/m³,VOC,GC-MS
50115,MONTRÉAL-MAISONNEUVE,"1,1,1-Trichloroethane",1997-02-09T00:00,0.780,µg/m³,VOC,GC-MS
50115,MONTRÉAL-MAISONNEUVE,"1,1,1-Trichloroethane",1997-02-15T00:00,0.700,µg/m³,VOC,GC-MS
50115,MONTRÉAL-MAISONNEUVE,"1,1,1-Trichloroethane",1997-02-21T00:00,1.660,µg/m³,VOC,GC-MS
50115,MONTRÉAL-MAISONNEUVE,"1,1,1-Trichloroethane",1997-02-27T00:00,0.680,µg/m³,VOC,GC-MS
50115,MONTRÉAL-MAISONNEUVE,"1,1,1-Trichloroethane",1997-03-05T00:00,0.800,µg/m³,VOC,GC-MS
50115,MONTRÉAL-MAISONNEUVE,"1,1,1-Trichloroethane",1997-03-11T00:00,0.720,µg/m³,VOC,GC-MS
50115,MONTRÉAL-MAISONNEUVE,"1,1,1-Trichloroethane",1997-03-17T00:00,0.680,µg/m³,VOC,GC-MS
50115,MONTRÉAL-MAISONNEUVE,"1,1,1-Trichloroethane",1997-03-23T00:00,0.740,µg/m³,VOC,GC-MS
50115,MONTRÉAL-MAISONNEUVE,"1,1,1-Trichloroethane",1997-03-29T00:00,0.780,µg/m³,VOC,GC-MS
50115,MONTRÉAL-MAISONNEUVE,"1,1,1-Trichloroethane",1997-04-04T00:00,1.040,µg/m³,VOC,GC-MS
50115,MONTRÉAL-MAISONNEUVE,"1,1,1-Trichloroethane",1997-04-10T00:00,0.800,µg/m³,VOC,GC-MS
50115,MONTRÉAL-MAISONNEUVE,"1,1,1-Trichloroethane",1997-04-16T00:00,0.660,µg/m³,VOC,GC-MS
50115,MONTRÉAL-MAISONNEUVE,"1,1,1-Trichloroethane",1997-04-22T00:00,1.020,µg/m³,VOC,GC-MS
50115,MONTRÉAL-MAISONNEUVE,"1,1,1-Trichloroethane",1997-04-28T00:00,0.700,µg/m³,VOC,GC-MS
50115,MONTRÉAL-MAISONNEUVE,"1,1,1-Trichloroethane",1997-05-04T00:00,0.580,µg/m³,VOC,GC-MS
50115,MONTRÉAL-MAISONNEUVE,"1,1,1-Trichloroethane",1997-05-10T00:00,2.200,µg/m³,VOC,GC-MS
50115,MONTRÉAL-MAISONNEUVE,"1,1,1-Trichloroethane",1997-05-16T00:00,0.640,µg/m³,VOC,GC-MS
50115,MONTRÉAL-MAISONNEUVE,"1,1,1-Trichloroethane",1997-05-22T00:00,0.800,µg/m³,VOC,GC-MS
50115,MONTRÉAL-MAISONNEUVE,"1,1,1-Trichloroethane",1997-05-28T00:00,0.760,µg/m³,VOC,GC-MS
50115,MONTRÉAL-MAISONNEUVE,"1,1,1-Trichloroethane",1997-06-03T00:00,0.751,µg/m³,VOC,GC-MS
50115,MONTRÉAL-MAISONNEUVE,"1,1,1-Trichloroethane",1997-06-09T00:00,0.736,µg/m³,VOC,GC-MS
50115,MONTRÉAL-MAISONNEUVE,"1,1,1-Trichloroethane",1997-06-15T00:00,0.626,µg/m³,VOC,GC-MS
50115,MONTRÉAL-MAISONNEUVE,"1,1,1-Trichloroethane",1997-06-21T00:00,0.720,µg/m³,VOC,GC-MS
50115,MONTRÉAL-MAISONNEUVE,"1,1,1-Trichloroethane",1997-08-26T00:00,0.770,µg/m³,VOC,GC-MS
50115,MONTRÉAL-MAISONNEUVE,"1,1,1-Trichloroethane",1997-09-01T00:00,0.570,µg/m³,VOC,GC-MS
50115,MONTRÉAL-MAISONNEUVE,"1,1,1-Trichloroethane",1997-09-07T00:00,0.616,µg/m³,VOC,GC-MS
50115,MONTRÉAL-MAISONNEUVE,"1,1,1-Trichloroethane",1997-09-13T00:00,0.601,µg/m³,VOC,GC-MS
50115,MONTRÉAL-MAISONNEUVE,"1,1,1-Trichloroethane",1997-09-19T00:00,0.592,µg/m³,VOC,GC-MS
50115,MONTRÉAL-MAISONNEUVE,"1,1,1-Trichloroethane",1997-09-25T00:00,0.722,µg/m³,VOC,GC-MS
50115,MONTRÉAL-MAISONNEUVE,"1,1,1-Trichloroethane",1997-10-01T00:00,0.756,µg/m³,VOC,GC-MS
50115,MONTRÉAL-MAISONNEUVE,"1,1,1-Trichloroethane",1997-10-07T00:00,0.655,µg/m³,VOC,GC-MS
50115,MONTRÉAL-MAISONNEUVE,"1,1,1-Trichloroethane",1997-10-13T00:00,0.643,µg/m³,VOC,GC-MS
50115,MONTRÉAL-MAISONNEUVE,"1,1,1-Trichloroethane",1997-10-19T00:00,0.606,µg/m³,VOC,GC-MS
50115,MONTRÉAL-MAISONNEUVE,"1,1,1-Trichloroethane",1997-10-25T00:00,0.651,µg/m³,VOC,GC-MS
50115,MONTRÉAL-MAISONNEUVE,"1,1,1-Trichloroethane",1997-10-31T00:00,0.606,µg/m³,VOC,GC-MS
50115,MONTRÉAL-MAISONNEUVE,"1,1,1-Trichloroethane",1997-11-06T00:00,0.732,µg/m³,VOC,GC-MS
50115,MONTRÉAL-MAISONNEUVE,"1,1,1-Trichloroethane",1997-11-12T00:00,0.571,µg/m³,VOC,GC-MS
50115,MONTRÉAL-MAISONNEUVE,"1,1,1-Trichloroethane",1997-11-18T00:00,0.541,µg/m³,VOC,GC-MS
50115,MONTRÉAL-MAISONNEUVE,"1,1,1-Trichloroethane",1997-11-24T00:00,0.552,µg/m³,VOC,GC-MS
50115,MONTRÉAL-MAISONNEUVE,"1,1,1-Trichloroethane",1997-11-30T00:00,0.507,µg/m³,VOC,GC-MS
50115,MONTRÉAL-MAISONNEUVE,"1,1,1-Trichloroethane",1997-12-06T00:00,0.518,µg/m³,VOC,GC-MS
50115,MONTRÉAL-MAISONNEUVE,"1,1,1-Trichloroethane",1997-12-12T00:00,0.639,µg/m³,VOC,GC-MS
50115,MONTRÉAL-MAISONNEUVE,"1,1,1-Trichloroethane",1997-12-18T00:00,0.560,µg/m³,VOC,GC-MS
50115,MONTRÉAL-MAISONNEUVE,"1,1,1-Trichloroethane",1997-12-24T00:00,0.580,µg/m³,VOC,GC-MS
50115,MONTRÉAL-MAISONNEUVE,"1,1,1-Trichloroethane",1997-12-30T00:00,0.480,µg/m³,VOC,GC-MS
