﻿NAPS_Site_ID,Station_Name,Pollutant,Date,Value,Units,Report_Type,Method
60413,CENTENNIAL PARK _ETOBICOKE WEST_,4-Ethyltoluene,1996-01-04T00:00,0.337,µg/m³,VOC,N/A
60413,CENTENNIAL PARK _ETOBICOKE WEST_,4-Ethyltoluene,1996-01-10T00:00,0.177,µg/m³,VOC,N/A
60413,CENTENNIAL PARK _ETOBICOKE WEST_,4-Ethyltoluene,1996-01-16T00:00,0.380,µg/m³,VOC,N/A
60413,CENTENNIAL PARK _ETOBICOKE WEST_,4-Ethyltoluene,1996-01-22T00:00,0.356,µg/m³,VOC,N/A
60413,CENTENNIAL PARK _ETOBICOKE WEST_,4-Ethyltoluene,1996-01-28T00:00,0.162,µg/m³,VOC,N/A
60413,CENTENNIAL PARK _ETOBICOKE WEST_,4-Ethyltoluene,1996-02-03T00:00,0.188,µg/m³,VOC,N/A
60413,CENTENNIAL PARK _ETOBICOKE WEST_,4-Ethyltoluene,1996-02-09T00:00,0.181,µg/m³,VOC,N/A
60413,CENTENNIAL PARK _ETOBICOKE WEST_,4-Ethyltoluene,1996-02-15T00:00,0.330,µg/m³,VOC,N/A
60413,CENTENNIAL PARK _ETOBICOKE WEST_,4-Ethyltoluene,1996-02-21T00:00,1.551,µg/m³,VOC,N/A
60413,CENTENNIAL PARK _ETOBICOKE WEST_,4-Ethyltoluene,1996-02-27T00:00,0.505,µg/m³,VOC,N/A
60413,CENTENNIAL PARK _ETOBICOKE WEST_,4-Ethyltoluene,1996-03-04T00:00,0.106,µg/m³,VOC,N/A
60413,CENTENNIAL PARK _ETOBICOKE WEST_,4-Ethyltoluene,1996-03-10T00:00,0.257,µg/m³,VOC,N/A
60413,CENTENNIAL PARK _ETOBICOKE WEST_,4-Ethyltoluene,1996-03-16T00:00,0.328,µg/m³,VOC,N/A
60413,CENTENNIAL PARK _ETOBICOKE WEST_,4-Ethyltoluene,1996-03-22T00:00,0.113,µg/m³,VOC,N/A
60413,CENTENNIAL PARK _ETOBICOKE WEST_,4-Ethyltoluene,1996-03-28T00:00,0.434,µg/m³,VOC,N/A
60413,CENTENNIAL PARK _ETOBICOKE WEST_,4-Ethyltoluene,1996-04-03T00:00,0.519,µg/m³,VOC,N/A
60413,CENTENNIAL PARK _ETOBICOKE WEST_,4-Ethyltoluene,1996-04-09T00:00,0.353,µg/m³,VOC,N/A
60413,CENTENNIAL PARK _ETOBICOKE WEST_,4-Ethyltoluene,1996-04-15T00:00,0.509,µg/m³,VOC,N/A
60413,CENTENNIAL PARK _ETOBICOKE WEST_,4-Ethyltoluene,1996-04-21T00:00,0.264,µg/m³,VOC,N/A
60413,CENTENNIAL PARK _ETOBICOKE WEST_,4-Ethyltoluene,1996-04-27T00:00,0.161,µg/m³,VOC,N/A
60413,CENTENNIAL PARK _ETOBICOKE WEST_,4-Ethyltoluene,1996-05-03T00:00,0.691,µg/m³,VOC,N/A
60413,CENTENNIAL PARK _ETOBICOKE WEST_,4-Ethyltoluene,1996-05-09T00:00,0.487,µg/m³,VOC,N/A
60413,CENTENNIAL PARK _ETOBICOKE WEST_,4-Ethyltoluene,1996-05-15T00:00,0.714,µg/m³,VOC,N/A
60413,CENTENNIAL PARK _ETOBICOKE WEST_,4-Ethyltoluene,1996-05-21T00:00,0.266,µg/m³,VOC,N/A
60413,CENTENNIAL PARK _ETOBICOKE WEST_,4-Ethyltoluene,1996-05-27T00:00,0.537,µg/m³,VOC,N/A
60413,CENTENNIAL PARK _ETOBICOKE WEST_,4-Ethyltoluene,1996-06-02T00:00,0.289,µg/m³,VOC,N/A
60413,CENTENNIAL PARK _ETOBICOKE WEST_,4-Ethyltoluene,1996-06-14T00:00,0.531,µg/m³,VOC,N/A
60413,CENTENNIAL PARK _ETOBICOKE WEST_,4-Ethyltoluene,1996-06-20T00:00,0.385,µg/m³,VOC,N/A
60413,CENTENNIAL PARK _ETOBICOKE WEST_,4-Ethyltoluene,1996-06-26T00:00,0.325,µg/m³,VOC,N/A
60413,CENTENNIAL PARK _ETOBICOKE WEST_,4-Ethyltoluene,1996-07-02T00:00,0.405,µg/m³,VOC,N/A
60413,CENTENNIAL PARK _ETOBICOKE WEST_,4-Ethyltoluene,1996-07-08T00:00,0.214,µg/m³,VOC,N/A
60413,CENTENNIAL PARK _ETOBICOKE WEST_,4-Ethyltoluene,1996-07-14T00:00,0.355,µg/m³,VOC,N/A
60413,CENTENNIAL PARK _ETOBICOKE WEST_,4-Ethyltoluene,1996-07-20T00:00,0.061,µg/m³,VOC,N/A
60413,CENTENNIAL PARK _ETOBICOKE WEST_,4-Ethyltoluene,1996-07-26T00:00,0.158,µg/m³,VOC,N/A
60413,CENTENNIAL PARK _ETOBICOKE WEST_,4-Ethyltoluene,1996-08-01T00:00,0.348,µg/m³,VOC,N/A
60413,CENTENNIAL PARK _ETOBICOKE WEST_,4-Ethyltoluene,1996-08-07T00:00,0.541,µg/m³,VOC,N/A
60413,CENTENNIAL PARK _ETOBICOKE WEST_,4-Ethyltoluene,1996-08-13T00:00,0.280,µg/m³,VOC,N/A
60413,CENTENNIAL PARK _ETOBICOKE WEST_,4-Ethyltoluene,1996-08-19T00:00,0.508,µg/m³,VOC,N/A
60413,CENTENNIAL PARK _ETOBICOKE WEST_,4-Ethyltoluene,1996-08-25T00:00,0.163,µg/m³,VOC,N/A
60413,CENTENNIAL PARK _ETOBICOKE WEST_,4-Ethyltoluene,1996-08-31T00:00,0.438,µg/m³,VOC,N/A
60413,CENTENNIAL PARK _ETOBICOKE WEST_,4-Ethyltoluene,1996-09-12T00:00,0.515,µg/m³,VOC,N/A
60413,CENTENNIAL PARK _ETOBICOKE WEST_,4-Ethyltoluene,1996-09-18T00:00,0.201,µg/m³,VOC,N/A
60413,CENTENNIAL PARK _ETOBICOKE WEST_,4-Ethyltoluene,1996-09-24T00:00,1.237,µg/m³,VOC,N/A
60413,CENTENNIAL PARK _ETOBICOKE WEST_,4-Ethyltoluene,1996-09-30T00:00,0.491,µg/m³,VOC,N/A
60413,CENTENNIAL PARK _ETOBICOKE WEST_,4-Ethyltoluene,1996-10-06T00:00,0.577,µg/m³,VOC,N/A
60413,CENTENNIAL PARK _ETOBICOKE WEST_,4-Ethyltoluene,1996-10-12T00:00,0.524,µg/m³,VOC,N/A
60413,CENTENNIAL PARK _ETOBICOKE WEST_,4-Ethyltoluene,1996-10-18T00:00,0.351,µg/m³,VOC,N/A
60413,CENTENNIAL PARK _ETOBICOKE WEST_,4-Ethyltoluene,1996-10-24T00:00,0.205,µg/m³,VOC,N/A
60413,CENTENNIAL PARK _ETOBICOKE WEST_,4-Ethyltoluene,1996-10-30T00:00,0.187,µg/m³,VOC,N/A
60413,CENTENNIAL PARK _ETOBICOKE WEST_,4-Ethyltoluene,1996-11-05T00:00,0.400,µg/m³,VOC,N/A
60413,CENTENNIAL PARK _ETOBICOKE WEST_,4-Ethyltoluene,1996-11-11T00:00,0.107,µg/m³,VOC,N/A
60413,CENTENNIAL PARK _ETOBICOKE WEST_,4-Ethyltoluene,1996-11-17T00:00,0.855,µg/m³,VOC,N/A
60413,CENTENNIAL PARK _ETOBICOKE WEST_,4-Ethyltoluene,1996-11-23T00:00,0.165,µg/m³,VOC,N/A
60413,CENTENNIAL PARK _ETOBICOKE WEST_,4-Ethyltoluene,1996-11-29T00:00,0.540,µg/m³,VOC,N/A
60413,CENTENNIAL PARK _ETOBICOKE WEST_,4-Ethyltoluene,1996-12-05T00:00,0.600,µg/m³,VOC,N/A
60413,CENTENNIAL PARK _ETOBICOKE WEST_,4-Ethyltoluene,1996-12-11T00:00,0.300,µg/m³,VOC,N/A
60413,CENTENNIAL PARK _ETOBICOKE WEST_,4-Ethyltoluene,1996-12-17T00:00,0.240,µg/m³,VOC,N/A
60413,CENTENNIAL PARK _ETOBICOKE WEST_,4-Ethyltoluene,1996-12-23T00:00,0.500,µg/m³,VOC,N/A
60413,CENTENNIAL PARK _ETOBICOKE WEST_,4-Ethyltoluene,1996-12-29T00:00,0.280,µg/m³,VOC,N/A
