﻿NAPS_Site_ID,Station_Name,Pollutant,Date,Value,Units,Report_Type,Method
60517,CONFEDERATION PARK,P5CDD,2001-01-01T00:00,0.223,pg/m³,PCDD,GC-MS
60517,CONFEDERATION PARK,P5CDD,2001-01-13T00:00,0.094,pg/m³,PCDD,GC-MS
60517,CONFEDERATION PARK,P5CDD,2001-01-25T00:00,0.436,pg/m³,PCDD,GC-MS
60517,CONFEDERATION PARK,P5CDD,2001-02-06T00:00,0.033,pg/m³,PCDD,GC-MS
60517,CONFEDERATION PARK,P5CDD,2001-03-02T00:00,0.067,pg/m³,PCDD,GC-MS
60517,CONFEDERATION PARK,P5CDD,2001-03-14T00:00,0.076,pg/m³,PCDD,GC-MS
60517,CONFEDERATION PARK,P5CDD,2001-03-26T00:00,0.054,pg/m³,PCDD,GC-MS
60517,CONFEDERATION PARK,P5CDD,2001-04-07T00:00,0.046,pg/m³,PCDD,GC-MS
60517,CONFEDERATION PARK,P5CDD,2001-04-19T00:00,0.079,pg/m³,PCDD,GC-MS
60517,CONFEDERATION PARK,P5CDD,2001-05-01T00:00,0.113,pg/m³,PCDD,GC-MS
60517,CONFEDERATION PARK,P5CDD,2001-05-13T00:00,0.043,pg/m³,PCDD,GC-MS
60517,CONFEDERATION PARK,P5CDD,2001-05-25T00:00,0.000,pg/m³,PCDD,GC-MS
60517,CONFEDERATION PARK,P5CDD,2001-06-18T00:00,0.013,pg/m³,PCDD,GC-MS
60517,CONFEDERATION PARK,P5CDD,2001-06-30T00:00,1.081,pg/m³,PCDD,GC-MS
60517,CONFEDERATION PARK,P5CDD,2001-07-24T00:00,0.176,pg/m³,PCDD,GC-MS
60517,CONFEDERATION PARK,P5CDD,2001-08-05T00:00,1.688,pg/m³,PCDD,GC-MS
60517,CONFEDERATION PARK,P5CDD,2001-08-17T00:00,0.008,pg/m³,PCDD,GC-MS
60517,CONFEDERATION PARK,P5CDD,2001-08-29T00:00,0.091,pg/m³,PCDD,GC-MS
60517,CONFEDERATION PARK,P5CDD,2001-09-10T00:00,0.065,pg/m³,PCDD,GC-MS
60517,CONFEDERATION PARK,P5CDD,2001-09-22T00:00,0.242,pg/m³,PCDD,GC-MS
60517,CONFEDERATION PARK,P5CDD,2001-10-04T00:00,0.100,pg/m³,PCDD,GC-MS
60517,CONFEDERATION PARK,P5CDD,2001-10-28T00:00,0.749,pg/m³,PCDD,GC-MS
60517,CONFEDERATION PARK,P5CDD,2001-11-09T00:00,0.908,pg/m³,PCDD,GC-MS
60517,CONFEDERATION PARK,P5CDD,2001-11-21T00:00,0.135,pg/m³,PCDD,GC-MS
