﻿NAPS_Site_ID,Station_Name,Pollutant,Date,Value,Units,Report_Type,Method
100127,SURREY EAST,Carbontetrachloride,1997-02-03T00:00,0.500,µg/m³,VOC,
100127,SURREY EAST,Carbontetrachloride,1997-03-17T00:00,0.720,µg/m³,VOC,
100127,SURREY EAST,Carbontetrachloride,1997-04-28T00:00,0.700,µg/m³,VOC,
100127,SURREY EAST,Carbontetrachloride,1997-06-03T00:00,0.904,µg/m³,VOC,
100127,SURREY EAST,Carbontetrachloride,1997-07-09T00:00,0.691,µg/m³,VOC,
100127,SURREY EAST,Carbontetrachloride,1997-08-14T00:00,0.694,µg/m³,VOC,
100127,SURREY EAST,Carbontetrachloride,1997-09-19T00:00,0.684,µg/m³,VOC,
100127,SURREY EAST,Carbontetrachloride,1997-10-31T00:00,0.581,µg/m³,VOC,
100127,SURREY EAST,Carbontetrachloride,1997-12-06T00:00,0.620,µg/m³,VOC,
