﻿NAPS_Site_ID,Station_Name,Pollutant,Date,Value,Units,Report_Type,Method
90130,EDMONTON CENTRAL,Silicon,1994-01-02T00:00,0.072,µg/m³,DICHOT,N/A
90130,EDMONTON CENTRAL,Silicon,1994-01-02T00:00,0.265,µg/m³,DICHOT,N/A
90130,EDMONTON CENTRAL,Silicon,1994-01-08T00:00,0.034,µg/m³,DICHOT,N/A
90130,EDMONTON CENTRAL,Silicon,1994-01-08T00:00,0.102,µg/m³,DICHOT,N/A
90130,EDMONTON CENTRAL,Silicon,1994-01-14T00:00,0.115,µg/m³,DICHOT,N/A
90130,EDMONTON CENTRAL,Silicon,1994-01-14T00:00,0.138,µg/m³,DICHOT,N/A
90130,EDMONTON CENTRAL,Silicon,1994-01-20T00:00,0.108,µg/m³,DICHOT,N/A
90130,EDMONTON CENTRAL,Silicon,1994-01-20T00:00,0.797,µg/m³,DICHOT,N/A
90130,EDMONTON CENTRAL,Silicon,1994-01-26T00:00,0.120,µg/m³,DICHOT,N/A
90130,EDMONTON CENTRAL,Silicon,1994-01-26T00:00,0.308,µg/m³,DICHOT,N/A
90130,EDMONTON CENTRAL,Silicon,1994-02-01T00:00,0.035,µg/m³,DICHOT,N/A
90130,EDMONTON CENTRAL,Silicon,1994-02-01T00:00,0.281,µg/m³,DICHOT,N/A
90130,EDMONTON CENTRAL,Silicon,1994-02-07T00:00,0.135,µg/m³,DICHOT,N/A
90130,EDMONTON CENTRAL,Silicon,1994-02-07T00:00,0.479,µg/m³,DICHOT,N/A
90130,EDMONTON CENTRAL,Silicon,1994-02-13T00:00,0.014,µg/m³,DICHOT,N/A
90130,EDMONTON CENTRAL,Silicon,1994-02-13T00:00,0.235,µg/m³,DICHOT,N/A
90130,EDMONTON CENTRAL,Silicon,1994-02-19T00:00,0.059,µg/m³,DICHOT,N/A
90130,EDMONTON CENTRAL,Silicon,1994-02-19T00:00,0.064,µg/m³,DICHOT,N/A
90130,EDMONTON CENTRAL,Silicon,1994-02-25T00:00,0.160,µg/m³,DICHOT,N/A
90130,EDMONTON CENTRAL,Silicon,1994-02-25T00:00,0.166,µg/m³,DICHOT,N/A
90130,EDMONTON CENTRAL,Silicon,1994-03-03T00:00,0.330,µg/m³,DICHOT,N/A
90130,EDMONTON CENTRAL,Silicon,1994-03-03T00:00,9.809,µg/m³,DICHOT,N/A
90130,EDMONTON CENTRAL,Silicon,1994-03-09T00:00,0.470,µg/m³,DICHOT,N/A
90130,EDMONTON CENTRAL,Silicon,1994-03-09T00:00,10.047,µg/m³,DICHOT,N/A
90130,EDMONTON CENTRAL,Silicon,1994-03-15T00:00,0.254,µg/m³,DICHOT,N/A
90130,EDMONTON CENTRAL,Silicon,1994-03-15T00:00,5.882,µg/m³,DICHOT,N/A
90130,EDMONTON CENTRAL,Silicon,1994-03-21T00:00,0.140,µg/m³,DICHOT,N/A
90130,EDMONTON CENTRAL,Silicon,1994-03-21T00:00,4.301,µg/m³,DICHOT,N/A
90130,EDMONTON CENTRAL,Silicon,1994-03-27T00:00,0.154,µg/m³,DICHOT,N/A
90130,EDMONTON CENTRAL,Silicon,1994-03-27T00:00,2.635,µg/m³,DICHOT,N/A
90130,EDMONTON CENTRAL,Silicon,1994-04-02T00:00,0.226,µg/m³,DICHOT,N/A
90130,EDMONTON CENTRAL,Silicon,1994-04-02T00:00,3.434,µg/m³,DICHOT,N/A
90130,EDMONTON CENTRAL,Silicon,1994-04-08T00:00,0.467,µg/m³,DICHOT,N/A
90130,EDMONTON CENTRAL,Silicon,1994-04-08T00:00,6.698,µg/m³,DICHOT,N/A
90130,EDMONTON CENTRAL,Silicon,1994-04-14T00:00,0.152,µg/m³,DICHOT,N/A
90130,EDMONTON CENTRAL,Silicon,1994-04-14T00:00,4.199,µg/m³,DICHOT,N/A
90130,EDMONTON CENTRAL,Silicon,1994-04-26T00:00,0.179,µg/m³,DICHOT,N/A
90130,EDMONTON CENTRAL,Silicon,1994-04-26T00:00,3.315,µg/m³,DICHOT,N/A
90130,EDMONTON CENTRAL,Silicon,1994-05-02T00:00,0.474,µg/m³,DICHOT,N/A
90130,EDMONTON CENTRAL,Silicon,1994-05-02T00:00,8.058,µg/m³,DICHOT,N/A
90130,EDMONTON CENTRAL,Silicon,1994-05-08T00:00,0.329,µg/m³,DICHOT,N/A
90130,EDMONTON CENTRAL,Silicon,1994-05-08T00:00,5.576,µg/m³,DICHOT,N/A
90130,EDMONTON CENTRAL,Silicon,1994-05-14T00:00,0.169,µg/m³,DICHOT,N/A
90130,EDMONTON CENTRAL,Silicon,1994-05-14T00:00,3.893,µg/m³,DICHOT,N/A
90130,EDMONTON CENTRAL,Silicon,1994-05-20T00:00,0.097,µg/m³,DICHOT,N/A
90130,EDMONTON CENTRAL,Silicon,1994-05-20T00:00,0.315,µg/m³,DICHOT,N/A
90130,EDMONTON CENTRAL,Silicon,1994-05-26T00:00,0.282,µg/m³,DICHOT,N/A
90130,EDMONTON CENTRAL,Silicon,1994-05-26T00:00,1.486,µg/m³,DICHOT,N/A
90130,EDMONTON CENTRAL,Silicon,1994-06-01T00:00,0.147,µg/m³,DICHOT,N/A
90130,EDMONTON CENTRAL,Silicon,1994-06-01T00:00,1.362,µg/m³,DICHOT,N/A
90130,EDMONTON CENTRAL,Silicon,1994-06-07T00:00,0.034,µg/m³,DICHOT,N/A
90130,EDMONTON CENTRAL,Silicon,1994-06-07T00:00,0.309,µg/m³,DICHOT,N/A
90130,EDMONTON CENTRAL,Silicon,1994-06-13T00:00,0.100,µg/m³,DICHOT,N/A
90130,EDMONTON CENTRAL,Silicon,1994-06-13T00:00,1.100,µg/m³,DICHOT,N/A
90130,EDMONTON CENTRAL,Silicon,1994-06-19T00:00,0.070,µg/m³,DICHOT,N/A
90130,EDMONTON CENTRAL,Silicon,1994-06-19T00:00,0.627,µg/m³,DICHOT,N/A
90130,EDMONTON CENTRAL,Silicon,1994-06-25T00:00,0.186,µg/m³,DICHOT,N/A
90130,EDMONTON CENTRAL,Silicon,1994-06-25T00:00,2.176,µg/m³,DICHOT,N/A
90130,EDMONTON CENTRAL,Silicon,1994-07-01T00:00,0.003,µg/m³,DICHOT,N/A
90130,EDMONTON CENTRAL,Silicon,1994-07-01T00:00,0.947,µg/m³,DICHOT,N/A
90130,EDMONTON CENTRAL,Silicon,1994-07-07T00:00,0.204,µg/m³,DICHOT,N/A
90130,EDMONTON CENTRAL,Silicon,1994-07-07T00:00,1.306,µg/m³,DICHOT,N/A
90130,EDMONTON CENTRAL,Silicon,1994-07-13T00:00,0.069,µg/m³,DICHOT,N/A
90130,EDMONTON CENTRAL,Silicon,1994-07-13T00:00,2.142,µg/m³,DICHOT,N/A
90130,EDMONTON CENTRAL,Silicon,1994-07-19T00:00,0.105,µg/m³,DICHOT,N/A
90130,EDMONTON CENTRAL,Silicon,1994-07-19T00:00,2.091,µg/m³,DICHOT,N/A
90130,EDMONTON CENTRAL,Silicon,1994-07-25T00:00,0.183,µg/m³,DICHOT,N/A
90130,EDMONTON CENTRAL,Silicon,1994-07-25T00:00,3.570,µg/m³,DICHOT,N/A
90130,EDMONTON CENTRAL,Silicon,1994-08-06T00:00,0.044,µg/m³,DICHOT,N/A
90130,EDMONTON CENTRAL,Silicon,1994-08-06T00:00,0.187,µg/m³,DICHOT,N/A
90130,EDMONTON CENTRAL,Silicon,1994-08-12T00:00,0.133,µg/m³,DICHOT,N/A
90130,EDMONTON CENTRAL,Silicon,1994-08-12T00:00,2.856,µg/m³,DICHOT,N/A
90130,EDMONTON CENTRAL,Silicon,1994-08-18T00:00,0.126,µg/m³,DICHOT,N/A
90130,EDMONTON CENTRAL,Silicon,1994-08-18T00:00,1.314,µg/m³,DICHOT,N/A
90130,EDMONTON CENTRAL,Silicon,1994-08-24T00:00,0.136,µg/m³,DICHOT,N/A
90130,EDMONTON CENTRAL,Silicon,1994-08-24T00:00,1.768,µg/m³,DICHOT,N/A
90130,EDMONTON CENTRAL,Silicon,1994-08-30T00:00,0.079,µg/m³,DICHOT,N/A
90130,EDMONTON CENTRAL,Silicon,1994-08-30T00:00,1.680,µg/m³,DICHOT,N/A
90130,EDMONTON CENTRAL,Silicon,1994-09-05T00:00,0.045,µg/m³,DICHOT,N/A
90130,EDMONTON CENTRAL,Silicon,1994-09-05T00:00,0.675,µg/m³,DICHOT,N/A
90130,EDMONTON CENTRAL,Silicon,1994-09-11T00:00,0.125,µg/m³,DICHOT,N/A
90130,EDMONTON CENTRAL,Silicon,1994-09-11T00:00,0.298,µg/m³,DICHOT,N/A
90130,EDMONTON CENTRAL,Silicon,1994-09-17T00:00,0.378,µg/m³,DICHOT,N/A
90130,EDMONTON CENTRAL,Silicon,1994-09-17T00:00,5.202,µg/m³,DICHOT,N/A
90130,EDMONTON CENTRAL,Silicon,1994-09-23T00:00,0.243,µg/m³,DICHOT,N/A
90130,EDMONTON CENTRAL,Silicon,1994-09-23T00:00,4.267,µg/m³,DICHOT,N/A
90130,EDMONTON CENTRAL,Silicon,1994-09-29T00:00,0.046,µg/m³,DICHOT,N/A
90130,EDMONTON CENTRAL,Silicon,1994-09-29T00:00,0.716,µg/m³,DICHOT,N/A
90130,EDMONTON CENTRAL,Silicon,1994-10-05T00:00,0.046,µg/m³,DICHOT,N/A
90130,EDMONTON CENTRAL,Silicon,1994-10-05T00:00,2.006,µg/m³,DICHOT,N/A
90130,EDMONTON CENTRAL,Silicon,1994-10-11T00:00,0.158,µg/m³,DICHOT,N/A
90130,EDMONTON CENTRAL,Silicon,1994-10-11T00:00,2.584,µg/m³,DICHOT,N/A
90130,EDMONTON CENTRAL,Silicon,1994-10-17T00:00,0.068,µg/m³,DICHOT,N/A
90130,EDMONTON CENTRAL,Silicon,1994-10-17T00:00,3.077,µg/m³,DICHOT,N/A
90130,EDMONTON CENTRAL,Silicon,1994-10-23T00:00,0.000,µg/m³,DICHOT,N/A
90130,EDMONTON CENTRAL,Silicon,1994-10-23T00:00,0.879,µg/m³,DICHOT,N/A
90130,EDMONTON CENTRAL,Silicon,1994-10-29T00:00,0.092,µg/m³,DICHOT,N/A
90130,EDMONTON CENTRAL,Silicon,1994-10-29T00:00,1.921,µg/m³,DICHOT,N/A
90130,EDMONTON CENTRAL,Silicon,1994-11-04T00:00,0.193,µg/m³,DICHOT,N/A
90130,EDMONTON CENTRAL,Silicon,1994-11-04T00:00,1.564,µg/m³,DICHOT,N/A
90130,EDMONTON CENTRAL,Silicon,1994-11-10T00:00,0.128,µg/m³,DICHOT,N/A
90130,EDMONTON CENTRAL,Silicon,1994-11-10T00:00,2.006,µg/m³,DICHOT,N/A
90130,EDMONTON CENTRAL,Silicon,1994-11-16T00:00,0.053,µg/m³,DICHOT,N/A
90130,EDMONTON CENTRAL,Silicon,1994-11-16T00:00,0.269,µg/m³,DICHOT,N/A
90130,EDMONTON CENTRAL,Silicon,1994-11-22T00:00,0.124,µg/m³,DICHOT,N/A
90130,EDMONTON CENTRAL,Silicon,1994-11-22T00:00,3.196,µg/m³,DICHOT,N/A
90130,EDMONTON CENTRAL,Silicon,1994-11-28T00:00,0.084,µg/m³,DICHOT,N/A
90130,EDMONTON CENTRAL,Silicon,1994-11-28T00:00,0.294,µg/m³,DICHOT,N/A
90130,EDMONTON CENTRAL,Silicon,1994-12-04T00:00,0.027,µg/m³,DICHOT,N/A
90130,EDMONTON CENTRAL,Silicon,1994-12-04T00:00,0.360,µg/m³,DICHOT,N/A
90130,EDMONTON CENTRAL,Silicon,1994-12-10T00:00,0.040,µg/m³,DICHOT,N/A
90130,EDMONTON CENTRAL,Silicon,1994-12-10T00:00,0.466,µg/m³,DICHOT,N/A
90130,EDMONTON CENTRAL,Silicon,1994-12-16T00:00,0.037,µg/m³,DICHOT,N/A
90130,EDMONTON CENTRAL,Silicon,1994-12-16T00:00,0.649,µg/m³,DICHOT,N/A
90130,EDMONTON CENTRAL,Silicon,1994-12-22T00:00,0.133,µg/m³,DICHOT,N/A
90130,EDMONTON CENTRAL,Silicon,1994-12-22T00:00,2.703,µg/m³,DICHOT,N/A
90130,EDMONTON CENTRAL,Silicon,1994-12-28T00:00,0.143,µg/m³,DICHOT,N/A
90130,EDMONTON CENTRAL,Silicon,1994-12-28T00:00,0.342,µg/m³,DICHOT,N/A
