﻿NAPS_Site_ID,Station_Name,Pollutant,Date,Value,Units,Report_Type,Method
60427,GAGE INSTITUTE,Octane,2008-01-13T00:00,0.068,µg/m³,VOC,N/A
60427,GAGE INSTITUTE,Octane,2008-01-19T00:00,0.039,µg/m³,VOC,N/A
60427,GAGE INSTITUTE,Octane,2008-01-25T00:00,0.072,µg/m³,VOC,N/A
60427,GAGE INSTITUTE,Octane,2008-01-31T00:00,0.106,µg/m³,VOC,N/A
60427,GAGE INSTITUTE,Octane,2008-02-06T00:00,0.067,µg/m³,VOC,N/A
60427,GAGE INSTITUTE,Octane,2008-02-12T00:00,0.097,µg/m³,VOC,N/A
60427,GAGE INSTITUTE,Octane,2008-02-18T00:00,0.052,µg/m³,VOC,N/A
60427,GAGE INSTITUTE,Octane,2008-02-24T00:00,0.079,µg/m³,VOC,N/A
60427,GAGE INSTITUTE,Octane,2008-03-01T00:00,0.053,µg/m³,VOC,N/A
60427,GAGE INSTITUTE,Octane,2008-03-07T00:00,0.069,µg/m³,VOC,N/A
60427,GAGE INSTITUTE,Octane,2008-03-13T00:00,0.148,µg/m³,VOC,N/A
60427,GAGE INSTITUTE,Octane,2008-03-19T00:00,0.182,µg/m³,VOC,N/A
60427,GAGE INSTITUTE,Octane,2008-03-25T00:00,0.121,µg/m³,VOC,N/A
60427,GAGE INSTITUTE,Octane,2008-03-31T00:00,0.114,µg/m³,VOC,N/A
60427,GAGE INSTITUTE,Octane,2008-04-06T00:00,0.107,µg/m³,VOC,N/A
60427,GAGE INSTITUTE,Octane,2008-04-12T00:00,0.111,µg/m³,VOC,N/A
60427,GAGE INSTITUTE,Octane,2008-04-18T00:00,0.685,µg/m³,VOC,N/A
60427,GAGE INSTITUTE,Octane,2008-04-24T00:00,0.076,µg/m³,VOC,N/A
60427,GAGE INSTITUTE,Octane,2008-04-30T00:00,0.106,µg/m³,VOC,N/A
60427,GAGE INSTITUTE,Octane,2008-05-06T00:00,0.152,µg/m³,VOC,N/A
60427,GAGE INSTITUTE,Octane,2008-05-12T00:00,0.178,µg/m³,VOC,N/A
60427,GAGE INSTITUTE,Octane,2008-05-18T00:00,0.051,µg/m³,VOC,N/A
60427,GAGE INSTITUTE,Octane,2008-05-24T00:00,0.038,µg/m³,VOC,N/A
60427,GAGE INSTITUTE,Octane,2008-05-30T00:00,0.198,µg/m³,VOC,N/A
60427,GAGE INSTITUTE,Octane,2008-06-05T00:00,0.187,µg/m³,VOC,N/A
60427,GAGE INSTITUTE,Octane,2008-06-11T00:00,0.099,µg/m³,VOC,N/A
60427,GAGE INSTITUTE,Octane,2008-06-17T00:00,0.086,µg/m³,VOC,N/A
60427,GAGE INSTITUTE,Octane,2008-06-23T00:00,0.211,µg/m³,VOC,N/A
60427,GAGE INSTITUTE,Octane,2008-06-29T00:00,0.116,µg/m³,VOC,N/A
60427,GAGE INSTITUTE,Octane,2008-07-05T00:00,0.226,µg/m³,VOC,N/A
60427,GAGE INSTITUTE,Octane,2008-07-11T00:00,0.107,µg/m³,VOC,N/A
60427,GAGE INSTITUTE,Octane,2008-07-17T00:00,0.222,µg/m³,VOC,N/A
60427,GAGE INSTITUTE,Octane,2008-07-23T00:00,0.095,µg/m³,VOC,N/A
60427,GAGE INSTITUTE,Octane,2008-07-29T00:00,0.128,µg/m³,VOC,N/A
60427,GAGE INSTITUTE,Octane,2008-08-04T00:00,0.098,µg/m³,VOC,N/A
60427,GAGE INSTITUTE,Octane,2008-08-10T00:00,0.129,µg/m³,VOC,N/A
60427,GAGE INSTITUTE,Octane,2008-08-16T00:00,0.200,µg/m³,VOC,N/A
60427,GAGE INSTITUTE,Octane,2008-08-22T00:00,0.163,µg/m³,VOC,N/A
60427,GAGE INSTITUTE,Octane,2008-08-28T00:00,0.085,µg/m³,VOC,N/A
60427,GAGE INSTITUTE,Octane,2008-09-03T00:00,0.265,µg/m³,VOC,N/A
60427,GAGE INSTITUTE,Octane,2008-09-09T00:00,0.089,µg/m³,VOC,N/A
60427,GAGE INSTITUTE,Octane,2008-09-15T00:00,0.041,µg/m³,VOC,N/A
60427,GAGE INSTITUTE,Octane,2008-09-21T00:00,0.077,µg/m³,VOC,N/A
60427,GAGE INSTITUTE,Octane,2008-09-27T00:00,0.057,µg/m³,VOC,N/A
60427,GAGE INSTITUTE,Octane,2008-10-03T00:00,0.076,µg/m³,VOC,N/A
60427,GAGE INSTITUTE,Octane,2008-10-09T00:00,0.186,µg/m³,VOC,N/A
60427,GAGE INSTITUTE,Octane,2008-10-15T00:00,0.204,µg/m³,VOC,N/A
60427,GAGE INSTITUTE,Octane,2008-10-21T00:00,0.044,µg/m³,VOC,N/A
60427,GAGE INSTITUTE,Octane,2008-10-27T00:00,0.088,µg/m³,VOC,N/A
60427,GAGE INSTITUTE,Octane,2008-11-02T00:00,0.061,µg/m³,VOC,N/A
60427,GAGE INSTITUTE,Octane,2008-11-08T00:00,0.090,µg/m³,VOC,N/A
60427,GAGE INSTITUTE,Octane,2008-11-14T00:00,0.134,µg/m³,VOC,N/A
60427,GAGE INSTITUTE,Octane,2008-11-20T00:00,0.082,µg/m³,VOC,N/A
60427,GAGE INSTITUTE,Octane,2008-11-26T00:00,0.087,µg/m³,VOC,N/A
60427,GAGE INSTITUTE,Octane,2008-12-02T00:00,0.078,µg/m³,VOC,N/A
60427,GAGE INSTITUTE,Octane,2008-12-08T00:00,0.167,µg/m³,VOC,N/A
60427,GAGE INSTITUTE,Octane,2008-12-14T00:00,0.079,µg/m³,VOC,N/A
60427,GAGE INSTITUTE,Octane,2008-12-20T00:00,0.078,µg/m³,VOC,N/A
60427,GAGE INSTITUTE,Octane,2008-12-26T00:00,0.075,µg/m³,VOC,N/A
