﻿NAPS_Site_ID,Station_Name,Pollutant,Date,Value,Units,Report_Type,Method
60104,OTTAWA DOWNTOWN,Isobutane,1998-01-05T00:00,2.100,µg/m³,VOC,
60104,OTTAWA DOWNTOWN,Isobutane,1998-01-11T00:00,1.360,µg/m³,VOC,
60104,OTTAWA DOWNTOWN,Isobutane,1998-01-17T00:00,1.840,µg/m³,VOC,
60104,OTTAWA DOWNTOWN,Isobutane,1998-01-23T00:00,2.940,µg/m³,VOC,
60104,OTTAWA DOWNTOWN,Isobutane,1998-01-29T00:00,6.800,µg/m³,VOC,
60104,OTTAWA DOWNTOWN,Isobutane,1998-02-04T00:00,3.360,µg/m³,VOC,
60104,OTTAWA DOWNTOWN,Isobutane,1998-02-10T00:00,6.440,µg/m³,VOC,
60104,OTTAWA DOWNTOWN,Isobutane,1998-02-16T00:00,2.760,µg/m³,VOC,
60104,OTTAWA DOWNTOWN,Isobutane,1998-02-22T00:00,2.540,µg/m³,VOC,
60104,OTTAWA DOWNTOWN,Isobutane,1998-02-28T00:00,3.180,µg/m³,VOC,
60104,OTTAWA DOWNTOWN,Isobutane,1998-03-06T00:00,1.760,µg/m³,VOC,
60104,OTTAWA DOWNTOWN,Isobutane,1998-03-12T00:00,0.920,µg/m³,VOC,
60104,OTTAWA DOWNTOWN,Isobutane,1998-03-18T00:00,1.980,µg/m³,VOC,
60104,OTTAWA DOWNTOWN,Isobutane,1998-03-24T00:00,2.000,µg/m³,VOC,
60104,OTTAWA DOWNTOWN,Isobutane,1998-03-30T00:00,5.220,µg/m³,VOC,
60104,OTTAWA DOWNTOWN,Isobutane,1998-04-05T00:00,0.740,µg/m³,VOC,
60104,OTTAWA DOWNTOWN,Isobutane,1998-04-11T00:00,1.960,µg/m³,VOC,
60104,OTTAWA DOWNTOWN,Isobutane,1998-04-17T00:00,2.440,µg/m³,VOC,
60104,OTTAWA DOWNTOWN,Isobutane,1998-04-23T00:00,2.740,µg/m³,VOC,
60104,OTTAWA DOWNTOWN,Isobutane,1998-04-29T00:00,1.900,µg/m³,VOC,
60104,OTTAWA DOWNTOWN,Isobutane,1998-05-05T00:00,2.080,µg/m³,VOC,
60104,OTTAWA DOWNTOWN,Isobutane,1998-05-11T00:00,1.225,µg/m³,VOC,
60104,OTTAWA DOWNTOWN,Isobutane,1998-05-17T00:00,0.903,µg/m³,VOC,
60104,OTTAWA DOWNTOWN,Isobutane,1998-05-23T00:00,0.731,µg/m³,VOC,
60104,OTTAWA DOWNTOWN,Isobutane,1998-06-04T00:00,0.376,µg/m³,VOC,
60104,OTTAWA DOWNTOWN,Isobutane,1998-06-10T00:00,1.255,µg/m³,VOC,
60104,OTTAWA DOWNTOWN,Isobutane,1998-06-16T00:00,1.562,µg/m³,VOC,
60104,OTTAWA DOWNTOWN,Isobutane,1998-06-22T00:00,1.714,µg/m³,VOC,
60104,OTTAWA DOWNTOWN,Isobutane,1998-06-28T00:00,1.049,µg/m³,VOC,
60104,OTTAWA DOWNTOWN,Isobutane,1998-07-04T00:00,0.877,µg/m³,VOC,
60104,OTTAWA DOWNTOWN,Isobutane,1998-07-10T00:00,0.378,µg/m³,VOC,
60104,OTTAWA DOWNTOWN,Isobutane,1998-07-16T00:00,1.590,µg/m³,VOC,
60104,OTTAWA DOWNTOWN,Isobutane,1998-07-22T00:00,1.041,µg/m³,VOC,
60104,OTTAWA DOWNTOWN,Isobutane,1998-07-28T00:00,0.794,µg/m³,VOC,
60104,OTTAWA DOWNTOWN,Isobutane,1998-08-03T00:00,1.307,µg/m³,VOC,
60104,OTTAWA DOWNTOWN,Isobutane,1998-08-09T00:00,1.685,µg/m³,VOC,
60104,OTTAWA DOWNTOWN,Isobutane,1998-08-15T00:00,1.265,µg/m³,VOC,
60104,OTTAWA DOWNTOWN,Isobutane,1998-08-21T00:00,1.401,µg/m³,VOC,
60104,OTTAWA DOWNTOWN,Isobutane,1998-08-27T00:00,1.424,µg/m³,VOC,
60104,OTTAWA DOWNTOWN,Isobutane,1998-09-02T00:00,1.844,µg/m³,VOC,
60104,OTTAWA DOWNTOWN,Isobutane,1998-09-08T00:00,0.688,µg/m³,VOC,
60104,OTTAWA DOWNTOWN,Isobutane,1998-09-14T00:00,2.312,µg/m³,VOC,
60104,OTTAWA DOWNTOWN,Isobutane,1998-09-20T00:00,1.552,µg/m³,VOC,
60104,OTTAWA DOWNTOWN,Isobutane,1998-09-26T00:00,3.860,µg/m³,VOC,
60104,OTTAWA DOWNTOWN,Isobutane,1998-10-02T00:00,0.582,µg/m³,VOC,
60104,OTTAWA DOWNTOWN,Isobutane,1998-10-08T00:00,1.860,µg/m³,VOC,
60104,OTTAWA DOWNTOWN,Isobutane,1998-10-14T00:00,2.100,µg/m³,VOC,
60104,OTTAWA DOWNTOWN,Isobutane,1998-10-20T00:00,1.227,µg/m³,VOC,
60104,OTTAWA DOWNTOWN,Isobutane,1998-10-26T00:00,2.114,µg/m³,VOC,
60104,OTTAWA DOWNTOWN,Isobutane,1998-11-01T00:00,0.869,µg/m³,VOC,
60104,OTTAWA DOWNTOWN,Isobutane,1998-11-07T00:00,1.622,µg/m³,VOC,
60104,OTTAWA DOWNTOWN,Isobutane,1998-11-13T00:00,2.716,µg/m³,VOC,
60104,OTTAWA DOWNTOWN,Isobutane,1998-11-19T00:00,4.384,µg/m³,VOC,
60104,OTTAWA DOWNTOWN,Isobutane,1998-11-25T00:00,2.694,µg/m³,VOC,
60104,OTTAWA DOWNTOWN,Isobutane,1998-12-01T00:00,1.919,µg/m³,VOC,
60104,OTTAWA DOWNTOWN,Isobutane,1998-12-07T00:00,2.622,µg/m³,VOC,
60104,OTTAWA DOWNTOWN,Isobutane,1998-12-13T00:00,1.816,µg/m³,VOC,
60104,OTTAWA DOWNTOWN,Isobutane,1998-12-19T00:00,4.550,µg/m³,VOC,
60104,OTTAWA DOWNTOWN,Isobutane,1998-12-25T00:00,1.694,µg/m³,VOC,
60104,OTTAWA DOWNTOWN,Isobutane,1998-12-31T00:00,0.832,µg/m³,VOC,
