﻿NAPS_Site_ID,Station_Name,Pollutant,Date,Value,Units,Report_Type,Method
30118,VOGUE BUILDING,Acetylene,2008-12-31T19:00,0.838,µg/m³,VOC,
30118,VOGUE BUILDING,Acetylene,2009-01-06T19:00,1.201,µg/m³,VOC,
30118,VOGUE BUILDING,Acetylene,2009-01-12T19:00,0.669,µg/m³,VOC,
30118,VOGUE BUILDING,Acetylene,2009-01-18T19:00,0.894,µg/m³,VOC,
30118,VOGUE BUILDING,Acetylene,2009-01-24T19:00,0.803,µg/m³,VOC,
30118,VOGUE BUILDING,Acetylene,2009-01-30T19:00,0.944,µg/m³,VOC,
30118,VOGUE BUILDING,Acetylene,2009-02-05T19:00,0.975,µg/m³,VOC,
30118,VOGUE BUILDING,Acetylene,2009-02-11T19:00,1.042,µg/m³,VOC,
30118,VOGUE BUILDING,Acetylene,2009-02-17T19:00,0.733,µg/m³,VOC,
30118,VOGUE BUILDING,Acetylene,2009-02-23T19:00,0.974,µg/m³,VOC,
30118,VOGUE BUILDING,Acetylene,2009-03-01T19:00,1.113,µg/m³,VOC,
30118,VOGUE BUILDING,Acetylene,2009-03-07T19:00,0.821,µg/m³,VOC,
30118,VOGUE BUILDING,Acetylene,2009-03-13T20:00,0.776,µg/m³,VOC,
30118,VOGUE BUILDING,Acetylene,2009-03-19T20:00,0.783,µg/m³,VOC,
30118,VOGUE BUILDING,Acetylene,2009-03-31T20:00,0.712,µg/m³,VOC,
30118,VOGUE BUILDING,Acetylene,2009-04-06T20:00,0.490,µg/m³,VOC,
30118,VOGUE BUILDING,Acetylene,2009-04-12T20:00,0.456,µg/m³,VOC,
30118,VOGUE BUILDING,Acetylene,2009-04-30T20:00,0.751,µg/m³,VOC,
30118,VOGUE BUILDING,Acetylene,2009-05-06T20:00,0.641,µg/m³,VOC,
30118,VOGUE BUILDING,Acetylene,2009-05-12T20:00,0.785,µg/m³,VOC,
30118,VOGUE BUILDING,Acetylene,2009-05-30T20:00,0.852,µg/m³,VOC,
30118,VOGUE BUILDING,Acetylene,2009-06-05T20:00,0.697,µg/m³,VOC,
30118,VOGUE BUILDING,Acetylene,2009-06-11T20:00,0.741,µg/m³,VOC,
30118,VOGUE BUILDING,Acetylene,2009-06-17T20:00,0.674,µg/m³,VOC,
30118,VOGUE BUILDING,Acetylene,2009-06-23T20:00,0.602,µg/m³,VOC,
30118,VOGUE BUILDING,Acetylene,2009-06-29T20:00,0.389,µg/m³,VOC,
30118,VOGUE BUILDING,Acetylene,2009-07-05T20:00,0.510,µg/m³,VOC,
30118,VOGUE BUILDING,Acetylene,2009-07-11T20:00,0.363,µg/m³,VOC,
30118,VOGUE BUILDING,Acetylene,2009-07-17T20:00,0.439,µg/m³,VOC,
30118,VOGUE BUILDING,Acetylene,2009-07-23T20:00,0.806,µg/m³,VOC,
30118,VOGUE BUILDING,Acetylene,2009-07-29T20:00,0.854,µg/m³,VOC,
30118,VOGUE BUILDING,Acetylene,2009-08-04T20:00,0.569,µg/m³,VOC,
30118,VOGUE BUILDING,Acetylene,2009-08-22T20:00,0.517,µg/m³,VOC,
30118,VOGUE BUILDING,Acetylene,2009-08-28T20:00,0.495,µg/m³,VOC,
30118,VOGUE BUILDING,Acetylene,2009-09-15T20:00,0.649,µg/m³,VOC,
30118,VOGUE BUILDING,Acetylene,2009-09-21T20:00,0.624,µg/m³,VOC,
30118,VOGUE BUILDING,Acetylene,2009-09-27T20:00,0.368,µg/m³,VOC,
30118,VOGUE BUILDING,Acetylene,2009-10-03T20:00,0.467,µg/m³,VOC,
30118,VOGUE BUILDING,Acetylene,2009-10-09T20:00,0.552,µg/m³,VOC,
30118,VOGUE BUILDING,Acetylene,2009-10-15T20:00,0.478,µg/m³,VOC,
30118,VOGUE BUILDING,Acetylene,2009-10-21T20:00,0.649,µg/m³,VOC,
30118,VOGUE BUILDING,Acetylene,2009-10-27T20:00,0.530,µg/m³,VOC,
30118,VOGUE BUILDING,Acetylene,2009-11-02T19:00,0.420,µg/m³,VOC,
30118,VOGUE BUILDING,Acetylene,2009-11-08T19:00,0.624,µg/m³,VOC,
30118,VOGUE BUILDING,Acetylene,2009-11-14T19:00,0.574,µg/m³,VOC,
30118,VOGUE BUILDING,Acetylene,2009-11-20T19:00,0.622,µg/m³,VOC,
30118,VOGUE BUILDING,Acetylene,2009-11-26T19:00,0.704,µg/m³,VOC,
30118,VOGUE BUILDING,Acetylene,2009-12-02T19:00,0.869,µg/m³,VOC,
30118,VOGUE BUILDING,Acetylene,2009-12-08T19:00,0.826,µg/m³,VOC,
30118,VOGUE BUILDING,Acetylene,2009-12-14T19:00,2.019,µg/m³,VOC,
30118,VOGUE BUILDING,Acetylene,2009-12-20T19:00,0.611,µg/m³,VOC,
30118,VOGUE BUILDING,Acetylene,2009-12-26T19:00,0.502,µg/m³,VOC,
