﻿NAPS_Site_ID,Station_Name,Pollutant,Date,Value,Units,Report_Type,Method
50125,CENTRE RÉCRÉATIF EDOUARD RIVEST,NO3,1996-05-27T00:00,0.000,µg/m³,DICHOT,
50125,CENTRE RÉCRÉATIF EDOUARD RIVEST,NO3,1996-05-27T00:00,0.206,µg/m³,DICHOT,
50125,CENTRE RÉCRÉATIF EDOUARD RIVEST,NO3,1996-06-02T00:00,0.000,µg/m³,DICHOT,
50125,CENTRE RÉCRÉATIF EDOUARD RIVEST,NO3,1996-06-02T00:00,0.404,µg/m³,DICHOT,
50125,CENTRE RÉCRÉATIF EDOUARD RIVEST,NO3,1996-06-08T00:00,0.183,µg/m³,DICHOT,
50125,CENTRE RÉCRÉATIF EDOUARD RIVEST,NO3,1996-06-08T00:00,0.301,µg/m³,DICHOT,
50125,CENTRE RÉCRÉATIF EDOUARD RIVEST,NO3,1996-06-14T00:00,0.000,µg/m³,DICHOT,
50125,CENTRE RÉCRÉATIF EDOUARD RIVEST,NO3,1996-06-14T00:00,0.248,µg/m³,DICHOT,
50125,CENTRE RÉCRÉATIF EDOUARD RIVEST,NO3,1996-06-20T00:00,0.000,µg/m³,DICHOT,
50125,CENTRE RÉCRÉATIF EDOUARD RIVEST,NO3,1996-06-20T00:00,0.197,µg/m³,DICHOT,
50125,CENTRE RÉCRÉATIF EDOUARD RIVEST,NO3,1996-06-26T00:00,0.000,µg/m³,DICHOT,
50125,CENTRE RÉCRÉATIF EDOUARD RIVEST,NO3,1996-06-26T00:00,0.000,µg/m³,DICHOT,
50125,CENTRE RÉCRÉATIF EDOUARD RIVEST,NO3,1996-07-02T00:00,0.000,µg/m³,DICHOT,
50125,CENTRE RÉCRÉATIF EDOUARD RIVEST,NO3,1996-07-02T00:00,0.199,µg/m³,DICHOT,
50125,CENTRE RÉCRÉATIF EDOUARD RIVEST,NO3,1996-07-08T00:00,0.000,µg/m³,DICHOT,
50125,CENTRE RÉCRÉATIF EDOUARD RIVEST,NO3,1996-07-08T00:00,0.295,µg/m³,DICHOT,
50125,CENTRE RÉCRÉATIF EDOUARD RIVEST,NO3,1996-07-14T00:00,0.000,µg/m³,DICHOT,
50125,CENTRE RÉCRÉATIF EDOUARD RIVEST,NO3,1996-07-14T00:00,0.111,µg/m³,DICHOT,
50125,CENTRE RÉCRÉATIF EDOUARD RIVEST,NO3,1996-07-20T00:00,0.000,µg/m³,DICHOT,
50125,CENTRE RÉCRÉATIF EDOUARD RIVEST,NO3,1996-07-20T00:00,0.000,µg/m³,DICHOT,
50125,CENTRE RÉCRÉATIF EDOUARD RIVEST,NO3,1996-07-26T00:00,0.000,µg/m³,DICHOT,
50125,CENTRE RÉCRÉATIF EDOUARD RIVEST,NO3,1996-07-26T00:00,0.300,µg/m³,DICHOT,
50125,CENTRE RÉCRÉATIF EDOUARD RIVEST,NO3,1996-08-01T00:00,0.089,µg/m³,DICHOT,
50125,CENTRE RÉCRÉATIF EDOUARD RIVEST,NO3,1996-08-01T00:00,0.260,µg/m³,DICHOT,
50125,CENTRE RÉCRÉATIF EDOUARD RIVEST,NO3,1996-08-07T00:00,0.000,µg/m³,DICHOT,
50125,CENTRE RÉCRÉATIF EDOUARD RIVEST,NO3,1996-08-07T00:00,0.731,µg/m³,DICHOT,
50125,CENTRE RÉCRÉATIF EDOUARD RIVEST,NO3,1996-08-13T00:00,0.000,µg/m³,DICHOT,
50125,CENTRE RÉCRÉATIF EDOUARD RIVEST,NO3,1996-08-13T00:00,0.640,µg/m³,DICHOT,
50125,CENTRE RÉCRÉATIF EDOUARD RIVEST,NO3,1996-08-19T00:00,0.000,µg/m³,DICHOT,
50125,CENTRE RÉCRÉATIF EDOUARD RIVEST,NO3,1996-08-19T00:00,0.143,µg/m³,DICHOT,
50125,CENTRE RÉCRÉATIF EDOUARD RIVEST,NO3,1996-08-25T00:00,0.076,µg/m³,DICHOT,
50125,CENTRE RÉCRÉATIF EDOUARD RIVEST,NO3,1996-08-25T00:00,0.312,µg/m³,DICHOT,
50125,CENTRE RÉCRÉATIF EDOUARD RIVEST,NO3,1996-08-31T00:00,0.000,µg/m³,DICHOT,
50125,CENTRE RÉCRÉATIF EDOUARD RIVEST,NO3,1996-08-31T00:00,0.284,µg/m³,DICHOT,
50125,CENTRE RÉCRÉATIF EDOUARD RIVEST,NO3,1996-09-06T00:00,0.000,µg/m³,DICHOT,
50125,CENTRE RÉCRÉATIF EDOUARD RIVEST,NO3,1996-09-06T00:00,0.212,µg/m³,DICHOT,
50125,CENTRE RÉCRÉATIF EDOUARD RIVEST,NO3,1996-09-12T00:00,0.000,µg/m³,DICHOT,
50125,CENTRE RÉCRÉATIF EDOUARD RIVEST,NO3,1996-09-12T00:00,0.238,µg/m³,DICHOT,
50125,CENTRE RÉCRÉATIF EDOUARD RIVEST,NO3,1996-09-18T00:00,0.000,µg/m³,DICHOT,
50125,CENTRE RÉCRÉATIF EDOUARD RIVEST,NO3,1996-09-18T00:00,0.167,µg/m³,DICHOT,
50125,CENTRE RÉCRÉATIF EDOUARD RIVEST,NO3,1996-09-24T00:00,0.123,µg/m³,DICHOT,
50125,CENTRE RÉCRÉATIF EDOUARD RIVEST,NO3,1996-09-24T00:00,0.264,µg/m³,DICHOT,
50125,CENTRE RÉCRÉATIF EDOUARD RIVEST,NO3,1996-09-30T00:00,0.000,µg/m³,DICHOT,
50125,CENTRE RÉCRÉATIF EDOUARD RIVEST,NO3,1996-09-30T00:00,0.076,µg/m³,DICHOT,
50125,CENTRE RÉCRÉATIF EDOUARD RIVEST,NO3,1996-10-06T00:00,0.000,µg/m³,DICHOT,
50125,CENTRE RÉCRÉATIF EDOUARD RIVEST,NO3,1996-10-06T00:00,0.357,µg/m³,DICHOT,
50125,CENTRE RÉCRÉATIF EDOUARD RIVEST,NO3,1996-10-12T00:00,0.524,µg/m³,DICHOT,
50125,CENTRE RÉCRÉATIF EDOUARD RIVEST,NO3,1996-10-12T00:00,1.942,µg/m³,DICHOT,
50125,CENTRE RÉCRÉATIF EDOUARD RIVEST,NO3,1996-10-18T00:00,0.150,µg/m³,DICHOT,
50125,CENTRE RÉCRÉATIF EDOUARD RIVEST,NO3,1996-10-18T00:00,0.227,µg/m³,DICHOT,
50125,CENTRE RÉCRÉATIF EDOUARD RIVEST,NO3,1996-10-24T00:00,0.110,µg/m³,DICHOT,
50125,CENTRE RÉCRÉATIF EDOUARD RIVEST,NO3,1996-10-24T00:00,0.274,µg/m³,DICHOT,
50125,CENTRE RÉCRÉATIF EDOUARD RIVEST,NO3,1996-10-30T00:00,0.157,µg/m³,DICHOT,
50125,CENTRE RÉCRÉATIF EDOUARD RIVEST,NO3,1996-10-30T00:00,0.216,µg/m³,DICHOT,
50125,CENTRE RÉCRÉATIF EDOUARD RIVEST,NO3,1996-11-05T00:00,0.160,µg/m³,DICHOT,
50125,CENTRE RÉCRÉATIF EDOUARD RIVEST,NO3,1996-11-05T00:00,0.243,µg/m³,DICHOT,
