﻿NAPS_Site_ID,Station_Name,Pollutant,Date,Value,Units,Report_Type,Method
100118,KITSILANO,Calcium,1994-01-02T00:00,0.007,µg/m³,DICHOT,ED-XRF
100118,KITSILANO,Calcium,1994-01-02T00:00,0.020,µg/m³,DICHOT,ED-XRF
100118,KITSILANO,Calcium,1994-01-08T00:00,0.019,µg/m³,DICHOT,ED-XRF
100118,KITSILANO,Calcium,1994-01-08T00:00,0.029,µg/m³,DICHOT,ED-XRF
100118,KITSILANO,Calcium,1994-01-14T00:00,0.037,µg/m³,DICHOT,ED-XRF
100118,KITSILANO,Calcium,1994-01-14T00:00,0.091,µg/m³,DICHOT,ED-XRF
100118,KITSILANO,Calcium,1994-01-20T00:00,0.024,µg/m³,DICHOT,ED-XRF
100118,KITSILANO,Calcium,1994-01-20T00:00,0.065,µg/m³,DICHOT,ED-XRF
100118,KITSILANO,Calcium,1994-02-07T00:00,0.018,µg/m³,DICHOT,ED-XRF
100118,KITSILANO,Calcium,1994-02-07T00:00,0.148,µg/m³,DICHOT,ED-XRF
100118,KITSILANO,Calcium,1994-02-13T00:00,0.000,µg/m³,DICHOT,ED-XRF
100118,KITSILANO,Calcium,1994-02-13T00:00,0.012,µg/m³,DICHOT,ED-XRF
100118,KITSILANO,Calcium,1994-02-19T00:00,0.018,µg/m³,DICHOT,ED-XRF
100118,KITSILANO,Calcium,1994-02-19T00:00,0.080,µg/m³,DICHOT,ED-XRF
100118,KITSILANO,Calcium,1994-02-25T00:00,0.000,µg/m³,DICHOT,ED-XRF
100118,KITSILANO,Calcium,1994-02-25T00:00,0.025,µg/m³,DICHOT,ED-XRF
100118,KITSILANO,Calcium,1994-03-03T00:00,0.019,µg/m³,DICHOT,ED-XRF
100118,KITSILANO,Calcium,1994-03-03T00:00,0.049,µg/m³,DICHOT,ED-XRF
100118,KITSILANO,Calcium,1994-03-09T00:00,0.107,µg/m³,DICHOT,ED-XRF
100118,KITSILANO,Calcium,1994-03-09T00:00,0.120,µg/m³,DICHOT,ED-XRF
100118,KITSILANO,Calcium,1994-03-15T00:00,0.012,µg/m³,DICHOT,ED-XRF
100118,KITSILANO,Calcium,1994-03-15T00:00,0.137,µg/m³,DICHOT,ED-XRF
100118,KITSILANO,Calcium,1994-03-21T00:00,0.000,µg/m³,DICHOT,ED-XRF
100118,KITSILANO,Calcium,1994-03-21T00:00,0.032,µg/m³,DICHOT,ED-XRF
100118,KITSILANO,Calcium,1994-03-27T00:00,0.000,µg/m³,DICHOT,ED-XRF
100118,KITSILANO,Calcium,1994-03-27T00:00,0.061,µg/m³,DICHOT,ED-XRF
100118,KITSILANO,Calcium,1994-04-02T00:00,0.023,µg/m³,DICHOT,ED-XRF
100118,KITSILANO,Calcium,1994-04-02T00:00,0.098,µg/m³,DICHOT,ED-XRF
100118,KITSILANO,Calcium,1994-04-08T00:00,0.008,µg/m³,DICHOT,ED-XRF
100118,KITSILANO,Calcium,1994-04-08T00:00,0.031,µg/m³,DICHOT,ED-XRF
100118,KITSILANO,Calcium,1994-04-14T00:00,0.020,µg/m³,DICHOT,ED-XRF
100118,KITSILANO,Calcium,1994-04-14T00:00,0.059,µg/m³,DICHOT,ED-XRF
100118,KITSILANO,Calcium,1994-04-20T00:00,0.006,µg/m³,DICHOT,ED-XRF
100118,KITSILANO,Calcium,1994-04-20T00:00,0.051,µg/m³,DICHOT,ED-XRF
100118,KITSILANO,Calcium,1994-04-26T00:00,0.009,µg/m³,DICHOT,ED-XRF
100118,KITSILANO,Calcium,1994-04-26T00:00,0.089,µg/m³,DICHOT,ED-XRF
100118,KITSILANO,Calcium,1994-05-02T00:00,0.026,µg/m³,DICHOT,ED-XRF
100118,KITSILANO,Calcium,1994-05-02T00:00,0.062,µg/m³,DICHOT,ED-XRF
100118,KITSILANO,Calcium,1994-05-08T00:00,0.031,µg/m³,DICHOT,ED-XRF
100118,KITSILANO,Calcium,1994-05-08T00:00,0.141,µg/m³,DICHOT,ED-XRF
100118,KITSILANO,Calcium,1994-05-14T00:00,0.011,µg/m³,DICHOT,ED-XRF
100118,KITSILANO,Calcium,1994-05-14T00:00,0.045,µg/m³,DICHOT,ED-XRF
100118,KITSILANO,Calcium,1994-05-20T00:00,0.008,µg/m³,DICHOT,ED-XRF
100118,KITSILANO,Calcium,1994-05-20T00:00,0.132,µg/m³,DICHOT,ED-XRF
100118,KITSILANO,Calcium,1994-05-26T00:00,0.027,µg/m³,DICHOT,ED-XRF
100118,KITSILANO,Calcium,1994-05-26T00:00,0.116,µg/m³,DICHOT,ED-XRF
100118,KITSILANO,Calcium,1994-06-01T00:00,0.055,µg/m³,DICHOT,ED-XRF
100118,KITSILANO,Calcium,1994-06-01T00:00,0.068,µg/m³,DICHOT,ED-XRF
100118,KITSILANO,Calcium,1994-06-07T00:00,0.004,µg/m³,DICHOT,ED-XRF
100118,KITSILANO,Calcium,1994-06-07T00:00,0.043,µg/m³,DICHOT,ED-XRF
100118,KITSILANO,Calcium,1994-06-13T00:00,0.009,µg/m³,DICHOT,ED-XRF
100118,KITSILANO,Calcium,1994-06-13T00:00,0.061,µg/m³,DICHOT,ED-XRF
100118,KITSILANO,Calcium,1994-06-19T00:00,0.019,µg/m³,DICHOT,ED-XRF
100118,KITSILANO,Calcium,1994-06-19T00:00,0.026,µg/m³,DICHOT,ED-XRF
100118,KITSILANO,Calcium,1994-06-25T00:00,0.011,µg/m³,DICHOT,ED-XRF
100118,KITSILANO,Calcium,1994-06-25T00:00,0.038,µg/m³,DICHOT,ED-XRF
100118,KITSILANO,Calcium,1994-07-19T00:00,0.015,µg/m³,DICHOT,ED-XRF
100118,KITSILANO,Calcium,1994-07-19T00:00,0.065,µg/m³,DICHOT,ED-XRF
100118,KITSILANO,Calcium,1994-07-25T00:00,0.036,µg/m³,DICHOT,ED-XRF
100118,KITSILANO,Calcium,1994-07-25T00:00,0.186,µg/m³,DICHOT,ED-XRF
100118,KITSILANO,Calcium,1994-07-31T00:00,0.030,µg/m³,DICHOT,ED-XRF
100118,KITSILANO,Calcium,1994-07-31T00:00,0.096,µg/m³,DICHOT,ED-XRF
100118,KITSILANO,Calcium,1994-08-06T00:00,0.001,µg/m³,DICHOT,ED-XRF
100118,KITSILANO,Calcium,1994-08-06T00:00,0.103,µg/m³,DICHOT,ED-XRF
100118,KITSILANO,Calcium,1994-08-18T00:00,0.086,µg/m³,DICHOT,ED-XRF
100118,KITSILANO,Calcium,1994-08-18T00:00,0.149,µg/m³,DICHOT,ED-XRF
100118,KITSILANO,Calcium,1994-08-24T00:00,0.018,µg/m³,DICHOT,ED-XRF
100118,KITSILANO,Calcium,1994-08-24T00:00,0.083,µg/m³,DICHOT,ED-XRF
100118,KITSILANO,Calcium,1994-08-30T00:00,0.015,µg/m³,DICHOT,ED-XRF
100118,KITSILANO,Calcium,1994-08-30T00:00,0.060,µg/m³,DICHOT,ED-XRF
100118,KITSILANO,Calcium,1994-09-05T00:00,0.006,µg/m³,DICHOT,ED-XRF
100118,KITSILANO,Calcium,1994-09-05T00:00,0.030,µg/m³,DICHOT,ED-XRF
100118,KITSILANO,Calcium,1994-09-11T00:00,0.006,µg/m³,DICHOT,ED-XRF
100118,KITSILANO,Calcium,1994-09-11T00:00,0.015,µg/m³,DICHOT,ED-XRF
100118,KITSILANO,Calcium,1994-09-17T00:00,0.027,µg/m³,DICHOT,ED-XRF
100118,KITSILANO,Calcium,1994-09-17T00:00,0.041,µg/m³,DICHOT,ED-XRF
100118,KITSILANO,Calcium,1994-09-23T00:00,0.032,µg/m³,DICHOT,ED-XRF
100118,KITSILANO,Calcium,1994-09-23T00:00,0.120,µg/m³,DICHOT,ED-XRF
100118,KITSILANO,Calcium,1994-09-29T00:00,0.042,µg/m³,DICHOT,ED-XRF
100118,KITSILANO,Calcium,1994-09-29T00:00,0.517,µg/m³,DICHOT,ED-XRF
100118,KITSILANO,Calcium,1994-10-05T00:00,0.023,µg/m³,DICHOT,ED-XRF
100118,KITSILANO,Calcium,1994-10-05T00:00,0.287,µg/m³,DICHOT,ED-XRF
100118,KITSILANO,Calcium,1994-10-11T00:00,0.013,µg/m³,DICHOT,ED-XRF
100118,KITSILANO,Calcium,1994-10-11T00:00,0.144,µg/m³,DICHOT,ED-XRF
100118,KITSILANO,Calcium,1994-10-17T00:00,0.030,µg/m³,DICHOT,ED-XRF
100118,KITSILANO,Calcium,1994-10-17T00:00,0.176,µg/m³,DICHOT,ED-XRF
100118,KITSILANO,Calcium,1994-10-23T00:00,0.040,µg/m³,DICHOT,ED-XRF
100118,KITSILANO,Calcium,1994-10-23T00:00,0.052,µg/m³,DICHOT,ED-XRF
100118,KITSILANO,Calcium,1994-10-29T00:00,0.008,µg/m³,DICHOT,ED-XRF
100118,KITSILANO,Calcium,1994-10-29T00:00,0.100,µg/m³,DICHOT,ED-XRF
100118,KITSILANO,Calcium,1994-11-04T00:00,0.014,µg/m³,DICHOT,ED-XRF
100118,KITSILANO,Calcium,1994-11-04T00:00,0.121,µg/m³,DICHOT,ED-XRF
100118,KITSILANO,Calcium,1994-11-10T00:00,0.025,µg/m³,DICHOT,ED-XRF
100118,KITSILANO,Calcium,1994-11-10T00:00,0.245,µg/m³,DICHOT,ED-XRF
100118,KITSILANO,Calcium,1994-11-16T00:00,0.012,µg/m³,DICHOT,ED-XRF
100118,KITSILANO,Calcium,1994-11-16T00:00,0.102,µg/m³,DICHOT,ED-XRF
100118,KITSILANO,Calcium,1994-11-22T00:00,0.050,µg/m³,DICHOT,ED-XRF
100118,KITSILANO,Calcium,1994-11-22T00:00,0.277,µg/m³,DICHOT,ED-XRF
100118,KITSILANO,Calcium,1994-11-28T00:00,0.021,µg/m³,DICHOT,ED-XRF
100118,KITSILANO,Calcium,1994-11-28T00:00,0.124,µg/m³,DICHOT,ED-XRF
100118,KITSILANO,Calcium,1994-12-04T00:00,0.064,µg/m³,DICHOT,ED-XRF
100118,KITSILANO,Calcium,1994-12-04T00:00,0.395,µg/m³,DICHOT,ED-XRF
100118,KITSILANO,Calcium,1994-12-10T00:00,0.007,µg/m³,DICHOT,ED-XRF
100118,KITSILANO,Calcium,1994-12-10T00:00,0.061,µg/m³,DICHOT,ED-XRF
100118,KITSILANO,Calcium,1994-12-22T00:00,0.018,µg/m³,DICHOT,ED-XRF
100118,KITSILANO,Calcium,1994-12-22T00:00,0.131,µg/m³,DICHOT,ED-XRF
100118,KITSILANO,Calcium,1994-12-28T00:00,0.011,µg/m³,DICHOT,ED-XRF
100118,KITSILANO,Calcium,1994-12-28T00:00,0.084,µg/m³,DICHOT,ED-XRF
