﻿NAPS_Site_ID,Station_Name,Pollutant,Date,Value,Units,Report_Type,Method
60413,CENTENNIAL PARK _ETOBICOKE WEST_,"trans-1,3-Dichloropropene",1999-01-06T00:00,0.000,µg/m³,VOC,
60413,CENTENNIAL PARK _ETOBICOKE WEST_,"trans-1,3-Dichloropropene",1999-01-12T00:00,0.000,µg/m³,VOC,
60413,CENTENNIAL PARK _ETOBICOKE WEST_,"trans-1,3-Dichloropropene",1999-01-18T00:00,0.000,µg/m³,VOC,
60413,CENTENNIAL PARK _ETOBICOKE WEST_,"trans-1,3-Dichloropropene",1999-01-24T00:00,0.000,µg/m³,VOC,
60413,CENTENNIAL PARK _ETOBICOKE WEST_,"trans-1,3-Dichloropropene",1999-01-30T00:00,0.000,µg/m³,VOC,
60413,CENTENNIAL PARK _ETOBICOKE WEST_,"trans-1,3-Dichloropropene",1999-02-05T00:00,0.000,µg/m³,VOC,
60413,CENTENNIAL PARK _ETOBICOKE WEST_,"trans-1,3-Dichloropropene",1999-02-11T00:00,0.000,µg/m³,VOC,
60413,CENTENNIAL PARK _ETOBICOKE WEST_,"trans-1,3-Dichloropropene",1999-02-17T00:00,0.000,µg/m³,VOC,
60413,CENTENNIAL PARK _ETOBICOKE WEST_,"trans-1,3-Dichloropropene",1999-02-23T00:00,0.000,µg/m³,VOC,
60413,CENTENNIAL PARK _ETOBICOKE WEST_,"trans-1,3-Dichloropropene",1999-03-01T00:00,0.000,µg/m³,VOC,
60413,CENTENNIAL PARK _ETOBICOKE WEST_,"trans-1,3-Dichloropropene",1999-03-07T00:00,0.000,µg/m³,VOC,
60413,CENTENNIAL PARK _ETOBICOKE WEST_,"trans-1,3-Dichloropropene",1999-03-13T00:00,0.000,µg/m³,VOC,
60413,CENTENNIAL PARK _ETOBICOKE WEST_,"trans-1,3-Dichloropropene",1999-03-19T00:00,0.000,µg/m³,VOC,
60413,CENTENNIAL PARK _ETOBICOKE WEST_,"trans-1,3-Dichloropropene",1999-03-25T00:00,0.000,µg/m³,VOC,
60413,CENTENNIAL PARK _ETOBICOKE WEST_,"trans-1,3-Dichloropropene",1999-03-31T00:00,0.000,µg/m³,VOC,
60413,CENTENNIAL PARK _ETOBICOKE WEST_,"trans-1,3-Dichloropropene",1999-04-06T00:00,0.000,µg/m³,VOC,
60413,CENTENNIAL PARK _ETOBICOKE WEST_,"trans-1,3-Dichloropropene",1999-04-12T00:00,0.000,µg/m³,VOC,
60413,CENTENNIAL PARK _ETOBICOKE WEST_,"trans-1,3-Dichloropropene",1999-04-18T00:00,0.000,µg/m³,VOC,
60413,CENTENNIAL PARK _ETOBICOKE WEST_,"trans-1,3-Dichloropropene",1999-04-24T00:00,0.000,µg/m³,VOC,
60413,CENTENNIAL PARK _ETOBICOKE WEST_,"trans-1,3-Dichloropropene",1999-04-30T00:00,0.000,µg/m³,VOC,
60413,CENTENNIAL PARK _ETOBICOKE WEST_,"trans-1,3-Dichloropropene",1999-05-06T00:00,0.000,µg/m³,VOC,
60413,CENTENNIAL PARK _ETOBICOKE WEST_,"trans-1,3-Dichloropropene",1999-05-12T00:00,0.000,µg/m³,VOC,
60413,CENTENNIAL PARK _ETOBICOKE WEST_,"trans-1,3-Dichloropropene",1999-05-18T00:00,0.000,µg/m³,VOC,
60413,CENTENNIAL PARK _ETOBICOKE WEST_,"trans-1,3-Dichloropropene",1999-05-24T00:00,0.000,µg/m³,VOC,
60413,CENTENNIAL PARK _ETOBICOKE WEST_,"trans-1,3-Dichloropropene",1999-12-14T00:00,0.020,µg/m³,VOC,
60413,CENTENNIAL PARK _ETOBICOKE WEST_,"trans-1,3-Dichloropropene",1999-12-20T00:00,0.000,µg/m³,VOC,
60413,CENTENNIAL PARK _ETOBICOKE WEST_,"trans-1,3-Dichloropropene",1999-12-26T00:00,0.010,µg/m³,VOC,
