﻿NAPS_Site_ID,Station_Name,Pollutant,Date,Value,Units,Report_Type,Method
101101,CHILLIWACK AIRPORT,Tetrachloroethylene,2009-01-01T00:00,0.038,µg/m³,VOC,N/A
101101,CHILLIWACK AIRPORT,Tetrachloroethylene,2009-01-13T00:00,0.079,µg/m³,VOC,N/A
101101,CHILLIWACK AIRPORT,Tetrachloroethylene,2009-01-25T00:00,0.030,µg/m³,VOC,N/A
101101,CHILLIWACK AIRPORT,Tetrachloroethylene,2009-02-06T00:00,0.237,µg/m³,VOC,N/A
101101,CHILLIWACK AIRPORT,Tetrachloroethylene,2009-02-18T00:00,0.119,µg/m³,VOC,N/A
101101,CHILLIWACK AIRPORT,Tetrachloroethylene,2009-03-02T00:00,0.032,µg/m³,VOC,N/A
101101,CHILLIWACK AIRPORT,Tetrachloroethylene,2009-03-14T00:00,0.066,µg/m³,VOC,N/A
101101,CHILLIWACK AIRPORT,Tetrachloroethylene,2009-03-26T00:00,0.055,µg/m³,VOC,N/A
101101,CHILLIWACK AIRPORT,Tetrachloroethylene,2009-04-07T00:00,0.088,µg/m³,VOC,N/A
101101,CHILLIWACK AIRPORT,Tetrachloroethylene,2009-04-19T00:00,0.080,µg/m³,VOC,N/A
101101,CHILLIWACK AIRPORT,Tetrachloroethylene,2009-05-01T00:00,0.055,µg/m³,VOC,N/A
101101,CHILLIWACK AIRPORT,Tetrachloroethylene,2009-05-13T00:00,0.046,µg/m³,VOC,N/A
101101,CHILLIWACK AIRPORT,Tetrachloroethylene,2009-05-25T00:00,0.062,µg/m³,VOC,N/A
101101,CHILLIWACK AIRPORT,Tetrachloroethylene,2009-06-06T00:00,0.048,µg/m³,VOC,N/A
101101,CHILLIWACK AIRPORT,Tetrachloroethylene,2009-06-18T00:00,0.055,µg/m³,VOC,N/A
101101,CHILLIWACK AIRPORT,Tetrachloroethylene,2009-06-30T00:00,0.056,µg/m³,VOC,N/A
101101,CHILLIWACK AIRPORT,Tetrachloroethylene,2009-07-12T00:00,0.055,µg/m³,VOC,N/A
101101,CHILLIWACK AIRPORT,Tetrachloroethylene,2009-07-24T00:00,0.077,µg/m³,VOC,N/A
101101,CHILLIWACK AIRPORT,Tetrachloroethylene,2009-08-05T00:00,0.070,µg/m³,VOC,N/A
101101,CHILLIWACK AIRPORT,Tetrachloroethylene,2009-08-17T00:00,0.060,µg/m³,VOC,N/A
101101,CHILLIWACK AIRPORT,Tetrachloroethylene,2009-08-29T00:00,0.070,µg/m³,VOC,N/A
101101,CHILLIWACK AIRPORT,Tetrachloroethylene,2009-09-10T00:00,0.049,µg/m³,VOC,N/A
101101,CHILLIWACK AIRPORT,Tetrachloroethylene,2009-09-22T00:00,0.040,µg/m³,VOC,N/A
101101,CHILLIWACK AIRPORT,Tetrachloroethylene,2009-10-16T00:00,0.048,µg/m³,VOC,N/A
101101,CHILLIWACK AIRPORT,Tetrachloroethylene,2009-10-28T00:00,0.079,µg/m³,VOC,N/A
101101,CHILLIWACK AIRPORT,Tetrachloroethylene,2009-11-09T00:00,0.039,µg/m³,VOC,N/A
101101,CHILLIWACK AIRPORT,Tetrachloroethylene,2009-11-21T00:00,0.051,µg/m³,VOC,N/A
101101,CHILLIWACK AIRPORT,Tetrachloroethylene,2009-12-03T00:00,0.052,µg/m³,VOC,N/A
101101,CHILLIWACK AIRPORT,Tetrachloroethylene,2009-12-15T00:00,0.030,µg/m³,VOC,N/A
101101,CHILLIWACK AIRPORT,Tetrachloroethylene,2009-12-27T00:00,0.024,µg/m³,VOC,N/A
