﻿NAPS_Site_ID,Station_Name,Pollutant,Date,Value,Units,Report_Type,Method
40203,FOREST HILLS,2-Methyl-1-Butene,2020-01-04T00:00,0.052,µg/m³,VOC,GC-MS
40203,FOREST HILLS,2-Methyl-1-Butene,2020-01-10T00:00,0.103,µg/m³,VOC,GC-MS
40203,FOREST HILLS,2-Methyl-1-Butene,2020-01-16T00:00,0.010,µg/m³,VOC,GC-MS
40203,FOREST HILLS,2-Methyl-1-Butene,2020-01-22T00:00,0.086,µg/m³,VOC,GC-MS
40203,FOREST HILLS,2-Methyl-1-Butene,2020-01-28T00:00,0.006,µg/m³,VOC,GC-MS
40203,FOREST HILLS,2-Methyl-1-Butene,2020-02-21T00:00,0.012,µg/m³,VOC,GC-MS
