﻿NAPS_Site_ID,Station_Name,Pollutant,Date,Value,Units,Report_Type,Method
62601,EXPERIMENTAL FARM _SIMCOE_,"2,3-Dimethylbutane",2002-01-02T00:00,0.045,µg/m³,VOC,GC-MS
62601,EXPERIMENTAL FARM _SIMCOE_,"2,3-Dimethylbutane",2002-01-02T00:00,0.080,µg/m³,VOC,GC-MS
62601,EXPERIMENTAL FARM _SIMCOE_,"2,3-Dimethylbutane",2002-01-05T00:00,0.052,µg/m³,VOC,GC-MS
62601,EXPERIMENTAL FARM _SIMCOE_,"2,3-Dimethylbutane",2002-01-08T00:00,0.047,µg/m³,VOC,GC-MS
62601,EXPERIMENTAL FARM _SIMCOE_,"2,3-Dimethylbutane",2002-01-08T00:00,0.070,µg/m³,VOC,GC-MS
62601,EXPERIMENTAL FARM _SIMCOE_,"2,3-Dimethylbutane",2002-01-11T00:00,0.072,µg/m³,VOC,GC-MS
62601,EXPERIMENTAL FARM _SIMCOE_,"2,3-Dimethylbutane",2002-01-14T00:00,0.060,µg/m³,VOC,GC-MS
62601,EXPERIMENTAL FARM _SIMCOE_,"2,3-Dimethylbutane",2002-01-14T00:00,0.099,µg/m³,VOC,GC-MS
62601,EXPERIMENTAL FARM _SIMCOE_,"2,3-Dimethylbutane",2002-01-17T00:00,0.048,µg/m³,VOC,GC-MS
62601,EXPERIMENTAL FARM _SIMCOE_,"2,3-Dimethylbutane",2002-01-20T00:00,0.058,µg/m³,VOC,GC-MS
62601,EXPERIMENTAL FARM _SIMCOE_,"2,3-Dimethylbutane",2002-01-20T00:00,0.070,µg/m³,VOC,GC-MS
62601,EXPERIMENTAL FARM _SIMCOE_,"2,3-Dimethylbutane",2002-01-23T00:00,0.091,µg/m³,VOC,GC-MS
62601,EXPERIMENTAL FARM _SIMCOE_,"2,3-Dimethylbutane",2002-01-26T00:00,0.053,µg/m³,VOC,GC-MS
62601,EXPERIMENTAL FARM _SIMCOE_,"2,3-Dimethylbutane",2002-02-04T00:00,0.026,µg/m³,VOC,GC-MS
62601,EXPERIMENTAL FARM _SIMCOE_,"2,3-Dimethylbutane",2002-02-07T00:00,0.119,µg/m³,VOC,GC-MS
62601,EXPERIMENTAL FARM _SIMCOE_,"2,3-Dimethylbutane",2002-02-13T00:00,0.025,µg/m³,VOC,GC-MS
62601,EXPERIMENTAL FARM _SIMCOE_,"2,3-Dimethylbutane",2002-02-16T00:00,0.046,µg/m³,VOC,GC-MS
62601,EXPERIMENTAL FARM _SIMCOE_,"2,3-Dimethylbutane",2002-02-22T00:00,0.020,µg/m³,VOC,GC-MS
62601,EXPERIMENTAL FARM _SIMCOE_,"2,3-Dimethylbutane",2002-02-25T00:00,0.050,µg/m³,VOC,GC-MS
62601,EXPERIMENTAL FARM _SIMCOE_,"2,3-Dimethylbutane",2002-02-25T00:00,0.070,µg/m³,VOC,GC-MS
62601,EXPERIMENTAL FARM _SIMCOE_,"2,3-Dimethylbutane",2002-02-28T00:00,0.035,µg/m³,VOC,GC-MS
62601,EXPERIMENTAL FARM _SIMCOE_,"2,3-Dimethylbutane",2002-03-03T00:00,0.050,µg/m³,VOC,GC-MS
62601,EXPERIMENTAL FARM _SIMCOE_,"2,3-Dimethylbutane",2002-03-03T00:00,0.066,µg/m³,VOC,GC-MS
62601,EXPERIMENTAL FARM _SIMCOE_,"2,3-Dimethylbutane",2002-03-06T00:00,0.078,µg/m³,VOC,GC-MS
62601,EXPERIMENTAL FARM _SIMCOE_,"2,3-Dimethylbutane",2002-03-09T00:00,0.030,µg/m³,VOC,GC-MS
62601,EXPERIMENTAL FARM _SIMCOE_,"2,3-Dimethylbutane",2002-03-09T00:00,0.055,µg/m³,VOC,GC-MS
62601,EXPERIMENTAL FARM _SIMCOE_,"2,3-Dimethylbutane",2002-03-15T00:00,0.055,µg/m³,VOC,GC-MS
62601,EXPERIMENTAL FARM _SIMCOE_,"2,3-Dimethylbutane",2002-03-15T00:00,0.070,µg/m³,VOC,GC-MS
62601,EXPERIMENTAL FARM _SIMCOE_,"2,3-Dimethylbutane",2002-03-18T00:00,0.050,µg/m³,VOC,GC-MS
62601,EXPERIMENTAL FARM _SIMCOE_,"2,3-Dimethylbutane",2002-03-21T00:00,0.018,µg/m³,VOC,GC-MS
62601,EXPERIMENTAL FARM _SIMCOE_,"2,3-Dimethylbutane",2002-03-21T00:00,0.034,µg/m³,VOC,GC-MS
62601,EXPERIMENTAL FARM _SIMCOE_,"2,3-Dimethylbutane",2002-03-24T00:00,0.021,µg/m³,VOC,GC-MS
62601,EXPERIMENTAL FARM _SIMCOE_,"2,3-Dimethylbutane",2002-03-27T00:00,0.010,µg/m³,VOC,GC-MS
62601,EXPERIMENTAL FARM _SIMCOE_,"2,3-Dimethylbutane",2002-03-27T00:00,0.056,µg/m³,VOC,GC-MS
62601,EXPERIMENTAL FARM _SIMCOE_,"2,3-Dimethylbutane",2002-03-30T00:00,0.055,µg/m³,VOC,GC-MS
62601,EXPERIMENTAL FARM _SIMCOE_,"2,3-Dimethylbutane",2002-04-02T00:00,0.030,µg/m³,VOC,GC-MS
62601,EXPERIMENTAL FARM _SIMCOE_,"2,3-Dimethylbutane",2002-04-02T00:00,0.133,µg/m³,VOC,GC-MS
62601,EXPERIMENTAL FARM _SIMCOE_,"2,3-Dimethylbutane",2002-04-05T00:00,0.094,µg/m³,VOC,GC-MS
62601,EXPERIMENTAL FARM _SIMCOE_,"2,3-Dimethylbutane",2002-04-08T00:00,0.076,µg/m³,VOC,GC-MS
62601,EXPERIMENTAL FARM _SIMCOE_,"2,3-Dimethylbutane",2002-04-08T00:00,0.089,µg/m³,VOC,GC-MS
62601,EXPERIMENTAL FARM _SIMCOE_,"2,3-Dimethylbutane",2002-04-11T00:00,0.085,µg/m³,VOC,GC-MS
62601,EXPERIMENTAL FARM _SIMCOE_,"2,3-Dimethylbutane",2002-04-17T00:00,0.052,µg/m³,VOC,GC-MS
62601,EXPERIMENTAL FARM _SIMCOE_,"2,3-Dimethylbutane",2002-04-20T00:00,0.039,µg/m³,VOC,GC-MS
62601,EXPERIMENTAL FARM _SIMCOE_,"2,3-Dimethylbutane",2002-04-20T00:00,0.049,µg/m³,VOC,GC-MS
62601,EXPERIMENTAL FARM _SIMCOE_,"2,3-Dimethylbutane",2002-04-23T00:00,0.015,µg/m³,VOC,GC-MS
62601,EXPERIMENTAL FARM _SIMCOE_,"2,3-Dimethylbutane",2002-04-26T00:00,0.014,µg/m³,VOC,GC-MS
62601,EXPERIMENTAL FARM _SIMCOE_,"2,3-Dimethylbutane",2002-04-26T00:00,0.034,µg/m³,VOC,GC-MS
62601,EXPERIMENTAL FARM _SIMCOE_,"2,3-Dimethylbutane",2002-05-02T00:00,0.052,µg/m³,VOC,GC-MS
62601,EXPERIMENTAL FARM _SIMCOE_,"2,3-Dimethylbutane",2002-05-02T00:00,0.060,µg/m³,VOC,GC-MS
62601,EXPERIMENTAL FARM _SIMCOE_,"2,3-Dimethylbutane",2002-05-05T00:00,0.040,µg/m³,VOC,GC-MS
62601,EXPERIMENTAL FARM _SIMCOE_,"2,3-Dimethylbutane",2002-05-08T00:00,0.025,µg/m³,VOC,GC-MS
62601,EXPERIMENTAL FARM _SIMCOE_,"2,3-Dimethylbutane",2002-05-08T00:00,0.046,µg/m³,VOC,GC-MS
62601,EXPERIMENTAL FARM _SIMCOE_,"2,3-Dimethylbutane",2002-05-14T00:00,0.008,µg/m³,VOC,GC-MS
62601,EXPERIMENTAL FARM _SIMCOE_,"2,3-Dimethylbutane",2002-05-14T00:00,0.023,µg/m³,VOC,GC-MS
62601,EXPERIMENTAL FARM _SIMCOE_,"2,3-Dimethylbutane",2002-05-17T00:00,0.028,µg/m³,VOC,GC-MS
62601,EXPERIMENTAL FARM _SIMCOE_,"2,3-Dimethylbutane",2002-05-20T00:00,0.009,µg/m³,VOC,GC-MS
62601,EXPERIMENTAL FARM _SIMCOE_,"2,3-Dimethylbutane",2002-05-23T00:00,0.026,µg/m³,VOC,GC-MS
62601,EXPERIMENTAL FARM _SIMCOE_,"2,3-Dimethylbutane",2002-05-26T00:00,0.018,µg/m³,VOC,GC-MS
62601,EXPERIMENTAL FARM _SIMCOE_,"2,3-Dimethylbutane",2002-05-26T00:00,0.046,µg/m³,VOC,GC-MS
62601,EXPERIMENTAL FARM _SIMCOE_,"2,3-Dimethylbutane",2002-05-29T00:00,0.051,µg/m³,VOC,GC-MS
62601,EXPERIMENTAL FARM _SIMCOE_,"2,3-Dimethylbutane",2002-06-01T00:00,0.019,µg/m³,VOC,GC-MS
62601,EXPERIMENTAL FARM _SIMCOE_,"2,3-Dimethylbutane",2002-06-01T00:00,0.066,µg/m³,VOC,GC-MS
62601,EXPERIMENTAL FARM _SIMCOE_,"2,3-Dimethylbutane",2002-06-04T00:00,0.062,µg/m³,VOC,GC-MS
62601,EXPERIMENTAL FARM _SIMCOE_,"2,3-Dimethylbutane",2002-06-07T00:00,0.034,µg/m³,VOC,GC-MS
62601,EXPERIMENTAL FARM _SIMCOE_,"2,3-Dimethylbutane",2002-06-07T00:00,0.112,µg/m³,VOC,GC-MS
62601,EXPERIMENTAL FARM _SIMCOE_,"2,3-Dimethylbutane",2002-06-13T00:00,0.029,µg/m³,VOC,GC-MS
62601,EXPERIMENTAL FARM _SIMCOE_,"2,3-Dimethylbutane",2002-06-13T00:00,0.058,µg/m³,VOC,GC-MS
62601,EXPERIMENTAL FARM _SIMCOE_,"2,3-Dimethylbutane",2002-06-16T00:00,0.014,µg/m³,VOC,GC-MS
62601,EXPERIMENTAL FARM _SIMCOE_,"2,3-Dimethylbutane",2002-06-19T00:00,0.020,µg/m³,VOC,GC-MS
62601,EXPERIMENTAL FARM _SIMCOE_,"2,3-Dimethylbutane",2002-06-19T00:00,0.141,µg/m³,VOC,GC-MS
62601,EXPERIMENTAL FARM _SIMCOE_,"2,3-Dimethylbutane",2002-06-22T00:00,0.030,µg/m³,VOC,GC-MS
62601,EXPERIMENTAL FARM _SIMCOE_,"2,3-Dimethylbutane",2002-06-25T00:00,0.042,µg/m³,VOC,GC-MS
62601,EXPERIMENTAL FARM _SIMCOE_,"2,3-Dimethylbutane",2002-06-25T00:00,0.167,µg/m³,VOC,GC-MS
62601,EXPERIMENTAL FARM _SIMCOE_,"2,3-Dimethylbutane",2002-06-28T00:00,0.018,µg/m³,VOC,GC-MS
62601,EXPERIMENTAL FARM _SIMCOE_,"2,3-Dimethylbutane",2002-07-01T00:00,0.054,µg/m³,VOC,GC-MS
62601,EXPERIMENTAL FARM _SIMCOE_,"2,3-Dimethylbutane",2002-07-01T00:00,0.157,µg/m³,VOC,GC-MS
62601,EXPERIMENTAL FARM _SIMCOE_,"2,3-Dimethylbutane",2002-07-04T00:00,0.022,µg/m³,VOC,GC-MS
62601,EXPERIMENTAL FARM _SIMCOE_,"2,3-Dimethylbutane",2002-07-07T00:00,0.015,µg/m³,VOC,GC-MS
62601,EXPERIMENTAL FARM _SIMCOE_,"2,3-Dimethylbutane",2002-07-07T00:00,0.073,µg/m³,VOC,GC-MS
62601,EXPERIMENTAL FARM _SIMCOE_,"2,3-Dimethylbutane",2002-07-13T00:00,0.016,µg/m³,VOC,GC-MS
62601,EXPERIMENTAL FARM _SIMCOE_,"2,3-Dimethylbutane",2002-07-13T00:00,0.108,µg/m³,VOC,GC-MS
62601,EXPERIMENTAL FARM _SIMCOE_,"2,3-Dimethylbutane",2002-07-19T00:00,0.063,µg/m³,VOC,GC-MS
62601,EXPERIMENTAL FARM _SIMCOE_,"2,3-Dimethylbutane",2002-07-19T00:00,0.865,µg/m³,VOC,GC-MS
62601,EXPERIMENTAL FARM _SIMCOE_,"2,3-Dimethylbutane",2002-07-22T00:00,0.045,µg/m³,VOC,GC-MS
62601,EXPERIMENTAL FARM _SIMCOE_,"2,3-Dimethylbutane",2002-07-25T00:00,0.021,µg/m³,VOC,GC-MS
62601,EXPERIMENTAL FARM _SIMCOE_,"2,3-Dimethylbutane",2002-07-25T00:00,0.091,µg/m³,VOC,GC-MS
62601,EXPERIMENTAL FARM _SIMCOE_,"2,3-Dimethylbutane",2002-07-28T00:00,0.046,µg/m³,VOC,GC-MS
62601,EXPERIMENTAL FARM _SIMCOE_,"2,3-Dimethylbutane",2002-07-31T00:00,0.031,µg/m³,VOC,GC-MS
62601,EXPERIMENTAL FARM _SIMCOE_,"2,3-Dimethylbutane",2002-07-31T00:00,0.147,µg/m³,VOC,GC-MS
62601,EXPERIMENTAL FARM _SIMCOE_,"2,3-Dimethylbutane",2002-08-03T00:00,0.017,µg/m³,VOC,GC-MS
62601,EXPERIMENTAL FARM _SIMCOE_,"2,3-Dimethylbutane",2002-08-06T00:00,0.023,µg/m³,VOC,GC-MS
62601,EXPERIMENTAL FARM _SIMCOE_,"2,3-Dimethylbutane",2002-08-06T00:00,0.037,µg/m³,VOC,GC-MS
62601,EXPERIMENTAL FARM _SIMCOE_,"2,3-Dimethylbutane",2002-08-09T00:00,0.013,µg/m³,VOC,GC-MS
62601,EXPERIMENTAL FARM _SIMCOE_,"2,3-Dimethylbutane",2002-08-12T00:00,0.047,µg/m³,VOC,GC-MS
62601,EXPERIMENTAL FARM _SIMCOE_,"2,3-Dimethylbutane",2002-08-12T00:00,0.098,µg/m³,VOC,GC-MS
62601,EXPERIMENTAL FARM _SIMCOE_,"2,3-Dimethylbutane",2002-08-15T00:00,0.045,µg/m³,VOC,GC-MS
62601,EXPERIMENTAL FARM _SIMCOE_,"2,3-Dimethylbutane",2002-08-18T00:00,0.022,µg/m³,VOC,GC-MS
62601,EXPERIMENTAL FARM _SIMCOE_,"2,3-Dimethylbutane",2002-08-18T00:00,0.070,µg/m³,VOC,GC-MS
62601,EXPERIMENTAL FARM _SIMCOE_,"2,3-Dimethylbutane",2002-08-21T00:00,0.009,µg/m³,VOC,GC-MS
62601,EXPERIMENTAL FARM _SIMCOE_,"2,3-Dimethylbutane",2002-08-24T00:00,0.039,µg/m³,VOC,GC-MS
62601,EXPERIMENTAL FARM _SIMCOE_,"2,3-Dimethylbutane",2002-08-24T00:00,0.094,µg/m³,VOC,GC-MS
62601,EXPERIMENTAL FARM _SIMCOE_,"2,3-Dimethylbutane",2002-08-27T00:00,0.023,µg/m³,VOC,GC-MS
62601,EXPERIMENTAL FARM _SIMCOE_,"2,3-Dimethylbutane",2002-08-30T00:00,0.030,µg/m³,VOC,GC-MS
62601,EXPERIMENTAL FARM _SIMCOE_,"2,3-Dimethylbutane",2002-08-30T00:00,0.127,µg/m³,VOC,GC-MS
62601,EXPERIMENTAL FARM _SIMCOE_,"2,3-Dimethylbutane",2002-09-02T00:00,0.027,µg/m³,VOC,GC-MS
62601,EXPERIMENTAL FARM _SIMCOE_,"2,3-Dimethylbutane",2002-09-05T00:00,0.033,µg/m³,VOC,GC-MS
62601,EXPERIMENTAL FARM _SIMCOE_,"2,3-Dimethylbutane",2002-09-05T00:00,0.087,µg/m³,VOC,GC-MS
62601,EXPERIMENTAL FARM _SIMCOE_,"2,3-Dimethylbutane",2002-09-08T00:00,0.057,µg/m³,VOC,GC-MS
62601,EXPERIMENTAL FARM _SIMCOE_,"2,3-Dimethylbutane",2002-09-11T00:00,0.013,µg/m³,VOC,GC-MS
62601,EXPERIMENTAL FARM _SIMCOE_,"2,3-Dimethylbutane",2002-09-11T00:00,0.028,µg/m³,VOC,GC-MS
62601,EXPERIMENTAL FARM _SIMCOE_,"2,3-Dimethylbutane",2002-09-14T00:00,0.057,µg/m³,VOC,GC-MS
62601,EXPERIMENTAL FARM _SIMCOE_,"2,3-Dimethylbutane",2002-09-17T00:00,0.053,µg/m³,VOC,GC-MS
62601,EXPERIMENTAL FARM _SIMCOE_,"2,3-Dimethylbutane",2002-09-17T00:00,0.097,µg/m³,VOC,GC-MS
62601,EXPERIMENTAL FARM _SIMCOE_,"2,3-Dimethylbutane",2002-09-20T00:00,0.057,µg/m³,VOC,GC-MS
62601,EXPERIMENTAL FARM _SIMCOE_,"2,3-Dimethylbutane",2002-09-23T00:00,0.040,µg/m³,VOC,GC-MS
62601,EXPERIMENTAL FARM _SIMCOE_,"2,3-Dimethylbutane",2002-09-23T00:00,0.106,µg/m³,VOC,GC-MS
62601,EXPERIMENTAL FARM _SIMCOE_,"2,3-Dimethylbutane",2002-09-26T00:00,0.041,µg/m³,VOC,GC-MS
62601,EXPERIMENTAL FARM _SIMCOE_,"2,3-Dimethylbutane",2002-09-29T00:00,0.058,µg/m³,VOC,GC-MS
62601,EXPERIMENTAL FARM _SIMCOE_,"2,3-Dimethylbutane",2002-09-29T00:00,0.148,µg/m³,VOC,GC-MS
62601,EXPERIMENTAL FARM _SIMCOE_,"2,3-Dimethylbutane",2002-10-02T00:00,0.105,µg/m³,VOC,GC-MS
62601,EXPERIMENTAL FARM _SIMCOE_,"2,3-Dimethylbutane",2002-10-05T00:00,0.020,µg/m³,VOC,GC-MS
62601,EXPERIMENTAL FARM _SIMCOE_,"2,3-Dimethylbutane",2002-10-05T00:00,0.052,µg/m³,VOC,GC-MS
62601,EXPERIMENTAL FARM _SIMCOE_,"2,3-Dimethylbutane",2002-10-08T00:00,0.069,µg/m³,VOC,GC-MS
62601,EXPERIMENTAL FARM _SIMCOE_,"2,3-Dimethylbutane",2002-10-11T00:00,0.055,µg/m³,VOC,GC-MS
62601,EXPERIMENTAL FARM _SIMCOE_,"2,3-Dimethylbutane",2002-10-11T00:00,0.326,µg/m³,VOC,GC-MS
62601,EXPERIMENTAL FARM _SIMCOE_,"2,3-Dimethylbutane",2002-10-17T00:00,0.019,µg/m³,VOC,GC-MS
62601,EXPERIMENTAL FARM _SIMCOE_,"2,3-Dimethylbutane",2002-10-17T00:00,0.063,µg/m³,VOC,GC-MS
62601,EXPERIMENTAL FARM _SIMCOE_,"2,3-Dimethylbutane",2002-10-20T00:00,0.028,µg/m³,VOC,GC-MS
62601,EXPERIMENTAL FARM _SIMCOE_,"2,3-Dimethylbutane",2002-10-23T00:00,0.025,µg/m³,VOC,GC-MS
62601,EXPERIMENTAL FARM _SIMCOE_,"2,3-Dimethylbutane",2002-10-23T00:00,0.072,µg/m³,VOC,GC-MS
62601,EXPERIMENTAL FARM _SIMCOE_,"2,3-Dimethylbutane",2002-10-26T00:00,0.038,µg/m³,VOC,GC-MS
62601,EXPERIMENTAL FARM _SIMCOE_,"2,3-Dimethylbutane",2002-10-29T00:00,0.022,µg/m³,VOC,GC-MS
62601,EXPERIMENTAL FARM _SIMCOE_,"2,3-Dimethylbutane",2002-10-29T00:00,0.072,µg/m³,VOC,GC-MS
62601,EXPERIMENTAL FARM _SIMCOE_,"2,3-Dimethylbutane",2002-11-01T00:00,0.016,µg/m³,VOC,GC-MS
62601,EXPERIMENTAL FARM _SIMCOE_,"2,3-Dimethylbutane",2002-11-04T00:00,0.054,µg/m³,VOC,GC-MS
62601,EXPERIMENTAL FARM _SIMCOE_,"2,3-Dimethylbutane",2002-11-04T00:00,0.110,µg/m³,VOC,GC-MS
62601,EXPERIMENTAL FARM _SIMCOE_,"2,3-Dimethylbutane",2002-11-07T00:00,0.027,µg/m³,VOC,GC-MS
62601,EXPERIMENTAL FARM _SIMCOE_,"2,3-Dimethylbutane",2002-11-10T00:00,0.045,µg/m³,VOC,GC-MS
62601,EXPERIMENTAL FARM _SIMCOE_,"2,3-Dimethylbutane",2002-11-10T00:00,0.078,µg/m³,VOC,GC-MS
62601,EXPERIMENTAL FARM _SIMCOE_,"2,3-Dimethylbutane",2002-11-16T00:00,0.069,µg/m³,VOC,GC-MS
62601,EXPERIMENTAL FARM _SIMCOE_,"2,3-Dimethylbutane",2002-11-19T00:00,0.088,µg/m³,VOC,GC-MS
62601,EXPERIMENTAL FARM _SIMCOE_,"2,3-Dimethylbutane",2002-11-22T00:00,0.038,µg/m³,VOC,GC-MS
62601,EXPERIMENTAL FARM _SIMCOE_,"2,3-Dimethylbutane",2002-11-22T00:00,0.105,µg/m³,VOC,GC-MS
62601,EXPERIMENTAL FARM _SIMCOE_,"2,3-Dimethylbutane",2002-11-28T00:00,0.070,µg/m³,VOC,GC-MS
62601,EXPERIMENTAL FARM _SIMCOE_,"2,3-Dimethylbutane",2002-11-28T00:00,0.146,µg/m³,VOC,GC-MS
62601,EXPERIMENTAL FARM _SIMCOE_,"2,3-Dimethylbutane",2002-12-01T00:00,0.030,µg/m³,VOC,GC-MS
62601,EXPERIMENTAL FARM _SIMCOE_,"2,3-Dimethylbutane",2002-12-04T00:00,0.058,µg/m³,VOC,GC-MS
62601,EXPERIMENTAL FARM _SIMCOE_,"2,3-Dimethylbutane",2002-12-04T00:00,0.119,µg/m³,VOC,GC-MS
62601,EXPERIMENTAL FARM _SIMCOE_,"2,3-Dimethylbutane",2002-12-07T00:00,0.063,µg/m³,VOC,GC-MS
62601,EXPERIMENTAL FARM _SIMCOE_,"2,3-Dimethylbutane",2002-12-10T00:00,0.068,µg/m³,VOC,GC-MS
62601,EXPERIMENTAL FARM _SIMCOE_,"2,3-Dimethylbutane",2002-12-10T00:00,0.178,µg/m³,VOC,GC-MS
62601,EXPERIMENTAL FARM _SIMCOE_,"2,3-Dimethylbutane",2002-12-13T00:00,0.101,µg/m³,VOC,GC-MS
62601,EXPERIMENTAL FARM _SIMCOE_,"2,3-Dimethylbutane",2002-12-16T00:00,0.039,µg/m³,VOC,GC-MS
62601,EXPERIMENTAL FARM _SIMCOE_,"2,3-Dimethylbutane",2002-12-16T00:00,0.067,µg/m³,VOC,GC-MS
62601,EXPERIMENTAL FARM _SIMCOE_,"2,3-Dimethylbutane",2002-12-19T00:00,0.065,µg/m³,VOC,GC-MS
62601,EXPERIMENTAL FARM _SIMCOE_,"2,3-Dimethylbutane",2002-12-22T00:00,0.058,µg/m³,VOC,GC-MS
62601,EXPERIMENTAL FARM _SIMCOE_,"2,3-Dimethylbutane",2002-12-28T00:00,0.038,µg/m³,VOC,GC-MS
