﻿NAPS_Site_ID,Station_Name,Pollutant,Date,Value,Units,Report_Type,Method
90227,CALGARY CENTRAL,NO3,1988-01-04T00:00,0.390,µg/m³,DICHOT,
90227,CALGARY CENTRAL,NO3,1988-01-04T00:00,2.200,µg/m³,DICHOT,
90227,CALGARY CENTRAL,NO3,1988-01-10T00:00,0.700,µg/m³,DICHOT,
90227,CALGARY CENTRAL,NO3,1988-01-10T00:00,2.210,µg/m³,DICHOT,
90227,CALGARY CENTRAL,NO3,1988-01-16T00:00,0.090,µg/m³,DICHOT,
90227,CALGARY CENTRAL,NO3,1988-01-16T00:00,0.420,µg/m³,DICHOT,
90227,CALGARY CENTRAL,NO3,1988-01-22T00:00,0.090,µg/m³,DICHOT,
90227,CALGARY CENTRAL,NO3,1988-01-22T00:00,0.180,µg/m³,DICHOT,
90227,CALGARY CENTRAL,NO3,1988-01-28T00:00,0.420,µg/m³,DICHOT,
90227,CALGARY CENTRAL,NO3,1988-01-28T00:00,4.410,µg/m³,DICHOT,
90227,CALGARY CENTRAL,NO3,1988-02-03T00:00,0.190,µg/m³,DICHOT,
90227,CALGARY CENTRAL,NO3,1988-02-03T00:00,0.600,µg/m³,DICHOT,
90227,CALGARY CENTRAL,NO3,1988-02-09T00:00,0.140,µg/m³,DICHOT,
90227,CALGARY CENTRAL,NO3,1988-02-09T00:00,0.280,µg/m³,DICHOT,
90227,CALGARY CENTRAL,NO3,1988-02-15T00:00,0.080,µg/m³,DICHOT,
90227,CALGARY CENTRAL,NO3,1988-02-15T00:00,0.110,µg/m³,DICHOT,
90227,CALGARY CENTRAL,NO3,1988-02-21T00:00,0.100,µg/m³,DICHOT,
90227,CALGARY CENTRAL,NO3,1988-02-21T00:00,0.110,µg/m³,DICHOT,
90227,CALGARY CENTRAL,NO3,1988-02-27T00:00,0.110,µg/m³,DICHOT,
90227,CALGARY CENTRAL,NO3,1988-02-27T00:00,0.220,µg/m³,DICHOT,
90227,CALGARY CENTRAL,NO3,1988-03-04T00:00,0.355,µg/m³,DICHOT,
90227,CALGARY CENTRAL,NO3,1988-03-04T00:00,2.326,µg/m³,DICHOT,
90227,CALGARY CENTRAL,NO3,1988-03-10T00:00,0.053,µg/m³,DICHOT,
90227,CALGARY CENTRAL,NO3,1988-03-10T00:00,0.116,µg/m³,DICHOT,
90227,CALGARY CENTRAL,NO3,1988-03-16T00:00,0.386,µg/m³,DICHOT,
90227,CALGARY CENTRAL,NO3,1988-03-16T00:00,0.778,µg/m³,DICHOT,
90227,CALGARY CENTRAL,NO3,1988-03-22T00:00,0.075,µg/m³,DICHOT,
90227,CALGARY CENTRAL,NO3,1988-03-22T00:00,0.100,µg/m³,DICHOT,
90227,CALGARY CENTRAL,NO3,1988-03-28T00:00,0.085,µg/m³,DICHOT,
90227,CALGARY CENTRAL,NO3,1988-03-28T00:00,0.253,µg/m³,DICHOT,
90227,CALGARY CENTRAL,NO3,1988-04-09T00:00,0.057,µg/m³,DICHOT,
90227,CALGARY CENTRAL,NO3,1988-04-09T00:00,0.063,µg/m³,DICHOT,
90227,CALGARY CENTRAL,NO3,1988-04-15T00:00,0.127,µg/m³,DICHOT,
90227,CALGARY CENTRAL,NO3,1988-04-15T00:00,0.144,µg/m³,DICHOT,
90227,CALGARY CENTRAL,NO3,1988-04-21T00:00,0.173,µg/m³,DICHOT,
90227,CALGARY CENTRAL,NO3,1988-04-21T00:00,0.412,µg/m³,DICHOT,
90227,CALGARY CENTRAL,NO3,1988-04-27T00:00,0.209,µg/m³,DICHOT,
90227,CALGARY CENTRAL,NO3,1988-04-27T00:00,0.454,µg/m³,DICHOT,
90227,CALGARY CENTRAL,NO3,1988-05-03T00:00,0.114,µg/m³,DICHOT,
90227,CALGARY CENTRAL,NO3,1988-05-03T00:00,0.216,µg/m³,DICHOT,
90227,CALGARY CENTRAL,NO3,1988-05-09T00:00,0.000,µg/m³,DICHOT,
90227,CALGARY CENTRAL,NO3,1988-05-09T00:00,0.143,µg/m³,DICHOT,
90227,CALGARY CENTRAL,NO3,1988-05-15T00:00,0.000,µg/m³,DICHOT,
90227,CALGARY CENTRAL,NO3,1988-05-15T00:00,0.140,µg/m³,DICHOT,
90227,CALGARY CENTRAL,NO3,1988-05-21T00:00,0.000,µg/m³,DICHOT,
90227,CALGARY CENTRAL,NO3,1988-05-21T00:00,0.162,µg/m³,DICHOT,
90227,CALGARY CENTRAL,NO3,1988-05-27T00:00,0.099,µg/m³,DICHOT,
90227,CALGARY CENTRAL,NO3,1988-05-27T00:00,0.158,µg/m³,DICHOT,
90227,CALGARY CENTRAL,NO3,1988-06-02T00:00,0.108,µg/m³,DICHOT,
90227,CALGARY CENTRAL,NO3,1988-06-02T00:00,0.133,µg/m³,DICHOT,
90227,CALGARY CENTRAL,NO3,1988-06-08T00:00,0.093,µg/m³,DICHOT,
90227,CALGARY CENTRAL,NO3,1988-06-08T00:00,0.192,µg/m³,DICHOT,
90227,CALGARY CENTRAL,NO3,1988-06-14T00:00,0.102,µg/m³,DICHOT,
90227,CALGARY CENTRAL,NO3,1988-06-14T00:00,0.180,µg/m³,DICHOT,
90227,CALGARY CENTRAL,NO3,1988-06-20T00:00,0.000,µg/m³,DICHOT,
90227,CALGARY CENTRAL,NO3,1988-06-20T00:00,0.448,µg/m³,DICHOT,
90227,CALGARY CENTRAL,NO3,1988-06-26T00:00,0.000,µg/m³,DICHOT,
90227,CALGARY CENTRAL,NO3,1988-06-26T00:00,0.154,µg/m³,DICHOT,
90227,CALGARY CENTRAL,NO3,1988-07-02T00:00,0.000,µg/m³,DICHOT,
90227,CALGARY CENTRAL,NO3,1988-07-02T00:00,0.130,µg/m³,DICHOT,
90227,CALGARY CENTRAL,NO3,1988-07-08T00:00,0.126,µg/m³,DICHOT,
90227,CALGARY CENTRAL,NO3,1988-07-08T00:00,0.172,µg/m³,DICHOT,
90227,CALGARY CENTRAL,NO3,1988-07-14T00:00,0.000,µg/m³,DICHOT,
90227,CALGARY CENTRAL,NO3,1988-07-14T00:00,0.118,µg/m³,DICHOT,
90227,CALGARY CENTRAL,NO3,1988-07-20T00:00,0.079,µg/m³,DICHOT,
90227,CALGARY CENTRAL,NO3,1988-07-20T00:00,0.347,µg/m³,DICHOT,
90227,CALGARY CENTRAL,NO3,1988-07-26T00:00,0.059,µg/m³,DICHOT,
90227,CALGARY CENTRAL,NO3,1988-07-26T00:00,0.234,µg/m³,DICHOT,
90227,CALGARY CENTRAL,NO3,1988-08-01T00:00,0.000,µg/m³,DICHOT,
90227,CALGARY CENTRAL,NO3,1988-08-01T00:00,0.000,µg/m³,DICHOT,
90227,CALGARY CENTRAL,NO3,1988-08-07T00:00,0.000,µg/m³,DICHOT,
90227,CALGARY CENTRAL,NO3,1988-08-07T00:00,0.037,µg/m³,DICHOT,
90227,CALGARY CENTRAL,NO3,1988-08-13T00:00,0.031,µg/m³,DICHOT,
90227,CALGARY CENTRAL,NO3,1988-08-13T00:00,0.179,µg/m³,DICHOT,
90227,CALGARY CENTRAL,NO3,1988-08-19T00:00,0.103,µg/m³,DICHOT,
90227,CALGARY CENTRAL,NO3,1988-08-19T00:00,0.259,µg/m³,DICHOT,
90227,CALGARY CENTRAL,NO3,1988-08-25T00:00,0.093,µg/m³,DICHOT,
90227,CALGARY CENTRAL,NO3,1988-08-25T00:00,0.499,µg/m³,DICHOT,
90227,CALGARY CENTRAL,NO3,1988-08-31T00:00,0.013,µg/m³,DICHOT,
90227,CALGARY CENTRAL,NO3,1988-08-31T00:00,0.244,µg/m³,DICHOT,
90227,CALGARY CENTRAL,NO3,1988-09-06T00:00,0.049,µg/m³,DICHOT,
90227,CALGARY CENTRAL,NO3,1988-09-06T00:00,0.317,µg/m³,DICHOT,
90227,CALGARY CENTRAL,NO3,1988-09-12T00:00,0.000,µg/m³,DICHOT,
90227,CALGARY CENTRAL,NO3,1988-09-12T00:00,0.071,µg/m³,DICHOT,
90227,CALGARY CENTRAL,NO3,1988-09-18T00:00,0.000,µg/m³,DICHOT,
90227,CALGARY CENTRAL,NO3,1988-09-18T00:00,0.000,µg/m³,DICHOT,
90227,CALGARY CENTRAL,NO3,1988-09-30T00:00,0.047,µg/m³,DICHOT,
90227,CALGARY CENTRAL,NO3,1988-09-30T00:00,0.704,µg/m³,DICHOT,
90227,CALGARY CENTRAL,NO3,1988-10-06T00:00,0.000,µg/m³,DICHOT,
90227,CALGARY CENTRAL,NO3,1988-10-06T00:00,0.244,µg/m³,DICHOT,
90227,CALGARY CENTRAL,NO3,1988-10-12T00:00,0.055,µg/m³,DICHOT,
90227,CALGARY CENTRAL,NO3,1988-10-12T00:00,0.270,µg/m³,DICHOT,
90227,CALGARY CENTRAL,NO3,1988-10-18T00:00,0.012,µg/m³,DICHOT,
90227,CALGARY CENTRAL,NO3,1988-10-18T00:00,0.179,µg/m³,DICHOT,
90227,CALGARY CENTRAL,NO3,1988-10-24T00:00,0.000,µg/m³,DICHOT,
90227,CALGARY CENTRAL,NO3,1988-10-24T00:00,0.028,µg/m³,DICHOT,
90227,CALGARY CENTRAL,NO3,1988-10-30T00:00,0.000,µg/m³,DICHOT,
90227,CALGARY CENTRAL,NO3,1988-10-30T00:00,0.116,µg/m³,DICHOT,
90227,CALGARY CENTRAL,NO3,1988-11-05T00:00,0.134,µg/m³,DICHOT,
90227,CALGARY CENTRAL,NO3,1988-11-05T00:00,0.147,µg/m³,DICHOT,
90227,CALGARY CENTRAL,NO3,1988-11-11T00:00,0.292,µg/m³,DICHOT,
90227,CALGARY CENTRAL,NO3,1988-11-11T00:00,0.337,µg/m³,DICHOT,
90227,CALGARY CENTRAL,NO3,1988-11-17T00:00,0.108,µg/m³,DICHOT,
90227,CALGARY CENTRAL,NO3,1988-11-17T00:00,0.228,µg/m³,DICHOT,
90227,CALGARY CENTRAL,NO3,1988-11-23T00:00,0.000,µg/m³,DICHOT,
90227,CALGARY CENTRAL,NO3,1988-11-23T00:00,0.000,µg/m³,DICHOT,
90227,CALGARY CENTRAL,NO3,1988-11-29T00:00,0.082,µg/m³,DICHOT,
90227,CALGARY CENTRAL,NO3,1988-11-29T00:00,0.099,µg/m³,DICHOT,
90227,CALGARY CENTRAL,NO3,1988-12-05T00:00,0.163,µg/m³,DICHOT,
90227,CALGARY CENTRAL,NO3,1988-12-05T00:00,0.181,µg/m³,DICHOT,
90227,CALGARY CENTRAL,NO3,1988-12-11T00:00,0.089,µg/m³,DICHOT,
90227,CALGARY CENTRAL,NO3,1988-12-11T00:00,0.447,µg/m³,DICHOT,
90227,CALGARY CENTRAL,NO3,1988-12-17T00:00,0.000,µg/m³,DICHOT,
90227,CALGARY CENTRAL,NO3,1988-12-17T00:00,0.029,µg/m³,DICHOT,
90227,CALGARY CENTRAL,NO3,1988-12-23T00:00,0.334,µg/m³,DICHOT,
90227,CALGARY CENTRAL,NO3,1988-12-23T00:00,2.665,µg/m³,DICHOT,
90227,CALGARY CENTRAL,NO3,1988-12-29T00:00,0.050,µg/m³,DICHOT,
90227,CALGARY CENTRAL,NO3,1988-12-29T00:00,0.295,µg/m³,DICHOT,
