﻿NAPS_Site_ID,Station_Name,Pollutant,Date,Value,Units,Report_Type,Method
61602,BRONTE RD. & WOBURN CRES. _OAKVILLE_,o-Xylene,2004-01-04T00:00,0.129,µg/m³,VOC,
61602,BRONTE RD. & WOBURN CRES. _OAKVILLE_,o-Xylene,2004-02-21T00:00,2.194,µg/m³,VOC,
61602,BRONTE RD. & WOBURN CRES. _OAKVILLE_,o-Xylene,2004-03-10T00:00,0.804,µg/m³,VOC,
61602,BRONTE RD. & WOBURN CRES. _OAKVILLE_,o-Xylene,2004-03-16T00:00,0.254,µg/m³,VOC,
61602,BRONTE RD. & WOBURN CRES. _OAKVILLE_,o-Xylene,2004-03-22T00:00,0.496,µg/m³,VOC,
61602,BRONTE RD. & WOBURN CRES. _OAKVILLE_,o-Xylene,2004-05-09T00:00,0.229,µg/m³,VOC,
61602,BRONTE RD. & WOBURN CRES. _OAKVILLE_,o-Xylene,2004-05-15T00:00,0.169,µg/m³,VOC,
61602,BRONTE RD. & WOBURN CRES. _OAKVILLE_,o-Xylene,2004-05-21T00:00,0.913,µg/m³,VOC,
61602,BRONTE RD. & WOBURN CRES. _OAKVILLE_,o-Xylene,2004-05-27T00:00,0.781,µg/m³,VOC,
61602,BRONTE RD. & WOBURN CRES. _OAKVILLE_,o-Xylene,2004-06-02T00:00,1.739,µg/m³,VOC,
61602,BRONTE RD. & WOBURN CRES. _OAKVILLE_,o-Xylene,2004-06-08T00:00,2.573,µg/m³,VOC,
61602,BRONTE RD. & WOBURN CRES. _OAKVILLE_,o-Xylene,2004-06-14T00:00,4.231,µg/m³,VOC,
61602,BRONTE RD. & WOBURN CRES. _OAKVILLE_,o-Xylene,2004-06-20T00:00,0.824,µg/m³,VOC,
61602,BRONTE RD. & WOBURN CRES. _OAKVILLE_,o-Xylene,2004-06-26T00:00,0.681,µg/m³,VOC,
61602,BRONTE RD. & WOBURN CRES. _OAKVILLE_,o-Xylene,2004-07-02T00:00,0.305,µg/m³,VOC,
61602,BRONTE RD. & WOBURN CRES. _OAKVILLE_,o-Xylene,2004-07-08T00:00,2.403,µg/m³,VOC,
61602,BRONTE RD. & WOBURN CRES. _OAKVILLE_,o-Xylene,2004-07-20T00:00,2.416,µg/m³,VOC,
61602,BRONTE RD. & WOBURN CRES. _OAKVILLE_,o-Xylene,2004-07-26T00:00,0.435,µg/m³,VOC,
61602,BRONTE RD. & WOBURN CRES. _OAKVILLE_,o-Xylene,2004-08-01T00:00,0.680,µg/m³,VOC,
61602,BRONTE RD. & WOBURN CRES. _OAKVILLE_,o-Xylene,2004-08-07T00:00,0.357,µg/m³,VOC,
61602,BRONTE RD. & WOBURN CRES. _OAKVILLE_,o-Xylene,2004-08-13T00:00,1.133,µg/m³,VOC,
61602,BRONTE RD. & WOBURN CRES. _OAKVILLE_,o-Xylene,2004-08-19T00:00,0.453,µg/m³,VOC,
61602,BRONTE RD. & WOBURN CRES. _OAKVILLE_,o-Xylene,2004-08-25T00:00,0.231,µg/m³,VOC,
61602,BRONTE RD. & WOBURN CRES. _OAKVILLE_,o-Xylene,2004-08-31T00:00,1.005,µg/m³,VOC,
61602,BRONTE RD. & WOBURN CRES. _OAKVILLE_,o-Xylene,2004-09-06T00:00,0.111,µg/m³,VOC,
61602,BRONTE RD. & WOBURN CRES. _OAKVILLE_,o-Xylene,2004-09-24T00:00,1.656,µg/m³,VOC,
61602,BRONTE RD. & WOBURN CRES. _OAKVILLE_,o-Xylene,2004-09-30T00:00,0.806,µg/m³,VOC,
61602,BRONTE RD. & WOBURN CRES. _OAKVILLE_,o-Xylene,2004-10-06T00:00,2.354,µg/m³,VOC,
61602,BRONTE RD. & WOBURN CRES. _OAKVILLE_,o-Xylene,2004-10-12T00:00,1.252,µg/m³,VOC,
61602,BRONTE RD. & WOBURN CRES. _OAKVILLE_,o-Xylene,2004-10-18T00:00,0.771,µg/m³,VOC,
61602,BRONTE RD. & WOBURN CRES. _OAKVILLE_,o-Xylene,2004-10-24T00:00,0.278,µg/m³,VOC,
61602,BRONTE RD. & WOBURN CRES. _OAKVILLE_,o-Xylene,2004-10-30T00:00,0.776,µg/m³,VOC,
61602,BRONTE RD. & WOBURN CRES. _OAKVILLE_,o-Xylene,2004-11-05T00:00,0.339,µg/m³,VOC,
61602,BRONTE RD. & WOBURN CRES. _OAKVILLE_,o-Xylene,2004-11-11T00:00,1.047,µg/m³,VOC,
61602,BRONTE RD. & WOBURN CRES. _OAKVILLE_,o-Xylene,2004-11-17T00:00,1.016,µg/m³,VOC,
61602,BRONTE RD. & WOBURN CRES. _OAKVILLE_,o-Xylene,2004-11-23T00:00,1.159,µg/m³,VOC,
61602,BRONTE RD. & WOBURN CRES. _OAKVILLE_,o-Xylene,2004-11-29T00:00,0.557,µg/m³,VOC,
61602,BRONTE RD. & WOBURN CRES. _OAKVILLE_,o-Xylene,2004-12-05T00:00,0.031,µg/m³,VOC,
61602,BRONTE RD. & WOBURN CRES. _OAKVILLE_,o-Xylene,2004-12-11T00:00,0.466,µg/m³,VOC,
61602,BRONTE RD. & WOBURN CRES. _OAKVILLE_,o-Xylene,2004-12-17T00:00,0.408,µg/m³,VOC,
61602,BRONTE RD. & WOBURN CRES. _OAKVILLE_,o-Xylene,2004-12-23T00:00,0.506,µg/m³,VOC,
61602,BRONTE RD. & WOBURN CRES. _OAKVILLE_,o-Xylene,2004-12-29T00:00,0.912,µg/m³,VOC,
