﻿NAPS_Site_ID,Station_Name,Pollutant,Date,Value,Units,Report_Type,Method
54501,L'ASSOMPTION,m and p-Xylene,2002-01-02T00:00,0.199,µg/m³,VOC,GC-MS
54501,L'ASSOMPTION,m and p-Xylene,2002-01-05T00:00,2.041,µg/m³,VOC,GC-MS
54501,L'ASSOMPTION,m and p-Xylene,2002-01-08T00:00,1.678,µg/m³,VOC,GC-MS
54501,L'ASSOMPTION,m and p-Xylene,2002-01-11T00:00,0.778,µg/m³,VOC,GC-MS
54501,L'ASSOMPTION,m and p-Xylene,2002-01-20T00:00,0.653,µg/m³,VOC,GC-MS
54501,L'ASSOMPTION,m and p-Xylene,2002-01-23T00:00,1.918,µg/m³,VOC,GC-MS
54501,L'ASSOMPTION,m and p-Xylene,2002-01-26T00:00,0.371,µg/m³,VOC,GC-MS
54501,L'ASSOMPTION,m and p-Xylene,2002-01-29T00:00,0.273,µg/m³,VOC,GC-MS
54501,L'ASSOMPTION,m and p-Xylene,2002-02-01T00:00,0.592,µg/m³,VOC,GC-MS
54501,L'ASSOMPTION,m and p-Xylene,2002-02-04T00:00,0.340,µg/m³,VOC,GC-MS
54501,L'ASSOMPTION,m and p-Xylene,2002-02-07T00:00,0.986,µg/m³,VOC,GC-MS
54501,L'ASSOMPTION,m and p-Xylene,2002-02-10T00:00,1.090,µg/m³,VOC,GC-MS
54501,L'ASSOMPTION,m and p-Xylene,2002-02-13T00:00,0.089,µg/m³,VOC,GC-MS
54501,L'ASSOMPTION,m and p-Xylene,2002-02-16T00:00,0.226,µg/m³,VOC,GC-MS
54501,L'ASSOMPTION,m and p-Xylene,2002-02-19T00:00,1.398,µg/m³,VOC,GC-MS
54501,L'ASSOMPTION,m and p-Xylene,2002-02-22T00:00,0.449,µg/m³,VOC,GC-MS
54501,L'ASSOMPTION,m and p-Xylene,2002-02-25T00:00,0.619,µg/m³,VOC,GC-MS
54501,L'ASSOMPTION,m and p-Xylene,2002-02-28T00:00,0.873,µg/m³,VOC,GC-MS
54501,L'ASSOMPTION,m and p-Xylene,2002-03-03T00:00,0.437,µg/m³,VOC,GC-MS
54501,L'ASSOMPTION,m and p-Xylene,2002-03-06T00:00,0.242,µg/m³,VOC,GC-MS
54501,L'ASSOMPTION,m and p-Xylene,2002-03-09T00:00,0.412,µg/m³,VOC,GC-MS
54501,L'ASSOMPTION,m and p-Xylene,2002-03-12T00:00,0.358,µg/m³,VOC,GC-MS
54501,L'ASSOMPTION,m and p-Xylene,2002-03-15T00:00,0.304,µg/m³,VOC,GC-MS
54501,L'ASSOMPTION,m and p-Xylene,2002-03-18T00:00,0.812,µg/m³,VOC,GC-MS
54501,L'ASSOMPTION,m and p-Xylene,2002-03-21T00:00,0.170,µg/m³,VOC,GC-MS
54501,L'ASSOMPTION,m and p-Xylene,2002-03-24T00:00,0.190,µg/m³,VOC,GC-MS
54501,L'ASSOMPTION,m and p-Xylene,2002-03-27T00:00,0.203,µg/m³,VOC,GC-MS
54501,L'ASSOMPTION,m and p-Xylene,2002-03-30T00:00,0.086,µg/m³,VOC,GC-MS
54501,L'ASSOMPTION,m and p-Xylene,2002-04-02T00:00,0.151,µg/m³,VOC,GC-MS
54501,L'ASSOMPTION,m and p-Xylene,2002-04-05T00:00,0.223,µg/m³,VOC,GC-MS
54501,L'ASSOMPTION,m and p-Xylene,2002-04-08T00:00,3.672,µg/m³,VOC,GC-MS
54501,L'ASSOMPTION,m and p-Xylene,2002-04-11T00:00,0.279,µg/m³,VOC,GC-MS
54501,L'ASSOMPTION,m and p-Xylene,2002-04-14T00:00,1.121,µg/m³,VOC,GC-MS
54501,L'ASSOMPTION,m and p-Xylene,2002-04-17T00:00,0.383,µg/m³,VOC,GC-MS
54501,L'ASSOMPTION,m and p-Xylene,2002-04-20T00:00,0.044,µg/m³,VOC,GC-MS
54501,L'ASSOMPTION,m and p-Xylene,2002-04-23T00:00,0.067,µg/m³,VOC,GC-MS
54501,L'ASSOMPTION,m and p-Xylene,2002-04-26T00:00,0.045,µg/m³,VOC,GC-MS
54501,L'ASSOMPTION,m and p-Xylene,2002-04-29T00:00,0.258,µg/m³,VOC,GC-MS
54501,L'ASSOMPTION,m and p-Xylene,2002-05-02T00:00,0.305,µg/m³,VOC,GC-MS
54501,L'ASSOMPTION,m and p-Xylene,2002-05-05T00:00,0.135,µg/m³,VOC,GC-MS
54501,L'ASSOMPTION,m and p-Xylene,2002-05-08T00:00,0.280,µg/m³,VOC,GC-MS
54501,L'ASSOMPTION,m and p-Xylene,2002-05-11T00:00,0.028,µg/m³,VOC,GC-MS
54501,L'ASSOMPTION,m and p-Xylene,2002-05-14T00:00,0.256,µg/m³,VOC,GC-MS
54501,L'ASSOMPTION,m and p-Xylene,2002-05-17T00:00,0.046,µg/m³,VOC,GC-MS
54501,L'ASSOMPTION,m and p-Xylene,2002-05-20T00:00,0.103,µg/m³,VOC,GC-MS
54501,L'ASSOMPTION,m and p-Xylene,2002-05-23T00:00,0.178,µg/m³,VOC,GC-MS
54501,L'ASSOMPTION,m and p-Xylene,2002-05-26T00:00,0.062,µg/m³,VOC,GC-MS
54501,L'ASSOMPTION,m and p-Xylene,2002-05-29T00:00,1.142,µg/m³,VOC,GC-MS
54501,L'ASSOMPTION,m and p-Xylene,2002-06-01T00:00,0.070,µg/m³,VOC,GC-MS
54501,L'ASSOMPTION,m and p-Xylene,2002-06-07T00:00,0.104,µg/m³,VOC,GC-MS
54501,L'ASSOMPTION,m and p-Xylene,2002-06-10T00:00,0.269,µg/m³,VOC,GC-MS
54501,L'ASSOMPTION,m and p-Xylene,2002-06-13T00:00,0.114,µg/m³,VOC,GC-MS
54501,L'ASSOMPTION,m and p-Xylene,2002-06-16T00:00,0.122,µg/m³,VOC,GC-MS
54501,L'ASSOMPTION,m and p-Xylene,2002-06-19T00:00,0.102,µg/m³,VOC,GC-MS
54501,L'ASSOMPTION,m and p-Xylene,2002-06-22T00:00,0.111,µg/m³,VOC,GC-MS
54501,L'ASSOMPTION,m and p-Xylene,2002-06-25T00:00,6.285,µg/m³,VOC,GC-MS
54501,L'ASSOMPTION,m and p-Xylene,2002-06-28T00:00,0.113,µg/m³,VOC,GC-MS
54501,L'ASSOMPTION,m and p-Xylene,2002-07-01T00:00,0.175,µg/m³,VOC,GC-MS
54501,L'ASSOMPTION,m and p-Xylene,2002-07-04T00:00,0.892,µg/m³,VOC,GC-MS
54501,L'ASSOMPTION,m and p-Xylene,2002-07-07T00:00,0.787,µg/m³,VOC,GC-MS
54501,L'ASSOMPTION,m and p-Xylene,2002-07-10T00:00,0.224,µg/m³,VOC,GC-MS
54501,L'ASSOMPTION,m and p-Xylene,2002-07-13T00:00,0.283,µg/m³,VOC,GC-MS
54501,L'ASSOMPTION,m and p-Xylene,2002-07-16T00:00,0.247,µg/m³,VOC,GC-MS
54501,L'ASSOMPTION,m and p-Xylene,2002-07-19T00:00,0.122,µg/m³,VOC,GC-MS
54501,L'ASSOMPTION,m and p-Xylene,2002-07-22T00:00,0.186,µg/m³,VOC,GC-MS
54501,L'ASSOMPTION,m and p-Xylene,2002-07-25T00:00,0.235,µg/m³,VOC,GC-MS
54501,L'ASSOMPTION,m and p-Xylene,2002-07-28T00:00,0.369,µg/m³,VOC,GC-MS
54501,L'ASSOMPTION,m and p-Xylene,2002-07-31T00:00,0.175,µg/m³,VOC,GC-MS
54501,L'ASSOMPTION,m and p-Xylene,2002-08-03T00:00,0.067,µg/m³,VOC,GC-MS
54501,L'ASSOMPTION,m and p-Xylene,2002-08-06T00:00,0.281,µg/m³,VOC,GC-MS
54501,L'ASSOMPTION,m and p-Xylene,2002-08-09T00:00,0.171,µg/m³,VOC,GC-MS
54501,L'ASSOMPTION,m and p-Xylene,2002-08-12T00:00,0.185,µg/m³,VOC,GC-MS
54501,L'ASSOMPTION,m and p-Xylene,2002-08-15T00:00,0.521,µg/m³,VOC,GC-MS
54501,L'ASSOMPTION,m and p-Xylene,2002-08-18T00:00,0.130,µg/m³,VOC,GC-MS
54501,L'ASSOMPTION,m and p-Xylene,2002-08-21T00:00,0.216,µg/m³,VOC,GC-MS
54501,L'ASSOMPTION,m and p-Xylene,2002-08-24T00:00,0.284,µg/m³,VOC,GC-MS
54501,L'ASSOMPTION,m and p-Xylene,2002-08-27T00:00,0.124,µg/m³,VOC,GC-MS
54501,L'ASSOMPTION,m and p-Xylene,2002-08-30T00:00,0.348,µg/m³,VOC,GC-MS
54501,L'ASSOMPTION,m and p-Xylene,2002-09-02T00:00,0.251,µg/m³,VOC,GC-MS
54501,L'ASSOMPTION,m and p-Xylene,2002-09-05T00:00,0.163,µg/m³,VOC,GC-MS
54501,L'ASSOMPTION,m and p-Xylene,2002-09-08T00:00,0.188,µg/m³,VOC,GC-MS
54501,L'ASSOMPTION,m and p-Xylene,2002-09-11T00:00,0.735,µg/m³,VOC,GC-MS
54501,L'ASSOMPTION,m and p-Xylene,2002-09-14T00:00,0.338,µg/m³,VOC,GC-MS
54501,L'ASSOMPTION,m and p-Xylene,2002-09-17T00:00,0.119,µg/m³,VOC,GC-MS
54501,L'ASSOMPTION,m and p-Xylene,2002-09-20T00:00,2.323,µg/m³,VOC,GC-MS
54501,L'ASSOMPTION,m and p-Xylene,2002-09-23T00:00,0.134,µg/m³,VOC,GC-MS
54501,L'ASSOMPTION,m and p-Xylene,2002-09-26T00:00,1.944,µg/m³,VOC,GC-MS
54501,L'ASSOMPTION,m and p-Xylene,2002-09-29T00:00,0.860,µg/m³,VOC,GC-MS
54501,L'ASSOMPTION,m and p-Xylene,2002-10-02T00:00,0.185,µg/m³,VOC,GC-MS
54501,L'ASSOMPTION,m and p-Xylene,2002-10-05T00:00,0.065,µg/m³,VOC,GC-MS
54501,L'ASSOMPTION,m and p-Xylene,2002-10-08T00:00,0.113,µg/m³,VOC,GC-MS
54501,L'ASSOMPTION,m and p-Xylene,2002-10-11T00:00,0.860,µg/m³,VOC,GC-MS
54501,L'ASSOMPTION,m and p-Xylene,2002-10-14T00:00,0.049,µg/m³,VOC,GC-MS
54501,L'ASSOMPTION,m and p-Xylene,2002-10-17T00:00,0.454,µg/m³,VOC,GC-MS
54501,L'ASSOMPTION,m and p-Xylene,2002-10-20T00:00,0.102,µg/m³,VOC,GC-MS
54501,L'ASSOMPTION,m and p-Xylene,2002-10-23T00:00,0.231,µg/m³,VOC,GC-MS
54501,L'ASSOMPTION,m and p-Xylene,2002-10-26T00:00,0.633,µg/m³,VOC,GC-MS
54501,L'ASSOMPTION,m and p-Xylene,2002-10-29T00:00,0.143,µg/m³,VOC,GC-MS
54501,L'ASSOMPTION,m and p-Xylene,2002-11-01T00:00,1.377,µg/m³,VOC,GC-MS
54501,L'ASSOMPTION,m and p-Xylene,2002-11-04T00:00,0.959,µg/m³,VOC,GC-MS
54501,L'ASSOMPTION,m and p-Xylene,2002-11-07T00:00,0.180,µg/m³,VOC,GC-MS
54501,L'ASSOMPTION,m and p-Xylene,2002-11-10T00:00,0.678,µg/m³,VOC,GC-MS
54501,L'ASSOMPTION,m and p-Xylene,2002-11-13T00:00,0.663,µg/m³,VOC,GC-MS
54501,L'ASSOMPTION,m and p-Xylene,2002-11-16T00:00,0.223,µg/m³,VOC,GC-MS
54501,L'ASSOMPTION,m and p-Xylene,2002-11-19T00:00,0.990,µg/m³,VOC,GC-MS
54501,L'ASSOMPTION,m and p-Xylene,2002-11-22T00:00,1.347,µg/m³,VOC,GC-MS
54501,L'ASSOMPTION,m and p-Xylene,2002-11-25T00:00,0.922,µg/m³,VOC,GC-MS
54501,L'ASSOMPTION,m and p-Xylene,2002-11-28T00:00,0.233,µg/m³,VOC,GC-MS
54501,L'ASSOMPTION,m and p-Xylene,2002-12-01T00:00,0.094,µg/m³,VOC,GC-MS
54501,L'ASSOMPTION,m and p-Xylene,2002-12-04T00:00,0.618,µg/m³,VOC,GC-MS
54501,L'ASSOMPTION,m and p-Xylene,2002-12-07T00:00,0.726,µg/m³,VOC,GC-MS
54501,L'ASSOMPTION,m and p-Xylene,2002-12-10T00:00,0.821,µg/m³,VOC,GC-MS
54501,L'ASSOMPTION,m and p-Xylene,2002-12-13T00:00,5.593,µg/m³,VOC,GC-MS
54501,L'ASSOMPTION,m and p-Xylene,2002-12-16T00:00,0.369,µg/m³,VOC,GC-MS
54501,L'ASSOMPTION,m and p-Xylene,2002-12-19T00:00,1.567,µg/m³,VOC,GC-MS
54501,L'ASSOMPTION,m and p-Xylene,2002-12-22T00:00,0.382,µg/m³,VOC,GC-MS
54501,L'ASSOMPTION,m and p-Xylene,2002-12-25T00:00,0.262,µg/m³,VOC,GC-MS
54501,L'ASSOMPTION,m and p-Xylene,2002-12-28T00:00,0.413,µg/m³,VOC,GC-MS
54501,L'ASSOMPTION,m and p-Xylene,2002-12-31T00:00,0.157,µg/m³,VOC,GC-MS
