﻿NAPS_Site_ID,Station_Name,Pollutant,Date,Value,Units,Report_Type,Method
60428,BRAMPTON _BRAMPTON_,Chloroform,2012-01-28T00:00,0.096,µg/m³,VOC,N/A
60428,BRAMPTON _BRAMPTON_,Chloroform,2012-02-03T00:00,0.090,µg/m³,VOC,N/A
60428,BRAMPTON _BRAMPTON_,Chloroform,2012-02-09T00:00,0.094,µg/m³,VOC,N/A
60428,BRAMPTON _BRAMPTON_,Chloroform,2012-02-15T00:00,0.102,µg/m³,VOC,N/A
60428,BRAMPTON _BRAMPTON_,Chloroform,2012-02-21T00:00,0.132,µg/m³,VOC,N/A
60428,BRAMPTON _BRAMPTON_,Chloroform,2012-02-27T00:00,0.104,µg/m³,VOC,N/A
60428,BRAMPTON _BRAMPTON_,Chloroform,2012-03-04T00:00,0.092,µg/m³,VOC,N/A
60428,BRAMPTON _BRAMPTON_,Chloroform,2012-03-10T00:00,0.092,µg/m³,VOC,N/A
60428,BRAMPTON _BRAMPTON_,Chloroform,2012-03-16T00:00,0.115,µg/m³,VOC,N/A
60428,BRAMPTON _BRAMPTON_,Chloroform,2012-03-22T00:00,0.178,µg/m³,VOC,N/A
60428,BRAMPTON _BRAMPTON_,Chloroform,2012-03-28T00:00,0.108,µg/m³,VOC,N/A
60428,BRAMPTON _BRAMPTON_,Chloroform,2012-04-03T00:00,0.128,µg/m³,VOC,N/A
60428,BRAMPTON _BRAMPTON_,Chloroform,2012-04-09T00:00,0.109,µg/m³,VOC,N/A
60428,BRAMPTON _BRAMPTON_,Chloroform,2012-04-15T00:00,0.112,µg/m³,VOC,N/A
60428,BRAMPTON _BRAMPTON_,Chloroform,2012-04-21T00:00,0.096,µg/m³,VOC,N/A
60428,BRAMPTON _BRAMPTON_,Chloroform,2012-04-27T00:00,0.095,µg/m³,VOC,N/A
60428,BRAMPTON _BRAMPTON_,Chloroform,2012-05-03T00:00,0.157,µg/m³,VOC,N/A
60428,BRAMPTON _BRAMPTON_,Chloroform,2012-05-09T00:00,0.067,µg/m³,VOC,N/A
60428,BRAMPTON _BRAMPTON_,Chloroform,2012-05-15T00:00,0.114,µg/m³,VOC,N/A
60428,BRAMPTON _BRAMPTON_,Chloroform,2012-05-21T00:00,0.170,µg/m³,VOC,N/A
60428,BRAMPTON _BRAMPTON_,Chloroform,2012-05-27T00:00,0.133,µg/m³,VOC,N/A
60428,BRAMPTON _BRAMPTON_,Chloroform,2012-06-02T00:00,0.084,µg/m³,VOC,N/A
60428,BRAMPTON _BRAMPTON_,Chloroform,2012-06-08T00:00,0.082,µg/m³,VOC,N/A
60428,BRAMPTON _BRAMPTON_,Chloroform,2012-06-14T00:00,0.106,µg/m³,VOC,N/A
60428,BRAMPTON _BRAMPTON_,Chloroform,2012-06-20T00:00,0.112,µg/m³,VOC,N/A
60428,BRAMPTON _BRAMPTON_,Chloroform,2012-06-26T00:00,0.091,µg/m³,VOC,N/A
60428,BRAMPTON _BRAMPTON_,Chloroform,2012-07-02T00:00,0.118,µg/m³,VOC,N/A
60428,BRAMPTON _BRAMPTON_,Chloroform,2012-07-08T00:00,0.099,µg/m³,VOC,N/A
60428,BRAMPTON _BRAMPTON_,Chloroform,2012-07-14T00:00,0.132,µg/m³,VOC,N/A
60428,BRAMPTON _BRAMPTON_,Chloroform,2012-07-20T00:00,0.145,µg/m³,VOC,N/A
60428,BRAMPTON _BRAMPTON_,Chloroform,2012-07-26T00:00,0.134,µg/m³,VOC,N/A
60428,BRAMPTON _BRAMPTON_,Chloroform,2012-08-01T00:00,0.122,µg/m³,VOC,N/A
60428,BRAMPTON _BRAMPTON_,Chloroform,2012-08-07T00:00,0.144,µg/m³,VOC,N/A
60428,BRAMPTON _BRAMPTON_,Chloroform,2012-08-13T00:00,0.137,µg/m³,VOC,N/A
60428,BRAMPTON _BRAMPTON_,Chloroform,2012-08-25T00:00,0.259,µg/m³,VOC,N/A
60428,BRAMPTON _BRAMPTON_,Chloroform,2012-08-31T00:00,0.093,µg/m³,VOC,N/A
60428,BRAMPTON _BRAMPTON_,Chloroform,2012-09-06T00:00,0.118,µg/m³,VOC,N/A
60428,BRAMPTON _BRAMPTON_,Chloroform,2012-09-12T00:00,0.173,µg/m³,VOC,N/A
60428,BRAMPTON _BRAMPTON_,Chloroform,2012-09-18T00:00,0.136,µg/m³,VOC,N/A
60428,BRAMPTON _BRAMPTON_,Chloroform,2012-09-24T00:00,0.082,µg/m³,VOC,N/A
60428,BRAMPTON _BRAMPTON_,Chloroform,2012-09-30T00:00,0.126,µg/m³,VOC,N/A
60428,BRAMPTON _BRAMPTON_,Chloroform,2012-10-06T00:00,0.087,µg/m³,VOC,N/A
60428,BRAMPTON _BRAMPTON_,Chloroform,2012-10-12T00:00,0.098,µg/m³,VOC,N/A
60428,BRAMPTON _BRAMPTON_,Chloroform,2012-10-18T00:00,0.116,µg/m³,VOC,N/A
60428,BRAMPTON _BRAMPTON_,Chloroform,2012-10-24T00:00,0.100,µg/m³,VOC,N/A
60428,BRAMPTON _BRAMPTON_,Chloroform,2012-10-30T00:00,0.079,µg/m³,VOC,N/A
60428,BRAMPTON _BRAMPTON_,Chloroform,2012-11-05T00:00,0.082,µg/m³,VOC,N/A
60428,BRAMPTON _BRAMPTON_,Chloroform,2012-11-11T00:00,0.121,µg/m³,VOC,N/A
60428,BRAMPTON _BRAMPTON_,Chloroform,2012-11-17T00:00,0.142,µg/m³,VOC,N/A
60428,BRAMPTON _BRAMPTON_,Chloroform,2012-11-23T00:00,0.083,µg/m³,VOC,N/A
60428,BRAMPTON _BRAMPTON_,Chloroform,2012-11-29T00:00,0.080,µg/m³,VOC,N/A
60428,BRAMPTON _BRAMPTON_,Chloroform,2012-12-05T00:00,0.074,µg/m³,VOC,N/A
60428,BRAMPTON _BRAMPTON_,Chloroform,2012-12-11T00:00,0.080,µg/m³,VOC,N/A
60428,BRAMPTON _BRAMPTON_,Chloroform,2012-12-17T00:00,0.113,µg/m³,VOC,N/A
60428,BRAMPTON _BRAMPTON_,Chloroform,2012-12-23T00:00,0.084,µg/m³,VOC,N/A
60428,BRAMPTON _BRAMPTON_,Chloroform,2012-12-29T00:00,0.091,µg/m³,VOC,N/A
