﻿NAPS_Site_ID,Station_Name,Pollutant,Date,Value,Units,Report_Type,Method
62601,EXPERIMENTAL FARM _SIMCOE_,OC1(A),2012-04-06T00:00,0.116,µg/m³,PM2.5,TOR
62601,EXPERIMENTAL FARM _SIMCOE_,OC1(A),2012-04-09T00:00,0.246,µg/m³,PM2.5,TOR
62601,EXPERIMENTAL FARM _SIMCOE_,OC1(A),2012-04-12T00:00,0.220,µg/m³,PM2.5,TOR
62601,EXPERIMENTAL FARM _SIMCOE_,OC1(A),2012-04-15T00:00,0.211,µg/m³,PM2.5,TOR
62601,EXPERIMENTAL FARM _SIMCOE_,OC1(A),2012-04-18T00:00,0.339,µg/m³,PM2.5,TOR
62601,EXPERIMENTAL FARM _SIMCOE_,OC1(A),2012-04-21T00:00,0.279,µg/m³,PM2.5,TOR
62601,EXPERIMENTAL FARM _SIMCOE_,OC1(A),2012-04-24T00:00,0.140,µg/m³,PM2.5,TOR
62601,EXPERIMENTAL FARM _SIMCOE_,OC1(A),2012-04-27T00:00,0.218,µg/m³,PM2.5,TOR
62601,EXPERIMENTAL FARM _SIMCOE_,OC1(A),2012-04-30T00:00,0.167,µg/m³,PM2.5,TOR
62601,EXPERIMENTAL FARM _SIMCOE_,OC1(A),2012-05-03T00:00,0.000,µg/m³,PM2.5,TOR
62601,EXPERIMENTAL FARM _SIMCOE_,OC1(A),2012-05-06T00:00,0.108,µg/m³,PM2.5,TOR
62601,EXPERIMENTAL FARM _SIMCOE_,OC1(A),2012-05-09T00:00,0.125,µg/m³,PM2.5,TOR
62601,EXPERIMENTAL FARM _SIMCOE_,OC1(A),2012-05-12T00:00,0.025,µg/m³,PM2.5,TOR
62601,EXPERIMENTAL FARM _SIMCOE_,OC1(A),2012-05-15T00:00,0.126,µg/m³,PM2.5,TOR
62601,EXPERIMENTAL FARM _SIMCOE_,OC1(A),2012-05-18T00:00,0.279,µg/m³,PM2.5,TOR
62601,EXPERIMENTAL FARM _SIMCOE_,OC1(A),2012-05-21T00:00,0.292,µg/m³,PM2.5,TOR
62601,EXPERIMENTAL FARM _SIMCOE_,OC1(A),2012-05-24T00:00,0.053,µg/m³,PM2.5,TOR
62601,EXPERIMENTAL FARM _SIMCOE_,OC1(A),2012-05-27T00:00,0.290,µg/m³,PM2.5,TOR
62601,EXPERIMENTAL FARM _SIMCOE_,OC1(A),2012-05-30T00:00,0.171,µg/m³,PM2.5,TOR
62601,EXPERIMENTAL FARM _SIMCOE_,OC1(A),2012-06-02T00:00,0.035,µg/m³,PM2.5,TOR
62601,EXPERIMENTAL FARM _SIMCOE_,OC1(A),2012-06-05T00:00,0.156,µg/m³,PM2.5,TOR
62601,EXPERIMENTAL FARM _SIMCOE_,OC1(A),2012-06-08T00:00,0.169,µg/m³,PM2.5,TOR
62601,EXPERIMENTAL FARM _SIMCOE_,OC1(A),2012-06-11T00:00,0.162,µg/m³,PM2.5,TOR
62601,EXPERIMENTAL FARM _SIMCOE_,OC1(A),2012-06-17T00:00,0.352,µg/m³,PM2.5,TOR
62601,EXPERIMENTAL FARM _SIMCOE_,OC1(A),2012-06-20T00:00,0.290,µg/m³,PM2.5,TOR
62601,EXPERIMENTAL FARM _SIMCOE_,OC1(A),2012-06-23T00:00,0.286,µg/m³,PM2.5,TOR
62601,EXPERIMENTAL FARM _SIMCOE_,OC1(A),2012-06-26T00:00,0.175,µg/m³,PM2.5,TOR
62601,EXPERIMENTAL FARM _SIMCOE_,OC1(A),2012-06-29T00:00,0.146,µg/m³,PM2.5,TOR
62601,EXPERIMENTAL FARM _SIMCOE_,OC1(A),2012-07-02T00:00,0.200,µg/m³,PM2.5,TOR
62601,EXPERIMENTAL FARM _SIMCOE_,OC1(A),2012-07-05T00:00,0.134,µg/m³,PM2.5,TOR
62601,EXPERIMENTAL FARM _SIMCOE_,OC1(A),2012-07-08T00:00,0.233,µg/m³,PM2.5,TOR
62601,EXPERIMENTAL FARM _SIMCOE_,OC1(A),2012-07-11T00:00,0.216,µg/m³,PM2.5,TOR
62601,EXPERIMENTAL FARM _SIMCOE_,OC1(A),2012-07-14T00:00,0.153,µg/m³,PM2.5,TOR
62601,EXPERIMENTAL FARM _SIMCOE_,OC1(A),2012-07-17T00:00,0.143,µg/m³,PM2.5,TOR
62601,EXPERIMENTAL FARM _SIMCOE_,OC1(A),2012-07-20T00:00,0.155,µg/m³,PM2.5,TOR
62601,EXPERIMENTAL FARM _SIMCOE_,OC1(A),2012-07-23T00:00,0.126,µg/m³,PM2.5,TOR
62601,EXPERIMENTAL FARM _SIMCOE_,OC1(A),2012-07-26T00:00,0.000,µg/m³,PM2.5,TOR
62601,EXPERIMENTAL FARM _SIMCOE_,OC1(A),2012-07-29T00:00,0.169,µg/m³,PM2.5,TOR
62601,EXPERIMENTAL FARM _SIMCOE_,OC1(A),2012-08-01T00:00,0.018,µg/m³,PM2.5,TOR
62601,EXPERIMENTAL FARM _SIMCOE_,OC1(A),2012-08-04T00:00,0.122,µg/m³,PM2.5,TOR
62601,EXPERIMENTAL FARM _SIMCOE_,OC1(A),2012-08-07T00:00,0.251,µg/m³,PM2.5,TOR
62601,EXPERIMENTAL FARM _SIMCOE_,OC1(A),2012-08-10T00:00,0.006,µg/m³,PM2.5,TOR
62601,EXPERIMENTAL FARM _SIMCOE_,OC1(A),2012-08-13T00:00,0.103,µg/m³,PM2.5,TOR
62601,EXPERIMENTAL FARM _SIMCOE_,OC1(A),2012-08-16T00:00,0.206,µg/m³,PM2.5,TOR
62601,EXPERIMENTAL FARM _SIMCOE_,OC1(A),2012-08-19T00:00,0.000,µg/m³,PM2.5,TOR
62601,EXPERIMENTAL FARM _SIMCOE_,OC1(A),2012-08-22T00:00,0.009,µg/m³,PM2.5,TOR
62601,EXPERIMENTAL FARM _SIMCOE_,OC1(A),2012-08-25T00:00,0.402,µg/m³,PM2.5,TOR
62601,EXPERIMENTAL FARM _SIMCOE_,OC1(A),2012-08-28T00:00,0.330,µg/m³,PM2.5,TOR
62601,EXPERIMENTAL FARM _SIMCOE_,OC1(A),2012-08-31T00:00,0.010,µg/m³,PM2.5,TOR
62601,EXPERIMENTAL FARM _SIMCOE_,OC1(A),2012-09-03T00:00,0.224,µg/m³,PM2.5,TOR
62601,EXPERIMENTAL FARM _SIMCOE_,OC1(A),2012-09-09T00:00,0.010,µg/m³,PM2.5,TOR
62601,EXPERIMENTAL FARM _SIMCOE_,OC1(A),2012-09-12T00:00,0.173,µg/m³,PM2.5,TOR
62601,EXPERIMENTAL FARM _SIMCOE_,OC1(A),2012-09-15T00:00,0.119,µg/m³,PM2.5,TOR
62601,EXPERIMENTAL FARM _SIMCOE_,OC1(A),2012-09-18T00:00,0.072,µg/m³,PM2.5,TOR
62601,EXPERIMENTAL FARM _SIMCOE_,OC1(A),2012-09-21T00:00,0.333,µg/m³,PM2.5,TOR
62601,EXPERIMENTAL FARM _SIMCOE_,OC1(A),2012-09-24T00:00,0.065,µg/m³,PM2.5,TOR
62601,EXPERIMENTAL FARM _SIMCOE_,OC1(A),2012-09-27T00:00,0.327,µg/m³,PM2.5,TOR
62601,EXPERIMENTAL FARM _SIMCOE_,OC1(A),2012-09-30T00:00,0.016,µg/m³,PM2.5,TOR
62601,EXPERIMENTAL FARM _SIMCOE_,OC1(A),2012-10-03T00:00,0.146,µg/m³,PM2.5,TOR
62601,EXPERIMENTAL FARM _SIMCOE_,OC1(A),2012-10-06T00:00,0.047,µg/m³,PM2.5,TOR
62601,EXPERIMENTAL FARM _SIMCOE_,OC1(A),2012-10-09T00:00,0.147,µg/m³,PM2.5,TOR
62601,EXPERIMENTAL FARM _SIMCOE_,OC1(A),2012-10-12T00:00,0.226,µg/m³,PM2.5,TOR
62601,EXPERIMENTAL FARM _SIMCOE_,OC1(A),2012-10-18T00:00,0.103,µg/m³,PM2.5,TOR
62601,EXPERIMENTAL FARM _SIMCOE_,OC1(A),2012-10-21T00:00,0.145,µg/m³,PM2.5,TOR
62601,EXPERIMENTAL FARM _SIMCOE_,OC1(A),2012-10-24T00:00,0.088,µg/m³,PM2.5,TOR
62601,EXPERIMENTAL FARM _SIMCOE_,OC1(A),2012-10-27T00:00,0.126,µg/m³,PM2.5,TOR
62601,EXPERIMENTAL FARM _SIMCOE_,OC1(A),2012-10-31T00:00,0.000,µg/m³,PM2.5,TOR
62601,EXPERIMENTAL FARM _SIMCOE_,OC1(A),2012-11-02T00:00,0.000,µg/m³,PM2.5,TOR
62601,EXPERIMENTAL FARM _SIMCOE_,OC1(A),2012-11-08T00:00,0.307,µg/m³,PM2.5,TOR
62601,EXPERIMENTAL FARM _SIMCOE_,OC1(A),2012-11-11T00:00,0.325,µg/m³,PM2.5,TOR
62601,EXPERIMENTAL FARM _SIMCOE_,OC1(A),2012-11-14T00:00,0.165,µg/m³,PM2.5,TOR
62601,EXPERIMENTAL FARM _SIMCOE_,OC1(A),2012-11-17T00:00,0.110,µg/m³,PM2.5,TOR
62601,EXPERIMENTAL FARM _SIMCOE_,OC1(A),2012-11-20T00:00,0.209,µg/m³,PM2.5,TOR
62601,EXPERIMENTAL FARM _SIMCOE_,OC1(A),2012-11-23T00:00,0.315,µg/m³,PM2.5,TOR
62601,EXPERIMENTAL FARM _SIMCOE_,OC1(A),2012-11-26T00:00,0.401,µg/m³,PM2.5,TOR
62601,EXPERIMENTAL FARM _SIMCOE_,OC1(A),2012-11-29T00:00,0.274,µg/m³,PM2.5,TOR
62601,EXPERIMENTAL FARM _SIMCOE_,OC1(A),2012-12-02T00:00,0.139,µg/m³,PM2.5,TOR
62601,EXPERIMENTAL FARM _SIMCOE_,OC1(A),2012-12-05T00:00,0.205,µg/m³,PM2.5,TOR
62601,EXPERIMENTAL FARM _SIMCOE_,OC1(A),2012-12-08T00:00,0.190,µg/m³,PM2.5,TOR
62601,EXPERIMENTAL FARM _SIMCOE_,OC1(A),2012-12-11T00:00,0.179,µg/m³,PM2.5,TOR
62601,EXPERIMENTAL FARM _SIMCOE_,OC1(A),2012-12-14T00:00,0.329,µg/m³,PM2.5,TOR
62601,EXPERIMENTAL FARM _SIMCOE_,OC1(A),2012-12-17T00:00,0.286,µg/m³,PM2.5,TOR
62601,EXPERIMENTAL FARM _SIMCOE_,OC1(A),2012-12-20T00:00,0.128,µg/m³,PM2.5,TOR
62601,EXPERIMENTAL FARM _SIMCOE_,OC1(A),2012-12-23T00:00,0.147,µg/m³,PM2.5,TOR
62601,EXPERIMENTAL FARM _SIMCOE_,OC1(A),2012-12-29T00:00,0.171,µg/m³,PM2.5,TOR
