﻿NAPS_Site_ID,Station_Name,Pollutant,Date,Value,Units,Report_Type,Method
70119,ELLEN,Iron,2006-01-05T00:00,0.017,µg/m³,DICHOT,EDXRF
70119,ELLEN,Iron,2006-01-05T00:00,0.049,µg/m³,DICHOT,EDXRF
70119,ELLEN,Iron,2006-01-11T00:00,0.053,µg/m³,DICHOT,EDXRF
70119,ELLEN,Iron,2006-01-11T00:00,0.120,µg/m³,DICHOT,EDXRF
70119,ELLEN,Iron,2006-01-17T00:00,0.033,µg/m³,DICHOT,EDXRF
70119,ELLEN,Iron,2006-01-17T00:00,0.034,µg/m³,DICHOT,EDXRF
70119,ELLEN,Iron,2006-02-04T00:00,0.056,µg/m³,DICHOT,EDXRF
70119,ELLEN,Iron,2006-02-04T00:00,0.153,µg/m³,DICHOT,EDXRF
70119,ELLEN,Iron,2006-02-10T00:00,0.013,µg/m³,DICHOT,EDXRF
70119,ELLEN,Iron,2006-02-10T00:00,0.034,µg/m³,DICHOT,EDXRF
70119,ELLEN,Iron,2006-02-16T00:00,0.044,µg/m³,DICHOT,EDXRF
70119,ELLEN,Iron,2006-02-16T00:00,0.107,µg/m³,DICHOT,EDXRF
70119,ELLEN,Iron,2006-02-22T00:00,0.068,µg/m³,DICHOT,EDXRF
70119,ELLEN,Iron,2006-02-22T00:00,0.096,µg/m³,DICHOT,EDXRF
70119,ELLEN,Iron,2006-02-28T00:00,0.085,µg/m³,DICHOT,EDXRF
70119,ELLEN,Iron,2006-02-28T00:00,0.257,µg/m³,DICHOT,EDXRF
70119,ELLEN,Iron,2006-03-06T00:00,0.026,µg/m³,DICHOT,EDXRF
70119,ELLEN,Iron,2006-03-06T00:00,0.058,µg/m³,DICHOT,EDXRF
70119,ELLEN,Iron,2006-03-12T00:00,0.008,µg/m³,DICHOT,EDXRF
70119,ELLEN,Iron,2006-03-12T00:00,0.013,µg/m³,DICHOT,EDXRF
70119,ELLEN,Iron,2006-03-18T00:00,0.061,µg/m³,DICHOT,EDXRF
70119,ELLEN,Iron,2006-03-18T00:00,0.128,µg/m³,DICHOT,EDXRF
70119,ELLEN,Iron,2006-03-24T00:00,0.034,µg/m³,DICHOT,EDXRF
70119,ELLEN,Iron,2006-03-24T00:00,0.072,µg/m³,DICHOT,EDXRF
70119,ELLEN,Iron,2006-03-30T00:00,0.060,µg/m³,DICHOT,EDXRF
70119,ELLEN,Iron,2006-03-30T00:00,0.078,µg/m³,DICHOT,EDXRF
70119,ELLEN,Iron,2006-04-05T00:00,0.130,µg/m³,DICHOT,EDXRF
70119,ELLEN,Iron,2006-04-05T00:00,0.215,µg/m³,DICHOT,EDXRF
70119,ELLEN,Iron,2006-04-11T00:00,0.059,µg/m³,DICHOT,EDXRF
70119,ELLEN,Iron,2006-04-11T00:00,0.117,µg/m³,DICHOT,EDXRF
70119,ELLEN,Iron,2006-04-17T00:00,0.098,µg/m³,DICHOT,EDXRF
70119,ELLEN,Iron,2006-04-17T00:00,0.160,µg/m³,DICHOT,EDXRF
70119,ELLEN,Iron,2006-04-23T00:00,0.078,µg/m³,DICHOT,EDXRF
70119,ELLEN,Iron,2006-04-23T00:00,0.187,µg/m³,DICHOT,EDXRF
70119,ELLEN,Iron,2006-05-05T00:00,0.080,µg/m³,DICHOT,EDXRF
70119,ELLEN,Iron,2006-05-05T00:00,0.330,µg/m³,DICHOT,EDXRF
70119,ELLEN,Iron,2006-05-17T00:00,0.048,µg/m³,DICHOT,EDXRF
70119,ELLEN,Iron,2006-05-17T00:00,0.181,µg/m³,DICHOT,EDXRF
70119,ELLEN,Iron,2006-05-23T00:00,0.098,µg/m³,DICHOT,EDXRF
70119,ELLEN,Iron,2006-05-23T00:00,0.511,µg/m³,DICHOT,EDXRF
70119,ELLEN,Iron,2006-05-29T00:00,0.030,µg/m³,DICHOT,EDXRF
70119,ELLEN,Iron,2006-05-29T00:00,0.119,µg/m³,DICHOT,EDXRF
70119,ELLEN,Iron,2006-06-04T00:00,0.037,µg/m³,DICHOT,EDXRF
70119,ELLEN,Iron,2006-06-04T00:00,0.168,µg/m³,DICHOT,EDXRF
70119,ELLEN,Iron,2006-06-10T00:00,0.047,µg/m³,DICHOT,EDXRF
70119,ELLEN,Iron,2006-06-10T00:00,0.145,µg/m³,DICHOT,EDXRF
70119,ELLEN,Iron,2006-06-16T00:00,0.062,µg/m³,DICHOT,EDXRF
70119,ELLEN,Iron,2006-06-16T00:00,0.336,µg/m³,DICHOT,EDXRF
70119,ELLEN,Iron,2006-06-22T00:00,0.076,µg/m³,DICHOT,EDXRF
70119,ELLEN,Iron,2006-06-22T00:00,0.175,µg/m³,DICHOT,EDXRF
70119,ELLEN,Iron,2006-06-28T00:00,0.104,µg/m³,DICHOT,EDXRF
70119,ELLEN,Iron,2006-06-28T00:00,0.328,µg/m³,DICHOT,EDXRF
70119,ELLEN,Iron,2006-07-04T00:00,0.062,µg/m³,DICHOT,EDXRF
70119,ELLEN,Iron,2006-07-04T00:00,0.184,µg/m³,DICHOT,EDXRF
70119,ELLEN,Iron,2006-07-10T00:00,0.050,µg/m³,DICHOT,EDXRF
70119,ELLEN,Iron,2006-07-10T00:00,0.191,µg/m³,DICHOT,EDXRF
70119,ELLEN,Iron,2006-07-16T00:00,0.060,µg/m³,DICHOT,EDXRF
70119,ELLEN,Iron,2006-07-16T00:00,0.164,µg/m³,DICHOT,EDXRF
70119,ELLEN,Iron,2006-07-28T00:00,0.014,µg/m³,DICHOT,EDXRF
70119,ELLEN,Iron,2006-07-28T00:00,0.058,µg/m³,DICHOT,EDXRF
70119,ELLEN,Iron,2006-08-03T00:00,0.043,µg/m³,DICHOT,EDXRF
70119,ELLEN,Iron,2006-08-03T00:00,0.195,µg/m³,DICHOT,EDXRF
70119,ELLEN,Iron,2006-08-09T00:00,0.078,µg/m³,DICHOT,EDXRF
70119,ELLEN,Iron,2006-08-09T00:00,0.243,µg/m³,DICHOT,EDXRF
70119,ELLEN,Iron,2006-08-15T00:00,0.093,µg/m³,DICHOT,EDXRF
70119,ELLEN,Iron,2006-08-15T00:00,0.154,µg/m³,DICHOT,EDXRF
70119,ELLEN,Iron,2006-08-21T00:00,0.028,µg/m³,DICHOT,EDXRF
70119,ELLEN,Iron,2006-08-21T00:00,0.083,µg/m³,DICHOT,EDXRF
70119,ELLEN,Iron,2006-08-27T00:00,0.090,µg/m³,DICHOT,EDXRF
70119,ELLEN,Iron,2006-08-27T00:00,0.225,µg/m³,DICHOT,EDXRF
70119,ELLEN,Iron,2006-09-08T00:00,0.042,µg/m³,DICHOT,EDXRF
70119,ELLEN,Iron,2006-09-08T00:00,0.164,µg/m³,DICHOT,EDXRF
70119,ELLEN,Iron,2006-09-14T00:00,0.095,µg/m³,DICHOT,EDXRF
70119,ELLEN,Iron,2006-09-14T00:00,0.371,µg/m³,DICHOT,EDXRF
70119,ELLEN,Iron,2006-09-20T00:00,0.073,µg/m³,DICHOT,EDXRF
70119,ELLEN,Iron,2006-09-20T00:00,0.216,µg/m³,DICHOT,EDXRF
70119,ELLEN,Iron,2006-10-08T00:00,0.086,µg/m³,DICHOT,EDXRF
70119,ELLEN,Iron,2006-10-08T00:00,0.159,µg/m³,DICHOT,EDXRF
70119,ELLEN,Iron,2006-10-14T00:00,0.051,µg/m³,DICHOT,EDXRF
70119,ELLEN,Iron,2006-10-14T00:00,0.150,µg/m³,DICHOT,EDXRF
70119,ELLEN,Iron,2006-10-26T00:00,0.060,µg/m³,DICHOT,EDXRF
70119,ELLEN,Iron,2006-10-26T00:00,0.208,µg/m³,DICHOT,EDXRF
70119,ELLEN,Iron,2006-11-01T00:00,0.034,µg/m³,DICHOT,EDXRF
70119,ELLEN,Iron,2006-11-01T00:00,0.077,µg/m³,DICHOT,EDXRF
70119,ELLEN,Iron,2006-11-07T00:00,0.063,µg/m³,DICHOT,EDXRF
70119,ELLEN,Iron,2006-11-07T00:00,0.116,µg/m³,DICHOT,EDXRF
70119,ELLEN,Iron,2006-11-13T00:00,0.022,µg/m³,DICHOT,EDXRF
70119,ELLEN,Iron,2006-11-13T00:00,0.077,µg/m³,DICHOT,EDXRF
70119,ELLEN,Iron,2006-11-19T00:00,0.024,µg/m³,DICHOT,EDXRF
70119,ELLEN,Iron,2006-11-19T00:00,0.073,µg/m³,DICHOT,EDXRF
70119,ELLEN,Iron,2006-11-25T00:00,0.017,µg/m³,DICHOT,EDXRF
70119,ELLEN,Iron,2006-11-25T00:00,0.062,µg/m³,DICHOT,EDXRF
70119,ELLEN,Iron,2006-12-01T00:00,0.015,µg/m³,DICHOT,EDXRF
70119,ELLEN,Iron,2006-12-01T00:00,0.050,µg/m³,DICHOT,EDXRF
70119,ELLEN,Iron,2006-12-07T00:00,0.041,µg/m³,DICHOT,EDXRF
70119,ELLEN,Iron,2006-12-07T00:00,0.063,µg/m³,DICHOT,EDXRF
70119,ELLEN,Iron,2006-12-13T00:00,0.033,µg/m³,DICHOT,EDXRF
70119,ELLEN,Iron,2006-12-13T00:00,0.060,µg/m³,DICHOT,EDXRF
70119,ELLEN,Iron,2006-12-19T00:00,0.068,µg/m³,DICHOT,EDXRF
70119,ELLEN,Iron,2006-12-19T00:00,0.174,µg/m³,DICHOT,EDXRF
70119,ELLEN,Iron,2006-12-25T00:00,0.013,µg/m³,DICHOT,EDXRF
70119,ELLEN,Iron,2006-12-25T00:00,0.077,µg/m³,DICHOT,EDXRF
70119,ELLEN,Iron,2006-12-31T00:00,0.005,µg/m³,DICHOT,EDXRF
70119,ELLEN,Iron,2006-12-31T00:00,0.015,µg/m³,DICHOT,EDXRF
