﻿NAPS_Site_ID,Station_Name,Pollutant,Date,Value,Units,Report_Type,Method
50103,MONTRÉAL-SAINT-JEAN-BAPTISTE,1-Butene/Isobutene,2015-01-05T19:00,0.864,µg/m³,VOC,N/A
50103,MONTRÉAL-SAINT-JEAN-BAPTISTE,1-Butene/Isobutene,2015-01-11T19:00,0.904,µg/m³,VOC,N/A
50103,MONTRÉAL-SAINT-JEAN-BAPTISTE,1-Butene/Isobutene,2015-01-17T19:00,0.230,µg/m³,VOC,N/A
50103,MONTRÉAL-SAINT-JEAN-BAPTISTE,1-Butene/Isobutene,2015-01-23T19:00,0.238,µg/m³,VOC,N/A
50103,MONTRÉAL-SAINT-JEAN-BAPTISTE,1-Butene/Isobutene,2015-01-29T19:00,0.155,µg/m³,VOC,N/A
50103,MONTRÉAL-SAINT-JEAN-BAPTISTE,1-Butene/Isobutene,2015-02-04T19:00,0.390,µg/m³,VOC,N/A
50103,MONTRÉAL-SAINT-JEAN-BAPTISTE,1-Butene/Isobutene,2015-02-10T19:00,0.124,µg/m³,VOC,N/A
50103,MONTRÉAL-SAINT-JEAN-BAPTISTE,1-Butene/Isobutene,2015-02-16T19:00,0.519,µg/m³,VOC,N/A
50103,MONTRÉAL-SAINT-JEAN-BAPTISTE,1-Butene/Isobutene,2015-02-22T19:00,0.509,µg/m³,VOC,N/A
50103,MONTRÉAL-SAINT-JEAN-BAPTISTE,1-Butene/Isobutene,2015-02-28T19:00,0.244,µg/m³,VOC,N/A
50103,MONTRÉAL-SAINT-JEAN-BAPTISTE,1-Butene/Isobutene,2015-03-06T19:00,0.398,µg/m³,VOC,N/A
50103,MONTRÉAL-SAINT-JEAN-BAPTISTE,1-Butene/Isobutene,2015-03-12T20:00,0.428,µg/m³,VOC,N/A
50103,MONTRÉAL-SAINT-JEAN-BAPTISTE,1-Butene/Isobutene,2015-03-18T20:00,0.777,µg/m³,VOC,N/A
50103,MONTRÉAL-SAINT-JEAN-BAPTISTE,1-Butene/Isobutene,2015-03-24T20:00,0.384,µg/m³,VOC,N/A
50103,MONTRÉAL-SAINT-JEAN-BAPTISTE,1-Butene/Isobutene,2015-03-30T20:00,0.373,µg/m³,VOC,N/A
50103,MONTRÉAL-SAINT-JEAN-BAPTISTE,1-Butene/Isobutene,2015-04-05T20:00,0.232,µg/m³,VOC,N/A
50103,MONTRÉAL-SAINT-JEAN-BAPTISTE,1-Butene/Isobutene,2015-04-11T20:00,0.316,µg/m³,VOC,N/A
50103,MONTRÉAL-SAINT-JEAN-BAPTISTE,1-Butene/Isobutene,2015-04-17T20:00,0.110,µg/m³,VOC,N/A
50103,MONTRÉAL-SAINT-JEAN-BAPTISTE,1-Butene/Isobutene,2015-04-23T20:00,0.222,µg/m³,VOC,N/A
50103,MONTRÉAL-SAINT-JEAN-BAPTISTE,1-Butene/Isobutene,2015-04-29T20:00,0.100,µg/m³,VOC,N/A
50103,MONTRÉAL-SAINT-JEAN-BAPTISTE,1-Butene/Isobutene,2015-05-05T20:00,0.434,µg/m³,VOC,N/A
50103,MONTRÉAL-SAINT-JEAN-BAPTISTE,1-Butene/Isobutene,2015-05-11T20:00,0.336,µg/m³,VOC,N/A
50103,MONTRÉAL-SAINT-JEAN-BAPTISTE,1-Butene/Isobutene,2015-05-17T20:00,0.190,µg/m³,VOC,N/A
50103,MONTRÉAL-SAINT-JEAN-BAPTISTE,1-Butene/Isobutene,2015-05-23T20:00,0.192,µg/m³,VOC,N/A
50103,MONTRÉAL-SAINT-JEAN-BAPTISTE,1-Butene/Isobutene,2015-05-29T20:00,0.175,µg/m³,VOC,N/A
50103,MONTRÉAL-SAINT-JEAN-BAPTISTE,1-Butene/Isobutene,2015-06-04T20:00,0.228,µg/m³,VOC,N/A
50103,MONTRÉAL-SAINT-JEAN-BAPTISTE,1-Butene/Isobutene,2015-06-10T20:00,0.532,µg/m³,VOC,N/A
50103,MONTRÉAL-SAINT-JEAN-BAPTISTE,1-Butene/Isobutene,2015-06-16T20:00,0.160,µg/m³,VOC,N/A
50103,MONTRÉAL-SAINT-JEAN-BAPTISTE,1-Butene/Isobutene,2015-06-22T20:00,0.285,µg/m³,VOC,N/A
50103,MONTRÉAL-SAINT-JEAN-BAPTISTE,1-Butene/Isobutene,2015-06-28T20:00,0.117,µg/m³,VOC,N/A
50103,MONTRÉAL-SAINT-JEAN-BAPTISTE,1-Butene/Isobutene,2015-07-04T20:00,0.314,µg/m³,VOC,N/A
50103,MONTRÉAL-SAINT-JEAN-BAPTISTE,1-Butene/Isobutene,2015-07-10T20:00,0.273,µg/m³,VOC,N/A
50103,MONTRÉAL-SAINT-JEAN-BAPTISTE,1-Butene/Isobutene,2015-07-16T20:00,0.224,µg/m³,VOC,N/A
50103,MONTRÉAL-SAINT-JEAN-BAPTISTE,1-Butene/Isobutene,2015-07-22T20:00,0.437,µg/m³,VOC,N/A
50103,MONTRÉAL-SAINT-JEAN-BAPTISTE,1-Butene/Isobutene,2015-07-28T20:00,0.401,µg/m³,VOC,N/A
50103,MONTRÉAL-SAINT-JEAN-BAPTISTE,1-Butene/Isobutene,2015-08-03T20:00,0.307,µg/m³,VOC,N/A
50103,MONTRÉAL-SAINT-JEAN-BAPTISTE,1-Butene/Isobutene,2015-08-09T20:00,0.186,µg/m³,VOC,N/A
50103,MONTRÉAL-SAINT-JEAN-BAPTISTE,1-Butene/Isobutene,2015-08-15T20:00,0.312,µg/m³,VOC,N/A
50103,MONTRÉAL-SAINT-JEAN-BAPTISTE,1-Butene/Isobutene,2015-08-21T20:00,0.353,µg/m³,VOC,N/A
50103,MONTRÉAL-SAINT-JEAN-BAPTISTE,1-Butene/Isobutene,2015-08-27T20:00,0.379,µg/m³,VOC,N/A
50103,MONTRÉAL-SAINT-JEAN-BAPTISTE,1-Butene/Isobutene,2015-09-02T20:00,0.318,µg/m³,VOC,N/A
50103,MONTRÉAL-SAINT-JEAN-BAPTISTE,1-Butene/Isobutene,2015-09-14T20:00,0.610,µg/m³,VOC,N/A
50103,MONTRÉAL-SAINT-JEAN-BAPTISTE,1-Butene/Isobutene,2015-09-20T20:00,0.244,µg/m³,VOC,N/A
50103,MONTRÉAL-SAINT-JEAN-BAPTISTE,1-Butene/Isobutene,2015-09-26T20:00,0.467,µg/m³,VOC,N/A
50103,MONTRÉAL-SAINT-JEAN-BAPTISTE,1-Butene/Isobutene,2015-10-02T20:00,0.069,µg/m³,VOC,N/A
50103,MONTRÉAL-SAINT-JEAN-BAPTISTE,1-Butene/Isobutene,2015-10-08T20:00,0.229,µg/m³,VOC,N/A
50103,MONTRÉAL-SAINT-JEAN-BAPTISTE,1-Butene/Isobutene,2015-10-14T20:00,0.654,µg/m³,VOC,N/A
50103,MONTRÉAL-SAINT-JEAN-BAPTISTE,1-Butene/Isobutene,2015-10-20T20:00,0.167,µg/m³,VOC,N/A
50103,MONTRÉAL-SAINT-JEAN-BAPTISTE,1-Butene/Isobutene,2015-10-26T20:00,1.054,µg/m³,VOC,N/A
50103,MONTRÉAL-SAINT-JEAN-BAPTISTE,1-Butene/Isobutene,2015-11-01T19:00,0.708,µg/m³,VOC,N/A
50103,MONTRÉAL-SAINT-JEAN-BAPTISTE,1-Butene/Isobutene,2015-11-07T19:00,0.460,µg/m³,VOC,N/A
50103,MONTRÉAL-SAINT-JEAN-BAPTISTE,1-Butene/Isobutene,2015-11-13T19:00,0.345,µg/m³,VOC,N/A
50103,MONTRÉAL-SAINT-JEAN-BAPTISTE,1-Butene/Isobutene,2015-11-19T19:00,0.339,µg/m³,VOC,N/A
50103,MONTRÉAL-SAINT-JEAN-BAPTISTE,1-Butene/Isobutene,2015-11-25T19:00,0.161,µg/m³,VOC,N/A
50103,MONTRÉAL-SAINT-JEAN-BAPTISTE,1-Butene/Isobutene,2015-12-01T19:00,1.657,µg/m³,VOC,N/A
50103,MONTRÉAL-SAINT-JEAN-BAPTISTE,1-Butene/Isobutene,2015-12-07T19:00,0.106,µg/m³,VOC,N/A
50103,MONTRÉAL-SAINT-JEAN-BAPTISTE,1-Butene/Isobutene,2015-12-13T19:00,0.126,µg/m³,VOC,N/A
50103,MONTRÉAL-SAINT-JEAN-BAPTISTE,1-Butene/Isobutene,2015-12-19T19:00,0.270,µg/m³,VOC,N/A
50103,MONTRÉAL-SAINT-JEAN-BAPTISTE,1-Butene/Isobutene,2015-12-25T19:00,0.272,µg/m³,VOC,N/A
