﻿NAPS_Site_ID,Station_Name,Pollutant,Date,Value,Units,Report_Type,Method
101101,CHILLIWACK AIRPORT,2-Methylheptane,2002-03-03T00:00,0.100,µg/m³,VOC,
101101,CHILLIWACK AIRPORT,2-Methylheptane,2002-04-20T00:00,0.084,µg/m³,VOC,
101101,CHILLIWACK AIRPORT,2-Methylheptane,2002-06-01T00:00,0.062,µg/m³,VOC,
101101,CHILLIWACK AIRPORT,2-Methylheptane,2002-07-07T00:00,0.065,µg/m³,VOC,
101101,CHILLIWACK AIRPORT,2-Methylheptane,2002-08-12T00:00,0.080,µg/m³,VOC,
101101,CHILLIWACK AIRPORT,2-Methylheptane,2002-10-17T00:00,0.121,µg/m³,VOC,
101101,CHILLIWACK AIRPORT,2-Methylheptane,2002-11-22T00:00,0.111,µg/m³,VOC,
101101,CHILLIWACK AIRPORT,2-Methylheptane,2002-12-28T00:00,0.014,µg/m³,VOC,
