﻿NAPS_Site_ID,Station_Name,Pollutant,Date,Value,Units,Report_Type,Method
60211,WINDSOR WEST,4-Ethyltoluene,2016-12-31T19:00,0.033,µg/m³,VOC,
60211,WINDSOR WEST,4-Ethyltoluene,2017-01-06T19:00,0.028,µg/m³,VOC,
60211,WINDSOR WEST,4-Ethyltoluene,2017-01-12T19:00,0.039,µg/m³,VOC,
60211,WINDSOR WEST,4-Ethyltoluene,2017-01-18T19:00,0.023,µg/m³,VOC,
60211,WINDSOR WEST,4-Ethyltoluene,2017-01-24T19:00,0.034,µg/m³,VOC,
60211,WINDSOR WEST,4-Ethyltoluene,2017-01-30T19:00,0.058,µg/m³,VOC,
60211,WINDSOR WEST,4-Ethyltoluene,2017-02-05T19:00,0.063,µg/m³,VOC,
60211,WINDSOR WEST,4-Ethyltoluene,2017-02-11T19:00,0.032,µg/m³,VOC,
60211,WINDSOR WEST,4-Ethyltoluene,2017-02-17T19:00,0.034,µg/m³,VOC,
60211,WINDSOR WEST,4-Ethyltoluene,2017-02-23T19:00,0.063,µg/m³,VOC,
60211,WINDSOR WEST,4-Ethyltoluene,2017-03-01T19:00,0.022,µg/m³,VOC,
60211,WINDSOR WEST,4-Ethyltoluene,2017-03-07T19:00,0.016,µg/m³,VOC,
60211,WINDSOR WEST,4-Ethyltoluene,2017-03-13T20:00,0.023,µg/m³,VOC,
60211,WINDSOR WEST,4-Ethyltoluene,2017-03-25T20:00,0.042,µg/m³,VOC,
60211,WINDSOR WEST,4-Ethyltoluene,2017-03-31T20:00,0.021,µg/m³,VOC,
60211,WINDSOR WEST,4-Ethyltoluene,2017-04-06T20:00,0.055,µg/m³,VOC,
60211,WINDSOR WEST,4-Ethyltoluene,2017-04-12T20:00,0.037,µg/m³,VOC,
60211,WINDSOR WEST,4-Ethyltoluene,2017-04-18T20:00,0.069,µg/m³,VOC,
60211,WINDSOR WEST,4-Ethyltoluene,2017-04-24T20:00,0.023,µg/m³,VOC,
60211,WINDSOR WEST,4-Ethyltoluene,2017-04-30T20:00,0.019,µg/m³,VOC,
60211,WINDSOR WEST,4-Ethyltoluene,2017-05-06T20:00,0.023,µg/m³,VOC,
60211,WINDSOR WEST,4-Ethyltoluene,2017-05-12T20:00,0.101,µg/m³,VOC,
60211,WINDSOR WEST,4-Ethyltoluene,2017-05-18T20:00,0.034,µg/m³,VOC,
60211,WINDSOR WEST,4-Ethyltoluene,2017-05-24T20:00,0.060,µg/m³,VOC,
60211,WINDSOR WEST,4-Ethyltoluene,2017-05-30T20:00,0.072,µg/m³,VOC,
60211,WINDSOR WEST,4-Ethyltoluene,2017-06-05T20:00,0.067,µg/m³,VOC,
60211,WINDSOR WEST,4-Ethyltoluene,2017-06-11T20:00,0.034,µg/m³,VOC,
60211,WINDSOR WEST,4-Ethyltoluene,2017-06-17T20:00,0.022,µg/m³,VOC,
60211,WINDSOR WEST,4-Ethyltoluene,2017-06-23T20:00,0.110,µg/m³,VOC,
60211,WINDSOR WEST,4-Ethyltoluene,2017-06-29T20:00,0.033,µg/m³,VOC,
60211,WINDSOR WEST,4-Ethyltoluene,2017-07-11T20:00,0.027,µg/m³,VOC,
60211,WINDSOR WEST,4-Ethyltoluene,2017-07-23T20:00,0.052,µg/m³,VOC,
60211,WINDSOR WEST,4-Ethyltoluene,2017-07-29T20:00,0.096,µg/m³,VOC,
60211,WINDSOR WEST,4-Ethyltoluene,2017-08-04T20:00,0.043,µg/m³,VOC,
60211,WINDSOR WEST,4-Ethyltoluene,2017-08-10T20:00,0.042,µg/m³,VOC,
60211,WINDSOR WEST,4-Ethyltoluene,2017-08-16T20:00,0.024,µg/m³,VOC,
60211,WINDSOR WEST,4-Ethyltoluene,2017-08-22T20:00,0.085,µg/m³,VOC,
60211,WINDSOR WEST,4-Ethyltoluene,2017-08-28T20:00,0.051,µg/m³,VOC,
60211,WINDSOR WEST,4-Ethyltoluene,2017-09-09T20:00,0.122,µg/m³,VOC,
60211,WINDSOR WEST,4-Ethyltoluene,2017-09-15T20:00,0.055,µg/m³,VOC,
60211,WINDSOR WEST,4-Ethyltoluene,2017-09-21T20:00,0.060,µg/m³,VOC,
60211,WINDSOR WEST,4-Ethyltoluene,2017-09-27T20:00,0.033,µg/m³,VOC,
60211,WINDSOR WEST,4-Ethyltoluene,2017-10-03T20:00,0.055,µg/m³,VOC,
60211,WINDSOR WEST,4-Ethyltoluene,2017-10-09T20:00,0.128,µg/m³,VOC,
60211,WINDSOR WEST,4-Ethyltoluene,2017-10-15T20:00,0.034,µg/m³,VOC,
60211,WINDSOR WEST,4-Ethyltoluene,2017-10-21T20:00,0.018,µg/m³,VOC,
60211,WINDSOR WEST,4-Ethyltoluene,2017-10-27T20:00,0.018,µg/m³,VOC,
60211,WINDSOR WEST,4-Ethyltoluene,2017-11-08T19:00,0.027,µg/m³,VOC,
60211,WINDSOR WEST,4-Ethyltoluene,2017-11-14T19:00,0.033,µg/m³,VOC,
60211,WINDSOR WEST,4-Ethyltoluene,2017-12-02T19:00,0.146,µg/m³,VOC,
60211,WINDSOR WEST,4-Ethyltoluene,2017-12-08T19:00,0.057,µg/m³,VOC,
