﻿NAPS_Site_ID,Station_Name,Pollutant,Date,Value,Units,Report_Type,Method
10102,WATER STREET POST OFFICE,Acetylene,2014-01-04T19:00,0.526,µg/m³,VOC,N/A
10102,WATER STREET POST OFFICE,Acetylene,2014-01-10T19:00,0.475,µg/m³,VOC,N/A
10102,WATER STREET POST OFFICE,Acetylene,2014-01-16T19:00,0.546,µg/m³,VOC,N/A
10102,WATER STREET POST OFFICE,Acetylene,2014-01-22T19:00,0.363,µg/m³,VOC,N/A
10102,WATER STREET POST OFFICE,Acetylene,2014-01-28T19:00,0.607,µg/m³,VOC,N/A
10102,WATER STREET POST OFFICE,Acetylene,2014-02-03T19:00,0.722,µg/m³,VOC,N/A
10102,WATER STREET POST OFFICE,Acetylene,2014-02-09T19:00,0.703,µg/m³,VOC,N/A
10102,WATER STREET POST OFFICE,Acetylene,2014-02-15T19:00,0.535,µg/m³,VOC,N/A
10102,WATER STREET POST OFFICE,Acetylene,2014-02-21T19:00,0.574,µg/m³,VOC,N/A
10102,WATER STREET POST OFFICE,Acetylene,2014-02-27T19:00,0.607,µg/m³,VOC,N/A
10102,WATER STREET POST OFFICE,Acetylene,2014-03-05T19:00,0.510,µg/m³,VOC,N/A
10102,WATER STREET POST OFFICE,Acetylene,2014-03-11T20:00,0.588,µg/m³,VOC,N/A
10102,WATER STREET POST OFFICE,Acetylene,2014-03-17T20:00,0.405,µg/m³,VOC,N/A
10102,WATER STREET POST OFFICE,Acetylene,2014-03-23T20:00,0.507,µg/m³,VOC,N/A
10102,WATER STREET POST OFFICE,Acetylene,2014-03-29T20:00,0.392,µg/m³,VOC,N/A
10102,WATER STREET POST OFFICE,Acetylene,2014-04-04T20:00,0.500,µg/m³,VOC,N/A
10102,WATER STREET POST OFFICE,Acetylene,2014-04-10T20:00,0.326,µg/m³,VOC,N/A
10102,WATER STREET POST OFFICE,Acetylene,2014-04-16T20:00,0.443,µg/m³,VOC,N/A
10102,WATER STREET POST OFFICE,Acetylene,2014-04-22T20:00,0.564,µg/m³,VOC,N/A
10102,WATER STREET POST OFFICE,Acetylene,2014-04-28T20:00,0.458,µg/m³,VOC,N/A
10102,WATER STREET POST OFFICE,Acetylene,2014-05-04T20:00,0.327,µg/m³,VOC,N/A
10102,WATER STREET POST OFFICE,Acetylene,2014-05-10T20:00,0.321,µg/m³,VOC,N/A
10102,WATER STREET POST OFFICE,Acetylene,2014-05-16T20:00,0.447,µg/m³,VOC,N/A
10102,WATER STREET POST OFFICE,Acetylene,2014-05-22T20:00,0.280,µg/m³,VOC,N/A
10102,WATER STREET POST OFFICE,Acetylene,2014-05-28T20:00,0.332,µg/m³,VOC,N/A
10102,WATER STREET POST OFFICE,Acetylene,2014-06-03T20:00,0.590,µg/m³,VOC,N/A
10102,WATER STREET POST OFFICE,Acetylene,2014-06-09T20:00,0.471,µg/m³,VOC,N/A
10102,WATER STREET POST OFFICE,Acetylene,2014-06-15T20:00,0.318,µg/m³,VOC,N/A
10102,WATER STREET POST OFFICE,Acetylene,2014-06-21T20:00,0.229,µg/m³,VOC,N/A
10102,WATER STREET POST OFFICE,Acetylene,2014-06-27T20:00,0.566,µg/m³,VOC,N/A
10102,WATER STREET POST OFFICE,Acetylene,2014-07-03T20:00,0.223,µg/m³,VOC,N/A
10102,WATER STREET POST OFFICE,Acetylene,2014-07-09T20:00,0.248,µg/m³,VOC,N/A
10102,WATER STREET POST OFFICE,Acetylene,2014-07-15T20:00,0.268,µg/m³,VOC,N/A
10102,WATER STREET POST OFFICE,Acetylene,2014-07-21T20:00,0.603,µg/m³,VOC,N/A
10102,WATER STREET POST OFFICE,Acetylene,2014-07-27T20:00,0.552,µg/m³,VOC,N/A
10102,WATER STREET POST OFFICE,Acetylene,2014-08-02T20:00,0.344,µg/m³,VOC,N/A
10102,WATER STREET POST OFFICE,Acetylene,2014-08-08T20:00,0.577,µg/m³,VOC,N/A
10102,WATER STREET POST OFFICE,Acetylene,2014-08-14T20:00,0.389,µg/m³,VOC,N/A
10102,WATER STREET POST OFFICE,Acetylene,2014-08-20T20:00,0.196,µg/m³,VOC,N/A
10102,WATER STREET POST OFFICE,Acetylene,2014-08-26T20:00,0.253,µg/m³,VOC,N/A
10102,WATER STREET POST OFFICE,Acetylene,2014-09-01T20:00,0.376,µg/m³,VOC,N/A
10102,WATER STREET POST OFFICE,Acetylene,2014-09-07T20:00,0.353,µg/m³,VOC,N/A
10102,WATER STREET POST OFFICE,Acetylene,2014-09-13T20:00,0.897,µg/m³,VOC,N/A
10102,WATER STREET POST OFFICE,Acetylene,2014-09-19T20:00,0.138,µg/m³,VOC,N/A
10102,WATER STREET POST OFFICE,Acetylene,2014-09-25T20:00,0.390,µg/m³,VOC,N/A
10102,WATER STREET POST OFFICE,Acetylene,2014-10-01T20:00,0.765,µg/m³,VOC,N/A
10102,WATER STREET POST OFFICE,Acetylene,2014-10-07T20:00,0.203,µg/m³,VOC,N/A
10102,WATER STREET POST OFFICE,Acetylene,2014-10-13T20:00,0.397,µg/m³,VOC,N/A
10102,WATER STREET POST OFFICE,Acetylene,2014-10-19T20:00,0.139,µg/m³,VOC,N/A
10102,WATER STREET POST OFFICE,Acetylene,2014-10-25T20:00,0.451,µg/m³,VOC,N/A
10102,WATER STREET POST OFFICE,Acetylene,2014-10-31T20:00,0.494,µg/m³,VOC,N/A
10102,WATER STREET POST OFFICE,Acetylene,2014-11-06T19:00,0.606,µg/m³,VOC,N/A
10102,WATER STREET POST OFFICE,Acetylene,2014-11-12T19:00,0.642,µg/m³,VOC,N/A
10102,WATER STREET POST OFFICE,Acetylene,2014-11-18T19:00,0.536,µg/m³,VOC,N/A
10102,WATER STREET POST OFFICE,Acetylene,2014-11-24T19:00,0.299,µg/m³,VOC,N/A
10102,WATER STREET POST OFFICE,Acetylene,2014-11-30T19:00,0.266,µg/m³,VOC,N/A
10102,WATER STREET POST OFFICE,Acetylene,2014-12-06T19:00,0.299,µg/m³,VOC,N/A
10102,WATER STREET POST OFFICE,Acetylene,2014-12-12T19:00,0.864,µg/m³,VOC,N/A
10102,WATER STREET POST OFFICE,Acetylene,2014-12-18T19:00,0.449,µg/m³,VOC,N/A
10102,WATER STREET POST OFFICE,Acetylene,2014-12-24T19:00,0.286,µg/m³,VOC,N/A
10102,WATER STREET POST OFFICE,Acetylene,2014-12-30T19:00,0.472,µg/m³,VOC,N/A
