﻿NAPS_Site_ID,Station_Name,Pollutant,Date,Value,Units,Report_Type,Method
60429,JUDSON ST. & ETONA CT. _ETOBICOKE_ (moved to kipling),Pyrene,2006-07-04T00:00,0.008,µg/m³,PAH,
60429,JUDSON ST. & ETONA CT. _ETOBICOKE_ (moved to kipling),Pyrene,2006-07-22T00:00,0.002,µg/m³,PAH,
60429,JUDSON ST. & ETONA CT. _ETOBICOKE_ (moved to kipling),Pyrene,2006-08-15T00:00,0.002,µg/m³,PAH,
60429,JUDSON ST. & ETONA CT. _ETOBICOKE_ (moved to kipling),Pyrene,2006-08-21T00:00,0.002,µg/m³,PAH,
60429,JUDSON ST. & ETONA CT. _ETOBICOKE_ (moved to kipling),Pyrene,2006-09-08T00:00,0.005,µg/m³,PAH,
60429,JUDSON ST. & ETONA CT. _ETOBICOKE_ (moved to kipling),Pyrene,2006-09-14T00:00,0.004,µg/m³,PAH,
60429,JUDSON ST. & ETONA CT. _ETOBICOKE_ (moved to kipling),Pyrene,2006-10-02T00:00,0.003,µg/m³,PAH,
60429,JUDSON ST. & ETONA CT. _ETOBICOKE_ (moved to kipling),Pyrene,2006-10-08T00:00,0.003,µg/m³,PAH,
60429,JUDSON ST. & ETONA CT. _ETOBICOKE_ (moved to kipling),Pyrene,2006-10-26T00:00,0.002,µg/m³,PAH,
60429,JUDSON ST. & ETONA CT. _ETOBICOKE_ (moved to kipling),Pyrene,2006-11-01T00:00,0.001,µg/m³,PAH,
60429,JUDSON ST. & ETONA CT. _ETOBICOKE_ (moved to kipling),Pyrene,2006-11-19T00:00,0.001,µg/m³,PAH,
60429,JUDSON ST. & ETONA CT. _ETOBICOKE_ (moved to kipling),Pyrene,2006-11-25T00:00,0.003,µg/m³,PAH,
60429,JUDSON ST. & ETONA CT. _ETOBICOKE_ (moved to kipling),Pyrene,2006-12-13T00:00,0.002,µg/m³,PAH,
60429,JUDSON ST. & ETONA CT. _ETOBICOKE_ (moved to kipling),Pyrene,2006-12-19T00:00,0.001,µg/m³,PAH,
60429,JUDSON ST. & ETONA CT. _ETOBICOKE_ (moved to kipling),Pyrene,2006-12-31T00:00,0.001,µg/m³,PAH,
