﻿NAPS_Site_ID,Station_Name,Pollutant,Date,Value,Units,Report_Type,Method
61004,CENTENNIAL PARK _SARNIA_,Benzene,2002-01-02T00:00,0.890,µg/m³,VOC,
61004,CENTENNIAL PARK _SARNIA_,Benzene,2002-01-08T00:00,1.150,µg/m³,VOC,
61004,CENTENNIAL PARK _SARNIA_,Benzene,2002-01-14T00:00,0.990,µg/m³,VOC,
61004,CENTENNIAL PARK _SARNIA_,Benzene,2002-01-20T00:00,0.930,µg/m³,VOC,
61004,CENTENNIAL PARK _SARNIA_,Benzene,2002-01-26T00:00,3.810,µg/m³,VOC,
61004,CENTENNIAL PARK _SARNIA_,Benzene,2002-02-01T00:00,1.310,µg/m³,VOC,
61004,CENTENNIAL PARK _SARNIA_,Benzene,2002-02-07T00:00,1.030,µg/m³,VOC,
61004,CENTENNIAL PARK _SARNIA_,Benzene,2002-02-13T00:00,0.520,µg/m³,VOC,
61004,CENTENNIAL PARK _SARNIA_,Benzene,2002-02-19T00:00,2.260,µg/m³,VOC,
61004,CENTENNIAL PARK _SARNIA_,Benzene,2002-02-25T00:00,2.830,µg/m³,VOC,
61004,CENTENNIAL PARK _SARNIA_,Benzene,2002-03-03T00:00,0.910,µg/m³,VOC,
61004,CENTENNIAL PARK _SARNIA_,Benzene,2002-03-09T00:00,1.370,µg/m³,VOC,
61004,CENTENNIAL PARK _SARNIA_,Benzene,2002-05-26T00:00,0.701,µg/m³,VOC,
61004,CENTENNIAL PARK _SARNIA_,Benzene,2002-06-01T00:00,1.106,µg/m³,VOC,
61004,CENTENNIAL PARK _SARNIA_,Benzene,2002-06-07T00:00,1.349,µg/m³,VOC,
61004,CENTENNIAL PARK _SARNIA_,Benzene,2002-06-13T00:00,0.304,µg/m³,VOC,
61004,CENTENNIAL PARK _SARNIA_,Benzene,2002-06-19T00:00,0.777,µg/m³,VOC,
61004,CENTENNIAL PARK _SARNIA_,Benzene,2002-06-25T00:00,1.856,µg/m³,VOC,
61004,CENTENNIAL PARK _SARNIA_,Benzene,2002-07-01T00:00,1.542,µg/m³,VOC,
61004,CENTENNIAL PARK _SARNIA_,Benzene,2002-07-07T00:00,1.855,µg/m³,VOC,
61004,CENTENNIAL PARK _SARNIA_,Benzene,2002-07-13T00:00,3.950,µg/m³,VOC,
61004,CENTENNIAL PARK _SARNIA_,Benzene,2002-07-19T00:00,0.477,µg/m³,VOC,
61004,CENTENNIAL PARK _SARNIA_,Benzene,2002-07-25T00:00,0.458,µg/m³,VOC,
61004,CENTENNIAL PARK _SARNIA_,Benzene,2002-07-31T00:00,0.966,µg/m³,VOC,
61004,CENTENNIAL PARK _SARNIA_,Benzene,2002-08-06T00:00,0.168,µg/m³,VOC,
61004,CENTENNIAL PARK _SARNIA_,Benzene,2002-08-12T00:00,2.336,µg/m³,VOC,
61004,CENTENNIAL PARK _SARNIA_,Benzene,2002-08-18T00:00,0.481,µg/m³,VOC,
61004,CENTENNIAL PARK _SARNIA_,Benzene,2002-08-24T00:00,1.147,µg/m³,VOC,
61004,CENTENNIAL PARK _SARNIA_,Benzene,2002-09-11T00:00,0.283,µg/m³,VOC,
61004,CENTENNIAL PARK _SARNIA_,Benzene,2002-09-17T00:00,1.059,µg/m³,VOC,
61004,CENTENNIAL PARK _SARNIA_,Benzene,2002-09-23T00:00,0.568,µg/m³,VOC,
61004,CENTENNIAL PARK _SARNIA_,Benzene,2002-09-29T00:00,3.118,µg/m³,VOC,
61004,CENTENNIAL PARK _SARNIA_,Benzene,2002-10-05T00:00,0.542,µg/m³,VOC,
61004,CENTENNIAL PARK _SARNIA_,Benzene,2002-10-11T00:00,2.069,µg/m³,VOC,
61004,CENTENNIAL PARK _SARNIA_,Benzene,2002-10-17T00:00,0.494,µg/m³,VOC,
61004,CENTENNIAL PARK _SARNIA_,Benzene,2002-11-04T00:00,0.654,µg/m³,VOC,
61004,CENTENNIAL PARK _SARNIA_,Benzene,2002-11-10T00:00,2.035,µg/m³,VOC,
61004,CENTENNIAL PARK _SARNIA_,Benzene,2002-11-16T00:00,0.477,µg/m³,VOC,
61004,CENTENNIAL PARK _SARNIA_,Benzene,2002-11-22T00:00,0.365,µg/m³,VOC,
61004,CENTENNIAL PARK _SARNIA_,Benzene,2002-11-28T00:00,0.676,µg/m³,VOC,
61004,CENTENNIAL PARK _SARNIA_,Benzene,2002-12-04T00:00,1.278,µg/m³,VOC,
61004,CENTENNIAL PARK _SARNIA_,Benzene,2002-12-16T00:00,0.373,µg/m³,VOC,
61004,CENTENNIAL PARK _SARNIA_,Benzene,2002-12-22T00:00,0.482,µg/m³,VOC,
61004,CENTENNIAL PARK _SARNIA_,Benzene,2002-12-28T00:00,0.993,µg/m³,VOC,
