﻿NAPS_Site_ID,Station_Name,Pollutant,Date,Value,Units,Report_Type,Method
100128,RICHMOND SOUTH,Cyclopentane,1994-01-20T00:00,0.890,µg/m³,VOC,N/A
100128,RICHMOND SOUTH,Cyclopentane,1994-02-25T00:00,0.173,µg/m³,VOC,N/A
100128,RICHMOND SOUTH,Cyclopentane,1994-04-02T00:00,0.300,µg/m³,VOC,N/A
100128,RICHMOND SOUTH,Cyclopentane,1994-05-08T00:00,0.386,µg/m³,VOC,N/A
100128,RICHMOND SOUTH,Cyclopentane,1994-07-25T00:00,0.110,µg/m³,VOC,N/A
100128,RICHMOND SOUTH,Cyclopentane,1994-09-17T00:00,0.919,µg/m³,VOC,N/A
100128,RICHMOND SOUTH,Cyclopentane,1994-10-23T00:00,0.288,µg/m³,VOC,N/A
100128,RICHMOND SOUTH,Cyclopentane,1994-11-28T00:00,0.343,µg/m³,VOC,N/A
