﻿NAPS_Site_ID,Station_Name,Pollutant,Date,Value,Units,Report_Type,Method
60418,JUNCTION TRIANGLE,3-Methylhexane,2005-01-04T00:00,0.397,µg/m³,VOC,N/A
60418,JUNCTION TRIANGLE,3-Methylhexane,2005-01-10T00:00,0.251,µg/m³,VOC,N/A
60418,JUNCTION TRIANGLE,3-Methylhexane,2005-01-16T00:00,0.198,µg/m³,VOC,N/A
60418,JUNCTION TRIANGLE,3-Methylhexane,2005-01-22T00:00,0.219,µg/m³,VOC,N/A
60418,JUNCTION TRIANGLE,3-Methylhexane,2005-01-28T00:00,1.255,µg/m³,VOC,N/A
60418,JUNCTION TRIANGLE,3-Methylhexane,2005-02-03T00:00,1.528,µg/m³,VOC,N/A
60418,JUNCTION TRIANGLE,3-Methylhexane,2005-02-09T00:00,0.291,µg/m³,VOC,N/A
60418,JUNCTION TRIANGLE,3-Methylhexane,2005-02-15T00:00,0.324,µg/m³,VOC,N/A
60418,JUNCTION TRIANGLE,3-Methylhexane,2005-02-21T00:00,0.580,µg/m³,VOC,N/A
60418,JUNCTION TRIANGLE,3-Methylhexane,2005-02-27T00:00,0.244,µg/m³,VOC,N/A
60418,JUNCTION TRIANGLE,3-Methylhexane,2005-03-05T00:00,0.605,µg/m³,VOC,N/A
60418,JUNCTION TRIANGLE,3-Methylhexane,2005-03-11T00:00,0.319,µg/m³,VOC,N/A
60418,JUNCTION TRIANGLE,3-Methylhexane,2005-03-17T00:00,0.349,µg/m³,VOC,N/A
60418,JUNCTION TRIANGLE,3-Methylhexane,2005-03-23T00:00,0.182,µg/m³,VOC,N/A
60418,JUNCTION TRIANGLE,3-Methylhexane,2005-03-29T00:00,0.624,µg/m³,VOC,N/A
60418,JUNCTION TRIANGLE,3-Methylhexane,2005-04-10T00:00,0.887,µg/m³,VOC,N/A
60418,JUNCTION TRIANGLE,3-Methylhexane,2005-04-16T00:00,0.598,µg/m³,VOC,N/A
60418,JUNCTION TRIANGLE,3-Methylhexane,2005-04-28T00:00,0.314,µg/m³,VOC,N/A
60418,JUNCTION TRIANGLE,3-Methylhexane,2005-05-04T00:00,0.458,µg/m³,VOC,N/A
60418,JUNCTION TRIANGLE,3-Methylhexane,2005-05-10T00:00,0.720,µg/m³,VOC,N/A
60418,JUNCTION TRIANGLE,3-Methylhexane,2005-05-16T00:00,0.323,µg/m³,VOC,N/A
60418,JUNCTION TRIANGLE,3-Methylhexane,2005-05-22T00:00,0.146,µg/m³,VOC,N/A
60418,JUNCTION TRIANGLE,3-Methylhexane,2005-05-28T00:00,0.425,µg/m³,VOC,N/A
60418,JUNCTION TRIANGLE,3-Methylhexane,2005-06-03T00:00,0.300,µg/m³,VOC,N/A
60418,JUNCTION TRIANGLE,3-Methylhexane,2005-06-09T00:00,0.395,µg/m³,VOC,N/A
60418,JUNCTION TRIANGLE,3-Methylhexane,2005-06-15T00:00,0.246,µg/m³,VOC,N/A
60418,JUNCTION TRIANGLE,3-Methylhexane,2005-06-21T00:00,0.799,µg/m³,VOC,N/A
60418,JUNCTION TRIANGLE,3-Methylhexane,2005-06-27T00:00,1.295,µg/m³,VOC,N/A
60418,JUNCTION TRIANGLE,3-Methylhexane,2005-07-03T00:00,1.007,µg/m³,VOC,N/A
60418,JUNCTION TRIANGLE,3-Methylhexane,2005-07-09T00:00,0.587,µg/m³,VOC,N/A
60418,JUNCTION TRIANGLE,3-Methylhexane,2005-07-15T00:00,0.000,µg/m³,VOC,N/A
60418,JUNCTION TRIANGLE,3-Methylhexane,2005-09-19T00:00,0.987,µg/m³,VOC,N/A
60418,JUNCTION TRIANGLE,3-Methylhexane,2005-09-25T00:00,0.394,µg/m³,VOC,N/A
60418,JUNCTION TRIANGLE,3-Methylhexane,2005-10-01T00:00,1.374,µg/m³,VOC,N/A
60418,JUNCTION TRIANGLE,3-Methylhexane,2005-10-07T00:00,0.273,µg/m³,VOC,N/A
60418,JUNCTION TRIANGLE,3-Methylhexane,2005-10-13T00:00,0.230,µg/m³,VOC,N/A
60418,JUNCTION TRIANGLE,3-Methylhexane,2005-10-19T00:00,0.422,µg/m³,VOC,N/A
60418,JUNCTION TRIANGLE,3-Methylhexane,2005-10-25T00:00,0.198,µg/m³,VOC,N/A
60418,JUNCTION TRIANGLE,3-Methylhexane,2005-10-31T00:00,0.530,µg/m³,VOC,N/A
60418,JUNCTION TRIANGLE,3-Methylhexane,2005-11-06T00:00,0.146,µg/m³,VOC,N/A
60418,JUNCTION TRIANGLE,3-Methylhexane,2005-11-12T00:00,0.908,µg/m³,VOC,N/A
60418,JUNCTION TRIANGLE,3-Methylhexane,2005-11-18T00:00,0.404,µg/m³,VOC,N/A
60418,JUNCTION TRIANGLE,3-Methylhexane,2005-11-24T00:00,0.181,µg/m³,VOC,N/A
60418,JUNCTION TRIANGLE,3-Methylhexane,2005-11-30T00:00,0.263,µg/m³,VOC,N/A
60418,JUNCTION TRIANGLE,3-Methylhexane,2005-12-06T00:00,0.329,µg/m³,VOC,N/A
60418,JUNCTION TRIANGLE,3-Methylhexane,2005-12-12T00:00,0.545,µg/m³,VOC,N/A
60418,JUNCTION TRIANGLE,3-Methylhexane,2005-12-18T00:00,0.233,µg/m³,VOC,N/A
60418,JUNCTION TRIANGLE,3-Methylhexane,2005-12-24T00:00,0.780,µg/m³,VOC,N/A
60418,JUNCTION TRIANGLE,3-Methylhexane,2005-12-30T00:00,0.268,µg/m³,VOC,N/A
