﻿NAPS_Site_ID,Station_Name,Pollutant,Date,Value,Units,Report_Type,Method
65101,EAGLE ST. & McCAFFREY RD. _NEWMARKET_,B-Pinene,2008-01-01T00:00,0.008,µg/m³,VOC,GC-MS
65101,EAGLE ST. & McCAFFREY RD. _NEWMARKET_,B-Pinene,2008-01-07T00:00,0.046,µg/m³,VOC,GC-MS
65101,EAGLE ST. & McCAFFREY RD. _NEWMARKET_,B-Pinene,2008-01-13T00:00,0.072,µg/m³,VOC,GC-MS
65101,EAGLE ST. & McCAFFREY RD. _NEWMARKET_,B-Pinene,2008-01-19T00:00,0.000,µg/m³,VOC,GC-MS
65101,EAGLE ST. & McCAFFREY RD. _NEWMARKET_,B-Pinene,2008-01-25T00:00,0.000,µg/m³,VOC,GC-MS
65101,EAGLE ST. & McCAFFREY RD. _NEWMARKET_,B-Pinene,2008-03-13T00:00,0.052,µg/m³,VOC,GC-MS
65101,EAGLE ST. & McCAFFREY RD. _NEWMARKET_,B-Pinene,2008-03-19T00:00,0.067,µg/m³,VOC,GC-MS
65101,EAGLE ST. & McCAFFREY RD. _NEWMARKET_,B-Pinene,2008-06-29T00:00,0.055,µg/m³,VOC,GC-MS
65101,EAGLE ST. & McCAFFREY RD. _NEWMARKET_,B-Pinene,2008-07-05T00:00,0.191,µg/m³,VOC,GC-MS
65101,EAGLE ST. & McCAFFREY RD. _NEWMARKET_,B-Pinene,2008-07-17T00:00,0.574,µg/m³,VOC,GC-MS
65101,EAGLE ST. & McCAFFREY RD. _NEWMARKET_,B-Pinene,2008-07-23T00:00,0.384,µg/m³,VOC,GC-MS
65101,EAGLE ST. & McCAFFREY RD. _NEWMARKET_,B-Pinene,2008-08-04T00:00,0.305,µg/m³,VOC,GC-MS
65101,EAGLE ST. & McCAFFREY RD. _NEWMARKET_,B-Pinene,2008-08-10T00:00,0.237,µg/m³,VOC,GC-MS
65101,EAGLE ST. & McCAFFREY RD. _NEWMARKET_,B-Pinene,2008-08-16T00:00,0.265,µg/m³,VOC,GC-MS
65101,EAGLE ST. & McCAFFREY RD. _NEWMARKET_,B-Pinene,2008-08-22T00:00,0.081,µg/m³,VOC,GC-MS
65101,EAGLE ST. & McCAFFREY RD. _NEWMARKET_,B-Pinene,2008-08-28T00:00,0.115,µg/m³,VOC,GC-MS
65101,EAGLE ST. & McCAFFREY RD. _NEWMARKET_,B-Pinene,2008-09-03T00:00,0.338,µg/m³,VOC,GC-MS
65101,EAGLE ST. & McCAFFREY RD. _NEWMARKET_,B-Pinene,2008-09-15T00:00,0.216,µg/m³,VOC,GC-MS
65101,EAGLE ST. & McCAFFREY RD. _NEWMARKET_,B-Pinene,2008-09-27T00:00,0.066,µg/m³,VOC,GC-MS
65101,EAGLE ST. & McCAFFREY RD. _NEWMARKET_,B-Pinene,2008-10-03T00:00,0.061,µg/m³,VOC,GC-MS
65101,EAGLE ST. & McCAFFREY RD. _NEWMARKET_,B-Pinene,2008-10-15T00:00,0.098,µg/m³,VOC,GC-MS
65101,EAGLE ST. & McCAFFREY RD. _NEWMARKET_,B-Pinene,2008-10-21T00:00,0.101,µg/m³,VOC,GC-MS
65101,EAGLE ST. & McCAFFREY RD. _NEWMARKET_,B-Pinene,2008-10-27T00:00,0.033,µg/m³,VOC,GC-MS
65101,EAGLE ST. & McCAFFREY RD. _NEWMARKET_,B-Pinene,2008-11-02T00:00,0.008,µg/m³,VOC,GC-MS
65101,EAGLE ST. & McCAFFREY RD. _NEWMARKET_,B-Pinene,2008-11-08T00:00,0.037,µg/m³,VOC,GC-MS
65101,EAGLE ST. & McCAFFREY RD. _NEWMARKET_,B-Pinene,2008-11-14T00:00,0.030,µg/m³,VOC,GC-MS
65101,EAGLE ST. & McCAFFREY RD. _NEWMARKET_,B-Pinene,2008-11-26T00:00,0.200,µg/m³,VOC,GC-MS
65101,EAGLE ST. & McCAFFREY RD. _NEWMARKET_,B-Pinene,2008-12-02T00:00,0.023,µg/m³,VOC,GC-MS
65101,EAGLE ST. & McCAFFREY RD. _NEWMARKET_,B-Pinene,2008-12-08T00:00,0.000,µg/m³,VOC,GC-MS
65101,EAGLE ST. & McCAFFREY RD. _NEWMARKET_,B-Pinene,2008-12-14T00:00,0.035,µg/m³,VOC,GC-MS
65101,EAGLE ST. & McCAFFREY RD. _NEWMARKET_,B-Pinene,2008-12-20T00:00,0.000,µg/m³,VOC,GC-MS
65101,EAGLE ST. & McCAFFREY RD. _NEWMARKET_,B-Pinene,2008-12-26T00:00,0.018,µg/m³,VOC,GC-MS
