﻿NAPS_Site_ID,Station_Name,Pollutant,Date,Value,Units,Report_Type,Method
60512,BEASLEY PARK _HAMILTON_DOWNTOWN_,Acetylene,1998-01-05T00:00,3.586,µg/m³,VOC,N/A
60512,BEASLEY PARK _HAMILTON_DOWNTOWN_,Acetylene,1998-01-11T00:00,2.880,µg/m³,VOC,N/A
60512,BEASLEY PARK _HAMILTON_DOWNTOWN_,Acetylene,1998-01-17T00:00,4.170,µg/m³,VOC,N/A
60512,BEASLEY PARK _HAMILTON_DOWNTOWN_,Acetylene,1998-01-23T00:00,5.372,µg/m³,VOC,N/A
60512,BEASLEY PARK _HAMILTON_DOWNTOWN_,Acetylene,1998-01-29T00:00,7.186,µg/m³,VOC,N/A
60512,BEASLEY PARK _HAMILTON_DOWNTOWN_,Acetylene,1998-02-04T00:00,3.130,µg/m³,VOC,N/A
60512,BEASLEY PARK _HAMILTON_DOWNTOWN_,Acetylene,1998-02-10T00:00,19.358,µg/m³,VOC,N/A
60512,BEASLEY PARK _HAMILTON_DOWNTOWN_,Acetylene,1998-02-16T00:00,6.758,µg/m³,VOC,N/A
60512,BEASLEY PARK _HAMILTON_DOWNTOWN_,Acetylene,1998-02-22T00:00,2.608,µg/m³,VOC,N/A
60512,BEASLEY PARK _HAMILTON_DOWNTOWN_,Acetylene,1998-02-28T00:00,5.990,µg/m³,VOC,N/A
60512,BEASLEY PARK _HAMILTON_DOWNTOWN_,Acetylene,1998-03-06T00:00,2.684,µg/m³,VOC,N/A
60512,BEASLEY PARK _HAMILTON_DOWNTOWN_,Acetylene,1998-03-12T00:00,2.682,µg/m³,VOC,N/A
60512,BEASLEY PARK _HAMILTON_DOWNTOWN_,Acetylene,1998-03-18T00:00,3.442,µg/m³,VOC,N/A
60512,BEASLEY PARK _HAMILTON_DOWNTOWN_,Acetylene,1998-03-24T00:00,4.633,µg/m³,VOC,N/A
60512,BEASLEY PARK _HAMILTON_DOWNTOWN_,Acetylene,1998-03-30T00:00,3.876,µg/m³,VOC,N/A
60512,BEASLEY PARK _HAMILTON_DOWNTOWN_,Acetylene,1998-04-05T00:00,2.027,µg/m³,VOC,N/A
60512,BEASLEY PARK _HAMILTON_DOWNTOWN_,Acetylene,1998-04-11T00:00,3.040,µg/m³,VOC,N/A
60512,BEASLEY PARK _HAMILTON_DOWNTOWN_,Acetylene,1998-04-17T00:00,4.771,µg/m³,VOC,N/A
60512,BEASLEY PARK _HAMILTON_DOWNTOWN_,Acetylene,1998-04-23T00:00,2.334,µg/m³,VOC,N/A
60512,BEASLEY PARK _HAMILTON_DOWNTOWN_,Acetylene,1998-04-29T00:00,3.444,µg/m³,VOC,N/A
60512,BEASLEY PARK _HAMILTON_DOWNTOWN_,Acetylene,1998-05-05T00:00,3.844,µg/m³,VOC,N/A
60512,BEASLEY PARK _HAMILTON_DOWNTOWN_,Acetylene,1998-05-11T00:00,3.022,µg/m³,VOC,N/A
60512,BEASLEY PARK _HAMILTON_DOWNTOWN_,Acetylene,1998-05-17T00:00,1.692,µg/m³,VOC,N/A
60512,BEASLEY PARK _HAMILTON_DOWNTOWN_,Acetylene,1998-05-23T00:00,1.982,µg/m³,VOC,N/A
60512,BEASLEY PARK _HAMILTON_DOWNTOWN_,Acetylene,1998-06-22T00:00,2.844,µg/m³,VOC,N/A
60512,BEASLEY PARK _HAMILTON_DOWNTOWN_,Acetylene,1998-07-04T00:00,1.353,µg/m³,VOC,N/A
60512,BEASLEY PARK _HAMILTON_DOWNTOWN_,Acetylene,1998-07-10T00:00,0.755,µg/m³,VOC,N/A
60512,BEASLEY PARK _HAMILTON_DOWNTOWN_,Acetylene,1998-07-16T00:00,1.168,µg/m³,VOC,N/A
60512,BEASLEY PARK _HAMILTON_DOWNTOWN_,Acetylene,1998-07-22T00:00,0.725,µg/m³,VOC,N/A
60512,BEASLEY PARK _HAMILTON_DOWNTOWN_,Acetylene,1998-07-28T00:00,1.226,µg/m³,VOC,N/A
60512,BEASLEY PARK _HAMILTON_DOWNTOWN_,Acetylene,1998-08-03T00:00,1.084,µg/m³,VOC,N/A
60512,BEASLEY PARK _HAMILTON_DOWNTOWN_,Acetylene,1998-08-09T00:00,1.457,µg/m³,VOC,N/A
60512,BEASLEY PARK _HAMILTON_DOWNTOWN_,Acetylene,1998-08-15T00:00,1.512,µg/m³,VOC,N/A
60512,BEASLEY PARK _HAMILTON_DOWNTOWN_,Acetylene,1998-08-21T00:00,2.333,µg/m³,VOC,N/A
60512,BEASLEY PARK _HAMILTON_DOWNTOWN_,Acetylene,1998-08-27T00:00,2.566,µg/m³,VOC,N/A
60512,BEASLEY PARK _HAMILTON_DOWNTOWN_,Acetylene,1998-09-02T00:00,1.784,µg/m³,VOC,N/A
60512,BEASLEY PARK _HAMILTON_DOWNTOWN_,Acetylene,1998-09-08T00:00,1.712,µg/m³,VOC,N/A
60512,BEASLEY PARK _HAMILTON_DOWNTOWN_,Acetylene,1998-09-14T00:00,2.403,µg/m³,VOC,N/A
60512,BEASLEY PARK _HAMILTON_DOWNTOWN_,Acetylene,1998-09-20T00:00,3.936,µg/m³,VOC,N/A
60512,BEASLEY PARK _HAMILTON_DOWNTOWN_,Acetylene,1998-09-26T00:00,3.320,µg/m³,VOC,N/A
60512,BEASLEY PARK _HAMILTON_DOWNTOWN_,Acetylene,1998-10-02T00:00,2.102,µg/m³,VOC,N/A
60512,BEASLEY PARK _HAMILTON_DOWNTOWN_,Acetylene,1998-10-08T00:00,1.376,µg/m³,VOC,N/A
60512,BEASLEY PARK _HAMILTON_DOWNTOWN_,Acetylene,1998-10-14T00:00,1.048,µg/m³,VOC,N/A
60512,BEASLEY PARK _HAMILTON_DOWNTOWN_,Acetylene,1998-10-20T00:00,1.366,µg/m³,VOC,N/A
60512,BEASLEY PARK _HAMILTON_DOWNTOWN_,Acetylene,1998-10-26T00:00,2.064,µg/m³,VOC,N/A
60512,BEASLEY PARK _HAMILTON_DOWNTOWN_,Acetylene,1998-11-01T00:00,2.192,µg/m³,VOC,N/A
60512,BEASLEY PARK _HAMILTON_DOWNTOWN_,Acetylene,1998-11-07T00:00,1.735,µg/m³,VOC,N/A
60512,BEASLEY PARK _HAMILTON_DOWNTOWN_,Acetylene,1998-11-13T00:00,2.578,µg/m³,VOC,N/A
60512,BEASLEY PARK _HAMILTON_DOWNTOWN_,Acetylene,1998-11-19T00:00,8.082,µg/m³,VOC,N/A
60512,BEASLEY PARK _HAMILTON_DOWNTOWN_,Acetylene,1998-11-25T00:00,8.082,µg/m³,VOC,N/A
60512,BEASLEY PARK _HAMILTON_DOWNTOWN_,Acetylene,1998-12-01T00:00,1.329,µg/m³,VOC,N/A
60512,BEASLEY PARK _HAMILTON_DOWNTOWN_,Acetylene,1998-12-07T00:00,1.148,µg/m³,VOC,N/A
60512,BEASLEY PARK _HAMILTON_DOWNTOWN_,Acetylene,1998-12-13T00:00,2.819,µg/m³,VOC,N/A
60512,BEASLEY PARK _HAMILTON_DOWNTOWN_,Acetylene,1998-12-19T00:00,1.432,µg/m³,VOC,N/A
60512,BEASLEY PARK _HAMILTON_DOWNTOWN_,Acetylene,1998-12-25T00:00,1.484,µg/m³,VOC,N/A
60512,BEASLEY PARK _HAMILTON_DOWNTOWN_,Acetylene,1998-12-31T00:00,1.999,µg/m³,VOC,N/A
