﻿NAPS_Site_ID,Station_Name,Pollutant,Date,Value,Units,Report_Type,Method
100134,VANCOUVER INTL. AIRPORT,Cyclohexane,2005-01-16T00:00,0.133,µg/m³,VOC,
100134,VANCOUVER INTL. AIRPORT,Cyclohexane,2005-02-03T00:00,0.240,µg/m³,VOC,
100134,VANCOUVER INTL. AIRPORT,Cyclohexane,2005-02-21T00:00,0.383,µg/m³,VOC,
100134,VANCOUVER INTL. AIRPORT,Cyclohexane,2005-03-11T00:00,0.116,µg/m³,VOC,
100134,VANCOUVER INTL. AIRPORT,Cyclohexane,2005-03-29T00:00,0.462,µg/m³,VOC,
100134,VANCOUVER INTL. AIRPORT,Cyclohexane,2005-04-22T00:00,0.256,µg/m³,VOC,
100134,VANCOUVER INTL. AIRPORT,Cyclohexane,2005-05-10T00:00,0.062,µg/m³,VOC,
100134,VANCOUVER INTL. AIRPORT,Cyclohexane,2005-05-28T00:00,0.115,µg/m³,VOC,
100134,VANCOUVER INTL. AIRPORT,Cyclohexane,2005-06-15T00:00,0.104,µg/m³,VOC,
100134,VANCOUVER INTL. AIRPORT,Cyclohexane,2005-07-03T00:00,0.066,µg/m³,VOC,
100134,VANCOUVER INTL. AIRPORT,Cyclohexane,2005-08-08T00:00,0.069,µg/m³,VOC,
100134,VANCOUVER INTL. AIRPORT,Cyclohexane,2005-08-26T00:00,0.490,µg/m³,VOC,
100134,VANCOUVER INTL. AIRPORT,Cyclohexane,2005-09-13T00:00,0.468,µg/m³,VOC,
100134,VANCOUVER INTL. AIRPORT,Cyclohexane,2005-10-19T00:00,0.051,µg/m³,VOC,
100134,VANCOUVER INTL. AIRPORT,Cyclohexane,2005-11-06T00:00,0.083,µg/m³,VOC,
100134,VANCOUVER INTL. AIRPORT,Cyclohexane,2005-11-24T00:00,0.640,µg/m³,VOC,
100134,VANCOUVER INTL. AIRPORT,Cyclohexane,2005-12-12T00:00,0.241,µg/m³,VOC,
100134,VANCOUVER INTL. AIRPORT,Cyclohexane,2005-12-30T00:00,0.088,µg/m³,VOC,
