﻿NAPS_Site_ID,Station_Name,Pollutant,Date,Value,Units,Report_Type,Method
90228,CALGARY CENTRAL-2,2-Methylhexane,2011-01-03T00:00,0.109,µg/m³,VOC,GC-MS
90228,CALGARY CENTRAL-2,2-Methylhexane,2011-01-09T00:00,0.127,µg/m³,VOC,GC-MS
90228,CALGARY CENTRAL-2,2-Methylhexane,2011-01-15T00:00,0.236,µg/m³,VOC,GC-MS
90228,CALGARY CENTRAL-2,2-Methylhexane,2011-01-21T00:00,0.280,µg/m³,VOC,GC-MS
90228,CALGARY CENTRAL-2,2-Methylhexane,2011-01-27T00:00,0.332,µg/m³,VOC,GC-MS
90228,CALGARY CENTRAL-2,2-Methylhexane,2011-02-02T00:00,0.119,µg/m³,VOC,GC-MS
90228,CALGARY CENTRAL-2,2-Methylhexane,2011-02-08T00:00,0.463,µg/m³,VOC,GC-MS
90228,CALGARY CENTRAL-2,2-Methylhexane,2011-02-14T00:00,0.710,µg/m³,VOC,GC-MS
90228,CALGARY CENTRAL-2,2-Methylhexane,2011-02-20T00:00,0.224,µg/m³,VOC,GC-MS
90228,CALGARY CENTRAL-2,2-Methylhexane,2011-02-26T00:00,0.135,µg/m³,VOC,GC-MS
90228,CALGARY CENTRAL-2,2-Methylhexane,2011-03-04T00:00,0.280,µg/m³,VOC,GC-MS
90228,CALGARY CENTRAL-2,2-Methylhexane,2011-03-10T00:00,0.372,µg/m³,VOC,GC-MS
90228,CALGARY CENTRAL-2,2-Methylhexane,2011-03-16T00:00,0.274,µg/m³,VOC,GC-MS
90228,CALGARY CENTRAL-2,2-Methylhexane,2011-03-22T00:00,0.290,µg/m³,VOC,GC-MS
90228,CALGARY CENTRAL-2,2-Methylhexane,2011-03-28T00:00,0.147,µg/m³,VOC,GC-MS
90228,CALGARY CENTRAL-2,2-Methylhexane,2011-04-03T00:00,0.122,µg/m³,VOC,GC-MS
90228,CALGARY CENTRAL-2,2-Methylhexane,2011-04-09T00:00,0.118,µg/m³,VOC,GC-MS
90228,CALGARY CENTRAL-2,2-Methylhexane,2011-04-15T00:00,0.203,µg/m³,VOC,GC-MS
90228,CALGARY CENTRAL-2,2-Methylhexane,2011-04-21T00:00,0.158,µg/m³,VOC,GC-MS
90228,CALGARY CENTRAL-2,2-Methylhexane,2011-04-27T00:00,0.127,µg/m³,VOC,GC-MS
90228,CALGARY CENTRAL-2,2-Methylhexane,2011-05-03T00:00,0.130,µg/m³,VOC,GC-MS
90228,CALGARY CENTRAL-2,2-Methylhexane,2011-05-09T00:00,0.166,µg/m³,VOC,GC-MS
90228,CALGARY CENTRAL-2,2-Methylhexane,2011-05-15T00:00,0.061,µg/m³,VOC,GC-MS
90228,CALGARY CENTRAL-2,2-Methylhexane,2011-05-21T00:00,0.079,µg/m³,VOC,GC-MS
90228,CALGARY CENTRAL-2,2-Methylhexane,2011-05-27T00:00,0.148,µg/m³,VOC,GC-MS
90228,CALGARY CENTRAL-2,2-Methylhexane,2011-06-02T00:00,0.130,µg/m³,VOC,GC-MS
90228,CALGARY CENTRAL-2,2-Methylhexane,2011-06-08T00:00,0.135,µg/m³,VOC,GC-MS
90228,CALGARY CENTRAL-2,2-Methylhexane,2011-06-14T00:00,0.184,µg/m³,VOC,GC-MS
90228,CALGARY CENTRAL-2,2-Methylhexane,2011-06-20T00:00,0.199,µg/m³,VOC,GC-MS
90228,CALGARY CENTRAL-2,2-Methylhexane,2011-06-26T00:00,0.108,µg/m³,VOC,GC-MS
90228,CALGARY CENTRAL-2,2-Methylhexane,2011-07-02T00:00,0.112,µg/m³,VOC,GC-MS
90228,CALGARY CENTRAL-2,2-Methylhexane,2011-07-08T00:00,0.050,µg/m³,VOC,GC-MS
90228,CALGARY CENTRAL-2,2-Methylhexane,2011-07-14T00:00,0.115,µg/m³,VOC,GC-MS
90228,CALGARY CENTRAL-2,2-Methylhexane,2011-07-20T00:00,0.117,µg/m³,VOC,GC-MS
90228,CALGARY CENTRAL-2,2-Methylhexane,2011-07-26T00:00,0.184,µg/m³,VOC,GC-MS
90228,CALGARY CENTRAL-2,2-Methylhexane,2011-08-01T00:00,0.074,µg/m³,VOC,GC-MS
90228,CALGARY CENTRAL-2,2-Methylhexane,2011-08-07T00:00,0.091,µg/m³,VOC,GC-MS
90228,CALGARY CENTRAL-2,2-Methylhexane,2011-08-13T00:00,0.199,µg/m³,VOC,GC-MS
90228,CALGARY CENTRAL-2,2-Methylhexane,2011-08-19T00:00,0.212,µg/m³,VOC,GC-MS
90228,CALGARY CENTRAL-2,2-Methylhexane,2011-08-25T00:00,0.196,µg/m³,VOC,GC-MS
90228,CALGARY CENTRAL-2,2-Methylhexane,2011-08-31T00:00,0.184,µg/m³,VOC,GC-MS
90228,CALGARY CENTRAL-2,2-Methylhexane,2011-09-06T00:00,0.285,µg/m³,VOC,GC-MS
90228,CALGARY CENTRAL-2,2-Methylhexane,2011-09-12T00:00,0.190,µg/m³,VOC,GC-MS
90228,CALGARY CENTRAL-2,2-Methylhexane,2011-09-18T00:00,0.116,µg/m³,VOC,GC-MS
90228,CALGARY CENTRAL-2,2-Methylhexane,2011-09-24T00:00,0.479,µg/m³,VOC,GC-MS
90228,CALGARY CENTRAL-2,2-Methylhexane,2011-09-30T00:00,0.707,µg/m³,VOC,GC-MS
90228,CALGARY CENTRAL-2,2-Methylhexane,2011-10-06T00:00,0.180,µg/m³,VOC,GC-MS
90228,CALGARY CENTRAL-2,2-Methylhexane,2011-10-12T00:00,0.170,µg/m³,VOC,GC-MS
90228,CALGARY CENTRAL-2,2-Methylhexane,2011-10-18T00:00,0.369,µg/m³,VOC,GC-MS
90228,CALGARY CENTRAL-2,2-Methylhexane,2011-10-24T00:00,0.186,µg/m³,VOC,GC-MS
90228,CALGARY CENTRAL-2,2-Methylhexane,2011-10-30T00:00,0.187,µg/m³,VOC,GC-MS
90228,CALGARY CENTRAL-2,2-Methylhexane,2011-11-05T00:00,0.219,µg/m³,VOC,GC-MS
90228,CALGARY CENTRAL-2,2-Methylhexane,2011-11-11T00:00,0.598,µg/m³,VOC,GC-MS
90228,CALGARY CENTRAL-2,2-Methylhexane,2011-11-17T00:00,0.224,µg/m³,VOC,GC-MS
90228,CALGARY CENTRAL-2,2-Methylhexane,2011-11-23T00:00,0.253,µg/m³,VOC,GC-MS
90228,CALGARY CENTRAL-2,2-Methylhexane,2011-11-29T00:00,0.437,µg/m³,VOC,GC-MS
90228,CALGARY CENTRAL-2,2-Methylhexane,2011-12-05T00:00,0.115,µg/m³,VOC,GC-MS
90228,CALGARY CENTRAL-2,2-Methylhexane,2011-12-11T00:00,0.298,µg/m³,VOC,GC-MS
90228,CALGARY CENTRAL-2,2-Methylhexane,2011-12-17T00:00,0.579,µg/m³,VOC,GC-MS
90228,CALGARY CENTRAL-2,2-Methylhexane,2011-12-23T00:00,0.084,µg/m³,VOC,GC-MS
90228,CALGARY CENTRAL-2,2-Methylhexane,2011-12-29T00:00,0.197,µg/m³,VOC,GC-MS
