﻿NAPS_Site_ID,Station_Name,Pollutant,Date,Value,Units,Report_Type,Method
60512,BEASLEY PARK _HAMILTON_DOWNTOWN_,sec-Butylbenzene,1994-01-14T00:00,0.021,µg/m³,VOC,GC-MS
60512,BEASLEY PARK _HAMILTON_DOWNTOWN_,sec-Butylbenzene,1994-01-20T00:00,0.042,µg/m³,VOC,GC-MS
60512,BEASLEY PARK _HAMILTON_DOWNTOWN_,sec-Butylbenzene,1994-01-26T00:00,0.059,µg/m³,VOC,GC-MS
60512,BEASLEY PARK _HAMILTON_DOWNTOWN_,sec-Butylbenzene,1994-02-13T00:00,0.054,µg/m³,VOC,GC-MS
60512,BEASLEY PARK _HAMILTON_DOWNTOWN_,sec-Butylbenzene,1994-02-19T00:00,0.047,µg/m³,VOC,GC-MS
60512,BEASLEY PARK _HAMILTON_DOWNTOWN_,sec-Butylbenzene,1994-02-25T00:00,0.045,µg/m³,VOC,GC-MS
60512,BEASLEY PARK _HAMILTON_DOWNTOWN_,sec-Butylbenzene,1994-03-03T00:00,0.037,µg/m³,VOC,GC-MS
60512,BEASLEY PARK _HAMILTON_DOWNTOWN_,sec-Butylbenzene,1994-03-09T00:00,0.036,µg/m³,VOC,GC-MS
60512,BEASLEY PARK _HAMILTON_DOWNTOWN_,sec-Butylbenzene,1994-03-15T00:00,0.026,µg/m³,VOC,GC-MS
60512,BEASLEY PARK _HAMILTON_DOWNTOWN_,sec-Butylbenzene,1994-03-21T00:00,0.068,µg/m³,VOC,GC-MS
60512,BEASLEY PARK _HAMILTON_DOWNTOWN_,sec-Butylbenzene,1994-04-08T00:00,0.035,µg/m³,VOC,GC-MS
60512,BEASLEY PARK _HAMILTON_DOWNTOWN_,sec-Butylbenzene,1994-04-14T00:00,0.028,µg/m³,VOC,GC-MS
60512,BEASLEY PARK _HAMILTON_DOWNTOWN_,sec-Butylbenzene,1994-04-20T00:00,0.000,µg/m³,VOC,GC-MS
60512,BEASLEY PARK _HAMILTON_DOWNTOWN_,sec-Butylbenzene,1994-04-26T00:00,0.104,µg/m³,VOC,GC-MS
60512,BEASLEY PARK _HAMILTON_DOWNTOWN_,sec-Butylbenzene,1994-05-02T00:00,0.000,µg/m³,VOC,GC-MS
60512,BEASLEY PARK _HAMILTON_DOWNTOWN_,sec-Butylbenzene,1994-05-14T00:00,0.000,µg/m³,VOC,GC-MS
60512,BEASLEY PARK _HAMILTON_DOWNTOWN_,sec-Butylbenzene,1994-05-20T00:00,0.000,µg/m³,VOC,GC-MS
60512,BEASLEY PARK _HAMILTON_DOWNTOWN_,sec-Butylbenzene,1994-05-26T00:00,0.000,µg/m³,VOC,GC-MS
60512,BEASLEY PARK _HAMILTON_DOWNTOWN_,sec-Butylbenzene,1994-06-01T00:00,0.016,µg/m³,VOC,GC-MS
60512,BEASLEY PARK _HAMILTON_DOWNTOWN_,sec-Butylbenzene,1994-06-19T00:00,0.018,µg/m³,VOC,GC-MS
60512,BEASLEY PARK _HAMILTON_DOWNTOWN_,sec-Butylbenzene,1994-07-01T00:00,0.011,µg/m³,VOC,GC-MS
60512,BEASLEY PARK _HAMILTON_DOWNTOWN_,sec-Butylbenzene,1994-07-13T00:00,0.013,µg/m³,VOC,GC-MS
60512,BEASLEY PARK _HAMILTON_DOWNTOWN_,sec-Butylbenzene,1994-08-30T00:00,0.029,µg/m³,VOC,GC-MS
60512,BEASLEY PARK _HAMILTON_DOWNTOWN_,sec-Butylbenzene,1994-09-11T00:00,0.047,µg/m³,VOC,GC-MS
60512,BEASLEY PARK _HAMILTON_DOWNTOWN_,sec-Butylbenzene,1994-09-17T00:00,0.037,µg/m³,VOC,GC-MS
60512,BEASLEY PARK _HAMILTON_DOWNTOWN_,sec-Butylbenzene,1994-09-23T00:00,0.066,µg/m³,VOC,GC-MS
60512,BEASLEY PARK _HAMILTON_DOWNTOWN_,sec-Butylbenzene,1994-09-29T00:00,0.019,µg/m³,VOC,GC-MS
60512,BEASLEY PARK _HAMILTON_DOWNTOWN_,sec-Butylbenzene,1994-10-05T00:00,0.025,µg/m³,VOC,GC-MS
60512,BEASLEY PARK _HAMILTON_DOWNTOWN_,sec-Butylbenzene,1994-10-11T00:00,0.062,µg/m³,VOC,GC-MS
60512,BEASLEY PARK _HAMILTON_DOWNTOWN_,sec-Butylbenzene,1994-10-17T00:00,0.137,µg/m³,VOC,GC-MS
60512,BEASLEY PARK _HAMILTON_DOWNTOWN_,sec-Butylbenzene,1994-10-23T00:00,0.075,µg/m³,VOC,GC-MS
60512,BEASLEY PARK _HAMILTON_DOWNTOWN_,sec-Butylbenzene,1994-10-29T00:00,0.010,µg/m³,VOC,GC-MS
60512,BEASLEY PARK _HAMILTON_DOWNTOWN_,sec-Butylbenzene,1994-11-04T00:00,0.022,µg/m³,VOC,GC-MS
60512,BEASLEY PARK _HAMILTON_DOWNTOWN_,sec-Butylbenzene,1994-11-10T00:00,0.012,µg/m³,VOC,GC-MS
60512,BEASLEY PARK _HAMILTON_DOWNTOWN_,sec-Butylbenzene,1994-11-16T00:00,0.032,µg/m³,VOC,GC-MS
60512,BEASLEY PARK _HAMILTON_DOWNTOWN_,sec-Butylbenzene,1994-11-28T00:00,0.019,µg/m³,VOC,GC-MS
60512,BEASLEY PARK _HAMILTON_DOWNTOWN_,sec-Butylbenzene,1994-12-04T00:00,0.047,µg/m³,VOC,GC-MS
60512,BEASLEY PARK _HAMILTON_DOWNTOWN_,sec-Butylbenzene,1994-12-10T00:00,0.027,µg/m³,VOC,GC-MS
60512,BEASLEY PARK _HAMILTON_DOWNTOWN_,sec-Butylbenzene,1994-12-16T00:00,0.066,µg/m³,VOC,GC-MS
60512,BEASLEY PARK _HAMILTON_DOWNTOWN_,sec-Butylbenzene,1994-12-22T00:00,0.083,µg/m³,VOC,GC-MS
60512,BEASLEY PARK _HAMILTON_DOWNTOWN_,sec-Butylbenzene,1994-12-28T00:00,0.010,µg/m³,VOC,GC-MS
