﻿NAPS_Site_ID,Station_Name,Pollutant,Date,Value,Units,Report_Type,Method
90227,CALGARY CENTRAL,Silicon,2006-01-05T00:00,0.306,µg/m³,PM2.5,
90227,CALGARY CENTRAL,Silicon,2006-01-11T00:00,0.043,µg/m³,PM2.5,
90227,CALGARY CENTRAL,Silicon,2006-01-17T00:00,0.110,µg/m³,PM2.5,
90227,CALGARY CENTRAL,Silicon,2006-01-23T00:00,0.098,µg/m³,PM2.5,
90227,CALGARY CENTRAL,Silicon,2006-01-29T00:00,0.063,µg/m³,PM2.5,
90227,CALGARY CENTRAL,Silicon,2006-02-04T00:00,0.082,µg/m³,PM2.5,
90227,CALGARY CENTRAL,Silicon,2006-02-10T00:00,0.127,µg/m³,PM2.5,
90227,CALGARY CENTRAL,Silicon,2006-02-16T00:00,0.102,µg/m³,PM2.5,
90227,CALGARY CENTRAL,Silicon,2006-02-22T00:00,0.025,µg/m³,PM2.5,
90227,CALGARY CENTRAL,Silicon,2006-02-28T00:00,0.078,µg/m³,PM2.5,
90227,CALGARY CENTRAL,Silicon,2006-03-06T00:00,0.109,µg/m³,PM2.5,
90227,CALGARY CENTRAL,Silicon,2006-03-12T00:00,0.021,µg/m³,PM2.5,
90227,CALGARY CENTRAL,Silicon,2006-03-18T00:00,0.062,µg/m³,PM2.5,
90227,CALGARY CENTRAL,Silicon,2006-03-24T00:00,0.127,µg/m³,PM2.5,
90227,CALGARY CENTRAL,Silicon,2006-03-30T00:00,0.200,µg/m³,PM2.5,
90227,CALGARY CENTRAL,Silicon,2006-04-05T00:00,0.121,µg/m³,PM2.5,
90227,CALGARY CENTRAL,Silicon,2006-04-17T00:00,0.151,µg/m³,PM2.5,
90227,CALGARY CENTRAL,Silicon,2006-04-23T00:00,0.086,µg/m³,PM2.5,
90227,CALGARY CENTRAL,Silicon,2006-04-29T00:00,0.267,µg/m³,PM2.5,
90227,CALGARY CENTRAL,Silicon,2006-05-05T00:00,0.255,µg/m³,PM2.5,
90227,CALGARY CENTRAL,Silicon,2006-05-11T00:00,0.395,µg/m³,PM2.5,
90227,CALGARY CENTRAL,Silicon,2006-05-17T00:00,0.442,µg/m³,PM2.5,
90227,CALGARY CENTRAL,Silicon,2006-05-23T00:00,0.127,µg/m³,PM2.5,
90227,CALGARY CENTRAL,Silicon,2006-05-29T00:00,0.117,µg/m³,PM2.5,
90227,CALGARY CENTRAL,Silicon,2006-06-10T00:00,0.039,µg/m³,PM2.5,
90227,CALGARY CENTRAL,Silicon,2006-06-16T00:00,0.076,µg/m³,PM2.5,
90227,CALGARY CENTRAL,Silicon,2006-06-22T00:00,0.089,µg/m³,PM2.5,
90227,CALGARY CENTRAL,Silicon,2006-06-28T00:00,0.486,µg/m³,PM2.5,
90227,CALGARY CENTRAL,Silicon,2006-07-04T00:00,0.258,µg/m³,PM2.5,
90227,CALGARY CENTRAL,Silicon,2006-07-10T00:00,0.056,µg/m³,PM2.5,
90227,CALGARY CENTRAL,Silicon,2006-07-16T00:00,0.083,µg/m³,PM2.5,
90227,CALGARY CENTRAL,Silicon,2006-07-22T00:00,0.408,µg/m³,PM2.5,
90227,CALGARY CENTRAL,Silicon,2006-07-28T00:00,0.159,µg/m³,PM2.5,
90227,CALGARY CENTRAL,Silicon,2006-08-03T00:00,0.143,µg/m³,PM2.5,
90227,CALGARY CENTRAL,Silicon,2006-08-09T00:00,0.170,µg/m³,PM2.5,
90227,CALGARY CENTRAL,Silicon,2006-08-15T00:00,0.127,µg/m³,PM2.5,
90227,CALGARY CENTRAL,Silicon,2006-08-27T00:00,0.169,µg/m³,PM2.5,
90227,CALGARY CENTRAL,Silicon,2006-09-02T00:00,0.142,µg/m³,PM2.5,
90227,CALGARY CENTRAL,Silicon,2006-09-08T00:00,0.737,µg/m³,PM2.5,
90227,CALGARY CENTRAL,Silicon,2006-09-14T00:00,0.062,µg/m³,PM2.5,
90227,CALGARY CENTRAL,Silicon,2006-09-20T00:00,0.059,µg/m³,PM2.5,
90227,CALGARY CENTRAL,Silicon,2006-09-26T00:00,0.048,µg/m³,PM2.5,
90227,CALGARY CENTRAL,Silicon,2006-10-08T00:00,0.041,µg/m³,PM2.5,
90227,CALGARY CENTRAL,Silicon,2006-10-14T00:00,0.175,µg/m³,PM2.5,
