﻿NAPS_Site_ID,Station_Name,Pollutant,Date,Value,Units,Report_Type,Method
60904,LONDON,2-Methylhexane,2020-01-04T00:00,0.070,µg/m³,VOC,GC-MS
60904,LONDON,2-Methylhexane,2020-01-10T00:00,0.084,µg/m³,VOC,GC-MS
60904,LONDON,2-Methylhexane,2020-01-16T00:00,0.070,µg/m³,VOC,GC-MS
60904,LONDON,2-Methylhexane,2020-01-22T00:00,0.101,µg/m³,VOC,GC-MS
60904,LONDON,2-Methylhexane,2020-01-28T00:00,0.062,µg/m³,VOC,GC-MS
60904,LONDON,2-Methylhexane,2020-02-03T00:00,0.121,µg/m³,VOC,GC-MS
60904,LONDON,2-Methylhexane,2020-02-15T00:00,0.066,µg/m³,VOC,GC-MS
60904,LONDON,2-Methylhexane,2020-02-21T00:00,0.081,µg/m³,VOC,GC-MS
60904,LONDON,2-Methylhexane,2020-02-27T00:00,0.027,µg/m³,VOC,GC-MS
