﻿NAPS_Site_ID,Station_Name,Pollutant,Date,Value,Units,Report_Type,Method
30118,VOGUE BUILDING,cis-2-Pentene,2003-01-03T00:00,0.133,µg/m³,VOC,N/A
30118,VOGUE BUILDING,cis-2-Pentene,2003-01-09T00:00,0.055,µg/m³,VOC,N/A
30118,VOGUE BUILDING,cis-2-Pentene,2003-01-21T00:00,0.023,µg/m³,VOC,N/A
30118,VOGUE BUILDING,cis-2-Pentene,2003-01-27T00:00,0.110,µg/m³,VOC,N/A
30118,VOGUE BUILDING,cis-2-Pentene,2003-02-02T00:00,0.094,µg/m³,VOC,N/A
30118,VOGUE BUILDING,cis-2-Pentene,2003-02-08T00:00,0.049,µg/m³,VOC,N/A
30118,VOGUE BUILDING,cis-2-Pentene,2003-02-14T00:00,0.087,µg/m³,VOC,N/A
30118,VOGUE BUILDING,cis-2-Pentene,2003-02-20T00:00,0.079,µg/m³,VOC,N/A
30118,VOGUE BUILDING,cis-2-Pentene,2003-02-26T00:00,0.059,µg/m³,VOC,N/A
30118,VOGUE BUILDING,cis-2-Pentene,2003-03-04T00:00,0.044,µg/m³,VOC,N/A
30118,VOGUE BUILDING,cis-2-Pentene,2003-03-10T00:00,0.038,µg/m³,VOC,N/A
30118,VOGUE BUILDING,cis-2-Pentene,2003-03-28T00:00,0.328,µg/m³,VOC,N/A
30118,VOGUE BUILDING,cis-2-Pentene,2003-04-03T00:00,0.136,µg/m³,VOC,N/A
30118,VOGUE BUILDING,cis-2-Pentene,2003-04-09T00:00,0.182,µg/m³,VOC,N/A
30118,VOGUE BUILDING,cis-2-Pentene,2003-04-15T00:00,0.140,µg/m³,VOC,N/A
30118,VOGUE BUILDING,cis-2-Pentene,2003-04-21T00:00,0.127,µg/m³,VOC,N/A
30118,VOGUE BUILDING,cis-2-Pentene,2003-04-27T00:00,0.265,µg/m³,VOC,N/A
30118,VOGUE BUILDING,cis-2-Pentene,2003-05-03T00:00,0.107,µg/m³,VOC,N/A
30118,VOGUE BUILDING,cis-2-Pentene,2003-05-09T00:00,0.071,µg/m³,VOC,N/A
30118,VOGUE BUILDING,cis-2-Pentene,2003-05-15T00:00,0.071,µg/m³,VOC,N/A
30118,VOGUE BUILDING,cis-2-Pentene,2003-05-21T00:00,0.110,µg/m³,VOC,N/A
30118,VOGUE BUILDING,cis-2-Pentene,2003-05-27T00:00,0.183,µg/m³,VOC,N/A
30118,VOGUE BUILDING,cis-2-Pentene,2003-06-20T00:00,0.428,µg/m³,VOC,N/A
30118,VOGUE BUILDING,cis-2-Pentene,2003-06-26T00:00,0.259,µg/m³,VOC,N/A
30118,VOGUE BUILDING,cis-2-Pentene,2003-07-08T00:00,0.260,µg/m³,VOC,N/A
30118,VOGUE BUILDING,cis-2-Pentene,2003-07-14T00:00,0.140,µg/m³,VOC,N/A
30118,VOGUE BUILDING,cis-2-Pentene,2003-07-20T00:00,0.232,µg/m³,VOC,N/A
30118,VOGUE BUILDING,cis-2-Pentene,2003-07-26T00:00,0.149,µg/m³,VOC,N/A
30118,VOGUE BUILDING,cis-2-Pentene,2003-08-01T00:00,0.284,µg/m³,VOC,N/A
30118,VOGUE BUILDING,cis-2-Pentene,2003-08-07T00:00,0.647,µg/m³,VOC,N/A
30118,VOGUE BUILDING,cis-2-Pentene,2003-08-13T00:00,0.242,µg/m³,VOC,N/A
30118,VOGUE BUILDING,cis-2-Pentene,2003-08-19T00:00,0.158,µg/m³,VOC,N/A
30118,VOGUE BUILDING,cis-2-Pentene,2003-08-25T00:00,0.090,µg/m³,VOC,N/A
30118,VOGUE BUILDING,cis-2-Pentene,2003-08-31T00:00,0.085,µg/m³,VOC,N/A
30118,VOGUE BUILDING,cis-2-Pentene,2003-09-06T00:00,0.181,µg/m³,VOC,N/A
30118,VOGUE BUILDING,cis-2-Pentene,2003-09-12T00:00,0.195,µg/m³,VOC,N/A
30118,VOGUE BUILDING,cis-2-Pentene,2003-09-18T00:00,0.269,µg/m³,VOC,N/A
30118,VOGUE BUILDING,cis-2-Pentene,2003-09-24T00:00,0.096,µg/m³,VOC,N/A
30118,VOGUE BUILDING,cis-2-Pentene,2003-10-06T00:00,0.084,µg/m³,VOC,N/A
30118,VOGUE BUILDING,cis-2-Pentene,2003-10-24T00:00,0.066,µg/m³,VOC,N/A
30118,VOGUE BUILDING,cis-2-Pentene,2003-10-30T00:00,0.060,µg/m³,VOC,N/A
30118,VOGUE BUILDING,cis-2-Pentene,2003-11-05T00:00,0.149,µg/m³,VOC,N/A
30118,VOGUE BUILDING,cis-2-Pentene,2003-11-11T00:00,0.091,µg/m³,VOC,N/A
30118,VOGUE BUILDING,cis-2-Pentene,2003-11-17T00:00,0.275,µg/m³,VOC,N/A
30118,VOGUE BUILDING,cis-2-Pentene,2003-11-23T00:00,0.040,µg/m³,VOC,N/A
30118,VOGUE BUILDING,cis-2-Pentene,2003-12-05T00:00,0.066,µg/m³,VOC,N/A
30118,VOGUE BUILDING,cis-2-Pentene,2003-12-11T00:00,0.288,µg/m³,VOC,N/A
30118,VOGUE BUILDING,cis-2-Pentene,2003-12-17T00:00,0.057,µg/m³,VOC,N/A
