﻿NAPS_Site_ID,Station_Name,Pollutant,Date,Value,Units,Report_Type,Method
40103,FREDERICTON-ABERDEEN,Chromium,2003-01-21T00:00,0.003,µg/m³,PM2.5,ED-XRF
40103,FREDERICTON-ABERDEEN,Chromium,2003-01-27T00:00,0.003,µg/m³,PM2.5,ED-XRF
40103,FREDERICTON-ABERDEEN,Chromium,2003-03-16T00:00,0.000,µg/m³,PM2.5,ED-XRF
40103,FREDERICTON-ABERDEEN,Chromium,2003-04-15T00:00,0.000,µg/m³,PM2.5,ED-XRF
40103,FREDERICTON-ABERDEEN,Chromium,2003-04-21T00:00,0.000,µg/m³,PM2.5,ED-XRF
40103,FREDERICTON-ABERDEEN,Chromium,2003-04-27T00:00,0.006,µg/m³,PM2.5,ED-XRF
40103,FREDERICTON-ABERDEEN,Chromium,2003-05-03T00:00,0.002,µg/m³,PM2.5,ED-XRF
40103,FREDERICTON-ABERDEEN,Chromium,2003-05-21T00:00,0.004,µg/m³,PM2.5,ED-XRF
40103,FREDERICTON-ABERDEEN,Chromium,2003-05-27T00:00,0.005,µg/m³,PM2.5,ED-XRF
40103,FREDERICTON-ABERDEEN,Chromium,2003-06-02T00:00,0.000,µg/m³,PM2.5,ED-XRF
40103,FREDERICTON-ABERDEEN,Chromium,2003-06-08T00:00,0.004,µg/m³,PM2.5,ED-XRF
40103,FREDERICTON-ABERDEEN,Chromium,2003-06-14T00:00,0.000,µg/m³,PM2.5,ED-XRF
40103,FREDERICTON-ABERDEEN,Chromium,2003-06-20T00:00,0.000,µg/m³,PM2.5,ED-XRF
40103,FREDERICTON-ABERDEEN,Chromium,2003-06-26T00:00,0.000,µg/m³,PM2.5,ED-XRF
40103,FREDERICTON-ABERDEEN,Chromium,2003-07-02T00:00,0.000,µg/m³,PM2.5,ED-XRF
40103,FREDERICTON-ABERDEEN,Chromium,2003-07-08T00:00,0.000,µg/m³,PM2.5,ED-XRF
40103,FREDERICTON-ABERDEEN,Chromium,2003-07-14T00:00,0.000,µg/m³,PM2.5,ED-XRF
40103,FREDERICTON-ABERDEEN,Chromium,2003-07-20T00:00,0.008,µg/m³,PM2.5,ED-XRF
40103,FREDERICTON-ABERDEEN,Chromium,2003-07-26T00:00,0.000,µg/m³,PM2.5,ED-XRF
40103,FREDERICTON-ABERDEEN,Chromium,2003-08-01T00:00,0.000,µg/m³,PM2.5,ED-XRF
40103,FREDERICTON-ABERDEEN,Chromium,2003-08-07T00:00,0.003,µg/m³,PM2.5,ED-XRF
40103,FREDERICTON-ABERDEEN,Chromium,2003-08-13T00:00,0.000,µg/m³,PM2.5,ED-XRF
40103,FREDERICTON-ABERDEEN,Chromium,2003-08-19T00:00,0.000,µg/m³,PM2.5,ED-XRF
40103,FREDERICTON-ABERDEEN,Chromium,2003-08-25T00:00,0.000,µg/m³,PM2.5,ED-XRF
40103,FREDERICTON-ABERDEEN,Chromium,2003-08-31T00:00,0.000,µg/m³,PM2.5,ED-XRF
40103,FREDERICTON-ABERDEEN,Chromium,2003-09-06T00:00,0.000,µg/m³,PM2.5,ED-XRF
40103,FREDERICTON-ABERDEEN,Chromium,2003-09-12T00:00,0.000,µg/m³,PM2.5,ED-XRF
40103,FREDERICTON-ABERDEEN,Chromium,2003-09-18T00:00,0.000,µg/m³,PM2.5,ED-XRF
40103,FREDERICTON-ABERDEEN,Chromium,2003-09-24T00:00,0.005,µg/m³,PM2.5,ED-XRF
40103,FREDERICTON-ABERDEEN,Chromium,2003-09-30T00:00,0.000,µg/m³,PM2.5,ED-XRF
40103,FREDERICTON-ABERDEEN,Chromium,2003-10-06T00:00,0.000,µg/m³,PM2.5,ED-XRF
40103,FREDERICTON-ABERDEEN,Chromium,2003-10-12T00:00,0.008,µg/m³,PM2.5,ED-XRF
40103,FREDERICTON-ABERDEEN,Chromium,2003-10-24T00:00,0.000,µg/m³,PM2.5,ED-XRF
40103,FREDERICTON-ABERDEEN,Chromium,2003-10-30T00:00,0.000,µg/m³,PM2.5,ED-XRF
40103,FREDERICTON-ABERDEEN,Chromium,2003-11-05T00:00,0.000,µg/m³,PM2.5,ED-XRF
40103,FREDERICTON-ABERDEEN,Chromium,2003-11-11T00:00,0.000,µg/m³,PM2.5,ED-XRF
40103,FREDERICTON-ABERDEEN,Chromium,2003-11-17T00:00,0.000,µg/m³,PM2.5,ED-XRF
40103,FREDERICTON-ABERDEEN,Chromium,2003-11-29T00:00,0.000,µg/m³,PM2.5,ED-XRF
40103,FREDERICTON-ABERDEEN,Chromium,2003-12-05T00:00,0.007,µg/m³,PM2.5,ED-XRF
40103,FREDERICTON-ABERDEEN,Chromium,2003-12-11T00:00,0.000,µg/m³,PM2.5,ED-XRF
40103,FREDERICTON-ABERDEEN,Chromium,2003-12-17T00:00,0.003,µg/m³,PM2.5,ED-XRF
40103,FREDERICTON-ABERDEEN,Chromium,2003-12-23T00:00,0.000,µg/m³,PM2.5,ED-XRF
