﻿NAPS_Site_ID,Station_Name,Pollutant,Date,Value,Units,Report_Type,Method
50124,MONTRÉAL-CHATEAUNEUF-ANJOU,PM2.5-10,2013-01-10T00:00,10.227,µg/m³,PM2.5-10,Microbalance
50124,MONTRÉAL-CHATEAUNEUF-ANJOU,PM2.5-10,2013-01-16T00:00,14.306,µg/m³,PM2.5-10,Microbalance
50124,MONTRÉAL-CHATEAUNEUF-ANJOU,PM2.5-10,2013-01-28T00:00,21.384,µg/m³,PM2.5-10,Microbalance
50124,MONTRÉAL-CHATEAUNEUF-ANJOU,PM2.5-10,2013-02-03T00:00,7.551,µg/m³,PM2.5-10,Microbalance
50124,MONTRÉAL-CHATEAUNEUF-ANJOU,PM2.5-10,2013-02-15T00:00,12.630,µg/m³,PM2.5-10,Microbalance
50124,MONTRÉAL-CHATEAUNEUF-ANJOU,PM2.5-10,2013-02-27T00:00,2.551,µg/m³,PM2.5-10,Microbalance
50124,MONTRÉAL-CHATEAUNEUF-ANJOU,PM2.5-10,2013-03-05T00:00,9.319,µg/m³,PM2.5-10,Microbalance
50124,MONTRÉAL-CHATEAUNEUF-ANJOU,PM2.5-10,2013-03-11T00:00,22.778,µg/m³,PM2.5-10,Microbalance
50124,MONTRÉAL-CHATEAUNEUF-ANJOU,PM2.5-10,2013-03-17T00:00,17.606,µg/m³,PM2.5-10,Microbalance
50124,MONTRÉAL-CHATEAUNEUF-ANJOU,PM2.5-10,2013-03-23T00:00,17.560,µg/m³,PM2.5-10,Microbalance
50124,MONTRÉAL-CHATEAUNEUF-ANJOU,PM2.5-10,2013-03-29T00:00,13.736,µg/m³,PM2.5-10,Microbalance
50124,MONTRÉAL-CHATEAUNEUF-ANJOU,PM2.5-10,2013-04-04T00:00,16.468,µg/m³,PM2.5-10,Microbalance
50124,MONTRÉAL-CHATEAUNEUF-ANJOU,PM2.5-10,2013-04-10T00:00,11.019,µg/m³,PM2.5-10,Microbalance
50124,MONTRÉAL-CHATEAUNEUF-ANJOU,PM2.5-10,2013-04-16T00:00,8.829,µg/m³,PM2.5-10,Microbalance
50124,MONTRÉAL-CHATEAUNEUF-ANJOU,PM2.5-10,2013-04-22T00:00,10.352,µg/m³,PM2.5-10,Microbalance
50124,MONTRÉAL-CHATEAUNEUF-ANJOU,PM2.5-10,2013-04-28T00:00,11.435,µg/m³,PM2.5-10,Microbalance
50124,MONTRÉAL-CHATEAUNEUF-ANJOU,PM2.5-10,2013-05-04T00:00,15.157,µg/m³,PM2.5-10,Microbalance
50124,MONTRÉAL-CHATEAUNEUF-ANJOU,PM2.5-10,2013-05-10T00:00,10.208,µg/m³,PM2.5-10,Microbalance
50124,MONTRÉAL-CHATEAUNEUF-ANJOU,PM2.5-10,2013-05-16T00:00,14.565,µg/m³,PM2.5-10,Microbalance
50124,MONTRÉAL-CHATEAUNEUF-ANJOU,PM2.5-10,2013-05-22T00:00,16.005,µg/m³,PM2.5-10,Microbalance
50124,MONTRÉAL-CHATEAUNEUF-ANJOU,PM2.5-10,2013-05-28T00:00,15.375,µg/m³,PM2.5-10,Microbalance
50124,MONTRÉAL-CHATEAUNEUF-ANJOU,PM2.5-10,2013-06-03T00:00,9.815,µg/m³,PM2.5-10,Microbalance
50124,MONTRÉAL-CHATEAUNEUF-ANJOU,PM2.5-10,2013-06-09T00:00,5.977,µg/m³,PM2.5-10,Microbalance
50124,MONTRÉAL-CHATEAUNEUF-ANJOU,PM2.5-10,2013-06-15T00:00,8.046,µg/m³,PM2.5-10,Microbalance
50124,MONTRÉAL-CHATEAUNEUF-ANJOU,PM2.5-10,2013-06-21T00:00,11.579,µg/m³,PM2.5-10,Microbalance
50124,MONTRÉAL-CHATEAUNEUF-ANJOU,PM2.5-10,2013-06-27T00:00,17.407,µg/m³,PM2.5-10,Microbalance
50124,MONTRÉAL-CHATEAUNEUF-ANJOU,PM2.5-10,2013-07-03T00:00,18.745,µg/m³,PM2.5-10,Microbalance
50124,MONTRÉAL-CHATEAUNEUF-ANJOU,PM2.5-10,2013-07-09T00:00,18.421,µg/m³,PM2.5-10,Microbalance
50124,MONTRÉAL-CHATEAUNEUF-ANJOU,PM2.5-10,2013-07-15T00:00,14.778,µg/m³,PM2.5-10,Microbalance
50124,MONTRÉAL-CHATEAUNEUF-ANJOU,PM2.5-10,2013-07-21T00:00,2.699,µg/m³,PM2.5-10,Microbalance
50124,MONTRÉAL-CHATEAUNEUF-ANJOU,PM2.5-10,2013-08-02T00:00,6.602,µg/m³,PM2.5-10,Microbalance
50124,MONTRÉAL-CHATEAUNEUF-ANJOU,PM2.5-10,2013-08-08T00:00,7.917,µg/m³,PM2.5-10,Microbalance
50124,MONTRÉAL-CHATEAUNEUF-ANJOU,PM2.5-10,2013-08-14T00:00,4.968,µg/m³,PM2.5-10,Microbalance
50124,MONTRÉAL-CHATEAUNEUF-ANJOU,PM2.5-10,2013-08-20T00:00,15.069,µg/m³,PM2.5-10,Microbalance
50124,MONTRÉAL-CHATEAUNEUF-ANJOU,PM2.5-10,2013-08-26T00:00,10.583,µg/m³,PM2.5-10,Microbalance
50124,MONTRÉAL-CHATEAUNEUF-ANJOU,PM2.5-10,2013-09-01T00:00,8.565,µg/m³,PM2.5-10,Microbalance
50124,MONTRÉAL-CHATEAUNEUF-ANJOU,PM2.5-10,2013-09-07T00:00,6.606,µg/m³,PM2.5-10,Microbalance
50124,MONTRÉAL-CHATEAUNEUF-ANJOU,PM2.5-10,2013-09-13T00:00,5.069,µg/m³,PM2.5-10,Microbalance
50124,MONTRÉAL-CHATEAUNEUF-ANJOU,PM2.5-10,2013-09-19T00:00,12.750,µg/m³,PM2.5-10,Microbalance
50124,MONTRÉAL-CHATEAUNEUF-ANJOU,PM2.5-10,2013-09-25T00:00,11.977,µg/m³,PM2.5-10,Microbalance
50124,MONTRÉAL-CHATEAUNEUF-ANJOU,PM2.5-10,2013-10-01T00:00,19.708,µg/m³,PM2.5-10,Microbalance
50124,MONTRÉAL-CHATEAUNEUF-ANJOU,PM2.5-10,2013-10-07T00:00,5.301,µg/m³,PM2.5-10,Microbalance
50124,MONTRÉAL-CHATEAUNEUF-ANJOU,PM2.5-10,2013-10-13T00:00,7.398,µg/m³,PM2.5-10,Microbalance
50124,MONTRÉAL-CHATEAUNEUF-ANJOU,PM2.5-10,2013-10-19T00:00,7.625,µg/m³,PM2.5-10,Microbalance
50124,MONTRÉAL-CHATEAUNEUF-ANJOU,PM2.5-10,2013-10-25T00:00,4.380,µg/m³,PM2.5-10,Microbalance
50124,MONTRÉAL-CHATEAUNEUF-ANJOU,PM2.5-10,2013-10-31T00:00,5.528,µg/m³,PM2.5-10,Microbalance
50124,MONTRÉAL-CHATEAUNEUF-ANJOU,PM2.5-10,2013-11-18T00:00,3.366,µg/m³,PM2.5-10,Microbalance
50124,MONTRÉAL-CHATEAUNEUF-ANJOU,PM2.5-10,2013-11-24T00:00,5.333,µg/m³,PM2.5-10,Microbalance
50124,MONTRÉAL-CHATEAUNEUF-ANJOU,PM2.5-10,2013-11-30T00:00,9.509,µg/m³,PM2.5-10,Microbalance
50124,MONTRÉAL-CHATEAUNEUF-ANJOU,PM2.5-10,2013-12-06T00:00,7.074,µg/m³,PM2.5-10,Microbalance
50124,MONTRÉAL-CHATEAUNEUF-ANJOU,PM2.5-10,2013-12-12T00:00,28.866,µg/m³,PM2.5-10,Microbalance
50124,MONTRÉAL-CHATEAUNEUF-ANJOU,PM2.5-10,2013-12-18T00:00,4.421,µg/m³,PM2.5-10,Microbalance
50124,MONTRÉAL-CHATEAUNEUF-ANJOU,PM2.5-10,2013-12-24T00:00,1.602,µg/m³,PM2.5-10,Microbalance
50124,MONTRÉAL-CHATEAUNEUF-ANJOU,PM2.5-10,2013-12-30T00:00,16.287,µg/m³,PM2.5-10,Microbalance
