﻿NAPS_Site_ID,Station_Name,Pollutant,Date,Value,Units,Report_Type,Method
90227,CALGARY CENTRAL,Benzene,1994-01-02T00:00,7.491,µg/m³,VOC,GC-MS
90227,CALGARY CENTRAL,Benzene,1994-01-08T00:00,6.345,µg/m³,VOC,GC-MS
90227,CALGARY CENTRAL,Benzene,1994-01-14T00:00,3.402,µg/m³,VOC,GC-MS
90227,CALGARY CENTRAL,Benzene,1994-01-20T00:00,7.346,µg/m³,VOC,GC-MS
90227,CALGARY CENTRAL,Benzene,1994-01-26T00:00,4.684,µg/m³,VOC,GC-MS
90227,CALGARY CENTRAL,Benzene,1994-02-01T00:00,2.329,µg/m³,VOC,GC-MS
90227,CALGARY CENTRAL,Benzene,1994-02-07T00:00,4.945,µg/m³,VOC,GC-MS
90227,CALGARY CENTRAL,Benzene,1994-02-13T00:00,1.364,µg/m³,VOC,GC-MS
90227,CALGARY CENTRAL,Benzene,1994-02-19T00:00,2.496,µg/m³,VOC,GC-MS
90227,CALGARY CENTRAL,Benzene,1994-02-25T00:00,2.996,µg/m³,VOC,GC-MS
90227,CALGARY CENTRAL,Benzene,1994-03-03T00:00,4.314,µg/m³,VOC,GC-MS
90227,CALGARY CENTRAL,Benzene,1994-03-09T00:00,3.988,µg/m³,VOC,GC-MS
90227,CALGARY CENTRAL,Benzene,1994-03-15T00:00,5.683,µg/m³,VOC,GC-MS
90227,CALGARY CENTRAL,Benzene,1994-03-21T00:00,3.766,µg/m³,VOC,GC-MS
90227,CALGARY CENTRAL,Benzene,1994-03-27T00:00,2.220,µg/m³,VOC,GC-MS
90227,CALGARY CENTRAL,Benzene,1994-04-02T00:00,1.655,µg/m³,VOC,GC-MS
90227,CALGARY CENTRAL,Benzene,1994-04-08T00:00,3.375,µg/m³,VOC,GC-MS
90227,CALGARY CENTRAL,Benzene,1994-04-14T00:00,2.064,µg/m³,VOC,GC-MS
90227,CALGARY CENTRAL,Benzene,1994-04-20T00:00,2.539,µg/m³,VOC,GC-MS
90227,CALGARY CENTRAL,Benzene,1994-04-26T00:00,1.949,µg/m³,VOC,GC-MS
90227,CALGARY CENTRAL,Benzene,1994-05-14T00:00,1.392,µg/m³,VOC,GC-MS
90227,CALGARY CENTRAL,Benzene,1994-05-20T00:00,3.898,µg/m³,VOC,GC-MS
90227,CALGARY CENTRAL,Benzene,1994-05-26T00:00,2.840,µg/m³,VOC,GC-MS
90227,CALGARY CENTRAL,Benzene,1994-06-01T00:00,3.839,µg/m³,VOC,GC-MS
90227,CALGARY CENTRAL,Benzene,1994-06-07T00:00,3.407,µg/m³,VOC,GC-MS
90227,CALGARY CENTRAL,Benzene,1994-06-13T00:00,2.175,µg/m³,VOC,GC-MS
90227,CALGARY CENTRAL,Benzene,1994-06-19T00:00,1.129,µg/m³,VOC,GC-MS
90227,CALGARY CENTRAL,Benzene,1994-06-25T00:00,1.598,µg/m³,VOC,GC-MS
90227,CALGARY CENTRAL,Benzene,1994-07-01T00:00,1.416,µg/m³,VOC,GC-MS
90227,CALGARY CENTRAL,Benzene,1994-07-07T00:00,2.694,µg/m³,VOC,GC-MS
90227,CALGARY CENTRAL,Benzene,1994-07-13T00:00,2.480,µg/m³,VOC,GC-MS
90227,CALGARY CENTRAL,Benzene,1994-07-19T00:00,2.672,µg/m³,VOC,GC-MS
90227,CALGARY CENTRAL,Benzene,1994-07-25T00:00,2.579,µg/m³,VOC,GC-MS
90227,CALGARY CENTRAL,Benzene,1994-07-31T00:00,1.584,µg/m³,VOC,GC-MS
90227,CALGARY CENTRAL,Benzene,1994-08-06T00:00,1.586,µg/m³,VOC,GC-MS
90227,CALGARY CENTRAL,Benzene,1994-08-12T00:00,3.116,µg/m³,VOC,GC-MS
90227,CALGARY CENTRAL,Benzene,1994-08-18T00:00,3.340,µg/m³,VOC,GC-MS
90227,CALGARY CENTRAL,Benzene,1994-08-24T00:00,2.108,µg/m³,VOC,GC-MS
90227,CALGARY CENTRAL,Benzene,1994-08-30T00:00,2.080,µg/m³,VOC,GC-MS
90227,CALGARY CENTRAL,Benzene,1994-09-05T00:00,2.638,µg/m³,VOC,GC-MS
90227,CALGARY CENTRAL,Benzene,1994-09-11T00:00,2.162,µg/m³,VOC,GC-MS
90227,CALGARY CENTRAL,Benzene,1994-09-17T00:00,3.587,µg/m³,VOC,GC-MS
90227,CALGARY CENTRAL,Benzene,1994-09-23T00:00,4.364,µg/m³,VOC,GC-MS
90227,CALGARY CENTRAL,Benzene,1994-09-29T00:00,2.909,µg/m³,VOC,GC-MS
90227,CALGARY CENTRAL,Benzene,1994-10-05T00:00,2.978,µg/m³,VOC,GC-MS
90227,CALGARY CENTRAL,Benzene,1994-10-11T00:00,3.188,µg/m³,VOC,GC-MS
90227,CALGARY CENTRAL,Benzene,1994-10-17T00:00,2.921,µg/m³,VOC,GC-MS
90227,CALGARY CENTRAL,Benzene,1994-10-23T00:00,1.887,µg/m³,VOC,GC-MS
90227,CALGARY CENTRAL,Benzene,1994-10-29T00:00,1.795,µg/m³,VOC,GC-MS
90227,CALGARY CENTRAL,Benzene,1994-11-04T00:00,3.740,µg/m³,VOC,GC-MS
90227,CALGARY CENTRAL,Benzene,1994-11-16T00:00,3.528,µg/m³,VOC,GC-MS
90227,CALGARY CENTRAL,Benzene,1994-11-22T00:00,3.675,µg/m³,VOC,GC-MS
90227,CALGARY CENTRAL,Benzene,1994-11-28T00:00,3.070,µg/m³,VOC,GC-MS
90227,CALGARY CENTRAL,Benzene,1994-12-04T00:00,3.029,µg/m³,VOC,GC-MS
90227,CALGARY CENTRAL,Benzene,1994-12-10T00:00,7.026,µg/m³,VOC,GC-MS
90227,CALGARY CENTRAL,Benzene,1994-12-16T00:00,6.673,µg/m³,VOC,GC-MS
90227,CALGARY CENTRAL,Benzene,1994-12-22T00:00,2.452,µg/m³,VOC,GC-MS
90227,CALGARY CENTRAL,Benzene,1994-12-28T00:00,2.437,µg/m³,VOC,GC-MS
