﻿NAPS_Site_ID,Station_Name,Pollutant,Date,Value,Units,Report_Type,Method
129003,YELLOWKNIFE,Lead,2013-10-31T00:00,0.000,µg/m³,PM2.5,ED-XRF
129003,YELLOWKNIFE,Lead,2013-11-06T00:00,0.000,µg/m³,PM2.5,ED-XRF
129003,YELLOWKNIFE,Lead,2013-11-12T00:00,0.000,µg/m³,PM2.5,ED-XRF
129003,YELLOWKNIFE,Lead,2013-11-18T00:00,0.003,µg/m³,PM2.5,ED-XRF
129003,YELLOWKNIFE,Lead,2013-11-30T00:00,0.000,µg/m³,PM2.5,ED-XRF
129003,YELLOWKNIFE,Lead,2013-12-06T00:00,0.000,µg/m³,PM2.5,ED-XRF
129003,YELLOWKNIFE,Lead,2013-12-12T00:00,0.000,µg/m³,PM2.5,ED-XRF
129003,YELLOWKNIFE,Lead,2013-12-18T00:00,0.000,µg/m³,PM2.5,ED-XRF
129003,YELLOWKNIFE,Lead,2013-12-24T00:00,0.002,µg/m³,PM2.5,ED-XRF
129003,YELLOWKNIFE,Lead,2013-10-31T00:00,0.000,µg/m³,PM2.5-10,ED-XRF
129003,YELLOWKNIFE,Lead,2013-11-06T00:00,0.000,µg/m³,PM2.5-10,ED-XRF
129003,YELLOWKNIFE,Lead,2013-11-12T00:00,0.000,µg/m³,PM2.5-10,ED-XRF
129003,YELLOWKNIFE,Lead,2013-11-18T00:00,0.000,µg/m³,PM2.5-10,ED-XRF
129003,YELLOWKNIFE,Lead,2013-11-30T00:00,0.000,µg/m³,PM2.5-10,ED-XRF
129003,YELLOWKNIFE,Lead,2013-12-06T00:00,0.000,µg/m³,PM2.5-10,ED-XRF
129003,YELLOWKNIFE,Lead,2013-12-12T00:00,0.000,µg/m³,PM2.5-10,ED-XRF
129003,YELLOWKNIFE,Lead,2013-12-18T00:00,0.000,µg/m³,PM2.5-10,ED-XRF
129003,YELLOWKNIFE,Lead,2013-12-24T00:00,0.000,µg/m³,PM2.5-10,ED-XRF
