﻿NAPS_Site_ID,Station_Name,Pollutant,Date,Value,Units,Report_Type,Method
100111,ROCKY POINT PARK,Dodecane,2015-12-31T19:00,0.074,µg/m³,VOC,
100111,ROCKY POINT PARK,Dodecane,2016-01-06T19:00,0.018,µg/m³,VOC,
100111,ROCKY POINT PARK,Dodecane,2016-01-12T19:00,0.030,µg/m³,VOC,
100111,ROCKY POINT PARK,Dodecane,2016-01-18T19:00,0.037,µg/m³,VOC,
100111,ROCKY POINT PARK,Dodecane,2016-01-24T19:00,0.037,µg/m³,VOC,
100111,ROCKY POINT PARK,Dodecane,2016-01-30T19:00,0.033,µg/m³,VOC,
100111,ROCKY POINT PARK,Dodecane,2016-02-05T19:00,0.021,µg/m³,VOC,
100111,ROCKY POINT PARK,Dodecane,2016-02-17T19:00,0.022,µg/m³,VOC,
100111,ROCKY POINT PARK,Dodecane,2016-02-23T19:00,0.100,µg/m³,VOC,
100111,ROCKY POINT PARK,Dodecane,2016-02-29T19:00,0.015,µg/m³,VOC,
100111,ROCKY POINT PARK,Dodecane,2016-03-06T19:00,0.010,µg/m³,VOC,
100111,ROCKY POINT PARK,Dodecane,2016-03-12T19:00,0.008,µg/m³,VOC,
100111,ROCKY POINT PARK,Dodecane,2016-03-18T20:00,0.041,µg/m³,VOC,
100111,ROCKY POINT PARK,Dodecane,2016-03-24T20:00,0.026,µg/m³,VOC,
100111,ROCKY POINT PARK,Dodecane,2016-03-30T20:00,0.079,µg/m³,VOC,
100111,ROCKY POINT PARK,Dodecane,2016-04-05T20:00,0.028,µg/m³,VOC,
100111,ROCKY POINT PARK,Dodecane,2016-04-11T20:00,0.020,µg/m³,VOC,
100111,ROCKY POINT PARK,Dodecane,2016-04-17T20:00,0.184,µg/m³,VOC,
100111,ROCKY POINT PARK,Dodecane,2016-04-23T20:00,0.083,µg/m³,VOC,
100111,ROCKY POINT PARK,Dodecane,2016-04-29T20:00,0.033,µg/m³,VOC,
100111,ROCKY POINT PARK,Dodecane,2016-05-05T20:00,0.090,µg/m³,VOC,
100111,ROCKY POINT PARK,Dodecane,2016-05-11T20:00,0.042,µg/m³,VOC,
100111,ROCKY POINT PARK,Dodecane,2016-05-17T20:00,0.022,µg/m³,VOC,
100111,ROCKY POINT PARK,Dodecane,2016-05-23T20:00,0.016,µg/m³,VOC,
100111,ROCKY POINT PARK,Dodecane,2016-05-29T20:00,0.023,µg/m³,VOC,
100111,ROCKY POINT PARK,Dodecane,2016-06-04T20:00,0.202,µg/m³,VOC,
100111,ROCKY POINT PARK,Dodecane,2016-06-10T20:00,0.041,µg/m³,VOC,
100111,ROCKY POINT PARK,Dodecane,2016-06-16T20:00,0.041,µg/m³,VOC,
100111,ROCKY POINT PARK,Dodecane,2016-06-22T20:00,0.023,µg/m³,VOC,
100111,ROCKY POINT PARK,Dodecane,2016-06-28T20:00,0.045,µg/m³,VOC,
100111,ROCKY POINT PARK,Dodecane,2016-07-04T20:00,0.023,µg/m³,VOC,
100111,ROCKY POINT PARK,Dodecane,2016-07-10T20:00,0.016,µg/m³,VOC,
100111,ROCKY POINT PARK,Dodecane,2016-07-16T20:00,0.062,µg/m³,VOC,
100111,ROCKY POINT PARK,Dodecane,2016-07-22T20:00,0.125,µg/m³,VOC,
100111,ROCKY POINT PARK,Dodecane,2016-07-28T20:00,0.132,µg/m³,VOC,
100111,ROCKY POINT PARK,Dodecane,2016-08-03T20:00,0.029,µg/m³,VOC,
100111,ROCKY POINT PARK,Dodecane,2016-08-09T20:00,0.029,µg/m³,VOC,
100111,ROCKY POINT PARK,Dodecane,2016-08-15T20:00,0.053,µg/m³,VOC,
100111,ROCKY POINT PARK,Dodecane,2016-08-21T20:00,0.034,µg/m³,VOC,
100111,ROCKY POINT PARK,Dodecane,2016-08-27T20:00,0.035,µg/m³,VOC,
100111,ROCKY POINT PARK,Dodecane,2016-09-02T20:00,0.025,µg/m³,VOC,
100111,ROCKY POINT PARK,Dodecane,2016-09-08T20:00,0.023,µg/m³,VOC,
100111,ROCKY POINT PARK,Dodecane,2016-09-14T20:00,0.031,µg/m³,VOC,
100111,ROCKY POINT PARK,Dodecane,2016-09-20T20:00,0.025,µg/m³,VOC,
100111,ROCKY POINT PARK,Dodecane,2016-09-26T20:00,0.044,µg/m³,VOC,
100111,ROCKY POINT PARK,Dodecane,2016-10-02T20:00,0.041,µg/m³,VOC,
100111,ROCKY POINT PARK,Dodecane,2016-10-08T20:00,0.022,µg/m³,VOC,
100111,ROCKY POINT PARK,Dodecane,2016-10-14T20:00,0.152,µg/m³,VOC,
100111,ROCKY POINT PARK,Dodecane,2016-10-20T20:00,0.057,µg/m³,VOC,
100111,ROCKY POINT PARK,Dodecane,2016-10-26T20:00,0.035,µg/m³,VOC,
100111,ROCKY POINT PARK,Dodecane,2016-11-01T20:00,0.342,µg/m³,VOC,
100111,ROCKY POINT PARK,Dodecane,2016-11-07T19:00,0.070,µg/m³,VOC,
100111,ROCKY POINT PARK,Dodecane,2016-11-13T19:00,0.044,µg/m³,VOC,
100111,ROCKY POINT PARK,Dodecane,2016-11-19T19:00,0.022,µg/m³,VOC,
100111,ROCKY POINT PARK,Dodecane,2016-11-25T19:00,0.021,µg/m³,VOC,
100111,ROCKY POINT PARK,Dodecane,2016-12-01T19:00,0.029,µg/m³,VOC,
100111,ROCKY POINT PARK,Dodecane,2016-12-07T19:00,0.051,µg/m³,VOC,
100111,ROCKY POINT PARK,Dodecane,2016-12-13T19:00,0.045,µg/m³,VOC,
100111,ROCKY POINT PARK,Dodecane,2016-12-19T19:00,0.148,µg/m³,VOC,
100111,ROCKY POINT PARK,Dodecane,2016-12-25T19:00,0.044,µg/m³,VOC,
