﻿NAPS_Site_ID,Station_Name,Pollutant,Date,Value,Units,Report_Type,Method
50308,QUÉBEC-VIEUX-LIMOILOU (DES SABLES),Calcium,1997-01-10T00:00,0.000,µg/m³,DICHOT,
50308,QUÉBEC-VIEUX-LIMOILOU (DES SABLES),Calcium,1997-01-10T00:00,0.011,µg/m³,DICHOT,
50308,QUÉBEC-VIEUX-LIMOILOU (DES SABLES),Calcium,1997-01-16T00:00,0.025,µg/m³,DICHOT,
50308,QUÉBEC-VIEUX-LIMOILOU (DES SABLES),Calcium,1997-01-16T00:00,0.074,µg/m³,DICHOT,
50308,QUÉBEC-VIEUX-LIMOILOU (DES SABLES),Calcium,1997-01-22T00:00,0.037,µg/m³,DICHOT,
50308,QUÉBEC-VIEUX-LIMOILOU (DES SABLES),Calcium,1997-01-22T00:00,0.222,µg/m³,DICHOT,
50308,QUÉBEC-VIEUX-LIMOILOU (DES SABLES),Calcium,1997-01-28T00:00,0.010,µg/m³,DICHOT,
50308,QUÉBEC-VIEUX-LIMOILOU (DES SABLES),Calcium,1997-01-28T00:00,0.190,µg/m³,DICHOT,
50308,QUÉBEC-VIEUX-LIMOILOU (DES SABLES),Calcium,1997-02-03T00:00,0.023,µg/m³,DICHOT,
50308,QUÉBEC-VIEUX-LIMOILOU (DES SABLES),Calcium,1997-02-03T00:00,0.117,µg/m³,DICHOT,
50308,QUÉBEC-VIEUX-LIMOILOU (DES SABLES),Calcium,1997-02-09T00:00,0.044,µg/m³,DICHOT,
50308,QUÉBEC-VIEUX-LIMOILOU (DES SABLES),Calcium,1997-02-09T00:00,0.567,µg/m³,DICHOT,
50308,QUÉBEC-VIEUX-LIMOILOU (DES SABLES),Calcium,1997-02-15T00:00,0.014,µg/m³,DICHOT,
50308,QUÉBEC-VIEUX-LIMOILOU (DES SABLES),Calcium,1997-02-15T00:00,0.095,µg/m³,DICHOT,
50308,QUÉBEC-VIEUX-LIMOILOU (DES SABLES),Calcium,1997-02-21T00:00,0.022,µg/m³,DICHOT,
50308,QUÉBEC-VIEUX-LIMOILOU (DES SABLES),Calcium,1997-02-21T00:00,0.085,µg/m³,DICHOT,
50308,QUÉBEC-VIEUX-LIMOILOU (DES SABLES),Calcium,1997-03-17T00:00,0.001,µg/m³,DICHOT,
50308,QUÉBEC-VIEUX-LIMOILOU (DES SABLES),Calcium,1997-03-17T00:00,0.273,µg/m³,DICHOT,
50308,QUÉBEC-VIEUX-LIMOILOU (DES SABLES),Calcium,1997-03-23T00:00,0.048,µg/m³,DICHOT,
50308,QUÉBEC-VIEUX-LIMOILOU (DES SABLES),Calcium,1997-03-23T00:00,0.671,µg/m³,DICHOT,
50308,QUÉBEC-VIEUX-LIMOILOU (DES SABLES),Calcium,1997-03-29T00:00,0.029,µg/m³,DICHOT,
50308,QUÉBEC-VIEUX-LIMOILOU (DES SABLES),Calcium,1997-03-29T00:00,0.164,µg/m³,DICHOT,
50308,QUÉBEC-VIEUX-LIMOILOU (DES SABLES),Calcium,1997-04-04T00:00,0.078,µg/m³,DICHOT,
50308,QUÉBEC-VIEUX-LIMOILOU (DES SABLES),Calcium,1997-04-04T00:00,1.460,µg/m³,DICHOT,
50308,QUÉBEC-VIEUX-LIMOILOU (DES SABLES),Calcium,1997-04-10T00:00,0.097,µg/m³,DICHOT,
50308,QUÉBEC-VIEUX-LIMOILOU (DES SABLES),Calcium,1997-04-10T00:00,1.620,µg/m³,DICHOT,
50308,QUÉBEC-VIEUX-LIMOILOU (DES SABLES),Calcium,1997-04-16T00:00,0.217,µg/m³,DICHOT,
50308,QUÉBEC-VIEUX-LIMOILOU (DES SABLES),Calcium,1997-04-16T00:00,4.000,µg/m³,DICHOT,
50308,QUÉBEC-VIEUX-LIMOILOU (DES SABLES),Calcium,1997-04-22T00:00,0.123,µg/m³,DICHOT,
50308,QUÉBEC-VIEUX-LIMOILOU (DES SABLES),Calcium,1997-04-22T00:00,2.500,µg/m³,DICHOT,
50308,QUÉBEC-VIEUX-LIMOILOU (DES SABLES),Calcium,1997-04-28T00:00,0.028,µg/m³,DICHOT,
50308,QUÉBEC-VIEUX-LIMOILOU (DES SABLES),Calcium,1997-04-28T00:00,0.291,µg/m³,DICHOT,
50308,QUÉBEC-VIEUX-LIMOILOU (DES SABLES),Calcium,1997-05-22T00:00,0.038,µg/m³,DICHOT,
50308,QUÉBEC-VIEUX-LIMOILOU (DES SABLES),Calcium,1997-05-22T00:00,0.285,µg/m³,DICHOT,
50308,QUÉBEC-VIEUX-LIMOILOU (DES SABLES),Calcium,1997-05-28T00:00,0.161,µg/m³,DICHOT,
50308,QUÉBEC-VIEUX-LIMOILOU (DES SABLES),Calcium,1997-05-28T00:00,1.970,µg/m³,DICHOT,
50308,QUÉBEC-VIEUX-LIMOILOU (DES SABLES),Calcium,1997-06-03T00:00,0.080,µg/m³,DICHOT,
50308,QUÉBEC-VIEUX-LIMOILOU (DES SABLES),Calcium,1997-06-03T00:00,1.030,µg/m³,DICHOT,
50308,QUÉBEC-VIEUX-LIMOILOU (DES SABLES),Calcium,1997-06-09T00:00,0.158,µg/m³,DICHOT,
50308,QUÉBEC-VIEUX-LIMOILOU (DES SABLES),Calcium,1997-06-09T00:00,1.720,µg/m³,DICHOT,
50308,QUÉBEC-VIEUX-LIMOILOU (DES SABLES),Calcium,1997-06-15T00:00,0.073,µg/m³,DICHOT,
50308,QUÉBEC-VIEUX-LIMOILOU (DES SABLES),Calcium,1997-06-15T00:00,0.436,µg/m³,DICHOT,
50308,QUÉBEC-VIEUX-LIMOILOU (DES SABLES),Calcium,1997-06-21T00:00,0.077,µg/m³,DICHOT,
50308,QUÉBEC-VIEUX-LIMOILOU (DES SABLES),Calcium,1997-06-21T00:00,0.928,µg/m³,DICHOT,
50308,QUÉBEC-VIEUX-LIMOILOU (DES SABLES),Calcium,1997-06-27T00:00,0.043,µg/m³,DICHOT,
50308,QUÉBEC-VIEUX-LIMOILOU (DES SABLES),Calcium,1997-06-27T00:00,0.898,µg/m³,DICHOT,
50308,QUÉBEC-VIEUX-LIMOILOU (DES SABLES),Calcium,1997-07-03T00:00,0.039,µg/m³,DICHOT,
50308,QUÉBEC-VIEUX-LIMOILOU (DES SABLES),Calcium,1997-07-03T00:00,0.206,µg/m³,DICHOT,
50308,QUÉBEC-VIEUX-LIMOILOU (DES SABLES),Calcium,1997-07-15T00:00,0.074,µg/m³,DICHOT,
50308,QUÉBEC-VIEUX-LIMOILOU (DES SABLES),Calcium,1997-07-15T00:00,0.770,µg/m³,DICHOT,
50308,QUÉBEC-VIEUX-LIMOILOU (DES SABLES),Calcium,1997-07-21T00:00,0.045,µg/m³,DICHOT,
50308,QUÉBEC-VIEUX-LIMOILOU (DES SABLES),Calcium,1997-07-21T00:00,0.677,µg/m³,DICHOT,
50308,QUÉBEC-VIEUX-LIMOILOU (DES SABLES),Calcium,1997-07-27T00:00,0.039,µg/m³,DICHOT,
50308,QUÉBEC-VIEUX-LIMOILOU (DES SABLES),Calcium,1997-07-27T00:00,0.680,µg/m³,DICHOT,
50308,QUÉBEC-VIEUX-LIMOILOU (DES SABLES),Calcium,1997-08-02T00:00,0.042,µg/m³,DICHOT,
50308,QUÉBEC-VIEUX-LIMOILOU (DES SABLES),Calcium,1997-08-02T00:00,0.541,µg/m³,DICHOT,
50308,QUÉBEC-VIEUX-LIMOILOU (DES SABLES),Calcium,1997-08-08T00:00,0.097,µg/m³,DICHOT,
50308,QUÉBEC-VIEUX-LIMOILOU (DES SABLES),Calcium,1997-08-08T00:00,1.330,µg/m³,DICHOT,
50308,QUÉBEC-VIEUX-LIMOILOU (DES SABLES),Calcium,1997-08-14T00:00,0.054,µg/m³,DICHOT,
50308,QUÉBEC-VIEUX-LIMOILOU (DES SABLES),Calcium,1997-08-14T00:00,0.952,µg/m³,DICHOT,
50308,QUÉBEC-VIEUX-LIMOILOU (DES SABLES),Calcium,1997-08-20T00:00,0.087,µg/m³,DICHOT,
50308,QUÉBEC-VIEUX-LIMOILOU (DES SABLES),Calcium,1997-08-20T00:00,1.590,µg/m³,DICHOT,
50308,QUÉBEC-VIEUX-LIMOILOU (DES SABLES),Calcium,1997-08-26T00:00,0.117,µg/m³,DICHOT,
50308,QUÉBEC-VIEUX-LIMOILOU (DES SABLES),Calcium,1997-08-26T00:00,1.610,µg/m³,DICHOT,
50308,QUÉBEC-VIEUX-LIMOILOU (DES SABLES),Calcium,1997-11-30T00:00,0.023,µg/m³,DICHOT,
50308,QUÉBEC-VIEUX-LIMOILOU (DES SABLES),Calcium,1997-11-30T00:00,0.264,µg/m³,DICHOT,
50308,QUÉBEC-VIEUX-LIMOILOU (DES SABLES),Calcium,1997-12-12T00:00,0.051,µg/m³,DICHOT,
50308,QUÉBEC-VIEUX-LIMOILOU (DES SABLES),Calcium,1997-12-12T00:00,0.421,µg/m³,DICHOT,
50308,QUÉBEC-VIEUX-LIMOILOU (DES SABLES),Calcium,1997-12-18T00:00,0.098,µg/m³,DICHOT,
50308,QUÉBEC-VIEUX-LIMOILOU (DES SABLES),Calcium,1997-12-18T00:00,0.820,µg/m³,DICHOT,
50308,QUÉBEC-VIEUX-LIMOILOU (DES SABLES),Calcium,1997-12-24T00:00,0.058,µg/m³,DICHOT,
50308,QUÉBEC-VIEUX-LIMOILOU (DES SABLES),Calcium,1997-12-24T00:00,0.233,µg/m³,DICHOT,
50308,QUÉBEC-VIEUX-LIMOILOU (DES SABLES),Calcium,1997-12-30T00:00,0.033,µg/m³,DICHOT,
50308,QUÉBEC-VIEUX-LIMOILOU (DES SABLES),Calcium,1997-12-30T00:00,0.077,µg/m³,DICHOT,
