﻿NAPS_Site_ID,Station_Name,Pollutant,Date,Value,Units,Report_Type,Method
90121,EDMONTON EAST,Isoprene,2016-12-31T19:00,0.022,µg/m³,VOC,
90121,EDMONTON EAST,Isoprene,2017-01-06T19:00,0.011,µg/m³,VOC,
90121,EDMONTON EAST,Isoprene,2017-01-12T19:00,0.043,µg/m³,VOC,
90121,EDMONTON EAST,Isoprene,2017-01-18T19:00,0.085,µg/m³,VOC,
90121,EDMONTON EAST,Isoprene,2017-01-24T19:00,0.065,µg/m³,VOC,
90121,EDMONTON EAST,Isoprene,2017-01-30T19:00,0.008,µg/m³,VOC,
90121,EDMONTON EAST,Isoprene,2017-02-05T19:00,0.034,µg/m³,VOC,
90121,EDMONTON EAST,Isoprene,2017-02-11T19:00,0.019,µg/m³,VOC,
90121,EDMONTON EAST,Isoprene,2017-02-17T19:00,0.069,µg/m³,VOC,
90121,EDMONTON EAST,Isoprene,2017-02-23T19:00,0.012,µg/m³,VOC,
90121,EDMONTON EAST,Isoprene,2017-03-01T19:00,0.022,µg/m³,VOC,
90121,EDMONTON EAST,Isoprene,2017-03-07T19:00,0.007,µg/m³,VOC,
90121,EDMONTON EAST,Isoprene,2017-03-13T20:00,0.051,µg/m³,VOC,
90121,EDMONTON EAST,Isoprene,2017-03-19T20:00,0.010,µg/m³,VOC,
90121,EDMONTON EAST,Isoprene,2017-03-25T20:00,0.034,µg/m³,VOC,
90121,EDMONTON EAST,Isoprene,2017-03-31T20:00,0.077,µg/m³,VOC,
90121,EDMONTON EAST,Isoprene,2017-04-06T20:00,0.018,µg/m³,VOC,
90121,EDMONTON EAST,Isoprene,2017-04-12T20:00,0.025,µg/m³,VOC,
90121,EDMONTON EAST,Isoprene,2017-04-18T20:00,0.017,µg/m³,VOC,
90121,EDMONTON EAST,Isoprene,2017-04-24T20:00,0.038,µg/m³,VOC,
90121,EDMONTON EAST,Isoprene,2017-04-30T20:00,0.041,µg/m³,VOC,
90121,EDMONTON EAST,Isoprene,2017-05-06T20:00,0.089,µg/m³,VOC,
90121,EDMONTON EAST,Isoprene,2017-05-12T20:00,0.067,µg/m³,VOC,
90121,EDMONTON EAST,Isoprene,2017-05-18T20:00,0.094,µg/m³,VOC,
90121,EDMONTON EAST,Isoprene,2017-05-24T20:00,0.306,µg/m³,VOC,
90121,EDMONTON EAST,Isoprene,2017-05-30T20:00,1.051,µg/m³,VOC,
90121,EDMONTON EAST,Isoprene,2017-06-05T20:00,1.066,µg/m³,VOC,
90121,EDMONTON EAST,Isoprene,2017-06-11T20:00,0.522,µg/m³,VOC,
90121,EDMONTON EAST,Isoprene,2017-06-17T20:00,0.968,µg/m³,VOC,
90121,EDMONTON EAST,Isoprene,2017-06-23T20:00,1.501,µg/m³,VOC,
90121,EDMONTON EAST,Isoprene,2017-07-05T20:00,4.824,µg/m³,VOC,
90121,EDMONTON EAST,Isoprene,2017-07-11T20:00,1.323,µg/m³,VOC,
90121,EDMONTON EAST,Isoprene,2017-07-17T20:00,0.974,µg/m³,VOC,
90121,EDMONTON EAST,Isoprene,2017-07-23T20:00,0.672,µg/m³,VOC,
90121,EDMONTON EAST,Isoprene,2017-07-29T20:00,1.696,µg/m³,VOC,
90121,EDMONTON EAST,Isoprene,2017-08-04T20:00,1.697,µg/m³,VOC,
90121,EDMONTON EAST,Isoprene,2017-08-10T20:00,2.955,µg/m³,VOC,
90121,EDMONTON EAST,Isoprene,2017-08-16T20:00,2.065,µg/m³,VOC,
90121,EDMONTON EAST,Isoprene,2017-08-22T20:00,4.138,µg/m³,VOC,
90121,EDMONTON EAST,Isoprene,2017-08-28T20:00,2.465,µg/m³,VOC,
90121,EDMONTON EAST,Isoprene,2017-09-03T20:00,1.438,µg/m³,VOC,
90121,EDMONTON EAST,Isoprene,2017-09-09T20:00,0.696,µg/m³,VOC,
90121,EDMONTON EAST,Isoprene,2017-09-15T20:00,0.022,µg/m³,VOC,
90121,EDMONTON EAST,Isoprene,2017-09-21T20:00,0.104,µg/m³,VOC,
90121,EDMONTON EAST,Isoprene,2017-09-27T20:00,0.156,µg/m³,VOC,
90121,EDMONTON EAST,Isoprene,2017-10-09T20:00,0.063,µg/m³,VOC,
90121,EDMONTON EAST,Isoprene,2017-10-15T20:00,0.070,µg/m³,VOC,
90121,EDMONTON EAST,Isoprene,2017-10-21T20:00,0.030,µg/m³,VOC,
90121,EDMONTON EAST,Isoprene,2017-10-27T20:00,0.050,µg/m³,VOC,
90121,EDMONTON EAST,Isoprene,2017-11-02T20:00,0.017,µg/m³,VOC,
90121,EDMONTON EAST,Isoprene,2017-11-08T19:00,0.026,µg/m³,VOC,
90121,EDMONTON EAST,Isoprene,2017-11-14T19:00,0.015,µg/m³,VOC,
90121,EDMONTON EAST,Isoprene,2017-11-20T19:00,0.025,µg/m³,VOC,
90121,EDMONTON EAST,Isoprene,2017-11-26T19:00,0.031,µg/m³,VOC,
90121,EDMONTON EAST,Isoprene,2017-12-02T19:00,0.046,µg/m³,VOC,
90121,EDMONTON EAST,Isoprene,2017-12-08T19:00,0.051,µg/m³,VOC,
90121,EDMONTON EAST,Isoprene,2017-12-14T19:00,0.027,µg/m³,VOC,
90121,EDMONTON EAST,Isoprene,2017-12-20T19:00,0.017,µg/m³,VOC,
90121,EDMONTON EAST,Isoprene,2017-12-26T19:00,0.006,µg/m³,VOC,
