﻿NAPS_Site_ID,Station_Name,Pollutant,Date,Value,Units,Report_Type,Method
100111,ROCKY POINT PARK,Dodecane,1999-01-30T00:00,0.080,µg/m³,VOC,
100111,ROCKY POINT PARK,Dodecane,1999-02-05T00:00,0.050,µg/m³,VOC,
100111,ROCKY POINT PARK,Dodecane,1999-02-11T00:00,0.070,µg/m³,VOC,
100111,ROCKY POINT PARK,Dodecane,1999-02-17T00:00,0.060,µg/m³,VOC,
100111,ROCKY POINT PARK,Dodecane,1999-02-23T00:00,0.040,µg/m³,VOC,
100111,ROCKY POINT PARK,Dodecane,1999-03-01T00:00,0.070,µg/m³,VOC,
100111,ROCKY POINT PARK,Dodecane,1999-03-31T00:00,0.240,µg/m³,VOC,
100111,ROCKY POINT PARK,Dodecane,1999-04-06T00:00,0.110,µg/m³,VOC,
100111,ROCKY POINT PARK,Dodecane,1999-05-30T00:00,0.160,µg/m³,VOC,
100111,ROCKY POINT PARK,Dodecane,1999-06-05T00:00,0.050,µg/m³,VOC,
100111,ROCKY POINT PARK,Dodecane,1999-06-11T00:00,0.260,µg/m³,VOC,
100111,ROCKY POINT PARK,Dodecane,1999-06-17T00:00,0.090,µg/m³,VOC,
100111,ROCKY POINT PARK,Dodecane,1999-06-23T00:00,0.060,µg/m³,VOC,
100111,ROCKY POINT PARK,Dodecane,1999-06-29T00:00,0.080,µg/m³,VOC,
100111,ROCKY POINT PARK,Dodecane,1999-07-05T00:00,0.130,µg/m³,VOC,
100111,ROCKY POINT PARK,Dodecane,1999-07-11T00:00,0.190,µg/m³,VOC,
100111,ROCKY POINT PARK,Dodecane,1999-07-17T00:00,0.080,µg/m³,VOC,
100111,ROCKY POINT PARK,Dodecane,1999-07-23T00:00,0.080,µg/m³,VOC,
100111,ROCKY POINT PARK,Dodecane,1999-07-29T00:00,0.090,µg/m³,VOC,
100111,ROCKY POINT PARK,Dodecane,1999-08-10T00:00,0.160,µg/m³,VOC,
100111,ROCKY POINT PARK,Dodecane,1999-08-16T00:00,0.120,µg/m³,VOC,
100111,ROCKY POINT PARK,Dodecane,1999-08-22T00:00,0.210,µg/m³,VOC,
100111,ROCKY POINT PARK,Dodecane,1999-08-28T00:00,0.180,µg/m³,VOC,
100111,ROCKY POINT PARK,Dodecane,1999-09-03T00:00,0.300,µg/m³,VOC,
100111,ROCKY POINT PARK,Dodecane,1999-09-09T00:00,0.260,µg/m³,VOC,
100111,ROCKY POINT PARK,Dodecane,1999-09-15T00:00,0.250,µg/m³,VOC,
100111,ROCKY POINT PARK,Dodecane,1999-09-21T00:00,0.300,µg/m³,VOC,
100111,ROCKY POINT PARK,Dodecane,1999-09-27T00:00,0.200,µg/m³,VOC,
100111,ROCKY POINT PARK,Dodecane,1999-10-03T00:00,0.270,µg/m³,VOC,
100111,ROCKY POINT PARK,Dodecane,1999-10-09T00:00,0.150,µg/m³,VOC,
100111,ROCKY POINT PARK,Dodecane,1999-10-15T00:00,0.230,µg/m³,VOC,
100111,ROCKY POINT PARK,Dodecane,1999-10-21T00:00,0.410,µg/m³,VOC,
100111,ROCKY POINT PARK,Dodecane,1999-10-27T00:00,0.150,µg/m³,VOC,
100111,ROCKY POINT PARK,Dodecane,1999-11-02T00:00,0.180,µg/m³,VOC,
100111,ROCKY POINT PARK,Dodecane,1999-11-08T00:00,0.180,µg/m³,VOC,
100111,ROCKY POINT PARK,Dodecane,1999-11-14T00:00,0.210,µg/m³,VOC,
100111,ROCKY POINT PARK,Dodecane,1999-11-20T00:00,0.070,µg/m³,VOC,
100111,ROCKY POINT PARK,Dodecane,1999-11-26T00:00,0.100,µg/m³,VOC,
100111,ROCKY POINT PARK,Dodecane,1999-12-02T00:00,0.060,µg/m³,VOC,
100111,ROCKY POINT PARK,Dodecane,1999-12-08T00:00,0.090,µg/m³,VOC,
100111,ROCKY POINT PARK,Dodecane,1999-12-14T00:00,0.090,µg/m³,VOC,
100111,ROCKY POINT PARK,Dodecane,1999-12-20T00:00,0.070,µg/m³,VOC,
100111,ROCKY POINT PARK,Dodecane,1999-12-26T00:00,0.150,µg/m³,VOC,
