﻿NAPS_Site_ID,Station_Name,Pollutant,Date,Value,Units,Report_Type,Method
60903,LONDON AQI SITE _LONDON_ 900_HGHBURYAVE,1-Hexene,2009-06-18T00:00,0.030,µg/m³,VOC,N/A
60903,LONDON AQI SITE _LONDON_ 900_HGHBURYAVE,1-Hexene,2009-06-24T00:00,0.096,µg/m³,VOC,N/A
60903,LONDON AQI SITE _LONDON_ 900_HGHBURYAVE,1-Hexene,2009-06-30T00:00,0.033,µg/m³,VOC,N/A
60903,LONDON AQI SITE _LONDON_ 900_HGHBURYAVE,1-Hexene,2009-07-06T00:00,0.069,µg/m³,VOC,N/A
60903,LONDON AQI SITE _LONDON_ 900_HGHBURYAVE,1-Hexene,2009-07-18T00:00,0.022,µg/m³,VOC,N/A
60903,LONDON AQI SITE _LONDON_ 900_HGHBURYAVE,1-Hexene,2009-07-24T00:00,0.032,µg/m³,VOC,N/A
60903,LONDON AQI SITE _LONDON_ 900_HGHBURYAVE,1-Hexene,2009-07-30T00:00,0.118,µg/m³,VOC,N/A
60903,LONDON AQI SITE _LONDON_ 900_HGHBURYAVE,1-Hexene,2009-08-05T00:00,0.037,µg/m³,VOC,N/A
60903,LONDON AQI SITE _LONDON_ 900_HGHBURYAVE,1-Hexene,2009-08-11T00:00,0.056,µg/m³,VOC,N/A
60903,LONDON AQI SITE _LONDON_ 900_HGHBURYAVE,1-Hexene,2009-08-17T00:00,0.088,µg/m³,VOC,N/A
60903,LONDON AQI SITE _LONDON_ 900_HGHBURYAVE,1-Hexene,2009-08-23T00:00,0.046,µg/m³,VOC,N/A
60903,LONDON AQI SITE _LONDON_ 900_HGHBURYAVE,1-Hexene,2009-08-29T00:00,0.039,µg/m³,VOC,N/A
60903,LONDON AQI SITE _LONDON_ 900_HGHBURYAVE,1-Hexene,2009-09-04T00:00,0.041,µg/m³,VOC,N/A
60903,LONDON AQI SITE _LONDON_ 900_HGHBURYAVE,1-Hexene,2009-09-10T00:00,0.031,µg/m³,VOC,N/A
60903,LONDON AQI SITE _LONDON_ 900_HGHBURYAVE,1-Hexene,2009-09-16T00:00,0.016,µg/m³,VOC,N/A
60903,LONDON AQI SITE _LONDON_ 900_HGHBURYAVE,1-Hexene,2009-09-22T00:00,0.025,µg/m³,VOC,N/A
60903,LONDON AQI SITE _LONDON_ 900_HGHBURYAVE,1-Hexene,2009-09-28T00:00,0.019,µg/m³,VOC,N/A
60903,LONDON AQI SITE _LONDON_ 900_HGHBURYAVE,1-Hexene,2009-10-04T00:00,0.020,µg/m³,VOC,N/A
60903,LONDON AQI SITE _LONDON_ 900_HGHBURYAVE,1-Hexene,2009-10-10T00:00,0.015,µg/m³,VOC,N/A
60903,LONDON AQI SITE _LONDON_ 900_HGHBURYAVE,1-Hexene,2009-10-16T00:00,0.013,µg/m³,VOC,N/A
60903,LONDON AQI SITE _LONDON_ 900_HGHBURYAVE,1-Hexene,2009-10-22T00:00,0.016,µg/m³,VOC,N/A
60903,LONDON AQI SITE _LONDON_ 900_HGHBURYAVE,1-Hexene,2009-10-28T00:00,0.037,µg/m³,VOC,N/A
60903,LONDON AQI SITE _LONDON_ 900_HGHBURYAVE,1-Hexene,2009-11-03T00:00,0.037,µg/m³,VOC,N/A
60903,LONDON AQI SITE _LONDON_ 900_HGHBURYAVE,1-Hexene,2009-11-09T00:00,0.028,µg/m³,VOC,N/A
60903,LONDON AQI SITE _LONDON_ 900_HGHBURYAVE,1-Hexene,2009-11-15T00:00,0.040,µg/m³,VOC,N/A
60903,LONDON AQI SITE _LONDON_ 900_HGHBURYAVE,1-Hexene,2009-11-21T00:00,0.028,µg/m³,VOC,N/A
60903,LONDON AQI SITE _LONDON_ 900_HGHBURYAVE,1-Hexene,2009-11-27T00:00,0.016,µg/m³,VOC,N/A
60903,LONDON AQI SITE _LONDON_ 900_HGHBURYAVE,1-Hexene,2009-12-03T00:00,0.059,µg/m³,VOC,N/A
60903,LONDON AQI SITE _LONDON_ 900_HGHBURYAVE,1-Hexene,2009-12-21T00:00,0.022,µg/m³,VOC,N/A
60903,LONDON AQI SITE _LONDON_ 900_HGHBURYAVE,1-Hexene,2009-12-27T00:00,0.012,µg/m³,VOC,N/A
