﻿NAPS_Site_ID,Station_Name,Pollutant,Date,Value,Units,Report_Type,Method
64601,PT. PETRE,Chrysene,1998-01-05T00:00,0.001,µg/m³,PAH,N/A
64601,PT. PETRE,Chrysene,1998-01-17T00:00,0.001,µg/m³,PAH,N/A
64601,PT. PETRE,Chrysene,1998-01-29T00:00,0.002,µg/m³,PAH,N/A
64601,PT. PETRE,Chrysene,1998-02-10T00:00,0.000,µg/m³,PAH,N/A
64601,PT. PETRE,Chrysene,1998-02-22T00:00,0.000,µg/m³,PAH,N/A
64601,PT. PETRE,Chrysene,1998-03-06T00:00,0.000,µg/m³,PAH,N/A
64601,PT. PETRE,Chrysene,1998-03-18T00:00,0.001,µg/m³,PAH,N/A
64601,PT. PETRE,Chrysene,1998-03-30T00:00,0.000,µg/m³,PAH,N/A
64601,PT. PETRE,Chrysene,1998-04-11T00:00,0.000,µg/m³,PAH,N/A
64601,PT. PETRE,Chrysene,1998-04-23T00:00,0.000,µg/m³,PAH,N/A
64601,PT. PETRE,Chrysene,1998-05-05T00:00,0.000,µg/m³,PAH,N/A
64601,PT. PETRE,Chrysene,1998-05-17T00:00,0.000,µg/m³,PAH,N/A
64601,PT. PETRE,Chrysene,1998-05-29T00:00,0.000,µg/m³,PAH,N/A
64601,PT. PETRE,Chrysene,1998-06-10T00:00,0.000,µg/m³,PAH,N/A
64601,PT. PETRE,Chrysene,1998-06-22T00:00,0.000,µg/m³,PAH,N/A
64601,PT. PETRE,Chrysene,1998-07-16T00:00,0.000,µg/m³,PAH,N/A
64601,PT. PETRE,Chrysene,1998-07-28T00:00,0.000,µg/m³,PAH,N/A
64601,PT. PETRE,Chrysene,1998-08-09T00:00,0.000,µg/m³,PAH,N/A
64601,PT. PETRE,Chrysene,1998-08-21T00:00,0.000,µg/m³,PAH,N/A
64601,PT. PETRE,Chrysene,1998-09-02T00:00,0.000,µg/m³,PAH,N/A
64601,PT. PETRE,Chrysene,1998-09-14T00:00,0.000,µg/m³,PAH,N/A
64601,PT. PETRE,Chrysene,1998-10-08T00:00,0.000,µg/m³,PAH,N/A
64601,PT. PETRE,Chrysene,1998-10-20T00:00,0.000,µg/m³,PAH,N/A
64601,PT. PETRE,Chrysene,1998-11-13T00:00,0.000,µg/m³,PAH,N/A
64601,PT. PETRE,Chrysene,1998-11-25T00:00,0.000,µg/m³,PAH,N/A
64601,PT. PETRE,Chrysene,1998-12-07T00:00,0.000,µg/m³,PAH,N/A
64601,PT. PETRE,Chrysene,1998-12-19T00:00,0.000,µg/m³,PAH,N/A
64601,PT. PETRE,Chrysene,1998-12-31T00:00,0.000,µg/m³,PAH,N/A
