﻿NAPS_Site_ID,Station_Name,Pollutant,Date,Value,Units,Report_Type,Method
90121,EDMONTON EAST,iso-Butylbenzene,1994-01-02T00:00,0.035,µg/m³,VOC,GC-MS
90121,EDMONTON EAST,iso-Butylbenzene,1994-01-08T00:00,0.027,µg/m³,VOC,GC-MS
90121,EDMONTON EAST,iso-Butylbenzene,1994-01-14T00:00,0.030,µg/m³,VOC,GC-MS
90121,EDMONTON EAST,iso-Butylbenzene,1994-01-20T00:00,0.097,µg/m³,VOC,GC-MS
90121,EDMONTON EAST,iso-Butylbenzene,1994-01-26T00:00,0.071,µg/m³,VOC,GC-MS
90121,EDMONTON EAST,iso-Butylbenzene,1994-02-01T00:00,0.040,µg/m³,VOC,GC-MS
90121,EDMONTON EAST,iso-Butylbenzene,1994-02-19T00:00,0.025,µg/m³,VOC,GC-MS
90121,EDMONTON EAST,iso-Butylbenzene,1994-02-25T00:00,0.051,µg/m³,VOC,GC-MS
90121,EDMONTON EAST,iso-Butylbenzene,1994-03-03T00:00,0.073,µg/m³,VOC,GC-MS
90121,EDMONTON EAST,iso-Butylbenzene,1994-03-09T00:00,0.050,µg/m³,VOC,GC-MS
90121,EDMONTON EAST,iso-Butylbenzene,1994-03-15T00:00,0.034,µg/m³,VOC,GC-MS
90121,EDMONTON EAST,iso-Butylbenzene,1994-03-21T00:00,0.044,µg/m³,VOC,GC-MS
90121,EDMONTON EAST,iso-Butylbenzene,1994-03-27T00:00,0.027,µg/m³,VOC,GC-MS
90121,EDMONTON EAST,iso-Butylbenzene,1994-04-08T00:00,0.067,µg/m³,VOC,GC-MS
90121,EDMONTON EAST,iso-Butylbenzene,1994-04-14T00:00,0.036,µg/m³,VOC,GC-MS
90121,EDMONTON EAST,iso-Butylbenzene,1994-04-20T00:00,0.053,µg/m³,VOC,GC-MS
90121,EDMONTON EAST,iso-Butylbenzene,1994-04-26T00:00,0.030,µg/m³,VOC,GC-MS
90121,EDMONTON EAST,iso-Butylbenzene,1994-05-02T00:00,0.037,µg/m³,VOC,GC-MS
90121,EDMONTON EAST,iso-Butylbenzene,1994-05-08T00:00,0.055,µg/m³,VOC,GC-MS
90121,EDMONTON EAST,iso-Butylbenzene,1994-05-14T00:00,0.070,µg/m³,VOC,GC-MS
90121,EDMONTON EAST,iso-Butylbenzene,1994-05-20T00:00,0.000,µg/m³,VOC,GC-MS
90121,EDMONTON EAST,iso-Butylbenzene,1994-05-26T00:00,0.055,µg/m³,VOC,GC-MS
90121,EDMONTON EAST,iso-Butylbenzene,1994-06-01T00:00,0.050,µg/m³,VOC,GC-MS
90121,EDMONTON EAST,iso-Butylbenzene,1994-06-07T00:00,0.000,µg/m³,VOC,GC-MS
90121,EDMONTON EAST,iso-Butylbenzene,1994-06-13T00:00,0.000,µg/m³,VOC,GC-MS
90121,EDMONTON EAST,iso-Butylbenzene,1994-06-19T00:00,0.070,µg/m³,VOC,GC-MS
90121,EDMONTON EAST,iso-Butylbenzene,1994-06-25T00:00,0.057,µg/m³,VOC,GC-MS
90121,EDMONTON EAST,iso-Butylbenzene,1994-07-07T00:00,0.048,µg/m³,VOC,GC-MS
90121,EDMONTON EAST,iso-Butylbenzene,1994-07-13T00:00,0.064,µg/m³,VOC,GC-MS
90121,EDMONTON EAST,iso-Butylbenzene,1994-07-19T00:00,0.051,µg/m³,VOC,GC-MS
90121,EDMONTON EAST,iso-Butylbenzene,1994-07-25T00:00,0.012,µg/m³,VOC,GC-MS
90121,EDMONTON EAST,iso-Butylbenzene,1994-07-31T00:00,0.005,µg/m³,VOC,GC-MS
90121,EDMONTON EAST,iso-Butylbenzene,1994-08-06T00:00,0.004,µg/m³,VOC,GC-MS
90121,EDMONTON EAST,iso-Butylbenzene,1994-08-12T00:00,0.014,µg/m³,VOC,GC-MS
90121,EDMONTON EAST,iso-Butylbenzene,1994-08-18T00:00,0.026,µg/m³,VOC,GC-MS
90121,EDMONTON EAST,iso-Butylbenzene,1994-08-24T00:00,0.016,µg/m³,VOC,GC-MS
90121,EDMONTON EAST,iso-Butylbenzene,1994-08-30T00:00,0.011,µg/m³,VOC,GC-MS
90121,EDMONTON EAST,iso-Butylbenzene,1994-09-05T00:00,0.018,µg/m³,VOC,GC-MS
90121,EDMONTON EAST,iso-Butylbenzene,1994-09-23T00:00,0.020,µg/m³,VOC,GC-MS
90121,EDMONTON EAST,iso-Butylbenzene,1994-09-29T00:00,0.008,µg/m³,VOC,GC-MS
90121,EDMONTON EAST,iso-Butylbenzene,1994-10-05T00:00,0.020,µg/m³,VOC,GC-MS
90121,EDMONTON EAST,iso-Butylbenzene,1994-10-11T00:00,0.017,µg/m³,VOC,GC-MS
90121,EDMONTON EAST,iso-Butylbenzene,1994-10-17T00:00,0.012,µg/m³,VOC,GC-MS
90121,EDMONTON EAST,iso-Butylbenzene,1994-10-23T00:00,0.016,µg/m³,VOC,GC-MS
90121,EDMONTON EAST,iso-Butylbenzene,1994-10-29T00:00,0.021,µg/m³,VOC,GC-MS
90121,EDMONTON EAST,iso-Butylbenzene,1994-11-10T00:00,0.050,µg/m³,VOC,GC-MS
90121,EDMONTON EAST,iso-Butylbenzene,1994-11-16T00:00,0.010,µg/m³,VOC,GC-MS
90121,EDMONTON EAST,iso-Butylbenzene,1994-11-22T00:00,0.015,µg/m³,VOC,GC-MS
90121,EDMONTON EAST,iso-Butylbenzene,1994-11-28T00:00,0.090,µg/m³,VOC,GC-MS
90121,EDMONTON EAST,iso-Butylbenzene,1994-12-04T00:00,0.000,µg/m³,VOC,GC-MS
90121,EDMONTON EAST,iso-Butylbenzene,1994-12-10T00:00,0.014,µg/m³,VOC,GC-MS
90121,EDMONTON EAST,iso-Butylbenzene,1994-12-16T00:00,0.052,µg/m³,VOC,GC-MS
90121,EDMONTON EAST,iso-Butylbenzene,1994-12-22T00:00,0.036,µg/m³,VOC,GC-MS
90121,EDMONTON EAST,iso-Butylbenzene,1994-12-28T00:00,0.005,µg/m³,VOC,GC-MS
