﻿NAPS_Site_ID,Station_Name,Pollutant,Date,Value,Units,Report_Type,Method
62601,EXPERIMENTAL FARM _SIMCOE_,OC1(B),2019-01-03T00:00,0.044,µg/m³,PM2.5,TOR(OC/EC)
62601,EXPERIMENTAL FARM _SIMCOE_,OC1(B),2019-01-06T00:00,0.166,µg/m³,PM2.5,TOR(OC/EC)
62601,EXPERIMENTAL FARM _SIMCOE_,OC1(B),2019-01-09T00:00,0.112,µg/m³,PM2.5,TOR(OC/EC)
62601,EXPERIMENTAL FARM _SIMCOE_,OC1(B),2019-01-12T00:00,0.126,µg/m³,PM2.5,TOR(OC/EC)
62601,EXPERIMENTAL FARM _SIMCOE_,OC1(B),2019-01-15T00:00,0.115,µg/m³,PM2.5,TOR(OC/EC)
62601,EXPERIMENTAL FARM _SIMCOE_,OC1(B),2019-01-21T00:00,0.151,µg/m³,PM2.5,TOR(OC/EC)
62601,EXPERIMENTAL FARM _SIMCOE_,OC1(B),2019-02-02T00:00,0.203,µg/m³,PM2.5,TOR(OC/EC)
62601,EXPERIMENTAL FARM _SIMCOE_,OC1(B),2019-02-08T00:00,0.121,µg/m³,PM2.5,TOR(OC/EC)
62601,EXPERIMENTAL FARM _SIMCOE_,OC1(B),2019-02-14T00:00,0.176,µg/m³,PM2.5,TOR(OC/EC)
62601,EXPERIMENTAL FARM _SIMCOE_,OC1(B),2019-02-20T00:00,0.150,µg/m³,PM2.5,TOR(OC/EC)
62601,EXPERIMENTAL FARM _SIMCOE_,OC1(B),2019-02-26T00:00,0.037,µg/m³,PM2.5,TOR(OC/EC)
62601,EXPERIMENTAL FARM _SIMCOE_,OC1(B),2019-03-04T00:00,0.090,µg/m³,PM2.5,TOR(OC/EC)
62601,EXPERIMENTAL FARM _SIMCOE_,OC1(B),2019-03-10T00:00,0.000,µg/m³,PM2.5,TOR(OC/EC)
62601,EXPERIMENTAL FARM _SIMCOE_,OC1(B),2019-03-16T00:00,0.059,µg/m³,PM2.5,TOR(OC/EC)
62601,EXPERIMENTAL FARM _SIMCOE_,OC1(B),2019-03-22T00:00,0.095,µg/m³,PM2.5,TOR(OC/EC)
62601,EXPERIMENTAL FARM _SIMCOE_,OC1(B),2019-03-28T00:00,0.153,µg/m³,PM2.5,TOR(OC/EC)
62601,EXPERIMENTAL FARM _SIMCOE_,OC1(B),2019-04-03T00:00,0.144,µg/m³,PM2.5,TOR(OC/EC)
62601,EXPERIMENTAL FARM _SIMCOE_,OC1(B),2019-04-09T00:00,0.142,µg/m³,PM2.5,TOR(OC/EC)
62601,EXPERIMENTAL FARM _SIMCOE_,OC1(B),2019-04-15T00:00,0.009,µg/m³,PM2.5,TOR(OC/EC)
62601,EXPERIMENTAL FARM _SIMCOE_,OC1(B),2019-04-21T00:00,0.193,µg/m³,PM2.5,TOR(OC/EC)
62601,EXPERIMENTAL FARM _SIMCOE_,OC1(B),2019-04-27T00:00,0.124,µg/m³,PM2.5,TOR(OC/EC)
62601,EXPERIMENTAL FARM _SIMCOE_,OC1(B),2019-05-03T00:00,0.156,µg/m³,PM2.5,TOR(OC/EC)
62601,EXPERIMENTAL FARM _SIMCOE_,OC1(B),2019-05-09T00:00,0.000,µg/m³,PM2.5,TOR(OC/EC)
62601,EXPERIMENTAL FARM _SIMCOE_,OC1(B),2019-05-15T00:00,0.267,µg/m³,PM2.5,TOR(OC/EC)
62601,EXPERIMENTAL FARM _SIMCOE_,OC1(B),2019-05-21T00:00,0.314,µg/m³,PM2.5,TOR(OC/EC)
62601,EXPERIMENTAL FARM _SIMCOE_,OC1(B),2019-05-27T00:00,0.155,µg/m³,PM2.5,TOR(OC/EC)
62601,EXPERIMENTAL FARM _SIMCOE_,OC1(B),2019-06-02T00:00,0.204,µg/m³,PM2.5,TOR(OC/EC)
62601,EXPERIMENTAL FARM _SIMCOE_,OC1(B),2019-06-08T00:00,0.280,µg/m³,PM2.5,TOR(OC/EC)
62601,EXPERIMENTAL FARM _SIMCOE_,OC1(B),2019-06-14T00:00,0.212,µg/m³,PM2.5,TOR(OC/EC)
62601,EXPERIMENTAL FARM _SIMCOE_,OC1(B),2019-06-20T00:00,0.209,µg/m³,PM2.5,TOR(OC/EC)
62601,EXPERIMENTAL FARM _SIMCOE_,OC1(B),2019-06-26T00:00,0.255,µg/m³,PM2.5,TOR(OC/EC)
62601,EXPERIMENTAL FARM _SIMCOE_,OC1(B),2019-07-02T00:00,0.089,µg/m³,PM2.5,TOR(OC/EC)
62601,EXPERIMENTAL FARM _SIMCOE_,OC1(B),2019-07-08T00:00,0.246,µg/m³,PM2.5,TOR(OC/EC)
62601,EXPERIMENTAL FARM _SIMCOE_,OC1(B),2019-07-14T00:00,0.223,µg/m³,PM2.5,TOR(OC/EC)
62601,EXPERIMENTAL FARM _SIMCOE_,OC1(B),2019-07-20T00:00,0.153,µg/m³,PM2.5,TOR(OC/EC)
62601,EXPERIMENTAL FARM _SIMCOE_,OC1(B),2019-07-26T00:00,0.254,µg/m³,PM2.5,TOR(OC/EC)
62601,EXPERIMENTAL FARM _SIMCOE_,OC1(B),2019-08-01T00:00,0.267,µg/m³,PM2.5,TOR(OC/EC)
62601,EXPERIMENTAL FARM _SIMCOE_,OC1(B),2019-08-07T00:00,0.173,µg/m³,PM2.5,TOR(OC/EC)
62601,EXPERIMENTAL FARM _SIMCOE_,OC1(B),2019-08-13T00:00,0.140,µg/m³,PM2.5,TOR(OC/EC)
62601,EXPERIMENTAL FARM _SIMCOE_,OC1(B),2019-08-19T00:00,0.162,µg/m³,PM2.5,TOR(OC/EC)
62601,EXPERIMENTAL FARM _SIMCOE_,OC1(B),2019-09-18T00:00,0.180,µg/m³,PM2.5,TOR(OC/EC)
62601,EXPERIMENTAL FARM _SIMCOE_,OC1(B),2019-09-24T00:00,0.069,µg/m³,PM2.5,TOR(OC/EC)
62601,EXPERIMENTAL FARM _SIMCOE_,OC1(B),2019-09-30T00:00,0.134,µg/m³,PM2.5,TOR(OC/EC)
62601,EXPERIMENTAL FARM _SIMCOE_,OC1(B),2019-10-06T00:00,0.236,µg/m³,PM2.5,TOR(OC/EC)
62601,EXPERIMENTAL FARM _SIMCOE_,OC1(B),2019-10-12T00:00,0.270,µg/m³,PM2.5,TOR(OC/EC)
62601,EXPERIMENTAL FARM _SIMCOE_,OC1(B),2019-10-18T00:00,0.241,µg/m³,PM2.5,TOR(OC/EC)
62601,EXPERIMENTAL FARM _SIMCOE_,OC1(B),2019-10-30T00:00,0.266,µg/m³,PM2.5,TOR(OC/EC)
62601,EXPERIMENTAL FARM _SIMCOE_,OC1(B),2019-11-11T00:00,0.403,µg/m³,PM2.5,TOR(OC/EC)
62601,EXPERIMENTAL FARM _SIMCOE_,OC1(B),2019-11-17T00:00,0.126,µg/m³,PM2.5,TOR(OC/EC)
62601,EXPERIMENTAL FARM _SIMCOE_,OC1(B),2019-11-23T00:00,0.156,µg/m³,PM2.5,TOR(OC/EC)
62601,EXPERIMENTAL FARM _SIMCOE_,OC1(B),2019-11-29T00:00,0.198,µg/m³,PM2.5,TOR(OC/EC)
62601,EXPERIMENTAL FARM _SIMCOE_,OC1(B),2019-12-05T00:00,0.090,µg/m³,PM2.5,TOR(OC/EC)
62601,EXPERIMENTAL FARM _SIMCOE_,OC1(B),2019-12-11T00:00,0.049,µg/m³,PM2.5,TOR(OC/EC)
62601,EXPERIMENTAL FARM _SIMCOE_,OC1(B),2019-12-23T00:00,0.124,µg/m³,PM2.5,TOR(OC/EC)
62601,EXPERIMENTAL FARM _SIMCOE_,OC1(B),2019-12-29T00:00,0.179,µg/m³,PM2.5,TOR(OC/EC)
