﻿NAPS_Site_ID,Station_Name,Pollutant,Date,Value,Units,Report_Type,Method
40203,FOREST HILLS,Undecane,1992-07-11T00:00,0.386,µg/m³,VOC,N/A
40203,FOREST HILLS,Undecane,1992-07-11T00:00,0.494,µg/m³,VOC,N/A
40203,FOREST HILLS,Undecane,1992-07-11T00:00,0.511,µg/m³,VOC,N/A
40203,FOREST HILLS,Undecane,1992-07-11T00:00,0.624,µg/m³,VOC,N/A
40203,FOREST HILLS,Undecane,1992-07-11T00:00,0.898,µg/m³,VOC,N/A
40203,FOREST HILLS,Undecane,1992-07-11T00:00,1.178,µg/m³,VOC,N/A
40203,FOREST HILLS,Undecane,1992-07-11T00:00,1.880,µg/m³,VOC,N/A
40203,FOREST HILLS,Undecane,1992-07-11T00:00,2.019,µg/m³,VOC,N/A
40203,FOREST HILLS,Undecane,1992-07-17T00:00,0.657,µg/m³,VOC,N/A
40203,FOREST HILLS,Undecane,1992-07-17T00:00,0.707,µg/m³,VOC,N/A
40203,FOREST HILLS,Undecane,1992-07-17T00:00,0.733,µg/m³,VOC,N/A
40203,FOREST HILLS,Undecane,1992-07-17T00:00,0.758,µg/m³,VOC,N/A
40203,FOREST HILLS,Undecane,1992-07-17T00:00,1.021,µg/m³,VOC,N/A
40203,FOREST HILLS,Undecane,1992-07-17T00:00,1.374,µg/m³,VOC,N/A
40203,FOREST HILLS,Undecane,1992-07-17T00:00,1.546,µg/m³,VOC,N/A
40203,FOREST HILLS,Undecane,1992-07-23T00:00,0.750,µg/m³,VOC,N/A
40203,FOREST HILLS,Undecane,1992-07-23T00:00,0.781,µg/m³,VOC,N/A
40203,FOREST HILLS,Undecane,1992-07-23T00:00,0.945,µg/m³,VOC,N/A
40203,FOREST HILLS,Undecane,1992-07-23T00:00,1.028,µg/m³,VOC,N/A
40203,FOREST HILLS,Undecane,1992-07-23T00:00,1.045,µg/m³,VOC,N/A
40203,FOREST HILLS,Undecane,1992-07-23T00:00,1.394,µg/m³,VOC,N/A
40203,FOREST HILLS,Undecane,1992-07-23T00:00,1.937,µg/m³,VOC,N/A
40203,FOREST HILLS,Undecane,1992-07-26T00:00,0.407,µg/m³,VOC,N/A
40203,FOREST HILLS,Undecane,1992-07-26T00:00,0.482,µg/m³,VOC,N/A
40203,FOREST HILLS,Undecane,1992-07-26T00:00,0.579,µg/m³,VOC,N/A
40203,FOREST HILLS,Undecane,1992-07-26T00:00,0.591,µg/m³,VOC,N/A
40203,FOREST HILLS,Undecane,1992-07-26T00:00,0.592,µg/m³,VOC,N/A
40203,FOREST HILLS,Undecane,1992-07-26T00:00,0.629,µg/m³,VOC,N/A
40203,FOREST HILLS,Undecane,1992-07-26T00:00,0.858,µg/m³,VOC,N/A
40203,FOREST HILLS,Undecane,1992-07-26T00:00,1.112,µg/m³,VOC,N/A
40203,FOREST HILLS,Undecane,1992-07-29T00:00,0.000,µg/m³,VOC,N/A
40203,FOREST HILLS,Undecane,1992-07-29T00:00,0.000,µg/m³,VOC,N/A
40203,FOREST HILLS,Undecane,1992-07-29T00:00,1.224,µg/m³,VOC,N/A
40203,FOREST HILLS,Undecane,1992-07-29T00:00,1.372,µg/m³,VOC,N/A
40203,FOREST HILLS,Undecane,1992-07-29T00:00,1.835,µg/m³,VOC,N/A
40203,FOREST HILLS,Undecane,1992-07-29T00:00,3.705,µg/m³,VOC,N/A
40203,FOREST HILLS,Undecane,1992-08-01T00:00,0.069,µg/m³,VOC,N/A
40203,FOREST HILLS,Undecane,1992-08-01T00:00,0.097,µg/m³,VOC,N/A
40203,FOREST HILLS,Undecane,1992-08-01T00:00,0.281,µg/m³,VOC,N/A
40203,FOREST HILLS,Undecane,1992-08-01T00:00,0.503,µg/m³,VOC,N/A
40203,FOREST HILLS,Undecane,1992-08-01T00:00,0.599,µg/m³,VOC,N/A
40203,FOREST HILLS,Undecane,1992-08-01T00:00,0.619,µg/m³,VOC,N/A
40203,FOREST HILLS,Undecane,1992-08-01T00:00,0.853,µg/m³,VOC,N/A
40203,FOREST HILLS,Undecane,1992-08-07T00:00,0.369,µg/m³,VOC,N/A
40203,FOREST HILLS,Undecane,1992-08-07T00:00,0.691,µg/m³,VOC,N/A
40203,FOREST HILLS,Undecane,1992-08-07T00:00,1.019,µg/m³,VOC,N/A
40203,FOREST HILLS,Undecane,1992-08-07T00:00,1.038,µg/m³,VOC,N/A
40203,FOREST HILLS,Undecane,1992-08-07T00:00,3.145,µg/m³,VOC,N/A
40203,FOREST HILLS,Undecane,1992-08-07T00:00,4.816,µg/m³,VOC,N/A
40203,FOREST HILLS,Undecane,1992-08-07T00:00,5.698,µg/m³,VOC,N/A
40203,FOREST HILLS,Undecane,1992-08-13T00:00,0.144,µg/m³,VOC,N/A
40203,FOREST HILLS,Undecane,1992-08-13T00:00,0.163,µg/m³,VOC,N/A
40203,FOREST HILLS,Undecane,1992-08-13T00:00,0.252,µg/m³,VOC,N/A
40203,FOREST HILLS,Undecane,1992-08-13T00:00,0.315,µg/m³,VOC,N/A
40203,FOREST HILLS,Undecane,1992-08-13T00:00,0.499,µg/m³,VOC,N/A
40203,FOREST HILLS,Undecane,1992-08-13T00:00,0.800,µg/m³,VOC,N/A
40203,FOREST HILLS,Undecane,1992-08-13T00:00,0.880,µg/m³,VOC,N/A
40203,FOREST HILLS,Undecane,1992-08-13T00:00,1.264,µg/m³,VOC,N/A
40203,FOREST HILLS,Undecane,1992-08-19T00:00,0.328,µg/m³,VOC,N/A
40203,FOREST HILLS,Undecane,1992-08-19T00:00,0.387,µg/m³,VOC,N/A
40203,FOREST HILLS,Undecane,1992-08-19T00:00,0.723,µg/m³,VOC,N/A
40203,FOREST HILLS,Undecane,1992-08-19T00:00,1.026,µg/m³,VOC,N/A
40203,FOREST HILLS,Undecane,1992-08-19T00:00,1.089,µg/m³,VOC,N/A
40203,FOREST HILLS,Undecane,1992-08-19T00:00,1.445,µg/m³,VOC,N/A
40203,FOREST HILLS,Undecane,1992-08-19T00:00,1.752,µg/m³,VOC,N/A
40203,FOREST HILLS,Undecane,1992-08-19T00:00,2.408,µg/m³,VOC,N/A
40203,FOREST HILLS,Undecane,1992-08-25T00:00,0.323,µg/m³,VOC,N/A
40203,FOREST HILLS,Undecane,1992-08-25T00:00,0.885,µg/m³,VOC,N/A
40203,FOREST HILLS,Undecane,1992-08-25T00:00,1.064,µg/m³,VOC,N/A
40203,FOREST HILLS,Undecane,1992-08-25T00:00,1.573,µg/m³,VOC,N/A
40203,FOREST HILLS,Undecane,1992-08-25T00:00,2.319,µg/m³,VOC,N/A
40203,FOREST HILLS,Undecane,1992-08-25T00:00,3.578,µg/m³,VOC,N/A
40203,FOREST HILLS,Undecane,1992-08-25T00:00,4.823,µg/m³,VOC,N/A
40203,FOREST HILLS,Undecane,1992-08-25T00:00,5.646,µg/m³,VOC,N/A
40203,FOREST HILLS,Undecane,1992-09-03T00:00,0.000,µg/m³,VOC,N/A
40203,FOREST HILLS,Undecane,1992-09-03T00:00,0.000,µg/m³,VOC,N/A
40203,FOREST HILLS,Undecane,1992-09-03T00:00,0.000,µg/m³,VOC,N/A
40203,FOREST HILLS,Undecane,1992-09-03T00:00,0.000,µg/m³,VOC,N/A
40203,FOREST HILLS,Undecane,1992-09-03T00:00,0.000,µg/m³,VOC,N/A
40203,FOREST HILLS,Undecane,1992-09-03T00:00,0.000,µg/m³,VOC,N/A
40203,FOREST HILLS,Undecane,1992-09-03T00:00,0.000,µg/m³,VOC,N/A
40203,FOREST HILLS,Undecane,1992-09-03T00:00,0.000,µg/m³,VOC,N/A
40203,FOREST HILLS,Undecane,1992-09-09T00:00,0.302,µg/m³,VOC,N/A
40203,FOREST HILLS,Undecane,1992-09-09T00:00,0.319,µg/m³,VOC,N/A
40203,FOREST HILLS,Undecane,1992-09-09T00:00,0.379,µg/m³,VOC,N/A
40203,FOREST HILLS,Undecane,1992-09-09T00:00,0.383,µg/m³,VOC,N/A
40203,FOREST HILLS,Undecane,1992-09-09T00:00,0.416,µg/m³,VOC,N/A
40203,FOREST HILLS,Undecane,1992-09-09T00:00,0.556,µg/m³,VOC,N/A
40203,FOREST HILLS,Undecane,1992-09-09T00:00,0.853,µg/m³,VOC,N/A
40203,FOREST HILLS,Undecane,1992-09-09T00:00,1.741,µg/m³,VOC,N/A
40203,FOREST HILLS,Undecane,1992-09-21T00:00,0.134,µg/m³,VOC,N/A
40203,FOREST HILLS,Undecane,1992-09-21T00:00,0.256,µg/m³,VOC,N/A
40203,FOREST HILLS,Undecane,1992-09-21T00:00,0.317,µg/m³,VOC,N/A
40203,FOREST HILLS,Undecane,1992-09-21T00:00,0.317,µg/m³,VOC,N/A
40203,FOREST HILLS,Undecane,1992-09-21T00:00,0.329,µg/m³,VOC,N/A
40203,FOREST HILLS,Undecane,1992-09-21T00:00,0.439,µg/m³,VOC,N/A
40203,FOREST HILLS,Undecane,1992-09-21T00:00,0.443,µg/m³,VOC,N/A
40203,FOREST HILLS,Undecane,1992-09-21T00:00,0.713,µg/m³,VOC,N/A
40203,FOREST HILLS,Undecane,1992-09-27T00:00,0.032,µg/m³,VOC,N/A
40203,FOREST HILLS,Undecane,1992-09-27T00:00,0.038,µg/m³,VOC,N/A
40203,FOREST HILLS,Undecane,1992-09-27T00:00,0.044,µg/m³,VOC,N/A
40203,FOREST HILLS,Undecane,1992-09-27T00:00,0.174,µg/m³,VOC,N/A
40203,FOREST HILLS,Undecane,1992-09-27T00:00,0.183,µg/m³,VOC,N/A
40203,FOREST HILLS,Undecane,1992-09-27T00:00,0.315,µg/m³,VOC,N/A
40203,FOREST HILLS,Undecane,1992-09-27T00:00,0.350,µg/m³,VOC,N/A
40203,FOREST HILLS,Undecane,1992-09-27T00:00,0.796,µg/m³,VOC,N/A
40203,FOREST HILLS,Undecane,1992-10-03T00:00,0.047,µg/m³,VOC,N/A
40203,FOREST HILLS,Undecane,1992-10-03T00:00,0.295,µg/m³,VOC,N/A
40203,FOREST HILLS,Undecane,1992-10-03T00:00,0.339,µg/m³,VOC,N/A
40203,FOREST HILLS,Undecane,1992-10-03T00:00,0.384,µg/m³,VOC,N/A
40203,FOREST HILLS,Undecane,1992-10-03T00:00,0.442,µg/m³,VOC,N/A
40203,FOREST HILLS,Undecane,1992-10-03T00:00,0.560,µg/m³,VOC,N/A
40203,FOREST HILLS,Undecane,1992-10-03T00:00,0.901,µg/m³,VOC,N/A
40203,FOREST HILLS,Undecane,1992-10-03T00:00,1.278,µg/m³,VOC,N/A
40203,FOREST HILLS,Undecane,1992-10-09T00:00,0.095,µg/m³,VOC,N/A
40203,FOREST HILLS,Undecane,1992-10-09T00:00,0.113,µg/m³,VOC,N/A
40203,FOREST HILLS,Undecane,1992-10-09T00:00,0.137,µg/m³,VOC,N/A
40203,FOREST HILLS,Undecane,1992-10-09T00:00,0.138,µg/m³,VOC,N/A
40203,FOREST HILLS,Undecane,1992-10-09T00:00,0.312,µg/m³,VOC,N/A
40203,FOREST HILLS,Undecane,1992-10-09T00:00,0.372,µg/m³,VOC,N/A
40203,FOREST HILLS,Undecane,1992-10-09T00:00,0.375,µg/m³,VOC,N/A
40203,FOREST HILLS,Undecane,1992-10-09T00:00,0.382,µg/m³,VOC,N/A
40203,FOREST HILLS,Undecane,1992-10-15T00:00,0.081,µg/m³,VOC,N/A
40203,FOREST HILLS,Undecane,1992-10-15T00:00,0.088,µg/m³,VOC,N/A
40203,FOREST HILLS,Undecane,1992-10-15T00:00,0.100,µg/m³,VOC,N/A
40203,FOREST HILLS,Undecane,1992-10-15T00:00,0.108,µg/m³,VOC,N/A
40203,FOREST HILLS,Undecane,1992-10-15T00:00,0.112,µg/m³,VOC,N/A
40203,FOREST HILLS,Undecane,1992-10-15T00:00,0.135,µg/m³,VOC,N/A
40203,FOREST HILLS,Undecane,1992-10-15T00:00,0.179,µg/m³,VOC,N/A
40203,FOREST HILLS,Undecane,1992-10-15T00:00,0.246,µg/m³,VOC,N/A
40203,FOREST HILLS,Undecane,1992-10-21T00:00,0.000,µg/m³,VOC,N/A
40203,FOREST HILLS,Undecane,1992-10-21T00:00,0.000,µg/m³,VOC,N/A
40203,FOREST HILLS,Undecane,1992-10-21T00:00,0.000,µg/m³,VOC,N/A
40203,FOREST HILLS,Undecane,1992-10-21T00:00,0.021,µg/m³,VOC,N/A
40203,FOREST HILLS,Undecane,1992-10-21T00:00,0.024,µg/m³,VOC,N/A
40203,FOREST HILLS,Undecane,1992-10-21T00:00,0.031,µg/m³,VOC,N/A
40203,FOREST HILLS,Undecane,1992-10-21T00:00,0.182,µg/m³,VOC,N/A
40203,FOREST HILLS,Undecane,1992-10-21T00:00,0.190,µg/m³,VOC,N/A
40203,FOREST HILLS,Undecane,1992-10-27T00:00,0.023,µg/m³,VOC,N/A
40203,FOREST HILLS,Undecane,1992-10-27T00:00,0.031,µg/m³,VOC,N/A
40203,FOREST HILLS,Undecane,1992-10-27T00:00,0.032,µg/m³,VOC,N/A
40203,FOREST HILLS,Undecane,1992-10-27T00:00,0.035,µg/m³,VOC,N/A
40203,FOREST HILLS,Undecane,1992-10-27T00:00,0.035,µg/m³,VOC,N/A
40203,FOREST HILLS,Undecane,1992-10-27T00:00,0.038,µg/m³,VOC,N/A
40203,FOREST HILLS,Undecane,1992-10-27T00:00,0.042,µg/m³,VOC,N/A
40203,FOREST HILLS,Undecane,1992-10-27T00:00,0.101,µg/m³,VOC,N/A
