﻿NAPS_Site_ID,Station_Name,Pollutant,Date,Value,Units,Report_Type,Method
90140,EDMONTON MCCAULEY,3-Methylpentane,2023-01-06T00:00,0.762,µg/m³,VOC,GC-MS
90140,EDMONTON MCCAULEY,3-Methylpentane,2023-01-24T00:00,0.146,µg/m³,VOC,GC-MS
90140,EDMONTON MCCAULEY,3-Methylpentane,2023-02-05T00:00,0.336,µg/m³,VOC,GC-MS
90140,EDMONTON MCCAULEY,3-Methylpentane,2023-02-11T00:00,0.152,µg/m³,VOC,GC-MS
90140,EDMONTON MCCAULEY,3-Methylpentane,2023-02-17T00:00,0.116,µg/m³,VOC,GC-MS
90140,EDMONTON MCCAULEY,3-Methylpentane,2023-02-23T00:00,0.262,µg/m³,VOC,GC-MS
90140,EDMONTON MCCAULEY,3-Methylpentane,2023-03-07T00:00,0.196,µg/m³,VOC,GC-MS
90140,EDMONTON MCCAULEY,3-Methylpentane,2023-03-13T00:00,0.336,µg/m³,VOC,GC-MS
90140,EDMONTON MCCAULEY,3-Methylpentane,2023-03-19T00:00,0.448,µg/m³,VOC,GC-MS
90140,EDMONTON MCCAULEY,3-Methylpentane,2023-03-25T00:00,0.322,µg/m³,VOC,GC-MS
90140,EDMONTON MCCAULEY,3-Methylpentane,2023-03-31T00:00,0.368,µg/m³,VOC,GC-MS
90140,EDMONTON MCCAULEY,3-Methylpentane,2023-04-12T00:00,0.086,µg/m³,VOC,GC-MS
90140,EDMONTON MCCAULEY,3-Methylpentane,2023-04-18T00:00,0.216,µg/m³,VOC,GC-MS
90140,EDMONTON MCCAULEY,3-Methylpentane,2023-04-24T00:00,0.262,µg/m³,VOC,GC-MS
90140,EDMONTON MCCAULEY,3-Methylpentane,2023-04-30T00:00,0.072,µg/m³,VOC,GC-MS
90140,EDMONTON MCCAULEY,3-Methylpentane,2023-05-06T00:00,0.082,µg/m³,VOC,GC-MS
90140,EDMONTON MCCAULEY,3-Methylpentane,2023-05-12T00:00,0.250,µg/m³,VOC,GC-MS
90140,EDMONTON MCCAULEY,3-Methylpentane,2023-05-30T00:00,0.262,µg/m³,VOC,GC-MS
90140,EDMONTON MCCAULEY,3-Methylpentane,2023-06-05T00:00,0.118,µg/m³,VOC,GC-MS
90140,EDMONTON MCCAULEY,3-Methylpentane,2023-06-11T00:00,0.120,µg/m³,VOC,GC-MS
90140,EDMONTON MCCAULEY,3-Methylpentane,2023-06-17T00:00,0.216,µg/m³,VOC,GC-MS
90140,EDMONTON MCCAULEY,3-Methylpentane,2023-06-23T00:00,0.270,µg/m³,VOC,GC-MS
90140,EDMONTON MCCAULEY,3-Methylpentane,2023-06-29T00:00,0.246,µg/m³,VOC,GC-MS
90140,EDMONTON MCCAULEY,3-Methylpentane,2023-07-05T00:00,0.272,µg/m³,VOC,GC-MS
90140,EDMONTON MCCAULEY,3-Methylpentane,2023-07-11T00:00,0.126,µg/m³,VOC,GC-MS
90140,EDMONTON MCCAULEY,3-Methylpentane,2023-07-17T00:00,0.372,µg/m³,VOC,GC-MS
90140,EDMONTON MCCAULEY,3-Methylpentane,2023-07-23T00:00,0.914,µg/m³,VOC,GC-MS
90140,EDMONTON MCCAULEY,3-Methylpentane,2023-07-29T00:00,0.132,µg/m³,VOC,GC-MS
90140,EDMONTON MCCAULEY,3-Methylpentane,2023-08-04T00:00,0.184,µg/m³,VOC,GC-MS
90140,EDMONTON MCCAULEY,3-Methylpentane,2023-08-10T00:00,0.136,µg/m³,VOC,GC-MS
90140,EDMONTON MCCAULEY,3-Methylpentane,2023-08-16T00:00,0.152,µg/m³,VOC,GC-MS
90140,EDMONTON MCCAULEY,3-Methylpentane,2023-08-22T00:00,0.344,µg/m³,VOC,GC-MS
90140,EDMONTON MCCAULEY,3-Methylpentane,2023-08-28T00:00,0.588,µg/m³,VOC,GC-MS
90140,EDMONTON MCCAULEY,3-Methylpentane,2023-09-03T00:00,0.278,µg/m³,VOC,GC-MS
90140,EDMONTON MCCAULEY,3-Methylpentane,2023-09-09T00:00,0.648,µg/m³,VOC,GC-MS
90140,EDMONTON MCCAULEY,3-Methylpentane,2023-09-15T00:00,0.188,µg/m³,VOC,GC-MS
90140,EDMONTON MCCAULEY,3-Methylpentane,2023-09-21T00:00,0.262,µg/m³,VOC,GC-MS
90140,EDMONTON MCCAULEY,3-Methylpentane,2023-10-03T00:00,0.216,µg/m³,VOC,GC-MS
90140,EDMONTON MCCAULEY,3-Methylpentane,2023-10-09T00:00,0.676,µg/m³,VOC,GC-MS
90140,EDMONTON MCCAULEY,3-Methylpentane,2023-10-21T00:00,0.174,µg/m³,VOC,GC-MS
90140,EDMONTON MCCAULEY,3-Methylpentane,2023-10-27T00:00,0.354,µg/m³,VOC,GC-MS
90140,EDMONTON MCCAULEY,3-Methylpentane,2023-11-02T00:00,0.562,µg/m³,VOC,GC-MS
90140,EDMONTON MCCAULEY,3-Methylpentane,2023-11-08T00:00,0.134,µg/m³,VOC,GC-MS
90140,EDMONTON MCCAULEY,3-Methylpentane,2023-11-14T00:00,0.224,µg/m³,VOC,GC-MS
90140,EDMONTON MCCAULEY,3-Methylpentane,2023-11-20T00:00,0.126,µg/m³,VOC,GC-MS
90140,EDMONTON MCCAULEY,3-Methylpentane,2023-11-26T00:00,0.268,µg/m³,VOC,GC-MS
90140,EDMONTON MCCAULEY,3-Methylpentane,2023-12-02T00:00,1.118,µg/m³,VOC,GC-MS
90140,EDMONTON MCCAULEY,3-Methylpentane,2023-12-08T00:00,0.764,µg/m³,VOC,GC-MS
90140,EDMONTON MCCAULEY,3-Methylpentane,2023-12-14T00:00,0.546,µg/m³,VOC,GC-MS
90140,EDMONTON MCCAULEY,3-Methylpentane,2023-12-20T00:00,0.644,µg/m³,VOC,GC-MS
