﻿NAPS_Site_ID,Station_Name,Pollutant,Date,Value,Units,Report_Type,Method
101401,HOPE AIRPORT,Butane,2006-01-05T00:00,1.360,µg/m³,VOC,N/A
101401,HOPE AIRPORT,Butane,2006-01-23T00:00,1.225,µg/m³,VOC,N/A
101401,HOPE AIRPORT,Butane,2006-02-10T00:00,0.779,µg/m³,VOC,N/A
101401,HOPE AIRPORT,Butane,2006-02-28T00:00,1.101,µg/m³,VOC,N/A
101401,HOPE AIRPORT,Butane,2006-03-18T00:00,0.853,µg/m³,VOC,N/A
101401,HOPE AIRPORT,Butane,2006-04-05T00:00,0.778,µg/m³,VOC,N/A
101401,HOPE AIRPORT,Butane,2006-04-23T00:00,0.435,µg/m³,VOC,N/A
101401,HOPE AIRPORT,Butane,2006-05-11T00:00,0.603,µg/m³,VOC,N/A
101401,HOPE AIRPORT,Butane,2006-05-29T00:00,0.571,µg/m³,VOC,N/A
101401,HOPE AIRPORT,Butane,2006-06-16T00:00,2.607,µg/m³,VOC,N/A
101401,HOPE AIRPORT,Butane,2006-08-27T00:00,1.078,µg/m³,VOC,N/A
101401,HOPE AIRPORT,Butane,2006-10-02T00:00,0.857,µg/m³,VOC,N/A
101401,HOPE AIRPORT,Butane,2006-10-20T00:00,0.941,µg/m³,VOC,N/A
101401,HOPE AIRPORT,Butane,2006-11-13T00:00,0.703,µg/m³,VOC,N/A
101401,HOPE AIRPORT,Butane,2006-12-31T00:00,2.644,µg/m³,VOC,N/A
