﻿NAPS_Site_ID,Station_Name,Pollutant,Date,Value,Units,Report_Type,Method
50109,MONTRÉAL-ÉCHANGEUR DÉCARIE,Zinc,1989-01-04T00:00,0.007,µg/m³,DICHOT,EDXRF
50109,MONTRÉAL-ÉCHANGEUR DÉCARIE,Zinc,1989-01-04T00:00,0.019,µg/m³,DICHOT,EDXRF
50109,MONTRÉAL-ÉCHANGEUR DÉCARIE,Zinc,1989-01-10T00:00,0.022,µg/m³,DICHOT,EDXRF
50109,MONTRÉAL-ÉCHANGEUR DÉCARIE,Zinc,1989-01-10T00:00,0.027,µg/m³,DICHOT,EDXRF
50109,MONTRÉAL-ÉCHANGEUR DÉCARIE,Zinc,1989-01-16T00:00,0.025,µg/m³,DICHOT,EDXRF
50109,MONTRÉAL-ÉCHANGEUR DÉCARIE,Zinc,1989-01-16T00:00,0.065,µg/m³,DICHOT,EDXRF
50109,MONTRÉAL-ÉCHANGEUR DÉCARIE,Zinc,1989-01-22T00:00,0.028,µg/m³,DICHOT,EDXRF
50109,MONTRÉAL-ÉCHANGEUR DÉCARIE,Zinc,1989-01-22T00:00,0.043,µg/m³,DICHOT,EDXRF
50109,MONTRÉAL-ÉCHANGEUR DÉCARIE,Zinc,1989-01-28T00:00,0.014,µg/m³,DICHOT,EDXRF
50109,MONTRÉAL-ÉCHANGEUR DÉCARIE,Zinc,1989-01-28T00:00,0.027,µg/m³,DICHOT,EDXRF
50109,MONTRÉAL-ÉCHANGEUR DÉCARIE,Zinc,1989-02-03T00:00,0.009,µg/m³,DICHOT,EDXRF
50109,MONTRÉAL-ÉCHANGEUR DÉCARIE,Zinc,1989-02-03T00:00,0.025,µg/m³,DICHOT,EDXRF
50109,MONTRÉAL-ÉCHANGEUR DÉCARIE,Zinc,1989-02-09T00:00,0.015,µg/m³,DICHOT,EDXRF
50109,MONTRÉAL-ÉCHANGEUR DÉCARIE,Zinc,1989-02-09T00:00,0.019,µg/m³,DICHOT,EDXRF
50109,MONTRÉAL-ÉCHANGEUR DÉCARIE,Zinc,1989-02-15T00:00,0.030,µg/m³,DICHOT,EDXRF
50109,MONTRÉAL-ÉCHANGEUR DÉCARIE,Zinc,1989-02-15T00:00,0.061,µg/m³,DICHOT,EDXRF
50109,MONTRÉAL-ÉCHANGEUR DÉCARIE,Zinc,1989-02-21T00:00,0.017,µg/m³,DICHOT,EDXRF
50109,MONTRÉAL-ÉCHANGEUR DÉCARIE,Zinc,1989-02-21T00:00,0.037,µg/m³,DICHOT,EDXRF
50109,MONTRÉAL-ÉCHANGEUR DÉCARIE,Zinc,1989-02-27T00:00,0.049,µg/m³,DICHOT,EDXRF
50109,MONTRÉAL-ÉCHANGEUR DÉCARIE,Zinc,1989-02-27T00:00,0.052,µg/m³,DICHOT,EDXRF
50109,MONTRÉAL-ÉCHANGEUR DÉCARIE,Zinc,1989-03-05T00:00,0.006,µg/m³,DICHOT,EDXRF
50109,MONTRÉAL-ÉCHANGEUR DÉCARIE,Zinc,1989-03-05T00:00,0.015,µg/m³,DICHOT,EDXRF
50109,MONTRÉAL-ÉCHANGEUR DÉCARIE,Zinc,1989-03-17T00:00,0.017,µg/m³,DICHOT,EDXRF
50109,MONTRÉAL-ÉCHANGEUR DÉCARIE,Zinc,1989-03-17T00:00,0.042,µg/m³,DICHOT,EDXRF
50109,MONTRÉAL-ÉCHANGEUR DÉCARIE,Zinc,1989-03-23T00:00,0.056,µg/m³,DICHOT,EDXRF
50109,MONTRÉAL-ÉCHANGEUR DÉCARIE,Zinc,1989-03-23T00:00,0.092,µg/m³,DICHOT,EDXRF
50109,MONTRÉAL-ÉCHANGEUR DÉCARIE,Zinc,1989-03-29T00:00,0.020,µg/m³,DICHOT,EDXRF
50109,MONTRÉAL-ÉCHANGEUR DÉCARIE,Zinc,1989-03-29T00:00,0.020,µg/m³,DICHOT,EDXRF
50109,MONTRÉAL-ÉCHANGEUR DÉCARIE,Zinc,1989-04-04T00:00,0.040,µg/m³,DICHOT,EDXRF
50109,MONTRÉAL-ÉCHANGEUR DÉCARIE,Zinc,1989-04-04T00:00,0.097,µg/m³,DICHOT,EDXRF
50109,MONTRÉAL-ÉCHANGEUR DÉCARIE,Zinc,1989-04-10T00:00,0.013,µg/m³,DICHOT,EDXRF
50109,MONTRÉAL-ÉCHANGEUR DÉCARIE,Zinc,1989-04-10T00:00,0.055,µg/m³,DICHOT,EDXRF
50109,MONTRÉAL-ÉCHANGEUR DÉCARIE,Zinc,1989-04-16T00:00,0.019,µg/m³,DICHOT,EDXRF
50109,MONTRÉAL-ÉCHANGEUR DÉCARIE,Zinc,1989-04-16T00:00,0.035,µg/m³,DICHOT,EDXRF
50109,MONTRÉAL-ÉCHANGEUR DÉCARIE,Zinc,1989-04-22T00:00,0.003,µg/m³,DICHOT,EDXRF
50109,MONTRÉAL-ÉCHANGEUR DÉCARIE,Zinc,1989-04-22T00:00,0.018,µg/m³,DICHOT,EDXRF
50109,MONTRÉAL-ÉCHANGEUR DÉCARIE,Zinc,1989-05-04T00:00,0.023,µg/m³,DICHOT,EDXRF
50109,MONTRÉAL-ÉCHANGEUR DÉCARIE,Zinc,1989-05-04T00:00,0.041,µg/m³,DICHOT,EDXRF
50109,MONTRÉAL-ÉCHANGEUR DÉCARIE,Zinc,1989-05-10T00:00,0.044,µg/m³,DICHOT,EDXRF
50109,MONTRÉAL-ÉCHANGEUR DÉCARIE,Zinc,1989-05-10T00:00,0.062,µg/m³,DICHOT,EDXRF
50109,MONTRÉAL-ÉCHANGEUR DÉCARIE,Zinc,1989-05-22T00:00,0.011,µg/m³,DICHOT,EDXRF
50109,MONTRÉAL-ÉCHANGEUR DÉCARIE,Zinc,1989-05-22T00:00,0.024,µg/m³,DICHOT,EDXRF
50109,MONTRÉAL-ÉCHANGEUR DÉCARIE,Zinc,1989-05-28T00:00,0.004,µg/m³,DICHOT,EDXRF
50109,MONTRÉAL-ÉCHANGEUR DÉCARIE,Zinc,1989-05-28T00:00,0.016,µg/m³,DICHOT,EDXRF
50109,MONTRÉAL-ÉCHANGEUR DÉCARIE,Zinc,1989-06-03T00:00,0.023,µg/m³,DICHOT,EDXRF
50109,MONTRÉAL-ÉCHANGEUR DÉCARIE,Zinc,1989-06-03T00:00,0.032,µg/m³,DICHOT,EDXRF
50109,MONTRÉAL-ÉCHANGEUR DÉCARIE,Zinc,1989-06-09T00:00,0.028,µg/m³,DICHOT,EDXRF
50109,MONTRÉAL-ÉCHANGEUR DÉCARIE,Zinc,1989-06-09T00:00,0.049,µg/m³,DICHOT,EDXRF
50109,MONTRÉAL-ÉCHANGEUR DÉCARIE,Zinc,1989-06-15T00:00,0.039,µg/m³,DICHOT,EDXRF
50109,MONTRÉAL-ÉCHANGEUR DÉCARIE,Zinc,1989-06-15T00:00,0.049,µg/m³,DICHOT,EDXRF
50109,MONTRÉAL-ÉCHANGEUR DÉCARIE,Zinc,1989-06-21T00:00,0.085,µg/m³,DICHOT,EDXRF
50109,MONTRÉAL-ÉCHANGEUR DÉCARIE,Zinc,1989-06-21T00:00,0.107,µg/m³,DICHOT,EDXRF
50109,MONTRÉAL-ÉCHANGEUR DÉCARIE,Zinc,1989-06-27T00:00,0.024,µg/m³,DICHOT,EDXRF
50109,MONTRÉAL-ÉCHANGEUR DÉCARIE,Zinc,1989-06-27T00:00,0.050,µg/m³,DICHOT,EDXRF
50109,MONTRÉAL-ÉCHANGEUR DÉCARIE,Zinc,1989-07-03T00:00,0.059,µg/m³,DICHOT,EDXRF
50109,MONTRÉAL-ÉCHANGEUR DÉCARIE,Zinc,1989-07-03T00:00,0.086,µg/m³,DICHOT,EDXRF
50109,MONTRÉAL-ÉCHANGEUR DÉCARIE,Zinc,1989-07-09T00:00,0.014,µg/m³,DICHOT,EDXRF
50109,MONTRÉAL-ÉCHANGEUR DÉCARIE,Zinc,1989-07-09T00:00,0.059,µg/m³,DICHOT,EDXRF
50109,MONTRÉAL-ÉCHANGEUR DÉCARIE,Zinc,1989-07-15T00:00,0.011,µg/m³,DICHOT,EDXRF
50109,MONTRÉAL-ÉCHANGEUR DÉCARIE,Zinc,1989-07-15T00:00,0.020,µg/m³,DICHOT,EDXRF
50109,MONTRÉAL-ÉCHANGEUR DÉCARIE,Zinc,1989-07-21T00:00,0.031,µg/m³,DICHOT,EDXRF
50109,MONTRÉAL-ÉCHANGEUR DÉCARIE,Zinc,1989-07-21T00:00,0.057,µg/m³,DICHOT,EDXRF
50109,MONTRÉAL-ÉCHANGEUR DÉCARIE,Zinc,1989-07-27T00:00,0.053,µg/m³,DICHOT,EDXRF
50109,MONTRÉAL-ÉCHANGEUR DÉCARIE,Zinc,1989-07-27T00:00,0.109,µg/m³,DICHOT,EDXRF
50109,MONTRÉAL-ÉCHANGEUR DÉCARIE,Zinc,1989-08-14T00:00,0.029,µg/m³,DICHOT,EDXRF
50109,MONTRÉAL-ÉCHANGEUR DÉCARIE,Zinc,1989-08-14T00:00,0.053,µg/m³,DICHOT,EDXRF
50109,MONTRÉAL-ÉCHANGEUR DÉCARIE,Zinc,1989-08-20T00:00,0.014,µg/m³,DICHOT,EDXRF
50109,MONTRÉAL-ÉCHANGEUR DÉCARIE,Zinc,1989-08-20T00:00,0.023,µg/m³,DICHOT,EDXRF
50109,MONTRÉAL-ÉCHANGEUR DÉCARIE,Zinc,1989-08-26T00:00,0.059,µg/m³,DICHOT,EDXRF
50109,MONTRÉAL-ÉCHANGEUR DÉCARIE,Zinc,1989-08-26T00:00,0.085,µg/m³,DICHOT,EDXRF
50109,MONTRÉAL-ÉCHANGEUR DÉCARIE,Zinc,1989-09-01T00:00,0.043,µg/m³,DICHOT,EDXRF
50109,MONTRÉAL-ÉCHANGEUR DÉCARIE,Zinc,1989-09-01T00:00,0.100,µg/m³,DICHOT,EDXRF
50109,MONTRÉAL-ÉCHANGEUR DÉCARIE,Zinc,1989-09-07T00:00,0.066,µg/m³,DICHOT,EDXRF
50109,MONTRÉAL-ÉCHANGEUR DÉCARIE,Zinc,1989-09-07T00:00,0.071,µg/m³,DICHOT,EDXRF
50109,MONTRÉAL-ÉCHANGEUR DÉCARIE,Zinc,1989-09-13T00:00,0.016,µg/m³,DICHOT,EDXRF
50109,MONTRÉAL-ÉCHANGEUR DÉCARIE,Zinc,1989-09-13T00:00,0.033,µg/m³,DICHOT,EDXRF
50109,MONTRÉAL-ÉCHANGEUR DÉCARIE,Zinc,1989-09-19T00:00,0.043,µg/m³,DICHOT,EDXRF
50109,MONTRÉAL-ÉCHANGEUR DÉCARIE,Zinc,1989-09-19T00:00,0.087,µg/m³,DICHOT,EDXRF
50109,MONTRÉAL-ÉCHANGEUR DÉCARIE,Zinc,1989-09-25T00:00,0.027,µg/m³,DICHOT,EDXRF
50109,MONTRÉAL-ÉCHANGEUR DÉCARIE,Zinc,1989-09-25T00:00,0.039,µg/m³,DICHOT,EDXRF
50109,MONTRÉAL-ÉCHANGEUR DÉCARIE,Zinc,1989-10-01T00:00,0.031,µg/m³,DICHOT,EDXRF
50109,MONTRÉAL-ÉCHANGEUR DÉCARIE,Zinc,1989-10-01T00:00,0.075,µg/m³,DICHOT,EDXRF
50109,MONTRÉAL-ÉCHANGEUR DÉCARIE,Zinc,1989-10-07T00:00,0.004,µg/m³,DICHOT,EDXRF
50109,MONTRÉAL-ÉCHANGEUR DÉCARIE,Zinc,1989-10-07T00:00,0.010,µg/m³,DICHOT,EDXRF
50109,MONTRÉAL-ÉCHANGEUR DÉCARIE,Zinc,1989-10-13T00:00,0.033,µg/m³,DICHOT,EDXRF
50109,MONTRÉAL-ÉCHANGEUR DÉCARIE,Zinc,1989-10-13T00:00,0.034,µg/m³,DICHOT,EDXRF
50109,MONTRÉAL-ÉCHANGEUR DÉCARIE,Zinc,1989-10-19T00:00,0.018,µg/m³,DICHOT,EDXRF
50109,MONTRÉAL-ÉCHANGEUR DÉCARIE,Zinc,1989-10-19T00:00,0.032,µg/m³,DICHOT,EDXRF
50109,MONTRÉAL-ÉCHANGEUR DÉCARIE,Zinc,1989-10-25T00:00,0.066,µg/m³,DICHOT,EDXRF
50109,MONTRÉAL-ÉCHANGEUR DÉCARIE,Zinc,1989-10-25T00:00,0.072,µg/m³,DICHOT,EDXRF
50109,MONTRÉAL-ÉCHANGEUR DÉCARIE,Zinc,1989-10-31T00:00,0.088,µg/m³,DICHOT,EDXRF
50109,MONTRÉAL-ÉCHANGEUR DÉCARIE,Zinc,1989-10-31T00:00,0.122,µg/m³,DICHOT,EDXRF
50109,MONTRÉAL-ÉCHANGEUR DÉCARIE,Zinc,1989-11-06T00:00,0.014,µg/m³,DICHOT,EDXRF
50109,MONTRÉAL-ÉCHANGEUR DÉCARIE,Zinc,1989-11-06T00:00,0.016,µg/m³,DICHOT,EDXRF
50109,MONTRÉAL-ÉCHANGEUR DÉCARIE,Zinc,1989-11-12T00:00,0.005,µg/m³,DICHOT,EDXRF
50109,MONTRÉAL-ÉCHANGEUR DÉCARIE,Zinc,1989-11-12T00:00,0.008,µg/m³,DICHOT,EDXRF
50109,MONTRÉAL-ÉCHANGEUR DÉCARIE,Zinc,1989-11-24T00:00,0.048,µg/m³,DICHOT,EDXRF
50109,MONTRÉAL-ÉCHANGEUR DÉCARIE,Zinc,1989-11-24T00:00,0.143,µg/m³,DICHOT,EDXRF
50109,MONTRÉAL-ÉCHANGEUR DÉCARIE,Zinc,1989-11-30T00:00,0.012,µg/m³,DICHOT,EDXRF
50109,MONTRÉAL-ÉCHANGEUR DÉCARIE,Zinc,1989-11-30T00:00,0.025,µg/m³,DICHOT,EDXRF
