﻿NAPS_Site_ID,Station_Name,Pollutant,Date,Value,Units,Report_Type,Method
50104,ONTARIO,Cyclopentane,1998-01-05T00:00,0.420,µg/m³,VOC,GC-MS
50104,ONTARIO,Cyclopentane,1998-01-11T00:00,0.260,µg/m³,VOC,GC-MS
50104,ONTARIO,Cyclopentane,1998-01-17T00:00,0.320,µg/m³,VOC,GC-MS
50104,ONTARIO,Cyclopentane,1998-01-23T00:00,0.420,µg/m³,VOC,GC-MS
50104,ONTARIO,Cyclopentane,1998-02-04T00:00,0.480,µg/m³,VOC,GC-MS
50104,ONTARIO,Cyclopentane,1998-02-10T00:00,1.240,µg/m³,VOC,GC-MS
50104,ONTARIO,Cyclopentane,1998-02-16T00:00,0.440,µg/m³,VOC,GC-MS
50104,ONTARIO,Cyclopentane,1998-02-22T00:00,0.320,µg/m³,VOC,GC-MS
50104,ONTARIO,Cyclopentane,1998-02-28T00:00,0.580,µg/m³,VOC,GC-MS
50104,ONTARIO,Cyclopentane,1998-03-06T00:00,0.580,µg/m³,VOC,GC-MS
50104,ONTARIO,Cyclopentane,1998-03-12T00:00,0.320,µg/m³,VOC,GC-MS
50104,ONTARIO,Cyclopentane,1998-03-18T00:00,0.860,µg/m³,VOC,GC-MS
50104,ONTARIO,Cyclopentane,1998-03-24T00:00,0.320,µg/m³,VOC,GC-MS
50104,ONTARIO,Cyclopentane,1998-04-05T00:00,0.240,µg/m³,VOC,GC-MS
50104,ONTARIO,Cyclopentane,1998-04-11T00:00,0.440,µg/m³,VOC,GC-MS
50104,ONTARIO,Cyclopentane,1998-04-17T00:00,0.300,µg/m³,VOC,GC-MS
50104,ONTARIO,Cyclopentane,1998-04-23T00:00,0.520,µg/m³,VOC,GC-MS
50104,ONTARIO,Cyclopentane,1998-04-29T00:00,0.200,µg/m³,VOC,GC-MS
50104,ONTARIO,Cyclopentane,1998-05-05T00:00,0.280,µg/m³,VOC,GC-MS
50104,ONTARIO,Cyclopentane,1998-05-11T00:00,0.180,µg/m³,VOC,GC-MS
50104,ONTARIO,Cyclopentane,1998-05-17T00:00,0.180,µg/m³,VOC,GC-MS
50104,ONTARIO,Cyclopentane,1998-06-04T00:00,0.349,µg/m³,VOC,GC-MS
50104,ONTARIO,Cyclopentane,1998-07-04T00:00,0.526,µg/m³,VOC,GC-MS
50104,ONTARIO,Cyclopentane,1998-07-10T00:00,0.249,µg/m³,VOC,GC-MS
50104,ONTARIO,Cyclopentane,1998-07-16T00:00,0.224,µg/m³,VOC,GC-MS
50104,ONTARIO,Cyclopentane,1998-07-22T00:00,0.190,µg/m³,VOC,GC-MS
50104,ONTARIO,Cyclopentane,1998-08-09T00:00,0.258,µg/m³,VOC,GC-MS
50104,ONTARIO,Cyclopentane,1998-11-25T00:00,0.230,µg/m³,VOC,GC-MS
50104,ONTARIO,Cyclopentane,1998-12-01T00:00,0.212,µg/m³,VOC,GC-MS
50104,ONTARIO,Cyclopentane,1998-12-07T00:00,0.479,µg/m³,VOC,GC-MS
50104,ONTARIO,Cyclopentane,1998-12-13T00:00,0.225,µg/m³,VOC,GC-MS
50104,ONTARIO,Cyclopentane,1998-12-19T00:00,0.290,µg/m³,VOC,GC-MS
50104,ONTARIO,Cyclopentane,1998-12-25T00:00,0.184,µg/m³,VOC,GC-MS
