﻿NAPS_Site_ID,Station_Name,Pollutant,Date,Value,Units,Report_Type,Method
50103,MONTRÉAL-SAINT-JEAN-BAPTISTE,"trans-1,2-Dimethylcyclohexane",1995-01-03T00:00,0.105,µg/m³,VOC,N/A
50103,MONTRÉAL-SAINT-JEAN-BAPTISTE,"trans-1,2-Dimethylcyclohexane",1995-01-09T00:00,0.069,µg/m³,VOC,N/A
50103,MONTRÉAL-SAINT-JEAN-BAPTISTE,"trans-1,2-Dimethylcyclohexane",1995-01-15T00:00,0.043,µg/m³,VOC,N/A
50103,MONTRÉAL-SAINT-JEAN-BAPTISTE,"trans-1,2-Dimethylcyclohexane",1995-01-21T00:00,0.004,µg/m³,VOC,N/A
50103,MONTRÉAL-SAINT-JEAN-BAPTISTE,"trans-1,2-Dimethylcyclohexane",1995-01-27T00:00,0.082,µg/m³,VOC,N/A
50103,MONTRÉAL-SAINT-JEAN-BAPTISTE,"trans-1,2-Dimethylcyclohexane",1995-03-10T00:00,0.084,µg/m³,VOC,N/A
50103,MONTRÉAL-SAINT-JEAN-BAPTISTE,"trans-1,2-Dimethylcyclohexane",1995-03-16T00:00,0.035,µg/m³,VOC,N/A
50103,MONTRÉAL-SAINT-JEAN-BAPTISTE,"trans-1,2-Dimethylcyclohexane",1995-03-22T00:00,0.100,µg/m³,VOC,N/A
50103,MONTRÉAL-SAINT-JEAN-BAPTISTE,"trans-1,2-Dimethylcyclohexane",1995-04-27T00:00,0.022,µg/m³,VOC,N/A
