﻿NAPS_Site_ID,Station_Name,Pollutant,Date,Value,Units,Report_Type,Method
61004,CENTENNIAL PARK _SARNIA_,Ethylene,2010-01-02T00:00,0.357,µg/m³,VOC,
61004,CENTENNIAL PARK _SARNIA_,Ethylene,2010-01-08T00:00,0.868,µg/m³,VOC,
61004,CENTENNIAL PARK _SARNIA_,Ethylene,2010-01-14T00:00,24.100,µg/m³,VOC,
61004,CENTENNIAL PARK _SARNIA_,Ethylene,2010-01-20T00:00,0.734,µg/m³,VOC,
61004,CENTENNIAL PARK _SARNIA_,Ethylene,2010-01-26T00:00,0.775,µg/m³,VOC,
61004,CENTENNIAL PARK _SARNIA_,Ethylene,2010-02-07T00:00,0.420,µg/m³,VOC,
61004,CENTENNIAL PARK _SARNIA_,Ethylene,2010-02-13T00:00,1.403,µg/m³,VOC,
61004,CENTENNIAL PARK _SARNIA_,Ethylene,2010-02-19T00:00,0.490,µg/m³,VOC,
61004,CENTENNIAL PARK _SARNIA_,Ethylene,2010-02-25T00:00,0.369,µg/m³,VOC,
61004,CENTENNIAL PARK _SARNIA_,Ethylene,2010-03-03T00:00,0.420,µg/m³,VOC,
61004,CENTENNIAL PARK _SARNIA_,Ethylene,2010-03-09T00:00,3.952,µg/m³,VOC,
61004,CENTENNIAL PARK _SARNIA_,Ethylene,2010-03-15T00:00,0.275,µg/m³,VOC,
61004,CENTENNIAL PARK _SARNIA_,Ethylene,2010-03-21T00:00,0.200,µg/m³,VOC,
61004,CENTENNIAL PARK _SARNIA_,Ethylene,2010-03-27T00:00,2.596,µg/m³,VOC,
61004,CENTENNIAL PARK _SARNIA_,Ethylene,2010-04-02T00:00,3.512,µg/m³,VOC,
61004,CENTENNIAL PARK _SARNIA_,Ethylene,2010-04-08T00:00,1.046,µg/m³,VOC,
61004,CENTENNIAL PARK _SARNIA_,Ethylene,2010-04-14T00:00,20.790,µg/m³,VOC,
61004,CENTENNIAL PARK _SARNIA_,Ethylene,2010-04-20T00:00,2.962,µg/m³,VOC,
61004,CENTENNIAL PARK _SARNIA_,Ethylene,2010-04-26T00:00,0.267,µg/m³,VOC,
61004,CENTENNIAL PARK _SARNIA_,Ethylene,2010-05-02T00:00,8.646,µg/m³,VOC,
61004,CENTENNIAL PARK _SARNIA_,Ethylene,2010-05-08T00:00,1.184,µg/m³,VOC,
61004,CENTENNIAL PARK _SARNIA_,Ethylene,2010-05-14T00:00,2.867,µg/m³,VOC,
61004,CENTENNIAL PARK _SARNIA_,Ethylene,2010-05-20T00:00,2.518,µg/m³,VOC,
61004,CENTENNIAL PARK _SARNIA_,Ethylene,2010-05-26T00:00,2.170,µg/m³,VOC,
61004,CENTENNIAL PARK _SARNIA_,Ethylene,2010-06-01T00:00,2.689,µg/m³,VOC,
61004,CENTENNIAL PARK _SARNIA_,Ethylene,2010-06-07T00:00,0.316,µg/m³,VOC,
61004,CENTENNIAL PARK _SARNIA_,Ethylene,2010-06-13T00:00,0.592,µg/m³,VOC,
61004,CENTENNIAL PARK _SARNIA_,Ethylene,2010-06-19T00:00,2.489,µg/m³,VOC,
61004,CENTENNIAL PARK _SARNIA_,Ethylene,2010-06-25T00:00,8.077,µg/m³,VOC,
61004,CENTENNIAL PARK _SARNIA_,Ethylene,2010-07-01T00:00,1.382,µg/m³,VOC,
61004,CENTENNIAL PARK _SARNIA_,Ethylene,2010-07-07T00:00,2.175,µg/m³,VOC,
61004,CENTENNIAL PARK _SARNIA_,Ethylene,2010-07-13T00:00,0.387,µg/m³,VOC,
61004,CENTENNIAL PARK _SARNIA_,Ethylene,2010-07-19T00:00,0.556,µg/m³,VOC,
61004,CENTENNIAL PARK _SARNIA_,Ethylene,2010-07-25T00:00,5.168,µg/m³,VOC,
61004,CENTENNIAL PARK _SARNIA_,Ethylene,2010-07-31T00:00,0.894,µg/m³,VOC,
61004,CENTENNIAL PARK _SARNIA_,Ethylene,2010-08-06T00:00,0.638,µg/m³,VOC,
61004,CENTENNIAL PARK _SARNIA_,Ethylene,2010-08-12T00:00,3.933,µg/m³,VOC,
61004,CENTENNIAL PARK _SARNIA_,Ethylene,2010-08-18T00:00,13.185,µg/m³,VOC,
61004,CENTENNIAL PARK _SARNIA_,Ethylene,2010-08-24T00:00,0.672,µg/m³,VOC,
61004,CENTENNIAL PARK _SARNIA_,Ethylene,2010-08-30T00:00,9.159,µg/m³,VOC,
61004,CENTENNIAL PARK _SARNIA_,Ethylene,2010-09-05T00:00,0.766,µg/m³,VOC,
61004,CENTENNIAL PARK _SARNIA_,Ethylene,2010-09-11T00:00,1.973,µg/m³,VOC,
61004,CENTENNIAL PARK _SARNIA_,Ethylene,2010-09-17T00:00,7.652,µg/m³,VOC,
61004,CENTENNIAL PARK _SARNIA_,Ethylene,2010-09-23T00:00,1.555,µg/m³,VOC,
61004,CENTENNIAL PARK _SARNIA_,Ethylene,2010-09-29T00:00,9.102,µg/m³,VOC,
61004,CENTENNIAL PARK _SARNIA_,Ethylene,2010-10-05T00:00,0.241,µg/m³,VOC,
61004,CENTENNIAL PARK _SARNIA_,Ethylene,2010-10-11T00:00,1.588,µg/m³,VOC,
61004,CENTENNIAL PARK _SARNIA_,Ethylene,2010-10-17T00:00,0.498,µg/m³,VOC,
61004,CENTENNIAL PARK _SARNIA_,Ethylene,2010-10-23T00:00,9.618,µg/m³,VOC,
61004,CENTENNIAL PARK _SARNIA_,Ethylene,2010-10-29T00:00,0.469,µg/m³,VOC,
61004,CENTENNIAL PARK _SARNIA_,Ethylene,2010-11-04T00:00,0.762,µg/m³,VOC,
61004,CENTENNIAL PARK _SARNIA_,Ethylene,2010-11-10T00:00,2.793,µg/m³,VOC,
61004,CENTENNIAL PARK _SARNIA_,Ethylene,2010-11-16T00:00,1.690,µg/m³,VOC,
61004,CENTENNIAL PARK _SARNIA_,Ethylene,2010-11-22T00:00,1.617,µg/m³,VOC,
61004,CENTENNIAL PARK _SARNIA_,Ethylene,2010-11-28T00:00,2.363,µg/m³,VOC,
61004,CENTENNIAL PARK _SARNIA_,Ethylene,2010-12-04T00:00,0.476,µg/m³,VOC,
61004,CENTENNIAL PARK _SARNIA_,Ethylene,2010-12-10T00:00,3.383,µg/m³,VOC,
61004,CENTENNIAL PARK _SARNIA_,Ethylene,2010-12-16T00:00,1.860,µg/m³,VOC,
61004,CENTENNIAL PARK _SARNIA_,Ethylene,2010-12-22T00:00,0.901,µg/m³,VOC,
61004,CENTENNIAL PARK _SARNIA_,Ethylene,2010-12-28T00:00,1.152,µg/m³,VOC,
