﻿NAPS_Site_ID,Station_Name,Pollutant,Date,Value,Units,Report_Type,Method
60438,ROADSIDE - 401W-TORONTO,Hexane,2021-01-10T00:00,0.164,µg/m³,VOC,GC-MS
60438,ROADSIDE - 401W-TORONTO,Hexane,2021-02-09T00:00,0.243,µg/m³,VOC,GC-MS
60438,ROADSIDE - 401W-TORONTO,Hexane,2021-02-15T00:00,0.157,µg/m³,VOC,GC-MS
60438,ROADSIDE - 401W-TORONTO,Hexane,2021-02-21T00:00,0.328,µg/m³,VOC,GC-MS
60438,ROADSIDE - 401W-TORONTO,Hexane,2021-02-27T00:00,0.256,µg/m³,VOC,GC-MS
60438,ROADSIDE - 401W-TORONTO,Hexane,2021-03-05T00:00,0.116,µg/m³,VOC,GC-MS
60438,ROADSIDE - 401W-TORONTO,Hexane,2021-03-11T00:00,0.127,µg/m³,VOC,GC-MS
60438,ROADSIDE - 401W-TORONTO,Hexane,2021-03-17T00:00,0.298,µg/m³,VOC,GC-MS
60438,ROADSIDE - 401W-TORONTO,Hexane,2021-03-23T00:00,0.955,µg/m³,VOC,GC-MS
60438,ROADSIDE - 401W-TORONTO,Hexane,2021-03-29T00:00,0.107,µg/m³,VOC,GC-MS
60438,ROADSIDE - 401W-TORONTO,Hexane,2021-04-04T00:00,0.312,µg/m³,VOC,GC-MS
60438,ROADSIDE - 401W-TORONTO,Hexane,2021-04-10T00:00,0.244,µg/m³,VOC,GC-MS
60438,ROADSIDE - 401W-TORONTO,Hexane,2021-04-16T00:00,0.110,µg/m³,VOC,GC-MS
60438,ROADSIDE - 401W-TORONTO,Hexane,2021-04-28T00:00,0.407,µg/m³,VOC,GC-MS
60438,ROADSIDE - 401W-TORONTO,Hexane,2021-05-04T00:00,0.223,µg/m³,VOC,GC-MS
60438,ROADSIDE - 401W-TORONTO,Hexane,2021-05-16T00:00,0.413,µg/m³,VOC,GC-MS
60438,ROADSIDE - 401W-TORONTO,Hexane,2021-05-22T00:00,0.239,µg/m³,VOC,GC-MS
60438,ROADSIDE - 401W-TORONTO,Hexane,2021-05-28T00:00,0.199,µg/m³,VOC,GC-MS
60438,ROADSIDE - 401W-TORONTO,Hexane,2021-06-03T00:00,0.359,µg/m³,VOC,GC-MS
60438,ROADSIDE - 401W-TORONTO,Hexane,2021-06-09T00:00,0.433,µg/m³,VOC,GC-MS
60438,ROADSIDE - 401W-TORONTO,Hexane,2021-06-15T00:00,0.158,µg/m³,VOC,GC-MS
60438,ROADSIDE - 401W-TORONTO,Hexane,2021-06-21T00:00,0.182,µg/m³,VOC,GC-MS
60438,ROADSIDE - 401W-TORONTO,Hexane,2021-06-27T00:00,0.117,µg/m³,VOC,GC-MS
60438,ROADSIDE - 401W-TORONTO,Hexane,2021-07-03T00:00,0.165,µg/m³,VOC,GC-MS
60438,ROADSIDE - 401W-TORONTO,Hexane,2021-07-09T00:00,0.364,µg/m³,VOC,GC-MS
60438,ROADSIDE - 401W-TORONTO,Hexane,2021-07-15T00:00,0.514,µg/m³,VOC,GC-MS
60438,ROADSIDE - 401W-TORONTO,Hexane,2021-07-21T00:00,0.180,µg/m³,VOC,GC-MS
60438,ROADSIDE - 401W-TORONTO,Hexane,2021-07-27T00:00,0.639,µg/m³,VOC,GC-MS
60438,ROADSIDE - 401W-TORONTO,Hexane,2021-08-02T00:00,0.292,µg/m³,VOC,GC-MS
60438,ROADSIDE - 401W-TORONTO,Hexane,2021-08-08T00:00,0.750,µg/m³,VOC,GC-MS
60438,ROADSIDE - 401W-TORONTO,Hexane,2021-08-20T00:00,0.497,µg/m³,VOC,GC-MS
60438,ROADSIDE - 401W-TORONTO,Hexane,2021-08-26T00:00,0.565,µg/m³,VOC,GC-MS
60438,ROADSIDE - 401W-TORONTO,Hexane,2021-09-01T00:00,0.270,µg/m³,VOC,GC-MS
60438,ROADSIDE - 401W-TORONTO,Hexane,2021-09-07T00:00,0.443,µg/m³,VOC,GC-MS
60438,ROADSIDE - 401W-TORONTO,Hexane,2021-09-13T00:00,0.438,µg/m³,VOC,GC-MS
60438,ROADSIDE - 401W-TORONTO,Hexane,2021-09-19T00:00,0.235,µg/m³,VOC,GC-MS
60438,ROADSIDE - 401W-TORONTO,Hexane,2021-09-25T00:00,1.082,µg/m³,VOC,GC-MS
60438,ROADSIDE - 401W-TORONTO,Hexane,2021-10-01T00:00,0.656,µg/m³,VOC,GC-MS
60438,ROADSIDE - 401W-TORONTO,Hexane,2021-10-07T00:00,0.992,µg/m³,VOC,GC-MS
60438,ROADSIDE - 401W-TORONTO,Hexane,2021-10-13T00:00,0.516,µg/m³,VOC,GC-MS
60438,ROADSIDE - 401W-TORONTO,Hexane,2021-10-19T00:00,0.441,µg/m³,VOC,GC-MS
60438,ROADSIDE - 401W-TORONTO,Hexane,2021-10-25T00:00,0.441,µg/m³,VOC,GC-MS
60438,ROADSIDE - 401W-TORONTO,Hexane,2021-10-31T00:00,0.276,µg/m³,VOC,GC-MS
60438,ROADSIDE - 401W-TORONTO,Hexane,2021-11-18T00:00,0.271,µg/m³,VOC,GC-MS
60438,ROADSIDE - 401W-TORONTO,Hexane,2021-11-24T00:00,0.534,µg/m³,VOC,GC-MS
60438,ROADSIDE - 401W-TORONTO,Hexane,2021-11-30T00:00,0.679,µg/m³,VOC,GC-MS
60438,ROADSIDE - 401W-TORONTO,Hexane,2021-12-06T00:00,0.216,µg/m³,VOC,GC-MS
60438,ROADSIDE - 401W-TORONTO,Hexane,2021-12-12T00:00,0.108,µg/m³,VOC,GC-MS
