﻿NAPS_Site_ID,Station_Name,Pollutant,Date,Value,Units,Report_Type,Method
80110,REGINA-2505 11TH. AVENUE,o-Xylene,2007-01-06T00:00,0.194,µg/m³,VOC,N/A
80110,REGINA-2505 11TH. AVENUE,o-Xylene,2007-01-12T00:00,0.278,µg/m³,VOC,N/A
80110,REGINA-2505 11TH. AVENUE,o-Xylene,2007-01-18T00:00,0.449,µg/m³,VOC,N/A
80110,REGINA-2505 11TH. AVENUE,o-Xylene,2007-01-24T00:00,0.952,µg/m³,VOC,N/A
80110,REGINA-2505 11TH. AVENUE,o-Xylene,2007-01-30T00:00,0.387,µg/m³,VOC,N/A
80110,REGINA-2505 11TH. AVENUE,o-Xylene,2007-02-05T00:00,0.122,µg/m³,VOC,N/A
80110,REGINA-2505 11TH. AVENUE,o-Xylene,2007-02-11T00:00,0.217,µg/m³,VOC,N/A
80110,REGINA-2505 11TH. AVENUE,o-Xylene,2007-02-17T00:00,0.155,µg/m³,VOC,N/A
80110,REGINA-2505 11TH. AVENUE,o-Xylene,2007-02-23T00:00,0.161,µg/m³,VOC,N/A
80110,REGINA-2505 11TH. AVENUE,o-Xylene,2007-03-01T00:00,0.408,µg/m³,VOC,N/A
80110,REGINA-2505 11TH. AVENUE,o-Xylene,2007-03-19T00:00,0.060,µg/m³,VOC,N/A
80110,REGINA-2505 11TH. AVENUE,o-Xylene,2007-03-31T00:00,0.093,µg/m³,VOC,N/A
80110,REGINA-2505 11TH. AVENUE,o-Xylene,2007-04-06T00:00,0.142,µg/m³,VOC,N/A
80110,REGINA-2505 11TH. AVENUE,o-Xylene,2007-04-12T00:00,0.496,µg/m³,VOC,N/A
80110,REGINA-2505 11TH. AVENUE,o-Xylene,2007-04-18T00:00,0.108,µg/m³,VOC,N/A
80110,REGINA-2505 11TH. AVENUE,o-Xylene,2007-04-24T00:00,0.181,µg/m³,VOC,N/A
80110,REGINA-2505 11TH. AVENUE,o-Xylene,2007-05-24T00:00,0.264,µg/m³,VOC,N/A
80110,REGINA-2505 11TH. AVENUE,o-Xylene,2007-06-29T00:00,0.202,µg/m³,VOC,N/A
80110,REGINA-2505 11TH. AVENUE,o-Xylene,2007-07-05T00:00,0.323,µg/m³,VOC,N/A
80110,REGINA-2505 11TH. AVENUE,o-Xylene,2007-07-11T00:00,0.361,µg/m³,VOC,N/A
80110,REGINA-2505 11TH. AVENUE,o-Xylene,2007-07-17T00:00,0.358,µg/m³,VOC,N/A
80110,REGINA-2505 11TH. AVENUE,o-Xylene,2007-07-23T00:00,0.301,µg/m³,VOC,N/A
80110,REGINA-2505 11TH. AVENUE,o-Xylene,2007-07-29T00:00,0.226,µg/m³,VOC,N/A
80110,REGINA-2505 11TH. AVENUE,o-Xylene,2007-08-04T00:00,0.912,µg/m³,VOC,N/A
80110,REGINA-2505 11TH. AVENUE,o-Xylene,2007-08-10T00:00,0.318,µg/m³,VOC,N/A
80110,REGINA-2505 11TH. AVENUE,o-Xylene,2007-08-16T00:00,0.582,µg/m³,VOC,N/A
80110,REGINA-2505 11TH. AVENUE,o-Xylene,2007-08-22T00:00,0.189,µg/m³,VOC,N/A
80110,REGINA-2505 11TH. AVENUE,o-Xylene,2007-08-28T00:00,0.286,µg/m³,VOC,N/A
80110,REGINA-2505 11TH. AVENUE,o-Xylene,2007-09-03T00:00,0.132,µg/m³,VOC,N/A
80110,REGINA-2505 11TH. AVENUE,o-Xylene,2007-09-09T00:00,0.253,µg/m³,VOC,N/A
80110,REGINA-2505 11TH. AVENUE,o-Xylene,2007-09-15T00:00,0.791,µg/m³,VOC,N/A
80110,REGINA-2505 11TH. AVENUE,o-Xylene,2007-09-21T00:00,0.431,µg/m³,VOC,N/A
80110,REGINA-2505 11TH. AVENUE,o-Xylene,2007-09-27T00:00,0.357,µg/m³,VOC,N/A
80110,REGINA-2505 11TH. AVENUE,o-Xylene,2007-10-03T00:00,0.253,µg/m³,VOC,N/A
80110,REGINA-2505 11TH. AVENUE,o-Xylene,2007-10-09T00:00,0.258,µg/m³,VOC,N/A
80110,REGINA-2505 11TH. AVENUE,o-Xylene,2007-10-15T00:00,0.128,µg/m³,VOC,N/A
80110,REGINA-2505 11TH. AVENUE,o-Xylene,2007-10-21T00:00,0.305,µg/m³,VOC,N/A
80110,REGINA-2505 11TH. AVENUE,o-Xylene,2007-10-27T00:00,0.174,µg/m³,VOC,N/A
80110,REGINA-2505 11TH. AVENUE,o-Xylene,2007-11-02T00:00,0.319,µg/m³,VOC,N/A
80110,REGINA-2505 11TH. AVENUE,o-Xylene,2007-11-08T00:00,0.169,µg/m³,VOC,N/A
80110,REGINA-2505 11TH. AVENUE,o-Xylene,2007-11-20T00:00,0.386,µg/m³,VOC,N/A
80110,REGINA-2505 11TH. AVENUE,o-Xylene,2007-11-26T00:00,0.197,µg/m³,VOC,N/A
80110,REGINA-2505 11TH. AVENUE,o-Xylene,2007-12-02T00:00,0.106,µg/m³,VOC,N/A
80110,REGINA-2505 11TH. AVENUE,o-Xylene,2007-12-08T00:00,0.149,µg/m³,VOC,N/A
80110,REGINA-2505 11TH. AVENUE,o-Xylene,2007-12-14T00:00,0.237,µg/m³,VOC,N/A
80110,REGINA-2505 11TH. AVENUE,o-Xylene,2007-12-26T00:00,0.120,µg/m³,VOC,N/A
