﻿NAPS_Site_ID,Station_Name,Pollutant,Date,Value,Units,Report_Type,Method
100119,BURNABY SOUTH,Cyclopentane,2015-01-05T19:00,0.132,µg/m³,VOC,
100119,BURNABY SOUTH,Cyclopentane,2015-01-11T19:00,0.262,µg/m³,VOC,
100119,BURNABY SOUTH,Cyclopentane,2015-01-29T19:00,0.199,µg/m³,VOC,
100119,BURNABY SOUTH,Cyclopentane,2015-02-04T19:00,0.061,µg/m³,VOC,
100119,BURNABY SOUTH,Cyclopentane,2015-02-10T19:00,0.122,µg/m³,VOC,
100119,BURNABY SOUTH,Cyclopentane,2015-02-16T19:00,0.168,µg/m³,VOC,
100119,BURNABY SOUTH,Cyclopentane,2015-02-22T19:00,0.172,µg/m³,VOC,
100119,BURNABY SOUTH,Cyclopentane,2015-02-28T19:00,0.052,µg/m³,VOC,
100119,BURNABY SOUTH,Cyclopentane,2015-03-12T20:00,0.148,µg/m³,VOC,
100119,BURNABY SOUTH,Cyclopentane,2015-03-18T20:00,0.059,µg/m³,VOC,
100119,BURNABY SOUTH,Cyclopentane,2015-03-30T20:00,0.122,µg/m³,VOC,
100119,BURNABY SOUTH,Cyclopentane,2015-04-05T20:00,0.052,µg/m³,VOC,
100119,BURNABY SOUTH,Cyclopentane,2015-04-11T20:00,0.024,µg/m³,VOC,
100119,BURNABY SOUTH,Cyclopentane,2015-04-23T20:00,0.017,µg/m³,VOC,
100119,BURNABY SOUTH,Cyclopentane,2015-04-29T20:00,0.027,µg/m³,VOC,
100119,BURNABY SOUTH,Cyclopentane,2015-05-05T20:00,0.056,µg/m³,VOC,
100119,BURNABY SOUTH,Cyclopentane,2015-05-11T20:00,0.045,µg/m³,VOC,
100119,BURNABY SOUTH,Cyclopentane,2015-05-17T20:00,0.081,µg/m³,VOC,
100119,BURNABY SOUTH,Cyclopentane,2015-05-23T20:00,0.032,µg/m³,VOC,
100119,BURNABY SOUTH,Cyclopentane,2015-05-29T20:00,0.057,µg/m³,VOC,
100119,BURNABY SOUTH,Cyclopentane,2015-06-04T20:00,0.128,µg/m³,VOC,
100119,BURNABY SOUTH,Cyclopentane,2015-06-10T20:00,0.034,µg/m³,VOC,
100119,BURNABY SOUTH,Cyclopentane,2015-06-16T20:00,0.029,µg/m³,VOC,
100119,BURNABY SOUTH,Cyclopentane,2015-06-22T20:00,0.028,µg/m³,VOC,
100119,BURNABY SOUTH,Cyclopentane,2015-06-28T20:00,0.071,µg/m³,VOC,
100119,BURNABY SOUTH,Cyclopentane,2015-07-04T20:00,0.076,µg/m³,VOC,
100119,BURNABY SOUTH,Cyclopentane,2015-07-10T20:00,0.027,µg/m³,VOC,
100119,BURNABY SOUTH,Cyclopentane,2015-07-16T20:00,0.095,µg/m³,VOC,
100119,BURNABY SOUTH,Cyclopentane,2015-07-22T20:00,0.079,µg/m³,VOC,
100119,BURNABY SOUTH,Cyclopentane,2015-07-28T20:00,0.133,µg/m³,VOC,
100119,BURNABY SOUTH,Cyclopentane,2015-08-03T20:00,0.054,µg/m³,VOC,
100119,BURNABY SOUTH,Cyclopentane,2015-08-09T20:00,0.110,µg/m³,VOC,
100119,BURNABY SOUTH,Cyclopentane,2015-08-15T20:00,0.081,µg/m³,VOC,
100119,BURNABY SOUTH,Cyclopentane,2015-08-21T20:00,0.092,µg/m³,VOC,
100119,BURNABY SOUTH,Cyclopentane,2015-08-27T20:00,0.077,µg/m³,VOC,
100119,BURNABY SOUTH,Cyclopentane,2015-09-02T20:00,0.033,µg/m³,VOC,
100119,BURNABY SOUTH,Cyclopentane,2015-09-08T20:00,0.039,µg/m³,VOC,
100119,BURNABY SOUTH,Cyclopentane,2015-09-20T20:00,0.042,µg/m³,VOC,
100119,BURNABY SOUTH,Cyclopentane,2015-09-26T20:00,0.051,µg/m³,VOC,
100119,BURNABY SOUTH,Cyclopentane,2015-10-02T20:00,0.396,µg/m³,VOC,
100119,BURNABY SOUTH,Cyclopentane,2015-10-14T20:00,0.195,µg/m³,VOC,
100119,BURNABY SOUTH,Cyclopentane,2015-10-20T20:00,0.083,µg/m³,VOC,
100119,BURNABY SOUTH,Cyclopentane,2015-10-26T20:00,0.121,µg/m³,VOC,
100119,BURNABY SOUTH,Cyclopentane,2015-11-01T19:00,0.081,µg/m³,VOC,
100119,BURNABY SOUTH,Cyclopentane,2015-11-07T19:00,0.049,µg/m³,VOC,
100119,BURNABY SOUTH,Cyclopentane,2015-11-13T19:00,0.053,µg/m³,VOC,
100119,BURNABY SOUTH,Cyclopentane,2015-11-19T19:00,0.165,µg/m³,VOC,
100119,BURNABY SOUTH,Cyclopentane,2015-11-25T19:00,0.088,µg/m³,VOC,
100119,BURNABY SOUTH,Cyclopentane,2015-12-01T19:00,0.034,µg/m³,VOC,
100119,BURNABY SOUTH,Cyclopentane,2015-12-07T19:00,0.028,µg/m³,VOC,
100119,BURNABY SOUTH,Cyclopentane,2015-12-13T19:00,0.075,µg/m³,VOC,
100119,BURNABY SOUTH,Cyclopentane,2015-12-19T19:00,0.027,µg/m³,VOC,
100119,BURNABY SOUTH,Cyclopentane,2015-12-25T19:00,0.037,µg/m³,VOC,
