﻿NAPS_Site_ID,Station_Name,Pollutant,Date,Value,Units,Report_Type,Method
31201,GRANTON,"1,1,2-Trichloroethane",2015-12-31T19:00,0.003,µg/m³,VOC,N/A
31201,GRANTON,"1,1,2-Trichloroethane",2016-01-06T19:00,0.003,µg/m³,VOC,N/A
31201,GRANTON,"1,1,2-Trichloroethane",2016-01-12T19:00,0.003,µg/m³,VOC,N/A
31201,GRANTON,"1,1,2-Trichloroethane",2016-01-18T19:00,0.003,µg/m³,VOC,N/A
31201,GRANTON,"1,1,2-Trichloroethane",2016-01-24T19:00,0.003,µg/m³,VOC,N/A
31201,GRANTON,"1,1,2-Trichloroethane",2016-02-11T19:00,0.003,µg/m³,VOC,N/A
31201,GRANTON,"1,1,2-Trichloroethane",2016-02-17T19:00,0.003,µg/m³,VOC,N/A
31201,GRANTON,"1,1,2-Trichloroethane",2016-02-23T19:00,0.003,µg/m³,VOC,N/A
31201,GRANTON,"1,1,2-Trichloroethane",2016-02-29T19:00,0.002,µg/m³,VOC,N/A
31201,GRANTON,"1,1,2-Trichloroethane",2016-03-06T19:00,0.002,µg/m³,VOC,N/A
31201,GRANTON,"1,1,2-Trichloroethane",2016-03-12T19:00,0.003,µg/m³,VOC,N/A
31201,GRANTON,"1,1,2-Trichloroethane",2016-03-18T20:00,0.003,µg/m³,VOC,N/A
31201,GRANTON,"1,1,2-Trichloroethane",2016-03-24T20:00,0.003,µg/m³,VOC,N/A
