﻿NAPS_Site_ID,Station_Name,Pollutant,Date,Value,Units,Report_Type,Method
65101,EAGLE ST. & McCAFFREY RD. _NEWMARKET_,Carbontetrachloride,2015-01-05T19:00,0.542,µg/m³,VOC,
65101,EAGLE ST. & McCAFFREY RD. _NEWMARKET_,Carbontetrachloride,2015-01-11T19:00,0.418,µg/m³,VOC,
65101,EAGLE ST. & McCAFFREY RD. _NEWMARKET_,Carbontetrachloride,2015-01-17T19:00,0.575,µg/m³,VOC,
65101,EAGLE ST. & McCAFFREY RD. _NEWMARKET_,Carbontetrachloride,2015-01-23T19:00,0.577,µg/m³,VOC,
65101,EAGLE ST. & McCAFFREY RD. _NEWMARKET_,Carbontetrachloride,2015-01-29T19:00,0.593,µg/m³,VOC,
65101,EAGLE ST. & McCAFFREY RD. _NEWMARKET_,Carbontetrachloride,2015-02-04T19:00,0.547,µg/m³,VOC,
65101,EAGLE ST. & McCAFFREY RD. _NEWMARKET_,Carbontetrachloride,2015-02-10T19:00,0.521,µg/m³,VOC,
65101,EAGLE ST. & McCAFFREY RD. _NEWMARKET_,Carbontetrachloride,2015-02-16T19:00,0.627,µg/m³,VOC,
65101,EAGLE ST. & McCAFFREY RD. _NEWMARKET_,Carbontetrachloride,2015-02-22T19:00,0.421,µg/m³,VOC,
65101,EAGLE ST. & McCAFFREY RD. _NEWMARKET_,Carbontetrachloride,2015-02-28T19:00,0.498,µg/m³,VOC,
65101,EAGLE ST. & McCAFFREY RD. _NEWMARKET_,Carbontetrachloride,2015-03-06T19:00,0.489,µg/m³,VOC,
65101,EAGLE ST. & McCAFFREY RD. _NEWMARKET_,Carbontetrachloride,2015-03-12T20:00,0.526,µg/m³,VOC,
65101,EAGLE ST. & McCAFFREY RD. _NEWMARKET_,Carbontetrachloride,2015-03-18T20:00,0.510,µg/m³,VOC,
65101,EAGLE ST. & McCAFFREY RD. _NEWMARKET_,Carbontetrachloride,2015-03-24T20:00,0.513,µg/m³,VOC,
65101,EAGLE ST. & McCAFFREY RD. _NEWMARKET_,Carbontetrachloride,2015-03-30T20:00,0.456,µg/m³,VOC,
65101,EAGLE ST. & McCAFFREY RD. _NEWMARKET_,Carbontetrachloride,2015-04-05T20:00,0.600,µg/m³,VOC,
65101,EAGLE ST. & McCAFFREY RD. _NEWMARKET_,Carbontetrachloride,2015-04-11T20:00,0.591,µg/m³,VOC,
65101,EAGLE ST. & McCAFFREY RD. _NEWMARKET_,Carbontetrachloride,2015-04-17T20:00,0.601,µg/m³,VOC,
65101,EAGLE ST. & McCAFFREY RD. _NEWMARKET_,Carbontetrachloride,2015-04-23T20:00,0.618,µg/m³,VOC,
65101,EAGLE ST. & McCAFFREY RD. _NEWMARKET_,Carbontetrachloride,2015-04-29T20:00,0.558,µg/m³,VOC,
65101,EAGLE ST. & McCAFFREY RD. _NEWMARKET_,Carbontetrachloride,2015-05-05T20:00,0.632,µg/m³,VOC,
65101,EAGLE ST. & McCAFFREY RD. _NEWMARKET_,Carbontetrachloride,2015-06-22T20:00,0.515,µg/m³,VOC,
65101,EAGLE ST. & McCAFFREY RD. _NEWMARKET_,Carbontetrachloride,2015-06-28T20:00,0.514,µg/m³,VOC,
65101,EAGLE ST. & McCAFFREY RD. _NEWMARKET_,Carbontetrachloride,2015-07-04T20:00,0.491,µg/m³,VOC,
65101,EAGLE ST. & McCAFFREY RD. _NEWMARKET_,Carbontetrachloride,2015-07-10T20:00,0.507,µg/m³,VOC,
65101,EAGLE ST. & McCAFFREY RD. _NEWMARKET_,Carbontetrachloride,2015-07-16T20:00,0.434,µg/m³,VOC,
65101,EAGLE ST. & McCAFFREY RD. _NEWMARKET_,Carbontetrachloride,2015-07-22T20:00,0.434,µg/m³,VOC,
65101,EAGLE ST. & McCAFFREY RD. _NEWMARKET_,Carbontetrachloride,2015-07-28T20:00,0.421,µg/m³,VOC,
65101,EAGLE ST. & McCAFFREY RD. _NEWMARKET_,Carbontetrachloride,2015-08-03T20:00,0.467,µg/m³,VOC,
65101,EAGLE ST. & McCAFFREY RD. _NEWMARKET_,Carbontetrachloride,2015-08-09T20:00,0.460,µg/m³,VOC,
65101,EAGLE ST. & McCAFFREY RD. _NEWMARKET_,Carbontetrachloride,2015-08-15T20:00,0.490,µg/m³,VOC,
65101,EAGLE ST. & McCAFFREY RD. _NEWMARKET_,Carbontetrachloride,2015-08-21T20:00,0.543,µg/m³,VOC,
65101,EAGLE ST. & McCAFFREY RD. _NEWMARKET_,Carbontetrachloride,2015-08-27T20:00,0.524,µg/m³,VOC,
65101,EAGLE ST. & McCAFFREY RD. _NEWMARKET_,Carbontetrachloride,2015-09-02T20:00,0.484,µg/m³,VOC,
65101,EAGLE ST. & McCAFFREY RD. _NEWMARKET_,Carbontetrachloride,2015-09-08T20:00,0.514,µg/m³,VOC,
65101,EAGLE ST. & McCAFFREY RD. _NEWMARKET_,Carbontetrachloride,2015-09-14T20:00,0.471,µg/m³,VOC,
65101,EAGLE ST. & McCAFFREY RD. _NEWMARKET_,Carbontetrachloride,2015-09-20T20:00,0.479,µg/m³,VOC,
65101,EAGLE ST. & McCAFFREY RD. _NEWMARKET_,Carbontetrachloride,2015-09-26T20:00,0.514,µg/m³,VOC,
65101,EAGLE ST. & McCAFFREY RD. _NEWMARKET_,Carbontetrachloride,2015-10-02T20:00,0.545,µg/m³,VOC,
65101,EAGLE ST. & McCAFFREY RD. _NEWMARKET_,Carbontetrachloride,2015-10-08T20:00,0.466,µg/m³,VOC,
65101,EAGLE ST. & McCAFFREY RD. _NEWMARKET_,Carbontetrachloride,2015-10-14T20:00,0.462,µg/m³,VOC,
65101,EAGLE ST. & McCAFFREY RD. _NEWMARKET_,Carbontetrachloride,2015-10-20T20:00,0.464,µg/m³,VOC,
65101,EAGLE ST. & McCAFFREY RD. _NEWMARKET_,Carbontetrachloride,2015-10-26T20:00,0.525,µg/m³,VOC,
65101,EAGLE ST. & McCAFFREY RD. _NEWMARKET_,Carbontetrachloride,2015-11-01T19:00,0.482,µg/m³,VOC,
65101,EAGLE ST. & McCAFFREY RD. _NEWMARKET_,Carbontetrachloride,2015-11-07T19:00,0.496,µg/m³,VOC,
65101,EAGLE ST. & McCAFFREY RD. _NEWMARKET_,Carbontetrachloride,2015-11-13T19:00,0.512,µg/m³,VOC,
65101,EAGLE ST. & McCAFFREY RD. _NEWMARKET_,Carbontetrachloride,2015-11-19T19:00,0.568,µg/m³,VOC,
65101,EAGLE ST. & McCAFFREY RD. _NEWMARKET_,Carbontetrachloride,2015-11-25T19:00,0.522,µg/m³,VOC,
65101,EAGLE ST. & McCAFFREY RD. _NEWMARKET_,Carbontetrachloride,2015-12-01T19:00,0.451,µg/m³,VOC,
65101,EAGLE ST. & McCAFFREY RD. _NEWMARKET_,Carbontetrachloride,2015-12-07T19:00,0.529,µg/m³,VOC,
65101,EAGLE ST. & McCAFFREY RD. _NEWMARKET_,Carbontetrachloride,2015-12-13T19:00,0.464,µg/m³,VOC,
65101,EAGLE ST. & McCAFFREY RD. _NEWMARKET_,Carbontetrachloride,2015-12-19T19:00,0.473,µg/m³,VOC,
65101,EAGLE ST. & McCAFFREY RD. _NEWMARKET_,Carbontetrachloride,2015-12-25T19:00,0.478,µg/m³,VOC,
