﻿NAPS_Site_ID,Station_Name,Pollutant,Date,Value,Units,Report_Type,Method
100202,PRG PLAZA 400,Freon 22,2015-01-05T19:00,0.807,µg/m³,VOC,N/A
100202,PRG PLAZA 400,Freon 22,2015-01-11T19:00,0.826,µg/m³,VOC,N/A
100202,PRG PLAZA 400,Freon 22,2015-01-17T19:00,0.959,µg/m³,VOC,N/A
100202,PRG PLAZA 400,Freon 22,2015-01-23T19:00,0.850,µg/m³,VOC,N/A
100202,PRG PLAZA 400,Freon 22,2015-01-29T19:00,0.857,µg/m³,VOC,N/A
100202,PRG PLAZA 400,Freon 22,2015-02-04T19:00,0.735,µg/m³,VOC,N/A
100202,PRG PLAZA 400,Freon 22,2015-02-10T19:00,0.808,µg/m³,VOC,N/A
100202,PRG PLAZA 400,Freon 22,2015-02-16T19:00,0.899,µg/m³,VOC,N/A
100202,PRG PLAZA 400,Freon 22,2015-02-22T19:00,1.465,µg/m³,VOC,N/A
100202,PRG PLAZA 400,Freon 22,2015-02-28T19:00,0.873,µg/m³,VOC,N/A
100202,PRG PLAZA 400,Freon 22,2015-03-06T19:00,1.002,µg/m³,VOC,N/A
100202,PRG PLAZA 400,Freon 22,2015-03-12T20:00,0.792,µg/m³,VOC,N/A
100202,PRG PLAZA 400,Freon 22,2015-03-18T20:00,1.266,µg/m³,VOC,N/A
100202,PRG PLAZA 400,Freon 22,2015-03-24T20:00,1.042,µg/m³,VOC,N/A
100202,PRG PLAZA 400,Freon 22,2015-03-30T20:00,0.860,µg/m³,VOC,N/A
100202,PRG PLAZA 400,Freon 22,2015-04-05T20:00,0.886,µg/m³,VOC,N/A
100202,PRG PLAZA 400,Freon 22,2015-04-11T20:00,0.817,µg/m³,VOC,N/A
100202,PRG PLAZA 400,Freon 22,2015-04-17T20:00,0.913,µg/m³,VOC,N/A
100202,PRG PLAZA 400,Freon 22,2015-04-23T20:00,0.736,µg/m³,VOC,N/A
100202,PRG PLAZA 400,Freon 22,2015-04-29T20:00,0.875,µg/m³,VOC,N/A
100202,PRG PLAZA 400,Freon 22,2015-05-05T20:00,0.973,µg/m³,VOC,N/A
100202,PRG PLAZA 400,Freon 22,2015-05-11T20:00,0.933,µg/m³,VOC,N/A
100202,PRG PLAZA 400,Freon 22,2015-05-17T20:00,0.854,µg/m³,VOC,N/A
100202,PRG PLAZA 400,Freon 22,2015-05-23T20:00,1.420,µg/m³,VOC,N/A
100202,PRG PLAZA 400,Freon 22,2015-05-29T20:00,0.891,µg/m³,VOC,N/A
100202,PRG PLAZA 400,Freon 22,2015-06-04T20:00,0.912,µg/m³,VOC,N/A
100202,PRG PLAZA 400,Freon 22,2015-06-10T20:00,0.932,µg/m³,VOC,N/A
100202,PRG PLAZA 400,Freon 22,2015-06-16T20:00,0.944,µg/m³,VOC,N/A
100202,PRG PLAZA 400,Freon 22,2015-06-22T20:00,1.157,µg/m³,VOC,N/A
100202,PRG PLAZA 400,Freon 22,2015-06-28T20:00,0.870,µg/m³,VOC,N/A
100202,PRG PLAZA 400,Freon 22,2015-07-04T20:00,0.961,µg/m³,VOC,N/A
100202,PRG PLAZA 400,Freon 22,2015-07-10T20:00,1.044,µg/m³,VOC,N/A
100202,PRG PLAZA 400,Freon 22,2015-07-16T20:00,1.003,µg/m³,VOC,N/A
100202,PRG PLAZA 400,Freon 22,2015-07-28T20:00,4.638,µg/m³,VOC,N/A
100202,PRG PLAZA 400,Freon 22,2015-08-03T20:00,2.069,µg/m³,VOC,N/A
100202,PRG PLAZA 400,Freon 22,2015-08-09T20:00,0.944,µg/m³,VOC,N/A
100202,PRG PLAZA 400,Freon 22,2015-08-15T20:00,0.912,µg/m³,VOC,N/A
100202,PRG PLAZA 400,Freon 22,2015-08-21T20:00,0.926,µg/m³,VOC,N/A
100202,PRG PLAZA 400,Freon 22,2015-08-27T20:00,0.930,µg/m³,VOC,N/A
100202,PRG PLAZA 400,Freon 22,2015-09-02T20:00,0.997,µg/m³,VOC,N/A
100202,PRG PLAZA 400,Freon 22,2015-09-08T20:00,0.966,µg/m³,VOC,N/A
100202,PRG PLAZA 400,Freon 22,2015-09-14T20:00,1.198,µg/m³,VOC,N/A
100202,PRG PLAZA 400,Freon 22,2015-09-20T20:00,1.471,µg/m³,VOC,N/A
100202,PRG PLAZA 400,Freon 22,2015-09-26T20:00,0.944,µg/m³,VOC,N/A
100202,PRG PLAZA 400,Freon 22,2015-10-02T20:00,1.154,µg/m³,VOC,N/A
100202,PRG PLAZA 400,Freon 22,2015-10-08T20:00,0.947,µg/m³,VOC,N/A
100202,PRG PLAZA 400,Freon 22,2015-10-14T20:00,1.046,µg/m³,VOC,N/A
100202,PRG PLAZA 400,Freon 22,2015-10-20T20:00,1.075,µg/m³,VOC,N/A
100202,PRG PLAZA 400,Freon 22,2015-10-26T20:00,0.736,µg/m³,VOC,N/A
100202,PRG PLAZA 400,Freon 22,2015-11-01T19:00,0.764,µg/m³,VOC,N/A
100202,PRG PLAZA 400,Freon 22,2015-11-07T19:00,0.826,µg/m³,VOC,N/A
100202,PRG PLAZA 400,Freon 22,2015-11-13T19:00,0.823,µg/m³,VOC,N/A
100202,PRG PLAZA 400,Freon 22,2015-11-19T19:00,0.804,µg/m³,VOC,N/A
100202,PRG PLAZA 400,Freon 22,2015-11-25T19:00,0.888,µg/m³,VOC,N/A
100202,PRG PLAZA 400,Freon 22,2015-12-01T19:00,0.857,µg/m³,VOC,N/A
100202,PRG PLAZA 400,Freon 22,2015-12-13T19:00,1.082,µg/m³,VOC,N/A
100202,PRG PLAZA 400,Freon 22,2015-12-19T19:00,0.906,µg/m³,VOC,N/A
100202,PRG PLAZA 400,Freon 22,2015-12-25T19:00,0.803,µg/m³,VOC,N/A
