﻿NAPS_Site_ID,Station_Name,Pollutant,Date,Value,Units,Report_Type,Method
30118,VOGUE BUILDING,2-Methyl-2-butene,2002-01-02T00:00,0.170,µg/m³,VOC,
30118,VOGUE BUILDING,2-Methyl-2-butene,2002-01-08T00:00,0.160,µg/m³,VOC,
30118,VOGUE BUILDING,2-Methyl-2-butene,2002-01-14T00:00,0.130,µg/m³,VOC,
30118,VOGUE BUILDING,2-Methyl-2-butene,2002-01-20T00:00,0.300,µg/m³,VOC,
30118,VOGUE BUILDING,2-Methyl-2-butene,2002-01-26T00:00,0.260,µg/m³,VOC,
30118,VOGUE BUILDING,2-Methyl-2-butene,2002-02-01T00:00,0.800,µg/m³,VOC,
30118,VOGUE BUILDING,2-Methyl-2-butene,2002-02-07T00:00,0.770,µg/m³,VOC,
30118,VOGUE BUILDING,2-Methyl-2-butene,2002-02-13T00:00,0.180,µg/m³,VOC,
30118,VOGUE BUILDING,2-Methyl-2-butene,2002-02-19T00:00,0.170,µg/m³,VOC,
30118,VOGUE BUILDING,2-Methyl-2-butene,2002-02-25T00:00,0.490,µg/m³,VOC,
30118,VOGUE BUILDING,2-Methyl-2-butene,2002-03-03T00:00,0.200,µg/m³,VOC,
30118,VOGUE BUILDING,2-Methyl-2-butene,2002-03-09T00:00,0.800,µg/m³,VOC,
30118,VOGUE BUILDING,2-Methyl-2-butene,2002-03-15T00:00,0.450,µg/m³,VOC,
30118,VOGUE BUILDING,2-Methyl-2-butene,2002-03-21T00:00,0.450,µg/m³,VOC,
30118,VOGUE BUILDING,2-Methyl-2-butene,2002-03-27T00:00,0.320,µg/m³,VOC,
30118,VOGUE BUILDING,2-Methyl-2-butene,2002-04-02T00:00,0.155,µg/m³,VOC,
30118,VOGUE BUILDING,2-Methyl-2-butene,2002-04-08T00:00,0.186,µg/m³,VOC,
30118,VOGUE BUILDING,2-Methyl-2-butene,2002-04-14T00:00,0.553,µg/m³,VOC,
30118,VOGUE BUILDING,2-Methyl-2-butene,2002-04-20T00:00,0.286,µg/m³,VOC,
30118,VOGUE BUILDING,2-Methyl-2-butene,2002-04-26T00:00,0.432,µg/m³,VOC,
30118,VOGUE BUILDING,2-Methyl-2-butene,2002-05-02T00:00,0.378,µg/m³,VOC,
30118,VOGUE BUILDING,2-Methyl-2-butene,2002-05-08T00:00,0.320,µg/m³,VOC,
30118,VOGUE BUILDING,2-Methyl-2-butene,2002-05-14T00:00,0.436,µg/m³,VOC,
30118,VOGUE BUILDING,2-Methyl-2-butene,2002-05-20T00:00,0.266,µg/m³,VOC,
30118,VOGUE BUILDING,2-Methyl-2-butene,2002-05-26T00:00,0.217,µg/m³,VOC,
30118,VOGUE BUILDING,2-Methyl-2-butene,2002-06-01T00:00,0.400,µg/m³,VOC,
30118,VOGUE BUILDING,2-Methyl-2-butene,2002-06-07T00:00,0.826,µg/m³,VOC,
30118,VOGUE BUILDING,2-Methyl-2-butene,2002-06-13T00:00,0.546,µg/m³,VOC,
30118,VOGUE BUILDING,2-Methyl-2-butene,2002-06-19T00:00,0.547,µg/m³,VOC,
30118,VOGUE BUILDING,2-Methyl-2-butene,2002-06-25T00:00,0.297,µg/m³,VOC,
30118,VOGUE BUILDING,2-Methyl-2-butene,2002-07-01T00:00,0.643,µg/m³,VOC,
30118,VOGUE BUILDING,2-Methyl-2-butene,2002-07-07T00:00,0.387,µg/m³,VOC,
30118,VOGUE BUILDING,2-Methyl-2-butene,2002-07-13T00:00,0.359,µg/m³,VOC,
30118,VOGUE BUILDING,2-Methyl-2-butene,2002-07-19T00:00,0.905,µg/m³,VOC,
30118,VOGUE BUILDING,2-Methyl-2-butene,2002-07-25T00:00,0.851,µg/m³,VOC,
30118,VOGUE BUILDING,2-Methyl-2-butene,2002-07-31T00:00,0.722,µg/m³,VOC,
30118,VOGUE BUILDING,2-Methyl-2-butene,2002-08-06T00:00,0.404,µg/m³,VOC,
30118,VOGUE BUILDING,2-Methyl-2-butene,2002-08-12T00:00,0.277,µg/m³,VOC,
30118,VOGUE BUILDING,2-Methyl-2-butene,2002-08-18T00:00,0.640,µg/m³,VOC,
30118,VOGUE BUILDING,2-Methyl-2-butene,2002-08-24T00:00,0.629,µg/m³,VOC,
30118,VOGUE BUILDING,2-Methyl-2-butene,2002-08-30T00:00,0.603,µg/m³,VOC,
30118,VOGUE BUILDING,2-Methyl-2-butene,2002-09-05T00:00,0.313,µg/m³,VOC,
30118,VOGUE BUILDING,2-Methyl-2-butene,2002-09-11T00:00,0.523,µg/m³,VOC,
30118,VOGUE BUILDING,2-Methyl-2-butene,2002-09-17T00:00,0.446,µg/m³,VOC,
30118,VOGUE BUILDING,2-Methyl-2-butene,2002-09-23T00:00,0.467,µg/m³,VOC,
30118,VOGUE BUILDING,2-Methyl-2-butene,2002-09-29T00:00,0.168,µg/m³,VOC,
30118,VOGUE BUILDING,2-Methyl-2-butene,2002-10-05T00:00,0.302,µg/m³,VOC,
30118,VOGUE BUILDING,2-Methyl-2-butene,2002-10-11T00:00,0.858,µg/m³,VOC,
30118,VOGUE BUILDING,2-Methyl-2-butene,2002-10-17T00:00,1.081,µg/m³,VOC,
30118,VOGUE BUILDING,2-Methyl-2-butene,2002-10-23T00:00,0.255,µg/m³,VOC,
30118,VOGUE BUILDING,2-Methyl-2-butene,2002-10-29T00:00,0.238,µg/m³,VOC,
30118,VOGUE BUILDING,2-Methyl-2-butene,2002-11-04T00:00,0.467,µg/m³,VOC,
30118,VOGUE BUILDING,2-Methyl-2-butene,2002-11-10T00:00,0.359,µg/m³,VOC,
30118,VOGUE BUILDING,2-Methyl-2-butene,2002-11-16T00:00,0.565,µg/m³,VOC,
30118,VOGUE BUILDING,2-Methyl-2-butene,2002-11-22T00:00,0.981,µg/m³,VOC,
30118,VOGUE BUILDING,2-Methyl-2-butene,2002-12-04T00:00,0.281,µg/m³,VOC,
30118,VOGUE BUILDING,2-Methyl-2-butene,2002-12-10T00:00,0.243,µg/m³,VOC,
30118,VOGUE BUILDING,2-Methyl-2-butene,2002-12-16T00:00,0.324,µg/m³,VOC,
30118,VOGUE BUILDING,2-Methyl-2-butene,2002-12-22T00:00,0.253,µg/m³,VOC,
30118,VOGUE BUILDING,2-Methyl-2-butene,2002-12-28T00:00,0.248,µg/m³,VOC,
