﻿NAPS_Site_ID,Station_Name,Pollutant,Date,Value,Units,Report_Type,Method
62601,EXPERIMENTAL FARM _SIMCOE_,Titanium,2008-12-31T19:00,0.000,µg/m³,DICHOT,
62601,EXPERIMENTAL FARM _SIMCOE_,Titanium,2008-12-31T19:00,0.000,µg/m³,DICHOT,
62601,EXPERIMENTAL FARM _SIMCOE_,Titanium,2009-01-03T19:00,0.001,µg/m³,DICHOT,
62601,EXPERIMENTAL FARM _SIMCOE_,Titanium,2009-01-03T19:00,0.002,µg/m³,DICHOT,
62601,EXPERIMENTAL FARM _SIMCOE_,Titanium,2009-01-06T19:00,0.000,µg/m³,DICHOT,
62601,EXPERIMENTAL FARM _SIMCOE_,Titanium,2009-01-06T19:00,0.000,µg/m³,DICHOT,
62601,EXPERIMENTAL FARM _SIMCOE_,Titanium,2009-01-09T19:00,0.000,µg/m³,DICHOT,
62601,EXPERIMENTAL FARM _SIMCOE_,Titanium,2009-01-09T19:00,0.004,µg/m³,DICHOT,
62601,EXPERIMENTAL FARM _SIMCOE_,Titanium,2009-01-12T19:00,0.001,µg/m³,DICHOT,
62601,EXPERIMENTAL FARM _SIMCOE_,Titanium,2009-01-12T19:00,0.001,µg/m³,DICHOT,
62601,EXPERIMENTAL FARM _SIMCOE_,Titanium,2009-01-18T19:00,0.000,µg/m³,DICHOT,
62601,EXPERIMENTAL FARM _SIMCOE_,Titanium,2009-01-18T19:00,0.001,µg/m³,DICHOT,
62601,EXPERIMENTAL FARM _SIMCOE_,Titanium,2009-01-21T19:00,0.002,µg/m³,DICHOT,
62601,EXPERIMENTAL FARM _SIMCOE_,Titanium,2009-01-21T19:00,0.004,µg/m³,DICHOT,
62601,EXPERIMENTAL FARM _SIMCOE_,Titanium,2009-01-27T19:00,0.001,µg/m³,DICHOT,
62601,EXPERIMENTAL FARM _SIMCOE_,Titanium,2009-01-27T19:00,0.002,µg/m³,DICHOT,
62601,EXPERIMENTAL FARM _SIMCOE_,Titanium,2009-01-30T19:00,0.001,µg/m³,DICHOT,
62601,EXPERIMENTAL FARM _SIMCOE_,Titanium,2009-01-30T19:00,0.003,µg/m³,DICHOT,
62601,EXPERIMENTAL FARM _SIMCOE_,Titanium,2009-02-02T19:00,0.002,µg/m³,DICHOT,
62601,EXPERIMENTAL FARM _SIMCOE_,Titanium,2009-02-02T19:00,0.003,µg/m³,DICHOT,
62601,EXPERIMENTAL FARM _SIMCOE_,Titanium,2009-02-05T19:00,0.009,µg/m³,DICHOT,
62601,EXPERIMENTAL FARM _SIMCOE_,Titanium,2009-02-05T19:00,0.012,µg/m³,DICHOT,
62601,EXPERIMENTAL FARM _SIMCOE_,Titanium,2009-02-08T19:00,0.005,µg/m³,DICHOT,
62601,EXPERIMENTAL FARM _SIMCOE_,Titanium,2009-02-08T19:00,0.006,µg/m³,DICHOT,
62601,EXPERIMENTAL FARM _SIMCOE_,Titanium,2009-02-11T19:00,0.000,µg/m³,DICHOT,
62601,EXPERIMENTAL FARM _SIMCOE_,Titanium,2009-02-11T19:00,0.000,µg/m³,DICHOT,
62601,EXPERIMENTAL FARM _SIMCOE_,Titanium,2009-02-17T19:00,0.001,µg/m³,DICHOT,
62601,EXPERIMENTAL FARM _SIMCOE_,Titanium,2009-02-17T19:00,0.002,µg/m³,DICHOT,
62601,EXPERIMENTAL FARM _SIMCOE_,Titanium,2009-02-20T19:00,0.002,µg/m³,DICHOT,
62601,EXPERIMENTAL FARM _SIMCOE_,Titanium,2009-02-20T19:00,0.003,µg/m³,DICHOT,
62601,EXPERIMENTAL FARM _SIMCOE_,Titanium,2009-02-23T19:00,0.001,µg/m³,DICHOT,
62601,EXPERIMENTAL FARM _SIMCOE_,Titanium,2009-02-23T19:00,0.002,µg/m³,DICHOT,
62601,EXPERIMENTAL FARM _SIMCOE_,Titanium,2009-02-26T19:00,0.001,µg/m³,DICHOT,
62601,EXPERIMENTAL FARM _SIMCOE_,Titanium,2009-02-26T19:00,0.004,µg/m³,DICHOT,
62601,EXPERIMENTAL FARM _SIMCOE_,Titanium,2009-03-01T19:00,0.003,µg/m³,DICHOT,
62601,EXPERIMENTAL FARM _SIMCOE_,Titanium,2009-03-01T19:00,0.006,µg/m³,DICHOT,
62601,EXPERIMENTAL FARM _SIMCOE_,Titanium,2009-03-04T19:00,0.010,µg/m³,DICHOT,
62601,EXPERIMENTAL FARM _SIMCOE_,Titanium,2009-03-04T19:00,0.011,µg/m³,DICHOT,
62601,EXPERIMENTAL FARM _SIMCOE_,Titanium,2009-03-07T19:00,0.001,µg/m³,DICHOT,
62601,EXPERIMENTAL FARM _SIMCOE_,Titanium,2009-03-07T19:00,0.002,µg/m³,DICHOT,
62601,EXPERIMENTAL FARM _SIMCOE_,Titanium,2009-03-10T20:00,0.001,µg/m³,DICHOT,
62601,EXPERIMENTAL FARM _SIMCOE_,Titanium,2009-03-10T20:00,0.005,µg/m³,DICHOT,
62601,EXPERIMENTAL FARM _SIMCOE_,Titanium,2009-03-13T20:00,0.004,µg/m³,DICHOT,
62601,EXPERIMENTAL FARM _SIMCOE_,Titanium,2009-03-13T20:00,0.006,µg/m³,DICHOT,
62601,EXPERIMENTAL FARM _SIMCOE_,Titanium,2009-03-16T20:00,0.001,µg/m³,DICHOT,
62601,EXPERIMENTAL FARM _SIMCOE_,Titanium,2009-03-16T20:00,0.009,µg/m³,DICHOT,
62601,EXPERIMENTAL FARM _SIMCOE_,Titanium,2009-03-19T20:00,0.002,µg/m³,DICHOT,
62601,EXPERIMENTAL FARM _SIMCOE_,Titanium,2009-03-19T20:00,0.003,µg/m³,DICHOT,
62601,EXPERIMENTAL FARM _SIMCOE_,Titanium,2009-03-22T20:00,0.000,µg/m³,DICHOT,
62601,EXPERIMENTAL FARM _SIMCOE_,Titanium,2009-03-22T20:00,0.004,µg/m³,DICHOT,
62601,EXPERIMENTAL FARM _SIMCOE_,Titanium,2009-03-25T20:00,0.001,µg/m³,DICHOT,
62601,EXPERIMENTAL FARM _SIMCOE_,Titanium,2009-03-25T20:00,0.004,µg/m³,DICHOT,
62601,EXPERIMENTAL FARM _SIMCOE_,Titanium,2009-03-28T20:00,0.000,µg/m³,DICHOT,
62601,EXPERIMENTAL FARM _SIMCOE_,Titanium,2009-03-28T20:00,0.001,µg/m³,DICHOT,
62601,EXPERIMENTAL FARM _SIMCOE_,Titanium,2009-03-31T20:00,0.001,µg/m³,DICHOT,
62601,EXPERIMENTAL FARM _SIMCOE_,Titanium,2009-03-31T20:00,0.002,µg/m³,DICHOT,
62601,EXPERIMENTAL FARM _SIMCOE_,Titanium,2009-04-03T20:00,0.000,µg/m³,DICHOT,
62601,EXPERIMENTAL FARM _SIMCOE_,Titanium,2009-04-03T20:00,0.000,µg/m³,DICHOT,
62601,EXPERIMENTAL FARM _SIMCOE_,Titanium,2009-04-06T20:00,0.001,µg/m³,DICHOT,
62601,EXPERIMENTAL FARM _SIMCOE_,Titanium,2009-04-06T20:00,0.001,µg/m³,DICHOT,
62601,EXPERIMENTAL FARM _SIMCOE_,Titanium,2009-04-09T20:00,0.003,µg/m³,DICHOT,
62601,EXPERIMENTAL FARM _SIMCOE_,Titanium,2009-04-09T20:00,0.004,µg/m³,DICHOT,
62601,EXPERIMENTAL FARM _SIMCOE_,Titanium,2009-04-12T20:00,0.000,µg/m³,DICHOT,
62601,EXPERIMENTAL FARM _SIMCOE_,Titanium,2009-04-12T20:00,0.003,µg/m³,DICHOT,
62601,EXPERIMENTAL FARM _SIMCOE_,Titanium,2009-04-15T20:00,0.003,µg/m³,DICHOT,
62601,EXPERIMENTAL FARM _SIMCOE_,Titanium,2009-04-15T20:00,0.008,µg/m³,DICHOT,
62601,EXPERIMENTAL FARM _SIMCOE_,Titanium,2009-04-18T20:00,0.001,µg/m³,DICHOT,
62601,EXPERIMENTAL FARM _SIMCOE_,Titanium,2009-04-18T20:00,0.005,µg/m³,DICHOT,
62601,EXPERIMENTAL FARM _SIMCOE_,Titanium,2009-06-08T20:00,0.000,µg/m³,DICHOT,
62601,EXPERIMENTAL FARM _SIMCOE_,Titanium,2009-06-08T20:00,0.002,µg/m³,DICHOT,
62601,EXPERIMENTAL FARM _SIMCOE_,Titanium,2009-06-11T20:00,0.000,µg/m³,DICHOT,
62601,EXPERIMENTAL FARM _SIMCOE_,Titanium,2009-06-11T20:00,0.003,µg/m³,DICHOT,
62601,EXPERIMENTAL FARM _SIMCOE_,Titanium,2009-06-14T20:00,0.000,µg/m³,DICHOT,
62601,EXPERIMENTAL FARM _SIMCOE_,Titanium,2009-06-14T20:00,0.005,µg/m³,DICHOT,
62601,EXPERIMENTAL FARM _SIMCOE_,Titanium,2009-06-17T20:00,0.000,µg/m³,DICHOT,
62601,EXPERIMENTAL FARM _SIMCOE_,Titanium,2009-06-17T20:00,0.000,µg/m³,DICHOT,
62601,EXPERIMENTAL FARM _SIMCOE_,Titanium,2009-06-20T20:00,0.000,µg/m³,DICHOT,
62601,EXPERIMENTAL FARM _SIMCOE_,Titanium,2009-06-20T20:00,0.000,µg/m³,DICHOT,
62601,EXPERIMENTAL FARM _SIMCOE_,Titanium,2009-06-23T20:00,0.000,µg/m³,DICHOT,
62601,EXPERIMENTAL FARM _SIMCOE_,Titanium,2009-06-23T20:00,0.007,µg/m³,DICHOT,
62601,EXPERIMENTAL FARM _SIMCOE_,Titanium,2009-06-26T20:00,0.000,µg/m³,DICHOT,
62601,EXPERIMENTAL FARM _SIMCOE_,Titanium,2009-06-26T20:00,0.000,µg/m³,DICHOT,
62601,EXPERIMENTAL FARM _SIMCOE_,Titanium,2009-06-29T20:00,0.000,µg/m³,DICHOT,
62601,EXPERIMENTAL FARM _SIMCOE_,Titanium,2009-06-29T20:00,0.000,µg/m³,DICHOT,
62601,EXPERIMENTAL FARM _SIMCOE_,Titanium,2009-07-02T20:00,0.000,µg/m³,DICHOT,
62601,EXPERIMENTAL FARM _SIMCOE_,Titanium,2009-07-02T20:00,0.000,µg/m³,DICHOT,
62601,EXPERIMENTAL FARM _SIMCOE_,Titanium,2009-07-05T20:00,0.000,µg/m³,DICHOT,
62601,EXPERIMENTAL FARM _SIMCOE_,Titanium,2009-07-05T20:00,0.002,µg/m³,DICHOT,
62601,EXPERIMENTAL FARM _SIMCOE_,Titanium,2009-07-08T20:00,0.000,µg/m³,DICHOT,
62601,EXPERIMENTAL FARM _SIMCOE_,Titanium,2009-07-08T20:00,0.002,µg/m³,DICHOT,
62601,EXPERIMENTAL FARM _SIMCOE_,Titanium,2009-07-17T20:00,0.000,µg/m³,DICHOT,
62601,EXPERIMENTAL FARM _SIMCOE_,Titanium,2009-07-17T20:00,0.000,µg/m³,DICHOT,
62601,EXPERIMENTAL FARM _SIMCOE_,Titanium,2009-07-20T20:00,0.000,µg/m³,DICHOT,
62601,EXPERIMENTAL FARM _SIMCOE_,Titanium,2009-07-20T20:00,0.000,µg/m³,DICHOT,
62601,EXPERIMENTAL FARM _SIMCOE_,Titanium,2009-07-23T20:00,0.000,µg/m³,DICHOT,
62601,EXPERIMENTAL FARM _SIMCOE_,Titanium,2009-07-23T20:00,0.001,µg/m³,DICHOT,
62601,EXPERIMENTAL FARM _SIMCOE_,Titanium,2009-07-26T20:00,0.000,µg/m³,DICHOT,
62601,EXPERIMENTAL FARM _SIMCOE_,Titanium,2009-07-26T20:00,0.001,µg/m³,DICHOT,
62601,EXPERIMENTAL FARM _SIMCOE_,Titanium,2009-07-29T20:00,0.000,µg/m³,DICHOT,
62601,EXPERIMENTAL FARM _SIMCOE_,Titanium,2009-07-29T20:00,0.002,µg/m³,DICHOT,
62601,EXPERIMENTAL FARM _SIMCOE_,Titanium,2009-08-01T20:00,0.000,µg/m³,DICHOT,
62601,EXPERIMENTAL FARM _SIMCOE_,Titanium,2009-08-01T20:00,0.002,µg/m³,DICHOT,
62601,EXPERIMENTAL FARM _SIMCOE_,Titanium,2009-08-04T20:00,0.000,µg/m³,DICHOT,
62601,EXPERIMENTAL FARM _SIMCOE_,Titanium,2009-08-04T20:00,0.003,µg/m³,DICHOT,
62601,EXPERIMENTAL FARM _SIMCOE_,Titanium,2009-08-07T20:00,0.000,µg/m³,DICHOT,
62601,EXPERIMENTAL FARM _SIMCOE_,Titanium,2009-08-07T20:00,0.000,µg/m³,DICHOT,
62601,EXPERIMENTAL FARM _SIMCOE_,Titanium,2009-08-10T20:00,0.000,µg/m³,DICHOT,
62601,EXPERIMENTAL FARM _SIMCOE_,Titanium,2009-08-10T20:00,0.000,µg/m³,DICHOT,
62601,EXPERIMENTAL FARM _SIMCOE_,Titanium,2009-08-13T20:00,0.000,µg/m³,DICHOT,
62601,EXPERIMENTAL FARM _SIMCOE_,Titanium,2009-08-13T20:00,0.003,µg/m³,DICHOT,
62601,EXPERIMENTAL FARM _SIMCOE_,Titanium,2009-08-16T20:00,0.002,µg/m³,DICHOT,
62601,EXPERIMENTAL FARM _SIMCOE_,Titanium,2009-08-16T20:00,0.011,µg/m³,DICHOT,
62601,EXPERIMENTAL FARM _SIMCOE_,Titanium,2009-08-19T20:00,0.000,µg/m³,DICHOT,
62601,EXPERIMENTAL FARM _SIMCOE_,Titanium,2009-08-19T20:00,0.004,µg/m³,DICHOT,
62601,EXPERIMENTAL FARM _SIMCOE_,Titanium,2009-08-22T20:00,0.000,µg/m³,DICHOT,
62601,EXPERIMENTAL FARM _SIMCOE_,Titanium,2009-08-22T20:00,0.000,µg/m³,DICHOT,
62601,EXPERIMENTAL FARM _SIMCOE_,Titanium,2009-08-25T20:00,0.000,µg/m³,DICHOT,
62601,EXPERIMENTAL FARM _SIMCOE_,Titanium,2009-08-25T20:00,0.001,µg/m³,DICHOT,
62601,EXPERIMENTAL FARM _SIMCOE_,Titanium,2009-08-28T20:00,0.000,µg/m³,DICHOT,
62601,EXPERIMENTAL FARM _SIMCOE_,Titanium,2009-08-28T20:00,0.000,µg/m³,DICHOT,
62601,EXPERIMENTAL FARM _SIMCOE_,Titanium,2009-08-31T20:00,0.000,µg/m³,DICHOT,
62601,EXPERIMENTAL FARM _SIMCOE_,Titanium,2009-08-31T20:00,0.002,µg/m³,DICHOT,
62601,EXPERIMENTAL FARM _SIMCOE_,Titanium,2009-09-03T20:00,0.000,µg/m³,DICHOT,
62601,EXPERIMENTAL FARM _SIMCOE_,Titanium,2009-09-03T20:00,0.005,µg/m³,DICHOT,
62601,EXPERIMENTAL FARM _SIMCOE_,Titanium,2009-09-06T20:00,0.000,µg/m³,DICHOT,
62601,EXPERIMENTAL FARM _SIMCOE_,Titanium,2009-09-06T20:00,0.003,µg/m³,DICHOT,
62601,EXPERIMENTAL FARM _SIMCOE_,Titanium,2009-09-09T20:00,0.001,µg/m³,DICHOT,
62601,EXPERIMENTAL FARM _SIMCOE_,Titanium,2009-09-09T20:00,0.007,µg/m³,DICHOT,
62601,EXPERIMENTAL FARM _SIMCOE_,Titanium,2009-09-12T20:00,0.001,µg/m³,DICHOT,
62601,EXPERIMENTAL FARM _SIMCOE_,Titanium,2009-09-12T20:00,0.003,µg/m³,DICHOT,
62601,EXPERIMENTAL FARM _SIMCOE_,Titanium,2009-09-15T20:00,0.001,µg/m³,DICHOT,
62601,EXPERIMENTAL FARM _SIMCOE_,Titanium,2009-09-15T20:00,0.003,µg/m³,DICHOT,
62601,EXPERIMENTAL FARM _SIMCOE_,Titanium,2009-09-18T20:00,0.000,µg/m³,DICHOT,
62601,EXPERIMENTAL FARM _SIMCOE_,Titanium,2009-09-18T20:00,0.000,µg/m³,DICHOT,
62601,EXPERIMENTAL FARM _SIMCOE_,Titanium,2009-09-21T20:00,0.001,µg/m³,DICHOT,
62601,EXPERIMENTAL FARM _SIMCOE_,Titanium,2009-09-21T20:00,0.002,µg/m³,DICHOT,
62601,EXPERIMENTAL FARM _SIMCOE_,Titanium,2009-09-24T20:00,0.000,µg/m³,DICHOT,
62601,EXPERIMENTAL FARM _SIMCOE_,Titanium,2009-09-24T20:00,0.000,µg/m³,DICHOT,
62601,EXPERIMENTAL FARM _SIMCOE_,Titanium,2009-09-27T20:00,0.000,µg/m³,DICHOT,
62601,EXPERIMENTAL FARM _SIMCOE_,Titanium,2009-09-27T20:00,0.000,µg/m³,DICHOT,
62601,EXPERIMENTAL FARM _SIMCOE_,Titanium,2009-09-30T20:00,0.000,µg/m³,DICHOT,
62601,EXPERIMENTAL FARM _SIMCOE_,Titanium,2009-09-30T20:00,0.001,µg/m³,DICHOT,
62601,EXPERIMENTAL FARM _SIMCOE_,Titanium,2009-10-03T20:00,0.000,µg/m³,DICHOT,
62601,EXPERIMENTAL FARM _SIMCOE_,Titanium,2009-10-03T20:00,0.000,µg/m³,DICHOT,
62601,EXPERIMENTAL FARM _SIMCOE_,Titanium,2009-10-06T20:00,0.000,µg/m³,DICHOT,
62601,EXPERIMENTAL FARM _SIMCOE_,Titanium,2009-10-06T20:00,0.000,µg/m³,DICHOT,
62601,EXPERIMENTAL FARM _SIMCOE_,Titanium,2009-10-09T20:00,0.000,µg/m³,DICHOT,
62601,EXPERIMENTAL FARM _SIMCOE_,Titanium,2009-10-09T20:00,0.001,µg/m³,DICHOT,
62601,EXPERIMENTAL FARM _SIMCOE_,Titanium,2009-10-12T20:00,0.000,µg/m³,DICHOT,
62601,EXPERIMENTAL FARM _SIMCOE_,Titanium,2009-10-12T20:00,0.000,µg/m³,DICHOT,
62601,EXPERIMENTAL FARM _SIMCOE_,Titanium,2009-10-27T20:00,0.000,µg/m³,DICHOT,
62601,EXPERIMENTAL FARM _SIMCOE_,Titanium,2009-10-27T20:00,0.002,µg/m³,DICHOT,
62601,EXPERIMENTAL FARM _SIMCOE_,Titanium,2009-10-30T20:00,0.000,µg/m³,DICHOT,
62601,EXPERIMENTAL FARM _SIMCOE_,Titanium,2009-10-30T20:00,0.000,µg/m³,DICHOT,
62601,EXPERIMENTAL FARM _SIMCOE_,Titanium,2009-11-05T19:00,0.000,µg/m³,DICHOT,
62601,EXPERIMENTAL FARM _SIMCOE_,Titanium,2009-11-05T19:00,0.002,µg/m³,DICHOT,
62601,EXPERIMENTAL FARM _SIMCOE_,Titanium,2009-11-08T19:00,0.006,µg/m³,DICHOT,
62601,EXPERIMENTAL FARM _SIMCOE_,Titanium,2009-11-08T19:00,0.019,µg/m³,DICHOT,
62601,EXPERIMENTAL FARM _SIMCOE_,Titanium,2009-11-11T19:00,0.000,µg/m³,DICHOT,
62601,EXPERIMENTAL FARM _SIMCOE_,Titanium,2009-11-11T19:00,0.001,µg/m³,DICHOT,
62601,EXPERIMENTAL FARM _SIMCOE_,Titanium,2009-11-14T19:00,0.000,µg/m³,DICHOT,
62601,EXPERIMENTAL FARM _SIMCOE_,Titanium,2009-11-14T19:00,0.006,µg/m³,DICHOT,
62601,EXPERIMENTAL FARM _SIMCOE_,Titanium,2009-11-17T19:00,0.001,µg/m³,DICHOT,
62601,EXPERIMENTAL FARM _SIMCOE_,Titanium,2009-11-17T19:00,0.006,µg/m³,DICHOT,
62601,EXPERIMENTAL FARM _SIMCOE_,Titanium,2009-11-20T19:00,0.000,µg/m³,DICHOT,
62601,EXPERIMENTAL FARM _SIMCOE_,Titanium,2009-11-20T19:00,0.003,µg/m³,DICHOT,
62601,EXPERIMENTAL FARM _SIMCOE_,Titanium,2009-11-23T19:00,0.000,µg/m³,DICHOT,
62601,EXPERIMENTAL FARM _SIMCOE_,Titanium,2009-11-23T19:00,0.000,µg/m³,DICHOT,
62601,EXPERIMENTAL FARM _SIMCOE_,Titanium,2009-11-26T19:00,0.000,µg/m³,DICHOT,
62601,EXPERIMENTAL FARM _SIMCOE_,Titanium,2009-11-26T19:00,0.000,µg/m³,DICHOT,
62601,EXPERIMENTAL FARM _SIMCOE_,Titanium,2009-11-29T19:00,0.000,µg/m³,DICHOT,
62601,EXPERIMENTAL FARM _SIMCOE_,Titanium,2009-11-29T19:00,0.001,µg/m³,DICHOT,
62601,EXPERIMENTAL FARM _SIMCOE_,Titanium,2009-12-02T19:00,0.000,µg/m³,DICHOT,
62601,EXPERIMENTAL FARM _SIMCOE_,Titanium,2009-12-02T19:00,0.000,µg/m³,DICHOT,
62601,EXPERIMENTAL FARM _SIMCOE_,Titanium,2009-12-05T19:00,0.000,µg/m³,DICHOT,
62601,EXPERIMENTAL FARM _SIMCOE_,Titanium,2009-12-05T19:00,0.001,µg/m³,DICHOT,
62601,EXPERIMENTAL FARM _SIMCOE_,Titanium,2009-12-08T19:00,0.000,µg/m³,DICHOT,
62601,EXPERIMENTAL FARM _SIMCOE_,Titanium,2009-12-08T19:00,0.000,µg/m³,DICHOT,
62601,EXPERIMENTAL FARM _SIMCOE_,Titanium,2009-12-11T19:00,0.002,µg/m³,DICHOT,
62601,EXPERIMENTAL FARM _SIMCOE_,Titanium,2009-12-11T19:00,0.003,µg/m³,DICHOT,
62601,EXPERIMENTAL FARM _SIMCOE_,Titanium,2009-12-14T19:00,0.000,µg/m³,DICHOT,
62601,EXPERIMENTAL FARM _SIMCOE_,Titanium,2009-12-14T19:00,0.000,µg/m³,DICHOT,
62601,EXPERIMENTAL FARM _SIMCOE_,Titanium,2009-12-17T19:00,0.000,µg/m³,DICHOT,
62601,EXPERIMENTAL FARM _SIMCOE_,Titanium,2009-12-17T19:00,0.001,µg/m³,DICHOT,
62601,EXPERIMENTAL FARM _SIMCOE_,Titanium,2009-12-20T19:00,0.000,µg/m³,DICHOT,
62601,EXPERIMENTAL FARM _SIMCOE_,Titanium,2009-12-20T19:00,0.000,µg/m³,DICHOT,
62601,EXPERIMENTAL FARM _SIMCOE_,Titanium,2009-12-23T19:00,0.000,µg/m³,DICHOT,
62601,EXPERIMENTAL FARM _SIMCOE_,Titanium,2009-12-23T19:00,0.000,µg/m³,DICHOT,
62601,EXPERIMENTAL FARM _SIMCOE_,Titanium,2009-12-26T19:00,0.000,µg/m³,DICHOT,
62601,EXPERIMENTAL FARM _SIMCOE_,Titanium,2009-12-26T19:00,0.000,µg/m³,DICHOT,
62601,EXPERIMENTAL FARM _SIMCOE_,Titanium,2009-12-29T19:00,0.001,µg/m³,DICHOT,
62601,EXPERIMENTAL FARM _SIMCOE_,Titanium,2009-12-29T19:00,0.001,µg/m³,DICHOT,
62601,EXPERIMENTAL FARM _SIMCOE_,Titanium,2009-01-28T00:00,0.001,µg/m³,WICPMS,
62601,EXPERIMENTAL FARM _SIMCOE_,Titanium,2009-01-31T00:00,0.000,µg/m³,WICPMS,
62601,EXPERIMENTAL FARM _SIMCOE_,Titanium,2009-02-06T00:00,0.001,µg/m³,WICPMS,
62601,EXPERIMENTAL FARM _SIMCOE_,Titanium,2009-02-09T00:00,0.001,µg/m³,WICPMS,
62601,EXPERIMENTAL FARM _SIMCOE_,Titanium,2009-02-12T00:00,0.000,µg/m³,WICPMS,
62601,EXPERIMENTAL FARM _SIMCOE_,Titanium,2009-02-18T00:00,0.000,µg/m³,WICPMS,
62601,EXPERIMENTAL FARM _SIMCOE_,Titanium,2009-02-21T00:00,0.000,µg/m³,WICPMS,
62601,EXPERIMENTAL FARM _SIMCOE_,Titanium,2009-02-27T00:00,0.000,µg/m³,WICPMS,
62601,EXPERIMENTAL FARM _SIMCOE_,Titanium,2009-03-02T00:00,0.000,µg/m³,WICPMS,
62601,EXPERIMENTAL FARM _SIMCOE_,Titanium,2009-03-11T00:00,0.000,µg/m³,WICPMS,
62601,EXPERIMENTAL FARM _SIMCOE_,Titanium,2009-04-10T00:00,0.000,µg/m³,WICPMS,
62601,EXPERIMENTAL FARM _SIMCOE_,Titanium,2009-04-22T00:00,0.000,µg/m³,WICPMS,
62601,EXPERIMENTAL FARM _SIMCOE_,Titanium,2009-04-25T00:00,0.001,µg/m³,WICPMS,
62601,EXPERIMENTAL FARM _SIMCOE_,Titanium,2009-04-28T00:00,0.000,µg/m³,WICPMS,
62601,EXPERIMENTAL FARM _SIMCOE_,Titanium,2009-05-01T00:00,0.000,µg/m³,WICPMS,
62601,EXPERIMENTAL FARM _SIMCOE_,Titanium,2009-05-04T00:00,0.000,µg/m³,WICPMS,
62601,EXPERIMENTAL FARM _SIMCOE_,Titanium,2009-05-07T00:00,0.001,µg/m³,WICPMS,
62601,EXPERIMENTAL FARM _SIMCOE_,Titanium,2009-05-13T00:00,0.001,µg/m³,WICPMS,
62601,EXPERIMENTAL FARM _SIMCOE_,Titanium,2009-05-16T00:00,0.001,µg/m³,WICPMS,
62601,EXPERIMENTAL FARM _SIMCOE_,Titanium,2009-07-12T00:00,0.000,µg/m³,WICPMS,
62601,EXPERIMENTAL FARM _SIMCOE_,Titanium,2009-07-15T00:00,0.001,µg/m³,WICPMS,
62601,EXPERIMENTAL FARM _SIMCOE_,Titanium,2009-07-18T00:00,0.000,µg/m³,WICPMS,
62601,EXPERIMENTAL FARM _SIMCOE_,Titanium,2009-07-21T00:00,0.000,µg/m³,WICPMS,
62601,EXPERIMENTAL FARM _SIMCOE_,Titanium,2009-07-24T00:00,0.000,µg/m³,WICPMS,
62601,EXPERIMENTAL FARM _SIMCOE_,Titanium,2009-07-27T00:00,0.001,µg/m³,WICPMS,
62601,EXPERIMENTAL FARM _SIMCOE_,Titanium,2009-07-30T00:00,0.001,µg/m³,WICPMS,
62601,EXPERIMENTAL FARM _SIMCOE_,Titanium,2009-08-02T00:00,0.001,µg/m³,WICPMS,
62601,EXPERIMENTAL FARM _SIMCOE_,Titanium,2009-08-05T00:00,0.000,µg/m³,WICPMS,
62601,EXPERIMENTAL FARM _SIMCOE_,Titanium,2009-08-08T00:00,0.001,µg/m³,WICPMS,
62601,EXPERIMENTAL FARM _SIMCOE_,Titanium,2009-08-17T00:00,0.001,µg/m³,WICPMS,
62601,EXPERIMENTAL FARM _SIMCOE_,Titanium,2009-08-20T00:00,0.000,µg/m³,WICPMS,
62601,EXPERIMENTAL FARM _SIMCOE_,Titanium,2009-08-23T00:00,0.000,µg/m³,WICPMS,
62601,EXPERIMENTAL FARM _SIMCOE_,Titanium,2009-08-26T00:00,0.000,µg/m³,WICPMS,
62601,EXPERIMENTAL FARM _SIMCOE_,Titanium,2009-08-29T00:00,0.000,µg/m³,WICPMS,
62601,EXPERIMENTAL FARM _SIMCOE_,Titanium,2009-09-01T00:00,0.000,µg/m³,WICPMS,
62601,EXPERIMENTAL FARM _SIMCOE_,Titanium,2009-09-04T00:00,0.000,µg/m³,WICPMS,
62601,EXPERIMENTAL FARM _SIMCOE_,Titanium,2009-09-07T00:00,0.000,µg/m³,WICPMS,
62601,EXPERIMENTAL FARM _SIMCOE_,Titanium,2009-09-10T00:00,0.000,µg/m³,WICPMS,
62601,EXPERIMENTAL FARM _SIMCOE_,Titanium,2009-09-13T00:00,0.000,µg/m³,WICPMS,
62601,EXPERIMENTAL FARM _SIMCOE_,Titanium,2009-09-22T00:00,0.001,µg/m³,WICPMS,
62601,EXPERIMENTAL FARM _SIMCOE_,Titanium,2009-09-25T00:00,0.000,µg/m³,WICPMS,
62601,EXPERIMENTAL FARM _SIMCOE_,Titanium,2009-10-16T00:00,0.000,µg/m³,WICPMS,
62601,EXPERIMENTAL FARM _SIMCOE_,Titanium,2009-10-19T00:00,0.000,µg/m³,WICPMS,
62601,EXPERIMENTAL FARM _SIMCOE_,Titanium,2009-10-22T00:00,0.000,µg/m³,WICPMS,
62601,EXPERIMENTAL FARM _SIMCOE_,Titanium,2009-10-28T00:00,0.000,µg/m³,WICPMS,
62601,EXPERIMENTAL FARM _SIMCOE_,Titanium,2009-11-21T00:00,0.000,µg/m³,WICPMS,
62601,EXPERIMENTAL FARM _SIMCOE_,Titanium,2009-11-24T00:00,0.000,µg/m³,WICPMS,
62601,EXPERIMENTAL FARM _SIMCOE_,Titanium,2009-11-27T00:00,0.001,µg/m³,WICPMS,
62601,EXPERIMENTAL FARM _SIMCOE_,Titanium,2009-11-30T00:00,0.000,µg/m³,WICPMS,
62601,EXPERIMENTAL FARM _SIMCOE_,Titanium,2009-12-03T00:00,0.000,µg/m³,WICPMS,
62601,EXPERIMENTAL FARM _SIMCOE_,Titanium,2009-12-06T00:00,0.000,µg/m³,WICPMS,
62601,EXPERIMENTAL FARM _SIMCOE_,Titanium,2009-12-09T00:00,0.000,µg/m³,WICPMS,
62601,EXPERIMENTAL FARM _SIMCOE_,Titanium,2009-12-12T00:00,0.001,µg/m³,WICPMS,
62601,EXPERIMENTAL FARM _SIMCOE_,Titanium,2009-12-15T00:00,0.000,µg/m³,WICPMS,
62601,EXPERIMENTAL FARM _SIMCOE_,Titanium,2009-12-18T00:00,0.000,µg/m³,WICPMS,
62601,EXPERIMENTAL FARM _SIMCOE_,Titanium,2009-12-24T00:00,0.002,µg/m³,WICPMS,
62601,EXPERIMENTAL FARM _SIMCOE_,Titanium,2009-12-27T00:00,0.000,µg/m³,WICPMS,
