﻿NAPS_Site_ID,Station_Name,Pollutant,Date,Value,Units,Report_Type,Method
30119,HARBOURVIEW SCHOOL,Titanium,1995-01-03T00:00,0.000,µg/m³,DICHOT,ED-XRF
30119,HARBOURVIEW SCHOOL,Titanium,1995-01-03T00:00,0.007,µg/m³,DICHOT,ED-XRF
30119,HARBOURVIEW SCHOOL,Titanium,1995-01-09T00:00,0.000,µg/m³,DICHOT,ED-XRF
30119,HARBOURVIEW SCHOOL,Titanium,1995-01-09T00:00,0.005,µg/m³,DICHOT,ED-XRF
30119,HARBOURVIEW SCHOOL,Titanium,1995-01-15T00:00,0.000,µg/m³,DICHOT,ED-XRF
30119,HARBOURVIEW SCHOOL,Titanium,1995-01-15T00:00,0.000,µg/m³,DICHOT,ED-XRF
30119,HARBOURVIEW SCHOOL,Titanium,1995-01-21T00:00,0.000,µg/m³,DICHOT,ED-XRF
30119,HARBOURVIEW SCHOOL,Titanium,1995-01-21T00:00,0.000,µg/m³,DICHOT,ED-XRF
30119,HARBOURVIEW SCHOOL,Titanium,1995-01-27T00:00,0.000,µg/m³,DICHOT,ED-XRF
30119,HARBOURVIEW SCHOOL,Titanium,1995-01-27T00:00,0.024,µg/m³,DICHOT,ED-XRF
30119,HARBOURVIEW SCHOOL,Titanium,1995-02-02T00:00,0.000,µg/m³,DICHOT,ED-XRF
30119,HARBOURVIEW SCHOOL,Titanium,1995-02-02T00:00,0.009,µg/m³,DICHOT,ED-XRF
30119,HARBOURVIEW SCHOOL,Titanium,1995-02-08T00:00,0.000,µg/m³,DICHOT,ED-XRF
30119,HARBOURVIEW SCHOOL,Titanium,1995-02-08T00:00,0.016,µg/m³,DICHOT,ED-XRF
30119,HARBOURVIEW SCHOOL,Titanium,1995-02-14T00:00,0.008,µg/m³,DICHOT,ED-XRF
30119,HARBOURVIEW SCHOOL,Titanium,1995-02-14T00:00,0.009,µg/m³,DICHOT,ED-XRF
30119,HARBOURVIEW SCHOOL,Titanium,1995-02-20T00:00,0.000,µg/m³,DICHOT,ED-XRF
30119,HARBOURVIEW SCHOOL,Titanium,1995-02-20T00:00,0.013,µg/m³,DICHOT,ED-XRF
30119,HARBOURVIEW SCHOOL,Titanium,1995-03-04T00:00,0.000,µg/m³,DICHOT,ED-XRF
30119,HARBOURVIEW SCHOOL,Titanium,1995-03-04T00:00,0.015,µg/m³,DICHOT,ED-XRF
30119,HARBOURVIEW SCHOOL,Titanium,1995-03-10T00:00,0.000,µg/m³,DICHOT,ED-XRF
30119,HARBOURVIEW SCHOOL,Titanium,1995-03-10T00:00,0.034,µg/m³,DICHOT,ED-XRF
30119,HARBOURVIEW SCHOOL,Titanium,1995-03-16T00:00,0.008,µg/m³,DICHOT,ED-XRF
30119,HARBOURVIEW SCHOOL,Titanium,1995-03-16T00:00,0.027,µg/m³,DICHOT,ED-XRF
30119,HARBOURVIEW SCHOOL,Titanium,1995-03-22T00:00,0.008,µg/m³,DICHOT,ED-XRF
30119,HARBOURVIEW SCHOOL,Titanium,1995-03-22T00:00,0.009,µg/m³,DICHOT,ED-XRF
30119,HARBOURVIEW SCHOOL,Titanium,1995-03-28T00:00,0.009,µg/m³,DICHOT,ED-XRF
30119,HARBOURVIEW SCHOOL,Titanium,1995-03-28T00:00,0.019,µg/m³,DICHOT,ED-XRF
30119,HARBOURVIEW SCHOOL,Titanium,1995-04-03T00:00,0.007,µg/m³,DICHOT,ED-XRF
30119,HARBOURVIEW SCHOOL,Titanium,1995-04-03T00:00,0.034,µg/m³,DICHOT,ED-XRF
