﻿NAPS_Site_ID,Station_Name,Pollutant,Date,Value,Units,Report_Type,Method
60512,BEASLEY PARK _HAMILTON_DOWNTOWN_,Isoprene,2007-01-06T00:00,0.056,µg/m³,VOC,N/A
60512,BEASLEY PARK _HAMILTON_DOWNTOWN_,Isoprene,2007-01-12T00:00,0.031,µg/m³,VOC,N/A
60512,BEASLEY PARK _HAMILTON_DOWNTOWN_,Isoprene,2007-01-18T00:00,0.038,µg/m³,VOC,N/A
60512,BEASLEY PARK _HAMILTON_DOWNTOWN_,Isoprene,2007-01-24T00:00,0.038,µg/m³,VOC,N/A
60512,BEASLEY PARK _HAMILTON_DOWNTOWN_,Isoprene,2007-01-30T00:00,0.073,µg/m³,VOC,N/A
60512,BEASLEY PARK _HAMILTON_DOWNTOWN_,Isoprene,2007-02-05T00:00,0.027,µg/m³,VOC,N/A
60512,BEASLEY PARK _HAMILTON_DOWNTOWN_,Isoprene,2007-02-11T00:00,0.021,µg/m³,VOC,N/A
60512,BEASLEY PARK _HAMILTON_DOWNTOWN_,Isoprene,2007-02-17T00:00,0.022,µg/m³,VOC,N/A
60512,BEASLEY PARK _HAMILTON_DOWNTOWN_,Isoprene,2007-02-23T00:00,0.022,µg/m³,VOC,N/A
60512,BEASLEY PARK _HAMILTON_DOWNTOWN_,Isoprene,2007-03-01T00:00,0.030,µg/m³,VOC,N/A
60512,BEASLEY PARK _HAMILTON_DOWNTOWN_,Isoprene,2007-03-07T00:00,0.028,µg/m³,VOC,N/A
60512,BEASLEY PARK _HAMILTON_DOWNTOWN_,Isoprene,2007-03-19T00:00,0.026,µg/m³,VOC,N/A
60512,BEASLEY PARK _HAMILTON_DOWNTOWN_,Isoprene,2007-03-25T00:00,0.030,µg/m³,VOC,N/A
60512,BEASLEY PARK _HAMILTON_DOWNTOWN_,Isoprene,2007-04-12T00:00,0.048,µg/m³,VOC,N/A
60512,BEASLEY PARK _HAMILTON_DOWNTOWN_,Isoprene,2007-04-18T00:00,0.040,µg/m³,VOC,N/A
60512,BEASLEY PARK _HAMILTON_DOWNTOWN_,Isoprene,2007-04-24T00:00,0.043,µg/m³,VOC,N/A
60512,BEASLEY PARK _HAMILTON_DOWNTOWN_,Isoprene,2007-04-30T00:00,0.030,µg/m³,VOC,N/A
60512,BEASLEY PARK _HAMILTON_DOWNTOWN_,Isoprene,2007-05-18T00:00,0.053,µg/m³,VOC,N/A
60512,BEASLEY PARK _HAMILTON_DOWNTOWN_,Isoprene,2007-06-11T00:00,0.279,µg/m³,VOC,N/A
60512,BEASLEY PARK _HAMILTON_DOWNTOWN_,Isoprene,2007-06-17T00:00,0.362,µg/m³,VOC,N/A
60512,BEASLEY PARK _HAMILTON_DOWNTOWN_,Isoprene,2007-06-23T00:00,0.164,µg/m³,VOC,N/A
60512,BEASLEY PARK _HAMILTON_DOWNTOWN_,Isoprene,2007-06-29T00:00,0.298,µg/m³,VOC,N/A
60512,BEASLEY PARK _HAMILTON_DOWNTOWN_,Isoprene,2007-07-17T00:00,0.256,µg/m³,VOC,N/A
60512,BEASLEY PARK _HAMILTON_DOWNTOWN_,Isoprene,2007-07-23T00:00,0.437,µg/m³,VOC,N/A
60512,BEASLEY PARK _HAMILTON_DOWNTOWN_,Isoprene,2007-08-04T00:00,0.318,µg/m³,VOC,N/A
60512,BEASLEY PARK _HAMILTON_DOWNTOWN_,Isoprene,2007-08-10T00:00,0.311,µg/m³,VOC,N/A
60512,BEASLEY PARK _HAMILTON_DOWNTOWN_,Isoprene,2007-08-16T00:00,0.367,µg/m³,VOC,N/A
60512,BEASLEY PARK _HAMILTON_DOWNTOWN_,Isoprene,2007-09-03T00:00,0.246,µg/m³,VOC,N/A
60512,BEASLEY PARK _HAMILTON_DOWNTOWN_,Isoprene,2007-09-09T00:00,0.319,µg/m³,VOC,N/A
60512,BEASLEY PARK _HAMILTON_DOWNTOWN_,Isoprene,2007-09-15T00:00,0.060,µg/m³,VOC,N/A
60512,BEASLEY PARK _HAMILTON_DOWNTOWN_,Isoprene,2007-09-21T00:00,0.323,µg/m³,VOC,N/A
60512,BEASLEY PARK _HAMILTON_DOWNTOWN_,Isoprene,2007-09-27T00:00,0.145,µg/m³,VOC,N/A
60512,BEASLEY PARK _HAMILTON_DOWNTOWN_,Isoprene,2007-10-03T00:00,0.093,µg/m³,VOC,N/A
60512,BEASLEY PARK _HAMILTON_DOWNTOWN_,Isoprene,2007-10-09T00:00,0.141,µg/m³,VOC,N/A
60512,BEASLEY PARK _HAMILTON_DOWNTOWN_,Isoprene,2007-10-15T00:00,0.086,µg/m³,VOC,N/A
60512,BEASLEY PARK _HAMILTON_DOWNTOWN_,Isoprene,2007-10-21T00:00,0.048,µg/m³,VOC,N/A
60512,BEASLEY PARK _HAMILTON_DOWNTOWN_,Isoprene,2007-10-27T00:00,0.048,µg/m³,VOC,N/A
60512,BEASLEY PARK _HAMILTON_DOWNTOWN_,Isoprene,2007-11-02T00:00,0.125,µg/m³,VOC,N/A
60512,BEASLEY PARK _HAMILTON_DOWNTOWN_,Isoprene,2007-11-08T00:00,0.057,µg/m³,VOC,N/A
60512,BEASLEY PARK _HAMILTON_DOWNTOWN_,Isoprene,2007-11-14T00:00,0.049,µg/m³,VOC,N/A
60512,BEASLEY PARK _HAMILTON_DOWNTOWN_,Isoprene,2007-11-20T00:00,0.051,µg/m³,VOC,N/A
60512,BEASLEY PARK _HAMILTON_DOWNTOWN_,Isoprene,2007-11-26T00:00,0.069,µg/m³,VOC,N/A
60512,BEASLEY PARK _HAMILTON_DOWNTOWN_,Isoprene,2007-12-02T00:00,0.187,µg/m³,VOC,N/A
60512,BEASLEY PARK _HAMILTON_DOWNTOWN_,Isoprene,2007-12-08T00:00,0.008,µg/m³,VOC,N/A
60512,BEASLEY PARK _HAMILTON_DOWNTOWN_,Isoprene,2007-12-14T00:00,0.028,µg/m³,VOC,N/A
60512,BEASLEY PARK _HAMILTON_DOWNTOWN_,Isoprene,2007-12-20T00:00,0.035,µg/m³,VOC,N/A
60512,BEASLEY PARK _HAMILTON_DOWNTOWN_,Isoprene,2007-12-26T00:00,0.026,µg/m³,VOC,N/A
