﻿NAPS_Site_ID,Station_Name,Pollutant,Date,Value,Units,Report_Type,Method
90130,EDMONTON CENTRAL,2-Methyl-1-butene,1996-01-04T00:00,0.322,µg/m³,VOC,
90130,EDMONTON CENTRAL,2-Methyl-1-butene,1996-01-10T00:00,0.305,µg/m³,VOC,
90130,EDMONTON CENTRAL,2-Methyl-1-butene,1996-01-16T00:00,0.193,µg/m³,VOC,
90130,EDMONTON CENTRAL,2-Methyl-1-butene,1996-01-22T00:00,0.577,µg/m³,VOC,
90130,EDMONTON CENTRAL,2-Methyl-1-butene,1996-01-28T00:00,0.120,µg/m³,VOC,
90130,EDMONTON CENTRAL,2-Methyl-1-butene,1996-02-03T00:00,0.414,µg/m³,VOC,
90130,EDMONTON CENTRAL,2-Methyl-1-butene,1996-02-09T00:00,0.705,µg/m³,VOC,
90130,EDMONTON CENTRAL,2-Methyl-1-butene,1996-02-15T00:00,0.292,µg/m³,VOC,
90130,EDMONTON CENTRAL,2-Methyl-1-butene,1996-02-21T00:00,0.682,µg/m³,VOC,
90130,EDMONTON CENTRAL,2-Methyl-1-butene,1996-02-27T00:00,0.470,µg/m³,VOC,
90130,EDMONTON CENTRAL,2-Methyl-1-butene,1996-03-04T00:00,0.142,µg/m³,VOC,
90130,EDMONTON CENTRAL,2-Methyl-1-butene,1996-03-10T00:00,0.330,µg/m³,VOC,
90130,EDMONTON CENTRAL,2-Methyl-1-butene,1996-03-16T00:00,0.152,µg/m³,VOC,
90130,EDMONTON CENTRAL,2-Methyl-1-butene,1996-03-22T00:00,0.056,µg/m³,VOC,
90130,EDMONTON CENTRAL,2-Methyl-1-butene,1996-03-28T00:00,0.062,µg/m³,VOC,
90130,EDMONTON CENTRAL,2-Methyl-1-butene,1996-04-03T00:00,0.234,µg/m³,VOC,
90130,EDMONTON CENTRAL,2-Methyl-1-butene,1996-04-09T00:00,0.203,µg/m³,VOC,
90130,EDMONTON CENTRAL,2-Methyl-1-butene,1996-04-15T00:00,0.228,µg/m³,VOC,
90130,EDMONTON CENTRAL,2-Methyl-1-butene,1996-04-21T00:00,0.101,µg/m³,VOC,
90130,EDMONTON CENTRAL,2-Methyl-1-butene,1996-04-27T00:00,0.096,µg/m³,VOC,
90130,EDMONTON CENTRAL,2-Methyl-1-butene,1996-05-03T00:00,0.181,µg/m³,VOC,
90130,EDMONTON CENTRAL,2-Methyl-1-butene,1996-05-09T00:00,0.209,µg/m³,VOC,
90130,EDMONTON CENTRAL,2-Methyl-1-butene,1996-05-15T00:00,0.220,µg/m³,VOC,
90130,EDMONTON CENTRAL,2-Methyl-1-butene,1996-05-21T00:00,0.109,µg/m³,VOC,
90130,EDMONTON CENTRAL,2-Methyl-1-butene,1996-05-27T00:00,0.127,µg/m³,VOC,
90130,EDMONTON CENTRAL,2-Methyl-1-butene,1996-06-02T00:00,0.330,µg/m³,VOC,
90130,EDMONTON CENTRAL,2-Methyl-1-butene,1996-06-08T00:00,0.079,µg/m³,VOC,
90130,EDMONTON CENTRAL,2-Methyl-1-butene,1996-06-14T00:00,0.139,µg/m³,VOC,
90130,EDMONTON CENTRAL,2-Methyl-1-butene,1996-06-20T00:00,0.170,µg/m³,VOC,
90130,EDMONTON CENTRAL,2-Methyl-1-butene,1996-06-26T00:00,0.240,µg/m³,VOC,
90130,EDMONTON CENTRAL,2-Methyl-1-butene,1996-07-02T00:00,0.255,µg/m³,VOC,
90130,EDMONTON CENTRAL,2-Methyl-1-butene,1996-07-08T00:00,0.208,µg/m³,VOC,
90130,EDMONTON CENTRAL,2-Methyl-1-butene,1996-07-14T00:00,0.140,µg/m³,VOC,
90130,EDMONTON CENTRAL,2-Methyl-1-butene,1996-07-20T00:00,0.127,µg/m³,VOC,
90130,EDMONTON CENTRAL,2-Methyl-1-butene,1996-08-01T00:00,0.261,µg/m³,VOC,
90130,EDMONTON CENTRAL,2-Methyl-1-butene,1996-08-07T00:00,0.153,µg/m³,VOC,
90130,EDMONTON CENTRAL,2-Methyl-1-butene,1996-08-13T00:00,0.241,µg/m³,VOC,
90130,EDMONTON CENTRAL,2-Methyl-1-butene,1996-08-19T00:00,0.193,µg/m³,VOC,
90130,EDMONTON CENTRAL,2-Methyl-1-butene,1996-08-25T00:00,0.128,µg/m³,VOC,
90130,EDMONTON CENTRAL,2-Methyl-1-butene,1996-08-31T00:00,0.163,µg/m³,VOC,
90130,EDMONTON CENTRAL,2-Methyl-1-butene,1996-09-06T00:00,0.186,µg/m³,VOC,
90130,EDMONTON CENTRAL,2-Methyl-1-butene,1996-09-12T00:00,0.303,µg/m³,VOC,
90130,EDMONTON CENTRAL,2-Methyl-1-butene,1996-09-18T00:00,0.338,µg/m³,VOC,
90130,EDMONTON CENTRAL,2-Methyl-1-butene,1996-09-24T00:00,0.238,µg/m³,VOC,
90130,EDMONTON CENTRAL,2-Methyl-1-butene,1996-09-30T00:00,0.282,µg/m³,VOC,
90130,EDMONTON CENTRAL,2-Methyl-1-butene,1996-10-06T00:00,0.253,µg/m³,VOC,
90130,EDMONTON CENTRAL,2-Methyl-1-butene,1996-10-12T00:00,0.182,µg/m³,VOC,
90130,EDMONTON CENTRAL,2-Methyl-1-butene,1996-10-18T00:00,0.207,µg/m³,VOC,
90130,EDMONTON CENTRAL,2-Methyl-1-butene,1996-10-24T00:00,0.345,µg/m³,VOC,
90130,EDMONTON CENTRAL,2-Methyl-1-butene,1996-10-30T00:00,0.194,µg/m³,VOC,
90130,EDMONTON CENTRAL,2-Methyl-1-butene,1996-11-05T00:00,0.456,µg/m³,VOC,
90130,EDMONTON CENTRAL,2-Methyl-1-butene,1996-11-11T00:00,0.121,µg/m³,VOC,
90130,EDMONTON CENTRAL,2-Methyl-1-butene,1996-11-17T00:00,0.094,µg/m³,VOC,
90130,EDMONTON CENTRAL,2-Methyl-1-butene,1996-11-23T00:00,0.210,µg/m³,VOC,
90130,EDMONTON CENTRAL,2-Methyl-1-butene,1996-11-29T00:00,0.394,µg/m³,VOC,
90130,EDMONTON CENTRAL,2-Methyl-1-butene,1996-12-05T00:00,0.303,µg/m³,VOC,
90130,EDMONTON CENTRAL,2-Methyl-1-butene,1996-12-11T00:00,0.769,µg/m³,VOC,
90130,EDMONTON CENTRAL,2-Methyl-1-butene,1996-12-17T00:00,0.720,µg/m³,VOC,
90130,EDMONTON CENTRAL,2-Methyl-1-butene,1996-12-23T00:00,0.400,µg/m³,VOC,
90130,EDMONTON CENTRAL,2-Methyl-1-butene,1996-12-29T00:00,0.180,µg/m³,VOC,
