﻿NAPS_Site_ID,Station_Name,Pollutant,Date,Value,Units,Report_Type,Method
60413,CENTENNIAL PARK _ETOBICOKE WEST_,B-Pinene,2005-01-04T00:00,0.018,µg/m³,VOC,GC-MS
60413,CENTENNIAL PARK _ETOBICOKE WEST_,B-Pinene,2005-01-10T00:00,0.009,µg/m³,VOC,GC-MS
60413,CENTENNIAL PARK _ETOBICOKE WEST_,B-Pinene,2005-01-16T00:00,0.008,µg/m³,VOC,GC-MS
60413,CENTENNIAL PARK _ETOBICOKE WEST_,B-Pinene,2005-01-22T00:00,0.000,µg/m³,VOC,GC-MS
60413,CENTENNIAL PARK _ETOBICOKE WEST_,B-Pinene,2005-01-28T00:00,0.028,µg/m³,VOC,GC-MS
60413,CENTENNIAL PARK _ETOBICOKE WEST_,B-Pinene,2005-02-03T00:00,0.041,µg/m³,VOC,GC-MS
60413,CENTENNIAL PARK _ETOBICOKE WEST_,B-Pinene,2005-02-09T00:00,0.009,µg/m³,VOC,GC-MS
60413,CENTENNIAL PARK _ETOBICOKE WEST_,B-Pinene,2005-02-15T00:00,0.011,µg/m³,VOC,GC-MS
60413,CENTENNIAL PARK _ETOBICOKE WEST_,B-Pinene,2005-02-21T00:00,0.018,µg/m³,VOC,GC-MS
60413,CENTENNIAL PARK _ETOBICOKE WEST_,B-Pinene,2005-02-27T00:00,0.003,µg/m³,VOC,GC-MS
60413,CENTENNIAL PARK _ETOBICOKE WEST_,B-Pinene,2005-03-05T00:00,0.000,µg/m³,VOC,GC-MS
60413,CENTENNIAL PARK _ETOBICOKE WEST_,B-Pinene,2005-03-11T00:00,0.009,µg/m³,VOC,GC-MS
60413,CENTENNIAL PARK _ETOBICOKE WEST_,B-Pinene,2005-03-17T00:00,0.019,µg/m³,VOC,GC-MS
60413,CENTENNIAL PARK _ETOBICOKE WEST_,B-Pinene,2005-03-23T00:00,0.000,µg/m³,VOC,GC-MS
60413,CENTENNIAL PARK _ETOBICOKE WEST_,B-Pinene,2005-03-29T00:00,0.039,µg/m³,VOC,GC-MS
60413,CENTENNIAL PARK _ETOBICOKE WEST_,B-Pinene,2005-04-10T00:00,0.015,µg/m³,VOC,GC-MS
60413,CENTENNIAL PARK _ETOBICOKE WEST_,B-Pinene,2005-04-16T00:00,0.055,µg/m³,VOC,GC-MS
60413,CENTENNIAL PARK _ETOBICOKE WEST_,B-Pinene,2005-04-22T00:00,0.025,µg/m³,VOC,GC-MS
60413,CENTENNIAL PARK _ETOBICOKE WEST_,B-Pinene,2005-05-10T00:00,0.142,µg/m³,VOC,GC-MS
60413,CENTENNIAL PARK _ETOBICOKE WEST_,B-Pinene,2005-05-16T00:00,0.024,µg/m³,VOC,GC-MS
60413,CENTENNIAL PARK _ETOBICOKE WEST_,B-Pinene,2005-05-22T00:00,0.023,µg/m³,VOC,GC-MS
60413,CENTENNIAL PARK _ETOBICOKE WEST_,B-Pinene,2005-05-28T00:00,0.042,µg/m³,VOC,GC-MS
60413,CENTENNIAL PARK _ETOBICOKE WEST_,B-Pinene,2005-06-03T00:00,0.060,µg/m³,VOC,GC-MS
60413,CENTENNIAL PARK _ETOBICOKE WEST_,B-Pinene,2005-06-09T00:00,0.061,µg/m³,VOC,GC-MS
60413,CENTENNIAL PARK _ETOBICOKE WEST_,B-Pinene,2005-06-15T00:00,0.053,µg/m³,VOC,GC-MS
60413,CENTENNIAL PARK _ETOBICOKE WEST_,B-Pinene,2005-06-21T00:00,0.066,µg/m³,VOC,GC-MS
60413,CENTENNIAL PARK _ETOBICOKE WEST_,B-Pinene,2005-06-27T00:00,0.249,µg/m³,VOC,GC-MS
60413,CENTENNIAL PARK _ETOBICOKE WEST_,B-Pinene,2005-07-03T00:00,0.151,µg/m³,VOC,GC-MS
60413,CENTENNIAL PARK _ETOBICOKE WEST_,B-Pinene,2005-07-09T00:00,0.094,µg/m³,VOC,GC-MS
60413,CENTENNIAL PARK _ETOBICOKE WEST_,B-Pinene,2005-07-15T00:00,0.071,µg/m³,VOC,GC-MS
60413,CENTENNIAL PARK _ETOBICOKE WEST_,B-Pinene,2005-07-21T00:00,0.064,µg/m³,VOC,GC-MS
60413,CENTENNIAL PARK _ETOBICOKE WEST_,B-Pinene,2005-07-27T00:00,0.078,µg/m³,VOC,GC-MS
60413,CENTENNIAL PARK _ETOBICOKE WEST_,B-Pinene,2005-08-02T00:00,0.176,µg/m³,VOC,GC-MS
60413,CENTENNIAL PARK _ETOBICOKE WEST_,B-Pinene,2005-08-08T00:00,0.091,µg/m³,VOC,GC-MS
60413,CENTENNIAL PARK _ETOBICOKE WEST_,B-Pinene,2005-08-14T00:00,0.053,µg/m³,VOC,GC-MS
60413,CENTENNIAL PARK _ETOBICOKE WEST_,B-Pinene,2005-08-20T00:00,0.063,µg/m³,VOC,GC-MS
60413,CENTENNIAL PARK _ETOBICOKE WEST_,B-Pinene,2005-08-26T00:00,0.185,µg/m³,VOC,GC-MS
60413,CENTENNIAL PARK _ETOBICOKE WEST_,B-Pinene,2005-09-01T00:00,0.041,µg/m³,VOC,GC-MS
60413,CENTENNIAL PARK _ETOBICOKE WEST_,B-Pinene,2005-09-07T00:00,0.101,µg/m³,VOC,GC-MS
60413,CENTENNIAL PARK _ETOBICOKE WEST_,B-Pinene,2005-09-13T00:00,0.086,µg/m³,VOC,GC-MS
60413,CENTENNIAL PARK _ETOBICOKE WEST_,B-Pinene,2005-09-19T00:00,0.090,µg/m³,VOC,GC-MS
60413,CENTENNIAL PARK _ETOBICOKE WEST_,B-Pinene,2005-09-25T00:00,0.064,µg/m³,VOC,GC-MS
60413,CENTENNIAL PARK _ETOBICOKE WEST_,B-Pinene,2005-10-01T00:00,0.078,µg/m³,VOC,GC-MS
60413,CENTENNIAL PARK _ETOBICOKE WEST_,B-Pinene,2005-10-07T00:00,0.044,µg/m³,VOC,GC-MS
60413,CENTENNIAL PARK _ETOBICOKE WEST_,B-Pinene,2005-10-13T00:00,0.031,µg/m³,VOC,GC-MS
60413,CENTENNIAL PARK _ETOBICOKE WEST_,B-Pinene,2005-10-19T00:00,0.067,µg/m³,VOC,GC-MS
60413,CENTENNIAL PARK _ETOBICOKE WEST_,B-Pinene,2005-10-25T00:00,0.200,µg/m³,VOC,GC-MS
60413,CENTENNIAL PARK _ETOBICOKE WEST_,B-Pinene,2005-10-31T00:00,0.059,µg/m³,VOC,GC-MS
60413,CENTENNIAL PARK _ETOBICOKE WEST_,B-Pinene,2005-11-06T00:00,0.036,µg/m³,VOC,GC-MS
60413,CENTENNIAL PARK _ETOBICOKE WEST_,B-Pinene,2005-11-12T00:00,0.101,µg/m³,VOC,GC-MS
60413,CENTENNIAL PARK _ETOBICOKE WEST_,B-Pinene,2005-11-18T00:00,0.011,µg/m³,VOC,GC-MS
60413,CENTENNIAL PARK _ETOBICOKE WEST_,B-Pinene,2005-11-24T00:00,0.002,µg/m³,VOC,GC-MS
60413,CENTENNIAL PARK _ETOBICOKE WEST_,B-Pinene,2005-11-30T00:00,0.014,µg/m³,VOC,GC-MS
60413,CENTENNIAL PARK _ETOBICOKE WEST_,B-Pinene,2005-12-06T00:00,0.000,µg/m³,VOC,GC-MS
60413,CENTENNIAL PARK _ETOBICOKE WEST_,B-Pinene,2005-12-12T00:00,0.009,µg/m³,VOC,GC-MS
60413,CENTENNIAL PARK _ETOBICOKE WEST_,B-Pinene,2005-12-18T00:00,0.000,µg/m³,VOC,GC-MS
60413,CENTENNIAL PARK _ETOBICOKE WEST_,B-Pinene,2005-12-24T00:00,0.034,µg/m³,VOC,GC-MS
60413,CENTENNIAL PARK _ETOBICOKE WEST_,B-Pinene,2005-12-30T00:00,0.011,µg/m³,VOC,GC-MS
