﻿NAPS_Site_ID,Station_Name,Pollutant,Date,Value,Units,Report_Type,Method
60512,BEASLEY PARK _HAMILTON_DOWNTOWN_,13C6-PCP,1999-01-06T00:00,0.085,µg/m³,HCB,
60512,BEASLEY PARK _HAMILTON_DOWNTOWN_,13C6-PCP,1999-01-30T00:00,0.093,µg/m³,HCB,
60512,BEASLEY PARK _HAMILTON_DOWNTOWN_,13C6-PCP,1999-02-11T00:00,0.101,µg/m³,HCB,
60512,BEASLEY PARK _HAMILTON_DOWNTOWN_,13C6-PCP,1999-02-23T00:00,0.093,µg/m³,HCB,
60512,BEASLEY PARK _HAMILTON_DOWNTOWN_,13C6-PCP,1999-03-19T00:00,0.095,µg/m³,HCB,
60512,BEASLEY PARK _HAMILTON_DOWNTOWN_,13C6-PCP,1999-04-24T00:00,0.089,µg/m³,HCB,
60512,BEASLEY PARK _HAMILTON_DOWNTOWN_,13C6-PCP,1999-05-06T00:00,0.113,µg/m³,HCB,
60512,BEASLEY PARK _HAMILTON_DOWNTOWN_,13C6-PCP,1999-05-18T00:00,0.110,µg/m³,HCB,
60512,BEASLEY PARK _HAMILTON_DOWNTOWN_,13C6-PCP,1999-05-30T00:00,0.075,µg/m³,HCB,
60512,BEASLEY PARK _HAMILTON_DOWNTOWN_,13C6-PCP,1999-06-11T00:00,0.095,µg/m³,HCB,
60512,BEASLEY PARK _HAMILTON_DOWNTOWN_,13C6-PCP,1999-07-05T00:00,0.093,µg/m³,HCB,
60512,BEASLEY PARK _HAMILTON_DOWNTOWN_,13C6-PCP,1999-07-17T00:00,0.082,µg/m³,HCB,
60512,BEASLEY PARK _HAMILTON_DOWNTOWN_,13C6-PCP,1999-07-29T00:00,0.073,µg/m³,HCB,
60512,BEASLEY PARK _HAMILTON_DOWNTOWN_,13C6-PCP,1999-08-10T00:00,0.113,µg/m³,HCB,
60512,BEASLEY PARK _HAMILTON_DOWNTOWN_,13C6-PCP,1999-08-22T00:00,0.107,µg/m³,HCB,
60512,BEASLEY PARK _HAMILTON_DOWNTOWN_,13C6-PCP,1999-09-03T00:00,0.076,µg/m³,HCB,
60512,BEASLEY PARK _HAMILTON_DOWNTOWN_,13C6-PCP,1999-09-27T00:00,0.090,µg/m³,HCB,
60512,BEASLEY PARK _HAMILTON_DOWNTOWN_,13C6-PCP,1999-10-09T00:00,0.092,µg/m³,HCB,
60512,BEASLEY PARK _HAMILTON_DOWNTOWN_,13C6-PCP,1999-10-21T00:00,0.045,µg/m³,HCB,
60512,BEASLEY PARK _HAMILTON_DOWNTOWN_,13C6-PCP,1999-11-02T00:00,0.084,µg/m³,HCB,
60512,BEASLEY PARK _HAMILTON_DOWNTOWN_,13C6-PCP,1999-11-14T00:00,0.093,µg/m³,HCB,
60512,BEASLEY PARK _HAMILTON_DOWNTOWN_,13C6-PCP,1999-11-26T00:00,0.099,µg/m³,HCB,
60512,BEASLEY PARK _HAMILTON_DOWNTOWN_,13C6-PCP,1999-12-08T00:00,0.088,µg/m³,HCB,
60512,BEASLEY PARK _HAMILTON_DOWNTOWN_,13C6-PCP,1999-12-20T00:00,0.095,µg/m³,HCB,
