﻿NAPS_Site_ID,Station_Name,Pollutant,Date,Value,Units,Report_Type,Method
65101,EAGLE ST. & McCAFFREY RD. _NEWMARKET_,Chloroform,2015-01-05T19:00,0.091,µg/m³,VOC,
65101,EAGLE ST. & McCAFFREY RD. _NEWMARKET_,Chloroform,2015-01-11T19:00,0.097,µg/m³,VOC,
65101,EAGLE ST. & McCAFFREY RD. _NEWMARKET_,Chloroform,2015-01-17T19:00,0.100,µg/m³,VOC,
65101,EAGLE ST. & McCAFFREY RD. _NEWMARKET_,Chloroform,2015-01-23T19:00,0.108,µg/m³,VOC,
65101,EAGLE ST. & McCAFFREY RD. _NEWMARKET_,Chloroform,2015-01-29T19:00,0.096,µg/m³,VOC,
65101,EAGLE ST. & McCAFFREY RD. _NEWMARKET_,Chloroform,2015-02-04T19:00,0.105,µg/m³,VOC,
65101,EAGLE ST. & McCAFFREY RD. _NEWMARKET_,Chloroform,2015-02-10T19:00,0.087,µg/m³,VOC,
65101,EAGLE ST. & McCAFFREY RD. _NEWMARKET_,Chloroform,2015-02-16T19:00,0.110,µg/m³,VOC,
65101,EAGLE ST. & McCAFFREY RD. _NEWMARKET_,Chloroform,2015-02-22T19:00,0.118,µg/m³,VOC,
65101,EAGLE ST. & McCAFFREY RD. _NEWMARKET_,Chloroform,2015-02-28T19:00,0.106,µg/m³,VOC,
65101,EAGLE ST. & McCAFFREY RD. _NEWMARKET_,Chloroform,2015-03-06T19:00,0.090,µg/m³,VOC,
65101,EAGLE ST. & McCAFFREY RD. _NEWMARKET_,Chloroform,2015-03-12T20:00,0.098,µg/m³,VOC,
65101,EAGLE ST. & McCAFFREY RD. _NEWMARKET_,Chloroform,2015-03-18T20:00,0.103,µg/m³,VOC,
65101,EAGLE ST. & McCAFFREY RD. _NEWMARKET_,Chloroform,2015-03-24T20:00,0.104,µg/m³,VOC,
65101,EAGLE ST. & McCAFFREY RD. _NEWMARKET_,Chloroform,2015-03-30T20:00,0.099,µg/m³,VOC,
65101,EAGLE ST. & McCAFFREY RD. _NEWMARKET_,Chloroform,2015-04-05T20:00,0.107,µg/m³,VOC,
65101,EAGLE ST. & McCAFFREY RD. _NEWMARKET_,Chloroform,2015-04-11T20:00,0.113,µg/m³,VOC,
65101,EAGLE ST. & McCAFFREY RD. _NEWMARKET_,Chloroform,2015-04-17T20:00,0.127,µg/m³,VOC,
65101,EAGLE ST. & McCAFFREY RD. _NEWMARKET_,Chloroform,2015-04-23T20:00,0.108,µg/m³,VOC,
65101,EAGLE ST. & McCAFFREY RD. _NEWMARKET_,Chloroform,2015-04-29T20:00,0.144,µg/m³,VOC,
65101,EAGLE ST. & McCAFFREY RD. _NEWMARKET_,Chloroform,2015-05-05T20:00,0.323,µg/m³,VOC,
65101,EAGLE ST. & McCAFFREY RD. _NEWMARKET_,Chloroform,2015-06-22T20:00,0.115,µg/m³,VOC,
65101,EAGLE ST. & McCAFFREY RD. _NEWMARKET_,Chloroform,2015-06-28T20:00,0.128,µg/m³,VOC,
65101,EAGLE ST. & McCAFFREY RD. _NEWMARKET_,Chloroform,2015-07-04T20:00,0.261,µg/m³,VOC,
65101,EAGLE ST. & McCAFFREY RD. _NEWMARKET_,Chloroform,2015-07-10T20:00,0.428,µg/m³,VOC,
65101,EAGLE ST. & McCAFFREY RD. _NEWMARKET_,Chloroform,2015-07-16T20:00,0.120,µg/m³,VOC,
65101,EAGLE ST. & McCAFFREY RD. _NEWMARKET_,Chloroform,2015-07-22T20:00,0.130,µg/m³,VOC,
65101,EAGLE ST. & McCAFFREY RD. _NEWMARKET_,Chloroform,2015-07-28T20:00,0.359,µg/m³,VOC,
65101,EAGLE ST. & McCAFFREY RD. _NEWMARKET_,Chloroform,2015-08-03T20:00,0.114,µg/m³,VOC,
65101,EAGLE ST. & McCAFFREY RD. _NEWMARKET_,Chloroform,2015-08-09T20:00,0.461,µg/m³,VOC,
65101,EAGLE ST. & McCAFFREY RD. _NEWMARKET_,Chloroform,2015-08-15T20:00,0.319,µg/m³,VOC,
65101,EAGLE ST. & McCAFFREY RD. _NEWMARKET_,Chloroform,2015-08-21T20:00,0.492,µg/m³,VOC,
65101,EAGLE ST. & McCAFFREY RD. _NEWMARKET_,Chloroform,2015-08-27T20:00,0.301,µg/m³,VOC,
65101,EAGLE ST. & McCAFFREY RD. _NEWMARKET_,Chloroform,2015-09-02T20:00,0.230,µg/m³,VOC,
65101,EAGLE ST. & McCAFFREY RD. _NEWMARKET_,Chloroform,2015-09-08T20:00,0.112,µg/m³,VOC,
65101,EAGLE ST. & McCAFFREY RD. _NEWMARKET_,Chloroform,2015-09-14T20:00,0.162,µg/m³,VOC,
65101,EAGLE ST. & McCAFFREY RD. _NEWMARKET_,Chloroform,2015-09-20T20:00,0.548,µg/m³,VOC,
65101,EAGLE ST. & McCAFFREY RD. _NEWMARKET_,Chloroform,2015-09-26T20:00,0.134,µg/m³,VOC,
65101,EAGLE ST. & McCAFFREY RD. _NEWMARKET_,Chloroform,2015-10-02T20:00,0.109,µg/m³,VOC,
65101,EAGLE ST. & McCAFFREY RD. _NEWMARKET_,Chloroform,2015-10-08T20:00,0.118,µg/m³,VOC,
65101,EAGLE ST. & McCAFFREY RD. _NEWMARKET_,Chloroform,2015-10-14T20:00,0.105,µg/m³,VOC,
65101,EAGLE ST. & McCAFFREY RD. _NEWMARKET_,Chloroform,2015-10-20T20:00,0.122,µg/m³,VOC,
65101,EAGLE ST. & McCAFFREY RD. _NEWMARKET_,Chloroform,2015-10-26T20:00,0.147,µg/m³,VOC,
65101,EAGLE ST. & McCAFFREY RD. _NEWMARKET_,Chloroform,2015-11-01T19:00,0.119,µg/m³,VOC,
65101,EAGLE ST. & McCAFFREY RD. _NEWMARKET_,Chloroform,2015-11-07T19:00,0.107,µg/m³,VOC,
65101,EAGLE ST. & McCAFFREY RD. _NEWMARKET_,Chloroform,2015-11-13T19:00,0.104,µg/m³,VOC,
65101,EAGLE ST. & McCAFFREY RD. _NEWMARKET_,Chloroform,2015-11-19T19:00,0.104,µg/m³,VOC,
65101,EAGLE ST. & McCAFFREY RD. _NEWMARKET_,Chloroform,2015-11-25T19:00,0.121,µg/m³,VOC,
65101,EAGLE ST. & McCAFFREY RD. _NEWMARKET_,Chloroform,2015-12-01T19:00,0.115,µg/m³,VOC,
65101,EAGLE ST. & McCAFFREY RD. _NEWMARKET_,Chloroform,2015-12-07T19:00,0.127,µg/m³,VOC,
65101,EAGLE ST. & McCAFFREY RD. _NEWMARKET_,Chloroform,2015-12-13T19:00,0.100,µg/m³,VOC,
65101,EAGLE ST. & McCAFFREY RD. _NEWMARKET_,Chloroform,2015-12-19T19:00,0.092,µg/m³,VOC,
65101,EAGLE ST. & McCAFFREY RD. _NEWMARKET_,Chloroform,2015-12-25T19:00,0.112,µg/m³,VOC,
