﻿NAPS_Site_ID,Station_Name,Pollutant,Date,Value,Units,Report_Type,Method
10102,WATER STREET POST OFFICE,Cyclopentane,2016-12-31T19:00,0.047,µg/m³,VOC,
10102,WATER STREET POST OFFICE,Cyclopentane,2017-01-06T19:00,0.098,µg/m³,VOC,
10102,WATER STREET POST OFFICE,Cyclopentane,2017-01-12T19:00,0.039,µg/m³,VOC,
10102,WATER STREET POST OFFICE,Cyclopentane,2017-01-18T19:00,0.202,µg/m³,VOC,
10102,WATER STREET POST OFFICE,Cyclopentane,2017-01-24T19:00,0.197,µg/m³,VOC,
10102,WATER STREET POST OFFICE,Cyclopentane,2017-01-30T19:00,0.115,µg/m³,VOC,
10102,WATER STREET POST OFFICE,Cyclopentane,2017-02-05T19:00,0.043,µg/m³,VOC,
10102,WATER STREET POST OFFICE,Cyclopentane,2017-02-11T19:00,0.066,µg/m³,VOC,
10102,WATER STREET POST OFFICE,Cyclopentane,2017-02-17T19:00,0.037,µg/m³,VOC,
10102,WATER STREET POST OFFICE,Cyclopentane,2017-02-23T19:00,0.108,µg/m³,VOC,
10102,WATER STREET POST OFFICE,Cyclopentane,2017-03-01T19:00,0.044,µg/m³,VOC,
10102,WATER STREET POST OFFICE,Cyclopentane,2017-03-07T19:00,0.052,µg/m³,VOC,
10102,WATER STREET POST OFFICE,Cyclopentane,2017-03-13T20:00,0.068,µg/m³,VOC,
10102,WATER STREET POST OFFICE,Cyclopentane,2017-03-19T20:00,0.168,µg/m³,VOC,
10102,WATER STREET POST OFFICE,Cyclopentane,2017-03-25T20:00,0.038,µg/m³,VOC,
10102,WATER STREET POST OFFICE,Cyclopentane,2017-03-31T20:00,0.040,µg/m³,VOC,
10102,WATER STREET POST OFFICE,Cyclopentane,2017-04-06T20:00,0.037,µg/m³,VOC,
10102,WATER STREET POST OFFICE,Cyclopentane,2017-04-12T20:00,1.363,µg/m³,VOC,
10102,WATER STREET POST OFFICE,Cyclopentane,2017-04-18T20:00,0.866,µg/m³,VOC,
10102,WATER STREET POST OFFICE,Cyclopentane,2017-04-24T20:00,0.725,µg/m³,VOC,
10102,WATER STREET POST OFFICE,Cyclopentane,2017-04-30T20:00,0.795,µg/m³,VOC,
10102,WATER STREET POST OFFICE,Cyclopentane,2017-05-06T20:00,1.186,µg/m³,VOC,
10102,WATER STREET POST OFFICE,Cyclopentane,2017-05-12T20:00,0.706,µg/m³,VOC,
10102,WATER STREET POST OFFICE,Cyclopentane,2017-05-18T20:00,0.590,µg/m³,VOC,
10102,WATER STREET POST OFFICE,Cyclopentane,2017-05-24T20:00,0.604,µg/m³,VOC,
10102,WATER STREET POST OFFICE,Cyclopentane,2017-05-30T20:00,0.787,µg/m³,VOC,
10102,WATER STREET POST OFFICE,Cyclopentane,2017-06-05T20:00,1.314,µg/m³,VOC,
10102,WATER STREET POST OFFICE,Cyclopentane,2017-06-11T20:00,0.602,µg/m³,VOC,
10102,WATER STREET POST OFFICE,Cyclopentane,2017-06-17T20:00,0.769,µg/m³,VOC,
10102,WATER STREET POST OFFICE,Cyclopentane,2017-06-23T20:00,0.043,µg/m³,VOC,
10102,WATER STREET POST OFFICE,Cyclopentane,2017-06-29T20:00,0.054,µg/m³,VOC,
10102,WATER STREET POST OFFICE,Cyclopentane,2017-07-05T20:00,2.141,µg/m³,VOC,
10102,WATER STREET POST OFFICE,Cyclopentane,2017-07-11T20:00,0.041,µg/m³,VOC,
10102,WATER STREET POST OFFICE,Cyclopentane,2017-07-17T20:00,0.059,µg/m³,VOC,
10102,WATER STREET POST OFFICE,Cyclopentane,2017-07-23T20:00,0.290,µg/m³,VOC,
10102,WATER STREET POST OFFICE,Cyclopentane,2017-07-29T20:00,0.102,µg/m³,VOC,
10102,WATER STREET POST OFFICE,Cyclopentane,2017-08-04T20:00,0.055,µg/m³,VOC,
10102,WATER STREET POST OFFICE,Cyclopentane,2017-08-10T20:00,0.118,µg/m³,VOC,
10102,WATER STREET POST OFFICE,Cyclopentane,2017-08-16T20:00,0.083,µg/m³,VOC,
10102,WATER STREET POST OFFICE,Cyclopentane,2017-08-22T20:00,0.036,µg/m³,VOC,
10102,WATER STREET POST OFFICE,Cyclopentane,2017-08-28T20:00,0.141,µg/m³,VOC,
10102,WATER STREET POST OFFICE,Cyclopentane,2017-09-03T20:00,0.608,µg/m³,VOC,
10102,WATER STREET POST OFFICE,Cyclopentane,2017-09-09T20:00,0.049,µg/m³,VOC,
10102,WATER STREET POST OFFICE,Cyclopentane,2017-09-15T20:00,0.481,µg/m³,VOC,
10102,WATER STREET POST OFFICE,Cyclopentane,2017-09-21T20:00,0.063,µg/m³,VOC,
10102,WATER STREET POST OFFICE,Cyclopentane,2017-09-27T20:00,0.039,µg/m³,VOC,
10102,WATER STREET POST OFFICE,Cyclopentane,2017-10-03T20:00,0.140,µg/m³,VOC,
10102,WATER STREET POST OFFICE,Cyclopentane,2017-10-09T20:00,0.050,µg/m³,VOC,
10102,WATER STREET POST OFFICE,Cyclopentane,2017-10-15T20:00,0.134,µg/m³,VOC,
10102,WATER STREET POST OFFICE,Cyclopentane,2017-10-21T20:00,0.020,µg/m³,VOC,
10102,WATER STREET POST OFFICE,Cyclopentane,2017-10-27T20:00,0.062,µg/m³,VOC,
10102,WATER STREET POST OFFICE,Cyclopentane,2017-11-02T20:00,0.164,µg/m³,VOC,
10102,WATER STREET POST OFFICE,Cyclopentane,2017-11-08T19:00,0.043,µg/m³,VOC,
10102,WATER STREET POST OFFICE,Cyclopentane,2017-11-14T19:00,0.048,µg/m³,VOC,
10102,WATER STREET POST OFFICE,Cyclopentane,2017-11-20T19:00,0.115,µg/m³,VOC,
10102,WATER STREET POST OFFICE,Cyclopentane,2017-12-08T19:00,0.064,µg/m³,VOC,
10102,WATER STREET POST OFFICE,Cyclopentane,2017-12-14T19:00,0.038,µg/m³,VOC,
