﻿NAPS_Site_ID,Station_Name,Pollutant,Date,Value,Units,Report_Type,Method
102001,SATURNA,Tetrachloroethylene,2003-01-06T00:00,0.054,µg/m³,VOC,
102001,SATURNA,Tetrachloroethylene,2003-01-12T00:00,0.077,µg/m³,VOC,
102001,SATURNA,Tetrachloroethylene,2003-01-15T00:00,0.078,µg/m³,VOC,
102001,SATURNA,Tetrachloroethylene,2003-01-18T00:00,0.072,µg/m³,VOC,
102001,SATURNA,Tetrachloroethylene,2003-01-21T00:00,0.143,µg/m³,VOC,
102001,SATURNA,Tetrachloroethylene,2003-01-24T00:00,0.077,µg/m³,VOC,
102001,SATURNA,Tetrachloroethylene,2003-01-27T00:00,0.053,µg/m³,VOC,
102001,SATURNA,Tetrachloroethylene,2003-01-30T00:00,0.076,µg/m³,VOC,
102001,SATURNA,Tetrachloroethylene,2003-02-02T00:00,0.072,µg/m³,VOC,
102001,SATURNA,Tetrachloroethylene,2003-02-05T00:00,0.091,µg/m³,VOC,
102001,SATURNA,Tetrachloroethylene,2003-02-08T00:00,0.048,µg/m³,VOC,
102001,SATURNA,Tetrachloroethylene,2003-02-17T00:00,0.060,µg/m³,VOC,
102001,SATURNA,Tetrachloroethylene,2003-02-20T00:00,0.056,µg/m³,VOC,
102001,SATURNA,Tetrachloroethylene,2003-02-26T00:00,0.096,µg/m³,VOC,
102001,SATURNA,Tetrachloroethylene,2003-03-01T00:00,0.107,µg/m³,VOC,
102001,SATURNA,Tetrachloroethylene,2003-03-07T00:00,0.051,µg/m³,VOC,
102001,SATURNA,Tetrachloroethylene,2003-03-10T00:00,0.042,µg/m³,VOC,
102001,SATURNA,Tetrachloroethylene,2003-03-13T00:00,0.044,µg/m³,VOC,
102001,SATURNA,Tetrachloroethylene,2003-03-16T00:00,0.049,µg/m³,VOC,
102001,SATURNA,Tetrachloroethylene,2003-03-19T00:00,0.058,µg/m³,VOC,
102001,SATURNA,Tetrachloroethylene,2003-03-22T00:00,0.050,µg/m³,VOC,
102001,SATURNA,Tetrachloroethylene,2003-03-25T00:00,0.051,µg/m³,VOC,
102001,SATURNA,Tetrachloroethylene,2003-03-28T00:00,0.072,µg/m³,VOC,
102001,SATURNA,Tetrachloroethylene,2003-03-31T00:00,0.056,µg/m³,VOC,
102001,SATURNA,Tetrachloroethylene,2003-04-03T00:00,0.052,µg/m³,VOC,
102001,SATURNA,Tetrachloroethylene,2003-04-06T00:00,0.051,µg/m³,VOC,
102001,SATURNA,Tetrachloroethylene,2003-04-09T00:00,0.055,µg/m³,VOC,
102001,SATURNA,Tetrachloroethylene,2003-04-12T00:00,0.101,µg/m³,VOC,
102001,SATURNA,Tetrachloroethylene,2003-04-15T00:00,0.056,µg/m³,VOC,
102001,SATURNA,Tetrachloroethylene,2003-04-18T00:00,0.050,µg/m³,VOC,
102001,SATURNA,Tetrachloroethylene,2003-04-21T00:00,0.061,µg/m³,VOC,
102001,SATURNA,Tetrachloroethylene,2003-04-24T00:00,0.047,µg/m³,VOC,
102001,SATURNA,Tetrachloroethylene,2003-04-27T00:00,0.062,µg/m³,VOC,
102001,SATURNA,Tetrachloroethylene,2003-04-30T00:00,0.056,µg/m³,VOC,
102001,SATURNA,Tetrachloroethylene,2003-05-03T00:00,0.055,µg/m³,VOC,
102001,SATURNA,Tetrachloroethylene,2003-05-06T00:00,0.057,µg/m³,VOC,
102001,SATURNA,Tetrachloroethylene,2003-05-09T00:00,0.075,µg/m³,VOC,
102001,SATURNA,Tetrachloroethylene,2003-05-12T00:00,0.050,µg/m³,VOC,
102001,SATURNA,Tetrachloroethylene,2003-05-15T00:00,0.061,µg/m³,VOC,
102001,SATURNA,Tetrachloroethylene,2003-05-18T00:00,0.053,µg/m³,VOC,
102001,SATURNA,Tetrachloroethylene,2003-05-21T00:00,0.058,µg/m³,VOC,
102001,SATURNA,Tetrachloroethylene,2003-05-24T00:00,0.060,µg/m³,VOC,
102001,SATURNA,Tetrachloroethylene,2003-05-27T00:00,0.120,µg/m³,VOC,
102001,SATURNA,Tetrachloroethylene,2003-05-30T00:00,0.054,µg/m³,VOC,
102001,SATURNA,Tetrachloroethylene,2003-06-02T00:00,0.039,µg/m³,VOC,
102001,SATURNA,Tetrachloroethylene,2003-06-05T00:00,0.035,µg/m³,VOC,
102001,SATURNA,Tetrachloroethylene,2003-06-08T00:00,0.038,µg/m³,VOC,
102001,SATURNA,Tetrachloroethylene,2003-06-11T00:00,0.038,µg/m³,VOC,
102001,SATURNA,Tetrachloroethylene,2003-06-14T00:00,0.038,µg/m³,VOC,
102001,SATURNA,Tetrachloroethylene,2003-06-17T00:00,0.086,µg/m³,VOC,
102001,SATURNA,Tetrachloroethylene,2003-06-20T00:00,0.028,µg/m³,VOC,
102001,SATURNA,Tetrachloroethylene,2003-06-23T00:00,0.031,µg/m³,VOC,
102001,SATURNA,Tetrachloroethylene,2003-06-26T00:00,0.051,µg/m³,VOC,
102001,SATURNA,Tetrachloroethylene,2003-06-29T00:00,0.023,µg/m³,VOC,
102001,SATURNA,Tetrachloroethylene,2003-07-02T00:00,0.023,µg/m³,VOC,
102001,SATURNA,Tetrachloroethylene,2003-07-05T00:00,0.025,µg/m³,VOC,
102001,SATURNA,Tetrachloroethylene,2003-07-08T00:00,0.026,µg/m³,VOC,
102001,SATURNA,Tetrachloroethylene,2003-07-11T00:00,0.018,µg/m³,VOC,
102001,SATURNA,Tetrachloroethylene,2003-07-14T00:00,0.027,µg/m³,VOC,
102001,SATURNA,Tetrachloroethylene,2003-07-17T00:00,0.022,µg/m³,VOC,
102001,SATURNA,Tetrachloroethylene,2003-07-20T00:00,0.017,µg/m³,VOC,
102001,SATURNA,Tetrachloroethylene,2003-07-23T00:00,0.021,µg/m³,VOC,
102001,SATURNA,Tetrachloroethylene,2003-07-26T00:00,0.021,µg/m³,VOC,
102001,SATURNA,Tetrachloroethylene,2003-07-29T00:00,0.025,µg/m³,VOC,
102001,SATURNA,Tetrachloroethylene,2003-08-01T00:00,0.015,µg/m³,VOC,
102001,SATURNA,Tetrachloroethylene,2003-08-04T00:00,0.024,µg/m³,VOC,
102001,SATURNA,Tetrachloroethylene,2003-08-07T00:00,0.043,µg/m³,VOC,
102001,SATURNA,Tetrachloroethylene,2003-08-10T00:00,0.020,µg/m³,VOC,
102001,SATURNA,Tetrachloroethylene,2003-08-13T00:00,0.035,µg/m³,VOC,
102001,SATURNA,Tetrachloroethylene,2003-08-16T00:00,0.012,µg/m³,VOC,
102001,SATURNA,Tetrachloroethylene,2003-08-19T00:00,0.017,µg/m³,VOC,
102001,SATURNA,Tetrachloroethylene,2003-08-22T00:00,0.061,µg/m³,VOC,
102001,SATURNA,Tetrachloroethylene,2003-08-25T00:00,0.050,µg/m³,VOC,
102001,SATURNA,Tetrachloroethylene,2003-08-28T00:00,0.018,µg/m³,VOC,
102001,SATURNA,Tetrachloroethylene,2003-08-31T00:00,0.016,µg/m³,VOC,
102001,SATURNA,Tetrachloroethylene,2003-09-03T00:00,0.023,µg/m³,VOC,
102001,SATURNA,Tetrachloroethylene,2003-09-06T00:00,0.019,µg/m³,VOC,
102001,SATURNA,Tetrachloroethylene,2003-09-09T00:00,0.019,µg/m³,VOC,
102001,SATURNA,Tetrachloroethylene,2003-09-12T00:00,0.050,µg/m³,VOC,
102001,SATURNA,Tetrachloroethylene,2003-09-15T00:00,0.033,µg/m³,VOC,
102001,SATURNA,Tetrachloroethylene,2003-09-18T00:00,0.076,µg/m³,VOC,
102001,SATURNA,Tetrachloroethylene,2003-09-21T00:00,0.041,µg/m³,VOC,
102001,SATURNA,Tetrachloroethylene,2003-09-24T00:00,0.059,µg/m³,VOC,
102001,SATURNA,Tetrachloroethylene,2003-09-27T00:00,0.018,µg/m³,VOC,
102001,SATURNA,Tetrachloroethylene,2003-10-03T00:00,0.096,µg/m³,VOC,
102001,SATURNA,Tetrachloroethylene,2003-10-06T00:00,0.176,µg/m³,VOC,
102001,SATURNA,Tetrachloroethylene,2003-10-09T00:00,0.032,µg/m³,VOC,
102001,SATURNA,Tetrachloroethylene,2003-10-12T00:00,0.024,µg/m³,VOC,
102001,SATURNA,Tetrachloroethylene,2003-10-15T00:00,0.057,µg/m³,VOC,
102001,SATURNA,Tetrachloroethylene,2003-10-18T00:00,0.035,µg/m³,VOC,
102001,SATURNA,Tetrachloroethylene,2003-10-21T00:00,0.045,µg/m³,VOC,
102001,SATURNA,Tetrachloroethylene,2003-10-24T00:00,0.047,µg/m³,VOC,
102001,SATURNA,Tetrachloroethylene,2003-10-27T00:00,0.058,µg/m³,VOC,
102001,SATURNA,Tetrachloroethylene,2003-10-30T00:00,0.028,µg/m³,VOC,
102001,SATURNA,Tetrachloroethylene,2003-11-05T00:00,0.061,µg/m³,VOC,
102001,SATURNA,Tetrachloroethylene,2003-11-08T00:00,0.043,µg/m³,VOC,
102001,SATURNA,Tetrachloroethylene,2003-11-11T00:00,0.036,µg/m³,VOC,
102001,SATURNA,Tetrachloroethylene,2003-11-14T00:00,0.062,µg/m³,VOC,
102001,SATURNA,Tetrachloroethylene,2003-11-17T00:00,0.038,µg/m³,VOC,
102001,SATURNA,Tetrachloroethylene,2003-11-20T00:00,0.054,µg/m³,VOC,
102001,SATURNA,Tetrachloroethylene,2003-11-23T00:00,0.047,µg/m³,VOC,
