﻿NAPS_Site_ID,Station_Name,Pollutant,Date,Value,Units,Report_Type,Method
60427,GAGE INSTITUTE,13C12-TCDF,2008-01-19T00:00,131.000,pg/m³,PCDD,N/A
60427,GAGE INSTITUTE,13C12-TCDF,2008-03-07T00:00,92.000,pg/m³,PCDD,N/A
60427,GAGE INSTITUTE,13C12-TCDF,2008-03-31T00:00,110.000,pg/m³,PCDD,N/A
60427,GAGE INSTITUTE,13C12-TCDF,2008-04-24T00:00,97.000,pg/m³,PCDD,N/A
60427,GAGE INSTITUTE,13C12-TCDF,2008-05-18T00:00,96.000,pg/m³,PCDD,N/A
60427,GAGE INSTITUTE,13C12-TCDF,2008-06-11T00:00,106.000,pg/m³,PCDD,N/A
60427,GAGE INSTITUTE,13C12-TCDF,2008-07-05T00:00,95.000,pg/m³,PCDD,N/A
60427,GAGE INSTITUTE,13C12-TCDF,2008-07-29T00:00,105.000,pg/m³,PCDD,N/A
60427,GAGE INSTITUTE,13C12-TCDF,2008-08-22T00:00,83.000,pg/m³,PCDD,N/A
60427,GAGE INSTITUTE,13C12-TCDF,2008-09-15T00:00,83.000,pg/m³,PCDD,N/A
60427,GAGE INSTITUTE,13C12-TCDF,2008-10-09T00:00,83.000,pg/m³,PCDD,N/A
60427,GAGE INSTITUTE,13C12-TCDF,2008-11-02T00:00,108.000,pg/m³,PCDD,N/A
60427,GAGE INSTITUTE,13C12-TCDF,2008-11-26T00:00,110.000,pg/m³,PCDD,N/A
60427,GAGE INSTITUTE,13C12-TCDF,2008-12-20T00:00,59.000,pg/m³,PCDD,N/A
