﻿NAPS_Site_ID,Station_Name,Pollutant,Date,Value,Units,Report_Type,Method
100133,BURMOUNT,"1,3,5-Trimethylbenzene",2006-03-12T00:00,0.045,µg/m³,VOC,N/A
100133,BURMOUNT,"1,3,5-Trimethylbenzene",2006-05-11T00:00,0.099,µg/m³,VOC,N/A
100133,BURMOUNT,"1,3,5-Trimethylbenzene",2006-05-17T00:00,0.120,µg/m³,VOC,N/A
100133,BURMOUNT,"1,3,5-Trimethylbenzene",2006-05-29T00:00,0.065,µg/m³,VOC,N/A
100133,BURMOUNT,"1,3,5-Trimethylbenzene",2006-06-04T00:00,0.079,µg/m³,VOC,N/A
100133,BURMOUNT,"1,3,5-Trimethylbenzene",2006-06-10T00:00,0.068,µg/m³,VOC,N/A
100133,BURMOUNT,"1,3,5-Trimethylbenzene",2006-06-16T00:00,0.029,µg/m³,VOC,N/A
100133,BURMOUNT,"1,3,5-Trimethylbenzene",2006-06-22T00:00,0.048,µg/m³,VOC,N/A
100133,BURMOUNT,"1,3,5-Trimethylbenzene",2006-06-28T00:00,0.072,µg/m³,VOC,N/A
100133,BURMOUNT,"1,3,5-Trimethylbenzene",2006-07-04T00:00,0.072,µg/m³,VOC,N/A
100133,BURMOUNT,"1,3,5-Trimethylbenzene",2006-07-10T00:00,0.058,µg/m³,VOC,N/A
100133,BURMOUNT,"1,3,5-Trimethylbenzene",2006-07-22T00:00,0.089,µg/m³,VOC,N/A
100133,BURMOUNT,"1,3,5-Trimethylbenzene",2006-07-28T00:00,0.045,µg/m³,VOC,N/A
100133,BURMOUNT,"1,3,5-Trimethylbenzene",2006-08-03T00:00,0.078,µg/m³,VOC,N/A
100133,BURMOUNT,"1,3,5-Trimethylbenzene",2006-08-09T00:00,0.062,µg/m³,VOC,N/A
100133,BURMOUNT,"1,3,5-Trimethylbenzene",2006-08-15T00:00,0.080,µg/m³,VOC,N/A
100133,BURMOUNT,"1,3,5-Trimethylbenzene",2006-08-27T00:00,0.082,µg/m³,VOC,N/A
100133,BURMOUNT,"1,3,5-Trimethylbenzene",2006-09-02T00:00,0.082,µg/m³,VOC,N/A
100133,BURMOUNT,"1,3,5-Trimethylbenzene",2006-09-08T00:00,0.116,µg/m³,VOC,N/A
100133,BURMOUNT,"1,3,5-Trimethylbenzene",2006-09-14T00:00,0.136,µg/m³,VOC,N/A
100133,BURMOUNT,"1,3,5-Trimethylbenzene",2006-09-20T00:00,0.077,µg/m³,VOC,N/A
100133,BURMOUNT,"1,3,5-Trimethylbenzene",2006-09-26T00:00,0.182,µg/m³,VOC,N/A
100133,BURMOUNT,"1,3,5-Trimethylbenzene",2006-10-02T00:00,0.130,µg/m³,VOC,N/A
100133,BURMOUNT,"1,3,5-Trimethylbenzene",2006-10-08T00:00,0.091,µg/m³,VOC,N/A
100133,BURMOUNT,"1,3,5-Trimethylbenzene",2006-10-20T00:00,0.102,µg/m³,VOC,N/A
100133,BURMOUNT,"1,3,5-Trimethylbenzene",2006-11-07T00:00,0.048,µg/m³,VOC,N/A
100133,BURMOUNT,"1,3,5-Trimethylbenzene",2006-11-13T00:00,0.031,µg/m³,VOC,N/A
100133,BURMOUNT,"1,3,5-Trimethylbenzene",2006-11-19T00:00,0.136,µg/m³,VOC,N/A
100133,BURMOUNT,"1,3,5-Trimethylbenzene",2006-11-25T00:00,0.071,µg/m³,VOC,N/A
100133,BURMOUNT,"1,3,5-Trimethylbenzene",2006-12-07T00:00,0.481,µg/m³,VOC,N/A
100133,BURMOUNT,"1,3,5-Trimethylbenzene",2006-12-13T00:00,0.035,µg/m³,VOC,N/A
100133,BURMOUNT,"1,3,5-Trimethylbenzene",2006-12-25T00:00,0.028,µg/m³,VOC,N/A
100133,BURMOUNT,"1,3,5-Trimethylbenzene",2006-12-31T00:00,0.103,µg/m³,VOC,N/A
