﻿NAPS_Site_ID,Station_Name,Pollutant,Date,Value,Units,Report_Type,Method
80111,REGINA,Ethane,2019-01-03T00:00,17.211,µg/m³,VOC,GC-FID
80111,REGINA,Ethane,2019-01-09T00:00,10.492,µg/m³,VOC,GC-FID
80111,REGINA,Ethane,2019-01-15T00:00,11.155,µg/m³,VOC,GC-FID
80111,REGINA,Ethane,2019-01-21T00:00,19.658,µg/m³,VOC,GC-FID
80111,REGINA,Ethane,2019-01-27T00:00,13.664,µg/m³,VOC,GC-FID
80111,REGINA,Ethane,2019-02-02T00:00,5.567,µg/m³,VOC,GC-FID
80111,REGINA,Ethane,2019-02-08T00:00,22.985,µg/m³,VOC,GC-FID
80111,REGINA,Ethane,2019-02-14T00:00,21.983,µg/m³,VOC,GC-FID
80111,REGINA,Ethane,2019-02-20T00:00,33.901,µg/m³,VOC,GC-FID
80111,REGINA,Ethane,2019-02-26T00:00,12.818,µg/m³,VOC,GC-FID
80111,REGINA,Ethane,2019-03-04T00:00,7.753,µg/m³,VOC,GC-FID
80111,REGINA,Ethane,2019-03-10T00:00,14.513,µg/m³,VOC,GC-FID
80111,REGINA,Ethane,2019-03-16T00:00,22.895,µg/m³,VOC,GC-FID
80111,REGINA,Ethane,2019-03-22T00:00,20.679,µg/m³,VOC,GC-FID
80111,REGINA,Ethane,2019-03-28T00:00,18.454,µg/m³,VOC,GC-FID
80111,REGINA,Ethane,2019-04-09T00:00,6.042,µg/m³,VOC,GC-FID
80111,REGINA,Ethane,2019-04-15T00:00,16.325,µg/m³,VOC,GC-FID
80111,REGINA,Ethane,2019-04-21T00:00,10.270,µg/m³,VOC,GC-FID
80111,REGINA,Ethane,2019-04-27T00:00,5.726,µg/m³,VOC,GC-FID
80111,REGINA,Ethane,2019-05-03T00:00,12.708,µg/m³,VOC,GC-FID
80111,REGINA,Ethane,2019-05-09T00:00,6.285,µg/m³,VOC,GC-FID
80111,REGINA,Ethane,2019-05-15T00:00,9.433,µg/m³,VOC,GC-FID
80111,REGINA,Ethane,2019-05-27T00:00,10.883,µg/m³,VOC,GC-FID
80111,REGINA,Ethane,2019-06-02T00:00,6.842,µg/m³,VOC,GC-FID
80111,REGINA,Ethane,2019-06-08T00:00,10.635,µg/m³,VOC,GC-FID
80111,REGINA,Ethane,2019-06-14T00:00,5.308,µg/m³,VOC,GC-FID
80111,REGINA,Ethane,2019-06-26T00:00,11.252,µg/m³,VOC,GC-FID
80111,REGINA,Ethane,2019-07-02T00:00,7.728,µg/m³,VOC,GC-FID
80111,REGINA,Ethane,2019-07-08T00:00,7.743,µg/m³,VOC,GC-FID
80111,REGINA,Ethane,2019-07-26T00:00,13.714,µg/m³,VOC,GC-FID
80111,REGINA,Ethane,2019-08-01T00:00,5.714,µg/m³,VOC,GC-FID
80111,REGINA,Ethane,2019-08-07T00:00,13.562,µg/m³,VOC,GC-FID
80111,REGINA,Ethane,2019-08-13T00:00,6.448,µg/m³,VOC,GC-FID
80111,REGINA,Ethane,2019-08-19T00:00,15.113,µg/m³,VOC,GC-FID
80111,REGINA,Ethane,2019-08-25T00:00,11.857,µg/m³,VOC,GC-FID
80111,REGINA,Ethane,2019-08-31T00:00,7.383,µg/m³,VOC,GC-FID
80111,REGINA,Ethane,2019-09-06T00:00,11.924,µg/m³,VOC,GC-FID
80111,REGINA,Ethane,2019-09-12T00:00,5.547,µg/m³,VOC,GC-FID
80111,REGINA,Ethane,2019-09-18T00:00,9.184,µg/m³,VOC,GC-FID
80111,REGINA,Ethane,2019-09-24T00:00,9.806,µg/m³,VOC,GC-FID
80111,REGINA,Ethane,2019-09-30T00:00,4.920,µg/m³,VOC,GC-FID
80111,REGINA,Ethane,2019-10-06T00:00,8.458,µg/m³,VOC,GC-FID
80111,REGINA,Ethane,2019-10-12T00:00,6.397,µg/m³,VOC,GC-FID
80111,REGINA,Ethane,2019-10-18T00:00,19.357,µg/m³,VOC,GC-FID
80111,REGINA,Ethane,2019-10-24T00:00,9.251,µg/m³,VOC,GC-FID
80111,REGINA,Ethane,2019-10-30T00:00,9.445,µg/m³,VOC,GC-FID
80111,REGINA,Ethane,2019-11-05T00:00,11.131,µg/m³,VOC,GC-FID
80111,REGINA,Ethane,2019-11-11T00:00,8.795,µg/m³,VOC,GC-FID
80111,REGINA,Ethane,2019-11-17T00:00,13.664,µg/m³,VOC,GC-FID
80111,REGINA,Ethane,2019-11-23T00:00,12.733,µg/m³,VOC,GC-FID
80111,REGINA,Ethane,2019-11-29T00:00,6.518,µg/m³,VOC,GC-FID
80111,REGINA,Ethane,2019-12-05T00:00,10.282,µg/m³,VOC,GC-FID
80111,REGINA,Ethane,2019-12-11T00:00,9.190,µg/m³,VOC,GC-FID
80111,REGINA,Ethane,2019-12-17T00:00,13.393,µg/m³,VOC,GC-FID
80111,REGINA,Ethane,2019-12-23T00:00,11.514,µg/m³,VOC,GC-FID
