﻿NAPS_Site_ID,Station_Name,Pollutant,Date,Value,Units,Report_Type,Method
90901,ROYAL PARK _RLPK_,Chlorobenzene,1996-08-01T00:00,0.005,µg/m³,VOC,N/A
90901,ROYAL PARK _RLPK_,Chlorobenzene,1996-08-01T00:00,0.008,µg/m³,VOC,N/A
90901,ROYAL PARK _RLPK_,Chlorobenzene,1996-08-08T00:00,0.000,µg/m³,VOC,N/A
90901,ROYAL PARK _RLPK_,Chlorobenzene,1996-08-08T00:00,0.005,µg/m³,VOC,N/A
90901,ROYAL PARK _RLPK_,Chlorobenzene,1996-08-09T00:00,0.009,µg/m³,VOC,N/A
90901,ROYAL PARK _RLPK_,Chlorobenzene,1996-09-12T00:00,0.046,µg/m³,VOC,N/A
90901,ROYAL PARK _RLPK_,Chlorobenzene,1996-09-12T00:00,0.048,µg/m³,VOC,N/A
90901,ROYAL PARK _RLPK_,Chlorobenzene,1996-09-14T00:00,0.031,µg/m³,VOC,N/A
90901,ROYAL PARK _RLPK_,Chlorobenzene,1996-09-14T00:00,0.055,µg/m³,VOC,N/A
90901,ROYAL PARK _RLPK_,Chlorobenzene,1996-09-16T00:00,0.029,µg/m³,VOC,N/A
90901,ROYAL PARK _RLPK_,Chlorobenzene,1996-09-16T00:00,0.031,µg/m³,VOC,N/A
90901,ROYAL PARK _RLPK_,Chlorobenzene,1996-09-23T00:00,0.026,µg/m³,VOC,N/A
90901,ROYAL PARK _RLPK_,Chlorobenzene,1996-09-23T00:00,0.038,µg/m³,VOC,N/A
90901,ROYAL PARK _RLPK_,Chlorobenzene,1996-10-22T00:00,0.034,µg/m³,VOC,N/A
90901,ROYAL PARK _RLPK_,Chlorobenzene,1996-10-22T00:00,0.034,µg/m³,VOC,N/A
90901,ROYAL PARK _RLPK_,Chlorobenzene,1996-10-27T00:00,0.036,µg/m³,VOC,N/A
90901,ROYAL PARK _RLPK_,Chlorobenzene,1996-10-27T00:00,0.036,µg/m³,VOC,N/A
90901,ROYAL PARK _RLPK_,Chlorobenzene,1996-10-30T00:00,0.013,µg/m³,VOC,N/A
90901,ROYAL PARK _RLPK_,Chlorobenzene,1996-10-31T00:00,0.015,µg/m³,VOC,N/A
90901,ROYAL PARK _RLPK_,Chlorobenzene,1996-10-31T00:00,0.017,µg/m³,VOC,N/A
90901,ROYAL PARK _RLPK_,Chlorobenzene,1996-10-31T00:00,0.019,µg/m³,VOC,N/A
90901,ROYAL PARK _RLPK_,Chlorobenzene,1996-11-02T00:00,0.015,µg/m³,VOC,N/A
90901,ROYAL PARK _RLPK_,Chlorobenzene,1996-11-02T00:00,0.022,µg/m³,VOC,N/A
