﻿NAPS_Site_ID,Station_Name,Pollutant,Date,Value,Units,Report_Type,Method
63201,HWY 47 & HWY 48 _YORK_REGION_,Octane,2004-01-04T00:00,0.034,µg/m³,VOC,N/A
63201,HWY 47 & HWY 48 _YORK_REGION_,Octane,2004-01-10T00:00,0.094,µg/m³,VOC,N/A
63201,HWY 47 & HWY 48 _YORK_REGION_,Octane,2004-01-16T00:00,0.116,µg/m³,VOC,N/A
63201,HWY 47 & HWY 48 _YORK_REGION_,Octane,2004-01-22T00:00,0.055,µg/m³,VOC,N/A
63201,HWY 47 & HWY 48 _YORK_REGION_,Octane,2004-02-03T00:00,0.119,µg/m³,VOC,N/A
63201,HWY 47 & HWY 48 _YORK_REGION_,Octane,2004-02-09T00:00,0.077,µg/m³,VOC,N/A
63201,HWY 47 & HWY 48 _YORK_REGION_,Octane,2004-02-15T00:00,0.032,µg/m³,VOC,N/A
63201,HWY 47 & HWY 48 _YORK_REGION_,Octane,2004-02-21T00:00,0.046,µg/m³,VOC,N/A
63201,HWY 47 & HWY 48 _YORK_REGION_,Octane,2004-02-27T00:00,0.065,µg/m³,VOC,N/A
63201,HWY 47 & HWY 48 _YORK_REGION_,Octane,2004-03-04T00:00,0.150,µg/m³,VOC,N/A
63201,HWY 47 & HWY 48 _YORK_REGION_,Octane,2004-03-16T00:00,0.036,µg/m³,VOC,N/A
63201,HWY 47 & HWY 48 _YORK_REGION_,Octane,2004-03-22T00:00,0.033,µg/m³,VOC,N/A
63201,HWY 47 & HWY 48 _YORK_REGION_,Octane,2004-05-27T00:00,0.072,µg/m³,VOC,N/A
63201,HWY 47 & HWY 48 _YORK_REGION_,Octane,2004-06-02T00:00,0.224,µg/m³,VOC,N/A
63201,HWY 47 & HWY 48 _YORK_REGION_,Octane,2004-06-08T00:00,0.559,µg/m³,VOC,N/A
63201,HWY 47 & HWY 48 _YORK_REGION_,Octane,2004-06-14T00:00,0.105,µg/m³,VOC,N/A
63201,HWY 47 & HWY 48 _YORK_REGION_,Octane,2004-06-20T00:00,0.021,µg/m³,VOC,N/A
63201,HWY 47 & HWY 48 _YORK_REGION_,Octane,2004-06-26T00:00,0.081,µg/m³,VOC,N/A
63201,HWY 47 & HWY 48 _YORK_REGION_,Octane,2004-07-02T00:00,0.018,µg/m³,VOC,N/A
63201,HWY 47 & HWY 48 _YORK_REGION_,Octane,2004-07-08T00:00,0.040,µg/m³,VOC,N/A
63201,HWY 47 & HWY 48 _YORK_REGION_,Octane,2004-07-14T00:00,0.049,µg/m³,VOC,N/A
63201,HWY 47 & HWY 48 _YORK_REGION_,Octane,2004-07-26T00:00,0.025,µg/m³,VOC,N/A
63201,HWY 47 & HWY 48 _YORK_REGION_,Octane,2004-08-01T00:00,0.044,µg/m³,VOC,N/A
63201,HWY 47 & HWY 48 _YORK_REGION_,Octane,2004-08-07T00:00,0.049,µg/m³,VOC,N/A
63201,HWY 47 & HWY 48 _YORK_REGION_,Octane,2004-08-13T00:00,0.049,µg/m³,VOC,N/A
63201,HWY 47 & HWY 48 _YORK_REGION_,Octane,2004-08-19T00:00,0.030,µg/m³,VOC,N/A
63201,HWY 47 & HWY 48 _YORK_REGION_,Octane,2004-08-31T00:00,0.034,µg/m³,VOC,N/A
63201,HWY 47 & HWY 48 _YORK_REGION_,Octane,2004-09-06T00:00,0.022,µg/m³,VOC,N/A
63201,HWY 47 & HWY 48 _YORK_REGION_,Octane,2004-09-12T00:00,0.159,µg/m³,VOC,N/A
63201,HWY 47 & HWY 48 _YORK_REGION_,Octane,2004-09-18T00:00,0.030,µg/m³,VOC,N/A
63201,HWY 47 & HWY 48 _YORK_REGION_,Octane,2004-09-24T00:00,0.278,µg/m³,VOC,N/A
63201,HWY 47 & HWY 48 _YORK_REGION_,Octane,2004-10-06T00:00,0.282,µg/m³,VOC,N/A
63201,HWY 47 & HWY 48 _YORK_REGION_,Octane,2004-10-12T00:00,0.074,µg/m³,VOC,N/A
63201,HWY 47 & HWY 48 _YORK_REGION_,Octane,2004-10-18T00:00,0.121,µg/m³,VOC,N/A
63201,HWY 47 & HWY 48 _YORK_REGION_,Octane,2004-10-24T00:00,0.057,µg/m³,VOC,N/A
63201,HWY 47 & HWY 48 _YORK_REGION_,Octane,2004-10-30T00:00,0.039,µg/m³,VOC,N/A
63201,HWY 47 & HWY 48 _YORK_REGION_,Octane,2004-11-05T00:00,0.054,µg/m³,VOC,N/A
63201,HWY 47 & HWY 48 _YORK_REGION_,Octane,2004-11-11T00:00,0.085,µg/m³,VOC,N/A
63201,HWY 47 & HWY 48 _YORK_REGION_,Octane,2004-11-17T00:00,0.482,µg/m³,VOC,N/A
63201,HWY 47 & HWY 48 _YORK_REGION_,Octane,2004-11-23T00:00,0.332,µg/m³,VOC,N/A
63201,HWY 47 & HWY 48 _YORK_REGION_,Octane,2004-11-29T00:00,0.172,µg/m³,VOC,N/A
63201,HWY 47 & HWY 48 _YORK_REGION_,Octane,2004-12-05T00:00,0.028,µg/m³,VOC,N/A
63201,HWY 47 & HWY 48 _YORK_REGION_,Octane,2004-12-11T00:00,0.072,µg/m³,VOC,N/A
63201,HWY 47 & HWY 48 _YORK_REGION_,Octane,2004-12-17T00:00,0.104,µg/m³,VOC,N/A
