﻿NAPS_Site_ID,Station_Name,Pollutant,Date,Value,Units,Report_Type,Method
60512,BEASLEY PARK _HAMILTON_DOWNTOWN_,Methylcyclohexane,2004-01-04T00:00,0.084,µg/m³,VOC,GC-MS
60512,BEASLEY PARK _HAMILTON_DOWNTOWN_,Methylcyclohexane,2004-01-10T00:00,0.102,µg/m³,VOC,GC-MS
60512,BEASLEY PARK _HAMILTON_DOWNTOWN_,Methylcyclohexane,2004-01-28T00:00,0.066,µg/m³,VOC,GC-MS
60512,BEASLEY PARK _HAMILTON_DOWNTOWN_,Methylcyclohexane,2004-02-03T00:00,0.214,µg/m³,VOC,GC-MS
60512,BEASLEY PARK _HAMILTON_DOWNTOWN_,Methylcyclohexane,2004-02-09T00:00,0.072,µg/m³,VOC,GC-MS
60512,BEASLEY PARK _HAMILTON_DOWNTOWN_,Methylcyclohexane,2004-02-15T00:00,0.059,µg/m³,VOC,GC-MS
60512,BEASLEY PARK _HAMILTON_DOWNTOWN_,Methylcyclohexane,2004-02-21T00:00,0.056,µg/m³,VOC,GC-MS
60512,BEASLEY PARK _HAMILTON_DOWNTOWN_,Methylcyclohexane,2004-02-27T00:00,0.368,µg/m³,VOC,GC-MS
60512,BEASLEY PARK _HAMILTON_DOWNTOWN_,Methylcyclohexane,2004-03-04T00:00,0.154,µg/m³,VOC,GC-MS
60512,BEASLEY PARK _HAMILTON_DOWNTOWN_,Methylcyclohexane,2004-03-10T00:00,0.386,µg/m³,VOC,GC-MS
60512,BEASLEY PARK _HAMILTON_DOWNTOWN_,Methylcyclohexane,2004-03-16T00:00,0.135,µg/m³,VOC,GC-MS
60512,BEASLEY PARK _HAMILTON_DOWNTOWN_,Methylcyclohexane,2004-03-22T00:00,0.050,µg/m³,VOC,GC-MS
60512,BEASLEY PARK _HAMILTON_DOWNTOWN_,Methylcyclohexane,2004-05-09T00:00,0.120,µg/m³,VOC,GC-MS
60512,BEASLEY PARK _HAMILTON_DOWNTOWN_,Methylcyclohexane,2004-05-15T00:00,0.026,µg/m³,VOC,GC-MS
60512,BEASLEY PARK _HAMILTON_DOWNTOWN_,Methylcyclohexane,2004-05-21T00:00,0.267,µg/m³,VOC,GC-MS
60512,BEASLEY PARK _HAMILTON_DOWNTOWN_,Methylcyclohexane,2004-05-27T00:00,0.405,µg/m³,VOC,GC-MS
60512,BEASLEY PARK _HAMILTON_DOWNTOWN_,Methylcyclohexane,2004-06-02T00:00,0.287,µg/m³,VOC,GC-MS
60512,BEASLEY PARK _HAMILTON_DOWNTOWN_,Methylcyclohexane,2004-06-08T00:00,0.084,µg/m³,VOC,GC-MS
60512,BEASLEY PARK _HAMILTON_DOWNTOWN_,Methylcyclohexane,2004-06-14T00:00,0.061,µg/m³,VOC,GC-MS
60512,BEASLEY PARK _HAMILTON_DOWNTOWN_,Methylcyclohexane,2004-06-20T00:00,0.045,µg/m³,VOC,GC-MS
60512,BEASLEY PARK _HAMILTON_DOWNTOWN_,Methylcyclohexane,2004-06-26T00:00,0.060,µg/m³,VOC,GC-MS
60512,BEASLEY PARK _HAMILTON_DOWNTOWN_,Methylcyclohexane,2004-07-02T00:00,0.117,µg/m³,VOC,GC-MS
60512,BEASLEY PARK _HAMILTON_DOWNTOWN_,Methylcyclohexane,2004-07-08T00:00,0.052,µg/m³,VOC,GC-MS
60512,BEASLEY PARK _HAMILTON_DOWNTOWN_,Methylcyclohexane,2004-07-14T00:00,0.101,µg/m³,VOC,GC-MS
60512,BEASLEY PARK _HAMILTON_DOWNTOWN_,Methylcyclohexane,2004-07-20T00:00,0.112,µg/m³,VOC,GC-MS
60512,BEASLEY PARK _HAMILTON_DOWNTOWN_,Methylcyclohexane,2004-07-26T00:00,0.226,µg/m³,VOC,GC-MS
60512,BEASLEY PARK _HAMILTON_DOWNTOWN_,Methylcyclohexane,2004-08-01T00:00,0.029,µg/m³,VOC,GC-MS
60512,BEASLEY PARK _HAMILTON_DOWNTOWN_,Methylcyclohexane,2004-08-07T00:00,0.066,µg/m³,VOC,GC-MS
60512,BEASLEY PARK _HAMILTON_DOWNTOWN_,Methylcyclohexane,2004-08-13T00:00,0.076,µg/m³,VOC,GC-MS
60512,BEASLEY PARK _HAMILTON_DOWNTOWN_,Methylcyclohexane,2004-08-19T00:00,0.048,µg/m³,VOC,GC-MS
60512,BEASLEY PARK _HAMILTON_DOWNTOWN_,Methylcyclohexane,2004-08-25T00:00,0.142,µg/m³,VOC,GC-MS
60512,BEASLEY PARK _HAMILTON_DOWNTOWN_,Methylcyclohexane,2004-08-31T00:00,0.066,µg/m³,VOC,GC-MS
60512,BEASLEY PARK _HAMILTON_DOWNTOWN_,Methylcyclohexane,2004-09-06T00:00,0.095,µg/m³,VOC,GC-MS
60512,BEASLEY PARK _HAMILTON_DOWNTOWN_,Methylcyclohexane,2004-09-12T00:00,0.103,µg/m³,VOC,GC-MS
60512,BEASLEY PARK _HAMILTON_DOWNTOWN_,Methylcyclohexane,2004-09-18T00:00,0.083,µg/m³,VOC,GC-MS
60512,BEASLEY PARK _HAMILTON_DOWNTOWN_,Methylcyclohexane,2004-09-24T00:00,0.404,µg/m³,VOC,GC-MS
60512,BEASLEY PARK _HAMILTON_DOWNTOWN_,Methylcyclohexane,2004-09-30T00:00,0.231,µg/m³,VOC,GC-MS
60512,BEASLEY PARK _HAMILTON_DOWNTOWN_,Methylcyclohexane,2004-10-06T00:00,0.087,µg/m³,VOC,GC-MS
60512,BEASLEY PARK _HAMILTON_DOWNTOWN_,Methylcyclohexane,2004-10-12T00:00,0.209,µg/m³,VOC,GC-MS
60512,BEASLEY PARK _HAMILTON_DOWNTOWN_,Methylcyclohexane,2004-10-18T00:00,0.136,µg/m³,VOC,GC-MS
60512,BEASLEY PARK _HAMILTON_DOWNTOWN_,Methylcyclohexane,2004-10-24T00:00,0.276,µg/m³,VOC,GC-MS
60512,BEASLEY PARK _HAMILTON_DOWNTOWN_,Methylcyclohexane,2004-10-30T00:00,0.233,µg/m³,VOC,GC-MS
60512,BEASLEY PARK _HAMILTON_DOWNTOWN_,Methylcyclohexane,2004-11-05T00:00,0.065,µg/m³,VOC,GC-MS
60512,BEASLEY PARK _HAMILTON_DOWNTOWN_,Methylcyclohexane,2004-11-11T00:00,0.081,µg/m³,VOC,GC-MS
60512,BEASLEY PARK _HAMILTON_DOWNTOWN_,Methylcyclohexane,2004-11-17T00:00,0.149,µg/m³,VOC,GC-MS
60512,BEASLEY PARK _HAMILTON_DOWNTOWN_,Methylcyclohexane,2004-11-23T00:00,0.190,µg/m³,VOC,GC-MS
60512,BEASLEY PARK _HAMILTON_DOWNTOWN_,Methylcyclohexane,2004-11-29T00:00,0.092,µg/m³,VOC,GC-MS
60512,BEASLEY PARK _HAMILTON_DOWNTOWN_,Methylcyclohexane,2004-12-05T00:00,0.082,µg/m³,VOC,GC-MS
60512,BEASLEY PARK _HAMILTON_DOWNTOWN_,Methylcyclohexane,2004-12-11T00:00,0.078,µg/m³,VOC,GC-MS
60512,BEASLEY PARK _HAMILTON_DOWNTOWN_,Methylcyclohexane,2004-12-17T00:00,0.104,µg/m³,VOC,GC-MS
60512,BEASLEY PARK _HAMILTON_DOWNTOWN_,Methylcyclohexane,2004-12-23T00:00,0.103,µg/m³,VOC,GC-MS
60512,BEASLEY PARK _HAMILTON_DOWNTOWN_,Methylcyclohexane,2004-12-29T00:00,0.156,µg/m³,VOC,GC-MS
