﻿NAPS_Site_ID,Station_Name,Pollutant,Date,Value,Units,Report_Type,Method
70119,ELLEN,"1,3,5-Trimethylbenzene",2011-01-03T00:00,0.033,µg/m³,VOC,GC-MS
70119,ELLEN,"1,3,5-Trimethylbenzene",2011-01-09T00:00,0.001,µg/m³,VOC,GC-MS
70119,ELLEN,"1,3,5-Trimethylbenzene",2011-01-15T00:00,0.007,µg/m³,VOC,GC-MS
70119,ELLEN,"1,3,5-Trimethylbenzene",2011-01-21T00:00,0.004,µg/m³,VOC,GC-MS
70119,ELLEN,"1,3,5-Trimethylbenzene",2011-01-21T00:00,0.004,µg/m³,VOC,GC-MS
70119,ELLEN,"1,3,5-Trimethylbenzene",2011-01-27T00:00,0.136,µg/m³,VOC,GC-MS
70119,ELLEN,"1,3,5-Trimethylbenzene",2011-02-02T00:00,0.032,µg/m³,VOC,GC-MS
70119,ELLEN,"1,3,5-Trimethylbenzene",2011-02-08T00:00,0.015,µg/m³,VOC,GC-MS
70119,ELLEN,"1,3,5-Trimethylbenzene",2011-02-14T00:00,0.083,µg/m³,VOC,GC-MS
70119,ELLEN,"1,3,5-Trimethylbenzene",2011-02-20T00:00,0.027,µg/m³,VOC,GC-MS
70119,ELLEN,"1,3,5-Trimethylbenzene",2011-02-26T00:00,0.009,µg/m³,VOC,GC-MS
70119,ELLEN,"1,3,5-Trimethylbenzene",2011-03-04T00:00,0.034,µg/m³,VOC,GC-MS
70119,ELLEN,"1,3,5-Trimethylbenzene",2011-03-10T00:00,0.061,µg/m³,VOC,GC-MS
70119,ELLEN,"1,3,5-Trimethylbenzene",2011-03-16T00:00,0.119,µg/m³,VOC,GC-MS
70119,ELLEN,"1,3,5-Trimethylbenzene",2011-03-22T00:00,0.036,µg/m³,VOC,GC-MS
70119,ELLEN,"1,3,5-Trimethylbenzene",2011-03-28T00:00,0.074,µg/m³,VOC,GC-MS
70119,ELLEN,"1,3,5-Trimethylbenzene",2011-04-03T00:00,0.028,µg/m³,VOC,GC-MS
70119,ELLEN,"1,3,5-Trimethylbenzene",2011-04-09T00:00,0.065,µg/m³,VOC,GC-MS
70119,ELLEN,"1,3,5-Trimethylbenzene",2011-04-15T00:00,0.039,µg/m³,VOC,GC-MS
70119,ELLEN,"1,3,5-Trimethylbenzene",2011-04-21T00:00,0.036,µg/m³,VOC,GC-MS
70119,ELLEN,"1,3,5-Trimethylbenzene",2011-04-27T00:00,0.069,µg/m³,VOC,GC-MS
70119,ELLEN,"1,3,5-Trimethylbenzene",2011-05-03T00:00,0.046,µg/m³,VOC,GC-MS
70119,ELLEN,"1,3,5-Trimethylbenzene",2011-05-09T00:00,0.046,µg/m³,VOC,GC-MS
70119,ELLEN,"1,3,5-Trimethylbenzene",2011-05-15T00:00,0.044,µg/m³,VOC,GC-MS
70119,ELLEN,"1,3,5-Trimethylbenzene",2011-05-21T00:00,0.038,µg/m³,VOC,GC-MS
70119,ELLEN,"1,3,5-Trimethylbenzene",2011-05-27T00:00,0.039,µg/m³,VOC,GC-MS
70119,ELLEN,"1,3,5-Trimethylbenzene",2011-06-08T00:00,0.027,µg/m³,VOC,GC-MS
70119,ELLEN,"1,3,5-Trimethylbenzene",2011-06-14T00:00,0.039,µg/m³,VOC,GC-MS
70119,ELLEN,"1,3,5-Trimethylbenzene",2011-06-20T00:00,0.081,µg/m³,VOC,GC-MS
70119,ELLEN,"1,3,5-Trimethylbenzene",2011-06-26T00:00,0.047,µg/m³,VOC,GC-MS
70119,ELLEN,"1,3,5-Trimethylbenzene",2011-07-02T00:00,0.056,µg/m³,VOC,GC-MS
70119,ELLEN,"1,3,5-Trimethylbenzene",2011-07-08T00:00,0.168,µg/m³,VOC,GC-MS
70119,ELLEN,"1,3,5-Trimethylbenzene",2011-07-14T00:00,0.040,µg/m³,VOC,GC-MS
70119,ELLEN,"1,3,5-Trimethylbenzene",2011-07-20T00:00,0.057,µg/m³,VOC,GC-MS
70119,ELLEN,"1,3,5-Trimethylbenzene",2011-07-26T00:00,0.161,µg/m³,VOC,GC-MS
70119,ELLEN,"1,3,5-Trimethylbenzene",2011-08-07T00:00,0.079,µg/m³,VOC,GC-MS
70119,ELLEN,"1,3,5-Trimethylbenzene",2011-08-13T00:00,0.053,µg/m³,VOC,GC-MS
70119,ELLEN,"1,3,5-Trimethylbenzene",2011-08-19T00:00,0.053,µg/m³,VOC,GC-MS
70119,ELLEN,"1,3,5-Trimethylbenzene",2011-08-25T00:00,0.067,µg/m³,VOC,GC-MS
70119,ELLEN,"1,3,5-Trimethylbenzene",2011-09-18T00:00,0.046,µg/m³,VOC,GC-MS
70119,ELLEN,"1,3,5-Trimethylbenzene",2011-09-24T00:00,0.122,µg/m³,VOC,GC-MS
70119,ELLEN,"1,3,5-Trimethylbenzene",2011-09-30T00:00,0.228,µg/m³,VOC,GC-MS
70119,ELLEN,"1,3,5-Trimethylbenzene",2011-10-06T00:00,0.048,µg/m³,VOC,GC-MS
70119,ELLEN,"1,3,5-Trimethylbenzene",2011-10-12T00:00,0.178,µg/m³,VOC,GC-MS
70119,ELLEN,"1,3,5-Trimethylbenzene",2011-10-18T00:00,0.047,µg/m³,VOC,GC-MS
70119,ELLEN,"1,3,5-Trimethylbenzene",2011-10-24T00:00,0.109,µg/m³,VOC,GC-MS
70119,ELLEN,"1,3,5-Trimethylbenzene",2011-10-30T00:00,0.046,µg/m³,VOC,GC-MS
70119,ELLEN,"1,3,5-Trimethylbenzene",2011-11-05T00:00,0.045,µg/m³,VOC,GC-MS
70119,ELLEN,"1,3,5-Trimethylbenzene",2011-11-11T00:00,0.035,µg/m³,VOC,GC-MS
70119,ELLEN,"1,3,5-Trimethylbenzene",2011-11-17T00:00,0.007,µg/m³,VOC,GC-MS
70119,ELLEN,"1,3,5-Trimethylbenzene",2011-11-23T00:00,0.105,µg/m³,VOC,GC-MS
70119,ELLEN,"1,3,5-Trimethylbenzene",2011-11-29T00:00,0.101,µg/m³,VOC,GC-MS
70119,ELLEN,"1,3,5-Trimethylbenzene",2011-12-05T00:00,0.060,µg/m³,VOC,GC-MS
70119,ELLEN,"1,3,5-Trimethylbenzene",2011-12-11T00:00,0.095,µg/m³,VOC,GC-MS
70119,ELLEN,"1,3,5-Trimethylbenzene",2011-12-17T00:00,0.065,µg/m³,VOC,GC-MS
70119,ELLEN,"1,3,5-Trimethylbenzene",2011-12-23T00:00,0.056,µg/m³,VOC,GC-MS
70119,ELLEN,"1,3,5-Trimethylbenzene",2011-12-29T00:00,0.053,µg/m³,VOC,GC-MS
