﻿NAPS_Site_ID,Station_Name,Pollutant,Date,Value,Units,Report_Type,Method
60104,OTTAWA DOWNTOWN,"2,2-Dimethylbutane",2000-01-01T00:00,0.520,µg/m³,VOC,N/A
60104,OTTAWA DOWNTOWN,"2,2-Dimethylbutane",2000-01-07T00:00,0.220,µg/m³,VOC,N/A
60104,OTTAWA DOWNTOWN,"2,2-Dimethylbutane",2000-01-13T00:00,0.090,µg/m³,VOC,N/A
60104,OTTAWA DOWNTOWN,"2,2-Dimethylbutane",2000-01-19T00:00,0.280,µg/m³,VOC,N/A
60104,OTTAWA DOWNTOWN,"2,2-Dimethylbutane",2000-01-25T00:00,0.300,µg/m³,VOC,N/A
60104,OTTAWA DOWNTOWN,"2,2-Dimethylbutane",2000-01-31T00:00,0.330,µg/m³,VOC,N/A
60104,OTTAWA DOWNTOWN,"2,2-Dimethylbutane",2000-02-06T00:00,0.150,µg/m³,VOC,N/A
60104,OTTAWA DOWNTOWN,"2,2-Dimethylbutane",2000-02-12T00:00,0.240,µg/m³,VOC,N/A
60104,OTTAWA DOWNTOWN,"2,2-Dimethylbutane",2000-02-18T00:00,0.270,µg/m³,VOC,N/A
60104,OTTAWA DOWNTOWN,"2,2-Dimethylbutane",2000-02-24T00:00,0.580,µg/m³,VOC,N/A
60104,OTTAWA DOWNTOWN,"2,2-Dimethylbutane",2000-03-01T00:00,0.360,µg/m³,VOC,N/A
60104,OTTAWA DOWNTOWN,"2,2-Dimethylbutane",2000-03-07T00:00,0.560,µg/m³,VOC,N/A
60104,OTTAWA DOWNTOWN,"2,2-Dimethylbutane",2000-03-13T00:00,0.180,µg/m³,VOC,N/A
60104,OTTAWA DOWNTOWN,"2,2-Dimethylbutane",2000-03-19T00:00,0.220,µg/m³,VOC,N/A
60104,OTTAWA DOWNTOWN,"2,2-Dimethylbutane",2000-03-25T00:00,0.290,µg/m³,VOC,N/A
60104,OTTAWA DOWNTOWN,"2,2-Dimethylbutane",2000-03-31T00:00,0.160,µg/m³,VOC,N/A
60104,OTTAWA DOWNTOWN,"2,2-Dimethylbutane",2000-04-06T00:00,0.260,µg/m³,VOC,N/A
60104,OTTAWA DOWNTOWN,"2,2-Dimethylbutane",2000-04-12T00:00,0.140,µg/m³,VOC,N/A
60104,OTTAWA DOWNTOWN,"2,2-Dimethylbutane",2000-04-18T00:00,0.260,µg/m³,VOC,N/A
60104,OTTAWA DOWNTOWN,"2,2-Dimethylbutane",2000-04-24T00:00,0.120,µg/m³,VOC,N/A
60104,OTTAWA DOWNTOWN,"2,2-Dimethylbutane",2000-04-30T00:00,0.160,µg/m³,VOC,N/A
60104,OTTAWA DOWNTOWN,"2,2-Dimethylbutane",2000-05-06T00:00,0.230,µg/m³,VOC,N/A
60104,OTTAWA DOWNTOWN,"2,2-Dimethylbutane",2000-05-12T00:00,0.310,µg/m³,VOC,N/A
60104,OTTAWA DOWNTOWN,"2,2-Dimethylbutane",2000-05-18T00:00,0.200,µg/m³,VOC,N/A
60104,OTTAWA DOWNTOWN,"2,2-Dimethylbutane",2000-05-24T00:00,0.230,µg/m³,VOC,N/A
60104,OTTAWA DOWNTOWN,"2,2-Dimethylbutane",2000-05-30T00:00,0.330,µg/m³,VOC,N/A
60104,OTTAWA DOWNTOWN,"2,2-Dimethylbutane",2000-06-05T00:00,0.200,µg/m³,VOC,N/A
60104,OTTAWA DOWNTOWN,"2,2-Dimethylbutane",2000-06-11T00:00,0.110,µg/m³,VOC,N/A
60104,OTTAWA DOWNTOWN,"2,2-Dimethylbutane",2000-06-17T00:00,0.120,µg/m³,VOC,N/A
60104,OTTAWA DOWNTOWN,"2,2-Dimethylbutane",2000-06-23T00:00,0.190,µg/m³,VOC,N/A
60104,OTTAWA DOWNTOWN,"2,2-Dimethylbutane",2000-06-29T00:00,0.180,µg/m³,VOC,N/A
60104,OTTAWA DOWNTOWN,"2,2-Dimethylbutane",2000-07-05T00:00,0.120,µg/m³,VOC,N/A
60104,OTTAWA DOWNTOWN,"2,2-Dimethylbutane",2000-07-17T00:00,0.240,µg/m³,VOC,N/A
60104,OTTAWA DOWNTOWN,"2,2-Dimethylbutane",2000-07-23T00:00,0.160,µg/m³,VOC,N/A
60104,OTTAWA DOWNTOWN,"2,2-Dimethylbutane",2000-07-29T00:00,0.330,µg/m³,VOC,N/A
60104,OTTAWA DOWNTOWN,"2,2-Dimethylbutane",2000-08-04T00:00,0.180,µg/m³,VOC,N/A
60104,OTTAWA DOWNTOWN,"2,2-Dimethylbutane",2000-08-10T00:00,0.170,µg/m³,VOC,N/A
60104,OTTAWA DOWNTOWN,"2,2-Dimethylbutane",2000-08-16T00:00,0.100,µg/m³,VOC,N/A
60104,OTTAWA DOWNTOWN,"2,2-Dimethylbutane",2000-08-22T00:00,0.170,µg/m³,VOC,N/A
60104,OTTAWA DOWNTOWN,"2,2-Dimethylbutane",2000-08-28T00:00,0.200,µg/m³,VOC,N/A
60104,OTTAWA DOWNTOWN,"2,2-Dimethylbutane",2000-09-03T00:00,0.170,µg/m³,VOC,N/A
60104,OTTAWA DOWNTOWN,"2,2-Dimethylbutane",2000-09-09T00:00,0.350,µg/m³,VOC,N/A
60104,OTTAWA DOWNTOWN,"2,2-Dimethylbutane",2000-09-15T00:00,0.160,µg/m³,VOC,N/A
60104,OTTAWA DOWNTOWN,"2,2-Dimethylbutane",2000-09-21T00:00,0.140,µg/m³,VOC,N/A
60104,OTTAWA DOWNTOWN,"2,2-Dimethylbutane",2000-09-27T00:00,0.160,µg/m³,VOC,N/A
60104,OTTAWA DOWNTOWN,"2,2-Dimethylbutane",2000-10-03T00:00,0.190,µg/m³,VOC,N/A
60104,OTTAWA DOWNTOWN,"2,2-Dimethylbutane",2000-10-09T00:00,0.130,µg/m³,VOC,N/A
60104,OTTAWA DOWNTOWN,"2,2-Dimethylbutane",2000-10-15T00:00,0.090,µg/m³,VOC,N/A
60104,OTTAWA DOWNTOWN,"2,2-Dimethylbutane",2000-10-21T00:00,0.120,µg/m³,VOC,N/A
60104,OTTAWA DOWNTOWN,"2,2-Dimethylbutane",2000-10-27T00:00,0.400,µg/m³,VOC,N/A
60104,OTTAWA DOWNTOWN,"2,2-Dimethylbutane",2000-11-02T00:00,0.500,µg/m³,VOC,N/A
60104,OTTAWA DOWNTOWN,"2,2-Dimethylbutane",2000-11-08T00:00,0.230,µg/m³,VOC,N/A
60104,OTTAWA DOWNTOWN,"2,2-Dimethylbutane",2000-11-14T00:00,0.320,µg/m³,VOC,N/A
60104,OTTAWA DOWNTOWN,"2,2-Dimethylbutane",2000-11-20T00:00,0.230,µg/m³,VOC,N/A
60104,OTTAWA DOWNTOWN,"2,2-Dimethylbutane",2000-11-26T00:00,0.220,µg/m³,VOC,N/A
60104,OTTAWA DOWNTOWN,"2,2-Dimethylbutane",2000-12-08T00:00,0.190,µg/m³,VOC,N/A
60104,OTTAWA DOWNTOWN,"2,2-Dimethylbutane",2000-12-14T00:00,0.210,µg/m³,VOC,N/A
60104,OTTAWA DOWNTOWN,"2,2-Dimethylbutane",2000-12-20T00:00,0.120,µg/m³,VOC,N/A
60104,OTTAWA DOWNTOWN,"2,2-Dimethylbutane",2000-12-26T00:00,0.170,µg/m³,VOC,N/A
