﻿NAPS_Site_ID,Station_Name,Pollutant,Date,Value,Units,Report_Type,Method
61502,WEST AVE. & HOMEWOOD _KITCHENER_,"1,1,1-Trichloroethane",2008-01-01T00:00,0.069,µg/m³,VOC,N/A
61502,WEST AVE. & HOMEWOOD _KITCHENER_,"1,1,1-Trichloroethane",2008-01-25T00:00,0.066,µg/m³,VOC,N/A
61502,WEST AVE. & HOMEWOOD _KITCHENER_,"1,1,1-Trichloroethane",2008-01-31T00:00,0.071,µg/m³,VOC,N/A
61502,WEST AVE. & HOMEWOOD _KITCHENER_,"1,1,1-Trichloroethane",2008-02-18T00:00,0.087,µg/m³,VOC,N/A
61502,WEST AVE. & HOMEWOOD _KITCHENER_,"1,1,1-Trichloroethane",2008-03-01T00:00,0.074,µg/m³,VOC,N/A
61502,WEST AVE. & HOMEWOOD _KITCHENER_,"1,1,1-Trichloroethane",2008-03-07T00:00,0.065,µg/m³,VOC,N/A
61502,WEST AVE. & HOMEWOOD _KITCHENER_,"1,1,1-Trichloroethane",2008-03-13T00:00,0.068,µg/m³,VOC,N/A
61502,WEST AVE. & HOMEWOOD _KITCHENER_,"1,1,1-Trichloroethane",2008-03-19T00:00,0.071,µg/m³,VOC,N/A
61502,WEST AVE. & HOMEWOOD _KITCHENER_,"1,1,1-Trichloroethane",2008-03-25T00:00,0.086,µg/m³,VOC,N/A
61502,WEST AVE. & HOMEWOOD _KITCHENER_,"1,1,1-Trichloroethane",2008-03-31T00:00,0.085,µg/m³,VOC,N/A
61502,WEST AVE. & HOMEWOOD _KITCHENER_,"1,1,1-Trichloroethane",2008-06-29T00:00,0.071,µg/m³,VOC,N/A
61502,WEST AVE. & HOMEWOOD _KITCHENER_,"1,1,1-Trichloroethane",2008-07-05T00:00,0.082,µg/m³,VOC,N/A
61502,WEST AVE. & HOMEWOOD _KITCHENER_,"1,1,1-Trichloroethane",2008-07-11T00:00,0.073,µg/m³,VOC,N/A
61502,WEST AVE. & HOMEWOOD _KITCHENER_,"1,1,1-Trichloroethane",2008-07-17T00:00,0.082,µg/m³,VOC,N/A
61502,WEST AVE. & HOMEWOOD _KITCHENER_,"1,1,1-Trichloroethane",2008-07-23T00:00,0.066,µg/m³,VOC,N/A
61502,WEST AVE. & HOMEWOOD _KITCHENER_,"1,1,1-Trichloroethane",2008-07-29T00:00,0.065,µg/m³,VOC,N/A
61502,WEST AVE. & HOMEWOOD _KITCHENER_,"1,1,1-Trichloroethane",2008-08-16T00:00,0.063,µg/m³,VOC,N/A
61502,WEST AVE. & HOMEWOOD _KITCHENER_,"1,1,1-Trichloroethane",2008-08-22T00:00,0.064,µg/m³,VOC,N/A
61502,WEST AVE. & HOMEWOOD _KITCHENER_,"1,1,1-Trichloroethane",2008-08-28T00:00,0.065,µg/m³,VOC,N/A
61502,WEST AVE. & HOMEWOOD _KITCHENER_,"1,1,1-Trichloroethane",2008-09-03T00:00,0.074,µg/m³,VOC,N/A
61502,WEST AVE. & HOMEWOOD _KITCHENER_,"1,1,1-Trichloroethane",2008-09-09T00:00,0.065,µg/m³,VOC,N/A
61502,WEST AVE. & HOMEWOOD _KITCHENER_,"1,1,1-Trichloroethane",2008-09-15T00:00,0.059,µg/m³,VOC,N/A
61502,WEST AVE. & HOMEWOOD _KITCHENER_,"1,1,1-Trichloroethane",2008-09-21T00:00,0.063,µg/m³,VOC,N/A
61502,WEST AVE. & HOMEWOOD _KITCHENER_,"1,1,1-Trichloroethane",2008-09-27T00:00,0.064,µg/m³,VOC,N/A
61502,WEST AVE. & HOMEWOOD _KITCHENER_,"1,1,1-Trichloroethane",2008-10-03T00:00,0.060,µg/m³,VOC,N/A
61502,WEST AVE. & HOMEWOOD _KITCHENER_,"1,1,1-Trichloroethane",2008-10-09T00:00,0.062,µg/m³,VOC,N/A
61502,WEST AVE. & HOMEWOOD _KITCHENER_,"1,1,1-Trichloroethane",2008-10-15T00:00,0.066,µg/m³,VOC,N/A
61502,WEST AVE. & HOMEWOOD _KITCHENER_,"1,1,1-Trichloroethane",2008-10-21T00:00,0.060,µg/m³,VOC,N/A
61502,WEST AVE. & HOMEWOOD _KITCHENER_,"1,1,1-Trichloroethane",2008-11-02T00:00,0.057,µg/m³,VOC,N/A
61502,WEST AVE. & HOMEWOOD _KITCHENER_,"1,1,1-Trichloroethane",2008-11-08T00:00,0.057,µg/m³,VOC,N/A
61502,WEST AVE. & HOMEWOOD _KITCHENER_,"1,1,1-Trichloroethane",2008-11-14T00:00,0.061,µg/m³,VOC,N/A
61502,WEST AVE. & HOMEWOOD _KITCHENER_,"1,1,1-Trichloroethane",2008-11-20T00:00,0.053,µg/m³,VOC,N/A
61502,WEST AVE. & HOMEWOOD _KITCHENER_,"1,1,1-Trichloroethane",2008-11-26T00:00,0.058,µg/m³,VOC,N/A
61502,WEST AVE. & HOMEWOOD _KITCHENER_,"1,1,1-Trichloroethane",2008-12-08T00:00,0.058,µg/m³,VOC,N/A
61502,WEST AVE. & HOMEWOOD _KITCHENER_,"1,1,1-Trichloroethane",2008-12-14T00:00,0.053,µg/m³,VOC,N/A
61502,WEST AVE. & HOMEWOOD _KITCHENER_,"1,1,1-Trichloroethane",2008-12-20T00:00,0.052,µg/m³,VOC,N/A
61502,WEST AVE. & HOMEWOOD _KITCHENER_,"1,1,1-Trichloroethane",2008-12-26T00:00,0.057,µg/m³,VOC,N/A
