﻿NAPS_Site_ID,Station_Name,Pollutant,Date,Value,Units,Report_Type,Method
30118,VOGUE BUILDING,cis-2-Hexene,2014-01-10T19:00,0.017,µg/m³,VOC,
30118,VOGUE BUILDING,cis-2-Hexene,2014-01-16T19:00,0.024,µg/m³,VOC,
30118,VOGUE BUILDING,cis-2-Hexene,2014-01-22T19:00,0.011,µg/m³,VOC,
30118,VOGUE BUILDING,cis-2-Hexene,2014-01-28T19:00,0.016,µg/m³,VOC,
30118,VOGUE BUILDING,cis-2-Hexene,2014-02-03T19:00,0.022,µg/m³,VOC,
30118,VOGUE BUILDING,cis-2-Hexene,2014-02-09T19:00,0.024,µg/m³,VOC,
30118,VOGUE BUILDING,cis-2-Hexene,2014-02-21T19:00,0.008,µg/m³,VOC,
30118,VOGUE BUILDING,cis-2-Hexene,2014-05-10T20:00,0.020,µg/m³,VOC,
30118,VOGUE BUILDING,cis-2-Hexene,2014-05-22T20:00,0.020,µg/m³,VOC,
30118,VOGUE BUILDING,cis-2-Hexene,2014-05-28T20:00,0.020,µg/m³,VOC,
30118,VOGUE BUILDING,cis-2-Hexene,2014-06-03T20:00,0.040,µg/m³,VOC,
30118,VOGUE BUILDING,cis-2-Hexene,2014-06-09T20:00,0.052,µg/m³,VOC,
30118,VOGUE BUILDING,cis-2-Hexene,2014-06-15T20:00,0.026,µg/m³,VOC,
30118,VOGUE BUILDING,cis-2-Hexene,2014-06-21T20:00,0.026,µg/m³,VOC,
30118,VOGUE BUILDING,cis-2-Hexene,2014-07-03T20:00,0.016,µg/m³,VOC,
30118,VOGUE BUILDING,cis-2-Hexene,2014-07-27T20:00,0.042,µg/m³,VOC,
30118,VOGUE BUILDING,cis-2-Hexene,2014-08-08T20:00,0.016,µg/m³,VOC,
30118,VOGUE BUILDING,cis-2-Hexene,2014-08-14T20:00,0.056,µg/m³,VOC,
30118,VOGUE BUILDING,cis-2-Hexene,2014-08-20T20:00,0.044,µg/m³,VOC,
30118,VOGUE BUILDING,cis-2-Hexene,2014-08-26T20:00,0.032,µg/m³,VOC,
30118,VOGUE BUILDING,cis-2-Hexene,2014-09-01T20:00,0.052,µg/m³,VOC,
30118,VOGUE BUILDING,cis-2-Hexene,2014-09-07T20:00,0.014,µg/m³,VOC,
30118,VOGUE BUILDING,cis-2-Hexene,2014-09-25T20:00,0.034,µg/m³,VOC,
30118,VOGUE BUILDING,cis-2-Hexene,2014-10-01T20:00,0.016,µg/m³,VOC,
30118,VOGUE BUILDING,cis-2-Hexene,2014-10-07T20:00,0.020,µg/m³,VOC,
30118,VOGUE BUILDING,cis-2-Hexene,2014-10-19T20:00,0.012,µg/m³,VOC,
30118,VOGUE BUILDING,cis-2-Hexene,2014-10-25T20:00,0.034,µg/m³,VOC,
30118,VOGUE BUILDING,cis-2-Hexene,2014-10-31T20:00,0.010,µg/m³,VOC,
30118,VOGUE BUILDING,cis-2-Hexene,2014-11-12T19:00,0.022,µg/m³,VOC,
30118,VOGUE BUILDING,cis-2-Hexene,2014-11-18T19:00,0.032,µg/m³,VOC,
30118,VOGUE BUILDING,cis-2-Hexene,2014-11-24T19:00,0.036,µg/m³,VOC,
30118,VOGUE BUILDING,cis-2-Hexene,2014-11-30T19:00,0.016,µg/m³,VOC,
30118,VOGUE BUILDING,cis-2-Hexene,2014-12-06T19:00,0.010,µg/m³,VOC,
30118,VOGUE BUILDING,cis-2-Hexene,2014-12-12T19:00,0.048,µg/m³,VOC,
30118,VOGUE BUILDING,cis-2-Hexene,2014-12-18T19:00,0.016,µg/m³,VOC,
30118,VOGUE BUILDING,cis-2-Hexene,2014-12-24T19:00,0.000,µg/m³,VOC,
30118,VOGUE BUILDING,cis-2-Hexene,2014-12-30T19:00,0.022,µg/m³,VOC,
