﻿NAPS_Site_ID,Station_Name,Pollutant,Date,Value,Units,Report_Type,Method
60429,JUDSON ST. & ETONA CT. _ETOBICOKE_ (moved to kipling),2-Methylpentane,2001-08-11T00:00,0.950,µg/m³,VOC,GC-MS
60429,JUDSON ST. & ETONA CT. _ETOBICOKE_ (moved to kipling),2-Methylpentane,2001-08-17T00:00,1.070,µg/m³,VOC,GC-MS
60429,JUDSON ST. & ETONA CT. _ETOBICOKE_ (moved to kipling),2-Methylpentane,2001-08-23T00:00,1.920,µg/m³,VOC,GC-MS
60429,JUDSON ST. & ETONA CT. _ETOBICOKE_ (moved to kipling),2-Methylpentane,2001-08-29T00:00,1.590,µg/m³,VOC,GC-MS
60429,JUDSON ST. & ETONA CT. _ETOBICOKE_ (moved to kipling),2-Methylpentane,2001-09-04T00:00,0.900,µg/m³,VOC,GC-MS
60429,JUDSON ST. & ETONA CT. _ETOBICOKE_ (moved to kipling),2-Methylpentane,2001-09-10T00:00,0.940,µg/m³,VOC,GC-MS
60429,JUDSON ST. & ETONA CT. _ETOBICOKE_ (moved to kipling),2-Methylpentane,2001-09-16T00:00,1.270,µg/m³,VOC,GC-MS
60429,JUDSON ST. & ETONA CT. _ETOBICOKE_ (moved to kipling),2-Methylpentane,2001-09-22T00:00,1.870,µg/m³,VOC,GC-MS
60429,JUDSON ST. & ETONA CT. _ETOBICOKE_ (moved to kipling),2-Methylpentane,2001-09-28T00:00,1.150,µg/m³,VOC,GC-MS
60429,JUDSON ST. & ETONA CT. _ETOBICOKE_ (moved to kipling),2-Methylpentane,2001-10-04T00:00,0.810,µg/m³,VOC,GC-MS
60429,JUDSON ST. & ETONA CT. _ETOBICOKE_ (moved to kipling),2-Methylpentane,2001-10-10T00:00,1.900,µg/m³,VOC,GC-MS
60429,JUDSON ST. & ETONA CT. _ETOBICOKE_ (moved to kipling),2-Methylpentane,2001-10-16T00:00,1.050,µg/m³,VOC,GC-MS
60429,JUDSON ST. & ETONA CT. _ETOBICOKE_ (moved to kipling),2-Methylpentane,2001-10-22T00:00,2.690,µg/m³,VOC,GC-MS
60429,JUDSON ST. & ETONA CT. _ETOBICOKE_ (moved to kipling),2-Methylpentane,2001-10-28T00:00,0.560,µg/m³,VOC,GC-MS
60429,JUDSON ST. & ETONA CT. _ETOBICOKE_ (moved to kipling),2-Methylpentane,2001-11-03T00:00,1.120,µg/m³,VOC,GC-MS
60429,JUDSON ST. & ETONA CT. _ETOBICOKE_ (moved to kipling),2-Methylpentane,2001-11-09T00:00,0.740,µg/m³,VOC,GC-MS
60429,JUDSON ST. & ETONA CT. _ETOBICOKE_ (moved to kipling),2-Methylpentane,2001-11-15T00:00,1.230,µg/m³,VOC,GC-MS
60429,JUDSON ST. & ETONA CT. _ETOBICOKE_ (moved to kipling),2-Methylpentane,2001-11-21T00:00,1.470,µg/m³,VOC,GC-MS
60429,JUDSON ST. & ETONA CT. _ETOBICOKE_ (moved to kipling),2-Methylpentane,2001-11-27T00:00,0.940,µg/m³,VOC,GC-MS
60429,JUDSON ST. & ETONA CT. _ETOBICOKE_ (moved to kipling),2-Methylpentane,2001-12-03T00:00,1.980,µg/m³,VOC,GC-MS
60429,JUDSON ST. & ETONA CT. _ETOBICOKE_ (moved to kipling),2-Methylpentane,2001-12-09T00:00,1.150,µg/m³,VOC,GC-MS
60429,JUDSON ST. & ETONA CT. _ETOBICOKE_ (moved to kipling),2-Methylpentane,2001-12-15T00:00,1.510,µg/m³,VOC,GC-MS
60429,JUDSON ST. & ETONA CT. _ETOBICOKE_ (moved to kipling),2-Methylpentane,2001-12-21T00:00,1.030,µg/m³,VOC,GC-MS
60429,JUDSON ST. & ETONA CT. _ETOBICOKE_ (moved to kipling),2-Methylpentane,2001-12-27T00:00,0.740,µg/m³,VOC,GC-MS
