﻿NAPS_Site_ID,Station_Name,Pollutant,Date,Value,Units,Report_Type,Method
40501,PT LEPREAU - CHARLOTTE COUNTY,"3,6-Dimethyloctane",1995-01-15T00:00,0.000,µg/m³,VOC,
40501,PT LEPREAU - CHARLOTTE COUNTY,"3,6-Dimethyloctane",1995-01-21T00:00,0.004,µg/m³,VOC,
40501,PT LEPREAU - CHARLOTTE COUNTY,"3,6-Dimethyloctane",1995-01-27T00:00,0.007,µg/m³,VOC,
40501,PT LEPREAU - CHARLOTTE COUNTY,"3,6-Dimethyloctane",1995-02-02T00:00,0.000,µg/m³,VOC,
40501,PT LEPREAU - CHARLOTTE COUNTY,"3,6-Dimethyloctane",1995-02-08T00:00,0.000,µg/m³,VOC,
40501,PT LEPREAU - CHARLOTTE COUNTY,"3,6-Dimethyloctane",1995-02-14T00:00,0.000,µg/m³,VOC,
40501,PT LEPREAU - CHARLOTTE COUNTY,"3,6-Dimethyloctane",1995-02-20T00:00,0.000,µg/m³,VOC,
40501,PT LEPREAU - CHARLOTTE COUNTY,"3,6-Dimethyloctane",1995-02-26T00:00,0.000,µg/m³,VOC,
40501,PT LEPREAU - CHARLOTTE COUNTY,"3,6-Dimethyloctane",1995-03-04T00:00,0.026,µg/m³,VOC,
40501,PT LEPREAU - CHARLOTTE COUNTY,"3,6-Dimethyloctane",1995-03-10T00:00,0.000,µg/m³,VOC,
40501,PT LEPREAU - CHARLOTTE COUNTY,"3,6-Dimethyloctane",1995-03-16T00:00,0.000,µg/m³,VOC,
40501,PT LEPREAU - CHARLOTTE COUNTY,"3,6-Dimethyloctane",1995-04-03T00:00,0.000,µg/m³,VOC,
40501,PT LEPREAU - CHARLOTTE COUNTY,"3,6-Dimethyloctane",1995-04-09T00:00,0.000,µg/m³,VOC,
40501,PT LEPREAU - CHARLOTTE COUNTY,"3,6-Dimethyloctane",1995-04-15T00:00,0.000,µg/m³,VOC,
40501,PT LEPREAU - CHARLOTTE COUNTY,"3,6-Dimethyloctane",1995-04-21T00:00,0.000,µg/m³,VOC,
40501,PT LEPREAU - CHARLOTTE COUNTY,"3,6-Dimethyloctane",1995-04-27T00:00,0.000,µg/m³,VOC,
40501,PT LEPREAU - CHARLOTTE COUNTY,"3,6-Dimethyloctane",1995-05-03T00:00,0.000,µg/m³,VOC,
40501,PT LEPREAU - CHARLOTTE COUNTY,"3,6-Dimethyloctane",1995-05-09T00:00,0.000,µg/m³,VOC,
40501,PT LEPREAU - CHARLOTTE COUNTY,"3,6-Dimethyloctane",1995-05-15T00:00,0.000,µg/m³,VOC,
40501,PT LEPREAU - CHARLOTTE COUNTY,"3,6-Dimethyloctane",1995-05-21T00:00,0.000,µg/m³,VOC,
40501,PT LEPREAU - CHARLOTTE COUNTY,"3,6-Dimethyloctane",1995-05-27T00:00,0.000,µg/m³,VOC,
40501,PT LEPREAU - CHARLOTTE COUNTY,"3,6-Dimethyloctane",1995-06-02T00:00,0.000,µg/m³,VOC,
40501,PT LEPREAU - CHARLOTTE COUNTY,"3,6-Dimethyloctane",1995-06-08T00:00,0.000,µg/m³,VOC,
40501,PT LEPREAU - CHARLOTTE COUNTY,"3,6-Dimethyloctane",1995-06-14T00:00,0.000,µg/m³,VOC,
40501,PT LEPREAU - CHARLOTTE COUNTY,"3,6-Dimethyloctane",1995-06-20T00:00,0.000,µg/m³,VOC,
40501,PT LEPREAU - CHARLOTTE COUNTY,"3,6-Dimethyloctane",1995-06-26T00:00,0.000,µg/m³,VOC,
40501,PT LEPREAU - CHARLOTTE COUNTY,"3,6-Dimethyloctane",1995-07-02T00:00,0.000,µg/m³,VOC,
40501,PT LEPREAU - CHARLOTTE COUNTY,"3,6-Dimethyloctane",1995-07-08T00:00,0.000,µg/m³,VOC,
40501,PT LEPREAU - CHARLOTTE COUNTY,"3,6-Dimethyloctane",1995-07-14T00:00,0.000,µg/m³,VOC,
40501,PT LEPREAU - CHARLOTTE COUNTY,"3,6-Dimethyloctane",1995-07-20T00:00,0.000,µg/m³,VOC,
40501,PT LEPREAU - CHARLOTTE COUNTY,"3,6-Dimethyloctane",1995-07-26T00:00,0.000,µg/m³,VOC,
40501,PT LEPREAU - CHARLOTTE COUNTY,"3,6-Dimethyloctane",1995-08-01T00:00,0.000,µg/m³,VOC,
40501,PT LEPREAU - CHARLOTTE COUNTY,"3,6-Dimethyloctane",1995-08-07T00:00,0.000,µg/m³,VOC,
40501,PT LEPREAU - CHARLOTTE COUNTY,"3,6-Dimethyloctane",1995-08-13T00:00,0.000,µg/m³,VOC,
40501,PT LEPREAU - CHARLOTTE COUNTY,"3,6-Dimethyloctane",1995-08-19T00:00,0.000,µg/m³,VOC,
40501,PT LEPREAU - CHARLOTTE COUNTY,"3,6-Dimethyloctane",1995-08-25T00:00,0.000,µg/m³,VOC,
40501,PT LEPREAU - CHARLOTTE COUNTY,"3,6-Dimethyloctane",1995-08-31T00:00,0.000,µg/m³,VOC,
40501,PT LEPREAU - CHARLOTTE COUNTY,"3,6-Dimethyloctane",1995-09-06T00:00,0.000,µg/m³,VOC,
40501,PT LEPREAU - CHARLOTTE COUNTY,"3,6-Dimethyloctane",1995-09-12T00:00,0.000,µg/m³,VOC,
40501,PT LEPREAU - CHARLOTTE COUNTY,"3,6-Dimethyloctane",1995-09-18T00:00,0.000,µg/m³,VOC,
40501,PT LEPREAU - CHARLOTTE COUNTY,"3,6-Dimethyloctane",1995-09-24T00:00,0.000,µg/m³,VOC,
40501,PT LEPREAU - CHARLOTTE COUNTY,"3,6-Dimethyloctane",1995-09-30T00:00,0.000,µg/m³,VOC,
40501,PT LEPREAU - CHARLOTTE COUNTY,"3,6-Dimethyloctane",1995-10-06T00:00,0.000,µg/m³,VOC,
40501,PT LEPREAU - CHARLOTTE COUNTY,"3,6-Dimethyloctane",1995-10-12T00:00,0.000,µg/m³,VOC,
40501,PT LEPREAU - CHARLOTTE COUNTY,"3,6-Dimethyloctane",1995-10-18T00:00,0.000,µg/m³,VOC,
40501,PT LEPREAU - CHARLOTTE COUNTY,"3,6-Dimethyloctane",1995-10-24T00:00,0.000,µg/m³,VOC,
40501,PT LEPREAU - CHARLOTTE COUNTY,"3,6-Dimethyloctane",1995-10-30T00:00,0.000,µg/m³,VOC,
40501,PT LEPREAU - CHARLOTTE COUNTY,"3,6-Dimethyloctane",1995-11-11T00:00,0.000,µg/m³,VOC,
40501,PT LEPREAU - CHARLOTTE COUNTY,"3,6-Dimethyloctane",1995-11-23T00:00,0.000,µg/m³,VOC,
40501,PT LEPREAU - CHARLOTTE COUNTY,"3,6-Dimethyloctane",1995-11-29T00:00,0.000,µg/m³,VOC,
40501,PT LEPREAU - CHARLOTTE COUNTY,"3,6-Dimethyloctane",1995-12-05T00:00,0.000,µg/m³,VOC,
40501,PT LEPREAU - CHARLOTTE COUNTY,"3,6-Dimethyloctane",1995-12-11T00:00,0.000,µg/m³,VOC,
