﻿NAPS_Site_ID,Station_Name,Pollutant,Date,Value,Units,Report_Type,Method
70119,ELLEN,Anthanthrene,2006-01-05T00:00,0.000,µg/m³,PAH,N/A
70119,ELLEN,Anthanthrene,2006-01-17T00:00,0.000,µg/m³,PAH,N/A
70119,ELLEN,Anthanthrene,2006-01-29T00:00,0.000,µg/m³,PAH,N/A
70119,ELLEN,Anthanthrene,2006-02-10T00:00,0.000,µg/m³,PAH,N/A
70119,ELLEN,Anthanthrene,2006-03-06T00:00,0.000,µg/m³,PAH,N/A
70119,ELLEN,Anthanthrene,2006-03-18T00:00,0.000,µg/m³,PAH,N/A
70119,ELLEN,Anthanthrene,2006-03-30T00:00,0.000,µg/m³,PAH,N/A
70119,ELLEN,Anthanthrene,2006-04-11T00:00,0.000,µg/m³,PAH,N/A
70119,ELLEN,Anthanthrene,2006-04-23T00:00,0.000,µg/m³,PAH,N/A
70119,ELLEN,Anthanthrene,2006-05-17T00:00,0.000,µg/m³,PAH,N/A
70119,ELLEN,Anthanthrene,2006-05-29T00:00,0.000,µg/m³,PAH,N/A
70119,ELLEN,Anthanthrene,2006-06-10T00:00,0.000,µg/m³,PAH,N/A
70119,ELLEN,Anthanthrene,2006-06-22T00:00,0.000,µg/m³,PAH,N/A
70119,ELLEN,Anthanthrene,2006-07-04T00:00,0.000,µg/m³,PAH,N/A
70119,ELLEN,Anthanthrene,2006-07-16T00:00,0.000,µg/m³,PAH,N/A
70119,ELLEN,Anthanthrene,2006-08-21T00:00,0.000,µg/m³,PAH,N/A
70119,ELLEN,Anthanthrene,2006-09-02T00:00,0.000,µg/m³,PAH,N/A
70119,ELLEN,Anthanthrene,2006-09-14T00:00,0.000,µg/m³,PAH,N/A
70119,ELLEN,Anthanthrene,2006-09-26T00:00,0.000,µg/m³,PAH,N/A
70119,ELLEN,Anthanthrene,2006-10-08T00:00,0.000,µg/m³,PAH,N/A
70119,ELLEN,Anthanthrene,2006-10-20T00:00,0.000,µg/m³,PAH,N/A
70119,ELLEN,Anthanthrene,2006-11-01T00:00,0.000,µg/m³,PAH,N/A
70119,ELLEN,Anthanthrene,2006-11-13T00:00,0.000,µg/m³,PAH,N/A
70119,ELLEN,Anthanthrene,2006-11-25T00:00,0.000,µg/m³,PAH,N/A
70119,ELLEN,Anthanthrene,2006-12-07T00:00,0.000,µg/m³,PAH,N/A
70119,ELLEN,Anthanthrene,2006-12-19T00:00,0.000,µg/m³,PAH,N/A
70119,ELLEN,Anthanthrene,2006-12-31T00:00,0.000,µg/m³,PAH,N/A
