﻿NAPS_Site_ID,Station_Name,Pollutant,Date,Value,Units,Report_Type,Method
30101,DALTECH,Cesium,2001-12-09T00:00,0.000,µg/m³,DICHOT,ED-XRF
30101,DALTECH,Cesium,2001-12-09T00:00,0.005,µg/m³,DICHOT,ED-XRF
30101,DALTECH,Cesium,2001-12-15T00:00,0.000,µg/m³,DICHOT,ED-XRF
30101,DALTECH,Cesium,2001-12-15T00:00,0.009,µg/m³,DICHOT,ED-XRF
30101,DALTECH,Cesium,2001-12-21T00:00,0.000,µg/m³,DICHOT,ED-XRF
30101,DALTECH,Cesium,2001-12-21T00:00,0.000,µg/m³,DICHOT,ED-XRF
30101,DALTECH,Cesium,2001-12-27T00:00,0.000,µg/m³,DICHOT,ED-XRF
30101,DALTECH,Cesium,2001-12-27T00:00,0.000,µg/m³,DICHOT,ED-XRF
