﻿NAPS_Site_ID,Station_Name,Pollutant,Date,Value,Units,Report_Type,Method
70119,ELLEN,Bromine,1988-01-04T00:00,0.003,µg/m³,DICHOT,EDXRF
70119,ELLEN,Bromine,1988-01-04T00:00,0.017,µg/m³,DICHOT,EDXRF
70119,ELLEN,Bromine,1988-01-10T00:00,0.003,µg/m³,DICHOT,EDXRF
70119,ELLEN,Bromine,1988-01-10T00:00,0.019,µg/m³,DICHOT,EDXRF
70119,ELLEN,Bromine,1988-01-16T00:00,0.002,µg/m³,DICHOT,EDXRF
70119,ELLEN,Bromine,1988-01-16T00:00,0.010,µg/m³,DICHOT,EDXRF
70119,ELLEN,Bromine,1988-01-22T00:00,0.002,µg/m³,DICHOT,EDXRF
70119,ELLEN,Bromine,1988-01-22T00:00,0.014,µg/m³,DICHOT,EDXRF
70119,ELLEN,Bromine,1988-01-28T00:00,0.003,µg/m³,DICHOT,EDXRF
70119,ELLEN,Bromine,1988-01-28T00:00,0.017,µg/m³,DICHOT,EDXRF
70119,ELLEN,Bromine,1988-02-03T00:00,0.003,µg/m³,DICHOT,EDXRF
70119,ELLEN,Bromine,1988-02-03T00:00,0.014,µg/m³,DICHOT,EDXRF
70119,ELLEN,Bromine,1988-02-09T00:00,0.002,µg/m³,DICHOT,EDXRF
70119,ELLEN,Bromine,1988-02-09T00:00,0.016,µg/m³,DICHOT,EDXRF
70119,ELLEN,Bromine,1988-02-15T00:00,0.002,µg/m³,DICHOT,EDXRF
70119,ELLEN,Bromine,1988-02-15T00:00,0.010,µg/m³,DICHOT,EDXRF
70119,ELLEN,Bromine,1988-02-21T00:00,0.002,µg/m³,DICHOT,EDXRF
70119,ELLEN,Bromine,1988-02-21T00:00,0.006,µg/m³,DICHOT,EDXRF
70119,ELLEN,Bromine,1988-02-27T00:00,0.002,µg/m³,DICHOT,EDXRF
70119,ELLEN,Bromine,1988-02-27T00:00,0.009,µg/m³,DICHOT,EDXRF
70119,ELLEN,Bromine,1988-03-04T00:00,0.004,µg/m³,DICHOT,EDXRF
70119,ELLEN,Bromine,1988-03-04T00:00,0.017,µg/m³,DICHOT,EDXRF
70119,ELLEN,Bromine,1988-03-10T00:00,0.003,µg/m³,DICHOT,EDXRF
70119,ELLEN,Bromine,1988-03-10T00:00,0.010,µg/m³,DICHOT,EDXRF
70119,ELLEN,Bromine,1988-03-16T00:00,0.004,µg/m³,DICHOT,EDXRF
70119,ELLEN,Bromine,1988-03-16T00:00,0.022,µg/m³,DICHOT,EDXRF
70119,ELLEN,Bromine,1988-04-03T00:00,0.003,µg/m³,DICHOT,EDXRF
70119,ELLEN,Bromine,1988-04-03T00:00,0.006,µg/m³,DICHOT,EDXRF
70119,ELLEN,Bromine,1988-04-09T00:00,0.002,µg/m³,DICHOT,EDXRF
70119,ELLEN,Bromine,1988-04-09T00:00,0.010,µg/m³,DICHOT,EDXRF
70119,ELLEN,Bromine,1988-04-15T00:00,0.003,µg/m³,DICHOT,EDXRF
70119,ELLEN,Bromine,1988-04-15T00:00,0.014,µg/m³,DICHOT,EDXRF
70119,ELLEN,Bromine,1988-04-21T00:00,0.002,µg/m³,DICHOT,EDXRF
70119,ELLEN,Bromine,1988-04-21T00:00,0.009,µg/m³,DICHOT,EDXRF
70119,ELLEN,Bromine,1988-04-27T00:00,0.006,µg/m³,DICHOT,EDXRF
70119,ELLEN,Bromine,1988-04-27T00:00,0.032,µg/m³,DICHOT,EDXRF
70119,ELLEN,Bromine,1988-05-03T00:00,0.002,µg/m³,DICHOT,EDXRF
70119,ELLEN,Bromine,1988-05-03T00:00,0.005,µg/m³,DICHOT,EDXRF
70119,ELLEN,Bromine,1988-05-09T00:00,0.002,µg/m³,DICHOT,EDXRF
70119,ELLEN,Bromine,1988-05-09T00:00,0.005,µg/m³,DICHOT,EDXRF
70119,ELLEN,Bromine,1988-05-15T00:00,0.001,µg/m³,DICHOT,EDXRF
70119,ELLEN,Bromine,1988-05-15T00:00,0.005,µg/m³,DICHOT,EDXRF
70119,ELLEN,Bromine,1988-05-21T00:00,0.002,µg/m³,DICHOT,EDXRF
70119,ELLEN,Bromine,1988-05-21T00:00,0.005,µg/m³,DICHOT,EDXRF
70119,ELLEN,Bromine,1988-05-27T00:00,0.004,µg/m³,DICHOT,EDXRF
70119,ELLEN,Bromine,1988-05-27T00:00,0.010,µg/m³,DICHOT,EDXRF
70119,ELLEN,Bromine,1988-06-02T00:00,0.004,µg/m³,DICHOT,EDXRF
70119,ELLEN,Bromine,1988-06-02T00:00,0.007,µg/m³,DICHOT,EDXRF
70119,ELLEN,Bromine,1988-06-08T00:00,0.003,µg/m³,DICHOT,EDXRF
70119,ELLEN,Bromine,1988-06-08T00:00,0.006,µg/m³,DICHOT,EDXRF
70119,ELLEN,Bromine,1988-06-14T00:00,0.003,µg/m³,DICHOT,EDXRF
70119,ELLEN,Bromine,1988-06-14T00:00,0.009,µg/m³,DICHOT,EDXRF
70119,ELLEN,Bromine,1988-06-20T00:00,0.005,µg/m³,DICHOT,EDXRF
70119,ELLEN,Bromine,1988-06-20T00:00,0.014,µg/m³,DICHOT,EDXRF
70119,ELLEN,Bromine,1988-06-26T00:00,0.006,µg/m³,DICHOT,EDXRF
70119,ELLEN,Bromine,1988-06-26T00:00,0.015,µg/m³,DICHOT,EDXRF
70119,ELLEN,Bromine,1988-07-02T00:00,0.003,µg/m³,DICHOT,EDXRF
70119,ELLEN,Bromine,1988-07-02T00:00,0.004,µg/m³,DICHOT,EDXRF
70119,ELLEN,Bromine,1988-07-14T00:00,0.004,µg/m³,DICHOT,EDXRF
70119,ELLEN,Bromine,1988-07-14T00:00,0.008,µg/m³,DICHOT,EDXRF
70119,ELLEN,Bromine,1988-07-20T00:00,0.003,µg/m³,DICHOT,EDXRF
70119,ELLEN,Bromine,1988-07-20T00:00,0.006,µg/m³,DICHOT,EDXRF
70119,ELLEN,Bromine,1988-07-26T00:00,0.002,µg/m³,DICHOT,EDXRF
70119,ELLEN,Bromine,1988-07-26T00:00,0.004,µg/m³,DICHOT,EDXRF
70119,ELLEN,Bromine,1988-08-01T00:00,0.002,µg/m³,DICHOT,EDXRF
70119,ELLEN,Bromine,1988-08-01T00:00,0.004,µg/m³,DICHOT,EDXRF
70119,ELLEN,Bromine,1988-08-07T00:00,0.001,µg/m³,DICHOT,EDXRF
70119,ELLEN,Bromine,1988-08-07T00:00,0.002,µg/m³,DICHOT,EDXRF
70119,ELLEN,Bromine,1988-08-13T00:00,0.001,µg/m³,DICHOT,EDXRF
70119,ELLEN,Bromine,1988-08-13T00:00,0.005,µg/m³,DICHOT,EDXRF
70119,ELLEN,Bromine,1988-08-19T00:00,0.004,µg/m³,DICHOT,EDXRF
70119,ELLEN,Bromine,1988-08-19T00:00,0.008,µg/m³,DICHOT,EDXRF
70119,ELLEN,Bromine,1988-08-25T00:00,0.001,µg/m³,DICHOT,EDXRF
70119,ELLEN,Bromine,1988-08-25T00:00,0.007,µg/m³,DICHOT,EDXRF
70119,ELLEN,Bromine,1988-08-31T00:00,0.003,µg/m³,DICHOT,EDXRF
70119,ELLEN,Bromine,1988-08-31T00:00,0.009,µg/m³,DICHOT,EDXRF
70119,ELLEN,Bromine,1988-09-06T00:00,0.003,µg/m³,DICHOT,EDXRF
70119,ELLEN,Bromine,1988-09-06T00:00,0.012,µg/m³,DICHOT,EDXRF
70119,ELLEN,Bromine,1988-09-18T00:00,0.001,µg/m³,DICHOT,EDXRF
70119,ELLEN,Bromine,1988-09-18T00:00,0.002,µg/m³,DICHOT,EDXRF
70119,ELLEN,Bromine,1988-09-24T00:00,0.002,µg/m³,DICHOT,EDXRF
70119,ELLEN,Bromine,1988-09-24T00:00,0.006,µg/m³,DICHOT,EDXRF
70119,ELLEN,Bromine,1988-09-30T00:00,0.003,µg/m³,DICHOT,EDXRF
70119,ELLEN,Bromine,1988-09-30T00:00,0.008,µg/m³,DICHOT,EDXRF
70119,ELLEN,Bromine,1988-10-12T00:00,0.004,µg/m³,DICHOT,EDXRF
70119,ELLEN,Bromine,1988-10-12T00:00,0.013,µg/m³,DICHOT,EDXRF
70119,ELLEN,Bromine,1988-10-18T00:00,0.003,µg/m³,DICHOT,EDXRF
70119,ELLEN,Bromine,1988-10-18T00:00,0.012,µg/m³,DICHOT,EDXRF
70119,ELLEN,Bromine,1988-10-24T00:00,0.002,µg/m³,DICHOT,EDXRF
70119,ELLEN,Bromine,1988-10-24T00:00,0.005,µg/m³,DICHOT,EDXRF
70119,ELLEN,Bromine,1988-10-30T00:00,0.003,µg/m³,DICHOT,EDXRF
70119,ELLEN,Bromine,1988-10-30T00:00,0.012,µg/m³,DICHOT,EDXRF
70119,ELLEN,Bromine,1988-11-05T00:00,0.002,µg/m³,DICHOT,EDXRF
70119,ELLEN,Bromine,1988-11-05T00:00,0.009,µg/m³,DICHOT,EDXRF
70119,ELLEN,Bromine,1988-11-11T00:00,0.001,µg/m³,DICHOT,EDXRF
70119,ELLEN,Bromine,1988-11-11T00:00,0.004,µg/m³,DICHOT,EDXRF
70119,ELLEN,Bromine,1988-11-17T00:00,0.002,µg/m³,DICHOT,EDXRF
70119,ELLEN,Bromine,1988-11-17T00:00,0.008,µg/m³,DICHOT,EDXRF
70119,ELLEN,Bromine,1988-11-29T00:00,0.003,µg/m³,DICHOT,EDXRF
70119,ELLEN,Bromine,1988-11-29T00:00,0.017,µg/m³,DICHOT,EDXRF
70119,ELLEN,Bromine,1988-12-05T00:00,0.003,µg/m³,DICHOT,EDXRF
70119,ELLEN,Bromine,1988-12-05T00:00,0.015,µg/m³,DICHOT,EDXRF
70119,ELLEN,Bromine,1988-12-11T00:00,0.003,µg/m³,DICHOT,EDXRF
70119,ELLEN,Bromine,1988-12-11T00:00,0.008,µg/m³,DICHOT,EDXRF
70119,ELLEN,Bromine,1988-12-17T00:00,0.002,µg/m³,DICHOT,EDXRF
70119,ELLEN,Bromine,1988-12-17T00:00,0.006,µg/m³,DICHOT,EDXRF
70119,ELLEN,Bromine,1988-12-23T00:00,0.001,µg/m³,DICHOT,EDXRF
70119,ELLEN,Bromine,1988-12-23T00:00,0.004,µg/m³,DICHOT,EDXRF
70119,ELLEN,Bromine,1988-12-29T00:00,0.002,µg/m³,DICHOT,EDXRF
70119,ELLEN,Bromine,1988-12-29T00:00,0.005,µg/m³,DICHOT,EDXRF
