﻿NAPS_Site_ID,Station_Name,Pollutant,Date,Value,Units,Report_Type,Method
90130,EDMONTON CENTRAL,Sulphate,1988-01-04T00:00,0.450,µg/m³,DICHOT,IC
90130,EDMONTON CENTRAL,Sulphate,1988-01-04T00:00,3.190,µg/m³,DICHOT,IC
90130,EDMONTON CENTRAL,Sulphate,1988-01-10T00:00,0.300,µg/m³,DICHOT,IC
90130,EDMONTON CENTRAL,Sulphate,1988-01-10T00:00,2.400,µg/m³,DICHOT,IC
90130,EDMONTON CENTRAL,Sulphate,1988-01-16T00:00,0.140,µg/m³,DICHOT,IC
90130,EDMONTON CENTRAL,Sulphate,1988-01-16T00:00,0.550,µg/m³,DICHOT,IC
90130,EDMONTON CENTRAL,Sulphate,1988-01-22T00:00,0.140,µg/m³,DICHOT,IC
90130,EDMONTON CENTRAL,Sulphate,1988-01-22T00:00,0.400,µg/m³,DICHOT,IC
90130,EDMONTON CENTRAL,Sulphate,1988-01-28T00:00,0.270,µg/m³,DICHOT,IC
90130,EDMONTON CENTRAL,Sulphate,1988-01-28T00:00,1.380,µg/m³,DICHOT,IC
90130,EDMONTON CENTRAL,Sulphate,1988-02-03T00:00,0.140,µg/m³,DICHOT,IC
90130,EDMONTON CENTRAL,Sulphate,1988-02-03T00:00,1.570,µg/m³,DICHOT,IC
90130,EDMONTON CENTRAL,Sulphate,1988-02-09T00:00,0.187,µg/m³,DICHOT,IC
90130,EDMONTON CENTRAL,Sulphate,1988-02-09T00:00,0.889,µg/m³,DICHOT,IC
90130,EDMONTON CENTRAL,Sulphate,1988-02-15T00:00,0.108,µg/m³,DICHOT,IC
90130,EDMONTON CENTRAL,Sulphate,1988-02-15T00:00,0.302,µg/m³,DICHOT,IC
90130,EDMONTON CENTRAL,Sulphate,1988-02-21T00:00,0.298,µg/m³,DICHOT,IC
90130,EDMONTON CENTRAL,Sulphate,1988-02-21T00:00,0.460,µg/m³,DICHOT,IC
90130,EDMONTON CENTRAL,Sulphate,1988-02-27T00:00,0.131,µg/m³,DICHOT,IC
90130,EDMONTON CENTRAL,Sulphate,1988-02-27T00:00,0.259,µg/m³,DICHOT,IC
90130,EDMONTON CENTRAL,Sulphate,1988-03-04T00:00,0.187,µg/m³,DICHOT,IC
90130,EDMONTON CENTRAL,Sulphate,1988-03-04T00:00,2.124,µg/m³,DICHOT,IC
90130,EDMONTON CENTRAL,Sulphate,1988-03-10T00:00,0.211,µg/m³,DICHOT,IC
90130,EDMONTON CENTRAL,Sulphate,1988-03-10T00:00,0.471,µg/m³,DICHOT,IC
90130,EDMONTON CENTRAL,Sulphate,1988-03-16T00:00,0.253,µg/m³,DICHOT,IC
90130,EDMONTON CENTRAL,Sulphate,1988-03-16T00:00,0.966,µg/m³,DICHOT,IC
90130,EDMONTON CENTRAL,Sulphate,1988-03-22T00:00,0.216,µg/m³,DICHOT,IC
90130,EDMONTON CENTRAL,Sulphate,1988-03-22T00:00,0.344,µg/m³,DICHOT,IC
90130,EDMONTON CENTRAL,Sulphate,1988-03-28T00:00,0.156,µg/m³,DICHOT,IC
90130,EDMONTON CENTRAL,Sulphate,1988-03-28T00:00,1.774,µg/m³,DICHOT,IC
90130,EDMONTON CENTRAL,Sulphate,1988-04-03T00:00,0.117,µg/m³,DICHOT,IC
90130,EDMONTON CENTRAL,Sulphate,1988-04-03T00:00,0.518,µg/m³,DICHOT,IC
90130,EDMONTON CENTRAL,Sulphate,1988-04-09T00:00,0.456,µg/m³,DICHOT,IC
90130,EDMONTON CENTRAL,Sulphate,1988-04-09T00:00,1.285,µg/m³,DICHOT,IC
90130,EDMONTON CENTRAL,Sulphate,1988-04-15T00:00,0.387,µg/m³,DICHOT,IC
90130,EDMONTON CENTRAL,Sulphate,1988-04-15T00:00,1.000,µg/m³,DICHOT,IC
90130,EDMONTON CENTRAL,Sulphate,1988-04-21T00:00,0.515,µg/m³,DICHOT,IC
90130,EDMONTON CENTRAL,Sulphate,1988-04-21T00:00,1.580,µg/m³,DICHOT,IC
90130,EDMONTON CENTRAL,Sulphate,1988-04-27T00:00,0.205,µg/m³,DICHOT,IC
90130,EDMONTON CENTRAL,Sulphate,1988-04-27T00:00,1.636,µg/m³,DICHOT,IC
90130,EDMONTON CENTRAL,Sulphate,1988-05-03T00:00,0.187,µg/m³,DICHOT,IC
90130,EDMONTON CENTRAL,Sulphate,1988-05-03T00:00,1.273,µg/m³,DICHOT,IC
90130,EDMONTON CENTRAL,Sulphate,1988-05-09T00:00,0.215,µg/m³,DICHOT,IC
90130,EDMONTON CENTRAL,Sulphate,1988-05-09T00:00,1.054,µg/m³,DICHOT,IC
90130,EDMONTON CENTRAL,Sulphate,1988-05-15T00:00,0.175,µg/m³,DICHOT,IC
90130,EDMONTON CENTRAL,Sulphate,1988-05-15T00:00,0.717,µg/m³,DICHOT,IC
90130,EDMONTON CENTRAL,Sulphate,1988-05-21T00:00,0.211,µg/m³,DICHOT,IC
90130,EDMONTON CENTRAL,Sulphate,1988-05-21T00:00,1.074,µg/m³,DICHOT,IC
90130,EDMONTON CENTRAL,Sulphate,1988-05-27T00:00,0.339,µg/m³,DICHOT,IC
90130,EDMONTON CENTRAL,Sulphate,1988-05-27T00:00,0.981,µg/m³,DICHOT,IC
90130,EDMONTON CENTRAL,Sulphate,1988-06-02T00:00,0.199,µg/m³,DICHOT,IC
90130,EDMONTON CENTRAL,Sulphate,1988-06-02T00:00,0.614,µg/m³,DICHOT,IC
90130,EDMONTON CENTRAL,Sulphate,1988-06-08T00:00,0.500,µg/m³,DICHOT,IC
90130,EDMONTON CENTRAL,Sulphate,1988-06-08T00:00,1.848,µg/m³,DICHOT,IC
90130,EDMONTON CENTRAL,Sulphate,1988-06-14T00:00,0.197,µg/m³,DICHOT,IC
90130,EDMONTON CENTRAL,Sulphate,1988-06-14T00:00,0.516,µg/m³,DICHOT,IC
90130,EDMONTON CENTRAL,Sulphate,1988-06-20T00:00,0.264,µg/m³,DICHOT,IC
90130,EDMONTON CENTRAL,Sulphate,1988-06-20T00:00,0.781,µg/m³,DICHOT,IC
90130,EDMONTON CENTRAL,Sulphate,1988-07-02T00:00,0.194,µg/m³,DICHOT,IC
90130,EDMONTON CENTRAL,Sulphate,1988-07-02T00:00,1.094,µg/m³,DICHOT,IC
90130,EDMONTON CENTRAL,Sulphate,1988-07-08T00:00,0.205,µg/m³,DICHOT,IC
90130,EDMONTON CENTRAL,Sulphate,1988-07-08T00:00,0.557,µg/m³,DICHOT,IC
90130,EDMONTON CENTRAL,Sulphate,1988-07-14T00:00,0.286,µg/m³,DICHOT,IC
90130,EDMONTON CENTRAL,Sulphate,1988-07-14T00:00,0.865,µg/m³,DICHOT,IC
90130,EDMONTON CENTRAL,Sulphate,1988-07-20T00:00,0.229,µg/m³,DICHOT,IC
90130,EDMONTON CENTRAL,Sulphate,1988-07-20T00:00,2.050,µg/m³,DICHOT,IC
90130,EDMONTON CENTRAL,Sulphate,1988-07-26T00:00,0.237,µg/m³,DICHOT,IC
90130,EDMONTON CENTRAL,Sulphate,1988-07-26T00:00,0.981,µg/m³,DICHOT,IC
90130,EDMONTON CENTRAL,Sulphate,1988-08-01T00:00,0.325,µg/m³,DICHOT,IC
90130,EDMONTON CENTRAL,Sulphate,1988-08-01T00:00,0.755,µg/m³,DICHOT,IC
90130,EDMONTON CENTRAL,Sulphate,1988-08-07T00:00,0.328,µg/m³,DICHOT,IC
90130,EDMONTON CENTRAL,Sulphate,1988-08-07T00:00,1.273,µg/m³,DICHOT,IC
90130,EDMONTON CENTRAL,Sulphate,1988-08-13T00:00,0.304,µg/m³,DICHOT,IC
90130,EDMONTON CENTRAL,Sulphate,1988-08-13T00:00,1.343,µg/m³,DICHOT,IC
90130,EDMONTON CENTRAL,Sulphate,1988-08-19T00:00,0.219,µg/m³,DICHOT,IC
90130,EDMONTON CENTRAL,Sulphate,1988-08-19T00:00,0.923,µg/m³,DICHOT,IC
90130,EDMONTON CENTRAL,Sulphate,1988-08-25T00:00,0.320,µg/m³,DICHOT,IC
90130,EDMONTON CENTRAL,Sulphate,1988-08-25T00:00,1.126,µg/m³,DICHOT,IC
90130,EDMONTON CENTRAL,Sulphate,1988-08-31T00:00,0.235,µg/m³,DICHOT,IC
90130,EDMONTON CENTRAL,Sulphate,1988-08-31T00:00,0.491,µg/m³,DICHOT,IC
90130,EDMONTON CENTRAL,Sulphate,1988-09-06T00:00,0.228,µg/m³,DICHOT,IC
90130,EDMONTON CENTRAL,Sulphate,1988-09-06T00:00,0.627,µg/m³,DICHOT,IC
90130,EDMONTON CENTRAL,Sulphate,1988-09-12T00:00,0.220,µg/m³,DICHOT,IC
90130,EDMONTON CENTRAL,Sulphate,1988-09-12T00:00,0.503,µg/m³,DICHOT,IC
90130,EDMONTON CENTRAL,Sulphate,1988-09-18T00:00,0.237,µg/m³,DICHOT,IC
90130,EDMONTON CENTRAL,Sulphate,1988-09-18T00:00,1.207,µg/m³,DICHOT,IC
90130,EDMONTON CENTRAL,Sulphate,1988-09-24T00:00,0.206,µg/m³,DICHOT,IC
90130,EDMONTON CENTRAL,Sulphate,1988-09-24T00:00,0.894,µg/m³,DICHOT,IC
90130,EDMONTON CENTRAL,Sulphate,1988-09-30T00:00,0.302,µg/m³,DICHOT,IC
90130,EDMONTON CENTRAL,Sulphate,1988-09-30T00:00,0.440,µg/m³,DICHOT,IC
90130,EDMONTON CENTRAL,Sulphate,1988-10-06T00:00,0.419,µg/m³,DICHOT,IC
90130,EDMONTON CENTRAL,Sulphate,1988-10-06T00:00,1.303,µg/m³,DICHOT,IC
90130,EDMONTON CENTRAL,Sulphate,1988-10-12T00:00,0.363,µg/m³,DICHOT,IC
90130,EDMONTON CENTRAL,Sulphate,1988-10-12T00:00,1.793,µg/m³,DICHOT,IC
90130,EDMONTON CENTRAL,Sulphate,1988-10-18T00:00,0.205,µg/m³,DICHOT,IC
90130,EDMONTON CENTRAL,Sulphate,1988-10-18T00:00,0.606,µg/m³,DICHOT,IC
90130,EDMONTON CENTRAL,Sulphate,1988-10-24T00:00,0.265,µg/m³,DICHOT,IC
90130,EDMONTON CENTRAL,Sulphate,1988-10-24T00:00,0.455,µg/m³,DICHOT,IC
90130,EDMONTON CENTRAL,Sulphate,1988-10-30T00:00,0.318,µg/m³,DICHOT,IC
90130,EDMONTON CENTRAL,Sulphate,1988-10-30T00:00,1.500,µg/m³,DICHOT,IC
90130,EDMONTON CENTRAL,Sulphate,1988-11-05T00:00,0.153,µg/m³,DICHOT,IC
90130,EDMONTON CENTRAL,Sulphate,1988-11-05T00:00,0.424,µg/m³,DICHOT,IC
90130,EDMONTON CENTRAL,Sulphate,1988-11-11T00:00,0.499,µg/m³,DICHOT,IC
90130,EDMONTON CENTRAL,Sulphate,1988-11-11T00:00,4.410,µg/m³,DICHOT,IC
90130,EDMONTON CENTRAL,Sulphate,1988-11-17T00:00,0.413,µg/m³,DICHOT,IC
90130,EDMONTON CENTRAL,Sulphate,1988-11-17T00:00,2.516,µg/m³,DICHOT,IC
90130,EDMONTON CENTRAL,Sulphate,1988-11-23T00:00,0.264,µg/m³,DICHOT,IC
90130,EDMONTON CENTRAL,Sulphate,1988-11-23T00:00,1.181,µg/m³,DICHOT,IC
90130,EDMONTON CENTRAL,Sulphate,1988-11-29T00:00,0.254,µg/m³,DICHOT,IC
90130,EDMONTON CENTRAL,Sulphate,1988-11-29T00:00,0.388,µg/m³,DICHOT,IC
90130,EDMONTON CENTRAL,Sulphate,1988-12-05T00:00,0.290,µg/m³,DICHOT,IC
90130,EDMONTON CENTRAL,Sulphate,1988-12-05T00:00,0.430,µg/m³,DICHOT,IC
90130,EDMONTON CENTRAL,Sulphate,1988-12-11T00:00,0.148,µg/m³,DICHOT,IC
90130,EDMONTON CENTRAL,Sulphate,1988-12-11T00:00,0.382,µg/m³,DICHOT,IC
90130,EDMONTON CENTRAL,Sulphate,1988-12-17T00:00,0.191,µg/m³,DICHOT,IC
90130,EDMONTON CENTRAL,Sulphate,1988-12-17T00:00,0.485,µg/m³,DICHOT,IC
90130,EDMONTON CENTRAL,Sulphate,1988-12-23T00:00,0.317,µg/m³,DICHOT,IC
90130,EDMONTON CENTRAL,Sulphate,1988-12-23T00:00,2.808,µg/m³,DICHOT,IC
