﻿NAPS_Site_ID,Station_Name,Pollutant,Date,Value,Units,Report_Type,Method
60427,GAGE INSTITUTE,123678-H6CDD,2006-01-29T00:00,0.022,pg/m³,PCDD,GC-MS
60427,GAGE INSTITUTE,123678-H6CDD,2006-03-18T00:00,0.001,pg/m³,PCDD,GC-MS
60427,GAGE INSTITUTE,123678-H6CDD,2006-04-11T00:00,0.012,pg/m³,PCDD,GC-MS
60427,GAGE INSTITUTE,123678-H6CDD,2006-05-05T00:00,0.004,pg/m³,PCDD,GC-MS
60427,GAGE INSTITUTE,123678-H6CDD,2006-05-29T00:00,0.005,pg/m³,PCDD,GC-MS
60427,GAGE INSTITUTE,123678-H6CDD,2006-06-22T00:00,0.005,pg/m³,PCDD,GC-MS
60427,GAGE INSTITUTE,123678-H6CDD,2006-07-16T00:00,0.007,pg/m³,PCDD,GC-MS
60427,GAGE INSTITUTE,123678-H6CDD,2006-08-09T00:00,0.005,pg/m³,PCDD,GC-MS
60427,GAGE INSTITUTE,123678-H6CDD,2006-09-02T00:00,0.003,pg/m³,PCDD,GC-MS
60427,GAGE INSTITUTE,123678-H6CDD,2006-09-26T00:00,0.004,pg/m³,PCDD,GC-MS
60427,GAGE INSTITUTE,123678-H6CDD,2006-10-20T00:00,0.004,pg/m³,PCDD,GC-MS
60427,GAGE INSTITUTE,123678-H6CDD,2006-12-07T00:00,0.005,pg/m³,PCDD,GC-MS
