﻿NAPS_Site_ID,Station_Name,Pollutant,Date,Value,Units,Report_Type,Method
100112,DOWNTOWN VANCOUVER,Ethylene,2001-01-19T00:00,6.990,µg/m³,VOC,
100112,DOWNTOWN VANCOUVER,Ethylene,2001-02-06T00:00,3.321,µg/m³,VOC,
100112,DOWNTOWN VANCOUVER,Ethylene,2001-03-02T00:00,5.551,µg/m³,VOC,
100112,DOWNTOWN VANCOUVER,Ethylene,2001-03-20T00:00,3.528,µg/m³,VOC,
100112,DOWNTOWN VANCOUVER,Ethylene,2001-04-06T00:00,2.882,µg/m³,VOC,
100112,DOWNTOWN VANCOUVER,Ethylene,2001-04-25T00:00,4.765,µg/m³,VOC,
100112,DOWNTOWN VANCOUVER,Ethylene,2001-05-13T00:00,2.044,µg/m³,VOC,
100112,DOWNTOWN VANCOUVER,Ethylene,2001-06-06T00:00,6.523,µg/m³,VOC,
100112,DOWNTOWN VANCOUVER,Ethylene,2001-06-24T00:00,2.421,µg/m³,VOC,
100112,DOWNTOWN VANCOUVER,Ethylene,2001-07-12T00:00,3.845,µg/m³,VOC,
100112,DOWNTOWN VANCOUVER,Ethylene,2001-07-30T00:00,3.551,µg/m³,VOC,
100112,DOWNTOWN VANCOUVER,Ethylene,2001-09-28T00:00,7.713,µg/m³,VOC,
100112,DOWNTOWN VANCOUVER,Ethylene,2001-10-16T00:00,3.747,µg/m³,VOC,
100112,DOWNTOWN VANCOUVER,Ethylene,2001-11-03T00:00,7.892,µg/m³,VOC,
100112,DOWNTOWN VANCOUVER,Ethylene,2001-11-27T00:00,4.902,µg/m³,VOC,
100112,DOWNTOWN VANCOUVER,Ethylene,2001-12-15T00:00,4.170,µg/m³,VOC,
