﻿NAPS_Site_ID,Station_Name,Pollutant,Date,Value,Units,Report_Type,Method
50308,QUÉBEC-VIEUX-LIMOILOU (DES SABLES),Iron,2023-03-22T00:00,0.287,µg/m³,PM10,ED-XRF
50308,QUÉBEC-VIEUX-LIMOILOU (DES SABLES),Iron,2023-03-25T00:00,0.265,µg/m³,PM10,ED-XRF
50308,QUÉBEC-VIEUX-LIMOILOU (DES SABLES),Iron,2023-03-28T00:00,0.364,µg/m³,PM10,ED-XRF
50308,QUÉBEC-VIEUX-LIMOILOU (DES SABLES),Iron,2023-03-31T00:00,0.613,µg/m³,PM10,ED-XRF
50308,QUÉBEC-VIEUX-LIMOILOU (DES SABLES),Iron,2023-04-03T00:00,0.740,µg/m³,PM10,ED-XRF
50308,QUÉBEC-VIEUX-LIMOILOU (DES SABLES),Iron,2023-04-06T00:00,0.205,µg/m³,PM10,ED-XRF
50308,QUÉBEC-VIEUX-LIMOILOU (DES SABLES),Iron,2023-04-09T00:00,0.349,µg/m³,PM10,ED-XRF
50308,QUÉBEC-VIEUX-LIMOILOU (DES SABLES),Iron,2023-04-12T00:00,0.359,µg/m³,PM10,ED-XRF
50308,QUÉBEC-VIEUX-LIMOILOU (DES SABLES),Iron,2023-04-15T00:00,0.335,µg/m³,PM10,ED-XRF
50308,QUÉBEC-VIEUX-LIMOILOU (DES SABLES),Iron,2023-04-18T00:00,0.247,µg/m³,PM10,ED-XRF
50308,QUÉBEC-VIEUX-LIMOILOU (DES SABLES),Iron,2023-04-21T00:00,0.361,µg/m³,PM10,ED-XRF
50308,QUÉBEC-VIEUX-LIMOILOU (DES SABLES),Iron,2023-04-24T00:00,0.669,µg/m³,PM10,ED-XRF
50308,QUÉBEC-VIEUX-LIMOILOU (DES SABLES),Iron,2023-04-27T00:00,1.250,µg/m³,PM10,ED-XRF
50308,QUÉBEC-VIEUX-LIMOILOU (DES SABLES),Iron,2023-04-30T00:00,0.342,µg/m³,PM10,ED-XRF
50308,QUÉBEC-VIEUX-LIMOILOU (DES SABLES),Iron,2023-05-03T00:00,0.938,µg/m³,PM10,ED-XRF
50308,QUÉBEC-VIEUX-LIMOILOU (DES SABLES),Iron,2023-05-06T00:00,0.300,µg/m³,PM10,ED-XRF
50308,QUÉBEC-VIEUX-LIMOILOU (DES SABLES),Iron,2023-05-09T00:00,0.681,µg/m³,PM10,ED-XRF
50308,QUÉBEC-VIEUX-LIMOILOU (DES SABLES),Iron,2023-05-12T00:00,1.050,µg/m³,PM10,ED-XRF
50308,QUÉBEC-VIEUX-LIMOILOU (DES SABLES),Iron,2023-05-15T00:00,0.962,µg/m³,PM10,ED-XRF
50308,QUÉBEC-VIEUX-LIMOILOU (DES SABLES),Iron,2023-05-18T00:00,0.292,µg/m³,PM10,ED-XRF
50308,QUÉBEC-VIEUX-LIMOILOU (DES SABLES),Iron,2023-05-21T00:00,0.330,µg/m³,PM10,ED-XRF
50308,QUÉBEC-VIEUX-LIMOILOU (DES SABLES),Iron,2023-05-24T00:00,0.414,µg/m³,PM10,ED-XRF
50308,QUÉBEC-VIEUX-LIMOILOU (DES SABLES),Iron,2023-05-27T00:00,0.430,µg/m³,PM10,ED-XRF
50308,QUÉBEC-VIEUX-LIMOILOU (DES SABLES),Iron,2023-05-30T00:00,0.656,µg/m³,PM10,ED-XRF
50308,QUÉBEC-VIEUX-LIMOILOU (DES SABLES),Iron,2023-06-02T00:00,0.546,µg/m³,PM10,ED-XRF
50308,QUÉBEC-VIEUX-LIMOILOU (DES SABLES),Iron,2023-06-05T00:00,0.765,µg/m³,PM10,ED-XRF
50308,QUÉBEC-VIEUX-LIMOILOU (DES SABLES),Iron,2023-06-08T00:00,0.239,µg/m³,PM10,ED-XRF
50308,QUÉBEC-VIEUX-LIMOILOU (DES SABLES),Iron,2023-06-11T00:00,0.682,µg/m³,PM10,ED-XRF
50308,QUÉBEC-VIEUX-LIMOILOU (DES SABLES),Iron,2023-06-23T00:00,0.332,µg/m³,PM10,ED-XRF
50308,QUÉBEC-VIEUX-LIMOILOU (DES SABLES),Iron,2023-06-26T00:00,4.459,µg/m³,PM10,ED-XRF
50308,QUÉBEC-VIEUX-LIMOILOU (DES SABLES),Iron,2023-06-29T00:00,0.190,µg/m³,PM10,ED-XRF
50308,QUÉBEC-VIEUX-LIMOILOU (DES SABLES),Iron,2023-07-02T00:00,0.130,µg/m³,PM10,ED-XRF
50308,QUÉBEC-VIEUX-LIMOILOU (DES SABLES),Iron,2023-07-05T00:00,0.719,µg/m³,PM10,ED-XRF
50308,QUÉBEC-VIEUX-LIMOILOU (DES SABLES),Iron,2023-07-08T00:00,0.142,µg/m³,PM10,ED-XRF
50308,QUÉBEC-VIEUX-LIMOILOU (DES SABLES),Iron,2023-07-11T00:00,0.189,µg/m³,PM10,ED-XRF
50308,QUÉBEC-VIEUX-LIMOILOU (DES SABLES),Iron,2023-07-14T00:00,0.319,µg/m³,PM10,ED-XRF
50308,QUÉBEC-VIEUX-LIMOILOU (DES SABLES),Iron,2023-07-20T00:00,0.020,µg/m³,PM10,ED-XRF
50308,QUÉBEC-VIEUX-LIMOILOU (DES SABLES),Iron,2023-07-23T00:00,0.496,µg/m³,PM10,ED-XRF
50308,QUÉBEC-VIEUX-LIMOILOU (DES SABLES),Iron,2023-07-26T00:00,0.115,µg/m³,PM10,ED-XRF
50308,QUÉBEC-VIEUX-LIMOILOU (DES SABLES),Iron,2023-07-29T00:00,0.194,µg/m³,PM10,ED-XRF
50308,QUÉBEC-VIEUX-LIMOILOU (DES SABLES),Iron,2023-08-01T00:00,0.057,µg/m³,PM10,ED-XRF
50308,QUÉBEC-VIEUX-LIMOILOU (DES SABLES),Iron,2023-08-04T00:00,0.137,µg/m³,PM10,ED-XRF
50308,QUÉBEC-VIEUX-LIMOILOU (DES SABLES),Iron,2023-08-07T00:00,0.240,µg/m³,PM10,ED-XRF
50308,QUÉBEC-VIEUX-LIMOILOU (DES SABLES),Iron,2023-08-10T00:00,1.527,µg/m³,PM10,ED-XRF
50308,QUÉBEC-VIEUX-LIMOILOU (DES SABLES),Iron,2023-08-13T00:00,0.490,µg/m³,PM10,ED-XRF
50308,QUÉBEC-VIEUX-LIMOILOU (DES SABLES),Iron,2023-08-16T00:00,0.138,µg/m³,PM10,ED-XRF
50308,QUÉBEC-VIEUX-LIMOILOU (DES SABLES),Iron,2023-08-19T00:00,0.680,µg/m³,PM10,ED-XRF
50308,QUÉBEC-VIEUX-LIMOILOU (DES SABLES),Iron,2023-08-25T00:00,0.129,µg/m³,PM10,ED-XRF
50308,QUÉBEC-VIEUX-LIMOILOU (DES SABLES),Iron,2023-08-28T00:00,1.152,µg/m³,PM10,ED-XRF
50308,QUÉBEC-VIEUX-LIMOILOU (DES SABLES),Iron,2023-08-31T00:00,0.697,µg/m³,PM10,ED-XRF
50308,QUÉBEC-VIEUX-LIMOILOU (DES SABLES),Iron,2023-09-03T00:00,0.252,µg/m³,PM10,ED-XRF
50308,QUÉBEC-VIEUX-LIMOILOU (DES SABLES),Iron,2023-09-06T00:00,6.343,µg/m³,PM10,ED-XRF
50308,QUÉBEC-VIEUX-LIMOILOU (DES SABLES),Iron,2023-09-15T00:00,0.008,µg/m³,PM10,ED-XRF
50308,QUÉBEC-VIEUX-LIMOILOU (DES SABLES),Iron,2023-09-21T00:00,1.224,µg/m³,PM10,ED-XRF
50308,QUÉBEC-VIEUX-LIMOILOU (DES SABLES),Iron,2023-09-24T00:00,1.210,µg/m³,PM10,ED-XRF
50308,QUÉBEC-VIEUX-LIMOILOU (DES SABLES),Iron,2023-09-27T00:00,0.242,µg/m³,PM10,ED-XRF
50308,QUÉBEC-VIEUX-LIMOILOU (DES SABLES),Iron,2023-09-30T00:00,1.120,µg/m³,PM10,ED-XRF
50308,QUÉBEC-VIEUX-LIMOILOU (DES SABLES),Iron,2023-10-03T00:00,0.520,µg/m³,PM10,ED-XRF
50308,QUÉBEC-VIEUX-LIMOILOU (DES SABLES),Iron,2023-10-06T00:00,1.178,µg/m³,PM10,ED-XRF
50308,QUÉBEC-VIEUX-LIMOILOU (DES SABLES),Iron,2023-10-09T00:00,0.682,µg/m³,PM10,ED-XRF
50308,QUÉBEC-VIEUX-LIMOILOU (DES SABLES),Iron,2023-10-15T00:00,0.118,µg/m³,PM10,ED-XRF
50308,QUÉBEC-VIEUX-LIMOILOU (DES SABLES),Iron,2023-10-18T00:00,1.357,µg/m³,PM10,ED-XRF
50308,QUÉBEC-VIEUX-LIMOILOU (DES SABLES),Iron,2023-10-21T00:00,0.075,µg/m³,PM10,ED-XRF
50308,QUÉBEC-VIEUX-LIMOILOU (DES SABLES),Iron,2023-10-24T00:00,0.929,µg/m³,PM10,ED-XRF
50308,QUÉBEC-VIEUX-LIMOILOU (DES SABLES),Iron,2023-10-27T00:00,0.080,µg/m³,PM10,ED-XRF
50308,QUÉBEC-VIEUX-LIMOILOU (DES SABLES),Iron,2023-10-30T00:00,0.532,µg/m³,PM10,ED-XRF
50308,QUÉBEC-VIEUX-LIMOILOU (DES SABLES),Iron,2023-11-02T00:00,0.846,µg/m³,PM10,ED-XRF
50308,QUÉBEC-VIEUX-LIMOILOU (DES SABLES),Iron,2023-11-05T00:00,0.202,µg/m³,PM10,ED-XRF
50308,QUÉBEC-VIEUX-LIMOILOU (DES SABLES),Iron,2023-11-11T00:00,0.239,µg/m³,PM10,ED-XRF
50308,QUÉBEC-VIEUX-LIMOILOU (DES SABLES),Iron,2023-11-14T00:00,0.789,µg/m³,PM10,ED-XRF
50308,QUÉBEC-VIEUX-LIMOILOU (DES SABLES),Iron,2023-11-20T00:00,0.432,µg/m³,PM10,ED-XRF
50308,QUÉBEC-VIEUX-LIMOILOU (DES SABLES),Iron,2023-12-08T00:00,0.699,µg/m³,PM10,ED-XRF
50308,QUÉBEC-VIEUX-LIMOILOU (DES SABLES),Iron,2023-12-11T00:00,0.127,µg/m³,PM10,ED-XRF
50308,QUÉBEC-VIEUX-LIMOILOU (DES SABLES),Iron,2023-12-14T00:00,0.537,µg/m³,PM10,ED-XRF
50308,QUÉBEC-VIEUX-LIMOILOU (DES SABLES),Iron,2023-12-17T00:00,0.308,µg/m³,PM10,ED-XRF
50308,QUÉBEC-VIEUX-LIMOILOU (DES SABLES),Iron,2023-12-20T00:00,0.588,µg/m³,PM10,ED-XRF
50308,QUÉBEC-VIEUX-LIMOILOU (DES SABLES),Iron,2023-12-23T00:00,0.937,µg/m³,PM10,ED-XRF
50308,QUÉBEC-VIEUX-LIMOILOU (DES SABLES),Iron,2023-12-26T00:00,0.314,µg/m³,PM10,ED-XRF
50308,QUÉBEC-VIEUX-LIMOILOU (DES SABLES),Iron,2023-12-29T00:00,0.314,µg/m³,PM10,ED-XRF
50308,QUÉBEC-VIEUX-LIMOILOU (DES SABLES),Iron,2023-01-06T00:00,0.083,µg/m³,PM2.5,ED-XRF
50308,QUÉBEC-VIEUX-LIMOILOU (DES SABLES),Iron,2023-01-12T00:00,0.016,µg/m³,PM2.5,ED-XRF
50308,QUÉBEC-VIEUX-LIMOILOU (DES SABLES),Iron,2023-01-18T00:00,0.106,µg/m³,PM2.5,ED-XRF
50308,QUÉBEC-VIEUX-LIMOILOU (DES SABLES),Iron,2023-01-30T00:00,0.031,µg/m³,PM2.5,ED-XRF
50308,QUÉBEC-VIEUX-LIMOILOU (DES SABLES),Iron,2023-02-05T00:00,0.040,µg/m³,PM2.5,ED-XRF
50308,QUÉBEC-VIEUX-LIMOILOU (DES SABLES),Iron,2023-02-11T00:00,0.041,µg/m³,PM2.5,ED-XRF
50308,QUÉBEC-VIEUX-LIMOILOU (DES SABLES),Iron,2023-02-23T00:00,0.089,µg/m³,PM2.5,ED-XRF
50308,QUÉBEC-VIEUX-LIMOILOU (DES SABLES),Iron,2023-03-01T00:00,0.065,µg/m³,PM2.5,ED-XRF
50308,QUÉBEC-VIEUX-LIMOILOU (DES SABLES),Iron,2023-03-07T00:00,0.049,µg/m³,PM2.5,ED-XRF
50308,QUÉBEC-VIEUX-LIMOILOU (DES SABLES),Iron,2023-03-13T00:00,0.046,µg/m³,PM2.5,ED-XRF
50308,QUÉBEC-VIEUX-LIMOILOU (DES SABLES),Iron,2023-03-22T00:00,0.055,µg/m³,PM2.5,ED-XRF
50308,QUÉBEC-VIEUX-LIMOILOU (DES SABLES),Iron,2023-03-25T00:00,0.034,µg/m³,PM2.5,ED-XRF
50308,QUÉBEC-VIEUX-LIMOILOU (DES SABLES),Iron,2023-03-28T00:00,0.064,µg/m³,PM2.5,ED-XRF
50308,QUÉBEC-VIEUX-LIMOILOU (DES SABLES),Iron,2023-03-31T00:00,0.089,µg/m³,PM2.5,ED-XRF
50308,QUÉBEC-VIEUX-LIMOILOU (DES SABLES),Iron,2023-04-03T00:00,0.135,µg/m³,PM2.5,ED-XRF
50308,QUÉBEC-VIEUX-LIMOILOU (DES SABLES),Iron,2023-04-06T00:00,0.074,µg/m³,PM2.5,ED-XRF
50308,QUÉBEC-VIEUX-LIMOILOU (DES SABLES),Iron,2023-04-09T00:00,0.056,µg/m³,PM2.5,ED-XRF
50308,QUÉBEC-VIEUX-LIMOILOU (DES SABLES),Iron,2023-04-12T00:00,0.064,µg/m³,PM2.5,ED-XRF
50308,QUÉBEC-VIEUX-LIMOILOU (DES SABLES),Iron,2023-04-15T00:00,0.044,µg/m³,PM2.5,ED-XRF
50308,QUÉBEC-VIEUX-LIMOILOU (DES SABLES),Iron,2023-04-18T00:00,0.057,µg/m³,PM2.5,ED-XRF
50308,QUÉBEC-VIEUX-LIMOILOU (DES SABLES),Iron,2023-04-21T00:00,0.065,µg/m³,PM2.5,ED-XRF
50308,QUÉBEC-VIEUX-LIMOILOU (DES SABLES),Iron,2023-04-24T00:00,0.097,µg/m³,PM2.5,ED-XRF
50308,QUÉBEC-VIEUX-LIMOILOU (DES SABLES),Iron,2023-04-27T00:00,0.094,µg/m³,PM2.5,ED-XRF
50308,QUÉBEC-VIEUX-LIMOILOU (DES SABLES),Iron,2023-04-30T00:00,0.041,µg/m³,PM2.5,ED-XRF
50308,QUÉBEC-VIEUX-LIMOILOU (DES SABLES),Iron,2023-05-03T00:00,0.049,µg/m³,PM2.5,ED-XRF
50308,QUÉBEC-VIEUX-LIMOILOU (DES SABLES),Iron,2023-05-06T00:00,0.043,µg/m³,PM2.5,ED-XRF
50308,QUÉBEC-VIEUX-LIMOILOU (DES SABLES),Iron,2023-05-09T00:00,0.081,µg/m³,PM2.5,ED-XRF
50308,QUÉBEC-VIEUX-LIMOILOU (DES SABLES),Iron,2023-05-12T00:00,0.094,µg/m³,PM2.5,ED-XRF
50308,QUÉBEC-VIEUX-LIMOILOU (DES SABLES),Iron,2023-05-15T00:00,0.102,µg/m³,PM2.5,ED-XRF
50308,QUÉBEC-VIEUX-LIMOILOU (DES SABLES),Iron,2023-05-18T00:00,0.057,µg/m³,PM2.5,ED-XRF
50308,QUÉBEC-VIEUX-LIMOILOU (DES SABLES),Iron,2023-05-21T00:00,0.060,µg/m³,PM2.5,ED-XRF
50308,QUÉBEC-VIEUX-LIMOILOU (DES SABLES),Iron,2023-05-24T00:00,0.080,µg/m³,PM2.5,ED-XRF
50308,QUÉBEC-VIEUX-LIMOILOU (DES SABLES),Iron,2023-05-27T00:00,0.069,µg/m³,PM2.5,ED-XRF
50308,QUÉBEC-VIEUX-LIMOILOU (DES SABLES),Iron,2023-05-30T00:00,0.105,µg/m³,PM2.5,ED-XRF
50308,QUÉBEC-VIEUX-LIMOILOU (DES SABLES),Iron,2023-06-02T00:00,0.057,µg/m³,PM2.5,ED-XRF
50308,QUÉBEC-VIEUX-LIMOILOU (DES SABLES),Iron,2023-06-05T00:00,0.050,µg/m³,PM2.5,ED-XRF
50308,QUÉBEC-VIEUX-LIMOILOU (DES SABLES),Iron,2023-06-08T00:00,0.023,µg/m³,PM2.5,ED-XRF
50308,QUÉBEC-VIEUX-LIMOILOU (DES SABLES),Iron,2023-06-11T00:00,0.048,µg/m³,PM2.5,ED-XRF
50308,QUÉBEC-VIEUX-LIMOILOU (DES SABLES),Iron,2023-06-23T00:00,0.056,µg/m³,PM2.5,ED-XRF
50308,QUÉBEC-VIEUX-LIMOILOU (DES SABLES),Iron,2023-06-26T00:00,0.126,µg/m³,PM2.5,ED-XRF
50308,QUÉBEC-VIEUX-LIMOILOU (DES SABLES),Iron,2023-06-29T00:00,0.060,µg/m³,PM2.5,ED-XRF
50308,QUÉBEC-VIEUX-LIMOILOU (DES SABLES),Iron,2023-07-02T00:00,0.037,µg/m³,PM2.5,ED-XRF
50308,QUÉBEC-VIEUX-LIMOILOU (DES SABLES),Iron,2023-07-05T00:00,0.085,µg/m³,PM2.5,ED-XRF
50308,QUÉBEC-VIEUX-LIMOILOU (DES SABLES),Iron,2023-07-08T00:00,0.032,µg/m³,PM2.5,ED-XRF
50308,QUÉBEC-VIEUX-LIMOILOU (DES SABLES),Iron,2023-07-11T00:00,0.043,µg/m³,PM2.5,ED-XRF
50308,QUÉBEC-VIEUX-LIMOILOU (DES SABLES),Iron,2023-07-14T00:00,0.044,µg/m³,PM2.5,ED-XRF
50308,QUÉBEC-VIEUX-LIMOILOU (DES SABLES),Iron,2023-07-20T00:00,0.019,µg/m³,PM2.5,ED-XRF
50308,QUÉBEC-VIEUX-LIMOILOU (DES SABLES),Iron,2023-07-23T00:00,0.052,µg/m³,PM2.5,ED-XRF
50308,QUÉBEC-VIEUX-LIMOILOU (DES SABLES),Iron,2023-07-26T00:00,0.022,µg/m³,PM2.5,ED-XRF
50308,QUÉBEC-VIEUX-LIMOILOU (DES SABLES),Iron,2023-07-29T00:00,0.043,µg/m³,PM2.5,ED-XRF
50308,QUÉBEC-VIEUX-LIMOILOU (DES SABLES),Iron,2023-08-01T00:00,0.009,µg/m³,PM2.5,ED-XRF
50308,QUÉBEC-VIEUX-LIMOILOU (DES SABLES),Iron,2023-08-04T00:00,0.021,µg/m³,PM2.5,ED-XRF
50308,QUÉBEC-VIEUX-LIMOILOU (DES SABLES),Iron,2023-08-07T00:00,0.049,µg/m³,PM2.5,ED-XRF
50308,QUÉBEC-VIEUX-LIMOILOU (DES SABLES),Iron,2023-08-10T00:00,0.061,µg/m³,PM2.5,ED-XRF
50308,QUÉBEC-VIEUX-LIMOILOU (DES SABLES),Iron,2023-08-13T00:00,0.084,µg/m³,PM2.5,ED-XRF
50308,QUÉBEC-VIEUX-LIMOILOU (DES SABLES),Iron,2023-08-16T00:00,0.027,µg/m³,PM2.5,ED-XRF
50308,QUÉBEC-VIEUX-LIMOILOU (DES SABLES),Iron,2023-08-19T00:00,0.056,µg/m³,PM2.5,ED-XRF
50308,QUÉBEC-VIEUX-LIMOILOU (DES SABLES),Iron,2023-08-22T00:00,0.012,µg/m³,PM2.5,ED-XRF
50308,QUÉBEC-VIEUX-LIMOILOU (DES SABLES),Iron,2023-08-25T00:00,0.026,µg/m³,PM2.5,ED-XRF
50308,QUÉBEC-VIEUX-LIMOILOU (DES SABLES),Iron,2023-08-28T00:00,0.102,µg/m³,PM2.5,ED-XRF
50308,QUÉBEC-VIEUX-LIMOILOU (DES SABLES),Iron,2023-08-31T00:00,0.096,µg/m³,PM2.5,ED-XRF
50308,QUÉBEC-VIEUX-LIMOILOU (DES SABLES),Iron,2023-09-03T00:00,0.050,µg/m³,PM2.5,ED-XRF
50308,QUÉBEC-VIEUX-LIMOILOU (DES SABLES),Iron,2023-09-06T00:00,0.302,µg/m³,PM2.5,ED-XRF
50308,QUÉBEC-VIEUX-LIMOILOU (DES SABLES),Iron,2023-09-09T00:00,0.022,µg/m³,PM2.5,ED-XRF
50308,QUÉBEC-VIEUX-LIMOILOU (DES SABLES),Iron,2023-09-12T00:00,0.068,µg/m³,PM2.5,ED-XRF
50308,QUÉBEC-VIEUX-LIMOILOU (DES SABLES),Iron,2023-09-15T00:00,0.047,µg/m³,PM2.5,ED-XRF
50308,QUÉBEC-VIEUX-LIMOILOU (DES SABLES),Iron,2023-09-21T00:00,0.127,µg/m³,PM2.5,ED-XRF
50308,QUÉBEC-VIEUX-LIMOILOU (DES SABLES),Iron,2023-09-24T00:00,0.026,µg/m³,PM2.5,ED-XRF
50308,QUÉBEC-VIEUX-LIMOILOU (DES SABLES),Iron,2023-09-27T00:00,0.272,µg/m³,PM2.5,ED-XRF
50308,QUÉBEC-VIEUX-LIMOILOU (DES SABLES),Iron,2023-09-30T00:00,0.086,µg/m³,PM2.5,ED-XRF
50308,QUÉBEC-VIEUX-LIMOILOU (DES SABLES),Iron,2023-10-03T00:00,0.128,µg/m³,PM2.5,ED-XRF
50308,QUÉBEC-VIEUX-LIMOILOU (DES SABLES),Iron,2023-10-06T00:00,0.122,µg/m³,PM2.5,ED-XRF
50308,QUÉBEC-VIEUX-LIMOILOU (DES SABLES),Iron,2023-10-09T00:00,0.023,µg/m³,PM2.5,ED-XRF
50308,QUÉBEC-VIEUX-LIMOILOU (DES SABLES),Iron,2023-10-15T00:00,0.023,µg/m³,PM2.5,ED-XRF
50308,QUÉBEC-VIEUX-LIMOILOU (DES SABLES),Iron,2023-10-18T00:00,0.191,µg/m³,PM2.5,ED-XRF
50308,QUÉBEC-VIEUX-LIMOILOU (DES SABLES),Iron,2023-10-21T00:00,0.012,µg/m³,PM2.5,ED-XRF
50308,QUÉBEC-VIEUX-LIMOILOU (DES SABLES),Iron,2023-10-24T00:00,0.130,µg/m³,PM2.5,ED-XRF
50308,QUÉBEC-VIEUX-LIMOILOU (DES SABLES),Iron,2023-10-27T00:00,0.023,µg/m³,PM2.5,ED-XRF
50308,QUÉBEC-VIEUX-LIMOILOU (DES SABLES),Iron,2023-10-30T00:00,0.041,µg/m³,PM2.5,ED-XRF
50308,QUÉBEC-VIEUX-LIMOILOU (DES SABLES),Iron,2023-11-02T00:00,0.083,µg/m³,PM2.5,ED-XRF
50308,QUÉBEC-VIEUX-LIMOILOU (DES SABLES),Iron,2023-11-05T00:00,0.019,µg/m³,PM2.5,ED-XRF
50308,QUÉBEC-VIEUX-LIMOILOU (DES SABLES),Iron,2023-11-11T00:00,0.020,µg/m³,PM2.5,ED-XRF
50308,QUÉBEC-VIEUX-LIMOILOU (DES SABLES),Iron,2023-11-14T00:00,0.072,µg/m³,PM2.5,ED-XRF
50308,QUÉBEC-VIEUX-LIMOILOU (DES SABLES),Iron,2023-11-20T00:00,0.000,µg/m³,PM2.5,ED-XRF
50308,QUÉBEC-VIEUX-LIMOILOU (DES SABLES),Iron,2023-12-08T00:00,0.070,µg/m³,PM2.5,ED-XRF
50308,QUÉBEC-VIEUX-LIMOILOU (DES SABLES),Iron,2023-12-11T00:00,0.046,µg/m³,PM2.5,ED-XRF
50308,QUÉBEC-VIEUX-LIMOILOU (DES SABLES),Iron,2023-12-14T00:00,0.108,µg/m³,PM2.5,ED-XRF
50308,QUÉBEC-VIEUX-LIMOILOU (DES SABLES),Iron,2023-12-17T00:00,0.042,µg/m³,PM2.5,ED-XRF
50308,QUÉBEC-VIEUX-LIMOILOU (DES SABLES),Iron,2023-12-20T00:00,0.072,µg/m³,PM2.5,ED-XRF
50308,QUÉBEC-VIEUX-LIMOILOU (DES SABLES),Iron,2023-12-23T00:00,0.069,µg/m³,PM2.5,ED-XRF
50308,QUÉBEC-VIEUX-LIMOILOU (DES SABLES),Iron,2023-12-26T00:00,0.090,µg/m³,PM2.5,ED-XRF
50308,QUÉBEC-VIEUX-LIMOILOU (DES SABLES),Iron,2023-12-29T00:00,0.037,µg/m³,PM2.5,ED-XRF
50308,QUÉBEC-VIEUX-LIMOILOU (DES SABLES),Iron,2023-01-06T00:00,0.004,µg/m³,PM2.5,ICPMS
50308,QUÉBEC-VIEUX-LIMOILOU (DES SABLES),Iron,2023-01-06T00:00,0.074,µg/m³,PM2.5,ICPMS
50308,QUÉBEC-VIEUX-LIMOILOU (DES SABLES),Iron,2023-01-09T00:00,0.020,µg/m³,PM2.5,ICPMS
50308,QUÉBEC-VIEUX-LIMOILOU (DES SABLES),Iron,2023-01-12T00:00,0.002,µg/m³,PM2.5,ICPMS
50308,QUÉBEC-VIEUX-LIMOILOU (DES SABLES),Iron,2023-01-12T00:00,0.018,µg/m³,PM2.5,ICPMS
50308,QUÉBEC-VIEUX-LIMOILOU (DES SABLES),Iron,2023-01-18T00:00,0.014,µg/m³,PM2.5,ICPMS
50308,QUÉBEC-VIEUX-LIMOILOU (DES SABLES),Iron,2023-01-18T00:00,0.085,µg/m³,PM2.5,ICPMS
50308,QUÉBEC-VIEUX-LIMOILOU (DES SABLES),Iron,2023-01-21T00:00,0.004,µg/m³,PM2.5,ICPMS
50308,QUÉBEC-VIEUX-LIMOILOU (DES SABLES),Iron,2023-01-24T00:00,0.006,µg/m³,PM2.5,ICPMS
50308,QUÉBEC-VIEUX-LIMOILOU (DES SABLES),Iron,2023-01-27T00:00,0.008,µg/m³,PM2.5,ICPMS
50308,QUÉBEC-VIEUX-LIMOILOU (DES SABLES),Iron,2023-01-30T00:00,0.005,µg/m³,PM2.5,ICPMS
50308,QUÉBEC-VIEUX-LIMOILOU (DES SABLES),Iron,2023-01-30T00:00,0.020,µg/m³,PM2.5,ICPMS
50308,QUÉBEC-VIEUX-LIMOILOU (DES SABLES),Iron,2023-02-02T00:00,0.026,µg/m³,PM2.5,ICPMS
50308,QUÉBEC-VIEUX-LIMOILOU (DES SABLES),Iron,2023-02-05T00:00,0.006,µg/m³,PM2.5,ICPMS
50308,QUÉBEC-VIEUX-LIMOILOU (DES SABLES),Iron,2023-02-05T00:00,0.036,µg/m³,PM2.5,ICPMS
50308,QUÉBEC-VIEUX-LIMOILOU (DES SABLES),Iron,2023-02-08T00:00,0.011,µg/m³,PM2.5,ICPMS
50308,QUÉBEC-VIEUX-LIMOILOU (DES SABLES),Iron,2023-02-11T00:00,0.035,µg/m³,PM2.5,ICPMS
50308,QUÉBEC-VIEUX-LIMOILOU (DES SABLES),Iron,2023-02-14T00:00,0.014,µg/m³,PM2.5,ICPMS
50308,QUÉBEC-VIEUX-LIMOILOU (DES SABLES),Iron,2023-02-17T00:00,0.001,µg/m³,PM2.5,ICPMS
50308,QUÉBEC-VIEUX-LIMOILOU (DES SABLES),Iron,2023-02-20T00:00,0.017,µg/m³,PM2.5,ICPMS
50308,QUÉBEC-VIEUX-LIMOILOU (DES SABLES),Iron,2023-02-23T00:00,0.002,µg/m³,PM2.5,ICPMS
50308,QUÉBEC-VIEUX-LIMOILOU (DES SABLES),Iron,2023-02-23T00:00,0.054,µg/m³,PM2.5,ICPMS
50308,QUÉBEC-VIEUX-LIMOILOU (DES SABLES),Iron,2023-03-01T00:00,0.013,µg/m³,PM2.5,ICPMS
50308,QUÉBEC-VIEUX-LIMOILOU (DES SABLES),Iron,2023-03-01T00:00,0.058,µg/m³,PM2.5,ICPMS
50308,QUÉBEC-VIEUX-LIMOILOU (DES SABLES),Iron,2023-03-04T00:00,0.003,µg/m³,PM2.5,ICPMS
50308,QUÉBEC-VIEUX-LIMOILOU (DES SABLES),Iron,2023-03-07T00:00,0.006,µg/m³,PM2.5,ICPMS
50308,QUÉBEC-VIEUX-LIMOILOU (DES SABLES),Iron,2023-03-07T00:00,0.038,µg/m³,PM2.5,ICPMS
50308,QUÉBEC-VIEUX-LIMOILOU (DES SABLES),Iron,2023-03-10T00:00,0.006,µg/m³,PM2.5,ICPMS
50308,QUÉBEC-VIEUX-LIMOILOU (DES SABLES),Iron,2023-03-13T00:00,0.004,µg/m³,PM2.5,ICPMS
50308,QUÉBEC-VIEUX-LIMOILOU (DES SABLES),Iron,2023-03-13T00:00,0.036,µg/m³,PM2.5,ICPMS
50308,QUÉBEC-VIEUX-LIMOILOU (DES SABLES),Iron,2023-03-16T00:00,0.009,µg/m³,PM2.5,ICPMS
50308,QUÉBEC-VIEUX-LIMOILOU (DES SABLES),Iron,2023-03-19T00:00,0.003,µg/m³,PM2.5,ICPMS
50308,QUÉBEC-VIEUX-LIMOILOU (DES SABLES),Iron,2023-03-22T00:00,0.005,µg/m³,PM2.5,ICPMS
50308,QUÉBEC-VIEUX-LIMOILOU (DES SABLES),Iron,2023-03-22T00:00,0.046,µg/m³,PM2.5,ICPMS
50308,QUÉBEC-VIEUX-LIMOILOU (DES SABLES),Iron,2023-03-25T00:00,0.004,µg/m³,PM2.5,ICPMS
50308,QUÉBEC-VIEUX-LIMOILOU (DES SABLES),Iron,2023-03-25T00:00,0.030,µg/m³,PM2.5,ICPMS
50308,QUÉBEC-VIEUX-LIMOILOU (DES SABLES),Iron,2023-03-28T00:00,0.008,µg/m³,PM2.5,ICPMS
50308,QUÉBEC-VIEUX-LIMOILOU (DES SABLES),Iron,2023-03-28T00:00,0.060,µg/m³,PM2.5,ICPMS
50308,QUÉBEC-VIEUX-LIMOILOU (DES SABLES),Iron,2023-03-31T00:00,0.005,µg/m³,PM2.5,ICPMS
50308,QUÉBEC-VIEUX-LIMOILOU (DES SABLES),Iron,2023-03-31T00:00,0.081,µg/m³,PM2.5,ICPMS
50308,QUÉBEC-VIEUX-LIMOILOU (DES SABLES),Iron,2023-04-03T00:00,0.130,µg/m³,PM2.5,ICPMS
50308,QUÉBEC-VIEUX-LIMOILOU (DES SABLES),Iron,2023-04-06T00:00,0.016,µg/m³,PM2.5,ICPMS
50308,QUÉBEC-VIEUX-LIMOILOU (DES SABLES),Iron,2023-04-06T00:00,0.069,µg/m³,PM2.5,ICPMS
50308,QUÉBEC-VIEUX-LIMOILOU (DES SABLES),Iron,2023-04-09T00:00,0.006,µg/m³,PM2.5,ICPMS
50308,QUÉBEC-VIEUX-LIMOILOU (DES SABLES),Iron,2023-04-09T00:00,0.033,µg/m³,PM2.5,ICPMS
50308,QUÉBEC-VIEUX-LIMOILOU (DES SABLES),Iron,2023-04-12T00:00,0.008,µg/m³,PM2.5,ICPMS
50308,QUÉBEC-VIEUX-LIMOILOU (DES SABLES),Iron,2023-04-12T00:00,0.044,µg/m³,PM2.5,ICPMS
50308,QUÉBEC-VIEUX-LIMOILOU (DES SABLES),Iron,2023-04-15T00:00,0.005,µg/m³,PM2.5,ICPMS
50308,QUÉBEC-VIEUX-LIMOILOU (DES SABLES),Iron,2023-04-15T00:00,0.034,µg/m³,PM2.5,ICPMS
50308,QUÉBEC-VIEUX-LIMOILOU (DES SABLES),Iron,2023-04-18T00:00,0.010,µg/m³,PM2.5,ICPMS
50308,QUÉBEC-VIEUX-LIMOILOU (DES SABLES),Iron,2023-04-18T00:00,0.059,µg/m³,PM2.5,ICPMS
50308,QUÉBEC-VIEUX-LIMOILOU (DES SABLES),Iron,2023-04-21T00:00,0.005,µg/m³,PM2.5,ICPMS
50308,QUÉBEC-VIEUX-LIMOILOU (DES SABLES),Iron,2023-04-21T00:00,0.059,µg/m³,PM2.5,ICPMS
50308,QUÉBEC-VIEUX-LIMOILOU (DES SABLES),Iron,2023-04-24T00:00,0.005,µg/m³,PM2.5,ICPMS
50308,QUÉBEC-VIEUX-LIMOILOU (DES SABLES),Iron,2023-04-24T00:00,0.041,µg/m³,PM2.5,ICPMS
50308,QUÉBEC-VIEUX-LIMOILOU (DES SABLES),Iron,2023-04-27T00:00,0.016,µg/m³,PM2.5,ICPMS
50308,QUÉBEC-VIEUX-LIMOILOU (DES SABLES),Iron,2023-04-27T00:00,0.076,µg/m³,PM2.5,ICPMS
50308,QUÉBEC-VIEUX-LIMOILOU (DES SABLES),Iron,2023-04-30T00:00,0.004,µg/m³,PM2.5,ICPMS
50308,QUÉBEC-VIEUX-LIMOILOU (DES SABLES),Iron,2023-04-30T00:00,0.037,µg/m³,PM2.5,ICPMS
50308,QUÉBEC-VIEUX-LIMOILOU (DES SABLES),Iron,2023-05-02T00:00,0.004,µg/m³,PM2.5,ICPMS
50308,QUÉBEC-VIEUX-LIMOILOU (DES SABLES),Iron,2023-05-03T00:00,0.044,µg/m³,PM2.5,ICPMS
50308,QUÉBEC-VIEUX-LIMOILOU (DES SABLES),Iron,2023-05-06T00:00,0.005,µg/m³,PM2.5,ICPMS
50308,QUÉBEC-VIEUX-LIMOILOU (DES SABLES),Iron,2023-05-06T00:00,0.028,µg/m³,PM2.5,ICPMS
50308,QUÉBEC-VIEUX-LIMOILOU (DES SABLES),Iron,2023-05-09T00:00,0.010,µg/m³,PM2.5,ICPMS
50308,QUÉBEC-VIEUX-LIMOILOU (DES SABLES),Iron,2023-05-09T00:00,0.048,µg/m³,PM2.5,ICPMS
50308,QUÉBEC-VIEUX-LIMOILOU (DES SABLES),Iron,2023-05-12T00:00,0.013,µg/m³,PM2.5,ICPMS
50308,QUÉBEC-VIEUX-LIMOILOU (DES SABLES),Iron,2023-05-12T00:00,0.073,µg/m³,PM2.5,ICPMS
50308,QUÉBEC-VIEUX-LIMOILOU (DES SABLES),Iron,2023-05-15T00:00,0.015,µg/m³,PM2.5,ICPMS
50308,QUÉBEC-VIEUX-LIMOILOU (DES SABLES),Iron,2023-05-15T00:00,0.077,µg/m³,PM2.5,ICPMS
50308,QUÉBEC-VIEUX-LIMOILOU (DES SABLES),Iron,2023-05-18T00:00,0.005,µg/m³,PM2.5,ICPMS
50308,QUÉBEC-VIEUX-LIMOILOU (DES SABLES),Iron,2023-05-18T00:00,0.044,µg/m³,PM2.5,ICPMS
50308,QUÉBEC-VIEUX-LIMOILOU (DES SABLES),Iron,2023-05-21T00:00,0.007,µg/m³,PM2.5,ICPMS
50308,QUÉBEC-VIEUX-LIMOILOU (DES SABLES),Iron,2023-05-21T00:00,0.044,µg/m³,PM2.5,ICPMS
50308,QUÉBEC-VIEUX-LIMOILOU (DES SABLES),Iron,2023-05-24T00:00,0.010,µg/m³,PM2.5,ICPMS
50308,QUÉBEC-VIEUX-LIMOILOU (DES SABLES),Iron,2023-05-24T00:00,0.070,µg/m³,PM2.5,ICPMS
50308,QUÉBEC-VIEUX-LIMOILOU (DES SABLES),Iron,2023-05-27T00:00,0.009,µg/m³,PM2.5,ICPMS
50308,QUÉBEC-VIEUX-LIMOILOU (DES SABLES),Iron,2023-05-27T00:00,0.047,µg/m³,PM2.5,ICPMS
50308,QUÉBEC-VIEUX-LIMOILOU (DES SABLES),Iron,2023-05-30T00:00,0.015,µg/m³,PM2.5,ICPMS
50308,QUÉBEC-VIEUX-LIMOILOU (DES SABLES),Iron,2023-05-30T00:00,0.066,µg/m³,PM2.5,ICPMS
50308,QUÉBEC-VIEUX-LIMOILOU (DES SABLES),Iron,2023-06-02T00:00,0.013,µg/m³,PM2.5,ICPMS
50308,QUÉBEC-VIEUX-LIMOILOU (DES SABLES),Iron,2023-06-02T00:00,0.045,µg/m³,PM2.5,ICPMS
50308,QUÉBEC-VIEUX-LIMOILOU (DES SABLES),Iron,2023-06-05T00:00,0.004,µg/m³,PM2.5,ICPMS
50308,QUÉBEC-VIEUX-LIMOILOU (DES SABLES),Iron,2023-06-05T00:00,0.041,µg/m³,PM2.5,ICPMS
50308,QUÉBEC-VIEUX-LIMOILOU (DES SABLES),Iron,2023-06-08T00:00,0.001,µg/m³,PM2.5,ICPMS
50308,QUÉBEC-VIEUX-LIMOILOU (DES SABLES),Iron,2023-06-08T00:00,0.025,µg/m³,PM2.5,ICPMS
50308,QUÉBEC-VIEUX-LIMOILOU (DES SABLES),Iron,2023-06-11T00:00,0.001,µg/m³,PM2.5,ICPMS
50308,QUÉBEC-VIEUX-LIMOILOU (DES SABLES),Iron,2023-06-11T00:00,0.041,µg/m³,PM2.5,ICPMS
50308,QUÉBEC-VIEUX-LIMOILOU (DES SABLES),Iron,2023-06-14T00:00,0.018,µg/m³,PM2.5,ICPMS
50308,QUÉBEC-VIEUX-LIMOILOU (DES SABLES),Iron,2023-06-17T00:00,0.002,µg/m³,PM2.5,ICPMS
50308,QUÉBEC-VIEUX-LIMOILOU (DES SABLES),Iron,2023-06-23T00:00,0.016,µg/m³,PM2.5,ICPMS
50308,QUÉBEC-VIEUX-LIMOILOU (DES SABLES),Iron,2023-06-23T00:00,0.037,µg/m³,PM2.5,ICPMS
50308,QUÉBEC-VIEUX-LIMOILOU (DES SABLES),Iron,2023-06-26T00:00,0.007,µg/m³,PM2.5,ICPMS
50308,QUÉBEC-VIEUX-LIMOILOU (DES SABLES),Iron,2023-06-26T00:00,0.099,µg/m³,PM2.5,ICPMS
50308,QUÉBEC-VIEUX-LIMOILOU (DES SABLES),Iron,2023-06-29T00:00,0.020,µg/m³,PM2.5,ICPMS
50308,QUÉBEC-VIEUX-LIMOILOU (DES SABLES),Iron,2023-06-29T00:00,0.054,µg/m³,PM2.5,ICPMS
50308,QUÉBEC-VIEUX-LIMOILOU (DES SABLES),Iron,2023-07-02T00:00,0.020,µg/m³,PM2.5,ICPMS
50308,QUÉBEC-VIEUX-LIMOILOU (DES SABLES),Iron,2023-07-02T00:00,0.037,µg/m³,PM2.5,ICPMS
50308,QUÉBEC-VIEUX-LIMOILOU (DES SABLES),Iron,2023-07-05T00:00,0.033,µg/m³,PM2.5,ICPMS
50308,QUÉBEC-VIEUX-LIMOILOU (DES SABLES),Iron,2023-07-05T00:00,0.055,µg/m³,PM2.5,ICPMS
50308,QUÉBEC-VIEUX-LIMOILOU (DES SABLES),Iron,2023-07-08T00:00,0.011,µg/m³,PM2.5,ICPMS
50308,QUÉBEC-VIEUX-LIMOILOU (DES SABLES),Iron,2023-07-08T00:00,0.030,µg/m³,PM2.5,ICPMS
50308,QUÉBEC-VIEUX-LIMOILOU (DES SABLES),Iron,2023-07-11T00:00,0.013,µg/m³,PM2.5,ICPMS
50308,QUÉBEC-VIEUX-LIMOILOU (DES SABLES),Iron,2023-07-11T00:00,0.037,µg/m³,PM2.5,ICPMS
50308,QUÉBEC-VIEUX-LIMOILOU (DES SABLES),Iron,2023-07-14T00:00,0.013,µg/m³,PM2.5,ICPMS
50308,QUÉBEC-VIEUX-LIMOILOU (DES SABLES),Iron,2023-07-14T00:00,0.039,µg/m³,PM2.5,ICPMS
50308,QUÉBEC-VIEUX-LIMOILOU (DES SABLES),Iron,2023-07-17T00:00,0.029,µg/m³,PM2.5,ICPMS
50308,QUÉBEC-VIEUX-LIMOILOU (DES SABLES),Iron,2023-07-20T00:00,0.005,µg/m³,PM2.5,ICPMS
50308,QUÉBEC-VIEUX-LIMOILOU (DES SABLES),Iron,2023-07-23T00:00,0.009,µg/m³,PM2.5,ICPMS
50308,QUÉBEC-VIEUX-LIMOILOU (DES SABLES),Iron,2023-07-23T00:00,0.031,µg/m³,PM2.5,ICPMS
50308,QUÉBEC-VIEUX-LIMOILOU (DES SABLES),Iron,2023-07-26T00:00,0.023,µg/m³,PM2.5,ICPMS
50308,QUÉBEC-VIEUX-LIMOILOU (DES SABLES),Iron,2023-07-26T00:00,0.025,µg/m³,PM2.5,ICPMS
50308,QUÉBEC-VIEUX-LIMOILOU (DES SABLES),Iron,2023-07-29T00:00,0.002,µg/m³,PM2.5,ICPMS
50308,QUÉBEC-VIEUX-LIMOILOU (DES SABLES),Iron,2023-07-29T00:00,0.041,µg/m³,PM2.5,ICPMS
50308,QUÉBEC-VIEUX-LIMOILOU (DES SABLES),Iron,2023-08-01T00:00,0.004,µg/m³,PM2.5,ICPMS
50308,QUÉBEC-VIEUX-LIMOILOU (DES SABLES),Iron,2023-08-01T00:00,0.020,µg/m³,PM2.5,ICPMS
50308,QUÉBEC-VIEUX-LIMOILOU (DES SABLES),Iron,2023-08-04T00:00,0.012,µg/m³,PM2.5,ICPMS
50308,QUÉBEC-VIEUX-LIMOILOU (DES SABLES),Iron,2023-08-04T00:00,0.018,µg/m³,PM2.5,ICPMS
50308,QUÉBEC-VIEUX-LIMOILOU (DES SABLES),Iron,2023-08-07T00:00,0.006,µg/m³,PM2.5,ICPMS
50308,QUÉBEC-VIEUX-LIMOILOU (DES SABLES),Iron,2023-08-07T00:00,0.041,µg/m³,PM2.5,ICPMS
50308,QUÉBEC-VIEUX-LIMOILOU (DES SABLES),Iron,2023-08-10T00:00,0.025,µg/m³,PM2.5,ICPMS
50308,QUÉBEC-VIEUX-LIMOILOU (DES SABLES),Iron,2023-08-10T00:00,0.039,µg/m³,PM2.5,ICPMS
50308,QUÉBEC-VIEUX-LIMOILOU (DES SABLES),Iron,2023-08-13T00:00,0.009,µg/m³,PM2.5,ICPMS
50308,QUÉBEC-VIEUX-LIMOILOU (DES SABLES),Iron,2023-08-13T00:00,0.075,µg/m³,PM2.5,ICPMS
50308,QUÉBEC-VIEUX-LIMOILOU (DES SABLES),Iron,2023-08-16T00:00,0.007,µg/m³,PM2.5,ICPMS
50308,QUÉBEC-VIEUX-LIMOILOU (DES SABLES),Iron,2023-08-16T00:00,0.026,µg/m³,PM2.5,ICPMS
50308,QUÉBEC-VIEUX-LIMOILOU (DES SABLES),Iron,2023-08-19T00:00,0.003,µg/m³,PM2.5,ICPMS
50308,QUÉBEC-VIEUX-LIMOILOU (DES SABLES),Iron,2023-08-19T00:00,0.041,µg/m³,PM2.5,ICPMS
50308,QUÉBEC-VIEUX-LIMOILOU (DES SABLES),Iron,2023-08-22T00:00,0.010,µg/m³,PM2.5,ICPMS
50308,QUÉBEC-VIEUX-LIMOILOU (DES SABLES),Iron,2023-08-22T00:00,0.013,µg/m³,PM2.5,ICPMS
50308,QUÉBEC-VIEUX-LIMOILOU (DES SABLES),Iron,2023-08-25T00:00,0.005,µg/m³,PM2.5,ICPMS
50308,QUÉBEC-VIEUX-LIMOILOU (DES SABLES),Iron,2023-08-25T00:00,0.025,µg/m³,PM2.5,ICPMS
50308,QUÉBEC-VIEUX-LIMOILOU (DES SABLES),Iron,2023-08-28T00:00,0.022,µg/m³,PM2.5,ICPMS
50308,QUÉBEC-VIEUX-LIMOILOU (DES SABLES),Iron,2023-08-28T00:00,0.100,µg/m³,PM2.5,ICPMS
50308,QUÉBEC-VIEUX-LIMOILOU (DES SABLES),Iron,2023-08-31T00:00,0.012,µg/m³,PM2.5,ICPMS
50308,QUÉBEC-VIEUX-LIMOILOU (DES SABLES),Iron,2023-08-31T00:00,0.066,µg/m³,PM2.5,ICPMS
50308,QUÉBEC-VIEUX-LIMOILOU (DES SABLES),Iron,2023-09-03T00:00,0.022,µg/m³,PM2.5,ICPMS
50308,QUÉBEC-VIEUX-LIMOILOU (DES SABLES),Iron,2023-09-03T00:00,0.044,µg/m³,PM2.5,ICPMS
50308,QUÉBEC-VIEUX-LIMOILOU (DES SABLES),Iron,2023-09-06T00:00,0.051,µg/m³,PM2.5,ICPMS
50308,QUÉBEC-VIEUX-LIMOILOU (DES SABLES),Iron,2023-09-06T00:00,0.234,µg/m³,PM2.5,ICPMS
50308,QUÉBEC-VIEUX-LIMOILOU (DES SABLES),Iron,2023-09-09T00:00,0.004,µg/m³,PM2.5,ICPMS
50308,QUÉBEC-VIEUX-LIMOILOU (DES SABLES),Iron,2023-09-09T00:00,0.018,µg/m³,PM2.5,ICPMS
50308,QUÉBEC-VIEUX-LIMOILOU (DES SABLES),Iron,2023-09-12T00:00,0.059,µg/m³,PM2.5,ICPMS
50308,QUÉBEC-VIEUX-LIMOILOU (DES SABLES),Iron,2023-09-15T00:00,0.011,µg/m³,PM2.5,ICPMS
50308,QUÉBEC-VIEUX-LIMOILOU (DES SABLES),Iron,2023-09-15T00:00,0.030,µg/m³,PM2.5,ICPMS
50308,QUÉBEC-VIEUX-LIMOILOU (DES SABLES),Iron,2023-09-18T00:00,0.022,µg/m³,PM2.5,ICPMS
50308,QUÉBEC-VIEUX-LIMOILOU (DES SABLES),Iron,2023-09-21T00:00,0.124,µg/m³,PM2.5,ICPMS
50308,QUÉBEC-VIEUX-LIMOILOU (DES SABLES),Iron,2023-09-24T00:00,0.028,µg/m³,PM2.5,ICPMS
50308,QUÉBEC-VIEUX-LIMOILOU (DES SABLES),Iron,2023-09-27T00:00,0.244,µg/m³,PM2.5,ICPMS
50308,QUÉBEC-VIEUX-LIMOILOU (DES SABLES),Iron,2023-09-30T00:00,0.085,µg/m³,PM2.5,ICPMS
50308,QUÉBEC-VIEUX-LIMOILOU (DES SABLES),Iron,2023-10-03T00:00,0.112,µg/m³,PM2.5,ICPMS
50308,QUÉBEC-VIEUX-LIMOILOU (DES SABLES),Iron,2023-10-06T00:00,0.104,µg/m³,PM2.5,ICPMS
50308,QUÉBEC-VIEUX-LIMOILOU (DES SABLES),Iron,2023-10-09T00:00,0.004,µg/m³,PM2.5,ICPMS
50308,QUÉBEC-VIEUX-LIMOILOU (DES SABLES),Iron,2023-10-09T00:00,0.026,µg/m³,PM2.5,ICPMS
50308,QUÉBEC-VIEUX-LIMOILOU (DES SABLES),Iron,2023-10-12T00:00,0.015,µg/m³,PM2.5,ICPMS
50308,QUÉBEC-VIEUX-LIMOILOU (DES SABLES),Iron,2023-10-15T00:00,0.003,µg/m³,PM2.5,ICPMS
50308,QUÉBEC-VIEUX-LIMOILOU (DES SABLES),Iron,2023-10-15T00:00,0.020,µg/m³,PM2.5,ICPMS
50308,QUÉBEC-VIEUX-LIMOILOU (DES SABLES),Iron,2023-10-18T00:00,0.032,µg/m³,PM2.5,ICPMS
50308,QUÉBEC-VIEUX-LIMOILOU (DES SABLES),Iron,2023-10-18T00:00,0.139,µg/m³,PM2.5,ICPMS
50308,QUÉBEC-VIEUX-LIMOILOU (DES SABLES),Iron,2023-10-21T00:00,0.003,µg/m³,PM2.5,ICPMS
50308,QUÉBEC-VIEUX-LIMOILOU (DES SABLES),Iron,2023-10-21T00:00,0.014,µg/m³,PM2.5,ICPMS
50308,QUÉBEC-VIEUX-LIMOILOU (DES SABLES),Iron,2023-10-24T00:00,0.020,µg/m³,PM2.5,ICPMS
50308,QUÉBEC-VIEUX-LIMOILOU (DES SABLES),Iron,2023-10-24T00:00,0.124,µg/m³,PM2.5,ICPMS
50308,QUÉBEC-VIEUX-LIMOILOU (DES SABLES),Iron,2023-10-27T00:00,0.003,µg/m³,PM2.5,ICPMS
50308,QUÉBEC-VIEUX-LIMOILOU (DES SABLES),Iron,2023-10-27T00:00,0.018,µg/m³,PM2.5,ICPMS
50308,QUÉBEC-VIEUX-LIMOILOU (DES SABLES),Iron,2023-10-30T00:00,0.011,µg/m³,PM2.5,ICPMS
50308,QUÉBEC-VIEUX-LIMOILOU (DES SABLES),Iron,2023-10-30T00:00,0.038,µg/m³,PM2.5,ICPMS
50308,QUÉBEC-VIEUX-LIMOILOU (DES SABLES),Iron,2023-11-02T00:00,0.047,µg/m³,PM2.5,ICPMS
50308,QUÉBEC-VIEUX-LIMOILOU (DES SABLES),Iron,2023-11-05T00:00,0.003,µg/m³,PM2.5,ICPMS
50308,QUÉBEC-VIEUX-LIMOILOU (DES SABLES),Iron,2023-11-05T00:00,0.018,µg/m³,PM2.5,ICPMS
50308,QUÉBEC-VIEUX-LIMOILOU (DES SABLES),Iron,2023-11-11T00:00,0.004,µg/m³,PM2.5,ICPMS
50308,QUÉBEC-VIEUX-LIMOILOU (DES SABLES),Iron,2023-11-11T00:00,0.014,µg/m³,PM2.5,ICPMS
50308,QUÉBEC-VIEUX-LIMOILOU (DES SABLES),Iron,2023-11-14T00:00,0.059,µg/m³,PM2.5,ICPMS
50308,QUÉBEC-VIEUX-LIMOILOU (DES SABLES),Iron,2023-11-20T00:00,0.001,µg/m³,PM2.5,ICPMS
50308,QUÉBEC-VIEUX-LIMOILOU (DES SABLES),Iron,2023-11-23T00:00,0.009,µg/m³,PM2.5,ICPMS
50308,QUÉBEC-VIEUX-LIMOILOU (DES SABLES),Iron,2023-11-26T00:00,0.000,µg/m³,PM2.5,ICPMS
50308,QUÉBEC-VIEUX-LIMOILOU (DES SABLES),Iron,2023-12-08T00:00,0.066,µg/m³,PM2.5,ICPMS
50308,QUÉBEC-VIEUX-LIMOILOU (DES SABLES),Iron,2023-12-11T00:00,0.040,µg/m³,PM2.5,ICPMS
50308,QUÉBEC-VIEUX-LIMOILOU (DES SABLES),Iron,2023-12-14T00:00,0.010,µg/m³,PM2.5,ICPMS
50308,QUÉBEC-VIEUX-LIMOILOU (DES SABLES),Iron,2023-12-14T00:00,0.103,µg/m³,PM2.5,ICPMS
50308,QUÉBEC-VIEUX-LIMOILOU (DES SABLES),Iron,2023-12-17T00:00,0.037,µg/m³,PM2.5,ICPMS
50308,QUÉBEC-VIEUX-LIMOILOU (DES SABLES),Iron,2023-12-20T00:00,0.060,µg/m³,PM2.5,ICPMS
50308,QUÉBEC-VIEUX-LIMOILOU (DES SABLES),Iron,2023-12-23T00:00,0.052,µg/m³,PM2.5,ICPMS
50308,QUÉBEC-VIEUX-LIMOILOU (DES SABLES),Iron,2023-12-26T00:00,0.085,µg/m³,PM2.5,ICPMS
50308,QUÉBEC-VIEUX-LIMOILOU (DES SABLES),Iron,2023-12-29T00:00,0.031,µg/m³,PM2.5,ICPMS
50308,QUÉBEC-VIEUX-LIMOILOU (DES SABLES),Iron,2023-01-06T00:00,0.253,µg/m³,PM2.5-10,ED-XRF
50308,QUÉBEC-VIEUX-LIMOILOU (DES SABLES),Iron,2023-01-12T00:00,0.037,µg/m³,PM2.5-10,ED-XRF
50308,QUÉBEC-VIEUX-LIMOILOU (DES SABLES),Iron,2023-01-18T00:00,0.102,µg/m³,PM2.5-10,ED-XRF
50308,QUÉBEC-VIEUX-LIMOILOU (DES SABLES),Iron,2023-01-30T00:00,0.035,µg/m³,PM2.5-10,ED-XRF
50308,QUÉBEC-VIEUX-LIMOILOU (DES SABLES),Iron,2023-02-05T00:00,0.046,µg/m³,PM2.5-10,ED-XRF
50308,QUÉBEC-VIEUX-LIMOILOU (DES SABLES),Iron,2023-02-11T00:00,0.041,µg/m³,PM2.5-10,ED-XRF
50308,QUÉBEC-VIEUX-LIMOILOU (DES SABLES),Iron,2023-02-23T00:00,0.082,µg/m³,PM2.5-10,ED-XRF
50308,QUÉBEC-VIEUX-LIMOILOU (DES SABLES),Iron,2023-03-01T00:00,0.094,µg/m³,PM2.5-10,ED-XRF
50308,QUÉBEC-VIEUX-LIMOILOU (DES SABLES),Iron,2023-03-07T00:00,0.064,µg/m³,PM2.5-10,ED-XRF
50308,QUÉBEC-VIEUX-LIMOILOU (DES SABLES),Iron,2023-03-13T00:00,0.107,µg/m³,PM2.5-10,ED-XRF
