﻿NAPS_Site_ID,Station_Name,Pollutant,Date,Value,Units,Report_Type,Method
30118,VOGUE BUILDING,Chloromethane,1993-01-01T00:00,0.849,µg/m³,VOC,N/A
30118,VOGUE BUILDING,Chloromethane,1993-01-07T00:00,0.909,µg/m³,VOC,N/A
30118,VOGUE BUILDING,Chloromethane,1993-01-13T00:00,0.931,µg/m³,VOC,N/A
30118,VOGUE BUILDING,Chloromethane,1993-01-19T00:00,0.950,µg/m³,VOC,N/A
30118,VOGUE BUILDING,Chloromethane,1993-02-06T00:00,0.915,µg/m³,VOC,N/A
30118,VOGUE BUILDING,Chloromethane,1993-02-12T00:00,0.885,µg/m³,VOC,N/A
30118,VOGUE BUILDING,Chloromethane,1993-02-24T00:00,1.127,µg/m³,VOC,N/A
30118,VOGUE BUILDING,Chloromethane,1993-03-02T00:00,1.169,µg/m³,VOC,N/A
30118,VOGUE BUILDING,Chloromethane,1993-03-08T00:00,1.127,µg/m³,VOC,N/A
30118,VOGUE BUILDING,Chloromethane,1993-03-14T00:00,1.246,µg/m³,VOC,N/A
30118,VOGUE BUILDING,Chloromethane,1993-03-20T00:00,1.156,µg/m³,VOC,N/A
30118,VOGUE BUILDING,Chloromethane,1993-03-26T00:00,1.205,µg/m³,VOC,N/A
30118,VOGUE BUILDING,Chloromethane,1993-04-01T00:00,1.095,µg/m³,VOC,N/A
30118,VOGUE BUILDING,Chloromethane,1993-04-07T00:00,1.165,µg/m³,VOC,N/A
30118,VOGUE BUILDING,Chloromethane,1993-04-13T00:00,1.108,µg/m³,VOC,N/A
30118,VOGUE BUILDING,Chloromethane,1993-04-19T00:00,1.218,µg/m³,VOC,N/A
30118,VOGUE BUILDING,Chloromethane,1993-04-25T00:00,1.181,µg/m³,VOC,N/A
30118,VOGUE BUILDING,Chloromethane,1993-05-01T00:00,1.277,µg/m³,VOC,N/A
30118,VOGUE BUILDING,Chloromethane,1993-05-07T00:00,1.268,µg/m³,VOC,N/A
30118,VOGUE BUILDING,Chloromethane,1993-05-13T00:00,1.181,µg/m³,VOC,N/A
30118,VOGUE BUILDING,Chloromethane,1993-05-19T00:00,1.078,µg/m³,VOC,N/A
30118,VOGUE BUILDING,Chloromethane,1993-05-25T00:00,1.097,µg/m³,VOC,N/A
30118,VOGUE BUILDING,Chloromethane,1993-05-31T00:00,1.150,µg/m³,VOC,N/A
30118,VOGUE BUILDING,Chloromethane,1993-06-06T00:00,1.003,µg/m³,VOC,N/A
30118,VOGUE BUILDING,Chloromethane,1993-06-12T00:00,0.932,µg/m³,VOC,N/A
30118,VOGUE BUILDING,Chloromethane,1993-06-18T00:00,1.760,µg/m³,VOC,N/A
30118,VOGUE BUILDING,Chloromethane,1993-06-24T00:00,0.940,µg/m³,VOC,N/A
30118,VOGUE BUILDING,Chloromethane,1993-06-30T00:00,1.252,µg/m³,VOC,N/A
30118,VOGUE BUILDING,Chloromethane,1993-07-06T00:00,0.981,µg/m³,VOC,N/A
30118,VOGUE BUILDING,Chloromethane,1993-07-12T00:00,1.113,µg/m³,VOC,N/A
30118,VOGUE BUILDING,Chloromethane,1993-07-18T00:00,1.793,µg/m³,VOC,N/A
30118,VOGUE BUILDING,Chloromethane,1993-07-24T00:00,1.167,µg/m³,VOC,N/A
30118,VOGUE BUILDING,Chloromethane,1993-07-30T00:00,1.132,µg/m³,VOC,N/A
30118,VOGUE BUILDING,Chloromethane,1993-08-05T00:00,1.140,µg/m³,VOC,N/A
30118,VOGUE BUILDING,Chloromethane,1993-08-11T00:00,1.010,µg/m³,VOC,N/A
30118,VOGUE BUILDING,Chloromethane,1993-08-17T00:00,0.997,µg/m³,VOC,N/A
30118,VOGUE BUILDING,Chloromethane,1993-08-23T00:00,0.986,µg/m³,VOC,N/A
30118,VOGUE BUILDING,Chloromethane,1993-08-29T00:00,1.077,µg/m³,VOC,N/A
30118,VOGUE BUILDING,Chloromethane,1993-09-28T00:00,1.091,µg/m³,VOC,N/A
30118,VOGUE BUILDING,Chloromethane,1993-10-04T00:00,1.004,µg/m³,VOC,N/A
30118,VOGUE BUILDING,Chloromethane,1993-10-10T00:00,0.943,µg/m³,VOC,N/A
30118,VOGUE BUILDING,Chloromethane,1993-10-28T00:00,1.059,µg/m³,VOC,N/A
30118,VOGUE BUILDING,Chloromethane,1993-11-03T00:00,1.033,µg/m³,VOC,N/A
30118,VOGUE BUILDING,Chloromethane,1993-11-09T00:00,0.970,µg/m³,VOC,N/A
30118,VOGUE BUILDING,Chloromethane,1993-11-15T00:00,1.045,µg/m³,VOC,N/A
30118,VOGUE BUILDING,Chloromethane,1993-11-28T00:00,0.885,µg/m³,VOC,N/A
30118,VOGUE BUILDING,Chloromethane,1993-12-03T00:00,0.961,µg/m³,VOC,N/A
30118,VOGUE BUILDING,Chloromethane,1993-12-09T00:00,0.975,µg/m³,VOC,N/A
30118,VOGUE BUILDING,Chloromethane,1993-12-15T00:00,1.064,µg/m³,VOC,N/A
30118,VOGUE BUILDING,Chloromethane,1993-12-21T00:00,1.125,µg/m³,VOC,N/A
30118,VOGUE BUILDING,Chloromethane,1993-12-27T00:00,0.996,µg/m³,VOC,N/A
