﻿NAPS_Site_ID,Station_Name,Pollutant,Date,Value,Units,Report_Type,Method
100134,VANCOUVER INTL. AIRPORT,"cis-1,3-Dimethylcyclohexane",2013-01-04T00:00,0.073,µg/m³,VOC,GC-MS
100134,VANCOUVER INTL. AIRPORT,"cis-1,3-Dimethylcyclohexane",2013-01-16T00:00,0.145,µg/m³,VOC,GC-MS
100134,VANCOUVER INTL. AIRPORT,"cis-1,3-Dimethylcyclohexane",2013-01-28T00:00,0.026,µg/m³,VOC,GC-MS
100134,VANCOUVER INTL. AIRPORT,"cis-1,3-Dimethylcyclohexane",2013-02-09T00:00,0.063,µg/m³,VOC,GC-MS
100134,VANCOUVER INTL. AIRPORT,"cis-1,3-Dimethylcyclohexane",2013-03-05T00:00,0.088,µg/m³,VOC,GC-MS
100134,VANCOUVER INTL. AIRPORT,"cis-1,3-Dimethylcyclohexane",2013-03-17T00:00,0.012,µg/m³,VOC,GC-MS
100134,VANCOUVER INTL. AIRPORT,"cis-1,3-Dimethylcyclohexane",2013-03-29T00:00,0.107,µg/m³,VOC,GC-MS
100134,VANCOUVER INTL. AIRPORT,"cis-1,3-Dimethylcyclohexane",2013-04-10T00:00,0.019,µg/m³,VOC,GC-MS
100134,VANCOUVER INTL. AIRPORT,"cis-1,3-Dimethylcyclohexane",2013-04-22T00:00,0.060,µg/m³,VOC,GC-MS
100134,VANCOUVER INTL. AIRPORT,"cis-1,3-Dimethylcyclohexane",2013-05-04T00:00,0.026,µg/m³,VOC,GC-MS
100134,VANCOUVER INTL. AIRPORT,"cis-1,3-Dimethylcyclohexane",2013-05-28T00:00,0.025,µg/m³,VOC,GC-MS
100134,VANCOUVER INTL. AIRPORT,"cis-1,3-Dimethylcyclohexane",2013-06-09T00:00,0.047,µg/m³,VOC,GC-MS
100134,VANCOUVER INTL. AIRPORT,"cis-1,3-Dimethylcyclohexane",2013-06-21T00:00,0.021,µg/m³,VOC,GC-MS
100134,VANCOUVER INTL. AIRPORT,"cis-1,3-Dimethylcyclohexane",2013-07-03T00:00,0.049,µg/m³,VOC,GC-MS
100134,VANCOUVER INTL. AIRPORT,"cis-1,3-Dimethylcyclohexane",2013-07-15T00:00,0.031,µg/m³,VOC,GC-MS
100134,VANCOUVER INTL. AIRPORT,"cis-1,3-Dimethylcyclohexane",2013-07-27T00:00,0.026,µg/m³,VOC,GC-MS
100134,VANCOUVER INTL. AIRPORT,"cis-1,3-Dimethylcyclohexane",2013-07-27T00:00,0.027,µg/m³,VOC,GC-MS
100134,VANCOUVER INTL. AIRPORT,"cis-1,3-Dimethylcyclohexane",2013-09-01T00:00,0.073,µg/m³,VOC,GC-MS
100134,VANCOUVER INTL. AIRPORT,"cis-1,3-Dimethylcyclohexane",2013-09-13T00:00,0.033,µg/m³,VOC,GC-MS
100134,VANCOUVER INTL. AIRPORT,"cis-1,3-Dimethylcyclohexane",2013-09-25T00:00,0.058,µg/m³,VOC,GC-MS
100134,VANCOUVER INTL. AIRPORT,"cis-1,3-Dimethylcyclohexane",2013-10-07T00:00,0.013,µg/m³,VOC,GC-MS
100134,VANCOUVER INTL. AIRPORT,"cis-1,3-Dimethylcyclohexane",2013-10-31T00:00,0.046,µg/m³,VOC,GC-MS
100134,VANCOUVER INTL. AIRPORT,"cis-1,3-Dimethylcyclohexane",2013-11-12T00:00,0.041,µg/m³,VOC,GC-MS
100134,VANCOUVER INTL. AIRPORT,"cis-1,3-Dimethylcyclohexane",2013-11-24T00:00,0.161,µg/m³,VOC,GC-MS
100134,VANCOUVER INTL. AIRPORT,"cis-1,3-Dimethylcyclohexane",2013-12-06T00:00,0.018,µg/m³,VOC,GC-MS
100134,VANCOUVER INTL. AIRPORT,"cis-1,3-Dimethylcyclohexane",2013-12-18T00:00,0.048,µg/m³,VOC,GC-MS
100134,VANCOUVER INTL. AIRPORT,"cis-1,3-Dimethylcyclohexane",2013-12-30T00:00,0.060,µg/m³,VOC,GC-MS
