﻿NAPS_Site_ID,Station_Name,Pollutant,Date,Value,Units,Report_Type,Method
60204,WINDSOR DOWNTOWN,Benzo(b)&(k)Fluoranthene,1995-01-09T00:00,0.002,µg/m³,PAH,
60204,WINDSOR DOWNTOWN,Benzo(b)&(k)Fluoranthene,1995-02-02T00:00,0.001,µg/m³,PAH,
60204,WINDSOR DOWNTOWN,Benzo(b)&(k)Fluoranthene,1995-02-14T00:00,0.003,µg/m³,PAH,
60204,WINDSOR DOWNTOWN,Benzo(b)&(k)Fluoranthene,1995-02-26T00:00,0.001,µg/m³,PAH,
60204,WINDSOR DOWNTOWN,Benzo(b)&(k)Fluoranthene,1995-03-10T00:00,0.001,µg/m³,PAH,
60204,WINDSOR DOWNTOWN,Benzo(b)&(k)Fluoranthene,1995-03-22T00:00,0.001,µg/m³,PAH,
60204,WINDSOR DOWNTOWN,Benzo(b)&(k)Fluoranthene,1995-04-03T00:00,0.001,µg/m³,PAH,
60204,WINDSOR DOWNTOWN,Benzo(b)&(k)Fluoranthene,1995-04-15T00:00,0.001,µg/m³,PAH,
