﻿NAPS_Site_ID,Station_Name,Pollutant,Date,Value,Units,Report_Type,Method
100137,BURNABY NORTH,3-Methylpentane,2012-01-04T00:00,0.682,µg/m³,VOC,
100137,BURNABY NORTH,3-Methylpentane,2012-01-16T00:00,1.514,µg/m³,VOC,
100137,BURNABY NORTH,3-Methylpentane,2012-01-22T00:00,0.749,µg/m³,VOC,
100137,BURNABY NORTH,3-Methylpentane,2012-01-28T00:00,0.902,µg/m³,VOC,
100137,BURNABY NORTH,3-Methylpentane,2012-02-03T00:00,2.533,µg/m³,VOC,
100137,BURNABY NORTH,3-Methylpentane,2012-02-15T00:00,1.229,µg/m³,VOC,
100137,BURNABY NORTH,3-Methylpentane,2012-02-21T00:00,2.090,µg/m³,VOC,
100137,BURNABY NORTH,3-Methylpentane,2012-02-27T00:00,1.461,µg/m³,VOC,
100137,BURNABY NORTH,3-Methylpentane,2012-03-04T00:00,0.360,µg/m³,VOC,
100137,BURNABY NORTH,3-Methylpentane,2012-03-10T00:00,1.058,µg/m³,VOC,
100137,BURNABY NORTH,3-Methylpentane,2012-03-16T00:00,5.687,µg/m³,VOC,
100137,BURNABY NORTH,3-Methylpentane,2012-03-22T00:00,1.616,µg/m³,VOC,
100137,BURNABY NORTH,3-Methylpentane,2012-03-28T00:00,0.372,µg/m³,VOC,
100137,BURNABY NORTH,3-Methylpentane,2012-04-15T00:00,1.346,µg/m³,VOC,
100137,BURNABY NORTH,3-Methylpentane,2012-04-21T00:00,2.208,µg/m³,VOC,
100137,BURNABY NORTH,3-Methylpentane,2012-04-27T00:00,0.728,µg/m³,VOC,
100137,BURNABY NORTH,3-Methylpentane,2012-05-03T00:00,1.360,µg/m³,VOC,
100137,BURNABY NORTH,3-Methylpentane,2012-05-09T00:00,0.159,µg/m³,VOC,
100137,BURNABY NORTH,3-Methylpentane,2012-05-15T00:00,2.666,µg/m³,VOC,
100137,BURNABY NORTH,3-Methylpentane,2012-06-02T00:00,2.950,µg/m³,VOC,
100137,BURNABY NORTH,3-Methylpentane,2012-06-08T00:00,1.531,µg/m³,VOC,
100137,BURNABY NORTH,3-Methylpentane,2012-06-14T00:00,1.502,µg/m³,VOC,
100137,BURNABY NORTH,3-Methylpentane,2012-06-20T00:00,3.835,µg/m³,VOC,
100137,BURNABY NORTH,3-Methylpentane,2012-06-26T00:00,0.979,µg/m³,VOC,
100137,BURNABY NORTH,3-Methylpentane,2012-07-02T00:00,1.184,µg/m³,VOC,
100137,BURNABY NORTH,3-Methylpentane,2012-07-08T00:00,4.728,µg/m³,VOC,
100137,BURNABY NORTH,3-Methylpentane,2012-07-14T00:00,1.754,µg/m³,VOC,
100137,BURNABY NORTH,3-Methylpentane,2012-07-20T00:00,2.019,µg/m³,VOC,
100137,BURNABY NORTH,3-Methylpentane,2012-07-26T00:00,6.204,µg/m³,VOC,
100137,BURNABY NORTH,3-Methylpentane,2012-09-24T00:00,3.461,µg/m³,VOC,
100137,BURNABY NORTH,3-Methylpentane,2012-09-30T00:00,3.481,µg/m³,VOC,
100137,BURNABY NORTH,3-Methylpentane,2012-10-06T00:00,3.338,µg/m³,VOC,
100137,BURNABY NORTH,3-Methylpentane,2012-10-18T00:00,1.357,µg/m³,VOC,
100137,BURNABY NORTH,3-Methylpentane,2012-10-24T00:00,0.871,µg/m³,VOC,
100137,BURNABY NORTH,3-Methylpentane,2012-10-30T00:00,3.026,µg/m³,VOC,
100137,BURNABY NORTH,3-Methylpentane,2012-11-05T00:00,3.412,µg/m³,VOC,
100137,BURNABY NORTH,3-Methylpentane,2012-11-11T00:00,1.583,µg/m³,VOC,
100137,BURNABY NORTH,3-Methylpentane,2012-11-17T00:00,0.363,µg/m³,VOC,
100137,BURNABY NORTH,3-Methylpentane,2012-11-23T00:00,1.324,µg/m³,VOC,
100137,BURNABY NORTH,3-Methylpentane,2012-11-29T00:00,1.125,µg/m³,VOC,
100137,BURNABY NORTH,3-Methylpentane,2012-12-05T00:00,1.247,µg/m³,VOC,
100137,BURNABY NORTH,3-Methylpentane,2012-12-11T00:00,0.940,µg/m³,VOC,
100137,BURNABY NORTH,3-Methylpentane,2012-12-17T00:00,0.509,µg/m³,VOC,
