﻿NAPS_Site_ID,Station_Name,Pollutant,Date,Value,Units,Report_Type,Method
90121,EDMONTON EAST,4-Methyl-1-pentene,2007-01-06T00:00,0.016,µg/m³,VOC,N/A
90121,EDMONTON EAST,4-Methyl-1-pentene,2007-01-12T00:00,0.024,µg/m³,VOC,N/A
90121,EDMONTON EAST,4-Methyl-1-pentene,2007-01-18T00:00,0.022,µg/m³,VOC,N/A
90121,EDMONTON EAST,4-Methyl-1-pentene,2007-01-24T00:00,0.000,µg/m³,VOC,N/A
90121,EDMONTON EAST,4-Methyl-1-pentene,2007-01-30T00:00,0.008,µg/m³,VOC,N/A
90121,EDMONTON EAST,4-Methyl-1-pentene,2007-02-05T00:00,0.012,µg/m³,VOC,N/A
90121,EDMONTON EAST,4-Methyl-1-pentene,2007-02-11T00:00,0.010,µg/m³,VOC,N/A
90121,EDMONTON EAST,4-Methyl-1-pentene,2007-02-17T00:00,0.009,µg/m³,VOC,N/A
90121,EDMONTON EAST,4-Methyl-1-pentene,2007-02-23T00:00,0.011,µg/m³,VOC,N/A
90121,EDMONTON EAST,4-Methyl-1-pentene,2007-03-01T00:00,0.015,µg/m³,VOC,N/A
90121,EDMONTON EAST,4-Methyl-1-pentene,2007-03-07T00:00,0.033,µg/m³,VOC,N/A
90121,EDMONTON EAST,4-Methyl-1-pentene,2007-03-13T00:00,0.015,µg/m³,VOC,N/A
90121,EDMONTON EAST,4-Methyl-1-pentene,2007-03-19T00:00,0.006,µg/m³,VOC,N/A
90121,EDMONTON EAST,4-Methyl-1-pentene,2007-03-25T00:00,0.032,µg/m³,VOC,N/A
90121,EDMONTON EAST,4-Methyl-1-pentene,2007-03-31T00:00,0.007,µg/m³,VOC,N/A
90121,EDMONTON EAST,4-Methyl-1-pentene,2007-04-06T00:00,0.010,µg/m³,VOC,N/A
90121,EDMONTON EAST,4-Methyl-1-pentene,2007-04-12T00:00,0.017,µg/m³,VOC,N/A
90121,EDMONTON EAST,4-Methyl-1-pentene,2007-04-18T00:00,0.013,µg/m³,VOC,N/A
90121,EDMONTON EAST,4-Methyl-1-pentene,2007-04-24T00:00,0.011,µg/m³,VOC,N/A
90121,EDMONTON EAST,4-Methyl-1-pentene,2007-04-30T00:00,0.029,µg/m³,VOC,N/A
90121,EDMONTON EAST,4-Methyl-1-pentene,2007-05-12T00:00,0.009,µg/m³,VOC,N/A
90121,EDMONTON EAST,4-Methyl-1-pentene,2007-05-18T00:00,0.014,µg/m³,VOC,N/A
90121,EDMONTON EAST,4-Methyl-1-pentene,2007-05-24T00:00,0.012,µg/m³,VOC,N/A
90121,EDMONTON EAST,4-Methyl-1-pentene,2007-05-30T00:00,0.005,µg/m³,VOC,N/A
90121,EDMONTON EAST,4-Methyl-1-pentene,2007-06-05T00:00,0.008,µg/m³,VOC,N/A
90121,EDMONTON EAST,4-Methyl-1-pentene,2007-06-11T00:00,0.009,µg/m³,VOC,N/A
90121,EDMONTON EAST,4-Methyl-1-pentene,2007-06-17T00:00,0.017,µg/m³,VOC,N/A
90121,EDMONTON EAST,4-Methyl-1-pentene,2007-06-23T00:00,0.011,µg/m³,VOC,N/A
90121,EDMONTON EAST,4-Methyl-1-pentene,2007-06-29T00:00,0.008,µg/m³,VOC,N/A
90121,EDMONTON EAST,4-Methyl-1-pentene,2007-07-05T00:00,0.018,µg/m³,VOC,N/A
90121,EDMONTON EAST,4-Methyl-1-pentene,2007-07-11T00:00,0.033,µg/m³,VOC,N/A
90121,EDMONTON EAST,4-Methyl-1-pentene,2007-07-17T00:00,0.043,µg/m³,VOC,N/A
90121,EDMONTON EAST,4-Methyl-1-pentene,2007-07-23T00:00,0.046,µg/m³,VOC,N/A
90121,EDMONTON EAST,4-Methyl-1-pentene,2007-07-29T00:00,0.015,µg/m³,VOC,N/A
90121,EDMONTON EAST,4-Methyl-1-pentene,2007-08-04T00:00,0.038,µg/m³,VOC,N/A
90121,EDMONTON EAST,4-Methyl-1-pentene,2007-08-10T00:00,0.011,µg/m³,VOC,N/A
90121,EDMONTON EAST,4-Methyl-1-pentene,2007-08-16T00:00,0.017,µg/m³,VOC,N/A
90121,EDMONTON EAST,4-Methyl-1-pentene,2007-08-22T00:00,0.000,µg/m³,VOC,N/A
90121,EDMONTON EAST,4-Methyl-1-pentene,2007-08-28T00:00,0.018,µg/m³,VOC,N/A
90121,EDMONTON EAST,4-Methyl-1-pentene,2007-09-03T00:00,0.009,µg/m³,VOC,N/A
90121,EDMONTON EAST,4-Methyl-1-pentene,2007-09-09T00:00,0.034,µg/m³,VOC,N/A
90121,EDMONTON EAST,4-Methyl-1-pentene,2007-09-15T00:00,0.022,µg/m³,VOC,N/A
90121,EDMONTON EAST,4-Methyl-1-pentene,2007-09-21T00:00,0.020,µg/m³,VOC,N/A
90121,EDMONTON EAST,4-Methyl-1-pentene,2007-09-27T00:00,0.017,µg/m³,VOC,N/A
90121,EDMONTON EAST,4-Methyl-1-pentene,2007-10-03T00:00,0.047,µg/m³,VOC,N/A
90121,EDMONTON EAST,4-Methyl-1-pentene,2007-10-09T00:00,0.028,µg/m³,VOC,N/A
90121,EDMONTON EAST,4-Methyl-1-pentene,2007-10-15T00:00,0.014,µg/m³,VOC,N/A
90121,EDMONTON EAST,4-Methyl-1-pentene,2007-10-21T00:00,0.031,µg/m³,VOC,N/A
90121,EDMONTON EAST,4-Methyl-1-pentene,2007-10-27T00:00,0.009,µg/m³,VOC,N/A
90121,EDMONTON EAST,4-Methyl-1-pentene,2007-11-02T00:00,0.016,µg/m³,VOC,N/A
90121,EDMONTON EAST,4-Methyl-1-pentene,2007-11-08T00:00,0.010,µg/m³,VOC,N/A
90121,EDMONTON EAST,4-Methyl-1-pentene,2007-11-14T00:00,0.026,µg/m³,VOC,N/A
90121,EDMONTON EAST,4-Methyl-1-pentene,2007-11-20T00:00,0.016,µg/m³,VOC,N/A
90121,EDMONTON EAST,4-Methyl-1-pentene,2007-12-02T00:00,0.012,µg/m³,VOC,N/A
90121,EDMONTON EAST,4-Methyl-1-pentene,2007-12-08T00:00,0.016,µg/m³,VOC,N/A
90121,EDMONTON EAST,4-Methyl-1-pentene,2007-12-14T00:00,0.049,µg/m³,VOC,N/A
90121,EDMONTON EAST,4-Methyl-1-pentene,2007-12-20T00:00,0.034,µg/m³,VOC,N/A
