﻿NAPS_Site_ID,Station_Name,Pollutant,Date,Value,Units,Report_Type,Method
50103,MONTRÉAL-SAINT-JEAN-BAPTISTE,D-Limonene,2005-01-04T00:00,0.008,µg/m³,VOC,N/A
50103,MONTRÉAL-SAINT-JEAN-BAPTISTE,D-Limonene,2005-01-10T00:00,0.108,µg/m³,VOC,N/A
50103,MONTRÉAL-SAINT-JEAN-BAPTISTE,D-Limonene,2005-01-16T00:00,0.015,µg/m³,VOC,N/A
50103,MONTRÉAL-SAINT-JEAN-BAPTISTE,D-Limonene,2005-01-22T00:00,0.000,µg/m³,VOC,N/A
50103,MONTRÉAL-SAINT-JEAN-BAPTISTE,D-Limonene,2005-01-28T00:00,0.018,µg/m³,VOC,N/A
50103,MONTRÉAL-SAINT-JEAN-BAPTISTE,D-Limonene,2005-02-03T00:00,0.139,µg/m³,VOC,N/A
50103,MONTRÉAL-SAINT-JEAN-BAPTISTE,D-Limonene,2005-02-09T00:00,0.019,µg/m³,VOC,N/A
50103,MONTRÉAL-SAINT-JEAN-BAPTISTE,D-Limonene,2005-02-15T00:00,0.045,µg/m³,VOC,N/A
50103,MONTRÉAL-SAINT-JEAN-BAPTISTE,D-Limonene,2005-02-21T00:00,0.005,µg/m³,VOC,N/A
50103,MONTRÉAL-SAINT-JEAN-BAPTISTE,D-Limonene,2005-02-27T00:00,0.000,µg/m³,VOC,N/A
50103,MONTRÉAL-SAINT-JEAN-BAPTISTE,D-Limonene,2005-03-05T00:00,0.020,µg/m³,VOC,N/A
50103,MONTRÉAL-SAINT-JEAN-BAPTISTE,D-Limonene,2005-03-11T00:00,0.022,µg/m³,VOC,N/A
50103,MONTRÉAL-SAINT-JEAN-BAPTISTE,D-Limonene,2005-03-17T00:00,0.018,µg/m³,VOC,N/A
50103,MONTRÉAL-SAINT-JEAN-BAPTISTE,D-Limonene,2005-03-23T00:00,0.017,µg/m³,VOC,N/A
50103,MONTRÉAL-SAINT-JEAN-BAPTISTE,D-Limonene,2005-03-29T00:00,0.026,µg/m³,VOC,N/A
50103,MONTRÉAL-SAINT-JEAN-BAPTISTE,D-Limonene,2005-04-04T00:00,0.089,µg/m³,VOC,N/A
50103,MONTRÉAL-SAINT-JEAN-BAPTISTE,D-Limonene,2005-04-10T00:00,0.115,µg/m³,VOC,N/A
50103,MONTRÉAL-SAINT-JEAN-BAPTISTE,D-Limonene,2005-04-16T00:00,0.117,µg/m³,VOC,N/A
50103,MONTRÉAL-SAINT-JEAN-BAPTISTE,D-Limonene,2005-04-22T00:00,0.133,µg/m³,VOC,N/A
50103,MONTRÉAL-SAINT-JEAN-BAPTISTE,D-Limonene,2005-04-28T00:00,0.040,µg/m³,VOC,N/A
50103,MONTRÉAL-SAINT-JEAN-BAPTISTE,D-Limonene,2005-05-04T00:00,0.036,µg/m³,VOC,N/A
50103,MONTRÉAL-SAINT-JEAN-BAPTISTE,D-Limonene,2005-05-10T00:00,0.136,µg/m³,VOC,N/A
50103,MONTRÉAL-SAINT-JEAN-BAPTISTE,D-Limonene,2005-05-16T00:00,0.035,µg/m³,VOC,N/A
50103,MONTRÉAL-SAINT-JEAN-BAPTISTE,D-Limonene,2005-05-28T00:00,0.051,µg/m³,VOC,N/A
50103,MONTRÉAL-SAINT-JEAN-BAPTISTE,D-Limonene,2005-06-03T00:00,0.206,µg/m³,VOC,N/A
50103,MONTRÉAL-SAINT-JEAN-BAPTISTE,D-Limonene,2005-06-09T00:00,0.030,µg/m³,VOC,N/A
50103,MONTRÉAL-SAINT-JEAN-BAPTISTE,D-Limonene,2005-06-15T00:00,0.063,µg/m³,VOC,N/A
50103,MONTRÉAL-SAINT-JEAN-BAPTISTE,D-Limonene,2005-06-21T00:00,0.065,µg/m³,VOC,N/A
50103,MONTRÉAL-SAINT-JEAN-BAPTISTE,D-Limonene,2005-06-27T00:00,0.087,µg/m³,VOC,N/A
50103,MONTRÉAL-SAINT-JEAN-BAPTISTE,D-Limonene,2005-07-09T00:00,0.084,µg/m³,VOC,N/A
50103,MONTRÉAL-SAINT-JEAN-BAPTISTE,D-Limonene,2005-07-15T00:00,0.107,µg/m³,VOC,N/A
50103,MONTRÉAL-SAINT-JEAN-BAPTISTE,D-Limonene,2005-07-21T00:00,0.126,µg/m³,VOC,N/A
50103,MONTRÉAL-SAINT-JEAN-BAPTISTE,D-Limonene,2005-07-27T00:00,0.133,µg/m³,VOC,N/A
50103,MONTRÉAL-SAINT-JEAN-BAPTISTE,D-Limonene,2005-08-02T00:00,0.139,µg/m³,VOC,N/A
50103,MONTRÉAL-SAINT-JEAN-BAPTISTE,D-Limonene,2005-08-08T00:00,0.090,µg/m³,VOC,N/A
50103,MONTRÉAL-SAINT-JEAN-BAPTISTE,D-Limonene,2005-08-14T00:00,0.078,µg/m³,VOC,N/A
50103,MONTRÉAL-SAINT-JEAN-BAPTISTE,D-Limonene,2005-08-20T00:00,0.061,µg/m³,VOC,N/A
50103,MONTRÉAL-SAINT-JEAN-BAPTISTE,D-Limonene,2005-08-26T00:00,0.202,µg/m³,VOC,N/A
50103,MONTRÉAL-SAINT-JEAN-BAPTISTE,D-Limonene,2005-09-01T00:00,0.122,µg/m³,VOC,N/A
50103,MONTRÉAL-SAINT-JEAN-BAPTISTE,D-Limonene,2005-09-07T00:00,0.090,µg/m³,VOC,N/A
50103,MONTRÉAL-SAINT-JEAN-BAPTISTE,D-Limonene,2005-09-13T00:00,0.087,µg/m³,VOC,N/A
50103,MONTRÉAL-SAINT-JEAN-BAPTISTE,D-Limonene,2005-09-19T00:00,0.092,µg/m³,VOC,N/A
50103,MONTRÉAL-SAINT-JEAN-BAPTISTE,D-Limonene,2005-09-25T00:00,0.048,µg/m³,VOC,N/A
50103,MONTRÉAL-SAINT-JEAN-BAPTISTE,D-Limonene,2005-10-01T00:00,0.050,µg/m³,VOC,N/A
50103,MONTRÉAL-SAINT-JEAN-BAPTISTE,D-Limonene,2005-10-07T00:00,0.122,µg/m³,VOC,N/A
50103,MONTRÉAL-SAINT-JEAN-BAPTISTE,D-Limonene,2005-10-13T00:00,0.028,µg/m³,VOC,N/A
50103,MONTRÉAL-SAINT-JEAN-BAPTISTE,D-Limonene,2005-10-19T00:00,0.114,µg/m³,VOC,N/A
50103,MONTRÉAL-SAINT-JEAN-BAPTISTE,D-Limonene,2005-10-25T00:00,0.018,µg/m³,VOC,N/A
50103,MONTRÉAL-SAINT-JEAN-BAPTISTE,D-Limonene,2005-10-31T00:00,0.043,µg/m³,VOC,N/A
50103,MONTRÉAL-SAINT-JEAN-BAPTISTE,D-Limonene,2005-11-06T00:00,0.018,µg/m³,VOC,N/A
50103,MONTRÉAL-SAINT-JEAN-BAPTISTE,D-Limonene,2005-11-12T00:00,0.182,µg/m³,VOC,N/A
50103,MONTRÉAL-SAINT-JEAN-BAPTISTE,D-Limonene,2005-11-18T00:00,0.081,µg/m³,VOC,N/A
50103,MONTRÉAL-SAINT-JEAN-BAPTISTE,D-Limonene,2005-11-24T00:00,0.005,µg/m³,VOC,N/A
50103,MONTRÉAL-SAINT-JEAN-BAPTISTE,D-Limonene,2005-11-30T00:00,0.105,µg/m³,VOC,N/A
50103,MONTRÉAL-SAINT-JEAN-BAPTISTE,D-Limonene,2005-12-06T00:00,0.000,µg/m³,VOC,N/A
50103,MONTRÉAL-SAINT-JEAN-BAPTISTE,D-Limonene,2005-12-12T00:00,0.014,µg/m³,VOC,N/A
50103,MONTRÉAL-SAINT-JEAN-BAPTISTE,D-Limonene,2005-12-18T00:00,0.039,µg/m³,VOC,N/A
50103,MONTRÉAL-SAINT-JEAN-BAPTISTE,D-Limonene,2005-12-24T00:00,0.150,µg/m³,VOC,N/A
50103,MONTRÉAL-SAINT-JEAN-BAPTISTE,D-Limonene,2005-12-30T00:00,0.028,µg/m³,VOC,N/A
