﻿NAPS_Site_ID,Station_Name,Pollutant,Date,Value,Units,Report_Type,Method
50103,MONTRÉAL-SAINT-JEAN-BAPTISTE,3-Methylheptane,1995-01-03T00:00,0.640,µg/m³,VOC,
50103,MONTRÉAL-SAINT-JEAN-BAPTISTE,3-Methylheptane,1995-01-09T00:00,0.481,µg/m³,VOC,
50103,MONTRÉAL-SAINT-JEAN-BAPTISTE,3-Methylheptane,1995-01-15T00:00,0.699,µg/m³,VOC,
50103,MONTRÉAL-SAINT-JEAN-BAPTISTE,3-Methylheptane,1995-01-21T00:00,0.059,µg/m³,VOC,
50103,MONTRÉAL-SAINT-JEAN-BAPTISTE,3-Methylheptane,1995-01-27T00:00,0.878,µg/m³,VOC,
50103,MONTRÉAL-SAINT-JEAN-BAPTISTE,3-Methylheptane,1995-02-02T00:00,0.562,µg/m³,VOC,
50103,MONTRÉAL-SAINT-JEAN-BAPTISTE,3-Methylheptane,1995-02-08T00:00,1.177,µg/m³,VOC,
50103,MONTRÉAL-SAINT-JEAN-BAPTISTE,3-Methylheptane,1995-02-14T00:00,0.484,µg/m³,VOC,
50103,MONTRÉAL-SAINT-JEAN-BAPTISTE,3-Methylheptane,1995-02-20T00:00,0.114,µg/m³,VOC,
50103,MONTRÉAL-SAINT-JEAN-BAPTISTE,3-Methylheptane,1995-02-26T00:00,0.280,µg/m³,VOC,
50103,MONTRÉAL-SAINT-JEAN-BAPTISTE,3-Methylheptane,1995-03-04T00:00,0.935,µg/m³,VOC,
50103,MONTRÉAL-SAINT-JEAN-BAPTISTE,3-Methylheptane,1995-03-10T00:00,0.486,µg/m³,VOC,
50103,MONTRÉAL-SAINT-JEAN-BAPTISTE,3-Methylheptane,1995-03-16T00:00,0.365,µg/m³,VOC,
50103,MONTRÉAL-SAINT-JEAN-BAPTISTE,3-Methylheptane,1995-03-22T00:00,0.418,µg/m³,VOC,
50103,MONTRÉAL-SAINT-JEAN-BAPTISTE,3-Methylheptane,1995-04-21T00:00,0.000,µg/m³,VOC,
50103,MONTRÉAL-SAINT-JEAN-BAPTISTE,3-Methylheptane,1995-04-27T00:00,0.177,µg/m³,VOC,
50103,MONTRÉAL-SAINT-JEAN-BAPTISTE,3-Methylheptane,1995-05-03T00:00,0.508,µg/m³,VOC,
50103,MONTRÉAL-SAINT-JEAN-BAPTISTE,3-Methylheptane,1995-05-09T00:00,0.437,µg/m³,VOC,
50103,MONTRÉAL-SAINT-JEAN-BAPTISTE,3-Methylheptane,1995-05-15T00:00,0.471,µg/m³,VOC,
50103,MONTRÉAL-SAINT-JEAN-BAPTISTE,3-Methylheptane,1995-05-21T00:00,0.394,µg/m³,VOC,
50103,MONTRÉAL-SAINT-JEAN-BAPTISTE,3-Methylheptane,1995-05-27T00:00,0.456,µg/m³,VOC,
50103,MONTRÉAL-SAINT-JEAN-BAPTISTE,3-Methylheptane,1995-06-02T00:00,0.882,µg/m³,VOC,
50103,MONTRÉAL-SAINT-JEAN-BAPTISTE,3-Methylheptane,1995-07-08T00:00,0.563,µg/m³,VOC,
50103,MONTRÉAL-SAINT-JEAN-BAPTISTE,3-Methylheptane,1995-07-20T00:00,0.533,µg/m³,VOC,
50103,MONTRÉAL-SAINT-JEAN-BAPTISTE,3-Methylheptane,1995-08-01T00:00,0.274,µg/m³,VOC,
50103,MONTRÉAL-SAINT-JEAN-BAPTISTE,3-Methylheptane,1995-08-13T00:00,0.285,µg/m³,VOC,
50103,MONTRÉAL-SAINT-JEAN-BAPTISTE,3-Methylheptane,1995-08-25T00:00,1.061,µg/m³,VOC,
50103,MONTRÉAL-SAINT-JEAN-BAPTISTE,3-Methylheptane,1995-09-12T00:00,0.412,µg/m³,VOC,
50103,MONTRÉAL-SAINT-JEAN-BAPTISTE,3-Methylheptane,1995-09-18T00:00,0.792,µg/m³,VOC,
50103,MONTRÉAL-SAINT-JEAN-BAPTISTE,3-Methylheptane,1995-09-24T00:00,0.677,µg/m³,VOC,
50103,MONTRÉAL-SAINT-JEAN-BAPTISTE,3-Methylheptane,1995-10-06T00:00,0.037,µg/m³,VOC,
50103,MONTRÉAL-SAINT-JEAN-BAPTISTE,3-Methylheptane,1995-10-12T00:00,0.858,µg/m³,VOC,
50103,MONTRÉAL-SAINT-JEAN-BAPTISTE,3-Methylheptane,1995-10-18T00:00,0.410,µg/m³,VOC,
50103,MONTRÉAL-SAINT-JEAN-BAPTISTE,3-Methylheptane,1995-10-24T00:00,0.800,µg/m³,VOC,
50103,MONTRÉAL-SAINT-JEAN-BAPTISTE,3-Methylheptane,1995-10-30T00:00,0.762,µg/m³,VOC,
50103,MONTRÉAL-SAINT-JEAN-BAPTISTE,3-Methylheptane,1995-11-05T00:00,0.606,µg/m³,VOC,
50103,MONTRÉAL-SAINT-JEAN-BAPTISTE,3-Methylheptane,1995-11-11T00:00,0.090,µg/m³,VOC,
50103,MONTRÉAL-SAINT-JEAN-BAPTISTE,3-Methylheptane,1995-11-17T00:00,0.895,µg/m³,VOC,
50103,MONTRÉAL-SAINT-JEAN-BAPTISTE,3-Methylheptane,1995-11-23T00:00,0.442,µg/m³,VOC,
50103,MONTRÉAL-SAINT-JEAN-BAPTISTE,3-Methylheptane,1995-11-29T00:00,0.281,µg/m³,VOC,
50103,MONTRÉAL-SAINT-JEAN-BAPTISTE,3-Methylheptane,1995-12-05T00:00,0.648,µg/m³,VOC,
50103,MONTRÉAL-SAINT-JEAN-BAPTISTE,3-Methylheptane,1995-12-11T00:00,0.351,µg/m³,VOC,
50103,MONTRÉAL-SAINT-JEAN-BAPTISTE,3-Methylheptane,1995-12-17T00:00,0.352,µg/m³,VOC,
50103,MONTRÉAL-SAINT-JEAN-BAPTISTE,3-Methylheptane,1995-12-23T00:00,0.365,µg/m³,VOC,
50103,MONTRÉAL-SAINT-JEAN-BAPTISTE,3-Methylheptane,1995-12-29T00:00,0.987,µg/m³,VOC,
