﻿NAPS_Site_ID,Station_Name,Pollutant,Date,Value,Units,Report_Type,Method
90130,EDMONTON CENTRAL,Styrene,2015-12-31T19:00,0.005,µg/m³,VOC,N/A
90130,EDMONTON CENTRAL,Styrene,2016-01-06T19:00,0.020,µg/m³,VOC,N/A
90130,EDMONTON CENTRAL,Styrene,2016-01-12T19:00,0.281,µg/m³,VOC,N/A
90130,EDMONTON CENTRAL,Styrene,2016-01-18T19:00,0.218,µg/m³,VOC,N/A
90130,EDMONTON CENTRAL,Styrene,2016-01-24T19:00,0.093,µg/m³,VOC,N/A
90130,EDMONTON CENTRAL,Styrene,2016-01-30T19:00,0.036,µg/m³,VOC,N/A
90130,EDMONTON CENTRAL,Styrene,2016-02-05T19:00,0.014,µg/m³,VOC,N/A
90130,EDMONTON CENTRAL,Styrene,2016-02-11T19:00,0.087,µg/m³,VOC,N/A
90130,EDMONTON CENTRAL,Styrene,2016-02-17T19:00,0.385,µg/m³,VOC,N/A
90130,EDMONTON CENTRAL,Styrene,2016-02-23T19:00,1.606,µg/m³,VOC,N/A
90130,EDMONTON CENTRAL,Styrene,2016-02-29T19:00,0.417,µg/m³,VOC,N/A
90130,EDMONTON CENTRAL,Styrene,2016-03-06T19:00,0.135,µg/m³,VOC,N/A
90130,EDMONTON CENTRAL,Styrene,2016-03-12T19:00,0.029,µg/m³,VOC,N/A
90130,EDMONTON CENTRAL,Styrene,2016-03-18T20:00,0.023,µg/m³,VOC,N/A
90130,EDMONTON CENTRAL,Styrene,2016-03-24T20:00,0.023,µg/m³,VOC,N/A
90130,EDMONTON CENTRAL,Styrene,2016-03-30T20:00,0.075,µg/m³,VOC,N/A
90130,EDMONTON CENTRAL,Styrene,2016-04-05T20:00,0.076,µg/m³,VOC,N/A
90130,EDMONTON CENTRAL,Styrene,2016-04-11T20:00,0.361,µg/m³,VOC,N/A
90130,EDMONTON CENTRAL,Styrene,2016-04-17T20:00,0.009,µg/m³,VOC,N/A
90130,EDMONTON CENTRAL,Styrene,2016-04-23T20:00,0.227,µg/m³,VOC,N/A
90130,EDMONTON CENTRAL,Styrene,2016-04-29T20:00,0.028,µg/m³,VOC,N/A
90130,EDMONTON CENTRAL,Styrene,2016-05-05T20:00,0.103,µg/m³,VOC,N/A
90130,EDMONTON CENTRAL,Styrene,2016-05-11T20:00,0.031,µg/m³,VOC,N/A
90130,EDMONTON CENTRAL,Styrene,2016-05-17T20:00,1.052,µg/m³,VOC,N/A
90130,EDMONTON CENTRAL,Styrene,2016-05-23T20:00,0.034,µg/m³,VOC,N/A
90130,EDMONTON CENTRAL,Styrene,2016-05-29T20:00,0.026,µg/m³,VOC,N/A
90130,EDMONTON CENTRAL,Styrene,2016-06-04T20:00,0.034,µg/m³,VOC,N/A
90130,EDMONTON CENTRAL,Styrene,2016-06-10T20:00,0.062,µg/m³,VOC,N/A
90130,EDMONTON CENTRAL,Styrene,2016-06-16T20:00,0.030,µg/m³,VOC,N/A
90130,EDMONTON CENTRAL,Styrene,2016-06-22T20:00,0.050,µg/m³,VOC,N/A
90130,EDMONTON CENTRAL,Styrene,2016-06-28T20:00,0.153,µg/m³,VOC,N/A
90130,EDMONTON CENTRAL,Styrene,2016-07-04T20:00,0.042,µg/m³,VOC,N/A
90130,EDMONTON CENTRAL,Styrene,2016-07-10T20:00,0.039,µg/m³,VOC,N/A
90130,EDMONTON CENTRAL,Styrene,2016-07-16T20:00,0.027,µg/m³,VOC,N/A
90130,EDMONTON CENTRAL,Styrene,2016-07-22T20:00,0.039,µg/m³,VOC,N/A
90130,EDMONTON CENTRAL,Styrene,2016-07-28T20:00,0.039,µg/m³,VOC,N/A
90130,EDMONTON CENTRAL,Styrene,2016-08-03T20:00,0.310,µg/m³,VOC,N/A
90130,EDMONTON CENTRAL,Styrene,2016-08-09T20:00,0.061,µg/m³,VOC,N/A
90130,EDMONTON CENTRAL,Styrene,2016-08-15T20:00,0.044,µg/m³,VOC,N/A
90130,EDMONTON CENTRAL,Styrene,2016-08-27T20:00,0.021,µg/m³,VOC,N/A
90130,EDMONTON CENTRAL,Styrene,2016-10-08T20:00,0.013,µg/m³,VOC,N/A
90130,EDMONTON CENTRAL,Styrene,2016-10-14T20:00,0.041,µg/m³,VOC,N/A
90130,EDMONTON CENTRAL,Styrene,2016-10-20T20:00,0.050,µg/m³,VOC,N/A
90130,EDMONTON CENTRAL,Styrene,2016-10-26T20:00,0.132,µg/m³,VOC,N/A
90130,EDMONTON CENTRAL,Styrene,2016-11-01T20:00,0.933,µg/m³,VOC,N/A
90130,EDMONTON CENTRAL,Styrene,2016-11-07T19:00,0.087,µg/m³,VOC,N/A
90130,EDMONTON CENTRAL,Styrene,2016-11-13T19:00,0.115,µg/m³,VOC,N/A
90130,EDMONTON CENTRAL,Styrene,2016-11-19T19:00,0.056,µg/m³,VOC,N/A
90130,EDMONTON CENTRAL,Styrene,2016-11-25T19:00,0.098,µg/m³,VOC,N/A
90130,EDMONTON CENTRAL,Styrene,2016-12-01T19:00,0.082,µg/m³,VOC,N/A
90130,EDMONTON CENTRAL,Styrene,2016-12-07T19:00,0.056,µg/m³,VOC,N/A
90130,EDMONTON CENTRAL,Styrene,2016-12-13T19:00,0.001,µg/m³,VOC,N/A
90130,EDMONTON CENTRAL,Styrene,2016-12-19T19:00,0.104,µg/m³,VOC,N/A
90130,EDMONTON CENTRAL,Styrene,2016-12-25T19:00,0.045,µg/m³,VOC,N/A
