﻿NAPS_Site_ID,Station_Name,Pollutant,Date,Value,Units,Report_Type,Method
50308,QUÉBEC-VIEUX-LIMOILOU (DES SABLES),3-Methylheptane,2020-01-04T00:00,0.105,µg/m³,VOC,GC-MS
50308,QUÉBEC-VIEUX-LIMOILOU (DES SABLES),3-Methylheptane,2020-01-10T00:00,0.129,µg/m³,VOC,GC-MS
50308,QUÉBEC-VIEUX-LIMOILOU (DES SABLES),3-Methylheptane,2020-01-16T00:00,0.114,µg/m³,VOC,GC-MS
50308,QUÉBEC-VIEUX-LIMOILOU (DES SABLES),3-Methylheptane,2020-01-22T00:00,0.206,µg/m³,VOC,GC-MS
50308,QUÉBEC-VIEUX-LIMOILOU (DES SABLES),3-Methylheptane,2020-01-28T00:00,0.105,µg/m³,VOC,GC-MS
50308,QUÉBEC-VIEUX-LIMOILOU (DES SABLES),3-Methylheptane,2020-02-03T00:00,0.096,µg/m³,VOC,GC-MS
50308,QUÉBEC-VIEUX-LIMOILOU (DES SABLES),3-Methylheptane,2020-02-09T00:00,0.072,µg/m³,VOC,GC-MS
50308,QUÉBEC-VIEUX-LIMOILOU (DES SABLES),3-Methylheptane,2020-02-15T00:00,0.099,µg/m³,VOC,GC-MS
50308,QUÉBEC-VIEUX-LIMOILOU (DES SABLES),3-Methylheptane,2020-02-21T00:00,0.133,µg/m³,VOC,GC-MS
50308,QUÉBEC-VIEUX-LIMOILOU (DES SABLES),3-Methylheptane,2020-02-27T00:00,0.020,µg/m³,VOC,GC-MS
