﻿NAPS_Site_ID,Station_Name,Pollutant,Date,Value,Units,Report_Type,Method
50134,MONTRÉAL-MOLSON or MONTRÉAL-SAINT-JOSEPH,"1,3-Butadiene",2009-01-01T00:00,0.057,µg/m³,VOC,
50134,MONTRÉAL-MOLSON or MONTRÉAL-SAINT-JOSEPH,"1,3-Butadiene",2009-01-07T00:00,0.076,µg/m³,VOC,
50134,MONTRÉAL-MOLSON or MONTRÉAL-SAINT-JOSEPH,"1,3-Butadiene",2009-01-13T00:00,0.067,µg/m³,VOC,
50134,MONTRÉAL-MOLSON or MONTRÉAL-SAINT-JOSEPH,"1,3-Butadiene",2009-01-19T00:00,0.090,µg/m³,VOC,
50134,MONTRÉAL-MOLSON or MONTRÉAL-SAINT-JOSEPH,"1,3-Butadiene",2009-01-25T00:00,0.081,µg/m³,VOC,
50134,MONTRÉAL-MOLSON or MONTRÉAL-SAINT-JOSEPH,"1,3-Butadiene",2009-01-31T00:00,0.090,µg/m³,VOC,
50134,MONTRÉAL-MOLSON or MONTRÉAL-SAINT-JOSEPH,"1,3-Butadiene",2009-02-06T00:00,0.132,µg/m³,VOC,
50134,MONTRÉAL-MOLSON or MONTRÉAL-SAINT-JOSEPH,"1,3-Butadiene",2009-02-12T00:00,0.111,µg/m³,VOC,
50134,MONTRÉAL-MOLSON or MONTRÉAL-SAINT-JOSEPH,"1,3-Butadiene",2009-02-18T00:00,0.089,µg/m³,VOC,
50134,MONTRÉAL-MOLSON or MONTRÉAL-SAINT-JOSEPH,"1,3-Butadiene",2009-02-24T00:00,0.071,µg/m³,VOC,
50134,MONTRÉAL-MOLSON or MONTRÉAL-SAINT-JOSEPH,"1,3-Butadiene",2009-03-02T00:00,0.033,µg/m³,VOC,
50134,MONTRÉAL-MOLSON or MONTRÉAL-SAINT-JOSEPH,"1,3-Butadiene",2009-03-08T00:00,0.060,µg/m³,VOC,
50134,MONTRÉAL-MOLSON or MONTRÉAL-SAINT-JOSEPH,"1,3-Butadiene",2009-03-14T00:00,0.044,µg/m³,VOC,
50134,MONTRÉAL-MOLSON or MONTRÉAL-SAINT-JOSEPH,"1,3-Butadiene",2009-03-20T00:00,0.064,µg/m³,VOC,
50134,MONTRÉAL-MOLSON or MONTRÉAL-SAINT-JOSEPH,"1,3-Butadiene",2009-03-26T00:00,0.129,µg/m³,VOC,
50134,MONTRÉAL-MOLSON or MONTRÉAL-SAINT-JOSEPH,"1,3-Butadiene",2009-04-01T00:00,0.060,µg/m³,VOC,
50134,MONTRÉAL-MOLSON or MONTRÉAL-SAINT-JOSEPH,"1,3-Butadiene",2009-04-07T00:00,0.054,µg/m³,VOC,
50134,MONTRÉAL-MOLSON or MONTRÉAL-SAINT-JOSEPH,"1,3-Butadiene",2009-04-13T00:00,0.031,µg/m³,VOC,
50134,MONTRÉAL-MOLSON or MONTRÉAL-SAINT-JOSEPH,"1,3-Butadiene",2009-04-19T00:00,0.019,µg/m³,VOC,
50134,MONTRÉAL-MOLSON or MONTRÉAL-SAINT-JOSEPH,"1,3-Butadiene",2009-04-25T00:00,0.031,µg/m³,VOC,
50134,MONTRÉAL-MOLSON or MONTRÉAL-SAINT-JOSEPH,"1,3-Butadiene",2009-05-01T00:00,0.068,µg/m³,VOC,
50134,MONTRÉAL-MOLSON or MONTRÉAL-SAINT-JOSEPH,"1,3-Butadiene",2009-05-07T00:00,0.073,µg/m³,VOC,
50134,MONTRÉAL-MOLSON or MONTRÉAL-SAINT-JOSEPH,"1,3-Butadiene",2009-05-19T00:00,0.040,µg/m³,VOC,
50134,MONTRÉAL-MOLSON or MONTRÉAL-SAINT-JOSEPH,"1,3-Butadiene",2009-05-25T00:00,0.033,µg/m³,VOC,
50134,MONTRÉAL-MOLSON or MONTRÉAL-SAINT-JOSEPH,"1,3-Butadiene",2009-05-31T00:00,0.026,µg/m³,VOC,
50134,MONTRÉAL-MOLSON or MONTRÉAL-SAINT-JOSEPH,"1,3-Butadiene",2009-06-06T00:00,0.043,µg/m³,VOC,
50134,MONTRÉAL-MOLSON or MONTRÉAL-SAINT-JOSEPH,"1,3-Butadiene",2009-06-18T00:00,0.038,µg/m³,VOC,
50134,MONTRÉAL-MOLSON or MONTRÉAL-SAINT-JOSEPH,"1,3-Butadiene",2009-06-30T00:00,0.034,µg/m³,VOC,
50134,MONTRÉAL-MOLSON or MONTRÉAL-SAINT-JOSEPH,"1,3-Butadiene",2009-07-06T00:00,0.067,µg/m³,VOC,
50134,MONTRÉAL-MOLSON or MONTRÉAL-SAINT-JOSEPH,"1,3-Butadiene",2009-07-12T00:00,0.029,µg/m³,VOC,
50134,MONTRÉAL-MOLSON or MONTRÉAL-SAINT-JOSEPH,"1,3-Butadiene",2009-07-18T00:00,0.033,µg/m³,VOC,
50134,MONTRÉAL-MOLSON or MONTRÉAL-SAINT-JOSEPH,"1,3-Butadiene",2009-07-24T00:00,0.033,µg/m³,VOC,
50134,MONTRÉAL-MOLSON or MONTRÉAL-SAINT-JOSEPH,"1,3-Butadiene",2009-08-23T00:00,0.030,µg/m³,VOC,
50134,MONTRÉAL-MOLSON or MONTRÉAL-SAINT-JOSEPH,"1,3-Butadiene",2009-09-04T00:00,0.067,µg/m³,VOC,
50134,MONTRÉAL-MOLSON or MONTRÉAL-SAINT-JOSEPH,"1,3-Butadiene",2009-09-10T00:00,0.050,µg/m³,VOC,
50134,MONTRÉAL-MOLSON or MONTRÉAL-SAINT-JOSEPH,"1,3-Butadiene",2009-09-16T00:00,0.035,µg/m³,VOC,
50134,MONTRÉAL-MOLSON or MONTRÉAL-SAINT-JOSEPH,"1,3-Butadiene",2009-09-22T00:00,0.104,µg/m³,VOC,
50134,MONTRÉAL-MOLSON or MONTRÉAL-SAINT-JOSEPH,"1,3-Butadiene",2009-09-28T00:00,0.083,µg/m³,VOC,
50134,MONTRÉAL-MOLSON or MONTRÉAL-SAINT-JOSEPH,"1,3-Butadiene",2009-10-04T00:00,0.085,µg/m³,VOC,
50134,MONTRÉAL-MOLSON or MONTRÉAL-SAINT-JOSEPH,"1,3-Butadiene",2009-10-10T00:00,0.080,µg/m³,VOC,
50134,MONTRÉAL-MOLSON or MONTRÉAL-SAINT-JOSEPH,"1,3-Butadiene",2009-10-16T00:00,0.051,µg/m³,VOC,
50134,MONTRÉAL-MOLSON or MONTRÉAL-SAINT-JOSEPH,"1,3-Butadiene",2009-10-22T00:00,0.059,µg/m³,VOC,
50134,MONTRÉAL-MOLSON or MONTRÉAL-SAINT-JOSEPH,"1,3-Butadiene",2009-10-28T00:00,0.052,µg/m³,VOC,
50134,MONTRÉAL-MOLSON or MONTRÉAL-SAINT-JOSEPH,"1,3-Butadiene",2009-11-03T00:00,0.066,µg/m³,VOC,
50134,MONTRÉAL-MOLSON or MONTRÉAL-SAINT-JOSEPH,"1,3-Butadiene",2009-11-09T00:00,0.092,µg/m³,VOC,
50134,MONTRÉAL-MOLSON or MONTRÉAL-SAINT-JOSEPH,"1,3-Butadiene",2009-11-15T00:00,0.155,µg/m³,VOC,
50134,MONTRÉAL-MOLSON or MONTRÉAL-SAINT-JOSEPH,"1,3-Butadiene",2009-11-21T00:00,0.050,µg/m³,VOC,
50134,MONTRÉAL-MOLSON or MONTRÉAL-SAINT-JOSEPH,"1,3-Butadiene",2009-11-27T00:00,0.101,µg/m³,VOC,
50134,MONTRÉAL-MOLSON or MONTRÉAL-SAINT-JOSEPH,"1,3-Butadiene",2009-12-03T00:00,0.067,µg/m³,VOC,
50134,MONTRÉAL-MOLSON or MONTRÉAL-SAINT-JOSEPH,"1,3-Butadiene",2009-12-15T00:00,0.091,µg/m³,VOC,
50134,MONTRÉAL-MOLSON or MONTRÉAL-SAINT-JOSEPH,"1,3-Butadiene",2009-12-21T00:00,0.054,µg/m³,VOC,
50134,MONTRÉAL-MOLSON or MONTRÉAL-SAINT-JOSEPH,"1,3-Butadiene",2009-12-27T00:00,0.058,µg/m³,VOC,
