﻿NAPS_Site_ID,Station_Name,Pollutant,Date,Value,Units,Report_Type,Method
62601,EXPERIMENTAL FARM _SIMCOE_,TCDF,2005-01-10T00:00,0.129,pg/m³,PCDD,N/A
62601,EXPERIMENTAL FARM _SIMCOE_,TCDF,2005-03-23T00:00,0.060,pg/m³,PCDD,N/A
62601,EXPERIMENTAL FARM _SIMCOE_,TCDF,2005-04-16T00:00,0.143,pg/m³,PCDD,N/A
62601,EXPERIMENTAL FARM _SIMCOE_,TCDF,2005-05-10T00:00,0.153,pg/m³,PCDD,N/A
62601,EXPERIMENTAL FARM _SIMCOE_,TCDF,2005-06-03T00:00,0.058,pg/m³,PCDD,N/A
62601,EXPERIMENTAL FARM _SIMCOE_,TCDF,2005-06-27T00:00,0.127,pg/m³,PCDD,N/A
62601,EXPERIMENTAL FARM _SIMCOE_,TCDF,2005-07-21T00:00,0.093,pg/m³,PCDD,N/A
62601,EXPERIMENTAL FARM _SIMCOE_,TCDF,2005-08-14T00:00,0.072,pg/m³,PCDD,N/A
62601,EXPERIMENTAL FARM _SIMCOE_,TCDF,2005-10-01T00:00,0.084,pg/m³,PCDD,N/A
62601,EXPERIMENTAL FARM _SIMCOE_,TCDF,2005-10-25T00:00,0.078,pg/m³,PCDD,N/A
62601,EXPERIMENTAL FARM _SIMCOE_,TCDF,2005-11-18T00:00,0.059,pg/m³,PCDD,N/A
62601,EXPERIMENTAL FARM _SIMCOE_,TCDF,2005-12-12T00:00,0.082,pg/m³,PCDD,N/A
