﻿NAPS_Site_ID,Station_Name,Pollutant,Date,Value,Units,Report_Type,Method
30113,JOHNSTON BUILDING,EC(B),2010-01-08T00:00,0.089,µg/m³,PM2.5,TOR
30113,JOHNSTON BUILDING,EC(B),2010-01-11T00:00,0.140,µg/m³,PM2.5,TOR
30113,JOHNSTON BUILDING,EC(B),2010-01-14T00:00,0.000,µg/m³,PM2.5,TOR
30113,JOHNSTON BUILDING,EC(B),2010-01-17T00:00,0.139,µg/m³,PM2.5,TOR
30113,JOHNSTON BUILDING,EC(B),2010-01-20T00:00,0.148,µg/m³,PM2.5,TOR
30113,JOHNSTON BUILDING,EC(B),2010-01-23T00:00,0.175,µg/m³,PM2.5,TOR
30113,JOHNSTON BUILDING,EC(B),2010-01-26T00:00,0.053,µg/m³,PM2.5,TOR
30113,JOHNSTON BUILDING,EC(B),2010-01-29T00:00,0.018,µg/m³,PM2.5,TOR
30113,JOHNSTON BUILDING,EC(B),2010-02-01T00:00,0.000,µg/m³,PM2.5,TOR
30113,JOHNSTON BUILDING,EC(B),2010-02-04T00:00,0.044,µg/m³,PM2.5,TOR
30113,JOHNSTON BUILDING,EC(B),2010-02-07T00:00,0.039,µg/m³,PM2.5,TOR
30113,JOHNSTON BUILDING,EC(B),2010-02-10T00:00,0.060,µg/m³,PM2.5,TOR
30113,JOHNSTON BUILDING,EC(B),2010-02-13T00:00,0.041,µg/m³,PM2.5,TOR
30113,JOHNSTON BUILDING,EC(B),2010-02-16T00:00,0.036,µg/m³,PM2.5,TOR
30113,JOHNSTON BUILDING,EC(B),2010-02-19T00:00,0.030,µg/m³,PM2.5,TOR
30113,JOHNSTON BUILDING,EC(B),2010-02-22T00:00,0.078,µg/m³,PM2.5,TOR
30113,JOHNSTON BUILDING,EC(B),2010-02-25T00:00,0.019,µg/m³,PM2.5,TOR
30113,JOHNSTON BUILDING,EC(B),2010-02-28T00:00,0.064,µg/m³,PM2.5,TOR
30113,JOHNSTON BUILDING,EC(B),2010-03-03T00:00,0.030,µg/m³,PM2.5,TOR
30113,JOHNSTON BUILDING,EC(B),2010-03-06T00:00,0.000,µg/m³,PM2.5,TOR
30113,JOHNSTON BUILDING,EC(B),2010-03-09T00:00,0.226,µg/m³,PM2.5,TOR
30113,JOHNSTON BUILDING,EC(B),2010-03-12T00:00,0.028,µg/m³,PM2.5,TOR
30113,JOHNSTON BUILDING,EC(B),2010-03-15T00:00,0.056,µg/m³,PM2.5,TOR
30113,JOHNSTON BUILDING,EC(B),2010-03-18T00:00,0.094,µg/m³,PM2.5,TOR
30113,JOHNSTON BUILDING,EC(B),2010-03-21T00:00,0.000,µg/m³,PM2.5,TOR
30113,JOHNSTON BUILDING,EC(B),2010-03-24T00:00,0.021,µg/m³,PM2.5,TOR
30113,JOHNSTON BUILDING,EC(B),2010-03-27T00:00,0.237,µg/m³,PM2.5,TOR
30113,JOHNSTON BUILDING,EC(B),2010-03-30T00:00,0.000,µg/m³,PM2.5,TOR
30113,JOHNSTON BUILDING,EC(B),2010-04-02T00:00,0.149,µg/m³,PM2.5,TOR
30113,JOHNSTON BUILDING,EC(B),2010-04-05T00:00,0.000,µg/m³,PM2.5,TOR
30113,JOHNSTON BUILDING,EC(B),2010-04-08T00:00,0.177,µg/m³,PM2.5,TOR
30113,JOHNSTON BUILDING,EC(B),2010-04-11T00:00,0.024,µg/m³,PM2.5,TOR
30113,JOHNSTON BUILDING,EC(B),2010-04-14T00:00,0.209,µg/m³,PM2.5,TOR
30113,JOHNSTON BUILDING,EC(B),2010-04-17T00:00,0.112,µg/m³,PM2.5,TOR
30113,JOHNSTON BUILDING,EC(B),2010-04-20T00:00,0.135,µg/m³,PM2.5,TOR
30113,JOHNSTON BUILDING,EC(B),2010-04-23T00:00,0.693,µg/m³,PM2.5,TOR
30113,JOHNSTON BUILDING,EC(B),2010-04-26T00:00,0.437,µg/m³,PM2.5,TOR
30113,JOHNSTON BUILDING,EC(B),2010-04-29T00:00,0.116,µg/m³,PM2.5,TOR
30113,JOHNSTON BUILDING,EC(B),2010-05-02T00:00,0.305,µg/m³,PM2.5,TOR
30113,JOHNSTON BUILDING,EC(B),2010-05-05T00:00,0.052,µg/m³,PM2.5,TOR
30113,JOHNSTON BUILDING,EC(B),2010-05-08T00:00,0.027,µg/m³,PM2.5,TOR
30113,JOHNSTON BUILDING,EC(B),2010-05-11T00:00,0.021,µg/m³,PM2.5,TOR
30113,JOHNSTON BUILDING,EC(B),2010-05-14T00:00,0.026,µg/m³,PM2.5,TOR
30113,JOHNSTON BUILDING,EC(B),2010-05-17T00:00,0.016,µg/m³,PM2.5,TOR
30113,JOHNSTON BUILDING,EC(B),2010-05-20T00:00,0.006,µg/m³,PM2.5,TOR
30113,JOHNSTON BUILDING,EC(B),2010-05-23T00:00,0.034,µg/m³,PM2.5,TOR
30113,JOHNSTON BUILDING,EC(B),2010-05-26T00:00,0.029,µg/m³,PM2.5,TOR
30113,JOHNSTON BUILDING,EC(B),2010-05-29T00:00,0.036,µg/m³,PM2.5,TOR
30113,JOHNSTON BUILDING,EC(B),2010-06-01T00:00,0.051,µg/m³,PM2.5,TOR
30113,JOHNSTON BUILDING,EC(B),2010-06-04T00:00,0.000,µg/m³,PM2.5,TOR
30113,JOHNSTON BUILDING,EC(B),2010-06-07T00:00,0.036,µg/m³,PM2.5,TOR
30113,JOHNSTON BUILDING,EC(B),2010-06-10T00:00,0.263,µg/m³,PM2.5,TOR
30113,JOHNSTON BUILDING,EC(B),2010-06-13T00:00,0.058,µg/m³,PM2.5,TOR
30113,JOHNSTON BUILDING,EC(B),2010-06-16T00:00,0.082,µg/m³,PM2.5,TOR
30113,JOHNSTON BUILDING,EC(B),2010-06-19T00:00,0.144,µg/m³,PM2.5,TOR
30113,JOHNSTON BUILDING,EC(B),2010-06-22T00:00,0.314,µg/m³,PM2.5,TOR
30113,JOHNSTON BUILDING,EC(B),2010-06-25T00:00,0.137,µg/m³,PM2.5,TOR
30113,JOHNSTON BUILDING,EC(B),2010-06-28T00:00,0.204,µg/m³,PM2.5,TOR
30113,JOHNSTON BUILDING,EC(B),2010-07-01T00:00,0.223,µg/m³,PM2.5,TOR
30113,JOHNSTON BUILDING,EC(B),2010-07-04T00:00,0.258,µg/m³,PM2.5,TOR
30113,JOHNSTON BUILDING,EC(B),2010-07-07T00:00,0.070,µg/m³,PM2.5,TOR
30113,JOHNSTON BUILDING,EC(B),2010-07-10T00:00,0.047,µg/m³,PM2.5,TOR
30113,JOHNSTON BUILDING,EC(B),2010-07-13T00:00,0.159,µg/m³,PM2.5,TOR
30113,JOHNSTON BUILDING,EC(B),2010-07-16T00:00,0.116,µg/m³,PM2.5,TOR
30113,JOHNSTON BUILDING,EC(B),2010-07-22T00:00,0.062,µg/m³,PM2.5,TOR
30113,JOHNSTON BUILDING,EC(B),2010-07-25T00:00,0.059,µg/m³,PM2.5,TOR
30113,JOHNSTON BUILDING,EC(B),2010-07-28T00:00,0.088,µg/m³,PM2.5,TOR
30113,JOHNSTON BUILDING,EC(B),2010-07-31T00:00,0.083,µg/m³,PM2.5,TOR
30113,JOHNSTON BUILDING,EC(B),2010-08-03T00:00,0.064,µg/m³,PM2.5,TOR
30113,JOHNSTON BUILDING,EC(B),2010-08-06T00:00,0.082,µg/m³,PM2.5,TOR
30113,JOHNSTON BUILDING,EC(B),2010-08-09T00:00,0.101,µg/m³,PM2.5,TOR
30113,JOHNSTON BUILDING,EC(B),2010-08-12T00:00,0.085,µg/m³,PM2.5,TOR
30113,JOHNSTON BUILDING,EC(B),2010-08-15T00:00,0.052,µg/m³,PM2.5,TOR
30113,JOHNSTON BUILDING,EC(B),2010-08-18T00:00,0.572,µg/m³,PM2.5,TOR
30113,JOHNSTON BUILDING,EC(B),2010-08-21T00:00,0.101,µg/m³,PM2.5,TOR
30113,JOHNSTON BUILDING,EC(B),2010-08-24T00:00,0.073,µg/m³,PM2.5,TOR
30113,JOHNSTON BUILDING,EC(B),2010-08-27T00:00,0.145,µg/m³,PM2.5,TOR
30113,JOHNSTON BUILDING,EC(B),2010-08-30T00:00,0.135,µg/m³,PM2.5,TOR
30113,JOHNSTON BUILDING,EC(B),2010-09-02T00:00,0.119,µg/m³,PM2.5,TOR
30113,JOHNSTON BUILDING,EC(B),2010-09-05T00:00,0.101,µg/m³,PM2.5,TOR
30113,JOHNSTON BUILDING,EC(B),2010-09-08T00:00,0.058,µg/m³,PM2.5,TOR
30113,JOHNSTON BUILDING,EC(B),2010-09-11T00:00,0.169,µg/m³,PM2.5,TOR
30113,JOHNSTON BUILDING,EC(B),2010-09-14T00:00,0.088,µg/m³,PM2.5,TOR
30113,JOHNSTON BUILDING,EC(B),2010-09-17T00:00,0.143,µg/m³,PM2.5,TOR
30113,JOHNSTON BUILDING,EC(B),2010-09-20T00:00,0.204,µg/m³,PM2.5,TOR
30113,JOHNSTON BUILDING,EC(B),2010-09-23T00:00,0.037,µg/m³,PM2.5,TOR
30113,JOHNSTON BUILDING,EC(B),2010-09-26T00:00,0.000,µg/m³,PM2.5,TOR
30113,JOHNSTON BUILDING,EC(B),2010-09-29T00:00,0.064,µg/m³,PM2.5,TOR
30113,JOHNSTON BUILDING,EC(B),2010-10-02T00:00,0.000,µg/m³,PM2.5,TOR
30113,JOHNSTON BUILDING,EC(B),2010-10-05T00:00,0.032,µg/m³,PM2.5,TOR
30113,JOHNSTON BUILDING,EC(B),2010-10-08T00:00,0.000,µg/m³,PM2.5,TOR
30113,JOHNSTON BUILDING,EC(B),2010-10-11T00:00,0.033,µg/m³,PM2.5,TOR
30113,JOHNSTON BUILDING,EC(B),2010-10-14T00:00,0.060,µg/m³,PM2.5,TOR
30113,JOHNSTON BUILDING,EC(B),2010-10-17T00:00,0.043,µg/m³,PM2.5,TOR
30113,JOHNSTON BUILDING,EC(B),2010-10-20T00:00,0.008,µg/m³,PM2.5,TOR
30113,JOHNSTON BUILDING,EC(B),2010-10-23T00:00,0.000,µg/m³,PM2.5,TOR
30113,JOHNSTON BUILDING,EC(B),2010-11-01T00:00,0.074,µg/m³,PM2.5,TOR
30113,JOHNSTON BUILDING,EC(B),2010-11-04T00:00,0.065,µg/m³,PM2.5,TOR
30113,JOHNSTON BUILDING,EC(B),2010-11-07T00:00,0.193,µg/m³,PM2.5,TOR
30113,JOHNSTON BUILDING,EC(B),2010-11-10T00:00,0.105,µg/m³,PM2.5,TOR
30113,JOHNSTON BUILDING,EC(B),2010-11-13T00:00,0.113,µg/m³,PM2.5,TOR
30113,JOHNSTON BUILDING,EC(B),2010-11-16T00:00,0.141,µg/m³,PM2.5,TOR
30113,JOHNSTON BUILDING,EC(B),2010-11-19T00:00,0.075,µg/m³,PM2.5,TOR
30113,JOHNSTON BUILDING,EC(B),2010-11-22T00:00,0.000,µg/m³,PM2.5,TOR
30113,JOHNSTON BUILDING,EC(B),2010-11-25T00:00,0.053,µg/m³,PM2.5,TOR
30113,JOHNSTON BUILDING,EC(B),2010-11-28T00:00,0.046,µg/m³,PM2.5,TOR
30113,JOHNSTON BUILDING,EC(B),2010-12-01T00:00,0.071,µg/m³,PM2.5,TOR
30113,JOHNSTON BUILDING,EC(B),2010-12-04T00:00,0.047,µg/m³,PM2.5,TOR
30113,JOHNSTON BUILDING,EC(B),2010-12-10T00:00,0.040,µg/m³,PM2.5,TOR
30113,JOHNSTON BUILDING,EC(B),2010-12-13T00:00,0.000,µg/m³,PM2.5,TOR
30113,JOHNSTON BUILDING,EC(B),2010-12-19T00:00,0.080,µg/m³,PM2.5,TOR
30113,JOHNSTON BUILDING,EC(B),2010-12-22T00:00,0.000,µg/m³,PM2.5,TOR
30113,JOHNSTON BUILDING,EC(B),2010-12-25T00:00,0.000,µg/m³,PM2.5,TOR
30113,JOHNSTON BUILDING,EC(B),2010-12-28T00:00,0.165,µg/m³,PM2.5,TOR
30113,JOHNSTON BUILDING,EC(B),2010-12-31T00:00,0.042,µg/m³,PM2.5,TOR
