﻿NAPS_Site_ID,Station_Name,Pollutant,Date,Value,Units,Report_Type,Method
64601,PT. PETRE,Propane,2002-01-02T00:00,1.800,µg/m³,VOC,N/A
64601,PT. PETRE,Propane,2002-01-08T00:00,2.298,µg/m³,VOC,N/A
64601,PT. PETRE,Propane,2002-01-14T00:00,1.568,µg/m³,VOC,N/A
64601,PT. PETRE,Propane,2002-01-20T00:00,2.494,µg/m³,VOC,N/A
64601,PT. PETRE,Propane,2002-01-26T00:00,2.773,µg/m³,VOC,N/A
64601,PT. PETRE,Propane,2002-02-01T00:00,2.322,µg/m³,VOC,N/A
64601,PT. PETRE,Propane,2002-02-07T00:00,4.045,µg/m³,VOC,N/A
64601,PT. PETRE,Propane,2002-02-13T00:00,1.607,µg/m³,VOC,N/A
64601,PT. PETRE,Propane,2002-02-19T00:00,2.743,µg/m³,VOC,N/A
64601,PT. PETRE,Propane,2002-02-25T00:00,2.346,µg/m³,VOC,N/A
64601,PT. PETRE,Propane,2002-03-03T00:00,2.166,µg/m³,VOC,N/A
64601,PT. PETRE,Propane,2002-03-09T00:00,1.517,µg/m³,VOC,N/A
64601,PT. PETRE,Propane,2002-03-15T00:00,2.050,µg/m³,VOC,N/A
64601,PT. PETRE,Propane,2002-03-21T00:00,1.629,µg/m³,VOC,N/A
64601,PT. PETRE,Propane,2002-03-27T00:00,1.444,µg/m³,VOC,N/A
64601,PT. PETRE,Propane,2002-04-02T00:00,1.724,µg/m³,VOC,N/A
64601,PT. PETRE,Propane,2002-04-08T00:00,1.686,µg/m³,VOC,N/A
64601,PT. PETRE,Propane,2002-04-14T00:00,1.695,µg/m³,VOC,N/A
64601,PT. PETRE,Propane,2002-04-20T00:00,0.871,µg/m³,VOC,N/A
64601,PT. PETRE,Propane,2002-04-26T00:00,0.849,µg/m³,VOC,N/A
64601,PT. PETRE,Propane,2002-05-02T00:00,9.652,µg/m³,VOC,N/A
64601,PT. PETRE,Propane,2002-05-08T00:00,2.754,µg/m³,VOC,N/A
64601,PT. PETRE,Propane,2002-05-14T00:00,0.578,µg/m³,VOC,N/A
64601,PT. PETRE,Propane,2002-05-20T00:00,0.446,µg/m³,VOC,N/A
64601,PT. PETRE,Propane,2002-06-01T00:00,0.932,µg/m³,VOC,N/A
64601,PT. PETRE,Propane,2002-07-01T00:00,2.067,µg/m³,VOC,N/A
64601,PT. PETRE,Propane,2002-07-07T00:00,5.826,µg/m³,VOC,N/A
64601,PT. PETRE,Propane,2002-07-13T00:00,0.906,µg/m³,VOC,N/A
64601,PT. PETRE,Propane,2002-07-19T00:00,8.728,µg/m³,VOC,N/A
64601,PT. PETRE,Propane,2002-07-25T00:00,0.595,µg/m³,VOC,N/A
64601,PT. PETRE,Propane,2002-07-31T00:00,1.325,µg/m³,VOC,N/A
64601,PT. PETRE,Propane,2002-08-06T00:00,4.367,µg/m³,VOC,N/A
64601,PT. PETRE,Propane,2002-08-12T00:00,1.553,µg/m³,VOC,N/A
64601,PT. PETRE,Propane,2002-08-18T00:00,1.256,µg/m³,VOC,N/A
64601,PT. PETRE,Propane,2002-08-24T00:00,6.076,µg/m³,VOC,N/A
64601,PT. PETRE,Propane,2002-08-30T00:00,0.744,µg/m³,VOC,N/A
64601,PT. PETRE,Propane,2002-09-05T00:00,3.961,µg/m³,VOC,N/A
64601,PT. PETRE,Propane,2002-09-11T00:00,3.298,µg/m³,VOC,N/A
64601,PT. PETRE,Propane,2002-09-17T00:00,5.329,µg/m³,VOC,N/A
64601,PT. PETRE,Propane,2002-09-20T00:00,0.814,µg/m³,VOC,N/A
64601,PT. PETRE,Propane,2002-09-26T00:00,1.173,µg/m³,VOC,N/A
64601,PT. PETRE,Propane,2002-10-05T00:00,3.438,µg/m³,VOC,N/A
64601,PT. PETRE,Propane,2002-10-11T00:00,1.351,µg/m³,VOC,N/A
64601,PT. PETRE,Propane,2002-10-17T00:00,1.038,µg/m³,VOC,N/A
64601,PT. PETRE,Propane,2002-10-23T00:00,0.947,µg/m³,VOC,N/A
64601,PT. PETRE,Propane,2002-11-04T00:00,7.740,µg/m³,VOC,N/A
64601,PT. PETRE,Propane,2002-11-10T00:00,1.935,µg/m³,VOC,N/A
64601,PT. PETRE,Propane,2002-11-16T00:00,1.214,µg/m³,VOC,N/A
64601,PT. PETRE,Propane,2002-11-22T00:00,2.911,µg/m³,VOC,N/A
64601,PT. PETRE,Propane,2002-11-28T00:00,1.263,µg/m³,VOC,N/A
64601,PT. PETRE,Propane,2002-12-04T00:00,1.528,µg/m³,VOC,N/A
64601,PT. PETRE,Propane,2002-12-10T00:00,6.074,µg/m³,VOC,N/A
64601,PT. PETRE,Propane,2002-12-16T00:00,5.540,µg/m³,VOC,N/A
64601,PT. PETRE,Propane,2002-12-22T00:00,3.186,µg/m³,VOC,N/A
64601,PT. PETRE,Propane,2002-12-28T00:00,5.352,µg/m³,VOC,N/A
