﻿NAPS_Site_ID,Station_Name,Pollutant,Date,Value,Units,Report_Type,Method
60427,GAGE INSTITUTE,2378-TCDD,2005-01-10T00:00,0.001,pg/m³,PCDD,
60427,GAGE INSTITUTE,2378-TCDD,2005-02-03T00:00,0.005,pg/m³,PCDD,
60427,GAGE INSTITUTE,2378-TCDD,2005-03-23T00:00,0.001,pg/m³,PCDD,
60427,GAGE INSTITUTE,2378-TCDD,2005-04-16T00:00,0.002,pg/m³,PCDD,
60427,GAGE INSTITUTE,2378-TCDD,2005-05-10T00:00,0.002,pg/m³,PCDD,
60427,GAGE INSTITUTE,2378-TCDD,2005-06-03T00:00,0.004,pg/m³,PCDD,
60427,GAGE INSTITUTE,2378-TCDD,2005-06-27T00:00,0.002,pg/m³,PCDD,
60427,GAGE INSTITUTE,2378-TCDD,2005-08-14T00:00,0.001,pg/m³,PCDD,
60427,GAGE INSTITUTE,2378-TCDD,2005-09-07T00:00,0.002,pg/m³,PCDD,
60427,GAGE INSTITUTE,2378-TCDD,2005-10-25T00:00,0.001,pg/m³,PCDD,
60427,GAGE INSTITUTE,2378-TCDD,2005-11-18T00:00,0.001,pg/m³,PCDD,
60427,GAGE INSTITUTE,2378-TCDD,2005-12-12T00:00,0.001,pg/m³,PCDD,
