﻿NAPS_Site_ID,Station_Name,Pollutant,Date,Value,Units,Report_Type,Method
60418,JUNCTION TRIANGLE,MEK,1994-06-13T00:00,2.369,µg/m³,VOC,N/A
60418,JUNCTION TRIANGLE,MEK,1994-06-19T00:00,1.542,µg/m³,VOC,N/A
60418,JUNCTION TRIANGLE,MEK,1994-08-06T00:00,1.646,µg/m³,VOC,N/A
60418,JUNCTION TRIANGLE,MEK,1994-08-12T00:00,2.704,µg/m³,VOC,N/A
60418,JUNCTION TRIANGLE,MEK,1994-08-18T00:00,4.756,µg/m³,VOC,N/A
60418,JUNCTION TRIANGLE,MEK,1994-08-24T00:00,2.186,µg/m³,VOC,N/A
60418,JUNCTION TRIANGLE,MEK,1994-08-30T00:00,3.441,µg/m³,VOC,N/A
60418,JUNCTION TRIANGLE,MEK,1994-09-05T00:00,1.161,µg/m³,VOC,N/A
60418,JUNCTION TRIANGLE,MEK,1994-09-11T00:00,0.832,µg/m³,VOC,N/A
60418,JUNCTION TRIANGLE,MEK,1994-09-17T00:00,1.299,µg/m³,VOC,N/A
60418,JUNCTION TRIANGLE,MEK,1994-09-23T00:00,0.796,µg/m³,VOC,N/A
60418,JUNCTION TRIANGLE,MEK,1994-09-29T00:00,2.437,µg/m³,VOC,N/A
60418,JUNCTION TRIANGLE,MEK,1994-10-05T00:00,3.944,µg/m³,VOC,N/A
60418,JUNCTION TRIANGLE,MEK,1994-10-17T00:00,5.379,µg/m³,VOC,N/A
60418,JUNCTION TRIANGLE,MEK,1994-10-23T00:00,1.628,µg/m³,VOC,N/A
60418,JUNCTION TRIANGLE,MEK,1994-10-29T00:00,1.847,µg/m³,VOC,N/A
60418,JUNCTION TRIANGLE,MEK,1994-11-04T00:00,2.447,µg/m³,VOC,N/A
60418,JUNCTION TRIANGLE,MEK,1994-11-10T00:00,1.585,µg/m³,VOC,N/A
60418,JUNCTION TRIANGLE,MEK,1994-11-16T00:00,2.545,µg/m³,VOC,N/A
60418,JUNCTION TRIANGLE,MEK,1994-11-28T00:00,1.125,µg/m³,VOC,N/A
60418,JUNCTION TRIANGLE,MEK,1994-12-04T00:00,2.462,µg/m³,VOC,N/A
60418,JUNCTION TRIANGLE,MEK,1994-12-10T00:00,1.691,µg/m³,VOC,N/A
60418,JUNCTION TRIANGLE,MEK,1994-12-16T00:00,0.867,µg/m³,VOC,N/A
60418,JUNCTION TRIANGLE,MEK,1994-12-28T00:00,0.944,µg/m³,VOC,N/A
