﻿NAPS_Site_ID,Station_Name,Pollutant,Date,Value,Units,Report_Type,Method
60211,WINDSOR WEST,Benzylchloride,2008-01-13T00:00,0.000,µg/m³,VOC,N/A
60211,WINDSOR WEST,Benzylchloride,2008-01-19T00:00,0.000,µg/m³,VOC,N/A
60211,WINDSOR WEST,Benzylchloride,2008-01-25T00:00,0.000,µg/m³,VOC,N/A
60211,WINDSOR WEST,Benzylchloride,2008-01-31T00:00,0.000,µg/m³,VOC,N/A
60211,WINDSOR WEST,Benzylchloride,2008-02-06T00:00,0.000,µg/m³,VOC,N/A
60211,WINDSOR WEST,Benzylchloride,2008-02-12T00:00,0.000,µg/m³,VOC,N/A
60211,WINDSOR WEST,Benzylchloride,2008-03-07T00:00,0.000,µg/m³,VOC,N/A
60211,WINDSOR WEST,Benzylchloride,2008-03-13T00:00,0.000,µg/m³,VOC,N/A
60211,WINDSOR WEST,Benzylchloride,2008-03-25T00:00,0.000,µg/m³,VOC,N/A
60211,WINDSOR WEST,Benzylchloride,2008-03-31T00:00,0.003,µg/m³,VOC,N/A
60211,WINDSOR WEST,Benzylchloride,2008-06-29T00:00,0.011,µg/m³,VOC,N/A
60211,WINDSOR WEST,Benzylchloride,2008-07-05T00:00,0.006,µg/m³,VOC,N/A
60211,WINDSOR WEST,Benzylchloride,2008-07-17T00:00,0.005,µg/m³,VOC,N/A
60211,WINDSOR WEST,Benzylchloride,2008-08-04T00:00,0.000,µg/m³,VOC,N/A
60211,WINDSOR WEST,Benzylchloride,2008-08-10T00:00,0.000,µg/m³,VOC,N/A
60211,WINDSOR WEST,Benzylchloride,2008-09-09T00:00,0.000,µg/m³,VOC,N/A
60211,WINDSOR WEST,Benzylchloride,2008-09-15T00:00,0.000,µg/m³,VOC,N/A
60211,WINDSOR WEST,Benzylchloride,2008-09-21T00:00,0.000,µg/m³,VOC,N/A
60211,WINDSOR WEST,Benzylchloride,2008-09-27T00:00,0.000,µg/m³,VOC,N/A
60211,WINDSOR WEST,Benzylchloride,2008-10-03T00:00,0.000,µg/m³,VOC,N/A
60211,WINDSOR WEST,Benzylchloride,2008-10-09T00:00,0.000,µg/m³,VOC,N/A
60211,WINDSOR WEST,Benzylchloride,2008-10-15T00:00,0.000,µg/m³,VOC,N/A
60211,WINDSOR WEST,Benzylchloride,2008-10-21T00:00,0.000,µg/m³,VOC,N/A
60211,WINDSOR WEST,Benzylchloride,2008-10-27T00:00,0.000,µg/m³,VOC,N/A
60211,WINDSOR WEST,Benzylchloride,2008-11-02T00:00,0.000,µg/m³,VOC,N/A
60211,WINDSOR WEST,Benzylchloride,2008-12-02T00:00,0.000,µg/m³,VOC,N/A
60211,WINDSOR WEST,Benzylchloride,2008-12-14T00:00,0.000,µg/m³,VOC,N/A
60211,WINDSOR WEST,Benzylchloride,2008-12-20T00:00,0.014,µg/m³,VOC,N/A
60211,WINDSOR WEST,Benzylchloride,2008-12-26T00:00,0.000,µg/m³,VOC,N/A
