﻿NAPS_Site_ID,Station_Name,Pollutant,Date,Value,Units,Report_Type,Method
60424,BAY & WELLESLEY _Toronto Downtown_,Dodecane,1993-01-01T00:00,0.000,µg/m³,VOC,GC-MS
60424,BAY & WELLESLEY _Toronto Downtown_,Dodecane,1993-01-07T00:00,0.000,µg/m³,VOC,GC-MS
60424,BAY & WELLESLEY _Toronto Downtown_,Dodecane,1993-01-13T00:00,0.551,µg/m³,VOC,GC-MS
60424,BAY & WELLESLEY _Toronto Downtown_,Dodecane,1993-01-19T00:00,0.000,µg/m³,VOC,GC-MS
60424,BAY & WELLESLEY _Toronto Downtown_,Dodecane,1993-01-25T00:00,0.000,µg/m³,VOC,GC-MS
60424,BAY & WELLESLEY _Toronto Downtown_,Dodecane,1993-01-31T00:00,0.000,µg/m³,VOC,GC-MS
60424,BAY & WELLESLEY _Toronto Downtown_,Dodecane,1993-02-06T00:00,0.071,µg/m³,VOC,GC-MS
60424,BAY & WELLESLEY _Toronto Downtown_,Dodecane,1993-02-12T00:00,0.215,µg/m³,VOC,GC-MS
60424,BAY & WELLESLEY _Toronto Downtown_,Dodecane,1993-02-18T00:00,0.066,µg/m³,VOC,GC-MS
60424,BAY & WELLESLEY _Toronto Downtown_,Dodecane,1993-02-24T00:00,0.000,µg/m³,VOC,GC-MS
60424,BAY & WELLESLEY _Toronto Downtown_,Dodecane,1993-03-02T00:00,0.168,µg/m³,VOC,GC-MS
60424,BAY & WELLESLEY _Toronto Downtown_,Dodecane,1993-03-08T00:00,0.123,µg/m³,VOC,GC-MS
60424,BAY & WELLESLEY _Toronto Downtown_,Dodecane,1993-03-14T00:00,0.000,µg/m³,VOC,GC-MS
60424,BAY & WELLESLEY _Toronto Downtown_,Dodecane,1993-03-20T00:00,0.106,µg/m³,VOC,GC-MS
60424,BAY & WELLESLEY _Toronto Downtown_,Dodecane,1993-03-29T00:00,0.746,µg/m³,VOC,GC-MS
60424,BAY & WELLESLEY _Toronto Downtown_,Dodecane,1993-04-04T00:00,0.167,µg/m³,VOC,GC-MS
60424,BAY & WELLESLEY _Toronto Downtown_,Dodecane,1993-06-18T00:00,0.297,µg/m³,VOC,GC-MS
60424,BAY & WELLESLEY _Toronto Downtown_,Dodecane,1993-06-24T00:00,0.278,µg/m³,VOC,GC-MS
60424,BAY & WELLESLEY _Toronto Downtown_,Dodecane,1993-06-30T00:00,0.130,µg/m³,VOC,GC-MS
60424,BAY & WELLESLEY _Toronto Downtown_,Dodecane,1993-07-06T00:00,0.233,µg/m³,VOC,GC-MS
60424,BAY & WELLESLEY _Toronto Downtown_,Dodecane,1993-07-12T00:00,0.131,µg/m³,VOC,GC-MS
60424,BAY & WELLESLEY _Toronto Downtown_,Dodecane,1993-07-18T00:00,0.138,µg/m³,VOC,GC-MS
60424,BAY & WELLESLEY _Toronto Downtown_,Dodecane,1993-07-24T00:00,0.208,µg/m³,VOC,GC-MS
60424,BAY & WELLESLEY _Toronto Downtown_,Dodecane,1993-07-30T00:00,0.124,µg/m³,VOC,GC-MS
60424,BAY & WELLESLEY _Toronto Downtown_,Dodecane,1993-08-11T00:00,0.317,µg/m³,VOC,GC-MS
60424,BAY & WELLESLEY _Toronto Downtown_,Dodecane,1993-09-04T00:00,0.142,µg/m³,VOC,GC-MS
60424,BAY & WELLESLEY _Toronto Downtown_,Dodecane,1993-09-10T00:00,0.285,µg/m³,VOC,GC-MS
60424,BAY & WELLESLEY _Toronto Downtown_,Dodecane,1993-09-16T00:00,0.154,µg/m³,VOC,GC-MS
60424,BAY & WELLESLEY _Toronto Downtown_,Dodecane,1993-09-22T00:00,0.274,µg/m³,VOC,GC-MS
60424,BAY & WELLESLEY _Toronto Downtown_,Dodecane,1993-09-28T00:00,0.211,µg/m³,VOC,GC-MS
60424,BAY & WELLESLEY _Toronto Downtown_,Dodecane,1993-10-10T00:00,0.128,µg/m³,VOC,GC-MS
60424,BAY & WELLESLEY _Toronto Downtown_,Dodecane,1993-10-16T00:00,0.343,µg/m³,VOC,GC-MS
60424,BAY & WELLESLEY _Toronto Downtown_,Dodecane,1993-10-22T00:00,0.124,µg/m³,VOC,GC-MS
60424,BAY & WELLESLEY _Toronto Downtown_,Dodecane,1993-10-28T00:00,0.156,µg/m³,VOC,GC-MS
60424,BAY & WELLESLEY _Toronto Downtown_,Dodecane,1993-11-03T00:00,0.194,µg/m³,VOC,GC-MS
60424,BAY & WELLESLEY _Toronto Downtown_,Dodecane,1993-11-09T00:00,0.162,µg/m³,VOC,GC-MS
60424,BAY & WELLESLEY _Toronto Downtown_,Dodecane,1993-11-15T00:00,0.263,µg/m³,VOC,GC-MS
60424,BAY & WELLESLEY _Toronto Downtown_,Dodecane,1993-11-21T00:00,0.126,µg/m³,VOC,GC-MS
60424,BAY & WELLESLEY _Toronto Downtown_,Dodecane,1993-11-27T00:00,0.148,µg/m³,VOC,GC-MS
60424,BAY & WELLESLEY _Toronto Downtown_,Dodecane,1993-12-03T00:00,0.178,µg/m³,VOC,GC-MS
60424,BAY & WELLESLEY _Toronto Downtown_,Dodecane,1993-12-09T00:00,0.209,µg/m³,VOC,GC-MS
60424,BAY & WELLESLEY _Toronto Downtown_,Dodecane,1993-12-15T00:00,0.112,µg/m³,VOC,GC-MS
60424,BAY & WELLESLEY _Toronto Downtown_,Dodecane,1993-12-21T00:00,0.124,µg/m³,VOC,GC-MS
60424,BAY & WELLESLEY _Toronto Downtown_,Dodecane,1993-12-27T00:00,0.000,µg/m³,VOC,GC-MS
