﻿NAPS_Site_ID,Station_Name,Pollutant,Date,Value,Units,Report_Type,Method
100133,BURMOUNT,"1,3,5-Trimethylbenzene",1996-01-10T00:00,0.162,µg/m³,VOC,
100133,BURMOUNT,"1,3,5-Trimethylbenzene",1996-01-22T00:00,0.213,µg/m³,VOC,
100133,BURMOUNT,"1,3,5-Trimethylbenzene",1996-02-03T00:00,0.445,µg/m³,VOC,
100133,BURMOUNT,"1,3,5-Trimethylbenzene",1996-02-15T00:00,0.739,µg/m³,VOC,
100133,BURMOUNT,"1,3,5-Trimethylbenzene",1996-02-27T00:00,0.180,µg/m³,VOC,
100133,BURMOUNT,"1,3,5-Trimethylbenzene",1996-03-10T00:00,0.174,µg/m³,VOC,
100133,BURMOUNT,"1,3,5-Trimethylbenzene",1996-03-22T00:00,0.147,µg/m³,VOC,
100133,BURMOUNT,"1,3,5-Trimethylbenzene",1996-04-03T00:00,0.134,µg/m³,VOC,
100133,BURMOUNT,"1,3,5-Trimethylbenzene",1996-04-15T00:00,0.141,µg/m³,VOC,
100133,BURMOUNT,"1,3,5-Trimethylbenzene",1996-04-27T00:00,0.149,µg/m³,VOC,
100133,BURMOUNT,"1,3,5-Trimethylbenzene",1996-05-15T00:00,0.119,µg/m³,VOC,
100133,BURMOUNT,"1,3,5-Trimethylbenzene",1996-05-27T00:00,0.126,µg/m³,VOC,
100133,BURMOUNT,"1,3,5-Trimethylbenzene",1996-06-08T00:00,0.054,µg/m³,VOC,
100133,BURMOUNT,"1,3,5-Trimethylbenzene",1996-06-20T00:00,0.127,µg/m³,VOC,
100133,BURMOUNT,"1,3,5-Trimethylbenzene",1996-07-14T00:00,0.267,µg/m³,VOC,
100133,BURMOUNT,"1,3,5-Trimethylbenzene",1996-07-26T00:00,0.285,µg/m³,VOC,
100133,BURMOUNT,"1,3,5-Trimethylbenzene",1996-08-07T00:00,0.267,µg/m³,VOC,
100133,BURMOUNT,"1,3,5-Trimethylbenzene",1996-08-19T00:00,0.090,µg/m³,VOC,
100133,BURMOUNT,"1,3,5-Trimethylbenzene",1996-08-31T00:00,0.093,µg/m³,VOC,
100133,BURMOUNT,"1,3,5-Trimethylbenzene",1996-09-12T00:00,0.185,µg/m³,VOC,
100133,BURMOUNT,"1,3,5-Trimethylbenzene",1996-09-30T00:00,0.211,µg/m³,VOC,
100133,BURMOUNT,"1,3,5-Trimethylbenzene",1996-10-12T00:00,0.152,µg/m³,VOC,
100133,BURMOUNT,"1,3,5-Trimethylbenzene",1996-10-30T00:00,0.277,µg/m³,VOC,
100133,BURMOUNT,"1,3,5-Trimethylbenzene",1996-11-11T00:00,0.335,µg/m³,VOC,
100133,BURMOUNT,"1,3,5-Trimethylbenzene",1996-11-23T00:00,0.272,µg/m³,VOC,
100133,BURMOUNT,"1,3,5-Trimethylbenzene",1996-12-17T00:00,0.480,µg/m³,VOC,
