﻿NAPS_Site_ID,Station_Name,Pollutant,Date,Value,Units,Report_Type,Method
64601,PT. PETRE,1-Butene/Isobutene,2011-01-03T00:00,0.043,µg/m³,VOC,N/A
64601,PT. PETRE,1-Butene/Isobutene,2011-01-06T00:00,0.082,µg/m³,VOC,N/A
64601,PT. PETRE,1-Butene/Isobutene,2011-01-09T00:00,0.045,µg/m³,VOC,N/A
64601,PT. PETRE,1-Butene/Isobutene,2011-01-12T00:00,0.034,µg/m³,VOC,N/A
64601,PT. PETRE,1-Butene/Isobutene,2011-01-15T00:00,0.064,µg/m³,VOC,N/A
64601,PT. PETRE,1-Butene/Isobutene,2011-01-18T00:00,0.059,µg/m³,VOC,N/A
64601,PT. PETRE,1-Butene/Isobutene,2011-01-21T00:00,0.041,µg/m³,VOC,N/A
64601,PT. PETRE,1-Butene/Isobutene,2011-01-24T00:00,0.038,µg/m³,VOC,N/A
64601,PT. PETRE,1-Butene/Isobutene,2011-01-27T00:00,0.075,µg/m³,VOC,N/A
64601,PT. PETRE,1-Butene/Isobutene,2011-01-30T00:00,0.043,µg/m³,VOC,N/A
64601,PT. PETRE,1-Butene/Isobutene,2011-02-02T00:00,0.103,µg/m³,VOC,N/A
64601,PT. PETRE,1-Butene/Isobutene,2011-02-05T00:00,0.068,µg/m³,VOC,N/A
64601,PT. PETRE,1-Butene/Isobutene,2011-02-08T00:00,0.145,µg/m³,VOC,N/A
64601,PT. PETRE,1-Butene/Isobutene,2011-02-11T00:00,0.078,µg/m³,VOC,N/A
64601,PT. PETRE,1-Butene/Isobutene,2011-02-14T00:00,0.056,µg/m³,VOC,N/A
64601,PT. PETRE,1-Butene/Isobutene,2011-02-17T00:00,0.084,µg/m³,VOC,N/A
64601,PT. PETRE,1-Butene/Isobutene,2011-02-20T00:00,0.034,µg/m³,VOC,N/A
64601,PT. PETRE,1-Butene/Isobutene,2011-02-23T00:00,0.062,µg/m³,VOC,N/A
64601,PT. PETRE,1-Butene/Isobutene,2011-02-26T00:00,0.031,µg/m³,VOC,N/A
64601,PT. PETRE,1-Butene/Isobutene,2011-03-01T00:00,0.074,µg/m³,VOC,N/A
64601,PT. PETRE,1-Butene/Isobutene,2011-03-04T00:00,0.099,µg/m³,VOC,N/A
64601,PT. PETRE,1-Butene/Isobutene,2011-03-07T00:00,0.035,µg/m³,VOC,N/A
64601,PT. PETRE,1-Butene/Isobutene,2011-03-10T00:00,0.046,µg/m³,VOC,N/A
64601,PT. PETRE,1-Butene/Isobutene,2011-03-13T00:00,0.037,µg/m³,VOC,N/A
64601,PT. PETRE,1-Butene/Isobutene,2011-03-16T00:00,0.116,µg/m³,VOC,N/A
64601,PT. PETRE,1-Butene/Isobutene,2011-03-19T00:00,0.088,µg/m³,VOC,N/A
64601,PT. PETRE,1-Butene/Isobutene,2011-03-22T00:00,0.036,µg/m³,VOC,N/A
64601,PT. PETRE,1-Butene/Isobutene,2011-03-25T00:00,0.041,µg/m³,VOC,N/A
64601,PT. PETRE,1-Butene/Isobutene,2011-03-28T00:00,0.045,µg/m³,VOC,N/A
64601,PT. PETRE,1-Butene/Isobutene,2011-03-31T00:00,0.050,µg/m³,VOC,N/A
64601,PT. PETRE,1-Butene/Isobutene,2011-04-03T00:00,0.086,µg/m³,VOC,N/A
64601,PT. PETRE,1-Butene/Isobutene,2011-04-06T00:00,0.045,µg/m³,VOC,N/A
64601,PT. PETRE,1-Butene/Isobutene,2011-04-09T00:00,0.058,µg/m³,VOC,N/A
64601,PT. PETRE,1-Butene/Isobutene,2011-04-12T00:00,0.043,µg/m³,VOC,N/A
64601,PT. PETRE,1-Butene/Isobutene,2011-04-15T00:00,0.055,µg/m³,VOC,N/A
64601,PT. PETRE,1-Butene/Isobutene,2011-04-18T00:00,0.050,µg/m³,VOC,N/A
64601,PT. PETRE,1-Butene/Isobutene,2011-04-21T00:00,0.037,µg/m³,VOC,N/A
64601,PT. PETRE,1-Butene/Isobutene,2011-04-24T00:00,0.127,µg/m³,VOC,N/A
64601,PT. PETRE,1-Butene/Isobutene,2011-04-27T00:00,0.067,µg/m³,VOC,N/A
64601,PT. PETRE,1-Butene/Isobutene,2011-04-30T00:00,0.041,µg/m³,VOC,N/A
64601,PT. PETRE,1-Butene/Isobutene,2011-05-03T00:00,0.035,µg/m³,VOC,N/A
64601,PT. PETRE,1-Butene/Isobutene,2011-05-06T00:00,0.037,µg/m³,VOC,N/A
64601,PT. PETRE,1-Butene/Isobutene,2011-05-09T00:00,0.038,µg/m³,VOC,N/A
64601,PT. PETRE,1-Butene/Isobutene,2011-05-12T00:00,0.065,µg/m³,VOC,N/A
64601,PT. PETRE,1-Butene/Isobutene,2011-05-15T00:00,0.044,µg/m³,VOC,N/A
64601,PT. PETRE,1-Butene/Isobutene,2011-05-18T00:00,0.031,µg/m³,VOC,N/A
64601,PT. PETRE,1-Butene/Isobutene,2011-05-21T00:00,0.047,µg/m³,VOC,N/A
64601,PT. PETRE,1-Butene/Isobutene,2011-05-24T00:00,0.047,µg/m³,VOC,N/A
64601,PT. PETRE,1-Butene/Isobutene,2011-05-27T00:00,0.074,µg/m³,VOC,N/A
64601,PT. PETRE,1-Butene/Isobutene,2011-05-30T00:00,0.036,µg/m³,VOC,N/A
64601,PT. PETRE,1-Butene/Isobutene,2011-06-02T00:00,0.035,µg/m³,VOC,N/A
64601,PT. PETRE,1-Butene/Isobutene,2011-06-05T00:00,0.164,µg/m³,VOC,N/A
64601,PT. PETRE,1-Butene/Isobutene,2011-06-08T00:00,0.047,µg/m³,VOC,N/A
64601,PT. PETRE,1-Butene/Isobutene,2011-06-11T00:00,0.045,µg/m³,VOC,N/A
64601,PT. PETRE,1-Butene/Isobutene,2011-06-14T00:00,0.140,µg/m³,VOC,N/A
64601,PT. PETRE,1-Butene/Isobutene,2011-06-17T00:00,0.048,µg/m³,VOC,N/A
64601,PT. PETRE,1-Butene/Isobutene,2011-06-20T00:00,0.079,µg/m³,VOC,N/A
64601,PT. PETRE,1-Butene/Isobutene,2011-06-23T00:00,0.086,µg/m³,VOC,N/A
64601,PT. PETRE,1-Butene/Isobutene,2011-06-26T00:00,0.188,µg/m³,VOC,N/A
64601,PT. PETRE,1-Butene/Isobutene,2011-06-29T00:00,0.078,µg/m³,VOC,N/A
64601,PT. PETRE,1-Butene/Isobutene,2011-07-02T00:00,0.145,µg/m³,VOC,N/A
