﻿NAPS_Site_ID,Station_Name,Pollutant,Date,Value,Units,Report_Type,Method
100134,VANCOUVER INTL. AIRPORT,Freon 11,2000-01-07T00:00,1.740,µg/m³,VOC,GC-MS
100134,VANCOUVER INTL. AIRPORT,Freon 11,2000-01-31T00:00,1.990,µg/m³,VOC,GC-MS
100134,VANCOUVER INTL. AIRPORT,Freon 11,2000-02-18T00:00,1.890,µg/m³,VOC,GC-MS
100134,VANCOUVER INTL. AIRPORT,Freon 11,2000-03-07T00:00,2.010,µg/m³,VOC,GC-MS
100134,VANCOUVER INTL. AIRPORT,Freon 11,2000-03-25T00:00,2.060,µg/m³,VOC,GC-MS
100134,VANCOUVER INTL. AIRPORT,Freon 11,2000-04-12T00:00,1.830,µg/m³,VOC,GC-MS
100134,VANCOUVER INTL. AIRPORT,Freon 11,2000-04-30T00:00,1.670,µg/m³,VOC,GC-MS
100134,VANCOUVER INTL. AIRPORT,Freon 11,2000-05-18T00:00,1.690,µg/m³,VOC,GC-MS
100134,VANCOUVER INTL. AIRPORT,Freon 11,2000-06-05T00:00,1.820,µg/m³,VOC,GC-MS
100134,VANCOUVER INTL. AIRPORT,Freon 11,2000-06-23T00:00,1.710,µg/m³,VOC,GC-MS
100134,VANCOUVER INTL. AIRPORT,Freon 11,2000-07-11T00:00,1.710,µg/m³,VOC,GC-MS
100134,VANCOUVER INTL. AIRPORT,Freon 11,2000-07-29T00:00,1.810,µg/m³,VOC,GC-MS
100134,VANCOUVER INTL. AIRPORT,Freon 11,2000-08-16T00:00,1.820,µg/m³,VOC,GC-MS
100134,VANCOUVER INTL. AIRPORT,Freon 11,2000-09-03T00:00,1.640,µg/m³,VOC,GC-MS
100134,VANCOUVER INTL. AIRPORT,Freon 11,2000-09-21T00:00,2.020,µg/m³,VOC,GC-MS
100134,VANCOUVER INTL. AIRPORT,Freon 11,2000-10-09T00:00,1.940,µg/m³,VOC,GC-MS
100134,VANCOUVER INTL. AIRPORT,Freon 11,2000-10-27T00:00,1.960,µg/m³,VOC,GC-MS
100134,VANCOUVER INTL. AIRPORT,Freon 11,2000-11-14T00:00,1.870,µg/m³,VOC,GC-MS
100134,VANCOUVER INTL. AIRPORT,Freon 11,2000-12-02T00:00,1.660,µg/m³,VOC,GC-MS
100134,VANCOUVER INTL. AIRPORT,Freon 11,2000-12-20T00:00,1.980,µg/m³,VOC,GC-MS
