﻿NAPS_Site_ID,Station_Name,Pollutant,Date,Value,Units,Report_Type,Method
90121,EDMONTON EAST,2-Methylpentane,2007-01-06T00:00,2.124,µg/m³,VOC,GC-MS
90121,EDMONTON EAST,2-Methylpentane,2007-01-12T00:00,4.308,µg/m³,VOC,GC-MS
90121,EDMONTON EAST,2-Methylpentane,2007-01-18T00:00,3.229,µg/m³,VOC,GC-MS
90121,EDMONTON EAST,2-Methylpentane,2007-01-24T00:00,2.303,µg/m³,VOC,GC-MS
90121,EDMONTON EAST,2-Methylpentane,2007-01-30T00:00,0.756,µg/m³,VOC,GC-MS
90121,EDMONTON EAST,2-Methylpentane,2007-02-05T00:00,5.832,µg/m³,VOC,GC-MS
90121,EDMONTON EAST,2-Methylpentane,2007-02-11T00:00,12.626,µg/m³,VOC,GC-MS
90121,EDMONTON EAST,2-Methylpentane,2007-02-17T00:00,2.241,µg/m³,VOC,GC-MS
90121,EDMONTON EAST,2-Methylpentane,2007-02-23T00:00,2.917,µg/m³,VOC,GC-MS
90121,EDMONTON EAST,2-Methylpentane,2007-03-01T00:00,12.269,µg/m³,VOC,GC-MS
90121,EDMONTON EAST,2-Methylpentane,2007-03-07T00:00,21.674,µg/m³,VOC,GC-MS
90121,EDMONTON EAST,2-Methylpentane,2007-03-13T00:00,4.762,µg/m³,VOC,GC-MS
90121,EDMONTON EAST,2-Methylpentane,2007-03-19T00:00,1.507,µg/m³,VOC,GC-MS
90121,EDMONTON EAST,2-Methylpentane,2007-03-25T00:00,2.460,µg/m³,VOC,GC-MS
90121,EDMONTON EAST,2-Methylpentane,2007-03-31T00:00,1.270,µg/m³,VOC,GC-MS
90121,EDMONTON EAST,2-Methylpentane,2007-04-06T00:00,1.536,µg/m³,VOC,GC-MS
90121,EDMONTON EAST,2-Methylpentane,2007-04-12T00:00,3.022,µg/m³,VOC,GC-MS
90121,EDMONTON EAST,2-Methylpentane,2007-04-18T00:00,5.533,µg/m³,VOC,GC-MS
90121,EDMONTON EAST,2-Methylpentane,2007-04-24T00:00,2.293,µg/m³,VOC,GC-MS
90121,EDMONTON EAST,2-Methylpentane,2007-04-30T00:00,3.261,µg/m³,VOC,GC-MS
90121,EDMONTON EAST,2-Methylpentane,2007-05-12T00:00,2.629,µg/m³,VOC,GC-MS
90121,EDMONTON EAST,2-Methylpentane,2007-05-18T00:00,8.420,µg/m³,VOC,GC-MS
90121,EDMONTON EAST,2-Methylpentane,2007-05-24T00:00,9.384,µg/m³,VOC,GC-MS
90121,EDMONTON EAST,2-Methylpentane,2007-05-30T00:00,2.577,µg/m³,VOC,GC-MS
90121,EDMONTON EAST,2-Methylpentane,2007-06-05T00:00,15.921,µg/m³,VOC,GC-MS
90121,EDMONTON EAST,2-Methylpentane,2007-06-11T00:00,3.364,µg/m³,VOC,GC-MS
90121,EDMONTON EAST,2-Methylpentane,2007-06-17T00:00,8.068,µg/m³,VOC,GC-MS
90121,EDMONTON EAST,2-Methylpentane,2007-06-23T00:00,4.137,µg/m³,VOC,GC-MS
90121,EDMONTON EAST,2-Methylpentane,2007-06-29T00:00,1.698,µg/m³,VOC,GC-MS
90121,EDMONTON EAST,2-Methylpentane,2007-07-05T00:00,3.434,µg/m³,VOC,GC-MS
90121,EDMONTON EAST,2-Methylpentane,2007-07-11T00:00,10.735,µg/m³,VOC,GC-MS
90121,EDMONTON EAST,2-Methylpentane,2007-07-17T00:00,17.551,µg/m³,VOC,GC-MS
90121,EDMONTON EAST,2-Methylpentane,2007-07-23T00:00,7.004,µg/m³,VOC,GC-MS
90121,EDMONTON EAST,2-Methylpentane,2007-07-29T00:00,15.610,µg/m³,VOC,GC-MS
90121,EDMONTON EAST,2-Methylpentane,2007-08-04T00:00,4.059,µg/m³,VOC,GC-MS
90121,EDMONTON EAST,2-Methylpentane,2007-08-10T00:00,3.334,µg/m³,VOC,GC-MS
90121,EDMONTON EAST,2-Methylpentane,2007-08-16T00:00,2.178,µg/m³,VOC,GC-MS
90121,EDMONTON EAST,2-Methylpentane,2007-08-22T00:00,1.321,µg/m³,VOC,GC-MS
90121,EDMONTON EAST,2-Methylpentane,2007-08-28T00:00,3.705,µg/m³,VOC,GC-MS
90121,EDMONTON EAST,2-Methylpentane,2007-09-03T00:00,5.171,µg/m³,VOC,GC-MS
90121,EDMONTON EAST,2-Methylpentane,2007-09-09T00:00,2.286,µg/m³,VOC,GC-MS
90121,EDMONTON EAST,2-Methylpentane,2007-09-15T00:00,3.364,µg/m³,VOC,GC-MS
90121,EDMONTON EAST,2-Methylpentane,2007-09-21T00:00,6.792,µg/m³,VOC,GC-MS
90121,EDMONTON EAST,2-Methylpentane,2007-09-27T00:00,3.678,µg/m³,VOC,GC-MS
90121,EDMONTON EAST,2-Methylpentane,2007-10-03T00:00,5.469,µg/m³,VOC,GC-MS
90121,EDMONTON EAST,2-Methylpentane,2007-10-09T00:00,5.506,µg/m³,VOC,GC-MS
90121,EDMONTON EAST,2-Methylpentane,2007-10-15T00:00,3.135,µg/m³,VOC,GC-MS
90121,EDMONTON EAST,2-Methylpentane,2007-10-21T00:00,2.288,µg/m³,VOC,GC-MS
90121,EDMONTON EAST,2-Methylpentane,2007-10-27T00:00,1.638,µg/m³,VOC,GC-MS
90121,EDMONTON EAST,2-Methylpentane,2007-11-02T00:00,1.841,µg/m³,VOC,GC-MS
90121,EDMONTON EAST,2-Methylpentane,2007-11-08T00:00,5.994,µg/m³,VOC,GC-MS
90121,EDMONTON EAST,2-Methylpentane,2007-11-14T00:00,3.699,µg/m³,VOC,GC-MS
90121,EDMONTON EAST,2-Methylpentane,2007-11-20T00:00,2.596,µg/m³,VOC,GC-MS
90121,EDMONTON EAST,2-Methylpentane,2007-12-02T00:00,7.081,µg/m³,VOC,GC-MS
90121,EDMONTON EAST,2-Methylpentane,2007-12-08T00:00,3.677,µg/m³,VOC,GC-MS
90121,EDMONTON EAST,2-Methylpentane,2007-12-14T00:00,10.768,µg/m³,VOC,GC-MS
90121,EDMONTON EAST,2-Methylpentane,2007-12-20T00:00,15.891,µg/m³,VOC,GC-MS
