﻿NAPS_Site_ID,Station_Name,Pollutant,Date,Value,Units,Report_Type,Method
60101,HYDRO BLDG.,2-Methylheptane,2001-01-01T00:00,0.130,µg/m³,VOC,GC-MS
60101,HYDRO BLDG.,2-Methylheptane,2001-01-07T00:00,0.160,µg/m³,VOC,GC-MS
60101,HYDRO BLDG.,2-Methylheptane,2001-01-13T00:00,0.620,µg/m³,VOC,GC-MS
60101,HYDRO BLDG.,2-Methylheptane,2001-01-19T00:00,0.830,µg/m³,VOC,GC-MS
60101,HYDRO BLDG.,2-Methylheptane,2001-01-25T00:00,0.190,µg/m³,VOC,GC-MS
60101,HYDRO BLDG.,2-Methylheptane,2001-01-31T00:00,0.320,µg/m³,VOC,GC-MS
60101,HYDRO BLDG.,2-Methylheptane,2001-02-12T00:00,0.340,µg/m³,VOC,GC-MS
60101,HYDRO BLDG.,2-Methylheptane,2001-02-18T00:00,0.220,µg/m³,VOC,GC-MS
60101,HYDRO BLDG.,2-Methylheptane,2001-02-24T00:00,0.120,µg/m³,VOC,GC-MS
60101,HYDRO BLDG.,2-Methylheptane,2001-03-08T00:00,0.270,µg/m³,VOC,GC-MS
60101,HYDRO BLDG.,2-Methylheptane,2001-03-14T00:00,0.260,µg/m³,VOC,GC-MS
60101,HYDRO BLDG.,2-Methylheptane,2001-03-20T00:00,0.460,µg/m³,VOC,GC-MS
60101,HYDRO BLDG.,2-Methylheptane,2001-04-07T00:00,0.100,µg/m³,VOC,GC-MS
60101,HYDRO BLDG.,2-Methylheptane,2001-04-19T00:00,0.190,µg/m³,VOC,GC-MS
60101,HYDRO BLDG.,2-Methylheptane,2001-04-25T00:00,0.200,µg/m³,VOC,GC-MS
60101,HYDRO BLDG.,2-Methylheptane,2001-05-01T00:00,0.400,µg/m³,VOC,GC-MS
60101,HYDRO BLDG.,2-Methylheptane,2001-05-07T00:00,0.290,µg/m³,VOC,GC-MS
60101,HYDRO BLDG.,2-Methylheptane,2001-05-13T00:00,0.090,µg/m³,VOC,GC-MS
60101,HYDRO BLDG.,2-Methylheptane,2001-05-19T00:00,0.140,µg/m³,VOC,GC-MS
60101,HYDRO BLDG.,2-Methylheptane,2001-05-25T00:00,0.190,µg/m³,VOC,GC-MS
60101,HYDRO BLDG.,2-Methylheptane,2001-05-31T00:00,0.240,µg/m³,VOC,GC-MS
60101,HYDRO BLDG.,2-Methylheptane,2001-06-06T00:00,0.220,µg/m³,VOC,GC-MS
60101,HYDRO BLDG.,2-Methylheptane,2001-06-12T00:00,0.360,µg/m³,VOC,GC-MS
60101,HYDRO BLDG.,2-Methylheptane,2001-06-18T00:00,0.190,µg/m³,VOC,GC-MS
60101,HYDRO BLDG.,2-Methylheptane,2001-06-24T00:00,0.100,µg/m³,VOC,GC-MS
60101,HYDRO BLDG.,2-Methylheptane,2001-06-30T00:00,0.130,µg/m³,VOC,GC-MS
60101,HYDRO BLDG.,2-Methylheptane,2001-07-06T00:00,0.180,µg/m³,VOC,GC-MS
60101,HYDRO BLDG.,2-Methylheptane,2001-07-12T00:00,0.170,µg/m³,VOC,GC-MS
60101,HYDRO BLDG.,2-Methylheptane,2001-07-18T00:00,0.250,µg/m³,VOC,GC-MS
60101,HYDRO BLDG.,2-Methylheptane,2001-07-24T00:00,0.280,µg/m³,VOC,GC-MS
60101,HYDRO BLDG.,2-Methylheptane,2001-07-30T00:00,0.220,µg/m³,VOC,GC-MS
60101,HYDRO BLDG.,2-Methylheptane,2001-08-05T00:00,0.180,µg/m³,VOC,GC-MS
60101,HYDRO BLDG.,2-Methylheptane,2001-08-17T00:00,0.240,µg/m³,VOC,GC-MS
60101,HYDRO BLDG.,2-Methylheptane,2001-08-23T00:00,0.210,µg/m³,VOC,GC-MS
60101,HYDRO BLDG.,2-Methylheptane,2001-08-29T00:00,0.140,µg/m³,VOC,GC-MS
60101,HYDRO BLDG.,2-Methylheptane,2001-09-04T00:00,0.180,µg/m³,VOC,GC-MS
60101,HYDRO BLDG.,2-Methylheptane,2001-09-10T00:00,0.200,µg/m³,VOC,GC-MS
60101,HYDRO BLDG.,2-Methylheptane,2001-09-16T00:00,0.160,µg/m³,VOC,GC-MS
60101,HYDRO BLDG.,2-Methylheptane,2001-09-22T00:00,0.220,µg/m³,VOC,GC-MS
60101,HYDRO BLDG.,2-Methylheptane,2001-09-28T00:00,0.200,µg/m³,VOC,GC-MS
60101,HYDRO BLDG.,2-Methylheptane,2001-10-04T00:00,0.260,µg/m³,VOC,GC-MS
60101,HYDRO BLDG.,2-Methylheptane,2001-10-10T00:00,0.430,µg/m³,VOC,GC-MS
60101,HYDRO BLDG.,2-Methylheptane,2001-10-16T00:00,0.260,µg/m³,VOC,GC-MS
60101,HYDRO BLDG.,2-Methylheptane,2001-10-22T00:00,0.390,µg/m³,VOC,GC-MS
60101,HYDRO BLDG.,2-Methylheptane,2001-10-28T00:00,0.140,µg/m³,VOC,GC-MS
60101,HYDRO BLDG.,2-Methylheptane,2001-11-03T00:00,0.210,µg/m³,VOC,GC-MS
60101,HYDRO BLDG.,2-Methylheptane,2001-11-09T00:00,0.210,µg/m³,VOC,GC-MS
60101,HYDRO BLDG.,2-Methylheptane,2001-11-15T00:00,0.540,µg/m³,VOC,GC-MS
60101,HYDRO BLDG.,2-Methylheptane,2001-11-21T00:00,0.360,µg/m³,VOC,GC-MS
60101,HYDRO BLDG.,2-Methylheptane,2001-11-27T00:00,0.150,µg/m³,VOC,GC-MS
60101,HYDRO BLDG.,2-Methylheptane,2001-12-03T00:00,0.460,µg/m³,VOC,GC-MS
60101,HYDRO BLDG.,2-Methylheptane,2001-12-09T00:00,0.200,µg/m³,VOC,GC-MS
60101,HYDRO BLDG.,2-Methylheptane,2001-12-15T00:00,0.090,µg/m³,VOC,GC-MS
60101,HYDRO BLDG.,2-Methylheptane,2001-12-21T00:00,0.170,µg/m³,VOC,GC-MS
60101,HYDRO BLDG.,2-Methylheptane,2001-12-27T00:00,0.310,µg/m³,VOC,GC-MS
