﻿NAPS_Site_ID,Station_Name,Pollutant,Date,Value,Units,Report_Type,Method
80901,BRATT'S LAKE,Naphthalene,2011-01-03T00:00,0.003,µg/m³,VOC,N/A
80901,BRATT'S LAKE,Naphthalene,2011-01-06T00:00,0.013,µg/m³,VOC,N/A
80901,BRATT'S LAKE,Naphthalene,2011-01-09T00:00,0.004,µg/m³,VOC,N/A
80901,BRATT'S LAKE,Naphthalene,2011-01-12T00:00,0.002,µg/m³,VOC,N/A
80901,BRATT'S LAKE,Naphthalene,2011-01-15T00:00,0.011,µg/m³,VOC,N/A
80901,BRATT'S LAKE,Naphthalene,2011-01-18T00:00,0.005,µg/m³,VOC,N/A
80901,BRATT'S LAKE,Naphthalene,2011-01-21T00:00,0.004,µg/m³,VOC,N/A
80901,BRATT'S LAKE,Naphthalene,2011-01-24T00:00,0.005,µg/m³,VOC,N/A
80901,BRATT'S LAKE,Naphthalene,2011-01-27T00:00,0.007,µg/m³,VOC,N/A
80901,BRATT'S LAKE,Naphthalene,2011-01-30T00:00,0.010,µg/m³,VOC,N/A
80901,BRATT'S LAKE,Naphthalene,2011-02-02T00:00,0.008,µg/m³,VOC,N/A
80901,BRATT'S LAKE,Naphthalene,2011-02-05T00:00,0.005,µg/m³,VOC,N/A
80901,BRATT'S LAKE,Naphthalene,2011-02-08T00:00,0.003,µg/m³,VOC,N/A
80901,BRATT'S LAKE,Naphthalene,2011-02-11T00:00,0.003,µg/m³,VOC,N/A
80901,BRATT'S LAKE,Naphthalene,2011-02-14T00:00,0.003,µg/m³,VOC,N/A
80901,BRATT'S LAKE,Naphthalene,2011-02-17T00:00,0.000,µg/m³,VOC,N/A
80901,BRATT'S LAKE,Naphthalene,2011-02-20T00:00,0.003,µg/m³,VOC,N/A
80901,BRATT'S LAKE,Naphthalene,2011-02-23T00:00,0.006,µg/m³,VOC,N/A
80901,BRATT'S LAKE,Naphthalene,2011-03-04T00:00,0.005,µg/m³,VOC,N/A
80901,BRATT'S LAKE,Naphthalene,2011-03-07T00:00,0.008,µg/m³,VOC,N/A
80901,BRATT'S LAKE,Naphthalene,2011-03-10T00:00,0.009,µg/m³,VOC,N/A
80901,BRATT'S LAKE,Naphthalene,2011-03-13T00:00,0.004,µg/m³,VOC,N/A
80901,BRATT'S LAKE,Naphthalene,2011-03-16T00:00,0.008,µg/m³,VOC,N/A
80901,BRATT'S LAKE,Naphthalene,2011-03-19T00:00,0.005,µg/m³,VOC,N/A
80901,BRATT'S LAKE,Naphthalene,2011-03-22T00:00,0.004,µg/m³,VOC,N/A
80901,BRATT'S LAKE,Naphthalene,2011-03-25T00:00,0.003,µg/m³,VOC,N/A
