﻿NAPS_Site_ID,Station_Name,Pollutant,Date,Value,Units,Report_Type,Method
100127,SURREY EAST,1-Nonene,1992-01-13T00:00,0.000,µg/m³,VOC,N/A
100127,SURREY EAST,1-Nonene,1992-02-18T00:00,0.000,µg/m³,VOC,N/A
100127,SURREY EAST,1-Nonene,1992-03-19T00:00,0.000,µg/m³,VOC,N/A
100127,SURREY EAST,1-Nonene,1992-04-24T00:00,0.000,µg/m³,VOC,N/A
100127,SURREY EAST,1-Nonene,1992-05-30T00:00,0.028,µg/m³,VOC,N/A
100127,SURREY EAST,1-Nonene,1992-06-29T00:00,0.008,µg/m³,VOC,N/A
100127,SURREY EAST,1-Nonene,1992-08-10T00:00,0.003,µg/m³,VOC,N/A
