﻿NAPS_Site_ID,Station_Name,Pollutant,Date,Value,Units,Report_Type,Method
40203,FOREST HILLS,Tetrachloroethylene,2012-01-04T00:00,0.148,µg/m³,VOC,
40203,FOREST HILLS,Tetrachloroethylene,2012-01-10T00:00,0.504,µg/m³,VOC,
40203,FOREST HILLS,Tetrachloroethylene,2012-01-28T00:00,0.030,µg/m³,VOC,
40203,FOREST HILLS,Tetrachloroethylene,2012-02-03T00:00,0.031,µg/m³,VOC,
40203,FOREST HILLS,Tetrachloroethylene,2012-02-09T00:00,0.817,µg/m³,VOC,
40203,FOREST HILLS,Tetrachloroethylene,2012-02-15T00:00,0.711,µg/m³,VOC,
40203,FOREST HILLS,Tetrachloroethylene,2012-02-21T00:00,0.122,µg/m³,VOC,
40203,FOREST HILLS,Tetrachloroethylene,2012-02-27T00:00,0.047,µg/m³,VOC,
40203,FOREST HILLS,Tetrachloroethylene,2012-03-04T00:00,0.060,µg/m³,VOC,
40203,FOREST HILLS,Tetrachloroethylene,2012-03-10T00:00,0.089,µg/m³,VOC,
40203,FOREST HILLS,Tetrachloroethylene,2012-03-16T00:00,0.102,µg/m³,VOC,
40203,FOREST HILLS,Tetrachloroethylene,2012-03-22T00:00,0.341,µg/m³,VOC,
40203,FOREST HILLS,Tetrachloroethylene,2012-03-28T00:00,0.096,µg/m³,VOC,
40203,FOREST HILLS,Tetrachloroethylene,2012-04-03T00:00,0.029,µg/m³,VOC,
40203,FOREST HILLS,Tetrachloroethylene,2012-04-09T00:00,0.115,µg/m³,VOC,
40203,FOREST HILLS,Tetrachloroethylene,2012-04-15T00:00,0.210,µg/m³,VOC,
40203,FOREST HILLS,Tetrachloroethylene,2012-04-21T00:00,0.059,µg/m³,VOC,
40203,FOREST HILLS,Tetrachloroethylene,2012-04-27T00:00,0.107,µg/m³,VOC,
40203,FOREST HILLS,Tetrachloroethylene,2012-05-03T00:00,0.070,µg/m³,VOC,
40203,FOREST HILLS,Tetrachloroethylene,2012-05-09T00:00,0.271,µg/m³,VOC,
40203,FOREST HILLS,Tetrachloroethylene,2012-05-15T00:00,0.071,µg/m³,VOC,
40203,FOREST HILLS,Tetrachloroethylene,2012-05-21T00:00,0.045,µg/m³,VOC,
40203,FOREST HILLS,Tetrachloroethylene,2012-05-27T00:00,0.029,µg/m³,VOC,
40203,FOREST HILLS,Tetrachloroethylene,2012-06-02T00:00,0.186,µg/m³,VOC,
40203,FOREST HILLS,Tetrachloroethylene,2012-06-08T00:00,0.087,µg/m³,VOC,
40203,FOREST HILLS,Tetrachloroethylene,2012-06-14T00:00,0.025,µg/m³,VOC,
40203,FOREST HILLS,Tetrachloroethylene,2012-06-20T00:00,0.463,µg/m³,VOC,
40203,FOREST HILLS,Tetrachloroethylene,2012-06-26T00:00,0.023,µg/m³,VOC,
40203,FOREST HILLS,Tetrachloroethylene,2012-07-02T00:00,0.036,µg/m³,VOC,
40203,FOREST HILLS,Tetrachloroethylene,2012-07-08T00:00,0.022,µg/m³,VOC,
40203,FOREST HILLS,Tetrachloroethylene,2012-07-14T00:00,0.276,µg/m³,VOC,
40203,FOREST HILLS,Tetrachloroethylene,2012-07-20T00:00,0.037,µg/m³,VOC,
40203,FOREST HILLS,Tetrachloroethylene,2012-07-26T00:00,0.254,µg/m³,VOC,
40203,FOREST HILLS,Tetrachloroethylene,2012-08-01T00:00,0.028,µg/m³,VOC,
40203,FOREST HILLS,Tetrachloroethylene,2012-08-07T00:00,0.033,µg/m³,VOC,
40203,FOREST HILLS,Tetrachloroethylene,2012-08-13T00:00,0.363,µg/m³,VOC,
40203,FOREST HILLS,Tetrachloroethylene,2012-08-19T00:00,0.044,µg/m³,VOC,
40203,FOREST HILLS,Tetrachloroethylene,2012-08-25T00:00,0.045,µg/m³,VOC,
40203,FOREST HILLS,Tetrachloroethylene,2012-08-31T00:00,0.068,µg/m³,VOC,
40203,FOREST HILLS,Tetrachloroethylene,2012-09-12T00:00,0.098,µg/m³,VOC,
40203,FOREST HILLS,Tetrachloroethylene,2012-09-18T00:00,0.052,µg/m³,VOC,
40203,FOREST HILLS,Tetrachloroethylene,2012-09-24T00:00,0.986,µg/m³,VOC,
40203,FOREST HILLS,Tetrachloroethylene,2012-09-30T00:00,0.021,µg/m³,VOC,
40203,FOREST HILLS,Tetrachloroethylene,2012-10-06T00:00,0.049,µg/m³,VOC,
40203,FOREST HILLS,Tetrachloroethylene,2012-10-18T00:00,0.107,µg/m³,VOC,
40203,FOREST HILLS,Tetrachloroethylene,2012-10-24T00:00,0.016,µg/m³,VOC,
40203,FOREST HILLS,Tetrachloroethylene,2012-10-30T00:00,0.022,µg/m³,VOC,
40203,FOREST HILLS,Tetrachloroethylene,2012-11-05T00:00,0.017,µg/m³,VOC,
40203,FOREST HILLS,Tetrachloroethylene,2012-11-11T00:00,0.078,µg/m³,VOC,
40203,FOREST HILLS,Tetrachloroethylene,2012-11-17T00:00,0.044,µg/m³,VOC,
40203,FOREST HILLS,Tetrachloroethylene,2012-11-23T00:00,0.216,µg/m³,VOC,
40203,FOREST HILLS,Tetrachloroethylene,2012-11-29T00:00,0.070,µg/m³,VOC,
40203,FOREST HILLS,Tetrachloroethylene,2012-12-05T00:00,0.058,µg/m³,VOC,
40203,FOREST HILLS,Tetrachloroethylene,2012-12-11T00:00,0.081,µg/m³,VOC,
40203,FOREST HILLS,Tetrachloroethylene,2012-12-17T00:00,0.024,µg/m³,VOC,
40203,FOREST HILLS,Tetrachloroethylene,2012-12-23T00:00,0.039,µg/m³,VOC,
40203,FOREST HILLS,Tetrachloroethylene,2012-12-29T00:00,0.028,µg/m³,VOC,
