﻿NAPS_Site_ID,Station_Name,Pollutant,Date,Value,Units,Report_Type,Method
50122,BROSSARD - PARC SORBONNE,3-Methylhexane,2016-12-31T19:00,0.172,µg/m³,VOC,
50122,BROSSARD - PARC SORBONNE,3-Methylhexane,2017-01-06T19:00,0.445,µg/m³,VOC,
50122,BROSSARD - PARC SORBONNE,3-Methylhexane,2017-01-18T19:00,0.222,µg/m³,VOC,
50122,BROSSARD - PARC SORBONNE,3-Methylhexane,2017-01-24T19:00,0.130,µg/m³,VOC,
50122,BROSSARD - PARC SORBONNE,3-Methylhexane,2017-01-30T19:00,0.384,µg/m³,VOC,
50122,BROSSARD - PARC SORBONNE,3-Methylhexane,2017-02-05T19:00,0.115,µg/m³,VOC,
50122,BROSSARD - PARC SORBONNE,3-Methylhexane,2017-02-11T19:00,0.215,µg/m³,VOC,
50122,BROSSARD - PARC SORBONNE,3-Methylhexane,2017-02-17T19:00,0.142,µg/m³,VOC,
50122,BROSSARD - PARC SORBONNE,3-Methylhexane,2017-02-23T19:00,0.307,µg/m³,VOC,
50122,BROSSARD - PARC SORBONNE,3-Methylhexane,2017-03-01T19:00,0.072,µg/m³,VOC,
50122,BROSSARD - PARC SORBONNE,3-Methylhexane,2017-03-07T19:00,0.105,µg/m³,VOC,
50122,BROSSARD - PARC SORBONNE,3-Methylhexane,2017-03-13T20:00,0.126,µg/m³,VOC,
50122,BROSSARD - PARC SORBONNE,3-Methylhexane,2017-03-19T20:00,0.396,µg/m³,VOC,
50122,BROSSARD - PARC SORBONNE,3-Methylhexane,2017-03-25T20:00,0.196,µg/m³,VOC,
50122,BROSSARD - PARC SORBONNE,3-Methylhexane,2017-03-31T20:00,0.101,µg/m³,VOC,
50122,BROSSARD - PARC SORBONNE,3-Methylhexane,2017-04-12T20:00,0.096,µg/m³,VOC,
50122,BROSSARD - PARC SORBONNE,3-Methylhexane,2017-04-18T20:00,0.161,µg/m³,VOC,
50122,BROSSARD - PARC SORBONNE,3-Methylhexane,2017-04-24T20:00,0.165,µg/m³,VOC,
50122,BROSSARD - PARC SORBONNE,3-Methylhexane,2017-04-30T20:00,0.112,µg/m³,VOC,
50122,BROSSARD - PARC SORBONNE,3-Methylhexane,2017-05-06T20:00,0.052,µg/m³,VOC,
50122,BROSSARD - PARC SORBONNE,3-Methylhexane,2017-05-12T20:00,0.210,µg/m³,VOC,
50122,BROSSARD - PARC SORBONNE,3-Methylhexane,2017-05-18T20:00,0.124,µg/m³,VOC,
50122,BROSSARD - PARC SORBONNE,3-Methylhexane,2017-05-24T20:00,0.206,µg/m³,VOC,
50122,BROSSARD - PARC SORBONNE,3-Methylhexane,2017-05-30T20:00,0.120,µg/m³,VOC,
50122,BROSSARD - PARC SORBONNE,3-Methylhexane,2017-06-17T20:00,0.071,µg/m³,VOC,
50122,BROSSARD - PARC SORBONNE,3-Methylhexane,2017-06-23T20:00,0.093,µg/m³,VOC,
50122,BROSSARD - PARC SORBONNE,3-Methylhexane,2017-06-29T20:00,0.226,µg/m³,VOC,
50122,BROSSARD - PARC SORBONNE,3-Methylhexane,2017-07-05T20:00,0.173,µg/m³,VOC,
50122,BROSSARD - PARC SORBONNE,3-Methylhexane,2017-07-11T20:00,0.203,µg/m³,VOC,
50122,BROSSARD - PARC SORBONNE,3-Methylhexane,2017-07-17T20:00,0.120,µg/m³,VOC,
50122,BROSSARD - PARC SORBONNE,3-Methylhexane,2017-07-23T20:00,0.109,µg/m³,VOC,
50122,BROSSARD - PARC SORBONNE,3-Methylhexane,2017-07-29T20:00,0.501,µg/m³,VOC,
50122,BROSSARD - PARC SORBONNE,3-Methylhexane,2017-08-04T20:00,0.045,µg/m³,VOC,
50122,BROSSARD - PARC SORBONNE,3-Methylhexane,2017-08-10T20:00,0.247,µg/m³,VOC,
50122,BROSSARD - PARC SORBONNE,3-Methylhexane,2017-08-16T20:00,0.234,µg/m³,VOC,
50122,BROSSARD - PARC SORBONNE,3-Methylhexane,2017-08-22T20:00,0.076,µg/m³,VOC,
50122,BROSSARD - PARC SORBONNE,3-Methylhexane,2017-08-28T20:00,0.214,µg/m³,VOC,
50122,BROSSARD - PARC SORBONNE,3-Methylhexane,2017-09-03T20:00,0.061,µg/m³,VOC,
50122,BROSSARD - PARC SORBONNE,3-Methylhexane,2017-09-09T20:00,0.140,µg/m³,VOC,
50122,BROSSARD - PARC SORBONNE,3-Methylhexane,2017-09-15T20:00,0.372,µg/m³,VOC,
50122,BROSSARD - PARC SORBONNE,3-Methylhexane,2017-09-21T20:00,0.404,µg/m³,VOC,
50122,BROSSARD - PARC SORBONNE,3-Methylhexane,2017-09-27T20:00,0.116,µg/m³,VOC,
50122,BROSSARD - PARC SORBONNE,3-Methylhexane,2017-10-03T20:00,0.245,µg/m³,VOC,
50122,BROSSARD - PARC SORBONNE,3-Methylhexane,2017-10-09T20:00,0.205,µg/m³,VOC,
50122,BROSSARD - PARC SORBONNE,3-Methylhexane,2017-10-15T20:00,0.082,µg/m³,VOC,
50122,BROSSARD - PARC SORBONNE,3-Methylhexane,2017-10-21T20:00,0.505,µg/m³,VOC,
50122,BROSSARD - PARC SORBONNE,3-Methylhexane,2017-11-14T19:00,0.742,µg/m³,VOC,
50122,BROSSARD - PARC SORBONNE,3-Methylhexane,2017-11-20T19:00,0.271,µg/m³,VOC,
