﻿NAPS_Site_ID,Station_Name,Pollutant,Date,Value,Units,Report_Type,Method
61004,CENTENNIAL PARK _SARNIA_,1-Octene,2009-06-18T00:00,0.062,µg/m³,VOC,N/A
61004,CENTENNIAL PARK _SARNIA_,1-Octene,2009-07-12T00:00,0.024,µg/m³,VOC,N/A
61004,CENTENNIAL PARK _SARNIA_,1-Octene,2009-07-18T00:00,0.013,µg/m³,VOC,N/A
61004,CENTENNIAL PARK _SARNIA_,1-Octene,2009-07-24T00:00,0.024,µg/m³,VOC,N/A
61004,CENTENNIAL PARK _SARNIA_,1-Octene,2009-07-30T00:00,0.023,µg/m³,VOC,N/A
61004,CENTENNIAL PARK _SARNIA_,1-Octene,2009-08-05T00:00,0.011,µg/m³,VOC,N/A
61004,CENTENNIAL PARK _SARNIA_,1-Octene,2009-08-11T00:00,0.014,µg/m³,VOC,N/A
61004,CENTENNIAL PARK _SARNIA_,1-Octene,2009-08-17T00:00,0.064,µg/m³,VOC,N/A
61004,CENTENNIAL PARK _SARNIA_,1-Octene,2009-08-23T00:00,0.011,µg/m³,VOC,N/A
61004,CENTENNIAL PARK _SARNIA_,1-Octene,2009-08-29T00:00,0.024,µg/m³,VOC,N/A
61004,CENTENNIAL PARK _SARNIA_,1-Octene,2009-09-04T00:00,0.032,µg/m³,VOC,N/A
61004,CENTENNIAL PARK _SARNIA_,1-Octene,2009-09-10T00:00,0.009,µg/m³,VOC,N/A
61004,CENTENNIAL PARK _SARNIA_,1-Octene,2009-09-16T00:00,0.006,µg/m³,VOC,N/A
61004,CENTENNIAL PARK _SARNIA_,1-Octene,2009-09-22T00:00,0.014,µg/m³,VOC,N/A
61004,CENTENNIAL PARK _SARNIA_,1-Octene,2009-09-28T00:00,0.005,µg/m³,VOC,N/A
61004,CENTENNIAL PARK _SARNIA_,1-Octene,2009-10-04T00:00,0.017,µg/m³,VOC,N/A
61004,CENTENNIAL PARK _SARNIA_,1-Octene,2009-10-10T00:00,0.006,µg/m³,VOC,N/A
61004,CENTENNIAL PARK _SARNIA_,1-Octene,2009-10-16T00:00,0.000,µg/m³,VOC,N/A
61004,CENTENNIAL PARK _SARNIA_,1-Octene,2009-10-22T00:00,0.034,µg/m³,VOC,N/A
61004,CENTENNIAL PARK _SARNIA_,1-Octene,2009-10-28T00:00,0.013,µg/m³,VOC,N/A
61004,CENTENNIAL PARK _SARNIA_,1-Octene,2009-11-03T00:00,0.014,µg/m³,VOC,N/A
61004,CENTENNIAL PARK _SARNIA_,1-Octene,2009-11-09T00:00,0.000,µg/m³,VOC,N/A
61004,CENTENNIAL PARK _SARNIA_,1-Octene,2009-11-15T00:00,0.017,µg/m³,VOC,N/A
61004,CENTENNIAL PARK _SARNIA_,1-Octene,2009-11-21T00:00,0.000,µg/m³,VOC,N/A
61004,CENTENNIAL PARK _SARNIA_,1-Octene,2009-11-27T00:00,0.006,µg/m³,VOC,N/A
61004,CENTENNIAL PARK _SARNIA_,1-Octene,2009-12-03T00:00,0.017,µg/m³,VOC,N/A
61004,CENTENNIAL PARK _SARNIA_,1-Octene,2009-12-09T00:00,0.011,µg/m³,VOC,N/A
61004,CENTENNIAL PARK _SARNIA_,1-Octene,2009-12-15T00:00,0.011,µg/m³,VOC,N/A
61004,CENTENNIAL PARK _SARNIA_,1-Octene,2009-12-21T00:00,0.020,µg/m³,VOC,N/A
61004,CENTENNIAL PARK _SARNIA_,1-Octene,2009-12-27T00:00,0.008,µg/m³,VOC,N/A
