﻿NAPS_Site_ID,Station_Name,Pollutant,Date,Value,Units,Report_Type,Method
60512,BEASLEY PARK _HAMILTON_DOWNTOWN_,"Benzo(g,h,i)Fluoranthene",1999-01-12T00:00,0.000,µg/m³,PAH,
60512,BEASLEY PARK _HAMILTON_DOWNTOWN_,"Benzo(g,h,i)Fluoranthene",1999-01-24T00:00,0.000,µg/m³,PAH,
60512,BEASLEY PARK _HAMILTON_DOWNTOWN_,"Benzo(g,h,i)Fluoranthene",1999-03-01T00:00,0.000,µg/m³,PAH,
60512,BEASLEY PARK _HAMILTON_DOWNTOWN_,"Benzo(g,h,i)Fluoranthene",1999-03-13T00:00,0.000,µg/m³,PAH,
60512,BEASLEY PARK _HAMILTON_DOWNTOWN_,"Benzo(g,h,i)Fluoranthene",1999-03-25T00:00,0.000,µg/m³,PAH,
60512,BEASLEY PARK _HAMILTON_DOWNTOWN_,"Benzo(g,h,i)Fluoranthene",1999-04-06T00:00,0.002,µg/m³,PAH,
60512,BEASLEY PARK _HAMILTON_DOWNTOWN_,"Benzo(g,h,i)Fluoranthene",1999-04-18T00:00,0.000,µg/m³,PAH,
60512,BEASLEY PARK _HAMILTON_DOWNTOWN_,"Benzo(g,h,i)Fluoranthene",1999-04-30T00:00,0.001,µg/m³,PAH,
60512,BEASLEY PARK _HAMILTON_DOWNTOWN_,"Benzo(g,h,i)Fluoranthene",1999-05-12T00:00,0.001,µg/m³,PAH,
60512,BEASLEY PARK _HAMILTON_DOWNTOWN_,"Benzo(g,h,i)Fluoranthene",1999-05-24T00:00,0.000,µg/m³,PAH,
60512,BEASLEY PARK _HAMILTON_DOWNTOWN_,"Benzo(g,h,i)Fluoranthene",1999-06-05T00:00,0.001,µg/m³,PAH,
60512,BEASLEY PARK _HAMILTON_DOWNTOWN_,"Benzo(g,h,i)Fluoranthene",1999-06-17T00:00,0.000,µg/m³,PAH,
60512,BEASLEY PARK _HAMILTON_DOWNTOWN_,"Benzo(g,h,i)Fluoranthene",1999-06-29T00:00,0.000,µg/m³,PAH,
60512,BEASLEY PARK _HAMILTON_DOWNTOWN_,"Benzo(g,h,i)Fluoranthene",1999-07-11T00:00,0.000,µg/m³,PAH,
60512,BEASLEY PARK _HAMILTON_DOWNTOWN_,"Benzo(g,h,i)Fluoranthene",1999-07-23T00:00,0.000,µg/m³,PAH,
60512,BEASLEY PARK _HAMILTON_DOWNTOWN_,"Benzo(g,h,i)Fluoranthene",1999-08-04T00:00,0.000,µg/m³,PAH,
60512,BEASLEY PARK _HAMILTON_DOWNTOWN_,"Benzo(g,h,i)Fluoranthene",1999-08-16T00:00,0.000,µg/m³,PAH,
60512,BEASLEY PARK _HAMILTON_DOWNTOWN_,"Benzo(g,h,i)Fluoranthene",1999-08-28T00:00,0.000,µg/m³,PAH,
60512,BEASLEY PARK _HAMILTON_DOWNTOWN_,"Benzo(g,h,i)Fluoranthene",1999-09-21T00:00,0.000,µg/m³,PAH,
60512,BEASLEY PARK _HAMILTON_DOWNTOWN_,"Benzo(g,h,i)Fluoranthene",1999-10-03T00:00,0.000,µg/m³,PAH,
60512,BEASLEY PARK _HAMILTON_DOWNTOWN_,"Benzo(g,h,i)Fluoranthene",1999-10-15T00:00,0.000,µg/m³,PAH,
60512,BEASLEY PARK _HAMILTON_DOWNTOWN_,"Benzo(g,h,i)Fluoranthene",1999-11-08T00:00,0.000,µg/m³,PAH,
60512,BEASLEY PARK _HAMILTON_DOWNTOWN_,"Benzo(g,h,i)Fluoranthene",1999-11-20T00:00,0.000,µg/m³,PAH,
60512,BEASLEY PARK _HAMILTON_DOWNTOWN_,"Benzo(g,h,i)Fluoranthene",1999-12-02T00:00,0.000,µg/m³,PAH,
60512,BEASLEY PARK _HAMILTON_DOWNTOWN_,"Benzo(g,h,i)Fluoranthene",1999-12-14T00:00,0.001,µg/m³,PAH,
60512,BEASLEY PARK _HAMILTON_DOWNTOWN_,"Benzo(g,h,i)Fluoranthene",1999-12-26T00:00,0.000,µg/m³,PAH,
