﻿NAPS_Site_ID,Station_Name,Pollutant,Date,Value,Units,Report_Type,Method
90227,CALGARY CENTRAL,Potassium,1995-01-03T00:00,0.078,µg/m³,DICHOT,EDXRF
90227,CALGARY CENTRAL,Potassium,1995-01-03T00:00,0.098,µg/m³,DICHOT,EDXRF
90227,CALGARY CENTRAL,Potassium,1995-01-09T00:00,0.106,µg/m³,DICHOT,EDXRF
90227,CALGARY CENTRAL,Potassium,1995-01-09T00:00,0.155,µg/m³,DICHOT,EDXRF
90227,CALGARY CENTRAL,Potassium,1995-01-15T00:00,0.000,µg/m³,DICHOT,EDXRF
90227,CALGARY CENTRAL,Potassium,1995-01-15T00:00,0.017,µg/m³,DICHOT,EDXRF
90227,CALGARY CENTRAL,Potassium,1995-01-21T00:00,0.037,µg/m³,DICHOT,EDXRF
90227,CALGARY CENTRAL,Potassium,1995-01-21T00:00,0.163,µg/m³,DICHOT,EDXRF
90227,CALGARY CENTRAL,Potassium,1995-01-27T00:00,0.201,µg/m³,DICHOT,EDXRF
90227,CALGARY CENTRAL,Potassium,1995-01-27T00:00,0.218,µg/m³,DICHOT,EDXRF
90227,CALGARY CENTRAL,Potassium,1995-02-02T00:00,0.043,µg/m³,DICHOT,EDXRF
90227,CALGARY CENTRAL,Potassium,1995-02-02T00:00,0.148,µg/m³,DICHOT,EDXRF
90227,CALGARY CENTRAL,Potassium,1995-02-08T00:00,0.069,µg/m³,DICHOT,EDXRF
90227,CALGARY CENTRAL,Potassium,1995-02-08T00:00,0.086,µg/m³,DICHOT,EDXRF
90227,CALGARY CENTRAL,Potassium,1995-02-14T00:00,0.097,µg/m³,DICHOT,EDXRF
90227,CALGARY CENTRAL,Potassium,1995-02-14T00:00,0.128,µg/m³,DICHOT,EDXRF
90227,CALGARY CENTRAL,Potassium,1995-02-20T00:00,0.027,µg/m³,DICHOT,EDXRF
90227,CALGARY CENTRAL,Potassium,1995-02-20T00:00,0.144,µg/m³,DICHOT,EDXRF
90227,CALGARY CENTRAL,Potassium,1995-02-26T00:00,0.014,µg/m³,DICHOT,EDXRF
90227,CALGARY CENTRAL,Potassium,1995-02-26T00:00,0.030,µg/m³,DICHOT,EDXRF
90227,CALGARY CENTRAL,Potassium,1995-03-04T00:00,0.024,µg/m³,DICHOT,EDXRF
90227,CALGARY CENTRAL,Potassium,1995-03-04T00:00,0.028,µg/m³,DICHOT,EDXRF
90227,CALGARY CENTRAL,Potassium,1995-03-10T00:00,0.013,µg/m³,DICHOT,EDXRF
90227,CALGARY CENTRAL,Potassium,1995-03-10T00:00,0.077,µg/m³,DICHOT,EDXRF
90227,CALGARY CENTRAL,Potassium,1995-03-16T00:00,0.044,µg/m³,DICHOT,EDXRF
90227,CALGARY CENTRAL,Potassium,1995-03-16T00:00,0.150,µg/m³,DICHOT,EDXRF
90227,CALGARY CENTRAL,Potassium,1995-03-22T00:00,0.063,µg/m³,DICHOT,EDXRF
90227,CALGARY CENTRAL,Potassium,1995-03-22T00:00,0.107,µg/m³,DICHOT,EDXRF
90227,CALGARY CENTRAL,Potassium,1995-03-28T00:00,0.049,µg/m³,DICHOT,EDXRF
90227,CALGARY CENTRAL,Potassium,1995-03-28T00:00,0.182,µg/m³,DICHOT,EDXRF
90227,CALGARY CENTRAL,Potassium,1995-04-03T00:00,0.026,µg/m³,DICHOT,EDXRF
90227,CALGARY CENTRAL,Potassium,1995-04-03T00:00,0.057,µg/m³,DICHOT,EDXRF
90227,CALGARY CENTRAL,Potassium,1995-04-09T00:00,0.021,µg/m³,DICHOT,EDXRF
90227,CALGARY CENTRAL,Potassium,1995-04-09T00:00,0.028,µg/m³,DICHOT,EDXRF
90227,CALGARY CENTRAL,Potassium,1995-04-15T00:00,0.021,µg/m³,DICHOT,EDXRF
90227,CALGARY CENTRAL,Potassium,1995-04-15T00:00,0.035,µg/m³,DICHOT,EDXRF
90227,CALGARY CENTRAL,Potassium,1995-04-21T00:00,0.054,µg/m³,DICHOT,EDXRF
90227,CALGARY CENTRAL,Potassium,1995-04-21T00:00,0.060,µg/m³,DICHOT,EDXRF
90227,CALGARY CENTRAL,Potassium,1995-04-27T00:00,0.039,µg/m³,DICHOT,EDXRF
90227,CALGARY CENTRAL,Potassium,1995-04-27T00:00,0.146,µg/m³,DICHOT,EDXRF
90227,CALGARY CENTRAL,Potassium,1995-05-03T00:00,0.027,µg/m³,DICHOT,EDXRF
90227,CALGARY CENTRAL,Potassium,1995-05-03T00:00,0.033,µg/m³,DICHOT,EDXRF
90227,CALGARY CENTRAL,Potassium,1995-05-09T00:00,0.074,µg/m³,DICHOT,EDXRF
90227,CALGARY CENTRAL,Potassium,1995-05-09T00:00,0.138,µg/m³,DICHOT,EDXRF
90227,CALGARY CENTRAL,Potassium,1995-05-15T00:00,0.024,µg/m³,DICHOT,EDXRF
90227,CALGARY CENTRAL,Potassium,1995-05-15T00:00,0.080,µg/m³,DICHOT,EDXRF
90227,CALGARY CENTRAL,Potassium,1995-05-21T00:00,0.023,µg/m³,DICHOT,EDXRF
90227,CALGARY CENTRAL,Potassium,1995-05-21T00:00,0.027,µg/m³,DICHOT,EDXRF
90227,CALGARY CENTRAL,Potassium,1995-05-27T00:00,0.036,µg/m³,DICHOT,EDXRF
90227,CALGARY CENTRAL,Potassium,1995-05-27T00:00,0.141,µg/m³,DICHOT,EDXRF
90227,CALGARY CENTRAL,Potassium,1995-06-02T00:00,0.110,µg/m³,DICHOT,EDXRF
90227,CALGARY CENTRAL,Potassium,1995-06-02T00:00,0.216,µg/m³,DICHOT,EDXRF
90227,CALGARY CENTRAL,Potassium,1995-06-08T00:00,0.064,µg/m³,DICHOT,EDXRF
90227,CALGARY CENTRAL,Potassium,1995-06-08T00:00,0.115,µg/m³,DICHOT,EDXRF
90227,CALGARY CENTRAL,Potassium,1995-06-14T00:00,0.031,µg/m³,DICHOT,EDXRF
90227,CALGARY CENTRAL,Potassium,1995-06-14T00:00,0.138,µg/m³,DICHOT,EDXRF
90227,CALGARY CENTRAL,Potassium,1995-06-20T00:00,0.016,µg/m³,DICHOT,EDXRF
90227,CALGARY CENTRAL,Potassium,1995-06-20T00:00,0.049,µg/m³,DICHOT,EDXRF
90227,CALGARY CENTRAL,Potassium,1995-06-26T00:00,0.021,µg/m³,DICHOT,EDXRF
90227,CALGARY CENTRAL,Potassium,1995-06-26T00:00,0.047,µg/m³,DICHOT,EDXRF
90227,CALGARY CENTRAL,Potassium,1995-07-02T00:00,0.028,µg/m³,DICHOT,EDXRF
90227,CALGARY CENTRAL,Potassium,1995-07-02T00:00,0.036,µg/m³,DICHOT,EDXRF
90227,CALGARY CENTRAL,Potassium,1995-07-08T00:00,0.030,µg/m³,DICHOT,EDXRF
90227,CALGARY CENTRAL,Potassium,1995-07-08T00:00,0.091,µg/m³,DICHOT,EDXRF
90227,CALGARY CENTRAL,Potassium,1995-07-14T00:00,0.065,µg/m³,DICHOT,EDXRF
90227,CALGARY CENTRAL,Potassium,1995-07-14T00:00,0.134,µg/m³,DICHOT,EDXRF
90227,CALGARY CENTRAL,Potassium,1995-07-26T00:00,0.120,µg/m³,DICHOT,EDXRF
90227,CALGARY CENTRAL,Potassium,1995-07-26T00:00,0.349,µg/m³,DICHOT,EDXRF
90227,CALGARY CENTRAL,Potassium,1995-08-01T00:00,0.024,µg/m³,DICHOT,EDXRF
90227,CALGARY CENTRAL,Potassium,1995-08-01T00:00,0.098,µg/m³,DICHOT,EDXRF
90227,CALGARY CENTRAL,Potassium,1995-08-07T00:00,0.009,µg/m³,DICHOT,EDXRF
90227,CALGARY CENTRAL,Potassium,1995-08-07T00:00,0.062,µg/m³,DICHOT,EDXRF
90227,CALGARY CENTRAL,Potassium,1995-08-19T00:00,0.036,µg/m³,DICHOT,EDXRF
90227,CALGARY CENTRAL,Potassium,1995-08-19T00:00,0.092,µg/m³,DICHOT,EDXRF
90227,CALGARY CENTRAL,Potassium,1995-08-25T00:00,0.112,µg/m³,DICHOT,EDXRF
90227,CALGARY CENTRAL,Potassium,1995-08-25T00:00,0.189,µg/m³,DICHOT,EDXRF
90227,CALGARY CENTRAL,Potassium,1995-08-31T00:00,0.075,µg/m³,DICHOT,EDXRF
90227,CALGARY CENTRAL,Potassium,1995-08-31T00:00,0.084,µg/m³,DICHOT,EDXRF
90227,CALGARY CENTRAL,Potassium,1995-09-06T00:00,0.052,µg/m³,DICHOT,EDXRF
90227,CALGARY CENTRAL,Potassium,1995-09-06T00:00,0.080,µg/m³,DICHOT,EDXRF
90227,CALGARY CENTRAL,Potassium,1995-09-12T00:00,0.105,µg/m³,DICHOT,EDXRF
90227,CALGARY CENTRAL,Potassium,1995-09-12T00:00,0.214,µg/m³,DICHOT,EDXRF
90227,CALGARY CENTRAL,Potassium,1995-09-18T00:00,0.011,µg/m³,DICHOT,EDXRF
90227,CALGARY CENTRAL,Potassium,1995-09-18T00:00,0.032,µg/m³,DICHOT,EDXRF
90227,CALGARY CENTRAL,Potassium,1995-09-24T00:00,0.059,µg/m³,DICHOT,EDXRF
90227,CALGARY CENTRAL,Potassium,1995-09-24T00:00,0.080,µg/m³,DICHOT,EDXRF
90227,CALGARY CENTRAL,Potassium,1995-09-30T00:00,0.023,µg/m³,DICHOT,EDXRF
90227,CALGARY CENTRAL,Potassium,1995-09-30T00:00,0.050,µg/m³,DICHOT,EDXRF
90227,CALGARY CENTRAL,Potassium,1995-11-17T00:00,0.066,µg/m³,DICHOT,EDXRF
90227,CALGARY CENTRAL,Potassium,1995-11-17T00:00,0.251,µg/m³,DICHOT,EDXRF
90227,CALGARY CENTRAL,Potassium,1995-11-23T00:00,0.152,µg/m³,DICHOT,EDXRF
90227,CALGARY CENTRAL,Potassium,1995-11-23T00:00,0.223,µg/m³,DICHOT,EDXRF
90227,CALGARY CENTRAL,Potassium,1995-11-29T00:00,0.029,µg/m³,DICHOT,EDXRF
90227,CALGARY CENTRAL,Potassium,1995-11-29T00:00,0.039,µg/m³,DICHOT,EDXRF
90227,CALGARY CENTRAL,Potassium,1995-12-05T00:00,0.056,µg/m³,DICHOT,EDXRF
90227,CALGARY CENTRAL,Potassium,1995-12-05T00:00,0.080,µg/m³,DICHOT,EDXRF
90227,CALGARY CENTRAL,Potassium,1995-12-23T00:00,0.015,µg/m³,DICHOT,EDXRF
90227,CALGARY CENTRAL,Potassium,1995-12-23T00:00,0.053,µg/m³,DICHOT,EDXRF
90227,CALGARY CENTRAL,Potassium,1995-12-29T00:00,0.029,µg/m³,DICHOT,EDXRF
90227,CALGARY CENTRAL,Potassium,1995-12-29T00:00,0.037,µg/m³,DICHOT,EDXRF
