﻿NAPS_Site_ID,Station_Name,Pollutant,Date,Value,Units,Report_Type,Method
40208,CHAMPLAIN HEIGHTS SCHOOL,m and p-Xylene,2005-01-28T00:00,0.387,µg/m³,VOC,N/A
40208,CHAMPLAIN HEIGHTS SCHOOL,m and p-Xylene,2005-02-03T00:00,0.534,µg/m³,VOC,N/A
40208,CHAMPLAIN HEIGHTS SCHOOL,m and p-Xylene,2005-02-09T00:00,1.082,µg/m³,VOC,N/A
40208,CHAMPLAIN HEIGHTS SCHOOL,m and p-Xylene,2005-02-15T00:00,2.516,µg/m³,VOC,N/A
40208,CHAMPLAIN HEIGHTS SCHOOL,m and p-Xylene,2005-02-21T00:00,0.127,µg/m³,VOC,N/A
40208,CHAMPLAIN HEIGHTS SCHOOL,m and p-Xylene,2005-02-27T00:00,1.483,µg/m³,VOC,N/A
40208,CHAMPLAIN HEIGHTS SCHOOL,m and p-Xylene,2005-03-05T00:00,8.241,µg/m³,VOC,N/A
40208,CHAMPLAIN HEIGHTS SCHOOL,m and p-Xylene,2005-03-11T00:00,1.488,µg/m³,VOC,N/A
40208,CHAMPLAIN HEIGHTS SCHOOL,m and p-Xylene,2005-03-17T00:00,2.939,µg/m³,VOC,N/A
40208,CHAMPLAIN HEIGHTS SCHOOL,m and p-Xylene,2005-03-23T00:00,2.333,µg/m³,VOC,N/A
40208,CHAMPLAIN HEIGHTS SCHOOL,m and p-Xylene,2005-03-29T00:00,0.136,µg/m³,VOC,N/A
40208,CHAMPLAIN HEIGHTS SCHOOL,m and p-Xylene,2005-04-04T00:00,3.142,µg/m³,VOC,N/A
40208,CHAMPLAIN HEIGHTS SCHOOL,m and p-Xylene,2005-04-10T00:00,2.153,µg/m³,VOC,N/A
40208,CHAMPLAIN HEIGHTS SCHOOL,m and p-Xylene,2005-04-16T00:00,2.416,µg/m³,VOC,N/A
40208,CHAMPLAIN HEIGHTS SCHOOL,m and p-Xylene,2005-04-22T00:00,3.823,µg/m³,VOC,N/A
40208,CHAMPLAIN HEIGHTS SCHOOL,m and p-Xylene,2005-04-28T00:00,0.046,µg/m³,VOC,N/A
40208,CHAMPLAIN HEIGHTS SCHOOL,m and p-Xylene,2005-05-04T00:00,3.846,µg/m³,VOC,N/A
40208,CHAMPLAIN HEIGHTS SCHOOL,m and p-Xylene,2005-05-10T00:00,0.599,µg/m³,VOC,N/A
40208,CHAMPLAIN HEIGHTS SCHOOL,m and p-Xylene,2005-05-16T00:00,0.100,µg/m³,VOC,N/A
40208,CHAMPLAIN HEIGHTS SCHOOL,m and p-Xylene,2005-05-22T00:00,0.036,µg/m³,VOC,N/A
40208,CHAMPLAIN HEIGHTS SCHOOL,m and p-Xylene,2005-05-28T00:00,0.620,µg/m³,VOC,N/A
40208,CHAMPLAIN HEIGHTS SCHOOL,m and p-Xylene,2005-06-03T00:00,5.580,µg/m³,VOC,N/A
40208,CHAMPLAIN HEIGHTS SCHOOL,m and p-Xylene,2005-06-09T00:00,4.959,µg/m³,VOC,N/A
40208,CHAMPLAIN HEIGHTS SCHOOL,m and p-Xylene,2005-06-15T00:00,0.320,µg/m³,VOC,N/A
40208,CHAMPLAIN HEIGHTS SCHOOL,m and p-Xylene,2005-06-21T00:00,10.492,µg/m³,VOC,N/A
40208,CHAMPLAIN HEIGHTS SCHOOL,m and p-Xylene,2005-06-27T00:00,3.253,µg/m³,VOC,N/A
40208,CHAMPLAIN HEIGHTS SCHOOL,m and p-Xylene,2005-07-03T00:00,17.388,µg/m³,VOC,N/A
40208,CHAMPLAIN HEIGHTS SCHOOL,m and p-Xylene,2005-07-09T00:00,1.077,µg/m³,VOC,N/A
40208,CHAMPLAIN HEIGHTS SCHOOL,m and p-Xylene,2005-07-15T00:00,5.828,µg/m³,VOC,N/A
40208,CHAMPLAIN HEIGHTS SCHOOL,m and p-Xylene,2005-07-21T00:00,5.608,µg/m³,VOC,N/A
40208,CHAMPLAIN HEIGHTS SCHOOL,m and p-Xylene,2005-07-27T00:00,6.319,µg/m³,VOC,N/A
40208,CHAMPLAIN HEIGHTS SCHOOL,m and p-Xylene,2005-08-02T00:00,6.957,µg/m³,VOC,N/A
40208,CHAMPLAIN HEIGHTS SCHOOL,m and p-Xylene,2005-08-08T00:00,7.626,µg/m³,VOC,N/A
40208,CHAMPLAIN HEIGHTS SCHOOL,m and p-Xylene,2005-08-14T00:00,9.654,µg/m³,VOC,N/A
40208,CHAMPLAIN HEIGHTS SCHOOL,m and p-Xylene,2005-08-20T00:00,0.274,µg/m³,VOC,N/A
40208,CHAMPLAIN HEIGHTS SCHOOL,m and p-Xylene,2005-08-26T00:00,6.039,µg/m³,VOC,N/A
40208,CHAMPLAIN HEIGHTS SCHOOL,m and p-Xylene,2005-09-01T00:00,6.437,µg/m³,VOC,N/A
40208,CHAMPLAIN HEIGHTS SCHOOL,m and p-Xylene,2005-09-07T00:00,8.452,µg/m³,VOC,N/A
40208,CHAMPLAIN HEIGHTS SCHOOL,m and p-Xylene,2005-09-13T00:00,2.928,µg/m³,VOC,N/A
40208,CHAMPLAIN HEIGHTS SCHOOL,m and p-Xylene,2005-09-19T00:00,3.157,µg/m³,VOC,N/A
40208,CHAMPLAIN HEIGHTS SCHOOL,m and p-Xylene,2005-09-25T00:00,4.914,µg/m³,VOC,N/A
40208,CHAMPLAIN HEIGHTS SCHOOL,m and p-Xylene,2005-10-01T00:00,3.811,µg/m³,VOC,N/A
40208,CHAMPLAIN HEIGHTS SCHOOL,m and p-Xylene,2005-10-07T00:00,10.781,µg/m³,VOC,N/A
40208,CHAMPLAIN HEIGHTS SCHOOL,m and p-Xylene,2005-10-13T00:00,0.100,µg/m³,VOC,N/A
40208,CHAMPLAIN HEIGHTS SCHOOL,m and p-Xylene,2005-10-25T00:00,0.097,µg/m³,VOC,N/A
40208,CHAMPLAIN HEIGHTS SCHOOL,m and p-Xylene,2005-11-12T00:00,0.353,µg/m³,VOC,N/A
40208,CHAMPLAIN HEIGHTS SCHOOL,m and p-Xylene,2005-11-18T00:00,0.350,µg/m³,VOC,N/A
40208,CHAMPLAIN HEIGHTS SCHOOL,m and p-Xylene,2005-11-24T00:00,0.811,µg/m³,VOC,N/A
40208,CHAMPLAIN HEIGHTS SCHOOL,m and p-Xylene,2005-11-30T00:00,0.284,µg/m³,VOC,N/A
40208,CHAMPLAIN HEIGHTS SCHOOL,m and p-Xylene,2005-12-06T00:00,0.386,µg/m³,VOC,N/A
40208,CHAMPLAIN HEIGHTS SCHOOL,m and p-Xylene,2005-12-18T00:00,0.709,µg/m³,VOC,N/A
40208,CHAMPLAIN HEIGHTS SCHOOL,m and p-Xylene,2005-12-24T00:00,0.391,µg/m³,VOC,N/A
40208,CHAMPLAIN HEIGHTS SCHOOL,m and p-Xylene,2005-12-30T00:00,0.702,µg/m³,VOC,N/A
