﻿NAPS_Site_ID,Station_Name,Pollutant,Date,Value,Units,Report_Type,Method
90130,EDMONTON CENTRAL,4-Methylheptane,2003-01-03T00:00,0.118,µg/m³,VOC,
90130,EDMONTON CENTRAL,4-Methylheptane,2003-01-15T00:00,0.360,µg/m³,VOC,
90130,EDMONTON CENTRAL,4-Methylheptane,2003-01-21T00:00,0.122,µg/m³,VOC,
90130,EDMONTON CENTRAL,4-Methylheptane,2003-01-27T00:00,0.064,µg/m³,VOC,
90130,EDMONTON CENTRAL,4-Methylheptane,2003-02-02T00:00,0.075,µg/m³,VOC,
90130,EDMONTON CENTRAL,4-Methylheptane,2003-02-08T00:00,0.043,µg/m³,VOC,
90130,EDMONTON CENTRAL,4-Methylheptane,2003-02-14T00:00,0.032,µg/m³,VOC,
90130,EDMONTON CENTRAL,4-Methylheptane,2003-02-20T00:00,0.047,µg/m³,VOC,
90130,EDMONTON CENTRAL,4-Methylheptane,2003-02-26T00:00,0.070,µg/m³,VOC,
90130,EDMONTON CENTRAL,4-Methylheptane,2003-03-04T00:00,0.144,µg/m³,VOC,
90130,EDMONTON CENTRAL,4-Methylheptane,2003-03-10T00:00,0.091,µg/m³,VOC,
90130,EDMONTON CENTRAL,4-Methylheptane,2003-03-16T00:00,0.069,µg/m³,VOC,
90130,EDMONTON CENTRAL,4-Methylheptane,2003-03-22T00:00,0.127,µg/m³,VOC,
90130,EDMONTON CENTRAL,4-Methylheptane,2003-03-28T00:00,0.079,µg/m³,VOC,
90130,EDMONTON CENTRAL,4-Methylheptane,2003-04-03T00:00,0.048,µg/m³,VOC,
90130,EDMONTON CENTRAL,4-Methylheptane,2003-04-09T00:00,0.082,µg/m³,VOC,
90130,EDMONTON CENTRAL,4-Methylheptane,2003-04-15T00:00,0.115,µg/m³,VOC,
90130,EDMONTON CENTRAL,4-Methylheptane,2003-04-21T00:00,0.065,µg/m³,VOC,
90130,EDMONTON CENTRAL,4-Methylheptane,2003-04-27T00:00,0.059,µg/m³,VOC,
90130,EDMONTON CENTRAL,4-Methylheptane,2003-05-03T00:00,0.037,µg/m³,VOC,
90130,EDMONTON CENTRAL,4-Methylheptane,2003-05-09T00:00,0.091,µg/m³,VOC,
90130,EDMONTON CENTRAL,4-Methylheptane,2003-05-15T00:00,0.055,µg/m³,VOC,
90130,EDMONTON CENTRAL,4-Methylheptane,2003-05-21T00:00,0.075,µg/m³,VOC,
90130,EDMONTON CENTRAL,4-Methylheptane,2003-05-27T00:00,0.089,µg/m³,VOC,
90130,EDMONTON CENTRAL,4-Methylheptane,2003-06-02T00:00,0.102,µg/m³,VOC,
90130,EDMONTON CENTRAL,4-Methylheptane,2003-06-08T00:00,0.050,µg/m³,VOC,
90130,EDMONTON CENTRAL,4-Methylheptane,2003-06-14T00:00,0.031,µg/m³,VOC,
90130,EDMONTON CENTRAL,4-Methylheptane,2003-06-20T00:00,0.105,µg/m³,VOC,
90130,EDMONTON CENTRAL,4-Methylheptane,2003-06-26T00:00,0.041,µg/m³,VOC,
90130,EDMONTON CENTRAL,4-Methylheptane,2003-07-02T00:00,0.043,µg/m³,VOC,
90130,EDMONTON CENTRAL,4-Methylheptane,2003-07-08T00:00,0.051,µg/m³,VOC,
90130,EDMONTON CENTRAL,4-Methylheptane,2003-07-14T00:00,0.043,µg/m³,VOC,
90130,EDMONTON CENTRAL,4-Methylheptane,2003-07-20T00:00,0.046,µg/m³,VOC,
90130,EDMONTON CENTRAL,4-Methylheptane,2003-07-26T00:00,0.062,µg/m³,VOC,
90130,EDMONTON CENTRAL,4-Methylheptane,2003-08-01T00:00,0.053,µg/m³,VOC,
90130,EDMONTON CENTRAL,4-Methylheptane,2003-08-07T00:00,0.057,µg/m³,VOC,
90130,EDMONTON CENTRAL,4-Methylheptane,2003-08-13T00:00,0.155,µg/m³,VOC,
90130,EDMONTON CENTRAL,4-Methylheptane,2003-08-19T00:00,0.100,µg/m³,VOC,
90130,EDMONTON CENTRAL,4-Methylheptane,2003-08-25T00:00,0.106,µg/m³,VOC,
90130,EDMONTON CENTRAL,4-Methylheptane,2003-08-31T00:00,0.028,µg/m³,VOC,
90130,EDMONTON CENTRAL,4-Methylheptane,2003-09-06T00:00,0.058,µg/m³,VOC,
90130,EDMONTON CENTRAL,4-Methylheptane,2003-09-18T00:00,0.038,µg/m³,VOC,
90130,EDMONTON CENTRAL,4-Methylheptane,2003-09-24T00:00,0.063,µg/m³,VOC,
90130,EDMONTON CENTRAL,4-Methylheptane,2003-09-30T00:00,0.081,µg/m³,VOC,
90130,EDMONTON CENTRAL,4-Methylheptane,2003-10-06T00:00,0.178,µg/m³,VOC,
90130,EDMONTON CENTRAL,4-Methylheptane,2003-10-12T00:00,0.128,µg/m³,VOC,
90130,EDMONTON CENTRAL,4-Methylheptane,2003-10-18T00:00,0.138,µg/m³,VOC,
90130,EDMONTON CENTRAL,4-Methylheptane,2003-10-24T00:00,0.056,µg/m³,VOC,
90130,EDMONTON CENTRAL,4-Methylheptane,2003-10-30T00:00,0.050,µg/m³,VOC,
90130,EDMONTON CENTRAL,4-Methylheptane,2003-11-05T00:00,0.106,µg/m³,VOC,
90130,EDMONTON CENTRAL,4-Methylheptane,2003-11-11T00:00,0.077,µg/m³,VOC,
90130,EDMONTON CENTRAL,4-Methylheptane,2003-11-23T00:00,0.120,µg/m³,VOC,
90130,EDMONTON CENTRAL,4-Methylheptane,2003-11-29T00:00,0.074,µg/m³,VOC,
90130,EDMONTON CENTRAL,4-Methylheptane,2003-12-11T00:00,0.294,µg/m³,VOC,
90130,EDMONTON CENTRAL,4-Methylheptane,2003-12-17T00:00,0.088,µg/m³,VOC,
90130,EDMONTON CENTRAL,4-Methylheptane,2003-12-23T00:00,0.108,µg/m³,VOC,
90130,EDMONTON CENTRAL,4-Methylheptane,2003-12-29T00:00,0.088,µg/m³,VOC,
