﻿NAPS_Site_ID,Station_Name,Pollutant,Date,Value,Units,Report_Type,Method
50115,MONTRÉAL-MAISONNEUVE,2-Methylpentane,2010-01-08T00:00,0.968,µg/m³,VOC,N/A
50115,MONTRÉAL-MAISONNEUVE,2-Methylpentane,2010-01-14T00:00,1.351,µg/m³,VOC,N/A
50115,MONTRÉAL-MAISONNEUVE,2-Methylpentane,2010-01-20T00:00,1.739,µg/m³,VOC,N/A
50115,MONTRÉAL-MAISONNEUVE,2-Methylpentane,2010-01-26T00:00,0.640,µg/m³,VOC,N/A
50115,MONTRÉAL-MAISONNEUVE,2-Methylpentane,2010-02-01T00:00,0.522,µg/m³,VOC,N/A
50115,MONTRÉAL-MAISONNEUVE,2-Methylpentane,2010-02-07T00:00,0.568,µg/m³,VOC,N/A
50115,MONTRÉAL-MAISONNEUVE,2-Methylpentane,2010-02-13T00:00,0.555,µg/m³,VOC,N/A
50115,MONTRÉAL-MAISONNEUVE,2-Methylpentane,2010-02-19T00:00,0.597,µg/m³,VOC,N/A
50115,MONTRÉAL-MAISONNEUVE,2-Methylpentane,2010-02-25T00:00,0.603,µg/m³,VOC,N/A
50115,MONTRÉAL-MAISONNEUVE,2-Methylpentane,2010-03-03T00:00,1.351,µg/m³,VOC,N/A
50115,MONTRÉAL-MAISONNEUVE,2-Methylpentane,2010-03-09T00:00,1.045,µg/m³,VOC,N/A
50115,MONTRÉAL-MAISONNEUVE,2-Methylpentane,2010-03-15T00:00,0.854,µg/m³,VOC,N/A
50115,MONTRÉAL-MAISONNEUVE,2-Methylpentane,2010-03-21T00:00,0.449,µg/m³,VOC,N/A
50115,MONTRÉAL-MAISONNEUVE,2-Methylpentane,2010-03-27T00:00,0.263,µg/m³,VOC,N/A
50115,MONTRÉAL-MAISONNEUVE,2-Methylpentane,2010-04-02T00:00,2.106,µg/m³,VOC,N/A
50115,MONTRÉAL-MAISONNEUVE,2-Methylpentane,2010-04-08T00:00,0.996,µg/m³,VOC,N/A
50115,MONTRÉAL-MAISONNEUVE,2-Methylpentane,2010-04-14T00:00,0.992,µg/m³,VOC,N/A
50115,MONTRÉAL-MAISONNEUVE,2-Methylpentane,2010-04-20T00:00,1.074,µg/m³,VOC,N/A
50115,MONTRÉAL-MAISONNEUVE,2-Methylpentane,2010-04-26T00:00,1.130,µg/m³,VOC,N/A
50115,MONTRÉAL-MAISONNEUVE,2-Methylpentane,2010-05-02T00:00,1.722,µg/m³,VOC,N/A
50115,MONTRÉAL-MAISONNEUVE,2-Methylpentane,2010-05-08T00:00,0.436,µg/m³,VOC,N/A
50115,MONTRÉAL-MAISONNEUVE,2-Methylpentane,2010-05-14T00:00,1.202,µg/m³,VOC,N/A
50115,MONTRÉAL-MAISONNEUVE,2-Methylpentane,2010-06-01T00:00,3.560,µg/m³,VOC,N/A
50115,MONTRÉAL-MAISONNEUVE,2-Methylpentane,2010-06-07T00:00,0.664,µg/m³,VOC,N/A
50115,MONTRÉAL-MAISONNEUVE,2-Methylpentane,2010-06-13T00:00,1.458,µg/m³,VOC,N/A
50115,MONTRÉAL-MAISONNEUVE,2-Methylpentane,2010-06-19T00:00,0.751,µg/m³,VOC,N/A
50115,MONTRÉAL-MAISONNEUVE,2-Methylpentane,2010-07-07T00:00,0.978,µg/m³,VOC,N/A
50115,MONTRÉAL-MAISONNEUVE,2-Methylpentane,2010-07-31T00:00,0.686,µg/m³,VOC,N/A
50115,MONTRÉAL-MAISONNEUVE,2-Methylpentane,2010-08-06T00:00,0.931,µg/m³,VOC,N/A
50115,MONTRÉAL-MAISONNEUVE,2-Methylpentane,2010-08-12T00:00,2.335,µg/m³,VOC,N/A
50115,MONTRÉAL-MAISONNEUVE,2-Methylpentane,2010-08-18T00:00,0.903,µg/m³,VOC,N/A
50115,MONTRÉAL-MAISONNEUVE,2-Methylpentane,2010-08-24T00:00,1.826,µg/m³,VOC,N/A
50115,MONTRÉAL-MAISONNEUVE,2-Methylpentane,2010-08-30T00:00,1.102,µg/m³,VOC,N/A
50115,MONTRÉAL-MAISONNEUVE,2-Methylpentane,2010-09-05T00:00,0.254,µg/m³,VOC,N/A
50115,MONTRÉAL-MAISONNEUVE,2-Methylpentane,2010-09-11T00:00,0.828,µg/m³,VOC,N/A
50115,MONTRÉAL-MAISONNEUVE,2-Methylpentane,2010-09-17T00:00,1.359,µg/m³,VOC,N/A
50115,MONTRÉAL-MAISONNEUVE,2-Methylpentane,2010-09-23T00:00,1.019,µg/m³,VOC,N/A
50115,MONTRÉAL-MAISONNEUVE,2-Methylpentane,2010-09-29T00:00,0.755,µg/m³,VOC,N/A
50115,MONTRÉAL-MAISONNEUVE,2-Methylpentane,2010-10-05T00:00,1.607,µg/m³,VOC,N/A
50115,MONTRÉAL-MAISONNEUVE,2-Methylpentane,2010-10-11T00:00,0.550,µg/m³,VOC,N/A
50115,MONTRÉAL-MAISONNEUVE,2-Methylpentane,2010-10-17T00:00,0.486,µg/m³,VOC,N/A
50115,MONTRÉAL-MAISONNEUVE,2-Methylpentane,2010-10-23T00:00,0.638,µg/m³,VOC,N/A
50115,MONTRÉAL-MAISONNEUVE,2-Methylpentane,2010-10-29T00:00,0.776,µg/m³,VOC,N/A
50115,MONTRÉAL-MAISONNEUVE,2-Methylpentane,2010-11-04T00:00,0.854,µg/m³,VOC,N/A
50115,MONTRÉAL-MAISONNEUVE,2-Methylpentane,2010-11-10T00:00,1.047,µg/m³,VOC,N/A
50115,MONTRÉAL-MAISONNEUVE,2-Methylpentane,2010-11-16T00:00,0.987,µg/m³,VOC,N/A
50115,MONTRÉAL-MAISONNEUVE,2-Methylpentane,2010-12-04T00:00,0.247,µg/m³,VOC,N/A
