﻿NAPS_Site_ID,Station_Name,Pollutant,Date,Value,Units,Report_Type,Method
100119,BURNABY SOUTH,Nitric Acid,2020-01-04T00:00,0.571,µg/m³,PM2.5,IC
100119,BURNABY SOUTH,Nitric Acid,2020-01-10T00:00,0.741,µg/m³,PM2.5,IC
100119,BURNABY SOUTH,Nitric Acid,2020-01-22T00:00,0.782,µg/m³,PM2.5,IC
100119,BURNABY SOUTH,Nitric Acid,2020-01-28T00:00,0.451,µg/m³,PM2.5,IC
100119,BURNABY SOUTH,Nitric Acid,2020-02-03T00:00,0.396,µg/m³,PM2.5,IC
100119,BURNABY SOUTH,Nitric Acid,2020-02-09T00:00,0.500,µg/m³,PM2.5,IC
100119,BURNABY SOUTH,Nitric Acid,2020-02-15T00:00,0.533,µg/m³,PM2.5,IC
100119,BURNABY SOUTH,Nitric Acid,2020-02-21T00:00,0.596,µg/m³,PM2.5,IC
100119,BURNABY SOUTH,Nitric Acid,2020-02-27T00:00,0.797,µg/m³,PM2.5,IC
100119,BURNABY SOUTH,Nitric Acid,2020-03-04T00:00,1.046,µg/m³,PM2.5,IC
100119,BURNABY SOUTH,Nitric Acid,2020-03-10T00:00,0.591,µg/m³,PM2.5,IC
100119,BURNABY SOUTH,Nitric Acid,2020-03-16T00:00,0.699,µg/m³,PM2.5,IC
100119,BURNABY SOUTH,Nitric Acid,2020-03-22T00:00,0.852,µg/m³,PM2.5,IC
100119,BURNABY SOUTH,Nitric Acid,2020-03-28T00:00,0.867,µg/m³,PM2.5,IC
