﻿NAPS_Site_ID,Station_Name,Pollutant,Date,Value,Units,Report_Type,Method
60512,BEASLEY PARK _HAMILTON_DOWNTOWN_,Chrysene & Triphenylene,1992-01-07T00:00,0.001,µg/m³,PAH,GC-MS
60512,BEASLEY PARK _HAMILTON_DOWNTOWN_,Chrysene & Triphenylene,1992-01-19T00:00,0.001,µg/m³,PAH,GC-MS
60512,BEASLEY PARK _HAMILTON_DOWNTOWN_,Chrysene & Triphenylene,1992-01-31T00:00,0.000,µg/m³,PAH,GC-MS
60512,BEASLEY PARK _HAMILTON_DOWNTOWN_,Chrysene & Triphenylene,1992-02-12T00:00,0.001,µg/m³,PAH,GC-MS
60512,BEASLEY PARK _HAMILTON_DOWNTOWN_,Chrysene & Triphenylene,1992-02-24T00:00,0.011,µg/m³,PAH,GC-MS
60512,BEASLEY PARK _HAMILTON_DOWNTOWN_,Chrysene & Triphenylene,1992-03-07T00:00,0.022,µg/m³,PAH,GC-MS
60512,BEASLEY PARK _HAMILTON_DOWNTOWN_,Chrysene & Triphenylene,1992-03-19T00:00,0.005,µg/m³,PAH,GC-MS
60512,BEASLEY PARK _HAMILTON_DOWNTOWN_,Chrysene & Triphenylene,1992-04-12T00:00,0.000,µg/m³,PAH,GC-MS
60512,BEASLEY PARK _HAMILTON_DOWNTOWN_,Chrysene & Triphenylene,1992-04-24T00:00,0.003,µg/m³,PAH,GC-MS
60512,BEASLEY PARK _HAMILTON_DOWNTOWN_,Chrysene & Triphenylene,1992-05-06T00:00,0.004,µg/m³,PAH,GC-MS
60512,BEASLEY PARK _HAMILTON_DOWNTOWN_,Chrysene & Triphenylene,1992-05-30T00:00,0.009,µg/m³,PAH,GC-MS
60512,BEASLEY PARK _HAMILTON_DOWNTOWN_,Chrysene & Triphenylene,1992-06-23T00:00,0.005,µg/m³,PAH,GC-MS
60512,BEASLEY PARK _HAMILTON_DOWNTOWN_,Chrysene & Triphenylene,1992-07-05T00:00,0.001,µg/m³,PAH,GC-MS
60512,BEASLEY PARK _HAMILTON_DOWNTOWN_,Chrysene & Triphenylene,1992-07-17T00:00,0.001,µg/m³,PAH,GC-MS
60512,BEASLEY PARK _HAMILTON_DOWNTOWN_,Chrysene & Triphenylene,1992-08-10T00:00,0.000,µg/m³,PAH,GC-MS
60512,BEASLEY PARK _HAMILTON_DOWNTOWN_,Chrysene & Triphenylene,1992-08-22T00:00,0.001,µg/m³,PAH,GC-MS
60512,BEASLEY PARK _HAMILTON_DOWNTOWN_,Chrysene & Triphenylene,1992-09-03T00:00,0.002,µg/m³,PAH,GC-MS
60512,BEASLEY PARK _HAMILTON_DOWNTOWN_,Chrysene & Triphenylene,1992-09-15T00:00,0.001,µg/m³,PAH,GC-MS
60512,BEASLEY PARK _HAMILTON_DOWNTOWN_,Chrysene & Triphenylene,1992-09-27T00:00,0.005,µg/m³,PAH,GC-MS
60512,BEASLEY PARK _HAMILTON_DOWNTOWN_,Chrysene & Triphenylene,1992-10-09T00:00,0.001,µg/m³,PAH,GC-MS
60512,BEASLEY PARK _HAMILTON_DOWNTOWN_,Chrysene & Triphenylene,1992-11-02T00:00,0.008,µg/m³,PAH,GC-MS
60512,BEASLEY PARK _HAMILTON_DOWNTOWN_,Chrysene & Triphenylene,1992-11-14T00:00,0.000,µg/m³,PAH,GC-MS
60512,BEASLEY PARK _HAMILTON_DOWNTOWN_,Chrysene & Triphenylene,1992-11-26T00:00,0.001,µg/m³,PAH,GC-MS
60512,BEASLEY PARK _HAMILTON_DOWNTOWN_,Chrysene & Triphenylene,1992-12-20T00:00,0.000,µg/m³,PAH,GC-MS
