﻿NAPS_Site_ID,Station_Name,Pollutant,Date,Value,Units,Report_Type,Method
61902,BEAR CREEK/WALLACEBURG,EC(B),2012-03-31T00:00,0.000,µg/m³,PM2.5,TOR
61902,BEAR CREEK/WALLACEBURG,EC(B),2012-04-03T00:00,0.002,µg/m³,PM2.5,TOR
61902,BEAR CREEK/WALLACEBURG,EC(B),2012-04-06T00:00,0.000,µg/m³,PM2.5,TOR
61902,BEAR CREEK/WALLACEBURG,EC(B),2012-04-09T00:00,0.000,µg/m³,PM2.5,TOR
61902,BEAR CREEK/WALLACEBURG,EC(B),2012-04-21T00:00,0.120,µg/m³,PM2.5,TOR
61902,BEAR CREEK/WALLACEBURG,EC(B),2012-04-24T00:00,0.021,µg/m³,PM2.5,TOR
61902,BEAR CREEK/WALLACEBURG,EC(B),2012-04-27T00:00,0.074,µg/m³,PM2.5,TOR
61902,BEAR CREEK/WALLACEBURG,EC(B),2012-04-30T00:00,0.059,µg/m³,PM2.5,TOR
61902,BEAR CREEK/WALLACEBURG,EC(B),2012-05-03T00:00,0.019,µg/m³,PM2.5,TOR
61902,BEAR CREEK/WALLACEBURG,EC(B),2012-05-06T00:00,0.103,µg/m³,PM2.5,TOR
61902,BEAR CREEK/WALLACEBURG,EC(B),2012-05-09T00:00,0.076,µg/m³,PM2.5,TOR
61902,BEAR CREEK/WALLACEBURG,EC(B),2012-05-12T00:00,0.136,µg/m³,PM2.5,TOR
61902,BEAR CREEK/WALLACEBURG,EC(B),2012-05-15T00:00,0.233,µg/m³,PM2.5,TOR
61902,BEAR CREEK/WALLACEBURG,EC(B),2012-05-18T00:00,0.011,µg/m³,PM2.5,TOR
61902,BEAR CREEK/WALLACEBURG,EC(B),2012-05-21T00:00,0.138,µg/m³,PM2.5,TOR
61902,BEAR CREEK/WALLACEBURG,EC(B),2012-05-24T00:00,0.059,µg/m³,PM2.5,TOR
61902,BEAR CREEK/WALLACEBURG,EC(B),2012-05-27T00:00,0.118,µg/m³,PM2.5,TOR
61902,BEAR CREEK/WALLACEBURG,EC(B),2012-05-30T00:00,0.108,µg/m³,PM2.5,TOR
61902,BEAR CREEK/WALLACEBURG,EC(B),2012-06-02T00:00,0.055,µg/m³,PM2.5,TOR
61902,BEAR CREEK/WALLACEBURG,EC(B),2012-06-08T00:00,0.029,µg/m³,PM2.5,TOR
61902,BEAR CREEK/WALLACEBURG,EC(B),2012-06-11T00:00,0.069,µg/m³,PM2.5,TOR
61902,BEAR CREEK/WALLACEBURG,EC(B),2012-06-14T00:00,0.008,µg/m³,PM2.5,TOR
61902,BEAR CREEK/WALLACEBURG,EC(B),2012-06-17T00:00,0.035,µg/m³,PM2.5,TOR
61902,BEAR CREEK/WALLACEBURG,EC(B),2012-06-20T00:00,0.224,µg/m³,PM2.5,TOR
61902,BEAR CREEK/WALLACEBURG,EC(B),2012-06-23T00:00,0.135,µg/m³,PM2.5,TOR
61902,BEAR CREEK/WALLACEBURG,EC(B),2012-06-26T00:00,0.088,µg/m³,PM2.5,TOR
61902,BEAR CREEK/WALLACEBURG,EC(B),2012-06-29T00:00,0.151,µg/m³,PM2.5,TOR
61902,BEAR CREEK/WALLACEBURG,EC(B),2012-07-05T00:00,0.060,µg/m³,PM2.5,TOR
61902,BEAR CREEK/WALLACEBURG,EC(B),2012-07-08T00:00,0.104,µg/m³,PM2.5,TOR
61902,BEAR CREEK/WALLACEBURG,EC(B),2012-07-11T00:00,0.140,µg/m³,PM2.5,TOR
61902,BEAR CREEK/WALLACEBURG,EC(B),2012-07-14T00:00,0.097,µg/m³,PM2.5,TOR
61902,BEAR CREEK/WALLACEBURG,EC(B),2012-07-17T00:00,0.078,µg/m³,PM2.5,TOR
61902,BEAR CREEK/WALLACEBURG,EC(B),2012-07-20T00:00,0.248,µg/m³,PM2.5,TOR
61902,BEAR CREEK/WALLACEBURG,EC(B),2012-07-23T00:00,0.189,µg/m³,PM2.5,TOR
61902,BEAR CREEK/WALLACEBURG,EC(B),2012-07-26T00:00,0.019,µg/m³,PM2.5,TOR
61902,BEAR CREEK/WALLACEBURG,EC(B),2012-07-29T00:00,0.043,µg/m³,PM2.5,TOR
61902,BEAR CREEK/WALLACEBURG,EC(B),2012-08-01T00:00,0.080,µg/m³,PM2.5,TOR
61902,BEAR CREEK/WALLACEBURG,EC(B),2012-08-04T00:00,0.000,µg/m³,PM2.5,TOR
61902,BEAR CREEK/WALLACEBURG,EC(B),2012-08-07T00:00,0.041,µg/m³,PM2.5,TOR
61902,BEAR CREEK/WALLACEBURG,EC(B),2012-08-10T00:00,0.162,µg/m³,PM2.5,TOR
61902,BEAR CREEK/WALLACEBURG,EC(B),2012-08-13T00:00,0.051,µg/m³,PM2.5,TOR
61902,BEAR CREEK/WALLACEBURG,EC(B),2012-08-16T00:00,0.093,µg/m³,PM2.5,TOR
61902,BEAR CREEK/WALLACEBURG,EC(B),2012-08-25T00:00,0.050,µg/m³,PM2.5,TOR
61902,BEAR CREEK/WALLACEBURG,EC(B),2012-08-28T00:00,0.129,µg/m³,PM2.5,TOR
61902,BEAR CREEK/WALLACEBURG,EC(B),2012-09-03T00:00,0.101,µg/m³,PM2.5,TOR
61902,BEAR CREEK/WALLACEBURG,EC(B),2012-09-06T00:00,0.111,µg/m³,PM2.5,TOR
61902,BEAR CREEK/WALLACEBURG,EC(B),2012-09-09T00:00,0.000,µg/m³,PM2.5,TOR
61902,BEAR CREEK/WALLACEBURG,EC(B),2012-09-12T00:00,0.063,µg/m³,PM2.5,TOR
61902,BEAR CREEK/WALLACEBURG,EC(B),2012-09-15T00:00,0.097,µg/m³,PM2.5,TOR
61902,BEAR CREEK/WALLACEBURG,EC(B),2012-09-18T00:00,0.000,µg/m³,PM2.5,TOR
61902,BEAR CREEK/WALLACEBURG,EC(B),2012-09-21T00:00,0.000,µg/m³,PM2.5,TOR
61902,BEAR CREEK/WALLACEBURG,EC(B),2012-09-27T00:00,0.000,µg/m³,PM2.5,TOR
61902,BEAR CREEK/WALLACEBURG,EC(B),2012-09-30T00:00,0.000,µg/m³,PM2.5,TOR
61902,BEAR CREEK/WALLACEBURG,EC(B),2012-10-03T00:00,0.053,µg/m³,PM2.5,TOR
61902,BEAR CREEK/WALLACEBURG,EC(B),2012-10-06T00:00,0.012,µg/m³,PM2.5,TOR
61902,BEAR CREEK/WALLACEBURG,EC(B),2012-10-09T00:00,0.028,µg/m³,PM2.5,TOR
61902,BEAR CREEK/WALLACEBURG,EC(B),2012-10-12T00:00,0.036,µg/m³,PM2.5,TOR
61902,BEAR CREEK/WALLACEBURG,EC(B),2012-10-18T00:00,0.040,µg/m³,PM2.5,TOR
61902,BEAR CREEK/WALLACEBURG,EC(B),2012-10-21T00:00,0.010,µg/m³,PM2.5,TOR
61902,BEAR CREEK/WALLACEBURG,EC(B),2012-10-24T00:00,0.000,µg/m³,PM2.5,TOR
61902,BEAR CREEK/WALLACEBURG,EC(B),2012-11-02T00:00,0.000,µg/m³,PM2.5,TOR
61902,BEAR CREEK/WALLACEBURG,EC(B),2012-11-05T00:00,0.000,µg/m³,PM2.5,TOR
61902,BEAR CREEK/WALLACEBURG,EC(B),2012-11-08T00:00,0.000,µg/m³,PM2.5,TOR
61902,BEAR CREEK/WALLACEBURG,EC(B),2012-11-11T00:00,0.000,µg/m³,PM2.5,TOR
61902,BEAR CREEK/WALLACEBURG,EC(B),2012-11-14T00:00,0.000,µg/m³,PM2.5,TOR
61902,BEAR CREEK/WALLACEBURG,EC(B),2012-11-17T00:00,0.000,µg/m³,PM2.5,TOR
61902,BEAR CREEK/WALLACEBURG,EC(B),2012-11-20T00:00,0.027,µg/m³,PM2.5,TOR
61902,BEAR CREEK/WALLACEBURG,EC(B),2012-11-23T00:00,0.000,µg/m³,PM2.5,TOR
61902,BEAR CREEK/WALLACEBURG,EC(B),2012-11-26T00:00,0.000,µg/m³,PM2.5,TOR
61902,BEAR CREEK/WALLACEBURG,EC(B),2012-11-29T00:00,0.000,µg/m³,PM2.5,TOR
61902,BEAR CREEK/WALLACEBURG,EC(B),2012-12-02T00:00,0.000,µg/m³,PM2.5,TOR
61902,BEAR CREEK/WALLACEBURG,EC(B),2012-12-05T00:00,0.026,µg/m³,PM2.5,TOR
61902,BEAR CREEK/WALLACEBURG,EC(B),2012-12-08T00:00,0.000,µg/m³,PM2.5,TOR
61902,BEAR CREEK/WALLACEBURG,EC(B),2012-12-11T00:00,0.000,µg/m³,PM2.5,TOR
61902,BEAR CREEK/WALLACEBURG,EC(B),2012-12-14T00:00,0.002,µg/m³,PM2.5,TOR
61902,BEAR CREEK/WALLACEBURG,EC(B),2012-12-17T00:00,0.000,µg/m³,PM2.5,TOR
61902,BEAR CREEK/WALLACEBURG,EC(B),2012-12-20T00:00,0.090,µg/m³,PM2.5,TOR
61902,BEAR CREEK/WALLACEBURG,EC(B),2012-12-23T00:00,0.000,µg/m³,PM2.5,TOR
61902,BEAR CREEK/WALLACEBURG,EC(B),2012-12-26T00:00,0.000,µg/m³,PM2.5,TOR
