﻿NAPS_Site_ID,Station_Name,Pollutant,Date,Value,Units,Report_Type,Method
40208,CHAMPLAIN HEIGHTS SCHOOL,Butane,2013-01-04T00:00,17.107,µg/m³,VOC,GC-MS
40208,CHAMPLAIN HEIGHTS SCHOOL,Butane,2013-01-10T00:00,14.870,µg/m³,VOC,GC-MS
40208,CHAMPLAIN HEIGHTS SCHOOL,Butane,2013-01-16T00:00,1.093,µg/m³,VOC,GC-MS
40208,CHAMPLAIN HEIGHTS SCHOOL,Butane,2013-01-22T00:00,2.027,µg/m³,VOC,GC-MS
40208,CHAMPLAIN HEIGHTS SCHOOL,Butane,2013-01-28T00:00,11.697,µg/m³,VOC,GC-MS
40208,CHAMPLAIN HEIGHTS SCHOOL,Butane,2013-02-03T00:00,1.092,µg/m³,VOC,GC-MS
40208,CHAMPLAIN HEIGHTS SCHOOL,Butane,2013-02-09T00:00,0.927,µg/m³,VOC,GC-MS
40208,CHAMPLAIN HEIGHTS SCHOOL,Butane,2013-02-15T00:00,33.390,µg/m³,VOC,GC-MS
40208,CHAMPLAIN HEIGHTS SCHOOL,Butane,2013-02-21T00:00,12.659,µg/m³,VOC,GC-MS
40208,CHAMPLAIN HEIGHTS SCHOOL,Butane,2013-03-11T00:00,71.684,µg/m³,VOC,GC-MS
40208,CHAMPLAIN HEIGHTS SCHOOL,Butane,2013-03-17T00:00,29.315,µg/m³,VOC,GC-MS
40208,CHAMPLAIN HEIGHTS SCHOOL,Butane,2013-03-23T00:00,65.054,µg/m³,VOC,GC-MS
40208,CHAMPLAIN HEIGHTS SCHOOL,Butane,2013-04-10T00:00,12.698,µg/m³,VOC,GC-MS
40208,CHAMPLAIN HEIGHTS SCHOOL,Butane,2013-04-16T00:00,11.715,µg/m³,VOC,GC-MS
40208,CHAMPLAIN HEIGHTS SCHOOL,Butane,2013-04-22T00:00,1.284,µg/m³,VOC,GC-MS
40208,CHAMPLAIN HEIGHTS SCHOOL,Butane,2013-04-28T00:00,8.929,µg/m³,VOC,GC-MS
40208,CHAMPLAIN HEIGHTS SCHOOL,Butane,2013-05-04T00:00,3.098,µg/m³,VOC,GC-MS
40208,CHAMPLAIN HEIGHTS SCHOOL,Butane,2013-05-10T00:00,20.742,µg/m³,VOC,GC-MS
40208,CHAMPLAIN HEIGHTS SCHOOL,Butane,2013-05-16T00:00,17.663,µg/m³,VOC,GC-MS
40208,CHAMPLAIN HEIGHTS SCHOOL,Butane,2013-05-22T00:00,2.564,µg/m³,VOC,GC-MS
40208,CHAMPLAIN HEIGHTS SCHOOL,Butane,2013-05-28T00:00,4.538,µg/m³,VOC,GC-MS
40208,CHAMPLAIN HEIGHTS SCHOOL,Butane,2013-06-03T00:00,14.811,µg/m³,VOC,GC-MS
40208,CHAMPLAIN HEIGHTS SCHOOL,Butane,2013-06-09T00:00,4.694,µg/m³,VOC,GC-MS
40208,CHAMPLAIN HEIGHTS SCHOOL,Butane,2013-06-15T00:00,10.460,µg/m³,VOC,GC-MS
40208,CHAMPLAIN HEIGHTS SCHOOL,Butane,2013-06-21T00:00,21.171,µg/m³,VOC,GC-MS
40208,CHAMPLAIN HEIGHTS SCHOOL,Butane,2013-06-27T00:00,1.083,µg/m³,VOC,GC-MS
40208,CHAMPLAIN HEIGHTS SCHOOL,Butane,2013-07-03T00:00,11.835,µg/m³,VOC,GC-MS
40208,CHAMPLAIN HEIGHTS SCHOOL,Butane,2013-07-21T00:00,10.732,µg/m³,VOC,GC-MS
40208,CHAMPLAIN HEIGHTS SCHOOL,Butane,2013-07-27T00:00,15.233,µg/m³,VOC,GC-MS
40208,CHAMPLAIN HEIGHTS SCHOOL,Butane,2013-08-02T00:00,3.207,µg/m³,VOC,GC-MS
40208,CHAMPLAIN HEIGHTS SCHOOL,Butane,2013-08-08T00:00,10.213,µg/m³,VOC,GC-MS
40208,CHAMPLAIN HEIGHTS SCHOOL,Butane,2013-08-14T00:00,15.557,µg/m³,VOC,GC-MS
40208,CHAMPLAIN HEIGHTS SCHOOL,Butane,2013-08-20T00:00,7.168,µg/m³,VOC,GC-MS
40208,CHAMPLAIN HEIGHTS SCHOOL,Butane,2013-08-26T00:00,13.577,µg/m³,VOC,GC-MS
40208,CHAMPLAIN HEIGHTS SCHOOL,Butane,2013-09-01T00:00,11.061,µg/m³,VOC,GC-MS
40208,CHAMPLAIN HEIGHTS SCHOOL,Butane,2013-09-07T00:00,27.008,µg/m³,VOC,GC-MS
40208,CHAMPLAIN HEIGHTS SCHOOL,Butane,2013-09-13T00:00,108.672,µg/m³,VOC,GC-MS
40208,CHAMPLAIN HEIGHTS SCHOOL,Butane,2013-09-19T00:00,81.016,µg/m³,VOC,GC-MS
40208,CHAMPLAIN HEIGHTS SCHOOL,Butane,2013-09-25T00:00,0.547,µg/m³,VOC,GC-MS
40208,CHAMPLAIN HEIGHTS SCHOOL,Butane,2013-10-01T00:00,1.638,µg/m³,VOC,GC-MS
40208,CHAMPLAIN HEIGHTS SCHOOL,Butane,2013-10-07T00:00,4.243,µg/m³,VOC,GC-MS
40208,CHAMPLAIN HEIGHTS SCHOOL,Butane,2013-10-13T00:00,51.451,µg/m³,VOC,GC-MS
40208,CHAMPLAIN HEIGHTS SCHOOL,Butane,2013-10-19T00:00,38.531,µg/m³,VOC,GC-MS
40208,CHAMPLAIN HEIGHTS SCHOOL,Butane,2013-10-25T00:00,14.467,µg/m³,VOC,GC-MS
40208,CHAMPLAIN HEIGHTS SCHOOL,Butane,2013-11-06T00:00,56.659,µg/m³,VOC,GC-MS
40208,CHAMPLAIN HEIGHTS SCHOOL,Butane,2013-11-12T00:00,59.723,µg/m³,VOC,GC-MS
40208,CHAMPLAIN HEIGHTS SCHOOL,Butane,2013-11-18T00:00,49.932,µg/m³,VOC,GC-MS
40208,CHAMPLAIN HEIGHTS SCHOOL,Butane,2013-11-24T00:00,5.389,µg/m³,VOC,GC-MS
40208,CHAMPLAIN HEIGHTS SCHOOL,Butane,2013-11-30T00:00,7.451,µg/m³,VOC,GC-MS
40208,CHAMPLAIN HEIGHTS SCHOOL,Butane,2013-12-06T00:00,61.314,µg/m³,VOC,GC-MS
40208,CHAMPLAIN HEIGHTS SCHOOL,Butane,2013-12-12T00:00,7.119,µg/m³,VOC,GC-MS
40208,CHAMPLAIN HEIGHTS SCHOOL,Butane,2013-12-18T00:00,1.562,µg/m³,VOC,GC-MS
40208,CHAMPLAIN HEIGHTS SCHOOL,Butane,2013-12-24T00:00,3.096,µg/m³,VOC,GC-MS
40208,CHAMPLAIN HEIGHTS SCHOOL,Butane,2013-12-30T00:00,3.066,µg/m³,VOC,GC-MS
