﻿NAPS_Site_ID,Station_Name,Pollutant,Date,Value,Units,Report_Type,Method
100111,ROCKY POINT PARK,Nonane,2019-01-03T00:00,0.050,µg/m³,VOC,GC-MS
100111,ROCKY POINT PARK,Nonane,2019-01-09T00:00,0.096,µg/m³,VOC,GC-MS
100111,ROCKY POINT PARK,Nonane,2019-01-15T00:00,0.474,µg/m³,VOC,GC-MS
100111,ROCKY POINT PARK,Nonane,2019-02-02T00:00,0.079,µg/m³,VOC,GC-MS
100111,ROCKY POINT PARK,Nonane,2019-02-08T00:00,0.090,µg/m³,VOC,GC-MS
100111,ROCKY POINT PARK,Nonane,2019-02-14T00:00,0.166,µg/m³,VOC,GC-MS
100111,ROCKY POINT PARK,Nonane,2019-02-20T00:00,0.114,µg/m³,VOC,GC-MS
100111,ROCKY POINT PARK,Nonane,2019-02-26T00:00,0.051,µg/m³,VOC,GC-MS
100111,ROCKY POINT PARK,Nonane,2019-03-04T00:00,0.062,µg/m³,VOC,GC-MS
100111,ROCKY POINT PARK,Nonane,2019-03-10T00:00,0.074,µg/m³,VOC,GC-MS
100111,ROCKY POINT PARK,Nonane,2019-03-16T00:00,0.082,µg/m³,VOC,GC-MS
100111,ROCKY POINT PARK,Nonane,2019-03-22T00:00,0.070,µg/m³,VOC,GC-MS
100111,ROCKY POINT PARK,Nonane,2019-03-28T00:00,0.090,µg/m³,VOC,GC-MS
100111,ROCKY POINT PARK,Nonane,2019-04-03T00:00,0.080,µg/m³,VOC,GC-MS
100111,ROCKY POINT PARK,Nonane,2019-04-09T00:00,0.054,µg/m³,VOC,GC-MS
100111,ROCKY POINT PARK,Nonane,2019-04-15T00:00,0.031,µg/m³,VOC,GC-MS
100111,ROCKY POINT PARK,Nonane,2019-04-21T00:00,0.058,µg/m³,VOC,GC-MS
100111,ROCKY POINT PARK,Nonane,2019-04-27T00:00,0.055,µg/m³,VOC,GC-MS
100111,ROCKY POINT PARK,Nonane,2019-05-03T00:00,0.195,µg/m³,VOC,GC-MS
100111,ROCKY POINT PARK,Nonane,2019-05-09T00:00,0.267,µg/m³,VOC,GC-MS
100111,ROCKY POINT PARK,Nonane,2019-05-15T00:00,0.142,µg/m³,VOC,GC-MS
100111,ROCKY POINT PARK,Nonane,2019-05-21T00:00,0.090,µg/m³,VOC,GC-MS
100111,ROCKY POINT PARK,Nonane,2019-05-27T00:00,0.170,µg/m³,VOC,GC-MS
100111,ROCKY POINT PARK,Nonane,2019-06-02T00:00,0.098,µg/m³,VOC,GC-MS
100111,ROCKY POINT PARK,Nonane,2019-06-08T00:00,0.055,µg/m³,VOC,GC-MS
100111,ROCKY POINT PARK,Nonane,2019-06-14T00:00,0.079,µg/m³,VOC,GC-MS
100111,ROCKY POINT PARK,Nonane,2019-06-26T00:00,0.131,µg/m³,VOC,GC-MS
100111,ROCKY POINT PARK,Nonane,2019-07-02T00:00,0.069,µg/m³,VOC,GC-MS
100111,ROCKY POINT PARK,Nonane,2019-07-08T00:00,0.171,µg/m³,VOC,GC-MS
100111,ROCKY POINT PARK,Nonane,2019-07-14T00:00,0.176,µg/m³,VOC,GC-MS
100111,ROCKY POINT PARK,Nonane,2019-07-20T00:00,0.132,µg/m³,VOC,GC-MS
100111,ROCKY POINT PARK,Nonane,2019-07-26T00:00,0.181,µg/m³,VOC,GC-MS
100111,ROCKY POINT PARK,Nonane,2019-08-01T00:00,0.131,µg/m³,VOC,GC-MS
100111,ROCKY POINT PARK,Nonane,2019-08-07T00:00,0.124,µg/m³,VOC,GC-MS
100111,ROCKY POINT PARK,Nonane,2019-08-13T00:00,0.142,µg/m³,VOC,GC-MS
100111,ROCKY POINT PARK,Nonane,2019-08-19T00:00,0.083,µg/m³,VOC,GC-MS
100111,ROCKY POINT PARK,Nonane,2019-08-31T00:00,0.148,µg/m³,VOC,GC-MS
100111,ROCKY POINT PARK,Nonane,2019-09-06T00:00,0.173,µg/m³,VOC,GC-MS
100111,ROCKY POINT PARK,Nonane,2019-09-12T00:00,0.069,µg/m³,VOC,GC-MS
100111,ROCKY POINT PARK,Nonane,2019-09-18T00:00,0.095,µg/m³,VOC,GC-MS
100111,ROCKY POINT PARK,Nonane,2019-09-24T00:00,0.076,µg/m³,VOC,GC-MS
100111,ROCKY POINT PARK,Nonane,2019-09-30T00:00,0.068,µg/m³,VOC,GC-MS
100111,ROCKY POINT PARK,Nonane,2019-10-06T00:00,0.144,µg/m³,VOC,GC-MS
100111,ROCKY POINT PARK,Nonane,2019-10-12T00:00,0.153,µg/m³,VOC,GC-MS
100111,ROCKY POINT PARK,Nonane,2019-10-18T00:00,0.050,µg/m³,VOC,GC-MS
100111,ROCKY POINT PARK,Nonane,2019-10-24T00:00,0.156,µg/m³,VOC,GC-MS
100111,ROCKY POINT PARK,Nonane,2019-10-30T00:00,0.152,µg/m³,VOC,GC-MS
100111,ROCKY POINT PARK,Nonane,2019-11-05T00:00,0.274,µg/m³,VOC,GC-MS
100111,ROCKY POINT PARK,Nonane,2019-11-11T00:00,0.124,µg/m³,VOC,GC-MS
100111,ROCKY POINT PARK,Nonane,2019-11-17T00:00,0.065,µg/m³,VOC,GC-MS
100111,ROCKY POINT PARK,Nonane,2019-11-23T00:00,0.133,µg/m³,VOC,GC-MS
100111,ROCKY POINT PARK,Nonane,2019-11-29T00:00,0.163,µg/m³,VOC,GC-MS
100111,ROCKY POINT PARK,Nonane,2019-12-05T00:00,0.096,µg/m³,VOC,GC-MS
100111,ROCKY POINT PARK,Nonane,2019-12-11T00:00,0.058,µg/m³,VOC,GC-MS
100111,ROCKY POINT PARK,Nonane,2019-12-17T00:00,0.092,µg/m³,VOC,GC-MS
100111,ROCKY POINT PARK,Nonane,2019-12-23T00:00,0.096,µg/m³,VOC,GC-MS
