﻿NAPS_Site_ID,Station_Name,Pollutant,Date,Value,Units,Report_Type,Method
50124,MONTRÉAL-CHATEAUNEUF-ANJOU,Nitrate,2014-01-11T00:00,2.171,µg/m³,PM2.5,IC
50124,MONTRÉAL-CHATEAUNEUF-ANJOU,Nitrate,2014-01-17T00:00,0.878,µg/m³,PM2.5,IC
50124,MONTRÉAL-CHATEAUNEUF-ANJOU,Nitrate,2014-01-23T00:00,1.327,µg/m³,PM2.5,IC
50124,MONTRÉAL-CHATEAUNEUF-ANJOU,Nitrate,2014-01-29T00:00,0.539,µg/m³,PM2.5,IC
50124,MONTRÉAL-CHATEAUNEUF-ANJOU,Nitrate,2014-02-04T00:00,1.962,µg/m³,PM2.5,IC
50124,MONTRÉAL-CHATEAUNEUF-ANJOU,Nitrate,2014-02-10T00:00,1.738,µg/m³,PM2.5,IC
50124,MONTRÉAL-CHATEAUNEUF-ANJOU,Nitrate,2014-02-16T00:00,0.632,µg/m³,PM2.5,IC
50124,MONTRÉAL-CHATEAUNEUF-ANJOU,Nitrate,2014-02-28T00:00,0.807,µg/m³,PM2.5,IC
50124,MONTRÉAL-CHATEAUNEUF-ANJOU,Nitrate,2014-03-06T00:00,1.680,µg/m³,PM2.5,IC
50124,MONTRÉAL-CHATEAUNEUF-ANJOU,Nitrate,2014-03-12T00:00,0.117,µg/m³,PM2.5,IC
50124,MONTRÉAL-CHATEAUNEUF-ANJOU,Nitrate,2014-03-18T00:00,1.165,µg/m³,PM2.5,IC
50124,MONTRÉAL-CHATEAUNEUF-ANJOU,Nitrate,2014-03-24T00:00,0.588,µg/m³,PM2.5,IC
50124,MONTRÉAL-CHATEAUNEUF-ANJOU,Nitrate,2014-03-30T00:00,0.070,µg/m³,PM2.5,IC
50124,MONTRÉAL-CHATEAUNEUF-ANJOU,Nitrate,2014-04-05T00:00,0.131,µg/m³,PM2.5,IC
50124,MONTRÉAL-CHATEAUNEUF-ANJOU,Nitrate,2014-04-11T00:00,0.174,µg/m³,PM2.5,IC
50124,MONTRÉAL-CHATEAUNEUF-ANJOU,Nitrate,2014-04-17T00:00,0.248,µg/m³,PM2.5,IC
50124,MONTRÉAL-CHATEAUNEUF-ANJOU,Nitrate,2014-04-29T00:00,0.282,µg/m³,PM2.5,IC
50124,MONTRÉAL-CHATEAUNEUF-ANJOU,Nitrate,2014-05-05T00:00,0.050,µg/m³,PM2.5,IC
50124,MONTRÉAL-CHATEAUNEUF-ANJOU,Nitrate,2014-05-11T00:00,0.095,µg/m³,PM2.5,IC
50124,MONTRÉAL-CHATEAUNEUF-ANJOU,Nitrate,2014-05-17T00:00,0.094,µg/m³,PM2.5,IC
50124,MONTRÉAL-CHATEAUNEUF-ANJOU,Nitrate,2014-05-23T00:00,0.130,µg/m³,PM2.5,IC
50124,MONTRÉAL-CHATEAUNEUF-ANJOU,Nitrate,2014-05-29T00:00,0.159,µg/m³,PM2.5,IC
50124,MONTRÉAL-CHATEAUNEUF-ANJOU,Nitrate,2014-06-04T00:00,0.090,µg/m³,PM2.5,IC
50124,MONTRÉAL-CHATEAUNEUF-ANJOU,Nitrate,2014-06-10T00:00,0.092,µg/m³,PM2.5,IC
50124,MONTRÉAL-CHATEAUNEUF-ANJOU,Nitrate,2014-08-09T00:00,0.069,µg/m³,PM2.5,IC
50124,MONTRÉAL-CHATEAUNEUF-ANJOU,Nitrate,2014-08-21T00:00,0.075,µg/m³,PM2.5,IC
50124,MONTRÉAL-CHATEAUNEUF-ANJOU,Nitrate,2014-09-02T00:00,0.077,µg/m³,PM2.5,IC
50124,MONTRÉAL-CHATEAUNEUF-ANJOU,Nitrate,2014-09-08T00:00,0.078,µg/m³,PM2.5,IC
50124,MONTRÉAL-CHATEAUNEUF-ANJOU,Nitrate,2014-09-14T00:00,0.045,µg/m³,PM2.5,IC
50124,MONTRÉAL-CHATEAUNEUF-ANJOU,Nitrate,2014-09-20T00:00,0.126,µg/m³,PM2.5,IC
50124,MONTRÉAL-CHATEAUNEUF-ANJOU,Nitrate,2014-09-26T00:00,0.084,µg/m³,PM2.5,IC
50124,MONTRÉAL-CHATEAUNEUF-ANJOU,Nitrate,2014-10-02T00:00,0.190,µg/m³,PM2.5,IC
50124,MONTRÉAL-CHATEAUNEUF-ANJOU,Nitrate,2014-10-08T00:00,0.065,µg/m³,PM2.5,IC
50124,MONTRÉAL-CHATEAUNEUF-ANJOU,Nitrate,2014-10-14T00:00,0.144,µg/m³,PM2.5,IC
50124,MONTRÉAL-CHATEAUNEUF-ANJOU,Nitrate,2014-10-20T00:00,0.212,µg/m³,PM2.5,IC
50124,MONTRÉAL-CHATEAUNEUF-ANJOU,Nitrate,2014-10-26T00:00,0.044,µg/m³,PM2.5,IC
50124,MONTRÉAL-CHATEAUNEUF-ANJOU,Nitrate,2014-11-01T00:00,0.072,µg/m³,PM2.5,IC
50124,MONTRÉAL-CHATEAUNEUF-ANJOU,Nitrate,2014-11-07T00:00,0.050,µg/m³,PM2.5,IC
50124,MONTRÉAL-CHATEAUNEUF-ANJOU,Nitrate,2014-11-13T00:00,0.078,µg/m³,PM2.5,IC
50124,MONTRÉAL-CHATEAUNEUF-ANJOU,Nitrate,2014-11-19T00:00,0.544,µg/m³,PM2.5,IC
50124,MONTRÉAL-CHATEAUNEUF-ANJOU,Nitrate,2014-11-25T00:00,0.082,µg/m³,PM2.5,IC
50124,MONTRÉAL-CHATEAUNEUF-ANJOU,Nitrate,2014-12-01T00:00,0.246,µg/m³,PM2.5,IC
50124,MONTRÉAL-CHATEAUNEUF-ANJOU,Nitrate,2014-12-07T00:00,0.214,µg/m³,PM2.5,IC
50124,MONTRÉAL-CHATEAUNEUF-ANJOU,Nitrate,2014-12-13T00:00,0.148,µg/m³,PM2.5,IC
50124,MONTRÉAL-CHATEAUNEUF-ANJOU,Nitrate,2014-12-19T00:00,0.361,µg/m³,PM2.5,IC
50124,MONTRÉAL-CHATEAUNEUF-ANJOU,Nitrate,2014-12-25T00:00,0.066,µg/m³,PM2.5,IC
50124,MONTRÉAL-CHATEAUNEUF-ANJOU,Nitrate,2014-12-31T00:00,0.186,µg/m³,PM2.5,IC
50124,MONTRÉAL-CHATEAUNEUF-ANJOU,Nitrate,2014-01-11T00:00,0.401,µg/m³,PM2.5-10,IC
50124,MONTRÉAL-CHATEAUNEUF-ANJOU,Nitrate,2014-01-17T00:00,0.710,µg/m³,PM2.5-10,IC
50124,MONTRÉAL-CHATEAUNEUF-ANJOU,Nitrate,2014-01-23T00:00,0.076,µg/m³,PM2.5-10,IC
50124,MONTRÉAL-CHATEAUNEUF-ANJOU,Nitrate,2014-01-29T00:00,0.586,µg/m³,PM2.5-10,IC
50124,MONTRÉAL-CHATEAUNEUF-ANJOU,Nitrate,2014-02-04T00:00,1.165,µg/m³,PM2.5-10,IC
50124,MONTRÉAL-CHATEAUNEUF-ANJOU,Nitrate,2014-02-10T00:00,1.404,µg/m³,PM2.5-10,IC
50124,MONTRÉAL-CHATEAUNEUF-ANJOU,Nitrate,2014-02-16T00:00,0.332,µg/m³,PM2.5-10,IC
50124,MONTRÉAL-CHATEAUNEUF-ANJOU,Nitrate,2014-02-28T00:00,0.054,µg/m³,PM2.5-10,IC
50124,MONTRÉAL-CHATEAUNEUF-ANJOU,Nitrate,2014-03-06T00:00,0.065,µg/m³,PM2.5-10,IC
50124,MONTRÉAL-CHATEAUNEUF-ANJOU,Nitrate,2014-03-12T00:00,0.064,µg/m³,PM2.5-10,IC
50124,MONTRÉAL-CHATEAUNEUF-ANJOU,Nitrate,2014-03-18T00:00,0.170,µg/m³,PM2.5-10,IC
50124,MONTRÉAL-CHATEAUNEUF-ANJOU,Nitrate,2014-03-24T00:00,0.139,µg/m³,PM2.5-10,IC
50124,MONTRÉAL-CHATEAUNEUF-ANJOU,Nitrate,2014-03-30T00:00,0.055,µg/m³,PM2.5-10,IC
50124,MONTRÉAL-CHATEAUNEUF-ANJOU,Nitrate,2014-04-05T00:00,0.115,µg/m³,PM2.5-10,IC
50124,MONTRÉAL-CHATEAUNEUF-ANJOU,Nitrate,2014-04-11T00:00,0.218,µg/m³,PM2.5-10,IC
50124,MONTRÉAL-CHATEAUNEUF-ANJOU,Nitrate,2014-04-17T00:00,0.184,µg/m³,PM2.5-10,IC
50124,MONTRÉAL-CHATEAUNEUF-ANJOU,Nitrate,2014-04-29T00:00,0.101,µg/m³,PM2.5-10,IC
50124,MONTRÉAL-CHATEAUNEUF-ANJOU,Nitrate,2014-05-05T00:00,0.056,µg/m³,PM2.5-10,IC
50124,MONTRÉAL-CHATEAUNEUF-ANJOU,Nitrate,2014-05-11T00:00,0.099,µg/m³,PM2.5-10,IC
50124,MONTRÉAL-CHATEAUNEUF-ANJOU,Nitrate,2014-05-17T00:00,0.116,µg/m³,PM2.5-10,IC
50124,MONTRÉAL-CHATEAUNEUF-ANJOU,Nitrate,2014-05-23T00:00,0.173,µg/m³,PM2.5-10,IC
50124,MONTRÉAL-CHATEAUNEUF-ANJOU,Nitrate,2014-05-29T00:00,0.213,µg/m³,PM2.5-10,IC
50124,MONTRÉAL-CHATEAUNEUF-ANJOU,Nitrate,2014-06-04T00:00,0.110,µg/m³,PM2.5-10,IC
50124,MONTRÉAL-CHATEAUNEUF-ANJOU,Nitrate,2014-06-10T00:00,0.116,µg/m³,PM2.5-10,IC
50124,MONTRÉAL-CHATEAUNEUF-ANJOU,Nitrate,2014-08-09T00:00,0.078,µg/m³,PM2.5-10,IC
50124,MONTRÉAL-CHATEAUNEUF-ANJOU,Nitrate,2014-08-21T00:00,0.146,µg/m³,PM2.5-10,IC
50124,MONTRÉAL-CHATEAUNEUF-ANJOU,Nitrate,2014-09-02T00:00,0.167,µg/m³,PM2.5-10,IC
50124,MONTRÉAL-CHATEAUNEUF-ANJOU,Nitrate,2014-09-08T00:00,0.133,µg/m³,PM2.5-10,IC
50124,MONTRÉAL-CHATEAUNEUF-ANJOU,Nitrate,2014-09-14T00:00,0.020,µg/m³,PM2.5-10,IC
50124,MONTRÉAL-CHATEAUNEUF-ANJOU,Nitrate,2014-09-20T00:00,0.613,µg/m³,PM2.5-10,IC
50124,MONTRÉAL-CHATEAUNEUF-ANJOU,Nitrate,2014-09-26T00:00,0.260,µg/m³,PM2.5-10,IC
50124,MONTRÉAL-CHATEAUNEUF-ANJOU,Nitrate,2014-10-02T00:00,0.188,µg/m³,PM2.5-10,IC
50124,MONTRÉAL-CHATEAUNEUF-ANJOU,Nitrate,2014-10-08T00:00,0.118,µg/m³,PM2.5-10,IC
50124,MONTRÉAL-CHATEAUNEUF-ANJOU,Nitrate,2014-10-14T00:00,0.653,µg/m³,PM2.5-10,IC
50124,MONTRÉAL-CHATEAUNEUF-ANJOU,Nitrate,2014-10-20T00:00,0.114,µg/m³,PM2.5-10,IC
50124,MONTRÉAL-CHATEAUNEUF-ANJOU,Nitrate,2014-10-26T00:00,0.029,µg/m³,PM2.5-10,IC
50124,MONTRÉAL-CHATEAUNEUF-ANJOU,Nitrate,2014-11-01T00:00,0.036,µg/m³,PM2.5-10,IC
50124,MONTRÉAL-CHATEAUNEUF-ANJOU,Nitrate,2014-11-07T00:00,0.036,µg/m³,PM2.5-10,IC
50124,MONTRÉAL-CHATEAUNEUF-ANJOU,Nitrate,2014-11-13T00:00,0.089,µg/m³,PM2.5-10,IC
50124,MONTRÉAL-CHATEAUNEUF-ANJOU,Nitrate,2014-11-19T00:00,0.078,µg/m³,PM2.5-10,IC
50124,MONTRÉAL-CHATEAUNEUF-ANJOU,Nitrate,2014-11-25T00:00,0.089,µg/m³,PM2.5-10,IC
50124,MONTRÉAL-CHATEAUNEUF-ANJOU,Nitrate,2014-12-01T00:00,0.181,µg/m³,PM2.5-10,IC
50124,MONTRÉAL-CHATEAUNEUF-ANJOU,Nitrate,2014-12-07T00:00,0.083,µg/m³,PM2.5-10,IC
50124,MONTRÉAL-CHATEAUNEUF-ANJOU,Nitrate,2014-12-13T00:00,0.101,µg/m³,PM2.5-10,IC
50124,MONTRÉAL-CHATEAUNEUF-ANJOU,Nitrate,2014-12-19T00:00,0.099,µg/m³,PM2.5-10,IC
50124,MONTRÉAL-CHATEAUNEUF-ANJOU,Nitrate,2014-12-25T00:00,0.083,µg/m³,PM2.5-10,IC
50124,MONTRÉAL-CHATEAUNEUF-ANJOU,Nitrate,2014-12-31T00:00,0.089,µg/m³,PM2.5-10,IC
