﻿NAPS_Site_ID,Station_Name,Pollutant,Date,Value,Units,Report_Type,Method
100133,BURMOUNT,"1,1-Dichloroethane",2008-01-01T00:00,0.000,µg/m³,VOC,
100133,BURMOUNT,"1,1-Dichloroethane",2008-01-07T00:00,0.000,µg/m³,VOC,
100133,BURMOUNT,"1,1-Dichloroethane",2008-01-14T00:00,0.000,µg/m³,VOC,
100133,BURMOUNT,"1,1-Dichloroethane",2008-01-19T00:00,0.000,µg/m³,VOC,
100133,BURMOUNT,"1,1-Dichloroethane",2008-01-25T00:00,0.000,µg/m³,VOC,
100133,BURMOUNT,"1,1-Dichloroethane",2008-01-31T00:00,0.000,µg/m³,VOC,
100133,BURMOUNT,"1,1-Dichloroethane",2008-02-12T00:00,0.011,µg/m³,VOC,
100133,BURMOUNT,"1,1-Dichloroethane",2008-02-24T00:00,0.000,µg/m³,VOC,
100133,BURMOUNT,"1,1-Dichloroethane",2008-03-01T00:00,0.000,µg/m³,VOC,
100133,BURMOUNT,"1,1-Dichloroethane",2008-03-07T00:00,0.000,µg/m³,VOC,
100133,BURMOUNT,"1,1-Dichloroethane",2008-03-13T00:00,0.000,µg/m³,VOC,
100133,BURMOUNT,"1,1-Dichloroethane",2008-03-19T00:00,0.006,µg/m³,VOC,
100133,BURMOUNT,"1,1-Dichloroethane",2008-04-06T00:00,0.005,µg/m³,VOC,
100133,BURMOUNT,"1,1-Dichloroethane",2008-04-12T00:00,0.000,µg/m³,VOC,
100133,BURMOUNT,"1,1-Dichloroethane",2008-04-24T00:00,0.000,µg/m³,VOC,
100133,BURMOUNT,"1,1-Dichloroethane",2008-04-30T00:00,0.000,µg/m³,VOC,
100133,BURMOUNT,"1,1-Dichloroethane",2008-05-06T00:00,0.000,µg/m³,VOC,
100133,BURMOUNT,"1,1-Dichloroethane",2008-05-12T00:00,0.000,µg/m³,VOC,
100133,BURMOUNT,"1,1-Dichloroethane",2008-05-18T00:00,0.000,µg/m³,VOC,
100133,BURMOUNT,"1,1-Dichloroethane",2008-05-24T00:00,0.000,µg/m³,VOC,
100133,BURMOUNT,"1,1-Dichloroethane",2008-05-30T00:00,0.000,µg/m³,VOC,
100133,BURMOUNT,"1,1-Dichloroethane",2008-06-05T00:00,0.000,µg/m³,VOC,
100133,BURMOUNT,"1,1-Dichloroethane",2008-06-11T00:00,0.000,µg/m³,VOC,
100133,BURMOUNT,"1,1-Dichloroethane",2008-06-17T00:00,0.000,µg/m³,VOC,
100133,BURMOUNT,"1,1-Dichloroethane",2008-06-29T00:00,0.000,µg/m³,VOC,
100133,BURMOUNT,"1,1-Dichloroethane",2008-07-05T00:00,0.000,µg/m³,VOC,
100133,BURMOUNT,"1,1-Dichloroethane",2008-07-11T00:00,0.000,µg/m³,VOC,
100133,BURMOUNT,"1,1-Dichloroethane",2008-07-17T00:00,0.000,µg/m³,VOC,
100133,BURMOUNT,"1,1-Dichloroethane",2008-07-23T00:00,0.000,µg/m³,VOC,
100133,BURMOUNT,"1,1-Dichloroethane",2008-08-04T00:00,0.000,µg/m³,VOC,
100133,BURMOUNT,"1,1-Dichloroethane",2008-08-10T00:00,0.000,µg/m³,VOC,
100133,BURMOUNT,"1,1-Dichloroethane",2008-08-16T00:00,0.000,µg/m³,VOC,
100133,BURMOUNT,"1,1-Dichloroethane",2008-08-22T00:00,0.000,µg/m³,VOC,
100133,BURMOUNT,"1,1-Dichloroethane",2008-08-28T00:00,0.000,µg/m³,VOC,
100133,BURMOUNT,"1,1-Dichloroethane",2008-09-03T00:00,0.000,µg/m³,VOC,
100133,BURMOUNT,"1,1-Dichloroethane",2008-11-02T00:00,0.000,µg/m³,VOC,
100133,BURMOUNT,"1,1-Dichloroethane",2008-11-08T00:00,0.000,µg/m³,VOC,
100133,BURMOUNT,"1,1-Dichloroethane",2008-11-14T00:00,0.000,µg/m³,VOC,
100133,BURMOUNT,"1,1-Dichloroethane",2008-11-20T00:00,0.000,µg/m³,VOC,
100133,BURMOUNT,"1,1-Dichloroethane",2008-11-26T00:00,0.000,µg/m³,VOC,
100133,BURMOUNT,"1,1-Dichloroethane",2008-12-02T00:00,0.000,µg/m³,VOC,
100133,BURMOUNT,"1,1-Dichloroethane",2008-12-08T00:00,0.000,µg/m³,VOC,
100133,BURMOUNT,"1,1-Dichloroethane",2008-12-14T00:00,0.000,µg/m³,VOC,
100133,BURMOUNT,"1,1-Dichloroethane",2008-12-20T00:00,0.000,µg/m³,VOC,
