﻿NAPS_Site_ID,Station_Name,Pollutant,Date,Value,Units,Report_Type,Method
50134,MONTRÉAL-MOLSON or MONTRÉAL-SAINT-JOSEPH,Oxalate,2008-10-15T00:00,0.024,µg/m³,DICHOT,N/A
50134,MONTRÉAL-MOLSON or MONTRÉAL-SAINT-JOSEPH,Oxalate,2008-10-15T00:00,0.057,µg/m³,DICHOT,N/A
50134,MONTRÉAL-MOLSON or MONTRÉAL-SAINT-JOSEPH,Oxalate,2008-10-21T00:00,0.013,µg/m³,DICHOT,N/A
50134,MONTRÉAL-MOLSON or MONTRÉAL-SAINT-JOSEPH,Oxalate,2008-10-21T00:00,0.123,µg/m³,DICHOT,N/A
50134,MONTRÉAL-MOLSON or MONTRÉAL-SAINT-JOSEPH,Oxalate,2008-10-27T00:00,0.025,µg/m³,DICHOT,N/A
50134,MONTRÉAL-MOLSON or MONTRÉAL-SAINT-JOSEPH,Oxalate,2008-10-27T00:00,0.065,µg/m³,DICHOT,N/A
50134,MONTRÉAL-MOLSON or MONTRÉAL-SAINT-JOSEPH,Oxalate,2008-11-02T00:00,0.020,µg/m³,DICHOT,N/A
50134,MONTRÉAL-MOLSON or MONTRÉAL-SAINT-JOSEPH,Oxalate,2008-11-02T00:00,0.056,µg/m³,DICHOT,N/A
50134,MONTRÉAL-MOLSON or MONTRÉAL-SAINT-JOSEPH,Oxalate,2008-11-08T00:00,0.020,µg/m³,DICHOT,N/A
50134,MONTRÉAL-MOLSON or MONTRÉAL-SAINT-JOSEPH,Oxalate,2008-11-08T00:00,0.098,µg/m³,DICHOT,N/A
50134,MONTRÉAL-MOLSON or MONTRÉAL-SAINT-JOSEPH,Oxalate,2008-11-14T00:00,0.018,µg/m³,DICHOT,N/A
50134,MONTRÉAL-MOLSON or MONTRÉAL-SAINT-JOSEPH,Oxalate,2008-11-14T00:00,0.065,µg/m³,DICHOT,N/A
50134,MONTRÉAL-MOLSON or MONTRÉAL-SAINT-JOSEPH,Oxalate,2008-11-20T00:00,0.017,µg/m³,DICHOT,N/A
50134,MONTRÉAL-MOLSON or MONTRÉAL-SAINT-JOSEPH,Oxalate,2008-11-20T00:00,0.028,µg/m³,DICHOT,N/A
50134,MONTRÉAL-MOLSON or MONTRÉAL-SAINT-JOSEPH,Oxalate,2008-11-26T00:00,0.014,µg/m³,DICHOT,N/A
50134,MONTRÉAL-MOLSON or MONTRÉAL-SAINT-JOSEPH,Oxalate,2008-11-26T00:00,0.089,µg/m³,DICHOT,N/A
50134,MONTRÉAL-MOLSON or MONTRÉAL-SAINT-JOSEPH,Oxalate,2008-12-02T00:00,0.018,µg/m³,DICHOT,N/A
50134,MONTRÉAL-MOLSON or MONTRÉAL-SAINT-JOSEPH,Oxalate,2008-12-02T00:00,0.053,µg/m³,DICHOT,N/A
50134,MONTRÉAL-MOLSON or MONTRÉAL-SAINT-JOSEPH,Oxalate,2008-12-20T00:00,0.016,µg/m³,DICHOT,N/A
50134,MONTRÉAL-MOLSON or MONTRÉAL-SAINT-JOSEPH,Oxalate,2008-12-20T00:00,0.065,µg/m³,DICHOT,N/A
50134,MONTRÉAL-MOLSON or MONTRÉAL-SAINT-JOSEPH,Oxalate,2008-12-26T00:00,0.014,µg/m³,DICHOT,N/A
50134,MONTRÉAL-MOLSON or MONTRÉAL-SAINT-JOSEPH,Oxalate,2008-12-26T00:00,0.141,µg/m³,DICHOT,N/A
