﻿NAPS_Site_ID,Station_Name,Pollutant,Date,Value,Units,Report_Type,Method
40203,FOREST HILLS,Acetaldehyde,2003-04-15T00:00,1.561,µg/m³,VOC,
40203,FOREST HILLS,Acetaldehyde,2003-04-21T00:00,1.506,µg/m³,VOC,
40203,FOREST HILLS,Acetaldehyde,2003-05-09T00:00,0.283,µg/m³,VOC,
40203,FOREST HILLS,Acetaldehyde,2003-05-21T00:00,2.126,µg/m³,VOC,
40203,FOREST HILLS,Acetaldehyde,2003-05-27T00:00,0.905,µg/m³,VOC,
40203,FOREST HILLS,Acetaldehyde,2003-06-08T00:00,0.655,µg/m³,VOC,
40203,FOREST HILLS,Acetaldehyde,2003-06-20T00:00,2.312,µg/m³,VOC,
40203,FOREST HILLS,Acetaldehyde,2003-06-26T00:00,5.240,µg/m³,VOC,
40203,FOREST HILLS,Acetaldehyde,2003-07-08T00:00,1.812,µg/m³,VOC,
40203,FOREST HILLS,Acetaldehyde,2003-07-20T00:00,1.812,µg/m³,VOC,
40203,FOREST HILLS,Acetaldehyde,2003-08-01T00:00,4.271,µg/m³,VOC,
40203,FOREST HILLS,Acetaldehyde,2003-08-13T00:00,2.036,µg/m³,VOC,
40203,FOREST HILLS,Acetaldehyde,2003-08-19T00:00,4.607,µg/m³,VOC,
40203,FOREST HILLS,Acetaldehyde,2003-08-25T00:00,1.165,µg/m³,VOC,
40203,FOREST HILLS,Acetaldehyde,2003-08-31T00:00,1.307,µg/m³,VOC,
40203,FOREST HILLS,Acetaldehyde,2003-09-06T00:00,1.370,µg/m³,VOC,
40203,FOREST HILLS,Acetaldehyde,2003-09-30T00:00,1.280,µg/m³,VOC,
40203,FOREST HILLS,Acetaldehyde,2003-10-06T00:00,0.584,µg/m³,VOC,
40203,FOREST HILLS,Acetaldehyde,2003-10-12T00:00,4.942,µg/m³,VOC,
40203,FOREST HILLS,Acetaldehyde,2003-10-18T00:00,0.698,µg/m³,VOC,
40203,FOREST HILLS,Acetaldehyde,2003-10-24T00:00,0.368,µg/m³,VOC,
40203,FOREST HILLS,Acetaldehyde,2003-10-30T00:00,0.621,µg/m³,VOC,
40203,FOREST HILLS,Acetaldehyde,2003-11-05T00:00,0.787,µg/m³,VOC,
40203,FOREST HILLS,Acetaldehyde,2003-11-11T00:00,1.111,µg/m³,VOC,
40203,FOREST HILLS,Acetaldehyde,2003-11-17T00:00,1.518,µg/m³,VOC,
