﻿NAPS_Site_ID,Station_Name,Pollutant,Date,Value,Units,Report_Type,Method
62601,EXPERIMENTAL FARM _SIMCOE_,Toluene,2014-01-04T19:00,0.459,µg/m³,VOC,GC-MS
62601,EXPERIMENTAL FARM _SIMCOE_,Toluene,2014-01-10T19:00,0.454,µg/m³,VOC,GC-MS
62601,EXPERIMENTAL FARM _SIMCOE_,Toluene,2014-01-16T19:00,0.332,µg/m³,VOC,GC-MS
62601,EXPERIMENTAL FARM _SIMCOE_,Toluene,2014-01-22T19:00,0.904,µg/m³,VOC,GC-MS
62601,EXPERIMENTAL FARM _SIMCOE_,Toluene,2014-01-28T19:00,0.356,µg/m³,VOC,GC-MS
62601,EXPERIMENTAL FARM _SIMCOE_,Toluene,2014-02-03T19:00,0.732,µg/m³,VOC,GC-MS
62601,EXPERIMENTAL FARM _SIMCOE_,Toluene,2014-02-09T19:00,0.488,µg/m³,VOC,GC-MS
62601,EXPERIMENTAL FARM _SIMCOE_,Toluene,2014-02-15T19:00,0.376,µg/m³,VOC,GC-MS
62601,EXPERIMENTAL FARM _SIMCOE_,Toluene,2014-02-21T19:00,0.166,µg/m³,VOC,GC-MS
62601,EXPERIMENTAL FARM _SIMCOE_,Toluene,2014-02-27T19:00,0.260,µg/m³,VOC,GC-MS
62601,EXPERIMENTAL FARM _SIMCOE_,Toluene,2014-03-05T19:00,0.248,µg/m³,VOC,GC-MS
62601,EXPERIMENTAL FARM _SIMCOE_,Toluene,2014-03-11T20:00,0.300,µg/m³,VOC,GC-MS
62601,EXPERIMENTAL FARM _SIMCOE_,Toluene,2014-03-17T20:00,0.246,µg/m³,VOC,GC-MS
62601,EXPERIMENTAL FARM _SIMCOE_,Toluene,2014-03-23T20:00,0.108,µg/m³,VOC,GC-MS
62601,EXPERIMENTAL FARM _SIMCOE_,Toluene,2014-03-29T20:00,0.120,µg/m³,VOC,GC-MS
62601,EXPERIMENTAL FARM _SIMCOE_,Toluene,2014-04-04T20:00,0.216,µg/m³,VOC,GC-MS
62601,EXPERIMENTAL FARM _SIMCOE_,Toluene,2014-04-10T20:00,0.352,µg/m³,VOC,GC-MS
62601,EXPERIMENTAL FARM _SIMCOE_,Toluene,2014-04-16T20:00,0.336,µg/m³,VOC,GC-MS
62601,EXPERIMENTAL FARM _SIMCOE_,Toluene,2014-04-22T20:00,0.080,µg/m³,VOC,GC-MS
62601,EXPERIMENTAL FARM _SIMCOE_,Toluene,2014-04-28T20:00,0.190,µg/m³,VOC,GC-MS
62601,EXPERIMENTAL FARM _SIMCOE_,Toluene,2014-05-04T20:00,0.240,µg/m³,VOC,GC-MS
62601,EXPERIMENTAL FARM _SIMCOE_,Toluene,2014-05-10T20:00,0.418,µg/m³,VOC,GC-MS
62601,EXPERIMENTAL FARM _SIMCOE_,Toluene,2014-05-16T20:00,0.306,µg/m³,VOC,GC-MS
62601,EXPERIMENTAL FARM _SIMCOE_,Toluene,2014-05-22T20:00,0.148,µg/m³,VOC,GC-MS
62601,EXPERIMENTAL FARM _SIMCOE_,Toluene,2014-05-28T20:00,0.324,µg/m³,VOC,GC-MS
62601,EXPERIMENTAL FARM _SIMCOE_,Toluene,2014-06-03T20:00,0.350,µg/m³,VOC,GC-MS
62601,EXPERIMENTAL FARM _SIMCOE_,Toluene,2014-06-09T20:00,0.690,µg/m³,VOC,GC-MS
62601,EXPERIMENTAL FARM _SIMCOE_,Toluene,2014-06-15T20:00,0.464,µg/m³,VOC,GC-MS
62601,EXPERIMENTAL FARM _SIMCOE_,Toluene,2014-06-21T20:00,0.494,µg/m³,VOC,GC-MS
62601,EXPERIMENTAL FARM _SIMCOE_,Toluene,2014-06-27T20:00,0.552,µg/m³,VOC,GC-MS
62601,EXPERIMENTAL FARM _SIMCOE_,Toluene,2014-07-03T20:00,0.268,µg/m³,VOC,GC-MS
62601,EXPERIMENTAL FARM _SIMCOE_,Toluene,2014-07-09T20:00,0.934,µg/m³,VOC,GC-MS
62601,EXPERIMENTAL FARM _SIMCOE_,Toluene,2014-07-15T20:00,0.302,µg/m³,VOC,GC-MS
62601,EXPERIMENTAL FARM _SIMCOE_,Toluene,2014-07-21T20:00,0.676,µg/m³,VOC,GC-MS
62601,EXPERIMENTAL FARM _SIMCOE_,Toluene,2014-07-27T20:00,0.166,µg/m³,VOC,GC-MS
62601,EXPERIMENTAL FARM _SIMCOE_,Toluene,2014-08-02T20:00,0.766,µg/m³,VOC,GC-MS
62601,EXPERIMENTAL FARM _SIMCOE_,Toluene,2014-08-08T20:00,0.628,µg/m³,VOC,GC-MS
62601,EXPERIMENTAL FARM _SIMCOE_,Toluene,2014-08-14T20:00,0.272,µg/m³,VOC,GC-MS
62601,EXPERIMENTAL FARM _SIMCOE_,Toluene,2014-08-20T20:00,0.344,µg/m³,VOC,GC-MS
62601,EXPERIMENTAL FARM _SIMCOE_,Toluene,2014-08-26T20:00,0.148,µg/m³,VOC,GC-MS
62601,EXPERIMENTAL FARM _SIMCOE_,Toluene,2014-09-01T20:00,0.378,µg/m³,VOC,GC-MS
62601,EXPERIMENTAL FARM _SIMCOE_,Toluene,2014-09-07T20:00,0.328,µg/m³,VOC,GC-MS
62601,EXPERIMENTAL FARM _SIMCOE_,Toluene,2014-09-13T20:00,0.198,µg/m³,VOC,GC-MS
62601,EXPERIMENTAL FARM _SIMCOE_,Toluene,2014-09-19T20:00,0.334,µg/m³,VOC,GC-MS
62601,EXPERIMENTAL FARM _SIMCOE_,Toluene,2014-09-25T20:00,0.750,µg/m³,VOC,GC-MS
62601,EXPERIMENTAL FARM _SIMCOE_,Toluene,2014-10-01T20:00,0.370,µg/m³,VOC,GC-MS
62601,EXPERIMENTAL FARM _SIMCOE_,Toluene,2014-10-07T20:00,0.694,µg/m³,VOC,GC-MS
62601,EXPERIMENTAL FARM _SIMCOE_,Toluene,2014-10-13T20:00,0.154,µg/m³,VOC,GC-MS
62601,EXPERIMENTAL FARM _SIMCOE_,Toluene,2014-10-19T20:00,0.336,µg/m³,VOC,GC-MS
62601,EXPERIMENTAL FARM _SIMCOE_,Toluene,2014-10-25T20:00,0.146,µg/m³,VOC,GC-MS
62601,EXPERIMENTAL FARM _SIMCOE_,Toluene,2014-10-31T20:00,0.112,µg/m³,VOC,GC-MS
62601,EXPERIMENTAL FARM _SIMCOE_,Toluene,2014-11-06T19:00,0.346,µg/m³,VOC,GC-MS
62601,EXPERIMENTAL FARM _SIMCOE_,Toluene,2014-11-12T19:00,0.260,µg/m³,VOC,GC-MS
62601,EXPERIMENTAL FARM _SIMCOE_,Toluene,2014-11-18T19:00,0.298,µg/m³,VOC,GC-MS
62601,EXPERIMENTAL FARM _SIMCOE_,Toluene,2014-11-24T19:00,0.254,µg/m³,VOC,GC-MS
62601,EXPERIMENTAL FARM _SIMCOE_,Toluene,2014-11-30T19:00,0.118,µg/m³,VOC,GC-MS
62601,EXPERIMENTAL FARM _SIMCOE_,Toluene,2014-12-06T19:00,0.190,µg/m³,VOC,GC-MS
62601,EXPERIMENTAL FARM _SIMCOE_,Toluene,2014-12-12T19:00,0.718,µg/m³,VOC,GC-MS
62601,EXPERIMENTAL FARM _SIMCOE_,Toluene,2014-12-18T19:00,0.222,µg/m³,VOC,GC-MS
62601,EXPERIMENTAL FARM _SIMCOE_,Toluene,2014-12-24T19:00,0.420,µg/m³,VOC,GC-MS
62601,EXPERIMENTAL FARM _SIMCOE_,Toluene,2014-12-30T19:00,0.244,µg/m³,VOC,GC-MS
62601,EXPERIMENTAL FARM _SIMCOE_,Toluene,2014-01-04T19:00,0.376,µg/m³,VOC_4HR,GC-MS
62601,EXPERIMENTAL FARM _SIMCOE_,Toluene,2014-01-07T19:00,0.378,µg/m³,VOC_4HR,GC-MS
62601,EXPERIMENTAL FARM _SIMCOE_,Toluene,2014-01-10T19:00,0.314,µg/m³,VOC_4HR,GC-MS
62601,EXPERIMENTAL FARM _SIMCOE_,Toluene,2014-01-13T19:00,0.348,µg/m³,VOC_4HR,GC-MS
62601,EXPERIMENTAL FARM _SIMCOE_,Toluene,2014-01-16T19:00,0.332,µg/m³,VOC_4HR,GC-MS
62601,EXPERIMENTAL FARM _SIMCOE_,Toluene,2014-01-22T19:00,0.540,µg/m³,VOC_4HR,GC-MS
62601,EXPERIMENTAL FARM _SIMCOE_,Toluene,2014-01-25T19:00,0.242,µg/m³,VOC_4HR,GC-MS
62601,EXPERIMENTAL FARM _SIMCOE_,Toluene,2014-01-28T19:00,0.240,µg/m³,VOC_4HR,GC-MS
62601,EXPERIMENTAL FARM _SIMCOE_,Toluene,2014-01-31T19:00,0.366,µg/m³,VOC_4HR,GC-MS
62601,EXPERIMENTAL FARM _SIMCOE_,Toluene,2014-02-03T19:00,0.348,µg/m³,VOC_4HR,GC-MS
62601,EXPERIMENTAL FARM _SIMCOE_,Toluene,2014-02-06T19:00,0.268,µg/m³,VOC_4HR,GC-MS
62601,EXPERIMENTAL FARM _SIMCOE_,Toluene,2014-02-09T19:00,0.466,µg/m³,VOC_4HR,GC-MS
62601,EXPERIMENTAL FARM _SIMCOE_,Toluene,2014-02-12T19:00,0.666,µg/m³,VOC_4HR,GC-MS
62601,EXPERIMENTAL FARM _SIMCOE_,Toluene,2014-02-15T19:00,0.258,µg/m³,VOC_4HR,GC-MS
62601,EXPERIMENTAL FARM _SIMCOE_,Toluene,2014-02-18T19:00,0.614,µg/m³,VOC_4HR,GC-MS
62601,EXPERIMENTAL FARM _SIMCOE_,Toluene,2014-02-21T19:00,0.316,µg/m³,VOC_4HR,GC-MS
62601,EXPERIMENTAL FARM _SIMCOE_,Toluene,2014-02-24T19:00,0.178,µg/m³,VOC_4HR,GC-MS
62601,EXPERIMENTAL FARM _SIMCOE_,Toluene,2014-02-27T19:00,0.074,µg/m³,VOC_4HR,GC-MS
62601,EXPERIMENTAL FARM _SIMCOE_,Toluene,2014-03-02T19:00,0.126,µg/m³,VOC_4HR,GC-MS
62601,EXPERIMENTAL FARM _SIMCOE_,Toluene,2014-03-05T19:00,0.194,µg/m³,VOC_4HR,GC-MS
62601,EXPERIMENTAL FARM _SIMCOE_,Toluene,2014-03-08T19:00,0.192,µg/m³,VOC_4HR,GC-MS
62601,EXPERIMENTAL FARM _SIMCOE_,Toluene,2014-03-11T20:00,0.214,µg/m³,VOC_4HR,GC-MS
62601,EXPERIMENTAL FARM _SIMCOE_,Toluene,2014-03-14T20:00,0.120,µg/m³,VOC_4HR,GC-MS
62601,EXPERIMENTAL FARM _SIMCOE_,Toluene,2014-03-17T20:00,0.328,µg/m³,VOC_4HR,GC-MS
62601,EXPERIMENTAL FARM _SIMCOE_,Toluene,2014-03-20T20:00,0.076,µg/m³,VOC_4HR,GC-MS
62601,EXPERIMENTAL FARM _SIMCOE_,Toluene,2014-03-23T20:00,0.086,µg/m³,VOC_4HR,GC-MS
62601,EXPERIMENTAL FARM _SIMCOE_,Toluene,2014-03-26T20:00,0.228,µg/m³,VOC_4HR,GC-MS
62601,EXPERIMENTAL FARM _SIMCOE_,Toluene,2014-03-29T20:00,0.136,µg/m³,VOC_4HR,GC-MS
62601,EXPERIMENTAL FARM _SIMCOE_,Toluene,2014-04-01T20:00,0.154,µg/m³,VOC_4HR,GC-MS
62601,EXPERIMENTAL FARM _SIMCOE_,Toluene,2014-04-04T20:00,0.098,µg/m³,VOC_4HR,GC-MS
62601,EXPERIMENTAL FARM _SIMCOE_,Toluene,2014-04-07T20:00,0.160,µg/m³,VOC_4HR,GC-MS
62601,EXPERIMENTAL FARM _SIMCOE_,Toluene,2014-04-10T20:00,0.158,µg/m³,VOC_4HR,GC-MS
62601,EXPERIMENTAL FARM _SIMCOE_,Toluene,2014-04-16T20:00,0.160,µg/m³,VOC_4HR,GC-MS
62601,EXPERIMENTAL FARM _SIMCOE_,Toluene,2014-04-19T20:00,0.110,µg/m³,VOC_4HR,GC-MS
62601,EXPERIMENTAL FARM _SIMCOE_,Toluene,2014-04-22T20:00,0.058,µg/m³,VOC_4HR,GC-MS
62601,EXPERIMENTAL FARM _SIMCOE_,Toluene,2014-04-25T20:00,0.116,µg/m³,VOC_4HR,GC-MS
62601,EXPERIMENTAL FARM _SIMCOE_,Toluene,2014-04-28T20:00,0.154,µg/m³,VOC_4HR,GC-MS
62601,EXPERIMENTAL FARM _SIMCOE_,Toluene,2014-05-07T20:00,0.226,µg/m³,VOC_4HR,GC-MS
62601,EXPERIMENTAL FARM _SIMCOE_,Toluene,2014-05-10T20:00,0.104,µg/m³,VOC_4HR,GC-MS
62601,EXPERIMENTAL FARM _SIMCOE_,Toluene,2014-05-13T20:00,0.646,µg/m³,VOC_4HR,GC-MS
62601,EXPERIMENTAL FARM _SIMCOE_,Toluene,2014-05-16T20:00,0.228,µg/m³,VOC_4HR,GC-MS
62601,EXPERIMENTAL FARM _SIMCOE_,Toluene,2014-05-19T20:00,0.414,µg/m³,VOC_4HR,GC-MS
62601,EXPERIMENTAL FARM _SIMCOE_,Toluene,2014-05-22T20:00,0.148,µg/m³,VOC_4HR,GC-MS
62601,EXPERIMENTAL FARM _SIMCOE_,Toluene,2014-05-25T20:00,0.320,µg/m³,VOC_4HR,GC-MS
62601,EXPERIMENTAL FARM _SIMCOE_,Toluene,2014-05-28T20:00,0.312,µg/m³,VOC_4HR,GC-MS
62601,EXPERIMENTAL FARM _SIMCOE_,Toluene,2014-05-31T20:00,0.110,µg/m³,VOC_4HR,GC-MS
62601,EXPERIMENTAL FARM _SIMCOE_,Toluene,2014-06-03T20:00,0.278,µg/m³,VOC_4HR,GC-MS
62601,EXPERIMENTAL FARM _SIMCOE_,Toluene,2014-06-06T20:00,0.108,µg/m³,VOC_4HR,GC-MS
62601,EXPERIMENTAL FARM _SIMCOE_,Toluene,2014-06-09T20:00,0.330,µg/m³,VOC_4HR,GC-MS
62601,EXPERIMENTAL FARM _SIMCOE_,Toluene,2014-06-12T20:00,3.686,µg/m³,VOC_4HR,GC-MS
62601,EXPERIMENTAL FARM _SIMCOE_,Toluene,2014-06-15T20:00,0.358,µg/m³,VOC_4HR,GC-MS
62601,EXPERIMENTAL FARM _SIMCOE_,Toluene,2014-06-18T20:00,0.282,µg/m³,VOC_4HR,GC-MS
62601,EXPERIMENTAL FARM _SIMCOE_,Toluene,2014-06-21T20:00,0.092,µg/m³,VOC_4HR,GC-MS
62601,EXPERIMENTAL FARM _SIMCOE_,Toluene,2014-06-24T20:00,0.388,µg/m³,VOC_4HR,GC-MS
62601,EXPERIMENTAL FARM _SIMCOE_,Toluene,2014-06-27T20:00,0.686,µg/m³,VOC_4HR,GC-MS
62601,EXPERIMENTAL FARM _SIMCOE_,Toluene,2014-06-30T20:00,0.260,µg/m³,VOC_4HR,GC-MS
62601,EXPERIMENTAL FARM _SIMCOE_,Toluene,2014-07-06T20:00,0.330,µg/m³,VOC_4HR,GC-MS
62601,EXPERIMENTAL FARM _SIMCOE_,Toluene,2014-07-09T20:00,0.206,µg/m³,VOC_4HR,GC-MS
62601,EXPERIMENTAL FARM _SIMCOE_,Toluene,2014-07-12T20:00,0.194,µg/m³,VOC_4HR,GC-MS
62601,EXPERIMENTAL FARM _SIMCOE_,Toluene,2014-07-15T20:00,0.208,µg/m³,VOC_4HR,GC-MS
62601,EXPERIMENTAL FARM _SIMCOE_,Toluene,2014-07-18T20:00,0.176,µg/m³,VOC_4HR,GC-MS
62601,EXPERIMENTAL FARM _SIMCOE_,Toluene,2014-07-21T20:00,0.174,µg/m³,VOC_4HR,GC-MS
62601,EXPERIMENTAL FARM _SIMCOE_,Toluene,2014-07-24T20:00,0.164,µg/m³,VOC_4HR,GC-MS
62601,EXPERIMENTAL FARM _SIMCOE_,Toluene,2014-07-27T20:00,0.248,µg/m³,VOC_4HR,GC-MS
62601,EXPERIMENTAL FARM _SIMCOE_,Toluene,2014-07-30T20:00,0.264,µg/m³,VOC_4HR,GC-MS
62601,EXPERIMENTAL FARM _SIMCOE_,Toluene,2014-08-02T20:00,0.226,µg/m³,VOC_4HR,GC-MS
62601,EXPERIMENTAL FARM _SIMCOE_,Toluene,2014-08-05T20:00,0.182,µg/m³,VOC_4HR,GC-MS
62601,EXPERIMENTAL FARM _SIMCOE_,Toluene,2014-08-08T20:00,0.174,µg/m³,VOC_4HR,GC-MS
62601,EXPERIMENTAL FARM _SIMCOE_,Toluene,2014-08-11T20:00,0.250,µg/m³,VOC_4HR,GC-MS
62601,EXPERIMENTAL FARM _SIMCOE_,Toluene,2014-08-14T20:00,0.140,µg/m³,VOC_4HR,GC-MS
62601,EXPERIMENTAL FARM _SIMCOE_,Toluene,2014-08-17T20:00,0.134,µg/m³,VOC_4HR,GC-MS
62601,EXPERIMENTAL FARM _SIMCOE_,Toluene,2014-08-20T20:00,0.254,µg/m³,VOC_4HR,GC-MS
62601,EXPERIMENTAL FARM _SIMCOE_,Toluene,2014-08-23T20:00,0.106,µg/m³,VOC_4HR,GC-MS
62601,EXPERIMENTAL FARM _SIMCOE_,Toluene,2014-08-29T20:00,0.262,µg/m³,VOC_4HR,GC-MS
62601,EXPERIMENTAL FARM _SIMCOE_,Toluene,2014-09-01T20:00,0.148,µg/m³,VOC_4HR,GC-MS
62601,EXPERIMENTAL FARM _SIMCOE_,Toluene,2014-09-04T20:00,0.282,µg/m³,VOC_4HR,GC-MS
62601,EXPERIMENTAL FARM _SIMCOE_,Toluene,2014-09-07T20:00,0.094,µg/m³,VOC_4HR,GC-MS
62601,EXPERIMENTAL FARM _SIMCOE_,Toluene,2014-09-10T20:00,0.058,µg/m³,VOC_4HR,GC-MS
62601,EXPERIMENTAL FARM _SIMCOE_,Toluene,2014-09-13T20:00,0.060,µg/m³,VOC_4HR,GC-MS
62601,EXPERIMENTAL FARM _SIMCOE_,Toluene,2014-09-16T20:00,0.178,µg/m³,VOC_4HR,GC-MS
62601,EXPERIMENTAL FARM _SIMCOE_,Toluene,2014-09-19T20:00,0.404,µg/m³,VOC_4HR,GC-MS
62601,EXPERIMENTAL FARM _SIMCOE_,Toluene,2014-09-22T20:00,0.174,µg/m³,VOC_4HR,GC-MS
62601,EXPERIMENTAL FARM _SIMCOE_,Toluene,2014-09-25T20:00,0.294,µg/m³,VOC_4HR,GC-MS
62601,EXPERIMENTAL FARM _SIMCOE_,Toluene,2014-09-28T20:00,0.306,µg/m³,VOC_4HR,GC-MS
62601,EXPERIMENTAL FARM _SIMCOE_,Toluene,2014-10-01T20:00,0.214,µg/m³,VOC_4HR,GC-MS
62601,EXPERIMENTAL FARM _SIMCOE_,Toluene,2014-10-04T20:00,0.138,µg/m³,VOC_4HR,GC-MS
62601,EXPERIMENTAL FARM _SIMCOE_,Toluene,2014-10-07T20:00,0.172,µg/m³,VOC_4HR,GC-MS
62601,EXPERIMENTAL FARM _SIMCOE_,Toluene,2014-10-10T20:00,0.054,µg/m³,VOC_4HR,GC-MS
62601,EXPERIMENTAL FARM _SIMCOE_,Toluene,2014-10-13T20:00,0.152,µg/m³,VOC_4HR,GC-MS
62601,EXPERIMENTAL FARM _SIMCOE_,Toluene,2014-10-16T20:00,0.330,µg/m³,VOC_4HR,GC-MS
62601,EXPERIMENTAL FARM _SIMCOE_,Toluene,2014-10-19T20:00,0.410,µg/m³,VOC_4HR,GC-MS
62601,EXPERIMENTAL FARM _SIMCOE_,Toluene,2014-10-22T20:00,0.368,µg/m³,VOC_4HR,GC-MS
62601,EXPERIMENTAL FARM _SIMCOE_,Toluene,2014-10-25T20:00,0.088,µg/m³,VOC_4HR,GC-MS
62601,EXPERIMENTAL FARM _SIMCOE_,Toluene,2014-10-28T20:00,0.278,µg/m³,VOC_4HR,GC-MS
62601,EXPERIMENTAL FARM _SIMCOE_,Toluene,2014-10-31T20:00,0.182,µg/m³,VOC_4HR,GC-MS
62601,EXPERIMENTAL FARM _SIMCOE_,Toluene,2014-11-03T19:00,0.600,µg/m³,VOC_4HR,GC-MS
62601,EXPERIMENTAL FARM _SIMCOE_,Toluene,2014-11-06T19:00,0.090,µg/m³,VOC_4HR,GC-MS
62601,EXPERIMENTAL FARM _SIMCOE_,Toluene,2014-11-09T19:00,0.214,µg/m³,VOC_4HR,GC-MS
62601,EXPERIMENTAL FARM _SIMCOE_,Toluene,2014-11-12T19:00,0.128,µg/m³,VOC_4HR,GC-MS
62601,EXPERIMENTAL FARM _SIMCOE_,Toluene,2014-11-18T19:00,0.166,µg/m³,VOC_4HR,GC-MS
62601,EXPERIMENTAL FARM _SIMCOE_,Toluene,2014-11-21T19:00,0.354,µg/m³,VOC_4HR,GC-MS
62601,EXPERIMENTAL FARM _SIMCOE_,Toluene,2014-11-24T19:00,0.340,µg/m³,VOC_4HR,GC-MS
62601,EXPERIMENTAL FARM _SIMCOE_,Toluene,2014-11-27T19:00,0.156,µg/m³,VOC_4HR,GC-MS
62601,EXPERIMENTAL FARM _SIMCOE_,Toluene,2014-11-30T19:00,0.096,µg/m³,VOC_4HR,GC-MS
62601,EXPERIMENTAL FARM _SIMCOE_,Toluene,2014-12-03T19:00,0.172,µg/m³,VOC_4HR,GC-MS
62601,EXPERIMENTAL FARM _SIMCOE_,Toluene,2014-12-06T19:00,0.178,µg/m³,VOC_4HR,GC-MS
62601,EXPERIMENTAL FARM _SIMCOE_,Toluene,2014-12-09T19:00,0.252,µg/m³,VOC_4HR,GC-MS
62601,EXPERIMENTAL FARM _SIMCOE_,Toluene,2014-12-15T19:00,0.700,µg/m³,VOC_4HR,GC-MS
62601,EXPERIMENTAL FARM _SIMCOE_,Toluene,2014-12-18T19:00,0.190,µg/m³,VOC_4HR,GC-MS
62601,EXPERIMENTAL FARM _SIMCOE_,Toluene,2014-12-21T19:00,0.450,µg/m³,VOC_4HR,GC-MS
62601,EXPERIMENTAL FARM _SIMCOE_,Toluene,2014-12-24T19:00,0.246,µg/m³,VOC_4HR,GC-MS
62601,EXPERIMENTAL FARM _SIMCOE_,Toluene,2014-12-27T19:00,0.220,µg/m³,VOC_4HR,GC-MS
62601,EXPERIMENTAL FARM _SIMCOE_,Toluene,2014-12-30T19:00,0.294,µg/m³,VOC_4HR,GC-MS
