﻿NAPS_Site_ID,Station_Name,Pollutant,Date,Value,Units,Report_Type,Method
40203,FOREST HILLS,m and p-Xylene,2004-01-04T00:00,1.028,µg/m³,VOC,N/A
40203,FOREST HILLS,m and p-Xylene,2004-01-10T00:00,0.189,µg/m³,VOC,N/A
40203,FOREST HILLS,m and p-Xylene,2004-01-16T00:00,0.336,µg/m³,VOC,N/A
40203,FOREST HILLS,m and p-Xylene,2004-01-22T00:00,2.123,µg/m³,VOC,N/A
40203,FOREST HILLS,m and p-Xylene,2004-01-28T00:00,0.423,µg/m³,VOC,N/A
40203,FOREST HILLS,m and p-Xylene,2004-02-03T00:00,2.274,µg/m³,VOC,N/A
40203,FOREST HILLS,m and p-Xylene,2004-02-09T00:00,0.378,µg/m³,VOC,N/A
40203,FOREST HILLS,m and p-Xylene,2004-02-15T00:00,0.273,µg/m³,VOC,N/A
40203,FOREST HILLS,m and p-Xylene,2004-02-21T00:00,0.274,µg/m³,VOC,N/A
40203,FOREST HILLS,m and p-Xylene,2004-02-27T00:00,0.196,µg/m³,VOC,N/A
40203,FOREST HILLS,m and p-Xylene,2004-03-04T00:00,0.471,µg/m³,VOC,N/A
40203,FOREST HILLS,m and p-Xylene,2004-03-10T00:00,1.219,µg/m³,VOC,N/A
40203,FOREST HILLS,m and p-Xylene,2004-03-16T00:00,0.171,µg/m³,VOC,N/A
40203,FOREST HILLS,m and p-Xylene,2004-03-22T00:00,0.383,µg/m³,VOC,N/A
40203,FOREST HILLS,m and p-Xylene,2004-03-28T00:00,0.544,µg/m³,VOC,N/A
40203,FOREST HILLS,m and p-Xylene,2004-04-09T00:00,1.526,µg/m³,VOC,N/A
40203,FOREST HILLS,m and p-Xylene,2004-04-15T00:00,0.145,µg/m³,VOC,N/A
40203,FOREST HILLS,m and p-Xylene,2004-04-21T00:00,0.506,µg/m³,VOC,N/A
40203,FOREST HILLS,m and p-Xylene,2004-04-27T00:00,0.697,µg/m³,VOC,N/A
40203,FOREST HILLS,m and p-Xylene,2004-05-03T00:00,1.339,µg/m³,VOC,N/A
40203,FOREST HILLS,m and p-Xylene,2004-05-09T00:00,1.336,µg/m³,VOC,N/A
40203,FOREST HILLS,m and p-Xylene,2004-05-15T00:00,0.587,µg/m³,VOC,N/A
40203,FOREST HILLS,m and p-Xylene,2004-05-21T00:00,0.617,µg/m³,VOC,N/A
40203,FOREST HILLS,m and p-Xylene,2004-05-27T00:00,1.151,µg/m³,VOC,N/A
40203,FOREST HILLS,m and p-Xylene,2004-06-02T00:00,0.396,µg/m³,VOC,N/A
40203,FOREST HILLS,m and p-Xylene,2004-06-14T00:00,0.420,µg/m³,VOC,N/A
40203,FOREST HILLS,m and p-Xylene,2004-06-20T00:00,0.144,µg/m³,VOC,N/A
40203,FOREST HILLS,m and p-Xylene,2004-06-26T00:00,1.024,µg/m³,VOC,N/A
40203,FOREST HILLS,m and p-Xylene,2004-07-02T00:00,0.903,µg/m³,VOC,N/A
40203,FOREST HILLS,m and p-Xylene,2004-07-08T00:00,0.592,µg/m³,VOC,N/A
40203,FOREST HILLS,m and p-Xylene,2004-07-26T00:00,1.228,µg/m³,VOC,N/A
40203,FOREST HILLS,m and p-Xylene,2004-08-01T00:00,1.947,µg/m³,VOC,N/A
40203,FOREST HILLS,m and p-Xylene,2004-08-07T00:00,0.507,µg/m³,VOC,N/A
40203,FOREST HILLS,m and p-Xylene,2004-08-13T00:00,0.168,µg/m³,VOC,N/A
40203,FOREST HILLS,m and p-Xylene,2004-08-19T00:00,0.412,µg/m³,VOC,N/A
40203,FOREST HILLS,m and p-Xylene,2004-08-25T00:00,0.425,µg/m³,VOC,N/A
40203,FOREST HILLS,m and p-Xylene,2004-08-31T00:00,0.926,µg/m³,VOC,N/A
40203,FOREST HILLS,m and p-Xylene,2004-09-06T00:00,0.433,µg/m³,VOC,N/A
40203,FOREST HILLS,m and p-Xylene,2004-09-12T00:00,0.764,µg/m³,VOC,N/A
40203,FOREST HILLS,m and p-Xylene,2004-09-18T00:00,0.669,µg/m³,VOC,N/A
40203,FOREST HILLS,m and p-Xylene,2004-09-24T00:00,3.123,µg/m³,VOC,N/A
40203,FOREST HILLS,m and p-Xylene,2004-09-30T00:00,1.351,µg/m³,VOC,N/A
40203,FOREST HILLS,m and p-Xylene,2004-10-06T00:00,0.344,µg/m³,VOC,N/A
40203,FOREST HILLS,m and p-Xylene,2004-10-12T00:00,0.115,µg/m³,VOC,N/A
40203,FOREST HILLS,m and p-Xylene,2004-10-18T00:00,0.601,µg/m³,VOC,N/A
40203,FOREST HILLS,m and p-Xylene,2004-10-24T00:00,0.119,µg/m³,VOC,N/A
40203,FOREST HILLS,m and p-Xylene,2004-10-30T00:00,0.958,µg/m³,VOC,N/A
40203,FOREST HILLS,m and p-Xylene,2004-11-05T00:00,0.316,µg/m³,VOC,N/A
40203,FOREST HILLS,m and p-Xylene,2004-11-11T00:00,0.333,µg/m³,VOC,N/A
40203,FOREST HILLS,m and p-Xylene,2004-11-17T00:00,0.650,µg/m³,VOC,N/A
40203,FOREST HILLS,m and p-Xylene,2004-11-23T00:00,0.993,µg/m³,VOC,N/A
40203,FOREST HILLS,m and p-Xylene,2004-11-29T00:00,0.168,µg/m³,VOC,N/A
40203,FOREST HILLS,m and p-Xylene,2004-12-11T00:00,0.640,µg/m³,VOC,N/A
40203,FOREST HILLS,m and p-Xylene,2004-12-17T00:00,0.447,µg/m³,VOC,N/A
40203,FOREST HILLS,m and p-Xylene,2004-12-23T00:00,0.580,µg/m³,VOC,N/A
