﻿NAPS_Site_ID,Station_Name,Pollutant,Date,Value,Units,Report_Type,Method
101401,HOPE AIRPORT,Freon 12,2003-01-15T00:00,2.777,µg/m³,VOC,
101401,HOPE AIRPORT,Freon 12,2003-02-02T00:00,3.091,µg/m³,VOC,
101401,HOPE AIRPORT,Freon 12,2003-02-26T00:00,2.362,µg/m³,VOC,
101401,HOPE AIRPORT,Freon 12,2003-04-03T00:00,2.512,µg/m³,VOC,
101401,HOPE AIRPORT,Freon 12,2003-04-21T00:00,2.376,µg/m³,VOC,
101401,HOPE AIRPORT,Freon 12,2003-05-09T00:00,2.527,µg/m³,VOC,
101401,HOPE AIRPORT,Freon 12,2003-05-27T00:00,2.741,µg/m³,VOC,
101401,HOPE AIRPORT,Freon 12,2003-06-20T00:00,2.564,µg/m³,VOC,
101401,HOPE AIRPORT,Freon 12,2003-07-14T00:00,2.567,µg/m³,VOC,
101401,HOPE AIRPORT,Freon 12,2003-08-13T00:00,2.599,µg/m³,VOC,
101401,HOPE AIRPORT,Freon 12,2003-09-18T00:00,2.871,µg/m³,VOC,
101401,HOPE AIRPORT,Freon 12,2003-10-06T00:00,2.640,µg/m³,VOC,
101401,HOPE AIRPORT,Freon 12,2003-10-24T00:00,2.505,µg/m³,VOC,
101401,HOPE AIRPORT,Freon 12,2003-11-29T00:00,2.733,µg/m³,VOC,
