﻿NAPS_Site_ID,Station_Name,Pollutant,Date,Value,Units,Report_Type,Method
90121,EDMONTON EAST,"cis-1,3-Dimethylcyclohexane",2011-01-03T00:00,0.240,µg/m³,VOC,N/A
90121,EDMONTON EAST,"cis-1,3-Dimethylcyclohexane",2011-01-09T00:00,0.026,µg/m³,VOC,N/A
90121,EDMONTON EAST,"cis-1,3-Dimethylcyclohexane",2011-01-15T00:00,0.141,µg/m³,VOC,N/A
90121,EDMONTON EAST,"cis-1,3-Dimethylcyclohexane",2011-01-21T00:00,0.240,µg/m³,VOC,N/A
90121,EDMONTON EAST,"cis-1,3-Dimethylcyclohexane",2011-01-27T00:00,0.458,µg/m³,VOC,N/A
90121,EDMONTON EAST,"cis-1,3-Dimethylcyclohexane",2011-02-02T00:00,1.720,µg/m³,VOC,N/A
90121,EDMONTON EAST,"cis-1,3-Dimethylcyclohexane",2011-02-08T00:00,0.205,µg/m³,VOC,N/A
90121,EDMONTON EAST,"cis-1,3-Dimethylcyclohexane",2011-02-14T00:00,0.485,µg/m³,VOC,N/A
90121,EDMONTON EAST,"cis-1,3-Dimethylcyclohexane",2011-02-20T00:00,0.045,µg/m³,VOC,N/A
90121,EDMONTON EAST,"cis-1,3-Dimethylcyclohexane",2011-02-26T00:00,0.122,µg/m³,VOC,N/A
90121,EDMONTON EAST,"cis-1,3-Dimethylcyclohexane",2011-03-04T00:00,0.196,µg/m³,VOC,N/A
90121,EDMONTON EAST,"cis-1,3-Dimethylcyclohexane",2011-03-10T00:00,0.237,µg/m³,VOC,N/A
90121,EDMONTON EAST,"cis-1,3-Dimethylcyclohexane",2011-03-16T00:00,1.167,µg/m³,VOC,N/A
90121,EDMONTON EAST,"cis-1,3-Dimethylcyclohexane",2011-03-22T00:00,0.097,µg/m³,VOC,N/A
90121,EDMONTON EAST,"cis-1,3-Dimethylcyclohexane",2011-03-28T00:00,0.097,µg/m³,VOC,N/A
90121,EDMONTON EAST,"cis-1,3-Dimethylcyclohexane",2011-04-03T00:00,0.090,µg/m³,VOC,N/A
90121,EDMONTON EAST,"cis-1,3-Dimethylcyclohexane",2011-04-09T00:00,0.210,µg/m³,VOC,N/A
90121,EDMONTON EAST,"cis-1,3-Dimethylcyclohexane",2011-04-15T00:00,0.052,µg/m³,VOC,N/A
90121,EDMONTON EAST,"cis-1,3-Dimethylcyclohexane",2011-04-21T00:00,0.167,µg/m³,VOC,N/A
90121,EDMONTON EAST,"cis-1,3-Dimethylcyclohexane",2011-04-27T00:00,0.256,µg/m³,VOC,N/A
90121,EDMONTON EAST,"cis-1,3-Dimethylcyclohexane",2011-05-03T00:00,0.047,µg/m³,VOC,N/A
90121,EDMONTON EAST,"cis-1,3-Dimethylcyclohexane",2011-05-09T00:00,0.082,µg/m³,VOC,N/A
90121,EDMONTON EAST,"cis-1,3-Dimethylcyclohexane",2011-05-15T00:00,0.359,µg/m³,VOC,N/A
90121,EDMONTON EAST,"cis-1,3-Dimethylcyclohexane",2011-05-21T00:00,0.265,µg/m³,VOC,N/A
90121,EDMONTON EAST,"cis-1,3-Dimethylcyclohexane",2011-05-27T00:00,0.360,µg/m³,VOC,N/A
90121,EDMONTON EAST,"cis-1,3-Dimethylcyclohexane",2011-06-02T00:00,0.142,µg/m³,VOC,N/A
90121,EDMONTON EAST,"cis-1,3-Dimethylcyclohexane",2011-06-08T00:00,0.245,µg/m³,VOC,N/A
90121,EDMONTON EAST,"cis-1,3-Dimethylcyclohexane",2011-06-14T00:00,0.033,µg/m³,VOC,N/A
90121,EDMONTON EAST,"cis-1,3-Dimethylcyclohexane",2011-06-20T00:00,0.203,µg/m³,VOC,N/A
90121,EDMONTON EAST,"cis-1,3-Dimethylcyclohexane",2011-06-26T00:00,0.292,µg/m³,VOC,N/A
90121,EDMONTON EAST,"cis-1,3-Dimethylcyclohexane",2011-07-02T00:00,0.069,µg/m³,VOC,N/A
90121,EDMONTON EAST,"cis-1,3-Dimethylcyclohexane",2011-07-08T00:00,0.170,µg/m³,VOC,N/A
90121,EDMONTON EAST,"cis-1,3-Dimethylcyclohexane",2011-07-14T00:00,0.177,µg/m³,VOC,N/A
90121,EDMONTON EAST,"cis-1,3-Dimethylcyclohexane",2011-07-20T00:00,0.112,µg/m³,VOC,N/A
90121,EDMONTON EAST,"cis-1,3-Dimethylcyclohexane",2011-07-26T00:00,0.264,µg/m³,VOC,N/A
90121,EDMONTON EAST,"cis-1,3-Dimethylcyclohexane",2011-08-01T00:00,0.137,µg/m³,VOC,N/A
90121,EDMONTON EAST,"cis-1,3-Dimethylcyclohexane",2011-08-07T00:00,0.130,µg/m³,VOC,N/A
90121,EDMONTON EAST,"cis-1,3-Dimethylcyclohexane",2011-08-13T00:00,0.199,µg/m³,VOC,N/A
90121,EDMONTON EAST,"cis-1,3-Dimethylcyclohexane",2011-08-19T00:00,0.150,µg/m³,VOC,N/A
90121,EDMONTON EAST,"cis-1,3-Dimethylcyclohexane",2011-08-25T00:00,0.360,µg/m³,VOC,N/A
90121,EDMONTON EAST,"cis-1,3-Dimethylcyclohexane",2011-08-31T00:00,0.097,µg/m³,VOC,N/A
90121,EDMONTON EAST,"cis-1,3-Dimethylcyclohexane",2011-09-06T00:00,0.308,µg/m³,VOC,N/A
90121,EDMONTON EAST,"cis-1,3-Dimethylcyclohexane",2011-09-12T00:00,0.282,µg/m³,VOC,N/A
90121,EDMONTON EAST,"cis-1,3-Dimethylcyclohexane",2011-09-18T00:00,0.117,µg/m³,VOC,N/A
90121,EDMONTON EAST,"cis-1,3-Dimethylcyclohexane",2011-09-24T00:00,0.711,µg/m³,VOC,N/A
90121,EDMONTON EAST,"cis-1,3-Dimethylcyclohexane",2011-09-30T00:00,0.268,µg/m³,VOC,N/A
90121,EDMONTON EAST,"cis-1,3-Dimethylcyclohexane",2011-10-06T00:00,0.098,µg/m³,VOC,N/A
90121,EDMONTON EAST,"cis-1,3-Dimethylcyclohexane",2011-10-12T00:00,0.191,µg/m³,VOC,N/A
90121,EDMONTON EAST,"cis-1,3-Dimethylcyclohexane",2011-10-18T00:00,0.147,µg/m³,VOC,N/A
90121,EDMONTON EAST,"cis-1,3-Dimethylcyclohexane",2011-10-24T00:00,0.489,µg/m³,VOC,N/A
90121,EDMONTON EAST,"cis-1,3-Dimethylcyclohexane",2011-10-30T00:00,0.093,µg/m³,VOC,N/A
90121,EDMONTON EAST,"cis-1,3-Dimethylcyclohexane",2011-11-05T00:00,0.207,µg/m³,VOC,N/A
90121,EDMONTON EAST,"cis-1,3-Dimethylcyclohexane",2011-11-11T00:00,0.417,µg/m³,VOC,N/A
90121,EDMONTON EAST,"cis-1,3-Dimethylcyclohexane",2011-11-17T00:00,0.256,µg/m³,VOC,N/A
90121,EDMONTON EAST,"cis-1,3-Dimethylcyclohexane",2011-11-23T00:00,0.250,µg/m³,VOC,N/A
90121,EDMONTON EAST,"cis-1,3-Dimethylcyclohexane",2011-11-29T00:00,0.450,µg/m³,VOC,N/A
90121,EDMONTON EAST,"cis-1,3-Dimethylcyclohexane",2011-12-05T00:00,0.208,µg/m³,VOC,N/A
90121,EDMONTON EAST,"cis-1,3-Dimethylcyclohexane",2011-12-11T00:00,0.501,µg/m³,VOC,N/A
90121,EDMONTON EAST,"cis-1,3-Dimethylcyclohexane",2011-12-17T00:00,0.275,µg/m³,VOC,N/A
90121,EDMONTON EAST,"cis-1,3-Dimethylcyclohexane",2011-12-23T00:00,0.459,µg/m³,VOC,N/A
90121,EDMONTON EAST,"cis-1,3-Dimethylcyclohexane",2011-12-29T00:00,0.285,µg/m³,VOC,N/A
