﻿NAPS_Site_ID,Station_Name,Pollutant,Date,Value,Units,Report_Type,Method
129003,YELLOWKNIFE,Magnesium,2006-01-17T00:00,0.000,µg/m³,DICHOT,
129003,YELLOWKNIFE,Magnesium,2006-01-17T00:00,0.016,µg/m³,DICHOT,
129003,YELLOWKNIFE,Magnesium,2006-01-23T00:00,0.013,µg/m³,DICHOT,
129003,YELLOWKNIFE,Magnesium,2006-01-23T00:00,0.020,µg/m³,DICHOT,
129003,YELLOWKNIFE,Magnesium,2006-01-29T00:00,0.012,µg/m³,DICHOT,
129003,YELLOWKNIFE,Magnesium,2006-01-29T00:00,0.047,µg/m³,DICHOT,
129003,YELLOWKNIFE,Magnesium,2006-02-04T00:00,0.013,µg/m³,DICHOT,
129003,YELLOWKNIFE,Magnesium,2006-02-04T00:00,0.021,µg/m³,DICHOT,
129003,YELLOWKNIFE,Magnesium,2006-02-10T00:00,0.000,µg/m³,DICHOT,
129003,YELLOWKNIFE,Magnesium,2006-02-10T00:00,0.000,µg/m³,DICHOT,
129003,YELLOWKNIFE,Magnesium,2006-02-16T00:00,0.021,µg/m³,DICHOT,
129003,YELLOWKNIFE,Magnesium,2006-02-16T00:00,0.075,µg/m³,DICHOT,
129003,YELLOWKNIFE,Magnesium,2006-02-22T00:00,0.008,µg/m³,DICHOT,
129003,YELLOWKNIFE,Magnesium,2006-02-22T00:00,0.019,µg/m³,DICHOT,
129003,YELLOWKNIFE,Magnesium,2006-02-28T00:00,0.010,µg/m³,DICHOT,
129003,YELLOWKNIFE,Magnesium,2006-02-28T00:00,0.021,µg/m³,DICHOT,
129003,YELLOWKNIFE,Magnesium,2006-03-06T00:00,0.005,µg/m³,DICHOT,
129003,YELLOWKNIFE,Magnesium,2006-03-06T00:00,0.008,µg/m³,DICHOT,
129003,YELLOWKNIFE,Magnesium,2006-03-12T00:00,0.008,µg/m³,DICHOT,
129003,YELLOWKNIFE,Magnesium,2006-03-12T00:00,0.035,µg/m³,DICHOT,
129003,YELLOWKNIFE,Magnesium,2006-03-18T00:00,0.004,µg/m³,DICHOT,
129003,YELLOWKNIFE,Magnesium,2006-03-18T00:00,0.007,µg/m³,DICHOT,
129003,YELLOWKNIFE,Magnesium,2006-03-24T00:00,0.007,µg/m³,DICHOT,
129003,YELLOWKNIFE,Magnesium,2006-03-24T00:00,0.008,µg/m³,DICHOT,
129003,YELLOWKNIFE,Magnesium,2006-03-30T00:00,0.005,µg/m³,DICHOT,
129003,YELLOWKNIFE,Magnesium,2006-03-30T00:00,0.012,µg/m³,DICHOT,
129003,YELLOWKNIFE,Magnesium,2006-04-05T00:00,0.007,µg/m³,DICHOT,
129003,YELLOWKNIFE,Magnesium,2006-04-05T00:00,0.014,µg/m³,DICHOT,
129003,YELLOWKNIFE,Magnesium,2006-04-11T00:00,0.006,µg/m³,DICHOT,
129003,YELLOWKNIFE,Magnesium,2006-04-11T00:00,0.013,µg/m³,DICHOT,
129003,YELLOWKNIFE,Magnesium,2006-04-17T00:00,0.006,µg/m³,DICHOT,
129003,YELLOWKNIFE,Magnesium,2006-04-17T00:00,0.009,µg/m³,DICHOT,
129003,YELLOWKNIFE,Magnesium,2006-04-23T00:00,0.006,µg/m³,DICHOT,
129003,YELLOWKNIFE,Magnesium,2006-04-23T00:00,0.009,µg/m³,DICHOT,
129003,YELLOWKNIFE,Magnesium,2006-04-29T00:00,0.007,µg/m³,DICHOT,
129003,YELLOWKNIFE,Magnesium,2006-04-29T00:00,0.011,µg/m³,DICHOT,
129003,YELLOWKNIFE,Magnesium,2006-05-05T00:00,0.006,µg/m³,DICHOT,
129003,YELLOWKNIFE,Magnesium,2006-05-05T00:00,0.009,µg/m³,DICHOT,
129003,YELLOWKNIFE,Magnesium,2006-05-11T00:00,0.007,µg/m³,DICHOT,
129003,YELLOWKNIFE,Magnesium,2006-05-11T00:00,0.010,µg/m³,DICHOT,
129003,YELLOWKNIFE,Magnesium,2006-05-17T00:00,0.007,µg/m³,DICHOT,
129003,YELLOWKNIFE,Magnesium,2006-05-17T00:00,0.009,µg/m³,DICHOT,
129003,YELLOWKNIFE,Magnesium,2006-05-23T00:00,0.006,µg/m³,DICHOT,
129003,YELLOWKNIFE,Magnesium,2006-05-23T00:00,0.008,µg/m³,DICHOT,
129003,YELLOWKNIFE,Magnesium,2006-06-22T00:00,0.005,µg/m³,DICHOT,
129003,YELLOWKNIFE,Magnesium,2006-06-22T00:00,0.021,µg/m³,DICHOT,
129003,YELLOWKNIFE,Magnesium,2006-06-28T00:00,0.008,µg/m³,DICHOT,
129003,YELLOWKNIFE,Magnesium,2006-06-28T00:00,0.009,µg/m³,DICHOT,
129003,YELLOWKNIFE,Magnesium,2006-07-04T00:00,0.000,µg/m³,DICHOT,
129003,YELLOWKNIFE,Magnesium,2006-07-04T00:00,0.007,µg/m³,DICHOT,
129003,YELLOWKNIFE,Magnesium,2006-07-10T00:00,0.000,µg/m³,DICHOT,
129003,YELLOWKNIFE,Magnesium,2006-07-10T00:00,0.006,µg/m³,DICHOT,
129003,YELLOWKNIFE,Magnesium,2006-07-16T00:00,0.004,µg/m³,DICHOT,
129003,YELLOWKNIFE,Magnesium,2006-07-16T00:00,0.009,µg/m³,DICHOT,
129003,YELLOWKNIFE,Magnesium,2006-07-22T00:00,0.004,µg/m³,DICHOT,
129003,YELLOWKNIFE,Magnesium,2006-07-22T00:00,0.010,µg/m³,DICHOT,
129003,YELLOWKNIFE,Magnesium,2006-07-28T00:00,0.003,µg/m³,DICHOT,
129003,YELLOWKNIFE,Magnesium,2006-07-28T00:00,0.007,µg/m³,DICHOT,
129003,YELLOWKNIFE,Magnesium,2006-08-03T00:00,0.005,µg/m³,DICHOT,
129003,YELLOWKNIFE,Magnesium,2006-08-03T00:00,0.009,µg/m³,DICHOT,
129003,YELLOWKNIFE,Magnesium,2006-08-09T00:00,0.004,µg/m³,DICHOT,
129003,YELLOWKNIFE,Magnesium,2006-08-09T00:00,0.004,µg/m³,DICHOT,
129003,YELLOWKNIFE,Magnesium,2006-08-21T00:00,0.000,µg/m³,DICHOT,
129003,YELLOWKNIFE,Magnesium,2006-08-21T00:00,0.005,µg/m³,DICHOT,
129003,YELLOWKNIFE,Magnesium,2006-09-26T00:00,0.004,µg/m³,DICHOT,
129003,YELLOWKNIFE,Magnesium,2006-09-26T00:00,0.008,µg/m³,DICHOT,
129003,YELLOWKNIFE,Magnesium,2006-10-02T00:00,0.006,µg/m³,DICHOT,
129003,YELLOWKNIFE,Magnesium,2006-10-02T00:00,0.017,µg/m³,DICHOT,
129003,YELLOWKNIFE,Magnesium,2006-10-08T00:00,0.002,µg/m³,DICHOT,
129003,YELLOWKNIFE,Magnesium,2006-10-08T00:00,0.004,µg/m³,DICHOT,
129003,YELLOWKNIFE,Magnesium,2006-10-14T00:00,0.004,µg/m³,DICHOT,
129003,YELLOWKNIFE,Magnesium,2006-10-14T00:00,0.005,µg/m³,DICHOT,
129003,YELLOWKNIFE,Magnesium,2006-10-20T00:00,0.002,µg/m³,DICHOT,
129003,YELLOWKNIFE,Magnesium,2006-10-20T00:00,0.003,µg/m³,DICHOT,
129003,YELLOWKNIFE,Magnesium,2006-10-26T00:00,0.002,µg/m³,DICHOT,
129003,YELLOWKNIFE,Magnesium,2006-10-26T00:00,0.002,µg/m³,DICHOT,
129003,YELLOWKNIFE,Magnesium,2006-11-01T00:00,0.005,µg/m³,DICHOT,
129003,YELLOWKNIFE,Magnesium,2006-11-01T00:00,0.008,µg/m³,DICHOT,
129003,YELLOWKNIFE,Magnesium,2006-11-07T00:00,0.002,µg/m³,DICHOT,
129003,YELLOWKNIFE,Magnesium,2006-11-07T00:00,0.005,µg/m³,DICHOT,
129003,YELLOWKNIFE,Magnesium,2006-11-13T00:00,0.000,µg/m³,DICHOT,
129003,YELLOWKNIFE,Magnesium,2006-11-13T00:00,0.002,µg/m³,DICHOT,
129003,YELLOWKNIFE,Magnesium,2006-11-19T00:00,0.002,µg/m³,DICHOT,
129003,YELLOWKNIFE,Magnesium,2006-11-19T00:00,0.005,µg/m³,DICHOT,
129003,YELLOWKNIFE,Magnesium,2006-12-01T00:00,0.005,µg/m³,DICHOT,
129003,YELLOWKNIFE,Magnesium,2006-12-01T00:00,0.052,µg/m³,DICHOT,
129003,YELLOWKNIFE,Magnesium,2006-12-07T00:00,0.004,µg/m³,DICHOT,
129003,YELLOWKNIFE,Magnesium,2006-12-07T00:00,0.006,µg/m³,DICHOT,
129003,YELLOWKNIFE,Magnesium,2006-12-13T00:00,0.000,µg/m³,DICHOT,
129003,YELLOWKNIFE,Magnesium,2006-12-13T00:00,0.000,µg/m³,DICHOT,
129003,YELLOWKNIFE,Magnesium,2006-12-19T00:00,0.000,µg/m³,DICHOT,
129003,YELLOWKNIFE,Magnesium,2006-12-19T00:00,0.002,µg/m³,DICHOT,
129003,YELLOWKNIFE,Magnesium,2006-12-25T00:00,0.004,µg/m³,DICHOT,
129003,YELLOWKNIFE,Magnesium,2006-12-25T00:00,0.013,µg/m³,DICHOT,
