﻿NAPS_Site_ID,Station_Name,Pollutant,Date,Value,Units,Report_Type,Method
40801,CANTERBURY,Antimony,2012-01-04T00:00,0.000,µg/m³,PM2.5,ED-XRF
40801,CANTERBURY,Antimony,2012-01-10T00:00,0.000,µg/m³,PM2.5,ED-XRF
40801,CANTERBURY,Antimony,2012-01-16T00:00,0.000,µg/m³,PM2.5,ED-XRF
40801,CANTERBURY,Antimony,2012-01-22T00:00,0.000,µg/m³,PM2.5,ED-XRF
40801,CANTERBURY,Antimony,2012-01-28T00:00,0.000,µg/m³,PM2.5,ED-XRF
40801,CANTERBURY,Antimony,2012-02-03T00:00,0.000,µg/m³,PM2.5,ED-XRF
40801,CANTERBURY,Antimony,2012-02-09T00:00,0.000,µg/m³,PM2.5,ED-XRF
40801,CANTERBURY,Antimony,2012-02-15T00:00,0.000,µg/m³,PM2.5,ED-XRF
40801,CANTERBURY,Antimony,2012-02-21T00:00,0.000,µg/m³,PM2.5,ED-XRF
40801,CANTERBURY,Antimony,2012-02-27T00:00,0.000,µg/m³,PM2.5,ED-XRF
40801,CANTERBURY,Antimony,2012-03-04T00:00,0.000,µg/m³,PM2.5,ED-XRF
40801,CANTERBURY,Antimony,2012-03-10T00:00,0.000,µg/m³,PM2.5,ED-XRF
40801,CANTERBURY,Antimony,2012-03-16T00:00,0.005,µg/m³,PM2.5,ED-XRF
40801,CANTERBURY,Antimony,2012-03-22T00:00,0.004,µg/m³,PM2.5,ED-XRF
40801,CANTERBURY,Antimony,2012-04-15T00:00,0.001,µg/m³,PM2.5,ED-XRF
40801,CANTERBURY,Antimony,2012-05-09T00:00,0.007,µg/m³,PM2.5,ED-XRF
