﻿NAPS_Site_ID,Station_Name,Pollutant,Date,Value,Units,Report_Type,Method
60104,OTTAWA DOWNTOWN,Sulphur,1985-11-09T00:00,0.028,µg/m³,DICHOT,EDXRF
60104,OTTAWA DOWNTOWN,Sulphur,1985-11-09T00:00,0.431,µg/m³,DICHOT,EDXRF
60104,OTTAWA DOWNTOWN,Sulphur,1985-12-03T00:00,0.113,µg/m³,DICHOT,EDXRF
60104,OTTAWA DOWNTOWN,Sulphur,1985-12-03T00:00,0.460,µg/m³,DICHOT,EDXRF
60104,OTTAWA DOWNTOWN,Sulphur,1985-12-27T00:00,0.082,µg/m³,DICHOT,EDXRF
60104,OTTAWA DOWNTOWN,Sulphur,1985-12-27T00:00,1.540,µg/m³,DICHOT,EDXRF
