﻿NAPS_Site_ID,Station_Name,Pollutant,Date,Value,Units,Report_Type,Method
60104,OTTAWA DOWNTOWN,Potassium,1997-01-04T00:00,0.011,µg/m³,DICHOT,N/A
60104,OTTAWA DOWNTOWN,Potassium,1997-01-04T00:00,0.092,µg/m³,DICHOT,N/A
60104,OTTAWA DOWNTOWN,Potassium,1997-01-10T00:00,0.021,µg/m³,DICHOT,N/A
60104,OTTAWA DOWNTOWN,Potassium,1997-01-10T00:00,0.048,µg/m³,DICHOT,N/A
60104,OTTAWA DOWNTOWN,Potassium,1997-01-16T00:00,0.035,µg/m³,DICHOT,N/A
60104,OTTAWA DOWNTOWN,Potassium,1997-01-16T00:00,0.044,µg/m³,DICHOT,N/A
60104,OTTAWA DOWNTOWN,Potassium,1997-02-03T00:00,0.029,µg/m³,DICHOT,N/A
60104,OTTAWA DOWNTOWN,Potassium,1997-02-03T00:00,0.085,µg/m³,DICHOT,N/A
60104,OTTAWA DOWNTOWN,Potassium,1997-02-09T00:00,0.038,µg/m³,DICHOT,N/A
60104,OTTAWA DOWNTOWN,Potassium,1997-02-09T00:00,0.157,µg/m³,DICHOT,N/A
60104,OTTAWA DOWNTOWN,Potassium,1997-02-15T00:00,0.019,µg/m³,DICHOT,N/A
60104,OTTAWA DOWNTOWN,Potassium,1997-02-15T00:00,0.058,µg/m³,DICHOT,N/A
60104,OTTAWA DOWNTOWN,Potassium,1997-02-21T00:00,0.017,µg/m³,DICHOT,N/A
60104,OTTAWA DOWNTOWN,Potassium,1997-02-21T00:00,0.045,µg/m³,DICHOT,N/A
60104,OTTAWA DOWNTOWN,Potassium,1997-02-27T00:00,0.027,µg/m³,DICHOT,N/A
60104,OTTAWA DOWNTOWN,Potassium,1997-02-27T00:00,0.037,µg/m³,DICHOT,N/A
60104,OTTAWA DOWNTOWN,Potassium,1997-03-05T00:00,0.034,µg/m³,DICHOT,N/A
60104,OTTAWA DOWNTOWN,Potassium,1997-03-05T00:00,0.061,µg/m³,DICHOT,N/A
60104,OTTAWA DOWNTOWN,Potassium,1997-03-11T00:00,0.025,µg/m³,DICHOT,N/A
60104,OTTAWA DOWNTOWN,Potassium,1997-03-11T00:00,0.043,µg/m³,DICHOT,N/A
60104,OTTAWA DOWNTOWN,Potassium,1997-03-17T00:00,0.027,µg/m³,DICHOT,N/A
60104,OTTAWA DOWNTOWN,Potassium,1997-03-17T00:00,0.033,µg/m³,DICHOT,N/A
60104,OTTAWA DOWNTOWN,Potassium,1997-03-23T00:00,0.029,µg/m³,DICHOT,N/A
60104,OTTAWA DOWNTOWN,Potassium,1997-03-23T00:00,0.035,µg/m³,DICHOT,N/A
60104,OTTAWA DOWNTOWN,Potassium,1997-03-29T00:00,0.043,µg/m³,DICHOT,N/A
60104,OTTAWA DOWNTOWN,Potassium,1997-03-29T00:00,0.075,µg/m³,DICHOT,N/A
60104,OTTAWA DOWNTOWN,Potassium,1997-04-04T00:00,0.038,µg/m³,DICHOT,N/A
60104,OTTAWA DOWNTOWN,Potassium,1997-04-04T00:00,0.214,µg/m³,DICHOT,N/A
60104,OTTAWA DOWNTOWN,Potassium,1997-04-10T00:00,0.036,µg/m³,DICHOT,N/A
60104,OTTAWA DOWNTOWN,Potassium,1997-04-10T00:00,0.082,µg/m³,DICHOT,N/A
60104,OTTAWA DOWNTOWN,Potassium,1997-04-22T00:00,0.046,µg/m³,DICHOT,N/A
60104,OTTAWA DOWNTOWN,Potassium,1997-04-22T00:00,0.143,µg/m³,DICHOT,N/A
60104,OTTAWA DOWNTOWN,Potassium,1997-04-28T00:00,0.019,µg/m³,DICHOT,N/A
60104,OTTAWA DOWNTOWN,Potassium,1997-04-28T00:00,0.031,µg/m³,DICHOT,N/A
60104,OTTAWA DOWNTOWN,Potassium,1997-05-04T00:00,0.024,µg/m³,DICHOT,N/A
60104,OTTAWA DOWNTOWN,Potassium,1997-05-04T00:00,0.035,µg/m³,DICHOT,N/A
60104,OTTAWA DOWNTOWN,Potassium,1997-05-16T00:00,0.011,µg/m³,DICHOT,N/A
60104,OTTAWA DOWNTOWN,Potassium,1997-05-16T00:00,0.025,µg/m³,DICHOT,N/A
60104,OTTAWA DOWNTOWN,Potassium,1997-05-22T00:00,0.000,µg/m³,DICHOT,N/A
60104,OTTAWA DOWNTOWN,Potassium,1997-05-22T00:00,0.005,µg/m³,DICHOT,N/A
60104,OTTAWA DOWNTOWN,Potassium,1997-05-28T00:00,0.030,µg/m³,DICHOT,N/A
60104,OTTAWA DOWNTOWN,Potassium,1997-05-28T00:00,0.129,µg/m³,DICHOT,N/A
60104,OTTAWA DOWNTOWN,Potassium,1997-06-03T00:00,0.033,µg/m³,DICHOT,N/A
60104,OTTAWA DOWNTOWN,Potassium,1997-06-03T00:00,0.118,µg/m³,DICHOT,N/A
60104,OTTAWA DOWNTOWN,Potassium,1997-06-09T00:00,0.092,µg/m³,DICHOT,N/A
60104,OTTAWA DOWNTOWN,Potassium,1997-06-09T00:00,0.170,µg/m³,DICHOT,N/A
60104,OTTAWA DOWNTOWN,Potassium,1997-06-15T00:00,0.034,µg/m³,DICHOT,N/A
60104,OTTAWA DOWNTOWN,Potassium,1997-06-15T00:00,0.064,µg/m³,DICHOT,N/A
60104,OTTAWA DOWNTOWN,Potassium,1997-06-21T00:00,0.037,µg/m³,DICHOT,N/A
60104,OTTAWA DOWNTOWN,Potassium,1997-06-21T00:00,0.068,µg/m³,DICHOT,N/A
60104,OTTAWA DOWNTOWN,Potassium,1997-06-27T00:00,0.012,µg/m³,DICHOT,N/A
60104,OTTAWA DOWNTOWN,Potassium,1997-06-27T00:00,0.060,µg/m³,DICHOT,N/A
60104,OTTAWA DOWNTOWN,Potassium,1997-07-03T00:00,0.030,µg/m³,DICHOT,N/A
60104,OTTAWA DOWNTOWN,Potassium,1997-07-03T00:00,0.080,µg/m³,DICHOT,N/A
60104,OTTAWA DOWNTOWN,Potassium,1997-07-09T00:00,0.015,µg/m³,DICHOT,N/A
60104,OTTAWA DOWNTOWN,Potassium,1997-07-09T00:00,0.020,µg/m³,DICHOT,N/A
60104,OTTAWA DOWNTOWN,Potassium,1997-07-15T00:00,0.027,µg/m³,DICHOT,N/A
60104,OTTAWA DOWNTOWN,Potassium,1997-07-15T00:00,0.072,µg/m³,DICHOT,N/A
60104,OTTAWA DOWNTOWN,Potassium,1997-07-21T00:00,0.016,µg/m³,DICHOT,N/A
60104,OTTAWA DOWNTOWN,Potassium,1997-07-21T00:00,0.055,µg/m³,DICHOT,N/A
60104,OTTAWA DOWNTOWN,Potassium,1997-07-27T00:00,0.061,µg/m³,DICHOT,N/A
60104,OTTAWA DOWNTOWN,Potassium,1997-07-27T00:00,0.070,µg/m³,DICHOT,N/A
60104,OTTAWA DOWNTOWN,Potassium,1997-08-02T00:00,0.039,µg/m³,DICHOT,N/A
60104,OTTAWA DOWNTOWN,Potassium,1997-08-02T00:00,0.073,µg/m³,DICHOT,N/A
60104,OTTAWA DOWNTOWN,Potassium,1997-08-08T00:00,0.041,µg/m³,DICHOT,N/A
60104,OTTAWA DOWNTOWN,Potassium,1997-08-08T00:00,0.111,µg/m³,DICHOT,N/A
60104,OTTAWA DOWNTOWN,Potassium,1997-08-14T00:00,0.017,µg/m³,DICHOT,N/A
60104,OTTAWA DOWNTOWN,Potassium,1997-08-14T00:00,0.078,µg/m³,DICHOT,N/A
60104,OTTAWA DOWNTOWN,Potassium,1997-08-20T00:00,0.025,µg/m³,DICHOT,N/A
60104,OTTAWA DOWNTOWN,Potassium,1997-08-20T00:00,0.097,µg/m³,DICHOT,N/A
60104,OTTAWA DOWNTOWN,Potassium,1997-08-26T00:00,0.025,µg/m³,DICHOT,N/A
60104,OTTAWA DOWNTOWN,Potassium,1997-08-26T00:00,0.122,µg/m³,DICHOT,N/A
60104,OTTAWA DOWNTOWN,Potassium,1997-09-01T00:00,0.045,µg/m³,DICHOT,N/A
60104,OTTAWA DOWNTOWN,Potassium,1997-09-01T00:00,0.060,µg/m³,DICHOT,N/A
60104,OTTAWA DOWNTOWN,Potassium,1997-09-13T00:00,0.021,µg/m³,DICHOT,N/A
60104,OTTAWA DOWNTOWN,Potassium,1997-09-13T00:00,0.049,µg/m³,DICHOT,N/A
60104,OTTAWA DOWNTOWN,Potassium,1997-09-19T00:00,0.038,µg/m³,DICHOT,N/A
60104,OTTAWA DOWNTOWN,Potassium,1997-09-19T00:00,0.110,µg/m³,DICHOT,N/A
60104,OTTAWA DOWNTOWN,Potassium,1997-09-25T00:00,0.034,µg/m³,DICHOT,N/A
60104,OTTAWA DOWNTOWN,Potassium,1997-09-25T00:00,0.060,µg/m³,DICHOT,N/A
60104,OTTAWA DOWNTOWN,Potassium,1997-10-01T00:00,0.020,µg/m³,DICHOT,N/A
60104,OTTAWA DOWNTOWN,Potassium,1997-10-01T00:00,0.029,µg/m³,DICHOT,N/A
60104,OTTAWA DOWNTOWN,Potassium,1997-10-25T00:00,0.018,µg/m³,DICHOT,N/A
60104,OTTAWA DOWNTOWN,Potassium,1997-10-25T00:00,0.022,µg/m³,DICHOT,N/A
60104,OTTAWA DOWNTOWN,Potassium,1997-10-31T00:00,0.070,µg/m³,DICHOT,N/A
60104,OTTAWA DOWNTOWN,Potassium,1997-10-31T00:00,0.135,µg/m³,DICHOT,N/A
60104,OTTAWA DOWNTOWN,Potassium,1997-11-06T00:00,0.074,µg/m³,DICHOT,N/A
60104,OTTAWA DOWNTOWN,Potassium,1997-11-06T00:00,0.085,µg/m³,DICHOT,N/A
60104,OTTAWA DOWNTOWN,Potassium,1997-11-12T00:00,0.047,µg/m³,DICHOT,N/A
60104,OTTAWA DOWNTOWN,Potassium,1997-11-12T00:00,0.069,µg/m³,DICHOT,N/A
60104,OTTAWA DOWNTOWN,Potassium,1997-11-18T00:00,0.014,µg/m³,DICHOT,N/A
60104,OTTAWA DOWNTOWN,Potassium,1997-11-18T00:00,0.045,µg/m³,DICHOT,N/A
60104,OTTAWA DOWNTOWN,Potassium,1997-11-24T00:00,0.005,µg/m³,DICHOT,N/A
60104,OTTAWA DOWNTOWN,Potassium,1997-11-24T00:00,0.082,µg/m³,DICHOT,N/A
60104,OTTAWA DOWNTOWN,Potassium,1997-11-30T00:00,0.008,µg/m³,DICHOT,N/A
60104,OTTAWA DOWNTOWN,Potassium,1997-11-30T00:00,0.026,µg/m³,DICHOT,N/A
60104,OTTAWA DOWNTOWN,Potassium,1997-12-18T00:00,0.036,µg/m³,DICHOT,N/A
60104,OTTAWA DOWNTOWN,Potassium,1997-12-18T00:00,0.051,µg/m³,DICHOT,N/A
60104,OTTAWA DOWNTOWN,Potassium,1997-12-24T00:00,0.017,µg/m³,DICHOT,N/A
60104,OTTAWA DOWNTOWN,Potassium,1997-12-24T00:00,0.115,µg/m³,DICHOT,N/A
60104,OTTAWA DOWNTOWN,Potassium,1997-12-30T00:00,0.013,µg/m³,DICHOT,N/A
60104,OTTAWA DOWNTOWN,Potassium,1997-12-30T00:00,0.040,µg/m³,DICHOT,N/A
