﻿NAPS_Site_ID,Station_Name,Pollutant,Date,Value,Units,Report_Type,Method
50103,MONTRÉAL-SAINT-JEAN-BAPTISTE,Trichloroethylene,2012-01-04T00:00,0.040,µg/m³,VOC,N/A
50103,MONTRÉAL-SAINT-JEAN-BAPTISTE,Trichloroethylene,2012-01-10T00:00,0.514,µg/m³,VOC,N/A
50103,MONTRÉAL-SAINT-JEAN-BAPTISTE,Trichloroethylene,2012-01-22T00:00,0.062,µg/m³,VOC,N/A
50103,MONTRÉAL-SAINT-JEAN-BAPTISTE,Trichloroethylene,2012-01-28T00:00,0.027,µg/m³,VOC,N/A
50103,MONTRÉAL-SAINT-JEAN-BAPTISTE,Trichloroethylene,2012-02-03T00:00,0.171,µg/m³,VOC,N/A
50103,MONTRÉAL-SAINT-JEAN-BAPTISTE,Trichloroethylene,2012-02-09T00:00,0.064,µg/m³,VOC,N/A
50103,MONTRÉAL-SAINT-JEAN-BAPTISTE,Trichloroethylene,2012-02-15T00:00,0.115,µg/m³,VOC,N/A
50103,MONTRÉAL-SAINT-JEAN-BAPTISTE,Trichloroethylene,2012-02-21T00:00,0.123,µg/m³,VOC,N/A
50103,MONTRÉAL-SAINT-JEAN-BAPTISTE,Trichloroethylene,2012-02-27T00:00,0.146,µg/m³,VOC,N/A
50103,MONTRÉAL-SAINT-JEAN-BAPTISTE,Trichloroethylene,2012-03-04T00:00,0.034,µg/m³,VOC,N/A
50103,MONTRÉAL-SAINT-JEAN-BAPTISTE,Trichloroethylene,2012-03-10T00:00,0.034,µg/m³,VOC,N/A
50103,MONTRÉAL-SAINT-JEAN-BAPTISTE,Trichloroethylene,2012-03-16T00:00,0.095,µg/m³,VOC,N/A
50103,MONTRÉAL-SAINT-JEAN-BAPTISTE,Trichloroethylene,2012-03-22T00:00,0.259,µg/m³,VOC,N/A
50103,MONTRÉAL-SAINT-JEAN-BAPTISTE,Trichloroethylene,2012-03-28T00:00,0.015,µg/m³,VOC,N/A
50103,MONTRÉAL-SAINT-JEAN-BAPTISTE,Trichloroethylene,2012-04-03T00:00,0.144,µg/m³,VOC,N/A
50103,MONTRÉAL-SAINT-JEAN-BAPTISTE,Trichloroethylene,2012-04-09T00:00,0.031,µg/m³,VOC,N/A
50103,MONTRÉAL-SAINT-JEAN-BAPTISTE,Trichloroethylene,2012-04-15T00:00,0.026,µg/m³,VOC,N/A
50103,MONTRÉAL-SAINT-JEAN-BAPTISTE,Trichloroethylene,2012-04-21T00:00,0.009,µg/m³,VOC,N/A
50103,MONTRÉAL-SAINT-JEAN-BAPTISTE,Trichloroethylene,2012-04-27T00:00,0.337,µg/m³,VOC,N/A
50103,MONTRÉAL-SAINT-JEAN-BAPTISTE,Trichloroethylene,2012-05-03T00:00,0.033,µg/m³,VOC,N/A
50103,MONTRÉAL-SAINT-JEAN-BAPTISTE,Trichloroethylene,2012-05-09T00:00,0.315,µg/m³,VOC,N/A
50103,MONTRÉAL-SAINT-JEAN-BAPTISTE,Trichloroethylene,2012-05-15T00:00,0.049,µg/m³,VOC,N/A
50103,MONTRÉAL-SAINT-JEAN-BAPTISTE,Trichloroethylene,2012-05-21T00:00,0.035,µg/m³,VOC,N/A
50103,MONTRÉAL-SAINT-JEAN-BAPTISTE,Trichloroethylene,2012-05-27T00:00,0.026,µg/m³,VOC,N/A
50103,MONTRÉAL-SAINT-JEAN-BAPTISTE,Trichloroethylene,2012-06-02T00:00,0.017,µg/m³,VOC,N/A
50103,MONTRÉAL-SAINT-JEAN-BAPTISTE,Trichloroethylene,2012-06-14T00:00,0.018,µg/m³,VOC,N/A
50103,MONTRÉAL-SAINT-JEAN-BAPTISTE,Trichloroethylene,2012-06-20T00:00,0.073,µg/m³,VOC,N/A
50103,MONTRÉAL-SAINT-JEAN-BAPTISTE,Trichloroethylene,2012-06-20T00:00,0.077,µg/m³,VOC,N/A
50103,MONTRÉAL-SAINT-JEAN-BAPTISTE,Trichloroethylene,2012-06-26T00:00,0.314,µg/m³,VOC,N/A
50103,MONTRÉAL-SAINT-JEAN-BAPTISTE,Trichloroethylene,2012-07-02T00:00,0.079,µg/m³,VOC,N/A
50103,MONTRÉAL-SAINT-JEAN-BAPTISTE,Trichloroethylene,2012-07-08T00:00,0.161,µg/m³,VOC,N/A
50103,MONTRÉAL-SAINT-JEAN-BAPTISTE,Trichloroethylene,2012-07-14T00:00,0.047,µg/m³,VOC,N/A
50103,MONTRÉAL-SAINT-JEAN-BAPTISTE,Trichloroethylene,2012-07-20T00:00,0.039,µg/m³,VOC,N/A
50103,MONTRÉAL-SAINT-JEAN-BAPTISTE,Trichloroethylene,2012-07-26T00:00,0.068,µg/m³,VOC,N/A
50103,MONTRÉAL-SAINT-JEAN-BAPTISTE,Trichloroethylene,2012-08-01T00:00,0.123,µg/m³,VOC,N/A
50103,MONTRÉAL-SAINT-JEAN-BAPTISTE,Trichloroethylene,2012-08-07T00:00,0.125,µg/m³,VOC,N/A
50103,MONTRÉAL-SAINT-JEAN-BAPTISTE,Trichloroethylene,2012-08-13T00:00,0.071,µg/m³,VOC,N/A
50103,MONTRÉAL-SAINT-JEAN-BAPTISTE,Trichloroethylene,2012-08-19T00:00,0.071,µg/m³,VOC,N/A
50103,MONTRÉAL-SAINT-JEAN-BAPTISTE,Trichloroethylene,2012-08-25T00:00,0.060,µg/m³,VOC,N/A
50103,MONTRÉAL-SAINT-JEAN-BAPTISTE,Trichloroethylene,2012-08-31T00:00,0.162,µg/m³,VOC,N/A
50103,MONTRÉAL-SAINT-JEAN-BAPTISTE,Trichloroethylene,2012-09-06T00:00,0.321,µg/m³,VOC,N/A
50103,MONTRÉAL-SAINT-JEAN-BAPTISTE,Trichloroethylene,2012-09-12T00:00,0.093,µg/m³,VOC,N/A
50103,MONTRÉAL-SAINT-JEAN-BAPTISTE,Trichloroethylene,2012-09-18T00:00,0.050,µg/m³,VOC,N/A
50103,MONTRÉAL-SAINT-JEAN-BAPTISTE,Trichloroethylene,2012-09-24T00:00,0.139,µg/m³,VOC,N/A
50103,MONTRÉAL-SAINT-JEAN-BAPTISTE,Trichloroethylene,2012-09-30T00:00,0.027,µg/m³,VOC,N/A
50103,MONTRÉAL-SAINT-JEAN-BAPTISTE,Trichloroethylene,2012-10-06T00:00,0.077,µg/m³,VOC,N/A
50103,MONTRÉAL-SAINT-JEAN-BAPTISTE,Trichloroethylene,2012-10-12T00:00,0.308,µg/m³,VOC,N/A
50103,MONTRÉAL-SAINT-JEAN-BAPTISTE,Trichloroethylene,2012-10-18T00:00,0.025,µg/m³,VOC,N/A
50103,MONTRÉAL-SAINT-JEAN-BAPTISTE,Trichloroethylene,2012-10-30T00:00,0.012,µg/m³,VOC,N/A
50103,MONTRÉAL-SAINT-JEAN-BAPTISTE,Trichloroethylene,2012-11-05T00:00,0.382,µg/m³,VOC,N/A
50103,MONTRÉAL-SAINT-JEAN-BAPTISTE,Trichloroethylene,2012-11-11T00:00,0.012,µg/m³,VOC,N/A
50103,MONTRÉAL-SAINT-JEAN-BAPTISTE,Trichloroethylene,2012-11-17T00:00,0.027,µg/m³,VOC,N/A
50103,MONTRÉAL-SAINT-JEAN-BAPTISTE,Trichloroethylene,2012-11-23T00:00,0.073,µg/m³,VOC,N/A
50103,MONTRÉAL-SAINT-JEAN-BAPTISTE,Trichloroethylene,2012-11-29T00:00,0.113,µg/m³,VOC,N/A
50103,MONTRÉAL-SAINT-JEAN-BAPTISTE,Trichloroethylene,2012-12-05T00:00,0.274,µg/m³,VOC,N/A
50103,MONTRÉAL-SAINT-JEAN-BAPTISTE,Trichloroethylene,2012-12-11T00:00,0.214,µg/m³,VOC,N/A
50103,MONTRÉAL-SAINT-JEAN-BAPTISTE,Trichloroethylene,2012-12-17T00:00,0.010,µg/m³,VOC,N/A
50103,MONTRÉAL-SAINT-JEAN-BAPTISTE,Trichloroethylene,2012-12-23T00:00,0.018,µg/m³,VOC,N/A
50103,MONTRÉAL-SAINT-JEAN-BAPTISTE,Trichloroethylene,2012-12-29T00:00,0.034,µg/m³,VOC,N/A
