﻿NAPS_Site_ID,Station_Name,Pollutant,Date,Value,Units,Report_Type,Method
50115,MONTRÉAL-MAISONNEUVE,n-Butylbenzene,1993-01-01T00:00,0.000,µg/m³,VOC,
50115,MONTRÉAL-MAISONNEUVE,n-Butylbenzene,1993-01-07T00:00,0.032,µg/m³,VOC,
50115,MONTRÉAL-MAISONNEUVE,n-Butylbenzene,1993-01-13T00:00,0.009,µg/m³,VOC,
50115,MONTRÉAL-MAISONNEUVE,n-Butylbenzene,1993-01-19T00:00,0.112,µg/m³,VOC,
50115,MONTRÉAL-MAISONNEUVE,n-Butylbenzene,1993-01-25T00:00,0.015,µg/m³,VOC,
50115,MONTRÉAL-MAISONNEUVE,n-Butylbenzene,1993-01-31T00:00,0.000,µg/m³,VOC,
50115,MONTRÉAL-MAISONNEUVE,n-Butylbenzene,1993-02-12T00:00,0.025,µg/m³,VOC,
50115,MONTRÉAL-MAISONNEUVE,n-Butylbenzene,1993-02-18T00:00,0.038,µg/m³,VOC,
50115,MONTRÉAL-MAISONNEUVE,n-Butylbenzene,1993-02-24T00:00,0.052,µg/m³,VOC,
50115,MONTRÉAL-MAISONNEUVE,n-Butylbenzene,1993-03-02T00:00,0.119,µg/m³,VOC,
50115,MONTRÉAL-MAISONNEUVE,n-Butylbenzene,1993-03-08T00:00,0.176,µg/m³,VOC,
50115,MONTRÉAL-MAISONNEUVE,n-Butylbenzene,1993-03-14T00:00,0.041,µg/m³,VOC,
50115,MONTRÉAL-MAISONNEUVE,n-Butylbenzene,1993-03-20T00:00,0.090,µg/m³,VOC,
50115,MONTRÉAL-MAISONNEUVE,n-Butylbenzene,1993-03-26T00:00,0.106,µg/m³,VOC,
50115,MONTRÉAL-MAISONNEUVE,n-Butylbenzene,1993-04-01T00:00,0.053,µg/m³,VOC,
50115,MONTRÉAL-MAISONNEUVE,n-Butylbenzene,1993-04-07T00:00,0.179,µg/m³,VOC,
50115,MONTRÉAL-MAISONNEUVE,n-Butylbenzene,1993-04-13T00:00,0.146,µg/m³,VOC,
50115,MONTRÉAL-MAISONNEUVE,n-Butylbenzene,1993-04-19T00:00,0.136,µg/m³,VOC,
50115,MONTRÉAL-MAISONNEUVE,n-Butylbenzene,1993-04-25T00:00,0.087,µg/m³,VOC,
50115,MONTRÉAL-MAISONNEUVE,n-Butylbenzene,1993-05-01T00:00,0.129,µg/m³,VOC,
50115,MONTRÉAL-MAISONNEUVE,n-Butylbenzene,1993-05-07T00:00,0.140,µg/m³,VOC,
50115,MONTRÉAL-MAISONNEUVE,n-Butylbenzene,1993-05-13T00:00,0.116,µg/m³,VOC,
50115,MONTRÉAL-MAISONNEUVE,n-Butylbenzene,1993-05-19T00:00,0.152,µg/m³,VOC,
50115,MONTRÉAL-MAISONNEUVE,n-Butylbenzene,1993-05-25T00:00,0.113,µg/m³,VOC,
50115,MONTRÉAL-MAISONNEUVE,n-Butylbenzene,1993-05-31T00:00,0.092,µg/m³,VOC,
50115,MONTRÉAL-MAISONNEUVE,n-Butylbenzene,1993-06-06T00:00,0.079,µg/m³,VOC,
50115,MONTRÉAL-MAISONNEUVE,n-Butylbenzene,1993-06-12T00:00,0.079,µg/m³,VOC,
50115,MONTRÉAL-MAISONNEUVE,n-Butylbenzene,1993-06-18T00:00,0.249,µg/m³,VOC,
50115,MONTRÉAL-MAISONNEUVE,n-Butylbenzene,1993-06-24T00:00,0.118,µg/m³,VOC,
50115,MONTRÉAL-MAISONNEUVE,n-Butylbenzene,1993-06-30T00:00,0.105,µg/m³,VOC,
50115,MONTRÉAL-MAISONNEUVE,n-Butylbenzene,1993-07-12T00:00,0.080,µg/m³,VOC,
50115,MONTRÉAL-MAISONNEUVE,n-Butylbenzene,1993-07-18T00:00,0.060,µg/m³,VOC,
50115,MONTRÉAL-MAISONNEUVE,n-Butylbenzene,1993-07-24T00:00,0.067,µg/m³,VOC,
50115,MONTRÉAL-MAISONNEUVE,n-Butylbenzene,1993-07-30T00:00,0.142,µg/m³,VOC,
50115,MONTRÉAL-MAISONNEUVE,n-Butylbenzene,1993-08-05T00:00,0.174,µg/m³,VOC,
50115,MONTRÉAL-MAISONNEUVE,n-Butylbenzene,1993-08-11T00:00,0.163,µg/m³,VOC,
50115,MONTRÉAL-MAISONNEUVE,n-Butylbenzene,1993-08-23T00:00,0.196,µg/m³,VOC,
50115,MONTRÉAL-MAISONNEUVE,n-Butylbenzene,1993-09-16T00:00,0.141,µg/m³,VOC,
50115,MONTRÉAL-MAISONNEUVE,n-Butylbenzene,1993-09-28T00:00,0.112,µg/m³,VOC,
50115,MONTRÉAL-MAISONNEUVE,n-Butylbenzene,1993-10-04T00:00,0.179,µg/m³,VOC,
50115,MONTRÉAL-MAISONNEUVE,n-Butylbenzene,1993-10-10T00:00,0.093,µg/m³,VOC,
50115,MONTRÉAL-MAISONNEUVE,n-Butylbenzene,1993-10-22T00:00,0.119,µg/m³,VOC,
50115,MONTRÉAL-MAISONNEUVE,n-Butylbenzene,1993-10-28T00:00,0.176,µg/m³,VOC,
50115,MONTRÉAL-MAISONNEUVE,n-Butylbenzene,1993-11-03T00:00,0.153,µg/m³,VOC,
50115,MONTRÉAL-MAISONNEUVE,n-Butylbenzene,1993-11-09T00:00,0.146,µg/m³,VOC,
50115,MONTRÉAL-MAISONNEUVE,n-Butylbenzene,1993-11-15T00:00,0.145,µg/m³,VOC,
50115,MONTRÉAL-MAISONNEUVE,n-Butylbenzene,1993-11-21T00:00,0.076,µg/m³,VOC,
50115,MONTRÉAL-MAISONNEUVE,n-Butylbenzene,1993-11-27T00:00,0.069,µg/m³,VOC,
50115,MONTRÉAL-MAISONNEUVE,n-Butylbenzene,1993-12-03T00:00,0.164,µg/m³,VOC,
50115,MONTRÉAL-MAISONNEUVE,n-Butylbenzene,1993-12-09T00:00,0.141,µg/m³,VOC,
50115,MONTRÉAL-MAISONNEUVE,n-Butylbenzene,1993-12-15T00:00,0.154,µg/m³,VOC,
50115,MONTRÉAL-MAISONNEUVE,n-Butylbenzene,1993-12-21T00:00,0.132,µg/m³,VOC,
50115,MONTRÉAL-MAISONNEUVE,n-Butylbenzene,1993-12-27T00:00,0.072,µg/m³,VOC,
