﻿NAPS_Site_ID,Station_Name,Pollutant,Date,Value,Units,Report_Type,Method
50133,MONTRÉAL-CHENIER,o-Xylene,2011-01-03T00:00,0.090,µg/m³,VOC,GC-MS
50133,MONTRÉAL-CHENIER,o-Xylene,2011-01-09T00:00,0.053,µg/m³,VOC,GC-MS
50133,MONTRÉAL-CHENIER,o-Xylene,2011-01-15T00:00,0.324,µg/m³,VOC,GC-MS
50133,MONTRÉAL-CHENIER,o-Xylene,2011-01-21T00:00,0.387,µg/m³,VOC,GC-MS
50133,MONTRÉAL-CHENIER,o-Xylene,2011-01-27T00:00,0.602,µg/m³,VOC,GC-MS
50133,MONTRÉAL-CHENIER,o-Xylene,2011-02-02T00:00,0.169,µg/m³,VOC,GC-MS
50133,MONTRÉAL-CHENIER,o-Xylene,2011-02-08T00:00,0.241,µg/m³,VOC,GC-MS
50133,MONTRÉAL-CHENIER,o-Xylene,2011-02-14T00:00,0.699,µg/m³,VOC,GC-MS
50133,MONTRÉAL-CHENIER,o-Xylene,2011-02-20T00:00,0.058,µg/m³,VOC,GC-MS
50133,MONTRÉAL-CHENIER,o-Xylene,2011-02-26T00:00,0.119,µg/m³,VOC,GC-MS
50133,MONTRÉAL-CHENIER,o-Xylene,2011-03-04T00:00,0.309,µg/m³,VOC,GC-MS
50133,MONTRÉAL-CHENIER,o-Xylene,2011-03-10T00:00,0.169,µg/m³,VOC,GC-MS
50133,MONTRÉAL-CHENIER,o-Xylene,2011-03-16T00:00,0.200,µg/m³,VOC,GC-MS
50133,MONTRÉAL-CHENIER,o-Xylene,2011-03-22T00:00,0.343,µg/m³,VOC,GC-MS
50133,MONTRÉAL-CHENIER,o-Xylene,2011-03-28T00:00,0.105,µg/m³,VOC,GC-MS
50133,MONTRÉAL-CHENIER,o-Xylene,2011-04-03T00:00,0.091,µg/m³,VOC,GC-MS
50133,MONTRÉAL-CHENIER,o-Xylene,2011-04-09T00:00,0.190,µg/m³,VOC,GC-MS
50133,MONTRÉAL-CHENIER,o-Xylene,2011-04-15T00:00,0.125,µg/m³,VOC,GC-MS
50133,MONTRÉAL-CHENIER,o-Xylene,2011-04-21T00:00,0.196,µg/m³,VOC,GC-MS
50133,MONTRÉAL-CHENIER,o-Xylene,2011-04-27T00:00,0.739,µg/m³,VOC,GC-MS
50133,MONTRÉAL-CHENIER,o-Xylene,2011-05-03T00:00,0.398,µg/m³,VOC,GC-MS
50133,MONTRÉAL-CHENIER,o-Xylene,2011-05-09T00:00,0.252,µg/m³,VOC,GC-MS
50133,MONTRÉAL-CHENIER,o-Xylene,2011-05-15T00:00,0.400,µg/m³,VOC,GC-MS
50133,MONTRÉAL-CHENIER,o-Xylene,2011-05-21T00:00,0.650,µg/m³,VOC,GC-MS
50133,MONTRÉAL-CHENIER,o-Xylene,2011-05-27T00:00,0.331,µg/m³,VOC,GC-MS
50133,MONTRÉAL-CHENIER,o-Xylene,2011-06-02T00:00,0.142,µg/m³,VOC,GC-MS
50133,MONTRÉAL-CHENIER,o-Xylene,2011-06-08T00:00,0.331,µg/m³,VOC,GC-MS
50133,MONTRÉAL-CHENIER,o-Xylene,2011-06-14T00:00,0.343,µg/m³,VOC,GC-MS
50133,MONTRÉAL-CHENIER,o-Xylene,2011-06-20T00:00,0.824,µg/m³,VOC,GC-MS
50133,MONTRÉAL-CHENIER,o-Xylene,2011-06-26T00:00,0.388,µg/m³,VOC,GC-MS
50133,MONTRÉAL-CHENIER,o-Xylene,2011-07-02T00:00,0.365,µg/m³,VOC,GC-MS
50133,MONTRÉAL-CHENIER,o-Xylene,2011-07-08T00:00,0.710,µg/m³,VOC,GC-MS
50133,MONTRÉAL-CHENIER,o-Xylene,2011-07-14T00:00,0.640,µg/m³,VOC,GC-MS
50133,MONTRÉAL-CHENIER,o-Xylene,2011-07-20T00:00,0.465,µg/m³,VOC,GC-MS
50133,MONTRÉAL-CHENIER,o-Xylene,2011-07-26T00:00,0.290,µg/m³,VOC,GC-MS
50133,MONTRÉAL-CHENIER,o-Xylene,2011-08-01T00:00,0.310,µg/m³,VOC,GC-MS
50133,MONTRÉAL-CHENIER,o-Xylene,2011-08-07T00:00,0.399,µg/m³,VOC,GC-MS
50133,MONTRÉAL-CHENIER,o-Xylene,2011-08-13T00:00,0.316,µg/m³,VOC,GC-MS
50133,MONTRÉAL-CHENIER,o-Xylene,2011-08-19T00:00,0.409,µg/m³,VOC,GC-MS
50133,MONTRÉAL-CHENIER,o-Xylene,2011-08-25T00:00,0.296,µg/m³,VOC,GC-MS
50133,MONTRÉAL-CHENIER,o-Xylene,2011-08-31T00:00,0.499,µg/m³,VOC,GC-MS
50133,MONTRÉAL-CHENIER,o-Xylene,2011-09-06T00:00,0.620,µg/m³,VOC,GC-MS
50133,MONTRÉAL-CHENIER,o-Xylene,2011-09-13T00:00,0.421,µg/m³,VOC,GC-MS
50133,MONTRÉAL-CHENIER,o-Xylene,2011-09-18T00:00,1.983,µg/m³,VOC,GC-MS
50133,MONTRÉAL-CHENIER,o-Xylene,2011-09-24T00:00,0.439,µg/m³,VOC,GC-MS
50133,MONTRÉAL-CHENIER,o-Xylene,2011-09-30T00:00,0.238,µg/m³,VOC,GC-MS
50133,MONTRÉAL-CHENIER,o-Xylene,2011-10-06T00:00,0.734,µg/m³,VOC,GC-MS
50133,MONTRÉAL-CHENIER,o-Xylene,2011-10-12T00:00,0.644,µg/m³,VOC,GC-MS
50133,MONTRÉAL-CHENIER,o-Xylene,2011-10-18T00:00,0.335,µg/m³,VOC,GC-MS
50133,MONTRÉAL-CHENIER,o-Xylene,2011-10-30T00:00,0.228,µg/m³,VOC,GC-MS
50133,MONTRÉAL-CHENIER,o-Xylene,2011-11-05T00:00,0.664,µg/m³,VOC,GC-MS
50133,MONTRÉAL-CHENIER,o-Xylene,2011-11-11T00:00,0.220,µg/m³,VOC,GC-MS
50133,MONTRÉAL-CHENIER,o-Xylene,2011-11-17T00:00,0.282,µg/m³,VOC,GC-MS
50133,MONTRÉAL-CHENIER,o-Xylene,2011-11-23T00:00,0.350,µg/m³,VOC,GC-MS
50133,MONTRÉAL-CHENIER,o-Xylene,2011-11-29T00:00,0.587,µg/m³,VOC,GC-MS
50133,MONTRÉAL-CHENIER,o-Xylene,2011-12-05T00:00,0.445,µg/m³,VOC,GC-MS
50133,MONTRÉAL-CHENIER,o-Xylene,2011-12-11T00:00,0.233,µg/m³,VOC,GC-MS
50133,MONTRÉAL-CHENIER,o-Xylene,2011-12-17T00:00,0.211,µg/m³,VOC,GC-MS
50133,MONTRÉAL-CHENIER,o-Xylene,2011-12-23T00:00,0.478,µg/m³,VOC,GC-MS
