﻿NAPS_Site_ID,Station_Name,Pollutant,Date,Value,Units,Report_Type,Method
64401,EGBERT,"2,2-Dimethylbutane",1997-01-04T00:00,0.136,µg/m³,VOC,GC-MS
64401,EGBERT,"2,2-Dimethylbutane",1997-01-04T00:00,0.153,µg/m³,VOC,GC-MS
64401,EGBERT,"2,2-Dimethylbutane",1997-01-10T00:00,0.062,µg/m³,VOC,GC-MS
64401,EGBERT,"2,2-Dimethylbutane",1997-01-10T00:00,0.110,µg/m³,VOC,GC-MS
64401,EGBERT,"2,2-Dimethylbutane",1997-01-16T00:00,0.041,µg/m³,VOC,GC-MS
64401,EGBERT,"2,2-Dimethylbutane",1997-01-16T00:00,0.068,µg/m³,VOC,GC-MS
64401,EGBERT,"2,2-Dimethylbutane",1997-01-22T00:00,0.053,µg/m³,VOC,GC-MS
64401,EGBERT,"2,2-Dimethylbutane",1997-01-22T00:00,0.083,µg/m³,VOC,GC-MS
64401,EGBERT,"2,2-Dimethylbutane",1997-01-28T00:00,0.044,µg/m³,VOC,GC-MS
64401,EGBERT,"2,2-Dimethylbutane",1997-01-28T00:00,0.118,µg/m³,VOC,GC-MS
64401,EGBERT,"2,2-Dimethylbutane",1997-02-09T00:00,0.055,µg/m³,VOC,GC-MS
64401,EGBERT,"2,2-Dimethylbutane",1997-02-09T00:00,0.058,µg/m³,VOC,GC-MS
64401,EGBERT,"2,2-Dimethylbutane",1997-02-15T00:00,0.041,µg/m³,VOC,GC-MS
64401,EGBERT,"2,2-Dimethylbutane",1997-02-15T00:00,0.051,µg/m³,VOC,GC-MS
64401,EGBERT,"2,2-Dimethylbutane",1997-02-21T00:00,0.060,µg/m³,VOC,GC-MS
64401,EGBERT,"2,2-Dimethylbutane",1997-02-21T00:00,0.156,µg/m³,VOC,GC-MS
64401,EGBERT,"2,2-Dimethylbutane",1997-02-27T00:00,0.051,µg/m³,VOC,GC-MS
64401,EGBERT,"2,2-Dimethylbutane",1997-02-27T00:00,0.084,µg/m³,VOC,GC-MS
64401,EGBERT,"2,2-Dimethylbutane",1997-03-05T00:00,0.050,µg/m³,VOC,GC-MS
64401,EGBERT,"2,2-Dimethylbutane",1997-03-05T00:00,0.089,µg/m³,VOC,GC-MS
64401,EGBERT,"2,2-Dimethylbutane",1997-03-11T00:00,0.042,µg/m³,VOC,GC-MS
64401,EGBERT,"2,2-Dimethylbutane",1997-03-11T00:00,0.047,µg/m³,VOC,GC-MS
64401,EGBERT,"2,2-Dimethylbutane",1997-03-23T00:00,0.037,µg/m³,VOC,GC-MS
64401,EGBERT,"2,2-Dimethylbutane",1997-03-23T00:00,0.047,µg/m³,VOC,GC-MS
64401,EGBERT,"2,2-Dimethylbutane",1997-03-29T00:00,0.033,µg/m³,VOC,GC-MS
64401,EGBERT,"2,2-Dimethylbutane",1997-03-29T00:00,0.080,µg/m³,VOC,GC-MS
64401,EGBERT,"2,2-Dimethylbutane",1997-04-04T00:00,0.050,µg/m³,VOC,GC-MS
64401,EGBERT,"2,2-Dimethylbutane",1997-04-04T00:00,0.066,µg/m³,VOC,GC-MS
64401,EGBERT,"2,2-Dimethylbutane",1997-04-10T00:00,0.021,µg/m³,VOC,GC-MS
64401,EGBERT,"2,2-Dimethylbutane",1997-04-10T00:00,0.023,µg/m³,VOC,GC-MS
64401,EGBERT,"2,2-Dimethylbutane",1997-04-16T00:00,0.026,µg/m³,VOC,GC-MS
64401,EGBERT,"2,2-Dimethylbutane",1997-04-16T00:00,0.063,µg/m³,VOC,GC-MS
64401,EGBERT,"2,2-Dimethylbutane",1997-04-22T00:00,0.026,µg/m³,VOC,GC-MS
64401,EGBERT,"2,2-Dimethylbutane",1997-04-22T00:00,0.028,µg/m³,VOC,GC-MS
64401,EGBERT,"2,2-Dimethylbutane",1997-04-28T00:00,0.023,µg/m³,VOC,GC-MS
64401,EGBERT,"2,2-Dimethylbutane",1997-04-28T00:00,0.036,µg/m³,VOC,GC-MS
64401,EGBERT,"2,2-Dimethylbutane",1997-05-04T00:00,0.018,µg/m³,VOC,GC-MS
64401,EGBERT,"2,2-Dimethylbutane",1997-05-04T00:00,0.022,µg/m³,VOC,GC-MS
64401,EGBERT,"2,2-Dimethylbutane",1997-05-10T00:00,0.020,µg/m³,VOC,GC-MS
64401,EGBERT,"2,2-Dimethylbutane",1997-05-10T00:00,0.025,µg/m³,VOC,GC-MS
64401,EGBERT,"2,2-Dimethylbutane",1997-05-15T00:00,0.036,µg/m³,VOC,GC-MS
64401,EGBERT,"2,2-Dimethylbutane",1997-05-16T00:00,0.019,µg/m³,VOC,GC-MS
64401,EGBERT,"2,2-Dimethylbutane",1997-05-19T00:00,0.076,µg/m³,VOC,GC-MS
64401,EGBERT,"2,2-Dimethylbutane",1997-05-20T00:00,0.021,µg/m³,VOC,GC-MS
64401,EGBERT,"2,2-Dimethylbutane",1997-05-21T00:00,0.022,µg/m³,VOC,GC-MS
64401,EGBERT,"2,2-Dimethylbutane",1997-05-23T00:00,0.018,µg/m³,VOC,GC-MS
64401,EGBERT,"2,2-Dimethylbutane",1997-05-24T00:00,0.041,µg/m³,VOC,GC-MS
64401,EGBERT,"2,2-Dimethylbutane",1997-05-25T00:00,0.029,µg/m³,VOC,GC-MS
64401,EGBERT,"2,2-Dimethylbutane",1997-05-26T00:00,0.014,µg/m³,VOC,GC-MS
64401,EGBERT,"2,2-Dimethylbutane",1997-05-27T00:00,0.000,µg/m³,VOC,GC-MS
64401,EGBERT,"2,2-Dimethylbutane",1997-05-28T00:00,0.020,µg/m³,VOC,GC-MS
64401,EGBERT,"2,2-Dimethylbutane",1997-05-29T00:00,0.072,µg/m³,VOC,GC-MS
64401,EGBERT,"2,2-Dimethylbutane",1997-05-30T00:00,0.040,µg/m³,VOC,GC-MS
64401,EGBERT,"2,2-Dimethylbutane",1997-06-03T00:00,0.028,µg/m³,VOC,GC-MS
64401,EGBERT,"2,2-Dimethylbutane",1997-06-04T00:00,0.017,µg/m³,VOC,GC-MS
64401,EGBERT,"2,2-Dimethylbutane",1997-06-05T00:00,0.027,µg/m³,VOC,GC-MS
64401,EGBERT,"2,2-Dimethylbutane",1997-06-06T00:00,0.049,µg/m³,VOC,GC-MS
64401,EGBERT,"2,2-Dimethylbutane",1997-06-07T00:00,0.067,µg/m³,VOC,GC-MS
64401,EGBERT,"2,2-Dimethylbutane",1997-06-09T00:00,0.020,µg/m³,VOC,GC-MS
64401,EGBERT,"2,2-Dimethylbutane",1997-06-10T00:00,0.023,µg/m³,VOC,GC-MS
64401,EGBERT,"2,2-Dimethylbutane",1997-06-11T00:00,0.021,µg/m³,VOC,GC-MS
64401,EGBERT,"2,2-Dimethylbutane",1997-06-12T00:00,0.032,µg/m³,VOC,GC-MS
64401,EGBERT,"2,2-Dimethylbutane",1997-06-13T00:00,0.016,µg/m³,VOC,GC-MS
64401,EGBERT,"2,2-Dimethylbutane",1997-06-14T00:00,0.000,µg/m³,VOC,GC-MS
64401,EGBERT,"2,2-Dimethylbutane",1997-06-15T00:00,0.025,µg/m³,VOC,GC-MS
64401,EGBERT,"2,2-Dimethylbutane",1997-06-16T00:00,0.082,µg/m³,VOC,GC-MS
64401,EGBERT,"2,2-Dimethylbutane",1997-06-17T00:00,0.029,µg/m³,VOC,GC-MS
64401,EGBERT,"2,2-Dimethylbutane",1997-06-18T00:00,0.130,µg/m³,VOC,GC-MS
64401,EGBERT,"2,2-Dimethylbutane",1997-06-19T00:00,0.023,µg/m³,VOC,GC-MS
64401,EGBERT,"2,2-Dimethylbutane",1997-06-20T00:00,0.272,µg/m³,VOC,GC-MS
64401,EGBERT,"2,2-Dimethylbutane",1997-06-21T00:00,0.025,µg/m³,VOC,GC-MS
64401,EGBERT,"2,2-Dimethylbutane",1997-06-22T00:00,0.025,µg/m³,VOC,GC-MS
64401,EGBERT,"2,2-Dimethylbutane",1997-06-23T00:00,0.028,µg/m³,VOC,GC-MS
64401,EGBERT,"2,2-Dimethylbutane",1997-06-24T00:00,0.072,µg/m³,VOC,GC-MS
64401,EGBERT,"2,2-Dimethylbutane",1997-06-25T00:00,0.029,µg/m³,VOC,GC-MS
64401,EGBERT,"2,2-Dimethylbutane",1997-06-26T00:00,0.030,µg/m³,VOC,GC-MS
64401,EGBERT,"2,2-Dimethylbutane",1997-06-27T00:00,0.026,µg/m³,VOC,GC-MS
64401,EGBERT,"2,2-Dimethylbutane",1997-06-28T00:00,0.051,µg/m³,VOC,GC-MS
64401,EGBERT,"2,2-Dimethylbutane",1997-06-29T00:00,0.064,µg/m³,VOC,GC-MS
64401,EGBERT,"2,2-Dimethylbutane",1997-06-30T00:00,0.096,µg/m³,VOC,GC-MS
64401,EGBERT,"2,2-Dimethylbutane",1997-07-01T00:00,0.049,µg/m³,VOC,GC-MS
64401,EGBERT,"2,2-Dimethylbutane",1997-07-02T00:00,0.120,µg/m³,VOC,GC-MS
64401,EGBERT,"2,2-Dimethylbutane",1997-07-03T00:00,0.033,µg/m³,VOC,GC-MS
64401,EGBERT,"2,2-Dimethylbutane",1997-07-04T00:00,0.020,µg/m³,VOC,GC-MS
64401,EGBERT,"2,2-Dimethylbutane",1997-07-05T00:00,0.017,µg/m³,VOC,GC-MS
64401,EGBERT,"2,2-Dimethylbutane",1997-07-06T00:00,0.019,µg/m³,VOC,GC-MS
64401,EGBERT,"2,2-Dimethylbutane",1997-07-07T00:00,0.000,µg/m³,VOC,GC-MS
64401,EGBERT,"2,2-Dimethylbutane",1997-07-08T00:00,0.066,µg/m³,VOC,GC-MS
64401,EGBERT,"2,2-Dimethylbutane",1997-07-09T00:00,0.020,µg/m³,VOC,GC-MS
64401,EGBERT,"2,2-Dimethylbutane",1997-07-15T00:00,0.035,µg/m³,VOC,GC-MS
64401,EGBERT,"2,2-Dimethylbutane",1997-07-16T00:00,0.019,µg/m³,VOC,GC-MS
64401,EGBERT,"2,2-Dimethylbutane",1997-07-17T00:00,0.030,µg/m³,VOC,GC-MS
64401,EGBERT,"2,2-Dimethylbutane",1997-07-18T00:00,0.000,µg/m³,VOC,GC-MS
64401,EGBERT,"2,2-Dimethylbutane",1997-07-19T00:00,0.000,µg/m³,VOC,GC-MS
64401,EGBERT,"2,2-Dimethylbutane",1997-07-20T00:00,0.016,µg/m³,VOC,GC-MS
64401,EGBERT,"2,2-Dimethylbutane",1997-07-21T00:00,0.054,µg/m³,VOC,GC-MS
64401,EGBERT,"2,2-Dimethylbutane",1997-07-22T00:00,0.016,µg/m³,VOC,GC-MS
64401,EGBERT,"2,2-Dimethylbutane",1997-07-23T00:00,0.018,µg/m³,VOC,GC-MS
64401,EGBERT,"2,2-Dimethylbutane",1997-07-24T00:00,0.037,µg/m³,VOC,GC-MS
64401,EGBERT,"2,2-Dimethylbutane",1997-07-25T00:00,0.042,µg/m³,VOC,GC-MS
64401,EGBERT,"2,2-Dimethylbutane",1997-07-26T00:00,0.101,µg/m³,VOC,GC-MS
64401,EGBERT,"2,2-Dimethylbutane",1997-07-28T00:00,0.014,µg/m³,VOC,GC-MS
64401,EGBERT,"2,2-Dimethylbutane",1997-07-29T00:00,0.018,µg/m³,VOC,GC-MS
64401,EGBERT,"2,2-Dimethylbutane",1997-07-30T00:00,0.020,µg/m³,VOC,GC-MS
64401,EGBERT,"2,2-Dimethylbutane",1997-07-31T00:00,0.000,µg/m³,VOC,GC-MS
64401,EGBERT,"2,2-Dimethylbutane",1997-08-01T00:00,0.059,µg/m³,VOC,GC-MS
64401,EGBERT,"2,2-Dimethylbutane",1997-08-02T00:00,0.043,µg/m³,VOC,GC-MS
64401,EGBERT,"2,2-Dimethylbutane",1997-08-04T00:00,0.015,µg/m³,VOC,GC-MS
64401,EGBERT,"2,2-Dimethylbutane",1997-08-05T00:00,0.019,µg/m³,VOC,GC-MS
64401,EGBERT,"2,2-Dimethylbutane",1997-08-06T00:00,0.017,µg/m³,VOC,GC-MS
64401,EGBERT,"2,2-Dimethylbutane",1997-08-07T00:00,0.030,µg/m³,VOC,GC-MS
64401,EGBERT,"2,2-Dimethylbutane",1997-08-08T00:00,0.042,µg/m³,VOC,GC-MS
64401,EGBERT,"2,2-Dimethylbutane",1997-08-09T00:00,0.071,µg/m³,VOC,GC-MS
64401,EGBERT,"2,2-Dimethylbutane",1997-08-10T00:00,0.052,µg/m³,VOC,GC-MS
64401,EGBERT,"2,2-Dimethylbutane",1997-08-11T00:00,0.031,µg/m³,VOC,GC-MS
64401,EGBERT,"2,2-Dimethylbutane",1997-08-12T00:00,0.049,µg/m³,VOC,GC-MS
64401,EGBERT,"2,2-Dimethylbutane",1997-08-13T00:00,0.000,µg/m³,VOC,GC-MS
64401,EGBERT,"2,2-Dimethylbutane",1997-08-14T00:00,0.000,µg/m³,VOC,GC-MS
64401,EGBERT,"2,2-Dimethylbutane",1997-08-15T00:00,0.166,µg/m³,VOC,GC-MS
64401,EGBERT,"2,2-Dimethylbutane",1997-08-16T00:00,0.060,µg/m³,VOC,GC-MS
64401,EGBERT,"2,2-Dimethylbutane",1997-08-17T00:00,0.000,µg/m³,VOC,GC-MS
64401,EGBERT,"2,2-Dimethylbutane",1997-08-18T00:00,0.000,µg/m³,VOC,GC-MS
64401,EGBERT,"2,2-Dimethylbutane",1997-08-19T00:00,0.000,µg/m³,VOC,GC-MS
64401,EGBERT,"2,2-Dimethylbutane",1997-08-22T00:00,0.079,µg/m³,VOC,GC-MS
64401,EGBERT,"2,2-Dimethylbutane",1997-08-23T00:00,0.000,µg/m³,VOC,GC-MS
64401,EGBERT,"2,2-Dimethylbutane",1997-08-24T00:00,0.000,µg/m³,VOC,GC-MS
64401,EGBERT,"2,2-Dimethylbutane",1997-08-25T00:00,0.055,µg/m³,VOC,GC-MS
64401,EGBERT,"2,2-Dimethylbutane",1997-08-26T00:00,0.115,µg/m³,VOC,GC-MS
64401,EGBERT,"2,2-Dimethylbutane",1997-08-27T00:00,0.044,µg/m³,VOC,GC-MS
64401,EGBERT,"2,2-Dimethylbutane",1997-08-29T00:00,0.021,µg/m³,VOC,GC-MS
64401,EGBERT,"2,2-Dimethylbutane",1997-08-30T00:00,0.021,µg/m³,VOC,GC-MS
64401,EGBERT,"2,2-Dimethylbutane",1997-08-31T00:00,0.043,µg/m³,VOC,GC-MS
64401,EGBERT,"2,2-Dimethylbutane",1997-09-01T00:00,0.064,µg/m³,VOC,GC-MS
64401,EGBERT,"2,2-Dimethylbutane",1997-09-02T00:00,0.082,µg/m³,VOC,GC-MS
64401,EGBERT,"2,2-Dimethylbutane",1997-09-03T00:00,0.013,µg/m³,VOC,GC-MS
64401,EGBERT,"2,2-Dimethylbutane",1997-09-04T00:00,0.015,µg/m³,VOC,GC-MS
64401,EGBERT,"2,2-Dimethylbutane",1997-09-05T00:00,0.029,µg/m³,VOC,GC-MS
64401,EGBERT,"2,2-Dimethylbutane",1997-09-06T00:00,0.048,µg/m³,VOC,GC-MS
64401,EGBERT,"2,2-Dimethylbutane",1997-09-07T00:00,0.032,µg/m³,VOC,GC-MS
64401,EGBERT,"2,2-Dimethylbutane",1997-09-08T00:00,0.033,µg/m³,VOC,GC-MS
64401,EGBERT,"2,2-Dimethylbutane",1997-09-09T00:00,0.048,µg/m³,VOC,GC-MS
64401,EGBERT,"2,2-Dimethylbutane",1997-09-13T00:00,0.032,µg/m³,VOC,GC-MS
64401,EGBERT,"2,2-Dimethylbutane",1997-09-14T00:00,0.042,µg/m³,VOC,GC-MS
64401,EGBERT,"2,2-Dimethylbutane",1997-09-15T00:00,0.049,µg/m³,VOC,GC-MS
64401,EGBERT,"2,2-Dimethylbutane",1997-09-16T00:00,0.032,µg/m³,VOC,GC-MS
64401,EGBERT,"2,2-Dimethylbutane",1997-09-17T00:00,0.100,µg/m³,VOC,GC-MS
64401,EGBERT,"2,2-Dimethylbutane",1997-09-18T00:00,0.028,µg/m³,VOC,GC-MS
64401,EGBERT,"2,2-Dimethylbutane",1997-09-25T00:00,0.034,µg/m³,VOC,GC-MS
64401,EGBERT,"2,2-Dimethylbutane",1997-09-25T00:00,0.061,µg/m³,VOC,GC-MS
64401,EGBERT,"2,2-Dimethylbutane",1997-10-01T00:00,0.024,µg/m³,VOC,GC-MS
64401,EGBERT,"2,2-Dimethylbutane",1997-10-01T00:00,0.035,µg/m³,VOC,GC-MS
64401,EGBERT,"2,2-Dimethylbutane",1997-10-07T00:00,0.082,µg/m³,VOC,GC-MS
64401,EGBERT,"2,2-Dimethylbutane",1997-10-07T00:00,0.117,µg/m³,VOC,GC-MS
64401,EGBERT,"2,2-Dimethylbutane",1997-10-19T00:00,0.076,µg/m³,VOC,GC-MS
64401,EGBERT,"2,2-Dimethylbutane",1997-10-19T00:00,0.079,µg/m³,VOC,GC-MS
