﻿NAPS_Site_ID,Station_Name,Pollutant,Date,Value,Units,Report_Type,Method
101101,CHILLIWACK AIRPORT,1-Butyne,2005-01-04T00:00,0.002,µg/m³,VOC,N/A
101101,CHILLIWACK AIRPORT,1-Butyne,2005-01-22T00:00,0.006,µg/m³,VOC,N/A
101101,CHILLIWACK AIRPORT,1-Butyne,2005-02-09T00:00,0.007,µg/m³,VOC,N/A
101101,CHILLIWACK AIRPORT,1-Butyne,2005-02-27T00:00,0.004,µg/m³,VOC,N/A
101101,CHILLIWACK AIRPORT,1-Butyne,2005-03-17T00:00,0.003,µg/m³,VOC,N/A
101101,CHILLIWACK AIRPORT,1-Butyne,2005-04-04T00:00,0.003,µg/m³,VOC,N/A
101101,CHILLIWACK AIRPORT,1-Butyne,2005-05-10T00:00,0.000,µg/m³,VOC,N/A
101101,CHILLIWACK AIRPORT,1-Butyne,2005-05-22T00:00,0.000,µg/m³,VOC,N/A
101101,CHILLIWACK AIRPORT,1-Butyne,2005-06-15T00:00,0.000,µg/m³,VOC,N/A
101101,CHILLIWACK AIRPORT,1-Butyne,2005-07-03T00:00,0.055,µg/m³,VOC,N/A
101101,CHILLIWACK AIRPORT,1-Butyne,2005-07-21T00:00,0.000,µg/m³,VOC,N/A
101101,CHILLIWACK AIRPORT,1-Butyne,2005-08-26T00:00,0.000,µg/m³,VOC,N/A
101101,CHILLIWACK AIRPORT,1-Butyne,2005-09-25T00:00,0.000,µg/m³,VOC,N/A
101101,CHILLIWACK AIRPORT,1-Butyne,2005-10-01T00:00,0.000,µg/m³,VOC,N/A
101101,CHILLIWACK AIRPORT,1-Butyne,2005-10-31T00:00,0.005,µg/m³,VOC,N/A
101101,CHILLIWACK AIRPORT,1-Butyne,2005-11-06T00:00,0.005,µg/m³,VOC,N/A
101101,CHILLIWACK AIRPORT,1-Butyne,2005-11-18T00:00,0.012,µg/m³,VOC,N/A
101101,CHILLIWACK AIRPORT,1-Butyne,2005-12-12T00:00,0.000,µg/m³,VOC,N/A
101101,CHILLIWACK AIRPORT,1-Butyne,2005-12-30T00:00,0.000,µg/m³,VOC,N/A
