﻿NAPS_Site_ID,Station_Name,Pollutant,Date,Value,Units,Report_Type,Method
40801,CANTERBURY,Nitrite,2007-01-15T00:00,0.000,µg/m³,IC,N/A
40801,CANTERBURY,Nitrite,2007-01-15T00:00,0.003,µg/m³,IC,N/A
40801,CANTERBURY,Nitrite,2007-01-18T00:00,0.016,µg/m³,IC,N/A
40801,CANTERBURY,Nitrite,2007-01-18T00:00,0.025,µg/m³,IC,N/A
40801,CANTERBURY,Nitrite,2007-01-21T00:00,0.000,µg/m³,IC,N/A
40801,CANTERBURY,Nitrite,2007-01-21T00:00,0.005,µg/m³,IC,N/A
40801,CANTERBURY,Nitrite,2007-01-24T00:00,0.005,µg/m³,IC,N/A
40801,CANTERBURY,Nitrite,2007-01-24T00:00,0.018,µg/m³,IC,N/A
40801,CANTERBURY,Nitrite,2007-01-27T00:00,0.004,µg/m³,IC,N/A
40801,CANTERBURY,Nitrite,2007-01-27T00:00,0.017,µg/m³,IC,N/A
40801,CANTERBURY,Nitrite,2007-01-30T00:00,0.000,µg/m³,IC,N/A
40801,CANTERBURY,Nitrite,2007-01-30T00:00,0.010,µg/m³,IC,N/A
40801,CANTERBURY,Nitrite,2007-02-02T00:00,0.005,µg/m³,IC,N/A
40801,CANTERBURY,Nitrite,2007-02-02T00:00,0.020,µg/m³,IC,N/A
40801,CANTERBURY,Nitrite,2007-02-05T00:00,0.000,µg/m³,IC,N/A
40801,CANTERBURY,Nitrite,2007-02-05T00:00,0.007,µg/m³,IC,N/A
40801,CANTERBURY,Nitrite,2007-02-08T00:00,0.000,µg/m³,IC,N/A
40801,CANTERBURY,Nitrite,2007-02-08T00:00,0.006,µg/m³,IC,N/A
40801,CANTERBURY,Nitrite,2007-02-11T00:00,0.005,µg/m³,IC,N/A
40801,CANTERBURY,Nitrite,2007-02-11T00:00,0.018,µg/m³,IC,N/A
40801,CANTERBURY,Nitrite,2007-02-14T00:00,0.000,µg/m³,IC,N/A
40801,CANTERBURY,Nitrite,2007-02-14T00:00,0.018,µg/m³,IC,N/A
40801,CANTERBURY,Nitrite,2007-02-17T00:00,0.015,µg/m³,IC,N/A
40801,CANTERBURY,Nitrite,2007-02-17T00:00,0.018,µg/m³,IC,N/A
40801,CANTERBURY,Nitrite,2007-02-20T00:00,0.019,µg/m³,IC,N/A
40801,CANTERBURY,Nitrite,2007-02-20T00:00,0.019,µg/m³,IC,N/A
40801,CANTERBURY,Nitrite,2007-02-23T00:00,0.017,µg/m³,IC,N/A
40801,CANTERBURY,Nitrite,2007-02-23T00:00,0.023,µg/m³,IC,N/A
40801,CANTERBURY,Nitrite,2007-02-26T00:00,0.000,µg/m³,IC,N/A
40801,CANTERBURY,Nitrite,2007-02-26T00:00,0.018,µg/m³,IC,N/A
40801,CANTERBURY,Nitrite,2007-03-01T00:00,0.000,µg/m³,IC,N/A
40801,CANTERBURY,Nitrite,2007-03-01T00:00,0.023,µg/m³,IC,N/A
40801,CANTERBURY,Nitrite,2007-03-04T00:00,0.000,µg/m³,IC,N/A
40801,CANTERBURY,Nitrite,2007-03-04T00:00,0.010,µg/m³,IC,N/A
40801,CANTERBURY,Nitrite,2007-03-07T00:00,0.000,µg/m³,IC,N/A
40801,CANTERBURY,Nitrite,2007-03-07T00:00,0.009,µg/m³,IC,N/A
40801,CANTERBURY,Nitrite,2007-03-10T00:00,0.000,µg/m³,IC,N/A
40801,CANTERBURY,Nitrite,2007-03-10T00:00,0.000,µg/m³,IC,N/A
40801,CANTERBURY,Nitrite,2007-03-13T00:00,0.000,µg/m³,IC,N/A
40801,CANTERBURY,Nitrite,2007-03-13T00:00,0.012,µg/m³,IC,N/A
40801,CANTERBURY,Nitrite,2007-03-16T00:00,0.000,µg/m³,IC,N/A
40801,CANTERBURY,Nitrite,2007-03-16T00:00,0.011,µg/m³,IC,N/A
40801,CANTERBURY,Nitrite,2007-03-19T00:00,0.000,µg/m³,IC,N/A
40801,CANTERBURY,Nitrite,2007-03-19T00:00,0.011,µg/m³,IC,N/A
40801,CANTERBURY,Nitrite,2007-03-22T00:00,0.000,µg/m³,IC,N/A
40801,CANTERBURY,Nitrite,2007-03-22T00:00,0.008,µg/m³,IC,N/A
40801,CANTERBURY,Nitrite,2007-03-25T00:00,0.000,µg/m³,IC,N/A
40801,CANTERBURY,Nitrite,2007-03-25T00:00,0.020,µg/m³,IC,N/A
40801,CANTERBURY,Nitrite,2007-03-28T00:00,0.000,µg/m³,IC,N/A
40801,CANTERBURY,Nitrite,2007-03-28T00:00,0.011,µg/m³,IC,N/A
40801,CANTERBURY,Nitrite,2007-03-31T00:00,0.000,µg/m³,IC,N/A
40801,CANTERBURY,Nitrite,2007-03-31T00:00,0.007,µg/m³,IC,N/A
40801,CANTERBURY,Nitrite,2007-04-06T00:00,0.000,µg/m³,IC,N/A
40801,CANTERBURY,Nitrite,2007-04-06T00:00,0.007,µg/m³,IC,N/A
40801,CANTERBURY,Nitrite,2007-04-12T00:00,0.000,µg/m³,IC,N/A
40801,CANTERBURY,Nitrite,2007-04-12T00:00,0.013,µg/m³,IC,N/A
40801,CANTERBURY,Nitrite,2007-04-18T00:00,0.009,µg/m³,IC,N/A
40801,CANTERBURY,Nitrite,2007-04-18T00:00,0.018,µg/m³,IC,N/A
40801,CANTERBURY,Nitrite,2007-04-24T00:00,0.000,µg/m³,IC,N/A
40801,CANTERBURY,Nitrite,2007-04-24T00:00,0.010,µg/m³,IC,N/A
40801,CANTERBURY,Nitrite,2007-04-30T00:00,0.000,µg/m³,IC,N/A
40801,CANTERBURY,Nitrite,2007-04-30T00:00,0.013,µg/m³,IC,N/A
40801,CANTERBURY,Nitrite,2007-05-06T00:00,0.000,µg/m³,IC,N/A
40801,CANTERBURY,Nitrite,2007-05-06T00:00,0.013,µg/m³,IC,N/A
40801,CANTERBURY,Nitrite,2007-05-12T00:00,0.000,µg/m³,IC,N/A
40801,CANTERBURY,Nitrite,2007-05-12T00:00,0.012,µg/m³,IC,N/A
40801,CANTERBURY,Nitrite,2007-05-18T00:00,0.000,µg/m³,IC,N/A
40801,CANTERBURY,Nitrite,2007-05-18T00:00,0.011,µg/m³,IC,N/A
40801,CANTERBURY,Nitrite,2007-05-24T00:00,0.005,µg/m³,IC,N/A
40801,CANTERBURY,Nitrite,2007-05-24T00:00,0.010,µg/m³,IC,N/A
40801,CANTERBURY,Nitrite,2007-01-15T00:00,0.120,µg/m³,NA,N/A
40801,CANTERBURY,Nitrite,2007-01-18T00:00,0.229,µg/m³,NA,N/A
40801,CANTERBURY,Nitrite,2007-01-21T00:00,0.236,µg/m³,NA,N/A
40801,CANTERBURY,Nitrite,2007-01-24T00:00,0.265,µg/m³,NA,N/A
40801,CANTERBURY,Nitrite,2007-01-27T00:00,0.135,µg/m³,NA,N/A
40801,CANTERBURY,Nitrite,2007-01-30T00:00,0.176,µg/m³,NA,N/A
40801,CANTERBURY,Nitrite,2007-02-02T00:00,0.280,µg/m³,NA,N/A
40801,CANTERBURY,Nitrite,2007-02-05T00:00,0.143,µg/m³,NA,N/A
40801,CANTERBURY,Nitrite,2007-02-08T00:00,0.151,µg/m³,NA,N/A
40801,CANTERBURY,Nitrite,2007-02-11T00:00,0.105,µg/m³,NA,N/A
40801,CANTERBURY,Nitrite,2007-02-14T00:00,0.287,µg/m³,NA,N/A
40801,CANTERBURY,Nitrite,2007-02-17T00:00,0.142,µg/m³,NA,N/A
40801,CANTERBURY,Nitrite,2007-02-20T00:00,0.172,µg/m³,NA,N/A
40801,CANTERBURY,Nitrite,2007-02-23T00:00,0.213,µg/m³,NA,N/A
40801,CANTERBURY,Nitrite,2007-02-26T00:00,0.218,µg/m³,NA,N/A
40801,CANTERBURY,Nitrite,2007-03-01T00:00,0.218,µg/m³,NA,N/A
40801,CANTERBURY,Nitrite,2007-03-04T00:00,0.123,µg/m³,NA,N/A
40801,CANTERBURY,Nitrite,2007-03-07T00:00,0.114,µg/m³,NA,N/A
40801,CANTERBURY,Nitrite,2007-03-10T00:00,0.237,µg/m³,NA,N/A
40801,CANTERBURY,Nitrite,2007-03-13T00:00,0.269,µg/m³,NA,N/A
40801,CANTERBURY,Nitrite,2007-03-16T00:00,0.175,µg/m³,NA,N/A
40801,CANTERBURY,Nitrite,2007-03-19T00:00,0.125,µg/m³,NA,N/A
40801,CANTERBURY,Nitrite,2007-03-22T00:00,0.125,µg/m³,NA,N/A
40801,CANTERBURY,Nitrite,2007-03-25T00:00,0.148,µg/m³,NA,N/A
40801,CANTERBURY,Nitrite,2007-03-28T00:00,0.168,µg/m³,NA,N/A
40801,CANTERBURY,Nitrite,2007-03-31T00:00,0.125,µg/m³,NA,N/A
40801,CANTERBURY,Nitrite,2007-04-06T00:00,0.113,µg/m³,NA,N/A
40801,CANTERBURY,Nitrite,2007-04-12T00:00,0.098,µg/m³,NA,N/A
40801,CANTERBURY,Nitrite,2007-04-18T00:00,0.135,µg/m³,NA,N/A
40801,CANTERBURY,Nitrite,2007-04-24T00:00,0.284,µg/m³,NA,N/A
40801,CANTERBURY,Nitrite,2007-04-30T00:00,0.101,µg/m³,NA,N/A
40801,CANTERBURY,Nitrite,2007-05-06T00:00,0.081,µg/m³,NA,N/A
40801,CANTERBURY,Nitrite,2007-05-12T00:00,0.413,µg/m³,NA,N/A
40801,CANTERBURY,Nitrite,2007-05-18T00:00,0.089,µg/m³,NA,N/A
40801,CANTERBURY,Nitrite,2007-05-24T00:00,0.225,µg/m³,NA,N/A
