﻿NAPS_Site_ID,Station_Name,Pollutant,Date,Value,Units,Report_Type,Method
50103,MONTRÉAL-SAINT-JEAN-BAPTISTE,1-Hexene,2002-01-02T00:00,0.220,µg/m³,VOC,N/A
50103,MONTRÉAL-SAINT-JEAN-BAPTISTE,1-Hexene,2002-01-14T00:00,0.230,µg/m³,VOC,N/A
50103,MONTRÉAL-SAINT-JEAN-BAPTISTE,1-Hexene,2002-01-20T00:00,0.290,µg/m³,VOC,N/A
50103,MONTRÉAL-SAINT-JEAN-BAPTISTE,1-Hexene,2002-01-26T00:00,0.120,µg/m³,VOC,N/A
50103,MONTRÉAL-SAINT-JEAN-BAPTISTE,1-Hexene,2002-02-01T00:00,0.630,µg/m³,VOC,N/A
50103,MONTRÉAL-SAINT-JEAN-BAPTISTE,1-Hexene,2002-02-07T00:00,0.170,µg/m³,VOC,N/A
50103,MONTRÉAL-SAINT-JEAN-BAPTISTE,1-Hexene,2002-02-13T00:00,0.200,µg/m³,VOC,N/A
50103,MONTRÉAL-SAINT-JEAN-BAPTISTE,1-Hexene,2002-02-19T00:00,0.240,µg/m³,VOC,N/A
50103,MONTRÉAL-SAINT-JEAN-BAPTISTE,1-Hexene,2002-02-25T00:00,0.100,µg/m³,VOC,N/A
50103,MONTRÉAL-SAINT-JEAN-BAPTISTE,1-Hexene,2002-03-03T00:00,0.090,µg/m³,VOC,N/A
50103,MONTRÉAL-SAINT-JEAN-BAPTISTE,1-Hexene,2002-03-09T00:00,0.080,µg/m³,VOC,N/A
50103,MONTRÉAL-SAINT-JEAN-BAPTISTE,1-Hexene,2002-03-15T00:00,0.050,µg/m³,VOC,N/A
50103,MONTRÉAL-SAINT-JEAN-BAPTISTE,1-Hexene,2002-03-21T00:00,0.170,µg/m³,VOC,N/A
50103,MONTRÉAL-SAINT-JEAN-BAPTISTE,1-Hexene,2002-04-02T00:00,0.110,µg/m³,VOC,N/A
50103,MONTRÉAL-SAINT-JEAN-BAPTISTE,1-Hexene,2002-04-14T00:00,0.070,µg/m³,VOC,N/A
50103,MONTRÉAL-SAINT-JEAN-BAPTISTE,1-Hexene,2002-04-20T00:00,0.060,µg/m³,VOC,N/A
50103,MONTRÉAL-SAINT-JEAN-BAPTISTE,1-Hexene,2002-04-26T00:00,0.184,µg/m³,VOC,N/A
50103,MONTRÉAL-SAINT-JEAN-BAPTISTE,1-Hexene,2002-05-02T00:00,0.097,µg/m³,VOC,N/A
50103,MONTRÉAL-SAINT-JEAN-BAPTISTE,1-Hexene,2002-06-19T00:00,0.280,µg/m³,VOC,N/A
50103,MONTRÉAL-SAINT-JEAN-BAPTISTE,1-Hexene,2002-07-01T00:00,0.129,µg/m³,VOC,N/A
50103,MONTRÉAL-SAINT-JEAN-BAPTISTE,1-Hexene,2002-07-07T00:00,0.205,µg/m³,VOC,N/A
50103,MONTRÉAL-SAINT-JEAN-BAPTISTE,1-Hexene,2002-07-13T00:00,0.416,µg/m³,VOC,N/A
50103,MONTRÉAL-SAINT-JEAN-BAPTISTE,1-Hexene,2002-07-25T00:00,0.189,µg/m³,VOC,N/A
50103,MONTRÉAL-SAINT-JEAN-BAPTISTE,1-Hexene,2002-07-31T00:00,0.418,µg/m³,VOC,N/A
50103,MONTRÉAL-SAINT-JEAN-BAPTISTE,1-Hexene,2002-08-06T00:00,0.092,µg/m³,VOC,N/A
50103,MONTRÉAL-SAINT-JEAN-BAPTISTE,1-Hexene,2002-08-12T00:00,0.132,µg/m³,VOC,N/A
50103,MONTRÉAL-SAINT-JEAN-BAPTISTE,1-Hexene,2002-08-18T00:00,0.172,µg/m³,VOC,N/A
50103,MONTRÉAL-SAINT-JEAN-BAPTISTE,1-Hexene,2002-08-24T00:00,0.068,µg/m³,VOC,N/A
50103,MONTRÉAL-SAINT-JEAN-BAPTISTE,1-Hexene,2002-08-30T00:00,0.230,µg/m³,VOC,N/A
50103,MONTRÉAL-SAINT-JEAN-BAPTISTE,1-Hexene,2002-09-05T00:00,0.683,µg/m³,VOC,N/A
50103,MONTRÉAL-SAINT-JEAN-BAPTISTE,1-Hexene,2002-10-05T00:00,0.441,µg/m³,VOC,N/A
50103,MONTRÉAL-SAINT-JEAN-BAPTISTE,1-Hexene,2002-10-11T00:00,0.138,µg/m³,VOC,N/A
50103,MONTRÉAL-SAINT-JEAN-BAPTISTE,1-Hexene,2002-10-17T00:00,1.659,µg/m³,VOC,N/A
50103,MONTRÉAL-SAINT-JEAN-BAPTISTE,1-Hexene,2002-10-23T00:00,0.226,µg/m³,VOC,N/A
50103,MONTRÉAL-SAINT-JEAN-BAPTISTE,1-Hexene,2002-10-29T00:00,0.121,µg/m³,VOC,N/A
50103,MONTRÉAL-SAINT-JEAN-BAPTISTE,1-Hexene,2002-11-04T00:00,0.139,µg/m³,VOC,N/A
50103,MONTRÉAL-SAINT-JEAN-BAPTISTE,1-Hexene,2002-11-10T00:00,0.073,µg/m³,VOC,N/A
50103,MONTRÉAL-SAINT-JEAN-BAPTISTE,1-Hexene,2002-11-16T00:00,0.043,µg/m³,VOC,N/A
50103,MONTRÉAL-SAINT-JEAN-BAPTISTE,1-Hexene,2002-11-22T00:00,0.121,µg/m³,VOC,N/A
50103,MONTRÉAL-SAINT-JEAN-BAPTISTE,1-Hexene,2002-11-28T00:00,0.203,µg/m³,VOC,N/A
50103,MONTRÉAL-SAINT-JEAN-BAPTISTE,1-Hexene,2002-12-04T00:00,5.987,µg/m³,VOC,N/A
50103,MONTRÉAL-SAINT-JEAN-BAPTISTE,1-Hexene,2002-12-10T00:00,0.274,µg/m³,VOC,N/A
50103,MONTRÉAL-SAINT-JEAN-BAPTISTE,1-Hexene,2002-12-16T00:00,0.153,µg/m³,VOC,N/A
50103,MONTRÉAL-SAINT-JEAN-BAPTISTE,1-Hexene,2002-12-22T00:00,0.313,µg/m³,VOC,N/A
50103,MONTRÉAL-SAINT-JEAN-BAPTISTE,1-Hexene,2002-12-28T00:00,0.181,µg/m³,VOC,N/A
