﻿NAPS_Site_ID,Station_Name,Pollutant,Date,Value,Units,Report_Type,Method
60101,HYDRO BLDG.,cis-2-Butene,1999-01-06T00:00,0.444,µg/m³,VOC,N/A
60101,HYDRO BLDG.,cis-2-Butene,1999-01-12T00:00,0.316,µg/m³,VOC,N/A
60101,HYDRO BLDG.,cis-2-Butene,1999-01-18T00:00,0.240,µg/m³,VOC,N/A
60101,HYDRO BLDG.,cis-2-Butene,1999-01-24T00:00,0.420,µg/m³,VOC,N/A
60101,HYDRO BLDG.,cis-2-Butene,1999-01-30T00:00,0.200,µg/m³,VOC,N/A
60101,HYDRO BLDG.,cis-2-Butene,1999-02-05T00:00,0.250,µg/m³,VOC,N/A
60101,HYDRO BLDG.,cis-2-Butene,1999-02-11T00:00,0.250,µg/m³,VOC,N/A
60101,HYDRO BLDG.,cis-2-Butene,1999-02-17T00:00,0.290,µg/m³,VOC,N/A
60101,HYDRO BLDG.,cis-2-Butene,1999-02-23T00:00,0.260,µg/m³,VOC,N/A
60101,HYDRO BLDG.,cis-2-Butene,1999-03-01T00:00,0.300,µg/m³,VOC,N/A
60101,HYDRO BLDG.,cis-2-Butene,1999-03-07T00:00,0.090,µg/m³,VOC,N/A
60101,HYDRO BLDG.,cis-2-Butene,1999-03-13T00:00,0.150,µg/m³,VOC,N/A
60101,HYDRO BLDG.,cis-2-Butene,1999-03-19T00:00,0.350,µg/m³,VOC,N/A
60101,HYDRO BLDG.,cis-2-Butene,1999-03-25T00:00,0.400,µg/m³,VOC,N/A
60101,HYDRO BLDG.,cis-2-Butene,1999-03-31T00:00,0.520,µg/m³,VOC,N/A
60101,HYDRO BLDG.,cis-2-Butene,1999-04-06T00:00,0.530,µg/m³,VOC,N/A
60101,HYDRO BLDG.,cis-2-Butene,1999-04-12T00:00,0.240,µg/m³,VOC,N/A
60101,HYDRO BLDG.,cis-2-Butene,1999-04-18T00:00,0.190,µg/m³,VOC,N/A
60101,HYDRO BLDG.,cis-2-Butene,1999-04-24T00:00,0.210,µg/m³,VOC,N/A
60101,HYDRO BLDG.,cis-2-Butene,1999-04-30T00:00,0.400,µg/m³,VOC,N/A
60101,HYDRO BLDG.,cis-2-Butene,1999-05-06T00:00,0.410,µg/m³,VOC,N/A
60101,HYDRO BLDG.,cis-2-Butene,1999-05-12T00:00,0.220,µg/m³,VOC,N/A
60101,HYDRO BLDG.,cis-2-Butene,1999-05-18T00:00,0.630,µg/m³,VOC,N/A
60101,HYDRO BLDG.,cis-2-Butene,1999-05-24T00:00,0.120,µg/m³,VOC,N/A
60101,HYDRO BLDG.,cis-2-Butene,1999-05-30T00:00,0.230,µg/m³,VOC,N/A
60101,HYDRO BLDG.,cis-2-Butene,1999-06-05T00:00,0.410,µg/m³,VOC,N/A
60101,HYDRO BLDG.,cis-2-Butene,1999-06-11T00:00,0.438,µg/m³,VOC,N/A
60101,HYDRO BLDG.,cis-2-Butene,1999-06-17T00:00,0.228,µg/m³,VOC,N/A
60101,HYDRO BLDG.,cis-2-Butene,1999-06-23T00:00,0.374,µg/m³,VOC,N/A
60101,HYDRO BLDG.,cis-2-Butene,1999-06-29T00:00,0.700,µg/m³,VOC,N/A
60101,HYDRO BLDG.,cis-2-Butene,1999-07-05T00:00,0.270,µg/m³,VOC,N/A
60101,HYDRO BLDG.,cis-2-Butene,1999-07-11T00:00,0.160,µg/m³,VOC,N/A
60101,HYDRO BLDG.,cis-2-Butene,1999-07-17T00:00,0.300,µg/m³,VOC,N/A
60101,HYDRO BLDG.,cis-2-Butene,1999-07-23T00:00,0.370,µg/m³,VOC,N/A
60101,HYDRO BLDG.,cis-2-Butene,1999-07-29T00:00,0.370,µg/m³,VOC,N/A
60101,HYDRO BLDG.,cis-2-Butene,1999-08-04T00:00,0.500,µg/m³,VOC,N/A
60101,HYDRO BLDG.,cis-2-Butene,1999-08-10T00:00,0.300,µg/m³,VOC,N/A
60101,HYDRO BLDG.,cis-2-Butene,1999-08-16T00:00,0.580,µg/m³,VOC,N/A
60101,HYDRO BLDG.,cis-2-Butene,1999-08-22T00:00,0.270,µg/m³,VOC,N/A
60101,HYDRO BLDG.,cis-2-Butene,1999-08-28T00:00,0.190,µg/m³,VOC,N/A
60101,HYDRO BLDG.,cis-2-Butene,1999-09-03T00:00,0.410,µg/m³,VOC,N/A
60101,HYDRO BLDG.,cis-2-Butene,1999-09-09T00:00,0.800,µg/m³,VOC,N/A
60101,HYDRO BLDG.,cis-2-Butene,1999-09-15T00:00,0.410,µg/m³,VOC,N/A
60101,HYDRO BLDG.,cis-2-Butene,1999-09-21T00:00,0.140,µg/m³,VOC,N/A
60101,HYDRO BLDG.,cis-2-Butene,1999-09-27T00:00,0.440,µg/m³,VOC,N/A
60101,HYDRO BLDG.,cis-2-Butene,1999-10-03T00:00,0.120,µg/m³,VOC,N/A
60101,HYDRO BLDG.,cis-2-Butene,1999-10-09T00:00,0.170,µg/m³,VOC,N/A
60101,HYDRO BLDG.,cis-2-Butene,1999-10-15T00:00,1.060,µg/m³,VOC,N/A
60101,HYDRO BLDG.,cis-2-Butene,1999-10-21T00:00,0.430,µg/m³,VOC,N/A
60101,HYDRO BLDG.,cis-2-Butene,1999-10-27T00:00,0.240,µg/m³,VOC,N/A
60101,HYDRO BLDG.,cis-2-Butene,1999-11-02T00:00,0.830,µg/m³,VOC,N/A
60101,HYDRO BLDG.,cis-2-Butene,1999-11-08T00:00,0.320,µg/m³,VOC,N/A
60101,HYDRO BLDG.,cis-2-Butene,1999-11-14T00:00,0.270,µg/m³,VOC,N/A
60101,HYDRO BLDG.,cis-2-Butene,1999-11-20T00:00,0.330,µg/m³,VOC,N/A
60101,HYDRO BLDG.,cis-2-Butene,1999-11-26T00:00,0.250,µg/m³,VOC,N/A
60101,HYDRO BLDG.,cis-2-Butene,1999-12-02T00:00,0.740,µg/m³,VOC,N/A
60101,HYDRO BLDG.,cis-2-Butene,1999-12-08T00:00,0.280,µg/m³,VOC,N/A
60101,HYDRO BLDG.,cis-2-Butene,1999-12-14T00:00,0.210,µg/m³,VOC,N/A
60101,HYDRO BLDG.,cis-2-Butene,1999-12-20T00:00,0.250,µg/m³,VOC,N/A
60101,HYDRO BLDG.,cis-2-Butene,1999-12-26T00:00,0.120,µg/m³,VOC,N/A
