﻿NAPS_Site_ID,Station_Name,Pollutant,Date,Value,Units,Report_Type,Method
55201,LEMIEUX,Freon 113,2005-01-01T00:00,0.660,µg/m³,VOC,GC-MS
55201,LEMIEUX,Freon 113,2005-01-04T00:00,0.633,µg/m³,VOC,GC-MS
55201,LEMIEUX,Freon 113,2005-01-07T00:00,0.646,µg/m³,VOC,GC-MS
55201,LEMIEUX,Freon 113,2005-01-10T00:00,0.625,µg/m³,VOC,GC-MS
55201,LEMIEUX,Freon 113,2005-01-13T00:00,0.653,µg/m³,VOC,GC-MS
55201,LEMIEUX,Freon 113,2005-01-16T00:00,0.641,µg/m³,VOC,GC-MS
55201,LEMIEUX,Freon 113,2005-01-19T00:00,0.660,µg/m³,VOC,GC-MS
55201,LEMIEUX,Freon 113,2005-01-22T00:00,0.631,µg/m³,VOC,GC-MS
55201,LEMIEUX,Freon 113,2005-01-25T00:00,0.664,µg/m³,VOC,GC-MS
55201,LEMIEUX,Freon 113,2005-01-28T00:00,0.664,µg/m³,VOC,GC-MS
55201,LEMIEUX,Freon 113,2005-01-31T00:00,0.684,µg/m³,VOC,GC-MS
55201,LEMIEUX,Freon 113,2005-02-03T00:00,0.668,µg/m³,VOC,GC-MS
55201,LEMIEUX,Freon 113,2005-02-06T00:00,0.583,µg/m³,VOC,GC-MS
55201,LEMIEUX,Freon 113,2005-02-09T00:00,0.566,µg/m³,VOC,GC-MS
55201,LEMIEUX,Freon 113,2005-02-12T00:00,0.634,µg/m³,VOC,GC-MS
55201,LEMIEUX,Freon 113,2005-02-15T00:00,0.619,µg/m³,VOC,GC-MS
55201,LEMIEUX,Freon 113,2005-02-18T00:00,0.628,µg/m³,VOC,GC-MS
55201,LEMIEUX,Freon 113,2005-02-21T00:00,0.601,µg/m³,VOC,GC-MS
55201,LEMIEUX,Freon 113,2005-02-24T00:00,0.604,µg/m³,VOC,GC-MS
55201,LEMIEUX,Freon 113,2005-02-27T00:00,0.606,µg/m³,VOC,GC-MS
55201,LEMIEUX,Freon 113,2005-03-02T00:00,0.600,µg/m³,VOC,GC-MS
55201,LEMIEUX,Freon 113,2005-03-05T00:00,0.601,µg/m³,VOC,GC-MS
55201,LEMIEUX,Freon 113,2005-03-11T00:00,0.573,µg/m³,VOC,GC-MS
55201,LEMIEUX,Freon 113,2005-03-14T00:00,0.566,µg/m³,VOC,GC-MS
55201,LEMIEUX,Freon 113,2005-03-17T00:00,0.558,µg/m³,VOC,GC-MS
55201,LEMIEUX,Freon 113,2005-03-20T00:00,0.570,µg/m³,VOC,GC-MS
55201,LEMIEUX,Freon 113,2005-03-26T00:00,0.580,µg/m³,VOC,GC-MS
55201,LEMIEUX,Freon 113,2005-03-29T00:00,0.574,µg/m³,VOC,GC-MS
55201,LEMIEUX,Freon 113,2005-04-01T00:00,0.603,µg/m³,VOC,GC-MS
55201,LEMIEUX,Freon 113,2005-04-04T00:00,0.592,µg/m³,VOC,GC-MS
55201,LEMIEUX,Freon 113,2005-04-07T00:00,0.577,µg/m³,VOC,GC-MS
55201,LEMIEUX,Freon 113,2005-04-10T00:00,0.588,µg/m³,VOC,GC-MS
55201,LEMIEUX,Freon 113,2005-04-13T00:00,0.589,µg/m³,VOC,GC-MS
55201,LEMIEUX,Freon 113,2005-04-16T00:00,0.595,µg/m³,VOC,GC-MS
55201,LEMIEUX,Freon 113,2005-04-19T00:00,0.611,µg/m³,VOC,GC-MS
55201,LEMIEUX,Freon 113,2005-04-22T00:00,0.599,µg/m³,VOC,GC-MS
55201,LEMIEUX,Freon 113,2005-04-25T00:00,0.587,µg/m³,VOC,GC-MS
55201,LEMIEUX,Freon 113,2005-04-28T00:00,0.600,µg/m³,VOC,GC-MS
55201,LEMIEUX,Freon 113,2005-05-01T00:00,0.604,µg/m³,VOC,GC-MS
55201,LEMIEUX,Freon 113,2005-05-04T00:00,0.595,µg/m³,VOC,GC-MS
55201,LEMIEUX,Freon 113,2005-05-07T00:00,0.604,µg/m³,VOC,GC-MS
55201,LEMIEUX,Freon 113,2005-05-10T00:00,0.592,µg/m³,VOC,GC-MS
55201,LEMIEUX,Freon 113,2005-05-13T00:00,0.609,µg/m³,VOC,GC-MS
55201,LEMIEUX,Freon 113,2005-05-16T00:00,0.610,µg/m³,VOC,GC-MS
55201,LEMIEUX,Freon 113,2005-05-19T00:00,0.601,µg/m³,VOC,GC-MS
55201,LEMIEUX,Freon 113,2005-05-22T00:00,0.612,µg/m³,VOC,GC-MS
55201,LEMIEUX,Freon 113,2005-05-25T00:00,0.617,µg/m³,VOC,GC-MS
55201,LEMIEUX,Freon 113,2005-05-28T00:00,0.617,µg/m³,VOC,GC-MS
55201,LEMIEUX,Freon 113,2005-05-31T00:00,0.639,µg/m³,VOC,GC-MS
55201,LEMIEUX,Freon 113,2005-06-03T00:00,0.636,µg/m³,VOC,GC-MS
55201,LEMIEUX,Freon 113,2005-06-06T00:00,0.640,µg/m³,VOC,GC-MS
55201,LEMIEUX,Freon 113,2005-06-09T00:00,0.633,µg/m³,VOC,GC-MS
55201,LEMIEUX,Freon 113,2005-06-12T00:00,0.593,µg/m³,VOC,GC-MS
55201,LEMIEUX,Freon 113,2005-06-18T00:00,0.618,µg/m³,VOC,GC-MS
55201,LEMIEUX,Freon 113,2005-06-21T00:00,0.601,µg/m³,VOC,GC-MS
55201,LEMIEUX,Freon 113,2005-06-24T00:00,0.599,µg/m³,VOC,GC-MS
55201,LEMIEUX,Freon 113,2005-06-27T00:00,0.619,µg/m³,VOC,GC-MS
55201,LEMIEUX,Freon 113,2005-06-30T00:00,0.678,µg/m³,VOC,GC-MS
55201,LEMIEUX,Freon 113,2005-07-03T00:00,0.686,µg/m³,VOC,GC-MS
55201,LEMIEUX,Freon 113,2005-07-06T00:00,0.698,µg/m³,VOC,GC-MS
55201,LEMIEUX,Freon 113,2005-07-09T00:00,0.689,µg/m³,VOC,GC-MS
55201,LEMIEUX,Freon 113,2005-07-12T00:00,0.687,µg/m³,VOC,GC-MS
55201,LEMIEUX,Freon 113,2005-07-15T00:00,0.703,µg/m³,VOC,GC-MS
55201,LEMIEUX,Freon 113,2005-07-18T00:00,0.633,µg/m³,VOC,GC-MS
55201,LEMIEUX,Freon 113,2005-07-21T00:00,0.650,µg/m³,VOC,GC-MS
55201,LEMIEUX,Freon 113,2005-07-24T00:00,0.635,µg/m³,VOC,GC-MS
55201,LEMIEUX,Freon 113,2005-07-27T00:00,0.687,µg/m³,VOC,GC-MS
55201,LEMIEUX,Freon 113,2005-07-30T00:00,0.676,µg/m³,VOC,GC-MS
55201,LEMIEUX,Freon 113,2005-08-02T00:00,0.687,µg/m³,VOC,GC-MS
55201,LEMIEUX,Freon 113,2005-08-05T00:00,0.575,µg/m³,VOC,GC-MS
55201,LEMIEUX,Freon 113,2005-08-08T00:00,0.577,µg/m³,VOC,GC-MS
55201,LEMIEUX,Freon 113,2005-08-11T00:00,0.567,µg/m³,VOC,GC-MS
55201,LEMIEUX,Freon 113,2005-08-14T00:00,0.573,µg/m³,VOC,GC-MS
55201,LEMIEUX,Freon 113,2005-08-17T00:00,0.592,µg/m³,VOC,GC-MS
55201,LEMIEUX,Freon 113,2005-08-20T00:00,0.569,µg/m³,VOC,GC-MS
55201,LEMIEUX,Freon 113,2005-08-23T00:00,0.604,µg/m³,VOC,GC-MS
55201,LEMIEUX,Freon 113,2005-08-26T00:00,0.594,µg/m³,VOC,GC-MS
55201,LEMIEUX,Freon 113,2005-08-29T00:00,0.607,µg/m³,VOC,GC-MS
55201,LEMIEUX,Freon 113,2005-09-01T00:00,0.590,µg/m³,VOC,GC-MS
55201,LEMIEUX,Freon 113,2005-09-04T00:00,0.601,µg/m³,VOC,GC-MS
55201,LEMIEUX,Freon 113,2005-09-07T00:00,0.613,µg/m³,VOC,GC-MS
55201,LEMIEUX,Freon 113,2005-09-10T00:00,0.656,µg/m³,VOC,GC-MS
55201,LEMIEUX,Freon 113,2005-09-13T00:00,0.664,µg/m³,VOC,GC-MS
55201,LEMIEUX,Freon 113,2005-09-16T00:00,0.664,µg/m³,VOC,GC-MS
55201,LEMIEUX,Freon 113,2005-09-19T00:00,0.667,µg/m³,VOC,GC-MS
55201,LEMIEUX,Freon 113,2005-09-22T00:00,0.653,µg/m³,VOC,GC-MS
55201,LEMIEUX,Freon 113,2005-09-25T00:00,0.660,µg/m³,VOC,GC-MS
55201,LEMIEUX,Freon 113,2005-09-28T00:00,0.730,µg/m³,VOC,GC-MS
55201,LEMIEUX,Freon 113,2005-10-01T00:00,0.702,µg/m³,VOC,GC-MS
55201,LEMIEUX,Freon 113,2005-10-04T00:00,0.713,µg/m³,VOC,GC-MS
55201,LEMIEUX,Freon 113,2005-10-07T00:00,0.714,µg/m³,VOC,GC-MS
55201,LEMIEUX,Freon 113,2005-10-10T00:00,0.710,µg/m³,VOC,GC-MS
55201,LEMIEUX,Freon 113,2005-10-13T00:00,0.726,µg/m³,VOC,GC-MS
55201,LEMIEUX,Freon 113,2005-10-16T00:00,0.623,µg/m³,VOC,GC-MS
55201,LEMIEUX,Freon 113,2005-10-19T00:00,0.605,µg/m³,VOC,GC-MS
55201,LEMIEUX,Freon 113,2005-10-22T00:00,0.616,µg/m³,VOC,GC-MS
55201,LEMIEUX,Freon 113,2005-10-25T00:00,0.633,µg/m³,VOC,GC-MS
55201,LEMIEUX,Freon 113,2005-10-28T00:00,0.628,µg/m³,VOC,GC-MS
55201,LEMIEUX,Freon 113,2005-10-31T00:00,0.608,µg/m³,VOC,GC-MS
55201,LEMIEUX,Freon 113,2005-11-03T00:00,0.681,µg/m³,VOC,GC-MS
55201,LEMIEUX,Freon 113,2005-11-06T00:00,0.701,µg/m³,VOC,GC-MS
55201,LEMIEUX,Freon 113,2005-11-09T00:00,0.700,µg/m³,VOC,GC-MS
55201,LEMIEUX,Freon 113,2005-11-12T00:00,0.690,µg/m³,VOC,GC-MS
55201,LEMIEUX,Freon 113,2005-11-15T00:00,0.700,µg/m³,VOC,GC-MS
55201,LEMIEUX,Freon 113,2005-11-18T00:00,0.711,µg/m³,VOC,GC-MS
55201,LEMIEUX,Freon 113,2005-11-21T00:00,0.656,µg/m³,VOC,GC-MS
55201,LEMIEUX,Freon 113,2005-11-24T00:00,0.678,µg/m³,VOC,GC-MS
55201,LEMIEUX,Freon 113,2005-11-27T00:00,0.685,µg/m³,VOC,GC-MS
55201,LEMIEUX,Freon 113,2005-11-30T00:00,0.683,µg/m³,VOC,GC-MS
55201,LEMIEUX,Freon 113,2005-12-03T00:00,0.674,µg/m³,VOC,GC-MS
55201,LEMIEUX,Freon 113,2005-12-06T00:00,0.681,µg/m³,VOC,GC-MS
55201,LEMIEUX,Freon 113,2005-12-09T00:00,0.607,µg/m³,VOC,GC-MS
55201,LEMIEUX,Freon 113,2005-12-12T00:00,0.613,µg/m³,VOC,GC-MS
55201,LEMIEUX,Freon 113,2005-12-18T00:00,0.628,µg/m³,VOC,GC-MS
55201,LEMIEUX,Freon 113,2005-12-21T00:00,0.618,µg/m³,VOC,GC-MS
55201,LEMIEUX,Freon 113,2005-12-24T00:00,0.620,µg/m³,VOC,GC-MS
55201,LEMIEUX,Freon 113,2005-12-27T00:00,0.669,µg/m³,VOC,GC-MS
55201,LEMIEUX,Freon 113,2005-12-30T00:00,0.664,µg/m³,VOC,GC-MS
