﻿NAPS_Site_ID,Station_Name,Pollutant,Date,Value,Units,Report_Type,Method
50115,MONTRÉAL-MAISONNEUVE,Freon 113,2009-01-01T00:00,0.577,µg/m³,VOC,
50115,MONTRÉAL-MAISONNEUVE,Freon 113,2009-01-07T00:00,0.606,µg/m³,VOC,
50115,MONTRÉAL-MAISONNEUVE,Freon 113,2009-01-13T00:00,0.578,µg/m³,VOC,
50115,MONTRÉAL-MAISONNEUVE,Freon 113,2009-01-19T00:00,0.542,µg/m³,VOC,
50115,MONTRÉAL-MAISONNEUVE,Freon 113,2009-01-25T00:00,0.647,µg/m³,VOC,
50115,MONTRÉAL-MAISONNEUVE,Freon 113,2009-01-31T00:00,0.693,µg/m³,VOC,
50115,MONTRÉAL-MAISONNEUVE,Freon 113,2009-02-06T00:00,0.624,µg/m³,VOC,
50115,MONTRÉAL-MAISONNEUVE,Freon 113,2009-02-12T00:00,0.686,µg/m³,VOC,
50115,MONTRÉAL-MAISONNEUVE,Freon 113,2009-02-18T00:00,0.480,µg/m³,VOC,
50115,MONTRÉAL-MAISONNEUVE,Freon 113,2009-02-24T00:00,0.469,µg/m³,VOC,
50115,MONTRÉAL-MAISONNEUVE,Freon 113,2009-03-02T00:00,0.554,µg/m³,VOC,
50115,MONTRÉAL-MAISONNEUVE,Freon 113,2009-03-08T00:00,0.570,µg/m³,VOC,
50115,MONTRÉAL-MAISONNEUVE,Freon 113,2009-03-14T00:00,0.580,µg/m³,VOC,
50115,MONTRÉAL-MAISONNEUVE,Freon 113,2009-03-20T00:00,0.542,µg/m³,VOC,
50115,MONTRÉAL-MAISONNEUVE,Freon 113,2009-03-26T00:00,0.598,µg/m³,VOC,
50115,MONTRÉAL-MAISONNEUVE,Freon 113,2009-04-01T00:00,0.605,µg/m³,VOC,
50115,MONTRÉAL-MAISONNEUVE,Freon 113,2009-04-07T00:00,0.601,µg/m³,VOC,
50115,MONTRÉAL-MAISONNEUVE,Freon 113,2009-04-13T00:00,0.605,µg/m³,VOC,
50115,MONTRÉAL-MAISONNEUVE,Freon 113,2009-04-19T00:00,0.576,µg/m³,VOC,
50115,MONTRÉAL-MAISONNEUVE,Freon 113,2009-04-25T00:00,0.576,µg/m³,VOC,
50115,MONTRÉAL-MAISONNEUVE,Freon 113,2009-05-01T00:00,0.548,µg/m³,VOC,
50115,MONTRÉAL-MAISONNEUVE,Freon 113,2009-05-07T00:00,0.534,µg/m³,VOC,
50115,MONTRÉAL-MAISONNEUVE,Freon 113,2009-05-13T00:00,0.592,µg/m³,VOC,
50115,MONTRÉAL-MAISONNEUVE,Freon 113,2009-05-19T00:00,0.580,µg/m³,VOC,
50115,MONTRÉAL-MAISONNEUVE,Freon 113,2009-05-25T00:00,0.490,µg/m³,VOC,
50115,MONTRÉAL-MAISONNEUVE,Freon 113,2009-05-31T00:00,0.514,µg/m³,VOC,
50115,MONTRÉAL-MAISONNEUVE,Freon 113,2009-06-06T00:00,0.573,µg/m³,VOC,
50115,MONTRÉAL-MAISONNEUVE,Freon 113,2009-06-12T00:00,0.557,µg/m³,VOC,
50115,MONTRÉAL-MAISONNEUVE,Freon 113,2009-06-18T00:00,0.559,µg/m³,VOC,
50115,MONTRÉAL-MAISONNEUVE,Freon 113,2009-06-24T00:00,0.560,µg/m³,VOC,
50115,MONTRÉAL-MAISONNEUVE,Freon 113,2009-06-30T00:00,0.556,µg/m³,VOC,
50115,MONTRÉAL-MAISONNEUVE,Freon 113,2009-07-06T00:00,0.559,µg/m³,VOC,
50115,MONTRÉAL-MAISONNEUVE,Freon 113,2009-07-12T00:00,0.505,µg/m³,VOC,
50115,MONTRÉAL-MAISONNEUVE,Freon 113,2009-07-18T00:00,0.493,µg/m³,VOC,
50115,MONTRÉAL-MAISONNEUVE,Freon 113,2009-07-24T00:00,0.618,µg/m³,VOC,
50115,MONTRÉAL-MAISONNEUVE,Freon 113,2009-07-30T00:00,0.606,µg/m³,VOC,
50115,MONTRÉAL-MAISONNEUVE,Freon 113,2009-08-05T00:00,0.589,µg/m³,VOC,
50115,MONTRÉAL-MAISONNEUVE,Freon 113,2009-08-11T00:00,0.603,µg/m³,VOC,
50115,MONTRÉAL-MAISONNEUVE,Freon 113,2009-08-17T00:00,0.700,µg/m³,VOC,
50115,MONTRÉAL-MAISONNEUVE,Freon 113,2009-08-29T00:00,0.673,µg/m³,VOC,
50115,MONTRÉAL-MAISONNEUVE,Freon 113,2009-09-10T00:00,0.567,µg/m³,VOC,
50115,MONTRÉAL-MAISONNEUVE,Freon 113,2009-09-16T00:00,0.550,µg/m³,VOC,
50115,MONTRÉAL-MAISONNEUVE,Freon 113,2009-09-22T00:00,0.570,µg/m³,VOC,
50115,MONTRÉAL-MAISONNEUVE,Freon 113,2009-09-28T00:00,0.609,µg/m³,VOC,
50115,MONTRÉAL-MAISONNEUVE,Freon 113,2009-10-04T00:00,0.605,µg/m³,VOC,
50115,MONTRÉAL-MAISONNEUVE,Freon 113,2009-10-10T00:00,0.614,µg/m³,VOC,
50115,MONTRÉAL-MAISONNEUVE,Freon 113,2009-10-16T00:00,0.605,µg/m³,VOC,
50115,MONTRÉAL-MAISONNEUVE,Freon 113,2009-10-22T00:00,0.604,µg/m³,VOC,
50115,MONTRÉAL-MAISONNEUVE,Freon 113,2009-10-28T00:00,0.566,µg/m³,VOC,
50115,MONTRÉAL-MAISONNEUVE,Freon 113,2009-11-03T00:00,0.631,µg/m³,VOC,
50115,MONTRÉAL-MAISONNEUVE,Freon 113,2009-11-09T00:00,0.620,µg/m³,VOC,
50115,MONTRÉAL-MAISONNEUVE,Freon 113,2009-11-15T00:00,0.684,µg/m³,VOC,
50115,MONTRÉAL-MAISONNEUVE,Freon 113,2009-11-21T00:00,0.650,µg/m³,VOC,
50115,MONTRÉAL-MAISONNEUVE,Freon 113,2009-11-27T00:00,0.652,µg/m³,VOC,
50115,MONTRÉAL-MAISONNEUVE,Freon 113,2009-12-03T00:00,0.640,µg/m³,VOC,
50115,MONTRÉAL-MAISONNEUVE,Freon 113,2009-12-09T00:00,0.658,µg/m³,VOC,
50115,MONTRÉAL-MAISONNEUVE,Freon 113,2009-12-15T00:00,0.663,µg/m³,VOC,
50115,MONTRÉAL-MAISONNEUVE,Freon 113,2009-12-21T00:00,0.634,µg/m³,VOC,
50115,MONTRÉAL-MAISONNEUVE,Freon 113,2009-12-27T00:00,0.602,µg/m³,VOC,
