﻿NAPS_Site_ID,Station_Name,Pollutant,Date,Value,Units,Report_Type,Method
60424,BAY & WELLESLEY _Toronto Downtown_,Benzene,1995-01-03T00:00,2.073,µg/m³,VOC,N/A
60424,BAY & WELLESLEY _Toronto Downtown_,Benzene,1995-01-09T00:00,3.106,µg/m³,VOC,N/A
60424,BAY & WELLESLEY _Toronto Downtown_,Benzene,1995-01-15T00:00,2.188,µg/m³,VOC,N/A
60424,BAY & WELLESLEY _Toronto Downtown_,Benzene,1995-01-21T00:00,2.900,µg/m³,VOC,N/A
60424,BAY & WELLESLEY _Toronto Downtown_,Benzene,1995-01-27T00:00,2.594,µg/m³,VOC,N/A
60424,BAY & WELLESLEY _Toronto Downtown_,Benzene,1995-02-02T00:00,2.093,µg/m³,VOC,N/A
60424,BAY & WELLESLEY _Toronto Downtown_,Benzene,1995-02-08T00:00,2.956,µg/m³,VOC,N/A
60424,BAY & WELLESLEY _Toronto Downtown_,Benzene,1995-02-14T00:00,3.030,µg/m³,VOC,N/A
60424,BAY & WELLESLEY _Toronto Downtown_,Benzene,1995-02-20T00:00,3.434,µg/m³,VOC,N/A
60424,BAY & WELLESLEY _Toronto Downtown_,Benzene,1995-02-26T00:00,1.413,µg/m³,VOC,N/A
60424,BAY & WELLESLEY _Toronto Downtown_,Benzene,1995-03-04T00:00,3.135,µg/m³,VOC,N/A
60424,BAY & WELLESLEY _Toronto Downtown_,Benzene,1995-03-10T00:00,2.328,µg/m³,VOC,N/A
60424,BAY & WELLESLEY _Toronto Downtown_,Benzene,1995-03-16T00:00,2.941,µg/m³,VOC,N/A
60424,BAY & WELLESLEY _Toronto Downtown_,Benzene,1995-03-22T00:00,1.530,µg/m³,VOC,N/A
60424,BAY & WELLESLEY _Toronto Downtown_,Benzene,1995-03-28T00:00,2.577,µg/m³,VOC,N/A
60424,BAY & WELLESLEY _Toronto Downtown_,Benzene,1995-04-03T00:00,2.708,µg/m³,VOC,N/A
60424,BAY & WELLESLEY _Toronto Downtown_,Benzene,1995-04-09T00:00,1.542,µg/m³,VOC,N/A
60424,BAY & WELLESLEY _Toronto Downtown_,Benzene,1995-04-15T00:00,1.273,µg/m³,VOC,N/A
60424,BAY & WELLESLEY _Toronto Downtown_,Benzene,1995-04-21T00:00,2.718,µg/m³,VOC,N/A
60424,BAY & WELLESLEY _Toronto Downtown_,Benzene,1995-04-27T00:00,2.325,µg/m³,VOC,N/A
60424,BAY & WELLESLEY _Toronto Downtown_,Benzene,1995-05-03T00:00,2.939,µg/m³,VOC,N/A
60424,BAY & WELLESLEY _Toronto Downtown_,Benzene,1995-05-09T00:00,2.477,µg/m³,VOC,N/A
60424,BAY & WELLESLEY _Toronto Downtown_,Benzene,1995-05-15T00:00,1.779,µg/m³,VOC,N/A
60424,BAY & WELLESLEY _Toronto Downtown_,Benzene,1995-05-21T00:00,1.560,µg/m³,VOC,N/A
60424,BAY & WELLESLEY _Toronto Downtown_,Benzene,1995-05-27T00:00,1.039,µg/m³,VOC,N/A
60424,BAY & WELLESLEY _Toronto Downtown_,Benzene,1995-06-02T00:00,2.662,µg/m³,VOC,N/A
60424,BAY & WELLESLEY _Toronto Downtown_,Benzene,1995-06-08T00:00,1.129,µg/m³,VOC,N/A
60424,BAY & WELLESLEY _Toronto Downtown_,Benzene,1995-06-14T00:00,1.052,µg/m³,VOC,N/A
60424,BAY & WELLESLEY _Toronto Downtown_,Benzene,1995-06-20T00:00,1.180,µg/m³,VOC,N/A
60424,BAY & WELLESLEY _Toronto Downtown_,Benzene,1995-06-26T00:00,1.052,µg/m³,VOC,N/A
60424,BAY & WELLESLEY _Toronto Downtown_,Benzene,1995-07-02T00:00,0.509,µg/m³,VOC,N/A
60424,BAY & WELLESLEY _Toronto Downtown_,Benzene,1995-07-08T00:00,1.035,µg/m³,VOC,N/A
60424,BAY & WELLESLEY _Toronto Downtown_,Benzene,1995-07-14T00:00,2.689,µg/m³,VOC,N/A
60424,BAY & WELLESLEY _Toronto Downtown_,Benzene,1995-07-20T00:00,2.048,µg/m³,VOC,N/A
60424,BAY & WELLESLEY _Toronto Downtown_,Benzene,1995-07-26T00:00,4.617,µg/m³,VOC,N/A
60424,BAY & WELLESLEY _Toronto Downtown_,Benzene,1995-08-01T00:00,4.657,µg/m³,VOC,N/A
60424,BAY & WELLESLEY _Toronto Downtown_,Benzene,1995-09-18T00:00,1.299,µg/m³,VOC,N/A
