﻿NAPS_Site_ID,Station_Name,Pollutant,Date,Value,Units,Report_Type,Method
62601,EXPERIMENTAL FARM _SIMCOE_,P5CDD,2007-01-24T00:00,0.048,pg/m³,PCDD,GC-MS
62601,EXPERIMENTAL FARM _SIMCOE_,P5CDD,2007-03-13T00:00,0.102,pg/m³,PCDD,GC-MS
62601,EXPERIMENTAL FARM _SIMCOE_,P5CDD,2007-04-06T00:00,0.031,pg/m³,PCDD,GC-MS
62601,EXPERIMENTAL FARM _SIMCOE_,P5CDD,2007-04-30T00:00,0.044,pg/m³,PCDD,GC-MS
62601,EXPERIMENTAL FARM _SIMCOE_,P5CDD,2007-05-24T00:00,0.073,pg/m³,PCDD,GC-MS
62601,EXPERIMENTAL FARM _SIMCOE_,P5CDD,2007-06-17T00:00,0.068,pg/m³,PCDD,GC-MS
62601,EXPERIMENTAL FARM _SIMCOE_,P5CDD,2007-07-11T00:00,0.023,pg/m³,PCDD,GC-MS
62601,EXPERIMENTAL FARM _SIMCOE_,P5CDD,2007-08-04T00:00,0.045,pg/m³,PCDD,GC-MS
62601,EXPERIMENTAL FARM _SIMCOE_,P5CDD,2007-08-28T00:00,0.039,pg/m³,PCDD,GC-MS
62601,EXPERIMENTAL FARM _SIMCOE_,P5CDD,2007-09-21T00:00,0.105,pg/m³,PCDD,GC-MS
62601,EXPERIMENTAL FARM _SIMCOE_,P5CDD,2007-10-15T00:00,0.056,pg/m³,PCDD,GC-MS
62601,EXPERIMENTAL FARM _SIMCOE_,P5CDD,2007-12-26T00:00,0.068,pg/m³,PCDD,GC-MS
