﻿NAPS_Site_ID,Station_Name,Pollutant,Date,Value,Units,Report_Type,Method
60104,OTTAWA DOWNTOWN,Silicon,2013-01-01T00:00,0.000,µg/m³,PM2.5,ED-XRF
60104,OTTAWA DOWNTOWN,Silicon,2013-01-10T00:00,0.013,µg/m³,PM2.5,ED-XRF
60104,OTTAWA DOWNTOWN,Silicon,2013-01-16T00:00,0.020,µg/m³,PM2.5,ED-XRF
60104,OTTAWA DOWNTOWN,Silicon,2013-01-22T00:00,0.016,µg/m³,PM2.5,ED-XRF
60104,OTTAWA DOWNTOWN,Silicon,2013-01-28T00:00,0.033,µg/m³,PM2.5,ED-XRF
60104,OTTAWA DOWNTOWN,Silicon,2013-02-03T00:00,0.029,µg/m³,PM2.5,ED-XRF
60104,OTTAWA DOWNTOWN,Silicon,2013-02-09T00:00,0.014,µg/m³,PM2.5,ED-XRF
60104,OTTAWA DOWNTOWN,Silicon,2013-02-15T00:00,0.006,µg/m³,PM2.5,ED-XRF
60104,OTTAWA DOWNTOWN,Silicon,2013-02-21T00:00,0.006,µg/m³,PM2.5,ED-XRF
60104,OTTAWA DOWNTOWN,Silicon,2013-03-05T00:00,0.009,µg/m³,PM2.5,ED-XRF
60104,OTTAWA DOWNTOWN,Silicon,2013-03-11T00:00,0.069,µg/m³,PM2.5,ED-XRF
60104,OTTAWA DOWNTOWN,Silicon,2013-03-17T00:00,0.030,µg/m³,PM2.5,ED-XRF
60104,OTTAWA DOWNTOWN,Silicon,2013-03-23T00:00,0.006,µg/m³,PM2.5,ED-XRF
60104,OTTAWA DOWNTOWN,Silicon,2013-03-29T00:00,0.016,µg/m³,PM2.5,ED-XRF
60104,OTTAWA DOWNTOWN,Silicon,2013-04-04T00:00,0.078,µg/m³,PM2.5,ED-XRF
60104,OTTAWA DOWNTOWN,Silicon,2013-04-10T00:00,0.025,µg/m³,PM2.5,ED-XRF
60104,OTTAWA DOWNTOWN,Silicon,2013-04-16T00:00,0.019,µg/m³,PM2.5,ED-XRF
60104,OTTAWA DOWNTOWN,Silicon,2013-04-22T00:00,0.049,µg/m³,PM2.5,ED-XRF
60104,OTTAWA DOWNTOWN,Silicon,2013-04-28T00:00,0.072,µg/m³,PM2.5,ED-XRF
60104,OTTAWA DOWNTOWN,Silicon,2013-05-04T00:00,0.109,µg/m³,PM2.5,ED-XRF
60104,OTTAWA DOWNTOWN,Silicon,2013-05-10T00:00,0.056,µg/m³,PM2.5,ED-XRF
60104,OTTAWA DOWNTOWN,Silicon,2013-05-16T00:00,0.032,µg/m³,PM2.5,ED-XRF
60104,OTTAWA DOWNTOWN,Silicon,2013-05-22T00:00,0.030,µg/m³,PM2.5,ED-XRF
60104,OTTAWA DOWNTOWN,Silicon,2013-05-28T00:00,0.076,µg/m³,PM2.5,ED-XRF
60104,OTTAWA DOWNTOWN,Silicon,2013-06-03T00:00,0.015,µg/m³,PM2.5,ED-XRF
60104,OTTAWA DOWNTOWN,Silicon,2013-06-09T00:00,0.019,µg/m³,PM2.5,ED-XRF
60104,OTTAWA DOWNTOWN,Silicon,2013-06-15T00:00,0.040,µg/m³,PM2.5,ED-XRF
60104,OTTAWA DOWNTOWN,Silicon,2013-06-21T00:00,0.034,µg/m³,PM2.5,ED-XRF
60104,OTTAWA DOWNTOWN,Silicon,2013-06-27T00:00,0.017,µg/m³,PM2.5,ED-XRF
60104,OTTAWA DOWNTOWN,Silicon,2013-07-03T00:00,0.015,µg/m³,PM2.5,ED-XRF
60104,OTTAWA DOWNTOWN,Silicon,2013-07-09T00:00,0.051,µg/m³,PM2.5,ED-XRF
60104,OTTAWA DOWNTOWN,Silicon,2013-07-15T00:00,0.043,µg/m³,PM2.5,ED-XRF
60104,OTTAWA DOWNTOWN,Silicon,2013-07-21T00:00,0.005,µg/m³,PM2.5,ED-XRF
60104,OTTAWA DOWNTOWN,Silicon,2013-07-27T00:00,0.032,µg/m³,PM2.5,ED-XRF
60104,OTTAWA DOWNTOWN,Silicon,2013-08-02T00:00,0.005,µg/m³,PM2.5,ED-XRF
60104,OTTAWA DOWNTOWN,Silicon,2013-08-08T00:00,0.009,µg/m³,PM2.5,ED-XRF
60104,OTTAWA DOWNTOWN,Silicon,2013-08-14T00:00,0.005,µg/m³,PM2.5,ED-XRF
60104,OTTAWA DOWNTOWN,Silicon,2013-08-20T00:00,0.048,µg/m³,PM2.5,ED-XRF
60104,OTTAWA DOWNTOWN,Silicon,2013-08-26T00:00,0.022,µg/m³,PM2.5,ED-XRF
60104,OTTAWA DOWNTOWN,Silicon,2013-09-01T00:00,0.014,µg/m³,PM2.5,ED-XRF
60104,OTTAWA DOWNTOWN,Silicon,2013-09-07T00:00,0.017,µg/m³,PM2.5,ED-XRF
60104,OTTAWA DOWNTOWN,Silicon,2013-09-13T00:00,0.018,µg/m³,PM2.5,ED-XRF
60104,OTTAWA DOWNTOWN,Silicon,2013-09-19T00:00,0.040,µg/m³,PM2.5,ED-XRF
60104,OTTAWA DOWNTOWN,Silicon,2013-09-25T00:00,0.027,µg/m³,PM2.5,ED-XRF
60104,OTTAWA DOWNTOWN,Silicon,2013-10-01T00:00,0.033,µg/m³,PM2.5,ED-XRF
60104,OTTAWA DOWNTOWN,Silicon,2013-10-07T00:00,0.004,µg/m³,PM2.5,ED-XRF
60104,OTTAWA DOWNTOWN,Silicon,2013-10-13T00:00,0.034,µg/m³,PM2.5,ED-XRF
60104,OTTAWA DOWNTOWN,Silicon,2013-10-19T00:00,0.017,µg/m³,PM2.5,ED-XRF
60104,OTTAWA DOWNTOWN,Silicon,2013-10-25T00:00,0.015,µg/m³,PM2.5,ED-XRF
60104,OTTAWA DOWNTOWN,Silicon,2013-10-31T00:00,0.025,µg/m³,PM2.5,ED-XRF
60104,OTTAWA DOWNTOWN,Silicon,2013-11-06T00:00,0.022,µg/m³,PM2.5,ED-XRF
60104,OTTAWA DOWNTOWN,Silicon,2013-11-12T00:00,0.000,µg/m³,PM2.5,ED-XRF
60104,OTTAWA DOWNTOWN,Silicon,2013-11-18T00:00,0.007,µg/m³,PM2.5,ED-XRF
60104,OTTAWA DOWNTOWN,Silicon,2013-11-24T00:00,0.000,µg/m³,PM2.5,ED-XRF
60104,OTTAWA DOWNTOWN,Silicon,2013-11-30T00:00,0.017,µg/m³,PM2.5,ED-XRF
60104,OTTAWA DOWNTOWN,Silicon,2013-12-06T00:00,0.022,µg/m³,PM2.5,ED-XRF
60104,OTTAWA DOWNTOWN,Silicon,2013-12-12T00:00,0.019,µg/m³,PM2.5,ED-XRF
60104,OTTAWA DOWNTOWN,Silicon,2013-01-01T00:00,0.000,µg/m³,PM2.5-10,ED-XRF
60104,OTTAWA DOWNTOWN,Silicon,2013-01-10T00:00,0.062,µg/m³,PM2.5-10,ED-XRF
60104,OTTAWA DOWNTOWN,Silicon,2013-01-16T00:00,0.385,µg/m³,PM2.5-10,ED-XRF
60104,OTTAWA DOWNTOWN,Silicon,2013-01-22T00:00,0.047,µg/m³,PM2.5-10,ED-XRF
60104,OTTAWA DOWNTOWN,Silicon,2013-01-28T00:00,0.027,µg/m³,PM2.5-10,ED-XRF
60104,OTTAWA DOWNTOWN,Silicon,2013-02-03T00:00,0.125,µg/m³,PM2.5-10,ED-XRF
60104,OTTAWA DOWNTOWN,Silicon,2013-02-09T00:00,0.045,µg/m³,PM2.5-10,ED-XRF
60104,OTTAWA DOWNTOWN,Silicon,2013-02-15T00:00,0.080,µg/m³,PM2.5-10,ED-XRF
60104,OTTAWA DOWNTOWN,Silicon,2013-02-21T00:00,0.006,µg/m³,PM2.5-10,ED-XRF
60104,OTTAWA DOWNTOWN,Silicon,2013-03-05T00:00,0.081,µg/m³,PM2.5-10,ED-XRF
60104,OTTAWA DOWNTOWN,Silicon,2013-03-17T00:00,0.314,µg/m³,PM2.5-10,ED-XRF
60104,OTTAWA DOWNTOWN,Silicon,2013-03-23T00:00,0.109,µg/m³,PM2.5-10,ED-XRF
60104,OTTAWA DOWNTOWN,Silicon,2013-03-29T00:00,0.261,µg/m³,PM2.5-10,ED-XRF
60104,OTTAWA DOWNTOWN,Silicon,2013-04-04T00:00,1.021,µg/m³,PM2.5-10,ED-XRF
60104,OTTAWA DOWNTOWN,Silicon,2013-04-10T00:00,0.383,µg/m³,PM2.5-10,ED-XRF
60104,OTTAWA DOWNTOWN,Silicon,2013-04-16T00:00,0.317,µg/m³,PM2.5-10,ED-XRF
60104,OTTAWA DOWNTOWN,Silicon,2013-04-22T00:00,0.903,µg/m³,PM2.5-10,ED-XRF
60104,OTTAWA DOWNTOWN,Silicon,2013-04-28T00:00,0.699,µg/m³,PM2.5-10,ED-XRF
60104,OTTAWA DOWNTOWN,Silicon,2013-05-04T00:00,1.414,µg/m³,PM2.5-10,ED-XRF
60104,OTTAWA DOWNTOWN,Silicon,2013-05-10T00:00,0.523,µg/m³,PM2.5-10,ED-XRF
60104,OTTAWA DOWNTOWN,Silicon,2013-05-16T00:00,0.468,µg/m³,PM2.5-10,ED-XRF
60104,OTTAWA DOWNTOWN,Silicon,2013-05-22T00:00,0.349,µg/m³,PM2.5-10,ED-XRF
60104,OTTAWA DOWNTOWN,Silicon,2013-05-28T00:00,1.049,µg/m³,PM2.5-10,ED-XRF
60104,OTTAWA DOWNTOWN,Silicon,2013-06-03T00:00,0.197,µg/m³,PM2.5-10,ED-XRF
60104,OTTAWA DOWNTOWN,Silicon,2013-06-09T00:00,0.195,µg/m³,PM2.5-10,ED-XRF
60104,OTTAWA DOWNTOWN,Silicon,2013-06-15T00:00,0.339,µg/m³,PM2.5-10,ED-XRF
60104,OTTAWA DOWNTOWN,Silicon,2013-06-21T00:00,0.669,µg/m³,PM2.5-10,ED-XRF
60104,OTTAWA DOWNTOWN,Silicon,2013-06-27T00:00,0.345,µg/m³,PM2.5-10,ED-XRF
60104,OTTAWA DOWNTOWN,Silicon,2013-07-03T00:00,0.445,µg/m³,PM2.5-10,ED-XRF
60104,OTTAWA DOWNTOWN,Silicon,2013-07-09T00:00,0.620,µg/m³,PM2.5-10,ED-XRF
60104,OTTAWA DOWNTOWN,Silicon,2013-07-15T00:00,0.901,µg/m³,PM2.5-10,ED-XRF
60104,OTTAWA DOWNTOWN,Silicon,2013-07-21T00:00,0.078,µg/m³,PM2.5-10,ED-XRF
60104,OTTAWA DOWNTOWN,Silicon,2013-07-27T00:00,0.431,µg/m³,PM2.5-10,ED-XRF
60104,OTTAWA DOWNTOWN,Silicon,2013-08-02T00:00,0.150,µg/m³,PM2.5-10,ED-XRF
60104,OTTAWA DOWNTOWN,Silicon,2013-08-08T00:00,0.221,µg/m³,PM2.5-10,ED-XRF
60104,OTTAWA DOWNTOWN,Silicon,2013-08-14T00:00,0.092,µg/m³,PM2.5-10,ED-XRF
60104,OTTAWA DOWNTOWN,Silicon,2013-08-20T00:00,1.103,µg/m³,PM2.5-10,ED-XRF
60104,OTTAWA DOWNTOWN,Silicon,2013-08-26T00:00,0.415,µg/m³,PM2.5-10,ED-XRF
60104,OTTAWA DOWNTOWN,Silicon,2013-09-01T00:00,0.129,µg/m³,PM2.5-10,ED-XRF
60104,OTTAWA DOWNTOWN,Silicon,2013-09-07T00:00,0.429,µg/m³,PM2.5-10,ED-XRF
60104,OTTAWA DOWNTOWN,Silicon,2013-09-13T00:00,0.172,µg/m³,PM2.5-10,ED-XRF
60104,OTTAWA DOWNTOWN,Silicon,2013-09-19T00:00,1.133,µg/m³,PM2.5-10,ED-XRF
60104,OTTAWA DOWNTOWN,Silicon,2013-09-25T00:00,0.306,µg/m³,PM2.5-10,ED-XRF
60104,OTTAWA DOWNTOWN,Silicon,2013-10-01T00:00,0.727,µg/m³,PM2.5-10,ED-XRF
60104,OTTAWA DOWNTOWN,Silicon,2013-10-07T00:00,0.176,µg/m³,PM2.5-10,ED-XRF
60104,OTTAWA DOWNTOWN,Silicon,2013-10-13T00:00,0.411,µg/m³,PM2.5-10,ED-XRF
60104,OTTAWA DOWNTOWN,Silicon,2013-10-19T00:00,0.238,µg/m³,PM2.5-10,ED-XRF
60104,OTTAWA DOWNTOWN,Silicon,2013-10-25T00:00,0.124,µg/m³,PM2.5-10,ED-XRF
60104,OTTAWA DOWNTOWN,Silicon,2013-10-31T00:00,0.326,µg/m³,PM2.5-10,ED-XRF
60104,OTTAWA DOWNTOWN,Silicon,2013-11-06T00:00,0.596,µg/m³,PM2.5-10,ED-XRF
60104,OTTAWA DOWNTOWN,Silicon,2013-11-12T00:00,0.149,µg/m³,PM2.5-10,ED-XRF
60104,OTTAWA DOWNTOWN,Silicon,2013-11-18T00:00,0.244,µg/m³,PM2.5-10,ED-XRF
60104,OTTAWA DOWNTOWN,Silicon,2013-11-24T00:00,0.049,µg/m³,PM2.5-10,ED-XRF
60104,OTTAWA DOWNTOWN,Silicon,2013-11-30T00:00,0.141,µg/m³,PM2.5-10,ED-XRF
60104,OTTAWA DOWNTOWN,Silicon,2013-12-06T00:00,0.260,µg/m³,PM2.5-10,ED-XRF
60104,OTTAWA DOWNTOWN,Silicon,2013-12-12T00:00,0.242,µg/m³,PM2.5-10,ED-XRF
