﻿NAPS_Site_ID,Station_Name,Pollutant,Date,Value,Units,Report_Type,Method
90121,EDMONTON EAST,Benzene,1995-01-03T00:00,8.029,µg/m³,VOC,N/A
90121,EDMONTON EAST,Benzene,1995-01-09T00:00,1.244,µg/m³,VOC,N/A
90121,EDMONTON EAST,Benzene,1995-01-15T00:00,1.524,µg/m³,VOC,N/A
90121,EDMONTON EAST,Benzene,1995-01-21T00:00,9.272,µg/m³,VOC,N/A
90121,EDMONTON EAST,Benzene,1995-01-27T00:00,8.222,µg/m³,VOC,N/A
90121,EDMONTON EAST,Benzene,1995-02-02T00:00,3.090,µg/m³,VOC,N/A
90121,EDMONTON EAST,Benzene,1995-02-08T00:00,2.107,µg/m³,VOC,N/A
90121,EDMONTON EAST,Benzene,1995-02-14T00:00,3.760,µg/m³,VOC,N/A
90121,EDMONTON EAST,Benzene,1995-02-20T00:00,1.986,µg/m³,VOC,N/A
90121,EDMONTON EAST,Benzene,1995-02-26T00:00,1.279,µg/m³,VOC,N/A
90121,EDMONTON EAST,Benzene,1995-03-04T00:00,2.619,µg/m³,VOC,N/A
90121,EDMONTON EAST,Benzene,1995-03-10T00:00,2.967,µg/m³,VOC,N/A
90121,EDMONTON EAST,Benzene,1995-03-16T00:00,2.322,µg/m³,VOC,N/A
90121,EDMONTON EAST,Benzene,1995-03-22T00:00,1.644,µg/m³,VOC,N/A
90121,EDMONTON EAST,Benzene,1995-03-28T00:00,1.065,µg/m³,VOC,N/A
90121,EDMONTON EAST,Benzene,1995-04-03T00:00,2.462,µg/m³,VOC,N/A
90121,EDMONTON EAST,Benzene,1995-04-09T00:00,0.794,µg/m³,VOC,N/A
90121,EDMONTON EAST,Benzene,1995-04-15T00:00,0.998,µg/m³,VOC,N/A
90121,EDMONTON EAST,Benzene,1995-04-21T00:00,1.721,µg/m³,VOC,N/A
90121,EDMONTON EAST,Benzene,1995-04-27T00:00,4.274,µg/m³,VOC,N/A
90121,EDMONTON EAST,Benzene,1995-05-03T00:00,2.208,µg/m³,VOC,N/A
90121,EDMONTON EAST,Benzene,1995-05-15T00:00,0.492,µg/m³,VOC,N/A
90121,EDMONTON EAST,Benzene,1995-05-21T00:00,1.925,µg/m³,VOC,N/A
90121,EDMONTON EAST,Benzene,1995-05-27T00:00,0.773,µg/m³,VOC,N/A
90121,EDMONTON EAST,Benzene,1995-06-02T00:00,1.888,µg/m³,VOC,N/A
90121,EDMONTON EAST,Benzene,1995-06-08T00:00,3.063,µg/m³,VOC,N/A
90121,EDMONTON EAST,Benzene,1995-06-20T00:00,0.886,µg/m³,VOC,N/A
90121,EDMONTON EAST,Benzene,1995-06-26T00:00,1.686,µg/m³,VOC,N/A
90121,EDMONTON EAST,Benzene,1995-07-02T00:00,1.702,µg/m³,VOC,N/A
90121,EDMONTON EAST,Benzene,1995-07-08T00:00,2.069,µg/m³,VOC,N/A
90121,EDMONTON EAST,Benzene,1995-07-14T00:00,1.676,µg/m³,VOC,N/A
90121,EDMONTON EAST,Benzene,1995-07-20T00:00,1.674,µg/m³,VOC,N/A
90121,EDMONTON EAST,Benzene,1995-07-26T00:00,1.404,µg/m³,VOC,N/A
90121,EDMONTON EAST,Benzene,1995-08-01T00:00,1.553,µg/m³,VOC,N/A
90121,EDMONTON EAST,Benzene,1995-08-07T00:00,3.676,µg/m³,VOC,N/A
90121,EDMONTON EAST,Benzene,1995-09-12T00:00,1.384,µg/m³,VOC,N/A
90121,EDMONTON EAST,Benzene,1995-09-18T00:00,1.017,µg/m³,VOC,N/A
90121,EDMONTON EAST,Benzene,1995-09-24T00:00,4.418,µg/m³,VOC,N/A
90121,EDMONTON EAST,Benzene,1995-09-30T00:00,3.142,µg/m³,VOC,N/A
90121,EDMONTON EAST,Benzene,1995-10-06T00:00,2.008,µg/m³,VOC,N/A
90121,EDMONTON EAST,Benzene,1995-10-12T00:00,2.436,µg/m³,VOC,N/A
90121,EDMONTON EAST,Benzene,1995-10-18T00:00,1.891,µg/m³,VOC,N/A
90121,EDMONTON EAST,Benzene,1995-10-24T00:00,1.958,µg/m³,VOC,N/A
90121,EDMONTON EAST,Benzene,1995-10-30T00:00,7.313,µg/m³,VOC,N/A
90121,EDMONTON EAST,Benzene,1995-11-05T00:00,1.846,µg/m³,VOC,N/A
90121,EDMONTON EAST,Benzene,1995-11-11T00:00,1.066,µg/m³,VOC,N/A
90121,EDMONTON EAST,Benzene,1995-11-17T00:00,2.112,µg/m³,VOC,N/A
90121,EDMONTON EAST,Benzene,1995-11-23T00:00,1.342,µg/m³,VOC,N/A
90121,EDMONTON EAST,Benzene,1995-11-29T00:00,1.146,µg/m³,VOC,N/A
90121,EDMONTON EAST,Benzene,1995-12-05T00:00,3.640,µg/m³,VOC,N/A
90121,EDMONTON EAST,Benzene,1995-12-11T00:00,0.956,µg/m³,VOC,N/A
90121,EDMONTON EAST,Benzene,1995-12-17T00:00,3.392,µg/m³,VOC,N/A
90121,EDMONTON EAST,Benzene,1995-12-23T00:00,2.765,µg/m³,VOC,N/A
90121,EDMONTON EAST,Benzene,1995-12-29T00:00,6.038,µg/m³,VOC,N/A
