﻿NAPS_Site_ID,Station_Name,Pollutant,Date,Value,Units,Report_Type,Method
50115,MONTRÉAL-MAISONNEUVE,4-Methyl-1-pentene,1995-01-03T00:00,0.031,µg/m³,VOC,
50115,MONTRÉAL-MAISONNEUVE,4-Methyl-1-pentene,1995-01-09T00:00,0.026,µg/m³,VOC,
50115,MONTRÉAL-MAISONNEUVE,4-Methyl-1-pentene,1995-01-15T00:00,0.082,µg/m³,VOC,
50115,MONTRÉAL-MAISONNEUVE,4-Methyl-1-pentene,1995-01-21T00:00,0.020,µg/m³,VOC,
50115,MONTRÉAL-MAISONNEUVE,4-Methyl-1-pentene,1995-01-27T00:00,0.050,µg/m³,VOC,
50115,MONTRÉAL-MAISONNEUVE,4-Methyl-1-pentene,1995-03-10T00:00,0.049,µg/m³,VOC,
50115,MONTRÉAL-MAISONNEUVE,4-Methyl-1-pentene,1995-03-16T00:00,0.131,µg/m³,VOC,
50115,MONTRÉAL-MAISONNEUVE,4-Methyl-1-pentene,1995-03-22T00:00,0.062,µg/m³,VOC,
50115,MONTRÉAL-MAISONNEUVE,4-Methyl-1-pentene,1995-03-28T00:00,0.071,µg/m³,VOC,
50115,MONTRÉAL-MAISONNEUVE,4-Methyl-1-pentene,1995-04-03T00:00,0.039,µg/m³,VOC,
50115,MONTRÉAL-MAISONNEUVE,4-Methyl-1-pentene,1995-04-09T00:00,0.029,µg/m³,VOC,
50115,MONTRÉAL-MAISONNEUVE,4-Methyl-1-pentene,1995-04-15T00:00,0.033,µg/m³,VOC,
50115,MONTRÉAL-MAISONNEUVE,4-Methyl-1-pentene,1995-04-21T00:00,0.061,µg/m³,VOC,
