﻿NAPS_Site_ID,Station_Name,Pollutant,Date,Value,Units,Report_Type,Method
100118,KITSILANO,Aluminum,2002-01-02T00:00,0.000,µg/m³,DICHOT,ED-XRF
100118,KITSILANO,Aluminum,2002-01-02T00:00,0.050,µg/m³,DICHOT,ED-XRF
100118,KITSILANO,Aluminum,2002-01-08T00:00,0.004,µg/m³,DICHOT,ED-XRF
100118,KITSILANO,Aluminum,2002-01-08T00:00,0.089,µg/m³,DICHOT,ED-XRF
100118,KITSILANO,Aluminum,2002-01-14T00:00,0.012,µg/m³,DICHOT,ED-XRF
100118,KITSILANO,Aluminum,2002-01-14T00:00,0.097,µg/m³,DICHOT,ED-XRF
100118,KITSILANO,Aluminum,2002-01-20T00:00,0.000,µg/m³,DICHOT,ED-XRF
100118,KITSILANO,Aluminum,2002-01-20T00:00,0.119,µg/m³,DICHOT,ED-XRF
100118,KITSILANO,Aluminum,2002-01-26T00:00,0.000,µg/m³,DICHOT,ED-XRF
100118,KITSILANO,Aluminum,2002-01-26T00:00,0.079,µg/m³,DICHOT,ED-XRF
100118,KITSILANO,Aluminum,2002-02-07T00:00,0.000,µg/m³,DICHOT,ED-XRF
100118,KITSILANO,Aluminum,2002-02-07T00:00,0.055,µg/m³,DICHOT,ED-XRF
100118,KITSILANO,Aluminum,2002-02-13T00:00,0.015,µg/m³,DICHOT,ED-XRF
100118,KITSILANO,Aluminum,2002-02-13T00:00,0.171,µg/m³,DICHOT,ED-XRF
100118,KITSILANO,Aluminum,2002-02-19T00:00,0.000,µg/m³,DICHOT,ED-XRF
100118,KITSILANO,Aluminum,2002-02-19T00:00,0.039,µg/m³,DICHOT,ED-XRF
100118,KITSILANO,Aluminum,2002-02-25T00:00,0.000,µg/m³,DICHOT,ED-XRF
100118,KITSILANO,Aluminum,2002-02-25T00:00,0.244,µg/m³,DICHOT,ED-XRF
100118,KITSILANO,Aluminum,2002-03-03T00:00,0.000,µg/m³,DICHOT,ED-XRF
100118,KITSILANO,Aluminum,2002-03-03T00:00,0.066,µg/m³,DICHOT,ED-XRF
100118,KITSILANO,Aluminum,2002-03-09T00:00,0.016,µg/m³,DICHOT,ED-XRF
100118,KITSILANO,Aluminum,2002-03-09T00:00,0.227,µg/m³,DICHOT,ED-XRF
100118,KITSILANO,Aluminum,2002-03-15T00:00,0.004,µg/m³,DICHOT,ED-XRF
100118,KITSILANO,Aluminum,2002-03-15T00:00,0.042,µg/m³,DICHOT,ED-XRF
100118,KITSILANO,Aluminum,2002-03-21T00:00,0.000,µg/m³,DICHOT,ED-XRF
100118,KITSILANO,Aluminum,2002-03-21T00:00,0.080,µg/m³,DICHOT,ED-XRF
100118,KITSILANO,Aluminum,2002-03-27T00:00,0.060,µg/m³,DICHOT,ED-XRF
100118,KITSILANO,Aluminum,2002-03-27T00:00,0.136,µg/m³,DICHOT,ED-XRF
100118,KITSILANO,Aluminum,2002-04-02T00:00,0.089,µg/m³,DICHOT,ED-XRF
100118,KITSILANO,Aluminum,2002-04-02T00:00,0.243,µg/m³,DICHOT,ED-XRF
100118,KITSILANO,Aluminum,2002-04-08T00:00,0.011,µg/m³,DICHOT,ED-XRF
100118,KITSILANO,Aluminum,2002-04-08T00:00,0.224,µg/m³,DICHOT,ED-XRF
100118,KITSILANO,Aluminum,2002-04-14T00:00,0.039,µg/m³,DICHOT,ED-XRF
100118,KITSILANO,Aluminum,2002-04-14T00:00,0.069,µg/m³,DICHOT,ED-XRF
100118,KITSILANO,Aluminum,2002-04-20T00:00,0.202,µg/m³,DICHOT,ED-XRF
100118,KITSILANO,Aluminum,2002-04-20T00:00,0.538,µg/m³,DICHOT,ED-XRF
100118,KITSILANO,Aluminum,2002-04-26T00:00,0.061,µg/m³,DICHOT,ED-XRF
100118,KITSILANO,Aluminum,2002-04-26T00:00,0.245,µg/m³,DICHOT,ED-XRF
100118,KITSILANO,Aluminum,2002-05-02T00:00,0.047,µg/m³,DICHOT,ED-XRF
100118,KITSILANO,Aluminum,2002-05-02T00:00,0.125,µg/m³,DICHOT,ED-XRF
100118,KITSILANO,Aluminum,2002-05-08T00:00,0.019,µg/m³,DICHOT,ED-XRF
100118,KITSILANO,Aluminum,2002-05-08T00:00,0.312,µg/m³,DICHOT,ED-XRF
100118,KITSILANO,Aluminum,2002-05-14T00:00,0.055,µg/m³,DICHOT,ED-XRF
100118,KITSILANO,Aluminum,2002-05-14T00:00,0.087,µg/m³,DICHOT,ED-XRF
100118,KITSILANO,Aluminum,2002-05-20T00:00,0.029,µg/m³,DICHOT,ED-XRF
100118,KITSILANO,Aluminum,2002-05-20T00:00,0.033,µg/m³,DICHOT,ED-XRF
100118,KITSILANO,Aluminum,2002-05-26T00:00,0.061,µg/m³,DICHOT,ED-XRF
100118,KITSILANO,Aluminum,2002-05-26T00:00,0.113,µg/m³,DICHOT,ED-XRF
100118,KITSILANO,Aluminum,2002-06-01T00:00,0.000,µg/m³,DICHOT,ED-XRF
100118,KITSILANO,Aluminum,2002-06-01T00:00,0.081,µg/m³,DICHOT,ED-XRF
100118,KITSILANO,Aluminum,2002-06-07T00:00,0.053,µg/m³,DICHOT,ED-XRF
100118,KITSILANO,Aluminum,2002-06-07T00:00,0.916,µg/m³,DICHOT,ED-XRF
100118,KITSILANO,Aluminum,2002-06-13T00:00,0.090,µg/m³,DICHOT,ED-XRF
100118,KITSILANO,Aluminum,2002-06-13T00:00,1.106,µg/m³,DICHOT,ED-XRF
100118,KITSILANO,Aluminum,2002-06-19T00:00,0.049,µg/m³,DICHOT,ED-XRF
100118,KITSILANO,Aluminum,2002-06-19T00:00,0.232,µg/m³,DICHOT,ED-XRF
100118,KITSILANO,Aluminum,2002-06-25T00:00,0.059,µg/m³,DICHOT,ED-XRF
100118,KITSILANO,Aluminum,2002-06-25T00:00,0.306,µg/m³,DICHOT,ED-XRF
100118,KITSILANO,Aluminum,2002-07-01T00:00,0.000,µg/m³,DICHOT,ED-XRF
100118,KITSILANO,Aluminum,2002-07-01T00:00,0.031,µg/m³,DICHOT,ED-XRF
100118,KITSILANO,Aluminum,2002-07-07T00:00,0.045,µg/m³,DICHOT,ED-XRF
100118,KITSILANO,Aluminum,2002-07-07T00:00,0.296,µg/m³,DICHOT,ED-XRF
100118,KITSILANO,Aluminum,2002-07-13T00:00,0.000,µg/m³,DICHOT,ED-XRF
100118,KITSILANO,Aluminum,2002-07-13T00:00,0.000,µg/m³,DICHOT,ED-XRF
100118,KITSILANO,Aluminum,2002-07-19T00:00,0.023,µg/m³,DICHOT,ED-XRF
100118,KITSILANO,Aluminum,2002-07-19T00:00,0.205,µg/m³,DICHOT,ED-XRF
100118,KITSILANO,Aluminum,2002-07-25T00:00,0.037,µg/m³,DICHOT,ED-XRF
100118,KITSILANO,Aluminum,2002-07-25T00:00,0.429,µg/m³,DICHOT,ED-XRF
100118,KITSILANO,Aluminum,2002-07-31T00:00,0.090,µg/m³,DICHOT,ED-XRF
100118,KITSILANO,Aluminum,2002-07-31T00:00,0.208,µg/m³,DICHOT,ED-XRF
100118,KITSILANO,Aluminum,2002-08-06T00:00,0.015,µg/m³,DICHOT,ED-XRF
100118,KITSILANO,Aluminum,2002-08-06T00:00,0.182,µg/m³,DICHOT,ED-XRF
100118,KITSILANO,Aluminum,2002-08-12T00:00,0.036,µg/m³,DICHOT,ED-XRF
100118,KITSILANO,Aluminum,2002-08-12T00:00,0.246,µg/m³,DICHOT,ED-XRF
100118,KITSILANO,Aluminum,2002-08-18T00:00,0.018,µg/m³,DICHOT,ED-XRF
100118,KITSILANO,Aluminum,2002-08-18T00:00,0.153,µg/m³,DICHOT,ED-XRF
100118,KITSILANO,Aluminum,2002-08-24T00:00,0.047,µg/m³,DICHOT,ED-XRF
100118,KITSILANO,Aluminum,2002-08-24T00:00,0.377,µg/m³,DICHOT,ED-XRF
100118,KITSILANO,Aluminum,2002-08-30T00:00,0.022,µg/m³,DICHOT,ED-XRF
100118,KITSILANO,Aluminum,2002-08-30T00:00,0.245,µg/m³,DICHOT,ED-XRF
100118,KITSILANO,Aluminum,2002-09-05T00:00,0.000,µg/m³,DICHOT,ED-XRF
100118,KITSILANO,Aluminum,2002-09-05T00:00,0.134,µg/m³,DICHOT,ED-XRF
100118,KITSILANO,Aluminum,2002-09-11T00:00,0.027,µg/m³,DICHOT,ED-XRF
100118,KITSILANO,Aluminum,2002-09-11T00:00,0.077,µg/m³,DICHOT,ED-XRF
100118,KITSILANO,Aluminum,2002-09-17T00:00,0.012,µg/m³,DICHOT,ED-XRF
100118,KITSILANO,Aluminum,2002-09-17T00:00,0.129,µg/m³,DICHOT,ED-XRF
100118,KITSILANO,Aluminum,2002-09-23T00:00,0.003,µg/m³,DICHOT,ED-XRF
100118,KITSILANO,Aluminum,2002-09-23T00:00,0.085,µg/m³,DICHOT,ED-XRF
100118,KITSILANO,Aluminum,2002-09-29T00:00,0.027,µg/m³,DICHOT,ED-XRF
100118,KITSILANO,Aluminum,2002-09-29T00:00,0.079,µg/m³,DICHOT,ED-XRF
100118,KITSILANO,Aluminum,2002-10-05T00:00,0.004,µg/m³,DICHOT,ED-XRF
100118,KITSILANO,Aluminum,2002-10-05T00:00,0.006,µg/m³,DICHOT,ED-XRF
100118,KITSILANO,Aluminum,2002-10-11T00:00,0.000,µg/m³,DICHOT,ED-XRF
100118,KITSILANO,Aluminum,2002-10-11T00:00,0.097,µg/m³,DICHOT,ED-XRF
100118,KITSILANO,Aluminum,2002-10-17T00:00,0.032,µg/m³,DICHOT,ED-XRF
100118,KITSILANO,Aluminum,2002-10-17T00:00,0.309,µg/m³,DICHOT,ED-XRF
100118,KITSILANO,Aluminum,2002-10-23T00:00,0.052,µg/m³,DICHOT,ED-XRF
100118,KITSILANO,Aluminum,2002-10-23T00:00,0.202,µg/m³,DICHOT,ED-XRF
100118,KITSILANO,Aluminum,2002-10-29T00:00,0.016,µg/m³,DICHOT,ED-XRF
100118,KITSILANO,Aluminum,2002-10-29T00:00,0.309,µg/m³,DICHOT,ED-XRF
100118,KITSILANO,Aluminum,2002-11-04T00:00,0.005,µg/m³,DICHOT,ED-XRF
100118,KITSILANO,Aluminum,2002-11-04T00:00,0.421,µg/m³,DICHOT,ED-XRF
100118,KITSILANO,Aluminum,2002-11-10T00:00,0.000,µg/m³,DICHOT,ED-XRF
100118,KITSILANO,Aluminum,2002-11-10T00:00,0.042,µg/m³,DICHOT,ED-XRF
100118,KITSILANO,Aluminum,2002-11-16T00:00,0.010,µg/m³,DICHOT,ED-XRF
100118,KITSILANO,Aluminum,2002-11-16T00:00,0.029,µg/m³,DICHOT,ED-XRF
100118,KITSILANO,Aluminum,2002-11-22T00:00,0.000,µg/m³,DICHOT,ED-XRF
100118,KITSILANO,Aluminum,2002-11-22T00:00,0.071,µg/m³,DICHOT,ED-XRF
100118,KITSILANO,Aluminum,2002-11-28T00:00,0.009,µg/m³,DICHOT,ED-XRF
100118,KITSILANO,Aluminum,2002-11-28T00:00,0.203,µg/m³,DICHOT,ED-XRF
100118,KITSILANO,Aluminum,2002-12-04T00:00,0.000,µg/m³,DICHOT,ED-XRF
100118,KITSILANO,Aluminum,2002-12-04T00:00,0.040,µg/m³,DICHOT,ED-XRF
100118,KITSILANO,Aluminum,2002-12-16T00:00,0.010,µg/m³,DICHOT,ED-XRF
100118,KITSILANO,Aluminum,2002-12-16T00:00,0.037,µg/m³,DICHOT,ED-XRF
100118,KITSILANO,Aluminum,2002-12-22T00:00,0.046,µg/m³,DICHOT,ED-XRF
100118,KITSILANO,Aluminum,2002-12-22T00:00,0.067,µg/m³,DICHOT,ED-XRF
100118,KITSILANO,Aluminum,2002-12-28T00:00,0.011,µg/m³,DICHOT,ED-XRF
100118,KITSILANO,Aluminum,2002-12-28T00:00,0.101,µg/m³,DICHOT,ED-XRF
