﻿NAPS_Site_ID,Station_Name,Pollutant,Date,Value,Units,Report_Type,Method
60101,HYDRO BLDG.,cis-4-Methyl-2-pentene,1993-01-01T00:00,0.000,µg/m³,VOC,GC-MS
60101,HYDRO BLDG.,cis-4-Methyl-2-pentene,1993-01-07T00:00,0.000,µg/m³,VOC,GC-MS
60101,HYDRO BLDG.,cis-4-Methyl-2-pentene,1993-01-13T00:00,0.000,µg/m³,VOC,GC-MS
60101,HYDRO BLDG.,cis-4-Methyl-2-pentene,1993-01-19T00:00,0.000,µg/m³,VOC,GC-MS
60101,HYDRO BLDG.,cis-4-Methyl-2-pentene,1993-01-25T00:00,0.000,µg/m³,VOC,GC-MS
60101,HYDRO BLDG.,cis-4-Methyl-2-pentene,1993-01-31T00:00,0.000,µg/m³,VOC,GC-MS
60101,HYDRO BLDG.,cis-4-Methyl-2-pentene,1993-02-06T00:00,0.000,µg/m³,VOC,GC-MS
60101,HYDRO BLDG.,cis-4-Methyl-2-pentene,1993-02-12T00:00,0.080,µg/m³,VOC,GC-MS
60101,HYDRO BLDG.,cis-4-Methyl-2-pentene,1993-02-18T00:00,0.146,µg/m³,VOC,GC-MS
60101,HYDRO BLDG.,cis-4-Methyl-2-pentene,1993-02-24T00:00,0.000,µg/m³,VOC,GC-MS
60101,HYDRO BLDG.,cis-4-Methyl-2-pentene,1993-03-02T00:00,0.134,µg/m³,VOC,GC-MS
60101,HYDRO BLDG.,cis-4-Methyl-2-pentene,1993-03-14T00:00,0.000,µg/m³,VOC,GC-MS
60101,HYDRO BLDG.,cis-4-Methyl-2-pentene,1993-03-20T00:00,0.090,µg/m³,VOC,GC-MS
60101,HYDRO BLDG.,cis-4-Methyl-2-pentene,1993-03-26T00:00,0.215,µg/m³,VOC,GC-MS
60101,HYDRO BLDG.,cis-4-Methyl-2-pentene,1993-04-01T00:00,0.072,µg/m³,VOC,GC-MS
60101,HYDRO BLDG.,cis-4-Methyl-2-pentene,1993-04-07T00:00,0.190,µg/m³,VOC,GC-MS
60101,HYDRO BLDG.,cis-4-Methyl-2-pentene,1993-04-13T00:00,0.000,µg/m³,VOC,GC-MS
60101,HYDRO BLDG.,cis-4-Methyl-2-pentene,1993-04-19T00:00,0.000,µg/m³,VOC,GC-MS
60101,HYDRO BLDG.,cis-4-Methyl-2-pentene,1993-04-25T00:00,0.000,µg/m³,VOC,GC-MS
60101,HYDRO BLDG.,cis-4-Methyl-2-pentene,1993-05-01T00:00,0.000,µg/m³,VOC,GC-MS
60101,HYDRO BLDG.,cis-4-Methyl-2-pentene,1993-05-07T00:00,0.000,µg/m³,VOC,GC-MS
60101,HYDRO BLDG.,cis-4-Methyl-2-pentene,1993-05-13T00:00,0.126,µg/m³,VOC,GC-MS
60101,HYDRO BLDG.,cis-4-Methyl-2-pentene,1993-05-19T00:00,0.207,µg/m³,VOC,GC-MS
60101,HYDRO BLDG.,cis-4-Methyl-2-pentene,1993-05-31T00:00,0.148,µg/m³,VOC,GC-MS
60101,HYDRO BLDG.,cis-4-Methyl-2-pentene,1993-06-06T00:00,0.043,µg/m³,VOC,GC-MS
60101,HYDRO BLDG.,cis-4-Methyl-2-pentene,1993-06-12T00:00,0.059,µg/m³,VOC,GC-MS
60101,HYDRO BLDG.,cis-4-Methyl-2-pentene,1993-06-18T00:00,0.147,µg/m³,VOC,GC-MS
60101,HYDRO BLDG.,cis-4-Methyl-2-pentene,1993-06-24T00:00,0.145,µg/m³,VOC,GC-MS
60101,HYDRO BLDG.,cis-4-Methyl-2-pentene,1993-06-30T00:00,0.071,µg/m³,VOC,GC-MS
60101,HYDRO BLDG.,cis-4-Methyl-2-pentene,1993-07-06T00:00,0.000,µg/m³,VOC,GC-MS
60101,HYDRO BLDG.,cis-4-Methyl-2-pentene,1993-07-12T00:00,0.133,µg/m³,VOC,GC-MS
60101,HYDRO BLDG.,cis-4-Methyl-2-pentene,1993-07-30T00:00,0.150,µg/m³,VOC,GC-MS
60101,HYDRO BLDG.,cis-4-Methyl-2-pentene,1993-08-05T00:00,0.000,µg/m³,VOC,GC-MS
60101,HYDRO BLDG.,cis-4-Methyl-2-pentene,1993-08-11T00:00,0.000,µg/m³,VOC,GC-MS
60101,HYDRO BLDG.,cis-4-Methyl-2-pentene,1993-08-17T00:00,0.000,µg/m³,VOC,GC-MS
60101,HYDRO BLDG.,cis-4-Methyl-2-pentene,1993-08-26T00:00,0.000,µg/m³,VOC,GC-MS
60101,HYDRO BLDG.,cis-4-Methyl-2-pentene,1993-09-10T00:00,0.000,µg/m³,VOC,GC-MS
60101,HYDRO BLDG.,cis-4-Methyl-2-pentene,1993-09-16T00:00,0.000,µg/m³,VOC,GC-MS
60101,HYDRO BLDG.,cis-4-Methyl-2-pentene,1993-09-22T00:00,0.000,µg/m³,VOC,GC-MS
60101,HYDRO BLDG.,cis-4-Methyl-2-pentene,1993-09-28T00:00,0.000,µg/m³,VOC,GC-MS
60101,HYDRO BLDG.,cis-4-Methyl-2-pentene,1993-10-04T00:00,0.000,µg/m³,VOC,GC-MS
60101,HYDRO BLDG.,cis-4-Methyl-2-pentene,1993-10-10T00:00,0.000,µg/m³,VOC,GC-MS
60101,HYDRO BLDG.,cis-4-Methyl-2-pentene,1993-10-16T00:00,0.000,µg/m³,VOC,GC-MS
60101,HYDRO BLDG.,cis-4-Methyl-2-pentene,1993-10-22T00:00,0.000,µg/m³,VOC,GC-MS
60101,HYDRO BLDG.,cis-4-Methyl-2-pentene,1993-10-28T00:00,0.151,µg/m³,VOC,GC-MS
60101,HYDRO BLDG.,cis-4-Methyl-2-pentene,1993-11-03T00:00,0.297,µg/m³,VOC,GC-MS
60101,HYDRO BLDG.,cis-4-Methyl-2-pentene,1993-11-09T00:00,0.216,µg/m³,VOC,GC-MS
60101,HYDRO BLDG.,cis-4-Methyl-2-pentene,1993-11-15T00:00,0.000,µg/m³,VOC,GC-MS
60101,HYDRO BLDG.,cis-4-Methyl-2-pentene,1993-11-21T00:00,0.000,µg/m³,VOC,GC-MS
60101,HYDRO BLDG.,cis-4-Methyl-2-pentene,1993-11-27T00:00,0.000,µg/m³,VOC,GC-MS
60101,HYDRO BLDG.,cis-4-Methyl-2-pentene,1993-12-03T00:00,0.259,µg/m³,VOC,GC-MS
60101,HYDRO BLDG.,cis-4-Methyl-2-pentene,1993-12-09T00:00,0.159,µg/m³,VOC,GC-MS
60101,HYDRO BLDG.,cis-4-Methyl-2-pentene,1993-12-15T00:00,0.000,µg/m³,VOC,GC-MS
60101,HYDRO BLDG.,cis-4-Methyl-2-pentene,1993-12-21T00:00,0.000,µg/m³,VOC,GC-MS
60101,HYDRO BLDG.,cis-4-Methyl-2-pentene,1993-12-27T00:00,0.000,µg/m³,VOC,GC-MS
