﻿NAPS_Site_ID,Station_Name,Pollutant,Date,Value,Units,Report_Type,Method
100304,VICTORIA TOPAZ,NH4+,2007-01-06T00:00,0.000,µg/m³,DICHOT,
100304,VICTORIA TOPAZ,NH4+,2007-01-06T00:00,0.512,µg/m³,DICHOT,
100304,VICTORIA TOPAZ,NH4+,2007-01-12T00:00,0.000,µg/m³,DICHOT,
100304,VICTORIA TOPAZ,NH4+,2007-01-12T00:00,0.103,µg/m³,DICHOT,
100304,VICTORIA TOPAZ,NH4+,2007-01-18T00:00,0.000,µg/m³,DICHOT,
100304,VICTORIA TOPAZ,NH4+,2007-01-18T00:00,0.398,µg/m³,DICHOT,
100304,VICTORIA TOPAZ,NH4+,2007-01-30T00:00,0.000,µg/m³,DICHOT,
100304,VICTORIA TOPAZ,NH4+,2007-01-30T00:00,0.546,µg/m³,DICHOT,
100304,VICTORIA TOPAZ,NH4+,2007-02-05T00:00,0.003,µg/m³,DICHOT,
100304,VICTORIA TOPAZ,NH4+,2007-02-05T00:00,0.422,µg/m³,DICHOT,
100304,VICTORIA TOPAZ,NH4+,2007-02-11T00:00,0.000,µg/m³,DICHOT,
100304,VICTORIA TOPAZ,NH4+,2007-02-11T00:00,0.292,µg/m³,DICHOT,
100304,VICTORIA TOPAZ,NH4+,2007-02-17T00:00,0.000,µg/m³,DICHOT,
100304,VICTORIA TOPAZ,NH4+,2007-02-17T00:00,0.117,µg/m³,DICHOT,
100304,VICTORIA TOPAZ,NH4+,2007-02-23T00:00,0.000,µg/m³,DICHOT,
100304,VICTORIA TOPAZ,NH4+,2007-02-23T00:00,0.275,µg/m³,DICHOT,
100304,VICTORIA TOPAZ,NH4+,2007-03-01T00:00,0.000,µg/m³,DICHOT,
100304,VICTORIA TOPAZ,NH4+,2007-03-01T00:00,0.077,µg/m³,DICHOT,
100304,VICTORIA TOPAZ,NH4+,2007-03-13T00:00,0.000,µg/m³,DICHOT,
100304,VICTORIA TOPAZ,NH4+,2007-03-13T00:00,0.069,µg/m³,DICHOT,
100304,VICTORIA TOPAZ,NH4+,2007-03-19T00:00,0.039,µg/m³,DICHOT,
100304,VICTORIA TOPAZ,NH4+,2007-03-19T00:00,0.224,µg/m³,DICHOT,
100304,VICTORIA TOPAZ,NH4+,2007-03-25T00:00,0.000,µg/m³,DICHOT,
100304,VICTORIA TOPAZ,NH4+,2007-03-25T00:00,0.072,µg/m³,DICHOT,
100304,VICTORIA TOPAZ,NH4+,2007-03-31T00:00,0.054,µg/m³,DICHOT,
100304,VICTORIA TOPAZ,NH4+,2007-03-31T00:00,0.084,µg/m³,DICHOT,
100304,VICTORIA TOPAZ,NH4+,2007-04-06T00:00,0.014,µg/m³,DICHOT,
100304,VICTORIA TOPAZ,NH4+,2007-04-06T00:00,0.482,µg/m³,DICHOT,
100304,VICTORIA TOPAZ,NH4+,2007-04-12T00:00,0.000,µg/m³,DICHOT,
100304,VICTORIA TOPAZ,NH4+,2007-04-12T00:00,0.167,µg/m³,DICHOT,
100304,VICTORIA TOPAZ,NH4+,2007-05-18T00:00,0.000,µg/m³,DICHOT,
100304,VICTORIA TOPAZ,NH4+,2007-05-18T00:00,0.521,µg/m³,DICHOT,
100304,VICTORIA TOPAZ,NH4+,2007-05-24T00:00,0.000,µg/m³,DICHOT,
100304,VICTORIA TOPAZ,NH4+,2007-05-24T00:00,0.982,µg/m³,DICHOT,
100304,VICTORIA TOPAZ,NH4+,2007-05-30T00:00,0.000,µg/m³,DICHOT,
100304,VICTORIA TOPAZ,NH4+,2007-05-30T00:00,0.725,µg/m³,DICHOT,
100304,VICTORIA TOPAZ,NH4+,2007-06-05T00:00,0.000,µg/m³,DICHOT,
100304,VICTORIA TOPAZ,NH4+,2007-06-05T00:00,0.165,µg/m³,DICHOT,
100304,VICTORIA TOPAZ,NH4+,2007-06-11T00:00,0.000,µg/m³,DICHOT,
100304,VICTORIA TOPAZ,NH4+,2007-06-11T00:00,0.152,µg/m³,DICHOT,
100304,VICTORIA TOPAZ,NH4+,2007-06-17T00:00,0.000,µg/m³,DICHOT,
100304,VICTORIA TOPAZ,NH4+,2007-06-17T00:00,0.172,µg/m³,DICHOT,
100304,VICTORIA TOPAZ,NH4+,2007-06-23T00:00,0.000,µg/m³,DICHOT,
100304,VICTORIA TOPAZ,NH4+,2007-06-23T00:00,0.228,µg/m³,DICHOT,
100304,VICTORIA TOPAZ,NH4+,2007-06-29T00:00,0.000,µg/m³,DICHOT,
100304,VICTORIA TOPAZ,NH4+,2007-06-29T00:00,0.079,µg/m³,DICHOT,
100304,VICTORIA TOPAZ,NH4+,2007-07-05T00:00,0.000,µg/m³,DICHOT,
100304,VICTORIA TOPAZ,NH4+,2007-07-05T00:00,0.187,µg/m³,DICHOT,
100304,VICTORIA TOPAZ,NH4+,2007-07-11T00:00,0.023,µg/m³,DICHOT,
100304,VICTORIA TOPAZ,NH4+,2007-07-11T00:00,0.381,µg/m³,DICHOT,
100304,VICTORIA TOPAZ,NH4+,2007-07-17T00:00,0.000,µg/m³,DICHOT,
100304,VICTORIA TOPAZ,NH4+,2007-07-17T00:00,0.640,µg/m³,DICHOT,
100304,VICTORIA TOPAZ,NH4+,2007-07-23T00:00,0.000,µg/m³,DICHOT,
100304,VICTORIA TOPAZ,NH4+,2007-07-23T00:00,0.132,µg/m³,DICHOT,
100304,VICTORIA TOPAZ,NH4+,2007-07-29T00:00,0.000,µg/m³,DICHOT,
100304,VICTORIA TOPAZ,NH4+,2007-07-29T00:00,0.149,µg/m³,DICHOT,
100304,VICTORIA TOPAZ,NH4+,2007-08-04T00:00,0.000,µg/m³,DICHOT,
100304,VICTORIA TOPAZ,NH4+,2007-08-04T00:00,0.639,µg/m³,DICHOT,
100304,VICTORIA TOPAZ,NH4+,2007-08-16T00:00,0.039,µg/m³,DICHOT,
100304,VICTORIA TOPAZ,NH4+,2007-08-16T00:00,0.237,µg/m³,DICHOT,
100304,VICTORIA TOPAZ,NH4+,2007-08-22T00:00,0.005,µg/m³,DICHOT,
100304,VICTORIA TOPAZ,NH4+,2007-08-22T00:00,0.600,µg/m³,DICHOT,
100304,VICTORIA TOPAZ,NH4+,2007-08-28T00:00,0.000,µg/m³,DICHOT,
100304,VICTORIA TOPAZ,NH4+,2007-08-28T00:00,0.654,µg/m³,DICHOT,
100304,VICTORIA TOPAZ,NH4+,2007-09-03T00:00,0.000,µg/m³,DICHOT,
100304,VICTORIA TOPAZ,NH4+,2007-09-03T00:00,1.226,µg/m³,DICHOT,
100304,VICTORIA TOPAZ,NH4+,2007-09-09T00:00,0.000,µg/m³,DICHOT,
100304,VICTORIA TOPAZ,NH4+,2007-09-09T00:00,0.383,µg/m³,DICHOT,
100304,VICTORIA TOPAZ,NH4+,2007-09-15T00:00,0.011,µg/m³,DICHOT,
100304,VICTORIA TOPAZ,NH4+,2007-09-15T00:00,0.543,µg/m³,DICHOT,
100304,VICTORIA TOPAZ,NH4+,2007-10-03T00:00,0.000,µg/m³,DICHOT,
100304,VICTORIA TOPAZ,NH4+,2007-10-03T00:00,0.141,µg/m³,DICHOT,
100304,VICTORIA TOPAZ,NH4+,2007-10-09T00:00,0.002,µg/m³,DICHOT,
100304,VICTORIA TOPAZ,NH4+,2007-10-09T00:00,0.178,µg/m³,DICHOT,
100304,VICTORIA TOPAZ,NH4+,2007-10-15T00:00,0.000,µg/m³,DICHOT,
100304,VICTORIA TOPAZ,NH4+,2007-10-15T00:00,0.997,µg/m³,DICHOT,
100304,VICTORIA TOPAZ,NH4+,2007-10-27T00:00,0.000,µg/m³,DICHOT,
100304,VICTORIA TOPAZ,NH4+,2007-10-27T00:00,0.345,µg/m³,DICHOT,
100304,VICTORIA TOPAZ,NH4+,2007-11-02T00:00,0.000,µg/m³,DICHOT,
100304,VICTORIA TOPAZ,NH4+,2007-11-02T00:00,0.534,µg/m³,DICHOT,
100304,VICTORIA TOPAZ,NH4+,2007-11-08T00:00,0.030,µg/m³,DICHOT,
100304,VICTORIA TOPAZ,NH4+,2007-11-08T00:00,0.853,µg/m³,DICHOT,
100304,VICTORIA TOPAZ,NH4+,2007-11-14T00:00,0.000,µg/m³,DICHOT,
100304,VICTORIA TOPAZ,NH4+,2007-11-14T00:00,0.189,µg/m³,DICHOT,
100304,VICTORIA TOPAZ,NH4+,2007-11-20T00:00,0.000,µg/m³,DICHOT,
100304,VICTORIA TOPAZ,NH4+,2007-11-20T00:00,0.865,µg/m³,DICHOT,
100304,VICTORIA TOPAZ,NH4+,2007-11-26T00:00,0.000,µg/m³,DICHOT,
100304,VICTORIA TOPAZ,NH4+,2007-11-26T00:00,0.644,µg/m³,DICHOT,
100304,VICTORIA TOPAZ,NH4+,2007-12-02T00:00,0.000,µg/m³,DICHOT,
100304,VICTORIA TOPAZ,NH4+,2007-12-02T00:00,0.059,µg/m³,DICHOT,
100304,VICTORIA TOPAZ,NH4+,2007-12-20T00:00,0.000,µg/m³,DICHOT,
100304,VICTORIA TOPAZ,NH4+,2007-12-20T00:00,0.051,µg/m³,DICHOT,
100304,VICTORIA TOPAZ,NH4+,2007-12-26T00:00,0.001,µg/m³,DICHOT,
100304,VICTORIA TOPAZ,NH4+,2007-12-26T00:00,0.011,µg/m³,DICHOT,
