﻿NAPS_Site_ID,Station_Name,Pollutant,Date,Value,Units,Report_Type,Method
60512,BEASLEY PARK _HAMILTON_DOWNTOWN_,2-Methyl-1-butene,1998-01-05T00:00,0.100,µg/m³,VOC,
60512,BEASLEY PARK _HAMILTON_DOWNTOWN_,2-Methyl-1-butene,1998-01-11T00:00,0.060,µg/m³,VOC,
60512,BEASLEY PARK _HAMILTON_DOWNTOWN_,2-Methyl-1-butene,1998-01-17T00:00,0.040,µg/m³,VOC,
60512,BEASLEY PARK _HAMILTON_DOWNTOWN_,2-Methyl-1-butene,1998-01-23T00:00,0.040,µg/m³,VOC,
60512,BEASLEY PARK _HAMILTON_DOWNTOWN_,2-Methyl-1-butene,1998-01-29T00:00,0.060,µg/m³,VOC,
60512,BEASLEY PARK _HAMILTON_DOWNTOWN_,2-Methyl-1-butene,1998-02-04T00:00,0.060,µg/m³,VOC,
60512,BEASLEY PARK _HAMILTON_DOWNTOWN_,2-Methyl-1-butene,1998-02-10T00:00,0.160,µg/m³,VOC,
60512,BEASLEY PARK _HAMILTON_DOWNTOWN_,2-Methyl-1-butene,1998-02-16T00:00,0.100,µg/m³,VOC,
60512,BEASLEY PARK _HAMILTON_DOWNTOWN_,2-Methyl-1-butene,1998-02-22T00:00,0.020,µg/m³,VOC,
60512,BEASLEY PARK _HAMILTON_DOWNTOWN_,2-Methyl-1-butene,1998-02-28T00:00,0.080,µg/m³,VOC,
60512,BEASLEY PARK _HAMILTON_DOWNTOWN_,2-Methyl-1-butene,1998-03-06T00:00,0.040,µg/m³,VOC,
60512,BEASLEY PARK _HAMILTON_DOWNTOWN_,2-Methyl-1-butene,1998-03-12T00:00,0.020,µg/m³,VOC,
60512,BEASLEY PARK _HAMILTON_DOWNTOWN_,2-Methyl-1-butene,1998-03-18T00:00,0.020,µg/m³,VOC,
60512,BEASLEY PARK _HAMILTON_DOWNTOWN_,2-Methyl-1-butene,1998-03-24T00:00,0.020,µg/m³,VOC,
60512,BEASLEY PARK _HAMILTON_DOWNTOWN_,2-Methyl-1-butene,1998-03-30T00:00,0.080,µg/m³,VOC,
60512,BEASLEY PARK _HAMILTON_DOWNTOWN_,2-Methyl-1-butene,1998-04-05T00:00,0.020,µg/m³,VOC,
60512,BEASLEY PARK _HAMILTON_DOWNTOWN_,2-Methyl-1-butene,1998-04-11T00:00,0.060,µg/m³,VOC,
60512,BEASLEY PARK _HAMILTON_DOWNTOWN_,2-Methyl-1-butene,1998-04-17T00:00,0.080,µg/m³,VOC,
60512,BEASLEY PARK _HAMILTON_DOWNTOWN_,2-Methyl-1-butene,1998-04-23T00:00,0.040,µg/m³,VOC,
60512,BEASLEY PARK _HAMILTON_DOWNTOWN_,2-Methyl-1-butene,1998-04-29T00:00,0.040,µg/m³,VOC,
60512,BEASLEY PARK _HAMILTON_DOWNTOWN_,2-Methyl-1-butene,1998-05-05T00:00,0.080,µg/m³,VOC,
60512,BEASLEY PARK _HAMILTON_DOWNTOWN_,2-Methyl-1-butene,1998-05-11T00:00,0.040,µg/m³,VOC,
60512,BEASLEY PARK _HAMILTON_DOWNTOWN_,2-Methyl-1-butene,1998-05-17T00:00,0.019,µg/m³,VOC,
60512,BEASLEY PARK _HAMILTON_DOWNTOWN_,2-Methyl-1-butene,1998-05-23T00:00,0.023,µg/m³,VOC,
60512,BEASLEY PARK _HAMILTON_DOWNTOWN_,2-Methyl-1-butene,1998-06-22T00:00,0.339,µg/m³,VOC,
60512,BEASLEY PARK _HAMILTON_DOWNTOWN_,2-Methyl-1-butene,1998-07-04T00:00,0.069,µg/m³,VOC,
60512,BEASLEY PARK _HAMILTON_DOWNTOWN_,2-Methyl-1-butene,1998-07-10T00:00,0.127,µg/m³,VOC,
60512,BEASLEY PARK _HAMILTON_DOWNTOWN_,2-Methyl-1-butene,1998-07-16T00:00,0.064,µg/m³,VOC,
60512,BEASLEY PARK _HAMILTON_DOWNTOWN_,2-Methyl-1-butene,1998-07-22T00:00,0.106,µg/m³,VOC,
60512,BEASLEY PARK _HAMILTON_DOWNTOWN_,2-Methyl-1-butene,1998-07-28T00:00,0.087,µg/m³,VOC,
60512,BEASLEY PARK _HAMILTON_DOWNTOWN_,2-Methyl-1-butene,1998-08-03T00:00,0.106,µg/m³,VOC,
60512,BEASLEY PARK _HAMILTON_DOWNTOWN_,2-Methyl-1-butene,1998-08-09T00:00,0.175,µg/m³,VOC,
60512,BEASLEY PARK _HAMILTON_DOWNTOWN_,2-Methyl-1-butene,1998-08-15T00:00,0.122,µg/m³,VOC,
60512,BEASLEY PARK _HAMILTON_DOWNTOWN_,2-Methyl-1-butene,1998-08-21T00:00,0.188,µg/m³,VOC,
60512,BEASLEY PARK _HAMILTON_DOWNTOWN_,2-Methyl-1-butene,1998-08-27T00:00,0.250,µg/m³,VOC,
60512,BEASLEY PARK _HAMILTON_DOWNTOWN_,2-Methyl-1-butene,1998-09-02T00:00,0.000,µg/m³,VOC,
60512,BEASLEY PARK _HAMILTON_DOWNTOWN_,2-Methyl-1-butene,1998-09-08T00:00,0.117,µg/m³,VOC,
60512,BEASLEY PARK _HAMILTON_DOWNTOWN_,2-Methyl-1-butene,1998-09-14T00:00,0.465,µg/m³,VOC,
60512,BEASLEY PARK _HAMILTON_DOWNTOWN_,2-Methyl-1-butene,1998-09-20T00:00,0.000,µg/m³,VOC,
60512,BEASLEY PARK _HAMILTON_DOWNTOWN_,2-Methyl-1-butene,1998-09-26T00:00,0.186,µg/m³,VOC,
60512,BEASLEY PARK _HAMILTON_DOWNTOWN_,2-Methyl-1-butene,1998-10-02T00:00,0.152,µg/m³,VOC,
60512,BEASLEY PARK _HAMILTON_DOWNTOWN_,2-Methyl-1-butene,1998-10-08T00:00,0.000,µg/m³,VOC,
60512,BEASLEY PARK _HAMILTON_DOWNTOWN_,2-Methyl-1-butene,1998-10-14T00:00,0.072,µg/m³,VOC,
60512,BEASLEY PARK _HAMILTON_DOWNTOWN_,2-Methyl-1-butene,1998-10-20T00:00,0.112,µg/m³,VOC,
60512,BEASLEY PARK _HAMILTON_DOWNTOWN_,2-Methyl-1-butene,1998-10-26T00:00,0.337,µg/m³,VOC,
60512,BEASLEY PARK _HAMILTON_DOWNTOWN_,2-Methyl-1-butene,1998-11-01T00:00,0.000,µg/m³,VOC,
60512,BEASLEY PARK _HAMILTON_DOWNTOWN_,2-Methyl-1-butene,1998-11-07T00:00,0.111,µg/m³,VOC,
60512,BEASLEY PARK _HAMILTON_DOWNTOWN_,2-Methyl-1-butene,1998-11-13T00:00,0.160,µg/m³,VOC,
60512,BEASLEY PARK _HAMILTON_DOWNTOWN_,2-Methyl-1-butene,1998-11-19T00:00,1.194,µg/m³,VOC,
60512,BEASLEY PARK _HAMILTON_DOWNTOWN_,2-Methyl-1-butene,1998-11-25T00:00,0.816,µg/m³,VOC,
60512,BEASLEY PARK _HAMILTON_DOWNTOWN_,2-Methyl-1-butene,1998-12-01T00:00,0.100,µg/m³,VOC,
60512,BEASLEY PARK _HAMILTON_DOWNTOWN_,2-Methyl-1-butene,1998-12-07T00:00,0.000,µg/m³,VOC,
60512,BEASLEY PARK _HAMILTON_DOWNTOWN_,2-Methyl-1-butene,1998-12-13T00:00,0.000,µg/m³,VOC,
60512,BEASLEY PARK _HAMILTON_DOWNTOWN_,2-Methyl-1-butene,1998-12-19T00:00,0.000,µg/m³,VOC,
60512,BEASLEY PARK _HAMILTON_DOWNTOWN_,2-Methyl-1-butene,1998-12-25T00:00,0.000,µg/m³,VOC,
60512,BEASLEY PARK _HAMILTON_DOWNTOWN_,2-Methyl-1-butene,1998-12-31T00:00,0.000,µg/m³,VOC,
