﻿NAPS_Site_ID,Station_Name,Pollutant,Date,Value,Units,Report_Type,Method
90228,CALGARY CENTRAL-2,Octane,2015-01-05T19:00,0.119,µg/m³,VOC,N/A
90228,CALGARY CENTRAL-2,Octane,2015-01-11T19:00,0.123,µg/m³,VOC,N/A
90228,CALGARY CENTRAL-2,Octane,2015-01-17T19:00,0.064,µg/m³,VOC,N/A
90228,CALGARY CENTRAL-2,Octane,2015-01-23T19:00,0.033,µg/m³,VOC,N/A
90228,CALGARY CENTRAL-2,Octane,2015-01-29T19:00,0.106,µg/m³,VOC,N/A
90228,CALGARY CENTRAL-2,Octane,2015-02-04T19:00,0.122,µg/m³,VOC,N/A
90228,CALGARY CENTRAL-2,Octane,2015-02-10T19:00,0.117,µg/m³,VOC,N/A
90228,CALGARY CENTRAL-2,Octane,2015-02-16T19:00,0.111,µg/m³,VOC,N/A
90228,CALGARY CENTRAL-2,Octane,2015-02-22T19:00,0.054,µg/m³,VOC,N/A
90228,CALGARY CENTRAL-2,Octane,2015-02-28T19:00,0.033,µg/m³,VOC,N/A
90228,CALGARY CENTRAL-2,Octane,2015-03-06T19:00,0.067,µg/m³,VOC,N/A
90228,CALGARY CENTRAL-2,Octane,2015-03-12T20:00,0.058,µg/m³,VOC,N/A
90228,CALGARY CENTRAL-2,Octane,2015-03-18T20:00,0.074,µg/m³,VOC,N/A
90228,CALGARY CENTRAL-2,Octane,2015-03-24T20:00,0.063,µg/m³,VOC,N/A
