﻿NAPS_Site_ID,Station_Name,Pollutant,Date,Value,Units,Report_Type,Method
40208,CHAMPLAIN HEIGHTS SCHOOL,Naphthalene,2012-01-04T00:00,0.011,µg/m³,VOC,
40208,CHAMPLAIN HEIGHTS SCHOOL,Naphthalene,2012-01-10T00:00,0.012,µg/m³,VOC,
40208,CHAMPLAIN HEIGHTS SCHOOL,Naphthalene,2012-02-09T00:00,0.075,µg/m³,VOC,
40208,CHAMPLAIN HEIGHTS SCHOOL,Naphthalene,2012-02-15T00:00,0.108,µg/m³,VOC,
40208,CHAMPLAIN HEIGHTS SCHOOL,Naphthalene,2012-02-21T00:00,0.138,µg/m³,VOC,
40208,CHAMPLAIN HEIGHTS SCHOOL,Naphthalene,2012-02-27T00:00,0.012,µg/m³,VOC,
40208,CHAMPLAIN HEIGHTS SCHOOL,Naphthalene,2012-03-04T00:00,0.228,µg/m³,VOC,
40208,CHAMPLAIN HEIGHTS SCHOOL,Naphthalene,2012-03-10T00:00,0.094,µg/m³,VOC,
40208,CHAMPLAIN HEIGHTS SCHOOL,Naphthalene,2012-03-16T00:00,0.062,µg/m³,VOC,
40208,CHAMPLAIN HEIGHTS SCHOOL,Naphthalene,2012-03-22T00:00,0.400,µg/m³,VOC,
40208,CHAMPLAIN HEIGHTS SCHOOL,Naphthalene,2012-03-28T00:00,0.088,µg/m³,VOC,
40208,CHAMPLAIN HEIGHTS SCHOOL,Naphthalene,2012-04-03T00:00,0.043,µg/m³,VOC,
40208,CHAMPLAIN HEIGHTS SCHOOL,Naphthalene,2012-04-09T00:00,0.257,µg/m³,VOC,
40208,CHAMPLAIN HEIGHTS SCHOOL,Naphthalene,2012-04-15T00:00,0.121,µg/m³,VOC,
40208,CHAMPLAIN HEIGHTS SCHOOL,Naphthalene,2012-04-21T00:00,0.185,µg/m³,VOC,
40208,CHAMPLAIN HEIGHTS SCHOOL,Naphthalene,2012-04-27T00:00,0.070,µg/m³,VOC,
40208,CHAMPLAIN HEIGHTS SCHOOL,Naphthalene,2012-05-03T00:00,0.088,µg/m³,VOC,
40208,CHAMPLAIN HEIGHTS SCHOOL,Naphthalene,2012-05-09T00:00,0.194,µg/m³,VOC,
40208,CHAMPLAIN HEIGHTS SCHOOL,Naphthalene,2012-05-15T00:00,0.074,µg/m³,VOC,
40208,CHAMPLAIN HEIGHTS SCHOOL,Naphthalene,2012-05-21T00:00,0.168,µg/m³,VOC,
40208,CHAMPLAIN HEIGHTS SCHOOL,Naphthalene,2012-05-27T00:00,0.085,µg/m³,VOC,
40208,CHAMPLAIN HEIGHTS SCHOOL,Naphthalene,2012-06-02T00:00,0.086,µg/m³,VOC,
40208,CHAMPLAIN HEIGHTS SCHOOL,Naphthalene,2012-06-08T00:00,0.257,µg/m³,VOC,
40208,CHAMPLAIN HEIGHTS SCHOOL,Naphthalene,2012-06-14T00:00,0.096,µg/m³,VOC,
40208,CHAMPLAIN HEIGHTS SCHOOL,Naphthalene,2012-06-20T00:00,0.427,µg/m³,VOC,
40208,CHAMPLAIN HEIGHTS SCHOOL,Naphthalene,2012-06-26T00:00,0.065,µg/m³,VOC,
40208,CHAMPLAIN HEIGHTS SCHOOL,Naphthalene,2012-07-02T00:00,0.233,µg/m³,VOC,
40208,CHAMPLAIN HEIGHTS SCHOOL,Naphthalene,2012-07-20T00:00,0.089,µg/m³,VOC,
40208,CHAMPLAIN HEIGHTS SCHOOL,Naphthalene,2012-07-26T00:00,0.264,µg/m³,VOC,
40208,CHAMPLAIN HEIGHTS SCHOOL,Naphthalene,2012-08-01T00:00,0.079,µg/m³,VOC,
40208,CHAMPLAIN HEIGHTS SCHOOL,Naphthalene,2012-08-07T00:00,0.177,µg/m³,VOC,
40208,CHAMPLAIN HEIGHTS SCHOOL,Naphthalene,2012-08-13T00:00,0.199,µg/m³,VOC,
40208,CHAMPLAIN HEIGHTS SCHOOL,Naphthalene,2012-08-19T00:00,0.175,µg/m³,VOC,
40208,CHAMPLAIN HEIGHTS SCHOOL,Naphthalene,2012-08-25T00:00,0.217,µg/m³,VOC,
40208,CHAMPLAIN HEIGHTS SCHOOL,Naphthalene,2012-08-31T00:00,0.628,µg/m³,VOC,
40208,CHAMPLAIN HEIGHTS SCHOOL,Naphthalene,2012-09-06T00:00,0.043,µg/m³,VOC,
40208,CHAMPLAIN HEIGHTS SCHOOL,Naphthalene,2012-09-18T00:00,0.147,µg/m³,VOC,
40208,CHAMPLAIN HEIGHTS SCHOOL,Naphthalene,2012-09-24T00:00,0.090,µg/m³,VOC,
40208,CHAMPLAIN HEIGHTS SCHOOL,Naphthalene,2012-09-30T00:00,0.040,µg/m³,VOC,
40208,CHAMPLAIN HEIGHTS SCHOOL,Naphthalene,2012-10-06T00:00,0.232,µg/m³,VOC,
40208,CHAMPLAIN HEIGHTS SCHOOL,Naphthalene,2012-10-18T00:00,0.166,µg/m³,VOC,
40208,CHAMPLAIN HEIGHTS SCHOOL,Naphthalene,2012-10-24T00:00,0.032,µg/m³,VOC,
40208,CHAMPLAIN HEIGHTS SCHOOL,Naphthalene,2012-10-30T00:00,0.018,µg/m³,VOC,
40208,CHAMPLAIN HEIGHTS SCHOOL,Naphthalene,2012-11-05T00:00,0.035,µg/m³,VOC,
40208,CHAMPLAIN HEIGHTS SCHOOL,Naphthalene,2012-11-11T00:00,0.065,µg/m³,VOC,
40208,CHAMPLAIN HEIGHTS SCHOOL,Naphthalene,2012-11-17T00:00,0.066,µg/m³,VOC,
40208,CHAMPLAIN HEIGHTS SCHOOL,Naphthalene,2012-11-23T00:00,0.181,µg/m³,VOC,
40208,CHAMPLAIN HEIGHTS SCHOOL,Naphthalene,2012-11-29T00:00,0.041,µg/m³,VOC,
40208,CHAMPLAIN HEIGHTS SCHOOL,Naphthalene,2012-12-05T00:00,0.139,µg/m³,VOC,
40208,CHAMPLAIN HEIGHTS SCHOOL,Naphthalene,2012-12-11T00:00,0.108,µg/m³,VOC,
40208,CHAMPLAIN HEIGHTS SCHOOL,Naphthalene,2012-12-17T00:00,0.013,µg/m³,VOC,
40208,CHAMPLAIN HEIGHTS SCHOOL,Naphthalene,2012-12-23T00:00,0.041,µg/m³,VOC,
40208,CHAMPLAIN HEIGHTS SCHOOL,Naphthalene,2012-12-29T00:00,0.021,µg/m³,VOC,
