﻿NAPS_Site_ID,Station_Name,Pollutant,Date,Value,Units,Report_Type,Method
61004,CENTENNIAL PARK _SARNIA_,Chlorobenzene,1990-01-05T00:00,0.084,µg/m³,VOC,GC-MS
61004,CENTENNIAL PARK _SARNIA_,Chlorobenzene,1990-01-11T00:00,0.082,µg/m³,VOC,GC-MS
61004,CENTENNIAL PARK _SARNIA_,Chlorobenzene,1990-01-17T00:00,0.111,µg/m³,VOC,GC-MS
61004,CENTENNIAL PARK _SARNIA_,Chlorobenzene,1990-01-23T00:00,0.083,µg/m³,VOC,GC-MS
61004,CENTENNIAL PARK _SARNIA_,Chlorobenzene,1990-01-29T00:00,0.114,µg/m³,VOC,GC-MS
61004,CENTENNIAL PARK _SARNIA_,Chlorobenzene,1990-02-04T00:00,0.088,µg/m³,VOC,GC-MS
61004,CENTENNIAL PARK _SARNIA_,Chlorobenzene,1990-02-10T00:00,0.000,µg/m³,VOC,GC-MS
61004,CENTENNIAL PARK _SARNIA_,Chlorobenzene,1990-02-16T00:00,0.125,µg/m³,VOC,GC-MS
61004,CENTENNIAL PARK _SARNIA_,Chlorobenzene,1990-02-22T00:00,0.154,µg/m³,VOC,GC-MS
61004,CENTENNIAL PARK _SARNIA_,Chlorobenzene,1990-02-28T00:00,0.089,µg/m³,VOC,GC-MS
61004,CENTENNIAL PARK _SARNIA_,Chlorobenzene,1990-03-06T00:00,0.000,µg/m³,VOC,GC-MS
61004,CENTENNIAL PARK _SARNIA_,Chlorobenzene,1990-03-12T00:00,0.208,µg/m³,VOC,GC-MS
61004,CENTENNIAL PARK _SARNIA_,Chlorobenzene,1990-03-18T00:00,0.102,µg/m³,VOC,GC-MS
61004,CENTENNIAL PARK _SARNIA_,Chlorobenzene,1990-03-24T00:00,0.107,µg/m³,VOC,GC-MS
61004,CENTENNIAL PARK _SARNIA_,Chlorobenzene,1990-03-30T00:00,0.112,µg/m³,VOC,GC-MS
61004,CENTENNIAL PARK _SARNIA_,Chlorobenzene,1990-04-05T00:00,0.080,µg/m³,VOC,GC-MS
61004,CENTENNIAL PARK _SARNIA_,Chlorobenzene,1990-04-11T00:00,0.043,µg/m³,VOC,GC-MS
61004,CENTENNIAL PARK _SARNIA_,Chlorobenzene,1990-04-17T00:00,0.061,µg/m³,VOC,GC-MS
61004,CENTENNIAL PARK _SARNIA_,Chlorobenzene,1990-04-23T00:00,0.044,µg/m³,VOC,GC-MS
61004,CENTENNIAL PARK _SARNIA_,Chlorobenzene,1990-04-29T00:00,0.048,µg/m³,VOC,GC-MS
61004,CENTENNIAL PARK _SARNIA_,Chlorobenzene,1990-05-05T00:00,0.084,µg/m³,VOC,GC-MS
61004,CENTENNIAL PARK _SARNIA_,Chlorobenzene,1990-05-11T00:00,0.111,µg/m³,VOC,GC-MS
61004,CENTENNIAL PARK _SARNIA_,Chlorobenzene,1990-05-17T00:00,0.058,µg/m³,VOC,GC-MS
61004,CENTENNIAL PARK _SARNIA_,Chlorobenzene,1990-05-23T00:00,0.095,µg/m³,VOC,GC-MS
61004,CENTENNIAL PARK _SARNIA_,Chlorobenzene,1990-05-29T00:00,0.056,µg/m³,VOC,GC-MS
61004,CENTENNIAL PARK _SARNIA_,Chlorobenzene,1990-06-04T00:00,0.063,µg/m³,VOC,GC-MS
61004,CENTENNIAL PARK _SARNIA_,Chlorobenzene,1990-06-10T00:00,0.075,µg/m³,VOC,GC-MS
61004,CENTENNIAL PARK _SARNIA_,Chlorobenzene,1990-06-16T00:00,0.093,µg/m³,VOC,GC-MS
61004,CENTENNIAL PARK _SARNIA_,Chlorobenzene,1990-06-28T00:00,0.053,µg/m³,VOC,GC-MS
61004,CENTENNIAL PARK _SARNIA_,Chlorobenzene,1990-07-04T00:00,0.182,µg/m³,VOC,GC-MS
61004,CENTENNIAL PARK _SARNIA_,Chlorobenzene,1990-07-10T00:00,0.071,µg/m³,VOC,GC-MS
61004,CENTENNIAL PARK _SARNIA_,Chlorobenzene,1990-07-16T00:00,0.162,µg/m³,VOC,GC-MS
61004,CENTENNIAL PARK _SARNIA_,Chlorobenzene,1990-08-03T00:00,0.077,µg/m³,VOC,GC-MS
61004,CENTENNIAL PARK _SARNIA_,Chlorobenzene,1990-08-09T00:00,0.117,µg/m³,VOC,GC-MS
61004,CENTENNIAL PARK _SARNIA_,Chlorobenzene,1990-08-15T00:00,0.084,µg/m³,VOC,GC-MS
61004,CENTENNIAL PARK _SARNIA_,Chlorobenzene,1990-08-21T00:00,0.109,µg/m³,VOC,GC-MS
61004,CENTENNIAL PARK _SARNIA_,Chlorobenzene,1990-08-27T00:00,0.127,µg/m³,VOC,GC-MS
61004,CENTENNIAL PARK _SARNIA_,Chlorobenzene,1990-09-02T00:00,0.000,µg/m³,VOC,GC-MS
61004,CENTENNIAL PARK _SARNIA_,Chlorobenzene,1990-09-08T00:00,0.000,µg/m³,VOC,GC-MS
61004,CENTENNIAL PARK _SARNIA_,Chlorobenzene,1990-09-14T00:00,0.211,µg/m³,VOC,GC-MS
61004,CENTENNIAL PARK _SARNIA_,Chlorobenzene,1990-09-20T00:00,0.046,µg/m³,VOC,GC-MS
61004,CENTENNIAL PARK _SARNIA_,Chlorobenzene,1990-09-26T00:00,0.049,µg/m³,VOC,GC-MS
61004,CENTENNIAL PARK _SARNIA_,Chlorobenzene,1990-10-02T00:00,0.086,µg/m³,VOC,GC-MS
61004,CENTENNIAL PARK _SARNIA_,Chlorobenzene,1990-10-08T00:00,0.067,µg/m³,VOC,GC-MS
61004,CENTENNIAL PARK _SARNIA_,Chlorobenzene,1990-10-14T00:00,0.099,µg/m³,VOC,GC-MS
61004,CENTENNIAL PARK _SARNIA_,Chlorobenzene,1990-10-20T00:00,0.060,µg/m³,VOC,GC-MS
61004,CENTENNIAL PARK _SARNIA_,Chlorobenzene,1990-10-26T00:00,0.000,µg/m³,VOC,GC-MS
61004,CENTENNIAL PARK _SARNIA_,Chlorobenzene,1990-11-01T00:00,0.096,µg/m³,VOC,GC-MS
61004,CENTENNIAL PARK _SARNIA_,Chlorobenzene,1990-11-19T00:00,0.063,µg/m³,VOC,GC-MS
61004,CENTENNIAL PARK _SARNIA_,Chlorobenzene,1990-11-25T00:00,0.069,µg/m³,VOC,GC-MS
61004,CENTENNIAL PARK _SARNIA_,Chlorobenzene,1990-12-01T00:00,0.090,µg/m³,VOC,GC-MS
61004,CENTENNIAL PARK _SARNIA_,Chlorobenzene,1990-12-07T00:00,0.086,µg/m³,VOC,GC-MS
61004,CENTENNIAL PARK _SARNIA_,Chlorobenzene,1990-12-13T00:00,0.000,µg/m³,VOC,GC-MS
61004,CENTENNIAL PARK _SARNIA_,Chlorobenzene,1990-12-19T00:00,0.069,µg/m³,VOC,GC-MS
61004,CENTENNIAL PARK _SARNIA_,Chlorobenzene,1990-12-25T00:00,0.000,µg/m³,VOC,GC-MS
