﻿NAPS_Site_ID,Station_Name,Pollutant,Date,Value,Units,Report_Type,Method
60101,HYDRO BLDG.,Benzaldehyde,1999-01-06T00:00,0.282,µg/m³,VOC,GC-MS
60101,HYDRO BLDG.,Benzaldehyde,1999-01-12T00:00,0.206,µg/m³,VOC,GC-MS
60101,HYDRO BLDG.,Benzaldehyde,1999-01-18T00:00,0.196,µg/m³,VOC,GC-MS
60101,HYDRO BLDG.,Benzaldehyde,1999-01-24T00:00,0.183,µg/m³,VOC,GC-MS
60101,HYDRO BLDG.,Benzaldehyde,1999-01-30T00:00,0.186,µg/m³,VOC,GC-MS
60101,HYDRO BLDG.,Benzaldehyde,1999-02-05T00:00,0.125,µg/m³,VOC,GC-MS
60101,HYDRO BLDG.,Benzaldehyde,1999-02-11T00:00,0.180,µg/m³,VOC,GC-MS
60101,HYDRO BLDG.,Benzaldehyde,1999-02-17T00:00,0.302,µg/m³,VOC,GC-MS
60101,HYDRO BLDG.,Benzaldehyde,1999-02-23T00:00,0.259,µg/m³,VOC,GC-MS
60101,HYDRO BLDG.,Benzaldehyde,1999-03-01T00:00,0.153,µg/m³,VOC,GC-MS
60101,HYDRO BLDG.,Benzaldehyde,1999-03-07T00:00,0.045,µg/m³,VOC,GC-MS
60101,HYDRO BLDG.,Benzaldehyde,1999-03-13T00:00,0.064,µg/m³,VOC,GC-MS
60101,HYDRO BLDG.,Benzaldehyde,1999-03-19T00:00,0.115,µg/m³,VOC,GC-MS
60101,HYDRO BLDG.,Benzaldehyde,1999-03-25T00:00,0.176,µg/m³,VOC,GC-MS
60101,HYDRO BLDG.,Benzaldehyde,1999-03-31T00:00,0.268,µg/m³,VOC,GC-MS
60101,HYDRO BLDG.,Benzaldehyde,1999-04-06T00:00,0.233,µg/m³,VOC,GC-MS
60101,HYDRO BLDG.,Benzaldehyde,1999-04-12T00:00,0.120,µg/m³,VOC,GC-MS
60101,HYDRO BLDG.,Benzaldehyde,1999-04-18T00:00,0.093,µg/m³,VOC,GC-MS
60101,HYDRO BLDG.,Benzaldehyde,1999-04-24T00:00,0.089,µg/m³,VOC,GC-MS
60101,HYDRO BLDG.,Benzaldehyde,1999-04-30T00:00,0.188,µg/m³,VOC,GC-MS
60101,HYDRO BLDG.,Benzaldehyde,1999-05-06T00:00,0.504,µg/m³,VOC,GC-MS
60101,HYDRO BLDG.,Benzaldehyde,1999-06-11T00:00,0.594,µg/m³,VOC,GC-MS
60101,HYDRO BLDG.,Benzaldehyde,1999-06-17T00:00,0.159,µg/m³,VOC,GC-MS
60101,HYDRO BLDG.,Benzaldehyde,1999-06-23T00:00,0.350,µg/m³,VOC,GC-MS
60101,HYDRO BLDG.,Benzaldehyde,1999-06-29T00:00,0.484,µg/m³,VOC,GC-MS
60101,HYDRO BLDG.,Benzaldehyde,1999-07-05T00:00,0.102,µg/m³,VOC,GC-MS
60101,HYDRO BLDG.,Benzaldehyde,1999-07-11T00:00,0.120,µg/m³,VOC,GC-MS
60101,HYDRO BLDG.,Benzaldehyde,1999-07-17T00:00,0.000,µg/m³,VOC,GC-MS
60101,HYDRO BLDG.,Benzaldehyde,1999-07-23T00:00,0.372,µg/m³,VOC,GC-MS
60101,HYDRO BLDG.,Benzaldehyde,1999-07-29T00:00,0.243,µg/m³,VOC,GC-MS
60101,HYDRO BLDG.,Benzaldehyde,1999-08-04T00:00,0.310,µg/m³,VOC,GC-MS
60101,HYDRO BLDG.,Benzaldehyde,1999-08-10T00:00,0.261,µg/m³,VOC,GC-MS
60101,HYDRO BLDG.,Benzaldehyde,1999-08-16T00:00,0.352,µg/m³,VOC,GC-MS
60101,HYDRO BLDG.,Benzaldehyde,1999-08-22T00:00,0.370,µg/m³,VOC,GC-MS
60101,HYDRO BLDG.,Benzaldehyde,1999-08-28T00:00,0.441,µg/m³,VOC,GC-MS
60101,HYDRO BLDG.,Benzaldehyde,1999-09-03T00:00,0.694,µg/m³,VOC,GC-MS
60101,HYDRO BLDG.,Benzaldehyde,1999-09-09T00:00,0.582,µg/m³,VOC,GC-MS
60101,HYDRO BLDG.,Benzaldehyde,1999-09-15T00:00,0.366,µg/m³,VOC,GC-MS
60101,HYDRO BLDG.,Benzaldehyde,1999-09-21T00:00,0.100,µg/m³,VOC,GC-MS
60101,HYDRO BLDG.,Benzaldehyde,1999-09-27T00:00,0.560,µg/m³,VOC,GC-MS
60101,HYDRO BLDG.,Benzaldehyde,1999-10-03T00:00,0.103,µg/m³,VOC,GC-MS
60101,HYDRO BLDG.,Benzaldehyde,1999-10-09T00:00,0.380,µg/m³,VOC,GC-MS
60101,HYDRO BLDG.,Benzaldehyde,1999-10-15T00:00,0.271,µg/m³,VOC,GC-MS
60101,HYDRO BLDG.,Benzaldehyde,1999-10-21T00:00,0.264,µg/m³,VOC,GC-MS
60101,HYDRO BLDG.,Benzaldehyde,1999-10-27T00:00,0.119,µg/m³,VOC,GC-MS
60101,HYDRO BLDG.,Benzaldehyde,1999-11-02T00:00,0.460,µg/m³,VOC,GC-MS
60101,HYDRO BLDG.,Benzaldehyde,1999-11-08T00:00,0.192,µg/m³,VOC,GC-MS
60101,HYDRO BLDG.,Benzaldehyde,1999-11-14T00:00,0.141,µg/m³,VOC,GC-MS
60101,HYDRO BLDG.,Benzaldehyde,1999-11-20T00:00,0.312,µg/m³,VOC,GC-MS
60101,HYDRO BLDG.,Benzaldehyde,1999-11-26T00:00,0.188,µg/m³,VOC,GC-MS
60101,HYDRO BLDG.,Benzaldehyde,1999-12-02T00:00,0.386,µg/m³,VOC,GC-MS
60101,HYDRO BLDG.,Benzaldehyde,1999-12-08T00:00,0.183,µg/m³,VOC,GC-MS
60101,HYDRO BLDG.,Benzaldehyde,1999-12-14T00:00,0.081,µg/m³,VOC,GC-MS
60101,HYDRO BLDG.,Benzaldehyde,1999-12-20T00:00,0.189,µg/m³,VOC,GC-MS
60101,HYDRO BLDG.,Benzaldehyde,1999-12-26T00:00,0.064,µg/m³,VOC,GC-MS
