﻿NAPS_Site_ID,Station_Name,Pollutant,Date,Value,Units,Report_Type,Method
100137,BURNABY NORTH,Undecane,2008-01-01T00:00,1.224,µg/m³,VOC,
100137,BURNABY NORTH,Undecane,2008-01-07T00:00,0.234,µg/m³,VOC,
100137,BURNABY NORTH,Undecane,2008-01-13T00:00,0.522,µg/m³,VOC,
100137,BURNABY NORTH,Undecane,2008-01-19T00:00,0.820,µg/m³,VOC,
100137,BURNABY NORTH,Undecane,2008-01-25T00:00,0.983,µg/m³,VOC,
100137,BURNABY NORTH,Undecane,2008-01-31T00:00,0.543,µg/m³,VOC,
100137,BURNABY NORTH,Undecane,2008-02-06T00:00,0.592,µg/m³,VOC,
100137,BURNABY NORTH,Undecane,2008-02-12T00:00,0.624,µg/m³,VOC,
100137,BURNABY NORTH,Undecane,2008-02-18T00:00,1.722,µg/m³,VOC,
100137,BURNABY NORTH,Undecane,2008-02-24T00:00,0.894,µg/m³,VOC,
100137,BURNABY NORTH,Undecane,2008-03-01T00:00,0.254,µg/m³,VOC,
100137,BURNABY NORTH,Undecane,2008-03-07T00:00,0.848,µg/m³,VOC,
100137,BURNABY NORTH,Undecane,2008-03-13T00:00,0.730,µg/m³,VOC,
100137,BURNABY NORTH,Undecane,2008-03-19T00:00,0.495,µg/m³,VOC,
100137,BURNABY NORTH,Undecane,2008-03-25T00:00,0.540,µg/m³,VOC,
100137,BURNABY NORTH,Undecane,2008-03-31T00:00,0.477,µg/m³,VOC,
100137,BURNABY NORTH,Undecane,2008-04-06T00:00,0.899,µg/m³,VOC,
100137,BURNABY NORTH,Undecane,2008-04-12T00:00,1.462,µg/m³,VOC,
100137,BURNABY NORTH,Undecane,2008-04-18T00:00,0.223,µg/m³,VOC,
100137,BURNABY NORTH,Undecane,2008-04-24T00:00,0.302,µg/m³,VOC,
100137,BURNABY NORTH,Undecane,2008-04-30T00:00,0.395,µg/m³,VOC,
100137,BURNABY NORTH,Undecane,2008-05-12T00:00,0.823,µg/m³,VOC,
100137,BURNABY NORTH,Undecane,2008-05-18T00:00,0.754,µg/m³,VOC,
100137,BURNABY NORTH,Undecane,2008-05-24T00:00,0.998,µg/m³,VOC,
100137,BURNABY NORTH,Undecane,2008-05-30T00:00,0.207,µg/m³,VOC,
100137,BURNABY NORTH,Undecane,2008-06-05T00:00,0.248,µg/m³,VOC,
100137,BURNABY NORTH,Undecane,2008-06-11T00:00,0.489,µg/m³,VOC,
100137,BURNABY NORTH,Undecane,2008-06-17T00:00,0.422,µg/m³,VOC,
100137,BURNABY NORTH,Undecane,2008-06-23T00:00,0.411,µg/m³,VOC,
100137,BURNABY NORTH,Undecane,2008-06-29T00:00,1.525,µg/m³,VOC,
100137,BURNABY NORTH,Undecane,2008-07-05T00:00,0.385,µg/m³,VOC,
100137,BURNABY NORTH,Undecane,2008-07-11T00:00,0.755,µg/m³,VOC,
100137,BURNABY NORTH,Undecane,2008-07-17T00:00,0.669,µg/m³,VOC,
100137,BURNABY NORTH,Undecane,2008-07-23T00:00,0.143,µg/m³,VOC,
100137,BURNABY NORTH,Undecane,2008-07-29T00:00,0.678,µg/m³,VOC,
100137,BURNABY NORTH,Undecane,2008-08-04T00:00,0.783,µg/m³,VOC,
100137,BURNABY NORTH,Undecane,2008-08-10T00:00,0.405,µg/m³,VOC,
100137,BURNABY NORTH,Undecane,2008-08-16T00:00,1.973,µg/m³,VOC,
100137,BURNABY NORTH,Undecane,2008-08-22T00:00,0.960,µg/m³,VOC,
100137,BURNABY NORTH,Undecane,2008-08-28T00:00,0.347,µg/m³,VOC,
100137,BURNABY NORTH,Undecane,2008-09-03T00:00,0.677,µg/m³,VOC,
100137,BURNABY NORTH,Undecane,2008-09-21T00:00,0.350,µg/m³,VOC,
100137,BURNABY NORTH,Undecane,2008-09-27T00:00,0.543,µg/m³,VOC,
100137,BURNABY NORTH,Undecane,2008-10-03T00:00,0.107,µg/m³,VOC,
100137,BURNABY NORTH,Undecane,2008-10-09T00:00,0.280,µg/m³,VOC,
100137,BURNABY NORTH,Undecane,2008-10-21T00:00,1.104,µg/m³,VOC,
100137,BURNABY NORTH,Undecane,2008-10-27T00:00,1.234,µg/m³,VOC,
100137,BURNABY NORTH,Undecane,2008-11-02T00:00,0.572,µg/m³,VOC,
100137,BURNABY NORTH,Undecane,2008-11-08T00:00,0.047,µg/m³,VOC,
100137,BURNABY NORTH,Undecane,2008-11-14T00:00,1.304,µg/m³,VOC,
100137,BURNABY NORTH,Undecane,2008-11-20T00:00,0.904,µg/m³,VOC,
100137,BURNABY NORTH,Undecane,2008-11-26T00:00,1.306,µg/m³,VOC,
100137,BURNABY NORTH,Undecane,2008-12-02T00:00,0.447,µg/m³,VOC,
100137,BURNABY NORTH,Undecane,2008-12-08T00:00,1.240,µg/m³,VOC,
100137,BURNABY NORTH,Undecane,2008-12-14T00:00,0.821,µg/m³,VOC,
100137,BURNABY NORTH,Undecane,2008-12-20T00:00,0.153,µg/m³,VOC,
100137,BURNABY NORTH,Undecane,2008-12-26T00:00,0.095,µg/m³,VOC,
