﻿NAPS_Site_ID,Station_Name,Pollutant,Date,Value,Units,Report_Type,Method
63201,HWY 47 & HWY 48 _YORK_REGION_,m and p-Xylene,1999-01-06T00:00,1.464,µg/m³,VOC,
63201,HWY 47 & HWY 48 _YORK_REGION_,m and p-Xylene,1999-01-12T00:00,1.670,µg/m³,VOC,
63201,HWY 47 & HWY 48 _YORK_REGION_,m and p-Xylene,1999-01-18T00:00,2.244,µg/m³,VOC,
63201,HWY 47 & HWY 48 _YORK_REGION_,m and p-Xylene,1999-01-24T00:00,0.456,µg/m³,VOC,
63201,HWY 47 & HWY 48 _YORK_REGION_,m and p-Xylene,1999-01-30T00:00,0.980,µg/m³,VOC,
63201,HWY 47 & HWY 48 _YORK_REGION_,m and p-Xylene,1999-02-05T00:00,1.160,µg/m³,VOC,
63201,HWY 47 & HWY 48 _YORK_REGION_,m and p-Xylene,1999-02-11T00:00,2.170,µg/m³,VOC,
63201,HWY 47 & HWY 48 _YORK_REGION_,m and p-Xylene,1999-02-17T00:00,1.930,µg/m³,VOC,
63201,HWY 47 & HWY 48 _YORK_REGION_,m and p-Xylene,1999-02-23T00:00,0.260,µg/m³,VOC,
63201,HWY 47 & HWY 48 _YORK_REGION_,m and p-Xylene,1999-03-01T00:00,0.870,µg/m³,VOC,
63201,HWY 47 & HWY 48 _YORK_REGION_,m and p-Xylene,1999-03-07T00:00,0.260,µg/m³,VOC,
63201,HWY 47 & HWY 48 _YORK_REGION_,m and p-Xylene,1999-03-13T00:00,0.240,µg/m³,VOC,
63201,HWY 47 & HWY 48 _YORK_REGION_,m and p-Xylene,1999-03-19T00:00,0.270,µg/m³,VOC,
63201,HWY 47 & HWY 48 _YORK_REGION_,m and p-Xylene,1999-03-25T00:00,0.250,µg/m³,VOC,
63201,HWY 47 & HWY 48 _YORK_REGION_,m and p-Xylene,1999-03-31T00:00,2.040,µg/m³,VOC,
63201,HWY 47 & HWY 48 _YORK_REGION_,m and p-Xylene,1999-04-06T00:00,0.630,µg/m³,VOC,
63201,HWY 47 & HWY 48 _YORK_REGION_,m and p-Xylene,1999-04-12T00:00,0.200,µg/m³,VOC,
63201,HWY 47 & HWY 48 _YORK_REGION_,m and p-Xylene,1999-04-18T00:00,0.260,µg/m³,VOC,
63201,HWY 47 & HWY 48 _YORK_REGION_,m and p-Xylene,1999-04-24T00:00,0.190,µg/m³,VOC,
63201,HWY 47 & HWY 48 _YORK_REGION_,m and p-Xylene,1999-04-30T00:00,0.860,µg/m³,VOC,
63201,HWY 47 & HWY 48 _YORK_REGION_,m and p-Xylene,1999-05-06T00:00,0.780,µg/m³,VOC,
63201,HWY 47 & HWY 48 _YORK_REGION_,m and p-Xylene,1999-05-12T00:00,1.120,µg/m³,VOC,
63201,HWY 47 & HWY 48 _YORK_REGION_,m and p-Xylene,1999-05-18T00:00,0.980,µg/m³,VOC,
63201,HWY 47 & HWY 48 _YORK_REGION_,m and p-Xylene,1999-05-24T00:00,0.410,µg/m³,VOC,
63201,HWY 47 & HWY 48 _YORK_REGION_,m and p-Xylene,1999-05-30T00:00,2.010,µg/m³,VOC,
63201,HWY 47 & HWY 48 _YORK_REGION_,m and p-Xylene,1999-06-05T00:00,1.170,µg/m³,VOC,
63201,HWY 47 & HWY 48 _YORK_REGION_,m and p-Xylene,1999-06-11T00:00,1.070,µg/m³,VOC,
63201,HWY 47 & HWY 48 _YORK_REGION_,m and p-Xylene,1999-06-17T00:00,0.636,µg/m³,VOC,
63201,HWY 47 & HWY 48 _YORK_REGION_,m and p-Xylene,1999-06-23T00:00,2.660,µg/m³,VOC,
63201,HWY 47 & HWY 48 _YORK_REGION_,m and p-Xylene,1999-06-29T00:00,0.690,µg/m³,VOC,
63201,HWY 47 & HWY 48 _YORK_REGION_,m and p-Xylene,1999-07-05T00:00,0.660,µg/m³,VOC,
63201,HWY 47 & HWY 48 _YORK_REGION_,m and p-Xylene,1999-07-11T00:00,0.530,µg/m³,VOC,
63201,HWY 47 & HWY 48 _YORK_REGION_,m and p-Xylene,1999-07-17T00:00,0.760,µg/m³,VOC,
63201,HWY 47 & HWY 48 _YORK_REGION_,m and p-Xylene,1999-07-23T00:00,0.770,µg/m³,VOC,
63201,HWY 47 & HWY 48 _YORK_REGION_,m and p-Xylene,1999-07-29T00:00,0.880,µg/m³,VOC,
63201,HWY 47 & HWY 48 _YORK_REGION_,m and p-Xylene,1999-08-04T00:00,15.560,µg/m³,VOC,
63201,HWY 47 & HWY 48 _YORK_REGION_,m and p-Xylene,1999-08-10T00:00,2.040,µg/m³,VOC,
63201,HWY 47 & HWY 48 _YORK_REGION_,m and p-Xylene,1999-08-16T00:00,3.390,µg/m³,VOC,
63201,HWY 47 & HWY 48 _YORK_REGION_,m and p-Xylene,1999-08-22T00:00,0.820,µg/m³,VOC,
63201,HWY 47 & HWY 48 _YORK_REGION_,m and p-Xylene,1999-08-28T00:00,0.790,µg/m³,VOC,
63201,HWY 47 & HWY 48 _YORK_REGION_,m and p-Xylene,1999-09-03T00:00,1.250,µg/m³,VOC,
63201,HWY 47 & HWY 48 _YORK_REGION_,m and p-Xylene,1999-09-09T00:00,2.760,µg/m³,VOC,
63201,HWY 47 & HWY 48 _YORK_REGION_,m and p-Xylene,1999-09-15T00:00,3.670,µg/m³,VOC,
63201,HWY 47 & HWY 48 _YORK_REGION_,m and p-Xylene,1999-09-21T00:00,0.720,µg/m³,VOC,
63201,HWY 47 & HWY 48 _YORK_REGION_,m and p-Xylene,1999-09-27T00:00,2.530,µg/m³,VOC,
63201,HWY 47 & HWY 48 _YORK_REGION_,m and p-Xylene,1999-10-03T00:00,0.470,µg/m³,VOC,
63201,HWY 47 & HWY 48 _YORK_REGION_,m and p-Xylene,1999-10-09T00:00,2.340,µg/m³,VOC,
63201,HWY 47 & HWY 48 _YORK_REGION_,m and p-Xylene,1999-10-15T00:00,1.970,µg/m³,VOC,
63201,HWY 47 & HWY 48 _YORK_REGION_,m and p-Xylene,1999-10-21T00:00,4.190,µg/m³,VOC,
63201,HWY 47 & HWY 48 _YORK_REGION_,m and p-Xylene,1999-10-27T00:00,1.450,µg/m³,VOC,
63201,HWY 47 & HWY 48 _YORK_REGION_,m and p-Xylene,1999-11-02T00:00,1.810,µg/m³,VOC,
63201,HWY 47 & HWY 48 _YORK_REGION_,m and p-Xylene,1999-11-08T00:00,1.630,µg/m³,VOC,
63201,HWY 47 & HWY 48 _YORK_REGION_,m and p-Xylene,1999-11-14T00:00,0.600,µg/m³,VOC,
63201,HWY 47 & HWY 48 _YORK_REGION_,m and p-Xylene,1999-11-20T00:00,1.290,µg/m³,VOC,
63201,HWY 47 & HWY 48 _YORK_REGION_,m and p-Xylene,1999-11-26T00:00,0.920,µg/m³,VOC,
63201,HWY 47 & HWY 48 _YORK_REGION_,m and p-Xylene,1999-12-02T00:00,5.360,µg/m³,VOC,
63201,HWY 47 & HWY 48 _YORK_REGION_,m and p-Xylene,1999-12-08T00:00,4.530,µg/m³,VOC,
63201,HWY 47 & HWY 48 _YORK_REGION_,m and p-Xylene,1999-12-14T00:00,0.310,µg/m³,VOC,
63201,HWY 47 & HWY 48 _YORK_REGION_,m and p-Xylene,1999-12-20T00:00,1.210,µg/m³,VOC,
63201,HWY 47 & HWY 48 _YORK_REGION_,m and p-Xylene,1999-12-26T00:00,0.330,µg/m³,VOC,
