﻿NAPS_Site_ID,Station_Name,Pollutant,Date,Value,Units,Report_Type,Method
100119,BURNABY SOUTH,D-Limonene,2012-01-04T00:00,0.059,µg/m³,VOC,
100119,BURNABY SOUTH,D-Limonene,2012-01-10T00:00,0.155,µg/m³,VOC,
100119,BURNABY SOUTH,D-Limonene,2012-01-16T00:00,0.196,µg/m³,VOC,
100119,BURNABY SOUTH,D-Limonene,2012-01-22T00:00,0.026,µg/m³,VOC,
100119,BURNABY SOUTH,D-Limonene,2012-01-28T00:00,0.078,µg/m³,VOC,
100119,BURNABY SOUTH,D-Limonene,2012-02-03T00:00,0.336,µg/m³,VOC,
100119,BURNABY SOUTH,D-Limonene,2012-02-09T00:00,0.253,µg/m³,VOC,
100119,BURNABY SOUTH,D-Limonene,2012-02-15T00:00,0.194,µg/m³,VOC,
100119,BURNABY SOUTH,D-Limonene,2012-02-21T00:00,0.296,µg/m³,VOC,
100119,BURNABY SOUTH,D-Limonene,2012-02-27T00:00,0.095,µg/m³,VOC,
100119,BURNABY SOUTH,D-Limonene,2012-03-04T00:00,0.045,µg/m³,VOC,
100119,BURNABY SOUTH,D-Limonene,2012-03-10T00:00,0.060,µg/m³,VOC,
100119,BURNABY SOUTH,D-Limonene,2012-03-16T00:00,0.053,µg/m³,VOC,
100119,BURNABY SOUTH,D-Limonene,2012-03-22T00:00,0.055,µg/m³,VOC,
100119,BURNABY SOUTH,D-Limonene,2012-03-28T00:00,0.132,µg/m³,VOC,
100119,BURNABY SOUTH,D-Limonene,2012-04-03T00:00,0.157,µg/m³,VOC,
100119,BURNABY SOUTH,D-Limonene,2012-04-09T00:00,0.123,µg/m³,VOC,
100119,BURNABY SOUTH,D-Limonene,2012-04-15T00:00,0.053,µg/m³,VOC,
100119,BURNABY SOUTH,D-Limonene,2012-04-21T00:00,0.061,µg/m³,VOC,
100119,BURNABY SOUTH,D-Limonene,2012-04-27T00:00,0.063,µg/m³,VOC,
100119,BURNABY SOUTH,D-Limonene,2012-05-03T00:00,0.098,µg/m³,VOC,
100119,BURNABY SOUTH,D-Limonene,2012-05-09T00:00,0.008,µg/m³,VOC,
100119,BURNABY SOUTH,D-Limonene,2012-05-15T00:00,0.122,µg/m³,VOC,
100119,BURNABY SOUTH,D-Limonene,2012-05-21T00:00,0.049,µg/m³,VOC,
100119,BURNABY SOUTH,D-Limonene,2012-05-27T00:00,0.019,µg/m³,VOC,
100119,BURNABY SOUTH,D-Limonene,2012-06-02T00:00,0.045,µg/m³,VOC,
100119,BURNABY SOUTH,D-Limonene,2012-06-08T00:00,0.076,µg/m³,VOC,
100119,BURNABY SOUTH,D-Limonene,2012-06-14T00:00,0.073,µg/m³,VOC,
100119,BURNABY SOUTH,D-Limonene,2012-06-20T00:00,0.342,µg/m³,VOC,
100119,BURNABY SOUTH,D-Limonene,2012-06-26T00:00,0.086,µg/m³,VOC,
100119,BURNABY SOUTH,D-Limonene,2012-07-02T00:00,0.055,µg/m³,VOC,
100119,BURNABY SOUTH,D-Limonene,2012-07-08T00:00,0.048,µg/m³,VOC,
100119,BURNABY SOUTH,D-Limonene,2012-07-14T00:00,0.066,µg/m³,VOC,
100119,BURNABY SOUTH,D-Limonene,2012-07-20T00:00,0.091,µg/m³,VOC,
100119,BURNABY SOUTH,D-Limonene,2012-07-26T00:00,0.160,µg/m³,VOC,
100119,BURNABY SOUTH,D-Limonene,2012-08-01T00:00,0.065,µg/m³,VOC,
100119,BURNABY SOUTH,D-Limonene,2012-08-07T00:00,0.103,µg/m³,VOC,
100119,BURNABY SOUTH,D-Limonene,2012-08-13T00:00,0.090,µg/m³,VOC,
100119,BURNABY SOUTH,D-Limonene,2012-08-19T00:00,0.047,µg/m³,VOC,
100119,BURNABY SOUTH,D-Limonene,2012-08-25T00:00,0.168,µg/m³,VOC,
100119,BURNABY SOUTH,D-Limonene,2012-08-31T00:00,0.132,µg/m³,VOC,
100119,BURNABY SOUTH,D-Limonene,2012-09-06T00:00,0.255,µg/m³,VOC,
100119,BURNABY SOUTH,D-Limonene,2012-09-12T00:00,0.132,µg/m³,VOC,
100119,BURNABY SOUTH,D-Limonene,2012-09-18T00:00,0.256,µg/m³,VOC,
100119,BURNABY SOUTH,D-Limonene,2012-09-24T00:00,0.314,µg/m³,VOC,
100119,BURNABY SOUTH,D-Limonene,2012-09-30T00:00,0.159,µg/m³,VOC,
100119,BURNABY SOUTH,D-Limonene,2012-10-06T00:00,0.084,µg/m³,VOC,
100119,BURNABY SOUTH,D-Limonene,2012-10-12T00:00,0.122,µg/m³,VOC,
100119,BURNABY SOUTH,D-Limonene,2012-10-18T00:00,0.224,µg/m³,VOC,
100119,BURNABY SOUTH,D-Limonene,2012-10-24T00:00,0.221,µg/m³,VOC,
100119,BURNABY SOUTH,D-Limonene,2012-10-30T00:00,0.161,µg/m³,VOC,
100119,BURNABY SOUTH,D-Limonene,2012-11-05T00:00,0.250,µg/m³,VOC,
100119,BURNABY SOUTH,D-Limonene,2012-11-11T00:00,0.100,µg/m³,VOC,
100119,BURNABY SOUTH,D-Limonene,2012-11-17T00:00,0.056,µg/m³,VOC,
100119,BURNABY SOUTH,D-Limonene,2012-11-23T00:00,0.379,µg/m³,VOC,
100119,BURNABY SOUTH,D-Limonene,2012-11-29T00:00,0.088,µg/m³,VOC,
100119,BURNABY SOUTH,D-Limonene,2012-12-05T00:00,0.127,µg/m³,VOC,
100119,BURNABY SOUTH,D-Limonene,2012-12-11T00:00,0.213,µg/m³,VOC,
100119,BURNABY SOUTH,D-Limonene,2012-12-17T00:00,0.109,µg/m³,VOC,
