﻿NAPS_Site_ID,Station_Name,Pollutant,Date,Value,Units,Report_Type,Method
100110,KENSINGTON PARK,OCDF,1996-05-27T00:00,0.040,pg/m³,PCDD,
100110,KENSINGTON PARK,OCDF,1996-06-20T00:00,0.000,pg/m³,PCDD,
100110,KENSINGTON PARK,OCDF,1996-07-08T00:00,0.103,pg/m³,PCDD,
100110,KENSINGTON PARK,OCDF,1996-08-31T00:00,0.027,pg/m³,PCDD,
100110,KENSINGTON PARK,OCDF,1996-09-24T00:00,0.000,pg/m³,PCDD,
100110,KENSINGTON PARK,OCDF,1996-10-18T00:00,0.012,pg/m³,PCDD,
100110,KENSINGTON PARK,OCDF,1996-11-11T00:00,0.027,pg/m³,PCDD,
100110,KENSINGTON PARK,OCDF,1996-12-05T00:00,0.000,pg/m³,PCDD,
100110,KENSINGTON PARK,OCDF,1996-12-29T00:00,0.048,pg/m³,PCDD,
