﻿NAPS_Site_ID,Station_Name,Pollutant,Date,Value,Units,Report_Type,Method
50902,SAGUENAY-PARC POWELL,Chrysene,2001-01-01T00:00,0.000,µg/m³,PAH,
50902,SAGUENAY-PARC POWELL,Chrysene,2001-01-13T00:00,0.021,µg/m³,PAH,
50902,SAGUENAY-PARC POWELL,Chrysene,2001-01-25T00:00,0.003,µg/m³,PAH,
50902,SAGUENAY-PARC POWELL,Chrysene,2001-02-06T00:00,0.016,µg/m³,PAH,
50902,SAGUENAY-PARC POWELL,Chrysene,2001-03-02T00:00,0.001,µg/m³,PAH,
50902,SAGUENAY-PARC POWELL,Chrysene,2001-03-14T00:00,0.001,µg/m³,PAH,
50902,SAGUENAY-PARC POWELL,Chrysene,2001-03-26T00:00,0.000,µg/m³,PAH,
50902,SAGUENAY-PARC POWELL,Chrysene,2001-04-07T00:00,0.216,µg/m³,PAH,
50902,SAGUENAY-PARC POWELL,Chrysene,2001-04-19T00:00,0.000,µg/m³,PAH,
50902,SAGUENAY-PARC POWELL,Chrysene,2001-05-01T00:00,0.049,µg/m³,PAH,
50902,SAGUENAY-PARC POWELL,Chrysene,2001-05-13T00:00,0.001,µg/m³,PAH,
50902,SAGUENAY-PARC POWELL,Chrysene,2001-05-25T00:00,0.124,µg/m³,PAH,
50902,SAGUENAY-PARC POWELL,Chrysene,2001-06-06T00:00,0.003,µg/m³,PAH,
50902,SAGUENAY-PARC POWELL,Chrysene,2001-06-18T00:00,0.001,µg/m³,PAH,
50902,SAGUENAY-PARC POWELL,Chrysene,2001-06-30T00:00,0.002,µg/m³,PAH,
50902,SAGUENAY-PARC POWELL,Chrysene,2001-07-24T00:00,0.002,µg/m³,PAH,
50902,SAGUENAY-PARC POWELL,Chrysene,2001-08-05T00:00,0.023,µg/m³,PAH,
50902,SAGUENAY-PARC POWELL,Chrysene,2001-08-17T00:00,0.034,µg/m³,PAH,
50902,SAGUENAY-PARC POWELL,Chrysene,2001-09-10T00:00,0.016,µg/m³,PAH,
50902,SAGUENAY-PARC POWELL,Chrysene,2001-09-22T00:00,0.060,µg/m³,PAH,
50902,SAGUENAY-PARC POWELL,Chrysene,2001-10-04T00:00,0.056,µg/m³,PAH,
50902,SAGUENAY-PARC POWELL,Chrysene,2001-12-03T00:00,0.047,µg/m³,PAH,
50902,SAGUENAY-PARC POWELL,Chrysene,2001-12-15T00:00,0.000,µg/m³,PAH,
50902,SAGUENAY-PARC POWELL,Chrysene,2001-12-27T00:00,0.011,µg/m³,PAH,
