﻿NAPS_Site_ID,Station_Name,Pollutant,Date,Value,Units,Report_Type,Method
100121,SECOND NARROWS,2-Methylpentane,2010-01-02T00:00,0.618,µg/m³,VOC,
100121,SECOND NARROWS,2-Methylpentane,2010-01-08T00:00,1.934,µg/m³,VOC,
100121,SECOND NARROWS,2-Methylpentane,2010-01-14T00:00,0.359,µg/m³,VOC,
100121,SECOND NARROWS,2-Methylpentane,2010-01-20T00:00,1.020,µg/m³,VOC,
100121,SECOND NARROWS,2-Methylpentane,2010-01-26T00:00,1.056,µg/m³,VOC,
100121,SECOND NARROWS,2-Methylpentane,2010-02-01T00:00,0.863,µg/m³,VOC,
100121,SECOND NARROWS,2-Methylpentane,2010-02-07T00:00,0.854,µg/m³,VOC,
100121,SECOND NARROWS,2-Methylpentane,2010-02-19T00:00,1.861,µg/m³,VOC,
100121,SECOND NARROWS,2-Methylpentane,2010-03-03T00:00,0.588,µg/m³,VOC,
100121,SECOND NARROWS,2-Methylpentane,2010-03-09T00:00,0.449,µg/m³,VOC,
100121,SECOND NARROWS,2-Methylpentane,2010-03-15T00:00,0.390,µg/m³,VOC,
100121,SECOND NARROWS,2-Methylpentane,2010-03-21T00:00,0.894,µg/m³,VOC,
100121,SECOND NARROWS,2-Methylpentane,2010-03-27T00:00,0.433,µg/m³,VOC,
100121,SECOND NARROWS,2-Methylpentane,2010-04-02T00:00,0.310,µg/m³,VOC,
100121,SECOND NARROWS,2-Methylpentane,2010-04-08T00:00,0.205,µg/m³,VOC,
100121,SECOND NARROWS,2-Methylpentane,2010-04-14T00:00,0.532,µg/m³,VOC,
100121,SECOND NARROWS,2-Methylpentane,2010-04-20T00:00,0.528,µg/m³,VOC,
100121,SECOND NARROWS,2-Methylpentane,2010-04-26T00:00,0.754,µg/m³,VOC,
100121,SECOND NARROWS,2-Methylpentane,2010-05-08T00:00,0.454,µg/m³,VOC,
100121,SECOND NARROWS,2-Methylpentane,2010-05-14T00:00,0.748,µg/m³,VOC,
100121,SECOND NARROWS,2-Methylpentane,2010-05-20T00:00,0.310,µg/m³,VOC,
100121,SECOND NARROWS,2-Methylpentane,2010-05-26T00:00,0.415,µg/m³,VOC,
100121,SECOND NARROWS,2-Methylpentane,2010-06-01T00:00,0.722,µg/m³,VOC,
100121,SECOND NARROWS,2-Methylpentane,2010-06-07T00:00,0.379,µg/m³,VOC,
100121,SECOND NARROWS,2-Methylpentane,2010-06-13T00:00,0.635,µg/m³,VOC,
100121,SECOND NARROWS,2-Methylpentane,2010-06-19T00:00,0.653,µg/m³,VOC,
100121,SECOND NARROWS,2-Methylpentane,2010-06-25T00:00,1.074,µg/m³,VOC,
