﻿NAPS_Site_ID,Station_Name,Pollutant,Date,Value,Units,Report_Type,Method
60512,BEASLEY PARK _HAMILTON_DOWNTOWN_,Camphene,2014-01-04T19:00,0.008,µg/m³,VOC,
60512,BEASLEY PARK _HAMILTON_DOWNTOWN_,Camphene,2014-01-10T19:00,0.038,µg/m³,VOC,
60512,BEASLEY PARK _HAMILTON_DOWNTOWN_,Camphene,2014-01-16T19:00,0.010,µg/m³,VOC,
60512,BEASLEY PARK _HAMILTON_DOWNTOWN_,Camphene,2014-01-22T19:00,0.007,µg/m³,VOC,
60512,BEASLEY PARK _HAMILTON_DOWNTOWN_,Camphene,2014-01-28T19:00,0.000,µg/m³,VOC,
60512,BEASLEY PARK _HAMILTON_DOWNTOWN_,Camphene,2014-02-03T19:00,0.023,µg/m³,VOC,
60512,BEASLEY PARK _HAMILTON_DOWNTOWN_,Camphene,2014-02-09T19:00,0.004,µg/m³,VOC,
60512,BEASLEY PARK _HAMILTON_DOWNTOWN_,Camphene,2014-02-15T19:00,0.000,µg/m³,VOC,
60512,BEASLEY PARK _HAMILTON_DOWNTOWN_,Camphene,2014-02-21T19:00,0.000,µg/m³,VOC,
60512,BEASLEY PARK _HAMILTON_DOWNTOWN_,Camphene,2014-02-27T19:00,0.000,µg/m³,VOC,
60512,BEASLEY PARK _HAMILTON_DOWNTOWN_,Camphene,2014-03-05T19:00,0.000,µg/m³,VOC,
60512,BEASLEY PARK _HAMILTON_DOWNTOWN_,Camphene,2014-03-11T20:00,0.011,µg/m³,VOC,
60512,BEASLEY PARK _HAMILTON_DOWNTOWN_,Camphene,2014-03-17T20:00,0.000,µg/m³,VOC,
60512,BEASLEY PARK _HAMILTON_DOWNTOWN_,Camphene,2014-03-23T20:00,0.003,µg/m³,VOC,
60512,BEASLEY PARK _HAMILTON_DOWNTOWN_,Camphene,2014-03-29T20:00,0.005,µg/m³,VOC,
60512,BEASLEY PARK _HAMILTON_DOWNTOWN_,Camphene,2014-04-04T20:00,0.012,µg/m³,VOC,
60512,BEASLEY PARK _HAMILTON_DOWNTOWN_,Camphene,2014-04-10T20:00,0.014,µg/m³,VOC,
60512,BEASLEY PARK _HAMILTON_DOWNTOWN_,Camphene,2014-04-16T20:00,0.006,µg/m³,VOC,
60512,BEASLEY PARK _HAMILTON_DOWNTOWN_,Camphene,2014-04-22T20:00,0.016,µg/m³,VOC,
60512,BEASLEY PARK _HAMILTON_DOWNTOWN_,Camphene,2014-04-28T20:00,0.009,µg/m³,VOC,
60512,BEASLEY PARK _HAMILTON_DOWNTOWN_,Camphene,2014-05-04T20:00,0.022,µg/m³,VOC,
60512,BEASLEY PARK _HAMILTON_DOWNTOWN_,Camphene,2014-05-10T20:00,0.030,µg/m³,VOC,
60512,BEASLEY PARK _HAMILTON_DOWNTOWN_,Camphene,2014-05-16T20:00,0.013,µg/m³,VOC,
60512,BEASLEY PARK _HAMILTON_DOWNTOWN_,Camphene,2014-05-22T20:00,0.026,µg/m³,VOC,
60512,BEASLEY PARK _HAMILTON_DOWNTOWN_,Camphene,2014-05-28T20:00,0.010,µg/m³,VOC,
60512,BEASLEY PARK _HAMILTON_DOWNTOWN_,Camphene,2014-06-03T20:00,0.019,µg/m³,VOC,
60512,BEASLEY PARK _HAMILTON_DOWNTOWN_,Camphene,2014-06-09T20:00,0.034,µg/m³,VOC,
60512,BEASLEY PARK _HAMILTON_DOWNTOWN_,Camphene,2014-06-15T20:00,0.014,µg/m³,VOC,
60512,BEASLEY PARK _HAMILTON_DOWNTOWN_,Camphene,2014-06-21T20:00,0.047,µg/m³,VOC,
60512,BEASLEY PARK _HAMILTON_DOWNTOWN_,Camphene,2014-06-27T20:00,0.023,µg/m³,VOC,
60512,BEASLEY PARK _HAMILTON_DOWNTOWN_,Camphene,2014-07-03T20:00,0.033,µg/m³,VOC,
60512,BEASLEY PARK _HAMILTON_DOWNTOWN_,Camphene,2014-07-09T20:00,0.045,µg/m³,VOC,
60512,BEASLEY PARK _HAMILTON_DOWNTOWN_,Camphene,2014-07-15T20:00,0.026,µg/m³,VOC,
60512,BEASLEY PARK _HAMILTON_DOWNTOWN_,Camphene,2014-07-21T20:00,0.033,µg/m³,VOC,
60512,BEASLEY PARK _HAMILTON_DOWNTOWN_,Camphene,2014-07-27T20:00,0.078,µg/m³,VOC,
60512,BEASLEY PARK _HAMILTON_DOWNTOWN_,Camphene,2014-08-02T20:00,0.060,µg/m³,VOC,
60512,BEASLEY PARK _HAMILTON_DOWNTOWN_,Camphene,2014-08-08T20:00,0.033,µg/m³,VOC,
60512,BEASLEY PARK _HAMILTON_DOWNTOWN_,Camphene,2014-08-14T20:00,0.014,µg/m³,VOC,
60512,BEASLEY PARK _HAMILTON_DOWNTOWN_,Camphene,2014-08-20T20:00,0.033,µg/m³,VOC,
60512,BEASLEY PARK _HAMILTON_DOWNTOWN_,Camphene,2014-08-26T20:00,0.021,µg/m³,VOC,
60512,BEASLEY PARK _HAMILTON_DOWNTOWN_,Camphene,2014-09-01T20:00,0.035,µg/m³,VOC,
60512,BEASLEY PARK _HAMILTON_DOWNTOWN_,Camphene,2014-09-07T20:00,0.048,µg/m³,VOC,
60512,BEASLEY PARK _HAMILTON_DOWNTOWN_,Camphene,2014-09-13T20:00,0.020,µg/m³,VOC,
60512,BEASLEY PARK _HAMILTON_DOWNTOWN_,Camphene,2014-09-19T20:00,0.010,µg/m³,VOC,
60512,BEASLEY PARK _HAMILTON_DOWNTOWN_,Camphene,2014-09-25T20:00,0.033,µg/m³,VOC,
60512,BEASLEY PARK _HAMILTON_DOWNTOWN_,Camphene,2014-10-01T20:00,0.011,µg/m³,VOC,
60512,BEASLEY PARK _HAMILTON_DOWNTOWN_,Camphene,2014-10-07T20:00,0.013,µg/m³,VOC,
60512,BEASLEY PARK _HAMILTON_DOWNTOWN_,Camphene,2014-10-13T20:00,0.037,µg/m³,VOC,
60512,BEASLEY PARK _HAMILTON_DOWNTOWN_,Camphene,2014-10-19T20:00,0.010,µg/m³,VOC,
60512,BEASLEY PARK _HAMILTON_DOWNTOWN_,Camphene,2014-10-25T20:00,0.030,µg/m³,VOC,
60512,BEASLEY PARK _HAMILTON_DOWNTOWN_,Camphene,2014-10-31T20:00,0.190,µg/m³,VOC,
60512,BEASLEY PARK _HAMILTON_DOWNTOWN_,Camphene,2014-11-06T19:00,0.113,µg/m³,VOC,
60512,BEASLEY PARK _HAMILTON_DOWNTOWN_,Camphene,2014-11-12T19:00,0.012,µg/m³,VOC,
60512,BEASLEY PARK _HAMILTON_DOWNTOWN_,Camphene,2014-11-18T19:00,0.005,µg/m³,VOC,
60512,BEASLEY PARK _HAMILTON_DOWNTOWN_,Camphene,2014-11-24T19:00,0.027,µg/m³,VOC,
60512,BEASLEY PARK _HAMILTON_DOWNTOWN_,Camphene,2014-11-30T19:00,0.016,µg/m³,VOC,
60512,BEASLEY PARK _HAMILTON_DOWNTOWN_,Camphene,2014-12-06T19:00,0.017,µg/m³,VOC,
60512,BEASLEY PARK _HAMILTON_DOWNTOWN_,Camphene,2014-12-12T19:00,0.017,µg/m³,VOC,
60512,BEASLEY PARK _HAMILTON_DOWNTOWN_,Camphene,2014-12-18T19:00,0.023,µg/m³,VOC,
60512,BEASLEY PARK _HAMILTON_DOWNTOWN_,Camphene,2014-12-24T19:00,0.024,µg/m³,VOC,
60512,BEASLEY PARK _HAMILTON_DOWNTOWN_,Camphene,2014-12-30T19:00,0.000,µg/m³,VOC,
