﻿NAPS_Site_ID,Station_Name,Pollutant,Date,Value,Units,Report_Type,Method
61602,BRONTE RD. & WOBURN CRES. _OAKVILLE_,Hexane,2003-01-03T00:00,0.554,µg/m³,VOC,GC-MS
61602,BRONTE RD. & WOBURN CRES. _OAKVILLE_,Hexane,2003-01-09T00:00,2.440,µg/m³,VOC,GC-MS
61602,BRONTE RD. & WOBURN CRES. _OAKVILLE_,Hexane,2003-01-15T00:00,10.611,µg/m³,VOC,GC-MS
61602,BRONTE RD. & WOBURN CRES. _OAKVILLE_,Hexane,2003-01-21T00:00,0.541,µg/m³,VOC,GC-MS
61602,BRONTE RD. & WOBURN CRES. _OAKVILLE_,Hexane,2003-01-27T00:00,7.115,µg/m³,VOC,GC-MS
61602,BRONTE RD. & WOBURN CRES. _OAKVILLE_,Hexane,2003-02-02T00:00,0.382,µg/m³,VOC,GC-MS
61602,BRONTE RD. & WOBURN CRES. _OAKVILLE_,Hexane,2003-02-26T00:00,1.378,µg/m³,VOC,GC-MS
61602,BRONTE RD. & WOBURN CRES. _OAKVILLE_,Hexane,2003-03-04T00:00,3.703,µg/m³,VOC,GC-MS
61602,BRONTE RD. & WOBURN CRES. _OAKVILLE_,Hexane,2003-03-10T00:00,2.543,µg/m³,VOC,GC-MS
61602,BRONTE RD. & WOBURN CRES. _OAKVILLE_,Hexane,2003-03-16T00:00,8.193,µg/m³,VOC,GC-MS
61602,BRONTE RD. & WOBURN CRES. _OAKVILLE_,Hexane,2003-03-22T00:00,4.708,µg/m³,VOC,GC-MS
61602,BRONTE RD. & WOBURN CRES. _OAKVILLE_,Hexane,2003-03-28T00:00,0.252,µg/m³,VOC,GC-MS
61602,BRONTE RD. & WOBURN CRES. _OAKVILLE_,Hexane,2003-04-03T00:00,0.125,µg/m³,VOC,GC-MS
61602,BRONTE RD. & WOBURN CRES. _OAKVILLE_,Hexane,2003-06-08T00:00,0.966,µg/m³,VOC,GC-MS
61602,BRONTE RD. & WOBURN CRES. _OAKVILLE_,Hexane,2003-06-14T00:00,2.905,µg/m³,VOC,GC-MS
61602,BRONTE RD. & WOBURN CRES. _OAKVILLE_,Hexane,2003-06-26T00:00,6.042,µg/m³,VOC,GC-MS
61602,BRONTE RD. & WOBURN CRES. _OAKVILLE_,Hexane,2003-07-02T00:00,5.667,µg/m³,VOC,GC-MS
61602,BRONTE RD. & WOBURN CRES. _OAKVILLE_,Hexane,2003-07-08T00:00,2.952,µg/m³,VOC,GC-MS
61602,BRONTE RD. & WOBURN CRES. _OAKVILLE_,Hexane,2003-07-14T00:00,3.028,µg/m³,VOC,GC-MS
61602,BRONTE RD. & WOBURN CRES. _OAKVILLE_,Hexane,2003-07-20T00:00,3.287,µg/m³,VOC,GC-MS
61602,BRONTE RD. & WOBURN CRES. _OAKVILLE_,Hexane,2003-07-26T00:00,4.693,µg/m³,VOC,GC-MS
61602,BRONTE RD. & WOBURN CRES. _OAKVILLE_,Hexane,2003-08-01T00:00,0.975,µg/m³,VOC,GC-MS
61602,BRONTE RD. & WOBURN CRES. _OAKVILLE_,Hexane,2003-08-07T00:00,0.730,µg/m³,VOC,GC-MS
61602,BRONTE RD. & WOBURN CRES. _OAKVILLE_,Hexane,2003-08-13T00:00,2.508,µg/m³,VOC,GC-MS
61602,BRONTE RD. & WOBURN CRES. _OAKVILLE_,Hexane,2003-08-19T00:00,6.654,µg/m³,VOC,GC-MS
61602,BRONTE RD. & WOBURN CRES. _OAKVILLE_,Hexane,2003-08-25T00:00,2.251,µg/m³,VOC,GC-MS
61602,BRONTE RD. & WOBURN CRES. _OAKVILLE_,Hexane,2003-08-31T00:00,1.015,µg/m³,VOC,GC-MS
61602,BRONTE RD. & WOBURN CRES. _OAKVILLE_,Hexane,2003-09-06T00:00,2.133,µg/m³,VOC,GC-MS
61602,BRONTE RD. & WOBURN CRES. _OAKVILLE_,Hexane,2003-09-12T00:00,1.705,µg/m³,VOC,GC-MS
61602,BRONTE RD. & WOBURN CRES. _OAKVILLE_,Hexane,2003-09-18T00:00,0.600,µg/m³,VOC,GC-MS
61602,BRONTE RD. & WOBURN CRES. _OAKVILLE_,Hexane,2003-09-24T00:00,1.938,µg/m³,VOC,GC-MS
61602,BRONTE RD. & WOBURN CRES. _OAKVILLE_,Hexane,2003-09-30T00:00,4.205,µg/m³,VOC,GC-MS
61602,BRONTE RD. & WOBURN CRES. _OAKVILLE_,Hexane,2003-10-06T00:00,5.523,µg/m³,VOC,GC-MS
61602,BRONTE RD. & WOBURN CRES. _OAKVILLE_,Hexane,2003-10-12T00:00,6.309,µg/m³,VOC,GC-MS
61602,BRONTE RD. & WOBURN CRES. _OAKVILLE_,Hexane,2003-10-18T00:00,1.644,µg/m³,VOC,GC-MS
61602,BRONTE RD. & WOBURN CRES. _OAKVILLE_,Hexane,2003-10-24T00:00,2.294,µg/m³,VOC,GC-MS
61602,BRONTE RD. & WOBURN CRES. _OAKVILLE_,Hexane,2003-10-30T00:00,1.372,µg/m³,VOC,GC-MS
61602,BRONTE RD. & WOBURN CRES. _OAKVILLE_,Hexane,2003-11-05T00:00,1.607,µg/m³,VOC,GC-MS
61602,BRONTE RD. & WOBURN CRES. _OAKVILLE_,Hexane,2003-11-11T00:00,3.313,µg/m³,VOC,GC-MS
61602,BRONTE RD. & WOBURN CRES. _OAKVILLE_,Hexane,2003-11-17T00:00,0.338,µg/m³,VOC,GC-MS
61602,BRONTE RD. & WOBURN CRES. _OAKVILLE_,Hexane,2003-11-23T00:00,0.869,µg/m³,VOC,GC-MS
61602,BRONTE RD. & WOBURN CRES. _OAKVILLE_,Hexane,2003-11-29T00:00,2.335,µg/m³,VOC,GC-MS
61602,BRONTE RD. & WOBURN CRES. _OAKVILLE_,Hexane,2003-12-05T00:00,0.161,µg/m³,VOC,GC-MS
61602,BRONTE RD. & WOBURN CRES. _OAKVILLE_,Hexane,2003-12-11T00:00,1.408,µg/m³,VOC,GC-MS
61602,BRONTE RD. & WOBURN CRES. _OAKVILLE_,Hexane,2003-12-17T00:00,6.984,µg/m³,VOC,GC-MS
61602,BRONTE RD. & WOBURN CRES. _OAKVILLE_,Hexane,2003-12-23T00:00,3.314,µg/m³,VOC,GC-MS
