﻿NAPS_Site_ID,Station_Name,Pollutant,Date,Value,Units,Report_Type,Method
62601,EXPERIMENTAL FARM _SIMCOE_,13C6-PCP,2001-01-01T00:00,0.076,µg/m³,HCB,N/A
62601,EXPERIMENTAL FARM _SIMCOE_,13C6-PCP,2001-01-13T00:00,0.110,µg/m³,HCB,N/A
62601,EXPERIMENTAL FARM _SIMCOE_,13C6-PCP,2001-01-25T00:00,0.050,µg/m³,HCB,N/A
62601,EXPERIMENTAL FARM _SIMCOE_,13C6-PCP,2001-02-06T00:00,0.093,µg/m³,HCB,N/A
62601,EXPERIMENTAL FARM _SIMCOE_,13C6-PCP,2001-03-14T00:00,0.075,µg/m³,HCB,N/A
62601,EXPERIMENTAL FARM _SIMCOE_,13C6-PCP,2001-03-26T00:00,0.042,µg/m³,HCB,N/A
62601,EXPERIMENTAL FARM _SIMCOE_,13C6-PCP,2001-04-07T00:00,0.064,µg/m³,HCB,N/A
62601,EXPERIMENTAL FARM _SIMCOE_,13C6-PCP,2001-04-19T00:00,0.045,µg/m³,HCB,N/A
62601,EXPERIMENTAL FARM _SIMCOE_,13C6-PCP,2001-05-01T00:00,0.090,µg/m³,HCB,N/A
62601,EXPERIMENTAL FARM _SIMCOE_,13C6-PCP,2001-05-13T00:00,0.103,µg/m³,HCB,N/A
62601,EXPERIMENTAL FARM _SIMCOE_,13C6-PCP,2001-05-25T00:00,0.078,µg/m³,HCB,N/A
62601,EXPERIMENTAL FARM _SIMCOE_,13C6-PCP,2001-06-06T00:00,0.083,µg/m³,HCB,N/A
62601,EXPERIMENTAL FARM _SIMCOE_,13C6-PCP,2001-06-30T00:00,0.085,µg/m³,HCB,N/A
62601,EXPERIMENTAL FARM _SIMCOE_,13C6-PCP,2001-07-24T00:00,0.027,µg/m³,HCB,N/A
62601,EXPERIMENTAL FARM _SIMCOE_,13C6-PCP,2001-08-05T00:00,0.090,µg/m³,HCB,N/A
62601,EXPERIMENTAL FARM _SIMCOE_,13C6-PCP,2001-08-17T00:00,0.086,µg/m³,HCB,N/A
62601,EXPERIMENTAL FARM _SIMCOE_,13C6-PCP,2001-08-29T00:00,0.086,µg/m³,HCB,N/A
62601,EXPERIMENTAL FARM _SIMCOE_,13C6-PCP,2001-09-10T00:00,0.097,µg/m³,HCB,N/A
62601,EXPERIMENTAL FARM _SIMCOE_,13C6-PCP,2001-09-22T00:00,0.103,µg/m³,HCB,N/A
62601,EXPERIMENTAL FARM _SIMCOE_,13C6-PCP,2001-10-04T00:00,0.088,µg/m³,HCB,N/A
62601,EXPERIMENTAL FARM _SIMCOE_,13C6-PCP,2001-10-28T00:00,0.076,µg/m³,HCB,N/A
