﻿NAPS_Site_ID,Station_Name,Pollutant,Date,Value,Units,Report_Type,Method
60512,BEASLEY PARK _HAMILTON_DOWNTOWN_,Acetylene,2011-01-03T00:00,0.773,µg/m³,VOC,GC-FID
60512,BEASLEY PARK _HAMILTON_DOWNTOWN_,Acetylene,2011-01-09T00:00,0.774,µg/m³,VOC,GC-FID
60512,BEASLEY PARK _HAMILTON_DOWNTOWN_,Acetylene,2011-01-15T00:00,1.390,µg/m³,VOC,GC-FID
60512,BEASLEY PARK _HAMILTON_DOWNTOWN_,Acetylene,2011-01-21T00:00,0.904,µg/m³,VOC,GC-FID
60512,BEASLEY PARK _HAMILTON_DOWNTOWN_,Acetylene,2011-01-27T00:00,1.009,µg/m³,VOC,GC-FID
60512,BEASLEY PARK _HAMILTON_DOWNTOWN_,Acetylene,2011-02-02T00:00,1.130,µg/m³,VOC,GC-FID
60512,BEASLEY PARK _HAMILTON_DOWNTOWN_,Acetylene,2011-02-08T00:00,0.556,µg/m³,VOC,GC-FID
60512,BEASLEY PARK _HAMILTON_DOWNTOWN_,Acetylene,2011-02-14T00:00,0.464,µg/m³,VOC,GC-FID
60512,BEASLEY PARK _HAMILTON_DOWNTOWN_,Acetylene,2011-02-20T00:00,0.655,µg/m³,VOC,GC-FID
60512,BEASLEY PARK _HAMILTON_DOWNTOWN_,Acetylene,2011-02-26T00:00,1.364,µg/m³,VOC,GC-FID
60512,BEASLEY PARK _HAMILTON_DOWNTOWN_,Acetylene,2011-03-04T00:00,1.460,µg/m³,VOC,GC-FID
60512,BEASLEY PARK _HAMILTON_DOWNTOWN_,Acetylene,2011-03-10T00:00,1.361,µg/m³,VOC,GC-FID
60512,BEASLEY PARK _HAMILTON_DOWNTOWN_,Acetylene,2011-03-16T00:00,1.208,µg/m³,VOC,GC-FID
60512,BEASLEY PARK _HAMILTON_DOWNTOWN_,Acetylene,2011-03-22T00:00,0.813,µg/m³,VOC,GC-FID
60512,BEASLEY PARK _HAMILTON_DOWNTOWN_,Acetylene,2011-03-28T00:00,0.857,µg/m³,VOC,GC-FID
