﻿NAPS_Site_ID,Station_Name,Pollutant,Date,Value,Units,Report_Type,Method
61502,WEST AVE. & HOMEWOOD _KITCHENER_,Heptane,2014-01-04T19:00,0.168,µg/m³,VOC,
61502,WEST AVE. & HOMEWOOD _KITCHENER_,Heptane,2014-01-16T19:00,0.194,µg/m³,VOC,
61502,WEST AVE. & HOMEWOOD _KITCHENER_,Heptane,2014-02-03T19:00,0.116,µg/m³,VOC,
61502,WEST AVE. & HOMEWOOD _KITCHENER_,Heptane,2014-02-09T19:00,0.084,µg/m³,VOC,
61502,WEST AVE. & HOMEWOOD _KITCHENER_,Heptane,2014-02-15T19:00,0.112,µg/m³,VOC,
61502,WEST AVE. & HOMEWOOD _KITCHENER_,Heptane,2014-02-21T19:00,0.078,µg/m³,VOC,
61502,WEST AVE. & HOMEWOOD _KITCHENER_,Heptane,2014-02-27T19:00,0.148,µg/m³,VOC,
61502,WEST AVE. & HOMEWOOD _KITCHENER_,Heptane,2014-03-17T20:00,0.084,µg/m³,VOC,
61502,WEST AVE. & HOMEWOOD _KITCHENER_,Heptane,2014-03-23T20:00,0.064,µg/m³,VOC,
61502,WEST AVE. & HOMEWOOD _KITCHENER_,Heptane,2014-03-29T20:00,0.034,µg/m³,VOC,
61502,WEST AVE. & HOMEWOOD _KITCHENER_,Heptane,2014-04-04T20:00,0.032,µg/m³,VOC,
61502,WEST AVE. & HOMEWOOD _KITCHENER_,Heptane,2014-04-10T20:00,0.292,µg/m³,VOC,
61502,WEST AVE. & HOMEWOOD _KITCHENER_,Heptane,2014-04-16T20:00,0.154,µg/m³,VOC,
61502,WEST AVE. & HOMEWOOD _KITCHENER_,Heptane,2014-04-22T20:00,0.068,µg/m³,VOC,
61502,WEST AVE. & HOMEWOOD _KITCHENER_,Heptane,2014-04-28T20:00,0.164,µg/m³,VOC,
61502,WEST AVE. & HOMEWOOD _KITCHENER_,Heptane,2014-05-04T20:00,0.078,µg/m³,VOC,
61502,WEST AVE. & HOMEWOOD _KITCHENER_,Heptane,2014-05-10T20:00,0.286,µg/m³,VOC,
61502,WEST AVE. & HOMEWOOD _KITCHENER_,Heptane,2014-05-16T20:00,0.266,µg/m³,VOC,
61502,WEST AVE. & HOMEWOOD _KITCHENER_,Heptane,2014-05-22T20:00,0.066,µg/m³,VOC,
61502,WEST AVE. & HOMEWOOD _KITCHENER_,Heptane,2014-05-28T20:00,0.094,µg/m³,VOC,
61502,WEST AVE. & HOMEWOOD _KITCHENER_,Heptane,2014-06-03T20:00,0.050,µg/m³,VOC,
61502,WEST AVE. & HOMEWOOD _KITCHENER_,Heptane,2014-06-09T20:00,0.186,µg/m³,VOC,
61502,WEST AVE. & HOMEWOOD _KITCHENER_,Heptane,2014-06-15T20:00,0.214,µg/m³,VOC,
61502,WEST AVE. & HOMEWOOD _KITCHENER_,Heptane,2014-06-21T20:00,0.386,µg/m³,VOC,
61502,WEST AVE. & HOMEWOOD _KITCHENER_,Heptane,2014-06-27T20:00,0.248,µg/m³,VOC,
61502,WEST AVE. & HOMEWOOD _KITCHENER_,Heptane,2014-07-03T20:00,0.092,µg/m³,VOC,
61502,WEST AVE. & HOMEWOOD _KITCHENER_,Heptane,2014-07-09T20:00,0.344,µg/m³,VOC,
61502,WEST AVE. & HOMEWOOD _KITCHENER_,Heptane,2014-07-15T20:00,0.080,µg/m³,VOC,
61502,WEST AVE. & HOMEWOOD _KITCHENER_,Heptane,2014-07-21T20:00,0.512,µg/m³,VOC,
61502,WEST AVE. & HOMEWOOD _KITCHENER_,Heptane,2014-07-27T20:00,0.138,µg/m³,VOC,
61502,WEST AVE. & HOMEWOOD _KITCHENER_,Heptane,2014-08-02T20:00,0.198,µg/m³,VOC,
61502,WEST AVE. & HOMEWOOD _KITCHENER_,Heptane,2014-08-08T20:00,0.182,µg/m³,VOC,
61502,WEST AVE. & HOMEWOOD _KITCHENER_,Heptane,2014-08-14T20:00,0.050,µg/m³,VOC,
61502,WEST AVE. & HOMEWOOD _KITCHENER_,Heptane,2014-08-20T20:00,0.090,µg/m³,VOC,
61502,WEST AVE. & HOMEWOOD _KITCHENER_,Heptane,2014-08-26T20:00,0.084,µg/m³,VOC,
61502,WEST AVE. & HOMEWOOD _KITCHENER_,Heptane,2014-09-01T20:00,0.158,µg/m³,VOC,
61502,WEST AVE. & HOMEWOOD _KITCHENER_,Heptane,2014-09-07T20:00,0.542,µg/m³,VOC,
61502,WEST AVE. & HOMEWOOD _KITCHENER_,Heptane,2014-09-13T20:00,0.138,µg/m³,VOC,
61502,WEST AVE. & HOMEWOOD _KITCHENER_,Heptane,2014-09-19T20:00,0.240,µg/m³,VOC,
61502,WEST AVE. & HOMEWOOD _KITCHENER_,Heptane,2014-09-25T20:00,0.464,µg/m³,VOC,
61502,WEST AVE. & HOMEWOOD _KITCHENER_,Heptane,2014-10-01T20:00,0.140,µg/m³,VOC,
61502,WEST AVE. & HOMEWOOD _KITCHENER_,Heptane,2014-10-07T20:00,0.140,µg/m³,VOC,
61502,WEST AVE. & HOMEWOOD _KITCHENER_,Heptane,2014-10-13T20:00,0.114,µg/m³,VOC,
61502,WEST AVE. & HOMEWOOD _KITCHENER_,Heptane,2014-10-19T20:00,0.154,µg/m³,VOC,
61502,WEST AVE. & HOMEWOOD _KITCHENER_,Heptane,2014-10-25T20:00,0.170,µg/m³,VOC,
61502,WEST AVE. & HOMEWOOD _KITCHENER_,Heptane,2014-10-31T20:00,0.036,µg/m³,VOC,
61502,WEST AVE. & HOMEWOOD _KITCHENER_,Heptane,2014-11-06T19:00,0.090,µg/m³,VOC,
61502,WEST AVE. & HOMEWOOD _KITCHENER_,Heptane,2014-11-12T19:00,0.120,µg/m³,VOC,
61502,WEST AVE. & HOMEWOOD _KITCHENER_,Heptane,2014-11-18T19:00,0.174,µg/m³,VOC,
61502,WEST AVE. & HOMEWOOD _KITCHENER_,Heptane,2014-11-24T19:00,0.170,µg/m³,VOC,
61502,WEST AVE. & HOMEWOOD _KITCHENER_,Heptane,2014-11-30T19:00,0.148,µg/m³,VOC,
61502,WEST AVE. & HOMEWOOD _KITCHENER_,Heptane,2014-12-06T19:00,0.096,µg/m³,VOC,
61502,WEST AVE. & HOMEWOOD _KITCHENER_,Heptane,2014-12-12T19:00,0.268,µg/m³,VOC,
61502,WEST AVE. & HOMEWOOD _KITCHENER_,Heptane,2014-12-18T19:00,0.130,µg/m³,VOC,
61502,WEST AVE. & HOMEWOOD _KITCHENER_,Heptane,2014-12-24T19:00,0.166,µg/m³,VOC,
61502,WEST AVE. & HOMEWOOD _KITCHENER_,Heptane,2014-12-30T19:00,0.082,µg/m³,VOC,
