﻿NAPS_Site_ID,Station_Name,Pollutant,Date,Value,Units,Report_Type,Method
60413,CENTENNIAL PARK _ETOBICOKE WEST_,1-Pentene,2011-01-03T00:00,0.030,µg/m³,VOC,GC-MS
60413,CENTENNIAL PARK _ETOBICOKE WEST_,1-Pentene,2011-01-27T00:00,0.046,µg/m³,VOC,GC-MS
60413,CENTENNIAL PARK _ETOBICOKE WEST_,1-Pentene,2011-02-02T00:00,0.060,µg/m³,VOC,GC-MS
60413,CENTENNIAL PARK _ETOBICOKE WEST_,1-Pentene,2011-02-08T00:00,0.033,µg/m³,VOC,GC-MS
60413,CENTENNIAL PARK _ETOBICOKE WEST_,1-Pentene,2011-02-14T00:00,0.025,µg/m³,VOC,GC-MS
60413,CENTENNIAL PARK _ETOBICOKE WEST_,1-Pentene,2011-02-20T00:00,0.022,µg/m³,VOC,GC-MS
60413,CENTENNIAL PARK _ETOBICOKE WEST_,1-Pentene,2011-02-26T00:00,0.039,µg/m³,VOC,GC-MS
60413,CENTENNIAL PARK _ETOBICOKE WEST_,1-Pentene,2011-03-04T00:00,0.032,µg/m³,VOC,GC-MS
60413,CENTENNIAL PARK _ETOBICOKE WEST_,1-Pentene,2011-03-10T00:00,0.047,µg/m³,VOC,GC-MS
60413,CENTENNIAL PARK _ETOBICOKE WEST_,1-Pentene,2011-03-16T00:00,0.045,µg/m³,VOC,GC-MS
60413,CENTENNIAL PARK _ETOBICOKE WEST_,1-Pentene,2011-03-28T00:00,0.026,µg/m³,VOC,GC-MS
