﻿NAPS_Site_ID,Station_Name,Pollutant,Date,Value,Units,Report_Type,Method
60104,OTTAWA DOWNTOWN,Freon 114,2002-01-02T00:00,0.250,µg/m³,VOC,N/A
60104,OTTAWA DOWNTOWN,Freon 114,2002-01-08T00:00,0.200,µg/m³,VOC,N/A
60104,OTTAWA DOWNTOWN,Freon 114,2002-01-14T00:00,0.190,µg/m³,VOC,N/A
60104,OTTAWA DOWNTOWN,Freon 114,2002-01-20T00:00,0.180,µg/m³,VOC,N/A
60104,OTTAWA DOWNTOWN,Freon 114,2002-01-26T00:00,0.190,µg/m³,VOC,N/A
60104,OTTAWA DOWNTOWN,Freon 114,2002-02-01T00:00,0.180,µg/m³,VOC,N/A
60104,OTTAWA DOWNTOWN,Freon 114,2002-02-07T00:00,0.190,µg/m³,VOC,N/A
60104,OTTAWA DOWNTOWN,Freon 114,2002-02-13T00:00,0.140,µg/m³,VOC,N/A
60104,OTTAWA DOWNTOWN,Freon 114,2002-02-19T00:00,0.150,µg/m³,VOC,N/A
60104,OTTAWA DOWNTOWN,Freon 114,2002-02-25T00:00,0.110,µg/m³,VOC,N/A
60104,OTTAWA DOWNTOWN,Freon 114,2002-03-03T00:00,0.200,µg/m³,VOC,N/A
60104,OTTAWA DOWNTOWN,Freon 114,2002-03-09T00:00,0.160,µg/m³,VOC,N/A
60104,OTTAWA DOWNTOWN,Freon 114,2002-03-15T00:00,0.180,µg/m³,VOC,N/A
60104,OTTAWA DOWNTOWN,Freon 114,2002-03-21T00:00,0.160,µg/m³,VOC,N/A
60104,OTTAWA DOWNTOWN,Freon 114,2002-03-27T00:00,0.100,µg/m³,VOC,N/A
60104,OTTAWA DOWNTOWN,Freon 114,2002-04-02T00:00,0.110,µg/m³,VOC,N/A
60104,OTTAWA DOWNTOWN,Freon 114,2002-04-08T00:00,0.205,µg/m³,VOC,N/A
60104,OTTAWA DOWNTOWN,Freon 114,2002-04-14T00:00,0.112,µg/m³,VOC,N/A
60104,OTTAWA DOWNTOWN,Freon 114,2002-04-20T00:00,0.171,µg/m³,VOC,N/A
60104,OTTAWA DOWNTOWN,Freon 114,2002-04-26T00:00,0.201,µg/m³,VOC,N/A
60104,OTTAWA DOWNTOWN,Freon 114,2002-05-02T00:00,0.204,µg/m³,VOC,N/A
60104,OTTAWA DOWNTOWN,Freon 114,2002-05-08T00:00,0.219,µg/m³,VOC,N/A
60104,OTTAWA DOWNTOWN,Freon 114,2002-05-14T00:00,0.182,µg/m³,VOC,N/A
60104,OTTAWA DOWNTOWN,Freon 114,2002-05-20T00:00,0.179,µg/m³,VOC,N/A
60104,OTTAWA DOWNTOWN,Freon 114,2002-05-26T00:00,0.178,µg/m³,VOC,N/A
60104,OTTAWA DOWNTOWN,Freon 114,2002-06-01T00:00,0.195,µg/m³,VOC,N/A
60104,OTTAWA DOWNTOWN,Freon 114,2002-06-07T00:00,0.196,µg/m³,VOC,N/A
60104,OTTAWA DOWNTOWN,Freon 114,2002-06-13T00:00,0.192,µg/m³,VOC,N/A
60104,OTTAWA DOWNTOWN,Freon 114,2002-06-19T00:00,0.205,µg/m³,VOC,N/A
60104,OTTAWA DOWNTOWN,Freon 114,2002-06-25T00:00,0.216,µg/m³,VOC,N/A
60104,OTTAWA DOWNTOWN,Freon 114,2002-07-01T00:00,0.204,µg/m³,VOC,N/A
60104,OTTAWA DOWNTOWN,Freon 114,2002-07-07T00:00,0.223,µg/m³,VOC,N/A
60104,OTTAWA DOWNTOWN,Freon 114,2002-07-13T00:00,0.229,µg/m³,VOC,N/A
