﻿NAPS_Site_ID,Station_Name,Pollutant,Date,Value,Units,Report_Type,Method
50134,MONTRÉAL-MOLSON or MONTRÉAL-SAINT-JOSEPH,Fluoranthene,2011-01-03T00:00,0.001,µg/m³,PAH,GC-MS TP+G
50134,MONTRÉAL-MOLSON or MONTRÉAL-SAINT-JOSEPH,Fluoranthene,2011-01-15T00:00,0.002,µg/m³,PAH,GC-MS TP+G
50134,MONTRÉAL-MOLSON or MONTRÉAL-SAINT-JOSEPH,Fluoranthene,2011-01-27T00:00,0.005,µg/m³,PAH,GC-MS TP+G
50134,MONTRÉAL-MOLSON or MONTRÉAL-SAINT-JOSEPH,Fluoranthene,2011-02-20T00:00,0.001,µg/m³,PAH,GC-MS TP+G
50134,MONTRÉAL-MOLSON or MONTRÉAL-SAINT-JOSEPH,Fluoranthene,2011-03-04T00:00,0.002,µg/m³,PAH,GC-MS TP+G
50134,MONTRÉAL-MOLSON or MONTRÉAL-SAINT-JOSEPH,Fluoranthene,2011-03-16T00:00,0.002,µg/m³,PAH,GC-MS TP+G
50134,MONTRÉAL-MOLSON or MONTRÉAL-SAINT-JOSEPH,Fluoranthene,2011-03-28T00:00,0.001,µg/m³,PAH,GC-MS TP+G
50134,MONTRÉAL-MOLSON or MONTRÉAL-SAINT-JOSEPH,Fluoranthene,2011-04-09T00:00,0.002,µg/m³,PAH,GC-MS TP+G
50134,MONTRÉAL-MOLSON or MONTRÉAL-SAINT-JOSEPH,Fluoranthene,2011-04-21T00:00,0.001,µg/m³,PAH,GC-MS TP+G
50134,MONTRÉAL-MOLSON or MONTRÉAL-SAINT-JOSEPH,Fluoranthene,2011-05-03T00:00,0.001,µg/m³,PAH,GC-MS TP+G
50134,MONTRÉAL-MOLSON or MONTRÉAL-SAINT-JOSEPH,Fluoranthene,2011-05-15T00:00,0.001,µg/m³,PAH,GC-MS TP+G
50134,MONTRÉAL-MOLSON or MONTRÉAL-SAINT-JOSEPH,Fluoranthene,2011-05-27T00:00,0.001,µg/m³,PAH,GC-MS TP+G
50134,MONTRÉAL-MOLSON or MONTRÉAL-SAINT-JOSEPH,Fluoranthene,2011-06-08T00:00,0.006,µg/m³,PAH,GC-MS TP+G
50134,MONTRÉAL-MOLSON or MONTRÉAL-SAINT-JOSEPH,Fluoranthene,2011-07-02T00:00,0.005,µg/m³,PAH,GC-MS TP+G
50134,MONTRÉAL-MOLSON or MONTRÉAL-SAINT-JOSEPH,Fluoranthene,2011-07-14T00:00,0.002,µg/m³,PAH,GC-MS TP+G
50134,MONTRÉAL-MOLSON or MONTRÉAL-SAINT-JOSEPH,Fluoranthene,2011-07-26T00:00,0.002,µg/m³,PAH,GC-MS TP+G
50134,MONTRÉAL-MOLSON or MONTRÉAL-SAINT-JOSEPH,Fluoranthene,2011-08-07T00:00,0.003,µg/m³,PAH,GC-MS TP+G
50134,MONTRÉAL-MOLSON or MONTRÉAL-SAINT-JOSEPH,Fluoranthene,2011-08-19T00:00,0.005,µg/m³,PAH,GC-MS TP+G
50134,MONTRÉAL-MOLSON or MONTRÉAL-SAINT-JOSEPH,Fluoranthene,2011-08-31T00:00,0.001,µg/m³,PAH,GC-MS TP+G
50134,MONTRÉAL-MOLSON or MONTRÉAL-SAINT-JOSEPH,Fluoranthene,2011-09-12T00:00,0.004,µg/m³,PAH,GC-MS TP+G
50134,MONTRÉAL-MOLSON or MONTRÉAL-SAINT-JOSEPH,Fluoranthene,2011-09-24T00:00,0.001,µg/m³,PAH,GC-MS TP+G
50134,MONTRÉAL-MOLSON or MONTRÉAL-SAINT-JOSEPH,Fluoranthene,2011-10-06T00:00,0.001,µg/m³,PAH,GC-MS TP+G
50134,MONTRÉAL-MOLSON or MONTRÉAL-SAINT-JOSEPH,Fluoranthene,2011-11-23T00:00,0.001,µg/m³,PAH,GC-MS TP+G
