﻿NAPS_Site_ID,Station_Name,Pollutant,Date,Value,Units,Report_Type,Method
60422,33 EDGAR AVE.,"1,2,4-Trichlorobenzene",1991-01-06T00:00,0.000,µg/m³,VOC,
60422,33 EDGAR AVE.,"1,2,4-Trichlorobenzene",1991-01-11T00:00,0.000,µg/m³,VOC,
60422,33 EDGAR AVE.,"1,2,4-Trichlorobenzene",1991-01-18T00:00,0.000,µg/m³,VOC,
60422,33 EDGAR AVE.,"1,2,4-Trichlorobenzene",1991-01-30T00:00,0.000,µg/m³,VOC,
60422,33 EDGAR AVE.,"1,2,4-Trichlorobenzene",1991-02-05T00:00,0.000,µg/m³,VOC,
60422,33 EDGAR AVE.,"1,2,4-Trichlorobenzene",1991-02-11T00:00,0.000,µg/m³,VOC,
60422,33 EDGAR AVE.,"1,2,4-Trichlorobenzene",1991-02-17T00:00,0.000,µg/m³,VOC,
60422,33 EDGAR AVE.,"1,2,4-Trichlorobenzene",1991-02-23T00:00,0.000,µg/m³,VOC,
60422,33 EDGAR AVE.,"1,2,4-Trichlorobenzene",1991-03-07T00:00,0.000,µg/m³,VOC,
60422,33 EDGAR AVE.,"1,2,4-Trichlorobenzene",1991-03-19T00:00,0.000,µg/m³,VOC,
60422,33 EDGAR AVE.,"1,2,4-Trichlorobenzene",1991-03-25T00:00,0.000,µg/m³,VOC,
60422,33 EDGAR AVE.,"1,2,4-Trichlorobenzene",1991-03-31T00:00,0.000,µg/m³,VOC,
60422,33 EDGAR AVE.,"1,2,4-Trichlorobenzene",1991-04-06T00:00,0.000,µg/m³,VOC,
60422,33 EDGAR AVE.,"1,2,4-Trichlorobenzene",1991-04-12T00:00,0.000,µg/m³,VOC,
60422,33 EDGAR AVE.,"1,2,4-Trichlorobenzene",1991-04-18T00:00,0.000,µg/m³,VOC,
60422,33 EDGAR AVE.,"1,2,4-Trichlorobenzene",1991-04-24T00:00,0.000,µg/m³,VOC,
60422,33 EDGAR AVE.,"1,2,4-Trichlorobenzene",1991-04-30T00:00,0.000,µg/m³,VOC,
60422,33 EDGAR AVE.,"1,2,4-Trichlorobenzene",1991-05-06T00:00,0.000,µg/m³,VOC,
60422,33 EDGAR AVE.,"1,2,4-Trichlorobenzene",1991-05-12T00:00,0.000,µg/m³,VOC,
60422,33 EDGAR AVE.,"1,2,4-Trichlorobenzene",1991-05-24T00:00,0.000,µg/m³,VOC,
60422,33 EDGAR AVE.,"1,2,4-Trichlorobenzene",1991-05-30T00:00,0.000,µg/m³,VOC,
60422,33 EDGAR AVE.,"1,2,4-Trichlorobenzene",1991-06-05T00:00,0.000,µg/m³,VOC,
60422,33 EDGAR AVE.,"1,2,4-Trichlorobenzene",1991-06-11T00:00,0.000,µg/m³,VOC,
60422,33 EDGAR AVE.,"1,2,4-Trichlorobenzene",1991-06-17T00:00,0.000,µg/m³,VOC,
60422,33 EDGAR AVE.,"1,2,4-Trichlorobenzene",1991-09-21T00:00,0.035,µg/m³,VOC,
