﻿NAPS_Site_ID,Station_Name,Pollutant,Date,Value,Units,Report_Type,Method
40203,FOREST HILLS,cis-2-Butene,2010-01-02T00:00,0.020,µg/m³,VOC,
40203,FOREST HILLS,cis-2-Butene,2010-01-08T00:00,0.059,µg/m³,VOC,
40203,FOREST HILLS,cis-2-Butene,2010-02-08T00:00,0.019,µg/m³,VOC,
40203,FOREST HILLS,cis-2-Butene,2010-02-13T00:00,0.019,µg/m³,VOC,
40203,FOREST HILLS,cis-2-Butene,2010-02-19T00:00,0.040,µg/m³,VOC,
40203,FOREST HILLS,cis-2-Butene,2010-02-25T00:00,0.007,µg/m³,VOC,
40203,FOREST HILLS,cis-2-Butene,2010-03-03T00:00,0.009,µg/m³,VOC,
40203,FOREST HILLS,cis-2-Butene,2010-03-09T00:00,0.010,µg/m³,VOC,
40203,FOREST HILLS,cis-2-Butene,2010-03-15T00:00,0.009,µg/m³,VOC,
40203,FOREST HILLS,cis-2-Butene,2010-03-21T00:00,0.035,µg/m³,VOC,
40203,FOREST HILLS,cis-2-Butene,2010-03-27T00:00,0.013,µg/m³,VOC,
40203,FOREST HILLS,cis-2-Butene,2010-04-02T00:00,1.771,µg/m³,VOC,
40203,FOREST HILLS,cis-2-Butene,2010-04-08T00:00,0.025,µg/m³,VOC,
40203,FOREST HILLS,cis-2-Butene,2010-04-14T00:00,0.327,µg/m³,VOC,
40203,FOREST HILLS,cis-2-Butene,2010-04-20T00:00,0.019,µg/m³,VOC,
40203,FOREST HILLS,cis-2-Butene,2010-04-26T00:00,0.244,µg/m³,VOC,
40203,FOREST HILLS,cis-2-Butene,2010-05-02T00:00,0.513,µg/m³,VOC,
40203,FOREST HILLS,cis-2-Butene,2010-05-08T00:00,0.177,µg/m³,VOC,
40203,FOREST HILLS,cis-2-Butene,2010-05-14T00:00,0.160,µg/m³,VOC,
40203,FOREST HILLS,cis-2-Butene,2010-05-20T00:00,0.627,µg/m³,VOC,
40203,FOREST HILLS,cis-2-Butene,2010-05-26T00:00,0.093,µg/m³,VOC,
40203,FOREST HILLS,cis-2-Butene,2010-06-01T00:00,0.068,µg/m³,VOC,
40203,FOREST HILLS,cis-2-Butene,2010-06-19T00:00,0.691,µg/m³,VOC,
40203,FOREST HILLS,cis-2-Butene,2010-06-25T00:00,0.133,µg/m³,VOC,
40203,FOREST HILLS,cis-2-Butene,2010-07-01T00:00,0.266,µg/m³,VOC,
40203,FOREST HILLS,cis-2-Butene,2010-07-07T00:00,1.847,µg/m³,VOC,
40203,FOREST HILLS,cis-2-Butene,2010-07-07T00:00,1.847,µg/m³,VOC,
40203,FOREST HILLS,cis-2-Butene,2010-07-07T00:00,2.023,µg/m³,VOC,
40203,FOREST HILLS,cis-2-Butene,2010-07-13T00:00,0.363,µg/m³,VOC,
40203,FOREST HILLS,cis-2-Butene,2010-07-13T00:00,0.399,µg/m³,VOC,
40203,FOREST HILLS,cis-2-Butene,2010-07-19T00:00,2.187,µg/m³,VOC,
40203,FOREST HILLS,cis-2-Butene,2010-07-25T00:00,1.313,µg/m³,VOC,
40203,FOREST HILLS,cis-2-Butene,2010-07-31T00:00,0.049,µg/m³,VOC,
40203,FOREST HILLS,cis-2-Butene,2010-08-06T00:00,1.014,µg/m³,VOC,
40203,FOREST HILLS,cis-2-Butene,2010-08-12T00:00,0.090,µg/m³,VOC,
40203,FOREST HILLS,cis-2-Butene,2010-08-18T00:00,0.415,µg/m³,VOC,
40203,FOREST HILLS,cis-2-Butene,2010-10-11T00:00,0.021,µg/m³,VOC,
40203,FOREST HILLS,cis-2-Butene,2010-11-10T00:00,0.007,µg/m³,VOC,
40203,FOREST HILLS,cis-2-Butene,2010-11-16T00:00,0.026,µg/m³,VOC,
40203,FOREST HILLS,cis-2-Butene,2010-11-22T00:00,0.079,µg/m³,VOC,
40203,FOREST HILLS,cis-2-Butene,2010-11-28T00:00,0.048,µg/m³,VOC,
40203,FOREST HILLS,cis-2-Butene,2010-12-04T00:00,0.015,µg/m³,VOC,
40203,FOREST HILLS,cis-2-Butene,2010-12-10T00:00,0.119,µg/m³,VOC,
40203,FOREST HILLS,cis-2-Butene,2010-12-16T00:00,0.042,µg/m³,VOC,
40203,FOREST HILLS,cis-2-Butene,2010-12-22T00:00,0.007,µg/m³,VOC,
40203,FOREST HILLS,cis-2-Butene,2010-12-28T00:00,0.010,µg/m³,VOC,
