﻿NAPS_Site_ID,Station_Name,Pollutant,Date,Value,Units,Report_Type,Method
100137,BURNABY NORTH,Cyclohexane,2015-01-05T19:00,1.175,µg/m³,VOC,
100137,BURNABY NORTH,Cyclohexane,2015-01-11T19:00,1.359,µg/m³,VOC,
100137,BURNABY NORTH,Cyclohexane,2015-01-29T19:00,1.229,µg/m³,VOC,
100137,BURNABY NORTH,Cyclohexane,2015-02-04T19:00,0.244,µg/m³,VOC,
100137,BURNABY NORTH,Cyclohexane,2015-02-16T19:00,1.899,µg/m³,VOC,
100137,BURNABY NORTH,Cyclohexane,2015-02-22T19:00,1.080,µg/m³,VOC,
100137,BURNABY NORTH,Cyclohexane,2015-02-28T19:00,0.567,µg/m³,VOC,
100137,BURNABY NORTH,Cyclohexane,2015-03-06T19:00,2.879,µg/m³,VOC,
100137,BURNABY NORTH,Cyclohexane,2015-04-29T20:00,0.928,µg/m³,VOC,
100137,BURNABY NORTH,Cyclohexane,2015-05-05T20:00,1.080,µg/m³,VOC,
100137,BURNABY NORTH,Cyclohexane,2015-05-11T20:00,0.269,µg/m³,VOC,
100137,BURNABY NORTH,Cyclohexane,2015-05-17T20:00,3.348,µg/m³,VOC,
100137,BURNABY NORTH,Cyclohexane,2015-05-23T20:00,0.187,µg/m³,VOC,
100137,BURNABY NORTH,Cyclohexane,2015-05-29T20:00,2.047,µg/m³,VOC,
100137,BURNABY NORTH,Cyclohexane,2015-06-04T20:00,3.027,µg/m³,VOC,
100137,BURNABY NORTH,Cyclohexane,2015-06-10T20:00,0.601,µg/m³,VOC,
100137,BURNABY NORTH,Cyclohexane,2015-06-16T20:00,0.420,µg/m³,VOC,
100137,BURNABY NORTH,Cyclohexane,2015-06-22T20:00,0.764,µg/m³,VOC,
100137,BURNABY NORTH,Cyclohexane,2015-06-28T20:00,0.750,µg/m³,VOC,
100137,BURNABY NORTH,Cyclohexane,2015-07-04T20:00,2.021,µg/m³,VOC,
100137,BURNABY NORTH,Cyclohexane,2015-07-10T20:00,0.446,µg/m³,VOC,
100137,BURNABY NORTH,Cyclohexane,2015-07-16T20:00,2.943,µg/m³,VOC,
100137,BURNABY NORTH,Cyclohexane,2015-07-22T20:00,1.609,µg/m³,VOC,
100137,BURNABY NORTH,Cyclohexane,2015-08-15T20:00,2.617,µg/m³,VOC,
100137,BURNABY NORTH,Cyclohexane,2015-08-21T20:00,2.294,µg/m³,VOC,
100137,BURNABY NORTH,Cyclohexane,2015-08-27T20:00,0.699,µg/m³,VOC,
100137,BURNABY NORTH,Cyclohexane,2015-09-02T20:00,0.379,µg/m³,VOC,
100137,BURNABY NORTH,Cyclohexane,2015-09-08T20:00,0.671,µg/m³,VOC,
100137,BURNABY NORTH,Cyclohexane,2015-09-20T20:00,0.714,µg/m³,VOC,
100137,BURNABY NORTH,Cyclohexane,2015-09-26T20:00,1.731,µg/m³,VOC,
100137,BURNABY NORTH,Cyclohexane,2015-10-02T20:00,1.937,µg/m³,VOC,
100137,BURNABY NORTH,Cyclohexane,2015-10-08T20:00,1.241,µg/m³,VOC,
100137,BURNABY NORTH,Cyclohexane,2015-10-14T20:00,3.728,µg/m³,VOC,
100137,BURNABY NORTH,Cyclohexane,2015-10-20T20:00,1.779,µg/m³,VOC,
100137,BURNABY NORTH,Cyclohexane,2015-10-26T20:00,2.322,µg/m³,VOC,
100137,BURNABY NORTH,Cyclohexane,2015-11-01T19:00,0.433,µg/m³,VOC,
100137,BURNABY NORTH,Cyclohexane,2015-11-07T19:00,1.283,µg/m³,VOC,
100137,BURNABY NORTH,Cyclohexane,2015-11-13T19:00,0.385,µg/m³,VOC,
100137,BURNABY NORTH,Cyclohexane,2015-11-19T19:00,1.854,µg/m³,VOC,
100137,BURNABY NORTH,Cyclohexane,2015-11-25T19:00,1.412,µg/m³,VOC,
100137,BURNABY NORTH,Cyclohexane,2015-12-01T19:00,0.245,µg/m³,VOC,
100137,BURNABY NORTH,Cyclohexane,2015-12-07T19:00,0.237,µg/m³,VOC,
100137,BURNABY NORTH,Cyclohexane,2015-12-13T19:00,0.378,µg/m³,VOC,
100137,BURNABY NORTH,Cyclohexane,2015-12-19T19:00,0.148,µg/m³,VOC,
100137,BURNABY NORTH,Cyclohexane,2015-12-25T19:00,0.429,µg/m³,VOC,
