﻿NAPS_Site_ID,Station_Name,Pollutant,Date,Value,Units,Report_Type,Method
70119,ELLEN,4-Methylheptane,2022-10-20T00:00,0.026,µg/m³,VOC,GC-MS
70119,ELLEN,4-Methylheptane,2022-10-26T00:00,0.008,µg/m³,VOC,GC-MS
70119,ELLEN,4-Methylheptane,2022-11-01T00:00,0.022,µg/m³,VOC,GC-MS
70119,ELLEN,4-Methylheptane,2022-11-07T00:00,0.010,µg/m³,VOC,GC-MS
70119,ELLEN,4-Methylheptane,2022-11-13T00:00,0.010,µg/m³,VOC,GC-MS
70119,ELLEN,4-Methylheptane,2022-11-19T00:00,0.008,µg/m³,VOC,GC-MS
70119,ELLEN,4-Methylheptane,2022-12-01T00:00,0.016,µg/m³,VOC,GC-MS
