﻿NAPS_Site_ID,Station_Name,Pollutant,Date,Value,Units,Report_Type,Method
100112,DOWNTOWN VANCOUVER,Bromodichloromethane,1991-03-07T00:00,0.323,µg/m³,VOC,N/A
100112,DOWNTOWN VANCOUVER,Bromodichloromethane,1991-05-06T00:00,0.438,µg/m³,VOC,N/A
100112,DOWNTOWN VANCOUVER,Bromodichloromethane,1991-06-05T00:00,0.331,µg/m³,VOC,N/A
100112,DOWNTOWN VANCOUVER,Bromodichloromethane,1991-07-05T00:00,0.476,µg/m³,VOC,N/A
100112,DOWNTOWN VANCOUVER,Bromodichloromethane,1991-09-15T00:00,0.184,µg/m³,VOC,N/A
100112,DOWNTOWN VANCOUVER,Bromodichloromethane,1991-10-15T00:00,0.323,µg/m³,VOC,N/A
100112,DOWNTOWN VANCOUVER,Bromodichloromethane,1991-12-26T00:00,0.000,µg/m³,VOC,N/A
