﻿NAPS_Site_ID,Station_Name,Pollutant,Date,Value,Units,Report_Type,Method
54102,ROUND TOP RIDGE,Ethane,1994-06-06T00:00,3.148,µg/m³,VOC,N/A
54102,ROUND TOP RIDGE,Ethane,1994-06-07T00:00,1.868,µg/m³,VOC,N/A
54102,ROUND TOP RIDGE,Ethane,1994-06-07T00:00,2.326,µg/m³,VOC,N/A
54102,ROUND TOP RIDGE,Ethane,1994-06-07T00:00,2.394,µg/m³,VOC,N/A
54102,ROUND TOP RIDGE,Ethane,1994-06-07T00:00,2.866,µg/m³,VOC,N/A
54102,ROUND TOP RIDGE,Ethane,1994-06-08T00:00,1.596,µg/m³,VOC,N/A
54102,ROUND TOP RIDGE,Ethane,1994-06-08T00:00,1.642,µg/m³,VOC,N/A
54102,ROUND TOP RIDGE,Ethane,1994-06-08T00:00,1.658,µg/m³,VOC,N/A
54102,ROUND TOP RIDGE,Ethane,1994-06-08T00:00,1.702,µg/m³,VOC,N/A
54102,ROUND TOP RIDGE,Ethane,1994-06-10T00:00,1.523,µg/m³,VOC,N/A
54102,ROUND TOP RIDGE,Ethane,1994-06-11T00:00,1.577,µg/m³,VOC,N/A
54102,ROUND TOP RIDGE,Ethane,1994-06-11T00:00,1.665,µg/m³,VOC,N/A
54102,ROUND TOP RIDGE,Ethane,1994-06-11T00:00,1.685,µg/m³,VOC,N/A
54102,ROUND TOP RIDGE,Ethane,1994-06-11T00:00,1.737,µg/m³,VOC,N/A
54102,ROUND TOP RIDGE,Ethane,1994-06-11T00:00,1.773,µg/m³,VOC,N/A
54102,ROUND TOP RIDGE,Ethane,1994-06-12T00:00,1.596,µg/m³,VOC,N/A
54102,ROUND TOP RIDGE,Ethane,1994-06-12T00:00,1.727,µg/m³,VOC,N/A
54102,ROUND TOP RIDGE,Ethane,1994-06-12T00:00,1.910,µg/m³,VOC,N/A
54102,ROUND TOP RIDGE,Ethane,1994-06-12T00:00,1.963,µg/m³,VOC,N/A
54102,ROUND TOP RIDGE,Ethane,1994-06-14T00:00,1.966,µg/m³,VOC,N/A
54102,ROUND TOP RIDGE,Ethane,1994-06-15T00:00,1.866,µg/m³,VOC,N/A
54102,ROUND TOP RIDGE,Ethane,1994-06-15T00:00,1.938,µg/m³,VOC,N/A
54102,ROUND TOP RIDGE,Ethane,1994-06-15T00:00,1.950,µg/m³,VOC,N/A
54102,ROUND TOP RIDGE,Ethane,1994-06-15T00:00,1.962,µg/m³,VOC,N/A
54102,ROUND TOP RIDGE,Ethane,1994-06-15T00:00,2.032,µg/m³,VOC,N/A
54102,ROUND TOP RIDGE,Ethane,1994-06-16T00:00,1.846,µg/m³,VOC,N/A
54102,ROUND TOP RIDGE,Ethane,1994-06-16T00:00,1.878,µg/m³,VOC,N/A
54102,ROUND TOP RIDGE,Ethane,1994-06-16T00:00,1.912,µg/m³,VOC,N/A
54102,ROUND TOP RIDGE,Ethane,1994-06-16T00:00,2.016,µg/m³,VOC,N/A
54102,ROUND TOP RIDGE,Ethane,1994-06-18T00:00,1.242,µg/m³,VOC,N/A
54102,ROUND TOP RIDGE,Ethane,1994-06-19T00:00,1.279,µg/m³,VOC,N/A
54102,ROUND TOP RIDGE,Ethane,1994-06-19T00:00,1.357,µg/m³,VOC,N/A
54102,ROUND TOP RIDGE,Ethane,1994-06-19T00:00,1.374,µg/m³,VOC,N/A
54102,ROUND TOP RIDGE,Ethane,1994-06-19T00:00,1.400,µg/m³,VOC,N/A
54102,ROUND TOP RIDGE,Ethane,1994-06-19T00:00,1.458,µg/m³,VOC,N/A
54102,ROUND TOP RIDGE,Ethane,1994-06-20T00:00,1.357,µg/m³,VOC,N/A
54102,ROUND TOP RIDGE,Ethane,1994-06-20T00:00,1.402,µg/m³,VOC,N/A
54102,ROUND TOP RIDGE,Ethane,1994-06-20T00:00,1.411,µg/m³,VOC,N/A
54102,ROUND TOP RIDGE,Ethane,1994-06-20T00:00,1.423,µg/m³,VOC,N/A
54102,ROUND TOP RIDGE,Ethane,1994-06-22T00:00,1.454,µg/m³,VOC,N/A
54102,ROUND TOP RIDGE,Ethane,1994-06-23T00:00,1.302,µg/m³,VOC,N/A
54102,ROUND TOP RIDGE,Ethane,1994-06-23T00:00,1.343,µg/m³,VOC,N/A
54102,ROUND TOP RIDGE,Ethane,1994-06-23T00:00,1.348,µg/m³,VOC,N/A
54102,ROUND TOP RIDGE,Ethane,1994-06-23T00:00,1.459,µg/m³,VOC,N/A
54102,ROUND TOP RIDGE,Ethane,1994-06-23T00:00,1.532,µg/m³,VOC,N/A
54102,ROUND TOP RIDGE,Ethane,1994-06-24T00:00,1.352,µg/m³,VOC,N/A
54102,ROUND TOP RIDGE,Ethane,1994-06-24T00:00,1.354,µg/m³,VOC,N/A
54102,ROUND TOP RIDGE,Ethane,1994-06-24T00:00,1.452,µg/m³,VOC,N/A
54102,ROUND TOP RIDGE,Ethane,1994-06-24T00:00,1.484,µg/m³,VOC,N/A
54102,ROUND TOP RIDGE,Ethane,1994-07-01T00:00,1.428,µg/m³,VOC,N/A
54102,ROUND TOP RIDGE,Ethane,1994-07-01T00:00,1.447,µg/m³,VOC,N/A
54102,ROUND TOP RIDGE,Ethane,1994-07-01T00:00,1.494,µg/m³,VOC,N/A
54102,ROUND TOP RIDGE,Ethane,1994-07-01T00:00,1.576,µg/m³,VOC,N/A
54102,ROUND TOP RIDGE,Ethane,1994-07-01T00:00,2.100,µg/m³,VOC,N/A
54102,ROUND TOP RIDGE,Ethane,1994-07-02T00:00,2.446,µg/m³,VOC,N/A
54102,ROUND TOP RIDGE,Ethane,1994-07-08T00:00,1.792,µg/m³,VOC,N/A
54102,ROUND TOP RIDGE,Ethane,1994-07-09T00:00,1.644,µg/m³,VOC,N/A
54102,ROUND TOP RIDGE,Ethane,1994-07-09T00:00,1.925,µg/m³,VOC,N/A
54102,ROUND TOP RIDGE,Ethane,1994-07-09T00:00,1.960,µg/m³,VOC,N/A
54102,ROUND TOP RIDGE,Ethane,1994-07-09T00:00,2.219,µg/m³,VOC,N/A
54102,ROUND TOP RIDGE,Ethane,1994-07-09T00:00,2.274,µg/m³,VOC,N/A
54102,ROUND TOP RIDGE,Ethane,1994-07-10T00:00,1.414,µg/m³,VOC,N/A
54102,ROUND TOP RIDGE,Ethane,1994-07-10T00:00,1.479,µg/m³,VOC,N/A
54102,ROUND TOP RIDGE,Ethane,1994-07-10T00:00,1.501,µg/m³,VOC,N/A
54102,ROUND TOP RIDGE,Ethane,1994-07-12T00:00,2.038,µg/m³,VOC,N/A
54102,ROUND TOP RIDGE,Ethane,1994-07-13T00:00,1.083,µg/m³,VOC,N/A
54102,ROUND TOP RIDGE,Ethane,1994-07-13T00:00,1.197,µg/m³,VOC,N/A
54102,ROUND TOP RIDGE,Ethane,1994-07-13T00:00,1.253,µg/m³,VOC,N/A
54102,ROUND TOP RIDGE,Ethane,1994-07-13T00:00,1.481,µg/m³,VOC,N/A
54102,ROUND TOP RIDGE,Ethane,1994-07-13T00:00,1.659,µg/m³,VOC,N/A
54102,ROUND TOP RIDGE,Ethane,1994-07-14T00:00,1.058,µg/m³,VOC,N/A
54102,ROUND TOP RIDGE,Ethane,1994-07-14T00:00,1.067,µg/m³,VOC,N/A
54102,ROUND TOP RIDGE,Ethane,1994-07-14T00:00,1.100,µg/m³,VOC,N/A
54102,ROUND TOP RIDGE,Ethane,1994-07-14T00:00,1.124,µg/m³,VOC,N/A
54102,ROUND TOP RIDGE,Ethane,1994-07-16T00:00,1.245,µg/m³,VOC,N/A
54102,ROUND TOP RIDGE,Ethane,1994-07-17T00:00,1.133,µg/m³,VOC,N/A
54102,ROUND TOP RIDGE,Ethane,1994-07-17T00:00,1.151,µg/m³,VOC,N/A
54102,ROUND TOP RIDGE,Ethane,1994-07-17T00:00,1.307,µg/m³,VOC,N/A
54102,ROUND TOP RIDGE,Ethane,1994-07-17T00:00,1.432,µg/m³,VOC,N/A
54102,ROUND TOP RIDGE,Ethane,1994-07-18T00:00,1.546,µg/m³,VOC,N/A
54102,ROUND TOP RIDGE,Ethane,1994-07-18T00:00,1.548,µg/m³,VOC,N/A
54102,ROUND TOP RIDGE,Ethane,1994-07-18T00:00,1.760,µg/m³,VOC,N/A
54102,ROUND TOP RIDGE,Ethane,1994-07-18T00:00,1.822,µg/m³,VOC,N/A
54102,ROUND TOP RIDGE,Ethane,1994-08-13T00:00,2.997,µg/m³,VOC,N/A
54102,ROUND TOP RIDGE,Ethane,1994-08-14T00:00,1.161,µg/m³,VOC,N/A
54102,ROUND TOP RIDGE,Ethane,1994-08-14T00:00,1.525,µg/m³,VOC,N/A
54102,ROUND TOP RIDGE,Ethane,1994-08-14T00:00,1.942,µg/m³,VOC,N/A
54102,ROUND TOP RIDGE,Ethane,1994-08-14T00:00,1.999,µg/m³,VOC,N/A
54102,ROUND TOP RIDGE,Ethane,1994-08-15T00:00,1.046,µg/m³,VOC,N/A
54102,ROUND TOP RIDGE,Ethane,1994-08-15T00:00,1.080,µg/m³,VOC,N/A
54102,ROUND TOP RIDGE,Ethane,1994-08-15T00:00,1.131,µg/m³,VOC,N/A
54102,ROUND TOP RIDGE,Ethane,1994-08-15T00:00,1.179,µg/m³,VOC,N/A
54102,ROUND TOP RIDGE,Ethane,1994-08-17T00:00,1.462,µg/m³,VOC,N/A
54102,ROUND TOP RIDGE,Ethane,1994-08-18T00:00,0.855,µg/m³,VOC,N/A
54102,ROUND TOP RIDGE,Ethane,1994-08-18T00:00,0.863,µg/m³,VOC,N/A
54102,ROUND TOP RIDGE,Ethane,1994-08-18T00:00,1.005,µg/m³,VOC,N/A
54102,ROUND TOP RIDGE,Ethane,1994-08-18T00:00,1.100,µg/m³,VOC,N/A
54102,ROUND TOP RIDGE,Ethane,1994-08-18T00:00,1.503,µg/m³,VOC,N/A
54102,ROUND TOP RIDGE,Ethane,1994-08-19T00:00,1.151,µg/m³,VOC,N/A
54102,ROUND TOP RIDGE,Ethane,1994-08-19T00:00,1.254,µg/m³,VOC,N/A
54102,ROUND TOP RIDGE,Ethane,1994-08-19T00:00,1.306,µg/m³,VOC,N/A
54102,ROUND TOP RIDGE,Ethane,1994-08-19T00:00,1.395,µg/m³,VOC,N/A
54102,ROUND TOP RIDGE,Ethane,1994-08-21T00:00,1.305,µg/m³,VOC,N/A
54102,ROUND TOP RIDGE,Ethane,1994-08-22T00:00,1.077,µg/m³,VOC,N/A
54102,ROUND TOP RIDGE,Ethane,1994-08-22T00:00,1.081,µg/m³,VOC,N/A
54102,ROUND TOP RIDGE,Ethane,1994-08-22T00:00,1.090,µg/m³,VOC,N/A
54102,ROUND TOP RIDGE,Ethane,1994-08-22T00:00,1.196,µg/m³,VOC,N/A
54102,ROUND TOP RIDGE,Ethane,1994-08-22T00:00,1.260,µg/m³,VOC,N/A
54102,ROUND TOP RIDGE,Ethane,1994-08-23T00:00,1.186,µg/m³,VOC,N/A
54102,ROUND TOP RIDGE,Ethane,1994-08-23T00:00,1.192,µg/m³,VOC,N/A
54102,ROUND TOP RIDGE,Ethane,1994-08-23T00:00,1.207,µg/m³,VOC,N/A
54102,ROUND TOP RIDGE,Ethane,1994-08-23T00:00,1.241,µg/m³,VOC,N/A
54102,ROUND TOP RIDGE,Ethane,1994-08-25T00:00,3.423,µg/m³,VOC,N/A
54102,ROUND TOP RIDGE,Ethane,1994-08-26T00:00,2.016,µg/m³,VOC,N/A
54102,ROUND TOP RIDGE,Ethane,1994-08-26T00:00,2.094,µg/m³,VOC,N/A
54102,ROUND TOP RIDGE,Ethane,1994-08-26T00:00,2.238,µg/m³,VOC,N/A
54102,ROUND TOP RIDGE,Ethane,1994-08-26T00:00,2.332,µg/m³,VOC,N/A
54102,ROUND TOP RIDGE,Ethane,1994-08-26T00:00,2.905,µg/m³,VOC,N/A
54102,ROUND TOP RIDGE,Ethane,1994-08-27T00:00,1.482,µg/m³,VOC,N/A
54102,ROUND TOP RIDGE,Ethane,1994-08-27T00:00,1.514,µg/m³,VOC,N/A
54102,ROUND TOP RIDGE,Ethane,1994-08-27T00:00,1.640,µg/m³,VOC,N/A
54102,ROUND TOP RIDGE,Ethane,1994-08-27T00:00,1.925,µg/m³,VOC,N/A
54102,ROUND TOP RIDGE,Ethane,1994-08-29T00:00,1.394,µg/m³,VOC,N/A
54102,ROUND TOP RIDGE,Ethane,1994-08-30T00:00,1.204,µg/m³,VOC,N/A
54102,ROUND TOP RIDGE,Ethane,1994-08-30T00:00,1.272,µg/m³,VOC,N/A
54102,ROUND TOP RIDGE,Ethane,1994-08-30T00:00,1.309,µg/m³,VOC,N/A
54102,ROUND TOP RIDGE,Ethane,1994-08-30T00:00,1.336,µg/m³,VOC,N/A
54102,ROUND TOP RIDGE,Ethane,1994-08-30T00:00,1.392,µg/m³,VOC,N/A
54102,ROUND TOP RIDGE,Ethane,1994-08-31T00:00,1.342,µg/m³,VOC,N/A
54102,ROUND TOP RIDGE,Ethane,1994-08-31T00:00,1.343,µg/m³,VOC,N/A
54102,ROUND TOP RIDGE,Ethane,1994-08-31T00:00,1.380,µg/m³,VOC,N/A
54102,ROUND TOP RIDGE,Ethane,1994-08-31T00:00,1.412,µg/m³,VOC,N/A
54102,ROUND TOP RIDGE,Ethane,1994-09-17T00:00,1.380,µg/m³,VOC,N/A
54102,ROUND TOP RIDGE,Ethane,1994-09-17T00:00,2.406,µg/m³,VOC,N/A
54102,ROUND TOP RIDGE,Ethane,1994-09-23T00:00,1.259,µg/m³,VOC,N/A
54102,ROUND TOP RIDGE,Ethane,1994-09-23T00:00,1.259,µg/m³,VOC,N/A
54102,ROUND TOP RIDGE,Ethane,1994-09-29T00:00,1.350,µg/m³,VOC,N/A
54102,ROUND TOP RIDGE,Ethane,1994-09-29T00:00,1.824,µg/m³,VOC,N/A
54102,ROUND TOP RIDGE,Ethane,1994-10-05T00:00,1.406,µg/m³,VOC,N/A
54102,ROUND TOP RIDGE,Ethane,1994-10-05T00:00,1.415,µg/m³,VOC,N/A
54102,ROUND TOP RIDGE,Ethane,1994-10-11T00:00,1.357,µg/m³,VOC,N/A
54102,ROUND TOP RIDGE,Ethane,1994-10-11T00:00,1.484,µg/m³,VOC,N/A
54102,ROUND TOP RIDGE,Ethane,1994-10-17T00:00,1.432,µg/m³,VOC,N/A
54102,ROUND TOP RIDGE,Ethane,1994-10-17T00:00,1.514,µg/m³,VOC,N/A
54102,ROUND TOP RIDGE,Ethane,1994-10-23T00:00,2.240,µg/m³,VOC,N/A
54102,ROUND TOP RIDGE,Ethane,1994-10-23T00:00,3.262,µg/m³,VOC,N/A
54102,ROUND TOP RIDGE,Ethane,1994-10-29T00:00,3.416,µg/m³,VOC,N/A
54102,ROUND TOP RIDGE,Ethane,1994-10-29T00:00,3.584,µg/m³,VOC,N/A
54102,ROUND TOP RIDGE,Ethane,1994-11-16T00:00,1.798,µg/m³,VOC,N/A
54102,ROUND TOP RIDGE,Ethane,1994-11-16T00:00,2.081,µg/m³,VOC,N/A
54102,ROUND TOP RIDGE,Ethane,1994-11-22T00:00,1.992,µg/m³,VOC,N/A
54102,ROUND TOP RIDGE,Ethane,1994-11-22T00:00,2.581,µg/m³,VOC,N/A
54102,ROUND TOP RIDGE,Ethane,1994-11-28T00:00,2.117,µg/m³,VOC,N/A
54102,ROUND TOP RIDGE,Ethane,1994-11-28T00:00,3.142,µg/m³,VOC,N/A
54102,ROUND TOP RIDGE,Ethane,1994-12-04T00:00,5.407,µg/m³,VOC,N/A
54102,ROUND TOP RIDGE,Ethane,1994-12-04T00:00,6.202,µg/m³,VOC,N/A
54102,ROUND TOP RIDGE,Ethane,1994-12-10T00:00,2.227,µg/m³,VOC,N/A
54102,ROUND TOP RIDGE,Ethane,1994-12-10T00:00,2.347,µg/m³,VOC,N/A
54102,ROUND TOP RIDGE,Ethane,1994-12-16T00:00,2.334,µg/m³,VOC,N/A
54102,ROUND TOP RIDGE,Ethane,1994-12-16T00:00,2.553,µg/m³,VOC,N/A
54102,ROUND TOP RIDGE,Ethane,1994-12-22T00:00,2.947,µg/m³,VOC,N/A
54102,ROUND TOP RIDGE,Ethane,1994-12-22T00:00,4.209,µg/m³,VOC,N/A
54102,ROUND TOP RIDGE,Ethane,1994-12-28T00:00,3.368,µg/m³,VOC,N/A
54102,ROUND TOP RIDGE,Ethane,1994-12-28T00:00,4.526,µg/m³,VOC,N/A
