﻿NAPS_Site_ID,Station_Name,Pollutant,Date,Value,Units,Report_Type,Method
50121,BROSSARD-PARC OCÉANIE,Freon 22,2014-01-04T19:00,0.904,µg/m³,VOC,
50121,BROSSARD-PARC OCÉANIE,Freon 22,2014-01-10T19:00,0.851,µg/m³,VOC,
50121,BROSSARD-PARC OCÉANIE,Freon 22,2014-01-16T19:00,0.863,µg/m³,VOC,
50121,BROSSARD-PARC OCÉANIE,Freon 22,2014-01-22T19:00,0.801,µg/m³,VOC,
50121,BROSSARD-PARC OCÉANIE,Freon 22,2014-01-28T19:00,1.410,µg/m³,VOC,
50121,BROSSARD-PARC OCÉANIE,Freon 22,2014-02-03T19:00,1.024,µg/m³,VOC,
50121,BROSSARD-PARC OCÉANIE,Freon 22,2014-02-09T19:00,1.042,µg/m³,VOC,
50121,BROSSARD-PARC OCÉANIE,Freon 22,2014-02-15T19:00,0.770,µg/m³,VOC,
50121,BROSSARD-PARC OCÉANIE,Freon 22,2014-02-21T19:00,0.746,µg/m³,VOC,
50121,BROSSARD-PARC OCÉANIE,Freon 22,2014-02-27T19:00,0.718,µg/m³,VOC,
50121,BROSSARD-PARC OCÉANIE,Freon 22,2014-03-05T19:00,1.200,µg/m³,VOC,
50121,BROSSARD-PARC OCÉANIE,Freon 22,2014-03-11T20:00,0.750,µg/m³,VOC,
50121,BROSSARD-PARC OCÉANIE,Freon 22,2014-03-17T20:00,0.864,µg/m³,VOC,
50121,BROSSARD-PARC OCÉANIE,Freon 22,2014-03-23T20:00,0.770,µg/m³,VOC,
50121,BROSSARD-PARC OCÉANIE,Freon 22,2014-03-29T20:00,0.728,µg/m³,VOC,
50121,BROSSARD-PARC OCÉANIE,Freon 22,2014-04-04T20:00,0.836,µg/m³,VOC,
50121,BROSSARD-PARC OCÉANIE,Freon 22,2014-04-10T20:00,1.172,µg/m³,VOC,
50121,BROSSARD-PARC OCÉANIE,Freon 22,2014-04-16T20:00,0.822,µg/m³,VOC,
50121,BROSSARD-PARC OCÉANIE,Freon 22,2014-04-22T20:00,0.894,µg/m³,VOC,
50121,BROSSARD-PARC OCÉANIE,Freon 22,2014-04-28T20:00,0.718,µg/m³,VOC,
50121,BROSSARD-PARC OCÉANIE,Freon 22,2014-05-04T20:00,0.758,µg/m³,VOC,
50121,BROSSARD-PARC OCÉANIE,Freon 22,2014-05-10T20:00,0.706,µg/m³,VOC,
50121,BROSSARD-PARC OCÉANIE,Freon 22,2014-05-16T20:00,0.730,µg/m³,VOC,
50121,BROSSARD-PARC OCÉANIE,Freon 22,2014-05-22T20:00,0.926,µg/m³,VOC,
50121,BROSSARD-PARC OCÉANIE,Freon 22,2014-05-28T20:00,1.000,µg/m³,VOC,
50121,BROSSARD-PARC OCÉANIE,Freon 22,2014-06-03T20:00,0.856,µg/m³,VOC,
50121,BROSSARD-PARC OCÉANIE,Freon 22,2014-06-09T20:00,0.786,µg/m³,VOC,
50121,BROSSARD-PARC OCÉANIE,Freon 22,2014-06-15T20:00,0.962,µg/m³,VOC,
50121,BROSSARD-PARC OCÉANIE,Freon 22,2014-06-21T20:00,0.890,µg/m³,VOC,
50121,BROSSARD-PARC OCÉANIE,Freon 22,2014-06-27T20:00,0.954,µg/m³,VOC,
50121,BROSSARD-PARC OCÉANIE,Freon 22,2014-07-03T20:00,0.908,µg/m³,VOC,
50121,BROSSARD-PARC OCÉANIE,Freon 22,2014-07-09T20:00,0.888,µg/m³,VOC,
50121,BROSSARD-PARC OCÉANIE,Freon 22,2014-07-15T20:00,0.850,µg/m³,VOC,
50121,BROSSARD-PARC OCÉANIE,Freon 22,2014-07-21T20:00,0.910,µg/m³,VOC,
50121,BROSSARD-PARC OCÉANIE,Freon 22,2014-07-27T20:00,0.782,µg/m³,VOC,
50121,BROSSARD-PARC OCÉANIE,Freon 22,2014-08-02T20:00,0.880,µg/m³,VOC,
50121,BROSSARD-PARC OCÉANIE,Freon 22,2014-08-08T20:00,0.944,µg/m³,VOC,
50121,BROSSARD-PARC OCÉANIE,Freon 22,2014-08-14T20:00,0.730,µg/m³,VOC,
50121,BROSSARD-PARC OCÉANIE,Freon 22,2014-08-20T20:00,0.878,µg/m³,VOC,
50121,BROSSARD-PARC OCÉANIE,Freon 22,2014-08-26T20:00,0.848,µg/m³,VOC,
50121,BROSSARD-PARC OCÉANIE,Freon 22,2014-09-01T20:00,0.872,µg/m³,VOC,
50121,BROSSARD-PARC OCÉANIE,Freon 22,2014-09-07T20:00,0.876,µg/m³,VOC,
50121,BROSSARD-PARC OCÉANIE,Freon 22,2014-09-13T20:00,0.960,µg/m³,VOC,
50121,BROSSARD-PARC OCÉANIE,Freon 22,2014-09-19T20:00,0.860,µg/m³,VOC,
50121,BROSSARD-PARC OCÉANIE,Freon 22,2014-09-25T20:00,0.812,µg/m³,VOC,
50121,BROSSARD-PARC OCÉANIE,Freon 22,2014-10-01T20:00,0.794,µg/m³,VOC,
50121,BROSSARD-PARC OCÉANIE,Freon 22,2014-10-07T20:00,0.768,µg/m³,VOC,
50121,BROSSARD-PARC OCÉANIE,Freon 22,2014-10-13T20:00,0.878,µg/m³,VOC,
50121,BROSSARD-PARC OCÉANIE,Freon 22,2014-10-19T20:00,0.802,µg/m³,VOC,
50121,BROSSARD-PARC OCÉANIE,Freon 22,2014-10-25T20:00,0.784,µg/m³,VOC,
50121,BROSSARD-PARC OCÉANIE,Freon 22,2014-10-31T20:00,0.806,µg/m³,VOC,
50121,BROSSARD-PARC OCÉANIE,Freon 22,2014-11-06T19:00,1.134,µg/m³,VOC,
50121,BROSSARD-PARC OCÉANIE,Freon 22,2014-11-12T19:00,0.790,µg/m³,VOC,
50121,BROSSARD-PARC OCÉANIE,Freon 22,2014-11-18T19:00,0.840,µg/m³,VOC,
50121,BROSSARD-PARC OCÉANIE,Freon 22,2014-11-24T19:00,0.798,µg/m³,VOC,
50121,BROSSARD-PARC OCÉANIE,Freon 22,2014-11-30T19:00,0.810,µg/m³,VOC,
50121,BROSSARD-PARC OCÉANIE,Freon 22,2014-12-06T19:00,0.812,µg/m³,VOC,
50121,BROSSARD-PARC OCÉANIE,Freon 22,2014-12-12T19:00,0.758,µg/m³,VOC,
50121,BROSSARD-PARC OCÉANIE,Freon 22,2014-12-18T19:00,0.836,µg/m³,VOC,
50121,BROSSARD-PARC OCÉANIE,Freon 22,2014-12-24T19:00,0.788,µg/m³,VOC,
50121,BROSSARD-PARC OCÉANIE,Freon 22,2014-12-30T19:00,0.930,µg/m³,VOC,
