﻿NAPS_Site_ID,Station_Name,Pollutant,Date,Value,Units,Report_Type,Method
31201,GRANTON,Isopentane,2006-04-29T00:00,0.117,µg/m³,VOC,
31201,GRANTON,Isopentane,2006-05-17T00:00,0.271,µg/m³,VOC,
31201,GRANTON,Isopentane,2006-05-23T00:00,0.100,µg/m³,VOC,
31201,GRANTON,Isopentane,2006-05-29T00:00,0.177,µg/m³,VOC,
31201,GRANTON,Isopentane,2006-06-04T00:00,0.115,µg/m³,VOC,
31201,GRANTON,Isopentane,2006-06-10T00:00,0.092,µg/m³,VOC,
31201,GRANTON,Isopentane,2006-06-16T00:00,0.389,µg/m³,VOC,
31201,GRANTON,Isopentane,2006-06-22T00:00,0.120,µg/m³,VOC,
31201,GRANTON,Isopentane,2006-06-28T00:00,0.062,µg/m³,VOC,
31201,GRANTON,Isopentane,2006-07-04T00:00,0.199,µg/m³,VOC,
31201,GRANTON,Isopentane,2006-07-10T00:00,1.195,µg/m³,VOC,
31201,GRANTON,Isopentane,2006-07-16T00:00,0.664,µg/m³,VOC,
31201,GRANTON,Isopentane,2006-07-22T00:00,0.169,µg/m³,VOC,
31201,GRANTON,Isopentane,2006-07-28T00:00,0.167,µg/m³,VOC,
31201,GRANTON,Isopentane,2006-08-03T00:00,0.231,µg/m³,VOC,
31201,GRANTON,Isopentane,2006-08-09T00:00,0.150,µg/m³,VOC,
31201,GRANTON,Isopentane,2006-08-15T00:00,0.130,µg/m³,VOC,
31201,GRANTON,Isopentane,2006-08-21T00:00,0.691,µg/m³,VOC,
31201,GRANTON,Isopentane,2006-09-02T00:00,0.165,µg/m³,VOC,
31201,GRANTON,Isopentane,2006-09-08T00:00,0.203,µg/m³,VOC,
31201,GRANTON,Isopentane,2006-09-14T00:00,0.214,µg/m³,VOC,
31201,GRANTON,Isopentane,2006-09-20T00:00,0.261,µg/m³,VOC,
31201,GRANTON,Isopentane,2006-09-26T00:00,0.163,µg/m³,VOC,
31201,GRANTON,Isopentane,2006-10-02T00:00,0.162,µg/m³,VOC,
31201,GRANTON,Isopentane,2006-10-08T00:00,0.216,µg/m³,VOC,
31201,GRANTON,Isopentane,2006-10-14T00:00,0.362,µg/m³,VOC,
31201,GRANTON,Isopentane,2006-10-20T00:00,0.127,µg/m³,VOC,
31201,GRANTON,Isopentane,2006-10-26T00:00,0.198,µg/m³,VOC,
31201,GRANTON,Isopentane,2006-11-01T00:00,0.482,µg/m³,VOC,
31201,GRANTON,Isopentane,2006-11-07T00:00,0.325,µg/m³,VOC,
31201,GRANTON,Isopentane,2006-11-13T00:00,0.354,µg/m³,VOC,
31201,GRANTON,Isopentane,2006-11-19T00:00,0.301,µg/m³,VOC,
31201,GRANTON,Isopentane,2006-11-25T00:00,0.420,µg/m³,VOC,
31201,GRANTON,Isopentane,2006-12-01T00:00,0.422,µg/m³,VOC,
