﻿NAPS_Site_ID,Station_Name,Pollutant,Date,Value,Units,Report_Type,Method
40203,FOREST HILLS,MTBE,2004-01-04T00:00,0.534,µg/m³,VOC,N/A
40203,FOREST HILLS,MTBE,2004-01-10T00:00,0.000,µg/m³,VOC,N/A
40203,FOREST HILLS,MTBE,2004-01-16T00:00,0.000,µg/m³,VOC,N/A
40203,FOREST HILLS,MTBE,2004-01-22T00:00,0.314,µg/m³,VOC,N/A
40203,FOREST HILLS,MTBE,2004-01-28T00:00,0.000,µg/m³,VOC,N/A
40203,FOREST HILLS,MTBE,2004-02-03T00:00,8.823,µg/m³,VOC,N/A
40203,FOREST HILLS,MTBE,2004-02-09T00:00,0.401,µg/m³,VOC,N/A
40203,FOREST HILLS,MTBE,2004-02-15T00:00,0.000,µg/m³,VOC,N/A
40203,FOREST HILLS,MTBE,2004-02-21T00:00,0.015,µg/m³,VOC,N/A
40203,FOREST HILLS,MTBE,2004-02-27T00:00,0.000,µg/m³,VOC,N/A
40203,FOREST HILLS,MTBE,2004-03-04T00:00,0.340,µg/m³,VOC,N/A
40203,FOREST HILLS,MTBE,2004-03-10T00:00,1.384,µg/m³,VOC,N/A
40203,FOREST HILLS,MTBE,2004-03-16T00:00,0.000,µg/m³,VOC,N/A
40203,FOREST HILLS,MTBE,2004-03-22T00:00,0.464,µg/m³,VOC,N/A
40203,FOREST HILLS,MTBE,2004-03-28T00:00,0.227,µg/m³,VOC,N/A
40203,FOREST HILLS,MTBE,2004-04-09T00:00,23.294,µg/m³,VOC,N/A
40203,FOREST HILLS,MTBE,2004-04-15T00:00,0.096,µg/m³,VOC,N/A
40203,FOREST HILLS,MTBE,2004-04-21T00:00,0.926,µg/m³,VOC,N/A
40203,FOREST HILLS,MTBE,2004-04-27T00:00,4.493,µg/m³,VOC,N/A
40203,FOREST HILLS,MTBE,2004-05-03T00:00,12.190,µg/m³,VOC,N/A
40203,FOREST HILLS,MTBE,2004-05-09T00:00,16.117,µg/m³,VOC,N/A
40203,FOREST HILLS,MTBE,2004-05-15T00:00,9.052,µg/m³,VOC,N/A
40203,FOREST HILLS,MTBE,2004-05-21T00:00,1.084,µg/m³,VOC,N/A
40203,FOREST HILLS,MTBE,2004-05-27T00:00,6.964,µg/m³,VOC,N/A
40203,FOREST HILLS,MTBE,2004-06-02T00:00,2.049,µg/m³,VOC,N/A
40203,FOREST HILLS,MTBE,2004-06-14T00:00,2.084,µg/m³,VOC,N/A
40203,FOREST HILLS,MTBE,2004-06-20T00:00,0.105,µg/m³,VOC,N/A
40203,FOREST HILLS,MTBE,2004-06-26T00:00,10.091,µg/m³,VOC,N/A
40203,FOREST HILLS,MTBE,2004-07-02T00:00,7.951,µg/m³,VOC,N/A
40203,FOREST HILLS,MTBE,2004-07-08T00:00,13.422,µg/m³,VOC,N/A
40203,FOREST HILLS,MTBE,2004-07-26T00:00,8.717,µg/m³,VOC,N/A
40203,FOREST HILLS,MTBE,2004-08-01T00:00,12.292,µg/m³,VOC,N/A
40203,FOREST HILLS,MTBE,2004-08-07T00:00,0.104,µg/m³,VOC,N/A
40203,FOREST HILLS,MTBE,2004-08-13T00:00,1.099,µg/m³,VOC,N/A
40203,FOREST HILLS,MTBE,2004-08-19T00:00,5.121,µg/m³,VOC,N/A
40203,FOREST HILLS,MTBE,2004-08-25T00:00,5.044,µg/m³,VOC,N/A
40203,FOREST HILLS,MTBE,2004-08-31T00:00,31.536,µg/m³,VOC,N/A
40203,FOREST HILLS,MTBE,2004-09-06T00:00,3.216,µg/m³,VOC,N/A
40203,FOREST HILLS,MTBE,2004-09-12T00:00,2.947,µg/m³,VOC,N/A
40203,FOREST HILLS,MTBE,2004-09-18T00:00,5.142,µg/m³,VOC,N/A
40203,FOREST HILLS,MTBE,2004-09-24T00:00,16.470,µg/m³,VOC,N/A
40203,FOREST HILLS,MTBE,2004-09-30T00:00,1.545,µg/m³,VOC,N/A
40203,FOREST HILLS,MTBE,2004-10-06T00:00,0.337,µg/m³,VOC,N/A
40203,FOREST HILLS,MTBE,2004-10-12T00:00,0.015,µg/m³,VOC,N/A
40203,FOREST HILLS,MTBE,2004-10-18T00:00,1.547,µg/m³,VOC,N/A
40203,FOREST HILLS,MTBE,2004-10-24T00:00,0.022,µg/m³,VOC,N/A
40203,FOREST HILLS,MTBE,2004-10-30T00:00,3.787,µg/m³,VOC,N/A
40203,FOREST HILLS,MTBE,2004-11-05T00:00,0.609,µg/m³,VOC,N/A
40203,FOREST HILLS,MTBE,2004-11-11T00:00,3.438,µg/m³,VOC,N/A
40203,FOREST HILLS,MTBE,2004-11-17T00:00,0.011,µg/m³,VOC,N/A
40203,FOREST HILLS,MTBE,2004-11-23T00:00,0.969,µg/m³,VOC,N/A
40203,FOREST HILLS,MTBE,2004-11-29T00:00,0.039,µg/m³,VOC,N/A
40203,FOREST HILLS,MTBE,2004-12-11T00:00,0.267,µg/m³,VOC,N/A
40203,FOREST HILLS,MTBE,2004-12-17T00:00,0.526,µg/m³,VOC,N/A
40203,FOREST HILLS,MTBE,2004-12-23T00:00,3.220,µg/m³,VOC,N/A
