﻿NAPS_Site_ID,Station_Name,Pollutant,Date,Value,Units,Report_Type,Method
50129,MONTRÉAL-RIVIÈRE-DES-PRAIRIES,OCDD,2001-01-01T00:00,0.301,pg/m³,PCDD,GC-MS
50129,MONTRÉAL-RIVIÈRE-DES-PRAIRIES,OCDD,2001-01-13T00:00,2.101,pg/m³,PCDD,GC-MS
50129,MONTRÉAL-RIVIÈRE-DES-PRAIRIES,OCDD,2001-01-25T00:00,0.341,pg/m³,PCDD,GC-MS
50129,MONTRÉAL-RIVIÈRE-DES-PRAIRIES,OCDD,2001-02-06T00:00,0.339,pg/m³,PCDD,GC-MS
50129,MONTRÉAL-RIVIÈRE-DES-PRAIRIES,OCDD,2001-02-18T00:00,0.502,pg/m³,PCDD,GC-MS
50129,MONTRÉAL-RIVIÈRE-DES-PRAIRIES,OCDD,2001-03-02T00:00,1.300,pg/m³,PCDD,GC-MS
50129,MONTRÉAL-RIVIÈRE-DES-PRAIRIES,OCDD,2001-03-14T00:00,0.288,pg/m³,PCDD,GC-MS
50129,MONTRÉAL-RIVIÈRE-DES-PRAIRIES,OCDD,2001-03-26T00:00,0.326,pg/m³,PCDD,GC-MS
50129,MONTRÉAL-RIVIÈRE-DES-PRAIRIES,OCDD,2001-04-07T00:00,0.381,pg/m³,PCDD,GC-MS
50129,MONTRÉAL-RIVIÈRE-DES-PRAIRIES,OCDD,2001-04-19T00:00,0.455,pg/m³,PCDD,GC-MS
50129,MONTRÉAL-RIVIÈRE-DES-PRAIRIES,OCDD,2001-05-01T00:00,3.408,pg/m³,PCDD,GC-MS
50129,MONTRÉAL-RIVIÈRE-DES-PRAIRIES,OCDD,2001-05-13T00:00,0.129,pg/m³,PCDD,GC-MS
50129,MONTRÉAL-RIVIÈRE-DES-PRAIRIES,OCDD,2001-05-25T00:00,0.249,pg/m³,PCDD,GC-MS
50129,MONTRÉAL-RIVIÈRE-DES-PRAIRIES,OCDD,2001-06-06T00:00,0.190,pg/m³,PCDD,GC-MS
50129,MONTRÉAL-RIVIÈRE-DES-PRAIRIES,OCDD,2001-06-30T00:00,0.750,pg/m³,PCDD,GC-MS
50129,MONTRÉAL-RIVIÈRE-DES-PRAIRIES,OCDD,2001-07-24T00:00,0.259,pg/m³,PCDD,GC-MS
50129,MONTRÉAL-RIVIÈRE-DES-PRAIRIES,OCDD,2001-08-05T00:00,0.827,pg/m³,PCDD,GC-MS
50129,MONTRÉAL-RIVIÈRE-DES-PRAIRIES,OCDD,2001-08-17T00:00,0.199,pg/m³,PCDD,GC-MS
50129,MONTRÉAL-RIVIÈRE-DES-PRAIRIES,OCDD,2001-08-29T00:00,0.193,pg/m³,PCDD,GC-MS
50129,MONTRÉAL-RIVIÈRE-DES-PRAIRIES,OCDD,2001-09-10T00:00,0.255,pg/m³,PCDD,GC-MS
50129,MONTRÉAL-RIVIÈRE-DES-PRAIRIES,OCDD,2001-09-22T00:00,0.498,pg/m³,PCDD,GC-MS
50129,MONTRÉAL-RIVIÈRE-DES-PRAIRIES,OCDD,2001-10-04T00:00,0.537,pg/m³,PCDD,GC-MS
50129,MONTRÉAL-RIVIÈRE-DES-PRAIRIES,OCDD,2001-10-28T00:00,0.471,pg/m³,PCDD,GC-MS
50129,MONTRÉAL-RIVIÈRE-DES-PRAIRIES,OCDD,2001-11-09T00:00,0.329,pg/m³,PCDD,GC-MS
50129,MONTRÉAL-RIVIÈRE-DES-PRAIRIES,OCDD,2001-11-21T00:00,0.470,pg/m³,PCDD,GC-MS
50129,MONTRÉAL-RIVIÈRE-DES-PRAIRIES,OCDD,2001-12-03T00:00,0.500,pg/m³,PCDD,GC-MS
50129,MONTRÉAL-RIVIÈRE-DES-PRAIRIES,OCDD,2001-12-15T00:00,0.553,pg/m³,PCDD,GC-MS
50129,MONTRÉAL-RIVIÈRE-DES-PRAIRIES,OCDD,2001-12-27T00:00,0.682,pg/m³,PCDD,GC-MS
