﻿NAPS_Site_ID,Station_Name,Pollutant,Date,Value,Units,Report_Type,Method
100111,ROCKY POINT PARK,Iron,2004-01-16T00:00,0.175,µg/m³,DICHOT,N/A
100111,ROCKY POINT PARK,Iron,2004-01-16T00:00,0.408,µg/m³,DICHOT,N/A
100111,ROCKY POINT PARK,Iron,2004-01-22T00:00,0.176,µg/m³,DICHOT,N/A
100111,ROCKY POINT PARK,Iron,2004-01-22T00:00,0.295,µg/m³,DICHOT,N/A
100111,ROCKY POINT PARK,Iron,2004-02-03T00:00,0.128,µg/m³,DICHOT,N/A
100111,ROCKY POINT PARK,Iron,2004-02-03T00:00,0.193,µg/m³,DICHOT,N/A
100111,ROCKY POINT PARK,Iron,2004-02-09T00:00,0.103,µg/m³,DICHOT,N/A
100111,ROCKY POINT PARK,Iron,2004-02-09T00:00,0.259,µg/m³,DICHOT,N/A
100111,ROCKY POINT PARK,Iron,2004-02-21T00:00,0.157,µg/m³,DICHOT,N/A
100111,ROCKY POINT PARK,Iron,2004-02-21T00:00,0.418,µg/m³,DICHOT,N/A
100111,ROCKY POINT PARK,Iron,2004-02-27T00:00,0.058,µg/m³,DICHOT,N/A
100111,ROCKY POINT PARK,Iron,2004-02-27T00:00,0.143,µg/m³,DICHOT,N/A
100111,ROCKY POINT PARK,Iron,2004-03-04T00:00,0.037,µg/m³,DICHOT,N/A
100111,ROCKY POINT PARK,Iron,2004-03-04T00:00,0.090,µg/m³,DICHOT,N/A
100111,ROCKY POINT PARK,Iron,2004-03-10T00:00,0.096,µg/m³,DICHOT,N/A
100111,ROCKY POINT PARK,Iron,2004-03-10T00:00,0.226,µg/m³,DICHOT,N/A
100111,ROCKY POINT PARK,Iron,2004-03-16T00:00,0.047,µg/m³,DICHOT,N/A
100111,ROCKY POINT PARK,Iron,2004-03-16T00:00,0.085,µg/m³,DICHOT,N/A
100111,ROCKY POINT PARK,Iron,2004-03-22T00:00,0.154,µg/m³,DICHOT,N/A
100111,ROCKY POINT PARK,Iron,2004-03-22T00:00,0.431,µg/m³,DICHOT,N/A
100111,ROCKY POINT PARK,Iron,2004-03-28T00:00,0.059,µg/m³,DICHOT,N/A
100111,ROCKY POINT PARK,Iron,2004-03-28T00:00,0.149,µg/m³,DICHOT,N/A
100111,ROCKY POINT PARK,Iron,2004-04-09T00:00,0.115,µg/m³,DICHOT,N/A
100111,ROCKY POINT PARK,Iron,2004-04-09T00:00,0.331,µg/m³,DICHOT,N/A
100111,ROCKY POINT PARK,Iron,2004-04-15T00:00,0.075,µg/m³,DICHOT,N/A
100111,ROCKY POINT PARK,Iron,2004-04-15T00:00,0.111,µg/m³,DICHOT,N/A
100111,ROCKY POINT PARK,Iron,2004-04-21T00:00,0.058,µg/m³,DICHOT,N/A
100111,ROCKY POINT PARK,Iron,2004-04-21T00:00,0.153,µg/m³,DICHOT,N/A
100111,ROCKY POINT PARK,Iron,2004-04-27T00:00,0.099,µg/m³,DICHOT,N/A
100111,ROCKY POINT PARK,Iron,2004-04-27T00:00,0.418,µg/m³,DICHOT,N/A
100111,ROCKY POINT PARK,Iron,2004-05-03T00:00,0.082,µg/m³,DICHOT,N/A
100111,ROCKY POINT PARK,Iron,2004-05-03T00:00,0.229,µg/m³,DICHOT,N/A
100111,ROCKY POINT PARK,Iron,2004-05-09T00:00,0.019,µg/m³,DICHOT,N/A
100111,ROCKY POINT PARK,Iron,2004-05-09T00:00,0.080,µg/m³,DICHOT,N/A
100111,ROCKY POINT PARK,Iron,2004-05-15T00:00,0.055,µg/m³,DICHOT,N/A
100111,ROCKY POINT PARK,Iron,2004-05-15T00:00,0.245,µg/m³,DICHOT,N/A
100111,ROCKY POINT PARK,Iron,2004-05-21T00:00,0.075,µg/m³,DICHOT,N/A
100111,ROCKY POINT PARK,Iron,2004-05-21T00:00,0.132,µg/m³,DICHOT,N/A
100111,ROCKY POINT PARK,Iron,2004-05-27T00:00,0.049,µg/m³,DICHOT,N/A
100111,ROCKY POINT PARK,Iron,2004-05-27T00:00,0.086,µg/m³,DICHOT,N/A
100111,ROCKY POINT PARK,Iron,2004-06-02T00:00,0.069,µg/m³,DICHOT,N/A
100111,ROCKY POINT PARK,Iron,2004-06-02T00:00,0.190,µg/m³,DICHOT,N/A
100111,ROCKY POINT PARK,Iron,2004-06-08T00:00,0.128,µg/m³,DICHOT,N/A
100111,ROCKY POINT PARK,Iron,2004-06-08T00:00,0.443,µg/m³,DICHOT,N/A
100111,ROCKY POINT PARK,Iron,2004-06-14T00:00,0.079,µg/m³,DICHOT,N/A
100111,ROCKY POINT PARK,Iron,2004-06-14T00:00,0.135,µg/m³,DICHOT,N/A
100111,ROCKY POINT PARK,Iron,2004-06-20T00:00,0.093,µg/m³,DICHOT,N/A
100111,ROCKY POINT PARK,Iron,2004-06-20T00:00,0.284,µg/m³,DICHOT,N/A
100111,ROCKY POINT PARK,Iron,2004-06-26T00:00,0.036,µg/m³,DICHOT,N/A
100111,ROCKY POINT PARK,Iron,2004-06-26T00:00,0.212,µg/m³,DICHOT,N/A
100111,ROCKY POINT PARK,Iron,2004-07-02T00:00,0.040,µg/m³,DICHOT,N/A
100111,ROCKY POINT PARK,Iron,2004-07-02T00:00,0.187,µg/m³,DICHOT,N/A
100111,ROCKY POINT PARK,Iron,2004-07-08T00:00,0.053,µg/m³,DICHOT,N/A
100111,ROCKY POINT PARK,Iron,2004-07-08T00:00,0.262,µg/m³,DICHOT,N/A
100111,ROCKY POINT PARK,Iron,2004-07-14T00:00,0.174,µg/m³,DICHOT,N/A
100111,ROCKY POINT PARK,Iron,2004-07-14T00:00,0.605,µg/m³,DICHOT,N/A
100111,ROCKY POINT PARK,Iron,2004-07-20T00:00,0.087,µg/m³,DICHOT,N/A
100111,ROCKY POINT PARK,Iron,2004-07-20T00:00,0.142,µg/m³,DICHOT,N/A
100111,ROCKY POINT PARK,Iron,2004-07-26T00:00,0.114,µg/m³,DICHOT,N/A
100111,ROCKY POINT PARK,Iron,2004-07-26T00:00,0.476,µg/m³,DICHOT,N/A
100111,ROCKY POINT PARK,Iron,2004-08-01T00:00,0.061,µg/m³,DICHOT,N/A
100111,ROCKY POINT PARK,Iron,2004-08-01T00:00,0.191,µg/m³,DICHOT,N/A
100111,ROCKY POINT PARK,Iron,2004-08-07T00:00,0.046,µg/m³,DICHOT,N/A
100111,ROCKY POINT PARK,Iron,2004-08-07T00:00,0.090,µg/m³,DICHOT,N/A
100111,ROCKY POINT PARK,Iron,2004-08-13T00:00,0.152,µg/m³,DICHOT,N/A
100111,ROCKY POINT PARK,Iron,2004-08-13T00:00,0.480,µg/m³,DICHOT,N/A
100111,ROCKY POINT PARK,Iron,2004-08-19T00:00,0.131,µg/m³,DICHOT,N/A
100111,ROCKY POINT PARK,Iron,2004-08-19T00:00,0.522,µg/m³,DICHOT,N/A
100111,ROCKY POINT PARK,Iron,2004-08-25T00:00,0.031,µg/m³,DICHOT,N/A
100111,ROCKY POINT PARK,Iron,2004-08-25T00:00,0.051,µg/m³,DICHOT,N/A
100111,ROCKY POINT PARK,Iron,2004-08-31T00:00,0.134,µg/m³,DICHOT,N/A
100111,ROCKY POINT PARK,Iron,2004-08-31T00:00,0.443,µg/m³,DICHOT,N/A
100111,ROCKY POINT PARK,Iron,2004-09-12T00:00,0.037,µg/m³,DICHOT,N/A
100111,ROCKY POINT PARK,Iron,2004-09-12T00:00,0.084,µg/m³,DICHOT,N/A
100111,ROCKY POINT PARK,Iron,2004-09-24T00:00,0.093,µg/m³,DICHOT,N/A
100111,ROCKY POINT PARK,Iron,2004-09-24T00:00,0.296,µg/m³,DICHOT,N/A
100111,ROCKY POINT PARK,Iron,2004-09-30T00:00,0.094,µg/m³,DICHOT,N/A
100111,ROCKY POINT PARK,Iron,2004-09-30T00:00,0.312,µg/m³,DICHOT,N/A
100111,ROCKY POINT PARK,Iron,2004-10-06T00:00,0.066,µg/m³,DICHOT,N/A
100111,ROCKY POINT PARK,Iron,2004-10-06T00:00,0.134,µg/m³,DICHOT,N/A
100111,ROCKY POINT PARK,Iron,2004-10-12T00:00,0.117,µg/m³,DICHOT,N/A
100111,ROCKY POINT PARK,Iron,2004-10-12T00:00,0.297,µg/m³,DICHOT,N/A
100111,ROCKY POINT PARK,Iron,2004-10-18T00:00,0.052,µg/m³,DICHOT,N/A
100111,ROCKY POINT PARK,Iron,2004-10-18T00:00,0.108,µg/m³,DICHOT,N/A
100111,ROCKY POINT PARK,Iron,2004-10-30T00:00,0.030,µg/m³,DICHOT,N/A
100111,ROCKY POINT PARK,Iron,2004-10-30T00:00,0.135,µg/m³,DICHOT,N/A
100111,ROCKY POINT PARK,Iron,2004-11-05T00:00,0.140,µg/m³,DICHOT,N/A
100111,ROCKY POINT PARK,Iron,2004-11-05T00:00,0.334,µg/m³,DICHOT,N/A
100111,ROCKY POINT PARK,Iron,2004-11-11T00:00,0.069,µg/m³,DICHOT,N/A
100111,ROCKY POINT PARK,Iron,2004-11-11T00:00,0.199,µg/m³,DICHOT,N/A
100111,ROCKY POINT PARK,Iron,2004-11-17T00:00,0.120,µg/m³,DICHOT,N/A
100111,ROCKY POINT PARK,Iron,2004-11-17T00:00,0.285,µg/m³,DICHOT,N/A
100111,ROCKY POINT PARK,Iron,2004-11-23T00:00,0.067,µg/m³,DICHOT,N/A
100111,ROCKY POINT PARK,Iron,2004-11-23T00:00,0.123,µg/m³,DICHOT,N/A
100111,ROCKY POINT PARK,Iron,2004-11-29T00:00,0.081,µg/m³,DICHOT,N/A
100111,ROCKY POINT PARK,Iron,2004-11-29T00:00,0.144,µg/m³,DICHOT,N/A
100111,ROCKY POINT PARK,Iron,2004-12-05T00:00,0.048,µg/m³,DICHOT,N/A
100111,ROCKY POINT PARK,Iron,2004-12-05T00:00,0.222,µg/m³,DICHOT,N/A
100111,ROCKY POINT PARK,Iron,2004-12-11T00:00,0.085,µg/m³,DICHOT,N/A
100111,ROCKY POINT PARK,Iron,2004-12-11T00:00,0.315,µg/m³,DICHOT,N/A
100111,ROCKY POINT PARK,Iron,2004-12-17T00:00,0.294,µg/m³,DICHOT,N/A
100111,ROCKY POINT PARK,Iron,2004-12-17T00:00,0.457,µg/m³,DICHOT,N/A
100111,ROCKY POINT PARK,Iron,2004-12-23T00:00,0.294,µg/m³,DICHOT,N/A
100111,ROCKY POINT PARK,Iron,2004-12-23T00:00,0.929,µg/m³,DICHOT,N/A
100111,ROCKY POINT PARK,Iron,2004-12-29T00:00,0.198,µg/m³,DICHOT,N/A
100111,ROCKY POINT PARK,Iron,2004-12-29T00:00,0.213,µg/m³,DICHOT,N/A
