﻿NAPS_Site_ID,Station_Name,Pollutant,Date,Value,Units,Report_Type,Method
30501,KEJIMKUJIK NATIONAL PARK,Anthanthrene,1995-01-10T00:00,0.000,µg/m³,PAH,N/A
30501,KEJIMKUJIK NATIONAL PARK,Anthanthrene,1995-01-22T00:00,0.000,µg/m³,PAH,N/A
30501,KEJIMKUJIK NATIONAL PARK,Anthanthrene,1995-02-02T00:00,0.000,µg/m³,PAH,N/A
30501,KEJIMKUJIK NATIONAL PARK,Anthanthrene,1995-02-26T00:00,0.000,µg/m³,PAH,N/A
30501,KEJIMKUJIK NATIONAL PARK,Anthanthrene,1995-03-10T00:00,0.000,µg/m³,PAH,N/A
30501,KEJIMKUJIK NATIONAL PARK,Anthanthrene,1995-04-15T00:00,0.000,µg/m³,PAH,N/A
30501,KEJIMKUJIK NATIONAL PARK,Anthanthrene,1995-04-27T00:00,0.000,µg/m³,PAH,N/A
30501,KEJIMKUJIK NATIONAL PARK,Anthanthrene,1995-05-09T00:00,0.000,µg/m³,PAH,N/A
30501,KEJIMKUJIK NATIONAL PARK,Anthanthrene,1995-06-02T00:00,0.000,µg/m³,PAH,N/A
30501,KEJIMKUJIK NATIONAL PARK,Anthanthrene,1995-06-14T00:00,0.000,µg/m³,PAH,N/A
30501,KEJIMKUJIK NATIONAL PARK,Anthanthrene,1995-06-26T00:00,0.000,µg/m³,PAH,N/A
30501,KEJIMKUJIK NATIONAL PARK,Anthanthrene,1995-08-01T00:00,0.000,µg/m³,PAH,N/A
30501,KEJIMKUJIK NATIONAL PARK,Anthanthrene,1995-09-06T00:00,0.000,µg/m³,PAH,N/A
30501,KEJIMKUJIK NATIONAL PARK,Anthanthrene,1995-10-12T00:00,0.000,µg/m³,PAH,N/A
30501,KEJIMKUJIK NATIONAL PARK,Anthanthrene,1995-10-24T00:00,0.000,µg/m³,PAH,N/A
30501,KEJIMKUJIK NATIONAL PARK,Anthanthrene,1995-11-05T00:00,0.000,µg/m³,PAH,N/A
30501,KEJIMKUJIK NATIONAL PARK,Anthanthrene,1995-11-17T00:00,0.000,µg/m³,PAH,N/A
30501,KEJIMKUJIK NATIONAL PARK,Anthanthrene,1995-11-29T00:00,0.000,µg/m³,PAH,N/A
30501,KEJIMKUJIK NATIONAL PARK,Anthanthrene,1995-12-11T00:00,0.000,µg/m³,PAH,N/A
30501,KEJIMKUJIK NATIONAL PARK,Anthanthrene,1995-12-23T00:00,0.000,µg/m³,PAH,N/A
