﻿NAPS_Site_ID,Station_Name,Pollutant,Date,Value,Units,Report_Type,Method
100121,SECOND NARROWS,Isopentane,2008-10-21T00:00,2.525,µg/m³,VOC,N/A
100121,SECOND NARROWS,Isopentane,2008-11-02T00:00,4.525,µg/m³,VOC,N/A
100121,SECOND NARROWS,Isopentane,2008-11-08T00:00,3.041,µg/m³,VOC,N/A
100121,SECOND NARROWS,Isopentane,2008-11-14T00:00,4.544,µg/m³,VOC,N/A
100121,SECOND NARROWS,Isopentane,2008-11-20T00:00,13.554,µg/m³,VOC,N/A
100121,SECOND NARROWS,Isopentane,2008-11-26T00:00,3.673,µg/m³,VOC,N/A
100121,SECOND NARROWS,Isopentane,2008-12-02T00:00,3.400,µg/m³,VOC,N/A
100121,SECOND NARROWS,Isopentane,2008-12-08T00:00,2.940,µg/m³,VOC,N/A
100121,SECOND NARROWS,Isopentane,2008-12-14T00:00,0.982,µg/m³,VOC,N/A
100121,SECOND NARROWS,Isopentane,2008-12-20T00:00,3.557,µg/m³,VOC,N/A
100121,SECOND NARROWS,Isopentane,2008-12-26T00:00,2.705,µg/m³,VOC,N/A
