﻿NAPS_Site_ID,Station_Name,Pollutant,Date,Value,Units,Report_Type,Method
100110,KENSINGTON PARK,Methylcyclohexane,1994-02-07T00:00,0.386,µg/m³,VOC,
100110,KENSINGTON PARK,Methylcyclohexane,1994-03-15T00:00,1.041,µg/m³,VOC,
100110,KENSINGTON PARK,Methylcyclohexane,1994-04-20T00:00,0.983,µg/m³,VOC,
100110,KENSINGTON PARK,Methylcyclohexane,1994-05-26T00:00,0.247,µg/m³,VOC,
100110,KENSINGTON PARK,Methylcyclohexane,1994-07-07T00:00,0.866,µg/m³,VOC,
100110,KENSINGTON PARK,Methylcyclohexane,1994-08-12T00:00,0.741,µg/m³,VOC,
100110,KENSINGTON PARK,Methylcyclohexane,1994-10-05T00:00,1.738,µg/m³,VOC,
100110,KENSINGTON PARK,Methylcyclohexane,1994-11-10T00:00,0.896,µg/m³,VOC,
100110,KENSINGTON PARK,Methylcyclohexane,1994-12-16T00:00,0.398,µg/m³,VOC,
