﻿NAPS_Site_ID,Station_Name,Pollutant,Date,Value,Units,Report_Type,Method
100127,SURREY EAST,"2,3-Dimethylpentane",2006-01-11T00:00,0.078,µg/m³,VOC,
100127,SURREY EAST,"2,3-Dimethylpentane",2006-01-29T00:00,0.094,µg/m³,VOC,
100127,SURREY EAST,"2,3-Dimethylpentane",2006-02-16T00:00,0.102,µg/m³,VOC,
100127,SURREY EAST,"2,3-Dimethylpentane",2006-03-06T00:00,0.067,µg/m³,VOC,
100127,SURREY EAST,"2,3-Dimethylpentane",2006-03-24T00:00,0.183,µg/m³,VOC,
100127,SURREY EAST,"2,3-Dimethylpentane",2006-04-12T00:00,0.216,µg/m³,VOC,
100127,SURREY EAST,"2,3-Dimethylpentane",2006-04-29T00:00,0.204,µg/m³,VOC,
100127,SURREY EAST,"2,3-Dimethylpentane",2006-05-17T00:00,0.209,µg/m³,VOC,
100127,SURREY EAST,"2,3-Dimethylpentane",2006-06-04T00:00,0.148,µg/m³,VOC,
100127,SURREY EAST,"2,3-Dimethylpentane",2006-06-22T00:00,0.143,µg/m³,VOC,
100127,SURREY EAST,"2,3-Dimethylpentane",2006-07-10T00:00,0.106,µg/m³,VOC,
100127,SURREY EAST,"2,3-Dimethylpentane",2006-07-28T00:00,0.148,µg/m³,VOC,
100127,SURREY EAST,"2,3-Dimethylpentane",2006-08-21T00:00,0.551,µg/m³,VOC,
100127,SURREY EAST,"2,3-Dimethylpentane",2006-09-08T00:00,0.378,µg/m³,VOC,
100127,SURREY EAST,"2,3-Dimethylpentane",2006-09-26T00:00,0.566,µg/m³,VOC,
100127,SURREY EAST,"2,3-Dimethylpentane",2006-10-08T00:00,0.241,µg/m³,VOC,
100127,SURREY EAST,"2,3-Dimethylpentane",2006-11-13T00:00,0.091,µg/m³,VOC,
100127,SURREY EAST,"2,3-Dimethylpentane",2006-12-25T00:00,0.108,µg/m³,VOC,
100127,SURREY EAST,"2,3-Dimethylpentane",2006-12-31T00:00,0.381,µg/m³,VOC,
