﻿NAPS_Site_ID,Station_Name,Pollutant,Date,Value,Units,Report_Type,Method
50104,ONTARIO,"Indeno(1,2,3-cd)Pyrene",1994-01-20T00:00,0.001,µg/m³,PAH,
50104,ONTARIO,"Indeno(1,2,3-cd)Pyrene",1994-02-01T00:00,0.003,µg/m³,PAH,
50104,ONTARIO,"Indeno(1,2,3-cd)Pyrene",1994-02-25T00:00,0.000,µg/m³,PAH,
50104,ONTARIO,"Indeno(1,2,3-cd)Pyrene",1994-03-09T00:00,0.001,µg/m³,PAH,
50104,ONTARIO,"Indeno(1,2,3-cd)Pyrene",1994-03-21T00:00,0.002,µg/m³,PAH,
50104,ONTARIO,"Indeno(1,2,3-cd)Pyrene",1994-04-02T00:00,0.001,µg/m³,PAH,
50104,ONTARIO,"Indeno(1,2,3-cd)Pyrene",1994-05-02T00:00,0.000,µg/m³,PAH,
50104,ONTARIO,"Indeno(1,2,3-cd)Pyrene",1994-05-14T00:00,0.000,µg/m³,PAH,
50104,ONTARIO,"Indeno(1,2,3-cd)Pyrene",1994-05-26T00:00,0.000,µg/m³,PAH,
50104,ONTARIO,"Indeno(1,2,3-cd)Pyrene",1994-06-07T00:00,0.000,µg/m³,PAH,
50104,ONTARIO,"Indeno(1,2,3-cd)Pyrene",1994-07-01T00:00,0.000,µg/m³,PAH,
50104,ONTARIO,"Indeno(1,2,3-cd)Pyrene",1994-07-25T00:00,0.000,µg/m³,PAH,
50104,ONTARIO,"Indeno(1,2,3-cd)Pyrene",1994-08-06T00:00,0.000,µg/m³,PAH,
50104,ONTARIO,"Indeno(1,2,3-cd)Pyrene",1994-08-18T00:00,0.001,µg/m³,PAH,
50104,ONTARIO,"Indeno(1,2,3-cd)Pyrene",1994-08-30T00:00,0.000,µg/m³,PAH,
50104,ONTARIO,"Indeno(1,2,3-cd)Pyrene",1994-09-11T00:00,0.000,µg/m³,PAH,
50104,ONTARIO,"Indeno(1,2,3-cd)Pyrene",1994-10-17T00:00,0.002,µg/m³,PAH,
50104,ONTARIO,"Indeno(1,2,3-cd)Pyrene",1994-11-10T00:00,0.000,µg/m³,PAH,
50104,ONTARIO,"Indeno(1,2,3-cd)Pyrene",1994-11-27T00:00,0.000,µg/m³,PAH,
50104,ONTARIO,"Indeno(1,2,3-cd)Pyrene",1994-12-02T00:00,0.001,µg/m³,PAH,
50104,ONTARIO,"Indeno(1,2,3-cd)Pyrene",1994-12-16T00:00,0.001,µg/m³,PAH,
50104,ONTARIO,"Indeno(1,2,3-cd)Pyrene",1994-12-28T00:00,0.002,µg/m³,PAH,
