﻿NAPS_Site_ID,Station_Name,Pollutant,Date,Value,Units,Report_Type,Method
61502,WEST AVE. & HOMEWOOD _KITCHENER_,1-Methylcyclopentene,2013-01-03T19:00,0.004,µg/m³,VOC,N/A
61502,WEST AVE. & HOMEWOOD _KITCHENER_,1-Methylcyclopentene,2013-01-09T19:00,0.016,µg/m³,VOC,N/A
61502,WEST AVE. & HOMEWOOD _KITCHENER_,1-Methylcyclopentene,2013-01-15T19:00,0.013,µg/m³,VOC,N/A
61502,WEST AVE. & HOMEWOOD _KITCHENER_,1-Methylcyclopentene,2013-01-21T19:00,0.003,µg/m³,VOC,N/A
61502,WEST AVE. & HOMEWOOD _KITCHENER_,1-Methylcyclopentene,2013-01-27T19:00,0.010,µg/m³,VOC,N/A
61502,WEST AVE. & HOMEWOOD _KITCHENER_,1-Methylcyclopentene,2013-02-02T19:00,0.015,µg/m³,VOC,N/A
61502,WEST AVE. & HOMEWOOD _KITCHENER_,1-Methylcyclopentene,2013-02-08T19:00,0.031,µg/m³,VOC,N/A
61502,WEST AVE. & HOMEWOOD _KITCHENER_,1-Methylcyclopentene,2013-02-14T19:00,0.004,µg/m³,VOC,N/A
61502,WEST AVE. & HOMEWOOD _KITCHENER_,1-Methylcyclopentene,2013-02-20T19:00,0.003,µg/m³,VOC,N/A
61502,WEST AVE. & HOMEWOOD _KITCHENER_,1-Methylcyclopentene,2013-02-26T19:00,0.006,µg/m³,VOC,N/A
61502,WEST AVE. & HOMEWOOD _KITCHENER_,1-Methylcyclopentene,2013-03-04T19:00,0.004,µg/m³,VOC,N/A
61502,WEST AVE. & HOMEWOOD _KITCHENER_,1-Methylcyclopentene,2013-03-10T20:00,0.004,µg/m³,VOC,N/A
61502,WEST AVE. & HOMEWOOD _KITCHENER_,1-Methylcyclopentene,2013-03-16T20:00,0.000,µg/m³,VOC,N/A
61502,WEST AVE. & HOMEWOOD _KITCHENER_,1-Methylcyclopentene,2013-03-22T20:00,0.001,µg/m³,VOC,N/A
61502,WEST AVE. & HOMEWOOD _KITCHENER_,1-Methylcyclopentene,2013-03-28T20:00,0.002,µg/m³,VOC,N/A
61502,WEST AVE. & HOMEWOOD _KITCHENER_,1-Methylcyclopentene,2013-04-03T20:00,0.002,µg/m³,VOC,N/A
61502,WEST AVE. & HOMEWOOD _KITCHENER_,1-Methylcyclopentene,2013-04-09T20:00,0.005,µg/m³,VOC,N/A
61502,WEST AVE. & HOMEWOOD _KITCHENER_,1-Methylcyclopentene,2013-04-15T20:00,0.004,µg/m³,VOC,N/A
61502,WEST AVE. & HOMEWOOD _KITCHENER_,1-Methylcyclopentene,2013-04-21T20:00,0.003,µg/m³,VOC,N/A
61502,WEST AVE. & HOMEWOOD _KITCHENER_,1-Methylcyclopentene,2013-04-27T20:00,0.004,µg/m³,VOC,N/A
61502,WEST AVE. & HOMEWOOD _KITCHENER_,1-Methylcyclopentene,2013-05-03T20:00,0.005,µg/m³,VOC,N/A
61502,WEST AVE. & HOMEWOOD _KITCHENER_,1-Methylcyclopentene,2013-05-09T20:00,0.013,µg/m³,VOC,N/A
61502,WEST AVE. & HOMEWOOD _KITCHENER_,1-Methylcyclopentene,2013-05-15T20:00,0.007,µg/m³,VOC,N/A
61502,WEST AVE. & HOMEWOOD _KITCHENER_,1-Methylcyclopentene,2013-05-21T20:00,0.012,µg/m³,VOC,N/A
61502,WEST AVE. & HOMEWOOD _KITCHENER_,1-Methylcyclopentene,2013-05-27T20:00,0.004,µg/m³,VOC,N/A
61502,WEST AVE. & HOMEWOOD _KITCHENER_,1-Methylcyclopentene,2013-06-02T20:00,0.003,µg/m³,VOC,N/A
61502,WEST AVE. & HOMEWOOD _KITCHENER_,1-Methylcyclopentene,2013-06-08T20:00,0.005,µg/m³,VOC,N/A
61502,WEST AVE. & HOMEWOOD _KITCHENER_,1-Methylcyclopentene,2013-06-14T20:00,0.031,µg/m³,VOC,N/A
61502,WEST AVE. & HOMEWOOD _KITCHENER_,1-Methylcyclopentene,2013-06-20T20:00,0.009,µg/m³,VOC,N/A
61502,WEST AVE. & HOMEWOOD _KITCHENER_,1-Methylcyclopentene,2013-06-26T20:00,0.009,µg/m³,VOC,N/A
61502,WEST AVE. & HOMEWOOD _KITCHENER_,1-Methylcyclopentene,2013-07-02T20:00,0.004,µg/m³,VOC,N/A
61502,WEST AVE. & HOMEWOOD _KITCHENER_,1-Methylcyclopentene,2013-07-08T20:00,0.008,µg/m³,VOC,N/A
61502,WEST AVE. & HOMEWOOD _KITCHENER_,1-Methylcyclopentene,2013-07-14T20:00,0.009,µg/m³,VOC,N/A
61502,WEST AVE. & HOMEWOOD _KITCHENER_,1-Methylcyclopentene,2013-07-20T20:00,0.006,µg/m³,VOC,N/A
61502,WEST AVE. & HOMEWOOD _KITCHENER_,1-Methylcyclopentene,2013-07-26T20:00,0.005,µg/m³,VOC,N/A
61502,WEST AVE. & HOMEWOOD _KITCHENER_,1-Methylcyclopentene,2013-08-01T20:00,0.013,µg/m³,VOC,N/A
61502,WEST AVE. & HOMEWOOD _KITCHENER_,1-Methylcyclopentene,2013-08-07T20:00,0.006,µg/m³,VOC,N/A
61502,WEST AVE. & HOMEWOOD _KITCHENER_,1-Methylcyclopentene,2013-08-13T20:00,0.004,µg/m³,VOC,N/A
61502,WEST AVE. & HOMEWOOD _KITCHENER_,1-Methylcyclopentene,2013-08-19T20:00,0.005,µg/m³,VOC,N/A
61502,WEST AVE. & HOMEWOOD _KITCHENER_,1-Methylcyclopentene,2013-08-25T20:00,0.007,µg/m³,VOC,N/A
61502,WEST AVE. & HOMEWOOD _KITCHENER_,1-Methylcyclopentene,2013-08-31T20:00,0.004,µg/m³,VOC,N/A
61502,WEST AVE. & HOMEWOOD _KITCHENER_,1-Methylcyclopentene,2013-09-06T20:00,0.008,µg/m³,VOC,N/A
61502,WEST AVE. & HOMEWOOD _KITCHENER_,1-Methylcyclopentene,2013-09-12T20:00,0.003,µg/m³,VOC,N/A
61502,WEST AVE. & HOMEWOOD _KITCHENER_,1-Methylcyclopentene,2013-09-18T20:00,0.028,µg/m³,VOC,N/A
61502,WEST AVE. & HOMEWOOD _KITCHENER_,1-Methylcyclopentene,2013-09-24T20:00,0.033,µg/m³,VOC,N/A
61502,WEST AVE. & HOMEWOOD _KITCHENER_,1-Methylcyclopentene,2013-09-30T20:00,0.006,µg/m³,VOC,N/A
61502,WEST AVE. & HOMEWOOD _KITCHENER_,1-Methylcyclopentene,2013-10-06T20:00,0.004,µg/m³,VOC,N/A
61502,WEST AVE. & HOMEWOOD _KITCHENER_,1-Methylcyclopentene,2013-10-12T20:00,0.004,µg/m³,VOC,N/A
61502,WEST AVE. & HOMEWOOD _KITCHENER_,1-Methylcyclopentene,2013-10-18T20:00,0.004,µg/m³,VOC,N/A
61502,WEST AVE. & HOMEWOOD _KITCHENER_,1-Methylcyclopentene,2013-10-24T20:00,0.003,µg/m³,VOC,N/A
61502,WEST AVE. & HOMEWOOD _KITCHENER_,1-Methylcyclopentene,2013-11-05T19:00,0.004,µg/m³,VOC,N/A
61502,WEST AVE. & HOMEWOOD _KITCHENER_,1-Methylcyclopentene,2013-11-11T19:00,0.002,µg/m³,VOC,N/A
61502,WEST AVE. & HOMEWOOD _KITCHENER_,1-Methylcyclopentene,2013-11-17T19:00,0.003,µg/m³,VOC,N/A
61502,WEST AVE. & HOMEWOOD _KITCHENER_,1-Methylcyclopentene,2013-11-23T19:00,0.001,µg/m³,VOC,N/A
61502,WEST AVE. & HOMEWOOD _KITCHENER_,1-Methylcyclopentene,2013-11-29T19:00,0.008,µg/m³,VOC,N/A
61502,WEST AVE. & HOMEWOOD _KITCHENER_,1-Methylcyclopentene,2013-12-05T19:00,0.003,µg/m³,VOC,N/A
61502,WEST AVE. & HOMEWOOD _KITCHENER_,1-Methylcyclopentene,2013-12-17T19:00,0.006,µg/m³,VOC,N/A
61502,WEST AVE. & HOMEWOOD _KITCHENER_,1-Methylcyclopentene,2013-12-23T19:00,0.004,µg/m³,VOC,N/A
61502,WEST AVE. & HOMEWOOD _KITCHENER_,1-Methylcyclopentene,2013-12-29T19:00,0.000,µg/m³,VOC,N/A
