﻿NAPS_Site_ID,Station_Name,Pollutant,Date,Value,Units,Report_Type,Method
31201,GRANTON,Methylcyclopentane,2015-12-31T19:00,0.038,µg/m³,VOC,GC-MS
31201,GRANTON,Methylcyclopentane,2016-01-06T19:00,0.060,µg/m³,VOC,GC-MS
31201,GRANTON,Methylcyclopentane,2016-01-12T19:00,0.031,µg/m³,VOC,GC-MS
31201,GRANTON,Methylcyclopentane,2016-01-18T19:00,0.033,µg/m³,VOC,GC-MS
31201,GRANTON,Methylcyclopentane,2016-01-24T19:00,0.042,µg/m³,VOC,GC-MS
31201,GRANTON,Methylcyclopentane,2016-02-11T19:00,0.027,µg/m³,VOC,GC-MS
31201,GRANTON,Methylcyclopentane,2016-02-17T19:00,0.036,µg/m³,VOC,GC-MS
31201,GRANTON,Methylcyclopentane,2016-02-23T19:00,0.029,µg/m³,VOC,GC-MS
31201,GRANTON,Methylcyclopentane,2016-02-29T19:00,0.024,µg/m³,VOC,GC-MS
31201,GRANTON,Methylcyclopentane,2016-03-06T19:00,0.034,µg/m³,VOC,GC-MS
31201,GRANTON,Methylcyclopentane,2016-03-12T19:00,0.046,µg/m³,VOC,GC-MS
31201,GRANTON,Methylcyclopentane,2016-03-18T20:00,0.016,µg/m³,VOC,GC-MS
31201,GRANTON,Methylcyclopentane,2016-03-24T20:00,0.038,µg/m³,VOC,GC-MS
