﻿NAPS_Site_ID,Station_Name,Pollutant,Date,Value,Units,Report_Type,Method
100119,BURNABY SOUTH,"1,3,5-Trimethylbenzene",2008-01-01T00:00,0.038,µg/m³,VOC,
100119,BURNABY SOUTH,"1,3,5-Trimethylbenzene",2008-01-07T00:00,0.054,µg/m³,VOC,
100119,BURNABY SOUTH,"1,3,5-Trimethylbenzene",2008-01-13T00:00,0.056,µg/m³,VOC,
100119,BURNABY SOUTH,"1,3,5-Trimethylbenzene",2008-01-19T00:00,0.108,µg/m³,VOC,
100119,BURNABY SOUTH,"1,3,5-Trimethylbenzene",2008-01-25T00:00,0.191,µg/m³,VOC,
100119,BURNABY SOUTH,"1,3,5-Trimethylbenzene",2008-01-31T00:00,0.054,µg/m³,VOC,
100119,BURNABY SOUTH,"1,3,5-Trimethylbenzene",2008-02-06T00:00,0.096,µg/m³,VOC,
100119,BURNABY SOUTH,"1,3,5-Trimethylbenzene",2008-02-12T00:00,0.121,µg/m³,VOC,
100119,BURNABY SOUTH,"1,3,5-Trimethylbenzene",2008-02-18T00:00,0.381,µg/m³,VOC,
100119,BURNABY SOUTH,"1,3,5-Trimethylbenzene",2008-02-24T00:00,0.030,µg/m³,VOC,
100119,BURNABY SOUTH,"1,3,5-Trimethylbenzene",2008-03-01T00:00,0.059,µg/m³,VOC,
100119,BURNABY SOUTH,"1,3,5-Trimethylbenzene",2008-03-07T00:00,0.203,µg/m³,VOC,
100119,BURNABY SOUTH,"1,3,5-Trimethylbenzene",2008-03-13T00:00,0.185,µg/m³,VOC,
100119,BURNABY SOUTH,"1,3,5-Trimethylbenzene",2008-03-19T00:00,0.090,µg/m³,VOC,
100119,BURNABY SOUTH,"1,3,5-Trimethylbenzene",2008-03-25T00:00,0.094,µg/m³,VOC,
100119,BURNABY SOUTH,"1,3,5-Trimethylbenzene",2008-03-31T00:00,0.067,µg/m³,VOC,
100119,BURNABY SOUTH,"1,3,5-Trimethylbenzene",2008-04-06T00:00,0.049,µg/m³,VOC,
100119,BURNABY SOUTH,"1,3,5-Trimethylbenzene",2008-04-12T00:00,0.157,µg/m³,VOC,
100119,BURNABY SOUTH,"1,3,5-Trimethylbenzene",2008-04-18T00:00,0.049,µg/m³,VOC,
100119,BURNABY SOUTH,"1,3,5-Trimethylbenzene",2008-04-24T00:00,0.055,µg/m³,VOC,
100119,BURNABY SOUTH,"1,3,5-Trimethylbenzene",2008-04-30T00:00,0.104,µg/m³,VOC,
100119,BURNABY SOUTH,"1,3,5-Trimethylbenzene",2008-05-06T00:00,0.067,µg/m³,VOC,
100119,BURNABY SOUTH,"1,3,5-Trimethylbenzene",2008-05-12T00:00,0.065,µg/m³,VOC,
100119,BURNABY SOUTH,"1,3,5-Trimethylbenzene",2008-05-18T00:00,0.050,µg/m³,VOC,
100119,BURNABY SOUTH,"1,3,5-Trimethylbenzene",2008-05-24T00:00,0.110,µg/m³,VOC,
100119,BURNABY SOUTH,"1,3,5-Trimethylbenzene",2008-05-30T00:00,0.082,µg/m³,VOC,
100119,BURNABY SOUTH,"1,3,5-Trimethylbenzene",2008-06-05T00:00,0.088,µg/m³,VOC,
100119,BURNABY SOUTH,"1,3,5-Trimethylbenzene",2008-06-11T00:00,0.079,µg/m³,VOC,
100119,BURNABY SOUTH,"1,3,5-Trimethylbenzene",2008-06-17T00:00,0.052,µg/m³,VOC,
100119,BURNABY SOUTH,"1,3,5-Trimethylbenzene",2008-06-23T00:00,0.058,µg/m³,VOC,
100119,BURNABY SOUTH,"1,3,5-Trimethylbenzene",2008-07-05T00:00,0.045,µg/m³,VOC,
100119,BURNABY SOUTH,"1,3,5-Trimethylbenzene",2008-07-11T00:00,0.136,µg/m³,VOC,
100119,BURNABY SOUTH,"1,3,5-Trimethylbenzene",2008-07-17T00:00,0.064,µg/m³,VOC,
100119,BURNABY SOUTH,"1,3,5-Trimethylbenzene",2008-07-23T00:00,0.026,µg/m³,VOC,
100119,BURNABY SOUTH,"1,3,5-Trimethylbenzene",2008-07-29T00:00,0.075,µg/m³,VOC,
100119,BURNABY SOUTH,"1,3,5-Trimethylbenzene",2008-08-04T00:00,0.113,µg/m³,VOC,
100119,BURNABY SOUTH,"1,3,5-Trimethylbenzene",2008-08-10T00:00,0.056,µg/m³,VOC,
100119,BURNABY SOUTH,"1,3,5-Trimethylbenzene",2008-08-16T00:00,0.319,µg/m³,VOC,
100119,BURNABY SOUTH,"1,3,5-Trimethylbenzene",2008-08-22T00:00,0.161,µg/m³,VOC,
100119,BURNABY SOUTH,"1,3,5-Trimethylbenzene",2008-08-28T00:00,0.072,µg/m³,VOC,
100119,BURNABY SOUTH,"1,3,5-Trimethylbenzene",2008-09-03T00:00,0.121,µg/m³,VOC,
100119,BURNABY SOUTH,"1,3,5-Trimethylbenzene",2008-09-09T00:00,0.116,µg/m³,VOC,
100119,BURNABY SOUTH,"1,3,5-Trimethylbenzene",2008-09-15T00:00,0.303,µg/m³,VOC,
100119,BURNABY SOUTH,"1,3,5-Trimethylbenzene",2008-09-21T00:00,0.057,µg/m³,VOC,
100119,BURNABY SOUTH,"1,3,5-Trimethylbenzene",2008-09-27T00:00,0.098,µg/m³,VOC,
100119,BURNABY SOUTH,"1,3,5-Trimethylbenzene",2008-10-03T00:00,0.109,µg/m³,VOC,
100119,BURNABY SOUTH,"1,3,5-Trimethylbenzene",2008-10-09T00:00,0.226,µg/m³,VOC,
100119,BURNABY SOUTH,"1,3,5-Trimethylbenzene",2008-10-15T00:00,0.170,µg/m³,VOC,
100119,BURNABY SOUTH,"1,3,5-Trimethylbenzene",2008-10-21T00:00,0.138,µg/m³,VOC,
100119,BURNABY SOUTH,"1,3,5-Trimethylbenzene",2008-10-27T00:00,0.326,µg/m³,VOC,
100119,BURNABY SOUTH,"1,3,5-Trimethylbenzene",2008-11-02T00:00,0.053,µg/m³,VOC,
100119,BURNABY SOUTH,"1,3,5-Trimethylbenzene",2008-11-08T00:00,0.054,µg/m³,VOC,
100119,BURNABY SOUTH,"1,3,5-Trimethylbenzene",2008-11-14T00:00,0.125,µg/m³,VOC,
100119,BURNABY SOUTH,"1,3,5-Trimethylbenzene",2008-11-20T00:00,0.103,µg/m³,VOC,
100119,BURNABY SOUTH,"1,3,5-Trimethylbenzene",2008-11-26T00:00,0.401,µg/m³,VOC,
100119,BURNABY SOUTH,"1,3,5-Trimethylbenzene",2008-12-02T00:00,0.122,µg/m³,VOC,
100119,BURNABY SOUTH,"1,3,5-Trimethylbenzene",2008-12-08T00:00,0.142,µg/m³,VOC,
100119,BURNABY SOUTH,"1,3,5-Trimethylbenzene",2008-12-14T00:00,0.016,µg/m³,VOC,
100119,BURNABY SOUTH,"1,3,5-Trimethylbenzene",2008-12-20T00:00,0.002,µg/m³,VOC,
100119,BURNABY SOUTH,"1,3,5-Trimethylbenzene",2008-12-26T00:00,0.044,µg/m³,VOC,
