﻿NAPS_Site_ID,Station_Name,Pollutant,Date,Value,Units,Report_Type,Method
100137,BURNABY NORTH,trans-2-Hexene,2006-01-05T00:00,0.064,µg/m³,VOC,GC-MS
100137,BURNABY NORTH,trans-2-Hexene,2006-01-11T00:00,0.208,µg/m³,VOC,GC-MS
100137,BURNABY NORTH,trans-2-Hexene,2006-01-17T00:00,0.780,µg/m³,VOC,GC-MS
100137,BURNABY NORTH,trans-2-Hexene,2006-01-29T00:00,0.887,µg/m³,VOC,GC-MS
100137,BURNABY NORTH,trans-2-Hexene,2006-02-04T00:00,0.043,µg/m³,VOC,GC-MS
100137,BURNABY NORTH,trans-2-Hexene,2006-02-10T00:00,0.548,µg/m³,VOC,GC-MS
100137,BURNABY NORTH,trans-2-Hexene,2006-02-16T00:00,0.884,µg/m³,VOC,GC-MS
100137,BURNABY NORTH,trans-2-Hexene,2006-02-22T00:00,0.276,µg/m³,VOC,GC-MS
100137,BURNABY NORTH,trans-2-Hexene,2006-02-28T00:00,0.051,µg/m³,VOC,GC-MS
100137,BURNABY NORTH,trans-2-Hexene,2006-03-06T00:00,0.019,µg/m³,VOC,GC-MS
100137,BURNABY NORTH,trans-2-Hexene,2006-03-12T00:00,0.321,µg/m³,VOC,GC-MS
100137,BURNABY NORTH,trans-2-Hexene,2006-03-18T00:00,0.563,µg/m³,VOC,GC-MS
100137,BURNABY NORTH,trans-2-Hexene,2006-03-24T00:00,0.055,µg/m³,VOC,GC-MS
100137,BURNABY NORTH,trans-2-Hexene,2006-04-05T00:00,1.862,µg/m³,VOC,GC-MS
100137,BURNABY NORTH,trans-2-Hexene,2006-04-11T00:00,0.956,µg/m³,VOC,GC-MS
100137,BURNABY NORTH,trans-2-Hexene,2006-04-17T00:00,1.733,µg/m³,VOC,GC-MS
100137,BURNABY NORTH,trans-2-Hexene,2006-04-23T00:00,0.092,µg/m³,VOC,GC-MS
100137,BURNABY NORTH,trans-2-Hexene,2006-04-29T00:00,0.146,µg/m³,VOC,GC-MS
100137,BURNABY NORTH,trans-2-Hexene,2006-05-05T00:00,0.174,µg/m³,VOC,GC-MS
100137,BURNABY NORTH,trans-2-Hexene,2006-05-11T00:00,0.725,µg/m³,VOC,GC-MS
100137,BURNABY NORTH,trans-2-Hexene,2006-05-17T00:00,0.505,µg/m³,VOC,GC-MS
100137,BURNABY NORTH,trans-2-Hexene,2006-05-23T00:00,0.353,µg/m³,VOC,GC-MS
100137,BURNABY NORTH,trans-2-Hexene,2006-05-29T00:00,0.317,µg/m³,VOC,GC-MS
100137,BURNABY NORTH,trans-2-Hexene,2006-06-04T00:00,0.242,µg/m³,VOC,GC-MS
100137,BURNABY NORTH,trans-2-Hexene,2006-06-10T00:00,0.276,µg/m³,VOC,GC-MS
100137,BURNABY NORTH,trans-2-Hexene,2006-06-16T00:00,0.060,µg/m³,VOC,GC-MS
100137,BURNABY NORTH,trans-2-Hexene,2006-06-28T00:00,0.193,µg/m³,VOC,GC-MS
100137,BURNABY NORTH,trans-2-Hexene,2006-07-04T00:00,0.080,µg/m³,VOC,GC-MS
100137,BURNABY NORTH,trans-2-Hexene,2006-07-10T00:00,0.062,µg/m³,VOC,GC-MS
100137,BURNABY NORTH,trans-2-Hexene,2006-07-16T00:00,0.362,µg/m³,VOC,GC-MS
100137,BURNABY NORTH,trans-2-Hexene,2006-07-22T00:00,0.837,µg/m³,VOC,GC-MS
100137,BURNABY NORTH,trans-2-Hexene,2006-07-28T00:00,0.435,µg/m³,VOC,GC-MS
100137,BURNABY NORTH,trans-2-Hexene,2006-08-03T00:00,1.352,µg/m³,VOC,GC-MS
100137,BURNABY NORTH,trans-2-Hexene,2006-08-09T00:00,1.272,µg/m³,VOC,GC-MS
100137,BURNABY NORTH,trans-2-Hexene,2006-10-26T00:00,0.189,µg/m³,VOC,GC-MS
100137,BURNABY NORTH,trans-2-Hexene,2006-11-01T00:00,1.694,µg/m³,VOC,GC-MS
100137,BURNABY NORTH,trans-2-Hexene,2006-11-07T00:00,0.533,µg/m³,VOC,GC-MS
100137,BURNABY NORTH,trans-2-Hexene,2006-11-13T00:00,0.168,µg/m³,VOC,GC-MS
100137,BURNABY NORTH,trans-2-Hexene,2006-11-19T00:00,0.250,µg/m³,VOC,GC-MS
100137,BURNABY NORTH,trans-2-Hexene,2006-11-25T00:00,0.103,µg/m³,VOC,GC-MS
100137,BURNABY NORTH,trans-2-Hexene,2006-12-01T00:00,0.267,µg/m³,VOC,GC-MS
100137,BURNABY NORTH,trans-2-Hexene,2006-12-07T00:00,0.501,µg/m³,VOC,GC-MS
100137,BURNABY NORTH,trans-2-Hexene,2006-12-13T00:00,0.065,µg/m³,VOC,GC-MS
100137,BURNABY NORTH,trans-2-Hexene,2006-12-19T00:00,0.249,µg/m³,VOC,GC-MS
100137,BURNABY NORTH,trans-2-Hexene,2006-12-25T00:00,0.309,µg/m³,VOC,GC-MS
100137,BURNABY NORTH,trans-2-Hexene,2006-12-31T00:00,1.298,µg/m³,VOC,GC-MS
