﻿NAPS_Site_ID,Station_Name,Pollutant,Date,Value,Units,Report_Type,Method
55201,LEMIEUX,Toluene,2013-01-01T00:00,0.119,µg/m³,VOC,N/A
55201,LEMIEUX,Toluene,2013-01-04T00:00,0.464,µg/m³,VOC,N/A
55201,LEMIEUX,Toluene,2013-01-07T00:00,0.274,µg/m³,VOC,N/A
55201,LEMIEUX,Toluene,2013-01-13T00:00,0.851,µg/m³,VOC,N/A
55201,LEMIEUX,Toluene,2013-01-28T00:00,0.296,µg/m³,VOC,N/A
55201,LEMIEUX,Toluene,2013-01-31T00:00,0.246,µg/m³,VOC,N/A
55201,LEMIEUX,Toluene,2013-02-03T00:00,0.210,µg/m³,VOC,N/A
55201,LEMIEUX,Toluene,2013-02-06T00:00,0.217,µg/m³,VOC,N/A
55201,LEMIEUX,Toluene,2013-02-09T00:00,0.104,µg/m³,VOC,N/A
55201,LEMIEUX,Toluene,2013-02-12T00:00,0.364,µg/m³,VOC,N/A
55201,LEMIEUX,Toluene,2013-02-15T00:00,0.272,µg/m³,VOC,N/A
55201,LEMIEUX,Toluene,2013-02-18T00:00,0.097,µg/m³,VOC,N/A
55201,LEMIEUX,Toluene,2013-02-21T00:00,0.933,µg/m³,VOC,N/A
55201,LEMIEUX,Toluene,2013-02-24T00:00,0.358,µg/m³,VOC,N/A
55201,LEMIEUX,Toluene,2013-02-27T00:00,0.110,µg/m³,VOC,N/A
55201,LEMIEUX,Toluene,2013-03-02T00:00,0.118,µg/m³,VOC,N/A
55201,LEMIEUX,Toluene,2013-03-05T00:00,0.162,µg/m³,VOC,N/A
55201,LEMIEUX,Toluene,2013-03-08T00:00,0.076,µg/m³,VOC,N/A
55201,LEMIEUX,Toluene,2013-03-29T00:00,0.084,µg/m³,VOC,N/A
55201,LEMIEUX,Toluene,2013-04-01T00:00,0.117,µg/m³,VOC,N/A
55201,LEMIEUX,Toluene,2013-04-04T00:00,0.155,µg/m³,VOC,N/A
55201,LEMIEUX,Toluene,2013-04-07T00:00,0.132,µg/m³,VOC,N/A
55201,LEMIEUX,Toluene,2013-04-10T00:00,0.026,µg/m³,VOC,N/A
55201,LEMIEUX,Toluene,2013-04-13T00:00,0.153,µg/m³,VOC,N/A
55201,LEMIEUX,Toluene,2013-04-16T00:00,0.132,µg/m³,VOC,N/A
55201,LEMIEUX,Toluene,2013-04-19T00:00,0.112,µg/m³,VOC,N/A
55201,LEMIEUX,Toluene,2013-04-22T00:00,0.088,µg/m³,VOC,N/A
55201,LEMIEUX,Toluene,2013-04-28T00:00,0.063,µg/m³,VOC,N/A
55201,LEMIEUX,Toluene,2013-05-01T00:00,0.226,µg/m³,VOC,N/A
55201,LEMIEUX,Toluene,2013-05-04T00:00,0.118,µg/m³,VOC,N/A
55201,LEMIEUX,Toluene,2013-05-07T00:00,0.151,µg/m³,VOC,N/A
55201,LEMIEUX,Toluene,2013-05-10T00:00,0.040,µg/m³,VOC,N/A
55201,LEMIEUX,Toluene,2013-05-13T00:00,0.210,µg/m³,VOC,N/A
55201,LEMIEUX,Toluene,2013-05-16T00:00,0.150,µg/m³,VOC,N/A
55201,LEMIEUX,Toluene,2013-05-19T00:00,0.050,µg/m³,VOC,N/A
55201,LEMIEUX,Toluene,2013-05-22T00:00,0.231,µg/m³,VOC,N/A
55201,LEMIEUX,Toluene,2013-05-25T00:00,0.082,µg/m³,VOC,N/A
55201,LEMIEUX,Toluene,2013-05-28T00:00,0.099,µg/m³,VOC,N/A
55201,LEMIEUX,Toluene,2013-05-31T00:00,0.291,µg/m³,VOC,N/A
55201,LEMIEUX,Toluene,2013-06-03T00:00,0.180,µg/m³,VOC,N/A
55201,LEMIEUX,Toluene,2013-06-06T00:00,0.117,µg/m³,VOC,N/A
55201,LEMIEUX,Toluene,2013-06-09T00:00,0.135,µg/m³,VOC,N/A
55201,LEMIEUX,Toluene,2013-06-12T00:00,0.080,µg/m³,VOC,N/A
55201,LEMIEUX,Toluene,2013-06-15T00:00,0.064,µg/m³,VOC,N/A
55201,LEMIEUX,Toluene,2013-06-18T00:00,0.171,µg/m³,VOC,N/A
55201,LEMIEUX,Toluene,2013-06-21T00:00,0.107,µg/m³,VOC,N/A
55201,LEMIEUX,Toluene,2013-06-24T00:00,0.344,µg/m³,VOC,N/A
55201,LEMIEUX,Toluene,2013-06-27T00:00,0.551,µg/m³,VOC,N/A
55201,LEMIEUX,Toluene,2013-06-30T00:00,0.107,µg/m³,VOC,N/A
55201,LEMIEUX,Toluene,2013-07-03T00:00,0.164,µg/m³,VOC,N/A
55201,LEMIEUX,Toluene,2013-07-06T00:00,0.191,µg/m³,VOC,N/A
55201,LEMIEUX,Toluene,2013-07-09T00:00,0.230,µg/m³,VOC,N/A
55201,LEMIEUX,Toluene,2013-07-12T00:00,0.099,µg/m³,VOC,N/A
55201,LEMIEUX,Toluene,2013-07-15T00:00,0.114,µg/m³,VOC,N/A
55201,LEMIEUX,Toluene,2013-07-18T00:00,0.138,µg/m³,VOC,N/A
55201,LEMIEUX,Toluene,2013-07-21T00:00,0.061,µg/m³,VOC,N/A
55201,LEMIEUX,Toluene,2013-07-24T00:00,0.069,µg/m³,VOC,N/A
55201,LEMIEUX,Toluene,2013-07-27T00:00,0.198,µg/m³,VOC,N/A
55201,LEMIEUX,Toluene,2013-07-30T00:00,0.074,µg/m³,VOC,N/A
55201,LEMIEUX,Toluene,2013-08-02T00:00,0.114,µg/m³,VOC,N/A
55201,LEMIEUX,Toluene,2013-08-05T00:00,0.148,µg/m³,VOC,N/A
55201,LEMIEUX,Toluene,2013-08-08T00:00,0.804,µg/m³,VOC,N/A
55201,LEMIEUX,Toluene,2013-08-11T00:00,0.076,µg/m³,VOC,N/A
55201,LEMIEUX,Toluene,2013-08-14T00:00,0.234,µg/m³,VOC,N/A
55201,LEMIEUX,Toluene,2013-08-17T00:00,0.072,µg/m³,VOC,N/A
55201,LEMIEUX,Toluene,2013-08-20T00:00,0.278,µg/m³,VOC,N/A
55201,LEMIEUX,Toluene,2013-08-23T00:00,0.032,µg/m³,VOC,N/A
55201,LEMIEUX,Toluene,2013-08-26T00:00,0.206,µg/m³,VOC,N/A
55201,LEMIEUX,Toluene,2013-08-29T00:00,0.354,µg/m³,VOC,N/A
55201,LEMIEUX,Toluene,2013-09-01T00:00,0.334,µg/m³,VOC,N/A
55201,LEMIEUX,Toluene,2013-09-04T00:00,0.148,µg/m³,VOC,N/A
55201,LEMIEUX,Toluene,2013-09-07T00:00,0.770,µg/m³,VOC,N/A
55201,LEMIEUX,Toluene,2013-09-10T00:00,0.352,µg/m³,VOC,N/A
55201,LEMIEUX,Toluene,2013-09-13T00:00,0.044,µg/m³,VOC,N/A
55201,LEMIEUX,Toluene,2013-09-16T00:00,0.020,µg/m³,VOC,N/A
55201,LEMIEUX,Toluene,2013-09-19T00:00,0.528,µg/m³,VOC,N/A
55201,LEMIEUX,Toluene,2013-09-22T00:00,0.042,µg/m³,VOC,N/A
55201,LEMIEUX,Toluene,2013-09-25T00:00,0.120,µg/m³,VOC,N/A
55201,LEMIEUX,Toluene,2013-09-28T00:00,0.442,µg/m³,VOC,N/A
55201,LEMIEUX,Toluene,2013-10-01T00:00,0.352,µg/m³,VOC,N/A
55201,LEMIEUX,Toluene,2013-10-04T00:00,0.086,µg/m³,VOC,N/A
55201,LEMIEUX,Toluene,2013-10-10T00:00,0.206,µg/m³,VOC,N/A
55201,LEMIEUX,Toluene,2013-10-13T00:00,0.238,µg/m³,VOC,N/A
55201,LEMIEUX,Toluene,2013-10-16T00:00,0.184,µg/m³,VOC,N/A
55201,LEMIEUX,Toluene,2013-10-19T00:00,0.174,µg/m³,VOC,N/A
55201,LEMIEUX,Toluene,2013-10-22T00:00,0.294,µg/m³,VOC,N/A
55201,LEMIEUX,Toluene,2013-10-25T00:00,0.118,µg/m³,VOC,N/A
55201,LEMIEUX,Toluene,2013-10-28T00:00,0.404,µg/m³,VOC,N/A
55201,LEMIEUX,Toluene,2013-10-31T00:00,0.420,µg/m³,VOC,N/A
55201,LEMIEUX,Toluene,2013-11-03T00:00,0.040,µg/m³,VOC,N/A
55201,LEMIEUX,Toluene,2013-11-06T00:00,0.394,µg/m³,VOC,N/A
55201,LEMIEUX,Toluene,2013-11-09T00:00,0.338,µg/m³,VOC,N/A
55201,LEMIEUX,Toluene,2013-11-12T00:00,0.100,µg/m³,VOC,N/A
55201,LEMIEUX,Toluene,2013-11-15T00:00,0.654,µg/m³,VOC,N/A
55201,LEMIEUX,Toluene,2013-11-18T00:00,0.358,µg/m³,VOC,N/A
55201,LEMIEUX,Toluene,2013-11-21T00:00,0.390,µg/m³,VOC,N/A
55201,LEMIEUX,Toluene,2013-11-27T00:00,0.402,µg/m³,VOC,N/A
55201,LEMIEUX,Toluene,2013-11-30T00:00,0.298,µg/m³,VOC,N/A
55201,LEMIEUX,Toluene,2013-12-03T00:00,0.714,µg/m³,VOC,N/A
55201,LEMIEUX,Toluene,2013-12-06T00:00,0.280,µg/m³,VOC,N/A
55201,LEMIEUX,Toluene,2013-12-09T00:00,0.190,µg/m³,VOC,N/A
55201,LEMIEUX,Toluene,2013-12-12T00:00,0.402,µg/m³,VOC,N/A
55201,LEMIEUX,Toluene,2013-12-15T00:00,0.288,µg/m³,VOC,N/A
55201,LEMIEUX,Toluene,2013-12-18T00:00,0.544,µg/m³,VOC,N/A
55201,LEMIEUX,Toluene,2013-12-21T00:00,0.234,µg/m³,VOC,N/A
55201,LEMIEUX,Toluene,2013-12-24T00:00,0.258,µg/m³,VOC,N/A
55201,LEMIEUX,Toluene,2013-12-27T00:00,0.178,µg/m³,VOC,N/A
55201,LEMIEUX,Toluene,2013-12-30T00:00,0.042,µg/m³,VOC,N/A
