﻿NAPS_Site_ID,Station_Name,Pollutant,Date,Value,Units,Report_Type,Method
60903,LONDON AQI SITE _LONDON_ 900_HGHBURYAVE,"2,3-Dimethylpentane",1999-01-06T00:00,0.192,µg/m³,VOC,N/A
60903,LONDON AQI SITE _LONDON_ 900_HGHBURYAVE,"2,3-Dimethylpentane",1999-01-12T00:00,0.352,µg/m³,VOC,N/A
60903,LONDON AQI SITE _LONDON_ 900_HGHBURYAVE,"2,3-Dimethylpentane",1999-01-18T00:00,0.202,µg/m³,VOC,N/A
60903,LONDON AQI SITE _LONDON_ 900_HGHBURYAVE,"2,3-Dimethylpentane",1999-01-24T00:00,0.188,µg/m³,VOC,N/A
60903,LONDON AQI SITE _LONDON_ 900_HGHBURYAVE,"2,3-Dimethylpentane",1999-01-31T00:00,0.360,µg/m³,VOC,N/A
60903,LONDON AQI SITE _LONDON_ 900_HGHBURYAVE,"2,3-Dimethylpentane",1999-02-05T00:00,0.220,µg/m³,VOC,N/A
60903,LONDON AQI SITE _LONDON_ 900_HGHBURYAVE,"2,3-Dimethylpentane",1999-02-23T00:00,0.150,µg/m³,VOC,N/A
60903,LONDON AQI SITE _LONDON_ 900_HGHBURYAVE,"2,3-Dimethylpentane",1999-03-01T00:00,0.130,µg/m³,VOC,N/A
60903,LONDON AQI SITE _LONDON_ 900_HGHBURYAVE,"2,3-Dimethylpentane",1999-03-07T00:00,0.190,µg/m³,VOC,N/A
60903,LONDON AQI SITE _LONDON_ 900_HGHBURYAVE,"2,3-Dimethylpentane",1999-03-13T00:00,0.140,µg/m³,VOC,N/A
60903,LONDON AQI SITE _LONDON_ 900_HGHBURYAVE,"2,3-Dimethylpentane",1999-03-25T00:00,0.070,µg/m³,VOC,N/A
60903,LONDON AQI SITE _LONDON_ 900_HGHBURYAVE,"2,3-Dimethylpentane",1999-03-31T00:00,0.130,µg/m³,VOC,N/A
60903,LONDON AQI SITE _LONDON_ 900_HGHBURYAVE,"2,3-Dimethylpentane",1999-04-06T00:00,0.120,µg/m³,VOC,N/A
60903,LONDON AQI SITE _LONDON_ 900_HGHBURYAVE,"2,3-Dimethylpentane",1999-04-12T00:00,0.110,µg/m³,VOC,N/A
60903,LONDON AQI SITE _LONDON_ 900_HGHBURYAVE,"2,3-Dimethylpentane",1999-04-18T00:00,0.110,µg/m³,VOC,N/A
60903,LONDON AQI SITE _LONDON_ 900_HGHBURYAVE,"2,3-Dimethylpentane",1999-04-24T00:00,0.080,µg/m³,VOC,N/A
60903,LONDON AQI SITE _LONDON_ 900_HGHBURYAVE,"2,3-Dimethylpentane",1999-05-12T00:00,0.510,µg/m³,VOC,N/A
60903,LONDON AQI SITE _LONDON_ 900_HGHBURYAVE,"2,3-Dimethylpentane",1999-05-24T00:00,0.140,µg/m³,VOC,N/A
60903,LONDON AQI SITE _LONDON_ 900_HGHBURYAVE,"2,3-Dimethylpentane",1999-06-11T00:00,0.243,µg/m³,VOC,N/A
60903,LONDON AQI SITE _LONDON_ 900_HGHBURYAVE,"2,3-Dimethylpentane",1999-06-23T00:00,0.363,µg/m³,VOC,N/A
60903,LONDON AQI SITE _LONDON_ 900_HGHBURYAVE,"2,3-Dimethylpentane",1999-06-29T00:00,0.210,µg/m³,VOC,N/A
60903,LONDON AQI SITE _LONDON_ 900_HGHBURYAVE,"2,3-Dimethylpentane",1999-07-17T00:00,0.180,µg/m³,VOC,N/A
60903,LONDON AQI SITE _LONDON_ 900_HGHBURYAVE,"2,3-Dimethylpentane",1999-07-29T00:00,0.210,µg/m³,VOC,N/A
60903,LONDON AQI SITE _LONDON_ 900_HGHBURYAVE,"2,3-Dimethylpentane",1999-12-20T00:00,0.210,µg/m³,VOC,N/A
60903,LONDON AQI SITE _LONDON_ 900_HGHBURYAVE,"2,3-Dimethylpentane",1999-12-26T00:00,0.110,µg/m³,VOC,N/A
