﻿NAPS_Site_ID,Station_Name,Pollutant,Date,Value,Units,Report_Type,Method
50121,BROSSARD-PARC OCÉANIE,"1,4-Diethylbenzene",1997-01-04T00:00,0.060,µg/m³,VOC,N/A
50121,BROSSARD-PARC OCÉANIE,"1,4-Diethylbenzene",1997-01-10T00:00,0.220,µg/m³,VOC,N/A
50121,BROSSARD-PARC OCÉANIE,"1,4-Diethylbenzene",1997-02-09T00:00,0.060,µg/m³,VOC,N/A
50121,BROSSARD-PARC OCÉANIE,"1,4-Diethylbenzene",1997-02-15T00:00,0.120,µg/m³,VOC,N/A
50121,BROSSARD-PARC OCÉANIE,"1,4-Diethylbenzene",1997-02-21T00:00,0.100,µg/m³,VOC,N/A
50121,BROSSARD-PARC OCÉANIE,"1,4-Diethylbenzene",1997-02-27T00:00,0.180,µg/m³,VOC,N/A
50121,BROSSARD-PARC OCÉANIE,"1,4-Diethylbenzene",1997-03-05T00:00,0.100,µg/m³,VOC,N/A
50121,BROSSARD-PARC OCÉANIE,"1,4-Diethylbenzene",1997-03-11T00:00,0.140,µg/m³,VOC,N/A
50121,BROSSARD-PARC OCÉANIE,"1,4-Diethylbenzene",1997-03-17T00:00,0.160,µg/m³,VOC,N/A
50121,BROSSARD-PARC OCÉANIE,"1,4-Diethylbenzene",1997-03-23T00:00,0.080,µg/m³,VOC,N/A
50121,BROSSARD-PARC OCÉANIE,"1,4-Diethylbenzene",1997-04-04T00:00,0.220,µg/m³,VOC,N/A
50121,BROSSARD-PARC OCÉANIE,"1,4-Diethylbenzene",1997-04-10T00:00,0.240,µg/m³,VOC,N/A
50121,BROSSARD-PARC OCÉANIE,"1,4-Diethylbenzene",1997-04-16T00:00,0.120,µg/m³,VOC,N/A
50121,BROSSARD-PARC OCÉANIE,"1,4-Diethylbenzene",1997-04-22T00:00,0.320,µg/m³,VOC,N/A
50121,BROSSARD-PARC OCÉANIE,"1,4-Diethylbenzene",1997-04-28T00:00,0.040,µg/m³,VOC,N/A
50121,BROSSARD-PARC OCÉANIE,"1,4-Diethylbenzene",1997-05-04T00:00,0.040,µg/m³,VOC,N/A
50121,BROSSARD-PARC OCÉANIE,"1,4-Diethylbenzene",1997-05-10T00:00,0.060,µg/m³,VOC,N/A
50121,BROSSARD-PARC OCÉANIE,"1,4-Diethylbenzene",1997-05-16T00:00,0.054,µg/m³,VOC,N/A
50121,BROSSARD-PARC OCÉANIE,"1,4-Diethylbenzene",1997-05-22T00:00,0.040,µg/m³,VOC,N/A
50121,BROSSARD-PARC OCÉANIE,"1,4-Diethylbenzene",1997-05-28T00:00,0.148,µg/m³,VOC,N/A
50121,BROSSARD-PARC OCÉANIE,"1,4-Diethylbenzene",1997-06-03T00:00,0.086,µg/m³,VOC,N/A
50121,BROSSARD-PARC OCÉANIE,"1,4-Diethylbenzene",1997-06-09T00:00,0.129,µg/m³,VOC,N/A
50121,BROSSARD-PARC OCÉANIE,"1,4-Diethylbenzene",1997-06-15T00:00,0.060,µg/m³,VOC,N/A
50121,BROSSARD-PARC OCÉANIE,"1,4-Diethylbenzene",1997-06-21T00:00,0.090,µg/m³,VOC,N/A
50121,BROSSARD-PARC OCÉANIE,"1,4-Diethylbenzene",1997-06-27T00:00,0.086,µg/m³,VOC,N/A
50121,BROSSARD-PARC OCÉANIE,"1,4-Diethylbenzene",1997-07-03T00:00,0.080,µg/m³,VOC,N/A
50121,BROSSARD-PARC OCÉANIE,"1,4-Diethylbenzene",1997-07-09T00:00,0.088,µg/m³,VOC,N/A
50121,BROSSARD-PARC OCÉANIE,"1,4-Diethylbenzene",1997-07-15T00:00,0.162,µg/m³,VOC,N/A
50121,BROSSARD-PARC OCÉANIE,"1,4-Diethylbenzene",1997-07-21T00:00,0.091,µg/m³,VOC,N/A
50121,BROSSARD-PARC OCÉANIE,"1,4-Diethylbenzene",1997-07-27T00:00,0.143,µg/m³,VOC,N/A
50121,BROSSARD-PARC OCÉANIE,"1,4-Diethylbenzene",1997-08-02T00:00,0.086,µg/m³,VOC,N/A
50121,BROSSARD-PARC OCÉANIE,"1,4-Diethylbenzene",1997-08-08T00:00,0.195,µg/m³,VOC,N/A
50121,BROSSARD-PARC OCÉANIE,"1,4-Diethylbenzene",1997-08-14T00:00,0.130,µg/m³,VOC,N/A
50121,BROSSARD-PARC OCÉANIE,"1,4-Diethylbenzene",1997-08-20T00:00,0.250,µg/m³,VOC,N/A
50121,BROSSARD-PARC OCÉANIE,"1,4-Diethylbenzene",1997-08-26T00:00,0.187,µg/m³,VOC,N/A
50121,BROSSARD-PARC OCÉANIE,"1,4-Diethylbenzene",1997-09-01T00:00,0.108,µg/m³,VOC,N/A
50121,BROSSARD-PARC OCÉANIE,"1,4-Diethylbenzene",1997-09-07T00:00,0.102,µg/m³,VOC,N/A
50121,BROSSARD-PARC OCÉANIE,"1,4-Diethylbenzene",1997-09-13T00:00,0.089,µg/m³,VOC,N/A
50121,BROSSARD-PARC OCÉANIE,"1,4-Diethylbenzene",1997-09-19T00:00,0.066,µg/m³,VOC,N/A
50121,BROSSARD-PARC OCÉANIE,"1,4-Diethylbenzene",1997-09-25T00:00,0.031,µg/m³,VOC,N/A
50121,BROSSARD-PARC OCÉANIE,"1,4-Diethylbenzene",1997-10-01T00:00,0.030,µg/m³,VOC,N/A
50121,BROSSARD-PARC OCÉANIE,"1,4-Diethylbenzene",1997-10-07T00:00,0.389,µg/m³,VOC,N/A
50121,BROSSARD-PARC OCÉANIE,"1,4-Diethylbenzene",1997-10-13T00:00,0.106,µg/m³,VOC,N/A
50121,BROSSARD-PARC OCÉANIE,"1,4-Diethylbenzene",1997-10-19T00:00,0.167,µg/m³,VOC,N/A
50121,BROSSARD-PARC OCÉANIE,"1,4-Diethylbenzene",1997-10-25T00:00,0.305,µg/m³,VOC,N/A
50121,BROSSARD-PARC OCÉANIE,"1,4-Diethylbenzene",1997-11-18T00:00,0.173,µg/m³,VOC,N/A
50121,BROSSARD-PARC OCÉANIE,"1,4-Diethylbenzene",1997-11-24T00:00,0.100,µg/m³,VOC,N/A
50121,BROSSARD-PARC OCÉANIE,"1,4-Diethylbenzene",1997-12-18T00:00,0.100,µg/m³,VOC,N/A
50121,BROSSARD-PARC OCÉANIE,"1,4-Diethylbenzene",1997-12-24T00:00,0.140,µg/m³,VOC,N/A
50121,BROSSARD-PARC OCÉANIE,"1,4-Diethylbenzene",1997-12-30T00:00,0.100,µg/m³,VOC,N/A
