﻿NAPS_Site_ID,Station_Name,Pollutant,Date,Value,Units,Report_Type,Method
91101,ELK ISLAND NATIONAL PARK,Nickel,2004-06-08T00:00,0.000,µg/m³,DICHOT,N/A
91101,ELK ISLAND NATIONAL PARK,Nickel,2004-06-08T00:00,0.000,µg/m³,DICHOT,N/A
91101,ELK ISLAND NATIONAL PARK,Nickel,2004-06-14T00:00,0.000,µg/m³,DICHOT,N/A
91101,ELK ISLAND NATIONAL PARK,Nickel,2004-06-14T00:00,0.000,µg/m³,DICHOT,N/A
91101,ELK ISLAND NATIONAL PARK,Nickel,2004-06-20T00:00,0.000,µg/m³,DICHOT,N/A
91101,ELK ISLAND NATIONAL PARK,Nickel,2004-06-20T00:00,0.000,µg/m³,DICHOT,N/A
91101,ELK ISLAND NATIONAL PARK,Nickel,2004-06-26T00:00,0.000,µg/m³,DICHOT,N/A
91101,ELK ISLAND NATIONAL PARK,Nickel,2004-06-26T00:00,0.000,µg/m³,DICHOT,N/A
91101,ELK ISLAND NATIONAL PARK,Nickel,2004-07-02T00:00,0.000,µg/m³,DICHOT,N/A
91101,ELK ISLAND NATIONAL PARK,Nickel,2004-07-02T00:00,0.002,µg/m³,DICHOT,N/A
91101,ELK ISLAND NATIONAL PARK,Nickel,2004-07-08T00:00,0.000,µg/m³,DICHOT,N/A
91101,ELK ISLAND NATIONAL PARK,Nickel,2004-07-08T00:00,0.000,µg/m³,DICHOT,N/A
91101,ELK ISLAND NATIONAL PARK,Nickel,2004-07-14T00:00,0.000,µg/m³,DICHOT,N/A
91101,ELK ISLAND NATIONAL PARK,Nickel,2004-07-14T00:00,0.003,µg/m³,DICHOT,N/A
91101,ELK ISLAND NATIONAL PARK,Nickel,2004-07-20T00:00,0.000,µg/m³,DICHOT,N/A
91101,ELK ISLAND NATIONAL PARK,Nickel,2004-07-20T00:00,0.000,µg/m³,DICHOT,N/A
91101,ELK ISLAND NATIONAL PARK,Nickel,2004-08-01T00:00,0.000,µg/m³,DICHOT,N/A
91101,ELK ISLAND NATIONAL PARK,Nickel,2004-08-01T00:00,0.000,µg/m³,DICHOT,N/A
91101,ELK ISLAND NATIONAL PARK,Nickel,2004-08-07T00:00,0.000,µg/m³,DICHOT,N/A
91101,ELK ISLAND NATIONAL PARK,Nickel,2004-08-07T00:00,0.000,µg/m³,DICHOT,N/A
91101,ELK ISLAND NATIONAL PARK,Nickel,2004-08-13T00:00,0.000,µg/m³,DICHOT,N/A
91101,ELK ISLAND NATIONAL PARK,Nickel,2004-08-13T00:00,0.000,µg/m³,DICHOT,N/A
91101,ELK ISLAND NATIONAL PARK,Nickel,2004-08-19T00:00,0.000,µg/m³,DICHOT,N/A
91101,ELK ISLAND NATIONAL PARK,Nickel,2004-08-19T00:00,0.007,µg/m³,DICHOT,N/A
91101,ELK ISLAND NATIONAL PARK,Nickel,2004-08-25T00:00,0.000,µg/m³,DICHOT,N/A
91101,ELK ISLAND NATIONAL PARK,Nickel,2004-08-25T00:00,0.002,µg/m³,DICHOT,N/A
91101,ELK ISLAND NATIONAL PARK,Nickel,2004-08-31T00:00,0.000,µg/m³,DICHOT,N/A
91101,ELK ISLAND NATIONAL PARK,Nickel,2004-08-31T00:00,0.000,µg/m³,DICHOT,N/A
91101,ELK ISLAND NATIONAL PARK,Nickel,2004-09-06T00:00,0.000,µg/m³,DICHOT,N/A
91101,ELK ISLAND NATIONAL PARK,Nickel,2004-09-06T00:00,0.000,µg/m³,DICHOT,N/A
91101,ELK ISLAND NATIONAL PARK,Nickel,2004-09-12T00:00,0.000,µg/m³,DICHOT,N/A
91101,ELK ISLAND NATIONAL PARK,Nickel,2004-09-12T00:00,0.000,µg/m³,DICHOT,N/A
91101,ELK ISLAND NATIONAL PARK,Nickel,2004-10-06T00:00,0.000,µg/m³,DICHOT,N/A
91101,ELK ISLAND NATIONAL PARK,Nickel,2004-10-06T00:00,0.002,µg/m³,DICHOT,N/A
91101,ELK ISLAND NATIONAL PARK,Nickel,2004-10-12T00:00,0.000,µg/m³,DICHOT,N/A
91101,ELK ISLAND NATIONAL PARK,Nickel,2004-10-12T00:00,0.000,µg/m³,DICHOT,N/A
91101,ELK ISLAND NATIONAL PARK,Nickel,2004-10-18T00:00,0.000,µg/m³,DICHOT,N/A
91101,ELK ISLAND NATIONAL PARK,Nickel,2004-10-18T00:00,0.000,µg/m³,DICHOT,N/A
91101,ELK ISLAND NATIONAL PARK,Nickel,2004-10-24T00:00,0.000,µg/m³,DICHOT,N/A
91101,ELK ISLAND NATIONAL PARK,Nickel,2004-10-24T00:00,0.002,µg/m³,DICHOT,N/A
91101,ELK ISLAND NATIONAL PARK,Nickel,2004-10-30T00:00,0.000,µg/m³,DICHOT,N/A
91101,ELK ISLAND NATIONAL PARK,Nickel,2004-10-30T00:00,0.000,µg/m³,DICHOT,N/A
91101,ELK ISLAND NATIONAL PARK,Nickel,2004-11-05T00:00,0.000,µg/m³,DICHOT,N/A
91101,ELK ISLAND NATIONAL PARK,Nickel,2004-11-05T00:00,0.000,µg/m³,DICHOT,N/A
91101,ELK ISLAND NATIONAL PARK,Nickel,2004-11-11T00:00,0.000,µg/m³,DICHOT,N/A
91101,ELK ISLAND NATIONAL PARK,Nickel,2004-11-11T00:00,0.000,µg/m³,DICHOT,N/A
91101,ELK ISLAND NATIONAL PARK,Nickel,2004-11-17T00:00,0.000,µg/m³,DICHOT,N/A
91101,ELK ISLAND NATIONAL PARK,Nickel,2004-11-17T00:00,0.005,µg/m³,DICHOT,N/A
91101,ELK ISLAND NATIONAL PARK,Nickel,2004-11-23T00:00,0.000,µg/m³,DICHOT,N/A
91101,ELK ISLAND NATIONAL PARK,Nickel,2004-11-23T00:00,0.004,µg/m³,DICHOT,N/A
91101,ELK ISLAND NATIONAL PARK,Nickel,2004-11-29T00:00,0.000,µg/m³,DICHOT,N/A
91101,ELK ISLAND NATIONAL PARK,Nickel,2004-11-29T00:00,0.000,µg/m³,DICHOT,N/A
91101,ELK ISLAND NATIONAL PARK,Nickel,2004-12-05T00:00,0.000,µg/m³,DICHOT,N/A
91101,ELK ISLAND NATIONAL PARK,Nickel,2004-12-05T00:00,0.000,µg/m³,DICHOT,N/A
91101,ELK ISLAND NATIONAL PARK,Nickel,2004-12-11T00:00,0.004,µg/m³,DICHOT,N/A
91101,ELK ISLAND NATIONAL PARK,Nickel,2004-12-11T00:00,0.005,µg/m³,DICHOT,N/A
91101,ELK ISLAND NATIONAL PARK,Nickel,2004-12-17T00:00,0.000,µg/m³,DICHOT,N/A
91101,ELK ISLAND NATIONAL PARK,Nickel,2004-12-17T00:00,0.004,µg/m³,DICHOT,N/A
91101,ELK ISLAND NATIONAL PARK,Nickel,2004-12-23T00:00,0.000,µg/m³,DICHOT,N/A
91101,ELK ISLAND NATIONAL PARK,Nickel,2004-12-23T00:00,0.000,µg/m³,DICHOT,N/A
91101,ELK ISLAND NATIONAL PARK,Nickel,2004-12-29T00:00,0.000,µg/m³,DICHOT,N/A
91101,ELK ISLAND NATIONAL PARK,Nickel,2004-12-29T00:00,0.004,µg/m³,DICHOT,N/A
