﻿NAPS_Site_ID,Station_Name,Pollutant,Date,Value,Units,Report_Type,Method
90121,EDMONTON EAST,trans-2-Butene,1996-01-04T00:00,0.000,µg/m³,VOC,N/A
90121,EDMONTON EAST,trans-2-Butene,1996-01-10T00:00,0.237,µg/m³,VOC,N/A
90121,EDMONTON EAST,trans-2-Butene,1996-01-16T00:00,0.032,µg/m³,VOC,N/A
90121,EDMONTON EAST,trans-2-Butene,1996-01-22T00:00,0.218,µg/m³,VOC,N/A
90121,EDMONTON EAST,trans-2-Butene,1996-01-28T00:00,0.248,µg/m³,VOC,N/A
90121,EDMONTON EAST,trans-2-Butene,1996-02-03T00:00,0.163,µg/m³,VOC,N/A
90121,EDMONTON EAST,trans-2-Butene,1996-02-09T00:00,1.277,µg/m³,VOC,N/A
90121,EDMONTON EAST,trans-2-Butene,1996-02-15T00:00,0.054,µg/m³,VOC,N/A
90121,EDMONTON EAST,trans-2-Butene,1996-02-21T00:00,0.240,µg/m³,VOC,N/A
90121,EDMONTON EAST,trans-2-Butene,1996-02-27T00:00,0.167,µg/m³,VOC,N/A
90121,EDMONTON EAST,trans-2-Butene,1996-03-04T00:00,0.077,µg/m³,VOC,N/A
90121,EDMONTON EAST,trans-2-Butene,1996-03-10T00:00,0.093,µg/m³,VOC,N/A
90121,EDMONTON EAST,trans-2-Butene,1996-03-16T00:00,0.120,µg/m³,VOC,N/A
90121,EDMONTON EAST,trans-2-Butene,1996-03-22T00:00,0.076,µg/m³,VOC,N/A
90121,EDMONTON EAST,trans-2-Butene,1996-03-28T00:00,0.000,µg/m³,VOC,N/A
90121,EDMONTON EAST,trans-2-Butene,1996-04-03T00:00,0.052,µg/m³,VOC,N/A
90121,EDMONTON EAST,trans-2-Butene,1996-04-09T00:00,0.092,µg/m³,VOC,N/A
90121,EDMONTON EAST,trans-2-Butene,1996-04-15T00:00,0.000,µg/m³,VOC,N/A
90121,EDMONTON EAST,trans-2-Butene,1996-04-21T00:00,0.094,µg/m³,VOC,N/A
90121,EDMONTON EAST,trans-2-Butene,1996-04-27T00:00,0.075,µg/m³,VOC,N/A
90121,EDMONTON EAST,trans-2-Butene,1996-05-03T00:00,0.047,µg/m³,VOC,N/A
90121,EDMONTON EAST,trans-2-Butene,1996-05-09T00:00,0.109,µg/m³,VOC,N/A
90121,EDMONTON EAST,trans-2-Butene,1996-05-15T00:00,0.096,µg/m³,VOC,N/A
90121,EDMONTON EAST,trans-2-Butene,1996-05-21T00:00,0.065,µg/m³,VOC,N/A
90121,EDMONTON EAST,trans-2-Butene,1996-05-27T00:00,0.103,µg/m³,VOC,N/A
90121,EDMONTON EAST,trans-2-Butene,1996-06-02T00:00,0.272,µg/m³,VOC,N/A
90121,EDMONTON EAST,trans-2-Butene,1996-06-08T00:00,0.038,µg/m³,VOC,N/A
90121,EDMONTON EAST,trans-2-Butene,1996-06-14T00:00,0.000,µg/m³,VOC,N/A
90121,EDMONTON EAST,trans-2-Butene,1996-06-20T00:00,0.000,µg/m³,VOC,N/A
90121,EDMONTON EAST,trans-2-Butene,1996-06-26T00:00,0.038,µg/m³,VOC,N/A
90121,EDMONTON EAST,trans-2-Butene,1996-07-02T00:00,0.262,µg/m³,VOC,N/A
90121,EDMONTON EAST,trans-2-Butene,1996-07-08T00:00,0.000,µg/m³,VOC,N/A
90121,EDMONTON EAST,trans-2-Butene,1996-07-14T00:00,0.082,µg/m³,VOC,N/A
90121,EDMONTON EAST,trans-2-Butene,1996-07-20T00:00,0.097,µg/m³,VOC,N/A
90121,EDMONTON EAST,trans-2-Butene,1996-07-26T00:00,0.107,µg/m³,VOC,N/A
90121,EDMONTON EAST,trans-2-Butene,1996-08-01T00:00,0.000,µg/m³,VOC,N/A
90121,EDMONTON EAST,trans-2-Butene,1996-08-07T00:00,0.062,µg/m³,VOC,N/A
90121,EDMONTON EAST,trans-2-Butene,1996-08-13T00:00,0.135,µg/m³,VOC,N/A
90121,EDMONTON EAST,trans-2-Butene,1996-08-19T00:00,0.255,µg/m³,VOC,N/A
90121,EDMONTON EAST,trans-2-Butene,1996-08-25T00:00,0.447,µg/m³,VOC,N/A
90121,EDMONTON EAST,trans-2-Butene,1996-08-31T00:00,0.426,µg/m³,VOC,N/A
90121,EDMONTON EAST,trans-2-Butene,1996-09-06T00:00,0.308,µg/m³,VOC,N/A
90121,EDMONTON EAST,trans-2-Butene,1996-09-12T00:00,0.104,µg/m³,VOC,N/A
90121,EDMONTON EAST,trans-2-Butene,1996-09-18T00:00,0.098,µg/m³,VOC,N/A
90121,EDMONTON EAST,trans-2-Butene,1996-09-24T00:00,0.000,µg/m³,VOC,N/A
90121,EDMONTON EAST,trans-2-Butene,1996-09-30T00:00,0.059,µg/m³,VOC,N/A
90121,EDMONTON EAST,trans-2-Butene,1996-10-06T00:00,0.000,µg/m³,VOC,N/A
90121,EDMONTON EAST,trans-2-Butene,1996-10-12T00:00,0.000,µg/m³,VOC,N/A
90121,EDMONTON EAST,trans-2-Butene,1996-10-18T00:00,0.038,µg/m³,VOC,N/A
90121,EDMONTON EAST,trans-2-Butene,1996-10-24T00:00,0.148,µg/m³,VOC,N/A
90121,EDMONTON EAST,trans-2-Butene,1996-10-30T00:00,0.069,µg/m³,VOC,N/A
90121,EDMONTON EAST,trans-2-Butene,1996-11-05T00:00,0.133,µg/m³,VOC,N/A
90121,EDMONTON EAST,trans-2-Butene,1996-11-11T00:00,0.000,µg/m³,VOC,N/A
90121,EDMONTON EAST,trans-2-Butene,1996-11-17T00:00,0.053,µg/m³,VOC,N/A
90121,EDMONTON EAST,trans-2-Butene,1996-11-23T00:00,0.159,µg/m³,VOC,N/A
90121,EDMONTON EAST,trans-2-Butene,1996-11-29T00:00,0.090,µg/m³,VOC,N/A
90121,EDMONTON EAST,trans-2-Butene,1996-12-05T00:00,0.261,µg/m³,VOC,N/A
90121,EDMONTON EAST,trans-2-Butene,1996-12-11T00:00,0.344,µg/m³,VOC,N/A
90121,EDMONTON EAST,trans-2-Butene,1996-12-17T00:00,0.260,µg/m³,VOC,N/A
90121,EDMONTON EAST,trans-2-Butene,1996-12-23T00:00,0.360,µg/m³,VOC,N/A
90121,EDMONTON EAST,trans-2-Butene,1996-12-29T00:00,0.000,µg/m³,VOC,N/A
