﻿NAPS_Site_ID,Station_Name,Pollutant,Date,Value,Units,Report_Type,Method
55301,SAINT-JEAN-SUR-RICHELIEU-L'ACADIE,Propionate,2008-12-31T19:00,0.000,µg/m³,PM2.5,
55301,SAINT-JEAN-SUR-RICHELIEU-L'ACADIE,Propionate,2009-01-03T19:00,0.000,µg/m³,PM2.5,
55301,SAINT-JEAN-SUR-RICHELIEU-L'ACADIE,Propionate,2009-01-09T19:00,0.000,µg/m³,PM2.5,
55301,SAINT-JEAN-SUR-RICHELIEU-L'ACADIE,Propionate,2009-01-12T19:00,0.000,µg/m³,PM2.5,
55301,SAINT-JEAN-SUR-RICHELIEU-L'ACADIE,Propionate,2009-01-15T19:00,0.000,µg/m³,PM2.5,
55301,SAINT-JEAN-SUR-RICHELIEU-L'ACADIE,Propionate,2009-01-18T19:00,0.000,µg/m³,PM2.5,
55301,SAINT-JEAN-SUR-RICHELIEU-L'ACADIE,Propionate,2009-01-21T19:00,0.000,µg/m³,PM2.5,
55301,SAINT-JEAN-SUR-RICHELIEU-L'ACADIE,Propionate,2009-01-24T19:00,0.000,µg/m³,PM2.5,
55301,SAINT-JEAN-SUR-RICHELIEU-L'ACADIE,Propionate,2009-01-27T19:00,0.000,µg/m³,PM2.5,
55301,SAINT-JEAN-SUR-RICHELIEU-L'ACADIE,Propionate,2009-02-02T19:00,0.000,µg/m³,PM2.5,
55301,SAINT-JEAN-SUR-RICHELIEU-L'ACADIE,Propionate,2009-02-05T19:00,0.000,µg/m³,PM2.5,
55301,SAINT-JEAN-SUR-RICHELIEU-L'ACADIE,Propionate,2009-02-08T19:00,0.000,µg/m³,PM2.5,
55301,SAINT-JEAN-SUR-RICHELIEU-L'ACADIE,Propionate,2009-02-11T19:00,0.000,µg/m³,PM2.5,
55301,SAINT-JEAN-SUR-RICHELIEU-L'ACADIE,Propionate,2009-02-14T19:00,0.000,µg/m³,PM2.5,
55301,SAINT-JEAN-SUR-RICHELIEU-L'ACADIE,Propionate,2009-02-17T19:00,0.000,µg/m³,PM2.5,
55301,SAINT-JEAN-SUR-RICHELIEU-L'ACADIE,Propionate,2009-02-20T19:00,0.000,µg/m³,PM2.5,
55301,SAINT-JEAN-SUR-RICHELIEU-L'ACADIE,Propionate,2009-02-26T19:00,0.000,µg/m³,PM2.5,
55301,SAINT-JEAN-SUR-RICHELIEU-L'ACADIE,Propionate,2009-03-01T19:00,0.000,µg/m³,PM2.5,
55301,SAINT-JEAN-SUR-RICHELIEU-L'ACADIE,Propionate,2009-03-04T19:00,0.000,µg/m³,PM2.5,
55301,SAINT-JEAN-SUR-RICHELIEU-L'ACADIE,Propionate,2009-03-07T19:00,0.000,µg/m³,PM2.5,
55301,SAINT-JEAN-SUR-RICHELIEU-L'ACADIE,Propionate,2009-03-10T20:00,0.000,µg/m³,PM2.5,
55301,SAINT-JEAN-SUR-RICHELIEU-L'ACADIE,Propionate,2009-03-13T20:00,0.000,µg/m³,PM2.5,
55301,SAINT-JEAN-SUR-RICHELIEU-L'ACADIE,Propionate,2009-03-16T20:00,0.000,µg/m³,PM2.5,
55301,SAINT-JEAN-SUR-RICHELIEU-L'ACADIE,Propionate,2009-03-19T20:00,0.000,µg/m³,PM2.5,
55301,SAINT-JEAN-SUR-RICHELIEU-L'ACADIE,Propionate,2009-03-22T20:00,0.000,µg/m³,PM2.5,
55301,SAINT-JEAN-SUR-RICHELIEU-L'ACADIE,Propionate,2009-03-25T20:00,0.000,µg/m³,PM2.5,
55301,SAINT-JEAN-SUR-RICHELIEU-L'ACADIE,Propionate,2009-03-28T20:00,0.000,µg/m³,PM2.5,
55301,SAINT-JEAN-SUR-RICHELIEU-L'ACADIE,Propionate,2009-03-31T20:00,0.000,µg/m³,PM2.5,
55301,SAINT-JEAN-SUR-RICHELIEU-L'ACADIE,Propionate,2009-04-03T20:00,0.000,µg/m³,PM2.5,
55301,SAINT-JEAN-SUR-RICHELIEU-L'ACADIE,Propionate,2009-04-06T20:00,0.000,µg/m³,PM2.5,
55301,SAINT-JEAN-SUR-RICHELIEU-L'ACADIE,Propionate,2009-04-09T20:00,0.000,µg/m³,PM2.5,
55301,SAINT-JEAN-SUR-RICHELIEU-L'ACADIE,Propionate,2009-04-12T20:00,0.000,µg/m³,PM2.5,
55301,SAINT-JEAN-SUR-RICHELIEU-L'ACADIE,Propionate,2009-04-15T20:00,0.000,µg/m³,PM2.5,
55301,SAINT-JEAN-SUR-RICHELIEU-L'ACADIE,Propionate,2009-04-18T20:00,0.000,µg/m³,PM2.5,
55301,SAINT-JEAN-SUR-RICHELIEU-L'ACADIE,Propionate,2009-04-21T20:00,0.000,µg/m³,PM2.5,
55301,SAINT-JEAN-SUR-RICHELIEU-L'ACADIE,Propionate,2009-04-24T20:00,0.000,µg/m³,PM2.5,
55301,SAINT-JEAN-SUR-RICHELIEU-L'ACADIE,Propionate,2009-04-27T20:00,0.000,µg/m³,PM2.5,
55301,SAINT-JEAN-SUR-RICHELIEU-L'ACADIE,Propionate,2009-04-30T20:00,0.000,µg/m³,PM2.5,
55301,SAINT-JEAN-SUR-RICHELIEU-L'ACADIE,Propionate,2009-05-03T20:00,0.000,µg/m³,PM2.5,
55301,SAINT-JEAN-SUR-RICHELIEU-L'ACADIE,Propionate,2009-05-06T20:00,0.000,µg/m³,PM2.5,
55301,SAINT-JEAN-SUR-RICHELIEU-L'ACADIE,Propionate,2009-05-09T20:00,0.000,µg/m³,PM2.5,
55301,SAINT-JEAN-SUR-RICHELIEU-L'ACADIE,Propionate,2009-05-12T20:00,0.000,µg/m³,PM2.5,
55301,SAINT-JEAN-SUR-RICHELIEU-L'ACADIE,Propionate,2009-05-15T20:00,0.000,µg/m³,PM2.5,
55301,SAINT-JEAN-SUR-RICHELIEU-L'ACADIE,Propionate,2009-05-18T20:00,0.000,µg/m³,PM2.5,
55301,SAINT-JEAN-SUR-RICHELIEU-L'ACADIE,Propionate,2009-05-21T20:00,0.000,µg/m³,PM2.5,
55301,SAINT-JEAN-SUR-RICHELIEU-L'ACADIE,Propionate,2009-05-24T20:00,0.000,µg/m³,PM2.5,
55301,SAINT-JEAN-SUR-RICHELIEU-L'ACADIE,Propionate,2009-05-27T20:00,0.000,µg/m³,PM2.5,
55301,SAINT-JEAN-SUR-RICHELIEU-L'ACADIE,Propionate,2009-05-30T20:00,0.000,µg/m³,PM2.5,
55301,SAINT-JEAN-SUR-RICHELIEU-L'ACADIE,Propionate,2009-06-02T20:00,0.000,µg/m³,PM2.5,
55301,SAINT-JEAN-SUR-RICHELIEU-L'ACADIE,Propionate,2009-06-05T20:00,0.000,µg/m³,PM2.5,
55301,SAINT-JEAN-SUR-RICHELIEU-L'ACADIE,Propionate,2009-06-08T20:00,0.000,µg/m³,PM2.5,
55301,SAINT-JEAN-SUR-RICHELIEU-L'ACADIE,Propionate,2009-06-11T20:00,0.000,µg/m³,PM2.5,
55301,SAINT-JEAN-SUR-RICHELIEU-L'ACADIE,Propionate,2009-06-14T20:00,0.000,µg/m³,PM2.5,
55301,SAINT-JEAN-SUR-RICHELIEU-L'ACADIE,Propionate,2009-06-17T20:00,0.000,µg/m³,PM2.5,
55301,SAINT-JEAN-SUR-RICHELIEU-L'ACADIE,Propionate,2009-06-20T20:00,0.000,µg/m³,PM2.5,
55301,SAINT-JEAN-SUR-RICHELIEU-L'ACADIE,Propionate,2009-06-23T20:00,0.000,µg/m³,PM2.5,
55301,SAINT-JEAN-SUR-RICHELIEU-L'ACADIE,Propionate,2009-06-26T20:00,0.000,µg/m³,PM2.5,
55301,SAINT-JEAN-SUR-RICHELIEU-L'ACADIE,Propionate,2009-06-29T20:00,0.000,µg/m³,PM2.5,
55301,SAINT-JEAN-SUR-RICHELIEU-L'ACADIE,Propionate,2009-07-02T20:00,0.000,µg/m³,PM2.5,
55301,SAINT-JEAN-SUR-RICHELIEU-L'ACADIE,Propionate,2009-07-05T20:00,0.000,µg/m³,PM2.5,
55301,SAINT-JEAN-SUR-RICHELIEU-L'ACADIE,Propionate,2009-07-08T20:00,0.000,µg/m³,PM2.5,
55301,SAINT-JEAN-SUR-RICHELIEU-L'ACADIE,Propionate,2009-07-11T20:00,0.000,µg/m³,PM2.5,
55301,SAINT-JEAN-SUR-RICHELIEU-L'ACADIE,Propionate,2009-07-14T20:00,0.000,µg/m³,PM2.5,
55301,SAINT-JEAN-SUR-RICHELIEU-L'ACADIE,Propionate,2009-07-17T20:00,0.000,µg/m³,PM2.5,
55301,SAINT-JEAN-SUR-RICHELIEU-L'ACADIE,Propionate,2009-07-20T20:00,0.000,µg/m³,PM2.5,
55301,SAINT-JEAN-SUR-RICHELIEU-L'ACADIE,Propionate,2009-07-23T20:00,0.000,µg/m³,PM2.5,
55301,SAINT-JEAN-SUR-RICHELIEU-L'ACADIE,Propionate,2009-07-26T20:00,0.000,µg/m³,PM2.5,
55301,SAINT-JEAN-SUR-RICHELIEU-L'ACADIE,Propionate,2009-07-29T20:00,0.000,µg/m³,PM2.5,
55301,SAINT-JEAN-SUR-RICHELIEU-L'ACADIE,Propionate,2009-08-01T20:00,0.000,µg/m³,PM2.5,
55301,SAINT-JEAN-SUR-RICHELIEU-L'ACADIE,Propionate,2009-08-04T20:00,0.000,µg/m³,PM2.5,
55301,SAINT-JEAN-SUR-RICHELIEU-L'ACADIE,Propionate,2009-08-07T20:00,0.000,µg/m³,PM2.5,
55301,SAINT-JEAN-SUR-RICHELIEU-L'ACADIE,Propionate,2009-08-10T20:00,0.000,µg/m³,PM2.5,
55301,SAINT-JEAN-SUR-RICHELIEU-L'ACADIE,Propionate,2009-08-13T20:00,0.000,µg/m³,PM2.5,
55301,SAINT-JEAN-SUR-RICHELIEU-L'ACADIE,Propionate,2009-08-16T20:00,0.000,µg/m³,PM2.5,
