﻿NAPS_Site_ID,Station_Name,Pollutant,Date,Value,Units,Report_Type,Method
40203,FOREST HILLS,Cyclopentane,2009-01-01T00:00,0.033,µg/m³,VOC,GC-MS
40203,FOREST HILLS,Cyclopentane,2009-01-25T00:00,0.048,µg/m³,VOC,GC-MS
40203,FOREST HILLS,Cyclopentane,2009-01-31T00:00,0.204,µg/m³,VOC,GC-MS
40203,FOREST HILLS,Cyclopentane,2009-02-06T00:00,0.072,µg/m³,VOC,GC-MS
40203,FOREST HILLS,Cyclopentane,2009-02-12T00:00,0.162,µg/m³,VOC,GC-MS
40203,FOREST HILLS,Cyclopentane,2009-03-02T00:00,0.026,µg/m³,VOC,GC-MS
40203,FOREST HILLS,Cyclopentane,2009-03-08T00:00,0.217,µg/m³,VOC,GC-MS
40203,FOREST HILLS,Cyclopentane,2009-03-14T00:00,0.040,µg/m³,VOC,GC-MS
40203,FOREST HILLS,Cyclopentane,2009-03-20T00:00,0.023,µg/m³,VOC,GC-MS
40203,FOREST HILLS,Cyclopentane,2009-03-26T00:00,0.023,µg/m³,VOC,GC-MS
40203,FOREST HILLS,Cyclopentane,2009-04-01T00:00,0.055,µg/m³,VOC,GC-MS
40203,FOREST HILLS,Cyclopentane,2009-04-13T00:00,0.014,µg/m³,VOC,GC-MS
40203,FOREST HILLS,Cyclopentane,2009-04-19T00:00,0.170,µg/m³,VOC,GC-MS
40203,FOREST HILLS,Cyclopentane,2009-04-25T00:00,0.684,µg/m³,VOC,GC-MS
40203,FOREST HILLS,Cyclopentane,2009-05-01T00:00,0.329,µg/m³,VOC,GC-MS
40203,FOREST HILLS,Cyclopentane,2009-05-07T00:00,0.308,µg/m³,VOC,GC-MS
40203,FOREST HILLS,Cyclopentane,2009-05-13T00:00,1.046,µg/m³,VOC,GC-MS
40203,FOREST HILLS,Cyclopentane,2009-05-19T00:00,0.139,µg/m³,VOC,GC-MS
40203,FOREST HILLS,Cyclopentane,2009-05-25T00:00,0.043,µg/m³,VOC,GC-MS
40203,FOREST HILLS,Cyclopentane,2009-05-31T00:00,0.976,µg/m³,VOC,GC-MS
40203,FOREST HILLS,Cyclopentane,2009-06-06T00:00,0.090,µg/m³,VOC,GC-MS
40203,FOREST HILLS,Cyclopentane,2009-06-12T00:00,0.317,µg/m³,VOC,GC-MS
40203,FOREST HILLS,Cyclopentane,2009-06-18T00:00,2.011,µg/m³,VOC,GC-MS
40203,FOREST HILLS,Cyclopentane,2009-06-24T00:00,0.154,µg/m³,VOC,GC-MS
40203,FOREST HILLS,Cyclopentane,2009-06-30T00:00,0.046,µg/m³,VOC,GC-MS
40203,FOREST HILLS,Cyclopentane,2009-07-06T00:00,0.043,µg/m³,VOC,GC-MS
40203,FOREST HILLS,Cyclopentane,2009-07-12T00:00,0.688,µg/m³,VOC,GC-MS
40203,FOREST HILLS,Cyclopentane,2009-07-18T00:00,0.351,µg/m³,VOC,GC-MS
40203,FOREST HILLS,Cyclopentane,2009-07-24T00:00,0.013,µg/m³,VOC,GC-MS
40203,FOREST HILLS,Cyclopentane,2009-07-30T00:00,1.193,µg/m³,VOC,GC-MS
40203,FOREST HILLS,Cyclopentane,2009-08-05T00:00,0.620,µg/m³,VOC,GC-MS
40203,FOREST HILLS,Cyclopentane,2009-08-11T00:00,0.158,µg/m³,VOC,GC-MS
40203,FOREST HILLS,Cyclopentane,2009-08-17T00:00,3.071,µg/m³,VOC,GC-MS
40203,FOREST HILLS,Cyclopentane,2009-08-23T00:00,0.087,µg/m³,VOC,GC-MS
40203,FOREST HILLS,Cyclopentane,2009-08-29T00:00,0.185,µg/m³,VOC,GC-MS
40203,FOREST HILLS,Cyclopentane,2009-09-04T00:00,1.032,µg/m³,VOC,GC-MS
40203,FOREST HILLS,Cyclopentane,2009-09-10T00:00,0.021,µg/m³,VOC,GC-MS
40203,FOREST HILLS,Cyclopentane,2009-11-27T00:00,0.034,µg/m³,VOC,GC-MS
40203,FOREST HILLS,Cyclopentane,2009-12-03T00:00,0.340,µg/m³,VOC,GC-MS
40203,FOREST HILLS,Cyclopentane,2009-12-21T00:00,0.025,µg/m³,VOC,GC-MS
40203,FOREST HILLS,Cyclopentane,2009-12-27T00:00,0.013,µg/m³,VOC,GC-MS
