﻿NAPS_Site_ID,Station_Name,Pollutant,Date,Value,Units,Report_Type,Method
100134,VANCOUVER INTL. AIRPORT,"2,3-Dimethylpentane",2018-01-08T00:00,0.412,µg/m³,VOC,GC-MS
100134,VANCOUVER INTL. AIRPORT,"2,3-Dimethylpentane",2018-01-20T00:00,0.115,µg/m³,VOC,GC-MS
100134,VANCOUVER INTL. AIRPORT,"2,3-Dimethylpentane",2018-02-01T00:00,0.348,µg/m³,VOC,GC-MS
100134,VANCOUVER INTL. AIRPORT,"2,3-Dimethylpentane",2018-03-09T00:00,0.142,µg/m³,VOC,GC-MS
100134,VANCOUVER INTL. AIRPORT,"2,3-Dimethylpentane",2018-03-21T00:00,0.404,µg/m³,VOC,GC-MS
100134,VANCOUVER INTL. AIRPORT,"2,3-Dimethylpentane",2018-04-02T00:00,0.130,µg/m³,VOC,GC-MS
100134,VANCOUVER INTL. AIRPORT,"2,3-Dimethylpentane",2018-04-14T00:00,0.086,µg/m³,VOC,GC-MS
100134,VANCOUVER INTL. AIRPORT,"2,3-Dimethylpentane",2018-04-26T00:00,0.323,µg/m³,VOC,GC-MS
100134,VANCOUVER INTL. AIRPORT,"2,3-Dimethylpentane",2018-05-08T00:00,0.370,µg/m³,VOC,GC-MS
100134,VANCOUVER INTL. AIRPORT,"2,3-Dimethylpentane",2018-05-20T00:00,0.048,µg/m³,VOC,GC-MS
100134,VANCOUVER INTL. AIRPORT,"2,3-Dimethylpentane",2018-06-01T00:00,0.066,µg/m³,VOC,GC-MS
100134,VANCOUVER INTL. AIRPORT,"2,3-Dimethylpentane",2018-06-13T00:00,0.098,µg/m³,VOC,GC-MS
100134,VANCOUVER INTL. AIRPORT,"2,3-Dimethylpentane",2018-06-25T00:00,0.033,µg/m³,VOC,GC-MS
100134,VANCOUVER INTL. AIRPORT,"2,3-Dimethylpentane",2018-07-07T00:00,0.060,µg/m³,VOC,GC-MS
100134,VANCOUVER INTL. AIRPORT,"2,3-Dimethylpentane",2018-07-19T00:00,0.059,µg/m³,VOC,GC-MS
100134,VANCOUVER INTL. AIRPORT,"2,3-Dimethylpentane",2018-07-31T00:00,0.100,µg/m³,VOC,GC-MS
100134,VANCOUVER INTL. AIRPORT,"2,3-Dimethylpentane",2018-08-12T00:00,0.088,µg/m³,VOC,GC-MS
100134,VANCOUVER INTL. AIRPORT,"2,3-Dimethylpentane",2018-09-17T00:00,0.107,µg/m³,VOC,GC-MS
100134,VANCOUVER INTL. AIRPORT,"2,3-Dimethylpentane",2018-11-04T00:00,0.168,µg/m³,VOC,GC-MS
100134,VANCOUVER INTL. AIRPORT,"2,3-Dimethylpentane",2018-11-16T00:00,0.228,µg/m³,VOC,GC-MS
100134,VANCOUVER INTL. AIRPORT,"2,3-Dimethylpentane",2018-12-10T00:00,0.156,µg/m³,VOC,GC-MS
