﻿NAPS_Site_ID,Station_Name,Pollutant,Date,Value,Units,Report_Type,Method
61901,WALPOLE ISLAND,Chloroform,1995-01-15T00:00,0.089,µg/m³,VOC,GC-MS
61901,WALPOLE ISLAND,Chloroform,1995-01-27T00:00,0.089,µg/m³,VOC,GC-MS
61901,WALPOLE ISLAND,Chloroform,1995-02-02T00:00,0.064,µg/m³,VOC,GC-MS
61901,WALPOLE ISLAND,Chloroform,1995-02-08T00:00,0.065,µg/m³,VOC,GC-MS
61901,WALPOLE ISLAND,Chloroform,1995-02-20T00:00,0.082,µg/m³,VOC,GC-MS
61901,WALPOLE ISLAND,Chloroform,1995-02-26T00:00,0.065,µg/m³,VOC,GC-MS
61901,WALPOLE ISLAND,Chloroform,1995-03-04T00:00,0.099,µg/m³,VOC,GC-MS
61901,WALPOLE ISLAND,Chloroform,1995-03-10T00:00,0.068,µg/m³,VOC,GC-MS
61901,WALPOLE ISLAND,Chloroform,1995-03-16T00:00,0.072,µg/m³,VOC,GC-MS
61901,WALPOLE ISLAND,Chloroform,1995-03-22T00:00,0.064,µg/m³,VOC,GC-MS
