﻿NAPS_Site_ID,Station_Name,Pollutant,Date,Value,Units,Report_Type,Method
61007,AAMJIWNAANG,Nonane,2019-01-03T00:00,0.035,µg/m³,VOC,GC-MS
61007,AAMJIWNAANG,Nonane,2019-01-09T00:00,0.013,µg/m³,VOC,GC-MS
61007,AAMJIWNAANG,Nonane,2019-01-15T00:00,0.037,µg/m³,VOC,GC-MS
61007,AAMJIWNAANG,Nonane,2019-01-21T00:00,0.015,µg/m³,VOC,GC-MS
61007,AAMJIWNAANG,Nonane,2019-01-27T00:00,0.011,µg/m³,VOC,GC-MS
61007,AAMJIWNAANG,Nonane,2019-02-02T00:00,0.024,µg/m³,VOC,GC-MS
61007,AAMJIWNAANG,Nonane,2019-02-08T00:00,0.040,µg/m³,VOC,GC-MS
61007,AAMJIWNAANG,Nonane,2019-02-14T00:00,0.040,µg/m³,VOC,GC-MS
61007,AAMJIWNAANG,Nonane,2019-02-20T00:00,0.012,µg/m³,VOC,GC-MS
61007,AAMJIWNAANG,Nonane,2019-02-26T00:00,0.004,µg/m³,VOC,GC-MS
61007,AAMJIWNAANG,Nonane,2019-03-04T00:00,0.020,µg/m³,VOC,GC-MS
61007,AAMJIWNAANG,Nonane,2019-03-10T00:00,0.094,µg/m³,VOC,GC-MS
61007,AAMJIWNAANG,Nonane,2019-03-16T00:00,0.016,µg/m³,VOC,GC-MS
61007,AAMJIWNAANG,Nonane,2019-03-22T00:00,0.096,µg/m³,VOC,GC-MS
61007,AAMJIWNAANG,Nonane,2019-03-28T00:00,0.044,µg/m³,VOC,GC-MS
61007,AAMJIWNAANG,Nonane,2019-04-03T00:00,0.172,µg/m³,VOC,GC-MS
61007,AAMJIWNAANG,Nonane,2019-04-09T00:00,0.058,µg/m³,VOC,GC-MS
61007,AAMJIWNAANG,Nonane,2019-04-15T00:00,0.118,µg/m³,VOC,GC-MS
61007,AAMJIWNAANG,Nonane,2019-04-21T00:00,0.096,µg/m³,VOC,GC-MS
61007,AAMJIWNAANG,Nonane,2019-04-27T00:00,0.039,µg/m³,VOC,GC-MS
61007,AAMJIWNAANG,Nonane,2019-05-03T00:00,0.077,µg/m³,VOC,GC-MS
61007,AAMJIWNAANG,Nonane,2019-05-09T00:00,0.022,µg/m³,VOC,GC-MS
61007,AAMJIWNAANG,Nonane,2019-05-15T00:00,0.284,µg/m³,VOC,GC-MS
61007,AAMJIWNAANG,Nonane,2019-05-21T00:00,0.084,µg/m³,VOC,GC-MS
61007,AAMJIWNAANG,Nonane,2019-05-27T00:00,0.082,µg/m³,VOC,GC-MS
61007,AAMJIWNAANG,Nonane,2019-06-02T00:00,0.117,µg/m³,VOC,GC-MS
61007,AAMJIWNAANG,Nonane,2019-06-08T00:00,0.227,µg/m³,VOC,GC-MS
61007,AAMJIWNAANG,Nonane,2019-06-14T00:00,0.203,µg/m³,VOC,GC-MS
61007,AAMJIWNAANG,Nonane,2019-06-20T00:00,0.176,µg/m³,VOC,GC-MS
61007,AAMJIWNAANG,Nonane,2019-06-26T00:00,0.134,µg/m³,VOC,GC-MS
61007,AAMJIWNAANG,Nonane,2019-07-02T00:00,0.156,µg/m³,VOC,GC-MS
61007,AAMJIWNAANG,Nonane,2019-07-08T00:00,0.142,µg/m³,VOC,GC-MS
61007,AAMJIWNAANG,Nonane,2019-07-14T00:00,0.095,µg/m³,VOC,GC-MS
61007,AAMJIWNAANG,Nonane,2019-07-20T00:00,0.101,µg/m³,VOC,GC-MS
61007,AAMJIWNAANG,Nonane,2019-07-26T00:00,0.066,µg/m³,VOC,GC-MS
61007,AAMJIWNAANG,Nonane,2019-08-01T00:00,0.120,µg/m³,VOC,GC-MS
61007,AAMJIWNAANG,Nonane,2019-08-07T00:00,0.111,µg/m³,VOC,GC-MS
61007,AAMJIWNAANG,Nonane,2019-08-13T00:00,0.214,µg/m³,VOC,GC-MS
61007,AAMJIWNAANG,Nonane,2019-08-19T00:00,0.245,µg/m³,VOC,GC-MS
61007,AAMJIWNAANG,Nonane,2019-08-25T00:00,0.011,µg/m³,VOC,GC-MS
61007,AAMJIWNAANG,Nonane,2019-08-31T00:00,0.046,µg/m³,VOC,GC-MS
61007,AAMJIWNAANG,Nonane,2019-09-06T00:00,0.019,µg/m³,VOC,GC-MS
61007,AAMJIWNAANG,Nonane,2019-09-12T00:00,0.032,µg/m³,VOC,GC-MS
61007,AAMJIWNAANG,Nonane,2019-09-18T00:00,0.013,µg/m³,VOC,GC-MS
61007,AAMJIWNAANG,Nonane,2019-09-24T00:00,0.097,µg/m³,VOC,GC-MS
61007,AAMJIWNAANG,Nonane,2019-09-30T00:00,0.016,µg/m³,VOC,GC-MS
61007,AAMJIWNAANG,Nonane,2019-10-06T00:00,0.170,µg/m³,VOC,GC-MS
61007,AAMJIWNAANG,Nonane,2019-10-12T00:00,0.037,µg/m³,VOC,GC-MS
61007,AAMJIWNAANG,Nonane,2019-10-18T00:00,0.029,µg/m³,VOC,GC-MS
61007,AAMJIWNAANG,Nonane,2019-10-24T00:00,0.051,µg/m³,VOC,GC-MS
61007,AAMJIWNAANG,Nonane,2019-10-30T00:00,0.052,µg/m³,VOC,GC-MS
61007,AAMJIWNAANG,Nonane,2019-11-05T00:00,0.103,µg/m³,VOC,GC-MS
61007,AAMJIWNAANG,Nonane,2019-11-11T00:00,0.015,µg/m³,VOC,GC-MS
61007,AAMJIWNAANG,Nonane,2019-11-17T00:00,0.018,µg/m³,VOC,GC-MS
61007,AAMJIWNAANG,Nonane,2019-11-23T00:00,0.069,µg/m³,VOC,GC-MS
61007,AAMJIWNAANG,Nonane,2019-11-29T00:00,0.008,µg/m³,VOC,GC-MS
61007,AAMJIWNAANG,Nonane,2019-12-05T00:00,0.021,µg/m³,VOC,GC-MS
61007,AAMJIWNAANG,Nonane,2019-12-11T00:00,0.031,µg/m³,VOC,GC-MS
61007,AAMJIWNAANG,Nonane,2019-12-17T00:00,0.041,µg/m³,VOC,GC-MS
61007,AAMJIWNAANG,Nonane,2019-12-23T00:00,0.043,µg/m³,VOC,GC-MS
