﻿NAPS_Site_ID,Station_Name,Pollutant,Date,Value,Units,Report_Type,Method
60512,BEASLEY PARK _HAMILTON_DOWNTOWN_,EC2(B),2013-02-12T00:00,0.015,µg/m³,PM2.5,TOR
60512,BEASLEY PARK _HAMILTON_DOWNTOWN_,EC2(B),2013-02-15T00:00,0.000,µg/m³,PM2.5,TOR
60512,BEASLEY PARK _HAMILTON_DOWNTOWN_,EC2(B),2013-02-18T00:00,0.000,µg/m³,PM2.5,TOR
60512,BEASLEY PARK _HAMILTON_DOWNTOWN_,EC2(B),2013-02-21T00:00,0.000,µg/m³,PM2.5,TOR
60512,BEASLEY PARK _HAMILTON_DOWNTOWN_,EC2(B),2013-02-24T00:00,0.033,µg/m³,PM2.5,TOR
60512,BEASLEY PARK _HAMILTON_DOWNTOWN_,EC2(B),2013-02-27T00:00,0.051,µg/m³,PM2.5,TOR
60512,BEASLEY PARK _HAMILTON_DOWNTOWN_,EC2(B),2013-03-02T00:00,0.000,µg/m³,PM2.5,TOR
60512,BEASLEY PARK _HAMILTON_DOWNTOWN_,EC2(B),2013-03-05T00:00,0.000,µg/m³,PM2.5,TOR
60512,BEASLEY PARK _HAMILTON_DOWNTOWN_,EC2(B),2013-03-08T00:00,0.010,µg/m³,PM2.5,TOR
60512,BEASLEY PARK _HAMILTON_DOWNTOWN_,EC2(B),2013-03-11T00:00,0.039,µg/m³,PM2.5,TOR
60512,BEASLEY PARK _HAMILTON_DOWNTOWN_,EC2(B),2013-03-14T00:00,0.004,µg/m³,PM2.5,TOR
60512,BEASLEY PARK _HAMILTON_DOWNTOWN_,EC2(B),2013-03-17T00:00,0.000,µg/m³,PM2.5,TOR
60512,BEASLEY PARK _HAMILTON_DOWNTOWN_,EC2(B),2013-03-20T00:00,0.000,µg/m³,PM2.5,TOR
60512,BEASLEY PARK _HAMILTON_DOWNTOWN_,EC2(B),2013-03-23T00:00,0.000,µg/m³,PM2.5,TOR
60512,BEASLEY PARK _HAMILTON_DOWNTOWN_,EC2(B),2013-03-26T00:00,0.059,µg/m³,PM2.5,TOR
60512,BEASLEY PARK _HAMILTON_DOWNTOWN_,EC2(B),2013-03-29T00:00,0.059,µg/m³,PM2.5,TOR
60512,BEASLEY PARK _HAMILTON_DOWNTOWN_,EC2(B),2013-04-01T00:00,0.097,µg/m³,PM2.5,TOR
60512,BEASLEY PARK _HAMILTON_DOWNTOWN_,EC2(B),2013-04-04T00:00,0.047,µg/m³,PM2.5,TOR
60512,BEASLEY PARK _HAMILTON_DOWNTOWN_,EC2(B),2013-04-07T00:00,0.000,µg/m³,PM2.5,TOR
60512,BEASLEY PARK _HAMILTON_DOWNTOWN_,EC2(B),2013-04-10T00:00,0.006,µg/m³,PM2.5,TOR
60512,BEASLEY PARK _HAMILTON_DOWNTOWN_,EC2(B),2013-04-13T00:00,0.000,µg/m³,PM2.5,TOR
60512,BEASLEY PARK _HAMILTON_DOWNTOWN_,EC2(B),2013-04-16T00:00,0.000,µg/m³,PM2.5,TOR
60512,BEASLEY PARK _HAMILTON_DOWNTOWN_,EC2(B),2013-04-19T00:00,0.000,µg/m³,PM2.5,TOR
60512,BEASLEY PARK _HAMILTON_DOWNTOWN_,EC2(B),2013-04-22T00:00,0.060,µg/m³,PM2.5,TOR
60512,BEASLEY PARK _HAMILTON_DOWNTOWN_,EC2(B),2013-04-25T00:00,0.040,µg/m³,PM2.5,TOR
60512,BEASLEY PARK _HAMILTON_DOWNTOWN_,EC2(B),2013-04-28T00:00,0.002,µg/m³,PM2.5,TOR
60512,BEASLEY PARK _HAMILTON_DOWNTOWN_,EC2(B),2013-05-01T00:00,0.064,µg/m³,PM2.5,TOR
60512,BEASLEY PARK _HAMILTON_DOWNTOWN_,EC2(B),2013-05-04T00:00,0.099,µg/m³,PM2.5,TOR
60512,BEASLEY PARK _HAMILTON_DOWNTOWN_,EC2(B),2013-05-07T00:00,0.125,µg/m³,PM2.5,TOR
60512,BEASLEY PARK _HAMILTON_DOWNTOWN_,EC2(B),2013-05-10T00:00,0.004,µg/m³,PM2.5,TOR
60512,BEASLEY PARK _HAMILTON_DOWNTOWN_,EC2(B),2013-05-13T00:00,0.000,µg/m³,PM2.5,TOR
60512,BEASLEY PARK _HAMILTON_DOWNTOWN_,EC2(B),2013-05-16T00:00,0.000,µg/m³,PM2.5,TOR
60512,BEASLEY PARK _HAMILTON_DOWNTOWN_,EC2(B),2013-05-19T00:00,0.087,µg/m³,PM2.5,TOR
60512,BEASLEY PARK _HAMILTON_DOWNTOWN_,EC2(B),2013-05-22T00:00,0.061,µg/m³,PM2.5,TOR
60512,BEASLEY PARK _HAMILTON_DOWNTOWN_,EC2(B),2013-05-25T00:00,0.057,µg/m³,PM2.5,TOR
60512,BEASLEY PARK _HAMILTON_DOWNTOWN_,EC2(B),2013-05-28T00:00,0.091,µg/m³,PM2.5,TOR
60512,BEASLEY PARK _HAMILTON_DOWNTOWN_,EC2(B),2013-05-31T00:00,0.076,µg/m³,PM2.5,TOR
60512,BEASLEY PARK _HAMILTON_DOWNTOWN_,EC2(B),2013-06-03T00:00,0.060,µg/m³,PM2.5,TOR
60512,BEASLEY PARK _HAMILTON_DOWNTOWN_,EC2(B),2013-06-06T00:00,0.077,µg/m³,PM2.5,TOR
60512,BEASLEY PARK _HAMILTON_DOWNTOWN_,EC2(B),2013-06-09T00:00,0.077,µg/m³,PM2.5,TOR
60512,BEASLEY PARK _HAMILTON_DOWNTOWN_,EC2(B),2013-06-12T00:00,0.065,µg/m³,PM2.5,TOR
60512,BEASLEY PARK _HAMILTON_DOWNTOWN_,EC2(B),2013-06-15T00:00,0.156,µg/m³,PM2.5,TOR
60512,BEASLEY PARK _HAMILTON_DOWNTOWN_,EC2(B),2013-06-18T00:00,0.137,µg/m³,PM2.5,TOR
60512,BEASLEY PARK _HAMILTON_DOWNTOWN_,EC2(B),2013-06-21T00:00,0.178,µg/m³,PM2.5,TOR
60512,BEASLEY PARK _HAMILTON_DOWNTOWN_,EC2(B),2013-06-24T00:00,0.036,µg/m³,PM2.5,TOR
60512,BEASLEY PARK _HAMILTON_DOWNTOWN_,EC2(B),2013-06-27T00:00,0.066,µg/m³,PM2.5,TOR
60512,BEASLEY PARK _HAMILTON_DOWNTOWN_,EC2(B),2013-06-30T00:00,0.091,µg/m³,PM2.5,TOR
60512,BEASLEY PARK _HAMILTON_DOWNTOWN_,EC2(B),2013-07-03T00:00,0.156,µg/m³,PM2.5,TOR
60512,BEASLEY PARK _HAMILTON_DOWNTOWN_,EC2(B),2013-07-18T00:00,0.196,µg/m³,PM2.5,TOR
60512,BEASLEY PARK _HAMILTON_DOWNTOWN_,EC2(B),2013-07-21T00:00,0.250,µg/m³,PM2.5,TOR
60512,BEASLEY PARK _HAMILTON_DOWNTOWN_,EC2(B),2013-07-24T00:00,0.094,µg/m³,PM2.5,TOR
60512,BEASLEY PARK _HAMILTON_DOWNTOWN_,EC2(B),2013-07-27T00:00,0.130,µg/m³,PM2.5,TOR
60512,BEASLEY PARK _HAMILTON_DOWNTOWN_,EC2(B),2013-07-30T00:00,0.069,µg/m³,PM2.5,TOR
60512,BEASLEY PARK _HAMILTON_DOWNTOWN_,EC2(B),2013-08-02T00:00,0.108,µg/m³,PM2.5,TOR
60512,BEASLEY PARK _HAMILTON_DOWNTOWN_,EC2(B),2013-08-05T00:00,0.000,µg/m³,PM2.5,TOR
60512,BEASLEY PARK _HAMILTON_DOWNTOWN_,EC2(B),2013-08-08T00:00,0.094,µg/m³,PM2.5,TOR
60512,BEASLEY PARK _HAMILTON_DOWNTOWN_,EC2(B),2013-08-17T00:00,0.108,µg/m³,PM2.5,TOR
60512,BEASLEY PARK _HAMILTON_DOWNTOWN_,EC2(B),2013-08-20T00:00,0.049,µg/m³,PM2.5,TOR
60512,BEASLEY PARK _HAMILTON_DOWNTOWN_,EC2(B),2013-08-23T00:00,0.065,µg/m³,PM2.5,TOR
60512,BEASLEY PARK _HAMILTON_DOWNTOWN_,EC2(B),2013-08-26T00:00,0.014,µg/m³,PM2.5,TOR
60512,BEASLEY PARK _HAMILTON_DOWNTOWN_,EC2(B),2013-08-29T00:00,0.106,µg/m³,PM2.5,TOR
60512,BEASLEY PARK _HAMILTON_DOWNTOWN_,EC2(B),2013-09-01T00:00,0.111,µg/m³,PM2.5,TOR
60512,BEASLEY PARK _HAMILTON_DOWNTOWN_,EC2(B),2013-09-04T00:00,0.000,µg/m³,PM2.5,TOR
60512,BEASLEY PARK _HAMILTON_DOWNTOWN_,EC2(B),2013-09-07T00:00,0.059,µg/m³,PM2.5,TOR
60512,BEASLEY PARK _HAMILTON_DOWNTOWN_,EC2(B),2013-09-10T00:00,0.034,µg/m³,PM2.5,TOR
60512,BEASLEY PARK _HAMILTON_DOWNTOWN_,EC2(B),2013-09-13T00:00,0.000,µg/m³,PM2.5,TOR
60512,BEASLEY PARK _HAMILTON_DOWNTOWN_,EC2(B),2013-09-16T00:00,0.000,µg/m³,PM2.5,TOR
60512,BEASLEY PARK _HAMILTON_DOWNTOWN_,EC2(B),2013-09-19T00:00,0.040,µg/m³,PM2.5,TOR
60512,BEASLEY PARK _HAMILTON_DOWNTOWN_,EC2(B),2013-09-22T00:00,0.000,µg/m³,PM2.5,TOR
60512,BEASLEY PARK _HAMILTON_DOWNTOWN_,EC2(B),2013-09-25T00:00,0.013,µg/m³,PM2.5,TOR
60512,BEASLEY PARK _HAMILTON_DOWNTOWN_,EC2(B),2013-09-28T00:00,0.114,µg/m³,PM2.5,TOR
60512,BEASLEY PARK _HAMILTON_DOWNTOWN_,EC2(B),2013-10-01T00:00,0.087,µg/m³,PM2.5,TOR
60512,BEASLEY PARK _HAMILTON_DOWNTOWN_,EC2(B),2013-10-04T00:00,0.012,µg/m³,PM2.5,TOR
60512,BEASLEY PARK _HAMILTON_DOWNTOWN_,EC2(B),2013-10-07T00:00,0.000,µg/m³,PM2.5,TOR
60512,BEASLEY PARK _HAMILTON_DOWNTOWN_,EC2(B),2013-10-10T00:00,0.074,µg/m³,PM2.5,TOR
60512,BEASLEY PARK _HAMILTON_DOWNTOWN_,EC2(B),2013-10-13T00:00,0.000,µg/m³,PM2.5,TOR
60512,BEASLEY PARK _HAMILTON_DOWNTOWN_,EC2(B),2013-10-16T00:00,0.026,µg/m³,PM2.5,TOR
60512,BEASLEY PARK _HAMILTON_DOWNTOWN_,EC2(B),2013-10-19T00:00,0.047,µg/m³,PM2.5,TOR
60512,BEASLEY PARK _HAMILTON_DOWNTOWN_,EC2(B),2013-10-25T00:00,0.000,µg/m³,PM2.5,TOR
60512,BEASLEY PARK _HAMILTON_DOWNTOWN_,EC2(B),2013-10-28T00:00,0.000,µg/m³,PM2.5,TOR
60512,BEASLEY PARK _HAMILTON_DOWNTOWN_,EC2(B),2013-10-31T00:00,0.000,µg/m³,PM2.5,TOR
60512,BEASLEY PARK _HAMILTON_DOWNTOWN_,EC2(B),2013-11-03T00:00,0.000,µg/m³,PM2.5,TOR
60512,BEASLEY PARK _HAMILTON_DOWNTOWN_,EC2(B),2013-11-06T00:00,0.034,µg/m³,PM2.5,TOR
60512,BEASLEY PARK _HAMILTON_DOWNTOWN_,EC2(B),2013-11-09T00:00,0.044,µg/m³,PM2.5,TOR
60512,BEASLEY PARK _HAMILTON_DOWNTOWN_,EC2(B),2013-11-12T00:00,0.000,µg/m³,PM2.5,TOR
60512,BEASLEY PARK _HAMILTON_DOWNTOWN_,EC2(B),2013-11-18T00:00,0.000,µg/m³,PM2.5,TOR
60512,BEASLEY PARK _HAMILTON_DOWNTOWN_,EC2(B),2013-11-21T00:00,0.000,µg/m³,PM2.5,TOR
60512,BEASLEY PARK _HAMILTON_DOWNTOWN_,EC2(B),2013-11-24T00:00,0.000,µg/m³,PM2.5,TOR
60512,BEASLEY PARK _HAMILTON_DOWNTOWN_,EC2(B),2013-11-27T00:00,0.000,µg/m³,PM2.5,TOR
60512,BEASLEY PARK _HAMILTON_DOWNTOWN_,EC2(B),2013-11-30T00:00,0.000,µg/m³,PM2.5,TOR
60512,BEASLEY PARK _HAMILTON_DOWNTOWN_,EC2(B),2013-12-03T00:00,0.000,µg/m³,PM2.5,TOR
60512,BEASLEY PARK _HAMILTON_DOWNTOWN_,EC2(B),2013-12-06T00:00,0.000,µg/m³,PM2.5,TOR
60512,BEASLEY PARK _HAMILTON_DOWNTOWN_,EC2(B),2013-12-09T00:00,0.000,µg/m³,PM2.5,TOR
60512,BEASLEY PARK _HAMILTON_DOWNTOWN_,EC2(B),2013-12-12T00:00,0.000,µg/m³,PM2.5,TOR
60512,BEASLEY PARK _HAMILTON_DOWNTOWN_,EC2(B),2013-12-15T00:00,0.000,µg/m³,PM2.5,TOR
60512,BEASLEY PARK _HAMILTON_DOWNTOWN_,EC2(B),2013-12-18T00:00,0.058,µg/m³,PM2.5,TOR
60512,BEASLEY PARK _HAMILTON_DOWNTOWN_,EC2(B),2013-12-21T00:00,0.074,µg/m³,PM2.5,TOR
60512,BEASLEY PARK _HAMILTON_DOWNTOWN_,EC2(B),2013-12-24T00:00,0.074,µg/m³,PM2.5,TOR
60512,BEASLEY PARK _HAMILTON_DOWNTOWN_,EC2(B),2013-12-27T00:00,0.000,µg/m³,PM2.5,TOR
60512,BEASLEY PARK _HAMILTON_DOWNTOWN_,EC2(B),2013-12-30T00:00,0.033,µg/m³,PM2.5,TOR
