﻿NAPS_Site_ID,Station_Name,Pollutant,Date,Value,Units,Report_Type,Method
70119,ELLEN,Isoprene,1998-01-17T00:00,0.100,µg/m³,VOC,N/A
70119,ELLEN,Isoprene,1998-01-23T00:00,0.380,µg/m³,VOC,N/A
70119,ELLEN,Isoprene,1998-01-29T00:00,0.280,µg/m³,VOC,N/A
70119,ELLEN,Isoprene,1998-02-04T00:00,0.300,µg/m³,VOC,N/A
70119,ELLEN,Isoprene,1998-02-10T00:00,0.340,µg/m³,VOC,N/A
70119,ELLEN,Isoprene,1998-02-16T00:00,0.360,µg/m³,VOC,N/A
70119,ELLEN,Isoprene,1998-02-22T00:00,0.200,µg/m³,VOC,N/A
70119,ELLEN,Isoprene,1998-02-28T00:00,0.200,µg/m³,VOC,N/A
70119,ELLEN,Isoprene,1998-03-06T00:00,0.180,µg/m³,VOC,N/A
70119,ELLEN,Isoprene,1998-03-12T00:00,0.180,µg/m³,VOC,N/A
70119,ELLEN,Isoprene,1998-03-18T00:00,0.160,µg/m³,VOC,N/A
70119,ELLEN,Isoprene,1998-03-24T00:00,0.180,µg/m³,VOC,N/A
70119,ELLEN,Isoprene,1998-03-30T00:00,0.360,µg/m³,VOC,N/A
70119,ELLEN,Isoprene,1998-04-05T00:00,0.140,µg/m³,VOC,N/A
70119,ELLEN,Isoprene,1998-04-11T00:00,0.260,µg/m³,VOC,N/A
70119,ELLEN,Isoprene,1998-04-17T00:00,0.180,µg/m³,VOC,N/A
70119,ELLEN,Isoprene,1998-04-29T00:00,0.160,µg/m³,VOC,N/A
70119,ELLEN,Isoprene,1998-05-05T00:00,0.139,µg/m³,VOC,N/A
70119,ELLEN,Isoprene,1998-05-11T00:00,0.100,µg/m³,VOC,N/A
70119,ELLEN,Isoprene,1998-05-17T00:00,0.620,µg/m³,VOC,N/A
70119,ELLEN,Isoprene,1998-07-04T00:00,1.057,µg/m³,VOC,N/A
70119,ELLEN,Isoprene,1998-07-16T00:00,1.632,µg/m³,VOC,N/A
70119,ELLEN,Isoprene,1998-07-22T00:00,2.003,µg/m³,VOC,N/A
70119,ELLEN,Isoprene,1998-07-28T00:00,2.886,µg/m³,VOC,N/A
70119,ELLEN,Isoprene,1998-08-03T00:00,1.208,µg/m³,VOC,N/A
70119,ELLEN,Isoprene,1998-08-09T00:00,6.225,µg/m³,VOC,N/A
70119,ELLEN,Isoprene,1998-08-21T00:00,3.309,µg/m³,VOC,N/A
70119,ELLEN,Isoprene,1998-08-27T00:00,0.638,µg/m³,VOC,N/A
70119,ELLEN,Isoprene,1998-09-02T00:00,0.974,µg/m³,VOC,N/A
70119,ELLEN,Isoprene,1998-09-08T00:00,0.704,µg/m³,VOC,N/A
70119,ELLEN,Isoprene,1998-09-14T00:00,0.466,µg/m³,VOC,N/A
70119,ELLEN,Isoprene,1998-09-20T00:00,0.232,µg/m³,VOC,N/A
70119,ELLEN,Isoprene,1998-09-26T00:00,0.246,µg/m³,VOC,N/A
70119,ELLEN,Isoprene,1998-10-02T00:00,0.380,µg/m³,VOC,N/A
70119,ELLEN,Isoprene,1998-10-08T00:00,0.108,µg/m³,VOC,N/A
70119,ELLEN,Isoprene,1998-10-14T00:00,0.233,µg/m³,VOC,N/A
70119,ELLEN,Isoprene,1998-10-20T00:00,0.282,µg/m³,VOC,N/A
70119,ELLEN,Isoprene,1998-10-26T00:00,0.214,µg/m³,VOC,N/A
70119,ELLEN,Isoprene,1998-11-01T00:00,0.136,µg/m³,VOC,N/A
70119,ELLEN,Isoprene,1998-11-07T00:00,0.136,µg/m³,VOC,N/A
70119,ELLEN,Isoprene,1998-11-13T00:00,0.342,µg/m³,VOC,N/A
70119,ELLEN,Isoprene,1998-11-19T00:00,0.160,µg/m³,VOC,N/A
70119,ELLEN,Isoprene,1998-11-25T00:00,0.182,µg/m³,VOC,N/A
70119,ELLEN,Isoprene,1998-12-01T00:00,0.234,µg/m³,VOC,N/A
70119,ELLEN,Isoprene,1998-12-07T00:00,0.302,µg/m³,VOC,N/A
70119,ELLEN,Isoprene,1998-12-13T00:00,0.561,µg/m³,VOC,N/A
70119,ELLEN,Isoprene,1998-12-19T00:00,0.206,µg/m³,VOC,N/A
70119,ELLEN,Isoprene,1998-12-25T00:00,0.320,µg/m³,VOC,N/A
70119,ELLEN,Isoprene,1998-12-31T00:00,0.410,µg/m³,VOC,N/A
