﻿NAPS_Site_ID,Station_Name,Pollutant,Date,Value,Units,Report_Type,Method
61901,WALPOLE ISLAND,"2,3-Dimethylpentane",1989-02-03T00:00,0.119,µg/m³,VOC,
61901,WALPOLE ISLAND,"2,3-Dimethylpentane",1989-04-04T00:00,0.139,µg/m³,VOC,
61901,WALPOLE ISLAND,"2,3-Dimethylpentane",1989-04-10T00:00,0.331,µg/m³,VOC,
61901,WALPOLE ISLAND,"2,3-Dimethylpentane",1989-04-22T00:00,0.231,µg/m³,VOC,
61901,WALPOLE ISLAND,"2,3-Dimethylpentane",1989-05-10T00:00,0.111,µg/m³,VOC,
61901,WALPOLE ISLAND,"2,3-Dimethylpentane",1989-05-16T00:00,0.243,µg/m³,VOC,
61901,WALPOLE ISLAND,"2,3-Dimethylpentane",1989-05-22T00:00,0.110,µg/m³,VOC,
61901,WALPOLE ISLAND,"2,3-Dimethylpentane",1989-05-28T00:00,0.102,µg/m³,VOC,
61901,WALPOLE ISLAND,"2,3-Dimethylpentane",1989-06-03T00:00,0.337,µg/m³,VOC,
61901,WALPOLE ISLAND,"2,3-Dimethylpentane",1989-06-09T00:00,0.161,µg/m³,VOC,
61901,WALPOLE ISLAND,"2,3-Dimethylpentane",1989-06-15T00:00,0.228,µg/m³,VOC,
61901,WALPOLE ISLAND,"2,3-Dimethylpentane",1989-06-21T00:00,0.127,µg/m³,VOC,
61901,WALPOLE ISLAND,"2,3-Dimethylpentane",1989-06-27T00:00,0.146,µg/m³,VOC,
61901,WALPOLE ISLAND,"2,3-Dimethylpentane",1989-07-09T00:00,0.232,µg/m³,VOC,
61901,WALPOLE ISLAND,"2,3-Dimethylpentane",1989-07-15T00:00,0.618,µg/m³,VOC,
61901,WALPOLE ISLAND,"2,3-Dimethylpentane",1989-10-13T00:00,0.882,µg/m³,VOC,
61901,WALPOLE ISLAND,"2,3-Dimethylpentane",1989-11-24T00:00,0.205,µg/m³,VOC,
61901,WALPOLE ISLAND,"2,3-Dimethylpentane",1989-11-30T00:00,0.263,µg/m³,VOC,
61901,WALPOLE ISLAND,"2,3-Dimethylpentane",1989-12-06T00:00,0.247,µg/m³,VOC,
