﻿NAPS_Site_ID,Station_Name,Pollutant,Date,Value,Units,Report_Type,Method
70119,ELLEN,Sulphate,2005-01-04T00:00,0.000,µg/m³,DICHOT,IC
70119,ELLEN,Sulphate,2005-01-04T00:00,2.098,µg/m³,DICHOT,IC
70119,ELLEN,Sulphate,2005-03-11T00:00,0.056,µg/m³,DICHOT,IC
70119,ELLEN,Sulphate,2005-03-11T00:00,0.849,µg/m³,DICHOT,IC
70119,ELLEN,Sulphate,2005-03-17T00:00,0.061,µg/m³,DICHOT,IC
70119,ELLEN,Sulphate,2005-03-17T00:00,1.355,µg/m³,DICHOT,IC
70119,ELLEN,Sulphate,2005-03-23T00:00,0.189,µg/m³,DICHOT,IC
70119,ELLEN,Sulphate,2005-03-23T00:00,1.560,µg/m³,DICHOT,IC
70119,ELLEN,Sulphate,2005-03-29T00:00,0.057,µg/m³,DICHOT,IC
70119,ELLEN,Sulphate,2005-03-29T00:00,1.758,µg/m³,DICHOT,IC
70119,ELLEN,Sulphate,2005-04-04T00:00,0.085,µg/m³,DICHOT,IC
70119,ELLEN,Sulphate,2005-04-04T00:00,0.786,µg/m³,DICHOT,IC
70119,ELLEN,Sulphate,2005-04-10T00:00,0.108,µg/m³,DICHOT,IC
70119,ELLEN,Sulphate,2005-04-10T00:00,1.296,µg/m³,DICHOT,IC
70119,ELLEN,Sulphate,2005-04-16T00:00,0.085,µg/m³,DICHOT,IC
70119,ELLEN,Sulphate,2005-04-16T00:00,0.523,µg/m³,DICHOT,IC
70119,ELLEN,Sulphate,2005-04-22T00:00,0.048,µg/m³,DICHOT,IC
70119,ELLEN,Sulphate,2005-04-22T00:00,0.841,µg/m³,DICHOT,IC
70119,ELLEN,Sulphate,2005-04-28T00:00,0.095,µg/m³,DICHOT,IC
70119,ELLEN,Sulphate,2005-04-28T00:00,0.786,µg/m³,DICHOT,IC
70119,ELLEN,Sulphate,2005-05-04T00:00,0.153,µg/m³,DICHOT,IC
70119,ELLEN,Sulphate,2005-05-04T00:00,2.326,µg/m³,DICHOT,IC
70119,ELLEN,Sulphate,2005-05-10T00:00,0.059,µg/m³,DICHOT,IC
70119,ELLEN,Sulphate,2005-05-10T00:00,0.945,µg/m³,DICHOT,IC
70119,ELLEN,Sulphate,2005-05-16T00:00,0.108,µg/m³,DICHOT,IC
70119,ELLEN,Sulphate,2005-05-16T00:00,0.162,µg/m³,DICHOT,IC
70119,ELLEN,Sulphate,2005-05-22T00:00,0.152,µg/m³,DICHOT,IC
70119,ELLEN,Sulphate,2005-05-22T00:00,0.537,µg/m³,DICHOT,IC
70119,ELLEN,Sulphate,2005-05-28T00:00,0.088,µg/m³,DICHOT,IC
70119,ELLEN,Sulphate,2005-05-28T00:00,0.307,µg/m³,DICHOT,IC
70119,ELLEN,Sulphate,2005-06-03T00:00,0.077,µg/m³,DICHOT,IC
70119,ELLEN,Sulphate,2005-06-03T00:00,0.210,µg/m³,DICHOT,IC
70119,ELLEN,Sulphate,2005-06-09T00:00,0.080,µg/m³,DICHOT,IC
70119,ELLEN,Sulphate,2005-06-09T00:00,0.676,µg/m³,DICHOT,IC
70119,ELLEN,Sulphate,2005-06-15T00:00,0.143,µg/m³,DICHOT,IC
70119,ELLEN,Sulphate,2005-06-15T00:00,0.384,µg/m³,DICHOT,IC
70119,ELLEN,Sulphate,2005-06-21T00:00,0.071,µg/m³,DICHOT,IC
70119,ELLEN,Sulphate,2005-06-21T00:00,0.590,µg/m³,DICHOT,IC
70119,ELLEN,Sulphate,2005-06-27T00:00,0.491,µg/m³,DICHOT,IC
70119,ELLEN,Sulphate,2005-06-27T00:00,0.696,µg/m³,DICHOT,IC
70119,ELLEN,Sulphate,2005-07-03T00:00,0.000,µg/m³,DICHOT,IC
70119,ELLEN,Sulphate,2005-07-03T00:00,0.067,µg/m³,DICHOT,IC
70119,ELLEN,Sulphate,2005-07-21T00:00,0.110,µg/m³,DICHOT,IC
70119,ELLEN,Sulphate,2005-07-21T00:00,0.412,µg/m³,DICHOT,IC
70119,ELLEN,Sulphate,2005-07-27T00:00,0.000,µg/m³,DICHOT,IC
70119,ELLEN,Sulphate,2005-07-27T00:00,0.000,µg/m³,DICHOT,IC
70119,ELLEN,Sulphate,2005-08-02T00:00,0.063,µg/m³,DICHOT,IC
70119,ELLEN,Sulphate,2005-08-02T00:00,0.677,µg/m³,DICHOT,IC
70119,ELLEN,Sulphate,2005-08-08T00:00,0.075,µg/m³,DICHOT,IC
70119,ELLEN,Sulphate,2005-08-08T00:00,0.544,µg/m³,DICHOT,IC
70119,ELLEN,Sulphate,2005-08-14T00:00,0.095,µg/m³,DICHOT,IC
70119,ELLEN,Sulphate,2005-08-14T00:00,0.631,µg/m³,DICHOT,IC
70119,ELLEN,Sulphate,2005-08-20T00:00,0.000,µg/m³,DICHOT,IC
70119,ELLEN,Sulphate,2005-08-20T00:00,0.000,µg/m³,DICHOT,IC
70119,ELLEN,Sulphate,2005-09-07T00:00,0.091,µg/m³,DICHOT,IC
70119,ELLEN,Sulphate,2005-09-07T00:00,0.660,µg/m³,DICHOT,IC
70119,ELLEN,Sulphate,2005-09-13T00:00,0.096,µg/m³,DICHOT,IC
70119,ELLEN,Sulphate,2005-09-13T00:00,0.527,µg/m³,DICHOT,IC
70119,ELLEN,Sulphate,2005-09-19T00:00,0.137,µg/m³,DICHOT,IC
70119,ELLEN,Sulphate,2005-09-19T00:00,1.110,µg/m³,DICHOT,IC
70119,ELLEN,Sulphate,2005-09-25T00:00,0.044,µg/m³,DICHOT,IC
70119,ELLEN,Sulphate,2005-09-25T00:00,0.987,µg/m³,DICHOT,IC
70119,ELLEN,Sulphate,2005-10-01T00:00,0.186,µg/m³,DICHOT,IC
70119,ELLEN,Sulphate,2005-10-01T00:00,0.604,µg/m³,DICHOT,IC
70119,ELLEN,Sulphate,2005-10-07T00:00,0.073,µg/m³,DICHOT,IC
70119,ELLEN,Sulphate,2005-10-07T00:00,0.272,µg/m³,DICHOT,IC
70119,ELLEN,Sulphate,2005-10-13T00:00,0.238,µg/m³,DICHOT,IC
70119,ELLEN,Sulphate,2005-10-13T00:00,4.123,µg/m³,DICHOT,IC
70119,ELLEN,Sulphate,2005-10-19T00:00,0.053,µg/m³,DICHOT,IC
70119,ELLEN,Sulphate,2005-10-19T00:00,1.699,µg/m³,DICHOT,IC
70119,ELLEN,Sulphate,2005-10-25T00:00,0.061,µg/m³,DICHOT,IC
70119,ELLEN,Sulphate,2005-10-25T00:00,0.619,µg/m³,DICHOT,IC
70119,ELLEN,Sulphate,2005-10-31T00:00,0.110,µg/m³,DICHOT,IC
70119,ELLEN,Sulphate,2005-10-31T00:00,0.967,µg/m³,DICHOT,IC
70119,ELLEN,Sulphate,2005-11-06T00:00,0.052,µg/m³,DICHOT,IC
70119,ELLEN,Sulphate,2005-11-06T00:00,0.520,µg/m³,DICHOT,IC
70119,ELLEN,Sulphate,2005-11-12T00:00,0.055,µg/m³,DICHOT,IC
70119,ELLEN,Sulphate,2005-11-12T00:00,0.237,µg/m³,DICHOT,IC
70119,ELLEN,Sulphate,2005-11-18T00:00,0.110,µg/m³,DICHOT,IC
70119,ELLEN,Sulphate,2005-11-18T00:00,0.764,µg/m³,DICHOT,IC
70119,ELLEN,Sulphate,2005-11-24T00:00,0.065,µg/m³,DICHOT,IC
70119,ELLEN,Sulphate,2005-11-24T00:00,0.350,µg/m³,DICHOT,IC
70119,ELLEN,Sulphate,2005-11-30T00:00,0.082,µg/m³,DICHOT,IC
70119,ELLEN,Sulphate,2005-11-30T00:00,0.462,µg/m³,DICHOT,IC
70119,ELLEN,Sulphate,2005-12-06T00:00,0.050,µg/m³,DICHOT,IC
70119,ELLEN,Sulphate,2005-12-06T00:00,0.438,µg/m³,DICHOT,IC
70119,ELLEN,Sulphate,2005-12-12T00:00,0.136,µg/m³,DICHOT,IC
70119,ELLEN,Sulphate,2005-12-12T00:00,1.884,µg/m³,DICHOT,IC
70119,ELLEN,Sulphate,2005-12-18T00:00,0.057,µg/m³,DICHOT,IC
70119,ELLEN,Sulphate,2005-12-18T00:00,0.970,µg/m³,DICHOT,IC
70119,ELLEN,Sulphate,2005-12-24T00:00,0.114,µg/m³,DICHOT,IC
70119,ELLEN,Sulphate,2005-12-24T00:00,1.075,µg/m³,DICHOT,IC
70119,ELLEN,Sulphate,2005-12-30T00:00,0.132,µg/m³,DICHOT,IC
70119,ELLEN,Sulphate,2005-12-30T00:00,0.917,µg/m³,DICHOT,IC
