﻿NAPS_Site_ID,Station_Name,Pollutant,Date,Value,Units,Report_Type,Method
50124,MONTRÉAL-CHATEAUNEUF-ANJOU,Cyclopentane,2020-01-04T00:00,0.054,µg/m³,VOC,GC-MS
50124,MONTRÉAL-CHATEAUNEUF-ANJOU,Cyclopentane,2020-01-16T00:00,0.171,µg/m³,VOC,GC-MS
50124,MONTRÉAL-CHATEAUNEUF-ANJOU,Cyclopentane,2020-01-22T00:00,0.056,µg/m³,VOC,GC-MS
50124,MONTRÉAL-CHATEAUNEUF-ANJOU,Cyclopentane,2020-01-28T00:00,0.485,µg/m³,VOC,GC-MS
50124,MONTRÉAL-CHATEAUNEUF-ANJOU,Cyclopentane,2020-02-03T00:00,0.134,µg/m³,VOC,GC-MS
50124,MONTRÉAL-CHATEAUNEUF-ANJOU,Cyclopentane,2020-02-09T00:00,0.175,µg/m³,VOC,GC-MS
50124,MONTRÉAL-CHATEAUNEUF-ANJOU,Cyclopentane,2020-02-15T00:00,0.025,µg/m³,VOC,GC-MS
50124,MONTRÉAL-CHATEAUNEUF-ANJOU,Cyclopentane,2020-02-21T00:00,0.063,µg/m³,VOC,GC-MS
50124,MONTRÉAL-CHATEAUNEUF-ANJOU,Cyclopentane,2020-02-27T00:00,0.027,µg/m³,VOC,GC-MS
