﻿NAPS_Site_ID,Station_Name,Pollutant,Date,Value,Units,Report_Type,Method
90121,EDMONTON EAST,Propylene,2008-01-07T00:00,0.864,µg/m³,VOC,GC-MS
90121,EDMONTON EAST,Propylene,2008-01-13T00:00,0.746,µg/m³,VOC,GC-MS
90121,EDMONTON EAST,Propylene,2008-01-19T00:00,0.844,µg/m³,VOC,GC-MS
90121,EDMONTON EAST,Propylene,2008-01-25T00:00,0.763,µg/m³,VOC,GC-MS
90121,EDMONTON EAST,Propylene,2008-01-31T00:00,0.617,µg/m³,VOC,GC-MS
90121,EDMONTON EAST,Propylene,2008-02-06T00:00,0.841,µg/m³,VOC,GC-MS
90121,EDMONTON EAST,Propylene,2008-02-12T00:00,0.473,µg/m³,VOC,GC-MS
90121,EDMONTON EAST,Propylene,2008-02-18T00:00,1.190,µg/m³,VOC,GC-MS
90121,EDMONTON EAST,Propylene,2008-02-24T00:00,0.727,µg/m³,VOC,GC-MS
90121,EDMONTON EAST,Propylene,2008-03-13T00:00,0.442,µg/m³,VOC,GC-MS
90121,EDMONTON EAST,Propylene,2008-03-19T00:00,0.665,µg/m³,VOC,GC-MS
90121,EDMONTON EAST,Propylene,2008-03-31T00:00,0.279,µg/m³,VOC,GC-MS
90121,EDMONTON EAST,Propylene,2008-04-06T00:00,0.190,µg/m³,VOC,GC-MS
90121,EDMONTON EAST,Propylene,2008-04-12T00:00,0.331,µg/m³,VOC,GC-MS
90121,EDMONTON EAST,Propylene,2008-04-18T00:00,0.666,µg/m³,VOC,GC-MS
90121,EDMONTON EAST,Propylene,2008-04-24T00:00,0.118,µg/m³,VOC,GC-MS
90121,EDMONTON EAST,Propylene,2008-04-30T00:00,0.690,µg/m³,VOC,GC-MS
90121,EDMONTON EAST,Propylene,2008-05-06T00:00,0.551,µg/m³,VOC,GC-MS
90121,EDMONTON EAST,Propylene,2008-05-12T00:00,0.416,µg/m³,VOC,GC-MS
90121,EDMONTON EAST,Propylene,2008-05-18T00:00,0.379,µg/m³,VOC,GC-MS
90121,EDMONTON EAST,Propylene,2008-05-24T00:00,0.997,µg/m³,VOC,GC-MS
90121,EDMONTON EAST,Propylene,2008-05-30T00:00,0.523,µg/m³,VOC,GC-MS
90121,EDMONTON EAST,Propylene,2008-06-05T00:00,0.172,µg/m³,VOC,GC-MS
90121,EDMONTON EAST,Propylene,2008-06-11T00:00,0.516,µg/m³,VOC,GC-MS
90121,EDMONTON EAST,Propylene,2008-06-17T00:00,0.561,µg/m³,VOC,GC-MS
90121,EDMONTON EAST,Propylene,2008-06-23T00:00,0.604,µg/m³,VOC,GC-MS
90121,EDMONTON EAST,Propylene,2008-06-29T00:00,0.500,µg/m³,VOC,GC-MS
90121,EDMONTON EAST,Propylene,2008-07-05T00:00,0.361,µg/m³,VOC,GC-MS
90121,EDMONTON EAST,Propylene,2008-07-11T00:00,0.188,µg/m³,VOC,GC-MS
90121,EDMONTON EAST,Propylene,2008-07-17T00:00,0.305,µg/m³,VOC,GC-MS
90121,EDMONTON EAST,Propylene,2008-07-23T00:00,0.336,µg/m³,VOC,GC-MS
90121,EDMONTON EAST,Propylene,2008-07-29T00:00,0.307,µg/m³,VOC,GC-MS
90121,EDMONTON EAST,Propylene,2008-08-04T00:00,0.413,µg/m³,VOC,GC-MS
90121,EDMONTON EAST,Propylene,2008-08-10T00:00,0.873,µg/m³,VOC,GC-MS
90121,EDMONTON EAST,Propylene,2008-08-16T00:00,0.537,µg/m³,VOC,GC-MS
90121,EDMONTON EAST,Propylene,2008-08-22T00:00,0.738,µg/m³,VOC,GC-MS
90121,EDMONTON EAST,Propylene,2008-08-28T00:00,0.535,µg/m³,VOC,GC-MS
90121,EDMONTON EAST,Propylene,2008-09-03T00:00,1.471,µg/m³,VOC,GC-MS
90121,EDMONTON EAST,Propylene,2008-09-09T00:00,0.570,µg/m³,VOC,GC-MS
90121,EDMONTON EAST,Propylene,2008-09-15T00:00,0.527,µg/m³,VOC,GC-MS
90121,EDMONTON EAST,Propylene,2008-09-21T00:00,0.680,µg/m³,VOC,GC-MS
90121,EDMONTON EAST,Propylene,2008-09-27T00:00,0.275,µg/m³,VOC,GC-MS
90121,EDMONTON EAST,Propylene,2008-10-03T00:00,0.848,µg/m³,VOC,GC-MS
90121,EDMONTON EAST,Propylene,2008-10-09T00:00,0.334,µg/m³,VOC,GC-MS
90121,EDMONTON EAST,Propylene,2008-10-15T00:00,0.681,µg/m³,VOC,GC-MS
90121,EDMONTON EAST,Propylene,2008-10-21T00:00,0.336,µg/m³,VOC,GC-MS
90121,EDMONTON EAST,Propylene,2008-10-27T00:00,1.241,µg/m³,VOC,GC-MS
90121,EDMONTON EAST,Propylene,2008-11-02T00:00,1.141,µg/m³,VOC,GC-MS
90121,EDMONTON EAST,Propylene,2008-11-08T00:00,0.274,µg/m³,VOC,GC-MS
90121,EDMONTON EAST,Propylene,2008-11-14T00:00,0.327,µg/m³,VOC,GC-MS
90121,EDMONTON EAST,Propylene,2008-11-20T00:00,0.131,µg/m³,VOC,GC-MS
90121,EDMONTON EAST,Propylene,2008-11-26T00:00,0.692,µg/m³,VOC,GC-MS
90121,EDMONTON EAST,Propylene,2008-12-02T00:00,0.222,µg/m³,VOC,GC-MS
90121,EDMONTON EAST,Propylene,2008-12-08T00:00,0.675,µg/m³,VOC,GC-MS
90121,EDMONTON EAST,Propylene,2008-12-14T00:00,0.446,µg/m³,VOC,GC-MS
90121,EDMONTON EAST,Propylene,2008-12-20T00:00,1.217,µg/m³,VOC,GC-MS
90121,EDMONTON EAST,Propylene,2008-12-26T00:00,0.771,µg/m³,VOC,GC-MS
