﻿NAPS_Site_ID,Station_Name,Pollutant,Date,Value,Units,Report_Type,Method
63201,HWY 47 & HWY 48 _YORK_REGION_,Hexane,1996-01-04T00:00,0.921,µg/m³,VOC,N/A
63201,HWY 47 & HWY 48 _YORK_REGION_,Hexane,1996-01-10T00:00,0.548,µg/m³,VOC,N/A
63201,HWY 47 & HWY 48 _YORK_REGION_,Hexane,1996-01-16T00:00,0.591,µg/m³,VOC,N/A
63201,HWY 47 & HWY 48 _YORK_REGION_,Hexane,1996-01-22T00:00,1.131,µg/m³,VOC,N/A
63201,HWY 47 & HWY 48 _YORK_REGION_,Hexane,1996-01-28T00:00,0.275,µg/m³,VOC,N/A
63201,HWY 47 & HWY 48 _YORK_REGION_,Hexane,1996-02-03T00:00,0.545,µg/m³,VOC,N/A
63201,HWY 47 & HWY 48 _YORK_REGION_,Hexane,1996-02-09T00:00,0.444,µg/m³,VOC,N/A
63201,HWY 47 & HWY 48 _YORK_REGION_,Hexane,1996-02-15T00:00,0.468,µg/m³,VOC,N/A
63201,HWY 47 & HWY 48 _YORK_REGION_,Hexane,1996-02-21T00:00,1.718,µg/m³,VOC,N/A
63201,HWY 47 & HWY 48 _YORK_REGION_,Hexane,1996-02-27T00:00,0.245,µg/m³,VOC,N/A
63201,HWY 47 & HWY 48 _YORK_REGION_,Hexane,1996-03-04T00:00,0.325,µg/m³,VOC,N/A
63201,HWY 47 & HWY 48 _YORK_REGION_,Hexane,1996-03-10T00:00,0.582,µg/m³,VOC,N/A
63201,HWY 47 & HWY 48 _YORK_REGION_,Hexane,1996-03-16T00:00,0.325,µg/m³,VOC,N/A
63201,HWY 47 & HWY 48 _YORK_REGION_,Hexane,1996-03-22T00:00,0.231,µg/m³,VOC,N/A
63201,HWY 47 & HWY 48 _YORK_REGION_,Hexane,1996-03-28T00:00,0.283,µg/m³,VOC,N/A
63201,HWY 47 & HWY 48 _YORK_REGION_,Hexane,1996-04-03T00:00,0.307,µg/m³,VOC,N/A
63201,HWY 47 & HWY 48 _YORK_REGION_,Hexane,1996-04-09T00:00,0.348,µg/m³,VOC,N/A
63201,HWY 47 & HWY 48 _YORK_REGION_,Hexane,1996-04-15T00:00,0.221,µg/m³,VOC,N/A
63201,HWY 47 & HWY 48 _YORK_REGION_,Hexane,1996-04-21T00:00,0.741,µg/m³,VOC,N/A
63201,HWY 47 & HWY 48 _YORK_REGION_,Hexane,1996-04-27T00:00,0.318,µg/m³,VOC,N/A
63201,HWY 47 & HWY 48 _YORK_REGION_,Hexane,1996-05-03T00:00,0.687,µg/m³,VOC,N/A
63201,HWY 47 & HWY 48 _YORK_REGION_,Hexane,1996-05-09T00:00,0.436,µg/m³,VOC,N/A
63201,HWY 47 & HWY 48 _YORK_REGION_,Hexane,1996-05-15T00:00,0.779,µg/m³,VOC,N/A
63201,HWY 47 & HWY 48 _YORK_REGION_,Hexane,1996-05-21T00:00,0.280,µg/m³,VOC,N/A
63201,HWY 47 & HWY 48 _YORK_REGION_,Hexane,1996-05-27T00:00,0.481,µg/m³,VOC,N/A
63201,HWY 47 & HWY 48 _YORK_REGION_,Hexane,1996-06-02T00:00,0.424,µg/m³,VOC,N/A
63201,HWY 47 & HWY 48 _YORK_REGION_,Hexane,1996-06-08T00:00,0.487,µg/m³,VOC,N/A
63201,HWY 47 & HWY 48 _YORK_REGION_,Hexane,1996-06-14T00:00,0.387,µg/m³,VOC,N/A
63201,HWY 47 & HWY 48 _YORK_REGION_,Hexane,1996-06-20T00:00,0.552,µg/m³,VOC,N/A
63201,HWY 47 & HWY 48 _YORK_REGION_,Hexane,1996-06-26T00:00,0.292,µg/m³,VOC,N/A
63201,HWY 47 & HWY 48 _YORK_REGION_,Hexane,1996-07-02T00:00,0.350,µg/m³,VOC,N/A
63201,HWY 47 & HWY 48 _YORK_REGION_,Hexane,1996-07-08T00:00,0.338,µg/m³,VOC,N/A
63201,HWY 47 & HWY 48 _YORK_REGION_,Hexane,1996-07-14T00:00,0.502,µg/m³,VOC,N/A
63201,HWY 47 & HWY 48 _YORK_REGION_,Hexane,1996-07-20T00:00,0.117,µg/m³,VOC,N/A
63201,HWY 47 & HWY 48 _YORK_REGION_,Hexane,1996-07-26T00:00,0.196,µg/m³,VOC,N/A
63201,HWY 47 & HWY 48 _YORK_REGION_,Hexane,1996-08-01T00:00,0.362,µg/m³,VOC,N/A
63201,HWY 47 & HWY 48 _YORK_REGION_,Hexane,1996-08-07T00:00,0.529,µg/m³,VOC,N/A
63201,HWY 47 & HWY 48 _YORK_REGION_,Hexane,1996-08-13T00:00,0.845,µg/m³,VOC,N/A
63201,HWY 47 & HWY 48 _YORK_REGION_,Hexane,1996-08-19T00:00,0.310,µg/m³,VOC,N/A
63201,HWY 47 & HWY 48 _YORK_REGION_,Hexane,1996-08-25T00:00,0.710,µg/m³,VOC,N/A
63201,HWY 47 & HWY 48 _YORK_REGION_,Hexane,1996-08-31T00:00,1.130,µg/m³,VOC,N/A
63201,HWY 47 & HWY 48 _YORK_REGION_,Hexane,1996-09-06T00:00,0.615,µg/m³,VOC,N/A
63201,HWY 47 & HWY 48 _YORK_REGION_,Hexane,1996-09-12T00:00,0.764,µg/m³,VOC,N/A
63201,HWY 47 & HWY 48 _YORK_REGION_,Hexane,1996-09-18T00:00,0.934,µg/m³,VOC,N/A
63201,HWY 47 & HWY 48 _YORK_REGION_,Hexane,1996-09-24T00:00,0.915,µg/m³,VOC,N/A
63201,HWY 47 & HWY 48 _YORK_REGION_,Hexane,1996-09-30T00:00,7.727,µg/m³,VOC,N/A
63201,HWY 47 & HWY 48 _YORK_REGION_,Hexane,1996-10-12T00:00,1.654,µg/m³,VOC,N/A
63201,HWY 47 & HWY 48 _YORK_REGION_,Hexane,1996-10-18T00:00,9.332,µg/m³,VOC,N/A
63201,HWY 47 & HWY 48 _YORK_REGION_,Hexane,1996-10-24T00:00,0.647,µg/m³,VOC,N/A
63201,HWY 47 & HWY 48 _YORK_REGION_,Hexane,1996-10-30T00:00,0.293,µg/m³,VOC,N/A
63201,HWY 47 & HWY 48 _YORK_REGION_,Hexane,1996-11-05T00:00,0.469,µg/m³,VOC,N/A
63201,HWY 47 & HWY 48 _YORK_REGION_,Hexane,1996-11-11T00:00,0.207,µg/m³,VOC,N/A
63201,HWY 47 & HWY 48 _YORK_REGION_,Hexane,1996-11-17T00:00,0.327,µg/m³,VOC,N/A
63201,HWY 47 & HWY 48 _YORK_REGION_,Hexane,1996-11-23T00:00,0.624,µg/m³,VOC,N/A
63201,HWY 47 & HWY 48 _YORK_REGION_,Hexane,1996-11-29T00:00,1.060,µg/m³,VOC,N/A
63201,HWY 47 & HWY 48 _YORK_REGION_,Hexane,1996-12-05T00:00,0.480,µg/m³,VOC,N/A
63201,HWY 47 & HWY 48 _YORK_REGION_,Hexane,1996-12-11T00:00,0.920,µg/m³,VOC,N/A
63201,HWY 47 & HWY 48 _YORK_REGION_,Hexane,1996-12-17T00:00,0.640,µg/m³,VOC,N/A
63201,HWY 47 & HWY 48 _YORK_REGION_,Hexane,1996-12-23T00:00,0.920,µg/m³,VOC,N/A
