﻿NAPS_Site_ID,Station_Name,Pollutant,Date,Value,Units,Report_Type,Method
40501,PT LEPREAU - CHARLOTTE COUNTY,Cyclopentene,1996-01-04T00:00,0.000,µg/m³,VOC,
40501,PT LEPREAU - CHARLOTTE COUNTY,Cyclopentene,1996-01-10T00:00,0.005,µg/m³,VOC,
40501,PT LEPREAU - CHARLOTTE COUNTY,Cyclopentene,1996-01-16T00:00,0.003,µg/m³,VOC,
40501,PT LEPREAU - CHARLOTTE COUNTY,Cyclopentene,1996-01-28T00:00,0.000,µg/m³,VOC,
40501,PT LEPREAU - CHARLOTTE COUNTY,Cyclopentene,1996-02-03T00:00,0.000,µg/m³,VOC,
40501,PT LEPREAU - CHARLOTTE COUNTY,Cyclopentene,1996-02-09T00:00,0.000,µg/m³,VOC,
40501,PT LEPREAU - CHARLOTTE COUNTY,Cyclopentene,1996-02-15T00:00,0.006,µg/m³,VOC,
40501,PT LEPREAU - CHARLOTTE COUNTY,Cyclopentene,1996-02-21T00:00,0.008,µg/m³,VOC,
40501,PT LEPREAU - CHARLOTTE COUNTY,Cyclopentene,1996-02-27T00:00,0.000,µg/m³,VOC,
40501,PT LEPREAU - CHARLOTTE COUNTY,Cyclopentene,1996-03-04T00:00,0.000,µg/m³,VOC,
40501,PT LEPREAU - CHARLOTTE COUNTY,Cyclopentene,1996-03-10T00:00,0.000,µg/m³,VOC,
40501,PT LEPREAU - CHARLOTTE COUNTY,Cyclopentene,1996-03-16T00:00,0.049,µg/m³,VOC,
40501,PT LEPREAU - CHARLOTTE COUNTY,Cyclopentene,1996-03-22T00:00,0.004,µg/m³,VOC,
40501,PT LEPREAU - CHARLOTTE COUNTY,Cyclopentene,1996-05-15T00:00,0.000,µg/m³,VOC,
40501,PT LEPREAU - CHARLOTTE COUNTY,Cyclopentene,1996-05-21T00:00,0.000,µg/m³,VOC,
40501,PT LEPREAU - CHARLOTTE COUNTY,Cyclopentene,1996-05-27T00:00,0.000,µg/m³,VOC,
40501,PT LEPREAU - CHARLOTTE COUNTY,Cyclopentene,1996-06-02T00:00,0.000,µg/m³,VOC,
40501,PT LEPREAU - CHARLOTTE COUNTY,Cyclopentene,1996-06-08T00:00,0.006,µg/m³,VOC,
40501,PT LEPREAU - CHARLOTTE COUNTY,Cyclopentene,1996-06-14T00:00,0.000,µg/m³,VOC,
40501,PT LEPREAU - CHARLOTTE COUNTY,Cyclopentene,1996-06-20T00:00,0.000,µg/m³,VOC,
40501,PT LEPREAU - CHARLOTTE COUNTY,Cyclopentene,1996-06-26T00:00,0.006,µg/m³,VOC,
40501,PT LEPREAU - CHARLOTTE COUNTY,Cyclopentene,1996-07-02T00:00,0.000,µg/m³,VOC,
40501,PT LEPREAU - CHARLOTTE COUNTY,Cyclopentene,1996-07-08T00:00,0.000,µg/m³,VOC,
40501,PT LEPREAU - CHARLOTTE COUNTY,Cyclopentene,1996-07-14T00:00,0.000,µg/m³,VOC,
40501,PT LEPREAU - CHARLOTTE COUNTY,Cyclopentene,1996-07-20T00:00,0.000,µg/m³,VOC,
40501,PT LEPREAU - CHARLOTTE COUNTY,Cyclopentene,1996-07-26T00:00,0.000,µg/m³,VOC,
40501,PT LEPREAU - CHARLOTTE COUNTY,Cyclopentene,1996-08-01T00:00,0.000,µg/m³,VOC,
40501,PT LEPREAU - CHARLOTTE COUNTY,Cyclopentene,1996-08-07T00:00,0.000,µg/m³,VOC,
40501,PT LEPREAU - CHARLOTTE COUNTY,Cyclopentene,1996-08-13T00:00,0.000,µg/m³,VOC,
40501,PT LEPREAU - CHARLOTTE COUNTY,Cyclopentene,1996-08-19T00:00,0.000,µg/m³,VOC,
40501,PT LEPREAU - CHARLOTTE COUNTY,Cyclopentene,1996-08-25T00:00,0.064,µg/m³,VOC,
40501,PT LEPREAU - CHARLOTTE COUNTY,Cyclopentene,1996-08-31T00:00,0.085,µg/m³,VOC,
40501,PT LEPREAU - CHARLOTTE COUNTY,Cyclopentene,1996-09-06T00:00,0.081,µg/m³,VOC,
40501,PT LEPREAU - CHARLOTTE COUNTY,Cyclopentene,1996-09-12T00:00,0.084,µg/m³,VOC,
40501,PT LEPREAU - CHARLOTTE COUNTY,Cyclopentene,1996-09-18T00:00,0.075,µg/m³,VOC,
40501,PT LEPREAU - CHARLOTTE COUNTY,Cyclopentene,1996-09-24T00:00,0.085,µg/m³,VOC,
40501,PT LEPREAU - CHARLOTTE COUNTY,Cyclopentene,1996-10-06T00:00,0.064,µg/m³,VOC,
40501,PT LEPREAU - CHARLOTTE COUNTY,Cyclopentene,1996-10-12T00:00,0.076,µg/m³,VOC,
40501,PT LEPREAU - CHARLOTTE COUNTY,Cyclopentene,1996-10-18T00:00,0.067,µg/m³,VOC,
40501,PT LEPREAU - CHARLOTTE COUNTY,Cyclopentene,1996-10-24T00:00,0.059,µg/m³,VOC,
40501,PT LEPREAU - CHARLOTTE COUNTY,Cyclopentene,1996-10-30T00:00,0.020,µg/m³,VOC,
40501,PT LEPREAU - CHARLOTTE COUNTY,Cyclopentene,1996-11-05T00:00,0.018,µg/m³,VOC,
40501,PT LEPREAU - CHARLOTTE COUNTY,Cyclopentene,1996-11-11T00:00,0.019,µg/m³,VOC,
40501,PT LEPREAU - CHARLOTTE COUNTY,Cyclopentene,1996-11-17T00:00,0.017,µg/m³,VOC,
40501,PT LEPREAU - CHARLOTTE COUNTY,Cyclopentene,1996-11-23T00:00,0.000,µg/m³,VOC,
40501,PT LEPREAU - CHARLOTTE COUNTY,Cyclopentene,1996-11-29T00:00,0.000,µg/m³,VOC,
40501,PT LEPREAU - CHARLOTTE COUNTY,Cyclopentene,1996-12-05T00:00,0.000,µg/m³,VOC,
40501,PT LEPREAU - CHARLOTTE COUNTY,Cyclopentene,1996-12-11T00:00,0.000,µg/m³,VOC,
40501,PT LEPREAU - CHARLOTTE COUNTY,Cyclopentene,1996-12-17T00:00,0.020,µg/m³,VOC,
