﻿NAPS_Site_ID,Station_Name,Pollutant,Date,Value,Units,Report_Type,Method
54501,L'ASSOMPTION,Ethane,1998-01-05T00:00,2.835,µg/m³,VOC,N/A
54501,L'ASSOMPTION,Ethane,1998-01-05T00:00,2.912,µg/m³,VOC,N/A
54501,L'ASSOMPTION,Ethane,1998-01-11T00:00,3.472,µg/m³,VOC,N/A
54501,L'ASSOMPTION,Ethane,1998-01-11T00:00,3.616,µg/m³,VOC,N/A
54501,L'ASSOMPTION,Ethane,1998-01-17T00:00,3.051,µg/m³,VOC,N/A
54501,L'ASSOMPTION,Ethane,1998-01-17T00:00,3.078,µg/m³,VOC,N/A
54501,L'ASSOMPTION,Ethane,1998-01-29T00:00,3.559,µg/m³,VOC,N/A
54501,L'ASSOMPTION,Ethane,1998-01-29T00:00,3.698,µg/m³,VOC,N/A
54501,L'ASSOMPTION,Ethane,1998-02-04T00:00,3.351,µg/m³,VOC,N/A
54501,L'ASSOMPTION,Ethane,1998-02-04T00:00,4.021,µg/m³,VOC,N/A
54501,L'ASSOMPTION,Ethane,1998-02-10T00:00,5.405,µg/m³,VOC,N/A
54501,L'ASSOMPTION,Ethane,1998-02-10T00:00,7.105,µg/m³,VOC,N/A
54501,L'ASSOMPTION,Ethane,1998-02-16T00:00,4.306,µg/m³,VOC,N/A
54501,L'ASSOMPTION,Ethane,1998-02-16T00:00,5.009,µg/m³,VOC,N/A
54501,L'ASSOMPTION,Ethane,1998-02-22T00:00,3.994,µg/m³,VOC,N/A
54501,L'ASSOMPTION,Ethane,1998-02-22T00:00,5.183,µg/m³,VOC,N/A
54501,L'ASSOMPTION,Ethane,1998-02-28T00:00,3.210,µg/m³,VOC,N/A
54501,L'ASSOMPTION,Ethane,1998-02-28T00:00,3.560,µg/m³,VOC,N/A
54501,L'ASSOMPTION,Ethane,1998-03-06T00:00,3.184,µg/m³,VOC,N/A
54501,L'ASSOMPTION,Ethane,1998-03-06T00:00,3.894,µg/m³,VOC,N/A
54501,L'ASSOMPTION,Ethane,1998-03-12T00:00,2.993,µg/m³,VOC,N/A
54501,L'ASSOMPTION,Ethane,1998-03-12T00:00,3.453,µg/m³,VOC,N/A
54501,L'ASSOMPTION,Ethane,1998-03-18T00:00,3.302,µg/m³,VOC,N/A
54501,L'ASSOMPTION,Ethane,1998-03-18T00:00,4.373,µg/m³,VOC,N/A
54501,L'ASSOMPTION,Ethane,1998-03-24T00:00,2.713,µg/m³,VOC,N/A
54501,L'ASSOMPTION,Ethane,1998-03-24T00:00,3.177,µg/m³,VOC,N/A
54501,L'ASSOMPTION,Ethane,1998-03-30T00:00,4.467,µg/m³,VOC,N/A
54501,L'ASSOMPTION,Ethane,1998-03-30T00:00,4.794,µg/m³,VOC,N/A
54501,L'ASSOMPTION,Ethane,1998-04-05T00:00,2.646,µg/m³,VOC,N/A
54501,L'ASSOMPTION,Ethane,1998-04-05T00:00,2.726,µg/m³,VOC,N/A
54501,L'ASSOMPTION,Ethane,1998-04-11T00:00,2.648,µg/m³,VOC,N/A
54501,L'ASSOMPTION,Ethane,1998-04-11T00:00,3.799,µg/m³,VOC,N/A
54501,L'ASSOMPTION,Ethane,1998-04-17T00:00,2.513,µg/m³,VOC,N/A
54501,L'ASSOMPTION,Ethane,1998-04-17T00:00,3.372,µg/m³,VOC,N/A
54501,L'ASSOMPTION,Ethane,1998-04-29T00:00,2.397,µg/m³,VOC,N/A
54501,L'ASSOMPTION,Ethane,1998-04-29T00:00,2.958,µg/m³,VOC,N/A
54501,L'ASSOMPTION,Ethane,1998-05-05T00:00,2.859,µg/m³,VOC,N/A
54501,L'ASSOMPTION,Ethane,1998-05-05T00:00,2.937,µg/m³,VOC,N/A
54501,L'ASSOMPTION,Ethane,1998-05-11T00:00,2.209,µg/m³,VOC,N/A
54501,L'ASSOMPTION,Ethane,1998-05-11T00:00,2.239,µg/m³,VOC,N/A
54501,L'ASSOMPTION,Ethane,1998-05-23T00:00,1.987,µg/m³,VOC,N/A
54501,L'ASSOMPTION,Ethane,1998-05-29T00:00,2.468,µg/m³,VOC,N/A
54501,L'ASSOMPTION,Ethane,1998-06-02T00:00,2.099,µg/m³,VOC,N/A
54501,L'ASSOMPTION,Ethane,1998-06-04T00:00,1.676,µg/m³,VOC,N/A
54501,L'ASSOMPTION,Ethane,1998-06-10T00:00,1.761,µg/m³,VOC,N/A
54501,L'ASSOMPTION,Ethane,1998-06-13T00:00,1.764,µg/m³,VOC,N/A
54501,L'ASSOMPTION,Ethane,1998-06-16T00:00,2.192,µg/m³,VOC,N/A
54501,L'ASSOMPTION,Ethane,1998-06-19T00:00,1.676,µg/m³,VOC,N/A
54501,L'ASSOMPTION,Ethane,1998-06-22T00:00,1.870,µg/m³,VOC,N/A
54501,L'ASSOMPTION,Ethane,1998-06-25T00:00,1.959,µg/m³,VOC,N/A
54501,L'ASSOMPTION,Ethane,1998-06-28T00:00,1.369,µg/m³,VOC,N/A
54501,L'ASSOMPTION,Ethane,1998-07-01T00:00,1.506,µg/m³,VOC,N/A
54501,L'ASSOMPTION,Ethane,1998-07-04T00:00,1.985,µg/m³,VOC,N/A
54501,L'ASSOMPTION,Ethane,1998-07-07T00:00,1.392,µg/m³,VOC,N/A
54501,L'ASSOMPTION,Ethane,1998-07-10T00:00,1.457,µg/m³,VOC,N/A
54501,L'ASSOMPTION,Ethane,1998-07-16T00:00,2.969,µg/m³,VOC,N/A
54501,L'ASSOMPTION,Ethane,1998-07-19T00:00,1.243,µg/m³,VOC,N/A
54501,L'ASSOMPTION,Ethane,1998-07-22T00:00,1.234,µg/m³,VOC,N/A
54501,L'ASSOMPTION,Ethane,1998-07-25T00:00,1.121,µg/m³,VOC,N/A
54501,L'ASSOMPTION,Ethane,1998-07-28T00:00,0.955,µg/m³,VOC,N/A
54501,L'ASSOMPTION,Ethane,1998-07-31T00:00,1.322,µg/m³,VOC,N/A
54501,L'ASSOMPTION,Ethane,1998-08-09T00:00,1.411,µg/m³,VOC,N/A
54501,L'ASSOMPTION,Ethane,1998-08-12T00:00,1.190,µg/m³,VOC,N/A
54501,L'ASSOMPTION,Ethane,1998-08-15T00:00,3.122,µg/m³,VOC,N/A
54501,L'ASSOMPTION,Ethane,1998-08-18T00:00,1.668,µg/m³,VOC,N/A
54501,L'ASSOMPTION,Ethane,1998-08-21T00:00,1.427,µg/m³,VOC,N/A
54501,L'ASSOMPTION,Ethane,1998-08-24T00:00,1.603,µg/m³,VOC,N/A
54501,L'ASSOMPTION,Ethane,1998-08-27T00:00,1.603,µg/m³,VOC,N/A
54501,L'ASSOMPTION,Ethane,1998-08-30T00:00,1.669,µg/m³,VOC,N/A
54501,L'ASSOMPTION,Ethane,1998-09-02T00:00,1.889,µg/m³,VOC,N/A
54501,L'ASSOMPTION,Ethane,1998-09-05T00:00,1.810,µg/m³,VOC,N/A
54501,L'ASSOMPTION,Ethane,1998-09-08T00:00,1.857,µg/m³,VOC,N/A
54501,L'ASSOMPTION,Ethane,1998-09-11T00:00,1.614,µg/m³,VOC,N/A
54501,L'ASSOMPTION,Ethane,1998-09-14T00:00,1.746,µg/m³,VOC,N/A
54501,L'ASSOMPTION,Ethane,1998-09-17T00:00,1.783,µg/m³,VOC,N/A
54501,L'ASSOMPTION,Ethane,1998-09-20T00:00,1.743,µg/m³,VOC,N/A
54501,L'ASSOMPTION,Ethane,1998-09-23T00:00,1.553,µg/m³,VOC,N/A
54501,L'ASSOMPTION,Ethane,1998-09-26T00:00,5.393,µg/m³,VOC,N/A
54501,L'ASSOMPTION,Ethane,1998-09-29T00:00,2.050,µg/m³,VOC,N/A
54501,L'ASSOMPTION,Ethane,1998-10-02T00:00,1.730,µg/m³,VOC,N/A
54501,L'ASSOMPTION,Ethane,1998-10-05T00:00,1.868,µg/m³,VOC,N/A
54501,L'ASSOMPTION,Ethane,1998-10-08T00:00,2.856,µg/m³,VOC,N/A
54501,L'ASSOMPTION,Ethane,1998-10-11T00:00,2.092,µg/m³,VOC,N/A
54501,L'ASSOMPTION,Ethane,1998-10-14T00:00,3.428,µg/m³,VOC,N/A
54501,L'ASSOMPTION,Ethane,1998-10-17T00:00,3.429,µg/m³,VOC,N/A
54501,L'ASSOMPTION,Ethane,1998-10-20T00:00,2.490,µg/m³,VOC,N/A
54501,L'ASSOMPTION,Ethane,1998-10-23T00:00,2.206,µg/m³,VOC,N/A
54501,L'ASSOMPTION,Ethane,1998-10-26T00:00,2.047,µg/m³,VOC,N/A
54501,L'ASSOMPTION,Ethane,1998-10-29T00:00,2.615,µg/m³,VOC,N/A
54501,L'ASSOMPTION,Ethane,1998-11-01T00:00,2.027,µg/m³,VOC,N/A
54501,L'ASSOMPTION,Ethane,1998-11-04T00:00,2.054,µg/m³,VOC,N/A
54501,L'ASSOMPTION,Ethane,1998-11-07T00:00,2.155,µg/m³,VOC,N/A
54501,L'ASSOMPTION,Ethane,1998-11-10T00:00,2.197,µg/m³,VOC,N/A
54501,L'ASSOMPTION,Ethane,1998-11-13T00:00,2.152,µg/m³,VOC,N/A
54501,L'ASSOMPTION,Ethane,1998-11-16T00:00,2.470,µg/m³,VOC,N/A
54501,L'ASSOMPTION,Ethane,1998-11-19T00:00,2.855,µg/m³,VOC,N/A
54501,L'ASSOMPTION,Ethane,1998-11-22T00:00,2.552,µg/m³,VOC,N/A
54501,L'ASSOMPTION,Ethane,1998-11-25T00:00,2.348,µg/m³,VOC,N/A
54501,L'ASSOMPTION,Ethane,1998-11-28T00:00,2.728,µg/m³,VOC,N/A
54501,L'ASSOMPTION,Ethane,1998-12-01T00:00,2.487,µg/m³,VOC,N/A
54501,L'ASSOMPTION,Ethane,1998-12-04T00:00,2.934,µg/m³,VOC,N/A
54501,L'ASSOMPTION,Ethane,1998-12-07T00:00,2.470,µg/m³,VOC,N/A
54501,L'ASSOMPTION,Ethane,1998-12-10T00:00,3.274,µg/m³,VOC,N/A
54501,L'ASSOMPTION,Ethane,1998-12-16T00:00,2.773,µg/m³,VOC,N/A
54501,L'ASSOMPTION,Ethane,1998-12-19T00:00,2.814,µg/m³,VOC,N/A
54501,L'ASSOMPTION,Ethane,1998-12-22T00:00,2.417,µg/m³,VOC,N/A
