﻿NAPS_Site_ID,Station_Name,Pollutant,Date,Value,Units,Report_Type,Method
60104,OTTAWA DOWNTOWN,Selenium,2002-01-02T00:00,0.000,µg/m³,DICHOT,N/A
60104,OTTAWA DOWNTOWN,Selenium,2002-01-02T00:00,0.001,µg/m³,DICHOT,N/A
60104,OTTAWA DOWNTOWN,Selenium,2002-01-08T00:00,0.000,µg/m³,DICHOT,N/A
60104,OTTAWA DOWNTOWN,Selenium,2002-01-08T00:00,0.000,µg/m³,DICHOT,N/A
60104,OTTAWA DOWNTOWN,Selenium,2002-01-14T00:00,0.000,µg/m³,DICHOT,N/A
60104,OTTAWA DOWNTOWN,Selenium,2002-01-14T00:00,0.000,µg/m³,DICHOT,N/A
60104,OTTAWA DOWNTOWN,Selenium,2002-02-07T00:00,0.000,µg/m³,DICHOT,N/A
60104,OTTAWA DOWNTOWN,Selenium,2002-02-07T00:00,0.001,µg/m³,DICHOT,N/A
60104,OTTAWA DOWNTOWN,Selenium,2002-02-19T00:00,0.000,µg/m³,DICHOT,N/A
60104,OTTAWA DOWNTOWN,Selenium,2002-02-19T00:00,0.000,µg/m³,DICHOT,N/A
60104,OTTAWA DOWNTOWN,Selenium,2002-03-03T00:00,0.000,µg/m³,DICHOT,N/A
60104,OTTAWA DOWNTOWN,Selenium,2002-03-03T00:00,0.000,µg/m³,DICHOT,N/A
60104,OTTAWA DOWNTOWN,Selenium,2002-03-09T00:00,0.000,µg/m³,DICHOT,N/A
60104,OTTAWA DOWNTOWN,Selenium,2002-03-09T00:00,0.000,µg/m³,DICHOT,N/A
60104,OTTAWA DOWNTOWN,Selenium,2002-03-15T00:00,0.000,µg/m³,DICHOT,N/A
60104,OTTAWA DOWNTOWN,Selenium,2002-03-15T00:00,0.001,µg/m³,DICHOT,N/A
60104,OTTAWA DOWNTOWN,Selenium,2002-03-21T00:00,0.000,µg/m³,DICHOT,N/A
60104,OTTAWA DOWNTOWN,Selenium,2002-03-21T00:00,0.000,µg/m³,DICHOT,N/A
60104,OTTAWA DOWNTOWN,Selenium,2002-03-27T00:00,0.000,µg/m³,DICHOT,N/A
60104,OTTAWA DOWNTOWN,Selenium,2002-03-27T00:00,0.001,µg/m³,DICHOT,N/A
60104,OTTAWA DOWNTOWN,Selenium,2002-04-02T00:00,0.000,µg/m³,DICHOT,N/A
60104,OTTAWA DOWNTOWN,Selenium,2002-04-02T00:00,0.000,µg/m³,DICHOT,N/A
60104,OTTAWA DOWNTOWN,Selenium,2002-04-08T00:00,0.000,µg/m³,DICHOT,N/A
60104,OTTAWA DOWNTOWN,Selenium,2002-04-08T00:00,0.000,µg/m³,DICHOT,N/A
60104,OTTAWA DOWNTOWN,Selenium,2002-04-14T00:00,0.000,µg/m³,DICHOT,N/A
60104,OTTAWA DOWNTOWN,Selenium,2002-04-14T00:00,0.000,µg/m³,DICHOT,N/A
60104,OTTAWA DOWNTOWN,Selenium,2002-04-26T00:00,0.000,µg/m³,DICHOT,N/A
60104,OTTAWA DOWNTOWN,Selenium,2002-04-26T00:00,0.000,µg/m³,DICHOT,N/A
60104,OTTAWA DOWNTOWN,Selenium,2002-05-02T00:00,0.000,µg/m³,DICHOT,N/A
60104,OTTAWA DOWNTOWN,Selenium,2002-05-02T00:00,0.000,µg/m³,DICHOT,N/A
60104,OTTAWA DOWNTOWN,Selenium,2002-05-08T00:00,0.000,µg/m³,DICHOT,N/A
60104,OTTAWA DOWNTOWN,Selenium,2002-05-08T00:00,0.001,µg/m³,DICHOT,N/A
60104,OTTAWA DOWNTOWN,Selenium,2002-05-14T00:00,0.000,µg/m³,DICHOT,N/A
60104,OTTAWA DOWNTOWN,Selenium,2002-05-14T00:00,0.000,µg/m³,DICHOT,N/A
60104,OTTAWA DOWNTOWN,Selenium,2002-05-20T00:00,0.000,µg/m³,DICHOT,N/A
60104,OTTAWA DOWNTOWN,Selenium,2002-05-20T00:00,0.000,µg/m³,DICHOT,N/A
60104,OTTAWA DOWNTOWN,Selenium,2002-05-26T00:00,0.000,µg/m³,DICHOT,N/A
60104,OTTAWA DOWNTOWN,Selenium,2002-05-26T00:00,0.001,µg/m³,DICHOT,N/A
60104,OTTAWA DOWNTOWN,Selenium,2002-06-01T00:00,0.000,µg/m³,DICHOT,N/A
60104,OTTAWA DOWNTOWN,Selenium,2002-06-01T00:00,0.000,µg/m³,DICHOT,N/A
60104,OTTAWA DOWNTOWN,Selenium,2002-06-19T00:00,0.000,µg/m³,DICHOT,N/A
60104,OTTAWA DOWNTOWN,Selenium,2002-06-19T00:00,0.000,µg/m³,DICHOT,N/A
60104,OTTAWA DOWNTOWN,Selenium,2002-06-25T00:00,0.000,µg/m³,DICHOT,N/A
60104,OTTAWA DOWNTOWN,Selenium,2002-06-25T00:00,0.000,µg/m³,DICHOT,N/A
60104,OTTAWA DOWNTOWN,Selenium,2002-07-01T00:00,0.000,µg/m³,DICHOT,N/A
60104,OTTAWA DOWNTOWN,Selenium,2002-07-01T00:00,0.000,µg/m³,DICHOT,N/A
60104,OTTAWA DOWNTOWN,Selenium,2002-07-07T00:00,0.000,µg/m³,DICHOT,N/A
60104,OTTAWA DOWNTOWN,Selenium,2002-07-07T00:00,0.000,µg/m³,DICHOT,N/A
60104,OTTAWA DOWNTOWN,Selenium,2002-07-13T00:00,0.000,µg/m³,DICHOT,N/A
60104,OTTAWA DOWNTOWN,Selenium,2002-07-13T00:00,0.000,µg/m³,DICHOT,N/A
60104,OTTAWA DOWNTOWN,Selenium,2002-11-04T00:00,0.000,µg/m³,DICHOT,N/A
60104,OTTAWA DOWNTOWN,Selenium,2002-11-04T00:00,0.001,µg/m³,DICHOT,N/A
60104,OTTAWA DOWNTOWN,Selenium,2002-11-10T00:00,0.000,µg/m³,DICHOT,N/A
60104,OTTAWA DOWNTOWN,Selenium,2002-11-10T00:00,0.000,µg/m³,DICHOT,N/A
60104,OTTAWA DOWNTOWN,Selenium,2002-11-16T00:00,0.000,µg/m³,DICHOT,N/A
60104,OTTAWA DOWNTOWN,Selenium,2002-11-16T00:00,0.000,µg/m³,DICHOT,N/A
60104,OTTAWA DOWNTOWN,Selenium,2002-11-22T00:00,0.000,µg/m³,DICHOT,N/A
60104,OTTAWA DOWNTOWN,Selenium,2002-11-22T00:00,0.001,µg/m³,DICHOT,N/A
60104,OTTAWA DOWNTOWN,Selenium,2002-11-28T00:00,0.000,µg/m³,DICHOT,N/A
60104,OTTAWA DOWNTOWN,Selenium,2002-11-28T00:00,0.000,µg/m³,DICHOT,N/A
60104,OTTAWA DOWNTOWN,Selenium,2002-12-16T00:00,0.000,µg/m³,DICHOT,N/A
60104,OTTAWA DOWNTOWN,Selenium,2002-12-16T00:00,0.000,µg/m³,DICHOT,N/A
60104,OTTAWA DOWNTOWN,Selenium,2002-12-22T00:00,0.000,µg/m³,DICHOT,N/A
60104,OTTAWA DOWNTOWN,Selenium,2002-12-22T00:00,0.000,µg/m³,DICHOT,N/A
60104,OTTAWA DOWNTOWN,Selenium,2002-12-28T00:00,0.000,µg/m³,DICHOT,N/A
60104,OTTAWA DOWNTOWN,Selenium,2002-12-28T00:00,0.000,µg/m³,DICHOT,N/A
