﻿NAPS_Site_ID,Station_Name,Pollutant,Date,Value,Units,Report_Type,Method
70301,FLIN FLON,Sulphur,2011-01-06T00:00,0.146,µg/m³,PM2.5,ED-XRF
70301,FLIN FLON,Sulphur,2011-01-09T00:00,0.076,µg/m³,PM2.5,ED-XRF
70301,FLIN FLON,Sulphur,2011-01-21T00:00,0.217,µg/m³,PM2.5,ED-XRF
70301,FLIN FLON,Sulphur,2011-01-24T00:00,0.296,µg/m³,PM2.5,ED-XRF
70301,FLIN FLON,Sulphur,2011-01-27T00:00,0.524,µg/m³,PM2.5,ED-XRF
70301,FLIN FLON,Sulphur,2011-02-02T00:00,0.288,µg/m³,PM2.5,ED-XRF
70301,FLIN FLON,Sulphur,2011-02-05T00:00,0.094,µg/m³,PM2.5,ED-XRF
70301,FLIN FLON,Sulphur,2011-02-08T00:00,1.165,µg/m³,PM2.5,ED-XRF
70301,FLIN FLON,Sulphur,2011-02-11T00:00,0.409,µg/m³,PM2.5,ED-XRF
70301,FLIN FLON,Sulphur,2011-02-14T00:00,0.234,µg/m³,PM2.5,ED-XRF
70301,FLIN FLON,Sulphur,2011-02-17T00:00,0.383,µg/m³,PM2.5,ED-XRF
70301,FLIN FLON,Sulphur,2011-02-23T00:00,0.964,µg/m³,PM2.5,ED-XRF
70301,FLIN FLON,Sulphur,2011-02-26T00:00,0.226,µg/m³,PM2.5,ED-XRF
70301,FLIN FLON,Sulphur,2011-03-01T00:00,1.222,µg/m³,PM2.5,ED-XRF
70301,FLIN FLON,Sulphur,2011-03-04T00:00,0.199,µg/m³,PM2.5,ED-XRF
70301,FLIN FLON,Sulphur,2011-03-07T00:00,0.311,µg/m³,PM2.5,ED-XRF
70301,FLIN FLON,Sulphur,2011-03-10T00:00,0.827,µg/m³,PM2.5,ED-XRF
70301,FLIN FLON,Sulphur,2011-03-13T00:00,0.413,µg/m³,PM2.5,ED-XRF
70301,FLIN FLON,Sulphur,2011-03-16T00:00,0.479,µg/m³,PM2.5,ED-XRF
70301,FLIN FLON,Sulphur,2011-03-19T00:00,0.367,µg/m³,PM2.5,ED-XRF
70301,FLIN FLON,Sulphur,2011-03-22T00:00,0.234,µg/m³,PM2.5,ED-XRF
70301,FLIN FLON,Sulphur,2011-03-25T00:00,0.219,µg/m³,PM2.5,ED-XRF
70301,FLIN FLON,Sulphur,2011-03-28T00:00,0.208,µg/m³,PM2.5,ED-XRF
70301,FLIN FLON,Sulphur,2011-03-31T00:00,0.687,µg/m³,PM2.5,ED-XRF
70301,FLIN FLON,Sulphur,2011-04-03T00:00,0.499,µg/m³,PM2.5,ED-XRF
70301,FLIN FLON,Sulphur,2011-04-06T00:00,0.260,µg/m³,PM2.5,ED-XRF
70301,FLIN FLON,Sulphur,2011-04-09T00:00,0.195,µg/m³,PM2.5,ED-XRF
70301,FLIN FLON,Sulphur,2011-04-12T00:00,0.256,µg/m³,PM2.5,ED-XRF
70301,FLIN FLON,Sulphur,2011-04-15T00:00,0.187,µg/m³,PM2.5,ED-XRF
70301,FLIN FLON,Sulphur,2011-04-18T00:00,0.412,µg/m³,PM2.5,ED-XRF
70301,FLIN FLON,Sulphur,2011-04-21T00:00,0.306,µg/m³,PM2.5,ED-XRF
70301,FLIN FLON,Sulphur,2011-04-24T00:00,0.338,µg/m³,PM2.5,ED-XRF
70301,FLIN FLON,Sulphur,2011-05-09T00:00,0.206,µg/m³,PM2.5,ED-XRF
70301,FLIN FLON,Sulphur,2011-05-12T00:00,0.139,µg/m³,PM2.5,ED-XRF
70301,FLIN FLON,Sulphur,2011-05-18T00:00,0.244,µg/m³,PM2.5,ED-XRF
70301,FLIN FLON,Sulphur,2011-05-24T00:00,0.198,µg/m³,PM2.5,ED-XRF
70301,FLIN FLON,Sulphur,2011-06-02T00:00,0.130,µg/m³,PM2.5,ED-XRF
70301,FLIN FLON,Sulphur,2011-06-05T00:00,0.326,µg/m³,PM2.5,ED-XRF
70301,FLIN FLON,Sulphur,2011-06-11T00:00,0.254,µg/m³,PM2.5,ED-XRF
70301,FLIN FLON,Sulphur,2011-06-17T00:00,0.095,µg/m³,PM2.5,ED-XRF
70301,FLIN FLON,Sulphur,2011-06-20T00:00,0.143,µg/m³,PM2.5,ED-XRF
70301,FLIN FLON,Sulphur,2011-06-26T00:00,0.141,µg/m³,PM2.5,ED-XRF
70301,FLIN FLON,Sulphur,2011-06-29T00:00,0.256,µg/m³,PM2.5,ED-XRF
70301,FLIN FLON,Sulphur,2011-07-02T00:00,0.359,µg/m³,PM2.5,ED-XRF
70301,FLIN FLON,Sulphur,2011-07-05T00:00,0.157,µg/m³,PM2.5,ED-XRF
70301,FLIN FLON,Sulphur,2011-07-08T00:00,0.112,µg/m³,PM2.5,ED-XRF
70301,FLIN FLON,Sulphur,2011-07-11T00:00,0.108,µg/m³,PM2.5,ED-XRF
70301,FLIN FLON,Sulphur,2011-07-20T00:00,0.183,µg/m³,PM2.5,ED-XRF
70301,FLIN FLON,Sulphur,2011-07-23T00:00,0.050,µg/m³,PM2.5,ED-XRF
70301,FLIN FLON,Sulphur,2011-07-29T00:00,0.149,µg/m³,PM2.5,ED-XRF
70301,FLIN FLON,Sulphur,2011-08-01T00:00,0.171,µg/m³,PM2.5,ED-XRF
70301,FLIN FLON,Sulphur,2011-08-04T00:00,0.125,µg/m³,PM2.5,ED-XRF
70301,FLIN FLON,Sulphur,2011-08-07T00:00,0.115,µg/m³,PM2.5,ED-XRF
70301,FLIN FLON,Sulphur,2011-08-10T00:00,0.216,µg/m³,PM2.5,ED-XRF
70301,FLIN FLON,Sulphur,2011-08-13T00:00,0.105,µg/m³,PM2.5,ED-XRF
70301,FLIN FLON,Sulphur,2011-08-16T00:00,0.343,µg/m³,PM2.5,ED-XRF
70301,FLIN FLON,Sulphur,2011-08-19T00:00,0.257,µg/m³,PM2.5,ED-XRF
70301,FLIN FLON,Sulphur,2011-08-22T00:00,0.150,µg/m³,PM2.5,ED-XRF
70301,FLIN FLON,Sulphur,2011-08-25T00:00,0.197,µg/m³,PM2.5,ED-XRF
70301,FLIN FLON,Sulphur,2011-08-31T00:00,0.192,µg/m³,PM2.5,ED-XRF
70301,FLIN FLON,Sulphur,2011-09-03T00:00,0.012,µg/m³,PM2.5,ED-XRF
70301,FLIN FLON,Sulphur,2011-09-06T00:00,0.243,µg/m³,PM2.5,ED-XRF
70301,FLIN FLON,Sulphur,2011-09-17T00:00,0.408,µg/m³,PM2.5,ED-XRF
70301,FLIN FLON,Sulphur,2011-09-20T00:00,0.093,µg/m³,PM2.5,ED-XRF
70301,FLIN FLON,Sulphur,2011-09-23T00:00,0.315,µg/m³,PM2.5,ED-XRF
70301,FLIN FLON,Sulphur,2011-09-26T00:00,0.350,µg/m³,PM2.5,ED-XRF
70301,FLIN FLON,Sulphur,2011-09-29T00:00,0.100,µg/m³,PM2.5,ED-XRF
70301,FLIN FLON,Sulphur,2011-10-03T00:00,0.030,µg/m³,PM2.5,ED-XRF
70301,FLIN FLON,Sulphur,2011-10-06T00:00,0.528,µg/m³,PM2.5,ED-XRF
70301,FLIN FLON,Sulphur,2011-10-09T00:00,0.108,µg/m³,PM2.5,ED-XRF
70301,FLIN FLON,Sulphur,2011-10-12T00:00,0.117,µg/m³,PM2.5,ED-XRF
70301,FLIN FLON,Sulphur,2011-10-15T00:00,0.203,µg/m³,PM2.5,ED-XRF
70301,FLIN FLON,Sulphur,2011-10-18T00:00,0.063,µg/m³,PM2.5,ED-XRF
70301,FLIN FLON,Sulphur,2011-10-21T00:00,0.293,µg/m³,PM2.5,ED-XRF
70301,FLIN FLON,Sulphur,2011-10-24T00:00,0.142,µg/m³,PM2.5,ED-XRF
70301,FLIN FLON,Sulphur,2011-10-27T00:00,0.196,µg/m³,PM2.5,ED-XRF
70301,FLIN FLON,Sulphur,2011-10-30T00:00,0.137,µg/m³,PM2.5,ED-XRF
70301,FLIN FLON,Sulphur,2011-11-02T00:00,0.145,µg/m³,PM2.5,ED-XRF
70301,FLIN FLON,Sulphur,2011-11-08T00:00,0.295,µg/m³,PM2.5,ED-XRF
70301,FLIN FLON,Sulphur,2011-11-29T00:00,0.156,µg/m³,PM2.5,ED-XRF
70301,FLIN FLON,Sulphur,2011-12-02T00:00,0.248,µg/m³,PM2.5,ED-XRF
70301,FLIN FLON,Sulphur,2011-12-08T00:00,2.007,µg/m³,PM2.5,ED-XRF
70301,FLIN FLON,Sulphur,2011-12-11T00:00,0.339,µg/m³,PM2.5,ED-XRF
70301,FLIN FLON,Sulphur,2011-12-14T00:00,0.487,µg/m³,PM2.5,ED-XRF
70301,FLIN FLON,Sulphur,2011-12-17T00:00,0.230,µg/m³,PM2.5,ED-XRF
70301,FLIN FLON,Sulphur,2011-12-20T00:00,0.182,µg/m³,PM2.5,ED-XRF
70301,FLIN FLON,Sulphur,2011-12-23T00:00,0.249,µg/m³,PM2.5,ED-XRF
70301,FLIN FLON,Sulphur,2011-01-06T00:00,0.010,µg/m³,PM2.5-10,ED-XRF
70301,FLIN FLON,Sulphur,2011-01-09T00:00,0.002,µg/m³,PM2.5-10,ED-XRF
70301,FLIN FLON,Sulphur,2011-01-21T00:00,0.329,µg/m³,PM2.5-10,ED-XRF
70301,FLIN FLON,Sulphur,2011-01-24T00:00,0.051,µg/m³,PM2.5-10,ED-XRF
70301,FLIN FLON,Sulphur,2011-01-27T00:00,0.056,µg/m³,PM2.5-10,ED-XRF
70301,FLIN FLON,Sulphur,2011-02-02T00:00,0.126,µg/m³,PM2.5-10,ED-XRF
70301,FLIN FLON,Sulphur,2011-02-05T00:00,0.017,µg/m³,PM2.5-10,ED-XRF
70301,FLIN FLON,Sulphur,2011-02-08T00:00,1.325,µg/m³,PM2.5-10,ED-XRF
70301,FLIN FLON,Sulphur,2011-02-11T00:00,1.560,µg/m³,PM2.5-10,ED-XRF
70301,FLIN FLON,Sulphur,2011-02-14T00:00,0.020,µg/m³,PM2.5-10,ED-XRF
70301,FLIN FLON,Sulphur,2011-02-17T00:00,0.071,µg/m³,PM2.5-10,ED-XRF
70301,FLIN FLON,Sulphur,2011-02-23T00:00,0.358,µg/m³,PM2.5-10,ED-XRF
70301,FLIN FLON,Sulphur,2011-02-26T00:00,0.030,µg/m³,PM2.5-10,ED-XRF
70301,FLIN FLON,Sulphur,2011-03-01T00:00,0.262,µg/m³,PM2.5-10,ED-XRF
70301,FLIN FLON,Sulphur,2011-03-04T00:00,0.045,µg/m³,PM2.5-10,ED-XRF
70301,FLIN FLON,Sulphur,2011-03-07T00:00,0.020,µg/m³,PM2.5-10,ED-XRF
70301,FLIN FLON,Sulphur,2011-03-10T00:00,0.069,µg/m³,PM2.5-10,ED-XRF
70301,FLIN FLON,Sulphur,2011-03-13T00:00,0.083,µg/m³,PM2.5-10,ED-XRF
70301,FLIN FLON,Sulphur,2011-03-16T00:00,0.067,µg/m³,PM2.5-10,ED-XRF
70301,FLIN FLON,Sulphur,2011-03-19T00:00,0.019,µg/m³,PM2.5-10,ED-XRF
70301,FLIN FLON,Sulphur,2011-03-22T00:00,0.021,µg/m³,PM2.5-10,ED-XRF
70301,FLIN FLON,Sulphur,2011-03-25T00:00,0.019,µg/m³,PM2.5-10,ED-XRF
70301,FLIN FLON,Sulphur,2011-03-28T00:00,0.058,µg/m³,PM2.5-10,ED-XRF
70301,FLIN FLON,Sulphur,2011-03-31T00:00,0.054,µg/m³,PM2.5-10,ED-XRF
70301,FLIN FLON,Sulphur,2011-04-03T00:00,0.125,µg/m³,PM2.5-10,ED-XRF
70301,FLIN FLON,Sulphur,2011-04-06T00:00,0.044,µg/m³,PM2.5-10,ED-XRF
70301,FLIN FLON,Sulphur,2011-04-09T00:00,0.052,µg/m³,PM2.5-10,ED-XRF
70301,FLIN FLON,Sulphur,2011-04-12T00:00,0.061,µg/m³,PM2.5-10,ED-XRF
70301,FLIN FLON,Sulphur,2011-04-15T00:00,0.040,µg/m³,PM2.5-10,ED-XRF
70301,FLIN FLON,Sulphur,2011-04-18T00:00,0.215,µg/m³,PM2.5-10,ED-XRF
70301,FLIN FLON,Sulphur,2011-04-21T00:00,0.056,µg/m³,PM2.5-10,ED-XRF
70301,FLIN FLON,Sulphur,2011-04-24T00:00,0.000,µg/m³,PM2.5-10,ED-XRF
70301,FLIN FLON,Sulphur,2011-05-09T00:00,0.038,µg/m³,PM2.5-10,ED-XRF
70301,FLIN FLON,Sulphur,2011-05-12T00:00,0.188,µg/m³,PM2.5-10,ED-XRF
70301,FLIN FLON,Sulphur,2011-05-18T00:00,0.038,µg/m³,PM2.5-10,ED-XRF
70301,FLIN FLON,Sulphur,2011-05-24T00:00,0.212,µg/m³,PM2.5-10,ED-XRF
70301,FLIN FLON,Sulphur,2011-06-02T00:00,0.034,µg/m³,PM2.5-10,ED-XRF
70301,FLIN FLON,Sulphur,2011-06-05T00:00,0.239,µg/m³,PM2.5-10,ED-XRF
70301,FLIN FLON,Sulphur,2011-06-11T00:00,0.062,µg/m³,PM2.5-10,ED-XRF
70301,FLIN FLON,Sulphur,2011-06-17T00:00,0.024,µg/m³,PM2.5-10,ED-XRF
70301,FLIN FLON,Sulphur,2011-06-20T00:00,0.056,µg/m³,PM2.5-10,ED-XRF
70301,FLIN FLON,Sulphur,2011-06-26T00:00,0.111,µg/m³,PM2.5-10,ED-XRF
70301,FLIN FLON,Sulphur,2011-06-29T00:00,0.033,µg/m³,PM2.5-10,ED-XRF
70301,FLIN FLON,Sulphur,2011-07-02T00:00,0.691,µg/m³,PM2.5-10,ED-XRF
70301,FLIN FLON,Sulphur,2011-07-05T00:00,0.246,µg/m³,PM2.5-10,ED-XRF
70301,FLIN FLON,Sulphur,2011-07-08T00:00,0.012,µg/m³,PM2.5-10,ED-XRF
70301,FLIN FLON,Sulphur,2011-07-11T00:00,0.072,µg/m³,PM2.5-10,ED-XRF
70301,FLIN FLON,Sulphur,2011-07-20T00:00,0.081,µg/m³,PM2.5-10,ED-XRF
70301,FLIN FLON,Sulphur,2011-07-23T00:00,0.015,µg/m³,PM2.5-10,ED-XRF
70301,FLIN FLON,Sulphur,2011-07-29T00:00,0.132,µg/m³,PM2.5-10,ED-XRF
70301,FLIN FLON,Sulphur,2011-08-01T00:00,0.128,µg/m³,PM2.5-10,ED-XRF
70301,FLIN FLON,Sulphur,2011-08-04T00:00,0.261,µg/m³,PM2.5-10,ED-XRF
70301,FLIN FLON,Sulphur,2011-08-07T00:00,0.012,µg/m³,PM2.5-10,ED-XRF
70301,FLIN FLON,Sulphur,2011-08-10T00:00,0.237,µg/m³,PM2.5-10,ED-XRF
70301,FLIN FLON,Sulphur,2011-08-13T00:00,0.068,µg/m³,PM2.5-10,ED-XRF
70301,FLIN FLON,Sulphur,2011-08-16T00:00,0.264,µg/m³,PM2.5-10,ED-XRF
70301,FLIN FLON,Sulphur,2011-08-19T00:00,0.456,µg/m³,PM2.5-10,ED-XRF
70301,FLIN FLON,Sulphur,2011-08-22T00:00,0.052,µg/m³,PM2.5-10,ED-XRF
70301,FLIN FLON,Sulphur,2011-08-25T00:00,0.253,µg/m³,PM2.5-10,ED-XRF
70301,FLIN FLON,Sulphur,2011-08-31T00:00,0.197,µg/m³,PM2.5-10,ED-XRF
70301,FLIN FLON,Sulphur,2011-09-03T00:00,0.015,µg/m³,PM2.5-10,ED-XRF
70301,FLIN FLON,Sulphur,2011-09-06T00:00,0.479,µg/m³,PM2.5-10,ED-XRF
70301,FLIN FLON,Sulphur,2011-09-17T00:00,0.067,µg/m³,PM2.5-10,ED-XRF
70301,FLIN FLON,Sulphur,2011-09-20T00:00,0.022,µg/m³,PM2.5-10,ED-XRF
70301,FLIN FLON,Sulphur,2011-09-23T00:00,0.396,µg/m³,PM2.5-10,ED-XRF
70301,FLIN FLON,Sulphur,2011-09-26T00:00,0.252,µg/m³,PM2.5-10,ED-XRF
70301,FLIN FLON,Sulphur,2011-09-29T00:00,0.170,µg/m³,PM2.5-10,ED-XRF
70301,FLIN FLON,Sulphur,2011-10-03T00:00,0.006,µg/m³,PM2.5-10,ED-XRF
70301,FLIN FLON,Sulphur,2011-10-06T00:00,0.058,µg/m³,PM2.5-10,ED-XRF
70301,FLIN FLON,Sulphur,2011-10-09T00:00,0.059,µg/m³,PM2.5-10,ED-XRF
70301,FLIN FLON,Sulphur,2011-10-12T00:00,0.243,µg/m³,PM2.5-10,ED-XRF
70301,FLIN FLON,Sulphur,2011-10-15T00:00,0.390,µg/m³,PM2.5-10,ED-XRF
70301,FLIN FLON,Sulphur,2011-10-18T00:00,0.041,µg/m³,PM2.5-10,ED-XRF
70301,FLIN FLON,Sulphur,2011-10-21T00:00,0.272,µg/m³,PM2.5-10,ED-XRF
70301,FLIN FLON,Sulphur,2011-10-24T00:00,0.060,µg/m³,PM2.5-10,ED-XRF
70301,FLIN FLON,Sulphur,2011-10-27T00:00,0.120,µg/m³,PM2.5-10,ED-XRF
70301,FLIN FLON,Sulphur,2011-10-30T00:00,0.024,µg/m³,PM2.5-10,ED-XRF
70301,FLIN FLON,Sulphur,2011-11-02T00:00,0.210,µg/m³,PM2.5-10,ED-XRF
70301,FLIN FLON,Sulphur,2011-11-08T00:00,0.034,µg/m³,PM2.5-10,ED-XRF
70301,FLIN FLON,Sulphur,2011-11-29T00:00,0.052,µg/m³,PM2.5-10,ED-XRF
70301,FLIN FLON,Sulphur,2011-12-02T00:00,0.108,µg/m³,PM2.5-10,ED-XRF
70301,FLIN FLON,Sulphur,2011-12-08T00:00,0.097,µg/m³,PM2.5-10,ED-XRF
70301,FLIN FLON,Sulphur,2011-12-11T00:00,0.076,µg/m³,PM2.5-10,ED-XRF
70301,FLIN FLON,Sulphur,2011-12-14T00:00,0.028,µg/m³,PM2.5-10,ED-XRF
70301,FLIN FLON,Sulphur,2011-12-17T00:00,0.091,µg/m³,PM2.5-10,ED-XRF
70301,FLIN FLON,Sulphur,2011-12-20T00:00,0.091,µg/m³,PM2.5-10,ED-XRF
70301,FLIN FLON,Sulphur,2011-12-23T00:00,0.041,µg/m³,PM2.5-10,ED-XRF
