﻿NAPS_Site_ID,Station_Name,Pollutant,Date,Value,Units,Report_Type,Method
129003,YELLOWKNIFE,PM2.5,2013-10-31T00:00,0.000,µg/m³,PM2.5,Microbalance
129003,YELLOWKNIFE,PM2.5,2013-11-06T00:00,1.944,µg/m³,PM2.5,Microbalance
129003,YELLOWKNIFE,PM2.5,2013-11-12T00:00,3.472,µg/m³,PM2.5,Microbalance
129003,YELLOWKNIFE,PM2.5,2013-11-18T00:00,5.463,µg/m³,PM2.5,Microbalance
129003,YELLOWKNIFE,PM2.5,2013-11-30T00:00,1.944,µg/m³,PM2.5,Microbalance
129003,YELLOWKNIFE,PM2.5,2013-12-06T00:00,2.870,µg/m³,PM2.5,Microbalance
129003,YELLOWKNIFE,PM2.5,2013-12-12T00:00,4.815,µg/m³,PM2.5,Microbalance
129003,YELLOWKNIFE,PM2.5,2013-12-18T00:00,4.352,µg/m³,PM2.5,Microbalance
129003,YELLOWKNIFE,PM2.5,2013-12-24T00:00,3.472,µg/m³,PM2.5,Microbalance
