﻿NAPS_Site_ID,Station_Name,Pollutant,Date,Value,Units,Report_Type,Method
80901,BRATT'S LAKE,Chloroform,2003-01-09T00:00,0.070,µg/m³,VOC,
80901,BRATT'S LAKE,Chloroform,2003-01-12T00:00,0.072,µg/m³,VOC,
80901,BRATT'S LAKE,Chloroform,2003-01-15T00:00,0.066,µg/m³,VOC,
80901,BRATT'S LAKE,Chloroform,2003-01-18T00:00,0.061,µg/m³,VOC,
80901,BRATT'S LAKE,Chloroform,2003-01-21T00:00,0.064,µg/m³,VOC,
80901,BRATT'S LAKE,Chloroform,2003-01-24T00:00,0.067,µg/m³,VOC,
80901,BRATT'S LAKE,Chloroform,2003-01-27T00:00,0.059,µg/m³,VOC,
80901,BRATT'S LAKE,Chloroform,2003-01-30T00:00,0.065,µg/m³,VOC,
80901,BRATT'S LAKE,Chloroform,2003-02-02T00:00,0.068,µg/m³,VOC,
80901,BRATT'S LAKE,Chloroform,2003-02-05T00:00,0.063,µg/m³,VOC,
80901,BRATT'S LAKE,Chloroform,2003-02-08T00:00,0.063,µg/m³,VOC,
80901,BRATT'S LAKE,Chloroform,2003-02-11T00:00,0.068,µg/m³,VOC,
80901,BRATT'S LAKE,Chloroform,2003-02-14T00:00,0.067,µg/m³,VOC,
80901,BRATT'S LAKE,Chloroform,2003-02-17T00:00,0.068,µg/m³,VOC,
80901,BRATT'S LAKE,Chloroform,2003-02-20T00:00,0.064,µg/m³,VOC,
80901,BRATT'S LAKE,Chloroform,2003-02-23T00:00,0.069,µg/m³,VOC,
80901,BRATT'S LAKE,Chloroform,2003-02-26T00:00,0.061,µg/m³,VOC,
80901,BRATT'S LAKE,Chloroform,2003-03-01T00:00,0.066,µg/m³,VOC,
80901,BRATT'S LAKE,Chloroform,2003-03-04T00:00,0.064,µg/m³,VOC,
80901,BRATT'S LAKE,Chloroform,2003-03-10T00:00,0.064,µg/m³,VOC,
80901,BRATT'S LAKE,Chloroform,2003-03-13T00:00,0.064,µg/m³,VOC,
80901,BRATT'S LAKE,Chloroform,2003-03-16T00:00,0.054,µg/m³,VOC,
80901,BRATT'S LAKE,Chloroform,2003-03-19T00:00,0.061,µg/m³,VOC,
80901,BRATT'S LAKE,Chloroform,2003-03-22T00:00,0.062,µg/m³,VOC,
80901,BRATT'S LAKE,Chloroform,2003-03-25T00:00,0.063,µg/m³,VOC,
80901,BRATT'S LAKE,Chloroform,2003-03-28T00:00,0.060,µg/m³,VOC,
80901,BRATT'S LAKE,Chloroform,2003-03-31T00:00,0.054,µg/m³,VOC,
80901,BRATT'S LAKE,Chloroform,2003-04-03T00:00,0.062,µg/m³,VOC,
80901,BRATT'S LAKE,Chloroform,2003-04-06T00:00,0.066,µg/m³,VOC,
80901,BRATT'S LAKE,Chloroform,2003-04-09T00:00,0.053,µg/m³,VOC,
80901,BRATT'S LAKE,Chloroform,2003-04-12T00:00,0.057,µg/m³,VOC,
80901,BRATT'S LAKE,Chloroform,2003-04-15T00:00,0.082,µg/m³,VOC,
80901,BRATT'S LAKE,Chloroform,2003-04-18T00:00,0.081,µg/m³,VOC,
80901,BRATT'S LAKE,Chloroform,2003-04-21T00:00,0.074,µg/m³,VOC,
80901,BRATT'S LAKE,Chloroform,2003-04-24T00:00,0.077,µg/m³,VOC,
80901,BRATT'S LAKE,Chloroform,2003-04-27T00:00,0.078,µg/m³,VOC,
80901,BRATT'S LAKE,Chloroform,2003-04-30T00:00,0.075,µg/m³,VOC,
80901,BRATT'S LAKE,Chloroform,2003-07-14T00:00,0.052,µg/m³,VOC,
80901,BRATT'S LAKE,Chloroform,2003-07-17T00:00,0.058,µg/m³,VOC,
80901,BRATT'S LAKE,Chloroform,2003-07-20T00:00,0.057,µg/m³,VOC,
80901,BRATT'S LAKE,Chloroform,2003-07-23T00:00,0.051,µg/m³,VOC,
80901,BRATT'S LAKE,Chloroform,2003-07-26T00:00,0.048,µg/m³,VOC,
80901,BRATT'S LAKE,Chloroform,2003-07-29T00:00,0.051,µg/m³,VOC,
80901,BRATT'S LAKE,Chloroform,2003-08-01T00:00,0.058,µg/m³,VOC,
80901,BRATT'S LAKE,Chloroform,2003-08-04T00:00,0.058,µg/m³,VOC,
80901,BRATT'S LAKE,Chloroform,2003-08-07T00:00,0.059,µg/m³,VOC,
80901,BRATT'S LAKE,Chloroform,2003-08-10T00:00,0.043,µg/m³,VOC,
80901,BRATT'S LAKE,Chloroform,2003-08-10T00:00,0.044,µg/m³,VOC,
80901,BRATT'S LAKE,Chloroform,2003-08-13T00:00,0.043,µg/m³,VOC,
80901,BRATT'S LAKE,Chloroform,2003-08-16T00:00,0.052,µg/m³,VOC,
80901,BRATT'S LAKE,Chloroform,2003-08-19T00:00,0.050,µg/m³,VOC,
80901,BRATT'S LAKE,Chloroform,2003-08-22T00:00,0.050,µg/m³,VOC,
80901,BRATT'S LAKE,Chloroform,2003-08-25T00:00,0.054,µg/m³,VOC,
80901,BRATT'S LAKE,Chloroform,2003-08-28T00:00,0.066,µg/m³,VOC,
80901,BRATT'S LAKE,Chloroform,2003-08-31T00:00,0.051,µg/m³,VOC,
80901,BRATT'S LAKE,Chloroform,2003-09-03T00:00,0.060,µg/m³,VOC,
80901,BRATT'S LAKE,Chloroform,2003-09-12T00:00,0.056,µg/m³,VOC,
80901,BRATT'S LAKE,Chloroform,2003-09-15T00:00,0.057,µg/m³,VOC,
80901,BRATT'S LAKE,Chloroform,2003-09-18T00:00,0.081,µg/m³,VOC,
80901,BRATT'S LAKE,Chloroform,2003-09-21T00:00,0.081,µg/m³,VOC,
80901,BRATT'S LAKE,Chloroform,2003-09-24T00:00,0.078,µg/m³,VOC,
80901,BRATT'S LAKE,Chloroform,2003-09-27T00:00,0.078,µg/m³,VOC,
80901,BRATT'S LAKE,Chloroform,2003-09-30T00:00,0.078,µg/m³,VOC,
80901,BRATT'S LAKE,Chloroform,2003-10-03T00:00,0.073,µg/m³,VOC,
80901,BRATT'S LAKE,Chloroform,2003-10-06T00:00,0.053,µg/m³,VOC,
80901,BRATT'S LAKE,Chloroform,2003-10-09T00:00,0.060,µg/m³,VOC,
80901,BRATT'S LAKE,Chloroform,2003-10-12T00:00,0.065,µg/m³,VOC,
80901,BRATT'S LAKE,Chloroform,2003-10-15T00:00,0.072,µg/m³,VOC,
80901,BRATT'S LAKE,Chloroform,2003-10-18T00:00,0.056,µg/m³,VOC,
80901,BRATT'S LAKE,Chloroform,2003-10-21T00:00,0.052,µg/m³,VOC,
80901,BRATT'S LAKE,Chloroform,2003-10-24T00:00,0.075,µg/m³,VOC,
80901,BRATT'S LAKE,Chloroform,2003-10-27T00:00,0.067,µg/m³,VOC,
80901,BRATT'S LAKE,Chloroform,2003-10-30T00:00,0.078,µg/m³,VOC,
80901,BRATT'S LAKE,Chloroform,2003-11-02T00:00,0.073,µg/m³,VOC,
80901,BRATT'S LAKE,Chloroform,2003-11-05T00:00,0.107,µg/m³,VOC,
80901,BRATT'S LAKE,Chloroform,2003-11-08T00:00,0.074,µg/m³,VOC,
80901,BRATT'S LAKE,Chloroform,2003-11-11T00:00,0.072,µg/m³,VOC,
80901,BRATT'S LAKE,Chloroform,2003-11-14T00:00,0.072,µg/m³,VOC,
80901,BRATT'S LAKE,Chloroform,2003-11-17T00:00,0.063,µg/m³,VOC,
80901,BRATT'S LAKE,Chloroform,2003-11-20T00:00,0.074,µg/m³,VOC,
80901,BRATT'S LAKE,Chloroform,2003-11-23T00:00,0.072,µg/m³,VOC,
80901,BRATT'S LAKE,Chloroform,2003-11-26T00:00,0.071,µg/m³,VOC,
80901,BRATT'S LAKE,Chloroform,2003-11-29T00:00,0.072,µg/m³,VOC,
80901,BRATT'S LAKE,Chloroform,2003-12-02T00:00,0.075,µg/m³,VOC,
80901,BRATT'S LAKE,Chloroform,2003-12-05T00:00,0.075,µg/m³,VOC,
80901,BRATT'S LAKE,Chloroform,2003-12-08T00:00,0.079,µg/m³,VOC,
80901,BRATT'S LAKE,Chloroform,2003-12-11T00:00,0.079,µg/m³,VOC,
80901,BRATT'S LAKE,Chloroform,2003-12-14T00:00,0.073,µg/m³,VOC,
80901,BRATT'S LAKE,Chloroform,2003-12-17T00:00,0.070,µg/m³,VOC,
80901,BRATT'S LAKE,Chloroform,2003-12-20T00:00,0.060,µg/m³,VOC,
80901,BRATT'S LAKE,Chloroform,2003-12-23T00:00,0.063,µg/m³,VOC,
80901,BRATT'S LAKE,Chloroform,2003-12-26T00:00,0.068,µg/m³,VOC,
80901,BRATT'S LAKE,Chloroform,2003-12-30T00:00,0.070,µg/m³,VOC,
