﻿NAPS_Site_ID,Station_Name,Pollutant,Date,Value,Units,Report_Type,Method
90121,EDMONTON EAST,2-Methylhexane,1994-01-02T00:00,1.636,µg/m³,VOC,GC-MS
90121,EDMONTON EAST,2-Methylhexane,1994-01-08T00:00,0.669,µg/m³,VOC,GC-MS
90121,EDMONTON EAST,2-Methylhexane,1994-01-14T00:00,0.805,µg/m³,VOC,GC-MS
90121,EDMONTON EAST,2-Methylhexane,1994-01-20T00:00,2.363,µg/m³,VOC,GC-MS
90121,EDMONTON EAST,2-Methylhexane,1994-01-26T00:00,2.031,µg/m³,VOC,GC-MS
90121,EDMONTON EAST,2-Methylhexane,1994-02-01T00:00,0.675,µg/m³,VOC,GC-MS
90121,EDMONTON EAST,2-Methylhexane,1994-02-19T00:00,0.233,µg/m³,VOC,GC-MS
90121,EDMONTON EAST,2-Methylhexane,1994-02-25T00:00,2.770,µg/m³,VOC,GC-MS
90121,EDMONTON EAST,2-Methylhexane,1994-03-03T00:00,2.291,µg/m³,VOC,GC-MS
90121,EDMONTON EAST,2-Methylhexane,1994-03-09T00:00,2.119,µg/m³,VOC,GC-MS
90121,EDMONTON EAST,2-Methylhexane,1994-03-15T00:00,0.731,µg/m³,VOC,GC-MS
90121,EDMONTON EAST,2-Methylhexane,1994-03-21T00:00,3.149,µg/m³,VOC,GC-MS
90121,EDMONTON EAST,2-Methylhexane,1994-03-27T00:00,0.291,µg/m³,VOC,GC-MS
90121,EDMONTON EAST,2-Methylhexane,1994-04-08T00:00,1.761,µg/m³,VOC,GC-MS
90121,EDMONTON EAST,2-Methylhexane,1994-04-14T00:00,0.541,µg/m³,VOC,GC-MS
90121,EDMONTON EAST,2-Methylhexane,1994-04-20T00:00,1.072,µg/m³,VOC,GC-MS
90121,EDMONTON EAST,2-Methylhexane,1994-04-26T00:00,0.689,µg/m³,VOC,GC-MS
90121,EDMONTON EAST,2-Methylhexane,1994-05-02T00:00,1.673,µg/m³,VOC,GC-MS
90121,EDMONTON EAST,2-Methylhexane,1994-05-08T00:00,0.958,µg/m³,VOC,GC-MS
90121,EDMONTON EAST,2-Methylhexane,1994-05-14T00:00,0.679,µg/m³,VOC,GC-MS
90121,EDMONTON EAST,2-Methylhexane,1994-05-20T00:00,1.277,µg/m³,VOC,GC-MS
90121,EDMONTON EAST,2-Methylhexane,1994-05-26T00:00,0.826,µg/m³,VOC,GC-MS
90121,EDMONTON EAST,2-Methylhexane,1994-06-01T00:00,1.095,µg/m³,VOC,GC-MS
90121,EDMONTON EAST,2-Methylhexane,1994-06-07T00:00,0.624,µg/m³,VOC,GC-MS
90121,EDMONTON EAST,2-Methylhexane,1994-06-13T00:00,0.658,µg/m³,VOC,GC-MS
90121,EDMONTON EAST,2-Methylhexane,1994-06-19T00:00,0.542,µg/m³,VOC,GC-MS
90121,EDMONTON EAST,2-Methylhexane,1994-06-25T00:00,0.630,µg/m³,VOC,GC-MS
90121,EDMONTON EAST,2-Methylhexane,1994-07-07T00:00,0.725,µg/m³,VOC,GC-MS
90121,EDMONTON EAST,2-Methylhexane,1994-07-13T00:00,1.587,µg/m³,VOC,GC-MS
90121,EDMONTON EAST,2-Methylhexane,1994-07-19T00:00,0.575,µg/m³,VOC,GC-MS
90121,EDMONTON EAST,2-Methylhexane,1994-07-25T00:00,0.530,µg/m³,VOC,GC-MS
90121,EDMONTON EAST,2-Methylhexane,1994-07-31T00:00,2.177,µg/m³,VOC,GC-MS
90121,EDMONTON EAST,2-Methylhexane,1994-08-06T00:00,0.940,µg/m³,VOC,GC-MS
90121,EDMONTON EAST,2-Methylhexane,1994-08-12T00:00,1.338,µg/m³,VOC,GC-MS
90121,EDMONTON EAST,2-Methylhexane,1994-08-18T00:00,1.272,µg/m³,VOC,GC-MS
90121,EDMONTON EAST,2-Methylhexane,1994-08-24T00:00,1.166,µg/m³,VOC,GC-MS
90121,EDMONTON EAST,2-Methylhexane,1994-08-30T00:00,0.441,µg/m³,VOC,GC-MS
90121,EDMONTON EAST,2-Methylhexane,1994-09-05T00:00,0.986,µg/m³,VOC,GC-MS
90121,EDMONTON EAST,2-Methylhexane,1994-09-23T00:00,2.284,µg/m³,VOC,GC-MS
90121,EDMONTON EAST,2-Methylhexane,1994-09-29T00:00,1.038,µg/m³,VOC,GC-MS
90121,EDMONTON EAST,2-Methylhexane,1994-10-05T00:00,0.954,µg/m³,VOC,GC-MS
90121,EDMONTON EAST,2-Methylhexane,1994-10-11T00:00,0.916,µg/m³,VOC,GC-MS
90121,EDMONTON EAST,2-Methylhexane,1994-10-17T00:00,0.730,µg/m³,VOC,GC-MS
90121,EDMONTON EAST,2-Methylhexane,1994-10-23T00:00,1.219,µg/m³,VOC,GC-MS
90121,EDMONTON EAST,2-Methylhexane,1994-10-29T00:00,1.730,µg/m³,VOC,GC-MS
90121,EDMONTON EAST,2-Methylhexane,1994-11-10T00:00,1.902,µg/m³,VOC,GC-MS
90121,EDMONTON EAST,2-Methylhexane,1994-11-16T00:00,0.247,µg/m³,VOC,GC-MS
90121,EDMONTON EAST,2-Methylhexane,1994-11-22T00:00,0.620,µg/m³,VOC,GC-MS
90121,EDMONTON EAST,2-Methylhexane,1994-11-28T00:00,1.903,µg/m³,VOC,GC-MS
90121,EDMONTON EAST,2-Methylhexane,1994-12-04T00:00,0.861,µg/m³,VOC,GC-MS
90121,EDMONTON EAST,2-Methylhexane,1994-12-10T00:00,2.227,µg/m³,VOC,GC-MS
90121,EDMONTON EAST,2-Methylhexane,1994-12-16T00:00,3.167,µg/m³,VOC,GC-MS
90121,EDMONTON EAST,2-Methylhexane,1994-12-22T00:00,2.041,µg/m³,VOC,GC-MS
90121,EDMONTON EAST,2-Methylhexane,1994-12-28T00:00,0.734,µg/m³,VOC,GC-MS
