﻿NAPS_Site_ID,Station_Name,Pollutant,Date,Value,Units,Report_Type,Method
102301,CRANBERRY LAKE,123678-H6CDF,1996-07-14T00:00,0.007,pg/m³,PCDD,
102301,CRANBERRY LAKE,123678-H6CDF,1996-08-07T00:00,0.008,pg/m³,PCDD,
102301,CRANBERRY LAKE,123678-H6CDF,1996-08-25T00:00,0.003,pg/m³,PCDD,
102301,CRANBERRY LAKE,123678-H6CDF,1996-09-24T00:00,0.005,pg/m³,PCDD,
102301,CRANBERRY LAKE,123678-H6CDF,1996-10-01T00:00,0.006,pg/m³,PCDD,
102301,CRANBERRY LAKE,123678-H6CDF,1996-11-26T00:00,0.004,pg/m³,PCDD,
102301,CRANBERRY LAKE,123678-H6CDF,1996-12-01T00:00,0.011,pg/m³,PCDD,
102301,CRANBERRY LAKE,123678-H6CDF,1996-12-10T00:00,0.000,pg/m³,PCDD,
102301,CRANBERRY LAKE,123678-H6CDF,1996-12-26T00:00,0.005,pg/m³,PCDD,
