﻿NAPS_Site_ID,Station_Name,Pollutant,Date,Value,Units,Report_Type,Method
63201,HWY 47 & HWY 48 _YORK_REGION_,4-Ethyltoluene,1990-01-05T00:00,0.220,µg/m³,VOC,
63201,HWY 47 & HWY 48 _YORK_REGION_,4-Ethyltoluene,1990-01-11T00:00,0.100,µg/m³,VOC,
63201,HWY 47 & HWY 48 _YORK_REGION_,4-Ethyltoluene,1990-01-17T00:00,0.245,µg/m³,VOC,
63201,HWY 47 & HWY 48 _YORK_REGION_,4-Ethyltoluene,1990-01-23T00:00,0.176,µg/m³,VOC,
63201,HWY 47 & HWY 48 _YORK_REGION_,4-Ethyltoluene,1990-02-04T00:00,0.056,µg/m³,VOC,
63201,HWY 47 & HWY 48 _YORK_REGION_,4-Ethyltoluene,1990-02-10T00:00,0.081,µg/m³,VOC,
63201,HWY 47 & HWY 48 _YORK_REGION_,4-Ethyltoluene,1990-02-16T00:00,0.158,µg/m³,VOC,
63201,HWY 47 & HWY 48 _YORK_REGION_,4-Ethyltoluene,1990-02-22T00:00,0.527,µg/m³,VOC,
63201,HWY 47 & HWY 48 _YORK_REGION_,4-Ethyltoluene,1990-02-28T00:00,0.101,µg/m³,VOC,
63201,HWY 47 & HWY 48 _YORK_REGION_,4-Ethyltoluene,1990-03-06T00:00,0.104,µg/m³,VOC,
63201,HWY 47 & HWY 48 _YORK_REGION_,4-Ethyltoluene,1990-03-18T00:00,0.000,µg/m³,VOC,
63201,HWY 47 & HWY 48 _YORK_REGION_,4-Ethyltoluene,1990-03-24T00:00,0.000,µg/m³,VOC,
63201,HWY 47 & HWY 48 _YORK_REGION_,4-Ethyltoluene,1990-03-30T00:00,0.178,µg/m³,VOC,
63201,HWY 47 & HWY 48 _YORK_REGION_,4-Ethyltoluene,1990-04-05T00:00,0.000,µg/m³,VOC,
63201,HWY 47 & HWY 48 _YORK_REGION_,4-Ethyltoluene,1990-04-11T00:00,0.043,µg/m³,VOC,
63201,HWY 47 & HWY 48 _YORK_REGION_,4-Ethyltoluene,1990-04-17T00:00,0.059,µg/m³,VOC,
63201,HWY 47 & HWY 48 _YORK_REGION_,4-Ethyltoluene,1990-04-23T00:00,0.192,µg/m³,VOC,
63201,HWY 47 & HWY 48 _YORK_REGION_,4-Ethyltoluene,1990-05-05T00:00,0.060,µg/m³,VOC,
63201,HWY 47 & HWY 48 _YORK_REGION_,4-Ethyltoluene,1990-05-11T00:00,0.041,µg/m³,VOC,
63201,HWY 47 & HWY 48 _YORK_REGION_,4-Ethyltoluene,1990-05-17T00:00,0.086,µg/m³,VOC,
63201,HWY 47 & HWY 48 _YORK_REGION_,4-Ethyltoluene,1990-05-23T00:00,0.143,µg/m³,VOC,
63201,HWY 47 & HWY 48 _YORK_REGION_,4-Ethyltoluene,1990-05-29T00:00,0.052,µg/m³,VOC,
63201,HWY 47 & HWY 48 _YORK_REGION_,4-Ethyltoluene,1990-06-04T00:00,0.041,µg/m³,VOC,
63201,HWY 47 & HWY 48 _YORK_REGION_,4-Ethyltoluene,1990-06-16T00:00,0.060,µg/m³,VOC,
63201,HWY 47 & HWY 48 _YORK_REGION_,4-Ethyltoluene,1990-06-22T00:00,0.112,µg/m³,VOC,
63201,HWY 47 & HWY 48 _YORK_REGION_,4-Ethyltoluene,1990-07-04T00:00,0.106,µg/m³,VOC,
63201,HWY 47 & HWY 48 _YORK_REGION_,4-Ethyltoluene,1990-07-10T00:00,0.048,µg/m³,VOC,
63201,HWY 47 & HWY 48 _YORK_REGION_,4-Ethyltoluene,1990-07-16T00:00,0.094,µg/m³,VOC,
63201,HWY 47 & HWY 48 _YORK_REGION_,4-Ethyltoluene,1990-07-22T00:00,0.052,µg/m³,VOC,
63201,HWY 47 & HWY 48 _YORK_REGION_,4-Ethyltoluene,1990-07-28T00:00,0.105,µg/m³,VOC,
63201,HWY 47 & HWY 48 _YORK_REGION_,4-Ethyltoluene,1990-08-03T00:00,0.238,µg/m³,VOC,
63201,HWY 47 & HWY 48 _YORK_REGION_,4-Ethyltoluene,1990-08-09T00:00,0.215,µg/m³,VOC,
63201,HWY 47 & HWY 48 _YORK_REGION_,4-Ethyltoluene,1990-08-15T00:00,0.229,µg/m³,VOC,
63201,HWY 47 & HWY 48 _YORK_REGION_,4-Ethyltoluene,1990-08-21T00:00,0.066,µg/m³,VOC,
63201,HWY 47 & HWY 48 _YORK_REGION_,4-Ethyltoluene,1990-08-27T00:00,0.071,µg/m³,VOC,
63201,HWY 47 & HWY 48 _YORK_REGION_,4-Ethyltoluene,1990-09-02T00:00,0.053,µg/m³,VOC,
63201,HWY 47 & HWY 48 _YORK_REGION_,4-Ethyltoluene,1990-09-08T00:00,0.000,µg/m³,VOC,
63201,HWY 47 & HWY 48 _YORK_REGION_,4-Ethyltoluene,1990-09-14T00:00,0.108,µg/m³,VOC,
63201,HWY 47 & HWY 48 _YORK_REGION_,4-Ethyltoluene,1990-09-20T00:00,0.125,µg/m³,VOC,
63201,HWY 47 & HWY 48 _YORK_REGION_,4-Ethyltoluene,1990-09-26T00:00,0.100,µg/m³,VOC,
63201,HWY 47 & HWY 48 _YORK_REGION_,4-Ethyltoluene,1990-10-02T00:00,0.218,µg/m³,VOC,
63201,HWY 47 & HWY 48 _YORK_REGION_,4-Ethyltoluene,1990-10-08T00:00,0.000,µg/m³,VOC,
63201,HWY 47 & HWY 48 _YORK_REGION_,4-Ethyltoluene,1990-10-14T00:00,0.071,µg/m³,VOC,
63201,HWY 47 & HWY 48 _YORK_REGION_,4-Ethyltoluene,1990-10-20T00:00,0.094,µg/m³,VOC,
63201,HWY 47 & HWY 48 _YORK_REGION_,4-Ethyltoluene,1990-10-26T00:00,0.074,µg/m³,VOC,
63201,HWY 47 & HWY 48 _YORK_REGION_,4-Ethyltoluene,1990-11-01T00:00,0.298,µg/m³,VOC,
63201,HWY 47 & HWY 48 _YORK_REGION_,4-Ethyltoluene,1990-11-13T00:00,0.090,µg/m³,VOC,
63201,HWY 47 & HWY 48 _YORK_REGION_,4-Ethyltoluene,1990-11-19T00:00,0.224,µg/m³,VOC,
63201,HWY 47 & HWY 48 _YORK_REGION_,4-Ethyltoluene,1990-11-25T00:00,0.031,µg/m³,VOC,
63201,HWY 47 & HWY 48 _YORK_REGION_,4-Ethyltoluene,1990-12-01T00:00,0.052,µg/m³,VOC,
63201,HWY 47 & HWY 48 _YORK_REGION_,4-Ethyltoluene,1990-12-13T00:00,0.047,µg/m³,VOC,
63201,HWY 47 & HWY 48 _YORK_REGION_,4-Ethyltoluene,1990-12-19T00:00,0.049,µg/m³,VOC,
63201,HWY 47 & HWY 48 _YORK_REGION_,4-Ethyltoluene,1990-12-25T00:00,0.077,µg/m³,VOC,
63201,HWY 47 & HWY 48 _YORK_REGION_,4-Ethyltoluene,1990-12-31T00:00,0.049,µg/m³,VOC,
