﻿NAPS_Site_ID,Station_Name,Pollutant,Date,Value,Units,Report_Type,Method
80211,SASKATOON-CORMAN PARK,Magnesium,2016-01-01T00:00,0.010,µg/m³,PM2.5,IC
80211,SASKATOON-CORMAN PARK,Magnesium,2016-01-07T00:00,0.017,µg/m³,PM2.5,IC
80211,SASKATOON-CORMAN PARK,Magnesium,2016-01-13T00:00,0.011,µg/m³,PM2.5,IC
80211,SASKATOON-CORMAN PARK,Magnesium,2016-01-19T00:00,0.023,µg/m³,PM2.5,IC
80211,SASKATOON-CORMAN PARK,Magnesium,2016-01-25T00:00,0.010,µg/m³,PM2.5,IC
80211,SASKATOON-CORMAN PARK,Magnesium,2016-01-31T00:00,0.009,µg/m³,PM2.5,IC
80211,SASKATOON-CORMAN PARK,Magnesium,2016-02-06T00:00,0.008,µg/m³,PM2.5,IC
80211,SASKATOON-CORMAN PARK,Magnesium,2016-02-12T00:00,0.045,µg/m³,PM2.5,IC
80211,SASKATOON-CORMAN PARK,Magnesium,2016-02-18T00:00,0.012,µg/m³,PM2.5,IC
80211,SASKATOON-CORMAN PARK,Magnesium,2016-02-24T00:00,0.014,µg/m³,PM2.5,IC
80211,SASKATOON-CORMAN PARK,Magnesium,2016-03-01T00:00,0.037,µg/m³,PM2.5,IC
80211,SASKATOON-CORMAN PARK,Magnesium,2016-03-07T00:00,0.016,µg/m³,PM2.5,IC
80211,SASKATOON-CORMAN PARK,Magnesium,2016-03-13T00:00,0.026,µg/m³,PM2.5,IC
80211,SASKATOON-CORMAN PARK,Magnesium,2016-03-19T00:00,0.021,µg/m³,PM2.5,IC
80211,SASKATOON-CORMAN PARK,Magnesium,2016-03-25T00:00,0.015,µg/m³,PM2.5,IC
80211,SASKATOON-CORMAN PARK,Magnesium,2016-03-31T00:00,0.037,µg/m³,PM2.5,IC
80211,SASKATOON-CORMAN PARK,Magnesium,2016-04-06T00:00,0.021,µg/m³,PM2.5,IC
80211,SASKATOON-CORMAN PARK,Magnesium,2016-04-12T00:00,0.046,µg/m³,PM2.5,IC
80211,SASKATOON-CORMAN PARK,Magnesium,2016-04-18T00:00,0.028,µg/m³,PM2.5,IC
80211,SASKATOON-CORMAN PARK,Magnesium,2016-04-24T00:00,0.017,µg/m³,PM2.5,IC
80211,SASKATOON-CORMAN PARK,Magnesium,2016-04-30T00:00,0.044,µg/m³,PM2.5,IC
80211,SASKATOON-CORMAN PARK,Magnesium,2016-05-06T00:00,0.090,µg/m³,PM2.5,IC
80211,SASKATOON-CORMAN PARK,Magnesium,2016-05-12T00:00,0.014,µg/m³,PM2.5,IC
80211,SASKATOON-CORMAN PARK,Magnesium,2016-05-24T00:00,0.012,µg/m³,PM2.5,IC
80211,SASKATOON-CORMAN PARK,Magnesium,2016-06-05T00:00,0.023,µg/m³,PM2.5,IC
80211,SASKATOON-CORMAN PARK,Magnesium,2016-06-11T00:00,0.017,µg/m³,PM2.5,IC
80211,SASKATOON-CORMAN PARK,Magnesium,2016-06-17T00:00,0.013,µg/m³,PM2.5,IC
80211,SASKATOON-CORMAN PARK,Magnesium,2016-07-05T00:00,0.012,µg/m³,PM2.5,IC
80211,SASKATOON-CORMAN PARK,Magnesium,2016-07-11T00:00,0.008,µg/m³,PM2.5,IC
80211,SASKATOON-CORMAN PARK,Magnesium,2016-07-17T00:00,0.031,µg/m³,PM2.5,IC
80211,SASKATOON-CORMAN PARK,Magnesium,2016-07-23T00:00,0.014,µg/m³,PM2.5,IC
80211,SASKATOON-CORMAN PARK,Magnesium,2016-07-29T00:00,0.023,µg/m³,PM2.5,IC
80211,SASKATOON-CORMAN PARK,Magnesium,2016-08-04T00:00,0.014,µg/m³,PM2.5,IC
80211,SASKATOON-CORMAN PARK,Magnesium,2016-08-10T00:00,0.016,µg/m³,PM2.5,IC
80211,SASKATOON-CORMAN PARK,Magnesium,2016-08-16T00:00,0.036,µg/m³,PM2.5,IC
80211,SASKATOON-CORMAN PARK,Magnesium,2016-08-22T00:00,0.035,µg/m³,PM2.5,IC
80211,SASKATOON-CORMAN PARK,Magnesium,2016-08-28T00:00,0.010,µg/m³,PM2.5,IC
80211,SASKATOON-CORMAN PARK,Magnesium,2016-09-03T00:00,0.010,µg/m³,PM2.5,IC
80211,SASKATOON-CORMAN PARK,Magnesium,2016-09-09T00:00,0.035,µg/m³,PM2.5,IC
80211,SASKATOON-CORMAN PARK,Magnesium,2016-09-15T00:00,0.058,µg/m³,PM2.5,IC
80211,SASKATOON-CORMAN PARK,Magnesium,2016-09-21T00:00,0.028,µg/m³,PM2.5,IC
80211,SASKATOON-CORMAN PARK,Magnesium,2016-09-27T00:00,0.025,µg/m³,PM2.5,IC
80211,SASKATOON-CORMAN PARK,Magnesium,2016-10-03T00:00,0.027,µg/m³,PM2.5,IC
80211,SASKATOON-CORMAN PARK,Magnesium,2016-10-09T00:00,0.005,µg/m³,PM2.5,IC
80211,SASKATOON-CORMAN PARK,Magnesium,2016-10-15T00:00,0.009,µg/m³,PM2.5,IC
80211,SASKATOON-CORMAN PARK,Magnesium,2016-10-21T00:00,0.017,µg/m³,PM2.5,IC
80211,SASKATOON-CORMAN PARK,Magnesium,2016-10-27T00:00,0.023,µg/m³,PM2.5,IC
80211,SASKATOON-CORMAN PARK,Magnesium,2016-11-14T00:00,0.014,µg/m³,PM2.5,IC
80211,SASKATOON-CORMAN PARK,Magnesium,2016-11-20T00:00,0.017,µg/m³,PM2.5,IC
80211,SASKATOON-CORMAN PARK,Magnesium,2016-11-26T00:00,0.012,µg/m³,PM2.5,IC
80211,SASKATOON-CORMAN PARK,Magnesium,2016-12-14T00:00,0.037,µg/m³,PM2.5,IC
80211,SASKATOON-CORMAN PARK,Magnesium,2016-12-20T00:00,0.013,µg/m³,PM2.5,IC
80211,SASKATOON-CORMAN PARK,Magnesium,2016-12-26T00:00,0.011,µg/m³,PM2.5,IC
80211,SASKATOON-CORMAN PARK,Magnesium,2016-01-01T00:00,0.015,µg/m³,PM2.5-10,IC
80211,SASKATOON-CORMAN PARK,Magnesium,2016-01-07T00:00,0.016,µg/m³,PM2.5-10,IC
80211,SASKATOON-CORMAN PARK,Magnesium,2016-01-13T00:00,0.014,µg/m³,PM2.5-10,IC
80211,SASKATOON-CORMAN PARK,Magnesium,2016-01-19T00:00,0.038,µg/m³,PM2.5-10,IC
80211,SASKATOON-CORMAN PARK,Magnesium,2016-01-25T00:00,0.009,µg/m³,PM2.5-10,IC
80211,SASKATOON-CORMAN PARK,Magnesium,2016-01-31T00:00,0.014,µg/m³,PM2.5-10,IC
80211,SASKATOON-CORMAN PARK,Magnesium,2016-02-06T00:00,0.032,µg/m³,PM2.5-10,IC
80211,SASKATOON-CORMAN PARK,Magnesium,2016-02-12T00:00,0.102,µg/m³,PM2.5-10,IC
80211,SASKATOON-CORMAN PARK,Magnesium,2016-02-18T00:00,0.012,µg/m³,PM2.5-10,IC
80211,SASKATOON-CORMAN PARK,Magnesium,2016-02-24T00:00,0.036,µg/m³,PM2.5-10,IC
80211,SASKATOON-CORMAN PARK,Magnesium,2016-03-01T00:00,0.096,µg/m³,PM2.5-10,IC
80211,SASKATOON-CORMAN PARK,Magnesium,2016-03-07T00:00,0.021,µg/m³,PM2.5-10,IC
80211,SASKATOON-CORMAN PARK,Magnesium,2016-03-13T00:00,0.101,µg/m³,PM2.5-10,IC
80211,SASKATOON-CORMAN PARK,Magnesium,2016-03-19T00:00,0.120,µg/m³,PM2.5-10,IC
80211,SASKATOON-CORMAN PARK,Magnesium,2016-03-25T00:00,0.084,µg/m³,PM2.5-10,IC
80211,SASKATOON-CORMAN PARK,Magnesium,2016-03-31T00:00,0.090,µg/m³,PM2.5-10,IC
80211,SASKATOON-CORMAN PARK,Magnesium,2016-04-06T00:00,0.077,µg/m³,PM2.5-10,IC
80211,SASKATOON-CORMAN PARK,Magnesium,2016-04-12T00:00,0.098,µg/m³,PM2.5-10,IC
80211,SASKATOON-CORMAN PARK,Magnesium,2016-04-18T00:00,0.117,µg/m³,PM2.5-10,IC
80211,SASKATOON-CORMAN PARK,Magnesium,2016-04-24T00:00,0.022,µg/m³,PM2.5-10,IC
80211,SASKATOON-CORMAN PARK,Magnesium,2016-04-30T00:00,0.064,µg/m³,PM2.5-10,IC
80211,SASKATOON-CORMAN PARK,Magnesium,2016-05-06T00:00,0.085,µg/m³,PM2.5-10,IC
80211,SASKATOON-CORMAN PARK,Magnesium,2016-05-12T00:00,0.061,µg/m³,PM2.5-10,IC
80211,SASKATOON-CORMAN PARK,Magnesium,2016-05-24T00:00,0.061,µg/m³,PM2.5-10,IC
80211,SASKATOON-CORMAN PARK,Magnesium,2016-06-05T00:00,0.064,µg/m³,PM2.5-10,IC
80211,SASKATOON-CORMAN PARK,Magnesium,2016-06-11T00:00,0.067,µg/m³,PM2.5-10,IC
80211,SASKATOON-CORMAN PARK,Magnesium,2016-06-17T00:00,0.065,µg/m³,PM2.5-10,IC
80211,SASKATOON-CORMAN PARK,Magnesium,2016-07-05T00:00,0.063,µg/m³,PM2.5-10,IC
80211,SASKATOON-CORMAN PARK,Magnesium,2016-07-11T00:00,0.045,µg/m³,PM2.5-10,IC
80211,SASKATOON-CORMAN PARK,Magnesium,2016-07-17T00:00,0.083,µg/m³,PM2.5-10,IC
80211,SASKATOON-CORMAN PARK,Magnesium,2016-07-23T00:00,0.044,µg/m³,PM2.5-10,IC
80211,SASKATOON-CORMAN PARK,Magnesium,2016-07-29T00:00,0.059,µg/m³,PM2.5-10,IC
80211,SASKATOON-CORMAN PARK,Magnesium,2016-08-04T00:00,0.058,µg/m³,PM2.5-10,IC
80211,SASKATOON-CORMAN PARK,Magnesium,2016-08-10T00:00,0.060,µg/m³,PM2.5-10,IC
80211,SASKATOON-CORMAN PARK,Magnesium,2016-08-16T00:00,0.095,µg/m³,PM2.5-10,IC
80211,SASKATOON-CORMAN PARK,Magnesium,2016-08-22T00:00,0.089,µg/m³,PM2.5-10,IC
80211,SASKATOON-CORMAN PARK,Magnesium,2016-08-28T00:00,0.047,µg/m³,PM2.5-10,IC
80211,SASKATOON-CORMAN PARK,Magnesium,2016-09-03T00:00,0.054,µg/m³,PM2.5-10,IC
80211,SASKATOON-CORMAN PARK,Magnesium,2016-09-09T00:00,0.079,µg/m³,PM2.5-10,IC
80211,SASKATOON-CORMAN PARK,Magnesium,2016-09-15T00:00,0.362,µg/m³,PM2.5-10,IC
80211,SASKATOON-CORMAN PARK,Magnesium,2016-09-21T00:00,0.083,µg/m³,PM2.5-10,IC
80211,SASKATOON-CORMAN PARK,Magnesium,2016-09-27T00:00,0.079,µg/m³,PM2.5-10,IC
80211,SASKATOON-CORMAN PARK,Magnesium,2016-10-03T00:00,0.079,µg/m³,PM2.5-10,IC
80211,SASKATOON-CORMAN PARK,Magnesium,2016-10-09T00:00,0.011,µg/m³,PM2.5-10,IC
80211,SASKATOON-CORMAN PARK,Magnesium,2016-10-15T00:00,0.046,µg/m³,PM2.5-10,IC
