﻿NAPS_Site_ID,Station_Name,Pollutant,Date,Value,Units,Report_Type,Method
50115,MONTRÉAL-MAISONNEUVE,Dodecane,2004-01-04T00:00,0.084,µg/m³,VOC,
50115,MONTRÉAL-MAISONNEUVE,Dodecane,2004-01-10T00:00,0.010,µg/m³,VOC,
50115,MONTRÉAL-MAISONNEUVE,Dodecane,2004-01-16T00:00,0.032,µg/m³,VOC,
50115,MONTRÉAL-MAISONNEUVE,Dodecane,2004-01-22T00:00,0.287,µg/m³,VOC,
50115,MONTRÉAL-MAISONNEUVE,Dodecane,2004-01-28T00:00,0.356,µg/m³,VOC,
50115,MONTRÉAL-MAISONNEUVE,Dodecane,2004-02-03T00:00,0.570,µg/m³,VOC,
50115,MONTRÉAL-MAISONNEUVE,Dodecane,2004-02-21T00:00,0.175,µg/m³,VOC,
50115,MONTRÉAL-MAISONNEUVE,Dodecane,2004-02-27T00:00,0.179,µg/m³,VOC,
50115,MONTRÉAL-MAISONNEUVE,Dodecane,2004-03-04T00:00,0.579,µg/m³,VOC,
50115,MONTRÉAL-MAISONNEUVE,Dodecane,2004-03-10T00:00,0.274,µg/m³,VOC,
50115,MONTRÉAL-MAISONNEUVE,Dodecane,2004-03-16T00:00,0.087,µg/m³,VOC,
50115,MONTRÉAL-MAISONNEUVE,Dodecane,2004-03-22T00:00,0.083,µg/m³,VOC,
50115,MONTRÉAL-MAISONNEUVE,Dodecane,2004-03-28T00:00,0.138,µg/m³,VOC,
50115,MONTRÉAL-MAISONNEUVE,Dodecane,2004-04-03T00:00,0.198,µg/m³,VOC,
50115,MONTRÉAL-MAISONNEUVE,Dodecane,2004-04-09T00:00,0.090,µg/m³,VOC,
50115,MONTRÉAL-MAISONNEUVE,Dodecane,2004-04-15T00:00,0.173,µg/m³,VOC,
50115,MONTRÉAL-MAISONNEUVE,Dodecane,2004-04-21T00:00,0.107,µg/m³,VOC,
50115,MONTRÉAL-MAISONNEUVE,Dodecane,2004-04-27T00:00,0.368,µg/m³,VOC,
50115,MONTRÉAL-MAISONNEUVE,Dodecane,2004-05-03T00:00,0.152,µg/m³,VOC,
50115,MONTRÉAL-MAISONNEUVE,Dodecane,2004-05-09T00:00,0.126,µg/m³,VOC,
50115,MONTRÉAL-MAISONNEUVE,Dodecane,2004-05-15T00:00,0.248,µg/m³,VOC,
50115,MONTRÉAL-MAISONNEUVE,Dodecane,2004-05-21T00:00,0.339,µg/m³,VOC,
50115,MONTRÉAL-MAISONNEUVE,Dodecane,2004-05-27T00:00,0.363,µg/m³,VOC,
50115,MONTRÉAL-MAISONNEUVE,Dodecane,2004-06-02T00:00,0.411,µg/m³,VOC,
50115,MONTRÉAL-MAISONNEUVE,Dodecane,2004-06-20T00:00,0.109,µg/m³,VOC,
50115,MONTRÉAL-MAISONNEUVE,Dodecane,2004-06-26T00:00,0.154,µg/m³,VOC,
50115,MONTRÉAL-MAISONNEUVE,Dodecane,2004-07-02T00:00,0.280,µg/m³,VOC,
50115,MONTRÉAL-MAISONNEUVE,Dodecane,2004-07-08T00:00,0.261,µg/m³,VOC,
50115,MONTRÉAL-MAISONNEUVE,Dodecane,2004-07-14T00:00,0.191,µg/m³,VOC,
50115,MONTRÉAL-MAISONNEUVE,Dodecane,2004-07-20T00:00,0.186,µg/m³,VOC,
50115,MONTRÉAL-MAISONNEUVE,Dodecane,2004-07-26T00:00,0.346,µg/m³,VOC,
50115,MONTRÉAL-MAISONNEUVE,Dodecane,2004-08-07T00:00,0.173,µg/m³,VOC,
50115,MONTRÉAL-MAISONNEUVE,Dodecane,2004-08-13T00:00,0.304,µg/m³,VOC,
50115,MONTRÉAL-MAISONNEUVE,Dodecane,2004-08-25T00:00,0.229,µg/m³,VOC,
50115,MONTRÉAL-MAISONNEUVE,Dodecane,2004-08-31T00:00,0.218,µg/m³,VOC,
50115,MONTRÉAL-MAISONNEUVE,Dodecane,2004-09-06T00:00,0.125,µg/m³,VOC,
50115,MONTRÉAL-MAISONNEUVE,Dodecane,2004-09-12T00:00,0.265,µg/m³,VOC,
50115,MONTRÉAL-MAISONNEUVE,Dodecane,2004-10-18T00:00,0.137,µg/m³,VOC,
50115,MONTRÉAL-MAISONNEUVE,Dodecane,2004-10-30T00:00,0.296,µg/m³,VOC,
50115,MONTRÉAL-MAISONNEUVE,Dodecane,2004-11-17T00:00,0.556,µg/m³,VOC,
50115,MONTRÉAL-MAISONNEUVE,Dodecane,2004-11-23T00:00,0.473,µg/m³,VOC,
50115,MONTRÉAL-MAISONNEUVE,Dodecane,2004-11-29T00:00,0.301,µg/m³,VOC,
50115,MONTRÉAL-MAISONNEUVE,Dodecane,2004-12-05T00:00,0.053,µg/m³,VOC,
50115,MONTRÉAL-MAISONNEUVE,Dodecane,2004-12-11T00:00,0.199,µg/m³,VOC,
50115,MONTRÉAL-MAISONNEUVE,Dodecane,2004-12-17T00:00,0.212,µg/m³,VOC,
50115,MONTRÉAL-MAISONNEUVE,Dodecane,2004-12-29T00:00,0.344,µg/m³,VOC,
