﻿NAPS_Site_ID,Station_Name,Pollutant,Date,Value,Units,Report_Type,Method
40203,FOREST HILLS,Silicon,2021-01-01T00:00,0.046,µg/m³,PM2.5,ED-XRF
40203,FOREST HILLS,Silicon,2021-01-04T00:00,0.011,µg/m³,PM2.5,ED-XRF
40203,FOREST HILLS,Silicon,2021-01-07T00:00,0.016,µg/m³,PM2.5,ED-XRF
40203,FOREST HILLS,Silicon,2021-01-10T00:00,0.012,µg/m³,PM2.5,ED-XRF
40203,FOREST HILLS,Silicon,2021-01-13T00:00,0.017,µg/m³,PM2.5,ED-XRF
40203,FOREST HILLS,Silicon,2021-01-28T00:00,0.016,µg/m³,PM2.5,ED-XRF
40203,FOREST HILLS,Silicon,2021-01-31T00:00,0.020,µg/m³,PM2.5,ED-XRF
40203,FOREST HILLS,Silicon,2021-02-06T00:00,0.000,µg/m³,PM2.5,ED-XRF
40203,FOREST HILLS,Silicon,2021-02-09T00:00,0.017,µg/m³,PM2.5,ED-XRF
40203,FOREST HILLS,Silicon,2021-02-24T00:00,0.001,µg/m³,PM2.5,ED-XRF
40203,FOREST HILLS,Silicon,2021-02-27T00:00,0.026,µg/m³,PM2.5,ED-XRF
40203,FOREST HILLS,Silicon,2021-03-02T00:00,0.023,µg/m³,PM2.5,ED-XRF
40203,FOREST HILLS,Silicon,2021-03-05T00:00,0.010,µg/m³,PM2.5,ED-XRF
40203,FOREST HILLS,Silicon,2021-03-08T00:00,0.011,µg/m³,PM2.5,ED-XRF
40203,FOREST HILLS,Silicon,2021-03-11T00:00,0.020,µg/m³,PM2.5,ED-XRF
40203,FOREST HILLS,Silicon,2021-03-14T00:00,0.013,µg/m³,PM2.5,ED-XRF
40203,FOREST HILLS,Silicon,2021-03-17T00:00,0.045,µg/m³,PM2.5,ED-XRF
40203,FOREST HILLS,Silicon,2021-03-20T00:00,0.024,µg/m³,PM2.5,ED-XRF
40203,FOREST HILLS,Silicon,2021-03-23T00:00,0.018,µg/m³,PM2.5,ED-XRF
40203,FOREST HILLS,Silicon,2021-03-26T00:00,0.024,µg/m³,PM2.5,ED-XRF
40203,FOREST HILLS,Silicon,2021-04-01T00:00,0.031,µg/m³,PM2.5,ED-XRF
40203,FOREST HILLS,Silicon,2021-04-04T00:00,0.016,µg/m³,PM2.5,ED-XRF
40203,FOREST HILLS,Silicon,2021-04-07T00:00,0.004,µg/m³,PM2.5,ED-XRF
40203,FOREST HILLS,Silicon,2021-04-10T00:00,0.086,µg/m³,PM2.5,ED-XRF
40203,FOREST HILLS,Silicon,2021-04-16T00:00,0.061,µg/m³,PM2.5,ED-XRF
40203,FOREST HILLS,Silicon,2021-04-19T00:00,0.050,µg/m³,PM2.5,ED-XRF
40203,FOREST HILLS,Silicon,2021-04-22T00:00,0.142,µg/m³,PM2.5,ED-XRF
40203,FOREST HILLS,Silicon,2021-04-25T00:00,0.011,µg/m³,PM2.5,ED-XRF
40203,FOREST HILLS,Silicon,2021-04-28T00:00,0.062,µg/m³,PM2.5,ED-XRF
40203,FOREST HILLS,Silicon,2021-05-01T00:00,0.023,µg/m³,PM2.5,ED-XRF
40203,FOREST HILLS,Silicon,2021-05-07T00:00,0.005,µg/m³,PM2.5,ED-XRF
40203,FOREST HILLS,Silicon,2021-05-10T00:00,0.038,µg/m³,PM2.5,ED-XRF
40203,FOREST HILLS,Silicon,2021-05-13T00:00,0.032,µg/m³,PM2.5,ED-XRF
40203,FOREST HILLS,Silicon,2021-05-16T00:00,0.174,µg/m³,PM2.5,ED-XRF
40203,FOREST HILLS,Silicon,2021-05-19T00:00,0.029,µg/m³,PM2.5,ED-XRF
40203,FOREST HILLS,Silicon,2021-05-22T00:00,0.018,µg/m³,PM2.5,ED-XRF
40203,FOREST HILLS,Silicon,2021-06-03T00:00,0.031,µg/m³,PM2.5,ED-XRF
40203,FOREST HILLS,Silicon,2021-06-06T00:00,0.038,µg/m³,PM2.5,ED-XRF
40203,FOREST HILLS,Silicon,2021-06-09T00:00,0.067,µg/m³,PM2.5,ED-XRF
40203,FOREST HILLS,Silicon,2021-06-12T00:00,0.032,µg/m³,PM2.5,ED-XRF
40203,FOREST HILLS,Silicon,2021-06-15T00:00,0.012,µg/m³,PM2.5,ED-XRF
40203,FOREST HILLS,Silicon,2021-06-18T00:00,0.041,µg/m³,PM2.5,ED-XRF
40203,FOREST HILLS,Silicon,2021-06-24T00:00,0.033,µg/m³,PM2.5,ED-XRF
40203,FOREST HILLS,Silicon,2021-06-27T00:00,0.139,µg/m³,PM2.5,ED-XRF
40203,FOREST HILLS,Silicon,2021-07-09T00:00,0.047,µg/m³,PM2.5,ED-XRF
40203,FOREST HILLS,Silicon,2021-07-12T00:00,0.046,µg/m³,PM2.5,ED-XRF
40203,FOREST HILLS,Silicon,2021-07-15T00:00,0.022,µg/m³,PM2.5,ED-XRF
40203,FOREST HILLS,Silicon,2021-07-18T00:00,0.008,µg/m³,PM2.5,ED-XRF
40203,FOREST HILLS,Silicon,2021-07-21T00:00,0.011,µg/m³,PM2.5,ED-XRF
40203,FOREST HILLS,Silicon,2021-07-24T00:00,0.018,µg/m³,PM2.5,ED-XRF
40203,FOREST HILLS,Silicon,2021-07-27T00:00,0.031,µg/m³,PM2.5,ED-XRF
40203,FOREST HILLS,Silicon,2021-07-30T00:00,0.019,µg/m³,PM2.5,ED-XRF
40203,FOREST HILLS,Silicon,2021-08-17T00:00,0.135,µg/m³,PM2.5,ED-XRF
40203,FOREST HILLS,Silicon,2021-08-20T00:00,0.127,µg/m³,PM2.5,ED-XRF
40203,FOREST HILLS,Silicon,2021-08-23T00:00,0.003,µg/m³,PM2.5,ED-XRF
40203,FOREST HILLS,Silicon,2021-08-26T00:00,0.236,µg/m³,PM2.5,ED-XRF
40203,FOREST HILLS,Silicon,2021-08-29T00:00,0.060,µg/m³,PM2.5,ED-XRF
40203,FOREST HILLS,Silicon,2021-09-04T00:00,0.028,µg/m³,PM2.5,ED-XRF
40203,FOREST HILLS,Silicon,2021-09-07T00:00,0.029,µg/m³,PM2.5,ED-XRF
40203,FOREST HILLS,Silicon,2021-09-10T00:00,0.023,µg/m³,PM2.5,ED-XRF
40203,FOREST HILLS,Silicon,2021-09-13T00:00,0.070,µg/m³,PM2.5,ED-XRF
40203,FOREST HILLS,Silicon,2021-09-16T00:00,0.013,µg/m³,PM2.5,ED-XRF
40203,FOREST HILLS,Silicon,2021-09-19T00:00,0.015,µg/m³,PM2.5,ED-XRF
40203,FOREST HILLS,Silicon,2021-09-25T00:00,0.042,µg/m³,PM2.5,ED-XRF
40203,FOREST HILLS,Silicon,2021-09-28T00:00,0.144,µg/m³,PM2.5,ED-XRF
40203,FOREST HILLS,Silicon,2021-10-01T00:00,0.032,µg/m³,PM2.5,ED-XRF
40203,FOREST HILLS,Silicon,2021-10-04T00:00,0.001,µg/m³,PM2.5,ED-XRF
40203,FOREST HILLS,Silicon,2021-10-07T00:00,0.144,µg/m³,PM2.5,ED-XRF
40203,FOREST HILLS,Silicon,2021-10-13T00:00,0.106,µg/m³,PM2.5,ED-XRF
40203,FOREST HILLS,Silicon,2021-10-16T00:00,0.010,µg/m³,PM2.5,ED-XRF
40203,FOREST HILLS,Silicon,2021-10-19T00:00,0.038,µg/m³,PM2.5,ED-XRF
40203,FOREST HILLS,Silicon,2021-10-22T00:00,0.075,µg/m³,PM2.5,ED-XRF
40203,FOREST HILLS,Silicon,2021-10-25T00:00,0.036,µg/m³,PM2.5,ED-XRF
40203,FOREST HILLS,Silicon,2021-10-28T00:00,0.018,µg/m³,PM2.5,ED-XRF
40203,FOREST HILLS,Silicon,2021-10-31T00:00,0.004,µg/m³,PM2.5,ED-XRF
40203,FOREST HILLS,Silicon,2021-11-06T00:00,0.014,µg/m³,PM2.5,ED-XRF
40203,FOREST HILLS,Silicon,2021-11-09T00:00,0.088,µg/m³,PM2.5,ED-XRF
40203,FOREST HILLS,Silicon,2021-11-12T00:00,0.005,µg/m³,PM2.5,ED-XRF
40203,FOREST HILLS,Silicon,2021-11-15T00:00,0.007,µg/m³,PM2.5,ED-XRF
40203,FOREST HILLS,Silicon,2021-11-18T00:00,0.006,µg/m³,PM2.5,ED-XRF
40203,FOREST HILLS,Silicon,2021-11-21T00:00,0.010,µg/m³,PM2.5,ED-XRF
40203,FOREST HILLS,Silicon,2021-11-24T00:00,0.009,µg/m³,PM2.5,ED-XRF
40203,FOREST HILLS,Silicon,2021-11-27T00:00,0.007,µg/m³,PM2.5,ED-XRF
40203,FOREST HILLS,Silicon,2021-12-12T00:00,0.060,µg/m³,PM2.5,ED-XRF
40203,FOREST HILLS,Silicon,2021-12-15T00:00,0.000,µg/m³,PM2.5,ED-XRF
40203,FOREST HILLS,Silicon,2021-12-24T00:00,0.070,µg/m³,PM2.5,ED-XRF
40203,FOREST HILLS,Silicon,2021-12-27T00:00,0.015,µg/m³,PM2.5,ED-XRF
40203,FOREST HILLS,Silicon,2021-01-01T00:00,0.254,µg/m³,PM2.5-10,ED-XRF
40203,FOREST HILLS,Silicon,2021-01-04T00:00,0.116,µg/m³,PM2.5-10,ED-XRF
40203,FOREST HILLS,Silicon,2021-01-07T00:00,0.027,µg/m³,PM2.5-10,ED-XRF
40203,FOREST HILLS,Silicon,2021-01-10T00:00,0.113,µg/m³,PM2.5-10,ED-XRF
40203,FOREST HILLS,Silicon,2021-01-13T00:00,0.256,µg/m³,PM2.5-10,ED-XRF
40203,FOREST HILLS,Silicon,2021-01-28T00:00,0.095,µg/m³,PM2.5-10,ED-XRF
40203,FOREST HILLS,Silicon,2021-01-31T00:00,0.086,µg/m³,PM2.5-10,ED-XRF
40203,FOREST HILLS,Silicon,2021-02-06T00:00,0.049,µg/m³,PM2.5-10,ED-XRF
40203,FOREST HILLS,Silicon,2021-02-09T00:00,0.076,µg/m³,PM2.5-10,ED-XRF
40203,FOREST HILLS,Silicon,2021-02-24T00:00,0.058,µg/m³,PM2.5-10,ED-XRF
40203,FOREST HILLS,Silicon,2021-02-27T00:00,0.204,µg/m³,PM2.5-10,ED-XRF
40203,FOREST HILLS,Silicon,2021-03-02T00:00,0.158,µg/m³,PM2.5-10,ED-XRF
40203,FOREST HILLS,Silicon,2021-03-05T00:00,0.140,µg/m³,PM2.5-10,ED-XRF
40203,FOREST HILLS,Silicon,2021-03-08T00:00,0.150,µg/m³,PM2.5-10,ED-XRF
40203,FOREST HILLS,Silicon,2021-03-11T00:00,0.053,µg/m³,PM2.5-10,ED-XRF
40203,FOREST HILLS,Silicon,2021-03-14T00:00,0.080,µg/m³,PM2.5-10,ED-XRF
40203,FOREST HILLS,Silicon,2021-03-17T00:00,0.460,µg/m³,PM2.5-10,ED-XRF
40203,FOREST HILLS,Silicon,2021-03-20T00:00,0.270,µg/m³,PM2.5-10,ED-XRF
40203,FOREST HILLS,Silicon,2021-03-23T00:00,0.122,µg/m³,PM2.5-10,ED-XRF
40203,FOREST HILLS,Silicon,2021-03-26T00:00,0.015,µg/m³,PM2.5-10,ED-XRF
40203,FOREST HILLS,Silicon,2021-04-01T00:00,0.050,µg/m³,PM2.5-10,ED-XRF
40203,FOREST HILLS,Silicon,2021-04-04T00:00,0.047,µg/m³,PM2.5-10,ED-XRF
40203,FOREST HILLS,Silicon,2021-04-07T00:00,0.026,µg/m³,PM2.5-10,ED-XRF
40203,FOREST HILLS,Silicon,2021-04-10T00:00,0.340,µg/m³,PM2.5-10,ED-XRF
40203,FOREST HILLS,Silicon,2021-04-16T00:00,0.181,µg/m³,PM2.5-10,ED-XRF
40203,FOREST HILLS,Silicon,2021-04-19T00:00,0.256,µg/m³,PM2.5-10,ED-XRF
40203,FOREST HILLS,Silicon,2021-04-22T00:00,1.072,µg/m³,PM2.5-10,ED-XRF
40203,FOREST HILLS,Silicon,2021-04-25T00:00,0.077,µg/m³,PM2.5-10,ED-XRF
40203,FOREST HILLS,Silicon,2021-04-28T00:00,0.378,µg/m³,PM2.5-10,ED-XRF
40203,FOREST HILLS,Silicon,2021-05-01T00:00,0.087,µg/m³,PM2.5-10,ED-XRF
40203,FOREST HILLS,Silicon,2021-05-07T00:00,0.110,µg/m³,PM2.5-10,ED-XRF
40203,FOREST HILLS,Silicon,2021-05-10T00:00,0.342,µg/m³,PM2.5-10,ED-XRF
40203,FOREST HILLS,Silicon,2021-05-13T00:00,0.219,µg/m³,PM2.5-10,ED-XRF
40203,FOREST HILLS,Silicon,2021-05-16T00:00,0.641,µg/m³,PM2.5-10,ED-XRF
40203,FOREST HILLS,Silicon,2021-05-19T00:00,0.142,µg/m³,PM2.5-10,ED-XRF
40203,FOREST HILLS,Silicon,2021-05-22T00:00,0.137,µg/m³,PM2.5-10,ED-XRF
40203,FOREST HILLS,Silicon,2021-06-03T00:00,0.205,µg/m³,PM2.5-10,ED-XRF
40203,FOREST HILLS,Silicon,2021-06-06T00:00,0.322,µg/m³,PM2.5-10,ED-XRF
40203,FOREST HILLS,Silicon,2021-06-09T00:00,0.397,µg/m³,PM2.5-10,ED-XRF
40203,FOREST HILLS,Silicon,2021-06-12T00:00,0.610,µg/m³,PM2.5-10,ED-XRF
40203,FOREST HILLS,Silicon,2021-06-15T00:00,0.079,µg/m³,PM2.5-10,ED-XRF
40203,FOREST HILLS,Silicon,2021-06-18T00:00,2.919,µg/m³,PM2.5-10,ED-XRF
40203,FOREST HILLS,Silicon,2021-06-24T00:00,0.327,µg/m³,PM2.5-10,ED-XRF
40203,FOREST HILLS,Silicon,2021-06-27T00:00,0.225,µg/m³,PM2.5-10,ED-XRF
40203,FOREST HILLS,Silicon,2021-07-09T00:00,0.125,µg/m³,PM2.5-10,ED-XRF
40203,FOREST HILLS,Silicon,2021-07-12T00:00,0.182,µg/m³,PM2.5-10,ED-XRF
40203,FOREST HILLS,Silicon,2021-07-15T00:00,0.102,µg/m³,PM2.5-10,ED-XRF
40203,FOREST HILLS,Silicon,2021-07-18T00:00,0.491,µg/m³,PM2.5-10,ED-XRF
40203,FOREST HILLS,Silicon,2021-07-21T00:00,0.160,µg/m³,PM2.5-10,ED-XRF
40203,FOREST HILLS,Silicon,2021-07-24T00:00,0.190,µg/m³,PM2.5-10,ED-XRF
40203,FOREST HILLS,Silicon,2021-07-27T00:00,0.185,µg/m³,PM2.5-10,ED-XRF
40203,FOREST HILLS,Silicon,2021-07-30T00:00,0.095,µg/m³,PM2.5-10,ED-XRF
40203,FOREST HILLS,Silicon,2021-08-17T00:00,0.040,µg/m³,PM2.5-10,ED-XRF
40203,FOREST HILLS,Silicon,2021-08-20T00:00,0.137,µg/m³,PM2.5-10,ED-XRF
40203,FOREST HILLS,Silicon,2021-08-23T00:00,0.068,µg/m³,PM2.5-10,ED-XRF
40203,FOREST HILLS,Silicon,2021-08-26T00:00,0.019,µg/m³,PM2.5-10,ED-XRF
40203,FOREST HILLS,Silicon,2021-08-29T00:00,0.033,µg/m³,PM2.5-10,ED-XRF
40203,FOREST HILLS,Silicon,2021-09-04T00:00,0.000,µg/m³,PM2.5-10,ED-XRF
40203,FOREST HILLS,Silicon,2021-09-07T00:00,0.383,µg/m³,PM2.5-10,ED-XRF
40203,FOREST HILLS,Silicon,2021-09-10T00:00,0.036,µg/m³,PM2.5-10,ED-XRF
40203,FOREST HILLS,Silicon,2021-09-13T00:00,0.439,µg/m³,PM2.5-10,ED-XRF
40203,FOREST HILLS,Silicon,2021-09-16T00:00,0.025,µg/m³,PM2.5-10,ED-XRF
40203,FOREST HILLS,Silicon,2021-09-19T00:00,0.067,µg/m³,PM2.5-10,ED-XRF
40203,FOREST HILLS,Silicon,2021-09-25T00:00,0.056,µg/m³,PM2.5-10,ED-XRF
40203,FOREST HILLS,Silicon,2021-09-28T00:00,0.010,µg/m³,PM2.5-10,ED-XRF
40203,FOREST HILLS,Silicon,2021-10-01T00:00,0.111,µg/m³,PM2.5-10,ED-XRF
40203,FOREST HILLS,Silicon,2021-10-04T00:00,0.034,µg/m³,PM2.5-10,ED-XRF
40203,FOREST HILLS,Silicon,2021-10-07T00:00,0.380,µg/m³,PM2.5-10,ED-XRF
40203,FOREST HILLS,Silicon,2021-10-13T00:00,0.385,µg/m³,PM2.5-10,ED-XRF
40203,FOREST HILLS,Silicon,2021-10-16T00:00,0.007,µg/m³,PM2.5-10,ED-XRF
40203,FOREST HILLS,Silicon,2021-10-19T00:00,0.115,µg/m³,PM2.5-10,ED-XRF
40203,FOREST HILLS,Silicon,2021-10-22T00:00,0.379,µg/m³,PM2.5-10,ED-XRF
40203,FOREST HILLS,Silicon,2021-10-25T00:00,0.171,µg/m³,PM2.5-10,ED-XRF
40203,FOREST HILLS,Silicon,2021-10-28T00:00,0.072,µg/m³,PM2.5-10,ED-XRF
40203,FOREST HILLS,Silicon,2021-10-31T00:00,0.000,µg/m³,PM2.5-10,ED-XRF
40203,FOREST HILLS,Silicon,2021-11-06T00:00,0.139,µg/m³,PM2.5-10,ED-XRF
40203,FOREST HILLS,Silicon,2021-11-09T00:00,1.579,µg/m³,PM2.5-10,ED-XRF
40203,FOREST HILLS,Silicon,2021-11-12T00:00,0.129,µg/m³,PM2.5-10,ED-XRF
40203,FOREST HILLS,Silicon,2021-11-15T00:00,0.066,µg/m³,PM2.5-10,ED-XRF
40203,FOREST HILLS,Silicon,2021-11-18T00:00,0.123,µg/m³,PM2.5-10,ED-XRF
40203,FOREST HILLS,Silicon,2021-11-21T00:00,0.077,µg/m³,PM2.5-10,ED-XRF
40203,FOREST HILLS,Silicon,2021-11-24T00:00,0.104,µg/m³,PM2.5-10,ED-XRF
40203,FOREST HILLS,Silicon,2021-11-27T00:00,0.057,µg/m³,PM2.5-10,ED-XRF
40203,FOREST HILLS,Silicon,2021-12-12T00:00,0.205,µg/m³,PM2.5-10,ED-XRF
40203,FOREST HILLS,Silicon,2021-12-15T00:00,0.001,µg/m³,PM2.5-10,ED-XRF
40203,FOREST HILLS,Silicon,2021-12-24T00:00,0.020,µg/m³,PM2.5-10,ED-XRF
40203,FOREST HILLS,Silicon,2021-12-27T00:00,0.035,µg/m³,PM2.5-10,ED-XRF
