﻿NAPS_Site_ID,Station_Name,Pollutant,Date,Value,Units,Report_Type,Method
90227,CALGARY CENTRAL,"2,2-Dimethylpropane",1995-01-03T00:00,0.119,µg/m³,VOC,GC-MS
90227,CALGARY CENTRAL,"2,2-Dimethylpropane",1995-01-09T00:00,0.316,µg/m³,VOC,GC-MS
90227,CALGARY CENTRAL,"2,2-Dimethylpropane",1995-01-15T00:00,0.120,µg/m³,VOC,GC-MS
90227,CALGARY CENTRAL,"2,2-Dimethylpropane",1995-01-21T00:00,0.089,µg/m³,VOC,GC-MS
90227,CALGARY CENTRAL,"2,2-Dimethylpropane",1995-01-27T00:00,0.315,µg/m³,VOC,GC-MS
90227,CALGARY CENTRAL,"2,2-Dimethylpropane",1995-02-02T00:00,0.155,µg/m³,VOC,GC-MS
90227,CALGARY CENTRAL,"2,2-Dimethylpropane",1995-02-08T00:00,0.098,µg/m³,VOC,GC-MS
90227,CALGARY CENTRAL,"2,2-Dimethylpropane",1995-02-14T00:00,0.085,µg/m³,VOC,GC-MS
90227,CALGARY CENTRAL,"2,2-Dimethylpropane",1995-02-20T00:00,0.100,µg/m³,VOC,GC-MS
90227,CALGARY CENTRAL,"2,2-Dimethylpropane",1995-02-26T00:00,0.042,µg/m³,VOC,GC-MS
90227,CALGARY CENTRAL,"2,2-Dimethylpropane",1995-03-04T00:00,0.088,µg/m³,VOC,GC-MS
90227,CALGARY CENTRAL,"2,2-Dimethylpropane",1995-03-10T00:00,0.158,µg/m³,VOC,GC-MS
90227,CALGARY CENTRAL,"2,2-Dimethylpropane",1995-03-16T00:00,0.088,µg/m³,VOC,GC-MS
90227,CALGARY CENTRAL,"2,2-Dimethylpropane",1995-03-22T00:00,0.064,µg/m³,VOC,GC-MS
90227,CALGARY CENTRAL,"2,2-Dimethylpropane",1995-03-28T00:00,0.054,µg/m³,VOC,GC-MS
90227,CALGARY CENTRAL,"2,2-Dimethylpropane",1995-04-03T00:00,0.042,µg/m³,VOC,GC-MS
90227,CALGARY CENTRAL,"2,2-Dimethylpropane",1995-04-09T00:00,0.034,µg/m³,VOC,GC-MS
90227,CALGARY CENTRAL,"2,2-Dimethylpropane",1995-04-15T00:00,0.000,µg/m³,VOC,GC-MS
90227,CALGARY CENTRAL,"2,2-Dimethylpropane",1995-04-21T00:00,0.000,µg/m³,VOC,GC-MS
90227,CALGARY CENTRAL,"2,2-Dimethylpropane",1995-04-27T00:00,0.000,µg/m³,VOC,GC-MS
90227,CALGARY CENTRAL,"2,2-Dimethylpropane",1995-05-09T00:00,0.000,µg/m³,VOC,GC-MS
90227,CALGARY CENTRAL,"2,2-Dimethylpropane",1995-05-15T00:00,0.000,µg/m³,VOC,GC-MS
90227,CALGARY CENTRAL,"2,2-Dimethylpropane",1995-05-21T00:00,0.000,µg/m³,VOC,GC-MS
90227,CALGARY CENTRAL,"2,2-Dimethylpropane",1995-05-27T00:00,0.000,µg/m³,VOC,GC-MS
90227,CALGARY CENTRAL,"2,2-Dimethylpropane",1995-06-02T00:00,0.000,µg/m³,VOC,GC-MS
90227,CALGARY CENTRAL,"2,2-Dimethylpropane",1995-06-08T00:00,0.000,µg/m³,VOC,GC-MS
90227,CALGARY CENTRAL,"2,2-Dimethylpropane",1995-06-14T00:00,0.000,µg/m³,VOC,GC-MS
90227,CALGARY CENTRAL,"2,2-Dimethylpropane",1995-06-20T00:00,0.000,µg/m³,VOC,GC-MS
90227,CALGARY CENTRAL,"2,2-Dimethylpropane",1995-06-26T00:00,0.000,µg/m³,VOC,GC-MS
90227,CALGARY CENTRAL,"2,2-Dimethylpropane",1995-07-02T00:00,0.000,µg/m³,VOC,GC-MS
90227,CALGARY CENTRAL,"2,2-Dimethylpropane",1995-07-08T00:00,0.000,µg/m³,VOC,GC-MS
90227,CALGARY CENTRAL,"2,2-Dimethylpropane",1995-07-14T00:00,0.000,µg/m³,VOC,GC-MS
90227,CALGARY CENTRAL,"2,2-Dimethylpropane",1995-07-20T00:00,0.000,µg/m³,VOC,GC-MS
90227,CALGARY CENTRAL,"2,2-Dimethylpropane",1995-07-26T00:00,0.000,µg/m³,VOC,GC-MS
90227,CALGARY CENTRAL,"2,2-Dimethylpropane",1995-08-01T00:00,0.000,µg/m³,VOC,GC-MS
90227,CALGARY CENTRAL,"2,2-Dimethylpropane",1995-08-07T00:00,0.000,µg/m³,VOC,GC-MS
90227,CALGARY CENTRAL,"2,2-Dimethylpropane",1995-08-19T00:00,0.016,µg/m³,VOC,GC-MS
90227,CALGARY CENTRAL,"2,2-Dimethylpropane",1995-08-25T00:00,0.000,µg/m³,VOC,GC-MS
90227,CALGARY CENTRAL,"2,2-Dimethylpropane",1995-08-31T00:00,0.000,µg/m³,VOC,GC-MS
90227,CALGARY CENTRAL,"2,2-Dimethylpropane",1995-09-06T00:00,0.047,µg/m³,VOC,GC-MS
90227,CALGARY CENTRAL,"2,2-Dimethylpropane",1995-09-12T00:00,0.142,µg/m³,VOC,GC-MS
90227,CALGARY CENTRAL,"2,2-Dimethylpropane",1995-09-18T00:00,0.054,µg/m³,VOC,GC-MS
90227,CALGARY CENTRAL,"2,2-Dimethylpropane",1995-09-24T00:00,0.100,µg/m³,VOC,GC-MS
90227,CALGARY CENTRAL,"2,2-Dimethylpropane",1995-09-30T00:00,0.031,µg/m³,VOC,GC-MS
90227,CALGARY CENTRAL,"2,2-Dimethylpropane",1995-10-06T00:00,0.139,µg/m³,VOC,GC-MS
90227,CALGARY CENTRAL,"2,2-Dimethylpropane",1995-10-12T00:00,0.071,µg/m³,VOC,GC-MS
90227,CALGARY CENTRAL,"2,2-Dimethylpropane",1995-10-18T00:00,0.033,µg/m³,VOC,GC-MS
90227,CALGARY CENTRAL,"2,2-Dimethylpropane",1995-10-24T00:00,0.048,µg/m³,VOC,GC-MS
90227,CALGARY CENTRAL,"2,2-Dimethylpropane",1995-10-30T00:00,0.068,µg/m³,VOC,GC-MS
90227,CALGARY CENTRAL,"2,2-Dimethylpropane",1995-11-05T00:00,0.052,µg/m³,VOC,GC-MS
90227,CALGARY CENTRAL,"2,2-Dimethylpropane",1995-11-11T00:00,0.146,µg/m³,VOC,GC-MS
90227,CALGARY CENTRAL,"2,2-Dimethylpropane",1995-11-17T00:00,0.169,µg/m³,VOC,GC-MS
90227,CALGARY CENTRAL,"2,2-Dimethylpropane",1995-11-23T00:00,0.161,µg/m³,VOC,GC-MS
90227,CALGARY CENTRAL,"2,2-Dimethylpropane",1995-11-29T00:00,0.109,µg/m³,VOC,GC-MS
90227,CALGARY CENTRAL,"2,2-Dimethylpropane",1995-12-05T00:00,0.110,µg/m³,VOC,GC-MS
90227,CALGARY CENTRAL,"2,2-Dimethylpropane",1995-12-11T00:00,0.086,µg/m³,VOC,GC-MS
90227,CALGARY CENTRAL,"2,2-Dimethylpropane",1995-12-17T00:00,0.139,µg/m³,VOC,GC-MS
90227,CALGARY CENTRAL,"2,2-Dimethylpropane",1995-12-23T00:00,0.027,µg/m³,VOC,GC-MS
90227,CALGARY CENTRAL,"2,2-Dimethylpropane",1995-12-29T00:00,0.077,µg/m³,VOC,GC-MS
