﻿NAPS_Site_ID,Station_Name,Pollutant,Date,Value,Units,Report_Type,Method
100111,ROCKY POINT PARK,MSA,2010-01-02T00:00,0.000,µg/m³,PM2.5,IC
100111,ROCKY POINT PARK,MSA,2010-01-08T00:00,0.000,µg/m³,PM2.5,IC
100111,ROCKY POINT PARK,MSA,2010-01-14T00:00,0.000,µg/m³,PM2.5,IC
100111,ROCKY POINT PARK,MSA,2010-01-20T00:00,0.000,µg/m³,PM2.5,IC
100111,ROCKY POINT PARK,MSA,2010-01-26T00:00,0.000,µg/m³,PM2.5,IC
100111,ROCKY POINT PARK,MSA,2010-02-01T00:00,0.000,µg/m³,PM2.5,IC
100111,ROCKY POINT PARK,MSA,2010-02-07T00:00,0.000,µg/m³,PM2.5,IC
100111,ROCKY POINT PARK,MSA,2010-02-13T00:00,0.000,µg/m³,PM2.5,IC
100111,ROCKY POINT PARK,MSA,2010-02-19T00:00,0.000,µg/m³,PM2.5,IC
100111,ROCKY POINT PARK,MSA,2010-02-25T00:00,0.000,µg/m³,PM2.5,IC
100111,ROCKY POINT PARK,MSA,2010-03-03T00:00,0.000,µg/m³,PM2.5,IC
100111,ROCKY POINT PARK,MSA,2010-03-09T00:00,0.000,µg/m³,PM2.5,IC
100111,ROCKY POINT PARK,MSA,2010-03-15T00:00,0.000,µg/m³,PM2.5,IC
100111,ROCKY POINT PARK,MSA,2010-03-21T00:00,0.000,µg/m³,PM2.5,IC
100111,ROCKY POINT PARK,MSA,2010-03-27T00:00,0.000,µg/m³,PM2.5,IC
100111,ROCKY POINT PARK,MSA,2010-04-02T00:00,0.000,µg/m³,PM2.5,IC
100111,ROCKY POINT PARK,MSA,2010-04-08T00:00,0.000,µg/m³,PM2.5,IC
100111,ROCKY POINT PARK,MSA,2010-04-14T00:00,0.023,µg/m³,PM2.5,IC
100111,ROCKY POINT PARK,MSA,2010-04-20T00:00,0.000,µg/m³,PM2.5,IC
100111,ROCKY POINT PARK,MSA,2010-04-26T00:00,0.000,µg/m³,PM2.5,IC
100111,ROCKY POINT PARK,MSA,2010-05-02T00:00,0.000,µg/m³,PM2.5,IC
100111,ROCKY POINT PARK,MSA,2010-05-08T00:00,0.015,µg/m³,PM2.5,IC
100111,ROCKY POINT PARK,MSA,2010-05-14T00:00,0.051,µg/m³,PM2.5,IC
100111,ROCKY POINT PARK,MSA,2010-05-20T00:00,0.016,µg/m³,PM2.5,IC
100111,ROCKY POINT PARK,MSA,2010-05-26T00:00,0.000,µg/m³,PM2.5,IC
100111,ROCKY POINT PARK,MSA,2010-06-01T00:00,0.026,µg/m³,PM2.5,IC
100111,ROCKY POINT PARK,MSA,2010-06-07T00:00,0.021,µg/m³,PM2.5,IC
100111,ROCKY POINT PARK,MSA,2010-06-13T00:00,0.037,µg/m³,PM2.5,IC
100111,ROCKY POINT PARK,MSA,2010-06-19T00:00,0.067,µg/m³,PM2.5,IC
100111,ROCKY POINT PARK,MSA,2010-06-25T00:00,0.073,µg/m³,PM2.5,IC
100111,ROCKY POINT PARK,MSA,2010-07-01T00:00,0.129,µg/m³,PM2.5,IC
100111,ROCKY POINT PARK,MSA,2010-07-07T00:00,0.029,µg/m³,PM2.5,IC
100111,ROCKY POINT PARK,MSA,2010-07-13T00:00,0.110,µg/m³,PM2.5,IC
100111,ROCKY POINT PARK,MSA,2010-07-19T00:00,0.157,µg/m³,PM2.5,IC
100111,ROCKY POINT PARK,MSA,2010-07-25T00:00,0.051,µg/m³,PM2.5,IC
100111,ROCKY POINT PARK,MSA,2010-07-31T00:00,0.098,µg/m³,PM2.5,IC
100111,ROCKY POINT PARK,MSA,2010-08-06T00:00,0.101,µg/m³,PM2.5,IC
100111,ROCKY POINT PARK,MSA,2010-08-12T00:00,0.098,µg/m³,PM2.5,IC
100111,ROCKY POINT PARK,MSA,2010-08-18T00:00,0.128,µg/m³,PM2.5,IC
100111,ROCKY POINT PARK,MSA,2010-08-24T00:00,0.067,µg/m³,PM2.5,IC
100111,ROCKY POINT PARK,MSA,2010-08-30T00:00,0.056,µg/m³,PM2.5,IC
100111,ROCKY POINT PARK,MSA,2010-09-05T00:00,0.063,µg/m³,PM2.5,IC
100111,ROCKY POINT PARK,MSA,2010-09-11T00:00,0.049,µg/m³,PM2.5,IC
100111,ROCKY POINT PARK,MSA,2010-09-17T00:00,0.017,µg/m³,PM2.5,IC
100111,ROCKY POINT PARK,MSA,2010-09-23T00:00,0.030,µg/m³,PM2.5,IC
100111,ROCKY POINT PARK,MSA,2010-09-29T00:00,0.045,µg/m³,PM2.5,IC
100111,ROCKY POINT PARK,MSA,2010-10-05T00:00,0.023,µg/m³,PM2.5,IC
100111,ROCKY POINT PARK,MSA,2010-10-11T00:00,0.024,µg/m³,PM2.5,IC
100111,ROCKY POINT PARK,MSA,2010-10-17T00:00,0.000,µg/m³,PM2.5,IC
100111,ROCKY POINT PARK,MSA,2010-10-23T00:00,0.008,µg/m³,PM2.5,IC
100111,ROCKY POINT PARK,MSA,2010-10-29T00:00,0.000,µg/m³,PM2.5,IC
100111,ROCKY POINT PARK,MSA,2010-11-04T00:00,0.000,µg/m³,PM2.5,IC
100111,ROCKY POINT PARK,MSA,2010-11-10T00:00,0.000,µg/m³,PM2.5,IC
100111,ROCKY POINT PARK,MSA,2010-11-16T00:00,0.000,µg/m³,PM2.5,IC
100111,ROCKY POINT PARK,MSA,2010-11-22T00:00,0.000,µg/m³,PM2.5,IC
100111,ROCKY POINT PARK,MSA,2010-11-28T00:00,0.000,µg/m³,PM2.5,IC
100111,ROCKY POINT PARK,MSA,2010-12-04T00:00,0.000,µg/m³,PM2.5,IC
100111,ROCKY POINT PARK,MSA,2010-12-10T00:00,0.000,µg/m³,PM2.5,IC
100111,ROCKY POINT PARK,MSA,2010-12-16T00:00,0.000,µg/m³,PM2.5,IC
100111,ROCKY POINT PARK,MSA,2010-12-22T00:00,0.000,µg/m³,PM2.5,IC
100111,ROCKY POINT PARK,MSA,2010-01-02T00:00,0.000,µg/m³,PM2.5-10,IC
100111,ROCKY POINT PARK,MSA,2010-01-08T00:00,0.000,µg/m³,PM2.5-10,IC
100111,ROCKY POINT PARK,MSA,2010-01-14T00:00,0.000,µg/m³,PM2.5-10,IC
100111,ROCKY POINT PARK,MSA,2010-01-20T00:00,0.000,µg/m³,PM2.5-10,IC
100111,ROCKY POINT PARK,MSA,2010-01-26T00:00,0.000,µg/m³,PM2.5-10,IC
100111,ROCKY POINT PARK,MSA,2010-02-01T00:00,0.000,µg/m³,PM2.5-10,IC
100111,ROCKY POINT PARK,MSA,2010-02-07T00:00,0.000,µg/m³,PM2.5-10,IC
100111,ROCKY POINT PARK,MSA,2010-02-13T00:00,0.000,µg/m³,PM2.5-10,IC
100111,ROCKY POINT PARK,MSA,2010-02-19T00:00,0.000,µg/m³,PM2.5-10,IC
100111,ROCKY POINT PARK,MSA,2010-02-25T00:00,0.000,µg/m³,PM2.5-10,IC
100111,ROCKY POINT PARK,MSA,2010-03-03T00:00,0.000,µg/m³,PM2.5-10,IC
100111,ROCKY POINT PARK,MSA,2010-03-09T00:00,0.000,µg/m³,PM2.5-10,IC
100111,ROCKY POINT PARK,MSA,2010-03-15T00:00,0.000,µg/m³,PM2.5-10,IC
100111,ROCKY POINT PARK,MSA,2010-03-21T00:00,0.000,µg/m³,PM2.5-10,IC
100111,ROCKY POINT PARK,MSA,2010-03-27T00:00,0.000,µg/m³,PM2.5-10,IC
100111,ROCKY POINT PARK,MSA,2010-04-02T00:00,0.000,µg/m³,PM2.5-10,IC
100111,ROCKY POINT PARK,MSA,2010-04-08T00:00,0.000,µg/m³,PM2.5-10,IC
100111,ROCKY POINT PARK,MSA,2010-04-14T00:00,0.000,µg/m³,PM2.5-10,IC
100111,ROCKY POINT PARK,MSA,2010-04-20T00:00,0.000,µg/m³,PM2.5-10,IC
100111,ROCKY POINT PARK,MSA,2010-04-26T00:00,0.000,µg/m³,PM2.5-10,IC
100111,ROCKY POINT PARK,MSA,2010-05-02T00:00,0.000,µg/m³,PM2.5-10,IC
100111,ROCKY POINT PARK,MSA,2010-05-08T00:00,0.000,µg/m³,PM2.5-10,IC
100111,ROCKY POINT PARK,MSA,2010-05-14T00:00,0.000,µg/m³,PM2.5-10,IC
100111,ROCKY POINT PARK,MSA,2010-05-20T00:00,0.000,µg/m³,PM2.5-10,IC
100111,ROCKY POINT PARK,MSA,2010-05-26T00:00,0.000,µg/m³,PM2.5-10,IC
100111,ROCKY POINT PARK,MSA,2010-06-07T00:00,0.000,µg/m³,PM2.5-10,IC
100111,ROCKY POINT PARK,MSA,2010-06-13T00:00,0.003,µg/m³,PM2.5-10,IC
100111,ROCKY POINT PARK,MSA,2010-06-19T00:00,0.000,µg/m³,PM2.5-10,IC
100111,ROCKY POINT PARK,MSA,2010-06-25T00:00,0.002,µg/m³,PM2.5-10,IC
100111,ROCKY POINT PARK,MSA,2010-07-01T00:00,0.011,µg/m³,PM2.5-10,IC
100111,ROCKY POINT PARK,MSA,2010-07-07T00:00,0.000,µg/m³,PM2.5-10,IC
100111,ROCKY POINT PARK,MSA,2010-07-13T00:00,0.014,µg/m³,PM2.5-10,IC
100111,ROCKY POINT PARK,MSA,2010-07-19T00:00,0.009,µg/m³,PM2.5-10,IC
100111,ROCKY POINT PARK,MSA,2010-07-25T00:00,0.004,µg/m³,PM2.5-10,IC
100111,ROCKY POINT PARK,MSA,2010-07-31T00:00,0.002,µg/m³,PM2.5-10,IC
100111,ROCKY POINT PARK,MSA,2010-08-06T00:00,0.016,µg/m³,PM2.5-10,IC
100111,ROCKY POINT PARK,MSA,2010-08-12T00:00,0.003,µg/m³,PM2.5-10,IC
100111,ROCKY POINT PARK,MSA,2010-08-18T00:00,0.004,µg/m³,PM2.5-10,IC
100111,ROCKY POINT PARK,MSA,2010-08-24T00:00,0.003,µg/m³,PM2.5-10,IC
100111,ROCKY POINT PARK,MSA,2010-08-30T00:00,0.004,µg/m³,PM2.5-10,IC
100111,ROCKY POINT PARK,MSA,2010-09-05T00:00,0.005,µg/m³,PM2.5-10,IC
100111,ROCKY POINT PARK,MSA,2010-09-11T00:00,0.011,µg/m³,PM2.5-10,IC
100111,ROCKY POINT PARK,MSA,2010-09-17T00:00,0.000,µg/m³,PM2.5-10,IC
100111,ROCKY POINT PARK,MSA,2010-09-23T00:00,0.001,µg/m³,PM2.5-10,IC
100111,ROCKY POINT PARK,MSA,2010-09-29T00:00,0.000,µg/m³,PM2.5-10,IC
100111,ROCKY POINT PARK,MSA,2010-10-05T00:00,0.000,µg/m³,PM2.5-10,IC
100111,ROCKY POINT PARK,MSA,2010-10-11T00:00,0.000,µg/m³,PM2.5-10,IC
100111,ROCKY POINT PARK,MSA,2010-10-17T00:00,0.000,µg/m³,PM2.5-10,IC
100111,ROCKY POINT PARK,MSA,2010-10-23T00:00,0.000,µg/m³,PM2.5-10,IC
100111,ROCKY POINT PARK,MSA,2010-10-29T00:00,0.000,µg/m³,PM2.5-10,IC
100111,ROCKY POINT PARK,MSA,2010-11-04T00:00,0.000,µg/m³,PM2.5-10,IC
100111,ROCKY POINT PARK,MSA,2010-11-10T00:00,0.000,µg/m³,PM2.5-10,IC
100111,ROCKY POINT PARK,MSA,2010-11-16T00:00,0.000,µg/m³,PM2.5-10,IC
100111,ROCKY POINT PARK,MSA,2010-11-22T00:00,0.000,µg/m³,PM2.5-10,IC
100111,ROCKY POINT PARK,MSA,2010-11-28T00:00,0.000,µg/m³,PM2.5-10,IC
100111,ROCKY POINT PARK,MSA,2010-12-04T00:00,0.000,µg/m³,PM2.5-10,IC
100111,ROCKY POINT PARK,MSA,2010-12-10T00:00,0.000,µg/m³,PM2.5-10,IC
100111,ROCKY POINT PARK,MSA,2010-12-16T00:00,0.000,µg/m³,PM2.5-10,IC
100111,ROCKY POINT PARK,MSA,2010-12-22T00:00,0.000,µg/m³,PM2.5-10,IC
