﻿NAPS_Site_ID,Station_Name,Pollutant,Date,Value,Units,Report_Type,Method
90230,CALGARY CENTRAL - INGLEWOOD,Decane,2015-04-17T20:00,0.016,µg/m³,VOC,N/A
90230,CALGARY CENTRAL - INGLEWOOD,Decane,2015-04-23T20:00,0.028,µg/m³,VOC,N/A
90230,CALGARY CENTRAL - INGLEWOOD,Decane,2015-04-29T20:00,0.142,µg/m³,VOC,N/A
90230,CALGARY CENTRAL - INGLEWOOD,Decane,2015-05-05T20:00,0.016,µg/m³,VOC,N/A
90230,CALGARY CENTRAL - INGLEWOOD,Decane,2015-05-11T20:00,0.114,µg/m³,VOC,N/A
90230,CALGARY CENTRAL - INGLEWOOD,Decane,2015-05-17T20:00,0.040,µg/m³,VOC,N/A
90230,CALGARY CENTRAL - INGLEWOOD,Decane,2015-05-23T20:00,0.104,µg/m³,VOC,N/A
90230,CALGARY CENTRAL - INGLEWOOD,Decane,2015-05-29T20:00,0.093,µg/m³,VOC,N/A
90230,CALGARY CENTRAL - INGLEWOOD,Decane,2015-06-04T20:00,0.100,µg/m³,VOC,N/A
90230,CALGARY CENTRAL - INGLEWOOD,Decane,2015-06-10T20:00,0.071,µg/m³,VOC,N/A
90230,CALGARY CENTRAL - INGLEWOOD,Decane,2015-06-16T20:00,0.042,µg/m³,VOC,N/A
90230,CALGARY CENTRAL - INGLEWOOD,Decane,2015-06-22T20:00,0.047,µg/m³,VOC,N/A
90230,CALGARY CENTRAL - INGLEWOOD,Decane,2015-06-28T20:00,0.098,µg/m³,VOC,N/A
90230,CALGARY CENTRAL - INGLEWOOD,Decane,2015-07-04T20:00,0.017,µg/m³,VOC,N/A
90230,CALGARY CENTRAL - INGLEWOOD,Decane,2015-07-10T20:00,0.033,µg/m³,VOC,N/A
90230,CALGARY CENTRAL - INGLEWOOD,Decane,2015-07-16T20:00,0.021,µg/m³,VOC,N/A
90230,CALGARY CENTRAL - INGLEWOOD,Decane,2015-07-22T20:00,0.133,µg/m³,VOC,N/A
90230,CALGARY CENTRAL - INGLEWOOD,Decane,2015-07-28T20:00,0.094,µg/m³,VOC,N/A
90230,CALGARY CENTRAL - INGLEWOOD,Decane,2015-08-03T20:00,0.050,µg/m³,VOC,N/A
90230,CALGARY CENTRAL - INGLEWOOD,Decane,2015-08-09T20:00,0.126,µg/m³,VOC,N/A
90230,CALGARY CENTRAL - INGLEWOOD,Decane,2015-08-15T20:00,0.053,µg/m³,VOC,N/A
90230,CALGARY CENTRAL - INGLEWOOD,Decane,2015-08-21T20:00,0.061,µg/m³,VOC,N/A
90230,CALGARY CENTRAL - INGLEWOOD,Decane,2015-08-27T20:00,0.255,µg/m³,VOC,N/A
90230,CALGARY CENTRAL - INGLEWOOD,Decane,2015-09-02T20:00,0.052,µg/m³,VOC,N/A
90230,CALGARY CENTRAL - INGLEWOOD,Decane,2015-09-08T20:00,0.129,µg/m³,VOC,N/A
90230,CALGARY CENTRAL - INGLEWOOD,Decane,2015-09-14T20:00,0.145,µg/m³,VOC,N/A
90230,CALGARY CENTRAL - INGLEWOOD,Decane,2015-09-20T20:00,0.033,µg/m³,VOC,N/A
90230,CALGARY CENTRAL - INGLEWOOD,Decane,2015-09-26T20:00,0.065,µg/m³,VOC,N/A
90230,CALGARY CENTRAL - INGLEWOOD,Decane,2015-10-02T20:00,0.011,µg/m³,VOC,N/A
90230,CALGARY CENTRAL - INGLEWOOD,Decane,2015-10-08T20:00,0.291,µg/m³,VOC,N/A
90230,CALGARY CENTRAL - INGLEWOOD,Decane,2015-10-20T20:00,0.124,µg/m³,VOC,N/A
90230,CALGARY CENTRAL - INGLEWOOD,Decane,2015-10-26T20:00,0.062,µg/m³,VOC,N/A
90230,CALGARY CENTRAL - INGLEWOOD,Decane,2015-11-01T19:00,0.154,µg/m³,VOC,N/A
90230,CALGARY CENTRAL - INGLEWOOD,Decane,2015-11-07T19:00,0.089,µg/m³,VOC,N/A
90230,CALGARY CENTRAL - INGLEWOOD,Decane,2015-11-13T19:00,0.044,µg/m³,VOC,N/A
90230,CALGARY CENTRAL - INGLEWOOD,Decane,2015-11-19T19:00,0.020,µg/m³,VOC,N/A
90230,CALGARY CENTRAL - INGLEWOOD,Decane,2015-12-01T19:00,0.269,µg/m³,VOC,N/A
90230,CALGARY CENTRAL - INGLEWOOD,Decane,2015-12-07T19:00,0.206,µg/m³,VOC,N/A
90230,CALGARY CENTRAL - INGLEWOOD,Decane,2015-12-13T19:00,0.054,µg/m³,VOC,N/A
90230,CALGARY CENTRAL - INGLEWOOD,Decane,2015-12-19T19:00,0.430,µg/m³,VOC,N/A
90230,CALGARY CENTRAL - INGLEWOOD,Decane,2015-12-25T19:00,0.135,µg/m³,VOC,N/A
