﻿NAPS_Site_ID,Station_Name,Pollutant,Date,Value,Units,Report_Type,Method
100119,BURNABY SOUTH,"2,3-Dimethylbutane",2008-01-01T00:00,0.080,µg/m³,VOC,GC-MS
100119,BURNABY SOUTH,"2,3-Dimethylbutane",2008-01-07T00:00,0.106,µg/m³,VOC,GC-MS
100119,BURNABY SOUTH,"2,3-Dimethylbutane",2008-01-13T00:00,0.109,µg/m³,VOC,GC-MS
100119,BURNABY SOUTH,"2,3-Dimethylbutane",2008-01-19T00:00,0.177,µg/m³,VOC,GC-MS
100119,BURNABY SOUTH,"2,3-Dimethylbutane",2008-01-25T00:00,0.239,µg/m³,VOC,GC-MS
100119,BURNABY SOUTH,"2,3-Dimethylbutane",2008-01-31T00:00,0.101,µg/m³,VOC,GC-MS
100119,BURNABY SOUTH,"2,3-Dimethylbutane",2008-02-06T00:00,0.151,µg/m³,VOC,GC-MS
100119,BURNABY SOUTH,"2,3-Dimethylbutane",2008-02-12T00:00,0.192,µg/m³,VOC,GC-MS
100119,BURNABY SOUTH,"2,3-Dimethylbutane",2008-02-18T00:00,0.491,µg/m³,VOC,GC-MS
100119,BURNABY SOUTH,"2,3-Dimethylbutane",2008-02-24T00:00,0.252,µg/m³,VOC,GC-MS
100119,BURNABY SOUTH,"2,3-Dimethylbutane",2008-03-01T00:00,0.157,µg/m³,VOC,GC-MS
100119,BURNABY SOUTH,"2,3-Dimethylbutane",2008-03-07T00:00,0.240,µg/m³,VOC,GC-MS
100119,BURNABY SOUTH,"2,3-Dimethylbutane",2008-03-13T00:00,0.245,µg/m³,VOC,GC-MS
100119,BURNABY SOUTH,"2,3-Dimethylbutane",2008-03-19T00:00,0.128,µg/m³,VOC,GC-MS
100119,BURNABY SOUTH,"2,3-Dimethylbutane",2008-03-25T00:00,0.098,µg/m³,VOC,GC-MS
100119,BURNABY SOUTH,"2,3-Dimethylbutane",2008-03-31T00:00,0.117,µg/m³,VOC,GC-MS
100119,BURNABY SOUTH,"2,3-Dimethylbutane",2008-04-06T00:00,0.062,µg/m³,VOC,GC-MS
100119,BURNABY SOUTH,"2,3-Dimethylbutane",2008-04-12T00:00,0.264,µg/m³,VOC,GC-MS
100119,BURNABY SOUTH,"2,3-Dimethylbutane",2008-04-18T00:00,0.057,µg/m³,VOC,GC-MS
100119,BURNABY SOUTH,"2,3-Dimethylbutane",2008-04-24T00:00,0.060,µg/m³,VOC,GC-MS
100119,BURNABY SOUTH,"2,3-Dimethylbutane",2008-04-30T00:00,0.136,µg/m³,VOC,GC-MS
100119,BURNABY SOUTH,"2,3-Dimethylbutane",2008-05-06T00:00,0.107,µg/m³,VOC,GC-MS
100119,BURNABY SOUTH,"2,3-Dimethylbutane",2008-05-12T00:00,0.092,µg/m³,VOC,GC-MS
100119,BURNABY SOUTH,"2,3-Dimethylbutane",2008-05-18T00:00,0.115,µg/m³,VOC,GC-MS
100119,BURNABY SOUTH,"2,3-Dimethylbutane",2008-05-24T00:00,0.199,µg/m³,VOC,GC-MS
100119,BURNABY SOUTH,"2,3-Dimethylbutane",2008-05-30T00:00,0.127,µg/m³,VOC,GC-MS
100119,BURNABY SOUTH,"2,3-Dimethylbutane",2008-06-05T00:00,0.094,µg/m³,VOC,GC-MS
100119,BURNABY SOUTH,"2,3-Dimethylbutane",2008-06-11T00:00,0.085,µg/m³,VOC,GC-MS
100119,BURNABY SOUTH,"2,3-Dimethylbutane",2008-06-17T00:00,0.070,µg/m³,VOC,GC-MS
100119,BURNABY SOUTH,"2,3-Dimethylbutane",2008-06-23T00:00,0.090,µg/m³,VOC,GC-MS
100119,BURNABY SOUTH,"2,3-Dimethylbutane",2008-07-05T00:00,0.078,µg/m³,VOC,GC-MS
100119,BURNABY SOUTH,"2,3-Dimethylbutane",2008-07-11T00:00,0.214,µg/m³,VOC,GC-MS
100119,BURNABY SOUTH,"2,3-Dimethylbutane",2008-07-17T00:00,0.116,µg/m³,VOC,GC-MS
100119,BURNABY SOUTH,"2,3-Dimethylbutane",2008-07-23T00:00,0.056,µg/m³,VOC,GC-MS
100119,BURNABY SOUTH,"2,3-Dimethylbutane",2008-07-29T00:00,0.130,µg/m³,VOC,GC-MS
100119,BURNABY SOUTH,"2,3-Dimethylbutane",2008-08-04T00:00,0.184,µg/m³,VOC,GC-MS
100119,BURNABY SOUTH,"2,3-Dimethylbutane",2008-08-10T00:00,0.096,µg/m³,VOC,GC-MS
100119,BURNABY SOUTH,"2,3-Dimethylbutane",2008-08-16T00:00,0.360,µg/m³,VOC,GC-MS
100119,BURNABY SOUTH,"2,3-Dimethylbutane",2008-08-22T00:00,0.198,µg/m³,VOC,GC-MS
100119,BURNABY SOUTH,"2,3-Dimethylbutane",2008-08-28T00:00,0.096,µg/m³,VOC,GC-MS
100119,BURNABY SOUTH,"2,3-Dimethylbutane",2008-09-03T00:00,0.211,µg/m³,VOC,GC-MS
100119,BURNABY SOUTH,"2,3-Dimethylbutane",2008-09-09T00:00,0.189,µg/m³,VOC,GC-MS
100119,BURNABY SOUTH,"2,3-Dimethylbutane",2008-09-15T00:00,0.434,µg/m³,VOC,GC-MS
100119,BURNABY SOUTH,"2,3-Dimethylbutane",2008-09-21T00:00,0.118,µg/m³,VOC,GC-MS
100119,BURNABY SOUTH,"2,3-Dimethylbutane",2008-09-27T00:00,0.166,µg/m³,VOC,GC-MS
100119,BURNABY SOUTH,"2,3-Dimethylbutane",2008-10-03T00:00,0.126,µg/m³,VOC,GC-MS
100119,BURNABY SOUTH,"2,3-Dimethylbutane",2008-10-09T00:00,0.303,µg/m³,VOC,GC-MS
100119,BURNABY SOUTH,"2,3-Dimethylbutane",2008-10-15T00:00,0.157,µg/m³,VOC,GC-MS
100119,BURNABY SOUTH,"2,3-Dimethylbutane",2008-10-21T00:00,0.155,µg/m³,VOC,GC-MS
100119,BURNABY SOUTH,"2,3-Dimethylbutane",2008-10-27T00:00,0.393,µg/m³,VOC,GC-MS
100119,BURNABY SOUTH,"2,3-Dimethylbutane",2008-11-02T00:00,0.087,µg/m³,VOC,GC-MS
100119,BURNABY SOUTH,"2,3-Dimethylbutane",2008-11-08T00:00,0.061,µg/m³,VOC,GC-MS
100119,BURNABY SOUTH,"2,3-Dimethylbutane",2008-11-14T00:00,0.157,µg/m³,VOC,GC-MS
100119,BURNABY SOUTH,"2,3-Dimethylbutane",2008-11-20T00:00,0.224,µg/m³,VOC,GC-MS
100119,BURNABY SOUTH,"2,3-Dimethylbutane",2008-11-26T00:00,0.417,µg/m³,VOC,GC-MS
100119,BURNABY SOUTH,"2,3-Dimethylbutane",2008-12-02T00:00,0.169,µg/m³,VOC,GC-MS
100119,BURNABY SOUTH,"2,3-Dimethylbutane",2008-12-08T00:00,0.194,µg/m³,VOC,GC-MS
100119,BURNABY SOUTH,"2,3-Dimethylbutane",2008-12-14T00:00,0.086,µg/m³,VOC,GC-MS
100119,BURNABY SOUTH,"2,3-Dimethylbutane",2008-12-20T00:00,0.100,µg/m³,VOC,GC-MS
100119,BURNABY SOUTH,"2,3-Dimethylbutane",2008-12-26T00:00,0.085,µg/m³,VOC,GC-MS
