﻿NAPS_Site_ID,Station_Name,Pollutant,Date,Value,Units,Report_Type,Method
61602,BRONTE RD. & WOBURN CRES. _OAKVILLE_,Octane,2004-01-04T00:00,0.049,µg/m³,VOC,
61602,BRONTE RD. & WOBURN CRES. _OAKVILLE_,Octane,2004-02-21T00:00,0.391,µg/m³,VOC,
61602,BRONTE RD. & WOBURN CRES. _OAKVILLE_,Octane,2004-03-10T00:00,0.243,µg/m³,VOC,
61602,BRONTE RD. & WOBURN CRES. _OAKVILLE_,Octane,2004-03-16T00:00,0.056,µg/m³,VOC,
61602,BRONTE RD. & WOBURN CRES. _OAKVILLE_,Octane,2004-03-22T00:00,0.127,µg/m³,VOC,
61602,BRONTE RD. & WOBURN CRES. _OAKVILLE_,Octane,2004-05-09T00:00,0.066,µg/m³,VOC,
61602,BRONTE RD. & WOBURN CRES. _OAKVILLE_,Octane,2004-05-15T00:00,0.036,µg/m³,VOC,
61602,BRONTE RD. & WOBURN CRES. _OAKVILLE_,Octane,2004-05-21T00:00,0.204,µg/m³,VOC,
61602,BRONTE RD. & WOBURN CRES. _OAKVILLE_,Octane,2004-05-27T00:00,0.164,µg/m³,VOC,
61602,BRONTE RD. & WOBURN CRES. _OAKVILLE_,Octane,2004-06-02T00:00,0.315,µg/m³,VOC,
61602,BRONTE RD. & WOBURN CRES. _OAKVILLE_,Octane,2004-06-08T00:00,0.770,µg/m³,VOC,
61602,BRONTE RD. & WOBURN CRES. _OAKVILLE_,Octane,2004-06-14T00:00,0.876,µg/m³,VOC,
61602,BRONTE RD. & WOBURN CRES. _OAKVILLE_,Octane,2004-06-20T00:00,0.197,µg/m³,VOC,
61602,BRONTE RD. & WOBURN CRES. _OAKVILLE_,Octane,2004-06-26T00:00,0.279,µg/m³,VOC,
61602,BRONTE RD. & WOBURN CRES. _OAKVILLE_,Octane,2004-07-02T00:00,0.066,µg/m³,VOC,
61602,BRONTE RD. & WOBURN CRES. _OAKVILLE_,Octane,2004-07-08T00:00,0.360,µg/m³,VOC,
61602,BRONTE RD. & WOBURN CRES. _OAKVILLE_,Octane,2004-07-20T00:00,0.700,µg/m³,VOC,
61602,BRONTE RD. & WOBURN CRES. _OAKVILLE_,Octane,2004-07-26T00:00,0.059,µg/m³,VOC,
61602,BRONTE RD. & WOBURN CRES. _OAKVILLE_,Octane,2004-08-01T00:00,0.197,µg/m³,VOC,
61602,BRONTE RD. & WOBURN CRES. _OAKVILLE_,Octane,2004-08-07T00:00,0.078,µg/m³,VOC,
61602,BRONTE RD. & WOBURN CRES. _OAKVILLE_,Octane,2004-08-13T00:00,0.157,µg/m³,VOC,
61602,BRONTE RD. & WOBURN CRES. _OAKVILLE_,Octane,2004-08-19T00:00,0.244,µg/m³,VOC,
61602,BRONTE RD. & WOBURN CRES. _OAKVILLE_,Octane,2004-08-25T00:00,0.089,µg/m³,VOC,
61602,BRONTE RD. & WOBURN CRES. _OAKVILLE_,Octane,2004-08-31T00:00,0.177,µg/m³,VOC,
61602,BRONTE RD. & WOBURN CRES. _OAKVILLE_,Octane,2004-09-06T00:00,0.019,µg/m³,VOC,
61602,BRONTE RD. & WOBURN CRES. _OAKVILLE_,Octane,2004-09-24T00:00,0.422,µg/m³,VOC,
61602,BRONTE RD. & WOBURN CRES. _OAKVILLE_,Octane,2004-09-30T00:00,0.214,µg/m³,VOC,
61602,BRONTE RD. & WOBURN CRES. _OAKVILLE_,Octane,2004-10-06T00:00,0.745,µg/m³,VOC,
61602,BRONTE RD. & WOBURN CRES. _OAKVILLE_,Octane,2004-10-12T00:00,0.306,µg/m³,VOC,
61602,BRONTE RD. & WOBURN CRES. _OAKVILLE_,Octane,2004-10-18T00:00,0.426,µg/m³,VOC,
61602,BRONTE RD. & WOBURN CRES. _OAKVILLE_,Octane,2004-10-24T00:00,0.086,µg/m³,VOC,
61602,BRONTE RD. & WOBURN CRES. _OAKVILLE_,Octane,2004-10-30T00:00,0.290,µg/m³,VOC,
61602,BRONTE RD. & WOBURN CRES. _OAKVILLE_,Octane,2004-11-05T00:00,0.183,µg/m³,VOC,
61602,BRONTE RD. & WOBURN CRES. _OAKVILLE_,Octane,2004-11-11T00:00,0.480,µg/m³,VOC,
61602,BRONTE RD. & WOBURN CRES. _OAKVILLE_,Octane,2004-11-17T00:00,0.726,µg/m³,VOC,
61602,BRONTE RD. & WOBURN CRES. _OAKVILLE_,Octane,2004-11-23T00:00,0.539,µg/m³,VOC,
61602,BRONTE RD. & WOBURN CRES. _OAKVILLE_,Octane,2004-11-29T00:00,0.454,µg/m³,VOC,
61602,BRONTE RD. & WOBURN CRES. _OAKVILLE_,Octane,2004-12-05T00:00,0.018,µg/m³,VOC,
61602,BRONTE RD. & WOBURN CRES. _OAKVILLE_,Octane,2004-12-11T00:00,0.075,µg/m³,VOC,
61602,BRONTE RD. & WOBURN CRES. _OAKVILLE_,Octane,2004-12-17T00:00,0.140,µg/m³,VOC,
61602,BRONTE RD. & WOBURN CRES. _OAKVILLE_,Octane,2004-12-23T00:00,0.135,µg/m³,VOC,
61602,BRONTE RD. & WOBURN CRES. _OAKVILLE_,Octane,2004-12-29T00:00,0.443,µg/m³,VOC,
