﻿NAPS_Site_ID,Station_Name,Pollutant,Date,Value,Units,Report_Type,Method
100133,BURMOUNT,Chlorobenzene,1991-02-11T00:00,0.096,µg/m³,VOC,
100133,BURMOUNT,Chlorobenzene,1991-02-23T00:00,0.124,µg/m³,VOC,
100133,BURMOUNT,Chlorobenzene,1991-03-13T00:00,0.088,µg/m³,VOC,
100133,BURMOUNT,Chlorobenzene,1991-03-25T00:00,0.098,µg/m³,VOC,
100133,BURMOUNT,Chlorobenzene,1991-04-06T00:00,0.088,µg/m³,VOC,
100133,BURMOUNT,Chlorobenzene,1991-06-29T00:00,0.097,µg/m³,VOC,
100133,BURMOUNT,Chlorobenzene,1991-07-23T00:00,0.265,µg/m³,VOC,
100133,BURMOUNT,Chlorobenzene,1991-08-16T00:00,0.230,µg/m³,VOC,
100133,BURMOUNT,Chlorobenzene,1991-08-28T00:00,0.000,µg/m³,VOC,
100133,BURMOUNT,Chlorobenzene,1991-09-15T00:00,0.182,µg/m³,VOC,
100133,BURMOUNT,Chlorobenzene,1991-10-15T00:00,0.091,µg/m³,VOC,
