﻿NAPS_Site_ID,Station_Name,Pollutant,Date,Value,Units,Report_Type,Method
60512,BEASLEY PARK _HAMILTON_DOWNTOWN_,12378-P5CDD,2005-03-23T00:00,0.006,pg/m³,PCDD,
60512,BEASLEY PARK _HAMILTON_DOWNTOWN_,12378-P5CDD,2005-04-16T00:00,0.011,pg/m³,PCDD,
60512,BEASLEY PARK _HAMILTON_DOWNTOWN_,12378-P5CDD,2005-05-10T00:00,0.013,pg/m³,PCDD,
60512,BEASLEY PARK _HAMILTON_DOWNTOWN_,12378-P5CDD,2005-06-03T00:00,0.005,pg/m³,PCDD,
60512,BEASLEY PARK _HAMILTON_DOWNTOWN_,12378-P5CDD,2005-06-27T00:00,0.009,pg/m³,PCDD,
60512,BEASLEY PARK _HAMILTON_DOWNTOWN_,12378-P5CDD,2005-07-21T00:00,0.007,pg/m³,PCDD,
60512,BEASLEY PARK _HAMILTON_DOWNTOWN_,12378-P5CDD,2005-08-14T00:00,0.022,pg/m³,PCDD,
60512,BEASLEY PARK _HAMILTON_DOWNTOWN_,12378-P5CDD,2005-10-01T00:00,0.006,pg/m³,PCDD,
60512,BEASLEY PARK _HAMILTON_DOWNTOWN_,12378-P5CDD,2005-11-18T00:00,0.010,pg/m³,PCDD,
60512,BEASLEY PARK _HAMILTON_DOWNTOWN_,12378-P5CDD,2005-12-12T00:00,0.006,pg/m³,PCDD,
