﻿NAPS_Site_ID,Station_Name,Pollutant,Date,Value,Units,Report_Type,Method
50104,ONTARIO,p-Cymene,2007-01-18T00:00,0.045,µg/m³,VOC,N/A
50104,ONTARIO,p-Cymene,2007-01-24T00:00,0.139,µg/m³,VOC,N/A
50104,ONTARIO,p-Cymene,2007-01-30T00:00,0.055,µg/m³,VOC,N/A
50104,ONTARIO,p-Cymene,2007-02-05T00:00,0.131,µg/m³,VOC,N/A
50104,ONTARIO,p-Cymene,2007-02-11T00:00,0.113,µg/m³,VOC,N/A
50104,ONTARIO,p-Cymene,2007-02-17T00:00,0.154,µg/m³,VOC,N/A
50104,ONTARIO,p-Cymene,2007-02-23T00:00,0.126,µg/m³,VOC,N/A
50104,ONTARIO,p-Cymene,2007-03-01T00:00,0.138,µg/m³,VOC,N/A
50104,ONTARIO,p-Cymene,2007-03-07T00:00,0.120,µg/m³,VOC,N/A
50104,ONTARIO,p-Cymene,2007-03-13T00:00,0.168,µg/m³,VOC,N/A
50104,ONTARIO,p-Cymene,2007-03-19T00:00,0.110,µg/m³,VOC,N/A
50104,ONTARIO,p-Cymene,2007-03-25T00:00,0.173,µg/m³,VOC,N/A
50104,ONTARIO,p-Cymene,2007-03-31T00:00,0.074,µg/m³,VOC,N/A
50104,ONTARIO,p-Cymene,2007-04-06T00:00,0.072,µg/m³,VOC,N/A
50104,ONTARIO,p-Cymene,2007-04-12T00:00,0.163,µg/m³,VOC,N/A
50104,ONTARIO,p-Cymene,2007-04-18T00:00,0.104,µg/m³,VOC,N/A
50104,ONTARIO,p-Cymene,2007-04-24T00:00,0.241,µg/m³,VOC,N/A
50104,ONTARIO,p-Cymene,2007-04-30T00:00,0.479,µg/m³,VOC,N/A
50104,ONTARIO,p-Cymene,2007-05-06T00:00,0.465,µg/m³,VOC,N/A
50104,ONTARIO,p-Cymene,2007-05-24T00:00,0.548,µg/m³,VOC,N/A
50104,ONTARIO,p-Cymene,2007-05-30T00:00,0.443,µg/m³,VOC,N/A
50104,ONTARIO,p-Cymene,2007-06-05T00:00,0.379,µg/m³,VOC,N/A
50104,ONTARIO,p-Cymene,2007-06-11T00:00,0.260,µg/m³,VOC,N/A
50104,ONTARIO,p-Cymene,2007-06-17T00:00,0.299,µg/m³,VOC,N/A
50104,ONTARIO,p-Cymene,2007-06-23T00:00,0.323,µg/m³,VOC,N/A
50104,ONTARIO,p-Cymene,2007-06-29T00:00,0.231,µg/m³,VOC,N/A
50104,ONTARIO,p-Cymene,2007-07-05T00:00,0.096,µg/m³,VOC,N/A
50104,ONTARIO,p-Cymene,2007-07-11T00:00,0.059,µg/m³,VOC,N/A
50104,ONTARIO,p-Cymene,2007-07-17T00:00,0.091,µg/m³,VOC,N/A
50104,ONTARIO,p-Cymene,2007-07-23T00:00,0.195,µg/m³,VOC,N/A
50104,ONTARIO,p-Cymene,2007-07-29T00:00,0.361,µg/m³,VOC,N/A
50104,ONTARIO,p-Cymene,2007-08-04T00:00,0.366,µg/m³,VOC,N/A
50104,ONTARIO,p-Cymene,2007-08-10T00:00,0.461,µg/m³,VOC,N/A
50104,ONTARIO,p-Cymene,2007-08-22T00:00,0.079,µg/m³,VOC,N/A
50104,ONTARIO,p-Cymene,2007-09-09T00:00,0.121,µg/m³,VOC,N/A
50104,ONTARIO,p-Cymene,2007-09-21T00:00,0.132,µg/m³,VOC,N/A
50104,ONTARIO,p-Cymene,2007-10-03T00:00,0.026,µg/m³,VOC,N/A
50104,ONTARIO,p-Cymene,2007-10-21T00:00,0.018,µg/m³,VOC,N/A
50104,ONTARIO,p-Cymene,2007-10-27T00:00,0.022,µg/m³,VOC,N/A
50104,ONTARIO,p-Cymene,2007-11-02T00:00,0.027,µg/m³,VOC,N/A
50104,ONTARIO,p-Cymene,2007-11-08T00:00,0.023,µg/m³,VOC,N/A
50104,ONTARIO,p-Cymene,2007-11-14T00:00,0.058,µg/m³,VOC,N/A
50104,ONTARIO,p-Cymene,2007-11-20T00:00,0.049,µg/m³,VOC,N/A
50104,ONTARIO,p-Cymene,2007-11-26T00:00,0.049,µg/m³,VOC,N/A
50104,ONTARIO,p-Cymene,2007-12-02T00:00,0.014,µg/m³,VOC,N/A
50104,ONTARIO,p-Cymene,2007-12-08T00:00,0.027,µg/m³,VOC,N/A
50104,ONTARIO,p-Cymene,2007-12-14T00:00,0.027,µg/m³,VOC,N/A
50104,ONTARIO,p-Cymene,2007-12-20T00:00,0.021,µg/m³,VOC,N/A
50104,ONTARIO,p-Cymene,2007-12-26T00:00,0.020,µg/m³,VOC,N/A
