﻿NAPS_Site_ID,Station_Name,Pollutant,Date,Value,Units,Report_Type,Method
65501,BURNT ISLAND,13C12-TCDD,2006-01-05T00:00,92.000,pg/m³,PCDD,
65501,BURNT ISLAND,13C12-TCDD,2006-01-29T00:00,93.000,pg/m³,PCDD,
65501,BURNT ISLAND,13C12-TCDD,2006-03-18T00:00,82.000,pg/m³,PCDD,
65501,BURNT ISLAND,13C12-TCDD,2006-04-11T00:00,87.000,pg/m³,PCDD,
65501,BURNT ISLAND,13C12-TCDD,2006-05-05T00:00,95.000,pg/m³,PCDD,
65501,BURNT ISLAND,13C12-TCDD,2006-09-02T00:00,88.000,pg/m³,PCDD,
65501,BURNT ISLAND,13C12-TCDD,2006-09-26T00:00,87.000,pg/m³,PCDD,
65501,BURNT ISLAND,13C12-TCDD,2006-10-20T00:00,88.000,pg/m³,PCDD,
65501,BURNT ISLAND,13C12-TCDD,2006-12-07T00:00,120.000,pg/m³,PCDD,
