﻿NAPS_Site_ID,Station_Name,Pollutant,Date,Value,Units,Report_Type,Method
100133,BURMOUNT,Acetylene,2008-01-01T00:00,0.866,µg/m³,VOC,
100133,BURMOUNT,Acetylene,2008-01-07T00:00,0.574,µg/m³,VOC,
100133,BURMOUNT,Acetylene,2008-01-14T00:00,0.546,µg/m³,VOC,
100133,BURMOUNT,Acetylene,2008-01-19T00:00,0.867,µg/m³,VOC,
100133,BURMOUNT,Acetylene,2008-01-25T00:00,1.586,µg/m³,VOC,
100133,BURMOUNT,Acetylene,2008-01-31T00:00,0.769,µg/m³,VOC,
100133,BURMOUNT,Acetylene,2008-02-12T00:00,1.115,µg/m³,VOC,
100133,BURMOUNT,Acetylene,2008-02-24T00:00,0.890,µg/m³,VOC,
100133,BURMOUNT,Acetylene,2008-03-01T00:00,0.655,µg/m³,VOC,
100133,BURMOUNT,Acetylene,2008-03-07T00:00,0.795,µg/m³,VOC,
100133,BURMOUNT,Acetylene,2008-03-13T00:00,0.921,µg/m³,VOC,
100133,BURMOUNT,Acetylene,2008-03-19T00:00,0.586,µg/m³,VOC,
100133,BURMOUNT,Acetylene,2008-04-06T00:00,0.424,µg/m³,VOC,
100133,BURMOUNT,Acetylene,2008-04-12T00:00,1.024,µg/m³,VOC,
100133,BURMOUNT,Acetylene,2008-04-24T00:00,0.601,µg/m³,VOC,
100133,BURMOUNT,Acetylene,2008-04-30T00:00,0.637,µg/m³,VOC,
100133,BURMOUNT,Acetylene,2008-05-06T00:00,0.579,µg/m³,VOC,
100133,BURMOUNT,Acetylene,2008-05-12T00:00,0.490,µg/m³,VOC,
100133,BURMOUNT,Acetylene,2008-05-18T00:00,0.380,µg/m³,VOC,
100133,BURMOUNT,Acetylene,2008-05-24T00:00,0.698,µg/m³,VOC,
100133,BURMOUNT,Acetylene,2008-05-30T00:00,0.329,µg/m³,VOC,
100133,BURMOUNT,Acetylene,2008-06-05T00:00,0.278,µg/m³,VOC,
100133,BURMOUNT,Acetylene,2008-06-11T00:00,0.380,µg/m³,VOC,
100133,BURMOUNT,Acetylene,2008-06-17T00:00,0.427,µg/m³,VOC,
100133,BURMOUNT,Acetylene,2008-06-29T00:00,0.404,µg/m³,VOC,
100133,BURMOUNT,Acetylene,2008-07-05T00:00,0.215,µg/m³,VOC,
100133,BURMOUNT,Acetylene,2008-07-11T00:00,0.333,µg/m³,VOC,
100133,BURMOUNT,Acetylene,2008-07-17T00:00,0.250,µg/m³,VOC,
100133,BURMOUNT,Acetylene,2008-07-23T00:00,0.190,µg/m³,VOC,
100133,BURMOUNT,Acetylene,2008-08-04T00:00,0.336,µg/m³,VOC,
100133,BURMOUNT,Acetylene,2008-08-10T00:00,0.160,µg/m³,VOC,
100133,BURMOUNT,Acetylene,2008-08-16T00:00,0.587,µg/m³,VOC,
100133,BURMOUNT,Acetylene,2008-08-22T00:00,0.526,µg/m³,VOC,
100133,BURMOUNT,Acetylene,2008-08-28T00:00,0.327,µg/m³,VOC,
100133,BURMOUNT,Acetylene,2008-09-03T00:00,0.601,µg/m³,VOC,
100133,BURMOUNT,Acetylene,2008-11-02T00:00,0.358,µg/m³,VOC,
100133,BURMOUNT,Acetylene,2008-11-08T00:00,0.271,µg/m³,VOC,
100133,BURMOUNT,Acetylene,2008-11-14T00:00,0.640,µg/m³,VOC,
100133,BURMOUNT,Acetylene,2008-11-20T00:00,0.636,µg/m³,VOC,
100133,BURMOUNT,Acetylene,2008-11-26T00:00,1.142,µg/m³,VOC,
100133,BURMOUNT,Acetylene,2008-12-02T00:00,0.993,µg/m³,VOC,
100133,BURMOUNT,Acetylene,2008-12-08T00:00,1.082,µg/m³,VOC,
100133,BURMOUNT,Acetylene,2008-12-14T00:00,0.239,µg/m³,VOC,
100133,BURMOUNT,Acetylene,2008-12-20T00:00,1.312,µg/m³,VOC,
