﻿NAPS_Site_ID,Station_Name,Pollutant,Date,Value,Units,Report_Type,Method
54102,ROUND TOP RIDGE,Chloromethane,2004-01-01T00:00,1.234,µg/m³,VOC,N/A
54102,ROUND TOP RIDGE,Chloromethane,2004-01-04T00:00,1.010,µg/m³,VOC,N/A
54102,ROUND TOP RIDGE,Chloromethane,2004-01-07T00:00,1.056,µg/m³,VOC,N/A
54102,ROUND TOP RIDGE,Chloromethane,2004-01-13T00:00,1.056,µg/m³,VOC,N/A
54102,ROUND TOP RIDGE,Chloromethane,2004-01-16T00:00,1.053,µg/m³,VOC,N/A
54102,ROUND TOP RIDGE,Chloromethane,2004-01-19T00:00,1.054,µg/m³,VOC,N/A
54102,ROUND TOP RIDGE,Chloromethane,2004-01-22T00:00,1.076,µg/m³,VOC,N/A
54102,ROUND TOP RIDGE,Chloromethane,2004-01-25T00:00,1.084,µg/m³,VOC,N/A
54102,ROUND TOP RIDGE,Chloromethane,2004-01-28T00:00,1.084,µg/m³,VOC,N/A
54102,ROUND TOP RIDGE,Chloromethane,2004-01-31T00:00,1.084,µg/m³,VOC,N/A
54102,ROUND TOP RIDGE,Chloromethane,2004-02-03T00:00,1.101,µg/m³,VOC,N/A
54102,ROUND TOP RIDGE,Chloromethane,2004-02-06T00:00,1.139,µg/m³,VOC,N/A
54102,ROUND TOP RIDGE,Chloromethane,2004-02-09T00:00,1.111,µg/m³,VOC,N/A
54102,ROUND TOP RIDGE,Chloromethane,2004-02-12T00:00,1.104,µg/m³,VOC,N/A
54102,ROUND TOP RIDGE,Chloromethane,2004-02-15T00:00,1.130,µg/m³,VOC,N/A
54102,ROUND TOP RIDGE,Chloromethane,2004-02-18T00:00,1.062,µg/m³,VOC,N/A
54102,ROUND TOP RIDGE,Chloromethane,2004-02-21T00:00,1.054,µg/m³,VOC,N/A
54102,ROUND TOP RIDGE,Chloromethane,2004-02-24T00:00,1.052,µg/m³,VOC,N/A
54102,ROUND TOP RIDGE,Chloromethane,2004-02-27T00:00,1.089,µg/m³,VOC,N/A
54102,ROUND TOP RIDGE,Chloromethane,2004-03-01T00:00,1.075,µg/m³,VOC,N/A
54102,ROUND TOP RIDGE,Chloromethane,2004-03-04T00:00,1.037,µg/m³,VOC,N/A
54102,ROUND TOP RIDGE,Chloromethane,2004-03-07T00:00,1.063,µg/m³,VOC,N/A
54102,ROUND TOP RIDGE,Chloromethane,2004-03-10T00:00,1.056,µg/m³,VOC,N/A
54102,ROUND TOP RIDGE,Chloromethane,2004-03-13T00:00,1.179,µg/m³,VOC,N/A
54102,ROUND TOP RIDGE,Chloromethane,2004-03-16T00:00,1.206,µg/m³,VOC,N/A
54102,ROUND TOP RIDGE,Chloromethane,2004-03-19T00:00,1.216,µg/m³,VOC,N/A
54102,ROUND TOP RIDGE,Chloromethane,2004-03-25T00:00,1.217,µg/m³,VOC,N/A
54102,ROUND TOP RIDGE,Chloromethane,2004-03-28T00:00,1.196,µg/m³,VOC,N/A
54102,ROUND TOP RIDGE,Chloromethane,2004-03-31T00:00,1.163,µg/m³,VOC,N/A
54102,ROUND TOP RIDGE,Chloromethane,2004-04-03T00:00,1.206,µg/m³,VOC,N/A
54102,ROUND TOP RIDGE,Chloromethane,2004-04-15T00:00,1.264,µg/m³,VOC,N/A
54102,ROUND TOP RIDGE,Chloromethane,2004-04-18T00:00,1.271,µg/m³,VOC,N/A
54102,ROUND TOP RIDGE,Chloromethane,2004-04-21T00:00,1.252,µg/m³,VOC,N/A
54102,ROUND TOP RIDGE,Chloromethane,2004-04-24T00:00,1.234,µg/m³,VOC,N/A
54102,ROUND TOP RIDGE,Chloromethane,2004-04-27T00:00,1.265,µg/m³,VOC,N/A
54102,ROUND TOP RIDGE,Chloromethane,2004-04-30T00:00,1.254,µg/m³,VOC,N/A
54102,ROUND TOP RIDGE,Chloromethane,2004-05-03T00:00,1.256,µg/m³,VOC,N/A
54102,ROUND TOP RIDGE,Chloromethane,2004-05-06T00:00,1.254,µg/m³,VOC,N/A
54102,ROUND TOP RIDGE,Chloromethane,2004-05-09T00:00,1.281,µg/m³,VOC,N/A
54102,ROUND TOP RIDGE,Chloromethane,2004-05-12T00:00,1.250,µg/m³,VOC,N/A
54102,ROUND TOP RIDGE,Chloromethane,2004-05-15T00:00,1.311,µg/m³,VOC,N/A
54102,ROUND TOP RIDGE,Chloromethane,2004-05-18T00:00,1.332,µg/m³,VOC,N/A
54102,ROUND TOP RIDGE,Chloromethane,2004-05-21T00:00,1.252,µg/m³,VOC,N/A
54102,ROUND TOP RIDGE,Chloromethane,2004-05-24T00:00,1.295,µg/m³,VOC,N/A
54102,ROUND TOP RIDGE,Chloromethane,2004-05-27T00:00,1.185,µg/m³,VOC,N/A
54102,ROUND TOP RIDGE,Chloromethane,2004-05-30T00:00,1.279,µg/m³,VOC,N/A
54102,ROUND TOP RIDGE,Chloromethane,2004-06-05T00:00,1.452,µg/m³,VOC,N/A
54102,ROUND TOP RIDGE,Chloromethane,2004-06-08T00:00,1.270,µg/m³,VOC,N/A
54102,ROUND TOP RIDGE,Chloromethane,2004-06-11T00:00,1.216,µg/m³,VOC,N/A
54102,ROUND TOP RIDGE,Chloromethane,2004-06-14T00:00,1.275,µg/m³,VOC,N/A
54102,ROUND TOP RIDGE,Chloromethane,2004-06-17T00:00,1.184,µg/m³,VOC,N/A
54102,ROUND TOP RIDGE,Chloromethane,2004-06-20T00:00,1.197,µg/m³,VOC,N/A
54102,ROUND TOP RIDGE,Chloromethane,2004-06-23T00:00,1.170,µg/m³,VOC,N/A
54102,ROUND TOP RIDGE,Chloromethane,2004-06-26T00:00,1.143,µg/m³,VOC,N/A
54102,ROUND TOP RIDGE,Chloromethane,2004-06-29T00:00,1.135,µg/m³,VOC,N/A
54102,ROUND TOP RIDGE,Chloromethane,2004-07-02T00:00,1.156,µg/m³,VOC,N/A
54102,ROUND TOP RIDGE,Chloromethane,2004-07-05T00:00,1.210,µg/m³,VOC,N/A
54102,ROUND TOP RIDGE,Chloromethane,2004-07-08T00:00,1.052,µg/m³,VOC,N/A
54102,ROUND TOP RIDGE,Chloromethane,2004-07-11T00:00,1.179,µg/m³,VOC,N/A
54102,ROUND TOP RIDGE,Chloromethane,2004-07-14T00:00,1.186,µg/m³,VOC,N/A
54102,ROUND TOP RIDGE,Chloromethane,2004-07-17T00:00,1.173,µg/m³,VOC,N/A
54102,ROUND TOP RIDGE,Chloromethane,2004-07-20T00:00,1.212,µg/m³,VOC,N/A
54102,ROUND TOP RIDGE,Chloromethane,2004-07-23T00:00,1.223,µg/m³,VOC,N/A
54102,ROUND TOP RIDGE,Chloromethane,2004-07-26T00:00,1.116,µg/m³,VOC,N/A
54102,ROUND TOP RIDGE,Chloromethane,2004-07-29T00:00,1.212,µg/m³,VOC,N/A
54102,ROUND TOP RIDGE,Chloromethane,2004-08-01T00:00,1.245,µg/m³,VOC,N/A
54102,ROUND TOP RIDGE,Chloromethane,2004-08-04T00:00,1.189,µg/m³,VOC,N/A
54102,ROUND TOP RIDGE,Chloromethane,2004-08-07T00:00,1.163,µg/m³,VOC,N/A
54102,ROUND TOP RIDGE,Chloromethane,2004-08-10T00:00,1.166,µg/m³,VOC,N/A
54102,ROUND TOP RIDGE,Chloromethane,2004-08-13T00:00,1.261,µg/m³,VOC,N/A
54102,ROUND TOP RIDGE,Chloromethane,2004-08-16T00:00,1.122,µg/m³,VOC,N/A
54102,ROUND TOP RIDGE,Chloromethane,2004-08-19T00:00,1.061,µg/m³,VOC,N/A
54102,ROUND TOP RIDGE,Chloromethane,2004-08-28T00:00,1.314,µg/m³,VOC,N/A
54102,ROUND TOP RIDGE,Chloromethane,2004-08-31T00:00,1.206,µg/m³,VOC,N/A
54102,ROUND TOP RIDGE,Chloromethane,2004-09-03T00:00,1.191,µg/m³,VOC,N/A
54102,ROUND TOP RIDGE,Chloromethane,2004-09-06T00:00,1.181,µg/m³,VOC,N/A
54102,ROUND TOP RIDGE,Chloromethane,2004-09-09T00:00,1.155,µg/m³,VOC,N/A
54102,ROUND TOP RIDGE,Chloromethane,2004-09-12T00:00,1.019,µg/m³,VOC,N/A
54102,ROUND TOP RIDGE,Chloromethane,2004-09-15T00:00,1.021,µg/m³,VOC,N/A
54102,ROUND TOP RIDGE,Chloromethane,2004-09-18T00:00,0.939,µg/m³,VOC,N/A
54102,ROUND TOP RIDGE,Chloromethane,2004-09-21T00:00,0.990,µg/m³,VOC,N/A
54102,ROUND TOP RIDGE,Chloromethane,2004-09-24T00:00,0.971,µg/m³,VOC,N/A
54102,ROUND TOP RIDGE,Chloromethane,2004-09-27T00:00,1.016,µg/m³,VOC,N/A
54102,ROUND TOP RIDGE,Chloromethane,2004-09-30T00:00,0.980,µg/m³,VOC,N/A
54102,ROUND TOP RIDGE,Chloromethane,2004-10-03T00:00,0.972,µg/m³,VOC,N/A
54102,ROUND TOP RIDGE,Chloromethane,2004-10-06T00:00,0.970,µg/m³,VOC,N/A
54102,ROUND TOP RIDGE,Chloromethane,2004-10-09T00:00,1.055,µg/m³,VOC,N/A
54102,ROUND TOP RIDGE,Chloromethane,2004-10-12T00:00,0.996,µg/m³,VOC,N/A
54102,ROUND TOP RIDGE,Chloromethane,2004-10-15T00:00,1.080,µg/m³,VOC,N/A
54102,ROUND TOP RIDGE,Chloromethane,2004-10-18T00:00,0.944,µg/m³,VOC,N/A
54102,ROUND TOP RIDGE,Chloromethane,2004-10-21T00:00,0.953,µg/m³,VOC,N/A
54102,ROUND TOP RIDGE,Chloromethane,2004-10-24T00:00,1.015,µg/m³,VOC,N/A
54102,ROUND TOP RIDGE,Chloromethane,2004-10-27T00:00,0.946,µg/m³,VOC,N/A
54102,ROUND TOP RIDGE,Chloromethane,2004-10-30T00:00,1.017,µg/m³,VOC,N/A
54102,ROUND TOP RIDGE,Chloromethane,2004-11-02T00:00,0.959,µg/m³,VOC,N/A
54102,ROUND TOP RIDGE,Chloromethane,2004-11-05T00:00,0.876,µg/m³,VOC,N/A
54102,ROUND TOP RIDGE,Chloromethane,2004-11-08T00:00,0.915,µg/m³,VOC,N/A
54102,ROUND TOP RIDGE,Chloromethane,2004-11-11T00:00,0.936,µg/m³,VOC,N/A
54102,ROUND TOP RIDGE,Chloromethane,2004-11-14T00:00,0.959,µg/m³,VOC,N/A
54102,ROUND TOP RIDGE,Chloromethane,2004-11-17T00:00,1.000,µg/m³,VOC,N/A
54102,ROUND TOP RIDGE,Chloromethane,2004-11-20T00:00,1.000,µg/m³,VOC,N/A
54102,ROUND TOP RIDGE,Chloromethane,2004-11-23T00:00,0.970,µg/m³,VOC,N/A
54102,ROUND TOP RIDGE,Chloromethane,2004-11-26T00:00,0.958,µg/m³,VOC,N/A
54102,ROUND TOP RIDGE,Chloromethane,2004-11-29T00:00,1.037,µg/m³,VOC,N/A
54102,ROUND TOP RIDGE,Chloromethane,2004-12-02T00:00,0.999,µg/m³,VOC,N/A
54102,ROUND TOP RIDGE,Chloromethane,2004-12-05T00:00,0.981,µg/m³,VOC,N/A
54102,ROUND TOP RIDGE,Chloromethane,2004-12-08T00:00,0.969,µg/m³,VOC,N/A
54102,ROUND TOP RIDGE,Chloromethane,2004-12-11T00:00,1.027,µg/m³,VOC,N/A
54102,ROUND TOP RIDGE,Chloromethane,2004-12-14T00:00,1.045,µg/m³,VOC,N/A
54102,ROUND TOP RIDGE,Chloromethane,2004-12-17T00:00,1.023,µg/m³,VOC,N/A
54102,ROUND TOP RIDGE,Chloromethane,2004-12-20T00:00,1.028,µg/m³,VOC,N/A
54102,ROUND TOP RIDGE,Chloromethane,2004-12-23T00:00,1.095,µg/m³,VOC,N/A
54102,ROUND TOP RIDGE,Chloromethane,2004-12-26T00:00,1.038,µg/m³,VOC,N/A
54102,ROUND TOP RIDGE,Chloromethane,2004-12-29T00:00,1.092,µg/m³,VOC,N/A
