﻿NAPS_Site_ID,Station_Name,Pollutant,Date,Value,Units,Report_Type,Method
62601,EXPERIMENTAL FARM _SIMCOE_,Oxalate,2015-01-03T00:00,0.032,µg/m³,PM2.5,IC
62601,EXPERIMENTAL FARM _SIMCOE_,Oxalate,2015-01-06T00:00,0.000,µg/m³,PM2.5,IC
62601,EXPERIMENTAL FARM _SIMCOE_,Oxalate,2015-01-09T00:00,0.000,µg/m³,PM2.5,IC
62601,EXPERIMENTAL FARM _SIMCOE_,Oxalate,2015-01-12T00:00,0.031,µg/m³,PM2.5,IC
62601,EXPERIMENTAL FARM _SIMCOE_,Oxalate,2015-01-15T00:00,0.018,µg/m³,PM2.5,IC
62601,EXPERIMENTAL FARM _SIMCOE_,Oxalate,2015-01-18T00:00,0.027,µg/m³,PM2.5,IC
62601,EXPERIMENTAL FARM _SIMCOE_,Oxalate,2015-01-24T00:00,0.041,µg/m³,PM2.5,IC
62601,EXPERIMENTAL FARM _SIMCOE_,Oxalate,2015-01-27T00:00,0.015,µg/m³,PM2.5,IC
62601,EXPERIMENTAL FARM _SIMCOE_,Oxalate,2015-02-11T00:00,0.019,µg/m³,PM2.5,IC
62601,EXPERIMENTAL FARM _SIMCOE_,Oxalate,2015-02-14T00:00,0.014,µg/m³,PM2.5,IC
62601,EXPERIMENTAL FARM _SIMCOE_,Oxalate,2015-02-17T00:00,0.016,µg/m³,PM2.5,IC
62601,EXPERIMENTAL FARM _SIMCOE_,Oxalate,2015-02-20T00:00,0.000,µg/m³,PM2.5,IC
62601,EXPERIMENTAL FARM _SIMCOE_,Oxalate,2015-02-23T00:00,0.027,µg/m³,PM2.5,IC
62601,EXPERIMENTAL FARM _SIMCOE_,Oxalate,2015-02-26T00:00,0.014,µg/m³,PM2.5,IC
62601,EXPERIMENTAL FARM _SIMCOE_,Oxalate,2015-03-01T00:00,0.103,µg/m³,PM2.5,IC
62601,EXPERIMENTAL FARM _SIMCOE_,Oxalate,2015-03-04T00:00,0.000,µg/m³,PM2.5,IC
62601,EXPERIMENTAL FARM _SIMCOE_,Oxalate,2015-03-07T00:00,0.116,µg/m³,PM2.5,IC
62601,EXPERIMENTAL FARM _SIMCOE_,Oxalate,2015-03-10T00:00,0.154,µg/m³,PM2.5,IC
62601,EXPERIMENTAL FARM _SIMCOE_,Oxalate,2015-03-25T00:00,0.080,µg/m³,PM2.5,IC
62601,EXPERIMENTAL FARM _SIMCOE_,Oxalate,2015-03-28T00:00,0.015,µg/m³,PM2.5,IC
62601,EXPERIMENTAL FARM _SIMCOE_,Oxalate,2015-03-31T00:00,0.028,µg/m³,PM2.5,IC
62601,EXPERIMENTAL FARM _SIMCOE_,Oxalate,2015-04-03T00:00,0.089,µg/m³,PM2.5,IC
62601,EXPERIMENTAL FARM _SIMCOE_,Oxalate,2015-04-06T00:00,0.072,µg/m³,PM2.5,IC
62601,EXPERIMENTAL FARM _SIMCOE_,Oxalate,2015-04-09T00:00,0.033,µg/m³,PM2.5,IC
62601,EXPERIMENTAL FARM _SIMCOE_,Oxalate,2015-04-15T00:00,0.036,µg/m³,PM2.5,IC
62601,EXPERIMENTAL FARM _SIMCOE_,Oxalate,2015-04-18T00:00,0.088,µg/m³,PM2.5,IC
62601,EXPERIMENTAL FARM _SIMCOE_,Oxalate,2015-04-21T00:00,0.034,µg/m³,PM2.5,IC
62601,EXPERIMENTAL FARM _SIMCOE_,Oxalate,2015-04-24T00:00,0.026,µg/m³,PM2.5,IC
62601,EXPERIMENTAL FARM _SIMCOE_,Oxalate,2015-04-27T00:00,0.027,µg/m³,PM2.5,IC
62601,EXPERIMENTAL FARM _SIMCOE_,Oxalate,2015-04-30T00:00,0.087,µg/m³,PM2.5,IC
62601,EXPERIMENTAL FARM _SIMCOE_,Oxalate,2015-05-03T00:00,0.156,µg/m³,PM2.5,IC
62601,EXPERIMENTAL FARM _SIMCOE_,Oxalate,2015-05-06T00:00,0.106,µg/m³,PM2.5,IC
62601,EXPERIMENTAL FARM _SIMCOE_,Oxalate,2015-05-09T00:00,0.300,µg/m³,PM2.5,IC
62601,EXPERIMENTAL FARM _SIMCOE_,Oxalate,2015-05-15T00:00,0.151,µg/m³,PM2.5,IC
62601,EXPERIMENTAL FARM _SIMCOE_,Oxalate,2015-05-18T00:00,0.140,µg/m³,PM2.5,IC
62601,EXPERIMENTAL FARM _SIMCOE_,Oxalate,2015-06-17T00:00,0.121,µg/m³,PM2.5,IC
62601,EXPERIMENTAL FARM _SIMCOE_,Oxalate,2015-06-20T00:00,0.177,µg/m³,PM2.5,IC
62601,EXPERIMENTAL FARM _SIMCOE_,Oxalate,2015-06-23T00:00,0.066,µg/m³,PM2.5,IC
62601,EXPERIMENTAL FARM _SIMCOE_,Oxalate,2015-06-26T00:00,0.089,µg/m³,PM2.5,IC
62601,EXPERIMENTAL FARM _SIMCOE_,Oxalate,2015-06-29T00:00,0.100,µg/m³,PM2.5,IC
62601,EXPERIMENTAL FARM _SIMCOE_,Oxalate,2015-07-02T00:00,0.085,µg/m³,PM2.5,IC
62601,EXPERIMENTAL FARM _SIMCOE_,Oxalate,2015-07-05T00:00,0.364,µg/m³,PM2.5,IC
62601,EXPERIMENTAL FARM _SIMCOE_,Oxalate,2015-07-08T00:00,0.152,µg/m³,PM2.5,IC
62601,EXPERIMENTAL FARM _SIMCOE_,Oxalate,2015-07-14T00:00,0.082,µg/m³,PM2.5,IC
62601,EXPERIMENTAL FARM _SIMCOE_,Oxalate,2015-07-17T00:00,0.130,µg/m³,PM2.5,IC
62601,EXPERIMENTAL FARM _SIMCOE_,Oxalate,2015-07-20T00:00,0.095,µg/m³,PM2.5,IC
62601,EXPERIMENTAL FARM _SIMCOE_,Oxalate,2015-07-23T00:00,0.075,µg/m³,PM2.5,IC
62601,EXPERIMENTAL FARM _SIMCOE_,Oxalate,2015-07-26T00:00,0.082,µg/m³,PM2.5,IC
62601,EXPERIMENTAL FARM _SIMCOE_,Oxalate,2015-07-29T00:00,0.241,µg/m³,PM2.5,IC
62601,EXPERIMENTAL FARM _SIMCOE_,Oxalate,2015-08-01T00:00,0.073,µg/m³,PM2.5,IC
62601,EXPERIMENTAL FARM _SIMCOE_,Oxalate,2015-08-04T00:00,0.070,µg/m³,PM2.5,IC
62601,EXPERIMENTAL FARM _SIMCOE_,Oxalate,2015-08-07T00:00,0.080,µg/m³,PM2.5,IC
62601,EXPERIMENTAL FARM _SIMCOE_,Oxalate,2015-08-10T00:00,0.140,µg/m³,PM2.5,IC
62601,EXPERIMENTAL FARM _SIMCOE_,Oxalate,2015-08-13T00:00,0.078,µg/m³,PM2.5,IC
62601,EXPERIMENTAL FARM _SIMCOE_,Oxalate,2015-08-22T00:00,0.061,µg/m³,PM2.5,IC
62601,EXPERIMENTAL FARM _SIMCOE_,Oxalate,2015-08-25T00:00,0.049,µg/m³,PM2.5,IC
62601,EXPERIMENTAL FARM _SIMCOE_,Oxalate,2015-08-28T00:00,0.065,µg/m³,PM2.5,IC
62601,EXPERIMENTAL FARM _SIMCOE_,Oxalate,2015-08-31T00:00,0.251,µg/m³,PM2.5,IC
62601,EXPERIMENTAL FARM _SIMCOE_,Oxalate,2015-09-03T00:00,0.286,µg/m³,PM2.5,IC
62601,EXPERIMENTAL FARM _SIMCOE_,Oxalate,2015-09-06T00:00,0.129,µg/m³,PM2.5,IC
62601,EXPERIMENTAL FARM _SIMCOE_,Oxalate,2015-09-09T00:00,0.090,µg/m³,PM2.5,IC
62601,EXPERIMENTAL FARM _SIMCOE_,Oxalate,2015-09-12T00:00,0.036,µg/m³,PM2.5,IC
62601,EXPERIMENTAL FARM _SIMCOE_,Oxalate,2015-09-15T00:00,0.112,µg/m³,PM2.5,IC
62601,EXPERIMENTAL FARM _SIMCOE_,Oxalate,2015-09-18T00:00,0.180,µg/m³,PM2.5,IC
62601,EXPERIMENTAL FARM _SIMCOE_,Oxalate,2015-09-24T00:00,0.162,µg/m³,PM2.5,IC
62601,EXPERIMENTAL FARM _SIMCOE_,Oxalate,2015-09-27T00:00,0.085,µg/m³,PM2.5,IC
62601,EXPERIMENTAL FARM _SIMCOE_,Oxalate,2015-09-30T00:00,0.047,µg/m³,PM2.5,IC
62601,EXPERIMENTAL FARM _SIMCOE_,Oxalate,2015-10-03T00:00,0.040,µg/m³,PM2.5,IC
62601,EXPERIMENTAL FARM _SIMCOE_,Oxalate,2015-10-06T00:00,0.085,µg/m³,PM2.5,IC
62601,EXPERIMENTAL FARM _SIMCOE_,Oxalate,2015-10-09T00:00,0.072,µg/m³,PM2.5,IC
62601,EXPERIMENTAL FARM _SIMCOE_,Oxalate,2015-10-12T00:00,0.078,µg/m³,PM2.5,IC
62601,EXPERIMENTAL FARM _SIMCOE_,Oxalate,2015-10-15T00:00,0.044,µg/m³,PM2.5,IC
62601,EXPERIMENTAL FARM _SIMCOE_,Oxalate,2015-10-18T00:00,0.031,µg/m³,PM2.5,IC
62601,EXPERIMENTAL FARM _SIMCOE_,Oxalate,2015-10-21T00:00,0.155,µg/m³,PM2.5,IC
62601,EXPERIMENTAL FARM _SIMCOE_,Oxalate,2015-10-24T00:00,0.095,µg/m³,PM2.5,IC
62601,EXPERIMENTAL FARM _SIMCOE_,Oxalate,2015-10-30T00:00,0.034,µg/m³,PM2.5,IC
62601,EXPERIMENTAL FARM _SIMCOE_,Oxalate,2015-11-02T00:00,0.057,µg/m³,PM2.5,IC
62601,EXPERIMENTAL FARM _SIMCOE_,Oxalate,2015-11-05T00:00,0.117,µg/m³,PM2.5,IC
62601,EXPERIMENTAL FARM _SIMCOE_,Oxalate,2015-11-08T00:00,0.046,µg/m³,PM2.5,IC
62601,EXPERIMENTAL FARM _SIMCOE_,Oxalate,2015-11-11T00:00,0.117,µg/m³,PM2.5,IC
62601,EXPERIMENTAL FARM _SIMCOE_,Oxalate,2015-11-14T00:00,0.033,µg/m³,PM2.5,IC
62601,EXPERIMENTAL FARM _SIMCOE_,Oxalate,2015-11-17T00:00,0.060,µg/m³,PM2.5,IC
62601,EXPERIMENTAL FARM _SIMCOE_,Oxalate,2015-11-20T00:00,0.035,µg/m³,PM2.5,IC
62601,EXPERIMENTAL FARM _SIMCOE_,Oxalate,2015-11-23T00:00,0.042,µg/m³,PM2.5,IC
62601,EXPERIMENTAL FARM _SIMCOE_,Oxalate,2015-11-26T00:00,0.070,µg/m³,PM2.5,IC
62601,EXPERIMENTAL FARM _SIMCOE_,Oxalate,2015-11-29T00:00,0.049,µg/m³,PM2.5,IC
62601,EXPERIMENTAL FARM _SIMCOE_,Oxalate,2015-12-02T00:00,0.042,µg/m³,PM2.5,IC
62601,EXPERIMENTAL FARM _SIMCOE_,Oxalate,2015-12-05T00:00,0.078,µg/m³,PM2.5,IC
62601,EXPERIMENTAL FARM _SIMCOE_,Oxalate,2015-12-08T00:00,0.105,µg/m³,PM2.5,IC
62601,EXPERIMENTAL FARM _SIMCOE_,Oxalate,2015-12-11T00:00,0.083,µg/m³,PM2.5,IC
62601,EXPERIMENTAL FARM _SIMCOE_,Oxalate,2015-12-17T00:00,0.037,µg/m³,PM2.5,IC
62601,EXPERIMENTAL FARM _SIMCOE_,Oxalate,2015-12-20T00:00,0.038,µg/m³,PM2.5,IC
62601,EXPERIMENTAL FARM _SIMCOE_,Oxalate,2015-12-23T00:00,0.041,µg/m³,PM2.5,IC
62601,EXPERIMENTAL FARM _SIMCOE_,Oxalate,2015-12-26T00:00,0.048,µg/m³,PM2.5,IC
62601,EXPERIMENTAL FARM _SIMCOE_,Oxalate,2015-12-29T00:00,0.031,µg/m³,PM2.5,IC
