﻿NAPS_Site_ID,Station_Name,Pollutant,Date,Value,Units,Report_Type,Method
40203,FOREST HILLS,EC1(A),2018-01-05T00:00,0.031,µg/m³,PM2.5,TOR(OC/EC)
40203,FOREST HILLS,EC1(A),2018-01-08T00:00,0.150,µg/m³,PM2.5,TOR(OC/EC)
40203,FOREST HILLS,EC1(A),2018-01-11T00:00,0.244,µg/m³,PM2.5,TOR(OC/EC)
40203,FOREST HILLS,EC1(A),2018-01-14T00:00,0.074,µg/m³,PM2.5,TOR(OC/EC)
40203,FOREST HILLS,EC1(A),2018-01-17T00:00,0.371,µg/m³,PM2.5,TOR(OC/EC)
40203,FOREST HILLS,EC1(A),2018-01-20T00:00,0.835,µg/m³,PM2.5,TOR(OC/EC)
40203,FOREST HILLS,EC1(A),2018-01-23T00:00,0.303,µg/m³,PM2.5,TOR(OC/EC)
40203,FOREST HILLS,EC1(A),2018-01-26T00:00,0.000,µg/m³,PM2.5,TOR(OC/EC)
40203,FOREST HILLS,EC1(A),2018-02-01T00:00,0.631,µg/m³,PM2.5,TOR(OC/EC)
40203,FOREST HILLS,EC1(A),2018-02-04T00:00,0.245,µg/m³,PM2.5,TOR(OC/EC)
40203,FOREST HILLS,EC1(A),2018-02-07T00:00,0.522,µg/m³,PM2.5,TOR(OC/EC)
40203,FOREST HILLS,EC1(A),2018-02-10T00:00,0.530,µg/m³,PM2.5,TOR(OC/EC)
40203,FOREST HILLS,EC1(A),2018-02-13T00:00,0.149,µg/m³,PM2.5,TOR(OC/EC)
40203,FOREST HILLS,EC1(A),2018-02-16T00:00,0.604,µg/m³,PM2.5,TOR(OC/EC)
40203,FOREST HILLS,EC1(A),2018-02-19T00:00,0.425,µg/m³,PM2.5,TOR(OC/EC)
40203,FOREST HILLS,EC1(A),2018-02-22T00:00,0.010,µg/m³,PM2.5,TOR(OC/EC)
40203,FOREST HILLS,EC1(A),2018-02-25T00:00,0.059,µg/m³,PM2.5,TOR(OC/EC)
40203,FOREST HILLS,EC1(A),2018-02-28T00:00,0.293,µg/m³,PM2.5,TOR(OC/EC)
40203,FOREST HILLS,EC1(A),2018-03-03T00:00,0.073,µg/m³,PM2.5,TOR(OC/EC)
40203,FOREST HILLS,EC1(A),2018-03-06T00:00,0.000,µg/m³,PM2.5,TOR(OC/EC)
40203,FOREST HILLS,EC1(A),2018-03-09T00:00,0.058,µg/m³,PM2.5,TOR(OC/EC)
40203,FOREST HILLS,EC1(A),2018-03-12T00:00,0.091,µg/m³,PM2.5,TOR(OC/EC)
40203,FOREST HILLS,EC1(A),2018-03-15T00:00,0.015,µg/m³,PM2.5,TOR(OC/EC)
40203,FOREST HILLS,EC1(A),2018-03-18T00:00,0.026,µg/m³,PM2.5,TOR(OC/EC)
40203,FOREST HILLS,EC1(A),2018-03-21T00:00,0.135,µg/m³,PM2.5,TOR(OC/EC)
40203,FOREST HILLS,EC1(A),2018-03-24T00:00,0.003,µg/m³,PM2.5,TOR(OC/EC)
40203,FOREST HILLS,EC1(A),2018-03-27T00:00,0.090,µg/m³,PM2.5,TOR(OC/EC)
40203,FOREST HILLS,EC1(A),2018-03-30T00:00,0.173,µg/m³,PM2.5,TOR(OC/EC)
40203,FOREST HILLS,EC1(A),2018-04-02T00:00,0.055,µg/m³,PM2.5,TOR(OC/EC)
40203,FOREST HILLS,EC1(A),2018-04-05T00:00,0.000,µg/m³,PM2.5,TOR(OC/EC)
40203,FOREST HILLS,EC1(A),2018-04-08T00:00,0.155,µg/m³,PM2.5,TOR(OC/EC)
40203,FOREST HILLS,EC1(A),2018-04-11T00:00,0.203,µg/m³,PM2.5,TOR(OC/EC)
40203,FOREST HILLS,EC1(A),2018-04-14T00:00,0.169,µg/m³,PM2.5,TOR(OC/EC)
40203,FOREST HILLS,EC1(A),2018-04-17T00:00,0.000,µg/m³,PM2.5,TOR(OC/EC)
40203,FOREST HILLS,EC1(A),2018-04-20T00:00,0.000,µg/m³,PM2.5,TOR(OC/EC)
40203,FOREST HILLS,EC1(A),2018-04-23T00:00,0.000,µg/m³,PM2.5,TOR(OC/EC)
40203,FOREST HILLS,EC1(A),2018-04-29T00:00,0.056,µg/m³,PM2.5,TOR(OC/EC)
40203,FOREST HILLS,EC1(A),2018-05-02T00:00,0.598,µg/m³,PM2.5,TOR(OC/EC)
40203,FOREST HILLS,EC1(A),2018-05-05T00:00,0.216,µg/m³,PM2.5,TOR(OC/EC)
40203,FOREST HILLS,EC1(A),2018-05-11T00:00,0.000,µg/m³,PM2.5,TOR(OC/EC)
40203,FOREST HILLS,EC1(A),2018-05-14T00:00,0.128,µg/m³,PM2.5,TOR(OC/EC)
40203,FOREST HILLS,EC1(A),2018-05-17T00:00,0.260,µg/m³,PM2.5,TOR(OC/EC)
40203,FOREST HILLS,EC1(A),2018-05-20T00:00,0.339,µg/m³,PM2.5,TOR(OC/EC)
40203,FOREST HILLS,EC1(A),2018-05-23T00:00,0.154,µg/m³,PM2.5,TOR(OC/EC)
40203,FOREST HILLS,EC1(A),2018-05-26T00:00,0.747,µg/m³,PM2.5,TOR(OC/EC)
40203,FOREST HILLS,EC1(A),2018-05-29T00:00,0.209,µg/m³,PM2.5,TOR(OC/EC)
40203,FOREST HILLS,EC1(A),2018-06-01T00:00,0.437,µg/m³,PM2.5,TOR(OC/EC)
40203,FOREST HILLS,EC1(A),2018-06-04T00:00,0.028,µg/m³,PM2.5,TOR(OC/EC)
40203,FOREST HILLS,EC1(A),2018-06-07T00:00,0.289,µg/m³,PM2.5,TOR(OC/EC)
40203,FOREST HILLS,EC1(A),2018-06-10T00:00,0.042,µg/m³,PM2.5,TOR(OC/EC)
40203,FOREST HILLS,EC1(A),2018-06-13T00:00,0.408,µg/m³,PM2.5,TOR(OC/EC)
40203,FOREST HILLS,EC1(A),2018-06-16T00:00,0.762,µg/m³,PM2.5,TOR(OC/EC)
40203,FOREST HILLS,EC1(A),2018-06-19T00:00,0.097,µg/m³,PM2.5,TOR(OC/EC)
40203,FOREST HILLS,EC1(A),2018-06-22T00:00,0.128,µg/m³,PM2.5,TOR(OC/EC)
40203,FOREST HILLS,EC1(A),2018-06-25T00:00,0.000,µg/m³,PM2.5,TOR(OC/EC)
40203,FOREST HILLS,EC1(A),2018-06-28T00:00,0.183,µg/m³,PM2.5,TOR(OC/EC)
40203,FOREST HILLS,EC1(A),2018-07-01T00:00,0.742,µg/m³,PM2.5,TOR(OC/EC)
40203,FOREST HILLS,EC1(A),2018-07-04T00:00,0.900,µg/m³,PM2.5,TOR(OC/EC)
40203,FOREST HILLS,EC1(A),2018-07-07T00:00,0.144,µg/m³,PM2.5,TOR(OC/EC)
40203,FOREST HILLS,EC1(A),2018-07-13T00:00,0.619,µg/m³,PM2.5,TOR(OC/EC)
40203,FOREST HILLS,EC1(A),2018-07-16T00:00,0.494,µg/m³,PM2.5,TOR(OC/EC)
40203,FOREST HILLS,EC1(A),2018-07-19T00:00,0.133,µg/m³,PM2.5,TOR(OC/EC)
40203,FOREST HILLS,EC1(A),2018-07-22T00:00,0.089,µg/m³,PM2.5,TOR(OC/EC)
40203,FOREST HILLS,EC1(A),2018-07-25T00:00,0.059,µg/m³,PM2.5,TOR(OC/EC)
40203,FOREST HILLS,EC1(A),2018-07-28T00:00,0.386,µg/m³,PM2.5,TOR(OC/EC)
40203,FOREST HILLS,EC1(A),2018-07-31T00:00,0.678,µg/m³,PM2.5,TOR(OC/EC)
40203,FOREST HILLS,EC1(A),2018-08-03T00:00,1.034,µg/m³,PM2.5,TOR(OC/EC)
40203,FOREST HILLS,EC1(A),2018-08-06T00:00,0.841,µg/m³,PM2.5,TOR(OC/EC)
40203,FOREST HILLS,EC1(A),2018-08-09T00:00,0.522,µg/m³,PM2.5,TOR(OC/EC)
40203,FOREST HILLS,EC1(A),2018-08-12T00:00,0.388,µg/m³,PM2.5,TOR(OC/EC)
40203,FOREST HILLS,EC1(A),2018-08-15T00:00,0.539,µg/m³,PM2.5,TOR(OC/EC)
40203,FOREST HILLS,EC1(A),2018-08-18T00:00,0.135,µg/m³,PM2.5,TOR(OC/EC)
40203,FOREST HILLS,EC1(A),2018-08-21T00:00,0.343,µg/m³,PM2.5,TOR(OC/EC)
40203,FOREST HILLS,EC1(A),2018-08-24T00:00,0.853,µg/m³,PM2.5,TOR(OC/EC)
40203,FOREST HILLS,EC1(A),2018-08-30T00:00,0.630,µg/m³,PM2.5,TOR(OC/EC)
40203,FOREST HILLS,EC1(A),2018-09-02T00:00,0.241,µg/m³,PM2.5,TOR(OC/EC)
40203,FOREST HILLS,EC1(A),2018-09-05T00:00,0.506,µg/m³,PM2.5,TOR(OC/EC)
40203,FOREST HILLS,EC1(A),2018-09-08T00:00,0.103,µg/m³,PM2.5,TOR(OC/EC)
40203,FOREST HILLS,EC1(A),2018-09-11T00:00,0.038,µg/m³,PM2.5,TOR(OC/EC)
40203,FOREST HILLS,EC1(A),2018-09-14T00:00,0.631,µg/m³,PM2.5,TOR(OC/EC)
40203,FOREST HILLS,EC1(A),2018-09-20T00:00,0.000,µg/m³,PM2.5,TOR(OC/EC)
40203,FOREST HILLS,EC1(A),2018-09-23T00:00,0.088,µg/m³,PM2.5,TOR(OC/EC)
40203,FOREST HILLS,EC1(A),2018-09-26T00:00,0.000,µg/m³,PM2.5,TOR(OC/EC)
40203,FOREST HILLS,EC1(A),2018-09-29T00:00,0.104,µg/m³,PM2.5,TOR(OC/EC)
40203,FOREST HILLS,EC1(A),2018-10-05T00:00,0.137,µg/m³,PM2.5,TOR(OC/EC)
40203,FOREST HILLS,EC1(A),2018-10-08T00:00,0.054,µg/m³,PM2.5,TOR(OC/EC)
40203,FOREST HILLS,EC1(A),2018-10-11T00:00,0.000,µg/m³,PM2.5,TOR(OC/EC)
40203,FOREST HILLS,EC1(A),2018-10-14T00:00,0.022,µg/m³,PM2.5,TOR(OC/EC)
40203,FOREST HILLS,EC1(A),2018-10-17T00:00,0.080,µg/m³,PM2.5,TOR(OC/EC)
40203,FOREST HILLS,EC1(A),2018-10-20T00:00,0.155,µg/m³,PM2.5,TOR(OC/EC)
40203,FOREST HILLS,EC1(A),2018-10-23T00:00,0.302,µg/m³,PM2.5,TOR(OC/EC)
40203,FOREST HILLS,EC1(A),2018-10-26T00:00,0.000,µg/m³,PM2.5,TOR(OC/EC)
40203,FOREST HILLS,EC1(A),2018-10-29T00:00,0.218,µg/m³,PM2.5,TOR(OC/EC)
40203,FOREST HILLS,EC1(A),2018-11-04T00:00,0.000,µg/m³,PM2.5,TOR(OC/EC)
40203,FOREST HILLS,EC1(A),2018-11-07T00:00,0.068,µg/m³,PM2.5,TOR(OC/EC)
40203,FOREST HILLS,EC1(A),2018-11-10T00:00,0.014,µg/m³,PM2.5,TOR(OC/EC)
40203,FOREST HILLS,EC1(A),2018-11-13T00:00,0.079,µg/m³,PM2.5,TOR(OC/EC)
40203,FOREST HILLS,EC1(A),2018-11-16T00:00,0.049,µg/m³,PM2.5,TOR(OC/EC)
40203,FOREST HILLS,EC1(A),2018-11-19T00:00,0.696,µg/m³,PM2.5,TOR(OC/EC)
40203,FOREST HILLS,EC1(A),2018-11-28T00:00,0.002,µg/m³,PM2.5,TOR(OC/EC)
40203,FOREST HILLS,EC1(A),2018-12-01T00:00,0.226,µg/m³,PM2.5,TOR(OC/EC)
40203,FOREST HILLS,EC1(A),2018-12-04T00:00,0.000,µg/m³,PM2.5,TOR(OC/EC)
40203,FOREST HILLS,EC1(A),2018-12-07T00:00,1.666,µg/m³,PM2.5,TOR(OC/EC)
40203,FOREST HILLS,EC1(A),2018-12-10T00:00,0.000,µg/m³,PM2.5,TOR(OC/EC)
40203,FOREST HILLS,EC1(A),2018-12-16T00:00,0.806,µg/m³,PM2.5,TOR(OC/EC)
40203,FOREST HILLS,EC1(A),2018-12-19T00:00,0.056,µg/m³,PM2.5,TOR(OC/EC)
40203,FOREST HILLS,EC1(A),2018-12-22T00:00,0.051,µg/m³,PM2.5,TOR(OC/EC)
40203,FOREST HILLS,EC1(A),2018-12-25T00:00,0.107,µg/m³,PM2.5,TOR(OC/EC)
