﻿NAPS_Site_ID,Station_Name,Pollutant,Date,Value,Units,Report_Type,Method
60104,OTTAWA DOWNTOWN,Carbontetrachloride,2000-01-01T00:00,0.700,µg/m³,VOC,
60104,OTTAWA DOWNTOWN,Carbontetrachloride,2000-01-07T00:00,0.670,µg/m³,VOC,
60104,OTTAWA DOWNTOWN,Carbontetrachloride,2000-01-13T00:00,0.610,µg/m³,VOC,
60104,OTTAWA DOWNTOWN,Carbontetrachloride,2000-01-19T00:00,0.590,µg/m³,VOC,
60104,OTTAWA DOWNTOWN,Carbontetrachloride,2000-01-25T00:00,0.610,µg/m³,VOC,
60104,OTTAWA DOWNTOWN,Carbontetrachloride,2000-01-31T00:00,0.690,µg/m³,VOC,
60104,OTTAWA DOWNTOWN,Carbontetrachloride,2000-02-06T00:00,0.680,µg/m³,VOC,
60104,OTTAWA DOWNTOWN,Carbontetrachloride,2000-02-12T00:00,0.810,µg/m³,VOC,
60104,OTTAWA DOWNTOWN,Carbontetrachloride,2000-02-18T00:00,0.830,µg/m³,VOC,
60104,OTTAWA DOWNTOWN,Carbontetrachloride,2000-02-24T00:00,0.730,µg/m³,VOC,
60104,OTTAWA DOWNTOWN,Carbontetrachloride,2000-03-01T00:00,0.860,µg/m³,VOC,
60104,OTTAWA DOWNTOWN,Carbontetrachloride,2000-03-07T00:00,0.830,µg/m³,VOC,
60104,OTTAWA DOWNTOWN,Carbontetrachloride,2000-03-13T00:00,0.840,µg/m³,VOC,
60104,OTTAWA DOWNTOWN,Carbontetrachloride,2000-03-19T00:00,0.870,µg/m³,VOC,
60104,OTTAWA DOWNTOWN,Carbontetrachloride,2000-03-25T00:00,0.630,µg/m³,VOC,
60104,OTTAWA DOWNTOWN,Carbontetrachloride,2000-03-31T00:00,0.620,µg/m³,VOC,
60104,OTTAWA DOWNTOWN,Carbontetrachloride,2000-04-06T00:00,0.630,µg/m³,VOC,
60104,OTTAWA DOWNTOWN,Carbontetrachloride,2000-04-12T00:00,0.650,µg/m³,VOC,
60104,OTTAWA DOWNTOWN,Carbontetrachloride,2000-04-18T00:00,0.780,µg/m³,VOC,
60104,OTTAWA DOWNTOWN,Carbontetrachloride,2000-04-24T00:00,0.680,µg/m³,VOC,
60104,OTTAWA DOWNTOWN,Carbontetrachloride,2000-04-30T00:00,0.700,µg/m³,VOC,
60104,OTTAWA DOWNTOWN,Carbontetrachloride,2000-05-06T00:00,0.710,µg/m³,VOC,
60104,OTTAWA DOWNTOWN,Carbontetrachloride,2000-05-12T00:00,0.710,µg/m³,VOC,
60104,OTTAWA DOWNTOWN,Carbontetrachloride,2000-05-18T00:00,0.680,µg/m³,VOC,
60104,OTTAWA DOWNTOWN,Carbontetrachloride,2000-05-24T00:00,0.700,µg/m³,VOC,
60104,OTTAWA DOWNTOWN,Carbontetrachloride,2000-05-30T00:00,0.710,µg/m³,VOC,
60104,OTTAWA DOWNTOWN,Carbontetrachloride,2000-06-05T00:00,0.720,µg/m³,VOC,
60104,OTTAWA DOWNTOWN,Carbontetrachloride,2000-06-11T00:00,0.700,µg/m³,VOC,
60104,OTTAWA DOWNTOWN,Carbontetrachloride,2000-06-17T00:00,0.670,µg/m³,VOC,
60104,OTTAWA DOWNTOWN,Carbontetrachloride,2000-06-23T00:00,0.680,µg/m³,VOC,
60104,OTTAWA DOWNTOWN,Carbontetrachloride,2000-06-29T00:00,0.660,µg/m³,VOC,
60104,OTTAWA DOWNTOWN,Carbontetrachloride,2000-07-05T00:00,0.720,µg/m³,VOC,
60104,OTTAWA DOWNTOWN,Carbontetrachloride,2000-07-17T00:00,0.760,µg/m³,VOC,
60104,OTTAWA DOWNTOWN,Carbontetrachloride,2000-07-23T00:00,0.700,µg/m³,VOC,
60104,OTTAWA DOWNTOWN,Carbontetrachloride,2000-07-29T00:00,0.690,µg/m³,VOC,
60104,OTTAWA DOWNTOWN,Carbontetrachloride,2000-08-04T00:00,0.690,µg/m³,VOC,
60104,OTTAWA DOWNTOWN,Carbontetrachloride,2000-08-10T00:00,0.600,µg/m³,VOC,
60104,OTTAWA DOWNTOWN,Carbontetrachloride,2000-08-16T00:00,0.590,µg/m³,VOC,
60104,OTTAWA DOWNTOWN,Carbontetrachloride,2000-08-22T00:00,0.610,µg/m³,VOC,
60104,OTTAWA DOWNTOWN,Carbontetrachloride,2000-08-28T00:00,0.680,µg/m³,VOC,
60104,OTTAWA DOWNTOWN,Carbontetrachloride,2000-09-03T00:00,0.650,µg/m³,VOC,
60104,OTTAWA DOWNTOWN,Carbontetrachloride,2000-09-09T00:00,0.710,µg/m³,VOC,
60104,OTTAWA DOWNTOWN,Carbontetrachloride,2000-09-15T00:00,0.620,µg/m³,VOC,
60104,OTTAWA DOWNTOWN,Carbontetrachloride,2000-09-21T00:00,0.620,µg/m³,VOC,
60104,OTTAWA DOWNTOWN,Carbontetrachloride,2000-09-27T00:00,0.620,µg/m³,VOC,
60104,OTTAWA DOWNTOWN,Carbontetrachloride,2000-10-03T00:00,0.720,µg/m³,VOC,
60104,OTTAWA DOWNTOWN,Carbontetrachloride,2000-10-09T00:00,0.760,µg/m³,VOC,
60104,OTTAWA DOWNTOWN,Carbontetrachloride,2000-10-15T00:00,0.730,µg/m³,VOC,
60104,OTTAWA DOWNTOWN,Carbontetrachloride,2000-10-21T00:00,0.640,µg/m³,VOC,
60104,OTTAWA DOWNTOWN,Carbontetrachloride,2000-10-27T00:00,0.700,µg/m³,VOC,
60104,OTTAWA DOWNTOWN,Carbontetrachloride,2000-11-02T00:00,0.670,µg/m³,VOC,
60104,OTTAWA DOWNTOWN,Carbontetrachloride,2000-11-08T00:00,0.570,µg/m³,VOC,
60104,OTTAWA DOWNTOWN,Carbontetrachloride,2000-11-14T00:00,0.600,µg/m³,VOC,
60104,OTTAWA DOWNTOWN,Carbontetrachloride,2000-11-20T00:00,0.620,µg/m³,VOC,
60104,OTTAWA DOWNTOWN,Carbontetrachloride,2000-11-26T00:00,0.640,µg/m³,VOC,
60104,OTTAWA DOWNTOWN,Carbontetrachloride,2000-12-08T00:00,0.600,µg/m³,VOC,
60104,OTTAWA DOWNTOWN,Carbontetrachloride,2000-12-14T00:00,0.720,µg/m³,VOC,
60104,OTTAWA DOWNTOWN,Carbontetrachloride,2000-12-20T00:00,0.740,µg/m³,VOC,
60104,OTTAWA DOWNTOWN,Carbontetrachloride,2000-12-26T00:00,0.720,µg/m³,VOC,
