﻿NAPS_Site_ID,Station_Name,Pollutant,Date,Value,Units,Report_Type,Method
100137,BURNABY NORTH,iso-Propylbenzene,2003-01-09T00:00,0.085,µg/m³,VOC,N/A
100137,BURNABY NORTH,iso-Propylbenzene,2003-01-21T00:00,0.089,µg/m³,VOC,N/A
100137,BURNABY NORTH,iso-Propylbenzene,2003-02-02T00:00,0.109,µg/m³,VOC,N/A
100137,BURNABY NORTH,iso-Propylbenzene,2003-02-20T00:00,0.045,µg/m³,VOC,N/A
100137,BURNABY NORTH,iso-Propylbenzene,2003-03-16T00:00,0.029,µg/m³,VOC,N/A
100137,BURNABY NORTH,iso-Propylbenzene,2003-03-28T00:00,0.089,µg/m³,VOC,N/A
100137,BURNABY NORTH,iso-Propylbenzene,2003-04-09T00:00,0.033,µg/m³,VOC,N/A
100137,BURNABY NORTH,iso-Propylbenzene,2003-04-21T00:00,0.067,µg/m³,VOC,N/A
100137,BURNABY NORTH,iso-Propylbenzene,2003-05-03T00:00,0.028,µg/m³,VOC,N/A
100137,BURNABY NORTH,iso-Propylbenzene,2003-05-15T00:00,0.084,µg/m³,VOC,N/A
100137,BURNABY NORTH,iso-Propylbenzene,2003-05-27T00:00,0.098,µg/m³,VOC,N/A
100137,BURNABY NORTH,iso-Propylbenzene,2003-06-08T00:00,0.058,µg/m³,VOC,N/A
100137,BURNABY NORTH,iso-Propylbenzene,2003-06-20T00:00,0.042,µg/m³,VOC,N/A
100137,BURNABY NORTH,iso-Propylbenzene,2003-07-02T00:00,0.075,µg/m³,VOC,N/A
100137,BURNABY NORTH,iso-Propylbenzene,2003-07-20T00:00,0.073,µg/m³,VOC,N/A
100137,BURNABY NORTH,iso-Propylbenzene,2003-08-01T00:00,0.045,µg/m³,VOC,N/A
100137,BURNABY NORTH,iso-Propylbenzene,2003-08-13T00:00,0.148,µg/m³,VOC,N/A
100137,BURNABY NORTH,iso-Propylbenzene,2003-08-25T00:00,0.194,µg/m³,VOC,N/A
100137,BURNABY NORTH,iso-Propylbenzene,2003-09-06T00:00,0.081,µg/m³,VOC,N/A
100137,BURNABY NORTH,iso-Propylbenzene,2003-11-23T00:00,0.018,µg/m³,VOC,N/A
100137,BURNABY NORTH,iso-Propylbenzene,2003-12-05T00:00,0.013,µg/m³,VOC,N/A
