﻿NAPS_Site_ID,Station_Name,Pollutant,Date,Value,Units,Report_Type,Method
100137,BURNABY NORTH,cis-2-Pentene,2016-01-06T19:00,0.445,µg/m³,VOC,
100137,BURNABY NORTH,cis-2-Pentene,2016-01-12T19:00,0.467,µg/m³,VOC,
100137,BURNABY NORTH,cis-2-Pentene,2016-01-18T19:00,0.559,µg/m³,VOC,
100137,BURNABY NORTH,cis-2-Pentene,2016-01-24T19:00,1.100,µg/m³,VOC,
100137,BURNABY NORTH,cis-2-Pentene,2016-01-30T19:00,0.779,µg/m³,VOC,
100137,BURNABY NORTH,cis-2-Pentene,2016-02-05T19:00,0.585,µg/m³,VOC,
100137,BURNABY NORTH,cis-2-Pentene,2016-02-17T19:00,0.258,µg/m³,VOC,
100137,BURNABY NORTH,cis-2-Pentene,2016-02-23T19:00,0.659,µg/m³,VOC,
100137,BURNABY NORTH,cis-2-Pentene,2016-02-29T19:00,0.159,µg/m³,VOC,
100137,BURNABY NORTH,cis-2-Pentene,2016-03-06T19:00,0.231,µg/m³,VOC,
100137,BURNABY NORTH,cis-2-Pentene,2016-03-18T20:00,0.564,µg/m³,VOC,
100137,BURNABY NORTH,cis-2-Pentene,2016-03-24T20:00,0.635,µg/m³,VOC,
100137,BURNABY NORTH,cis-2-Pentene,2016-04-11T20:00,0.258,µg/m³,VOC,
100137,BURNABY NORTH,cis-2-Pentene,2016-04-23T20:00,0.155,µg/m³,VOC,
100137,BURNABY NORTH,cis-2-Pentene,2016-05-05T20:00,0.877,µg/m³,VOC,
100137,BURNABY NORTH,cis-2-Pentene,2016-05-11T20:00,0.546,µg/m³,VOC,
100137,BURNABY NORTH,cis-2-Pentene,2016-05-17T20:00,0.129,µg/m³,VOC,
100137,BURNABY NORTH,cis-2-Pentene,2016-05-23T20:00,0.518,µg/m³,VOC,
100137,BURNABY NORTH,cis-2-Pentene,2016-05-29T20:00,0.381,µg/m³,VOC,
100137,BURNABY NORTH,cis-2-Pentene,2016-06-04T20:00,1.507,µg/m³,VOC,
100137,BURNABY NORTH,cis-2-Pentene,2016-06-10T20:00,0.847,µg/m³,VOC,
100137,BURNABY NORTH,cis-2-Pentene,2016-06-16T20:00,0.406,µg/m³,VOC,
100137,BURNABY NORTH,cis-2-Pentene,2016-06-28T20:00,0.319,µg/m³,VOC,
100137,BURNABY NORTH,cis-2-Pentene,2016-07-04T20:00,0.281,µg/m³,VOC,
100137,BURNABY NORTH,cis-2-Pentene,2016-07-10T20:00,0.420,µg/m³,VOC,
100137,BURNABY NORTH,cis-2-Pentene,2016-07-22T20:00,0.295,µg/m³,VOC,
100137,BURNABY NORTH,cis-2-Pentene,2016-08-21T20:00,0.892,µg/m³,VOC,
100137,BURNABY NORTH,cis-2-Pentene,2016-09-08T20:00,0.709,µg/m³,VOC,
100137,BURNABY NORTH,cis-2-Pentene,2016-09-14T20:00,1.743,µg/m³,VOC,
100137,BURNABY NORTH,cis-2-Pentene,2016-09-20T20:00,1.464,µg/m³,VOC,
100137,BURNABY NORTH,cis-2-Pentene,2016-09-26T20:00,0.220,µg/m³,VOC,
100137,BURNABY NORTH,cis-2-Pentene,2016-10-02T20:00,1.599,µg/m³,VOC,
100137,BURNABY NORTH,cis-2-Pentene,2016-10-08T20:00,0.308,µg/m³,VOC,
100137,BURNABY NORTH,cis-2-Pentene,2016-10-14T20:00,0.172,µg/m³,VOC,
100137,BURNABY NORTH,cis-2-Pentene,2016-10-20T20:00,0.599,µg/m³,VOC,
100137,BURNABY NORTH,cis-2-Pentene,2016-10-26T20:00,0.309,µg/m³,VOC,
100137,BURNABY NORTH,cis-2-Pentene,2016-11-13T19:00,0.269,µg/m³,VOC,
100137,BURNABY NORTH,cis-2-Pentene,2016-11-19T19:00,0.192,µg/m³,VOC,
100137,BURNABY NORTH,cis-2-Pentene,2016-11-25T19:00,0.211,µg/m³,VOC,
100137,BURNABY NORTH,cis-2-Pentene,2016-12-01T19:00,0.420,µg/m³,VOC,
100137,BURNABY NORTH,cis-2-Pentene,2016-12-07T19:00,0.472,µg/m³,VOC,
100137,BURNABY NORTH,cis-2-Pentene,2016-12-13T19:00,0.224,µg/m³,VOC,
100137,BURNABY NORTH,cis-2-Pentene,2016-12-19T19:00,0.496,µg/m³,VOC,
100137,BURNABY NORTH,cis-2-Pentene,2016-12-25T19:00,0.284,µg/m³,VOC,
