﻿NAPS_Site_ID,Station_Name,Pollutant,Date,Value,Units,Report_Type,Method
60512,BEASLEY PARK _HAMILTON_DOWNTOWN_,iso-Propylbenzene,1991-01-06T00:00,0.057,µg/m³,VOC,N/A
60512,BEASLEY PARK _HAMILTON_DOWNTOWN_,iso-Propylbenzene,1991-01-12T00:00,0.061,µg/m³,VOC,N/A
60512,BEASLEY PARK _HAMILTON_DOWNTOWN_,iso-Propylbenzene,1991-01-18T00:00,0.051,µg/m³,VOC,N/A
60512,BEASLEY PARK _HAMILTON_DOWNTOWN_,iso-Propylbenzene,1991-01-24T00:00,0.053,µg/m³,VOC,N/A
60512,BEASLEY PARK _HAMILTON_DOWNTOWN_,iso-Propylbenzene,1991-01-30T00:00,0.065,µg/m³,VOC,N/A
60512,BEASLEY PARK _HAMILTON_DOWNTOWN_,iso-Propylbenzene,1991-02-05T00:00,0.000,µg/m³,VOC,N/A
60512,BEASLEY PARK _HAMILTON_DOWNTOWN_,iso-Propylbenzene,1991-02-17T00:00,0.062,µg/m³,VOC,N/A
60512,BEASLEY PARK _HAMILTON_DOWNTOWN_,iso-Propylbenzene,1991-02-23T00:00,0.095,µg/m³,VOC,N/A
60512,BEASLEY PARK _HAMILTON_DOWNTOWN_,iso-Propylbenzene,1991-03-01T00:00,0.172,µg/m³,VOC,N/A
60512,BEASLEY PARK _HAMILTON_DOWNTOWN_,iso-Propylbenzene,1991-03-07T00:00,0.059,µg/m³,VOC,N/A
60512,BEASLEY PARK _HAMILTON_DOWNTOWN_,iso-Propylbenzene,1991-03-13T00:00,0.079,µg/m³,VOC,N/A
60512,BEASLEY PARK _HAMILTON_DOWNTOWN_,iso-Propylbenzene,1991-03-19T00:00,0.082,µg/m³,VOC,N/A
60512,BEASLEY PARK _HAMILTON_DOWNTOWN_,iso-Propylbenzene,1991-03-25T00:00,0.057,µg/m³,VOC,N/A
60512,BEASLEY PARK _HAMILTON_DOWNTOWN_,iso-Propylbenzene,1991-03-31T00:00,0.046,µg/m³,VOC,N/A
60512,BEASLEY PARK _HAMILTON_DOWNTOWN_,iso-Propylbenzene,1991-04-06T00:00,0.042,µg/m³,VOC,N/A
60512,BEASLEY PARK _HAMILTON_DOWNTOWN_,iso-Propylbenzene,1991-04-18T00:00,0.087,µg/m³,VOC,N/A
60512,BEASLEY PARK _HAMILTON_DOWNTOWN_,iso-Propylbenzene,1991-04-24T00:00,0.133,µg/m³,VOC,N/A
60512,BEASLEY PARK _HAMILTON_DOWNTOWN_,iso-Propylbenzene,1991-04-30T00:00,0.105,µg/m³,VOC,N/A
60512,BEASLEY PARK _HAMILTON_DOWNTOWN_,iso-Propylbenzene,1991-05-12T00:00,0.081,µg/m³,VOC,N/A
60512,BEASLEY PARK _HAMILTON_DOWNTOWN_,iso-Propylbenzene,1991-05-18T00:00,0.048,µg/m³,VOC,N/A
60512,BEASLEY PARK _HAMILTON_DOWNTOWN_,iso-Propylbenzene,1991-05-24T00:00,0.125,µg/m³,VOC,N/A
60512,BEASLEY PARK _HAMILTON_DOWNTOWN_,iso-Propylbenzene,1991-05-30T00:00,0.132,µg/m³,VOC,N/A
60512,BEASLEY PARK _HAMILTON_DOWNTOWN_,iso-Propylbenzene,1991-06-05T00:00,0.106,µg/m³,VOC,N/A
60512,BEASLEY PARK _HAMILTON_DOWNTOWN_,iso-Propylbenzene,1991-06-11T00:00,0.102,µg/m³,VOC,N/A
60512,BEASLEY PARK _HAMILTON_DOWNTOWN_,iso-Propylbenzene,1991-06-17T00:00,0.108,µg/m³,VOC,N/A
60512,BEASLEY PARK _HAMILTON_DOWNTOWN_,iso-Propylbenzene,1991-06-23T00:00,0.083,µg/m³,VOC,N/A
60512,BEASLEY PARK _HAMILTON_DOWNTOWN_,iso-Propylbenzene,1991-06-30T00:00,0.106,µg/m³,VOC,N/A
60512,BEASLEY PARK _HAMILTON_DOWNTOWN_,iso-Propylbenzene,1991-07-05T00:00,0.185,µg/m³,VOC,N/A
60512,BEASLEY PARK _HAMILTON_DOWNTOWN_,iso-Propylbenzene,1991-07-11T00:00,0.213,µg/m³,VOC,N/A
60512,BEASLEY PARK _HAMILTON_DOWNTOWN_,iso-Propylbenzene,1991-07-17T00:00,0.206,µg/m³,VOC,N/A
60512,BEASLEY PARK _HAMILTON_DOWNTOWN_,iso-Propylbenzene,1991-07-23T00:00,1.595,µg/m³,VOC,N/A
60512,BEASLEY PARK _HAMILTON_DOWNTOWN_,iso-Propylbenzene,1991-07-29T00:00,0.503,µg/m³,VOC,N/A
60512,BEASLEY PARK _HAMILTON_DOWNTOWN_,iso-Propylbenzene,1991-08-04T00:00,0.194,µg/m³,VOC,N/A
60512,BEASLEY PARK _HAMILTON_DOWNTOWN_,iso-Propylbenzene,1991-08-10T00:00,0.038,µg/m³,VOC,N/A
60512,BEASLEY PARK _HAMILTON_DOWNTOWN_,iso-Propylbenzene,1991-08-16T00:00,0.325,µg/m³,VOC,N/A
60512,BEASLEY PARK _HAMILTON_DOWNTOWN_,iso-Propylbenzene,1991-08-22T00:00,0.208,µg/m³,VOC,N/A
60512,BEASLEY PARK _HAMILTON_DOWNTOWN_,iso-Propylbenzene,1991-08-28T00:00,0.381,µg/m³,VOC,N/A
60512,BEASLEY PARK _HAMILTON_DOWNTOWN_,iso-Propylbenzene,1991-09-03T00:00,0.085,µg/m³,VOC,N/A
60512,BEASLEY PARK _HAMILTON_DOWNTOWN_,iso-Propylbenzene,1991-09-09T00:00,0.402,µg/m³,VOC,N/A
60512,BEASLEY PARK _HAMILTON_DOWNTOWN_,iso-Propylbenzene,1991-09-15T00:00,0.000,µg/m³,VOC,N/A
