﻿NAPS_Site_ID,Station_Name,Pollutant,Date,Value,Units,Report_Type,Method
61602,BRONTE RD. & WOBURN CRES. _OAKVILLE_,Ethane,1995-04-27T00:00,5.304,µg/m³,VOC,GC-FID
61602,BRONTE RD. & WOBURN CRES. _OAKVILLE_,Ethane,1995-05-03T00:00,2.829,µg/m³,VOC,GC-FID
61602,BRONTE RD. & WOBURN CRES. _OAKVILLE_,Ethane,1995-05-09T00:00,2.966,µg/m³,VOC,GC-FID
61602,BRONTE RD. & WOBURN CRES. _OAKVILLE_,Ethane,1995-05-15T00:00,3.562,µg/m³,VOC,GC-FID
61602,BRONTE RD. & WOBURN CRES. _OAKVILLE_,Ethane,1995-05-21T00:00,2.312,µg/m³,VOC,GC-FID
61602,BRONTE RD. & WOBURN CRES. _OAKVILLE_,Ethane,1995-05-27T00:00,1.067,µg/m³,VOC,GC-FID
61602,BRONTE RD. & WOBURN CRES. _OAKVILLE_,Ethane,1995-06-08T00:00,2.826,µg/m³,VOC,GC-FID
61602,BRONTE RD. & WOBURN CRES. _OAKVILLE_,Ethane,1995-06-14T00:00,2.606,µg/m³,VOC,GC-FID
61602,BRONTE RD. & WOBURN CRES. _OAKVILLE_,Ethane,1995-06-20T00:00,3.656,µg/m³,VOC,GC-FID
61602,BRONTE RD. & WOBURN CRES. _OAKVILLE_,Ethane,1995-07-26T00:00,5.848,µg/m³,VOC,GC-FID
