﻿NAPS_Site_ID,Station_Name,Pollutant,Date,Value,Units,Report_Type,Method
91001,ESTHER,cis-2-Hexene,1996-09-25T00:00,0.000,µg/m³,VOC,GC-MS
91001,ESTHER,cis-2-Hexene,1996-09-25T00:00,0.000,µg/m³,VOC,GC-MS
91001,ESTHER,cis-2-Hexene,1996-09-25T00:00,0.000,µg/m³,VOC,GC-MS
91001,ESTHER,cis-2-Hexene,1996-09-25T00:00,0.000,µg/m³,VOC,GC-MS
91001,ESTHER,cis-2-Hexene,1996-09-27T00:00,0.000,µg/m³,VOC,GC-MS
91001,ESTHER,cis-2-Hexene,1996-10-01T00:00,0.000,µg/m³,VOC,GC-MS
91001,ESTHER,cis-2-Hexene,1996-10-01T00:00,0.000,µg/m³,VOC,GC-MS
91001,ESTHER,cis-2-Hexene,1996-10-02T00:00,0.000,µg/m³,VOC,GC-MS
91001,ESTHER,cis-2-Hexene,1996-10-04T00:00,0.000,µg/m³,VOC,GC-MS
91001,ESTHER,cis-2-Hexene,1996-10-04T00:00,0.011,µg/m³,VOC,GC-MS
91001,ESTHER,cis-2-Hexene,1996-11-07T00:00,0.000,µg/m³,VOC,GC-MS
91001,ESTHER,cis-2-Hexene,1996-11-07T00:00,0.000,µg/m³,VOC,GC-MS
91001,ESTHER,cis-2-Hexene,1996-11-20T00:00,0.000,µg/m³,VOC,GC-MS
91001,ESTHER,cis-2-Hexene,1996-11-20T00:00,0.000,µg/m³,VOC,GC-MS
91001,ESTHER,cis-2-Hexene,1996-11-29T00:00,0.000,µg/m³,VOC,GC-MS
91001,ESTHER,cis-2-Hexene,1996-11-30T00:00,0.000,µg/m³,VOC,GC-MS
