﻿NAPS_Site_ID,Station_Name,Pollutant,Date,Value,Units,Report_Type,Method
100132,MAHON PARK,1-Butene/Isobutene,1992-01-25T00:00,1.051,µg/m³,VOC,GC-MS
100132,MAHON PARK,1-Butene/Isobutene,1992-03-01T00:00,1.666,µg/m³,VOC,GC-MS
100132,MAHON PARK,1-Butene/Isobutene,1992-04-06T00:00,0.859,µg/m³,VOC,GC-MS
100132,MAHON PARK,1-Butene/Isobutene,1992-06-11T00:00,0.636,µg/m³,VOC,GC-MS
100132,MAHON PARK,1-Butene/Isobutene,1992-07-17T00:00,0.804,µg/m³,VOC,GC-MS
100132,MAHON PARK,1-Butene/Isobutene,1992-08-22T00:00,0.973,µg/m³,VOC,GC-MS
