﻿NAPS_Site_ID,Station_Name,Pollutant,Date,Value,Units,Report_Type,Method
50104,ONTARIO,H6CDF,1999-03-01T00:00,0.064,pg/m³,PCDD,N/A
50104,ONTARIO,H6CDF,1999-03-25T00:00,0.068,pg/m³,PCDD,N/A
50104,ONTARIO,H6CDF,1999-04-18T00:00,0.115,pg/m³,PCDD,N/A
50104,ONTARIO,H6CDF,1999-05-12T00:00,0.056,pg/m³,PCDD,N/A
50104,ONTARIO,H6CDF,1999-06-05T00:00,0.116,pg/m³,PCDD,N/A
50104,ONTARIO,H6CDF,1999-06-29T00:00,0.146,pg/m³,PCDD,N/A
50104,ONTARIO,H6CDF,1999-09-09T00:00,0.085,pg/m³,PCDD,N/A
50104,ONTARIO,H6CDF,1999-10-03T00:00,0.097,pg/m³,PCDD,N/A
50104,ONTARIO,H6CDF,1999-11-20T00:00,0.108,pg/m³,PCDD,N/A
50104,ONTARIO,H6CDF,1999-12-02T00:00,0.136,pg/m³,PCDD,N/A
50104,ONTARIO,H6CDF,1999-12-14T00:00,0.680,pg/m³,PCDD,N/A
50104,ONTARIO,H6CDF,1999-12-26T00:00,0.073,pg/m³,PCDD,N/A
