﻿NAPS_Site_ID,Station_Name,Pollutant,Date,Value,Units,Report_Type,Method
30117,BEDFORD ROW POST OFFICE,"1,2,4-Trimethylbenzene",1990-01-05T00:00,1.463,µg/m³,VOC,
30117,BEDFORD ROW POST OFFICE,"1,2,4-Trimethylbenzene",1990-01-11T00:00,1.282,µg/m³,VOC,
30117,BEDFORD ROW POST OFFICE,"1,2,4-Trimethylbenzene",1990-01-17T00:00,1.840,µg/m³,VOC,
30117,BEDFORD ROW POST OFFICE,"1,2,4-Trimethylbenzene",1990-01-23T00:00,1.753,µg/m³,VOC,
30117,BEDFORD ROW POST OFFICE,"1,2,4-Trimethylbenzene",1990-01-29T00:00,0.604,µg/m³,VOC,
30117,BEDFORD ROW POST OFFICE,"1,2,4-Trimethylbenzene",1990-02-04T00:00,0.337,µg/m³,VOC,
30117,BEDFORD ROW POST OFFICE,"1,2,4-Trimethylbenzene",1990-02-10T00:00,0.875,µg/m³,VOC,
30117,BEDFORD ROW POST OFFICE,"1,2,4-Trimethylbenzene",1990-02-16T00:00,1.134,µg/m³,VOC,
30117,BEDFORD ROW POST OFFICE,"1,2,4-Trimethylbenzene",1990-02-22T00:00,1.547,µg/m³,VOC,
30117,BEDFORD ROW POST OFFICE,"1,2,4-Trimethylbenzene",1990-03-06T00:00,0.823,µg/m³,VOC,
30117,BEDFORD ROW POST OFFICE,"1,2,4-Trimethylbenzene",1990-04-05T00:00,1.245,µg/m³,VOC,
30117,BEDFORD ROW POST OFFICE,"1,2,4-Trimethylbenzene",1990-04-11T00:00,0.743,µg/m³,VOC,
30117,BEDFORD ROW POST OFFICE,"1,2,4-Trimethylbenzene",1990-04-17T00:00,0.862,µg/m³,VOC,
30117,BEDFORD ROW POST OFFICE,"1,2,4-Trimethylbenzene",1990-04-23T00:00,0.480,µg/m³,VOC,
30117,BEDFORD ROW POST OFFICE,"1,2,4-Trimethylbenzene",1990-04-29T00:00,0.373,µg/m³,VOC,
30117,BEDFORD ROW POST OFFICE,"1,2,4-Trimethylbenzene",1990-05-17T00:00,1.414,µg/m³,VOC,
30117,BEDFORD ROW POST OFFICE,"1,2,4-Trimethylbenzene",1990-05-23T00:00,0.173,µg/m³,VOC,
30117,BEDFORD ROW POST OFFICE,"1,2,4-Trimethylbenzene",1990-05-29T00:00,0.255,µg/m³,VOC,
30117,BEDFORD ROW POST OFFICE,"1,2,4-Trimethylbenzene",1990-06-04T00:00,0.759,µg/m³,VOC,
30117,BEDFORD ROW POST OFFICE,"1,2,4-Trimethylbenzene",1990-06-10T00:00,0.481,µg/m³,VOC,
30117,BEDFORD ROW POST OFFICE,"1,2,4-Trimethylbenzene",1990-06-16T00:00,1.206,µg/m³,VOC,
30117,BEDFORD ROW POST OFFICE,"1,2,4-Trimethylbenzene",1990-06-22T00:00,2.060,µg/m³,VOC,
30117,BEDFORD ROW POST OFFICE,"1,2,4-Trimethylbenzene",1990-06-28T00:00,1.276,µg/m³,VOC,
30117,BEDFORD ROW POST OFFICE,"1,2,4-Trimethylbenzene",1990-07-04T00:00,1.247,µg/m³,VOC,
30117,BEDFORD ROW POST OFFICE,"1,2,4-Trimethylbenzene",1990-07-10T00:00,1.284,µg/m³,VOC,
30117,BEDFORD ROW POST OFFICE,"1,2,4-Trimethylbenzene",1990-07-16T00:00,1.107,µg/m³,VOC,
30117,BEDFORD ROW POST OFFICE,"1,2,4-Trimethylbenzene",1990-07-22T00:00,1.061,µg/m³,VOC,
30117,BEDFORD ROW POST OFFICE,"1,2,4-Trimethylbenzene",1990-07-28T00:00,2.319,µg/m³,VOC,
30117,BEDFORD ROW POST OFFICE,"1,2,4-Trimethylbenzene",1990-08-03T00:00,1.280,µg/m³,VOC,
30117,BEDFORD ROW POST OFFICE,"1,2,4-Trimethylbenzene",1990-08-09T00:00,2.077,µg/m³,VOC,
30117,BEDFORD ROW POST OFFICE,"1,2,4-Trimethylbenzene",1990-08-15T00:00,2.043,µg/m³,VOC,
30117,BEDFORD ROW POST OFFICE,"1,2,4-Trimethylbenzene",1990-08-21T00:00,2.834,µg/m³,VOC,
30117,BEDFORD ROW POST OFFICE,"1,2,4-Trimethylbenzene",1990-08-27T00:00,1.279,µg/m³,VOC,
30117,BEDFORD ROW POST OFFICE,"1,2,4-Trimethylbenzene",1990-09-02T00:00,0.618,µg/m³,VOC,
30117,BEDFORD ROW POST OFFICE,"1,2,4-Trimethylbenzene",1990-09-20T00:00,1.078,µg/m³,VOC,
30117,BEDFORD ROW POST OFFICE,"1,2,4-Trimethylbenzene",1990-09-26T00:00,1.787,µg/m³,VOC,
30117,BEDFORD ROW POST OFFICE,"1,2,4-Trimethylbenzene",1990-10-02T00:00,1.229,µg/m³,VOC,
30117,BEDFORD ROW POST OFFICE,"1,2,4-Trimethylbenzene",1990-10-08T00:00,0.378,µg/m³,VOC,
