﻿NAPS_Site_ID,Station_Name,Pollutant,Date,Value,Units,Report_Type,Method
40203,FOREST HILLS,1-Butene/Isobutene,1996-01-04T00:00,0.443,µg/m³,VOC,
40203,FOREST HILLS,1-Butene/Isobutene,1996-01-10T00:00,0.519,µg/m³,VOC,
40203,FOREST HILLS,1-Butene/Isobutene,1996-01-16T00:00,0.974,µg/m³,VOC,
40203,FOREST HILLS,1-Butene/Isobutene,1996-01-22T00:00,1.072,µg/m³,VOC,
40203,FOREST HILLS,1-Butene/Isobutene,1996-01-28T00:00,0.465,µg/m³,VOC,
40203,FOREST HILLS,1-Butene/Isobutene,1996-02-03T00:00,0.491,µg/m³,VOC,
40203,FOREST HILLS,1-Butene/Isobutene,1996-02-09T00:00,3.512,µg/m³,VOC,
40203,FOREST HILLS,1-Butene/Isobutene,1996-02-15T00:00,0.682,µg/m³,VOC,
40203,FOREST HILLS,1-Butene/Isobutene,1996-02-21T00:00,0.412,µg/m³,VOC,
40203,FOREST HILLS,1-Butene/Isobutene,1996-02-27T00:00,0.486,µg/m³,VOC,
40203,FOREST HILLS,1-Butene/Isobutene,1996-03-04T00:00,0.266,µg/m³,VOC,
40203,FOREST HILLS,1-Butene/Isobutene,1996-03-10T00:00,0.339,µg/m³,VOC,
40203,FOREST HILLS,1-Butene/Isobutene,1996-03-16T00:00,0.525,µg/m³,VOC,
40203,FOREST HILLS,1-Butene/Isobutene,1996-03-22T00:00,5.718,µg/m³,VOC,
40203,FOREST HILLS,1-Butene/Isobutene,1996-03-28T00:00,0.337,µg/m³,VOC,
40203,FOREST HILLS,1-Butene/Isobutene,1996-04-03T00:00,0.312,µg/m³,VOC,
40203,FOREST HILLS,1-Butene/Isobutene,1996-04-09T00:00,0.505,µg/m³,VOC,
40203,FOREST HILLS,1-Butene/Isobutene,1996-04-15T00:00,0.321,µg/m³,VOC,
40203,FOREST HILLS,1-Butene/Isobutene,1996-04-21T00:00,1.218,µg/m³,VOC,
40203,FOREST HILLS,1-Butene/Isobutene,1996-04-27T00:00,1.807,µg/m³,VOC,
40203,FOREST HILLS,1-Butene/Isobutene,1996-05-03T00:00,2.028,µg/m³,VOC,
40203,FOREST HILLS,1-Butene/Isobutene,1996-05-09T00:00,0.666,µg/m³,VOC,
40203,FOREST HILLS,1-Butene/Isobutene,1996-05-15T00:00,1.323,µg/m³,VOC,
40203,FOREST HILLS,1-Butene/Isobutene,1996-05-21T00:00,21.805,µg/m³,VOC,
40203,FOREST HILLS,1-Butene/Isobutene,1996-05-27T00:00,5.456,µg/m³,VOC,
40203,FOREST HILLS,1-Butene/Isobutene,1996-06-02T00:00,8.185,µg/m³,VOC,
40203,FOREST HILLS,1-Butene/Isobutene,1996-06-08T00:00,3.264,µg/m³,VOC,
40203,FOREST HILLS,1-Butene/Isobutene,1996-06-14T00:00,9.454,µg/m³,VOC,
40203,FOREST HILLS,1-Butene/Isobutene,1996-06-20T00:00,1.232,µg/m³,VOC,
40203,FOREST HILLS,1-Butene/Isobutene,1996-06-26T00:00,0.259,µg/m³,VOC,
40203,FOREST HILLS,1-Butene/Isobutene,1996-07-02T00:00,5.131,µg/m³,VOC,
40203,FOREST HILLS,1-Butene/Isobutene,1996-07-08T00:00,3.319,µg/m³,VOC,
40203,FOREST HILLS,1-Butene/Isobutene,1996-07-14T00:00,2.322,µg/m³,VOC,
40203,FOREST HILLS,1-Butene/Isobutene,1996-09-06T00:00,3.649,µg/m³,VOC,
40203,FOREST HILLS,1-Butene/Isobutene,1996-09-12T00:00,0.577,µg/m³,VOC,
40203,FOREST HILLS,1-Butene/Isobutene,1996-09-18T00:00,0.599,µg/m³,VOC,
40203,FOREST HILLS,1-Butene/Isobutene,1996-09-24T00:00,1.472,µg/m³,VOC,
40203,FOREST HILLS,1-Butene/Isobutene,1996-10-06T00:00,0.763,µg/m³,VOC,
40203,FOREST HILLS,1-Butene/Isobutene,1996-10-18T00:00,0.883,µg/m³,VOC,
40203,FOREST HILLS,1-Butene/Isobutene,1996-11-23T00:00,0.229,µg/m³,VOC,
40203,FOREST HILLS,1-Butene/Isobutene,1996-11-29T00:00,0.773,µg/m³,VOC,
40203,FOREST HILLS,1-Butene/Isobutene,1996-12-05T00:00,0.148,µg/m³,VOC,
40203,FOREST HILLS,1-Butene/Isobutene,1996-12-11T00:00,1.200,µg/m³,VOC,
40203,FOREST HILLS,1-Butene/Isobutene,1996-12-17T00:00,1.940,µg/m³,VOC,
