﻿NAPS_Site_ID,Station_Name,Pollutant,Date,Value,Units,Report_Type,Method
60427,GAGE INSTITUTE,13C12-P5CDF,2002-01-26T00:00,63.000,pg/m³,PCDD,GC-MS
60427,GAGE INSTITUTE,13C12-P5CDF,2002-02-19T00:00,86.000,pg/m³,PCDD,GC-MS
60427,GAGE INSTITUTE,13C12-P5CDF,2002-03-15T00:00,87.000,pg/m³,PCDD,GC-MS
60427,GAGE INSTITUTE,13C12-P5CDF,2002-04-08T00:00,87.000,pg/m³,PCDD,GC-MS
60427,GAGE INSTITUTE,13C12-P5CDF,2002-05-02T00:00,86.000,pg/m³,PCDD,GC-MS
60427,GAGE INSTITUTE,13C12-P5CDF,2002-05-26T00:00,89.000,pg/m³,PCDD,GC-MS
60427,GAGE INSTITUTE,13C12-P5CDF,2002-06-19T00:00,94.000,pg/m³,PCDD,GC-MS
60427,GAGE INSTITUTE,13C12-P5CDF,2002-07-13T00:00,78.000,pg/m³,PCDD,GC-MS
60427,GAGE INSTITUTE,13C12-P5CDF,2002-08-06T00:00,71.000,pg/m³,PCDD,GC-MS
60427,GAGE INSTITUTE,13C12-P5CDF,2002-09-23T00:00,80.000,pg/m³,PCDD,GC-MS
60427,GAGE INSTITUTE,13C12-P5CDF,2002-10-17T00:00,77.000,pg/m³,PCDD,GC-MS
60427,GAGE INSTITUTE,13C12-P5CDF,2002-11-10T00:00,70.000,pg/m³,PCDD,GC-MS
60427,GAGE INSTITUTE,13C12-P5CDF,2002-12-04T00:00,86.000,pg/m³,PCDD,GC-MS
60427,GAGE INSTITUTE,13C12-P5CDF,2002-12-28T00:00,72.000,pg/m³,PCDD,GC-MS
