﻿NAPS_Site_ID,Station_Name,Pollutant,Date,Value,Units,Report_Type,Method
63601,LONGWOODS CONS. AUTHORITY,n-Propylbenzene,1991-05-12T00:00,0.175,µg/m³,VOC,N/A
63601,LONGWOODS CONS. AUTHORITY,n-Propylbenzene,1991-05-24T00:00,0.000,µg/m³,VOC,N/A
63601,LONGWOODS CONS. AUTHORITY,n-Propylbenzene,1991-06-05T00:00,0.056,µg/m³,VOC,N/A
63601,LONGWOODS CONS. AUTHORITY,n-Propylbenzene,1991-06-11T00:00,0.115,µg/m³,VOC,N/A
63601,LONGWOODS CONS. AUTHORITY,n-Propylbenzene,1991-06-17T00:00,0.091,µg/m³,VOC,N/A
63601,LONGWOODS CONS. AUTHORITY,n-Propylbenzene,1991-06-29T00:00,0.593,µg/m³,VOC,N/A
63601,LONGWOODS CONS. AUTHORITY,n-Propylbenzene,1991-07-05T00:00,0.057,µg/m³,VOC,N/A
63601,LONGWOODS CONS. AUTHORITY,n-Propylbenzene,1991-07-11T00:00,0.086,µg/m³,VOC,N/A
63601,LONGWOODS CONS. AUTHORITY,n-Propylbenzene,1991-07-17T00:00,0.068,µg/m³,VOC,N/A
63601,LONGWOODS CONS. AUTHORITY,n-Propylbenzene,1991-07-23T00:00,0.047,µg/m³,VOC,N/A
63601,LONGWOODS CONS. AUTHORITY,n-Propylbenzene,1991-07-29T00:00,0.071,µg/m³,VOC,N/A
63601,LONGWOODS CONS. AUTHORITY,n-Propylbenzene,1991-08-04T00:00,0.000,µg/m³,VOC,N/A
63601,LONGWOODS CONS. AUTHORITY,n-Propylbenzene,1991-08-10T00:00,0.080,µg/m³,VOC,N/A
63601,LONGWOODS CONS. AUTHORITY,n-Propylbenzene,1991-08-16T00:00,0.098,µg/m³,VOC,N/A
63601,LONGWOODS CONS. AUTHORITY,n-Propylbenzene,1991-08-22T00:00,0.073,µg/m³,VOC,N/A
63601,LONGWOODS CONS. AUTHORITY,n-Propylbenzene,1991-08-28T00:00,0.057,µg/m³,VOC,N/A
63601,LONGWOODS CONS. AUTHORITY,n-Propylbenzene,1991-09-03T00:00,0.119,µg/m³,VOC,N/A
63601,LONGWOODS CONS. AUTHORITY,n-Propylbenzene,1991-09-09T00:00,0.061,µg/m³,VOC,N/A
63601,LONGWOODS CONS. AUTHORITY,n-Propylbenzene,1991-11-02T00:00,0.000,µg/m³,VOC,N/A
63601,LONGWOODS CONS. AUTHORITY,n-Propylbenzene,1991-11-08T00:00,0.000,µg/m³,VOC,N/A
63601,LONGWOODS CONS. AUTHORITY,n-Propylbenzene,1991-11-20T00:00,0.000,µg/m³,VOC,N/A
63601,LONGWOODS CONS. AUTHORITY,n-Propylbenzene,1991-12-08T00:00,0.000,µg/m³,VOC,N/A
63601,LONGWOODS CONS. AUTHORITY,n-Propylbenzene,1991-12-14T00:00,0.000,µg/m³,VOC,N/A
63601,LONGWOODS CONS. AUTHORITY,n-Propylbenzene,1991-12-20T00:00,0.000,µg/m³,VOC,N/A
63601,LONGWOODS CONS. AUTHORITY,n-Propylbenzene,1991-12-26T00:00,0.000,µg/m³,VOC,N/A
