﻿NAPS_Site_ID,Station_Name,Pollutant,Date,Value,Units,Report_Type,Method
60426,CLARKSON REFINERY,Naphthalene,1997-01-04T00:00,0.560,µg/m³,VOC,GC-MS
60426,CLARKSON REFINERY,Naphthalene,1997-01-10T00:00,0.280,µg/m³,VOC,GC-MS
60426,CLARKSON REFINERY,Naphthalene,1997-01-16T00:00,0.080,µg/m³,VOC,GC-MS
60426,CLARKSON REFINERY,Naphthalene,1997-01-22T00:00,1.960,µg/m³,VOC,GC-MS
60426,CLARKSON REFINERY,Naphthalene,1997-01-28T00:00,0.100,µg/m³,VOC,GC-MS
60426,CLARKSON REFINERY,Naphthalene,1997-02-03T00:00,0.220,µg/m³,VOC,GC-MS
60426,CLARKSON REFINERY,Naphthalene,1997-02-09T00:00,0.100,µg/m³,VOC,GC-MS
60426,CLARKSON REFINERY,Naphthalene,1997-02-15T00:00,0.100,µg/m³,VOC,GC-MS
60426,CLARKSON REFINERY,Naphthalene,1997-02-21T00:00,0.340,µg/m³,VOC,GC-MS
60426,CLARKSON REFINERY,Naphthalene,1997-02-27T00:00,0.160,µg/m³,VOC,GC-MS
60426,CLARKSON REFINERY,Naphthalene,1997-03-05T00:00,0.420,µg/m³,VOC,GC-MS
60426,CLARKSON REFINERY,Naphthalene,1997-03-11T00:00,0.000,µg/m³,VOC,GC-MS
60426,CLARKSON REFINERY,Naphthalene,1997-03-17T00:00,1.040,µg/m³,VOC,GC-MS
60426,CLARKSON REFINERY,Naphthalene,1997-03-23T00:00,0.000,µg/m³,VOC,GC-MS
60426,CLARKSON REFINERY,Naphthalene,1997-03-29T00:00,0.600,µg/m³,VOC,GC-MS
60426,CLARKSON REFINERY,Naphthalene,1997-04-04T00:00,1.080,µg/m³,VOC,GC-MS
60426,CLARKSON REFINERY,Naphthalene,1997-04-10T00:00,0.180,µg/m³,VOC,GC-MS
60426,CLARKSON REFINERY,Naphthalene,1997-04-16T00:00,0.320,µg/m³,VOC,GC-MS
60426,CLARKSON REFINERY,Naphthalene,1997-04-22T00:00,0.280,µg/m³,VOC,GC-MS
60426,CLARKSON REFINERY,Naphthalene,1997-04-28T00:00,0.120,µg/m³,VOC,GC-MS
60426,CLARKSON REFINERY,Naphthalene,1997-05-04T00:00,0.260,µg/m³,VOC,GC-MS
60426,CLARKSON REFINERY,Naphthalene,1997-05-10T00:00,0.080,µg/m³,VOC,GC-MS
60426,CLARKSON REFINERY,Naphthalene,1997-05-16T00:00,0.080,µg/m³,VOC,GC-MS
60426,CLARKSON REFINERY,Naphthalene,1997-05-22T00:00,0.020,µg/m³,VOC,GC-MS
60426,CLARKSON REFINERY,Naphthalene,1997-05-28T00:00,0.320,µg/m³,VOC,GC-MS
60426,CLARKSON REFINERY,Naphthalene,1997-06-09T00:00,0.374,µg/m³,VOC,GC-MS
60426,CLARKSON REFINERY,Naphthalene,1997-06-15T00:00,0.332,µg/m³,VOC,GC-MS
60426,CLARKSON REFINERY,Naphthalene,1997-06-21T00:00,0.354,µg/m³,VOC,GC-MS
60426,CLARKSON REFINERY,Naphthalene,1997-06-27T00:00,0.290,µg/m³,VOC,GC-MS
60426,CLARKSON REFINERY,Naphthalene,1997-07-03T00:00,0.250,µg/m³,VOC,GC-MS
60426,CLARKSON REFINERY,Naphthalene,1997-07-09T00:00,0.251,µg/m³,VOC,GC-MS
60426,CLARKSON REFINERY,Naphthalene,1997-07-15T00:00,0.696,µg/m³,VOC,GC-MS
60426,CLARKSON REFINERY,Naphthalene,1997-08-08T00:00,0.889,µg/m³,VOC,GC-MS
60426,CLARKSON REFINERY,Naphthalene,1997-08-14T00:00,0.497,µg/m³,VOC,GC-MS
60426,CLARKSON REFINERY,Naphthalene,1997-08-20T00:00,0.148,µg/m³,VOC,GC-MS
60426,CLARKSON REFINERY,Naphthalene,1997-10-25T00:00,0.116,µg/m³,VOC,GC-MS
60426,CLARKSON REFINERY,Naphthalene,1997-10-31T00:00,0.256,µg/m³,VOC,GC-MS
60426,CLARKSON REFINERY,Naphthalene,1997-11-06T00:00,0.249,µg/m³,VOC,GC-MS
60426,CLARKSON REFINERY,Naphthalene,1997-11-12T00:00,0.173,µg/m³,VOC,GC-MS
60426,CLARKSON REFINERY,Naphthalene,1997-11-18T00:00,0.209,µg/m³,VOC,GC-MS
60426,CLARKSON REFINERY,Naphthalene,1997-11-24T00:00,0.085,µg/m³,VOC,GC-MS
60426,CLARKSON REFINERY,Naphthalene,1997-11-30T00:00,0.235,µg/m³,VOC,GC-MS
60426,CLARKSON REFINERY,Naphthalene,1997-12-06T00:00,0.135,µg/m³,VOC,GC-MS
60426,CLARKSON REFINERY,Naphthalene,1997-12-12T00:00,0.180,µg/m³,VOC,GC-MS
60426,CLARKSON REFINERY,Naphthalene,1997-12-18T00:00,0.560,µg/m³,VOC,GC-MS
60426,CLARKSON REFINERY,Naphthalene,1997-12-24T00:00,0.060,µg/m³,VOC,GC-MS
60426,CLARKSON REFINERY,Naphthalene,1997-12-30T00:00,0.040,µg/m³,VOC,GC-MS
