﻿NAPS_Site_ID,Station_Name,Pollutant,Date,Value,Units,Report_Type,Method
100110,KENSINGTON PARK,o-Xylene,1995-01-21T00:00,4.013,µg/m³,VOC,GC-MS
100110,KENSINGTON PARK,o-Xylene,1995-02-26T00:00,1.024,µg/m³,VOC,GC-MS
100110,KENSINGTON PARK,o-Xylene,1995-04-03T00:00,1.442,µg/m³,VOC,GC-MS
100110,KENSINGTON PARK,o-Xylene,1995-05-09T00:00,0.965,µg/m³,VOC,GC-MS
100110,KENSINGTON PARK,o-Xylene,1995-06-14T00:00,0.786,µg/m³,VOC,GC-MS
100110,KENSINGTON PARK,o-Xylene,1995-07-26T00:00,1.246,µg/m³,VOC,GC-MS
100110,KENSINGTON PARK,o-Xylene,1995-09-30T00:00,0.488,µg/m³,VOC,GC-MS
100110,KENSINGTON PARK,o-Xylene,1995-11-05T00:00,0.736,µg/m³,VOC,GC-MS
100110,KENSINGTON PARK,o-Xylene,1995-12-11T00:00,0.809,µg/m³,VOC,GC-MS
