﻿NAPS_Site_ID,Station_Name,Pollutant,Date,Value,Units,Report_Type,Method
100119,BURNABY SOUTH,Ethane,2016-01-06T19:00,8.062,µg/m³,VOC,N/A
100119,BURNABY SOUTH,Ethane,2016-01-12T19:00,4.482,µg/m³,VOC,N/A
100119,BURNABY SOUTH,Ethane,2016-01-18T19:00,5.016,µg/m³,VOC,N/A
100119,BURNABY SOUTH,Ethane,2016-01-24T19:00,4.426,µg/m³,VOC,N/A
100119,BURNABY SOUTH,Ethane,2016-01-30T19:00,3.603,µg/m³,VOC,N/A
100119,BURNABY SOUTH,Ethane,2016-02-05T19:00,4.744,µg/m³,VOC,N/A
100119,BURNABY SOUTH,Ethane,2016-02-11T19:00,3.182,µg/m³,VOC,N/A
100119,BURNABY SOUTH,Ethane,2016-02-17T19:00,3.539,µg/m³,VOC,N/A
100119,BURNABY SOUTH,Ethane,2016-02-29T19:00,2.913,µg/m³,VOC,N/A
100119,BURNABY SOUTH,Ethane,2016-03-06T19:00,3.830,µg/m³,VOC,N/A
100119,BURNABY SOUTH,Ethane,2016-03-12T19:00,2.940,µg/m³,VOC,N/A
100119,BURNABY SOUTH,Ethane,2016-03-18T20:00,4.032,µg/m³,VOC,N/A
100119,BURNABY SOUTH,Ethane,2016-03-24T20:00,4.600,µg/m³,VOC,N/A
100119,BURNABY SOUTH,Ethane,2016-04-11T20:00,3.108,µg/m³,VOC,N/A
100119,BURNABY SOUTH,Ethane,2016-04-17T20:00,3.497,µg/m³,VOC,N/A
100119,BURNABY SOUTH,Ethane,2016-04-23T20:00,2.940,µg/m³,VOC,N/A
100119,BURNABY SOUTH,Ethane,2016-04-29T20:00,3.418,µg/m³,VOC,N/A
100119,BURNABY SOUTH,Ethane,2016-05-05T20:00,3.557,µg/m³,VOC,N/A
100119,BURNABY SOUTH,Ethane,2016-05-11T20:00,3.691,µg/m³,VOC,N/A
100119,BURNABY SOUTH,Ethane,2016-05-17T20:00,2.217,µg/m³,VOC,N/A
100119,BURNABY SOUTH,Ethane,2016-05-23T20:00,3.131,µg/m³,VOC,N/A
100119,BURNABY SOUTH,Ethane,2016-05-29T20:00,2.560,µg/m³,VOC,N/A
100119,BURNABY SOUTH,Ethane,2016-06-04T20:00,3.087,µg/m³,VOC,N/A
100119,BURNABY SOUTH,Ethane,2016-06-10T20:00,1.783,µg/m³,VOC,N/A
100119,BURNABY SOUTH,Ethane,2016-06-16T20:00,2.522,µg/m³,VOC,N/A
100119,BURNABY SOUTH,Ethane,2016-06-22T20:00,1.972,µg/m³,VOC,N/A
100119,BURNABY SOUTH,Ethane,2016-06-28T20:00,1.505,µg/m³,VOC,N/A
100119,BURNABY SOUTH,Ethane,2016-07-04T20:00,1.609,µg/m³,VOC,N/A
100119,BURNABY SOUTH,Ethane,2016-07-10T20:00,1.496,µg/m³,VOC,N/A
100119,BURNABY SOUTH,Ethane,2016-07-28T20:00,2.136,µg/m³,VOC,N/A
100119,BURNABY SOUTH,Ethane,2016-08-03T20:00,2.136,µg/m³,VOC,N/A
100119,BURNABY SOUTH,Ethane,2016-08-15T20:00,2.323,µg/m³,VOC,N/A
100119,BURNABY SOUTH,Ethane,2016-09-02T20:00,2.568,µg/m³,VOC,N/A
100119,BURNABY SOUTH,Ethane,2016-09-14T20:00,2.401,µg/m³,VOC,N/A
100119,BURNABY SOUTH,Ethane,2016-09-20T20:00,3.448,µg/m³,VOC,N/A
100119,BURNABY SOUTH,Ethane,2016-09-26T20:00,2.345,µg/m³,VOC,N/A
100119,BURNABY SOUTH,Ethane,2016-10-02T20:00,3.314,µg/m³,VOC,N/A
100119,BURNABY SOUTH,Ethane,2016-10-08T20:00,3.154,µg/m³,VOC,N/A
100119,BURNABY SOUTH,Ethane,2016-10-14T20:00,1.994,µg/m³,VOC,N/A
100119,BURNABY SOUTH,Ethane,2016-10-20T20:00,2.870,µg/m³,VOC,N/A
100119,BURNABY SOUTH,Ethane,2016-10-26T20:00,2.119,µg/m³,VOC,N/A
100119,BURNABY SOUTH,Ethane,2016-11-01T20:00,2.186,µg/m³,VOC,N/A
100119,BURNABY SOUTH,Ethane,2016-11-07T19:00,2.654,µg/m³,VOC,N/A
100119,BURNABY SOUTH,Ethane,2016-11-13T19:00,3.372,µg/m³,VOC,N/A
100119,BURNABY SOUTH,Ethane,2016-11-19T19:00,2.018,µg/m³,VOC,N/A
100119,BURNABY SOUTH,Ethane,2016-11-25T19:00,2.317,µg/m³,VOC,N/A
100119,BURNABY SOUTH,Ethane,2016-12-01T19:00,1.797,µg/m³,VOC,N/A
100119,BURNABY SOUTH,Ethane,2016-12-07T19:00,2.792,µg/m³,VOC,N/A
100119,BURNABY SOUTH,Ethane,2016-12-13T19:00,5.200,µg/m³,VOC,N/A
100119,BURNABY SOUTH,Ethane,2016-12-19T19:00,3.984,µg/m³,VOC,N/A
