﻿NAPS_Site_ID,Station_Name,Pollutant,Date,Value,Units,Report_Type,Method
61004,CENTENNIAL PARK _SARNIA_,Methylcyclohexane,2007-01-06T00:00,0.085,µg/m³,VOC,N/A
61004,CENTENNIAL PARK _SARNIA_,Methylcyclohexane,2007-01-12T00:00,1.350,µg/m³,VOC,N/A
61004,CENTENNIAL PARK _SARNIA_,Methylcyclohexane,2007-01-18T00:00,0.551,µg/m³,VOC,N/A
61004,CENTENNIAL PARK _SARNIA_,Methylcyclohexane,2007-01-24T00:00,0.051,µg/m³,VOC,N/A
61004,CENTENNIAL PARK _SARNIA_,Methylcyclohexane,2007-01-30T00:00,0.194,µg/m³,VOC,N/A
61004,CENTENNIAL PARK _SARNIA_,Methylcyclohexane,2007-02-05T00:00,0.054,µg/m³,VOC,N/A
61004,CENTENNIAL PARK _SARNIA_,Methylcyclohexane,2007-02-11T00:00,0.065,µg/m³,VOC,N/A
61004,CENTENNIAL PARK _SARNIA_,Methylcyclohexane,2007-02-17T00:00,0.561,µg/m³,VOC,N/A
61004,CENTENNIAL PARK _SARNIA_,Methylcyclohexane,2007-02-23T00:00,0.016,µg/m³,VOC,N/A
61004,CENTENNIAL PARK _SARNIA_,Methylcyclohexane,2007-03-07T00:00,0.253,µg/m³,VOC,N/A
61004,CENTENNIAL PARK _SARNIA_,Methylcyclohexane,2007-03-13T00:00,3.644,µg/m³,VOC,N/A
61004,CENTENNIAL PARK _SARNIA_,Methylcyclohexane,2007-03-19T00:00,1.000,µg/m³,VOC,N/A
61004,CENTENNIAL PARK _SARNIA_,Methylcyclohexane,2007-03-25T00:00,0.262,µg/m³,VOC,N/A
61004,CENTENNIAL PARK _SARNIA_,Methylcyclohexane,2007-03-31T00:00,0.041,µg/m³,VOC,N/A
61004,CENTENNIAL PARK _SARNIA_,Methylcyclohexane,2007-04-06T00:00,0.025,µg/m³,VOC,N/A
61004,CENTENNIAL PARK _SARNIA_,Methylcyclohexane,2007-04-12T00:00,0.502,µg/m³,VOC,N/A
61004,CENTENNIAL PARK _SARNIA_,Methylcyclohexane,2007-04-18T00:00,0.017,µg/m³,VOC,N/A
61004,CENTENNIAL PARK _SARNIA_,Methylcyclohexane,2007-04-24T00:00,0.024,µg/m³,VOC,N/A
61004,CENTENNIAL PARK _SARNIA_,Methylcyclohexane,2007-04-30T00:00,0.015,µg/m³,VOC,N/A
61004,CENTENNIAL PARK _SARNIA_,Methylcyclohexane,2007-05-06T00:00,0.350,µg/m³,VOC,N/A
61004,CENTENNIAL PARK _SARNIA_,Methylcyclohexane,2007-05-12T00:00,0.004,µg/m³,VOC,N/A
61004,CENTENNIAL PARK _SARNIA_,Methylcyclohexane,2007-05-18T00:00,0.398,µg/m³,VOC,N/A
61004,CENTENNIAL PARK _SARNIA_,Methylcyclohexane,2007-05-24T00:00,3.112,µg/m³,VOC,N/A
61004,CENTENNIAL PARK _SARNIA_,Methylcyclohexane,2007-06-11T00:00,0.028,µg/m³,VOC,N/A
61004,CENTENNIAL PARK _SARNIA_,Methylcyclohexane,2007-06-17T00:00,0.386,µg/m³,VOC,N/A
61004,CENTENNIAL PARK _SARNIA_,Methylcyclohexane,2007-06-23T00:00,0.764,µg/m³,VOC,N/A
61004,CENTENNIAL PARK _SARNIA_,Methylcyclohexane,2007-07-05T00:00,0.336,µg/m³,VOC,N/A
61004,CENTENNIAL PARK _SARNIA_,Methylcyclohexane,2007-07-11T00:00,0.444,µg/m³,VOC,N/A
61004,CENTENNIAL PARK _SARNIA_,Methylcyclohexane,2007-07-17T00:00,0.316,µg/m³,VOC,N/A
61004,CENTENNIAL PARK _SARNIA_,Methylcyclohexane,2007-07-29T00:00,0.022,µg/m³,VOC,N/A
61004,CENTENNIAL PARK _SARNIA_,Methylcyclohexane,2007-08-04T00:00,0.019,µg/m³,VOC,N/A
61004,CENTENNIAL PARK _SARNIA_,Methylcyclohexane,2007-08-10T00:00,0.055,µg/m³,VOC,N/A
61004,CENTENNIAL PARK _SARNIA_,Methylcyclohexane,2007-08-16T00:00,0.425,µg/m³,VOC,N/A
61004,CENTENNIAL PARK _SARNIA_,Methylcyclohexane,2007-08-22T00:00,0.376,µg/m³,VOC,N/A
61004,CENTENNIAL PARK _SARNIA_,Methylcyclohexane,2007-09-03T00:00,0.161,µg/m³,VOC,N/A
61004,CENTENNIAL PARK _SARNIA_,Methylcyclohexane,2007-09-09T00:00,0.039,µg/m³,VOC,N/A
61004,CENTENNIAL PARK _SARNIA_,Methylcyclohexane,2007-09-15T00:00,0.077,µg/m³,VOC,N/A
61004,CENTENNIAL PARK _SARNIA_,Methylcyclohexane,2007-09-21T00:00,0.700,µg/m³,VOC,N/A
61004,CENTENNIAL PARK _SARNIA_,Methylcyclohexane,2007-09-27T00:00,0.099,µg/m³,VOC,N/A
61004,CENTENNIAL PARK _SARNIA_,Methylcyclohexane,2007-10-03T00:00,0.167,µg/m³,VOC,N/A
61004,CENTENNIAL PARK _SARNIA_,Methylcyclohexane,2007-10-15T00:00,0.158,µg/m³,VOC,N/A
61004,CENTENNIAL PARK _SARNIA_,Methylcyclohexane,2007-10-21T00:00,1.624,µg/m³,VOC,N/A
61004,CENTENNIAL PARK _SARNIA_,Methylcyclohexane,2007-10-27T00:00,0.247,µg/m³,VOC,N/A
61004,CENTENNIAL PARK _SARNIA_,Methylcyclohexane,2007-11-02T00:00,0.407,µg/m³,VOC,N/A
61004,CENTENNIAL PARK _SARNIA_,Methylcyclohexane,2007-11-08T00:00,0.376,µg/m³,VOC,N/A
61004,CENTENNIAL PARK _SARNIA_,Methylcyclohexane,2007-11-14T00:00,0.454,µg/m³,VOC,N/A
61004,CENTENNIAL PARK _SARNIA_,Methylcyclohexane,2007-11-20T00:00,0.135,µg/m³,VOC,N/A
61004,CENTENNIAL PARK _SARNIA_,Methylcyclohexane,2007-11-26T00:00,0.169,µg/m³,VOC,N/A
61004,CENTENNIAL PARK _SARNIA_,Methylcyclohexane,2007-12-02T00:00,0.195,µg/m³,VOC,N/A
61004,CENTENNIAL PARK _SARNIA_,Methylcyclohexane,2007-12-20T00:00,0.191,µg/m³,VOC,N/A
61004,CENTENNIAL PARK _SARNIA_,Methylcyclohexane,2007-12-26T00:00,0.649,µg/m³,VOC,N/A
