﻿NAPS_Site_ID,Station_Name,Pollutant,Date,Value,Units,Report_Type,Method
62601,EXPERIMENTAL FARM _SIMCOE_,Decane,2011-01-03T00:00,0.044,µg/m³,VOC,GC-MS
62601,EXPERIMENTAL FARM _SIMCOE_,Decane,2011-01-03T00:00,0.045,µg/m³,VOC,GC-MS
62601,EXPERIMENTAL FARM _SIMCOE_,Decane,2011-01-06T00:00,0.017,µg/m³,VOC,GC-MS
62601,EXPERIMENTAL FARM _SIMCOE_,Decane,2011-01-09T00:00,0.004,µg/m³,VOC,GC-MS
62601,EXPERIMENTAL FARM _SIMCOE_,Decane,2011-01-09T00:00,0.013,µg/m³,VOC,GC-MS
62601,EXPERIMENTAL FARM _SIMCOE_,Decane,2011-01-12T00:00,0.006,µg/m³,VOC,GC-MS
62601,EXPERIMENTAL FARM _SIMCOE_,Decane,2011-01-15T00:00,0.020,µg/m³,VOC,GC-MS
62601,EXPERIMENTAL FARM _SIMCOE_,Decane,2011-01-15T00:00,0.033,µg/m³,VOC,GC-MS
62601,EXPERIMENTAL FARM _SIMCOE_,Decane,2011-01-18T00:00,0.035,µg/m³,VOC,GC-MS
62601,EXPERIMENTAL FARM _SIMCOE_,Decane,2011-01-21T00:00,0.006,µg/m³,VOC,GC-MS
62601,EXPERIMENTAL FARM _SIMCOE_,Decane,2011-01-21T00:00,0.032,µg/m³,VOC,GC-MS
62601,EXPERIMENTAL FARM _SIMCOE_,Decane,2011-01-24T00:00,0.005,µg/m³,VOC,GC-MS
62601,EXPERIMENTAL FARM _SIMCOE_,Decane,2011-01-27T00:00,0.047,µg/m³,VOC,GC-MS
62601,EXPERIMENTAL FARM _SIMCOE_,Decane,2011-01-27T00:00,0.065,µg/m³,VOC,GC-MS
62601,EXPERIMENTAL FARM _SIMCOE_,Decane,2011-01-30T00:00,0.009,µg/m³,VOC,GC-MS
62601,EXPERIMENTAL FARM _SIMCOE_,Decane,2011-02-02T00:00,0.022,µg/m³,VOC,GC-MS
62601,EXPERIMENTAL FARM _SIMCOE_,Decane,2011-02-02T00:00,0.028,µg/m³,VOC,GC-MS
62601,EXPERIMENTAL FARM _SIMCOE_,Decane,2011-02-05T00:00,0.022,µg/m³,VOC,GC-MS
62601,EXPERIMENTAL FARM _SIMCOE_,Decane,2011-02-08T00:00,0.004,µg/m³,VOC,GC-MS
62601,EXPERIMENTAL FARM _SIMCOE_,Decane,2011-02-08T00:00,0.010,µg/m³,VOC,GC-MS
62601,EXPERIMENTAL FARM _SIMCOE_,Decane,2011-02-11T00:00,0.019,µg/m³,VOC,GC-MS
62601,EXPERIMENTAL FARM _SIMCOE_,Decane,2011-02-14T00:00,0.008,µg/m³,VOC,GC-MS
62601,EXPERIMENTAL FARM _SIMCOE_,Decane,2011-02-14T00:00,0.016,µg/m³,VOC,GC-MS
62601,EXPERIMENTAL FARM _SIMCOE_,Decane,2011-02-17T00:00,0.023,µg/m³,VOC,GC-MS
62601,EXPERIMENTAL FARM _SIMCOE_,Decane,2011-02-20T00:00,0.010,µg/m³,VOC,GC-MS
62601,EXPERIMENTAL FARM _SIMCOE_,Decane,2011-02-20T00:00,0.014,µg/m³,VOC,GC-MS
62601,EXPERIMENTAL FARM _SIMCOE_,Decane,2011-02-26T00:00,0.016,µg/m³,VOC,GC-MS
62601,EXPERIMENTAL FARM _SIMCOE_,Decane,2011-02-26T00:00,0.019,µg/m³,VOC,GC-MS
62601,EXPERIMENTAL FARM _SIMCOE_,Decane,2011-03-01T00:00,0.006,µg/m³,VOC,GC-MS
62601,EXPERIMENTAL FARM _SIMCOE_,Decane,2011-03-04T00:00,0.021,µg/m³,VOC,GC-MS
62601,EXPERIMENTAL FARM _SIMCOE_,Decane,2011-03-04T00:00,0.027,µg/m³,VOC,GC-MS
62601,EXPERIMENTAL FARM _SIMCOE_,Decane,2011-03-07T00:00,0.010,µg/m³,VOC,GC-MS
62601,EXPERIMENTAL FARM _SIMCOE_,Decane,2011-03-10T00:00,0.026,µg/m³,VOC,GC-MS
62601,EXPERIMENTAL FARM _SIMCOE_,Decane,2011-03-10T00:00,0.031,µg/m³,VOC,GC-MS
62601,EXPERIMENTAL FARM _SIMCOE_,Decane,2011-03-13T00:00,0.010,µg/m³,VOC,GC-MS
62601,EXPERIMENTAL FARM _SIMCOE_,Decane,2011-03-16T00:00,0.039,µg/m³,VOC,GC-MS
62601,EXPERIMENTAL FARM _SIMCOE_,Decane,2011-03-16T00:00,0.051,µg/m³,VOC,GC-MS
62601,EXPERIMENTAL FARM _SIMCOE_,Decane,2011-03-19T00:00,0.013,µg/m³,VOC,GC-MS
62601,EXPERIMENTAL FARM _SIMCOE_,Decane,2011-03-22T00:00,0.015,µg/m³,VOC,GC-MS
62601,EXPERIMENTAL FARM _SIMCOE_,Decane,2011-03-22T00:00,0.029,µg/m³,VOC,GC-MS
62601,EXPERIMENTAL FARM _SIMCOE_,Decane,2011-03-25T00:00,0.004,µg/m³,VOC,GC-MS
62601,EXPERIMENTAL FARM _SIMCOE_,Decane,2011-03-28T00:00,0.002,µg/m³,VOC,GC-MS
62601,EXPERIMENTAL FARM _SIMCOE_,Decane,2011-03-28T00:00,0.009,µg/m³,VOC,GC-MS
62601,EXPERIMENTAL FARM _SIMCOE_,Decane,2011-03-31T00:00,0.039,µg/m³,VOC,GC-MS
