﻿NAPS_Site_ID,Station_Name,Pollutant,Date,Value,Units,Report_Type,Method
60211,WINDSOR WEST,"1,2-Dichloroethane",2007-01-06T00:00,0.066,µg/m³,VOC,N/A
60211,WINDSOR WEST,"1,2-Dichloroethane",2007-01-12T00:00,0.067,µg/m³,VOC,N/A
60211,WINDSOR WEST,"1,2-Dichloroethane",2007-01-18T00:00,0.060,µg/m³,VOC,N/A
60211,WINDSOR WEST,"1,2-Dichloroethane",2007-01-24T00:00,0.053,µg/m³,VOC,N/A
60211,WINDSOR WEST,"1,2-Dichloroethane",2007-01-30T00:00,0.052,µg/m³,VOC,N/A
60211,WINDSOR WEST,"1,2-Dichloroethane",2007-02-05T00:00,0.046,µg/m³,VOC,N/A
60211,WINDSOR WEST,"1,2-Dichloroethane",2007-02-11T00:00,0.052,µg/m³,VOC,N/A
60211,WINDSOR WEST,"1,2-Dichloroethane",2007-02-17T00:00,0.064,µg/m³,VOC,N/A
60211,WINDSOR WEST,"1,2-Dichloroethane",2007-02-23T00:00,0.054,µg/m³,VOC,N/A
60211,WINDSOR WEST,"1,2-Dichloroethane",2007-03-01T00:00,0.052,µg/m³,VOC,N/A
60211,WINDSOR WEST,"1,2-Dichloroethane",2007-03-07T00:00,0.046,µg/m³,VOC,N/A
60211,WINDSOR WEST,"1,2-Dichloroethane",2007-03-13T00:00,0.073,µg/m³,VOC,N/A
60211,WINDSOR WEST,"1,2-Dichloroethane",2007-03-19T00:00,0.100,µg/m³,VOC,N/A
60211,WINDSOR WEST,"1,2-Dichloroethane",2007-03-25T00:00,0.053,µg/m³,VOC,N/A
60211,WINDSOR WEST,"1,2-Dichloroethane",2007-03-31T00:00,0.055,µg/m³,VOC,N/A
60211,WINDSOR WEST,"1,2-Dichloroethane",2007-04-06T00:00,0.045,µg/m³,VOC,N/A
60211,WINDSOR WEST,"1,2-Dichloroethane",2007-04-12T00:00,0.049,µg/m³,VOC,N/A
60211,WINDSOR WEST,"1,2-Dichloroethane",2007-04-18T00:00,0.047,µg/m³,VOC,N/A
60211,WINDSOR WEST,"1,2-Dichloroethane",2007-04-24T00:00,0.056,µg/m³,VOC,N/A
60211,WINDSOR WEST,"1,2-Dichloroethane",2007-05-12T00:00,0.049,µg/m³,VOC,N/A
60211,WINDSOR WEST,"1,2-Dichloroethane",2007-05-18T00:00,0.065,µg/m³,VOC,N/A
60211,WINDSOR WEST,"1,2-Dichloroethane",2007-06-05T00:00,0.054,µg/m³,VOC,N/A
60211,WINDSOR WEST,"1,2-Dichloroethane",2007-06-11T00:00,0.065,µg/m³,VOC,N/A
60211,WINDSOR WEST,"1,2-Dichloroethane",2007-06-18T00:00,0.048,µg/m³,VOC,N/A
60211,WINDSOR WEST,"1,2-Dichloroethane",2007-06-19T00:00,0.047,µg/m³,VOC,N/A
60211,WINDSOR WEST,"1,2-Dichloroethane",2007-06-20T00:00,0.052,µg/m³,VOC,N/A
60211,WINDSOR WEST,"1,2-Dichloroethane",2007-06-21T00:00,0.048,µg/m³,VOC,N/A
60211,WINDSOR WEST,"1,2-Dichloroethane",2007-06-22T00:00,0.044,µg/m³,VOC,N/A
60211,WINDSOR WEST,"1,2-Dichloroethane",2007-06-26T00:00,0.043,µg/m³,VOC,N/A
60211,WINDSOR WEST,"1,2-Dichloroethane",2007-06-27T00:00,0.051,µg/m³,VOC,N/A
60211,WINDSOR WEST,"1,2-Dichloroethane",2007-06-28T00:00,0.044,µg/m³,VOC,N/A
60211,WINDSOR WEST,"1,2-Dichloroethane",2007-06-29T00:00,0.039,µg/m³,VOC,N/A
60211,WINDSOR WEST,"1,2-Dichloroethane",2007-06-30T00:00,0.046,µg/m³,VOC,N/A
60211,WINDSOR WEST,"1,2-Dichloroethane",2007-07-02T00:00,0.041,µg/m³,VOC,N/A
60211,WINDSOR WEST,"1,2-Dichloroethane",2007-07-03T00:00,0.037,µg/m³,VOC,N/A
60211,WINDSOR WEST,"1,2-Dichloroethane",2007-07-04T00:00,0.046,µg/m³,VOC,N/A
60211,WINDSOR WEST,"1,2-Dichloroethane",2007-07-05T00:00,0.046,µg/m³,VOC,N/A
60211,WINDSOR WEST,"1,2-Dichloroethane",2007-07-06T00:00,0.051,µg/m³,VOC,N/A
60211,WINDSOR WEST,"1,2-Dichloroethane",2007-07-09T00:00,0.034,µg/m³,VOC,N/A
60211,WINDSOR WEST,"1,2-Dichloroethane",2007-07-10T00:00,0.038,µg/m³,VOC,N/A
60211,WINDSOR WEST,"1,2-Dichloroethane",2007-07-13T00:00,0.038,µg/m³,VOC,N/A
60211,WINDSOR WEST,"1,2-Dichloroethane",2007-07-14T00:00,0.050,µg/m³,VOC,N/A
60211,WINDSOR WEST,"1,2-Dichloroethane",2007-08-22T00:00,0.032,µg/m³,VOC,N/A
60211,WINDSOR WEST,"1,2-Dichloroethane",2007-08-28T00:00,0.034,µg/m³,VOC,N/A
60211,WINDSOR WEST,"1,2-Dichloroethane",2007-09-03T00:00,0.034,µg/m³,VOC,N/A
60211,WINDSOR WEST,"1,2-Dichloroethane",2007-09-09T00:00,0.033,µg/m³,VOC,N/A
60211,WINDSOR WEST,"1,2-Dichloroethane",2007-09-15T00:00,0.035,µg/m³,VOC,N/A
60211,WINDSOR WEST,"1,2-Dichloroethane",2007-09-21T00:00,0.040,µg/m³,VOC,N/A
60211,WINDSOR WEST,"1,2-Dichloroethane",2007-09-27T00:00,0.039,µg/m³,VOC,N/A
60211,WINDSOR WEST,"1,2-Dichloroethane",2007-10-03T00:00,0.043,µg/m³,VOC,N/A
60211,WINDSOR WEST,"1,2-Dichloroethane",2007-10-09T00:00,0.028,µg/m³,VOC,N/A
60211,WINDSOR WEST,"1,2-Dichloroethane",2007-10-21T00:00,0.034,µg/m³,VOC,N/A
60211,WINDSOR WEST,"1,2-Dichloroethane",2007-10-27T00:00,0.042,µg/m³,VOC,N/A
60211,WINDSOR WEST,"1,2-Dichloroethane",2007-11-02T00:00,0.073,µg/m³,VOC,N/A
60211,WINDSOR WEST,"1,2-Dichloroethane",2007-11-14T00:00,0.054,µg/m³,VOC,N/A
60211,WINDSOR WEST,"1,2-Dichloroethane",2007-11-20T00:00,0.060,µg/m³,VOC,N/A
60211,WINDSOR WEST,"1,2-Dichloroethane",2007-11-26T00:00,0.055,µg/m³,VOC,N/A
60211,WINDSOR WEST,"1,2-Dichloroethane",2007-12-02T00:00,0.045,µg/m³,VOC,N/A
60211,WINDSOR WEST,"1,2-Dichloroethane",2007-12-08T00:00,0.049,µg/m³,VOC,N/A
60211,WINDSOR WEST,"1,2-Dichloroethane",2007-12-14T00:00,0.046,µg/m³,VOC,N/A
60211,WINDSOR WEST,"1,2-Dichloroethane",2007-12-20T00:00,0.054,µg/m³,VOC,N/A
60211,WINDSOR WEST,"1,2-Dichloroethane",2007-12-26T00:00,0.051,µg/m³,VOC,N/A
