﻿NAPS_Site_ID,Station_Name,Pollutant,Date,Value,Units,Report_Type,Method
90227,CALGARY CENTRAL,Freon 11,2003-01-03T00:00,1.896,µg/m³,VOC,N/A
90227,CALGARY CENTRAL,Freon 11,2003-01-09T00:00,3.177,µg/m³,VOC,N/A
90227,CALGARY CENTRAL,Freon 11,2003-01-15T00:00,2.052,µg/m³,VOC,N/A
90227,CALGARY CENTRAL,Freon 11,2003-01-21T00:00,1.885,µg/m³,VOC,N/A
90227,CALGARY CENTRAL,Freon 11,2003-01-27T00:00,1.879,µg/m³,VOC,N/A
90227,CALGARY CENTRAL,Freon 11,2003-02-02T00:00,1.804,µg/m³,VOC,N/A
90227,CALGARY CENTRAL,Freon 11,2003-02-08T00:00,1.893,µg/m³,VOC,N/A
90227,CALGARY CENTRAL,Freon 11,2003-02-14T00:00,1.877,µg/m³,VOC,N/A
90227,CALGARY CENTRAL,Freon 11,2003-02-20T00:00,1.864,µg/m³,VOC,N/A
90227,CALGARY CENTRAL,Freon 11,2003-02-26T00:00,2.076,µg/m³,VOC,N/A
90227,CALGARY CENTRAL,Freon 11,2003-03-04T00:00,2.144,µg/m³,VOC,N/A
90227,CALGARY CENTRAL,Freon 11,2003-03-10T00:00,1.726,µg/m³,VOC,N/A
90227,CALGARY CENTRAL,Freon 11,2003-03-16T00:00,1.732,µg/m³,VOC,N/A
90227,CALGARY CENTRAL,Freon 11,2003-03-22T00:00,1.698,µg/m³,VOC,N/A
90227,CALGARY CENTRAL,Freon 11,2003-03-28T00:00,1.653,µg/m³,VOC,N/A
90227,CALGARY CENTRAL,Freon 11,2003-04-03T00:00,1.644,µg/m³,VOC,N/A
90227,CALGARY CENTRAL,Freon 11,2003-04-09T00:00,1.653,µg/m³,VOC,N/A
90227,CALGARY CENTRAL,Freon 11,2003-04-15T00:00,2.109,µg/m³,VOC,N/A
90227,CALGARY CENTRAL,Freon 11,2003-04-21T00:00,1.789,µg/m³,VOC,N/A
90227,CALGARY CENTRAL,Freon 11,2003-04-27T00:00,1.749,µg/m³,VOC,N/A
90227,CALGARY CENTRAL,Freon 11,2003-05-03T00:00,1.735,µg/m³,VOC,N/A
90227,CALGARY CENTRAL,Freon 11,2003-05-09T00:00,1.601,µg/m³,VOC,N/A
90227,CALGARY CENTRAL,Freon 11,2003-05-15T00:00,1.711,µg/m³,VOC,N/A
90227,CALGARY CENTRAL,Freon 11,2003-05-27T00:00,1.790,µg/m³,VOC,N/A
90227,CALGARY CENTRAL,Freon 11,2003-06-02T00:00,1.550,µg/m³,VOC,N/A
90227,CALGARY CENTRAL,Freon 11,2003-06-08T00:00,1.561,µg/m³,VOC,N/A
90227,CALGARY CENTRAL,Freon 11,2003-06-14T00:00,1.555,µg/m³,VOC,N/A
90227,CALGARY CENTRAL,Freon 11,2003-06-20T00:00,1.674,µg/m³,VOC,N/A
90227,CALGARY CENTRAL,Freon 11,2003-06-26T00:00,1.604,µg/m³,VOC,N/A
90227,CALGARY CENTRAL,Freon 11,2003-07-02T00:00,1.688,µg/m³,VOC,N/A
90227,CALGARY CENTRAL,Freon 11,2003-07-08T00:00,2.055,µg/m³,VOC,N/A
90227,CALGARY CENTRAL,Freon 11,2003-07-14T00:00,1.857,µg/m³,VOC,N/A
90227,CALGARY CENTRAL,Freon 11,2003-07-20T00:00,1.834,µg/m³,VOC,N/A
90227,CALGARY CENTRAL,Freon 11,2003-07-26T00:00,1.935,µg/m³,VOC,N/A
90227,CALGARY CENTRAL,Freon 11,2003-08-01T00:00,2.192,µg/m³,VOC,N/A
90227,CALGARY CENTRAL,Freon 11,2003-08-13T00:00,1.810,µg/m³,VOC,N/A
90227,CALGARY CENTRAL,Freon 11,2003-08-19T00:00,1.778,µg/m³,VOC,N/A
90227,CALGARY CENTRAL,Freon 11,2003-08-25T00:00,1.799,µg/m³,VOC,N/A
90227,CALGARY CENTRAL,Freon 11,2003-08-31T00:00,1.679,µg/m³,VOC,N/A
90227,CALGARY CENTRAL,Freon 11,2003-09-06T00:00,2.003,µg/m³,VOC,N/A
90227,CALGARY CENTRAL,Freon 11,2003-09-12T00:00,2.907,µg/m³,VOC,N/A
90227,CALGARY CENTRAL,Freon 11,2003-09-18T00:00,1.847,µg/m³,VOC,N/A
90227,CALGARY CENTRAL,Freon 11,2003-09-24T00:00,2.509,µg/m³,VOC,N/A
90227,CALGARY CENTRAL,Freon 11,2003-09-30T00:00,1.815,µg/m³,VOC,N/A
90227,CALGARY CENTRAL,Freon 11,2003-10-06T00:00,1.900,µg/m³,VOC,N/A
90227,CALGARY CENTRAL,Freon 11,2003-10-12T00:00,1.681,µg/m³,VOC,N/A
90227,CALGARY CENTRAL,Freon 11,2003-10-18T00:00,1.794,µg/m³,VOC,N/A
90227,CALGARY CENTRAL,Freon 11,2003-10-24T00:00,2.020,µg/m³,VOC,N/A
90227,CALGARY CENTRAL,Freon 11,2003-11-05T00:00,1.645,µg/m³,VOC,N/A
90227,CALGARY CENTRAL,Freon 11,2003-11-11T00:00,1.640,µg/m³,VOC,N/A
90227,CALGARY CENTRAL,Freon 11,2003-11-29T00:00,1.837,µg/m³,VOC,N/A
90227,CALGARY CENTRAL,Freon 11,2003-12-05T00:00,2.800,µg/m³,VOC,N/A
90227,CALGARY CENTRAL,Freon 11,2003-12-11T00:00,1.987,µg/m³,VOC,N/A
90227,CALGARY CENTRAL,Freon 11,2003-12-17T00:00,2.386,µg/m³,VOC,N/A
90227,CALGARY CENTRAL,Freon 11,2003-12-23T00:00,1.946,µg/m³,VOC,N/A
90227,CALGARY CENTRAL,Freon 11,2003-12-29T00:00,2.330,µg/m³,VOC,N/A
