﻿NAPS_Site_ID,Station_Name,Pollutant,Date,Value,Units,Report_Type,Method
30118,VOGUE BUILDING,2-Ethyltoluene,2004-01-04T00:00,0.116,µg/m³,VOC,N/A
30118,VOGUE BUILDING,2-Ethyltoluene,2004-01-10T00:00,0.071,µg/m³,VOC,N/A
30118,VOGUE BUILDING,2-Ethyltoluene,2004-01-28T00:00,0.212,µg/m³,VOC,N/A
30118,VOGUE BUILDING,2-Ethyltoluene,2004-02-03T00:00,0.429,µg/m³,VOC,N/A
30118,VOGUE BUILDING,2-Ethyltoluene,2004-02-27T00:00,0.042,µg/m³,VOC,N/A
30118,VOGUE BUILDING,2-Ethyltoluene,2004-03-04T00:00,0.095,µg/m³,VOC,N/A
30118,VOGUE BUILDING,2-Ethyltoluene,2004-03-10T00:00,0.338,µg/m³,VOC,N/A
30118,VOGUE BUILDING,2-Ethyltoluene,2004-03-16T00:00,0.106,µg/m³,VOC,N/A
30118,VOGUE BUILDING,2-Ethyltoluene,2004-03-28T00:00,0.124,µg/m³,VOC,N/A
30118,VOGUE BUILDING,2-Ethyltoluene,2004-04-03T00:00,0.208,µg/m³,VOC,N/A
30118,VOGUE BUILDING,2-Ethyltoluene,2004-04-09T00:00,0.172,µg/m³,VOC,N/A
30118,VOGUE BUILDING,2-Ethyltoluene,2004-04-15T00:00,0.142,µg/m³,VOC,N/A
30118,VOGUE BUILDING,2-Ethyltoluene,2004-04-21T00:00,0.113,µg/m³,VOC,N/A
30118,VOGUE BUILDING,2-Ethyltoluene,2004-05-03T00:00,0.110,µg/m³,VOC,N/A
30118,VOGUE BUILDING,2-Ethyltoluene,2004-05-09T00:00,0.088,µg/m³,VOC,N/A
30118,VOGUE BUILDING,2-Ethyltoluene,2004-05-15T00:00,0.180,µg/m³,VOC,N/A
30118,VOGUE BUILDING,2-Ethyltoluene,2004-05-21T00:00,0.170,µg/m³,VOC,N/A
30118,VOGUE BUILDING,2-Ethyltoluene,2004-05-27T00:00,0.221,µg/m³,VOC,N/A
30118,VOGUE BUILDING,2-Ethyltoluene,2004-06-02T00:00,0.209,µg/m³,VOC,N/A
30118,VOGUE BUILDING,2-Ethyltoluene,2004-06-08T00:00,0.192,µg/m³,VOC,N/A
30118,VOGUE BUILDING,2-Ethyltoluene,2004-06-20T00:00,0.107,µg/m³,VOC,N/A
30118,VOGUE BUILDING,2-Ethyltoluene,2004-06-26T00:00,0.358,µg/m³,VOC,N/A
30118,VOGUE BUILDING,2-Ethyltoluene,2004-07-02T00:00,3.782,µg/m³,VOC,N/A
30118,VOGUE BUILDING,2-Ethyltoluene,2004-07-08T00:00,5.845,µg/m³,VOC,N/A
30118,VOGUE BUILDING,2-Ethyltoluene,2004-07-14T00:00,0.841,µg/m³,VOC,N/A
30118,VOGUE BUILDING,2-Ethyltoluene,2004-07-26T00:00,2.891,µg/m³,VOC,N/A
30118,VOGUE BUILDING,2-Ethyltoluene,2004-08-01T00:00,0.186,µg/m³,VOC,N/A
30118,VOGUE BUILDING,2-Ethyltoluene,2004-08-14T00:00,2.447,µg/m³,VOC,N/A
30118,VOGUE BUILDING,2-Ethyltoluene,2004-08-19T00:00,0.594,µg/m³,VOC,N/A
30118,VOGUE BUILDING,2-Ethyltoluene,2004-08-25T00:00,0.234,µg/m³,VOC,N/A
30118,VOGUE BUILDING,2-Ethyltoluene,2004-08-31T00:00,0.402,µg/m³,VOC,N/A
30118,VOGUE BUILDING,2-Ethyltoluene,2004-09-06T00:00,0.324,µg/m³,VOC,N/A
30118,VOGUE BUILDING,2-Ethyltoluene,2004-09-12T00:00,0.220,µg/m³,VOC,N/A
30118,VOGUE BUILDING,2-Ethyltoluene,2004-09-18T00:00,0.263,µg/m³,VOC,N/A
30118,VOGUE BUILDING,2-Ethyltoluene,2004-09-24T00:00,0.196,µg/m³,VOC,N/A
30118,VOGUE BUILDING,2-Ethyltoluene,2004-10-06T00:00,0.437,µg/m³,VOC,N/A
30118,VOGUE BUILDING,2-Ethyltoluene,2004-10-12T00:00,0.110,µg/m³,VOC,N/A
30118,VOGUE BUILDING,2-Ethyltoluene,2004-10-18T00:00,0.165,µg/m³,VOC,N/A
30118,VOGUE BUILDING,2-Ethyltoluene,2004-10-24T00:00,0.103,µg/m³,VOC,N/A
30118,VOGUE BUILDING,2-Ethyltoluene,2004-10-30T00:00,0.179,µg/m³,VOC,N/A
30118,VOGUE BUILDING,2-Ethyltoluene,2004-11-05T00:00,0.076,µg/m³,VOC,N/A
30118,VOGUE BUILDING,2-Ethyltoluene,2004-11-11T00:00,0.190,µg/m³,VOC,N/A
30118,VOGUE BUILDING,2-Ethyltoluene,2004-11-23T00:00,0.177,µg/m³,VOC,N/A
30118,VOGUE BUILDING,2-Ethyltoluene,2004-11-29T00:00,0.102,µg/m³,VOC,N/A
30118,VOGUE BUILDING,2-Ethyltoluene,2004-12-05T00:00,0.075,µg/m³,VOC,N/A
30118,VOGUE BUILDING,2-Ethyltoluene,2004-12-11T00:00,0.208,µg/m³,VOC,N/A
30118,VOGUE BUILDING,2-Ethyltoluene,2004-12-17T00:00,0.088,µg/m³,VOC,N/A
