﻿NAPS_Site_ID,Station_Name,Pollutant,Date,Value,Units,Report_Type,Method
91201,HIGHTOWER RIDGE,p-Cymene,2003-06-15T00:00,0.037,µg/m³,VOC,GC-MS
91201,HIGHTOWER RIDGE,p-Cymene,2003-06-21T00:00,0.066,µg/m³,VOC,GC-MS
91201,HIGHTOWER RIDGE,p-Cymene,2003-06-27T00:00,0.034,µg/m³,VOC,GC-MS
91201,HIGHTOWER RIDGE,p-Cymene,2003-07-03T00:00,0.025,µg/m³,VOC,GC-MS
91201,HIGHTOWER RIDGE,p-Cymene,2003-07-08T00:00,0.070,µg/m³,VOC,GC-MS
91201,HIGHTOWER RIDGE,p-Cymene,2003-07-14T00:00,0.035,µg/m³,VOC,GC-MS
91201,HIGHTOWER RIDGE,p-Cymene,2003-07-20T00:00,0.099,µg/m³,VOC,GC-MS
91201,HIGHTOWER RIDGE,p-Cymene,2003-07-26T00:00,0.128,µg/m³,VOC,GC-MS
91201,HIGHTOWER RIDGE,p-Cymene,2003-08-01T00:00,0.179,µg/m³,VOC,GC-MS
91201,HIGHTOWER RIDGE,p-Cymene,2003-08-07T00:00,0.131,µg/m³,VOC,GC-MS
91201,HIGHTOWER RIDGE,p-Cymene,2003-08-13T00:00,0.040,µg/m³,VOC,GC-MS
91201,HIGHTOWER RIDGE,p-Cymene,2003-08-19T00:00,0.083,µg/m³,VOC,GC-MS
91201,HIGHTOWER RIDGE,p-Cymene,2003-08-31T00:00,0.095,µg/m³,VOC,GC-MS
91201,HIGHTOWER RIDGE,p-Cymene,2003-09-06T00:00,0.095,µg/m³,VOC,GC-MS
91201,HIGHTOWER RIDGE,p-Cymene,2003-09-12T00:00,0.014,µg/m³,VOC,GC-MS
91201,HIGHTOWER RIDGE,p-Cymene,2003-09-18T00:00,0.014,µg/m³,VOC,GC-MS
91201,HIGHTOWER RIDGE,p-Cymene,2003-09-19T00:00,0.016,µg/m³,VOC,GC-MS
91201,HIGHTOWER RIDGE,p-Cymene,2003-09-30T00:00,0.027,µg/m³,VOC,GC-MS
91201,HIGHTOWER RIDGE,p-Cymene,2003-10-06T00:00,0.027,µg/m³,VOC,GC-MS
91201,HIGHTOWER RIDGE,p-Cymene,2003-10-12T00:00,0.015,µg/m³,VOC,GC-MS
91201,HIGHTOWER RIDGE,p-Cymene,2003-10-18T00:00,0.016,µg/m³,VOC,GC-MS
91201,HIGHTOWER RIDGE,p-Cymene,2003-10-24T00:00,0.011,µg/m³,VOC,GC-MS
91201,HIGHTOWER RIDGE,p-Cymene,2003-10-30T00:00,0.007,µg/m³,VOC,GC-MS
91201,HIGHTOWER RIDGE,p-Cymene,2003-11-05T00:00,0.005,µg/m³,VOC,GC-MS
91201,HIGHTOWER RIDGE,p-Cymene,2003-12-05T00:00,0.018,µg/m³,VOC,GC-MS
91201,HIGHTOWER RIDGE,p-Cymene,2003-12-11T00:00,0.000,µg/m³,VOC,GC-MS
91201,HIGHTOWER RIDGE,p-Cymene,2003-12-17T00:00,0.007,µg/m³,VOC,GC-MS
91201,HIGHTOWER RIDGE,p-Cymene,2003-12-23T00:00,0.003,µg/m³,VOC,GC-MS
91201,HIGHTOWER RIDGE,p-Cymene,2003-12-29T00:00,0.003,µg/m³,VOC,GC-MS
