﻿NAPS_Site_ID,Station_Name,Pollutant,Date,Value,Units,Report_Type,Method
100112,DOWNTOWN VANCOUVER,"1,4-Dichlorobutane",2002-01-08T00:00,0.040,µg/m³,VOC,
100112,DOWNTOWN VANCOUVER,"1,4-Dichlorobutane",2002-01-26T00:00,0.030,µg/m³,VOC,
100112,DOWNTOWN VANCOUVER,"1,4-Dichlorobutane",2002-02-13T00:00,0.040,µg/m³,VOC,
100112,DOWNTOWN VANCOUVER,"1,4-Dichlorobutane",2002-03-09T00:00,0.030,µg/m³,VOC,
100112,DOWNTOWN VANCOUVER,"1,4-Dichlorobutane",2002-03-27T00:00,0.000,µg/m³,VOC,
100112,DOWNTOWN VANCOUVER,"1,4-Dichlorobutane",2002-04-14T00:00,0.034,µg/m³,VOC,
100112,DOWNTOWN VANCOUVER,"1,4-Dichlorobutane",2002-05-02T00:00,0.035,µg/m³,VOC,
100112,DOWNTOWN VANCOUVER,"1,4-Dichlorobutane",2002-05-20T00:00,0.000,µg/m³,VOC,
100112,DOWNTOWN VANCOUVER,"1,4-Dichlorobutane",2002-06-07T00:00,0.029,µg/m³,VOC,
100112,DOWNTOWN VANCOUVER,"1,4-Dichlorobutane",2002-06-25T00:00,0.025,µg/m³,VOC,
100112,DOWNTOWN VANCOUVER,"1,4-Dichlorobutane",2002-07-13T00:00,0.016,µg/m³,VOC,
100112,DOWNTOWN VANCOUVER,"1,4-Dichlorobutane",2002-07-31T00:00,0.020,µg/m³,VOC,
100112,DOWNTOWN VANCOUVER,"1,4-Dichlorobutane",2002-08-18T00:00,0.032,µg/m³,VOC,
100112,DOWNTOWN VANCOUVER,"1,4-Dichlorobutane",2002-09-11T00:00,0.024,µg/m³,VOC,
100112,DOWNTOWN VANCOUVER,"1,4-Dichlorobutane",2002-10-05T00:00,0.025,µg/m³,VOC,
100112,DOWNTOWN VANCOUVER,"1,4-Dichlorobutane",2002-10-13T00:00,0.028,µg/m³,VOC,
100112,DOWNTOWN VANCOUVER,"1,4-Dichlorobutane",2002-11-04T00:00,0.021,µg/m³,VOC,
100112,DOWNTOWN VANCOUVER,"1,4-Dichlorobutane",2002-11-22T00:00,0.023,µg/m³,VOC,
100112,DOWNTOWN VANCOUVER,"1,4-Dichlorobutane",2002-12-10T00:00,0.000,µg/m³,VOC,
100112,DOWNTOWN VANCOUVER,"1,4-Dichlorobutane",2002-12-28T00:00,0.000,µg/m³,VOC,
