﻿NAPS_Site_ID,Station_Name,Pollutant,Date,Value,Units,Report_Type,Method
40203,FOREST HILLS,Chrysene,2019-02-20T00:00,0.000,µg/m³,PAH,GC-MS TP+G
40203,FOREST HILLS,Chrysene,2019-02-26T00:00,0.000,µg/m³,PAH,GC-MS TP+G
40203,FOREST HILLS,Chrysene,2019-03-10T00:00,0.000,µg/m³,PAH,GC-MS TP+G
40203,FOREST HILLS,Chrysene,2019-03-16T00:00,0.000,µg/m³,PAH,GC-MS TP+G
40203,FOREST HILLS,Chrysene,2019-03-22T00:00,0.000,µg/m³,PAH,GC-MS TP+G
40203,FOREST HILLS,Chrysene,2019-03-28T00:00,0.000,µg/m³,PAH,GC-MS TP+G
40203,FOREST HILLS,Chrysene,2019-04-03T00:00,0.000,µg/m³,PAH,GC-MS TP+G
40203,FOREST HILLS,Chrysene,2019-04-09T00:00,0.000,µg/m³,PAH,GC-MS TP+G
40203,FOREST HILLS,Chrysene,2019-04-15T00:00,0.000,µg/m³,PAH,GC-MS TP+G
40203,FOREST HILLS,Chrysene,2019-04-21T00:00,0.000,µg/m³,PAH,GC-MS TP+G
40203,FOREST HILLS,Chrysene,2019-04-27T00:00,0.000,µg/m³,PAH,GC-MS TP+G
40203,FOREST HILLS,Chrysene,2019-05-03T00:00,0.000,µg/m³,PAH,GC-MS TP+G
40203,FOREST HILLS,Chrysene,2019-05-09T00:00,0.000,µg/m³,PAH,GC-MS TP+G
40203,FOREST HILLS,Chrysene,2019-05-15T00:00,0.000,µg/m³,PAH,GC-MS TP+G
40203,FOREST HILLS,Chrysene,2019-05-21T00:00,0.000,µg/m³,PAH,GC-MS TP+G
40203,FOREST HILLS,Chrysene,2019-06-02T00:00,0.000,µg/m³,PAH,GC-MS TP+G
40203,FOREST HILLS,Chrysene,2019-06-08T00:00,0.000,µg/m³,PAH,GC-MS TP+G
40203,FOREST HILLS,Chrysene,2019-06-14T00:00,0.000,µg/m³,PAH,GC-MS TP+G
40203,FOREST HILLS,Chrysene,2019-06-20T00:00,0.000,µg/m³,PAH,GC-MS TP+G
40203,FOREST HILLS,Chrysene,2019-07-02T00:00,0.000,µg/m³,PAH,GC-MS TP+G
40203,FOREST HILLS,Chrysene,2019-07-08T00:00,0.000,µg/m³,PAH,GC-MS TP+G
40203,FOREST HILLS,Chrysene,2019-08-01T00:00,0.000,µg/m³,PAH,GC-MS TP+G
40203,FOREST HILLS,Chrysene,2019-08-07T00:00,0.000,µg/m³,PAH,GC-MS TP+G
40203,FOREST HILLS,Chrysene,2019-08-19T00:00,0.000,µg/m³,PAH,GC-MS TP+G
40203,FOREST HILLS,Chrysene,2019-08-25T00:00,0.000,µg/m³,PAH,GC-MS TP+G
40203,FOREST HILLS,Chrysene,2019-08-31T00:00,0.000,µg/m³,PAH,GC-MS TP+G
40203,FOREST HILLS,Chrysene,2019-09-06T00:00,0.000,µg/m³,PAH,GC-MS TP+G
40203,FOREST HILLS,Chrysene,2019-09-18T00:00,0.000,µg/m³,PAH,GC-MS TP+G
40203,FOREST HILLS,Chrysene,2019-09-24T00:00,0.000,µg/m³,PAH,GC-MS TP+G
40203,FOREST HILLS,Chrysene,2019-09-30T00:00,0.000,µg/m³,PAH,GC-MS TP+G
40203,FOREST HILLS,Chrysene,2019-10-06T00:00,0.000,µg/m³,PAH,GC-MS TP+G
40203,FOREST HILLS,Chrysene,2019-10-12T00:00,0.000,µg/m³,PAH,GC-MS TP+G
40203,FOREST HILLS,Chrysene,2019-10-18T00:00,0.000,µg/m³,PAH,GC-MS TP+G
40203,FOREST HILLS,Chrysene,2019-10-24T00:00,0.000,µg/m³,PAH,GC-MS TP+G
40203,FOREST HILLS,Chrysene,2019-10-30T00:00,0.000,µg/m³,PAH,GC-MS TP+G
40203,FOREST HILLS,Chrysene,2019-11-05T00:00,0.000,µg/m³,PAH,GC-MS TP+G
40203,FOREST HILLS,Chrysene,2019-11-11T00:00,0.000,µg/m³,PAH,GC-MS TP+G
40203,FOREST HILLS,Chrysene,2019-11-17T00:00,0.000,µg/m³,PAH,GC-MS TP+G
40203,FOREST HILLS,Chrysene,2019-11-29T00:00,0.000,µg/m³,PAH,GC-MS TP+G
40203,FOREST HILLS,Chrysene,2019-12-05T00:00,0.000,µg/m³,PAH,GC-MS TP+G
40203,FOREST HILLS,Chrysene,2019-12-11T00:00,0.000,µg/m³,PAH,GC-MS TP+G
40203,FOREST HILLS,Chrysene,2019-12-17T00:00,0.000,µg/m³,PAH,GC-MS TP+G
40203,FOREST HILLS,Chrysene,2019-12-23T00:00,0.000,µg/m³,PAH,GC-MS TP+G
40203,FOREST HILLS,Chrysene,2019-12-29T00:00,0.000,µg/m³,PAH,GC-MS TP+G
