﻿NAPS_Site_ID,Station_Name,Pollutant,Date,Value,Units,Report_Type,Method
60418,JUNCTION TRIANGLE,Acetone,1993-01-01T00:00,0.664,µg/m³,VOC,N/A
60418,JUNCTION TRIANGLE,Acetone,1993-01-07T00:00,1.649,µg/m³,VOC,N/A
60418,JUNCTION TRIANGLE,Acetone,1993-01-13T00:00,1.293,µg/m³,VOC,N/A
60418,JUNCTION TRIANGLE,Acetone,1993-01-19T00:00,1.072,µg/m³,VOC,N/A
60418,JUNCTION TRIANGLE,Acetone,1993-01-25T00:00,0.894,µg/m³,VOC,N/A
60418,JUNCTION TRIANGLE,Acetone,1993-01-31T00:00,0.947,µg/m³,VOC,N/A
60418,JUNCTION TRIANGLE,Acetone,1993-02-06T00:00,0.844,µg/m³,VOC,N/A
60418,JUNCTION TRIANGLE,Acetone,1993-02-18T00:00,1.417,µg/m³,VOC,N/A
60418,JUNCTION TRIANGLE,Acetone,1993-02-24T00:00,5.484,µg/m³,VOC,N/A
60418,JUNCTION TRIANGLE,Acetone,1993-03-02T00:00,9.625,µg/m³,VOC,N/A
60418,JUNCTION TRIANGLE,Acetone,1993-03-08T00:00,3.971,µg/m³,VOC,N/A
60418,JUNCTION TRIANGLE,Acetone,1993-03-14T00:00,1.476,µg/m³,VOC,N/A
60418,JUNCTION TRIANGLE,Acetone,1993-03-20T00:00,2.726,µg/m³,VOC,N/A
60418,JUNCTION TRIANGLE,Acetone,1993-03-26T00:00,6.848,µg/m³,VOC,N/A
60418,JUNCTION TRIANGLE,Acetone,1993-04-01T00:00,3.108,µg/m³,VOC,N/A
60418,JUNCTION TRIANGLE,Acetone,1993-04-07T00:00,4.404,µg/m³,VOC,N/A
60418,JUNCTION TRIANGLE,Acetone,1993-04-13T00:00,4.066,µg/m³,VOC,N/A
60418,JUNCTION TRIANGLE,Acetone,1993-04-19T00:00,2.848,µg/m³,VOC,N/A
60418,JUNCTION TRIANGLE,Acetone,1993-04-25T00:00,0.021,µg/m³,VOC,N/A
60418,JUNCTION TRIANGLE,Acetone,1993-05-01T00:00,3.481,µg/m³,VOC,N/A
60418,JUNCTION TRIANGLE,Acetone,1993-05-07T00:00,0.000,µg/m³,VOC,N/A
60418,JUNCTION TRIANGLE,Acetone,1993-05-13T00:00,3.983,µg/m³,VOC,N/A
60418,JUNCTION TRIANGLE,Acetone,1993-05-19T00:00,4.719,µg/m³,VOC,N/A
60418,JUNCTION TRIANGLE,Acetone,1993-05-25T00:00,2.089,µg/m³,VOC,N/A
60418,JUNCTION TRIANGLE,Acetone,1993-05-31T00:00,2.766,µg/m³,VOC,N/A
60418,JUNCTION TRIANGLE,Acetone,1993-06-06T00:00,2.556,µg/m³,VOC,N/A
60418,JUNCTION TRIANGLE,Acetone,1993-06-12T00:00,4.033,µg/m³,VOC,N/A
60418,JUNCTION TRIANGLE,Acetone,1993-06-18T00:00,3.169,µg/m³,VOC,N/A
60418,JUNCTION TRIANGLE,Acetone,1993-06-24T00:00,6.580,µg/m³,VOC,N/A
60418,JUNCTION TRIANGLE,Acetone,1993-06-30T00:00,3.960,µg/m³,VOC,N/A
60418,JUNCTION TRIANGLE,Acetone,1993-07-06T00:00,2.707,µg/m³,VOC,N/A
60418,JUNCTION TRIANGLE,Acetone,1993-08-11T00:00,4.668,µg/m³,VOC,N/A
60418,JUNCTION TRIANGLE,Acetone,1993-08-17T00:00,5.163,µg/m³,VOC,N/A
60418,JUNCTION TRIANGLE,Acetone,1993-08-23T00:00,4.839,µg/m³,VOC,N/A
60418,JUNCTION TRIANGLE,Acetone,1993-08-29T00:00,2.844,µg/m³,VOC,N/A
60418,JUNCTION TRIANGLE,Acetone,1993-11-09T00:00,3.876,µg/m³,VOC,N/A
60418,JUNCTION TRIANGLE,Acetone,1993-11-15T00:00,3.595,µg/m³,VOC,N/A
60418,JUNCTION TRIANGLE,Acetone,1993-11-27T00:00,1.670,µg/m³,VOC,N/A
60418,JUNCTION TRIANGLE,Acetone,1993-12-09T00:00,2.462,µg/m³,VOC,N/A
60418,JUNCTION TRIANGLE,Acetone,1993-12-15T00:00,1.721,µg/m³,VOC,N/A
60418,JUNCTION TRIANGLE,Acetone,1993-12-21T00:00,2.933,µg/m³,VOC,N/A
