﻿NAPS_Site_ID,Station_Name,Pollutant,Date,Value,Units,Report_Type,Method
100202,PRG PLAZA 400,"1,3-Dichlorobenzene",2005-08-26T00:00,0.005,µg/m³,VOC,
100202,PRG PLAZA 400,"1,3-Dichlorobenzene",2005-09-01T00:00,0.000,µg/m³,VOC,
100202,PRG PLAZA 400,"1,3-Dichlorobenzene",2005-09-07T00:00,0.000,µg/m³,VOC,
100202,PRG PLAZA 400,"1,3-Dichlorobenzene",2005-09-13T00:00,0.000,µg/m³,VOC,
100202,PRG PLAZA 400,"1,3-Dichlorobenzene",2005-09-19T00:00,0.000,µg/m³,VOC,
100202,PRG PLAZA 400,"1,3-Dichlorobenzene",2005-09-25T00:00,0.000,µg/m³,VOC,
100202,PRG PLAZA 400,"1,3-Dichlorobenzene",2005-10-01T00:00,0.000,µg/m³,VOC,
100202,PRG PLAZA 400,"1,3-Dichlorobenzene",2005-10-07T00:00,0.000,µg/m³,VOC,
100202,PRG PLAZA 400,"1,3-Dichlorobenzene",2005-10-13T00:00,0.000,µg/m³,VOC,
100202,PRG PLAZA 400,"1,3-Dichlorobenzene",2005-10-19T00:00,0.004,µg/m³,VOC,
100202,PRG PLAZA 400,"1,3-Dichlorobenzene",2005-10-25T00:00,0.004,µg/m³,VOC,
100202,PRG PLAZA 400,"1,3-Dichlorobenzene",2005-10-31T00:00,0.002,µg/m³,VOC,
100202,PRG PLAZA 400,"1,3-Dichlorobenzene",2005-11-06T00:00,0.000,µg/m³,VOC,
100202,PRG PLAZA 400,"1,3-Dichlorobenzene",2005-11-12T00:00,0.000,µg/m³,VOC,
100202,PRG PLAZA 400,"1,3-Dichlorobenzene",2005-11-18T00:00,0.004,µg/m³,VOC,
100202,PRG PLAZA 400,"1,3-Dichlorobenzene",2005-11-24T00:00,0.000,µg/m³,VOC,
100202,PRG PLAZA 400,"1,3-Dichlorobenzene",2005-11-30T00:00,0.000,µg/m³,VOC,
100202,PRG PLAZA 400,"1,3-Dichlorobenzene",2005-12-06T00:00,0.001,µg/m³,VOC,
100202,PRG PLAZA 400,"1,3-Dichlorobenzene",2005-12-12T00:00,0.003,µg/m³,VOC,
100202,PRG PLAZA 400,"1,3-Dichlorobenzene",2005-12-18T00:00,0.001,µg/m³,VOC,
100202,PRG PLAZA 400,"1,3-Dichlorobenzene",2005-12-24T00:00,0.000,µg/m³,VOC,
100202,PRG PLAZA 400,"1,3-Dichlorobenzene",2005-12-30T00:00,0.002,µg/m³,VOC,
