﻿NAPS_Site_ID,Station_Name,Pollutant,Date,Value,Units,Report_Type,Method
62601,EXPERIMENTAL FARM _SIMCOE_,Toluene,2007-01-03T00:00,0.450,µg/m³,VOC,N/A
62601,EXPERIMENTAL FARM _SIMCOE_,Toluene,2007-01-06T00:00,0.286,µg/m³,VOC,N/A
62601,EXPERIMENTAL FARM _SIMCOE_,Toluene,2007-01-09T00:00,0.969,µg/m³,VOC,N/A
62601,EXPERIMENTAL FARM _SIMCOE_,Toluene,2007-01-12T00:00,0.690,µg/m³,VOC,N/A
62601,EXPERIMENTAL FARM _SIMCOE_,Toluene,2007-01-15T00:00,1.784,µg/m³,VOC,N/A
62601,EXPERIMENTAL FARM _SIMCOE_,Toluene,2007-01-24T00:00,0.259,µg/m³,VOC,N/A
62601,EXPERIMENTAL FARM _SIMCOE_,Toluene,2007-01-27T00:00,0.491,µg/m³,VOC,N/A
62601,EXPERIMENTAL FARM _SIMCOE_,Toluene,2007-02-02T00:00,0.489,µg/m³,VOC,N/A
62601,EXPERIMENTAL FARM _SIMCOE_,Toluene,2007-02-08T00:00,0.393,µg/m³,VOC,N/A
62601,EXPERIMENTAL FARM _SIMCOE_,Toluene,2007-04-27T00:00,0.396,µg/m³,VOC,N/A
62601,EXPERIMENTAL FARM _SIMCOE_,Toluene,2007-04-30T00:00,0.216,µg/m³,VOC,N/A
62601,EXPERIMENTAL FARM _SIMCOE_,Toluene,2007-05-03T00:00,0.148,µg/m³,VOC,N/A
62601,EXPERIMENTAL FARM _SIMCOE_,Toluene,2007-05-09T00:00,0.224,µg/m³,VOC,N/A
62601,EXPERIMENTAL FARM _SIMCOE_,Toluene,2007-05-12T00:00,0.225,µg/m³,VOC,N/A
62601,EXPERIMENTAL FARM _SIMCOE_,Toluene,2007-05-15T00:00,0.221,µg/m³,VOC,N/A
62601,EXPERIMENTAL FARM _SIMCOE_,Toluene,2007-05-18T00:00,0.261,µg/m³,VOC,N/A
62601,EXPERIMENTAL FARM _SIMCOE_,Toluene,2007-05-21T00:00,0.261,µg/m³,VOC,N/A
62601,EXPERIMENTAL FARM _SIMCOE_,Toluene,2007-05-27T00:00,0.205,µg/m³,VOC,N/A
62601,EXPERIMENTAL FARM _SIMCOE_,Toluene,2007-05-30T00:00,0.559,µg/m³,VOC,N/A
62601,EXPERIMENTAL FARM _SIMCOE_,Toluene,2007-06-02T00:00,0.278,µg/m³,VOC,N/A
62601,EXPERIMENTAL FARM _SIMCOE_,Toluene,2007-06-05T00:00,0.113,µg/m³,VOC,N/A
62601,EXPERIMENTAL FARM _SIMCOE_,Toluene,2007-06-08T00:00,0.205,µg/m³,VOC,N/A
62601,EXPERIMENTAL FARM _SIMCOE_,Toluene,2007-06-11T00:00,0.126,µg/m³,VOC,N/A
62601,EXPERIMENTAL FARM _SIMCOE_,Toluene,2007-06-17T00:00,0.084,µg/m³,VOC,N/A
62601,EXPERIMENTAL FARM _SIMCOE_,Toluene,2007-06-20T00:00,0.112,µg/m³,VOC,N/A
62601,EXPERIMENTAL FARM _SIMCOE_,Toluene,2007-06-23T00:00,0.102,µg/m³,VOC,N/A
62601,EXPERIMENTAL FARM _SIMCOE_,Toluene,2007-06-26T00:00,0.234,µg/m³,VOC,N/A
62601,EXPERIMENTAL FARM _SIMCOE_,Toluene,2007-06-29T00:00,0.159,µg/m³,VOC,N/A
62601,EXPERIMENTAL FARM _SIMCOE_,Toluene,2007-07-02T00:00,0.073,µg/m³,VOC,N/A
62601,EXPERIMENTAL FARM _SIMCOE_,Toluene,2007-07-05T00:00,0.278,µg/m³,VOC,N/A
62601,EXPERIMENTAL FARM _SIMCOE_,Toluene,2007-07-08T00:00,0.266,µg/m³,VOC,N/A
62601,EXPERIMENTAL FARM _SIMCOE_,Toluene,2007-07-11T00:00,0.095,µg/m³,VOC,N/A
62601,EXPERIMENTAL FARM _SIMCOE_,Toluene,2007-07-14T00:00,0.178,µg/m³,VOC,N/A
62601,EXPERIMENTAL FARM _SIMCOE_,Toluene,2007-07-17T00:00,0.221,µg/m³,VOC,N/A
62601,EXPERIMENTAL FARM _SIMCOE_,Toluene,2007-07-20T00:00,0.263,µg/m³,VOC,N/A
62601,EXPERIMENTAL FARM _SIMCOE_,Toluene,2007-07-23T00:00,0.292,µg/m³,VOC,N/A
62601,EXPERIMENTAL FARM _SIMCOE_,Toluene,2007-07-26T00:00,0.226,µg/m³,VOC,N/A
62601,EXPERIMENTAL FARM _SIMCOE_,Toluene,2007-07-29T00:00,0.261,µg/m³,VOC,N/A
62601,EXPERIMENTAL FARM _SIMCOE_,Toluene,2007-08-01T00:00,0.167,µg/m³,VOC,N/A
62601,EXPERIMENTAL FARM _SIMCOE_,Toluene,2007-08-04T00:00,0.140,µg/m³,VOC,N/A
62601,EXPERIMENTAL FARM _SIMCOE_,Toluene,2007-08-10T00:00,0.242,µg/m³,VOC,N/A
62601,EXPERIMENTAL FARM _SIMCOE_,Toluene,2007-08-13T00:00,1.435,µg/m³,VOC,N/A
62601,EXPERIMENTAL FARM _SIMCOE_,Toluene,2007-08-16T00:00,0.449,µg/m³,VOC,N/A
62601,EXPERIMENTAL FARM _SIMCOE_,Toluene,2007-08-19T00:00,0.597,µg/m³,VOC,N/A
62601,EXPERIMENTAL FARM _SIMCOE_,Toluene,2007-08-22T00:00,4.743,µg/m³,VOC,N/A
62601,EXPERIMENTAL FARM _SIMCOE_,Toluene,2007-08-25T00:00,0.231,µg/m³,VOC,N/A
62601,EXPERIMENTAL FARM _SIMCOE_,Toluene,2007-08-28T00:00,0.219,µg/m³,VOC,N/A
62601,EXPERIMENTAL FARM _SIMCOE_,Toluene,2007-08-31T00:00,0.134,µg/m³,VOC,N/A
62601,EXPERIMENTAL FARM _SIMCOE_,Toluene,2007-09-03T00:00,0.362,µg/m³,VOC,N/A
62601,EXPERIMENTAL FARM _SIMCOE_,Toluene,2007-09-06T00:00,0.259,µg/m³,VOC,N/A
62601,EXPERIMENTAL FARM _SIMCOE_,Toluene,2007-09-09T00:00,0.204,µg/m³,VOC,N/A
62601,EXPERIMENTAL FARM _SIMCOE_,Toluene,2007-09-12T00:00,0.306,µg/m³,VOC,N/A
62601,EXPERIMENTAL FARM _SIMCOE_,Toluene,2007-09-15T00:00,0.042,µg/m³,VOC,N/A
62601,EXPERIMENTAL FARM _SIMCOE_,Toluene,2007-09-18T00:00,0.119,µg/m³,VOC,N/A
62601,EXPERIMENTAL FARM _SIMCOE_,Toluene,2007-09-21T00:00,0.288,µg/m³,VOC,N/A
62601,EXPERIMENTAL FARM _SIMCOE_,Toluene,2007-09-27T00:00,0.540,µg/m³,VOC,N/A
62601,EXPERIMENTAL FARM _SIMCOE_,Toluene,2007-09-30T00:00,0.107,µg/m³,VOC,N/A
62601,EXPERIMENTAL FARM _SIMCOE_,Toluene,2007-10-03T00:00,0.358,µg/m³,VOC,N/A
62601,EXPERIMENTAL FARM _SIMCOE_,Toluene,2007-10-06T00:00,0.421,µg/m³,VOC,N/A
62601,EXPERIMENTAL FARM _SIMCOE_,Toluene,2007-10-12T00:00,0.144,µg/m³,VOC,N/A
62601,EXPERIMENTAL FARM _SIMCOE_,Toluene,2007-10-15T00:00,0.157,µg/m³,VOC,N/A
62601,EXPERIMENTAL FARM _SIMCOE_,Toluene,2007-10-18T00:00,0.346,µg/m³,VOC,N/A
62601,EXPERIMENTAL FARM _SIMCOE_,Toluene,2007-10-21T00:00,0.236,µg/m³,VOC,N/A
62601,EXPERIMENTAL FARM _SIMCOE_,Toluene,2007-10-24T00:00,0.752,µg/m³,VOC,N/A
62601,EXPERIMENTAL FARM _SIMCOE_,Toluene,2007-10-27T00:00,0.350,µg/m³,VOC,N/A
62601,EXPERIMENTAL FARM _SIMCOE_,Toluene,2007-10-30T00:00,0.358,µg/m³,VOC,N/A
62601,EXPERIMENTAL FARM _SIMCOE_,Toluene,2007-11-02T00:00,0.138,µg/m³,VOC,N/A
62601,EXPERIMENTAL FARM _SIMCOE_,Toluene,2007-11-08T00:00,0.297,µg/m³,VOC,N/A
62601,EXPERIMENTAL FARM _SIMCOE_,Toluene,2007-11-11T00:00,0.343,µg/m³,VOC,N/A
62601,EXPERIMENTAL FARM _SIMCOE_,Toluene,2007-11-14T00:00,0.291,µg/m³,VOC,N/A
62601,EXPERIMENTAL FARM _SIMCOE_,Toluene,2007-11-17T00:00,0.090,µg/m³,VOC,N/A
62601,EXPERIMENTAL FARM _SIMCOE_,Toluene,2007-11-20T00:00,0.545,µg/m³,VOC,N/A
62601,EXPERIMENTAL FARM _SIMCOE_,Toluene,2007-11-23T00:00,0.329,µg/m³,VOC,N/A
62601,EXPERIMENTAL FARM _SIMCOE_,Toluene,2007-11-26T00:00,0.573,µg/m³,VOC,N/A
62601,EXPERIMENTAL FARM _SIMCOE_,Toluene,2007-11-29T00:00,0.181,µg/m³,VOC,N/A
62601,EXPERIMENTAL FARM _SIMCOE_,Toluene,2007-12-02T00:00,0.437,µg/m³,VOC,N/A
62601,EXPERIMENTAL FARM _SIMCOE_,Toluene,2007-12-05T00:00,0.286,µg/m³,VOC,N/A
62601,EXPERIMENTAL FARM _SIMCOE_,Toluene,2007-12-08T00:00,0.216,µg/m³,VOC,N/A
62601,EXPERIMENTAL FARM _SIMCOE_,Toluene,2007-12-11T00:00,0.792,µg/m³,VOC,N/A
62601,EXPERIMENTAL FARM _SIMCOE_,Toluene,2007-12-14T00:00,0.267,µg/m³,VOC,N/A
62601,EXPERIMENTAL FARM _SIMCOE_,Toluene,2007-12-17T00:00,0.334,µg/m³,VOC,N/A
62601,EXPERIMENTAL FARM _SIMCOE_,Toluene,2007-12-20T00:00,0.580,µg/m³,VOC,N/A
62601,EXPERIMENTAL FARM _SIMCOE_,Toluene,2007-12-23T00:00,0.280,µg/m³,VOC,N/A
62601,EXPERIMENTAL FARM _SIMCOE_,Toluene,2007-12-26T00:00,0.315,µg/m³,VOC,N/A
62601,EXPERIMENTAL FARM _SIMCOE_,Toluene,2007-12-29T00:00,0.382,µg/m³,VOC,N/A
