﻿NAPS_Site_ID,Station_Name,Pollutant,Date,Value,Units,Report_Type,Method
50104,ONTARIO,Perylene,1998-01-05T00:00,0.000,µg/m³,PAH,
50104,ONTARIO,Perylene,1998-01-17T00:00,0.000,µg/m³,PAH,
50104,ONTARIO,Perylene,1998-01-29T00:00,0.000,µg/m³,PAH,
50104,ONTARIO,Perylene,1998-02-10T00:00,0.000,µg/m³,PAH,
50104,ONTARIO,Perylene,1998-03-06T00:00,0.000,µg/m³,PAH,
50104,ONTARIO,Perylene,1998-03-18T00:00,0.000,µg/m³,PAH,
50104,ONTARIO,Perylene,1998-03-30T00:00,0.000,µg/m³,PAH,
50104,ONTARIO,Perylene,1998-04-11T00:00,0.000,µg/m³,PAH,
50104,ONTARIO,Perylene,1998-04-23T00:00,0.000,µg/m³,PAH,
50104,ONTARIO,Perylene,1998-05-05T00:00,0.000,µg/m³,PAH,
50104,ONTARIO,Perylene,1998-05-17T00:00,0.000,µg/m³,PAH,
50104,ONTARIO,Perylene,1998-05-29T00:00,0.000,µg/m³,PAH,
50104,ONTARIO,Perylene,1998-11-25T00:00,0.000,µg/m³,PAH,
50104,ONTARIO,Perylene,1998-12-03T00:00,0.000,µg/m³,PAH,
50104,ONTARIO,Perylene,1998-12-07T00:00,0.000,µg/m³,PAH,
50104,ONTARIO,Perylene,1998-12-13T00:00,0.000,µg/m³,PAH,
50104,ONTARIO,Perylene,1998-12-19T00:00,0.000,µg/m³,PAH,
50104,ONTARIO,Perylene,1998-12-25T00:00,0.000,µg/m³,PAH,
50104,ONTARIO,Perylene,1998-12-31T00:00,0.000,µg/m³,PAH,
