﻿NAPS_Site_ID,Station_Name,Pollutant,Date,Value,Units,Report_Type,Method
63601,LONGWOODS CONS. AUTHORITY,Chloroethane,2001-01-01T00:00,0.019,µg/m³,VOC,N/A
63601,LONGWOODS CONS. AUTHORITY,Chloroethane,2001-01-04T00:00,0.025,µg/m³,VOC,N/A
63601,LONGWOODS CONS. AUTHORITY,Chloroethane,2001-01-07T00:00,0.021,µg/m³,VOC,N/A
63601,LONGWOODS CONS. AUTHORITY,Chloroethane,2001-01-10T00:00,0.029,µg/m³,VOC,N/A
63601,LONGWOODS CONS. AUTHORITY,Chloroethane,2001-01-13T00:00,0.020,µg/m³,VOC,N/A
63601,LONGWOODS CONS. AUTHORITY,Chloroethane,2001-01-16T00:00,0.024,µg/m³,VOC,N/A
63601,LONGWOODS CONS. AUTHORITY,Chloroethane,2001-01-19T00:00,0.062,µg/m³,VOC,N/A
63601,LONGWOODS CONS. AUTHORITY,Chloroethane,2001-01-22T00:00,0.032,µg/m³,VOC,N/A
63601,LONGWOODS CONS. AUTHORITY,Chloroethane,2001-01-25T00:00,0.035,µg/m³,VOC,N/A
63601,LONGWOODS CONS. AUTHORITY,Chloroethane,2001-01-28T00:00,0.023,µg/m³,VOC,N/A
63601,LONGWOODS CONS. AUTHORITY,Chloroethane,2001-01-31T00:00,0.035,µg/m³,VOC,N/A
63601,LONGWOODS CONS. AUTHORITY,Chloroethane,2001-02-03T00:00,0.093,µg/m³,VOC,N/A
63601,LONGWOODS CONS. AUTHORITY,Chloroethane,2001-02-06T00:00,0.073,µg/m³,VOC,N/A
63601,LONGWOODS CONS. AUTHORITY,Chloroethane,2001-02-09T00:00,0.027,µg/m³,VOC,N/A
63601,LONGWOODS CONS. AUTHORITY,Chloroethane,2001-02-12T00:00,0.019,µg/m³,VOC,N/A
63601,LONGWOODS CONS. AUTHORITY,Chloroethane,2001-02-15T00:00,0.054,µg/m³,VOC,N/A
63601,LONGWOODS CONS. AUTHORITY,Chloroethane,2001-02-18T00:00,0.047,µg/m³,VOC,N/A
63601,LONGWOODS CONS. AUTHORITY,Chloroethane,2001-02-21T00:00,0.018,µg/m³,VOC,N/A
63601,LONGWOODS CONS. AUTHORITY,Chloroethane,2001-02-24T00:00,0.023,µg/m³,VOC,N/A
63601,LONGWOODS CONS. AUTHORITY,Chloroethane,2001-02-27T00:00,0.017,µg/m³,VOC,N/A
63601,LONGWOODS CONS. AUTHORITY,Chloroethane,2001-03-02T00:00,0.055,µg/m³,VOC,N/A
63601,LONGWOODS CONS. AUTHORITY,Chloroethane,2001-03-05T00:00,0.041,µg/m³,VOC,N/A
63601,LONGWOODS CONS. AUTHORITY,Chloroethane,2001-03-08T00:00,0.049,µg/m³,VOC,N/A
63601,LONGWOODS CONS. AUTHORITY,Chloroethane,2001-03-11T00:00,0.052,µg/m³,VOC,N/A
63601,LONGWOODS CONS. AUTHORITY,Chloroethane,2001-03-14T00:00,0.058,µg/m³,VOC,N/A
63601,LONGWOODS CONS. AUTHORITY,Chloroethane,2001-03-17T00:00,0.050,µg/m³,VOC,N/A
63601,LONGWOODS CONS. AUTHORITY,Chloroethane,2001-03-20T00:00,0.026,µg/m³,VOC,N/A
63601,LONGWOODS CONS. AUTHORITY,Chloroethane,2001-03-23T00:00,0.019,µg/m³,VOC,N/A
63601,LONGWOODS CONS. AUTHORITY,Chloroethane,2001-03-26T00:00,0.016,µg/m³,VOC,N/A
63601,LONGWOODS CONS. AUTHORITY,Chloroethane,2001-03-29T00:00,0.019,µg/m³,VOC,N/A
63601,LONGWOODS CONS. AUTHORITY,Chloroethane,2001-04-01T00:00,0.031,µg/m³,VOC,N/A
63601,LONGWOODS CONS. AUTHORITY,Chloroethane,2001-04-04T00:00,0.048,µg/m³,VOC,N/A
63601,LONGWOODS CONS. AUTHORITY,Chloroethane,2001-04-07T00:00,0.083,µg/m³,VOC,N/A
63601,LONGWOODS CONS. AUTHORITY,Chloroethane,2001-04-10T00:00,0.045,µg/m³,VOC,N/A
63601,LONGWOODS CONS. AUTHORITY,Chloroethane,2001-04-13T00:00,0.052,µg/m³,VOC,N/A
63601,LONGWOODS CONS. AUTHORITY,Chloroethane,2001-04-16T00:00,0.028,µg/m³,VOC,N/A
63601,LONGWOODS CONS. AUTHORITY,Chloroethane,2001-04-19T00:00,0.019,µg/m³,VOC,N/A
63601,LONGWOODS CONS. AUTHORITY,Chloroethane,2001-04-22T00:00,0.018,µg/m³,VOC,N/A
63601,LONGWOODS CONS. AUTHORITY,Chloroethane,2001-04-25T00:00,0.011,µg/m³,VOC,N/A
63601,LONGWOODS CONS. AUTHORITY,Chloroethane,2001-04-28T00:00,0.020,µg/m³,VOC,N/A
63601,LONGWOODS CONS. AUTHORITY,Chloroethane,2001-05-01T00:00,0.019,µg/m³,VOC,N/A
63601,LONGWOODS CONS. AUTHORITY,Chloroethane,2001-05-04T00:00,0.029,µg/m³,VOC,N/A
63601,LONGWOODS CONS. AUTHORITY,Chloroethane,2001-05-07T00:00,0.039,µg/m³,VOC,N/A
63601,LONGWOODS CONS. AUTHORITY,Chloroethane,2001-05-10T00:00,0.039,µg/m³,VOC,N/A
63601,LONGWOODS CONS. AUTHORITY,Chloroethane,2001-05-13T00:00,0.027,µg/m³,VOC,N/A
63601,LONGWOODS CONS. AUTHORITY,Chloroethane,2001-05-16T00:00,0.052,µg/m³,VOC,N/A
63601,LONGWOODS CONS. AUTHORITY,Chloroethane,2001-05-19T00:00,0.035,µg/m³,VOC,N/A
63601,LONGWOODS CONS. AUTHORITY,Chloroethane,2001-05-22T00:00,0.025,µg/m³,VOC,N/A
63601,LONGWOODS CONS. AUTHORITY,Chloroethane,2001-05-25T00:00,0.041,µg/m³,VOC,N/A
63601,LONGWOODS CONS. AUTHORITY,Chloroethane,2001-05-28T00:00,0.026,µg/m³,VOC,N/A
63601,LONGWOODS CONS. AUTHORITY,Chloroethane,2001-05-31T00:00,0.022,µg/m³,VOC,N/A
63601,LONGWOODS CONS. AUTHORITY,Chloroethane,2001-06-03T00:00,0.017,µg/m³,VOC,N/A
63601,LONGWOODS CONS. AUTHORITY,Chloroethane,2001-06-06T00:00,0.020,µg/m³,VOC,N/A
63601,LONGWOODS CONS. AUTHORITY,Chloroethane,2001-06-09T00:00,0.053,µg/m³,VOC,N/A
63601,LONGWOODS CONS. AUTHORITY,Chloroethane,2001-06-12T00:00,0.041,µg/m³,VOC,N/A
63601,LONGWOODS CONS. AUTHORITY,Chloroethane,2001-06-14T00:00,0.014,µg/m³,VOC,N/A
63601,LONGWOODS CONS. AUTHORITY,Chloroethane,2001-06-18T00:00,0.019,µg/m³,VOC,N/A
63601,LONGWOODS CONS. AUTHORITY,Chloroethane,2001-06-21T00:00,0.033,µg/m³,VOC,N/A
63601,LONGWOODS CONS. AUTHORITY,Chloroethane,2001-06-24T00:00,0.019,µg/m³,VOC,N/A
63601,LONGWOODS CONS. AUTHORITY,Chloroethane,2001-06-30T00:00,0.107,µg/m³,VOC,N/A
63601,LONGWOODS CONS. AUTHORITY,Chloroethane,2001-07-03T00:00,0.046,µg/m³,VOC,N/A
63601,LONGWOODS CONS. AUTHORITY,Chloroethane,2001-07-06T00:00,0.047,µg/m³,VOC,N/A
63601,LONGWOODS CONS. AUTHORITY,Chloroethane,2001-07-09T00:00,0.049,µg/m³,VOC,N/A
63601,LONGWOODS CONS. AUTHORITY,Chloroethane,2001-07-12T00:00,0.077,µg/m³,VOC,N/A
63601,LONGWOODS CONS. AUTHORITY,Chloroethane,2001-07-15T00:00,0.053,µg/m³,VOC,N/A
63601,LONGWOODS CONS. AUTHORITY,Chloroethane,2001-07-18T00:00,0.074,µg/m³,VOC,N/A
63601,LONGWOODS CONS. AUTHORITY,Chloroethane,2001-07-21T00:00,0.072,µg/m³,VOC,N/A
63601,LONGWOODS CONS. AUTHORITY,Chloroethane,2001-07-24T00:00,0.039,µg/m³,VOC,N/A
63601,LONGWOODS CONS. AUTHORITY,Chloroethane,2001-07-27T00:00,0.024,µg/m³,VOC,N/A
63601,LONGWOODS CONS. AUTHORITY,Chloroethane,2001-07-30T00:00,0.034,µg/m³,VOC,N/A
63601,LONGWOODS CONS. AUTHORITY,Chloroethane,2001-08-02T00:00,0.043,µg/m³,VOC,N/A
63601,LONGWOODS CONS. AUTHORITY,Chloroethane,2001-08-05T00:00,0.041,µg/m³,VOC,N/A
63601,LONGWOODS CONS. AUTHORITY,Chloroethane,2001-08-08T00:00,0.045,µg/m³,VOC,N/A
63601,LONGWOODS CONS. AUTHORITY,Chloroethane,2001-08-11T00:00,0.044,µg/m³,VOC,N/A
63601,LONGWOODS CONS. AUTHORITY,Chloroethane,2001-08-14T00:00,0.000,µg/m³,VOC,N/A
63601,LONGWOODS CONS. AUTHORITY,Chloroethane,2001-08-17T00:00,0.035,µg/m³,VOC,N/A
63601,LONGWOODS CONS. AUTHORITY,Chloroethane,2001-08-20T00:00,0.028,µg/m³,VOC,N/A
63601,LONGWOODS CONS. AUTHORITY,Chloroethane,2001-09-01T00:00,0.067,µg/m³,VOC,N/A
63601,LONGWOODS CONS. AUTHORITY,Chloroethane,2001-09-04T00:00,0.024,µg/m³,VOC,N/A
63601,LONGWOODS CONS. AUTHORITY,Chloroethane,2001-09-07T00:00,0.048,µg/m³,VOC,N/A
63601,LONGWOODS CONS. AUTHORITY,Chloroethane,2001-09-10T00:00,0.027,µg/m³,VOC,N/A
63601,LONGWOODS CONS. AUTHORITY,Chloroethane,2001-09-13T00:00,0.031,µg/m³,VOC,N/A
63601,LONGWOODS CONS. AUTHORITY,Chloroethane,2001-09-16T00:00,0.000,µg/m³,VOC,N/A
63601,LONGWOODS CONS. AUTHORITY,Chloroethane,2001-09-19T00:00,0.000,µg/m³,VOC,N/A
63601,LONGWOODS CONS. AUTHORITY,Chloroethane,2001-09-22T00:00,0.000,µg/m³,VOC,N/A
63601,LONGWOODS CONS. AUTHORITY,Chloroethane,2001-09-25T00:00,0.018,µg/m³,VOC,N/A
63601,LONGWOODS CONS. AUTHORITY,Chloroethane,2001-09-28T00:00,0.013,µg/m³,VOC,N/A
63601,LONGWOODS CONS. AUTHORITY,Chloroethane,2001-10-01T00:00,0.028,µg/m³,VOC,N/A
63601,LONGWOODS CONS. AUTHORITY,Chloroethane,2001-10-04T00:00,0.012,µg/m³,VOC,N/A
63601,LONGWOODS CONS. AUTHORITY,Chloroethane,2001-10-07T00:00,0.017,µg/m³,VOC,N/A
63601,LONGWOODS CONS. AUTHORITY,Chloroethane,2001-10-10T00:00,0.015,µg/m³,VOC,N/A
63601,LONGWOODS CONS. AUTHORITY,Chloroethane,2001-10-13T00:00,0.014,µg/m³,VOC,N/A
63601,LONGWOODS CONS. AUTHORITY,Chloroethane,2001-10-16T00:00,0.010,µg/m³,VOC,N/A
63601,LONGWOODS CONS. AUTHORITY,Chloroethane,2001-10-19T00:00,0.013,µg/m³,VOC,N/A
63601,LONGWOODS CONS. AUTHORITY,Chloroethane,2001-10-22T00:00,0.011,µg/m³,VOC,N/A
63601,LONGWOODS CONS. AUTHORITY,Chloroethane,2001-10-25T00:00,0.009,µg/m³,VOC,N/A
63601,LONGWOODS CONS. AUTHORITY,Chloroethane,2001-10-28T00:00,0.010,µg/m³,VOC,N/A
63601,LONGWOODS CONS. AUTHORITY,Chloroethane,2001-10-31T00:00,0.030,µg/m³,VOC,N/A
63601,LONGWOODS CONS. AUTHORITY,Chloroethane,2001-11-03T00:00,0.000,µg/m³,VOC,N/A
63601,LONGWOODS CONS. AUTHORITY,Chloroethane,2001-11-06T00:00,0.025,µg/m³,VOC,N/A
63601,LONGWOODS CONS. AUTHORITY,Chloroethane,2001-11-09T00:00,0.024,µg/m³,VOC,N/A
63601,LONGWOODS CONS. AUTHORITY,Chloroethane,2001-11-12T00:00,0.027,µg/m³,VOC,N/A
63601,LONGWOODS CONS. AUTHORITY,Chloroethane,2001-11-18T00:00,0.031,µg/m³,VOC,N/A
63601,LONGWOODS CONS. AUTHORITY,Chloroethane,2001-11-21T00:00,0.011,µg/m³,VOC,N/A
63601,LONGWOODS CONS. AUTHORITY,Chloroethane,2001-11-24T00:00,0.023,µg/m³,VOC,N/A
63601,LONGWOODS CONS. AUTHORITY,Chloroethane,2001-11-27T00:00,0.017,µg/m³,VOC,N/A
63601,LONGWOODS CONS. AUTHORITY,Chloroethane,2001-11-30T00:00,0.014,µg/m³,VOC,N/A
63601,LONGWOODS CONS. AUTHORITY,Chloroethane,2001-12-03T00:00,0.022,µg/m³,VOC,N/A
63601,LONGWOODS CONS. AUTHORITY,Chloroethane,2001-12-06T00:00,0.017,µg/m³,VOC,N/A
63601,LONGWOODS CONS. AUTHORITY,Chloroethane,2001-12-09T00:00,0.039,µg/m³,VOC,N/A
63601,LONGWOODS CONS. AUTHORITY,Chloroethane,2001-12-12T00:00,0.025,µg/m³,VOC,N/A
63601,LONGWOODS CONS. AUTHORITY,Chloroethane,2001-12-15T00:00,0.045,µg/m³,VOC,N/A
