﻿NAPS_Site_ID,Station_Name,Pollutant,Date,Value,Units,Report_Type,Method
100134,VANCOUVER INTL. AIRPORT,"2,2-Dimethylbutane",2015-01-17T19:00,0.026,µg/m³,VOC,N/A
100134,VANCOUVER INTL. AIRPORT,"2,2-Dimethylbutane",2015-02-10T19:00,0.154,µg/m³,VOC,N/A
100134,VANCOUVER INTL. AIRPORT,"2,2-Dimethylbutane",2015-03-06T19:00,0.164,µg/m³,VOC,N/A
100134,VANCOUVER INTL. AIRPORT,"2,2-Dimethylbutane",2015-05-05T20:00,0.043,µg/m³,VOC,N/A
100134,VANCOUVER INTL. AIRPORT,"2,2-Dimethylbutane",2015-05-17T20:00,0.055,µg/m³,VOC,N/A
100134,VANCOUVER INTL. AIRPORT,"2,2-Dimethylbutane",2015-05-29T20:00,0.016,µg/m³,VOC,N/A
100134,VANCOUVER INTL. AIRPORT,"2,2-Dimethylbutane",2015-06-10T20:00,0.014,µg/m³,VOC,N/A
100134,VANCOUVER INTL. AIRPORT,"2,2-Dimethylbutane",2015-06-22T20:00,0.033,µg/m³,VOC,N/A
100134,VANCOUVER INTL. AIRPORT,"2,2-Dimethylbutane",2015-07-04T20:00,0.034,µg/m³,VOC,N/A
100134,VANCOUVER INTL. AIRPORT,"2,2-Dimethylbutane",2015-07-28T20:00,0.074,µg/m³,VOC,N/A
100134,VANCOUVER INTL. AIRPORT,"2,2-Dimethylbutane",2015-08-09T20:00,0.101,µg/m³,VOC,N/A
100134,VANCOUVER INTL. AIRPORT,"2,2-Dimethylbutane",2015-08-21T20:00,0.101,µg/m³,VOC,N/A
100134,VANCOUVER INTL. AIRPORT,"2,2-Dimethylbutane",2015-09-02T20:00,0.059,µg/m³,VOC,N/A
100134,VANCOUVER INTL. AIRPORT,"2,2-Dimethylbutane",2015-09-14T20:00,0.060,µg/m³,VOC,N/A
100134,VANCOUVER INTL. AIRPORT,"2,2-Dimethylbutane",2015-09-26T20:00,0.069,µg/m³,VOC,N/A
100134,VANCOUVER INTL. AIRPORT,"2,2-Dimethylbutane",2015-10-08T20:00,0.169,µg/m³,VOC,N/A
100134,VANCOUVER INTL. AIRPORT,"2,2-Dimethylbutane",2015-11-01T19:00,0.076,µg/m³,VOC,N/A
100134,VANCOUVER INTL. AIRPORT,"2,2-Dimethylbutane",2015-11-13T19:00,0.064,µg/m³,VOC,N/A
100134,VANCOUVER INTL. AIRPORT,"2,2-Dimethylbutane",2015-11-25T19:00,0.439,µg/m³,VOC,N/A
100134,VANCOUVER INTL. AIRPORT,"2,2-Dimethylbutane",2015-12-07T19:00,0.046,µg/m³,VOC,N/A
