﻿NAPS_Site_ID,Station_Name,Pollutant,Date,Value,Units,Report_Type,Method
60211,WINDSOR WEST,Rubidium,2018-01-02T00:00,0.000,µg/m³,PM2.5,ED-XRF
60211,WINDSOR WEST,Rubidium,2018-01-05T00:00,0.000,µg/m³,PM2.5,ED-XRF
60211,WINDSOR WEST,Rubidium,2018-01-08T00:00,0.000,µg/m³,PM2.5,ED-XRF
60211,WINDSOR WEST,Rubidium,2018-01-11T00:00,0.000,µg/m³,PM2.5,ED-XRF
60211,WINDSOR WEST,Rubidium,2018-01-14T00:00,0.001,µg/m³,PM2.5,ED-XRF
60211,WINDSOR WEST,Rubidium,2018-01-20T00:00,0.001,µg/m³,PM2.5,ED-XRF
60211,WINDSOR WEST,Rubidium,2018-01-23T00:00,0.001,µg/m³,PM2.5,ED-XRF
60211,WINDSOR WEST,Rubidium,2018-01-26T00:00,0.000,µg/m³,PM2.5,ED-XRF
60211,WINDSOR WEST,Rubidium,2018-01-29T00:00,0.000,µg/m³,PM2.5,ED-XRF
60211,WINDSOR WEST,Rubidium,2018-02-01T00:00,0.000,µg/m³,PM2.5,ED-XRF
60211,WINDSOR WEST,Rubidium,2018-02-04T00:00,0.000,µg/m³,PM2.5,ED-XRF
60211,WINDSOR WEST,Rubidium,2018-02-07T00:00,0.000,µg/m³,PM2.5,ED-XRF
60211,WINDSOR WEST,Rubidium,2018-02-10T00:00,0.000,µg/m³,PM2.5,ED-XRF
60211,WINDSOR WEST,Rubidium,2018-02-13T00:00,0.000,µg/m³,PM2.5,ED-XRF
60211,WINDSOR WEST,Rubidium,2018-02-16T00:00,0.000,µg/m³,PM2.5,ED-XRF
60211,WINDSOR WEST,Rubidium,2018-02-19T00:00,0.000,µg/m³,PM2.5,ED-XRF
60211,WINDSOR WEST,Rubidium,2018-02-22T00:00,0.000,µg/m³,PM2.5,ED-XRF
60211,WINDSOR WEST,Rubidium,2018-02-25T00:00,0.000,µg/m³,PM2.5,ED-XRF
60211,WINDSOR WEST,Rubidium,2018-03-06T00:00,0.000,µg/m³,PM2.5,ED-XRF
60211,WINDSOR WEST,Rubidium,2018-03-09T00:00,0.000,µg/m³,PM2.5,ED-XRF
60211,WINDSOR WEST,Rubidium,2018-03-12T00:00,0.000,µg/m³,PM2.5,ED-XRF
60211,WINDSOR WEST,Rubidium,2018-03-15T00:00,0.000,µg/m³,PM2.5,ED-XRF
60211,WINDSOR WEST,Rubidium,2018-03-18T00:00,0.001,µg/m³,PM2.5,ED-XRF
60211,WINDSOR WEST,Rubidium,2018-03-21T00:00,0.001,µg/m³,PM2.5,ED-XRF
60211,WINDSOR WEST,Rubidium,2018-03-24T00:00,0.001,µg/m³,PM2.5,ED-XRF
60211,WINDSOR WEST,Rubidium,2018-03-27T00:00,0.000,µg/m³,PM2.5,ED-XRF
60211,WINDSOR WEST,Rubidium,2018-03-30T00:00,0.001,µg/m³,PM2.5,ED-XRF
60211,WINDSOR WEST,Rubidium,2018-04-02T00:00,0.000,µg/m³,PM2.5,ED-XRF
60211,WINDSOR WEST,Rubidium,2018-04-08T00:00,0.000,µg/m³,PM2.5,ED-XRF
60211,WINDSOR WEST,Rubidium,2018-04-11T00:00,0.001,µg/m³,PM2.5,ED-XRF
60211,WINDSOR WEST,Rubidium,2018-04-14T00:00,0.001,µg/m³,PM2.5,ED-XRF
60211,WINDSOR WEST,Rubidium,2018-04-17T00:00,0.000,µg/m³,PM2.5,ED-XRF
60211,WINDSOR WEST,Rubidium,2018-04-23T00:00,0.000,µg/m³,PM2.5,ED-XRF
60211,WINDSOR WEST,Rubidium,2018-04-26T00:00,0.000,µg/m³,PM2.5,ED-XRF
60211,WINDSOR WEST,Rubidium,2018-04-29T00:00,0.001,µg/m³,PM2.5,ED-XRF
60211,WINDSOR WEST,Rubidium,2018-05-02T00:00,0.000,µg/m³,PM2.5,ED-XRF
60211,WINDSOR WEST,Rubidium,2018-05-05T00:00,0.001,µg/m³,PM2.5,ED-XRF
60211,WINDSOR WEST,Rubidium,2018-05-08T00:00,0.000,µg/m³,PM2.5,ED-XRF
60211,WINDSOR WEST,Rubidium,2018-05-11T00:00,0.001,µg/m³,PM2.5,ED-XRF
60211,WINDSOR WEST,Rubidium,2018-05-14T00:00,0.000,µg/m³,PM2.5,ED-XRF
60211,WINDSOR WEST,Rubidium,2018-05-17T00:00,0.000,µg/m³,PM2.5,ED-XRF
60211,WINDSOR WEST,Rubidium,2018-05-20T00:00,0.000,µg/m³,PM2.5,ED-XRF
60211,WINDSOR WEST,Rubidium,2018-05-26T00:00,0.001,µg/m³,PM2.5,ED-XRF
60211,WINDSOR WEST,Rubidium,2018-05-29T00:00,0.000,µg/m³,PM2.5,ED-XRF
60211,WINDSOR WEST,Rubidium,2018-06-04T00:00,0.000,µg/m³,PM2.5,ED-XRF
60211,WINDSOR WEST,Rubidium,2018-06-07T00:00,0.000,µg/m³,PM2.5,ED-XRF
60211,WINDSOR WEST,Rubidium,2018-06-10T00:00,0.000,µg/m³,PM2.5,ED-XRF
60211,WINDSOR WEST,Rubidium,2018-06-13T00:00,0.000,µg/m³,PM2.5,ED-XRF
60211,WINDSOR WEST,Rubidium,2018-06-16T00:00,0.000,µg/m³,PM2.5,ED-XRF
60211,WINDSOR WEST,Rubidium,2018-06-22T00:00,0.000,µg/m³,PM2.5,ED-XRF
60211,WINDSOR WEST,Rubidium,2018-06-25T00:00,0.000,µg/m³,PM2.5,ED-XRF
60211,WINDSOR WEST,Rubidium,2018-06-28T00:00,0.000,µg/m³,PM2.5,ED-XRF
60211,WINDSOR WEST,Rubidium,2018-07-01T00:00,0.000,µg/m³,PM2.5,ED-XRF
60211,WINDSOR WEST,Rubidium,2018-07-07T00:00,0.000,µg/m³,PM2.5,ED-XRF
60211,WINDSOR WEST,Rubidium,2018-07-10T00:00,0.000,µg/m³,PM2.5,ED-XRF
60211,WINDSOR WEST,Rubidium,2018-07-13T00:00,0.000,µg/m³,PM2.5,ED-XRF
60211,WINDSOR WEST,Rubidium,2018-07-16T00:00,0.000,µg/m³,PM2.5,ED-XRF
60211,WINDSOR WEST,Rubidium,2018-07-19T00:00,0.000,µg/m³,PM2.5,ED-XRF
60211,WINDSOR WEST,Rubidium,2018-07-22T00:00,0.000,µg/m³,PM2.5,ED-XRF
60211,WINDSOR WEST,Rubidium,2018-07-25T00:00,0.000,µg/m³,PM2.5,ED-XRF
60211,WINDSOR WEST,Rubidium,2018-07-28T00:00,0.000,µg/m³,PM2.5,ED-XRF
60211,WINDSOR WEST,Rubidium,2018-07-31T00:00,0.000,µg/m³,PM2.5,ED-XRF
60211,WINDSOR WEST,Rubidium,2018-08-03T00:00,0.000,µg/m³,PM2.5,ED-XRF
60211,WINDSOR WEST,Rubidium,2018-08-06T00:00,0.000,µg/m³,PM2.5,ED-XRF
60211,WINDSOR WEST,Rubidium,2018-08-09T00:00,0.001,µg/m³,PM2.5,ED-XRF
60211,WINDSOR WEST,Rubidium,2018-08-12T00:00,0.001,µg/m³,PM2.5,ED-XRF
60211,WINDSOR WEST,Rubidium,2018-08-15T00:00,0.001,µg/m³,PM2.5,ED-XRF
60211,WINDSOR WEST,Rubidium,2018-08-18T00:00,0.000,µg/m³,PM2.5,ED-XRF
60211,WINDSOR WEST,Rubidium,2018-08-21T00:00,0.000,µg/m³,PM2.5,ED-XRF
60211,WINDSOR WEST,Rubidium,2018-08-27T00:00,0.000,µg/m³,PM2.5,ED-XRF
60211,WINDSOR WEST,Rubidium,2018-08-30T00:00,0.000,µg/m³,PM2.5,ED-XRF
60211,WINDSOR WEST,Rubidium,2018-09-02T00:00,0.000,µg/m³,PM2.5,ED-XRF
60211,WINDSOR WEST,Rubidium,2018-09-05T00:00,0.001,µg/m³,PM2.5,ED-XRF
60211,WINDSOR WEST,Rubidium,2018-09-08T00:00,0.000,µg/m³,PM2.5,ED-XRF
60211,WINDSOR WEST,Rubidium,2018-09-11T00:00,0.000,µg/m³,PM2.5,ED-XRF
60211,WINDSOR WEST,Rubidium,2018-09-14T00:00,0.000,µg/m³,PM2.5,ED-XRF
60211,WINDSOR WEST,Rubidium,2018-09-17T00:00,0.001,µg/m³,PM2.5,ED-XRF
60211,WINDSOR WEST,Rubidium,2018-09-20T00:00,0.001,µg/m³,PM2.5,ED-XRF
60211,WINDSOR WEST,Rubidium,2018-09-23T00:00,0.000,µg/m³,PM2.5,ED-XRF
60211,WINDSOR WEST,Rubidium,2018-11-07T00:00,0.001,µg/m³,PM2.5,ED-XRF
60211,WINDSOR WEST,Rubidium,2018-11-10T00:00,0.000,µg/m³,PM2.5,ED-XRF
60211,WINDSOR WEST,Rubidium,2018-11-16T00:00,0.000,µg/m³,PM2.5,ED-XRF
60211,WINDSOR WEST,Rubidium,2018-11-19T00:00,0.000,µg/m³,PM2.5,ED-XRF
60211,WINDSOR WEST,Rubidium,2018-11-22T00:00,0.001,µg/m³,PM2.5,ED-XRF
60211,WINDSOR WEST,Rubidium,2018-11-25T00:00,0.001,µg/m³,PM2.5,ED-XRF
60211,WINDSOR WEST,Rubidium,2018-12-01T00:00,0.000,µg/m³,PM2.5,ED-XRF
60211,WINDSOR WEST,Rubidium,2018-12-04T00:00,0.000,µg/m³,PM2.5,ED-XRF
60211,WINDSOR WEST,Rubidium,2018-12-07T00:00,0.000,µg/m³,PM2.5,ED-XRF
60211,WINDSOR WEST,Rubidium,2018-12-10T00:00,0.000,µg/m³,PM2.5,ED-XRF
60211,WINDSOR WEST,Rubidium,2018-12-13T00:00,0.001,µg/m³,PM2.5,ED-XRF
60211,WINDSOR WEST,Rubidium,2018-12-16T00:00,0.000,µg/m³,PM2.5,ED-XRF
60211,WINDSOR WEST,Rubidium,2018-12-19T00:00,0.000,µg/m³,PM2.5,ED-XRF
60211,WINDSOR WEST,Rubidium,2018-12-22T00:00,0.000,µg/m³,PM2.5,ED-XRF
60211,WINDSOR WEST,Rubidium,2018-01-02T00:00,0.000,µg/m³,PM2.5-10,ED-XRF
60211,WINDSOR WEST,Rubidium,2018-01-05T00:00,0.000,µg/m³,PM2.5-10,ED-XRF
60211,WINDSOR WEST,Rubidium,2018-01-11T00:00,0.000,µg/m³,PM2.5-10,ED-XRF
60211,WINDSOR WEST,Rubidium,2018-01-14T00:00,0.000,µg/m³,PM2.5-10,ED-XRF
60211,WINDSOR WEST,Rubidium,2018-01-20T00:00,0.000,µg/m³,PM2.5-10,ED-XRF
60211,WINDSOR WEST,Rubidium,2018-01-23T00:00,0.000,µg/m³,PM2.5-10,ED-XRF
60211,WINDSOR WEST,Rubidium,2018-01-26T00:00,0.000,µg/m³,PM2.5-10,ED-XRF
60211,WINDSOR WEST,Rubidium,2018-01-29T00:00,0.000,µg/m³,PM2.5-10,ED-XRF
60211,WINDSOR WEST,Rubidium,2018-02-01T00:00,0.000,µg/m³,PM2.5-10,ED-XRF
60211,WINDSOR WEST,Rubidium,2018-02-04T00:00,0.000,µg/m³,PM2.5-10,ED-XRF
60211,WINDSOR WEST,Rubidium,2018-02-07T00:00,0.000,µg/m³,PM2.5-10,ED-XRF
60211,WINDSOR WEST,Rubidium,2018-02-10T00:00,0.000,µg/m³,PM2.5-10,ED-XRF
60211,WINDSOR WEST,Rubidium,2018-02-13T00:00,0.000,µg/m³,PM2.5-10,ED-XRF
60211,WINDSOR WEST,Rubidium,2018-02-16T00:00,0.000,µg/m³,PM2.5-10,ED-XRF
60211,WINDSOR WEST,Rubidium,2018-02-19T00:00,0.000,µg/m³,PM2.5-10,ED-XRF
60211,WINDSOR WEST,Rubidium,2018-02-22T00:00,0.000,µg/m³,PM2.5-10,ED-XRF
60211,WINDSOR WEST,Rubidium,2018-02-25T00:00,0.000,µg/m³,PM2.5-10,ED-XRF
60211,WINDSOR WEST,Rubidium,2018-03-06T00:00,0.000,µg/m³,PM2.5-10,ED-XRF
60211,WINDSOR WEST,Rubidium,2018-03-09T00:00,0.000,µg/m³,PM2.5-10,ED-XRF
60211,WINDSOR WEST,Rubidium,2018-03-12T00:00,0.000,µg/m³,PM2.5-10,ED-XRF
60211,WINDSOR WEST,Rubidium,2018-03-15T00:00,0.000,µg/m³,PM2.5-10,ED-XRF
60211,WINDSOR WEST,Rubidium,2018-03-18T00:00,0.000,µg/m³,PM2.5-10,ED-XRF
60211,WINDSOR WEST,Rubidium,2018-03-21T00:00,0.000,µg/m³,PM2.5-10,ED-XRF
60211,WINDSOR WEST,Rubidium,2018-03-24T00:00,0.000,µg/m³,PM2.5-10,ED-XRF
60211,WINDSOR WEST,Rubidium,2018-03-27T00:00,0.001,µg/m³,PM2.5-10,ED-XRF
60211,WINDSOR WEST,Rubidium,2018-03-30T00:00,0.000,µg/m³,PM2.5-10,ED-XRF
60211,WINDSOR WEST,Rubidium,2018-04-02T00:00,0.000,µg/m³,PM2.5-10,ED-XRF
60211,WINDSOR WEST,Rubidium,2018-04-08T00:00,0.000,µg/m³,PM2.5-10,ED-XRF
60211,WINDSOR WEST,Rubidium,2018-04-11T00:00,0.000,µg/m³,PM2.5-10,ED-XRF
60211,WINDSOR WEST,Rubidium,2018-04-14T00:00,0.000,µg/m³,PM2.5-10,ED-XRF
60211,WINDSOR WEST,Rubidium,2018-04-17T00:00,0.000,µg/m³,PM2.5-10,ED-XRF
60211,WINDSOR WEST,Rubidium,2018-04-23T00:00,0.000,µg/m³,PM2.5-10,ED-XRF
60211,WINDSOR WEST,Rubidium,2018-04-26T00:00,0.000,µg/m³,PM2.5-10,ED-XRF
60211,WINDSOR WEST,Rubidium,2018-04-29T00:00,0.000,µg/m³,PM2.5-10,ED-XRF
60211,WINDSOR WEST,Rubidium,2018-05-02T00:00,0.000,µg/m³,PM2.5-10,ED-XRF
60211,WINDSOR WEST,Rubidium,2018-05-05T00:00,0.000,µg/m³,PM2.5-10,ED-XRF
60211,WINDSOR WEST,Rubidium,2018-05-08T00:00,0.000,µg/m³,PM2.5-10,ED-XRF
60211,WINDSOR WEST,Rubidium,2018-05-11T00:00,0.000,µg/m³,PM2.5-10,ED-XRF
60211,WINDSOR WEST,Rubidium,2018-05-14T00:00,0.000,µg/m³,PM2.5-10,ED-XRF
60211,WINDSOR WEST,Rubidium,2018-05-17T00:00,0.000,µg/m³,PM2.5-10,ED-XRF
60211,WINDSOR WEST,Rubidium,2018-05-20T00:00,0.000,µg/m³,PM2.5-10,ED-XRF
60211,WINDSOR WEST,Rubidium,2018-05-26T00:00,0.000,µg/m³,PM2.5-10,ED-XRF
60211,WINDSOR WEST,Rubidium,2018-05-29T00:00,0.000,µg/m³,PM2.5-10,ED-XRF
60211,WINDSOR WEST,Rubidium,2018-06-04T00:00,0.000,µg/m³,PM2.5-10,ED-XRF
60211,WINDSOR WEST,Rubidium,2018-06-07T00:00,0.000,µg/m³,PM2.5-10,ED-XRF
60211,WINDSOR WEST,Rubidium,2018-06-10T00:00,0.000,µg/m³,PM2.5-10,ED-XRF
60211,WINDSOR WEST,Rubidium,2018-06-13T00:00,0.000,µg/m³,PM2.5-10,ED-XRF
60211,WINDSOR WEST,Rubidium,2018-06-16T00:00,0.001,µg/m³,PM2.5-10,ED-XRF
60211,WINDSOR WEST,Rubidium,2018-06-22T00:00,0.000,µg/m³,PM2.5-10,ED-XRF
60211,WINDSOR WEST,Rubidium,2018-06-25T00:00,0.000,µg/m³,PM2.5-10,ED-XRF
60211,WINDSOR WEST,Rubidium,2018-06-28T00:00,0.000,µg/m³,PM2.5-10,ED-XRF
60211,WINDSOR WEST,Rubidium,2018-07-01T00:00,0.000,µg/m³,PM2.5-10,ED-XRF
60211,WINDSOR WEST,Rubidium,2018-07-07T00:00,0.000,µg/m³,PM2.5-10,ED-XRF
60211,WINDSOR WEST,Rubidium,2018-07-10T00:00,0.000,µg/m³,PM2.5-10,ED-XRF
60211,WINDSOR WEST,Rubidium,2018-07-13T00:00,0.000,µg/m³,PM2.5-10,ED-XRF
60211,WINDSOR WEST,Rubidium,2018-07-16T00:00,0.000,µg/m³,PM2.5-10,ED-XRF
60211,WINDSOR WEST,Rubidium,2018-07-19T00:00,0.000,µg/m³,PM2.5-10,ED-XRF
60211,WINDSOR WEST,Rubidium,2018-07-22T00:00,0.000,µg/m³,PM2.5-10,ED-XRF
60211,WINDSOR WEST,Rubidium,2018-07-25T00:00,0.000,µg/m³,PM2.5-10,ED-XRF
60211,WINDSOR WEST,Rubidium,2018-07-28T00:00,0.000,µg/m³,PM2.5-10,ED-XRF
60211,WINDSOR WEST,Rubidium,2018-07-31T00:00,0.000,µg/m³,PM2.5-10,ED-XRF
60211,WINDSOR WEST,Rubidium,2018-08-03T00:00,0.000,µg/m³,PM2.5-10,ED-XRF
60211,WINDSOR WEST,Rubidium,2018-08-06T00:00,0.000,µg/m³,PM2.5-10,ED-XRF
60211,WINDSOR WEST,Rubidium,2018-08-09T00:00,0.000,µg/m³,PM2.5-10,ED-XRF
60211,WINDSOR WEST,Rubidium,2018-08-12T00:00,0.000,µg/m³,PM2.5-10,ED-XRF
60211,WINDSOR WEST,Rubidium,2018-08-15T00:00,0.001,µg/m³,PM2.5-10,ED-XRF
60211,WINDSOR WEST,Rubidium,2018-08-18T00:00,0.000,µg/m³,PM2.5-10,ED-XRF
60211,WINDSOR WEST,Rubidium,2018-08-21T00:00,0.000,µg/m³,PM2.5-10,ED-XRF
60211,WINDSOR WEST,Rubidium,2018-08-27T00:00,0.000,µg/m³,PM2.5-10,ED-XRF
60211,WINDSOR WEST,Rubidium,2018-08-30T00:00,0.000,µg/m³,PM2.5-10,ED-XRF
60211,WINDSOR WEST,Rubidium,2018-09-02T00:00,0.000,µg/m³,PM2.5-10,ED-XRF
60211,WINDSOR WEST,Rubidium,2018-09-05T00:00,0.000,µg/m³,PM2.5-10,ED-XRF
60211,WINDSOR WEST,Rubidium,2018-09-08T00:00,0.000,µg/m³,PM2.5-10,ED-XRF
60211,WINDSOR WEST,Rubidium,2018-09-11T00:00,0.000,µg/m³,PM2.5-10,ED-XRF
60211,WINDSOR WEST,Rubidium,2018-09-14T00:00,0.000,µg/m³,PM2.5-10,ED-XRF
60211,WINDSOR WEST,Rubidium,2018-09-17T00:00,0.000,µg/m³,PM2.5-10,ED-XRF
60211,WINDSOR WEST,Rubidium,2018-09-20T00:00,0.001,µg/m³,PM2.5-10,ED-XRF
60211,WINDSOR WEST,Rubidium,2018-09-23T00:00,0.000,µg/m³,PM2.5-10,ED-XRF
60211,WINDSOR WEST,Rubidium,2018-11-07T00:00,0.001,µg/m³,PM2.5-10,ED-XRF
60211,WINDSOR WEST,Rubidium,2018-11-10T00:00,0.000,µg/m³,PM2.5-10,ED-XRF
60211,WINDSOR WEST,Rubidium,2018-11-16T00:00,0.000,µg/m³,PM2.5-10,ED-XRF
60211,WINDSOR WEST,Rubidium,2018-11-19T00:00,0.000,µg/m³,PM2.5-10,ED-XRF
60211,WINDSOR WEST,Rubidium,2018-11-22T00:00,0.000,µg/m³,PM2.5-10,ED-XRF
60211,WINDSOR WEST,Rubidium,2018-11-25T00:00,0.000,µg/m³,PM2.5-10,ED-XRF
60211,WINDSOR WEST,Rubidium,2018-12-01T00:00,0.000,µg/m³,PM2.5-10,ED-XRF
60211,WINDSOR WEST,Rubidium,2018-12-04T00:00,0.000,µg/m³,PM2.5-10,ED-XRF
60211,WINDSOR WEST,Rubidium,2018-12-07T00:00,0.000,µg/m³,PM2.5-10,ED-XRF
60211,WINDSOR WEST,Rubidium,2018-12-10T00:00,0.000,µg/m³,PM2.5-10,ED-XRF
60211,WINDSOR WEST,Rubidium,2018-12-13T00:00,0.000,µg/m³,PM2.5-10,ED-XRF
60211,WINDSOR WEST,Rubidium,2018-12-16T00:00,0.000,µg/m³,PM2.5-10,ED-XRF
60211,WINDSOR WEST,Rubidium,2018-12-19T00:00,0.001,µg/m³,PM2.5-10,ED-XRF
60211,WINDSOR WEST,Rubidium,2018-12-22T00:00,0.000,µg/m³,PM2.5-10,ED-XRF
