﻿NAPS_Site_ID,Station_Name,Pollutant,Date,Value,Units,Report_Type,Method
61104,10 HOSPITAL DRIVE _Peterborough_,Ethylbenzene,2001-01-01T00:00,0.220,µg/m³,VOC,GC-MS
61104,10 HOSPITAL DRIVE _Peterborough_,Ethylbenzene,2001-01-07T00:00,0.340,µg/m³,VOC,GC-MS
61104,10 HOSPITAL DRIVE _Peterborough_,Ethylbenzene,2001-01-13T00:00,2.000,µg/m³,VOC,GC-MS
61104,10 HOSPITAL DRIVE _Peterborough_,Ethylbenzene,2001-01-19T00:00,0.550,µg/m³,VOC,GC-MS
61104,10 HOSPITAL DRIVE _Peterborough_,Ethylbenzene,2001-01-25T00:00,0.310,µg/m³,VOC,GC-MS
61104,10 HOSPITAL DRIVE _Peterborough_,Ethylbenzene,2001-01-31T00:00,0.410,µg/m³,VOC,GC-MS
61104,10 HOSPITAL DRIVE _Peterborough_,Ethylbenzene,2001-02-06T00:00,0.350,µg/m³,VOC,GC-MS
61104,10 HOSPITAL DRIVE _Peterborough_,Ethylbenzene,2001-02-12T00:00,0.810,µg/m³,VOC,GC-MS
61104,10 HOSPITAL DRIVE _Peterborough_,Ethylbenzene,2001-02-18T00:00,0.250,µg/m³,VOC,GC-MS
61104,10 HOSPITAL DRIVE _Peterborough_,Ethylbenzene,2001-02-24T00:00,0.340,µg/m³,VOC,GC-MS
61104,10 HOSPITAL DRIVE _Peterborough_,Ethylbenzene,2001-03-02T00:00,0.490,µg/m³,VOC,GC-MS
61104,10 HOSPITAL DRIVE _Peterborough_,Ethylbenzene,2001-03-08T00:00,0.790,µg/m³,VOC,GC-MS
61104,10 HOSPITAL DRIVE _Peterborough_,Ethylbenzene,2001-03-14T00:00,0.130,µg/m³,VOC,GC-MS
61104,10 HOSPITAL DRIVE _Peterborough_,Ethylbenzene,2001-03-20T00:00,1.030,µg/m³,VOC,GC-MS
61104,10 HOSPITAL DRIVE _Peterborough_,Ethylbenzene,2001-03-26T00:00,0.180,µg/m³,VOC,GC-MS
61104,10 HOSPITAL DRIVE _Peterborough_,Ethylbenzene,2001-04-01T00:00,0.150,µg/m³,VOC,GC-MS
61104,10 HOSPITAL DRIVE _Peterborough_,Ethylbenzene,2001-04-07T00:00,0.160,µg/m³,VOC,GC-MS
61104,10 HOSPITAL DRIVE _Peterborough_,Ethylbenzene,2001-04-13T00:00,0.080,µg/m³,VOC,GC-MS
61104,10 HOSPITAL DRIVE _Peterborough_,Ethylbenzene,2001-04-19T00:00,0.230,µg/m³,VOC,GC-MS
61104,10 HOSPITAL DRIVE _Peterborough_,Ethylbenzene,2001-04-25T00:00,0.270,µg/m³,VOC,GC-MS
61104,10 HOSPITAL DRIVE _Peterborough_,Ethylbenzene,2001-05-01T00:00,0.730,µg/m³,VOC,GC-MS
61104,10 HOSPITAL DRIVE _Peterborough_,Ethylbenzene,2001-05-07T00:00,0.390,µg/m³,VOC,GC-MS
61104,10 HOSPITAL DRIVE _Peterborough_,Ethylbenzene,2001-05-13T00:00,0.120,µg/m³,VOC,GC-MS
61104,10 HOSPITAL DRIVE _Peterborough_,Ethylbenzene,2001-05-19T00:00,0.170,µg/m³,VOC,GC-MS
61104,10 HOSPITAL DRIVE _Peterborough_,Ethylbenzene,2001-05-25T00:00,0.430,µg/m³,VOC,GC-MS
61104,10 HOSPITAL DRIVE _Peterborough_,Ethylbenzene,2001-05-31T00:00,0.240,µg/m³,VOC,GC-MS
61104,10 HOSPITAL DRIVE _Peterborough_,Ethylbenzene,2001-06-06T00:00,0.190,µg/m³,VOC,GC-MS
61104,10 HOSPITAL DRIVE _Peterborough_,Ethylbenzene,2001-06-12T00:00,0.710,µg/m³,VOC,GC-MS
61104,10 HOSPITAL DRIVE _Peterborough_,Ethylbenzene,2001-06-18T00:00,0.240,µg/m³,VOC,GC-MS
61104,10 HOSPITAL DRIVE _Peterborough_,Ethylbenzene,2001-06-24T00:00,0.250,µg/m³,VOC,GC-MS
61104,10 HOSPITAL DRIVE _Peterborough_,Ethylbenzene,2001-06-30T00:00,0.170,µg/m³,VOC,GC-MS
61104,10 HOSPITAL DRIVE _Peterborough_,Ethylbenzene,2001-07-06T00:00,0.820,µg/m³,VOC,GC-MS
61104,10 HOSPITAL DRIVE _Peterborough_,Ethylbenzene,2001-07-12T00:00,0.120,µg/m³,VOC,GC-MS
61104,10 HOSPITAL DRIVE _Peterborough_,Ethylbenzene,2001-07-18T00:00,0.760,µg/m³,VOC,GC-MS
61104,10 HOSPITAL DRIVE _Peterborough_,Ethylbenzene,2001-07-24T00:00,0.330,µg/m³,VOC,GC-MS
61104,10 HOSPITAL DRIVE _Peterborough_,Ethylbenzene,2001-07-30T00:00,0.510,µg/m³,VOC,GC-MS
61104,10 HOSPITAL DRIVE _Peterborough_,Ethylbenzene,2001-08-05T00:00,0.300,µg/m³,VOC,GC-MS
61104,10 HOSPITAL DRIVE _Peterborough_,Ethylbenzene,2001-08-11T00:00,0.190,µg/m³,VOC,GC-MS
61104,10 HOSPITAL DRIVE _Peterborough_,Ethylbenzene,2001-08-17T00:00,0.270,µg/m³,VOC,GC-MS
61104,10 HOSPITAL DRIVE _Peterborough_,Ethylbenzene,2001-08-23T00:00,0.620,µg/m³,VOC,GC-MS
61104,10 HOSPITAL DRIVE _Peterborough_,Ethylbenzene,2001-08-29T00:00,0.440,µg/m³,VOC,GC-MS
61104,10 HOSPITAL DRIVE _Peterborough_,Ethylbenzene,2001-09-04T00:00,0.170,µg/m³,VOC,GC-MS
61104,10 HOSPITAL DRIVE _Peterborough_,Ethylbenzene,2001-09-10T00:00,0.510,µg/m³,VOC,GC-MS
61104,10 HOSPITAL DRIVE _Peterborough_,Ethylbenzene,2001-09-16T00:00,0.180,µg/m³,VOC,GC-MS
61104,10 HOSPITAL DRIVE _Peterborough_,Ethylbenzene,2001-09-22T00:00,0.270,µg/m³,VOC,GC-MS
61104,10 HOSPITAL DRIVE _Peterborough_,Ethylbenzene,2001-09-28T00:00,0.350,µg/m³,VOC,GC-MS
61104,10 HOSPITAL DRIVE _Peterborough_,Ethylbenzene,2001-10-04T00:00,0.270,µg/m³,VOC,GC-MS
61104,10 HOSPITAL DRIVE _Peterborough_,Ethylbenzene,2001-10-10T00:00,0.670,µg/m³,VOC,GC-MS
61104,10 HOSPITAL DRIVE _Peterborough_,Ethylbenzene,2001-10-16T00:00,0.830,µg/m³,VOC,GC-MS
61104,10 HOSPITAL DRIVE _Peterborough_,Ethylbenzene,2001-10-22T00:00,1.210,µg/m³,VOC,GC-MS
61104,10 HOSPITAL DRIVE _Peterborough_,Ethylbenzene,2001-10-28T00:00,0.310,µg/m³,VOC,GC-MS
61104,10 HOSPITAL DRIVE _Peterborough_,Ethylbenzene,2001-11-03T00:00,0.270,µg/m³,VOC,GC-MS
61104,10 HOSPITAL DRIVE _Peterborough_,Ethylbenzene,2001-11-09T00:00,0.380,µg/m³,VOC,GC-MS
61104,10 HOSPITAL DRIVE _Peterborough_,Ethylbenzene,2001-11-15T00:00,1.090,µg/m³,VOC,GC-MS
61104,10 HOSPITAL DRIVE _Peterborough_,Ethylbenzene,2001-11-21T00:00,0.500,µg/m³,VOC,GC-MS
61104,10 HOSPITAL DRIVE _Peterborough_,Ethylbenzene,2001-12-03T00:00,0.540,µg/m³,VOC,GC-MS
61104,10 HOSPITAL DRIVE _Peterborough_,Ethylbenzene,2001-12-09T00:00,0.500,µg/m³,VOC,GC-MS
61104,10 HOSPITAL DRIVE _Peterborough_,Ethylbenzene,2001-12-15T00:00,0.310,µg/m³,VOC,GC-MS
61104,10 HOSPITAL DRIVE _Peterborough_,Ethylbenzene,2001-12-21T00:00,0.150,µg/m³,VOC,GC-MS
