﻿NAPS_Site_ID,Station_Name,Pollutant,Date,Value,Units,Report_Type,Method
62601,EXPERIMENTAL FARM _SIMCOE_,OC1(A),2023-01-06T00:00,0.591,µg/m³,PM2.5,TOR
62601,EXPERIMENTAL FARM _SIMCOE_,OC1(A),2023-01-12T00:00,0.714,µg/m³,PM2.5,TOR
62601,EXPERIMENTAL FARM _SIMCOE_,OC1(A),2023-01-18T00:00,0.447,µg/m³,PM2.5,TOR
62601,EXPERIMENTAL FARM _SIMCOE_,OC1(A),2023-01-24T00:00,0.421,µg/m³,PM2.5,TOR
62601,EXPERIMENTAL FARM _SIMCOE_,OC1(A),2023-02-17T00:00,0.269,µg/m³,PM2.5,TOR
62601,EXPERIMENTAL FARM _SIMCOE_,OC1(A),2023-02-23T00:00,0.458,µg/m³,PM2.5,TOR
62601,EXPERIMENTAL FARM _SIMCOE_,OC1(A),2023-03-01T00:00,0.513,µg/m³,PM2.5,TOR
62601,EXPERIMENTAL FARM _SIMCOE_,OC1(A),2023-03-07T00:00,0.262,µg/m³,PM2.5,TOR
62601,EXPERIMENTAL FARM _SIMCOE_,OC1(A),2023-03-13T00:00,0.617,µg/m³,PM2.5,TOR
62601,EXPERIMENTAL FARM _SIMCOE_,OC1(A),2023-03-19T00:00,0.540,µg/m³,PM2.5,TOR
62601,EXPERIMENTAL FARM _SIMCOE_,OC1(A),2023-03-25T00:00,0.180,µg/m³,PM2.5,TOR
62601,EXPERIMENTAL FARM _SIMCOE_,OC1(A),2023-03-31T00:00,0.287,µg/m³,PM2.5,TOR
62601,EXPERIMENTAL FARM _SIMCOE_,OC1(A),2023-04-06T00:00,0.523,µg/m³,PM2.5,TOR
62601,EXPERIMENTAL FARM _SIMCOE_,OC1(A),2023-04-12T00:00,0.472,µg/m³,PM2.5,TOR
62601,EXPERIMENTAL FARM _SIMCOE_,OC1(A),2023-04-18T00:00,0.364,µg/m³,PM2.5,TOR
62601,EXPERIMENTAL FARM _SIMCOE_,OC1(A),2023-04-24T00:00,0.407,µg/m³,PM2.5,TOR
62601,EXPERIMENTAL FARM _SIMCOE_,OC1(A),2023-04-30T00:00,1.870,µg/m³,PM2.5,TOR
62601,EXPERIMENTAL FARM _SIMCOE_,OC1(A),2023-05-06T00:00,0.846,µg/m³,PM2.5,TOR
62601,EXPERIMENTAL FARM _SIMCOE_,OC1(A),2023-05-12T00:00,0.975,µg/m³,PM2.5,TOR
62601,EXPERIMENTAL FARM _SIMCOE_,OC1(A),2023-05-18T00:00,1.163,µg/m³,PM2.5,TOR
62601,EXPERIMENTAL FARM _SIMCOE_,OC1(A),2023-05-24T00:00,0.433,µg/m³,PM2.5,TOR
62601,EXPERIMENTAL FARM _SIMCOE_,OC1(A),2023-05-30T00:00,0.575,µg/m³,PM2.5,TOR
62601,EXPERIMENTAL FARM _SIMCOE_,OC1(A),2023-06-05T00:00,0.719,µg/m³,PM2.5,TOR
62601,EXPERIMENTAL FARM _SIMCOE_,OC1(A),2023-06-11T00:00,1.449,µg/m³,PM2.5,TOR
62601,EXPERIMENTAL FARM _SIMCOE_,OC1(A),2023-06-17T00:00,1.022,µg/m³,PM2.5,TOR
62601,EXPERIMENTAL FARM _SIMCOE_,OC1(A),2023-06-23T00:00,0.271,µg/m³,PM2.5,TOR
62601,EXPERIMENTAL FARM _SIMCOE_,OC1(A),2023-06-29T00:00,0.799,µg/m³,PM2.5,TOR
62601,EXPERIMENTAL FARM _SIMCOE_,OC1(A),2023-07-11T00:00,0.452,µg/m³,PM2.5,TOR
62601,EXPERIMENTAL FARM _SIMCOE_,OC1(A),2023-07-17T00:00,0.472,µg/m³,PM2.5,TOR
62601,EXPERIMENTAL FARM _SIMCOE_,OC1(A),2023-07-23T00:00,0.532,µg/m³,PM2.5,TOR
62601,EXPERIMENTAL FARM _SIMCOE_,OC1(A),2023-07-29T00:00,0.503,µg/m³,PM2.5,TOR
62601,EXPERIMENTAL FARM _SIMCOE_,OC1(A),2023-08-04T00:00,0.969,µg/m³,PM2.5,TOR
62601,EXPERIMENTAL FARM _SIMCOE_,OC1(A),2023-08-10T00:00,0.812,µg/m³,PM2.5,TOR
62601,EXPERIMENTAL FARM _SIMCOE_,OC1(A),2023-08-16T00:00,0.916,µg/m³,PM2.5,TOR
62601,EXPERIMENTAL FARM _SIMCOE_,OC1(A),2023-08-22T00:00,0.284,µg/m³,PM2.5,TOR
62601,EXPERIMENTAL FARM _SIMCOE_,OC1(A),2023-08-28T00:00,0.096,µg/m³,PM2.5,TOR
62601,EXPERIMENTAL FARM _SIMCOE_,OC1(A),2023-09-09T00:00,0.169,µg/m³,PM2.5,TOR
62601,EXPERIMENTAL FARM _SIMCOE_,OC1(A),2023-09-15T00:00,0.144,µg/m³,PM2.5,TOR
62601,EXPERIMENTAL FARM _SIMCOE_,OC1(A),2023-09-21T00:00,0.116,µg/m³,PM2.5,TOR
62601,EXPERIMENTAL FARM _SIMCOE_,OC1(A),2023-09-27T00:00,0.296,µg/m³,PM2.5,TOR
62601,EXPERIMENTAL FARM _SIMCOE_,OC1(A),2023-10-03T00:00,0.130,µg/m³,PM2.5,TOR
62601,EXPERIMENTAL FARM _SIMCOE_,OC1(A),2023-10-09T00:00,0.165,µg/m³,PM2.5,TOR
62601,EXPERIMENTAL FARM _SIMCOE_,OC1(A),2023-10-15T00:00,0.045,µg/m³,PM2.5,TOR
62601,EXPERIMENTAL FARM _SIMCOE_,OC1(A),2023-10-21T00:00,0.087,µg/m³,PM2.5,TOR
62601,EXPERIMENTAL FARM _SIMCOE_,OC1(A),2023-10-27T00:00,0.000,µg/m³,PM2.5,TOR
62601,EXPERIMENTAL FARM _SIMCOE_,OC1(A),2023-11-02T00:00,0.142,µg/m³,PM2.5,TOR
62601,EXPERIMENTAL FARM _SIMCOE_,OC1(A),2023-11-08T00:00,0.116,µg/m³,PM2.5,TOR
62601,EXPERIMENTAL FARM _SIMCOE_,OC1(A),2023-11-14T00:00,0.000,µg/m³,PM2.5,TOR
62601,EXPERIMENTAL FARM _SIMCOE_,OC1(A),2023-11-20T00:00,0.169,µg/m³,PM2.5,TOR
62601,EXPERIMENTAL FARM _SIMCOE_,OC1(A),2023-11-26T00:00,0.080,µg/m³,PM2.5,TOR
62601,EXPERIMENTAL FARM _SIMCOE_,OC1(A),2023-12-02T00:00,0.107,µg/m³,PM2.5,TOR
62601,EXPERIMENTAL FARM _SIMCOE_,OC1(A),2023-12-08T00:00,0.130,µg/m³,PM2.5,TOR
62601,EXPERIMENTAL FARM _SIMCOE_,OC1(A),2023-12-14T00:00,0.187,µg/m³,PM2.5,TOR
62601,EXPERIMENTAL FARM _SIMCOE_,OC1(A),2023-12-20T00:00,0.041,µg/m³,PM2.5,TOR
62601,EXPERIMENTAL FARM _SIMCOE_,OC1(A),2023-12-26T00:00,0.000,µg/m³,PM2.5,TOR
