﻿NAPS_Site_ID,Station_Name,Pollutant,Date,Value,Units,Report_Type,Method
101004,ABBOTSFORD AIRPORT,Carbontetrachloride,2009-01-01T00:00,0.661,µg/m³,VOC,GC-MS
101004,ABBOTSFORD AIRPORT,Carbontetrachloride,2009-01-07T00:00,0.551,µg/m³,VOC,GC-MS
101004,ABBOTSFORD AIRPORT,Carbontetrachloride,2009-01-13T00:00,0.547,µg/m³,VOC,GC-MS
101004,ABBOTSFORD AIRPORT,Carbontetrachloride,2009-01-19T00:00,0.500,µg/m³,VOC,GC-MS
101004,ABBOTSFORD AIRPORT,Carbontetrachloride,2009-01-25T00:00,0.645,µg/m³,VOC,GC-MS
101004,ABBOTSFORD AIRPORT,Carbontetrachloride,2009-01-31T00:00,0.653,µg/m³,VOC,GC-MS
101004,ABBOTSFORD AIRPORT,Carbontetrachloride,2009-02-06T00:00,0.678,µg/m³,VOC,GC-MS
101004,ABBOTSFORD AIRPORT,Carbontetrachloride,2009-02-12T00:00,0.512,µg/m³,VOC,GC-MS
101004,ABBOTSFORD AIRPORT,Carbontetrachloride,2009-02-18T00:00,0.505,µg/m³,VOC,GC-MS
101004,ABBOTSFORD AIRPORT,Carbontetrachloride,2009-02-24T00:00,0.545,µg/m³,VOC,GC-MS
101004,ABBOTSFORD AIRPORT,Carbontetrachloride,2009-03-02T00:00,0.544,µg/m³,VOC,GC-MS
101004,ABBOTSFORD AIRPORT,Carbontetrachloride,2009-03-08T00:00,0.502,µg/m³,VOC,GC-MS
101004,ABBOTSFORD AIRPORT,Carbontetrachloride,2009-03-14T00:00,0.502,µg/m³,VOC,GC-MS
101004,ABBOTSFORD AIRPORT,Carbontetrachloride,2009-03-20T00:00,0.531,µg/m³,VOC,GC-MS
101004,ABBOTSFORD AIRPORT,Carbontetrachloride,2009-03-26T00:00,0.539,µg/m³,VOC,GC-MS
101004,ABBOTSFORD AIRPORT,Carbontetrachloride,2009-04-01T00:00,0.537,µg/m³,VOC,GC-MS
101004,ABBOTSFORD AIRPORT,Carbontetrachloride,2009-04-07T00:00,0.562,µg/m³,VOC,GC-MS
101004,ABBOTSFORD AIRPORT,Carbontetrachloride,2009-04-13T00:00,0.560,µg/m³,VOC,GC-MS
101004,ABBOTSFORD AIRPORT,Carbontetrachloride,2009-04-19T00:00,0.564,µg/m³,VOC,GC-MS
101004,ABBOTSFORD AIRPORT,Carbontetrachloride,2009-04-25T00:00,0.520,µg/m³,VOC,GC-MS
101004,ABBOTSFORD AIRPORT,Carbontetrachloride,2009-05-01T00:00,0.445,µg/m³,VOC,GC-MS
101004,ABBOTSFORD AIRPORT,Carbontetrachloride,2009-05-07T00:00,0.580,µg/m³,VOC,GC-MS
101004,ABBOTSFORD AIRPORT,Carbontetrachloride,2009-05-13T00:00,0.520,µg/m³,VOC,GC-MS
101004,ABBOTSFORD AIRPORT,Carbontetrachloride,2009-05-19T00:00,0.500,µg/m³,VOC,GC-MS
101004,ABBOTSFORD AIRPORT,Carbontetrachloride,2009-05-25T00:00,0.487,µg/m³,VOC,GC-MS
101004,ABBOTSFORD AIRPORT,Carbontetrachloride,2009-05-31T00:00,0.532,µg/m³,VOC,GC-MS
101004,ABBOTSFORD AIRPORT,Carbontetrachloride,2009-06-06T00:00,0.515,µg/m³,VOC,GC-MS
101004,ABBOTSFORD AIRPORT,Carbontetrachloride,2009-06-18T00:00,0.543,µg/m³,VOC,GC-MS
101004,ABBOTSFORD AIRPORT,Carbontetrachloride,2009-06-24T00:00,0.497,µg/m³,VOC,GC-MS
101004,ABBOTSFORD AIRPORT,Carbontetrachloride,2009-06-30T00:00,0.527,µg/m³,VOC,GC-MS
101004,ABBOTSFORD AIRPORT,Carbontetrachloride,2009-07-06T00:00,0.526,µg/m³,VOC,GC-MS
101004,ABBOTSFORD AIRPORT,Carbontetrachloride,2009-07-12T00:00,0.467,µg/m³,VOC,GC-MS
101004,ABBOTSFORD AIRPORT,Carbontetrachloride,2009-07-18T00:00,0.569,µg/m³,VOC,GC-MS
101004,ABBOTSFORD AIRPORT,Carbontetrachloride,2009-07-24T00:00,0.582,µg/m³,VOC,GC-MS
101004,ABBOTSFORD AIRPORT,Carbontetrachloride,2009-07-30T00:00,0.549,µg/m³,VOC,GC-MS
101004,ABBOTSFORD AIRPORT,Carbontetrachloride,2009-08-05T00:00,0.603,µg/m³,VOC,GC-MS
101004,ABBOTSFORD AIRPORT,Carbontetrachloride,2009-08-11T00:00,0.580,µg/m³,VOC,GC-MS
101004,ABBOTSFORD AIRPORT,Carbontetrachloride,2009-08-17T00:00,0.582,µg/m³,VOC,GC-MS
101004,ABBOTSFORD AIRPORT,Carbontetrachloride,2009-08-23T00:00,0.578,µg/m³,VOC,GC-MS
101004,ABBOTSFORD AIRPORT,Carbontetrachloride,2009-08-29T00:00,0.578,µg/m³,VOC,GC-MS
101004,ABBOTSFORD AIRPORT,Carbontetrachloride,2009-09-04T00:00,0.569,µg/m³,VOC,GC-MS
101004,ABBOTSFORD AIRPORT,Carbontetrachloride,2009-09-10T00:00,0.645,µg/m³,VOC,GC-MS
101004,ABBOTSFORD AIRPORT,Carbontetrachloride,2009-09-16T00:00,0.616,µg/m³,VOC,GC-MS
101004,ABBOTSFORD AIRPORT,Carbontetrachloride,2009-09-22T00:00,0.621,µg/m³,VOC,GC-MS
101004,ABBOTSFORD AIRPORT,Carbontetrachloride,2009-09-28T00:00,0.644,µg/m³,VOC,GC-MS
101004,ABBOTSFORD AIRPORT,Carbontetrachloride,2009-10-04T00:00,0.602,µg/m³,VOC,GC-MS
101004,ABBOTSFORD AIRPORT,Carbontetrachloride,2009-10-10T00:00,0.575,µg/m³,VOC,GC-MS
101004,ABBOTSFORD AIRPORT,Carbontetrachloride,2009-10-16T00:00,0.510,µg/m³,VOC,GC-MS
101004,ABBOTSFORD AIRPORT,Carbontetrachloride,2009-10-22T00:00,0.556,µg/m³,VOC,GC-MS
101004,ABBOTSFORD AIRPORT,Carbontetrachloride,2009-10-28T00:00,0.520,µg/m³,VOC,GC-MS
101004,ABBOTSFORD AIRPORT,Carbontetrachloride,2009-11-03T00:00,0.602,µg/m³,VOC,GC-MS
101004,ABBOTSFORD AIRPORT,Carbontetrachloride,2009-11-09T00:00,0.585,µg/m³,VOC,GC-MS
101004,ABBOTSFORD AIRPORT,Carbontetrachloride,2009-11-15T00:00,0.636,µg/m³,VOC,GC-MS
101004,ABBOTSFORD AIRPORT,Carbontetrachloride,2009-11-21T00:00,0.667,µg/m³,VOC,GC-MS
101004,ABBOTSFORD AIRPORT,Carbontetrachloride,2009-11-27T00:00,0.544,µg/m³,VOC,GC-MS
101004,ABBOTSFORD AIRPORT,Carbontetrachloride,2009-12-03T00:00,0.644,µg/m³,VOC,GC-MS
101004,ABBOTSFORD AIRPORT,Carbontetrachloride,2009-12-09T00:00,0.536,µg/m³,VOC,GC-MS
101004,ABBOTSFORD AIRPORT,Carbontetrachloride,2009-12-15T00:00,0.534,µg/m³,VOC,GC-MS
101004,ABBOTSFORD AIRPORT,Carbontetrachloride,2009-12-21T00:00,0.643,µg/m³,VOC,GC-MS
101004,ABBOTSFORD AIRPORT,Carbontetrachloride,2009-12-27T00:00,0.532,µg/m³,VOC,GC-MS
