﻿NAPS_Site_ID,Station_Name,Pollutant,Date,Value,Units,Report_Type,Method
100111,ROCKY POINT PARK,"1,1,1-Trichloroethane",2005-01-04T00:00,0.138,µg/m³,VOC,N/A
100111,ROCKY POINT PARK,"1,1,1-Trichloroethane",2005-01-16T00:00,0.123,µg/m³,VOC,N/A
100111,ROCKY POINT PARK,"1,1,1-Trichloroethane",2005-01-22T00:00,0.115,µg/m³,VOC,N/A
100111,ROCKY POINT PARK,"1,1,1-Trichloroethane",2005-01-28T00:00,0.129,µg/m³,VOC,N/A
100111,ROCKY POINT PARK,"1,1,1-Trichloroethane",2005-02-09T00:00,0.128,µg/m³,VOC,N/A
100111,ROCKY POINT PARK,"1,1,1-Trichloroethane",2005-02-15T00:00,0.131,µg/m³,VOC,N/A
100111,ROCKY POINT PARK,"1,1,1-Trichloroethane",2005-02-21T00:00,0.138,µg/m³,VOC,N/A
100111,ROCKY POINT PARK,"1,1,1-Trichloroethane",2005-02-27T00:00,0.136,µg/m³,VOC,N/A
100111,ROCKY POINT PARK,"1,1,1-Trichloroethane",2005-03-05T00:00,0.133,µg/m³,VOC,N/A
100111,ROCKY POINT PARK,"1,1,1-Trichloroethane",2005-03-11T00:00,0.119,µg/m³,VOC,N/A
100111,ROCKY POINT PARK,"1,1,1-Trichloroethane",2005-03-17T00:00,0.119,µg/m³,VOC,N/A
100111,ROCKY POINT PARK,"1,1,1-Trichloroethane",2005-03-23T00:00,0.144,µg/m³,VOC,N/A
100111,ROCKY POINT PARK,"1,1,1-Trichloroethane",2005-03-29T00:00,0.118,µg/m³,VOC,N/A
100111,ROCKY POINT PARK,"1,1,1-Trichloroethane",2005-04-16T00:00,0.129,µg/m³,VOC,N/A
100111,ROCKY POINT PARK,"1,1,1-Trichloroethane",2005-04-22T00:00,0.135,µg/m³,VOC,N/A
100111,ROCKY POINT PARK,"1,1,1-Trichloroethane",2005-04-28T00:00,0.131,µg/m³,VOC,N/A
100111,ROCKY POINT PARK,"1,1,1-Trichloroethane",2005-05-04T00:00,0.125,µg/m³,VOC,N/A
100111,ROCKY POINT PARK,"1,1,1-Trichloroethane",2005-05-16T00:00,0.123,µg/m³,VOC,N/A
100111,ROCKY POINT PARK,"1,1,1-Trichloroethane",2005-05-22T00:00,0.117,µg/m³,VOC,N/A
100111,ROCKY POINT PARK,"1,1,1-Trichloroethane",2005-05-28T00:00,0.124,µg/m³,VOC,N/A
100111,ROCKY POINT PARK,"1,1,1-Trichloroethane",2005-06-03T00:00,0.114,µg/m³,VOC,N/A
100111,ROCKY POINT PARK,"1,1,1-Trichloroethane",2005-06-09T00:00,0.118,µg/m³,VOC,N/A
100111,ROCKY POINT PARK,"1,1,1-Trichloroethane",2005-06-15T00:00,0.118,µg/m³,VOC,N/A
100111,ROCKY POINT PARK,"1,1,1-Trichloroethane",2005-07-09T00:00,0.114,µg/m³,VOC,N/A
100111,ROCKY POINT PARK,"1,1,1-Trichloroethane",2005-07-15T00:00,0.118,µg/m³,VOC,N/A
100111,ROCKY POINT PARK,"1,1,1-Trichloroethane",2005-07-21T00:00,0.105,µg/m³,VOC,N/A
100111,ROCKY POINT PARK,"1,1,1-Trichloroethane",2005-07-27T00:00,0.117,µg/m³,VOC,N/A
100111,ROCKY POINT PARK,"1,1,1-Trichloroethane",2005-08-08T00:00,0.111,µg/m³,VOC,N/A
100111,ROCKY POINT PARK,"1,1,1-Trichloroethane",2005-08-14T00:00,0.122,µg/m³,VOC,N/A
100111,ROCKY POINT PARK,"1,1,1-Trichloroethane",2005-08-20T00:00,0.118,µg/m³,VOC,N/A
100111,ROCKY POINT PARK,"1,1,1-Trichloroethane",2005-08-26T00:00,0.131,µg/m³,VOC,N/A
100111,ROCKY POINT PARK,"1,1,1-Trichloroethane",2005-09-01T00:00,0.118,µg/m³,VOC,N/A
100111,ROCKY POINT PARK,"1,1,1-Trichloroethane",2005-09-13T00:00,0.116,µg/m³,VOC,N/A
100111,ROCKY POINT PARK,"1,1,1-Trichloroethane",2005-09-19T00:00,0.109,µg/m³,VOC,N/A
100111,ROCKY POINT PARK,"1,1,1-Trichloroethane",2005-09-25T00:00,0.109,µg/m³,VOC,N/A
100111,ROCKY POINT PARK,"1,1,1-Trichloroethane",2005-10-07T00:00,0.107,µg/m³,VOC,N/A
100111,ROCKY POINT PARK,"1,1,1-Trichloroethane",2005-10-13T00:00,0.104,µg/m³,VOC,N/A
100111,ROCKY POINT PARK,"1,1,1-Trichloroethane",2005-10-19T00:00,0.094,µg/m³,VOC,N/A
100111,ROCKY POINT PARK,"1,1,1-Trichloroethane",2005-10-25T00:00,0.093,µg/m³,VOC,N/A
100111,ROCKY POINT PARK,"1,1,1-Trichloroethane",2005-10-31T00:00,0.088,µg/m³,VOC,N/A
100111,ROCKY POINT PARK,"1,1,1-Trichloroethane",2005-11-12T00:00,0.099,µg/m³,VOC,N/A
100111,ROCKY POINT PARK,"1,1,1-Trichloroethane",2005-11-18T00:00,0.105,µg/m³,VOC,N/A
100111,ROCKY POINT PARK,"1,1,1-Trichloroethane",2005-11-30T00:00,0.091,µg/m³,VOC,N/A
100111,ROCKY POINT PARK,"1,1,1-Trichloroethane",2005-12-06T00:00,0.096,µg/m³,VOC,N/A
100111,ROCKY POINT PARK,"1,1,1-Trichloroethane",2005-12-12T00:00,0.100,µg/m³,VOC,N/A
100111,ROCKY POINT PARK,"1,1,1-Trichloroethane",2005-12-18T00:00,0.106,µg/m³,VOC,N/A
100111,ROCKY POINT PARK,"1,1,1-Trichloroethane",2005-12-24T00:00,0.104,µg/m³,VOC,N/A
100111,ROCKY POINT PARK,"1,1,1-Trichloroethane",2005-12-30T00:00,0.103,µg/m³,VOC,N/A
