﻿NAPS_Site_ID,Station_Name,Pollutant,Date,Value,Units,Report_Type,Method
61004,CENTENNIAL PARK _SARNIA_,Freon 22,1993-01-01T00:00,0.354,µg/m³,VOC,
61004,CENTENNIAL PARK _SARNIA_,Freon 22,1993-01-07T00:00,0.325,µg/m³,VOC,
61004,CENTENNIAL PARK _SARNIA_,Freon 22,1993-01-13T00:00,0.382,µg/m³,VOC,
61004,CENTENNIAL PARK _SARNIA_,Freon 22,1993-01-19T00:00,0.391,µg/m³,VOC,
61004,CENTENNIAL PARK _SARNIA_,Freon 22,1993-01-25T00:00,0.518,µg/m³,VOC,
61004,CENTENNIAL PARK _SARNIA_,Freon 22,1993-01-31T00:00,0.360,µg/m³,VOC,
61004,CENTENNIAL PARK _SARNIA_,Freon 22,1993-02-06T00:00,0.404,µg/m³,VOC,
61004,CENTENNIAL PARK _SARNIA_,Freon 22,1993-02-12T00:00,0.519,µg/m³,VOC,
61004,CENTENNIAL PARK _SARNIA_,Freon 22,1993-02-24T00:00,0.451,µg/m³,VOC,
61004,CENTENNIAL PARK _SARNIA_,Freon 22,1993-03-02T00:00,1.350,µg/m³,VOC,
61004,CENTENNIAL PARK _SARNIA_,Freon 22,1993-03-08T00:00,0.641,µg/m³,VOC,
61004,CENTENNIAL PARK _SARNIA_,Freon 22,1993-03-20T00:00,0.549,µg/m³,VOC,
61004,CENTENNIAL PARK _SARNIA_,Freon 22,1993-04-01T00:00,0.282,µg/m³,VOC,
61004,CENTENNIAL PARK _SARNIA_,Freon 22,1993-05-07T00:00,0.442,µg/m³,VOC,
61004,CENTENNIAL PARK _SARNIA_,Freon 22,1993-05-13T00:00,0.376,µg/m³,VOC,
61004,CENTENNIAL PARK _SARNIA_,Freon 22,1993-05-25T00:00,0.493,µg/m³,VOC,
61004,CENTENNIAL PARK _SARNIA_,Freon 22,1993-05-31T00:00,0.500,µg/m³,VOC,
61004,CENTENNIAL PARK _SARNIA_,Freon 22,1993-06-06T00:00,0.549,µg/m³,VOC,
61004,CENTENNIAL PARK _SARNIA_,Freon 22,1993-06-30T00:00,0.444,µg/m³,VOC,
61004,CENTENNIAL PARK _SARNIA_,Freon 22,1993-07-06T00:00,0.591,µg/m³,VOC,
61004,CENTENNIAL PARK _SARNIA_,Freon 22,1993-07-12T00:00,0.578,µg/m³,VOC,
61004,CENTENNIAL PARK _SARNIA_,Freon 22,1993-07-18T00:00,0.625,µg/m³,VOC,
61004,CENTENNIAL PARK _SARNIA_,Freon 22,1993-07-24T00:00,1.209,µg/m³,VOC,
61004,CENTENNIAL PARK _SARNIA_,Freon 22,1993-07-30T00:00,0.957,µg/m³,VOC,
61004,CENTENNIAL PARK _SARNIA_,Freon 22,1993-08-05T00:00,0.452,µg/m³,VOC,
61004,CENTENNIAL PARK _SARNIA_,Freon 22,1993-08-11T00:00,0.782,µg/m³,VOC,
61004,CENTENNIAL PARK _SARNIA_,Freon 22,1993-08-17T00:00,0.518,µg/m³,VOC,
61004,CENTENNIAL PARK _SARNIA_,Freon 22,1993-08-29T00:00,1.093,µg/m³,VOC,
61004,CENTENNIAL PARK _SARNIA_,Freon 22,1993-09-04T00:00,0.556,µg/m³,VOC,
61004,CENTENNIAL PARK _SARNIA_,Freon 22,1993-09-10T00:00,0.439,µg/m³,VOC,
61004,CENTENNIAL PARK _SARNIA_,Freon 22,1993-09-16T00:00,0.492,µg/m³,VOC,
61004,CENTENNIAL PARK _SARNIA_,Freon 22,1993-09-22T00:00,0.910,µg/m³,VOC,
61004,CENTENNIAL PARK _SARNIA_,Freon 22,1993-09-28T00:00,0.619,µg/m³,VOC,
61004,CENTENNIAL PARK _SARNIA_,Freon 22,1993-10-04T00:00,0.552,µg/m³,VOC,
61004,CENTENNIAL PARK _SARNIA_,Freon 22,1993-10-10T00:00,0.509,µg/m³,VOC,
61004,CENTENNIAL PARK _SARNIA_,Freon 22,1993-10-16T00:00,0.995,µg/m³,VOC,
61004,CENTENNIAL PARK _SARNIA_,Freon 22,1993-10-22T00:00,0.546,µg/m³,VOC,
61004,CENTENNIAL PARK _SARNIA_,Freon 22,1993-10-28T00:00,0.518,µg/m³,VOC,
61004,CENTENNIAL PARK _SARNIA_,Freon 22,1993-11-03T00:00,0.586,µg/m³,VOC,
61004,CENTENNIAL PARK _SARNIA_,Freon 22,1993-11-09T00:00,0.677,µg/m³,VOC,
61004,CENTENNIAL PARK _SARNIA_,Freon 22,1993-11-15T00:00,0.569,µg/m³,VOC,
61004,CENTENNIAL PARK _SARNIA_,Freon 22,1993-11-21T00:00,0.518,µg/m³,VOC,
61004,CENTENNIAL PARK _SARNIA_,Freon 22,1993-11-27T00:00,0.509,µg/m³,VOC,
61004,CENTENNIAL PARK _SARNIA_,Freon 22,1993-12-03T00:00,0.728,µg/m³,VOC,
61004,CENTENNIAL PARK _SARNIA_,Freon 22,1993-12-09T00:00,0.596,µg/m³,VOC,
61004,CENTENNIAL PARK _SARNIA_,Freon 22,1993-12-21T00:00,0.505,µg/m³,VOC,
61004,CENTENNIAL PARK _SARNIA_,Freon 22,1993-12-27T00:00,0.441,µg/m³,VOC,
