﻿NAPS_Site_ID,Station_Name,Pollutant,Date,Value,Units,Report_Type,Method
54102,ROUND TOP RIDGE,"2,3-Dimethylbutane",2015-01-02T19:00,0.012,µg/m³,VOC,GC-MS
54102,ROUND TOP RIDGE,"2,3-Dimethylbutane",2015-01-05T19:00,0.013,µg/m³,VOC,GC-MS
54102,ROUND TOP RIDGE,"2,3-Dimethylbutane",2015-01-08T19:00,0.021,µg/m³,VOC,GC-MS
54102,ROUND TOP RIDGE,"2,3-Dimethylbutane",2015-01-11T19:00,0.031,µg/m³,VOC,GC-MS
54102,ROUND TOP RIDGE,"2,3-Dimethylbutane",2015-01-14T19:00,0.030,µg/m³,VOC,GC-MS
54102,ROUND TOP RIDGE,"2,3-Dimethylbutane",2015-01-17T19:00,0.022,µg/m³,VOC,GC-MS
54102,ROUND TOP RIDGE,"2,3-Dimethylbutane",2015-01-20T19:00,0.014,µg/m³,VOC,GC-MS
54102,ROUND TOP RIDGE,"2,3-Dimethylbutane",2015-01-23T19:00,0.021,µg/m³,VOC,GC-MS
54102,ROUND TOP RIDGE,"2,3-Dimethylbutane",2015-01-26T19:00,0.022,µg/m³,VOC,GC-MS
54102,ROUND TOP RIDGE,"2,3-Dimethylbutane",2015-01-29T19:00,0.018,µg/m³,VOC,GC-MS
54102,ROUND TOP RIDGE,"2,3-Dimethylbutane",2015-02-01T19:00,0.016,µg/m³,VOC,GC-MS
54102,ROUND TOP RIDGE,"2,3-Dimethylbutane",2015-02-04T19:00,0.021,µg/m³,VOC,GC-MS
54102,ROUND TOP RIDGE,"2,3-Dimethylbutane",2015-02-07T19:00,0.026,µg/m³,VOC,GC-MS
54102,ROUND TOP RIDGE,"2,3-Dimethylbutane",2015-02-10T19:00,0.020,µg/m³,VOC,GC-MS
54102,ROUND TOP RIDGE,"2,3-Dimethylbutane",2015-02-13T19:00,0.024,µg/m³,VOC,GC-MS
54102,ROUND TOP RIDGE,"2,3-Dimethylbutane",2015-02-16T19:00,0.018,µg/m³,VOC,GC-MS
54102,ROUND TOP RIDGE,"2,3-Dimethylbutane",2015-02-19T19:00,0.013,µg/m³,VOC,GC-MS
54102,ROUND TOP RIDGE,"2,3-Dimethylbutane",2015-02-22T19:00,0.011,µg/m³,VOC,GC-MS
54102,ROUND TOP RIDGE,"2,3-Dimethylbutane",2015-02-25T19:00,0.013,µg/m³,VOC,GC-MS
54102,ROUND TOP RIDGE,"2,3-Dimethylbutane",2015-02-28T19:00,0.013,µg/m³,VOC,GC-MS
54102,ROUND TOP RIDGE,"2,3-Dimethylbutane",2015-03-03T19:00,0.021,µg/m³,VOC,GC-MS
54102,ROUND TOP RIDGE,"2,3-Dimethylbutane",2015-03-06T19:00,0.021,µg/m³,VOC,GC-MS
54102,ROUND TOP RIDGE,"2,3-Dimethylbutane",2015-03-09T20:00,0.006,µg/m³,VOC,GC-MS
54102,ROUND TOP RIDGE,"2,3-Dimethylbutane",2015-03-12T20:00,0.006,µg/m³,VOC,GC-MS
54102,ROUND TOP RIDGE,"2,3-Dimethylbutane",2015-03-15T20:00,0.007,µg/m³,VOC,GC-MS
54102,ROUND TOP RIDGE,"2,3-Dimethylbutane",2015-03-18T20:00,0.012,µg/m³,VOC,GC-MS
54102,ROUND TOP RIDGE,"2,3-Dimethylbutane",2015-03-21T20:00,0.206,µg/m³,VOC,GC-MS
54102,ROUND TOP RIDGE,"2,3-Dimethylbutane",2015-03-24T20:00,0.006,µg/m³,VOC,GC-MS
54102,ROUND TOP RIDGE,"2,3-Dimethylbutane",2015-03-27T20:00,0.006,µg/m³,VOC,GC-MS
54102,ROUND TOP RIDGE,"2,3-Dimethylbutane",2015-03-30T20:00,0.004,µg/m³,VOC,GC-MS
54102,ROUND TOP RIDGE,"2,3-Dimethylbutane",2015-04-02T20:00,0.006,µg/m³,VOC,GC-MS
54102,ROUND TOP RIDGE,"2,3-Dimethylbutane",2015-04-05T20:00,0.004,µg/m³,VOC,GC-MS
54102,ROUND TOP RIDGE,"2,3-Dimethylbutane",2015-04-08T20:00,0.000,µg/m³,VOC,GC-MS
54102,ROUND TOP RIDGE,"2,3-Dimethylbutane",2015-04-11T20:00,0.008,µg/m³,VOC,GC-MS
54102,ROUND TOP RIDGE,"2,3-Dimethylbutane",2015-04-14T20:00,0.004,µg/m³,VOC,GC-MS
54102,ROUND TOP RIDGE,"2,3-Dimethylbutane",2015-04-17T20:00,0.433,µg/m³,VOC,GC-MS
54102,ROUND TOP RIDGE,"2,3-Dimethylbutane",2015-04-20T20:00,0.008,µg/m³,VOC,GC-MS
54102,ROUND TOP RIDGE,"2,3-Dimethylbutane",2015-04-23T20:00,1.234,µg/m³,VOC,GC-MS
54102,ROUND TOP RIDGE,"2,3-Dimethylbutane",2015-04-26T20:00,0.009,µg/m³,VOC,GC-MS
54102,ROUND TOP RIDGE,"2,3-Dimethylbutane",2015-04-29T20:00,0.005,µg/m³,VOC,GC-MS
54102,ROUND TOP RIDGE,"2,3-Dimethylbutane",2015-05-02T20:00,0.041,µg/m³,VOC,GC-MS
54102,ROUND TOP RIDGE,"2,3-Dimethylbutane",2015-05-05T20:00,2.008,µg/m³,VOC,GC-MS
54102,ROUND TOP RIDGE,"2,3-Dimethylbutane",2015-05-08T20:00,0.021,µg/m³,VOC,GC-MS
54102,ROUND TOP RIDGE,"2,3-Dimethylbutane",2015-05-11T20:00,0.009,µg/m³,VOC,GC-MS
54102,ROUND TOP RIDGE,"2,3-Dimethylbutane",2015-05-14T20:00,0.131,µg/m³,VOC,GC-MS
54102,ROUND TOP RIDGE,"2,3-Dimethylbutane",2015-05-17T20:00,0.007,µg/m³,VOC,GC-MS
54102,ROUND TOP RIDGE,"2,3-Dimethylbutane",2015-05-20T20:00,0.004,µg/m³,VOC,GC-MS
54102,ROUND TOP RIDGE,"2,3-Dimethylbutane",2015-05-23T20:00,0.009,µg/m³,VOC,GC-MS
54102,ROUND TOP RIDGE,"2,3-Dimethylbutane",2015-05-26T20:00,0.013,µg/m³,VOC,GC-MS
54102,ROUND TOP RIDGE,"2,3-Dimethylbutane",2015-05-29T20:00,0.018,µg/m³,VOC,GC-MS
54102,ROUND TOP RIDGE,"2,3-Dimethylbutane",2015-06-01T20:00,0.005,µg/m³,VOC,GC-MS
54102,ROUND TOP RIDGE,"2,3-Dimethylbutane",2015-06-04T20:00,0.011,µg/m³,VOC,GC-MS
54102,ROUND TOP RIDGE,"2,3-Dimethylbutane",2015-06-07T20:00,0.010,µg/m³,VOC,GC-MS
54102,ROUND TOP RIDGE,"2,3-Dimethylbutane",2015-06-10T20:00,0.005,µg/m³,VOC,GC-MS
54102,ROUND TOP RIDGE,"2,3-Dimethylbutane",2015-06-13T20:00,0.006,µg/m³,VOC,GC-MS
54102,ROUND TOP RIDGE,"2,3-Dimethylbutane",2015-06-16T20:00,0.011,µg/m³,VOC,GC-MS
54102,ROUND TOP RIDGE,"2,3-Dimethylbutane",2015-06-19T20:00,0.270,µg/m³,VOC,GC-MS
54102,ROUND TOP RIDGE,"2,3-Dimethylbutane",2015-06-22T20:00,0.600,µg/m³,VOC,GC-MS
54102,ROUND TOP RIDGE,"2,3-Dimethylbutane",2015-06-25T20:00,0.006,µg/m³,VOC,GC-MS
54102,ROUND TOP RIDGE,"2,3-Dimethylbutane",2015-06-28T20:00,0.012,µg/m³,VOC,GC-MS
54102,ROUND TOP RIDGE,"2,3-Dimethylbutane",2015-07-01T20:00,0.003,µg/m³,VOC,GC-MS
54102,ROUND TOP RIDGE,"2,3-Dimethylbutane",2015-07-04T20:00,0.122,µg/m³,VOC,GC-MS
54102,ROUND TOP RIDGE,"2,3-Dimethylbutane",2015-07-07T20:00,0.005,µg/m³,VOC,GC-MS
54102,ROUND TOP RIDGE,"2,3-Dimethylbutane",2015-07-10T20:00,0.006,µg/m³,VOC,GC-MS
54102,ROUND TOP RIDGE,"2,3-Dimethylbutane",2015-07-13T20:00,0.011,µg/m³,VOC,GC-MS
54102,ROUND TOP RIDGE,"2,3-Dimethylbutane",2015-07-16T20:00,0.006,µg/m³,VOC,GC-MS
54102,ROUND TOP RIDGE,"2,3-Dimethylbutane",2015-07-19T20:00,0.006,µg/m³,VOC,GC-MS
54102,ROUND TOP RIDGE,"2,3-Dimethylbutane",2015-07-22T20:00,0.005,µg/m³,VOC,GC-MS
54102,ROUND TOP RIDGE,"2,3-Dimethylbutane",2015-07-25T20:00,0.015,µg/m³,VOC,GC-MS
54102,ROUND TOP RIDGE,"2,3-Dimethylbutane",2015-07-28T20:00,0.010,µg/m³,VOC,GC-MS
54102,ROUND TOP RIDGE,"2,3-Dimethylbutane",2015-07-31T20:00,0.004,µg/m³,VOC,GC-MS
54102,ROUND TOP RIDGE,"2,3-Dimethylbutane",2015-08-03T20:00,0.005,µg/m³,VOC,GC-MS
54102,ROUND TOP RIDGE,"2,3-Dimethylbutane",2015-08-06T20:00,0.117,µg/m³,VOC,GC-MS
54102,ROUND TOP RIDGE,"2,3-Dimethylbutane",2015-08-09T20:00,0.008,µg/m³,VOC,GC-MS
