﻿NAPS_Site_ID,Station_Name,Pollutant,Date,Value,Units,Report_Type,Method
60904,LONDON,Octane,2020-01-04T00:00,0.021,µg/m³,VOC,GC-MS
60904,LONDON,Octane,2020-01-10T00:00,0.024,µg/m³,VOC,GC-MS
60904,LONDON,Octane,2020-01-16T00:00,0.020,µg/m³,VOC,GC-MS
60904,LONDON,Octane,2020-01-22T00:00,0.028,µg/m³,VOC,GC-MS
60904,LONDON,Octane,2020-01-28T00:00,0.018,µg/m³,VOC,GC-MS
60904,LONDON,Octane,2020-02-03T00:00,0.027,µg/m³,VOC,GC-MS
60904,LONDON,Octane,2020-02-15T00:00,0.017,µg/m³,VOC,GC-MS
60904,LONDON,Octane,2020-02-21T00:00,0.021,µg/m³,VOC,GC-MS
60904,LONDON,Octane,2020-02-27T00:00,0.005,µg/m³,VOC,GC-MS
