﻿NAPS_Site_ID,Station_Name,Pollutant,Date,Value,Units,Report_Type,Method
101101,CHILLIWACK AIRPORT,p-Cymene,2013-01-28T00:00,0.026,µg/m³,VOC,N/A
101101,CHILLIWACK AIRPORT,p-Cymene,2013-02-09T00:00,0.061,µg/m³,VOC,N/A
101101,CHILLIWACK AIRPORT,p-Cymene,2013-03-05T00:00,0.027,µg/m³,VOC,N/A
101101,CHILLIWACK AIRPORT,p-Cymene,2013-03-11T00:00,0.040,µg/m³,VOC,N/A
101101,CHILLIWACK AIRPORT,p-Cymene,2013-03-17T00:00,0.038,µg/m³,VOC,N/A
101101,CHILLIWACK AIRPORT,p-Cymene,2013-04-10T00:00,0.017,µg/m³,VOC,N/A
101101,CHILLIWACK AIRPORT,p-Cymene,2013-04-22T00:00,0.027,µg/m³,VOC,N/A
101101,CHILLIWACK AIRPORT,p-Cymene,2013-05-04T00:00,0.064,µg/m³,VOC,N/A
101101,CHILLIWACK AIRPORT,p-Cymene,2013-05-16T00:00,0.022,µg/m³,VOC,N/A
101101,CHILLIWACK AIRPORT,p-Cymene,2013-05-28T00:00,0.033,µg/m³,VOC,N/A
101101,CHILLIWACK AIRPORT,p-Cymene,2013-06-09T00:00,0.034,µg/m³,VOC,N/A
101101,CHILLIWACK AIRPORT,p-Cymene,2013-06-21T00:00,0.031,µg/m³,VOC,N/A
101101,CHILLIWACK AIRPORT,p-Cymene,2013-07-15T00:00,0.065,µg/m³,VOC,N/A
101101,CHILLIWACK AIRPORT,p-Cymene,2013-07-27T00:00,0.036,µg/m³,VOC,N/A
101101,CHILLIWACK AIRPORT,p-Cymene,2013-08-08T00:00,0.068,µg/m³,VOC,N/A
101101,CHILLIWACK AIRPORT,p-Cymene,2013-08-20T00:00,0.065,µg/m³,VOC,N/A
101101,CHILLIWACK AIRPORT,p-Cymene,2013-09-01T00:00,0.073,µg/m³,VOC,N/A
101101,CHILLIWACK AIRPORT,p-Cymene,2013-09-13T00:00,0.070,µg/m³,VOC,N/A
101101,CHILLIWACK AIRPORT,p-Cymene,2013-10-07T00:00,0.056,µg/m³,VOC,N/A
101101,CHILLIWACK AIRPORT,p-Cymene,2013-10-31T00:00,0.056,µg/m³,VOC,N/A
101101,CHILLIWACK AIRPORT,p-Cymene,2013-11-12T00:00,0.044,µg/m³,VOC,N/A
101101,CHILLIWACK AIRPORT,p-Cymene,2013-11-24T00:00,0.049,µg/m³,VOC,N/A
101101,CHILLIWACK AIRPORT,p-Cymene,2013-12-06T00:00,0.002,µg/m³,VOC,N/A
101101,CHILLIWACK AIRPORT,p-Cymene,2013-12-18T00:00,0.013,µg/m³,VOC,N/A
101101,CHILLIWACK AIRPORT,p-Cymene,2013-12-30T00:00,0.029,µg/m³,VOC,N/A
