﻿NAPS_Site_ID,Station_Name,Pollutant,Date,Value,Units,Report_Type,Method
100137,BURNABY NORTH,4-Methylheptane,2011-01-03T00:00,0.410,µg/m³,VOC,N/A
100137,BURNABY NORTH,4-Methylheptane,2011-01-09T00:00,0.092,µg/m³,VOC,N/A
100137,BURNABY NORTH,4-Methylheptane,2011-01-15T00:00,0.144,µg/m³,VOC,N/A
100137,BURNABY NORTH,4-Methylheptane,2011-01-21T00:00,0.190,µg/m³,VOC,N/A
100137,BURNABY NORTH,4-Methylheptane,2011-01-27T00:00,0.497,µg/m³,VOC,N/A
100137,BURNABY NORTH,4-Methylheptane,2011-02-02T00:00,0.448,µg/m³,VOC,N/A
100137,BURNABY NORTH,4-Methylheptane,2011-02-08T00:00,0.158,µg/m³,VOC,N/A
100137,BURNABY NORTH,4-Methylheptane,2011-02-14T00:00,0.026,µg/m³,VOC,N/A
100137,BURNABY NORTH,4-Methylheptane,2011-02-20T00:00,0.111,µg/m³,VOC,N/A
100137,BURNABY NORTH,4-Methylheptane,2011-02-26T00:00,0.038,µg/m³,VOC,N/A
100137,BURNABY NORTH,4-Methylheptane,2011-03-10T00:00,0.017,µg/m³,VOC,N/A
100137,BURNABY NORTH,4-Methylheptane,2011-03-16T00:00,0.057,µg/m³,VOC,N/A
100137,BURNABY NORTH,4-Methylheptane,2011-03-22T00:00,0.116,µg/m³,VOC,N/A
100137,BURNABY NORTH,4-Methylheptane,2011-03-28T00:00,0.029,µg/m³,VOC,N/A
100137,BURNABY NORTH,4-Methylheptane,2011-04-03T00:00,0.087,µg/m³,VOC,N/A
100137,BURNABY NORTH,4-Methylheptane,2011-04-09T00:00,0.163,µg/m³,VOC,N/A
100137,BURNABY NORTH,4-Methylheptane,2011-04-15T00:00,0.142,µg/m³,VOC,N/A
100137,BURNABY NORTH,4-Methylheptane,2011-04-21T00:00,0.109,µg/m³,VOC,N/A
100137,BURNABY NORTH,4-Methylheptane,2011-04-27T00:00,0.028,µg/m³,VOC,N/A
100137,BURNABY NORTH,4-Methylheptane,2011-05-03T00:00,0.132,µg/m³,VOC,N/A
100137,BURNABY NORTH,4-Methylheptane,2011-05-09T00:00,0.133,µg/m³,VOC,N/A
100137,BURNABY NORTH,4-Methylheptane,2011-05-15T00:00,0.053,µg/m³,VOC,N/A
100137,BURNABY NORTH,4-Methylheptane,2011-05-21T00:00,0.081,µg/m³,VOC,N/A
100137,BURNABY NORTH,4-Methylheptane,2011-05-27T00:00,0.073,µg/m³,VOC,N/A
100137,BURNABY NORTH,4-Methylheptane,2011-06-02T00:00,0.130,µg/m³,VOC,N/A
100137,BURNABY NORTH,4-Methylheptane,2011-06-08T00:00,0.045,µg/m³,VOC,N/A
100137,BURNABY NORTH,4-Methylheptane,2011-06-14T00:00,0.056,µg/m³,VOC,N/A
100137,BURNABY NORTH,4-Methylheptane,2011-06-20T00:00,0.165,µg/m³,VOC,N/A
100137,BURNABY NORTH,4-Methylheptane,2011-06-26T00:00,0.221,µg/m³,VOC,N/A
100137,BURNABY NORTH,4-Methylheptane,2011-07-08T00:00,0.453,µg/m³,VOC,N/A
100137,BURNABY NORTH,4-Methylheptane,2011-07-14T00:00,0.160,µg/m³,VOC,N/A
100137,BURNABY NORTH,4-Methylheptane,2011-07-20T00:00,0.085,µg/m³,VOC,N/A
100137,BURNABY NORTH,4-Methylheptane,2011-07-26T00:00,0.082,µg/m³,VOC,N/A
100137,BURNABY NORTH,4-Methylheptane,2011-08-01T00:00,0.280,µg/m³,VOC,N/A
100137,BURNABY NORTH,4-Methylheptane,2011-08-07T00:00,0.355,µg/m³,VOC,N/A
100137,BURNABY NORTH,4-Methylheptane,2011-08-13T00:00,0.189,µg/m³,VOC,N/A
100137,BURNABY NORTH,4-Methylheptane,2011-08-19T00:00,0.472,µg/m³,VOC,N/A
100137,BURNABY NORTH,4-Methylheptane,2011-08-25T00:00,0.487,µg/m³,VOC,N/A
100137,BURNABY NORTH,4-Methylheptane,2011-08-31T00:00,0.526,µg/m³,VOC,N/A
100137,BURNABY NORTH,4-Methylheptane,2011-09-06T00:00,0.530,µg/m³,VOC,N/A
100137,BURNABY NORTH,4-Methylheptane,2011-09-12T00:00,0.166,µg/m³,VOC,N/A
100137,BURNABY NORTH,4-Methylheptane,2011-09-18T00:00,0.189,µg/m³,VOC,N/A
100137,BURNABY NORTH,4-Methylheptane,2011-09-24T00:00,0.391,µg/m³,VOC,N/A
100137,BURNABY NORTH,4-Methylheptane,2011-09-30T00:00,0.254,µg/m³,VOC,N/A
100137,BURNABY NORTH,4-Methylheptane,2011-10-06T00:00,0.358,µg/m³,VOC,N/A
100137,BURNABY NORTH,4-Methylheptane,2011-10-12T00:00,0.089,µg/m³,VOC,N/A
100137,BURNABY NORTH,4-Methylheptane,2011-10-18T00:00,0.314,µg/m³,VOC,N/A
100137,BURNABY NORTH,4-Methylheptane,2011-10-24T00:00,0.165,µg/m³,VOC,N/A
100137,BURNABY NORTH,4-Methylheptane,2011-11-05T00:00,0.091,µg/m³,VOC,N/A
100137,BURNABY NORTH,4-Methylheptane,2011-11-29T00:00,0.149,µg/m³,VOC,N/A
100137,BURNABY NORTH,4-Methylheptane,2011-12-05T00:00,0.283,µg/m³,VOC,N/A
100137,BURNABY NORTH,4-Methylheptane,2011-12-11T00:00,0.166,µg/m³,VOC,N/A
100137,BURNABY NORTH,4-Methylheptane,2011-12-17T00:00,0.197,µg/m³,VOC,N/A
100137,BURNABY NORTH,4-Methylheptane,2011-12-23T00:00,0.118,µg/m³,VOC,N/A
100137,BURNABY NORTH,4-Methylheptane,2011-12-29T00:00,0.044,µg/m³,VOC,N/A
