﻿NAPS_Site_ID,Station_Name,Pollutant,Date,Value,Units,Report_Type,Method
90227,CALGARY CENTRAL,2378-TCDD,2007-01-24T00:00,0.001,pg/m³,PCDD,
90227,CALGARY CENTRAL,2378-TCDD,2007-03-13T00:00,0.000,pg/m³,PCDD,
90227,CALGARY CENTRAL,2378-TCDD,2007-04-06T00:00,0.000,pg/m³,PCDD,
90227,CALGARY CENTRAL,2378-TCDD,2007-04-30T00:00,0.001,pg/m³,PCDD,
90227,CALGARY CENTRAL,2378-TCDD,2007-05-24T00:00,0.001,pg/m³,PCDD,
90227,CALGARY CENTRAL,2378-TCDD,2007-06-17T00:00,0.000,pg/m³,PCDD,
90227,CALGARY CENTRAL,2378-TCDD,2007-08-04T00:00,0.000,pg/m³,PCDD,
90227,CALGARY CENTRAL,2378-TCDD,2007-08-28T00:00,0.000,pg/m³,PCDD,
90227,CALGARY CENTRAL,2378-TCDD,2007-09-21T00:00,0.001,pg/m³,PCDD,
90227,CALGARY CENTRAL,2378-TCDD,2007-11-08T00:00,0.001,pg/m³,PCDD,
90227,CALGARY CENTRAL,2378-TCDD,2007-12-02T00:00,0.002,pg/m³,PCDD,
90227,CALGARY CENTRAL,2378-TCDD,2007-12-26T00:00,0.000,pg/m³,PCDD,
