﻿NAPS_Site_ID,Station_Name,Pollutant,Date,Value,Units,Report_Type,Method
80110,REGINA-2505 11TH. AVENUE,2-Methyl-1-Butene,2007-01-06T00:00,0.054,µg/m³,VOC,GC-MS
80110,REGINA-2505 11TH. AVENUE,2-Methyl-1-Butene,2007-01-12T00:00,0.095,µg/m³,VOC,GC-MS
80110,REGINA-2505 11TH. AVENUE,2-Methyl-1-Butene,2007-01-18T00:00,0.095,µg/m³,VOC,GC-MS
80110,REGINA-2505 11TH. AVENUE,2-Methyl-1-Butene,2007-01-24T00:00,0.213,µg/m³,VOC,GC-MS
80110,REGINA-2505 11TH. AVENUE,2-Methyl-1-Butene,2007-01-30T00:00,0.099,µg/m³,VOC,GC-MS
80110,REGINA-2505 11TH. AVENUE,2-Methyl-1-Butene,2007-02-05T00:00,0.034,µg/m³,VOC,GC-MS
80110,REGINA-2505 11TH. AVENUE,2-Methyl-1-Butene,2007-02-11T00:00,0.145,µg/m³,VOC,GC-MS
80110,REGINA-2505 11TH. AVENUE,2-Methyl-1-Butene,2007-02-17T00:00,0.044,µg/m³,VOC,GC-MS
80110,REGINA-2505 11TH. AVENUE,2-Methyl-1-Butene,2007-02-23T00:00,0.043,µg/m³,VOC,GC-MS
80110,REGINA-2505 11TH. AVENUE,2-Methyl-1-Butene,2007-03-01T00:00,0.125,µg/m³,VOC,GC-MS
80110,REGINA-2505 11TH. AVENUE,2-Methyl-1-Butene,2007-03-19T00:00,0.039,µg/m³,VOC,GC-MS
80110,REGINA-2505 11TH. AVENUE,2-Methyl-1-Butene,2007-03-31T00:00,0.031,µg/m³,VOC,GC-MS
80110,REGINA-2505 11TH. AVENUE,2-Methyl-1-Butene,2007-04-06T00:00,0.054,µg/m³,VOC,GC-MS
80110,REGINA-2505 11TH. AVENUE,2-Methyl-1-Butene,2007-04-12T00:00,0.140,µg/m³,VOC,GC-MS
80110,REGINA-2505 11TH. AVENUE,2-Methyl-1-Butene,2007-04-18T00:00,0.039,µg/m³,VOC,GC-MS
80110,REGINA-2505 11TH. AVENUE,2-Methyl-1-Butene,2007-04-24T00:00,0.064,µg/m³,VOC,GC-MS
80110,REGINA-2505 11TH. AVENUE,2-Methyl-1-Butene,2007-05-24T00:00,0.094,µg/m³,VOC,GC-MS
80110,REGINA-2505 11TH. AVENUE,2-Methyl-1-Butene,2007-06-29T00:00,0.083,µg/m³,VOC,GC-MS
80110,REGINA-2505 11TH. AVENUE,2-Methyl-1-Butene,2007-07-05T00:00,0.074,µg/m³,VOC,GC-MS
80110,REGINA-2505 11TH. AVENUE,2-Methyl-1-Butene,2007-07-11T00:00,0.093,µg/m³,VOC,GC-MS
80110,REGINA-2505 11TH. AVENUE,2-Methyl-1-Butene,2007-07-17T00:00,0.135,µg/m³,VOC,GC-MS
80110,REGINA-2505 11TH. AVENUE,2-Methyl-1-Butene,2007-07-23T00:00,0.177,µg/m³,VOC,GC-MS
80110,REGINA-2505 11TH. AVENUE,2-Methyl-1-Butene,2007-07-29T00:00,0.079,µg/m³,VOC,GC-MS
80110,REGINA-2505 11TH. AVENUE,2-Methyl-1-Butene,2007-08-04T00:00,0.103,µg/m³,VOC,GC-MS
80110,REGINA-2505 11TH. AVENUE,2-Methyl-1-Butene,2007-08-10T00:00,0.112,µg/m³,VOC,GC-MS
80110,REGINA-2505 11TH. AVENUE,2-Methyl-1-Butene,2007-08-16T00:00,0.206,µg/m³,VOC,GC-MS
80110,REGINA-2505 11TH. AVENUE,2-Methyl-1-Butene,2007-08-22T00:00,0.039,µg/m³,VOC,GC-MS
80110,REGINA-2505 11TH. AVENUE,2-Methyl-1-Butene,2007-08-28T00:00,0.060,µg/m³,VOC,GC-MS
80110,REGINA-2505 11TH. AVENUE,2-Methyl-1-Butene,2007-09-03T00:00,0.040,µg/m³,VOC,GC-MS
80110,REGINA-2505 11TH. AVENUE,2-Methyl-1-Butene,2007-09-09T00:00,0.066,µg/m³,VOC,GC-MS
80110,REGINA-2505 11TH. AVENUE,2-Methyl-1-Butene,2007-09-15T00:00,0.347,µg/m³,VOC,GC-MS
80110,REGINA-2505 11TH. AVENUE,2-Methyl-1-Butene,2007-09-21T00:00,0.128,µg/m³,VOC,GC-MS
80110,REGINA-2505 11TH. AVENUE,2-Methyl-1-Butene,2007-09-27T00:00,0.076,µg/m³,VOC,GC-MS
80110,REGINA-2505 11TH. AVENUE,2-Methyl-1-Butene,2007-10-03T00:00,0.060,µg/m³,VOC,GC-MS
80110,REGINA-2505 11TH. AVENUE,2-Methyl-1-Butene,2007-10-09T00:00,0.080,µg/m³,VOC,GC-MS
80110,REGINA-2505 11TH. AVENUE,2-Methyl-1-Butene,2007-10-15T00:00,0.037,µg/m³,VOC,GC-MS
80110,REGINA-2505 11TH. AVENUE,2-Methyl-1-Butene,2007-10-21T00:00,0.075,µg/m³,VOC,GC-MS
80110,REGINA-2505 11TH. AVENUE,2-Methyl-1-Butene,2007-10-27T00:00,0.053,µg/m³,VOC,GC-MS
80110,REGINA-2505 11TH. AVENUE,2-Methyl-1-Butene,2007-11-02T00:00,0.075,µg/m³,VOC,GC-MS
80110,REGINA-2505 11TH. AVENUE,2-Methyl-1-Butene,2007-11-08T00:00,0.042,µg/m³,VOC,GC-MS
80110,REGINA-2505 11TH. AVENUE,2-Methyl-1-Butene,2007-11-20T00:00,0.085,µg/m³,VOC,GC-MS
80110,REGINA-2505 11TH. AVENUE,2-Methyl-1-Butene,2007-11-26T00:00,0.083,µg/m³,VOC,GC-MS
80110,REGINA-2505 11TH. AVENUE,2-Methyl-1-Butene,2007-12-02T00:00,0.031,µg/m³,VOC,GC-MS
80110,REGINA-2505 11TH. AVENUE,2-Methyl-1-Butene,2007-12-08T00:00,0.069,µg/m³,VOC,GC-MS
80110,REGINA-2505 11TH. AVENUE,2-Methyl-1-Butene,2007-12-14T00:00,0.085,µg/m³,VOC,GC-MS
80110,REGINA-2505 11TH. AVENUE,2-Methyl-1-Butene,2007-12-26T00:00,0.051,µg/m³,VOC,GC-MS
