﻿NAPS_Site_ID,Station_Name,Pollutant,Date,Value,Units,Report_Type,Method
61502,WEST AVE. & HOMEWOOD _KITCHENER_,1-Decene,1998-10-02T00:00,0.000,µg/m³,VOC,GC-MS
61502,WEST AVE. & HOMEWOOD _KITCHENER_,1-Decene,1998-10-20T00:00,0.000,µg/m³,VOC,GC-MS
61502,WEST AVE. & HOMEWOOD _KITCHENER_,1-Decene,1998-10-26T00:00,0.000,µg/m³,VOC,GC-MS
61502,WEST AVE. & HOMEWOOD _KITCHENER_,1-Decene,1998-11-01T00:00,0.000,µg/m³,VOC,GC-MS
61502,WEST AVE. & HOMEWOOD _KITCHENER_,1-Decene,1998-11-07T00:00,0.000,µg/m³,VOC,GC-MS
61502,WEST AVE. & HOMEWOOD _KITCHENER_,1-Decene,1998-11-13T00:00,0.000,µg/m³,VOC,GC-MS
61502,WEST AVE. & HOMEWOOD _KITCHENER_,1-Decene,1998-11-19T00:00,0.000,µg/m³,VOC,GC-MS
61502,WEST AVE. & HOMEWOOD _KITCHENER_,1-Decene,1998-11-25T00:00,0.000,µg/m³,VOC,GC-MS
