﻿NAPS_Site_ID,Station_Name,Pollutant,Date,Value,Units,Report_Type,Method
61502,WEST AVE. & HOMEWOOD _KITCHENER_,2-Ethyltoluene,2000-01-01T00:00,0.820,µg/m³,VOC,GC-MS
61502,WEST AVE. & HOMEWOOD _KITCHENER_,2-Ethyltoluene,2000-01-07T00:00,0.120,µg/m³,VOC,GC-MS
61502,WEST AVE. & HOMEWOOD _KITCHENER_,2-Ethyltoluene,2000-01-13T00:00,0.090,µg/m³,VOC,GC-MS
61502,WEST AVE. & HOMEWOOD _KITCHENER_,2-Ethyltoluene,2000-01-19T00:00,0.180,µg/m³,VOC,GC-MS
61502,WEST AVE. & HOMEWOOD _KITCHENER_,2-Ethyltoluene,2000-01-25T00:00,0.490,µg/m³,VOC,GC-MS
61502,WEST AVE. & HOMEWOOD _KITCHENER_,2-Ethyltoluene,2000-01-31T00:00,0.180,µg/m³,VOC,GC-MS
61502,WEST AVE. & HOMEWOOD _KITCHENER_,2-Ethyltoluene,2000-02-06T00:00,0.120,µg/m³,VOC,GC-MS
61502,WEST AVE. & HOMEWOOD _KITCHENER_,2-Ethyltoluene,2000-02-12T00:00,0.400,µg/m³,VOC,GC-MS
61502,WEST AVE. & HOMEWOOD _KITCHENER_,2-Ethyltoluene,2000-02-18T00:00,0.220,µg/m³,VOC,GC-MS
61502,WEST AVE. & HOMEWOOD _KITCHENER_,2-Ethyltoluene,2000-03-01T00:00,0.310,µg/m³,VOC,GC-MS
61502,WEST AVE. & HOMEWOOD _KITCHENER_,2-Ethyltoluene,2000-03-07T00:00,0.630,µg/m³,VOC,GC-MS
61502,WEST AVE. & HOMEWOOD _KITCHENER_,2-Ethyltoluene,2000-03-13T00:00,0.240,µg/m³,VOC,GC-MS
61502,WEST AVE. & HOMEWOOD _KITCHENER_,2-Ethyltoluene,2000-03-19T00:00,0.120,µg/m³,VOC,GC-MS
61502,WEST AVE. & HOMEWOOD _KITCHENER_,2-Ethyltoluene,2000-03-25T00:00,0.200,µg/m³,VOC,GC-MS
61502,WEST AVE. & HOMEWOOD _KITCHENER_,2-Ethyltoluene,2000-03-31T00:00,0.210,µg/m³,VOC,GC-MS
61502,WEST AVE. & HOMEWOOD _KITCHENER_,2-Ethyltoluene,2000-04-06T00:00,0.140,µg/m³,VOC,GC-MS
61502,WEST AVE. & HOMEWOOD _KITCHENER_,2-Ethyltoluene,2000-04-12T00:00,0.240,µg/m³,VOC,GC-MS
61502,WEST AVE. & HOMEWOOD _KITCHENER_,2-Ethyltoluene,2000-04-18T00:00,0.220,µg/m³,VOC,GC-MS
61502,WEST AVE. & HOMEWOOD _KITCHENER_,2-Ethyltoluene,2000-04-24T00:00,0.110,µg/m³,VOC,GC-MS
61502,WEST AVE. & HOMEWOOD _KITCHENER_,2-Ethyltoluene,2000-04-30T00:00,0.130,µg/m³,VOC,GC-MS
61502,WEST AVE. & HOMEWOOD _KITCHENER_,2-Ethyltoluene,2000-11-02T00:00,1.050,µg/m³,VOC,GC-MS
61502,WEST AVE. & HOMEWOOD _KITCHENER_,2-Ethyltoluene,2000-11-20T00:00,0.110,µg/m³,VOC,GC-MS
61502,WEST AVE. & HOMEWOOD _KITCHENER_,2-Ethyltoluene,2000-11-26T00:00,0.220,µg/m³,VOC,GC-MS
61502,WEST AVE. & HOMEWOOD _KITCHENER_,2-Ethyltoluene,2000-12-02T00:00,0.230,µg/m³,VOC,GC-MS
61502,WEST AVE. & HOMEWOOD _KITCHENER_,2-Ethyltoluene,2000-12-08T00:00,0.180,µg/m³,VOC,GC-MS
61502,WEST AVE. & HOMEWOOD _KITCHENER_,2-Ethyltoluene,2000-12-14T00:00,0.320,µg/m³,VOC,GC-MS
61502,WEST AVE. & HOMEWOOD _KITCHENER_,2-Ethyltoluene,2000-12-20T00:00,0.320,µg/m³,VOC,GC-MS
61502,WEST AVE. & HOMEWOOD _KITCHENER_,2-Ethyltoluene,2000-12-26T00:00,0.130,µg/m³,VOC,GC-MS
