﻿NAPS_Site_ID,Station_Name,Pollutant,Date,Value,Units,Report_Type,Method
60211,WINDSOR WEST,Pentane,2018-02-07T00:00,1.269,µg/m³,VOC,GC-MS
60211,WINDSOR WEST,Pentane,2018-02-13T00:00,6.300,µg/m³,VOC,GC-MS
60211,WINDSOR WEST,Pentane,2018-02-19T00:00,1.022,µg/m³,VOC,GC-MS
60211,WINDSOR WEST,Pentane,2018-02-25T00:00,0.944,µg/m³,VOC,GC-MS
60211,WINDSOR WEST,Pentane,2018-03-03T00:00,0.965,µg/m³,VOC,GC-MS
60211,WINDSOR WEST,Pentane,2018-03-09T00:00,0.895,µg/m³,VOC,GC-MS
60211,WINDSOR WEST,Pentane,2018-03-15T00:00,0.478,µg/m³,VOC,GC-MS
60211,WINDSOR WEST,Pentane,2018-03-21T00:00,0.433,µg/m³,VOC,GC-MS
60211,WINDSOR WEST,Pentane,2018-03-27T00:00,0.714,µg/m³,VOC,GC-MS
60211,WINDSOR WEST,Pentane,2018-04-02T00:00,0.527,µg/m³,VOC,GC-MS
60211,WINDSOR WEST,Pentane,2018-04-08T00:00,0.418,µg/m³,VOC,GC-MS
60211,WINDSOR WEST,Pentane,2018-04-14T00:00,0.523,µg/m³,VOC,GC-MS
60211,WINDSOR WEST,Pentane,2018-04-20T00:00,1.924,µg/m³,VOC,GC-MS
60211,WINDSOR WEST,Pentane,2018-04-26T00:00,1.160,µg/m³,VOC,GC-MS
60211,WINDSOR WEST,Pentane,2018-05-08T00:00,1.449,µg/m³,VOC,GC-MS
60211,WINDSOR WEST,Pentane,2018-05-14T00:00,1.847,µg/m³,VOC,GC-MS
60211,WINDSOR WEST,Pentane,2018-05-20T00:00,0.924,µg/m³,VOC,GC-MS
60211,WINDSOR WEST,Pentane,2018-05-26T00:00,1.818,µg/m³,VOC,GC-MS
60211,WINDSOR WEST,Pentane,2018-06-07T00:00,1.141,µg/m³,VOC,GC-MS
60211,WINDSOR WEST,Pentane,2018-06-13T00:00,1.306,µg/m³,VOC,GC-MS
60211,WINDSOR WEST,Pentane,2018-06-25T00:00,0.482,µg/m³,VOC,GC-MS
60211,WINDSOR WEST,Pentane,2018-07-01T00:00,0.860,µg/m³,VOC,GC-MS
60211,WINDSOR WEST,Pentane,2018-07-07T00:00,0.842,µg/m³,VOC,GC-MS
60211,WINDSOR WEST,Pentane,2018-07-13T00:00,1.354,µg/m³,VOC,GC-MS
60211,WINDSOR WEST,Pentane,2018-07-19T00:00,1.284,µg/m³,VOC,GC-MS
60211,WINDSOR WEST,Pentane,2018-07-25T00:00,1.939,µg/m³,VOC,GC-MS
60211,WINDSOR WEST,Pentane,2018-08-12T00:00,2.354,µg/m³,VOC,GC-MS
60211,WINDSOR WEST,Pentane,2018-08-18T00:00,1.435,µg/m³,VOC,GC-MS
60211,WINDSOR WEST,Pentane,2018-09-23T00:00,2.804,µg/m³,VOC,GC-MS
60211,WINDSOR WEST,Pentane,2018-09-29T00:00,1.651,µg/m³,VOC,GC-MS
60211,WINDSOR WEST,Pentane,2018-10-05T00:00,0.947,µg/m³,VOC,GC-MS
60211,WINDSOR WEST,Pentane,2018-10-23T00:00,0.862,µg/m³,VOC,GC-MS
60211,WINDSOR WEST,Pentane,2018-10-29T00:00,1.046,µg/m³,VOC,GC-MS
60211,WINDSOR WEST,Pentane,2018-11-04T00:00,1.347,µg/m³,VOC,GC-MS
60211,WINDSOR WEST,Pentane,2018-11-10T00:00,0.777,µg/m³,VOC,GC-MS
60211,WINDSOR WEST,Pentane,2018-11-16T00:00,0.937,µg/m³,VOC,GC-MS
60211,WINDSOR WEST,Pentane,2018-11-22T00:00,0.422,µg/m³,VOC,GC-MS
60211,WINDSOR WEST,Pentane,2018-11-28T00:00,0.809,µg/m³,VOC,GC-MS
60211,WINDSOR WEST,Pentane,2018-12-04T00:00,0.891,µg/m³,VOC,GC-MS
60211,WINDSOR WEST,Pentane,2018-12-10T00:00,1.427,µg/m³,VOC,GC-MS
60211,WINDSOR WEST,Pentane,2018-12-16T00:00,1.647,µg/m³,VOC,GC-MS
