﻿NAPS_Site_ID,Station_Name,Pollutant,Date,Value,Units,Report_Type,Method
50104,ONTARIO,Camphene,2005-01-04T00:00,0.059,µg/m³,VOC,GC-MS
50104,ONTARIO,Camphene,2005-01-10T00:00,0.043,µg/m³,VOC,GC-MS
50104,ONTARIO,Camphene,2005-01-16T00:00,0.039,µg/m³,VOC,GC-MS
50104,ONTARIO,Camphene,2005-01-22T00:00,0.021,µg/m³,VOC,GC-MS
50104,ONTARIO,Camphene,2005-01-28T00:00,0.053,µg/m³,VOC,GC-MS
50104,ONTARIO,Camphene,2005-02-03T00:00,0.101,µg/m³,VOC,GC-MS
50104,ONTARIO,Camphene,2005-02-15T00:00,0.033,µg/m³,VOC,GC-MS
50104,ONTARIO,Camphene,2005-02-21T00:00,0.028,µg/m³,VOC,GC-MS
50104,ONTARIO,Camphene,2005-02-27T00:00,0.037,µg/m³,VOC,GC-MS
50104,ONTARIO,Camphene,2005-03-11T00:00,0.019,µg/m³,VOC,GC-MS
50104,ONTARIO,Camphene,2005-03-17T00:00,0.039,µg/m³,VOC,GC-MS
50104,ONTARIO,Camphene,2005-03-23T00:00,0.066,µg/m³,VOC,GC-MS
50104,ONTARIO,Camphene,2005-03-29T00:00,0.048,µg/m³,VOC,GC-MS
50104,ONTARIO,Camphene,2005-04-04T00:00,0.074,µg/m³,VOC,GC-MS
50104,ONTARIO,Camphene,2005-04-16T00:00,0.051,µg/m³,VOC,GC-MS
50104,ONTARIO,Camphene,2005-04-22T00:00,0.052,µg/m³,VOC,GC-MS
50104,ONTARIO,Camphene,2005-05-28T00:00,0.027,µg/m³,VOC,GC-MS
50104,ONTARIO,Camphene,2005-06-03T00:00,0.038,µg/m³,VOC,GC-MS
50104,ONTARIO,Camphene,2005-06-09T00:00,0.055,µg/m³,VOC,GC-MS
50104,ONTARIO,Camphene,2005-06-15T00:00,0.072,µg/m³,VOC,GC-MS
50104,ONTARIO,Camphene,2005-06-27T00:00,0.095,µg/m³,VOC,GC-MS
50104,ONTARIO,Camphene,2005-07-03T00:00,0.011,µg/m³,VOC,GC-MS
50104,ONTARIO,Camphene,2005-07-09T00:00,0.048,µg/m³,VOC,GC-MS
50104,ONTARIO,Camphene,2005-07-21T00:00,0.023,µg/m³,VOC,GC-MS
50104,ONTARIO,Camphene,2005-07-27T00:00,0.121,µg/m³,VOC,GC-MS
50104,ONTARIO,Camphene,2005-08-02T00:00,0.038,µg/m³,VOC,GC-MS
50104,ONTARIO,Camphene,2005-08-08T00:00,0.010,µg/m³,VOC,GC-MS
50104,ONTARIO,Camphene,2005-08-14T00:00,0.054,µg/m³,VOC,GC-MS
50104,ONTARIO,Camphene,2005-08-20T00:00,0.018,µg/m³,VOC,GC-MS
50104,ONTARIO,Camphene,2005-08-26T00:00,0.021,µg/m³,VOC,GC-MS
50104,ONTARIO,Camphene,2005-09-01T00:00,0.072,µg/m³,VOC,GC-MS
50104,ONTARIO,Camphene,2005-09-07T00:00,0.018,µg/m³,VOC,GC-MS
50104,ONTARIO,Camphene,2005-09-13T00:00,0.013,µg/m³,VOC,GC-MS
50104,ONTARIO,Camphene,2005-09-19T00:00,0.049,µg/m³,VOC,GC-MS
50104,ONTARIO,Camphene,2005-10-01T00:00,0.013,µg/m³,VOC,GC-MS
50104,ONTARIO,Camphene,2005-10-07T00:00,0.109,µg/m³,VOC,GC-MS
50104,ONTARIO,Camphene,2005-10-13T00:00,0.148,µg/m³,VOC,GC-MS
50104,ONTARIO,Camphene,2005-10-19T00:00,0.156,µg/m³,VOC,GC-MS
50104,ONTARIO,Camphene,2005-10-25T00:00,0.121,µg/m³,VOC,GC-MS
50104,ONTARIO,Camphene,2005-10-31T00:00,0.012,µg/m³,VOC,GC-MS
50104,ONTARIO,Camphene,2005-11-06T00:00,0.154,µg/m³,VOC,GC-MS
50104,ONTARIO,Camphene,2005-11-12T00:00,0.037,µg/m³,VOC,GC-MS
50104,ONTARIO,Camphene,2005-11-18T00:00,0.110,µg/m³,VOC,GC-MS
50104,ONTARIO,Camphene,2005-11-24T00:00,0.013,µg/m³,VOC,GC-MS
50104,ONTARIO,Camphene,2005-11-30T00:00,0.040,µg/m³,VOC,GC-MS
50104,ONTARIO,Camphene,2005-12-06T00:00,0.067,µg/m³,VOC,GC-MS
50104,ONTARIO,Camphene,2005-12-12T00:00,0.119,µg/m³,VOC,GC-MS
50104,ONTARIO,Camphene,2005-12-18T00:00,0.022,µg/m³,VOC,GC-MS
50104,ONTARIO,Camphene,2005-12-24T00:00,0.086,µg/m³,VOC,GC-MS
50104,ONTARIO,Camphene,2005-12-30T00:00,0.067,µg/m³,VOC,GC-MS
