﻿NAPS_Site_ID,Station_Name,Pollutant,Date,Value,Units,Report_Type,Method
100133,BURMOUNT,"cis-1,4/t-1,3-Dimethylcyclohexane",1999-01-12T00:00,0.036,µg/m³,VOC,
100133,BURMOUNT,"cis-1,4/t-1,3-Dimethylcyclohexane",1999-01-30T00:00,0.020,µg/m³,VOC,
100133,BURMOUNT,"cis-1,4/t-1,3-Dimethylcyclohexane",1999-02-11T00:00,0.020,µg/m³,VOC,
100133,BURMOUNT,"cis-1,4/t-1,3-Dimethylcyclohexane",1999-02-23T00:00,0.020,µg/m³,VOC,
100133,BURMOUNT,"cis-1,4/t-1,3-Dimethylcyclohexane",1999-03-07T00:00,0.030,µg/m³,VOC,
100133,BURMOUNT,"cis-1,4/t-1,3-Dimethylcyclohexane",1999-03-19T00:00,0.060,µg/m³,VOC,
100133,BURMOUNT,"cis-1,4/t-1,3-Dimethylcyclohexane",1999-04-12T00:00,0.010,µg/m³,VOC,
100133,BURMOUNT,"cis-1,4/t-1,3-Dimethylcyclohexane",1999-04-24T00:00,0.130,µg/m³,VOC,
100133,BURMOUNT,"cis-1,4/t-1,3-Dimethylcyclohexane",1999-05-06T00:00,0.110,µg/m³,VOC,
100133,BURMOUNT,"cis-1,4/t-1,3-Dimethylcyclohexane",1999-05-30T00:00,0.040,µg/m³,VOC,
100133,BURMOUNT,"cis-1,4/t-1,3-Dimethylcyclohexane",1999-06-11T00:00,0.030,µg/m³,VOC,
100133,BURMOUNT,"cis-1,4/t-1,3-Dimethylcyclohexane",1999-06-23T00:00,0.030,µg/m³,VOC,
100133,BURMOUNT,"cis-1,4/t-1,3-Dimethylcyclohexane",1999-07-11T00:00,0.040,µg/m³,VOC,
100133,BURMOUNT,"cis-1,4/t-1,3-Dimethylcyclohexane",1999-07-23T00:00,0.040,µg/m³,VOC,
100133,BURMOUNT,"cis-1,4/t-1,3-Dimethylcyclohexane",1999-08-22T00:00,0.050,µg/m³,VOC,
100133,BURMOUNT,"cis-1,4/t-1,3-Dimethylcyclohexane",1999-09-03T00:00,0.070,µg/m³,VOC,
100133,BURMOUNT,"cis-1,4/t-1,3-Dimethylcyclohexane",1999-09-15T00:00,0.060,µg/m³,VOC,
100133,BURMOUNT,"cis-1,4/t-1,3-Dimethylcyclohexane",1999-10-03T00:00,0.060,µg/m³,VOC,
100133,BURMOUNT,"cis-1,4/t-1,3-Dimethylcyclohexane",1999-10-15T00:00,0.060,µg/m³,VOC,
100133,BURMOUNT,"cis-1,4/t-1,3-Dimethylcyclohexane",1999-10-27T00:00,0.060,µg/m³,VOC,
100133,BURMOUNT,"cis-1,4/t-1,3-Dimethylcyclohexane",1999-11-08T00:00,0.050,µg/m³,VOC,
100133,BURMOUNT,"cis-1,4/t-1,3-Dimethylcyclohexane",1999-11-20T00:00,0.040,µg/m³,VOC,
100133,BURMOUNT,"cis-1,4/t-1,3-Dimethylcyclohexane",1999-12-02T00:00,0.020,µg/m³,VOC,
100133,BURMOUNT,"cis-1,4/t-1,3-Dimethylcyclohexane",1999-12-20T00:00,0.050,µg/m³,VOC,
