﻿NAPS_Site_ID,Station_Name,Pollutant,Date,Value,Units,Report_Type,Method
60211,WINDSOR WEST,"2,2-Dimethylpropane",2002-01-08T00:00,0.050,µg/m³,VOC,GC-MS
60211,WINDSOR WEST,"2,2-Dimethylpropane",2002-01-14T00:00,0.050,µg/m³,VOC,GC-MS
60211,WINDSOR WEST,"2,2-Dimethylpropane",2002-01-20T00:00,0.050,µg/m³,VOC,GC-MS
60211,WINDSOR WEST,"2,2-Dimethylpropane",2002-01-26T00:00,0.050,µg/m³,VOC,GC-MS
60211,WINDSOR WEST,"2,2-Dimethylpropane",2002-02-07T00:00,0.060,µg/m³,VOC,GC-MS
60211,WINDSOR WEST,"2,2-Dimethylpropane",2002-02-13T00:00,0.030,µg/m³,VOC,GC-MS
60211,WINDSOR WEST,"2,2-Dimethylpropane",2002-02-19T00:00,0.050,µg/m³,VOC,GC-MS
60211,WINDSOR WEST,"2,2-Dimethylpropane",2002-02-25T00:00,0.030,µg/m³,VOC,GC-MS
60211,WINDSOR WEST,"2,2-Dimethylpropane",2002-05-20T00:00,0.020,µg/m³,VOC,GC-MS
60211,WINDSOR WEST,"2,2-Dimethylpropane",2002-05-26T00:00,0.019,µg/m³,VOC,GC-MS
60211,WINDSOR WEST,"2,2-Dimethylpropane",2002-06-07T00:00,0.043,µg/m³,VOC,GC-MS
60211,WINDSOR WEST,"2,2-Dimethylpropane",2002-06-13T00:00,0.023,µg/m³,VOC,GC-MS
60211,WINDSOR WEST,"2,2-Dimethylpropane",2002-06-19T00:00,0.036,µg/m³,VOC,GC-MS
60211,WINDSOR WEST,"2,2-Dimethylpropane",2002-06-25T00:00,0.069,µg/m³,VOC,GC-MS
60211,WINDSOR WEST,"2,2-Dimethylpropane",2002-07-01T00:00,0.049,µg/m³,VOC,GC-MS
60211,WINDSOR WEST,"2,2-Dimethylpropane",2002-07-07T00:00,0.056,µg/m³,VOC,GC-MS
60211,WINDSOR WEST,"2,2-Dimethylpropane",2002-07-19T00:00,0.038,µg/m³,VOC,GC-MS
60211,WINDSOR WEST,"2,2-Dimethylpropane",2002-08-06T00:00,0.015,µg/m³,VOC,GC-MS
60211,WINDSOR WEST,"2,2-Dimethylpropane",2002-08-12T00:00,0.037,µg/m³,VOC,GC-MS
60211,WINDSOR WEST,"2,2-Dimethylpropane",2002-08-18T00:00,0.023,µg/m³,VOC,GC-MS
60211,WINDSOR WEST,"2,2-Dimethylpropane",2002-08-30T00:00,0.057,µg/m³,VOC,GC-MS
60211,WINDSOR WEST,"2,2-Dimethylpropane",2002-09-05T00:00,0.034,µg/m³,VOC,GC-MS
60211,WINDSOR WEST,"2,2-Dimethylpropane",2002-09-11T00:00,0.030,µg/m³,VOC,GC-MS
60211,WINDSOR WEST,"2,2-Dimethylpropane",2002-09-17T00:00,0.061,µg/m³,VOC,GC-MS
60211,WINDSOR WEST,"2,2-Dimethylpropane",2002-09-23T00:00,0.045,µg/m³,VOC,GC-MS
60211,WINDSOR WEST,"2,2-Dimethylpropane",2002-09-29T00:00,0.042,µg/m³,VOC,GC-MS
60211,WINDSOR WEST,"2,2-Dimethylpropane",2002-10-11T00:00,0.066,µg/m³,VOC,GC-MS
60211,WINDSOR WEST,"2,2-Dimethylpropane",2002-10-17T00:00,0.028,µg/m³,VOC,GC-MS
60211,WINDSOR WEST,"2,2-Dimethylpropane",2002-10-23T00:00,0.051,µg/m³,VOC,GC-MS
60211,WINDSOR WEST,"2,2-Dimethylpropane",2002-10-29T00:00,0.046,µg/m³,VOC,GC-MS
60211,WINDSOR WEST,"2,2-Dimethylpropane",2002-11-04T00:00,0.065,µg/m³,VOC,GC-MS
60211,WINDSOR WEST,"2,2-Dimethylpropane",2002-11-10T00:00,0.052,µg/m³,VOC,GC-MS
60211,WINDSOR WEST,"2,2-Dimethylpropane",2002-11-16T00:00,0.069,µg/m³,VOC,GC-MS
60211,WINDSOR WEST,"2,2-Dimethylpropane",2002-11-22T00:00,0.073,µg/m³,VOC,GC-MS
60211,WINDSOR WEST,"2,2-Dimethylpropane",2002-11-28T00:00,0.062,µg/m³,VOC,GC-MS
60211,WINDSOR WEST,"2,2-Dimethylpropane",2002-12-04T00:00,0.107,µg/m³,VOC,GC-MS
60211,WINDSOR WEST,"2,2-Dimethylpropane",2002-12-16T00:00,0.025,µg/m³,VOC,GC-MS
60211,WINDSOR WEST,"2,2-Dimethylpropane",2002-12-22T00:00,0.055,µg/m³,VOC,GC-MS
