﻿NAPS_Site_ID,Station_Name,Pollutant,Date,Value,Units,Report_Type,Method
100141,ROADSIDE - CLARK DRIVE,OC(corr),2021-02-03T00:00,1.160,µg/m³,PM2.5,TOR(OC/EC)
100141,ROADSIDE - CLARK DRIVE,OC(corr),2021-02-09T00:00,1.676,µg/m³,PM2.5,TOR(OC/EC)
100141,ROADSIDE - CLARK DRIVE,OC(corr),2021-02-15T00:00,0.721,µg/m³,PM2.5,TOR(OC/EC)
100141,ROADSIDE - CLARK DRIVE,OC(corr),2021-02-21T00:00,1.018,µg/m³,PM2.5,TOR(OC/EC)
100141,ROADSIDE - CLARK DRIVE,OC(corr),2021-02-27T00:00,1.166,µg/m³,PM2.5,TOR(OC/EC)
100141,ROADSIDE - CLARK DRIVE,OC(corr),2021-03-05T00:00,0.876,µg/m³,PM2.5,TOR(OC/EC)
100141,ROADSIDE - CLARK DRIVE,OC(corr),2021-03-11T00:00,1.651,µg/m³,PM2.5,TOR(OC/EC)
100141,ROADSIDE - CLARK DRIVE,OC(corr),2021-03-17T00:00,2.434,µg/m³,PM2.5,TOR(OC/EC)
100141,ROADSIDE - CLARK DRIVE,OC(corr),2021-03-23T00:00,0.836,µg/m³,PM2.5,TOR(OC/EC)
100141,ROADSIDE - CLARK DRIVE,OC(corr),2021-03-29T00:00,0.548,µg/m³,PM2.5,TOR(OC/EC)
100141,ROADSIDE - CLARK DRIVE,OC(corr),2021-04-04T00:00,0.133,µg/m³,PM2.5,TOR(OC/EC)
100141,ROADSIDE - CLARK DRIVE,OC(corr),2021-04-10T00:00,0.221,µg/m³,PM2.5,TOR(OC/EC)
100141,ROADSIDE - CLARK DRIVE,OC(corr),2021-04-16T00:00,1.885,µg/m³,PM2.5,TOR(OC/EC)
100141,ROADSIDE - CLARK DRIVE,OC(corr),2021-04-22T00:00,0.817,µg/m³,PM2.5,TOR(OC/EC)
100141,ROADSIDE - CLARK DRIVE,OC(corr),2021-04-28T00:00,0.947,µg/m³,PM2.5,TOR(OC/EC)
100141,ROADSIDE - CLARK DRIVE,OC(corr),2021-05-04T00:00,0.445,µg/m³,PM2.5,TOR(OC/EC)
100141,ROADSIDE - CLARK DRIVE,OC(corr),2021-05-10T00:00,0.512,µg/m³,PM2.5,TOR(OC/EC)
100141,ROADSIDE - CLARK DRIVE,OC(corr),2021-05-16T00:00,1.660,µg/m³,PM2.5,TOR(OC/EC)
100141,ROADSIDE - CLARK DRIVE,OC(corr),2021-06-03T00:00,1.073,µg/m³,PM2.5,TOR(OC/EC)
100141,ROADSIDE - CLARK DRIVE,OC(corr),2021-06-09T00:00,0.577,µg/m³,PM2.5,TOR(OC/EC)
100141,ROADSIDE - CLARK DRIVE,OC(corr),2021-07-15T00:00,0.633,µg/m³,PM2.5,TOR(OC/EC)
100141,ROADSIDE - CLARK DRIVE,OC(corr),2021-08-02T00:00,2.492,µg/m³,PM2.5,TOR(OC/EC)
100141,ROADSIDE - CLARK DRIVE,OC(corr),2021-08-08T00:00,0.945,µg/m³,PM2.5,TOR(OC/EC)
100141,ROADSIDE - CLARK DRIVE,OC(corr),2021-08-14T00:00,16.357,µg/m³,PM2.5,TOR(OC/EC)
100141,ROADSIDE - CLARK DRIVE,OC(corr),2021-08-20T00:00,1.474,µg/m³,PM2.5,TOR(OC/EC)
100141,ROADSIDE - CLARK DRIVE,OC(corr),2021-08-26T00:00,1.609,µg/m³,PM2.5,TOR(OC/EC)
100141,ROADSIDE - CLARK DRIVE,OC(corr),2021-09-01T00:00,0.399,µg/m³,PM2.5,TOR(OC/EC)
100141,ROADSIDE - CLARK DRIVE,OC(corr),2021-09-07T00:00,1.665,µg/m³,PM2.5,TOR(OC/EC)
100141,ROADSIDE - CLARK DRIVE,OC(corr),2021-09-19T00:00,0.472,µg/m³,PM2.5,TOR(OC/EC)
100141,ROADSIDE - CLARK DRIVE,OC(corr),2021-09-25T00:00,3.528,µg/m³,PM2.5,TOR(OC/EC)
100141,ROADSIDE - CLARK DRIVE,OC(corr),2021-10-01T00:00,1.335,µg/m³,PM2.5,TOR(OC/EC)
100141,ROADSIDE - CLARK DRIVE,OC(corr),2021-10-07T00:00,0.793,µg/m³,PM2.5,TOR(OC/EC)
100141,ROADSIDE - CLARK DRIVE,OC(corr),2021-10-13T00:00,1.034,µg/m³,PM2.5,TOR(OC/EC)
100141,ROADSIDE - CLARK DRIVE,OC(corr),2021-10-19T00:00,1.729,µg/m³,PM2.5,TOR(OC/EC)
100141,ROADSIDE - CLARK DRIVE,OC(corr),2021-10-25T00:00,0.509,µg/m³,PM2.5,TOR(OC/EC)
100141,ROADSIDE - CLARK DRIVE,OC(corr),2021-10-31T00:00,3.425,µg/m³,PM2.5,TOR(OC/EC)
100141,ROADSIDE - CLARK DRIVE,OC(corr),2021-11-06T00:00,4.255,µg/m³,PM2.5,TOR(OC/EC)
100141,ROADSIDE - CLARK DRIVE,OC(corr),2021-11-12T00:00,2.255,µg/m³,PM2.5,TOR(OC/EC)
100141,ROADSIDE - CLARK DRIVE,OC(corr),2021-11-18T00:00,1.325,µg/m³,PM2.5,TOR(OC/EC)
100141,ROADSIDE - CLARK DRIVE,OC(corr),2021-11-24T00:00,1.141,µg/m³,PM2.5,TOR(OC/EC)
100141,ROADSIDE - CLARK DRIVE,OC(corr),2021-11-30T00:00,0.801,µg/m³,PM2.5,TOR(OC/EC)
100141,ROADSIDE - CLARK DRIVE,OC(corr),2021-12-06T00:00,0.998,µg/m³,PM2.5,TOR(OC/EC)
100141,ROADSIDE - CLARK DRIVE,OC(corr),2021-12-12T00:00,1.597,µg/m³,PM2.5,TOR(OC/EC)
100141,ROADSIDE - CLARK DRIVE,OC(corr),2021-12-18T00:00,1.948,µg/m³,PM2.5,TOR(OC/EC)
100141,ROADSIDE - CLARK DRIVE,OC(corr),2021-12-24T00:00,0.674,µg/m³,PM2.5,TOR(OC/EC)
100141,ROADSIDE - CLARK DRIVE,OC(corr),2021-12-30T00:00,2.111,µg/m³,PM2.5,TOR(OC/EC)
