﻿NAPS_Site_ID,Station_Name,Pollutant,Date,Value,Units,Report_Type,Method
54301,VILLEROY,"2,2-Dimethylbutane",1998-01-05T00:00,0.040,µg/m³,VOC,GC-MS
54301,VILLEROY,"2,2-Dimethylbutane",1998-01-11T00:00,0.100,µg/m³,VOC,GC-MS
54301,VILLEROY,"2,2-Dimethylbutane",1998-01-17T00:00,0.040,µg/m³,VOC,GC-MS
54301,VILLEROY,"2,2-Dimethylbutane",1998-01-23T00:00,0.380,µg/m³,VOC,GC-MS
54301,VILLEROY,"2,2-Dimethylbutane",1998-02-04T00:00,0.080,µg/m³,VOC,GC-MS
54301,VILLEROY,"2,2-Dimethylbutane",1998-02-10T00:00,0.180,µg/m³,VOC,GC-MS
54301,VILLEROY,"2,2-Dimethylbutane",1998-02-16T00:00,0.080,µg/m³,VOC,GC-MS
54301,VILLEROY,"2,2-Dimethylbutane",1998-02-28T00:00,0.040,µg/m³,VOC,GC-MS
54301,VILLEROY,"2,2-Dimethylbutane",1998-04-05T00:00,0.140,µg/m³,VOC,GC-MS
54301,VILLEROY,"2,2-Dimethylbutane",1998-04-11T00:00,0.020,µg/m³,VOC,GC-MS
54301,VILLEROY,"2,2-Dimethylbutane",1998-04-17T00:00,0.060,µg/m³,VOC,GC-MS
54301,VILLEROY,"2,2-Dimethylbutane",1998-04-23T00:00,0.000,µg/m³,VOC,GC-MS
54301,VILLEROY,"2,2-Dimethylbutane",1998-04-29T00:00,0.040,µg/m³,VOC,GC-MS
54301,VILLEROY,"2,2-Dimethylbutane",1998-05-05T00:00,0.080,µg/m³,VOC,GC-MS
54301,VILLEROY,"2,2-Dimethylbutane",1998-06-13T00:00,0.043,µg/m³,VOC,GC-MS
54301,VILLEROY,"2,2-Dimethylbutane",1998-06-16T00:00,0.037,µg/m³,VOC,GC-MS
54301,VILLEROY,"2,2-Dimethylbutane",1998-06-19T00:00,0.057,µg/m³,VOC,GC-MS
54301,VILLEROY,"2,2-Dimethylbutane",1998-06-22T00:00,0.068,µg/m³,VOC,GC-MS
54301,VILLEROY,"2,2-Dimethylbutane",1998-06-25T00:00,0.184,µg/m³,VOC,GC-MS
54301,VILLEROY,"2,2-Dimethylbutane",1998-06-28T00:00,0.062,µg/m³,VOC,GC-MS
54301,VILLEROY,"2,2-Dimethylbutane",1998-07-01T00:00,0.049,µg/m³,VOC,GC-MS
54301,VILLEROY,"2,2-Dimethylbutane",1998-07-04T00:00,0.194,µg/m³,VOC,GC-MS
54301,VILLEROY,"2,2-Dimethylbutane",1998-07-07T00:00,0.075,µg/m³,VOC,GC-MS
54301,VILLEROY,"2,2-Dimethylbutane",1998-07-10T00:00,0.039,µg/m³,VOC,GC-MS
54301,VILLEROY,"2,2-Dimethylbutane",1998-07-22T00:00,0.031,µg/m³,VOC,GC-MS
54301,VILLEROY,"2,2-Dimethylbutane",1998-07-25T00:00,0.044,µg/m³,VOC,GC-MS
54301,VILLEROY,"2,2-Dimethylbutane",1998-07-28T00:00,0.060,µg/m³,VOC,GC-MS
54301,VILLEROY,"2,2-Dimethylbutane",1998-07-31T00:00,0.035,µg/m³,VOC,GC-MS
54301,VILLEROY,"2,2-Dimethylbutane",1998-08-03T00:00,0.036,µg/m³,VOC,GC-MS
54301,VILLEROY,"2,2-Dimethylbutane",1998-08-06T00:00,0.067,µg/m³,VOC,GC-MS
54301,VILLEROY,"2,2-Dimethylbutane",1998-08-09T00:00,0.062,µg/m³,VOC,GC-MS
54301,VILLEROY,"2,2-Dimethylbutane",1998-08-12T00:00,0.031,µg/m³,VOC,GC-MS
54301,VILLEROY,"2,2-Dimethylbutane",1998-08-15T00:00,0.105,µg/m³,VOC,GC-MS
54301,VILLEROY,"2,2-Dimethylbutane",1998-08-21T00:00,0.040,µg/m³,VOC,GC-MS
54301,VILLEROY,"2,2-Dimethylbutane",1998-08-27T00:00,0.032,µg/m³,VOC,GC-MS
54301,VILLEROY,"2,2-Dimethylbutane",1998-08-30T00:00,0.042,µg/m³,VOC,GC-MS
54301,VILLEROY,"2,2-Dimethylbutane",1998-09-02T00:00,0.048,µg/m³,VOC,GC-MS
54301,VILLEROY,"2,2-Dimethylbutane",1998-09-05T00:00,0.026,µg/m³,VOC,GC-MS
54301,VILLEROY,"2,2-Dimethylbutane",1998-09-08T00:00,0.036,µg/m³,VOC,GC-MS
54301,VILLEROY,"2,2-Dimethylbutane",1998-09-11T00:00,0.040,µg/m³,VOC,GC-MS
54301,VILLEROY,"2,2-Dimethylbutane",1998-09-14T00:00,0.052,µg/m³,VOC,GC-MS
54301,VILLEROY,"2,2-Dimethylbutane",1998-09-20T00:00,0.046,µg/m³,VOC,GC-MS
54301,VILLEROY,"2,2-Dimethylbutane",1998-09-26T00:00,0.103,µg/m³,VOC,GC-MS
54301,VILLEROY,"2,2-Dimethylbutane",1998-10-02T00:00,0.037,µg/m³,VOC,GC-MS
54301,VILLEROY,"2,2-Dimethylbutane",1998-10-14T00:00,0.043,µg/m³,VOC,GC-MS
54301,VILLEROY,"2,2-Dimethylbutane",1998-10-20T00:00,0.041,µg/m³,VOC,GC-MS
54301,VILLEROY,"2,2-Dimethylbutane",1998-11-07T00:00,0.036,µg/m³,VOC,GC-MS
54301,VILLEROY,"2,2-Dimethylbutane",1998-11-13T00:00,0.179,µg/m³,VOC,GC-MS
54301,VILLEROY,"2,2-Dimethylbutane",1998-11-19T00:00,0.113,µg/m³,VOC,GC-MS
54301,VILLEROY,"2,2-Dimethylbutane",1998-11-25T00:00,0.055,µg/m³,VOC,GC-MS
