﻿NAPS_Site_ID,Station_Name,Pollutant,Date,Value,Units,Report_Type,Method
65101,EAGLE ST. & McCAFFREY RD. _NEWMARKET_,"cis-1,3-Dichloropropene",2011-01-03T00:00,0.005,µg/m³,VOC,
65101,EAGLE ST. & McCAFFREY RD. _NEWMARKET_,"cis-1,3-Dichloropropene",2011-01-09T00:00,0.005,µg/m³,VOC,
65101,EAGLE ST. & McCAFFREY RD. _NEWMARKET_,"cis-1,3-Dichloropropene",2011-01-15T00:00,0.000,µg/m³,VOC,
65101,EAGLE ST. & McCAFFREY RD. _NEWMARKET_,"cis-1,3-Dichloropropene",2011-01-21T00:00,0.000,µg/m³,VOC,
65101,EAGLE ST. & McCAFFREY RD. _NEWMARKET_,"cis-1,3-Dichloropropene",2011-01-27T00:00,0.002,µg/m³,VOC,
65101,EAGLE ST. & McCAFFREY RD. _NEWMARKET_,"cis-1,3-Dichloropropene",2011-02-02T00:00,0.000,µg/m³,VOC,
65101,EAGLE ST. & McCAFFREY RD. _NEWMARKET_,"cis-1,3-Dichloropropene",2011-02-08T00:00,0.000,µg/m³,VOC,
65101,EAGLE ST. & McCAFFREY RD. _NEWMARKET_,"cis-1,3-Dichloropropene",2011-02-14T00:00,0.000,µg/m³,VOC,
65101,EAGLE ST. & McCAFFREY RD. _NEWMARKET_,"cis-1,3-Dichloropropene",2011-02-20T00:00,0.000,µg/m³,VOC,
65101,EAGLE ST. & McCAFFREY RD. _NEWMARKET_,"cis-1,3-Dichloropropene",2011-02-26T00:00,0.000,µg/m³,VOC,
65101,EAGLE ST. & McCAFFREY RD. _NEWMARKET_,"cis-1,3-Dichloropropene",2011-03-04T00:00,0.000,µg/m³,VOC,
65101,EAGLE ST. & McCAFFREY RD. _NEWMARKET_,"cis-1,3-Dichloropropene",2011-03-10T00:00,0.000,µg/m³,VOC,
65101,EAGLE ST. & McCAFFREY RD. _NEWMARKET_,"cis-1,3-Dichloropropene",2011-03-16T00:00,0.000,µg/m³,VOC,
65101,EAGLE ST. & McCAFFREY RD. _NEWMARKET_,"cis-1,3-Dichloropropene",2011-03-22T00:00,0.000,µg/m³,VOC,
65101,EAGLE ST. & McCAFFREY RD. _NEWMARKET_,"cis-1,3-Dichloropropene",2011-03-28T00:00,0.000,µg/m³,VOC,
