﻿NAPS_Site_ID,Station_Name,Pollutant,Date,Value,Units,Report_Type,Method
90121,EDMONTON EAST,2-Methylhexane,2012-01-04T00:00,1.813,µg/m³,VOC,
90121,EDMONTON EAST,2-Methylhexane,2012-01-10T00:00,0.079,µg/m³,VOC,
90121,EDMONTON EAST,2-Methylhexane,2012-01-16T00:00,0.211,µg/m³,VOC,
90121,EDMONTON EAST,2-Methylhexane,2012-01-22T00:00,0.390,µg/m³,VOC,
90121,EDMONTON EAST,2-Methylhexane,2012-01-28T00:00,0.273,µg/m³,VOC,
90121,EDMONTON EAST,2-Methylhexane,2012-02-03T00:00,0.494,µg/m³,VOC,
90121,EDMONTON EAST,2-Methylhexane,2012-02-09T00:00,0.835,µg/m³,VOC,
90121,EDMONTON EAST,2-Methylhexane,2012-02-15T00:00,0.553,µg/m³,VOC,
90121,EDMONTON EAST,2-Methylhexane,2012-02-21T00:00,0.636,µg/m³,VOC,
90121,EDMONTON EAST,2-Methylhexane,2012-02-27T00:00,0.590,µg/m³,VOC,
90121,EDMONTON EAST,2-Methylhexane,2012-03-04T00:00,0.659,µg/m³,VOC,
90121,EDMONTON EAST,2-Methylhexane,2012-03-10T00:00,1.357,µg/m³,VOC,
90121,EDMONTON EAST,2-Methylhexane,2012-03-16T00:00,0.999,µg/m³,VOC,
90121,EDMONTON EAST,2-Methylhexane,2012-03-22T00:00,1.197,µg/m³,VOC,
90121,EDMONTON EAST,2-Methylhexane,2012-03-28T00:00,0.445,µg/m³,VOC,
90121,EDMONTON EAST,2-Methylhexane,2012-04-03T00:00,0.315,µg/m³,VOC,
90121,EDMONTON EAST,2-Methylhexane,2012-04-09T00:00,0.727,µg/m³,VOC,
90121,EDMONTON EAST,2-Methylhexane,2012-04-15T00:00,0.257,µg/m³,VOC,
90121,EDMONTON EAST,2-Methylhexane,2012-04-21T00:00,0.534,µg/m³,VOC,
90121,EDMONTON EAST,2-Methylhexane,2012-04-27T00:00,1.126,µg/m³,VOC,
90121,EDMONTON EAST,2-Methylhexane,2012-05-03T00:00,0.448,µg/m³,VOC,
90121,EDMONTON EAST,2-Methylhexane,2012-05-09T00:00,0.486,µg/m³,VOC,
90121,EDMONTON EAST,2-Methylhexane,2012-05-15T00:00,1.180,µg/m³,VOC,
90121,EDMONTON EAST,2-Methylhexane,2012-05-21T00:00,0.372,µg/m³,VOC,
90121,EDMONTON EAST,2-Methylhexane,2012-05-27T00:00,0.522,µg/m³,VOC,
90121,EDMONTON EAST,2-Methylhexane,2012-06-02T00:00,0.694,µg/m³,VOC,
90121,EDMONTON EAST,2-Methylhexane,2012-06-14T00:00,0.396,µg/m³,VOC,
90121,EDMONTON EAST,2-Methylhexane,2012-06-20T00:00,0.640,µg/m³,VOC,
90121,EDMONTON EAST,2-Methylhexane,2012-06-26T00:00,1.514,µg/m³,VOC,
90121,EDMONTON EAST,2-Methylhexane,2012-07-02T00:00,0.861,µg/m³,VOC,
90121,EDMONTON EAST,2-Methylhexane,2012-07-08T00:00,1.567,µg/m³,VOC,
90121,EDMONTON EAST,2-Methylhexane,2012-07-14T00:00,0.593,µg/m³,VOC,
90121,EDMONTON EAST,2-Methylhexane,2012-07-20T00:00,0.542,µg/m³,VOC,
90121,EDMONTON EAST,2-Methylhexane,2012-07-26T00:00,1.123,µg/m³,VOC,
90121,EDMONTON EAST,2-Methylhexane,2012-08-01T00:00,0.900,µg/m³,VOC,
90121,EDMONTON EAST,2-Methylhexane,2012-08-07T00:00,1.627,µg/m³,VOC,
90121,EDMONTON EAST,2-Methylhexane,2012-08-13T00:00,0.868,µg/m³,VOC,
90121,EDMONTON EAST,2-Methylhexane,2012-08-19T00:00,0.444,µg/m³,VOC,
90121,EDMONTON EAST,2-Methylhexane,2012-08-25T00:00,0.247,µg/m³,VOC,
90121,EDMONTON EAST,2-Methylhexane,2012-08-31T00:00,1.152,µg/m³,VOC,
90121,EDMONTON EAST,2-Methylhexane,2012-09-06T00:00,0.916,µg/m³,VOC,
90121,EDMONTON EAST,2-Methylhexane,2012-09-12T00:00,0.778,µg/m³,VOC,
90121,EDMONTON EAST,2-Methylhexane,2012-09-18T00:00,0.842,µg/m³,VOC,
90121,EDMONTON EAST,2-Methylhexane,2012-09-24T00:00,2.373,µg/m³,VOC,
90121,EDMONTON EAST,2-Methylhexane,2012-09-30T00:00,1.093,µg/m³,VOC,
90121,EDMONTON EAST,2-Methylhexane,2012-10-06T00:00,0.626,µg/m³,VOC,
90121,EDMONTON EAST,2-Methylhexane,2012-10-12T00:00,3.344,µg/m³,VOC,
90121,EDMONTON EAST,2-Methylhexane,2012-10-18T00:00,0.479,µg/m³,VOC,
90121,EDMONTON EAST,2-Methylhexane,2012-10-24T00:00,0.334,µg/m³,VOC,
90121,EDMONTON EAST,2-Methylhexane,2012-10-30T00:00,1.118,µg/m³,VOC,
90121,EDMONTON EAST,2-Methylhexane,2012-11-05T00:00,0.598,µg/m³,VOC,
90121,EDMONTON EAST,2-Methylhexane,2012-11-11T00:00,0.484,µg/m³,VOC,
90121,EDMONTON EAST,2-Methylhexane,2012-11-17T00:00,1.361,µg/m³,VOC,
90121,EDMONTON EAST,2-Methylhexane,2012-11-17T00:00,1.506,µg/m³,VOC,
90121,EDMONTON EAST,2-Methylhexane,2012-11-29T00:00,0.298,µg/m³,VOC,
90121,EDMONTON EAST,2-Methylhexane,2012-12-05T00:00,2.049,µg/m³,VOC,
90121,EDMONTON EAST,2-Methylhexane,2012-12-11T00:00,1.099,µg/m³,VOC,
90121,EDMONTON EAST,2-Methylhexane,2012-12-17T00:00,2.062,µg/m³,VOC,
90121,EDMONTON EAST,2-Methylhexane,2012-12-23T00:00,0.395,µg/m³,VOC,
90121,EDMONTON EAST,2-Methylhexane,2012-12-29T00:00,0.712,µg/m³,VOC,
