﻿NAPS_Site_ID,Station_Name,Pollutant,Date,Value,Units,Report_Type,Method
60427,GAGE INSTITUTE,"2,2-Dimethylbutane",2013-01-04T00:00,0.058,µg/m³,VOC,N/A
60427,GAGE INSTITUTE,"2,2-Dimethylbutane",2013-01-10T00:00,0.053,µg/m³,VOC,N/A
60427,GAGE INSTITUTE,"2,2-Dimethylbutane",2013-01-16T00:00,0.074,µg/m³,VOC,N/A
60427,GAGE INSTITUTE,"2,2-Dimethylbutane",2013-01-22T00:00,0.050,µg/m³,VOC,N/A
60427,GAGE INSTITUTE,"2,2-Dimethylbutane",2013-01-28T00:00,0.084,µg/m³,VOC,N/A
60427,GAGE INSTITUTE,"2,2-Dimethylbutane",2013-02-03T00:00,0.057,µg/m³,VOC,N/A
60427,GAGE INSTITUTE,"2,2-Dimethylbutane",2013-02-09T00:00,0.075,µg/m³,VOC,N/A
60427,GAGE INSTITUTE,"2,2-Dimethylbutane",2013-02-15T00:00,0.049,µg/m³,VOC,N/A
60427,GAGE INSTITUTE,"2,2-Dimethylbutane",2013-02-21T00:00,0.039,µg/m³,VOC,N/A
60427,GAGE INSTITUTE,"2,2-Dimethylbutane",2013-02-27T00:00,0.042,µg/m³,VOC,N/A
60427,GAGE INSTITUTE,"2,2-Dimethylbutane",2013-03-05T00:00,0.059,µg/m³,VOC,N/A
60427,GAGE INSTITUTE,"2,2-Dimethylbutane",2013-03-11T00:00,0.080,µg/m³,VOC,N/A
60427,GAGE INSTITUTE,"2,2-Dimethylbutane",2013-03-17T00:00,0.028,µg/m³,VOC,N/A
60427,GAGE INSTITUTE,"2,2-Dimethylbutane",2013-03-23T00:00,0.026,µg/m³,VOC,N/A
60427,GAGE INSTITUTE,"2,2-Dimethylbutane",2013-03-29T00:00,0.030,µg/m³,VOC,N/A
60427,GAGE INSTITUTE,"2,2-Dimethylbutane",2013-04-04T00:00,0.031,µg/m³,VOC,N/A
60427,GAGE INSTITUTE,"2,2-Dimethylbutane",2013-04-10T00:00,0.026,µg/m³,VOC,N/A
60427,GAGE INSTITUTE,"2,2-Dimethylbutane",2013-04-16T00:00,0.063,µg/m³,VOC,N/A
60427,GAGE INSTITUTE,"2,2-Dimethylbutane",2013-04-22T00:00,0.024,µg/m³,VOC,N/A
60427,GAGE INSTITUTE,"2,2-Dimethylbutane",2013-04-28T00:00,0.043,µg/m³,VOC,N/A
60427,GAGE INSTITUTE,"2,2-Dimethylbutane",2013-05-04T00:00,0.058,µg/m³,VOC,N/A
60427,GAGE INSTITUTE,"2,2-Dimethylbutane",2013-05-10T00:00,0.067,µg/m³,VOC,N/A
60427,GAGE INSTITUTE,"2,2-Dimethylbutane",2013-05-16T00:00,0.037,µg/m³,VOC,N/A
60427,GAGE INSTITUTE,"2,2-Dimethylbutane",2013-05-22T00:00,0.106,µg/m³,VOC,N/A
60427,GAGE INSTITUTE,"2,2-Dimethylbutane",2013-05-28T00:00,0.047,µg/m³,VOC,N/A
60427,GAGE INSTITUTE,"2,2-Dimethylbutane",2013-06-03T00:00,0.023,µg/m³,VOC,N/A
60427,GAGE INSTITUTE,"2,2-Dimethylbutane",2013-06-09T00:00,0.050,µg/m³,VOC,N/A
60427,GAGE INSTITUTE,"2,2-Dimethylbutane",2013-06-15T00:00,0.059,µg/m³,VOC,N/A
60427,GAGE INSTITUTE,"2,2-Dimethylbutane",2013-06-21T00:00,0.151,µg/m³,VOC,N/A
60427,GAGE INSTITUTE,"2,2-Dimethylbutane",2013-06-27T00:00,0.082,µg/m³,VOC,N/A
60427,GAGE INSTITUTE,"2,2-Dimethylbutane",2013-07-03T00:00,0.056,µg/m³,VOC,N/A
60427,GAGE INSTITUTE,"2,2-Dimethylbutane",2013-07-09T00:00,0.075,µg/m³,VOC,N/A
60427,GAGE INSTITUTE,"2,2-Dimethylbutane",2013-07-15T00:00,0.113,µg/m³,VOC,N/A
60427,GAGE INSTITUTE,"2,2-Dimethylbutane",2013-07-21T00:00,0.033,µg/m³,VOC,N/A
60427,GAGE INSTITUTE,"2,2-Dimethylbutane",2013-07-27T00:00,0.057,µg/m³,VOC,N/A
60427,GAGE INSTITUTE,"2,2-Dimethylbutane",2013-08-02T00:00,0.093,µg/m³,VOC,N/A
60427,GAGE INSTITUTE,"2,2-Dimethylbutane",2013-08-08T00:00,0.065,µg/m³,VOC,N/A
60427,GAGE INSTITUTE,"2,2-Dimethylbutane",2013-08-14T00:00,0.028,µg/m³,VOC,N/A
60427,GAGE INSTITUTE,"2,2-Dimethylbutane",2013-08-20T00:00,0.107,µg/m³,VOC,N/A
60427,GAGE INSTITUTE,"2,2-Dimethylbutane",2013-08-26T00:00,0.101,µg/m³,VOC,N/A
60427,GAGE INSTITUTE,"2,2-Dimethylbutane",2013-09-01T00:00,0.031,µg/m³,VOC,N/A
60427,GAGE INSTITUTE,"2,2-Dimethylbutane",2013-09-07T00:00,0.086,µg/m³,VOC,N/A
60427,GAGE INSTITUTE,"2,2-Dimethylbutane",2013-09-13T00:00,0.020,µg/m³,VOC,N/A
60427,GAGE INSTITUTE,"2,2-Dimethylbutane",2013-09-19T00:00,0.149,µg/m³,VOC,N/A
60427,GAGE INSTITUTE,"2,2-Dimethylbutane",2013-09-25T00:00,0.128,µg/m³,VOC,N/A
60427,GAGE INSTITUTE,"2,2-Dimethylbutane",2013-10-01T00:00,0.103,µg/m³,VOC,N/A
60427,GAGE INSTITUTE,"2,2-Dimethylbutane",2013-10-07T00:00,0.069,µg/m³,VOC,N/A
60427,GAGE INSTITUTE,"2,2-Dimethylbutane",2013-10-13T00:00,0.059,µg/m³,VOC,N/A
60427,GAGE INSTITUTE,"2,2-Dimethylbutane",2013-10-19T00:00,0.089,µg/m³,VOC,N/A
60427,GAGE INSTITUTE,"2,2-Dimethylbutane",2013-10-25T00:00,0.045,µg/m³,VOC,N/A
60427,GAGE INSTITUTE,"2,2-Dimethylbutane",2013-10-31T00:00,0.072,µg/m³,VOC,N/A
60427,GAGE INSTITUTE,"2,2-Dimethylbutane",2013-11-06T00:00,0.060,µg/m³,VOC,N/A
60427,GAGE INSTITUTE,"2,2-Dimethylbutane",2013-11-12T00:00,0.034,µg/m³,VOC,N/A
60427,GAGE INSTITUTE,"2,2-Dimethylbutane",2013-11-18T00:00,0.033,µg/m³,VOC,N/A
60427,GAGE INSTITUTE,"2,2-Dimethylbutane",2013-11-24T00:00,0.032,µg/m³,VOC,N/A
60427,GAGE INSTITUTE,"2,2-Dimethylbutane",2013-11-30T00:00,0.041,µg/m³,VOC,N/A
60427,GAGE INSTITUTE,"2,2-Dimethylbutane",2013-12-06T00:00,0.044,µg/m³,VOC,N/A
60427,GAGE INSTITUTE,"2,2-Dimethylbutane",2013-12-12T00:00,0.041,µg/m³,VOC,N/A
60427,GAGE INSTITUTE,"2,2-Dimethylbutane",2013-12-18T00:00,0.055,µg/m³,VOC,N/A
60427,GAGE INSTITUTE,"2,2-Dimethylbutane",2013-12-24T00:00,0.066,µg/m³,VOC,N/A
60427,GAGE INSTITUTE,"2,2-Dimethylbutane",2013-12-30T00:00,0.054,µg/m³,VOC,N/A
