﻿NAPS_Site_ID,Station_Name,Pollutant,Date,Value,Units,Report_Type,Method
40208,CHAMPLAIN HEIGHTS SCHOOL,Ethylene,2006-01-05T00:00,1.082,µg/m³,VOC,
40208,CHAMPLAIN HEIGHTS SCHOOL,Ethylene,2006-01-11T00:00,3.034,µg/m³,VOC,
40208,CHAMPLAIN HEIGHTS SCHOOL,Ethylene,2006-01-17T00:00,1.007,µg/m³,VOC,
40208,CHAMPLAIN HEIGHTS SCHOOL,Ethylene,2006-01-23T00:00,1.104,µg/m³,VOC,
40208,CHAMPLAIN HEIGHTS SCHOOL,Ethylene,2006-01-29T00:00,0.838,µg/m³,VOC,
40208,CHAMPLAIN HEIGHTS SCHOOL,Ethylene,2006-02-04T00:00,1.295,µg/m³,VOC,
40208,CHAMPLAIN HEIGHTS SCHOOL,Ethylene,2006-02-10T00:00,1.164,µg/m³,VOC,
40208,CHAMPLAIN HEIGHTS SCHOOL,Ethylene,2006-02-16T00:00,1.200,µg/m³,VOC,
40208,CHAMPLAIN HEIGHTS SCHOOL,Ethylene,2006-02-22T00:00,1.349,µg/m³,VOC,
40208,CHAMPLAIN HEIGHTS SCHOOL,Ethylene,2006-02-28T00:00,0.966,µg/m³,VOC,
40208,CHAMPLAIN HEIGHTS SCHOOL,Ethylene,2006-03-06T00:00,0.917,µg/m³,VOC,
40208,CHAMPLAIN HEIGHTS SCHOOL,Ethylene,2006-03-12T00:00,1.319,µg/m³,VOC,
40208,CHAMPLAIN HEIGHTS SCHOOL,Ethylene,2006-03-30T00:00,0.779,µg/m³,VOC,
40208,CHAMPLAIN HEIGHTS SCHOOL,Ethylene,2006-04-05T00:00,0.624,µg/m³,VOC,
40208,CHAMPLAIN HEIGHTS SCHOOL,Ethylene,2006-04-11T00:00,0.992,µg/m³,VOC,
40208,CHAMPLAIN HEIGHTS SCHOOL,Ethylene,2006-04-17T00:00,0.734,µg/m³,VOC,
40208,CHAMPLAIN HEIGHTS SCHOOL,Ethylene,2006-04-29T00:00,0.796,µg/m³,VOC,
40208,CHAMPLAIN HEIGHTS SCHOOL,Ethylene,2006-05-05T00:00,0.459,µg/m³,VOC,
40208,CHAMPLAIN HEIGHTS SCHOOL,Ethylene,2006-05-11T00:00,0.177,µg/m³,VOC,
40208,CHAMPLAIN HEIGHTS SCHOOL,Ethylene,2006-05-17T00:00,0.579,µg/m³,VOC,
40208,CHAMPLAIN HEIGHTS SCHOOL,Ethylene,2006-05-23T00:00,0.607,µg/m³,VOC,
40208,CHAMPLAIN HEIGHTS SCHOOL,Ethylene,2006-05-29T00:00,0.661,µg/m³,VOC,
40208,CHAMPLAIN HEIGHTS SCHOOL,Ethylene,2006-06-04T00:00,0.161,µg/m³,VOC,
40208,CHAMPLAIN HEIGHTS SCHOOL,Ethylene,2006-06-10T00:00,0.365,µg/m³,VOC,
40208,CHAMPLAIN HEIGHTS SCHOOL,Ethylene,2006-06-16T00:00,0.620,µg/m³,VOC,
40208,CHAMPLAIN HEIGHTS SCHOOL,Ethylene,2006-06-22T00:00,0.572,µg/m³,VOC,
40208,CHAMPLAIN HEIGHTS SCHOOL,Ethylene,2006-06-28T00:00,0.457,µg/m³,VOC,
40208,CHAMPLAIN HEIGHTS SCHOOL,Ethylene,2006-07-04T00:00,0.683,µg/m³,VOC,
40208,CHAMPLAIN HEIGHTS SCHOOL,Ethylene,2006-07-10T00:00,0.482,µg/m³,VOC,
40208,CHAMPLAIN HEIGHTS SCHOOL,Ethylene,2006-07-16T00:00,0.544,µg/m³,VOC,
40208,CHAMPLAIN HEIGHTS SCHOOL,Ethylene,2006-07-22T00:00,0.630,µg/m³,VOC,
40208,CHAMPLAIN HEIGHTS SCHOOL,Ethylene,2006-07-28T00:00,0.596,µg/m³,VOC,
40208,CHAMPLAIN HEIGHTS SCHOOL,Ethylene,2006-08-03T00:00,0.602,µg/m³,VOC,
40208,CHAMPLAIN HEIGHTS SCHOOL,Ethylene,2006-08-09T00:00,0.659,µg/m³,VOC,
40208,CHAMPLAIN HEIGHTS SCHOOL,Ethylene,2006-08-15T00:00,1.566,µg/m³,VOC,
40208,CHAMPLAIN HEIGHTS SCHOOL,Ethylene,2006-08-21T00:00,0.532,µg/m³,VOC,
40208,CHAMPLAIN HEIGHTS SCHOOL,Ethylene,2006-08-27T00:00,0.455,µg/m³,VOC,
40208,CHAMPLAIN HEIGHTS SCHOOL,Ethylene,2006-09-02T00:00,0.756,µg/m³,VOC,
40208,CHAMPLAIN HEIGHTS SCHOOL,Ethylene,2006-09-08T00:00,0.861,µg/m³,VOC,
40208,CHAMPLAIN HEIGHTS SCHOOL,Ethylene,2006-09-14T00:00,1.727,µg/m³,VOC,
40208,CHAMPLAIN HEIGHTS SCHOOL,Ethylene,2006-09-20T00:00,1.091,µg/m³,VOC,
40208,CHAMPLAIN HEIGHTS SCHOOL,Ethylene,2006-09-26T00:00,1.065,µg/m³,VOC,
40208,CHAMPLAIN HEIGHTS SCHOOL,Ethylene,2006-10-02T00:00,0.323,µg/m³,VOC,
40208,CHAMPLAIN HEIGHTS SCHOOL,Ethylene,2006-10-08T00:00,1.338,µg/m³,VOC,
40208,CHAMPLAIN HEIGHTS SCHOOL,Ethylene,2006-10-14T00:00,2.404,µg/m³,VOC,
40208,CHAMPLAIN HEIGHTS SCHOOL,Ethylene,2006-10-20T00:00,0.515,µg/m³,VOC,
40208,CHAMPLAIN HEIGHTS SCHOOL,Ethylene,2006-10-26T00:00,0.862,µg/m³,VOC,
40208,CHAMPLAIN HEIGHTS SCHOOL,Ethylene,2006-11-01T00:00,1.680,µg/m³,VOC,
40208,CHAMPLAIN HEIGHTS SCHOOL,Ethylene,2006-11-07T00:00,1.092,µg/m³,VOC,
40208,CHAMPLAIN HEIGHTS SCHOOL,Ethylene,2006-11-13T00:00,0.374,µg/m³,VOC,
40208,CHAMPLAIN HEIGHTS SCHOOL,Ethylene,2006-11-19T00:00,0.732,µg/m³,VOC,
40208,CHAMPLAIN HEIGHTS SCHOOL,Ethylene,2006-11-25T00:00,1.381,µg/m³,VOC,
40208,CHAMPLAIN HEIGHTS SCHOOL,Ethylene,2006-12-01T00:00,1.339,µg/m³,VOC,
40208,CHAMPLAIN HEIGHTS SCHOOL,Ethylene,2006-12-07T00:00,2.426,µg/m³,VOC,
40208,CHAMPLAIN HEIGHTS SCHOOL,Ethylene,2006-12-13T00:00,1.909,µg/m³,VOC,
40208,CHAMPLAIN HEIGHTS SCHOOL,Ethylene,2006-12-19T00:00,0.819,µg/m³,VOC,
40208,CHAMPLAIN HEIGHTS SCHOOL,Ethylene,2006-12-25T00:00,0.643,µg/m³,VOC,
40208,CHAMPLAIN HEIGHTS SCHOOL,Ethylene,2006-12-31T00:00,0.920,µg/m³,VOC,
