﻿NAPS_Site_ID,Station_Name,Pollutant,Date,Value,Units,Report_Type,Method
50103,MONTRÉAL-SAINT-JEAN-BAPTISTE,3-Ethyltoluene,1996-01-04T00:00,0.086,µg/m³,VOC,N/A
50103,MONTRÉAL-SAINT-JEAN-BAPTISTE,3-Ethyltoluene,1996-01-10T00:00,1.278,µg/m³,VOC,N/A
50103,MONTRÉAL-SAINT-JEAN-BAPTISTE,3-Ethyltoluene,1996-01-16T00:00,1.758,µg/m³,VOC,N/A
50103,MONTRÉAL-SAINT-JEAN-BAPTISTE,3-Ethyltoluene,1996-01-22T00:00,1.072,µg/m³,VOC,N/A
50103,MONTRÉAL-SAINT-JEAN-BAPTISTE,3-Ethyltoluene,1996-01-28T00:00,0.139,µg/m³,VOC,N/A
50103,MONTRÉAL-SAINT-JEAN-BAPTISTE,3-Ethyltoluene,1996-02-03T00:00,0.009,µg/m³,VOC,N/A
50103,MONTRÉAL-SAINT-JEAN-BAPTISTE,3-Ethyltoluene,1996-02-09T00:00,1.248,µg/m³,VOC,N/A
50103,MONTRÉAL-SAINT-JEAN-BAPTISTE,3-Ethyltoluene,1996-02-15T00:00,0.097,µg/m³,VOC,N/A
50103,MONTRÉAL-SAINT-JEAN-BAPTISTE,3-Ethyltoluene,1996-02-21T00:00,3.224,µg/m³,VOC,N/A
50103,MONTRÉAL-SAINT-JEAN-BAPTISTE,3-Ethyltoluene,1996-02-27T00:00,0.478,µg/m³,VOC,N/A
50103,MONTRÉAL-SAINT-JEAN-BAPTISTE,3-Ethyltoluene,1996-03-04T00:00,0.069,µg/m³,VOC,N/A
50103,MONTRÉAL-SAINT-JEAN-BAPTISTE,3-Ethyltoluene,1996-03-10T00:00,0.835,µg/m³,VOC,N/A
50103,MONTRÉAL-SAINT-JEAN-BAPTISTE,3-Ethyltoluene,1996-03-16T00:00,0.107,µg/m³,VOC,N/A
50103,MONTRÉAL-SAINT-JEAN-BAPTISTE,3-Ethyltoluene,1996-03-22T00:00,0.909,µg/m³,VOC,N/A
50103,MONTRÉAL-SAINT-JEAN-BAPTISTE,3-Ethyltoluene,1996-03-28T00:00,0.762,µg/m³,VOC,N/A
50103,MONTRÉAL-SAINT-JEAN-BAPTISTE,3-Ethyltoluene,1996-04-03T00:00,0.303,µg/m³,VOC,N/A
50103,MONTRÉAL-SAINT-JEAN-BAPTISTE,3-Ethyltoluene,1996-04-09T00:00,0.792,µg/m³,VOC,N/A
50103,MONTRÉAL-SAINT-JEAN-BAPTISTE,3-Ethyltoluene,1996-04-15T00:00,0.711,µg/m³,VOC,N/A
50103,MONTRÉAL-SAINT-JEAN-BAPTISTE,3-Ethyltoluene,1996-04-21T00:00,0.502,µg/m³,VOC,N/A
50103,MONTRÉAL-SAINT-JEAN-BAPTISTE,3-Ethyltoluene,1996-04-27T00:00,0.394,µg/m³,VOC,N/A
50103,MONTRÉAL-SAINT-JEAN-BAPTISTE,3-Ethyltoluene,1996-05-03T00:00,0.408,µg/m³,VOC,N/A
50103,MONTRÉAL-SAINT-JEAN-BAPTISTE,3-Ethyltoluene,1996-05-09T00:00,0.504,µg/m³,VOC,N/A
50103,MONTRÉAL-SAINT-JEAN-BAPTISTE,3-Ethyltoluene,1996-05-15T00:00,0.971,µg/m³,VOC,N/A
50103,MONTRÉAL-SAINT-JEAN-BAPTISTE,3-Ethyltoluene,1996-05-21T00:00,0.831,µg/m³,VOC,N/A
50103,MONTRÉAL-SAINT-JEAN-BAPTISTE,3-Ethyltoluene,1996-05-27T00:00,0.582,µg/m³,VOC,N/A
50103,MONTRÉAL-SAINT-JEAN-BAPTISTE,3-Ethyltoluene,1996-06-02T00:00,0.751,µg/m³,VOC,N/A
50103,MONTRÉAL-SAINT-JEAN-BAPTISTE,3-Ethyltoluene,1996-06-08T00:00,0.982,µg/m³,VOC,N/A
50103,MONTRÉAL-SAINT-JEAN-BAPTISTE,3-Ethyltoluene,1996-06-14T00:00,1.355,µg/m³,VOC,N/A
50103,MONTRÉAL-SAINT-JEAN-BAPTISTE,3-Ethyltoluene,1996-06-20T00:00,0.465,µg/m³,VOC,N/A
50103,MONTRÉAL-SAINT-JEAN-BAPTISTE,3-Ethyltoluene,1996-06-26T00:00,0.665,µg/m³,VOC,N/A
50103,MONTRÉAL-SAINT-JEAN-BAPTISTE,3-Ethyltoluene,1996-07-02T00:00,0.578,µg/m³,VOC,N/A
50103,MONTRÉAL-SAINT-JEAN-BAPTISTE,3-Ethyltoluene,1996-07-08T00:00,0.962,µg/m³,VOC,N/A
50103,MONTRÉAL-SAINT-JEAN-BAPTISTE,3-Ethyltoluene,1996-07-14T00:00,0.553,µg/m³,VOC,N/A
50103,MONTRÉAL-SAINT-JEAN-BAPTISTE,3-Ethyltoluene,1996-07-20T00:00,0.346,µg/m³,VOC,N/A
50103,MONTRÉAL-SAINT-JEAN-BAPTISTE,3-Ethyltoluene,1996-07-26T00:00,0.846,µg/m³,VOC,N/A
50103,MONTRÉAL-SAINT-JEAN-BAPTISTE,3-Ethyltoluene,1996-08-01T00:00,0.588,µg/m³,VOC,N/A
50103,MONTRÉAL-SAINT-JEAN-BAPTISTE,3-Ethyltoluene,1996-08-07T00:00,1.135,µg/m³,VOC,N/A
50103,MONTRÉAL-SAINT-JEAN-BAPTISTE,3-Ethyltoluene,1996-08-13T00:00,0.616,µg/m³,VOC,N/A
50103,MONTRÉAL-SAINT-JEAN-BAPTISTE,3-Ethyltoluene,1996-08-19T00:00,0.493,µg/m³,VOC,N/A
50103,MONTRÉAL-SAINT-JEAN-BAPTISTE,3-Ethyltoluene,1996-08-25T00:00,0.589,µg/m³,VOC,N/A
50103,MONTRÉAL-SAINT-JEAN-BAPTISTE,3-Ethyltoluene,1996-08-31T00:00,0.939,µg/m³,VOC,N/A
50103,MONTRÉAL-SAINT-JEAN-BAPTISTE,3-Ethyltoluene,1996-09-06T00:00,1.134,µg/m³,VOC,N/A
50103,MONTRÉAL-SAINT-JEAN-BAPTISTE,3-Ethyltoluene,1996-09-18T00:00,0.667,µg/m³,VOC,N/A
50103,MONTRÉAL-SAINT-JEAN-BAPTISTE,3-Ethyltoluene,1996-09-24T00:00,1.609,µg/m³,VOC,N/A
50103,MONTRÉAL-SAINT-JEAN-BAPTISTE,3-Ethyltoluene,1996-09-30T00:00,1.015,µg/m³,VOC,N/A
50103,MONTRÉAL-SAINT-JEAN-BAPTISTE,3-Ethyltoluene,1996-10-06T00:00,0.473,µg/m³,VOC,N/A
50103,MONTRÉAL-SAINT-JEAN-BAPTISTE,3-Ethyltoluene,1996-10-12T00:00,0.995,µg/m³,VOC,N/A
50103,MONTRÉAL-SAINT-JEAN-BAPTISTE,3-Ethyltoluene,1996-10-18T00:00,0.456,µg/m³,VOC,N/A
50103,MONTRÉAL-SAINT-JEAN-BAPTISTE,3-Ethyltoluene,1996-10-24T00:00,0.911,µg/m³,VOC,N/A
50103,MONTRÉAL-SAINT-JEAN-BAPTISTE,3-Ethyltoluene,1996-10-30T00:00,0.530,µg/m³,VOC,N/A
50103,MONTRÉAL-SAINT-JEAN-BAPTISTE,3-Ethyltoluene,1996-11-17T00:00,0.960,µg/m³,VOC,N/A
50103,MONTRÉAL-SAINT-JEAN-BAPTISTE,3-Ethyltoluene,1996-11-23T00:00,0.813,µg/m³,VOC,N/A
50103,MONTRÉAL-SAINT-JEAN-BAPTISTE,3-Ethyltoluene,1996-11-29T00:00,0.896,µg/m³,VOC,N/A
50103,MONTRÉAL-SAINT-JEAN-BAPTISTE,3-Ethyltoluene,1996-12-05T00:00,0.333,µg/m³,VOC,N/A
50103,MONTRÉAL-SAINT-JEAN-BAPTISTE,3-Ethyltoluene,1996-12-11T00:00,0.420,µg/m³,VOC,N/A
50103,MONTRÉAL-SAINT-JEAN-BAPTISTE,3-Ethyltoluene,1996-12-17T00:00,0.660,µg/m³,VOC,N/A
50103,MONTRÉAL-SAINT-JEAN-BAPTISTE,3-Ethyltoluene,1996-12-23T00:00,0.500,µg/m³,VOC,N/A
50103,MONTRÉAL-SAINT-JEAN-BAPTISTE,3-Ethyltoluene,1996-12-29T00:00,1.740,µg/m³,VOC,N/A
