﻿NAPS_Site_ID,Station_Name,Pollutant,Date,Value,Units,Report_Type,Method
100128,RICHMOND SOUTH,"1,1,2,2-Tetrachloroethane",1991-01-24T00:00,0.215,µg/m³,VOC,N/A
100128,RICHMOND SOUTH,"1,1,2,2-Tetrachloroethane",1991-03-25T00:00,0.000,µg/m³,VOC,N/A
100128,RICHMOND SOUTH,"1,1,2,2-Tetrachloroethane",1991-05-24T00:00,0.000,µg/m³,VOC,N/A
100128,RICHMOND SOUTH,"1,1,2,2-Tetrachloroethane",1991-06-23T00:00,0.000,µg/m³,VOC,N/A
100128,RICHMOND SOUTH,"1,1,2,2-Tetrachloroethane",1991-07-29T00:00,0.212,µg/m³,VOC,N/A
100128,RICHMOND SOUTH,"1,1,2,2-Tetrachloroethane",1991-09-03T00:00,0.124,µg/m³,VOC,N/A
100128,RICHMOND SOUTH,"1,1,2,2-Tetrachloroethane",1991-10-03T00:00,0.000,µg/m³,VOC,N/A
