﻿NAPS_Site_ID,Station_Name,Pollutant,Date,Value,Units,Report_Type,Method
50124,MONTRÉAL-CHATEAUNEUF-ANJOU,Potassium,2006-01-05T00:00,0.030,µg/m³,DICHOT,EDXRF
50124,MONTRÉAL-CHATEAUNEUF-ANJOU,Potassium,2006-01-05T00:00,0.095,µg/m³,DICHOT,EDXRF
50124,MONTRÉAL-CHATEAUNEUF-ANJOU,Potassium,2006-01-11T00:00,0.030,µg/m³,DICHOT,EDXRF
50124,MONTRÉAL-CHATEAUNEUF-ANJOU,Potassium,2006-01-11T00:00,0.126,µg/m³,DICHOT,EDXRF
50124,MONTRÉAL-CHATEAUNEUF-ANJOU,Potassium,2006-01-29T00:00,0.028,µg/m³,DICHOT,EDXRF
50124,MONTRÉAL-CHATEAUNEUF-ANJOU,Potassium,2006-01-29T00:00,0.103,µg/m³,DICHOT,EDXRF
50124,MONTRÉAL-CHATEAUNEUF-ANJOU,Potassium,2006-02-04T00:00,0.012,µg/m³,DICHOT,EDXRF
50124,MONTRÉAL-CHATEAUNEUF-ANJOU,Potassium,2006-02-04T00:00,0.079,µg/m³,DICHOT,EDXRF
50124,MONTRÉAL-CHATEAUNEUF-ANJOU,Potassium,2006-03-06T00:00,0.084,µg/m³,DICHOT,EDXRF
50124,MONTRÉAL-CHATEAUNEUF-ANJOU,Potassium,2006-03-06T00:00,0.258,µg/m³,DICHOT,EDXRF
50124,MONTRÉAL-CHATEAUNEUF-ANJOU,Potassium,2006-03-12T00:00,0.111,µg/m³,DICHOT,EDXRF
50124,MONTRÉAL-CHATEAUNEUF-ANJOU,Potassium,2006-03-12T00:00,0.119,µg/m³,DICHOT,EDXRF
50124,MONTRÉAL-CHATEAUNEUF-ANJOU,Potassium,2006-03-18T00:00,0.053,µg/m³,DICHOT,EDXRF
50124,MONTRÉAL-CHATEAUNEUF-ANJOU,Potassium,2006-03-18T00:00,0.080,µg/m³,DICHOT,EDXRF
50124,MONTRÉAL-CHATEAUNEUF-ANJOU,Potassium,2006-03-24T00:00,0.092,µg/m³,DICHOT,EDXRF
50124,MONTRÉAL-CHATEAUNEUF-ANJOU,Potassium,2006-03-24T00:00,0.289,µg/m³,DICHOT,EDXRF
50124,MONTRÉAL-CHATEAUNEUF-ANJOU,Potassium,2006-04-05T00:00,0.051,µg/m³,DICHOT,EDXRF
50124,MONTRÉAL-CHATEAUNEUF-ANJOU,Potassium,2006-04-05T00:00,0.111,µg/m³,DICHOT,EDXRF
50124,MONTRÉAL-CHATEAUNEUF-ANJOU,Potassium,2006-04-11T00:00,0.129,µg/m³,DICHOT,EDXRF
50124,MONTRÉAL-CHATEAUNEUF-ANJOU,Potassium,2006-04-11T00:00,0.352,µg/m³,DICHOT,EDXRF
50124,MONTRÉAL-CHATEAUNEUF-ANJOU,Potassium,2006-04-29T00:00,0.062,µg/m³,DICHOT,EDXRF
50124,MONTRÉAL-CHATEAUNEUF-ANJOU,Potassium,2006-04-29T00:00,0.077,µg/m³,DICHOT,EDXRF
50124,MONTRÉAL-CHATEAUNEUF-ANJOU,Potassium,2006-05-05T00:00,0.066,µg/m³,DICHOT,EDXRF
50124,MONTRÉAL-CHATEAUNEUF-ANJOU,Potassium,2006-05-05T00:00,0.122,µg/m³,DICHOT,EDXRF
50124,MONTRÉAL-CHATEAUNEUF-ANJOU,Potassium,2006-05-11T00:00,0.028,µg/m³,DICHOT,EDXRF
50124,MONTRÉAL-CHATEAUNEUF-ANJOU,Potassium,2006-05-11T00:00,0.097,µg/m³,DICHOT,EDXRF
50124,MONTRÉAL-CHATEAUNEUF-ANJOU,Potassium,2006-05-17T00:00,0.026,µg/m³,DICHOT,EDXRF
50124,MONTRÉAL-CHATEAUNEUF-ANJOU,Potassium,2006-05-17T00:00,0.065,µg/m³,DICHOT,EDXRF
50124,MONTRÉAL-CHATEAUNEUF-ANJOU,Potassium,2006-06-04T00:00,0.038,µg/m³,DICHOT,EDXRF
50124,MONTRÉAL-CHATEAUNEUF-ANJOU,Potassium,2006-06-04T00:00,0.050,µg/m³,DICHOT,EDXRF
50124,MONTRÉAL-CHATEAUNEUF-ANJOU,Potassium,2006-06-10T00:00,0.015,µg/m³,DICHOT,EDXRF
50124,MONTRÉAL-CHATEAUNEUF-ANJOU,Potassium,2006-06-10T00:00,0.051,µg/m³,DICHOT,EDXRF
50124,MONTRÉAL-CHATEAUNEUF-ANJOU,Potassium,2006-06-16T00:00,0.045,µg/m³,DICHOT,EDXRF
50124,MONTRÉAL-CHATEAUNEUF-ANJOU,Potassium,2006-06-16T00:00,0.216,µg/m³,DICHOT,EDXRF
50124,MONTRÉAL-CHATEAUNEUF-ANJOU,Potassium,2006-06-22T00:00,0.077,µg/m³,DICHOT,EDXRF
50124,MONTRÉAL-CHATEAUNEUF-ANJOU,Potassium,2006-06-22T00:00,0.206,µg/m³,DICHOT,EDXRF
50124,MONTRÉAL-CHATEAUNEUF-ANJOU,Potassium,2006-06-28T00:00,0.053,µg/m³,DICHOT,EDXRF
50124,MONTRÉAL-CHATEAUNEUF-ANJOU,Potassium,2006-06-28T00:00,0.113,µg/m³,DICHOT,EDXRF
50124,MONTRÉAL-CHATEAUNEUF-ANJOU,Potassium,2006-07-04T00:00,0.160,µg/m³,DICHOT,EDXRF
50124,MONTRÉAL-CHATEAUNEUF-ANJOU,Potassium,2006-07-04T00:00,0.178,µg/m³,DICHOT,EDXRF
50124,MONTRÉAL-CHATEAUNEUF-ANJOU,Potassium,2006-07-16T00:00,0.053,µg/m³,DICHOT,EDXRF
50124,MONTRÉAL-CHATEAUNEUF-ANJOU,Potassium,2006-07-16T00:00,0.092,µg/m³,DICHOT,EDXRF
50124,MONTRÉAL-CHATEAUNEUF-ANJOU,Potassium,2006-07-22T00:00,0.045,µg/m³,DICHOT,EDXRF
50124,MONTRÉAL-CHATEAUNEUF-ANJOU,Potassium,2006-07-22T00:00,0.088,µg/m³,DICHOT,EDXRF
50124,MONTRÉAL-CHATEAUNEUF-ANJOU,Potassium,2006-07-28T00:00,0.043,µg/m³,DICHOT,EDXRF
50124,MONTRÉAL-CHATEAUNEUF-ANJOU,Potassium,2006-07-28T00:00,0.136,µg/m³,DICHOT,EDXRF
50124,MONTRÉAL-CHATEAUNEUF-ANJOU,Potassium,2006-08-03T00:00,0.061,µg/m³,DICHOT,EDXRF
50124,MONTRÉAL-CHATEAUNEUF-ANJOU,Potassium,2006-08-03T00:00,0.099,µg/m³,DICHOT,EDXRF
50124,MONTRÉAL-CHATEAUNEUF-ANJOU,Potassium,2006-08-09T00:00,0.100,µg/m³,DICHOT,EDXRF
50124,MONTRÉAL-CHATEAUNEUF-ANJOU,Potassium,2006-08-09T00:00,0.131,µg/m³,DICHOT,EDXRF
50124,MONTRÉAL-CHATEAUNEUF-ANJOU,Potassium,2006-08-15T00:00,0.023,µg/m³,DICHOT,EDXRF
50124,MONTRÉAL-CHATEAUNEUF-ANJOU,Potassium,2006-08-15T00:00,0.136,µg/m³,DICHOT,EDXRF
50124,MONTRÉAL-CHATEAUNEUF-ANJOU,Potassium,2006-08-21T00:00,0.028,µg/m³,DICHOT,EDXRF
50124,MONTRÉAL-CHATEAUNEUF-ANJOU,Potassium,2006-08-21T00:00,0.095,µg/m³,DICHOT,EDXRF
50124,MONTRÉAL-CHATEAUNEUF-ANJOU,Potassium,2006-09-02T00:00,0.044,µg/m³,DICHOT,EDXRF
50124,MONTRÉAL-CHATEAUNEUF-ANJOU,Potassium,2006-09-02T00:00,0.086,µg/m³,DICHOT,EDXRF
50124,MONTRÉAL-CHATEAUNEUF-ANJOU,Potassium,2006-09-08T00:00,0.057,µg/m³,DICHOT,EDXRF
50124,MONTRÉAL-CHATEAUNEUF-ANJOU,Potassium,2006-09-08T00:00,0.183,µg/m³,DICHOT,EDXRF
50124,MONTRÉAL-CHATEAUNEUF-ANJOU,Potassium,2006-09-14T00:00,0.098,µg/m³,DICHOT,EDXRF
50124,MONTRÉAL-CHATEAUNEUF-ANJOU,Potassium,2006-09-14T00:00,0.153,µg/m³,DICHOT,EDXRF
50124,MONTRÉAL-CHATEAUNEUF-ANJOU,Potassium,2006-09-20T00:00,0.055,µg/m³,DICHOT,EDXRF
50124,MONTRÉAL-CHATEAUNEUF-ANJOU,Potassium,2006-09-20T00:00,0.127,µg/m³,DICHOT,EDXRF
50124,MONTRÉAL-CHATEAUNEUF-ANJOU,Potassium,2006-09-26T00:00,0.029,µg/m³,DICHOT,EDXRF
50124,MONTRÉAL-CHATEAUNEUF-ANJOU,Potassium,2006-09-26T00:00,0.073,µg/m³,DICHOT,EDXRF
50124,MONTRÉAL-CHATEAUNEUF-ANJOU,Potassium,2006-10-02T00:00,0.047,µg/m³,DICHOT,EDXRF
50124,MONTRÉAL-CHATEAUNEUF-ANJOU,Potassium,2006-10-02T00:00,0.147,µg/m³,DICHOT,EDXRF
50124,MONTRÉAL-CHATEAUNEUF-ANJOU,Potassium,2006-10-08T00:00,0.073,µg/m³,DICHOT,EDXRF
50124,MONTRÉAL-CHATEAUNEUF-ANJOU,Potassium,2006-10-08T00:00,0.087,µg/m³,DICHOT,EDXRF
50124,MONTRÉAL-CHATEAUNEUF-ANJOU,Potassium,2006-10-14T00:00,0.046,µg/m³,DICHOT,EDXRF
50124,MONTRÉAL-CHATEAUNEUF-ANJOU,Potassium,2006-10-14T00:00,0.054,µg/m³,DICHOT,EDXRF
50124,MONTRÉAL-CHATEAUNEUF-ANJOU,Potassium,2006-10-20T00:00,0.039,µg/m³,DICHOT,EDXRF
50124,MONTRÉAL-CHATEAUNEUF-ANJOU,Potassium,2006-10-20T00:00,0.041,µg/m³,DICHOT,EDXRF
50124,MONTRÉAL-CHATEAUNEUF-ANJOU,Potassium,2006-10-26T00:00,0.058,µg/m³,DICHOT,EDXRF
50124,MONTRÉAL-CHATEAUNEUF-ANJOU,Potassium,2006-10-26T00:00,0.113,µg/m³,DICHOT,EDXRF
50124,MONTRÉAL-CHATEAUNEUF-ANJOU,Potassium,2006-11-01T00:00,0.065,µg/m³,DICHOT,EDXRF
50124,MONTRÉAL-CHATEAUNEUF-ANJOU,Potassium,2006-11-01T00:00,0.111,µg/m³,DICHOT,EDXRF
50124,MONTRÉAL-CHATEAUNEUF-ANJOU,Potassium,2006-11-07T00:00,0.183,µg/m³,DICHOT,EDXRF
50124,MONTRÉAL-CHATEAUNEUF-ANJOU,Potassium,2006-11-07T00:00,0.288,µg/m³,DICHOT,EDXRF
50124,MONTRÉAL-CHATEAUNEUF-ANJOU,Potassium,2006-11-13T00:00,0.033,µg/m³,DICHOT,EDXRF
50124,MONTRÉAL-CHATEAUNEUF-ANJOU,Potassium,2006-11-13T00:00,0.047,µg/m³,DICHOT,EDXRF
50124,MONTRÉAL-CHATEAUNEUF-ANJOU,Potassium,2006-11-19T00:00,0.019,µg/m³,DICHOT,EDXRF
50124,MONTRÉAL-CHATEAUNEUF-ANJOU,Potassium,2006-11-19T00:00,0.032,µg/m³,DICHOT,EDXRF
50124,MONTRÉAL-CHATEAUNEUF-ANJOU,Potassium,2006-11-25T00:00,0.187,µg/m³,DICHOT,EDXRF
50124,MONTRÉAL-CHATEAUNEUF-ANJOU,Potassium,2006-11-25T00:00,0.188,µg/m³,DICHOT,EDXRF
50124,MONTRÉAL-CHATEAUNEUF-ANJOU,Potassium,2006-12-01T00:00,0.012,µg/m³,DICHOT,EDXRF
50124,MONTRÉAL-CHATEAUNEUF-ANJOU,Potassium,2006-12-01T00:00,0.047,µg/m³,DICHOT,EDXRF
50124,MONTRÉAL-CHATEAUNEUF-ANJOU,Potassium,2006-12-07T00:00,0.085,µg/m³,DICHOT,EDXRF
50124,MONTRÉAL-CHATEAUNEUF-ANJOU,Potassium,2006-12-07T00:00,0.133,µg/m³,DICHOT,EDXRF
50124,MONTRÉAL-CHATEAUNEUF-ANJOU,Potassium,2006-12-13T00:00,0.053,µg/m³,DICHOT,EDXRF
50124,MONTRÉAL-CHATEAUNEUF-ANJOU,Potassium,2006-12-13T00:00,0.066,µg/m³,DICHOT,EDXRF
50124,MONTRÉAL-CHATEAUNEUF-ANJOU,Potassium,2006-12-19T00:00,0.063,µg/m³,DICHOT,EDXRF
50124,MONTRÉAL-CHATEAUNEUF-ANJOU,Potassium,2006-12-19T00:00,0.110,µg/m³,DICHOT,EDXRF
50124,MONTRÉAL-CHATEAUNEUF-ANJOU,Potassium,2006-12-25T00:00,0.039,µg/m³,DICHOT,EDXRF
50124,MONTRÉAL-CHATEAUNEUF-ANJOU,Potassium,2006-12-25T00:00,0.042,µg/m³,DICHOT,EDXRF
50124,MONTRÉAL-CHATEAUNEUF-ANJOU,Potassium,2006-12-31T00:00,0.014,µg/m³,DICHOT,EDXRF
50124,MONTRÉAL-CHATEAUNEUF-ANJOU,Potassium,2006-12-31T00:00,0.084,µg/m³,DICHOT,EDXRF
