﻿NAPS_Site_ID,Station_Name,Pollutant,Date,Value,Units,Report_Type,Method
61901,WALPOLE ISLAND,o-Xylene,1994-01-08T00:00,0.540,µg/m³,VOC,GC-MS
61901,WALPOLE ISLAND,o-Xylene,1994-01-26T00:00,0.406,µg/m³,VOC,GC-MS
61901,WALPOLE ISLAND,o-Xylene,1994-02-01T00:00,0.314,µg/m³,VOC,GC-MS
61901,WALPOLE ISLAND,o-Xylene,1994-02-07T00:00,0.122,µg/m³,VOC,GC-MS
61901,WALPOLE ISLAND,o-Xylene,1994-02-13T00:00,0.243,µg/m³,VOC,GC-MS
61901,WALPOLE ISLAND,o-Xylene,1994-02-19T00:00,0.306,µg/m³,VOC,GC-MS
61901,WALPOLE ISLAND,o-Xylene,1994-02-25T00:00,0.092,µg/m³,VOC,GC-MS
61901,WALPOLE ISLAND,o-Xylene,1994-03-03T00:00,0.541,µg/m³,VOC,GC-MS
61901,WALPOLE ISLAND,o-Xylene,1994-03-09T00:00,0.188,µg/m³,VOC,GC-MS
61901,WALPOLE ISLAND,o-Xylene,1994-03-15T00:00,0.262,µg/m³,VOC,GC-MS
61901,WALPOLE ISLAND,o-Xylene,1994-03-21T00:00,0.246,µg/m³,VOC,GC-MS
61901,WALPOLE ISLAND,o-Xylene,1994-03-27T00:00,0.141,µg/m³,VOC,GC-MS
61901,WALPOLE ISLAND,o-Xylene,1994-04-02T00:00,0.151,µg/m³,VOC,GC-MS
61901,WALPOLE ISLAND,o-Xylene,1994-04-08T00:00,0.216,µg/m³,VOC,GC-MS
61901,WALPOLE ISLAND,o-Xylene,1994-04-14T00:00,0.143,µg/m³,VOC,GC-MS
61901,WALPOLE ISLAND,o-Xylene,1994-04-20T00:00,0.153,µg/m³,VOC,GC-MS
61901,WALPOLE ISLAND,o-Xylene,1994-04-26T00:00,0.198,µg/m³,VOC,GC-MS
61901,WALPOLE ISLAND,o-Xylene,1994-05-02T00:00,0.118,µg/m³,VOC,GC-MS
61901,WALPOLE ISLAND,o-Xylene,1994-05-08T00:00,0.131,µg/m³,VOC,GC-MS
61901,WALPOLE ISLAND,o-Xylene,1994-05-14T00:00,0.214,µg/m³,VOC,GC-MS
61901,WALPOLE ISLAND,o-Xylene,1994-05-20T00:00,0.311,µg/m³,VOC,GC-MS
61901,WALPOLE ISLAND,o-Xylene,1994-05-26T00:00,0.702,µg/m³,VOC,GC-MS
61901,WALPOLE ISLAND,o-Xylene,1994-06-01T00:00,0.296,µg/m³,VOC,GC-MS
61901,WALPOLE ISLAND,o-Xylene,1994-06-07T00:00,0.130,µg/m³,VOC,GC-MS
61901,WALPOLE ISLAND,o-Xylene,1994-06-13T00:00,0.136,µg/m³,VOC,GC-MS
61901,WALPOLE ISLAND,o-Xylene,1994-06-19T00:00,0.072,µg/m³,VOC,GC-MS
61901,WALPOLE ISLAND,o-Xylene,1994-06-25T00:00,0.176,µg/m³,VOC,GC-MS
61901,WALPOLE ISLAND,o-Xylene,1994-07-01T00:00,0.156,µg/m³,VOC,GC-MS
61901,WALPOLE ISLAND,o-Xylene,1994-07-19T00:00,0.398,µg/m³,VOC,GC-MS
61901,WALPOLE ISLAND,o-Xylene,1994-07-25T00:00,0.355,µg/m³,VOC,GC-MS
61901,WALPOLE ISLAND,o-Xylene,1994-07-31T00:00,0.091,µg/m³,VOC,GC-MS
61901,WALPOLE ISLAND,o-Xylene,1994-08-06T00:00,0.117,µg/m³,VOC,GC-MS
61901,WALPOLE ISLAND,o-Xylene,1994-08-12T00:00,0.233,µg/m³,VOC,GC-MS
61901,WALPOLE ISLAND,o-Xylene,1994-08-18T00:00,0.252,µg/m³,VOC,GC-MS
61901,WALPOLE ISLAND,o-Xylene,1994-09-05T00:00,0.102,µg/m³,VOC,GC-MS
61901,WALPOLE ISLAND,o-Xylene,1994-09-17T00:00,0.152,µg/m³,VOC,GC-MS
61901,WALPOLE ISLAND,o-Xylene,1994-09-23T00:00,1.061,µg/m³,VOC,GC-MS
61901,WALPOLE ISLAND,o-Xylene,1994-09-29T00:00,0.093,µg/m³,VOC,GC-MS
61901,WALPOLE ISLAND,o-Xylene,1994-10-11T00:00,0.116,µg/m³,VOC,GC-MS
61901,WALPOLE ISLAND,o-Xylene,1994-10-17T00:00,0.246,µg/m³,VOC,GC-MS
61901,WALPOLE ISLAND,o-Xylene,1994-10-29T00:00,0.311,µg/m³,VOC,GC-MS
61901,WALPOLE ISLAND,o-Xylene,1994-11-04T00:00,0.188,µg/m³,VOC,GC-MS
61901,WALPOLE ISLAND,o-Xylene,1994-11-10T00:00,0.335,µg/m³,VOC,GC-MS
61901,WALPOLE ISLAND,o-Xylene,1994-11-16T00:00,0.149,µg/m³,VOC,GC-MS
61901,WALPOLE ISLAND,o-Xylene,1994-11-22T00:00,0.082,µg/m³,VOC,GC-MS
61901,WALPOLE ISLAND,o-Xylene,1994-11-28T00:00,0.089,µg/m³,VOC,GC-MS
61901,WALPOLE ISLAND,o-Xylene,1994-12-04T00:00,0.287,µg/m³,VOC,GC-MS
61901,WALPOLE ISLAND,o-Xylene,1994-12-22T00:00,1.039,µg/m³,VOC,GC-MS
61901,WALPOLE ISLAND,o-Xylene,1994-12-28T00:00,0.274,µg/m³,VOC,GC-MS
