﻿NAPS_Site_ID,Station_Name,Pollutant,Date,Value,Units,Report_Type,Method
100111,ROCKY POINT PARK,2-Methylhexane,2004-01-04T00:00,0.899,µg/m³,VOC,
100111,ROCKY POINT PARK,2-Methylhexane,2004-01-10T00:00,1.801,µg/m³,VOC,
100111,ROCKY POINT PARK,2-Methylhexane,2004-01-16T00:00,1.328,µg/m³,VOC,
100111,ROCKY POINT PARK,2-Methylhexane,2004-01-22T00:00,0.766,µg/m³,VOC,
100111,ROCKY POINT PARK,2-Methylhexane,2004-01-28T00:00,0.804,µg/m³,VOC,
100111,ROCKY POINT PARK,2-Methylhexane,2004-02-03T00:00,0.958,µg/m³,VOC,
100111,ROCKY POINT PARK,2-Methylhexane,2004-02-09T00:00,1.021,µg/m³,VOC,
100111,ROCKY POINT PARK,2-Methylhexane,2004-02-27T00:00,0.931,µg/m³,VOC,
100111,ROCKY POINT PARK,2-Methylhexane,2004-03-16T00:00,0.480,µg/m³,VOC,
100111,ROCKY POINT PARK,2-Methylhexane,2004-03-28T00:00,0.587,µg/m³,VOC,
100111,ROCKY POINT PARK,2-Methylhexane,2004-04-03T00:00,1.751,µg/m³,VOC,
100111,ROCKY POINT PARK,2-Methylhexane,2004-04-09T00:00,1.544,µg/m³,VOC,
100111,ROCKY POINT PARK,2-Methylhexane,2004-04-15T00:00,0.246,µg/m³,VOC,
100111,ROCKY POINT PARK,2-Methylhexane,2004-04-21T00:00,0.745,µg/m³,VOC,
100111,ROCKY POINT PARK,2-Methylhexane,2004-04-27T00:00,0.366,µg/m³,VOC,
100111,ROCKY POINT PARK,2-Methylhexane,2004-05-03T00:00,0.243,µg/m³,VOC,
100111,ROCKY POINT PARK,2-Methylhexane,2004-05-09T00:00,0.321,µg/m³,VOC,
100111,ROCKY POINT PARK,2-Methylhexane,2004-05-15T00:00,0.321,µg/m³,VOC,
100111,ROCKY POINT PARK,2-Methylhexane,2004-05-21T00:00,0.181,µg/m³,VOC,
100111,ROCKY POINT PARK,2-Methylhexane,2004-05-27T00:00,0.315,µg/m³,VOC,
100111,ROCKY POINT PARK,2-Methylhexane,2004-06-02T00:00,0.560,µg/m³,VOC,
100111,ROCKY POINT PARK,2-Methylhexane,2004-06-08T00:00,0.946,µg/m³,VOC,
100111,ROCKY POINT PARK,2-Methylhexane,2004-06-14T00:00,0.242,µg/m³,VOC,
100111,ROCKY POINT PARK,2-Methylhexane,2004-06-20T00:00,1.520,µg/m³,VOC,
100111,ROCKY POINT PARK,2-Methylhexane,2004-06-26T00:00,0.306,µg/m³,VOC,
100111,ROCKY POINT PARK,2-Methylhexane,2004-07-02T00:00,0.200,µg/m³,VOC,
100111,ROCKY POINT PARK,2-Methylhexane,2004-07-08T00:00,0.294,µg/m³,VOC,
100111,ROCKY POINT PARK,2-Methylhexane,2004-07-14T00:00,0.878,µg/m³,VOC,
100111,ROCKY POINT PARK,2-Methylhexane,2004-07-20T00:00,0.315,µg/m³,VOC,
100111,ROCKY POINT PARK,2-Methylhexane,2004-07-26T00:00,0.489,µg/m³,VOC,
100111,ROCKY POINT PARK,2-Methylhexane,2004-08-01T00:00,1.223,µg/m³,VOC,
100111,ROCKY POINT PARK,2-Methylhexane,2004-08-07T00:00,0.709,µg/m³,VOC,
100111,ROCKY POINT PARK,2-Methylhexane,2004-08-13T00:00,1.128,µg/m³,VOC,
100111,ROCKY POINT PARK,2-Methylhexane,2004-08-19T00:00,0.941,µg/m³,VOC,
100111,ROCKY POINT PARK,2-Methylhexane,2004-08-25T00:00,0.219,µg/m³,VOC,
100111,ROCKY POINT PARK,2-Methylhexane,2004-08-31T00:00,0.686,µg/m³,VOC,
100111,ROCKY POINT PARK,2-Methylhexane,2004-09-06T00:00,1.151,µg/m³,VOC,
100111,ROCKY POINT PARK,2-Methylhexane,2004-09-12T00:00,0.331,µg/m³,VOC,
100111,ROCKY POINT PARK,2-Methylhexane,2004-09-18T00:00,0.222,µg/m³,VOC,
100111,ROCKY POINT PARK,2-Methylhexane,2004-09-24T00:00,0.962,µg/m³,VOC,
100111,ROCKY POINT PARK,2-Methylhexane,2004-09-30T00:00,1.064,µg/m³,VOC,
100111,ROCKY POINT PARK,2-Methylhexane,2004-10-06T00:00,0.351,µg/m³,VOC,
100111,ROCKY POINT PARK,2-Methylhexane,2004-10-18T00:00,0.317,µg/m³,VOC,
100111,ROCKY POINT PARK,2-Methylhexane,2004-10-24T00:00,0.365,µg/m³,VOC,
100111,ROCKY POINT PARK,2-Methylhexane,2004-10-30T00:00,0.279,µg/m³,VOC,
100111,ROCKY POINT PARK,2-Methylhexane,2004-11-11T00:00,1.850,µg/m³,VOC,
100111,ROCKY POINT PARK,2-Methylhexane,2004-11-17T00:00,0.691,µg/m³,VOC,
100111,ROCKY POINT PARK,2-Methylhexane,2004-11-23T00:00,0.740,µg/m³,VOC,
100111,ROCKY POINT PARK,2-Methylhexane,2004-11-29T00:00,0.634,µg/m³,VOC,
100111,ROCKY POINT PARK,2-Methylhexane,2004-12-05T00:00,0.523,µg/m³,VOC,
100111,ROCKY POINT PARK,2-Methylhexane,2004-12-11T00:00,0.689,µg/m³,VOC,
100111,ROCKY POINT PARK,2-Methylhexane,2004-12-17T00:00,2.237,µg/m³,VOC,
100111,ROCKY POINT PARK,2-Methylhexane,2004-12-23T00:00,1.985,µg/m³,VOC,
100111,ROCKY POINT PARK,2-Methylhexane,2004-12-29T00:00,1.356,µg/m³,VOC,
