﻿NAPS_Site_ID,Station_Name,Pollutant,Date,Value,Units,Report_Type,Method
90140,EDMONTON MCCAULEY,2-Methylheptane,2021-02-27T00:00,0.097,µg/m³,VOC,GC-MS
90140,EDMONTON MCCAULEY,2-Methylheptane,2021-03-05T00:00,0.134,µg/m³,VOC,GC-MS
90140,EDMONTON MCCAULEY,2-Methylheptane,2021-03-11T00:00,0.076,µg/m³,VOC,GC-MS
90140,EDMONTON MCCAULEY,2-Methylheptane,2021-03-17T00:00,0.062,µg/m³,VOC,GC-MS
90140,EDMONTON MCCAULEY,2-Methylheptane,2021-03-23T00:00,0.053,µg/m³,VOC,GC-MS
90140,EDMONTON MCCAULEY,2-Methylheptane,2021-03-29T00:00,0.020,µg/m³,VOC,GC-MS
90140,EDMONTON MCCAULEY,2-Methylheptane,2021-04-04T00:00,0.041,µg/m³,VOC,GC-MS
90140,EDMONTON MCCAULEY,2-Methylheptane,2021-04-10T00:00,0.042,µg/m³,VOC,GC-MS
90140,EDMONTON MCCAULEY,2-Methylheptane,2021-04-16T00:00,0.113,µg/m³,VOC,GC-MS
90140,EDMONTON MCCAULEY,2-Methylheptane,2021-04-22T00:00,0.023,µg/m³,VOC,GC-MS
90140,EDMONTON MCCAULEY,2-Methylheptane,2021-04-28T00:00,0.045,µg/m³,VOC,GC-MS
90140,EDMONTON MCCAULEY,2-Methylheptane,2021-05-04T00:00,0.092,µg/m³,VOC,GC-MS
90140,EDMONTON MCCAULEY,2-Methylheptane,2021-05-22T00:00,0.019,µg/m³,VOC,GC-MS
90140,EDMONTON MCCAULEY,2-Methylheptane,2021-05-28T00:00,0.026,µg/m³,VOC,GC-MS
90140,EDMONTON MCCAULEY,2-Methylheptane,2021-06-03T00:00,0.056,µg/m³,VOC,GC-MS
90140,EDMONTON MCCAULEY,2-Methylheptane,2021-06-09T00:00,0.062,µg/m³,VOC,GC-MS
90140,EDMONTON MCCAULEY,2-Methylheptane,2021-06-21T00:00,0.049,µg/m³,VOC,GC-MS
90140,EDMONTON MCCAULEY,2-Methylheptane,2021-06-27T00:00,0.087,µg/m³,VOC,GC-MS
90140,EDMONTON MCCAULEY,2-Methylheptane,2021-07-03T00:00,0.038,µg/m³,VOC,GC-MS
90140,EDMONTON MCCAULEY,2-Methylheptane,2021-07-09T00:00,0.059,µg/m³,VOC,GC-MS
90140,EDMONTON MCCAULEY,2-Methylheptane,2021-07-15T00:00,0.053,µg/m³,VOC,GC-MS
90140,EDMONTON MCCAULEY,2-Methylheptane,2021-07-21T00:00,0.028,µg/m³,VOC,GC-MS
90140,EDMONTON MCCAULEY,2-Methylheptane,2021-07-27T00:00,0.022,µg/m³,VOC,GC-MS
90140,EDMONTON MCCAULEY,2-Methylheptane,2021-08-02T00:00,0.126,µg/m³,VOC,GC-MS
90140,EDMONTON MCCAULEY,2-Methylheptane,2021-08-08T00:00,0.044,µg/m³,VOC,GC-MS
90140,EDMONTON MCCAULEY,2-Methylheptane,2021-08-14T00:00,0.061,µg/m³,VOC,GC-MS
90140,EDMONTON MCCAULEY,2-Methylheptane,2021-08-20T00:00,0.037,µg/m³,VOC,GC-MS
90140,EDMONTON MCCAULEY,2-Methylheptane,2021-08-26T00:00,0.058,µg/m³,VOC,GC-MS
90140,EDMONTON MCCAULEY,2-Methylheptane,2021-09-01T00:00,0.039,µg/m³,VOC,GC-MS
90140,EDMONTON MCCAULEY,2-Methylheptane,2021-09-07T00:00,0.066,µg/m³,VOC,GC-MS
90140,EDMONTON MCCAULEY,2-Methylheptane,2021-09-13T00:00,0.055,µg/m³,VOC,GC-MS
90140,EDMONTON MCCAULEY,2-Methylheptane,2021-09-19T00:00,0.020,µg/m³,VOC,GC-MS
90140,EDMONTON MCCAULEY,2-Methylheptane,2021-09-25T00:00,0.094,µg/m³,VOC,GC-MS
90140,EDMONTON MCCAULEY,2-Methylheptane,2021-10-01T00:00,0.029,µg/m³,VOC,GC-MS
90140,EDMONTON MCCAULEY,2-Methylheptane,2021-10-07T00:00,0.078,µg/m³,VOC,GC-MS
90140,EDMONTON MCCAULEY,2-Methylheptane,2021-10-13T00:00,0.035,µg/m³,VOC,GC-MS
90140,EDMONTON MCCAULEY,2-Methylheptane,2021-10-19T00:00,0.016,µg/m³,VOC,GC-MS
90140,EDMONTON MCCAULEY,2-Methylheptane,2021-10-25T00:00,0.068,µg/m³,VOC,GC-MS
90140,EDMONTON MCCAULEY,2-Methylheptane,2021-10-31T00:00,0.053,µg/m³,VOC,GC-MS
90140,EDMONTON MCCAULEY,2-Methylheptane,2021-11-06T00:00,0.046,µg/m³,VOC,GC-MS
90140,EDMONTON MCCAULEY,2-Methylheptane,2021-11-12T00:00,0.051,µg/m³,VOC,GC-MS
90140,EDMONTON MCCAULEY,2-Methylheptane,2021-11-18T00:00,0.120,µg/m³,VOC,GC-MS
90140,EDMONTON MCCAULEY,2-Methylheptane,2021-11-24T00:00,0.087,µg/m³,VOC,GC-MS
90140,EDMONTON MCCAULEY,2-Methylheptane,2021-11-30T00:00,0.100,µg/m³,VOC,GC-MS
90140,EDMONTON MCCAULEY,2-Methylheptane,2021-12-06T00:00,0.079,µg/m³,VOC,GC-MS
90140,EDMONTON MCCAULEY,2-Methylheptane,2021-12-12T00:00,0.106,µg/m³,VOC,GC-MS
90140,EDMONTON MCCAULEY,2-Methylheptane,2021-12-18T00:00,0.109,µg/m³,VOC,GC-MS
90140,EDMONTON MCCAULEY,2-Methylheptane,2021-12-24T00:00,0.042,µg/m³,VOC,GC-MS
