﻿NAPS_Site_ID,Station_Name,Pollutant,Date,Value,Units,Report_Type,Method
100118,KITSILANO,"Benzo(g,h,i)Fluoranthene",1997-01-10T00:00,0.000,µg/m³,PAH,GC-MS
100118,KITSILANO,"Benzo(g,h,i)Fluoranthene",1997-02-27T00:00,0.000,µg/m³,PAH,GC-MS
100118,KITSILANO,"Benzo(g,h,i)Fluoranthene",1997-03-05T00:00,0.000,µg/m³,PAH,GC-MS
100118,KITSILANO,"Benzo(g,h,i)Fluoranthene",1997-04-16T00:00,0.000,µg/m³,PAH,GC-MS
100118,KITSILANO,"Benzo(g,h,i)Fluoranthene",1997-05-10T00:00,0.000,µg/m³,PAH,GC-MS
100118,KITSILANO,"Benzo(g,h,i)Fluoranthene",1997-06-03T00:00,0.000,µg/m³,PAH,GC-MS
