﻿NAPS_Site_ID,Station_Name,Pollutant,Date,Value,Units,Report_Type,Method
100111,ROCKY POINT PARK,3-Methyl-1-Butene,2007-01-06T00:00,0.053,µg/m³,VOC,N/A
100111,ROCKY POINT PARK,3-Methyl-1-Butene,2007-01-12T00:00,0.081,µg/m³,VOC,N/A
100111,ROCKY POINT PARK,3-Methyl-1-Butene,2007-01-18T00:00,0.094,µg/m³,VOC,N/A
100111,ROCKY POINT PARK,3-Methyl-1-Butene,2007-01-24T00:00,0.107,µg/m³,VOC,N/A
100111,ROCKY POINT PARK,3-Methyl-1-Butene,2007-01-30T00:00,0.157,µg/m³,VOC,N/A
100111,ROCKY POINT PARK,3-Methyl-1-Butene,2007-02-11T00:00,0.040,µg/m³,VOC,N/A
100111,ROCKY POINT PARK,3-Methyl-1-Butene,2007-02-17T00:00,0.046,µg/m³,VOC,N/A
100111,ROCKY POINT PARK,3-Methyl-1-Butene,2007-02-23T00:00,0.029,µg/m³,VOC,N/A
100111,ROCKY POINT PARK,3-Methyl-1-Butene,2007-03-01T00:00,0.041,µg/m³,VOC,N/A
100111,ROCKY POINT PARK,3-Methyl-1-Butene,2007-03-19T00:00,0.037,µg/m³,VOC,N/A
100111,ROCKY POINT PARK,3-Methyl-1-Butene,2007-03-25T00:00,0.018,µg/m³,VOC,N/A
100111,ROCKY POINT PARK,3-Methyl-1-Butene,2007-04-12T00:00,0.037,µg/m³,VOC,N/A
100111,ROCKY POINT PARK,3-Methyl-1-Butene,2007-04-18T00:00,0.064,µg/m³,VOC,N/A
100111,ROCKY POINT PARK,3-Methyl-1-Butene,2007-04-24T00:00,0.028,µg/m³,VOC,N/A
100111,ROCKY POINT PARK,3-Methyl-1-Butene,2007-04-30T00:00,0.016,µg/m³,VOC,N/A
100111,ROCKY POINT PARK,3-Methyl-1-Butene,2007-05-06T00:00,0.024,µg/m³,VOC,N/A
100111,ROCKY POINT PARK,3-Methyl-1-Butene,2007-05-12T00:00,0.118,µg/m³,VOC,N/A
100111,ROCKY POINT PARK,3-Methyl-1-Butene,2007-05-18T00:00,0.042,µg/m³,VOC,N/A
100111,ROCKY POINT PARK,3-Methyl-1-Butene,2007-05-24T00:00,0.056,µg/m³,VOC,N/A
100111,ROCKY POINT PARK,3-Methyl-1-Butene,2007-05-30T00:00,0.107,µg/m³,VOC,N/A
100111,ROCKY POINT PARK,3-Methyl-1-Butene,2007-06-05T00:00,0.033,µg/m³,VOC,N/A
100111,ROCKY POINT PARK,3-Methyl-1-Butene,2007-06-11T00:00,0.015,µg/m³,VOC,N/A
100111,ROCKY POINT PARK,3-Methyl-1-Butene,2007-06-17T00:00,0.025,µg/m³,VOC,N/A
100111,ROCKY POINT PARK,3-Methyl-1-Butene,2007-06-23T00:00,0.032,µg/m³,VOC,N/A
100111,ROCKY POINT PARK,3-Methyl-1-Butene,2007-06-29T00:00,0.015,µg/m³,VOC,N/A
100111,ROCKY POINT PARK,3-Methyl-1-Butene,2007-07-05T00:00,0.107,µg/m³,VOC,N/A
100111,ROCKY POINT PARK,3-Methyl-1-Butene,2007-07-17T00:00,0.068,µg/m³,VOC,N/A
100111,ROCKY POINT PARK,3-Methyl-1-Butene,2007-07-29T00:00,0.055,µg/m³,VOC,N/A
100111,ROCKY POINT PARK,3-Methyl-1-Butene,2007-08-04T00:00,0.101,µg/m³,VOC,N/A
100111,ROCKY POINT PARK,3-Methyl-1-Butene,2007-08-10T00:00,0.044,µg/m³,VOC,N/A
100111,ROCKY POINT PARK,3-Methyl-1-Butene,2007-08-16T00:00,0.028,µg/m³,VOC,N/A
100111,ROCKY POINT PARK,3-Methyl-1-Butene,2007-08-22T00:00,0.146,µg/m³,VOC,N/A
100111,ROCKY POINT PARK,3-Methyl-1-Butene,2007-08-28T00:00,0.101,µg/m³,VOC,N/A
100111,ROCKY POINT PARK,3-Methyl-1-Butene,2007-09-03T00:00,0.121,µg/m³,VOC,N/A
100111,ROCKY POINT PARK,3-Methyl-1-Butene,2007-09-09T00:00,0.091,µg/m³,VOC,N/A
100111,ROCKY POINT PARK,3-Methyl-1-Butene,2007-09-15T00:00,0.025,µg/m³,VOC,N/A
100111,ROCKY POINT PARK,3-Methyl-1-Butene,2007-09-21T00:00,0.054,µg/m³,VOC,N/A
100111,ROCKY POINT PARK,3-Methyl-1-Butene,2007-09-27T00:00,0.075,µg/m³,VOC,N/A
100111,ROCKY POINT PARK,3-Methyl-1-Butene,2007-10-15T00:00,0.107,µg/m³,VOC,N/A
100111,ROCKY POINT PARK,3-Methyl-1-Butene,2007-10-21T00:00,0.018,µg/m³,VOC,N/A
100111,ROCKY POINT PARK,3-Methyl-1-Butene,2007-10-27T00:00,0.145,µg/m³,VOC,N/A
100111,ROCKY POINT PARK,3-Methyl-1-Butene,2007-11-02T00:00,0.063,µg/m³,VOC,N/A
100111,ROCKY POINT PARK,3-Methyl-1-Butene,2007-11-08T00:00,0.056,µg/m³,VOC,N/A
100111,ROCKY POINT PARK,3-Methyl-1-Butene,2007-11-14T00:00,0.075,µg/m³,VOC,N/A
100111,ROCKY POINT PARK,3-Methyl-1-Butene,2007-11-26T00:00,0.095,µg/m³,VOC,N/A
100111,ROCKY POINT PARK,3-Methyl-1-Butene,2007-12-02T00:00,0.089,µg/m³,VOC,N/A
100111,ROCKY POINT PARK,3-Methyl-1-Butene,2007-12-08T00:00,0.315,µg/m³,VOC,N/A
100111,ROCKY POINT PARK,3-Methyl-1-Butene,2007-12-14T00:00,0.064,µg/m³,VOC,N/A
100111,ROCKY POINT PARK,3-Methyl-1-Butene,2007-12-20T00:00,0.080,µg/m³,VOC,N/A
100111,ROCKY POINT PARK,3-Methyl-1-Butene,2007-12-26T00:00,0.030,µg/m³,VOC,N/A
