﻿NAPS_Site_ID,Station_Name,Pollutant,Date,Value,Units,Report_Type,Method
30118,VOGUE BUILDING,tert-Butylbenzene,1997-01-04T00:00,0.000,µg/m³,VOC,GC-MS
30118,VOGUE BUILDING,tert-Butylbenzene,1997-01-10T00:00,0.000,µg/m³,VOC,GC-MS
30118,VOGUE BUILDING,tert-Butylbenzene,1997-01-16T00:00,0.000,µg/m³,VOC,GC-MS
30118,VOGUE BUILDING,tert-Butylbenzene,1997-01-22T00:00,0.000,µg/m³,VOC,GC-MS
30118,VOGUE BUILDING,tert-Butylbenzene,1997-02-03T00:00,0.000,µg/m³,VOC,GC-MS
30118,VOGUE BUILDING,tert-Butylbenzene,1997-02-09T00:00,0.000,µg/m³,VOC,GC-MS
30118,VOGUE BUILDING,tert-Butylbenzene,1997-02-15T00:00,0.000,µg/m³,VOC,GC-MS
30118,VOGUE BUILDING,tert-Butylbenzene,1997-02-21T00:00,0.000,µg/m³,VOC,GC-MS
30118,VOGUE BUILDING,tert-Butylbenzene,1997-02-27T00:00,0.000,µg/m³,VOC,GC-MS
30118,VOGUE BUILDING,tert-Butylbenzene,1997-03-05T00:00,0.000,µg/m³,VOC,GC-MS
30118,VOGUE BUILDING,tert-Butylbenzene,1997-03-11T00:00,0.000,µg/m³,VOC,GC-MS
30118,VOGUE BUILDING,tert-Butylbenzene,1997-03-17T00:00,0.000,µg/m³,VOC,GC-MS
30118,VOGUE BUILDING,tert-Butylbenzene,1997-03-23T00:00,0.000,µg/m³,VOC,GC-MS
30118,VOGUE BUILDING,tert-Butylbenzene,1997-03-29T00:00,0.000,µg/m³,VOC,GC-MS
30118,VOGUE BUILDING,tert-Butylbenzene,1997-04-04T00:00,0.000,µg/m³,VOC,GC-MS
30118,VOGUE BUILDING,tert-Butylbenzene,1997-04-10T00:00,0.000,µg/m³,VOC,GC-MS
30118,VOGUE BUILDING,tert-Butylbenzene,1997-04-16T00:00,0.000,µg/m³,VOC,GC-MS
30118,VOGUE BUILDING,tert-Butylbenzene,1997-05-04T00:00,0.000,µg/m³,VOC,GC-MS
30118,VOGUE BUILDING,tert-Butylbenzene,1997-05-10T00:00,0.060,µg/m³,VOC,GC-MS
30118,VOGUE BUILDING,tert-Butylbenzene,1997-05-16T00:00,0.000,µg/m³,VOC,GC-MS
30118,VOGUE BUILDING,tert-Butylbenzene,1997-05-28T00:00,0.000,µg/m³,VOC,GC-MS
30118,VOGUE BUILDING,tert-Butylbenzene,1997-06-03T00:00,0.060,µg/m³,VOC,GC-MS
30118,VOGUE BUILDING,tert-Butylbenzene,1997-06-09T00:00,0.021,µg/m³,VOC,GC-MS
30118,VOGUE BUILDING,tert-Butylbenzene,1997-06-15T00:00,0.000,µg/m³,VOC,GC-MS
30118,VOGUE BUILDING,tert-Butylbenzene,1997-06-21T00:00,0.000,µg/m³,VOC,GC-MS
30118,VOGUE BUILDING,tert-Butylbenzene,1997-06-27T00:00,0.000,µg/m³,VOC,GC-MS
30118,VOGUE BUILDING,tert-Butylbenzene,1997-07-09T00:00,0.000,µg/m³,VOC,GC-MS
30118,VOGUE BUILDING,tert-Butylbenzene,1997-07-15T00:00,0.000,µg/m³,VOC,GC-MS
30118,VOGUE BUILDING,tert-Butylbenzene,1997-07-21T00:00,0.000,µg/m³,VOC,GC-MS
30118,VOGUE BUILDING,tert-Butylbenzene,1997-07-27T00:00,0.000,µg/m³,VOC,GC-MS
30118,VOGUE BUILDING,tert-Butylbenzene,1997-08-02T00:00,0.000,µg/m³,VOC,GC-MS
30118,VOGUE BUILDING,tert-Butylbenzene,1997-08-08T00:00,0.000,µg/m³,VOC,GC-MS
30118,VOGUE BUILDING,tert-Butylbenzene,1997-08-20T00:00,0.000,µg/m³,VOC,GC-MS
30118,VOGUE BUILDING,tert-Butylbenzene,1997-09-07T00:00,0.049,µg/m³,VOC,GC-MS
30118,VOGUE BUILDING,tert-Butylbenzene,1997-09-13T00:00,0.035,µg/m³,VOC,GC-MS
30118,VOGUE BUILDING,tert-Butylbenzene,1997-09-25T00:00,0.032,µg/m³,VOC,GC-MS
30118,VOGUE BUILDING,tert-Butylbenzene,1997-10-25T00:00,0.023,µg/m³,VOC,GC-MS
30118,VOGUE BUILDING,tert-Butylbenzene,1997-10-31T00:00,0.024,µg/m³,VOC,GC-MS
30118,VOGUE BUILDING,tert-Butylbenzene,1997-11-06T00:00,0.019,µg/m³,VOC,GC-MS
30118,VOGUE BUILDING,tert-Butylbenzene,1997-11-12T00:00,0.000,µg/m³,VOC,GC-MS
30118,VOGUE BUILDING,tert-Butylbenzene,1997-11-18T00:00,0.010,µg/m³,VOC,GC-MS
30118,VOGUE BUILDING,tert-Butylbenzene,1997-11-24T00:00,0.011,µg/m³,VOC,GC-MS
30118,VOGUE BUILDING,tert-Butylbenzene,1997-11-30T00:00,0.000,µg/m³,VOC,GC-MS
30118,VOGUE BUILDING,tert-Butylbenzene,1997-12-06T00:00,0.000,µg/m³,VOC,GC-MS
30118,VOGUE BUILDING,tert-Butylbenzene,1997-12-12T00:00,0.000,µg/m³,VOC,GC-MS
30118,VOGUE BUILDING,tert-Butylbenzene,1997-12-18T00:00,0.020,µg/m³,VOC,GC-MS
