﻿NAPS_Site_ID,Station_Name,Pollutant,Date,Value,Units,Report_Type,Method
100202,PRG PLAZA 400,Trichloroethylene,2018-03-15T00:00,0.032,µg/m³,VOC,GC-MS
100202,PRG PLAZA 400,Trichloroethylene,2018-03-21T00:00,0.008,µg/m³,VOC,GC-MS
100202,PRG PLAZA 400,Trichloroethylene,2018-03-27T00:00,0.004,µg/m³,VOC,GC-MS
100202,PRG PLAZA 400,Trichloroethylene,2018-04-02T00:00,0.006,µg/m³,VOC,GC-MS
100202,PRG PLAZA 400,Trichloroethylene,2018-04-08T00:00,0.005,µg/m³,VOC,GC-MS
100202,PRG PLAZA 400,Trichloroethylene,2018-04-20T00:00,0.008,µg/m³,VOC,GC-MS
100202,PRG PLAZA 400,Trichloroethylene,2018-05-02T00:00,0.003,µg/m³,VOC,GC-MS
100202,PRG PLAZA 400,Trichloroethylene,2018-05-08T00:00,0.003,µg/m³,VOC,GC-MS
100202,PRG PLAZA 400,Trichloroethylene,2018-05-14T00:00,0.006,µg/m³,VOC,GC-MS
100202,PRG PLAZA 400,Trichloroethylene,2018-05-20T00:00,0.003,µg/m³,VOC,GC-MS
100202,PRG PLAZA 400,Trichloroethylene,2018-05-26T00:00,0.002,µg/m³,VOC,GC-MS
100202,PRG PLAZA 400,Trichloroethylene,2018-06-01T00:00,0.004,µg/m³,VOC,GC-MS
100202,PRG PLAZA 400,Trichloroethylene,2018-06-07T00:00,0.005,µg/m³,VOC,GC-MS
100202,PRG PLAZA 400,Trichloroethylene,2018-06-13T00:00,0.001,µg/m³,VOC,GC-MS
100202,PRG PLAZA 400,Trichloroethylene,2018-06-19T00:00,0.011,µg/m³,VOC,GC-MS
100202,PRG PLAZA 400,Trichloroethylene,2018-06-25T00:00,0.003,µg/m³,VOC,GC-MS
100202,PRG PLAZA 400,Trichloroethylene,2018-07-01T00:00,0.003,µg/m³,VOC,GC-MS
100202,PRG PLAZA 400,Trichloroethylene,2018-07-07T00:00,0.001,µg/m³,VOC,GC-MS
100202,PRG PLAZA 400,Trichloroethylene,2018-07-13T00:00,0.005,µg/m³,VOC,GC-MS
100202,PRG PLAZA 400,Trichloroethylene,2018-07-19T00:00,0.005,µg/m³,VOC,GC-MS
100202,PRG PLAZA 400,Trichloroethylene,2018-07-25T00:00,0.012,µg/m³,VOC,GC-MS
100202,PRG PLAZA 400,Trichloroethylene,2018-08-18T00:00,0.009,µg/m³,VOC,GC-MS
100202,PRG PLAZA 400,Trichloroethylene,2018-08-24T00:00,0.003,µg/m³,VOC,GC-MS
100202,PRG PLAZA 400,Trichloroethylene,2018-09-11T00:00,0.005,µg/m³,VOC,GC-MS
100202,PRG PLAZA 400,Trichloroethylene,2018-09-17T00:00,0.003,µg/m³,VOC,GC-MS
100202,PRG PLAZA 400,Trichloroethylene,2018-09-23T00:00,0.005,µg/m³,VOC,GC-MS
100202,PRG PLAZA 400,Trichloroethylene,2018-10-11T00:00,0.003,µg/m³,VOC,GC-MS
100202,PRG PLAZA 400,Trichloroethylene,2018-10-17T00:00,0.010,µg/m³,VOC,GC-MS
100202,PRG PLAZA 400,Trichloroethylene,2018-10-23T00:00,0.026,µg/m³,VOC,GC-MS
100202,PRG PLAZA 400,Trichloroethylene,2018-11-04T00:00,0.003,µg/m³,VOC,GC-MS
100202,PRG PLAZA 400,Trichloroethylene,2018-11-16T00:00,0.011,µg/m³,VOC,GC-MS
100202,PRG PLAZA 400,Trichloroethylene,2018-12-10T00:00,0.004,µg/m³,VOC,GC-MS
100202,PRG PLAZA 400,Trichloroethylene,2018-12-16T00:00,0.006,µg/m³,VOC,GC-MS
100202,PRG PLAZA 400,Trichloroethylene,2018-12-22T00:00,0.008,µg/m³,VOC,GC-MS
