﻿NAPS_Site_ID,Station_Name,Pollutant,Date,Value,Units,Report_Type,Method
60903,LONDON AQI SITE _LONDON_ 900_HGHBURYAVE,Pentane,2005-01-04T00:00,0.856,µg/m³,VOC,N/A
60903,LONDON AQI SITE _LONDON_ 900_HGHBURYAVE,Pentane,2005-01-10T00:00,1.482,µg/m³,VOC,N/A
60903,LONDON AQI SITE _LONDON_ 900_HGHBURYAVE,Pentane,2005-01-22T00:00,0.807,µg/m³,VOC,N/A
60903,LONDON AQI SITE _LONDON_ 900_HGHBURYAVE,Pentane,2005-01-28T00:00,5.613,µg/m³,VOC,N/A
60903,LONDON AQI SITE _LONDON_ 900_HGHBURYAVE,Pentane,2005-02-03T00:00,3.487,µg/m³,VOC,N/A
60903,LONDON AQI SITE _LONDON_ 900_HGHBURYAVE,Pentane,2005-02-09T00:00,0.701,µg/m³,VOC,N/A
60903,LONDON AQI SITE _LONDON_ 900_HGHBURYAVE,Pentane,2005-02-15T00:00,2.428,µg/m³,VOC,N/A
60903,LONDON AQI SITE _LONDON_ 900_HGHBURYAVE,Pentane,2005-02-21T00:00,1.395,µg/m³,VOC,N/A
60903,LONDON AQI SITE _LONDON_ 900_HGHBURYAVE,Pentane,2005-02-27T00:00,1.349,µg/m³,VOC,N/A
60903,LONDON AQI SITE _LONDON_ 900_HGHBURYAVE,Pentane,2005-03-05T00:00,5.055,µg/m³,VOC,N/A
60903,LONDON AQI SITE _LONDON_ 900_HGHBURYAVE,Pentane,2005-03-11T00:00,1.122,µg/m³,VOC,N/A
60903,LONDON AQI SITE _LONDON_ 900_HGHBURYAVE,Pentane,2005-03-17T00:00,1.241,µg/m³,VOC,N/A
60903,LONDON AQI SITE _LONDON_ 900_HGHBURYAVE,Pentane,2005-03-23T00:00,1.367,µg/m³,VOC,N/A
60903,LONDON AQI SITE _LONDON_ 900_HGHBURYAVE,Pentane,2005-03-29T00:00,1.368,µg/m³,VOC,N/A
60903,LONDON AQI SITE _LONDON_ 900_HGHBURYAVE,Pentane,2005-04-16T00:00,1.411,µg/m³,VOC,N/A
60903,LONDON AQI SITE _LONDON_ 900_HGHBURYAVE,Pentane,2005-04-22T00:00,2.024,µg/m³,VOC,N/A
60903,LONDON AQI SITE _LONDON_ 900_HGHBURYAVE,Pentane,2005-04-28T00:00,1.053,µg/m³,VOC,N/A
60903,LONDON AQI SITE _LONDON_ 900_HGHBURYAVE,Pentane,2005-05-04T00:00,0.769,µg/m³,VOC,N/A
60903,LONDON AQI SITE _LONDON_ 900_HGHBURYAVE,Pentane,2005-07-27T00:00,0.422,µg/m³,VOC,N/A
60903,LONDON AQI SITE _LONDON_ 900_HGHBURYAVE,Pentane,2005-08-08T00:00,9.272,µg/m³,VOC,N/A
60903,LONDON AQI SITE _LONDON_ 900_HGHBURYAVE,Pentane,2005-08-14T00:00,0.715,µg/m³,VOC,N/A
60903,LONDON AQI SITE _LONDON_ 900_HGHBURYAVE,Pentane,2005-08-26T00:00,1.544,µg/m³,VOC,N/A
60903,LONDON AQI SITE _LONDON_ 900_HGHBURYAVE,Pentane,2005-09-01T00:00,2.722,µg/m³,VOC,N/A
60903,LONDON AQI SITE _LONDON_ 900_HGHBURYAVE,Pentane,2005-09-07T00:00,1.961,µg/m³,VOC,N/A
60903,LONDON AQI SITE _LONDON_ 900_HGHBURYAVE,Pentane,2005-09-19T00:00,2.501,µg/m³,VOC,N/A
60903,LONDON AQI SITE _LONDON_ 900_HGHBURYAVE,Pentane,2005-09-25T00:00,1.581,µg/m³,VOC,N/A
60903,LONDON AQI SITE _LONDON_ 900_HGHBURYAVE,Pentane,2005-10-01T00:00,1.442,µg/m³,VOC,N/A
60903,LONDON AQI SITE _LONDON_ 900_HGHBURYAVE,Pentane,2005-10-07T00:00,0.242,µg/m³,VOC,N/A
60903,LONDON AQI SITE _LONDON_ 900_HGHBURYAVE,Pentane,2005-10-13T00:00,1.540,µg/m³,VOC,N/A
60903,LONDON AQI SITE _LONDON_ 900_HGHBURYAVE,Pentane,2005-10-25T00:00,0.254,µg/m³,VOC,N/A
60903,LONDON AQI SITE _LONDON_ 900_HGHBURYAVE,Pentane,2005-10-31T00:00,1.228,µg/m³,VOC,N/A
60903,LONDON AQI SITE _LONDON_ 900_HGHBURYAVE,Pentane,2005-10-31T00:00,1.239,µg/m³,VOC,N/A
60903,LONDON AQI SITE _LONDON_ 900_HGHBURYAVE,Pentane,2005-11-06T00:00,0.724,µg/m³,VOC,N/A
60903,LONDON AQI SITE _LONDON_ 900_HGHBURYAVE,Pentane,2005-11-12T00:00,1.223,µg/m³,VOC,N/A
60903,LONDON AQI SITE _LONDON_ 900_HGHBURYAVE,Pentane,2005-11-18T00:00,0.933,µg/m³,VOC,N/A
60903,LONDON AQI SITE _LONDON_ 900_HGHBURYAVE,Pentane,2005-11-24T00:00,0.502,µg/m³,VOC,N/A
60903,LONDON AQI SITE _LONDON_ 900_HGHBURYAVE,Pentane,2005-11-30T00:00,0.819,µg/m³,VOC,N/A
60903,LONDON AQI SITE _LONDON_ 900_HGHBURYAVE,Pentane,2005-12-06T00:00,1.305,µg/m³,VOC,N/A
60903,LONDON AQI SITE _LONDON_ 900_HGHBURYAVE,Pentane,2005-12-12T00:00,1.315,µg/m³,VOC,N/A
60903,LONDON AQI SITE _LONDON_ 900_HGHBURYAVE,Pentane,2005-12-18T00:00,0.885,µg/m³,VOC,N/A
60903,LONDON AQI SITE _LONDON_ 900_HGHBURYAVE,Pentane,2005-12-24T00:00,2.515,µg/m³,VOC,N/A
60903,LONDON AQI SITE _LONDON_ 900_HGHBURYAVE,Pentane,2005-12-30T00:00,0.585,µg/m³,VOC,N/A
