﻿NAPS_Site_ID,Station_Name,Pollutant,Date,Value,Units,Report_Type,Method
90121,EDMONTON EAST,13C12-P5CDD,2005-03-23T00:00,94.000,pg/m³,PCDD,GC-MS
90121,EDMONTON EAST,13C12-P5CDD,2005-04-16T00:00,91.000,pg/m³,PCDD,GC-MS
90121,EDMONTON EAST,13C12-P5CDD,2005-05-10T00:00,85.000,pg/m³,PCDD,GC-MS
90121,EDMONTON EAST,13C12-P5CDD,2005-06-03T00:00,77.000,pg/m³,PCDD,GC-MS
90121,EDMONTON EAST,13C12-P5CDD,2005-06-27T00:00,98.000,pg/m³,PCDD,GC-MS
90121,EDMONTON EAST,13C12-P5CDD,2005-07-21T00:00,102.000,pg/m³,PCDD,GC-MS
90121,EDMONTON EAST,13C12-P5CDD,2005-08-14T00:00,101.000,pg/m³,PCDD,GC-MS
90121,EDMONTON EAST,13C12-P5CDD,2005-09-07T00:00,92.000,pg/m³,PCDD,GC-MS
90121,EDMONTON EAST,13C12-P5CDD,2005-10-01T00:00,103.000,pg/m³,PCDD,GC-MS
90121,EDMONTON EAST,13C12-P5CDD,2005-11-18T00:00,103.000,pg/m³,PCDD,GC-MS
90121,EDMONTON EAST,13C12-P5CDD,2005-12-12T00:00,101.000,pg/m³,PCDD,GC-MS
