﻿NAPS_Site_ID,Station_Name,Pollutant,Date,Value,Units,Report_Type,Method
100118,KITSILANO,Vanadium,1997-01-04T00:00,0.000,µg/m³,DICHOT,ED-XRF
100118,KITSILANO,Vanadium,1997-01-04T00:00,0.009,µg/m³,DICHOT,ED-XRF
100118,KITSILANO,Vanadium,1997-01-16T00:00,0.000,µg/m³,DICHOT,ED-XRF
100118,KITSILANO,Vanadium,1997-01-16T00:00,0.007,µg/m³,DICHOT,ED-XRF
100118,KITSILANO,Vanadium,1997-02-09T00:00,0.008,µg/m³,DICHOT,ED-XRF
100118,KITSILANO,Vanadium,1997-02-09T00:00,0.010,µg/m³,DICHOT,ED-XRF
100118,KITSILANO,Vanadium,1997-02-15T00:00,0.006,µg/m³,DICHOT,ED-XRF
100118,KITSILANO,Vanadium,1997-02-15T00:00,0.009,µg/m³,DICHOT,ED-XRF
100118,KITSILANO,Vanadium,1997-02-21T00:00,0.005,µg/m³,DICHOT,ED-XRF
100118,KITSILANO,Vanadium,1997-02-21T00:00,0.008,µg/m³,DICHOT,ED-XRF
100118,KITSILANO,Vanadium,1997-02-27T00:00,0.005,µg/m³,DICHOT,ED-XRF
100118,KITSILANO,Vanadium,1997-02-27T00:00,0.007,µg/m³,DICHOT,ED-XRF
100118,KITSILANO,Vanadium,1997-03-05T00:00,0.000,µg/m³,DICHOT,ED-XRF
100118,KITSILANO,Vanadium,1997-03-05T00:00,0.008,µg/m³,DICHOT,ED-XRF
100118,KITSILANO,Vanadium,1997-03-11T00:00,0.003,µg/m³,DICHOT,ED-XRF
100118,KITSILANO,Vanadium,1997-03-11T00:00,0.006,µg/m³,DICHOT,ED-XRF
100118,KITSILANO,Vanadium,1997-03-17T00:00,0.008,µg/m³,DICHOT,ED-XRF
100118,KITSILANO,Vanadium,1997-03-17T00:00,0.009,µg/m³,DICHOT,ED-XRF
100118,KITSILANO,Vanadium,1997-03-23T00:00,0.004,µg/m³,DICHOT,ED-XRF
100118,KITSILANO,Vanadium,1997-03-23T00:00,0.005,µg/m³,DICHOT,ED-XRF
100118,KITSILANO,Vanadium,1997-03-29T00:00,0.003,µg/m³,DICHOT,ED-XRF
100118,KITSILANO,Vanadium,1997-03-29T00:00,0.003,µg/m³,DICHOT,ED-XRF
100118,KITSILANO,Vanadium,1997-04-04T00:00,0.002,µg/m³,DICHOT,ED-XRF
100118,KITSILANO,Vanadium,1997-04-04T00:00,0.004,µg/m³,DICHOT,ED-XRF
100118,KITSILANO,Vanadium,1997-04-10T00:00,0.005,µg/m³,DICHOT,ED-XRF
100118,KITSILANO,Vanadium,1997-04-10T00:00,0.011,µg/m³,DICHOT,ED-XRF
100118,KITSILANO,Vanadium,1997-04-16T00:00,0.000,µg/m³,DICHOT,ED-XRF
100118,KITSILANO,Vanadium,1997-04-16T00:00,0.005,µg/m³,DICHOT,ED-XRF
100118,KITSILANO,Vanadium,1997-04-22T00:00,0.009,µg/m³,DICHOT,ED-XRF
100118,KITSILANO,Vanadium,1997-04-22T00:00,0.009,µg/m³,DICHOT,ED-XRF
100118,KITSILANO,Vanadium,1997-04-28T00:00,0.001,µg/m³,DICHOT,ED-XRF
100118,KITSILANO,Vanadium,1997-04-28T00:00,0.002,µg/m³,DICHOT,ED-XRF
100118,KITSILANO,Vanadium,1997-05-04T00:00,0.007,µg/m³,DICHOT,ED-XRF
100118,KITSILANO,Vanadium,1997-05-04T00:00,0.013,µg/m³,DICHOT,ED-XRF
100118,KITSILANO,Vanadium,1997-05-10T00:00,0.000,µg/m³,DICHOT,ED-XRF
100118,KITSILANO,Vanadium,1997-05-10T00:00,0.009,µg/m³,DICHOT,ED-XRF
100118,KITSILANO,Vanadium,1997-05-22T00:00,0.006,µg/m³,DICHOT,ED-XRF
100118,KITSILANO,Vanadium,1997-05-22T00:00,0.007,µg/m³,DICHOT,ED-XRF
100118,KITSILANO,Vanadium,1997-05-28T00:00,0.004,µg/m³,DICHOT,ED-XRF
100118,KITSILANO,Vanadium,1997-05-28T00:00,0.016,µg/m³,DICHOT,ED-XRF
100118,KITSILANO,Vanadium,1997-06-03T00:00,0.006,µg/m³,DICHOT,ED-XRF
100118,KITSILANO,Vanadium,1997-06-03T00:00,0.008,µg/m³,DICHOT,ED-XRF
100118,KITSILANO,Vanadium,1997-06-09T00:00,0.000,µg/m³,DICHOT,ED-XRF
100118,KITSILANO,Vanadium,1997-06-09T00:00,0.008,µg/m³,DICHOT,ED-XRF
100118,KITSILANO,Vanadium,1997-06-15T00:00,0.000,µg/m³,DICHOT,ED-XRF
100118,KITSILANO,Vanadium,1997-06-15T00:00,0.000,µg/m³,DICHOT,ED-XRF
100118,KITSILANO,Vanadium,1997-06-21T00:00,0.000,µg/m³,DICHOT,ED-XRF
100118,KITSILANO,Vanadium,1997-06-21T00:00,0.012,µg/m³,DICHOT,ED-XRF
100118,KITSILANO,Vanadium,1997-06-27T00:00,0.006,µg/m³,DICHOT,ED-XRF
100118,KITSILANO,Vanadium,1997-06-27T00:00,0.008,µg/m³,DICHOT,ED-XRF
100118,KITSILANO,Vanadium,1997-07-03T00:00,0.004,µg/m³,DICHOT,ED-XRF
100118,KITSILANO,Vanadium,1997-07-03T00:00,0.012,µg/m³,DICHOT,ED-XRF
100118,KITSILANO,Vanadium,1997-07-09T00:00,0.005,µg/m³,DICHOT,ED-XRF
100118,KITSILANO,Vanadium,1997-07-09T00:00,0.005,µg/m³,DICHOT,ED-XRF
100118,KITSILANO,Vanadium,1997-07-15T00:00,0.007,µg/m³,DICHOT,ED-XRF
100118,KITSILANO,Vanadium,1997-07-15T00:00,0.008,µg/m³,DICHOT,ED-XRF
100118,KITSILANO,Vanadium,1997-07-21T00:00,0.000,µg/m³,DICHOT,ED-XRF
100118,KITSILANO,Vanadium,1997-07-21T00:00,0.005,µg/m³,DICHOT,ED-XRF
100118,KITSILANO,Vanadium,1997-07-27T00:00,0.007,µg/m³,DICHOT,ED-XRF
100118,KITSILANO,Vanadium,1997-07-27T00:00,0.017,µg/m³,DICHOT,ED-XRF
100118,KITSILANO,Vanadium,1997-08-02T00:00,0.005,µg/m³,DICHOT,ED-XRF
100118,KITSILANO,Vanadium,1997-08-02T00:00,0.007,µg/m³,DICHOT,ED-XRF
100118,KITSILANO,Vanadium,1997-08-08T00:00,0.007,µg/m³,DICHOT,ED-XRF
100118,KITSILANO,Vanadium,1997-08-08T00:00,0.009,µg/m³,DICHOT,ED-XRF
100118,KITSILANO,Vanadium,1997-08-14T00:00,0.006,µg/m³,DICHOT,ED-XRF
100118,KITSILANO,Vanadium,1997-08-14T00:00,0.007,µg/m³,DICHOT,ED-XRF
100118,KITSILANO,Vanadium,1997-08-20T00:00,0.004,µg/m³,DICHOT,ED-XRF
100118,KITSILANO,Vanadium,1997-08-20T00:00,0.008,µg/m³,DICHOT,ED-XRF
100118,KITSILANO,Vanadium,1997-09-13T00:00,0.005,µg/m³,DICHOT,ED-XRF
100118,KITSILANO,Vanadium,1997-09-13T00:00,0.010,µg/m³,DICHOT,ED-XRF
100118,KITSILANO,Vanadium,1997-09-19T00:00,0.006,µg/m³,DICHOT,ED-XRF
100118,KITSILANO,Vanadium,1997-09-19T00:00,0.008,µg/m³,DICHOT,ED-XRF
100118,KITSILANO,Vanadium,1997-09-25T00:00,0.011,µg/m³,DICHOT,ED-XRF
100118,KITSILANO,Vanadium,1997-09-25T00:00,0.013,µg/m³,DICHOT,ED-XRF
100118,KITSILANO,Vanadium,1997-10-01T00:00,0.005,µg/m³,DICHOT,ED-XRF
100118,KITSILANO,Vanadium,1997-10-01T00:00,0.006,µg/m³,DICHOT,ED-XRF
100118,KITSILANO,Vanadium,1997-10-13T00:00,0.000,µg/m³,DICHOT,ED-XRF
100118,KITSILANO,Vanadium,1997-10-13T00:00,0.010,µg/m³,DICHOT,ED-XRF
100118,KITSILANO,Vanadium,1997-10-19T00:00,0.000,µg/m³,DICHOT,ED-XRF
100118,KITSILANO,Vanadium,1997-10-19T00:00,0.006,µg/m³,DICHOT,ED-XRF
100118,KITSILANO,Vanadium,1997-10-25T00:00,0.006,µg/m³,DICHOT,ED-XRF
100118,KITSILANO,Vanadium,1997-10-25T00:00,0.009,µg/m³,DICHOT,ED-XRF
100118,KITSILANO,Vanadium,1997-10-31T00:00,0.005,µg/m³,DICHOT,ED-XRF
100118,KITSILANO,Vanadium,1997-10-31T00:00,0.012,µg/m³,DICHOT,ED-XRF
100118,KITSILANO,Vanadium,1997-11-06T00:00,0.000,µg/m³,DICHOT,ED-XRF
100118,KITSILANO,Vanadium,1997-11-06T00:00,0.000,µg/m³,DICHOT,ED-XRF
100118,KITSILANO,Vanadium,1997-11-18T00:00,0.000,µg/m³,DICHOT,ED-XRF
100118,KITSILANO,Vanadium,1997-11-18T00:00,0.007,µg/m³,DICHOT,ED-XRF
100118,KITSILANO,Vanadium,1997-11-24T00:00,0.000,µg/m³,DICHOT,ED-XRF
100118,KITSILANO,Vanadium,1997-11-24T00:00,0.000,µg/m³,DICHOT,ED-XRF
100118,KITSILANO,Vanadium,1997-11-30T00:00,0.004,µg/m³,DICHOT,ED-XRF
100118,KITSILANO,Vanadium,1997-11-30T00:00,0.008,µg/m³,DICHOT,ED-XRF
100118,KITSILANO,Vanadium,1997-12-06T00:00,0.000,µg/m³,DICHOT,ED-XRF
100118,KITSILANO,Vanadium,1997-12-06T00:00,0.008,µg/m³,DICHOT,ED-XRF
100118,KITSILANO,Vanadium,1997-12-12T00:00,0.008,µg/m³,DICHOT,ED-XRF
100118,KITSILANO,Vanadium,1997-12-12T00:00,0.014,µg/m³,DICHOT,ED-XRF
100118,KITSILANO,Vanadium,1997-12-18T00:00,0.000,µg/m³,DICHOT,ED-XRF
100118,KITSILANO,Vanadium,1997-12-18T00:00,0.005,µg/m³,DICHOT,ED-XRF
100118,KITSILANO,Vanadium,1997-12-24T00:00,0.007,µg/m³,DICHOT,ED-XRF
100118,KITSILANO,Vanadium,1997-12-24T00:00,0.008,µg/m³,DICHOT,ED-XRF
