﻿NAPS_Site_ID,Station_Name,Pollutant,Date,Value,Units,Report_Type,Method
100111,ROCKY POINT PARK,Pentane,2010-01-02T00:00,0.858,µg/m³,VOC,
100111,ROCKY POINT PARK,Pentane,2010-01-08T00:00,1.613,µg/m³,VOC,
100111,ROCKY POINT PARK,Pentane,2010-01-14T00:00,0.404,µg/m³,VOC,
100111,ROCKY POINT PARK,Pentane,2010-01-20T00:00,1.331,µg/m³,VOC,
100111,ROCKY POINT PARK,Pentane,2010-01-26T00:00,3.865,µg/m³,VOC,
100111,ROCKY POINT PARK,Pentane,2010-02-01T00:00,0.613,µg/m³,VOC,
100111,ROCKY POINT PARK,Pentane,2010-02-07T00:00,0.716,µg/m³,VOC,
100111,ROCKY POINT PARK,Pentane,2010-02-13T00:00,1.460,µg/m³,VOC,
100111,ROCKY POINT PARK,Pentane,2010-02-19T00:00,3.544,µg/m³,VOC,
100111,ROCKY POINT PARK,Pentane,2010-02-25T00:00,1.151,µg/m³,VOC,
100111,ROCKY POINT PARK,Pentane,2010-03-03T00:00,1.001,µg/m³,VOC,
100111,ROCKY POINT PARK,Pentane,2010-03-09T00:00,0.499,µg/m³,VOC,
100111,ROCKY POINT PARK,Pentane,2010-03-15T00:00,0.282,µg/m³,VOC,
100111,ROCKY POINT PARK,Pentane,2010-03-21T00:00,0.428,µg/m³,VOC,
100111,ROCKY POINT PARK,Pentane,2010-03-27T00:00,0.714,µg/m³,VOC,
100111,ROCKY POINT PARK,Pentane,2010-04-03T00:00,0.245,µg/m³,VOC,
100111,ROCKY POINT PARK,Pentane,2010-04-08T00:00,0.352,µg/m³,VOC,
100111,ROCKY POINT PARK,Pentane,2010-04-20T00:00,1.024,µg/m³,VOC,
100111,ROCKY POINT PARK,Pentane,2010-04-26T00:00,0.573,µg/m³,VOC,
100111,ROCKY POINT PARK,Pentane,2010-05-02T00:00,0.332,µg/m³,VOC,
100111,ROCKY POINT PARK,Pentane,2010-05-08T00:00,2.614,µg/m³,VOC,
100111,ROCKY POINT PARK,Pentane,2010-05-14T00:00,2.667,µg/m³,VOC,
100111,ROCKY POINT PARK,Pentane,2010-05-20T00:00,0.573,µg/m³,VOC,
100111,ROCKY POINT PARK,Pentane,2010-05-26T00:00,1.901,µg/m³,VOC,
100111,ROCKY POINT PARK,Pentane,2010-06-07T00:00,1.090,µg/m³,VOC,
100111,ROCKY POINT PARK,Pentane,2010-06-13T00:00,2.450,µg/m³,VOC,
100111,ROCKY POINT PARK,Pentane,2010-06-19T00:00,0.581,µg/m³,VOC,
100111,ROCKY POINT PARK,Pentane,2010-06-25T00:00,0.532,µg/m³,VOC,
100111,ROCKY POINT PARK,Pentane,2010-07-01T00:00,1.001,µg/m³,VOC,
100111,ROCKY POINT PARK,Pentane,2010-07-07T00:00,3.435,µg/m³,VOC,
100111,ROCKY POINT PARK,Pentane,2010-08-18T00:00,0.814,µg/m³,VOC,
100111,ROCKY POINT PARK,Pentane,2010-08-24T00:00,3.994,µg/m³,VOC,
100111,ROCKY POINT PARK,Pentane,2010-08-30T00:00,0.919,µg/m³,VOC,
100111,ROCKY POINT PARK,Pentane,2010-09-05T00:00,0.780,µg/m³,VOC,
100111,ROCKY POINT PARK,Pentane,2010-09-11T00:00,0.599,µg/m³,VOC,
100111,ROCKY POINT PARK,Pentane,2010-09-17T00:00,1.857,µg/m³,VOC,
100111,ROCKY POINT PARK,Pentane,2010-09-23T00:00,2.308,µg/m³,VOC,
100111,ROCKY POINT PARK,Pentane,2010-09-29T00:00,2.261,µg/m³,VOC,
100111,ROCKY POINT PARK,Pentane,2010-10-05T00:00,1.645,µg/m³,VOC,
100111,ROCKY POINT PARK,Pentane,2010-10-11T00:00,0.555,µg/m³,VOC,
100111,ROCKY POINT PARK,Pentane,2010-10-17T00:00,1.782,µg/m³,VOC,
100111,ROCKY POINT PARK,Pentane,2010-10-23T00:00,0.585,µg/m³,VOC,
100111,ROCKY POINT PARK,Pentane,2010-10-29T00:00,1.211,µg/m³,VOC,
100111,ROCKY POINT PARK,Pentane,2010-11-04T00:00,3.333,µg/m³,VOC,
100111,ROCKY POINT PARK,Pentane,2010-11-10T00:00,1.485,µg/m³,VOC,
100111,ROCKY POINT PARK,Pentane,2010-11-16T00:00,1.020,µg/m³,VOC,
100111,ROCKY POINT PARK,Pentane,2010-11-22T00:00,0.385,µg/m³,VOC,
100111,ROCKY POINT PARK,Pentane,2010-11-28T00:00,1.064,µg/m³,VOC,
100111,ROCKY POINT PARK,Pentane,2010-12-04T00:00,2.152,µg/m³,VOC,
100111,ROCKY POINT PARK,Pentane,2010-12-10T00:00,0.821,µg/m³,VOC,
100111,ROCKY POINT PARK,Pentane,2010-12-16T00:00,0.741,µg/m³,VOC,
100111,ROCKY POINT PARK,Pentane,2010-12-22T00:00,1.611,µg/m³,VOC,
100111,ROCKY POINT PARK,Pentane,2010-12-28T00:00,1.039,µg/m³,VOC,
