﻿NAPS_Site_ID,Station_Name,Pollutant,Date,Value,Units,Report_Type,Method
60104,OTTAWA DOWNTOWN,trans-3-Heptene,2005-01-04T00:00,0.004,µg/m³,VOC,GC-MS
60104,OTTAWA DOWNTOWN,trans-3-Heptene,2005-01-10T00:00,0.004,µg/m³,VOC,GC-MS
60104,OTTAWA DOWNTOWN,trans-3-Heptene,2005-01-16T00:00,0.003,µg/m³,VOC,GC-MS
60104,OTTAWA DOWNTOWN,trans-3-Heptene,2005-01-22T00:00,0.003,µg/m³,VOC,GC-MS
60104,OTTAWA DOWNTOWN,trans-3-Heptene,2005-01-28T00:00,0.005,µg/m³,VOC,GC-MS
60104,OTTAWA DOWNTOWN,trans-3-Heptene,2005-02-03T00:00,0.008,µg/m³,VOC,GC-MS
60104,OTTAWA DOWNTOWN,trans-3-Heptene,2005-02-09T00:00,0.003,µg/m³,VOC,GC-MS
60104,OTTAWA DOWNTOWN,trans-3-Heptene,2005-02-15T00:00,0.007,µg/m³,VOC,GC-MS
60104,OTTAWA DOWNTOWN,trans-3-Heptene,2005-02-27T00:00,0.008,µg/m³,VOC,GC-MS
60104,OTTAWA DOWNTOWN,trans-3-Heptene,2005-03-05T00:00,0.006,µg/m³,VOC,GC-MS
60104,OTTAWA DOWNTOWN,trans-3-Heptene,2005-04-10T00:00,0.003,µg/m³,VOC,GC-MS
60104,OTTAWA DOWNTOWN,trans-3-Heptene,2005-04-16T00:00,0.007,µg/m³,VOC,GC-MS
60104,OTTAWA DOWNTOWN,trans-3-Heptene,2005-04-22T00:00,0.006,µg/m³,VOC,GC-MS
60104,OTTAWA DOWNTOWN,trans-3-Heptene,2005-04-28T00:00,0.008,µg/m³,VOC,GC-MS
60104,OTTAWA DOWNTOWN,trans-3-Heptene,2005-05-04T00:00,0.000,µg/m³,VOC,GC-MS
60104,OTTAWA DOWNTOWN,trans-3-Heptene,2005-05-10T00:00,0.000,µg/m³,VOC,GC-MS
60104,OTTAWA DOWNTOWN,trans-3-Heptene,2005-05-16T00:00,0.000,µg/m³,VOC,GC-MS
60104,OTTAWA DOWNTOWN,trans-3-Heptene,2005-05-22T00:00,0.000,µg/m³,VOC,GC-MS
60104,OTTAWA DOWNTOWN,trans-3-Heptene,2005-05-28T00:00,0.006,µg/m³,VOC,GC-MS
60104,OTTAWA DOWNTOWN,trans-3-Heptene,2005-06-03T00:00,0.008,µg/m³,VOC,GC-MS
60104,OTTAWA DOWNTOWN,trans-3-Heptene,2005-06-15T00:00,0.000,µg/m³,VOC,GC-MS
60104,OTTAWA DOWNTOWN,trans-3-Heptene,2005-06-21T00:00,0.000,µg/m³,VOC,GC-MS
60104,OTTAWA DOWNTOWN,trans-3-Heptene,2005-06-27T00:00,0.000,µg/m³,VOC,GC-MS
60104,OTTAWA DOWNTOWN,trans-3-Heptene,2005-07-03T00:00,0.006,µg/m³,VOC,GC-MS
60104,OTTAWA DOWNTOWN,trans-3-Heptene,2005-07-09T00:00,0.005,µg/m³,VOC,GC-MS
60104,OTTAWA DOWNTOWN,trans-3-Heptene,2005-07-15T00:00,0.008,µg/m³,VOC,GC-MS
60104,OTTAWA DOWNTOWN,trans-3-Heptene,2005-07-21T00:00,0.004,µg/m³,VOC,GC-MS
60104,OTTAWA DOWNTOWN,trans-3-Heptene,2005-07-27T00:00,0.005,µg/m³,VOC,GC-MS
60104,OTTAWA DOWNTOWN,trans-3-Heptene,2005-08-02T00:00,0.000,µg/m³,VOC,GC-MS
60104,OTTAWA DOWNTOWN,trans-3-Heptene,2005-08-08T00:00,0.000,µg/m³,VOC,GC-MS
60104,OTTAWA DOWNTOWN,trans-3-Heptene,2005-08-14T00:00,0.005,µg/m³,VOC,GC-MS
60104,OTTAWA DOWNTOWN,trans-3-Heptene,2005-08-20T00:00,0.005,µg/m³,VOC,GC-MS
60104,OTTAWA DOWNTOWN,trans-3-Heptene,2005-08-26T00:00,0.000,µg/m³,VOC,GC-MS
60104,OTTAWA DOWNTOWN,trans-3-Heptene,2005-09-01T00:00,0.000,µg/m³,VOC,GC-MS
60104,OTTAWA DOWNTOWN,trans-3-Heptene,2005-09-07T00:00,0.000,µg/m³,VOC,GC-MS
60104,OTTAWA DOWNTOWN,trans-3-Heptene,2005-09-13T00:00,0.000,µg/m³,VOC,GC-MS
60104,OTTAWA DOWNTOWN,trans-3-Heptene,2005-09-19T00:00,0.005,µg/m³,VOC,GC-MS
60104,OTTAWA DOWNTOWN,trans-3-Heptene,2005-09-25T00:00,0.000,µg/m³,VOC,GC-MS
60104,OTTAWA DOWNTOWN,trans-3-Heptene,2005-10-01T00:00,0.000,µg/m³,VOC,GC-MS
60104,OTTAWA DOWNTOWN,trans-3-Heptene,2005-10-07T00:00,0.000,µg/m³,VOC,GC-MS
60104,OTTAWA DOWNTOWN,trans-3-Heptene,2005-10-13T00:00,0.000,µg/m³,VOC,GC-MS
60104,OTTAWA DOWNTOWN,trans-3-Heptene,2005-10-19T00:00,0.000,µg/m³,VOC,GC-MS
60104,OTTAWA DOWNTOWN,trans-3-Heptene,2005-10-25T00:00,0.002,µg/m³,VOC,GC-MS
60104,OTTAWA DOWNTOWN,trans-3-Heptene,2005-10-31T00:00,0.000,µg/m³,VOC,GC-MS
60104,OTTAWA DOWNTOWN,trans-3-Heptene,2005-11-06T00:00,0.003,µg/m³,VOC,GC-MS
60104,OTTAWA DOWNTOWN,trans-3-Heptene,2005-11-12T00:00,0.017,µg/m³,VOC,GC-MS
60104,OTTAWA DOWNTOWN,trans-3-Heptene,2005-11-18T00:00,0.000,µg/m³,VOC,GC-MS
60104,OTTAWA DOWNTOWN,trans-3-Heptene,2005-11-24T00:00,0.000,µg/m³,VOC,GC-MS
60104,OTTAWA DOWNTOWN,trans-3-Heptene,2005-11-30T00:00,0.000,µg/m³,VOC,GC-MS
60104,OTTAWA DOWNTOWN,trans-3-Heptene,2005-12-06T00:00,0.003,µg/m³,VOC,GC-MS
60104,OTTAWA DOWNTOWN,trans-3-Heptene,2005-12-12T00:00,0.000,µg/m³,VOC,GC-MS
60104,OTTAWA DOWNTOWN,trans-3-Heptene,2005-12-18T00:00,0.003,µg/m³,VOC,GC-MS
60104,OTTAWA DOWNTOWN,trans-3-Heptene,2005-12-24T00:00,0.000,µg/m³,VOC,GC-MS
60104,OTTAWA DOWNTOWN,trans-3-Heptene,2005-12-30T00:00,0.007,µg/m³,VOC,GC-MS
