﻿NAPS_Site_ID,Station_Name,Pollutant,Date,Value,Units,Report_Type,Method
91101,ELK ISLAND NATIONAL PARK,"2,2,5-Trimethylhexane",2007-01-06T00:00,0.010,µg/m³,VOC,N/A
91101,ELK ISLAND NATIONAL PARK,"2,2,5-Trimethylhexane",2007-01-16T00:00,0.014,µg/m³,VOC,N/A
91101,ELK ISLAND NATIONAL PARK,"2,2,5-Trimethylhexane",2007-01-18T00:00,0.020,µg/m³,VOC,N/A
91101,ELK ISLAND NATIONAL PARK,"2,2,5-Trimethylhexane",2007-01-24T00:00,0.006,µg/m³,VOC,N/A
91101,ELK ISLAND NATIONAL PARK,"2,2,5-Trimethylhexane",2007-01-30T00:00,0.006,µg/m³,VOC,N/A
91101,ELK ISLAND NATIONAL PARK,"2,2,5-Trimethylhexane",2007-02-11T00:00,0.002,µg/m³,VOC,N/A
91101,ELK ISLAND NATIONAL PARK,"2,2,5-Trimethylhexane",2007-02-17T00:00,0.028,µg/m³,VOC,N/A
91101,ELK ISLAND NATIONAL PARK,"2,2,5-Trimethylhexane",2007-02-23T00:00,0.015,µg/m³,VOC,N/A
91101,ELK ISLAND NATIONAL PARK,"2,2,5-Trimethylhexane",2007-03-01T00:00,0.028,µg/m³,VOC,N/A
91101,ELK ISLAND NATIONAL PARK,"2,2,5-Trimethylhexane",2007-03-07T00:00,0.016,µg/m³,VOC,N/A
91101,ELK ISLAND NATIONAL PARK,"2,2,5-Trimethylhexane",2007-03-13T00:00,0.004,µg/m³,VOC,N/A
91101,ELK ISLAND NATIONAL PARK,"2,2,5-Trimethylhexane",2007-03-19T00:00,0.002,µg/m³,VOC,N/A
91101,ELK ISLAND NATIONAL PARK,"2,2,5-Trimethylhexane",2007-03-25T00:00,0.042,µg/m³,VOC,N/A
91101,ELK ISLAND NATIONAL PARK,"2,2,5-Trimethylhexane",2007-03-31T00:00,0.002,µg/m³,VOC,N/A
