﻿NAPS_Site_ID,Station_Name,Pollutant,Date,Value,Units,Report_Type,Method
90121,EDMONTON EAST,A-Pinene,2022-01-05T00:00,0.000,µg/m³,VOC,GC-MS
90121,EDMONTON EAST,A-Pinene,2022-01-11T00:00,0.610,µg/m³,VOC,GC-MS
90121,EDMONTON EAST,A-Pinene,2022-01-17T00:00,0.200,µg/m³,VOC,GC-MS
90121,EDMONTON EAST,A-Pinene,2022-01-23T00:00,0.094,µg/m³,VOC,GC-MS
90121,EDMONTON EAST,A-Pinene,2022-01-29T00:00,0.882,µg/m³,VOC,GC-MS
90121,EDMONTON EAST,A-Pinene,2022-02-04T00:00,0.258,µg/m³,VOC,GC-MS
90121,EDMONTON EAST,A-Pinene,2022-02-10T00:00,0.008,µg/m³,VOC,GC-MS
90121,EDMONTON EAST,A-Pinene,2022-02-22T00:00,0.002,µg/m³,VOC,GC-MS
90121,EDMONTON EAST,A-Pinene,2022-02-28T00:00,0.140,µg/m³,VOC,GC-MS
90121,EDMONTON EAST,A-Pinene,2022-03-06T00:00,0.066,µg/m³,VOC,GC-MS
90121,EDMONTON EAST,A-Pinene,2022-03-12T00:00,0.054,µg/m³,VOC,GC-MS
90121,EDMONTON EAST,A-Pinene,2022-03-18T00:00,0.054,µg/m³,VOC,GC-MS
90121,EDMONTON EAST,A-Pinene,2022-03-24T00:00,0.054,µg/m³,VOC,GC-MS
90121,EDMONTON EAST,A-Pinene,2022-03-31T00:00,0.004,µg/m³,VOC,GC-MS
90121,EDMONTON EAST,A-Pinene,2022-04-05T00:00,0.008,µg/m³,VOC,GC-MS
90121,EDMONTON EAST,A-Pinene,2022-04-11T00:00,0.002,µg/m³,VOC,GC-MS
90121,EDMONTON EAST,A-Pinene,2022-04-17T00:00,0.016,µg/m³,VOC,GC-MS
90121,EDMONTON EAST,A-Pinene,2022-04-23T00:00,0.172,µg/m³,VOC,GC-MS
90121,EDMONTON EAST,A-Pinene,2022-04-29T00:00,0.032,µg/m³,VOC,GC-MS
90121,EDMONTON EAST,A-Pinene,2022-05-05T00:00,0.254,µg/m³,VOC,GC-MS
90121,EDMONTON EAST,A-Pinene,2022-05-11T00:00,0.176,µg/m³,VOC,GC-MS
90121,EDMONTON EAST,A-Pinene,2022-05-17T00:00,0.010,µg/m³,VOC,GC-MS
90121,EDMONTON EAST,A-Pinene,2022-05-23T00:00,0.130,µg/m³,VOC,GC-MS
90121,EDMONTON EAST,A-Pinene,2022-05-29T00:00,0.034,µg/m³,VOC,GC-MS
90121,EDMONTON EAST,A-Pinene,2022-06-04T00:00,0.026,µg/m³,VOC,GC-MS
90121,EDMONTON EAST,A-Pinene,2022-06-10T00:00,0.032,µg/m³,VOC,GC-MS
90121,EDMONTON EAST,A-Pinene,2022-06-16T00:00,0.096,µg/m³,VOC,GC-MS
90121,EDMONTON EAST,A-Pinene,2022-06-22T00:00,0.088,µg/m³,VOC,GC-MS
90121,EDMONTON EAST,A-Pinene,2022-06-28T00:00,0.034,µg/m³,VOC,GC-MS
90121,EDMONTON EAST,A-Pinene,2022-07-04T00:00,0.144,µg/m³,VOC,GC-MS
90121,EDMONTON EAST,A-Pinene,2022-07-10T00:00,0.234,µg/m³,VOC,GC-MS
90121,EDMONTON EAST,A-Pinene,2022-07-16T00:00,0.102,µg/m³,VOC,GC-MS
90121,EDMONTON EAST,A-Pinene,2022-07-22T00:00,0.022,µg/m³,VOC,GC-MS
90121,EDMONTON EAST,A-Pinene,2022-07-28T00:00,0.390,µg/m³,VOC,GC-MS
90121,EDMONTON EAST,A-Pinene,2022-08-03T00:00,0.086,µg/m³,VOC,GC-MS
90121,EDMONTON EAST,A-Pinene,2022-08-09T00:00,0.946,µg/m³,VOC,GC-MS
90121,EDMONTON EAST,A-Pinene,2022-08-15T00:00,0.522,µg/m³,VOC,GC-MS
90121,EDMONTON EAST,A-Pinene,2022-08-21T00:00,0.052,µg/m³,VOC,GC-MS
90121,EDMONTON EAST,A-Pinene,2022-08-27T00:00,0.182,µg/m³,VOC,GC-MS
90121,EDMONTON EAST,A-Pinene,2022-09-02T00:00,0.222,µg/m³,VOC,GC-MS
90121,EDMONTON EAST,A-Pinene,2022-09-08T00:00,0.038,µg/m³,VOC,GC-MS
90121,EDMONTON EAST,A-Pinene,2022-09-14T00:00,0.236,µg/m³,VOC,GC-MS
90121,EDMONTON EAST,A-Pinene,2022-09-20T00:00,0.074,µg/m³,VOC,GC-MS
90121,EDMONTON EAST,A-Pinene,2022-09-26T00:00,0.462,µg/m³,VOC,GC-MS
90121,EDMONTON EAST,A-Pinene,2022-10-02T00:00,0.170,µg/m³,VOC,GC-MS
90121,EDMONTON EAST,A-Pinene,2022-10-08T00:00,0.294,µg/m³,VOC,GC-MS
90121,EDMONTON EAST,A-Pinene,2022-10-14T00:00,0.058,µg/m³,VOC,GC-MS
90121,EDMONTON EAST,A-Pinene,2022-10-20T00:00,0.096,µg/m³,VOC,GC-MS
90121,EDMONTON EAST,A-Pinene,2022-10-26T00:00,0.240,µg/m³,VOC,GC-MS
90121,EDMONTON EAST,A-Pinene,2022-11-01T00:00,0.026,µg/m³,VOC,GC-MS
90121,EDMONTON EAST,A-Pinene,2022-11-07T00:00,0.004,µg/m³,VOC,GC-MS
90121,EDMONTON EAST,A-Pinene,2022-11-13T00:00,0.178,µg/m³,VOC,GC-MS
90121,EDMONTON EAST,A-Pinene,2022-11-19T00:00,0.064,µg/m³,VOC,GC-MS
90121,EDMONTON EAST,A-Pinene,2022-11-25T00:00,0.538,µg/m³,VOC,GC-MS
90121,EDMONTON EAST,A-Pinene,2022-12-01T00:00,0.006,µg/m³,VOC,GC-MS
90121,EDMONTON EAST,A-Pinene,2022-12-07T00:00,0.136,µg/m³,VOC,GC-MS
90121,EDMONTON EAST,A-Pinene,2022-12-13T00:00,0.308,µg/m³,VOC,GC-MS
90121,EDMONTON EAST,A-Pinene,2022-12-19T00:00,0.000,µg/m³,VOC,GC-MS
90121,EDMONTON EAST,A-Pinene,2022-12-25T00:00,0.000,µg/m³,VOC,GC-MS
