﻿NAPS_Site_ID,Station_Name,Pollutant,Date,Value,Units,Report_Type,Method
100119,BURNABY SOUTH,"cis-1,2-Dichloroethylene",2002-01-02T00:00,0.030,µg/m³,VOC,
100119,BURNABY SOUTH,"cis-1,2-Dichloroethylene",2002-01-08T00:00,0.040,µg/m³,VOC,
100119,BURNABY SOUTH,"cis-1,2-Dichloroethylene",2002-01-14T00:00,0.030,µg/m³,VOC,
100119,BURNABY SOUTH,"cis-1,2-Dichloroethylene",2002-01-17T00:00,0.040,µg/m³,VOC,
100119,BURNABY SOUTH,"cis-1,2-Dichloroethylene",2002-01-20T00:00,0.030,µg/m³,VOC,
100119,BURNABY SOUTH,"cis-1,2-Dichloroethylene",2002-01-23T00:00,0.030,µg/m³,VOC,
100119,BURNABY SOUTH,"cis-1,2-Dichloroethylene",2002-02-01T00:00,0.030,µg/m³,VOC,
100119,BURNABY SOUTH,"cis-1,2-Dichloroethylene",2002-02-04T00:00,0.030,µg/m³,VOC,
100119,BURNABY SOUTH,"cis-1,2-Dichloroethylene",2002-02-07T00:00,0.030,µg/m³,VOC,
100119,BURNABY SOUTH,"cis-1,2-Dichloroethylene",2002-02-10T00:00,0.030,µg/m³,VOC,
100119,BURNABY SOUTH,"cis-1,2-Dichloroethylene",2002-02-13T00:00,0.030,µg/m³,VOC,
100119,BURNABY SOUTH,"cis-1,2-Dichloroethylene",2002-02-16T00:00,0.040,µg/m³,VOC,
100119,BURNABY SOUTH,"cis-1,2-Dichloroethylene",2002-02-19T00:00,0.020,µg/m³,VOC,
100119,BURNABY SOUTH,"cis-1,2-Dichloroethylene",2002-02-22T00:00,0.020,µg/m³,VOC,
100119,BURNABY SOUTH,"cis-1,2-Dichloroethylene",2002-02-25T00:00,0.020,µg/m³,VOC,
100119,BURNABY SOUTH,"cis-1,2-Dichloroethylene",2002-02-28T00:00,0.020,µg/m³,VOC,
100119,BURNABY SOUTH,"cis-1,2-Dichloroethylene",2002-03-03T00:00,0.020,µg/m³,VOC,
100119,BURNABY SOUTH,"cis-1,2-Dichloroethylene",2002-03-06T00:00,0.020,µg/m³,VOC,
100119,BURNABY SOUTH,"cis-1,2-Dichloroethylene",2002-03-09T00:00,0.010,µg/m³,VOC,
100119,BURNABY SOUTH,"cis-1,2-Dichloroethylene",2002-03-12T00:00,0.020,µg/m³,VOC,
100119,BURNABY SOUTH,"cis-1,2-Dichloroethylene",2002-03-15T00:00,0.020,µg/m³,VOC,
100119,BURNABY SOUTH,"cis-1,2-Dichloroethylene",2002-03-18T00:00,0.020,µg/m³,VOC,
100119,BURNABY SOUTH,"cis-1,2-Dichloroethylene",2002-03-21T00:00,0.020,µg/m³,VOC,
100119,BURNABY SOUTH,"cis-1,2-Dichloroethylene",2002-03-24T00:00,0.020,µg/m³,VOC,
100119,BURNABY SOUTH,"cis-1,2-Dichloroethylene",2002-03-27T00:00,0.020,µg/m³,VOC,
100119,BURNABY SOUTH,"cis-1,2-Dichloroethylene",2002-03-30T00:00,0.010,µg/m³,VOC,
100119,BURNABY SOUTH,"cis-1,2-Dichloroethylene",2002-04-02T00:00,0.010,µg/m³,VOC,
100119,BURNABY SOUTH,"cis-1,2-Dichloroethylene",2002-04-08T00:00,0.017,µg/m³,VOC,
100119,BURNABY SOUTH,"cis-1,2-Dichloroethylene",2002-04-11T00:00,0.022,µg/m³,VOC,
100119,BURNABY SOUTH,"cis-1,2-Dichloroethylene",2002-04-14T00:00,0.021,µg/m³,VOC,
100119,BURNABY SOUTH,"cis-1,2-Dichloroethylene",2002-04-17T00:00,0.011,µg/m³,VOC,
100119,BURNABY SOUTH,"cis-1,2-Dichloroethylene",2002-04-20T00:00,0.012,µg/m³,VOC,
100119,BURNABY SOUTH,"cis-1,2-Dichloroethylene",2002-04-23T00:00,0.012,µg/m³,VOC,
100119,BURNABY SOUTH,"cis-1,2-Dichloroethylene",2002-04-26T00:00,0.013,µg/m³,VOC,
100119,BURNABY SOUTH,"cis-1,2-Dichloroethylene",2002-05-02T00:00,0.012,µg/m³,VOC,
100119,BURNABY SOUTH,"cis-1,2-Dichloroethylene",2002-05-05T00:00,0.012,µg/m³,VOC,
100119,BURNABY SOUTH,"cis-1,2-Dichloroethylene",2002-05-08T00:00,0.013,µg/m³,VOC,
100119,BURNABY SOUTH,"cis-1,2-Dichloroethylene",2002-05-14T00:00,0.015,µg/m³,VOC,
100119,BURNABY SOUTH,"cis-1,2-Dichloroethylene",2002-05-17T00:00,0.016,µg/m³,VOC,
100119,BURNABY SOUTH,"cis-1,2-Dichloroethylene",2002-05-20T00:00,0.015,µg/m³,VOC,
100119,BURNABY SOUTH,"cis-1,2-Dichloroethylene",2002-05-29T00:00,0.023,µg/m³,VOC,
100119,BURNABY SOUTH,"cis-1,2-Dichloroethylene",2002-06-01T00:00,0.030,µg/m³,VOC,
100119,BURNABY SOUTH,"cis-1,2-Dichloroethylene",2002-06-04T00:00,0.026,µg/m³,VOC,
100119,BURNABY SOUTH,"cis-1,2-Dichloroethylene",2002-06-07T00:00,0.017,µg/m³,VOC,
100119,BURNABY SOUTH,"cis-1,2-Dichloroethylene",2002-06-10T00:00,0.000,µg/m³,VOC,
100119,BURNABY SOUTH,"cis-1,2-Dichloroethylene",2002-06-13T00:00,0.000,µg/m³,VOC,
100119,BURNABY SOUTH,"cis-1,2-Dichloroethylene",2002-06-16T00:00,0.000,µg/m³,VOC,
100119,BURNABY SOUTH,"cis-1,2-Dichloroethylene",2002-06-19T00:00,0.029,µg/m³,VOC,
100119,BURNABY SOUTH,"cis-1,2-Dichloroethylene",2002-06-22T00:00,0.025,µg/m³,VOC,
100119,BURNABY SOUTH,"cis-1,2-Dichloroethylene",2002-06-25T00:00,0.027,µg/m³,VOC,
100119,BURNABY SOUTH,"cis-1,2-Dichloroethylene",2002-06-28T00:00,0.033,µg/m³,VOC,
100119,BURNABY SOUTH,"cis-1,2-Dichloroethylene",2002-07-01T00:00,0.029,µg/m³,VOC,
100119,BURNABY SOUTH,"cis-1,2-Dichloroethylene",2002-07-04T00:00,0.028,µg/m³,VOC,
100119,BURNABY SOUTH,"cis-1,2-Dichloroethylene",2002-07-07T00:00,0.027,µg/m³,VOC,
100119,BURNABY SOUTH,"cis-1,2-Dichloroethylene",2002-07-10T00:00,0.029,µg/m³,VOC,
100119,BURNABY SOUTH,"cis-1,2-Dichloroethylene",2002-07-13T00:00,0.031,µg/m³,VOC,
100119,BURNABY SOUTH,"cis-1,2-Dichloroethylene",2002-07-16T00:00,0.036,µg/m³,VOC,
100119,BURNABY SOUTH,"cis-1,2-Dichloroethylene",2002-07-28T00:00,0.015,µg/m³,VOC,
100119,BURNABY SOUTH,"cis-1,2-Dichloroethylene",2002-09-23T00:00,0.000,µg/m³,VOC,
100119,BURNABY SOUTH,"cis-1,2-Dichloroethylene",2002-09-26T00:00,0.000,µg/m³,VOC,
100119,BURNABY SOUTH,"cis-1,2-Dichloroethylene",2002-09-29T00:00,0.000,µg/m³,VOC,
100119,BURNABY SOUTH,"cis-1,2-Dichloroethylene",2002-10-02T00:00,0.036,µg/m³,VOC,
100119,BURNABY SOUTH,"cis-1,2-Dichloroethylene",2002-10-17T00:00,0.005,µg/m³,VOC,
100119,BURNABY SOUTH,"cis-1,2-Dichloroethylene",2002-10-20T00:00,0.007,µg/m³,VOC,
100119,BURNABY SOUTH,"cis-1,2-Dichloroethylene",2002-10-23T00:00,0.031,µg/m³,VOC,
100119,BURNABY SOUTH,"cis-1,2-Dichloroethylene",2002-10-26T00:00,0.014,µg/m³,VOC,
100119,BURNABY SOUTH,"cis-1,2-Dichloroethylene",2002-10-29T00:00,0.047,µg/m³,VOC,
100119,BURNABY SOUTH,"cis-1,2-Dichloroethylene",2002-11-01T00:00,0.042,µg/m³,VOC,
100119,BURNABY SOUTH,"cis-1,2-Dichloroethylene",2002-11-04T00:00,0.033,µg/m³,VOC,
100119,BURNABY SOUTH,"cis-1,2-Dichloroethylene",2002-11-07T00:00,0.032,µg/m³,VOC,
100119,BURNABY SOUTH,"cis-1,2-Dichloroethylene",2002-11-10T00:00,0.029,µg/m³,VOC,
100119,BURNABY SOUTH,"cis-1,2-Dichloroethylene",2002-11-13T00:00,0.030,µg/m³,VOC,
100119,BURNABY SOUTH,"cis-1,2-Dichloroethylene",2002-11-16T00:00,0.031,µg/m³,VOC,
100119,BURNABY SOUTH,"cis-1,2-Dichloroethylene",2002-11-19T00:00,0.027,µg/m³,VOC,
100119,BURNABY SOUTH,"cis-1,2-Dichloroethylene",2002-11-22T00:00,0.029,µg/m³,VOC,
100119,BURNABY SOUTH,"cis-1,2-Dichloroethylene",2002-11-25T00:00,0.026,µg/m³,VOC,
100119,BURNABY SOUTH,"cis-1,2-Dichloroethylene",2002-11-28T00:00,0.040,µg/m³,VOC,
100119,BURNABY SOUTH,"cis-1,2-Dichloroethylene",2002-12-01T00:00,0.031,µg/m³,VOC,
100119,BURNABY SOUTH,"cis-1,2-Dichloroethylene",2002-12-04T00:00,0.015,µg/m³,VOC,
100119,BURNABY SOUTH,"cis-1,2-Dichloroethylene",2002-12-10T00:00,0.000,µg/m³,VOC,
100119,BURNABY SOUTH,"cis-1,2-Dichloroethylene",2002-12-13T00:00,0.000,µg/m³,VOC,
100119,BURNABY SOUTH,"cis-1,2-Dichloroethylene",2002-12-16T00:00,0.000,µg/m³,VOC,
100119,BURNABY SOUTH,"cis-1,2-Dichloroethylene",2002-12-19T00:00,0.000,µg/m³,VOC,
100119,BURNABY SOUTH,"cis-1,2-Dichloroethylene",2002-12-22T00:00,0.000,µg/m³,VOC,
100119,BURNABY SOUTH,"cis-1,2-Dichloroethylene",2002-12-25T00:00,0.000,µg/m³,VOC,
100119,BURNABY SOUTH,"cis-1,2-Dichloroethylene",2002-12-28T00:00,0.000,µg/m³,VOC,
100119,BURNABY SOUTH,"cis-1,2-Dichloroethylene",2002-12-31T00:00,0.000,µg/m³,VOC,
