﻿NAPS_Site_ID,Station_Name,Pollutant,Date,Value,Units,Report_Type,Method
30119,HARBOURVIEW SCHOOL,Bromine,1995-01-03T00:00,0.000,µg/m³,DICHOT,N/A
30119,HARBOURVIEW SCHOOL,Bromine,1995-01-03T00:00,0.000,µg/m³,DICHOT,N/A
30119,HARBOURVIEW SCHOOL,Bromine,1995-01-09T00:00,0.001,µg/m³,DICHOT,N/A
30119,HARBOURVIEW SCHOOL,Bromine,1995-01-09T00:00,0.002,µg/m³,DICHOT,N/A
30119,HARBOURVIEW SCHOOL,Bromine,1995-01-15T00:00,0.000,µg/m³,DICHOT,N/A
30119,HARBOURVIEW SCHOOL,Bromine,1995-01-15T00:00,0.001,µg/m³,DICHOT,N/A
30119,HARBOURVIEW SCHOOL,Bromine,1995-01-21T00:00,0.000,µg/m³,DICHOT,N/A
30119,HARBOURVIEW SCHOOL,Bromine,1995-01-21T00:00,0.000,µg/m³,DICHOT,N/A
30119,HARBOURVIEW SCHOOL,Bromine,1995-01-27T00:00,0.000,µg/m³,DICHOT,N/A
30119,HARBOURVIEW SCHOOL,Bromine,1995-01-27T00:00,0.001,µg/m³,DICHOT,N/A
30119,HARBOURVIEW SCHOOL,Bromine,1995-02-02T00:00,0.001,µg/m³,DICHOT,N/A
30119,HARBOURVIEW SCHOOL,Bromine,1995-02-02T00:00,0.002,µg/m³,DICHOT,N/A
30119,HARBOURVIEW SCHOOL,Bromine,1995-02-08T00:00,0.001,µg/m³,DICHOT,N/A
30119,HARBOURVIEW SCHOOL,Bromine,1995-02-08T00:00,0.001,µg/m³,DICHOT,N/A
30119,HARBOURVIEW SCHOOL,Bromine,1995-02-14T00:00,0.000,µg/m³,DICHOT,N/A
30119,HARBOURVIEW SCHOOL,Bromine,1995-02-14T00:00,0.002,µg/m³,DICHOT,N/A
30119,HARBOURVIEW SCHOOL,Bromine,1995-02-20T00:00,0.001,µg/m³,DICHOT,N/A
30119,HARBOURVIEW SCHOOL,Bromine,1995-02-20T00:00,0.001,µg/m³,DICHOT,N/A
30119,HARBOURVIEW SCHOOL,Bromine,1995-03-04T00:00,0.000,µg/m³,DICHOT,N/A
30119,HARBOURVIEW SCHOOL,Bromine,1995-03-04T00:00,0.002,µg/m³,DICHOT,N/A
30119,HARBOURVIEW SCHOOL,Bromine,1995-03-10T00:00,0.001,µg/m³,DICHOT,N/A
30119,HARBOURVIEW SCHOOL,Bromine,1995-03-10T00:00,0.001,µg/m³,DICHOT,N/A
30119,HARBOURVIEW SCHOOL,Bromine,1995-03-16T00:00,0.000,µg/m³,DICHOT,N/A
30119,HARBOURVIEW SCHOOL,Bromine,1995-03-16T00:00,0.001,µg/m³,DICHOT,N/A
30119,HARBOURVIEW SCHOOL,Bromine,1995-03-22T00:00,0.000,µg/m³,DICHOT,N/A
30119,HARBOURVIEW SCHOOL,Bromine,1995-03-22T00:00,0.000,µg/m³,DICHOT,N/A
30119,HARBOURVIEW SCHOOL,Bromine,1995-03-28T00:00,0.000,µg/m³,DICHOT,N/A
30119,HARBOURVIEW SCHOOL,Bromine,1995-03-28T00:00,0.001,µg/m³,DICHOT,N/A
30119,HARBOURVIEW SCHOOL,Bromine,1995-04-03T00:00,0.000,µg/m³,DICHOT,N/A
30119,HARBOURVIEW SCHOOL,Bromine,1995-04-03T00:00,0.001,µg/m³,DICHOT,N/A
