﻿NAPS_Site_ID,Station_Name,Pollutant,Date,Value,Units,Report_Type,Method
90227,CALGARY CENTRAL,13C12-TCDD,2007-01-24T00:00,98.000,pg/m³,PCDD,
90227,CALGARY CENTRAL,13C12-TCDD,2007-03-13T00:00,97.000,pg/m³,PCDD,
90227,CALGARY CENTRAL,13C12-TCDD,2007-04-06T00:00,93.000,pg/m³,PCDD,
90227,CALGARY CENTRAL,13C12-TCDD,2007-04-30T00:00,96.000,pg/m³,PCDD,
90227,CALGARY CENTRAL,13C12-TCDD,2007-05-24T00:00,90.000,pg/m³,PCDD,
90227,CALGARY CENTRAL,13C12-TCDD,2007-06-17T00:00,99.000,pg/m³,PCDD,
90227,CALGARY CENTRAL,13C12-TCDD,2007-08-04T00:00,79.000,pg/m³,PCDD,
90227,CALGARY CENTRAL,13C12-TCDD,2007-08-28T00:00,95.000,pg/m³,PCDD,
90227,CALGARY CENTRAL,13C12-TCDD,2007-09-21T00:00,92.000,pg/m³,PCDD,
90227,CALGARY CENTRAL,13C12-TCDD,2007-11-08T00:00,126.000,pg/m³,PCDD,
90227,CALGARY CENTRAL,13C12-TCDD,2007-12-02T00:00,116.000,pg/m³,PCDD,
90227,CALGARY CENTRAL,13C12-TCDD,2007-12-26T00:00,104.000,pg/m³,PCDD,
