﻿NAPS_Site_ID,Station_Name,Pollutant,Date,Value,Units,Report_Type,Method
70119,ELLEN,3-Methylheptane,2014-01-04T19:00,0.086,µg/m³,VOC,GC-MS
70119,ELLEN,3-Methylheptane,2014-01-10T19:00,0.084,µg/m³,VOC,GC-MS
70119,ELLEN,3-Methylheptane,2014-01-16T19:00,0.091,µg/m³,VOC,GC-MS
70119,ELLEN,3-Methylheptane,2014-01-22T19:00,0.064,µg/m³,VOC,GC-MS
70119,ELLEN,3-Methylheptane,2014-01-28T19:00,0.052,µg/m³,VOC,GC-MS
70119,ELLEN,3-Methylheptane,2014-02-03T19:00,0.054,µg/m³,VOC,GC-MS
70119,ELLEN,3-Methylheptane,2014-02-09T19:00,0.100,µg/m³,VOC,GC-MS
70119,ELLEN,3-Methylheptane,2014-02-15T19:00,0.058,µg/m³,VOC,GC-MS
70119,ELLEN,3-Methylheptane,2014-02-21T19:00,0.022,µg/m³,VOC,GC-MS
70119,ELLEN,3-Methylheptane,2014-02-27T19:00,0.032,µg/m³,VOC,GC-MS
70119,ELLEN,3-Methylheptane,2014-03-05T19:00,0.042,µg/m³,VOC,GC-MS
70119,ELLEN,3-Methylheptane,2014-03-11T20:00,0.118,µg/m³,VOC,GC-MS
70119,ELLEN,3-Methylheptane,2014-03-17T20:00,0.110,µg/m³,VOC,GC-MS
70119,ELLEN,3-Methylheptane,2014-03-23T20:00,0.084,µg/m³,VOC,GC-MS
70119,ELLEN,3-Methylheptane,2014-03-29T20:00,0.034,µg/m³,VOC,GC-MS
70119,ELLEN,3-Methylheptane,2014-04-04T20:00,0.050,µg/m³,VOC,GC-MS
70119,ELLEN,3-Methylheptane,2014-04-10T20:00,0.052,µg/m³,VOC,GC-MS
70119,ELLEN,3-Methylheptane,2014-04-16T20:00,0.080,µg/m³,VOC,GC-MS
70119,ELLEN,3-Methylheptane,2014-04-22T20:00,0.050,µg/m³,VOC,GC-MS
70119,ELLEN,3-Methylheptane,2014-04-28T20:00,0.044,µg/m³,VOC,GC-MS
70119,ELLEN,3-Methylheptane,2014-05-04T20:00,0.032,µg/m³,VOC,GC-MS
70119,ELLEN,3-Methylheptane,2014-05-10T20:00,0.020,µg/m³,VOC,GC-MS
70119,ELLEN,3-Methylheptane,2014-05-16T20:00,0.120,µg/m³,VOC,GC-MS
70119,ELLEN,3-Methylheptane,2014-05-22T20:00,0.048,µg/m³,VOC,GC-MS
70119,ELLEN,3-Methylheptane,2014-05-28T20:00,0.078,µg/m³,VOC,GC-MS
70119,ELLEN,3-Methylheptane,2014-06-03T20:00,0.234,µg/m³,VOC,GC-MS
70119,ELLEN,3-Methylheptane,2014-06-09T20:00,0.090,µg/m³,VOC,GC-MS
70119,ELLEN,3-Methylheptane,2014-06-15T20:00,0.088,µg/m³,VOC,GC-MS
70119,ELLEN,3-Methylheptane,2014-06-21T20:00,0.140,µg/m³,VOC,GC-MS
70119,ELLEN,3-Methylheptane,2014-06-27T20:00,0.154,µg/m³,VOC,GC-MS
70119,ELLEN,3-Methylheptane,2014-07-03T20:00,0.284,µg/m³,VOC,GC-MS
70119,ELLEN,3-Methylheptane,2014-07-09T20:00,0.240,µg/m³,VOC,GC-MS
70119,ELLEN,3-Methylheptane,2014-07-15T20:00,0.264,µg/m³,VOC,GC-MS
70119,ELLEN,3-Methylheptane,2014-07-21T20:00,0.238,µg/m³,VOC,GC-MS
70119,ELLEN,3-Methylheptane,2014-08-08T20:00,0.152,µg/m³,VOC,GC-MS
70119,ELLEN,3-Methylheptane,2014-08-14T20:00,0.226,µg/m³,VOC,GC-MS
70119,ELLEN,3-Methylheptane,2014-08-20T20:00,0.252,µg/m³,VOC,GC-MS
70119,ELLEN,3-Methylheptane,2014-08-26T20:00,0.212,µg/m³,VOC,GC-MS
70119,ELLEN,3-Methylheptane,2014-09-01T20:00,0.256,µg/m³,VOC,GC-MS
70119,ELLEN,3-Methylheptane,2014-09-07T20:00,0.170,µg/m³,VOC,GC-MS
70119,ELLEN,3-Methylheptane,2014-09-13T20:00,0.200,µg/m³,VOC,GC-MS
70119,ELLEN,3-Methylheptane,2014-09-19T20:00,0.208,µg/m³,VOC,GC-MS
70119,ELLEN,3-Methylheptane,2014-09-25T20:00,0.162,µg/m³,VOC,GC-MS
70119,ELLEN,3-Methylheptane,2014-10-01T20:00,0.180,µg/m³,VOC,GC-MS
70119,ELLEN,3-Methylheptane,2014-10-07T20:00,0.186,µg/m³,VOC,GC-MS
70119,ELLEN,3-Methylheptane,2014-10-13T20:00,0.286,µg/m³,VOC,GC-MS
70119,ELLEN,3-Methylheptane,2014-10-19T20:00,0.206,µg/m³,VOC,GC-MS
70119,ELLEN,3-Methylheptane,2014-10-25T20:00,0.204,µg/m³,VOC,GC-MS
70119,ELLEN,3-Methylheptane,2014-10-31T20:00,0.160,µg/m³,VOC,GC-MS
70119,ELLEN,3-Methylheptane,2014-11-06T19:00,0.184,µg/m³,VOC,GC-MS
70119,ELLEN,3-Methylheptane,2014-11-12T19:00,0.174,µg/m³,VOC,GC-MS
70119,ELLEN,3-Methylheptane,2014-11-18T19:00,0.114,µg/m³,VOC,GC-MS
70119,ELLEN,3-Methylheptane,2014-11-24T19:00,0.116,µg/m³,VOC,GC-MS
70119,ELLEN,3-Methylheptane,2014-11-30T19:00,0.120,µg/m³,VOC,GC-MS
70119,ELLEN,3-Methylheptane,2014-12-12T19:00,0.182,µg/m³,VOC,GC-MS
70119,ELLEN,3-Methylheptane,2014-12-18T19:00,0.152,µg/m³,VOC,GC-MS
