﻿NAPS_Site_ID,Station_Name,Pollutant,Date,Value,Units,Report_Type,Method
80111,REGINA,"2,2,4-Trimethylpentane",2015-01-17T19:00,0.282,µg/m³,VOC,N/A
80111,REGINA,"2,2,4-Trimethylpentane",2015-01-23T19:00,0.142,µg/m³,VOC,N/A
80111,REGINA,"2,2,4-Trimethylpentane",2015-02-11T19:00,0.155,µg/m³,VOC,N/A
80111,REGINA,"2,2,4-Trimethylpentane",2015-02-17T19:00,0.373,µg/m³,VOC,N/A
80111,REGINA,"2,2,4-Trimethylpentane",2015-02-22T19:00,0.105,µg/m³,VOC,N/A
80111,REGINA,"2,2,4-Trimethylpentane",2015-02-28T19:00,0.152,µg/m³,VOC,N/A
80111,REGINA,"2,2,4-Trimethylpentane",2015-03-12T20:00,0.232,µg/m³,VOC,N/A
80111,REGINA,"2,2,4-Trimethylpentane",2015-03-18T20:00,0.064,µg/m³,VOC,N/A
80111,REGINA,"2,2,4-Trimethylpentane",2015-03-24T20:00,0.145,µg/m³,VOC,N/A
80111,REGINA,"2,2,4-Trimethylpentane",2015-03-30T20:00,0.246,µg/m³,VOC,N/A
80111,REGINA,"2,2,4-Trimethylpentane",2015-04-05T20:00,0.109,µg/m³,VOC,N/A
80111,REGINA,"2,2,4-Trimethylpentane",2015-04-11T20:00,0.081,µg/m³,VOC,N/A
80111,REGINA,"2,2,4-Trimethylpentane",2015-04-17T20:00,0.071,µg/m³,VOC,N/A
80111,REGINA,"2,2,4-Trimethylpentane",2015-04-23T20:00,0.137,µg/m³,VOC,N/A
80111,REGINA,"2,2,4-Trimethylpentane",2015-04-29T20:00,0.340,µg/m³,VOC,N/A
80111,REGINA,"2,2,4-Trimethylpentane",2015-05-05T20:00,0.128,µg/m³,VOC,N/A
80111,REGINA,"2,2,4-Trimethylpentane",2015-05-17T20:00,0.759,µg/m³,VOC,N/A
80111,REGINA,"2,2,4-Trimethylpentane",2015-05-23T20:00,1.555,µg/m³,VOC,N/A
80111,REGINA,"2,2,4-Trimethylpentane",2015-06-04T20:00,0.245,µg/m³,VOC,N/A
80111,REGINA,"2,2,4-Trimethylpentane",2015-06-10T20:00,0.297,µg/m³,VOC,N/A
80111,REGINA,"2,2,4-Trimethylpentane",2015-06-16T20:00,0.246,µg/m³,VOC,N/A
80111,REGINA,"2,2,4-Trimethylpentane",2015-06-22T20:00,0.547,µg/m³,VOC,N/A
80111,REGINA,"2,2,4-Trimethylpentane",2015-06-29T20:00,0.745,µg/m³,VOC,N/A
80111,REGINA,"2,2,4-Trimethylpentane",2015-07-04T20:00,0.221,µg/m³,VOC,N/A
80111,REGINA,"2,2,4-Trimethylpentane",2015-07-10T20:00,0.250,µg/m³,VOC,N/A
80111,REGINA,"2,2,4-Trimethylpentane",2015-07-15T20:00,0.273,µg/m³,VOC,N/A
80111,REGINA,"2,2,4-Trimethylpentane",2015-07-22T20:00,0.517,µg/m³,VOC,N/A
80111,REGINA,"2,2,4-Trimethylpentane",2015-07-28T20:00,0.138,µg/m³,VOC,N/A
80111,REGINA,"2,2,4-Trimethylpentane",2015-08-09T20:00,0.279,µg/m³,VOC,N/A
80111,REGINA,"2,2,4-Trimethylpentane",2015-08-21T20:00,0.148,µg/m³,VOC,N/A
80111,REGINA,"2,2,4-Trimethylpentane",2015-08-27T20:00,1.154,µg/m³,VOC,N/A
80111,REGINA,"2,2,4-Trimethylpentane",2015-09-02T20:00,0.515,µg/m³,VOC,N/A
80111,REGINA,"2,2,4-Trimethylpentane",2015-09-08T20:00,1.679,µg/m³,VOC,N/A
80111,REGINA,"2,2,4-Trimethylpentane",2015-09-14T20:00,0.201,µg/m³,VOC,N/A
80111,REGINA,"2,2,4-Trimethylpentane",2015-09-21T20:00,0.366,µg/m³,VOC,N/A
80111,REGINA,"2,2,4-Trimethylpentane",2015-09-26T20:00,0.204,µg/m³,VOC,N/A
80111,REGINA,"2,2,4-Trimethylpentane",2015-10-02T20:00,0.113,µg/m³,VOC,N/A
80111,REGINA,"2,2,4-Trimethylpentane",2015-10-08T20:00,0.306,µg/m³,VOC,N/A
80111,REGINA,"2,2,4-Trimethylpentane",2015-10-22T20:00,0.201,µg/m³,VOC,N/A
80111,REGINA,"2,2,4-Trimethylpentane",2015-10-26T20:00,0.074,µg/m³,VOC,N/A
80111,REGINA,"2,2,4-Trimethylpentane",2015-11-01T19:00,0.135,µg/m³,VOC,N/A
80111,REGINA,"2,2,4-Trimethylpentane",2015-11-07T19:00,0.320,µg/m³,VOC,N/A
80111,REGINA,"2,2,4-Trimethylpentane",2015-11-13T19:00,0.407,µg/m³,VOC,N/A
80111,REGINA,"2,2,4-Trimethylpentane",2015-11-25T19:00,0.185,µg/m³,VOC,N/A
80111,REGINA,"2,2,4-Trimethylpentane",2015-12-02T19:00,0.222,µg/m³,VOC,N/A
80111,REGINA,"2,2,4-Trimethylpentane",2015-12-13T19:00,0.183,µg/m³,VOC,N/A
80111,REGINA,"2,2,4-Trimethylpentane",2015-12-19T19:00,0.083,µg/m³,VOC,N/A
80111,REGINA,"2,2,4-Trimethylpentane",2015-12-25T19:00,0.127,µg/m³,VOC,N/A
