﻿NAPS_Site_ID,Station_Name,Pollutant,Date,Value,Units,Report_Type,Method
50121,BROSSARD-PARC OCÉANIE,"2,4-Dimethylpentane",1995-01-03T00:00,0.082,µg/m³,VOC,N/A
50121,BROSSARD-PARC OCÉANIE,"2,4-Dimethylpentane",1995-01-09T00:00,0.071,µg/m³,VOC,N/A
50121,BROSSARD-PARC OCÉANIE,"2,4-Dimethylpentane",1995-01-15T00:00,0.111,µg/m³,VOC,N/A
50121,BROSSARD-PARC OCÉANIE,"2,4-Dimethylpentane",1995-01-21T00:00,0.059,µg/m³,VOC,N/A
50121,BROSSARD-PARC OCÉANIE,"2,4-Dimethylpentane",1995-01-27T00:00,0.050,µg/m³,VOC,N/A
50121,BROSSARD-PARC OCÉANIE,"2,4-Dimethylpentane",1995-02-02T00:00,0.111,µg/m³,VOC,N/A
50121,BROSSARD-PARC OCÉANIE,"2,4-Dimethylpentane",1995-02-08T00:00,0.119,µg/m³,VOC,N/A
50121,BROSSARD-PARC OCÉANIE,"2,4-Dimethylpentane",1995-02-14T00:00,0.059,µg/m³,VOC,N/A
50121,BROSSARD-PARC OCÉANIE,"2,4-Dimethylpentane",1995-02-26T00:00,0.068,µg/m³,VOC,N/A
50121,BROSSARD-PARC OCÉANIE,"2,4-Dimethylpentane",1995-03-04T00:00,0.148,µg/m³,VOC,N/A
50121,BROSSARD-PARC OCÉANIE,"2,4-Dimethylpentane",1995-03-10T00:00,0.041,µg/m³,VOC,N/A
50121,BROSSARD-PARC OCÉANIE,"2,4-Dimethylpentane",1995-03-16T00:00,0.204,µg/m³,VOC,N/A
50121,BROSSARD-PARC OCÉANIE,"2,4-Dimethylpentane",1995-03-22T00:00,0.060,µg/m³,VOC,N/A
50121,BROSSARD-PARC OCÉANIE,"2,4-Dimethylpentane",1995-03-28T00:00,0.203,µg/m³,VOC,N/A
50121,BROSSARD-PARC OCÉANIE,"2,4-Dimethylpentane",1995-04-09T00:00,0.026,µg/m³,VOC,N/A
50121,BROSSARD-PARC OCÉANIE,"2,4-Dimethylpentane",1995-04-15T00:00,0.019,µg/m³,VOC,N/A
50121,BROSSARD-PARC OCÉANIE,"2,4-Dimethylpentane",1995-04-21T00:00,0.024,µg/m³,VOC,N/A
50121,BROSSARD-PARC OCÉANIE,"2,4-Dimethylpentane",1995-04-27T00:00,0.032,µg/m³,VOC,N/A
50121,BROSSARD-PARC OCÉANIE,"2,4-Dimethylpentane",1995-05-03T00:00,0.111,µg/m³,VOC,N/A
50121,BROSSARD-PARC OCÉANIE,"2,4-Dimethylpentane",1995-05-09T00:00,0.000,µg/m³,VOC,N/A
50121,BROSSARD-PARC OCÉANIE,"2,4-Dimethylpentane",1995-05-15T00:00,0.000,µg/m³,VOC,N/A
50121,BROSSARD-PARC OCÉANIE,"2,4-Dimethylpentane",1995-05-21T00:00,0.000,µg/m³,VOC,N/A
50121,BROSSARD-PARC OCÉANIE,"2,4-Dimethylpentane",1995-05-27T00:00,0.000,µg/m³,VOC,N/A
50121,BROSSARD-PARC OCÉANIE,"2,4-Dimethylpentane",1995-06-02T00:00,0.074,µg/m³,VOC,N/A
50121,BROSSARD-PARC OCÉANIE,"2,4-Dimethylpentane",1995-06-08T00:00,0.000,µg/m³,VOC,N/A
50121,BROSSARD-PARC OCÉANIE,"2,4-Dimethylpentane",1995-06-14T00:00,0.241,µg/m³,VOC,N/A
50121,BROSSARD-PARC OCÉANIE,"2,4-Dimethylpentane",1995-06-20T00:00,0.000,µg/m³,VOC,N/A
50121,BROSSARD-PARC OCÉANIE,"2,4-Dimethylpentane",1995-06-26T00:00,0.061,µg/m³,VOC,N/A
50121,BROSSARD-PARC OCÉANIE,"2,4-Dimethylpentane",1995-07-02T00:00,0.000,µg/m³,VOC,N/A
50121,BROSSARD-PARC OCÉANIE,"2,4-Dimethylpentane",1995-07-08T00:00,0.000,µg/m³,VOC,N/A
50121,BROSSARD-PARC OCÉANIE,"2,4-Dimethylpentane",1995-07-14T00:00,0.000,µg/m³,VOC,N/A
50121,BROSSARD-PARC OCÉANIE,"2,4-Dimethylpentane",1995-07-20T00:00,0.000,µg/m³,VOC,N/A
50121,BROSSARD-PARC OCÉANIE,"2,4-Dimethylpentane",1995-07-26T00:00,0.083,µg/m³,VOC,N/A
50121,BROSSARD-PARC OCÉANIE,"2,4-Dimethylpentane",1995-08-01T00:00,0.064,µg/m³,VOC,N/A
50121,BROSSARD-PARC OCÉANIE,"2,4-Dimethylpentane",1995-08-07T00:00,0.175,µg/m³,VOC,N/A
50121,BROSSARD-PARC OCÉANIE,"2,4-Dimethylpentane",1995-08-13T00:00,0.033,µg/m³,VOC,N/A
50121,BROSSARD-PARC OCÉANIE,"2,4-Dimethylpentane",1995-08-25T00:00,0.000,µg/m³,VOC,N/A
50121,BROSSARD-PARC OCÉANIE,"2,4-Dimethylpentane",1995-08-31T00:00,0.078,µg/m³,VOC,N/A
50121,BROSSARD-PARC OCÉANIE,"2,4-Dimethylpentane",1995-09-06T00:00,0.063,µg/m³,VOC,N/A
50121,BROSSARD-PARC OCÉANIE,"2,4-Dimethylpentane",1995-09-12T00:00,0.108,µg/m³,VOC,N/A
50121,BROSSARD-PARC OCÉANIE,"2,4-Dimethylpentane",1995-09-18T00:00,0.064,µg/m³,VOC,N/A
50121,BROSSARD-PARC OCÉANIE,"2,4-Dimethylpentane",1995-09-24T00:00,0.229,µg/m³,VOC,N/A
50121,BROSSARD-PARC OCÉANIE,"2,4-Dimethylpentane",1995-09-30T00:00,0.084,µg/m³,VOC,N/A
50121,BROSSARD-PARC OCÉANIE,"2,4-Dimethylpentane",1995-10-06T00:00,0.022,µg/m³,VOC,N/A
50121,BROSSARD-PARC OCÉANIE,"2,4-Dimethylpentane",1995-10-12T00:00,0.063,µg/m³,VOC,N/A
50121,BROSSARD-PARC OCÉANIE,"2,4-Dimethylpentane",1995-10-18T00:00,0.072,µg/m³,VOC,N/A
50121,BROSSARD-PARC OCÉANIE,"2,4-Dimethylpentane",1995-10-24T00:00,0.063,µg/m³,VOC,N/A
50121,BROSSARD-PARC OCÉANIE,"2,4-Dimethylpentane",1995-10-30T00:00,0.041,µg/m³,VOC,N/A
50121,BROSSARD-PARC OCÉANIE,"2,4-Dimethylpentane",1995-11-05T00:00,0.000,µg/m³,VOC,N/A
50121,BROSSARD-PARC OCÉANIE,"2,4-Dimethylpentane",1995-11-11T00:00,0.038,µg/m³,VOC,N/A
50121,BROSSARD-PARC OCÉANIE,"2,4-Dimethylpentane",1995-11-17T00:00,0.044,µg/m³,VOC,N/A
50121,BROSSARD-PARC OCÉANIE,"2,4-Dimethylpentane",1995-11-23T00:00,0.000,µg/m³,VOC,N/A
50121,BROSSARD-PARC OCÉANIE,"2,4-Dimethylpentane",1995-11-29T00:00,0.082,µg/m³,VOC,N/A
50121,BROSSARD-PARC OCÉANIE,"2,4-Dimethylpentane",1995-12-05T00:00,0.085,µg/m³,VOC,N/A
50121,BROSSARD-PARC OCÉANIE,"2,4-Dimethylpentane",1995-12-17T00:00,0.040,µg/m³,VOC,N/A
50121,BROSSARD-PARC OCÉANIE,"2,4-Dimethylpentane",1995-12-23T00:00,0.000,µg/m³,VOC,N/A
50121,BROSSARD-PARC OCÉANIE,"2,4-Dimethylpentane",1995-12-29T00:00,0.097,µg/m³,VOC,N/A
