﻿NAPS_Site_ID,Station_Name,Pollutant,Date,Value,Units,Report_Type,Method
90132,EDMONTON MCINTYRE,Ammonium,2016-01-01T00:00,0.040,µg/m³,PM2.5,IC
90132,EDMONTON MCINTYRE,Ammonium,2016-01-04T00:00,0.875,µg/m³,PM2.5,IC
90132,EDMONTON MCINTYRE,Ammonium,2016-01-07T00:00,1.668,µg/m³,PM2.5,IC
90132,EDMONTON MCINTYRE,Ammonium,2016-01-10T00:00,0.476,µg/m³,PM2.5,IC
90132,EDMONTON MCINTYRE,Ammonium,2016-01-13T00:00,1.989,µg/m³,PM2.5,IC
90132,EDMONTON MCINTYRE,Ammonium,2016-01-16T00:00,0.647,µg/m³,PM2.5,IC
90132,EDMONTON MCINTYRE,Ammonium,2016-01-22T00:00,5.695,µg/m³,PM2.5,IC
90132,EDMONTON MCINTYRE,Ammonium,2016-01-25T00:00,0.688,µg/m³,PM2.5,IC
90132,EDMONTON MCINTYRE,Ammonium,2016-01-28T00:00,0.050,µg/m³,PM2.5,IC
90132,EDMONTON MCINTYRE,Ammonium,2016-01-31T00:00,0.335,µg/m³,PM2.5,IC
90132,EDMONTON MCINTYRE,Ammonium,2016-02-03T00:00,0.207,µg/m³,PM2.5,IC
90132,EDMONTON MCINTYRE,Ammonium,2016-02-06T00:00,0.024,µg/m³,PM2.5,IC
90132,EDMONTON MCINTYRE,Ammonium,2016-02-09T00:00,0.051,µg/m³,PM2.5,IC
90132,EDMONTON MCINTYRE,Ammonium,2016-02-12T00:00,1.100,µg/m³,PM2.5,IC
90132,EDMONTON MCINTYRE,Ammonium,2016-02-15T00:00,0.049,µg/m³,PM2.5,IC
90132,EDMONTON MCINTYRE,Ammonium,2016-02-18T00:00,1.015,µg/m³,PM2.5,IC
90132,EDMONTON MCINTYRE,Ammonium,2016-02-21T00:00,0.401,µg/m³,PM2.5,IC
90132,EDMONTON MCINTYRE,Ammonium,2016-02-24T00:00,0.172,µg/m³,PM2.5,IC
90132,EDMONTON MCINTYRE,Ammonium,2016-02-27T00:00,0.160,µg/m³,PM2.5,IC
90132,EDMONTON MCINTYRE,Ammonium,2016-03-01T00:00,0.638,µg/m³,PM2.5,IC
90132,EDMONTON MCINTYRE,Ammonium,2016-03-04T00:00,1.570,µg/m³,PM2.5,IC
90132,EDMONTON MCINTYRE,Ammonium,2016-03-10T00:00,0.386,µg/m³,PM2.5,IC
90132,EDMONTON MCINTYRE,Ammonium,2016-03-13T00:00,0.104,µg/m³,PM2.5,IC
90132,EDMONTON MCINTYRE,Ammonium,2016-03-16T00:00,0.161,µg/m³,PM2.5,IC
90132,EDMONTON MCINTYRE,Ammonium,2016-03-19T00:00,0.239,µg/m³,PM2.5,IC
90132,EDMONTON MCINTYRE,Ammonium,2016-03-22T00:00,0.517,µg/m³,PM2.5,IC
90132,EDMONTON MCINTYRE,Ammonium,2016-03-25T00:00,0.465,µg/m³,PM2.5,IC
90132,EDMONTON MCINTYRE,Ammonium,2016-03-28T00:00,0.241,µg/m³,PM2.5,IC
90132,EDMONTON MCINTYRE,Ammonium,2016-03-31T00:00,0.148,µg/m³,PM2.5,IC
90132,EDMONTON MCINTYRE,Ammonium,2016-04-03T00:00,0.115,µg/m³,PM2.5,IC
90132,EDMONTON MCINTYRE,Ammonium,2016-04-06T00:00,0.052,µg/m³,PM2.5,IC
90132,EDMONTON MCINTYRE,Ammonium,2016-04-09T00:00,0.124,µg/m³,PM2.5,IC
90132,EDMONTON MCINTYRE,Ammonium,2016-04-12T00:00,0.148,µg/m³,PM2.5,IC
90132,EDMONTON MCINTYRE,Ammonium,2016-04-15T00:00,0.212,µg/m³,PM2.5,IC
90132,EDMONTON MCINTYRE,Ammonium,2016-04-18T00:00,0.223,µg/m³,PM2.5,IC
90132,EDMONTON MCINTYRE,Ammonium,2016-04-21T00:00,0.104,µg/m³,PM2.5,IC
90132,EDMONTON MCINTYRE,Ammonium,2016-04-27T00:00,0.748,µg/m³,PM2.5,IC
90132,EDMONTON MCINTYRE,Ammonium,2016-04-30T00:00,0.289,µg/m³,PM2.5,IC
90132,EDMONTON MCINTYRE,Ammonium,2016-05-03T00:00,0.166,µg/m³,PM2.5,IC
90132,EDMONTON MCINTYRE,Ammonium,2016-05-06T00:00,0.179,µg/m³,PM2.5,IC
90132,EDMONTON MCINTYRE,Ammonium,2016-05-09T00:00,0.049,µg/m³,PM2.5,IC
90132,EDMONTON MCINTYRE,Ammonium,2016-05-12T00:00,0.388,µg/m³,PM2.5,IC
90132,EDMONTON MCINTYRE,Ammonium,2016-05-15T00:00,0.403,µg/m³,PM2.5,IC
90132,EDMONTON MCINTYRE,Ammonium,2016-05-18T00:00,0.126,µg/m³,PM2.5,IC
90132,EDMONTON MCINTYRE,Ammonium,2016-05-21T00:00,0.055,µg/m³,PM2.5,IC
90132,EDMONTON MCINTYRE,Ammonium,2016-05-24T00:00,0.184,µg/m³,PM2.5,IC
90132,EDMONTON MCINTYRE,Ammonium,2016-05-27T00:00,0.631,µg/m³,PM2.5,IC
90132,EDMONTON MCINTYRE,Ammonium,2016-05-30T00:00,0.061,µg/m³,PM2.5,IC
90132,EDMONTON MCINTYRE,Ammonium,2016-06-02T00:00,0.000,µg/m³,PM2.5,IC
90132,EDMONTON MCINTYRE,Ammonium,2016-06-05T00:00,0.140,µg/m³,PM2.5,IC
90132,EDMONTON MCINTYRE,Ammonium,2016-06-08T00:00,0.216,µg/m³,PM2.5,IC
90132,EDMONTON MCINTYRE,Ammonium,2016-06-14T00:00,0.131,µg/m³,PM2.5,IC
90132,EDMONTON MCINTYRE,Ammonium,2016-06-17T00:00,0.071,µg/m³,PM2.5,IC
90132,EDMONTON MCINTYRE,Ammonium,2016-06-20T00:00,0.128,µg/m³,PM2.5,IC
90132,EDMONTON MCINTYRE,Ammonium,2016-06-23T00:00,0.192,µg/m³,PM2.5,IC
90132,EDMONTON MCINTYRE,Ammonium,2016-06-26T00:00,0.064,µg/m³,PM2.5,IC
90132,EDMONTON MCINTYRE,Ammonium,2016-06-29T00:00,0.402,µg/m³,PM2.5,IC
90132,EDMONTON MCINTYRE,Ammonium,2016-07-02T00:00,0.430,µg/m³,PM2.5,IC
90132,EDMONTON MCINTYRE,Ammonium,2016-07-05T00:00,0.032,µg/m³,PM2.5,IC
90132,EDMONTON MCINTYRE,Ammonium,2016-07-08T00:00,0.259,µg/m³,PM2.5,IC
90132,EDMONTON MCINTYRE,Ammonium,2016-07-11T00:00,0.125,µg/m³,PM2.5,IC
90132,EDMONTON MCINTYRE,Ammonium,2016-07-14T00:00,0.382,µg/m³,PM2.5,IC
90132,EDMONTON MCINTYRE,Ammonium,2016-07-17T00:00,0.183,µg/m³,PM2.5,IC
90132,EDMONTON MCINTYRE,Ammonium,2016-07-20T00:00,0.054,µg/m³,PM2.5,IC
90132,EDMONTON MCINTYRE,Ammonium,2016-07-23T00:00,0.125,µg/m³,PM2.5,IC
90132,EDMONTON MCINTYRE,Ammonium,2016-07-26T00:00,0.164,µg/m³,PM2.5,IC
90132,EDMONTON MCINTYRE,Ammonium,2016-07-29T00:00,0.162,µg/m³,PM2.5,IC
90132,EDMONTON MCINTYRE,Ammonium,2016-08-01T00:00,0.044,µg/m³,PM2.5,IC
90132,EDMONTON MCINTYRE,Ammonium,2016-08-04T00:00,0.159,µg/m³,PM2.5,IC
90132,EDMONTON MCINTYRE,Ammonium,2016-08-07T00:00,0.074,µg/m³,PM2.5,IC
90132,EDMONTON MCINTYRE,Ammonium,2016-08-10T00:00,0.546,µg/m³,PM2.5,IC
90132,EDMONTON MCINTYRE,Ammonium,2016-08-16T00:00,0.142,µg/m³,PM2.5,IC
90132,EDMONTON MCINTYRE,Ammonium,2016-08-19T00:00,0.067,µg/m³,PM2.5,IC
90132,EDMONTON MCINTYRE,Ammonium,2016-08-22T00:00,0.098,µg/m³,PM2.5,IC
90132,EDMONTON MCINTYRE,Ammonium,2016-08-25T00:00,0.086,µg/m³,PM2.5,IC
90132,EDMONTON MCINTYRE,Ammonium,2016-08-28T00:00,0.010,µg/m³,PM2.5,IC
90132,EDMONTON MCINTYRE,Ammonium,2016-08-31T00:00,0.176,µg/m³,PM2.5,IC
90132,EDMONTON MCINTYRE,Ammonium,2016-09-03T00:00,0.042,µg/m³,PM2.5,IC
90132,EDMONTON MCINTYRE,Ammonium,2016-09-06T00:00,0.270,µg/m³,PM2.5,IC
90132,EDMONTON MCINTYRE,Ammonium,2016-09-09T00:00,0.085,µg/m³,PM2.5,IC
90132,EDMONTON MCINTYRE,Ammonium,2016-09-12T00:00,0.202,µg/m³,PM2.5,IC
90132,EDMONTON MCINTYRE,Ammonium,2016-09-18T00:00,0.075,µg/m³,PM2.5,IC
90132,EDMONTON MCINTYRE,Ammonium,2016-09-24T00:00,0.053,µg/m³,PM2.5,IC
90132,EDMONTON MCINTYRE,Ammonium,2016-09-27T00:00,0.095,µg/m³,PM2.5,IC
90132,EDMONTON MCINTYRE,Ammonium,2016-09-30T00:00,0.150,µg/m³,PM2.5,IC
90132,EDMONTON MCINTYRE,Ammonium,2016-10-03T00:00,0.493,µg/m³,PM2.5,IC
90132,EDMONTON MCINTYRE,Ammonium,2016-10-06T00:00,0.426,µg/m³,PM2.5,IC
90132,EDMONTON MCINTYRE,Ammonium,2016-10-09T00:00,0.167,µg/m³,PM2.5,IC
90132,EDMONTON MCINTYRE,Ammonium,2016-10-12T00:00,0.217,µg/m³,PM2.5,IC
90132,EDMONTON MCINTYRE,Ammonium,2016-10-15T00:00,0.795,µg/m³,PM2.5,IC
90132,EDMONTON MCINTYRE,Ammonium,2016-10-18T00:00,0.409,µg/m³,PM2.5,IC
90132,EDMONTON MCINTYRE,Ammonium,2016-10-21T00:00,0.086,µg/m³,PM2.5,IC
90132,EDMONTON MCINTYRE,Ammonium,2016-10-24T00:00,0.683,µg/m³,PM2.5,IC
90132,EDMONTON MCINTYRE,Ammonium,2016-10-27T00:00,1.594,µg/m³,PM2.5,IC
90132,EDMONTON MCINTYRE,Ammonium,2016-10-30T00:00,1.224,µg/m³,PM2.5,IC
90132,EDMONTON MCINTYRE,Ammonium,2016-11-05T00:00,0.115,µg/m³,PM2.5,IC
90132,EDMONTON MCINTYRE,Ammonium,2016-11-08T00:00,0.043,µg/m³,PM2.5,IC
90132,EDMONTON MCINTYRE,Ammonium,2016-11-11T00:00,0.092,µg/m³,PM2.5,IC
90132,EDMONTON MCINTYRE,Ammonium,2016-11-14T00:00,0.041,µg/m³,PM2.5,IC
90132,EDMONTON MCINTYRE,Ammonium,2016-11-17T00:00,0.167,µg/m³,PM2.5,IC
90132,EDMONTON MCINTYRE,Ammonium,2016-11-20T00:00,1.589,µg/m³,PM2.5,IC
90132,EDMONTON MCINTYRE,Ammonium,2016-11-23T00:00,1.181,µg/m³,PM2.5,IC
90132,EDMONTON MCINTYRE,Ammonium,2016-11-26T00:00,0.430,µg/m³,PM2.5,IC
90132,EDMONTON MCINTYRE,Ammonium,2016-11-29T00:00,1.164,µg/m³,PM2.5,IC
90132,EDMONTON MCINTYRE,Ammonium,2016-12-02T00:00,0.983,µg/m³,PM2.5,IC
90132,EDMONTON MCINTYRE,Ammonium,2016-12-05T00:00,0.038,µg/m³,PM2.5,IC
90132,EDMONTON MCINTYRE,Ammonium,2016-12-08T00:00,1.590,µg/m³,PM2.5,IC
90132,EDMONTON MCINTYRE,Ammonium,2016-12-11T00:00,0.389,µg/m³,PM2.5,IC
90132,EDMONTON MCINTYRE,Ammonium,2016-12-14T00:00,0.284,µg/m³,PM2.5,IC
90132,EDMONTON MCINTYRE,Ammonium,2016-12-17T00:00,0.762,µg/m³,PM2.5,IC
90132,EDMONTON MCINTYRE,Ammonium,2016-12-23T00:00,0.473,µg/m³,PM2.5,IC
90132,EDMONTON MCINTYRE,Ammonium,2016-12-26T00:00,1.542,µg/m³,PM2.5,IC
90132,EDMONTON MCINTYRE,Ammonium,2016-12-29T00:00,0.029,µg/m³,PM2.5,IC
