﻿NAPS_Site_ID,Station_Name,Pollutant,Date,Value,Units,Report_Type,Method
61502,WEST AVE. & HOMEWOOD _KITCHENER_,"trans-1,2-Dichloroethylene",1998-06-22T00:00,0.022,µg/m³,VOC,GC-MS
61502,WEST AVE. & HOMEWOOD _KITCHENER_,"trans-1,2-Dichloroethylene",1998-06-28T00:00,0.000,µg/m³,VOC,GC-MS
61502,WEST AVE. & HOMEWOOD _KITCHENER_,"trans-1,2-Dichloroethylene",1998-07-04T00:00,0.000,µg/m³,VOC,GC-MS
61502,WEST AVE. & HOMEWOOD _KITCHENER_,"trans-1,2-Dichloroethylene",1998-07-10T00:00,0.028,µg/m³,VOC,GC-MS
61502,WEST AVE. & HOMEWOOD _KITCHENER_,"trans-1,2-Dichloroethylene",1998-07-16T00:00,0.000,µg/m³,VOC,GC-MS
61502,WEST AVE. & HOMEWOOD _KITCHENER_,"trans-1,2-Dichloroethylene",1998-07-22T00:00,0.025,µg/m³,VOC,GC-MS
61502,WEST AVE. & HOMEWOOD _KITCHENER_,"trans-1,2-Dichloroethylene",1998-07-28T00:00,0.023,µg/m³,VOC,GC-MS
61502,WEST AVE. & HOMEWOOD _KITCHENER_,"trans-1,2-Dichloroethylene",1998-08-03T00:00,0.020,µg/m³,VOC,GC-MS
61502,WEST AVE. & HOMEWOOD _KITCHENER_,"trans-1,2-Dichloroethylene",1998-08-09T00:00,0.000,µg/m³,VOC,GC-MS
61502,WEST AVE. & HOMEWOOD _KITCHENER_,"trans-1,2-Dichloroethylene",1998-08-15T00:00,0.000,µg/m³,VOC,GC-MS
61502,WEST AVE. & HOMEWOOD _KITCHENER_,"trans-1,2-Dichloroethylene",1998-08-21T00:00,0.000,µg/m³,VOC,GC-MS
61502,WEST AVE. & HOMEWOOD _KITCHENER_,"trans-1,2-Dichloroethylene",1998-08-26T00:00,0.000,µg/m³,VOC,GC-MS
61502,WEST AVE. & HOMEWOOD _KITCHENER_,"trans-1,2-Dichloroethylene",1998-09-02T00:00,0.016,µg/m³,VOC,GC-MS
61502,WEST AVE. & HOMEWOOD _KITCHENER_,"trans-1,2-Dichloroethylene",1998-09-08T00:00,0.000,µg/m³,VOC,GC-MS
61502,WEST AVE. & HOMEWOOD _KITCHENER_,"trans-1,2-Dichloroethylene",1998-09-14T00:00,0.000,µg/m³,VOC,GC-MS
61502,WEST AVE. & HOMEWOOD _KITCHENER_,"trans-1,2-Dichloroethylene",1998-09-26T00:00,0.000,µg/m³,VOC,GC-MS
61502,WEST AVE. & HOMEWOOD _KITCHENER_,"trans-1,2-Dichloroethylene",1998-10-02T00:00,0.000,µg/m³,VOC,GC-MS
61502,WEST AVE. & HOMEWOOD _KITCHENER_,"trans-1,2-Dichloroethylene",1998-10-20T00:00,0.000,µg/m³,VOC,GC-MS
61502,WEST AVE. & HOMEWOOD _KITCHENER_,"trans-1,2-Dichloroethylene",1998-10-26T00:00,0.000,µg/m³,VOC,GC-MS
61502,WEST AVE. & HOMEWOOD _KITCHENER_,"trans-1,2-Dichloroethylene",1998-11-01T00:00,0.000,µg/m³,VOC,GC-MS
61502,WEST AVE. & HOMEWOOD _KITCHENER_,"trans-1,2-Dichloroethylene",1998-11-07T00:00,0.000,µg/m³,VOC,GC-MS
61502,WEST AVE. & HOMEWOOD _KITCHENER_,"trans-1,2-Dichloroethylene",1998-11-13T00:00,0.000,µg/m³,VOC,GC-MS
61502,WEST AVE. & HOMEWOOD _KITCHENER_,"trans-1,2-Dichloroethylene",1998-11-19T00:00,0.000,µg/m³,VOC,GC-MS
61502,WEST AVE. & HOMEWOOD _KITCHENER_,"trans-1,2-Dichloroethylene",1998-11-25T00:00,0.000,µg/m³,VOC,GC-MS
61502,WEST AVE. & HOMEWOOD _KITCHENER_,"trans-1,2-Dichloroethylene",1998-12-01T00:00,0.000,µg/m³,VOC,GC-MS
61502,WEST AVE. & HOMEWOOD _KITCHENER_,"trans-1,2-Dichloroethylene",1998-12-07T00:00,0.000,µg/m³,VOC,GC-MS
61502,WEST AVE. & HOMEWOOD _KITCHENER_,"trans-1,2-Dichloroethylene",1998-12-13T00:00,0.000,µg/m³,VOC,GC-MS
61502,WEST AVE. & HOMEWOOD _KITCHENER_,"trans-1,2-Dichloroethylene",1998-12-19T00:00,0.000,µg/m³,VOC,GC-MS
61502,WEST AVE. & HOMEWOOD _KITCHENER_,"trans-1,2-Dichloroethylene",1998-12-25T00:00,0.000,µg/m³,VOC,GC-MS
