﻿NAPS_Site_ID,Station_Name,Pollutant,Date,Value,Units,Report_Type,Method
50124,MONTRÉAL-CHATEAUNEUF-ANJOU,Vinylchloride,2020-01-04T00:00,0.002,µg/m³,VOC,GC-MS
50124,MONTRÉAL-CHATEAUNEUF-ANJOU,Vinylchloride,2020-01-16T00:00,0.004,µg/m³,VOC,GC-MS
50124,MONTRÉAL-CHATEAUNEUF-ANJOU,Vinylchloride,2020-01-22T00:00,0.003,µg/m³,VOC,GC-MS
50124,MONTRÉAL-CHATEAUNEUF-ANJOU,Vinylchloride,2020-01-28T00:00,0.002,µg/m³,VOC,GC-MS
50124,MONTRÉAL-CHATEAUNEUF-ANJOU,Vinylchloride,2020-02-03T00:00,0.002,µg/m³,VOC,GC-MS
50124,MONTRÉAL-CHATEAUNEUF-ANJOU,Vinylchloride,2020-02-09T00:00,0.003,µg/m³,VOC,GC-MS
50124,MONTRÉAL-CHATEAUNEUF-ANJOU,Vinylchloride,2020-02-15T00:00,0.002,µg/m³,VOC,GC-MS
50124,MONTRÉAL-CHATEAUNEUF-ANJOU,Vinylchloride,2020-02-21T00:00,0.003,µg/m³,VOC,GC-MS
50124,MONTRÉAL-CHATEAUNEUF-ANJOU,Vinylchloride,2020-02-27T00:00,0.002,µg/m³,VOC,GC-MS
