﻿NAPS_Site_ID,Station_Name,Pollutant,Date,Value,Units,Report_Type,Method
60427,GAGE INSTITUTE,Perylene,2006-01-11T00:00,0.000,µg/m³,PAH,
60427,GAGE INSTITUTE,Perylene,2006-02-04T00:00,0.000,µg/m³,PAH,
60427,GAGE INSTITUTE,Perylene,2006-02-10T00:00,0.000,µg/m³,PAH,
60427,GAGE INSTITUTE,Perylene,2006-02-28T00:00,0.000,µg/m³,PAH,
60427,GAGE INSTITUTE,Perylene,2006-03-06T00:00,0.000,µg/m³,PAH,
60427,GAGE INSTITUTE,Perylene,2006-03-24T00:00,0.000,µg/m³,PAH,
60427,GAGE INSTITUTE,Perylene,2006-03-30T00:00,0.000,µg/m³,PAH,
60427,GAGE INSTITUTE,Perylene,2006-04-17T00:00,0.000,µg/m³,PAH,
60427,GAGE INSTITUTE,Perylene,2006-04-23T00:00,0.000,µg/m³,PAH,
60427,GAGE INSTITUTE,Perylene,2006-05-11T00:00,0.000,µg/m³,PAH,
60427,GAGE INSTITUTE,Perylene,2006-05-17T00:00,0.000,µg/m³,PAH,
60427,GAGE INSTITUTE,Perylene,2006-06-04T00:00,0.000,µg/m³,PAH,
60427,GAGE INSTITUTE,Perylene,2006-06-10T00:00,0.000,µg/m³,PAH,
60427,GAGE INSTITUTE,Perylene,2006-06-28T00:00,0.000,µg/m³,PAH,
60427,GAGE INSTITUTE,Perylene,2006-07-04T00:00,0.000,µg/m³,PAH,
60427,GAGE INSTITUTE,Perylene,2006-07-22T00:00,0.000,µg/m³,PAH,
60427,GAGE INSTITUTE,Perylene,2006-08-15T00:00,0.000,µg/m³,PAH,
60427,GAGE INSTITUTE,Perylene,2006-08-21T00:00,0.000,µg/m³,PAH,
60427,GAGE INSTITUTE,Perylene,2006-09-08T00:00,0.000,µg/m³,PAH,
60427,GAGE INSTITUTE,Perylene,2006-09-14T00:00,0.000,µg/m³,PAH,
60427,GAGE INSTITUTE,Perylene,2006-10-02T00:00,0.000,µg/m³,PAH,
60427,GAGE INSTITUTE,Perylene,2006-10-08T00:00,0.000,µg/m³,PAH,
60427,GAGE INSTITUTE,Perylene,2006-10-26T00:00,0.000,µg/m³,PAH,
60427,GAGE INSTITUTE,Perylene,2006-11-01T00:00,0.000,µg/m³,PAH,
60427,GAGE INSTITUTE,Perylene,2006-11-19T00:00,0.000,µg/m³,PAH,
60427,GAGE INSTITUTE,Perylene,2006-11-25T00:00,0.000,µg/m³,PAH,
60427,GAGE INSTITUTE,Perylene,2006-12-07T00:00,0.000,µg/m³,PAH,
60427,GAGE INSTITUTE,Perylene,2006-12-13T00:00,0.000,µg/m³,PAH,
