﻿NAPS_Site_ID,Station_Name,Pollutant,Date,Value,Units,Report_Type,Method
100133,BURMOUNT,Nonane,2008-01-01T00:00,0.214,µg/m³,VOC,
100133,BURMOUNT,Nonane,2008-01-07T00:00,0.068,µg/m³,VOC,
100133,BURMOUNT,Nonane,2008-01-14T00:00,0.044,µg/m³,VOC,
100133,BURMOUNT,Nonane,2008-01-19T00:00,0.085,µg/m³,VOC,
100133,BURMOUNT,Nonane,2008-01-25T00:00,0.258,µg/m³,VOC,
100133,BURMOUNT,Nonane,2008-01-31T00:00,0.072,µg/m³,VOC,
100133,BURMOUNT,Nonane,2008-02-12T00:00,0.270,µg/m³,VOC,
100133,BURMOUNT,Nonane,2008-02-24T00:00,0.188,µg/m³,VOC,
100133,BURMOUNT,Nonane,2008-03-01T00:00,0.084,µg/m³,VOC,
100133,BURMOUNT,Nonane,2008-03-07T00:00,0.131,µg/m³,VOC,
100133,BURMOUNT,Nonane,2008-03-13T00:00,0.149,µg/m³,VOC,
100133,BURMOUNT,Nonane,2008-03-19T00:00,0.074,µg/m³,VOC,
100133,BURMOUNT,Nonane,2008-04-06T00:00,0.044,µg/m³,VOC,
100133,BURMOUNT,Nonane,2008-04-12T00:00,0.280,µg/m³,VOC,
100133,BURMOUNT,Nonane,2008-04-24T00:00,0.045,µg/m³,VOC,
100133,BURMOUNT,Nonane,2008-04-30T00:00,0.102,µg/m³,VOC,
100133,BURMOUNT,Nonane,2008-05-06T00:00,0.123,µg/m³,VOC,
100133,BURMOUNT,Nonane,2008-05-12T00:00,0.066,µg/m³,VOC,
100133,BURMOUNT,Nonane,2008-05-18T00:00,0.127,µg/m³,VOC,
100133,BURMOUNT,Nonane,2008-05-24T00:00,0.211,µg/m³,VOC,
100133,BURMOUNT,Nonane,2008-05-30T00:00,0.096,µg/m³,VOC,
100133,BURMOUNT,Nonane,2008-06-05T00:00,0.067,µg/m³,VOC,
100133,BURMOUNT,Nonane,2008-06-11T00:00,0.103,µg/m³,VOC,
100133,BURMOUNT,Nonane,2008-06-17T00:00,0.096,µg/m³,VOC,
100133,BURMOUNT,Nonane,2008-06-29T00:00,0.167,µg/m³,VOC,
100133,BURMOUNT,Nonane,2008-07-05T00:00,0.061,µg/m³,VOC,
100133,BURMOUNT,Nonane,2008-07-11T00:00,0.133,µg/m³,VOC,
100133,BURMOUNT,Nonane,2008-07-17T00:00,0.167,µg/m³,VOC,
100133,BURMOUNT,Nonane,2008-07-23T00:00,0.083,µg/m³,VOC,
100133,BURMOUNT,Nonane,2008-08-04T00:00,0.127,µg/m³,VOC,
100133,BURMOUNT,Nonane,2008-08-10T00:00,0.065,µg/m³,VOC,
100133,BURMOUNT,Nonane,2008-08-16T00:00,0.283,µg/m³,VOC,
100133,BURMOUNT,Nonane,2008-08-22T00:00,0.177,µg/m³,VOC,
100133,BURMOUNT,Nonane,2008-08-28T00:00,0.071,µg/m³,VOC,
100133,BURMOUNT,Nonane,2008-09-03T00:00,0.413,µg/m³,VOC,
100133,BURMOUNT,Nonane,2008-11-02T00:00,0.124,µg/m³,VOC,
100133,BURMOUNT,Nonane,2008-11-08T00:00,0.027,µg/m³,VOC,
100133,BURMOUNT,Nonane,2008-11-14T00:00,0.656,µg/m³,VOC,
100133,BURMOUNT,Nonane,2008-11-20T00:00,0.403,µg/m³,VOC,
100133,BURMOUNT,Nonane,2008-11-26T00:00,0.196,µg/m³,VOC,
100133,BURMOUNT,Nonane,2008-12-02T00:00,0.135,µg/m³,VOC,
100133,BURMOUNT,Nonane,2008-12-08T00:00,0.094,µg/m³,VOC,
100133,BURMOUNT,Nonane,2008-12-14T00:00,0.026,µg/m³,VOC,
100133,BURMOUNT,Nonane,2008-12-20T00:00,0.104,µg/m³,VOC,
