﻿NAPS_Site_ID,Station_Name,Pollutant,Date,Value,Units,Report_Type,Method
30118,VOGUE BUILDING,2-Methyl-2-butene,2015-01-05T19:00,0.066,µg/m³,VOC,N/A
30118,VOGUE BUILDING,2-Methyl-2-butene,2015-01-11T19:00,0.064,µg/m³,VOC,N/A
30118,VOGUE BUILDING,2-Methyl-2-butene,2015-01-17T19:00,0.111,µg/m³,VOC,N/A
30118,VOGUE BUILDING,2-Methyl-2-butene,2015-01-23T19:00,0.107,µg/m³,VOC,N/A
30118,VOGUE BUILDING,2-Methyl-2-butene,2015-01-29T19:00,0.142,µg/m³,VOC,N/A
30118,VOGUE BUILDING,2-Methyl-2-butene,2015-02-04T19:00,0.110,µg/m³,VOC,N/A
30118,VOGUE BUILDING,2-Methyl-2-butene,2015-02-10T19:00,0.051,µg/m³,VOC,N/A
30118,VOGUE BUILDING,2-Methyl-2-butene,2015-02-22T19:00,0.056,µg/m³,VOC,N/A
30118,VOGUE BUILDING,2-Methyl-2-butene,2015-03-06T19:00,0.051,µg/m³,VOC,N/A
30118,VOGUE BUILDING,2-Methyl-2-butene,2015-03-12T20:00,0.027,µg/m³,VOC,N/A
30118,VOGUE BUILDING,2-Methyl-2-butene,2015-03-18T20:00,0.010,µg/m³,VOC,N/A
30118,VOGUE BUILDING,2-Methyl-2-butene,2015-03-24T20:00,0.089,µg/m³,VOC,N/A
30118,VOGUE BUILDING,2-Methyl-2-butene,2015-03-30T20:00,0.095,µg/m³,VOC,N/A
30118,VOGUE BUILDING,2-Methyl-2-butene,2015-04-05T20:00,0.020,µg/m³,VOC,N/A
30118,VOGUE BUILDING,2-Methyl-2-butene,2015-04-11T20:00,0.042,µg/m³,VOC,N/A
30118,VOGUE BUILDING,2-Methyl-2-butene,2015-04-17T20:00,0.060,µg/m³,VOC,N/A
30118,VOGUE BUILDING,2-Methyl-2-butene,2015-04-23T20:00,0.197,µg/m³,VOC,N/A
30118,VOGUE BUILDING,2-Methyl-2-butene,2015-04-29T20:00,0.085,µg/m³,VOC,N/A
30118,VOGUE BUILDING,2-Methyl-2-butene,2015-05-05T20:00,0.072,µg/m³,VOC,N/A
30118,VOGUE BUILDING,2-Methyl-2-butene,2015-05-11T20:00,0.093,µg/m³,VOC,N/A
30118,VOGUE BUILDING,2-Methyl-2-butene,2015-05-17T20:00,0.101,µg/m³,VOC,N/A
30118,VOGUE BUILDING,2-Methyl-2-butene,2015-05-23T20:00,0.065,µg/m³,VOC,N/A
30118,VOGUE BUILDING,2-Methyl-2-butene,2015-05-29T20:00,0.238,µg/m³,VOC,N/A
30118,VOGUE BUILDING,2-Methyl-2-butene,2015-06-04T20:00,0.166,µg/m³,VOC,N/A
30118,VOGUE BUILDING,2-Methyl-2-butene,2015-06-10T20:00,0.155,µg/m³,VOC,N/A
30118,VOGUE BUILDING,2-Methyl-2-butene,2015-06-16T20:00,0.134,µg/m³,VOC,N/A
30118,VOGUE BUILDING,2-Methyl-2-butene,2015-06-22T20:00,0.094,µg/m³,VOC,N/A
30118,VOGUE BUILDING,2-Methyl-2-butene,2015-06-28T20:00,0.216,µg/m³,VOC,N/A
30118,VOGUE BUILDING,2-Methyl-2-butene,2015-07-04T20:00,0.186,µg/m³,VOC,N/A
30118,VOGUE BUILDING,2-Methyl-2-butene,2015-07-10T20:00,0.319,µg/m³,VOC,N/A
30118,VOGUE BUILDING,2-Methyl-2-butene,2015-07-16T20:00,0.203,µg/m³,VOC,N/A
30118,VOGUE BUILDING,2-Methyl-2-butene,2015-07-22T20:00,0.282,µg/m³,VOC,N/A
30118,VOGUE BUILDING,2-Methyl-2-butene,2015-07-28T20:00,0.211,µg/m³,VOC,N/A
30118,VOGUE BUILDING,2-Methyl-2-butene,2015-08-03T20:00,0.106,µg/m³,VOC,N/A
30118,VOGUE BUILDING,2-Methyl-2-butene,2015-08-09T20:00,0.241,µg/m³,VOC,N/A
30118,VOGUE BUILDING,2-Methyl-2-butene,2015-08-15T20:00,0.186,µg/m³,VOC,N/A
30118,VOGUE BUILDING,2-Methyl-2-butene,2015-08-27T20:00,0.159,µg/m³,VOC,N/A
30118,VOGUE BUILDING,2-Methyl-2-butene,2015-09-02T20:00,0.404,µg/m³,VOC,N/A
30118,VOGUE BUILDING,2-Methyl-2-butene,2015-09-20T20:00,0.050,µg/m³,VOC,N/A
30118,VOGUE BUILDING,2-Methyl-2-butene,2015-10-08T20:00,0.143,µg/m³,VOC,N/A
30118,VOGUE BUILDING,2-Methyl-2-butene,2015-10-14T20:00,0.086,µg/m³,VOC,N/A
30118,VOGUE BUILDING,2-Methyl-2-butene,2015-10-20T20:00,0.066,µg/m³,VOC,N/A
30118,VOGUE BUILDING,2-Methyl-2-butene,2015-10-26T20:00,0.059,µg/m³,VOC,N/A
30118,VOGUE BUILDING,2-Methyl-2-butene,2015-11-01T19:00,0.054,µg/m³,VOC,N/A
30118,VOGUE BUILDING,2-Methyl-2-butene,2015-11-07T19:00,0.033,µg/m³,VOC,N/A
30118,VOGUE BUILDING,2-Methyl-2-butene,2015-11-13T19:00,0.072,µg/m³,VOC,N/A
30118,VOGUE BUILDING,2-Methyl-2-butene,2015-11-19T19:00,0.087,µg/m³,VOC,N/A
30118,VOGUE BUILDING,2-Methyl-2-butene,2015-11-25T19:00,0.294,µg/m³,VOC,N/A
30118,VOGUE BUILDING,2-Methyl-2-butene,2015-12-01T19:00,0.136,µg/m³,VOC,N/A
30118,VOGUE BUILDING,2-Methyl-2-butene,2015-12-07T19:00,0.070,µg/m³,VOC,N/A
30118,VOGUE BUILDING,2-Methyl-2-butene,2015-12-19T19:00,0.074,µg/m³,VOC,N/A
30118,VOGUE BUILDING,2-Methyl-2-butene,2015-12-25T19:00,0.074,µg/m³,VOC,N/A
