﻿NAPS_Site_ID,Station_Name,Pollutant,Date,Value,Units,Report_Type,Method
100112,DOWNTOWN VANCOUVER,"2,2-Dimethylhexane",2003-01-09T00:00,0.066,µg/m³,VOC,GC-MS
100112,DOWNTOWN VANCOUVER,"2,2-Dimethylhexane",2003-01-27T00:00,0.011,µg/m³,VOC,GC-MS
100112,DOWNTOWN VANCOUVER,"2,2-Dimethylhexane",2003-02-14T00:00,0.029,µg/m³,VOC,GC-MS
100112,DOWNTOWN VANCOUVER,"2,2-Dimethylhexane",2003-03-04T00:00,0.022,µg/m³,VOC,GC-MS
100112,DOWNTOWN VANCOUVER,"2,2-Dimethylhexane",2003-03-22T00:00,0.008,µg/m³,VOC,GC-MS
100112,DOWNTOWN VANCOUVER,"2,2-Dimethylhexane",2003-04-09T00:00,0.051,µg/m³,VOC,GC-MS
100112,DOWNTOWN VANCOUVER,"2,2-Dimethylhexane",2003-04-27T00:00,0.022,µg/m³,VOC,GC-MS
100112,DOWNTOWN VANCOUVER,"2,2-Dimethylhexane",2003-05-15T00:00,0.030,µg/m³,VOC,GC-MS
100112,DOWNTOWN VANCOUVER,"2,2-Dimethylhexane",2003-06-02T00:00,0.015,µg/m³,VOC,GC-MS
100112,DOWNTOWN VANCOUVER,"2,2-Dimethylhexane",2003-06-20T00:00,0.028,µg/m³,VOC,GC-MS
100112,DOWNTOWN VANCOUVER,"2,2-Dimethylhexane",2003-07-08T00:00,0.021,µg/m³,VOC,GC-MS
100112,DOWNTOWN VANCOUVER,"2,2-Dimethylhexane",2003-08-07T00:00,0.026,µg/m³,VOC,GC-MS
100112,DOWNTOWN VANCOUVER,"2,2-Dimethylhexane",2003-08-25T00:00,0.043,µg/m³,VOC,GC-MS
100112,DOWNTOWN VANCOUVER,"2,2-Dimethylhexane",2003-09-12T00:00,0.015,µg/m³,VOC,GC-MS
100112,DOWNTOWN VANCOUVER,"2,2-Dimethylhexane",2003-09-30T00:00,0.041,µg/m³,VOC,GC-MS
100112,DOWNTOWN VANCOUVER,"2,2-Dimethylhexane",2003-10-18T00:00,0.025,µg/m³,VOC,GC-MS
100112,DOWNTOWN VANCOUVER,"2,2-Dimethylhexane",2003-11-29T00:00,0.000,µg/m³,VOC,GC-MS
100112,DOWNTOWN VANCOUVER,"2,2-Dimethylhexane",2003-12-17T00:00,0.000,µg/m³,VOC,GC-MS
