﻿NAPS_Site_ID,Station_Name,Pollutant,Date,Value,Units,Report_Type,Method
100112,DOWNTOWN VANCOUVER,4-Methylheptane,1997-01-16T00:00,0.440,µg/m³,VOC,N/A
100112,DOWNTOWN VANCOUVER,4-Methylheptane,1997-02-27T00:00,0.120,µg/m³,VOC,N/A
100112,DOWNTOWN VANCOUVER,4-Methylheptane,1997-04-04T00:00,0.219,µg/m³,VOC,N/A
100112,DOWNTOWN VANCOUVER,4-Methylheptane,1997-05-16T00:00,0.244,µg/m³,VOC,N/A
100112,DOWNTOWN VANCOUVER,4-Methylheptane,1997-06-21T00:00,0.160,µg/m³,VOC,N/A
100112,DOWNTOWN VANCOUVER,4-Methylheptane,1997-07-27T00:00,0.128,µg/m³,VOC,N/A
100112,DOWNTOWN VANCOUVER,4-Methylheptane,1997-09-01T00:00,0.154,µg/m³,VOC,N/A
100112,DOWNTOWN VANCOUVER,4-Methylheptane,1997-10-13T00:00,0.111,µg/m³,VOC,N/A
100112,DOWNTOWN VANCOUVER,4-Methylheptane,1997-12-24T00:00,0.140,µg/m³,VOC,N/A
