﻿NAPS_Site_ID,Station_Name,Pollutant,Date,Value,Units,Report_Type,Method
61004,CENTENNIAL PARK _SARNIA_,Cyclohexene,1996-01-04T00:00,0.000,µg/m³,VOC,N/A
61004,CENTENNIAL PARK _SARNIA_,Cyclohexene,1996-01-10T00:00,0.000,µg/m³,VOC,N/A
61004,CENTENNIAL PARK _SARNIA_,Cyclohexene,1996-01-16T00:00,0.055,µg/m³,VOC,N/A
61004,CENTENNIAL PARK _SARNIA_,Cyclohexene,1996-01-22T00:00,0.054,µg/m³,VOC,N/A
61004,CENTENNIAL PARK _SARNIA_,Cyclohexene,1996-01-28T00:00,0.014,µg/m³,VOC,N/A
61004,CENTENNIAL PARK _SARNIA_,Cyclohexene,1996-02-03T00:00,0.027,µg/m³,VOC,N/A
61004,CENTENNIAL PARK _SARNIA_,Cyclohexene,1996-02-09T00:00,0.052,µg/m³,VOC,N/A
61004,CENTENNIAL PARK _SARNIA_,Cyclohexene,1996-02-15T00:00,0.026,µg/m³,VOC,N/A
61004,CENTENNIAL PARK _SARNIA_,Cyclohexene,1996-02-21T00:00,0.036,µg/m³,VOC,N/A
61004,CENTENNIAL PARK _SARNIA_,Cyclohexene,1996-02-27T00:00,0.063,µg/m³,VOC,N/A
61004,CENTENNIAL PARK _SARNIA_,Cyclohexene,1996-04-03T00:00,0.015,µg/m³,VOC,N/A
61004,CENTENNIAL PARK _SARNIA_,Cyclohexene,1996-04-09T00:00,0.024,µg/m³,VOC,N/A
61004,CENTENNIAL PARK _SARNIA_,Cyclohexene,1996-04-15T00:00,0.029,µg/m³,VOC,N/A
61004,CENTENNIAL PARK _SARNIA_,Cyclohexene,1996-04-21T00:00,0.021,µg/m³,VOC,N/A
61004,CENTENNIAL PARK _SARNIA_,Cyclohexene,1996-04-27T00:00,0.033,µg/m³,VOC,N/A
61004,CENTENNIAL PARK _SARNIA_,Cyclohexene,1996-05-03T00:00,0.054,µg/m³,VOC,N/A
61004,CENTENNIAL PARK _SARNIA_,Cyclohexene,1996-05-09T00:00,0.064,µg/m³,VOC,N/A
61004,CENTENNIAL PARK _SARNIA_,Cyclohexene,1996-05-15T00:00,0.025,µg/m³,VOC,N/A
61004,CENTENNIAL PARK _SARNIA_,Cyclohexene,1996-05-21T00:00,0.025,µg/m³,VOC,N/A
61004,CENTENNIAL PARK _SARNIA_,Cyclohexene,1996-05-27T00:00,0.025,µg/m³,VOC,N/A
61004,CENTENNIAL PARK _SARNIA_,Cyclohexene,1996-06-02T00:00,0.067,µg/m³,VOC,N/A
61004,CENTENNIAL PARK _SARNIA_,Cyclohexene,1996-06-08T00:00,0.045,µg/m³,VOC,N/A
61004,CENTENNIAL PARK _SARNIA_,Cyclohexene,1996-06-14T00:00,0.039,µg/m³,VOC,N/A
61004,CENTENNIAL PARK _SARNIA_,Cyclohexene,1996-06-20T00:00,0.054,µg/m³,VOC,N/A
61004,CENTENNIAL PARK _SARNIA_,Cyclohexene,1996-08-07T00:00,0.167,µg/m³,VOC,N/A
61004,CENTENNIAL PARK _SARNIA_,Cyclohexene,1996-08-31T00:00,0.259,µg/m³,VOC,N/A
61004,CENTENNIAL PARK _SARNIA_,Cyclohexene,1996-09-06T00:00,0.113,µg/m³,VOC,N/A
61004,CENTENNIAL PARK _SARNIA_,Cyclohexene,1996-09-12T00:00,0.105,µg/m³,VOC,N/A
61004,CENTENNIAL PARK _SARNIA_,Cyclohexene,1996-09-18T00:00,0.102,µg/m³,VOC,N/A
61004,CENTENNIAL PARK _SARNIA_,Cyclohexene,1996-09-30T00:00,0.173,µg/m³,VOC,N/A
61004,CENTENNIAL PARK _SARNIA_,Cyclohexene,1996-10-06T00:00,0.163,µg/m³,VOC,N/A
61004,CENTENNIAL PARK _SARNIA_,Cyclohexene,1996-10-12T00:00,0.218,µg/m³,VOC,N/A
61004,CENTENNIAL PARK _SARNIA_,Cyclohexene,1996-10-18T00:00,0.074,µg/m³,VOC,N/A
61004,CENTENNIAL PARK _SARNIA_,Cyclohexene,1996-10-24T00:00,0.083,µg/m³,VOC,N/A
61004,CENTENNIAL PARK _SARNIA_,Cyclohexene,1996-10-30T00:00,0.071,µg/m³,VOC,N/A
61004,CENTENNIAL PARK _SARNIA_,Cyclohexene,1996-11-05T00:00,0.072,µg/m³,VOC,N/A
61004,CENTENNIAL PARK _SARNIA_,Cyclohexene,1996-11-11T00:00,0.056,µg/m³,VOC,N/A
61004,CENTENNIAL PARK _SARNIA_,Cyclohexene,1996-11-17T00:00,0.040,µg/m³,VOC,N/A
61004,CENTENNIAL PARK _SARNIA_,Cyclohexene,1996-11-23T00:00,0.045,µg/m³,VOC,N/A
61004,CENTENNIAL PARK _SARNIA_,Cyclohexene,1996-11-29T00:00,0.046,µg/m³,VOC,N/A
61004,CENTENNIAL PARK _SARNIA_,Cyclohexene,1996-12-05T00:00,0.080,µg/m³,VOC,N/A
61004,CENTENNIAL PARK _SARNIA_,Cyclohexene,1996-12-11T00:00,0.080,µg/m³,VOC,N/A
61004,CENTENNIAL PARK _SARNIA_,Cyclohexene,1996-12-17T00:00,0.080,µg/m³,VOC,N/A
61004,CENTENNIAL PARK _SARNIA_,Cyclohexene,1996-12-23T00:00,0.120,µg/m³,VOC,N/A
61004,CENTENNIAL PARK _SARNIA_,Cyclohexene,1996-12-29T00:00,0.100,µg/m³,VOC,N/A
