﻿NAPS_Site_ID,Station_Name,Pollutant,Date,Value,Units,Report_Type,Method
30501,KEJIMKUJIK NATIONAL PARK,Ethane,1999-01-09T00:00,2.845,µg/m³,VOC,N/A
30501,KEJIMKUJIK NATIONAL PARK,Ethane,1999-01-12T00:00,3.132,µg/m³,VOC,N/A
30501,KEJIMKUJIK NATIONAL PARK,Ethane,1999-01-15T00:00,2.676,µg/m³,VOC,N/A
30501,KEJIMKUJIK NATIONAL PARK,Ethane,1999-01-18T00:00,3.362,µg/m³,VOC,N/A
30501,KEJIMKUJIK NATIONAL PARK,Ethane,1999-01-21T00:00,2.645,µg/m³,VOC,N/A
30501,KEJIMKUJIK NATIONAL PARK,Ethane,1999-01-24T00:00,2.229,µg/m³,VOC,N/A
30501,KEJIMKUJIK NATIONAL PARK,Ethane,1999-01-27T00:00,3.053,µg/m³,VOC,N/A
30501,KEJIMKUJIK NATIONAL PARK,Ethane,1999-01-30T00:00,2.789,µg/m³,VOC,N/A
30501,KEJIMKUJIK NATIONAL PARK,Ethane,1999-02-02T00:00,2.681,µg/m³,VOC,N/A
30501,KEJIMKUJIK NATIONAL PARK,Ethane,1999-02-05T00:00,3.212,µg/m³,VOC,N/A
30501,KEJIMKUJIK NATIONAL PARK,Ethane,1999-02-08T00:00,3.026,µg/m³,VOC,N/A
30501,KEJIMKUJIK NATIONAL PARK,Ethane,1999-02-11T00:00,2.728,µg/m³,VOC,N/A
30501,KEJIMKUJIK NATIONAL PARK,Ethane,1999-02-14T00:00,3.230,µg/m³,VOC,N/A
30501,KEJIMKUJIK NATIONAL PARK,Ethane,1999-02-17T00:00,2.664,µg/m³,VOC,N/A
30501,KEJIMKUJIK NATIONAL PARK,Ethane,1999-02-20T00:00,2.707,µg/m³,VOC,N/A
30501,KEJIMKUJIK NATIONAL PARK,Ethane,1999-02-23T00:00,2.784,µg/m³,VOC,N/A
30501,KEJIMKUJIK NATIONAL PARK,Ethane,1999-02-26T00:00,2.671,µg/m³,VOC,N/A
30501,KEJIMKUJIK NATIONAL PARK,Ethane,1999-03-01T00:00,2.401,µg/m³,VOC,N/A
30501,KEJIMKUJIK NATIONAL PARK,Ethane,1999-03-04T00:00,2.700,µg/m³,VOC,N/A
30501,KEJIMKUJIK NATIONAL PARK,Ethane,1999-03-07T00:00,2.599,µg/m³,VOC,N/A
30501,KEJIMKUJIK NATIONAL PARK,Ethane,1999-03-10T00:00,2.645,µg/m³,VOC,N/A
30501,KEJIMKUJIK NATIONAL PARK,Ethane,1999-03-13T00:00,2.946,µg/m³,VOC,N/A
30501,KEJIMKUJIK NATIONAL PARK,Ethane,1999-03-16T00:00,2.733,µg/m³,VOC,N/A
30501,KEJIMKUJIK NATIONAL PARK,Ethane,1999-03-19T00:00,3.406,µg/m³,VOC,N/A
30501,KEJIMKUJIK NATIONAL PARK,Ethane,1999-03-22T00:00,2.307,µg/m³,VOC,N/A
30501,KEJIMKUJIK NATIONAL PARK,Ethane,1999-03-25T00:00,3.306,µg/m³,VOC,N/A
30501,KEJIMKUJIK NATIONAL PARK,Ethane,1999-03-28T00:00,2.210,µg/m³,VOC,N/A
30501,KEJIMKUJIK NATIONAL PARK,Ethane,1999-03-31T00:00,2.432,µg/m³,VOC,N/A
30501,KEJIMKUJIK NATIONAL PARK,Ethane,1999-04-03T00:00,2.408,µg/m³,VOC,N/A
30501,KEJIMKUJIK NATIONAL PARK,Ethane,1999-04-06T00:00,2.358,µg/m³,VOC,N/A
30501,KEJIMKUJIK NATIONAL PARK,Ethane,1999-04-09T00:00,2.375,µg/m³,VOC,N/A
30501,KEJIMKUJIK NATIONAL PARK,Ethane,1999-04-12T00:00,2.337,µg/m³,VOC,N/A
30501,KEJIMKUJIK NATIONAL PARK,Ethane,1999-04-15T00:00,2.322,µg/m³,VOC,N/A
30501,KEJIMKUJIK NATIONAL PARK,Ethane,1999-04-18T00:00,2.485,µg/m³,VOC,N/A
30501,KEJIMKUJIK NATIONAL PARK,Ethane,1999-04-21T00:00,2.036,µg/m³,VOC,N/A
30501,KEJIMKUJIK NATIONAL PARK,Ethane,1999-04-24T00:00,1.952,µg/m³,VOC,N/A
30501,KEJIMKUJIK NATIONAL PARK,Ethane,1999-04-27T00:00,2.008,µg/m³,VOC,N/A
30501,KEJIMKUJIK NATIONAL PARK,Ethane,1999-04-30T00:00,2.016,µg/m³,VOC,N/A
30501,KEJIMKUJIK NATIONAL PARK,Ethane,1999-05-03T00:00,1.801,µg/m³,VOC,N/A
30501,KEJIMKUJIK NATIONAL PARK,Ethane,1999-05-06T00:00,1.303,µg/m³,VOC,N/A
30501,KEJIMKUJIK NATIONAL PARK,Ethane,1999-05-09T00:00,1.186,µg/m³,VOC,N/A
30501,KEJIMKUJIK NATIONAL PARK,Ethane,1999-05-12T00:00,1.843,µg/m³,VOC,N/A
30501,KEJIMKUJIK NATIONAL PARK,Ethane,1999-05-15T00:00,1.793,µg/m³,VOC,N/A
30501,KEJIMKUJIK NATIONAL PARK,Ethane,1999-05-18T00:00,1.530,µg/m³,VOC,N/A
30501,KEJIMKUJIK NATIONAL PARK,Ethane,1999-05-21T00:00,1.620,µg/m³,VOC,N/A
30501,KEJIMKUJIK NATIONAL PARK,Ethane,1999-05-24T00:00,1.293,µg/m³,VOC,N/A
30501,KEJIMKUJIK NATIONAL PARK,Ethane,1999-05-27T00:00,1.745,µg/m³,VOC,N/A
30501,KEJIMKUJIK NATIONAL PARK,Ethane,1999-05-30T00:00,1.542,µg/m³,VOC,N/A
30501,KEJIMKUJIK NATIONAL PARK,Ethane,1999-06-02T00:00,1.197,µg/m³,VOC,N/A
30501,KEJIMKUJIK NATIONAL PARK,Ethane,1999-06-05T00:00,1.489,µg/m³,VOC,N/A
30501,KEJIMKUJIK NATIONAL PARK,Ethane,1999-06-08T00:00,1.671,µg/m³,VOC,N/A
30501,KEJIMKUJIK NATIONAL PARK,Ethane,1999-06-11T00:00,1.422,µg/m³,VOC,N/A
30501,KEJIMKUJIK NATIONAL PARK,Ethane,1999-06-14T00:00,0.602,µg/m³,VOC,N/A
30501,KEJIMKUJIK NATIONAL PARK,Ethane,1999-06-17T00:00,1.313,µg/m³,VOC,N/A
30501,KEJIMKUJIK NATIONAL PARK,Ethane,1999-06-20T00:00,1.149,µg/m³,VOC,N/A
30501,KEJIMKUJIK NATIONAL PARK,Ethane,1999-06-23T00:00,1.176,µg/m³,VOC,N/A
30501,KEJIMKUJIK NATIONAL PARK,Ethane,1999-06-26T00:00,1.501,µg/m³,VOC,N/A
30501,KEJIMKUJIK NATIONAL PARK,Ethane,1999-06-29T00:00,0.615,µg/m³,VOC,N/A
30501,KEJIMKUJIK NATIONAL PARK,Ethane,1999-07-02T00:00,0.550,µg/m³,VOC,N/A
30501,KEJIMKUJIK NATIONAL PARK,Ethane,1999-07-05T00:00,1.231,µg/m³,VOC,N/A
30501,KEJIMKUJIK NATIONAL PARK,Ethane,1999-07-08T00:00,1.164,µg/m³,VOC,N/A
30501,KEJIMKUJIK NATIONAL PARK,Ethane,1999-07-11T00:00,0.905,µg/m³,VOC,N/A
30501,KEJIMKUJIK NATIONAL PARK,Ethane,1999-07-14T00:00,0.956,µg/m³,VOC,N/A
30501,KEJIMKUJIK NATIONAL PARK,Ethane,1999-07-17T00:00,2.052,µg/m³,VOC,N/A
30501,KEJIMKUJIK NATIONAL PARK,Ethane,1999-07-20T00:00,0.903,µg/m³,VOC,N/A
30501,KEJIMKUJIK NATIONAL PARK,Ethane,1999-07-23T00:00,1.158,µg/m³,VOC,N/A
30501,KEJIMKUJIK NATIONAL PARK,Ethane,1999-07-26T00:00,1.208,µg/m³,VOC,N/A
30501,KEJIMKUJIK NATIONAL PARK,Ethane,1999-07-29T00:00,1.032,µg/m³,VOC,N/A
30501,KEJIMKUJIK NATIONAL PARK,Ethane,1999-08-01T00:00,0.860,µg/m³,VOC,N/A
30501,KEJIMKUJIK NATIONAL PARK,Ethane,1999-08-04T00:00,0.823,µg/m³,VOC,N/A
30501,KEJIMKUJIK NATIONAL PARK,Ethane,1999-08-07T00:00,0.850,µg/m³,VOC,N/A
30501,KEJIMKUJIK NATIONAL PARK,Ethane,1999-08-10T00:00,0.781,µg/m³,VOC,N/A
30501,KEJIMKUJIK NATIONAL PARK,Ethane,1999-08-13T00:00,1.427,µg/m³,VOC,N/A
30501,KEJIMKUJIK NATIONAL PARK,Ethane,1999-08-16T00:00,0.770,µg/m³,VOC,N/A
30501,KEJIMKUJIK NATIONAL PARK,Ethane,1999-08-19T00:00,0.798,µg/m³,VOC,N/A
30501,KEJIMKUJIK NATIONAL PARK,Ethane,1999-08-22T00:00,0.803,µg/m³,VOC,N/A
30501,KEJIMKUJIK NATIONAL PARK,Ethane,1999-08-25T00:00,0.861,µg/m³,VOC,N/A
30501,KEJIMKUJIK NATIONAL PARK,Ethane,1999-08-28T00:00,0.811,µg/m³,VOC,N/A
30501,KEJIMKUJIK NATIONAL PARK,Ethane,1999-08-31T00:00,0.942,µg/m³,VOC,N/A
30501,KEJIMKUJIK NATIONAL PARK,Ethane,1999-09-03T00:00,1.048,µg/m³,VOC,N/A
30501,KEJIMKUJIK NATIONAL PARK,Ethane,1999-09-06T00:00,0.738,µg/m³,VOC,N/A
30501,KEJIMKUJIK NATIONAL PARK,Ethane,1999-09-09T00:00,1.015,µg/m³,VOC,N/A
30501,KEJIMKUJIK NATIONAL PARK,Ethane,1999-09-12T00:00,1.036,µg/m³,VOC,N/A
30501,KEJIMKUJIK NATIONAL PARK,Ethane,1999-09-15T00:00,0.995,µg/m³,VOC,N/A
30501,KEJIMKUJIK NATIONAL PARK,Ethane,1999-09-18T00:00,0.982,µg/m³,VOC,N/A
30501,KEJIMKUJIK NATIONAL PARK,Ethane,1999-09-21T00:00,0.629,µg/m³,VOC,N/A
30501,KEJIMKUJIK NATIONAL PARK,Ethane,1999-09-24T00:00,1.787,µg/m³,VOC,N/A
30501,KEJIMKUJIK NATIONAL PARK,Ethane,1999-09-27T00:00,0.920,µg/m³,VOC,N/A
30501,KEJIMKUJIK NATIONAL PARK,Ethane,1999-09-30T00:00,1.217,µg/m³,VOC,N/A
30501,KEJIMKUJIK NATIONAL PARK,Ethane,1999-10-03T00:00,1.705,µg/m³,VOC,N/A
30501,KEJIMKUJIK NATIONAL PARK,Ethane,1999-10-06T00:00,1.065,µg/m³,VOC,N/A
30501,KEJIMKUJIK NATIONAL PARK,Ethane,1999-10-09T00:00,1.128,µg/m³,VOC,N/A
30501,KEJIMKUJIK NATIONAL PARK,Ethane,1999-10-12T00:00,1.328,µg/m³,VOC,N/A
30501,KEJIMKUJIK NATIONAL PARK,Ethane,1999-10-15T00:00,1.120,µg/m³,VOC,N/A
30501,KEJIMKUJIK NATIONAL PARK,Ethane,1999-10-18T00:00,1.455,µg/m³,VOC,N/A
30501,KEJIMKUJIK NATIONAL PARK,Ethane,1999-10-21T00:00,1.476,µg/m³,VOC,N/A
30501,KEJIMKUJIK NATIONAL PARK,Ethane,1999-10-24T00:00,1.663,µg/m³,VOC,N/A
30501,KEJIMKUJIK NATIONAL PARK,Ethane,1999-10-27T00:00,2.065,µg/m³,VOC,N/A
30501,KEJIMKUJIK NATIONAL PARK,Ethane,1999-10-30T00:00,1.354,µg/m³,VOC,N/A
30501,KEJIMKUJIK NATIONAL PARK,Ethane,1999-11-02T00:00,1.640,µg/m³,VOC,N/A
30501,KEJIMKUJIK NATIONAL PARK,Ethane,1999-11-05T00:00,1.503,µg/m³,VOC,N/A
30501,KEJIMKUJIK NATIONAL PARK,Ethane,1999-11-08T00:00,1.384,µg/m³,VOC,N/A
30501,KEJIMKUJIK NATIONAL PARK,Ethane,1999-11-11T00:00,1.331,µg/m³,VOC,N/A
30501,KEJIMKUJIK NATIONAL PARK,Ethane,1999-11-14T00:00,1.477,µg/m³,VOC,N/A
30501,KEJIMKUJIK NATIONAL PARK,Ethane,1999-11-17T00:00,1.430,µg/m³,VOC,N/A
30501,KEJIMKUJIK NATIONAL PARK,Ethane,1999-11-20T00:00,1.300,µg/m³,VOC,N/A
30501,KEJIMKUJIK NATIONAL PARK,Ethane,1999-11-23T00:00,2.065,µg/m³,VOC,N/A
30501,KEJIMKUJIK NATIONAL PARK,Ethane,1999-11-26T00:00,1.990,µg/m³,VOC,N/A
30501,KEJIMKUJIK NATIONAL PARK,Ethane,1999-11-29T00:00,1.803,µg/m³,VOC,N/A
30501,KEJIMKUJIK NATIONAL PARK,Ethane,1999-12-02T00:00,1.797,µg/m³,VOC,N/A
30501,KEJIMKUJIK NATIONAL PARK,Ethane,1999-12-05T00:00,2.617,µg/m³,VOC,N/A
30501,KEJIMKUJIK NATIONAL PARK,Ethane,1999-12-08T00:00,2.660,µg/m³,VOC,N/A
30501,KEJIMKUJIK NATIONAL PARK,Ethane,1999-12-11T00:00,4.013,µg/m³,VOC,N/A
30501,KEJIMKUJIK NATIONAL PARK,Ethane,1999-12-14T00:00,2.609,µg/m³,VOC,N/A
30501,KEJIMKUJIK NATIONAL PARK,Ethane,1999-12-17T00:00,2.059,µg/m³,VOC,N/A
30501,KEJIMKUJIK NATIONAL PARK,Ethane,1999-12-20T00:00,1.787,µg/m³,VOC,N/A
30501,KEJIMKUJIK NATIONAL PARK,Ethane,1999-12-23T00:00,1.972,µg/m³,VOC,N/A
30501,KEJIMKUJIK NATIONAL PARK,Ethane,1999-12-26T00:00,1.838,µg/m³,VOC,N/A
30501,KEJIMKUJIK NATIONAL PARK,Ethane,1999-12-29T00:00,2.151,µg/m³,VOC,N/A
