﻿NAPS_Site_ID,Station_Name,Pollutant,Date,Value,Units,Report_Type,Method
100111,ROCKY POINT PARK,Camphene,2013-01-04T00:00,0.032,µg/m³,VOC,
100111,ROCKY POINT PARK,Camphene,2013-01-10T00:00,0.032,µg/m³,VOC,
100111,ROCKY POINT PARK,Camphene,2013-01-16T00:00,0.098,µg/m³,VOC,
100111,ROCKY POINT PARK,Camphene,2013-01-22T00:00,0.117,µg/m³,VOC,
100111,ROCKY POINT PARK,Camphene,2013-01-28T00:00,0.029,µg/m³,VOC,
100111,ROCKY POINT PARK,Camphene,2013-02-03T00:00,0.050,µg/m³,VOC,
100111,ROCKY POINT PARK,Camphene,2013-02-09T00:00,0.058,µg/m³,VOC,
100111,ROCKY POINT PARK,Camphene,2013-02-15T00:00,0.072,µg/m³,VOC,
100111,ROCKY POINT PARK,Camphene,2013-02-21T00:00,0.157,µg/m³,VOC,
100111,ROCKY POINT PARK,Camphene,2013-02-27T00:00,0.017,µg/m³,VOC,
100111,ROCKY POINT PARK,Camphene,2013-03-05T00:00,0.036,µg/m³,VOC,
100111,ROCKY POINT PARK,Camphene,2013-03-11T00:00,0.024,µg/m³,VOC,
100111,ROCKY POINT PARK,Camphene,2013-03-17T00:00,0.028,µg/m³,VOC,
100111,ROCKY POINT PARK,Camphene,2013-03-23T00:00,0.035,µg/m³,VOC,
100111,ROCKY POINT PARK,Camphene,2013-03-29T00:00,0.067,µg/m³,VOC,
100111,ROCKY POINT PARK,Camphene,2013-04-16T00:00,0.017,µg/m³,VOC,
100111,ROCKY POINT PARK,Camphene,2013-04-22T00:00,0.028,µg/m³,VOC,
100111,ROCKY POINT PARK,Camphene,2013-04-28T00:00,0.023,µg/m³,VOC,
100111,ROCKY POINT PARK,Camphene,2013-05-04T00:00,0.069,µg/m³,VOC,
100111,ROCKY POINT PARK,Camphene,2013-05-10T00:00,0.096,µg/m³,VOC,
100111,ROCKY POINT PARK,Camphene,2013-05-16T00:00,0.032,µg/m³,VOC,
100111,ROCKY POINT PARK,Camphene,2013-05-22T00:00,0.031,µg/m³,VOC,
100111,ROCKY POINT PARK,Camphene,2013-06-03T00:00,0.071,µg/m³,VOC,
100111,ROCKY POINT PARK,Camphene,2013-06-09T00:00,0.075,µg/m³,VOC,
100111,ROCKY POINT PARK,Camphene,2013-06-21T00:00,0.048,µg/m³,VOC,
100111,ROCKY POINT PARK,Camphene,2013-06-27T00:00,0.103,µg/m³,VOC,
100111,ROCKY POINT PARK,Camphene,2013-07-09T00:00,0.070,µg/m³,VOC,
100111,ROCKY POINT PARK,Camphene,2013-07-15T00:00,0.028,µg/m³,VOC,
100111,ROCKY POINT PARK,Camphene,2013-07-21T00:00,0.028,µg/m³,VOC,
100111,ROCKY POINT PARK,Camphene,2013-07-27T00:00,0.025,µg/m³,VOC,
100111,ROCKY POINT PARK,Camphene,2013-08-02T00:00,0.036,µg/m³,VOC,
100111,ROCKY POINT PARK,Camphene,2013-08-08T00:00,0.071,µg/m³,VOC,
100111,ROCKY POINT PARK,Camphene,2013-08-14T00:00,0.102,µg/m³,VOC,
100111,ROCKY POINT PARK,Camphene,2013-08-20T00:00,0.033,µg/m³,VOC,
100111,ROCKY POINT PARK,Camphene,2013-09-01T00:00,0.068,µg/m³,VOC,
100111,ROCKY POINT PARK,Camphene,2013-09-13T00:00,0.030,µg/m³,VOC,
100111,ROCKY POINT PARK,Camphene,2013-09-19T00:00,0.059,µg/m³,VOC,
100111,ROCKY POINT PARK,Camphene,2013-09-25T00:00,0.039,µg/m³,VOC,
100111,ROCKY POINT PARK,Camphene,2013-10-01T00:00,0.014,µg/m³,VOC,
100111,ROCKY POINT PARK,Camphene,2013-10-07T00:00,0.024,µg/m³,VOC,
100111,ROCKY POINT PARK,Camphene,2013-10-13T00:00,0.045,µg/m³,VOC,
100111,ROCKY POINT PARK,Camphene,2013-10-25T00:00,0.063,µg/m³,VOC,
100111,ROCKY POINT PARK,Camphene,2013-11-12T00:00,0.099,µg/m³,VOC,
100111,ROCKY POINT PARK,Camphene,2013-11-18T00:00,0.026,µg/m³,VOC,
100111,ROCKY POINT PARK,Camphene,2013-11-24T00:00,0.095,µg/m³,VOC,
100111,ROCKY POINT PARK,Camphene,2013-11-30T00:00,0.023,µg/m³,VOC,
100111,ROCKY POINT PARK,Camphene,2013-12-06T00:00,0.025,µg/m³,VOC,
100111,ROCKY POINT PARK,Camphene,2013-12-12T00:00,0.079,µg/m³,VOC,
100111,ROCKY POINT PARK,Camphene,2013-12-18T00:00,0.041,µg/m³,VOC,
100111,ROCKY POINT PARK,Camphene,2013-12-24T00:00,0.079,µg/m³,VOC,
100111,ROCKY POINT PARK,Camphene,2013-12-30T00:00,0.054,µg/m³,VOC,
