﻿NAPS_Site_ID,Station_Name,Pollutant,Date,Value,Units,Report_Type,Method
90130,EDMONTON CENTRAL,"2,4-Dimethylpentane",1991-05-18T00:00,0.728,µg/m³,VOC,GC-MS
90130,EDMONTON CENTRAL,"2,4-Dimethylpentane",1991-05-24T00:00,0.710,µg/m³,VOC,GC-MS
90130,EDMONTON CENTRAL,"2,4-Dimethylpentane",1991-05-30T00:00,1.272,µg/m³,VOC,GC-MS
90130,EDMONTON CENTRAL,"2,4-Dimethylpentane",1991-06-05T00:00,0.689,µg/m³,VOC,GC-MS
90130,EDMONTON CENTRAL,"2,4-Dimethylpentane",1991-06-11T00:00,0.809,µg/m³,VOC,GC-MS
90130,EDMONTON CENTRAL,"2,4-Dimethylpentane",1991-06-23T00:00,0.611,µg/m³,VOC,GC-MS
90130,EDMONTON CENTRAL,"2,4-Dimethylpentane",1991-06-29T00:00,0.890,µg/m³,VOC,GC-MS
90130,EDMONTON CENTRAL,"2,4-Dimethylpentane",1991-07-05T00:00,1.039,µg/m³,VOC,GC-MS
90130,EDMONTON CENTRAL,"2,4-Dimethylpentane",1991-07-11T00:00,1.005,µg/m³,VOC,GC-MS
90130,EDMONTON CENTRAL,"2,4-Dimethylpentane",1991-07-17T00:00,0.778,µg/m³,VOC,GC-MS
90130,EDMONTON CENTRAL,"2,4-Dimethylpentane",1991-07-23T00:00,1.127,µg/m³,VOC,GC-MS
90130,EDMONTON CENTRAL,"2,4-Dimethylpentane",1991-07-29T00:00,1.023,µg/m³,VOC,GC-MS
90130,EDMONTON CENTRAL,"2,4-Dimethylpentane",1991-08-04T00:00,0.281,µg/m³,VOC,GC-MS
90130,EDMONTON CENTRAL,"2,4-Dimethylpentane",1991-08-10T00:00,0.709,µg/m³,VOC,GC-MS
90130,EDMONTON CENTRAL,"2,4-Dimethylpentane",1991-08-16T00:00,1.566,µg/m³,VOC,GC-MS
90130,EDMONTON CENTRAL,"2,4-Dimethylpentane",1991-08-22T00:00,1.541,µg/m³,VOC,GC-MS
90130,EDMONTON CENTRAL,"2,4-Dimethylpentane",1991-08-28T00:00,1.229,µg/m³,VOC,GC-MS
90130,EDMONTON CENTRAL,"2,4-Dimethylpentane",1991-09-03T00:00,0.816,µg/m³,VOC,GC-MS
90130,EDMONTON CENTRAL,"2,4-Dimethylpentane",1991-09-09T00:00,1.493,µg/m³,VOC,GC-MS
90130,EDMONTON CENTRAL,"2,4-Dimethylpentane",1991-09-15T00:00,1.224,µg/m³,VOC,GC-MS
90130,EDMONTON CENTRAL,"2,4-Dimethylpentane",1991-09-21T00:00,0.752,µg/m³,VOC,GC-MS
90130,EDMONTON CENTRAL,"2,4-Dimethylpentane",1991-09-27T00:00,1.973,µg/m³,VOC,GC-MS
90130,EDMONTON CENTRAL,"2,4-Dimethylpentane",1991-10-03T00:00,0.000,µg/m³,VOC,GC-MS
90130,EDMONTON CENTRAL,"2,4-Dimethylpentane",1991-10-09T00:00,0.000,µg/m³,VOC,GC-MS
90130,EDMONTON CENTRAL,"2,4-Dimethylpentane",1991-10-15T00:00,0.000,µg/m³,VOC,GC-MS
90130,EDMONTON CENTRAL,"2,4-Dimethylpentane",1991-10-21T00:00,0.611,µg/m³,VOC,GC-MS
90130,EDMONTON CENTRAL,"2,4-Dimethylpentane",1991-10-27T00:00,0.000,µg/m³,VOC,GC-MS
90130,EDMONTON CENTRAL,"2,4-Dimethylpentane",1991-11-02T00:00,0.332,µg/m³,VOC,GC-MS
90130,EDMONTON CENTRAL,"2,4-Dimethylpentane",1991-11-08T00:00,0.943,µg/m³,VOC,GC-MS
90130,EDMONTON CENTRAL,"2,4-Dimethylpentane",1991-11-14T00:00,1.743,µg/m³,VOC,GC-MS
90130,EDMONTON CENTRAL,"2,4-Dimethylpentane",1991-11-20T00:00,1.831,µg/m³,VOC,GC-MS
90130,EDMONTON CENTRAL,"2,4-Dimethylpentane",1991-12-02T00:00,1.395,µg/m³,VOC,GC-MS
90130,EDMONTON CENTRAL,"2,4-Dimethylpentane",1991-12-08T00:00,2.110,µg/m³,VOC,GC-MS
90130,EDMONTON CENTRAL,"2,4-Dimethylpentane",1991-12-14T00:00,1.488,µg/m³,VOC,GC-MS
90130,EDMONTON CENTRAL,"2,4-Dimethylpentane",1991-12-20T00:00,1.944,µg/m³,VOC,GC-MS
90130,EDMONTON CENTRAL,"2,4-Dimethylpentane",1991-12-26T00:00,0.825,µg/m³,VOC,GC-MS
