﻿NAPS_Site_ID,Station_Name,Pollutant,Date,Value,Units,Report_Type,Method
50129,MONTRÉAL-RIVIÈRE-DES-PRAIRIES,Formate,2013-01-01T00:00,0.010,µg/m³,PM2.5,IC
50129,MONTRÉAL-RIVIÈRE-DES-PRAIRIES,Formate,2013-01-10T00:00,0.011,µg/m³,PM2.5,IC
50129,MONTRÉAL-RIVIÈRE-DES-PRAIRIES,Formate,2013-01-13T00:00,0.021,µg/m³,PM2.5,IC
50129,MONTRÉAL-RIVIÈRE-DES-PRAIRIES,Formate,2013-01-16T00:00,0.032,µg/m³,PM2.5,IC
50129,MONTRÉAL-RIVIÈRE-DES-PRAIRIES,Formate,2013-01-19T00:00,0.027,µg/m³,PM2.5,IC
50129,MONTRÉAL-RIVIÈRE-DES-PRAIRIES,Formate,2013-01-28T00:00,0.026,µg/m³,PM2.5,IC
50129,MONTRÉAL-RIVIÈRE-DES-PRAIRIES,Formate,2013-02-12T00:00,0.016,µg/m³,PM2.5,IC
50129,MONTRÉAL-RIVIÈRE-DES-PRAIRIES,Formate,2013-02-15T00:00,0.019,µg/m³,PM2.5,IC
50129,MONTRÉAL-RIVIÈRE-DES-PRAIRIES,Formate,2013-02-24T00:00,0.023,µg/m³,PM2.5,IC
50129,MONTRÉAL-RIVIÈRE-DES-PRAIRIES,Formate,2013-02-27T00:00,0.023,µg/m³,PM2.5,IC
50129,MONTRÉAL-RIVIÈRE-DES-PRAIRIES,Formate,2013-03-02T00:00,0.029,µg/m³,PM2.5,IC
50129,MONTRÉAL-RIVIÈRE-DES-PRAIRIES,Formate,2013-03-05T00:00,0.025,µg/m³,PM2.5,IC
50129,MONTRÉAL-RIVIÈRE-DES-PRAIRIES,Formate,2013-03-08T00:00,0.016,µg/m³,PM2.5,IC
50129,MONTRÉAL-RIVIÈRE-DES-PRAIRIES,Formate,2013-03-11T00:00,0.013,µg/m³,PM2.5,IC
50129,MONTRÉAL-RIVIÈRE-DES-PRAIRIES,Formate,2013-03-14T00:00,0.007,µg/m³,PM2.5,IC
50129,MONTRÉAL-RIVIÈRE-DES-PRAIRIES,Formate,2013-03-17T00:00,0.008,µg/m³,PM2.5,IC
50129,MONTRÉAL-RIVIÈRE-DES-PRAIRIES,Formate,2013-03-20T00:00,0.009,µg/m³,PM2.5,IC
50129,MONTRÉAL-RIVIÈRE-DES-PRAIRIES,Formate,2013-03-23T00:00,0.024,µg/m³,PM2.5,IC
50129,MONTRÉAL-RIVIÈRE-DES-PRAIRIES,Formate,2013-03-26T00:00,0.022,µg/m³,PM2.5,IC
50129,MONTRÉAL-RIVIÈRE-DES-PRAIRIES,Formate,2013-03-29T00:00,0.004,µg/m³,PM2.5,IC
50129,MONTRÉAL-RIVIÈRE-DES-PRAIRIES,Formate,2013-04-01T00:00,0.007,µg/m³,PM2.5,IC
50129,MONTRÉAL-RIVIÈRE-DES-PRAIRIES,Formate,2013-04-04T00:00,0.018,µg/m³,PM2.5,IC
50129,MONTRÉAL-RIVIÈRE-DES-PRAIRIES,Formate,2013-04-07T00:00,0.034,µg/m³,PM2.5,IC
50129,MONTRÉAL-RIVIÈRE-DES-PRAIRIES,Formate,2013-04-10T00:00,0.020,µg/m³,PM2.5,IC
50129,MONTRÉAL-RIVIÈRE-DES-PRAIRIES,Formate,2013-04-13T00:00,0.068,µg/m³,PM2.5,IC
50129,MONTRÉAL-RIVIÈRE-DES-PRAIRIES,Formate,2013-04-16T00:00,0.023,µg/m³,PM2.5,IC
50129,MONTRÉAL-RIVIÈRE-DES-PRAIRIES,Formate,2013-04-19T00:00,0.017,µg/m³,PM2.5,IC
50129,MONTRÉAL-RIVIÈRE-DES-PRAIRIES,Formate,2013-04-22T00:00,0.008,µg/m³,PM2.5,IC
50129,MONTRÉAL-RIVIÈRE-DES-PRAIRIES,Formate,2013-04-25T00:00,0.006,µg/m³,PM2.5,IC
50129,MONTRÉAL-RIVIÈRE-DES-PRAIRIES,Formate,2013-04-28T00:00,0.012,µg/m³,PM2.5,IC
50129,MONTRÉAL-RIVIÈRE-DES-PRAIRIES,Formate,2013-05-01T00:00,0.009,µg/m³,PM2.5,IC
50129,MONTRÉAL-RIVIÈRE-DES-PRAIRIES,Formate,2013-05-04T00:00,0.008,µg/m³,PM2.5,IC
50129,MONTRÉAL-RIVIÈRE-DES-PRAIRIES,Formate,2013-05-07T00:00,0.011,µg/m³,PM2.5,IC
50129,MONTRÉAL-RIVIÈRE-DES-PRAIRIES,Formate,2013-05-10T00:00,0.007,µg/m³,PM2.5,IC
50129,MONTRÉAL-RIVIÈRE-DES-PRAIRIES,Formate,2013-05-13T00:00,0.010,µg/m³,PM2.5,IC
50129,MONTRÉAL-RIVIÈRE-DES-PRAIRIES,Formate,2013-05-16T00:00,0.009,µg/m³,PM2.5,IC
50129,MONTRÉAL-RIVIÈRE-DES-PRAIRIES,Formate,2013-05-19T00:00,0.010,µg/m³,PM2.5,IC
50129,MONTRÉAL-RIVIÈRE-DES-PRAIRIES,Formate,2013-05-22T00:00,0.035,µg/m³,PM2.5,IC
50129,MONTRÉAL-RIVIÈRE-DES-PRAIRIES,Formate,2013-05-25T00:00,0.078,µg/m³,PM2.5,IC
50129,MONTRÉAL-RIVIÈRE-DES-PRAIRIES,Formate,2013-05-28T00:00,0.039,µg/m³,PM2.5,IC
50129,MONTRÉAL-RIVIÈRE-DES-PRAIRIES,Formate,2013-05-31T00:00,0.057,µg/m³,PM2.5,IC
50129,MONTRÉAL-RIVIÈRE-DES-PRAIRIES,Formate,2013-06-03T00:00,0.020,µg/m³,PM2.5,IC
50129,MONTRÉAL-RIVIÈRE-DES-PRAIRIES,Formate,2013-06-06T00:00,0.034,µg/m³,PM2.5,IC
50129,MONTRÉAL-RIVIÈRE-DES-PRAIRIES,Formate,2013-06-09T00:00,0.027,µg/m³,PM2.5,IC
50129,MONTRÉAL-RIVIÈRE-DES-PRAIRIES,Formate,2013-06-12T00:00,0.039,µg/m³,PM2.5,IC
50129,MONTRÉAL-RIVIÈRE-DES-PRAIRIES,Formate,2013-06-15T00:00,0.023,µg/m³,PM2.5,IC
50129,MONTRÉAL-RIVIÈRE-DES-PRAIRIES,Formate,2013-06-18T00:00,0.028,µg/m³,PM2.5,IC
50129,MONTRÉAL-RIVIÈRE-DES-PRAIRIES,Formate,2013-06-21T00:00,0.024,µg/m³,PM2.5,IC
50129,MONTRÉAL-RIVIÈRE-DES-PRAIRIES,Formate,2013-06-24T00:00,0.036,µg/m³,PM2.5,IC
50129,MONTRÉAL-RIVIÈRE-DES-PRAIRIES,Formate,2013-06-27T00:00,0.026,µg/m³,PM2.5,IC
50129,MONTRÉAL-RIVIÈRE-DES-PRAIRIES,Formate,2013-06-30T00:00,0.017,µg/m³,PM2.5,IC
50129,MONTRÉAL-RIVIÈRE-DES-PRAIRIES,Formate,2013-07-03T00:00,0.080,µg/m³,PM2.5,IC
50129,MONTRÉAL-RIVIÈRE-DES-PRAIRIES,Formate,2013-07-06T00:00,0.028,µg/m³,PM2.5,IC
50129,MONTRÉAL-RIVIÈRE-DES-PRAIRIES,Formate,2013-07-09T00:00,0.026,µg/m³,PM2.5,IC
50129,MONTRÉAL-RIVIÈRE-DES-PRAIRIES,Formate,2013-07-12T00:00,0.024,µg/m³,PM2.5,IC
50129,MONTRÉAL-RIVIÈRE-DES-PRAIRIES,Formate,2013-07-15T00:00,0.020,µg/m³,PM2.5,IC
50129,MONTRÉAL-RIVIÈRE-DES-PRAIRIES,Formate,2013-07-18T00:00,0.024,µg/m³,PM2.5,IC
50129,MONTRÉAL-RIVIÈRE-DES-PRAIRIES,Formate,2013-07-21T00:00,0.019,µg/m³,PM2.5,IC
50129,MONTRÉAL-RIVIÈRE-DES-PRAIRIES,Formate,2013-07-24T00:00,0.016,µg/m³,PM2.5,IC
50129,MONTRÉAL-RIVIÈRE-DES-PRAIRIES,Formate,2013-07-27T00:00,0.018,µg/m³,PM2.5,IC
50129,MONTRÉAL-RIVIÈRE-DES-PRAIRIES,Formate,2013-07-30T00:00,0.017,µg/m³,PM2.5,IC
50129,MONTRÉAL-RIVIÈRE-DES-PRAIRIES,Formate,2013-08-02T00:00,0.019,µg/m³,PM2.5,IC
50129,MONTRÉAL-RIVIÈRE-DES-PRAIRIES,Formate,2013-08-05T00:00,0.025,µg/m³,PM2.5,IC
50129,MONTRÉAL-RIVIÈRE-DES-PRAIRIES,Formate,2013-08-08T00:00,0.069,µg/m³,PM2.5,IC
50129,MONTRÉAL-RIVIÈRE-DES-PRAIRIES,Formate,2013-08-11T00:00,0.031,µg/m³,PM2.5,IC
50129,MONTRÉAL-RIVIÈRE-DES-PRAIRIES,Formate,2013-08-14T00:00,0.023,µg/m³,PM2.5,IC
50129,MONTRÉAL-RIVIÈRE-DES-PRAIRIES,Formate,2013-08-17T00:00,0.045,µg/m³,PM2.5,IC
50129,MONTRÉAL-RIVIÈRE-DES-PRAIRIES,Formate,2013-08-23T00:00,0.025,µg/m³,PM2.5,IC
50129,MONTRÉAL-RIVIÈRE-DES-PRAIRIES,Formate,2013-08-26T00:00,0.050,µg/m³,PM2.5,IC
50129,MONTRÉAL-RIVIÈRE-DES-PRAIRIES,Formate,2013-08-29T00:00,0.021,µg/m³,PM2.5,IC
50129,MONTRÉAL-RIVIÈRE-DES-PRAIRIES,Formate,2013-09-01T00:00,0.053,µg/m³,PM2.5,IC
50129,MONTRÉAL-RIVIÈRE-DES-PRAIRIES,Formate,2013-09-04T00:00,0.015,µg/m³,PM2.5,IC
50129,MONTRÉAL-RIVIÈRE-DES-PRAIRIES,Formate,2013-09-07T00:00,0.018,µg/m³,PM2.5,IC
50129,MONTRÉAL-RIVIÈRE-DES-PRAIRIES,Formate,2013-09-10T00:00,0.013,µg/m³,PM2.5,IC
50129,MONTRÉAL-RIVIÈRE-DES-PRAIRIES,Formate,2013-09-13T00:00,0.029,µg/m³,PM2.5,IC
50129,MONTRÉAL-RIVIÈRE-DES-PRAIRIES,Formate,2013-09-16T00:00,0.009,µg/m³,PM2.5,IC
50129,MONTRÉAL-RIVIÈRE-DES-PRAIRIES,Formate,2013-09-19T00:00,0.025,µg/m³,PM2.5,IC
50129,MONTRÉAL-RIVIÈRE-DES-PRAIRIES,Formate,2013-09-22T00:00,0.026,µg/m³,PM2.5,IC
50129,MONTRÉAL-RIVIÈRE-DES-PRAIRIES,Formate,2013-09-25T00:00,0.012,µg/m³,PM2.5,IC
50129,MONTRÉAL-RIVIÈRE-DES-PRAIRIES,Formate,2013-09-28T00:00,0.014,µg/m³,PM2.5,IC
50129,MONTRÉAL-RIVIÈRE-DES-PRAIRIES,Formate,2013-10-01T00:00,0.016,µg/m³,PM2.5,IC
50129,MONTRÉAL-RIVIÈRE-DES-PRAIRIES,Formate,2013-10-04T00:00,0.011,µg/m³,PM2.5,IC
50129,MONTRÉAL-RIVIÈRE-DES-PRAIRIES,Formate,2013-10-07T00:00,0.013,µg/m³,PM2.5,IC
50129,MONTRÉAL-RIVIÈRE-DES-PRAIRIES,Formate,2013-10-10T00:00,0.030,µg/m³,PM2.5,IC
50129,MONTRÉAL-RIVIÈRE-DES-PRAIRIES,Formate,2013-10-13T00:00,0.017,µg/m³,PM2.5,IC
50129,MONTRÉAL-RIVIÈRE-DES-PRAIRIES,Formate,2013-10-16T00:00,0.011,µg/m³,PM2.5,IC
50129,MONTRÉAL-RIVIÈRE-DES-PRAIRIES,Formate,2013-10-19T00:00,0.011,µg/m³,PM2.5,IC
50129,MONTRÉAL-RIVIÈRE-DES-PRAIRIES,Formate,2013-10-22T00:00,0.011,µg/m³,PM2.5,IC
50129,MONTRÉAL-RIVIÈRE-DES-PRAIRIES,Formate,2013-10-25T00:00,0.023,µg/m³,PM2.5,IC
50129,MONTRÉAL-RIVIÈRE-DES-PRAIRIES,Formate,2013-10-28T00:00,0.015,µg/m³,PM2.5,IC
50129,MONTRÉAL-RIVIÈRE-DES-PRAIRIES,Formate,2013-10-31T00:00,0.033,µg/m³,PM2.5,IC
50129,MONTRÉAL-RIVIÈRE-DES-PRAIRIES,Formate,2013-11-03T00:00,0.021,µg/m³,PM2.5,IC
50129,MONTRÉAL-RIVIÈRE-DES-PRAIRIES,Formate,2013-11-06T00:00,0.021,µg/m³,PM2.5,IC
50129,MONTRÉAL-RIVIÈRE-DES-PRAIRIES,Formate,2013-11-09T00:00,0.020,µg/m³,PM2.5,IC
50129,MONTRÉAL-RIVIÈRE-DES-PRAIRIES,Formate,2013-11-12T00:00,0.020,µg/m³,PM2.5,IC
50129,MONTRÉAL-RIVIÈRE-DES-PRAIRIES,Formate,2013-11-15T00:00,0.013,µg/m³,PM2.5,IC
50129,MONTRÉAL-RIVIÈRE-DES-PRAIRIES,Formate,2013-11-18T00:00,0.012,µg/m³,PM2.5,IC
50129,MONTRÉAL-RIVIÈRE-DES-PRAIRIES,Formate,2013-11-21T00:00,0.063,µg/m³,PM2.5,IC
50129,MONTRÉAL-RIVIÈRE-DES-PRAIRIES,Formate,2013-11-24T00:00,0.016,µg/m³,PM2.5,IC
50129,MONTRÉAL-RIVIÈRE-DES-PRAIRIES,Formate,2013-11-27T00:00,0.015,µg/m³,PM2.5,IC
50129,MONTRÉAL-RIVIÈRE-DES-PRAIRIES,Formate,2013-11-30T00:00,0.031,µg/m³,PM2.5,IC
50129,MONTRÉAL-RIVIÈRE-DES-PRAIRIES,Formate,2013-12-03T00:00,0.039,µg/m³,PM2.5,IC
50129,MONTRÉAL-RIVIÈRE-DES-PRAIRIES,Formate,2013-12-06T00:00,0.022,µg/m³,PM2.5,IC
50129,MONTRÉAL-RIVIÈRE-DES-PRAIRIES,Formate,2013-12-09T00:00,0.019,µg/m³,PM2.5,IC
50129,MONTRÉAL-RIVIÈRE-DES-PRAIRIES,Formate,2013-12-12T00:00,0.039,µg/m³,PM2.5,IC
50129,MONTRÉAL-RIVIÈRE-DES-PRAIRIES,Formate,2013-12-15T00:00,0.013,µg/m³,PM2.5,IC
50129,MONTRÉAL-RIVIÈRE-DES-PRAIRIES,Formate,2013-12-18T00:00,0.021,µg/m³,PM2.5,IC
50129,MONTRÉAL-RIVIÈRE-DES-PRAIRIES,Formate,2013-12-21T00:00,0.013,µg/m³,PM2.5,IC
50129,MONTRÉAL-RIVIÈRE-DES-PRAIRIES,Formate,2013-12-24T00:00,0.024,µg/m³,PM2.5,IC
50129,MONTRÉAL-RIVIÈRE-DES-PRAIRIES,Formate,2013-12-30T00:00,0.012,µg/m³,PM2.5,IC
