﻿NAPS_Site_ID,Station_Name,Pollutant,Date,Value,Units,Report_Type,Method
101005,ABBOTSFORD AIRPORT-2,OC1(B),2018-01-20T00:00,0.190,µg/m³,PM2.5,TOR(OC/EC)
101005,ABBOTSFORD AIRPORT-2,OC1(B),2018-01-26T00:00,0.314,µg/m³,PM2.5,TOR(OC/EC)
101005,ABBOTSFORD AIRPORT-2,OC1(B),2018-02-01T00:00,0.133,µg/m³,PM2.5,TOR(OC/EC)
101005,ABBOTSFORD AIRPORT-2,OC1(B),2018-02-07T00:00,0.157,µg/m³,PM2.5,TOR(OC/EC)
101005,ABBOTSFORD AIRPORT-2,OC1(B),2018-02-19T00:00,0.127,µg/m³,PM2.5,TOR(OC/EC)
101005,ABBOTSFORD AIRPORT-2,OC1(B),2018-02-25T00:00,0.109,µg/m³,PM2.5,TOR(OC/EC)
101005,ABBOTSFORD AIRPORT-2,OC1(B),2018-03-03T00:00,0.181,µg/m³,PM2.5,TOR(OC/EC)
101005,ABBOTSFORD AIRPORT-2,OC1(B),2018-03-09T00:00,0.208,µg/m³,PM2.5,TOR(OC/EC)
101005,ABBOTSFORD AIRPORT-2,OC1(B),2018-03-15T00:00,0.339,µg/m³,PM2.5,TOR(OC/EC)
101005,ABBOTSFORD AIRPORT-2,OC1(B),2018-03-21T00:00,0.355,µg/m³,PM2.5,TOR(OC/EC)
101005,ABBOTSFORD AIRPORT-2,OC1(B),2018-03-27T00:00,0.228,µg/m³,PM2.5,TOR(OC/EC)
101005,ABBOTSFORD AIRPORT-2,OC1(B),2018-04-02T00:00,0.140,µg/m³,PM2.5,TOR(OC/EC)
101005,ABBOTSFORD AIRPORT-2,OC1(B),2018-04-08T00:00,0.169,µg/m³,PM2.5,TOR(OC/EC)
101005,ABBOTSFORD AIRPORT-2,OC1(B),2018-04-14T00:00,0.213,µg/m³,PM2.5,TOR(OC/EC)
101005,ABBOTSFORD AIRPORT-2,OC1(B),2018-04-20T00:00,0.224,µg/m³,PM2.5,TOR(OC/EC)
101005,ABBOTSFORD AIRPORT-2,OC1(B),2018-04-26T00:00,0.172,µg/m³,PM2.5,TOR(OC/EC)
101005,ABBOTSFORD AIRPORT-2,OC1(B),2018-05-02T00:00,0.270,µg/m³,PM2.5,TOR(OC/EC)
101005,ABBOTSFORD AIRPORT-2,OC1(B),2018-05-08T00:00,0.468,µg/m³,PM2.5,TOR(OC/EC)
101005,ABBOTSFORD AIRPORT-2,OC1(B),2018-05-14T00:00,0.436,µg/m³,PM2.5,TOR(OC/EC)
101005,ABBOTSFORD AIRPORT-2,OC1(B),2018-05-20T00:00,0.283,µg/m³,PM2.5,TOR(OC/EC)
101005,ABBOTSFORD AIRPORT-2,OC1(B),2018-05-26T00:00,0.381,µg/m³,PM2.5,TOR(OC/EC)
101005,ABBOTSFORD AIRPORT-2,OC1(B),2018-06-01T00:00,0.387,µg/m³,PM2.5,TOR(OC/EC)
101005,ABBOTSFORD AIRPORT-2,OC1(B),2018-06-07T00:00,0.280,µg/m³,PM2.5,TOR(OC/EC)
101005,ABBOTSFORD AIRPORT-2,OC1(B),2018-06-13T00:00,0.302,µg/m³,PM2.5,TOR(OC/EC)
101005,ABBOTSFORD AIRPORT-2,OC1(B),2018-06-19T00:00,0.271,µg/m³,PM2.5,TOR(OC/EC)
101005,ABBOTSFORD AIRPORT-2,OC1(B),2018-06-25T00:00,0.195,µg/m³,PM2.5,TOR(OC/EC)
101005,ABBOTSFORD AIRPORT-2,OC1(B),2018-07-01T00:00,0.137,µg/m³,PM2.5,TOR(OC/EC)
101005,ABBOTSFORD AIRPORT-2,OC1(B),2018-07-07T00:00,0.265,µg/m³,PM2.5,TOR(OC/EC)
101005,ABBOTSFORD AIRPORT-2,OC1(B),2018-07-13T00:00,0.308,µg/m³,PM2.5,TOR(OC/EC)
101005,ABBOTSFORD AIRPORT-2,OC1(B),2018-07-19T00:00,0.244,µg/m³,PM2.5,TOR(OC/EC)
101005,ABBOTSFORD AIRPORT-2,OC1(B),2018-07-25T00:00,0.374,µg/m³,PM2.5,TOR(OC/EC)
101005,ABBOTSFORD AIRPORT-2,OC1(B),2018-07-31T00:00,0.414,µg/m³,PM2.5,TOR(OC/EC)
101005,ABBOTSFORD AIRPORT-2,OC1(B),2018-08-06T00:00,0.371,µg/m³,PM2.5,TOR(OC/EC)
101005,ABBOTSFORD AIRPORT-2,OC1(B),2018-08-12T00:00,0.349,µg/m³,PM2.5,TOR(OC/EC)
101005,ABBOTSFORD AIRPORT-2,OC1(B),2018-08-18T00:00,0.356,µg/m³,PM2.5,TOR(OC/EC)
101005,ABBOTSFORD AIRPORT-2,OC1(B),2018-08-24T00:00,0.486,µg/m³,PM2.5,TOR(OC/EC)
101005,ABBOTSFORD AIRPORT-2,OC1(B),2018-08-30T00:00,0.252,µg/m³,PM2.5,TOR(OC/EC)
101005,ABBOTSFORD AIRPORT-2,OC1(B),2018-09-05T00:00,0.377,µg/m³,PM2.5,TOR(OC/EC)
101005,ABBOTSFORD AIRPORT-2,OC1(B),2018-09-11T00:00,0.317,µg/m³,PM2.5,TOR(OC/EC)
101005,ABBOTSFORD AIRPORT-2,OC1(B),2018-09-17T00:00,0.340,µg/m³,PM2.5,TOR(OC/EC)
101005,ABBOTSFORD AIRPORT-2,OC1(B),2018-09-23T00:00,0.179,µg/m³,PM2.5,TOR(OC/EC)
101005,ABBOTSFORD AIRPORT-2,OC1(B),2018-09-29T00:00,0.317,µg/m³,PM2.5,TOR(OC/EC)
101005,ABBOTSFORD AIRPORT-2,OC1(B),2018-10-05T00:00,0.252,µg/m³,PM2.5,TOR(OC/EC)
101005,ABBOTSFORD AIRPORT-2,OC1(B),2018-10-11T00:00,0.367,µg/m³,PM2.5,TOR(OC/EC)
101005,ABBOTSFORD AIRPORT-2,OC1(B),2018-10-17T00:00,0.149,µg/m³,PM2.5,TOR(OC/EC)
101005,ABBOTSFORD AIRPORT-2,OC1(B),2018-10-23T00:00,0.331,µg/m³,PM2.5,TOR(OC/EC)
101005,ABBOTSFORD AIRPORT-2,OC1(B),2018-10-29T00:00,0.076,µg/m³,PM2.5,TOR(OC/EC)
101005,ABBOTSFORD AIRPORT-2,OC1(B),2018-11-04T00:00,0.083,µg/m³,PM2.5,TOR(OC/EC)
101005,ABBOTSFORD AIRPORT-2,OC1(B),2018-11-10T00:00,0.040,µg/m³,PM2.5,TOR(OC/EC)
101005,ABBOTSFORD AIRPORT-2,OC1(B),2018-11-16T00:00,0.125,µg/m³,PM2.5,TOR(OC/EC)
101005,ABBOTSFORD AIRPORT-2,OC1(B),2018-11-22T00:00,0.000,µg/m³,PM2.5,TOR(OC/EC)
101005,ABBOTSFORD AIRPORT-2,OC1(B),2018-11-28T00:00,0.114,µg/m³,PM2.5,TOR(OC/EC)
101005,ABBOTSFORD AIRPORT-2,OC1(B),2018-12-04T00:00,0.256,µg/m³,PM2.5,TOR(OC/EC)
101005,ABBOTSFORD AIRPORT-2,OC1(B),2018-12-10T00:00,0.160,µg/m³,PM2.5,TOR(OC/EC)
101005,ABBOTSFORD AIRPORT-2,OC1(B),2018-12-16T00:00,0.145,µg/m³,PM2.5,TOR(OC/EC)
101005,ABBOTSFORD AIRPORT-2,OC1(B),2018-12-22T00:00,0.184,µg/m³,PM2.5,TOR(OC/EC)
101005,ABBOTSFORD AIRPORT-2,OC1(B),2018-12-28T00:00,0.285,µg/m³,PM2.5,TOR(OC/EC)
