﻿NAPS_Site_ID,Station_Name,Pollutant,Date,Value,Units,Report_Type,Method
100141,ROADSIDE - CLARK DRIVE,MSA,2018-01-02T00:00,0.000,µg/m³,PM2.5,IC
100141,ROADSIDE - CLARK DRIVE,MSA,2018-01-08T00:00,0.000,µg/m³,PM2.5,IC
100141,ROADSIDE - CLARK DRIVE,MSA,2018-01-14T00:00,0.005,µg/m³,PM2.5,IC
100141,ROADSIDE - CLARK DRIVE,MSA,2018-01-20T00:00,0.003,µg/m³,PM2.5,IC
100141,ROADSIDE - CLARK DRIVE,MSA,2018-01-26T00:00,0.003,µg/m³,PM2.5,IC
100141,ROADSIDE - CLARK DRIVE,MSA,2018-02-01T00:00,0.003,µg/m³,PM2.5,IC
100141,ROADSIDE - CLARK DRIVE,MSA,2018-02-07T00:00,0.004,µg/m³,PM2.5,IC
100141,ROADSIDE - CLARK DRIVE,MSA,2018-02-13T00:00,0.009,µg/m³,PM2.5,IC
100141,ROADSIDE - CLARK DRIVE,MSA,2018-02-19T00:00,0.000,µg/m³,PM2.5,IC
100141,ROADSIDE - CLARK DRIVE,MSA,2018-02-25T00:00,0.000,µg/m³,PM2.5,IC
100141,ROADSIDE - CLARK DRIVE,MSA,2018-03-03T00:00,0.000,µg/m³,PM2.5,IC
100141,ROADSIDE - CLARK DRIVE,MSA,2018-03-09T00:00,0.006,µg/m³,PM2.5,IC
100141,ROADSIDE - CLARK DRIVE,MSA,2018-03-15T00:00,0.009,µg/m³,PM2.5,IC
100141,ROADSIDE - CLARK DRIVE,MSA,2018-03-21T00:00,0.025,µg/m³,PM2.5,IC
100141,ROADSIDE - CLARK DRIVE,MSA,2018-03-27T00:00,0.019,µg/m³,PM2.5,IC
100141,ROADSIDE - CLARK DRIVE,MSA,2018-04-02T00:00,0.016,µg/m³,PM2.5,IC
100141,ROADSIDE - CLARK DRIVE,MSA,2018-04-08T00:00,0.008,µg/m³,PM2.5,IC
100141,ROADSIDE - CLARK DRIVE,MSA,2018-04-14T00:00,0.009,µg/m³,PM2.5,IC
100141,ROADSIDE - CLARK DRIVE,MSA,2018-04-20T00:00,0.015,µg/m³,PM2.5,IC
100141,ROADSIDE - CLARK DRIVE,MSA,2018-04-26T00:00,0.011,µg/m³,PM2.5,IC
100141,ROADSIDE - CLARK DRIVE,MSA,2018-05-02T00:00,0.064,µg/m³,PM2.5,IC
100141,ROADSIDE - CLARK DRIVE,MSA,2018-05-08T00:00,0.028,µg/m³,PM2.5,IC
100141,ROADSIDE - CLARK DRIVE,MSA,2018-05-14T00:00,0.013,µg/m³,PM2.5,IC
100141,ROADSIDE - CLARK DRIVE,MSA,2018-05-20T00:00,0.050,µg/m³,PM2.5,IC
100141,ROADSIDE - CLARK DRIVE,MSA,2018-05-26T00:00,0.077,µg/m³,PM2.5,IC
100141,ROADSIDE - CLARK DRIVE,MSA,2018-06-01T00:00,0.026,µg/m³,PM2.5,IC
