﻿NAPS_Site_ID,Station_Name,Pollutant,Date,Value,Units,Report_Type,Method
60204,WINDSOR DOWNTOWN,13C6-PCP,1998-01-11T00:00,0.115,µg/m³,HCB,GC-MS
60204,WINDSOR DOWNTOWN,13C6-PCP,1998-01-23T00:00,0.112,µg/m³,HCB,GC-MS
60204,WINDSOR DOWNTOWN,13C6-PCP,1998-03-12T00:00,0.058,µg/m³,HCB,GC-MS
60204,WINDSOR DOWNTOWN,13C6-PCP,1998-03-24T00:00,0.066,µg/m³,HCB,GC-MS
60204,WINDSOR DOWNTOWN,13C6-PCP,1998-04-05T00:00,0.067,µg/m³,HCB,GC-MS
60204,WINDSOR DOWNTOWN,13C6-PCP,1998-04-17T00:00,0.063,µg/m³,HCB,GC-MS
60204,WINDSOR DOWNTOWN,13C6-PCP,1998-05-23T00:00,0.058,µg/m³,HCB,GC-MS
60204,WINDSOR DOWNTOWN,13C6-PCP,1998-06-04T00:00,0.077,µg/m³,HCB,GC-MS
60204,WINDSOR DOWNTOWN,13C6-PCP,1998-06-16T00:00,0.076,µg/m³,HCB,GC-MS
60204,WINDSOR DOWNTOWN,13C6-PCP,1998-06-28T00:00,0.059,µg/m³,HCB,GC-MS
60204,WINDSOR DOWNTOWN,13C6-PCP,1998-07-10T00:00,0.052,µg/m³,HCB,GC-MS
60204,WINDSOR DOWNTOWN,13C6-PCP,1998-07-22T00:00,0.098,µg/m³,HCB,GC-MS
60204,WINDSOR DOWNTOWN,13C6-PCP,1998-08-03T00:00,0.098,µg/m³,HCB,GC-MS
60204,WINDSOR DOWNTOWN,13C6-PCP,1998-08-15T00:00,0.096,µg/m³,HCB,GC-MS
60204,WINDSOR DOWNTOWN,13C6-PCP,1998-08-27T00:00,0.076,µg/m³,HCB,GC-MS
60204,WINDSOR DOWNTOWN,13C6-PCP,1998-09-08T00:00,0.011,µg/m³,HCB,GC-MS
60204,WINDSOR DOWNTOWN,13C6-PCP,1998-09-20T00:00,0.080,µg/m³,HCB,GC-MS
60204,WINDSOR DOWNTOWN,13C6-PCP,1998-10-02T00:00,0.000,µg/m³,HCB,GC-MS
60204,WINDSOR DOWNTOWN,13C6-PCP,1998-10-26T00:00,0.083,µg/m³,HCB,GC-MS
60204,WINDSOR DOWNTOWN,13C6-PCP,1998-11-07T00:00,0.082,µg/m³,HCB,GC-MS
60204,WINDSOR DOWNTOWN,13C6-PCP,1998-11-19T00:00,0.085,µg/m³,HCB,GC-MS
60204,WINDSOR DOWNTOWN,13C6-PCP,1998-12-01T00:00,0.086,µg/m³,HCB,GC-MS
60204,WINDSOR DOWNTOWN,13C6-PCP,1998-12-13T00:00,0.098,µg/m³,HCB,GC-MS
60204,WINDSOR DOWNTOWN,13C6-PCP,1998-12-25T00:00,0.085,µg/m³,HCB,GC-MS
