﻿NAPS_Site_ID,Station_Name,Pollutant,Date,Value,Units,Report_Type,Method
102001,SATURNA,Isopentane,2006-01-11T00:00,0.199,µg/m³,VOC,GC-MS
102001,SATURNA,Isopentane,2006-01-14T00:00,0.190,µg/m³,VOC,GC-MS
102001,SATURNA,Isopentane,2006-01-17T00:00,0.256,µg/m³,VOC,GC-MS
102001,SATURNA,Isopentane,2006-01-20T00:00,0.196,µg/m³,VOC,GC-MS
102001,SATURNA,Isopentane,2006-01-23T00:00,0.287,µg/m³,VOC,GC-MS
102001,SATURNA,Isopentane,2006-01-26T00:00,0.224,µg/m³,VOC,GC-MS
102001,SATURNA,Isopentane,2006-01-29T00:00,0.194,µg/m³,VOC,GC-MS
102001,SATURNA,Isopentane,2006-02-07T00:00,0.361,µg/m³,VOC,GC-MS
102001,SATURNA,Isopentane,2006-02-10T00:00,0.200,µg/m³,VOC,GC-MS
102001,SATURNA,Isopentane,2006-02-13T00:00,0.222,µg/m³,VOC,GC-MS
102001,SATURNA,Isopentane,2006-02-16T00:00,0.169,µg/m³,VOC,GC-MS
102001,SATURNA,Isopentane,2006-02-19T00:00,0.254,µg/m³,VOC,GC-MS
102001,SATURNA,Isopentane,2006-02-22T00:00,0.200,µg/m³,VOC,GC-MS
102001,SATURNA,Isopentane,2006-02-25T00:00,0.243,µg/m³,VOC,GC-MS
102001,SATURNA,Isopentane,2006-02-28T00:00,0.180,µg/m³,VOC,GC-MS
102001,SATURNA,Isopentane,2006-03-03T00:00,0.357,µg/m³,VOC,GC-MS
102001,SATURNA,Isopentane,2006-03-06T00:00,0.190,µg/m³,VOC,GC-MS
102001,SATURNA,Isopentane,2006-03-09T00:00,0.167,µg/m³,VOC,GC-MS
102001,SATURNA,Isopentane,2006-03-12T00:00,0.244,µg/m³,VOC,GC-MS
102001,SATURNA,Isopentane,2006-03-15T00:00,0.222,µg/m³,VOC,GC-MS
102001,SATURNA,Isopentane,2006-03-18T00:00,0.128,µg/m³,VOC,GC-MS
102001,SATURNA,Isopentane,2006-03-21T00:00,0.265,µg/m³,VOC,GC-MS
102001,SATURNA,Isopentane,2006-03-24T00:00,0.144,µg/m³,VOC,GC-MS
102001,SATURNA,Isopentane,2006-03-27T00:00,0.165,µg/m³,VOC,GC-MS
102001,SATURNA,Isopentane,2006-03-30T00:00,0.349,µg/m³,VOC,GC-MS
102001,SATURNA,Isopentane,2006-04-02T00:00,0.394,µg/m³,VOC,GC-MS
102001,SATURNA,Isopentane,2006-04-05T00:00,0.146,µg/m³,VOC,GC-MS
102001,SATURNA,Isopentane,2006-04-08T00:00,0.657,µg/m³,VOC,GC-MS
102001,SATURNA,Isopentane,2006-04-11T00:00,0.110,µg/m³,VOC,GC-MS
102001,SATURNA,Isopentane,2006-04-14T00:00,0.078,µg/m³,VOC,GC-MS
102001,SATURNA,Isopentane,2006-04-17T00:00,0.391,µg/m³,VOC,GC-MS
102001,SATURNA,Isopentane,2006-04-20T00:00,0.285,µg/m³,VOC,GC-MS
102001,SATURNA,Isopentane,2006-04-23T00:00,0.166,µg/m³,VOC,GC-MS
102001,SATURNA,Isopentane,2006-04-26T00:00,0.100,µg/m³,VOC,GC-MS
102001,SATURNA,Isopentane,2006-04-29T00:00,0.311,µg/m³,VOC,GC-MS
102001,SATURNA,Isopentane,2006-05-02T00:00,0.118,µg/m³,VOC,GC-MS
102001,SATURNA,Isopentane,2006-05-05T00:00,0.583,µg/m³,VOC,GC-MS
102001,SATURNA,Isopentane,2006-05-08T00:00,0.104,µg/m³,VOC,GC-MS
102001,SATURNA,Isopentane,2006-05-11T00:00,0.290,µg/m³,VOC,GC-MS
102001,SATURNA,Isopentane,2006-05-14T00:00,0.115,µg/m³,VOC,GC-MS
102001,SATURNA,Isopentane,2006-05-17T00:00,0.077,µg/m³,VOC,GC-MS
102001,SATURNA,Isopentane,2006-05-20T00:00,0.060,µg/m³,VOC,GC-MS
102001,SATURNA,Isopentane,2006-05-23T00:00,0.118,µg/m³,VOC,GC-MS
102001,SATURNA,Isopentane,2006-05-26T00:00,0.175,µg/m³,VOC,GC-MS
102001,SATURNA,Isopentane,2006-05-29T00:00,0.080,µg/m³,VOC,GC-MS
102001,SATURNA,Isopentane,2006-06-01T00:00,0.735,µg/m³,VOC,GC-MS
102001,SATURNA,Isopentane,2006-06-04T00:00,0.064,µg/m³,VOC,GC-MS
102001,SATURNA,Isopentane,2006-06-07T00:00,0.156,µg/m³,VOC,GC-MS
102001,SATURNA,Isopentane,2006-06-10T00:00,0.179,µg/m³,VOC,GC-MS
102001,SATURNA,Isopentane,2006-06-13T00:00,0.066,µg/m³,VOC,GC-MS
102001,SATURNA,Isopentane,2006-06-16T00:00,0.085,µg/m³,VOC,GC-MS
102001,SATURNA,Isopentane,2006-06-19T00:00,0.050,µg/m³,VOC,GC-MS
102001,SATURNA,Isopentane,2006-06-22T00:00,0.158,µg/m³,VOC,GC-MS
102001,SATURNA,Isopentane,2006-06-25T00:00,0.023,µg/m³,VOC,GC-MS
102001,SATURNA,Isopentane,2006-06-28T00:00,0.056,µg/m³,VOC,GC-MS
102001,SATURNA,Isopentane,2006-07-04T00:00,0.191,µg/m³,VOC,GC-MS
102001,SATURNA,Isopentane,2006-07-07T00:00,0.102,µg/m³,VOC,GC-MS
102001,SATURNA,Isopentane,2006-07-10T00:00,0.141,µg/m³,VOC,GC-MS
102001,SATURNA,Isopentane,2006-07-13T00:00,0.066,µg/m³,VOC,GC-MS
102001,SATURNA,Isopentane,2006-07-16T00:00,0.098,µg/m³,VOC,GC-MS
102001,SATURNA,Isopentane,2006-07-19T00:00,0.219,µg/m³,VOC,GC-MS
102001,SATURNA,Isopentane,2006-07-22T00:00,0.055,µg/m³,VOC,GC-MS
102001,SATURNA,Isopentane,2006-07-25T00:00,0.078,µg/m³,VOC,GC-MS
102001,SATURNA,Isopentane,2006-07-28T00:00,0.097,µg/m³,VOC,GC-MS
102001,SATURNA,Isopentane,2006-07-31T00:00,0.118,µg/m³,VOC,GC-MS
102001,SATURNA,Isopentane,2006-08-03T00:00,0.145,µg/m³,VOC,GC-MS
102001,SATURNA,Isopentane,2006-08-06T00:00,0.200,µg/m³,VOC,GC-MS
102001,SATURNA,Isopentane,2006-08-09T00:00,0.252,µg/m³,VOC,GC-MS
102001,SATURNA,Isopentane,2006-08-12T00:00,0.079,µg/m³,VOC,GC-MS
102001,SATURNA,Isopentane,2006-08-15T00:00,0.159,µg/m³,VOC,GC-MS
102001,SATURNA,Isopentane,2006-08-18T00:00,0.033,µg/m³,VOC,GC-MS
102001,SATURNA,Isopentane,2006-08-21T00:00,0.079,µg/m³,VOC,GC-MS
102001,SATURNA,Isopentane,2006-08-24T00:00,0.056,µg/m³,VOC,GC-MS
102001,SATURNA,Isopentane,2006-08-27T00:00,0.054,µg/m³,VOC,GC-MS
102001,SATURNA,Isopentane,2006-08-30T00:00,0.656,µg/m³,VOC,GC-MS
102001,SATURNA,Isopentane,2006-09-02T00:00,0.392,µg/m³,VOC,GC-MS
102001,SATURNA,Isopentane,2006-09-05T00:00,0.075,µg/m³,VOC,GC-MS
102001,SATURNA,Isopentane,2006-09-08T00:00,0.175,µg/m³,VOC,GC-MS
102001,SATURNA,Isopentane,2006-09-11T00:00,0.280,µg/m³,VOC,GC-MS
102001,SATURNA,Isopentane,2006-09-14T00:00,0.245,µg/m³,VOC,GC-MS
102001,SATURNA,Isopentane,2006-09-20T00:00,0.205,µg/m³,VOC,GC-MS
102001,SATURNA,Isopentane,2006-09-23T00:00,0.121,µg/m³,VOC,GC-MS
102001,SATURNA,Isopentane,2006-09-26T00:00,0.033,µg/m³,VOC,GC-MS
102001,SATURNA,Isopentane,2006-09-29T00:00,0.185,µg/m³,VOC,GC-MS
102001,SATURNA,Isopentane,2006-10-02T00:00,0.092,µg/m³,VOC,GC-MS
102001,SATURNA,Isopentane,2006-10-05T00:00,0.463,µg/m³,VOC,GC-MS
102001,SATURNA,Isopentane,2006-10-08T00:00,0.247,µg/m³,VOC,GC-MS
102001,SATURNA,Isopentane,2006-10-11T00:00,0.684,µg/m³,VOC,GC-MS
102001,SATURNA,Isopentane,2006-10-14T00:00,0.260,µg/m³,VOC,GC-MS
102001,SATURNA,Isopentane,2006-10-17T00:00,0.381,µg/m³,VOC,GC-MS
102001,SATURNA,Isopentane,2006-10-20T00:00,0.083,µg/m³,VOC,GC-MS
102001,SATURNA,Isopentane,2006-10-23T00:00,0.264,µg/m³,VOC,GC-MS
102001,SATURNA,Isopentane,2006-10-26T00:00,0.226,µg/m³,VOC,GC-MS
102001,SATURNA,Isopentane,2006-11-01T00:00,0.427,µg/m³,VOC,GC-MS
102001,SATURNA,Isopentane,2006-11-04T00:00,0.208,µg/m³,VOC,GC-MS
102001,SATURNA,Isopentane,2006-11-07T00:00,0.106,µg/m³,VOC,GC-MS
102001,SATURNA,Isopentane,2006-11-13T00:00,0.176,µg/m³,VOC,GC-MS
102001,SATURNA,Isopentane,2006-11-16T00:00,0.417,µg/m³,VOC,GC-MS
102001,SATURNA,Isopentane,2006-11-19T00:00,0.148,µg/m³,VOC,GC-MS
102001,SATURNA,Isopentane,2006-11-22T00:00,0.370,µg/m³,VOC,GC-MS
102001,SATURNA,Isopentane,2006-11-25T00:00,0.181,µg/m³,VOC,GC-MS
102001,SATURNA,Isopentane,2006-12-04T00:00,0.518,µg/m³,VOC,GC-MS
102001,SATURNA,Isopentane,2006-12-07T00:00,0.686,µg/m³,VOC,GC-MS
102001,SATURNA,Isopentane,2006-12-10T00:00,0.350,µg/m³,VOC,GC-MS
102001,SATURNA,Isopentane,2006-12-16T00:00,0.516,µg/m³,VOC,GC-MS
102001,SATURNA,Isopentane,2006-12-19T00:00,0.452,µg/m³,VOC,GC-MS
102001,SATURNA,Isopentane,2006-12-22T00:00,0.508,µg/m³,VOC,GC-MS
102001,SATURNA,Isopentane,2006-12-25T00:00,0.312,µg/m³,VOC,GC-MS
102001,SATURNA,Isopentane,2006-12-28T00:00,0.268,µg/m³,VOC,GC-MS
102001,SATURNA,Isopentane,2006-12-31T00:00,1.249,µg/m³,VOC,GC-MS
