﻿NAPS_Site_ID,Station_Name,Pollutant,Date,Value,Units,Report_Type,Method
61901,WALPOLE ISLAND,m and p-Xylene,1995-01-15T00:00,0.860,µg/m³,VOC,GC-MS
61901,WALPOLE ISLAND,m and p-Xylene,1995-01-27T00:00,1.764,µg/m³,VOC,GC-MS
61901,WALPOLE ISLAND,m and p-Xylene,1995-02-02T00:00,0.245,µg/m³,VOC,GC-MS
61901,WALPOLE ISLAND,m and p-Xylene,1995-02-08T00:00,0.300,µg/m³,VOC,GC-MS
61901,WALPOLE ISLAND,m and p-Xylene,1995-02-20T00:00,0.823,µg/m³,VOC,GC-MS
61901,WALPOLE ISLAND,m and p-Xylene,1995-02-26T00:00,0.188,µg/m³,VOC,GC-MS
61901,WALPOLE ISLAND,m and p-Xylene,1995-03-04T00:00,0.460,µg/m³,VOC,GC-MS
61901,WALPOLE ISLAND,m and p-Xylene,1995-03-10T00:00,0.374,µg/m³,VOC,GC-MS
61901,WALPOLE ISLAND,m and p-Xylene,1995-03-16T00:00,0.405,µg/m³,VOC,GC-MS
61901,WALPOLE ISLAND,m and p-Xylene,1995-03-22T00:00,0.096,µg/m³,VOC,GC-MS
