﻿NAPS_Site_ID,Station_Name,Pollutant,Date,Value,Units,Report_Type,Method
61004,CENTENNIAL PARK _SARNIA_,1-Hexene,2006-01-11T00:00,0.081,µg/m³,VOC,
61004,CENTENNIAL PARK _SARNIA_,1-Hexene,2006-01-17T00:00,0.030,µg/m³,VOC,
61004,CENTENNIAL PARK _SARNIA_,1-Hexene,2006-01-23T00:00,0.039,µg/m³,VOC,
61004,CENTENNIAL PARK _SARNIA_,1-Hexene,2006-01-29T00:00,0.033,µg/m³,VOC,
61004,CENTENNIAL PARK _SARNIA_,1-Hexene,2006-02-04T00:00,0.243,µg/m³,VOC,
61004,CENTENNIAL PARK _SARNIA_,1-Hexene,2006-02-10T00:00,0.085,µg/m³,VOC,
61004,CENTENNIAL PARK _SARNIA_,1-Hexene,2006-02-16T00:00,0.066,µg/m³,VOC,
61004,CENTENNIAL PARK _SARNIA_,1-Hexene,2006-02-22T00:00,0.797,µg/m³,VOC,
61004,CENTENNIAL PARK _SARNIA_,1-Hexene,2006-02-28T00:00,0.018,µg/m³,VOC,
61004,CENTENNIAL PARK _SARNIA_,1-Hexene,2006-03-06T00:00,0.013,µg/m³,VOC,
61004,CENTENNIAL PARK _SARNIA_,1-Hexene,2006-03-12T00:00,0.188,µg/m³,VOC,
61004,CENTENNIAL PARK _SARNIA_,1-Hexene,2006-03-18T00:00,0.007,µg/m³,VOC,
61004,CENTENNIAL PARK _SARNIA_,1-Hexene,2006-03-24T00:00,0.020,µg/m³,VOC,
61004,CENTENNIAL PARK _SARNIA_,1-Hexene,2006-07-04T00:00,0.089,µg/m³,VOC,
61004,CENTENNIAL PARK _SARNIA_,1-Hexene,2006-07-10T00:00,0.128,µg/m³,VOC,
61004,CENTENNIAL PARK _SARNIA_,1-Hexene,2006-07-16T00:00,0.079,µg/m³,VOC,
61004,CENTENNIAL PARK _SARNIA_,1-Hexene,2006-07-22T00:00,0.029,µg/m³,VOC,
61004,CENTENNIAL PARK _SARNIA_,1-Hexene,2006-07-28T00:00,0.389,µg/m³,VOC,
61004,CENTENNIAL PARK _SARNIA_,1-Hexene,2006-08-03T00:00,0.062,µg/m³,VOC,
61004,CENTENNIAL PARK _SARNIA_,1-Hexene,2006-08-09T00:00,0.047,µg/m³,VOC,
61004,CENTENNIAL PARK _SARNIA_,1-Hexene,2006-08-15T00:00,0.038,µg/m³,VOC,
61004,CENTENNIAL PARK _SARNIA_,1-Hexene,2006-08-27T00:00,0.052,µg/m³,VOC,
61004,CENTENNIAL PARK _SARNIA_,1-Hexene,2006-09-02T00:00,0.036,µg/m³,VOC,
61004,CENTENNIAL PARK _SARNIA_,1-Hexene,2006-09-08T00:00,0.097,µg/m³,VOC,
61004,CENTENNIAL PARK _SARNIA_,1-Hexene,2006-09-14T00:00,0.019,µg/m³,VOC,
61004,CENTENNIAL PARK _SARNIA_,1-Hexene,2006-09-20T00:00,0.021,µg/m³,VOC,
61004,CENTENNIAL PARK _SARNIA_,1-Hexene,2006-09-26T00:00,0.028,µg/m³,VOC,
61004,CENTENNIAL PARK _SARNIA_,1-Hexene,2006-10-02T00:00,0.338,µg/m³,VOC,
61004,CENTENNIAL PARK _SARNIA_,1-Hexene,2006-10-08T00:00,0.362,µg/m³,VOC,
61004,CENTENNIAL PARK _SARNIA_,1-Hexene,2006-10-14T00:00,0.018,µg/m³,VOC,
61004,CENTENNIAL PARK _SARNIA_,1-Hexene,2006-10-20T00:00,0.105,µg/m³,VOC,
61004,CENTENNIAL PARK _SARNIA_,1-Hexene,2006-10-26T00:00,0.050,µg/m³,VOC,
61004,CENTENNIAL PARK _SARNIA_,1-Hexene,2006-11-01T00:00,0.022,µg/m³,VOC,
61004,CENTENNIAL PARK _SARNIA_,1-Hexene,2006-11-07T00:00,0.173,µg/m³,VOC,
61004,CENTENNIAL PARK _SARNIA_,1-Hexene,2006-11-13T00:00,0.143,µg/m³,VOC,
61004,CENTENNIAL PARK _SARNIA_,1-Hexene,2006-11-19T00:00,0.019,µg/m³,VOC,
61004,CENTENNIAL PARK _SARNIA_,1-Hexene,2006-11-25T00:00,0.342,µg/m³,VOC,
61004,CENTENNIAL PARK _SARNIA_,1-Hexene,2006-12-01T00:00,0.024,µg/m³,VOC,
61004,CENTENNIAL PARK _SARNIA_,1-Hexene,2006-12-07T00:00,0.007,µg/m³,VOC,
61004,CENTENNIAL PARK _SARNIA_,1-Hexene,2006-12-13T00:00,0.075,µg/m³,VOC,
61004,CENTENNIAL PARK _SARNIA_,1-Hexene,2006-12-19T00:00,0.046,µg/m³,VOC,
61004,CENTENNIAL PARK _SARNIA_,1-Hexene,2006-12-25T00:00,0.091,µg/m³,VOC,
61004,CENTENNIAL PARK _SARNIA_,1-Hexene,2006-12-31T00:00,0.029,µg/m³,VOC,
