﻿NAPS_Site_ID,Station_Name,Pollutant,Date,Value,Units,Report_Type,Method
50109,MONTRÉAL-ÉCHANGEUR DÉCARIE,Sulfur,1989-01-04T00:00,0.108,µg/m³,DICHOT,
50109,MONTRÉAL-ÉCHANGEUR DÉCARIE,Sulfur,1989-01-04T00:00,1.220,µg/m³,DICHOT,
50109,MONTRÉAL-ÉCHANGEUR DÉCARIE,Sulfur,1989-01-10T00:00,0.339,µg/m³,DICHOT,
50109,MONTRÉAL-ÉCHANGEUR DÉCARIE,Sulfur,1989-01-10T00:00,1.660,µg/m³,DICHOT,
50109,MONTRÉAL-ÉCHANGEUR DÉCARIE,Sulfur,1989-01-16T00:00,0.148,µg/m³,DICHOT,
50109,MONTRÉAL-ÉCHANGEUR DÉCARIE,Sulfur,1989-01-16T00:00,2.250,µg/m³,DICHOT,
50109,MONTRÉAL-ÉCHANGEUR DÉCARIE,Sulfur,1989-01-22T00:00,0.245,µg/m³,DICHOT,
50109,MONTRÉAL-ÉCHANGEUR DÉCARIE,Sulfur,1989-01-22T00:00,2.160,µg/m³,DICHOT,
50109,MONTRÉAL-ÉCHANGEUR DÉCARIE,Sulfur,1989-01-28T00:00,0.221,µg/m³,DICHOT,
50109,MONTRÉAL-ÉCHANGEUR DÉCARIE,Sulfur,1989-01-28T00:00,1.410,µg/m³,DICHOT,
50109,MONTRÉAL-ÉCHANGEUR DÉCARIE,Sulfur,1989-02-03T00:00,0.250,µg/m³,DICHOT,
50109,MONTRÉAL-ÉCHANGEUR DÉCARIE,Sulfur,1989-02-03T00:00,1.090,µg/m³,DICHOT,
50109,MONTRÉAL-ÉCHANGEUR DÉCARIE,Sulfur,1989-02-09T00:00,0.553,µg/m³,DICHOT,
50109,MONTRÉAL-ÉCHANGEUR DÉCARIE,Sulfur,1989-02-09T00:00,0.954,µg/m³,DICHOT,
50109,MONTRÉAL-ÉCHANGEUR DÉCARIE,Sulfur,1989-02-15T00:00,0.254,µg/m³,DICHOT,
50109,MONTRÉAL-ÉCHANGEUR DÉCARIE,Sulfur,1989-02-15T00:00,2.250,µg/m³,DICHOT,
50109,MONTRÉAL-ÉCHANGEUR DÉCARIE,Sulfur,1989-02-21T00:00,0.330,µg/m³,DICHOT,
50109,MONTRÉAL-ÉCHANGEUR DÉCARIE,Sulfur,1989-02-21T00:00,3.230,µg/m³,DICHOT,
50109,MONTRÉAL-ÉCHANGEUR DÉCARIE,Sulfur,1989-02-27T00:00,0.535,µg/m³,DICHOT,
50109,MONTRÉAL-ÉCHANGEUR DÉCARIE,Sulfur,1989-02-27T00:00,2.130,µg/m³,DICHOT,
50109,MONTRÉAL-ÉCHANGEUR DÉCARIE,Sulfur,1989-03-05T00:00,0.250,µg/m³,DICHOT,
50109,MONTRÉAL-ÉCHANGEUR DÉCARIE,Sulfur,1989-03-05T00:00,2.210,µg/m³,DICHOT,
50109,MONTRÉAL-ÉCHANGEUR DÉCARIE,Sulfur,1989-03-17T00:00,0.556,µg/m³,DICHOT,
50109,MONTRÉAL-ÉCHANGEUR DÉCARIE,Sulfur,1989-03-17T00:00,0.899,µg/m³,DICHOT,
50109,MONTRÉAL-ÉCHANGEUR DÉCARIE,Sulfur,1989-03-23T00:00,0.417,µg/m³,DICHOT,
50109,MONTRÉAL-ÉCHANGEUR DÉCARIE,Sulfur,1989-03-23T00:00,1.330,µg/m³,DICHOT,
50109,MONTRÉAL-ÉCHANGEUR DÉCARIE,Sulfur,1989-03-29T00:00,0.094,µg/m³,DICHOT,
50109,MONTRÉAL-ÉCHANGEUR DÉCARIE,Sulfur,1989-03-29T00:00,0.650,µg/m³,DICHOT,
50109,MONTRÉAL-ÉCHANGEUR DÉCARIE,Sulfur,1989-04-04T00:00,0.296,µg/m³,DICHOT,
50109,MONTRÉAL-ÉCHANGEUR DÉCARIE,Sulfur,1989-04-04T00:00,1.930,µg/m³,DICHOT,
50109,MONTRÉAL-ÉCHANGEUR DÉCARIE,Sulfur,1989-04-10T00:00,0.540,µg/m³,DICHOT,
50109,MONTRÉAL-ÉCHANGEUR DÉCARIE,Sulfur,1989-04-10T00:00,1.220,µg/m³,DICHOT,
50109,MONTRÉAL-ÉCHANGEUR DÉCARIE,Sulfur,1989-04-16T00:00,0.170,µg/m³,DICHOT,
50109,MONTRÉAL-ÉCHANGEUR DÉCARIE,Sulfur,1989-04-16T00:00,2.060,µg/m³,DICHOT,
50109,MONTRÉAL-ÉCHANGEUR DÉCARIE,Sulfur,1989-04-22T00:00,0.188,µg/m³,DICHOT,
50109,MONTRÉAL-ÉCHANGEUR DÉCARIE,Sulfur,1989-04-22T00:00,0.682,µg/m³,DICHOT,
50109,MONTRÉAL-ÉCHANGEUR DÉCARIE,Sulfur,1989-05-04T00:00,0.246,µg/m³,DICHOT,
50109,MONTRÉAL-ÉCHANGEUR DÉCARIE,Sulfur,1989-05-04T00:00,1.420,µg/m³,DICHOT,
50109,MONTRÉAL-ÉCHANGEUR DÉCARIE,Sulfur,1989-05-10T00:00,0.233,µg/m³,DICHOT,
50109,MONTRÉAL-ÉCHANGEUR DÉCARIE,Sulfur,1989-05-10T00:00,1.660,µg/m³,DICHOT,
50109,MONTRÉAL-ÉCHANGEUR DÉCARIE,Sulfur,1989-05-22T00:00,0.115,µg/m³,DICHOT,
50109,MONTRÉAL-ÉCHANGEUR DÉCARIE,Sulfur,1989-05-22T00:00,0.382,µg/m³,DICHOT,
50109,MONTRÉAL-ÉCHANGEUR DÉCARIE,Sulfur,1989-05-28T00:00,0.106,µg/m³,DICHOT,
50109,MONTRÉAL-ÉCHANGEUR DÉCARIE,Sulfur,1989-05-28T00:00,0.280,µg/m³,DICHOT,
50109,MONTRÉAL-ÉCHANGEUR DÉCARIE,Sulfur,1989-06-03T00:00,0.282,µg/m³,DICHOT,
50109,MONTRÉAL-ÉCHANGEUR DÉCARIE,Sulfur,1989-06-03T00:00,1.020,µg/m³,DICHOT,
50109,MONTRÉAL-ÉCHANGEUR DÉCARIE,Sulfur,1989-06-09T00:00,0.199,µg/m³,DICHOT,
50109,MONTRÉAL-ÉCHANGEUR DÉCARIE,Sulfur,1989-06-09T00:00,1.460,µg/m³,DICHOT,
50109,MONTRÉAL-ÉCHANGEUR DÉCARIE,Sulfur,1989-06-15T00:00,0.204,µg/m³,DICHOT,
50109,MONTRÉAL-ÉCHANGEUR DÉCARIE,Sulfur,1989-06-15T00:00,0.603,µg/m³,DICHOT,
50109,MONTRÉAL-ÉCHANGEUR DÉCARIE,Sulfur,1989-06-21T00:00,0.447,µg/m³,DICHOT,
50109,MONTRÉAL-ÉCHANGEUR DÉCARIE,Sulfur,1989-06-21T00:00,3.040,µg/m³,DICHOT,
50109,MONTRÉAL-ÉCHANGEUR DÉCARIE,Sulfur,1989-06-27T00:00,0.155,µg/m³,DICHOT,
50109,MONTRÉAL-ÉCHANGEUR DÉCARIE,Sulfur,1989-06-27T00:00,3.210,µg/m³,DICHOT,
50109,MONTRÉAL-ÉCHANGEUR DÉCARIE,Sulfur,1989-07-03T00:00,0.169,µg/m³,DICHOT,
50109,MONTRÉAL-ÉCHANGEUR DÉCARIE,Sulfur,1989-07-03T00:00,2.530,µg/m³,DICHOT,
50109,MONTRÉAL-ÉCHANGEUR DÉCARIE,Sulfur,1989-07-09T00:00,0.042,µg/m³,DICHOT,
50109,MONTRÉAL-ÉCHANGEUR DÉCARIE,Sulfur,1989-07-09T00:00,0.636,µg/m³,DICHOT,
50109,MONTRÉAL-ÉCHANGEUR DÉCARIE,Sulfur,1989-07-15T00:00,0.080,µg/m³,DICHOT,
50109,MONTRÉAL-ÉCHANGEUR DÉCARIE,Sulfur,1989-07-15T00:00,0.482,µg/m³,DICHOT,
50109,MONTRÉAL-ÉCHANGEUR DÉCARIE,Sulfur,1989-07-21T00:00,0.202,µg/m³,DICHOT,
50109,MONTRÉAL-ÉCHANGEUR DÉCARIE,Sulfur,1989-07-21T00:00,1.640,µg/m³,DICHOT,
50109,MONTRÉAL-ÉCHANGEUR DÉCARIE,Sulfur,1989-07-27T00:00,0.742,µg/m³,DICHOT,
50109,MONTRÉAL-ÉCHANGEUR DÉCARIE,Sulfur,1989-07-27T00:00,5.450,µg/m³,DICHOT,
50109,MONTRÉAL-ÉCHANGEUR DÉCARIE,Sulfur,1989-08-14T00:00,0.371,µg/m³,DICHOT,
50109,MONTRÉAL-ÉCHANGEUR DÉCARIE,Sulfur,1989-08-14T00:00,4.240,µg/m³,DICHOT,
50109,MONTRÉAL-ÉCHANGEUR DÉCARIE,Sulfur,1989-08-20T00:00,0.224,µg/m³,DICHOT,
50109,MONTRÉAL-ÉCHANGEUR DÉCARIE,Sulfur,1989-08-20T00:00,2.690,µg/m³,DICHOT,
50109,MONTRÉAL-ÉCHANGEUR DÉCARIE,Sulfur,1989-08-26T00:00,0.285,µg/m³,DICHOT,
50109,MONTRÉAL-ÉCHANGEUR DÉCARIE,Sulfur,1989-08-26T00:00,0.672,µg/m³,DICHOT,
50109,MONTRÉAL-ÉCHANGEUR DÉCARIE,Sulfur,1989-09-01T00:00,0.156,µg/m³,DICHOT,
50109,MONTRÉAL-ÉCHANGEUR DÉCARIE,Sulfur,1989-09-01T00:00,1.820,µg/m³,DICHOT,
50109,MONTRÉAL-ÉCHANGEUR DÉCARIE,Sulfur,1989-09-07T00:00,0.667,µg/m³,DICHOT,
50109,MONTRÉAL-ÉCHANGEUR DÉCARIE,Sulfur,1989-09-07T00:00,6.150,µg/m³,DICHOT,
50109,MONTRÉAL-ÉCHANGEUR DÉCARIE,Sulfur,1989-09-13T00:00,0.171,µg/m³,DICHOT,
50109,MONTRÉAL-ÉCHANGEUR DÉCARIE,Sulfur,1989-09-13T00:00,0.450,µg/m³,DICHOT,
50109,MONTRÉAL-ÉCHANGEUR DÉCARIE,Sulfur,1989-09-19T00:00,0.178,µg/m³,DICHOT,
50109,MONTRÉAL-ÉCHANGEUR DÉCARIE,Sulfur,1989-09-19T00:00,1.860,µg/m³,DICHOT,
50109,MONTRÉAL-ÉCHANGEUR DÉCARIE,Sulfur,1989-09-25T00:00,0.164,µg/m³,DICHOT,
50109,MONTRÉAL-ÉCHANGEUR DÉCARIE,Sulfur,1989-09-25T00:00,0.545,µg/m³,DICHOT,
50109,MONTRÉAL-ÉCHANGEUR DÉCARIE,Sulfur,1989-10-01T00:00,0.222,µg/m³,DICHOT,
50109,MONTRÉAL-ÉCHANGEUR DÉCARIE,Sulfur,1989-10-01T00:00,1.040,µg/m³,DICHOT,
50109,MONTRÉAL-ÉCHANGEUR DÉCARIE,Sulfur,1989-10-07T00:00,0.079,µg/m³,DICHOT,
50109,MONTRÉAL-ÉCHANGEUR DÉCARIE,Sulfur,1989-10-07T00:00,0.281,µg/m³,DICHOT,
50109,MONTRÉAL-ÉCHANGEUR DÉCARIE,Sulfur,1989-10-13T00:00,0.184,µg/m³,DICHOT,
50109,MONTRÉAL-ÉCHANGEUR DÉCARIE,Sulfur,1989-10-13T00:00,0.635,µg/m³,DICHOT,
50109,MONTRÉAL-ÉCHANGEUR DÉCARIE,Sulfur,1989-10-19T00:00,0.055,µg/m³,DICHOT,
50109,MONTRÉAL-ÉCHANGEUR DÉCARIE,Sulfur,1989-10-19T00:00,0.241,µg/m³,DICHOT,
50109,MONTRÉAL-ÉCHANGEUR DÉCARIE,Sulfur,1989-10-25T00:00,0.390,µg/m³,DICHOT,
50109,MONTRÉAL-ÉCHANGEUR DÉCARIE,Sulfur,1989-10-25T00:00,2.160,µg/m³,DICHOT,
50109,MONTRÉAL-ÉCHANGEUR DÉCARIE,Sulfur,1989-10-31T00:00,0.368,µg/m³,DICHOT,
50109,MONTRÉAL-ÉCHANGEUR DÉCARIE,Sulfur,1989-10-31T00:00,2.520,µg/m³,DICHOT,
50109,MONTRÉAL-ÉCHANGEUR DÉCARIE,Sulfur,1989-11-06T00:00,0.136,µg/m³,DICHOT,
50109,MONTRÉAL-ÉCHANGEUR DÉCARIE,Sulfur,1989-11-06T00:00,1.360,µg/m³,DICHOT,
50109,MONTRÉAL-ÉCHANGEUR DÉCARIE,Sulfur,1989-11-12T00:00,0.040,µg/m³,DICHOT,
50109,MONTRÉAL-ÉCHANGEUR DÉCARIE,Sulfur,1989-11-12T00:00,0.352,µg/m³,DICHOT,
50109,MONTRÉAL-ÉCHANGEUR DÉCARIE,Sulfur,1989-11-24T00:00,0.348,µg/m³,DICHOT,
50109,MONTRÉAL-ÉCHANGEUR DÉCARIE,Sulfur,1989-11-24T00:00,1.470,µg/m³,DICHOT,
50109,MONTRÉAL-ÉCHANGEUR DÉCARIE,Sulfur,1989-11-30T00:00,0.157,µg/m³,DICHOT,
50109,MONTRÉAL-ÉCHANGEUR DÉCARIE,Sulfur,1989-11-30T00:00,1.140,µg/m³,DICHOT,
