﻿NAPS_Site_ID,Station_Name,Pollutant,Date,Value,Units,Report_Type,Method
80111,REGINA,Isopentane,2014-03-23T20:00,0.774,µg/m³,VOC,
80111,REGINA,Isopentane,2014-03-29T20:00,2.494,µg/m³,VOC,
80111,REGINA,Isopentane,2014-04-04T20:00,2.392,µg/m³,VOC,
80111,REGINA,Isopentane,2014-04-10T20:00,1.942,µg/m³,VOC,
80111,REGINA,Isopentane,2014-04-16T20:00,1.124,µg/m³,VOC,
80111,REGINA,Isopentane,2014-04-22T20:00,1.186,µg/m³,VOC,
80111,REGINA,Isopentane,2014-04-28T20:00,0.710,µg/m³,VOC,
80111,REGINA,Isopentane,2014-05-04T20:00,2.116,µg/m³,VOC,
80111,REGINA,Isopentane,2014-05-10T20:00,1.222,µg/m³,VOC,
80111,REGINA,Isopentane,2014-05-16T20:00,1.144,µg/m³,VOC,
80111,REGINA,Isopentane,2014-05-22T20:00,2.078,µg/m³,VOC,
80111,REGINA,Isopentane,2014-05-28T20:00,3.044,µg/m³,VOC,
80111,REGINA,Isopentane,2014-06-03T20:00,1.354,µg/m³,VOC,
80111,REGINA,Isopentane,2014-06-10T20:00,1.176,µg/m³,VOC,
80111,REGINA,Isopentane,2014-06-15T20:00,1.650,µg/m³,VOC,
80111,REGINA,Isopentane,2014-06-21T20:00,0.738,µg/m³,VOC,
80111,REGINA,Isopentane,2014-07-09T20:00,3.648,µg/m³,VOC,
80111,REGINA,Isopentane,2014-07-15T20:00,1.754,µg/m³,VOC,
80111,REGINA,Isopentane,2014-07-21T20:00,5.864,µg/m³,VOC,
80111,REGINA,Isopentane,2014-07-27T20:00,2.384,µg/m³,VOC,
80111,REGINA,Isopentane,2014-08-02T20:00,4.116,µg/m³,VOC,
80111,REGINA,Isopentane,2014-08-08T20:00,3.722,µg/m³,VOC,
80111,REGINA,Isopentane,2014-08-14T20:00,3.562,µg/m³,VOC,
80111,REGINA,Isopentane,2014-08-20T20:00,1.776,µg/m³,VOC,
80111,REGINA,Isopentane,2014-08-26T20:00,1.080,µg/m³,VOC,
80111,REGINA,Isopentane,2014-09-01T20:00,3.490,µg/m³,VOC,
80111,REGINA,Isopentane,2014-09-07T20:00,2.000,µg/m³,VOC,
80111,REGINA,Isopentane,2014-09-13T20:00,1.832,µg/m³,VOC,
80111,REGINA,Isopentane,2014-09-19T20:00,0.996,µg/m³,VOC,
80111,REGINA,Isopentane,2014-09-25T20:00,3.886,µg/m³,VOC,
80111,REGINA,Isopentane,2014-10-01T20:00,0.488,µg/m³,VOC,
80111,REGINA,Isopentane,2014-10-07T20:00,9.476,µg/m³,VOC,
80111,REGINA,Isopentane,2014-10-13T20:00,0.762,µg/m³,VOC,
80111,REGINA,Isopentane,2014-10-19T20:00,2.352,µg/m³,VOC,
80111,REGINA,Isopentane,2014-10-25T20:00,2.514,µg/m³,VOC,
80111,REGINA,Isopentane,2014-10-31T20:00,3.780,µg/m³,VOC,
80111,REGINA,Isopentane,2014-11-06T19:00,1.026,µg/m³,VOC,
80111,REGINA,Isopentane,2014-11-12T19:00,1.056,µg/m³,VOC,
80111,REGINA,Isopentane,2014-11-18T19:00,3.846,µg/m³,VOC,
80111,REGINA,Isopentane,2014-11-24T19:00,2.544,µg/m³,VOC,
80111,REGINA,Isopentane,2014-12-06T19:00,6.704,µg/m³,VOC,
80111,REGINA,Isopentane,2014-12-12T19:00,8.596,µg/m³,VOC,
80111,REGINA,Isopentane,2014-12-18T19:00,2.824,µg/m³,VOC,
80111,REGINA,Isopentane,2014-12-24T19:00,1.288,µg/m³,VOC,
80111,REGINA,Isopentane,2014-12-30T19:00,1.310,µg/m³,VOC,
