﻿NAPS_Site_ID,Station_Name,Pollutant,Date,Value,Units,Report_Type,Method
101101,CHILLIWACK AIRPORT,"2,2-Dimethylpentane",1998-06-16T00:00,0.000,µg/m³,VOC,
101101,CHILLIWACK AIRPORT,"2,2-Dimethylpentane",1998-07-16T00:00,0.033,µg/m³,VOC,
101101,CHILLIWACK AIRPORT,"2,2-Dimethylpentane",1998-08-21T00:00,0.032,µg/m³,VOC,
101101,CHILLIWACK AIRPORT,"2,2-Dimethylpentane",1998-09-26T00:00,0.054,µg/m³,VOC,
101101,CHILLIWACK AIRPORT,"2,2-Dimethylpentane",1998-10-20T00:00,0.000,µg/m³,VOC,
101101,CHILLIWACK AIRPORT,"2,2-Dimethylpentane",1998-12-01T00:00,0.000,µg/m³,VOC,
101101,CHILLIWACK AIRPORT,"2,2-Dimethylpentane",1998-12-25T00:00,0.032,µg/m³,VOC,
