﻿NAPS_Site_ID,Station_Name,Pollutant,Date,Value,Units,Report_Type,Method
70301,FLIN FLON,Iron,2014-01-17T00:00,0.008,µg/m³,PM2.5,ED-XRF
70301,FLIN FLON,Iron,2014-01-20T00:00,0.059,µg/m³,PM2.5,ED-XRF
70301,FLIN FLON,Iron,2014-03-18T00:00,0.052,µg/m³,PM2.5,ED-XRF
70301,FLIN FLON,Iron,2014-03-21T00:00,0.153,µg/m³,PM2.5,ED-XRF
70301,FLIN FLON,Iron,2014-03-24T00:00,0.139,µg/m³,PM2.5,ED-XRF
70301,FLIN FLON,Iron,2014-03-27T00:00,0.048,µg/m³,PM2.5,ED-XRF
70301,FLIN FLON,Iron,2014-03-30T00:00,0.097,µg/m³,PM2.5,ED-XRF
70301,FLIN FLON,Iron,2014-04-02T00:00,0.064,µg/m³,PM2.5,ED-XRF
70301,FLIN FLON,Iron,2014-04-05T00:00,0.024,µg/m³,PM2.5,ED-XRF
70301,FLIN FLON,Iron,2014-04-08T00:00,0.058,µg/m³,PM2.5,ED-XRF
70301,FLIN FLON,Iron,2014-04-11T00:00,0.093,µg/m³,PM2.5,ED-XRF
70301,FLIN FLON,Iron,2014-04-14T00:00,0.127,µg/m³,PM2.5,ED-XRF
70301,FLIN FLON,Iron,2014-04-17T00:00,0.096,µg/m³,PM2.5,ED-XRF
70301,FLIN FLON,Iron,2014-04-20T00:00,0.031,µg/m³,PM2.5,ED-XRF
70301,FLIN FLON,Iron,2014-04-23T00:00,0.025,µg/m³,PM2.5,ED-XRF
70301,FLIN FLON,Iron,2014-04-26T00:00,0.054,µg/m³,PM2.5,ED-XRF
70301,FLIN FLON,Iron,2014-04-29T00:00,0.052,µg/m³,PM2.5,ED-XRF
70301,FLIN FLON,Iron,2014-05-08T00:00,0.113,µg/m³,PM2.5,ED-XRF
70301,FLIN FLON,Iron,2014-05-11T00:00,0.101,µg/m³,PM2.5,ED-XRF
70301,FLIN FLON,Iron,2014-05-14T00:00,0.032,µg/m³,PM2.5,ED-XRF
70301,FLIN FLON,Iron,2014-05-17T00:00,0.047,µg/m³,PM2.5,ED-XRF
70301,FLIN FLON,Iron,2014-05-20T00:00,0.091,µg/m³,PM2.5,ED-XRF
70301,FLIN FLON,Iron,2014-05-23T00:00,0.029,µg/m³,PM2.5,ED-XRF
70301,FLIN FLON,Iron,2014-05-26T00:00,0.006,µg/m³,PM2.5,ED-XRF
70301,FLIN FLON,Iron,2014-05-29T00:00,0.049,µg/m³,PM2.5,ED-XRF
70301,FLIN FLON,Iron,2014-06-01T00:00,0.020,µg/m³,PM2.5,ED-XRF
70301,FLIN FLON,Iron,2014-07-04T00:00,0.061,µg/m³,PM2.5,ED-XRF
70301,FLIN FLON,Iron,2014-07-07T00:00,0.259,µg/m³,PM2.5,ED-XRF
70301,FLIN FLON,Iron,2014-07-10T00:00,0.018,µg/m³,PM2.5,ED-XRF
70301,FLIN FLON,Iron,2014-07-13T00:00,0.089,µg/m³,PM2.5,ED-XRF
70301,FLIN FLON,Iron,2014-07-16T00:00,0.115,µg/m³,PM2.5,ED-XRF
70301,FLIN FLON,Iron,2014-07-19T00:00,0.050,µg/m³,PM2.5,ED-XRF
70301,FLIN FLON,Iron,2014-07-22T00:00,0.023,µg/m³,PM2.5,ED-XRF
70301,FLIN FLON,Iron,2014-07-25T00:00,0.125,µg/m³,PM2.5,ED-XRF
70301,FLIN FLON,Iron,2014-07-28T00:00,0.199,µg/m³,PM2.5,ED-XRF
70301,FLIN FLON,Iron,2014-07-31T00:00,0.134,µg/m³,PM2.5,ED-XRF
70301,FLIN FLON,Iron,2014-08-03T00:00,0.045,µg/m³,PM2.5,ED-XRF
70301,FLIN FLON,Iron,2014-08-06T00:00,0.038,µg/m³,PM2.5,ED-XRF
70301,FLIN FLON,Iron,2014-08-09T00:00,0.016,µg/m³,PM2.5,ED-XRF
70301,FLIN FLON,Iron,2014-08-12T00:00,0.020,µg/m³,PM2.5,ED-XRF
70301,FLIN FLON,Iron,2014-08-15T00:00,0.043,µg/m³,PM2.5,ED-XRF
70301,FLIN FLON,Iron,2014-08-18T00:00,0.025,µg/m³,PM2.5,ED-XRF
70301,FLIN FLON,Iron,2014-08-21T00:00,0.009,µg/m³,PM2.5,ED-XRF
70301,FLIN FLON,Iron,2014-08-24T00:00,0.045,µg/m³,PM2.5,ED-XRF
70301,FLIN FLON,Iron,2014-08-30T00:00,0.010,µg/m³,PM2.5,ED-XRF
70301,FLIN FLON,Iron,2014-09-02T00:00,0.166,µg/m³,PM2.5,ED-XRF
70301,FLIN FLON,Iron,2014-09-05T00:00,0.064,µg/m³,PM2.5,ED-XRF
70301,FLIN FLON,Iron,2014-09-08T00:00,0.044,µg/m³,PM2.5,ED-XRF
70301,FLIN FLON,Iron,2014-09-11T00:00,0.057,µg/m³,PM2.5,ED-XRF
70301,FLIN FLON,Iron,2014-09-14T00:00,0.106,µg/m³,PM2.5,ED-XRF
70301,FLIN FLON,Iron,2014-09-17T00:00,0.027,µg/m³,PM2.5,ED-XRF
70301,FLIN FLON,Iron,2014-09-20T00:00,0.042,µg/m³,PM2.5,ED-XRF
70301,FLIN FLON,Iron,2014-09-23T00:00,0.170,µg/m³,PM2.5,ED-XRF
70301,FLIN FLON,Iron,2014-09-26T00:00,0.036,µg/m³,PM2.5,ED-XRF
70301,FLIN FLON,Iron,2014-09-29T00:00,0.024,µg/m³,PM2.5,ED-XRF
70301,FLIN FLON,Iron,2014-10-02T00:00,0.065,µg/m³,PM2.5,ED-XRF
70301,FLIN FLON,Iron,2014-10-05T00:00,0.139,µg/m³,PM2.5,ED-XRF
70301,FLIN FLON,Iron,2014-10-11T00:00,0.070,µg/m³,PM2.5,ED-XRF
70301,FLIN FLON,Iron,2014-10-14T00:00,0.031,µg/m³,PM2.5,ED-XRF
70301,FLIN FLON,Iron,2014-10-20T00:00,0.104,µg/m³,PM2.5,ED-XRF
70301,FLIN FLON,Iron,2014-10-23T00:00,0.020,µg/m³,PM2.5,ED-XRF
70301,FLIN FLON,Iron,2014-10-26T00:00,0.029,µg/m³,PM2.5,ED-XRF
70301,FLIN FLON,Iron,2014-10-29T00:00,0.024,µg/m³,PM2.5,ED-XRF
70301,FLIN FLON,Iron,2014-11-01T00:00,0.096,µg/m³,PM2.5,ED-XRF
70301,FLIN FLON,Iron,2014-11-04T00:00,0.030,µg/m³,PM2.5,ED-XRF
70301,FLIN FLON,Iron,2014-11-07T00:00,0.029,µg/m³,PM2.5,ED-XRF
70301,FLIN FLON,Iron,2014-11-10T00:00,0.029,µg/m³,PM2.5,ED-XRF
70301,FLIN FLON,Iron,2014-11-13T00:00,0.169,µg/m³,PM2.5,ED-XRF
70301,FLIN FLON,Iron,2014-11-16T00:00,0.074,µg/m³,PM2.5,ED-XRF
70301,FLIN FLON,Iron,2014-11-19T00:00,0.078,µg/m³,PM2.5,ED-XRF
70301,FLIN FLON,Iron,2014-12-19T00:00,0.014,µg/m³,PM2.5,ED-XRF
70301,FLIN FLON,Iron,2014-12-22T00:00,0.004,µg/m³,PM2.5,ED-XRF
70301,FLIN FLON,Iron,2014-12-25T00:00,0.039,µg/m³,PM2.5,ED-XRF
70301,FLIN FLON,Iron,2014-12-28T00:00,0.032,µg/m³,PM2.5,ED-XRF
70301,FLIN FLON,Iron,2014-12-31T00:00,0.055,µg/m³,PM2.5,ED-XRF
70301,FLIN FLON,Iron,2014-01-20T00:00,0.060,µg/m³,PM2.5,ICPMS
70301,FLIN FLON,Iron,2014-03-18T00:00,0.051,µg/m³,PM2.5,ICPMS
70301,FLIN FLON,Iron,2014-03-24T00:00,0.139,µg/m³,PM2.5,ICPMS
70301,FLIN FLON,Iron,2014-03-30T00:00,0.084,µg/m³,PM2.5,ICPMS
70301,FLIN FLON,Iron,2014-04-05T00:00,0.018,µg/m³,PM2.5,ICPMS
70301,FLIN FLON,Iron,2014-04-11T00:00,0.083,µg/m³,PM2.5,ICPMS
70301,FLIN FLON,Iron,2014-04-17T00:00,0.094,µg/m³,PM2.5,ICPMS
70301,FLIN FLON,Iron,2014-04-23T00:00,0.026,µg/m³,PM2.5,ICPMS
70301,FLIN FLON,Iron,2014-04-29T00:00,0.051,µg/m³,PM2.5,ICPMS
70301,FLIN FLON,Iron,2014-05-11T00:00,0.098,µg/m³,PM2.5,ICPMS
70301,FLIN FLON,Iron,2014-05-17T00:00,0.022,µg/m³,PM2.5,ICPMS
70301,FLIN FLON,Iron,2014-05-23T00:00,0.031,µg/m³,PM2.5,ICPMS
70301,FLIN FLON,Iron,2014-05-29T00:00,0.051,µg/m³,PM2.5,ICPMS
70301,FLIN FLON,Iron,2014-07-04T00:00,0.068,µg/m³,PM2.5,ICPMS
70301,FLIN FLON,Iron,2014-07-10T00:00,0.014,µg/m³,PM2.5,ICPMS
70301,FLIN FLON,Iron,2014-07-16T00:00,0.104,µg/m³,PM2.5,ICPMS
70301,FLIN FLON,Iron,2014-07-22T00:00,0.020,µg/m³,PM2.5,ICPMS
70301,FLIN FLON,Iron,2014-07-28T00:00,0.187,µg/m³,PM2.5,ICPMS
70301,FLIN FLON,Iron,2014-08-03T00:00,0.034,µg/m³,PM2.5,ICPMS
70301,FLIN FLON,Iron,2014-08-09T00:00,0.012,µg/m³,PM2.5,ICPMS
70301,FLIN FLON,Iron,2014-08-15T00:00,0.035,µg/m³,PM2.5,ICPMS
70301,FLIN FLON,Iron,2014-08-21T00:00,0.023,µg/m³,PM2.5,ICPMS
70301,FLIN FLON,Iron,2014-08-30T00:00,0.020,µg/m³,PM2.5,ICPMS
70301,FLIN FLON,Iron,2014-09-05T00:00,0.066,µg/m³,PM2.5,ICPMS
70301,FLIN FLON,Iron,2014-09-11T00:00,0.058,µg/m³,PM2.5,ICPMS
70301,FLIN FLON,Iron,2014-09-17T00:00,0.026,µg/m³,PM2.5,ICPMS
70301,FLIN FLON,Iron,2014-09-23T00:00,0.103,µg/m³,PM2.5,ICPMS
70301,FLIN FLON,Iron,2014-09-29T00:00,0.026,µg/m³,PM2.5,ICPMS
70301,FLIN FLON,Iron,2014-10-05T00:00,0.132,µg/m³,PM2.5,ICPMS
70301,FLIN FLON,Iron,2014-10-14T00:00,0.028,µg/m³,PM2.5,ICPMS
70301,FLIN FLON,Iron,2014-10-20T00:00,0.032,µg/m³,PM2.5,ICPMS
70301,FLIN FLON,Iron,2014-10-26T00:00,0.031,µg/m³,PM2.5,ICPMS
70301,FLIN FLON,Iron,2014-11-01T00:00,0.089,µg/m³,PM2.5,ICPMS
70301,FLIN FLON,Iron,2014-11-07T00:00,0.023,µg/m³,PM2.5,ICPMS
70301,FLIN FLON,Iron,2014-11-13T00:00,0.160,µg/m³,PM2.5,ICPMS
70301,FLIN FLON,Iron,2014-11-19T00:00,0.072,µg/m³,PM2.5,ICPMS
70301,FLIN FLON,Iron,2014-12-19T00:00,0.010,µg/m³,PM2.5,ICPMS
70301,FLIN FLON,Iron,2014-12-22T00:00,0.011,µg/m³,PM2.5,ICPMS
70301,FLIN FLON,Iron,2014-12-28T00:00,0.032,µg/m³,PM2.5,ICPMS
70301,FLIN FLON,Iron,2014-01-17T00:00,0.047,µg/m³,PM2.5-10,ED-XRF
70301,FLIN FLON,Iron,2014-01-20T00:00,0.144,µg/m³,PM2.5-10,ED-XRF
70301,FLIN FLON,Iron,2014-03-18T00:00,0.457,µg/m³,PM2.5-10,ED-XRF
70301,FLIN FLON,Iron,2014-03-21T00:00,1.508,µg/m³,PM2.5-10,ED-XRF
70301,FLIN FLON,Iron,2014-03-24T00:00,0.566,µg/m³,PM2.5-10,ED-XRF
70301,FLIN FLON,Iron,2014-03-27T00:00,0.230,µg/m³,PM2.5-10,ED-XRF
70301,FLIN FLON,Iron,2014-03-30T00:00,0.317,µg/m³,PM2.5-10,ED-XRF
70301,FLIN FLON,Iron,2014-04-02T00:00,0.217,µg/m³,PM2.5-10,ED-XRF
70301,FLIN FLON,Iron,2014-04-05T00:00,0.071,µg/m³,PM2.5-10,ED-XRF
70301,FLIN FLON,Iron,2014-04-08T00:00,0.147,µg/m³,PM2.5-10,ED-XRF
70301,FLIN FLON,Iron,2014-04-11T00:00,0.280,µg/m³,PM2.5-10,ED-XRF
70301,FLIN FLON,Iron,2014-04-14T00:00,0.362,µg/m³,PM2.5-10,ED-XRF
70301,FLIN FLON,Iron,2014-04-17T00:00,0.403,µg/m³,PM2.5-10,ED-XRF
70301,FLIN FLON,Iron,2014-04-20T00:00,0.241,µg/m³,PM2.5-10,ED-XRF
70301,FLIN FLON,Iron,2014-04-23T00:00,0.173,µg/m³,PM2.5-10,ED-XRF
70301,FLIN FLON,Iron,2014-04-26T00:00,0.214,µg/m³,PM2.5-10,ED-XRF
70301,FLIN FLON,Iron,2014-04-29T00:00,0.273,µg/m³,PM2.5-10,ED-XRF
70301,FLIN FLON,Iron,2014-05-08T00:00,0.316,µg/m³,PM2.5-10,ED-XRF
70301,FLIN FLON,Iron,2014-05-11T00:00,0.368,µg/m³,PM2.5-10,ED-XRF
70301,FLIN FLON,Iron,2014-05-14T00:00,0.160,µg/m³,PM2.5-10,ED-XRF
70301,FLIN FLON,Iron,2014-05-17T00:00,0.204,µg/m³,PM2.5-10,ED-XRF
70301,FLIN FLON,Iron,2014-05-20T00:00,0.455,µg/m³,PM2.5-10,ED-XRF
70301,FLIN FLON,Iron,2014-05-23T00:00,0.102,µg/m³,PM2.5-10,ED-XRF
70301,FLIN FLON,Iron,2014-05-26T00:00,0.041,µg/m³,PM2.5-10,ED-XRF
70301,FLIN FLON,Iron,2014-05-29T00:00,0.108,µg/m³,PM2.5-10,ED-XRF
70301,FLIN FLON,Iron,2014-06-01T00:00,0.091,µg/m³,PM2.5-10,ED-XRF
70301,FLIN FLON,Iron,2014-07-04T00:00,0.474,µg/m³,PM2.5-10,ED-XRF
70301,FLIN FLON,Iron,2014-07-07T00:00,0.947,µg/m³,PM2.5-10,ED-XRF
70301,FLIN FLON,Iron,2014-07-10T00:00,0.120,µg/m³,PM2.5-10,ED-XRF
70301,FLIN FLON,Iron,2014-07-13T00:00,0.455,µg/m³,PM2.5-10,ED-XRF
70301,FLIN FLON,Iron,2014-07-16T00:00,1.474,µg/m³,PM2.5-10,ED-XRF
70301,FLIN FLON,Iron,2014-07-19T00:00,0.256,µg/m³,PM2.5-10,ED-XRF
70301,FLIN FLON,Iron,2014-07-22T00:00,0.136,µg/m³,PM2.5-10,ED-XRF
70301,FLIN FLON,Iron,2014-07-25T00:00,0.578,µg/m³,PM2.5-10,ED-XRF
70301,FLIN FLON,Iron,2014-07-28T00:00,1.602,µg/m³,PM2.5-10,ED-XRF
70301,FLIN FLON,Iron,2014-07-31T00:00,1.155,µg/m³,PM2.5-10,ED-XRF
70301,FLIN FLON,Iron,2014-08-03T00:00,0.281,µg/m³,PM2.5-10,ED-XRF
70301,FLIN FLON,Iron,2014-08-06T00:00,0.253,µg/m³,PM2.5-10,ED-XRF
70301,FLIN FLON,Iron,2014-08-09T00:00,0.092,µg/m³,PM2.5-10,ED-XRF
70301,FLIN FLON,Iron,2014-08-12T00:00,0.107,µg/m³,PM2.5-10,ED-XRF
70301,FLIN FLON,Iron,2014-08-15T00:00,0.238,µg/m³,PM2.5-10,ED-XRF
70301,FLIN FLON,Iron,2014-08-18T00:00,0.192,µg/m³,PM2.5-10,ED-XRF
70301,FLIN FLON,Iron,2014-08-21T00:00,0.065,µg/m³,PM2.5-10,ED-XRF
70301,FLIN FLON,Iron,2014-08-24T00:00,0.328,µg/m³,PM2.5-10,ED-XRF
70301,FLIN FLON,Iron,2014-08-30T00:00,0.056,µg/m³,PM2.5-10,ED-XRF
70301,FLIN FLON,Iron,2014-09-02T00:00,0.704,µg/m³,PM2.5-10,ED-XRF
70301,FLIN FLON,Iron,2014-09-05T00:00,0.332,µg/m³,PM2.5-10,ED-XRF
70301,FLIN FLON,Iron,2014-09-08T00:00,0.130,µg/m³,PM2.5-10,ED-XRF
70301,FLIN FLON,Iron,2014-09-11T00:00,0.392,µg/m³,PM2.5-10,ED-XRF
70301,FLIN FLON,Iron,2014-09-14T00:00,0.694,µg/m³,PM2.5-10,ED-XRF
70301,FLIN FLON,Iron,2014-09-17T00:00,0.116,µg/m³,PM2.5-10,ED-XRF
70301,FLIN FLON,Iron,2014-09-20T00:00,0.231,µg/m³,PM2.5-10,ED-XRF
70301,FLIN FLON,Iron,2014-09-23T00:00,0.644,µg/m³,PM2.5-10,ED-XRF
70301,FLIN FLON,Iron,2014-09-26T00:00,0.168,µg/m³,PM2.5-10,ED-XRF
70301,FLIN FLON,Iron,2014-09-29T00:00,0.100,µg/m³,PM2.5-10,ED-XRF
70301,FLIN FLON,Iron,2014-10-02T00:00,0.386,µg/m³,PM2.5-10,ED-XRF
70301,FLIN FLON,Iron,2014-10-05T00:00,0.848,µg/m³,PM2.5-10,ED-XRF
70301,FLIN FLON,Iron,2014-10-11T00:00,0.341,µg/m³,PM2.5-10,ED-XRF
70301,FLIN FLON,Iron,2014-10-14T00:00,0.237,µg/m³,PM2.5-10,ED-XRF
70301,FLIN FLON,Iron,2014-10-20T00:00,0.249,µg/m³,PM2.5-10,ED-XRF
70301,FLIN FLON,Iron,2014-10-23T00:00,0.186,µg/m³,PM2.5-10,ED-XRF
70301,FLIN FLON,Iron,2014-10-26T00:00,0.107,µg/m³,PM2.5-10,ED-XRF
70301,FLIN FLON,Iron,2014-10-29T00:00,0.056,µg/m³,PM2.5-10,ED-XRF
70301,FLIN FLON,Iron,2014-11-01T00:00,0.309,µg/m³,PM2.5-10,ED-XRF
70301,FLIN FLON,Iron,2014-11-04T00:00,0.096,µg/m³,PM2.5-10,ED-XRF
70301,FLIN FLON,Iron,2014-11-07T00:00,0.107,µg/m³,PM2.5-10,ED-XRF
70301,FLIN FLON,Iron,2014-11-10T00:00,0.144,µg/m³,PM2.5-10,ED-XRF
70301,FLIN FLON,Iron,2014-11-13T00:00,0.256,µg/m³,PM2.5-10,ED-XRF
70301,FLIN FLON,Iron,2014-11-16T00:00,0.544,µg/m³,PM2.5-10,ED-XRF
70301,FLIN FLON,Iron,2014-11-19T00:00,0.327,µg/m³,PM2.5-10,ED-XRF
70301,FLIN FLON,Iron,2014-12-19T00:00,0.022,µg/m³,PM2.5-10,ED-XRF
70301,FLIN FLON,Iron,2014-12-22T00:00,0.050,µg/m³,PM2.5-10,ED-XRF
70301,FLIN FLON,Iron,2014-12-25T00:00,0.381,µg/m³,PM2.5-10,ED-XRF
70301,FLIN FLON,Iron,2014-12-28T00:00,0.290,µg/m³,PM2.5-10,ED-XRF
70301,FLIN FLON,Iron,2014-12-31T00:00,0.283,µg/m³,PM2.5-10,ED-XRF
70301,FLIN FLON,Iron,2014-01-20T00:00,0.162,µg/m³,PM2.5-10,ICPMS
70301,FLIN FLON,Iron,2014-03-18T00:00,0.647,µg/m³,PM2.5-10,ICPMS
70301,FLIN FLON,Iron,2014-03-24T00:00,0.665,µg/m³,PM2.5-10,ICPMS
70301,FLIN FLON,Iron,2014-03-30T00:00,0.402,µg/m³,PM2.5-10,ICPMS
70301,FLIN FLON,Iron,2014-04-05T00:00,0.087,µg/m³,PM2.5-10,ICPMS
70301,FLIN FLON,Iron,2014-04-11T00:00,0.368,µg/m³,PM2.5-10,ICPMS
70301,FLIN FLON,Iron,2014-04-17T00:00,0.477,µg/m³,PM2.5-10,ICPMS
70301,FLIN FLON,Iron,2014-04-23T00:00,0.206,µg/m³,PM2.5-10,ICPMS
70301,FLIN FLON,Iron,2014-04-29T00:00,0.348,µg/m³,PM2.5-10,ICPMS
70301,FLIN FLON,Iron,2014-05-11T00:00,0.371,µg/m³,PM2.5-10,ICPMS
70301,FLIN FLON,Iron,2014-05-17T00:00,0.216,µg/m³,PM2.5-10,ICPMS
70301,FLIN FLON,Iron,2014-05-23T00:00,0.100,µg/m³,PM2.5-10,ICPMS
70301,FLIN FLON,Iron,2014-05-29T00:00,0.135,µg/m³,PM2.5-10,ICPMS
70301,FLIN FLON,Iron,2014-07-04T00:00,0.540,µg/m³,PM2.5-10,ICPMS
70301,FLIN FLON,Iron,2014-07-10T00:00,0.136,µg/m³,PM2.5-10,ICPMS
70301,FLIN FLON,Iron,2014-07-16T00:00,1.441,µg/m³,PM2.5-10,ICPMS
70301,FLIN FLON,Iron,2014-07-22T00:00,0.159,µg/m³,PM2.5-10,ICPMS
70301,FLIN FLON,Iron,2014-07-28T00:00,1.787,µg/m³,PM2.5-10,ICPMS
70301,FLIN FLON,Iron,2014-08-03T00:00,0.294,µg/m³,PM2.5-10,ICPMS
70301,FLIN FLON,Iron,2014-08-09T00:00,0.105,µg/m³,PM2.5-10,ICPMS
70301,FLIN FLON,Iron,2014-08-15T00:00,0.252,µg/m³,PM2.5-10,ICPMS
70301,FLIN FLON,Iron,2014-08-21T00:00,0.082,µg/m³,PM2.5-10,ICPMS
70301,FLIN FLON,Iron,2014-08-30T00:00,0.073,µg/m³,PM2.5-10,ICPMS
70301,FLIN FLON,Iron,2014-09-05T00:00,0.327,µg/m³,PM2.5-10,ICPMS
70301,FLIN FLON,Iron,2014-09-11T00:00,0.533,µg/m³,PM2.5-10,ICPMS
70301,FLIN FLON,Iron,2014-09-17T00:00,0.155,µg/m³,PM2.5-10,ICPMS
70301,FLIN FLON,Iron,2014-09-23T00:00,0.716,µg/m³,PM2.5-10,ICPMS
70301,FLIN FLON,Iron,2014-09-29T00:00,0.124,µg/m³,PM2.5-10,ICPMS
70301,FLIN FLON,Iron,2014-10-05T00:00,1.032,µg/m³,PM2.5-10,ICPMS
70301,FLIN FLON,Iron,2014-10-14T00:00,0.364,µg/m³,PM2.5-10,ICPMS
70301,FLIN FLON,Iron,2014-10-20T00:00,0.321,µg/m³,PM2.5-10,ICPMS
70301,FLIN FLON,Iron,2014-10-26T00:00,0.130,µg/m³,PM2.5-10,ICPMS
70301,FLIN FLON,Iron,2014-11-01T00:00,0.422,µg/m³,PM2.5-10,ICPMS
70301,FLIN FLON,Iron,2014-11-07T00:00,0.120,µg/m³,PM2.5-10,ICPMS
70301,FLIN FLON,Iron,2014-11-13T00:00,0.265,µg/m³,PM2.5-10,ICPMS
70301,FLIN FLON,Iron,2014-11-19T00:00,0.383,µg/m³,PM2.5-10,ICPMS
70301,FLIN FLON,Iron,2014-12-19T00:00,0.021,µg/m³,PM2.5-10,ICPMS
70301,FLIN FLON,Iron,2014-12-22T00:00,0.068,µg/m³,PM2.5-10,ICPMS
70301,FLIN FLON,Iron,2014-12-28T00:00,0.379,µg/m³,PM2.5-10,ICPMS
