﻿NAPS_Site_ID,Station_Name,Pollutant,Date,Value,Units,Report_Type,Method
54102,ROUND TOP RIDGE,Propylene,2007-01-12T00:00,0.203,µg/m³,VOC,GC-MS
54102,ROUND TOP RIDGE,Propylene,2007-01-15T00:00,0.161,µg/m³,VOC,GC-MS
54102,ROUND TOP RIDGE,Propylene,2007-01-18T00:00,0.105,µg/m³,VOC,GC-MS
54102,ROUND TOP RIDGE,Propylene,2007-01-21T00:00,0.110,µg/m³,VOC,GC-MS
54102,ROUND TOP RIDGE,Propylene,2007-01-24T00:00,0.096,µg/m³,VOC,GC-MS
54102,ROUND TOP RIDGE,Propylene,2007-01-27T00:00,0.122,µg/m³,VOC,GC-MS
54102,ROUND TOP RIDGE,Propylene,2007-01-30T00:00,0.064,µg/m³,VOC,GC-MS
54102,ROUND TOP RIDGE,Propylene,2007-02-02T00:00,0.195,µg/m³,VOC,GC-MS
54102,ROUND TOP RIDGE,Propylene,2007-02-05T00:00,0.062,µg/m³,VOC,GC-MS
54102,ROUND TOP RIDGE,Propylene,2007-02-08T00:00,0.060,µg/m³,VOC,GC-MS
54102,ROUND TOP RIDGE,Propylene,2007-02-11T00:00,0.089,µg/m³,VOC,GC-MS
54102,ROUND TOP RIDGE,Propylene,2007-02-14T00:00,0.070,µg/m³,VOC,GC-MS
54102,ROUND TOP RIDGE,Propylene,2007-02-17T00:00,0.087,µg/m³,VOC,GC-MS
54102,ROUND TOP RIDGE,Propylene,2007-02-20T00:00,0.233,µg/m³,VOC,GC-MS
54102,ROUND TOP RIDGE,Propylene,2007-02-23T00:00,0.091,µg/m³,VOC,GC-MS
54102,ROUND TOP RIDGE,Propylene,2007-02-26T00:00,0.100,µg/m³,VOC,GC-MS
54102,ROUND TOP RIDGE,Propylene,2007-03-01T00:00,0.095,µg/m³,VOC,GC-MS
54102,ROUND TOP RIDGE,Propylene,2007-03-04T00:00,0.088,µg/m³,VOC,GC-MS
54102,ROUND TOP RIDGE,Propylene,2007-03-07T00:00,0.086,µg/m³,VOC,GC-MS
54102,ROUND TOP RIDGE,Propylene,2007-03-10T00:00,0.164,µg/m³,VOC,GC-MS
54102,ROUND TOP RIDGE,Propylene,2007-03-13T00:00,0.073,µg/m³,VOC,GC-MS
54102,ROUND TOP RIDGE,Propylene,2007-03-19T00:00,0.061,µg/m³,VOC,GC-MS
54102,ROUND TOP RIDGE,Propylene,2007-03-22T00:00,0.071,µg/m³,VOC,GC-MS
54102,ROUND TOP RIDGE,Propylene,2007-03-28T00:00,0.054,µg/m³,VOC,GC-MS
54102,ROUND TOP RIDGE,Propylene,2007-03-31T00:00,0.063,µg/m³,VOC,GC-MS
54102,ROUND TOP RIDGE,Propylene,2007-04-03T00:00,0.129,µg/m³,VOC,GC-MS
54102,ROUND TOP RIDGE,Propylene,2007-04-06T00:00,0.095,µg/m³,VOC,GC-MS
54102,ROUND TOP RIDGE,Propylene,2007-04-09T00:00,0.068,µg/m³,VOC,GC-MS
54102,ROUND TOP RIDGE,Propylene,2007-04-12T00:00,0.103,µg/m³,VOC,GC-MS
54102,ROUND TOP RIDGE,Propylene,2007-05-12T00:00,0.091,µg/m³,VOC,GC-MS
54102,ROUND TOP RIDGE,Propylene,2007-05-15T00:00,0.124,µg/m³,VOC,GC-MS
54102,ROUND TOP RIDGE,Propylene,2007-05-18T00:00,0.125,µg/m³,VOC,GC-MS
54102,ROUND TOP RIDGE,Propylene,2007-05-21T00:00,0.070,µg/m³,VOC,GC-MS
54102,ROUND TOP RIDGE,Propylene,2007-05-24T00:00,0.084,µg/m³,VOC,GC-MS
54102,ROUND TOP RIDGE,Propylene,2007-05-27T00:00,0.087,µg/m³,VOC,GC-MS
54102,ROUND TOP RIDGE,Propylene,2007-05-30T00:00,0.089,µg/m³,VOC,GC-MS
54102,ROUND TOP RIDGE,Propylene,2007-06-02T00:00,0.140,µg/m³,VOC,GC-MS
54102,ROUND TOP RIDGE,Propylene,2007-06-05T00:00,0.111,µg/m³,VOC,GC-MS
54102,ROUND TOP RIDGE,Propylene,2007-06-08T00:00,0.077,µg/m³,VOC,GC-MS
54102,ROUND TOP RIDGE,Propylene,2007-06-11T00:00,0.099,µg/m³,VOC,GC-MS
54102,ROUND TOP RIDGE,Propylene,2007-06-14T00:00,0.077,µg/m³,VOC,GC-MS
54102,ROUND TOP RIDGE,Propylene,2007-06-17T00:00,0.089,µg/m³,VOC,GC-MS
54102,ROUND TOP RIDGE,Propylene,2007-06-20T00:00,0.073,µg/m³,VOC,GC-MS
54102,ROUND TOP RIDGE,Propylene,2007-06-23T00:00,0.091,µg/m³,VOC,GC-MS
54102,ROUND TOP RIDGE,Propylene,2007-06-26T00:00,0.108,µg/m³,VOC,GC-MS
54102,ROUND TOP RIDGE,Propylene,2007-06-29T00:00,0.123,µg/m³,VOC,GC-MS
54102,ROUND TOP RIDGE,Propylene,2007-07-02T00:00,0.092,µg/m³,VOC,GC-MS
54102,ROUND TOP RIDGE,Propylene,2007-07-05T00:00,0.104,µg/m³,VOC,GC-MS
54102,ROUND TOP RIDGE,Propylene,2007-07-08T00:00,0.133,µg/m³,VOC,GC-MS
54102,ROUND TOP RIDGE,Propylene,2007-07-11T00:00,0.110,µg/m³,VOC,GC-MS
54102,ROUND TOP RIDGE,Propylene,2007-07-14T00:00,0.073,µg/m³,VOC,GC-MS
54102,ROUND TOP RIDGE,Propylene,2007-07-17T00:00,0.079,µg/m³,VOC,GC-MS
54102,ROUND TOP RIDGE,Propylene,2007-07-20T00:00,0.097,µg/m³,VOC,GC-MS
54102,ROUND TOP RIDGE,Propylene,2007-07-23T00:00,0.085,µg/m³,VOC,GC-MS
54102,ROUND TOP RIDGE,Propylene,2007-07-26T00:00,0.123,µg/m³,VOC,GC-MS
54102,ROUND TOP RIDGE,Propylene,2007-07-29T00:00,0.132,µg/m³,VOC,GC-MS
54102,ROUND TOP RIDGE,Propylene,2007-08-01T00:00,0.143,µg/m³,VOC,GC-MS
54102,ROUND TOP RIDGE,Propylene,2007-08-04T00:00,0.080,µg/m³,VOC,GC-MS
54102,ROUND TOP RIDGE,Propylene,2007-08-07T00:00,0.095,µg/m³,VOC,GC-MS
54102,ROUND TOP RIDGE,Propylene,2007-08-10T00:00,0.132,µg/m³,VOC,GC-MS
54102,ROUND TOP RIDGE,Propylene,2007-08-13T00:00,0.113,µg/m³,VOC,GC-MS
54102,ROUND TOP RIDGE,Propylene,2007-08-19T00:00,0.111,µg/m³,VOC,GC-MS
54102,ROUND TOP RIDGE,Propylene,2007-08-22T00:00,0.089,µg/m³,VOC,GC-MS
54102,ROUND TOP RIDGE,Propylene,2007-08-25T00:00,0.095,µg/m³,VOC,GC-MS
54102,ROUND TOP RIDGE,Propylene,2007-08-28T00:00,0.082,µg/m³,VOC,GC-MS
54102,ROUND TOP RIDGE,Propylene,2007-08-31T00:00,0.085,µg/m³,VOC,GC-MS
54102,ROUND TOP RIDGE,Propylene,2007-09-03T00:00,0.108,µg/m³,VOC,GC-MS
54102,ROUND TOP RIDGE,Propylene,2007-09-06T00:00,0.104,µg/m³,VOC,GC-MS
54102,ROUND TOP RIDGE,Propylene,2007-09-09T00:00,0.099,µg/m³,VOC,GC-MS
54102,ROUND TOP RIDGE,Propylene,2007-09-15T00:00,0.087,µg/m³,VOC,GC-MS
54102,ROUND TOP RIDGE,Propylene,2007-09-18T00:00,0.064,µg/m³,VOC,GC-MS
54102,ROUND TOP RIDGE,Propylene,2007-09-21T00:00,0.128,µg/m³,VOC,GC-MS
54102,ROUND TOP RIDGE,Propylene,2007-09-24T00:00,0.067,µg/m³,VOC,GC-MS
54102,ROUND TOP RIDGE,Propylene,2007-09-27T00:00,0.093,µg/m³,VOC,GC-MS
54102,ROUND TOP RIDGE,Propylene,2007-09-30T00:00,0.124,µg/m³,VOC,GC-MS
54102,ROUND TOP RIDGE,Propylene,2007-10-03T00:00,0.067,µg/m³,VOC,GC-MS
54102,ROUND TOP RIDGE,Propylene,2007-10-09T00:00,0.205,µg/m³,VOC,GC-MS
54102,ROUND TOP RIDGE,Propylene,2007-10-15T00:00,0.083,µg/m³,VOC,GC-MS
54102,ROUND TOP RIDGE,Propylene,2007-10-18T00:00,0.083,µg/m³,VOC,GC-MS
54102,ROUND TOP RIDGE,Propylene,2007-10-21T00:00,0.068,µg/m³,VOC,GC-MS
54102,ROUND TOP RIDGE,Propylene,2007-10-24T00:00,0.071,µg/m³,VOC,GC-MS
54102,ROUND TOP RIDGE,Propylene,2007-10-27T00:00,0.086,µg/m³,VOC,GC-MS
54102,ROUND TOP RIDGE,Propylene,2007-10-30T00:00,0.142,µg/m³,VOC,GC-MS
54102,ROUND TOP RIDGE,Propylene,2007-11-02T00:00,0.123,µg/m³,VOC,GC-MS
54102,ROUND TOP RIDGE,Propylene,2007-11-05T00:00,0.075,µg/m³,VOC,GC-MS
54102,ROUND TOP RIDGE,Propylene,2007-11-08T00:00,0.126,µg/m³,VOC,GC-MS
54102,ROUND TOP RIDGE,Propylene,2007-11-11T00:00,0.102,µg/m³,VOC,GC-MS
54102,ROUND TOP RIDGE,Propylene,2007-11-14T00:00,0.150,µg/m³,VOC,GC-MS
54102,ROUND TOP RIDGE,Propylene,2007-11-17T00:00,0.083,µg/m³,VOC,GC-MS
54102,ROUND TOP RIDGE,Propylene,2007-11-20T00:00,0.114,µg/m³,VOC,GC-MS
54102,ROUND TOP RIDGE,Propylene,2007-11-23T00:00,0.083,µg/m³,VOC,GC-MS
54102,ROUND TOP RIDGE,Propylene,2007-12-08T00:00,0.109,µg/m³,VOC,GC-MS
54102,ROUND TOP RIDGE,Propylene,2007-12-11T00:00,0.109,µg/m³,VOC,GC-MS
54102,ROUND TOP RIDGE,Propylene,2007-12-14T00:00,0.155,µg/m³,VOC,GC-MS
54102,ROUND TOP RIDGE,Propylene,2007-12-17T00:00,0.088,µg/m³,VOC,GC-MS
54102,ROUND TOP RIDGE,Propylene,2007-12-20T00:00,0.243,µg/m³,VOC,GC-MS
54102,ROUND TOP RIDGE,Propylene,2007-12-23T00:00,0.106,µg/m³,VOC,GC-MS
54102,ROUND TOP RIDGE,Propylene,2007-12-26T00:00,0.106,µg/m³,VOC,GC-MS
54102,ROUND TOP RIDGE,Propylene,2007-12-29T00:00,0.108,µg/m³,VOC,GC-MS
