﻿NAPS_Site_ID,Station_Name,Pollutant,Date,Value,Units,Report_Type,Method
50124,MONTRÉAL-CHATEAUNEUF-ANJOU,Undecane,2019-11-17T00:00,0.201,µg/m³,VOC,GC-MS
50124,MONTRÉAL-CHATEAUNEUF-ANJOU,Undecane,2019-11-23T00:00,0.078,µg/m³,VOC,GC-MS
50124,MONTRÉAL-CHATEAUNEUF-ANJOU,Undecane,2019-11-29T00:00,0.113,µg/m³,VOC,GC-MS
50124,MONTRÉAL-CHATEAUNEUF-ANJOU,Undecane,2019-12-05T00:00,0.173,µg/m³,VOC,GC-MS
50124,MONTRÉAL-CHATEAUNEUF-ANJOU,Undecane,2019-12-11T00:00,0.085,µg/m³,VOC,GC-MS
50124,MONTRÉAL-CHATEAUNEUF-ANJOU,Undecane,2019-12-17T00:00,0.149,µg/m³,VOC,GC-MS
50124,MONTRÉAL-CHATEAUNEUF-ANJOU,Undecane,2019-12-23T00:00,0.141,µg/m³,VOC,GC-MS
