﻿NAPS_Site_ID,Station_Name,Pollutant,Date,Value,Units,Report_Type,Method
60101,HYDRO BLDG.,"cis-1,3-Dichloropropene",2000-01-01T00:00,0.000,µg/m³,VOC,GC-MS
60101,HYDRO BLDG.,"cis-1,3-Dichloropropene",2000-01-07T00:00,0.000,µg/m³,VOC,GC-MS
60101,HYDRO BLDG.,"cis-1,3-Dichloropropene",2000-01-13T00:00,0.000,µg/m³,VOC,GC-MS
60101,HYDRO BLDG.,"cis-1,3-Dichloropropene",2000-01-19T00:00,0.000,µg/m³,VOC,GC-MS
60101,HYDRO BLDG.,"cis-1,3-Dichloropropene",2000-01-25T00:00,0.000,µg/m³,VOC,GC-MS
60101,HYDRO BLDG.,"cis-1,3-Dichloropropene",2000-01-31T00:00,0.000,µg/m³,VOC,GC-MS
60101,HYDRO BLDG.,"cis-1,3-Dichloropropene",2000-02-06T00:00,0.000,µg/m³,VOC,GC-MS
60101,HYDRO BLDG.,"cis-1,3-Dichloropropene",2000-02-12T00:00,0.000,µg/m³,VOC,GC-MS
60101,HYDRO BLDG.,"cis-1,3-Dichloropropene",2000-02-18T00:00,0.000,µg/m³,VOC,GC-MS
60101,HYDRO BLDG.,"cis-1,3-Dichloropropene",2000-02-24T00:00,0.000,µg/m³,VOC,GC-MS
60101,HYDRO BLDG.,"cis-1,3-Dichloropropene",2000-03-01T00:00,0.000,µg/m³,VOC,GC-MS
60101,HYDRO BLDG.,"cis-1,3-Dichloropropene",2000-03-07T00:00,0.000,µg/m³,VOC,GC-MS
60101,HYDRO BLDG.,"cis-1,3-Dichloropropene",2000-03-13T00:00,0.000,µg/m³,VOC,GC-MS
60101,HYDRO BLDG.,"cis-1,3-Dichloropropene",2000-03-19T00:00,0.000,µg/m³,VOC,GC-MS
60101,HYDRO BLDG.,"cis-1,3-Dichloropropene",2000-03-25T00:00,0.000,µg/m³,VOC,GC-MS
60101,HYDRO BLDG.,"cis-1,3-Dichloropropene",2000-03-31T00:00,0.000,µg/m³,VOC,GC-MS
60101,HYDRO BLDG.,"cis-1,3-Dichloropropene",2000-04-06T00:00,0.000,µg/m³,VOC,GC-MS
60101,HYDRO BLDG.,"cis-1,3-Dichloropropene",2000-04-12T00:00,0.000,µg/m³,VOC,GC-MS
60101,HYDRO BLDG.,"cis-1,3-Dichloropropene",2000-04-18T00:00,0.000,µg/m³,VOC,GC-MS
60101,HYDRO BLDG.,"cis-1,3-Dichloropropene",2000-04-24T00:00,0.000,µg/m³,VOC,GC-MS
60101,HYDRO BLDG.,"cis-1,3-Dichloropropene",2000-04-30T00:00,0.000,µg/m³,VOC,GC-MS
60101,HYDRO BLDG.,"cis-1,3-Dichloropropene",2000-05-06T00:00,0.000,µg/m³,VOC,GC-MS
60101,HYDRO BLDG.,"cis-1,3-Dichloropropene",2000-05-12T00:00,0.000,µg/m³,VOC,GC-MS
60101,HYDRO BLDG.,"cis-1,3-Dichloropropene",2000-05-18T00:00,0.000,µg/m³,VOC,GC-MS
60101,HYDRO BLDG.,"cis-1,3-Dichloropropene",2000-05-24T00:00,0.000,µg/m³,VOC,GC-MS
60101,HYDRO BLDG.,"cis-1,3-Dichloropropene",2000-05-30T00:00,0.000,µg/m³,VOC,GC-MS
60101,HYDRO BLDG.,"cis-1,3-Dichloropropene",2000-06-05T00:00,0.000,µg/m³,VOC,GC-MS
60101,HYDRO BLDG.,"cis-1,3-Dichloropropene",2000-06-11T00:00,0.000,µg/m³,VOC,GC-MS
60101,HYDRO BLDG.,"cis-1,3-Dichloropropene",2000-06-17T00:00,0.000,µg/m³,VOC,GC-MS
60101,HYDRO BLDG.,"cis-1,3-Dichloropropene",2000-06-23T00:00,0.000,µg/m³,VOC,GC-MS
60101,HYDRO BLDG.,"cis-1,3-Dichloropropene",2000-06-29T00:00,0.000,µg/m³,VOC,GC-MS
60101,HYDRO BLDG.,"cis-1,3-Dichloropropene",2000-07-05T00:00,0.000,µg/m³,VOC,GC-MS
60101,HYDRO BLDG.,"cis-1,3-Dichloropropene",2000-07-11T00:00,0.000,µg/m³,VOC,GC-MS
60101,HYDRO BLDG.,"cis-1,3-Dichloropropene",2000-07-17T00:00,0.000,µg/m³,VOC,GC-MS
60101,HYDRO BLDG.,"cis-1,3-Dichloropropene",2000-07-23T00:00,0.000,µg/m³,VOC,GC-MS
60101,HYDRO BLDG.,"cis-1,3-Dichloropropene",2000-07-29T00:00,0.000,µg/m³,VOC,GC-MS
60101,HYDRO BLDG.,"cis-1,3-Dichloropropene",2000-08-04T00:00,0.000,µg/m³,VOC,GC-MS
60101,HYDRO BLDG.,"cis-1,3-Dichloropropene",2000-08-10T00:00,0.000,µg/m³,VOC,GC-MS
60101,HYDRO BLDG.,"cis-1,3-Dichloropropene",2000-08-16T00:00,0.000,µg/m³,VOC,GC-MS
60101,HYDRO BLDG.,"cis-1,3-Dichloropropene",2000-08-22T00:00,0.000,µg/m³,VOC,GC-MS
60101,HYDRO BLDG.,"cis-1,3-Dichloropropene",2000-08-28T00:00,0.000,µg/m³,VOC,GC-MS
60101,HYDRO BLDG.,"cis-1,3-Dichloropropene",2000-09-03T00:00,0.000,µg/m³,VOC,GC-MS
60101,HYDRO BLDG.,"cis-1,3-Dichloropropene",2000-09-27T00:00,0.000,µg/m³,VOC,GC-MS
60101,HYDRO BLDG.,"cis-1,3-Dichloropropene",2000-10-03T00:00,0.000,µg/m³,VOC,GC-MS
60101,HYDRO BLDG.,"cis-1,3-Dichloropropene",2000-10-09T00:00,0.000,µg/m³,VOC,GC-MS
60101,HYDRO BLDG.,"cis-1,3-Dichloropropene",2000-10-15T00:00,0.000,µg/m³,VOC,GC-MS
60101,HYDRO BLDG.,"cis-1,3-Dichloropropene",2000-10-21T00:00,0.000,µg/m³,VOC,GC-MS
60101,HYDRO BLDG.,"cis-1,3-Dichloropropene",2000-10-27T00:00,0.000,µg/m³,VOC,GC-MS
60101,HYDRO BLDG.,"cis-1,3-Dichloropropene",2000-11-02T00:00,0.000,µg/m³,VOC,GC-MS
60101,HYDRO BLDG.,"cis-1,3-Dichloropropene",2000-11-08T00:00,0.000,µg/m³,VOC,GC-MS
60101,HYDRO BLDG.,"cis-1,3-Dichloropropene",2000-11-14T00:00,0.000,µg/m³,VOC,GC-MS
60101,HYDRO BLDG.,"cis-1,3-Dichloropropene",2000-11-20T00:00,0.000,µg/m³,VOC,GC-MS
60101,HYDRO BLDG.,"cis-1,3-Dichloropropene",2000-11-26T00:00,0.000,µg/m³,VOC,GC-MS
60101,HYDRO BLDG.,"cis-1,3-Dichloropropene",2000-12-02T00:00,0.000,µg/m³,VOC,GC-MS
60101,HYDRO BLDG.,"cis-1,3-Dichloropropene",2000-12-08T00:00,0.000,µg/m³,VOC,GC-MS
60101,HYDRO BLDG.,"cis-1,3-Dichloropropene",2000-12-14T00:00,0.000,µg/m³,VOC,GC-MS
60101,HYDRO BLDG.,"cis-1,3-Dichloropropene",2000-12-20T00:00,0.000,µg/m³,VOC,GC-MS
60101,HYDRO BLDG.,"cis-1,3-Dichloropropene",2000-12-26T00:00,0.000,µg/m³,VOC,GC-MS
