﻿NAPS_Site_ID,Station_Name,Pollutant,Date,Value,Units,Report_Type,Method
62601,EXPERIMENTAL FARM _SIMCOE_,Benzo(e)Pyrene,2004-01-04T00:00,0.000,µg/m³,PAH,N/A
62601,EXPERIMENTAL FARM _SIMCOE_,Benzo(e)Pyrene,2004-01-16T00:00,0.000,µg/m³,PAH,N/A
62601,EXPERIMENTAL FARM _SIMCOE_,Benzo(e)Pyrene,2004-06-08T00:00,0.000,µg/m³,PAH,N/A
62601,EXPERIMENTAL FARM _SIMCOE_,Benzo(e)Pyrene,2004-06-20T00:00,0.000,µg/m³,PAH,N/A
62601,EXPERIMENTAL FARM _SIMCOE_,Benzo(e)Pyrene,2004-08-07T00:00,0.000,µg/m³,PAH,N/A
62601,EXPERIMENTAL FARM _SIMCOE_,Benzo(e)Pyrene,2004-08-19T00:00,0.000,µg/m³,PAH,N/A
62601,EXPERIMENTAL FARM _SIMCOE_,Benzo(e)Pyrene,2004-09-12T00:00,0.000,µg/m³,PAH,N/A
62601,EXPERIMENTAL FARM _SIMCOE_,Benzo(e)Pyrene,2004-09-24T00:00,0.000,µg/m³,PAH,N/A
62601,EXPERIMENTAL FARM _SIMCOE_,Benzo(e)Pyrene,2004-10-06T00:00,0.000,µg/m³,PAH,N/A
62601,EXPERIMENTAL FARM _SIMCOE_,Benzo(e)Pyrene,2004-10-18T00:00,0.000,µg/m³,PAH,N/A
62601,EXPERIMENTAL FARM _SIMCOE_,Benzo(e)Pyrene,2004-11-11T00:00,0.000,µg/m³,PAH,N/A
62601,EXPERIMENTAL FARM _SIMCOE_,Benzo(e)Pyrene,2004-11-23T00:00,0.000,µg/m³,PAH,N/A
62601,EXPERIMENTAL FARM _SIMCOE_,Benzo(e)Pyrene,2004-12-05T00:00,0.000,µg/m³,PAH,N/A
62601,EXPERIMENTAL FARM _SIMCOE_,Benzo(e)Pyrene,2004-12-17T00:00,0.000,µg/m³,PAH,N/A
62601,EXPERIMENTAL FARM _SIMCOE_,Benzo(e)Pyrene,2004-12-29T00:00,0.000,µg/m³,PAH,N/A
