﻿NAPS_Site_ID,Station_Name,Pollutant,Date,Value,Units,Report_Type,Method
61602,BRONTE RD. & WOBURN CRES. _OAKVILLE_,"3,6-Dimethyloctane",1996-01-24T00:00,0.031,µg/m³,VOC,N/A
61602,BRONTE RD. & WOBURN CRES. _OAKVILLE_,"3,6-Dimethyloctane",1996-01-28T00:00,0.021,µg/m³,VOC,N/A
61602,BRONTE RD. & WOBURN CRES. _OAKVILLE_,"3,6-Dimethyloctane",1996-02-03T00:00,0.000,µg/m³,VOC,N/A
61602,BRONTE RD. & WOBURN CRES. _OAKVILLE_,"3,6-Dimethyloctane",1996-02-09T00:00,0.021,µg/m³,VOC,N/A
61602,BRONTE RD. & WOBURN CRES. _OAKVILLE_,"3,6-Dimethyloctane",1996-04-21T00:00,0.000,µg/m³,VOC,N/A
61602,BRONTE RD. & WOBURN CRES. _OAKVILLE_,"3,6-Dimethyloctane",1996-04-27T00:00,0.000,µg/m³,VOC,N/A
61602,BRONTE RD. & WOBURN CRES. _OAKVILLE_,"3,6-Dimethyloctane",1996-05-03T00:00,0.030,µg/m³,VOC,N/A
61602,BRONTE RD. & WOBURN CRES. _OAKVILLE_,"3,6-Dimethyloctane",1996-05-09T00:00,0.017,µg/m³,VOC,N/A
61602,BRONTE RD. & WOBURN CRES. _OAKVILLE_,"3,6-Dimethyloctane",1996-05-15T00:00,0.000,µg/m³,VOC,N/A
61602,BRONTE RD. & WOBURN CRES. _OAKVILLE_,"3,6-Dimethyloctane",1996-05-21T00:00,0.040,µg/m³,VOC,N/A
61602,BRONTE RD. & WOBURN CRES. _OAKVILLE_,"3,6-Dimethyloctane",1996-05-27T00:00,0.000,µg/m³,VOC,N/A
61602,BRONTE RD. & WOBURN CRES. _OAKVILLE_,"3,6-Dimethyloctane",1996-06-02T00:00,0.000,µg/m³,VOC,N/A
