﻿NAPS_Site_ID,Station_Name,Pollutant,Date,Value,Units,Report_Type,Method
100137,BURNABY NORTH,Butane,1999-06-23T00:00,104.010,µg/m³,VOC,
100137,BURNABY NORTH,Butane,1999-07-11T00:00,84.390,µg/m³,VOC,
100137,BURNABY NORTH,Butane,1999-08-10T00:00,47.290,µg/m³,VOC,
100137,BURNABY NORTH,Butane,1999-08-28T00:00,70.110,µg/m³,VOC,
100137,BURNABY NORTH,Butane,1999-09-15T00:00,189.150,µg/m³,VOC,
100137,BURNABY NORTH,Butane,1999-10-03T00:00,126.380,µg/m³,VOC,
100137,BURNABY NORTH,Butane,1999-10-21T00:00,179.390,µg/m³,VOC,
100137,BURNABY NORTH,Butane,1999-11-08T00:00,219.400,µg/m³,VOC,
100137,BURNABY NORTH,Butane,1999-12-02T00:00,56.250,µg/m³,VOC,
100137,BURNABY NORTH,Butane,1999-12-20T00:00,203.790,µg/m³,VOC,
