﻿NAPS_Site_ID,Station_Name,Pollutant,Date,Value,Units,Report_Type,Method
101005,ABBOTSFORD AIRPORT-2,"1,4-Dichlorobenzene",2022-11-25T00:00,0.008,µg/m³,VOC,GC-MS
101005,ABBOTSFORD AIRPORT-2,"1,4-Dichlorobenzene",2022-12-01T00:00,0.002,µg/m³,VOC,GC-MS
101005,ABBOTSFORD AIRPORT-2,"1,4-Dichlorobenzene",2022-12-13T00:00,0.014,µg/m³,VOC,GC-MS
101005,ABBOTSFORD AIRPORT-2,"1,4-Dichlorobenzene",2022-12-19T00:00,0.002,µg/m³,VOC,GC-MS
101005,ABBOTSFORD AIRPORT-2,"1,4-Dichlorobenzene",2022-12-25T00:00,0.010,µg/m³,VOC,GC-MS
