﻿NAPS_Site_ID,Station_Name,Pollutant,Date,Value,Units,Report_Type,Method
100133,BURMOUNT,Benzene,1990-03-18T00:00,4.219,µg/m³,VOC,N/A
100133,BURMOUNT,Benzene,1990-04-23T00:00,2.062,µg/m³,VOC,N/A
100133,BURMOUNT,Benzene,1990-04-29T00:00,2.892,µg/m³,VOC,N/A
100133,BURMOUNT,Benzene,1990-05-05T00:00,3.545,µg/m³,VOC,N/A
100133,BURMOUNT,Benzene,1990-05-11T00:00,2.200,µg/m³,VOC,N/A
100133,BURMOUNT,Benzene,1990-05-17T00:00,2.780,µg/m³,VOC,N/A
100133,BURMOUNT,Benzene,1990-05-23T00:00,2.793,µg/m³,VOC,N/A
100133,BURMOUNT,Benzene,1990-05-29T00:00,1.592,µg/m³,VOC,N/A
100133,BURMOUNT,Benzene,1990-06-10T00:00,1.146,µg/m³,VOC,N/A
100133,BURMOUNT,Benzene,1990-06-16T00:00,1.456,µg/m³,VOC,N/A
100133,BURMOUNT,Benzene,1990-06-28T00:00,1.921,µg/m³,VOC,N/A
100133,BURMOUNT,Benzene,1990-07-10T00:00,3.044,µg/m³,VOC,N/A
100133,BURMOUNT,Benzene,1990-08-03T00:00,4.899,µg/m³,VOC,N/A
100133,BURMOUNT,Benzene,1990-09-20T00:00,5.849,µg/m³,VOC,N/A
100133,BURMOUNT,Benzene,1990-12-13T00:00,2.396,µg/m³,VOC,N/A
100133,BURMOUNT,Benzene,1990-12-19T00:00,0.893,µg/m³,VOC,N/A
