﻿NAPS_Site_ID,Station_Name,Pollutant,Date,Value,Units,Report_Type,Method
60418,JUNCTION TRIANGLE,p-Cymene,1990-01-05T00:00,0.499,µg/m³,VOC,GC-MS
60418,JUNCTION TRIANGLE,p-Cymene,1990-01-11T00:00,0.030,µg/m³,VOC,GC-MS
60418,JUNCTION TRIANGLE,p-Cymene,1990-01-23T00:00,0.041,µg/m³,VOC,GC-MS
60418,JUNCTION TRIANGLE,p-Cymene,1990-01-29T00:00,0.056,µg/m³,VOC,GC-MS
60418,JUNCTION TRIANGLE,p-Cymene,1990-02-04T00:00,0.070,µg/m³,VOC,GC-MS
60418,JUNCTION TRIANGLE,p-Cymene,1990-02-10T00:00,0.089,µg/m³,VOC,GC-MS
60418,JUNCTION TRIANGLE,p-Cymene,1990-02-22T00:00,0.117,µg/m³,VOC,GC-MS
60418,JUNCTION TRIANGLE,p-Cymene,1990-02-28T00:00,0.067,µg/m³,VOC,GC-MS
60418,JUNCTION TRIANGLE,p-Cymene,1990-03-06T00:00,0.156,µg/m³,VOC,GC-MS
60418,JUNCTION TRIANGLE,p-Cymene,1990-03-12T00:00,0.074,µg/m³,VOC,GC-MS
60418,JUNCTION TRIANGLE,p-Cymene,1990-03-18T00:00,0.076,µg/m³,VOC,GC-MS
60418,JUNCTION TRIANGLE,p-Cymene,1990-03-24T00:00,0.026,µg/m³,VOC,GC-MS
60418,JUNCTION TRIANGLE,p-Cymene,1990-03-30T00:00,0.077,µg/m³,VOC,GC-MS
60418,JUNCTION TRIANGLE,p-Cymene,1990-04-05T00:00,0.034,µg/m³,VOC,GC-MS
60418,JUNCTION TRIANGLE,p-Cymene,1990-04-11T00:00,0.026,µg/m³,VOC,GC-MS
60418,JUNCTION TRIANGLE,p-Cymene,1990-04-17T00:00,0.051,µg/m³,VOC,GC-MS
60418,JUNCTION TRIANGLE,p-Cymene,1990-04-23T00:00,0.181,µg/m³,VOC,GC-MS
60418,JUNCTION TRIANGLE,p-Cymene,1990-04-29T00:00,0.066,µg/m³,VOC,GC-MS
60418,JUNCTION TRIANGLE,p-Cymene,1990-05-05T00:00,0.030,µg/m³,VOC,GC-MS
60418,JUNCTION TRIANGLE,p-Cymene,1990-05-11T00:00,0.023,µg/m³,VOC,GC-MS
60418,JUNCTION TRIANGLE,p-Cymene,1990-05-17T00:00,0.133,µg/m³,VOC,GC-MS
60418,JUNCTION TRIANGLE,p-Cymene,1990-05-23T00:00,0.074,µg/m³,VOC,GC-MS
60418,JUNCTION TRIANGLE,p-Cymene,1990-05-29T00:00,0.104,µg/m³,VOC,GC-MS
60418,JUNCTION TRIANGLE,p-Cymene,1990-06-04T00:00,0.052,µg/m³,VOC,GC-MS
60418,JUNCTION TRIANGLE,p-Cymene,1990-06-10T00:00,0.070,µg/m³,VOC,GC-MS
60418,JUNCTION TRIANGLE,p-Cymene,1990-06-16T00:00,0.145,µg/m³,VOC,GC-MS
60418,JUNCTION TRIANGLE,p-Cymene,1990-06-28T00:00,0.085,µg/m³,VOC,GC-MS
60418,JUNCTION TRIANGLE,p-Cymene,1990-07-04T00:00,0.026,µg/m³,VOC,GC-MS
60418,JUNCTION TRIANGLE,p-Cymene,1990-07-10T00:00,0.184,µg/m³,VOC,GC-MS
60418,JUNCTION TRIANGLE,p-Cymene,1990-07-16T00:00,0.028,µg/m³,VOC,GC-MS
60418,JUNCTION TRIANGLE,p-Cymene,1990-07-22T00:00,0.165,µg/m³,VOC,GC-MS
60418,JUNCTION TRIANGLE,p-Cymene,1990-07-28T00:00,0.336,µg/m³,VOC,GC-MS
60418,JUNCTION TRIANGLE,p-Cymene,1990-08-03T00:00,0.188,µg/m³,VOC,GC-MS
60418,JUNCTION TRIANGLE,p-Cymene,1990-08-09T00:00,0.075,µg/m³,VOC,GC-MS
60418,JUNCTION TRIANGLE,p-Cymene,1990-08-21T00:00,0.038,µg/m³,VOC,GC-MS
60418,JUNCTION TRIANGLE,p-Cymene,1990-08-27T00:00,0.109,µg/m³,VOC,GC-MS
60418,JUNCTION TRIANGLE,p-Cymene,1990-09-08T00:00,0.065,µg/m³,VOC,GC-MS
60418,JUNCTION TRIANGLE,p-Cymene,1990-09-14T00:00,0.099,µg/m³,VOC,GC-MS
60418,JUNCTION TRIANGLE,p-Cymene,1990-09-20T00:00,0.068,µg/m³,VOC,GC-MS
60418,JUNCTION TRIANGLE,p-Cymene,1990-09-26T00:00,0.120,µg/m³,VOC,GC-MS
60418,JUNCTION TRIANGLE,p-Cymene,1990-10-02T00:00,0.135,µg/m³,VOC,GC-MS
60418,JUNCTION TRIANGLE,p-Cymene,1990-10-08T00:00,0.122,µg/m³,VOC,GC-MS
60418,JUNCTION TRIANGLE,p-Cymene,1990-10-14T00:00,0.068,µg/m³,VOC,GC-MS
60418,JUNCTION TRIANGLE,p-Cymene,1990-10-20T00:00,0.085,µg/m³,VOC,GC-MS
60418,JUNCTION TRIANGLE,p-Cymene,1990-10-26T00:00,0.227,µg/m³,VOC,GC-MS
60418,JUNCTION TRIANGLE,p-Cymene,1990-11-01T00:00,0.200,µg/m³,VOC,GC-MS
60418,JUNCTION TRIANGLE,p-Cymene,1990-11-07T00:00,0.089,µg/m³,VOC,GC-MS
60418,JUNCTION TRIANGLE,p-Cymene,1990-11-13T00:00,0.065,µg/m³,VOC,GC-MS
60418,JUNCTION TRIANGLE,p-Cymene,1990-11-19T00:00,0.100,µg/m³,VOC,GC-MS
60418,JUNCTION TRIANGLE,p-Cymene,1990-11-25T00:00,0.037,µg/m³,VOC,GC-MS
60418,JUNCTION TRIANGLE,p-Cymene,1990-12-01T00:00,0.047,µg/m³,VOC,GC-MS
60418,JUNCTION TRIANGLE,p-Cymene,1990-12-07T00:00,0.042,µg/m³,VOC,GC-MS
60418,JUNCTION TRIANGLE,p-Cymene,1990-12-13T00:00,0.033,µg/m³,VOC,GC-MS
60418,JUNCTION TRIANGLE,p-Cymene,1990-12-19T00:00,0.032,µg/m³,VOC,GC-MS
60418,JUNCTION TRIANGLE,p-Cymene,1990-12-25T00:00,0.000,µg/m³,VOC,GC-MS
60418,JUNCTION TRIANGLE,p-Cymene,1990-12-31T00:00,0.045,µg/m³,VOC,GC-MS
