﻿NAPS_Site_ID,Station_Name,Pollutant,Date,Value,Units,Report_Type,Method
101101,CHILLIWACK AIRPORT,Ethylbenzene,2003-01-21T00:00,0.072,µg/m³,VOC,N/A
101101,CHILLIWACK AIRPORT,Ethylbenzene,2003-02-14T00:00,0.455,µg/m³,VOC,N/A
101101,CHILLIWACK AIRPORT,Ethylbenzene,2003-03-04T00:00,0.276,µg/m³,VOC,N/A
101101,CHILLIWACK AIRPORT,Ethylbenzene,2003-03-28T00:00,0.190,µg/m³,VOC,N/A
101101,CHILLIWACK AIRPORT,Ethylbenzene,2003-04-15T00:00,0.280,µg/m³,VOC,N/A
101101,CHILLIWACK AIRPORT,Ethylbenzene,2003-05-03T00:00,0.348,µg/m³,VOC,N/A
101101,CHILLIWACK AIRPORT,Ethylbenzene,2003-05-21T00:00,0.244,µg/m³,VOC,N/A
101101,CHILLIWACK AIRPORT,Ethylbenzene,2003-06-14T00:00,0.202,µg/m³,VOC,N/A
101101,CHILLIWACK AIRPORT,Ethylbenzene,2003-07-08T00:00,0.167,µg/m³,VOC,N/A
101101,CHILLIWACK AIRPORT,Ethylbenzene,2003-08-01T00:00,0.277,µg/m³,VOC,N/A
101101,CHILLIWACK AIRPORT,Ethylbenzene,2003-08-31T00:00,0.176,µg/m³,VOC,N/A
101101,CHILLIWACK AIRPORT,Ethylbenzene,2003-09-24T00:00,0.337,µg/m³,VOC,N/A
101101,CHILLIWACK AIRPORT,Ethylbenzene,2003-10-18T00:00,0.221,µg/m³,VOC,N/A
101101,CHILLIWACK AIRPORT,Ethylbenzene,2003-11-05T00:00,0.282,µg/m³,VOC,N/A
101101,CHILLIWACK AIRPORT,Ethylbenzene,2003-11-23T00:00,0.133,µg/m³,VOC,N/A
