﻿NAPS_Site_ID,Station_Name,Pollutant,Date,Value,Units,Report_Type,Method
60512,BEASLEY PARK _HAMILTON_DOWNTOWN_,13C12-H7CDF,2008-03-07T00:00,88.000,pg/m³,PCDD,N/A
60512,BEASLEY PARK _HAMILTON_DOWNTOWN_,13C12-H7CDF,2008-07-05T00:00,93.000,pg/m³,PCDD,N/A
60512,BEASLEY PARK _HAMILTON_DOWNTOWN_,13C12-H7CDF,2008-07-29T00:00,103.000,pg/m³,PCDD,N/A
60512,BEASLEY PARK _HAMILTON_DOWNTOWN_,13C12-H7CDF,2008-08-22T00:00,75.000,pg/m³,PCDD,N/A
60512,BEASLEY PARK _HAMILTON_DOWNTOWN_,13C12-H7CDF,2008-10-09T00:00,61.000,pg/m³,PCDD,N/A
60512,BEASLEY PARK _HAMILTON_DOWNTOWN_,13C12-H7CDF,2008-11-02T00:00,92.000,pg/m³,PCDD,N/A
60512,BEASLEY PARK _HAMILTON_DOWNTOWN_,13C12-H7CDF,2008-11-26T00:00,131.000,pg/m³,PCDD,N/A
60512,BEASLEY PARK _HAMILTON_DOWNTOWN_,13C12-H7CDF,2008-12-20T00:00,64.000,pg/m³,PCDD,N/A
