﻿NAPS_Site_ID,Station_Name,Pollutant,Date,Value,Units,Report_Type,Method
61901,WALPOLE ISLAND,123678-H6CDF,1992-01-01T00:00,0.525,pg/m³,PCDD,N/A
61901,WALPOLE ISLAND,123678-H6CDF,1992-01-25T00:00,0.091,pg/m³,PCDD,N/A
61901,WALPOLE ISLAND,123678-H6CDF,1992-02-18T00:00,0.027,pg/m³,PCDD,N/A
61901,WALPOLE ISLAND,123678-H6CDF,1992-03-13T00:00,0.003,pg/m³,PCDD,N/A
61901,WALPOLE ISLAND,123678-H6CDF,1992-04-12T00:00,0.002,pg/m³,PCDD,N/A
61901,WALPOLE ISLAND,123678-H6CDF,1992-05-06T00:00,0.004,pg/m³,PCDD,N/A
61901,WALPOLE ISLAND,123678-H6CDF,1992-05-30T00:00,0.009,pg/m³,PCDD,N/A
61901,WALPOLE ISLAND,123678-H6CDF,1992-06-23T00:00,0.000,pg/m³,PCDD,N/A
61901,WALPOLE ISLAND,123678-H6CDF,1992-07-17T00:00,0.000,pg/m³,PCDD,N/A
61901,WALPOLE ISLAND,123678-H6CDF,1992-08-10T00:00,0.000,pg/m³,PCDD,N/A
61901,WALPOLE ISLAND,123678-H6CDF,1992-09-03T00:00,0.000,pg/m³,PCDD,N/A
61901,WALPOLE ISLAND,123678-H6CDF,1992-09-27T00:00,0.000,pg/m³,PCDD,N/A
61901,WALPOLE ISLAND,123678-H6CDF,1992-10-21T00:00,0.041,pg/m³,PCDD,N/A
61901,WALPOLE ISLAND,123678-H6CDF,1992-11-14T00:00,0.058,pg/m³,PCDD,N/A
61901,WALPOLE ISLAND,123678-H6CDF,1992-12-08T00:00,0.007,pg/m³,PCDD,N/A
