﻿NAPS_Site_ID,Station_Name,Pollutant,Date,Value,Units,Report_Type,Method
129001,POST OFFICE SITE,Potassium,2002-01-02T00:00,0.000,µg/m³,DICHOT,N/A
129001,POST OFFICE SITE,Potassium,2002-01-02T00:00,0.003,µg/m³,DICHOT,N/A
129001,POST OFFICE SITE,Potassium,2002-01-05T00:00,0.015,µg/m³,DICHOT,N/A
129001,POST OFFICE SITE,Potassium,2002-01-05T00:00,0.025,µg/m³,DICHOT,N/A
129001,POST OFFICE SITE,Potassium,2002-01-08T00:00,0.015,µg/m³,DICHOT,N/A
129001,POST OFFICE SITE,Potassium,2002-01-08T00:00,0.018,µg/m³,DICHOT,N/A
129001,POST OFFICE SITE,Potassium,2002-01-11T00:00,0.000,µg/m³,DICHOT,N/A
129001,POST OFFICE SITE,Potassium,2002-01-11T00:00,0.000,µg/m³,DICHOT,N/A
129001,POST OFFICE SITE,Potassium,2002-01-17T00:00,0.000,µg/m³,DICHOT,N/A
129001,POST OFFICE SITE,Potassium,2002-01-17T00:00,0.016,µg/m³,DICHOT,N/A
129001,POST OFFICE SITE,Potassium,2002-01-20T00:00,0.096,µg/m³,DICHOT,N/A
129001,POST OFFICE SITE,Potassium,2002-01-20T00:00,0.100,µg/m³,DICHOT,N/A
129001,POST OFFICE SITE,Potassium,2002-02-01T00:00,0.037,µg/m³,DICHOT,N/A
129001,POST OFFICE SITE,Potassium,2002-02-01T00:00,0.053,µg/m³,DICHOT,N/A
129001,POST OFFICE SITE,Potassium,2002-02-13T00:00,0.052,µg/m³,DICHOT,N/A
129001,POST OFFICE SITE,Potassium,2002-02-13T00:00,0.061,µg/m³,DICHOT,N/A
129001,POST OFFICE SITE,Potassium,2002-02-19T00:00,0.021,µg/m³,DICHOT,N/A
129001,POST OFFICE SITE,Potassium,2002-02-19T00:00,0.059,µg/m³,DICHOT,N/A
129001,POST OFFICE SITE,Potassium,2002-02-25T00:00,0.032,µg/m³,DICHOT,N/A
129001,POST OFFICE SITE,Potassium,2002-02-25T00:00,0.056,µg/m³,DICHOT,N/A
129001,POST OFFICE SITE,Potassium,2002-03-03T00:00,0.032,µg/m³,DICHOT,N/A
129001,POST OFFICE SITE,Potassium,2002-03-03T00:00,0.053,µg/m³,DICHOT,N/A
129001,POST OFFICE SITE,Potassium,2002-03-09T00:00,0.015,µg/m³,DICHOT,N/A
129001,POST OFFICE SITE,Potassium,2002-03-09T00:00,0.080,µg/m³,DICHOT,N/A
129001,POST OFFICE SITE,Potassium,2002-03-15T00:00,0.035,µg/m³,DICHOT,N/A
129001,POST OFFICE SITE,Potassium,2002-03-15T00:00,0.041,µg/m³,DICHOT,N/A
129001,POST OFFICE SITE,Potassium,2002-03-21T00:00,0.063,µg/m³,DICHOT,N/A
129001,POST OFFICE SITE,Potassium,2002-03-21T00:00,0.083,µg/m³,DICHOT,N/A
129001,POST OFFICE SITE,Potassium,2002-03-27T00:00,0.022,µg/m³,DICHOT,N/A
129001,POST OFFICE SITE,Potassium,2002-03-27T00:00,0.035,µg/m³,DICHOT,N/A
129001,POST OFFICE SITE,Potassium,2002-04-02T00:00,0.046,µg/m³,DICHOT,N/A
129001,POST OFFICE SITE,Potassium,2002-04-02T00:00,0.059,µg/m³,DICHOT,N/A
129001,POST OFFICE SITE,Potassium,2002-04-08T00:00,0.074,µg/m³,DICHOT,N/A
129001,POST OFFICE SITE,Potassium,2002-04-08T00:00,0.203,µg/m³,DICHOT,N/A
129001,POST OFFICE SITE,Potassium,2002-04-14T00:00,0.109,µg/m³,DICHOT,N/A
129001,POST OFFICE SITE,Potassium,2002-04-14T00:00,0.275,µg/m³,DICHOT,N/A
129001,POST OFFICE SITE,Potassium,2002-04-20T00:00,0.145,µg/m³,DICHOT,N/A
129001,POST OFFICE SITE,Potassium,2002-04-20T00:00,1.020,µg/m³,DICHOT,N/A
129001,POST OFFICE SITE,Potassium,2002-04-26T00:00,0.383,µg/m³,DICHOT,N/A
129001,POST OFFICE SITE,Potassium,2002-04-26T00:00,2.088,µg/m³,DICHOT,N/A
129001,POST OFFICE SITE,Potassium,2002-05-02T00:00,0.079,µg/m³,DICHOT,N/A
129001,POST OFFICE SITE,Potassium,2002-05-02T00:00,0.202,µg/m³,DICHOT,N/A
129001,POST OFFICE SITE,Potassium,2002-05-08T00:00,0.189,µg/m³,DICHOT,N/A
129001,POST OFFICE SITE,Potassium,2002-05-08T00:00,1.042,µg/m³,DICHOT,N/A
129001,POST OFFICE SITE,Potassium,2002-05-14T00:00,0.101,µg/m³,DICHOT,N/A
129001,POST OFFICE SITE,Potassium,2002-05-14T00:00,0.526,µg/m³,DICHOT,N/A
129001,POST OFFICE SITE,Potassium,2002-05-20T00:00,0.184,µg/m³,DICHOT,N/A
129001,POST OFFICE SITE,Potassium,2002-05-20T00:00,0.367,µg/m³,DICHOT,N/A
129001,POST OFFICE SITE,Potassium,2002-05-26T00:00,0.030,µg/m³,DICHOT,N/A
129001,POST OFFICE SITE,Potassium,2002-05-26T00:00,0.070,µg/m³,DICHOT,N/A
129001,POST OFFICE SITE,Potassium,2002-06-01T00:00,0.044,µg/m³,DICHOT,N/A
129001,POST OFFICE SITE,Potassium,2002-06-01T00:00,0.231,µg/m³,DICHOT,N/A
129001,POST OFFICE SITE,Potassium,2002-06-07T00:00,0.025,µg/m³,DICHOT,N/A
129001,POST OFFICE SITE,Potassium,2002-06-07T00:00,0.199,µg/m³,DICHOT,N/A
129001,POST OFFICE SITE,Potassium,2002-06-13T00:00,0.015,µg/m³,DICHOT,N/A
129001,POST OFFICE SITE,Potassium,2002-06-13T00:00,0.076,µg/m³,DICHOT,N/A
129001,POST OFFICE SITE,Potassium,2002-06-19T00:00,0.030,µg/m³,DICHOT,N/A
129001,POST OFFICE SITE,Potassium,2002-06-19T00:00,0.131,µg/m³,DICHOT,N/A
129001,POST OFFICE SITE,Potassium,2002-06-25T00:00,0.040,µg/m³,DICHOT,N/A
129001,POST OFFICE SITE,Potassium,2002-06-25T00:00,0.228,µg/m³,DICHOT,N/A
129001,POST OFFICE SITE,Potassium,2002-07-01T00:00,0.035,µg/m³,DICHOT,N/A
129001,POST OFFICE SITE,Potassium,2002-07-01T00:00,0.143,µg/m³,DICHOT,N/A
129001,POST OFFICE SITE,Potassium,2002-07-07T00:00,0.000,µg/m³,DICHOT,N/A
129001,POST OFFICE SITE,Potassium,2002-07-07T00:00,0.115,µg/m³,DICHOT,N/A
129001,POST OFFICE SITE,Potassium,2002-07-13T00:00,0.035,µg/m³,DICHOT,N/A
129001,POST OFFICE SITE,Potassium,2002-07-13T00:00,0.286,µg/m³,DICHOT,N/A
129001,POST OFFICE SITE,Potassium,2002-07-19T00:00,0.034,µg/m³,DICHOT,N/A
129001,POST OFFICE SITE,Potassium,2002-07-19T00:00,0.161,µg/m³,DICHOT,N/A
129001,POST OFFICE SITE,Potassium,2002-07-25T00:00,0.054,µg/m³,DICHOT,N/A
129001,POST OFFICE SITE,Potassium,2002-07-25T00:00,0.600,µg/m³,DICHOT,N/A
129001,POST OFFICE SITE,Potassium,2002-07-31T00:00,0.000,µg/m³,DICHOT,N/A
129001,POST OFFICE SITE,Potassium,2002-07-31T00:00,0.135,µg/m³,DICHOT,N/A
129001,POST OFFICE SITE,Potassium,2002-08-06T00:00,0.023,µg/m³,DICHOT,N/A
129001,POST OFFICE SITE,Potassium,2002-08-06T00:00,0.246,µg/m³,DICHOT,N/A
129001,POST OFFICE SITE,Potassium,2002-08-12T00:00,0.046,µg/m³,DICHOT,N/A
129001,POST OFFICE SITE,Potassium,2002-08-12T00:00,0.502,µg/m³,DICHOT,N/A
129001,POST OFFICE SITE,Potassium,2002-08-18T00:00,0.000,µg/m³,DICHOT,N/A
129001,POST OFFICE SITE,Potassium,2002-08-18T00:00,0.030,µg/m³,DICHOT,N/A
129001,POST OFFICE SITE,Potassium,2002-08-24T00:00,0.025,µg/m³,DICHOT,N/A
129001,POST OFFICE SITE,Potassium,2002-08-24T00:00,0.037,µg/m³,DICHOT,N/A
129001,POST OFFICE SITE,Potassium,2002-08-30T00:00,0.021,µg/m³,DICHOT,N/A
129001,POST OFFICE SITE,Potassium,2002-08-30T00:00,0.166,µg/m³,DICHOT,N/A
129001,POST OFFICE SITE,Potassium,2002-09-05T00:00,0.028,µg/m³,DICHOT,N/A
129001,POST OFFICE SITE,Potassium,2002-09-05T00:00,0.153,µg/m³,DICHOT,N/A
129001,POST OFFICE SITE,Potassium,2002-09-11T00:00,0.000,µg/m³,DICHOT,N/A
129001,POST OFFICE SITE,Potassium,2002-09-11T00:00,0.057,µg/m³,DICHOT,N/A
129001,POST OFFICE SITE,Potassium,2002-09-17T00:00,0.000,µg/m³,DICHOT,N/A
129001,POST OFFICE SITE,Potassium,2002-09-17T00:00,0.098,µg/m³,DICHOT,N/A
129001,POST OFFICE SITE,Potassium,2002-09-23T00:00,0.000,µg/m³,DICHOT,N/A
129001,POST OFFICE SITE,Potassium,2002-09-23T00:00,0.058,µg/m³,DICHOT,N/A
129001,POST OFFICE SITE,Potassium,2002-09-29T00:00,0.010,µg/m³,DICHOT,N/A
129001,POST OFFICE SITE,Potassium,2002-09-29T00:00,0.016,µg/m³,DICHOT,N/A
129001,POST OFFICE SITE,Potassium,2002-10-11T00:00,0.018,µg/m³,DICHOT,N/A
129001,POST OFFICE SITE,Potassium,2002-10-11T00:00,0.018,µg/m³,DICHOT,N/A
129001,POST OFFICE SITE,Potassium,2002-10-17T00:00,0.016,µg/m³,DICHOT,N/A
129001,POST OFFICE SITE,Potassium,2002-10-17T00:00,0.026,µg/m³,DICHOT,N/A
129001,POST OFFICE SITE,Potassium,2002-10-23T00:00,0.004,µg/m³,DICHOT,N/A
129001,POST OFFICE SITE,Potassium,2002-10-23T00:00,0.024,µg/m³,DICHOT,N/A
129001,POST OFFICE SITE,Potassium,2002-10-29T00:00,0.020,µg/m³,DICHOT,N/A
129001,POST OFFICE SITE,Potassium,2002-10-29T00:00,0.023,µg/m³,DICHOT,N/A
129001,POST OFFICE SITE,Potassium,2002-12-28T00:00,0.010,µg/m³,DICHOT,N/A
129001,POST OFFICE SITE,Potassium,2002-12-28T00:00,0.013,µg/m³,DICHOT,N/A
