﻿NAPS_Site_ID,Station_Name,Pollutant,Date,Value,Units,Report_Type,Method
60512,BEASLEY PARK _HAMILTON_DOWNTOWN_,Chloroform,2022-01-05T00:00,0.080,µg/m³,VOC,GC-MS
60512,BEASLEY PARK _HAMILTON_DOWNTOWN_,Chloroform,2022-01-11T00:00,0.074,µg/m³,VOC,GC-MS
60512,BEASLEY PARK _HAMILTON_DOWNTOWN_,Chloroform,2022-01-17T00:00,0.080,µg/m³,VOC,GC-MS
60512,BEASLEY PARK _HAMILTON_DOWNTOWN_,Chloroform,2022-01-23T00:00,0.074,µg/m³,VOC,GC-MS
60512,BEASLEY PARK _HAMILTON_DOWNTOWN_,Chloroform,2022-01-29T00:00,0.076,µg/m³,VOC,GC-MS
60512,BEASLEY PARK _HAMILTON_DOWNTOWN_,Chloroform,2022-02-04T00:00,0.082,µg/m³,VOC,GC-MS
60512,BEASLEY PARK _HAMILTON_DOWNTOWN_,Chloroform,2022-02-10T00:00,0.076,µg/m³,VOC,GC-MS
60512,BEASLEY PARK _HAMILTON_DOWNTOWN_,Chloroform,2022-02-16T00:00,0.078,µg/m³,VOC,GC-MS
60512,BEASLEY PARK _HAMILTON_DOWNTOWN_,Chloroform,2022-02-22T00:00,0.080,µg/m³,VOC,GC-MS
60512,BEASLEY PARK _HAMILTON_DOWNTOWN_,Chloroform,2022-02-28T00:00,0.074,µg/m³,VOC,GC-MS
60512,BEASLEY PARK _HAMILTON_DOWNTOWN_,Chloroform,2022-03-06T00:00,0.074,µg/m³,VOC,GC-MS
60512,BEASLEY PARK _HAMILTON_DOWNTOWN_,Chloroform,2022-03-18T00:00,0.084,µg/m³,VOC,GC-MS
60512,BEASLEY PARK _HAMILTON_DOWNTOWN_,Chloroform,2022-03-24T00:00,0.074,µg/m³,VOC,GC-MS
60512,BEASLEY PARK _HAMILTON_DOWNTOWN_,Chloroform,2022-03-30T00:00,0.076,µg/m³,VOC,GC-MS
60512,BEASLEY PARK _HAMILTON_DOWNTOWN_,Chloroform,2022-04-05T00:00,0.074,µg/m³,VOC,GC-MS
60512,BEASLEY PARK _HAMILTON_DOWNTOWN_,Chloroform,2022-04-17T00:00,0.068,µg/m³,VOC,GC-MS
60512,BEASLEY PARK _HAMILTON_DOWNTOWN_,Chloroform,2022-04-23T00:00,0.070,µg/m³,VOC,GC-MS
60512,BEASLEY PARK _HAMILTON_DOWNTOWN_,Chloroform,2022-04-29T00:00,0.074,µg/m³,VOC,GC-MS
60512,BEASLEY PARK _HAMILTON_DOWNTOWN_,Chloroform,2022-05-05T00:00,0.076,µg/m³,VOC,GC-MS
60512,BEASLEY PARK _HAMILTON_DOWNTOWN_,Chloroform,2022-05-11T00:00,0.108,µg/m³,VOC,GC-MS
60512,BEASLEY PARK _HAMILTON_DOWNTOWN_,Chloroform,2022-05-17T00:00,0.066,µg/m³,VOC,GC-MS
60512,BEASLEY PARK _HAMILTON_DOWNTOWN_,Chloroform,2022-05-23T00:00,0.086,µg/m³,VOC,GC-MS
60512,BEASLEY PARK _HAMILTON_DOWNTOWN_,Chloroform,2022-05-29T00:00,0.106,µg/m³,VOC,GC-MS
60512,BEASLEY PARK _HAMILTON_DOWNTOWN_,Chloroform,2022-06-04T00:00,0.088,µg/m³,VOC,GC-MS
60512,BEASLEY PARK _HAMILTON_DOWNTOWN_,Chloroform,2022-06-10T00:00,0.082,µg/m³,VOC,GC-MS
60512,BEASLEY PARK _HAMILTON_DOWNTOWN_,Chloroform,2022-06-16T00:00,0.114,µg/m³,VOC,GC-MS
60512,BEASLEY PARK _HAMILTON_DOWNTOWN_,Chloroform,2022-06-22T00:00,0.088,µg/m³,VOC,GC-MS
60512,BEASLEY PARK _HAMILTON_DOWNTOWN_,Chloroform,2022-06-28T00:00,0.074,µg/m³,VOC,GC-MS
60512,BEASLEY PARK _HAMILTON_DOWNTOWN_,Chloroform,2022-07-04T00:00,0.202,µg/m³,VOC,GC-MS
60512,BEASLEY PARK _HAMILTON_DOWNTOWN_,Chloroform,2022-07-10T00:00,0.072,µg/m³,VOC,GC-MS
60512,BEASLEY PARK _HAMILTON_DOWNTOWN_,Chloroform,2022-07-16T00:00,0.156,µg/m³,VOC,GC-MS
60512,BEASLEY PARK _HAMILTON_DOWNTOWN_,Chloroform,2022-08-03T00:00,0.142,µg/m³,VOC,GC-MS
60512,BEASLEY PARK _HAMILTON_DOWNTOWN_,Chloroform,2022-08-09T00:00,0.092,µg/m³,VOC,GC-MS
60512,BEASLEY PARK _HAMILTON_DOWNTOWN_,Chloroform,2022-08-15T00:00,0.120,µg/m³,VOC,GC-MS
60512,BEASLEY PARK _HAMILTON_DOWNTOWN_,Chloroform,2022-08-21T00:00,0.092,µg/m³,VOC,GC-MS
60512,BEASLEY PARK _HAMILTON_DOWNTOWN_,Chloroform,2022-08-27T00:00,0.088,µg/m³,VOC,GC-MS
60512,BEASLEY PARK _HAMILTON_DOWNTOWN_,Chloroform,2022-09-02T00:00,0.130,µg/m³,VOC,GC-MS
60512,BEASLEY PARK _HAMILTON_DOWNTOWN_,Chloroform,2022-09-26T00:00,0.084,µg/m³,VOC,GC-MS
60512,BEASLEY PARK _HAMILTON_DOWNTOWN_,Chloroform,2022-10-02T00:00,0.084,µg/m³,VOC,GC-MS
60512,BEASLEY PARK _HAMILTON_DOWNTOWN_,Chloroform,2022-10-08T00:00,0.070,µg/m³,VOC,GC-MS
60512,BEASLEY PARK _HAMILTON_DOWNTOWN_,Chloroform,2022-10-14T00:00,0.070,µg/m³,VOC,GC-MS
60512,BEASLEY PARK _HAMILTON_DOWNTOWN_,Chloroform,2022-10-20T00:00,0.068,µg/m³,VOC,GC-MS
60512,BEASLEY PARK _HAMILTON_DOWNTOWN_,Chloroform,2022-10-26T00:00,0.178,µg/m³,VOC,GC-MS
