﻿NAPS_Site_ID,Station_Name,Pollutant,Date,Value,Units,Report_Type,Method
90130,EDMONTON CENTRAL,Cyclohexane,1997-01-04T00:00,0.780,µg/m³,VOC,N/A
90130,EDMONTON CENTRAL,Cyclohexane,1997-01-10T00:00,0.520,µg/m³,VOC,N/A
90130,EDMONTON CENTRAL,Cyclohexane,1997-01-16T00:00,1.040,µg/m³,VOC,N/A
90130,EDMONTON CENTRAL,Cyclohexane,1997-01-22T00:00,0.300,µg/m³,VOC,N/A
90130,EDMONTON CENTRAL,Cyclohexane,1997-01-28T00:00,0.600,µg/m³,VOC,N/A
90130,EDMONTON CENTRAL,Cyclohexane,1997-02-03T00:00,0.560,µg/m³,VOC,N/A
90130,EDMONTON CENTRAL,Cyclohexane,1997-02-09T00:00,0.300,µg/m³,VOC,N/A
90130,EDMONTON CENTRAL,Cyclohexane,1997-02-13T00:00,0.300,µg/m³,VOC,N/A
90130,EDMONTON CENTRAL,Cyclohexane,1997-02-15T00:00,0.320,µg/m³,VOC,N/A
90130,EDMONTON CENTRAL,Cyclohexane,1997-02-21T00:00,0.340,µg/m³,VOC,N/A
90130,EDMONTON CENTRAL,Cyclohexane,1997-02-27T00:00,0.500,µg/m³,VOC,N/A
90130,EDMONTON CENTRAL,Cyclohexane,1997-03-05T00:00,0.720,µg/m³,VOC,N/A
90130,EDMONTON CENTRAL,Cyclohexane,1997-03-11T00:00,0.440,µg/m³,VOC,N/A
90130,EDMONTON CENTRAL,Cyclohexane,1997-03-17T00:00,0.520,µg/m³,VOC,N/A
90130,EDMONTON CENTRAL,Cyclohexane,1997-03-23T00:00,0.160,µg/m³,VOC,N/A
90130,EDMONTON CENTRAL,Cyclohexane,1997-03-26T00:00,0.240,µg/m³,VOC,N/A
90130,EDMONTON CENTRAL,Cyclohexane,1997-03-29T00:00,0.360,µg/m³,VOC,N/A
90130,EDMONTON CENTRAL,Cyclohexane,1997-04-04T00:00,0.160,µg/m³,VOC,N/A
90130,EDMONTON CENTRAL,Cyclohexane,1997-04-10T00:00,0.260,µg/m³,VOC,N/A
90130,EDMONTON CENTRAL,Cyclohexane,1997-04-16T00:00,0.380,µg/m³,VOC,N/A
90130,EDMONTON CENTRAL,Cyclohexane,1997-04-18T00:00,0.340,µg/m³,VOC,N/A
90130,EDMONTON CENTRAL,Cyclohexane,1997-04-22T00:00,0.680,µg/m³,VOC,N/A
90130,EDMONTON CENTRAL,Cyclohexane,1997-04-28T00:00,0.260,µg/m³,VOC,N/A
90130,EDMONTON CENTRAL,Cyclohexane,1997-05-04T00:00,0.140,µg/m³,VOC,N/A
90130,EDMONTON CENTRAL,Cyclohexane,1997-05-10T00:00,0.140,µg/m³,VOC,N/A
90130,EDMONTON CENTRAL,Cyclohexane,1997-05-16T00:00,0.340,µg/m³,VOC,N/A
90130,EDMONTON CENTRAL,Cyclohexane,1997-05-22T00:00,0.260,µg/m³,VOC,N/A
90130,EDMONTON CENTRAL,Cyclohexane,1997-05-28T00:00,0.380,µg/m³,VOC,N/A
90130,EDMONTON CENTRAL,Cyclohexane,1997-05-30T00:00,0.380,µg/m³,VOC,N/A
90130,EDMONTON CENTRAL,Cyclohexane,1997-06-03T00:00,0.238,µg/m³,VOC,N/A
90130,EDMONTON CENTRAL,Cyclohexane,1997-06-09T00:00,0.310,µg/m³,VOC,N/A
90130,EDMONTON CENTRAL,Cyclohexane,1997-06-15T00:00,0.143,µg/m³,VOC,N/A
90130,EDMONTON CENTRAL,Cyclohexane,1997-06-21T00:00,0.167,µg/m³,VOC,N/A
90130,EDMONTON CENTRAL,Cyclohexane,1997-06-27T00:00,0.176,µg/m³,VOC,N/A
90130,EDMONTON CENTRAL,Cyclohexane,1997-07-03T00:00,0.322,µg/m³,VOC,N/A
90130,EDMONTON CENTRAL,Cyclohexane,1997-07-05T00:00,0.234,µg/m³,VOC,N/A
90130,EDMONTON CENTRAL,Cyclohexane,1997-07-09T00:00,2.242,µg/m³,VOC,N/A
90130,EDMONTON CENTRAL,Cyclohexane,1997-07-11T00:00,0.394,µg/m³,VOC,N/A
90130,EDMONTON CENTRAL,Cyclohexane,1997-07-15T00:00,0.276,µg/m³,VOC,N/A
90130,EDMONTON CENTRAL,Cyclohexane,1997-07-17T00:00,0.654,µg/m³,VOC,N/A
90130,EDMONTON CENTRAL,Cyclohexane,1997-07-21T00:00,0.281,µg/m³,VOC,N/A
90130,EDMONTON CENTRAL,Cyclohexane,1997-07-24T00:00,0.278,µg/m³,VOC,N/A
90130,EDMONTON CENTRAL,Cyclohexane,1997-07-27T00:00,0.181,µg/m³,VOC,N/A
90130,EDMONTON CENTRAL,Cyclohexane,1997-07-30T00:00,0.300,µg/m³,VOC,N/A
90130,EDMONTON CENTRAL,Cyclohexane,1997-08-02T00:00,0.331,µg/m³,VOC,N/A
90130,EDMONTON CENTRAL,Cyclohexane,1997-08-06T00:00,0.694,µg/m³,VOC,N/A
90130,EDMONTON CENTRAL,Cyclohexane,1997-08-08T00:00,0.179,µg/m³,VOC,N/A
90130,EDMONTON CENTRAL,Cyclohexane,1997-08-12T00:00,0.390,µg/m³,VOC,N/A
90130,EDMONTON CENTRAL,Cyclohexane,1997-08-14T00:00,0.131,µg/m³,VOC,N/A
90130,EDMONTON CENTRAL,Cyclohexane,1997-08-20T00:00,0.759,µg/m³,VOC,N/A
90130,EDMONTON CENTRAL,Cyclohexane,1997-08-26T00:00,0.618,µg/m³,VOC,N/A
90130,EDMONTON CENTRAL,Cyclohexane,1997-09-01T00:00,0.167,µg/m³,VOC,N/A
90130,EDMONTON CENTRAL,Cyclohexane,1997-09-07T00:00,0.126,µg/m³,VOC,N/A
90130,EDMONTON CENTRAL,Cyclohexane,1997-09-13T00:00,0.110,µg/m³,VOC,N/A
90130,EDMONTON CENTRAL,Cyclohexane,1997-09-19T00:00,0.759,µg/m³,VOC,N/A
90130,EDMONTON CENTRAL,Cyclohexane,1997-09-25T00:00,0.734,µg/m³,VOC,N/A
90130,EDMONTON CENTRAL,Cyclohexane,1997-10-01T00:00,0.354,µg/m³,VOC,N/A
90130,EDMONTON CENTRAL,Cyclohexane,1997-10-07T00:00,0.227,µg/m³,VOC,N/A
90130,EDMONTON CENTRAL,Cyclohexane,1997-10-13T00:00,0.241,µg/m³,VOC,N/A
90130,EDMONTON CENTRAL,Cyclohexane,1997-10-19T00:00,0.170,µg/m³,VOC,N/A
90130,EDMONTON CENTRAL,Cyclohexane,1997-10-25T00:00,0.673,µg/m³,VOC,N/A
90130,EDMONTON CENTRAL,Cyclohexane,1997-10-31T00:00,0.841,µg/m³,VOC,N/A
90130,EDMONTON CENTRAL,Cyclohexane,1997-11-06T00:00,0.642,µg/m³,VOC,N/A
90130,EDMONTON CENTRAL,Cyclohexane,1997-11-12T00:00,0.618,µg/m³,VOC,N/A
90130,EDMONTON CENTRAL,Cyclohexane,1997-11-18T00:00,0.905,µg/m³,VOC,N/A
90130,EDMONTON CENTRAL,Cyclohexane,1997-11-24T00:00,0.614,µg/m³,VOC,N/A
90130,EDMONTON CENTRAL,Cyclohexane,1997-11-30T00:00,0.438,µg/m³,VOC,N/A
90130,EDMONTON CENTRAL,Cyclohexane,1997-12-06T00:00,0.371,µg/m³,VOC,N/A
90130,EDMONTON CENTRAL,Cyclohexane,1997-12-12T00:00,0.580,µg/m³,VOC,N/A
90130,EDMONTON CENTRAL,Cyclohexane,1997-12-18T00:00,0.320,µg/m³,VOC,N/A
90130,EDMONTON CENTRAL,Cyclohexane,1997-12-24T00:00,0.220,µg/m³,VOC,N/A
90130,EDMONTON CENTRAL,Cyclohexane,1997-12-30T00:00,0.460,µg/m³,VOC,N/A
