﻿NAPS_Site_ID,Station_Name,Pollutant,Date,Value,Units,Report_Type,Method
40501,PT LEPREAU - CHARLOTTE COUNTY,"1,4-Diethylbenzene",1999-01-03T00:00,0.039,µg/m³,VOC,N/A
40501,PT LEPREAU - CHARLOTTE COUNTY,"1,4-Diethylbenzene",1999-01-06T00:00,0.025,µg/m³,VOC,N/A
40501,PT LEPREAU - CHARLOTTE COUNTY,"1,4-Diethylbenzene",1999-01-09T00:00,0.037,µg/m³,VOC,N/A
40501,PT LEPREAU - CHARLOTTE COUNTY,"1,4-Diethylbenzene",1999-01-12T00:00,0.038,µg/m³,VOC,N/A
40501,PT LEPREAU - CHARLOTTE COUNTY,"1,4-Diethylbenzene",1999-01-15T00:00,0.024,µg/m³,VOC,N/A
40501,PT LEPREAU - CHARLOTTE COUNTY,"1,4-Diethylbenzene",1999-01-18T00:00,0.044,µg/m³,VOC,N/A
40501,PT LEPREAU - CHARLOTTE COUNTY,"1,4-Diethylbenzene",1999-01-21T00:00,0.026,µg/m³,VOC,N/A
40501,PT LEPREAU - CHARLOTTE COUNTY,"1,4-Diethylbenzene",1999-01-24T00:00,0.037,µg/m³,VOC,N/A
40501,PT LEPREAU - CHARLOTTE COUNTY,"1,4-Diethylbenzene",1999-01-27T00:00,0.040,µg/m³,VOC,N/A
40501,PT LEPREAU - CHARLOTTE COUNTY,"1,4-Diethylbenzene",1999-01-30T00:00,0.028,µg/m³,VOC,N/A
40501,PT LEPREAU - CHARLOTTE COUNTY,"1,4-Diethylbenzene",1999-02-02T00:00,0.038,µg/m³,VOC,N/A
40501,PT LEPREAU - CHARLOTTE COUNTY,"1,4-Diethylbenzene",1999-02-05T00:00,0.036,µg/m³,VOC,N/A
40501,PT LEPREAU - CHARLOTTE COUNTY,"1,4-Diethylbenzene",1999-02-08T00:00,0.035,µg/m³,VOC,N/A
40501,PT LEPREAU - CHARLOTTE COUNTY,"1,4-Diethylbenzene",1999-02-11T00:00,0.022,µg/m³,VOC,N/A
40501,PT LEPREAU - CHARLOTTE COUNTY,"1,4-Diethylbenzene",1999-02-14T00:00,0.041,µg/m³,VOC,N/A
40501,PT LEPREAU - CHARLOTTE COUNTY,"1,4-Diethylbenzene",1999-02-17T00:00,0.038,µg/m³,VOC,N/A
40501,PT LEPREAU - CHARLOTTE COUNTY,"1,4-Diethylbenzene",1999-02-20T00:00,0.033,µg/m³,VOC,N/A
40501,PT LEPREAU - CHARLOTTE COUNTY,"1,4-Diethylbenzene",1999-02-23T00:00,0.026,µg/m³,VOC,N/A
40501,PT LEPREAU - CHARLOTTE COUNTY,"1,4-Diethylbenzene",1999-02-26T00:00,0.044,µg/m³,VOC,N/A
40501,PT LEPREAU - CHARLOTTE COUNTY,"1,4-Diethylbenzene",1999-03-01T00:00,0.000,µg/m³,VOC,N/A
40501,PT LEPREAU - CHARLOTTE COUNTY,"1,4-Diethylbenzene",1999-03-04T00:00,0.000,µg/m³,VOC,N/A
40501,PT LEPREAU - CHARLOTTE COUNTY,"1,4-Diethylbenzene",1999-03-07T00:00,0.040,µg/m³,VOC,N/A
40501,PT LEPREAU - CHARLOTTE COUNTY,"1,4-Diethylbenzene",1999-03-10T00:00,0.045,µg/m³,VOC,N/A
40501,PT LEPREAU - CHARLOTTE COUNTY,"1,4-Diethylbenzene",1999-03-13T00:00,0.000,µg/m³,VOC,N/A
40501,PT LEPREAU - CHARLOTTE COUNTY,"1,4-Diethylbenzene",1999-03-16T00:00,0.039,µg/m³,VOC,N/A
40501,PT LEPREAU - CHARLOTTE COUNTY,"1,4-Diethylbenzene",1999-03-19T00:00,0.023,µg/m³,VOC,N/A
40501,PT LEPREAU - CHARLOTTE COUNTY,"1,4-Diethylbenzene",1999-03-22T00:00,0.034,µg/m³,VOC,N/A
40501,PT LEPREAU - CHARLOTTE COUNTY,"1,4-Diethylbenzene",1999-03-25T00:00,0.035,µg/m³,VOC,N/A
40501,PT LEPREAU - CHARLOTTE COUNTY,"1,4-Diethylbenzene",1999-03-28T00:00,0.021,µg/m³,VOC,N/A
40501,PT LEPREAU - CHARLOTTE COUNTY,"1,4-Diethylbenzene",1999-03-31T00:00,0.000,µg/m³,VOC,N/A
40501,PT LEPREAU - CHARLOTTE COUNTY,"1,4-Diethylbenzene",1999-04-03T00:00,0.024,µg/m³,VOC,N/A
40501,PT LEPREAU - CHARLOTTE COUNTY,"1,4-Diethylbenzene",1999-04-06T00:00,0.000,µg/m³,VOC,N/A
40501,PT LEPREAU - CHARLOTTE COUNTY,"1,4-Diethylbenzene",1999-04-09T00:00,0.025,µg/m³,VOC,N/A
40501,PT LEPREAU - CHARLOTTE COUNTY,"1,4-Diethylbenzene",1999-04-12T00:00,0.016,µg/m³,VOC,N/A
40501,PT LEPREAU - CHARLOTTE COUNTY,"1,4-Diethylbenzene",1999-04-15T00:00,0.021,µg/m³,VOC,N/A
40501,PT LEPREAU - CHARLOTTE COUNTY,"1,4-Diethylbenzene",1999-04-18T00:00,0.028,µg/m³,VOC,N/A
40501,PT LEPREAU - CHARLOTTE COUNTY,"1,4-Diethylbenzene",1999-04-21T00:00,0.055,µg/m³,VOC,N/A
40501,PT LEPREAU - CHARLOTTE COUNTY,"1,4-Diethylbenzene",1999-04-24T00:00,0.000,µg/m³,VOC,N/A
40501,PT LEPREAU - CHARLOTTE COUNTY,"1,4-Diethylbenzene",1999-04-27T00:00,0.028,µg/m³,VOC,N/A
40501,PT LEPREAU - CHARLOTTE COUNTY,"1,4-Diethylbenzene",1999-04-30T00:00,0.000,µg/m³,VOC,N/A
40501,PT LEPREAU - CHARLOTTE COUNTY,"1,4-Diethylbenzene",1999-05-03T00:00,0.066,µg/m³,VOC,N/A
40501,PT LEPREAU - CHARLOTTE COUNTY,"1,4-Diethylbenzene",1999-05-06T00:00,0.000,µg/m³,VOC,N/A
40501,PT LEPREAU - CHARLOTTE COUNTY,"1,4-Diethylbenzene",1999-05-09T00:00,0.042,µg/m³,VOC,N/A
40501,PT LEPREAU - CHARLOTTE COUNTY,"1,4-Diethylbenzene",1999-05-12T00:00,0.028,µg/m³,VOC,N/A
40501,PT LEPREAU - CHARLOTTE COUNTY,"1,4-Diethylbenzene",1999-05-15T00:00,0.000,µg/m³,VOC,N/A
40501,PT LEPREAU - CHARLOTTE COUNTY,"1,4-Diethylbenzene",1999-05-18T00:00,0.000,µg/m³,VOC,N/A
40501,PT LEPREAU - CHARLOTTE COUNTY,"1,4-Diethylbenzene",1999-05-21T00:00,0.000,µg/m³,VOC,N/A
40501,PT LEPREAU - CHARLOTTE COUNTY,"1,4-Diethylbenzene",1999-05-31T00:00,0.000,µg/m³,VOC,N/A
40501,PT LEPREAU - CHARLOTTE COUNTY,"1,4-Diethylbenzene",1999-06-05T00:00,0.047,µg/m³,VOC,N/A
40501,PT LEPREAU - CHARLOTTE COUNTY,"1,4-Diethylbenzene",1999-06-08T00:00,0.035,µg/m³,VOC,N/A
40501,PT LEPREAU - CHARLOTTE COUNTY,"1,4-Diethylbenzene",1999-06-11T00:00,0.036,µg/m³,VOC,N/A
40501,PT LEPREAU - CHARLOTTE COUNTY,"1,4-Diethylbenzene",1999-06-14T00:00,0.036,µg/m³,VOC,N/A
40501,PT LEPREAU - CHARLOTTE COUNTY,"1,4-Diethylbenzene",1999-06-17T00:00,0.043,µg/m³,VOC,N/A
40501,PT LEPREAU - CHARLOTTE COUNTY,"1,4-Diethylbenzene",1999-06-20T00:00,0.030,µg/m³,VOC,N/A
40501,PT LEPREAU - CHARLOTTE COUNTY,"1,4-Diethylbenzene",1999-06-23T00:00,0.033,µg/m³,VOC,N/A
40501,PT LEPREAU - CHARLOTTE COUNTY,"1,4-Diethylbenzene",1999-06-26T00:00,0.035,µg/m³,VOC,N/A
40501,PT LEPREAU - CHARLOTTE COUNTY,"1,4-Diethylbenzene",1999-06-29T00:00,0.000,µg/m³,VOC,N/A
40501,PT LEPREAU - CHARLOTTE COUNTY,"1,4-Diethylbenzene",1999-07-02T00:00,0.000,µg/m³,VOC,N/A
40501,PT LEPREAU - CHARLOTTE COUNTY,"1,4-Diethylbenzene",1999-07-05T00:00,0.032,µg/m³,VOC,N/A
40501,PT LEPREAU - CHARLOTTE COUNTY,"1,4-Diethylbenzene",1999-07-08T00:00,0.048,µg/m³,VOC,N/A
40501,PT LEPREAU - CHARLOTTE COUNTY,"1,4-Diethylbenzene",1999-07-11T00:00,0.089,µg/m³,VOC,N/A
40501,PT LEPREAU - CHARLOTTE COUNTY,"1,4-Diethylbenzene",1999-07-14T00:00,0.000,µg/m³,VOC,N/A
40501,PT LEPREAU - CHARLOTTE COUNTY,"1,4-Diethylbenzene",1999-07-17T00:00,0.072,µg/m³,VOC,N/A
40501,PT LEPREAU - CHARLOTTE COUNTY,"1,4-Diethylbenzene",1999-07-20T00:00,0.057,µg/m³,VOC,N/A
40501,PT LEPREAU - CHARLOTTE COUNTY,"1,4-Diethylbenzene",1999-07-23T00:00,0.000,µg/m³,VOC,N/A
40501,PT LEPREAU - CHARLOTTE COUNTY,"1,4-Diethylbenzene",1999-07-26T00:00,0.000,µg/m³,VOC,N/A
40501,PT LEPREAU - CHARLOTTE COUNTY,"1,4-Diethylbenzene",1999-07-29T00:00,0.106,µg/m³,VOC,N/A
40501,PT LEPREAU - CHARLOTTE COUNTY,"1,4-Diethylbenzene",1999-08-01T00:00,0.266,µg/m³,VOC,N/A
40501,PT LEPREAU - CHARLOTTE COUNTY,"1,4-Diethylbenzene",1999-08-04T00:00,0.082,µg/m³,VOC,N/A
40501,PT LEPREAU - CHARLOTTE COUNTY,"1,4-Diethylbenzene",1999-08-10T00:00,0.063,µg/m³,VOC,N/A
40501,PT LEPREAU - CHARLOTTE COUNTY,"1,4-Diethylbenzene",1999-08-13T00:00,0.000,µg/m³,VOC,N/A
40501,PT LEPREAU - CHARLOTTE COUNTY,"1,4-Diethylbenzene",1999-08-16T00:00,0.000,µg/m³,VOC,N/A
40501,PT LEPREAU - CHARLOTTE COUNTY,"1,4-Diethylbenzene",1999-08-19T00:00,0.000,µg/m³,VOC,N/A
40501,PT LEPREAU - CHARLOTTE COUNTY,"1,4-Diethylbenzene",1999-08-22T00:00,0.025,µg/m³,VOC,N/A
40501,PT LEPREAU - CHARLOTTE COUNTY,"1,4-Diethylbenzene",1999-08-25T00:00,0.026,µg/m³,VOC,N/A
40501,PT LEPREAU - CHARLOTTE COUNTY,"1,4-Diethylbenzene",1999-08-28T00:00,0.021,µg/m³,VOC,N/A
40501,PT LEPREAU - CHARLOTTE COUNTY,"1,4-Diethylbenzene",1999-08-31T00:00,0.023,µg/m³,VOC,N/A
