﻿NAPS_Site_ID,Station_Name,Pollutant,Date,Value,Units,Report_Type,Method
100133,BURMOUNT,trans-2-Pentene,2001-01-01T00:00,0.240,µg/m³,VOC,N/A
100133,BURMOUNT,trans-2-Pentene,2001-01-13T00:00,0.280,µg/m³,VOC,N/A
100133,BURMOUNT,trans-2-Pentene,2001-01-25T00:00,0.560,µg/m³,VOC,N/A
100133,BURMOUNT,trans-2-Pentene,2001-02-18T00:00,0.360,µg/m³,VOC,N/A
100133,BURMOUNT,trans-2-Pentene,2001-03-02T00:00,0.120,µg/m³,VOC,N/A
100133,BURMOUNT,trans-2-Pentene,2001-03-20T00:00,0.110,µg/m³,VOC,N/A
100133,BURMOUNT,trans-2-Pentene,2001-04-01T00:00,0.050,µg/m³,VOC,N/A
100133,BURMOUNT,trans-2-Pentene,2001-04-13T00:00,0.090,µg/m³,VOC,N/A
100133,BURMOUNT,trans-2-Pentene,2001-04-25T00:00,0.580,µg/m³,VOC,N/A
100133,BURMOUNT,trans-2-Pentene,2001-10-28T00:00,0.080,µg/m³,VOC,N/A
100133,BURMOUNT,trans-2-Pentene,2001-11-09T00:00,0.780,µg/m³,VOC,N/A
100133,BURMOUNT,trans-2-Pentene,2001-12-09T00:00,0.100,µg/m³,VOC,N/A
100133,BURMOUNT,trans-2-Pentene,2001-12-21T00:00,0.520,µg/m³,VOC,N/A
