﻿NAPS_Site_ID,Station_Name,Pollutant,Date,Value,Units,Report_Type,Method
100112,DOWNTOWN VANCOUVER,"1,3,5-Trimethylbenzene",2009-01-01T00:00,0.097,µg/m³,VOC,GC-MS
100112,DOWNTOWN VANCOUVER,"1,3,5-Trimethylbenzene",2009-01-13T00:00,0.198,µg/m³,VOC,GC-MS
100112,DOWNTOWN VANCOUVER,"1,3,5-Trimethylbenzene",2009-01-25T00:00,0.170,µg/m³,VOC,GC-MS
100112,DOWNTOWN VANCOUVER,"1,3,5-Trimethylbenzene",2009-02-06T00:00,0.171,µg/m³,VOC,GC-MS
100112,DOWNTOWN VANCOUVER,"1,3,5-Trimethylbenzene",2009-02-18T00:00,0.225,µg/m³,VOC,GC-MS
100112,DOWNTOWN VANCOUVER,"1,3,5-Trimethylbenzene",2009-03-02T00:00,0.140,µg/m³,VOC,GC-MS
100112,DOWNTOWN VANCOUVER,"1,3,5-Trimethylbenzene",2009-03-14T00:00,0.118,µg/m³,VOC,GC-MS
100112,DOWNTOWN VANCOUVER,"1,3,5-Trimethylbenzene",2009-03-26T00:00,0.224,µg/m³,VOC,GC-MS
100112,DOWNTOWN VANCOUVER,"1,3,5-Trimethylbenzene",2009-04-07T00:00,0.174,µg/m³,VOC,GC-MS
100112,DOWNTOWN VANCOUVER,"1,3,5-Trimethylbenzene",2009-04-19T00:00,0.124,µg/m³,VOC,GC-MS
