﻿NAPS_Site_ID,Station_Name,Pollutant,Date,Value,Units,Report_Type,Method
65101,EAGLE ST. & McCAFFREY RD. _NEWMARKET_,trans-2-Pentene,2016-01-06T19:00,0.046,µg/m³,VOC,N/A
65101,EAGLE ST. & McCAFFREY RD. _NEWMARKET_,trans-2-Pentene,2016-01-12T19:00,0.006,µg/m³,VOC,N/A
65101,EAGLE ST. & McCAFFREY RD. _NEWMARKET_,trans-2-Pentene,2016-01-18T19:00,0.006,µg/m³,VOC,N/A
65101,EAGLE ST. & McCAFFREY RD. _NEWMARKET_,trans-2-Pentene,2016-01-24T19:00,0.049,µg/m³,VOC,N/A
65101,EAGLE ST. & McCAFFREY RD. _NEWMARKET_,trans-2-Pentene,2016-01-30T19:00,0.040,µg/m³,VOC,N/A
65101,EAGLE ST. & McCAFFREY RD. _NEWMARKET_,trans-2-Pentene,2016-02-05T19:00,0.005,µg/m³,VOC,N/A
65101,EAGLE ST. & McCAFFREY RD. _NEWMARKET_,trans-2-Pentene,2016-02-11T19:00,0.004,µg/m³,VOC,N/A
65101,EAGLE ST. & McCAFFREY RD. _NEWMARKET_,trans-2-Pentene,2016-02-17T19:00,0.062,µg/m³,VOC,N/A
65101,EAGLE ST. & McCAFFREY RD. _NEWMARKET_,trans-2-Pentene,2016-02-23T19:00,0.016,µg/m³,VOC,N/A
65101,EAGLE ST. & McCAFFREY RD. _NEWMARKET_,trans-2-Pentene,2016-03-12T19:00,0.012,µg/m³,VOC,N/A
65101,EAGLE ST. & McCAFFREY RD. _NEWMARKET_,trans-2-Pentene,2016-03-18T20:00,0.006,µg/m³,VOC,N/A
65101,EAGLE ST. & McCAFFREY RD. _NEWMARKET_,trans-2-Pentene,2016-03-24T20:00,0.008,µg/m³,VOC,N/A
65101,EAGLE ST. & McCAFFREY RD. _NEWMARKET_,trans-2-Pentene,2016-03-30T20:00,0.015,µg/m³,VOC,N/A
65101,EAGLE ST. & McCAFFREY RD. _NEWMARKET_,trans-2-Pentene,2016-04-17T20:00,0.024,µg/m³,VOC,N/A
65101,EAGLE ST. & McCAFFREY RD. _NEWMARKET_,trans-2-Pentene,2016-04-23T20:00,0.012,µg/m³,VOC,N/A
65101,EAGLE ST. & McCAFFREY RD. _NEWMARKET_,trans-2-Pentene,2016-05-05T20:00,0.022,µg/m³,VOC,N/A
65101,EAGLE ST. & McCAFFREY RD. _NEWMARKET_,trans-2-Pentene,2016-05-29T20:00,0.013,µg/m³,VOC,N/A
65101,EAGLE ST. & McCAFFREY RD. _NEWMARKET_,trans-2-Pentene,2016-06-04T20:00,0.012,µg/m³,VOC,N/A
65101,EAGLE ST. & McCAFFREY RD. _NEWMARKET_,trans-2-Pentene,2016-06-10T20:00,0.020,µg/m³,VOC,N/A
65101,EAGLE ST. & McCAFFREY RD. _NEWMARKET_,trans-2-Pentene,2016-06-16T20:00,0.052,µg/m³,VOC,N/A
65101,EAGLE ST. & McCAFFREY RD. _NEWMARKET_,trans-2-Pentene,2016-06-22T20:00,0.033,µg/m³,VOC,N/A
65101,EAGLE ST. & McCAFFREY RD. _NEWMARKET_,trans-2-Pentene,2016-06-28T20:00,0.013,µg/m³,VOC,N/A
65101,EAGLE ST. & McCAFFREY RD. _NEWMARKET_,trans-2-Pentene,2016-07-04T20:00,0.025,µg/m³,VOC,N/A
65101,EAGLE ST. & McCAFFREY RD. _NEWMARKET_,trans-2-Pentene,2016-07-10T20:00,0.043,µg/m³,VOC,N/A
65101,EAGLE ST. & McCAFFREY RD. _NEWMARKET_,trans-2-Pentene,2016-07-16T20:00,0.037,µg/m³,VOC,N/A
65101,EAGLE ST. & McCAFFREY RD. _NEWMARKET_,trans-2-Pentene,2016-07-22T20:00,0.022,µg/m³,VOC,N/A
65101,EAGLE ST. & McCAFFREY RD. _NEWMARKET_,trans-2-Pentene,2016-07-28T20:00,0.029,µg/m³,VOC,N/A
65101,EAGLE ST. & McCAFFREY RD. _NEWMARKET_,trans-2-Pentene,2016-08-03T20:00,0.079,µg/m³,VOC,N/A
65101,EAGLE ST. & McCAFFREY RD. _NEWMARKET_,trans-2-Pentene,2016-08-09T20:00,0.078,µg/m³,VOC,N/A
65101,EAGLE ST. & McCAFFREY RD. _NEWMARKET_,trans-2-Pentene,2016-08-15T20:00,0.030,µg/m³,VOC,N/A
65101,EAGLE ST. & McCAFFREY RD. _NEWMARKET_,trans-2-Pentene,2016-08-21T20:00,0.023,µg/m³,VOC,N/A
65101,EAGLE ST. & McCAFFREY RD. _NEWMARKET_,trans-2-Pentene,2016-08-27T20:00,0.022,µg/m³,VOC,N/A
65101,EAGLE ST. & McCAFFREY RD. _NEWMARKET_,trans-2-Pentene,2016-09-02T20:00,0.036,µg/m³,VOC,N/A
65101,EAGLE ST. & McCAFFREY RD. _NEWMARKET_,trans-2-Pentene,2016-09-08T20:00,0.033,µg/m³,VOC,N/A
65101,EAGLE ST. & McCAFFREY RD. _NEWMARKET_,trans-2-Pentene,2016-09-14T20:00,0.101,µg/m³,VOC,N/A
65101,EAGLE ST. & McCAFFREY RD. _NEWMARKET_,trans-2-Pentene,2016-09-20T20:00,0.060,µg/m³,VOC,N/A
65101,EAGLE ST. & McCAFFREY RD. _NEWMARKET_,trans-2-Pentene,2016-09-26T20:00,0.025,µg/m³,VOC,N/A
65101,EAGLE ST. & McCAFFREY RD. _NEWMARKET_,trans-2-Pentene,2016-10-02T20:00,0.043,µg/m³,VOC,N/A
65101,EAGLE ST. & McCAFFREY RD. _NEWMARKET_,trans-2-Pentene,2016-10-08T20:00,0.010,µg/m³,VOC,N/A
65101,EAGLE ST. & McCAFFREY RD. _NEWMARKET_,trans-2-Pentene,2016-10-14T20:00,0.083,µg/m³,VOC,N/A
65101,EAGLE ST. & McCAFFREY RD. _NEWMARKET_,trans-2-Pentene,2016-10-20T20:00,0.038,µg/m³,VOC,N/A
65101,EAGLE ST. & McCAFFREY RD. _NEWMARKET_,trans-2-Pentene,2016-10-26T20:00,0.017,µg/m³,VOC,N/A
65101,EAGLE ST. & McCAFFREY RD. _NEWMARKET_,trans-2-Pentene,2016-11-01T20:00,0.055,µg/m³,VOC,N/A
65101,EAGLE ST. & McCAFFREY RD. _NEWMARKET_,trans-2-Pentene,2016-11-07T19:00,0.062,µg/m³,VOC,N/A
65101,EAGLE ST. & McCAFFREY RD. _NEWMARKET_,trans-2-Pentene,2016-11-13T19:00,0.019,µg/m³,VOC,N/A
65101,EAGLE ST. & McCAFFREY RD. _NEWMARKET_,trans-2-Pentene,2016-11-19T19:00,0.002,µg/m³,VOC,N/A
65101,EAGLE ST. & McCAFFREY RD. _NEWMARKET_,trans-2-Pentene,2016-11-25T19:00,0.004,µg/m³,VOC,N/A
65101,EAGLE ST. & McCAFFREY RD. _NEWMARKET_,trans-2-Pentene,2016-12-01T19:00,0.003,µg/m³,VOC,N/A
65101,EAGLE ST. & McCAFFREY RD. _NEWMARKET_,trans-2-Pentene,2016-12-07T19:00,0.004,µg/m³,VOC,N/A
65101,EAGLE ST. & McCAFFREY RD. _NEWMARKET_,trans-2-Pentene,2016-12-19T19:00,0.013,µg/m³,VOC,N/A
65101,EAGLE ST. & McCAFFREY RD. _NEWMARKET_,trans-2-Pentene,2016-12-25T19:00,0.025,µg/m³,VOC,N/A
