﻿NAPS_Site_ID,Station_Name,Pollutant,Date,Value,Units,Report_Type,Method
50308,QUÉBEC-VIEUX-LIMOILOU (DES SABLES),Ethylene,2018-02-07T00:00,2.068,µg/m³,VOC,GC-FID
50308,QUÉBEC-VIEUX-LIMOILOU (DES SABLES),Ethylene,2018-02-13T00:00,1.494,µg/m³,VOC,GC-FID
50308,QUÉBEC-VIEUX-LIMOILOU (DES SABLES),Ethylene,2018-02-19T00:00,2.821,µg/m³,VOC,GC-FID
50308,QUÉBEC-VIEUX-LIMOILOU (DES SABLES),Ethylene,2018-02-25T00:00,0.571,µg/m³,VOC,GC-FID
50308,QUÉBEC-VIEUX-LIMOILOU (DES SABLES),Ethylene,2018-03-03T00:00,0.208,µg/m³,VOC,GC-FID
50308,QUÉBEC-VIEUX-LIMOILOU (DES SABLES),Ethylene,2018-03-09T00:00,0.840,µg/m³,VOC,GC-FID
50308,QUÉBEC-VIEUX-LIMOILOU (DES SABLES),Ethylene,2018-07-01T00:00,0.347,µg/m³,VOC,GC-FID
50308,QUÉBEC-VIEUX-LIMOILOU (DES SABLES),Ethylene,2018-07-07T00:00,0.403,µg/m³,VOC,GC-FID
50308,QUÉBEC-VIEUX-LIMOILOU (DES SABLES),Ethylene,2018-07-13T00:00,0.603,µg/m³,VOC,GC-FID
50308,QUÉBEC-VIEUX-LIMOILOU (DES SABLES),Ethylene,2018-07-19T00:00,0.565,µg/m³,VOC,GC-FID
50308,QUÉBEC-VIEUX-LIMOILOU (DES SABLES),Ethylene,2018-07-25T00:00,0.388,µg/m³,VOC,GC-FID
50308,QUÉBEC-VIEUX-LIMOILOU (DES SABLES),Ethylene,2018-08-18T00:00,0.499,µg/m³,VOC,GC-FID
50308,QUÉBEC-VIEUX-LIMOILOU (DES SABLES),Ethylene,2018-08-24T00:00,0.682,µg/m³,VOC,GC-FID
50308,QUÉBEC-VIEUX-LIMOILOU (DES SABLES),Ethylene,2018-09-05T00:00,0.881,µg/m³,VOC,GC-FID
50308,QUÉBEC-VIEUX-LIMOILOU (DES SABLES),Ethylene,2018-09-11T00:00,0.472,µg/m³,VOC,GC-FID
50308,QUÉBEC-VIEUX-LIMOILOU (DES SABLES),Ethylene,2018-10-11T00:00,0.245,µg/m³,VOC,GC-FID
50308,QUÉBEC-VIEUX-LIMOILOU (DES SABLES),Ethylene,2018-10-17T00:00,0.623,µg/m³,VOC,GC-FID
50308,QUÉBEC-VIEUX-LIMOILOU (DES SABLES),Ethylene,2018-10-23T00:00,1.023,µg/m³,VOC,GC-FID
50308,QUÉBEC-VIEUX-LIMOILOU (DES SABLES),Ethylene,2018-10-29T00:00,0.814,µg/m³,VOC,GC-FID
50308,QUÉBEC-VIEUX-LIMOILOU (DES SABLES),Ethylene,2018-11-04T00:00,0.405,µg/m³,VOC,GC-FID
50308,QUÉBEC-VIEUX-LIMOILOU (DES SABLES),Ethylene,2018-11-10T00:00,0.450,µg/m³,VOC,GC-FID
50308,QUÉBEC-VIEUX-LIMOILOU (DES SABLES),Ethylene,2018-11-22T00:00,0.566,µg/m³,VOC,GC-FID
50308,QUÉBEC-VIEUX-LIMOILOU (DES SABLES),Ethylene,2018-11-28T00:00,0.577,µg/m³,VOC,GC-FID
50308,QUÉBEC-VIEUX-LIMOILOU (DES SABLES),Ethylene,2018-12-04T00:00,0.400,µg/m³,VOC,GC-FID
50308,QUÉBEC-VIEUX-LIMOILOU (DES SABLES),Ethylene,2018-12-10T00:00,1.018,µg/m³,VOC,GC-FID
50308,QUÉBEC-VIEUX-LIMOILOU (DES SABLES),Ethylene,2018-12-16T00:00,1.113,µg/m³,VOC,GC-FID
50308,QUÉBEC-VIEUX-LIMOILOU (DES SABLES),Ethylene,2018-12-22T00:00,0.386,µg/m³,VOC,GC-FID
