﻿NAPS_Site_ID,Station_Name,Pollutant,Date,Value,Units,Report_Type,Method
50115,MONTRÉAL-MAISONNEUVE,Heptane,2005-01-04T00:00,0.530,µg/m³,VOC,GC-MS
50115,MONTRÉAL-MAISONNEUVE,Heptane,2005-01-10T00:00,0.458,µg/m³,VOC,GC-MS
50115,MONTRÉAL-MAISONNEUVE,Heptane,2005-01-16T00:00,0.365,µg/m³,VOC,GC-MS
50115,MONTRÉAL-MAISONNEUVE,Heptane,2005-01-22T00:00,0.448,µg/m³,VOC,GC-MS
50115,MONTRÉAL-MAISONNEUVE,Heptane,2005-01-28T00:00,0.443,µg/m³,VOC,GC-MS
50115,MONTRÉAL-MAISONNEUVE,Heptane,2005-02-03T00:00,1.430,µg/m³,VOC,GC-MS
50115,MONTRÉAL-MAISONNEUVE,Heptane,2005-02-09T00:00,0.335,µg/m³,VOC,GC-MS
50115,MONTRÉAL-MAISONNEUVE,Heptane,2005-02-15T00:00,0.587,µg/m³,VOC,GC-MS
50115,MONTRÉAL-MAISONNEUVE,Heptane,2005-02-21T00:00,0.313,µg/m³,VOC,GC-MS
50115,MONTRÉAL-MAISONNEUVE,Heptane,2005-02-27T00:00,0.146,µg/m³,VOC,GC-MS
50115,MONTRÉAL-MAISONNEUVE,Heptane,2005-03-05T00:00,0.184,µg/m³,VOC,GC-MS
50115,MONTRÉAL-MAISONNEUVE,Heptane,2005-03-11T00:00,0.179,µg/m³,VOC,GC-MS
50115,MONTRÉAL-MAISONNEUVE,Heptane,2005-03-17T00:00,0.518,µg/m³,VOC,GC-MS
50115,MONTRÉAL-MAISONNEUVE,Heptane,2005-03-23T00:00,0.473,µg/m³,VOC,GC-MS
50115,MONTRÉAL-MAISONNEUVE,Heptane,2005-03-29T00:00,0.477,µg/m³,VOC,GC-MS
50115,MONTRÉAL-MAISONNEUVE,Heptane,2005-04-04T00:00,0.752,µg/m³,VOC,GC-MS
50115,MONTRÉAL-MAISONNEUVE,Heptane,2005-04-10T00:00,0.327,µg/m³,VOC,GC-MS
50115,MONTRÉAL-MAISONNEUVE,Heptane,2005-04-16T00:00,0.693,µg/m³,VOC,GC-MS
50115,MONTRÉAL-MAISONNEUVE,Heptane,2005-04-22T00:00,0.567,µg/m³,VOC,GC-MS
50115,MONTRÉAL-MAISONNEUVE,Heptane,2005-04-28T00:00,0.421,µg/m³,VOC,GC-MS
50115,MONTRÉAL-MAISONNEUVE,Heptane,2005-05-04T00:00,0.486,µg/m³,VOC,GC-MS
50115,MONTRÉAL-MAISONNEUVE,Heptane,2005-05-10T00:00,0.950,µg/m³,VOC,GC-MS
50115,MONTRÉAL-MAISONNEUVE,Heptane,2005-05-16T00:00,0.464,µg/m³,VOC,GC-MS
50115,MONTRÉAL-MAISONNEUVE,Heptane,2005-05-22T00:00,0.186,µg/m³,VOC,GC-MS
50115,MONTRÉAL-MAISONNEUVE,Heptane,2005-05-28T00:00,0.376,µg/m³,VOC,GC-MS
50115,MONTRÉAL-MAISONNEUVE,Heptane,2005-06-03T00:00,1.014,µg/m³,VOC,GC-MS
50115,MONTRÉAL-MAISONNEUVE,Heptane,2005-06-09T00:00,0.700,µg/m³,VOC,GC-MS
50115,MONTRÉAL-MAISONNEUVE,Heptane,2005-06-15T00:00,0.312,µg/m³,VOC,GC-MS
50115,MONTRÉAL-MAISONNEUVE,Heptane,2005-06-21T00:00,0.326,µg/m³,VOC,GC-MS
50115,MONTRÉAL-MAISONNEUVE,Heptane,2005-06-27T00:00,0.815,µg/m³,VOC,GC-MS
50115,MONTRÉAL-MAISONNEUVE,Heptane,2005-07-03T00:00,0.664,µg/m³,VOC,GC-MS
50115,MONTRÉAL-MAISONNEUVE,Heptane,2005-07-09T00:00,0.555,µg/m³,VOC,GC-MS
50115,MONTRÉAL-MAISONNEUVE,Heptane,2005-07-27T00:00,0.590,µg/m³,VOC,GC-MS
50115,MONTRÉAL-MAISONNEUVE,Heptane,2005-08-02T00:00,0.508,µg/m³,VOC,GC-MS
50115,MONTRÉAL-MAISONNEUVE,Heptane,2005-08-14T00:00,0.412,µg/m³,VOC,GC-MS
50115,MONTRÉAL-MAISONNEUVE,Heptane,2005-08-26T00:00,0.605,µg/m³,VOC,GC-MS
50115,MONTRÉAL-MAISONNEUVE,Heptane,2005-09-01T00:00,0.395,µg/m³,VOC,GC-MS
50115,MONTRÉAL-MAISONNEUVE,Heptane,2005-09-13T00:00,0.480,µg/m³,VOC,GC-MS
50115,MONTRÉAL-MAISONNEUVE,Heptane,2005-09-19T00:00,0.383,µg/m³,VOC,GC-MS
50115,MONTRÉAL-MAISONNEUVE,Heptane,2005-09-25T00:00,0.265,µg/m³,VOC,GC-MS
50115,MONTRÉAL-MAISONNEUVE,Heptane,2005-10-07T00:00,0.679,µg/m³,VOC,GC-MS
50115,MONTRÉAL-MAISONNEUVE,Heptane,2005-10-19T00:00,0.281,µg/m³,VOC,GC-MS
50115,MONTRÉAL-MAISONNEUVE,Heptane,2005-10-25T00:00,0.243,µg/m³,VOC,GC-MS
50115,MONTRÉAL-MAISONNEUVE,Heptane,2005-10-31T00:00,0.347,µg/m³,VOC,GC-MS
50115,MONTRÉAL-MAISONNEUVE,Heptane,2005-11-06T00:00,0.235,µg/m³,VOC,GC-MS
50115,MONTRÉAL-MAISONNEUVE,Heptane,2005-11-12T00:00,0.351,µg/m³,VOC,GC-MS
50115,MONTRÉAL-MAISONNEUVE,Heptane,2005-11-18T00:00,0.347,µg/m³,VOC,GC-MS
50115,MONTRÉAL-MAISONNEUVE,Heptane,2005-11-24T00:00,0.297,µg/m³,VOC,GC-MS
50115,MONTRÉAL-MAISONNEUVE,Heptane,2005-11-30T00:00,0.375,µg/m³,VOC,GC-MS
50115,MONTRÉAL-MAISONNEUVE,Heptane,2005-12-06T00:00,0.415,µg/m³,VOC,GC-MS
50115,MONTRÉAL-MAISONNEUVE,Heptane,2005-12-12T00:00,0.431,µg/m³,VOC,GC-MS
50115,MONTRÉAL-MAISONNEUVE,Heptane,2005-12-18T00:00,0.189,µg/m³,VOC,GC-MS
50115,MONTRÉAL-MAISONNEUVE,Heptane,2005-12-30T00:00,0.307,µg/m³,VOC,GC-MS
