﻿NAPS_Site_ID,Station_Name,Pollutant,Date,Value,Units,Report_Type,Method
70119,ELLEN,Barium,1992-01-01T00:00,0.000,µg/m³,DICHOT,
70119,ELLEN,Barium,1992-01-01T00:00,0.000,µg/m³,DICHOT,
70119,ELLEN,Barium,1992-01-07T00:00,0.000,µg/m³,DICHOT,
70119,ELLEN,Barium,1992-01-07T00:00,0.009,µg/m³,DICHOT,
70119,ELLEN,Barium,1992-02-06T00:00,0.000,µg/m³,DICHOT,
70119,ELLEN,Barium,1992-02-06T00:00,0.000,µg/m³,DICHOT,
70119,ELLEN,Barium,1992-02-12T00:00,0.000,µg/m³,DICHOT,
70119,ELLEN,Barium,1992-02-12T00:00,0.003,µg/m³,DICHOT,
70119,ELLEN,Barium,1992-02-18T00:00,0.000,µg/m³,DICHOT,
70119,ELLEN,Barium,1992-02-18T00:00,0.000,µg/m³,DICHOT,
70119,ELLEN,Barium,1992-02-24T00:00,0.000,µg/m³,DICHOT,
70119,ELLEN,Barium,1992-02-24T00:00,0.000,µg/m³,DICHOT,
70119,ELLEN,Barium,1992-03-01T00:00,0.000,µg/m³,DICHOT,
70119,ELLEN,Barium,1992-03-01T00:00,0.012,µg/m³,DICHOT,
70119,ELLEN,Barium,1992-03-13T00:00,0.000,µg/m³,DICHOT,
70119,ELLEN,Barium,1992-03-13T00:00,0.008,µg/m³,DICHOT,
70119,ELLEN,Barium,1992-03-19T00:00,0.000,µg/m³,DICHOT,
70119,ELLEN,Barium,1992-03-19T00:00,0.006,µg/m³,DICHOT,
70119,ELLEN,Barium,1992-03-25T00:00,0.000,µg/m³,DICHOT,
70119,ELLEN,Barium,1992-03-25T00:00,0.000,µg/m³,DICHOT,
70119,ELLEN,Barium,1992-03-31T00:00,0.000,µg/m³,DICHOT,
70119,ELLEN,Barium,1992-03-31T00:00,0.009,µg/m³,DICHOT,
70119,ELLEN,Barium,1992-04-06T00:00,0.000,µg/m³,DICHOT,
70119,ELLEN,Barium,1992-04-06T00:00,0.000,µg/m³,DICHOT,
70119,ELLEN,Barium,1992-04-12T00:00,0.000,µg/m³,DICHOT,
70119,ELLEN,Barium,1992-04-12T00:00,0.000,µg/m³,DICHOT,
70119,ELLEN,Barium,1992-04-18T00:00,0.000,µg/m³,DICHOT,
70119,ELLEN,Barium,1992-04-18T00:00,0.000,µg/m³,DICHOT,
70119,ELLEN,Barium,1992-04-24T00:00,0.000,µg/m³,DICHOT,
70119,ELLEN,Barium,1992-04-24T00:00,0.000,µg/m³,DICHOT,
70119,ELLEN,Barium,1992-04-30T00:00,0.000,µg/m³,DICHOT,
70119,ELLEN,Barium,1992-04-30T00:00,0.011,µg/m³,DICHOT,
70119,ELLEN,Barium,1992-05-06T00:00,0.000,µg/m³,DICHOT,
70119,ELLEN,Barium,1992-05-06T00:00,0.019,µg/m³,DICHOT,
70119,ELLEN,Barium,1992-05-12T00:00,0.003,µg/m³,DICHOT,
70119,ELLEN,Barium,1992-05-12T00:00,0.003,µg/m³,DICHOT,
70119,ELLEN,Barium,1992-05-18T00:00,0.003,µg/m³,DICHOT,
70119,ELLEN,Barium,1992-05-18T00:00,0.007,µg/m³,DICHOT,
70119,ELLEN,Barium,1992-05-24T00:00,0.000,µg/m³,DICHOT,
70119,ELLEN,Barium,1992-05-24T00:00,0.003,µg/m³,DICHOT,
70119,ELLEN,Barium,1992-05-30T00:00,0.000,µg/m³,DICHOT,
70119,ELLEN,Barium,1992-05-30T00:00,0.004,µg/m³,DICHOT,
70119,ELLEN,Barium,1992-06-05T00:00,0.000,µg/m³,DICHOT,
70119,ELLEN,Barium,1992-06-05T00:00,0.000,µg/m³,DICHOT,
70119,ELLEN,Barium,1992-06-11T00:00,0.000,µg/m³,DICHOT,
70119,ELLEN,Barium,1992-06-11T00:00,0.012,µg/m³,DICHOT,
70119,ELLEN,Barium,1992-06-17T00:00,0.000,µg/m³,DICHOT,
70119,ELLEN,Barium,1992-06-17T00:00,0.004,µg/m³,DICHOT,
70119,ELLEN,Barium,1992-06-23T00:00,0.002,µg/m³,DICHOT,
70119,ELLEN,Barium,1992-06-23T00:00,0.003,µg/m³,DICHOT,
70119,ELLEN,Barium,1992-06-29T00:00,0.000,µg/m³,DICHOT,
70119,ELLEN,Barium,1992-06-29T00:00,0.000,µg/m³,DICHOT,
70119,ELLEN,Barium,1992-07-05T00:00,0.000,µg/m³,DICHOT,
70119,ELLEN,Barium,1992-07-05T00:00,0.000,µg/m³,DICHOT,
70119,ELLEN,Barium,1992-07-11T00:00,0.000,µg/m³,DICHOT,
70119,ELLEN,Barium,1992-07-11T00:00,0.002,µg/m³,DICHOT,
70119,ELLEN,Barium,1992-07-17T00:00,0.000,µg/m³,DICHOT,
70119,ELLEN,Barium,1992-07-17T00:00,0.000,µg/m³,DICHOT,
70119,ELLEN,Barium,1992-07-23T00:00,0.000,µg/m³,DICHOT,
70119,ELLEN,Barium,1992-07-23T00:00,0.008,µg/m³,DICHOT,
70119,ELLEN,Barium,1992-07-29T00:00,0.000,µg/m³,DICHOT,
70119,ELLEN,Barium,1992-07-29T00:00,0.000,µg/m³,DICHOT,
70119,ELLEN,Barium,1992-08-04T00:00,0.000,µg/m³,DICHOT,
70119,ELLEN,Barium,1992-08-04T00:00,0.000,µg/m³,DICHOT,
70119,ELLEN,Barium,1992-08-10T00:00,0.000,µg/m³,DICHOT,
70119,ELLEN,Barium,1992-08-10T00:00,0.002,µg/m³,DICHOT,
70119,ELLEN,Barium,1992-08-16T00:00,0.000,µg/m³,DICHOT,
70119,ELLEN,Barium,1992-08-16T00:00,0.006,µg/m³,DICHOT,
70119,ELLEN,Barium,1992-08-22T00:00,0.000,µg/m³,DICHOT,
70119,ELLEN,Barium,1992-08-22T00:00,0.000,µg/m³,DICHOT,
70119,ELLEN,Barium,1992-08-28T00:00,0.000,µg/m³,DICHOT,
70119,ELLEN,Barium,1992-08-28T00:00,0.007,µg/m³,DICHOT,
70119,ELLEN,Barium,1992-09-03T00:00,0.000,µg/m³,DICHOT,
70119,ELLEN,Barium,1992-09-03T00:00,0.004,µg/m³,DICHOT,
70119,ELLEN,Barium,1992-09-09T00:00,0.000,µg/m³,DICHOT,
70119,ELLEN,Barium,1992-09-09T00:00,0.000,µg/m³,DICHOT,
70119,ELLEN,Barium,1992-09-15T00:00,0.010,µg/m³,DICHOT,
70119,ELLEN,Barium,1992-09-15T00:00,0.015,µg/m³,DICHOT,
70119,ELLEN,Barium,1992-09-21T00:00,0.000,µg/m³,DICHOT,
70119,ELLEN,Barium,1992-09-21T00:00,0.008,µg/m³,DICHOT,
70119,ELLEN,Barium,1992-09-27T00:00,0.004,µg/m³,DICHOT,
70119,ELLEN,Barium,1992-09-27T00:00,0.006,µg/m³,DICHOT,
70119,ELLEN,Barium,1992-10-03T00:00,0.005,µg/m³,DICHOT,
70119,ELLEN,Barium,1992-10-03T00:00,0.011,µg/m³,DICHOT,
70119,ELLEN,Barium,1992-10-09T00:00,0.000,µg/m³,DICHOT,
70119,ELLEN,Barium,1992-10-09T00:00,0.014,µg/m³,DICHOT,
70119,ELLEN,Barium,1992-10-15T00:00,0.000,µg/m³,DICHOT,
70119,ELLEN,Barium,1992-10-15T00:00,0.012,µg/m³,DICHOT,
70119,ELLEN,Barium,1992-10-27T00:00,0.000,µg/m³,DICHOT,
70119,ELLEN,Barium,1992-10-27T00:00,0.007,µg/m³,DICHOT,
70119,ELLEN,Barium,1992-11-02T00:00,0.000,µg/m³,DICHOT,
70119,ELLEN,Barium,1992-11-02T00:00,0.004,µg/m³,DICHOT,
70119,ELLEN,Barium,1992-11-14T00:00,0.000,µg/m³,DICHOT,
70119,ELLEN,Barium,1992-11-14T00:00,0.000,µg/m³,DICHOT,
70119,ELLEN,Barium,1992-11-20T00:00,0.000,µg/m³,DICHOT,
70119,ELLEN,Barium,1992-11-20T00:00,0.006,µg/m³,DICHOT,
70119,ELLEN,Barium,1992-11-26T00:00,0.000,µg/m³,DICHOT,
70119,ELLEN,Barium,1992-11-26T00:00,0.016,µg/m³,DICHOT,
70119,ELLEN,Barium,1992-12-02T00:00,0.000,µg/m³,DICHOT,
70119,ELLEN,Barium,1992-12-02T00:00,0.006,µg/m³,DICHOT,
70119,ELLEN,Barium,1992-12-08T00:00,0.000,µg/m³,DICHOT,
70119,ELLEN,Barium,1992-12-08T00:00,0.004,µg/m³,DICHOT,
70119,ELLEN,Barium,1992-12-14T00:00,0.007,µg/m³,DICHOT,
70119,ELLEN,Barium,1992-12-14T00:00,0.010,µg/m³,DICHOT,
