﻿NAPS_Site_ID,Station_Name,Pollutant,Date,Value,Units,Report_Type,Method
52601,VARENNES-CHEMIN DE LA BARONNIE,iso-Butylbenzene,1996-01-04T00:00,0.011,µg/m³,VOC,N/A
52601,VARENNES-CHEMIN DE LA BARONNIE,iso-Butylbenzene,1996-01-10T00:00,0.010,µg/m³,VOC,N/A
52601,VARENNES-CHEMIN DE LA BARONNIE,iso-Butylbenzene,1996-01-16T00:00,0.013,µg/m³,VOC,N/A
52601,VARENNES-CHEMIN DE LA BARONNIE,iso-Butylbenzene,1996-01-22T00:00,0.013,µg/m³,VOC,N/A
52601,VARENNES-CHEMIN DE LA BARONNIE,iso-Butylbenzene,1996-01-28T00:00,0.023,µg/m³,VOC,N/A
52601,VARENNES-CHEMIN DE LA BARONNIE,iso-Butylbenzene,1996-02-03T00:00,0.000,µg/m³,VOC,N/A
52601,VARENNES-CHEMIN DE LA BARONNIE,iso-Butylbenzene,1996-02-09T00:00,0.003,µg/m³,VOC,N/A
52601,VARENNES-CHEMIN DE LA BARONNIE,iso-Butylbenzene,1996-02-15T00:00,0.005,µg/m³,VOC,N/A
52601,VARENNES-CHEMIN DE LA BARONNIE,iso-Butylbenzene,1996-02-21T00:00,0.008,µg/m³,VOC,N/A
52601,VARENNES-CHEMIN DE LA BARONNIE,iso-Butylbenzene,1996-02-27T00:00,0.007,µg/m³,VOC,N/A
52601,VARENNES-CHEMIN DE LA BARONNIE,iso-Butylbenzene,1996-03-04T00:00,0.004,µg/m³,VOC,N/A
52601,VARENNES-CHEMIN DE LA BARONNIE,iso-Butylbenzene,1996-03-10T00:00,0.007,µg/m³,VOC,N/A
52601,VARENNES-CHEMIN DE LA BARONNIE,iso-Butylbenzene,1996-03-16T00:00,0.009,µg/m³,VOC,N/A
52601,VARENNES-CHEMIN DE LA BARONNIE,iso-Butylbenzene,1996-03-22T00:00,0.006,µg/m³,VOC,N/A
52601,VARENNES-CHEMIN DE LA BARONNIE,iso-Butylbenzene,1996-03-28T00:00,0.000,µg/m³,VOC,N/A
52601,VARENNES-CHEMIN DE LA BARONNIE,iso-Butylbenzene,1996-04-03T00:00,0.000,µg/m³,VOC,N/A
52601,VARENNES-CHEMIN DE LA BARONNIE,iso-Butylbenzene,1996-04-09T00:00,0.005,µg/m³,VOC,N/A
52601,VARENNES-CHEMIN DE LA BARONNIE,iso-Butylbenzene,1996-04-15T00:00,0.003,µg/m³,VOC,N/A
52601,VARENNES-CHEMIN DE LA BARONNIE,iso-Butylbenzene,1996-04-21T00:00,0.006,µg/m³,VOC,N/A
52601,VARENNES-CHEMIN DE LA BARONNIE,iso-Butylbenzene,1996-04-27T00:00,0.003,µg/m³,VOC,N/A
52601,VARENNES-CHEMIN DE LA BARONNIE,iso-Butylbenzene,1996-05-03T00:00,0.005,µg/m³,VOC,N/A
52601,VARENNES-CHEMIN DE LA BARONNIE,iso-Butylbenzene,1996-05-09T00:00,0.000,µg/m³,VOC,N/A
52601,VARENNES-CHEMIN DE LA BARONNIE,iso-Butylbenzene,1996-05-15T00:00,0.009,µg/m³,VOC,N/A
52601,VARENNES-CHEMIN DE LA BARONNIE,iso-Butylbenzene,1996-05-21T00:00,0.007,µg/m³,VOC,N/A
52601,VARENNES-CHEMIN DE LA BARONNIE,iso-Butylbenzene,1996-05-27T00:00,0.006,µg/m³,VOC,N/A
52601,VARENNES-CHEMIN DE LA BARONNIE,iso-Butylbenzene,1996-06-02T00:00,0.010,µg/m³,VOC,N/A
52601,VARENNES-CHEMIN DE LA BARONNIE,iso-Butylbenzene,1996-06-08T00:00,0.005,µg/m³,VOC,N/A
52601,VARENNES-CHEMIN DE LA BARONNIE,iso-Butylbenzene,1996-06-14T00:00,0.012,µg/m³,VOC,N/A
52601,VARENNES-CHEMIN DE LA BARONNIE,iso-Butylbenzene,1996-06-20T00:00,0.003,µg/m³,VOC,N/A
52601,VARENNES-CHEMIN DE LA BARONNIE,iso-Butylbenzene,1996-06-26T00:00,0.003,µg/m³,VOC,N/A
52601,VARENNES-CHEMIN DE LA BARONNIE,iso-Butylbenzene,1996-07-02T00:00,0.004,µg/m³,VOC,N/A
52601,VARENNES-CHEMIN DE LA BARONNIE,iso-Butylbenzene,1996-07-08T00:00,0.000,µg/m³,VOC,N/A
52601,VARENNES-CHEMIN DE LA BARONNIE,iso-Butylbenzene,1996-07-14T00:00,0.000,µg/m³,VOC,N/A
52601,VARENNES-CHEMIN DE LA BARONNIE,iso-Butylbenzene,1996-07-20T00:00,0.000,µg/m³,VOC,N/A
52601,VARENNES-CHEMIN DE LA BARONNIE,iso-Butylbenzene,1996-07-26T00:00,0.009,µg/m³,VOC,N/A
52601,VARENNES-CHEMIN DE LA BARONNIE,iso-Butylbenzene,1996-08-01T00:00,0.001,µg/m³,VOC,N/A
52601,VARENNES-CHEMIN DE LA BARONNIE,iso-Butylbenzene,1996-08-07T00:00,0.006,µg/m³,VOC,N/A
52601,VARENNES-CHEMIN DE LA BARONNIE,iso-Butylbenzene,1996-08-13T00:00,0.004,µg/m³,VOC,N/A
52601,VARENNES-CHEMIN DE LA BARONNIE,iso-Butylbenzene,1996-08-19T00:00,0.000,µg/m³,VOC,N/A
52601,VARENNES-CHEMIN DE LA BARONNIE,iso-Butylbenzene,1996-08-31T00:00,0.035,µg/m³,VOC,N/A
52601,VARENNES-CHEMIN DE LA BARONNIE,iso-Butylbenzene,1996-09-06T00:00,0.032,µg/m³,VOC,N/A
52601,VARENNES-CHEMIN DE LA BARONNIE,iso-Butylbenzene,1996-09-12T00:00,0.029,µg/m³,VOC,N/A
52601,VARENNES-CHEMIN DE LA BARONNIE,iso-Butylbenzene,1996-09-18T00:00,0.028,µg/m³,VOC,N/A
52601,VARENNES-CHEMIN DE LA BARONNIE,iso-Butylbenzene,1996-09-24T00:00,0.032,µg/m³,VOC,N/A
52601,VARENNES-CHEMIN DE LA BARONNIE,iso-Butylbenzene,1996-09-30T00:00,0.025,µg/m³,VOC,N/A
52601,VARENNES-CHEMIN DE LA BARONNIE,iso-Butylbenzene,1996-10-06T00:00,0.023,µg/m³,VOC,N/A
52601,VARENNES-CHEMIN DE LA BARONNIE,iso-Butylbenzene,1996-10-12T00:00,0.025,µg/m³,VOC,N/A
52601,VARENNES-CHEMIN DE LA BARONNIE,iso-Butylbenzene,1996-10-18T00:00,0.017,µg/m³,VOC,N/A
52601,VARENNES-CHEMIN DE LA BARONNIE,iso-Butylbenzene,1996-10-24T00:00,0.019,µg/m³,VOC,N/A
52601,VARENNES-CHEMIN DE LA BARONNIE,iso-Butylbenzene,1996-10-30T00:00,0.018,µg/m³,VOC,N/A
52601,VARENNES-CHEMIN DE LA BARONNIE,iso-Butylbenzene,1996-11-05T00:00,0.016,µg/m³,VOC,N/A
52601,VARENNES-CHEMIN DE LA BARONNIE,iso-Butylbenzene,1996-11-11T00:00,0.000,µg/m³,VOC,N/A
52601,VARENNES-CHEMIN DE LA BARONNIE,iso-Butylbenzene,1996-11-17T00:00,0.000,µg/m³,VOC,N/A
52601,VARENNES-CHEMIN DE LA BARONNIE,iso-Butylbenzene,1996-11-23T00:00,0.000,µg/m³,VOC,N/A
52601,VARENNES-CHEMIN DE LA BARONNIE,iso-Butylbenzene,1996-11-29T00:00,0.000,µg/m³,VOC,N/A
52601,VARENNES-CHEMIN DE LA BARONNIE,iso-Butylbenzene,1996-12-05T00:00,0.000,µg/m³,VOC,N/A
52601,VARENNES-CHEMIN DE LA BARONNIE,iso-Butylbenzene,1996-12-11T00:00,0.000,µg/m³,VOC,N/A
52601,VARENNES-CHEMIN DE LA BARONNIE,iso-Butylbenzene,1996-12-17T00:00,0.020,µg/m³,VOC,N/A
52601,VARENNES-CHEMIN DE LA BARONNIE,iso-Butylbenzene,1996-12-23T00:00,0.000,µg/m³,VOC,N/A
52601,VARENNES-CHEMIN DE LA BARONNIE,iso-Butylbenzene,1996-12-29T00:00,0.020,µg/m³,VOC,N/A
