﻿NAPS_Site_ID,Station_Name,Pollutant,Date,Value,Units,Report_Type,Method
100110,KENSINGTON PARK,Toluene,1997-01-04T00:00,4.520,µg/m³,VOC,GC-MS
100110,KENSINGTON PARK,Toluene,1997-02-09T00:00,6.640,µg/m³,VOC,GC-MS
100110,KENSINGTON PARK,Toluene,1997-03-23T00:00,5.260,µg/m³,VOC,GC-MS
100110,KENSINGTON PARK,Toluene,1997-05-04T00:00,2.852,µg/m³,VOC,GC-MS
100110,KENSINGTON PARK,Toluene,1997-06-09T00:00,5.685,µg/m³,VOC,GC-MS
100110,KENSINGTON PARK,Toluene,1997-07-15T00:00,8.408,µg/m³,VOC,GC-MS
100110,KENSINGTON PARK,Toluene,1997-08-20T00:00,10.913,µg/m³,VOC,GC-MS
100110,KENSINGTON PARK,Toluene,1997-10-01T00:00,4.754,µg/m³,VOC,GC-MS
100110,KENSINGTON PARK,Toluene,1997-12-12T00:00,13.020,µg/m³,VOC,GC-MS
