﻿NAPS_Site_ID,Station_Name,Pollutant,Date,Value,Units,Report_Type,Method
100112,DOWNTOWN VANCOUVER,"cis-1,3-Dichloropropene",2001-01-19T00:00,0.000,µg/m³,VOC,N/A
100112,DOWNTOWN VANCOUVER,"cis-1,3-Dichloropropene",2001-02-06T00:00,0.000,µg/m³,VOC,N/A
100112,DOWNTOWN VANCOUVER,"cis-1,3-Dichloropropene",2001-03-02T00:00,0.000,µg/m³,VOC,N/A
100112,DOWNTOWN VANCOUVER,"cis-1,3-Dichloropropene",2001-03-20T00:00,0.000,µg/m³,VOC,N/A
100112,DOWNTOWN VANCOUVER,"cis-1,3-Dichloropropene",2001-04-06T00:00,0.000,µg/m³,VOC,N/A
100112,DOWNTOWN VANCOUVER,"cis-1,3-Dichloropropene",2001-04-25T00:00,0.000,µg/m³,VOC,N/A
100112,DOWNTOWN VANCOUVER,"cis-1,3-Dichloropropene",2001-05-13T00:00,0.000,µg/m³,VOC,N/A
100112,DOWNTOWN VANCOUVER,"cis-1,3-Dichloropropene",2001-06-06T00:00,0.000,µg/m³,VOC,N/A
100112,DOWNTOWN VANCOUVER,"cis-1,3-Dichloropropene",2001-06-24T00:00,0.010,µg/m³,VOC,N/A
100112,DOWNTOWN VANCOUVER,"cis-1,3-Dichloropropene",2001-07-12T00:00,0.000,µg/m³,VOC,N/A
100112,DOWNTOWN VANCOUVER,"cis-1,3-Dichloropropene",2001-07-30T00:00,0.000,µg/m³,VOC,N/A
100112,DOWNTOWN VANCOUVER,"cis-1,3-Dichloropropene",2001-09-28T00:00,0.000,µg/m³,VOC,N/A
100112,DOWNTOWN VANCOUVER,"cis-1,3-Dichloropropene",2001-10-16T00:00,0.000,µg/m³,VOC,N/A
100112,DOWNTOWN VANCOUVER,"cis-1,3-Dichloropropene",2001-11-03T00:00,0.000,µg/m³,VOC,N/A
100112,DOWNTOWN VANCOUVER,"cis-1,3-Dichloropropene",2001-11-27T00:00,0.000,µg/m³,VOC,N/A
100112,DOWNTOWN VANCOUVER,"cis-1,3-Dichloropropene",2001-12-15T00:00,0.000,µg/m³,VOC,N/A
