﻿NAPS_Site_ID,Station_Name,Pollutant,Date,Value,Units,Report_Type,Method
60418,JUNCTION TRIANGLE,Ethylene,1991-01-18T00:00,2.267,µg/m³,VOC,
60418,JUNCTION TRIANGLE,Ethylene,1991-02-05T00:00,5.895,µg/m³,VOC,
60418,JUNCTION TRIANGLE,Ethylene,1991-02-11T00:00,2.083,µg/m³,VOC,
60418,JUNCTION TRIANGLE,Ethylene,1991-02-17T00:00,4.679,µg/m³,VOC,
60418,JUNCTION TRIANGLE,Ethylene,1991-02-23T00:00,3.477,µg/m³,VOC,
60418,JUNCTION TRIANGLE,Ethylene,1991-03-01T00:00,10.383,µg/m³,VOC,
60418,JUNCTION TRIANGLE,Ethylene,1991-03-07T00:00,1.947,µg/m³,VOC,
60418,JUNCTION TRIANGLE,Ethylene,1991-03-13T00:00,7.114,µg/m³,VOC,
60418,JUNCTION TRIANGLE,Ethylene,1991-03-19T00:00,3.305,µg/m³,VOC,
60418,JUNCTION TRIANGLE,Ethylene,1991-03-25T00:00,3.066,µg/m³,VOC,
60418,JUNCTION TRIANGLE,Ethylene,1991-03-31T00:00,1.596,µg/m³,VOC,
60418,JUNCTION TRIANGLE,Ethylene,1991-04-06T00:00,9.016,µg/m³,VOC,
60418,JUNCTION TRIANGLE,Ethylene,1991-04-12T00:00,3.927,µg/m³,VOC,
60418,JUNCTION TRIANGLE,Ethylene,1991-04-24T00:00,7.568,µg/m³,VOC,
60418,JUNCTION TRIANGLE,Ethylene,1991-04-30T00:00,5.493,µg/m³,VOC,
60418,JUNCTION TRIANGLE,Ethylene,1991-05-06T00:00,4.062,µg/m³,VOC,
60418,JUNCTION TRIANGLE,Ethylene,1991-05-12T00:00,3.348,µg/m³,VOC,
60418,JUNCTION TRIANGLE,Ethylene,1991-05-24T00:00,8.286,µg/m³,VOC,
60418,JUNCTION TRIANGLE,Ethylene,1991-05-30T00:00,5.815,µg/m³,VOC,
60418,JUNCTION TRIANGLE,Ethylene,1991-06-05T00:00,6.739,µg/m³,VOC,
60418,JUNCTION TRIANGLE,Ethylene,1991-06-11T00:00,6.983,µg/m³,VOC,
60418,JUNCTION TRIANGLE,Ethylene,1991-06-17T00:00,3.792,µg/m³,VOC,
60418,JUNCTION TRIANGLE,Ethylene,1991-06-23T00:00,2.898,µg/m³,VOC,
60418,JUNCTION TRIANGLE,Ethylene,1991-07-05T00:00,5.806,µg/m³,VOC,
60418,JUNCTION TRIANGLE,Ethylene,1991-07-11T00:00,5.128,µg/m³,VOC,
60418,JUNCTION TRIANGLE,Ethylene,1991-07-17T00:00,3.330,µg/m³,VOC,
60418,JUNCTION TRIANGLE,Ethylene,1991-07-29T00:00,3.465,µg/m³,VOC,
60418,JUNCTION TRIANGLE,Ethylene,1991-08-10T00:00,2.969,µg/m³,VOC,
60418,JUNCTION TRIANGLE,Ethylene,1991-08-16T00:00,7.676,µg/m³,VOC,
60418,JUNCTION TRIANGLE,Ethylene,1991-08-28T00:00,5.355,µg/m³,VOC,
