﻿NAPS_Site_ID,Station_Name,Pollutant,Date,Value,Units,Report_Type,Method
100121,SECOND NARROWS,Nonane,2009-01-01T00:00,0.069,µg/m³,VOC,N/A
100121,SECOND NARROWS,Nonane,2009-01-07T00:00,0.390,µg/m³,VOC,N/A
100121,SECOND NARROWS,Nonane,2009-01-13T00:00,0.359,µg/m³,VOC,N/A
100121,SECOND NARROWS,Nonane,2009-01-19T00:00,0.589,µg/m³,VOC,N/A
100121,SECOND NARROWS,Nonane,2009-01-31T00:00,0.184,µg/m³,VOC,N/A
100121,SECOND NARROWS,Nonane,2009-02-06T00:00,0.415,µg/m³,VOC,N/A
100121,SECOND NARROWS,Nonane,2009-02-12T00:00,0.237,µg/m³,VOC,N/A
100121,SECOND NARROWS,Nonane,2009-02-18T00:00,0.976,µg/m³,VOC,N/A
100121,SECOND NARROWS,Nonane,2009-03-08T00:00,0.131,µg/m³,VOC,N/A
100121,SECOND NARROWS,Nonane,2009-03-20T00:00,0.156,µg/m³,VOC,N/A
100121,SECOND NARROWS,Nonane,2009-03-26T00:00,0.345,µg/m³,VOC,N/A
100121,SECOND NARROWS,Nonane,2009-04-01T00:00,0.173,µg/m³,VOC,N/A
100121,SECOND NARROWS,Nonane,2009-04-07T00:00,0.189,µg/m³,VOC,N/A
100121,SECOND NARROWS,Nonane,2009-04-13T00:00,0.098,µg/m³,VOC,N/A
100121,SECOND NARROWS,Nonane,2009-04-19T00:00,0.083,µg/m³,VOC,N/A
100121,SECOND NARROWS,Nonane,2009-04-25T00:00,0.139,µg/m³,VOC,N/A
100121,SECOND NARROWS,Nonane,2009-05-01T00:00,0.276,µg/m³,VOC,N/A
100121,SECOND NARROWS,Nonane,2009-05-07T00:00,0.355,µg/m³,VOC,N/A
100121,SECOND NARROWS,Nonane,2009-05-13T00:00,0.150,µg/m³,VOC,N/A
100121,SECOND NARROWS,Nonane,2009-05-19T00:00,0.108,µg/m³,VOC,N/A
100121,SECOND NARROWS,Nonane,2009-05-25T00:00,0.230,µg/m³,VOC,N/A
100121,SECOND NARROWS,Nonane,2009-06-06T00:00,0.460,µg/m³,VOC,N/A
100121,SECOND NARROWS,Nonane,2009-06-12T00:00,0.272,µg/m³,VOC,N/A
100121,SECOND NARROWS,Nonane,2009-06-18T00:00,0.443,µg/m³,VOC,N/A
100121,SECOND NARROWS,Nonane,2009-06-24T00:00,0.548,µg/m³,VOC,N/A
100121,SECOND NARROWS,Nonane,2009-06-30T00:00,0.191,µg/m³,VOC,N/A
100121,SECOND NARROWS,Nonane,2009-07-06T00:00,0.456,µg/m³,VOC,N/A
100121,SECOND NARROWS,Nonane,2009-07-12T00:00,0.221,µg/m³,VOC,N/A
100121,SECOND NARROWS,Nonane,2009-07-24T00:00,0.313,µg/m³,VOC,N/A
100121,SECOND NARROWS,Nonane,2009-07-30T00:00,0.539,µg/m³,VOC,N/A
100121,SECOND NARROWS,Nonane,2009-08-05T00:00,0.211,µg/m³,VOC,N/A
100121,SECOND NARROWS,Nonane,2009-08-11T00:00,0.174,µg/m³,VOC,N/A
100121,SECOND NARROWS,Nonane,2009-08-17T00:00,0.210,µg/m³,VOC,N/A
100121,SECOND NARROWS,Nonane,2009-08-23T00:00,0.119,µg/m³,VOC,N/A
100121,SECOND NARROWS,Nonane,2009-08-29T00:00,0.287,µg/m³,VOC,N/A
100121,SECOND NARROWS,Nonane,2009-09-04T00:00,0.225,µg/m³,VOC,N/A
100121,SECOND NARROWS,Nonane,2009-09-10T00:00,0.254,µg/m³,VOC,N/A
100121,SECOND NARROWS,Nonane,2009-09-22T00:00,0.549,µg/m³,VOC,N/A
100121,SECOND NARROWS,Nonane,2009-09-28T00:00,0.412,µg/m³,VOC,N/A
100121,SECOND NARROWS,Nonane,2009-10-04T00:00,0.127,µg/m³,VOC,N/A
100121,SECOND NARROWS,Nonane,2009-10-10T00:00,0.116,µg/m³,VOC,N/A
100121,SECOND NARROWS,Nonane,2009-10-16T00:00,0.402,µg/m³,VOC,N/A
100121,SECOND NARROWS,Nonane,2009-10-22T00:00,0.284,µg/m³,VOC,N/A
100121,SECOND NARROWS,Nonane,2009-11-09T00:00,0.320,µg/m³,VOC,N/A
100121,SECOND NARROWS,Nonane,2009-11-15T00:00,0.161,µg/m³,VOC,N/A
100121,SECOND NARROWS,Nonane,2009-11-21T00:00,0.083,µg/m³,VOC,N/A
100121,SECOND NARROWS,Nonane,2009-11-27T00:00,0.195,µg/m³,VOC,N/A
100121,SECOND NARROWS,Nonane,2009-12-03T00:00,0.325,µg/m³,VOC,N/A
100121,SECOND NARROWS,Nonane,2009-12-09T00:00,0.243,µg/m³,VOC,N/A
100121,SECOND NARROWS,Nonane,2009-12-15T00:00,0.286,µg/m³,VOC,N/A
100121,SECOND NARROWS,Nonane,2009-12-27T00:00,0.233,µg/m³,VOC,N/A
