﻿NAPS_Site_ID,Station_Name,Pollutant,Date,Value,Units,Report_Type,Method
50103,MONTRÉAL-SAINT-JEAN-BAPTISTE,2-Methyl-2-Butene,1999-01-06T00:00,0.464,µg/m³,VOC,GC-MS
50103,MONTRÉAL-SAINT-JEAN-BAPTISTE,2-Methyl-2-Butene,1999-01-12T00:00,1.802,µg/m³,VOC,GC-MS
50103,MONTRÉAL-SAINT-JEAN-BAPTISTE,2-Methyl-2-Butene,1999-01-18T00:00,0.610,µg/m³,VOC,GC-MS
50103,MONTRÉAL-SAINT-JEAN-BAPTISTE,2-Methyl-2-Butene,1999-01-24T00:00,0.504,µg/m³,VOC,GC-MS
50103,MONTRÉAL-SAINT-JEAN-BAPTISTE,2-Methyl-2-Butene,1999-01-30T00:00,0.516,µg/m³,VOC,GC-MS
50103,MONTRÉAL-SAINT-JEAN-BAPTISTE,2-Methyl-2-Butene,1999-02-05T00:00,2.190,µg/m³,VOC,GC-MS
50103,MONTRÉAL-SAINT-JEAN-BAPTISTE,2-Methyl-2-Butene,1999-02-11T00:00,0.420,µg/m³,VOC,GC-MS
50103,MONTRÉAL-SAINT-JEAN-BAPTISTE,2-Methyl-2-Butene,1999-02-17T00:00,0.280,µg/m³,VOC,GC-MS
50103,MONTRÉAL-SAINT-JEAN-BAPTISTE,2-Methyl-2-Butene,1999-02-23T00:00,0.490,µg/m³,VOC,GC-MS
50103,MONTRÉAL-SAINT-JEAN-BAPTISTE,2-Methyl-2-Butene,1999-03-01T00:00,0.590,µg/m³,VOC,GC-MS
50103,MONTRÉAL-SAINT-JEAN-BAPTISTE,2-Methyl-2-Butene,1999-03-07T00:00,0.100,µg/m³,VOC,GC-MS
50103,MONTRÉAL-SAINT-JEAN-BAPTISTE,2-Methyl-2-Butene,1999-03-13T00:00,0.820,µg/m³,VOC,GC-MS
50103,MONTRÉAL-SAINT-JEAN-BAPTISTE,2-Methyl-2-Butene,1999-03-19T00:00,0.540,µg/m³,VOC,GC-MS
50103,MONTRÉAL-SAINT-JEAN-BAPTISTE,2-Methyl-2-Butene,1999-03-25T00:00,1.060,µg/m³,VOC,GC-MS
50103,MONTRÉAL-SAINT-JEAN-BAPTISTE,2-Methyl-2-Butene,1999-03-31T00:00,1.260,µg/m³,VOC,GC-MS
50103,MONTRÉAL-SAINT-JEAN-BAPTISTE,2-Methyl-2-Butene,1999-04-06T00:00,1.090,µg/m³,VOC,GC-MS
50103,MONTRÉAL-SAINT-JEAN-BAPTISTE,2-Methyl-2-Butene,1999-04-12T00:00,0.230,µg/m³,VOC,GC-MS
50103,MONTRÉAL-SAINT-JEAN-BAPTISTE,2-Methyl-2-Butene,1999-04-18T00:00,1.100,µg/m³,VOC,GC-MS
50103,MONTRÉAL-SAINT-JEAN-BAPTISTE,2-Methyl-2-Butene,1999-04-24T00:00,0.230,µg/m³,VOC,GC-MS
50103,MONTRÉAL-SAINT-JEAN-BAPTISTE,2-Methyl-2-Butene,1999-04-30T00:00,0.630,µg/m³,VOC,GC-MS
50103,MONTRÉAL-SAINT-JEAN-BAPTISTE,2-Methyl-2-Butene,1999-05-06T00:00,0.550,µg/m³,VOC,GC-MS
50103,MONTRÉAL-SAINT-JEAN-BAPTISTE,2-Methyl-2-Butene,1999-05-12T00:00,0.240,µg/m³,VOC,GC-MS
50103,MONTRÉAL-SAINT-JEAN-BAPTISTE,2-Methyl-2-Butene,1999-05-18T00:00,0.220,µg/m³,VOC,GC-MS
50103,MONTRÉAL-SAINT-JEAN-BAPTISTE,2-Methyl-2-Butene,1999-05-24T00:00,0.250,µg/m³,VOC,GC-MS
50103,MONTRÉAL-SAINT-JEAN-BAPTISTE,2-Methyl-2-Butene,1999-05-30T00:00,1.260,µg/m³,VOC,GC-MS
50103,MONTRÉAL-SAINT-JEAN-BAPTISTE,2-Methyl-2-Butene,1999-06-05T00:00,1.680,µg/m³,VOC,GC-MS
50103,MONTRÉAL-SAINT-JEAN-BAPTISTE,2-Methyl-2-Butene,1999-06-12T00:00,0.440,µg/m³,VOC,GC-MS
50103,MONTRÉAL-SAINT-JEAN-BAPTISTE,2-Methyl-2-Butene,1999-06-17T00:00,1.559,µg/m³,VOC,GC-MS
50103,MONTRÉAL-SAINT-JEAN-BAPTISTE,2-Methyl-2-Butene,1999-06-23T00:00,2.034,µg/m³,VOC,GC-MS
50103,MONTRÉAL-SAINT-JEAN-BAPTISTE,2-Methyl-2-Butene,1999-06-29T00:00,2.084,µg/m³,VOC,GC-MS
50103,MONTRÉAL-SAINT-JEAN-BAPTISTE,2-Methyl-2-Butene,1999-07-05T00:00,1.813,µg/m³,VOC,GC-MS
50103,MONTRÉAL-SAINT-JEAN-BAPTISTE,2-Methyl-2-Butene,1999-07-11T00:00,4.560,µg/m³,VOC,GC-MS
50103,MONTRÉAL-SAINT-JEAN-BAPTISTE,2-Methyl-2-Butene,1999-07-17T00:00,2.490,µg/m³,VOC,GC-MS
50103,MONTRÉAL-SAINT-JEAN-BAPTISTE,2-Methyl-2-Butene,1999-07-23T00:00,2.840,µg/m³,VOC,GC-MS
50103,MONTRÉAL-SAINT-JEAN-BAPTISTE,2-Methyl-2-Butene,1999-07-29T00:00,1.110,µg/m³,VOC,GC-MS
50103,MONTRÉAL-SAINT-JEAN-BAPTISTE,2-Methyl-2-Butene,1999-08-04T00:00,1.500,µg/m³,VOC,GC-MS
50103,MONTRÉAL-SAINT-JEAN-BAPTISTE,2-Methyl-2-Butene,1999-08-10T00:00,3.760,µg/m³,VOC,GC-MS
50103,MONTRÉAL-SAINT-JEAN-BAPTISTE,2-Methyl-2-Butene,1999-08-16T00:00,5.260,µg/m³,VOC,GC-MS
50103,MONTRÉAL-SAINT-JEAN-BAPTISTE,2-Methyl-2-Butene,1999-08-22T00:00,6.270,µg/m³,VOC,GC-MS
50103,MONTRÉAL-SAINT-JEAN-BAPTISTE,2-Methyl-2-Butene,1999-08-28T00:00,1.440,µg/m³,VOC,GC-MS
50103,MONTRÉAL-SAINT-JEAN-BAPTISTE,2-Methyl-2-Butene,1999-09-03T00:00,3.940,µg/m³,VOC,GC-MS
50103,MONTRÉAL-SAINT-JEAN-BAPTISTE,2-Methyl-2-Butene,1999-09-09T00:00,1.860,µg/m³,VOC,GC-MS
50103,MONTRÉAL-SAINT-JEAN-BAPTISTE,2-Methyl-2-Butene,1999-09-15T00:00,3.370,µg/m³,VOC,GC-MS
50103,MONTRÉAL-SAINT-JEAN-BAPTISTE,2-Methyl-2-Butene,1999-09-21T00:00,0.690,µg/m³,VOC,GC-MS
50103,MONTRÉAL-SAINT-JEAN-BAPTISTE,2-Methyl-2-Butene,1999-09-27T00:00,1.060,µg/m³,VOC,GC-MS
50103,MONTRÉAL-SAINT-JEAN-BAPTISTE,2-Methyl-2-Butene,1999-10-03T00:00,1.680,µg/m³,VOC,GC-MS
50103,MONTRÉAL-SAINT-JEAN-BAPTISTE,2-Methyl-2-Butene,1999-10-09T00:00,2.030,µg/m³,VOC,GC-MS
50103,MONTRÉAL-SAINT-JEAN-BAPTISTE,2-Methyl-2-Butene,1999-10-15T00:00,1.910,µg/m³,VOC,GC-MS
50103,MONTRÉAL-SAINT-JEAN-BAPTISTE,2-Methyl-2-Butene,1999-10-21T00:00,1.960,µg/m³,VOC,GC-MS
50103,MONTRÉAL-SAINT-JEAN-BAPTISTE,2-Methyl-2-Butene,1999-10-27T00:00,1.970,µg/m³,VOC,GC-MS
50103,MONTRÉAL-SAINT-JEAN-BAPTISTE,2-Methyl-2-Butene,1999-11-02T00:00,0.330,µg/m³,VOC,GC-MS
50103,MONTRÉAL-SAINT-JEAN-BAPTISTE,2-Methyl-2-Butene,1999-11-08T00:00,5.910,µg/m³,VOC,GC-MS
50103,MONTRÉAL-SAINT-JEAN-BAPTISTE,2-Methyl-2-Butene,1999-11-14T00:00,1.030,µg/m³,VOC,GC-MS
50103,MONTRÉAL-SAINT-JEAN-BAPTISTE,2-Methyl-2-Butene,1999-11-20T00:00,1.610,µg/m³,VOC,GC-MS
50103,MONTRÉAL-SAINT-JEAN-BAPTISTE,2-Methyl-2-Butene,1999-11-26T00:00,0.400,µg/m³,VOC,GC-MS
50103,MONTRÉAL-SAINT-JEAN-BAPTISTE,2-Methyl-2-Butene,1999-12-02T00:00,2.710,µg/m³,VOC,GC-MS
50103,MONTRÉAL-SAINT-JEAN-BAPTISTE,2-Methyl-2-Butene,1999-12-08T00:00,1.270,µg/m³,VOC,GC-MS
50103,MONTRÉAL-SAINT-JEAN-BAPTISTE,2-Methyl-2-Butene,1999-12-14T00:00,0.230,µg/m³,VOC,GC-MS
