﻿NAPS_Site_ID,Station_Name,Pollutant,Date,Value,Units,Report_Type,Method
61004,CENTENNIAL PARK _SARNIA_,Carbontetrachloride,2010-01-02T00:00,0.515,µg/m³,VOC,
61004,CENTENNIAL PARK _SARNIA_,Carbontetrachloride,2010-01-08T00:00,0.510,µg/m³,VOC,
61004,CENTENNIAL PARK _SARNIA_,Carbontetrachloride,2010-01-14T00:00,0.490,µg/m³,VOC,
61004,CENTENNIAL PARK _SARNIA_,Carbontetrachloride,2010-01-20T00:00,0.516,µg/m³,VOC,
61004,CENTENNIAL PARK _SARNIA_,Carbontetrachloride,2010-01-26T00:00,0.514,µg/m³,VOC,
61004,CENTENNIAL PARK _SARNIA_,Carbontetrachloride,2010-02-07T00:00,0.567,µg/m³,VOC,
61004,CENTENNIAL PARK _SARNIA_,Carbontetrachloride,2010-02-13T00:00,0.539,µg/m³,VOC,
61004,CENTENNIAL PARK _SARNIA_,Carbontetrachloride,2010-02-19T00:00,0.527,µg/m³,VOC,
61004,CENTENNIAL PARK _SARNIA_,Carbontetrachloride,2010-02-25T00:00,0.529,µg/m³,VOC,
61004,CENTENNIAL PARK _SARNIA_,Carbontetrachloride,2010-03-03T00:00,0.524,µg/m³,VOC,
61004,CENTENNIAL PARK _SARNIA_,Carbontetrachloride,2010-03-09T00:00,0.501,µg/m³,VOC,
61004,CENTENNIAL PARK _SARNIA_,Carbontetrachloride,2010-03-15T00:00,0.543,µg/m³,VOC,
61004,CENTENNIAL PARK _SARNIA_,Carbontetrachloride,2010-03-21T00:00,0.527,µg/m³,VOC,
61004,CENTENNIAL PARK _SARNIA_,Carbontetrachloride,2010-03-27T00:00,0.501,µg/m³,VOC,
61004,CENTENNIAL PARK _SARNIA_,Carbontetrachloride,2010-04-02T00:00,0.553,µg/m³,VOC,
61004,CENTENNIAL PARK _SARNIA_,Carbontetrachloride,2010-04-08T00:00,0.512,µg/m³,VOC,
61004,CENTENNIAL PARK _SARNIA_,Carbontetrachloride,2010-04-14T00:00,0.563,µg/m³,VOC,
61004,CENTENNIAL PARK _SARNIA_,Carbontetrachloride,2010-04-20T00:00,0.577,µg/m³,VOC,
61004,CENTENNIAL PARK _SARNIA_,Carbontetrachloride,2010-04-26T00:00,0.595,µg/m³,VOC,
61004,CENTENNIAL PARK _SARNIA_,Carbontetrachloride,2010-05-02T00:00,0.569,µg/m³,VOC,
61004,CENTENNIAL PARK _SARNIA_,Carbontetrachloride,2010-05-08T00:00,0.546,µg/m³,VOC,
61004,CENTENNIAL PARK _SARNIA_,Carbontetrachloride,2010-05-14T00:00,0.564,µg/m³,VOC,
61004,CENTENNIAL PARK _SARNIA_,Carbontetrachloride,2010-05-20T00:00,0.519,µg/m³,VOC,
61004,CENTENNIAL PARK _SARNIA_,Carbontetrachloride,2010-05-26T00:00,0.548,µg/m³,VOC,
61004,CENTENNIAL PARK _SARNIA_,Carbontetrachloride,2010-06-01T00:00,0.573,µg/m³,VOC,
61004,CENTENNIAL PARK _SARNIA_,Carbontetrachloride,2010-06-07T00:00,0.541,µg/m³,VOC,
61004,CENTENNIAL PARK _SARNIA_,Carbontetrachloride,2010-06-13T00:00,0.548,µg/m³,VOC,
61004,CENTENNIAL PARK _SARNIA_,Carbontetrachloride,2010-06-19T00:00,0.550,µg/m³,VOC,
61004,CENTENNIAL PARK _SARNIA_,Carbontetrachloride,2010-06-25T00:00,0.541,µg/m³,VOC,
61004,CENTENNIAL PARK _SARNIA_,Carbontetrachloride,2010-07-01T00:00,0.553,µg/m³,VOC,
61004,CENTENNIAL PARK _SARNIA_,Carbontetrachloride,2010-07-07T00:00,0.483,µg/m³,VOC,
61004,CENTENNIAL PARK _SARNIA_,Carbontetrachloride,2010-07-13T00:00,0.547,µg/m³,VOC,
61004,CENTENNIAL PARK _SARNIA_,Carbontetrachloride,2010-07-19T00:00,0.525,µg/m³,VOC,
61004,CENTENNIAL PARK _SARNIA_,Carbontetrachloride,2010-07-25T00:00,0.493,µg/m³,VOC,
61004,CENTENNIAL PARK _SARNIA_,Carbontetrachloride,2010-07-31T00:00,0.574,µg/m³,VOC,
61004,CENTENNIAL PARK _SARNIA_,Carbontetrachloride,2010-08-06T00:00,0.537,µg/m³,VOC,
61004,CENTENNIAL PARK _SARNIA_,Carbontetrachloride,2010-08-12T00:00,0.528,µg/m³,VOC,
61004,CENTENNIAL PARK _SARNIA_,Carbontetrachloride,2010-08-18T00:00,0.573,µg/m³,VOC,
61004,CENTENNIAL PARK _SARNIA_,Carbontetrachloride,2010-08-24T00:00,0.535,µg/m³,VOC,
61004,CENTENNIAL PARK _SARNIA_,Carbontetrachloride,2010-08-30T00:00,0.620,µg/m³,VOC,
61004,CENTENNIAL PARK _SARNIA_,Carbontetrachloride,2010-09-05T00:00,0.540,µg/m³,VOC,
61004,CENTENNIAL PARK _SARNIA_,Carbontetrachloride,2010-09-11T00:00,0.547,µg/m³,VOC,
61004,CENTENNIAL PARK _SARNIA_,Carbontetrachloride,2010-09-17T00:00,0.554,µg/m³,VOC,
61004,CENTENNIAL PARK _SARNIA_,Carbontetrachloride,2010-09-23T00:00,0.542,µg/m³,VOC,
61004,CENTENNIAL PARK _SARNIA_,Carbontetrachloride,2010-09-29T00:00,0.665,µg/m³,VOC,
61004,CENTENNIAL PARK _SARNIA_,Carbontetrachloride,2010-10-05T00:00,0.545,µg/m³,VOC,
61004,CENTENNIAL PARK _SARNIA_,Carbontetrachloride,2010-10-11T00:00,0.496,µg/m³,VOC,
61004,CENTENNIAL PARK _SARNIA_,Carbontetrachloride,2010-10-17T00:00,0.472,µg/m³,VOC,
61004,CENTENNIAL PARK _SARNIA_,Carbontetrachloride,2010-10-23T00:00,0.479,µg/m³,VOC,
61004,CENTENNIAL PARK _SARNIA_,Carbontetrachloride,2010-10-29T00:00,0.476,µg/m³,VOC,
61004,CENTENNIAL PARK _SARNIA_,Carbontetrachloride,2010-11-04T00:00,0.549,µg/m³,VOC,
61004,CENTENNIAL PARK _SARNIA_,Carbontetrachloride,2010-11-10T00:00,0.561,µg/m³,VOC,
61004,CENTENNIAL PARK _SARNIA_,Carbontetrachloride,2010-11-16T00:00,0.546,µg/m³,VOC,
61004,CENTENNIAL PARK _SARNIA_,Carbontetrachloride,2010-11-22T00:00,0.579,µg/m³,VOC,
61004,CENTENNIAL PARK _SARNIA_,Carbontetrachloride,2010-11-28T00:00,0.518,µg/m³,VOC,
61004,CENTENNIAL PARK _SARNIA_,Carbontetrachloride,2010-12-04T00:00,0.545,µg/m³,VOC,
61004,CENTENNIAL PARK _SARNIA_,Carbontetrachloride,2010-12-10T00:00,0.538,µg/m³,VOC,
61004,CENTENNIAL PARK _SARNIA_,Carbontetrachloride,2010-12-16T00:00,0.524,µg/m³,VOC,
61004,CENTENNIAL PARK _SARNIA_,Carbontetrachloride,2010-12-22T00:00,0.562,µg/m³,VOC,
61004,CENTENNIAL PARK _SARNIA_,Carbontetrachloride,2010-12-28T00:00,0.596,µg/m³,VOC,
