﻿NAPS_Site_ID,Station_Name,Pollutant,Date,Value,Units,Report_Type,Method
10102,WATER STREET POST OFFICE,"1,2,4-Trimethylbenzene",2013-01-04T00:00,0.090,µg/m³,VOC,GC-MS
10102,WATER STREET POST OFFICE,"1,2,4-Trimethylbenzene",2013-01-10T00:00,0.200,µg/m³,VOC,GC-MS
10102,WATER STREET POST OFFICE,"1,2,4-Trimethylbenzene",2013-01-16T00:00,0.089,µg/m³,VOC,GC-MS
10102,WATER STREET POST OFFICE,"1,2,4-Trimethylbenzene",2013-01-22T00:00,0.135,µg/m³,VOC,GC-MS
10102,WATER STREET POST OFFICE,"1,2,4-Trimethylbenzene",2013-01-28T00:00,0.003,µg/m³,VOC,GC-MS
10102,WATER STREET POST OFFICE,"1,2,4-Trimethylbenzene",2013-02-03T00:00,0.076,µg/m³,VOC,GC-MS
10102,WATER STREET POST OFFICE,"1,2,4-Trimethylbenzene",2013-02-09T00:00,0.100,µg/m³,VOC,GC-MS
10102,WATER STREET POST OFFICE,"1,2,4-Trimethylbenzene",2013-02-15T00:00,0.102,µg/m³,VOC,GC-MS
10102,WATER STREET POST OFFICE,"1,2,4-Trimethylbenzene",2013-02-21T00:00,0.210,µg/m³,VOC,GC-MS
10102,WATER STREET POST OFFICE,"1,2,4-Trimethylbenzene",2013-02-27T00:00,0.073,µg/m³,VOC,GC-MS
10102,WATER STREET POST OFFICE,"1,2,4-Trimethylbenzene",2013-03-05T00:00,0.213,µg/m³,VOC,GC-MS
10102,WATER STREET POST OFFICE,"1,2,4-Trimethylbenzene",2013-03-11T00:00,0.370,µg/m³,VOC,GC-MS
10102,WATER STREET POST OFFICE,"1,2,4-Trimethylbenzene",2013-03-17T00:00,0.065,µg/m³,VOC,GC-MS
10102,WATER STREET POST OFFICE,"1,2,4-Trimethylbenzene",2013-03-23T00:00,0.152,µg/m³,VOC,GC-MS
10102,WATER STREET POST OFFICE,"1,2,4-Trimethylbenzene",2013-03-29T00:00,0.079,µg/m³,VOC,GC-MS
10102,WATER STREET POST OFFICE,"1,2,4-Trimethylbenzene",2013-04-04T00:00,0.105,µg/m³,VOC,GC-MS
10102,WATER STREET POST OFFICE,"1,2,4-Trimethylbenzene",2013-04-10T00:00,0.128,µg/m³,VOC,GC-MS
10102,WATER STREET POST OFFICE,"1,2,4-Trimethylbenzene",2013-04-16T00:00,0.058,µg/m³,VOC,GC-MS
10102,WATER STREET POST OFFICE,"1,2,4-Trimethylbenzene",2013-04-22T00:00,0.105,µg/m³,VOC,GC-MS
10102,WATER STREET POST OFFICE,"1,2,4-Trimethylbenzene",2013-04-28T00:00,0.233,µg/m³,VOC,GC-MS
10102,WATER STREET POST OFFICE,"1,2,4-Trimethylbenzene",2013-05-10T00:00,0.070,µg/m³,VOC,GC-MS
10102,WATER STREET POST OFFICE,"1,2,4-Trimethylbenzene",2013-05-16T00:00,0.140,µg/m³,VOC,GC-MS
10102,WATER STREET POST OFFICE,"1,2,4-Trimethylbenzene",2013-05-22T00:00,0.214,µg/m³,VOC,GC-MS
10102,WATER STREET POST OFFICE,"1,2,4-Trimethylbenzene",2013-05-28T00:00,0.178,µg/m³,VOC,GC-MS
10102,WATER STREET POST OFFICE,"1,2,4-Trimethylbenzene",2013-06-03T00:00,0.132,µg/m³,VOC,GC-MS
10102,WATER STREET POST OFFICE,"1,2,4-Trimethylbenzene",2013-06-09T00:00,0.122,µg/m³,VOC,GC-MS
10102,WATER STREET POST OFFICE,"1,2,4-Trimethylbenzene",2013-06-15T00:00,0.289,µg/m³,VOC,GC-MS
10102,WATER STREET POST OFFICE,"1,2,4-Trimethylbenzene",2013-06-21T00:00,0.090,µg/m³,VOC,GC-MS
10102,WATER STREET POST OFFICE,"1,2,4-Trimethylbenzene",2013-06-27T00:00,0.386,µg/m³,VOC,GC-MS
10102,WATER STREET POST OFFICE,"1,2,4-Trimethylbenzene",2013-07-03T00:00,0.147,µg/m³,VOC,GC-MS
10102,WATER STREET POST OFFICE,"1,2,4-Trimethylbenzene",2013-07-09T00:00,0.368,µg/m³,VOC,GC-MS
10102,WATER STREET POST OFFICE,"1,2,4-Trimethylbenzene",2013-07-15T00:00,0.219,µg/m³,VOC,GC-MS
10102,WATER STREET POST OFFICE,"1,2,4-Trimethylbenzene",2013-07-21T00:00,0.143,µg/m³,VOC,GC-MS
10102,WATER STREET POST OFFICE,"1,2,4-Trimethylbenzene",2013-07-27T00:00,0.128,µg/m³,VOC,GC-MS
10102,WATER STREET POST OFFICE,"1,2,4-Trimethylbenzene",2013-08-02T00:00,0.414,µg/m³,VOC,GC-MS
10102,WATER STREET POST OFFICE,"1,2,4-Trimethylbenzene",2013-08-08T00:00,0.204,µg/m³,VOC,GC-MS
10102,WATER STREET POST OFFICE,"1,2,4-Trimethylbenzene",2013-08-14T00:00,0.209,µg/m³,VOC,GC-MS
10102,WATER STREET POST OFFICE,"1,2,4-Trimethylbenzene",2013-08-20T00:00,0.458,µg/m³,VOC,GC-MS
10102,WATER STREET POST OFFICE,"1,2,4-Trimethylbenzene",2013-08-26T00:00,0.136,µg/m³,VOC,GC-MS
10102,WATER STREET POST OFFICE,"1,2,4-Trimethylbenzene",2013-09-01T00:00,0.183,µg/m³,VOC,GC-MS
10102,WATER STREET POST OFFICE,"1,2,4-Trimethylbenzene",2013-09-07T00:00,0.104,µg/m³,VOC,GC-MS
10102,WATER STREET POST OFFICE,"1,2,4-Trimethylbenzene",2013-09-13T00:00,0.072,µg/m³,VOC,GC-MS
10102,WATER STREET POST OFFICE,"1,2,4-Trimethylbenzene",2013-09-19T00:00,0.570,µg/m³,VOC,GC-MS
10102,WATER STREET POST OFFICE,"1,2,4-Trimethylbenzene",2013-09-25T00:00,0.301,µg/m³,VOC,GC-MS
10102,WATER STREET POST OFFICE,"1,2,4-Trimethylbenzene",2013-10-01T00:00,0.956,µg/m³,VOC,GC-MS
10102,WATER STREET POST OFFICE,"1,2,4-Trimethylbenzene",2013-10-07T00:00,0.530,µg/m³,VOC,GC-MS
10102,WATER STREET POST OFFICE,"1,2,4-Trimethylbenzene",2013-10-13T00:00,0.118,µg/m³,VOC,GC-MS
10102,WATER STREET POST OFFICE,"1,2,4-Trimethylbenzene",2013-10-19T00:00,0.187,µg/m³,VOC,GC-MS
10102,WATER STREET POST OFFICE,"1,2,4-Trimethylbenzene",2013-10-25T00:00,0.142,µg/m³,VOC,GC-MS
10102,WATER STREET POST OFFICE,"1,2,4-Trimethylbenzene",2013-10-31T00:00,0.141,µg/m³,VOC,GC-MS
10102,WATER STREET POST OFFICE,"1,2,4-Trimethylbenzene",2013-11-06T00:00,0.177,µg/m³,VOC,GC-MS
10102,WATER STREET POST OFFICE,"1,2,4-Trimethylbenzene",2013-11-12T00:00,0.098,µg/m³,VOC,GC-MS
10102,WATER STREET POST OFFICE,"1,2,4-Trimethylbenzene",2013-11-18T00:00,0.218,µg/m³,VOC,GC-MS
10102,WATER STREET POST OFFICE,"1,2,4-Trimethylbenzene",2013-11-24T00:00,0.043,µg/m³,VOC,GC-MS
10102,WATER STREET POST OFFICE,"1,2,4-Trimethylbenzene",2013-11-30T00:00,0.557,µg/m³,VOC,GC-MS
10102,WATER STREET POST OFFICE,"1,2,4-Trimethylbenzene",2013-12-06T00:00,0.067,µg/m³,VOC,GC-MS
10102,WATER STREET POST OFFICE,"1,2,4-Trimethylbenzene",2013-12-12T00:00,0.107,µg/m³,VOC,GC-MS
10102,WATER STREET POST OFFICE,"1,2,4-Trimethylbenzene",2013-12-18T00:00,0.105,µg/m³,VOC,GC-MS
10102,WATER STREET POST OFFICE,"1,2,4-Trimethylbenzene",2013-12-24T00:00,0.084,µg/m³,VOC,GC-MS
10102,WATER STREET POST OFFICE,"1,2,4-Trimethylbenzene",2013-12-30T00:00,0.072,µg/m³,VOC,GC-MS
