﻿NAPS_Site_ID,Station_Name,Pollutant,Date,Value,Units,Report_Type,Method
40208,CHAMPLAIN HEIGHTS SCHOOL,3-Methylhexane,2005-01-28T00:00,0.282,µg/m³,VOC,GC-MS
40208,CHAMPLAIN HEIGHTS SCHOOL,3-Methylhexane,2005-02-03T00:00,0.161,µg/m³,VOC,GC-MS
40208,CHAMPLAIN HEIGHTS SCHOOL,3-Methylhexane,2005-02-09T00:00,0.317,µg/m³,VOC,GC-MS
40208,CHAMPLAIN HEIGHTS SCHOOL,3-Methylhexane,2005-02-15T00:00,1.762,µg/m³,VOC,GC-MS
40208,CHAMPLAIN HEIGHTS SCHOOL,3-Methylhexane,2005-02-21T00:00,0.063,µg/m³,VOC,GC-MS
40208,CHAMPLAIN HEIGHTS SCHOOL,3-Methylhexane,2005-02-27T00:00,1.711,µg/m³,VOC,GC-MS
40208,CHAMPLAIN HEIGHTS SCHOOL,3-Methylhexane,2005-03-05T00:00,11.417,µg/m³,VOC,GC-MS
40208,CHAMPLAIN HEIGHTS SCHOOL,3-Methylhexane,2005-03-11T00:00,1.100,µg/m³,VOC,GC-MS
40208,CHAMPLAIN HEIGHTS SCHOOL,3-Methylhexane,2005-03-17T00:00,1.451,µg/m³,VOC,GC-MS
40208,CHAMPLAIN HEIGHTS SCHOOL,3-Methylhexane,2005-03-23T00:00,1.454,µg/m³,VOC,GC-MS
40208,CHAMPLAIN HEIGHTS SCHOOL,3-Methylhexane,2005-03-29T00:00,0.030,µg/m³,VOC,GC-MS
40208,CHAMPLAIN HEIGHTS SCHOOL,3-Methylhexane,2005-04-04T00:00,1.456,µg/m³,VOC,GC-MS
40208,CHAMPLAIN HEIGHTS SCHOOL,3-Methylhexane,2005-04-10T00:00,1.416,µg/m³,VOC,GC-MS
40208,CHAMPLAIN HEIGHTS SCHOOL,3-Methylhexane,2005-04-16T00:00,1.323,µg/m³,VOC,GC-MS
40208,CHAMPLAIN HEIGHTS SCHOOL,3-Methylhexane,2005-04-22T00:00,3.985,µg/m³,VOC,GC-MS
40208,CHAMPLAIN HEIGHTS SCHOOL,3-Methylhexane,2005-04-28T00:00,0.120,µg/m³,VOC,GC-MS
40208,CHAMPLAIN HEIGHTS SCHOOL,3-Methylhexane,2005-05-04T00:00,2.341,µg/m³,VOC,GC-MS
40208,CHAMPLAIN HEIGHTS SCHOOL,3-Methylhexane,2005-05-10T00:00,0.393,µg/m³,VOC,GC-MS
40208,CHAMPLAIN HEIGHTS SCHOOL,3-Methylhexane,2005-05-16T00:00,0.000,µg/m³,VOC,GC-MS
40208,CHAMPLAIN HEIGHTS SCHOOL,3-Methylhexane,2005-05-22T00:00,0.000,µg/m³,VOC,GC-MS
40208,CHAMPLAIN HEIGHTS SCHOOL,3-Methylhexane,2005-05-28T00:00,0.191,µg/m³,VOC,GC-MS
40208,CHAMPLAIN HEIGHTS SCHOOL,3-Methylhexane,2005-06-03T00:00,3.548,µg/m³,VOC,GC-MS
40208,CHAMPLAIN HEIGHTS SCHOOL,3-Methylhexane,2005-06-09T00:00,2.857,µg/m³,VOC,GC-MS
40208,CHAMPLAIN HEIGHTS SCHOOL,3-Methylhexane,2005-06-15T00:00,0.068,µg/m³,VOC,GC-MS
40208,CHAMPLAIN HEIGHTS SCHOOL,3-Methylhexane,2005-06-21T00:00,6.631,µg/m³,VOC,GC-MS
40208,CHAMPLAIN HEIGHTS SCHOOL,3-Methylhexane,2005-06-27T00:00,2.130,µg/m³,VOC,GC-MS
40208,CHAMPLAIN HEIGHTS SCHOOL,3-Methylhexane,2005-07-03T00:00,2.482,µg/m³,VOC,GC-MS
40208,CHAMPLAIN HEIGHTS SCHOOL,3-Methylhexane,2005-07-09T00:00,0.717,µg/m³,VOC,GC-MS
40208,CHAMPLAIN HEIGHTS SCHOOL,3-Methylhexane,2005-07-15T00:00,3.401,µg/m³,VOC,GC-MS
40208,CHAMPLAIN HEIGHTS SCHOOL,3-Methylhexane,2005-07-21T00:00,2.794,µg/m³,VOC,GC-MS
40208,CHAMPLAIN HEIGHTS SCHOOL,3-Methylhexane,2005-07-27T00:00,2.905,µg/m³,VOC,GC-MS
40208,CHAMPLAIN HEIGHTS SCHOOL,3-Methylhexane,2005-08-02T00:00,3.303,µg/m³,VOC,GC-MS
40208,CHAMPLAIN HEIGHTS SCHOOL,3-Methylhexane,2005-08-08T00:00,3.906,µg/m³,VOC,GC-MS
40208,CHAMPLAIN HEIGHTS SCHOOL,3-Methylhexane,2005-08-14T00:00,6.523,µg/m³,VOC,GC-MS
40208,CHAMPLAIN HEIGHTS SCHOOL,3-Methylhexane,2005-08-20T00:00,0.091,µg/m³,VOC,GC-MS
40208,CHAMPLAIN HEIGHTS SCHOOL,3-Methylhexane,2005-08-26T00:00,3.120,µg/m³,VOC,GC-MS
40208,CHAMPLAIN HEIGHTS SCHOOL,3-Methylhexane,2005-09-01T00:00,3.388,µg/m³,VOC,GC-MS
40208,CHAMPLAIN HEIGHTS SCHOOL,3-Methylhexane,2005-09-07T00:00,2.853,µg/m³,VOC,GC-MS
40208,CHAMPLAIN HEIGHTS SCHOOL,3-Methylhexane,2005-09-13T00:00,1.393,µg/m³,VOC,GC-MS
40208,CHAMPLAIN HEIGHTS SCHOOL,3-Methylhexane,2005-09-19T00:00,2.291,µg/m³,VOC,GC-MS
40208,CHAMPLAIN HEIGHTS SCHOOL,3-Methylhexane,2005-09-25T00:00,5.191,µg/m³,VOC,GC-MS
40208,CHAMPLAIN HEIGHTS SCHOOL,3-Methylhexane,2005-10-01T00:00,4.495,µg/m³,VOC,GC-MS
40208,CHAMPLAIN HEIGHTS SCHOOL,3-Methylhexane,2005-10-07T00:00,12.481,µg/m³,VOC,GC-MS
40208,CHAMPLAIN HEIGHTS SCHOOL,3-Methylhexane,2005-10-13T00:00,0.046,µg/m³,VOC,GC-MS
40208,CHAMPLAIN HEIGHTS SCHOOL,3-Methylhexane,2005-10-25T00:00,0.029,µg/m³,VOC,GC-MS
40208,CHAMPLAIN HEIGHTS SCHOOL,3-Methylhexane,2005-11-12T00:00,0.159,µg/m³,VOC,GC-MS
40208,CHAMPLAIN HEIGHTS SCHOOL,3-Methylhexane,2005-11-18T00:00,0.120,µg/m³,VOC,GC-MS
40208,CHAMPLAIN HEIGHTS SCHOOL,3-Methylhexane,2005-11-24T00:00,0.632,µg/m³,VOC,GC-MS
40208,CHAMPLAIN HEIGHTS SCHOOL,3-Methylhexane,2005-11-30T00:00,0.047,µg/m³,VOC,GC-MS
40208,CHAMPLAIN HEIGHTS SCHOOL,3-Methylhexane,2005-12-06T00:00,0.248,µg/m³,VOC,GC-MS
40208,CHAMPLAIN HEIGHTS SCHOOL,3-Methylhexane,2005-12-18T00:00,0.597,µg/m³,VOC,GC-MS
40208,CHAMPLAIN HEIGHTS SCHOOL,3-Methylhexane,2005-12-24T00:00,0.168,µg/m³,VOC,GC-MS
40208,CHAMPLAIN HEIGHTS SCHOOL,3-Methylhexane,2005-12-30T00:00,0.454,µg/m³,VOC,GC-MS
