﻿NAPS_Site_ID,Station_Name,Pollutant,Date,Value,Units,Report_Type,Method
64401,EGBERT,H6CDF,2004-01-16T00:00,0.008,pg/m³,PCDD,N/A
64401,EGBERT,H6CDF,2004-02-09T00:00,0.041,pg/m³,PCDD,N/A
64401,EGBERT,H6CDF,2004-03-04T00:00,0.093,pg/m³,PCDD,N/A
64401,EGBERT,H6CDF,2004-03-28T00:00,0.036,pg/m³,PCDD,N/A
64401,EGBERT,H6CDF,2004-04-21T00:00,0.058,pg/m³,PCDD,N/A
64401,EGBERT,H6CDF,2004-05-15T00:00,0.011,pg/m³,PCDD,N/A
64401,EGBERT,H6CDF,2004-06-08T00:00,0.041,pg/m³,PCDD,N/A
64401,EGBERT,H6CDF,2004-07-26T00:00,0.028,pg/m³,PCDD,N/A
64401,EGBERT,H6CDF,2004-08-19T00:00,0.017,pg/m³,PCDD,N/A
64401,EGBERT,H6CDF,2004-10-12T00:00,0.062,pg/m³,PCDD,N/A
64401,EGBERT,H6CDF,2004-11-23T00:00,0.089,pg/m³,PCDD,N/A
64401,EGBERT,H6CDF,2004-12-17T00:00,0.040,pg/m³,PCDD,N/A
