﻿NAPS_Site_ID,Station_Name,Pollutant,Date,Value,Units,Report_Type,Method
64401,EGBERT,"2,2,4-Trimethylpentane",1996-01-04T00:00,0.144,µg/m³,VOC,GC-MS
64401,EGBERT,"2,2,4-Trimethylpentane",1996-01-04T00:00,0.148,µg/m³,VOC,GC-MS
64401,EGBERT,"2,2,4-Trimethylpentane",1996-01-10T00:00,0.073,µg/m³,VOC,GC-MS
64401,EGBERT,"2,2,4-Trimethylpentane",1996-01-10T00:00,0.107,µg/m³,VOC,GC-MS
64401,EGBERT,"2,2,4-Trimethylpentane",1996-01-16T00:00,0.327,µg/m³,VOC,GC-MS
64401,EGBERT,"2,2,4-Trimethylpentane",1996-01-16T00:00,0.346,µg/m³,VOC,GC-MS
64401,EGBERT,"2,2,4-Trimethylpentane",1996-01-22T00:00,0.274,µg/m³,VOC,GC-MS
64401,EGBERT,"2,2,4-Trimethylpentane",1996-01-22T00:00,0.292,µg/m³,VOC,GC-MS
64401,EGBERT,"2,2,4-Trimethylpentane",1996-01-28T00:00,0.115,µg/m³,VOC,GC-MS
64401,EGBERT,"2,2,4-Trimethylpentane",1996-01-28T00:00,0.275,µg/m³,VOC,GC-MS
64401,EGBERT,"2,2,4-Trimethylpentane",1996-02-03T00:00,0.169,µg/m³,VOC,GC-MS
64401,EGBERT,"2,2,4-Trimethylpentane",1996-02-03T00:00,0.199,µg/m³,VOC,GC-MS
64401,EGBERT,"2,2,4-Trimethylpentane",1996-02-09T00:00,0.073,µg/m³,VOC,GC-MS
64401,EGBERT,"2,2,4-Trimethylpentane",1996-02-09T00:00,0.090,µg/m³,VOC,GC-MS
64401,EGBERT,"2,2,4-Trimethylpentane",1996-02-15T00:00,0.052,µg/m³,VOC,GC-MS
64401,EGBERT,"2,2,4-Trimethylpentane",1996-02-16T00:00,0.063,µg/m³,VOC,GC-MS
64401,EGBERT,"2,2,4-Trimethylpentane",1996-02-21T00:00,0.116,µg/m³,VOC,GC-MS
64401,EGBERT,"2,2,4-Trimethylpentane",1996-02-21T00:00,0.349,µg/m³,VOC,GC-MS
64401,EGBERT,"2,2,4-Trimethylpentane",1996-02-27T00:00,0.121,µg/m³,VOC,GC-MS
64401,EGBERT,"2,2,4-Trimethylpentane",1996-02-27T00:00,0.272,µg/m³,VOC,GC-MS
64401,EGBERT,"2,2,4-Trimethylpentane",1996-03-04T00:00,0.056,µg/m³,VOC,GC-MS
64401,EGBERT,"2,2,4-Trimethylpentane",1996-03-04T00:00,0.132,µg/m³,VOC,GC-MS
64401,EGBERT,"2,2,4-Trimethylpentane",1996-03-10T00:00,0.140,µg/m³,VOC,GC-MS
64401,EGBERT,"2,2,4-Trimethylpentane",1996-03-10T00:00,0.150,µg/m³,VOC,GC-MS
64401,EGBERT,"2,2,4-Trimethylpentane",1996-03-16T00:00,0.030,µg/m³,VOC,GC-MS
64401,EGBERT,"2,2,4-Trimethylpentane",1996-03-16T00:00,0.087,µg/m³,VOC,GC-MS
64401,EGBERT,"2,2,4-Trimethylpentane",1996-03-22T00:00,0.023,µg/m³,VOC,GC-MS
64401,EGBERT,"2,2,4-Trimethylpentane",1996-03-22T00:00,0.028,µg/m³,VOC,GC-MS
64401,EGBERT,"2,2,4-Trimethylpentane",1996-03-28T00:00,0.089,µg/m³,VOC,GC-MS
64401,EGBERT,"2,2,4-Trimethylpentane",1996-03-28T00:00,0.097,µg/m³,VOC,GC-MS
64401,EGBERT,"2,2,4-Trimethylpentane",1996-04-03T00:00,0.025,µg/m³,VOC,GC-MS
64401,EGBERT,"2,2,4-Trimethylpentane",1996-04-09T00:00,0.032,µg/m³,VOC,GC-MS
64401,EGBERT,"2,2,4-Trimethylpentane",1996-04-09T00:00,0.068,µg/m³,VOC,GC-MS
64401,EGBERT,"2,2,4-Trimethylpentane",1996-04-15T00:00,0.080,µg/m³,VOC,GC-MS
64401,EGBERT,"2,2,4-Trimethylpentane",1996-04-15T00:00,0.166,µg/m³,VOC,GC-MS
64401,EGBERT,"2,2,4-Trimethylpentane",1996-04-21T00:00,0.042,µg/m³,VOC,GC-MS
64401,EGBERT,"2,2,4-Trimethylpentane",1996-04-21T00:00,0.088,µg/m³,VOC,GC-MS
64401,EGBERT,"2,2,4-Trimethylpentane",1996-04-27T00:00,0.012,µg/m³,VOC,GC-MS
64401,EGBERT,"2,2,4-Trimethylpentane",1996-04-27T00:00,0.038,µg/m³,VOC,GC-MS
64401,EGBERT,"2,2,4-Trimethylpentane",1996-05-03T00:00,0.112,µg/m³,VOC,GC-MS
64401,EGBERT,"2,2,4-Trimethylpentane",1996-05-03T00:00,0.128,µg/m³,VOC,GC-MS
64401,EGBERT,"2,2,4-Trimethylpentane",1996-05-09T00:00,0.274,µg/m³,VOC,GC-MS
64401,EGBERT,"2,2,4-Trimethylpentane",1996-05-09T00:00,0.476,µg/m³,VOC,GC-MS
64401,EGBERT,"2,2,4-Trimethylpentane",1996-05-15T00:00,0.117,µg/m³,VOC,GC-MS
64401,EGBERT,"2,2,4-Trimethylpentane",1996-05-15T00:00,0.199,µg/m³,VOC,GC-MS
64401,EGBERT,"2,2,4-Trimethylpentane",1996-05-21T00:00,0.019,µg/m³,VOC,GC-MS
64401,EGBERT,"2,2,4-Trimethylpentane",1996-05-21T00:00,0.057,µg/m³,VOC,GC-MS
64401,EGBERT,"2,2,4-Trimethylpentane",1996-05-27T00:00,0.038,µg/m³,VOC,GC-MS
64401,EGBERT,"2,2,4-Trimethylpentane",1996-05-27T00:00,0.811,µg/m³,VOC,GC-MS
64401,EGBERT,"2,2,4-Trimethylpentane",1996-06-01T00:00,0.115,µg/m³,VOC,GC-MS
64401,EGBERT,"2,2,4-Trimethylpentane",1996-06-03T00:00,0.121,µg/m³,VOC,GC-MS
64401,EGBERT,"2,2,4-Trimethylpentane",1996-06-07T00:00,0.084,µg/m³,VOC,GC-MS
64401,EGBERT,"2,2,4-Trimethylpentane",1996-06-09T00:00,0.110,µg/m³,VOC,GC-MS
64401,EGBERT,"2,2,4-Trimethylpentane",1996-06-11T00:00,0.016,µg/m³,VOC,GC-MS
64401,EGBERT,"2,2,4-Trimethylpentane",1996-06-13T00:00,0.024,µg/m³,VOC,GC-MS
64401,EGBERT,"2,2,4-Trimethylpentane",1996-06-17T00:00,0.065,µg/m³,VOC,GC-MS
64401,EGBERT,"2,2,4-Trimethylpentane",1996-06-19T00:00,0.178,µg/m³,VOC,GC-MS
64401,EGBERT,"2,2,4-Trimethylpentane",1996-06-21T00:00,0.011,µg/m³,VOC,GC-MS
64401,EGBERT,"2,2,4-Trimethylpentane",1996-06-25T00:00,0.009,µg/m³,VOC,GC-MS
64401,EGBERT,"2,2,4-Trimethylpentane",1996-06-27T00:00,0.053,µg/m³,VOC,GC-MS
64401,EGBERT,"2,2,4-Trimethylpentane",1996-06-29T00:00,0.252,µg/m³,VOC,GC-MS
64401,EGBERT,"2,2,4-Trimethylpentane",1996-07-01T00:00,0.011,µg/m³,VOC,GC-MS
64401,EGBERT,"2,2,4-Trimethylpentane",1996-07-03T00:00,0.010,µg/m³,VOC,GC-MS
64401,EGBERT,"2,2,4-Trimethylpentane",1996-07-05T00:00,0.024,µg/m³,VOC,GC-MS
64401,EGBERT,"2,2,4-Trimethylpentane",1996-07-07T00:00,0.305,µg/m³,VOC,GC-MS
64401,EGBERT,"2,2,4-Trimethylpentane",1996-07-09T00:00,0.021,µg/m³,VOC,GC-MS
64401,EGBERT,"2,2,4-Trimethylpentane",1996-07-11T00:00,0.013,µg/m³,VOC,GC-MS
64401,EGBERT,"2,2,4-Trimethylpentane",1996-07-15T00:00,0.018,µg/m³,VOC,GC-MS
64401,EGBERT,"2,2,4-Trimethylpentane",1996-07-17T00:00,0.000,µg/m³,VOC,GC-MS
64401,EGBERT,"2,2,4-Trimethylpentane",1996-07-19T00:00,0.011,µg/m³,VOC,GC-MS
64401,EGBERT,"2,2,4-Trimethylpentane",1996-07-21T00:00,0.000,µg/m³,VOC,GC-MS
64401,EGBERT,"2,2,4-Trimethylpentane",1996-07-23T00:00,0.018,µg/m³,VOC,GC-MS
64401,EGBERT,"2,2,4-Trimethylpentane",1996-07-25T00:00,0.035,µg/m³,VOC,GC-MS
64401,EGBERT,"2,2,4-Trimethylpentane",1996-07-27T00:00,0.000,µg/m³,VOC,GC-MS
64401,EGBERT,"2,2,4-Trimethylpentane",1996-07-29T00:00,0.036,µg/m³,VOC,GC-MS
64401,EGBERT,"2,2,4-Trimethylpentane",1996-07-31T00:00,0.034,µg/m³,VOC,GC-MS
64401,EGBERT,"2,2,4-Trimethylpentane",1996-08-02T00:00,0.000,µg/m³,VOC,GC-MS
64401,EGBERT,"2,2,4-Trimethylpentane",1996-08-04T00:00,0.259,µg/m³,VOC,GC-MS
64401,EGBERT,"2,2,4-Trimethylpentane",1996-08-06T00:00,0.090,µg/m³,VOC,GC-MS
64401,EGBERT,"2,2,4-Trimethylpentane",1996-08-08T00:00,0.016,µg/m³,VOC,GC-MS
64401,EGBERT,"2,2,4-Trimethylpentane",1996-08-10T00:00,0.000,µg/m³,VOC,GC-MS
64401,EGBERT,"2,2,4-Trimethylpentane",1996-08-12T00:00,0.033,µg/m³,VOC,GC-MS
64401,EGBERT,"2,2,4-Trimethylpentane",1996-08-14T00:00,0.037,µg/m³,VOC,GC-MS
64401,EGBERT,"2,2,4-Trimethylpentane",1996-08-16T00:00,0.016,µg/m³,VOC,GC-MS
64401,EGBERT,"2,2,4-Trimethylpentane",1996-08-18T00:00,0.029,µg/m³,VOC,GC-MS
64401,EGBERT,"2,2,4-Trimethylpentane",1996-08-20T00:00,0.052,µg/m³,VOC,GC-MS
64401,EGBERT,"2,2,4-Trimethylpentane",1996-08-22T00:00,0.035,µg/m³,VOC,GC-MS
64401,EGBERT,"2,2,4-Trimethylpentane",1996-08-24T00:00,0.012,µg/m³,VOC,GC-MS
64401,EGBERT,"2,2,4-Trimethylpentane",1996-08-26T00:00,0.048,µg/m³,VOC,GC-MS
64401,EGBERT,"2,2,4-Trimethylpentane",1996-08-28T00:00,0.019,µg/m³,VOC,GC-MS
64401,EGBERT,"2,2,4-Trimethylpentane",1996-08-30T00:00,0.011,µg/m³,VOC,GC-MS
64401,EGBERT,"2,2,4-Trimethylpentane",1996-09-01T00:00,0.014,µg/m³,VOC,GC-MS
64401,EGBERT,"2,2,4-Trimethylpentane",1996-09-03T00:00,0.026,µg/m³,VOC,GC-MS
64401,EGBERT,"2,2,4-Trimethylpentane",1996-09-05T00:00,0.039,µg/m³,VOC,GC-MS
64401,EGBERT,"2,2,4-Trimethylpentane",1996-09-07T00:00,0.030,µg/m³,VOC,GC-MS
64401,EGBERT,"2,2,4-Trimethylpentane",1996-09-09T00:00,0.023,µg/m³,VOC,GC-MS
64401,EGBERT,"2,2,4-Trimethylpentane",1996-09-11T00:00,0.048,µg/m³,VOC,GC-MS
64401,EGBERT,"2,2,4-Trimethylpentane",1996-09-13T00:00,0.032,µg/m³,VOC,GC-MS
64401,EGBERT,"2,2,4-Trimethylpentane",1996-09-15T00:00,0.044,µg/m³,VOC,GC-MS
64401,EGBERT,"2,2,4-Trimethylpentane",1996-09-18T00:00,0.021,µg/m³,VOC,GC-MS
64401,EGBERT,"2,2,4-Trimethylpentane",1996-09-18T00:00,0.479,µg/m³,VOC,GC-MS
64401,EGBERT,"2,2,4-Trimethylpentane",1996-09-30T00:00,0.060,µg/m³,VOC,GC-MS
64401,EGBERT,"2,2,4-Trimethylpentane",1996-09-30T00:00,0.552,µg/m³,VOC,GC-MS
64401,EGBERT,"2,2,4-Trimethylpentane",1996-10-06T00:00,0.280,µg/m³,VOC,GC-MS
64401,EGBERT,"2,2,4-Trimethylpentane",1996-10-06T00:00,0.296,µg/m³,VOC,GC-MS
64401,EGBERT,"2,2,4-Trimethylpentane",1996-10-12T00:00,0.231,µg/m³,VOC,GC-MS
64401,EGBERT,"2,2,4-Trimethylpentane",1996-10-12T00:00,0.272,µg/m³,VOC,GC-MS
64401,EGBERT,"2,2,4-Trimethylpentane",1996-10-18T00:00,0.035,µg/m³,VOC,GC-MS
64401,EGBERT,"2,2,4-Trimethylpentane",1996-10-18T00:00,0.165,µg/m³,VOC,GC-MS
64401,EGBERT,"2,2,4-Trimethylpentane",1996-10-24T00:00,0.053,µg/m³,VOC,GC-MS
64401,EGBERT,"2,2,4-Trimethylpentane",1996-10-24T00:00,0.122,µg/m³,VOC,GC-MS
64401,EGBERT,"2,2,4-Trimethylpentane",1996-10-30T00:00,0.038,µg/m³,VOC,GC-MS
64401,EGBERT,"2,2,4-Trimethylpentane",1996-10-30T00:00,0.123,µg/m³,VOC,GC-MS
64401,EGBERT,"2,2,4-Trimethylpentane",1996-11-05T00:00,0.346,µg/m³,VOC,GC-MS
64401,EGBERT,"2,2,4-Trimethylpentane",1996-11-05T00:00,0.367,µg/m³,VOC,GC-MS
64401,EGBERT,"2,2,4-Trimethylpentane",1996-11-11T00:00,0.029,µg/m³,VOC,GC-MS
64401,EGBERT,"2,2,4-Trimethylpentane",1996-11-11T00:00,0.045,µg/m³,VOC,GC-MS
64401,EGBERT,"2,2,4-Trimethylpentane",1996-11-17T00:00,0.601,µg/m³,VOC,GC-MS
64401,EGBERT,"2,2,4-Trimethylpentane",1996-11-17T00:00,0.724,µg/m³,VOC,GC-MS
64401,EGBERT,"2,2,4-Trimethylpentane",1996-11-23T00:00,0.068,µg/m³,VOC,GC-MS
64401,EGBERT,"2,2,4-Trimethylpentane",1996-11-23T00:00,0.120,µg/m³,VOC,GC-MS
64401,EGBERT,"2,2,4-Trimethylpentane",1996-12-05T00:00,0.226,µg/m³,VOC,GC-MS
64401,EGBERT,"2,2,4-Trimethylpentane",1996-12-05T00:00,0.393,µg/m³,VOC,GC-MS
64401,EGBERT,"2,2,4-Trimethylpentane",1996-12-11T00:00,0.250,µg/m³,VOC,GC-MS
64401,EGBERT,"2,2,4-Trimethylpentane",1996-12-11T00:00,0.314,µg/m³,VOC,GC-MS
64401,EGBERT,"2,2,4-Trimethylpentane",1996-12-17T00:00,0.146,µg/m³,VOC,GC-MS
64401,EGBERT,"2,2,4-Trimethylpentane",1996-12-17T00:00,0.327,µg/m³,VOC,GC-MS
64401,EGBERT,"2,2,4-Trimethylpentane",1996-12-23T00:00,0.455,µg/m³,VOC,GC-MS
64401,EGBERT,"2,2,4-Trimethylpentane",1996-12-23T00:00,0.496,µg/m³,VOC,GC-MS
64401,EGBERT,"2,2,4-Trimethylpentane",1996-12-29T00:00,0.062,µg/m³,VOC,GC-MS
64401,EGBERT,"2,2,4-Trimethylpentane",1996-12-29T00:00,0.305,µg/m³,VOC,GC-MS
