﻿NAPS_Site_ID,Station_Name,Pollutant,Date,Value,Units,Report_Type,Method
90130,EDMONTON CENTRAL,Propane,2014-01-16T19:00,8.436,µg/m³,VOC,GC-MS
90130,EDMONTON CENTRAL,Propane,2014-01-22T19:00,16.386,µg/m³,VOC,GC-MS
90130,EDMONTON CENTRAL,Propane,2014-02-03T19:00,2.801,µg/m³,VOC,GC-MS
90130,EDMONTON CENTRAL,Propane,2014-02-09T19:00,26.039,µg/m³,VOC,GC-MS
90130,EDMONTON CENTRAL,Propane,2014-02-15T19:00,18.607,µg/m³,VOC,GC-MS
90130,EDMONTON CENTRAL,Propane,2014-02-27T19:00,3.908,µg/m³,VOC,GC-MS
90130,EDMONTON CENTRAL,Propane,2014-03-05T19:00,8.798,µg/m³,VOC,GC-MS
90130,EDMONTON CENTRAL,Propane,2014-03-11T20:00,12.704,µg/m³,VOC,GC-MS
90130,EDMONTON CENTRAL,Propane,2014-03-17T20:00,3.612,µg/m³,VOC,GC-MS
90130,EDMONTON CENTRAL,Propane,2014-03-23T20:00,4.308,µg/m³,VOC,GC-MS
90130,EDMONTON CENTRAL,Propane,2014-04-04T20:00,8.720,µg/m³,VOC,GC-MS
90130,EDMONTON CENTRAL,Propane,2014-04-10T20:00,5.806,µg/m³,VOC,GC-MS
90130,EDMONTON CENTRAL,Propane,2014-04-16T20:00,6.612,µg/m³,VOC,GC-MS
90130,EDMONTON CENTRAL,Propane,2014-04-22T20:00,6.310,µg/m³,VOC,GC-MS
90130,EDMONTON CENTRAL,Propane,2014-04-28T20:00,2.508,µg/m³,VOC,GC-MS
90130,EDMONTON CENTRAL,Propane,2014-05-04T20:00,3.808,µg/m³,VOC,GC-MS
90130,EDMONTON CENTRAL,Propane,2014-05-16T20:00,3.762,µg/m³,VOC,GC-MS
90130,EDMONTON CENTRAL,Propane,2014-05-22T20:00,3.428,µg/m³,VOC,GC-MS
90130,EDMONTON CENTRAL,Propane,2014-05-28T20:00,2.344,µg/m³,VOC,GC-MS
90130,EDMONTON CENTRAL,Propane,2014-06-03T20:00,2.270,µg/m³,VOC,GC-MS
90130,EDMONTON CENTRAL,Propane,2014-06-09T20:00,1.658,µg/m³,VOC,GC-MS
90130,EDMONTON CENTRAL,Propane,2014-06-15T20:00,2.702,µg/m³,VOC,GC-MS
90130,EDMONTON CENTRAL,Propane,2014-06-21T20:00,2.152,µg/m³,VOC,GC-MS
90130,EDMONTON CENTRAL,Propane,2014-06-27T20:00,3.558,µg/m³,VOC,GC-MS
90130,EDMONTON CENTRAL,Propane,2014-07-03T20:00,2.172,µg/m³,VOC,GC-MS
90130,EDMONTON CENTRAL,Propane,2014-07-15T20:00,7.648,µg/m³,VOC,GC-MS
90130,EDMONTON CENTRAL,Propane,2014-07-21T20:00,3.262,µg/m³,VOC,GC-MS
90130,EDMONTON CENTRAL,Propane,2014-07-27T20:00,3.704,µg/m³,VOC,GC-MS
90130,EDMONTON CENTRAL,Propane,2014-08-02T20:00,4.346,µg/m³,VOC,GC-MS
90130,EDMONTON CENTRAL,Propane,2014-08-08T20:00,2.914,µg/m³,VOC,GC-MS
90130,EDMONTON CENTRAL,Propane,2014-08-14T20:00,8.316,µg/m³,VOC,GC-MS
90130,EDMONTON CENTRAL,Propane,2014-08-20T20:00,2.154,µg/m³,VOC,GC-MS
90130,EDMONTON CENTRAL,Propane,2014-08-26T20:00,4.168,µg/m³,VOC,GC-MS
90130,EDMONTON CENTRAL,Propane,2014-09-01T20:00,5.680,µg/m³,VOC,GC-MS
90130,EDMONTON CENTRAL,Propane,2014-09-07T20:00,1.734,µg/m³,VOC,GC-MS
90130,EDMONTON CENTRAL,Propane,2014-09-13T20:00,6.408,µg/m³,VOC,GC-MS
90130,EDMONTON CENTRAL,Propane,2014-09-19T20:00,3.070,µg/m³,VOC,GC-MS
90130,EDMONTON CENTRAL,Propane,2014-09-25T20:00,4.822,µg/m³,VOC,GC-MS
90130,EDMONTON CENTRAL,Propane,2014-10-01T20:00,1.828,µg/m³,VOC,GC-MS
90130,EDMONTON CENTRAL,Propane,2014-10-07T20:00,8.128,µg/m³,VOC,GC-MS
90130,EDMONTON CENTRAL,Propane,2014-10-13T20:00,5.208,µg/m³,VOC,GC-MS
90130,EDMONTON CENTRAL,Propane,2014-10-19T20:00,12.220,µg/m³,VOC,GC-MS
90130,EDMONTON CENTRAL,Propane,2014-10-25T20:00,2.362,µg/m³,VOC,GC-MS
90130,EDMONTON CENTRAL,Propane,2014-10-31T20:00,5.340,µg/m³,VOC,GC-MS
90130,EDMONTON CENTRAL,Propane,2014-11-06T19:00,6.210,µg/m³,VOC,GC-MS
90130,EDMONTON CENTRAL,Propane,2014-11-12T19:00,21.868,µg/m³,VOC,GC-MS
90130,EDMONTON CENTRAL,Propane,2014-11-18T19:00,5.690,µg/m³,VOC,GC-MS
90130,EDMONTON CENTRAL,Propane,2014-11-24T19:00,5.840,µg/m³,VOC,GC-MS
90130,EDMONTON CENTRAL,Propane,2014-11-30T19:00,21.900,µg/m³,VOC,GC-MS
90130,EDMONTON CENTRAL,Propane,2014-12-06T19:00,24.532,µg/m³,VOC,GC-MS
90130,EDMONTON CENTRAL,Propane,2014-12-12T19:00,10.660,µg/m³,VOC,GC-MS
90130,EDMONTON CENTRAL,Propane,2014-12-18T19:00,20.412,µg/m³,VOC,GC-MS
90130,EDMONTON CENTRAL,Propane,2014-12-24T19:00,6.270,µg/m³,VOC,GC-MS
90130,EDMONTON CENTRAL,Propane,2014-12-30T19:00,4.438,µg/m³,VOC,GC-MS
