﻿NAPS_Site_ID,Station_Name,Pollutant,Date,Value,Units,Report_Type,Method
50122,BROSSARD - PARC SORBONNE,3-Methylpentane,2020-01-04T00:00,0.145,µg/m³,VOC,GC-MS
50122,BROSSARD - PARC SORBONNE,3-Methylpentane,2020-01-10T00:00,0.120,µg/m³,VOC,GC-MS
50122,BROSSARD - PARC SORBONNE,3-Methylpentane,2020-01-16T00:00,0.199,µg/m³,VOC,GC-MS
50122,BROSSARD - PARC SORBONNE,3-Methylpentane,2020-01-22T00:00,0.104,µg/m³,VOC,GC-MS
50122,BROSSARD - PARC SORBONNE,3-Methylpentane,2020-01-28T00:00,0.101,µg/m³,VOC,GC-MS
50122,BROSSARD - PARC SORBONNE,3-Methylpentane,2020-02-03T00:00,0.198,µg/m³,VOC,GC-MS
