﻿NAPS_Site_ID,Station_Name,Pollutant,Date,Value,Units,Report_Type,Method
60403,EVANS & ARNOLD,1234678-H7CDD,1999-01-12T00:00,0.156,pg/m³,PCDD,GC-MS
60403,EVANS & ARNOLD,1234678-H7CDD,1999-02-05T00:00,0.100,pg/m³,PCDD,GC-MS
60403,EVANS & ARNOLD,1234678-H7CDD,1999-03-01T00:00,0.175,pg/m³,PCDD,GC-MS
60403,EVANS & ARNOLD,1234678-H7CDD,1999-03-25T00:00,0.081,pg/m³,PCDD,GC-MS
60403,EVANS & ARNOLD,1234678-H7CDD,1999-04-18T00:00,0.079,pg/m³,PCDD,GC-MS
60403,EVANS & ARNOLD,1234678-H7CDD,1999-05-12T00:00,0.210,pg/m³,PCDD,GC-MS
60403,EVANS & ARNOLD,1234678-H7CDD,1999-06-05T00:00,0.268,pg/m³,PCDD,GC-MS
60403,EVANS & ARNOLD,1234678-H7CDD,1999-06-29T00:00,0.165,pg/m³,PCDD,GC-MS
60403,EVANS & ARNOLD,1234678-H7CDD,1999-08-16T00:00,0.086,pg/m³,PCDD,GC-MS
60403,EVANS & ARNOLD,1234678-H7CDD,1999-09-09T00:00,0.039,pg/m³,PCDD,GC-MS
60403,EVANS & ARNOLD,1234678-H7CDD,1999-10-03T00:00,0.034,pg/m³,PCDD,GC-MS
60403,EVANS & ARNOLD,1234678-H7CDD,1999-11-20T00:00,0.186,pg/m³,PCDD,GC-MS
60403,EVANS & ARNOLD,1234678-H7CDD,1999-12-14T00:00,0.080,pg/m³,PCDD,GC-MS
