﻿NAPS_Site_ID,Station_Name,Pollutant,Date,Value,Units,Report_Type,Method
101004,ABBOTSFORD AIRPORT,p-Cymene,2008-01-01T00:00,0.016,µg/m³,VOC,GC-MS
101004,ABBOTSFORD AIRPORT,p-Cymene,2008-01-13T00:00,0.022,µg/m³,VOC,GC-MS
101004,ABBOTSFORD AIRPORT,p-Cymene,2008-01-19T00:00,0.029,µg/m³,VOC,GC-MS
101004,ABBOTSFORD AIRPORT,p-Cymene,2008-01-25T00:00,0.100,µg/m³,VOC,GC-MS
101004,ABBOTSFORD AIRPORT,p-Cymene,2008-02-18T00:00,0.063,µg/m³,VOC,GC-MS
101004,ABBOTSFORD AIRPORT,p-Cymene,2008-03-01T00:00,0.018,µg/m³,VOC,GC-MS
101004,ABBOTSFORD AIRPORT,p-Cymene,2008-03-07T00:00,0.080,µg/m³,VOC,GC-MS
101004,ABBOTSFORD AIRPORT,p-Cymene,2008-03-13T00:00,0.064,µg/m³,VOC,GC-MS
101004,ABBOTSFORD AIRPORT,p-Cymene,2008-04-12T00:00,0.035,µg/m³,VOC,GC-MS
101004,ABBOTSFORD AIRPORT,p-Cymene,2008-04-18T00:00,0.013,µg/m³,VOC,GC-MS
101004,ABBOTSFORD AIRPORT,p-Cymene,2008-04-24T00:00,0.020,µg/m³,VOC,GC-MS
101004,ABBOTSFORD AIRPORT,p-Cymene,2008-04-30T00:00,0.014,µg/m³,VOC,GC-MS
101004,ABBOTSFORD AIRPORT,p-Cymene,2008-05-06T00:00,0.018,µg/m³,VOC,GC-MS
101004,ABBOTSFORD AIRPORT,p-Cymene,2008-05-12T00:00,0.023,µg/m³,VOC,GC-MS
101004,ABBOTSFORD AIRPORT,p-Cymene,2008-05-18T00:00,0.045,µg/m³,VOC,GC-MS
101004,ABBOTSFORD AIRPORT,p-Cymene,2008-05-24T00:00,0.096,µg/m³,VOC,GC-MS
101004,ABBOTSFORD AIRPORT,p-Cymene,2008-06-11T00:00,0.031,µg/m³,VOC,GC-MS
101004,ABBOTSFORD AIRPORT,p-Cymene,2008-06-23T00:00,0.043,µg/m³,VOC,GC-MS
101004,ABBOTSFORD AIRPORT,p-Cymene,2008-06-29T00:00,0.153,µg/m³,VOC,GC-MS
101004,ABBOTSFORD AIRPORT,p-Cymene,2008-07-05T00:00,0.034,µg/m³,VOC,GC-MS
101004,ABBOTSFORD AIRPORT,p-Cymene,2008-07-11T00:00,0.052,µg/m³,VOC,GC-MS
101004,ABBOTSFORD AIRPORT,p-Cymene,2008-07-29T00:00,0.068,µg/m³,VOC,GC-MS
101004,ABBOTSFORD AIRPORT,p-Cymene,2008-08-04T00:00,0.130,µg/m³,VOC,GC-MS
101004,ABBOTSFORD AIRPORT,p-Cymene,2008-11-08T00:00,0.042,µg/m³,VOC,GC-MS
101004,ABBOTSFORD AIRPORT,p-Cymene,2008-11-14T00:00,0.044,µg/m³,VOC,GC-MS
101004,ABBOTSFORD AIRPORT,p-Cymene,2008-11-20T00:00,0.054,µg/m³,VOC,GC-MS
101004,ABBOTSFORD AIRPORT,p-Cymene,2008-11-26T00:00,0.076,µg/m³,VOC,GC-MS
101004,ABBOTSFORD AIRPORT,p-Cymene,2008-12-02T00:00,0.037,µg/m³,VOC,GC-MS
101004,ABBOTSFORD AIRPORT,p-Cymene,2008-12-08T00:00,0.022,µg/m³,VOC,GC-MS
101004,ABBOTSFORD AIRPORT,p-Cymene,2008-12-14T00:00,0.008,µg/m³,VOC,GC-MS
101004,ABBOTSFORD AIRPORT,p-Cymene,2008-12-20T00:00,0.009,µg/m³,VOC,GC-MS
101004,ABBOTSFORD AIRPORT,p-Cymene,2008-12-26T00:00,0.047,µg/m³,VOC,GC-MS
