﻿NAPS_Site_ID,Station_Name,Pollutant,Date,Value,Units,Report_Type,Method
30101,DALTECH,NO3,2001-12-09T00:00,0.071,µg/m³,DICHOT,
30101,DALTECH,NO3,2001-12-09T00:00,0.133,µg/m³,DICHOT,
30101,DALTECH,NO3,2001-12-15T00:00,0.079,µg/m³,DICHOT,
30101,DALTECH,NO3,2001-12-15T00:00,0.137,µg/m³,DICHOT,
30101,DALTECH,NO3,2001-12-21T00:00,0.147,µg/m³,DICHOT,
30101,DALTECH,NO3,2001-12-21T00:00,0.228,µg/m³,DICHOT,
30101,DALTECH,NO3,2001-12-27T00:00,0.040,µg/m³,DICHOT,
30101,DALTECH,NO3,2001-12-27T00:00,0.053,µg/m³,DICHOT,
