﻿NAPS_Site_ID,Station_Name,Pollutant,Date,Value,Units,Report_Type,Method
50103,MONTRÉAL-SAINT-JEAN-BAPTISTE,A-Pinene,2005-01-04T00:00,0.030,µg/m³,VOC,N/A
50103,MONTRÉAL-SAINT-JEAN-BAPTISTE,A-Pinene,2005-01-10T00:00,0.520,µg/m³,VOC,N/A
50103,MONTRÉAL-SAINT-JEAN-BAPTISTE,A-Pinene,2005-01-16T00:00,0.018,µg/m³,VOC,N/A
50103,MONTRÉAL-SAINT-JEAN-BAPTISTE,A-Pinene,2005-01-22T00:00,0.019,µg/m³,VOC,N/A
50103,MONTRÉAL-SAINT-JEAN-BAPTISTE,A-Pinene,2005-01-28T00:00,0.039,µg/m³,VOC,N/A
50103,MONTRÉAL-SAINT-JEAN-BAPTISTE,A-Pinene,2005-02-03T00:00,0.323,µg/m³,VOC,N/A
50103,MONTRÉAL-SAINT-JEAN-BAPTISTE,A-Pinene,2005-02-09T00:00,0.042,µg/m³,VOC,N/A
50103,MONTRÉAL-SAINT-JEAN-BAPTISTE,A-Pinene,2005-02-15T00:00,0.043,µg/m³,VOC,N/A
50103,MONTRÉAL-SAINT-JEAN-BAPTISTE,A-Pinene,2005-02-21T00:00,0.018,µg/m³,VOC,N/A
50103,MONTRÉAL-SAINT-JEAN-BAPTISTE,A-Pinene,2005-02-27T00:00,0.015,µg/m³,VOC,N/A
50103,MONTRÉAL-SAINT-JEAN-BAPTISTE,A-Pinene,2005-03-05T00:00,0.043,µg/m³,VOC,N/A
50103,MONTRÉAL-SAINT-JEAN-BAPTISTE,A-Pinene,2005-03-11T00:00,0.029,µg/m³,VOC,N/A
50103,MONTRÉAL-SAINT-JEAN-BAPTISTE,A-Pinene,2005-03-17T00:00,0.053,µg/m³,VOC,N/A
50103,MONTRÉAL-SAINT-JEAN-BAPTISTE,A-Pinene,2005-03-23T00:00,0.041,µg/m³,VOC,N/A
50103,MONTRÉAL-SAINT-JEAN-BAPTISTE,A-Pinene,2005-03-29T00:00,0.042,µg/m³,VOC,N/A
50103,MONTRÉAL-SAINT-JEAN-BAPTISTE,A-Pinene,2005-04-04T00:00,0.393,µg/m³,VOC,N/A
50103,MONTRÉAL-SAINT-JEAN-BAPTISTE,A-Pinene,2005-04-10T00:00,0.159,µg/m³,VOC,N/A
50103,MONTRÉAL-SAINT-JEAN-BAPTISTE,A-Pinene,2005-04-16T00:00,0.175,µg/m³,VOC,N/A
50103,MONTRÉAL-SAINT-JEAN-BAPTISTE,A-Pinene,2005-04-22T00:00,0.152,µg/m³,VOC,N/A
50103,MONTRÉAL-SAINT-JEAN-BAPTISTE,A-Pinene,2005-04-28T00:00,0.082,µg/m³,VOC,N/A
50103,MONTRÉAL-SAINT-JEAN-BAPTISTE,A-Pinene,2005-05-04T00:00,0.057,µg/m³,VOC,N/A
50103,MONTRÉAL-SAINT-JEAN-BAPTISTE,A-Pinene,2005-05-10T00:00,0.280,µg/m³,VOC,N/A
50103,MONTRÉAL-SAINT-JEAN-BAPTISTE,A-Pinene,2005-05-16T00:00,0.102,µg/m³,VOC,N/A
50103,MONTRÉAL-SAINT-JEAN-BAPTISTE,A-Pinene,2005-05-28T00:00,0.217,µg/m³,VOC,N/A
50103,MONTRÉAL-SAINT-JEAN-BAPTISTE,A-Pinene,2005-06-03T00:00,0.197,µg/m³,VOC,N/A
50103,MONTRÉAL-SAINT-JEAN-BAPTISTE,A-Pinene,2005-06-09T00:00,0.154,µg/m³,VOC,N/A
50103,MONTRÉAL-SAINT-JEAN-BAPTISTE,A-Pinene,2005-06-15T00:00,0.173,µg/m³,VOC,N/A
50103,MONTRÉAL-SAINT-JEAN-BAPTISTE,A-Pinene,2005-06-21T00:00,0.107,µg/m³,VOC,N/A
50103,MONTRÉAL-SAINT-JEAN-BAPTISTE,A-Pinene,2005-06-27T00:00,0.249,µg/m³,VOC,N/A
50103,MONTRÉAL-SAINT-JEAN-BAPTISTE,A-Pinene,2005-07-09T00:00,0.187,µg/m³,VOC,N/A
50103,MONTRÉAL-SAINT-JEAN-BAPTISTE,A-Pinene,2005-07-15T00:00,0.326,µg/m³,VOC,N/A
50103,MONTRÉAL-SAINT-JEAN-BAPTISTE,A-Pinene,2005-07-21T00:00,0.181,µg/m³,VOC,N/A
50103,MONTRÉAL-SAINT-JEAN-BAPTISTE,A-Pinene,2005-07-27T00:00,0.379,µg/m³,VOC,N/A
50103,MONTRÉAL-SAINT-JEAN-BAPTISTE,A-Pinene,2005-08-02T00:00,0.244,µg/m³,VOC,N/A
50103,MONTRÉAL-SAINT-JEAN-BAPTISTE,A-Pinene,2005-08-08T00:00,0.124,µg/m³,VOC,N/A
50103,MONTRÉAL-SAINT-JEAN-BAPTISTE,A-Pinene,2005-08-14T00:00,0.226,µg/m³,VOC,N/A
50103,MONTRÉAL-SAINT-JEAN-BAPTISTE,A-Pinene,2005-08-20T00:00,0.100,µg/m³,VOC,N/A
50103,MONTRÉAL-SAINT-JEAN-BAPTISTE,A-Pinene,2005-08-26T00:00,0.321,µg/m³,VOC,N/A
50103,MONTRÉAL-SAINT-JEAN-BAPTISTE,A-Pinene,2005-09-01T00:00,0.219,µg/m³,VOC,N/A
50103,MONTRÉAL-SAINT-JEAN-BAPTISTE,A-Pinene,2005-09-07T00:00,0.176,µg/m³,VOC,N/A
50103,MONTRÉAL-SAINT-JEAN-BAPTISTE,A-Pinene,2005-09-13T00:00,0.201,µg/m³,VOC,N/A
50103,MONTRÉAL-SAINT-JEAN-BAPTISTE,A-Pinene,2005-09-19T00:00,0.185,µg/m³,VOC,N/A
50103,MONTRÉAL-SAINT-JEAN-BAPTISTE,A-Pinene,2005-09-25T00:00,0.108,µg/m³,VOC,N/A
50103,MONTRÉAL-SAINT-JEAN-BAPTISTE,A-Pinene,2005-10-01T00:00,0.121,µg/m³,VOC,N/A
50103,MONTRÉAL-SAINT-JEAN-BAPTISTE,A-Pinene,2005-10-07T00:00,0.249,µg/m³,VOC,N/A
50103,MONTRÉAL-SAINT-JEAN-BAPTISTE,A-Pinene,2005-10-13T00:00,0.087,µg/m³,VOC,N/A
50103,MONTRÉAL-SAINT-JEAN-BAPTISTE,A-Pinene,2005-10-19T00:00,0.171,µg/m³,VOC,N/A
50103,MONTRÉAL-SAINT-JEAN-BAPTISTE,A-Pinene,2005-10-25T00:00,0.063,µg/m³,VOC,N/A
50103,MONTRÉAL-SAINT-JEAN-BAPTISTE,A-Pinene,2005-10-31T00:00,0.094,µg/m³,VOC,N/A
50103,MONTRÉAL-SAINT-JEAN-BAPTISTE,A-Pinene,2005-11-06T00:00,0.117,µg/m³,VOC,N/A
50103,MONTRÉAL-SAINT-JEAN-BAPTISTE,A-Pinene,2005-11-12T00:00,0.160,µg/m³,VOC,N/A
50103,MONTRÉAL-SAINT-JEAN-BAPTISTE,A-Pinene,2005-11-18T00:00,0.077,µg/m³,VOC,N/A
50103,MONTRÉAL-SAINT-JEAN-BAPTISTE,A-Pinene,2005-11-24T00:00,0.011,µg/m³,VOC,N/A
50103,MONTRÉAL-SAINT-JEAN-BAPTISTE,A-Pinene,2005-11-30T00:00,0.126,µg/m³,VOC,N/A
50103,MONTRÉAL-SAINT-JEAN-BAPTISTE,A-Pinene,2005-12-06T00:00,0.061,µg/m³,VOC,N/A
50103,MONTRÉAL-SAINT-JEAN-BAPTISTE,A-Pinene,2005-12-12T00:00,0.035,µg/m³,VOC,N/A
50103,MONTRÉAL-SAINT-JEAN-BAPTISTE,A-Pinene,2005-12-18T00:00,0.049,µg/m³,VOC,N/A
50103,MONTRÉAL-SAINT-JEAN-BAPTISTE,A-Pinene,2005-12-24T00:00,0.140,µg/m³,VOC,N/A
50103,MONTRÉAL-SAINT-JEAN-BAPTISTE,A-Pinene,2005-12-30T00:00,0.034,µg/m³,VOC,N/A
