﻿NAPS_Site_ID,Station_Name,Pollutant,Date,Value,Units,Report_Type,Method
60211,WINDSOR WEST,"2,2,4-Trimethylpentane",2021-04-04T00:00,0.263,µg/m³,VOC,GC-MS
60211,WINDSOR WEST,"2,2,4-Trimethylpentane",2021-04-10T00:00,0.203,µg/m³,VOC,GC-MS
60211,WINDSOR WEST,"2,2,4-Trimethylpentane",2021-04-16T00:00,0.072,µg/m³,VOC,GC-MS
60211,WINDSOR WEST,"2,2,4-Trimethylpentane",2021-04-22T00:00,0.102,µg/m³,VOC,GC-MS
60211,WINDSOR WEST,"2,2,4-Trimethylpentane",2021-04-28T00:00,0.156,µg/m³,VOC,GC-MS
60211,WINDSOR WEST,"2,2,4-Trimethylpentane",2021-05-04T00:00,0.126,µg/m³,VOC,GC-MS
60211,WINDSOR WEST,"2,2,4-Trimethylpentane",2021-05-10T00:00,0.292,µg/m³,VOC,GC-MS
60211,WINDSOR WEST,"2,2,4-Trimethylpentane",2021-05-22T00:00,0.294,µg/m³,VOC,GC-MS
60211,WINDSOR WEST,"2,2,4-Trimethylpentane",2021-05-28T00:00,0.049,µg/m³,VOC,GC-MS
60211,WINDSOR WEST,"2,2,4-Trimethylpentane",2021-06-03T00:00,0.104,µg/m³,VOC,GC-MS
60211,WINDSOR WEST,"2,2,4-Trimethylpentane",2021-06-09T00:00,0.113,µg/m³,VOC,GC-MS
60211,WINDSOR WEST,"2,2,4-Trimethylpentane",2021-06-15T00:00,0.122,µg/m³,VOC,GC-MS
60211,WINDSOR WEST,"2,2,4-Trimethylpentane",2021-06-21T00:00,0.095,µg/m³,VOC,GC-MS
60211,WINDSOR WEST,"2,2,4-Trimethylpentane",2021-06-27T00:00,0.076,µg/m³,VOC,GC-MS
60211,WINDSOR WEST,"2,2,4-Trimethylpentane",2021-06-30T00:00,0.433,µg/m³,VOC,GC-MS
60211,WINDSOR WEST,"2,2,4-Trimethylpentane",2021-07-09T00:00,0.106,µg/m³,VOC,GC-MS
60211,WINDSOR WEST,"2,2,4-Trimethylpentane",2021-07-15T00:00,0.133,µg/m³,VOC,GC-MS
60211,WINDSOR WEST,"2,2,4-Trimethylpentane",2021-07-21T00:00,0.071,µg/m³,VOC,GC-MS
60211,WINDSOR WEST,"2,2,4-Trimethylpentane",2021-07-27T00:00,0.372,µg/m³,VOC,GC-MS
60211,WINDSOR WEST,"2,2,4-Trimethylpentane",2021-08-08T00:00,0.168,µg/m³,VOC,GC-MS
60211,WINDSOR WEST,"2,2,4-Trimethylpentane",2021-08-14T00:00,0.146,µg/m³,VOC,GC-MS
60211,WINDSOR WEST,"2,2,4-Trimethylpentane",2021-08-20T00:00,0.317,µg/m³,VOC,GC-MS
60211,WINDSOR WEST,"2,2,4-Trimethylpentane",2021-08-26T00:00,0.160,µg/m³,VOC,GC-MS
60211,WINDSOR WEST,"2,2,4-Trimethylpentane",2021-09-01T00:00,0.067,µg/m³,VOC,GC-MS
60211,WINDSOR WEST,"2,2,4-Trimethylpentane",2021-09-07T00:00,0.288,µg/m³,VOC,GC-MS
60211,WINDSOR WEST,"2,2,4-Trimethylpentane",2021-09-13T00:00,0.176,µg/m³,VOC,GC-MS
60211,WINDSOR WEST,"2,2,4-Trimethylpentane",2021-09-19T00:00,0.215,µg/m³,VOC,GC-MS
60211,WINDSOR WEST,"2,2,4-Trimethylpentane",2021-09-25T00:00,0.132,µg/m³,VOC,GC-MS
60211,WINDSOR WEST,"2,2,4-Trimethylpentane",2021-10-01T00:00,0.288,µg/m³,VOC,GC-MS
60211,WINDSOR WEST,"2,2,4-Trimethylpentane",2021-10-13T00:00,0.083,µg/m³,VOC,GC-MS
60211,WINDSOR WEST,"2,2,4-Trimethylpentane",2021-10-19T00:00,0.481,µg/m³,VOC,GC-MS
60211,WINDSOR WEST,"2,2,4-Trimethylpentane",2021-10-25T00:00,0.085,µg/m³,VOC,GC-MS
60211,WINDSOR WEST,"2,2,4-Trimethylpentane",2021-10-31T00:00,0.085,µg/m³,VOC,GC-MS
60211,WINDSOR WEST,"2,2,4-Trimethylpentane",2021-11-06T00:00,0.296,µg/m³,VOC,GC-MS
60211,WINDSOR WEST,"2,2,4-Trimethylpentane",2021-11-12T00:00,0.066,µg/m³,VOC,GC-MS
60211,WINDSOR WEST,"2,2,4-Trimethylpentane",2021-11-18T00:00,0.123,µg/m³,VOC,GC-MS
60211,WINDSOR WEST,"2,2,4-Trimethylpentane",2021-11-24T00:00,0.083,µg/m³,VOC,GC-MS
60211,WINDSOR WEST,"2,2,4-Trimethylpentane",2021-11-30T00:00,0.137,µg/m³,VOC,GC-MS
60211,WINDSOR WEST,"2,2,4-Trimethylpentane",2021-12-06T00:00,0.095,µg/m³,VOC,GC-MS
60211,WINDSOR WEST,"2,2,4-Trimethylpentane",2021-12-12T00:00,0.048,µg/m³,VOC,GC-MS
60211,WINDSOR WEST,"2,2,4-Trimethylpentane",2021-12-18T00:00,0.062,µg/m³,VOC,GC-MS
