﻿NAPS_Site_ID,Station_Name,Pollutant,Date,Value,Units,Report_Type,Method
64401,EGBERT,H7CDF,2002-01-02T00:00,0.013,pg/m³,PCDD,
64401,EGBERT,H7CDF,2002-01-26T00:00,0.057,pg/m³,PCDD,
64401,EGBERT,H7CDF,2002-02-19T00:00,0.113,pg/m³,PCDD,
64401,EGBERT,H7CDF,2002-03-15T00:00,0.057,pg/m³,PCDD,
64401,EGBERT,H7CDF,2002-04-08T00:00,0.077,pg/m³,PCDD,
64401,EGBERT,H7CDF,2002-05-02T00:00,0.000,pg/m³,PCDD,
64401,EGBERT,H7CDF,2002-05-26T00:00,0.015,pg/m³,PCDD,
64401,EGBERT,H7CDF,2002-06-19T00:00,0.021,pg/m³,PCDD,
64401,EGBERT,H7CDF,2002-07-13T00:00,0.003,pg/m³,PCDD,
64401,EGBERT,H7CDF,2002-08-06T00:00,0.004,pg/m³,PCDD,
64401,EGBERT,H7CDF,2002-08-30T00:00,0.083,pg/m³,PCDD,
64401,EGBERT,H7CDF,2002-09-23T00:00,0.015,pg/m³,PCDD,
64401,EGBERT,H7CDF,2002-10-17T00:00,0.006,pg/m³,PCDD,
64401,EGBERT,H7CDF,2002-11-10T00:00,0.017,pg/m³,PCDD,
64401,EGBERT,H7CDF,2002-12-04T00:00,0.038,pg/m³,PCDD,
64401,EGBERT,H7CDF,2002-12-28T00:00,0.067,pg/m³,PCDD,
