﻿NAPS_Site_ID,Station_Name,Pollutant,Date,Value,Units,Report_Type,Method
60204,WINDSOR DOWNTOWN,123789-H6CDF,1994-01-14T00:00,0.000,pg/m³,PCDD,
60204,WINDSOR DOWNTOWN,123789-H6CDF,1994-01-26T00:00,0.004,pg/m³,PCDD,
60204,WINDSOR DOWNTOWN,123789-H6CDF,1994-02-07T00:00,0.010,pg/m³,PCDD,
60204,WINDSOR DOWNTOWN,123789-H6CDF,1994-02-19T00:00,0.000,pg/m³,PCDD,
60204,WINDSOR DOWNTOWN,123789-H6CDF,1994-03-03T00:00,0.008,pg/m³,PCDD,
60204,WINDSOR DOWNTOWN,123789-H6CDF,1994-04-20T00:00,0.006,pg/m³,PCDD,
60204,WINDSOR DOWNTOWN,123789-H6CDF,1994-05-02T00:00,0.006,pg/m³,PCDD,
60204,WINDSOR DOWNTOWN,123789-H6CDF,1994-06-07T00:00,0.011,pg/m³,PCDD,
60204,WINDSOR DOWNTOWN,123789-H6CDF,1994-07-07T00:00,0.007,pg/m³,PCDD,
60204,WINDSOR DOWNTOWN,123789-H6CDF,1994-07-25T00:00,0.000,pg/m³,PCDD,
60204,WINDSOR DOWNTOWN,123789-H6CDF,1994-08-18T00:00,0.000,pg/m³,PCDD,
60204,WINDSOR DOWNTOWN,123789-H6CDF,1994-09-11T00:00,0.010,pg/m³,PCDD,
60204,WINDSOR DOWNTOWN,123789-H6CDF,1994-10-05T00:00,0.028,pg/m³,PCDD,
60204,WINDSOR DOWNTOWN,123789-H6CDF,1994-10-29T00:00,0.002,pg/m³,PCDD,
60204,WINDSOR DOWNTOWN,123789-H6CDF,1994-11-22T00:00,0.003,pg/m³,PCDD,
60204,WINDSOR DOWNTOWN,123789-H6CDF,1994-12-16T00:00,0.008,pg/m³,PCDD,
