﻿NAPS_Site_ID,Station_Name,Pollutant,Date,Value,Units,Report_Type,Method
60211,WINDSOR WEST,Benzo(a)Pyrene,2003-01-21T00:00,0.001,µg/m³,PAH,GC-MS
60211,WINDSOR WEST,Benzo(a)Pyrene,2003-02-02T00:00,0.000,µg/m³,PAH,GC-MS
60211,WINDSOR WEST,Benzo(a)Pyrene,2003-02-26T00:00,0.000,µg/m³,PAH,GC-MS
60211,WINDSOR WEST,Benzo(a)Pyrene,2003-03-10T00:00,0.001,µg/m³,PAH,GC-MS
60211,WINDSOR WEST,Benzo(a)Pyrene,2003-03-22T00:00,0.000,µg/m³,PAH,GC-MS
60211,WINDSOR WEST,Benzo(a)Pyrene,2003-04-15T00:00,0.001,µg/m³,PAH,GC-MS
60211,WINDSOR WEST,Benzo(a)Pyrene,2003-07-20T00:00,0.001,µg/m³,PAH,GC-MS
60211,WINDSOR WEST,Benzo(a)Pyrene,2003-08-01T00:00,0.000,µg/m³,PAH,GC-MS
60211,WINDSOR WEST,Benzo(a)Pyrene,2003-08-13T00:00,0.000,µg/m³,PAH,GC-MS
60211,WINDSOR WEST,Benzo(a)Pyrene,2003-08-25T00:00,0.000,µg/m³,PAH,GC-MS
