﻿NAPS_Site_ID,Station_Name,Pollutant,Date,Value,Units,Report_Type,Method
90121,EDMONTON EAST,Butane,1998-01-05T00:00,73.640,µg/m³,VOC,
90121,EDMONTON EAST,Butane,1998-01-11T00:00,41.320,µg/m³,VOC,
90121,EDMONTON EAST,Butane,1998-01-17T00:00,51.940,µg/m³,VOC,
90121,EDMONTON EAST,Butane,1998-01-23T00:00,29.280,µg/m³,VOC,
90121,EDMONTON EAST,Butane,1998-01-29T00:00,119.360,µg/m³,VOC,
90121,EDMONTON EAST,Butane,1998-02-04T00:00,41.360,µg/m³,VOC,
90121,EDMONTON EAST,Butane,1998-02-10T00:00,43.860,µg/m³,VOC,
90121,EDMONTON EAST,Butane,1998-02-16T00:00,135.740,µg/m³,VOC,
90121,EDMONTON EAST,Butane,1998-02-22T00:00,30.360,µg/m³,VOC,
90121,EDMONTON EAST,Butane,1998-02-28T00:00,34.400,µg/m³,VOC,
90121,EDMONTON EAST,Butane,1998-03-06T00:00,35.900,µg/m³,VOC,
90121,EDMONTON EAST,Butane,1998-03-12T00:00,32.000,µg/m³,VOC,
90121,EDMONTON EAST,Butane,1998-03-18T00:00,32.700,µg/m³,VOC,
90121,EDMONTON EAST,Butane,1998-03-24T00:00,39.420,µg/m³,VOC,
90121,EDMONTON EAST,Butane,1998-03-30T00:00,15.780,µg/m³,VOC,
90121,EDMONTON EAST,Butane,1998-04-05T00:00,50.160,µg/m³,VOC,
90121,EDMONTON EAST,Butane,1998-04-11T00:00,11.620,µg/m³,VOC,
90121,EDMONTON EAST,Butane,1998-04-17T00:00,33.260,µg/m³,VOC,
90121,EDMONTON EAST,Butane,1998-04-23T00:00,77.840,µg/m³,VOC,
90121,EDMONTON EAST,Butane,1998-04-29T00:00,15.240,µg/m³,VOC,
90121,EDMONTON EAST,Butane,1998-05-05T00:00,28.400,µg/m³,VOC,
90121,EDMONTON EAST,Butane,1998-05-17T00:00,52.769,µg/m³,VOC,
90121,EDMONTON EAST,Butane,1998-05-23T00:00,38.100,µg/m³,VOC,
90121,EDMONTON EAST,Butane,1998-05-29T00:00,64.157,µg/m³,VOC,
90121,EDMONTON EAST,Butane,1998-06-04T00:00,58.713,µg/m³,VOC,
90121,EDMONTON EAST,Butane,1998-06-10T00:00,22.252,µg/m³,VOC,
90121,EDMONTON EAST,Butane,1998-06-16T00:00,25.394,µg/m³,VOC,
90121,EDMONTON EAST,Butane,1998-06-22T00:00,34.794,µg/m³,VOC,
90121,EDMONTON EAST,Butane,1998-06-28T00:00,20.354,µg/m³,VOC,
90121,EDMONTON EAST,Butane,1998-07-04T00:00,37.358,µg/m³,VOC,
90121,EDMONTON EAST,Butane,1998-07-10T00:00,60.656,µg/m³,VOC,
90121,EDMONTON EAST,Butane,1998-07-16T00:00,49.775,µg/m³,VOC,
90121,EDMONTON EAST,Butane,1998-07-22T00:00,34.413,µg/m³,VOC,
90121,EDMONTON EAST,Butane,1998-08-05T00:00,40.535,µg/m³,VOC,
90121,EDMONTON EAST,Butane,1998-08-09T00:00,34.394,µg/m³,VOC,
90121,EDMONTON EAST,Butane,1998-08-15T00:00,58.168,µg/m³,VOC,
90121,EDMONTON EAST,Butane,1998-08-21T00:00,42.773,µg/m³,VOC,
90121,EDMONTON EAST,Butane,1998-08-27T00:00,16.254,µg/m³,VOC,
90121,EDMONTON EAST,Butane,1998-09-02T00:00,67.845,µg/m³,VOC,
90121,EDMONTON EAST,Butane,1998-09-08T00:00,23.281,µg/m³,VOC,
90121,EDMONTON EAST,Butane,1998-09-14T00:00,124.826,µg/m³,VOC,
90121,EDMONTON EAST,Butane,1998-09-20T00:00,15.386,µg/m³,VOC,
90121,EDMONTON EAST,Butane,1998-09-26T00:00,21.826,µg/m³,VOC,
90121,EDMONTON EAST,Butane,1998-10-02T00:00,20.350,µg/m³,VOC,
90121,EDMONTON EAST,Butane,1998-10-08T00:00,25.520,µg/m³,VOC,
90121,EDMONTON EAST,Butane,1998-10-14T00:00,76.666,µg/m³,VOC,
90121,EDMONTON EAST,Butane,1998-10-26T00:00,52.455,µg/m³,VOC,
90121,EDMONTON EAST,Butane,1998-11-01T00:00,79.221,µg/m³,VOC,
90121,EDMONTON EAST,Butane,1998-11-07T00:00,40.533,µg/m³,VOC,
90121,EDMONTON EAST,Butane,1998-11-13T00:00,190.778,µg/m³,VOC,
90121,EDMONTON EAST,Butane,1998-11-19T00:00,32.210,µg/m³,VOC,
90121,EDMONTON EAST,Butane,1998-11-25T00:00,142.292,µg/m³,VOC,
90121,EDMONTON EAST,Butane,1998-12-01T00:00,49.565,µg/m³,VOC,
90121,EDMONTON EAST,Butane,1998-12-07T00:00,70.192,µg/m³,VOC,
90121,EDMONTON EAST,Butane,1998-12-13T00:00,18.690,µg/m³,VOC,
90121,EDMONTON EAST,Butane,1998-12-19T00:00,8.558,µg/m³,VOC,
90121,EDMONTON EAST,Butane,1998-12-25T00:00,23.012,µg/m³,VOC,
90121,EDMONTON EAST,Butane,1998-12-31T00:00,24.041,µg/m³,VOC,
