﻿NAPS_Site_ID,Station_Name,Pollutant,Date,Value,Units,Report_Type,Method
80110,REGINA-2505 11TH. AVENUE,Isoprene,2006-01-05T00:00,0.069,µg/m³,VOC,GC-MS
80110,REGINA-2505 11TH. AVENUE,Isoprene,2006-02-10T00:00,0.064,µg/m³,VOC,GC-MS
80110,REGINA-2505 11TH. AVENUE,Isoprene,2006-02-16T00:00,0.051,µg/m³,VOC,GC-MS
80110,REGINA-2505 11TH. AVENUE,Isoprene,2006-02-22T00:00,0.126,µg/m³,VOC,GC-MS
80110,REGINA-2505 11TH. AVENUE,Isoprene,2006-02-28T00:00,0.062,µg/m³,VOC,GC-MS
80110,REGINA-2505 11TH. AVENUE,Isoprene,2006-03-06T00:00,0.037,µg/m³,VOC,GC-MS
80110,REGINA-2505 11TH. AVENUE,Isoprene,2006-03-12T00:00,0.077,µg/m³,VOC,GC-MS
80110,REGINA-2505 11TH. AVENUE,Isoprene,2006-03-18T00:00,0.021,µg/m³,VOC,GC-MS
80110,REGINA-2505 11TH. AVENUE,Isoprene,2006-03-24T00:00,0.047,µg/m³,VOC,GC-MS
80110,REGINA-2505 11TH. AVENUE,Isoprene,2006-03-30T00:00,0.050,µg/m³,VOC,GC-MS
80110,REGINA-2505 11TH. AVENUE,Isoprene,2006-04-05T00:00,0.051,µg/m³,VOC,GC-MS
80110,REGINA-2505 11TH. AVENUE,Isoprene,2006-04-11T00:00,0.065,µg/m³,VOC,GC-MS
80110,REGINA-2505 11TH. AVENUE,Isoprene,2006-04-17T00:00,0.036,µg/m³,VOC,GC-MS
80110,REGINA-2505 11TH. AVENUE,Isoprene,2006-04-23T00:00,0.033,µg/m³,VOC,GC-MS
80110,REGINA-2505 11TH. AVENUE,Isoprene,2006-04-29T00:00,0.230,µg/m³,VOC,GC-MS
80110,REGINA-2505 11TH. AVENUE,Isoprene,2006-05-05T00:00,0.095,µg/m³,VOC,GC-MS
80110,REGINA-2505 11TH. AVENUE,Isoprene,2006-05-11T00:00,0.064,µg/m³,VOC,GC-MS
80110,REGINA-2505 11TH. AVENUE,Isoprene,2006-05-17T00:00,0.136,µg/m³,VOC,GC-MS
80110,REGINA-2505 11TH. AVENUE,Isoprene,2006-05-23T00:00,0.103,µg/m³,VOC,GC-MS
80110,REGINA-2505 11TH. AVENUE,Isoprene,2006-05-29T00:00,0.068,µg/m³,VOC,GC-MS
80110,REGINA-2505 11TH. AVENUE,Isoprene,2006-06-04T00:00,0.176,µg/m³,VOC,GC-MS
80110,REGINA-2505 11TH. AVENUE,Isoprene,2006-06-10T00:00,0.025,µg/m³,VOC,GC-MS
80110,REGINA-2505 11TH. AVENUE,Isoprene,2006-06-16T00:00,0.117,µg/m³,VOC,GC-MS
80110,REGINA-2505 11TH. AVENUE,Isoprene,2006-07-10T00:00,0.298,µg/m³,VOC,GC-MS
80110,REGINA-2505 11TH. AVENUE,Isoprene,2006-07-16T00:00,0.625,µg/m³,VOC,GC-MS
80110,REGINA-2505 11TH. AVENUE,Isoprene,2006-08-15T00:00,0.687,µg/m³,VOC,GC-MS
80110,REGINA-2505 11TH. AVENUE,Isoprene,2006-08-27T00:00,0.342,µg/m³,VOC,GC-MS
80110,REGINA-2505 11TH. AVENUE,Isoprene,2006-09-02T00:00,0.161,µg/m³,VOC,GC-MS
80110,REGINA-2505 11TH. AVENUE,Isoprene,2006-09-08T00:00,0.092,µg/m³,VOC,GC-MS
80110,REGINA-2505 11TH. AVENUE,Isoprene,2006-09-14T00:00,0.266,µg/m³,VOC,GC-MS
80110,REGINA-2505 11TH. AVENUE,Isoprene,2006-09-20T00:00,0.080,µg/m³,VOC,GC-MS
80110,REGINA-2505 11TH. AVENUE,Isoprene,2006-09-26T00:00,0.133,µg/m³,VOC,GC-MS
80110,REGINA-2505 11TH. AVENUE,Isoprene,2006-10-02T00:00,0.078,µg/m³,VOC,GC-MS
80110,REGINA-2505 11TH. AVENUE,Isoprene,2006-10-08T00:00,0.097,µg/m³,VOC,GC-MS
80110,REGINA-2505 11TH. AVENUE,Isoprene,2006-10-14T00:00,0.214,µg/m³,VOC,GC-MS
80110,REGINA-2505 11TH. AVENUE,Isoprene,2006-10-20T00:00,0.067,µg/m³,VOC,GC-MS
80110,REGINA-2505 11TH. AVENUE,Isoprene,2006-10-26T00:00,0.038,µg/m³,VOC,GC-MS
80110,REGINA-2505 11TH. AVENUE,Isoprene,2006-11-01T00:00,0.049,µg/m³,VOC,GC-MS
80110,REGINA-2505 11TH. AVENUE,Isoprene,2006-11-07T00:00,0.061,µg/m³,VOC,GC-MS
80110,REGINA-2505 11TH. AVENUE,Isoprene,2006-11-13T00:00,0.034,µg/m³,VOC,GC-MS
80110,REGINA-2505 11TH. AVENUE,Isoprene,2006-11-19T00:00,0.073,µg/m³,VOC,GC-MS
80110,REGINA-2505 11TH. AVENUE,Isoprene,2006-11-25T00:00,0.014,µg/m³,VOC,GC-MS
80110,REGINA-2505 11TH. AVENUE,Isoprene,2006-12-01T00:00,0.047,µg/m³,VOC,GC-MS
80110,REGINA-2505 11TH. AVENUE,Isoprene,2006-12-07T00:00,0.102,µg/m³,VOC,GC-MS
80110,REGINA-2505 11TH. AVENUE,Isoprene,2006-12-13T00:00,0.110,µg/m³,VOC,GC-MS
80110,REGINA-2505 11TH. AVENUE,Isoprene,2006-12-19T00:00,0.069,µg/m³,VOC,GC-MS
80110,REGINA-2505 11TH. AVENUE,Isoprene,2006-12-25T00:00,0.033,µg/m³,VOC,GC-MS
80110,REGINA-2505 11TH. AVENUE,Isoprene,2006-12-31T00:00,0.105,µg/m³,VOC,GC-MS
