﻿NAPS_Site_ID,Station_Name,Pollutant,Date,Value,Units,Report_Type,Method
30113,JOHNSTON BUILDING,Sulphur Dioxide,2008-01-10T00:00,4.007,µg/m³,SPEC,IC
30113,JOHNSTON BUILDING,Sulphur Dioxide,2008-01-13T00:00,6.536,µg/m³,SPEC,IC
30113,JOHNSTON BUILDING,Sulphur Dioxide,2008-01-16T00:00,6.472,µg/m³,SPEC,IC
30113,JOHNSTON BUILDING,Sulphur Dioxide,2008-01-19T00:00,10.014,µg/m³,SPEC,IC
30113,JOHNSTON BUILDING,Sulphur Dioxide,2008-01-25T00:00,11.467,µg/m³,SPEC,IC
30113,JOHNSTON BUILDING,Sulphur Dioxide,2008-01-28T00:00,1.921,µg/m³,SPEC,IC
30113,JOHNSTON BUILDING,Sulphur Dioxide,2008-05-13T00:00,8.158,µg/m³,SPEC,IC
30113,JOHNSTON BUILDING,Sulphur Dioxide,2008-05-16T00:00,10.303,µg/m³,SPEC,IC
30113,JOHNSTON BUILDING,Sulphur Dioxide,2008-05-31T00:00,8.686,µg/m³,SPEC,IC
30113,JOHNSTON BUILDING,Sulphur Dioxide,2008-06-03T00:00,5.939,µg/m³,SPEC,IC
30113,JOHNSTON BUILDING,Sulphur Dioxide,2008-07-18T00:00,7.920,µg/m³,SPEC,IC
30113,JOHNSTON BUILDING,Sulphur Dioxide,2008-07-21T00:00,9.686,µg/m³,SPEC,IC
30113,JOHNSTON BUILDING,Sulphur Dioxide,2008-07-24T00:00,16.651,µg/m³,SPEC,IC
