﻿NAPS_Site_ID,Station_Name,Pollutant,Date,Value,Units,Report_Type,Method
101401,HOPE AIRPORT,Hexane,2000-01-19T00:00,0.170,µg/m³,VOC,N/A
101401,HOPE AIRPORT,Hexane,2000-03-07T00:00,0.270,µg/m³,VOC,N/A
101401,HOPE AIRPORT,Hexane,2000-04-12T00:00,0.270,µg/m³,VOC,N/A
101401,HOPE AIRPORT,Hexane,2000-05-18T00:00,0.240,µg/m³,VOC,N/A
101401,HOPE AIRPORT,Hexane,2000-06-23T00:00,0.250,µg/m³,VOC,N/A
101401,HOPE AIRPORT,Hexane,2000-07-29T00:00,0.220,µg/m³,VOC,N/A
101401,HOPE AIRPORT,Hexane,2000-09-09T00:00,0.190,µg/m³,VOC,N/A
101401,HOPE AIRPORT,Hexane,2000-10-21T00:00,0.190,µg/m³,VOC,N/A
101401,HOPE AIRPORT,Hexane,2000-11-26T00:00,0.300,µg/m³,VOC,N/A
