﻿NAPS_Site_ID,Station_Name,Pollutant,Date,Value,Units,Report_Type,Method
30118,VOGUE BUILDING,cis-2-Pentene,1996-01-04T00:00,0.117,µg/m³,VOC,GC-MS
30118,VOGUE BUILDING,cis-2-Pentene,1996-01-10T00:00,0.580,µg/m³,VOC,GC-MS
30118,VOGUE BUILDING,cis-2-Pentene,1996-01-16T00:00,0.189,µg/m³,VOC,GC-MS
30118,VOGUE BUILDING,cis-2-Pentene,1996-01-22T00:00,0.472,µg/m³,VOC,GC-MS
30118,VOGUE BUILDING,cis-2-Pentene,1996-01-28T00:00,0.266,µg/m³,VOC,GC-MS
30118,VOGUE BUILDING,cis-2-Pentene,1996-02-03T00:00,0.186,µg/m³,VOC,GC-MS
30118,VOGUE BUILDING,cis-2-Pentene,1996-02-09T00:00,0.378,µg/m³,VOC,GC-MS
30118,VOGUE BUILDING,cis-2-Pentene,1996-02-15T00:00,0.296,µg/m³,VOC,GC-MS
30118,VOGUE BUILDING,cis-2-Pentene,1996-02-21T00:00,0.315,µg/m³,VOC,GC-MS
30118,VOGUE BUILDING,cis-2-Pentene,1996-02-27T00:00,0.108,µg/m³,VOC,GC-MS
30118,VOGUE BUILDING,cis-2-Pentene,1996-03-04T00:00,0.059,µg/m³,VOC,GC-MS
30118,VOGUE BUILDING,cis-2-Pentene,1996-03-10T00:00,0.136,µg/m³,VOC,GC-MS
30118,VOGUE BUILDING,cis-2-Pentene,1996-03-16T00:00,0.187,µg/m³,VOC,GC-MS
30118,VOGUE BUILDING,cis-2-Pentene,1996-03-22T00:00,0.272,µg/m³,VOC,GC-MS
30118,VOGUE BUILDING,cis-2-Pentene,1996-03-28T00:00,0.194,µg/m³,VOC,GC-MS
30118,VOGUE BUILDING,cis-2-Pentene,1996-04-03T00:00,0.072,µg/m³,VOC,GC-MS
30118,VOGUE BUILDING,cis-2-Pentene,1996-04-09T00:00,0.308,µg/m³,VOC,GC-MS
30118,VOGUE BUILDING,cis-2-Pentene,1996-04-15T00:00,0.146,µg/m³,VOC,GC-MS
30118,VOGUE BUILDING,cis-2-Pentene,1996-04-21T00:00,0.235,µg/m³,VOC,GC-MS
30118,VOGUE BUILDING,cis-2-Pentene,1996-04-27T00:00,0.271,µg/m³,VOC,GC-MS
30118,VOGUE BUILDING,cis-2-Pentene,1996-05-03T00:00,0.324,µg/m³,VOC,GC-MS
30118,VOGUE BUILDING,cis-2-Pentene,1996-05-09T00:00,0.207,µg/m³,VOC,GC-MS
30118,VOGUE BUILDING,cis-2-Pentene,1996-05-15T00:00,0.338,µg/m³,VOC,GC-MS
30118,VOGUE BUILDING,cis-2-Pentene,1996-05-21T00:00,0.960,µg/m³,VOC,GC-MS
30118,VOGUE BUILDING,cis-2-Pentene,1996-05-27T00:00,0.305,µg/m³,VOC,GC-MS
30118,VOGUE BUILDING,cis-2-Pentene,1996-06-02T00:00,0.289,µg/m³,VOC,GC-MS
30118,VOGUE BUILDING,cis-2-Pentene,1996-06-08T00:00,0.297,µg/m³,VOC,GC-MS
30118,VOGUE BUILDING,cis-2-Pentene,1996-06-14T00:00,0.463,µg/m³,VOC,GC-MS
30118,VOGUE BUILDING,cis-2-Pentene,1996-06-20T00:00,0.601,µg/m³,VOC,GC-MS
30118,VOGUE BUILDING,cis-2-Pentene,1996-06-26T00:00,0.123,µg/m³,VOC,GC-MS
30118,VOGUE BUILDING,cis-2-Pentene,1996-07-02T00:00,0.398,µg/m³,VOC,GC-MS
30118,VOGUE BUILDING,cis-2-Pentene,1996-07-08T00:00,0.617,µg/m³,VOC,GC-MS
30118,VOGUE BUILDING,cis-2-Pentene,1996-07-14T00:00,0.220,µg/m³,VOC,GC-MS
30118,VOGUE BUILDING,cis-2-Pentene,1996-07-20T00:00,0.120,µg/m³,VOC,GC-MS
30118,VOGUE BUILDING,cis-2-Pentene,1996-07-26T00:00,0.428,µg/m³,VOC,GC-MS
30118,VOGUE BUILDING,cis-2-Pentene,1996-08-01T00:00,0.674,µg/m³,VOC,GC-MS
30118,VOGUE BUILDING,cis-2-Pentene,1996-08-07T00:00,0.650,µg/m³,VOC,GC-MS
30118,VOGUE BUILDING,cis-2-Pentene,1996-08-13T00:00,0.683,µg/m³,VOC,GC-MS
30118,VOGUE BUILDING,cis-2-Pentene,1996-08-19T00:00,0.220,µg/m³,VOC,GC-MS
30118,VOGUE BUILDING,cis-2-Pentene,1996-08-25T00:00,0.303,µg/m³,VOC,GC-MS
30118,VOGUE BUILDING,cis-2-Pentene,1996-08-31T00:00,0.287,µg/m³,VOC,GC-MS
30118,VOGUE BUILDING,cis-2-Pentene,1996-09-06T00:00,0.286,µg/m³,VOC,GC-MS
30118,VOGUE BUILDING,cis-2-Pentene,1996-09-12T00:00,0.865,µg/m³,VOC,GC-MS
30118,VOGUE BUILDING,cis-2-Pentene,1996-09-24T00:00,0.356,µg/m³,VOC,GC-MS
30118,VOGUE BUILDING,cis-2-Pentene,1996-09-30T00:00,0.405,µg/m³,VOC,GC-MS
30118,VOGUE BUILDING,cis-2-Pentene,1996-10-06T00:00,0.677,µg/m³,VOC,GC-MS
30118,VOGUE BUILDING,cis-2-Pentene,1996-10-12T00:00,0.290,µg/m³,VOC,GC-MS
30118,VOGUE BUILDING,cis-2-Pentene,1996-10-24T00:00,0.838,µg/m³,VOC,GC-MS
30118,VOGUE BUILDING,cis-2-Pentene,1996-10-30T00:00,0.294,µg/m³,VOC,GC-MS
30118,VOGUE BUILDING,cis-2-Pentene,1996-11-05T00:00,0.235,µg/m³,VOC,GC-MS
30118,VOGUE BUILDING,cis-2-Pentene,1996-11-11T00:00,0.126,µg/m³,VOC,GC-MS
30118,VOGUE BUILDING,cis-2-Pentene,1996-11-17T00:00,0.062,µg/m³,VOC,GC-MS
30118,VOGUE BUILDING,cis-2-Pentene,1996-11-23T00:00,0.239,µg/m³,VOC,GC-MS
30118,VOGUE BUILDING,cis-2-Pentene,1996-11-29T00:00,0.260,µg/m³,VOC,GC-MS
30118,VOGUE BUILDING,cis-2-Pentene,1996-12-05T00:00,0.200,µg/m³,VOC,GC-MS
30118,VOGUE BUILDING,cis-2-Pentene,1996-12-11T00:00,0.580,µg/m³,VOC,GC-MS
30118,VOGUE BUILDING,cis-2-Pentene,1996-12-17T00:00,0.960,µg/m³,VOC,GC-MS
30118,VOGUE BUILDING,cis-2-Pentene,1996-12-23T00:00,0.720,µg/m³,VOC,GC-MS
30118,VOGUE BUILDING,cis-2-Pentene,1996-12-29T00:00,0.260,µg/m³,VOC,GC-MS
