﻿NAPS_Site_ID,Station_Name,Pollutant,Date,Value,Units,Report_Type,Method
101101,CHILLIWACK AIRPORT,Naphthalene,2003-01-21T00:00,0.051,µg/m³,VOC,GC-MS
101101,CHILLIWACK AIRPORT,Naphthalene,2003-02-14T00:00,0.210,µg/m³,VOC,GC-MS
101101,CHILLIWACK AIRPORT,Naphthalene,2003-03-04T00:00,0.085,µg/m³,VOC,GC-MS
101101,CHILLIWACK AIRPORT,Naphthalene,2003-03-28T00:00,0.062,µg/m³,VOC,GC-MS
101101,CHILLIWACK AIRPORT,Naphthalene,2003-04-15T00:00,0.160,µg/m³,VOC,GC-MS
101101,CHILLIWACK AIRPORT,Naphthalene,2003-05-03T00:00,0.099,µg/m³,VOC,GC-MS
101101,CHILLIWACK AIRPORT,Naphthalene,2003-05-21T00:00,0.082,µg/m³,VOC,GC-MS
101101,CHILLIWACK AIRPORT,Naphthalene,2003-06-14T00:00,0.070,µg/m³,VOC,GC-MS
101101,CHILLIWACK AIRPORT,Naphthalene,2003-07-08T00:00,0.059,µg/m³,VOC,GC-MS
101101,CHILLIWACK AIRPORT,Naphthalene,2003-08-01T00:00,0.090,µg/m³,VOC,GC-MS
101101,CHILLIWACK AIRPORT,Naphthalene,2003-08-31T00:00,0.078,µg/m³,VOC,GC-MS
101101,CHILLIWACK AIRPORT,Naphthalene,2003-09-24T00:00,0.103,µg/m³,VOC,GC-MS
101101,CHILLIWACK AIRPORT,Naphthalene,2003-10-18T00:00,0.110,µg/m³,VOC,GC-MS
101101,CHILLIWACK AIRPORT,Naphthalene,2003-11-05T00:00,0.142,µg/m³,VOC,GC-MS
101101,CHILLIWACK AIRPORT,Naphthalene,2003-11-23T00:00,0.081,µg/m³,VOC,GC-MS
