﻿NAPS_Site_ID,Station_Name,Pollutant,Date,Value,Units,Report_Type,Method
100111,ROCKY POINT PARK,Decane,2019-01-03T00:00,0.098,µg/m³,VOC,GC-MS
100111,ROCKY POINT PARK,Decane,2019-01-09T00:00,0.218,µg/m³,VOC,GC-MS
100111,ROCKY POINT PARK,Decane,2019-01-15T00:00,0.404,µg/m³,VOC,GC-MS
100111,ROCKY POINT PARK,Decane,2019-02-02T00:00,0.105,µg/m³,VOC,GC-MS
100111,ROCKY POINT PARK,Decane,2019-02-08T00:00,0.103,µg/m³,VOC,GC-MS
100111,ROCKY POINT PARK,Decane,2019-02-14T00:00,0.194,µg/m³,VOC,GC-MS
100111,ROCKY POINT PARK,Decane,2019-02-20T00:00,0.110,µg/m³,VOC,GC-MS
100111,ROCKY POINT PARK,Decane,2019-02-26T00:00,0.086,µg/m³,VOC,GC-MS
100111,ROCKY POINT PARK,Decane,2019-03-04T00:00,0.064,µg/m³,VOC,GC-MS
100111,ROCKY POINT PARK,Decane,2019-03-10T00:00,0.085,µg/m³,VOC,GC-MS
100111,ROCKY POINT PARK,Decane,2019-03-16T00:00,0.107,µg/m³,VOC,GC-MS
100111,ROCKY POINT PARK,Decane,2019-03-22T00:00,0.155,µg/m³,VOC,GC-MS
100111,ROCKY POINT PARK,Decane,2019-03-28T00:00,0.115,µg/m³,VOC,GC-MS
100111,ROCKY POINT PARK,Decane,2019-04-03T00:00,0.116,µg/m³,VOC,GC-MS
100111,ROCKY POINT PARK,Decane,2019-04-09T00:00,0.077,µg/m³,VOC,GC-MS
100111,ROCKY POINT PARK,Decane,2019-04-15T00:00,0.052,µg/m³,VOC,GC-MS
100111,ROCKY POINT PARK,Decane,2019-04-21T00:00,0.099,µg/m³,VOC,GC-MS
100111,ROCKY POINT PARK,Decane,2019-04-27T00:00,0.091,µg/m³,VOC,GC-MS
100111,ROCKY POINT PARK,Decane,2019-05-03T00:00,0.231,µg/m³,VOC,GC-MS
100111,ROCKY POINT PARK,Decane,2019-05-09T00:00,0.292,µg/m³,VOC,GC-MS
100111,ROCKY POINT PARK,Decane,2019-05-15T00:00,0.209,µg/m³,VOC,GC-MS
100111,ROCKY POINT PARK,Decane,2019-05-21T00:00,0.153,µg/m³,VOC,GC-MS
100111,ROCKY POINT PARK,Decane,2019-05-27T00:00,0.264,µg/m³,VOC,GC-MS
100111,ROCKY POINT PARK,Decane,2019-06-02T00:00,0.258,µg/m³,VOC,GC-MS
100111,ROCKY POINT PARK,Decane,2019-06-08T00:00,0.121,µg/m³,VOC,GC-MS
100111,ROCKY POINT PARK,Decane,2019-06-14T00:00,0.174,µg/m³,VOC,GC-MS
100111,ROCKY POINT PARK,Decane,2019-06-26T00:00,0.186,µg/m³,VOC,GC-MS
100111,ROCKY POINT PARK,Decane,2019-07-02T00:00,0.139,µg/m³,VOC,GC-MS
100111,ROCKY POINT PARK,Decane,2019-07-08T00:00,0.277,µg/m³,VOC,GC-MS
100111,ROCKY POINT PARK,Decane,2019-07-14T00:00,0.206,µg/m³,VOC,GC-MS
100111,ROCKY POINT PARK,Decane,2019-07-20T00:00,0.129,µg/m³,VOC,GC-MS
100111,ROCKY POINT PARK,Decane,2019-07-26T00:00,0.249,µg/m³,VOC,GC-MS
100111,ROCKY POINT PARK,Decane,2019-08-01T00:00,0.198,µg/m³,VOC,GC-MS
100111,ROCKY POINT PARK,Decane,2019-08-07T00:00,0.226,µg/m³,VOC,GC-MS
100111,ROCKY POINT PARK,Decane,2019-08-13T00:00,0.192,µg/m³,VOC,GC-MS
100111,ROCKY POINT PARK,Decane,2019-08-19T00:00,0.150,µg/m³,VOC,GC-MS
100111,ROCKY POINT PARK,Decane,2019-08-31T00:00,0.153,µg/m³,VOC,GC-MS
100111,ROCKY POINT PARK,Decane,2019-09-06T00:00,0.190,µg/m³,VOC,GC-MS
100111,ROCKY POINT PARK,Decane,2019-09-12T00:00,0.097,µg/m³,VOC,GC-MS
100111,ROCKY POINT PARK,Decane,2019-09-18T00:00,0.123,µg/m³,VOC,GC-MS
100111,ROCKY POINT PARK,Decane,2019-09-24T00:00,0.109,µg/m³,VOC,GC-MS
100111,ROCKY POINT PARK,Decane,2019-09-30T00:00,0.091,µg/m³,VOC,GC-MS
100111,ROCKY POINT PARK,Decane,2019-10-06T00:00,0.151,µg/m³,VOC,GC-MS
100111,ROCKY POINT PARK,Decane,2019-10-12T00:00,0.143,µg/m³,VOC,GC-MS
100111,ROCKY POINT PARK,Decane,2019-10-18T00:00,0.063,µg/m³,VOC,GC-MS
100111,ROCKY POINT PARK,Decane,2019-10-24T00:00,0.127,µg/m³,VOC,GC-MS
100111,ROCKY POINT PARK,Decane,2019-10-30T00:00,0.140,µg/m³,VOC,GC-MS
100111,ROCKY POINT PARK,Decane,2019-11-05T00:00,0.194,µg/m³,VOC,GC-MS
100111,ROCKY POINT PARK,Decane,2019-11-11T00:00,0.111,µg/m³,VOC,GC-MS
100111,ROCKY POINT PARK,Decane,2019-11-17T00:00,0.111,µg/m³,VOC,GC-MS
100111,ROCKY POINT PARK,Decane,2019-11-23T00:00,0.178,µg/m³,VOC,GC-MS
100111,ROCKY POINT PARK,Decane,2019-11-29T00:00,0.171,µg/m³,VOC,GC-MS
100111,ROCKY POINT PARK,Decane,2019-12-05T00:00,0.115,µg/m³,VOC,GC-MS
100111,ROCKY POINT PARK,Decane,2019-12-11T00:00,0.090,µg/m³,VOC,GC-MS
100111,ROCKY POINT PARK,Decane,2019-12-17T00:00,0.117,µg/m³,VOC,GC-MS
100111,ROCKY POINT PARK,Decane,2019-12-23T00:00,0.103,µg/m³,VOC,GC-MS
