﻿NAPS_Site_ID,Station_Name,Pollutant,Date,Value,Units,Report_Type,Method
60211,WINDSOR WEST,Strontium,2003-01-03T00:00,0.000,µg/m³,DICHOT,EDXRF
60211,WINDSOR WEST,Strontium,2003-01-03T00:00,0.000,µg/m³,DICHOT,EDXRF
60211,WINDSOR WEST,Strontium,2003-01-09T00:00,0.001,µg/m³,DICHOT,EDXRF
60211,WINDSOR WEST,Strontium,2003-01-09T00:00,0.001,µg/m³,DICHOT,EDXRF
60211,WINDSOR WEST,Strontium,2003-01-21T00:00,0.001,µg/m³,DICHOT,EDXRF
60211,WINDSOR WEST,Strontium,2003-01-21T00:00,0.002,µg/m³,DICHOT,EDXRF
60211,WINDSOR WEST,Strontium,2003-01-27T00:00,0.000,µg/m³,DICHOT,EDXRF
60211,WINDSOR WEST,Strontium,2003-01-27T00:00,0.001,µg/m³,DICHOT,EDXRF
60211,WINDSOR WEST,Strontium,2003-02-08T00:00,0.000,µg/m³,DICHOT,EDXRF
60211,WINDSOR WEST,Strontium,2003-02-08T00:00,0.004,µg/m³,DICHOT,EDXRF
60211,WINDSOR WEST,Strontium,2003-02-14T00:00,0.001,µg/m³,DICHOT,EDXRF
60211,WINDSOR WEST,Strontium,2003-02-14T00:00,0.003,µg/m³,DICHOT,EDXRF
60211,WINDSOR WEST,Strontium,2003-02-20T00:00,0.001,µg/m³,DICHOT,EDXRF
60211,WINDSOR WEST,Strontium,2003-02-20T00:00,0.002,µg/m³,DICHOT,EDXRF
60211,WINDSOR WEST,Strontium,2003-02-26T00:00,0.000,µg/m³,DICHOT,EDXRF
60211,WINDSOR WEST,Strontium,2003-02-26T00:00,0.001,µg/m³,DICHOT,EDXRF
60211,WINDSOR WEST,Strontium,2003-03-04T00:00,0.001,µg/m³,DICHOT,EDXRF
60211,WINDSOR WEST,Strontium,2003-03-04T00:00,0.001,µg/m³,DICHOT,EDXRF
60211,WINDSOR WEST,Strontium,2003-03-28T00:00,0.001,µg/m³,DICHOT,EDXRF
60211,WINDSOR WEST,Strontium,2003-03-28T00:00,0.003,µg/m³,DICHOT,EDXRF
