﻿NAPS_Site_ID,Station_Name,Pollutant,Date,Value,Units,Report_Type,Method
50134,MONTRÉAL-MOLSON or MONTRÉAL-SAINT-JOSEPH,Indane,2019-01-09T00:00,0.008,µg/m³,VOC,GC-MS
50134,MONTRÉAL-MOLSON or MONTRÉAL-SAINT-JOSEPH,Indane,2019-01-15T00:00,0.008,µg/m³,VOC,GC-MS
50134,MONTRÉAL-MOLSON or MONTRÉAL-SAINT-JOSEPH,Indane,2019-01-21T00:00,0.000,µg/m³,VOC,GC-MS
50134,MONTRÉAL-MOLSON or MONTRÉAL-SAINT-JOSEPH,Indane,2019-01-27T00:00,0.003,µg/m³,VOC,GC-MS
50134,MONTRÉAL-MOLSON or MONTRÉAL-SAINT-JOSEPH,Indane,2019-02-02T00:00,0.004,µg/m³,VOC,GC-MS
50134,MONTRÉAL-MOLSON or MONTRÉAL-SAINT-JOSEPH,Indane,2019-02-08T00:00,0.007,µg/m³,VOC,GC-MS
50134,MONTRÉAL-MOLSON or MONTRÉAL-SAINT-JOSEPH,Indane,2019-02-26T00:00,0.002,µg/m³,VOC,GC-MS
50134,MONTRÉAL-MOLSON or MONTRÉAL-SAINT-JOSEPH,Indane,2019-03-04T00:00,0.002,µg/m³,VOC,GC-MS
50134,MONTRÉAL-MOLSON or MONTRÉAL-SAINT-JOSEPH,Indane,2019-03-10T00:00,0.006,µg/m³,VOC,GC-MS
50134,MONTRÉAL-MOLSON or MONTRÉAL-SAINT-JOSEPH,Indane,2019-03-16T00:00,0.004,µg/m³,VOC,GC-MS
50134,MONTRÉAL-MOLSON or MONTRÉAL-SAINT-JOSEPH,Indane,2019-03-22T00:00,0.008,µg/m³,VOC,GC-MS
50134,MONTRÉAL-MOLSON or MONTRÉAL-SAINT-JOSEPH,Indane,2019-03-28T00:00,0.008,µg/m³,VOC,GC-MS
50134,MONTRÉAL-MOLSON or MONTRÉAL-SAINT-JOSEPH,Indane,2019-04-03T00:00,0.004,µg/m³,VOC,GC-MS
50134,MONTRÉAL-MOLSON or MONTRÉAL-SAINT-JOSEPH,Indane,2019-04-09T00:00,0.005,µg/m³,VOC,GC-MS
50134,MONTRÉAL-MOLSON or MONTRÉAL-SAINT-JOSEPH,Indane,2019-05-03T00:00,0.013,µg/m³,VOC,GC-MS
50134,MONTRÉAL-MOLSON or MONTRÉAL-SAINT-JOSEPH,Indane,2019-05-09T00:00,0.005,µg/m³,VOC,GC-MS
50134,MONTRÉAL-MOLSON or MONTRÉAL-SAINT-JOSEPH,Indane,2019-05-15T00:00,0.008,µg/m³,VOC,GC-MS
50134,MONTRÉAL-MOLSON or MONTRÉAL-SAINT-JOSEPH,Indane,2019-05-21T00:00,0.005,µg/m³,VOC,GC-MS
50134,MONTRÉAL-MOLSON or MONTRÉAL-SAINT-JOSEPH,Indane,2019-05-27T00:00,0.008,µg/m³,VOC,GC-MS
50134,MONTRÉAL-MOLSON or MONTRÉAL-SAINT-JOSEPH,Indane,2019-06-02T00:00,0.010,µg/m³,VOC,GC-MS
50134,MONTRÉAL-MOLSON or MONTRÉAL-SAINT-JOSEPH,Indane,2019-06-08T00:00,0.008,µg/m³,VOC,GC-MS
50134,MONTRÉAL-MOLSON or MONTRÉAL-SAINT-JOSEPH,Indane,2019-06-14T00:00,0.009,µg/m³,VOC,GC-MS
50134,MONTRÉAL-MOLSON or MONTRÉAL-SAINT-JOSEPH,Indane,2019-06-20T00:00,0.011,µg/m³,VOC,GC-MS
50134,MONTRÉAL-MOLSON or MONTRÉAL-SAINT-JOSEPH,Indane,2019-06-26T00:00,0.013,µg/m³,VOC,GC-MS
50134,MONTRÉAL-MOLSON or MONTRÉAL-SAINT-JOSEPH,Indane,2019-07-02T00:00,0.013,µg/m³,VOC,GC-MS
50134,MONTRÉAL-MOLSON or MONTRÉAL-SAINT-JOSEPH,Indane,2019-07-08T00:00,0.016,µg/m³,VOC,GC-MS
50134,MONTRÉAL-MOLSON or MONTRÉAL-SAINT-JOSEPH,Indane,2019-07-14T00:00,0.007,µg/m³,VOC,GC-MS
50134,MONTRÉAL-MOLSON or MONTRÉAL-SAINT-JOSEPH,Indane,2019-07-20T00:00,0.012,µg/m³,VOC,GC-MS
50134,MONTRÉAL-MOLSON or MONTRÉAL-SAINT-JOSEPH,Indane,2019-07-26T00:00,0.016,µg/m³,VOC,GC-MS
50134,MONTRÉAL-MOLSON or MONTRÉAL-SAINT-JOSEPH,Indane,2019-08-01T00:00,0.016,µg/m³,VOC,GC-MS
50134,MONTRÉAL-MOLSON or MONTRÉAL-SAINT-JOSEPH,Indane,2019-08-07T00:00,0.018,µg/m³,VOC,GC-MS
50134,MONTRÉAL-MOLSON or MONTRÉAL-SAINT-JOSEPH,Indane,2019-08-13T00:00,0.008,µg/m³,VOC,GC-MS
50134,MONTRÉAL-MOLSON or MONTRÉAL-SAINT-JOSEPH,Indane,2019-08-19T00:00,0.013,µg/m³,VOC,GC-MS
50134,MONTRÉAL-MOLSON or MONTRÉAL-SAINT-JOSEPH,Indane,2019-08-25T00:00,0.015,µg/m³,VOC,GC-MS
50134,MONTRÉAL-MOLSON or MONTRÉAL-SAINT-JOSEPH,Indane,2019-08-31T00:00,0.008,µg/m³,VOC,GC-MS
50134,MONTRÉAL-MOLSON or MONTRÉAL-SAINT-JOSEPH,Indane,2019-09-06T00:00,0.022,µg/m³,VOC,GC-MS
50134,MONTRÉAL-MOLSON or MONTRÉAL-SAINT-JOSEPH,Indane,2019-09-12T00:00,0.010,µg/m³,VOC,GC-MS
50134,MONTRÉAL-MOLSON or MONTRÉAL-SAINT-JOSEPH,Indane,2019-09-18T00:00,0.022,µg/m³,VOC,GC-MS
50134,MONTRÉAL-MOLSON or MONTRÉAL-SAINT-JOSEPH,Indane,2019-09-30T00:00,0.013,µg/m³,VOC,GC-MS
50134,MONTRÉAL-MOLSON or MONTRÉAL-SAINT-JOSEPH,Indane,2019-10-06T00:00,0.011,µg/m³,VOC,GC-MS
50134,MONTRÉAL-MOLSON or MONTRÉAL-SAINT-JOSEPH,Indane,2019-10-12T00:00,0.009,µg/m³,VOC,GC-MS
50134,MONTRÉAL-MOLSON or MONTRÉAL-SAINT-JOSEPH,Indane,2019-10-18T00:00,0.012,µg/m³,VOC,GC-MS
50134,MONTRÉAL-MOLSON or MONTRÉAL-SAINT-JOSEPH,Indane,2019-10-24T00:00,0.021,µg/m³,VOC,GC-MS
50134,MONTRÉAL-MOLSON or MONTRÉAL-SAINT-JOSEPH,Indane,2019-10-30T00:00,0.025,µg/m³,VOC,GC-MS
50134,MONTRÉAL-MOLSON or MONTRÉAL-SAINT-JOSEPH,Indane,2019-11-05T00:00,0.025,µg/m³,VOC,GC-MS
50134,MONTRÉAL-MOLSON or MONTRÉAL-SAINT-JOSEPH,Indane,2019-11-11T00:00,0.004,µg/m³,VOC,GC-MS
50134,MONTRÉAL-MOLSON or MONTRÉAL-SAINT-JOSEPH,Indane,2019-11-17T00:00,0.016,µg/m³,VOC,GC-MS
50134,MONTRÉAL-MOLSON or MONTRÉAL-SAINT-JOSEPH,Indane,2019-11-29T00:00,0.007,µg/m³,VOC,GC-MS
50134,MONTRÉAL-MOLSON or MONTRÉAL-SAINT-JOSEPH,Indane,2019-12-05T00:00,0.018,µg/m³,VOC,GC-MS
50134,MONTRÉAL-MOLSON or MONTRÉAL-SAINT-JOSEPH,Indane,2019-12-11T00:00,0.006,µg/m³,VOC,GC-MS
50134,MONTRÉAL-MOLSON or MONTRÉAL-SAINT-JOSEPH,Indane,2019-12-17T00:00,0.016,µg/m³,VOC,GC-MS
50134,MONTRÉAL-MOLSON or MONTRÉAL-SAINT-JOSEPH,Indane,2019-12-23T00:00,0.014,µg/m³,VOC,GC-MS
