﻿NAPS_Site_ID,Station_Name,Pollutant,Date,Value,Units,Report_Type,Method
101401,HOPE AIRPORT,Methylcyclopentane,2005-01-28T00:00,0.051,µg/m³,VOC,N/A
101401,HOPE AIRPORT,Methylcyclopentane,2005-02-15T00:00,0.019,µg/m³,VOC,N/A
101401,HOPE AIRPORT,Methylcyclopentane,2005-03-05T00:00,0.063,µg/m³,VOC,N/A
101401,HOPE AIRPORT,Methylcyclopentane,2005-03-23T00:00,0.037,µg/m³,VOC,N/A
101401,HOPE AIRPORT,Methylcyclopentane,2005-04-28T00:00,0.021,µg/m³,VOC,N/A
101401,HOPE AIRPORT,Methylcyclopentane,2005-05-16T00:00,0.019,µg/m³,VOC,N/A
101401,HOPE AIRPORT,Methylcyclopentane,2005-06-03T00:00,0.046,µg/m³,VOC,N/A
101401,HOPE AIRPORT,Methylcyclopentane,2005-06-21T00:00,0.058,µg/m³,VOC,N/A
101401,HOPE AIRPORT,Methylcyclopentane,2005-07-09T00:00,0.018,µg/m³,VOC,N/A
101401,HOPE AIRPORT,Methylcyclopentane,2005-07-27T00:00,0.071,µg/m³,VOC,N/A
101401,HOPE AIRPORT,Methylcyclopentane,2005-09-01T00:00,0.000,µg/m³,VOC,N/A
101401,HOPE AIRPORT,Methylcyclopentane,2005-09-19T00:00,0.047,µg/m³,VOC,N/A
101401,HOPE AIRPORT,Methylcyclopentane,2005-10-07T00:00,0.033,µg/m³,VOC,N/A
101401,HOPE AIRPORT,Methylcyclopentane,2005-11-12T00:00,0.033,µg/m³,VOC,N/A
101401,HOPE AIRPORT,Methylcyclopentane,2005-12-18T00:00,0.018,µg/m³,VOC,N/A
