﻿NAPS_Site_ID,Station_Name,Pollutant,Date,Value,Units,Report_Type,Method
60104,OTTAWA DOWNTOWN,EC2(A),2018-01-02T00:00,0.322,µg/m³,PM2.5,TOR(OC/EC)
60104,OTTAWA DOWNTOWN,EC2(A),2018-01-08T00:00,0.148,µg/m³,PM2.5,TOR(OC/EC)
60104,OTTAWA DOWNTOWN,EC2(A),2018-01-14T00:00,0.192,µg/m³,PM2.5,TOR(OC/EC)
60104,OTTAWA DOWNTOWN,EC2(A),2018-01-20T00:00,0.196,µg/m³,PM2.5,TOR(OC/EC)
60104,OTTAWA DOWNTOWN,EC2(A),2018-01-26T00:00,0.301,µg/m³,PM2.5,TOR(OC/EC)
60104,OTTAWA DOWNTOWN,EC2(A),2018-02-01T00:00,0.267,µg/m³,PM2.5,TOR(OC/EC)
60104,OTTAWA DOWNTOWN,EC2(A),2018-02-07T00:00,0.255,µg/m³,PM2.5,TOR(OC/EC)
60104,OTTAWA DOWNTOWN,EC2(A),2018-02-13T00:00,0.108,µg/m³,PM2.5,TOR(OC/EC)
60104,OTTAWA DOWNTOWN,EC2(A),2018-02-19T00:00,0.219,µg/m³,PM2.5,TOR(OC/EC)
60104,OTTAWA DOWNTOWN,EC2(A),2018-02-25T00:00,0.065,µg/m³,PM2.5,TOR(OC/EC)
60104,OTTAWA DOWNTOWN,EC2(A),2018-03-03T00:00,0.000,µg/m³,PM2.5,TOR(OC/EC)
60104,OTTAWA DOWNTOWN,EC2(A),2018-03-09T00:00,0.065,µg/m³,PM2.5,TOR(OC/EC)
60104,OTTAWA DOWNTOWN,EC2(A),2018-03-15T00:00,0.035,µg/m³,PM2.5,TOR(OC/EC)
60104,OTTAWA DOWNTOWN,EC2(A),2018-03-21T00:00,0.072,µg/m³,PM2.5,TOR(OC/EC)
60104,OTTAWA DOWNTOWN,EC2(A),2018-03-27T00:00,0.126,µg/m³,PM2.5,TOR(OC/EC)
60104,OTTAWA DOWNTOWN,EC2(A),2018-04-02T00:00,0.114,µg/m³,PM2.5,TOR(OC/EC)
60104,OTTAWA DOWNTOWN,EC2(A),2018-04-08T00:00,0.052,µg/m³,PM2.5,TOR(OC/EC)
60104,OTTAWA DOWNTOWN,EC2(A),2018-04-14T00:00,0.100,µg/m³,PM2.5,TOR(OC/EC)
60104,OTTAWA DOWNTOWN,EC2(A),2018-04-20T00:00,0.073,µg/m³,PM2.5,TOR(OC/EC)
60104,OTTAWA DOWNTOWN,EC2(A),2018-04-26T00:00,0.262,µg/m³,PM2.5,TOR(OC/EC)
60104,OTTAWA DOWNTOWN,EC2(A),2018-05-02T00:00,0.472,µg/m³,PM2.5,TOR(OC/EC)
60104,OTTAWA DOWNTOWN,EC2(A),2018-05-08T00:00,0.150,µg/m³,PM2.5,TOR(OC/EC)
60104,OTTAWA DOWNTOWN,EC2(A),2018-05-14T00:00,0.276,µg/m³,PM2.5,TOR(OC/EC)
60104,OTTAWA DOWNTOWN,EC2(A),2018-05-20T00:00,0.155,µg/m³,PM2.5,TOR(OC/EC)
60104,OTTAWA DOWNTOWN,EC2(A),2018-05-26T00:00,0.360,µg/m³,PM2.5,TOR(OC/EC)
60104,OTTAWA DOWNTOWN,EC2(A),2018-06-01T00:00,0.423,µg/m³,PM2.5,TOR(OC/EC)
60104,OTTAWA DOWNTOWN,EC2(A),2018-06-07T00:00,0.333,µg/m³,PM2.5,TOR(OC/EC)
60104,OTTAWA DOWNTOWN,EC2(A),2018-06-13T00:00,0.348,µg/m³,PM2.5,TOR(OC/EC)
60104,OTTAWA DOWNTOWN,EC2(A),2018-06-19T00:00,0.276,µg/m³,PM2.5,TOR(OC/EC)
60104,OTTAWA DOWNTOWN,EC2(A),2018-06-25T00:00,0.205,µg/m³,PM2.5,TOR(OC/EC)
60104,OTTAWA DOWNTOWN,EC2(A),2018-07-01T00:00,0.365,µg/m³,PM2.5,TOR(OC/EC)
60104,OTTAWA DOWNTOWN,EC2(A),2018-07-07T00:00,0.300,µg/m³,PM2.5,TOR(OC/EC)
60104,OTTAWA DOWNTOWN,EC2(A),2018-07-13T00:00,0.352,µg/m³,PM2.5,TOR(OC/EC)
60104,OTTAWA DOWNTOWN,EC2(A),2018-07-19T00:00,0.299,µg/m³,PM2.5,TOR(OC/EC)
60104,OTTAWA DOWNTOWN,EC2(A),2018-07-25T00:00,0.184,µg/m³,PM2.5,TOR(OC/EC)
60104,OTTAWA DOWNTOWN,EC2(A),2018-07-31T00:00,0.397,µg/m³,PM2.5,TOR(OC/EC)
60104,OTTAWA DOWNTOWN,EC2(A),2018-08-06T00:00,0.592,µg/m³,PM2.5,TOR(OC/EC)
60104,OTTAWA DOWNTOWN,EC2(A),2018-08-12T00:00,0.472,µg/m³,PM2.5,TOR(OC/EC)
60104,OTTAWA DOWNTOWN,EC2(A),2018-08-18T00:00,0.416,µg/m³,PM2.5,TOR(OC/EC)
60104,OTTAWA DOWNTOWN,EC2(A),2018-08-24T00:00,0.586,µg/m³,PM2.5,TOR(OC/EC)
60104,OTTAWA DOWNTOWN,EC2(A),2018-08-30T00:00,0.149,µg/m³,PM2.5,TOR(OC/EC)
60104,OTTAWA DOWNTOWN,EC2(A),2018-09-05T00:00,0.572,µg/m³,PM2.5,TOR(OC/EC)
60104,OTTAWA DOWNTOWN,EC2(A),2018-09-11T00:00,0.313,µg/m³,PM2.5,TOR(OC/EC)
60104,OTTAWA DOWNTOWN,EC2(A),2018-09-17T00:00,0.371,µg/m³,PM2.5,TOR(OC/EC)
60104,OTTAWA DOWNTOWN,EC2(A),2018-09-23T00:00,0.203,µg/m³,PM2.5,TOR(OC/EC)
60104,OTTAWA DOWNTOWN,EC2(A),2018-09-29T00:00,0.145,µg/m³,PM2.5,TOR(OC/EC)
60104,OTTAWA DOWNTOWN,EC2(A),2018-10-05T00:00,0.092,µg/m³,PM2.5,TOR(OC/EC)
60104,OTTAWA DOWNTOWN,EC2(A),2018-10-11T00:00,0.100,µg/m³,PM2.5,TOR(OC/EC)
60104,OTTAWA DOWNTOWN,EC2(A),2018-10-17T00:00,0.098,µg/m³,PM2.5,TOR(OC/EC)
60104,OTTAWA DOWNTOWN,EC2(A),2018-10-23T00:00,0.235,µg/m³,PM2.5,TOR(OC/EC)
60104,OTTAWA DOWNTOWN,EC2(A),2018-10-29T00:00,0.204,µg/m³,PM2.5,TOR(OC/EC)
60104,OTTAWA DOWNTOWN,EC2(A),2018-11-04T00:00,0.131,µg/m³,PM2.5,TOR(OC/EC)
60104,OTTAWA DOWNTOWN,EC2(A),2018-11-10T00:00,0.142,µg/m³,PM2.5,TOR(OC/EC)
60104,OTTAWA DOWNTOWN,EC2(A),2018-11-16T00:00,0.297,µg/m³,PM2.5,TOR(OC/EC)
60104,OTTAWA DOWNTOWN,EC2(A),2018-11-22T00:00,0.076,µg/m³,PM2.5,TOR(OC/EC)
60104,OTTAWA DOWNTOWN,EC2(A),2018-11-28T00:00,0.098,µg/m³,PM2.5,TOR(OC/EC)
60104,OTTAWA DOWNTOWN,EC2(A),2018-12-04T00:00,0.049,µg/m³,PM2.5,TOR(OC/EC)
60104,OTTAWA DOWNTOWN,EC2(A),2018-12-10T00:00,0.187,µg/m³,PM2.5,TOR(OC/EC)
60104,OTTAWA DOWNTOWN,EC2(A),2018-12-16T00:00,0.477,µg/m³,PM2.5,TOR(OC/EC)
60104,OTTAWA DOWNTOWN,EC2(A),2018-12-22T00:00,0.049,µg/m³,PM2.5,TOR(OC/EC)
60104,OTTAWA DOWNTOWN,EC2(A),2018-12-28T00:00,0.115,µg/m³,PM2.5,TOR(OC/EC)
