﻿NAPS_Site_ID,Station_Name,Pollutant,Date,Value,Units,Report_Type,Method
61004,CENTENNIAL PARK _SARNIA_,"2,2-Dimethylbutane",1996-01-04T00:00,0.388,µg/m³,VOC,N/A
61004,CENTENNIAL PARK _SARNIA_,"2,2-Dimethylbutane",1996-01-10T00:00,0.065,µg/m³,VOC,N/A
61004,CENTENNIAL PARK _SARNIA_,"2,2-Dimethylbutane",1996-01-16T00:00,0.538,µg/m³,VOC,N/A
61004,CENTENNIAL PARK _SARNIA_,"2,2-Dimethylbutane",1996-01-22T00:00,0.621,µg/m³,VOC,N/A
61004,CENTENNIAL PARK _SARNIA_,"2,2-Dimethylbutane",1996-01-28T00:00,0.145,µg/m³,VOC,N/A
61004,CENTENNIAL PARK _SARNIA_,"2,2-Dimethylbutane",1996-02-03T00:00,0.144,µg/m³,VOC,N/A
61004,CENTENNIAL PARK _SARNIA_,"2,2-Dimethylbutane",1996-02-09T00:00,0.330,µg/m³,VOC,N/A
61004,CENTENNIAL PARK _SARNIA_,"2,2-Dimethylbutane",1996-02-15T00:00,0.149,µg/m³,VOC,N/A
61004,CENTENNIAL PARK _SARNIA_,"2,2-Dimethylbutane",1996-02-21T00:00,0.207,µg/m³,VOC,N/A
61004,CENTENNIAL PARK _SARNIA_,"2,2-Dimethylbutane",1996-02-27T00:00,0.428,µg/m³,VOC,N/A
61004,CENTENNIAL PARK _SARNIA_,"2,2-Dimethylbutane",1996-04-03T00:00,0.127,µg/m³,VOC,N/A
61004,CENTENNIAL PARK _SARNIA_,"2,2-Dimethylbutane",1996-04-09T00:00,0.147,µg/m³,VOC,N/A
61004,CENTENNIAL PARK _SARNIA_,"2,2-Dimethylbutane",1996-04-15T00:00,0.181,µg/m³,VOC,N/A
61004,CENTENNIAL PARK _SARNIA_,"2,2-Dimethylbutane",1996-04-21T00:00,0.168,µg/m³,VOC,N/A
61004,CENTENNIAL PARK _SARNIA_,"2,2-Dimethylbutane",1996-04-27T00:00,0.300,µg/m³,VOC,N/A
61004,CENTENNIAL PARK _SARNIA_,"2,2-Dimethylbutane",1996-05-03T00:00,0.396,µg/m³,VOC,N/A
61004,CENTENNIAL PARK _SARNIA_,"2,2-Dimethylbutane",1996-05-09T00:00,0.389,µg/m³,VOC,N/A
61004,CENTENNIAL PARK _SARNIA_,"2,2-Dimethylbutane",1996-05-15T00:00,0.148,µg/m³,VOC,N/A
61004,CENTENNIAL PARK _SARNIA_,"2,2-Dimethylbutane",1996-05-21T00:00,0.156,µg/m³,VOC,N/A
61004,CENTENNIAL PARK _SARNIA_,"2,2-Dimethylbutane",1996-05-27T00:00,0.094,µg/m³,VOC,N/A
61004,CENTENNIAL PARK _SARNIA_,"2,2-Dimethylbutane",1996-06-02T00:00,0.967,µg/m³,VOC,N/A
61004,CENTENNIAL PARK _SARNIA_,"2,2-Dimethylbutane",1996-06-08T00:00,0.222,µg/m³,VOC,N/A
61004,CENTENNIAL PARK _SARNIA_,"2,2-Dimethylbutane",1996-06-14T00:00,0.191,µg/m³,VOC,N/A
61004,CENTENNIAL PARK _SARNIA_,"2,2-Dimethylbutane",1996-06-20T00:00,0.397,µg/m³,VOC,N/A
61004,CENTENNIAL PARK _SARNIA_,"2,2-Dimethylbutane",1996-08-07T00:00,1.955,µg/m³,VOC,N/A
61004,CENTENNIAL PARK _SARNIA_,"2,2-Dimethylbutane",1996-08-31T00:00,3.467,µg/m³,VOC,N/A
61004,CENTENNIAL PARK _SARNIA_,"2,2-Dimethylbutane",1996-09-06T00:00,0.290,µg/m³,VOC,N/A
61004,CENTENNIAL PARK _SARNIA_,"2,2-Dimethylbutane",1996-09-12T00:00,0.212,µg/m³,VOC,N/A
61004,CENTENNIAL PARK _SARNIA_,"2,2-Dimethylbutane",1996-09-18T00:00,0.163,µg/m³,VOC,N/A
61004,CENTENNIAL PARK _SARNIA_,"2,2-Dimethylbutane",1996-09-30T00:00,0.709,µg/m³,VOC,N/A
61004,CENTENNIAL PARK _SARNIA_,"2,2-Dimethylbutane",1996-10-06T00:00,1.221,µg/m³,VOC,N/A
61004,CENTENNIAL PARK _SARNIA_,"2,2-Dimethylbutane",1996-10-12T00:00,1.355,µg/m³,VOC,N/A
61004,CENTENNIAL PARK _SARNIA_,"2,2-Dimethylbutane",1996-10-18T00:00,0.973,µg/m³,VOC,N/A
61004,CENTENNIAL PARK _SARNIA_,"2,2-Dimethylbutane",1996-10-24T00:00,0.152,µg/m³,VOC,N/A
61004,CENTENNIAL PARK _SARNIA_,"2,2-Dimethylbutane",1996-10-30T00:00,0.353,µg/m³,VOC,N/A
61004,CENTENNIAL PARK _SARNIA_,"2,2-Dimethylbutane",1996-11-05T00:00,0.376,µg/m³,VOC,N/A
61004,CENTENNIAL PARK _SARNIA_,"2,2-Dimethylbutane",1996-11-11T00:00,0.060,µg/m³,VOC,N/A
61004,CENTENNIAL PARK _SARNIA_,"2,2-Dimethylbutane",1996-11-17T00:00,0.231,µg/m³,VOC,N/A
61004,CENTENNIAL PARK _SARNIA_,"2,2-Dimethylbutane",1996-11-23T00:00,0.216,µg/m³,VOC,N/A
61004,CENTENNIAL PARK _SARNIA_,"2,2-Dimethylbutane",1996-11-29T00:00,1.688,µg/m³,VOC,N/A
61004,CENTENNIAL PARK _SARNIA_,"2,2-Dimethylbutane",1996-12-05T00:00,0.320,µg/m³,VOC,N/A
61004,CENTENNIAL PARK _SARNIA_,"2,2-Dimethylbutane",1996-12-11T00:00,0.200,µg/m³,VOC,N/A
61004,CENTENNIAL PARK _SARNIA_,"2,2-Dimethylbutane",1996-12-17T00:00,0.340,µg/m³,VOC,N/A
61004,CENTENNIAL PARK _SARNIA_,"2,2-Dimethylbutane",1996-12-23T00:00,0.500,µg/m³,VOC,N/A
61004,CENTENNIAL PARK _SARNIA_,"2,2-Dimethylbutane",1996-12-29T00:00,0.380,µg/m³,VOC,N/A
