﻿NAPS_Site_ID,Station_Name,Pollutant,Date,Value,Units,Report_Type,Method
100118,KITSILANO,Titanium,1988-01-19T00:00,0.012,µg/m³,DICHOT,N/A
100118,KITSILANO,Titanium,1988-01-19T00:00,0.037,µg/m³,DICHOT,N/A
100118,KITSILANO,Titanium,1988-01-22T00:00,0.000,µg/m³,DICHOT,N/A
100118,KITSILANO,Titanium,1988-01-22T00:00,0.010,µg/m³,DICHOT,N/A
100118,KITSILANO,Titanium,1988-01-25T00:00,0.011,µg/m³,DICHOT,N/A
100118,KITSILANO,Titanium,1988-01-25T00:00,0.049,µg/m³,DICHOT,N/A
100118,KITSILANO,Titanium,1988-01-28T00:00,0.000,µg/m³,DICHOT,N/A
100118,KITSILANO,Titanium,1988-01-28T00:00,0.010,µg/m³,DICHOT,N/A
100118,KITSILANO,Titanium,1988-03-01T00:00,0.010,µg/m³,DICHOT,N/A
100118,KITSILANO,Titanium,1988-03-01T00:00,0.029,µg/m³,DICHOT,N/A
100118,KITSILANO,Titanium,1988-03-04T00:00,0.000,µg/m³,DICHOT,N/A
100118,KITSILANO,Titanium,1988-03-04T00:00,0.018,µg/m³,DICHOT,N/A
100118,KITSILANO,Titanium,1988-03-10T00:00,0.000,µg/m³,DICHOT,N/A
100118,KITSILANO,Titanium,1988-03-10T00:00,0.017,µg/m³,DICHOT,N/A
100118,KITSILANO,Titanium,1988-03-13T00:00,0.006,µg/m³,DICHOT,N/A
100118,KITSILANO,Titanium,1988-03-13T00:00,0.013,µg/m³,DICHOT,N/A
100118,KITSILANO,Titanium,1988-03-16T00:00,0.000,µg/m³,DICHOT,N/A
100118,KITSILANO,Titanium,1988-03-16T00:00,0.025,µg/m³,DICHOT,N/A
100118,KITSILANO,Titanium,1988-03-19T00:00,0.009,µg/m³,DICHOT,N/A
100118,KITSILANO,Titanium,1988-03-19T00:00,0.044,µg/m³,DICHOT,N/A
100118,KITSILANO,Titanium,1988-04-03T00:00,0.000,µg/m³,DICHOT,N/A
100118,KITSILANO,Titanium,1988-04-03T00:00,0.000,µg/m³,DICHOT,N/A
100118,KITSILANO,Titanium,1988-04-06T00:00,0.000,µg/m³,DICHOT,N/A
100118,KITSILANO,Titanium,1988-04-06T00:00,0.009,µg/m³,DICHOT,N/A
100118,KITSILANO,Titanium,1988-04-12T00:00,0.007,µg/m³,DICHOT,N/A
100118,KITSILANO,Titanium,1988-04-12T00:00,0.038,µg/m³,DICHOT,N/A
100118,KITSILANO,Titanium,1988-04-15T00:00,0.007,µg/m³,DICHOT,N/A
100118,KITSILANO,Titanium,1988-04-15T00:00,0.054,µg/m³,DICHOT,N/A
100118,KITSILANO,Titanium,1988-04-21T00:00,0.006,µg/m³,DICHOT,N/A
100118,KITSILANO,Titanium,1988-04-21T00:00,0.028,µg/m³,DICHOT,N/A
100118,KITSILANO,Titanium,1988-04-24T00:00,0.000,µg/m³,DICHOT,N/A
100118,KITSILANO,Titanium,1988-04-24T00:00,0.000,µg/m³,DICHOT,N/A
100118,KITSILANO,Titanium,1988-04-27T00:00,0.007,µg/m³,DICHOT,N/A
100118,KITSILANO,Titanium,1988-04-27T00:00,0.027,µg/m³,DICHOT,N/A
100118,KITSILANO,Titanium,1988-04-30T00:00,0.000,µg/m³,DICHOT,N/A
100118,KITSILANO,Titanium,1988-04-30T00:00,0.000,µg/m³,DICHOT,N/A
100118,KITSILANO,Titanium,1988-05-03T00:00,0.000,µg/m³,DICHOT,N/A
100118,KITSILANO,Titanium,1988-05-03T00:00,0.006,µg/m³,DICHOT,N/A
100118,KITSILANO,Titanium,1988-05-09T00:00,0.000,µg/m³,DICHOT,N/A
100118,KITSILANO,Titanium,1988-05-09T00:00,0.023,µg/m³,DICHOT,N/A
100118,KITSILANO,Titanium,1988-05-15T00:00,0.000,µg/m³,DICHOT,N/A
100118,KITSILANO,Titanium,1988-05-15T00:00,0.008,µg/m³,DICHOT,N/A
100118,KITSILANO,Titanium,1988-05-18T00:00,0.006,µg/m³,DICHOT,N/A
100118,KITSILANO,Titanium,1988-05-18T00:00,0.011,µg/m³,DICHOT,N/A
100118,KITSILANO,Titanium,1988-05-21T00:00,0.000,µg/m³,DICHOT,N/A
100118,KITSILANO,Titanium,1988-05-21T00:00,0.033,µg/m³,DICHOT,N/A
100118,KITSILANO,Titanium,1988-05-27T00:00,0.000,µg/m³,DICHOT,N/A
100118,KITSILANO,Titanium,1988-05-27T00:00,0.013,µg/m³,DICHOT,N/A
100118,KITSILANO,Titanium,1988-06-02T00:00,0.000,µg/m³,DICHOT,N/A
100118,KITSILANO,Titanium,1988-06-02T00:00,0.020,µg/m³,DICHOT,N/A
100118,KITSILANO,Titanium,1988-06-05T00:00,0.000,µg/m³,DICHOT,N/A
100118,KITSILANO,Titanium,1988-06-05T00:00,0.008,µg/m³,DICHOT,N/A
100118,KITSILANO,Titanium,1988-06-08T00:00,0.000,µg/m³,DICHOT,N/A
100118,KITSILANO,Titanium,1988-06-08T00:00,0.010,µg/m³,DICHOT,N/A
100118,KITSILANO,Titanium,1988-06-14T00:00,0.000,µg/m³,DICHOT,N/A
100118,KITSILANO,Titanium,1988-06-14T00:00,0.019,µg/m³,DICHOT,N/A
100118,KITSILANO,Titanium,1988-06-20T00:00,0.000,µg/m³,DICHOT,N/A
100118,KITSILANO,Titanium,1988-06-20T00:00,0.020,µg/m³,DICHOT,N/A
100118,KITSILANO,Titanium,1988-06-23T00:00,0.000,µg/m³,DICHOT,N/A
100118,KITSILANO,Titanium,1988-06-23T00:00,0.026,µg/m³,DICHOT,N/A
100118,KITSILANO,Titanium,1988-06-26T00:00,0.000,µg/m³,DICHOT,N/A
100118,KITSILANO,Titanium,1988-06-26T00:00,0.018,µg/m³,DICHOT,N/A
100118,KITSILANO,Titanium,1988-06-29T00:00,0.000,µg/m³,DICHOT,N/A
100118,KITSILANO,Titanium,1988-06-29T00:00,0.031,µg/m³,DICHOT,N/A
100118,KITSILANO,Titanium,1988-07-02T00:00,0.000,µg/m³,DICHOT,N/A
100118,KITSILANO,Titanium,1988-07-02T00:00,0.008,µg/m³,DICHOT,N/A
100118,KITSILANO,Titanium,1988-07-08T00:00,0.000,µg/m³,DICHOT,N/A
100118,KITSILANO,Titanium,1988-07-08T00:00,0.015,µg/m³,DICHOT,N/A
100118,KITSILANO,Titanium,1988-07-14T00:00,0.000,µg/m³,DICHOT,N/A
100118,KITSILANO,Titanium,1988-07-14T00:00,0.015,µg/m³,DICHOT,N/A
100118,KITSILANO,Titanium,1988-07-20T00:00,0.007,µg/m³,DICHOT,N/A
100118,KITSILANO,Titanium,1988-07-20T00:00,0.030,µg/m³,DICHOT,N/A
100118,KITSILANO,Titanium,1988-07-23T00:00,0.000,µg/m³,DICHOT,N/A
100118,KITSILANO,Titanium,1988-07-23T00:00,0.023,µg/m³,DICHOT,N/A
100118,KITSILANO,Titanium,1988-08-01T00:00,0.000,µg/m³,DICHOT,N/A
100118,KITSILANO,Titanium,1988-08-01T00:00,0.019,µg/m³,DICHOT,N/A
100118,KITSILANO,Titanium,1988-08-04T00:00,0.000,µg/m³,DICHOT,N/A
100118,KITSILANO,Titanium,1988-08-04T00:00,0.009,µg/m³,DICHOT,N/A
100118,KITSILANO,Titanium,1988-08-07T00:00,0.000,µg/m³,DICHOT,N/A
100118,KITSILANO,Titanium,1988-08-07T00:00,0.021,µg/m³,DICHOT,N/A
100118,KITSILANO,Titanium,1988-08-10T00:00,0.011,µg/m³,DICHOT,N/A
100118,KITSILANO,Titanium,1988-08-10T00:00,0.024,µg/m³,DICHOT,N/A
100118,KITSILANO,Titanium,1988-08-13T00:00,0.006,µg/m³,DICHOT,N/A
100118,KITSILANO,Titanium,1988-08-13T00:00,0.025,µg/m³,DICHOT,N/A
100118,KITSILANO,Titanium,1988-08-16T00:00,0.000,µg/m³,DICHOT,N/A
100118,KITSILANO,Titanium,1988-08-16T00:00,0.010,µg/m³,DICHOT,N/A
100118,KITSILANO,Titanium,1988-08-25T00:00,0.000,µg/m³,DICHOT,N/A
100118,KITSILANO,Titanium,1988-08-25T00:00,0.094,µg/m³,DICHOT,N/A
100118,KITSILANO,Titanium,1988-08-28T00:00,0.000,µg/m³,DICHOT,N/A
100118,KITSILANO,Titanium,1988-08-28T00:00,0.031,µg/m³,DICHOT,N/A
100118,KITSILANO,Titanium,1988-08-31T00:00,0.000,µg/m³,DICHOT,N/A
100118,KITSILANO,Titanium,1988-08-31T00:00,0.033,µg/m³,DICHOT,N/A
100118,KITSILANO,Titanium,1988-09-06T00:00,0.000,µg/m³,DICHOT,N/A
100118,KITSILANO,Titanium,1988-09-06T00:00,0.046,µg/m³,DICHOT,N/A
100118,KITSILANO,Titanium,1988-09-12T00:00,0.000,µg/m³,DICHOT,N/A
100118,KITSILANO,Titanium,1988-09-12T00:00,0.034,µg/m³,DICHOT,N/A
100118,KITSILANO,Titanium,1988-09-15T00:00,0.000,µg/m³,DICHOT,N/A
100118,KITSILANO,Titanium,1988-09-15T00:00,0.021,µg/m³,DICHOT,N/A
100118,KITSILANO,Titanium,1988-09-18T00:00,0.000,µg/m³,DICHOT,N/A
100118,KITSILANO,Titanium,1988-09-18T00:00,0.007,µg/m³,DICHOT,N/A
100118,KITSILANO,Titanium,1988-09-21T00:00,0.000,µg/m³,DICHOT,N/A
100118,KITSILANO,Titanium,1988-09-21T00:00,0.019,µg/m³,DICHOT,N/A
100118,KITSILANO,Titanium,1988-09-27T00:00,0.000,µg/m³,DICHOT,N/A
100118,KITSILANO,Titanium,1988-09-27T00:00,0.000,µg/m³,DICHOT,N/A
100118,KITSILANO,Titanium,1988-09-30T00:00,0.000,µg/m³,DICHOT,N/A
100118,KITSILANO,Titanium,1988-09-30T00:00,0.019,µg/m³,DICHOT,N/A
100118,KITSILANO,Titanium,1988-10-06T00:00,0.000,µg/m³,DICHOT,N/A
100118,KITSILANO,Titanium,1988-10-06T00:00,0.000,µg/m³,DICHOT,N/A
100118,KITSILANO,Titanium,1988-10-09T00:00,0.000,µg/m³,DICHOT,N/A
100118,KITSILANO,Titanium,1988-10-09T00:00,0.013,µg/m³,DICHOT,N/A
100118,KITSILANO,Titanium,1988-10-12T00:00,0.000,µg/m³,DICHOT,N/A
100118,KITSILANO,Titanium,1988-10-12T00:00,0.034,µg/m³,DICHOT,N/A
100118,KITSILANO,Titanium,1988-10-15T00:00,0.000,µg/m³,DICHOT,N/A
100118,KITSILANO,Titanium,1988-10-15T00:00,0.000,µg/m³,DICHOT,N/A
100118,KITSILANO,Titanium,1988-10-18T00:00,0.008,µg/m³,DICHOT,N/A
100118,KITSILANO,Titanium,1988-10-18T00:00,0.020,µg/m³,DICHOT,N/A
100118,KITSILANO,Titanium,1988-10-24T00:00,0.000,µg/m³,DICHOT,N/A
100118,KITSILANO,Titanium,1988-10-24T00:00,0.010,µg/m³,DICHOT,N/A
100118,KITSILANO,Titanium,1988-10-27T00:00,0.007,µg/m³,DICHOT,N/A
100118,KITSILANO,Titanium,1988-10-27T00:00,0.021,µg/m³,DICHOT,N/A
100118,KITSILANO,Titanium,1988-11-02T00:00,0.000,µg/m³,DICHOT,N/A
100118,KITSILANO,Titanium,1988-11-02T00:00,0.007,µg/m³,DICHOT,N/A
100118,KITSILANO,Titanium,1988-11-05T00:00,0.000,µg/m³,DICHOT,N/A
100118,KITSILANO,Titanium,1988-11-05T00:00,0.000,µg/m³,DICHOT,N/A
100118,KITSILANO,Titanium,1988-11-08T00:00,0.000,µg/m³,DICHOT,N/A
100118,KITSILANO,Titanium,1988-11-08T00:00,0.012,µg/m³,DICHOT,N/A
100118,KITSILANO,Titanium,1988-11-11T00:00,0.000,µg/m³,DICHOT,N/A
100118,KITSILANO,Titanium,1988-11-11T00:00,0.006,µg/m³,DICHOT,N/A
100118,KITSILANO,Titanium,1988-11-17T00:00,0.006,µg/m³,DICHOT,N/A
100118,KITSILANO,Titanium,1988-11-17T00:00,0.013,µg/m³,DICHOT,N/A
100118,KITSILANO,Titanium,1988-11-20T00:00,0.000,µg/m³,DICHOT,N/A
100118,KITSILANO,Titanium,1988-11-20T00:00,0.000,µg/m³,DICHOT,N/A
100118,KITSILANO,Titanium,1988-11-29T00:00,0.000,µg/m³,DICHOT,N/A
100118,KITSILANO,Titanium,1988-11-29T00:00,0.026,µg/m³,DICHOT,N/A
100118,KITSILANO,Titanium,1988-12-05T00:00,0.000,µg/m³,DICHOT,N/A
100118,KITSILANO,Titanium,1988-12-05T00:00,0.013,µg/m³,DICHOT,N/A
100118,KITSILANO,Titanium,1988-12-08T00:00,0.000,µg/m³,DICHOT,N/A
100118,KITSILANO,Titanium,1988-12-08T00:00,0.009,µg/m³,DICHOT,N/A
100118,KITSILANO,Titanium,1988-12-14T00:00,0.007,µg/m³,DICHOT,N/A
100118,KITSILANO,Titanium,1988-12-14T00:00,0.020,µg/m³,DICHOT,N/A
100118,KITSILANO,Titanium,1988-12-17T00:00,0.009,µg/m³,DICHOT,N/A
100118,KITSILANO,Titanium,1988-12-17T00:00,0.032,µg/m³,DICHOT,N/A
100118,KITSILANO,Titanium,1988-12-23T00:00,0.000,µg/m³,DICHOT,N/A
100118,KITSILANO,Titanium,1988-12-23T00:00,0.009,µg/m³,DICHOT,N/A
100118,KITSILANO,Titanium,1988-12-29T00:00,0.000,µg/m³,DICHOT,N/A
100118,KITSILANO,Titanium,1988-12-29T00:00,0.009,µg/m³,DICHOT,N/A
