﻿NAPS_Site_ID,Station_Name,Pollutant,Date,Value,Units,Report_Type,Method
50104,ONTARIO,13C12-TCDD,1999-03-01T00:00,78.000,pg/m³,PCDD,GC-MS
50104,ONTARIO,13C12-TCDD,1999-03-25T00:00,85.000,pg/m³,PCDD,GC-MS
50104,ONTARIO,13C12-TCDD,1999-04-18T00:00,75.000,pg/m³,PCDD,GC-MS
50104,ONTARIO,13C12-TCDD,1999-05-12T00:00,69.000,pg/m³,PCDD,GC-MS
50104,ONTARIO,13C12-TCDD,1999-06-05T00:00,70.000,pg/m³,PCDD,GC-MS
50104,ONTARIO,13C12-TCDD,1999-06-29T00:00,71.000,pg/m³,PCDD,GC-MS
50104,ONTARIO,13C12-TCDD,1999-09-09T00:00,82.000,pg/m³,PCDD,GC-MS
50104,ONTARIO,13C12-TCDD,1999-10-03T00:00,73.000,pg/m³,PCDD,GC-MS
50104,ONTARIO,13C12-TCDD,1999-11-20T00:00,50.000,pg/m³,PCDD,GC-MS
50104,ONTARIO,13C12-TCDD,1999-12-02T00:00,45.000,pg/m³,PCDD,GC-MS
50104,ONTARIO,13C12-TCDD,1999-12-14T00:00,79.000,pg/m³,PCDD,GC-MS
50104,ONTARIO,13C12-TCDD,1999-12-26T00:00,85.000,pg/m³,PCDD,GC-MS
