﻿NAPS_Site_ID,Station_Name,Pollutant,Date,Value,Units,Report_Type,Method
101301,LANGLEY CENTRAL,trans-2-Heptene,1997-01-04T00:00,0.000,µg/m³,VOC,GC-MS
101301,LANGLEY CENTRAL,trans-2-Heptene,1997-01-28T00:00,0.000,µg/m³,VOC,GC-MS
101301,LANGLEY CENTRAL,trans-2-Heptene,1997-03-11T00:00,0.000,µg/m³,VOC,GC-MS
101301,LANGLEY CENTRAL,trans-2-Heptene,1997-04-16T00:00,0.000,µg/m³,VOC,GC-MS
101301,LANGLEY CENTRAL,trans-2-Heptene,1997-05-28T00:00,0.000,µg/m³,VOC,GC-MS
101301,LANGLEY CENTRAL,trans-2-Heptene,1997-07-03T00:00,0.000,µg/m³,VOC,GC-MS
101301,LANGLEY CENTRAL,trans-2-Heptene,1997-08-08T00:00,0.000,µg/m³,VOC,GC-MS
101301,LANGLEY CENTRAL,trans-2-Heptene,1997-09-13T00:00,0.000,µg/m³,VOC,GC-MS
101301,LANGLEY CENTRAL,trans-2-Heptene,1997-10-25T00:00,0.034,µg/m³,VOC,GC-MS
