﻿NAPS_Site_ID,Station_Name,Pollutant,Date,Value,Units,Report_Type,Method
60302,KINGSTON,Isobutane,1998-10-08T00:00,0.558,µg/m³,VOC,GC-MS
60302,KINGSTON,Isobutane,1998-10-14T00:00,2.028,µg/m³,VOC,GC-MS
60302,KINGSTON,Isobutane,1998-10-20T00:00,1.473,µg/m³,VOC,GC-MS
60302,KINGSTON,Isobutane,1998-10-26T00:00,0.879,µg/m³,VOC,GC-MS
60302,KINGSTON,Isobutane,1998-11-01T00:00,1.132,µg/m³,VOC,GC-MS
60302,KINGSTON,Isobutane,1998-11-07T00:00,1.678,µg/m³,VOC,GC-MS
60302,KINGSTON,Isobutane,1998-11-13T00:00,2.765,µg/m³,VOC,GC-MS
60302,KINGSTON,Isobutane,1998-11-19T00:00,4.152,µg/m³,VOC,GC-MS
60302,KINGSTON,Isobutane,1998-11-25T00:00,5.028,µg/m³,VOC,GC-MS
60302,KINGSTON,Isobutane,1998-12-01T00:00,1.411,µg/m³,VOC,GC-MS
60302,KINGSTON,Isobutane,1998-12-07T00:00,1.034,µg/m³,VOC,GC-MS
60302,KINGSTON,Isobutane,1998-12-13T00:00,1.712,µg/m³,VOC,GC-MS
60302,KINGSTON,Isobutane,1998-12-19T00:00,1.686,µg/m³,VOC,GC-MS
