﻿NAPS_Site_ID,Station_Name,Pollutant,Date,Value,Units,Report_Type,Method
60424,BAY & WELLESLEY _Toronto Downtown_,"1,2-Diethylbenzene",1994-01-02T00:00,0.000,µg/m³,VOC,
60424,BAY & WELLESLEY _Toronto Downtown_,"1,2-Diethylbenzene",1994-01-08T00:00,0.000,µg/m³,VOC,
60424,BAY & WELLESLEY _Toronto Downtown_,"1,2-Diethylbenzene",1994-01-14T00:00,0.000,µg/m³,VOC,
60424,BAY & WELLESLEY _Toronto Downtown_,"1,2-Diethylbenzene",1994-06-01T00:00,0.024,µg/m³,VOC,
60424,BAY & WELLESLEY _Toronto Downtown_,"1,2-Diethylbenzene",1994-06-07T00:00,0.000,µg/m³,VOC,
60424,BAY & WELLESLEY _Toronto Downtown_,"1,2-Diethylbenzene",1994-06-13T00:00,0.028,µg/m³,VOC,
60424,BAY & WELLESLEY _Toronto Downtown_,"1,2-Diethylbenzene",1994-06-19T00:00,0.012,µg/m³,VOC,
60424,BAY & WELLESLEY _Toronto Downtown_,"1,2-Diethylbenzene",1994-06-25T00:00,0.008,µg/m³,VOC,
60424,BAY & WELLESLEY _Toronto Downtown_,"1,2-Diethylbenzene",1994-07-13T00:00,0.016,µg/m³,VOC,
60424,BAY & WELLESLEY _Toronto Downtown_,"1,2-Diethylbenzene",1994-07-19T00:00,0.026,µg/m³,VOC,
60424,BAY & WELLESLEY _Toronto Downtown_,"1,2-Diethylbenzene",1994-07-25T00:00,0.013,µg/m³,VOC,
60424,BAY & WELLESLEY _Toronto Downtown_,"1,2-Diethylbenzene",1994-07-31T00:00,0.010,µg/m³,VOC,
60424,BAY & WELLESLEY _Toronto Downtown_,"1,2-Diethylbenzene",1994-08-06T00:00,0.005,µg/m³,VOC,
60424,BAY & WELLESLEY _Toronto Downtown_,"1,2-Diethylbenzene",1994-08-12T00:00,0.008,µg/m³,VOC,
60424,BAY & WELLESLEY _Toronto Downtown_,"1,2-Diethylbenzene",1994-08-18T00:00,0.030,µg/m³,VOC,
60424,BAY & WELLESLEY _Toronto Downtown_,"1,2-Diethylbenzene",1994-08-24T00:00,0.033,µg/m³,VOC,
60424,BAY & WELLESLEY _Toronto Downtown_,"1,2-Diethylbenzene",1994-08-30T00:00,0.031,µg/m³,VOC,
60424,BAY & WELLESLEY _Toronto Downtown_,"1,2-Diethylbenzene",1994-09-05T00:00,0.015,µg/m³,VOC,
60424,BAY & WELLESLEY _Toronto Downtown_,"1,2-Diethylbenzene",1994-09-11T00:00,0.014,µg/m³,VOC,
60424,BAY & WELLESLEY _Toronto Downtown_,"1,2-Diethylbenzene",1994-09-17T00:00,0.013,µg/m³,VOC,
60424,BAY & WELLESLEY _Toronto Downtown_,"1,2-Diethylbenzene",1994-09-23T00:00,0.014,µg/m³,VOC,
60424,BAY & WELLESLEY _Toronto Downtown_,"1,2-Diethylbenzene",1994-09-29T00:00,0.027,µg/m³,VOC,
60424,BAY & WELLESLEY _Toronto Downtown_,"1,2-Diethylbenzene",1994-10-05T00:00,0.034,µg/m³,VOC,
60424,BAY & WELLESLEY _Toronto Downtown_,"1,2-Diethylbenzene",1994-10-17T00:00,0.027,µg/m³,VOC,
60424,BAY & WELLESLEY _Toronto Downtown_,"1,2-Diethylbenzene",1994-10-29T00:00,0.010,µg/m³,VOC,
60424,BAY & WELLESLEY _Toronto Downtown_,"1,2-Diethylbenzene",1994-11-04T00:00,0.023,µg/m³,VOC,
60424,BAY & WELLESLEY _Toronto Downtown_,"1,2-Diethylbenzene",1994-11-10T00:00,0.015,µg/m³,VOC,
60424,BAY & WELLESLEY _Toronto Downtown_,"1,2-Diethylbenzene",1994-11-16T00:00,0.020,µg/m³,VOC,
60424,BAY & WELLESLEY _Toronto Downtown_,"1,2-Diethylbenzene",1994-11-22T00:00,0.015,µg/m³,VOC,
60424,BAY & WELLESLEY _Toronto Downtown_,"1,2-Diethylbenzene",1994-11-28T00:00,0.018,µg/m³,VOC,
60424,BAY & WELLESLEY _Toronto Downtown_,"1,2-Diethylbenzene",1994-12-04T00:00,0.081,µg/m³,VOC,
60424,BAY & WELLESLEY _Toronto Downtown_,"1,2-Diethylbenzene",1994-12-10T00:00,0.025,µg/m³,VOC,
60424,BAY & WELLESLEY _Toronto Downtown_,"1,2-Diethylbenzene",1994-12-16T00:00,0.020,µg/m³,VOC,
60424,BAY & WELLESLEY _Toronto Downtown_,"1,2-Diethylbenzene",1994-12-22T00:00,0.074,µg/m³,VOC,
60424,BAY & WELLESLEY _Toronto Downtown_,"1,2-Diethylbenzene",1994-12-28T00:00,0.012,µg/m³,VOC,
