﻿NAPS_Site_ID,Station_Name,Pollutant,Date,Value,Units,Report_Type,Method
90121,EDMONTON EAST,Bromodichloromethane,1991-01-12T00:00,0.000,µg/m³,VOC,N/A
90121,EDMONTON EAST,Bromodichloromethane,1991-01-18T00:00,0.259,µg/m³,VOC,N/A
90121,EDMONTON EAST,Bromodichloromethane,1991-01-24T00:00,0.126,µg/m³,VOC,N/A
90121,EDMONTON EAST,Bromodichloromethane,1991-01-30T00:00,0.610,µg/m³,VOC,N/A
90121,EDMONTON EAST,Bromodichloromethane,1991-02-05T00:00,0.339,µg/m³,VOC,N/A
90121,EDMONTON EAST,Bromodichloromethane,1991-02-11T00:00,0.000,µg/m³,VOC,N/A
90121,EDMONTON EAST,Bromodichloromethane,1991-02-17T00:00,0.360,µg/m³,VOC,N/A
90121,EDMONTON EAST,Bromodichloromethane,1991-02-23T00:00,0.171,µg/m³,VOC,N/A
90121,EDMONTON EAST,Bromodichloromethane,1991-03-01T00:00,0.307,µg/m³,VOC,N/A
90121,EDMONTON EAST,Bromodichloromethane,1991-03-07T00:00,0.280,µg/m³,VOC,N/A
90121,EDMONTON EAST,Bromodichloromethane,1991-03-13T00:00,0.351,µg/m³,VOC,N/A
90121,EDMONTON EAST,Bromodichloromethane,1991-03-19T00:00,1.078,µg/m³,VOC,N/A
90121,EDMONTON EAST,Bromodichloromethane,1991-03-25T00:00,0.398,µg/m³,VOC,N/A
90121,EDMONTON EAST,Bromodichloromethane,1991-03-31T00:00,0.315,µg/m³,VOC,N/A
90121,EDMONTON EAST,Bromodichloromethane,1991-04-06T00:00,0.263,µg/m³,VOC,N/A
90121,EDMONTON EAST,Bromodichloromethane,1991-04-12T00:00,0.239,µg/m³,VOC,N/A
90121,EDMONTON EAST,Bromodichloromethane,1991-04-18T00:00,0.233,µg/m³,VOC,N/A
90121,EDMONTON EAST,Bromodichloromethane,1991-04-24T00:00,0.497,µg/m³,VOC,N/A
90121,EDMONTON EAST,Bromodichloromethane,1991-04-30T00:00,0.462,µg/m³,VOC,N/A
90121,EDMONTON EAST,Bromodichloromethane,1991-05-06T00:00,0.347,µg/m³,VOC,N/A
90121,EDMONTON EAST,Bromodichloromethane,1991-05-12T00:00,0.270,µg/m³,VOC,N/A
90121,EDMONTON EAST,Bromodichloromethane,1991-05-18T00:00,0.322,µg/m³,VOC,N/A
90121,EDMONTON EAST,Bromodichloromethane,1991-05-24T00:00,0.402,µg/m³,VOC,N/A
90121,EDMONTON EAST,Bromodichloromethane,1991-05-30T00:00,0.424,µg/m³,VOC,N/A
90121,EDMONTON EAST,Bromodichloromethane,1991-06-05T00:00,0.484,µg/m³,VOC,N/A
90121,EDMONTON EAST,Bromodichloromethane,1991-06-11T00:00,0.232,µg/m³,VOC,N/A
90121,EDMONTON EAST,Bromodichloromethane,1991-06-17T00:00,0.217,µg/m³,VOC,N/A
90121,EDMONTON EAST,Bromodichloromethane,1991-06-23T00:00,0.276,µg/m³,VOC,N/A
90121,EDMONTON EAST,Bromodichloromethane,1991-06-29T00:00,0.000,µg/m³,VOC,N/A
90121,EDMONTON EAST,Bromodichloromethane,1991-07-05T00:00,0.528,µg/m³,VOC,N/A
90121,EDMONTON EAST,Bromodichloromethane,1991-07-11T00:00,0.263,µg/m³,VOC,N/A
90121,EDMONTON EAST,Bromodichloromethane,1991-07-17T00:00,0.567,µg/m³,VOC,N/A
90121,EDMONTON EAST,Bromodichloromethane,1991-07-23T00:00,0.595,µg/m³,VOC,N/A
90121,EDMONTON EAST,Bromodichloromethane,1991-07-29T00:00,0.866,µg/m³,VOC,N/A
90121,EDMONTON EAST,Bromodichloromethane,1991-08-04T00:00,0.477,µg/m³,VOC,N/A
90121,EDMONTON EAST,Bromodichloromethane,1991-08-10T00:00,0.436,µg/m³,VOC,N/A
90121,EDMONTON EAST,Bromodichloromethane,1991-08-16T00:00,0.987,µg/m³,VOC,N/A
90121,EDMONTON EAST,Bromodichloromethane,1991-08-22T00:00,0.526,µg/m³,VOC,N/A
90121,EDMONTON EAST,Bromodichloromethane,1991-08-28T00:00,0.029,µg/m³,VOC,N/A
90121,EDMONTON EAST,Bromodichloromethane,1991-09-03T00:00,0.079,µg/m³,VOC,N/A
90121,EDMONTON EAST,Bromodichloromethane,1991-10-15T00:00,0.000,µg/m³,VOC,N/A
90121,EDMONTON EAST,Bromodichloromethane,1991-10-21T00:00,0.187,µg/m³,VOC,N/A
90121,EDMONTON EAST,Bromodichloromethane,1991-10-27T00:00,0.000,µg/m³,VOC,N/A
90121,EDMONTON EAST,Bromodichloromethane,1991-11-02T00:00,0.175,µg/m³,VOC,N/A
90121,EDMONTON EAST,Bromodichloromethane,1991-11-08T00:00,0.181,µg/m³,VOC,N/A
90121,EDMONTON EAST,Bromodichloromethane,1991-11-14T00:00,0.207,µg/m³,VOC,N/A
90121,EDMONTON EAST,Bromodichloromethane,1991-11-20T00:00,0.120,µg/m³,VOC,N/A
90121,EDMONTON EAST,Bromodichloromethane,1991-12-02T00:00,0.080,µg/m³,VOC,N/A
90121,EDMONTON EAST,Bromodichloromethane,1991-12-08T00:00,0.095,µg/m³,VOC,N/A
90121,EDMONTON EAST,Bromodichloromethane,1991-12-14T00:00,0.053,µg/m³,VOC,N/A
90121,EDMONTON EAST,Bromodichloromethane,1991-12-20T00:00,0.053,µg/m³,VOC,N/A
90121,EDMONTON EAST,Bromodichloromethane,1991-12-26T00:00,0.000,µg/m³,VOC,N/A
