﻿NAPS_Site_ID,Station_Name,Pollutant,Date,Value,Units,Report_Type,Method
90228,CALGARY CENTRAL-2,2-Methylhexane,2008-04-05T20:00,0.192,µg/m³,VOC,
90228,CALGARY CENTRAL-2,2-Methylhexane,2008-04-11T20:00,0.292,µg/m³,VOC,
90228,CALGARY CENTRAL-2,2-Methylhexane,2008-04-17T20:00,0.224,µg/m³,VOC,
90228,CALGARY CENTRAL-2,2-Methylhexane,2008-04-23T20:00,0.247,µg/m³,VOC,
90228,CALGARY CENTRAL-2,2-Methylhexane,2008-04-29T20:00,0.114,µg/m³,VOC,
90228,CALGARY CENTRAL-2,2-Methylhexane,2008-05-05T20:00,0.164,µg/m³,VOC,
90228,CALGARY CENTRAL-2,2-Methylhexane,2008-05-11T20:00,0.193,µg/m³,VOC,
90228,CALGARY CENTRAL-2,2-Methylhexane,2008-05-17T20:00,0.120,µg/m³,VOC,
90228,CALGARY CENTRAL-2,2-Methylhexane,2008-05-23T20:00,0.148,µg/m³,VOC,
90228,CALGARY CENTRAL-2,2-Methylhexane,2008-05-29T20:00,0.274,µg/m³,VOC,
90228,CALGARY CENTRAL-2,2-Methylhexane,2008-06-04T20:00,0.282,µg/m³,VOC,
90228,CALGARY CENTRAL-2,2-Methylhexane,2008-06-10T20:00,0.170,µg/m³,VOC,
90228,CALGARY CENTRAL-2,2-Methylhexane,2008-06-16T20:00,0.247,µg/m³,VOC,
90228,CALGARY CENTRAL-2,2-Methylhexane,2008-06-22T20:00,0.210,µg/m³,VOC,
90228,CALGARY CENTRAL-2,2-Methylhexane,2008-07-10T20:00,0.113,µg/m³,VOC,
90228,CALGARY CENTRAL-2,2-Methylhexane,2008-07-16T20:00,0.301,µg/m³,VOC,
90228,CALGARY CENTRAL-2,2-Methylhexane,2008-07-22T20:00,0.178,µg/m³,VOC,
90228,CALGARY CENTRAL-2,2-Methylhexane,2008-07-28T20:00,0.136,µg/m³,VOC,
90228,CALGARY CENTRAL-2,2-Methylhexane,2008-08-15T20:00,0.341,µg/m³,VOC,
90228,CALGARY CENTRAL-2,2-Methylhexane,2008-08-21T20:00,0.202,µg/m³,VOC,
90228,CALGARY CENTRAL-2,2-Methylhexane,2008-08-27T20:00,0.228,µg/m³,VOC,
90228,CALGARY CENTRAL-2,2-Methylhexane,2008-09-02T20:00,0.273,µg/m³,VOC,
90228,CALGARY CENTRAL-2,2-Methylhexane,2008-09-08T20:00,0.254,µg/m³,VOC,
90228,CALGARY CENTRAL-2,2-Methylhexane,2008-09-14T20:00,0.474,µg/m³,VOC,
90228,CALGARY CENTRAL-2,2-Methylhexane,2008-09-20T20:00,0.444,µg/m³,VOC,
90228,CALGARY CENTRAL-2,2-Methylhexane,2008-09-26T20:00,0.232,µg/m³,VOC,
90228,CALGARY CENTRAL-2,2-Methylhexane,2008-10-02T20:00,0.378,µg/m³,VOC,
90228,CALGARY CENTRAL-2,2-Methylhexane,2008-10-08T20:00,0.281,µg/m³,VOC,
90228,CALGARY CENTRAL-2,2-Methylhexane,2008-10-14T20:00,0.380,µg/m³,VOC,
90228,CALGARY CENTRAL-2,2-Methylhexane,2008-10-20T20:00,0.169,µg/m³,VOC,
90228,CALGARY CENTRAL-2,2-Methylhexane,2008-10-26T20:00,0.752,µg/m³,VOC,
90228,CALGARY CENTRAL-2,2-Methylhexane,2008-11-01T20:00,0.300,µg/m³,VOC,
90228,CALGARY CENTRAL-2,2-Methylhexane,2008-11-07T19:00,0.936,µg/m³,VOC,
90228,CALGARY CENTRAL-2,2-Methylhexane,2008-11-13T19:00,0.242,µg/m³,VOC,
90228,CALGARY CENTRAL-2,2-Methylhexane,2008-11-19T19:00,0.244,µg/m³,VOC,
90228,CALGARY CENTRAL-2,2-Methylhexane,2008-11-25T19:00,0.418,µg/m³,VOC,
90228,CALGARY CENTRAL-2,2-Methylhexane,2008-12-01T19:00,0.299,µg/m³,VOC,
90228,CALGARY CENTRAL-2,2-Methylhexane,2008-12-07T19:00,0.476,µg/m³,VOC,
90228,CALGARY CENTRAL-2,2-Methylhexane,2008-12-13T19:00,0.184,µg/m³,VOC,
90228,CALGARY CENTRAL-2,2-Methylhexane,2008-12-19T19:00,0.265,µg/m³,VOC,
90228,CALGARY CENTRAL-2,2-Methylhexane,2008-12-25T19:00,0.354,µg/m³,VOC,
