﻿NAPS_Site_ID,Station_Name,Pollutant,Date,Value,Units,Report_Type,Method
64601,PT. PETRE,PCP,2003-01-03T00:00,0.000,µg/m³,HCB,GC-MS
64601,PT. PETRE,PCP,2003-01-27T00:00,0.000,µg/m³,HCB,GC-MS
64601,PT. PETRE,PCP,2003-02-08T00:00,0.000,µg/m³,HCB,GC-MS
64601,PT. PETRE,PCP,2003-02-20T00:00,0.000,µg/m³,HCB,GC-MS
64601,PT. PETRE,PCP,2003-03-04T00:00,0.000,µg/m³,HCB,GC-MS
64601,PT. PETRE,PCP,2003-03-16T00:00,0.000,µg/m³,HCB,GC-MS
64601,PT. PETRE,PCP,2003-03-28T00:00,0.000,µg/m³,HCB,GC-MS
64601,PT. PETRE,PCP,2003-04-09T00:00,0.000,µg/m³,HCB,GC-MS
64601,PT. PETRE,PCP,2003-04-21T00:00,0.000,µg/m³,HCB,GC-MS
64601,PT. PETRE,PCP,2003-05-03T00:00,0.000,µg/m³,HCB,GC-MS
64601,PT. PETRE,PCP,2003-05-15T00:00,0.000,µg/m³,HCB,GC-MS
64601,PT. PETRE,PCP,2003-05-27T00:00,0.000,µg/m³,HCB,GC-MS
64601,PT. PETRE,PCP,2003-06-08T00:00,0.000,µg/m³,HCB,GC-MS
64601,PT. PETRE,PCP,2003-06-20T00:00,0.000,µg/m³,HCB,GC-MS
64601,PT. PETRE,PCP,2003-07-02T00:00,0.000,µg/m³,HCB,GC-MS
64601,PT. PETRE,PCP,2003-07-14T00:00,0.000,µg/m³,HCB,GC-MS
64601,PT. PETRE,PCP,2003-07-26T00:00,0.000,µg/m³,HCB,GC-MS
64601,PT. PETRE,PCP,2003-08-07T00:00,0.000,µg/m³,HCB,GC-MS
64601,PT. PETRE,PCP,2003-08-19T00:00,0.000,µg/m³,HCB,GC-MS
64601,PT. PETRE,PCP,2003-09-12T00:00,0.000,µg/m³,HCB,GC-MS
64601,PT. PETRE,PCP,2003-09-24T00:00,0.000,µg/m³,HCB,GC-MS
64601,PT. PETRE,PCP,2003-10-06T00:00,0.000,µg/m³,HCB,GC-MS
64601,PT. PETRE,PCP,2003-11-11T00:00,0.000,µg/m³,HCB,GC-MS
64601,PT. PETRE,PCP,2003-11-23T00:00,0.000,µg/m³,HCB,GC-MS
64601,PT. PETRE,PCP,2003-12-05T00:00,0.000,µg/m³,HCB,GC-MS
64601,PT. PETRE,PCP,2003-12-17T00:00,0.000,µg/m³,HCB,GC-MS
64601,PT. PETRE,PCP,2003-12-29T00:00,0.000,µg/m³,HCB,GC-MS
