﻿NAPS_Site_ID,Station_Name,Pollutant,Date,Value,Units,Report_Type,Method
50103,MONTRÉAL-SAINT-JEAN-BAPTISTE,Lithium,2023-01-06T00:00,0.000,µg/m³,PM2.5,IC
50103,MONTRÉAL-SAINT-JEAN-BAPTISTE,Lithium,2023-01-12T00:00,0.000,µg/m³,PM2.5,IC
50103,MONTRÉAL-SAINT-JEAN-BAPTISTE,Lithium,2023-01-18T00:00,0.000,µg/m³,PM2.5,IC
50103,MONTRÉAL-SAINT-JEAN-BAPTISTE,Lithium,2023-01-24T00:00,0.000,µg/m³,PM2.5,IC
50103,MONTRÉAL-SAINT-JEAN-BAPTISTE,Lithium,2023-01-30T00:00,0.000,µg/m³,PM2.5,IC
50103,MONTRÉAL-SAINT-JEAN-BAPTISTE,Lithium,2023-02-05T00:00,0.000,µg/m³,PM2.5,IC
50103,MONTRÉAL-SAINT-JEAN-BAPTISTE,Lithium,2023-02-11T00:00,0.000,µg/m³,PM2.5,IC
50103,MONTRÉAL-SAINT-JEAN-BAPTISTE,Lithium,2023-02-17T00:00,0.000,µg/m³,PM2.5,IC
50103,MONTRÉAL-SAINT-JEAN-BAPTISTE,Lithium,2023-02-23T00:00,0.000,µg/m³,PM2.5,IC
50103,MONTRÉAL-SAINT-JEAN-BAPTISTE,Lithium,2023-03-01T00:00,0.000,µg/m³,PM2.5,IC
50103,MONTRÉAL-SAINT-JEAN-BAPTISTE,Lithium,2023-03-07T00:00,0.000,µg/m³,PM2.5,IC
50103,MONTRÉAL-SAINT-JEAN-BAPTISTE,Lithium,2023-03-13T00:00,0.000,µg/m³,PM2.5,IC
50103,MONTRÉAL-SAINT-JEAN-BAPTISTE,Lithium,2023-03-19T00:00,0.000,µg/m³,PM2.5,IC
50103,MONTRÉAL-SAINT-JEAN-BAPTISTE,Lithium,2023-03-25T00:00,0.000,µg/m³,PM2.5,IC
50103,MONTRÉAL-SAINT-JEAN-BAPTISTE,Lithium,2023-03-31T00:00,0.000,µg/m³,PM2.5,IC
50103,MONTRÉAL-SAINT-JEAN-BAPTISTE,Lithium,2023-04-12T00:00,0.000,µg/m³,PM2.5,IC
50103,MONTRÉAL-SAINT-JEAN-BAPTISTE,Lithium,2023-04-18T00:00,0.000,µg/m³,PM2.5,IC
50103,MONTRÉAL-SAINT-JEAN-BAPTISTE,Lithium,2023-04-24T00:00,0.000,µg/m³,PM2.5,IC
50103,MONTRÉAL-SAINT-JEAN-BAPTISTE,Lithium,2023-04-30T00:00,0.000,µg/m³,PM2.5,IC
50103,MONTRÉAL-SAINT-JEAN-BAPTISTE,Lithium,2023-05-06T00:00,0.000,µg/m³,PM2.5,IC
50103,MONTRÉAL-SAINT-JEAN-BAPTISTE,Lithium,2023-05-12T00:00,0.000,µg/m³,PM2.5,IC
50103,MONTRÉAL-SAINT-JEAN-BAPTISTE,Lithium,2023-05-18T00:00,0.000,µg/m³,PM2.5,IC
50103,MONTRÉAL-SAINT-JEAN-BAPTISTE,Lithium,2023-05-24T00:00,0.000,µg/m³,PM2.5,IC
50103,MONTRÉAL-SAINT-JEAN-BAPTISTE,Lithium,2023-05-30T00:00,0.000,µg/m³,PM2.5,IC
50103,MONTRÉAL-SAINT-JEAN-BAPTISTE,Lithium,2023-06-05T00:00,0.000,µg/m³,PM2.5,IC
50103,MONTRÉAL-SAINT-JEAN-BAPTISTE,Lithium,2023-06-11T00:00,0.000,µg/m³,PM2.5,IC
50103,MONTRÉAL-SAINT-JEAN-BAPTISTE,Lithium,2023-06-17T00:00,0.000,µg/m³,PM2.5,IC
50103,MONTRÉAL-SAINT-JEAN-BAPTISTE,Lithium,2023-06-23T00:00,0.000,µg/m³,PM2.5,IC
50103,MONTRÉAL-SAINT-JEAN-BAPTISTE,Lithium,2023-06-29T00:00,0.000,µg/m³,PM2.5,IC
50103,MONTRÉAL-SAINT-JEAN-BAPTISTE,Lithium,2023-07-05T00:00,0.000,µg/m³,PM2.5,IC
50103,MONTRÉAL-SAINT-JEAN-BAPTISTE,Lithium,2023-07-11T00:00,0.000,µg/m³,PM2.5,IC
