﻿NAPS_Site_ID,Station_Name,Pollutant,Date,Value,Units,Report_Type,Method
101005,ABBOTSFORD AIRPORT-2,PM2.5,2018-01-02T00:00,6.343,µg/m³,PM2.5,Microbalance
101005,ABBOTSFORD AIRPORT-2,PM2.5,2018-01-20T00:00,3.241,µg/m³,PM2.5,Microbalance
101005,ABBOTSFORD AIRPORT-2,PM2.5,2018-01-20T00:00,3.958,µg/m³,PM2.5,Microbalance
101005,ABBOTSFORD AIRPORT-2,PM2.5,2018-01-26T00:00,3.194,µg/m³,PM2.5,Microbalance
101005,ABBOTSFORD AIRPORT-2,PM2.5,2018-02-01T00:00,1.759,µg/m³,PM2.5,Microbalance
101005,ABBOTSFORD AIRPORT-2,PM2.5,2018-02-01T00:00,2.292,µg/m³,PM2.5,Microbalance
101005,ABBOTSFORD AIRPORT-2,PM2.5,2018-02-07T00:00,0.926,µg/m³,PM2.5,Microbalance
101005,ABBOTSFORD AIRPORT-2,PM2.5,2018-02-07T00:00,4.861,µg/m³,PM2.5,Microbalance
101005,ABBOTSFORD AIRPORT-2,PM2.5,2018-02-13T00:00,8.611,µg/m³,PM2.5,Microbalance
101005,ABBOTSFORD AIRPORT-2,PM2.5,2018-02-19T00:00,2.500,µg/m³,PM2.5,Microbalance
101005,ABBOTSFORD AIRPORT-2,PM2.5,2018-02-19T00:00,2.778,µg/m³,PM2.5,Microbalance
101005,ABBOTSFORD AIRPORT-2,PM2.5,2018-02-25T00:00,3.125,µg/m³,PM2.5,Microbalance
101005,ABBOTSFORD AIRPORT-2,PM2.5,2018-03-03T00:00,4.074,µg/m³,PM2.5,Microbalance
101005,ABBOTSFORD AIRPORT-2,PM2.5,2018-03-03T00:00,5.347,µg/m³,PM2.5,Microbalance
101005,ABBOTSFORD AIRPORT-2,PM2.5,2018-03-09T00:00,5.347,µg/m³,PM2.5,Microbalance
101005,ABBOTSFORD AIRPORT-2,PM2.5,2018-03-15T00:00,4.653,µg/m³,PM2.5,Microbalance
101005,ABBOTSFORD AIRPORT-2,PM2.5,2018-03-21T00:00,7.546,µg/m³,PM2.5,Microbalance
101005,ABBOTSFORD AIRPORT-2,PM2.5,2018-03-21T00:00,7.778,µg/m³,PM2.5,Microbalance
101005,ABBOTSFORD AIRPORT-2,PM2.5,2018-03-27T00:00,1.528,µg/m³,PM2.5,Microbalance
101005,ABBOTSFORD AIRPORT-2,PM2.5,2018-03-27T00:00,1.806,µg/m³,PM2.5,Microbalance
101005,ABBOTSFORD AIRPORT-2,PM2.5,2018-04-02T00:00,3.403,µg/m³,PM2.5,Microbalance
101005,ABBOTSFORD AIRPORT-2,PM2.5,2018-04-08T00:00,1.458,µg/m³,PM2.5,Microbalance
101005,ABBOTSFORD AIRPORT-2,PM2.5,2018-04-14T00:00,3.935,µg/m³,PM2.5,Microbalance
101005,ABBOTSFORD AIRPORT-2,PM2.5,2018-04-14T00:00,4.028,µg/m³,PM2.5,Microbalance
101005,ABBOTSFORD AIRPORT-2,PM2.5,2018-04-20T00:00,5.694,µg/m³,PM2.5,Microbalance
101005,ABBOTSFORD AIRPORT-2,PM2.5,2018-04-20T00:00,12.989,µg/m³,PM2.5,Microbalance
101005,ABBOTSFORD AIRPORT-2,PM2.5,2018-04-26T00:00,8.054,µg/m³,PM2.5,Microbalance
101005,ABBOTSFORD AIRPORT-2,PM2.5,2018-04-26T00:00,8.519,µg/m³,PM2.5,Microbalance
101005,ABBOTSFORD AIRPORT-2,PM2.5,2018-05-02T00:00,10.630,µg/m³,PM2.5,Microbalance
101005,ABBOTSFORD AIRPORT-2,PM2.5,2018-05-04T00:00,9.306,µg/m³,PM2.5,Microbalance
101005,ABBOTSFORD AIRPORT-2,PM2.5,2018-05-08T00:00,8.935,µg/m³,PM2.5,Microbalance
101005,ABBOTSFORD AIRPORT-2,PM2.5,2018-05-08T00:00,10.347,µg/m³,PM2.5,Microbalance
101005,ABBOTSFORD AIRPORT-2,PM2.5,2018-05-14T00:00,10.509,µg/m³,PM2.5,Microbalance
101005,ABBOTSFORD AIRPORT-2,PM2.5,2018-05-14T00:00,12.840,µg/m³,PM2.5,Microbalance
101005,ABBOTSFORD AIRPORT-2,PM2.5,2018-05-20T00:00,4.792,µg/m³,PM2.5,Microbalance
101005,ABBOTSFORD AIRPORT-2,PM2.5,2018-05-20T00:00,5.185,µg/m³,PM2.5,Microbalance
101005,ABBOTSFORD AIRPORT-2,PM2.5,2018-05-26T00:00,4.120,µg/m³,PM2.5,Microbalance
101005,ABBOTSFORD AIRPORT-2,PM2.5,2018-05-26T00:00,6.183,µg/m³,PM2.5,Microbalance
101005,ABBOTSFORD AIRPORT-2,PM2.5,2018-06-01T00:00,2.824,µg/m³,PM2.5,Microbalance
101005,ABBOTSFORD AIRPORT-2,PM2.5,2018-06-01T00:00,4.165,µg/m³,PM2.5,Microbalance
101005,ABBOTSFORD AIRPORT-2,PM2.5,2018-06-07T00:00,5.324,µg/m³,PM2.5,Microbalance
101005,ABBOTSFORD AIRPORT-2,PM2.5,2018-06-07T00:00,5.905,µg/m³,PM2.5,Microbalance
101005,ABBOTSFORD AIRPORT-2,PM2.5,2018-06-13T00:00,4.028,µg/m³,PM2.5,Microbalance
101005,ABBOTSFORD AIRPORT-2,PM2.5,2018-06-13T00:00,5.697,µg/m³,PM2.5,Microbalance
101005,ABBOTSFORD AIRPORT-2,PM2.5,2018-06-19T00:00,8.120,µg/m³,PM2.5,Microbalance
101005,ABBOTSFORD AIRPORT-2,PM2.5,2018-06-25T00:00,2.013,µg/m³,PM2.5,Microbalance
101005,ABBOTSFORD AIRPORT-2,PM2.5,2018-06-25T00:00,2.407,µg/m³,PM2.5,Microbalance
101005,ABBOTSFORD AIRPORT-2,PM2.5,2018-07-01T00:00,1.389,µg/m³,PM2.5,Microbalance
101005,ABBOTSFORD AIRPORT-2,PM2.5,2018-07-01T00:00,1.944,µg/m³,PM2.5,Microbalance
101005,ABBOTSFORD AIRPORT-2,PM2.5,2018-07-07T00:00,3.565,µg/m³,PM2.5,Microbalance
101005,ABBOTSFORD AIRPORT-2,PM2.5,2018-07-07T00:00,4.167,µg/m³,PM2.5,Microbalance
101005,ABBOTSFORD AIRPORT-2,PM2.5,2018-07-13T00:00,3.957,µg/m³,PM2.5,Microbalance
101005,ABBOTSFORD AIRPORT-2,PM2.5,2018-07-13T00:00,5.139,µg/m³,PM2.5,Microbalance
101005,ABBOTSFORD AIRPORT-2,PM2.5,2018-07-19T00:00,3.935,µg/m³,PM2.5,Microbalance
101005,ABBOTSFORD AIRPORT-2,PM2.5,2018-07-19T00:00,4.306,µg/m³,PM2.5,Microbalance
101005,ABBOTSFORD AIRPORT-2,PM2.5,2018-07-25T00:00,10.231,µg/m³,PM2.5,Microbalance
101005,ABBOTSFORD AIRPORT-2,PM2.5,2018-07-25T00:00,11.521,µg/m³,PM2.5,Microbalance
101005,ABBOTSFORD AIRPORT-2,PM2.5,2018-07-31T00:00,7.315,µg/m³,PM2.5,Microbalance
101005,ABBOTSFORD AIRPORT-2,PM2.5,2018-07-31T00:00,7.639,µg/m³,PM2.5,Microbalance
101005,ABBOTSFORD AIRPORT-2,PM2.5,2018-08-06T00:00,8.241,µg/m³,PM2.5,Microbalance
101005,ABBOTSFORD AIRPORT-2,PM2.5,2018-08-06T00:00,9.648,µg/m³,PM2.5,Microbalance
101005,ABBOTSFORD AIRPORT-2,PM2.5,2018-08-12T00:00,5.509,µg/m³,PM2.5,Microbalance
101005,ABBOTSFORD AIRPORT-2,PM2.5,2018-08-12T00:00,5.694,µg/m³,PM2.5,Microbalance
101005,ABBOTSFORD AIRPORT-2,PM2.5,2018-08-18T00:00,14.794,µg/m³,PM2.5,Microbalance
101005,ABBOTSFORD AIRPORT-2,PM2.5,2018-08-18T00:00,14.954,µg/m³,PM2.5,Microbalance
101005,ABBOTSFORD AIRPORT-2,PM2.5,2018-08-24T00:00,18.981,µg/m³,PM2.5,Microbalance
101005,ABBOTSFORD AIRPORT-2,PM2.5,2018-08-24T00:00,20.347,µg/m³,PM2.5,Microbalance
101005,ABBOTSFORD AIRPORT-2,PM2.5,2018-08-30T00:00,2.685,µg/m³,PM2.5,Microbalance
101005,ABBOTSFORD AIRPORT-2,PM2.5,2018-08-30T00:00,3.403,µg/m³,PM2.5,Microbalance
101005,ABBOTSFORD AIRPORT-2,PM2.5,2018-09-05T00:00,13.539,µg/m³,PM2.5,Microbalance
101005,ABBOTSFORD AIRPORT-2,PM2.5,2018-09-05T00:00,13.796,µg/m³,PM2.5,Microbalance
101005,ABBOTSFORD AIRPORT-2,PM2.5,2018-09-11T00:00,3.334,µg/m³,PM2.5,Microbalance
101005,ABBOTSFORD AIRPORT-2,PM2.5,2018-09-11T00:00,3.380,µg/m³,PM2.5,Microbalance
101005,ABBOTSFORD AIRPORT-2,PM2.5,2018-09-17T00:00,3.475,µg/m³,PM2.5,Microbalance
101005,ABBOTSFORD AIRPORT-2,PM2.5,2018-09-17T00:00,3.796,µg/m³,PM2.5,Microbalance
101005,ABBOTSFORD AIRPORT-2,PM2.5,2018-09-23T00:00,5.907,µg/m³,PM2.5,Microbalance
101005,ABBOTSFORD AIRPORT-2,PM2.5,2018-09-29T00:00,4.445,µg/m³,PM2.5,Microbalance
101005,ABBOTSFORD AIRPORT-2,PM2.5,2018-10-05T00:00,9.455,µg/m³,PM2.5,Microbalance
101005,ABBOTSFORD AIRPORT-2,PM2.5,2018-10-11T00:00,12.824,µg/m³,PM2.5,Microbalance
101005,ABBOTSFORD AIRPORT-2,PM2.5,2018-10-11T00:00,14.730,µg/m³,PM2.5,Microbalance
101005,ABBOTSFORD AIRPORT-2,PM2.5,2018-10-17T00:00,8.704,µg/m³,PM2.5,Microbalance
101005,ABBOTSFORD AIRPORT-2,PM2.5,2018-10-17T00:00,11.743,µg/m³,PM2.5,Microbalance
101005,ABBOTSFORD AIRPORT-2,PM2.5,2018-10-23T00:00,13.935,µg/m³,PM2.5,Microbalance
101005,ABBOTSFORD AIRPORT-2,PM2.5,2018-10-23T00:00,16.117,µg/m³,PM2.5,Microbalance
101005,ABBOTSFORD AIRPORT-2,PM2.5,2018-10-29T00:00,3.333,µg/m³,PM2.5,Microbalance
101005,ABBOTSFORD AIRPORT-2,PM2.5,2018-10-29T00:00,4.098,µg/m³,PM2.5,Microbalance
101005,ABBOTSFORD AIRPORT-2,PM2.5,2018-11-04T00:00,2.846,µg/m³,PM2.5,Microbalance
101005,ABBOTSFORD AIRPORT-2,PM2.5,2018-11-04T00:00,3.241,µg/m³,PM2.5,Microbalance
101005,ABBOTSFORD AIRPORT-2,PM2.5,2018-11-10T00:00,6.713,µg/m³,PM2.5,Microbalance
101005,ABBOTSFORD AIRPORT-2,PM2.5,2018-11-10T00:00,8.963,µg/m³,PM2.5,Microbalance
101005,ABBOTSFORD AIRPORT-2,PM2.5,2018-11-16T00:00,2.639,µg/m³,PM2.5,Microbalance
101005,ABBOTSFORD AIRPORT-2,PM2.5,2018-11-16T00:00,3.126,µg/m³,PM2.5,Microbalance
101005,ABBOTSFORD AIRPORT-2,PM2.5,2018-11-22T00:00,1.806,µg/m³,PM2.5,Microbalance
101005,ABBOTSFORD AIRPORT-2,PM2.5,2018-11-22T00:00,1.806,µg/m³,PM2.5,Microbalance
101005,ABBOTSFORD AIRPORT-2,PM2.5,2018-11-28T00:00,3.058,µg/m³,PM2.5,Microbalance
101005,ABBOTSFORD AIRPORT-2,PM2.5,2018-11-28T00:00,3.194,µg/m³,PM2.5,Microbalance
101005,ABBOTSFORD AIRPORT-2,PM2.5,2018-12-04T00:00,3.519,µg/m³,PM2.5,Microbalance
101005,ABBOTSFORD AIRPORT-2,PM2.5,2018-12-04T00:00,4.583,µg/m³,PM2.5,Microbalance
101005,ABBOTSFORD AIRPORT-2,PM2.5,2018-12-10T00:00,3.009,µg/m³,PM2.5,Microbalance
101005,ABBOTSFORD AIRPORT-2,PM2.5,2018-12-10T00:00,4.099,µg/m³,PM2.5,Microbalance
101005,ABBOTSFORD AIRPORT-2,PM2.5,2018-12-16T00:00,0.833,µg/m³,PM2.5,Microbalance
101005,ABBOTSFORD AIRPORT-2,PM2.5,2018-12-16T00:00,1.598,µg/m³,PM2.5,Microbalance
101005,ABBOTSFORD AIRPORT-2,PM2.5,2018-12-22T00:00,2.130,µg/m³,PM2.5,Microbalance
101005,ABBOTSFORD AIRPORT-2,PM2.5,2018-12-22T00:00,2.637,µg/m³,PM2.5,Microbalance
101005,ABBOTSFORD AIRPORT-2,PM2.5,2018-12-28T00:00,1.179,µg/m³,PM2.5,Microbalance
101005,ABBOTSFORD AIRPORT-2,PM2.5,2018-12-28T00:00,2.407,µg/m³,PM2.5,Microbalance
