﻿NAPS_Site_ID,Station_Name,Pollutant,Date,Value,Units,Report_Type,Method
60104,OTTAWA DOWNTOWN,PM2.5-10,2015-01-06T00:00,2.074,µg/m³,PM2.5-10,Microbalance
60104,OTTAWA DOWNTOWN,PM2.5-10,2015-01-12T00:00,3.227,µg/m³,PM2.5-10,Microbalance
60104,OTTAWA DOWNTOWN,PM2.5-10,2015-01-18T00:00,3.773,µg/m³,PM2.5-10,Microbalance
60104,OTTAWA DOWNTOWN,PM2.5-10,2015-01-24T00:00,2.699,µg/m³,PM2.5-10,Microbalance
60104,OTTAWA DOWNTOWN,PM2.5-10,2015-01-30T00:00,1.412,µg/m³,PM2.5-10,Microbalance
60104,OTTAWA DOWNTOWN,PM2.5-10,2015-02-05T00:00,2.347,µg/m³,PM2.5-10,Microbalance
60104,OTTAWA DOWNTOWN,PM2.5-10,2015-02-11T00:00,7.167,µg/m³,PM2.5-10,Microbalance
60104,OTTAWA DOWNTOWN,PM2.5-10,2015-02-17T00:00,10.833,µg/m³,PM2.5-10,Microbalance
60104,OTTAWA DOWNTOWN,PM2.5-10,2015-02-23T00:00,4.861,µg/m³,PM2.5-10,Microbalance
60104,OTTAWA DOWNTOWN,PM2.5-10,2015-03-01T00:00,14.685,µg/m³,PM2.5-10,Microbalance
60104,OTTAWA DOWNTOWN,PM2.5-10,2015-03-07T00:00,6.801,µg/m³,PM2.5-10,Microbalance
60104,OTTAWA DOWNTOWN,PM2.5-10,2015-03-13T00:00,10.694,µg/m³,PM2.5-10,Microbalance
60104,OTTAWA DOWNTOWN,PM2.5-10,2015-03-19T00:00,13.407,µg/m³,PM2.5-10,Microbalance
60104,OTTAWA DOWNTOWN,PM2.5-10,2015-03-25T00:00,15.477,µg/m³,PM2.5-10,Microbalance
60104,OTTAWA DOWNTOWN,PM2.5-10,2015-03-31T00:00,7.509,µg/m³,PM2.5-10,Microbalance
60104,OTTAWA DOWNTOWN,PM2.5-10,2015-04-06T00:00,8.120,µg/m³,PM2.5-10,Microbalance
60104,OTTAWA DOWNTOWN,PM2.5-10,2015-04-12T00:00,6.620,µg/m³,PM2.5-10,Microbalance
60104,OTTAWA DOWNTOWN,PM2.5-10,2015-04-16T00:00,5.338,µg/m³,PM2.5-10,Microbalance
60104,OTTAWA DOWNTOWN,PM2.5-10,2015-04-30T00:00,8.361,µg/m³,PM2.5-10,Microbalance
60104,OTTAWA DOWNTOWN,PM2.5-10,2015-05-06T00:00,12.042,µg/m³,PM2.5-10,Microbalance
60104,OTTAWA DOWNTOWN,PM2.5-10,2015-05-12T00:00,6.935,µg/m³,PM2.5-10,Microbalance
60104,OTTAWA DOWNTOWN,PM2.5-10,2015-05-18T00:00,8.093,µg/m³,PM2.5-10,Microbalance
60104,OTTAWA DOWNTOWN,PM2.5-10,2015-05-24T00:00,10.634,µg/m³,PM2.5-10,Microbalance
60104,OTTAWA DOWNTOWN,PM2.5-10,2015-05-30T00:00,7.403,µg/m³,PM2.5-10,Microbalance
60104,OTTAWA DOWNTOWN,PM2.5-10,2015-06-05T00:00,6.208,µg/m³,PM2.5-10,Microbalance
60104,OTTAWA DOWNTOWN,PM2.5-10,2015-06-11T00:00,6.620,µg/m³,PM2.5-10,Microbalance
60104,OTTAWA DOWNTOWN,PM2.5-10,2015-06-17T00:00,6.204,µg/m³,PM2.5-10,Microbalance
60104,OTTAWA DOWNTOWN,PM2.5-10,2015-06-23T00:00,8.505,µg/m³,PM2.5-10,Microbalance
60104,OTTAWA DOWNTOWN,PM2.5-10,2015-06-29T00:00,2.833,µg/m³,PM2.5-10,Microbalance
60104,OTTAWA DOWNTOWN,PM2.5-10,2015-07-05T00:00,3.394,µg/m³,PM2.5-10,Microbalance
60104,OTTAWA DOWNTOWN,PM2.5-10,2015-07-11T00:00,5.977,µg/m³,PM2.5-10,Microbalance
60104,OTTAWA DOWNTOWN,PM2.5-10,2015-07-23T00:00,3.333,µg/m³,PM2.5-10,Microbalance
60104,OTTAWA DOWNTOWN,PM2.5-10,2015-07-29T00:00,9.079,µg/m³,PM2.5-10,Microbalance
60104,OTTAWA DOWNTOWN,PM2.5-10,2015-08-04T00:00,3.440,µg/m³,PM2.5-10,Microbalance
60104,OTTAWA DOWNTOWN,PM2.5-10,2015-08-10T00:00,7.000,µg/m³,PM2.5-10,Microbalance
60104,OTTAWA DOWNTOWN,PM2.5-10,2015-08-16T00:00,3.653,µg/m³,PM2.5-10,Microbalance
60104,OTTAWA DOWNTOWN,PM2.5-10,2015-08-22T00:00,3.023,µg/m³,PM2.5-10,Microbalance
60104,OTTAWA DOWNTOWN,PM2.5-10,2015-08-28T00:00,3.523,µg/m³,PM2.5-10,Microbalance
60104,OTTAWA DOWNTOWN,PM2.5-10,2015-09-03T00:00,5.204,µg/m³,PM2.5-10,Microbalance
60104,OTTAWA DOWNTOWN,PM2.5-10,2015-09-09T00:00,5.759,µg/m³,PM2.5-10,Microbalance
60104,OTTAWA DOWNTOWN,PM2.5-10,2015-09-15T00:00,7.139,µg/m³,PM2.5-10,Microbalance
60104,OTTAWA DOWNTOWN,PM2.5-10,2015-09-21T00:00,4.574,µg/m³,PM2.5-10,Microbalance
60104,OTTAWA DOWNTOWN,PM2.5-10,2015-09-27T00:00,5.718,µg/m³,PM2.5-10,Microbalance
60104,OTTAWA DOWNTOWN,PM2.5-10,2015-10-03T00:00,2.259,µg/m³,PM2.5-10,Microbalance
60104,OTTAWA DOWNTOWN,PM2.5-10,2015-10-09T00:00,2.028,µg/m³,PM2.5-10,Microbalance
60104,OTTAWA DOWNTOWN,PM2.5-10,2015-10-15T00:00,3.403,µg/m³,PM2.5-10,Microbalance
60104,OTTAWA DOWNTOWN,PM2.5-10,2015-10-21T00:00,5.801,µg/m³,PM2.5-10,Microbalance
60104,OTTAWA DOWNTOWN,PM2.5-10,2015-10-28T00:00,2.903,µg/m³,PM2.5-10,Microbalance
60104,OTTAWA DOWNTOWN,PM2.5-10,2015-11-02T00:00,4.856,µg/m³,PM2.5-10,Microbalance
60104,OTTAWA DOWNTOWN,PM2.5-10,2015-11-08T00:00,1.579,µg/m³,PM2.5-10,Microbalance
60104,OTTAWA DOWNTOWN,PM2.5-10,2015-11-14T00:00,0.755,µg/m³,PM2.5-10,Microbalance
60104,OTTAWA DOWNTOWN,PM2.5-10,2015-11-20T00:00,4.593,µg/m³,PM2.5-10,Microbalance
60104,OTTAWA DOWNTOWN,PM2.5-10,2015-11-26T00:00,6.528,µg/m³,PM2.5-10,Microbalance
60104,OTTAWA DOWNTOWN,PM2.5-10,2015-12-02T00:00,1.227,µg/m³,PM2.5-10,Microbalance
60104,OTTAWA DOWNTOWN,PM2.5-10,2015-12-08T00:00,5.042,µg/m³,PM2.5-10,Microbalance
60104,OTTAWA DOWNTOWN,PM2.5-10,2015-12-20T00:00,1.898,µg/m³,PM2.5-10,Microbalance
60104,OTTAWA DOWNTOWN,PM2.5-10,2015-12-26T00:00,6.199,µg/m³,PM2.5-10,Microbalance
