﻿NAPS_Site_ID,Station_Name,Pollutant,Date,Value,Units,Report_Type,Method
61104,10 HOSPITAL DRIVE _Peterborough_,Bromomethane,2000-05-12T00:00,0.170,µg/m³,VOC,
61104,10 HOSPITAL DRIVE _Peterborough_,Bromomethane,2000-05-18T00:00,0.140,µg/m³,VOC,
61104,10 HOSPITAL DRIVE _Peterborough_,Bromomethane,2000-05-24T00:00,0.140,µg/m³,VOC,
61104,10 HOSPITAL DRIVE _Peterborough_,Bromomethane,2000-05-30T00:00,0.120,µg/m³,VOC,
61104,10 HOSPITAL DRIVE _Peterborough_,Bromomethane,2000-06-05T00:00,0.150,µg/m³,VOC,
61104,10 HOSPITAL DRIVE _Peterborough_,Bromomethane,2000-06-11T00:00,0.150,µg/m³,VOC,
61104,10 HOSPITAL DRIVE _Peterborough_,Bromomethane,2000-06-17T00:00,0.190,µg/m³,VOC,
61104,10 HOSPITAL DRIVE _Peterborough_,Bromomethane,2000-06-23T00:00,0.120,µg/m³,VOC,
61104,10 HOSPITAL DRIVE _Peterborough_,Bromomethane,2000-06-29T00:00,0.130,µg/m³,VOC,
61104,10 HOSPITAL DRIVE _Peterborough_,Bromomethane,2000-07-05T00:00,0.140,µg/m³,VOC,
61104,10 HOSPITAL DRIVE _Peterborough_,Bromomethane,2000-07-11T00:00,0.130,µg/m³,VOC,
61104,10 HOSPITAL DRIVE _Peterborough_,Bromomethane,2000-07-17T00:00,0.150,µg/m³,VOC,
61104,10 HOSPITAL DRIVE _Peterborough_,Bromomethane,2000-07-23T00:00,0.110,µg/m³,VOC,
61104,10 HOSPITAL DRIVE _Peterborough_,Bromomethane,2000-07-29T00:00,0.100,µg/m³,VOC,
61104,10 HOSPITAL DRIVE _Peterborough_,Bromomethane,2000-08-16T00:00,0.160,µg/m³,VOC,
61104,10 HOSPITAL DRIVE _Peterborough_,Bromomethane,2000-08-22T00:00,0.160,µg/m³,VOC,
61104,10 HOSPITAL DRIVE _Peterborough_,Bromomethane,2000-08-28T00:00,0.110,µg/m³,VOC,
61104,10 HOSPITAL DRIVE _Peterborough_,Bromomethane,2000-09-03T00:00,0.210,µg/m³,VOC,
61104,10 HOSPITAL DRIVE _Peterborough_,Bromomethane,2000-09-09T00:00,0.130,µg/m³,VOC,
61104,10 HOSPITAL DRIVE _Peterborough_,Bromomethane,2000-09-15T00:00,0.130,µg/m³,VOC,
61104,10 HOSPITAL DRIVE _Peterborough_,Bromomethane,2000-09-21T00:00,0.170,µg/m³,VOC,
61104,10 HOSPITAL DRIVE _Peterborough_,Bromomethane,2000-09-27T00:00,0.160,µg/m³,VOC,
61104,10 HOSPITAL DRIVE _Peterborough_,Bromomethane,2000-10-03T00:00,0.200,µg/m³,VOC,
61104,10 HOSPITAL DRIVE _Peterborough_,Bromomethane,2000-10-09T00:00,0.180,µg/m³,VOC,
61104,10 HOSPITAL DRIVE _Peterborough_,Bromomethane,2000-10-15T00:00,0.150,µg/m³,VOC,
61104,10 HOSPITAL DRIVE _Peterborough_,Bromomethane,2000-10-21T00:00,0.170,µg/m³,VOC,
61104,10 HOSPITAL DRIVE _Peterborough_,Bromomethane,2000-10-27T00:00,0.160,µg/m³,VOC,
61104,10 HOSPITAL DRIVE _Peterborough_,Bromomethane,2000-11-02T00:00,0.140,µg/m³,VOC,
61104,10 HOSPITAL DRIVE _Peterborough_,Bromomethane,2000-11-08T00:00,0.180,µg/m³,VOC,
61104,10 HOSPITAL DRIVE _Peterborough_,Bromomethane,2000-11-14T00:00,0.170,µg/m³,VOC,
61104,10 HOSPITAL DRIVE _Peterborough_,Bromomethane,2000-11-20T00:00,0.150,µg/m³,VOC,
61104,10 HOSPITAL DRIVE _Peterborough_,Bromomethane,2000-11-26T00:00,0.150,µg/m³,VOC,
61104,10 HOSPITAL DRIVE _Peterborough_,Bromomethane,2000-12-02T00:00,0.080,µg/m³,VOC,
61104,10 HOSPITAL DRIVE _Peterborough_,Bromomethane,2000-12-08T00:00,0.180,µg/m³,VOC,
61104,10 HOSPITAL DRIVE _Peterborough_,Bromomethane,2000-12-14T00:00,0.160,µg/m³,VOC,
61104,10 HOSPITAL DRIVE _Peterborough_,Bromomethane,2000-12-20T00:00,0.140,µg/m³,VOC,
61104,10 HOSPITAL DRIVE _Peterborough_,Bromomethane,2000-12-26T00:00,0.100,µg/m³,VOC,
