﻿NAPS_Site_ID,Station_Name,Pollutant,Date,Value,Units,Report_Type,Method
62601,EXPERIMENTAL FARM _SIMCOE_,MEK/Butyraidehyde,2015-01-11T19:00,0.004,µg/m³,CARB,TOR
62601,EXPERIMENTAL FARM _SIMCOE_,MEK/Butyraidehyde,2015-01-17T19:00,0.000,µg/m³,CARB,TOR
62601,EXPERIMENTAL FARM _SIMCOE_,MEK/Butyraidehyde,2015-01-23T19:00,0.178,µg/m³,CARB,TOR
62601,EXPERIMENTAL FARM _SIMCOE_,MEK/Butyraidehyde,2015-01-29T19:00,0.049,µg/m³,CARB,TOR
62601,EXPERIMENTAL FARM _SIMCOE_,MEK/Butyraidehyde,2015-02-04T19:00,0.126,µg/m³,CARB,TOR
62601,EXPERIMENTAL FARM _SIMCOE_,MEK/Butyraidehyde,2015-02-10T19:00,0.854,µg/m³,CARB,TOR
62601,EXPERIMENTAL FARM _SIMCOE_,MEK/Butyraidehyde,2015-02-16T19:00,0.495,µg/m³,CARB,TOR
62601,EXPERIMENTAL FARM _SIMCOE_,MEK/Butyraidehyde,2015-02-22T19:00,0.387,µg/m³,CARB,TOR
62601,EXPERIMENTAL FARM _SIMCOE_,MEK/Butyraidehyde,2015-02-28T19:00,0.312,µg/m³,CARB,TOR
62601,EXPERIMENTAL FARM _SIMCOE_,MEK/Butyraidehyde,2015-03-06T19:00,0.000,µg/m³,CARB,TOR
62601,EXPERIMENTAL FARM _SIMCOE_,MEK/Butyraidehyde,2015-03-12T20:00,0.535,µg/m³,CARB,TOR
62601,EXPERIMENTAL FARM _SIMCOE_,MEK/Butyraidehyde,2015-03-18T20:00,0.000,µg/m³,CARB,TOR
62601,EXPERIMENTAL FARM _SIMCOE_,MEK/Butyraidehyde,2015-03-24T20:00,0.314,µg/m³,CARB,TOR
62601,EXPERIMENTAL FARM _SIMCOE_,MEK/Butyraidehyde,2015-03-30T20:00,0.412,µg/m³,CARB,TOR
62601,EXPERIMENTAL FARM _SIMCOE_,MEK/Butyraidehyde,2015-04-05T20:00,0.000,µg/m³,CARB,TOR
62601,EXPERIMENTAL FARM _SIMCOE_,MEK/Butyraidehyde,2015-04-11T20:00,0.446,µg/m³,CARB,TOR
62601,EXPERIMENTAL FARM _SIMCOE_,MEK/Butyraidehyde,2015-04-17T20:00,0.101,µg/m³,CARB,TOR
62601,EXPERIMENTAL FARM _SIMCOE_,MEK/Butyraidehyde,2015-04-23T20:00,0.153,µg/m³,CARB,TOR
62601,EXPERIMENTAL FARM _SIMCOE_,MEK/Butyraidehyde,2015-04-29T20:00,0.699,µg/m³,CARB,TOR
62601,EXPERIMENTAL FARM _SIMCOE_,MEK/Butyraidehyde,2015-05-05T20:00,0.000,µg/m³,CARB,TOR
62601,EXPERIMENTAL FARM _SIMCOE_,MEK/Butyraidehyde,2015-06-16T20:00,0.860,µg/m³,CARB,TOR
62601,EXPERIMENTAL FARM _SIMCOE_,MEK/Butyraidehyde,2015-06-22T20:00,1.047,µg/m³,CARB,TOR
62601,EXPERIMENTAL FARM _SIMCOE_,MEK/Butyraidehyde,2015-07-04T20:00,0.799,µg/m³,CARB,TOR
62601,EXPERIMENTAL FARM _SIMCOE_,MEK/Butyraidehyde,2015-07-10T20:00,0.586,µg/m³,CARB,TOR
62601,EXPERIMENTAL FARM _SIMCOE_,MEK/Butyraidehyde,2015-07-16T20:00,0.602,µg/m³,CARB,TOR
62601,EXPERIMENTAL FARM _SIMCOE_,MEK/Butyraidehyde,2015-07-28T20:00,0.013,µg/m³,CARB,TOR
62601,EXPERIMENTAL FARM _SIMCOE_,MEK/Butyraidehyde,2015-08-03T20:00,0.090,µg/m³,CARB,TOR
62601,EXPERIMENTAL FARM _SIMCOE_,MEK/Butyraidehyde,2015-08-09T20:00,0.023,µg/m³,CARB,TOR
62601,EXPERIMENTAL FARM _SIMCOE_,MEK/Butyraidehyde,2015-08-27T20:00,0.363,µg/m³,CARB,TOR
62601,EXPERIMENTAL FARM _SIMCOE_,MEK/Butyraidehyde,2015-09-02T20:00,0.376,µg/m³,CARB,TOR
62601,EXPERIMENTAL FARM _SIMCOE_,MEK/Butyraidehyde,2015-09-08T20:00,0.428,µg/m³,CARB,TOR
62601,EXPERIMENTAL FARM _SIMCOE_,MEK/Butyraidehyde,2015-09-14T20:00,0.309,µg/m³,CARB,TOR
62601,EXPERIMENTAL FARM _SIMCOE_,MEK/Butyraidehyde,2015-09-20T20:00,0.342,µg/m³,CARB,TOR
62601,EXPERIMENTAL FARM _SIMCOE_,MEK/Butyraidehyde,2015-09-26T20:00,0.000,µg/m³,CARB,TOR
62601,EXPERIMENTAL FARM _SIMCOE_,MEK/Butyraidehyde,2015-10-02T20:00,0.071,µg/m³,CARB,TOR
62601,EXPERIMENTAL FARM _SIMCOE_,MEK/Butyraidehyde,2015-10-08T20:00,0.244,µg/m³,CARB,TOR
62601,EXPERIMENTAL FARM _SIMCOE_,MEK/Butyraidehyde,2015-10-20T20:00,0.343,µg/m³,CARB,TOR
62601,EXPERIMENTAL FARM _SIMCOE_,MEK/Butyraidehyde,2015-10-26T20:00,0.230,µg/m³,CARB,TOR
62601,EXPERIMENTAL FARM _SIMCOE_,MEK/Butyraidehyde,2015-11-07T19:00,0.335,µg/m³,CARB,TOR
62601,EXPERIMENTAL FARM _SIMCOE_,MEK/Butyraidehyde,2015-11-13T19:00,0.302,µg/m³,CARB,TOR
62601,EXPERIMENTAL FARM _SIMCOE_,MEK/Butyraidehyde,2015-11-19T19:00,0.162,µg/m³,CARB,TOR
62601,EXPERIMENTAL FARM _SIMCOE_,MEK/Butyraidehyde,2015-11-25T19:00,0.248,µg/m³,CARB,TOR
62601,EXPERIMENTAL FARM _SIMCOE_,MEK/Butyraidehyde,2015-12-01T19:00,0.089,µg/m³,CARB,TOR
62601,EXPERIMENTAL FARM _SIMCOE_,MEK/Butyraidehyde,2015-12-07T19:00,0.000,µg/m³,CARB,TOR
62601,EXPERIMENTAL FARM _SIMCOE_,MEK/Butyraidehyde,2015-12-13T19:00,0.120,µg/m³,CARB,TOR
62601,EXPERIMENTAL FARM _SIMCOE_,MEK/Butyraidehyde,2015-12-19T19:00,0.159,µg/m³,CARB,TOR
62601,EXPERIMENTAL FARM _SIMCOE_,MEK/Butyraidehyde,2015-12-25T19:00,0.184,µg/m³,CARB,TOR
