﻿NAPS_Site_ID,Station_Name,Pollutant,Date,Value,Units,Report_Type,Method
100137,BURNABY NORTH,trans-3-Methyl-2-Pentene,2012-01-04T00:00,0.027,µg/m³,VOC,N/A
100137,BURNABY NORTH,trans-3-Methyl-2-Pentene,2012-01-16T00:00,0.091,µg/m³,VOC,N/A
100137,BURNABY NORTH,trans-3-Methyl-2-Pentene,2012-01-22T00:00,0.036,µg/m³,VOC,N/A
100137,BURNABY NORTH,trans-3-Methyl-2-Pentene,2012-01-28T00:00,0.040,µg/m³,VOC,N/A
100137,BURNABY NORTH,trans-3-Methyl-2-Pentene,2012-02-03T00:00,0.171,µg/m³,VOC,N/A
100137,BURNABY NORTH,trans-3-Methyl-2-Pentene,2012-02-15T00:00,0.071,µg/m³,VOC,N/A
100137,BURNABY NORTH,trans-3-Methyl-2-Pentene,2012-02-21T00:00,0.119,µg/m³,VOC,N/A
100137,BURNABY NORTH,trans-3-Methyl-2-Pentene,2012-02-27T00:00,0.056,µg/m³,VOC,N/A
100137,BURNABY NORTH,trans-3-Methyl-2-Pentene,2012-03-04T00:00,0.018,µg/m³,VOC,N/A
100137,BURNABY NORTH,trans-3-Methyl-2-Pentene,2012-03-10T00:00,0.052,µg/m³,VOC,N/A
100137,BURNABY NORTH,trans-3-Methyl-2-Pentene,2012-03-16T00:00,0.400,µg/m³,VOC,N/A
100137,BURNABY NORTH,trans-3-Methyl-2-Pentene,2012-03-22T00:00,0.090,µg/m³,VOC,N/A
100137,BURNABY NORTH,trans-3-Methyl-2-Pentene,2012-03-28T00:00,0.018,µg/m³,VOC,N/A
100137,BURNABY NORTH,trans-3-Methyl-2-Pentene,2012-04-15T00:00,0.065,µg/m³,VOC,N/A
100137,BURNABY NORTH,trans-3-Methyl-2-Pentene,2012-04-21T00:00,0.104,µg/m³,VOC,N/A
100137,BURNABY NORTH,trans-3-Methyl-2-Pentene,2012-04-27T00:00,0.031,µg/m³,VOC,N/A
100137,BURNABY NORTH,trans-3-Methyl-2-Pentene,2012-05-03T00:00,0.057,µg/m³,VOC,N/A
100137,BURNABY NORTH,trans-3-Methyl-2-Pentene,2012-05-09T00:00,0.006,µg/m³,VOC,N/A
100137,BURNABY NORTH,trans-3-Methyl-2-Pentene,2012-05-15T00:00,0.098,µg/m³,VOC,N/A
100137,BURNABY NORTH,trans-3-Methyl-2-Pentene,2012-06-02T00:00,0.121,µg/m³,VOC,N/A
100137,BURNABY NORTH,trans-3-Methyl-2-Pentene,2012-06-08T00:00,0.084,µg/m³,VOC,N/A
100137,BURNABY NORTH,trans-3-Methyl-2-Pentene,2012-06-14T00:00,0.083,µg/m³,VOC,N/A
100137,BURNABY NORTH,trans-3-Methyl-2-Pentene,2012-06-20T00:00,0.126,µg/m³,VOC,N/A
100137,BURNABY NORTH,trans-3-Methyl-2-Pentene,2012-06-26T00:00,0.037,µg/m³,VOC,N/A
100137,BURNABY NORTH,trans-3-Methyl-2-Pentene,2012-07-02T00:00,0.038,µg/m³,VOC,N/A
100137,BURNABY NORTH,trans-3-Methyl-2-Pentene,2012-07-08T00:00,0.152,µg/m³,VOC,N/A
100137,BURNABY NORTH,trans-3-Methyl-2-Pentene,2012-07-14T00:00,0.049,µg/m³,VOC,N/A
100137,BURNABY NORTH,trans-3-Methyl-2-Pentene,2012-07-20T00:00,0.079,µg/m³,VOC,N/A
100137,BURNABY NORTH,trans-3-Methyl-2-Pentene,2012-07-26T00:00,0.334,µg/m³,VOC,N/A
100137,BURNABY NORTH,trans-3-Methyl-2-Pentene,2012-09-24T00:00,0.136,µg/m³,VOC,N/A
100137,BURNABY NORTH,trans-3-Methyl-2-Pentene,2012-09-30T00:00,0.114,µg/m³,VOC,N/A
100137,BURNABY NORTH,trans-3-Methyl-2-Pentene,2012-10-06T00:00,0.157,µg/m³,VOC,N/A
100137,BURNABY NORTH,trans-3-Methyl-2-Pentene,2012-10-18T00:00,0.076,µg/m³,VOC,N/A
100137,BURNABY NORTH,trans-3-Methyl-2-Pentene,2012-10-24T00:00,0.044,µg/m³,VOC,N/A
100137,BURNABY NORTH,trans-3-Methyl-2-Pentene,2012-10-30T00:00,0.169,µg/m³,VOC,N/A
100137,BURNABY NORTH,trans-3-Methyl-2-Pentene,2012-11-05T00:00,0.124,µg/m³,VOC,N/A
100137,BURNABY NORTH,trans-3-Methyl-2-Pentene,2012-11-11T00:00,0.113,µg/m³,VOC,N/A
100137,BURNABY NORTH,trans-3-Methyl-2-Pentene,2012-11-17T00:00,0.015,µg/m³,VOC,N/A
100137,BURNABY NORTH,trans-3-Methyl-2-Pentene,2012-11-23T00:00,0.046,µg/m³,VOC,N/A
100137,BURNABY NORTH,trans-3-Methyl-2-Pentene,2012-11-29T00:00,0.037,µg/m³,VOC,N/A
100137,BURNABY NORTH,trans-3-Methyl-2-Pentene,2012-12-05T00:00,0.057,µg/m³,VOC,N/A
100137,BURNABY NORTH,trans-3-Methyl-2-Pentene,2012-12-11T00:00,0.053,µg/m³,VOC,N/A
100137,BURNABY NORTH,trans-3-Methyl-2-Pentene,2012-12-17T00:00,0.027,µg/m³,VOC,N/A
