﻿NAPS_Site_ID,Station_Name,Pollutant,Date,Value,Units,Report_Type,Method
60413,CENTENNIAL PARK _ETOBICOKE WEST_,Isoprene,1993-05-01T00:00,0.105,µg/m³,VOC,GC-MS
60413,CENTENNIAL PARK _ETOBICOKE WEST_,Isoprene,1993-05-07T00:00,0.253,µg/m³,VOC,GC-MS
60413,CENTENNIAL PARK _ETOBICOKE WEST_,Isoprene,1993-05-13T00:00,0.113,µg/m³,VOC,GC-MS
60413,CENTENNIAL PARK _ETOBICOKE WEST_,Isoprene,1993-05-19T00:00,0.133,µg/m³,VOC,GC-MS
60413,CENTENNIAL PARK _ETOBICOKE WEST_,Isoprene,1993-05-25T00:00,0.079,µg/m³,VOC,GC-MS
60413,CENTENNIAL PARK _ETOBICOKE WEST_,Isoprene,1993-05-31T00:00,0.137,µg/m³,VOC,GC-MS
60413,CENTENNIAL PARK _ETOBICOKE WEST_,Isoprene,1993-06-06T00:00,0.000,µg/m³,VOC,GC-MS
60413,CENTENNIAL PARK _ETOBICOKE WEST_,Isoprene,1993-06-12T00:00,0.406,µg/m³,VOC,GC-MS
60413,CENTENNIAL PARK _ETOBICOKE WEST_,Isoprene,1993-06-18T00:00,0.348,µg/m³,VOC,GC-MS
60413,CENTENNIAL PARK _ETOBICOKE WEST_,Isoprene,1993-06-24T00:00,0.693,µg/m³,VOC,GC-MS
60413,CENTENNIAL PARK _ETOBICOKE WEST_,Isoprene,1993-06-30T00:00,0.520,µg/m³,VOC,GC-MS
60413,CENTENNIAL PARK _ETOBICOKE WEST_,Isoprene,1993-07-12T00:00,0.269,µg/m³,VOC,GC-MS
60413,CENTENNIAL PARK _ETOBICOKE WEST_,Isoprene,1993-07-18T00:00,0.496,µg/m³,VOC,GC-MS
60413,CENTENNIAL PARK _ETOBICOKE WEST_,Isoprene,1993-08-05T00:00,0.246,µg/m³,VOC,GC-MS
60413,CENTENNIAL PARK _ETOBICOKE WEST_,Isoprene,1993-08-11T00:00,0.542,µg/m³,VOC,GC-MS
60413,CENTENNIAL PARK _ETOBICOKE WEST_,Isoprene,1993-08-29T00:00,0.379,µg/m³,VOC,GC-MS
60413,CENTENNIAL PARK _ETOBICOKE WEST_,Isoprene,1993-09-04T00:00,0.293,µg/m³,VOC,GC-MS
60413,CENTENNIAL PARK _ETOBICOKE WEST_,Isoprene,1993-09-10T00:00,0.142,µg/m³,VOC,GC-MS
60413,CENTENNIAL PARK _ETOBICOKE WEST_,Isoprene,1993-09-16T00:00,0.317,µg/m³,VOC,GC-MS
60413,CENTENNIAL PARK _ETOBICOKE WEST_,Isoprene,1993-09-22T00:00,0.289,µg/m³,VOC,GC-MS
60413,CENTENNIAL PARK _ETOBICOKE WEST_,Isoprene,1993-10-10T00:00,0.113,µg/m³,VOC,GC-MS
60413,CENTENNIAL PARK _ETOBICOKE WEST_,Isoprene,1993-10-16T00:00,0.653,µg/m³,VOC,GC-MS
60413,CENTENNIAL PARK _ETOBICOKE WEST_,Isoprene,1993-10-22T00:00,0.101,µg/m³,VOC,GC-MS
60413,CENTENNIAL PARK _ETOBICOKE WEST_,Isoprene,1993-11-09T00:00,0.158,µg/m³,VOC,GC-MS
60413,CENTENNIAL PARK _ETOBICOKE WEST_,Isoprene,1993-11-15T00:00,0.202,µg/m³,VOC,GC-MS
60413,CENTENNIAL PARK _ETOBICOKE WEST_,Isoprene,1993-11-21T00:00,0.146,µg/m³,VOC,GC-MS
60413,CENTENNIAL PARK _ETOBICOKE WEST_,Isoprene,1993-11-27T00:00,0.173,µg/m³,VOC,GC-MS
60413,CENTENNIAL PARK _ETOBICOKE WEST_,Isoprene,1993-12-03T00:00,0.247,µg/m³,VOC,GC-MS
60413,CENTENNIAL PARK _ETOBICOKE WEST_,Isoprene,1993-12-09T00:00,0.244,µg/m³,VOC,GC-MS
60413,CENTENNIAL PARK _ETOBICOKE WEST_,Isoprene,1993-12-15T00:00,0.151,µg/m³,VOC,GC-MS
60413,CENTENNIAL PARK _ETOBICOKE WEST_,Isoprene,1993-12-21T00:00,0.214,µg/m³,VOC,GC-MS
60413,CENTENNIAL PARK _ETOBICOKE WEST_,Isoprene,1993-12-27T00:00,0.221,µg/m³,VOC,GC-MS
