﻿NAPS_Site_ID,Station_Name,Pollutant,Date,Value,Units,Report_Type,Method
100137,BURNABY NORTH,"2,2,4-Trimethylpentane",2007-01-06T00:00,72.933,µg/m³,VOC,
100137,BURNABY NORTH,"2,2,4-Trimethylpentane",2007-01-12T00:00,22.113,µg/m³,VOC,
100137,BURNABY NORTH,"2,2,4-Trimethylpentane",2007-01-18T00:00,32.888,µg/m³,VOC,
100137,BURNABY NORTH,"2,2,4-Trimethylpentane",2007-01-24T00:00,207.804,µg/m³,VOC,
100137,BURNABY NORTH,"2,2,4-Trimethylpentane",2007-01-30T00:00,84.381,µg/m³,VOC,
100137,BURNABY NORTH,"2,2,4-Trimethylpentane",2007-02-11T00:00,37.681,µg/m³,VOC,
100137,BURNABY NORTH,"2,2,4-Trimethylpentane",2007-02-17T00:00,13.760,µg/m³,VOC,
100137,BURNABY NORTH,"2,2,4-Trimethylpentane",2007-02-23T00:00,6.454,µg/m³,VOC,
100137,BURNABY NORTH,"2,2,4-Trimethylpentane",2007-03-01T00:00,47.036,µg/m³,VOC,
100137,BURNABY NORTH,"2,2,4-Trimethylpentane",2007-03-07T00:00,0.000,µg/m³,VOC,
100137,BURNABY NORTH,"2,2,4-Trimethylpentane",2007-03-13T00:00,18.120,µg/m³,VOC,
100137,BURNABY NORTH,"2,2,4-Trimethylpentane",2007-03-19T00:00,14.656,µg/m³,VOC,
100137,BURNABY NORTH,"2,2,4-Trimethylpentane",2007-03-25T00:00,55.339,µg/m³,VOC,
100137,BURNABY NORTH,"2,2,4-Trimethylpentane",2007-03-31T00:00,3.066,µg/m³,VOC,
100137,BURNABY NORTH,"2,2,4-Trimethylpentane",2007-04-06T00:00,230.420,µg/m³,VOC,
100137,BURNABY NORTH,"2,2,4-Trimethylpentane",2007-04-12T00:00,40.347,µg/m³,VOC,
100137,BURNABY NORTH,"2,2,4-Trimethylpentane",2007-04-18T00:00,60.950,µg/m³,VOC,
100137,BURNABY NORTH,"2,2,4-Trimethylpentane",2007-04-24T00:00,94.469,µg/m³,VOC,
100137,BURNABY NORTH,"2,2,4-Trimethylpentane",2007-04-30T00:00,60.411,µg/m³,VOC,
100137,BURNABY NORTH,"2,2,4-Trimethylpentane",2007-05-06T00:00,267.163,µg/m³,VOC,
100137,BURNABY NORTH,"2,2,4-Trimethylpentane",2007-05-12T00:00,113.160,µg/m³,VOC,
100137,BURNABY NORTH,"2,2,4-Trimethylpentane",2007-05-18T00:00,110.211,µg/m³,VOC,
100137,BURNABY NORTH,"2,2,4-Trimethylpentane",2007-05-24T00:00,80.530,µg/m³,VOC,
100137,BURNABY NORTH,"2,2,4-Trimethylpentane",2007-05-30T00:00,38.923,µg/m³,VOC,
100137,BURNABY NORTH,"2,2,4-Trimethylpentane",2007-06-05T00:00,56.569,µg/m³,VOC,
100137,BURNABY NORTH,"2,2,4-Trimethylpentane",2007-06-11T00:00,222.606,µg/m³,VOC,
100137,BURNABY NORTH,"2,2,4-Trimethylpentane",2007-06-17T00:00,42.268,µg/m³,VOC,
100137,BURNABY NORTH,"2,2,4-Trimethylpentane",2007-06-23T00:00,25.893,µg/m³,VOC,
100137,BURNABY NORTH,"2,2,4-Trimethylpentane",2007-06-29T00:00,136.538,µg/m³,VOC,
100137,BURNABY NORTH,"2,2,4-Trimethylpentane",2007-07-11T00:00,159.590,µg/m³,VOC,
100137,BURNABY NORTH,"2,2,4-Trimethylpentane",2007-07-17T00:00,103.119,µg/m³,VOC,
100137,BURNABY NORTH,"2,2,4-Trimethylpentane",2007-07-23T00:00,80.503,µg/m³,VOC,
100137,BURNABY NORTH,"2,2,4-Trimethylpentane",2007-07-29T00:00,58.436,µg/m³,VOC,
100137,BURNABY NORTH,"2,2,4-Trimethylpentane",2007-08-04T00:00,96.276,µg/m³,VOC,
100137,BURNABY NORTH,"2,2,4-Trimethylpentane",2007-08-10T00:00,86.194,µg/m³,VOC,
100137,BURNABY NORTH,"2,2,4-Trimethylpentane",2007-08-16T00:00,30.045,µg/m³,VOC,
100137,BURNABY NORTH,"2,2,4-Trimethylpentane",2007-08-22T00:00,78.367,µg/m³,VOC,
100137,BURNABY NORTH,"2,2,4-Trimethylpentane",2007-08-28T00:00,127.853,µg/m³,VOC,
100137,BURNABY NORTH,"2,2,4-Trimethylpentane",2007-09-03T00:00,98.720,µg/m³,VOC,
100137,BURNABY NORTH,"2,2,4-Trimethylpentane",2007-09-09T00:00,27.576,µg/m³,VOC,
100137,BURNABY NORTH,"2,2,4-Trimethylpentane",2007-09-15T00:00,5.415,µg/m³,VOC,
100137,BURNABY NORTH,"2,2,4-Trimethylpentane",2007-09-21T00:00,91.611,µg/m³,VOC,
100137,BURNABY NORTH,"2,2,4-Trimethylpentane",2007-09-27T00:00,54.610,µg/m³,VOC,
100137,BURNABY NORTH,"2,2,4-Trimethylpentane",2007-10-03T00:00,48.395,µg/m³,VOC,
100137,BURNABY NORTH,"2,2,4-Trimethylpentane",2007-10-09T00:00,57.944,µg/m³,VOC,
100137,BURNABY NORTH,"2,2,4-Trimethylpentane",2007-10-15T00:00,46.082,µg/m³,VOC,
100137,BURNABY NORTH,"2,2,4-Trimethylpentane",2007-10-21T00:00,20.318,µg/m³,VOC,
100137,BURNABY NORTH,"2,2,4-Trimethylpentane",2007-10-27T00:00,66.744,µg/m³,VOC,
100137,BURNABY NORTH,"2,2,4-Trimethylpentane",2007-11-02T00:00,93.823,µg/m³,VOC,
100137,BURNABY NORTH,"2,2,4-Trimethylpentane",2007-11-08T00:00,120.256,µg/m³,VOC,
100137,BURNABY NORTH,"2,2,4-Trimethylpentane",2007-11-14T00:00,47.700,µg/m³,VOC,
100137,BURNABY NORTH,"2,2,4-Trimethylpentane",2007-11-20T00:00,133.303,µg/m³,VOC,
100137,BURNABY NORTH,"2,2,4-Trimethylpentane",2007-11-26T00:00,45.857,µg/m³,VOC,
100137,BURNABY NORTH,"2,2,4-Trimethylpentane",2007-12-02T00:00,47.924,µg/m³,VOC,
100137,BURNABY NORTH,"2,2,4-Trimethylpentane",2007-12-08T00:00,71.849,µg/m³,VOC,
100137,BURNABY NORTH,"2,2,4-Trimethylpentane",2007-12-14T00:00,9.369,µg/m³,VOC,
100137,BURNABY NORTH,"2,2,4-Trimethylpentane",2007-12-20T00:00,7.027,µg/m³,VOC,
100137,BURNABY NORTH,"2,2,4-Trimethylpentane",2007-12-26T00:00,36.004,µg/m³,VOC,
