﻿NAPS_Site_ID,Station_Name,Pollutant,Date,Value,Units,Report_Type,Method
60204,WINDSOR DOWNTOWN,Decane,1991-01-06T00:00,1.401,µg/m³,VOC,GC-MS
60204,WINDSOR DOWNTOWN,Decane,1991-01-12T00:00,0.416,µg/m³,VOC,GC-MS
60204,WINDSOR DOWNTOWN,Decane,1991-01-18T00:00,0.848,µg/m³,VOC,GC-MS
60204,WINDSOR DOWNTOWN,Decane,1991-01-24T00:00,0.641,µg/m³,VOC,GC-MS
60204,WINDSOR DOWNTOWN,Decane,1991-01-30T00:00,1.150,µg/m³,VOC,GC-MS
60204,WINDSOR DOWNTOWN,Decane,1991-02-11T00:00,2.637,µg/m³,VOC,GC-MS
60204,WINDSOR DOWNTOWN,Decane,1991-02-17T00:00,0.524,µg/m³,VOC,GC-MS
60204,WINDSOR DOWNTOWN,Decane,1991-02-23T00:00,0.387,µg/m³,VOC,GC-MS
60204,WINDSOR DOWNTOWN,Decane,1991-03-01T00:00,0.118,µg/m³,VOC,GC-MS
60204,WINDSOR DOWNTOWN,Decane,1991-03-07T00:00,4.174,µg/m³,VOC,GC-MS
60204,WINDSOR DOWNTOWN,Decane,1991-03-13T00:00,2.359,µg/m³,VOC,GC-MS
60204,WINDSOR DOWNTOWN,Decane,1991-03-19T00:00,0.439,µg/m³,VOC,GC-MS
60204,WINDSOR DOWNTOWN,Decane,1991-03-25T00:00,0.927,µg/m³,VOC,GC-MS
60204,WINDSOR DOWNTOWN,Decane,1991-03-31T00:00,0.474,µg/m³,VOC,GC-MS
60204,WINDSOR DOWNTOWN,Decane,1991-04-06T00:00,0.432,µg/m³,VOC,GC-MS
60204,WINDSOR DOWNTOWN,Decane,1991-04-12T00:00,1.126,µg/m³,VOC,GC-MS
60204,WINDSOR DOWNTOWN,Decane,1991-04-18T00:00,0.553,µg/m³,VOC,GC-MS
60204,WINDSOR DOWNTOWN,Decane,1991-04-24T00:00,1.183,µg/m³,VOC,GC-MS
60204,WINDSOR DOWNTOWN,Decane,1991-04-30T00:00,1.384,µg/m³,VOC,GC-MS
60204,WINDSOR DOWNTOWN,Decane,1991-05-06T00:00,0.247,µg/m³,VOC,GC-MS
60204,WINDSOR DOWNTOWN,Decane,1991-05-12T00:00,1.331,µg/m³,VOC,GC-MS
60204,WINDSOR DOWNTOWN,Decane,1991-05-18T00:00,0.471,µg/m³,VOC,GC-MS
60204,WINDSOR DOWNTOWN,Decane,1991-05-24T00:00,1.814,µg/m³,VOC,GC-MS
60204,WINDSOR DOWNTOWN,Decane,1991-05-30T00:00,2.537,µg/m³,VOC,GC-MS
60204,WINDSOR DOWNTOWN,Decane,1991-06-05T00:00,3.482,µg/m³,VOC,GC-MS
60204,WINDSOR DOWNTOWN,Decane,1991-06-17T00:00,1.373,µg/m³,VOC,GC-MS
60204,WINDSOR DOWNTOWN,Decane,1991-06-23T00:00,0.974,µg/m³,VOC,GC-MS
60204,WINDSOR DOWNTOWN,Decane,1991-06-29T00:00,22.863,µg/m³,VOC,GC-MS
60204,WINDSOR DOWNTOWN,Decane,1991-07-05T00:00,2.396,µg/m³,VOC,GC-MS
60204,WINDSOR DOWNTOWN,Decane,1991-07-11T00:00,2.217,µg/m³,VOC,GC-MS
60204,WINDSOR DOWNTOWN,Decane,1991-07-17T00:00,2.453,µg/m³,VOC,GC-MS
60204,WINDSOR DOWNTOWN,Decane,1991-07-23T00:00,74.354,µg/m³,VOC,GC-MS
60204,WINDSOR DOWNTOWN,Decane,1991-07-29T00:00,26.549,µg/m³,VOC,GC-MS
60204,WINDSOR DOWNTOWN,Decane,1991-08-04T00:00,57.106,µg/m³,VOC,GC-MS
60204,WINDSOR DOWNTOWN,Decane,1991-08-10T00:00,34.455,µg/m³,VOC,GC-MS
60204,WINDSOR DOWNTOWN,Decane,1991-08-16T00:00,3.106,µg/m³,VOC,GC-MS
60204,WINDSOR DOWNTOWN,Decane,1991-08-22T00:00,1.590,µg/m³,VOC,GC-MS
60204,WINDSOR DOWNTOWN,Decane,1991-08-28T00:00,1.989,µg/m³,VOC,GC-MS
60204,WINDSOR DOWNTOWN,Decane,1991-09-03T00:00,1.381,µg/m³,VOC,GC-MS
60204,WINDSOR DOWNTOWN,Decane,1991-09-09T00:00,2.630,µg/m³,VOC,GC-MS
60204,WINDSOR DOWNTOWN,Decane,1991-09-21T00:00,1.769,µg/m³,VOC,GC-MS
60204,WINDSOR DOWNTOWN,Decane,1991-09-27T00:00,0.631,µg/m³,VOC,GC-MS
60204,WINDSOR DOWNTOWN,Decane,1991-10-03T00:00,0.070,µg/m³,VOC,GC-MS
60204,WINDSOR DOWNTOWN,Decane,1991-10-09T00:00,0.312,µg/m³,VOC,GC-MS
60204,WINDSOR DOWNTOWN,Decane,1991-11-14T00:00,3.390,µg/m³,VOC,GC-MS
60204,WINDSOR DOWNTOWN,Decane,1991-12-08T00:00,0.975,µg/m³,VOC,GC-MS
60204,WINDSOR DOWNTOWN,Decane,1991-12-14T00:00,12.862,µg/m³,VOC,GC-MS
60204,WINDSOR DOWNTOWN,Decane,1991-12-20T00:00,0.000,µg/m³,VOC,GC-MS
60204,WINDSOR DOWNTOWN,Decane,1991-12-26T00:00,1.228,µg/m³,VOC,GC-MS
