﻿NAPS_Site_ID,Station_Name,Pollutant,Date,Value,Units,Report_Type,Method
100111,ROCKY POINT PARK,trans-2-Hexene,1989-01-04T00:00,0.380,µg/m³,VOC,
100111,ROCKY POINT PARK,trans-2-Hexene,1989-01-10T00:00,0.450,µg/m³,VOC,
100111,ROCKY POINT PARK,trans-2-Hexene,1989-01-16T00:00,0.110,µg/m³,VOC,
100111,ROCKY POINT PARK,trans-2-Hexene,1989-01-22T00:00,0.240,µg/m³,VOC,
100111,ROCKY POINT PARK,trans-2-Hexene,1989-01-28T00:00,0.370,µg/m³,VOC,
100111,ROCKY POINT PARK,trans-2-Hexene,1989-02-09T00:00,0.750,µg/m³,VOC,
100111,ROCKY POINT PARK,trans-2-Hexene,1989-02-15T00:00,0.380,µg/m³,VOC,
100111,ROCKY POINT PARK,trans-2-Hexene,1989-02-21T00:00,0.380,µg/m³,VOC,
100111,ROCKY POINT PARK,trans-2-Hexene,1989-02-27T00:00,0.190,µg/m³,VOC,
100111,ROCKY POINT PARK,trans-2-Hexene,1989-03-05T00:00,0.100,µg/m³,VOC,
100111,ROCKY POINT PARK,trans-2-Hexene,1989-03-11T00:00,0.000,µg/m³,VOC,
100111,ROCKY POINT PARK,trans-2-Hexene,1989-03-17T00:00,0.250,µg/m³,VOC,
100111,ROCKY POINT PARK,trans-2-Hexene,1989-03-23T00:00,0.120,µg/m³,VOC,
100111,ROCKY POINT PARK,trans-2-Hexene,1989-03-29T00:00,0.160,µg/m³,VOC,
100111,ROCKY POINT PARK,trans-2-Hexene,1989-04-04T00:00,0.000,µg/m³,VOC,
100111,ROCKY POINT PARK,trans-2-Hexene,1989-04-10T00:00,0.290,µg/m³,VOC,
100111,ROCKY POINT PARK,trans-2-Hexene,1989-04-16T00:00,0.090,µg/m³,VOC,
100111,ROCKY POINT PARK,trans-2-Hexene,1989-04-22T00:00,0.100,µg/m³,VOC,
100111,ROCKY POINT PARK,trans-2-Hexene,1989-04-28T00:00,0.340,µg/m³,VOC,
100111,ROCKY POINT PARK,trans-2-Hexene,1989-05-04T00:00,0.220,µg/m³,VOC,
100111,ROCKY POINT PARK,trans-2-Hexene,1989-05-10T00:00,0.000,µg/m³,VOC,
100111,ROCKY POINT PARK,trans-2-Hexene,1989-05-16T00:00,0.070,µg/m³,VOC,
100111,ROCKY POINT PARK,trans-2-Hexene,1989-05-22T00:00,0.150,µg/m³,VOC,
100111,ROCKY POINT PARK,trans-2-Hexene,1989-05-28T00:00,0.070,µg/m³,VOC,
100111,ROCKY POINT PARK,trans-2-Hexene,1989-06-03T00:00,0.650,µg/m³,VOC,
100111,ROCKY POINT PARK,trans-2-Hexene,1989-06-09T00:00,0.100,µg/m³,VOC,
100111,ROCKY POINT PARK,trans-2-Hexene,1989-06-15T00:00,0.060,µg/m³,VOC,
100111,ROCKY POINT PARK,trans-2-Hexene,1989-06-27T00:00,0.210,µg/m³,VOC,
100111,ROCKY POINT PARK,trans-2-Hexene,1989-07-03T00:00,0.040,µg/m³,VOC,
100111,ROCKY POINT PARK,trans-2-Hexene,1989-09-01T00:00,0.270,µg/m³,VOC,
100111,ROCKY POINT PARK,trans-2-Hexene,1989-10-13T00:00,0.210,µg/m³,VOC,
100111,ROCKY POINT PARK,trans-2-Hexene,1989-10-19T00:00,0.280,µg/m³,VOC,
100111,ROCKY POINT PARK,trans-2-Hexene,1989-10-25T00:00,0.230,µg/m³,VOC,
100111,ROCKY POINT PARK,trans-2-Hexene,1989-11-18T00:00,0.200,µg/m³,VOC,
100111,ROCKY POINT PARK,trans-2-Hexene,1989-11-24T00:00,0.140,µg/m³,VOC,
100111,ROCKY POINT PARK,trans-2-Hexene,1989-11-30T00:00,0.840,µg/m³,VOC,
100111,ROCKY POINT PARK,trans-2-Hexene,1989-12-06T00:00,0.270,µg/m³,VOC,
100111,ROCKY POINT PARK,trans-2-Hexene,1989-12-12T00:00,0.680,µg/m³,VOC,
100111,ROCKY POINT PARK,trans-2-Hexene,1989-12-18T00:00,0.600,µg/m³,VOC,
100111,ROCKY POINT PARK,trans-2-Hexene,1989-12-24T00:00,0.510,µg/m³,VOC,
