﻿NAPS_Site_ID,Station_Name,Pollutant,Date,Value,Units,Report_Type,Method
100111,ROCKY POINT PARK,Na+,1994-01-02T00:00,0.065,µg/m³,DICHOT,N/A
100111,ROCKY POINT PARK,Na+,1994-01-02T00:00,0.183,µg/m³,DICHOT,N/A
100111,ROCKY POINT PARK,Na+,1994-01-08T00:00,0.000,µg/m³,DICHOT,N/A
100111,ROCKY POINT PARK,Na+,1994-01-08T00:00,0.071,µg/m³,DICHOT,N/A
100111,ROCKY POINT PARK,Na+,1994-01-14T00:00,0.174,µg/m³,DICHOT,N/A
100111,ROCKY POINT PARK,Na+,1994-01-14T00:00,0.331,µg/m³,DICHOT,N/A
100111,ROCKY POINT PARK,Na+,1994-01-20T00:00,0.087,µg/m³,DICHOT,N/A
100111,ROCKY POINT PARK,Na+,1994-01-20T00:00,0.187,µg/m³,DICHOT,N/A
100111,ROCKY POINT PARK,Na+,1994-01-26T00:00,0.068,µg/m³,DICHOT,N/A
100111,ROCKY POINT PARK,Na+,1994-01-26T00:00,0.073,µg/m³,DICHOT,N/A
100111,ROCKY POINT PARK,Na+,1994-02-01T00:00,0.251,µg/m³,DICHOT,N/A
100111,ROCKY POINT PARK,Na+,1994-02-01T00:00,0.441,µg/m³,DICHOT,N/A
100111,ROCKY POINT PARK,Na+,1994-02-07T00:00,0.000,µg/m³,DICHOT,N/A
100111,ROCKY POINT PARK,Na+,1994-02-07T00:00,0.563,µg/m³,DICHOT,N/A
100111,ROCKY POINT PARK,Na+,1994-02-13T00:00,0.097,µg/m³,DICHOT,N/A
100111,ROCKY POINT PARK,Na+,1994-02-13T00:00,0.381,µg/m³,DICHOT,N/A
100111,ROCKY POINT PARK,Na+,1994-02-25T00:00,0.000,µg/m³,DICHOT,N/A
100111,ROCKY POINT PARK,Na+,1994-02-25T00:00,0.077,µg/m³,DICHOT,N/A
100111,ROCKY POINT PARK,Na+,1994-03-03T00:00,0.218,µg/m³,DICHOT,N/A
100111,ROCKY POINT PARK,Na+,1994-03-03T00:00,0.383,µg/m³,DICHOT,N/A
100111,ROCKY POINT PARK,Na+,1994-03-09T00:00,0.093,µg/m³,DICHOT,N/A
100111,ROCKY POINT PARK,Na+,1994-03-09T00:00,0.138,µg/m³,DICHOT,N/A
100111,ROCKY POINT PARK,Na+,1994-03-15T00:00,0.170,µg/m³,DICHOT,N/A
100111,ROCKY POINT PARK,Na+,1994-03-15T00:00,0.388,µg/m³,DICHOT,N/A
100111,ROCKY POINT PARK,Na+,1994-03-21T00:00,0.146,µg/m³,DICHOT,N/A
100111,ROCKY POINT PARK,Na+,1994-03-21T00:00,0.502,µg/m³,DICHOT,N/A
100111,ROCKY POINT PARK,Na+,1994-03-27T00:00,0.068,µg/m³,DICHOT,N/A
100111,ROCKY POINT PARK,Na+,1994-03-27T00:00,0.204,µg/m³,DICHOT,N/A
100111,ROCKY POINT PARK,Na+,1994-04-02T00:00,0.069,µg/m³,DICHOT,N/A
100111,ROCKY POINT PARK,Na+,1994-04-02T00:00,0.140,µg/m³,DICHOT,N/A
100111,ROCKY POINT PARK,Na+,1994-04-08T00:00,0.025,µg/m³,DICHOT,N/A
100111,ROCKY POINT PARK,Na+,1994-04-08T00:00,0.051,µg/m³,DICHOT,N/A
100111,ROCKY POINT PARK,Na+,1994-04-14T00:00,0.185,µg/m³,DICHOT,N/A
100111,ROCKY POINT PARK,Na+,1994-04-14T00:00,0.387,µg/m³,DICHOT,N/A
100111,ROCKY POINT PARK,Na+,1994-04-20T00:00,0.119,µg/m³,DICHOT,N/A
100111,ROCKY POINT PARK,Na+,1994-04-20T00:00,0.178,µg/m³,DICHOT,N/A
100111,ROCKY POINT PARK,Na+,1994-04-26T00:00,0.146,µg/m³,DICHOT,N/A
100111,ROCKY POINT PARK,Na+,1994-04-26T00:00,0.414,µg/m³,DICHOT,N/A
100111,ROCKY POINT PARK,Na+,1994-07-31T00:00,0.153,µg/m³,DICHOT,N/A
100111,ROCKY POINT PARK,Na+,1994-07-31T00:00,0.189,µg/m³,DICHOT,N/A
100111,ROCKY POINT PARK,Na+,1994-08-06T00:00,0.101,µg/m³,DICHOT,N/A
100111,ROCKY POINT PARK,Na+,1994-08-06T00:00,0.159,µg/m³,DICHOT,N/A
100111,ROCKY POINT PARK,Na+,1994-08-12T00:00,0.102,µg/m³,DICHOT,N/A
100111,ROCKY POINT PARK,Na+,1994-08-12T00:00,0.103,µg/m³,DICHOT,N/A
100111,ROCKY POINT PARK,Na+,1994-08-18T00:00,0.070,µg/m³,DICHOT,N/A
100111,ROCKY POINT PARK,Na+,1994-08-18T00:00,0.102,µg/m³,DICHOT,N/A
100111,ROCKY POINT PARK,Na+,1994-08-24T00:00,0.153,µg/m³,DICHOT,N/A
100111,ROCKY POINT PARK,Na+,1994-08-24T00:00,0.380,µg/m³,DICHOT,N/A
100111,ROCKY POINT PARK,Na+,1994-08-30T00:00,0.147,µg/m³,DICHOT,N/A
100111,ROCKY POINT PARK,Na+,1994-08-30T00:00,0.158,µg/m³,DICHOT,N/A
100111,ROCKY POINT PARK,Na+,1994-09-05T00:00,0.128,µg/m³,DICHOT,N/A
100111,ROCKY POINT PARK,Na+,1994-09-05T00:00,0.423,µg/m³,DICHOT,N/A
100111,ROCKY POINT PARK,Na+,1994-09-11T00:00,0.072,µg/m³,DICHOT,N/A
100111,ROCKY POINT PARK,Na+,1994-09-11T00:00,0.082,µg/m³,DICHOT,N/A
100111,ROCKY POINT PARK,Na+,1994-09-17T00:00,0.090,µg/m³,DICHOT,N/A
100111,ROCKY POINT PARK,Na+,1994-09-17T00:00,0.489,µg/m³,DICHOT,N/A
100111,ROCKY POINT PARK,Na+,1994-09-23T00:00,0.120,µg/m³,DICHOT,N/A
100111,ROCKY POINT PARK,Na+,1994-09-23T00:00,0.206,µg/m³,DICHOT,N/A
100111,ROCKY POINT PARK,Na+,1994-09-29T00:00,0.135,µg/m³,DICHOT,N/A
100111,ROCKY POINT PARK,Na+,1994-09-29T00:00,0.154,µg/m³,DICHOT,N/A
100111,ROCKY POINT PARK,Na+,1994-10-05T00:00,0.094,µg/m³,DICHOT,N/A
100111,ROCKY POINT PARK,Na+,1994-10-05T00:00,0.106,µg/m³,DICHOT,N/A
100111,ROCKY POINT PARK,Na+,1994-10-11T00:00,0.102,µg/m³,DICHOT,N/A
100111,ROCKY POINT PARK,Na+,1994-10-11T00:00,0.191,µg/m³,DICHOT,N/A
100111,ROCKY POINT PARK,Na+,1994-10-17T00:00,0.062,µg/m³,DICHOT,N/A
100111,ROCKY POINT PARK,Na+,1994-10-17T00:00,0.104,µg/m³,DICHOT,N/A
100111,ROCKY POINT PARK,Na+,1994-10-23T00:00,0.053,µg/m³,DICHOT,N/A
100111,ROCKY POINT PARK,Na+,1994-10-23T00:00,0.148,µg/m³,DICHOT,N/A
100111,ROCKY POINT PARK,Na+,1994-10-29T00:00,0.068,µg/m³,DICHOT,N/A
100111,ROCKY POINT PARK,Na+,1994-10-29T00:00,0.205,µg/m³,DICHOT,N/A
100111,ROCKY POINT PARK,Na+,1994-11-04T00:00,0.033,µg/m³,DICHOT,N/A
100111,ROCKY POINT PARK,Na+,1994-11-04T00:00,0.076,µg/m³,DICHOT,N/A
100111,ROCKY POINT PARK,Na+,1994-11-10T00:00,0.014,µg/m³,DICHOT,N/A
100111,ROCKY POINT PARK,Na+,1994-11-10T00:00,0.045,µg/m³,DICHOT,N/A
100111,ROCKY POINT PARK,Na+,1994-11-16T00:00,0.061,µg/m³,DICHOT,N/A
100111,ROCKY POINT PARK,Na+,1994-11-16T00:00,0.145,µg/m³,DICHOT,N/A
100111,ROCKY POINT PARK,Na+,1994-11-22T00:00,0.096,µg/m³,DICHOT,N/A
100111,ROCKY POINT PARK,Na+,1994-11-22T00:00,0.411,µg/m³,DICHOT,N/A
100111,ROCKY POINT PARK,Na+,1994-11-28T00:00,0.081,µg/m³,DICHOT,N/A
100111,ROCKY POINT PARK,Na+,1994-11-28T00:00,0.148,µg/m³,DICHOT,N/A
100111,ROCKY POINT PARK,Na+,1994-12-04T00:00,0.052,µg/m³,DICHOT,N/A
100111,ROCKY POINT PARK,Na+,1994-12-04T00:00,0.157,µg/m³,DICHOT,N/A
100111,ROCKY POINT PARK,Na+,1994-12-10T00:00,0.024,µg/m³,DICHOT,N/A
100111,ROCKY POINT PARK,Na+,1994-12-10T00:00,0.082,µg/m³,DICHOT,N/A
100111,ROCKY POINT PARK,Na+,1994-12-16T00:00,0.054,µg/m³,DICHOT,N/A
100111,ROCKY POINT PARK,Na+,1994-12-16T00:00,0.343,µg/m³,DICHOT,N/A
100111,ROCKY POINT PARK,Na+,1994-12-22T00:00,0.060,µg/m³,DICHOT,N/A
100111,ROCKY POINT PARK,Na+,1994-12-22T00:00,0.083,µg/m³,DICHOT,N/A
100111,ROCKY POINT PARK,Na+,1994-12-28T00:00,0.196,µg/m³,DICHOT,N/A
100111,ROCKY POINT PARK,Na+,1994-12-28T00:00,0.430,µg/m³,DICHOT,N/A
