﻿NAPS_Site_ID,Station_Name,Pollutant,Date,Value,Units,Report_Type,Method
50308,QUÉBEC-VIEUX-LIMOILOU (DES SABLES),Silicon,1997-01-10T00:00,0.012,µg/m³,DICHOT,
50308,QUÉBEC-VIEUX-LIMOILOU (DES SABLES),Silicon,1997-01-10T00:00,0.152,µg/m³,DICHOT,
50308,QUÉBEC-VIEUX-LIMOILOU (DES SABLES),Silicon,1997-01-16T00:00,0.151,µg/m³,DICHOT,
50308,QUÉBEC-VIEUX-LIMOILOU (DES SABLES),Silicon,1997-01-16T00:00,0.233,µg/m³,DICHOT,
50308,QUÉBEC-VIEUX-LIMOILOU (DES SABLES),Silicon,1997-01-22T00:00,0.207,µg/m³,DICHOT,
50308,QUÉBEC-VIEUX-LIMOILOU (DES SABLES),Silicon,1997-01-22T00:00,0.396,µg/m³,DICHOT,
50308,QUÉBEC-VIEUX-LIMOILOU (DES SABLES),Silicon,1997-01-28T00:00,0.114,µg/m³,DICHOT,
50308,QUÉBEC-VIEUX-LIMOILOU (DES SABLES),Silicon,1997-01-28T00:00,0.451,µg/m³,DICHOT,
50308,QUÉBEC-VIEUX-LIMOILOU (DES SABLES),Silicon,1997-02-03T00:00,0.104,µg/m³,DICHOT,
50308,QUÉBEC-VIEUX-LIMOILOU (DES SABLES),Silicon,1997-02-03T00:00,0.187,µg/m³,DICHOT,
50308,QUÉBEC-VIEUX-LIMOILOU (DES SABLES),Silicon,1997-02-09T00:00,0.184,µg/m³,DICHOT,
50308,QUÉBEC-VIEUX-LIMOILOU (DES SABLES),Silicon,1997-02-09T00:00,0.570,µg/m³,DICHOT,
50308,QUÉBEC-VIEUX-LIMOILOU (DES SABLES),Silicon,1997-02-15T00:00,0.153,µg/m³,DICHOT,
50308,QUÉBEC-VIEUX-LIMOILOU (DES SABLES),Silicon,1997-02-15T00:00,0.214,µg/m³,DICHOT,
50308,QUÉBEC-VIEUX-LIMOILOU (DES SABLES),Silicon,1997-02-21T00:00,0.080,µg/m³,DICHOT,
50308,QUÉBEC-VIEUX-LIMOILOU (DES SABLES),Silicon,1997-02-21T00:00,0.081,µg/m³,DICHOT,
50308,QUÉBEC-VIEUX-LIMOILOU (DES SABLES),Silicon,1997-03-17T00:00,0.112,µg/m³,DICHOT,
50308,QUÉBEC-VIEUX-LIMOILOU (DES SABLES),Silicon,1997-03-17T00:00,0.248,µg/m³,DICHOT,
50308,QUÉBEC-VIEUX-LIMOILOU (DES SABLES),Silicon,1997-03-23T00:00,0.065,µg/m³,DICHOT,
50308,QUÉBEC-VIEUX-LIMOILOU (DES SABLES),Silicon,1997-03-23T00:00,0.670,µg/m³,DICHOT,
50308,QUÉBEC-VIEUX-LIMOILOU (DES SABLES),Silicon,1997-03-29T00:00,0.053,µg/m³,DICHOT,
50308,QUÉBEC-VIEUX-LIMOILOU (DES SABLES),Silicon,1997-03-29T00:00,0.376,µg/m³,DICHOT,
50308,QUÉBEC-VIEUX-LIMOILOU (DES SABLES),Silicon,1997-04-04T00:00,0.094,µg/m³,DICHOT,
50308,QUÉBEC-VIEUX-LIMOILOU (DES SABLES),Silicon,1997-04-04T00:00,1.695,µg/m³,DICHOT,
50308,QUÉBEC-VIEUX-LIMOILOU (DES SABLES),Silicon,1997-04-10T00:00,0.155,µg/m³,DICHOT,
50308,QUÉBEC-VIEUX-LIMOILOU (DES SABLES),Silicon,1997-04-10T00:00,2.040,µg/m³,DICHOT,
50308,QUÉBEC-VIEUX-LIMOILOU (DES SABLES),Silicon,1997-04-16T00:00,0.488,µg/m³,DICHOT,
50308,QUÉBEC-VIEUX-LIMOILOU (DES SABLES),Silicon,1997-04-16T00:00,3.893,µg/m³,DICHOT,
50308,QUÉBEC-VIEUX-LIMOILOU (DES SABLES),Silicon,1997-04-22T00:00,0.187,µg/m³,DICHOT,
50308,QUÉBEC-VIEUX-LIMOILOU (DES SABLES),Silicon,1997-04-22T00:00,2.669,µg/m³,DICHOT,
50308,QUÉBEC-VIEUX-LIMOILOU (DES SABLES),Silicon,1997-04-28T00:00,0.057,µg/m³,DICHOT,
50308,QUÉBEC-VIEUX-LIMOILOU (DES SABLES),Silicon,1997-04-28T00:00,0.396,µg/m³,DICHOT,
50308,QUÉBEC-VIEUX-LIMOILOU (DES SABLES),Silicon,1997-05-22T00:00,0.052,µg/m³,DICHOT,
50308,QUÉBEC-VIEUX-LIMOILOU (DES SABLES),Silicon,1997-05-22T00:00,0.369,µg/m³,DICHOT,
50308,QUÉBEC-VIEUX-LIMOILOU (DES SABLES),Silicon,1997-05-28T00:00,0.174,µg/m³,DICHOT,
50308,QUÉBEC-VIEUX-LIMOILOU (DES SABLES),Silicon,1997-05-28T00:00,2.023,µg/m³,DICHOT,
50308,QUÉBEC-VIEUX-LIMOILOU (DES SABLES),Silicon,1997-06-03T00:00,0.185,µg/m³,DICHOT,
50308,QUÉBEC-VIEUX-LIMOILOU (DES SABLES),Silicon,1997-06-03T00:00,2.023,µg/m³,DICHOT,
50308,QUÉBEC-VIEUX-LIMOILOU (DES SABLES),Silicon,1997-06-09T00:00,0.328,µg/m³,DICHOT,
50308,QUÉBEC-VIEUX-LIMOILOU (DES SABLES),Silicon,1997-06-09T00:00,2.652,µg/m³,DICHOT,
50308,QUÉBEC-VIEUX-LIMOILOU (DES SABLES),Silicon,1997-06-15T00:00,0.000,µg/m³,DICHOT,
50308,QUÉBEC-VIEUX-LIMOILOU (DES SABLES),Silicon,1997-06-15T00:00,0.462,µg/m³,DICHOT,
50308,QUÉBEC-VIEUX-LIMOILOU (DES SABLES),Silicon,1997-06-21T00:00,0.141,µg/m³,DICHOT,
50308,QUÉBEC-VIEUX-LIMOILOU (DES SABLES),Silicon,1997-06-21T00:00,0.984,µg/m³,DICHOT,
50308,QUÉBEC-VIEUX-LIMOILOU (DES SABLES),Silicon,1997-06-27T00:00,0.153,µg/m³,DICHOT,
50308,QUÉBEC-VIEUX-LIMOILOU (DES SABLES),Silicon,1997-06-27T00:00,0.874,µg/m³,DICHOT,
50308,QUÉBEC-VIEUX-LIMOILOU (DES SABLES),Silicon,1997-07-03T00:00,0.083,µg/m³,DICHOT,
50308,QUÉBEC-VIEUX-LIMOILOU (DES SABLES),Silicon,1997-07-03T00:00,0.355,µg/m³,DICHOT,
50308,QUÉBEC-VIEUX-LIMOILOU (DES SABLES),Silicon,1997-07-15T00:00,0.158,µg/m³,DICHOT,
50308,QUÉBEC-VIEUX-LIMOILOU (DES SABLES),Silicon,1997-07-15T00:00,2.652,µg/m³,DICHOT,
50308,QUÉBEC-VIEUX-LIMOILOU (DES SABLES),Silicon,1997-07-21T00:00,0.059,µg/m³,DICHOT,
50308,QUÉBEC-VIEUX-LIMOILOU (DES SABLES),Silicon,1997-07-21T00:00,1.227,µg/m³,DICHOT,
50308,QUÉBEC-VIEUX-LIMOILOU (DES SABLES),Silicon,1997-07-27T00:00,0.148,µg/m³,DICHOT,
50308,QUÉBEC-VIEUX-LIMOILOU (DES SABLES),Silicon,1997-07-27T00:00,1.455,µg/m³,DICHOT,
50308,QUÉBEC-VIEUX-LIMOILOU (DES SABLES),Silicon,1997-08-02T00:00,0.127,µg/m³,DICHOT,
50308,QUÉBEC-VIEUX-LIMOILOU (DES SABLES),Silicon,1997-08-02T00:00,0.632,µg/m³,DICHOT,
50308,QUÉBEC-VIEUX-LIMOILOU (DES SABLES),Silicon,1997-08-08T00:00,0.109,µg/m³,DICHOT,
50308,QUÉBEC-VIEUX-LIMOILOU (DES SABLES),Silicon,1997-08-08T00:00,1.768,µg/m³,DICHOT,
50308,QUÉBEC-VIEUX-LIMOILOU (DES SABLES),Silicon,1997-08-14T00:00,0.003,µg/m³,DICHOT,
50308,QUÉBEC-VIEUX-LIMOILOU (DES SABLES),Silicon,1997-08-14T00:00,1.136,µg/m³,DICHOT,
50308,QUÉBEC-VIEUX-LIMOILOU (DES SABLES),Silicon,1997-08-20T00:00,0.183,µg/m³,DICHOT,
50308,QUÉBEC-VIEUX-LIMOILOU (DES SABLES),Silicon,1997-08-20T00:00,1.588,µg/m³,DICHOT,
50308,QUÉBEC-VIEUX-LIMOILOU (DES SABLES),Silicon,1997-08-26T00:00,0.173,µg/m³,DICHOT,
50308,QUÉBEC-VIEUX-LIMOILOU (DES SABLES),Silicon,1997-08-26T00:00,1.488,µg/m³,DICHOT,
50308,QUÉBEC-VIEUX-LIMOILOU (DES SABLES),Silicon,1997-11-30T00:00,0.092,µg/m³,DICHOT,
50308,QUÉBEC-VIEUX-LIMOILOU (DES SABLES),Silicon,1997-11-30T00:00,0.389,µg/m³,DICHOT,
50308,QUÉBEC-VIEUX-LIMOILOU (DES SABLES),Silicon,1997-12-12T00:00,0.228,µg/m³,DICHOT,
50308,QUÉBEC-VIEUX-LIMOILOU (DES SABLES),Silicon,1997-12-12T00:00,0.779,µg/m³,DICHOT,
50308,QUÉBEC-VIEUX-LIMOILOU (DES SABLES),Silicon,1997-12-18T00:00,0.080,µg/m³,DICHOT,
50308,QUÉBEC-VIEUX-LIMOILOU (DES SABLES),Silicon,1997-12-18T00:00,0.811,µg/m³,DICHOT,
50308,QUÉBEC-VIEUX-LIMOILOU (DES SABLES),Silicon,1997-12-24T00:00,0.085,µg/m³,DICHOT,
50308,QUÉBEC-VIEUX-LIMOILOU (DES SABLES),Silicon,1997-12-24T00:00,0.173,µg/m³,DICHOT,
50308,QUÉBEC-VIEUX-LIMOILOU (DES SABLES),Silicon,1997-12-30T00:00,0.075,µg/m³,DICHOT,
50308,QUÉBEC-VIEUX-LIMOILOU (DES SABLES),Silicon,1997-12-30T00:00,0.257,µg/m³,DICHOT,
