﻿NAPS_Site_ID,Station_Name,Pollutant,Date,Value,Units,Report_Type,Method
64601,PT. PETRE,Formate,2011-01-03T00:00,0.012,µg/m³,PM2.5,IC
64601,PT. PETRE,Formate,2011-01-09T00:00,0.022,µg/m³,PM2.5,IC
64601,PT. PETRE,Formate,2011-01-15T00:00,0.000,µg/m³,PM2.5,IC
64601,PT. PETRE,Formate,2011-01-21T00:00,0.000,µg/m³,PM2.5,IC
64601,PT. PETRE,Formate,2011-01-27T00:00,0.000,µg/m³,PM2.5,IC
64601,PT. PETRE,Formate,2011-02-02T00:00,0.000,µg/m³,PM2.5,IC
64601,PT. PETRE,Formate,2011-02-08T00:00,0.000,µg/m³,PM2.5,IC
64601,PT. PETRE,Formate,2011-02-14T00:00,0.000,µg/m³,PM2.5,IC
64601,PT. PETRE,Formate,2011-02-20T00:00,0.000,µg/m³,PM2.5,IC
64601,PT. PETRE,Formate,2011-02-26T00:00,0.000,µg/m³,PM2.5,IC
64601,PT. PETRE,Formate,2011-03-04T00:00,0.000,µg/m³,PM2.5,IC
64601,PT. PETRE,Formate,2011-03-10T00:00,0.000,µg/m³,PM2.5,IC
64601,PT. PETRE,Formate,2011-03-16T00:00,0.000,µg/m³,PM2.5,IC
64601,PT. PETRE,Formate,2011-03-22T00:00,0.000,µg/m³,PM2.5,IC
64601,PT. PETRE,Formate,2011-03-28T00:00,0.000,µg/m³,PM2.5,IC
64601,PT. PETRE,Formate,2011-04-03T00:00,0.000,µg/m³,PM2.5,IC
64601,PT. PETRE,Formate,2011-04-09T00:00,0.000,µg/m³,PM2.5,IC
64601,PT. PETRE,Formate,2011-04-15T00:00,0.000,µg/m³,PM2.5,IC
64601,PT. PETRE,Formate,2011-04-21T00:00,0.000,µg/m³,PM2.5,IC
64601,PT. PETRE,Formate,2011-04-27T00:00,0.000,µg/m³,PM2.5,IC
64601,PT. PETRE,Formate,2011-05-03T00:00,0.000,µg/m³,PM2.5,IC
64601,PT. PETRE,Formate,2011-05-09T00:00,0.000,µg/m³,PM2.5,IC
64601,PT. PETRE,Formate,2011-05-21T00:00,0.000,µg/m³,PM2.5,IC
64601,PT. PETRE,Formate,2011-05-27T00:00,0.000,µg/m³,PM2.5,IC
64601,PT. PETRE,Formate,2011-01-03T00:00,0.008,µg/m³,PM2.5-10,IC
64601,PT. PETRE,Formate,2011-01-09T00:00,0.008,µg/m³,PM2.5-10,IC
64601,PT. PETRE,Formate,2011-01-15T00:00,0.000,µg/m³,PM2.5-10,IC
64601,PT. PETRE,Formate,2011-01-21T00:00,0.000,µg/m³,PM2.5-10,IC
64601,PT. PETRE,Formate,2011-01-27T00:00,0.000,µg/m³,PM2.5-10,IC
64601,PT. PETRE,Formate,2011-02-02T00:00,0.000,µg/m³,PM2.5-10,IC
64601,PT. PETRE,Formate,2011-02-08T00:00,0.000,µg/m³,PM2.5-10,IC
64601,PT. PETRE,Formate,2011-02-14T00:00,0.000,µg/m³,PM2.5-10,IC
64601,PT. PETRE,Formate,2011-02-20T00:00,0.016,µg/m³,PM2.5-10,IC
64601,PT. PETRE,Formate,2011-02-26T00:00,0.000,µg/m³,PM2.5-10,IC
64601,PT. PETRE,Formate,2011-03-04T00:00,0.000,µg/m³,PM2.5-10,IC
64601,PT. PETRE,Formate,2011-03-10T00:00,0.000,µg/m³,PM2.5-10,IC
64601,PT. PETRE,Formate,2011-03-16T00:00,0.000,µg/m³,PM2.5-10,IC
64601,PT. PETRE,Formate,2011-03-22T00:00,0.000,µg/m³,PM2.5-10,IC
64601,PT. PETRE,Formate,2011-03-28T00:00,0.000,µg/m³,PM2.5-10,IC
64601,PT. PETRE,Formate,2011-04-03T00:00,0.000,µg/m³,PM2.5-10,IC
64601,PT. PETRE,Formate,2011-04-09T00:00,0.000,µg/m³,PM2.5-10,IC
64601,PT. PETRE,Formate,2011-04-15T00:00,0.000,µg/m³,PM2.5-10,IC
64601,PT. PETRE,Formate,2011-04-21T00:00,0.000,µg/m³,PM2.5-10,IC
64601,PT. PETRE,Formate,2011-04-27T00:00,0.000,µg/m³,PM2.5-10,IC
64601,PT. PETRE,Formate,2011-05-03T00:00,0.000,µg/m³,PM2.5-10,IC
64601,PT. PETRE,Formate,2011-05-09T00:00,0.000,µg/m³,PM2.5-10,IC
64601,PT. PETRE,Formate,2011-05-21T00:00,0.000,µg/m³,PM2.5-10,IC
64601,PT. PETRE,Formate,2011-05-27T00:00,0.000,µg/m³,PM2.5-10,IC
