﻿NAPS_Site_ID,Station_Name,Pollutant,Date,Value,Units,Report_Type,Method
101401,HOPE AIRPORT,Cyclohexane,2006-01-05T00:00,0.017,µg/m³,VOC,GC-MS
101401,HOPE AIRPORT,Cyclohexane,2006-01-23T00:00,0.024,µg/m³,VOC,GC-MS
101401,HOPE AIRPORT,Cyclohexane,2006-02-10T00:00,0.014,µg/m³,VOC,GC-MS
101401,HOPE AIRPORT,Cyclohexane,2006-02-28T00:00,0.026,µg/m³,VOC,GC-MS
101401,HOPE AIRPORT,Cyclohexane,2006-03-18T00:00,0.012,µg/m³,VOC,GC-MS
101401,HOPE AIRPORT,Cyclohexane,2006-04-05T00:00,0.011,µg/m³,VOC,GC-MS
101401,HOPE AIRPORT,Cyclohexane,2006-04-23T00:00,0.012,µg/m³,VOC,GC-MS
101401,HOPE AIRPORT,Cyclohexane,2006-05-11T00:00,0.022,µg/m³,VOC,GC-MS
101401,HOPE AIRPORT,Cyclohexane,2006-05-29T00:00,0.021,µg/m³,VOC,GC-MS
101401,HOPE AIRPORT,Cyclohexane,2006-06-16T00:00,0.032,µg/m³,VOC,GC-MS
101401,HOPE AIRPORT,Cyclohexane,2006-08-27T00:00,0.043,µg/m³,VOC,GC-MS
101401,HOPE AIRPORT,Cyclohexane,2006-10-02T00:00,0.024,µg/m³,VOC,GC-MS
101401,HOPE AIRPORT,Cyclohexane,2006-10-20T00:00,0.026,µg/m³,VOC,GC-MS
101401,HOPE AIRPORT,Cyclohexane,2006-11-13T00:00,0.025,µg/m³,VOC,GC-MS
101401,HOPE AIRPORT,Cyclohexane,2006-12-31T00:00,0.202,µg/m³,VOC,GC-MS
