﻿NAPS_Site_ID,Station_Name,Pollutant,Date,Value,Units,Report_Type,Method
50121,BROSSARD-PARC OCÉANIE,Chloromethane,1994-01-02T00:00,1.164,µg/m³,VOC,
50121,BROSSARD-PARC OCÉANIE,Chloromethane,1994-01-08T00:00,1.132,µg/m³,VOC,
50121,BROSSARD-PARC OCÉANIE,Chloromethane,1994-01-14T00:00,1.015,µg/m³,VOC,
50121,BROSSARD-PARC OCÉANIE,Chloromethane,1994-01-20T00:00,1.030,µg/m³,VOC,
50121,BROSSARD-PARC OCÉANIE,Chloromethane,1994-01-26T00:00,1.004,µg/m³,VOC,
50121,BROSSARD-PARC OCÉANIE,Chloromethane,1994-02-01T00:00,0.984,µg/m³,VOC,
50121,BROSSARD-PARC OCÉANIE,Chloromethane,1994-02-07T00:00,0.995,µg/m³,VOC,
50121,BROSSARD-PARC OCÉANIE,Chloromethane,1994-02-13T00:00,1.071,µg/m³,VOC,
50121,BROSSARD-PARC OCÉANIE,Chloromethane,1994-02-19T00:00,1.459,µg/m³,VOC,
50121,BROSSARD-PARC OCÉANIE,Chloromethane,1994-02-25T00:00,1.037,µg/m³,VOC,
50121,BROSSARD-PARC OCÉANIE,Chloromethane,1994-03-03T00:00,1.268,µg/m³,VOC,
50121,BROSSARD-PARC OCÉANIE,Chloromethane,1994-03-09T00:00,1.233,µg/m³,VOC,
50121,BROSSARD-PARC OCÉANIE,Chloromethane,1994-03-15T00:00,1.110,µg/m³,VOC,
50121,BROSSARD-PARC OCÉANIE,Chloromethane,1994-04-20T00:00,1.108,µg/m³,VOC,
50121,BROSSARD-PARC OCÉANIE,Chloromethane,1994-04-26T00:00,1.326,µg/m³,VOC,
50121,BROSSARD-PARC OCÉANIE,Chloromethane,1994-05-02T00:00,1.276,µg/m³,VOC,
50121,BROSSARD-PARC OCÉANIE,Chloromethane,1994-05-14T00:00,1.272,µg/m³,VOC,
50121,BROSSARD-PARC OCÉANIE,Chloromethane,1994-05-20T00:00,1.078,µg/m³,VOC,
50121,BROSSARD-PARC OCÉANIE,Chloromethane,1994-05-26T00:00,1.059,µg/m³,VOC,
50121,BROSSARD-PARC OCÉANIE,Chloromethane,1994-06-01T00:00,1.110,µg/m³,VOC,
50121,BROSSARD-PARC OCÉANIE,Chloromethane,1994-06-07T00:00,1.179,µg/m³,VOC,
50121,BROSSARD-PARC OCÉANIE,Chloromethane,1994-06-13T00:00,1.039,µg/m³,VOC,
50121,BROSSARD-PARC OCÉANIE,Chloromethane,1994-06-19T00:00,1.041,µg/m³,VOC,
50121,BROSSARD-PARC OCÉANIE,Chloromethane,1994-06-25T00:00,1.011,µg/m³,VOC,
50121,BROSSARD-PARC OCÉANIE,Chloromethane,1994-07-01T00:00,0.977,µg/m³,VOC,
50121,BROSSARD-PARC OCÉANIE,Chloromethane,1994-07-07T00:00,1.039,µg/m³,VOC,
50121,BROSSARD-PARC OCÉANIE,Chloromethane,1994-07-13T00:00,0.931,µg/m³,VOC,
50121,BROSSARD-PARC OCÉANIE,Chloromethane,1994-07-19T00:00,0.825,µg/m³,VOC,
50121,BROSSARD-PARC OCÉANIE,Chloromethane,1994-07-25T00:00,0.901,µg/m³,VOC,
50121,BROSSARD-PARC OCÉANIE,Chloromethane,1994-07-31T00:00,0.783,µg/m³,VOC,
50121,BROSSARD-PARC OCÉANIE,Chloromethane,1994-08-06T00:00,0.804,µg/m³,VOC,
50121,BROSSARD-PARC OCÉANIE,Chloromethane,1994-08-12T00:00,0.689,µg/m³,VOC,
50121,BROSSARD-PARC OCÉANIE,Chloromethane,1994-08-18T00:00,0.710,µg/m³,VOC,
50121,BROSSARD-PARC OCÉANIE,Chloromethane,1994-08-24T00:00,0.826,µg/m³,VOC,
50121,BROSSARD-PARC OCÉANIE,Chloromethane,1994-08-30T00:00,0.873,µg/m³,VOC,
50121,BROSSARD-PARC OCÉANIE,Chloromethane,1994-09-05T00:00,0.902,µg/m³,VOC,
50121,BROSSARD-PARC OCÉANIE,Chloromethane,1994-09-11T00:00,0.904,µg/m³,VOC,
50121,BROSSARD-PARC OCÉANIE,Chloromethane,1994-09-17T00:00,0.957,µg/m³,VOC,
50121,BROSSARD-PARC OCÉANIE,Chloromethane,1994-09-23T00:00,0.873,µg/m³,VOC,
50121,BROSSARD-PARC OCÉANIE,Chloromethane,1994-09-29T00:00,0.855,µg/m³,VOC,
50121,BROSSARD-PARC OCÉANIE,Chloromethane,1994-10-05T00:00,0.823,µg/m³,VOC,
50121,BROSSARD-PARC OCÉANIE,Chloromethane,1994-10-11T00:00,0.797,µg/m³,VOC,
50121,BROSSARD-PARC OCÉANIE,Chloromethane,1994-10-17T00:00,0.880,µg/m³,VOC,
50121,BROSSARD-PARC OCÉANIE,Chloromethane,1994-10-23T00:00,0.929,µg/m³,VOC,
50121,BROSSARD-PARC OCÉANIE,Chloromethane,1994-10-29T00:00,0.901,µg/m³,VOC,
50121,BROSSARD-PARC OCÉANIE,Chloromethane,1994-11-04T00:00,0.861,µg/m³,VOC,
50121,BROSSARD-PARC OCÉANIE,Chloromethane,1994-11-10T00:00,0.813,µg/m³,VOC,
50121,BROSSARD-PARC OCÉANIE,Chloromethane,1994-11-16T00:00,1.630,µg/m³,VOC,
50121,BROSSARD-PARC OCÉANIE,Chloromethane,1994-11-22T00:00,1.726,µg/m³,VOC,
50121,BROSSARD-PARC OCÉANIE,Chloromethane,1994-11-28T00:00,1.035,µg/m³,VOC,
50121,BROSSARD-PARC OCÉANIE,Chloromethane,1994-12-04T00:00,1.036,µg/m³,VOC,
50121,BROSSARD-PARC OCÉANIE,Chloromethane,1994-12-10T00:00,1.019,µg/m³,VOC,
50121,BROSSARD-PARC OCÉANIE,Chloromethane,1994-12-16T00:00,0.989,µg/m³,VOC,
50121,BROSSARD-PARC OCÉANIE,Chloromethane,1994-12-22T00:00,1.017,µg/m³,VOC,
50121,BROSSARD-PARC OCÉANIE,Chloromethane,1994-12-28T00:00,1.042,µg/m³,VOC,
