﻿NAPS_Site_ID,Station_Name,Pollutant,Date,Value,Units,Report_Type,Method
60424,BAY & WELLESLEY _Toronto Downtown_,iso-Butylbenzene,1995-01-03T00:00,0.015,µg/m³,VOC,
60424,BAY & WELLESLEY _Toronto Downtown_,iso-Butylbenzene,1995-01-09T00:00,0.022,µg/m³,VOC,
60424,BAY & WELLESLEY _Toronto Downtown_,iso-Butylbenzene,1995-01-15T00:00,0.012,µg/m³,VOC,
60424,BAY & WELLESLEY _Toronto Downtown_,iso-Butylbenzene,1995-01-21T00:00,0.103,µg/m³,VOC,
60424,BAY & WELLESLEY _Toronto Downtown_,iso-Butylbenzene,1995-01-27T00:00,0.026,µg/m³,VOC,
60424,BAY & WELLESLEY _Toronto Downtown_,iso-Butylbenzene,1995-02-02T00:00,0.030,µg/m³,VOC,
60424,BAY & WELLESLEY _Toronto Downtown_,iso-Butylbenzene,1995-02-08T00:00,0.028,µg/m³,VOC,
60424,BAY & WELLESLEY _Toronto Downtown_,iso-Butylbenzene,1995-02-14T00:00,0.033,µg/m³,VOC,
60424,BAY & WELLESLEY _Toronto Downtown_,iso-Butylbenzene,1995-02-20T00:00,0.018,µg/m³,VOC,
60424,BAY & WELLESLEY _Toronto Downtown_,iso-Butylbenzene,1995-02-26T00:00,0.000,µg/m³,VOC,
60424,BAY & WELLESLEY _Toronto Downtown_,iso-Butylbenzene,1995-03-04T00:00,0.011,µg/m³,VOC,
60424,BAY & WELLESLEY _Toronto Downtown_,iso-Butylbenzene,1995-03-10T00:00,0.009,µg/m³,VOC,
60424,BAY & WELLESLEY _Toronto Downtown_,iso-Butylbenzene,1995-03-16T00:00,0.021,µg/m³,VOC,
60424,BAY & WELLESLEY _Toronto Downtown_,iso-Butylbenzene,1995-03-22T00:00,0.025,µg/m³,VOC,
60424,BAY & WELLESLEY _Toronto Downtown_,iso-Butylbenzene,1995-03-28T00:00,0.013,µg/m³,VOC,
60424,BAY & WELLESLEY _Toronto Downtown_,iso-Butylbenzene,1995-04-03T00:00,0.016,µg/m³,VOC,
60424,BAY & WELLESLEY _Toronto Downtown_,iso-Butylbenzene,1995-04-09T00:00,0.000,µg/m³,VOC,
60424,BAY & WELLESLEY _Toronto Downtown_,iso-Butylbenzene,1995-04-15T00:00,0.000,µg/m³,VOC,
60424,BAY & WELLESLEY _Toronto Downtown_,iso-Butylbenzene,1995-04-21T00:00,0.021,µg/m³,VOC,
60424,BAY & WELLESLEY _Toronto Downtown_,iso-Butylbenzene,1995-04-27T00:00,0.008,µg/m³,VOC,
60424,BAY & WELLESLEY _Toronto Downtown_,iso-Butylbenzene,1995-05-03T00:00,0.022,µg/m³,VOC,
60424,BAY & WELLESLEY _Toronto Downtown_,iso-Butylbenzene,1995-05-09T00:00,0.021,µg/m³,VOC,
60424,BAY & WELLESLEY _Toronto Downtown_,iso-Butylbenzene,1995-05-15T00:00,0.033,µg/m³,VOC,
60424,BAY & WELLESLEY _Toronto Downtown_,iso-Butylbenzene,1995-05-21T00:00,0.013,µg/m³,VOC,
60424,BAY & WELLESLEY _Toronto Downtown_,iso-Butylbenzene,1995-05-27T00:00,0.006,µg/m³,VOC,
60424,BAY & WELLESLEY _Toronto Downtown_,iso-Butylbenzene,1995-06-02T00:00,0.017,µg/m³,VOC,
60424,BAY & WELLESLEY _Toronto Downtown_,iso-Butylbenzene,1995-06-08T00:00,0.014,µg/m³,VOC,
60424,BAY & WELLESLEY _Toronto Downtown_,iso-Butylbenzene,1995-06-14T00:00,0.009,µg/m³,VOC,
60424,BAY & WELLESLEY _Toronto Downtown_,iso-Butylbenzene,1995-06-20T00:00,0.009,µg/m³,VOC,
60424,BAY & WELLESLEY _Toronto Downtown_,iso-Butylbenzene,1995-06-26T00:00,0.009,µg/m³,VOC,
60424,BAY & WELLESLEY _Toronto Downtown_,iso-Butylbenzene,1995-07-02T00:00,0.005,µg/m³,VOC,
60424,BAY & WELLESLEY _Toronto Downtown_,iso-Butylbenzene,1995-07-08T00:00,0.000,µg/m³,VOC,
60424,BAY & WELLESLEY _Toronto Downtown_,iso-Butylbenzene,1995-07-14T00:00,0.021,µg/m³,VOC,
60424,BAY & WELLESLEY _Toronto Downtown_,iso-Butylbenzene,1995-07-20T00:00,0.018,µg/m³,VOC,
60424,BAY & WELLESLEY _Toronto Downtown_,iso-Butylbenzene,1995-07-26T00:00,0.041,µg/m³,VOC,
60424,BAY & WELLESLEY _Toronto Downtown_,iso-Butylbenzene,1995-08-01T00:00,0.048,µg/m³,VOC,
60424,BAY & WELLESLEY _Toronto Downtown_,iso-Butylbenzene,1995-09-18T00:00,0.015,µg/m³,VOC,
