﻿NAPS_Site_ID,Station_Name,Pollutant,Date,Value,Units,Report_Type,Method
91101,ELK ISLAND NATIONAL PARK,Propane,2007-01-06T00:00,3.984,µg/m³,VOC,GC-MS
91101,ELK ISLAND NATIONAL PARK,Propane,2007-01-16T00:00,10.446,µg/m³,VOC,GC-MS
91101,ELK ISLAND NATIONAL PARK,Propane,2007-01-18T00:00,16.290,µg/m³,VOC,GC-MS
91101,ELK ISLAND NATIONAL PARK,Propane,2007-01-24T00:00,10.532,µg/m³,VOC,GC-MS
91101,ELK ISLAND NATIONAL PARK,Propane,2007-01-30T00:00,3.128,µg/m³,VOC,GC-MS
91101,ELK ISLAND NATIONAL PARK,Propane,2007-02-11T00:00,2.738,µg/m³,VOC,GC-MS
91101,ELK ISLAND NATIONAL PARK,Propane,2007-02-17T00:00,13.322,µg/m³,VOC,GC-MS
91101,ELK ISLAND NATIONAL PARK,Propane,2007-02-23T00:00,4.683,µg/m³,VOC,GC-MS
91101,ELK ISLAND NATIONAL PARK,Propane,2007-03-01T00:00,12.656,µg/m³,VOC,GC-MS
91101,ELK ISLAND NATIONAL PARK,Propane,2007-03-07T00:00,10.812,µg/m³,VOC,GC-MS
91101,ELK ISLAND NATIONAL PARK,Propane,2007-03-13T00:00,3.082,µg/m³,VOC,GC-MS
91101,ELK ISLAND NATIONAL PARK,Propane,2007-03-19T00:00,2.840,µg/m³,VOC,GC-MS
91101,ELK ISLAND NATIONAL PARK,Propane,2007-03-25T00:00,3.782,µg/m³,VOC,GC-MS
91101,ELK ISLAND NATIONAL PARK,Propane,2007-03-31T00:00,2.650,µg/m³,VOC,GC-MS
