﻿NAPS_Site_ID,Station_Name,Pollutant,Date,Value,Units,Report_Type,Method
50134,MONTRÉAL-MOLSON or MONTRÉAL-SAINT-JOSEPH,"2,3-Dimethylbutane",2023-01-06T00:00,0.126,µg/m³,VOC,GC-MS
50134,MONTRÉAL-MOLSON or MONTRÉAL-SAINT-JOSEPH,"2,3-Dimethylbutane",2023-01-12T00:00,0.072,µg/m³,VOC,GC-MS
50134,MONTRÉAL-MOLSON or MONTRÉAL-SAINT-JOSEPH,"2,3-Dimethylbutane",2023-01-18T00:00,0.106,µg/m³,VOC,GC-MS
50134,MONTRÉAL-MOLSON or MONTRÉAL-SAINT-JOSEPH,"2,3-Dimethylbutane",2023-01-24T00:00,0.052,µg/m³,VOC,GC-MS
50134,MONTRÉAL-MOLSON or MONTRÉAL-SAINT-JOSEPH,"2,3-Dimethylbutane",2023-01-30T00:00,0.102,µg/m³,VOC,GC-MS
50134,MONTRÉAL-MOLSON or MONTRÉAL-SAINT-JOSEPH,"2,3-Dimethylbutane",2023-02-05T00:00,0.374,µg/m³,VOC,GC-MS
50134,MONTRÉAL-MOLSON or MONTRÉAL-SAINT-JOSEPH,"2,3-Dimethylbutane",2023-02-11T00:00,0.036,µg/m³,VOC,GC-MS
50134,MONTRÉAL-MOLSON or MONTRÉAL-SAINT-JOSEPH,"2,3-Dimethylbutane",2023-02-17T00:00,0.040,µg/m³,VOC,GC-MS
50134,MONTRÉAL-MOLSON or MONTRÉAL-SAINT-JOSEPH,"2,3-Dimethylbutane",2023-02-23T00:00,0.020,µg/m³,VOC,GC-MS
50134,MONTRÉAL-MOLSON or MONTRÉAL-SAINT-JOSEPH,"2,3-Dimethylbutane",2023-03-07T00:00,0.018,µg/m³,VOC,GC-MS
50134,MONTRÉAL-MOLSON or MONTRÉAL-SAINT-JOSEPH,"2,3-Dimethylbutane",2023-03-14T00:00,0.022,µg/m³,VOC,GC-MS
50134,MONTRÉAL-MOLSON or MONTRÉAL-SAINT-JOSEPH,"2,3-Dimethylbutane",2023-03-19T00:00,0.032,µg/m³,VOC,GC-MS
50134,MONTRÉAL-MOLSON or MONTRÉAL-SAINT-JOSEPH,"2,3-Dimethylbutane",2023-03-25T00:00,0.048,µg/m³,VOC,GC-MS
50134,MONTRÉAL-MOLSON or MONTRÉAL-SAINT-JOSEPH,"2,3-Dimethylbutane",2023-03-31T00:00,0.060,µg/m³,VOC,GC-MS
50134,MONTRÉAL-MOLSON or MONTRÉAL-SAINT-JOSEPH,"2,3-Dimethylbutane",2023-04-06T00:00,0.154,µg/m³,VOC,GC-MS
50134,MONTRÉAL-MOLSON or MONTRÉAL-SAINT-JOSEPH,"2,3-Dimethylbutane",2023-04-12T00:00,0.040,µg/m³,VOC,GC-MS
50134,MONTRÉAL-MOLSON or MONTRÉAL-SAINT-JOSEPH,"2,3-Dimethylbutane",2023-04-18T00:00,0.026,µg/m³,VOC,GC-MS
50134,MONTRÉAL-MOLSON or MONTRÉAL-SAINT-JOSEPH,"2,3-Dimethylbutane",2023-04-30T00:00,0.014,µg/m³,VOC,GC-MS
50134,MONTRÉAL-MOLSON or MONTRÉAL-SAINT-JOSEPH,"2,3-Dimethylbutane",2023-05-06T00:00,0.072,µg/m³,VOC,GC-MS
50134,MONTRÉAL-MOLSON or MONTRÉAL-SAINT-JOSEPH,"2,3-Dimethylbutane",2023-05-12T00:00,0.080,µg/m³,VOC,GC-MS
50134,MONTRÉAL-MOLSON or MONTRÉAL-SAINT-JOSEPH,"2,3-Dimethylbutane",2023-05-18T00:00,0.052,µg/m³,VOC,GC-MS
50134,MONTRÉAL-MOLSON or MONTRÉAL-SAINT-JOSEPH,"2,3-Dimethylbutane",2023-05-24T00:00,0.066,µg/m³,VOC,GC-MS
50134,MONTRÉAL-MOLSON or MONTRÉAL-SAINT-JOSEPH,"2,3-Dimethylbutane",2023-05-30T00:00,0.166,µg/m³,VOC,GC-MS
50134,MONTRÉAL-MOLSON or MONTRÉAL-SAINT-JOSEPH,"2,3-Dimethylbutane",2023-06-05T00:00,0.124,µg/m³,VOC,GC-MS
50134,MONTRÉAL-MOLSON or MONTRÉAL-SAINT-JOSEPH,"2,3-Dimethylbutane",2023-06-11T00:00,0.042,µg/m³,VOC,GC-MS
50134,MONTRÉAL-MOLSON or MONTRÉAL-SAINT-JOSEPH,"2,3-Dimethylbutane",2023-06-17T00:00,0.064,µg/m³,VOC,GC-MS
50134,MONTRÉAL-MOLSON or MONTRÉAL-SAINT-JOSEPH,"2,3-Dimethylbutane",2023-06-23T00:00,0.064,µg/m³,VOC,GC-MS
50134,MONTRÉAL-MOLSON or MONTRÉAL-SAINT-JOSEPH,"2,3-Dimethylbutane",2023-06-29T00:00,0.056,µg/m³,VOC,GC-MS
50134,MONTRÉAL-MOLSON or MONTRÉAL-SAINT-JOSEPH,"2,3-Dimethylbutane",2023-07-05T00:00,0.134,µg/m³,VOC,GC-MS
50134,MONTRÉAL-MOLSON or MONTRÉAL-SAINT-JOSEPH,"2,3-Dimethylbutane",2023-07-11T00:00,0.068,µg/m³,VOC,GC-MS
50134,MONTRÉAL-MOLSON or MONTRÉAL-SAINT-JOSEPH,"2,3-Dimethylbutane",2023-07-17T00:00,0.050,µg/m³,VOC,GC-MS
50134,MONTRÉAL-MOLSON or MONTRÉAL-SAINT-JOSEPH,"2,3-Dimethylbutane",2023-08-22T00:00,0.098,µg/m³,VOC,GC-MS
50134,MONTRÉAL-MOLSON or MONTRÉAL-SAINT-JOSEPH,"2,3-Dimethylbutane",2023-08-28T00:00,0.160,µg/m³,VOC,GC-MS
50134,MONTRÉAL-MOLSON or MONTRÉAL-SAINT-JOSEPH,"2,3-Dimethylbutane",2023-09-03T00:00,0.054,µg/m³,VOC,GC-MS
50134,MONTRÉAL-MOLSON or MONTRÉAL-SAINT-JOSEPH,"2,3-Dimethylbutane",2023-09-09T00:00,0.044,µg/m³,VOC,GC-MS
50134,MONTRÉAL-MOLSON or MONTRÉAL-SAINT-JOSEPH,"2,3-Dimethylbutane",2023-09-15T00:00,0.222,µg/m³,VOC,GC-MS
50134,MONTRÉAL-MOLSON or MONTRÉAL-SAINT-JOSEPH,"2,3-Dimethylbutane",2023-09-21T00:00,0.132,µg/m³,VOC,GC-MS
50134,MONTRÉAL-MOLSON or MONTRÉAL-SAINT-JOSEPH,"2,3-Dimethylbutane",2023-09-27T00:00,0.404,µg/m³,VOC,GC-MS
50134,MONTRÉAL-MOLSON or MONTRÉAL-SAINT-JOSEPH,"2,3-Dimethylbutane",2023-10-03T00:00,0.118,µg/m³,VOC,GC-MS
50134,MONTRÉAL-MOLSON or MONTRÉAL-SAINT-JOSEPH,"2,3-Dimethylbutane",2023-10-09T00:00,0.032,µg/m³,VOC,GC-MS
50134,MONTRÉAL-MOLSON or MONTRÉAL-SAINT-JOSEPH,"2,3-Dimethylbutane",2023-10-21T00:00,0.076,µg/m³,VOC,GC-MS
50134,MONTRÉAL-MOLSON or MONTRÉAL-SAINT-JOSEPH,"2,3-Dimethylbutane",2023-10-27T00:00,0.090,µg/m³,VOC,GC-MS
50134,MONTRÉAL-MOLSON or MONTRÉAL-SAINT-JOSEPH,"2,3-Dimethylbutane",2023-11-02T00:00,0.058,µg/m³,VOC,GC-MS
50134,MONTRÉAL-MOLSON or MONTRÉAL-SAINT-JOSEPH,"2,3-Dimethylbutane",2023-11-08T00:00,0.040,µg/m³,VOC,GC-MS
50134,MONTRÉAL-MOLSON or MONTRÉAL-SAINT-JOSEPH,"2,3-Dimethylbutane",2023-11-14T00:00,0.064,µg/m³,VOC,GC-MS
50134,MONTRÉAL-MOLSON or MONTRÉAL-SAINT-JOSEPH,"2,3-Dimethylbutane",2023-11-20T00:00,0.056,µg/m³,VOC,GC-MS
50134,MONTRÉAL-MOLSON or MONTRÉAL-SAINT-JOSEPH,"2,3-Dimethylbutane",2023-11-26T00:00,0.028,µg/m³,VOC,GC-MS
50134,MONTRÉAL-MOLSON or MONTRÉAL-SAINT-JOSEPH,"2,3-Dimethylbutane",2023-12-02T00:00,0.058,µg/m³,VOC,GC-MS
50134,MONTRÉAL-MOLSON or MONTRÉAL-SAINT-JOSEPH,"2,3-Dimethylbutane",2023-12-08T00:00,0.052,µg/m³,VOC,GC-MS
50134,MONTRÉAL-MOLSON or MONTRÉAL-SAINT-JOSEPH,"2,3-Dimethylbutane",2023-12-14T00:00,0.082,µg/m³,VOC,GC-MS
50134,MONTRÉAL-MOLSON or MONTRÉAL-SAINT-JOSEPH,"2,3-Dimethylbutane",2023-12-20T00:00,0.076,µg/m³,VOC,GC-MS
