﻿NAPS_Site_ID,Station_Name,Pollutant,Date,Value,Units,Report_Type,Method
63601,LONGWOODS CONS. AUTHORITY,"1,1,1-Trichloroethane",1992-01-19T00:00,1.280,µg/m³,VOC,
63601,LONGWOODS CONS. AUTHORITY,"1,1,1-Trichloroethane",1992-01-25T00:00,1.376,µg/m³,VOC,
63601,LONGWOODS CONS. AUTHORITY,"1,1,1-Trichloroethane",1992-01-31T00:00,1.178,µg/m³,VOC,
63601,LONGWOODS CONS. AUTHORITY,"1,1,1-Trichloroethane",1992-02-06T00:00,1.426,µg/m³,VOC,
63601,LONGWOODS CONS. AUTHORITY,"1,1,1-Trichloroethane",1992-02-12T00:00,0.938,µg/m³,VOC,
63601,LONGWOODS CONS. AUTHORITY,"1,1,1-Trichloroethane",1992-02-18T00:00,1.482,µg/m³,VOC,
63601,LONGWOODS CONS. AUTHORITY,"1,1,1-Trichloroethane",1992-02-24T00:00,1.236,µg/m³,VOC,
63601,LONGWOODS CONS. AUTHORITY,"1,1,1-Trichloroethane",1992-03-01T00:00,1.194,µg/m³,VOC,
63601,LONGWOODS CONS. AUTHORITY,"1,1,1-Trichloroethane",1992-03-07T00:00,1.392,µg/m³,VOC,
63601,LONGWOODS CONS. AUTHORITY,"1,1,1-Trichloroethane",1992-03-13T00:00,0.832,µg/m³,VOC,
63601,LONGWOODS CONS. AUTHORITY,"1,1,1-Trichloroethane",1992-03-19T00:00,1.010,µg/m³,VOC,
63601,LONGWOODS CONS. AUTHORITY,"1,1,1-Trichloroethane",1992-03-25T00:00,1.073,µg/m³,VOC,
63601,LONGWOODS CONS. AUTHORITY,"1,1,1-Trichloroethane",1992-03-31T00:00,1.440,µg/m³,VOC,
63601,LONGWOODS CONS. AUTHORITY,"1,1,1-Trichloroethane",1992-04-06T00:00,0.936,µg/m³,VOC,
63601,LONGWOODS CONS. AUTHORITY,"1,1,1-Trichloroethane",1992-04-12T00:00,0.795,µg/m³,VOC,
63601,LONGWOODS CONS. AUTHORITY,"1,1,1-Trichloroethane",1992-04-18T00:00,1.311,µg/m³,VOC,
63601,LONGWOODS CONS. AUTHORITY,"1,1,1-Trichloroethane",1992-04-24T00:00,1.043,µg/m³,VOC,
63601,LONGWOODS CONS. AUTHORITY,"1,1,1-Trichloroethane",1992-04-30T00:00,1.173,µg/m³,VOC,
63601,LONGWOODS CONS. AUTHORITY,"1,1,1-Trichloroethane",1992-05-06T00:00,1.880,µg/m³,VOC,
63601,LONGWOODS CONS. AUTHORITY,"1,1,1-Trichloroethane",1992-05-12T00:00,1.358,µg/m³,VOC,
63601,LONGWOODS CONS. AUTHORITY,"1,1,1-Trichloroethane",1992-05-18T00:00,0.747,µg/m³,VOC,
63601,LONGWOODS CONS. AUTHORITY,"1,1,1-Trichloroethane",1992-05-24T00:00,0.741,µg/m³,VOC,
63601,LONGWOODS CONS. AUTHORITY,"1,1,1-Trichloroethane",1992-05-30T00:00,1.068,µg/m³,VOC,
63601,LONGWOODS CONS. AUTHORITY,"1,1,1-Trichloroethane",1992-06-05T00:00,1.027,µg/m³,VOC,
63601,LONGWOODS CONS. AUTHORITY,"1,1,1-Trichloroethane",1992-06-11T00:00,1.153,µg/m³,VOC,
63601,LONGWOODS CONS. AUTHORITY,"1,1,1-Trichloroethane",1992-06-17T00:00,1.094,µg/m³,VOC,
63601,LONGWOODS CONS. AUTHORITY,"1,1,1-Trichloroethane",1992-06-23T00:00,1.017,µg/m³,VOC,
63601,LONGWOODS CONS. AUTHORITY,"1,1,1-Trichloroethane",1992-06-29T00:00,0.948,µg/m³,VOC,
63601,LONGWOODS CONS. AUTHORITY,"1,1,1-Trichloroethane",1992-07-05T00:00,0.823,µg/m³,VOC,
63601,LONGWOODS CONS. AUTHORITY,"1,1,1-Trichloroethane",1992-07-11T00:00,0.923,µg/m³,VOC,
63601,LONGWOODS CONS. AUTHORITY,"1,1,1-Trichloroethane",1992-07-17T00:00,1.582,µg/m³,VOC,
63601,LONGWOODS CONS. AUTHORITY,"1,1,1-Trichloroethane",1992-07-23T00:00,1.425,µg/m³,VOC,
63601,LONGWOODS CONS. AUTHORITY,"1,1,1-Trichloroethane",1992-07-29T00:00,1.188,µg/m³,VOC,
63601,LONGWOODS CONS. AUTHORITY,"1,1,1-Trichloroethane",1992-08-04T00:00,1.134,µg/m³,VOC,
63601,LONGWOODS CONS. AUTHORITY,"1,1,1-Trichloroethane",1992-08-10T00:00,1.104,µg/m³,VOC,
63601,LONGWOODS CONS. AUTHORITY,"1,1,1-Trichloroethane",1992-08-16T00:00,0.972,µg/m³,VOC,
63601,LONGWOODS CONS. AUTHORITY,"1,1,1-Trichloroethane",1992-08-22T00:00,1.266,µg/m³,VOC,
63601,LONGWOODS CONS. AUTHORITY,"1,1,1-Trichloroethane",1992-08-28T00:00,1.297,µg/m³,VOC,
63601,LONGWOODS CONS. AUTHORITY,"1,1,1-Trichloroethane",1992-10-03T00:00,1.099,µg/m³,VOC,
63601,LONGWOODS CONS. AUTHORITY,"1,1,1-Trichloroethane",1992-10-09T00:00,0.951,µg/m³,VOC,
63601,LONGWOODS CONS. AUTHORITY,"1,1,1-Trichloroethane",1992-10-15T00:00,1.569,µg/m³,VOC,
63601,LONGWOODS CONS. AUTHORITY,"1,1,1-Trichloroethane",1992-10-21T00:00,1.033,µg/m³,VOC,
63601,LONGWOODS CONS. AUTHORITY,"1,1,1-Trichloroethane",1992-10-27T00:00,1.126,µg/m³,VOC,
63601,LONGWOODS CONS. AUTHORITY,"1,1,1-Trichloroethane",1992-11-02T00:00,0.952,µg/m³,VOC,
63601,LONGWOODS CONS. AUTHORITY,"1,1,1-Trichloroethane",1992-11-08T00:00,0.791,µg/m³,VOC,
63601,LONGWOODS CONS. AUTHORITY,"1,1,1-Trichloroethane",1992-11-14T00:00,0.832,µg/m³,VOC,
63601,LONGWOODS CONS. AUTHORITY,"1,1,1-Trichloroethane",1992-11-20T00:00,1.409,µg/m³,VOC,
63601,LONGWOODS CONS. AUTHORITY,"1,1,1-Trichloroethane",1992-12-02T00:00,0.980,µg/m³,VOC,
63601,LONGWOODS CONS. AUTHORITY,"1,1,1-Trichloroethane",1992-12-08T00:00,0.970,µg/m³,VOC,
63601,LONGWOODS CONS. AUTHORITY,"1,1,1-Trichloroethane",1992-12-14T00:00,1.154,µg/m³,VOC,
63601,LONGWOODS CONS. AUTHORITY,"1,1,1-Trichloroethane",1992-12-20T00:00,0.829,µg/m³,VOC,
63601,LONGWOODS CONS. AUTHORITY,"1,1,1-Trichloroethane",1992-12-26T00:00,0.732,µg/m³,VOC,
