﻿NAPS_Site_ID,Station_Name,Pollutant,Date,Value,Units,Report_Type,Method
100119,BURNABY SOUTH,1-Butene/Isobutene,2021-02-03T00:00,0.235,µg/m³,VOC,GC-MS
100119,BURNABY SOUTH,1-Butene/Isobutene,2021-02-09T00:00,0.196,µg/m³,VOC,GC-MS
100119,BURNABY SOUTH,1-Butene/Isobutene,2021-02-15T00:00,0.141,µg/m³,VOC,GC-MS
100119,BURNABY SOUTH,1-Butene/Isobutene,2021-02-21T00:00,0.086,µg/m³,VOC,GC-MS
100119,BURNABY SOUTH,1-Butene/Isobutene,2021-02-27T00:00,0.179,µg/m³,VOC,GC-MS
100119,BURNABY SOUTH,1-Butene/Isobutene,2021-03-05T00:00,0.106,µg/m³,VOC,GC-MS
100119,BURNABY SOUTH,1-Butene/Isobutene,2021-03-11T00:00,0.207,µg/m³,VOC,GC-MS
100119,BURNABY SOUTH,1-Butene/Isobutene,2021-03-17T00:00,0.310,µg/m³,VOC,GC-MS
100119,BURNABY SOUTH,1-Butene/Isobutene,2021-03-23T00:00,0.135,µg/m³,VOC,GC-MS
100119,BURNABY SOUTH,1-Butene/Isobutene,2021-03-29T00:00,0.127,µg/m³,VOC,GC-MS
100119,BURNABY SOUTH,1-Butene/Isobutene,2021-04-04T00:00,0.125,µg/m³,VOC,GC-MS
100119,BURNABY SOUTH,1-Butene/Isobutene,2021-04-10T00:00,0.174,µg/m³,VOC,GC-MS
100119,BURNABY SOUTH,1-Butene/Isobutene,2021-04-16T00:00,0.288,µg/m³,VOC,GC-MS
100119,BURNABY SOUTH,1-Butene/Isobutene,2021-04-22T00:00,0.143,µg/m³,VOC,GC-MS
100119,BURNABY SOUTH,1-Butene/Isobutene,2021-05-04T00:00,0.169,µg/m³,VOC,GC-MS
100119,BURNABY SOUTH,1-Butene/Isobutene,2021-05-10T00:00,0.188,µg/m³,VOC,GC-MS
100119,BURNABY SOUTH,1-Butene/Isobutene,2021-05-16T00:00,0.171,µg/m³,VOC,GC-MS
100119,BURNABY SOUTH,1-Butene/Isobutene,2021-05-22T00:00,0.151,µg/m³,VOC,GC-MS
100119,BURNABY SOUTH,1-Butene/Isobutene,2021-05-28T00:00,0.177,µg/m³,VOC,GC-MS
100119,BURNABY SOUTH,1-Butene/Isobutene,2021-06-03T00:00,0.154,µg/m³,VOC,GC-MS
100119,BURNABY SOUTH,1-Butene/Isobutene,2021-06-09T00:00,0.100,µg/m³,VOC,GC-MS
100119,BURNABY SOUTH,1-Butene/Isobutene,2021-06-15T00:00,0.100,µg/m³,VOC,GC-MS
100119,BURNABY SOUTH,1-Butene/Isobutene,2021-06-21T00:00,0.219,µg/m³,VOC,GC-MS
100119,BURNABY SOUTH,1-Butene/Isobutene,2021-07-03T00:00,0.100,µg/m³,VOC,GC-MS
100119,BURNABY SOUTH,1-Butene/Isobutene,2021-07-09T00:00,0.087,µg/m³,VOC,GC-MS
100119,BURNABY SOUTH,1-Butene/Isobutene,2021-07-15T00:00,0.058,µg/m³,VOC,GC-MS
100119,BURNABY SOUTH,1-Butene/Isobutene,2021-07-21T00:00,0.055,µg/m³,VOC,GC-MS
100119,BURNABY SOUTH,1-Butene/Isobutene,2021-08-08T00:00,0.073,µg/m³,VOC,GC-MS
100119,BURNABY SOUTH,1-Butene/Isobutene,2021-08-14T00:00,0.181,µg/m³,VOC,GC-MS
100119,BURNABY SOUTH,1-Butene/Isobutene,2021-08-20T00:00,0.188,µg/m³,VOC,GC-MS
100119,BURNABY SOUTH,1-Butene/Isobutene,2021-08-26T00:00,0.152,µg/m³,VOC,GC-MS
100119,BURNABY SOUTH,1-Butene/Isobutene,2021-09-01T00:00,0.204,µg/m³,VOC,GC-MS
100119,BURNABY SOUTH,1-Butene/Isobutene,2021-09-07T00:00,0.317,µg/m³,VOC,GC-MS
100119,BURNABY SOUTH,1-Butene/Isobutene,2021-09-13T00:00,0.192,µg/m³,VOC,GC-MS
100119,BURNABY SOUTH,1-Butene/Isobutene,2021-09-19T00:00,0.097,µg/m³,VOC,GC-MS
100119,BURNABY SOUTH,1-Butene/Isobutene,2021-09-25T00:00,0.165,µg/m³,VOC,GC-MS
100119,BURNABY SOUTH,1-Butene/Isobutene,2021-10-01T00:00,0.172,µg/m³,VOC,GC-MS
100119,BURNABY SOUTH,1-Butene/Isobutene,2021-10-07T00:00,0.129,µg/m³,VOC,GC-MS
100119,BURNABY SOUTH,1-Butene/Isobutene,2021-10-13T00:00,0.212,µg/m³,VOC,GC-MS
100119,BURNABY SOUTH,1-Butene/Isobutene,2021-10-19T00:00,0.258,µg/m³,VOC,GC-MS
100119,BURNABY SOUTH,1-Butene/Isobutene,2021-10-25T00:00,0.258,µg/m³,VOC,GC-MS
100119,BURNABY SOUTH,1-Butene/Isobutene,2021-10-31T00:00,0.237,µg/m³,VOC,GC-MS
100119,BURNABY SOUTH,1-Butene/Isobutene,2021-11-06T00:00,0.076,µg/m³,VOC,GC-MS
100119,BURNABY SOUTH,1-Butene/Isobutene,2021-11-12T00:00,0.227,µg/m³,VOC,GC-MS
100119,BURNABY SOUTH,1-Butene/Isobutene,2021-11-18T00:00,0.290,µg/m³,VOC,GC-MS
100119,BURNABY SOUTH,1-Butene/Isobutene,2021-11-24T00:00,0.208,µg/m³,VOC,GC-MS
100119,BURNABY SOUTH,1-Butene/Isobutene,2021-11-30T00:00,0.114,µg/m³,VOC,GC-MS
100119,BURNABY SOUTH,1-Butene/Isobutene,2021-12-06T00:00,0.242,µg/m³,VOC,GC-MS
100119,BURNABY SOUTH,1-Butene/Isobutene,2021-12-12T00:00,0.082,µg/m³,VOC,GC-MS
100119,BURNABY SOUTH,1-Butene/Isobutene,2021-12-18T00:00,0.100,µg/m³,VOC,GC-MS
