﻿NAPS_Site_ID,Station_Name,Pollutant,Date,Value,Units,Report_Type,Method
80211,SASKATOON-CORMAN PARK,Sulphur,2008-03-01T00:00,0.015,µg/m³,DICHOT,EDXRF
80211,SASKATOON-CORMAN PARK,Sulphur,2008-03-01T00:00,0.423,µg/m³,DICHOT,EDXRF
80211,SASKATOON-CORMAN PARK,Sulphur,2008-03-07T00:00,0.024,µg/m³,DICHOT,EDXRF
80211,SASKATOON-CORMAN PARK,Sulphur,2008-03-07T00:00,0.250,µg/m³,DICHOT,EDXRF
80211,SASKATOON-CORMAN PARK,Sulphur,2008-03-13T00:00,0.006,µg/m³,DICHOT,EDXRF
80211,SASKATOON-CORMAN PARK,Sulphur,2008-03-13T00:00,0.251,µg/m³,DICHOT,EDXRF
80211,SASKATOON-CORMAN PARK,Sulphur,2008-03-19T00:00,0.045,µg/m³,DICHOT,EDXRF
80211,SASKATOON-CORMAN PARK,Sulphur,2008-03-19T00:00,0.319,µg/m³,DICHOT,EDXRF
80211,SASKATOON-CORMAN PARK,Sulphur,2008-03-25T00:00,0.031,µg/m³,DICHOT,EDXRF
80211,SASKATOON-CORMAN PARK,Sulphur,2008-03-25T00:00,0.418,µg/m³,DICHOT,EDXRF
80211,SASKATOON-CORMAN PARK,Sulphur,2008-03-31T00:00,0.066,µg/m³,DICHOT,EDXRF
80211,SASKATOON-CORMAN PARK,Sulphur,2008-03-31T00:00,0.415,µg/m³,DICHOT,EDXRF
80211,SASKATOON-CORMAN PARK,Sulphur,2008-04-06T00:00,0.036,µg/m³,DICHOT,EDXRF
80211,SASKATOON-CORMAN PARK,Sulphur,2008-04-06T00:00,0.600,µg/m³,DICHOT,EDXRF
80211,SASKATOON-CORMAN PARK,Sulphur,2008-05-30T00:00,0.065,µg/m³,DICHOT,EDXRF
80211,SASKATOON-CORMAN PARK,Sulphur,2008-05-30T00:00,0.645,µg/m³,DICHOT,EDXRF
80211,SASKATOON-CORMAN PARK,Sulphur,2008-06-11T00:00,0.041,µg/m³,DICHOT,EDXRF
80211,SASKATOON-CORMAN PARK,Sulphur,2008-06-11T00:00,0.150,µg/m³,DICHOT,EDXRF
80211,SASKATOON-CORMAN PARK,Sulphur,2008-06-17T00:00,0.023,µg/m³,DICHOT,EDXRF
80211,SASKATOON-CORMAN PARK,Sulphur,2008-06-17T00:00,0.275,µg/m³,DICHOT,EDXRF
80211,SASKATOON-CORMAN PARK,Sulphur,2008-06-29T00:00,0.022,µg/m³,DICHOT,EDXRF
80211,SASKATOON-CORMAN PARK,Sulphur,2008-06-29T00:00,0.300,µg/m³,DICHOT,EDXRF
80211,SASKATOON-CORMAN PARK,Sulphur,2008-07-05T00:00,0.038,µg/m³,DICHOT,EDXRF
80211,SASKATOON-CORMAN PARK,Sulphur,2008-07-05T00:00,0.311,µg/m³,DICHOT,EDXRF
80211,SASKATOON-CORMAN PARK,Sulphur,2008-07-11T00:00,0.028,µg/m³,DICHOT,EDXRF
80211,SASKATOON-CORMAN PARK,Sulphur,2008-07-11T00:00,0.233,µg/m³,DICHOT,EDXRF
80211,SASKATOON-CORMAN PARK,Sulphur,2008-07-17T00:00,0.054,µg/m³,DICHOT,EDXRF
80211,SASKATOON-CORMAN PARK,Sulphur,2008-07-17T00:00,0.294,µg/m³,DICHOT,EDXRF
80211,SASKATOON-CORMAN PARK,Sulphur,2008-08-10T00:00,0.020,µg/m³,DICHOT,EDXRF
80211,SASKATOON-CORMAN PARK,Sulphur,2008-08-10T00:00,0.440,µg/m³,DICHOT,EDXRF
80211,SASKATOON-CORMAN PARK,Sulphur,2008-08-16T00:00,0.031,µg/m³,DICHOT,EDXRF
80211,SASKATOON-CORMAN PARK,Sulphur,2008-08-16T00:00,0.410,µg/m³,DICHOT,EDXRF
80211,SASKATOON-CORMAN PARK,Sulphur,2008-08-22T00:00,0.018,µg/m³,DICHOT,EDXRF
80211,SASKATOON-CORMAN PARK,Sulphur,2008-08-22T00:00,0.023,µg/m³,DICHOT,EDXRF
80211,SASKATOON-CORMAN PARK,Sulphur,2008-08-28T00:00,0.036,µg/m³,DICHOT,EDXRF
80211,SASKATOON-CORMAN PARK,Sulphur,2008-08-28T00:00,0.180,µg/m³,DICHOT,EDXRF
80211,SASKATOON-CORMAN PARK,Sulphur,2008-09-03T00:00,0.028,µg/m³,DICHOT,EDXRF
80211,SASKATOON-CORMAN PARK,Sulphur,2008-09-03T00:00,0.155,µg/m³,DICHOT,EDXRF
80211,SASKATOON-CORMAN PARK,Sulphur,2008-09-09T00:00,0.032,µg/m³,DICHOT,EDXRF
80211,SASKATOON-CORMAN PARK,Sulphur,2008-09-09T00:00,0.324,µg/m³,DICHOT,EDXRF
80211,SASKATOON-CORMAN PARK,Sulphur,2008-09-15T00:00,0.058,µg/m³,DICHOT,EDXRF
80211,SASKATOON-CORMAN PARK,Sulphur,2008-09-15T00:00,0.271,µg/m³,DICHOT,EDXRF
80211,SASKATOON-CORMAN PARK,Sulphur,2008-09-27T00:00,0.045,µg/m³,DICHOT,EDXRF
80211,SASKATOON-CORMAN PARK,Sulphur,2008-09-27T00:00,0.316,µg/m³,DICHOT,EDXRF
80211,SASKATOON-CORMAN PARK,Sulphur,2008-10-03T00:00,0.142,µg/m³,DICHOT,EDXRF
80211,SASKATOON-CORMAN PARK,Sulphur,2008-10-03T00:00,0.305,µg/m³,DICHOT,EDXRF
80211,SASKATOON-CORMAN PARK,Sulphur,2008-10-09T00:00,0.011,µg/m³,DICHOT,EDXRF
80211,SASKATOON-CORMAN PARK,Sulphur,2008-10-09T00:00,0.128,µg/m³,DICHOT,EDXRF
80211,SASKATOON-CORMAN PARK,Sulphur,2008-10-15T00:00,0.025,µg/m³,DICHOT,EDXRF
80211,SASKATOON-CORMAN PARK,Sulphur,2008-10-15T00:00,0.175,µg/m³,DICHOT,EDXRF
80211,SASKATOON-CORMAN PARK,Sulphur,2008-10-21T00:00,0.025,µg/m³,DICHOT,EDXRF
80211,SASKATOON-CORMAN PARK,Sulphur,2008-10-21T00:00,0.246,µg/m³,DICHOT,EDXRF
80211,SASKATOON-CORMAN PARK,Sulphur,2008-10-27T00:00,0.026,µg/m³,DICHOT,EDXRF
80211,SASKATOON-CORMAN PARK,Sulphur,2008-10-27T00:00,0.117,µg/m³,DICHOT,EDXRF
80211,SASKATOON-CORMAN PARK,Sulphur,2008-11-02T00:00,0.035,µg/m³,DICHOT,EDXRF
80211,SASKATOON-CORMAN PARK,Sulphur,2008-11-02T00:00,0.358,µg/m³,DICHOT,EDXRF
80211,SASKATOON-CORMAN PARK,Sulphur,2008-11-08T00:00,0.021,µg/m³,DICHOT,EDXRF
80211,SASKATOON-CORMAN PARK,Sulphur,2008-11-08T00:00,0.440,µg/m³,DICHOT,EDXRF
80211,SASKATOON-CORMAN PARK,Sulphur,2008-11-14T00:00,0.018,µg/m³,DICHOT,EDXRF
80211,SASKATOON-CORMAN PARK,Sulphur,2008-11-14T00:00,0.173,µg/m³,DICHOT,EDXRF
80211,SASKATOON-CORMAN PARK,Sulphur,2008-11-20T00:00,0.010,µg/m³,DICHOT,EDXRF
80211,SASKATOON-CORMAN PARK,Sulphur,2008-11-20T00:00,0.397,µg/m³,DICHOT,EDXRF
80211,SASKATOON-CORMAN PARK,Sulphur,2008-11-26T00:00,0.013,µg/m³,DICHOT,EDXRF
80211,SASKATOON-CORMAN PARK,Sulphur,2008-11-26T00:00,0.092,µg/m³,DICHOT,EDXRF
80211,SASKATOON-CORMAN PARK,Sulphur,2008-12-02T00:00,0.023,µg/m³,DICHOT,EDXRF
80211,SASKATOON-CORMAN PARK,Sulphur,2008-12-02T00:00,0.209,µg/m³,DICHOT,EDXRF
80211,SASKATOON-CORMAN PARK,Sulphur,2008-12-08T00:00,0.039,µg/m³,DICHOT,EDXRF
80211,SASKATOON-CORMAN PARK,Sulphur,2008-12-08T00:00,0.152,µg/m³,DICHOT,EDXRF
