﻿NAPS_Site_ID,Station_Name,Pollutant,Date,Value,Units,Report_Type,Method
61901,WALPOLE ISLAND,"1,2,4-Trimethylbenzene",1992-01-01T00:00,0.479,µg/m³,VOC,GC-MS
61901,WALPOLE ISLAND,"1,2,4-Trimethylbenzene",1992-01-19T00:00,0.270,µg/m³,VOC,GC-MS
61901,WALPOLE ISLAND,"1,2,4-Trimethylbenzene",1992-01-25T00:00,0.155,µg/m³,VOC,GC-MS
61901,WALPOLE ISLAND,"1,2,4-Trimethylbenzene",1992-01-31T00:00,0.106,µg/m³,VOC,GC-MS
61901,WALPOLE ISLAND,"1,2,4-Trimethylbenzene",1992-02-12T00:00,0.158,µg/m³,VOC,GC-MS
61901,WALPOLE ISLAND,"1,2,4-Trimethylbenzene",1992-02-18T00:00,0.319,µg/m³,VOC,GC-MS
61901,WALPOLE ISLAND,"1,2,4-Trimethylbenzene",1992-02-24T00:00,0.196,µg/m³,VOC,GC-MS
61901,WALPOLE ISLAND,"1,2,4-Trimethylbenzene",1992-03-01T00:00,0.159,µg/m³,VOC,GC-MS
61901,WALPOLE ISLAND,"1,2,4-Trimethylbenzene",1992-03-07T00:00,0.619,µg/m³,VOC,GC-MS
61901,WALPOLE ISLAND,"1,2,4-Trimethylbenzene",1992-03-13T00:00,0.087,µg/m³,VOC,GC-MS
61901,WALPOLE ISLAND,"1,2,4-Trimethylbenzene",1992-03-19T00:00,0.356,µg/m³,VOC,GC-MS
61901,WALPOLE ISLAND,"1,2,4-Trimethylbenzene",1992-03-25T00:00,0.346,µg/m³,VOC,GC-MS
61901,WALPOLE ISLAND,"1,2,4-Trimethylbenzene",1992-03-31T00:00,1.367,µg/m³,VOC,GC-MS
61901,WALPOLE ISLAND,"1,2,4-Trimethylbenzene",1992-04-06T00:00,0.482,µg/m³,VOC,GC-MS
61901,WALPOLE ISLAND,"1,2,4-Trimethylbenzene",1992-04-12T00:00,0.406,µg/m³,VOC,GC-MS
61901,WALPOLE ISLAND,"1,2,4-Trimethylbenzene",1992-04-18T00:00,1.210,µg/m³,VOC,GC-MS
61901,WALPOLE ISLAND,"1,2,4-Trimethylbenzene",1992-04-24T00:00,1.304,µg/m³,VOC,GC-MS
61901,WALPOLE ISLAND,"1,2,4-Trimethylbenzene",1992-05-18T00:00,0.087,µg/m³,VOC,GC-MS
61901,WALPOLE ISLAND,"1,2,4-Trimethylbenzene",1992-05-24T00:00,0.092,µg/m³,VOC,GC-MS
61901,WALPOLE ISLAND,"1,2,4-Trimethylbenzene",1992-05-30T00:00,0.112,µg/m³,VOC,GC-MS
61901,WALPOLE ISLAND,"1,2,4-Trimethylbenzene",1992-06-05T00:00,0.127,µg/m³,VOC,GC-MS
61901,WALPOLE ISLAND,"1,2,4-Trimethylbenzene",1992-06-11T00:00,0.189,µg/m³,VOC,GC-MS
61901,WALPOLE ISLAND,"1,2,4-Trimethylbenzene",1992-06-17T00:00,0.140,µg/m³,VOC,GC-MS
61901,WALPOLE ISLAND,"1,2,4-Trimethylbenzene",1992-07-17T00:00,0.018,µg/m³,VOC,GC-MS
61901,WALPOLE ISLAND,"1,2,4-Trimethylbenzene",1992-07-23T00:00,0.079,µg/m³,VOC,GC-MS
61901,WALPOLE ISLAND,"1,2,4-Trimethylbenzene",1992-08-10T00:00,0.155,µg/m³,VOC,GC-MS
61901,WALPOLE ISLAND,"1,2,4-Trimethylbenzene",1992-08-16T00:00,0.240,µg/m³,VOC,GC-MS
61901,WALPOLE ISLAND,"1,2,4-Trimethylbenzene",1992-09-02T00:00,0.122,µg/m³,VOC,GC-MS
61901,WALPOLE ISLAND,"1,2,4-Trimethylbenzene",1992-09-09T00:00,0.472,µg/m³,VOC,GC-MS
61901,WALPOLE ISLAND,"1,2,4-Trimethylbenzene",1992-09-15T00:00,0.037,µg/m³,VOC,GC-MS
61901,WALPOLE ISLAND,"1,2,4-Trimethylbenzene",1992-09-21T00:00,0.022,µg/m³,VOC,GC-MS
61901,WALPOLE ISLAND,"1,2,4-Trimethylbenzene",1992-10-03T00:00,0.232,µg/m³,VOC,GC-MS
61901,WALPOLE ISLAND,"1,2,4-Trimethylbenzene",1992-10-09T00:00,0.064,µg/m³,VOC,GC-MS
61901,WALPOLE ISLAND,"1,2,4-Trimethylbenzene",1992-10-15T00:00,0.315,µg/m³,VOC,GC-MS
61901,WALPOLE ISLAND,"1,2,4-Trimethylbenzene",1992-10-21T00:00,0.246,µg/m³,VOC,GC-MS
61901,WALPOLE ISLAND,"1,2,4-Trimethylbenzene",1992-10-27T00:00,0.131,µg/m³,VOC,GC-MS
61901,WALPOLE ISLAND,"1,2,4-Trimethylbenzene",1992-11-02T00:00,0.000,µg/m³,VOC,GC-MS
61901,WALPOLE ISLAND,"1,2,4-Trimethylbenzene",1992-11-08T00:00,0.083,µg/m³,VOC,GC-MS
61901,WALPOLE ISLAND,"1,2,4-Trimethylbenzene",1992-11-14T00:00,0.000,µg/m³,VOC,GC-MS
61901,WALPOLE ISLAND,"1,2,4-Trimethylbenzene",1992-11-20T00:00,0.167,µg/m³,VOC,GC-MS
61901,WALPOLE ISLAND,"1,2,4-Trimethylbenzene",1992-11-26T00:00,0.000,µg/m³,VOC,GC-MS
61901,WALPOLE ISLAND,"1,2,4-Trimethylbenzene",1992-12-02T00:00,0.000,µg/m³,VOC,GC-MS
61901,WALPOLE ISLAND,"1,2,4-Trimethylbenzene",1992-12-08T00:00,0.000,µg/m³,VOC,GC-MS
61901,WALPOLE ISLAND,"1,2,4-Trimethylbenzene",1992-12-14T00:00,0.165,µg/m³,VOC,GC-MS
