﻿NAPS_Site_ID,Station_Name,Pollutant,Date,Value,Units,Report_Type,Method
100119,BURNABY SOUTH,Nitrite,2004-01-01T00:00,0.000,µg/m³,IC,N/A
100119,BURNABY SOUTH,Nitrite,2004-01-01T00:00,0.015,µg/m³,IC,N/A
100119,BURNABY SOUTH,Nitrite,2004-01-04T00:00,0.000,µg/m³,IC,N/A
100119,BURNABY SOUTH,Nitrite,2004-01-04T00:00,0.010,µg/m³,IC,N/A
100119,BURNABY SOUTH,Nitrite,2004-01-07T00:00,0.000,µg/m³,IC,N/A
100119,BURNABY SOUTH,Nitrite,2004-01-07T00:00,0.008,µg/m³,IC,N/A
100119,BURNABY SOUTH,Nitrite,2004-01-10T00:00,0.000,µg/m³,IC,N/A
100119,BURNABY SOUTH,Nitrite,2004-01-10T00:00,0.010,µg/m³,IC,N/A
100119,BURNABY SOUTH,Nitrite,2004-01-13T00:00,0.000,µg/m³,IC,N/A
100119,BURNABY SOUTH,Nitrite,2004-01-13T00:00,0.010,µg/m³,IC,N/A
100119,BURNABY SOUTH,Nitrite,2004-01-16T00:00,0.006,µg/m³,IC,N/A
100119,BURNABY SOUTH,Nitrite,2004-01-16T00:00,0.038,µg/m³,IC,N/A
100119,BURNABY SOUTH,Nitrite,2004-01-19T00:00,0.000,µg/m³,IC,N/A
100119,BURNABY SOUTH,Nitrite,2004-01-19T00:00,0.009,µg/m³,IC,N/A
100119,BURNABY SOUTH,Nitrite,2004-01-22T00:00,0.000,µg/m³,IC,N/A
100119,BURNABY SOUTH,Nitrite,2004-01-22T00:00,0.012,µg/m³,IC,N/A
100119,BURNABY SOUTH,Nitrite,2004-01-25T00:00,0.000,µg/m³,IC,N/A
100119,BURNABY SOUTH,Nitrite,2004-01-25T00:00,0.011,µg/m³,IC,N/A
100119,BURNABY SOUTH,Nitrite,2004-01-28T00:00,0.000,µg/m³,IC,N/A
100119,BURNABY SOUTH,Nitrite,2004-01-28T00:00,0.011,µg/m³,IC,N/A
100119,BURNABY SOUTH,Nitrite,2004-01-31T00:00,0.000,µg/m³,IC,N/A
100119,BURNABY SOUTH,Nitrite,2004-01-31T00:00,0.032,µg/m³,IC,N/A
100119,BURNABY SOUTH,Nitrite,2004-02-03T00:00,0.000,µg/m³,IC,N/A
100119,BURNABY SOUTH,Nitrite,2004-02-03T00:00,0.008,µg/m³,IC,N/A
100119,BURNABY SOUTH,Nitrite,2004-02-06T00:00,0.000,µg/m³,IC,N/A
100119,BURNABY SOUTH,Nitrite,2004-02-06T00:00,0.009,µg/m³,IC,N/A
100119,BURNABY SOUTH,Nitrite,2004-02-09T00:00,0.000,µg/m³,IC,N/A
100119,BURNABY SOUTH,Nitrite,2004-02-09T00:00,0.016,µg/m³,IC,N/A
100119,BURNABY SOUTH,Nitrite,2004-02-12T00:00,0.000,µg/m³,IC,N/A
100119,BURNABY SOUTH,Nitrite,2004-02-12T00:00,0.018,µg/m³,IC,N/A
100119,BURNABY SOUTH,Nitrite,2004-02-15T00:00,0.000,µg/m³,IC,N/A
100119,BURNABY SOUTH,Nitrite,2004-02-15T00:00,0.008,µg/m³,IC,N/A
100119,BURNABY SOUTH,Nitrite,2004-02-18T00:00,0.000,µg/m³,IC,N/A
100119,BURNABY SOUTH,Nitrite,2004-02-18T00:00,0.009,µg/m³,IC,N/A
100119,BURNABY SOUTH,Nitrite,2004-02-21T00:00,0.000,µg/m³,IC,N/A
100119,BURNABY SOUTH,Nitrite,2004-02-21T00:00,0.016,µg/m³,IC,N/A
100119,BURNABY SOUTH,Nitrite,2004-02-24T00:00,0.000,µg/m³,IC,N/A
100119,BURNABY SOUTH,Nitrite,2004-02-24T00:00,0.009,µg/m³,IC,N/A
100119,BURNABY SOUTH,Nitrite,2004-02-27T00:00,0.008,µg/m³,IC,N/A
100119,BURNABY SOUTH,Nitrite,2004-02-27T00:00,0.056,µg/m³,IC,N/A
100119,BURNABY SOUTH,Nitrite,2004-03-01T00:00,0.017,µg/m³,IC,N/A
100119,BURNABY SOUTH,Nitrite,2004-03-01T00:00,0.037,µg/m³,IC,N/A
100119,BURNABY SOUTH,Nitrite,2004-03-04T00:00,0.009,µg/m³,IC,N/A
100119,BURNABY SOUTH,Nitrite,2004-03-04T00:00,0.037,µg/m³,IC,N/A
100119,BURNABY SOUTH,Nitrite,2004-03-07T00:00,0.000,µg/m³,IC,N/A
100119,BURNABY SOUTH,Nitrite,2004-03-07T00:00,0.021,µg/m³,IC,N/A
100119,BURNABY SOUTH,Nitrite,2004-03-10T00:00,0.000,µg/m³,IC,N/A
100119,BURNABY SOUTH,Nitrite,2004-03-10T00:00,0.015,µg/m³,IC,N/A
100119,BURNABY SOUTH,Nitrite,2004-03-13T00:00,0.000,µg/m³,IC,N/A
100119,BURNABY SOUTH,Nitrite,2004-03-13T00:00,0.010,µg/m³,IC,N/A
100119,BURNABY SOUTH,Nitrite,2004-03-16T00:00,0.000,µg/m³,IC,N/A
100119,BURNABY SOUTH,Nitrite,2004-03-16T00:00,0.010,µg/m³,IC,N/A
100119,BURNABY SOUTH,Nitrite,2004-03-19T00:00,0.000,µg/m³,IC,N/A
100119,BURNABY SOUTH,Nitrite,2004-03-19T00:00,0.018,µg/m³,IC,N/A
100119,BURNABY SOUTH,Nitrite,2004-03-22T00:00,0.000,µg/m³,IC,N/A
100119,BURNABY SOUTH,Nitrite,2004-03-22T00:00,0.007,µg/m³,IC,N/A
100119,BURNABY SOUTH,Nitrite,2004-03-25T00:00,0.000,µg/m³,IC,N/A
100119,BURNABY SOUTH,Nitrite,2004-03-25T00:00,0.011,µg/m³,IC,N/A
100119,BURNABY SOUTH,Nitrite,2004-03-28T00:00,0.000,µg/m³,IC,N/A
100119,BURNABY SOUTH,Nitrite,2004-03-28T00:00,0.014,µg/m³,IC,N/A
100119,BURNABY SOUTH,Nitrite,2004-03-31T00:00,0.000,µg/m³,IC,N/A
100119,BURNABY SOUTH,Nitrite,2004-03-31T00:00,0.007,µg/m³,IC,N/A
100119,BURNABY SOUTH,Nitrite,2004-04-03T00:00,0.000,µg/m³,IC,N/A
100119,BURNABY SOUTH,Nitrite,2004-04-03T00:00,0.010,µg/m³,IC,N/A
100119,BURNABY SOUTH,Nitrite,2004-04-06T00:00,0.000,µg/m³,IC,N/A
100119,BURNABY SOUTH,Nitrite,2004-04-06T00:00,0.017,µg/m³,IC,N/A
100119,BURNABY SOUTH,Nitrite,2004-04-15T00:00,0.000,µg/m³,IC,N/A
100119,BURNABY SOUTH,Nitrite,2004-04-15T00:00,0.012,µg/m³,IC,N/A
100119,BURNABY SOUTH,Nitrite,2004-04-18T00:00,0.000,µg/m³,IC,N/A
100119,BURNABY SOUTH,Nitrite,2004-04-18T00:00,0.009,µg/m³,IC,N/A
100119,BURNABY SOUTH,Nitrite,2004-04-21T00:00,0.000,µg/m³,IC,N/A
100119,BURNABY SOUTH,Nitrite,2004-04-21T00:00,0.011,µg/m³,IC,N/A
100119,BURNABY SOUTH,Nitrite,2004-04-24T00:00,0.000,µg/m³,IC,N/A
100119,BURNABY SOUTH,Nitrite,2004-04-24T00:00,0.011,µg/m³,IC,N/A
100119,BURNABY SOUTH,Nitrite,2004-04-27T00:00,0.000,µg/m³,IC,N/A
100119,BURNABY SOUTH,Nitrite,2004-04-27T00:00,0.016,µg/m³,IC,N/A
100119,BURNABY SOUTH,Nitrite,2004-04-30T00:00,0.000,µg/m³,IC,N/A
100119,BURNABY SOUTH,Nitrite,2004-04-30T00:00,0.138,µg/m³,IC,N/A
100119,BURNABY SOUTH,Nitrite,2004-05-03T00:00,0.007,µg/m³,IC,N/A
100119,BURNABY SOUTH,Nitrite,2004-05-03T00:00,0.048,µg/m³,IC,N/A
100119,BURNABY SOUTH,Nitrite,2004-05-06T00:00,0.000,µg/m³,IC,N/A
100119,BURNABY SOUTH,Nitrite,2004-05-06T00:00,0.009,µg/m³,IC,N/A
100119,BURNABY SOUTH,Nitrite,2004-05-09T00:00,0.000,µg/m³,IC,N/A
100119,BURNABY SOUTH,Nitrite,2004-05-09T00:00,0.007,µg/m³,IC,N/A
100119,BURNABY SOUTH,Nitrite,2004-05-12T00:00,0.000,µg/m³,IC,N/A
100119,BURNABY SOUTH,Nitrite,2004-05-12T00:00,0.013,µg/m³,IC,N/A
100119,BURNABY SOUTH,Nitrite,2004-05-15T00:00,0.000,µg/m³,IC,N/A
100119,BURNABY SOUTH,Nitrite,2004-05-15T00:00,0.012,µg/m³,IC,N/A
100119,BURNABY SOUTH,Nitrite,2004-05-18T00:00,0.000,µg/m³,IC,N/A
100119,BURNABY SOUTH,Nitrite,2004-05-18T00:00,0.011,µg/m³,IC,N/A
100119,BURNABY SOUTH,Nitrite,2004-05-21T00:00,0.010,µg/m³,IC,N/A
100119,BURNABY SOUTH,Nitrite,2004-05-21T00:00,0.047,µg/m³,IC,N/A
100119,BURNABY SOUTH,Nitrite,2004-05-24T00:00,0.026,µg/m³,IC,N/A
100119,BURNABY SOUTH,Nitrite,2004-05-24T00:00,0.049,µg/m³,IC,N/A
100119,BURNABY SOUTH,Nitrite,2004-05-27T00:00,0.000,µg/m³,IC,N/A
100119,BURNABY SOUTH,Nitrite,2004-05-27T00:00,0.012,µg/m³,IC,N/A
100119,BURNABY SOUTH,Nitrite,2004-05-30T00:00,0.000,µg/m³,IC,N/A
100119,BURNABY SOUTH,Nitrite,2004-05-30T00:00,0.008,µg/m³,IC,N/A
100119,BURNABY SOUTH,Nitrite,2004-06-02T00:00,0.011,µg/m³,IC,N/A
100119,BURNABY SOUTH,Nitrite,2004-06-02T00:00,0.047,µg/m³,IC,N/A
100119,BURNABY SOUTH,Nitrite,2004-06-05T00:00,0.000,µg/m³,IC,N/A
100119,BURNABY SOUTH,Nitrite,2004-06-05T00:00,0.007,µg/m³,IC,N/A
100119,BURNABY SOUTH,Nitrite,2004-06-08T00:00,0.000,µg/m³,IC,N/A
100119,BURNABY SOUTH,Nitrite,2004-06-08T00:00,0.026,µg/m³,IC,N/A
100119,BURNABY SOUTH,Nitrite,2004-06-11T00:00,0.000,µg/m³,IC,N/A
100119,BURNABY SOUTH,Nitrite,2004-06-11T00:00,0.021,µg/m³,IC,N/A
100119,BURNABY SOUTH,Nitrite,2004-06-14T00:00,0.000,µg/m³,IC,N/A
100119,BURNABY SOUTH,Nitrite,2004-06-14T00:00,0.006,µg/m³,IC,N/A
100119,BURNABY SOUTH,Nitrite,2004-06-17T00:00,0.000,µg/m³,IC,N/A
100119,BURNABY SOUTH,Nitrite,2004-06-17T00:00,0.006,µg/m³,IC,N/A
100119,BURNABY SOUTH,Nitrite,2004-06-20T00:00,0.010,µg/m³,IC,N/A
100119,BURNABY SOUTH,Nitrite,2004-06-20T00:00,0.058,µg/m³,IC,N/A
100119,BURNABY SOUTH,Nitrite,2004-06-23T00:00,0.000,µg/m³,IC,N/A
100119,BURNABY SOUTH,Nitrite,2004-06-23T00:00,0.011,µg/m³,IC,N/A
100119,BURNABY SOUTH,Nitrite,2004-06-26T00:00,0.000,µg/m³,IC,N/A
100119,BURNABY SOUTH,Nitrite,2004-06-26T00:00,0.010,µg/m³,IC,N/A
100119,BURNABY SOUTH,Nitrite,2004-07-02T00:00,0.000,µg/m³,IC,N/A
100119,BURNABY SOUTH,Nitrite,2004-07-02T00:00,0.007,µg/m³,IC,N/A
100119,BURNABY SOUTH,Nitrite,2004-07-05T00:00,0.000,µg/m³,IC,N/A
100119,BURNABY SOUTH,Nitrite,2004-07-05T00:00,0.011,µg/m³,IC,N/A
100119,BURNABY SOUTH,Nitrite,2004-07-08T00:00,0.000,µg/m³,IC,N/A
100119,BURNABY SOUTH,Nitrite,2004-07-08T00:00,0.008,µg/m³,IC,N/A
100119,BURNABY SOUTH,Nitrite,2004-07-11T00:00,0.000,µg/m³,IC,N/A
100119,BURNABY SOUTH,Nitrite,2004-07-11T00:00,0.006,µg/m³,IC,N/A
100119,BURNABY SOUTH,Nitrite,2004-07-14T00:00,0.000,µg/m³,IC,N/A
100119,BURNABY SOUTH,Nitrite,2004-07-14T00:00,0.013,µg/m³,IC,N/A
100119,BURNABY SOUTH,Nitrite,2004-07-17T00:00,0.000,µg/m³,IC,N/A
100119,BURNABY SOUTH,Nitrite,2004-07-17T00:00,0.009,µg/m³,IC,N/A
100119,BURNABY SOUTH,Nitrite,2004-07-20T00:00,0.000,µg/m³,IC,N/A
100119,BURNABY SOUTH,Nitrite,2004-07-20T00:00,0.025,µg/m³,IC,N/A
100119,BURNABY SOUTH,Nitrite,2004-07-23T00:00,0.000,µg/m³,IC,N/A
100119,BURNABY SOUTH,Nitrite,2004-07-23T00:00,0.012,µg/m³,IC,N/A
100119,BURNABY SOUTH,Nitrite,2004-07-29T00:00,0.000,µg/m³,IC,N/A
100119,BURNABY SOUTH,Nitrite,2004-07-29T00:00,0.012,µg/m³,IC,N/A
100119,BURNABY SOUTH,Nitrite,2004-08-01T00:00,0.000,µg/m³,IC,N/A
100119,BURNABY SOUTH,Nitrite,2004-08-01T00:00,0.000,µg/m³,IC,N/A
100119,BURNABY SOUTH,Nitrite,2004-08-04T00:00,0.000,µg/m³,IC,N/A
100119,BURNABY SOUTH,Nitrite,2004-08-04T00:00,0.008,µg/m³,IC,N/A
100119,BURNABY SOUTH,Nitrite,2004-08-07T00:00,0.000,µg/m³,IC,N/A
100119,BURNABY SOUTH,Nitrite,2004-08-07T00:00,0.007,µg/m³,IC,N/A
100119,BURNABY SOUTH,Nitrite,2004-08-10T00:00,0.000,µg/m³,IC,N/A
100119,BURNABY SOUTH,Nitrite,2004-08-10T00:00,0.006,µg/m³,IC,N/A
100119,BURNABY SOUTH,Nitrite,2004-08-13T00:00,0.000,µg/m³,IC,N/A
100119,BURNABY SOUTH,Nitrite,2004-08-13T00:00,0.009,µg/m³,IC,N/A
100119,BURNABY SOUTH,Nitrite,2004-08-16T00:00,0.000,µg/m³,IC,N/A
100119,BURNABY SOUTH,Nitrite,2004-08-16T00:00,0.006,µg/m³,IC,N/A
100119,BURNABY SOUTH,Nitrite,2004-08-28T00:00,0.000,µg/m³,IC,N/A
100119,BURNABY SOUTH,Nitrite,2004-08-28T00:00,0.005,µg/m³,IC,N/A
100119,BURNABY SOUTH,Nitrite,2004-08-31T00:00,0.000,µg/m³,IC,N/A
100119,BURNABY SOUTH,Nitrite,2004-08-31T00:00,0.008,µg/m³,IC,N/A
100119,BURNABY SOUTH,Nitrite,2004-09-03T00:00,0.000,µg/m³,IC,N/A
100119,BURNABY SOUTH,Nitrite,2004-09-03T00:00,0.005,µg/m³,IC,N/A
100119,BURNABY SOUTH,Nitrite,2004-09-09T00:00,0.000,µg/m³,IC,N/A
100119,BURNABY SOUTH,Nitrite,2004-09-09T00:00,0.004,µg/m³,IC,N/A
100119,BURNABY SOUTH,Nitrite,2004-09-12T00:00,0.000,µg/m³,IC,N/A
100119,BURNABY SOUTH,Nitrite,2004-09-12T00:00,0.010,µg/m³,IC,N/A
100119,BURNABY SOUTH,Nitrite,2004-09-15T00:00,0.000,µg/m³,IC,N/A
100119,BURNABY SOUTH,Nitrite,2004-09-15T00:00,0.003,µg/m³,IC,N/A
100119,BURNABY SOUTH,Nitrite,2004-09-18T00:00,0.000,µg/m³,IC,N/A
100119,BURNABY SOUTH,Nitrite,2004-09-18T00:00,0.000,µg/m³,IC,N/A
100119,BURNABY SOUTH,Nitrite,2004-09-24T00:00,0.000,µg/m³,IC,N/A
100119,BURNABY SOUTH,Nitrite,2004-09-24T00:00,0.018,µg/m³,IC,N/A
100119,BURNABY SOUTH,Nitrite,2004-09-27T00:00,0.000,µg/m³,IC,N/A
100119,BURNABY SOUTH,Nitrite,2004-09-27T00:00,0.040,µg/m³,IC,N/A
100119,BURNABY SOUTH,Nitrite,2004-09-30T00:00,0.000,µg/m³,IC,N/A
100119,BURNABY SOUTH,Nitrite,2004-09-30T00:00,0.036,µg/m³,IC,N/A
100119,BURNABY SOUTH,Nitrite,2004-10-03T00:00,0.000,µg/m³,IC,N/A
100119,BURNABY SOUTH,Nitrite,2004-10-03T00:00,0.013,µg/m³,IC,N/A
100119,BURNABY SOUTH,Nitrite,2004-10-06T00:00,0.000,µg/m³,IC,N/A
100119,BURNABY SOUTH,Nitrite,2004-10-06T00:00,0.024,µg/m³,IC,N/A
100119,BURNABY SOUTH,Nitrite,2004-10-09T00:00,0.000,µg/m³,IC,N/A
100119,BURNABY SOUTH,Nitrite,2004-10-09T00:00,0.000,µg/m³,IC,N/A
100119,BURNABY SOUTH,Nitrite,2004-10-12T00:00,0.000,µg/m³,IC,N/A
100119,BURNABY SOUTH,Nitrite,2004-10-12T00:00,0.006,µg/m³,IC,N/A
100119,BURNABY SOUTH,Nitrite,2004-10-15T00:00,0.000,µg/m³,IC,N/A
100119,BURNABY SOUTH,Nitrite,2004-10-15T00:00,0.010,µg/m³,IC,N/A
100119,BURNABY SOUTH,Nitrite,2004-10-27T00:00,0.000,µg/m³,IC,N/A
100119,BURNABY SOUTH,Nitrite,2004-10-27T00:00,0.020,µg/m³,IC,N/A
100119,BURNABY SOUTH,Nitrite,2004-10-30T00:00,0.000,µg/m³,IC,N/A
100119,BURNABY SOUTH,Nitrite,2004-10-30T00:00,0.015,µg/m³,IC,N/A
100119,BURNABY SOUTH,Nitrite,2004-11-02T00:00,0.000,µg/m³,IC,N/A
100119,BURNABY SOUTH,Nitrite,2004-11-02T00:00,0.006,µg/m³,IC,N/A
100119,BURNABY SOUTH,Nitrite,2004-11-05T00:00,0.000,µg/m³,IC,N/A
100119,BURNABY SOUTH,Nitrite,2004-11-05T00:00,0.007,µg/m³,IC,N/A
100119,BURNABY SOUTH,Nitrite,2004-11-11T00:00,0.000,µg/m³,IC,N/A
100119,BURNABY SOUTH,Nitrite,2004-11-11T00:00,0.016,µg/m³,IC,N/A
100119,BURNABY SOUTH,Nitrite,2004-11-14T00:00,0.000,µg/m³,IC,N/A
100119,BURNABY SOUTH,Nitrite,2004-11-14T00:00,0.013,µg/m³,IC,N/A
100119,BURNABY SOUTH,Nitrite,2004-11-17T00:00,0.000,µg/m³,IC,N/A
100119,BURNABY SOUTH,Nitrite,2004-11-17T00:00,0.010,µg/m³,IC,N/A
100119,BURNABY SOUTH,Nitrite,2004-11-20T00:00,0.000,µg/m³,IC,N/A
100119,BURNABY SOUTH,Nitrite,2004-11-20T00:00,0.010,µg/m³,IC,N/A
100119,BURNABY SOUTH,Nitrite,2004-11-23T00:00,0.000,µg/m³,IC,N/A
100119,BURNABY SOUTH,Nitrite,2004-11-23T00:00,0.000,µg/m³,IC,N/A
100119,BURNABY SOUTH,Nitrite,2004-11-26T00:00,0.000,µg/m³,IC,N/A
100119,BURNABY SOUTH,Nitrite,2004-11-26T00:00,0.013,µg/m³,IC,N/A
100119,BURNABY SOUTH,Nitrite,2004-11-29T00:00,0.000,µg/m³,IC,N/A
100119,BURNABY SOUTH,Nitrite,2004-11-29T00:00,0.008,µg/m³,IC,N/A
100119,BURNABY SOUTH,Nitrite,2004-12-02T00:00,0.000,µg/m³,IC,N/A
100119,BURNABY SOUTH,Nitrite,2004-12-02T00:00,0.009,µg/m³,IC,N/A
100119,BURNABY SOUTH,Nitrite,2004-12-05T00:00,0.000,µg/m³,IC,N/A
100119,BURNABY SOUTH,Nitrite,2004-12-05T00:00,0.006,µg/m³,IC,N/A
100119,BURNABY SOUTH,Nitrite,2004-12-08T00:00,0.000,µg/m³,IC,N/A
100119,BURNABY SOUTH,Nitrite,2004-12-08T00:00,0.007,µg/m³,IC,N/A
100119,BURNABY SOUTH,Nitrite,2004-12-11T00:00,0.000,µg/m³,IC,N/A
100119,BURNABY SOUTH,Nitrite,2004-12-11T00:00,0.000,µg/m³,IC,N/A
100119,BURNABY SOUTH,Nitrite,2004-12-14T00:00,0.000,µg/m³,IC,N/A
100119,BURNABY SOUTH,Nitrite,2004-12-14T00:00,0.007,µg/m³,IC,N/A
100119,BURNABY SOUTH,Nitrite,2004-12-17T00:00,0.000,µg/m³,IC,N/A
100119,BURNABY SOUTH,Nitrite,2004-12-17T00:00,0.000,µg/m³,IC,N/A
100119,BURNABY SOUTH,Nitrite,2004-12-20T00:00,0.000,µg/m³,IC,N/A
100119,BURNABY SOUTH,Nitrite,2004-12-20T00:00,0.008,µg/m³,IC,N/A
100119,BURNABY SOUTH,Nitrite,2004-12-26T00:00,0.000,µg/m³,IC,N/A
100119,BURNABY SOUTH,Nitrite,2004-12-26T00:00,0.000,µg/m³,IC,N/A
100119,BURNABY SOUTH,Nitrite,2004-12-29T00:00,0.000,µg/m³,IC,N/A
100119,BURNABY SOUTH,Nitrite,2004-12-29T00:00,0.007,µg/m³,IC,N/A
100119,BURNABY SOUTH,Nitrite,2004-04-18T00:00,0.526,µg/m³,NA,N/A
100119,BURNABY SOUTH,Nitrite,2004-04-21T00:00,0.583,µg/m³,NA,N/A
100119,BURNABY SOUTH,Nitrite,2004-04-24T00:00,0.471,µg/m³,NA,N/A
100119,BURNABY SOUTH,Nitrite,2004-04-27T00:00,0.694,µg/m³,NA,N/A
100119,BURNABY SOUTH,Nitrite,2004-04-30T00:00,1.341,µg/m³,NA,N/A
100119,BURNABY SOUTH,Nitrite,2004-05-03T00:00,0.903,µg/m³,NA,N/A
100119,BURNABY SOUTH,Nitrite,2004-05-06T00:00,1.192,µg/m³,NA,N/A
100119,BURNABY SOUTH,Nitrite,2004-05-09T00:00,0.983,µg/m³,NA,N/A
100119,BURNABY SOUTH,Nitrite,2004-05-12T00:00,0.598,µg/m³,NA,N/A
100119,BURNABY SOUTH,Nitrite,2004-05-15T00:00,0.760,µg/m³,NA,N/A
100119,BURNABY SOUTH,Nitrite,2004-05-18T00:00,0.841,µg/m³,NA,N/A
100119,BURNABY SOUTH,Nitrite,2004-05-21T00:00,0.826,µg/m³,NA,N/A
100119,BURNABY SOUTH,Nitrite,2004-05-30T00:00,0.501,µg/m³,NA,N/A
100119,BURNABY SOUTH,Nitrite,2004-06-02T00:00,0.842,µg/m³,NA,N/A
100119,BURNABY SOUTH,Nitrite,2004-06-05T00:00,0.620,µg/m³,NA,N/A
100119,BURNABY SOUTH,Nitrite,2004-06-08T00:00,1.646,µg/m³,NA,N/A
100119,BURNABY SOUTH,Nitrite,2004-06-11T00:00,0.600,µg/m³,NA,N/A
100119,BURNABY SOUTH,Nitrite,2004-06-14T00:00,0.482,µg/m³,NA,N/A
100119,BURNABY SOUTH,Nitrite,2004-06-17T00:00,0.709,µg/m³,NA,N/A
100119,BURNABY SOUTH,Nitrite,2004-06-20T00:00,0.467,µg/m³,NA,N/A
100119,BURNABY SOUTH,Nitrite,2004-06-23T00:00,0.390,µg/m³,NA,N/A
100119,BURNABY SOUTH,Nitrite,2004-06-26T00:00,0.562,µg/m³,NA,N/A
100119,BURNABY SOUTH,Nitrite,2004-07-02T00:00,0.821,µg/m³,NA,N/A
100119,BURNABY SOUTH,Nitrite,2004-07-05T00:00,0.941,µg/m³,NA,N/A
100119,BURNABY SOUTH,Nitrite,2004-07-08T00:00,0.556,µg/m³,NA,N/A
100119,BURNABY SOUTH,Nitrite,2004-07-11T00:00,0.594,µg/m³,NA,N/A
100119,BURNABY SOUTH,Nitrite,2004-07-14T00:00,1.574,µg/m³,NA,N/A
100119,BURNABY SOUTH,Nitrite,2004-07-17T00:00,1.036,µg/m³,NA,N/A
100119,BURNABY SOUTH,Nitrite,2004-07-20T00:00,0.637,µg/m³,NA,N/A
100119,BURNABY SOUTH,Nitrite,2004-07-23T00:00,1.511,µg/m³,NA,N/A
100119,BURNABY SOUTH,Nitrite,2004-07-29T00:00,1.335,µg/m³,NA,N/A
100119,BURNABY SOUTH,Nitrite,2004-08-01T00:00,1.326,µg/m³,NA,N/A
100119,BURNABY SOUTH,Nitrite,2004-08-04T00:00,1.162,µg/m³,NA,N/A
100119,BURNABY SOUTH,Nitrite,2004-08-07T00:00,0.740,µg/m³,NA,N/A
100119,BURNABY SOUTH,Nitrite,2004-08-10T00:00,0.956,µg/m³,NA,N/A
100119,BURNABY SOUTH,Nitrite,2004-08-13T00:00,1.902,µg/m³,NA,N/A
100119,BURNABY SOUTH,Nitrite,2004-08-16T00:00,1.030,µg/m³,NA,N/A
100119,BURNABY SOUTH,Nitrite,2004-08-28T00:00,0.799,µg/m³,NA,N/A
100119,BURNABY SOUTH,Nitrite,2004-08-31T00:00,1.079,µg/m³,NA,N/A
100119,BURNABY SOUTH,Nitrite,2004-09-03T00:00,1.836,µg/m³,NA,N/A
100119,BURNABY SOUTH,Nitrite,2004-09-09T00:00,0.753,µg/m³,NA,N/A
100119,BURNABY SOUTH,Nitrite,2004-09-12T00:00,0.762,µg/m³,NA,N/A
100119,BURNABY SOUTH,Nitrite,2004-09-15T00:00,0.560,µg/m³,NA,N/A
100119,BURNABY SOUTH,Nitrite,2004-09-18T00:00,0.521,µg/m³,NA,N/A
100119,BURNABY SOUTH,Nitrite,2004-09-24T00:00,1.818,µg/m³,NA,N/A
100119,BURNABY SOUTH,Nitrite,2004-09-27T00:00,2.572,µg/m³,NA,N/A
100119,BURNABY SOUTH,Nitrite,2004-09-30T00:00,1.308,µg/m³,NA,N/A
100119,BURNABY SOUTH,Nitrite,2004-10-03T00:00,2.046,µg/m³,NA,N/A
100119,BURNABY SOUTH,Nitrite,2004-10-06T00:00,1.056,µg/m³,NA,N/A
100119,BURNABY SOUTH,Nitrite,2004-10-09T00:00,0.647,µg/m³,NA,N/A
100119,BURNABY SOUTH,Nitrite,2004-10-12T00:00,1.704,µg/m³,NA,N/A
100119,BURNABY SOUTH,Nitrite,2004-10-15T00:00,1.112,µg/m³,NA,N/A
100119,BURNABY SOUTH,Nitrite,2004-10-27T00:00,2.110,µg/m³,NA,N/A
100119,BURNABY SOUTH,Nitrite,2004-10-30T00:00,0.409,µg/m³,NA,N/A
100119,BURNABY SOUTH,Nitrite,2004-11-02T00:00,1.603,µg/m³,NA,N/A
100119,BURNABY SOUTH,Nitrite,2004-11-05T00:00,1.320,µg/m³,NA,N/A
100119,BURNABY SOUTH,Nitrite,2004-11-11T00:00,1.871,µg/m³,NA,N/A
100119,BURNABY SOUTH,Nitrite,2004-11-14T00:00,0.475,µg/m³,NA,N/A
100119,BURNABY SOUTH,Nitrite,2004-11-17T00:00,1.146,µg/m³,NA,N/A
100119,BURNABY SOUTH,Nitrite,2004-11-20T00:00,2.001,µg/m³,NA,N/A
100119,BURNABY SOUTH,Nitrite,2004-11-23T00:00,1.488,µg/m³,NA,N/A
100119,BURNABY SOUTH,Nitrite,2004-11-26T00:00,1.448,µg/m³,NA,N/A
100119,BURNABY SOUTH,Nitrite,2004-11-29T00:00,0.936,µg/m³,NA,N/A
100119,BURNABY SOUTH,Nitrite,2004-12-02T00:00,1.650,µg/m³,NA,N/A
100119,BURNABY SOUTH,Nitrite,2004-12-05T00:00,0.752,µg/m³,NA,N/A
100119,BURNABY SOUTH,Nitrite,2004-12-08T00:00,0.389,µg/m³,NA,N/A
100119,BURNABY SOUTH,Nitrite,2004-12-11T00:00,0.993,µg/m³,NA,N/A
100119,BURNABY SOUTH,Nitrite,2004-12-14T00:00,0.565,µg/m³,NA,N/A
100119,BURNABY SOUTH,Nitrite,2004-12-17T00:00,3.574,µg/m³,NA,N/A
100119,BURNABY SOUTH,Nitrite,2004-12-20T00:00,1.685,µg/m³,NA,N/A
100119,BURNABY SOUTH,Nitrite,2004-12-26T00:00,0.841,µg/m³,NA,N/A
100119,BURNABY SOUTH,Nitrite,2004-12-29T00:00,2.518,µg/m³,NA,N/A
