﻿NAPS_Site_ID,Station_Name,Pollutant,Date,Value,Units,Report_Type,Method
50129,MONTRÉAL-RIVIÈRE-DES-PRAIRIES,Naphthalene,2016-12-31T19:00,0.018,µg/m³,VOC,GC-MS
50129,MONTRÉAL-RIVIÈRE-DES-PRAIRIES,Naphthalene,2017-01-06T19:00,0.072,µg/m³,VOC,GC-MS
50129,MONTRÉAL-RIVIÈRE-DES-PRAIRIES,Naphthalene,2017-01-12T19:00,0.008,µg/m³,VOC,GC-MS
50129,MONTRÉAL-RIVIÈRE-DES-PRAIRIES,Naphthalene,2017-01-18T19:00,0.047,µg/m³,VOC,GC-MS
50129,MONTRÉAL-RIVIÈRE-DES-PRAIRIES,Naphthalene,2017-01-24T19:00,0.024,µg/m³,VOC,GC-MS
50129,MONTRÉAL-RIVIÈRE-DES-PRAIRIES,Naphthalene,2017-01-30T19:00,0.019,µg/m³,VOC,GC-MS
50129,MONTRÉAL-RIVIÈRE-DES-PRAIRIES,Naphthalene,2017-02-05T19:00,0.005,µg/m³,VOC,GC-MS
50129,MONTRÉAL-RIVIÈRE-DES-PRAIRIES,Naphthalene,2017-02-11T19:00,0.006,µg/m³,VOC,GC-MS
50129,MONTRÉAL-RIVIÈRE-DES-PRAIRIES,Naphthalene,2017-02-17T19:00,0.028,µg/m³,VOC,GC-MS
50129,MONTRÉAL-RIVIÈRE-DES-PRAIRIES,Naphthalene,2017-02-23T19:00,0.023,µg/m³,VOC,GC-MS
50129,MONTRÉAL-RIVIÈRE-DES-PRAIRIES,Naphthalene,2017-03-01T19:00,0.006,µg/m³,VOC,GC-MS
50129,MONTRÉAL-RIVIÈRE-DES-PRAIRIES,Naphthalene,2017-03-08T19:00,0.006,µg/m³,VOC,GC-MS
50129,MONTRÉAL-RIVIÈRE-DES-PRAIRIES,Naphthalene,2017-03-13T20:00,0.003,µg/m³,VOC,GC-MS
50129,MONTRÉAL-RIVIÈRE-DES-PRAIRIES,Naphthalene,2017-03-19T20:00,0.026,µg/m³,VOC,GC-MS
50129,MONTRÉAL-RIVIÈRE-DES-PRAIRIES,Naphthalene,2017-03-25T20:00,0.012,µg/m³,VOC,GC-MS
50129,MONTRÉAL-RIVIÈRE-DES-PRAIRIES,Naphthalene,2017-03-31T20:00,0.022,µg/m³,VOC,GC-MS
50129,MONTRÉAL-RIVIÈRE-DES-PRAIRIES,Naphthalene,2017-04-06T20:00,0.021,µg/m³,VOC,GC-MS
50129,MONTRÉAL-RIVIÈRE-DES-PRAIRIES,Naphthalene,2017-04-12T20:00,0.007,µg/m³,VOC,GC-MS
50129,MONTRÉAL-RIVIÈRE-DES-PRAIRIES,Naphthalene,2017-04-18T20:00,0.022,µg/m³,VOC,GC-MS
50129,MONTRÉAL-RIVIÈRE-DES-PRAIRIES,Naphthalene,2017-04-24T20:00,0.019,µg/m³,VOC,GC-MS
50129,MONTRÉAL-RIVIÈRE-DES-PRAIRIES,Naphthalene,2017-04-30T20:00,0.024,µg/m³,VOC,GC-MS
50129,MONTRÉAL-RIVIÈRE-DES-PRAIRIES,Naphthalene,2017-05-06T20:00,0.018,µg/m³,VOC,GC-MS
50129,MONTRÉAL-RIVIÈRE-DES-PRAIRIES,Naphthalene,2017-05-12T20:00,0.048,µg/m³,VOC,GC-MS
50129,MONTRÉAL-RIVIÈRE-DES-PRAIRIES,Naphthalene,2017-05-18T20:00,0.014,µg/m³,VOC,GC-MS
50129,MONTRÉAL-RIVIÈRE-DES-PRAIRIES,Naphthalene,2017-05-24T20:00,0.041,µg/m³,VOC,GC-MS
50129,MONTRÉAL-RIVIÈRE-DES-PRAIRIES,Naphthalene,2017-05-30T20:00,0.052,µg/m³,VOC,GC-MS
50129,MONTRÉAL-RIVIÈRE-DES-PRAIRIES,Naphthalene,2017-06-05T20:00,0.021,µg/m³,VOC,GC-MS
50129,MONTRÉAL-RIVIÈRE-DES-PRAIRIES,Naphthalene,2017-06-11T20:00,0.036,µg/m³,VOC,GC-MS
50129,MONTRÉAL-RIVIÈRE-DES-PRAIRIES,Naphthalene,2017-06-17T20:00,0.064,µg/m³,VOC,GC-MS
50129,MONTRÉAL-RIVIÈRE-DES-PRAIRIES,Naphthalene,2017-06-29T20:00,0.110,µg/m³,VOC,GC-MS
50129,MONTRÉAL-RIVIÈRE-DES-PRAIRIES,Naphthalene,2017-07-05T20:00,0.074,µg/m³,VOC,GC-MS
50129,MONTRÉAL-RIVIÈRE-DES-PRAIRIES,Naphthalene,2017-07-17T20:00,0.053,µg/m³,VOC,GC-MS
50129,MONTRÉAL-RIVIÈRE-DES-PRAIRIES,Naphthalene,2017-07-23T20:00,0.027,µg/m³,VOC,GC-MS
50129,MONTRÉAL-RIVIÈRE-DES-PRAIRIES,Naphthalene,2017-07-29T20:00,0.040,µg/m³,VOC,GC-MS
50129,MONTRÉAL-RIVIÈRE-DES-PRAIRIES,Naphthalene,2017-08-04T20:00,0.026,µg/m³,VOC,GC-MS
50129,MONTRÉAL-RIVIÈRE-DES-PRAIRIES,Naphthalene,2017-08-10T20:00,0.069,µg/m³,VOC,GC-MS
50129,MONTRÉAL-RIVIÈRE-DES-PRAIRIES,Naphthalene,2017-08-16T20:00,0.038,µg/m³,VOC,GC-MS
50129,MONTRÉAL-RIVIÈRE-DES-PRAIRIES,Naphthalene,2017-08-22T20:00,0.018,µg/m³,VOC,GC-MS
50129,MONTRÉAL-RIVIÈRE-DES-PRAIRIES,Naphthalene,2017-09-15T20:00,0.105,µg/m³,VOC,GC-MS
50129,MONTRÉAL-RIVIÈRE-DES-PRAIRIES,Naphthalene,2017-09-21T20:00,0.049,µg/m³,VOC,GC-MS
50129,MONTRÉAL-RIVIÈRE-DES-PRAIRIES,Naphthalene,2017-10-03T20:00,0.048,µg/m³,VOC,GC-MS
50129,MONTRÉAL-RIVIÈRE-DES-PRAIRIES,Naphthalene,2017-10-09T20:00,0.032,µg/m³,VOC,GC-MS
50129,MONTRÉAL-RIVIÈRE-DES-PRAIRIES,Naphthalene,2017-10-15T20:00,0.021,µg/m³,VOC,GC-MS
50129,MONTRÉAL-RIVIÈRE-DES-PRAIRIES,Naphthalene,2017-10-21T20:00,0.068,µg/m³,VOC,GC-MS
50129,MONTRÉAL-RIVIÈRE-DES-PRAIRIES,Naphthalene,2017-10-27T20:00,0.051,µg/m³,VOC,GC-MS
50129,MONTRÉAL-RIVIÈRE-DES-PRAIRIES,Naphthalene,2017-11-02T20:00,0.024,µg/m³,VOC,GC-MS
50129,MONTRÉAL-RIVIÈRE-DES-PRAIRIES,Naphthalene,2017-11-08T19:00,0.049,µg/m³,VOC,GC-MS
50129,MONTRÉAL-RIVIÈRE-DES-PRAIRIES,Naphthalene,2017-11-14T19:00,0.073,µg/m³,VOC,GC-MS
50129,MONTRÉAL-RIVIÈRE-DES-PRAIRIES,Naphthalene,2017-11-20T19:00,0.088,µg/m³,VOC,GC-MS
50129,MONTRÉAL-RIVIÈRE-DES-PRAIRIES,Naphthalene,2017-11-26T19:00,0.016,µg/m³,VOC,GC-MS
50129,MONTRÉAL-RIVIÈRE-DES-PRAIRIES,Naphthalene,2017-12-02T19:00,0.009,µg/m³,VOC,GC-MS
50129,MONTRÉAL-RIVIÈRE-DES-PRAIRIES,Naphthalene,2017-12-08T19:00,0.003,µg/m³,VOC,GC-MS
50129,MONTRÉAL-RIVIÈRE-DES-PRAIRIES,Naphthalene,2017-12-14T19:00,0.029,µg/m³,VOC,GC-MS
50129,MONTRÉAL-RIVIÈRE-DES-PRAIRIES,Naphthalene,2017-12-20T19:00,0.026,µg/m³,VOC,GC-MS
50129,MONTRÉAL-RIVIÈRE-DES-PRAIRIES,Naphthalene,2017-12-26T19:00,0.006,µg/m³,VOC,GC-MS
