﻿NAPS_Site_ID,Station_Name,Pollutant,Date,Value,Units,Report_Type,Method
60403,EVANS & ARNOLD,4-Ethyltoluene,1997-01-04T00:00,0.580,µg/m³,VOC,GC-MS
60403,EVANS & ARNOLD,4-Ethyltoluene,1997-01-16T00:00,0.160,µg/m³,VOC,GC-MS
60403,EVANS & ARNOLD,4-Ethyltoluene,1997-01-22T00:00,0.580,µg/m³,VOC,GC-MS
60403,EVANS & ARNOLD,4-Ethyltoluene,1997-01-28T00:00,0.300,µg/m³,VOC,GC-MS
60403,EVANS & ARNOLD,4-Ethyltoluene,1997-02-03T00:00,0.580,µg/m³,VOC,GC-MS
60403,EVANS & ARNOLD,4-Ethyltoluene,1997-02-09T00:00,0.360,µg/m³,VOC,GC-MS
60403,EVANS & ARNOLD,4-Ethyltoluene,1997-02-15T00:00,0.280,µg/m³,VOC,GC-MS
60403,EVANS & ARNOLD,4-Ethyltoluene,1997-02-21T00:00,0.680,µg/m³,VOC,GC-MS
60403,EVANS & ARNOLD,4-Ethyltoluene,1997-02-27T00:00,0.440,µg/m³,VOC,GC-MS
60403,EVANS & ARNOLD,4-Ethyltoluene,1997-03-05T00:00,0.500,µg/m³,VOC,GC-MS
60403,EVANS & ARNOLD,4-Ethyltoluene,1997-03-11T00:00,0.280,µg/m³,VOC,GC-MS
60403,EVANS & ARNOLD,4-Ethyltoluene,1997-03-17T00:00,0.160,µg/m³,VOC,GC-MS
60403,EVANS & ARNOLD,4-Ethyltoluene,1997-03-23T00:00,0.260,µg/m³,VOC,GC-MS
60403,EVANS & ARNOLD,4-Ethyltoluene,1997-03-29T00:00,0.620,µg/m³,VOC,GC-MS
60403,EVANS & ARNOLD,4-Ethyltoluene,1997-04-10T00:00,0.600,µg/m³,VOC,GC-MS
60403,EVANS & ARNOLD,4-Ethyltoluene,1997-04-16T00:00,0.240,µg/m³,VOC,GC-MS
60403,EVANS & ARNOLD,4-Ethyltoluene,1997-04-22T00:00,0.360,µg/m³,VOC,GC-MS
60403,EVANS & ARNOLD,4-Ethyltoluene,1997-04-28T00:00,0.100,µg/m³,VOC,GC-MS
60403,EVANS & ARNOLD,4-Ethyltoluene,1997-05-04T00:00,0.140,µg/m³,VOC,GC-MS
60403,EVANS & ARNOLD,4-Ethyltoluene,1997-05-10T00:00,0.100,µg/m³,VOC,GC-MS
60403,EVANS & ARNOLD,4-Ethyltoluene,1997-05-16T00:00,0.271,µg/m³,VOC,GC-MS
60403,EVANS & ARNOLD,4-Ethyltoluene,1997-05-22T00:00,0.140,µg/m³,VOC,GC-MS
60403,EVANS & ARNOLD,4-Ethyltoluene,1997-05-28T00:00,1.132,µg/m³,VOC,GC-MS
60403,EVANS & ARNOLD,4-Ethyltoluene,1997-06-09T00:00,0.326,µg/m³,VOC,GC-MS
60403,EVANS & ARNOLD,4-Ethyltoluene,1997-06-15T00:00,0.200,µg/m³,VOC,GC-MS
60403,EVANS & ARNOLD,4-Ethyltoluene,1997-06-21T00:00,0.590,µg/m³,VOC,GC-MS
60403,EVANS & ARNOLD,4-Ethyltoluene,1997-06-27T00:00,0.258,µg/m³,VOC,GC-MS
60403,EVANS & ARNOLD,4-Ethyltoluene,1997-07-03T00:00,0.125,µg/m³,VOC,GC-MS
60403,EVANS & ARNOLD,4-Ethyltoluene,1997-07-09T00:00,0.261,µg/m³,VOC,GC-MS
60403,EVANS & ARNOLD,4-Ethyltoluene,1997-07-15T00:00,0.333,µg/m³,VOC,GC-MS
60403,EVANS & ARNOLD,4-Ethyltoluene,1997-07-21T00:00,0.096,µg/m³,VOC,GC-MS
60403,EVANS & ARNOLD,4-Ethyltoluene,1997-07-27T00:00,0.198,µg/m³,VOC,GC-MS
60403,EVANS & ARNOLD,4-Ethyltoluene,1997-08-08T00:00,1.260,µg/m³,VOC,GC-MS
60403,EVANS & ARNOLD,4-Ethyltoluene,1997-08-14T00:00,0.477,µg/m³,VOC,GC-MS
60403,EVANS & ARNOLD,4-Ethyltoluene,1997-08-20T00:00,0.427,µg/m³,VOC,GC-MS
60403,EVANS & ARNOLD,4-Ethyltoluene,1997-08-26T00:00,1.174,µg/m³,VOC,GC-MS
60403,EVANS & ARNOLD,4-Ethyltoluene,1997-09-01T00:00,0.814,µg/m³,VOC,GC-MS
60403,EVANS & ARNOLD,4-Ethyltoluene,1997-09-07T00:00,0.322,µg/m³,VOC,GC-MS
60403,EVANS & ARNOLD,4-Ethyltoluene,1997-09-19T00:00,0.517,µg/m³,VOC,GC-MS
60403,EVANS & ARNOLD,4-Ethyltoluene,1997-09-25T00:00,0.102,µg/m³,VOC,GC-MS
60403,EVANS & ARNOLD,4-Ethyltoluene,1997-10-01T00:00,0.085,µg/m³,VOC,GC-MS
60403,EVANS & ARNOLD,4-Ethyltoluene,1997-10-07T00:00,2.549,µg/m³,VOC,GC-MS
60403,EVANS & ARNOLD,4-Ethyltoluene,1997-10-13T00:00,0.448,µg/m³,VOC,GC-MS
60403,EVANS & ARNOLD,4-Ethyltoluene,1997-10-19T00:00,1.923,µg/m³,VOC,GC-MS
60403,EVANS & ARNOLD,4-Ethyltoluene,1997-10-25T00:00,0.219,µg/m³,VOC,GC-MS
60403,EVANS & ARNOLD,4-Ethyltoluene,1997-10-31T00:00,0.344,µg/m³,VOC,GC-MS
60403,EVANS & ARNOLD,4-Ethyltoluene,1997-11-06T00:00,0.386,µg/m³,VOC,GC-MS
60403,EVANS & ARNOLD,4-Ethyltoluene,1997-11-12T00:00,0.258,µg/m³,VOC,GC-MS
60403,EVANS & ARNOLD,4-Ethyltoluene,1997-11-18T00:00,0.225,µg/m³,VOC,GC-MS
60403,EVANS & ARNOLD,4-Ethyltoluene,1997-11-24T00:00,0.082,µg/m³,VOC,GC-MS
60403,EVANS & ARNOLD,4-Ethyltoluene,1997-11-30T00:00,0.443,µg/m³,VOC,GC-MS
60403,EVANS & ARNOLD,4-Ethyltoluene,1997-12-06T00:00,0.116,µg/m³,VOC,GC-MS
60403,EVANS & ARNOLD,4-Ethyltoluene,1997-12-12T00:00,0.300,µg/m³,VOC,GC-MS
60403,EVANS & ARNOLD,4-Ethyltoluene,1997-12-18T00:00,0.500,µg/m³,VOC,GC-MS
60403,EVANS & ARNOLD,4-Ethyltoluene,1997-12-24T00:00,0.260,µg/m³,VOC,GC-MS
60403,EVANS & ARNOLD,4-Ethyltoluene,1997-12-30T00:00,0.140,µg/m³,VOC,GC-MS
