﻿NAPS_Site_ID,Station_Name,Pollutant,Date,Value,Units,Report_Type,Method
60101,HYDRO BLDG.,1-Pentene,2004-01-04T00:00,0.042,µg/m³,VOC,
60101,HYDRO BLDG.,1-Pentene,2004-01-10T00:00,0.040,µg/m³,VOC,
60101,HYDRO BLDG.,1-Pentene,2004-01-16T00:00,0.058,µg/m³,VOC,
60101,HYDRO BLDG.,1-Pentene,2004-01-22T00:00,0.090,µg/m³,VOC,
60101,HYDRO BLDG.,1-Pentene,2004-01-28T00:00,0.098,µg/m³,VOC,
60101,HYDRO BLDG.,1-Pentene,2004-02-03T00:00,0.119,µg/m³,VOC,
60101,HYDRO BLDG.,1-Pentene,2004-03-10T00:00,0.171,µg/m³,VOC,
60101,HYDRO BLDG.,1-Pentene,2004-03-16T00:00,0.048,µg/m³,VOC,
60101,HYDRO BLDG.,1-Pentene,2004-03-22T00:00,0.067,µg/m³,VOC,
60101,HYDRO BLDG.,1-Pentene,2004-03-28T00:00,0.046,µg/m³,VOC,
60101,HYDRO BLDG.,1-Pentene,2004-04-03T00:00,0.070,µg/m³,VOC,
60101,HYDRO BLDG.,1-Pentene,2004-04-09T00:00,0.032,µg/m³,VOC,
60101,HYDRO BLDG.,1-Pentene,2004-04-15T00:00,0.050,µg/m³,VOC,
60101,HYDRO BLDG.,1-Pentene,2004-04-21T00:00,0.112,µg/m³,VOC,
60101,HYDRO BLDG.,1-Pentene,2004-04-27T00:00,0.085,µg/m³,VOC,
60101,HYDRO BLDG.,1-Pentene,2004-05-03T00:00,0.051,µg/m³,VOC,
60101,HYDRO BLDG.,1-Pentene,2004-05-09T00:00,0.102,µg/m³,VOC,
60101,HYDRO BLDG.,1-Pentene,2004-05-15T00:00,0.047,µg/m³,VOC,
60101,HYDRO BLDG.,1-Pentene,2004-05-21T00:00,0.053,µg/m³,VOC,
60101,HYDRO BLDG.,1-Pentene,2004-05-27T00:00,0.092,µg/m³,VOC,
60101,HYDRO BLDG.,1-Pentene,2004-06-02T00:00,0.066,µg/m³,VOC,
60101,HYDRO BLDG.,1-Pentene,2004-06-08T00:00,0.102,µg/m³,VOC,
60101,HYDRO BLDG.,1-Pentene,2004-06-14T00:00,0.098,µg/m³,VOC,
60101,HYDRO BLDG.,1-Pentene,2004-06-20T00:00,0.030,µg/m³,VOC,
60101,HYDRO BLDG.,1-Pentene,2004-06-26T00:00,0.064,µg/m³,VOC,
60101,HYDRO BLDG.,1-Pentene,2004-07-02T00:00,0.059,µg/m³,VOC,
60101,HYDRO BLDG.,1-Pentene,2004-07-08T00:00,0.134,µg/m³,VOC,
60101,HYDRO BLDG.,1-Pentene,2004-07-14T00:00,0.095,µg/m³,VOC,
60101,HYDRO BLDG.,1-Pentene,2004-07-20T00:00,0.072,µg/m³,VOC,
60101,HYDRO BLDG.,1-Pentene,2004-07-26T00:00,0.141,µg/m³,VOC,
60101,HYDRO BLDG.,1-Pentene,2004-08-01T00:00,0.059,µg/m³,VOC,
60101,HYDRO BLDG.,1-Pentene,2004-08-07T00:00,0.043,µg/m³,VOC,
60101,HYDRO BLDG.,1-Pentene,2004-08-13T00:00,0.047,µg/m³,VOC,
60101,HYDRO BLDG.,1-Pentene,2004-08-19T00:00,0.070,µg/m³,VOC,
60101,HYDRO BLDG.,1-Pentene,2004-08-25T00:00,0.091,µg/m³,VOC,
60101,HYDRO BLDG.,1-Pentene,2004-08-31T00:00,0.069,µg/m³,VOC,
60101,HYDRO BLDG.,1-Pentene,2004-09-24T00:00,0.211,µg/m³,VOC,
60101,HYDRO BLDG.,1-Pentene,2004-09-30T00:00,0.254,µg/m³,VOC,
60101,HYDRO BLDG.,1-Pentene,2004-10-06T00:00,0.198,µg/m³,VOC,
60101,HYDRO BLDG.,1-Pentene,2004-10-12T00:00,0.079,µg/m³,VOC,
60101,HYDRO BLDG.,1-Pentene,2004-10-18T00:00,0.070,µg/m³,VOC,
60101,HYDRO BLDG.,1-Pentene,2004-10-24T00:00,0.060,µg/m³,VOC,
60101,HYDRO BLDG.,1-Pentene,2004-10-30T00:00,0.125,µg/m³,VOC,
60101,HYDRO BLDG.,1-Pentene,2004-11-11T00:00,0.051,µg/m³,VOC,
60101,HYDRO BLDG.,1-Pentene,2004-11-17T00:00,0.125,µg/m³,VOC,
60101,HYDRO BLDG.,1-Pentene,2004-11-23T00:00,0.160,µg/m³,VOC,
60101,HYDRO BLDG.,1-Pentene,2004-11-23T00:00,0.167,µg/m³,VOC,
60101,HYDRO BLDG.,1-Pentene,2004-11-29T00:00,0.081,µg/m³,VOC,
60101,HYDRO BLDG.,1-Pentene,2004-12-05T00:00,0.028,µg/m³,VOC,
60101,HYDRO BLDG.,1-Pentene,2004-12-11T00:00,0.034,µg/m³,VOC,
60101,HYDRO BLDG.,1-Pentene,2004-12-17T00:00,0.055,µg/m³,VOC,
60101,HYDRO BLDG.,1-Pentene,2004-12-23T00:00,0.086,µg/m³,VOC,
