﻿NAPS_Site_ID,Station_Name,Pollutant,Date,Value,Units,Report_Type,Method
100127,SURREY EAST,Cyclopentane,2003-01-03T00:00,0.051,µg/m³,VOC,GC-MS
100127,SURREY EAST,Cyclopentane,2003-01-27T00:00,0.061,µg/m³,VOC,GC-MS
100127,SURREY EAST,Cyclopentane,2003-02-20T00:00,0.042,µg/m³,VOC,GC-MS
100127,SURREY EAST,Cyclopentane,2003-03-22T00:00,0.019,µg/m³,VOC,GC-MS
100127,SURREY EAST,Cyclopentane,2003-04-09T00:00,0.058,µg/m³,VOC,GC-MS
100127,SURREY EAST,Cyclopentane,2003-04-27T00:00,0.066,µg/m³,VOC,GC-MS
100127,SURREY EAST,Cyclopentane,2003-05-15T00:00,0.059,µg/m³,VOC,GC-MS
100127,SURREY EAST,Cyclopentane,2003-06-02T00:00,0.050,µg/m³,VOC,GC-MS
100127,SURREY EAST,Cyclopentane,2003-06-26T00:00,0.101,µg/m³,VOC,GC-MS
100127,SURREY EAST,Cyclopentane,2003-07-20T00:00,0.089,µg/m³,VOC,GC-MS
100127,SURREY EAST,Cyclopentane,2003-08-13T00:00,0.074,µg/m³,VOC,GC-MS
100127,SURREY EAST,Cyclopentane,2003-09-18T00:00,0.080,µg/m³,VOC,GC-MS
100127,SURREY EAST,Cyclopentane,2003-09-30T00:00,0.183,µg/m³,VOC,GC-MS
100127,SURREY EAST,Cyclopentane,2003-10-12T00:00,0.054,µg/m³,VOC,GC-MS
100127,SURREY EAST,Cyclopentane,2003-10-30T00:00,0.016,µg/m³,VOC,GC-MS
100127,SURREY EAST,Cyclopentane,2003-11-17T00:00,0.043,µg/m³,VOC,GC-MS
100127,SURREY EAST,Cyclopentane,2003-12-05T00:00,0.048,µg/m³,VOC,GC-MS
100127,SURREY EAST,Cyclopentane,2003-12-23T00:00,0.068,µg/m³,VOC,GC-MS
