﻿NAPS_Site_ID,Station_Name,Pollutant,Date,Value,Units,Report_Type,Method
40203,FOREST HILLS,Propane,2010-01-02T00:00,1.451,µg/m³,VOC,
40203,FOREST HILLS,Propane,2010-01-08T00:00,1.876,µg/m³,VOC,
40203,FOREST HILLS,Propane,2010-02-08T00:00,2.165,µg/m³,VOC,
40203,FOREST HILLS,Propane,2010-02-13T00:00,1.925,µg/m³,VOC,
40203,FOREST HILLS,Propane,2010-02-19T00:00,1.693,µg/m³,VOC,
40203,FOREST HILLS,Propane,2010-02-25T00:00,1.273,µg/m³,VOC,
40203,FOREST HILLS,Propane,2010-03-03T00:00,1.418,µg/m³,VOC,
40203,FOREST HILLS,Propane,2010-03-09T00:00,2.389,µg/m³,VOC,
40203,FOREST HILLS,Propane,2010-03-15T00:00,1.790,µg/m³,VOC,
40203,FOREST HILLS,Propane,2010-03-21T00:00,2.073,µg/m³,VOC,
40203,FOREST HILLS,Propane,2010-03-27T00:00,1.622,µg/m³,VOC,
40203,FOREST HILLS,Propane,2010-04-02T00:00,5.810,µg/m³,VOC,
40203,FOREST HILLS,Propane,2010-04-08T00:00,1.478,µg/m³,VOC,
40203,FOREST HILLS,Propane,2010-04-14T00:00,5.533,µg/m³,VOC,
40203,FOREST HILLS,Propane,2010-04-20T00:00,0.690,µg/m³,VOC,
40203,FOREST HILLS,Propane,2010-04-26T00:00,4.948,µg/m³,VOC,
40203,FOREST HILLS,Propane,2010-05-02T00:00,5.159,µg/m³,VOC,
40203,FOREST HILLS,Propane,2010-05-08T00:00,1.530,µg/m³,VOC,
40203,FOREST HILLS,Propane,2010-05-14T00:00,7.215,µg/m³,VOC,
40203,FOREST HILLS,Propane,2010-05-20T00:00,7.883,µg/m³,VOC,
40203,FOREST HILLS,Propane,2010-05-26T00:00,4.855,µg/m³,VOC,
40203,FOREST HILLS,Propane,2010-06-01T00:00,3.832,µg/m³,VOC,
40203,FOREST HILLS,Propane,2010-06-19T00:00,4.131,µg/m³,VOC,
40203,FOREST HILLS,Propane,2010-06-25T00:00,7.411,µg/m³,VOC,
40203,FOREST HILLS,Propane,2010-07-01T00:00,6.822,µg/m³,VOC,
40203,FOREST HILLS,Propane,2010-07-07T00:00,12.613,µg/m³,VOC,
40203,FOREST HILLS,Propane,2010-07-07T00:00,12.989,µg/m³,VOC,
40203,FOREST HILLS,Propane,2010-07-07T00:00,12.989,µg/m³,VOC,
40203,FOREST HILLS,Propane,2010-07-13T00:00,16.562,µg/m³,VOC,
40203,FOREST HILLS,Propane,2010-07-13T00:00,16.897,µg/m³,VOC,
40203,FOREST HILLS,Propane,2010-07-19T00:00,16.010,µg/m³,VOC,
40203,FOREST HILLS,Propane,2010-07-25T00:00,11.398,µg/m³,VOC,
40203,FOREST HILLS,Propane,2010-07-31T00:00,4.696,µg/m³,VOC,
40203,FOREST HILLS,Propane,2010-08-06T00:00,31.175,µg/m³,VOC,
40203,FOREST HILLS,Propane,2010-08-12T00:00,7.153,µg/m³,VOC,
40203,FOREST HILLS,Propane,2010-08-18T00:00,9.921,µg/m³,VOC,
40203,FOREST HILLS,Propane,2010-10-11T00:00,1.601,µg/m³,VOC,
40203,FOREST HILLS,Propane,2010-11-10T00:00,0.814,µg/m³,VOC,
40203,FOREST HILLS,Propane,2010-11-16T00:00,1.130,µg/m³,VOC,
40203,FOREST HILLS,Propane,2010-11-22T00:00,2.466,µg/m³,VOC,
40203,FOREST HILLS,Propane,2010-11-28T00:00,2.539,µg/m³,VOC,
40203,FOREST HILLS,Propane,2010-12-04T00:00,1.818,µg/m³,VOC,
40203,FOREST HILLS,Propane,2010-12-10T00:00,1.924,µg/m³,VOC,
40203,FOREST HILLS,Propane,2010-12-16T00:00,1.825,µg/m³,VOC,
40203,FOREST HILLS,Propane,2010-12-22T00:00,0.980,µg/m³,VOC,
40203,FOREST HILLS,Propane,2010-12-28T00:00,0.937,µg/m³,VOC,
