﻿NAPS_Site_ID,Station_Name,Pollutant,Date,Value,Units,Report_Type,Method
60427,GAGE INSTITUTE,Nitrate,2006-01-02T00:00,0.673,µg/m³,IC,
60427,GAGE INSTITUTE,Nitrate,2006-01-02T00:00,5.986,µg/m³,IC,
60427,GAGE INSTITUTE,Nitrate,2006-01-04T00:00,0.616,µg/m³,IC,
60427,GAGE INSTITUTE,Nitrate,2006-01-04T00:00,4.748,µg/m³,IC,
60427,GAGE INSTITUTE,Nitrate,2006-02-07T00:00,0.150,µg/m³,IC,
60427,GAGE INSTITUTE,Nitrate,2006-02-07T00:00,0.161,µg/m³,IC,
60427,GAGE INSTITUTE,Nitrate,2006-02-10T00:00,0.312,µg/m³,IC,
60427,GAGE INSTITUTE,Nitrate,2006-02-10T00:00,2.895,µg/m³,IC,
60427,GAGE INSTITUTE,Nitrate,2006-02-13T00:00,0.311,µg/m³,IC,
60427,GAGE INSTITUTE,Nitrate,2006-02-13T00:00,2.313,µg/m³,IC,
60427,GAGE INSTITUTE,Nitrate,2006-02-16T00:00,0.220,µg/m³,IC,
60427,GAGE INSTITUTE,Nitrate,2006-02-16T00:00,2.397,µg/m³,IC,
60427,GAGE INSTITUTE,Nitrate,2006-02-19T00:00,0.194,µg/m³,IC,
60427,GAGE INSTITUTE,Nitrate,2006-02-19T00:00,1.907,µg/m³,IC,
60427,GAGE INSTITUTE,Nitrate,2006-02-22T00:00,1.067,µg/m³,IC,
60427,GAGE INSTITUTE,Nitrate,2006-02-22T00:00,7.616,µg/m³,IC,
60427,GAGE INSTITUTE,Nitrate,2006-02-25T00:00,0.467,µg/m³,IC,
60427,GAGE INSTITUTE,Nitrate,2006-02-25T00:00,1.673,µg/m³,IC,
60427,GAGE INSTITUTE,Nitrate,2006-02-28T00:00,0.252,µg/m³,IC,
60427,GAGE INSTITUTE,Nitrate,2006-02-28T00:00,0.511,µg/m³,IC,
60427,GAGE INSTITUTE,Nitrate,2006-03-03T00:00,0.059,µg/m³,IC,
60427,GAGE INSTITUTE,Nitrate,2006-03-03T00:00,0.369,µg/m³,IC,
60427,GAGE INSTITUTE,Nitrate,2006-03-06T00:00,0.346,µg/m³,IC,
60427,GAGE INSTITUTE,Nitrate,2006-03-06T00:00,0.500,µg/m³,IC,
60427,GAGE INSTITUTE,Nitrate,2006-03-09T00:00,0.810,µg/m³,IC,
60427,GAGE INSTITUTE,Nitrate,2006-03-09T00:00,5.995,µg/m³,IC,
60427,GAGE INSTITUTE,Nitrate,2006-03-12T00:00,1.563,µg/m³,IC,
60427,GAGE INSTITUTE,Nitrate,2006-03-12T00:00,2.232,µg/m³,IC,
60427,GAGE INSTITUTE,Nitrate,2006-03-15T00:00,0.072,µg/m³,IC,
60427,GAGE INSTITUTE,Nitrate,2006-03-15T00:00,0.080,µg/m³,IC,
60427,GAGE INSTITUTE,Nitrate,2006-03-18T00:00,0.203,µg/m³,IC,
60427,GAGE INSTITUTE,Nitrate,2006-03-18T00:00,0.207,µg/m³,IC,
60427,GAGE INSTITUTE,Nitrate,2006-03-21T00:00,0.129,µg/m³,IC,
60427,GAGE INSTITUTE,Nitrate,2006-03-21T00:00,0.376,µg/m³,IC,
60427,GAGE INSTITUTE,Nitrate,2006-03-24T00:00,0.830,µg/m³,IC,
60427,GAGE INSTITUTE,Nitrate,2006-03-24T00:00,2.161,µg/m³,IC,
60427,GAGE INSTITUTE,Nitrate,2006-03-27T00:00,0.274,µg/m³,IC,
60427,GAGE INSTITUTE,Nitrate,2006-03-27T00:00,0.748,µg/m³,IC,
60427,GAGE INSTITUTE,Nitrate,2006-03-30T00:00,3.054,µg/m³,IC,
60427,GAGE INSTITUTE,Nitrate,2006-03-30T00:00,9.838,µg/m³,IC,
60427,GAGE INSTITUTE,Nitrate,2006-04-02T00:00,0.097,µg/m³,IC,
60427,GAGE INSTITUTE,Nitrate,2006-04-02T00:00,0.388,µg/m³,IC,
60427,GAGE INSTITUTE,Nitrate,2006-04-05T00:00,0.101,µg/m³,IC,
60427,GAGE INSTITUTE,Nitrate,2006-04-05T00:00,0.263,µg/m³,IC,
60427,GAGE INSTITUTE,Nitrate,2006-04-08T00:00,0.125,µg/m³,IC,
60427,GAGE INSTITUTE,Nitrate,2006-04-08T00:00,0.186,µg/m³,IC,
60427,GAGE INSTITUTE,Nitrate,2006-04-11T00:00,2.172,µg/m³,IC,
60427,GAGE INSTITUTE,Nitrate,2006-04-11T00:00,3.455,µg/m³,IC,
60427,GAGE INSTITUTE,Nitrate,2006-04-14T00:00,1.187,µg/m³,IC,
60427,GAGE INSTITUTE,Nitrate,2006-04-14T00:00,7.737,µg/m³,IC,
60427,GAGE INSTITUTE,Nitrate,2006-04-17T00:00,0.054,µg/m³,IC,
60427,GAGE INSTITUTE,Nitrate,2006-04-17T00:00,0.252,µg/m³,IC,
60427,GAGE INSTITUTE,Nitrate,2006-04-20T00:00,0.063,µg/m³,IC,
60427,GAGE INSTITUTE,Nitrate,2006-04-20T00:00,0.175,µg/m³,IC,
60427,GAGE INSTITUTE,Nitrate,2006-04-23T00:00,0.448,µg/m³,IC,
60427,GAGE INSTITUTE,Nitrate,2006-04-23T00:00,0.719,µg/m³,IC,
60427,GAGE INSTITUTE,Nitrate,2006-04-26T00:00,0.784,µg/m³,IC,
60427,GAGE INSTITUTE,Nitrate,2006-04-26T00:00,1.290,µg/m³,IC,
60427,GAGE INSTITUTE,Nitrate,2006-04-29T00:00,0.090,µg/m³,IC,
60427,GAGE INSTITUTE,Nitrate,2006-04-29T00:00,0.810,µg/m³,IC,
60427,GAGE INSTITUTE,Nitrate,2006-05-02T00:00,0.106,µg/m³,IC,
60427,GAGE INSTITUTE,Nitrate,2006-05-02T00:00,0.192,µg/m³,IC,
60427,GAGE INSTITUTE,Nitrate,2006-05-05T00:00,0.099,µg/m³,IC,
60427,GAGE INSTITUTE,Nitrate,2006-05-05T00:00,0.582,µg/m³,IC,
60427,GAGE INSTITUTE,Nitrate,2006-05-08T00:00,0.326,µg/m³,IC,
60427,GAGE INSTITUTE,Nitrate,2006-05-08T00:00,1.965,µg/m³,IC,
60427,GAGE INSTITUTE,Nitrate,2006-05-11T00:00,0.618,µg/m³,IC,
60427,GAGE INSTITUTE,Nitrate,2006-05-11T00:00,0.897,µg/m³,IC,
60427,GAGE INSTITUTE,Nitrate,2006-05-14T00:00,0.057,µg/m³,IC,
60427,GAGE INSTITUTE,Nitrate,2006-05-14T00:00,0.104,µg/m³,IC,
60427,GAGE INSTITUTE,Nitrate,2006-05-17T00:00,0.120,µg/m³,IC,
60427,GAGE INSTITUTE,Nitrate,2006-05-17T00:00,1.107,µg/m³,IC,
60427,GAGE INSTITUTE,Nitrate,2006-05-20T00:00,0.078,µg/m³,IC,
60427,GAGE INSTITUTE,Nitrate,2006-05-20T00:00,0.080,µg/m³,IC,
60427,GAGE INSTITUTE,Nitrate,2006-05-23T00:00,0.094,µg/m³,IC,
60427,GAGE INSTITUTE,Nitrate,2006-05-23T00:00,0.121,µg/m³,IC,
60427,GAGE INSTITUTE,Nitrate,2006-05-26T00:00,2.829,µg/m³,IC,
60427,GAGE INSTITUTE,Nitrate,2006-05-26T00:00,3.454,µg/m³,IC,
60427,GAGE INSTITUTE,Nitrate,2006-05-29T00:00,0.167,µg/m³,IC,
60427,GAGE INSTITUTE,Nitrate,2006-05-29T00:00,3.389,µg/m³,IC,
60427,GAGE INSTITUTE,Nitrate,2006-06-01T00:00,0.357,µg/m³,IC,
60427,GAGE INSTITUTE,Nitrate,2006-06-01T00:00,2.502,µg/m³,IC,
60427,GAGE INSTITUTE,Nitrate,2006-06-04T00:00,0.121,µg/m³,IC,
60427,GAGE INSTITUTE,Nitrate,2006-06-04T00:00,0.193,µg/m³,IC,
60427,GAGE INSTITUTE,Nitrate,2006-06-07T00:00,0.131,µg/m³,IC,
60427,GAGE INSTITUTE,Nitrate,2006-06-07T00:00,0.444,µg/m³,IC,
60427,GAGE INSTITUTE,Nitrate,2006-06-10T00:00,0.000,µg/m³,IC,
60427,GAGE INSTITUTE,Nitrate,2006-06-10T00:00,0.026,µg/m³,IC,
60427,GAGE INSTITUTE,Nitrate,2006-06-13T00:00,0.089,µg/m³,IC,
60427,GAGE INSTITUTE,Nitrate,2006-06-13T00:00,0.721,µg/m³,IC,
60427,GAGE INSTITUTE,Nitrate,2006-06-16T00:00,0.151,µg/m³,IC,
60427,GAGE INSTITUTE,Nitrate,2006-06-16T00:00,0.458,µg/m³,IC,
60427,GAGE INSTITUTE,Nitrate,2006-06-19T00:00,0.104,µg/m³,IC,
60427,GAGE INSTITUTE,Nitrate,2006-06-19T00:00,1.283,µg/m³,IC,
60427,GAGE INSTITUTE,Nitrate,2006-06-22T00:00,0.092,µg/m³,IC,
60427,GAGE INSTITUTE,Nitrate,2006-06-22T00:00,2.007,µg/m³,IC,
60427,GAGE INSTITUTE,Nitrate,2006-06-25T00:00,0.076,µg/m³,IC,
60427,GAGE INSTITUTE,Nitrate,2006-06-25T00:00,0.173,µg/m³,IC,
60427,GAGE INSTITUTE,Nitrate,2006-06-28T00:00,0.402,µg/m³,IC,
60427,GAGE INSTITUTE,Nitrate,2006-06-28T00:00,4.850,µg/m³,IC,
60427,GAGE INSTITUTE,Nitrate,2006-07-01T00:00,0.335,µg/m³,IC,
60427,GAGE INSTITUTE,Nitrate,2006-07-01T00:00,1.284,µg/m³,IC,
60427,GAGE INSTITUTE,Nitrate,2006-07-04T00:00,0.141,µg/m³,IC,
60427,GAGE INSTITUTE,Nitrate,2006-07-04T00:00,2.625,µg/m³,IC,
60427,GAGE INSTITUTE,Nitrate,2006-07-07T00:00,0.182,µg/m³,IC,
60427,GAGE INSTITUTE,Nitrate,2006-07-07T00:00,0.284,µg/m³,IC,
60427,GAGE INSTITUTE,Nitrate,2006-07-10T00:00,0.625,µg/m³,IC,
60427,GAGE INSTITUTE,Nitrate,2006-07-10T00:00,1.724,µg/m³,IC,
60427,GAGE INSTITUTE,Nitrate,2006-07-13T00:00,0.162,µg/m³,IC,
60427,GAGE INSTITUTE,Nitrate,2006-07-13T00:00,1.337,µg/m³,IC,
60427,GAGE INSTITUTE,Nitrate,2006-07-16T00:00,0.149,µg/m³,IC,
60427,GAGE INSTITUTE,Nitrate,2006-07-16T00:00,0.433,µg/m³,IC,
60427,GAGE INSTITUTE,Nitrate,2006-07-19T00:00,0.114,µg/m³,IC,
60427,GAGE INSTITUTE,Nitrate,2006-07-19T00:00,0.142,µg/m³,IC,
60427,GAGE INSTITUTE,Nitrate,2006-07-22T00:00,0.176,µg/m³,IC,
60427,GAGE INSTITUTE,Nitrate,2006-07-22T00:00,0.234,µg/m³,IC,
60427,GAGE INSTITUTE,Nitrate,2006-07-25T00:00,0.171,µg/m³,IC,
60427,GAGE INSTITUTE,Nitrate,2006-07-25T00:00,0.550,µg/m³,IC,
60427,GAGE INSTITUTE,Nitrate,2006-07-28T00:00,0.142,µg/m³,IC,
60427,GAGE INSTITUTE,Nitrate,2006-07-28T00:00,1.167,µg/m³,IC,
60427,GAGE INSTITUTE,Nitrate,2006-07-31T00:00,0.196,µg/m³,IC,
60427,GAGE INSTITUTE,Nitrate,2006-07-31T00:00,1.807,µg/m³,IC,
60427,GAGE INSTITUTE,Nitrate,2006-08-03T00:00,0.173,µg/m³,IC,
60427,GAGE INSTITUTE,Nitrate,2006-08-03T00:00,0.640,µg/m³,IC,
60427,GAGE INSTITUTE,Nitrate,2006-08-06T00:00,0.138,µg/m³,IC,
60427,GAGE INSTITUTE,Nitrate,2006-08-06T00:00,0.144,µg/m³,IC,
60427,GAGE INSTITUTE,Nitrate,2006-08-09T00:00,0.186,µg/m³,IC,
60427,GAGE INSTITUTE,Nitrate,2006-08-09T00:00,0.327,µg/m³,IC,
60427,GAGE INSTITUTE,Nitrate,2006-08-12T00:00,0.089,µg/m³,IC,
60427,GAGE INSTITUTE,Nitrate,2006-08-12T00:00,0.161,µg/m³,IC,
60427,GAGE INSTITUTE,Nitrate,2006-08-15T00:00,0.117,µg/m³,IC,
60427,GAGE INSTITUTE,Nitrate,2006-08-15T00:00,0.141,µg/m³,IC,
60427,GAGE INSTITUTE,Nitrate,2006-08-18T00:00,0.192,µg/m³,IC,
60427,GAGE INSTITUTE,Nitrate,2006-08-18T00:00,1.009,µg/m³,IC,
60427,GAGE INSTITUTE,Nitrate,2006-08-21T00:00,0.154,µg/m³,IC,
60427,GAGE INSTITUTE,Nitrate,2006-08-21T00:00,0.159,µg/m³,IC,
60427,GAGE INSTITUTE,Nitrate,2006-08-24T00:00,0.155,µg/m³,IC,
60427,GAGE INSTITUTE,Nitrate,2006-08-24T00:00,0.229,µg/m³,IC,
60427,GAGE INSTITUTE,Nitrate,2006-08-27T00:00,0.376,µg/m³,IC,
60427,GAGE INSTITUTE,Nitrate,2006-08-27T00:00,2.048,µg/m³,IC,
60427,GAGE INSTITUTE,Nitrate,2006-08-30T00:00,0.101,µg/m³,IC,
60427,GAGE INSTITUTE,Nitrate,2006-08-30T00:00,0.120,µg/m³,IC,
60427,GAGE INSTITUTE,Nitrate,2006-09-02T00:00,0.068,µg/m³,IC,
60427,GAGE INSTITUTE,Nitrate,2006-09-02T00:00,0.086,µg/m³,IC,
60427,GAGE INSTITUTE,Nitrate,2006-09-05T00:00,0.208,µg/m³,IC,
60427,GAGE INSTITUTE,Nitrate,2006-09-05T00:00,0.452,µg/m³,IC,
60427,GAGE INSTITUTE,Nitrate,2006-09-08T00:00,0.155,µg/m³,IC,
60427,GAGE INSTITUTE,Nitrate,2006-09-08T00:00,1.919,µg/m³,IC,
60427,GAGE INSTITUTE,Nitrate,2006-09-11T00:00,0.064,µg/m³,IC,
60427,GAGE INSTITUTE,Nitrate,2006-09-11T00:00,0.097,µg/m³,IC,
60427,GAGE INSTITUTE,Nitrate,2006-09-14T00:00,0.130,µg/m³,IC,
60427,GAGE INSTITUTE,Nitrate,2006-09-14T00:00,0.598,µg/m³,IC,
60427,GAGE INSTITUTE,Nitrate,2006-09-17T00:00,0.113,µg/m³,IC,
60427,GAGE INSTITUTE,Nitrate,2006-09-17T00:00,3.221,µg/m³,IC,
60427,GAGE INSTITUTE,Nitrate,2006-09-23T00:00,0.262,µg/m³,IC,
60427,GAGE INSTITUTE,Nitrate,2006-09-23T00:00,1.503,µg/m³,IC,
60427,GAGE INSTITUTE,Nitrate,2006-09-26T00:00,0.110,µg/m³,IC,
60427,GAGE INSTITUTE,Nitrate,2006-09-26T00:00,0.307,µg/m³,IC,
60427,GAGE INSTITUTE,Nitrate,2006-09-29T00:00,0.170,µg/m³,IC,
60427,GAGE INSTITUTE,Nitrate,2006-09-29T00:00,0.199,µg/m³,IC,
60427,GAGE INSTITUTE,Nitrate,2006-10-02T00:00,0.867,µg/m³,IC,
60427,GAGE INSTITUTE,Nitrate,2006-10-02T00:00,0.946,µg/m³,IC,
60427,GAGE INSTITUTE,Nitrate,2006-10-05T00:00,0.067,µg/m³,IC,
60427,GAGE INSTITUTE,Nitrate,2006-10-05T00:00,0.082,µg/m³,IC,
60427,GAGE INSTITUTE,Nitrate,2006-10-08T00:00,0.967,µg/m³,IC,
60427,GAGE INSTITUTE,Nitrate,2006-10-08T00:00,2.492,µg/m³,IC,
60427,GAGE INSTITUTE,Nitrate,2006-10-17T00:00,0.535,µg/m³,IC,
60427,GAGE INSTITUTE,Nitrate,2006-10-17T00:00,0.784,µg/m³,IC,
60427,GAGE INSTITUTE,Nitrate,2006-11-07T00:00,1.255,µg/m³,IC,
60427,GAGE INSTITUTE,Nitrate,2006-11-07T00:00,4.370,µg/m³,IC,
60427,GAGE INSTITUTE,Nitrate,2006-11-10T00:00,0.339,µg/m³,IC,
60427,GAGE INSTITUTE,Nitrate,2006-11-10T00:00,0.452,µg/m³,IC,
60427,GAGE INSTITUTE,Nitrate,2006-11-13T00:00,0.409,µg/m³,IC,
60427,GAGE INSTITUTE,Nitrate,2006-11-13T00:00,1.137,µg/m³,IC,
60427,GAGE INSTITUTE,Nitrate,2006-11-16T00:00,0.579,µg/m³,IC,
60427,GAGE INSTITUTE,Nitrate,2006-11-16T00:00,1.719,µg/m³,IC,
60427,GAGE INSTITUTE,Nitrate,2006-11-19T00:00,0.083,µg/m³,IC,
60427,GAGE INSTITUTE,Nitrate,2006-11-19T00:00,0.129,µg/m³,IC,
60427,GAGE INSTITUTE,Nitrate,2006-11-22T00:00,0.845,µg/m³,IC,
60427,GAGE INSTITUTE,Nitrate,2006-11-22T00:00,4.699,µg/m³,IC,
60427,GAGE INSTITUTE,Nitrate,2006-11-25T00:00,1.009,µg/m³,IC,
60427,GAGE INSTITUTE,Nitrate,2006-11-25T00:00,4.808,µg/m³,IC,
60427,GAGE INSTITUTE,Nitrate,2006-11-28T00:00,0.633,µg/m³,IC,
60427,GAGE INSTITUTE,Nitrate,2006-11-28T00:00,9.615,µg/m³,IC,
60427,GAGE INSTITUTE,Nitrate,2006-12-01T00:00,0.098,µg/m³,IC,
60427,GAGE INSTITUTE,Nitrate,2006-12-01T00:00,0.188,µg/m³,IC,
60427,GAGE INSTITUTE,Nitrate,2006-12-04T00:00,0.285,µg/m³,IC,
60427,GAGE INSTITUTE,Nitrate,2006-12-04T00:00,1.327,µg/m³,IC,
60427,GAGE INSTITUTE,Nitrate,2006-12-07T00:00,0.251,µg/m³,IC,
60427,GAGE INSTITUTE,Nitrate,2006-12-07T00:00,0.291,µg/m³,IC,
60427,GAGE INSTITUTE,Nitrate,2006-12-10T00:00,0.000,µg/m³,IC,
60427,GAGE INSTITUTE,Nitrate,2006-12-10T00:00,3.563,µg/m³,IC,
60427,GAGE INSTITUTE,Nitrate,2006-12-13T00:00,1.657,µg/m³,IC,
60427,GAGE INSTITUTE,Nitrate,2006-12-13T00:00,2.514,µg/m³,IC,
60427,GAGE INSTITUTE,Nitrate,2006-12-16T00:00,0.154,µg/m³,IC,
60427,GAGE INSTITUTE,Nitrate,2006-12-16T00:00,0.213,µg/m³,IC,
60427,GAGE INSTITUTE,Nitrate,2006-12-19T00:00,0.197,µg/m³,IC,
60427,GAGE INSTITUTE,Nitrate,2006-12-19T00:00,0.855,µg/m³,IC,
60427,GAGE INSTITUTE,Nitrate,2006-12-22T00:00,0.407,µg/m³,IC,
60427,GAGE INSTITUTE,Nitrate,2006-12-22T00:00,2.939,µg/m³,IC,
60427,GAGE INSTITUTE,Nitrate,2006-12-25T00:00,0.938,µg/m³,IC,
60427,GAGE INSTITUTE,Nitrate,2006-12-25T00:00,3.371,µg/m³,IC,
60427,GAGE INSTITUTE,Nitrate,2006-12-28T00:00,0.716,µg/m³,IC,
60427,GAGE INSTITUTE,Nitrate,2006-12-28T00:00,7.364,µg/m³,IC,
60427,GAGE INSTITUTE,Nitrate,2006-12-31T00:00,1.423,µg/m³,IC,
60427,GAGE INSTITUTE,Nitrate,2006-01-02T00:00,0.254,µg/m³,NA,
60427,GAGE INSTITUTE,Nitrate,2006-01-04T00:00,0.515,µg/m³,NA,
60427,GAGE INSTITUTE,Nitrate,2006-02-07T00:00,0.418,µg/m³,NA,
60427,GAGE INSTITUTE,Nitrate,2006-02-10T00:00,0.427,µg/m³,NA,
60427,GAGE INSTITUTE,Nitrate,2006-02-13T00:00,0.285,µg/m³,NA,
60427,GAGE INSTITUTE,Nitrate,2006-02-16T00:00,0.548,µg/m³,NA,
60427,GAGE INSTITUTE,Nitrate,2006-02-19T00:00,0.291,µg/m³,NA,
60427,GAGE INSTITUTE,Nitrate,2006-02-22T00:00,0.296,µg/m³,NA,
60427,GAGE INSTITUTE,Nitrate,2006-02-25T00:00,0.272,µg/m³,NA,
60427,GAGE INSTITUTE,Nitrate,2006-02-28T00:00,0.238,µg/m³,NA,
60427,GAGE INSTITUTE,Nitrate,2006-03-03T00:00,0.207,µg/m³,NA,
60427,GAGE INSTITUTE,Nitrate,2006-03-06T00:00,0.390,µg/m³,NA,
60427,GAGE INSTITUTE,Nitrate,2006-03-09T00:00,0.565,µg/m³,NA,
60427,GAGE INSTITUTE,Nitrate,2006-03-12T00:00,1.414,µg/m³,NA,
60427,GAGE INSTITUTE,Nitrate,2006-03-15T00:00,0.919,µg/m³,NA,
60427,GAGE INSTITUTE,Nitrate,2006-03-18T00:00,0.487,µg/m³,NA,
60427,GAGE INSTITUTE,Nitrate,2006-03-21T00:00,0.302,µg/m³,NA,
60427,GAGE INSTITUTE,Nitrate,2006-03-24T00:00,0.688,µg/m³,NA,
60427,GAGE INSTITUTE,Nitrate,2006-03-27T00:00,0.623,µg/m³,NA,
60427,GAGE INSTITUTE,Nitrate,2006-03-30T00:00,0.565,µg/m³,NA,
60427,GAGE INSTITUTE,Nitrate,2006-04-02T00:00,0.458,µg/m³,NA,
60427,GAGE INSTITUTE,Nitrate,2006-04-05T00:00,0.278,µg/m³,NA,
60427,GAGE INSTITUTE,Nitrate,2006-04-08T00:00,0.258,µg/m³,NA,
60427,GAGE INSTITUTE,Nitrate,2006-04-11T00:00,0.579,µg/m³,NA,
60427,GAGE INSTITUTE,Nitrate,2006-04-14T00:00,0.937,µg/m³,NA,
60427,GAGE INSTITUTE,Nitrate,2006-04-17T00:00,0.189,µg/m³,NA,
60427,GAGE INSTITUTE,Nitrate,2006-04-20T00:00,0.340,µg/m³,NA,
60427,GAGE INSTITUTE,Nitrate,2006-04-23T00:00,0.502,µg/m³,NA,
60427,GAGE INSTITUTE,Nitrate,2006-04-26T00:00,0.577,µg/m³,NA,
60427,GAGE INSTITUTE,Nitrate,2006-04-29T00:00,0.367,µg/m³,NA,
60427,GAGE INSTITUTE,Nitrate,2006-05-02T00:00,0.583,µg/m³,NA,
60427,GAGE INSTITUTE,Nitrate,2006-05-05T00:00,0.289,µg/m³,NA,
60427,GAGE INSTITUTE,Nitrate,2006-05-08T00:00,0.884,µg/m³,NA,
60427,GAGE INSTITUTE,Nitrate,2006-05-11T00:00,0.726,µg/m³,NA,
60427,GAGE INSTITUTE,Nitrate,2006-05-14T00:00,0.533,µg/m³,NA,
60427,GAGE INSTITUTE,Nitrate,2006-05-17T00:00,0.497,µg/m³,NA,
60427,GAGE INSTITUTE,Nitrate,2006-05-20T00:00,0.279,µg/m³,NA,
60427,GAGE INSTITUTE,Nitrate,2006-05-23T00:00,0.967,µg/m³,NA,
60427,GAGE INSTITUTE,Nitrate,2006-05-26T00:00,0.686,µg/m³,NA,
60427,GAGE INSTITUTE,Nitrate,2006-05-29T00:00,2.415,µg/m³,NA,
60427,GAGE INSTITUTE,Nitrate,2006-06-01T00:00,0.480,µg/m³,NA,
60427,GAGE INSTITUTE,Nitrate,2006-06-04T00:00,0.402,µg/m³,NA,
60427,GAGE INSTITUTE,Nitrate,2006-06-07T00:00,1.212,µg/m³,NA,
60427,GAGE INSTITUTE,Nitrate,2006-06-10T00:00,0.176,µg/m³,NA,
60427,GAGE INSTITUTE,Nitrate,2006-06-13T00:00,0.419,µg/m³,NA,
60427,GAGE INSTITUTE,Nitrate,2006-06-16T00:00,0.754,µg/m³,NA,
60427,GAGE INSTITUTE,Nitrate,2006-06-19T00:00,0.493,µg/m³,NA,
60427,GAGE INSTITUTE,Nitrate,2006-06-22T00:00,0.729,µg/m³,NA,
60427,GAGE INSTITUTE,Nitrate,2006-06-25T00:00,0.652,µg/m³,NA,
60427,GAGE INSTITUTE,Nitrate,2006-06-28T00:00,1.234,µg/m³,NA,
60427,GAGE INSTITUTE,Nitrate,2006-07-01T00:00,1.413,µg/m³,NA,
60427,GAGE INSTITUTE,Nitrate,2006-07-04T00:00,0.971,µg/m³,NA,
60427,GAGE INSTITUTE,Nitrate,2006-07-07T00:00,0.494,µg/m³,NA,
60427,GAGE INSTITUTE,Nitrate,2006-07-10T00:00,0.899,µg/m³,NA,
60427,GAGE INSTITUTE,Nitrate,2006-07-13T00:00,1.306,µg/m³,NA,
60427,GAGE INSTITUTE,Nitrate,2006-07-16T00:00,0.942,µg/m³,NA,
60427,GAGE INSTITUTE,Nitrate,2006-07-19T00:00,0.480,µg/m³,NA,
60427,GAGE INSTITUTE,Nitrate,2006-07-22T00:00,0.175,µg/m³,NA,
60427,GAGE INSTITUTE,Nitrate,2006-07-25T00:00,0.551,µg/m³,NA,
60427,GAGE INSTITUTE,Nitrate,2006-07-28T00:00,1.146,µg/m³,NA,
60427,GAGE INSTITUTE,Nitrate,2006-07-31T00:00,0.964,µg/m³,NA,
60427,GAGE INSTITUTE,Nitrate,2006-08-03T00:00,0.400,µg/m³,NA,
60427,GAGE INSTITUTE,Nitrate,2006-08-06T00:00,0.689,µg/m³,NA,
60427,GAGE INSTITUTE,Nitrate,2006-08-09T00:00,1.468,µg/m³,NA,
60427,GAGE INSTITUTE,Nitrate,2006-08-12T00:00,0.538,µg/m³,NA,
60427,GAGE INSTITUTE,Nitrate,2006-08-15T00:00,0.911,µg/m³,NA,
60427,GAGE INSTITUTE,Nitrate,2006-08-18T00:00,3.602,µg/m³,NA,
60427,GAGE INSTITUTE,Nitrate,2006-08-21T00:00,0.647,µg/m³,NA,
60427,GAGE INSTITUTE,Nitrate,2006-08-24T00:00,0.497,µg/m³,NA,
60427,GAGE INSTITUTE,Nitrate,2006-08-27T00:00,0.565,µg/m³,NA,
60427,GAGE INSTITUTE,Nitrate,2006-08-30T00:00,0.318,µg/m³,NA,
60427,GAGE INSTITUTE,Nitrate,2006-09-02T00:00,0.429,µg/m³,NA,
60427,GAGE INSTITUTE,Nitrate,2006-09-05T00:00,0.278,µg/m³,NA,
60427,GAGE INSTITUTE,Nitrate,2006-09-08T00:00,1.194,µg/m³,NA,
60427,GAGE INSTITUTE,Nitrate,2006-09-11T00:00,0.354,µg/m³,NA,
60427,GAGE INSTITUTE,Nitrate,2006-09-14T00:00,0.168,µg/m³,NA,
60427,GAGE INSTITUTE,Nitrate,2006-09-17T00:00,0.397,µg/m³,NA,
60427,GAGE INSTITUTE,Nitrate,2006-09-23T00:00,0.482,µg/m³,NA,
60427,GAGE INSTITUTE,Nitrate,2006-09-26T00:00,0.237,µg/m³,NA,
60427,GAGE INSTITUTE,Nitrate,2006-09-29T00:00,0.160,µg/m³,NA,
60427,GAGE INSTITUTE,Nitrate,2006-10-02T00:00,0.191,µg/m³,NA,
60427,GAGE INSTITUTE,Nitrate,2006-10-05T00:00,0.110,µg/m³,NA,
60427,GAGE INSTITUTE,Nitrate,2006-10-08T00:00,0.784,µg/m³,NA,
60427,GAGE INSTITUTE,Nitrate,2006-10-17T00:00,0.519,µg/m³,NA,
60427,GAGE INSTITUTE,Nitrate,2006-11-07T00:00,0.580,µg/m³,NA,
60427,GAGE INSTITUTE,Nitrate,2006-11-10T00:00,0.265,µg/m³,NA,
60427,GAGE INSTITUTE,Nitrate,2006-11-13T00:00,0.317,µg/m³,NA,
60427,GAGE INSTITUTE,Nitrate,2006-11-16T00:00,0.488,µg/m³,NA,
60427,GAGE INSTITUTE,Nitrate,2006-11-19T00:00,0.640,µg/m³,NA,
60427,GAGE INSTITUTE,Nitrate,2006-11-22T00:00,0.266,µg/m³,NA,
60427,GAGE INSTITUTE,Nitrate,2006-11-25T00:00,0.349,µg/m³,NA,
60427,GAGE INSTITUTE,Nitrate,2006-11-28T00:00,0.246,µg/m³,NA,
60427,GAGE INSTITUTE,Nitrate,2006-12-01T00:00,0.262,µg/m³,NA,
60427,GAGE INSTITUTE,Nitrate,2006-12-04T00:00,0.272,µg/m³,NA,
60427,GAGE INSTITUTE,Nitrate,2006-12-07T00:00,0.467,µg/m³,NA,
60427,GAGE INSTITUTE,Nitrate,2006-12-10T00:00,0.797,µg/m³,NA,
60427,GAGE INSTITUTE,Nitrate,2006-12-13T00:00,0.335,µg/m³,NA,
60427,GAGE INSTITUTE,Nitrate,2006-12-16T00:00,0.220,µg/m³,NA,
60427,GAGE INSTITUTE,Nitrate,2006-12-19T00:00,0.257,µg/m³,NA,
60427,GAGE INSTITUTE,Nitrate,2006-12-22T00:00,0.452,µg/m³,NA,
60427,GAGE INSTITUTE,Nitrate,2006-12-25T00:00,0.294,µg/m³,NA,
60427,GAGE INSTITUTE,Nitrate,2006-12-28T00:00,0.192,µg/m³,NA,
60427,GAGE INSTITUTE,Nitrate,2006-12-31T00:00,0.750,µg/m³,NA,
60427,GAGE INSTITUTE,Nitrate,2006-01-02T00:00,6.659,µg/m³,SPEC,
60427,GAGE INSTITUTE,Nitrate,2006-01-04T00:00,5.365,µg/m³,SPEC,
60427,GAGE INSTITUTE,Nitrate,2006-02-07T00:00,0.311,µg/m³,SPEC,
60427,GAGE INSTITUTE,Nitrate,2006-02-10T00:00,3.206,µg/m³,SPEC,
60427,GAGE INSTITUTE,Nitrate,2006-02-13T00:00,2.623,µg/m³,SPEC,
60427,GAGE INSTITUTE,Nitrate,2006-02-16T00:00,2.617,µg/m³,SPEC,
60427,GAGE INSTITUTE,Nitrate,2006-02-19T00:00,2.102,µg/m³,SPEC,
60427,GAGE INSTITUTE,Nitrate,2006-02-22T00:00,8.683,µg/m³,SPEC,
60427,GAGE INSTITUTE,Nitrate,2006-02-25T00:00,2.140,µg/m³,SPEC,
60427,GAGE INSTITUTE,Nitrate,2006-02-28T00:00,0.763,µg/m³,SPEC,
60427,GAGE INSTITUTE,Nitrate,2006-03-03T00:00,0.428,µg/m³,SPEC,
60427,GAGE INSTITUTE,Nitrate,2006-03-06T00:00,0.847,µg/m³,SPEC,
60427,GAGE INSTITUTE,Nitrate,2006-03-09T00:00,6.805,µg/m³,SPEC,
60427,GAGE INSTITUTE,Nitrate,2006-03-12T00:00,3.795,µg/m³,SPEC,
60427,GAGE INSTITUTE,Nitrate,2006-03-15T00:00,0.152,µg/m³,SPEC,
60427,GAGE INSTITUTE,Nitrate,2006-03-18T00:00,0.410,µg/m³,SPEC,
60427,GAGE INSTITUTE,Nitrate,2006-03-21T00:00,0.505,µg/m³,SPEC,
60427,GAGE INSTITUTE,Nitrate,2006-03-24T00:00,2.991,µg/m³,SPEC,
60427,GAGE INSTITUTE,Nitrate,2006-03-27T00:00,1.023,µg/m³,SPEC,
60427,GAGE INSTITUTE,Nitrate,2006-03-30T00:00,12.892,µg/m³,SPEC,
60427,GAGE INSTITUTE,Nitrate,2006-04-02T00:00,0.485,µg/m³,SPEC,
60427,GAGE INSTITUTE,Nitrate,2006-04-05T00:00,0.363,µg/m³,SPEC,
60427,GAGE INSTITUTE,Nitrate,2006-04-08T00:00,0.311,µg/m³,SPEC,
60427,GAGE INSTITUTE,Nitrate,2006-04-11T00:00,5.626,µg/m³,SPEC,
60427,GAGE INSTITUTE,Nitrate,2006-04-14T00:00,8.923,µg/m³,SPEC,
60427,GAGE INSTITUTE,Nitrate,2006-04-17T00:00,0.306,µg/m³,SPEC,
60427,GAGE INSTITUTE,Nitrate,2006-04-20T00:00,0.238,µg/m³,SPEC,
60427,GAGE INSTITUTE,Nitrate,2006-04-23T00:00,1.168,µg/m³,SPEC,
60427,GAGE INSTITUTE,Nitrate,2006-04-26T00:00,2.074,µg/m³,SPEC,
60427,GAGE INSTITUTE,Nitrate,2006-04-29T00:00,0.900,µg/m³,SPEC,
60427,GAGE INSTITUTE,Nitrate,2006-05-02T00:00,0.299,µg/m³,SPEC,
60427,GAGE INSTITUTE,Nitrate,2006-05-05T00:00,0.681,µg/m³,SPEC,
60427,GAGE INSTITUTE,Nitrate,2006-05-08T00:00,2.291,µg/m³,SPEC,
60427,GAGE INSTITUTE,Nitrate,2006-05-11T00:00,1.515,µg/m³,SPEC,
60427,GAGE INSTITUTE,Nitrate,2006-05-14T00:00,0.161,µg/m³,SPEC,
60427,GAGE INSTITUTE,Nitrate,2006-05-17T00:00,1.227,µg/m³,SPEC,
60427,GAGE INSTITUTE,Nitrate,2006-05-20T00:00,0.158,µg/m³,SPEC,
60427,GAGE INSTITUTE,Nitrate,2006-05-23T00:00,0.215,µg/m³,SPEC,
60427,GAGE INSTITUTE,Nitrate,2006-05-26T00:00,6.283,µg/m³,SPEC,
60427,GAGE INSTITUTE,Nitrate,2006-05-29T00:00,3.556,µg/m³,SPEC,
60427,GAGE INSTITUTE,Nitrate,2006-06-01T00:00,2.859,µg/m³,SPEC,
60427,GAGE INSTITUTE,Nitrate,2006-06-04T00:00,0.314,µg/m³,SPEC,
60427,GAGE INSTITUTE,Nitrate,2006-06-07T00:00,0.576,µg/m³,SPEC,
60427,GAGE INSTITUTE,Nitrate,2006-06-10T00:00,0.026,µg/m³,SPEC,
60427,GAGE INSTITUTE,Nitrate,2006-06-13T00:00,0.810,µg/m³,SPEC,
60427,GAGE INSTITUTE,Nitrate,2006-06-16T00:00,0.609,µg/m³,SPEC,
60427,GAGE INSTITUTE,Nitrate,2006-06-19T00:00,1.387,µg/m³,SPEC,
60427,GAGE INSTITUTE,Nitrate,2006-06-22T00:00,2.100,µg/m³,SPEC,
60427,GAGE INSTITUTE,Nitrate,2006-06-25T00:00,0.249,µg/m³,SPEC,
60427,GAGE INSTITUTE,Nitrate,2006-06-28T00:00,5.251,µg/m³,SPEC,
60427,GAGE INSTITUTE,Nitrate,2006-07-01T00:00,1.619,µg/m³,SPEC,
60427,GAGE INSTITUTE,Nitrate,2006-07-04T00:00,2.765,µg/m³,SPEC,
60427,GAGE INSTITUTE,Nitrate,2006-07-07T00:00,0.466,µg/m³,SPEC,
60427,GAGE INSTITUTE,Nitrate,2006-07-10T00:00,2.350,µg/m³,SPEC,
60427,GAGE INSTITUTE,Nitrate,2006-07-13T00:00,1.499,µg/m³,SPEC,
60427,GAGE INSTITUTE,Nitrate,2006-07-16T00:00,0.583,µg/m³,SPEC,
60427,GAGE INSTITUTE,Nitrate,2006-07-19T00:00,0.255,µg/m³,SPEC,
60427,GAGE INSTITUTE,Nitrate,2006-07-22T00:00,0.410,µg/m³,SPEC,
60427,GAGE INSTITUTE,Nitrate,2006-07-25T00:00,0.721,µg/m³,SPEC,
60427,GAGE INSTITUTE,Nitrate,2006-07-28T00:00,1.310,µg/m³,SPEC,
60427,GAGE INSTITUTE,Nitrate,2006-07-31T00:00,2.003,µg/m³,SPEC,
60427,GAGE INSTITUTE,Nitrate,2006-08-03T00:00,0.813,µg/m³,SPEC,
60427,GAGE INSTITUTE,Nitrate,2006-08-06T00:00,0.282,µg/m³,SPEC,
60427,GAGE INSTITUTE,Nitrate,2006-08-09T00:00,0.513,µg/m³,SPEC,
60427,GAGE INSTITUTE,Nitrate,2006-08-12T00:00,0.250,µg/m³,SPEC,
60427,GAGE INSTITUTE,Nitrate,2006-08-15T00:00,0.258,µg/m³,SPEC,
60427,GAGE INSTITUTE,Nitrate,2006-08-18T00:00,1.201,µg/m³,SPEC,
60427,GAGE INSTITUTE,Nitrate,2006-08-21T00:00,0.313,µg/m³,SPEC,
60427,GAGE INSTITUTE,Nitrate,2006-08-24T00:00,0.384,µg/m³,SPEC,
60427,GAGE INSTITUTE,Nitrate,2006-08-27T00:00,2.424,µg/m³,SPEC,
60427,GAGE INSTITUTE,Nitrate,2006-08-30T00:00,0.221,µg/m³,SPEC,
60427,GAGE INSTITUTE,Nitrate,2006-09-02T00:00,0.154,µg/m³,SPEC,
60427,GAGE INSTITUTE,Nitrate,2006-09-05T00:00,0.661,µg/m³,SPEC,
60427,GAGE INSTITUTE,Nitrate,2006-09-08T00:00,2.074,µg/m³,SPEC,
60427,GAGE INSTITUTE,Nitrate,2006-09-11T00:00,0.161,µg/m³,SPEC,
60427,GAGE INSTITUTE,Nitrate,2006-09-14T00:00,0.728,µg/m³,SPEC,
60427,GAGE INSTITUTE,Nitrate,2006-09-17T00:00,3.334,µg/m³,SPEC,
60427,GAGE INSTITUTE,Nitrate,2006-09-23T00:00,1.765,µg/m³,SPEC,
60427,GAGE INSTITUTE,Nitrate,2006-09-26T00:00,0.417,µg/m³,SPEC,
60427,GAGE INSTITUTE,Nitrate,2006-09-29T00:00,0.369,µg/m³,SPEC,
60427,GAGE INSTITUTE,Nitrate,2006-10-02T00:00,1.813,µg/m³,SPEC,
60427,GAGE INSTITUTE,Nitrate,2006-10-05T00:00,0.149,µg/m³,SPEC,
60427,GAGE INSTITUTE,Nitrate,2006-10-08T00:00,3.459,µg/m³,SPEC,
60427,GAGE INSTITUTE,Nitrate,2006-10-17T00:00,1.319,µg/m³,SPEC,
60427,GAGE INSTITUTE,Nitrate,2006-11-07T00:00,5.626,µg/m³,SPEC,
60427,GAGE INSTITUTE,Nitrate,2006-11-10T00:00,0.791,µg/m³,SPEC,
60427,GAGE INSTITUTE,Nitrate,2006-11-13T00:00,1.546,µg/m³,SPEC,
60427,GAGE INSTITUTE,Nitrate,2006-11-16T00:00,2.298,µg/m³,SPEC,
60427,GAGE INSTITUTE,Nitrate,2006-11-19T00:00,0.212,µg/m³,SPEC,
60427,GAGE INSTITUTE,Nitrate,2006-11-22T00:00,5.545,µg/m³,SPEC,
60427,GAGE INSTITUTE,Nitrate,2006-11-25T00:00,5.817,µg/m³,SPEC,
60427,GAGE INSTITUTE,Nitrate,2006-11-28T00:00,10.248,µg/m³,SPEC,
60427,GAGE INSTITUTE,Nitrate,2006-12-01T00:00,0.285,µg/m³,SPEC,
60427,GAGE INSTITUTE,Nitrate,2006-12-04T00:00,1.612,µg/m³,SPEC,
60427,GAGE INSTITUTE,Nitrate,2006-12-07T00:00,0.542,µg/m³,SPEC,
60427,GAGE INSTITUTE,Nitrate,2006-12-10T00:00,3.563,µg/m³,SPEC,
60427,GAGE INSTITUTE,Nitrate,2006-12-13T00:00,4.171,µg/m³,SPEC,
60427,GAGE INSTITUTE,Nitrate,2006-12-16T00:00,0.367,µg/m³,SPEC,
60427,GAGE INSTITUTE,Nitrate,2006-12-19T00:00,1.052,µg/m³,SPEC,
60427,GAGE INSTITUTE,Nitrate,2006-12-22T00:00,3.346,µg/m³,SPEC,
60427,GAGE INSTITUTE,Nitrate,2006-12-25T00:00,4.310,µg/m³,SPEC,
60427,GAGE INSTITUTE,Nitrate,2006-12-28T00:00,8.080,µg/m³,SPEC,
60427,GAGE INSTITUTE,Nitrate,2006-12-31T00:00,1.888,µg/m³,SPEC,
