﻿NAPS_Site_ID,Station_Name,Pollutant,Date,Value,Units,Report_Type,Method
102001,SATURNA,Pentane,2016-12-31T19:00,0.339,µg/m³,VOC,GC-MS
102001,SATURNA,Pentane,2017-01-06T19:00,0.247,µg/m³,VOC,GC-MS
102001,SATURNA,Pentane,2017-01-12T19:00,0.231,µg/m³,VOC,GC-MS
102001,SATURNA,Pentane,2017-01-18T19:00,0.201,µg/m³,VOC,GC-MS
102001,SATURNA,Pentane,2017-01-24T19:00,0.404,µg/m³,VOC,GC-MS
102001,SATURNA,Pentane,2017-01-30T19:00,0.291,µg/m³,VOC,GC-MS
102001,SATURNA,Pentane,2017-02-05T19:00,0.468,µg/m³,VOC,GC-MS
102001,SATURNA,Pentane,2017-02-11T19:00,0.236,µg/m³,VOC,GC-MS
102001,SATURNA,Pentane,2017-02-17T19:00,0.129,µg/m³,VOC,GC-MS
102001,SATURNA,Pentane,2017-02-23T19:00,0.280,µg/m³,VOC,GC-MS
102001,SATURNA,Pentane,2017-03-07T19:00,0.135,µg/m³,VOC,GC-MS
102001,SATURNA,Pentane,2017-03-13T20:00,0.107,µg/m³,VOC,GC-MS
102001,SATURNA,Pentane,2017-03-19T20:00,39.845,µg/m³,VOC,GC-MS
102001,SATURNA,Pentane,2017-03-25T20:00,0.205,µg/m³,VOC,GC-MS
102001,SATURNA,Pentane,2017-03-31T20:00,403.537,µg/m³,VOC,GC-MS
102001,SATURNA,Pentane,2017-04-12T20:00,0.087,µg/m³,VOC,GC-MS
102001,SATURNA,Pentane,2017-04-18T20:00,0.087,µg/m³,VOC,GC-MS
102001,SATURNA,Pentane,2017-04-24T20:00,0.074,µg/m³,VOC,GC-MS
102001,SATURNA,Pentane,2017-04-30T20:00,3.968,µg/m³,VOC,GC-MS
102001,SATURNA,Pentane,2017-05-06T20:00,0.333,µg/m³,VOC,GC-MS
102001,SATURNA,Pentane,2017-05-12T20:00,0.054,µg/m³,VOC,GC-MS
102001,SATURNA,Pentane,2017-05-18T20:00,0.262,µg/m³,VOC,GC-MS
102001,SATURNA,Pentane,2017-05-24T20:00,0.025,µg/m³,VOC,GC-MS
102001,SATURNA,Pentane,2017-05-30T20:00,0.081,µg/m³,VOC,GC-MS
102001,SATURNA,Pentane,2017-06-11T20:00,0.039,µg/m³,VOC,GC-MS
102001,SATURNA,Pentane,2017-06-17T20:00,0.274,µg/m³,VOC,GC-MS
102001,SATURNA,Pentane,2017-06-23T20:00,0.347,µg/m³,VOC,GC-MS
102001,SATURNA,Pentane,2017-06-29T20:00,0.054,µg/m³,VOC,GC-MS
102001,SATURNA,Pentane,2017-07-05T20:00,0.051,µg/m³,VOC,GC-MS
102001,SATURNA,Pentane,2017-07-11T20:00,0.027,µg/m³,VOC,GC-MS
102001,SATURNA,Pentane,2017-07-17T20:00,0.088,µg/m³,VOC,GC-MS
102001,SATURNA,Pentane,2017-07-23T20:00,0.018,µg/m³,VOC,GC-MS
102001,SATURNA,Pentane,2017-07-29T20:00,0.184,µg/m³,VOC,GC-MS
102001,SATURNA,Pentane,2017-08-04T20:00,0.091,µg/m³,VOC,GC-MS
102001,SATURNA,Pentane,2017-08-10T20:00,0.273,µg/m³,VOC,GC-MS
102001,SATURNA,Pentane,2017-08-16T20:00,0.046,µg/m³,VOC,GC-MS
102001,SATURNA,Pentane,2017-08-22T20:00,0.027,µg/m³,VOC,GC-MS
102001,SATURNA,Pentane,2017-08-28T20:00,0.161,µg/m³,VOC,GC-MS
102001,SATURNA,Pentane,2017-09-03T20:00,0.026,µg/m³,VOC,GC-MS
102001,SATURNA,Pentane,2017-09-09T20:00,0.040,µg/m³,VOC,GC-MS
102001,SATURNA,Pentane,2017-09-15T20:00,0.262,µg/m³,VOC,GC-MS
102001,SATURNA,Pentane,2017-09-21T20:00,0.291,µg/m³,VOC,GC-MS
102001,SATURNA,Pentane,2017-09-27T20:00,0.445,µg/m³,VOC,GC-MS
102001,SATURNA,Pentane,2017-10-03T20:00,0.090,µg/m³,VOC,GC-MS
102001,SATURNA,Pentane,2017-10-09T20:00,0.039,µg/m³,VOC,GC-MS
102001,SATURNA,Pentane,2017-10-15T20:00,0.386,µg/m³,VOC,GC-MS
102001,SATURNA,Pentane,2017-10-21T20:00,0.082,µg/m³,VOC,GC-MS
102001,SATURNA,Pentane,2017-10-27T20:00,0.553,µg/m³,VOC,GC-MS
102001,SATURNA,Pentane,2017-11-02T20:00,0.240,µg/m³,VOC,GC-MS
102001,SATURNA,Pentane,2017-11-14T19:00,0.158,µg/m³,VOC,GC-MS
102001,SATURNA,Pentane,2017-11-20T19:00,0.537,µg/m³,VOC,GC-MS
102001,SATURNA,Pentane,2017-11-26T19:00,0.135,µg/m³,VOC,GC-MS
102001,SATURNA,Pentane,2017-12-02T19:00,0.118,µg/m³,VOC,GC-MS
102001,SATURNA,Pentane,2017-12-08T19:00,0.287,µg/m³,VOC,GC-MS
102001,SATURNA,Pentane,2017-12-14T19:00,0.566,µg/m³,VOC,GC-MS
102001,SATURNA,Pentane,2017-12-20T19:00,0.559,µg/m³,VOC,GC-MS
102001,SATURNA,Pentane,2017-12-26T19:00,0.376,µg/m³,VOC,GC-MS
