﻿NAPS_Site_ID,Station_Name,Pollutant,Date,Value,Units,Report_Type,Method
50129,MONTRÉAL-RIVIÈRE-DES-PRAIRIES,2-Methylheptane,2005-01-04T00:00,0.082,µg/m³,VOC,N/A
50129,MONTRÉAL-RIVIÈRE-DES-PRAIRIES,2-Methylheptane,2005-01-10T00:00,0.081,µg/m³,VOC,N/A
50129,MONTRÉAL-RIVIÈRE-DES-PRAIRIES,2-Methylheptane,2005-01-16T00:00,0.050,µg/m³,VOC,N/A
50129,MONTRÉAL-RIVIÈRE-DES-PRAIRIES,2-Methylheptane,2005-01-22T00:00,0.095,µg/m³,VOC,N/A
50129,MONTRÉAL-RIVIÈRE-DES-PRAIRIES,2-Methylheptane,2005-01-28T00:00,0.142,µg/m³,VOC,N/A
50129,MONTRÉAL-RIVIÈRE-DES-PRAIRIES,2-Methylheptane,2005-02-03T00:00,0.231,µg/m³,VOC,N/A
50129,MONTRÉAL-RIVIÈRE-DES-PRAIRIES,2-Methylheptane,2005-02-15T00:00,0.062,µg/m³,VOC,N/A
50129,MONTRÉAL-RIVIÈRE-DES-PRAIRIES,2-Methylheptane,2005-02-21T00:00,0.040,µg/m³,VOC,N/A
50129,MONTRÉAL-RIVIÈRE-DES-PRAIRIES,2-Methylheptane,2005-02-27T00:00,0.029,µg/m³,VOC,N/A
50129,MONTRÉAL-RIVIÈRE-DES-PRAIRIES,2-Methylheptane,2005-03-05T00:00,0.045,µg/m³,VOC,N/A
50129,MONTRÉAL-RIVIÈRE-DES-PRAIRIES,2-Methylheptane,2005-03-11T00:00,0.168,µg/m³,VOC,N/A
50129,MONTRÉAL-RIVIÈRE-DES-PRAIRIES,2-Methylheptane,2005-03-17T00:00,0.108,µg/m³,VOC,N/A
50129,MONTRÉAL-RIVIÈRE-DES-PRAIRIES,2-Methylheptane,2005-03-23T00:00,0.073,µg/m³,VOC,N/A
50129,MONTRÉAL-RIVIÈRE-DES-PRAIRIES,2-Methylheptane,2005-03-29T00:00,0.072,µg/m³,VOC,N/A
50129,MONTRÉAL-RIVIÈRE-DES-PRAIRIES,2-Methylheptane,2005-04-04T00:00,0.065,µg/m³,VOC,N/A
50129,MONTRÉAL-RIVIÈRE-DES-PRAIRIES,2-Methylheptane,2005-04-10T00:00,0.046,µg/m³,VOC,N/A
50129,MONTRÉAL-RIVIÈRE-DES-PRAIRIES,2-Methylheptane,2005-04-16T00:00,0.202,µg/m³,VOC,N/A
50129,MONTRÉAL-RIVIÈRE-DES-PRAIRIES,2-Methylheptane,2005-04-22T00:00,0.175,µg/m³,VOC,N/A
50129,MONTRÉAL-RIVIÈRE-DES-PRAIRIES,2-Methylheptane,2005-04-28T00:00,0.051,µg/m³,VOC,N/A
50129,MONTRÉAL-RIVIÈRE-DES-PRAIRIES,2-Methylheptane,2005-05-04T00:00,0.065,µg/m³,VOC,N/A
50129,MONTRÉAL-RIVIÈRE-DES-PRAIRIES,2-Methylheptane,2005-05-10T00:00,0.570,µg/m³,VOC,N/A
50129,MONTRÉAL-RIVIÈRE-DES-PRAIRIES,2-Methylheptane,2005-05-16T00:00,0.046,µg/m³,VOC,N/A
50129,MONTRÉAL-RIVIÈRE-DES-PRAIRIES,2-Methylheptane,2005-05-22T00:00,0.014,µg/m³,VOC,N/A
50129,MONTRÉAL-RIVIÈRE-DES-PRAIRIES,2-Methylheptane,2005-05-28T00:00,0.125,µg/m³,VOC,N/A
50129,MONTRÉAL-RIVIÈRE-DES-PRAIRIES,2-Methylheptane,2005-06-03T00:00,0.212,µg/m³,VOC,N/A
50129,MONTRÉAL-RIVIÈRE-DES-PRAIRIES,2-Methylheptane,2005-06-09T00:00,0.174,µg/m³,VOC,N/A
50129,MONTRÉAL-RIVIÈRE-DES-PRAIRIES,2-Methylheptane,2005-06-15T00:00,0.077,µg/m³,VOC,N/A
50129,MONTRÉAL-RIVIÈRE-DES-PRAIRIES,2-Methylheptane,2005-06-21T00:00,0.040,µg/m³,VOC,N/A
50129,MONTRÉAL-RIVIÈRE-DES-PRAIRIES,2-Methylheptane,2005-06-27T00:00,0.140,µg/m³,VOC,N/A
50129,MONTRÉAL-RIVIÈRE-DES-PRAIRIES,2-Methylheptane,2005-07-03T00:00,0.090,µg/m³,VOC,N/A
50129,MONTRÉAL-RIVIÈRE-DES-PRAIRIES,2-Methylheptane,2005-07-09T00:00,0.077,µg/m³,VOC,N/A
50129,MONTRÉAL-RIVIÈRE-DES-PRAIRIES,2-Methylheptane,2005-07-15T00:00,0.129,µg/m³,VOC,N/A
50129,MONTRÉAL-RIVIÈRE-DES-PRAIRIES,2-Methylheptane,2005-07-21T00:00,0.082,µg/m³,VOC,N/A
50129,MONTRÉAL-RIVIÈRE-DES-PRAIRIES,2-Methylheptane,2005-07-27T00:00,0.047,µg/m³,VOC,N/A
50129,MONTRÉAL-RIVIÈRE-DES-PRAIRIES,2-Methylheptane,2005-08-02T00:00,0.170,µg/m³,VOC,N/A
50129,MONTRÉAL-RIVIÈRE-DES-PRAIRIES,2-Methylheptane,2005-08-14T00:00,0.089,µg/m³,VOC,N/A
50129,MONTRÉAL-RIVIÈRE-DES-PRAIRIES,2-Methylheptane,2005-08-20T00:00,0.050,µg/m³,VOC,N/A
50129,MONTRÉAL-RIVIÈRE-DES-PRAIRIES,2-Methylheptane,2005-08-26T00:00,0.111,µg/m³,VOC,N/A
50129,MONTRÉAL-RIVIÈRE-DES-PRAIRIES,2-Methylheptane,2005-09-01T00:00,0.034,µg/m³,VOC,N/A
50129,MONTRÉAL-RIVIÈRE-DES-PRAIRIES,2-Methylheptane,2005-09-07T00:00,0.072,µg/m³,VOC,N/A
50129,MONTRÉAL-RIVIÈRE-DES-PRAIRIES,2-Methylheptane,2005-09-13T00:00,0.137,µg/m³,VOC,N/A
50129,MONTRÉAL-RIVIÈRE-DES-PRAIRIES,2-Methylheptane,2005-09-19T00:00,0.169,µg/m³,VOC,N/A
50129,MONTRÉAL-RIVIÈRE-DES-PRAIRIES,2-Methylheptane,2005-09-25T00:00,0.072,µg/m³,VOC,N/A
50129,MONTRÉAL-RIVIÈRE-DES-PRAIRIES,2-Methylheptane,2005-10-01T00:00,0.094,µg/m³,VOC,N/A
50129,MONTRÉAL-RIVIÈRE-DES-PRAIRIES,2-Methylheptane,2005-10-07T00:00,0.058,µg/m³,VOC,N/A
50129,MONTRÉAL-RIVIÈRE-DES-PRAIRIES,2-Methylheptane,2005-10-13T00:00,0.037,µg/m³,VOC,N/A
50129,MONTRÉAL-RIVIÈRE-DES-PRAIRIES,2-Methylheptane,2005-10-19T00:00,0.051,µg/m³,VOC,N/A
50129,MONTRÉAL-RIVIÈRE-DES-PRAIRIES,2-Methylheptane,2005-10-25T00:00,0.014,µg/m³,VOC,N/A
50129,MONTRÉAL-RIVIÈRE-DES-PRAIRIES,2-Methylheptane,2005-10-31T00:00,0.043,µg/m³,VOC,N/A
50129,MONTRÉAL-RIVIÈRE-DES-PRAIRIES,2-Methylheptane,2005-11-06T00:00,0.052,µg/m³,VOC,N/A
50129,MONTRÉAL-RIVIÈRE-DES-PRAIRIES,2-Methylheptane,2005-11-12T00:00,0.203,µg/m³,VOC,N/A
50129,MONTRÉAL-RIVIÈRE-DES-PRAIRIES,2-Methylheptane,2005-11-18T00:00,0.061,µg/m³,VOC,N/A
50129,MONTRÉAL-RIVIÈRE-DES-PRAIRIES,2-Methylheptane,2005-11-24T00:00,0.080,µg/m³,VOC,N/A
50129,MONTRÉAL-RIVIÈRE-DES-PRAIRIES,2-Methylheptane,2005-11-30T00:00,0.051,µg/m³,VOC,N/A
50129,MONTRÉAL-RIVIÈRE-DES-PRAIRIES,2-Methylheptane,2005-12-12T00:00,0.037,µg/m³,VOC,N/A
50129,MONTRÉAL-RIVIÈRE-DES-PRAIRIES,2-Methylheptane,2005-12-18T00:00,0.049,µg/m³,VOC,N/A
50129,MONTRÉAL-RIVIÈRE-DES-PRAIRIES,2-Methylheptane,2005-12-24T00:00,0.195,µg/m³,VOC,N/A
50129,MONTRÉAL-RIVIÈRE-DES-PRAIRIES,2-Methylheptane,2005-12-30T00:00,0.043,µg/m³,VOC,N/A
