﻿NAPS_Site_ID,Station_Name,Pollutant,Date,Value,Units,Report_Type,Method
90121,EDMONTON EAST,"1,2,4-Trimethylbenzene",2005-01-04T00:00,0.395,µg/m³,VOC,GC-MS
90121,EDMONTON EAST,"1,2,4-Trimethylbenzene",2005-01-10T00:00,0.759,µg/m³,VOC,GC-MS
90121,EDMONTON EAST,"1,2,4-Trimethylbenzene",2005-01-16T00:00,0.111,µg/m³,VOC,GC-MS
90121,EDMONTON EAST,"1,2,4-Trimethylbenzene",2005-01-22T00:00,0.336,µg/m³,VOC,GC-MS
90121,EDMONTON EAST,"1,2,4-Trimethylbenzene",2005-01-28T00:00,0.130,µg/m³,VOC,GC-MS
90121,EDMONTON EAST,"1,2,4-Trimethylbenzene",2005-02-03T00:00,1.280,µg/m³,VOC,GC-MS
90121,EDMONTON EAST,"1,2,4-Trimethylbenzene",2005-02-09T00:00,2.941,µg/m³,VOC,GC-MS
90121,EDMONTON EAST,"1,2,4-Trimethylbenzene",2005-02-15T00:00,0.301,µg/m³,VOC,GC-MS
90121,EDMONTON EAST,"1,2,4-Trimethylbenzene",2005-02-21T00:00,0.238,µg/m³,VOC,GC-MS
90121,EDMONTON EAST,"1,2,4-Trimethylbenzene",2005-02-27T00:00,0.271,µg/m³,VOC,GC-MS
90121,EDMONTON EAST,"1,2,4-Trimethylbenzene",2005-03-05T00:00,0.486,µg/m³,VOC,GC-MS
90121,EDMONTON EAST,"1,2,4-Trimethylbenzene",2005-03-11T00:00,0.179,µg/m³,VOC,GC-MS
90121,EDMONTON EAST,"1,2,4-Trimethylbenzene",2005-03-17T00:00,0.066,µg/m³,VOC,GC-MS
90121,EDMONTON EAST,"1,2,4-Trimethylbenzene",2005-03-23T00:00,0.378,µg/m³,VOC,GC-MS
90121,EDMONTON EAST,"1,2,4-Trimethylbenzene",2005-03-29T00:00,0.951,µg/m³,VOC,GC-MS
90121,EDMONTON EAST,"1,2,4-Trimethylbenzene",2005-04-04T00:00,0.273,µg/m³,VOC,GC-MS
90121,EDMONTON EAST,"1,2,4-Trimethylbenzene",2005-04-10T00:00,0.246,µg/m³,VOC,GC-MS
90121,EDMONTON EAST,"1,2,4-Trimethylbenzene",2005-04-16T00:00,0.175,µg/m³,VOC,GC-MS
90121,EDMONTON EAST,"1,2,4-Trimethylbenzene",2005-04-22T00:00,0.145,µg/m³,VOC,GC-MS
90121,EDMONTON EAST,"1,2,4-Trimethylbenzene",2005-04-28T00:00,0.167,µg/m³,VOC,GC-MS
90121,EDMONTON EAST,"1,2,4-Trimethylbenzene",2005-05-04T00:00,1.592,µg/m³,VOC,GC-MS
90121,EDMONTON EAST,"1,2,4-Trimethylbenzene",2005-05-10T00:00,0.140,µg/m³,VOC,GC-MS
90121,EDMONTON EAST,"1,2,4-Trimethylbenzene",2005-05-16T00:00,0.174,µg/m³,VOC,GC-MS
90121,EDMONTON EAST,"1,2,4-Trimethylbenzene",2005-05-22T00:00,0.288,µg/m³,VOC,GC-MS
90121,EDMONTON EAST,"1,2,4-Trimethylbenzene",2005-05-28T00:00,0.269,µg/m³,VOC,GC-MS
90121,EDMONTON EAST,"1,2,4-Trimethylbenzene",2005-06-03T00:00,0.204,µg/m³,VOC,GC-MS
90121,EDMONTON EAST,"1,2,4-Trimethylbenzene",2005-06-09T00:00,0.376,µg/m³,VOC,GC-MS
90121,EDMONTON EAST,"1,2,4-Trimethylbenzene",2005-06-15T00:00,0.313,µg/m³,VOC,GC-MS
90121,EDMONTON EAST,"1,2,4-Trimethylbenzene",2005-06-21T00:00,0.207,µg/m³,VOC,GC-MS
90121,EDMONTON EAST,"1,2,4-Trimethylbenzene",2005-06-27T00:00,0.112,µg/m³,VOC,GC-MS
90121,EDMONTON EAST,"1,2,4-Trimethylbenzene",2005-07-03T00:00,0.151,µg/m³,VOC,GC-MS
90121,EDMONTON EAST,"1,2,4-Trimethylbenzene",2005-07-15T00:00,0.596,µg/m³,VOC,GC-MS
90121,EDMONTON EAST,"1,2,4-Trimethylbenzene",2005-07-27T00:00,0.330,µg/m³,VOC,GC-MS
90121,EDMONTON EAST,"1,2,4-Trimethylbenzene",2005-08-02T00:00,0.421,µg/m³,VOC,GC-MS
90121,EDMONTON EAST,"1,2,4-Trimethylbenzene",2005-08-08T00:00,0.720,µg/m³,VOC,GC-MS
90121,EDMONTON EAST,"1,2,4-Trimethylbenzene",2005-08-14T00:00,0.246,µg/m³,VOC,GC-MS
90121,EDMONTON EAST,"1,2,4-Trimethylbenzene",2005-08-20T00:00,0.453,µg/m³,VOC,GC-MS
90121,EDMONTON EAST,"1,2,4-Trimethylbenzene",2005-08-26T00:00,0.887,µg/m³,VOC,GC-MS
90121,EDMONTON EAST,"1,2,4-Trimethylbenzene",2005-09-01T00:00,0.715,µg/m³,VOC,GC-MS
90121,EDMONTON EAST,"1,2,4-Trimethylbenzene",2005-09-07T00:00,0.608,µg/m³,VOC,GC-MS
90121,EDMONTON EAST,"1,2,4-Trimethylbenzene",2005-09-13T00:00,0.769,µg/m³,VOC,GC-MS
90121,EDMONTON EAST,"1,2,4-Trimethylbenzene",2005-09-19T00:00,0.633,µg/m³,VOC,GC-MS
90121,EDMONTON EAST,"1,2,4-Trimethylbenzene",2005-09-25T00:00,0.305,µg/m³,VOC,GC-MS
90121,EDMONTON EAST,"1,2,4-Trimethylbenzene",2005-10-01T00:00,0.384,µg/m³,VOC,GC-MS
90121,EDMONTON EAST,"1,2,4-Trimethylbenzene",2005-10-07T00:00,1.055,µg/m³,VOC,GC-MS
90121,EDMONTON EAST,"1,2,4-Trimethylbenzene",2005-10-19T00:00,0.308,µg/m³,VOC,GC-MS
90121,EDMONTON EAST,"1,2,4-Trimethylbenzene",2005-10-25T00:00,0.149,µg/m³,VOC,GC-MS
90121,EDMONTON EAST,"1,2,4-Trimethylbenzene",2005-10-31T00:00,0.272,µg/m³,VOC,GC-MS
90121,EDMONTON EAST,"1,2,4-Trimethylbenzene",2005-11-06T00:00,0.124,µg/m³,VOC,GC-MS
90121,EDMONTON EAST,"1,2,4-Trimethylbenzene",2005-11-12T00:00,0.384,µg/m³,VOC,GC-MS
90121,EDMONTON EAST,"1,2,4-Trimethylbenzene",2005-11-18T00:00,0.460,µg/m³,VOC,GC-MS
90121,EDMONTON EAST,"1,2,4-Trimethylbenzene",2005-11-24T00:00,2.356,µg/m³,VOC,GC-MS
90121,EDMONTON EAST,"1,2,4-Trimethylbenzene",2005-11-30T00:00,0.098,µg/m³,VOC,GC-MS
90121,EDMONTON EAST,"1,2,4-Trimethylbenzene",2005-12-06T00:00,0.737,µg/m³,VOC,GC-MS
90121,EDMONTON EAST,"1,2,4-Trimethylbenzene",2005-12-12T00:00,2.308,µg/m³,VOC,GC-MS
90121,EDMONTON EAST,"1,2,4-Trimethylbenzene",2005-12-18T00:00,0.225,µg/m³,VOC,GC-MS
90121,EDMONTON EAST,"1,2,4-Trimethylbenzene",2005-12-24T00:00,0.586,µg/m³,VOC,GC-MS
90121,EDMONTON EAST,"1,2,4-Trimethylbenzene",2005-12-30T00:00,0.520,µg/m³,VOC,GC-MS
