﻿NAPS_Site_ID,Station_Name,Pollutant,Date,Value,Units,Report_Type,Method
62601,EXPERIMENTAL FARM _SIMCOE_,"2,2,4-Trimethylpentane",2001-01-01T00:00,0.034,µg/m³,VOC,
62601,EXPERIMENTAL FARM _SIMCOE_,"2,2,4-Trimethylpentane",2001-01-04T00:00,0.101,µg/m³,VOC,
62601,EXPERIMENTAL FARM _SIMCOE_,"2,2,4-Trimethylpentane",2001-01-07T00:00,0.157,µg/m³,VOC,
62601,EXPERIMENTAL FARM _SIMCOE_,"2,2,4-Trimethylpentane",2001-01-13T00:00,0.222,µg/m³,VOC,
62601,EXPERIMENTAL FARM _SIMCOE_,"2,2,4-Trimethylpentane",2001-01-16T00:00,0.235,µg/m³,VOC,
62601,EXPERIMENTAL FARM _SIMCOE_,"2,2,4-Trimethylpentane",2001-01-19T00:00,0.106,µg/m³,VOC,
62601,EXPERIMENTAL FARM _SIMCOE_,"2,2,4-Trimethylpentane",2001-01-25T00:00,0.026,µg/m³,VOC,
62601,EXPERIMENTAL FARM _SIMCOE_,"2,2,4-Trimethylpentane",2001-01-28T00:00,0.141,µg/m³,VOC,
62601,EXPERIMENTAL FARM _SIMCOE_,"2,2,4-Trimethylpentane",2001-02-03T00:00,0.081,µg/m³,VOC,
62601,EXPERIMENTAL FARM _SIMCOE_,"2,2,4-Trimethylpentane",2001-02-06T00:00,0.163,µg/m³,VOC,
62601,EXPERIMENTAL FARM _SIMCOE_,"2,2,4-Trimethylpentane",2001-02-09T00:00,0.094,µg/m³,VOC,
62601,EXPERIMENTAL FARM _SIMCOE_,"2,2,4-Trimethylpentane",2001-02-12T00:00,0.053,µg/m³,VOC,
62601,EXPERIMENTAL FARM _SIMCOE_,"2,2,4-Trimethylpentane",2001-02-15T00:00,0.113,µg/m³,VOC,
62601,EXPERIMENTAL FARM _SIMCOE_,"2,2,4-Trimethylpentane",2001-02-18T00:00,0.072,µg/m³,VOC,
62601,EXPERIMENTAL FARM _SIMCOE_,"2,2,4-Trimethylpentane",2001-02-24T00:00,0.139,µg/m³,VOC,
62601,EXPERIMENTAL FARM _SIMCOE_,"2,2,4-Trimethylpentane",2001-02-27T00:00,0.028,µg/m³,VOC,
62601,EXPERIMENTAL FARM _SIMCOE_,"2,2,4-Trimethylpentane",2001-03-02T00:00,0.123,µg/m³,VOC,
62601,EXPERIMENTAL FARM _SIMCOE_,"2,2,4-Trimethylpentane",2001-03-08T00:00,0.084,µg/m³,VOC,
62601,EXPERIMENTAL FARM _SIMCOE_,"2,2,4-Trimethylpentane",2001-03-11T00:00,0.021,µg/m³,VOC,
62601,EXPERIMENTAL FARM _SIMCOE_,"2,2,4-Trimethylpentane",2001-03-14T00:00,0.074,µg/m³,VOC,
62601,EXPERIMENTAL FARM _SIMCOE_,"2,2,4-Trimethylpentane",2001-03-17T00:00,0.064,µg/m³,VOC,
62601,EXPERIMENTAL FARM _SIMCOE_,"2,2,4-Trimethylpentane",2001-03-20T00:00,0.082,µg/m³,VOC,
62601,EXPERIMENTAL FARM _SIMCOE_,"2,2,4-Trimethylpentane",2001-03-23T00:00,0.018,µg/m³,VOC,
62601,EXPERIMENTAL FARM _SIMCOE_,"2,2,4-Trimethylpentane",2001-03-26T00:00,0.027,µg/m³,VOC,
62601,EXPERIMENTAL FARM _SIMCOE_,"2,2,4-Trimethylpentane",2001-03-29T00:00,0.108,µg/m³,VOC,
62601,EXPERIMENTAL FARM _SIMCOE_,"2,2,4-Trimethylpentane",2001-04-01T00:00,0.030,µg/m³,VOC,
62601,EXPERIMENTAL FARM _SIMCOE_,"2,2,4-Trimethylpentane",2001-04-04T00:00,0.026,µg/m³,VOC,
62601,EXPERIMENTAL FARM _SIMCOE_,"2,2,4-Trimethylpentane",2001-04-07T00:00,0.147,µg/m³,VOC,
62601,EXPERIMENTAL FARM _SIMCOE_,"2,2,4-Trimethylpentane",2001-04-13T00:00,0.010,µg/m³,VOC,
62601,EXPERIMENTAL FARM _SIMCOE_,"2,2,4-Trimethylpentane",2001-04-16T00:00,0.078,µg/m³,VOC,
62601,EXPERIMENTAL FARM _SIMCOE_,"2,2,4-Trimethylpentane",2001-04-19T00:00,0.010,µg/m³,VOC,
62601,EXPERIMENTAL FARM _SIMCOE_,"2,2,4-Trimethylpentane",2001-04-22T00:00,0.058,µg/m³,VOC,
62601,EXPERIMENTAL FARM _SIMCOE_,"2,2,4-Trimethylpentane",2001-04-25T00:00,0.011,µg/m³,VOC,
62601,EXPERIMENTAL FARM _SIMCOE_,"2,2,4-Trimethylpentane",2001-04-28T00:00,0.021,µg/m³,VOC,
62601,EXPERIMENTAL FARM _SIMCOE_,"2,2,4-Trimethylpentane",2001-05-01T00:00,0.044,µg/m³,VOC,
62601,EXPERIMENTAL FARM _SIMCOE_,"2,2,4-Trimethylpentane",2001-05-04T00:00,0.059,µg/m³,VOC,
62601,EXPERIMENTAL FARM _SIMCOE_,"2,2,4-Trimethylpentane",2001-05-07T00:00,0.040,µg/m³,VOC,
62601,EXPERIMENTAL FARM _SIMCOE_,"2,2,4-Trimethylpentane",2001-05-10T00:00,0.062,µg/m³,VOC,
62601,EXPERIMENTAL FARM _SIMCOE_,"2,2,4-Trimethylpentane",2001-05-13T00:00,0.023,µg/m³,VOC,
62601,EXPERIMENTAL FARM _SIMCOE_,"2,2,4-Trimethylpentane",2001-05-16T00:00,0.028,µg/m³,VOC,
62601,EXPERIMENTAL FARM _SIMCOE_,"2,2,4-Trimethylpentane",2001-05-19T00:00,0.061,µg/m³,VOC,
62601,EXPERIMENTAL FARM _SIMCOE_,"2,2,4-Trimethylpentane",2001-05-28T00:00,0.153,µg/m³,VOC,
62601,EXPERIMENTAL FARM _SIMCOE_,"2,2,4-Trimethylpentane",2001-05-31T00:00,0.018,µg/m³,VOC,
62601,EXPERIMENTAL FARM _SIMCOE_,"2,2,4-Trimethylpentane",2001-06-06T00:00,0.029,µg/m³,VOC,
62601,EXPERIMENTAL FARM _SIMCOE_,"2,2,4-Trimethylpentane",2001-06-09T00:00,0.025,µg/m³,VOC,
62601,EXPERIMENTAL FARM _SIMCOE_,"2,2,4-Trimethylpentane",2001-06-12T00:00,0.088,µg/m³,VOC,
62601,EXPERIMENTAL FARM _SIMCOE_,"2,2,4-Trimethylpentane",2001-06-15T00:00,0.054,µg/m³,VOC,
62601,EXPERIMENTAL FARM _SIMCOE_,"2,2,4-Trimethylpentane",2001-06-18T00:00,0.115,µg/m³,VOC,
62601,EXPERIMENTAL FARM _SIMCOE_,"2,2,4-Trimethylpentane",2001-06-21T00:00,0.116,µg/m³,VOC,
62601,EXPERIMENTAL FARM _SIMCOE_,"2,2,4-Trimethylpentane",2001-06-24T00:00,0.044,µg/m³,VOC,
62601,EXPERIMENTAL FARM _SIMCOE_,"2,2,4-Trimethylpentane",2001-06-27T00:00,0.059,µg/m³,VOC,
62601,EXPERIMENTAL FARM _SIMCOE_,"2,2,4-Trimethylpentane",2001-06-30T00:00,0.075,µg/m³,VOC,
62601,EXPERIMENTAL FARM _SIMCOE_,"2,2,4-Trimethylpentane",2001-07-06T00:00,0.059,µg/m³,VOC,
62601,EXPERIMENTAL FARM _SIMCOE_,"2,2,4-Trimethylpentane",2001-07-09T00:00,0.079,µg/m³,VOC,
62601,EXPERIMENTAL FARM _SIMCOE_,"2,2,4-Trimethylpentane",2001-07-12T00:00,0.023,µg/m³,VOC,
62601,EXPERIMENTAL FARM _SIMCOE_,"2,2,4-Trimethylpentane",2001-07-18T00:00,0.089,µg/m³,VOC,
62601,EXPERIMENTAL FARM _SIMCOE_,"2,2,4-Trimethylpentane",2001-07-21T00:00,0.046,µg/m³,VOC,
62601,EXPERIMENTAL FARM _SIMCOE_,"2,2,4-Trimethylpentane",2001-07-24T00:00,0.090,µg/m³,VOC,
62601,EXPERIMENTAL FARM _SIMCOE_,"2,2,4-Trimethylpentane",2001-07-27T00:00,0.055,µg/m³,VOC,
62601,EXPERIMENTAL FARM _SIMCOE_,"2,2,4-Trimethylpentane",2001-07-30T00:00,0.028,µg/m³,VOC,
62601,EXPERIMENTAL FARM _SIMCOE_,"2,2,4-Trimethylpentane",2001-08-02T00:00,0.123,µg/m³,VOC,
62601,EXPERIMENTAL FARM _SIMCOE_,"2,2,4-Trimethylpentane",2001-08-05T00:00,0.100,µg/m³,VOC,
62601,EXPERIMENTAL FARM _SIMCOE_,"2,2,4-Trimethylpentane",2001-08-14T00:00,0.034,µg/m³,VOC,
62601,EXPERIMENTAL FARM _SIMCOE_,"2,2,4-Trimethylpentane",2001-09-10T00:00,0.092,µg/m³,VOC,
62601,EXPERIMENTAL FARM _SIMCOE_,"2,2,4-Trimethylpentane",2001-09-13T00:00,0.058,µg/m³,VOC,
62601,EXPERIMENTAL FARM _SIMCOE_,"2,2,4-Trimethylpentane",2001-09-16T00:00,0.051,µg/m³,VOC,
62601,EXPERIMENTAL FARM _SIMCOE_,"2,2,4-Trimethylpentane",2001-09-19T00:00,0.107,µg/m³,VOC,
62601,EXPERIMENTAL FARM _SIMCOE_,"2,2,4-Trimethylpentane",2001-09-22T00:00,0.147,µg/m³,VOC,
62601,EXPERIMENTAL FARM _SIMCOE_,"2,2,4-Trimethylpentane",2001-09-25T00:00,0.047,µg/m³,VOC,
62601,EXPERIMENTAL FARM _SIMCOE_,"2,2,4-Trimethylpentane",2001-09-28T00:00,0.138,µg/m³,VOC,
62601,EXPERIMENTAL FARM _SIMCOE_,"2,2,4-Trimethylpentane",2001-10-04T00:00,0.092,µg/m³,VOC,
62601,EXPERIMENTAL FARM _SIMCOE_,"2,2,4-Trimethylpentane",2001-10-07T00:00,0.014,µg/m³,VOC,
62601,EXPERIMENTAL FARM _SIMCOE_,"2,2,4-Trimethylpentane",2001-10-10T00:00,0.072,µg/m³,VOC,
62601,EXPERIMENTAL FARM _SIMCOE_,"2,2,4-Trimethylpentane",2001-10-13T00:00,0.045,µg/m³,VOC,
62601,EXPERIMENTAL FARM _SIMCOE_,"2,2,4-Trimethylpentane",2001-10-16T00:00,0.041,µg/m³,VOC,
62601,EXPERIMENTAL FARM _SIMCOE_,"2,2,4-Trimethylpentane",2001-10-19T00:00,0.101,µg/m³,VOC,
62601,EXPERIMENTAL FARM _SIMCOE_,"2,2,4-Trimethylpentane",2001-10-22T00:00,0.108,µg/m³,VOC,
62601,EXPERIMENTAL FARM _SIMCOE_,"2,2,4-Trimethylpentane",2001-10-25T00:00,0.053,µg/m³,VOC,
62601,EXPERIMENTAL FARM _SIMCOE_,"2,2,4-Trimethylpentane",2001-10-28T00:00,0.073,µg/m³,VOC,
62601,EXPERIMENTAL FARM _SIMCOE_,"2,2,4-Trimethylpentane",2001-10-31T00:00,0.127,µg/m³,VOC,
62601,EXPERIMENTAL FARM _SIMCOE_,"2,2,4-Trimethylpentane",2001-11-03T00:00,0.068,µg/m³,VOC,
62601,EXPERIMENTAL FARM _SIMCOE_,"2,2,4-Trimethylpentane",2001-11-06T00:00,0.160,µg/m³,VOC,
62601,EXPERIMENTAL FARM _SIMCOE_,"2,2,4-Trimethylpentane",2001-11-09T00:00,0.076,µg/m³,VOC,
62601,EXPERIMENTAL FARM _SIMCOE_,"2,2,4-Trimethylpentane",2001-11-18T00:00,0.144,µg/m³,VOC,
62601,EXPERIMENTAL FARM _SIMCOE_,"2,2,4-Trimethylpentane",2001-11-21T00:00,0.101,µg/m³,VOC,
62601,EXPERIMENTAL FARM _SIMCOE_,"2,2,4-Trimethylpentane",2001-11-24T00:00,0.123,µg/m³,VOC,
62601,EXPERIMENTAL FARM _SIMCOE_,"2,2,4-Trimethylpentane",2001-11-27T00:00,0.243,µg/m³,VOC,
62601,EXPERIMENTAL FARM _SIMCOE_,"2,2,4-Trimethylpentane",2001-11-30T00:00,0.141,µg/m³,VOC,
62601,EXPERIMENTAL FARM _SIMCOE_,"2,2,4-Trimethylpentane",2001-12-06T00:00,0.082,µg/m³,VOC,
62601,EXPERIMENTAL FARM _SIMCOE_,"2,2,4-Trimethylpentane",2001-12-09T00:00,0.219,µg/m³,VOC,
62601,EXPERIMENTAL FARM _SIMCOE_,"2,2,4-Trimethylpentane",2001-12-12T00:00,0.041,µg/m³,VOC,
62601,EXPERIMENTAL FARM _SIMCOE_,"2,2,4-Trimethylpentane",2001-12-21T00:00,0.076,µg/m³,VOC,
62601,EXPERIMENTAL FARM _SIMCOE_,"2,2,4-Trimethylpentane",2001-12-24T00:00,0.092,µg/m³,VOC,
62601,EXPERIMENTAL FARM _SIMCOE_,"2,2,4-Trimethylpentane",2001-12-27T00:00,0.088,µg/m³,VOC,
