﻿NAPS_Site_ID,Station_Name,Pollutant,Date,Value,Units,Report_Type,Method
101301,LANGLEY CENTRAL,1-Pentene,1994-01-26T00:00,0.151,µg/m³,VOC,N/A
101301,LANGLEY CENTRAL,1-Pentene,1994-03-03T00:00,0.181,µg/m³,VOC,N/A
101301,LANGLEY CENTRAL,1-Pentene,1994-04-08T00:00,0.081,µg/m³,VOC,N/A
101301,LANGLEY CENTRAL,1-Pentene,1994-05-14T00:00,0.120,µg/m³,VOC,N/A
101301,LANGLEY CENTRAL,1-Pentene,1994-06-25T00:00,0.014,µg/m³,VOC,N/A
101301,LANGLEY CENTRAL,1-Pentene,1994-07-31T00:00,0.089,µg/m³,VOC,N/A
101301,LANGLEY CENTRAL,1-Pentene,1994-09-23T00:00,0.277,µg/m³,VOC,N/A
101301,LANGLEY CENTRAL,1-Pentene,1994-10-23T00:00,0.059,µg/m³,VOC,N/A
101301,LANGLEY CENTRAL,1-Pentene,1994-12-04T00:00,0.037,µg/m³,VOC,N/A
