﻿NAPS_Site_ID,Station_Name,Pollutant,Date,Value,Units,Report_Type,Method
40203,FOREST HILLS,Dodecane,2010-01-02T00:00,0.025,µg/m³,VOC,GC-MS
40203,FOREST HILLS,Dodecane,2010-01-08T00:00,0.034,µg/m³,VOC,GC-MS
40203,FOREST HILLS,Dodecane,2010-02-08T00:00,0.124,µg/m³,VOC,GC-MS
40203,FOREST HILLS,Dodecane,2010-02-13T00:00,0.041,µg/m³,VOC,GC-MS
40203,FOREST HILLS,Dodecane,2010-02-19T00:00,0.058,µg/m³,VOC,GC-MS
40203,FOREST HILLS,Dodecane,2010-02-25T00:00,0.017,µg/m³,VOC,GC-MS
40203,FOREST HILLS,Dodecane,2010-03-03T00:00,0.023,µg/m³,VOC,GC-MS
40203,FOREST HILLS,Dodecane,2010-03-09T00:00,0.015,µg/m³,VOC,GC-MS
40203,FOREST HILLS,Dodecane,2010-03-15T00:00,0.018,µg/m³,VOC,GC-MS
40203,FOREST HILLS,Dodecane,2010-03-21T00:00,0.063,µg/m³,VOC,GC-MS
40203,FOREST HILLS,Dodecane,2010-03-27T00:00,0.008,µg/m³,VOC,GC-MS
40203,FOREST HILLS,Dodecane,2010-04-02T00:00,1.318,µg/m³,VOC,GC-MS
40203,FOREST HILLS,Dodecane,2010-04-08T00:00,0.206,µg/m³,VOC,GC-MS
40203,FOREST HILLS,Dodecane,2010-04-14T00:00,1.095,µg/m³,VOC,GC-MS
40203,FOREST HILLS,Dodecane,2010-04-20T00:00,0.045,µg/m³,VOC,GC-MS
40203,FOREST HILLS,Dodecane,2010-04-26T00:00,1.432,µg/m³,VOC,GC-MS
40203,FOREST HILLS,Dodecane,2010-05-02T00:00,2.165,µg/m³,VOC,GC-MS
40203,FOREST HILLS,Dodecane,2010-05-08T00:00,0.159,µg/m³,VOC,GC-MS
40203,FOREST HILLS,Dodecane,2010-05-14T00:00,0.690,µg/m³,VOC,GC-MS
40203,FOREST HILLS,Dodecane,2010-05-20T00:00,1.094,µg/m³,VOC,GC-MS
40203,FOREST HILLS,Dodecane,2010-05-26T00:00,0.171,µg/m³,VOC,GC-MS
40203,FOREST HILLS,Dodecane,2010-06-01T00:00,0.280,µg/m³,VOC,GC-MS
40203,FOREST HILLS,Dodecane,2010-06-19T00:00,0.605,µg/m³,VOC,GC-MS
40203,FOREST HILLS,Dodecane,2010-06-25T00:00,0.448,µg/m³,VOC,GC-MS
40203,FOREST HILLS,Dodecane,2010-07-01T00:00,0.915,µg/m³,VOC,GC-MS
40203,FOREST HILLS,Dodecane,2010-07-07T00:00,1.523,µg/m³,VOC,GC-MS
40203,FOREST HILLS,Dodecane,2010-07-07T00:00,1.523,µg/m³,VOC,GC-MS
40203,FOREST HILLS,Dodecane,2010-07-07T00:00,2.309,µg/m³,VOC,GC-MS
40203,FOREST HILLS,Dodecane,2010-07-13T00:00,3.061,µg/m³,VOC,GC-MS
40203,FOREST HILLS,Dodecane,2010-07-13T00:00,3.651,µg/m³,VOC,GC-MS
40203,FOREST HILLS,Dodecane,2010-07-19T00:00,1.563,µg/m³,VOC,GC-MS
40203,FOREST HILLS,Dodecane,2010-07-25T00:00,2.123,µg/m³,VOC,GC-MS
40203,FOREST HILLS,Dodecane,2010-07-31T00:00,0.114,µg/m³,VOC,GC-MS
40203,FOREST HILLS,Dodecane,2010-08-06T00:00,2.416,µg/m³,VOC,GC-MS
40203,FOREST HILLS,Dodecane,2010-08-12T00:00,0.551,µg/m³,VOC,GC-MS
40203,FOREST HILLS,Dodecane,2010-08-18T00:00,1.746,µg/m³,VOC,GC-MS
40203,FOREST HILLS,Dodecane,2010-10-11T00:00,0.024,µg/m³,VOC,GC-MS
40203,FOREST HILLS,Dodecane,2010-11-10T00:00,0.015,µg/m³,VOC,GC-MS
40203,FOREST HILLS,Dodecane,2010-11-16T00:00,0.019,µg/m³,VOC,GC-MS
40203,FOREST HILLS,Dodecane,2010-11-22T00:00,0.019,µg/m³,VOC,GC-MS
40203,FOREST HILLS,Dodecane,2010-11-28T00:00,0.017,µg/m³,VOC,GC-MS
40203,FOREST HILLS,Dodecane,2010-12-04T00:00,0.013,µg/m³,VOC,GC-MS
40203,FOREST HILLS,Dodecane,2010-12-10T00:00,0.026,µg/m³,VOC,GC-MS
40203,FOREST HILLS,Dodecane,2010-12-16T00:00,0.012,µg/m³,VOC,GC-MS
40203,FOREST HILLS,Dodecane,2010-12-22T00:00,0.026,µg/m³,VOC,GC-MS
40203,FOREST HILLS,Dodecane,2010-12-28T00:00,0.006,µg/m³,VOC,GC-MS
