﻿NAPS_Site_ID,Station_Name,Pollutant,Date,Value,Units,Report_Type,Method
50133,MONTRÉAL-CHENIER,Isoprene,2009-01-01T00:00,0.049,µg/m³,VOC,GC-MS
50133,MONTRÉAL-CHENIER,Isoprene,2009-01-07T00:00,0.025,µg/m³,VOC,GC-MS
50133,MONTRÉAL-CHENIER,Isoprene,2009-01-13T00:00,0.033,µg/m³,VOC,GC-MS
50133,MONTRÉAL-CHENIER,Isoprene,2009-01-19T00:00,0.039,µg/m³,VOC,GC-MS
50133,MONTRÉAL-CHENIER,Isoprene,2009-01-25T00:00,0.035,µg/m³,VOC,GC-MS
50133,MONTRÉAL-CHENIER,Isoprene,2009-01-31T00:00,0.053,µg/m³,VOC,GC-MS
50133,MONTRÉAL-CHENIER,Isoprene,2009-02-06T00:00,0.086,µg/m³,VOC,GC-MS
50133,MONTRÉAL-CHENIER,Isoprene,2009-02-12T00:00,0.045,µg/m³,VOC,GC-MS
50133,MONTRÉAL-CHENIER,Isoprene,2009-02-18T00:00,0.060,µg/m³,VOC,GC-MS
50133,MONTRÉAL-CHENIER,Isoprene,2009-02-24T00:00,0.037,µg/m³,VOC,GC-MS
50133,MONTRÉAL-CHENIER,Isoprene,2009-03-02T00:00,0.015,µg/m³,VOC,GC-MS
50133,MONTRÉAL-CHENIER,Isoprene,2009-03-08T00:00,0.048,µg/m³,VOC,GC-MS
50133,MONTRÉAL-CHENIER,Isoprene,2009-03-14T00:00,0.025,µg/m³,VOC,GC-MS
50133,MONTRÉAL-CHENIER,Isoprene,2009-03-20T00:00,0.026,µg/m³,VOC,GC-MS
50133,MONTRÉAL-CHENIER,Isoprene,2009-03-26T00:00,0.056,µg/m³,VOC,GC-MS
50133,MONTRÉAL-CHENIER,Isoprene,2009-04-01T00:00,0.033,µg/m³,VOC,GC-MS
50133,MONTRÉAL-CHENIER,Isoprene,2009-04-07T00:00,0.029,µg/m³,VOC,GC-MS
50133,MONTRÉAL-CHENIER,Isoprene,2009-04-13T00:00,0.018,µg/m³,VOC,GC-MS
50133,MONTRÉAL-CHENIER,Isoprene,2009-04-19T00:00,0.019,µg/m³,VOC,GC-MS
50133,MONTRÉAL-CHENIER,Isoprene,2009-04-25T00:00,0.046,µg/m³,VOC,GC-MS
50133,MONTRÉAL-CHENIER,Isoprene,2009-05-01T00:00,0.044,µg/m³,VOC,GC-MS
50133,MONTRÉAL-CHENIER,Isoprene,2009-05-07T00:00,0.073,µg/m³,VOC,GC-MS
50133,MONTRÉAL-CHENIER,Isoprene,2009-05-13T00:00,0.069,µg/m³,VOC,GC-MS
50133,MONTRÉAL-CHENIER,Isoprene,2009-05-19T00:00,0.039,µg/m³,VOC,GC-MS
50133,MONTRÉAL-CHENIER,Isoprene,2009-05-31T00:00,0.046,µg/m³,VOC,GC-MS
50133,MONTRÉAL-CHENIER,Isoprene,2009-06-06T00:00,0.135,µg/m³,VOC,GC-MS
50133,MONTRÉAL-CHENIER,Isoprene,2009-06-12T00:00,0.111,µg/m³,VOC,GC-MS
50133,MONTRÉAL-CHENIER,Isoprene,2009-06-18T00:00,0.106,µg/m³,VOC,GC-MS
50133,MONTRÉAL-CHENIER,Isoprene,2009-06-24T00:00,0.295,µg/m³,VOC,GC-MS
50133,MONTRÉAL-CHENIER,Isoprene,2009-06-30T00:00,0.434,µg/m³,VOC,GC-MS
50133,MONTRÉAL-CHENIER,Isoprene,2009-07-06T00:00,0.269,µg/m³,VOC,GC-MS
50133,MONTRÉAL-CHENIER,Isoprene,2009-07-12T00:00,0.316,µg/m³,VOC,GC-MS
50133,MONTRÉAL-CHENIER,Isoprene,2009-07-18T00:00,0.211,µg/m³,VOC,GC-MS
50133,MONTRÉAL-CHENIER,Isoprene,2009-07-24T00:00,0.333,µg/m³,VOC,GC-MS
50133,MONTRÉAL-CHENIER,Isoprene,2009-07-30T00:00,0.493,µg/m³,VOC,GC-MS
50133,MONTRÉAL-CHENIER,Isoprene,2009-08-05T00:00,0.479,µg/m³,VOC,GC-MS
50133,MONTRÉAL-CHENIER,Isoprene,2009-08-11T00:00,0.833,µg/m³,VOC,GC-MS
50133,MONTRÉAL-CHENIER,Isoprene,2009-08-17T00:00,0.584,µg/m³,VOC,GC-MS
50133,MONTRÉAL-CHENIER,Isoprene,2009-08-23T00:00,0.694,µg/m³,VOC,GC-MS
50133,MONTRÉAL-CHENIER,Isoprene,2009-08-29T00:00,0.165,µg/m³,VOC,GC-MS
50133,MONTRÉAL-CHENIER,Isoprene,2009-09-04T00:00,0.430,µg/m³,VOC,GC-MS
50133,MONTRÉAL-CHENIER,Isoprene,2009-09-10T00:00,0.200,µg/m³,VOC,GC-MS
50133,MONTRÉAL-CHENIER,Isoprene,2009-09-16T00:00,0.074,µg/m³,VOC,GC-MS
50133,MONTRÉAL-CHENIER,Isoprene,2009-09-22T00:00,0.117,µg/m³,VOC,GC-MS
50133,MONTRÉAL-CHENIER,Isoprene,2009-09-28T00:00,0.084,µg/m³,VOC,GC-MS
50133,MONTRÉAL-CHENIER,Isoprene,2009-10-04T00:00,0.104,µg/m³,VOC,GC-MS
50133,MONTRÉAL-CHENIER,Isoprene,2009-10-22T00:00,0.039,µg/m³,VOC,GC-MS
50133,MONTRÉAL-CHENIER,Isoprene,2009-10-28T00:00,0.069,µg/m³,VOC,GC-MS
50133,MONTRÉAL-CHENIER,Isoprene,2009-11-03T00:00,0.043,µg/m³,VOC,GC-MS
50133,MONTRÉAL-CHENIER,Isoprene,2009-11-09T00:00,0.064,µg/m³,VOC,GC-MS
50133,MONTRÉAL-CHENIER,Isoprene,2009-11-15T00:00,0.122,µg/m³,VOC,GC-MS
50133,MONTRÉAL-CHENIER,Isoprene,2009-11-21T00:00,0.034,µg/m³,VOC,GC-MS
50133,MONTRÉAL-CHENIER,Isoprene,2009-11-27T00:00,0.054,µg/m³,VOC,GC-MS
50133,MONTRÉAL-CHENIER,Isoprene,2009-12-03T00:00,0.043,µg/m³,VOC,GC-MS
50133,MONTRÉAL-CHENIER,Isoprene,2009-12-09T00:00,0.032,µg/m³,VOC,GC-MS
50133,MONTRÉAL-CHENIER,Isoprene,2009-12-15T00:00,0.046,µg/m³,VOC,GC-MS
50133,MONTRÉAL-CHENIER,Isoprene,2009-12-21T00:00,0.027,µg/m³,VOC,GC-MS
50133,MONTRÉAL-CHENIER,Isoprene,2009-12-27T00:00,0.039,µg/m³,VOC,GC-MS
