﻿NAPS_Site_ID,Station_Name,Pollutant,Date,Value,Units,Report_Type,Method
61502,WEST AVE. & HOMEWOOD _KITCHENER_,"1,4-Dichlorobenzene",1998-06-22T00:00,0.138,µg/m³,VOC,GC-MS
61502,WEST AVE. & HOMEWOOD _KITCHENER_,"1,4-Dichlorobenzene",1998-06-28T00:00,0.123,µg/m³,VOC,GC-MS
61502,WEST AVE. & HOMEWOOD _KITCHENER_,"1,4-Dichlorobenzene",1998-07-04T00:00,0.087,µg/m³,VOC,GC-MS
61502,WEST AVE. & HOMEWOOD _KITCHENER_,"1,4-Dichlorobenzene",1998-07-10T00:00,0.051,µg/m³,VOC,GC-MS
61502,WEST AVE. & HOMEWOOD _KITCHENER_,"1,4-Dichlorobenzene",1998-07-16T00:00,0.070,µg/m³,VOC,GC-MS
61502,WEST AVE. & HOMEWOOD _KITCHENER_,"1,4-Dichlorobenzene",1998-07-22T00:00,0.059,µg/m³,VOC,GC-MS
61502,WEST AVE. & HOMEWOOD _KITCHENER_,"1,4-Dichlorobenzene",1998-07-28T00:00,0.170,µg/m³,VOC,GC-MS
61502,WEST AVE. & HOMEWOOD _KITCHENER_,"1,4-Dichlorobenzene",1998-08-03T00:00,0.187,µg/m³,VOC,GC-MS
61502,WEST AVE. & HOMEWOOD _KITCHENER_,"1,4-Dichlorobenzene",1998-08-09T00:00,0.114,µg/m³,VOC,GC-MS
61502,WEST AVE. & HOMEWOOD _KITCHENER_,"1,4-Dichlorobenzene",1998-08-15T00:00,0.079,µg/m³,VOC,GC-MS
61502,WEST AVE. & HOMEWOOD _KITCHENER_,"1,4-Dichlorobenzene",1998-08-21T00:00,0.137,µg/m³,VOC,GC-MS
61502,WEST AVE. & HOMEWOOD _KITCHENER_,"1,4-Dichlorobenzene",1998-08-26T00:00,0.142,µg/m³,VOC,GC-MS
61502,WEST AVE. & HOMEWOOD _KITCHENER_,"1,4-Dichlorobenzene",1998-09-02T00:00,0.080,µg/m³,VOC,GC-MS
61502,WEST AVE. & HOMEWOOD _KITCHENER_,"1,4-Dichlorobenzene",1998-09-08T00:00,0.048,µg/m³,VOC,GC-MS
61502,WEST AVE. & HOMEWOOD _KITCHENER_,"1,4-Dichlorobenzene",1998-09-14T00:00,0.118,µg/m³,VOC,GC-MS
61502,WEST AVE. & HOMEWOOD _KITCHENER_,"1,4-Dichlorobenzene",1998-09-26T00:00,0.282,µg/m³,VOC,GC-MS
61502,WEST AVE. & HOMEWOOD _KITCHENER_,"1,4-Dichlorobenzene",1998-10-02T00:00,0.064,µg/m³,VOC,GC-MS
61502,WEST AVE. & HOMEWOOD _KITCHENER_,"1,4-Dichlorobenzene",1998-10-20T00:00,0.054,µg/m³,VOC,GC-MS
61502,WEST AVE. & HOMEWOOD _KITCHENER_,"1,4-Dichlorobenzene",1998-10-26T00:00,0.125,µg/m³,VOC,GC-MS
61502,WEST AVE. & HOMEWOOD _KITCHENER_,"1,4-Dichlorobenzene",1998-11-01T00:00,0.143,µg/m³,VOC,GC-MS
61502,WEST AVE. & HOMEWOOD _KITCHENER_,"1,4-Dichlorobenzene",1998-11-07T00:00,0.063,µg/m³,VOC,GC-MS
61502,WEST AVE. & HOMEWOOD _KITCHENER_,"1,4-Dichlorobenzene",1998-11-13T00:00,0.203,µg/m³,VOC,GC-MS
61502,WEST AVE. & HOMEWOOD _KITCHENER_,"1,4-Dichlorobenzene",1998-11-19T00:00,0.086,µg/m³,VOC,GC-MS
61502,WEST AVE. & HOMEWOOD _KITCHENER_,"1,4-Dichlorobenzene",1998-11-25T00:00,0.168,µg/m³,VOC,GC-MS
61502,WEST AVE. & HOMEWOOD _KITCHENER_,"1,4-Dichlorobenzene",1998-12-01T00:00,0.050,µg/m³,VOC,GC-MS
61502,WEST AVE. & HOMEWOOD _KITCHENER_,"1,4-Dichlorobenzene",1998-12-07T00:00,0.046,µg/m³,VOC,GC-MS
61502,WEST AVE. & HOMEWOOD _KITCHENER_,"1,4-Dichlorobenzene",1998-12-13T00:00,0.086,µg/m³,VOC,GC-MS
61502,WEST AVE. & HOMEWOOD _KITCHENER_,"1,4-Dichlorobenzene",1998-12-19T00:00,0.126,µg/m³,VOC,GC-MS
61502,WEST AVE. & HOMEWOOD _KITCHENER_,"1,4-Dichlorobenzene",1998-12-25T00:00,0.132,µg/m³,VOC,GC-MS
