﻿NAPS_Site_ID,Station_Name,Pollutant,Date,Value,Units,Report_Type,Method
40208,CHAMPLAIN HEIGHTS SCHOOL,4-Ethyltoluene,2006-01-05T00:00,0.039,µg/m³,VOC,N/A
40208,CHAMPLAIN HEIGHTS SCHOOL,4-Ethyltoluene,2006-01-11T00:00,0.382,µg/m³,VOC,N/A
40208,CHAMPLAIN HEIGHTS SCHOOL,4-Ethyltoluene,2006-01-17T00:00,0.048,µg/m³,VOC,N/A
40208,CHAMPLAIN HEIGHTS SCHOOL,4-Ethyltoluene,2006-01-23T00:00,0.087,µg/m³,VOC,N/A
40208,CHAMPLAIN HEIGHTS SCHOOL,4-Ethyltoluene,2006-01-29T00:00,0.039,µg/m³,VOC,N/A
40208,CHAMPLAIN HEIGHTS SCHOOL,4-Ethyltoluene,2006-02-04T00:00,0.326,µg/m³,VOC,N/A
40208,CHAMPLAIN HEIGHTS SCHOOL,4-Ethyltoluene,2006-02-10T00:00,0.057,µg/m³,VOC,N/A
40208,CHAMPLAIN HEIGHTS SCHOOL,4-Ethyltoluene,2006-02-16T00:00,0.138,µg/m³,VOC,N/A
40208,CHAMPLAIN HEIGHTS SCHOOL,4-Ethyltoluene,2006-02-22T00:00,0.105,µg/m³,VOC,N/A
40208,CHAMPLAIN HEIGHTS SCHOOL,4-Ethyltoluene,2006-02-28T00:00,0.082,µg/m³,VOC,N/A
40208,CHAMPLAIN HEIGHTS SCHOOL,4-Ethyltoluene,2006-03-06T00:00,0.056,µg/m³,VOC,N/A
40208,CHAMPLAIN HEIGHTS SCHOOL,4-Ethyltoluene,2006-03-12T00:00,0.271,µg/m³,VOC,N/A
40208,CHAMPLAIN HEIGHTS SCHOOL,4-Ethyltoluene,2006-03-30T00:00,0.100,µg/m³,VOC,N/A
40208,CHAMPLAIN HEIGHTS SCHOOL,4-Ethyltoluene,2006-04-05T00:00,0.131,µg/m³,VOC,N/A
40208,CHAMPLAIN HEIGHTS SCHOOL,4-Ethyltoluene,2006-04-11T00:00,0.189,µg/m³,VOC,N/A
40208,CHAMPLAIN HEIGHTS SCHOOL,4-Ethyltoluene,2006-04-17T00:00,0.014,µg/m³,VOC,N/A
40208,CHAMPLAIN HEIGHTS SCHOOL,4-Ethyltoluene,2006-04-29T00:00,0.031,µg/m³,VOC,N/A
40208,CHAMPLAIN HEIGHTS SCHOOL,4-Ethyltoluene,2006-05-05T00:00,0.615,µg/m³,VOC,N/A
40208,CHAMPLAIN HEIGHTS SCHOOL,4-Ethyltoluene,2006-05-11T00:00,0.007,µg/m³,VOC,N/A
40208,CHAMPLAIN HEIGHTS SCHOOL,4-Ethyltoluene,2006-05-17T00:00,0.343,µg/m³,VOC,N/A
40208,CHAMPLAIN HEIGHTS SCHOOL,4-Ethyltoluene,2006-05-23T00:00,0.104,µg/m³,VOC,N/A
40208,CHAMPLAIN HEIGHTS SCHOOL,4-Ethyltoluene,2006-05-29T00:00,0.663,µg/m³,VOC,N/A
40208,CHAMPLAIN HEIGHTS SCHOOL,4-Ethyltoluene,2006-06-04T00:00,0.009,µg/m³,VOC,N/A
40208,CHAMPLAIN HEIGHTS SCHOOL,4-Ethyltoluene,2006-06-10T00:00,0.058,µg/m³,VOC,N/A
40208,CHAMPLAIN HEIGHTS SCHOOL,4-Ethyltoluene,2006-06-16T00:00,0.340,µg/m³,VOC,N/A
40208,CHAMPLAIN HEIGHTS SCHOOL,4-Ethyltoluene,2006-06-22T00:00,0.680,µg/m³,VOC,N/A
40208,CHAMPLAIN HEIGHTS SCHOOL,4-Ethyltoluene,2006-06-28T00:00,0.941,µg/m³,VOC,N/A
40208,CHAMPLAIN HEIGHTS SCHOOL,4-Ethyltoluene,2006-07-04T00:00,0.626,µg/m³,VOC,N/A
40208,CHAMPLAIN HEIGHTS SCHOOL,4-Ethyltoluene,2006-07-10T00:00,0.785,µg/m³,VOC,N/A
40208,CHAMPLAIN HEIGHTS SCHOOL,4-Ethyltoluene,2006-07-16T00:00,0.805,µg/m³,VOC,N/A
40208,CHAMPLAIN HEIGHTS SCHOOL,4-Ethyltoluene,2006-07-22T00:00,0.760,µg/m³,VOC,N/A
40208,CHAMPLAIN HEIGHTS SCHOOL,4-Ethyltoluene,2006-07-28T00:00,1.096,µg/m³,VOC,N/A
40208,CHAMPLAIN HEIGHTS SCHOOL,4-Ethyltoluene,2006-08-03T00:00,0.518,µg/m³,VOC,N/A
40208,CHAMPLAIN HEIGHTS SCHOOL,4-Ethyltoluene,2006-08-09T00:00,0.316,µg/m³,VOC,N/A
40208,CHAMPLAIN HEIGHTS SCHOOL,4-Ethyltoluene,2006-08-15T00:00,0.680,µg/m³,VOC,N/A
40208,CHAMPLAIN HEIGHTS SCHOOL,4-Ethyltoluene,2006-08-21T00:00,0.318,µg/m³,VOC,N/A
40208,CHAMPLAIN HEIGHTS SCHOOL,4-Ethyltoluene,2006-08-27T00:00,0.122,µg/m³,VOC,N/A
40208,CHAMPLAIN HEIGHTS SCHOOL,4-Ethyltoluene,2006-09-02T00:00,0.213,µg/m³,VOC,N/A
40208,CHAMPLAIN HEIGHTS SCHOOL,4-Ethyltoluene,2006-09-08T00:00,1.375,µg/m³,VOC,N/A
40208,CHAMPLAIN HEIGHTS SCHOOL,4-Ethyltoluene,2006-09-14T00:00,1.035,µg/m³,VOC,N/A
40208,CHAMPLAIN HEIGHTS SCHOOL,4-Ethyltoluene,2006-09-20T00:00,0.309,µg/m³,VOC,N/A
40208,CHAMPLAIN HEIGHTS SCHOOL,4-Ethyltoluene,2006-09-26T00:00,0.623,µg/m³,VOC,N/A
40208,CHAMPLAIN HEIGHTS SCHOOL,4-Ethyltoluene,2006-10-02T00:00,0.016,µg/m³,VOC,N/A
40208,CHAMPLAIN HEIGHTS SCHOOL,4-Ethyltoluene,2006-10-08T00:00,0.441,µg/m³,VOC,N/A
40208,CHAMPLAIN HEIGHTS SCHOOL,4-Ethyltoluene,2006-10-14T00:00,0.070,µg/m³,VOC,N/A
40208,CHAMPLAIN HEIGHTS SCHOOL,4-Ethyltoluene,2006-10-20T00:00,0.035,µg/m³,VOC,N/A
40208,CHAMPLAIN HEIGHTS SCHOOL,4-Ethyltoluene,2006-10-26T00:00,0.018,µg/m³,VOC,N/A
40208,CHAMPLAIN HEIGHTS SCHOOL,4-Ethyltoluene,2006-11-01T00:00,0.169,µg/m³,VOC,N/A
40208,CHAMPLAIN HEIGHTS SCHOOL,4-Ethyltoluene,2006-11-07T00:00,0.269,µg/m³,VOC,N/A
40208,CHAMPLAIN HEIGHTS SCHOOL,4-Ethyltoluene,2006-11-13T00:00,0.020,µg/m³,VOC,N/A
40208,CHAMPLAIN HEIGHTS SCHOOL,4-Ethyltoluene,2006-11-19T00:00,0.017,µg/m³,VOC,N/A
40208,CHAMPLAIN HEIGHTS SCHOOL,4-Ethyltoluene,2006-11-25T00:00,0.221,µg/m³,VOC,N/A
40208,CHAMPLAIN HEIGHTS SCHOOL,4-Ethyltoluene,2006-12-01T00:00,0.112,µg/m³,VOC,N/A
40208,CHAMPLAIN HEIGHTS SCHOOL,4-Ethyltoluene,2006-12-07T00:00,0.505,µg/m³,VOC,N/A
40208,CHAMPLAIN HEIGHTS SCHOOL,4-Ethyltoluene,2006-12-13T00:00,0.215,µg/m³,VOC,N/A
40208,CHAMPLAIN HEIGHTS SCHOOL,4-Ethyltoluene,2006-12-19T00:00,0.020,µg/m³,VOC,N/A
40208,CHAMPLAIN HEIGHTS SCHOOL,4-Ethyltoluene,2006-12-25T00:00,0.068,µg/m³,VOC,N/A
40208,CHAMPLAIN HEIGHTS SCHOOL,4-Ethyltoluene,2006-12-31T00:00,0.016,µg/m³,VOC,N/A
