﻿NAPS_Site_ID,Station_Name,Pollutant,Date,Value,Units,Report_Type,Method
90230,CALGARY CENTRAL - INGLEWOOD,Acetylene,2016-12-31T19:00,0.540,µg/m³,VOC,GC-FID
90230,CALGARY CENTRAL - INGLEWOOD,Acetylene,2017-01-06T19:00,0.732,µg/m³,VOC,GC-FID
90230,CALGARY CENTRAL - INGLEWOOD,Acetylene,2017-01-12T19:00,1.659,µg/m³,VOC,GC-FID
90230,CALGARY CENTRAL - INGLEWOOD,Acetylene,2017-01-18T19:00,1.480,µg/m³,VOC,GC-FID
90230,CALGARY CENTRAL - INGLEWOOD,Acetylene,2017-01-24T19:00,1.474,µg/m³,VOC,GC-FID
90230,CALGARY CENTRAL - INGLEWOOD,Acetylene,2017-01-30T19:00,0.446,µg/m³,VOC,GC-FID
90230,CALGARY CENTRAL - INGLEWOOD,Acetylene,2017-02-05T19:00,0.809,µg/m³,VOC,GC-FID
90230,CALGARY CENTRAL - INGLEWOOD,Acetylene,2017-02-11T19:00,0.857,µg/m³,VOC,GC-FID
90230,CALGARY CENTRAL - INGLEWOOD,Acetylene,2017-02-17T19:00,1.589,µg/m³,VOC,GC-FID
90230,CALGARY CENTRAL - INGLEWOOD,Acetylene,2017-02-23T19:00,0.888,µg/m³,VOC,GC-FID
90230,CALGARY CENTRAL - INGLEWOOD,Acetylene,2017-03-01T19:00,1.227,µg/m³,VOC,GC-FID
90230,CALGARY CENTRAL - INGLEWOOD,Acetylene,2017-03-07T19:00,0.592,µg/m³,VOC,GC-FID
90230,CALGARY CENTRAL - INGLEWOOD,Acetylene,2017-03-13T20:00,1.496,µg/m³,VOC,GC-FID
90230,CALGARY CENTRAL - INGLEWOOD,Acetylene,2017-03-19T20:00,0.606,µg/m³,VOC,GC-FID
90230,CALGARY CENTRAL - INGLEWOOD,Acetylene,2017-03-25T20:00,0.500,µg/m³,VOC,GC-FID
90230,CALGARY CENTRAL - INGLEWOOD,Acetylene,2017-04-03T20:00,0.761,µg/m³,VOC,GC-FID
90230,CALGARY CENTRAL - INGLEWOOD,Acetylene,2017-04-06T20:00,0.805,µg/m³,VOC,GC-FID
90230,CALGARY CENTRAL - INGLEWOOD,Acetylene,2017-04-12T20:00,0.463,µg/m³,VOC,GC-FID
90230,CALGARY CENTRAL - INGLEWOOD,Acetylene,2017-04-18T20:00,0.343,µg/m³,VOC,GC-FID
90230,CALGARY CENTRAL - INGLEWOOD,Acetylene,2017-04-24T20:00,0.321,µg/m³,VOC,GC-FID
90230,CALGARY CENTRAL - INGLEWOOD,Acetylene,2017-04-30T20:00,0.295,µg/m³,VOC,GC-FID
90230,CALGARY CENTRAL - INGLEWOOD,Acetylene,2017-05-06T20:00,0.256,µg/m³,VOC,GC-FID
90230,CALGARY CENTRAL - INGLEWOOD,Acetylene,2017-05-12T20:00,0.249,µg/m³,VOC,GC-FID
90230,CALGARY CENTRAL - INGLEWOOD,Acetylene,2017-05-18T20:00,0.366,µg/m³,VOC,GC-FID
90230,CALGARY CENTRAL - INGLEWOOD,Acetylene,2017-05-24T20:00,0.163,µg/m³,VOC,GC-FID
90230,CALGARY CENTRAL - INGLEWOOD,Acetylene,2017-05-30T20:00,0.356,µg/m³,VOC,GC-FID
90230,CALGARY CENTRAL - INGLEWOOD,Acetylene,2017-06-05T20:00,0.427,µg/m³,VOC,GC-FID
90230,CALGARY CENTRAL - INGLEWOOD,Acetylene,2017-06-11T20:00,0.416,µg/m³,VOC,GC-FID
90230,CALGARY CENTRAL - INGLEWOOD,Acetylene,2017-06-17T20:00,0.183,µg/m³,VOC,GC-FID
90230,CALGARY CENTRAL - INGLEWOOD,Acetylene,2017-06-23T20:00,0.223,µg/m³,VOC,GC-FID
90230,CALGARY CENTRAL - INGLEWOOD,Acetylene,2017-06-29T20:00,0.270,µg/m³,VOC,GC-FID
90230,CALGARY CENTRAL - INGLEWOOD,Acetylene,2017-07-05T20:00,0.317,µg/m³,VOC,GC-FID
90230,CALGARY CENTRAL - INGLEWOOD,Acetylene,2017-07-11T20:00,0.509,µg/m³,VOC,GC-FID
90230,CALGARY CENTRAL - INGLEWOOD,Acetylene,2017-07-23T20:00,0.210,µg/m³,VOC,GC-FID
90230,CALGARY CENTRAL - INGLEWOOD,Acetylene,2017-07-29T20:00,0.768,µg/m³,VOC,GC-FID
90230,CALGARY CENTRAL - INGLEWOOD,Acetylene,2017-08-04T20:00,0.253,µg/m³,VOC,GC-FID
90230,CALGARY CENTRAL - INGLEWOOD,Acetylene,2017-08-10T20:00,0.463,µg/m³,VOC,GC-FID
90230,CALGARY CENTRAL - INGLEWOOD,Acetylene,2017-08-16T20:00,0.738,µg/m³,VOC,GC-FID
90230,CALGARY CENTRAL - INGLEWOOD,Acetylene,2017-08-22T20:00,0.477,µg/m³,VOC,GC-FID
90230,CALGARY CENTRAL - INGLEWOOD,Acetylene,2017-08-28T20:00,0.365,µg/m³,VOC,GC-FID
90230,CALGARY CENTRAL - INGLEWOOD,Acetylene,2017-09-03T20:00,0.217,µg/m³,VOC,GC-FID
90230,CALGARY CENTRAL - INGLEWOOD,Acetylene,2017-09-09T20:00,0.313,µg/m³,VOC,GC-FID
90230,CALGARY CENTRAL - INGLEWOOD,Acetylene,2017-09-15T20:00,0.334,µg/m³,VOC,GC-FID
90230,CALGARY CENTRAL - INGLEWOOD,Acetylene,2017-09-21T20:00,0.287,µg/m³,VOC,GC-FID
90230,CALGARY CENTRAL - INGLEWOOD,Acetylene,2017-09-27T20:00,0.771,µg/m³,VOC,GC-FID
90230,CALGARY CENTRAL - INGLEWOOD,Acetylene,2017-10-03T20:00,1.406,µg/m³,VOC,GC-FID
90230,CALGARY CENTRAL - INGLEWOOD,Acetylene,2017-10-09T20:00,1.365,µg/m³,VOC,GC-FID
90230,CALGARY CENTRAL - INGLEWOOD,Acetylene,2017-10-15T20:00,1.325,µg/m³,VOC,GC-FID
90230,CALGARY CENTRAL - INGLEWOOD,Acetylene,2017-10-21T20:00,0.728,µg/m³,VOC,GC-FID
90230,CALGARY CENTRAL - INGLEWOOD,Acetylene,2017-10-27T20:00,0.849,µg/m³,VOC,GC-FID
90230,CALGARY CENTRAL - INGLEWOOD,Acetylene,2017-11-02T20:00,0.292,µg/m³,VOC,GC-FID
90230,CALGARY CENTRAL - INGLEWOOD,Acetylene,2017-11-08T19:00,1.486,µg/m³,VOC,GC-FID
90230,CALGARY CENTRAL - INGLEWOOD,Acetylene,2017-11-20T19:00,0.617,µg/m³,VOC,GC-FID
90230,CALGARY CENTRAL - INGLEWOOD,Acetylene,2017-11-26T19:00,1.307,µg/m³,VOC,GC-FID
90230,CALGARY CENTRAL - INGLEWOOD,Acetylene,2017-12-02T19:00,1.542,µg/m³,VOC,GC-FID
90230,CALGARY CENTRAL - INGLEWOOD,Acetylene,2017-12-08T19:00,0.562,µg/m³,VOC,GC-FID
90230,CALGARY CENTRAL - INGLEWOOD,Acetylene,2017-12-14T19:00,1.102,µg/m³,VOC,GC-FID
90230,CALGARY CENTRAL - INGLEWOOD,Acetylene,2017-12-20T19:00,0.902,µg/m³,VOC,GC-FID
90230,CALGARY CENTRAL - INGLEWOOD,Acetylene,2017-12-26T19:00,0.840,µg/m³,VOC,GC-FID
