﻿NAPS_Site_ID,Station_Name,Pollutant,Date,Value,Units,Report_Type,Method
30118,VOGUE BUILDING,o-Xylene,2001-01-01T00:00,0.370,µg/m³,VOC,N/A
30118,VOGUE BUILDING,o-Xylene,2001-01-07T00:00,0.490,µg/m³,VOC,N/A
30118,VOGUE BUILDING,o-Xylene,2001-01-13T00:00,0.810,µg/m³,VOC,N/A
30118,VOGUE BUILDING,o-Xylene,2001-01-19T00:00,1.920,µg/m³,VOC,N/A
30118,VOGUE BUILDING,o-Xylene,2001-01-25T00:00,2.050,µg/m³,VOC,N/A
30118,VOGUE BUILDING,o-Xylene,2001-01-31T00:00,1.270,µg/m³,VOC,N/A
30118,VOGUE BUILDING,o-Xylene,2001-02-06T00:00,0.480,µg/m³,VOC,N/A
30118,VOGUE BUILDING,o-Xylene,2001-03-14T00:00,0.740,µg/m³,VOC,N/A
30118,VOGUE BUILDING,o-Xylene,2001-05-07T00:00,0.830,µg/m³,VOC,N/A
30118,VOGUE BUILDING,o-Xylene,2001-05-13T00:00,0.660,µg/m³,VOC,N/A
30118,VOGUE BUILDING,o-Xylene,2001-05-19T00:00,1.150,µg/m³,VOC,N/A
30118,VOGUE BUILDING,o-Xylene,2001-05-25T00:00,1.060,µg/m³,VOC,N/A
30118,VOGUE BUILDING,o-Xylene,2001-05-31T00:00,0.480,µg/m³,VOC,N/A
30118,VOGUE BUILDING,o-Xylene,2001-06-06T00:00,2.110,µg/m³,VOC,N/A
30118,VOGUE BUILDING,o-Xylene,2001-06-12T00:00,0.850,µg/m³,VOC,N/A
30118,VOGUE BUILDING,o-Xylene,2001-07-06T00:00,1.170,µg/m³,VOC,N/A
30118,VOGUE BUILDING,o-Xylene,2001-07-12T00:00,1.120,µg/m³,VOC,N/A
30118,VOGUE BUILDING,o-Xylene,2001-07-18T00:00,1.980,µg/m³,VOC,N/A
30118,VOGUE BUILDING,o-Xylene,2001-07-24T00:00,0.650,µg/m³,VOC,N/A
30118,VOGUE BUILDING,o-Xylene,2001-07-30T00:00,1.040,µg/m³,VOC,N/A
30118,VOGUE BUILDING,o-Xylene,2001-08-05T00:00,0.970,µg/m³,VOC,N/A
30118,VOGUE BUILDING,o-Xylene,2001-08-11T00:00,1.150,µg/m³,VOC,N/A
30118,VOGUE BUILDING,o-Xylene,2001-08-17T00:00,0.850,µg/m³,VOC,N/A
30118,VOGUE BUILDING,o-Xylene,2001-08-23T00:00,1.300,µg/m³,VOC,N/A
30118,VOGUE BUILDING,o-Xylene,2001-08-29T00:00,0.940,µg/m³,VOC,N/A
30118,VOGUE BUILDING,o-Xylene,2001-09-04T00:00,1.080,µg/m³,VOC,N/A
30118,VOGUE BUILDING,o-Xylene,2001-09-10T00:00,0.980,µg/m³,VOC,N/A
30118,VOGUE BUILDING,o-Xylene,2001-09-16T00:00,0.800,µg/m³,VOC,N/A
30118,VOGUE BUILDING,o-Xylene,2001-09-22T00:00,1.160,µg/m³,VOC,N/A
30118,VOGUE BUILDING,o-Xylene,2001-09-28T00:00,1.500,µg/m³,VOC,N/A
30118,VOGUE BUILDING,o-Xylene,2001-10-04T00:00,0.550,µg/m³,VOC,N/A
30118,VOGUE BUILDING,o-Xylene,2001-10-10T00:00,0.610,µg/m³,VOC,N/A
30118,VOGUE BUILDING,o-Xylene,2001-11-15T00:00,1.650,µg/m³,VOC,N/A
30118,VOGUE BUILDING,o-Xylene,2001-11-21T00:00,0.790,µg/m³,VOC,N/A
30118,VOGUE BUILDING,o-Xylene,2001-11-27T00:00,1.380,µg/m³,VOC,N/A
30118,VOGUE BUILDING,o-Xylene,2001-12-03T00:00,0.920,µg/m³,VOC,N/A
30118,VOGUE BUILDING,o-Xylene,2001-12-09T00:00,0.620,µg/m³,VOC,N/A
30118,VOGUE BUILDING,o-Xylene,2001-12-15T00:00,0.750,µg/m³,VOC,N/A
30118,VOGUE BUILDING,o-Xylene,2001-12-21T00:00,0.770,µg/m³,VOC,N/A
30118,VOGUE BUILDING,o-Xylene,2001-12-27T00:00,0.350,µg/m³,VOC,N/A
