﻿NAPS_Site_ID,Station_Name,Pollutant,Date,Value,Units,Report_Type,Method
70119,ELLEN,Freon 22,1997-01-04T00:00,0.400,µg/m³,VOC,N/A
70119,ELLEN,Freon 22,1997-01-10T00:00,0.440,µg/m³,VOC,N/A
70119,ELLEN,Freon 22,1997-01-16T00:00,0.620,µg/m³,VOC,N/A
70119,ELLEN,Freon 22,1997-01-22T00:00,0.260,µg/m³,VOC,N/A
70119,ELLEN,Freon 22,1997-02-03T00:00,0.640,µg/m³,VOC,N/A
70119,ELLEN,Freon 22,1997-02-09T00:00,0.800,µg/m³,VOC,N/A
70119,ELLEN,Freon 22,1997-02-15T00:00,0.720,µg/m³,VOC,N/A
70119,ELLEN,Freon 22,1997-02-21T00:00,0.520,µg/m³,VOC,N/A
70119,ELLEN,Freon 22,1997-02-27T00:00,0.980,µg/m³,VOC,N/A
70119,ELLEN,Freon 22,1997-03-05T00:00,0.520,µg/m³,VOC,N/A
70119,ELLEN,Freon 22,1997-03-11T00:00,0.560,µg/m³,VOC,N/A
70119,ELLEN,Freon 22,1997-03-17T00:00,0.580,µg/m³,VOC,N/A
70119,ELLEN,Freon 22,1997-03-23T00:00,0.780,µg/m³,VOC,N/A
70119,ELLEN,Freon 22,1997-03-29T00:00,0.480,µg/m³,VOC,N/A
70119,ELLEN,Freon 22,1997-04-04T00:00,0.560,µg/m³,VOC,N/A
70119,ELLEN,Freon 22,1997-04-10T00:00,0.500,µg/m³,VOC,N/A
70119,ELLEN,Freon 22,1997-04-16T00:00,0.660,µg/m³,VOC,N/A
70119,ELLEN,Freon 22,1997-04-22T00:00,0.580,µg/m³,VOC,N/A
70119,ELLEN,Freon 22,1997-04-28T00:00,0.840,µg/m³,VOC,N/A
70119,ELLEN,Freon 22,1997-05-04T00:00,0.672,µg/m³,VOC,N/A
70119,ELLEN,Freon 22,1997-05-10T00:00,0.460,µg/m³,VOC,N/A
70119,ELLEN,Freon 22,1997-05-16T00:00,0.320,µg/m³,VOC,N/A
70119,ELLEN,Freon 22,1997-05-22T00:00,0.950,µg/m³,VOC,N/A
70119,ELLEN,Freon 22,1997-05-28T00:00,0.990,µg/m³,VOC,N/A
70119,ELLEN,Freon 22,1997-06-03T00:00,1.276,µg/m³,VOC,N/A
70119,ELLEN,Freon 22,1997-06-09T00:00,1.318,µg/m³,VOC,N/A
70119,ELLEN,Freon 22,1997-06-15T00:00,1.026,µg/m³,VOC,N/A
70119,ELLEN,Freon 22,1997-06-21T00:00,0.523,µg/m³,VOC,N/A
70119,ELLEN,Freon 22,1997-06-27T00:00,0.460,µg/m³,VOC,N/A
70119,ELLEN,Freon 22,1997-07-03T00:00,0.422,µg/m³,VOC,N/A
70119,ELLEN,Freon 22,1997-07-09T00:00,0.706,µg/m³,VOC,N/A
70119,ELLEN,Freon 22,1997-07-15T00:00,0.757,µg/m³,VOC,N/A
70119,ELLEN,Freon 22,1997-07-27T00:00,0.524,µg/m³,VOC,N/A
70119,ELLEN,Freon 22,1997-08-02T00:00,0.738,µg/m³,VOC,N/A
70119,ELLEN,Freon 22,1997-08-08T00:00,0.689,µg/m³,VOC,N/A
70119,ELLEN,Freon 22,1997-08-14T00:00,0.731,µg/m³,VOC,N/A
70119,ELLEN,Freon 22,1997-08-20T00:00,0.569,µg/m³,VOC,N/A
70119,ELLEN,Freon 22,1997-08-26T00:00,0.638,µg/m³,VOC,N/A
70119,ELLEN,Freon 22,1997-09-01T00:00,0.509,µg/m³,VOC,N/A
70119,ELLEN,Freon 22,1997-09-07T00:00,0.785,µg/m³,VOC,N/A
70119,ELLEN,Freon 22,1997-09-13T00:00,0.621,µg/m³,VOC,N/A
70119,ELLEN,Freon 22,1997-09-19T00:00,0.400,µg/m³,VOC,N/A
70119,ELLEN,Freon 22,1997-10-01T00:00,0.552,µg/m³,VOC,N/A
70119,ELLEN,Freon 22,1997-10-25T00:00,0.474,µg/m³,VOC,N/A
70119,ELLEN,Freon 22,1997-10-31T00:00,0.765,µg/m³,VOC,N/A
70119,ELLEN,Freon 22,1997-11-06T00:00,2.497,µg/m³,VOC,N/A
70119,ELLEN,Freon 22,1997-11-12T00:00,0.638,µg/m³,VOC,N/A
70119,ELLEN,Freon 22,1997-11-18T00:00,0.939,µg/m³,VOC,N/A
70119,ELLEN,Freon 22,1997-11-24T00:00,0.580,µg/m³,VOC,N/A
70119,ELLEN,Freon 22,1997-11-30T00:00,0.600,µg/m³,VOC,N/A
70119,ELLEN,Freon 22,1997-12-06T00:00,0.400,µg/m³,VOC,N/A
70119,ELLEN,Freon 22,1997-12-12T00:00,0.420,µg/m³,VOC,N/A
70119,ELLEN,Freon 22,1997-12-18T00:00,0.560,µg/m³,VOC,N/A
70119,ELLEN,Freon 22,1997-12-24T00:00,0.500,µg/m³,VOC,N/A
70119,ELLEN,Freon 22,1997-12-30T00:00,0.340,µg/m³,VOC,N/A
