﻿NAPS_Site_ID,Station_Name,Pollutant,Date,Value,Units,Report_Type,Method
40203,FOREST HILLS,Freon 12,2013-01-04T00:00,2.681,µg/m³,VOC,GC-MS
40203,FOREST HILLS,Freon 12,2013-01-10T00:00,2.696,µg/m³,VOC,GC-MS
40203,FOREST HILLS,Freon 12,2013-01-16T00:00,2.644,µg/m³,VOC,GC-MS
40203,FOREST HILLS,Freon 12,2013-01-22T00:00,2.484,µg/m³,VOC,GC-MS
40203,FOREST HILLS,Freon 12,2013-01-28T00:00,2.718,µg/m³,VOC,GC-MS
40203,FOREST HILLS,Freon 12,2013-02-03T00:00,2.192,µg/m³,VOC,GC-MS
40203,FOREST HILLS,Freon 12,2013-02-15T00:00,2.250,µg/m³,VOC,GC-MS
40203,FOREST HILLS,Freon 12,2013-02-21T00:00,2.176,µg/m³,VOC,GC-MS
40203,FOREST HILLS,Freon 12,2013-02-27T00:00,2.066,µg/m³,VOC,GC-MS
40203,FOREST HILLS,Freon 12,2013-03-05T00:00,2.087,µg/m³,VOC,GC-MS
40203,FOREST HILLS,Freon 12,2013-03-11T00:00,2.194,µg/m³,VOC,GC-MS
40203,FOREST HILLS,Freon 12,2013-03-17T00:00,2.124,µg/m³,VOC,GC-MS
40203,FOREST HILLS,Freon 12,2013-03-23T00:00,2.223,µg/m³,VOC,GC-MS
40203,FOREST HILLS,Freon 12,2013-03-29T00:00,2.312,µg/m³,VOC,GC-MS
40203,FOREST HILLS,Freon 12,2013-04-04T00:00,2.355,µg/m³,VOC,GC-MS
40203,FOREST HILLS,Freon 12,2013-04-10T00:00,2.621,µg/m³,VOC,GC-MS
40203,FOREST HILLS,Freon 12,2013-04-16T00:00,2.340,µg/m³,VOC,GC-MS
40203,FOREST HILLS,Freon 12,2013-04-22T00:00,2.390,µg/m³,VOC,GC-MS
40203,FOREST HILLS,Freon 12,2013-04-28T00:00,2.398,µg/m³,VOC,GC-MS
40203,FOREST HILLS,Freon 12,2013-05-04T00:00,2.512,µg/m³,VOC,GC-MS
40203,FOREST HILLS,Freon 12,2013-05-10T00:00,2.246,µg/m³,VOC,GC-MS
40203,FOREST HILLS,Freon 12,2013-05-16T00:00,2.328,µg/m³,VOC,GC-MS
40203,FOREST HILLS,Freon 12,2013-05-22T00:00,2.761,µg/m³,VOC,GC-MS
40203,FOREST HILLS,Freon 12,2013-05-28T00:00,2.561,µg/m³,VOC,GC-MS
40203,FOREST HILLS,Freon 12,2013-06-03T00:00,2.471,µg/m³,VOC,GC-MS
40203,FOREST HILLS,Freon 12,2013-06-09T00:00,2.381,µg/m³,VOC,GC-MS
40203,FOREST HILLS,Freon 12,2013-06-15T00:00,2.554,µg/m³,VOC,GC-MS
40203,FOREST HILLS,Freon 12,2013-06-21T00:00,2.593,µg/m³,VOC,GC-MS
40203,FOREST HILLS,Freon 12,2013-06-27T00:00,2.517,µg/m³,VOC,GC-MS
40203,FOREST HILLS,Freon 12,2013-07-03T00:00,2.526,µg/m³,VOC,GC-MS
40203,FOREST HILLS,Freon 12,2013-07-08T00:00,2.905,µg/m³,VOC,GC-MS
40203,FOREST HILLS,Freon 12,2013-07-21T00:00,2.527,µg/m³,VOC,GC-MS
40203,FOREST HILLS,Freon 12,2013-08-02T00:00,2.304,µg/m³,VOC,GC-MS
40203,FOREST HILLS,Freon 12,2013-08-08T00:00,2.511,µg/m³,VOC,GC-MS
40203,FOREST HILLS,Freon 12,2013-08-14T00:00,2.256,µg/m³,VOC,GC-MS
40203,FOREST HILLS,Freon 12,2013-08-20T00:00,2.484,µg/m³,VOC,GC-MS
40203,FOREST HILLS,Freon 12,2013-08-26T00:00,2.541,µg/m³,VOC,GC-MS
40203,FOREST HILLS,Freon 12,2013-09-01T00:00,2.563,µg/m³,VOC,GC-MS
40203,FOREST HILLS,Freon 12,2013-09-25T00:00,2.608,µg/m³,VOC,GC-MS
40203,FOREST HILLS,Freon 12,2013-10-01T00:00,2.557,µg/m³,VOC,GC-MS
40203,FOREST HILLS,Freon 12,2013-10-13T00:00,2.690,µg/m³,VOC,GC-MS
40203,FOREST HILLS,Freon 12,2013-10-19T00:00,2.625,µg/m³,VOC,GC-MS
40203,FOREST HILLS,Freon 12,2013-10-25T00:00,2.676,µg/m³,VOC,GC-MS
40203,FOREST HILLS,Freon 12,2013-10-31T00:00,2.624,µg/m³,VOC,GC-MS
40203,FOREST HILLS,Freon 12,2013-11-06T00:00,2.638,µg/m³,VOC,GC-MS
40203,FOREST HILLS,Freon 12,2013-11-12T00:00,2.640,µg/m³,VOC,GC-MS
40203,FOREST HILLS,Freon 12,2013-11-18T00:00,2.568,µg/m³,VOC,GC-MS
40203,FOREST HILLS,Freon 12,2013-11-24T00:00,2.416,µg/m³,VOC,GC-MS
40203,FOREST HILLS,Freon 12,2013-11-30T00:00,2.364,µg/m³,VOC,GC-MS
40203,FOREST HILLS,Freon 12,2013-12-12T00:00,2.516,µg/m³,VOC,GC-MS
40203,FOREST HILLS,Freon 12,2013-12-18T00:00,2.431,µg/m³,VOC,GC-MS
40203,FOREST HILLS,Freon 12,2013-12-24T00:00,2.417,µg/m³,VOC,GC-MS
