﻿NAPS_Site_ID,Station_Name,Pollutant,Date,Value,Units,Report_Type,Method
129401,ALERT,3-Methylhexane,2010-01-07T00:00,0.003,µg/m³,VOC,
129401,ALERT,3-Methylhexane,2010-01-07T00:00,0.003,µg/m³,VOC,
129401,ALERT,3-Methylhexane,2010-01-13T00:00,0.000,µg/m³,VOC,
129401,ALERT,3-Methylhexane,2010-01-13T00:00,0.000,µg/m³,VOC,
129401,ALERT,3-Methylhexane,2010-01-20T00:00,0.000,µg/m³,VOC,
129401,ALERT,3-Methylhexane,2010-01-22T00:00,0.000,µg/m³,VOC,
129401,ALERT,3-Methylhexane,2010-02-10T00:00,0.000,µg/m³,VOC,
129401,ALERT,3-Methylhexane,2010-02-17T00:00,0.000,µg/m³,VOC,
129401,ALERT,3-Methylhexane,2010-02-24T00:00,0.000,µg/m³,VOC,
129401,ALERT,3-Methylhexane,2010-03-03T00:00,0.004,µg/m³,VOC,
129401,ALERT,3-Methylhexane,2010-03-10T00:00,0.000,µg/m³,VOC,
129401,ALERT,3-Methylhexane,2010-03-17T00:00,0.000,µg/m³,VOC,
129401,ALERT,3-Methylhexane,2010-05-05T00:00,0.000,µg/m³,VOC,
129401,ALERT,3-Methylhexane,2010-05-12T00:00,0.000,µg/m³,VOC,
129401,ALERT,3-Methylhexane,2010-05-19T00:00,0.000,µg/m³,VOC,
129401,ALERT,3-Methylhexane,2010-05-26T00:00,0.000,µg/m³,VOC,
129401,ALERT,3-Methylhexane,2010-06-02T00:00,0.000,µg/m³,VOC,
129401,ALERT,3-Methylhexane,2010-06-09T00:00,0.000,µg/m³,VOC,
129401,ALERT,3-Methylhexane,2010-06-16T00:00,0.002,µg/m³,VOC,
129401,ALERT,3-Methylhexane,2010-06-23T00:00,0.000,µg/m³,VOC,
129401,ALERT,3-Methylhexane,2010-06-30T00:00,0.000,µg/m³,VOC,
129401,ALERT,3-Methylhexane,2010-07-14T00:00,0.023,µg/m³,VOC,
129401,ALERT,3-Methylhexane,2010-07-21T00:00,0.003,µg/m³,VOC,
129401,ALERT,3-Methylhexane,2010-07-29T00:00,0.002,µg/m³,VOC,
129401,ALERT,3-Methylhexane,2010-08-04T00:00,0.002,µg/m³,VOC,
129401,ALERT,3-Methylhexane,2010-08-11T00:00,0.006,µg/m³,VOC,
129401,ALERT,3-Methylhexane,2010-08-19T00:00,0.001,µg/m³,VOC,
129401,ALERT,3-Methylhexane,2010-08-25T00:00,0.006,µg/m³,VOC,
129401,ALERT,3-Methylhexane,2010-09-02T00:00,0.001,µg/m³,VOC,
129401,ALERT,3-Methylhexane,2010-09-08T00:00,0.001,µg/m³,VOC,
129401,ALERT,3-Methylhexane,2010-09-15T00:00,0.001,µg/m³,VOC,
129401,ALERT,3-Methylhexane,2010-09-22T00:00,0.002,µg/m³,VOC,
129401,ALERT,3-Methylhexane,2010-09-29T00:00,0.006,µg/m³,VOC,
129401,ALERT,3-Methylhexane,2010-10-06T00:00,0.001,µg/m³,VOC,
129401,ALERT,3-Methylhexane,2010-10-13T00:00,0.002,µg/m³,VOC,
129401,ALERT,3-Methylhexane,2010-10-20T00:00,0.015,µg/m³,VOC,
129401,ALERT,3-Methylhexane,2010-10-27T00:00,0.003,µg/m³,VOC,
129401,ALERT,3-Methylhexane,2010-11-05T00:00,0.004,µg/m³,VOC,
129401,ALERT,3-Methylhexane,2010-11-10T00:00,0.005,µg/m³,VOC,
129401,ALERT,3-Methylhexane,2010-11-17T00:00,0.006,µg/m³,VOC,
129401,ALERT,3-Methylhexane,2010-11-24T00:00,0.012,µg/m³,VOC,
129401,ALERT,3-Methylhexane,2010-12-01T00:00,0.012,µg/m³,VOC,
129401,ALERT,3-Methylhexane,2010-12-08T00:00,0.006,µg/m³,VOC,
129401,ALERT,3-Methylhexane,2010-12-15T00:00,0.013,µg/m³,VOC,
129401,ALERT,3-Methylhexane,2010-12-29T00:00,0.016,µg/m³,VOC,
