﻿NAPS_Site_ID,Station_Name,Pollutant,Date,Value,Units,Report_Type,Method
50104,ONTARIO,Selenium,2006-01-02T00:00,0.000,µg/m³,DICHOT,N/A
50104,ONTARIO,Selenium,2006-01-02T00:00,0.000,µg/m³,DICHOT,N/A
50104,ONTARIO,Selenium,2006-01-05T00:00,0.001,µg/m³,DICHOT,N/A
50104,ONTARIO,Selenium,2006-01-05T00:00,0.003,µg/m³,DICHOT,N/A
50104,ONTARIO,Selenium,2006-01-08T00:00,0.000,µg/m³,DICHOT,N/A
50104,ONTARIO,Selenium,2006-01-08T00:00,0.000,µg/m³,DICHOT,N/A
50104,ONTARIO,Selenium,2006-01-11T00:00,0.000,µg/m³,DICHOT,N/A
50104,ONTARIO,Selenium,2006-01-11T00:00,0.001,µg/m³,DICHOT,N/A
50104,ONTARIO,Selenium,2006-01-14T00:00,0.000,µg/m³,DICHOT,N/A
50104,ONTARIO,Selenium,2006-01-14T00:00,0.004,µg/m³,DICHOT,N/A
50104,ONTARIO,Selenium,2006-01-17T00:00,0.000,µg/m³,DICHOT,N/A
50104,ONTARIO,Selenium,2006-01-17T00:00,0.000,µg/m³,DICHOT,N/A
50104,ONTARIO,Selenium,2006-01-20T00:00,0.000,µg/m³,DICHOT,N/A
50104,ONTARIO,Selenium,2006-01-20T00:00,0.002,µg/m³,DICHOT,N/A
50104,ONTARIO,Selenium,2006-01-23T00:00,0.000,µg/m³,DICHOT,N/A
50104,ONTARIO,Selenium,2006-01-23T00:00,0.004,µg/m³,DICHOT,N/A
50104,ONTARIO,Selenium,2006-01-26T00:00,0.000,µg/m³,DICHOT,N/A
50104,ONTARIO,Selenium,2006-01-26T00:00,0.001,µg/m³,DICHOT,N/A
50104,ONTARIO,Selenium,2006-02-01T00:00,0.000,µg/m³,DICHOT,N/A
50104,ONTARIO,Selenium,2006-02-01T00:00,0.003,µg/m³,DICHOT,N/A
50104,ONTARIO,Selenium,2006-02-04T00:00,0.000,µg/m³,DICHOT,N/A
50104,ONTARIO,Selenium,2006-02-04T00:00,0.001,µg/m³,DICHOT,N/A
50104,ONTARIO,Selenium,2006-02-07T00:00,0.000,µg/m³,DICHOT,N/A
50104,ONTARIO,Selenium,2006-02-07T00:00,0.001,µg/m³,DICHOT,N/A
50104,ONTARIO,Selenium,2006-02-10T00:00,0.000,µg/m³,DICHOT,N/A
50104,ONTARIO,Selenium,2006-02-10T00:00,0.000,µg/m³,DICHOT,N/A
50104,ONTARIO,Selenium,2006-02-16T00:00,0.000,µg/m³,DICHOT,N/A
50104,ONTARIO,Selenium,2006-02-16T00:00,0.000,µg/m³,DICHOT,N/A
50104,ONTARIO,Selenium,2006-02-19T00:00,0.000,µg/m³,DICHOT,N/A
50104,ONTARIO,Selenium,2006-02-22T00:00,0.000,µg/m³,DICHOT,N/A
50104,ONTARIO,Selenium,2006-02-22T00:00,0.000,µg/m³,DICHOT,N/A
50104,ONTARIO,Selenium,2006-02-25T00:00,0.001,µg/m³,DICHOT,N/A
50104,ONTARIO,Selenium,2006-02-25T00:00,0.001,µg/m³,DICHOT,N/A
50104,ONTARIO,Selenium,2006-02-28T00:00,0.000,µg/m³,DICHOT,N/A
50104,ONTARIO,Selenium,2006-02-28T00:00,0.001,µg/m³,DICHOT,N/A
50104,ONTARIO,Selenium,2006-03-09T00:00,0.000,µg/m³,DICHOT,N/A
50104,ONTARIO,Selenium,2006-03-09T00:00,0.000,µg/m³,DICHOT,N/A
50104,ONTARIO,Selenium,2006-03-12T00:00,0.000,µg/m³,DICHOT,N/A
50104,ONTARIO,Selenium,2006-03-12T00:00,0.005,µg/m³,DICHOT,N/A
50104,ONTARIO,Selenium,2006-03-15T00:00,0.000,µg/m³,DICHOT,N/A
50104,ONTARIO,Selenium,2006-03-15T00:00,0.002,µg/m³,DICHOT,N/A
50104,ONTARIO,Selenium,2006-03-18T00:00,0.000,µg/m³,DICHOT,N/A
50104,ONTARIO,Selenium,2006-03-18T00:00,0.000,µg/m³,DICHOT,N/A
50104,ONTARIO,Selenium,2006-03-21T00:00,0.001,µg/m³,DICHOT,N/A
50104,ONTARIO,Selenium,2006-03-21T00:00,0.001,µg/m³,DICHOT,N/A
50104,ONTARIO,Selenium,2006-03-24T00:00,0.000,µg/m³,DICHOT,N/A
50104,ONTARIO,Selenium,2006-03-24T00:00,0.001,µg/m³,DICHOT,N/A
50104,ONTARIO,Selenium,2006-03-27T00:00,0.000,µg/m³,DICHOT,N/A
50104,ONTARIO,Selenium,2006-03-27T00:00,0.001,µg/m³,DICHOT,N/A
50104,ONTARIO,Selenium,2006-03-30T00:00,0.000,µg/m³,DICHOT,N/A
50104,ONTARIO,Selenium,2006-03-30T00:00,0.001,µg/m³,DICHOT,N/A
50104,ONTARIO,Selenium,2006-04-02T00:00,0.000,µg/m³,DICHOT,N/A
50104,ONTARIO,Selenium,2006-04-02T00:00,0.001,µg/m³,DICHOT,N/A
50104,ONTARIO,Selenium,2006-04-05T00:00,0.000,µg/m³,DICHOT,N/A
50104,ONTARIO,Selenium,2006-04-05T00:00,0.000,µg/m³,DICHOT,N/A
50104,ONTARIO,Selenium,2006-04-11T00:00,0.000,µg/m³,DICHOT,N/A
50104,ONTARIO,Selenium,2006-04-11T00:00,0.000,µg/m³,DICHOT,N/A
50104,ONTARIO,Selenium,2006-04-14T00:00,0.000,µg/m³,DICHOT,N/A
50104,ONTARIO,Selenium,2006-04-14T00:00,0.000,µg/m³,DICHOT,N/A
50104,ONTARIO,Selenium,2006-04-17T00:00,0.000,µg/m³,DICHOT,N/A
50104,ONTARIO,Selenium,2006-04-17T00:00,0.001,µg/m³,DICHOT,N/A
50104,ONTARIO,Selenium,2006-04-20T00:00,0.000,µg/m³,DICHOT,N/A
50104,ONTARIO,Selenium,2006-04-20T00:00,0.000,µg/m³,DICHOT,N/A
50104,ONTARIO,Selenium,2006-04-23T00:00,0.000,µg/m³,DICHOT,N/A
50104,ONTARIO,Selenium,2006-04-23T00:00,0.001,µg/m³,DICHOT,N/A
50104,ONTARIO,Selenium,2006-04-26T00:00,0.000,µg/m³,DICHOT,N/A
50104,ONTARIO,Selenium,2006-04-26T00:00,0.001,µg/m³,DICHOT,N/A
50104,ONTARIO,Selenium,2006-04-29T00:00,0.000,µg/m³,DICHOT,N/A
50104,ONTARIO,Selenium,2006-04-29T00:00,0.001,µg/m³,DICHOT,N/A
50104,ONTARIO,Selenium,2006-05-02T00:00,0.000,µg/m³,DICHOT,N/A
50104,ONTARIO,Selenium,2006-05-02T00:00,0.001,µg/m³,DICHOT,N/A
50104,ONTARIO,Selenium,2006-05-05T00:00,0.000,µg/m³,DICHOT,N/A
50104,ONTARIO,Selenium,2006-05-05T00:00,0.001,µg/m³,DICHOT,N/A
50104,ONTARIO,Selenium,2006-05-08T00:00,0.000,µg/m³,DICHOT,N/A
50104,ONTARIO,Selenium,2006-05-08T00:00,0.000,µg/m³,DICHOT,N/A
50104,ONTARIO,Selenium,2006-05-11T00:00,0.000,µg/m³,DICHOT,N/A
50104,ONTARIO,Selenium,2006-05-11T00:00,0.000,µg/m³,DICHOT,N/A
50104,ONTARIO,Selenium,2006-05-14T00:00,0.000,µg/m³,DICHOT,N/A
50104,ONTARIO,Selenium,2006-05-14T00:00,0.001,µg/m³,DICHOT,N/A
50104,ONTARIO,Selenium,2006-05-17T00:00,0.001,µg/m³,DICHOT,N/A
50104,ONTARIO,Selenium,2006-05-17T00:00,0.003,µg/m³,DICHOT,N/A
50104,ONTARIO,Selenium,2006-05-20T00:00,0.000,µg/m³,DICHOT,N/A
50104,ONTARIO,Selenium,2006-05-20T00:00,0.001,µg/m³,DICHOT,N/A
50104,ONTARIO,Selenium,2006-05-23T00:00,0.000,µg/m³,DICHOT,N/A
50104,ONTARIO,Selenium,2006-05-23T00:00,0.001,µg/m³,DICHOT,N/A
50104,ONTARIO,Selenium,2006-05-26T00:00,0.000,µg/m³,DICHOT,N/A
50104,ONTARIO,Selenium,2006-05-26T00:00,0.004,µg/m³,DICHOT,N/A
50104,ONTARIO,Selenium,2006-05-29T00:00,0.001,µg/m³,DICHOT,N/A
50104,ONTARIO,Selenium,2006-05-29T00:00,0.001,µg/m³,DICHOT,N/A
50104,ONTARIO,Selenium,2006-06-01T00:00,0.000,µg/m³,DICHOT,N/A
50104,ONTARIO,Selenium,2006-06-01T00:00,0.000,µg/m³,DICHOT,N/A
50104,ONTARIO,Selenium,2006-06-04T00:00,0.000,µg/m³,DICHOT,N/A
50104,ONTARIO,Selenium,2006-06-04T00:00,0.000,µg/m³,DICHOT,N/A
50104,ONTARIO,Selenium,2006-06-16T00:00,0.001,µg/m³,DICHOT,N/A
50104,ONTARIO,Selenium,2006-06-16T00:00,0.001,µg/m³,DICHOT,N/A
50104,ONTARIO,Selenium,2006-06-19T00:00,0.000,µg/m³,DICHOT,N/A
50104,ONTARIO,Selenium,2006-06-19T00:00,0.001,µg/m³,DICHOT,N/A
50104,ONTARIO,Selenium,2006-06-22T00:00,0.000,µg/m³,DICHOT,N/A
50104,ONTARIO,Selenium,2006-06-22T00:00,0.002,µg/m³,DICHOT,N/A
50104,ONTARIO,Selenium,2006-06-28T00:00,0.000,µg/m³,DICHOT,N/A
50104,ONTARIO,Selenium,2006-06-28T00:00,0.006,µg/m³,DICHOT,N/A
50104,ONTARIO,Selenium,2006-07-10T00:00,0.000,µg/m³,DICHOT,N/A
50104,ONTARIO,Selenium,2006-07-10T00:00,0.003,µg/m³,DICHOT,N/A
50104,ONTARIO,Selenium,2006-07-13T00:00,0.001,µg/m³,DICHOT,N/A
50104,ONTARIO,Selenium,2006-07-13T00:00,0.002,µg/m³,DICHOT,N/A
50104,ONTARIO,Selenium,2006-07-16T00:00,0.000,µg/m³,DICHOT,N/A
50104,ONTARIO,Selenium,2006-07-16T00:00,0.003,µg/m³,DICHOT,N/A
50104,ONTARIO,Selenium,2006-07-22T00:00,0.001,µg/m³,DICHOT,N/A
50104,ONTARIO,Selenium,2006-07-22T00:00,0.002,µg/m³,DICHOT,N/A
50104,ONTARIO,Selenium,2006-07-31T00:00,0.000,µg/m³,DICHOT,N/A
50104,ONTARIO,Selenium,2006-07-31T00:00,0.004,µg/m³,DICHOT,N/A
50104,ONTARIO,Selenium,2006-08-03T00:00,0.000,µg/m³,DICHOT,N/A
50104,ONTARIO,Selenium,2006-08-03T00:00,0.002,µg/m³,DICHOT,N/A
50104,ONTARIO,Selenium,2006-08-06T00:00,0.000,µg/m³,DICHOT,N/A
50104,ONTARIO,Selenium,2006-08-06T00:00,0.002,µg/m³,DICHOT,N/A
50104,ONTARIO,Selenium,2006-08-09T00:00,0.000,µg/m³,DICHOT,N/A
50104,ONTARIO,Selenium,2006-08-09T00:00,0.000,µg/m³,DICHOT,N/A
50104,ONTARIO,Selenium,2006-08-21T00:00,0.000,µg/m³,DICHOT,N/A
50104,ONTARIO,Selenium,2006-08-21T00:00,0.002,µg/m³,DICHOT,N/A
50104,ONTARIO,Selenium,2006-08-24T00:00,0.000,µg/m³,DICHOT,N/A
50104,ONTARIO,Selenium,2006-08-24T00:00,0.002,µg/m³,DICHOT,N/A
50104,ONTARIO,Selenium,2006-08-27T00:00,0.001,µg/m³,DICHOT,N/A
50104,ONTARIO,Selenium,2006-08-27T00:00,0.007,µg/m³,DICHOT,N/A
50104,ONTARIO,Selenium,2006-08-30T00:00,0.000,µg/m³,DICHOT,N/A
50104,ONTARIO,Selenium,2006-08-30T00:00,0.000,µg/m³,DICHOT,N/A
50104,ONTARIO,Selenium,2006-09-02T00:00,0.000,µg/m³,DICHOT,N/A
50104,ONTARIO,Selenium,2006-09-02T00:00,0.001,µg/m³,DICHOT,N/A
50104,ONTARIO,Selenium,2006-09-05T00:00,0.000,µg/m³,DICHOT,N/A
50104,ONTARIO,Selenium,2006-09-05T00:00,0.000,µg/m³,DICHOT,N/A
50104,ONTARIO,Selenium,2006-09-08T00:00,0.000,µg/m³,DICHOT,N/A
50104,ONTARIO,Selenium,2006-09-08T00:00,0.001,µg/m³,DICHOT,N/A
50104,ONTARIO,Selenium,2006-09-11T00:00,0.000,µg/m³,DICHOT,N/A
50104,ONTARIO,Selenium,2006-09-11T00:00,0.000,µg/m³,DICHOT,N/A
50104,ONTARIO,Selenium,2006-09-14T00:00,0.000,µg/m³,DICHOT,N/A
50104,ONTARIO,Selenium,2006-09-14T00:00,0.010,µg/m³,DICHOT,N/A
50104,ONTARIO,Selenium,2006-09-17T00:00,0.001,µg/m³,DICHOT,N/A
50104,ONTARIO,Selenium,2006-09-17T00:00,0.001,µg/m³,DICHOT,N/A
50104,ONTARIO,Selenium,2006-09-20T00:00,0.000,µg/m³,DICHOT,N/A
50104,ONTARIO,Selenium,2006-09-20T00:00,0.000,µg/m³,DICHOT,N/A
50104,ONTARIO,Selenium,2006-09-23T00:00,0.000,µg/m³,DICHOT,N/A
50104,ONTARIO,Selenium,2006-09-23T00:00,0.010,µg/m³,DICHOT,N/A
50104,ONTARIO,Selenium,2006-09-26T00:00,0.000,µg/m³,DICHOT,N/A
50104,ONTARIO,Selenium,2006-09-26T00:00,0.000,µg/m³,DICHOT,N/A
50104,ONTARIO,Selenium,2006-09-29T00:00,0.000,µg/m³,DICHOT,N/A
50104,ONTARIO,Selenium,2006-09-29T00:00,0.001,µg/m³,DICHOT,N/A
50104,ONTARIO,Selenium,2006-10-02T00:00,0.000,µg/m³,DICHOT,N/A
50104,ONTARIO,Selenium,2006-10-02T00:00,0.007,µg/m³,DICHOT,N/A
50104,ONTARIO,Selenium,2006-10-05T00:00,0.000,µg/m³,DICHOT,N/A
50104,ONTARIO,Selenium,2006-10-05T00:00,0.001,µg/m³,DICHOT,N/A
50104,ONTARIO,Selenium,2006-10-11T00:00,0.000,µg/m³,DICHOT,N/A
50104,ONTARIO,Selenium,2006-10-11T00:00,0.001,µg/m³,DICHOT,N/A
50104,ONTARIO,Selenium,2006-10-14T00:00,0.000,µg/m³,DICHOT,N/A
50104,ONTARIO,Selenium,2006-10-14T00:00,0.002,µg/m³,DICHOT,N/A
50104,ONTARIO,Selenium,2006-10-17T00:00,0.000,µg/m³,DICHOT,N/A
50104,ONTARIO,Selenium,2006-10-17T00:00,0.000,µg/m³,DICHOT,N/A
50104,ONTARIO,Selenium,2006-10-20T00:00,0.000,µg/m³,DICHOT,N/A
50104,ONTARIO,Selenium,2006-10-20T00:00,0.000,µg/m³,DICHOT,N/A
50104,ONTARIO,Selenium,2006-10-23T00:00,0.000,µg/m³,DICHOT,N/A
50104,ONTARIO,Selenium,2006-10-23T00:00,0.001,µg/m³,DICHOT,N/A
50104,ONTARIO,Selenium,2006-10-26T00:00,0.000,µg/m³,DICHOT,N/A
50104,ONTARIO,Selenium,2006-10-26T00:00,0.001,µg/m³,DICHOT,N/A
50104,ONTARIO,Selenium,2006-10-29T00:00,0.000,µg/m³,DICHOT,N/A
50104,ONTARIO,Selenium,2006-10-29T00:00,0.001,µg/m³,DICHOT,N/A
50104,ONTARIO,Selenium,2006-11-01T00:00,0.000,µg/m³,DICHOT,N/A
50104,ONTARIO,Selenium,2006-11-01T00:00,0.000,µg/m³,DICHOT,N/A
50104,ONTARIO,Selenium,2006-11-04T00:00,0.000,µg/m³,DICHOT,N/A
50104,ONTARIO,Selenium,2006-11-04T00:00,0.001,µg/m³,DICHOT,N/A
50104,ONTARIO,Selenium,2006-11-07T00:00,0.001,µg/m³,DICHOT,N/A
50104,ONTARIO,Selenium,2006-11-07T00:00,0.004,µg/m³,DICHOT,N/A
50104,ONTARIO,Selenium,2006-11-10T00:00,0.000,µg/m³,DICHOT,N/A
50104,ONTARIO,Selenium,2006-11-10T00:00,0.001,µg/m³,DICHOT,N/A
50104,ONTARIO,Selenium,2006-11-13T00:00,0.000,µg/m³,DICHOT,N/A
50104,ONTARIO,Selenium,2006-11-13T00:00,0.000,µg/m³,DICHOT,N/A
50104,ONTARIO,Selenium,2006-11-16T00:00,0.001,µg/m³,DICHOT,N/A
50104,ONTARIO,Selenium,2006-11-16T00:00,0.001,µg/m³,DICHOT,N/A
50104,ONTARIO,Selenium,2006-11-19T00:00,0.001,µg/m³,DICHOT,N/A
50104,ONTARIO,Selenium,2006-11-19T00:00,0.001,µg/m³,DICHOT,N/A
50104,ONTARIO,Selenium,2006-11-22T00:00,0.000,µg/m³,DICHOT,N/A
50104,ONTARIO,Selenium,2006-11-22T00:00,0.000,µg/m³,DICHOT,N/A
50104,ONTARIO,Selenium,2006-11-25T00:00,0.000,µg/m³,DICHOT,N/A
50104,ONTARIO,Selenium,2006-11-25T00:00,0.004,µg/m³,DICHOT,N/A
50104,ONTARIO,Selenium,2006-11-28T00:00,0.000,µg/m³,DICHOT,N/A
50104,ONTARIO,Selenium,2006-11-28T00:00,0.001,µg/m³,DICHOT,N/A
50104,ONTARIO,Selenium,2006-12-01T00:00,0.000,µg/m³,DICHOT,N/A
50104,ONTARIO,Selenium,2006-12-01T00:00,0.001,µg/m³,DICHOT,N/A
50104,ONTARIO,Selenium,2006-12-04T00:00,0.000,µg/m³,DICHOT,N/A
50104,ONTARIO,Selenium,2006-12-04T00:00,0.000,µg/m³,DICHOT,N/A
50104,ONTARIO,Selenium,2006-12-07T00:00,0.000,µg/m³,DICHOT,N/A
50104,ONTARIO,Selenium,2006-12-07T00:00,0.001,µg/m³,DICHOT,N/A
50104,ONTARIO,Selenium,2006-12-10T00:00,0.000,µg/m³,DICHOT,N/A
50104,ONTARIO,Selenium,2006-12-10T00:00,0.002,µg/m³,DICHOT,N/A
50104,ONTARIO,Selenium,2006-12-13T00:00,0.000,µg/m³,DICHOT,N/A
50104,ONTARIO,Selenium,2006-12-13T00:00,0.004,µg/m³,DICHOT,N/A
50104,ONTARIO,Selenium,2006-12-19T00:00,0.000,µg/m³,DICHOT,N/A
50104,ONTARIO,Selenium,2006-12-19T00:00,0.000,µg/m³,DICHOT,N/A
50104,ONTARIO,Selenium,2006-12-22T00:00,0.000,µg/m³,DICHOT,N/A
50104,ONTARIO,Selenium,2006-12-22T00:00,0.000,µg/m³,DICHOT,N/A
50104,ONTARIO,Selenium,2006-12-25T00:00,0.000,µg/m³,DICHOT,N/A
50104,ONTARIO,Selenium,2006-12-25T00:00,0.000,µg/m³,DICHOT,N/A
50104,ONTARIO,Selenium,2006-12-28T00:00,0.000,µg/m³,DICHOT,N/A
50104,ONTARIO,Selenium,2006-12-28T00:00,0.000,µg/m³,DICHOT,N/A
50104,ONTARIO,Selenium,2006-12-31T00:00,0.001,µg/m³,DICHOT,N/A
50104,ONTARIO,Selenium,2006-12-31T00:00,0.001,µg/m³,DICHOT,N/A
50104,ONTARIO,Selenium,2006-01-02T00:00,0.001,µg/m³,ICPMS,N/A
50104,ONTARIO,Selenium,2006-01-05T00:00,0.002,µg/m³,ICPMS,N/A
50104,ONTARIO,Selenium,2006-01-08T00:00,0.001,µg/m³,ICPMS,N/A
50104,ONTARIO,Selenium,2006-01-11T00:00,0.001,µg/m³,ICPMS,N/A
50104,ONTARIO,Selenium,2006-01-14T00:00,0.005,µg/m³,ICPMS,N/A
50104,ONTARIO,Selenium,2006-01-17T00:00,0.001,µg/m³,ICPMS,N/A
50104,ONTARIO,Selenium,2006-01-20T00:00,0.001,µg/m³,ICPMS,N/A
50104,ONTARIO,Selenium,2006-01-23T00:00,0.005,µg/m³,ICPMS,N/A
50104,ONTARIO,Selenium,2006-01-26T00:00,0.000,µg/m³,ICPMS,N/A
50104,ONTARIO,Selenium,2006-02-01T00:00,0.002,µg/m³,ICPMS,N/A
50104,ONTARIO,Selenium,2006-02-04T00:00,0.001,µg/m³,ICPMS,N/A
50104,ONTARIO,Selenium,2006-02-07T00:00,0.000,µg/m³,ICPMS,N/A
50104,ONTARIO,Selenium,2006-02-10T00:00,0.000,µg/m³,ICPMS,N/A
50104,ONTARIO,Selenium,2006-02-16T00:00,0.000,µg/m³,ICPMS,N/A
50104,ONTARIO,Selenium,2006-02-19T00:00,0.000,µg/m³,ICPMS,N/A
50104,ONTARIO,Selenium,2006-02-22T00:00,0.000,µg/m³,ICPMS,N/A
50104,ONTARIO,Selenium,2006-02-25T00:00,0.000,µg/m³,ICPMS,N/A
50104,ONTARIO,Selenium,2006-02-28T00:00,0.000,µg/m³,ICPMS,N/A
50104,ONTARIO,Selenium,2006-03-09T00:00,0.002,µg/m³,ICPMS,N/A
50104,ONTARIO,Selenium,2006-03-12T00:00,0.005,µg/m³,ICPMS,N/A
50104,ONTARIO,Selenium,2006-03-15T00:00,0.000,µg/m³,ICPMS,N/A
50104,ONTARIO,Selenium,2006-03-18T00:00,0.000,µg/m³,ICPMS,N/A
50104,ONTARIO,Selenium,2006-03-21T00:00,0.000,µg/m³,ICPMS,N/A
50104,ONTARIO,Selenium,2006-03-24T00:00,0.001,µg/m³,ICPMS,N/A
50104,ONTARIO,Selenium,2006-03-27T00:00,0.000,µg/m³,ICPMS,N/A
50104,ONTARIO,Selenium,2006-03-30T00:00,0.001,µg/m³,ICPMS,N/A
50104,ONTARIO,Selenium,2006-05-20T00:00,0.000,µg/m³,ICPMS,N/A
50104,ONTARIO,Selenium,2006-05-23T00:00,0.000,µg/m³,ICPMS,N/A
50104,ONTARIO,Selenium,2006-05-26T00:00,0.004,µg/m³,ICPMS,N/A
50104,ONTARIO,Selenium,2006-05-29T00:00,0.001,µg/m³,ICPMS,N/A
50104,ONTARIO,Selenium,2006-06-01T00:00,0.001,µg/m³,ICPMS,N/A
50104,ONTARIO,Selenium,2006-06-04T00:00,0.000,µg/m³,ICPMS,N/A
50104,ONTARIO,Selenium,2006-06-16T00:00,0.000,µg/m³,ICPMS,N/A
50104,ONTARIO,Selenium,2006-06-19T00:00,0.001,µg/m³,ICPMS,N/A
50104,ONTARIO,Selenium,2006-06-22T00:00,0.004,µg/m³,ICPMS,N/A
50104,ONTARIO,Selenium,2006-06-28T00:00,0.005,µg/m³,ICPMS,N/A
50104,ONTARIO,Selenium,2006-07-10T00:00,0.003,µg/m³,ICPMS,N/A
50104,ONTARIO,Selenium,2006-07-13T00:00,0.001,µg/m³,ICPMS,N/A
50104,ONTARIO,Selenium,2006-07-16T00:00,0.001,µg/m³,ICPMS,N/A
50104,ONTARIO,Selenium,2006-07-22T00:00,0.000,µg/m³,ICPMS,N/A
50104,ONTARIO,Selenium,2006-07-31T00:00,0.002,µg/m³,ICPMS,N/A
50104,ONTARIO,Selenium,2006-08-03T00:00,0.000,µg/m³,ICPMS,N/A
50104,ONTARIO,Selenium,2006-08-06T00:00,0.002,µg/m³,ICPMS,N/A
50104,ONTARIO,Selenium,2006-08-09T00:00,0.000,µg/m³,ICPMS,N/A
50104,ONTARIO,Selenium,2006-08-21T00:00,0.000,µg/m³,ICPMS,N/A
50104,ONTARIO,Selenium,2006-09-08T00:00,0.001,µg/m³,ICPMS,N/A
50104,ONTARIO,Selenium,2006-09-11T00:00,0.000,µg/m³,ICPMS,N/A
50104,ONTARIO,Selenium,2006-09-14T00:00,0.010,µg/m³,ICPMS,N/A
50104,ONTARIO,Selenium,2006-09-17T00:00,0.000,µg/m³,ICPMS,N/A
50104,ONTARIO,Selenium,2006-09-20T00:00,0.000,µg/m³,ICPMS,N/A
50104,ONTARIO,Selenium,2006-09-23T00:00,0.009,µg/m³,ICPMS,N/A
50104,ONTARIO,Selenium,2006-09-26T00:00,0.000,µg/m³,ICPMS,N/A
50104,ONTARIO,Selenium,2006-09-29T00:00,0.000,µg/m³,ICPMS,N/A
50104,ONTARIO,Selenium,2006-10-02T00:00,0.006,µg/m³,ICPMS,N/A
50104,ONTARIO,Selenium,2006-10-05T00:00,0.000,µg/m³,ICPMS,N/A
50104,ONTARIO,Selenium,2006-10-11T00:00,0.000,µg/m³,ICPMS,N/A
50104,ONTARIO,Selenium,2006-10-14T00:00,0.004,µg/m³,ICPMS,N/A
50104,ONTARIO,Selenium,2006-10-17T00:00,0.001,µg/m³,ICPMS,N/A
50104,ONTARIO,Selenium,2006-10-20T00:00,0.000,µg/m³,ICPMS,N/A
50104,ONTARIO,Selenium,2006-10-23T00:00,0.000,µg/m³,ICPMS,N/A
50104,ONTARIO,Selenium,2006-10-26T00:00,0.000,µg/m³,ICPMS,N/A
50104,ONTARIO,Selenium,2006-10-29T00:00,0.000,µg/m³,ICPMS,N/A
50104,ONTARIO,Selenium,2006-11-01T00:00,0.000,µg/m³,ICPMS,N/A
50104,ONTARIO,Selenium,2006-11-04T00:00,0.000,µg/m³,ICPMS,N/A
50104,ONTARIO,Selenium,2006-11-07T00:00,0.004,µg/m³,ICPMS,N/A
50104,ONTARIO,Selenium,2006-11-10T00:00,0.000,µg/m³,ICPMS,N/A
50104,ONTARIO,Selenium,2006-11-13T00:00,0.000,µg/m³,ICPMS,N/A
50104,ONTARIO,Selenium,2006-11-16T00:00,0.001,µg/m³,ICPMS,N/A
50104,ONTARIO,Selenium,2006-11-19T00:00,0.000,µg/m³,ICPMS,N/A
50104,ONTARIO,Selenium,2006-11-22T00:00,0.002,µg/m³,ICPMS,N/A
50104,ONTARIO,Selenium,2006-11-25T00:00,0.005,µg/m³,ICPMS,N/A
50104,ONTARIO,Selenium,2006-11-28T00:00,0.000,µg/m³,ICPMS,N/A
50104,ONTARIO,Selenium,2006-12-01T00:00,0.000,µg/m³,ICPMS,N/A
50104,ONTARIO,Selenium,2006-12-04T00:00,0.000,µg/m³,ICPMS,N/A
50104,ONTARIO,Selenium,2006-12-07T00:00,0.001,µg/m³,ICPMS,N/A
50104,ONTARIO,Selenium,2006-12-10T00:00,0.002,µg/m³,ICPMS,N/A
50104,ONTARIO,Selenium,2006-12-13T00:00,0.006,µg/m³,ICPMS,N/A
50104,ONTARIO,Selenium,2006-12-19T00:00,0.000,µg/m³,ICPMS,N/A
50104,ONTARIO,Selenium,2006-12-22T00:00,0.000,µg/m³,ICPMS,N/A
50104,ONTARIO,Selenium,2006-12-25T00:00,0.000,µg/m³,ICPMS,N/A
50104,ONTARIO,Selenium,2006-12-28T00:00,0.000,µg/m³,ICPMS,N/A
50104,ONTARIO,Selenium,2006-12-31T00:00,0.001,µg/m³,ICPMS,N/A
50104,ONTARIO,Selenium,2006-01-19T19:00,0.001,µg/m³,WICPMS,N/A
50104,ONTARIO,Selenium,2006-01-22T19:00,0.002,µg/m³,WICPMS,N/A
50104,ONTARIO,Selenium,2006-01-25T19:00,0.000,µg/m³,WICPMS,N/A
50104,ONTARIO,Selenium,2006-01-28T19:00,0.000,µg/m³,WICPMS,N/A
50104,ONTARIO,Selenium,2006-01-31T19:00,0.001,µg/m³,WICPMS,N/A
50104,ONTARIO,Selenium,2006-02-03T19:00,0.000,µg/m³,WICPMS,N/A
50104,ONTARIO,Selenium,2006-02-06T19:00,0.000,µg/m³,WICPMS,N/A
50104,ONTARIO,Selenium,2006-02-09T19:00,0.000,µg/m³,WICPMS,N/A
50104,ONTARIO,Selenium,2006-02-12T19:00,0.000,µg/m³,WICPMS,N/A
50104,ONTARIO,Selenium,2006-02-15T19:00,0.000,µg/m³,WICPMS,N/A
50104,ONTARIO,Selenium,2006-02-18T19:00,0.000,µg/m³,WICPMS,N/A
50104,ONTARIO,Selenium,2006-02-21T19:00,0.000,µg/m³,WICPMS,N/A
50104,ONTARIO,Selenium,2006-02-24T19:00,0.000,µg/m³,WICPMS,N/A
50104,ONTARIO,Selenium,2006-02-27T19:00,0.000,µg/m³,WICPMS,N/A
50104,ONTARIO,Selenium,2006-03-02T19:00,0.000,µg/m³,WICPMS,N/A
50104,ONTARIO,Selenium,2006-03-05T19:00,0.000,µg/m³,WICPMS,N/A
50104,ONTARIO,Selenium,2006-03-08T19:00,0.001,µg/m³,WICPMS,N/A
50104,ONTARIO,Selenium,2006-03-11T19:00,0.002,µg/m³,WICPMS,N/A
50104,ONTARIO,Selenium,2006-03-14T19:00,0.000,µg/m³,WICPMS,N/A
50104,ONTARIO,Selenium,2006-03-17T19:00,0.000,µg/m³,WICPMS,N/A
50104,ONTARIO,Selenium,2006-03-20T19:00,0.000,µg/m³,WICPMS,N/A
50104,ONTARIO,Selenium,2006-03-23T19:00,0.000,µg/m³,WICPMS,N/A
50104,ONTARIO,Selenium,2006-03-26T19:00,0.000,µg/m³,WICPMS,N/A
50104,ONTARIO,Selenium,2006-03-29T19:00,0.001,µg/m³,WICPMS,N/A
50104,ONTARIO,Selenium,2006-04-01T19:00,0.000,µg/m³,WICPMS,N/A
50104,ONTARIO,Selenium,2006-04-04T20:00,0.000,µg/m³,WICPMS,N/A
50104,ONTARIO,Selenium,2006-04-07T20:00,0.000,µg/m³,WICPMS,N/A
50104,ONTARIO,Selenium,2006-04-10T20:00,0.000,µg/m³,WICPMS,N/A
50104,ONTARIO,Selenium,2006-04-13T20:00,0.000,µg/m³,WICPMS,N/A
50104,ONTARIO,Selenium,2006-04-22T20:00,0.000,µg/m³,WICPMS,N/A
50104,ONTARIO,Selenium,2006-05-25T20:00,0.001,µg/m³,WICPMS,N/A
50104,ONTARIO,Selenium,2006-05-28T20:00,0.001,µg/m³,WICPMS,N/A
50104,ONTARIO,Selenium,2006-05-31T20:00,0.000,µg/m³,WICPMS,N/A
50104,ONTARIO,Selenium,2006-06-03T20:00,0.000,µg/m³,WICPMS,N/A
50104,ONTARIO,Selenium,2006-06-06T20:00,0.000,µg/m³,WICPMS,N/A
50104,ONTARIO,Selenium,2006-06-09T20:00,0.000,µg/m³,WICPMS,N/A
50104,ONTARIO,Selenium,2006-06-12T20:00,0.000,µg/m³,WICPMS,N/A
50104,ONTARIO,Selenium,2006-06-15T20:00,0.000,µg/m³,WICPMS,N/A
50104,ONTARIO,Selenium,2006-06-18T20:00,0.001,µg/m³,WICPMS,N/A
50104,ONTARIO,Selenium,2006-06-21T20:00,0.001,µg/m³,WICPMS,N/A
50104,ONTARIO,Selenium,2006-07-24T20:00,0.001,µg/m³,WICPMS,N/A
50104,ONTARIO,Selenium,2006-07-27T20:00,0.000,µg/m³,WICPMS,N/A
50104,ONTARIO,Selenium,2006-07-30T20:00,0.001,µg/m³,WICPMS,N/A
50104,ONTARIO,Selenium,2006-08-02T20:00,0.000,µg/m³,WICPMS,N/A
50104,ONTARIO,Selenium,2006-08-05T20:00,0.001,µg/m³,WICPMS,N/A
50104,ONTARIO,Selenium,2006-08-14T20:00,0.000,µg/m³,WICPMS,N/A
50104,ONTARIO,Selenium,2006-08-17T20:00,0.003,µg/m³,WICPMS,N/A
50104,ONTARIO,Selenium,2006-08-20T20:00,0.003,µg/m³,WICPMS,N/A
50104,ONTARIO,Selenium,2006-08-23T20:00,0.000,µg/m³,WICPMS,N/A
50104,ONTARIO,Selenium,2006-08-26T20:00,0.000,µg/m³,WICPMS,N/A
50104,ONTARIO,Selenium,2006-08-29T20:00,0.000,µg/m³,WICPMS,N/A
50104,ONTARIO,Selenium,2006-09-01T20:00,0.000,µg/m³,WICPMS,N/A
50104,ONTARIO,Selenium,2006-09-04T20:00,0.001,µg/m³,WICPMS,N/A
50104,ONTARIO,Selenium,2006-09-07T20:00,0.000,µg/m³,WICPMS,N/A
50104,ONTARIO,Selenium,2006-09-10T20:00,0.000,µg/m³,WICPMS,N/A
50104,ONTARIO,Selenium,2006-09-13T20:00,0.000,µg/m³,WICPMS,N/A
50104,ONTARIO,Selenium,2006-09-16T20:00,0.000,µg/m³,WICPMS,N/A
50104,ONTARIO,Selenium,2006-09-19T20:00,0.000,µg/m³,WICPMS,N/A
50104,ONTARIO,Selenium,2006-09-22T20:00,0.006,µg/m³,WICPMS,N/A
50104,ONTARIO,Selenium,2006-09-25T20:00,0.000,µg/m³,WICPMS,N/A
50104,ONTARIO,Selenium,2006-09-28T20:00,0.000,µg/m³,WICPMS,N/A
50104,ONTARIO,Selenium,2006-10-01T20:00,0.003,µg/m³,WICPMS,N/A
50104,ONTARIO,Selenium,2006-10-04T20:00,0.000,µg/m³,WICPMS,N/A
50104,ONTARIO,Selenium,2006-10-07T20:00,0.000,µg/m³,WICPMS,N/A
50104,ONTARIO,Selenium,2006-10-10T20:00,0.000,µg/m³,WICPMS,N/A
50104,ONTARIO,Selenium,2006-10-13T20:00,0.002,µg/m³,WICPMS,N/A
50104,ONTARIO,Selenium,2006-10-16T20:00,0.000,µg/m³,WICPMS,N/A
50104,ONTARIO,Selenium,2006-10-19T20:00,0.000,µg/m³,WICPMS,N/A
50104,ONTARIO,Selenium,2006-10-22T20:00,0.000,µg/m³,WICPMS,N/A
50104,ONTARIO,Selenium,2006-10-25T20:00,0.000,µg/m³,WICPMS,N/A
50104,ONTARIO,Selenium,2006-10-28T20:00,0.000,µg/m³,WICPMS,N/A
50104,ONTARIO,Selenium,2006-10-31T19:00,0.000,µg/m³,WICPMS,N/A
50104,ONTARIO,Selenium,2006-11-03T19:00,0.000,µg/m³,WICPMS,N/A
50104,ONTARIO,Selenium,2006-11-06T19:00,0.002,µg/m³,WICPMS,N/A
50104,ONTARIO,Selenium,2006-11-09T19:00,0.000,µg/m³,WICPMS,N/A
50104,ONTARIO,Selenium,2006-11-15T19:00,0.000,µg/m³,WICPMS,N/A
50104,ONTARIO,Selenium,2006-11-18T19:00,0.000,µg/m³,WICPMS,N/A
50104,ONTARIO,Selenium,2006-11-21T19:00,0.001,µg/m³,WICPMS,N/A
50104,ONTARIO,Selenium,2006-11-24T19:00,0.003,µg/m³,WICPMS,N/A
50104,ONTARIO,Selenium,2006-11-27T19:00,0.000,µg/m³,WICPMS,N/A
50104,ONTARIO,Selenium,2006-11-30T19:00,0.000,µg/m³,WICPMS,N/A
50104,ONTARIO,Selenium,2006-12-06T19:00,0.003,µg/m³,WICPMS,N/A
50104,ONTARIO,Selenium,2006-12-08T19:00,0.001,µg/m³,WICPMS,N/A
50104,ONTARIO,Selenium,2006-12-11T19:00,0.000,µg/m³,WICPMS,N/A
50104,ONTARIO,Selenium,2006-12-15T19:00,0.000,µg/m³,WICPMS,N/A
50104,ONTARIO,Selenium,2006-12-18T19:00,0.000,µg/m³,WICPMS,N/A
50104,ONTARIO,Selenium,2006-12-21T19:00,0.000,µg/m³,WICPMS,N/A
