﻿NAPS_Site_ID,Station_Name,Pollutant,Date,Value,Units
92501,BENTLEY _PORTABLE_,NO2,2005-05-04T16:00,0.000,ppb
92501,BENTLEY _PORTABLE_,NO2,2005-05-04T17:00,0.000,ppb
92501,BENTLEY _PORTABLE_,NO2,2005-05-04T18:00,0.000,ppb
92501,BENTLEY _PORTABLE_,NO2,2005-05-04T19:00,2.000,ppb
92501,BENTLEY _PORTABLE_,NO2,2005-05-04T20:00,2.000,ppb
92501,BENTLEY _PORTABLE_,NO2,2005-05-04T21:00,4.000,ppb
92501,BENTLEY _PORTABLE_,NO2,2005-05-04T22:00,8.000,ppb
92501,BENTLEY _PORTABLE_,NO2,2005-05-04T23:00,6.000,ppb
92501,BENTLEY _PORTABLE_,NO2,2005-05-05T00:00,3.000,ppb
92501,BENTLEY _PORTABLE_,NO2,2005-05-05T01:00,3.000,ppb
92501,BENTLEY _PORTABLE_,NO2,2005-05-05T03:00,3.000,ppb
92501,BENTLEY _PORTABLE_,NO2,2005-05-05T04:00,3.000,ppb
92501,BENTLEY _PORTABLE_,NO2,2005-05-05T05:00,3.000,ppb
92501,BENTLEY _PORTABLE_,NO2,2005-05-05T06:00,4.000,ppb
92501,BENTLEY _PORTABLE_,NO2,2005-05-05T07:00,4.000,ppb
92501,BENTLEY _PORTABLE_,NO2,2005-05-05T08:00,3.000,ppb
92501,BENTLEY _PORTABLE_,NO2,2005-05-05T09:00,2.000,ppb
92501,BENTLEY _PORTABLE_,NO2,2005-05-05T10:00,1.000,ppb
92501,BENTLEY _PORTABLE_,NO2,2005-05-05T11:00,0.000,ppb
92501,BENTLEY _PORTABLE_,NO2,2005-05-05T12:00,0.000,ppb
92501,BENTLEY _PORTABLE_,NO2,2005-05-05T13:00,0.000,ppb
92501,BENTLEY _PORTABLE_,NO2,2005-05-05T14:00,0.000,ppb
92501,BENTLEY _PORTABLE_,NO2,2005-05-05T15:00,0.000,ppb
92501,BENTLEY _PORTABLE_,NO2,2005-05-05T16:00,0.000,ppb
92501,BENTLEY _PORTABLE_,NO2,2005-05-05T17:00,0.000,ppb
92501,BENTLEY _PORTABLE_,NO2,2005-05-05T18:00,1.000,ppb
92501,BENTLEY _PORTABLE_,NO2,2005-05-05T19:00,1.000,ppb
92501,BENTLEY _PORTABLE_,NO2,2005-05-05T20:00,4.000,ppb
92501,BENTLEY _PORTABLE_,NO2,2005-05-05T21:00,5.000,ppb
92501,BENTLEY _PORTABLE_,NO2,2005-05-05T22:00,6.000,ppb
92501,BENTLEY _PORTABLE_,NO2,2005-05-05T23:00,4.000,ppb
92501,BENTLEY _PORTABLE_,NO2,2005-05-06T00:00,3.000,ppb
92501,BENTLEY _PORTABLE_,NO2,2005-05-06T01:00,2.000,ppb
92501,BENTLEY _PORTABLE_,NO2,2005-05-06T02:00,1.000,ppb
92501,BENTLEY _PORTABLE_,NO2,2005-05-06T04:00,3.000,ppb
92501,BENTLEY _PORTABLE_,NO2,2005-05-06T05:00,5.000,ppb
92501,BENTLEY _PORTABLE_,NO2,2005-05-06T06:00,7.000,ppb
92501,BENTLEY _PORTABLE_,NO2,2005-05-06T07:00,5.000,ppb
92501,BENTLEY _PORTABLE_,NO2,2005-05-06T08:00,1.000,ppb
92501,BENTLEY _PORTABLE_,NO2,2005-05-06T09:00,1.000,ppb
92501,BENTLEY _PORTABLE_,NO2,2005-05-06T10:00,0.000,ppb
92501,BENTLEY _PORTABLE_,NO2,2005-05-06T11:00,0.000,ppb
92501,BENTLEY _PORTABLE_,NO2,2005-05-06T12:00,0.000,ppb
92501,BENTLEY _PORTABLE_,NO2,2005-05-06T13:00,0.000,ppb
92501,BENTLEY _PORTABLE_,NO2,2005-05-06T14:00,0.000,ppb
92501,BENTLEY _PORTABLE_,NO2,2005-05-06T15:00,0.000,ppb
92501,BENTLEY _PORTABLE_,NO2,2005-05-06T16:00,0.000,ppb
92501,BENTLEY _PORTABLE_,NO2,2005-05-06T17:00,0.000,ppb
92501,BENTLEY _PORTABLE_,NO2,2005-05-06T18:00,0.000,ppb
92501,BENTLEY _PORTABLE_,NO2,2005-05-06T19:00,0.000,ppb
92501,BENTLEY _PORTABLE_,NO2,2005-05-06T20:00,0.000,ppb
92501,BENTLEY _PORTABLE_,NO2,2005-05-06T21:00,0.000,ppb
92501,BENTLEY _PORTABLE_,NO2,2005-05-06T22:00,0.000,ppb
92501,BENTLEY _PORTABLE_,NO2,2005-05-06T23:00,0.000,ppb
92501,BENTLEY _PORTABLE_,NO2,2005-05-07T00:00,0.000,ppb
92501,BENTLEY _PORTABLE_,NO2,2005-05-07T01:00,0.000,ppb
92501,BENTLEY _PORTABLE_,NO2,2005-05-07T02:00,0.000,ppb
92501,BENTLEY _PORTABLE_,NO2,2005-05-07T04:00,0.000,ppb
92501,BENTLEY _PORTABLE_,NO2,2005-05-07T05:00,0.000,ppb
92501,BENTLEY _PORTABLE_,NO2,2005-05-07T06:00,1.000,ppb
92501,BENTLEY _PORTABLE_,NO2,2005-05-07T07:00,0.000,ppb
92501,BENTLEY _PORTABLE_,NO2,2005-05-07T08:00,0.000,ppb
92501,BENTLEY _PORTABLE_,NO2,2005-05-07T09:00,0.000,ppb
92501,BENTLEY _PORTABLE_,NO2,2005-05-07T10:00,0.000,ppb
92501,BENTLEY _PORTABLE_,NO2,2005-05-07T11:00,0.000,ppb
92501,BENTLEY _PORTABLE_,NO2,2005-05-07T12:00,0.000,ppb
92501,BENTLEY _PORTABLE_,NO2,2005-05-07T13:00,0.000,ppb
92501,BENTLEY _PORTABLE_,NO2,2005-05-07T14:00,2.000,ppb
92501,BENTLEY _PORTABLE_,NO2,2005-05-07T15:00,1.000,ppb
92501,BENTLEY _PORTABLE_,NO2,2005-05-07T16:00,0.000,ppb
92501,BENTLEY _PORTABLE_,NO2,2005-05-07T17:00,1.000,ppb
92501,BENTLEY _PORTABLE_,NO2,2005-05-07T18:00,1.000,ppb
92501,BENTLEY _PORTABLE_,NO2,2005-05-07T19:00,3.000,ppb
92501,BENTLEY _PORTABLE_,NO2,2005-05-07T20:00,4.000,ppb
92501,BENTLEY _PORTABLE_,NO2,2005-05-07T21:00,5.000,ppb
92501,BENTLEY _PORTABLE_,NO2,2005-05-07T22:00,6.000,ppb
92501,BENTLEY _PORTABLE_,NO2,2005-05-07T23:00,5.000,ppb
92501,BENTLEY _PORTABLE_,NO2,2005-05-08T00:00,5.000,ppb
92501,BENTLEY _PORTABLE_,NO2,2005-05-08T01:00,5.000,ppb
92501,BENTLEY _PORTABLE_,NO2,2005-05-08T02:00,4.000,ppb
92501,BENTLEY _PORTABLE_,NO2,2005-05-08T04:00,5.000,ppb
92501,BENTLEY _PORTABLE_,NO2,2005-05-08T05:00,5.000,ppb
92501,BENTLEY _PORTABLE_,NO2,2005-05-08T06:00,3.000,ppb
92501,BENTLEY _PORTABLE_,NO2,2005-05-08T07:00,3.000,ppb
92501,BENTLEY _PORTABLE_,NO2,2005-05-08T08:00,4.000,ppb
92501,BENTLEY _PORTABLE_,NO2,2005-05-08T09:00,3.000,ppb
92501,BENTLEY _PORTABLE_,NO2,2005-05-08T10:00,1.000,ppb
92501,BENTLEY _PORTABLE_,NO2,2005-05-08T11:00,0.000,ppb
92501,BENTLEY _PORTABLE_,NO2,2005-05-08T12:00,0.000,ppb
92501,BENTLEY _PORTABLE_,NO2,2005-05-08T13:00,0.000,ppb
92501,BENTLEY _PORTABLE_,NO2,2005-05-08T14:00,0.000,ppb
92501,BENTLEY _PORTABLE_,NO2,2005-05-08T15:00,0.000,ppb
92501,BENTLEY _PORTABLE_,NO2,2005-05-08T16:00,0.000,ppb
92501,BENTLEY _PORTABLE_,NO2,2005-05-08T17:00,0.000,ppb
92501,BENTLEY _PORTABLE_,NO2,2005-05-08T18:00,0.000,ppb
92501,BENTLEY _PORTABLE_,NO2,2005-05-08T19:00,1.000,ppb
92501,BENTLEY _PORTABLE_,NO2,2005-05-08T20:00,1.000,ppb
92501,BENTLEY _PORTABLE_,NO2,2005-05-08T21:00,2.000,ppb
92501,BENTLEY _PORTABLE_,NO2,2005-05-08T22:00,3.000,ppb
92501,BENTLEY _PORTABLE_,NO2,2005-05-08T23:00,3.000,ppb
92501,BENTLEY _PORTABLE_,NO2,2005-05-09T00:00,3.000,ppb
92501,BENTLEY _PORTABLE_,NO2,2005-05-09T01:00,3.000,ppb
92501,BENTLEY _PORTABLE_,NO2,2005-05-09T02:00,2.000,ppb
92501,BENTLEY _PORTABLE_,NO2,2005-05-09T04:00,2.000,ppb
92501,BENTLEY _PORTABLE_,NO2,2005-05-09T05:00,3.000,ppb
92501,BENTLEY _PORTABLE_,NO2,2005-05-09T06:00,6.000,ppb
92501,BENTLEY _PORTABLE_,NO2,2005-05-09T07:00,7.000,ppb
92501,BENTLEY _PORTABLE_,NO2,2005-05-09T08:00,5.000,ppb
92501,BENTLEY _PORTABLE_,NO2,2005-05-09T09:00,4.000,ppb
92501,BENTLEY _PORTABLE_,NO2,2005-05-09T10:00,3.000,ppb
92501,BENTLEY _PORTABLE_,NO2,2005-05-09T11:00,1.000,ppb
92501,BENTLEY _PORTABLE_,NO2,2005-05-09T12:00,4.000,ppb
92501,BENTLEY _PORTABLE_,NO2,2005-05-09T13:00,6.000,ppb
92501,BENTLEY _PORTABLE_,NO2,2005-05-09T14:00,2.000,ppb
92501,BENTLEY _PORTABLE_,NO2,2005-05-09T15:00,2.000,ppb
92501,BENTLEY _PORTABLE_,NO2,2005-05-09T16:00,2.000,ppb
92501,BENTLEY _PORTABLE_,NO2,2005-05-09T17:00,1.000,ppb
92501,BENTLEY _PORTABLE_,NO2,2005-05-09T18:00,1.000,ppb
92501,BENTLEY _PORTABLE_,NO2,2005-05-09T19:00,2.000,ppb
92501,BENTLEY _PORTABLE_,NO2,2005-05-09T20:00,2.000,ppb
92501,BENTLEY _PORTABLE_,NO2,2005-05-09T21:00,5.000,ppb
92501,BENTLEY _PORTABLE_,NO2,2005-05-09T22:00,4.000,ppb
92501,BENTLEY _PORTABLE_,NO2,2005-05-09T23:00,3.000,ppb
92501,BENTLEY _PORTABLE_,NO2,2005-05-10T00:00,0.000,ppb
92501,BENTLEY _PORTABLE_,NO2,2005-05-10T01:00,0.000,ppb
92501,BENTLEY _PORTABLE_,NO2,2005-05-10T02:00,0.000,ppb
92501,BENTLEY _PORTABLE_,NO2,2005-05-10T04:00,0.000,ppb
92501,BENTLEY _PORTABLE_,NO2,2005-05-10T05:00,0.000,ppb
92501,BENTLEY _PORTABLE_,NO2,2005-05-10T06:00,0.000,ppb
92501,BENTLEY _PORTABLE_,NO2,2005-05-10T07:00,0.000,ppb
92501,BENTLEY _PORTABLE_,NO2,2005-05-10T08:00,0.000,ppb
92501,BENTLEY _PORTABLE_,NO2,2005-05-10T09:00,0.000,ppb
92501,BENTLEY _PORTABLE_,NO2,2005-05-10T10:00,0.000,ppb
92501,BENTLEY _PORTABLE_,NO2,2005-05-10T11:00,0.000,ppb
92501,BENTLEY _PORTABLE_,NO2,2005-05-10T12:00,0.000,ppb
92501,BENTLEY _PORTABLE_,NO2,2005-05-10T13:00,0.000,ppb
92501,BENTLEY _PORTABLE_,NO2,2005-05-10T14:00,0.000,ppb
92501,BENTLEY _PORTABLE_,NO2,2005-05-10T15:00,0.000,ppb
92501,BENTLEY _PORTABLE_,NO2,2005-05-10T16:00,0.000,ppb
92501,BENTLEY _PORTABLE_,NO2,2005-05-10T17:00,1.000,ppb
92501,BENTLEY _PORTABLE_,NO2,2005-05-10T18:00,1.000,ppb
92501,BENTLEY _PORTABLE_,NO2,2005-05-10T19:00,1.000,ppb
92501,BENTLEY _PORTABLE_,NO2,2005-05-10T20:00,2.000,ppb
92501,BENTLEY _PORTABLE_,NO2,2005-05-10T21:00,5.000,ppb
92501,BENTLEY _PORTABLE_,NO2,2005-05-10T22:00,6.000,ppb
92501,BENTLEY _PORTABLE_,NO2,2005-05-10T23:00,2.000,ppb
92501,BENTLEY _PORTABLE_,NO2,2005-05-11T00:00,1.000,ppb
92501,BENTLEY _PORTABLE_,NO2,2005-05-11T01:00,1.000,ppb
92501,BENTLEY _PORTABLE_,NO2,2005-05-11T02:00,1.000,ppb
92501,BENTLEY _PORTABLE_,NO2,2005-05-11T04:00,1.000,ppb
92501,BENTLEY _PORTABLE_,NO2,2005-05-11T05:00,1.000,ppb
92501,BENTLEY _PORTABLE_,NO2,2005-05-11T06:00,1.000,ppb
92501,BENTLEY _PORTABLE_,NO2,2005-05-11T07:00,1.000,ppb
92501,BENTLEY _PORTABLE_,NO2,2005-05-11T08:00,0.000,ppb
92501,BENTLEY _PORTABLE_,NO2,2005-05-11T09:00,0.000,ppb
92501,BENTLEY _PORTABLE_,NO2,2005-05-11T10:00,0.000,ppb
92501,BENTLEY _PORTABLE_,NO2,2005-05-11T11:00,0.000,ppb
92501,BENTLEY _PORTABLE_,NO2,2005-05-11T12:00,0.000,ppb
92501,BENTLEY _PORTABLE_,NO2,2005-05-11T13:00,0.000,ppb
92501,BENTLEY _PORTABLE_,NO2,2005-05-11T14:00,0.000,ppb
92501,BENTLEY _PORTABLE_,NO2,2005-05-11T15:00,0.000,ppb
92501,BENTLEY _PORTABLE_,NO2,2005-05-11T16:00,0.000,ppb
92501,BENTLEY _PORTABLE_,NO2,2005-05-11T17:00,0.000,ppb
92501,BENTLEY _PORTABLE_,NO2,2005-05-11T18:00,0.000,ppb
92501,BENTLEY _PORTABLE_,NO2,2005-05-11T19:00,0.000,ppb
92501,BENTLEY _PORTABLE_,NO2,2005-05-11T20:00,0.000,ppb
92501,BENTLEY _PORTABLE_,NO2,2005-05-11T21:00,1.000,ppb
92501,BENTLEY _PORTABLE_,NO2,2005-05-11T22:00,1.000,ppb
92501,BENTLEY _PORTABLE_,NO2,2005-05-11T23:00,1.000,ppb
92501,BENTLEY _PORTABLE_,NO2,2005-05-12T00:00,2.000,ppb
92501,BENTLEY _PORTABLE_,NO2,2005-05-12T01:00,2.000,ppb
92501,BENTLEY _PORTABLE_,NO2,2005-05-12T02:00,2.000,ppb
92501,BENTLEY _PORTABLE_,NO2,2005-05-12T04:00,2.000,ppb
92501,BENTLEY _PORTABLE_,NO2,2005-05-12T05:00,3.000,ppb
92501,BENTLEY _PORTABLE_,NO2,2005-05-12T06:00,2.000,ppb
92501,BENTLEY _PORTABLE_,NO2,2005-05-12T07:00,2.000,ppb
92501,BENTLEY _PORTABLE_,NO2,2005-05-12T08:00,2.000,ppb
92501,BENTLEY _PORTABLE_,NO2,2005-05-12T09:00,5.000,ppb
92501,BENTLEY _PORTABLE_,NO2,2005-05-12T10:00,3.000,ppb
92501,BENTLEY _PORTABLE_,NO2,2005-05-12T11:00,0.000,ppb
92501,BENTLEY _PORTABLE_,NO2,2005-05-12T12:00,0.000,ppb
92501,BENTLEY _PORTABLE_,NO2,2005-05-12T13:00,0.000,ppb
92501,BENTLEY _PORTABLE_,NO2,2005-05-12T14:00,0.000,ppb
92501,BENTLEY _PORTABLE_,NO2,2005-05-12T15:00,0.000,ppb
92501,BENTLEY _PORTABLE_,NO2,2005-05-12T16:00,0.000,ppb
92501,BENTLEY _PORTABLE_,NO2,2005-05-12T17:00,0.000,ppb
92501,BENTLEY _PORTABLE_,NO2,2005-05-12T18:00,0.000,ppb
92501,BENTLEY _PORTABLE_,NO2,2005-05-12T19:00,0.000,ppb
92501,BENTLEY _PORTABLE_,NO2,2005-05-12T20:00,3.000,ppb
92501,BENTLEY _PORTABLE_,NO2,2005-05-12T21:00,10.000,ppb
92501,BENTLEY _PORTABLE_,NO2,2005-05-12T22:00,11.000,ppb
92501,BENTLEY _PORTABLE_,NO2,2005-05-12T23:00,10.000,ppb
92501,BENTLEY _PORTABLE_,NO2,2005-05-13T00:00,13.000,ppb
92501,BENTLEY _PORTABLE_,NO2,2005-05-13T01:00,8.000,ppb
92501,BENTLEY _PORTABLE_,NO2,2005-05-13T02:00,6.000,ppb
92501,BENTLEY _PORTABLE_,NO2,2005-05-13T04:00,0.000,ppb
92501,BENTLEY _PORTABLE_,NO2,2005-05-13T05:00,0.000,ppb
92501,BENTLEY _PORTABLE_,NO2,2005-05-13T06:00,3.000,ppb
92501,BENTLEY _PORTABLE_,NO2,2005-05-13T07:00,1.000,ppb
92501,BENTLEY _PORTABLE_,NO2,2005-05-13T08:00,1.000,ppb
92501,BENTLEY _PORTABLE_,NO2,2005-05-13T09:00,0.000,ppb
92501,BENTLEY _PORTABLE_,NO2,2005-05-13T10:00,0.000,ppb
92501,BENTLEY _PORTABLE_,NO2,2005-05-13T11:00,0.000,ppb
92501,BENTLEY _PORTABLE_,NO2,2005-05-13T12:00,0.000,ppb
92501,BENTLEY _PORTABLE_,NO2,2005-05-13T13:00,0.000,ppb
92501,BENTLEY _PORTABLE_,NO2,2005-05-13T14:00,0.000,ppb
92501,BENTLEY _PORTABLE_,NO2,2005-05-13T15:00,0.000,ppb
92501,BENTLEY _PORTABLE_,NO2,2005-05-13T16:00,0.000,ppb
92501,BENTLEY _PORTABLE_,NO2,2005-05-13T17:00,0.000,ppb
92501,BENTLEY _PORTABLE_,NO2,2005-05-13T18:00,1.000,ppb
92501,BENTLEY _PORTABLE_,NO2,2005-05-13T19:00,1.000,ppb
92501,BENTLEY _PORTABLE_,NO2,2005-05-13T20:00,2.000,ppb
92501,BENTLEY _PORTABLE_,NO2,2005-05-13T21:00,3.000,ppb
92501,BENTLEY _PORTABLE_,NO2,2005-05-13T22:00,1.000,ppb
92501,BENTLEY _PORTABLE_,NO2,2005-05-13T23:00,1.000,ppb
92501,BENTLEY _PORTABLE_,NO2,2005-05-14T00:00,1.000,ppb
92501,BENTLEY _PORTABLE_,NO2,2005-05-14T01:00,0.000,ppb
92501,BENTLEY _PORTABLE_,NO2,2005-05-14T02:00,0.000,ppb
92501,BENTLEY _PORTABLE_,NO2,2005-05-14T04:00,2.000,ppb
92501,BENTLEY _PORTABLE_,NO2,2005-05-14T05:00,2.000,ppb
92501,BENTLEY _PORTABLE_,NO2,2005-05-14T06:00,2.000,ppb
92501,BENTLEY _PORTABLE_,NO2,2005-05-14T07:00,1.000,ppb
92501,BENTLEY _PORTABLE_,NO2,2005-05-14T08:00,1.000,ppb
92501,BENTLEY _PORTABLE_,NO2,2005-05-14T09:00,1.000,ppb
92501,BENTLEY _PORTABLE_,NO2,2005-05-14T10:00,0.000,ppb
92501,BENTLEY _PORTABLE_,NO2,2005-05-14T11:00,0.000,ppb
92501,BENTLEY _PORTABLE_,NO2,2005-05-14T12:00,0.000,ppb
92501,BENTLEY _PORTABLE_,NO2,2005-05-14T13:00,0.000,ppb
92501,BENTLEY _PORTABLE_,NO2,2005-05-14T14:00,0.000,ppb
92501,BENTLEY _PORTABLE_,NO2,2005-05-14T15:00,0.000,ppb
92501,BENTLEY _PORTABLE_,NO2,2005-05-14T16:00,0.000,ppb
92501,BENTLEY _PORTABLE_,NO2,2005-05-14T17:00,0.000,ppb
92501,BENTLEY _PORTABLE_,NO2,2005-05-14T18:00,0.000,ppb
92501,BENTLEY _PORTABLE_,NO2,2005-05-14T19:00,0.000,ppb
92501,BENTLEY _PORTABLE_,NO2,2005-05-14T20:00,0.000,ppb
92501,BENTLEY _PORTABLE_,NO2,2005-05-14T21:00,1.000,ppb
92501,BENTLEY _PORTABLE_,NO2,2005-05-14T22:00,1.000,ppb
92501,BENTLEY _PORTABLE_,NO2,2005-05-14T23:00,3.000,ppb
92501,BENTLEY _PORTABLE_,NO2,2005-05-15T00:00,3.000,ppb
92501,BENTLEY _PORTABLE_,NO2,2005-05-15T01:00,6.000,ppb
92501,BENTLEY _PORTABLE_,NO2,2005-05-15T02:00,3.000,ppb
92501,BENTLEY _PORTABLE_,NO2,2005-05-15T04:00,3.000,ppb
92501,BENTLEY _PORTABLE_,NO2,2005-05-15T05:00,5.000,ppb
92501,BENTLEY _PORTABLE_,NO2,2005-05-15T06:00,4.000,ppb
92501,BENTLEY _PORTABLE_,NO2,2005-05-15T07:00,3.000,ppb
92501,BENTLEY _PORTABLE_,NO2,2005-05-15T08:00,0.000,ppb
92501,BENTLEY _PORTABLE_,NO2,2005-05-15T09:00,0.000,ppb
92501,BENTLEY _PORTABLE_,NO2,2005-05-15T10:00,0.000,ppb
92501,BENTLEY _PORTABLE_,NO2,2005-05-15T11:00,0.000,ppb
92501,BENTLEY _PORTABLE_,NO2,2005-05-15T12:00,0.000,ppb
92501,BENTLEY _PORTABLE_,NO2,2005-05-15T13:00,0.000,ppb
92501,BENTLEY _PORTABLE_,NO2,2005-05-15T14:00,0.000,ppb
92501,BENTLEY _PORTABLE_,NO2,2005-05-15T15:00,0.000,ppb
92501,BENTLEY _PORTABLE_,NO2,2005-05-15T16:00,0.000,ppb
92501,BENTLEY _PORTABLE_,NO2,2005-05-15T17:00,0.000,ppb
92501,BENTLEY _PORTABLE_,NO2,2005-05-15T18:00,0.000,ppb
92501,BENTLEY _PORTABLE_,NO2,2005-05-15T19:00,0.000,ppb
92501,BENTLEY _PORTABLE_,NO2,2005-05-15T20:00,0.000,ppb
92501,BENTLEY _PORTABLE_,NO2,2005-05-15T21:00,7.000,ppb
92501,BENTLEY _PORTABLE_,NO2,2005-05-15T22:00,5.000,ppb
92501,BENTLEY _PORTABLE_,NO2,2005-05-15T23:00,3.000,ppb
92501,BENTLEY _PORTABLE_,NO2,2005-05-16T00:00,3.000,ppb
92501,BENTLEY _PORTABLE_,NO2,2005-05-16T01:00,1.000,ppb
92501,BENTLEY _PORTABLE_,NO2,2005-05-16T02:00,1.000,ppb
92501,BENTLEY _PORTABLE_,NO2,2005-05-16T04:00,3.000,ppb
92501,BENTLEY _PORTABLE_,NO2,2005-05-16T05:00,3.000,ppb
92501,BENTLEY _PORTABLE_,NO2,2005-05-16T06:00,6.000,ppb
92501,BENTLEY _PORTABLE_,NO2,2005-05-16T07:00,9.000,ppb
92501,BENTLEY _PORTABLE_,NO2,2005-05-16T08:00,6.000,ppb
92501,BENTLEY _PORTABLE_,NO2,2005-05-16T09:00,6.000,ppb
92501,BENTLEY _PORTABLE_,NO2,2005-05-16T10:00,4.000,ppb
92501,BENTLEY _PORTABLE_,NO2,2005-05-16T11:00,4.000,ppb
92501,BENTLEY _PORTABLE_,NO2,2005-05-16T12:00,1.000,ppb
92501,BENTLEY _PORTABLE_,NO2,2005-05-16T13:00,0.000,ppb
92501,BENTLEY _PORTABLE_,NO2,2005-05-16T14:00,0.000,ppb
92501,BENTLEY _PORTABLE_,NO2,2005-05-16T15:00,0.000,ppb
92501,BENTLEY _PORTABLE_,NO2,2005-05-16T16:00,0.000,ppb
92501,BENTLEY _PORTABLE_,NO2,2005-05-16T17:00,1.000,ppb
92501,BENTLEY _PORTABLE_,NO2,2005-05-16T18:00,5.000,ppb
92501,BENTLEY _PORTABLE_,NO2,2005-05-16T19:00,5.000,ppb
92501,BENTLEY _PORTABLE_,NO2,2005-05-16T20:00,9.000,ppb
92501,BENTLEY _PORTABLE_,NO2,2005-05-16T21:00,8.000,ppb
92501,BENTLEY _PORTABLE_,NO2,2005-05-16T22:00,5.000,ppb
92501,BENTLEY _PORTABLE_,NO2,2005-05-16T23:00,3.000,ppb
92501,BENTLEY _PORTABLE_,NO2,2005-05-17T00:00,2.000,ppb
92501,BENTLEY _PORTABLE_,NO2,2005-05-17T01:00,1.000,ppb
92501,BENTLEY _PORTABLE_,NO2,2005-05-17T02:00,2.000,ppb
92501,BENTLEY _PORTABLE_,NO2,2005-05-17T04:00,0.000,ppb
92501,BENTLEY _PORTABLE_,NO2,2005-05-17T05:00,0.000,ppb
92501,BENTLEY _PORTABLE_,NO2,2005-05-17T06:00,0.000,ppb
92501,BENTLEY _PORTABLE_,NO2,2005-05-17T07:00,0.000,ppb
92501,BENTLEY _PORTABLE_,NO2,2005-05-17T08:00,0.000,ppb
92501,BENTLEY _PORTABLE_,NO2,2005-05-17T09:00,0.000,ppb
92501,BENTLEY _PORTABLE_,NO2,2005-05-17T10:00,0.000,ppb
92501,BENTLEY _PORTABLE_,NO2,2005-05-17T11:00,0.000,ppb
92501,BENTLEY _PORTABLE_,NO2,2005-05-17T12:00,0.000,ppb
92501,BENTLEY _PORTABLE_,NO2,2005-05-17T13:00,0.000,ppb
92501,BENTLEY _PORTABLE_,NO2,2005-05-17T14:00,0.000,ppb
92501,BENTLEY _PORTABLE_,NO2,2005-05-17T15:00,0.000,ppb
92501,BENTLEY _PORTABLE_,NO2,2005-05-17T16:00,0.000,ppb
92501,BENTLEY _PORTABLE_,NO2,2005-05-17T17:00,0.000,ppb
92501,BENTLEY _PORTABLE_,NO2,2005-05-17T18:00,0.000,ppb
92501,BENTLEY _PORTABLE_,NO2,2005-05-17T19:00,0.000,ppb
92501,BENTLEY _PORTABLE_,NO2,2005-05-17T20:00,0.000,ppb
92501,BENTLEY _PORTABLE_,NO2,2005-05-17T21:00,1.000,ppb
92501,BENTLEY _PORTABLE_,NO2,2005-05-17T22:00,4.000,ppb
92501,BENTLEY _PORTABLE_,NO2,2005-05-17T23:00,2.000,ppb
92501,BENTLEY _PORTABLE_,NO2,2005-05-18T00:00,1.000,ppb
92501,BENTLEY _PORTABLE_,NO2,2005-05-18T01:00,1.000,ppb
92501,BENTLEY _PORTABLE_,NO2,2005-05-18T02:00,1.000,ppb
92501,BENTLEY _PORTABLE_,NO2,2005-05-18T04:00,2.000,ppb
92501,BENTLEY _PORTABLE_,NO2,2005-05-18T05:00,3.000,ppb
92501,BENTLEY _PORTABLE_,NO2,2005-05-18T06:00,4.000,ppb
92501,BENTLEY _PORTABLE_,NO2,2005-05-18T07:00,2.000,ppb
92501,BENTLEY _PORTABLE_,NO2,2005-05-18T08:00,0.000,ppb
92501,BENTLEY _PORTABLE_,NO2,2005-05-18T09:00,0.000,ppb
92501,BENTLEY _PORTABLE_,NO2,2005-05-18T10:00,0.000,ppb
92501,BENTLEY _PORTABLE_,NO2,2005-05-18T11:00,0.000,ppb
92501,BENTLEY _PORTABLE_,NO2,2005-05-18T12:00,0.000,ppb
92501,BENTLEY _PORTABLE_,NO2,2005-05-18T13:00,0.000,ppb
92501,BENTLEY _PORTABLE_,NO2,2005-05-18T14:00,0.000,ppb
92501,BENTLEY _PORTABLE_,NO2,2005-05-18T15:00,0.000,ppb
92501,BENTLEY _PORTABLE_,NO2,2005-05-18T16:00,0.000,ppb
92501,BENTLEY _PORTABLE_,NO2,2005-05-18T17:00,0.000,ppb
92501,BENTLEY _PORTABLE_,NO2,2005-05-18T18:00,0.000,ppb
92501,BENTLEY _PORTABLE_,NO2,2005-05-18T19:00,2.000,ppb
92501,BENTLEY _PORTABLE_,NO2,2005-05-18T20:00,3.000,ppb
92501,BENTLEY _PORTABLE_,NO2,2005-05-18T21:00,3.000,ppb
92501,BENTLEY _PORTABLE_,NO2,2005-05-18T22:00,5.000,ppb
92501,BENTLEY _PORTABLE_,NO2,2005-05-18T23:00,5.000,ppb
92501,BENTLEY _PORTABLE_,NO2,2005-05-19T00:00,5.000,ppb
92501,BENTLEY _PORTABLE_,NO2,2005-05-19T01:00,5.000,ppb
92501,BENTLEY _PORTABLE_,NO2,2005-05-19T02:00,4.000,ppb
92501,BENTLEY _PORTABLE_,NO2,2005-05-19T04:00,5.000,ppb
92501,BENTLEY _PORTABLE_,NO2,2005-05-19T05:00,5.000,ppb
92501,BENTLEY _PORTABLE_,NO2,2005-05-19T06:00,3.000,ppb
92501,BENTLEY _PORTABLE_,NO2,2005-05-19T07:00,1.000,ppb
92501,BENTLEY _PORTABLE_,NO2,2005-05-19T08:00,0.000,ppb
92501,BENTLEY _PORTABLE_,NO2,2005-05-19T09:00,0.000,ppb
92501,BENTLEY _PORTABLE_,NO2,2005-05-19T10:00,0.000,ppb
92501,BENTLEY _PORTABLE_,NO2,2005-05-19T11:00,0.000,ppb
92501,BENTLEY _PORTABLE_,NO2,2005-05-19T12:00,0.000,ppb
92501,BENTLEY _PORTABLE_,NO2,2005-05-19T13:00,0.000,ppb
92501,BENTLEY _PORTABLE_,NO2,2005-05-19T14:00,0.000,ppb
92501,BENTLEY _PORTABLE_,NO2,2005-05-19T15:00,0.000,ppb
92501,BENTLEY _PORTABLE_,NO2,2005-05-19T16:00,0.000,ppb
92501,BENTLEY _PORTABLE_,NO2,2005-05-19T17:00,0.000,ppb
92501,BENTLEY _PORTABLE_,NO2,2005-05-19T18:00,0.000,ppb
92501,BENTLEY _PORTABLE_,NO2,2005-05-19T19:00,2.000,ppb
92501,BENTLEY _PORTABLE_,NO2,2005-05-19T20:00,4.000,ppb
92501,BENTLEY _PORTABLE_,NO2,2005-05-19T21:00,3.000,ppb
92501,BENTLEY _PORTABLE_,NO2,2005-05-19T22:00,2.000,ppb
92501,BENTLEY _PORTABLE_,NO2,2005-05-19T23:00,1.000,ppb
92501,BENTLEY _PORTABLE_,NO2,2005-05-20T00:00,0.000,ppb
92501,BENTLEY _PORTABLE_,NO2,2005-05-20T01:00,0.000,ppb
92501,BENTLEY _PORTABLE_,NO2,2005-05-20T02:00,1.000,ppb
92501,BENTLEY _PORTABLE_,NO2,2005-05-20T04:00,2.000,ppb
92501,BENTLEY _PORTABLE_,NO2,2005-05-20T05:00,2.000,ppb
92501,BENTLEY _PORTABLE_,NO2,2005-05-20T06:00,3.000,ppb
92501,BENTLEY _PORTABLE_,NO2,2005-05-20T07:00,2.000,ppb
92501,BENTLEY _PORTABLE_,NO2,2005-05-20T08:00,2.000,ppb
92501,BENTLEY _PORTABLE_,NO2,2005-05-20T09:00,0.000,ppb
92501,BENTLEY _PORTABLE_,NO2,2005-05-20T10:00,0.000,ppb
92501,BENTLEY _PORTABLE_,NO2,2005-05-20T11:00,0.000,ppb
92501,BENTLEY _PORTABLE_,NO2,2005-05-20T12:00,0.000,ppb
92501,BENTLEY _PORTABLE_,NO2,2005-05-20T13:00,0.000,ppb
92501,BENTLEY _PORTABLE_,NO2,2005-05-20T14:00,0.000,ppb
92501,BENTLEY _PORTABLE_,NO2,2005-05-20T15:00,0.000,ppb
92501,BENTLEY _PORTABLE_,NO2,2005-05-20T16:00,0.000,ppb
92501,BENTLEY _PORTABLE_,NO2,2005-05-20T17:00,0.000,ppb
92501,BENTLEY _PORTABLE_,NO2,2005-05-20T18:00,0.000,ppb
92501,BENTLEY _PORTABLE_,NO2,2005-05-20T19:00,1.000,ppb
92501,BENTLEY _PORTABLE_,NO2,2005-05-20T20:00,1.000,ppb
92501,BENTLEY _PORTABLE_,NO2,2005-05-20T21:00,1.000,ppb
92501,BENTLEY _PORTABLE_,NO2,2005-05-20T22:00,0.000,ppb
92501,BENTLEY _PORTABLE_,NO2,2005-05-20T23:00,1.000,ppb
92501,BENTLEY _PORTABLE_,NO2,2005-05-21T00:00,1.000,ppb
92501,BENTLEY _PORTABLE_,NO2,2005-05-21T01:00,2.000,ppb
92501,BENTLEY _PORTABLE_,NO2,2005-05-21T02:00,5.000,ppb
92501,BENTLEY _PORTABLE_,NO2,2005-05-21T04:00,3.000,ppb
92501,BENTLEY _PORTABLE_,NO2,2005-05-21T05:00,2.000,ppb
92501,BENTLEY _PORTABLE_,NO2,2005-05-21T06:00,1.000,ppb
92501,BENTLEY _PORTABLE_,NO2,2005-05-21T07:00,0.000,ppb
92501,BENTLEY _PORTABLE_,NO2,2005-05-21T08:00,0.000,ppb
92501,BENTLEY _PORTABLE_,NO2,2005-05-21T09:00,0.000,ppb
92501,BENTLEY _PORTABLE_,NO2,2005-05-21T10:00,0.000,ppb
92501,BENTLEY _PORTABLE_,NO2,2005-05-21T11:00,0.000,ppb
92501,BENTLEY _PORTABLE_,NO2,2005-05-21T12:00,0.000,ppb
92501,BENTLEY _PORTABLE_,NO2,2005-05-21T13:00,0.000,ppb
92501,BENTLEY _PORTABLE_,NO2,2005-05-21T14:00,0.000,ppb
92501,BENTLEY _PORTABLE_,NO2,2005-05-21T15:00,0.000,ppb
92501,BENTLEY _PORTABLE_,NO2,2005-05-21T16:00,0.000,ppb
92501,BENTLEY _PORTABLE_,NO2,2005-05-21T17:00,0.000,ppb
92501,BENTLEY _PORTABLE_,NO2,2005-05-21T18:00,0.000,ppb
92501,BENTLEY _PORTABLE_,NO2,2005-05-21T19:00,2.000,ppb
92501,BENTLEY _PORTABLE_,NO2,2005-05-21T20:00,6.000,ppb
92501,BENTLEY _PORTABLE_,NO2,2005-05-21T21:00,7.000,ppb
92501,BENTLEY _PORTABLE_,NO2,2005-05-21T22:00,7.000,ppb
92501,BENTLEY _PORTABLE_,NO2,2005-05-21T23:00,5.000,ppb
92501,BENTLEY _PORTABLE_,NO2,2005-05-22T00:00,9.000,ppb
92501,BENTLEY _PORTABLE_,NO2,2005-05-22T01:00,8.000,ppb
92501,BENTLEY _PORTABLE_,NO2,2005-05-22T02:00,7.000,ppb
92501,BENTLEY _PORTABLE_,NO2,2005-05-22T04:00,10.000,ppb
92501,BENTLEY _PORTABLE_,NO2,2005-05-22T05:00,10.000,ppb
92501,BENTLEY _PORTABLE_,NO2,2005-05-22T06:00,9.000,ppb
92501,BENTLEY _PORTABLE_,NO2,2005-05-22T07:00,7.000,ppb
92501,BENTLEY _PORTABLE_,NO2,2005-05-22T08:00,5.000,ppb
92501,BENTLEY _PORTABLE_,NO2,2005-05-22T09:00,3.000,ppb
92501,BENTLEY _PORTABLE_,NO2,2005-05-22T10:00,2.000,ppb
92501,BENTLEY _PORTABLE_,NO2,2005-05-22T11:00,0.000,ppb
92501,BENTLEY _PORTABLE_,NO2,2005-05-22T12:00,0.000,ppb
92501,BENTLEY _PORTABLE_,NO2,2005-05-22T13:00,0.000,ppb
92501,BENTLEY _PORTABLE_,NO2,2005-05-22T14:00,0.000,ppb
92501,BENTLEY _PORTABLE_,NO2,2005-05-22T15:00,0.000,ppb
92501,BENTLEY _PORTABLE_,NO2,2005-05-22T16:00,0.000,ppb
92501,BENTLEY _PORTABLE_,NO2,2005-05-22T17:00,1.000,ppb
92501,BENTLEY _PORTABLE_,NO2,2005-05-22T18:00,1.000,ppb
92501,BENTLEY _PORTABLE_,NO2,2005-05-22T19:00,1.000,ppb
92501,BENTLEY _PORTABLE_,NO2,2005-05-22T20:00,4.000,ppb
92501,BENTLEY _PORTABLE_,NO2,2005-05-22T21:00,2.000,ppb
92501,BENTLEY _PORTABLE_,NO2,2005-05-22T22:00,4.000,ppb
92501,BENTLEY _PORTABLE_,NO2,2005-05-22T23:00,2.000,ppb
92501,BENTLEY _PORTABLE_,NO2,2005-05-23T00:00,2.000,ppb
92501,BENTLEY _PORTABLE_,NO2,2005-05-23T01:00,2.000,ppb
92501,BENTLEY _PORTABLE_,NO2,2005-05-23T02:00,3.000,ppb
92501,BENTLEY _PORTABLE_,NO2,2005-05-23T04:00,4.000,ppb
92501,BENTLEY _PORTABLE_,NO2,2005-05-23T05:00,5.000,ppb
92501,BENTLEY _PORTABLE_,NO2,2005-05-23T06:00,3.000,ppb
92501,BENTLEY _PORTABLE_,NO2,2005-05-23T07:00,1.000,ppb
92501,BENTLEY _PORTABLE_,NO2,2005-05-23T08:00,1.000,ppb
92501,BENTLEY _PORTABLE_,NO2,2005-05-23T09:00,1.000,ppb
92501,BENTLEY _PORTABLE_,NO2,2005-05-23T10:00,0.000,ppb
92501,BENTLEY _PORTABLE_,NO2,2005-05-23T11:00,0.000,ppb
92501,BENTLEY _PORTABLE_,NO2,2005-05-23T12:00,0.000,ppb
92501,BENTLEY _PORTABLE_,NO2,2005-05-23T13:00,0.000,ppb
92501,BENTLEY _PORTABLE_,NO2,2005-05-23T14:00,0.000,ppb
92501,BENTLEY _PORTABLE_,NO2,2005-05-23T15:00,1.000,ppb
92501,BENTLEY _PORTABLE_,NO2,2005-05-23T16:00,1.000,ppb
92501,BENTLEY _PORTABLE_,NO2,2005-05-23T17:00,1.000,ppb
92501,BENTLEY _PORTABLE_,NO2,2005-05-23T18:00,1.000,ppb
92501,BENTLEY _PORTABLE_,NO2,2005-05-23T19:00,1.000,ppb
92501,BENTLEY _PORTABLE_,NO2,2005-05-23T20:00,1.000,ppb
92501,BENTLEY _PORTABLE_,NO2,2005-05-23T21:00,1.000,ppb
92501,BENTLEY _PORTABLE_,NO2,2005-05-23T22:00,1.000,ppb
92501,BENTLEY _PORTABLE_,NO2,2005-05-23T23:00,1.000,ppb
92501,BENTLEY _PORTABLE_,NO2,2005-05-24T00:00,1.000,ppb
92501,BENTLEY _PORTABLE_,NO2,2005-05-24T01:00,1.000,ppb
92501,BENTLEY _PORTABLE_,NO2,2005-05-24T02:00,1.000,ppb
92501,BENTLEY _PORTABLE_,NO2,2005-05-24T04:00,3.000,ppb
92501,BENTLEY _PORTABLE_,NO2,2005-05-24T05:00,2.000,ppb
92501,BENTLEY _PORTABLE_,NO2,2005-05-24T06:00,2.000,ppb
92501,BENTLEY _PORTABLE_,NO2,2005-05-24T07:00,2.000,ppb
92501,BENTLEY _PORTABLE_,NO2,2005-05-24T08:00,1.000,ppb
92501,BENTLEY _PORTABLE_,NO2,2005-05-24T09:00,1.000,ppb
92501,BENTLEY _PORTABLE_,NO2,2005-05-24T10:00,1.000,ppb
92501,BENTLEY _PORTABLE_,NO2,2005-05-24T11:00,1.000,ppb
92501,BENTLEY _PORTABLE_,NO2,2005-05-24T12:00,1.000,ppb
92501,BENTLEY _PORTABLE_,NO2,2005-05-24T13:00,1.000,ppb
92501,BENTLEY _PORTABLE_,NO2,2005-05-24T14:00,1.000,ppb
92501,BENTLEY _PORTABLE_,NO2,2005-05-24T15:00,1.000,ppb
92501,BENTLEY _PORTABLE_,NO2,2005-05-24T16:00,1.000,ppb
92501,BENTLEY _PORTABLE_,NO2,2005-05-24T17:00,1.000,ppb
92501,BENTLEY _PORTABLE_,NO2,2005-05-24T18:00,1.000,ppb
92501,BENTLEY _PORTABLE_,NO2,2005-05-24T19:00,1.000,ppb
92501,BENTLEY _PORTABLE_,NO2,2005-05-24T20:00,1.000,ppb
92501,BENTLEY _PORTABLE_,NO2,2005-05-24T21:00,1.000,ppb
92501,BENTLEY _PORTABLE_,NO2,2005-05-24T22:00,2.000,ppb
92501,BENTLEY _PORTABLE_,NO2,2005-05-24T23:00,2.000,ppb
92501,BENTLEY _PORTABLE_,NO2,2005-05-25T00:00,2.000,ppb
92501,BENTLEY _PORTABLE_,NO2,2005-05-25T01:00,2.000,ppb
92501,BENTLEY _PORTABLE_,NO2,2005-05-25T02:00,1.000,ppb
92501,BENTLEY _PORTABLE_,NO2,2005-05-25T04:00,4.000,ppb
92501,BENTLEY _PORTABLE_,NO2,2005-05-25T05:00,3.000,ppb
92501,BENTLEY _PORTABLE_,NO2,2005-05-25T06:00,2.000,ppb
92501,BENTLEY _PORTABLE_,NO2,2005-05-25T07:00,1.000,ppb
92501,BENTLEY _PORTABLE_,NO2,2005-05-25T08:00,1.000,ppb
92501,BENTLEY _PORTABLE_,NO2,2005-05-25T09:00,1.000,ppb
92501,BENTLEY _PORTABLE_,NO2,2005-05-25T10:00,1.000,ppb
92501,BENTLEY _PORTABLE_,NO2,2005-05-25T11:00,1.000,ppb
92501,BENTLEY _PORTABLE_,NO2,2005-05-25T12:00,1.000,ppb
92501,BENTLEY _PORTABLE_,NO2,2005-05-25T14:00,3.000,ppb
92501,BENTLEY _PORTABLE_,NO2,2005-05-25T15:00,1.000,ppb
92501,BENTLEY _PORTABLE_,NO2,2005-05-25T16:00,2.000,ppb
92501,BENTLEY _PORTABLE_,NO2,2005-05-25T17:00,1.000,ppb
92501,BENTLEY _PORTABLE_,NO2,2005-05-25T18:00,1.000,ppb
92501,BENTLEY _PORTABLE_,NO2,2005-05-25T19:00,2.000,ppb
92501,BENTLEY _PORTABLE_,NO2,2005-05-25T20:00,4.000,ppb
92501,BENTLEY _PORTABLE_,NO2,2005-05-25T21:00,8.000,ppb
92501,BENTLEY _PORTABLE_,NO2,2005-05-25T22:00,12.000,ppb
92501,BENTLEY _PORTABLE_,NO2,2005-05-25T23:00,8.000,ppb
92501,BENTLEY _PORTABLE_,NO2,2005-05-26T00:00,9.000,ppb
92501,BENTLEY _PORTABLE_,NO2,2005-05-26T01:00,10.000,ppb
92501,BENTLEY _PORTABLE_,NO2,2005-05-26T02:00,11.000,ppb
92501,BENTLEY _PORTABLE_,NO2,2005-05-26T03:00,14.000,ppb
92501,BENTLEY _PORTABLE_,NO2,2005-05-26T04:00,13.000,ppb
92501,BENTLEY _PORTABLE_,NO2,2005-05-26T05:00,10.000,ppb
92501,BENTLEY _PORTABLE_,NO2,2005-05-26T06:00,9.000,ppb
92501,BENTLEY _PORTABLE_,NO2,2005-05-26T07:00,6.000,ppb
92501,BENTLEY _PORTABLE_,NO2,2005-05-26T08:00,5.000,ppb
92501,BENTLEY _PORTABLE_,NO2,2005-05-26T09:00,2.000,ppb
92501,BENTLEY _PORTABLE_,NO2,2005-05-26T10:00,1.000,ppb
92501,BENTLEY _PORTABLE_,NO2,2005-05-26T11:00,1.000,ppb
92501,BENTLEY _PORTABLE_,NO2,2005-05-26T12:00,1.000,ppb
92501,BENTLEY _PORTABLE_,NO2,2005-05-26T14:00,3.000,ppb
92501,BENTLEY _PORTABLE_,NO2,2005-05-26T15:00,1.000,ppb
92501,BENTLEY _PORTABLE_,NO2,2005-05-26T16:00,1.000,ppb
92501,BENTLEY _PORTABLE_,NO2,2005-05-26T17:00,3.000,ppb
92501,BENTLEY _PORTABLE_,NO2,2005-05-26T18:00,5.000,ppb
92501,BENTLEY _PORTABLE_,NO2,2005-05-26T19:00,6.000,ppb
92501,BENTLEY _PORTABLE_,NO2,2005-05-26T20:00,5.000,ppb
92501,BENTLEY _PORTABLE_,NO2,2005-05-26T21:00,12.000,ppb
92501,BENTLEY _PORTABLE_,NO2,2005-05-26T22:00,10.000,ppb
92501,BENTLEY _PORTABLE_,NO2,2005-05-26T23:00,15.000,ppb
92501,BENTLEY _PORTABLE_,NO2,2005-05-27T00:00,17.000,ppb
92501,BENTLEY _PORTABLE_,NO2,2005-05-27T01:00,17.000,ppb
92501,BENTLEY _PORTABLE_,NO2,2005-05-27T02:00,16.000,ppb
92501,BENTLEY _PORTABLE_,NO2,2005-05-27T03:00,15.000,ppb
92501,BENTLEY _PORTABLE_,NO2,2005-05-27T04:00,14.000,ppb
92501,BENTLEY _PORTABLE_,NO2,2005-05-27T05:00,10.000,ppb
92501,BENTLEY _PORTABLE_,NO2,2005-05-27T06:00,10.000,ppb
92501,BENTLEY _PORTABLE_,NO2,2005-05-27T07:00,11.000,ppb
92501,BENTLEY _PORTABLE_,NO2,2005-05-27T08:00,7.000,ppb
92501,BENTLEY _PORTABLE_,NO2,2005-05-27T09:00,2.000,ppb
92501,BENTLEY _PORTABLE_,NO2,2005-05-27T10:00,1.000,ppb
92501,BENTLEY _PORTABLE_,NO2,2005-05-27T11:00,2.000,ppb
92501,BENTLEY _PORTABLE_,NO2,2005-05-27T12:00,1.000,ppb
92501,BENTLEY _PORTABLE_,NO2,2005-05-27T14:00,3.000,ppb
92501,BENTLEY _PORTABLE_,NO2,2005-05-27T15:00,2.000,ppb
92501,BENTLEY _PORTABLE_,NO2,2005-05-27T16:00,2.000,ppb
92501,BENTLEY _PORTABLE_,NO2,2005-05-27T17:00,3.000,ppb
92501,BENTLEY _PORTABLE_,NO2,2005-05-27T18:00,4.000,ppb
92501,BENTLEY _PORTABLE_,NO2,2005-05-27T19:00,3.000,ppb
92501,BENTLEY _PORTABLE_,NO2,2005-05-27T20:00,5.000,ppb
92501,BENTLEY _PORTABLE_,NO2,2005-05-27T21:00,12.000,ppb
92501,BENTLEY _PORTABLE_,NO2,2005-05-27T22:00,17.000,ppb
92501,BENTLEY _PORTABLE_,NO2,2005-05-27T23:00,17.000,ppb
92501,BENTLEY _PORTABLE_,NO2,2005-05-28T00:00,16.000,ppb
92501,BENTLEY _PORTABLE_,NO2,2005-05-28T01:00,16.000,ppb
92501,BENTLEY _PORTABLE_,NO2,2005-05-28T02:00,16.000,ppb
92501,BENTLEY _PORTABLE_,NO2,2005-05-28T03:00,17.000,ppb
92501,BENTLEY _PORTABLE_,NO2,2005-05-28T04:00,11.000,ppb
92501,BENTLEY _PORTABLE_,NO2,2005-05-28T05:00,10.000,ppb
92501,BENTLEY _PORTABLE_,NO2,2005-05-28T06:00,9.000,ppb
92501,BENTLEY _PORTABLE_,NO2,2005-05-28T07:00,9.000,ppb
92501,BENTLEY _PORTABLE_,NO2,2005-05-28T08:00,6.000,ppb
92501,BENTLEY _PORTABLE_,NO2,2005-05-28T09:00,2.000,ppb
92501,BENTLEY _PORTABLE_,NO2,2005-05-28T10:00,2.000,ppb
92501,BENTLEY _PORTABLE_,NO2,2005-05-28T11:00,1.000,ppb
92501,BENTLEY _PORTABLE_,NO2,2005-05-28T12:00,1.000,ppb
92501,BENTLEY _PORTABLE_,NO2,2005-05-28T14:00,3.000,ppb
92501,BENTLEY _PORTABLE_,NO2,2005-05-28T15:00,2.000,ppb
92501,BENTLEY _PORTABLE_,NO2,2005-05-28T16:00,2.000,ppb
92501,BENTLEY _PORTABLE_,NO2,2005-05-28T17:00,2.000,ppb
92501,BENTLEY _PORTABLE_,NO2,2005-05-28T18:00,2.000,ppb
92501,BENTLEY _PORTABLE_,NO2,2005-05-28T19:00,2.000,ppb
92501,BENTLEY _PORTABLE_,NO2,2005-05-28T20:00,2.000,ppb
92501,BENTLEY _PORTABLE_,NO2,2005-05-28T21:00,3.000,ppb
92501,BENTLEY _PORTABLE_,NO2,2005-05-28T22:00,5.000,ppb
92501,BENTLEY _PORTABLE_,NO2,2005-05-28T23:00,6.000,ppb
92501,BENTLEY _PORTABLE_,NO2,2005-05-29T00:00,4.000,ppb
92501,BENTLEY _PORTABLE_,NO2,2005-05-29T01:00,3.000,ppb
92501,BENTLEY _PORTABLE_,NO2,2005-05-29T02:00,3.000,ppb
92501,BENTLEY _PORTABLE_,NO2,2005-05-29T03:00,4.000,ppb
92501,BENTLEY _PORTABLE_,NO2,2005-05-29T04:00,4.000,ppb
92501,BENTLEY _PORTABLE_,NO2,2005-05-29T05:00,5.000,ppb
92501,BENTLEY _PORTABLE_,NO2,2005-05-29T06:00,4.000,ppb
92501,BENTLEY _PORTABLE_,NO2,2005-05-29T07:00,3.000,ppb
92501,BENTLEY _PORTABLE_,NO2,2005-05-29T08:00,3.000,ppb
92501,BENTLEY _PORTABLE_,NO2,2005-05-29T09:00,2.000,ppb
92501,BENTLEY _PORTABLE_,NO2,2005-05-29T10:00,1.000,ppb
92501,BENTLEY _PORTABLE_,NO2,2005-05-29T11:00,1.000,ppb
92501,BENTLEY _PORTABLE_,NO2,2005-05-29T12:00,1.000,ppb
92501,BENTLEY _PORTABLE_,NO2,2005-05-29T14:00,2.000,ppb
92501,BENTLEY _PORTABLE_,NO2,2005-05-29T15:00,1.000,ppb
92501,BENTLEY _PORTABLE_,NO2,2005-05-29T16:00,1.000,ppb
92501,BENTLEY _PORTABLE_,NO2,2005-05-29T17:00,1.000,ppb
92501,BENTLEY _PORTABLE_,NO2,2005-05-29T18:00,1.000,ppb
92501,BENTLEY _PORTABLE_,NO2,2005-05-29T19:00,2.000,ppb
92501,BENTLEY _PORTABLE_,NO2,2005-05-29T20:00,2.000,ppb
92501,BENTLEY _PORTABLE_,NO2,2005-05-29T21:00,3.000,ppb
92501,BENTLEY _PORTABLE_,NO2,2005-05-29T22:00,5.000,ppb
92501,BENTLEY _PORTABLE_,NO2,2005-05-29T23:00,6.000,ppb
92501,BENTLEY _PORTABLE_,NO2,2005-05-30T00:00,5.000,ppb
92501,BENTLEY _PORTABLE_,NO2,2005-05-30T01:00,4.000,ppb
92501,BENTLEY _PORTABLE_,NO2,2005-05-30T02:00,5.000,ppb
92501,BENTLEY _PORTABLE_,NO2,2005-05-30T03:00,5.000,ppb
92501,BENTLEY _PORTABLE_,NO2,2005-05-30T04:00,6.000,ppb
92501,BENTLEY _PORTABLE_,NO2,2005-05-30T05:00,5.000,ppb
92501,BENTLEY _PORTABLE_,NO2,2005-05-30T06:00,4.000,ppb
92501,BENTLEY _PORTABLE_,NO2,2005-05-30T07:00,3.000,ppb
92501,BENTLEY _PORTABLE_,NO2,2005-05-30T08:00,1.000,ppb
92501,BENTLEY _PORTABLE_,NO2,2005-05-30T09:00,1.000,ppb
92501,BENTLEY _PORTABLE_,NO2,2005-05-30T10:00,1.000,ppb
92501,BENTLEY _PORTABLE_,NO2,2005-05-30T11:00,1.000,ppb
92501,BENTLEY _PORTABLE_,NO2,2005-05-30T12:00,1.000,ppb
92501,BENTLEY _PORTABLE_,NO2,2005-05-30T14:00,2.000,ppb
92501,BENTLEY _PORTABLE_,NO2,2005-05-30T15:00,1.000,ppb
92501,BENTLEY _PORTABLE_,NO2,2005-05-30T16:00,1.000,ppb
92501,BENTLEY _PORTABLE_,NO2,2005-05-30T17:00,1.000,ppb
92501,BENTLEY _PORTABLE_,NO2,2005-05-30T18:00,1.000,ppb
92501,BENTLEY _PORTABLE_,NO2,2005-05-30T19:00,1.000,ppb
92501,BENTLEY _PORTABLE_,NO2,2005-05-30T20:00,2.000,ppb
92501,BENTLEY _PORTABLE_,NO2,2005-05-30T21:00,4.000,ppb
92501,BENTLEY _PORTABLE_,NO2,2005-05-30T22:00,3.000,ppb
92501,BENTLEY _PORTABLE_,NO2,2005-05-30T23:00,3.000,ppb
92501,BENTLEY _PORTABLE_,NO2,2005-05-31T00:00,4.000,ppb
92501,BENTLEY _PORTABLE_,NO2,2005-05-31T01:00,5.000,ppb
92501,BENTLEY _PORTABLE_,NO2,2005-05-31T02:00,6.000,ppb
92501,BENTLEY _PORTABLE_,NO2,2005-05-31T03:00,6.000,ppb
92501,BENTLEY _PORTABLE_,NO2,2005-05-31T04:00,6.000,ppb
92501,BENTLEY _PORTABLE_,NO2,2005-05-31T05:00,6.000,ppb
92501,BENTLEY _PORTABLE_,NO2,2005-05-31T06:00,6.000,ppb
92501,BENTLEY _PORTABLE_,NO2,2005-05-31T07:00,4.000,ppb
92501,BENTLEY _PORTABLE_,NO2,2005-05-31T08:00,3.000,ppb
92501,BENTLEY _PORTABLE_,NO2,2005-05-31T09:00,1.000,ppb
92501,BENTLEY _PORTABLE_,NO2,2005-05-31T10:00,1.000,ppb
92501,BENTLEY _PORTABLE_,NO2,2005-05-31T11:00,1.000,ppb
92501,BENTLEY _PORTABLE_,NO2,2005-05-31T12:00,1.000,ppb
92501,BENTLEY _PORTABLE_,NO2,2005-05-31T14:00,3.000,ppb
92501,BENTLEY _PORTABLE_,NO2,2005-05-31T15:00,2.000,ppb
92501,BENTLEY _PORTABLE_,NO2,2005-05-31T16:00,2.000,ppb
92501,BENTLEY _PORTABLE_,NO2,2005-05-31T17:00,2.000,ppb
92501,BENTLEY _PORTABLE_,NO2,2005-05-31T18:00,2.000,ppb
92501,BENTLEY _PORTABLE_,NO2,2005-05-31T19:00,2.000,ppb
92501,BENTLEY _PORTABLE_,NO2,2005-05-31T20:00,3.000,ppb
92501,BENTLEY _PORTABLE_,NO2,2005-05-31T21:00,4.000,ppb
92501,BENTLEY _PORTABLE_,NO2,2005-05-31T22:00,4.000,ppb
92501,BENTLEY _PORTABLE_,NO2,2005-05-31T23:00,3.000,ppb
92501,BENTLEY _PORTABLE_,NO2,2005-06-01T00:00,4.000,ppb
92501,BENTLEY _PORTABLE_,NO2,2005-06-01T01:00,4.000,ppb
92501,BENTLEY _PORTABLE_,NO2,2005-06-01T02:00,7.000,ppb
92501,BENTLEY _PORTABLE_,NO2,2005-06-01T03:00,8.000,ppb
92501,BENTLEY _PORTABLE_,NO2,2005-06-01T04:00,8.000,ppb
92501,BENTLEY _PORTABLE_,NO2,2005-06-01T05:00,8.000,ppb
92501,BENTLEY _PORTABLE_,NO2,2005-06-01T06:00,8.000,ppb
92501,BENTLEY _PORTABLE_,NO2,2005-06-01T07:00,7.000,ppb
92501,BENTLEY _PORTABLE_,NO2,2005-06-01T08:00,3.000,ppb
92501,BENTLEY _PORTABLE_,NO2,2005-06-01T09:00,5.000,ppb
92501,BENTLEY _PORTABLE_,NO2,2005-06-01T10:00,4.000,ppb
92501,BENTLEY _PORTABLE_,NO2,2005-06-01T11:00,2.000,ppb
92501,BENTLEY _PORTABLE_,NO2,2005-06-01T12:00,2.000,ppb
92501,BENTLEY _PORTABLE_,NO2,2005-06-01T14:00,4.000,ppb
92501,BENTLEY _PORTABLE_,NO2,2005-06-01T15:00,4.000,ppb
92501,BENTLEY _PORTABLE_,NO2,2005-06-01T16:00,3.000,ppb
92501,BENTLEY _PORTABLE_,NO2,2005-06-01T17:00,2.000,ppb
92501,BENTLEY _PORTABLE_,NO2,2005-06-01T18:00,3.000,ppb
92501,BENTLEY _PORTABLE_,NO2,2005-06-01T19:00,4.000,ppb
92501,BENTLEY _PORTABLE_,NO2,2005-06-01T20:00,7.000,ppb
92501,BENTLEY _PORTABLE_,NO2,2005-06-01T21:00,6.000,ppb
92501,BENTLEY _PORTABLE_,NO2,2005-06-01T22:00,8.000,ppb
92501,BENTLEY _PORTABLE_,NO2,2005-06-01T23:00,7.000,ppb
92501,BENTLEY _PORTABLE_,NO2,2005-06-02T00:00,4.000,ppb
92501,BENTLEY _PORTABLE_,NO2,2005-06-02T01:00,4.000,ppb
92501,BENTLEY _PORTABLE_,NO2,2005-06-02T02:00,3.000,ppb
92501,BENTLEY _PORTABLE_,NO2,2005-06-02T03:00,3.000,ppb
92501,BENTLEY _PORTABLE_,NO2,2005-06-02T04:00,3.000,ppb
92501,BENTLEY _PORTABLE_,NO2,2005-06-02T05:00,3.000,ppb
92501,BENTLEY _PORTABLE_,NO2,2005-06-02T06:00,3.000,ppb
92501,BENTLEY _PORTABLE_,NO2,2005-06-02T07:00,3.000,ppb
92501,BENTLEY _PORTABLE_,NO2,2005-06-02T08:00,3.000,ppb
92501,BENTLEY _PORTABLE_,NO2,2005-06-02T09:00,3.000,ppb
92501,BENTLEY _PORTABLE_,NO2,2005-06-02T10:00,2.000,ppb
92501,BENTLEY _PORTABLE_,NO2,2005-06-02T11:00,3.000,ppb
92501,BENTLEY _PORTABLE_,NO2,2005-06-02T12:00,2.000,ppb
92501,BENTLEY _PORTABLE_,NO2,2005-06-02T14:00,5.000,ppb
92501,BENTLEY _PORTABLE_,NO2,2005-06-02T15:00,4.000,ppb
92501,BENTLEY _PORTABLE_,NO2,2005-06-02T16:00,2.000,ppb
92501,BENTLEY _PORTABLE_,NO2,2005-06-02T17:00,2.000,ppb
92501,BENTLEY _PORTABLE_,NO2,2005-06-02T18:00,3.000,ppb
92501,BENTLEY _PORTABLE_,NO2,2005-06-02T19:00,4.000,ppb
92501,BENTLEY _PORTABLE_,NO2,2005-06-02T20:00,3.000,ppb
92501,BENTLEY _PORTABLE_,NO2,2005-06-02T21:00,5.000,ppb
92501,BENTLEY _PORTABLE_,NO2,2005-06-02T22:00,5.000,ppb
92501,BENTLEY _PORTABLE_,NO2,2005-06-02T23:00,6.000,ppb
92501,BENTLEY _PORTABLE_,NO2,2005-06-03T00:00,6.000,ppb
92501,BENTLEY _PORTABLE_,NO2,2005-06-03T01:00,6.000,ppb
92501,BENTLEY _PORTABLE_,NO2,2005-06-03T02:00,5.000,ppb
92501,BENTLEY _PORTABLE_,NO2,2005-06-03T03:00,5.000,ppb
92501,BENTLEY _PORTABLE_,NO2,2005-06-03T04:00,6.000,ppb
92501,BENTLEY _PORTABLE_,NO2,2005-06-03T05:00,7.000,ppb
92501,BENTLEY _PORTABLE_,NO2,2005-06-03T06:00,5.000,ppb
92501,BENTLEY _PORTABLE_,NO2,2005-06-03T07:00,5.000,ppb
92501,BENTLEY _PORTABLE_,NO2,2005-06-03T08:00,6.000,ppb
92501,BENTLEY _PORTABLE_,NO2,2005-06-03T09:00,3.000,ppb
92501,BENTLEY _PORTABLE_,NO2,2005-06-03T10:00,2.000,ppb
92501,BENTLEY _PORTABLE_,NO2,2005-06-03T11:00,4.000,ppb
92501,BENTLEY _PORTABLE_,NO2,2005-06-03T12:00,5.000,ppb
92501,BENTLEY _PORTABLE_,NO2,2005-06-03T14:00,3.000,ppb
92501,BENTLEY _PORTABLE_,NO2,2005-06-03T15:00,3.000,ppb
92501,BENTLEY _PORTABLE_,NO2,2005-06-03T16:00,3.000,ppb
92501,BENTLEY _PORTABLE_,NO2,2005-06-03T17:00,2.000,ppb
92501,BENTLEY _PORTABLE_,NO2,2005-06-03T18:00,2.000,ppb
92501,BENTLEY _PORTABLE_,NO2,2005-06-03T19:00,4.000,ppb
92501,BENTLEY _PORTABLE_,NO2,2005-06-03T20:00,6.000,ppb
92501,BENTLEY _PORTABLE_,NO2,2005-06-03T21:00,10.000,ppb
92501,BENTLEY _PORTABLE_,NO2,2005-06-03T22:00,7.000,ppb
92501,BENTLEY _PORTABLE_,NO2,2005-06-03T23:00,8.000,ppb
92501,BENTLEY _PORTABLE_,NO2,2005-06-04T00:00,10.000,ppb
92501,BENTLEY _PORTABLE_,NO2,2005-06-04T01:00,7.000,ppb
92501,BENTLEY _PORTABLE_,NO2,2005-06-04T02:00,9.000,ppb
92501,BENTLEY _PORTABLE_,NO2,2005-06-04T03:00,9.000,ppb
92501,BENTLEY _PORTABLE_,NO2,2005-06-04T04:00,12.000,ppb
92501,BENTLEY _PORTABLE_,NO2,2005-06-04T05:00,11.000,ppb
92501,BENTLEY _PORTABLE_,NO2,2005-06-04T06:00,8.000,ppb
92501,BENTLEY _PORTABLE_,NO2,2005-06-04T07:00,7.000,ppb
92501,BENTLEY _PORTABLE_,NO2,2005-06-04T08:00,5.000,ppb
92501,BENTLEY _PORTABLE_,NO2,2005-06-04T09:00,4.000,ppb
92501,BENTLEY _PORTABLE_,NO2,2005-06-04T10:00,3.000,ppb
92501,BENTLEY _PORTABLE_,NO2,2005-06-04T11:00,2.000,ppb
92501,BENTLEY _PORTABLE_,NO2,2005-06-04T12:00,2.000,ppb
92501,BENTLEY _PORTABLE_,NO2,2005-06-04T14:00,3.000,ppb
92501,BENTLEY _PORTABLE_,NO2,2005-06-04T15:00,2.000,ppb
92501,BENTLEY _PORTABLE_,NO2,2005-06-04T16:00,2.000,ppb
92501,BENTLEY _PORTABLE_,NO2,2005-06-04T17:00,2.000,ppb
92501,BENTLEY _PORTABLE_,NO2,2005-06-04T18:00,3.000,ppb
92501,BENTLEY _PORTABLE_,NO2,2005-06-04T19:00,4.000,ppb
92501,BENTLEY _PORTABLE_,NO2,2005-06-04T20:00,5.000,ppb
92501,BENTLEY _PORTABLE_,NO2,2005-06-04T21:00,5.000,ppb
92501,BENTLEY _PORTABLE_,NO2,2005-06-04T22:00,4.000,ppb
92501,BENTLEY _PORTABLE_,NO2,2005-06-04T23:00,5.000,ppb
92501,BENTLEY _PORTABLE_,NO2,2005-06-05T00:00,6.000,ppb
92501,BENTLEY _PORTABLE_,NO2,2005-06-05T01:00,5.000,ppb
92501,BENTLEY _PORTABLE_,NO2,2005-06-05T02:00,6.000,ppb
92501,BENTLEY _PORTABLE_,NO2,2005-06-05T03:00,6.000,ppb
92501,BENTLEY _PORTABLE_,NO2,2005-06-05T04:00,5.000,ppb
92501,BENTLEY _PORTABLE_,NO2,2005-06-05T05:00,5.000,ppb
92501,BENTLEY _PORTABLE_,NO2,2005-06-05T06:00,5.000,ppb
92501,BENTLEY _PORTABLE_,NO2,2005-06-05T07:00,3.000,ppb
92501,BENTLEY _PORTABLE_,NO2,2005-06-05T08:00,2.000,ppb
92501,BENTLEY _PORTABLE_,NO2,2005-06-05T09:00,1.000,ppb
92501,BENTLEY _PORTABLE_,NO2,2005-06-05T10:00,2.000,ppb
92501,BENTLEY _PORTABLE_,NO2,2005-06-05T11:00,2.000,ppb
92501,BENTLEY _PORTABLE_,NO2,2005-06-05T12:00,2.000,ppb
92501,BENTLEY _PORTABLE_,NO2,2005-06-05T14:00,3.000,ppb
92501,BENTLEY _PORTABLE_,NO2,2005-06-05T15:00,2.000,ppb
92501,BENTLEY _PORTABLE_,NO2,2005-06-05T16:00,2.000,ppb
92501,BENTLEY _PORTABLE_,NO2,2005-06-05T17:00,2.000,ppb
92501,BENTLEY _PORTABLE_,NO2,2005-06-05T18:00,2.000,ppb
92501,BENTLEY _PORTABLE_,NO2,2005-06-05T19:00,2.000,ppb
92501,BENTLEY _PORTABLE_,NO2,2005-06-05T20:00,4.000,ppb
92501,BENTLEY _PORTABLE_,NO2,2005-06-05T21:00,6.000,ppb
92501,BENTLEY _PORTABLE_,NO2,2005-06-05T22:00,14.000,ppb
92501,BENTLEY _PORTABLE_,NO2,2005-06-05T23:00,13.000,ppb
92501,BENTLEY _PORTABLE_,NO2,2005-06-06T00:00,13.000,ppb
92501,BENTLEY _PORTABLE_,NO2,2005-06-06T01:00,9.000,ppb
92501,BENTLEY _PORTABLE_,NO2,2005-06-06T02:00,15.000,ppb
92501,BENTLEY _PORTABLE_,NO2,2005-06-06T03:00,14.000,ppb
92501,BENTLEY _PORTABLE_,NO2,2005-06-06T04:00,12.000,ppb
92501,BENTLEY _PORTABLE_,NO2,2005-06-06T05:00,9.000,ppb
92501,BENTLEY _PORTABLE_,NO2,2005-06-06T06:00,8.000,ppb
92501,BENTLEY _PORTABLE_,NO2,2005-06-06T07:00,9.000,ppb
92501,BENTLEY _PORTABLE_,NO2,2005-06-06T08:00,7.000,ppb
92501,BENTLEY _PORTABLE_,NO2,2005-06-06T09:00,4.000,ppb
92501,BENTLEY _PORTABLE_,NO2,2005-06-06T15:00,2.000,ppb
92501,BENTLEY _PORTABLE_,NO2,2005-06-06T16:00,2.000,ppb
92501,BENTLEY _PORTABLE_,NO2,2005-06-06T17:00,3.000,ppb
92501,BENTLEY _PORTABLE_,NO2,2005-06-06T18:00,3.000,ppb
92501,BENTLEY _PORTABLE_,NO2,2005-06-06T19:00,4.000,ppb
92501,BENTLEY _PORTABLE_,NO2,2005-06-06T20:00,3.000,ppb
92501,BENTLEY _PORTABLE_,NO2,2005-06-06T21:00,3.000,ppb
92501,BENTLEY _PORTABLE_,NO2,2005-06-06T22:00,4.000,ppb
92501,BENTLEY _PORTABLE_,NO2,2005-06-06T23:00,3.000,ppb
92501,BENTLEY _PORTABLE_,NO2,2005-06-07T00:00,4.000,ppb
92501,BENTLEY _PORTABLE_,NO2,2005-06-07T01:00,3.000,ppb
92501,BENTLEY _PORTABLE_,NO2,2005-06-07T03:00,3.000,ppb
92501,BENTLEY _PORTABLE_,NO2,2005-06-07T04:00,1.000,ppb
92501,BENTLEY _PORTABLE_,NO2,2005-06-07T05:00,1.000,ppb
92501,BENTLEY _PORTABLE_,NO2,2005-06-07T06:00,1.000,ppb
92501,BENTLEY _PORTABLE_,NO2,2005-06-07T07:00,0.000,ppb
92501,BENTLEY _PORTABLE_,NO2,2005-06-07T08:00,0.000,ppb
92501,BENTLEY _PORTABLE_,NO2,2005-06-07T09:00,0.000,ppb
92501,BENTLEY _PORTABLE_,NO2,2005-06-07T10:00,1.000,ppb
92501,BENTLEY _PORTABLE_,NO2,2005-12-01T00:00,3.000,ppb
92501,BENTLEY _PORTABLE_,NO2,2005-12-01T01:00,3.000,ppb
92501,BENTLEY _PORTABLE_,NO2,2005-12-01T02:00,4.000,ppb
92501,BENTLEY _PORTABLE_,NO2,2005-12-01T04:00,2.000,ppb
92501,BENTLEY _PORTABLE_,NO2,2005-12-01T05:00,2.000,ppb
92501,BENTLEY _PORTABLE_,NO2,2005-12-01T06:00,2.000,ppb
92501,BENTLEY _PORTABLE_,NO2,2005-12-01T07:00,4.000,ppb
92501,BENTLEY _PORTABLE_,NO2,2005-12-01T08:00,4.000,ppb
92501,BENTLEY _PORTABLE_,NO2,2005-12-01T09:00,4.000,ppb
92501,BENTLEY _PORTABLE_,NO2,2005-12-01T10:00,6.000,ppb
92501,BENTLEY _PORTABLE_,NO2,2005-12-01T11:00,6.000,ppb
92501,BENTLEY _PORTABLE_,NO2,2005-12-01T12:00,4.000,ppb
92501,BENTLEY _PORTABLE_,NO2,2005-12-01T13:00,4.000,ppb
92501,BENTLEY _PORTABLE_,NO2,2005-12-01T14:00,5.000,ppb
92501,BENTLEY _PORTABLE_,NO2,2005-12-01T15:00,6.000,ppb
92501,BENTLEY _PORTABLE_,NO2,2005-12-01T16:00,6.000,ppb
92501,BENTLEY _PORTABLE_,NO2,2005-12-01T17:00,7.000,ppb
92501,BENTLEY _PORTABLE_,NO2,2005-12-01T18:00,7.000,ppb
92501,BENTLEY _PORTABLE_,NO2,2005-12-01T19:00,5.000,ppb
92501,BENTLEY _PORTABLE_,NO2,2005-12-01T20:00,6.000,ppb
92501,BENTLEY _PORTABLE_,NO2,2005-12-01T21:00,6.000,ppb
92501,BENTLEY _PORTABLE_,NO2,2005-12-01T22:00,6.000,ppb
92501,BENTLEY _PORTABLE_,NO2,2005-12-01T23:00,5.000,ppb
92501,BENTLEY _PORTABLE_,NO2,2005-12-02T00:00,4.000,ppb
92501,BENTLEY _PORTABLE_,NO2,2005-12-02T01:00,2.000,ppb
92501,BENTLEY _PORTABLE_,NO2,2005-12-02T02:00,1.000,ppb
92501,BENTLEY _PORTABLE_,NO2,2005-12-02T04:00,3.000,ppb
92501,BENTLEY _PORTABLE_,NO2,2005-12-02T05:00,2.000,ppb
92501,BENTLEY _PORTABLE_,NO2,2005-12-02T06:00,2.000,ppb
92501,BENTLEY _PORTABLE_,NO2,2005-12-02T07:00,3.000,ppb
92501,BENTLEY _PORTABLE_,NO2,2005-12-02T08:00,3.000,ppb
92501,BENTLEY _PORTABLE_,NO2,2005-12-02T09:00,2.000,ppb
92501,BENTLEY _PORTABLE_,NO2,2005-12-02T10:00,2.000,ppb
92501,BENTLEY _PORTABLE_,NO2,2005-12-02T11:00,1.000,ppb
92501,BENTLEY _PORTABLE_,NO2,2005-12-02T12:00,2.000,ppb
92501,BENTLEY _PORTABLE_,NO2,2005-12-02T13:00,2.000,ppb
92501,BENTLEY _PORTABLE_,NO2,2005-12-02T14:00,2.000,ppb
92501,BENTLEY _PORTABLE_,NO2,2005-12-02T15:00,2.000,ppb
92501,BENTLEY _PORTABLE_,NO2,2005-12-02T16:00,3.000,ppb
92501,BENTLEY _PORTABLE_,NO2,2005-12-02T17:00,5.000,ppb
92501,BENTLEY _PORTABLE_,NO2,2005-12-02T18:00,7.000,ppb
92501,BENTLEY _PORTABLE_,NO2,2005-12-02T19:00,8.000,ppb
92501,BENTLEY _PORTABLE_,NO2,2005-12-02T20:00,11.000,ppb
92501,BENTLEY _PORTABLE_,NO2,2005-12-02T21:00,10.000,ppb
92501,BENTLEY _PORTABLE_,NO2,2005-12-02T22:00,18.000,ppb
92501,BENTLEY _PORTABLE_,NO2,2005-12-02T23:00,16.000,ppb
92501,BENTLEY _PORTABLE_,NO2,2005-12-03T00:00,15.000,ppb
92501,BENTLEY _PORTABLE_,NO2,2005-12-03T01:00,12.000,ppb
92501,BENTLEY _PORTABLE_,NO2,2005-12-03T02:00,13.000,ppb
92501,BENTLEY _PORTABLE_,NO2,2005-12-03T04:00,13.000,ppb
92501,BENTLEY _PORTABLE_,NO2,2005-12-03T05:00,12.000,ppb
92501,BENTLEY _PORTABLE_,NO2,2005-12-03T06:00,11.000,ppb
92501,BENTLEY _PORTABLE_,NO2,2005-12-03T07:00,11.000,ppb
92501,BENTLEY _PORTABLE_,NO2,2005-12-03T08:00,11.000,ppb
92501,BENTLEY _PORTABLE_,NO2,2005-12-03T09:00,9.000,ppb
92501,BENTLEY _PORTABLE_,NO2,2005-12-03T10:00,8.000,ppb
92501,BENTLEY _PORTABLE_,NO2,2005-12-03T11:00,7.000,ppb
92501,BENTLEY _PORTABLE_,NO2,2005-12-03T12:00,6.000,ppb
92501,BENTLEY _PORTABLE_,NO2,2005-12-03T13:00,4.000,ppb
92501,BENTLEY _PORTABLE_,NO2,2005-12-03T14:00,3.000,ppb
92501,BENTLEY _PORTABLE_,NO2,2005-12-03T15:00,4.000,ppb
92501,BENTLEY _PORTABLE_,NO2,2005-12-03T16:00,8.000,ppb
92501,BENTLEY _PORTABLE_,NO2,2005-12-03T17:00,15.000,ppb
92501,BENTLEY _PORTABLE_,NO2,2005-12-03T18:00,13.000,ppb
92501,BENTLEY _PORTABLE_,NO2,2005-12-03T19:00,13.000,ppb
92501,BENTLEY _PORTABLE_,NO2,2005-12-03T20:00,11.000,ppb
92501,BENTLEY _PORTABLE_,NO2,2005-12-03T21:00,7.000,ppb
92501,BENTLEY _PORTABLE_,NO2,2005-12-03T22:00,9.000,ppb
92501,BENTLEY _PORTABLE_,NO2,2005-12-03T23:00,9.000,ppb
92501,BENTLEY _PORTABLE_,NO2,2005-12-04T00:00,6.000,ppb
92501,BENTLEY _PORTABLE_,NO2,2005-12-04T01:00,8.000,ppb
92501,BENTLEY _PORTABLE_,NO2,2005-12-04T02:00,6.000,ppb
92501,BENTLEY _PORTABLE_,NO2,2005-12-04T04:00,8.000,ppb
92501,BENTLEY _PORTABLE_,NO2,2005-12-04T05:00,9.000,ppb
92501,BENTLEY _PORTABLE_,NO2,2005-12-04T06:00,7.000,ppb
92501,BENTLEY _PORTABLE_,NO2,2005-12-04T07:00,5.000,ppb
92501,BENTLEY _PORTABLE_,NO2,2005-12-04T08:00,6.000,ppb
92501,BENTLEY _PORTABLE_,NO2,2005-12-04T09:00,4.000,ppb
92501,BENTLEY _PORTABLE_,NO2,2005-12-04T10:00,4.000,ppb
92501,BENTLEY _PORTABLE_,NO2,2005-12-04T11:00,5.000,ppb
92501,BENTLEY _PORTABLE_,NO2,2005-12-04T12:00,6.000,ppb
92501,BENTLEY _PORTABLE_,NO2,2005-12-04T13:00,5.000,ppb
92501,BENTLEY _PORTABLE_,NO2,2005-12-04T14:00,5.000,ppb
92501,BENTLEY _PORTABLE_,NO2,2005-12-04T15:00,13.000,ppb
92501,BENTLEY _PORTABLE_,NO2,2005-12-04T16:00,14.000,ppb
92501,BENTLEY _PORTABLE_,NO2,2005-12-04T17:00,9.000,ppb
92501,BENTLEY _PORTABLE_,NO2,2005-12-04T18:00,12.000,ppb
92501,BENTLEY _PORTABLE_,NO2,2005-12-04T19:00,13.000,ppb
92501,BENTLEY _PORTABLE_,NO2,2005-12-04T20:00,11.000,ppb
92501,BENTLEY _PORTABLE_,NO2,2005-12-04T21:00,15.000,ppb
92501,BENTLEY _PORTABLE_,NO2,2005-12-04T22:00,9.000,ppb
92501,BENTLEY _PORTABLE_,NO2,2005-12-04T23:00,7.000,ppb
92501,BENTLEY _PORTABLE_,NO2,2005-12-05T00:00,7.000,ppb
92501,BENTLEY _PORTABLE_,NO2,2005-12-05T01:00,10.000,ppb
92501,BENTLEY _PORTABLE_,NO2,2005-12-05T02:00,10.000,ppb
92501,BENTLEY _PORTABLE_,NO2,2005-12-05T04:00,8.000,ppb
92501,BENTLEY _PORTABLE_,NO2,2005-12-05T05:00,9.000,ppb
92501,BENTLEY _PORTABLE_,NO2,2005-12-05T06:00,11.000,ppb
92501,BENTLEY _PORTABLE_,NO2,2005-12-05T07:00,12.000,ppb
92501,BENTLEY _PORTABLE_,NO2,2005-12-05T08:00,8.000,ppb
92501,BENTLEY _PORTABLE_,NO2,2005-12-05T09:00,4.000,ppb
92501,BENTLEY _PORTABLE_,NO2,2005-12-05T10:00,2.000,ppb
92501,BENTLEY _PORTABLE_,NO2,2005-12-05T11:00,1.000,ppb
92501,BENTLEY _PORTABLE_,NO2,2005-12-05T12:00,0.000,ppb
92501,BENTLEY _PORTABLE_,NO2,2005-12-05T13:00,0.000,ppb
92501,BENTLEY _PORTABLE_,NO2,2005-12-05T14:00,1.000,ppb
92501,BENTLEY _PORTABLE_,NO2,2005-12-05T15:00,2.000,ppb
92501,BENTLEY _PORTABLE_,NO2,2005-12-05T16:00,4.000,ppb
92501,BENTLEY _PORTABLE_,NO2,2005-12-05T17:00,3.000,ppb
92501,BENTLEY _PORTABLE_,NO2,2005-12-05T18:00,10.000,ppb
92501,BENTLEY _PORTABLE_,NO2,2005-12-05T19:00,17.000,ppb
92501,BENTLEY _PORTABLE_,NO2,2005-12-05T20:00,15.000,ppb
92501,BENTLEY _PORTABLE_,NO2,2005-12-05T21:00,13.000,ppb
92501,BENTLEY _PORTABLE_,NO2,2005-12-05T22:00,13.000,ppb
92501,BENTLEY _PORTABLE_,NO2,2005-12-05T23:00,7.000,ppb
92501,BENTLEY _PORTABLE_,NO2,2005-12-06T00:00,9.000,ppb
92501,BENTLEY _PORTABLE_,NO2,2005-12-06T01:00,8.000,ppb
92501,BENTLEY _PORTABLE_,NO2,2005-12-06T02:00,7.000,ppb
92501,BENTLEY _PORTABLE_,NO2,2005-12-06T04:00,11.000,ppb
92501,BENTLEY _PORTABLE_,NO2,2005-12-06T05:00,8.000,ppb
92501,BENTLEY _PORTABLE_,NO2,2005-12-06T06:00,14.000,ppb
92501,BENTLEY _PORTABLE_,NO2,2005-12-06T07:00,25.000,ppb
92501,BENTLEY _PORTABLE_,NO2,2005-12-06T08:00,18.000,ppb
92501,BENTLEY _PORTABLE_,NO2,2005-12-06T09:00,12.000,ppb
92501,BENTLEY _PORTABLE_,NO2,2005-12-06T10:00,6.000,ppb
92501,BENTLEY _PORTABLE_,NO2,2005-12-06T17:00,18.000,ppb
92501,BENTLEY _PORTABLE_,NO2,2005-12-06T18:00,18.000,ppb
92501,BENTLEY _PORTABLE_,NO2,2005-12-06T19:00,14.000,ppb
92501,BENTLEY _PORTABLE_,NO2,2005-12-06T20:00,13.000,ppb
92501,BENTLEY _PORTABLE_,NO2,2005-12-06T21:00,16.000,ppb
92501,BENTLEY _PORTABLE_,NO2,2005-12-06T22:00,16.000,ppb
92501,BENTLEY _PORTABLE_,NO2,2005-12-06T23:00,17.000,ppb
92501,BENTLEY _PORTABLE_,NO2,2005-12-07T00:00,19.000,ppb
92501,BENTLEY _PORTABLE_,NO2,2005-12-07T01:00,18.000,ppb
92501,BENTLEY _PORTABLE_,NO2,2005-12-07T02:00,20.000,ppb
92501,BENTLEY _PORTABLE_,NO2,2005-12-07T04:00,22.000,ppb
92501,BENTLEY _PORTABLE_,NO2,2005-12-07T05:00,22.000,ppb
92501,BENTLEY _PORTABLE_,NO2,2005-12-07T06:00,20.000,ppb
92501,BENTLEY _PORTABLE_,NO2,2005-12-07T07:00,20.000,ppb
92501,BENTLEY _PORTABLE_,NO2,2005-12-07T08:00,19.000,ppb
92501,BENTLEY _PORTABLE_,NO2,2005-12-07T09:00,15.000,ppb
92501,BENTLEY _PORTABLE_,NO2,2005-12-07T10:00,14.000,ppb
92501,BENTLEY _PORTABLE_,NO2,2005-12-07T11:00,11.000,ppb
