﻿NAPS_Site_ID,Station_Name,Pollutant,Date,Value,Units,Report_Type,Method
50104,ONTARIO,"2,3,4-Trimethylpentane",1994-01-02T00:00,0.161,µg/m³,VOC,N/A
50104,ONTARIO,"2,3,4-Trimethylpentane",1994-01-08T00:00,0.186,µg/m³,VOC,N/A
50104,ONTARIO,"2,3,4-Trimethylpentane",1994-01-14T00:00,0.367,µg/m³,VOC,N/A
50104,ONTARIO,"2,3,4-Trimethylpentane",1994-01-20T00:00,0.293,µg/m³,VOC,N/A
50104,ONTARIO,"2,3,4-Trimethylpentane",1994-01-26T00:00,0.207,µg/m³,VOC,N/A
50104,ONTARIO,"2,3,4-Trimethylpentane",1994-02-01T00:00,0.329,µg/m³,VOC,N/A
50104,ONTARIO,"2,3,4-Trimethylpentane",1994-02-07T00:00,0.232,µg/m³,VOC,N/A
50104,ONTARIO,"2,3,4-Trimethylpentane",1994-02-13T00:00,0.229,µg/m³,VOC,N/A
50104,ONTARIO,"2,3,4-Trimethylpentane",1994-02-19T00:00,0.594,µg/m³,VOC,N/A
50104,ONTARIO,"2,3,4-Trimethylpentane",1994-02-25T00:00,0.210,µg/m³,VOC,N/A
50104,ONTARIO,"2,3,4-Trimethylpentane",1994-03-03T00:00,0.373,µg/m³,VOC,N/A
50104,ONTARIO,"2,3,4-Trimethylpentane",1994-03-09T00:00,0.148,µg/m³,VOC,N/A
50104,ONTARIO,"2,3,4-Trimethylpentane",1994-03-15T00:00,0.274,µg/m³,VOC,N/A
50104,ONTARIO,"2,3,4-Trimethylpentane",1994-03-21T00:00,0.320,µg/m³,VOC,N/A
50104,ONTARIO,"2,3,4-Trimethylpentane",1994-03-27T00:00,0.166,µg/m³,VOC,N/A
50104,ONTARIO,"2,3,4-Trimethylpentane",1994-04-02T00:00,0.137,µg/m³,VOC,N/A
50104,ONTARIO,"2,3,4-Trimethylpentane",1994-04-08T00:00,0.246,µg/m³,VOC,N/A
50104,ONTARIO,"2,3,4-Trimethylpentane",1994-04-14T00:00,0.159,µg/m³,VOC,N/A
50104,ONTARIO,"2,3,4-Trimethylpentane",1994-04-20T00:00,0.117,µg/m³,VOC,N/A
50104,ONTARIO,"2,3,4-Trimethylpentane",1994-04-26T00:00,0.160,µg/m³,VOC,N/A
50104,ONTARIO,"2,3,4-Trimethylpentane",1994-05-02T00:00,0.094,µg/m³,VOC,N/A
50104,ONTARIO,"2,3,4-Trimethylpentane",1994-05-08T00:00,0.180,µg/m³,VOC,N/A
50104,ONTARIO,"2,3,4-Trimethylpentane",1994-05-14T00:00,0.154,µg/m³,VOC,N/A
50104,ONTARIO,"2,3,4-Trimethylpentane",1994-05-20T00:00,0.225,µg/m³,VOC,N/A
50104,ONTARIO,"2,3,4-Trimethylpentane",1994-05-26T00:00,0.000,µg/m³,VOC,N/A
50104,ONTARIO,"2,3,4-Trimethylpentane",1994-06-01T00:00,0.086,µg/m³,VOC,N/A
50104,ONTARIO,"2,3,4-Trimethylpentane",1994-06-07T00:00,0.211,µg/m³,VOC,N/A
50104,ONTARIO,"2,3,4-Trimethylpentane",1994-06-13T00:00,0.000,µg/m³,VOC,N/A
50104,ONTARIO,"2,3,4-Trimethylpentane",1994-06-25T00:00,0.090,µg/m³,VOC,N/A
50104,ONTARIO,"2,3,4-Trimethylpentane",1994-07-01T00:00,0.090,µg/m³,VOC,N/A
50104,ONTARIO,"2,3,4-Trimethylpentane",1994-07-07T00:00,0.267,µg/m³,VOC,N/A
50104,ONTARIO,"2,3,4-Trimethylpentane",1994-07-13T00:00,0.114,µg/m³,VOC,N/A
50104,ONTARIO,"2,3,4-Trimethylpentane",1994-07-25T00:00,0.170,µg/m³,VOC,N/A
50104,ONTARIO,"2,3,4-Trimethylpentane",1994-07-31T00:00,0.066,µg/m³,VOC,N/A
50104,ONTARIO,"2,3,4-Trimethylpentane",1994-08-12T00:00,0.106,µg/m³,VOC,N/A
50104,ONTARIO,"2,3,4-Trimethylpentane",1994-08-18T00:00,0.180,µg/m³,VOC,N/A
50104,ONTARIO,"2,3,4-Trimethylpentane",1994-08-24T00:00,0.187,µg/m³,VOC,N/A
50104,ONTARIO,"2,3,4-Trimethylpentane",1994-08-30T00:00,0.075,µg/m³,VOC,N/A
50104,ONTARIO,"2,3,4-Trimethylpentane",1994-09-05T00:00,0.384,µg/m³,VOC,N/A
50104,ONTARIO,"2,3,4-Trimethylpentane",1994-09-11T00:00,0.104,µg/m³,VOC,N/A
50104,ONTARIO,"2,3,4-Trimethylpentane",1994-09-17T00:00,0.129,µg/m³,VOC,N/A
50104,ONTARIO,"2,3,4-Trimethylpentane",1994-09-23T00:00,0.183,µg/m³,VOC,N/A
50104,ONTARIO,"2,3,4-Trimethylpentane",1994-09-29T00:00,0.195,µg/m³,VOC,N/A
50104,ONTARIO,"2,3,4-Trimethylpentane",1994-10-05T00:00,0.185,µg/m³,VOC,N/A
50104,ONTARIO,"2,3,4-Trimethylpentane",1994-10-11T00:00,0.147,µg/m³,VOC,N/A
50104,ONTARIO,"2,3,4-Trimethylpentane",1994-10-17T00:00,0.630,µg/m³,VOC,N/A
50104,ONTARIO,"2,3,4-Trimethylpentane",1994-10-23T00:00,0.322,µg/m³,VOC,N/A
50104,ONTARIO,"2,3,4-Trimethylpentane",1994-10-29T00:00,0.170,µg/m³,VOC,N/A
50104,ONTARIO,"2,3,4-Trimethylpentane",1994-11-04T00:00,1.019,µg/m³,VOC,N/A
50104,ONTARIO,"2,3,4-Trimethylpentane",1994-11-10T00:00,0.152,µg/m³,VOC,N/A
50104,ONTARIO,"2,3,4-Trimethylpentane",1994-11-16T00:00,0.199,µg/m³,VOC,N/A
50104,ONTARIO,"2,3,4-Trimethylpentane",1994-11-22T00:00,0.068,µg/m³,VOC,N/A
50104,ONTARIO,"2,3,4-Trimethylpentane",1994-11-28T00:00,0.097,µg/m³,VOC,N/A
50104,ONTARIO,"2,3,4-Trimethylpentane",1994-12-04T00:00,0.205,µg/m³,VOC,N/A
50104,ONTARIO,"2,3,4-Trimethylpentane",1994-12-10T00:00,0.634,µg/m³,VOC,N/A
50104,ONTARIO,"2,3,4-Trimethylpentane",1994-12-16T00:00,0.299,µg/m³,VOC,N/A
50104,ONTARIO,"2,3,4-Trimethylpentane",1994-12-22T00:00,0.188,µg/m³,VOC,N/A
50104,ONTARIO,"2,3,4-Trimethylpentane",1994-12-28T00:00,0.355,µg/m³,VOC,N/A
