﻿NAPS_Site_ID,Station_Name,Pollutant,Date,Value,Units,Report_Type,Method
30118,VOGUE BUILDING,trans-2-Butene,1994-01-14T00:00,1.334,µg/m³,VOC,GC-MS
30118,VOGUE BUILDING,trans-2-Butene,1994-01-20T00:00,0.459,µg/m³,VOC,GC-MS
30118,VOGUE BUILDING,trans-2-Butene,1994-01-26T00:00,0.234,µg/m³,VOC,GC-MS
30118,VOGUE BUILDING,trans-2-Butene,1994-02-01T00:00,0.226,µg/m³,VOC,GC-MS
30118,VOGUE BUILDING,trans-2-Butene,1994-02-07T00:00,0.360,µg/m³,VOC,GC-MS
30118,VOGUE BUILDING,trans-2-Butene,1994-02-13T00:00,0.143,µg/m³,VOC,GC-MS
30118,VOGUE BUILDING,trans-2-Butene,1994-02-19T00:00,0.247,µg/m³,VOC,GC-MS
30118,VOGUE BUILDING,trans-2-Butene,1994-02-25T00:00,0.260,µg/m³,VOC,GC-MS
30118,VOGUE BUILDING,trans-2-Butene,1994-03-03T00:00,1.223,µg/m³,VOC,GC-MS
30118,VOGUE BUILDING,trans-2-Butene,1994-03-09T00:00,0.314,µg/m³,VOC,GC-MS
30118,VOGUE BUILDING,trans-2-Butene,1994-03-15T00:00,0.754,µg/m³,VOC,GC-MS
30118,VOGUE BUILDING,trans-2-Butene,1994-03-21T00:00,0.402,µg/m³,VOC,GC-MS
30118,VOGUE BUILDING,trans-2-Butene,1994-03-27T00:00,0.448,µg/m³,VOC,GC-MS
30118,VOGUE BUILDING,trans-2-Butene,1994-04-02T00:00,0.270,µg/m³,VOC,GC-MS
30118,VOGUE BUILDING,trans-2-Butene,1994-04-08T00:00,0.288,µg/m³,VOC,GC-MS
30118,VOGUE BUILDING,trans-2-Butene,1994-04-14T00:00,0.358,µg/m³,VOC,GC-MS
30118,VOGUE BUILDING,trans-2-Butene,1994-04-20T00:00,1.783,µg/m³,VOC,GC-MS
30118,VOGUE BUILDING,trans-2-Butene,1994-04-26T00:00,0.327,µg/m³,VOC,GC-MS
30118,VOGUE BUILDING,trans-2-Butene,1994-05-02T00:00,0.378,µg/m³,VOC,GC-MS
30118,VOGUE BUILDING,trans-2-Butene,1994-05-08T00:00,0.571,µg/m³,VOC,GC-MS
30118,VOGUE BUILDING,trans-2-Butene,1994-05-14T00:00,0.152,µg/m³,VOC,GC-MS
30118,VOGUE BUILDING,trans-2-Butene,1994-05-20T00:00,0.402,µg/m³,VOC,GC-MS
30118,VOGUE BUILDING,trans-2-Butene,1994-05-26T00:00,0.541,µg/m³,VOC,GC-MS
30118,VOGUE BUILDING,trans-2-Butene,1994-06-01T00:00,0.279,µg/m³,VOC,GC-MS
30118,VOGUE BUILDING,trans-2-Butene,1994-06-07T00:00,0.145,µg/m³,VOC,GC-MS
30118,VOGUE BUILDING,trans-2-Butene,1994-06-13T00:00,0.312,µg/m³,VOC,GC-MS
30118,VOGUE BUILDING,trans-2-Butene,1994-06-19T00:00,0.140,µg/m³,VOC,GC-MS
30118,VOGUE BUILDING,trans-2-Butene,1994-06-25T00:00,0.608,µg/m³,VOC,GC-MS
30118,VOGUE BUILDING,trans-2-Butene,1994-07-01T00:00,0.150,µg/m³,VOC,GC-MS
30118,VOGUE BUILDING,trans-2-Butene,1994-07-07T00:00,0.678,µg/m³,VOC,GC-MS
30118,VOGUE BUILDING,trans-2-Butene,1994-07-13T00:00,0.166,µg/m³,VOC,GC-MS
30118,VOGUE BUILDING,trans-2-Butene,1994-07-25T00:00,0.453,µg/m³,VOC,GC-MS
30118,VOGUE BUILDING,trans-2-Butene,1994-07-31T00:00,0.166,µg/m³,VOC,GC-MS
30118,VOGUE BUILDING,trans-2-Butene,1994-08-06T00:00,0.133,µg/m³,VOC,GC-MS
30118,VOGUE BUILDING,trans-2-Butene,1994-08-12T00:00,0.360,µg/m³,VOC,GC-MS
30118,VOGUE BUILDING,trans-2-Butene,1994-08-18T00:00,0.479,µg/m³,VOC,GC-MS
30118,VOGUE BUILDING,trans-2-Butene,1994-08-24T00:00,0.306,µg/m³,VOC,GC-MS
30118,VOGUE BUILDING,trans-2-Butene,1994-08-30T00:00,0.151,µg/m³,VOC,GC-MS
30118,VOGUE BUILDING,trans-2-Butene,1994-09-05T00:00,0.080,µg/m³,VOC,GC-MS
30118,VOGUE BUILDING,trans-2-Butene,1994-09-11T00:00,0.094,µg/m³,VOC,GC-MS
30118,VOGUE BUILDING,trans-2-Butene,1994-09-17T00:00,0.734,µg/m³,VOC,GC-MS
30118,VOGUE BUILDING,trans-2-Butene,1994-09-23T00:00,1.271,µg/m³,VOC,GC-MS
30118,VOGUE BUILDING,trans-2-Butene,1994-09-29T00:00,0.993,µg/m³,VOC,GC-MS
30118,VOGUE BUILDING,trans-2-Butene,1994-10-05T00:00,0.380,µg/m³,VOC,GC-MS
30118,VOGUE BUILDING,trans-2-Butene,1994-10-11T00:00,0.217,µg/m³,VOC,GC-MS
30118,VOGUE BUILDING,trans-2-Butene,1994-10-17T00:00,0.287,µg/m³,VOC,GC-MS
30118,VOGUE BUILDING,trans-2-Butene,1994-10-23T00:00,1.045,µg/m³,VOC,GC-MS
30118,VOGUE BUILDING,trans-2-Butene,1994-11-04T00:00,1.108,µg/m³,VOC,GC-MS
30118,VOGUE BUILDING,trans-2-Butene,1994-11-10T00:00,0.226,µg/m³,VOC,GC-MS
30118,VOGUE BUILDING,trans-2-Butene,1994-11-16T00:00,0.181,µg/m³,VOC,GC-MS
30118,VOGUE BUILDING,trans-2-Butene,1994-11-22T00:00,0.219,µg/m³,VOC,GC-MS
30118,VOGUE BUILDING,trans-2-Butene,1994-11-28T00:00,0.529,µg/m³,VOC,GC-MS
30118,VOGUE BUILDING,trans-2-Butene,1994-12-04T00:00,1.065,µg/m³,VOC,GC-MS
30118,VOGUE BUILDING,trans-2-Butene,1994-12-10T00:00,0.230,µg/m³,VOC,GC-MS
30118,VOGUE BUILDING,trans-2-Butene,1994-12-16T00:00,0.876,µg/m³,VOC,GC-MS
30118,VOGUE BUILDING,trans-2-Butene,1994-12-22T00:00,0.812,µg/m³,VOC,GC-MS
30118,VOGUE BUILDING,trans-2-Butene,1994-12-28T00:00,0.708,µg/m³,VOC,GC-MS
