﻿NAPS_Site_ID,Station_Name,Pollutant,Date,Value,Units,Report_Type,Method
50133,MONTRÉAL-CHENIER,Chloromethane,2018-01-26T00:00,1.077,µg/m³,VOC,GC-MS
50133,MONTRÉAL-CHENIER,Chloromethane,2018-02-01T00:00,1.038,µg/m³,VOC,GC-MS
50133,MONTRÉAL-CHENIER,Chloromethane,2018-02-07T00:00,1.100,µg/m³,VOC,GC-MS
50133,MONTRÉAL-CHENIER,Chloromethane,2018-02-13T00:00,1.105,µg/m³,VOC,GC-MS
50133,MONTRÉAL-CHENIER,Chloromethane,2018-02-19T00:00,1.140,µg/m³,VOC,GC-MS
50133,MONTRÉAL-CHENIER,Chloromethane,2018-02-25T00:00,1.084,µg/m³,VOC,GC-MS
50133,MONTRÉAL-CHENIER,Chloromethane,2018-03-03T00:00,1.124,µg/m³,VOC,GC-MS
50133,MONTRÉAL-CHENIER,Chloromethane,2018-03-09T00:00,1.075,µg/m³,VOC,GC-MS
50133,MONTRÉAL-CHENIER,Chloromethane,2018-03-15T00:00,1.040,µg/m³,VOC,GC-MS
50133,MONTRÉAL-CHENIER,Chloromethane,2018-03-21T00:00,1.067,µg/m³,VOC,GC-MS
50133,MONTRÉAL-CHENIER,Chloromethane,2018-03-27T00:00,1.108,µg/m³,VOC,GC-MS
50133,MONTRÉAL-CHENIER,Chloromethane,2018-04-02T00:00,1.109,µg/m³,VOC,GC-MS
50133,MONTRÉAL-CHENIER,Chloromethane,2018-04-08T00:00,1.089,µg/m³,VOC,GC-MS
50133,MONTRÉAL-CHENIER,Chloromethane,2018-04-14T00:00,1.114,µg/m³,VOC,GC-MS
50133,MONTRÉAL-CHENIER,Chloromethane,2018-04-20T00:00,1.051,µg/m³,VOC,GC-MS
50133,MONTRÉAL-CHENIER,Chloromethane,2018-04-26T00:00,1.040,µg/m³,VOC,GC-MS
50133,MONTRÉAL-CHENIER,Chloromethane,2018-05-02T00:00,1.127,µg/m³,VOC,GC-MS
50133,MONTRÉAL-CHENIER,Chloromethane,2018-05-08T00:00,1.115,µg/m³,VOC,GC-MS
50133,MONTRÉAL-CHENIER,Chloromethane,2018-05-14T00:00,1.185,µg/m³,VOC,GC-MS
50133,MONTRÉAL-CHENIER,Chloromethane,2018-05-20T00:00,1.118,µg/m³,VOC,GC-MS
50133,MONTRÉAL-CHENIER,Chloromethane,2018-05-26T00:00,1.072,µg/m³,VOC,GC-MS
50133,MONTRÉAL-CHENIER,Chloromethane,2018-06-01T00:00,1.125,µg/m³,VOC,GC-MS
50133,MONTRÉAL-CHENIER,Chloromethane,2018-06-07T00:00,1.047,µg/m³,VOC,GC-MS
50133,MONTRÉAL-CHENIER,Chloromethane,2018-06-13T00:00,1.153,µg/m³,VOC,GC-MS
50133,MONTRÉAL-CHENIER,Chloromethane,2018-06-19T00:00,1.026,µg/m³,VOC,GC-MS
50133,MONTRÉAL-CHENIER,Chloromethane,2018-06-25T00:00,0.938,µg/m³,VOC,GC-MS
50133,MONTRÉAL-CHENIER,Chloromethane,2018-07-01T00:00,1.148,µg/m³,VOC,GC-MS
50133,MONTRÉAL-CHENIER,Chloromethane,2018-07-07T00:00,0.916,µg/m³,VOC,GC-MS
50133,MONTRÉAL-CHENIER,Chloromethane,2018-07-13T00:00,0.910,µg/m³,VOC,GC-MS
50133,MONTRÉAL-CHENIER,Chloromethane,2018-07-19T00:00,0.943,µg/m³,VOC,GC-MS
50133,MONTRÉAL-CHENIER,Chloromethane,2018-07-25T00:00,1.049,µg/m³,VOC,GC-MS
50133,MONTRÉAL-CHENIER,Chloromethane,2018-07-31T00:00,1.002,µg/m³,VOC,GC-MS
50133,MONTRÉAL-CHENIER,Chloromethane,2018-08-12T00:00,1.028,µg/m³,VOC,GC-MS
50133,MONTRÉAL-CHENIER,Chloromethane,2018-08-18T00:00,1.097,µg/m³,VOC,GC-MS
50133,MONTRÉAL-CHENIER,Chloromethane,2018-08-24T00:00,0.862,µg/m³,VOC,GC-MS
50133,MONTRÉAL-CHENIER,Chloromethane,2018-08-30T00:00,0.716,µg/m³,VOC,GC-MS
50133,MONTRÉAL-CHENIER,Chloromethane,2018-09-05T00:00,0.994,µg/m³,VOC,GC-MS
50133,MONTRÉAL-CHENIER,Chloromethane,2018-09-11T00:00,0.910,µg/m³,VOC,GC-MS
50133,MONTRÉAL-CHENIER,Chloromethane,2018-10-11T00:00,0.957,µg/m³,VOC,GC-MS
50133,MONTRÉAL-CHENIER,Chloromethane,2018-10-17T00:00,0.971,µg/m³,VOC,GC-MS
50133,MONTRÉAL-CHENIER,Chloromethane,2018-10-23T00:00,0.933,µg/m³,VOC,GC-MS
50133,MONTRÉAL-CHENIER,Chloromethane,2018-10-29T00:00,0.912,µg/m³,VOC,GC-MS
50133,MONTRÉAL-CHENIER,Chloromethane,2018-11-04T00:00,0.993,µg/m³,VOC,GC-MS
50133,MONTRÉAL-CHENIER,Chloromethane,2018-11-10T00:00,1.002,µg/m³,VOC,GC-MS
50133,MONTRÉAL-CHENIER,Chloromethane,2018-11-16T00:00,0.929,µg/m³,VOC,GC-MS
50133,MONTRÉAL-CHENIER,Chloromethane,2018-11-22T00:00,0.936,µg/m³,VOC,GC-MS
50133,MONTRÉAL-CHENIER,Chloromethane,2018-11-28T00:00,0.962,µg/m³,VOC,GC-MS
50133,MONTRÉAL-CHENIER,Chloromethane,2018-12-04T00:00,0.966,µg/m³,VOC,GC-MS
50133,MONTRÉAL-CHENIER,Chloromethane,2018-12-10T00:00,0.999,µg/m³,VOC,GC-MS
50133,MONTRÉAL-CHENIER,Chloromethane,2018-12-16T00:00,0.962,µg/m³,VOC,GC-MS
50133,MONTRÉAL-CHENIER,Chloromethane,2018-12-22T00:00,0.984,µg/m³,VOC,GC-MS
