﻿NAPS_Site_ID,Station_Name,Pollutant,Date,Value,Units,Report_Type,Method
90227,CALGARY CENTRAL,Potassium,1997-01-04T00:00,0.008,µg/m³,DICHOT,
90227,CALGARY CENTRAL,Potassium,1997-01-04T00:00,0.012,µg/m³,DICHOT,
90227,CALGARY CENTRAL,Potassium,1997-01-10T00:00,0.017,µg/m³,DICHOT,
90227,CALGARY CENTRAL,Potassium,1997-01-10T00:00,0.028,µg/m³,DICHOT,
90227,CALGARY CENTRAL,Potassium,1997-01-16T00:00,0.034,µg/m³,DICHOT,
90227,CALGARY CENTRAL,Potassium,1997-01-16T00:00,0.054,µg/m³,DICHOT,
90227,CALGARY CENTRAL,Potassium,1997-01-22T00:00,0.021,µg/m³,DICHOT,
90227,CALGARY CENTRAL,Potassium,1997-01-22T00:00,0.042,µg/m³,DICHOT,
90227,CALGARY CENTRAL,Potassium,1997-01-28T00:00,0.044,µg/m³,DICHOT,
90227,CALGARY CENTRAL,Potassium,1997-01-28T00:00,0.052,µg/m³,DICHOT,
90227,CALGARY CENTRAL,Potassium,1997-02-03T00:00,0.047,µg/m³,DICHOT,
90227,CALGARY CENTRAL,Potassium,1997-02-03T00:00,0.078,µg/m³,DICHOT,
90227,CALGARY CENTRAL,Potassium,1997-02-09T00:00,0.049,µg/m³,DICHOT,
90227,CALGARY CENTRAL,Potassium,1997-02-09T00:00,0.088,µg/m³,DICHOT,
90227,CALGARY CENTRAL,Potassium,1997-02-15T00:00,0.019,µg/m³,DICHOT,
90227,CALGARY CENTRAL,Potassium,1997-02-15T00:00,0.033,µg/m³,DICHOT,
90227,CALGARY CENTRAL,Potassium,1997-02-21T00:00,0.030,µg/m³,DICHOT,
90227,CALGARY CENTRAL,Potassium,1997-02-21T00:00,0.138,µg/m³,DICHOT,
90227,CALGARY CENTRAL,Potassium,1997-02-27T00:00,0.042,µg/m³,DICHOT,
90227,CALGARY CENTRAL,Potassium,1997-02-27T00:00,0.044,µg/m³,DICHOT,
90227,CALGARY CENTRAL,Potassium,1997-03-05T00:00,0.056,µg/m³,DICHOT,
90227,CALGARY CENTRAL,Potassium,1997-03-05T00:00,0.134,µg/m³,DICHOT,
90227,CALGARY CENTRAL,Potassium,1997-03-11T00:00,0.018,µg/m³,DICHOT,
90227,CALGARY CENTRAL,Potassium,1997-03-11T00:00,0.028,µg/m³,DICHOT,
90227,CALGARY CENTRAL,Potassium,1997-03-17T00:00,0.027,µg/m³,DICHOT,
90227,CALGARY CENTRAL,Potassium,1997-03-17T00:00,0.059,µg/m³,DICHOT,
90227,CALGARY CENTRAL,Potassium,1997-03-23T00:00,0.012,µg/m³,DICHOT,
90227,CALGARY CENTRAL,Potassium,1997-03-23T00:00,0.089,µg/m³,DICHOT,
90227,CALGARY CENTRAL,Potassium,1997-03-29T00:00,0.024,µg/m³,DICHOT,
90227,CALGARY CENTRAL,Potassium,1997-03-29T00:00,0.078,µg/m³,DICHOT,
90227,CALGARY CENTRAL,Potassium,1997-04-04T00:00,0.019,µg/m³,DICHOT,
90227,CALGARY CENTRAL,Potassium,1997-04-04T00:00,0.086,µg/m³,DICHOT,
90227,CALGARY CENTRAL,Potassium,1997-04-10T00:00,0.042,µg/m³,DICHOT,
90227,CALGARY CENTRAL,Potassium,1997-04-10T00:00,0.165,µg/m³,DICHOT,
90227,CALGARY CENTRAL,Potassium,1997-04-16T00:00,0.029,µg/m³,DICHOT,
90227,CALGARY CENTRAL,Potassium,1997-04-16T00:00,0.128,µg/m³,DICHOT,
90227,CALGARY CENTRAL,Potassium,1997-04-22T00:00,0.052,µg/m³,DICHOT,
90227,CALGARY CENTRAL,Potassium,1997-04-22T00:00,0.095,µg/m³,DICHOT,
90227,CALGARY CENTRAL,Potassium,1997-04-28T00:00,0.054,µg/m³,DICHOT,
90227,CALGARY CENTRAL,Potassium,1997-04-28T00:00,0.062,µg/m³,DICHOT,
90227,CALGARY CENTRAL,Potassium,1997-05-04T00:00,0.021,µg/m³,DICHOT,
90227,CALGARY CENTRAL,Potassium,1997-05-04T00:00,0.024,µg/m³,DICHOT,
90227,CALGARY CENTRAL,Potassium,1997-05-10T00:00,0.055,µg/m³,DICHOT,
90227,CALGARY CENTRAL,Potassium,1997-05-10T00:00,0.122,µg/m³,DICHOT,
90227,CALGARY CENTRAL,Potassium,1997-05-16T00:00,0.108,µg/m³,DICHOT,
90227,CALGARY CENTRAL,Potassium,1997-05-16T00:00,0.248,µg/m³,DICHOT,
90227,CALGARY CENTRAL,Potassium,1997-05-22T00:00,0.030,µg/m³,DICHOT,
90227,CALGARY CENTRAL,Potassium,1997-05-22T00:00,0.113,µg/m³,DICHOT,
90227,CALGARY CENTRAL,Potassium,1997-05-28T00:00,0.025,µg/m³,DICHOT,
90227,CALGARY CENTRAL,Potassium,1997-05-28T00:00,0.151,µg/m³,DICHOT,
90227,CALGARY CENTRAL,Potassium,1997-06-09T00:00,0.023,µg/m³,DICHOT,
90227,CALGARY CENTRAL,Potassium,1997-06-09T00:00,0.128,µg/m³,DICHOT,
90227,CALGARY CENTRAL,Potassium,1997-06-15T00:00,0.046,µg/m³,DICHOT,
90227,CALGARY CENTRAL,Potassium,1997-06-15T00:00,0.086,µg/m³,DICHOT,
90227,CALGARY CENTRAL,Potassium,1997-06-27T00:00,0.018,µg/m³,DICHOT,
90227,CALGARY CENTRAL,Potassium,1997-06-27T00:00,0.054,µg/m³,DICHOT,
90227,CALGARY CENTRAL,Potassium,1997-07-03T00:00,0.051,µg/m³,DICHOT,
90227,CALGARY CENTRAL,Potassium,1997-07-03T00:00,0.123,µg/m³,DICHOT,
90227,CALGARY CENTRAL,Potassium,1997-07-15T00:00,0.051,µg/m³,DICHOT,
90227,CALGARY CENTRAL,Potassium,1997-07-15T00:00,0.173,µg/m³,DICHOT,
90227,CALGARY CENTRAL,Potassium,1997-07-21T00:00,0.052,µg/m³,DICHOT,
90227,CALGARY CENTRAL,Potassium,1997-07-21T00:00,0.274,µg/m³,DICHOT,
90227,CALGARY CENTRAL,Potassium,1997-08-02T00:00,0.037,µg/m³,DICHOT,
90227,CALGARY CENTRAL,Potassium,1997-08-02T00:00,0.087,µg/m³,DICHOT,
90227,CALGARY CENTRAL,Potassium,1997-08-08T00:00,0.007,µg/m³,DICHOT,
90227,CALGARY CENTRAL,Potassium,1997-08-08T00:00,0.035,µg/m³,DICHOT,
90227,CALGARY CENTRAL,Potassium,1997-08-20T00:00,0.000,µg/m³,DICHOT,
90227,CALGARY CENTRAL,Potassium,1997-08-20T00:00,0.109,µg/m³,DICHOT,
90227,CALGARY CENTRAL,Potassium,1997-08-26T00:00,0.055,µg/m³,DICHOT,
90227,CALGARY CENTRAL,Potassium,1997-08-26T00:00,0.154,µg/m³,DICHOT,
90227,CALGARY CENTRAL,Potassium,1997-09-01T00:00,0.031,µg/m³,DICHOT,
90227,CALGARY CENTRAL,Potassium,1997-09-01T00:00,0.293,µg/m³,DICHOT,
90227,CALGARY CENTRAL,Potassium,1997-09-07T00:00,0.027,µg/m³,DICHOT,
90227,CALGARY CENTRAL,Potassium,1997-09-07T00:00,0.059,µg/m³,DICHOT,
