﻿NAPS_Site_ID,Station_Name,Pollutant,Date,Value,Units,Report_Type,Method
50134,MONTRÉAL-MOLSON or MONTRÉAL-SAINT-JOSEPH,Potassium,2015-06-11T00:00,0.077,µg/m³,PM2.5,ED-XRF
50134,MONTRÉAL-MOLSON or MONTRÉAL-SAINT-JOSEPH,Potassium,2015-06-17T00:00,0.031,µg/m³,PM2.5,ED-XRF
50134,MONTRÉAL-MOLSON or MONTRÉAL-SAINT-JOSEPH,Potassium,2015-06-23T00:00,0.065,µg/m³,PM2.5,ED-XRF
50134,MONTRÉAL-MOLSON or MONTRÉAL-SAINT-JOSEPH,Potassium,2015-06-29T00:00,0.021,µg/m³,PM2.5,ED-XRF
50134,MONTRÉAL-MOLSON or MONTRÉAL-SAINT-JOSEPH,Potassium,2015-07-05T00:00,0.090,µg/m³,PM2.5,ED-XRF
50134,MONTRÉAL-MOLSON or MONTRÉAL-SAINT-JOSEPH,Potassium,2015-07-11T00:00,0.078,µg/m³,PM2.5,ED-XRF
50134,MONTRÉAL-MOLSON or MONTRÉAL-SAINT-JOSEPH,Potassium,2015-07-17T00:00,0.055,µg/m³,PM2.5,ED-XRF
50134,MONTRÉAL-MOLSON or MONTRÉAL-SAINT-JOSEPH,Potassium,2015-07-23T00:00,0.022,µg/m³,PM2.5,ED-XRF
50134,MONTRÉAL-MOLSON or MONTRÉAL-SAINT-JOSEPH,Potassium,2015-07-29T00:00,0.056,µg/m³,PM2.5,ED-XRF
50134,MONTRÉAL-MOLSON or MONTRÉAL-SAINT-JOSEPH,Potassium,2015-08-04T00:00,0.043,µg/m³,PM2.5,ED-XRF
50134,MONTRÉAL-MOLSON or MONTRÉAL-SAINT-JOSEPH,Potassium,2015-08-10T00:00,0.046,µg/m³,PM2.5,ED-XRF
50134,MONTRÉAL-MOLSON or MONTRÉAL-SAINT-JOSEPH,Potassium,2015-08-16T00:00,0.066,µg/m³,PM2.5,ED-XRF
50134,MONTRÉAL-MOLSON or MONTRÉAL-SAINT-JOSEPH,Potassium,2015-08-22T00:00,0.039,µg/m³,PM2.5,ED-XRF
50134,MONTRÉAL-MOLSON or MONTRÉAL-SAINT-JOSEPH,Potassium,2015-08-28T00:00,0.001,µg/m³,PM2.5,ED-XRF
50134,MONTRÉAL-MOLSON or MONTRÉAL-SAINT-JOSEPH,Potassium,2015-09-03T00:00,0.038,µg/m³,PM2.5,ED-XRF
50134,MONTRÉAL-MOLSON or MONTRÉAL-SAINT-JOSEPH,Potassium,2015-09-09T00:00,0.117,µg/m³,PM2.5,ED-XRF
50134,MONTRÉAL-MOLSON or MONTRÉAL-SAINT-JOSEPH,Potassium,2015-09-15T00:00,0.042,µg/m³,PM2.5,ED-XRF
50134,MONTRÉAL-MOLSON or MONTRÉAL-SAINT-JOSEPH,Potassium,2015-09-21T00:00,0.051,µg/m³,PM2.5,ED-XRF
50134,MONTRÉAL-MOLSON or MONTRÉAL-SAINT-JOSEPH,Potassium,2015-09-27T00:00,0.077,µg/m³,PM2.5,ED-XRF
50134,MONTRÉAL-MOLSON or MONTRÉAL-SAINT-JOSEPH,Potassium,2015-10-03T00:00,0.026,µg/m³,PM2.5,ED-XRF
50134,MONTRÉAL-MOLSON or MONTRÉAL-SAINT-JOSEPH,Potassium,2015-10-09T00:00,0.033,µg/m³,PM2.5,ED-XRF
50134,MONTRÉAL-MOLSON or MONTRÉAL-SAINT-JOSEPH,Potassium,2015-10-27T00:00,0.063,µg/m³,PM2.5,ED-XRF
50134,MONTRÉAL-MOLSON or MONTRÉAL-SAINT-JOSEPH,Potassium,2015-11-02T00:00,0.046,µg/m³,PM2.5,ED-XRF
50134,MONTRÉAL-MOLSON or MONTRÉAL-SAINT-JOSEPH,Potassium,2015-11-14T00:00,0.013,µg/m³,PM2.5,ED-XRF
50134,MONTRÉAL-MOLSON or MONTRÉAL-SAINT-JOSEPH,Potassium,2015-11-20T00:00,0.032,µg/m³,PM2.5,ED-XRF
50134,MONTRÉAL-MOLSON or MONTRÉAL-SAINT-JOSEPH,Potassium,2015-11-26T00:00,0.085,µg/m³,PM2.5,ED-XRF
50134,MONTRÉAL-MOLSON or MONTRÉAL-SAINT-JOSEPH,Potassium,2015-12-02T00:00,0.066,µg/m³,PM2.5,ED-XRF
50134,MONTRÉAL-MOLSON or MONTRÉAL-SAINT-JOSEPH,Potassium,2015-12-08T00:00,0.065,µg/m³,PM2.5,ED-XRF
50134,MONTRÉAL-MOLSON or MONTRÉAL-SAINT-JOSEPH,Potassium,2015-12-14T00:00,0.050,µg/m³,PM2.5,ED-XRF
50134,MONTRÉAL-MOLSON or MONTRÉAL-SAINT-JOSEPH,Potassium,2015-12-20T00:00,0.022,µg/m³,PM2.5,ED-XRF
50134,MONTRÉAL-MOLSON or MONTRÉAL-SAINT-JOSEPH,Potassium,2015-12-26T00:00,0.038,µg/m³,PM2.5,ED-XRF
50134,MONTRÉAL-MOLSON or MONTRÉAL-SAINT-JOSEPH,Potassium,2015-06-11T00:00,0.063,µg/m³,PM2.5,IC
50134,MONTRÉAL-MOLSON or MONTRÉAL-SAINT-JOSEPH,Potassium,2015-06-17T00:00,0.021,µg/m³,PM2.5,IC
50134,MONTRÉAL-MOLSON or MONTRÉAL-SAINT-JOSEPH,Potassium,2015-06-23T00:00,0.056,µg/m³,PM2.5,IC
50134,MONTRÉAL-MOLSON or MONTRÉAL-SAINT-JOSEPH,Potassium,2015-06-29T00:00,0.018,µg/m³,PM2.5,IC
50134,MONTRÉAL-MOLSON or MONTRÉAL-SAINT-JOSEPH,Potassium,2015-07-05T00:00,0.083,µg/m³,PM2.5,IC
50134,MONTRÉAL-MOLSON or MONTRÉAL-SAINT-JOSEPH,Potassium,2015-07-11T00:00,0.059,µg/m³,PM2.5,IC
50134,MONTRÉAL-MOLSON or MONTRÉAL-SAINT-JOSEPH,Potassium,2015-07-17T00:00,0.036,µg/m³,PM2.5,IC
50134,MONTRÉAL-MOLSON or MONTRÉAL-SAINT-JOSEPH,Potassium,2015-07-23T00:00,0.015,µg/m³,PM2.5,IC
50134,MONTRÉAL-MOLSON or MONTRÉAL-SAINT-JOSEPH,Potassium,2015-07-29T00:00,0.039,µg/m³,PM2.5,IC
50134,MONTRÉAL-MOLSON or MONTRÉAL-SAINT-JOSEPH,Potassium,2015-08-04T00:00,0.022,µg/m³,PM2.5,IC
50134,MONTRÉAL-MOLSON or MONTRÉAL-SAINT-JOSEPH,Potassium,2015-08-10T00:00,0.031,µg/m³,PM2.5,IC
50134,MONTRÉAL-MOLSON or MONTRÉAL-SAINT-JOSEPH,Potassium,2015-08-16T00:00,0.053,µg/m³,PM2.5,IC
50134,MONTRÉAL-MOLSON or MONTRÉAL-SAINT-JOSEPH,Potassium,2015-08-22T00:00,0.027,µg/m³,PM2.5,IC
50134,MONTRÉAL-MOLSON or MONTRÉAL-SAINT-JOSEPH,Potassium,2015-08-28T00:00,0.004,µg/m³,PM2.5,IC
50134,MONTRÉAL-MOLSON or MONTRÉAL-SAINT-JOSEPH,Potassium,2015-09-03T00:00,0.023,µg/m³,PM2.5,IC
50134,MONTRÉAL-MOLSON or MONTRÉAL-SAINT-JOSEPH,Potassium,2015-09-09T00:00,0.097,µg/m³,PM2.5,IC
50134,MONTRÉAL-MOLSON or MONTRÉAL-SAINT-JOSEPH,Potassium,2015-09-15T00:00,0.039,µg/m³,PM2.5,IC
50134,MONTRÉAL-MOLSON or MONTRÉAL-SAINT-JOSEPH,Potassium,2015-09-21T00:00,0.038,µg/m³,PM2.5,IC
50134,MONTRÉAL-MOLSON or MONTRÉAL-SAINT-JOSEPH,Potassium,2015-09-27T00:00,0.065,µg/m³,PM2.5,IC
50134,MONTRÉAL-MOLSON or MONTRÉAL-SAINT-JOSEPH,Potassium,2015-10-03T00:00,0.031,µg/m³,PM2.5,IC
50134,MONTRÉAL-MOLSON or MONTRÉAL-SAINT-JOSEPH,Potassium,2015-10-09T00:00,0.039,µg/m³,PM2.5,IC
50134,MONTRÉAL-MOLSON or MONTRÉAL-SAINT-JOSEPH,Potassium,2015-10-27T00:00,0.050,µg/m³,PM2.5,IC
50134,MONTRÉAL-MOLSON or MONTRÉAL-SAINT-JOSEPH,Potassium,2015-11-02T00:00,0.026,µg/m³,PM2.5,IC
50134,MONTRÉAL-MOLSON or MONTRÉAL-SAINT-JOSEPH,Potassium,2015-11-14T00:00,0.011,µg/m³,PM2.5,IC
50134,MONTRÉAL-MOLSON or MONTRÉAL-SAINT-JOSEPH,Potassium,2015-11-20T00:00,0.027,µg/m³,PM2.5,IC
50134,MONTRÉAL-MOLSON or MONTRÉAL-SAINT-JOSEPH,Potassium,2015-11-26T00:00,0.077,µg/m³,PM2.5,IC
50134,MONTRÉAL-MOLSON or MONTRÉAL-SAINT-JOSEPH,Potassium,2015-12-02T00:00,0.065,µg/m³,PM2.5,IC
50134,MONTRÉAL-MOLSON or MONTRÉAL-SAINT-JOSEPH,Potassium,2015-12-08T00:00,0.059,µg/m³,PM2.5,IC
50134,MONTRÉAL-MOLSON or MONTRÉAL-SAINT-JOSEPH,Potassium,2015-12-14T00:00,0.041,µg/m³,PM2.5,IC
50134,MONTRÉAL-MOLSON or MONTRÉAL-SAINT-JOSEPH,Potassium,2015-12-20T00:00,0.035,µg/m³,PM2.5,IC
50134,MONTRÉAL-MOLSON or MONTRÉAL-SAINT-JOSEPH,Potassium,2015-12-26T00:00,0.038,µg/m³,PM2.5,IC
50134,MONTRÉAL-MOLSON or MONTRÉAL-SAINT-JOSEPH,Potassium,2015-06-11T00:00,0.158,µg/m³,PM2.5-10,ED-XRF
50134,MONTRÉAL-MOLSON or MONTRÉAL-SAINT-JOSEPH,Potassium,2015-06-17T00:00,0.124,µg/m³,PM2.5-10,ED-XRF
50134,MONTRÉAL-MOLSON or MONTRÉAL-SAINT-JOSEPH,Potassium,2015-06-23T00:00,0.111,µg/m³,PM2.5-10,ED-XRF
50134,MONTRÉAL-MOLSON or MONTRÉAL-SAINT-JOSEPH,Potassium,2015-07-05T00:00,0.074,µg/m³,PM2.5-10,ED-XRF
50134,MONTRÉAL-MOLSON or MONTRÉAL-SAINT-JOSEPH,Potassium,2015-07-11T00:00,0.176,µg/m³,PM2.5-10,ED-XRF
50134,MONTRÉAL-MOLSON or MONTRÉAL-SAINT-JOSEPH,Potassium,2015-07-17T00:00,0.129,µg/m³,PM2.5-10,ED-XRF
50134,MONTRÉAL-MOLSON or MONTRÉAL-SAINT-JOSEPH,Potassium,2015-07-23T00:00,0.062,µg/m³,PM2.5-10,ED-XRF
50134,MONTRÉAL-MOLSON or MONTRÉAL-SAINT-JOSEPH,Potassium,2015-07-29T00:00,0.137,µg/m³,PM2.5-10,ED-XRF
50134,MONTRÉAL-MOLSON or MONTRÉAL-SAINT-JOSEPH,Potassium,2015-08-04T00:00,0.123,µg/m³,PM2.5-10,ED-XRF
50134,MONTRÉAL-MOLSON or MONTRÉAL-SAINT-JOSEPH,Potassium,2015-08-10T00:00,0.124,µg/m³,PM2.5-10,ED-XRF
50134,MONTRÉAL-MOLSON or MONTRÉAL-SAINT-JOSEPH,Potassium,2015-08-16T00:00,0.073,µg/m³,PM2.5-10,ED-XRF
50134,MONTRÉAL-MOLSON or MONTRÉAL-SAINT-JOSEPH,Potassium,2015-08-22T00:00,0.096,µg/m³,PM2.5-10,ED-XRF
50134,MONTRÉAL-MOLSON or MONTRÉAL-SAINT-JOSEPH,Potassium,2015-08-28T00:00,0.000,µg/m³,PM2.5-10,ED-XRF
50134,MONTRÉAL-MOLSON or MONTRÉAL-SAINT-JOSEPH,Potassium,2015-09-03T00:00,0.111,µg/m³,PM2.5-10,ED-XRF
50134,MONTRÉAL-MOLSON or MONTRÉAL-SAINT-JOSEPH,Potassium,2015-09-09T00:00,0.283,µg/m³,PM2.5-10,ED-XRF
50134,MONTRÉAL-MOLSON or MONTRÉAL-SAINT-JOSEPH,Potassium,2015-09-15T00:00,0.076,µg/m³,PM2.5-10,ED-XRF
50134,MONTRÉAL-MOLSON or MONTRÉAL-SAINT-JOSEPH,Potassium,2015-09-21T00:00,0.091,µg/m³,PM2.5-10,ED-XRF
50134,MONTRÉAL-MOLSON or MONTRÉAL-SAINT-JOSEPH,Potassium,2015-09-27T00:00,0.097,µg/m³,PM2.5-10,ED-XRF
50134,MONTRÉAL-MOLSON or MONTRÉAL-SAINT-JOSEPH,Potassium,2015-10-03T00:00,0.029,µg/m³,PM2.5-10,ED-XRF
50134,MONTRÉAL-MOLSON or MONTRÉAL-SAINT-JOSEPH,Potassium,2015-10-09T00:00,0.036,µg/m³,PM2.5-10,ED-XRF
50134,MONTRÉAL-MOLSON or MONTRÉAL-SAINT-JOSEPH,Potassium,2015-10-27T00:00,0.165,µg/m³,PM2.5-10,ED-XRF
50134,MONTRÉAL-MOLSON or MONTRÉAL-SAINT-JOSEPH,Potassium,2015-11-02T00:00,0.073,µg/m³,PM2.5-10,ED-XRF
50134,MONTRÉAL-MOLSON or MONTRÉAL-SAINT-JOSEPH,Potassium,2015-11-14T00:00,0.020,µg/m³,PM2.5-10,ED-XRF
50134,MONTRÉAL-MOLSON or MONTRÉAL-SAINT-JOSEPH,Potassium,2015-11-20T00:00,0.061,µg/m³,PM2.5-10,ED-XRF
50134,MONTRÉAL-MOLSON or MONTRÉAL-SAINT-JOSEPH,Potassium,2015-11-26T00:00,0.085,µg/m³,PM2.5-10,ED-XRF
50134,MONTRÉAL-MOLSON or MONTRÉAL-SAINT-JOSEPH,Potassium,2015-12-02T00:00,0.019,µg/m³,PM2.5-10,ED-XRF
50134,MONTRÉAL-MOLSON or MONTRÉAL-SAINT-JOSEPH,Potassium,2015-12-08T00:00,0.060,µg/m³,PM2.5-10,ED-XRF
50134,MONTRÉAL-MOLSON or MONTRÉAL-SAINT-JOSEPH,Potassium,2015-12-14T00:00,0.028,µg/m³,PM2.5-10,ED-XRF
50134,MONTRÉAL-MOLSON or MONTRÉAL-SAINT-JOSEPH,Potassium,2015-12-20T00:00,0.027,µg/m³,PM2.5-10,ED-XRF
50134,MONTRÉAL-MOLSON or MONTRÉAL-SAINT-JOSEPH,Potassium,2015-12-26T00:00,0.027,µg/m³,PM2.5-10,ED-XRF
50134,MONTRÉAL-MOLSON or MONTRÉAL-SAINT-JOSEPH,Potassium,2015-06-11T00:00,0.056,µg/m³,PM2.5-10,IC
50134,MONTRÉAL-MOLSON or MONTRÉAL-SAINT-JOSEPH,Potassium,2015-06-17T00:00,0.023,µg/m³,PM2.5-10,IC
50134,MONTRÉAL-MOLSON or MONTRÉAL-SAINT-JOSEPH,Potassium,2015-06-23T00:00,0.041,µg/m³,PM2.5-10,IC
50134,MONTRÉAL-MOLSON or MONTRÉAL-SAINT-JOSEPH,Potassium,2015-07-05T00:00,0.025,µg/m³,PM2.5-10,IC
50134,MONTRÉAL-MOLSON or MONTRÉAL-SAINT-JOSEPH,Potassium,2015-07-11T00:00,0.030,µg/m³,PM2.5-10,IC
50134,MONTRÉAL-MOLSON or MONTRÉAL-SAINT-JOSEPH,Potassium,2015-07-17T00:00,0.027,µg/m³,PM2.5-10,IC
50134,MONTRÉAL-MOLSON or MONTRÉAL-SAINT-JOSEPH,Potassium,2015-07-23T00:00,0.016,µg/m³,PM2.5-10,IC
50134,MONTRÉAL-MOLSON or MONTRÉAL-SAINT-JOSEPH,Potassium,2015-07-29T00:00,0.025,µg/m³,PM2.5-10,IC
50134,MONTRÉAL-MOLSON or MONTRÉAL-SAINT-JOSEPH,Potassium,2015-08-04T00:00,0.028,µg/m³,PM2.5-10,IC
50134,MONTRÉAL-MOLSON or MONTRÉAL-SAINT-JOSEPH,Potassium,2015-08-10T00:00,0.030,µg/m³,PM2.5-10,IC
50134,MONTRÉAL-MOLSON or MONTRÉAL-SAINT-JOSEPH,Potassium,2015-08-16T00:00,0.027,µg/m³,PM2.5-10,IC
50134,MONTRÉAL-MOLSON or MONTRÉAL-SAINT-JOSEPH,Potassium,2015-08-22T00:00,0.033,µg/m³,PM2.5-10,IC
50134,MONTRÉAL-MOLSON or MONTRÉAL-SAINT-JOSEPH,Potassium,2015-08-28T00:00,0.004,µg/m³,PM2.5-10,IC
50134,MONTRÉAL-MOLSON or MONTRÉAL-SAINT-JOSEPH,Potassium,2015-09-03T00:00,0.023,µg/m³,PM2.5-10,IC
50134,MONTRÉAL-MOLSON or MONTRÉAL-SAINT-JOSEPH,Potassium,2015-09-09T00:00,0.084,µg/m³,PM2.5-10,IC
50134,MONTRÉAL-MOLSON or MONTRÉAL-SAINT-JOSEPH,Potassium,2015-09-15T00:00,0.039,µg/m³,PM2.5-10,IC
50134,MONTRÉAL-MOLSON or MONTRÉAL-SAINT-JOSEPH,Potassium,2015-09-21T00:00,0.030,µg/m³,PM2.5-10,IC
50134,MONTRÉAL-MOLSON or MONTRÉAL-SAINT-JOSEPH,Potassium,2015-09-27T00:00,0.034,µg/m³,PM2.5-10,IC
50134,MONTRÉAL-MOLSON or MONTRÉAL-SAINT-JOSEPH,Potassium,2015-10-03T00:00,0.021,µg/m³,PM2.5-10,IC
50134,MONTRÉAL-MOLSON or MONTRÉAL-SAINT-JOSEPH,Potassium,2015-10-09T00:00,0.017,µg/m³,PM2.5-10,IC
50134,MONTRÉAL-MOLSON or MONTRÉAL-SAINT-JOSEPH,Potassium,2015-10-27T00:00,0.034,µg/m³,PM2.5-10,IC
50134,MONTRÉAL-MOLSON or MONTRÉAL-SAINT-JOSEPH,Potassium,2015-11-02T00:00,0.016,µg/m³,PM2.5-10,IC
50134,MONTRÉAL-MOLSON or MONTRÉAL-SAINT-JOSEPH,Potassium,2015-11-14T00:00,0.005,µg/m³,PM2.5-10,IC
50134,MONTRÉAL-MOLSON or MONTRÉAL-SAINT-JOSEPH,Potassium,2015-11-20T00:00,0.018,µg/m³,PM2.5-10,IC
50134,MONTRÉAL-MOLSON or MONTRÉAL-SAINT-JOSEPH,Potassium,2015-11-26T00:00,0.031,µg/m³,PM2.5-10,IC
50134,MONTRÉAL-MOLSON or MONTRÉAL-SAINT-JOSEPH,Potassium,2015-12-02T00:00,0.010,µg/m³,PM2.5-10,IC
50134,MONTRÉAL-MOLSON or MONTRÉAL-SAINT-JOSEPH,Potassium,2015-12-08T00:00,0.013,µg/m³,PM2.5-10,IC
50134,MONTRÉAL-MOLSON or MONTRÉAL-SAINT-JOSEPH,Potassium,2015-12-14T00:00,0.015,µg/m³,PM2.5-10,IC
50134,MONTRÉAL-MOLSON or MONTRÉAL-SAINT-JOSEPH,Potassium,2015-12-20T00:00,0.007,µg/m³,PM2.5-10,IC
50134,MONTRÉAL-MOLSON or MONTRÉAL-SAINT-JOSEPH,Potassium,2015-12-26T00:00,0.008,µg/m³,PM2.5-10,IC
