﻿NAPS_Site_ID,Station_Name,Pollutant,Date,Value,Units,Report_Type,Method
60427,GAGE INSTITUTE,Chloromethane,2005-01-04T00:00,1.112,µg/m³,VOC,N/A
60427,GAGE INSTITUTE,Chloromethane,2005-01-10T00:00,1.119,µg/m³,VOC,N/A
60427,GAGE INSTITUTE,Chloromethane,2005-01-16T00:00,1.109,µg/m³,VOC,N/A
60427,GAGE INSTITUTE,Chloromethane,2005-01-22T00:00,1.111,µg/m³,VOC,N/A
60427,GAGE INSTITUTE,Chloromethane,2005-01-28T00:00,1.158,µg/m³,VOC,N/A
60427,GAGE INSTITUTE,Chloromethane,2005-02-03T00:00,1.172,µg/m³,VOC,N/A
60427,GAGE INSTITUTE,Chloromethane,2005-02-09T00:00,1.291,µg/m³,VOC,N/A
60427,GAGE INSTITUTE,Chloromethane,2005-02-15T00:00,1.240,µg/m³,VOC,N/A
60427,GAGE INSTITUTE,Chloromethane,2005-02-21T00:00,1.199,µg/m³,VOC,N/A
60427,GAGE INSTITUTE,Chloromethane,2005-02-27T00:00,1.263,µg/m³,VOC,N/A
60427,GAGE INSTITUTE,Chloromethane,2005-03-05T00:00,1.249,µg/m³,VOC,N/A
60427,GAGE INSTITUTE,Chloromethane,2005-03-11T00:00,1.207,µg/m³,VOC,N/A
60427,GAGE INSTITUTE,Chloromethane,2005-03-17T00:00,1.122,µg/m³,VOC,N/A
60427,GAGE INSTITUTE,Chloromethane,2005-03-23T00:00,1.136,µg/m³,VOC,N/A
60427,GAGE INSTITUTE,Chloromethane,2005-03-29T00:00,1.284,µg/m³,VOC,N/A
60427,GAGE INSTITUTE,Chloromethane,2005-04-04T00:00,1.208,µg/m³,VOC,N/A
60427,GAGE INSTITUTE,Chloromethane,2005-04-10T00:00,1.226,µg/m³,VOC,N/A
60427,GAGE INSTITUTE,Chloromethane,2005-04-16T00:00,1.202,µg/m³,VOC,N/A
60427,GAGE INSTITUTE,Chloromethane,2005-04-22T00:00,1.249,µg/m³,VOC,N/A
60427,GAGE INSTITUTE,Chloromethane,2005-04-28T00:00,1.186,µg/m³,VOC,N/A
60427,GAGE INSTITUTE,Chloromethane,2005-05-04T00:00,1.177,µg/m³,VOC,N/A
60427,GAGE INSTITUTE,Chloromethane,2005-05-10T00:00,1.253,µg/m³,VOC,N/A
60427,GAGE INSTITUTE,Chloromethane,2005-05-16T00:00,1.206,µg/m³,VOC,N/A
60427,GAGE INSTITUTE,Chloromethane,2005-05-22T00:00,1.250,µg/m³,VOC,N/A
60427,GAGE INSTITUTE,Chloromethane,2005-05-28T00:00,1.193,µg/m³,VOC,N/A
60427,GAGE INSTITUTE,Chloromethane,2005-06-03T00:00,1.203,µg/m³,VOC,N/A
60427,GAGE INSTITUTE,Chloromethane,2005-06-09T00:00,1.292,µg/m³,VOC,N/A
60427,GAGE INSTITUTE,Chloromethane,2005-06-15T00:00,1.211,µg/m³,VOC,N/A
60427,GAGE INSTITUTE,Chloromethane,2005-06-21T00:00,1.202,µg/m³,VOC,N/A
60427,GAGE INSTITUTE,Chloromethane,2005-06-27T00:00,1.194,µg/m³,VOC,N/A
60427,GAGE INSTITUTE,Chloromethane,2005-08-02T00:00,1.205,µg/m³,VOC,N/A
60427,GAGE INSTITUTE,Chloromethane,2005-08-08T00:00,1.205,µg/m³,VOC,N/A
60427,GAGE INSTITUTE,Chloromethane,2005-08-14T00:00,1.166,µg/m³,VOC,N/A
60427,GAGE INSTITUTE,Chloromethane,2005-08-20T00:00,1.182,µg/m³,VOC,N/A
60427,GAGE INSTITUTE,Chloromethane,2005-08-26T00:00,1.056,µg/m³,VOC,N/A
60427,GAGE INSTITUTE,Chloromethane,2005-09-01T00:00,1.097,µg/m³,VOC,N/A
60427,GAGE INSTITUTE,Chloromethane,2005-09-07T00:00,1.129,µg/m³,VOC,N/A
60427,GAGE INSTITUTE,Chloromethane,2005-09-13T00:00,1.155,µg/m³,VOC,N/A
60427,GAGE INSTITUTE,Chloromethane,2005-09-19T00:00,1.163,µg/m³,VOC,N/A
60427,GAGE INSTITUTE,Chloromethane,2005-09-25T00:00,1.207,µg/m³,VOC,N/A
60427,GAGE INSTITUTE,Chloromethane,2005-10-01T00:00,1.103,µg/m³,VOC,N/A
60427,GAGE INSTITUTE,Chloromethane,2005-10-07T00:00,1.008,µg/m³,VOC,N/A
60427,GAGE INSTITUTE,Chloromethane,2005-10-13T00:00,1.041,µg/m³,VOC,N/A
60427,GAGE INSTITUTE,Chloromethane,2005-10-19T00:00,1.109,µg/m³,VOC,N/A
60427,GAGE INSTITUTE,Chloromethane,2005-10-25T00:00,1.104,µg/m³,VOC,N/A
60427,GAGE INSTITUTE,Chloromethane,2005-10-31T00:00,1.134,µg/m³,VOC,N/A
60427,GAGE INSTITUTE,Chloromethane,2005-11-06T00:00,1.058,µg/m³,VOC,N/A
60427,GAGE INSTITUTE,Chloromethane,2005-11-12T00:00,1.105,µg/m³,VOC,N/A
60427,GAGE INSTITUTE,Chloromethane,2005-11-18T00:00,1.133,µg/m³,VOC,N/A
60427,GAGE INSTITUTE,Chloromethane,2005-11-24T00:00,1.110,µg/m³,VOC,N/A
60427,GAGE INSTITUTE,Chloromethane,2005-11-30T00:00,1.121,µg/m³,VOC,N/A
60427,GAGE INSTITUTE,Chloromethane,2005-12-06T00:00,1.156,µg/m³,VOC,N/A
60427,GAGE INSTITUTE,Chloromethane,2005-12-12T00:00,1.127,µg/m³,VOC,N/A
60427,GAGE INSTITUTE,Chloromethane,2005-12-18T00:00,1.133,µg/m³,VOC,N/A
60427,GAGE INSTITUTE,Chloromethane,2005-12-24T00:00,1.169,µg/m³,VOC,N/A
60427,GAGE INSTITUTE,Chloromethane,2005-12-30T00:00,1.194,µg/m³,VOC,N/A
