﻿NAPS_Site_ID,Station_Name,Pollutant,Date,Value,Units,Report_Type,Method
54501,L'ASSOMPTION,2-Methylpentane,2015-12-31T19:00,0.133,µg/m³,VOC,GC-MS
54501,L'ASSOMPTION,2-Methylpentane,2016-01-03T19:00,0.117,µg/m³,VOC,GC-MS
54501,L'ASSOMPTION,2-Methylpentane,2016-01-06T19:00,0.775,µg/m³,VOC,GC-MS
54501,L'ASSOMPTION,2-Methylpentane,2016-01-09T19:00,0.132,µg/m³,VOC,GC-MS
54501,L'ASSOMPTION,2-Methylpentane,2016-01-12T19:00,0.068,µg/m³,VOC,GC-MS
54501,L'ASSOMPTION,2-Methylpentane,2016-01-15T19:00,0.167,µg/m³,VOC,GC-MS
54501,L'ASSOMPTION,2-Methylpentane,2016-01-18T19:00,0.076,µg/m³,VOC,GC-MS
54501,L'ASSOMPTION,2-Methylpentane,2016-01-21T19:00,0.124,µg/m³,VOC,GC-MS
54501,L'ASSOMPTION,2-Methylpentane,2016-01-24T19:00,0.526,µg/m³,VOC,GC-MS
54501,L'ASSOMPTION,2-Methylpentane,2016-01-27T19:00,0.144,µg/m³,VOC,GC-MS
54501,L'ASSOMPTION,2-Methylpentane,2016-01-30T19:00,0.738,µg/m³,VOC,GC-MS
54501,L'ASSOMPTION,2-Methylpentane,2016-02-02T19:00,0.174,µg/m³,VOC,GC-MS
54501,L'ASSOMPTION,2-Methylpentane,2016-02-05T19:00,0.286,µg/m³,VOC,GC-MS
54501,L'ASSOMPTION,2-Methylpentane,2016-02-08T19:00,0.120,µg/m³,VOC,GC-MS
54501,L'ASSOMPTION,2-Methylpentane,2016-02-11T19:00,0.152,µg/m³,VOC,GC-MS
54501,L'ASSOMPTION,2-Methylpentane,2016-02-14T19:00,0.150,µg/m³,VOC,GC-MS
54501,L'ASSOMPTION,2-Methylpentane,2016-02-17T19:00,0.170,µg/m³,VOC,GC-MS
54501,L'ASSOMPTION,2-Methylpentane,2016-02-20T19:00,0.102,µg/m³,VOC,GC-MS
54501,L'ASSOMPTION,2-Methylpentane,2016-02-23T19:00,0.220,µg/m³,VOC,GC-MS
54501,L'ASSOMPTION,2-Methylpentane,2016-02-26T19:00,0.144,µg/m³,VOC,GC-MS
54501,L'ASSOMPTION,2-Methylpentane,2016-03-03T19:00,0.114,µg/m³,VOC,GC-MS
54501,L'ASSOMPTION,2-Methylpentane,2016-03-06T19:00,0.186,µg/m³,VOC,GC-MS
54501,L'ASSOMPTION,2-Methylpentane,2016-03-09T19:00,0.112,µg/m³,VOC,GC-MS
54501,L'ASSOMPTION,2-Methylpentane,2016-03-12T19:00,0.044,µg/m³,VOC,GC-MS
54501,L'ASSOMPTION,2-Methylpentane,2016-03-15T20:00,0.064,µg/m³,VOC,GC-MS
54501,L'ASSOMPTION,2-Methylpentane,2016-03-18T20:00,0.040,µg/m³,VOC,GC-MS
54501,L'ASSOMPTION,2-Methylpentane,2016-03-21T20:00,0.063,µg/m³,VOC,GC-MS
54501,L'ASSOMPTION,2-Methylpentane,2016-03-24T20:00,0.092,µg/m³,VOC,GC-MS
54501,L'ASSOMPTION,2-Methylpentane,2016-03-27T20:00,0.146,µg/m³,VOC,GC-MS
54501,L'ASSOMPTION,2-Methylpentane,2016-03-30T20:00,0.194,µg/m³,VOC,GC-MS
54501,L'ASSOMPTION,2-Methylpentane,2016-04-02T20:00,0.034,µg/m³,VOC,GC-MS
54501,L'ASSOMPTION,2-Methylpentane,2016-04-05T20:00,0.078,µg/m³,VOC,GC-MS
54501,L'ASSOMPTION,2-Methylpentane,2016-04-08T20:00,0.022,µg/m³,VOC,GC-MS
54501,L'ASSOMPTION,2-Methylpentane,2016-04-11T20:00,0.028,µg/m³,VOC,GC-MS
54501,L'ASSOMPTION,2-Methylpentane,2016-04-14T20:00,0.044,µg/m³,VOC,GC-MS
54501,L'ASSOMPTION,2-Methylpentane,2016-04-17T20:00,0.044,µg/m³,VOC,GC-MS
54501,L'ASSOMPTION,2-Methylpentane,2016-04-20T20:00,0.320,µg/m³,VOC,GC-MS
54501,L'ASSOMPTION,2-Methylpentane,2016-04-23T20:00,0.062,µg/m³,VOC,GC-MS
54501,L'ASSOMPTION,2-Methylpentane,2016-04-26T20:00,0.014,µg/m³,VOC,GC-MS
54501,L'ASSOMPTION,2-Methylpentane,2016-04-29T20:00,0.026,µg/m³,VOC,GC-MS
54501,L'ASSOMPTION,2-Methylpentane,2016-05-02T20:00,0.026,µg/m³,VOC,GC-MS
54501,L'ASSOMPTION,2-Methylpentane,2016-05-05T20:00,0.034,µg/m³,VOC,GC-MS
54501,L'ASSOMPTION,2-Methylpentane,2016-05-08T20:00,0.010,µg/m³,VOC,GC-MS
54501,L'ASSOMPTION,2-Methylpentane,2016-05-11T20:00,0.166,µg/m³,VOC,GC-MS
54501,L'ASSOMPTION,2-Methylpentane,2016-05-14T20:00,0.014,µg/m³,VOC,GC-MS
54501,L'ASSOMPTION,2-Methylpentane,2016-05-17T20:00,0.060,µg/m³,VOC,GC-MS
54501,L'ASSOMPTION,2-Methylpentane,2016-05-20T20:00,0.080,µg/m³,VOC,GC-MS
54501,L'ASSOMPTION,2-Methylpentane,2016-05-23T20:00,0.066,µg/m³,VOC,GC-MS
54501,L'ASSOMPTION,2-Methylpentane,2016-05-26T20:00,0.222,µg/m³,VOC,GC-MS
54501,L'ASSOMPTION,2-Methylpentane,2016-05-29T20:00,0.062,µg/m³,VOC,GC-MS
54501,L'ASSOMPTION,2-Methylpentane,2016-06-01T20:00,0.248,µg/m³,VOC,GC-MS
54501,L'ASSOMPTION,2-Methylpentane,2016-06-04T20:00,0.094,µg/m³,VOC,GC-MS
54501,L'ASSOMPTION,2-Methylpentane,2016-06-07T20:00,0.018,µg/m³,VOC,GC-MS
54501,L'ASSOMPTION,2-Methylpentane,2016-06-10T20:00,0.022,µg/m³,VOC,GC-MS
54501,L'ASSOMPTION,2-Methylpentane,2016-06-13T20:00,0.040,µg/m³,VOC,GC-MS
54501,L'ASSOMPTION,2-Methylpentane,2016-06-16T20:00,0.130,µg/m³,VOC,GC-MS
54501,L'ASSOMPTION,2-Methylpentane,2016-06-22T20:00,0.045,µg/m³,VOC,GC-MS
54501,L'ASSOMPTION,2-Methylpentane,2016-06-25T20:00,0.078,µg/m³,VOC,GC-MS
