﻿NAPS_Site_ID,Station_Name,Pollutant,Date,Value,Units,Report_Type,Method
50103,MONTRÉAL-SAINT-JEAN-BAPTISTE,"2,3,4-Trimethylpentane",2005-01-04T00:00,0.067,µg/m³,VOC,
50103,MONTRÉAL-SAINT-JEAN-BAPTISTE,"2,3,4-Trimethylpentane",2005-01-10T00:00,0.089,µg/m³,VOC,
50103,MONTRÉAL-SAINT-JEAN-BAPTISTE,"2,3,4-Trimethylpentane",2005-01-16T00:00,0.025,µg/m³,VOC,
50103,MONTRÉAL-SAINT-JEAN-BAPTISTE,"2,3,4-Trimethylpentane",2005-01-22T00:00,0.036,µg/m³,VOC,
50103,MONTRÉAL-SAINT-JEAN-BAPTISTE,"2,3,4-Trimethylpentane",2005-01-28T00:00,0.123,µg/m³,VOC,
50103,MONTRÉAL-SAINT-JEAN-BAPTISTE,"2,3,4-Trimethylpentane",2005-02-03T00:00,0.075,µg/m³,VOC,
50103,MONTRÉAL-SAINT-JEAN-BAPTISTE,"2,3,4-Trimethylpentane",2005-02-09T00:00,0.035,µg/m³,VOC,
50103,MONTRÉAL-SAINT-JEAN-BAPTISTE,"2,3,4-Trimethylpentane",2005-02-15T00:00,0.060,µg/m³,VOC,
50103,MONTRÉAL-SAINT-JEAN-BAPTISTE,"2,3,4-Trimethylpentane",2005-02-21T00:00,0.017,µg/m³,VOC,
50103,MONTRÉAL-SAINT-JEAN-BAPTISTE,"2,3,4-Trimethylpentane",2005-02-27T00:00,0.066,µg/m³,VOC,
50103,MONTRÉAL-SAINT-JEAN-BAPTISTE,"2,3,4-Trimethylpentane",2005-03-05T00:00,0.039,µg/m³,VOC,
50103,MONTRÉAL-SAINT-JEAN-BAPTISTE,"2,3,4-Trimethylpentane",2005-03-11T00:00,0.028,µg/m³,VOC,
50103,MONTRÉAL-SAINT-JEAN-BAPTISTE,"2,3,4-Trimethylpentane",2005-03-17T00:00,0.090,µg/m³,VOC,
50103,MONTRÉAL-SAINT-JEAN-BAPTISTE,"2,3,4-Trimethylpentane",2005-03-23T00:00,0.023,µg/m³,VOC,
50103,MONTRÉAL-SAINT-JEAN-BAPTISTE,"2,3,4-Trimethylpentane",2005-03-29T00:00,0.024,µg/m³,VOC,
50103,MONTRÉAL-SAINT-JEAN-BAPTISTE,"2,3,4-Trimethylpentane",2005-04-04T00:00,0.078,µg/m³,VOC,
50103,MONTRÉAL-SAINT-JEAN-BAPTISTE,"2,3,4-Trimethylpentane",2005-04-10T00:00,0.055,µg/m³,VOC,
50103,MONTRÉAL-SAINT-JEAN-BAPTISTE,"2,3,4-Trimethylpentane",2005-04-16T00:00,0.135,µg/m³,VOC,
50103,MONTRÉAL-SAINT-JEAN-BAPTISTE,"2,3,4-Trimethylpentane",2005-04-22T00:00,0.066,µg/m³,VOC,
50103,MONTRÉAL-SAINT-JEAN-BAPTISTE,"2,3,4-Trimethylpentane",2005-04-28T00:00,0.057,µg/m³,VOC,
50103,MONTRÉAL-SAINT-JEAN-BAPTISTE,"2,3,4-Trimethylpentane",2005-05-04T00:00,0.108,µg/m³,VOC,
50103,MONTRÉAL-SAINT-JEAN-BAPTISTE,"2,3,4-Trimethylpentane",2005-05-10T00:00,0.087,µg/m³,VOC,
50103,MONTRÉAL-SAINT-JEAN-BAPTISTE,"2,3,4-Trimethylpentane",2005-05-16T00:00,0.084,µg/m³,VOC,
50103,MONTRÉAL-SAINT-JEAN-BAPTISTE,"2,3,4-Trimethylpentane",2005-05-28T00:00,0.068,µg/m³,VOC,
50103,MONTRÉAL-SAINT-JEAN-BAPTISTE,"2,3,4-Trimethylpentane",2005-06-03T00:00,0.194,µg/m³,VOC,
50103,MONTRÉAL-SAINT-JEAN-BAPTISTE,"2,3,4-Trimethylpentane",2005-06-09T00:00,0.032,µg/m³,VOC,
50103,MONTRÉAL-SAINT-JEAN-BAPTISTE,"2,3,4-Trimethylpentane",2005-06-15T00:00,0.026,µg/m³,VOC,
50103,MONTRÉAL-SAINT-JEAN-BAPTISTE,"2,3,4-Trimethylpentane",2005-06-21T00:00,0.161,µg/m³,VOC,
50103,MONTRÉAL-SAINT-JEAN-BAPTISTE,"2,3,4-Trimethylpentane",2005-06-27T00:00,0.123,µg/m³,VOC,
50103,MONTRÉAL-SAINT-JEAN-BAPTISTE,"2,3,4-Trimethylpentane",2005-07-09T00:00,0.093,µg/m³,VOC,
50103,MONTRÉAL-SAINT-JEAN-BAPTISTE,"2,3,4-Trimethylpentane",2005-07-15T00:00,0.162,µg/m³,VOC,
50103,MONTRÉAL-SAINT-JEAN-BAPTISTE,"2,3,4-Trimethylpentane",2005-07-21T00:00,0.215,µg/m³,VOC,
50103,MONTRÉAL-SAINT-JEAN-BAPTISTE,"2,3,4-Trimethylpentane",2005-07-27T00:00,0.066,µg/m³,VOC,
50103,MONTRÉAL-SAINT-JEAN-BAPTISTE,"2,3,4-Trimethylpentane",2005-08-02T00:00,0.201,µg/m³,VOC,
50103,MONTRÉAL-SAINT-JEAN-BAPTISTE,"2,3,4-Trimethylpentane",2005-08-08T00:00,0.226,µg/m³,VOC,
50103,MONTRÉAL-SAINT-JEAN-BAPTISTE,"2,3,4-Trimethylpentane",2005-08-14T00:00,0.101,µg/m³,VOC,
50103,MONTRÉAL-SAINT-JEAN-BAPTISTE,"2,3,4-Trimethylpentane",2005-08-20T00:00,0.094,µg/m³,VOC,
50103,MONTRÉAL-SAINT-JEAN-BAPTISTE,"2,3,4-Trimethylpentane",2005-08-26T00:00,0.353,µg/m³,VOC,
50103,MONTRÉAL-SAINT-JEAN-BAPTISTE,"2,3,4-Trimethylpentane",2005-09-01T00:00,0.292,µg/m³,VOC,
50103,MONTRÉAL-SAINT-JEAN-BAPTISTE,"2,3,4-Trimethylpentane",2005-09-07T00:00,0.241,µg/m³,VOC,
50103,MONTRÉAL-SAINT-JEAN-BAPTISTE,"2,3,4-Trimethylpentane",2005-09-13T00:00,0.200,µg/m³,VOC,
50103,MONTRÉAL-SAINT-JEAN-BAPTISTE,"2,3,4-Trimethylpentane",2005-09-19T00:00,0.099,µg/m³,VOC,
50103,MONTRÉAL-SAINT-JEAN-BAPTISTE,"2,3,4-Trimethylpentane",2005-09-25T00:00,0.059,µg/m³,VOC,
50103,MONTRÉAL-SAINT-JEAN-BAPTISTE,"2,3,4-Trimethylpentane",2005-10-01T00:00,0.175,µg/m³,VOC,
50103,MONTRÉAL-SAINT-JEAN-BAPTISTE,"2,3,4-Trimethylpentane",2005-10-07T00:00,0.065,µg/m³,VOC,
50103,MONTRÉAL-SAINT-JEAN-BAPTISTE,"2,3,4-Trimethylpentane",2005-10-13T00:00,0.021,µg/m³,VOC,
50103,MONTRÉAL-SAINT-JEAN-BAPTISTE,"2,3,4-Trimethylpentane",2005-10-19T00:00,0.141,µg/m³,VOC,
50103,MONTRÉAL-SAINT-JEAN-BAPTISTE,"2,3,4-Trimethylpentane",2005-10-25T00:00,0.008,µg/m³,VOC,
50103,MONTRÉAL-SAINT-JEAN-BAPTISTE,"2,3,4-Trimethylpentane",2005-10-31T00:00,0.163,µg/m³,VOC,
50103,MONTRÉAL-SAINT-JEAN-BAPTISTE,"2,3,4-Trimethylpentane",2005-11-06T00:00,0.042,µg/m³,VOC,
50103,MONTRÉAL-SAINT-JEAN-BAPTISTE,"2,3,4-Trimethylpentane",2005-11-12T00:00,0.207,µg/m³,VOC,
50103,MONTRÉAL-SAINT-JEAN-BAPTISTE,"2,3,4-Trimethylpentane",2005-11-18T00:00,0.079,µg/m³,VOC,
50103,MONTRÉAL-SAINT-JEAN-BAPTISTE,"2,3,4-Trimethylpentane",2005-11-24T00:00,0.024,µg/m³,VOC,
50103,MONTRÉAL-SAINT-JEAN-BAPTISTE,"2,3,4-Trimethylpentane",2005-11-30T00:00,0.114,µg/m³,VOC,
50103,MONTRÉAL-SAINT-JEAN-BAPTISTE,"2,3,4-Trimethylpentane",2005-12-06T00:00,0.121,µg/m³,VOC,
50103,MONTRÉAL-SAINT-JEAN-BAPTISTE,"2,3,4-Trimethylpentane",2005-12-12T00:00,0.044,µg/m³,VOC,
50103,MONTRÉAL-SAINT-JEAN-BAPTISTE,"2,3,4-Trimethylpentane",2005-12-18T00:00,0.102,µg/m³,VOC,
50103,MONTRÉAL-SAINT-JEAN-BAPTISTE,"2,3,4-Trimethylpentane",2005-12-24T00:00,0.109,µg/m³,VOC,
50103,MONTRÉAL-SAINT-JEAN-BAPTISTE,"2,3,4-Trimethylpentane",2005-12-30T00:00,0.031,µg/m³,VOC,
