﻿NAPS_Site_ID,Station_Name,Pollutant,Date,Value,Units,Report_Type,Method
60104,OTTAWA DOWNTOWN,"1,3-Diethylbenzene",2020-01-04T00:00,0.003,µg/m³,VOC,GC-MS
60104,OTTAWA DOWNTOWN,"1,3-Diethylbenzene",2020-01-10T00:00,0.008,µg/m³,VOC,GC-MS
60104,OTTAWA DOWNTOWN,"1,3-Diethylbenzene",2020-01-16T00:00,0.001,µg/m³,VOC,GC-MS
60104,OTTAWA DOWNTOWN,"1,3-Diethylbenzene",2020-01-22T00:00,0.002,µg/m³,VOC,GC-MS
60104,OTTAWA DOWNTOWN,"1,3-Diethylbenzene",2020-01-28T00:00,0.001,µg/m³,VOC,GC-MS
60104,OTTAWA DOWNTOWN,"1,3-Diethylbenzene",2020-02-03T00:00,0.012,µg/m³,VOC,GC-MS
60104,OTTAWA DOWNTOWN,"1,3-Diethylbenzene",2020-02-09T00:00,0.003,µg/m³,VOC,GC-MS
60104,OTTAWA DOWNTOWN,"1,3-Diethylbenzene",2020-02-27T00:00,0.001,µg/m³,VOC,GC-MS
