﻿NAPS_Site_ID,Station_Name,Pollutant,Date,Value,Units,Report_Type,Method
90228,CALGARY CENTRAL-2,23478-P5CDF,2011-01-02T19:00,0.002,pg/m³,PCDD,
90228,CALGARY CENTRAL-2,23478-P5CDF,2011-01-26T19:00,0.003,pg/m³,PCDD,
90228,CALGARY CENTRAL-2,23478-P5CDF,2011-03-15T20:00,0.008,pg/m³,PCDD,
90228,CALGARY CENTRAL-2,23478-P5CDF,2011-04-08T20:00,0.003,pg/m³,PCDD,
90228,CALGARY CENTRAL-2,23478-P5CDF,2011-07-13T20:00,0.002,pg/m³,PCDD,
90228,CALGARY CENTRAL-2,23478-P5CDF,2011-08-06T20:00,0.001,pg/m³,PCDD,
90228,CALGARY CENTRAL-2,23478-P5CDF,2011-08-30T20:00,0.002,pg/m³,PCDD,
