﻿NAPS_Site_ID,Station_Name,Pollutant,Date,Value,Units,Report_Type,Method
50109,MONTRÉAL-ÉCHANGEUR DÉCARIE,Iron,1988-01-04T00:00,0.087,µg/m³,DICHOT,N/A
50109,MONTRÉAL-ÉCHANGEUR DÉCARIE,Iron,1988-01-04T00:00,0.340,µg/m³,DICHOT,N/A
50109,MONTRÉAL-ÉCHANGEUR DÉCARIE,Iron,1988-01-10T00:00,0.089,µg/m³,DICHOT,N/A
50109,MONTRÉAL-ÉCHANGEUR DÉCARIE,Iron,1988-01-10T00:00,0.263,µg/m³,DICHOT,N/A
50109,MONTRÉAL-ÉCHANGEUR DÉCARIE,Iron,1988-01-16T00:00,0.139,µg/m³,DICHOT,N/A
50109,MONTRÉAL-ÉCHANGEUR DÉCARIE,Iron,1988-01-16T00:00,0.292,µg/m³,DICHOT,N/A
50109,MONTRÉAL-ÉCHANGEUR DÉCARIE,Iron,1988-01-22T00:00,0.190,µg/m³,DICHOT,N/A
50109,MONTRÉAL-ÉCHANGEUR DÉCARIE,Iron,1988-01-22T00:00,0.989,µg/m³,DICHOT,N/A
50109,MONTRÉAL-ÉCHANGEUR DÉCARIE,Iron,1988-01-28T00:00,0.199,µg/m³,DICHOT,N/A
50109,MONTRÉAL-ÉCHANGEUR DÉCARIE,Iron,1988-01-28T00:00,0.395,µg/m³,DICHOT,N/A
50109,MONTRÉAL-ÉCHANGEUR DÉCARIE,Iron,1988-02-03T00:00,0.148,µg/m³,DICHOT,N/A
50109,MONTRÉAL-ÉCHANGEUR DÉCARIE,Iron,1988-02-03T00:00,0.304,µg/m³,DICHOT,N/A
50109,MONTRÉAL-ÉCHANGEUR DÉCARIE,Iron,1988-02-09T00:00,0.170,µg/m³,DICHOT,N/A
50109,MONTRÉAL-ÉCHANGEUR DÉCARIE,Iron,1988-02-09T00:00,0.320,µg/m³,DICHOT,N/A
50109,MONTRÉAL-ÉCHANGEUR DÉCARIE,Iron,1988-02-21T00:00,0.043,µg/m³,DICHOT,N/A
50109,MONTRÉAL-ÉCHANGEUR DÉCARIE,Iron,1988-02-21T00:00,0.202,µg/m³,DICHOT,N/A
50109,MONTRÉAL-ÉCHANGEUR DÉCARIE,Iron,1988-02-27T00:00,0.187,µg/m³,DICHOT,N/A
50109,MONTRÉAL-ÉCHANGEUR DÉCARIE,Iron,1988-02-27T00:00,0.563,µg/m³,DICHOT,N/A
50109,MONTRÉAL-ÉCHANGEUR DÉCARIE,Iron,1988-03-04T00:00,0.154,µg/m³,DICHOT,N/A
50109,MONTRÉAL-ÉCHANGEUR DÉCARIE,Iron,1988-03-04T00:00,0.793,µg/m³,DICHOT,N/A
50109,MONTRÉAL-ÉCHANGEUR DÉCARIE,Iron,1988-03-10T00:00,0.124,µg/m³,DICHOT,N/A
50109,MONTRÉAL-ÉCHANGEUR DÉCARIE,Iron,1988-03-10T00:00,0.503,µg/m³,DICHOT,N/A
50109,MONTRÉAL-ÉCHANGEUR DÉCARIE,Iron,1988-03-16T00:00,0.125,µg/m³,DICHOT,N/A
50109,MONTRÉAL-ÉCHANGEUR DÉCARIE,Iron,1988-03-16T00:00,0.359,µg/m³,DICHOT,N/A
50109,MONTRÉAL-ÉCHANGEUR DÉCARIE,Iron,1988-03-22T00:00,0.235,µg/m³,DICHOT,N/A
50109,MONTRÉAL-ÉCHANGEUR DÉCARIE,Iron,1988-03-22T00:00,0.424,µg/m³,DICHOT,N/A
50109,MONTRÉAL-ÉCHANGEUR DÉCARIE,Iron,1988-03-28T00:00,0.114,µg/m³,DICHOT,N/A
50109,MONTRÉAL-ÉCHANGEUR DÉCARIE,Iron,1988-03-28T00:00,0.478,µg/m³,DICHOT,N/A
50109,MONTRÉAL-ÉCHANGEUR DÉCARIE,Iron,1988-04-03T00:00,0.217,µg/m³,DICHOT,N/A
50109,MONTRÉAL-ÉCHANGEUR DÉCARIE,Iron,1988-04-03T00:00,0.657,µg/m³,DICHOT,N/A
50109,MONTRÉAL-ÉCHANGEUR DÉCARIE,Iron,1988-04-09T00:00,0.032,µg/m³,DICHOT,N/A
50109,MONTRÉAL-ÉCHANGEUR DÉCARIE,Iron,1988-04-09T00:00,0.215,µg/m³,DICHOT,N/A
50109,MONTRÉAL-ÉCHANGEUR DÉCARIE,Iron,1988-04-21T00:00,0.130,µg/m³,DICHOT,N/A
50109,MONTRÉAL-ÉCHANGEUR DÉCARIE,Iron,1988-04-21T00:00,0.889,µg/m³,DICHOT,N/A
50109,MONTRÉAL-ÉCHANGEUR DÉCARIE,Iron,1988-04-27T00:00,0.109,µg/m³,DICHOT,N/A
50109,MONTRÉAL-ÉCHANGEUR DÉCARIE,Iron,1988-04-27T00:00,0.686,µg/m³,DICHOT,N/A
50109,MONTRÉAL-ÉCHANGEUR DÉCARIE,Iron,1988-05-03T00:00,0.233,µg/m³,DICHOT,N/A
50109,MONTRÉAL-ÉCHANGEUR DÉCARIE,Iron,1988-05-03T00:00,1.240,µg/m³,DICHOT,N/A
50109,MONTRÉAL-ÉCHANGEUR DÉCARIE,Iron,1988-05-09T00:00,0.111,µg/m³,DICHOT,N/A
50109,MONTRÉAL-ÉCHANGEUR DÉCARIE,Iron,1988-05-09T00:00,0.808,µg/m³,DICHOT,N/A
50109,MONTRÉAL-ÉCHANGEUR DÉCARIE,Iron,1988-05-15T00:00,0.087,µg/m³,DICHOT,N/A
50109,MONTRÉAL-ÉCHANGEUR DÉCARIE,Iron,1988-05-15T00:00,0.410,µg/m³,DICHOT,N/A
50109,MONTRÉAL-ÉCHANGEUR DÉCARIE,Iron,1988-05-21T00:00,0.088,µg/m³,DICHOT,N/A
50109,MONTRÉAL-ÉCHANGEUR DÉCARIE,Iron,1988-05-21T00:00,0.486,µg/m³,DICHOT,N/A
50109,MONTRÉAL-ÉCHANGEUR DÉCARIE,Iron,1988-05-27T00:00,0.164,µg/m³,DICHOT,N/A
50109,MONTRÉAL-ÉCHANGEUR DÉCARIE,Iron,1988-05-27T00:00,1.020,µg/m³,DICHOT,N/A
50109,MONTRÉAL-ÉCHANGEUR DÉCARIE,Iron,1988-06-02T00:00,0.074,µg/m³,DICHOT,N/A
50109,MONTRÉAL-ÉCHANGEUR DÉCARIE,Iron,1988-06-02T00:00,0.410,µg/m³,DICHOT,N/A
50109,MONTRÉAL-ÉCHANGEUR DÉCARIE,Iron,1988-06-08T00:00,0.077,µg/m³,DICHOT,N/A
50109,MONTRÉAL-ÉCHANGEUR DÉCARIE,Iron,1988-06-08T00:00,0.501,µg/m³,DICHOT,N/A
50109,MONTRÉAL-ÉCHANGEUR DÉCARIE,Iron,1988-06-14T00:00,0.355,µg/m³,DICHOT,N/A
50109,MONTRÉAL-ÉCHANGEUR DÉCARIE,Iron,1988-06-14T00:00,1.210,µg/m³,DICHOT,N/A
50109,MONTRÉAL-ÉCHANGEUR DÉCARIE,Iron,1988-06-20T00:00,0.147,µg/m³,DICHOT,N/A
50109,MONTRÉAL-ÉCHANGEUR DÉCARIE,Iron,1988-06-20T00:00,1.290,µg/m³,DICHOT,N/A
50109,MONTRÉAL-ÉCHANGEUR DÉCARIE,Iron,1988-06-26T00:00,0.041,µg/m³,DICHOT,N/A
50109,MONTRÉAL-ÉCHANGEUR DÉCARIE,Iron,1988-06-26T00:00,0.277,µg/m³,DICHOT,N/A
50109,MONTRÉAL-ÉCHANGEUR DÉCARIE,Iron,1988-07-02T00:00,0.090,µg/m³,DICHOT,N/A
50109,MONTRÉAL-ÉCHANGEUR DÉCARIE,Iron,1988-07-02T00:00,0.390,µg/m³,DICHOT,N/A
50109,MONTRÉAL-ÉCHANGEUR DÉCARIE,Iron,1988-07-14T00:00,0.174,µg/m³,DICHOT,N/A
50109,MONTRÉAL-ÉCHANGEUR DÉCARIE,Iron,1988-07-14T00:00,1.140,µg/m³,DICHOT,N/A
50109,MONTRÉAL-ÉCHANGEUR DÉCARIE,Iron,1988-07-20T00:00,0.083,µg/m³,DICHOT,N/A
50109,MONTRÉAL-ÉCHANGEUR DÉCARIE,Iron,1988-07-20T00:00,0.514,µg/m³,DICHOT,N/A
50109,MONTRÉAL-ÉCHANGEUR DÉCARIE,Iron,1988-07-26T00:00,0.116,µg/m³,DICHOT,N/A
50109,MONTRÉAL-ÉCHANGEUR DÉCARIE,Iron,1988-07-26T00:00,0.710,µg/m³,DICHOT,N/A
50109,MONTRÉAL-ÉCHANGEUR DÉCARIE,Iron,1988-08-01T00:00,0.089,µg/m³,DICHOT,N/A
50109,MONTRÉAL-ÉCHANGEUR DÉCARIE,Iron,1988-08-01T00:00,0.652,µg/m³,DICHOT,N/A
50109,MONTRÉAL-ÉCHANGEUR DÉCARIE,Iron,1988-08-07T00:00,0.034,µg/m³,DICHOT,N/A
50109,MONTRÉAL-ÉCHANGEUR DÉCARIE,Iron,1988-08-07T00:00,0.279,µg/m³,DICHOT,N/A
50109,MONTRÉAL-ÉCHANGEUR DÉCARIE,Iron,1988-08-13T00:00,0.090,µg/m³,DICHOT,N/A
50109,MONTRÉAL-ÉCHANGEUR DÉCARIE,Iron,1988-08-13T00:00,0.448,µg/m³,DICHOT,N/A
50109,MONTRÉAL-ÉCHANGEUR DÉCARIE,Iron,1988-08-19T00:00,0.123,µg/m³,DICHOT,N/A
50109,MONTRÉAL-ÉCHANGEUR DÉCARIE,Iron,1988-08-19T00:00,0.395,µg/m³,DICHOT,N/A
50109,MONTRÉAL-ÉCHANGEUR DÉCARIE,Iron,1988-08-25T00:00,0.067,µg/m³,DICHOT,N/A
50109,MONTRÉAL-ÉCHANGEUR DÉCARIE,Iron,1988-08-25T00:00,0.273,µg/m³,DICHOT,N/A
50109,MONTRÉAL-ÉCHANGEUR DÉCARIE,Iron,1988-08-31T00:00,0.150,µg/m³,DICHOT,N/A
50109,MONTRÉAL-ÉCHANGEUR DÉCARIE,Iron,1988-08-31T00:00,0.602,µg/m³,DICHOT,N/A
50109,MONTRÉAL-ÉCHANGEUR DÉCARIE,Iron,1988-09-06T00:00,0.084,µg/m³,DICHOT,N/A
50109,MONTRÉAL-ÉCHANGEUR DÉCARIE,Iron,1988-09-06T00:00,0.431,µg/m³,DICHOT,N/A
50109,MONTRÉAL-ÉCHANGEUR DÉCARIE,Iron,1988-09-12T00:00,0.097,µg/m³,DICHOT,N/A
50109,MONTRÉAL-ÉCHANGEUR DÉCARIE,Iron,1988-09-12T00:00,0.540,µg/m³,DICHOT,N/A
50109,MONTRÉAL-ÉCHANGEUR DÉCARIE,Iron,1988-09-18T00:00,0.094,µg/m³,DICHOT,N/A
50109,MONTRÉAL-ÉCHANGEUR DÉCARIE,Iron,1988-09-18T00:00,0.335,µg/m³,DICHOT,N/A
50109,MONTRÉAL-ÉCHANGEUR DÉCARIE,Iron,1988-09-24T00:00,0.081,µg/m³,DICHOT,N/A
50109,MONTRÉAL-ÉCHANGEUR DÉCARIE,Iron,1988-09-24T00:00,0.356,µg/m³,DICHOT,N/A
50109,MONTRÉAL-ÉCHANGEUR DÉCARIE,Iron,1988-09-30T00:00,0.163,µg/m³,DICHOT,N/A
50109,MONTRÉAL-ÉCHANGEUR DÉCARIE,Iron,1988-09-30T00:00,0.777,µg/m³,DICHOT,N/A
50109,MONTRÉAL-ÉCHANGEUR DÉCARIE,Iron,1988-10-06T00:00,0.104,µg/m³,DICHOT,N/A
50109,MONTRÉAL-ÉCHANGEUR DÉCARIE,Iron,1988-10-06T00:00,0.505,µg/m³,DICHOT,N/A
50109,MONTRÉAL-ÉCHANGEUR DÉCARIE,Iron,1988-10-12T00:00,0.047,µg/m³,DICHOT,N/A
50109,MONTRÉAL-ÉCHANGEUR DÉCARIE,Iron,1988-10-12T00:00,0.266,µg/m³,DICHOT,N/A
50109,MONTRÉAL-ÉCHANGEUR DÉCARIE,Iron,1988-10-18T00:00,0.066,µg/m³,DICHOT,N/A
50109,MONTRÉAL-ÉCHANGEUR DÉCARIE,Iron,1988-10-18T00:00,0.244,µg/m³,DICHOT,N/A
50109,MONTRÉAL-ÉCHANGEUR DÉCARIE,Iron,1988-10-24T00:00,0.097,µg/m³,DICHOT,N/A
50109,MONTRÉAL-ÉCHANGEUR DÉCARIE,Iron,1988-10-24T00:00,0.249,µg/m³,DICHOT,N/A
50109,MONTRÉAL-ÉCHANGEUR DÉCARIE,Iron,1988-10-30T00:00,0.065,µg/m³,DICHOT,N/A
50109,MONTRÉAL-ÉCHANGEUR DÉCARIE,Iron,1988-10-30T00:00,0.165,µg/m³,DICHOT,N/A
50109,MONTRÉAL-ÉCHANGEUR DÉCARIE,Iron,1988-11-05T00:00,0.138,µg/m³,DICHOT,N/A
50109,MONTRÉAL-ÉCHANGEUR DÉCARIE,Iron,1988-11-05T00:00,0.525,µg/m³,DICHOT,N/A
50109,MONTRÉAL-ÉCHANGEUR DÉCARIE,Iron,1988-11-11T00:00,0.099,µg/m³,DICHOT,N/A
50109,MONTRÉAL-ÉCHANGEUR DÉCARIE,Iron,1988-11-11T00:00,0.350,µg/m³,DICHOT,N/A
50109,MONTRÉAL-ÉCHANGEUR DÉCARIE,Iron,1988-11-17T00:00,0.067,µg/m³,DICHOT,N/A
50109,MONTRÉAL-ÉCHANGEUR DÉCARIE,Iron,1988-11-17T00:00,0.416,µg/m³,DICHOT,N/A
50109,MONTRÉAL-ÉCHANGEUR DÉCARIE,Iron,1988-11-23T00:00,0.164,µg/m³,DICHOT,N/A
50109,MONTRÉAL-ÉCHANGEUR DÉCARIE,Iron,1988-11-23T00:00,0.661,µg/m³,DICHOT,N/A
50109,MONTRÉAL-ÉCHANGEUR DÉCARIE,Iron,1988-11-29T00:00,0.127,µg/m³,DICHOT,N/A
50109,MONTRÉAL-ÉCHANGEUR DÉCARIE,Iron,1988-11-29T00:00,0.581,µg/m³,DICHOT,N/A
50109,MONTRÉAL-ÉCHANGEUR DÉCARIE,Iron,1988-12-17T00:00,0.195,µg/m³,DICHOT,N/A
50109,MONTRÉAL-ÉCHANGEUR DÉCARIE,Iron,1988-12-17T00:00,0.413,µg/m³,DICHOT,N/A
50109,MONTRÉAL-ÉCHANGEUR DÉCARIE,Iron,1988-12-23T00:00,0.044,µg/m³,DICHOT,N/A
50109,MONTRÉAL-ÉCHANGEUR DÉCARIE,Iron,1988-12-23T00:00,0.305,µg/m³,DICHOT,N/A
50109,MONTRÉAL-ÉCHANGEUR DÉCARIE,Iron,1988-12-29T00:00,0.079,µg/m³,DICHOT,N/A
50109,MONTRÉAL-ÉCHANGEUR DÉCARIE,Iron,1988-12-29T00:00,0.366,µg/m³,DICHOT,N/A
