﻿NAPS_Site_ID,Station_Name,Pollutant,Date,Value,Units,Report_Type,Method
50103,MONTRÉAL-SAINT-JEAN-BAPTISTE,Heptane,2004-01-04T00:00,1.946,µg/m³,VOC,
50103,MONTRÉAL-SAINT-JEAN-BAPTISTE,Heptane,2004-01-10T00:00,3.067,µg/m³,VOC,
50103,MONTRÉAL-SAINT-JEAN-BAPTISTE,Heptane,2004-01-16T00:00,3.611,µg/m³,VOC,
50103,MONTRÉAL-SAINT-JEAN-BAPTISTE,Heptane,2004-01-28T00:00,0.901,µg/m³,VOC,
50103,MONTRÉAL-SAINT-JEAN-BAPTISTE,Heptane,2004-02-03T00:00,0.395,µg/m³,VOC,
50103,MONTRÉAL-SAINT-JEAN-BAPTISTE,Heptane,2004-02-15T00:00,1.324,µg/m³,VOC,
50103,MONTRÉAL-SAINT-JEAN-BAPTISTE,Heptane,2004-02-21T00:00,0.237,µg/m³,VOC,
50103,MONTRÉAL-SAINT-JEAN-BAPTISTE,Heptane,2004-02-27T00:00,3.681,µg/m³,VOC,
50103,MONTRÉAL-SAINT-JEAN-BAPTISTE,Heptane,2004-03-10T00:00,1.170,µg/m³,VOC,
50103,MONTRÉAL-SAINT-JEAN-BAPTISTE,Heptane,2004-03-16T00:00,0.069,µg/m³,VOC,
50103,MONTRÉAL-SAINT-JEAN-BAPTISTE,Heptane,2004-03-22T00:00,1.274,µg/m³,VOC,
50103,MONTRÉAL-SAINT-JEAN-BAPTISTE,Heptane,2004-03-28T00:00,0.144,µg/m³,VOC,
50103,MONTRÉAL-SAINT-JEAN-BAPTISTE,Heptane,2004-04-03T00:00,1.253,µg/m³,VOC,
50103,MONTRÉAL-SAINT-JEAN-BAPTISTE,Heptane,2004-04-09T00:00,0.474,µg/m³,VOC,
50103,MONTRÉAL-SAINT-JEAN-BAPTISTE,Heptane,2004-04-15T00:00,0.162,µg/m³,VOC,
50103,MONTRÉAL-SAINT-JEAN-BAPTISTE,Heptane,2004-04-21T00:00,0.141,µg/m³,VOC,
50103,MONTRÉAL-SAINT-JEAN-BAPTISTE,Heptane,2004-04-27T00:00,1.563,µg/m³,VOC,
50103,MONTRÉAL-SAINT-JEAN-BAPTISTE,Heptane,2004-05-09T00:00,0.386,µg/m³,VOC,
50103,MONTRÉAL-SAINT-JEAN-BAPTISTE,Heptane,2004-05-15T00:00,0.528,µg/m³,VOC,
50103,MONTRÉAL-SAINT-JEAN-BAPTISTE,Heptane,2004-05-21T00:00,0.736,µg/m³,VOC,
50103,MONTRÉAL-SAINT-JEAN-BAPTISTE,Heptane,2004-05-27T00:00,1.049,µg/m³,VOC,
50103,MONTRÉAL-SAINT-JEAN-BAPTISTE,Heptane,2004-06-08T00:00,1.600,µg/m³,VOC,
50103,MONTRÉAL-SAINT-JEAN-BAPTISTE,Heptane,2004-06-14T00:00,0.572,µg/m³,VOC,
50103,MONTRÉAL-SAINT-JEAN-BAPTISTE,Heptane,2004-06-20T00:00,0.945,µg/m³,VOC,
50103,MONTRÉAL-SAINT-JEAN-BAPTISTE,Heptane,2004-06-26T00:00,0.784,µg/m³,VOC,
50103,MONTRÉAL-SAINT-JEAN-BAPTISTE,Heptane,2004-07-02T00:00,0.636,µg/m³,VOC,
50103,MONTRÉAL-SAINT-JEAN-BAPTISTE,Heptane,2004-07-14T00:00,0.094,µg/m³,VOC,
50103,MONTRÉAL-SAINT-JEAN-BAPTISTE,Heptane,2004-07-20T00:00,0.879,µg/m³,VOC,
50103,MONTRÉAL-SAINT-JEAN-BAPTISTE,Heptane,2004-08-01T00:00,0.876,µg/m³,VOC,
50103,MONTRÉAL-SAINT-JEAN-BAPTISTE,Heptane,2004-08-07T00:00,0.165,µg/m³,VOC,
50103,MONTRÉAL-SAINT-JEAN-BAPTISTE,Heptane,2004-08-13T00:00,0.108,µg/m³,VOC,
50103,MONTRÉAL-SAINT-JEAN-BAPTISTE,Heptane,2004-08-19T00:00,1.130,µg/m³,VOC,
50103,MONTRÉAL-SAINT-JEAN-BAPTISTE,Heptane,2004-08-25T00:00,0.112,µg/m³,VOC,
50103,MONTRÉAL-SAINT-JEAN-BAPTISTE,Heptane,2004-08-31T00:00,1.048,µg/m³,VOC,
50103,MONTRÉAL-SAINT-JEAN-BAPTISTE,Heptane,2004-09-06T00:00,0.151,µg/m³,VOC,
50103,MONTRÉAL-SAINT-JEAN-BAPTISTE,Heptane,2004-09-12T00:00,0.611,µg/m³,VOC,
50103,MONTRÉAL-SAINT-JEAN-BAPTISTE,Heptane,2004-09-18T00:00,0.133,µg/m³,VOC,
50103,MONTRÉAL-SAINT-JEAN-BAPTISTE,Heptane,2004-09-24T00:00,0.897,µg/m³,VOC,
50103,MONTRÉAL-SAINT-JEAN-BAPTISTE,Heptane,2004-09-30T00:00,1.724,µg/m³,VOC,
50103,MONTRÉAL-SAINT-JEAN-BAPTISTE,Heptane,2004-10-06T00:00,0.988,µg/m³,VOC,
50103,MONTRÉAL-SAINT-JEAN-BAPTISTE,Heptane,2004-10-12T00:00,1.205,µg/m³,VOC,
50103,MONTRÉAL-SAINT-JEAN-BAPTISTE,Heptane,2004-10-18T00:00,2.392,µg/m³,VOC,
50103,MONTRÉAL-SAINT-JEAN-BAPTISTE,Heptane,2004-10-24T00:00,0.152,µg/m³,VOC,
50103,MONTRÉAL-SAINT-JEAN-BAPTISTE,Heptane,2004-10-30T00:00,0.309,µg/m³,VOC,
50103,MONTRÉAL-SAINT-JEAN-BAPTISTE,Heptane,2004-11-05T00:00,1.450,µg/m³,VOC,
50103,MONTRÉAL-SAINT-JEAN-BAPTISTE,Heptane,2004-11-11T00:00,0.697,µg/m³,VOC,
50103,MONTRÉAL-SAINT-JEAN-BAPTISTE,Heptane,2004-11-17T00:00,0.237,µg/m³,VOC,
50103,MONTRÉAL-SAINT-JEAN-BAPTISTE,Heptane,2004-11-23T00:00,1.107,µg/m³,VOC,
50103,MONTRÉAL-SAINT-JEAN-BAPTISTE,Heptane,2004-11-29T00:00,1.259,µg/m³,VOC,
50103,MONTRÉAL-SAINT-JEAN-BAPTISTE,Heptane,2004-12-05T00:00,0.994,µg/m³,VOC,
50103,MONTRÉAL-SAINT-JEAN-BAPTISTE,Heptane,2004-12-11T00:00,0.195,µg/m³,VOC,
50103,MONTRÉAL-SAINT-JEAN-BAPTISTE,Heptane,2004-12-17T00:00,1.518,µg/m³,VOC,
50103,MONTRÉAL-SAINT-JEAN-BAPTISTE,Heptane,2004-12-29T00:00,1.140,µg/m³,VOC,
