﻿NAPS_Site_ID,Station_Name,Pollutant,Date,Value,Units,Report_Type,Method
100112,DOWNTOWN VANCOUVER,"1,2,4-Trichlorobenzene",2009-01-01T00:00,0.005,µg/m³,VOC,N/A
100112,DOWNTOWN VANCOUVER,"1,2,4-Trichlorobenzene",2009-01-13T00:00,0.018,µg/m³,VOC,N/A
100112,DOWNTOWN VANCOUVER,"1,2,4-Trichlorobenzene",2009-01-25T00:00,0.009,µg/m³,VOC,N/A
100112,DOWNTOWN VANCOUVER,"1,2,4-Trichlorobenzene",2009-02-06T00:00,0.038,µg/m³,VOC,N/A
100112,DOWNTOWN VANCOUVER,"1,2,4-Trichlorobenzene",2009-02-18T00:00,0.017,µg/m³,VOC,N/A
100112,DOWNTOWN VANCOUVER,"1,2,4-Trichlorobenzene",2009-03-02T00:00,0.067,µg/m³,VOC,N/A
100112,DOWNTOWN VANCOUVER,"1,2,4-Trichlorobenzene",2009-03-14T00:00,0.009,µg/m³,VOC,N/A
100112,DOWNTOWN VANCOUVER,"1,2,4-Trichlorobenzene",2009-03-26T00:00,0.007,µg/m³,VOC,N/A
100112,DOWNTOWN VANCOUVER,"1,2,4-Trichlorobenzene",2009-04-07T00:00,0.014,µg/m³,VOC,N/A
100112,DOWNTOWN VANCOUVER,"1,2,4-Trichlorobenzene",2009-04-19T00:00,0.006,µg/m³,VOC,N/A
