﻿NAPS_Site_ID,Station_Name,Pollutant,Date,Value,Units,Report_Type,Method
100134,VANCOUVER INTL. AIRPORT,"2,3-Dimethylpentane",2015-01-17T19:00,0.071,µg/m³,VOC,
100134,VANCOUVER INTL. AIRPORT,"2,3-Dimethylpentane",2015-02-10T19:00,0.742,µg/m³,VOC,
100134,VANCOUVER INTL. AIRPORT,"2,3-Dimethylpentane",2015-03-06T19:00,0.781,µg/m³,VOC,
100134,VANCOUVER INTL. AIRPORT,"2,3-Dimethylpentane",2015-05-05T20:00,0.184,µg/m³,VOC,
100134,VANCOUVER INTL. AIRPORT,"2,3-Dimethylpentane",2015-05-17T20:00,0.182,µg/m³,VOC,
100134,VANCOUVER INTL. AIRPORT,"2,3-Dimethylpentane",2015-05-29T20:00,0.112,µg/m³,VOC,
100134,VANCOUVER INTL. AIRPORT,"2,3-Dimethylpentane",2015-06-10T20:00,0.138,µg/m³,VOC,
100134,VANCOUVER INTL. AIRPORT,"2,3-Dimethylpentane",2015-06-22T20:00,0.147,µg/m³,VOC,
100134,VANCOUVER INTL. AIRPORT,"2,3-Dimethylpentane",2015-07-04T20:00,0.121,µg/m³,VOC,
100134,VANCOUVER INTL. AIRPORT,"2,3-Dimethylpentane",2015-07-28T20:00,0.352,µg/m³,VOC,
100134,VANCOUVER INTL. AIRPORT,"2,3-Dimethylpentane",2015-08-09T20:00,0.358,µg/m³,VOC,
100134,VANCOUVER INTL. AIRPORT,"2,3-Dimethylpentane",2015-08-21T20:00,0.563,µg/m³,VOC,
100134,VANCOUVER INTL. AIRPORT,"2,3-Dimethylpentane",2015-09-02T20:00,0.195,µg/m³,VOC,
100134,VANCOUVER INTL. AIRPORT,"2,3-Dimethylpentane",2015-09-14T20:00,0.237,µg/m³,VOC,
100134,VANCOUVER INTL. AIRPORT,"2,3-Dimethylpentane",2015-09-26T20:00,0.274,µg/m³,VOC,
100134,VANCOUVER INTL. AIRPORT,"2,3-Dimethylpentane",2015-10-08T20:00,0.487,µg/m³,VOC,
100134,VANCOUVER INTL. AIRPORT,"2,3-Dimethylpentane",2015-11-01T19:00,0.177,µg/m³,VOC,
100134,VANCOUVER INTL. AIRPORT,"2,3-Dimethylpentane",2015-11-13T19:00,0.208,µg/m³,VOC,
100134,VANCOUVER INTL. AIRPORT,"2,3-Dimethylpentane",2015-11-25T19:00,1.467,µg/m³,VOC,
100134,VANCOUVER INTL. AIRPORT,"2,3-Dimethylpentane",2015-12-07T19:00,0.174,µg/m³,VOC,
