﻿NAPS_Site_ID,Station_Name,Pollutant,Date,Value,Units,Report_Type,Method
61901,WALPOLE ISLAND,Acetylene,1991-02-17T00:00,1.705,µg/m³,VOC,
61901,WALPOLE ISLAND,Acetylene,1991-02-23T00:00,0.996,µg/m³,VOC,
61901,WALPOLE ISLAND,Acetylene,1991-03-01T00:00,1.573,µg/m³,VOC,
61901,WALPOLE ISLAND,Acetylene,1991-03-07T00:00,0.995,µg/m³,VOC,
61901,WALPOLE ISLAND,Acetylene,1991-03-13T00:00,1.232,µg/m³,VOC,
61901,WALPOLE ISLAND,Acetylene,1991-03-19T00:00,1.244,µg/m³,VOC,
61901,WALPOLE ISLAND,Acetylene,1991-03-25T00:00,1.196,µg/m³,VOC,
61901,WALPOLE ISLAND,Acetylene,1991-03-31T00:00,1.176,µg/m³,VOC,
61901,WALPOLE ISLAND,Acetylene,1991-04-06T00:00,1.038,µg/m³,VOC,
61901,WALPOLE ISLAND,Acetylene,1991-04-12T00:00,0.950,µg/m³,VOC,
61901,WALPOLE ISLAND,Acetylene,1991-04-18T00:00,1.065,µg/m³,VOC,
61901,WALPOLE ISLAND,Acetylene,1991-04-24T00:00,0.922,µg/m³,VOC,
61901,WALPOLE ISLAND,Acetylene,1991-04-30T00:00,0.526,µg/m³,VOC,
61901,WALPOLE ISLAND,Acetylene,1991-05-06T00:00,0.733,µg/m³,VOC,
61901,WALPOLE ISLAND,Acetylene,1991-05-12T00:00,1.283,µg/m³,VOC,
61901,WALPOLE ISLAND,Acetylene,1991-05-18T00:00,0.186,µg/m³,VOC,
61901,WALPOLE ISLAND,Acetylene,1991-05-30T00:00,0.617,µg/m³,VOC,
61901,WALPOLE ISLAND,Acetylene,1991-06-23T00:00,0.210,µg/m³,VOC,
61901,WALPOLE ISLAND,Acetylene,1991-08-04T00:00,0.443,µg/m³,VOC,
61901,WALPOLE ISLAND,Acetylene,1991-08-10T00:00,0.282,µg/m³,VOC,
61901,WALPOLE ISLAND,Acetylene,1991-08-16T00:00,0.835,µg/m³,VOC,
61901,WALPOLE ISLAND,Acetylene,1991-08-28T00:00,0.601,µg/m³,VOC,
61901,WALPOLE ISLAND,Acetylene,1991-09-21T00:00,0.320,µg/m³,VOC,
61901,WALPOLE ISLAND,Acetylene,1991-09-27T00:00,0.297,µg/m³,VOC,
61901,WALPOLE ISLAND,Acetylene,1991-10-03T00:00,0.700,µg/m³,VOC,
61901,WALPOLE ISLAND,Acetylene,1991-10-09T00:00,0.601,µg/m³,VOC,
61901,WALPOLE ISLAND,Acetylene,1991-10-15T00:00,0.480,µg/m³,VOC,
61901,WALPOLE ISLAND,Acetylene,1991-11-20T00:00,0.836,µg/m³,VOC,
61901,WALPOLE ISLAND,Acetylene,1991-11-26T00:00,0.931,µg/m³,VOC,
61901,WALPOLE ISLAND,Acetylene,1991-12-02T00:00,0.726,µg/m³,VOC,
61901,WALPOLE ISLAND,Acetylene,1991-12-08T00:00,1.060,µg/m³,VOC,
61901,WALPOLE ISLAND,Acetylene,1991-12-14T00:00,0.987,µg/m³,VOC,
61901,WALPOLE ISLAND,Acetylene,1991-12-20T00:00,1.265,µg/m³,VOC,
