﻿NAPS_Site_ID,Station_Name,Pollutant,Date,Value,Units,Report_Type,Method
61004,CENTENNIAL PARK _SARNIA_,3-Methylheptane,2005-01-04T00:00,0.048,µg/m³,VOC,GC-MS
61004,CENTENNIAL PARK _SARNIA_,3-Methylheptane,2005-01-22T00:00,0.031,µg/m³,VOC,GC-MS
61004,CENTENNIAL PARK _SARNIA_,3-Methylheptane,2005-01-28T00:00,0.220,µg/m³,VOC,GC-MS
61004,CENTENNIAL PARK _SARNIA_,3-Methylheptane,2005-02-03T00:00,0.196,µg/m³,VOC,GC-MS
61004,CENTENNIAL PARK _SARNIA_,3-Methylheptane,2005-02-09T00:00,0.013,µg/m³,VOC,GC-MS
61004,CENTENNIAL PARK _SARNIA_,3-Methylheptane,2005-02-15T00:00,0.139,µg/m³,VOC,GC-MS
61004,CENTENNIAL PARK _SARNIA_,3-Methylheptane,2005-02-27T00:00,0.087,µg/m³,VOC,GC-MS
61004,CENTENNIAL PARK _SARNIA_,3-Methylheptane,2005-03-05T00:00,0.116,µg/m³,VOC,GC-MS
61004,CENTENNIAL PARK _SARNIA_,3-Methylheptane,2005-03-11T00:00,0.058,µg/m³,VOC,GC-MS
61004,CENTENNIAL PARK _SARNIA_,3-Methylheptane,2005-03-17T00:00,0.087,µg/m³,VOC,GC-MS
61004,CENTENNIAL PARK _SARNIA_,3-Methylheptane,2005-03-23T00:00,0.054,µg/m³,VOC,GC-MS
61004,CENTENNIAL PARK _SARNIA_,3-Methylheptane,2005-03-29T00:00,0.166,µg/m³,VOC,GC-MS
61004,CENTENNIAL PARK _SARNIA_,3-Methylheptane,2005-04-22T00:00,0.064,µg/m³,VOC,GC-MS
61004,CENTENNIAL PARK _SARNIA_,3-Methylheptane,2005-04-28T00:00,0.055,µg/m³,VOC,GC-MS
61004,CENTENNIAL PARK _SARNIA_,3-Methylheptane,2005-07-15T00:00,0.081,µg/m³,VOC,GC-MS
61004,CENTENNIAL PARK _SARNIA_,3-Methylheptane,2005-07-21T00:00,0.051,µg/m³,VOC,GC-MS
61004,CENTENNIAL PARK _SARNIA_,3-Methylheptane,2005-07-27T00:00,0.017,µg/m³,VOC,GC-MS
61004,CENTENNIAL PARK _SARNIA_,3-Methylheptane,2005-08-02T00:00,0.115,µg/m³,VOC,GC-MS
61004,CENTENNIAL PARK _SARNIA_,3-Methylheptane,2005-08-20T00:00,0.190,µg/m³,VOC,GC-MS
61004,CENTENNIAL PARK _SARNIA_,3-Methylheptane,2005-08-26T00:00,0.096,µg/m³,VOC,GC-MS
61004,CENTENNIAL PARK _SARNIA_,3-Methylheptane,2005-09-01T00:00,0.113,µg/m³,VOC,GC-MS
61004,CENTENNIAL PARK _SARNIA_,3-Methylheptane,2005-09-07T00:00,0.186,µg/m³,VOC,GC-MS
61004,CENTENNIAL PARK _SARNIA_,3-Methylheptane,2005-09-19T00:00,0.302,µg/m³,VOC,GC-MS
61004,CENTENNIAL PARK _SARNIA_,3-Methylheptane,2005-09-25T00:00,0.044,µg/m³,VOC,GC-MS
61004,CENTENNIAL PARK _SARNIA_,3-Methylheptane,2005-10-01T00:00,0.235,µg/m³,VOC,GC-MS
61004,CENTENNIAL PARK _SARNIA_,3-Methylheptane,2005-10-07T00:00,0.011,µg/m³,VOC,GC-MS
61004,CENTENNIAL PARK _SARNIA_,3-Methylheptane,2005-10-19T00:00,0.236,µg/m³,VOC,GC-MS
61004,CENTENNIAL PARK _SARNIA_,3-Methylheptane,2005-10-25T00:00,0.013,µg/m³,VOC,GC-MS
61004,CENTENNIAL PARK _SARNIA_,3-Methylheptane,2005-10-31T00:00,0.118,µg/m³,VOC,GC-MS
61004,CENTENNIAL PARK _SARNIA_,3-Methylheptane,2005-11-06T00:00,0.049,µg/m³,VOC,GC-MS
61004,CENTENNIAL PARK _SARNIA_,3-Methylheptane,2005-11-12T00:00,0.150,µg/m³,VOC,GC-MS
61004,CENTENNIAL PARK _SARNIA_,3-Methylheptane,2005-11-18T00:00,0.080,µg/m³,VOC,GC-MS
61004,CENTENNIAL PARK _SARNIA_,3-Methylheptane,2005-11-24T00:00,0.076,µg/m³,VOC,GC-MS
61004,CENTENNIAL PARK _SARNIA_,3-Methylheptane,2005-11-30T00:00,0.021,µg/m³,VOC,GC-MS
61004,CENTENNIAL PARK _SARNIA_,3-Methylheptane,2005-12-06T00:00,0.170,µg/m³,VOC,GC-MS
61004,CENTENNIAL PARK _SARNIA_,3-Methylheptane,2005-12-12T00:00,0.064,µg/m³,VOC,GC-MS
61004,CENTENNIAL PARK _SARNIA_,3-Methylheptane,2005-12-18T00:00,0.037,µg/m³,VOC,GC-MS
61004,CENTENNIAL PARK _SARNIA_,3-Methylheptane,2005-12-24T00:00,0.288,µg/m³,VOC,GC-MS
61004,CENTENNIAL PARK _SARNIA_,3-Methylheptane,2005-12-24T00:00,0.288,µg/m³,VOC,GC-MS
61004,CENTENNIAL PARK _SARNIA_,3-Methylheptane,2005-12-30T00:00,0.037,µg/m³,VOC,GC-MS
61004,CENTENNIAL PARK _SARNIA_,3-Methylheptane,2005-12-30T00:00,0.037,µg/m³,VOC,GC-MS
