﻿NAPS_Site_ID,Station_Name,Pollutant,Date,Value,Units,Report_Type,Method
40501,PT LEPREAU - CHARLOTTE COUNTY,Methylcyclopentane,2000-09-21T00:00,0.065,µg/m³,VOC,GC-MS
40501,PT LEPREAU - CHARLOTTE COUNTY,Methylcyclopentane,2000-09-24T00:00,0.078,µg/m³,VOC,GC-MS
40501,PT LEPREAU - CHARLOTTE COUNTY,Methylcyclopentane,2000-09-27T00:00,0.060,µg/m³,VOC,GC-MS
40501,PT LEPREAU - CHARLOTTE COUNTY,Methylcyclopentane,2000-09-30T00:00,0.084,µg/m³,VOC,GC-MS
40501,PT LEPREAU - CHARLOTTE COUNTY,Methylcyclopentane,2000-10-03T00:00,0.054,µg/m³,VOC,GC-MS
40501,PT LEPREAU - CHARLOTTE COUNTY,Methylcyclopentane,2000-10-06T00:00,0.041,µg/m³,VOC,GC-MS
40501,PT LEPREAU - CHARLOTTE COUNTY,Methylcyclopentane,2000-10-09T00:00,0.048,µg/m³,VOC,GC-MS
40501,PT LEPREAU - CHARLOTTE COUNTY,Methylcyclopentane,2000-10-12T00:00,0.102,µg/m³,VOC,GC-MS
40501,PT LEPREAU - CHARLOTTE COUNTY,Methylcyclopentane,2000-10-15T00:00,0.032,µg/m³,VOC,GC-MS
40501,PT LEPREAU - CHARLOTTE COUNTY,Methylcyclopentane,2000-10-18T00:00,0.047,µg/m³,VOC,GC-MS
40501,PT LEPREAU - CHARLOTTE COUNTY,Methylcyclopentane,2000-10-21T00:00,0.196,µg/m³,VOC,GC-MS
40501,PT LEPREAU - CHARLOTTE COUNTY,Methylcyclopentane,2000-10-24T00:00,0.230,µg/m³,VOC,GC-MS
40501,PT LEPREAU - CHARLOTTE COUNTY,Methylcyclopentane,2000-10-27T00:00,0.071,µg/m³,VOC,GC-MS
40501,PT LEPREAU - CHARLOTTE COUNTY,Methylcyclopentane,2000-10-30T00:00,0.044,µg/m³,VOC,GC-MS
40501,PT LEPREAU - CHARLOTTE COUNTY,Methylcyclopentane,2000-11-02T00:00,0.024,µg/m³,VOC,GC-MS
40501,PT LEPREAU - CHARLOTTE COUNTY,Methylcyclopentane,2000-11-05T00:00,0.024,µg/m³,VOC,GC-MS
40501,PT LEPREAU - CHARLOTTE COUNTY,Methylcyclopentane,2000-11-08T00:00,0.007,µg/m³,VOC,GC-MS
40501,PT LEPREAU - CHARLOTTE COUNTY,Methylcyclopentane,2000-11-11T00:00,0.009,µg/m³,VOC,GC-MS
40501,PT LEPREAU - CHARLOTTE COUNTY,Methylcyclopentane,2000-11-14T00:00,0.012,µg/m³,VOC,GC-MS
40501,PT LEPREAU - CHARLOTTE COUNTY,Methylcyclopentane,2000-11-17T00:00,0.061,µg/m³,VOC,GC-MS
40501,PT LEPREAU - CHARLOTTE COUNTY,Methylcyclopentane,2000-11-20T00:00,0.013,µg/m³,VOC,GC-MS
40501,PT LEPREAU - CHARLOTTE COUNTY,Methylcyclopentane,2000-11-23T00:00,0.011,µg/m³,VOC,GC-MS
40501,PT LEPREAU - CHARLOTTE COUNTY,Methylcyclopentane,2000-11-26T00:00,0.011,µg/m³,VOC,GC-MS
40501,PT LEPREAU - CHARLOTTE COUNTY,Methylcyclopentane,2000-11-29T00:00,0.026,µg/m³,VOC,GC-MS
40501,PT LEPREAU - CHARLOTTE COUNTY,Methylcyclopentane,2000-12-02T00:00,0.011,µg/m³,VOC,GC-MS
40501,PT LEPREAU - CHARLOTTE COUNTY,Methylcyclopentane,2000-12-05T00:00,0.015,µg/m³,VOC,GC-MS
40501,PT LEPREAU - CHARLOTTE COUNTY,Methylcyclopentane,2000-12-29T00:00,0.016,µg/m³,VOC,GC-MS
