﻿NAPS_Site_ID,Station_Name,Pollutant,Date,Value,Units,Report_Type,Method
64601,PT. PETRE,Freon 11,2004-01-04T00:00,1.870,µg/m³,VOC,
64601,PT. PETRE,Freon 11,2004-01-10T00:00,1.923,µg/m³,VOC,
64601,PT. PETRE,Freon 11,2004-01-16T00:00,1.953,µg/m³,VOC,
64601,PT. PETRE,Freon 11,2004-01-22T00:00,1.970,µg/m³,VOC,
64601,PT. PETRE,Freon 11,2004-01-28T00:00,1.909,µg/m³,VOC,
64601,PT. PETRE,Freon 11,2004-02-03T00:00,2.031,µg/m³,VOC,
64601,PT. PETRE,Freon 11,2004-02-09T00:00,1.953,µg/m³,VOC,
64601,PT. PETRE,Freon 11,2004-02-21T00:00,1.940,µg/m³,VOC,
64601,PT. PETRE,Freon 11,2004-02-27T00:00,1.883,µg/m³,VOC,
64601,PT. PETRE,Freon 11,2004-03-04T00:00,1.988,µg/m³,VOC,
64601,PT. PETRE,Freon 11,2004-03-10T00:00,1.894,µg/m³,VOC,
64601,PT. PETRE,Freon 11,2004-03-16T00:00,1.801,µg/m³,VOC,
64601,PT. PETRE,Freon 11,2004-03-22T00:00,1.929,µg/m³,VOC,
64601,PT. PETRE,Freon 11,2004-03-28T00:00,1.581,µg/m³,VOC,
64601,PT. PETRE,Freon 11,2004-04-03T00:00,1.574,µg/m³,VOC,
64601,PT. PETRE,Freon 11,2004-04-03T00:00,1.600,µg/m³,VOC,
64601,PT. PETRE,Freon 11,2004-04-06T00:00,1.620,µg/m³,VOC,
64601,PT. PETRE,Freon 11,2004-04-09T00:00,1.580,µg/m³,VOC,
64601,PT. PETRE,Freon 11,2004-04-12T00:00,1.528,µg/m³,VOC,
64601,PT. PETRE,Freon 11,2004-04-15T00:00,1.548,µg/m³,VOC,
64601,PT. PETRE,Freon 11,2004-04-21T00:00,1.580,µg/m³,VOC,
64601,PT. PETRE,Freon 11,2004-04-24T00:00,1.690,µg/m³,VOC,
64601,PT. PETRE,Freon 11,2004-04-27T00:00,1.633,µg/m³,VOC,
64601,PT. PETRE,Freon 11,2004-04-30T00:00,1.673,µg/m³,VOC,
64601,PT. PETRE,Freon 11,2004-05-03T00:00,1.683,µg/m³,VOC,
64601,PT. PETRE,Freon 11,2004-05-06T00:00,1.669,µg/m³,VOC,
64601,PT. PETRE,Freon 11,2004-05-09T00:00,1.725,µg/m³,VOC,
64601,PT. PETRE,Freon 11,2004-05-12T00:00,1.852,µg/m³,VOC,
64601,PT. PETRE,Freon 11,2004-05-15T00:00,1.784,µg/m³,VOC,
64601,PT. PETRE,Freon 11,2004-05-18T00:00,1.841,µg/m³,VOC,
64601,PT. PETRE,Freon 11,2004-05-21T00:00,1.759,µg/m³,VOC,
64601,PT. PETRE,Freon 11,2004-05-24T00:00,1.828,µg/m³,VOC,
64601,PT. PETRE,Freon 11,2004-05-27T00:00,1.740,µg/m³,VOC,
64601,PT. PETRE,Freon 11,2004-05-30T00:00,1.732,µg/m³,VOC,
64601,PT. PETRE,Freon 11,2004-06-02T00:00,1.751,µg/m³,VOC,
64601,PT. PETRE,Freon 11,2004-06-05T00:00,1.802,µg/m³,VOC,
64601,PT. PETRE,Freon 11,2004-06-08T00:00,1.804,µg/m³,VOC,
64601,PT. PETRE,Freon 11,2004-06-11T00:00,1.626,µg/m³,VOC,
64601,PT. PETRE,Freon 11,2004-06-14T00:00,1.743,µg/m³,VOC,
64601,PT. PETRE,Freon 11,2004-06-17T00:00,1.741,µg/m³,VOC,
64601,PT. PETRE,Freon 11,2004-06-20T00:00,1.570,µg/m³,VOC,
64601,PT. PETRE,Freon 11,2004-06-23T00:00,1.536,µg/m³,VOC,
64601,PT. PETRE,Freon 11,2004-06-26T00:00,1.578,µg/m³,VOC,
64601,PT. PETRE,Freon 11,2004-06-29T00:00,1.546,µg/m³,VOC,
64601,PT. PETRE,Freon 11,2004-07-02T00:00,1.468,µg/m³,VOC,
64601,PT. PETRE,Freon 11,2004-07-05T00:00,1.531,µg/m³,VOC,
64601,PT. PETRE,Freon 11,2004-07-08T00:00,1.560,µg/m³,VOC,
64601,PT. PETRE,Freon 11,2004-07-11T00:00,1.531,µg/m³,VOC,
64601,PT. PETRE,Freon 11,2004-07-14T00:00,1.569,µg/m³,VOC,
64601,PT. PETRE,Freon 11,2004-07-17T00:00,1.541,µg/m³,VOC,
64601,PT. PETRE,Freon 11,2004-07-20T00:00,1.716,µg/m³,VOC,
64601,PT. PETRE,Freon 11,2004-07-23T00:00,1.668,µg/m³,VOC,
64601,PT. PETRE,Freon 11,2004-07-26T00:00,1.684,µg/m³,VOC,
64601,PT. PETRE,Freon 11,2004-07-29T00:00,1.661,µg/m³,VOC,
64601,PT. PETRE,Freon 11,2004-08-01T00:00,1.647,µg/m³,VOC,
64601,PT. PETRE,Freon 11,2004-08-04T00:00,1.635,µg/m³,VOC,
64601,PT. PETRE,Freon 11,2004-08-07T00:00,1.798,µg/m³,VOC,
64601,PT. PETRE,Freon 11,2004-08-10T00:00,1.800,µg/m³,VOC,
64601,PT. PETRE,Freon 11,2004-08-13T00:00,1.779,µg/m³,VOC,
64601,PT. PETRE,Freon 11,2004-08-16T00:00,1.808,µg/m³,VOC,
64601,PT. PETRE,Freon 11,2004-09-03T00:00,2.017,µg/m³,VOC,
64601,PT. PETRE,Freon 11,2004-09-06T00:00,1.835,µg/m³,VOC,
64601,PT. PETRE,Freon 11,2004-09-09T00:00,1.839,µg/m³,VOC,
64601,PT. PETRE,Freon 11,2004-09-12T00:00,1.859,µg/m³,VOC,
64601,PT. PETRE,Freon 11,2004-09-15T00:00,1.976,µg/m³,VOC,
64601,PT. PETRE,Freon 11,2004-09-18T00:00,1.986,µg/m³,VOC,
64601,PT. PETRE,Freon 11,2004-09-21T00:00,1.962,µg/m³,VOC,
64601,PT. PETRE,Freon 11,2004-09-24T00:00,2.004,µg/m³,VOC,
64601,PT. PETRE,Freon 11,2004-09-27T00:00,1.972,µg/m³,VOC,
64601,PT. PETRE,Freon 11,2004-09-30T00:00,1.990,µg/m³,VOC,
64601,PT. PETRE,Freon 11,2004-10-03T00:00,1.633,µg/m³,VOC,
64601,PT. PETRE,Freon 11,2004-10-06T00:00,1.633,µg/m³,VOC,
64601,PT. PETRE,Freon 11,2004-10-09T00:00,1.678,µg/m³,VOC,
64601,PT. PETRE,Freon 11,2004-10-12T00:00,1.621,µg/m³,VOC,
64601,PT. PETRE,Freon 11,2004-10-15T00:00,1.703,µg/m³,VOC,
64601,PT. PETRE,Freon 11,2004-10-18T00:00,1.658,µg/m³,VOC,
64601,PT. PETRE,Freon 11,2004-10-21T00:00,1.571,µg/m³,VOC,
64601,PT. PETRE,Freon 11,2004-10-24T00:00,1.609,µg/m³,VOC,
64601,PT. PETRE,Freon 11,2004-10-27T00:00,2.167,µg/m³,VOC,
64601,PT. PETRE,Freon 11,2004-10-30T00:00,1.650,µg/m³,VOC,
64601,PT. PETRE,Freon 11,2004-11-02T00:00,1.639,µg/m³,VOC,
64601,PT. PETRE,Freon 11,2004-11-05T00:00,1.690,µg/m³,VOC,
64601,PT. PETRE,Freon 11,2004-11-08T00:00,1.673,µg/m³,VOC,
64601,PT. PETRE,Freon 11,2004-11-14T00:00,1.694,µg/m³,VOC,
64601,PT. PETRE,Freon 11,2004-11-17T00:00,1.707,µg/m³,VOC,
64601,PT. PETRE,Freon 11,2004-11-20T00:00,1.677,µg/m³,VOC,
64601,PT. PETRE,Freon 11,2004-11-23T00:00,1.715,µg/m³,VOC,
64601,PT. PETRE,Freon 11,2004-11-26T00:00,1.634,µg/m³,VOC,
64601,PT. PETRE,Freon 11,2004-11-29T00:00,1.685,µg/m³,VOC,
64601,PT. PETRE,Freon 11,2004-12-02T00:00,1.636,µg/m³,VOC,
64601,PT. PETRE,Freon 11,2004-12-05T00:00,1.627,µg/m³,VOC,
64601,PT. PETRE,Freon 11,2004-12-08T00:00,1.631,µg/m³,VOC,
64601,PT. PETRE,Freon 11,2004-12-11T00:00,1.649,µg/m³,VOC,
64601,PT. PETRE,Freon 11,2004-12-14T00:00,1.687,µg/m³,VOC,
64601,PT. PETRE,Freon 11,2004-12-17T00:00,1.626,µg/m³,VOC,
64601,PT. PETRE,Freon 11,2004-12-20T00:00,1.668,µg/m³,VOC,
64601,PT. PETRE,Freon 11,2004-12-23T00:00,1.657,µg/m³,VOC,
64601,PT. PETRE,Freon 11,2004-12-26T00:00,1.636,µg/m³,VOC,
64601,PT. PETRE,Freon 11,2004-12-29T00:00,1.634,µg/m³,VOC,
