﻿NAPS_Site_ID,Station_Name,Pollutant,Date,Value,Units,Report_Type,Method
100112,DOWNTOWN VANCOUVER,Propylene,1996-02-03T00:00,3.898,µg/m³,VOC,N/A
100112,DOWNTOWN VANCOUVER,Propylene,1996-03-10T00:00,3.369,µg/m³,VOC,N/A
100112,DOWNTOWN VANCOUVER,Propylene,1996-04-15T00:00,3.541,µg/m³,VOC,N/A
100112,DOWNTOWN VANCOUVER,Propylene,1996-05-21T00:00,1.583,µg/m³,VOC,N/A
100112,DOWNTOWN VANCOUVER,Propylene,1996-06-26T00:00,2.364,µg/m³,VOC,N/A
100112,DOWNTOWN VANCOUVER,Propylene,1996-08-07T00:00,2.562,µg/m³,VOC,N/A
100112,DOWNTOWN VANCOUVER,Propylene,1996-09-18T00:00,2.772,µg/m³,VOC,N/A
100112,DOWNTOWN VANCOUVER,Propylene,1996-10-24T00:00,4.832,µg/m³,VOC,N/A
