﻿NAPS_Site_ID,Station_Name,Pollutant,Date,Value,Units,Report_Type,Method
60211,WINDSOR WEST,Bromine,2005-01-01T00:00,0.000,µg/m³,DICHOT,EDXRF
60211,WINDSOR WEST,Bromine,2005-01-01T00:00,0.001,µg/m³,DICHOT,EDXRF
60211,WINDSOR WEST,Bromine,2005-01-04T00:00,0.000,µg/m³,DICHOT,EDXRF
60211,WINDSOR WEST,Bromine,2005-01-04T00:00,0.001,µg/m³,DICHOT,EDXRF
60211,WINDSOR WEST,Bromine,2005-01-07T00:00,0.000,µg/m³,DICHOT,EDXRF
60211,WINDSOR WEST,Bromine,2005-01-07T00:00,0.003,µg/m³,DICHOT,EDXRF
60211,WINDSOR WEST,Bromine,2005-01-10T00:00,0.000,µg/m³,DICHOT,EDXRF
60211,WINDSOR WEST,Bromine,2005-01-10T00:00,0.001,µg/m³,DICHOT,EDXRF
60211,WINDSOR WEST,Bromine,2005-01-13T00:00,0.001,µg/m³,DICHOT,EDXRF
60211,WINDSOR WEST,Bromine,2005-01-13T00:00,0.002,µg/m³,DICHOT,EDXRF
60211,WINDSOR WEST,Bromine,2005-01-16T00:00,0.000,µg/m³,DICHOT,EDXRF
60211,WINDSOR WEST,Bromine,2005-01-16T00:00,0.003,µg/m³,DICHOT,EDXRF
60211,WINDSOR WEST,Bromine,2005-01-19T00:00,0.000,µg/m³,DICHOT,EDXRF
60211,WINDSOR WEST,Bromine,2005-01-19T00:00,0.003,µg/m³,DICHOT,EDXRF
60211,WINDSOR WEST,Bromine,2005-01-22T00:00,0.001,µg/m³,DICHOT,EDXRF
60211,WINDSOR WEST,Bromine,2005-01-22T00:00,0.002,µg/m³,DICHOT,EDXRF
60211,WINDSOR WEST,Bromine,2005-01-25T00:00,0.000,µg/m³,DICHOT,EDXRF
60211,WINDSOR WEST,Bromine,2005-01-25T00:00,0.003,µg/m³,DICHOT,EDXRF
60211,WINDSOR WEST,Bromine,2005-01-28T00:00,0.000,µg/m³,DICHOT,EDXRF
60211,WINDSOR WEST,Bromine,2005-01-28T00:00,0.004,µg/m³,DICHOT,EDXRF
60211,WINDSOR WEST,Bromine,2005-01-31T00:00,0.001,µg/m³,DICHOT,EDXRF
60211,WINDSOR WEST,Bromine,2005-01-31T00:00,0.004,µg/m³,DICHOT,EDXRF
60211,WINDSOR WEST,Bromine,2005-02-06T00:00,0.000,µg/m³,DICHOT,EDXRF
60211,WINDSOR WEST,Bromine,2005-02-06T00:00,0.010,µg/m³,DICHOT,EDXRF
60211,WINDSOR WEST,Bromine,2005-02-12T00:00,0.000,µg/m³,DICHOT,EDXRF
60211,WINDSOR WEST,Bromine,2005-02-12T00:00,0.002,µg/m³,DICHOT,EDXRF
