﻿NAPS_Site_ID,Station_Name,Pollutant,Date,Value,Units,Report_Type,Method
63201,HWY 47 & HWY 48 _YORK_REGION_,trans-4-Methyl-2-Pentene,2003-01-03T00:00,0.000,µg/m³,VOC,
63201,HWY 47 & HWY 48 _YORK_REGION_,trans-4-Methyl-2-Pentene,2003-01-09T00:00,0.030,µg/m³,VOC,
63201,HWY 47 & HWY 48 _YORK_REGION_,trans-4-Methyl-2-Pentene,2003-01-15T00:00,0.000,µg/m³,VOC,
63201,HWY 47 & HWY 48 _YORK_REGION_,trans-4-Methyl-2-Pentene,2003-01-21T00:00,0.000,µg/m³,VOC,
63201,HWY 47 & HWY 48 _YORK_REGION_,trans-4-Methyl-2-Pentene,2003-01-27T00:00,0.000,µg/m³,VOC,
63201,HWY 47 & HWY 48 _YORK_REGION_,trans-4-Methyl-2-Pentene,2003-02-02T00:00,0.000,µg/m³,VOC,
63201,HWY 47 & HWY 48 _YORK_REGION_,trans-4-Methyl-2-Pentene,2003-02-08T00:00,0.000,µg/m³,VOC,
63201,HWY 47 & HWY 48 _YORK_REGION_,trans-4-Methyl-2-Pentene,2003-02-14T00:00,0.000,µg/m³,VOC,
63201,HWY 47 & HWY 48 _YORK_REGION_,trans-4-Methyl-2-Pentene,2003-02-20T00:00,0.000,µg/m³,VOC,
63201,HWY 47 & HWY 48 _YORK_REGION_,trans-4-Methyl-2-Pentene,2003-02-26T00:00,0.008,µg/m³,VOC,
63201,HWY 47 & HWY 48 _YORK_REGION_,trans-4-Methyl-2-Pentene,2003-03-04T00:00,0.002,µg/m³,VOC,
63201,HWY 47 & HWY 48 _YORK_REGION_,trans-4-Methyl-2-Pentene,2003-03-10T00:00,0.000,µg/m³,VOC,
63201,HWY 47 & HWY 48 _YORK_REGION_,trans-4-Methyl-2-Pentene,2003-03-16T00:00,0.000,µg/m³,VOC,
63201,HWY 47 & HWY 48 _YORK_REGION_,trans-4-Methyl-2-Pentene,2003-03-22T00:00,0.000,µg/m³,VOC,
63201,HWY 47 & HWY 48 _YORK_REGION_,trans-4-Methyl-2-Pentene,2003-03-28T00:00,0.000,µg/m³,VOC,
63201,HWY 47 & HWY 48 _YORK_REGION_,trans-4-Methyl-2-Pentene,2003-04-03T00:00,0.000,µg/m³,VOC,
63201,HWY 47 & HWY 48 _YORK_REGION_,trans-4-Methyl-2-Pentene,2003-06-14T00:00,0.001,µg/m³,VOC,
63201,HWY 47 & HWY 48 _YORK_REGION_,trans-4-Methyl-2-Pentene,2003-06-26T00:00,0.004,µg/m³,VOC,
63201,HWY 47 & HWY 48 _YORK_REGION_,trans-4-Methyl-2-Pentene,2003-07-08T00:00,0.000,µg/m³,VOC,
63201,HWY 47 & HWY 48 _YORK_REGION_,trans-4-Methyl-2-Pentene,2003-07-14T00:00,0.040,µg/m³,VOC,
63201,HWY 47 & HWY 48 _YORK_REGION_,trans-4-Methyl-2-Pentene,2003-07-20T00:00,0.000,µg/m³,VOC,
63201,HWY 47 & HWY 48 _YORK_REGION_,trans-4-Methyl-2-Pentene,2003-07-26T00:00,0.000,µg/m³,VOC,
63201,HWY 47 & HWY 48 _YORK_REGION_,trans-4-Methyl-2-Pentene,2003-08-01T00:00,0.011,µg/m³,VOC,
63201,HWY 47 & HWY 48 _YORK_REGION_,trans-4-Methyl-2-Pentene,2003-08-07T00:00,0.000,µg/m³,VOC,
63201,HWY 47 & HWY 48 _YORK_REGION_,trans-4-Methyl-2-Pentene,2003-08-13T00:00,0.000,µg/m³,VOC,
63201,HWY 47 & HWY 48 _YORK_REGION_,trans-4-Methyl-2-Pentene,2003-08-19T00:00,0.000,µg/m³,VOC,
63201,HWY 47 & HWY 48 _YORK_REGION_,trans-4-Methyl-2-Pentene,2003-08-25T00:00,0.000,µg/m³,VOC,
63201,HWY 47 & HWY 48 _YORK_REGION_,trans-4-Methyl-2-Pentene,2003-08-31T00:00,0.000,µg/m³,VOC,
63201,HWY 47 & HWY 48 _YORK_REGION_,trans-4-Methyl-2-Pentene,2003-09-06T00:00,0.000,µg/m³,VOC,
63201,HWY 47 & HWY 48 _YORK_REGION_,trans-4-Methyl-2-Pentene,2003-09-12T00:00,0.000,µg/m³,VOC,
63201,HWY 47 & HWY 48 _YORK_REGION_,trans-4-Methyl-2-Pentene,2003-09-18T00:00,0.000,µg/m³,VOC,
63201,HWY 47 & HWY 48 _YORK_REGION_,trans-4-Methyl-2-Pentene,2003-09-24T00:00,0.000,µg/m³,VOC,
63201,HWY 47 & HWY 48 _YORK_REGION_,trans-4-Methyl-2-Pentene,2003-09-30T00:00,0.000,µg/m³,VOC,
63201,HWY 47 & HWY 48 _YORK_REGION_,trans-4-Methyl-2-Pentene,2003-10-06T00:00,0.008,µg/m³,VOC,
63201,HWY 47 & HWY 48 _YORK_REGION_,trans-4-Methyl-2-Pentene,2003-10-12T00:00,0.008,µg/m³,VOC,
63201,HWY 47 & HWY 48 _YORK_REGION_,trans-4-Methyl-2-Pentene,2003-10-18T00:00,0.003,µg/m³,VOC,
63201,HWY 47 & HWY 48 _YORK_REGION_,trans-4-Methyl-2-Pentene,2003-10-24T00:00,0.000,µg/m³,VOC,
63201,HWY 47 & HWY 48 _YORK_REGION_,trans-4-Methyl-2-Pentene,2003-10-30T00:00,0.000,µg/m³,VOC,
63201,HWY 47 & HWY 48 _YORK_REGION_,trans-4-Methyl-2-Pentene,2003-11-05T00:00,0.000,µg/m³,VOC,
63201,HWY 47 & HWY 48 _YORK_REGION_,trans-4-Methyl-2-Pentene,2003-11-11T00:00,0.000,µg/m³,VOC,
63201,HWY 47 & HWY 48 _YORK_REGION_,trans-4-Methyl-2-Pentene,2003-11-17T00:00,0.000,µg/m³,VOC,
63201,HWY 47 & HWY 48 _YORK_REGION_,trans-4-Methyl-2-Pentene,2003-11-23T00:00,0.000,µg/m³,VOC,
63201,HWY 47 & HWY 48 _YORK_REGION_,trans-4-Methyl-2-Pentene,2003-11-29T00:00,0.000,µg/m³,VOC,
63201,HWY 47 & HWY 48 _YORK_REGION_,trans-4-Methyl-2-Pentene,2003-12-05T00:00,0.000,µg/m³,VOC,
63201,HWY 47 & HWY 48 _YORK_REGION_,trans-4-Methyl-2-Pentene,2003-12-11T00:00,0.000,µg/m³,VOC,
63201,HWY 47 & HWY 48 _YORK_REGION_,trans-4-Methyl-2-Pentene,2003-12-17T00:00,0.000,µg/m³,VOC,
63201,HWY 47 & HWY 48 _YORK_REGION_,trans-4-Methyl-2-Pentene,2003-12-23T00:00,0.000,µg/m³,VOC,
