﻿NAPS_Site_ID,Station_Name,Pollutant,Date,Value,Units,Report_Type,Method
100134,VANCOUVER INTL. AIRPORT,trans-2-Heptene,2004-01-22T00:00,0.019,µg/m³,VOC,GC-MS
100134,VANCOUVER INTL. AIRPORT,trans-2-Heptene,2004-02-09T00:00,0.012,µg/m³,VOC,GC-MS
100134,VANCOUVER INTL. AIRPORT,trans-2-Heptene,2004-02-27T00:00,0.015,µg/m³,VOC,GC-MS
100134,VANCOUVER INTL. AIRPORT,trans-2-Heptene,2004-03-16T00:00,0.000,µg/m³,VOC,GC-MS
100134,VANCOUVER INTL. AIRPORT,trans-2-Heptene,2004-04-03T00:00,0.020,µg/m³,VOC,GC-MS
100134,VANCOUVER INTL. AIRPORT,trans-2-Heptene,2004-04-21T00:00,0.004,µg/m³,VOC,GC-MS
100134,VANCOUVER INTL. AIRPORT,trans-2-Heptene,2004-05-09T00:00,0.004,µg/m³,VOC,GC-MS
100134,VANCOUVER INTL. AIRPORT,trans-2-Heptene,2004-05-27T00:00,0.006,µg/m³,VOC,GC-MS
100134,VANCOUVER INTL. AIRPORT,trans-2-Heptene,2004-06-14T00:00,0.000,µg/m³,VOC,GC-MS
100134,VANCOUVER INTL. AIRPORT,trans-2-Heptene,2004-07-02T00:00,0.000,µg/m³,VOC,GC-MS
100134,VANCOUVER INTL. AIRPORT,trans-2-Heptene,2004-07-20T00:00,0.000,µg/m³,VOC,GC-MS
100134,VANCOUVER INTL. AIRPORT,trans-2-Heptene,2004-08-13T00:00,0.004,µg/m³,VOC,GC-MS
100134,VANCOUVER INTL. AIRPORT,trans-2-Heptene,2004-09-18T00:00,0.005,µg/m³,VOC,GC-MS
100134,VANCOUVER INTL. AIRPORT,trans-2-Heptene,2004-10-06T00:00,0.009,µg/m³,VOC,GC-MS
100134,VANCOUVER INTL. AIRPORT,trans-2-Heptene,2004-10-24T00:00,0.010,µg/m³,VOC,GC-MS
100134,VANCOUVER INTL. AIRPORT,trans-2-Heptene,2004-11-11T00:00,0.022,µg/m³,VOC,GC-MS
100134,VANCOUVER INTL. AIRPORT,trans-2-Heptene,2004-11-29T00:00,0.012,µg/m³,VOC,GC-MS
100134,VANCOUVER INTL. AIRPORT,trans-2-Heptene,2004-12-23T00:00,0.044,µg/m³,VOC,GC-MS
