﻿NAPS_Site_ID,Station_Name,Pollutant,Date,Value,Units,Report_Type,Method
100137,BURNABY NORTH,Styrene,2012-01-04T00:00,0.041,µg/m³,VOC,
100137,BURNABY NORTH,Styrene,2012-01-16T00:00,0.081,µg/m³,VOC,
100137,BURNABY NORTH,Styrene,2012-01-22T00:00,0.013,µg/m³,VOC,
100137,BURNABY NORTH,Styrene,2012-01-28T00:00,0.017,µg/m³,VOC,
100137,BURNABY NORTH,Styrene,2012-02-03T00:00,0.056,µg/m³,VOC,
100137,BURNABY NORTH,Styrene,2012-02-15T00:00,0.062,µg/m³,VOC,
100137,BURNABY NORTH,Styrene,2012-02-21T00:00,0.023,µg/m³,VOC,
100137,BURNABY NORTH,Styrene,2012-02-27T00:00,0.068,µg/m³,VOC,
100137,BURNABY NORTH,Styrene,2012-03-04T00:00,0.028,µg/m³,VOC,
100137,BURNABY NORTH,Styrene,2012-03-10T00:00,0.027,µg/m³,VOC,
100137,BURNABY NORTH,Styrene,2012-03-16T00:00,0.043,µg/m³,VOC,
100137,BURNABY NORTH,Styrene,2012-03-22T00:00,0.027,µg/m³,VOC,
100137,BURNABY NORTH,Styrene,2012-03-28T00:00,0.040,µg/m³,VOC,
100137,BURNABY NORTH,Styrene,2012-04-15T00:00,0.106,µg/m³,VOC,
100137,BURNABY NORTH,Styrene,2012-04-21T00:00,0.054,µg/m³,VOC,
100137,BURNABY NORTH,Styrene,2012-04-27T00:00,0.026,µg/m³,VOC,
100137,BURNABY NORTH,Styrene,2012-05-03T00:00,0.027,µg/m³,VOC,
100137,BURNABY NORTH,Styrene,2012-05-09T00:00,0.010,µg/m³,VOC,
100137,BURNABY NORTH,Styrene,2012-05-15T00:00,0.043,µg/m³,VOC,
100137,BURNABY NORTH,Styrene,2012-06-02T00:00,0.077,µg/m³,VOC,
100137,BURNABY NORTH,Styrene,2012-06-08T00:00,0.027,µg/m³,VOC,
100137,BURNABY NORTH,Styrene,2012-06-14T00:00,0.039,µg/m³,VOC,
100137,BURNABY NORTH,Styrene,2012-06-20T00:00,0.026,µg/m³,VOC,
100137,BURNABY NORTH,Styrene,2012-06-26T00:00,0.092,µg/m³,VOC,
100137,BURNABY NORTH,Styrene,2012-07-02T00:00,0.037,µg/m³,VOC,
100137,BURNABY NORTH,Styrene,2012-07-08T00:00,0.036,µg/m³,VOC,
100137,BURNABY NORTH,Styrene,2012-07-14T00:00,0.064,µg/m³,VOC,
100137,BURNABY NORTH,Styrene,2012-07-20T00:00,0.081,µg/m³,VOC,
100137,BURNABY NORTH,Styrene,2012-07-26T00:00,0.098,µg/m³,VOC,
100137,BURNABY NORTH,Styrene,2012-09-24T00:00,0.155,µg/m³,VOC,
100137,BURNABY NORTH,Styrene,2012-09-30T00:00,0.086,µg/m³,VOC,
100137,BURNABY NORTH,Styrene,2012-10-06T00:00,0.049,µg/m³,VOC,
100137,BURNABY NORTH,Styrene,2012-10-18T00:00,0.020,µg/m³,VOC,
100137,BURNABY NORTH,Styrene,2012-10-24T00:00,0.136,µg/m³,VOC,
100137,BURNABY NORTH,Styrene,2012-10-30T00:00,0.062,µg/m³,VOC,
100137,BURNABY NORTH,Styrene,2012-11-05T00:00,0.053,µg/m³,VOC,
100137,BURNABY NORTH,Styrene,2012-11-11T00:00,0.013,µg/m³,VOC,
100137,BURNABY NORTH,Styrene,2012-11-17T00:00,0.020,µg/m³,VOC,
100137,BURNABY NORTH,Styrene,2012-11-23T00:00,0.016,µg/m³,VOC,
100137,BURNABY NORTH,Styrene,2012-11-29T00:00,0.039,µg/m³,VOC,
100137,BURNABY NORTH,Styrene,2012-12-05T00:00,0.054,µg/m³,VOC,
100137,BURNABY NORTH,Styrene,2012-12-11T00:00,0.032,µg/m³,VOC,
100137,BURNABY NORTH,Styrene,2012-12-17T00:00,0.032,µg/m³,VOC,
