﻿NAPS_Site_ID,Station_Name,Pollutant,Date,Value,Units,Report_Type,Method
101301,LANGLEY CENTRAL,Methylcyclopentane,1994-01-26T00:00,0.404,µg/m³,VOC,GC-MS
101301,LANGLEY CENTRAL,Methylcyclopentane,1994-03-03T00:00,0.466,µg/m³,VOC,GC-MS
101301,LANGLEY CENTRAL,Methylcyclopentane,1994-04-08T00:00,0.234,µg/m³,VOC,GC-MS
101301,LANGLEY CENTRAL,Methylcyclopentane,1994-05-14T00:00,0.324,µg/m³,VOC,GC-MS
101301,LANGLEY CENTRAL,Methylcyclopentane,1994-06-25T00:00,0.248,µg/m³,VOC,GC-MS
101301,LANGLEY CENTRAL,Methylcyclopentane,1994-07-31T00:00,0.292,µg/m³,VOC,GC-MS
101301,LANGLEY CENTRAL,Methylcyclopentane,1994-09-23T00:00,1.330,µg/m³,VOC,GC-MS
101301,LANGLEY CENTRAL,Methylcyclopentane,1994-10-23T00:00,0.226,µg/m³,VOC,GC-MS
101301,LANGLEY CENTRAL,Methylcyclopentane,1994-12-04T00:00,0.154,µg/m³,VOC,GC-MS
