﻿NAPS_Site_ID,Station_Name,Pollutant,Date,Value,Units,Report_Type,Method
90130,EDMONTON CENTRAL,Tetrachloroethylene,1999-01-06T00:00,0.538,µg/m³,VOC,GC-MS
90130,EDMONTON CENTRAL,Tetrachloroethylene,1999-01-12T00:00,0.376,µg/m³,VOC,GC-MS
90130,EDMONTON CENTRAL,Tetrachloroethylene,1999-01-18T00:00,0.716,µg/m³,VOC,GC-MS
90130,EDMONTON CENTRAL,Tetrachloroethylene,1999-01-24T00:00,0.186,µg/m³,VOC,GC-MS
90130,EDMONTON CENTRAL,Tetrachloroethylene,1999-01-30T00:00,0.370,µg/m³,VOC,GC-MS
90130,EDMONTON CENTRAL,Tetrachloroethylene,1999-02-05T00:00,0.330,µg/m³,VOC,GC-MS
90130,EDMONTON CENTRAL,Tetrachloroethylene,1999-02-11T00:00,0.420,µg/m³,VOC,GC-MS
90130,EDMONTON CENTRAL,Tetrachloroethylene,1999-02-17T00:00,0.490,µg/m³,VOC,GC-MS
90130,EDMONTON CENTRAL,Tetrachloroethylene,1999-02-23T00:00,0.840,µg/m³,VOC,GC-MS
90130,EDMONTON CENTRAL,Tetrachloroethylene,1999-03-01T00:00,0.490,µg/m³,VOC,GC-MS
90130,EDMONTON CENTRAL,Tetrachloroethylene,1999-03-07T00:00,0.140,µg/m³,VOC,GC-MS
90130,EDMONTON CENTRAL,Tetrachloroethylene,1999-03-13T00:00,0.210,µg/m³,VOC,GC-MS
90130,EDMONTON CENTRAL,Tetrachloroethylene,1999-03-19T00:00,0.780,µg/m³,VOC,GC-MS
90130,EDMONTON CENTRAL,Tetrachloroethylene,1999-03-25T00:00,0.620,µg/m³,VOC,GC-MS
90130,EDMONTON CENTRAL,Tetrachloroethylene,1999-03-31T00:00,0.240,µg/m³,VOC,GC-MS
90130,EDMONTON CENTRAL,Tetrachloroethylene,1999-04-06T00:00,0.250,µg/m³,VOC,GC-MS
90130,EDMONTON CENTRAL,Tetrachloroethylene,1999-04-12T00:00,0.900,µg/m³,VOC,GC-MS
90130,EDMONTON CENTRAL,Tetrachloroethylene,1999-04-18T00:00,0.170,µg/m³,VOC,GC-MS
90130,EDMONTON CENTRAL,Tetrachloroethylene,1999-04-24T00:00,0.250,µg/m³,VOC,GC-MS
90130,EDMONTON CENTRAL,Tetrachloroethylene,1999-04-30T00:00,0.200,µg/m³,VOC,GC-MS
90130,EDMONTON CENTRAL,Tetrachloroethylene,1999-05-06T00:00,0.400,µg/m³,VOC,GC-MS
90130,EDMONTON CENTRAL,Tetrachloroethylene,1999-05-12T00:00,0.230,µg/m³,VOC,GC-MS
90130,EDMONTON CENTRAL,Tetrachloroethylene,1999-05-18T00:00,0.270,µg/m³,VOC,GC-MS
90130,EDMONTON CENTRAL,Tetrachloroethylene,1999-05-24T00:00,0.230,µg/m³,VOC,GC-MS
90130,EDMONTON CENTRAL,Tetrachloroethylene,1999-05-30T00:00,0.370,µg/m³,VOC,GC-MS
90130,EDMONTON CENTRAL,Tetrachloroethylene,1999-06-05T00:00,0.260,µg/m³,VOC,GC-MS
90130,EDMONTON CENTRAL,Tetrachloroethylene,1999-06-11T00:00,0.500,µg/m³,VOC,GC-MS
90130,EDMONTON CENTRAL,Tetrachloroethylene,1999-06-17T00:00,0.390,µg/m³,VOC,GC-MS
90130,EDMONTON CENTRAL,Tetrachloroethylene,1999-06-23T00:00,0.490,µg/m³,VOC,GC-MS
90130,EDMONTON CENTRAL,Tetrachloroethylene,1999-06-29T00:00,0.700,µg/m³,VOC,GC-MS
90130,EDMONTON CENTRAL,Tetrachloroethylene,1999-07-05T00:00,0.310,µg/m³,VOC,GC-MS
90130,EDMONTON CENTRAL,Tetrachloroethylene,1999-11-26T00:00,0.710,µg/m³,VOC,GC-MS
90130,EDMONTON CENTRAL,Tetrachloroethylene,1999-12-02T00:00,1.630,µg/m³,VOC,GC-MS
90130,EDMONTON CENTRAL,Tetrachloroethylene,1999-12-08T00:00,1.050,µg/m³,VOC,GC-MS
90130,EDMONTON CENTRAL,Tetrachloroethylene,1999-12-14T00:00,0.460,µg/m³,VOC,GC-MS
90130,EDMONTON CENTRAL,Tetrachloroethylene,1999-12-20T00:00,0.510,µg/m³,VOC,GC-MS
90130,EDMONTON CENTRAL,Tetrachloroethylene,1999-12-26T00:00,0.290,µg/m³,VOC,GC-MS
