﻿NAPS_Site_ID,Station_Name,Pollutant,Date,Value,Units,Report_Type,Method
100134,VANCOUVER INTL. AIRPORT,1-Butyne,2006-01-17T00:00,0.006,µg/m³,VOC,GC-MS
100134,VANCOUVER INTL. AIRPORT,1-Butyne,2006-02-04T00:00,0.003,µg/m³,VOC,GC-MS
100134,VANCOUVER INTL. AIRPORT,1-Butyne,2006-02-22T00:00,0.011,µg/m³,VOC,GC-MS
100134,VANCOUVER INTL. AIRPORT,1-Butyne,2006-03-12T00:00,0.009,µg/m³,VOC,GC-MS
100134,VANCOUVER INTL. AIRPORT,1-Butyne,2006-05-23T00:00,0.003,µg/m³,VOC,GC-MS
100134,VANCOUVER INTL. AIRPORT,1-Butyne,2006-06-28T00:00,0.003,µg/m³,VOC,GC-MS
100134,VANCOUVER INTL. AIRPORT,1-Butyne,2006-07-16T00:00,0.003,µg/m³,VOC,GC-MS
100134,VANCOUVER INTL. AIRPORT,1-Butyne,2006-09-08T00:00,0.000,µg/m³,VOC,GC-MS
100134,VANCOUVER INTL. AIRPORT,1-Butyne,2006-09-26T00:00,0.017,µg/m³,VOC,GC-MS
100134,VANCOUVER INTL. AIRPORT,1-Butyne,2006-10-14T00:00,0.003,µg/m³,VOC,GC-MS
100134,VANCOUVER INTL. AIRPORT,1-Butyne,2006-11-07T00:00,0.003,µg/m³,VOC,GC-MS
100134,VANCOUVER INTL. AIRPORT,1-Butyne,2006-11-25T00:00,0.007,µg/m³,VOC,GC-MS
100134,VANCOUVER INTL. AIRPORT,1-Butyne,2006-12-13T00:00,0.000,µg/m³,VOC,GC-MS
100134,VANCOUVER INTL. AIRPORT,1-Butyne,2006-12-31T00:00,0.008,µg/m³,VOC,GC-MS
