﻿NAPS_Site_ID,Station_Name,Pollutant,Date,Value,Units,Report_Type,Method
50103,MONTRÉAL-SAINT-JEAN-BAPTISTE,"cis-1,3-Dimethylcyclohexane",2004-01-04T00:00,0.516,µg/m³,VOC,N/A
50103,MONTRÉAL-SAINT-JEAN-BAPTISTE,"cis-1,3-Dimethylcyclohexane",2004-01-10T00:00,0.695,µg/m³,VOC,N/A
50103,MONTRÉAL-SAINT-JEAN-BAPTISTE,"cis-1,3-Dimethylcyclohexane",2004-01-16T00:00,0.644,µg/m³,VOC,N/A
50103,MONTRÉAL-SAINT-JEAN-BAPTISTE,"cis-1,3-Dimethylcyclohexane",2004-01-28T00:00,0.176,µg/m³,VOC,N/A
50103,MONTRÉAL-SAINT-JEAN-BAPTISTE,"cis-1,3-Dimethylcyclohexane",2004-02-03T00:00,0.067,µg/m³,VOC,N/A
50103,MONTRÉAL-SAINT-JEAN-BAPTISTE,"cis-1,3-Dimethylcyclohexane",2004-02-15T00:00,0.349,µg/m³,VOC,N/A
50103,MONTRÉAL-SAINT-JEAN-BAPTISTE,"cis-1,3-Dimethylcyclohexane",2004-02-21T00:00,0.036,µg/m³,VOC,N/A
50103,MONTRÉAL-SAINT-JEAN-BAPTISTE,"cis-1,3-Dimethylcyclohexane",2004-02-27T00:00,0.809,µg/m³,VOC,N/A
50103,MONTRÉAL-SAINT-JEAN-BAPTISTE,"cis-1,3-Dimethylcyclohexane",2004-03-10T00:00,0.239,µg/m³,VOC,N/A
50103,MONTRÉAL-SAINT-JEAN-BAPTISTE,"cis-1,3-Dimethylcyclohexane",2004-03-16T00:00,0.011,µg/m³,VOC,N/A
50103,MONTRÉAL-SAINT-JEAN-BAPTISTE,"cis-1,3-Dimethylcyclohexane",2004-03-22T00:00,0.260,µg/m³,VOC,N/A
50103,MONTRÉAL-SAINT-JEAN-BAPTISTE,"cis-1,3-Dimethylcyclohexane",2004-03-28T00:00,0.016,µg/m³,VOC,N/A
50103,MONTRÉAL-SAINT-JEAN-BAPTISTE,"cis-1,3-Dimethylcyclohexane",2004-04-03T00:00,0.139,µg/m³,VOC,N/A
50103,MONTRÉAL-SAINT-JEAN-BAPTISTE,"cis-1,3-Dimethylcyclohexane",2004-04-09T00:00,0.091,µg/m³,VOC,N/A
50103,MONTRÉAL-SAINT-JEAN-BAPTISTE,"cis-1,3-Dimethylcyclohexane",2004-04-15T00:00,0.030,µg/m³,VOC,N/A
50103,MONTRÉAL-SAINT-JEAN-BAPTISTE,"cis-1,3-Dimethylcyclohexane",2004-04-21T00:00,0.032,µg/m³,VOC,N/A
50103,MONTRÉAL-SAINT-JEAN-BAPTISTE,"cis-1,3-Dimethylcyclohexane",2004-04-27T00:00,0.530,µg/m³,VOC,N/A
50103,MONTRÉAL-SAINT-JEAN-BAPTISTE,"cis-1,3-Dimethylcyclohexane",2004-05-09T00:00,0.098,µg/m³,VOC,N/A
50103,MONTRÉAL-SAINT-JEAN-BAPTISTE,"cis-1,3-Dimethylcyclohexane",2004-05-15T00:00,0.146,µg/m³,VOC,N/A
50103,MONTRÉAL-SAINT-JEAN-BAPTISTE,"cis-1,3-Dimethylcyclohexane",2004-05-21T00:00,0.178,µg/m³,VOC,N/A
50103,MONTRÉAL-SAINT-JEAN-BAPTISTE,"cis-1,3-Dimethylcyclohexane",2004-05-27T00:00,0.394,µg/m³,VOC,N/A
50103,MONTRÉAL-SAINT-JEAN-BAPTISTE,"cis-1,3-Dimethylcyclohexane",2004-06-08T00:00,0.518,µg/m³,VOC,N/A
50103,MONTRÉAL-SAINT-JEAN-BAPTISTE,"cis-1,3-Dimethylcyclohexane",2004-06-14T00:00,0.148,µg/m³,VOC,N/A
50103,MONTRÉAL-SAINT-JEAN-BAPTISTE,"cis-1,3-Dimethylcyclohexane",2004-06-20T00:00,0.213,µg/m³,VOC,N/A
50103,MONTRÉAL-SAINT-JEAN-BAPTISTE,"cis-1,3-Dimethylcyclohexane",2004-06-26T00:00,0.199,µg/m³,VOC,N/A
50103,MONTRÉAL-SAINT-JEAN-BAPTISTE,"cis-1,3-Dimethylcyclohexane",2004-07-02T00:00,0.119,µg/m³,VOC,N/A
50103,MONTRÉAL-SAINT-JEAN-BAPTISTE,"cis-1,3-Dimethylcyclohexane",2004-07-14T00:00,0.029,µg/m³,VOC,N/A
50103,MONTRÉAL-SAINT-JEAN-BAPTISTE,"cis-1,3-Dimethylcyclohexane",2004-07-20T00:00,0.203,µg/m³,VOC,N/A
50103,MONTRÉAL-SAINT-JEAN-BAPTISTE,"cis-1,3-Dimethylcyclohexane",2004-08-01T00:00,0.270,µg/m³,VOC,N/A
50103,MONTRÉAL-SAINT-JEAN-BAPTISTE,"cis-1,3-Dimethylcyclohexane",2004-08-07T00:00,0.039,µg/m³,VOC,N/A
50103,MONTRÉAL-SAINT-JEAN-BAPTISTE,"cis-1,3-Dimethylcyclohexane",2004-08-13T00:00,0.022,µg/m³,VOC,N/A
50103,MONTRÉAL-SAINT-JEAN-BAPTISTE,"cis-1,3-Dimethylcyclohexane",2004-08-19T00:00,0.327,µg/m³,VOC,N/A
50103,MONTRÉAL-SAINT-JEAN-BAPTISTE,"cis-1,3-Dimethylcyclohexane",2004-08-25T00:00,0.024,µg/m³,VOC,N/A
50103,MONTRÉAL-SAINT-JEAN-BAPTISTE,"cis-1,3-Dimethylcyclohexane",2004-08-31T00:00,0.179,µg/m³,VOC,N/A
50103,MONTRÉAL-SAINT-JEAN-BAPTISTE,"cis-1,3-Dimethylcyclohexane",2004-09-06T00:00,0.056,µg/m³,VOC,N/A
50103,MONTRÉAL-SAINT-JEAN-BAPTISTE,"cis-1,3-Dimethylcyclohexane",2004-09-12T00:00,0.128,µg/m³,VOC,N/A
50103,MONTRÉAL-SAINT-JEAN-BAPTISTE,"cis-1,3-Dimethylcyclohexane",2004-09-18T00:00,0.025,µg/m³,VOC,N/A
50103,MONTRÉAL-SAINT-JEAN-BAPTISTE,"cis-1,3-Dimethylcyclohexane",2004-09-24T00:00,0.214,µg/m³,VOC,N/A
50103,MONTRÉAL-SAINT-JEAN-BAPTISTE,"cis-1,3-Dimethylcyclohexane",2004-09-30T00:00,0.478,µg/m³,VOC,N/A
50103,MONTRÉAL-SAINT-JEAN-BAPTISTE,"cis-1,3-Dimethylcyclohexane",2004-10-06T00:00,0.294,µg/m³,VOC,N/A
50103,MONTRÉAL-SAINT-JEAN-BAPTISTE,"cis-1,3-Dimethylcyclohexane",2004-10-12T00:00,0.241,µg/m³,VOC,N/A
50103,MONTRÉAL-SAINT-JEAN-BAPTISTE,"cis-1,3-Dimethylcyclohexane",2004-10-18T00:00,0.498,µg/m³,VOC,N/A
50103,MONTRÉAL-SAINT-JEAN-BAPTISTE,"cis-1,3-Dimethylcyclohexane",2004-10-24T00:00,0.022,µg/m³,VOC,N/A
50103,MONTRÉAL-SAINT-JEAN-BAPTISTE,"cis-1,3-Dimethylcyclohexane",2004-10-30T00:00,0.059,µg/m³,VOC,N/A
50103,MONTRÉAL-SAINT-JEAN-BAPTISTE,"cis-1,3-Dimethylcyclohexane",2004-11-05T00:00,0.291,µg/m³,VOC,N/A
50103,MONTRÉAL-SAINT-JEAN-BAPTISTE,"cis-1,3-Dimethylcyclohexane",2004-11-11T00:00,0.113,µg/m³,VOC,N/A
50103,MONTRÉAL-SAINT-JEAN-BAPTISTE,"cis-1,3-Dimethylcyclohexane",2004-11-17T00:00,0.034,µg/m³,VOC,N/A
50103,MONTRÉAL-SAINT-JEAN-BAPTISTE,"cis-1,3-Dimethylcyclohexane",2004-11-23T00:00,0.424,µg/m³,VOC,N/A
50103,MONTRÉAL-SAINT-JEAN-BAPTISTE,"cis-1,3-Dimethylcyclohexane",2004-11-29T00:00,0.208,µg/m³,VOC,N/A
50103,MONTRÉAL-SAINT-JEAN-BAPTISTE,"cis-1,3-Dimethylcyclohexane",2004-12-05T00:00,0.161,µg/m³,VOC,N/A
50103,MONTRÉAL-SAINT-JEAN-BAPTISTE,"cis-1,3-Dimethylcyclohexane",2004-12-11T00:00,0.024,µg/m³,VOC,N/A
50103,MONTRÉAL-SAINT-JEAN-BAPTISTE,"cis-1,3-Dimethylcyclohexane",2004-12-17T00:00,0.280,µg/m³,VOC,N/A
50103,MONTRÉAL-SAINT-JEAN-BAPTISTE,"cis-1,3-Dimethylcyclohexane",2004-12-29T00:00,0.169,µg/m³,VOC,N/A
