﻿NAPS_Site_ID,Station_Name,Pollutant,Date,Value,Units,Report_Type,Method
60211,WINDSOR WEST,"2,3-Dimethylpentane",2015-01-05T19:00,0.093,µg/m³,VOC,
60211,WINDSOR WEST,"2,3-Dimethylpentane",2015-01-11T19:00,0.102,µg/m³,VOC,
60211,WINDSOR WEST,"2,3-Dimethylpentane",2015-01-17T19:00,0.066,µg/m³,VOC,
60211,WINDSOR WEST,"2,3-Dimethylpentane",2015-01-23T19:00,0.086,µg/m³,VOC,
60211,WINDSOR WEST,"2,3-Dimethylpentane",2015-01-29T19:00,0.045,µg/m³,VOC,
60211,WINDSOR WEST,"2,3-Dimethylpentane",2015-02-04T19:00,0.091,µg/m³,VOC,
60211,WINDSOR WEST,"2,3-Dimethylpentane",2015-02-10T19:00,0.081,µg/m³,VOC,
60211,WINDSOR WEST,"2,3-Dimethylpentane",2015-02-16T19:00,0.101,µg/m³,VOC,
60211,WINDSOR WEST,"2,3-Dimethylpentane",2015-02-22T19:00,0.056,µg/m³,VOC,
60211,WINDSOR WEST,"2,3-Dimethylpentane",2015-02-28T19:00,0.096,µg/m³,VOC,
60211,WINDSOR WEST,"2,3-Dimethylpentane",2015-03-06T19:00,0.050,µg/m³,VOC,
60211,WINDSOR WEST,"2,3-Dimethylpentane",2015-03-12T20:00,0.098,µg/m³,VOC,
60211,WINDSOR WEST,"2,3-Dimethylpentane",2015-03-18T20:00,0.065,µg/m³,VOC,
60211,WINDSOR WEST,"2,3-Dimethylpentane",2015-03-24T20:00,0.069,µg/m³,VOC,
60211,WINDSOR WEST,"2,3-Dimethylpentane",2015-03-30T20:00,0.054,µg/m³,VOC,
60211,WINDSOR WEST,"2,3-Dimethylpentane",2015-04-05T20:00,0.080,µg/m³,VOC,
60211,WINDSOR WEST,"2,3-Dimethylpentane",2015-04-11T20:00,0.205,µg/m³,VOC,
60211,WINDSOR WEST,"2,3-Dimethylpentane",2015-04-17T20:00,0.189,µg/m³,VOC,
60211,WINDSOR WEST,"2,3-Dimethylpentane",2015-07-16T20:00,0.070,µg/m³,VOC,
60211,WINDSOR WEST,"2,3-Dimethylpentane",2015-07-22T20:00,0.179,µg/m³,VOC,
60211,WINDSOR WEST,"2,3-Dimethylpentane",2015-07-28T20:00,0.198,µg/m³,VOC,
60211,WINDSOR WEST,"2,3-Dimethylpentane",2015-08-03T20:00,0.127,µg/m³,VOC,
60211,WINDSOR WEST,"2,3-Dimethylpentane",2015-08-09T20:00,0.168,µg/m³,VOC,
60211,WINDSOR WEST,"2,3-Dimethylpentane",2015-08-15T20:00,0.121,µg/m³,VOC,
60211,WINDSOR WEST,"2,3-Dimethylpentane",2015-08-21T20:00,0.144,µg/m³,VOC,
60211,WINDSOR WEST,"2,3-Dimethylpentane",2015-08-27T20:00,0.125,µg/m³,VOC,
60211,WINDSOR WEST,"2,3-Dimethylpentane",2015-09-02T20:00,0.225,µg/m³,VOC,
60211,WINDSOR WEST,"2,3-Dimethylpentane",2015-09-08T20:00,0.099,µg/m³,VOC,
60211,WINDSOR WEST,"2,3-Dimethylpentane",2015-09-14T20:00,0.068,µg/m³,VOC,
60211,WINDSOR WEST,"2,3-Dimethylpentane",2015-09-20T20:00,0.192,µg/m³,VOC,
60211,WINDSOR WEST,"2,3-Dimethylpentane",2015-09-26T20:00,0.059,µg/m³,VOC,
60211,WINDSOR WEST,"2,3-Dimethylpentane",2015-10-08T20:00,0.085,µg/m³,VOC,
60211,WINDSOR WEST,"2,3-Dimethylpentane",2015-10-14T20:00,0.081,µg/m³,VOC,
60211,WINDSOR WEST,"2,3-Dimethylpentane",2015-10-20T20:00,0.069,µg/m³,VOC,
60211,WINDSOR WEST,"2,3-Dimethylpentane",2015-10-26T20:00,0.063,µg/m³,VOC,
60211,WINDSOR WEST,"2,3-Dimethylpentane",2015-11-01T19:00,0.214,µg/m³,VOC,
60211,WINDSOR WEST,"2,3-Dimethylpentane",2015-11-07T19:00,0.180,µg/m³,VOC,
60211,WINDSOR WEST,"2,3-Dimethylpentane",2015-11-13T19:00,0.059,µg/m³,VOC,
60211,WINDSOR WEST,"2,3-Dimethylpentane",2015-11-19T19:00,0.063,µg/m³,VOC,
60211,WINDSOR WEST,"2,3-Dimethylpentane",2015-11-25T19:00,0.045,µg/m³,VOC,
60211,WINDSOR WEST,"2,3-Dimethylpentane",2015-12-01T19:00,0.192,µg/m³,VOC,
60211,WINDSOR WEST,"2,3-Dimethylpentane",2015-12-07T19:00,0.105,µg/m³,VOC,
60211,WINDSOR WEST,"2,3-Dimethylpentane",2015-12-13T19:00,0.056,µg/m³,VOC,
60211,WINDSOR WEST,"2,3-Dimethylpentane",2015-12-19T19:00,0.043,µg/m³,VOC,
60211,WINDSOR WEST,"2,3-Dimethylpentane",2015-12-25T19:00,0.059,µg/m³,VOC,
