﻿NAPS_Site_ID,Station_Name,Pollutant,Date,Value,Units,Report_Type,Method
61502,WEST AVE. & HOMEWOOD _KITCHENER_,A-Pinene,2009-01-01T00:00,0.046,µg/m³,VOC,
61502,WEST AVE. & HOMEWOOD _KITCHENER_,A-Pinene,2009-01-07T00:00,0.026,µg/m³,VOC,
61502,WEST AVE. & HOMEWOOD _KITCHENER_,A-Pinene,2009-01-13T00:00,0.003,µg/m³,VOC,
61502,WEST AVE. & HOMEWOOD _KITCHENER_,A-Pinene,2009-01-19T00:00,0.023,µg/m³,VOC,
61502,WEST AVE. & HOMEWOOD _KITCHENER_,A-Pinene,2009-01-25T00:00,0.010,µg/m³,VOC,
61502,WEST AVE. & HOMEWOOD _KITCHENER_,A-Pinene,2009-01-31T00:00,0.023,µg/m³,VOC,
61502,WEST AVE. & HOMEWOOD _KITCHENER_,A-Pinene,2009-02-06T00:00,0.055,µg/m³,VOC,
61502,WEST AVE. & HOMEWOOD _KITCHENER_,A-Pinene,2009-02-12T00:00,0.029,µg/m³,VOC,
61502,WEST AVE. & HOMEWOOD _KITCHENER_,A-Pinene,2009-02-18T00:00,0.078,µg/m³,VOC,
61502,WEST AVE. & HOMEWOOD _KITCHENER_,A-Pinene,2009-02-24T00:00,0.042,µg/m³,VOC,
61502,WEST AVE. & HOMEWOOD _KITCHENER_,A-Pinene,2009-03-02T00:00,0.008,µg/m³,VOC,
61502,WEST AVE. & HOMEWOOD _KITCHENER_,A-Pinene,2009-03-08T00:00,0.050,µg/m³,VOC,
61502,WEST AVE. & HOMEWOOD _KITCHENER_,A-Pinene,2009-03-14T00:00,0.388,µg/m³,VOC,
61502,WEST AVE. & HOMEWOOD _KITCHENER_,A-Pinene,2009-03-20T00:00,0.044,µg/m³,VOC,
61502,WEST AVE. & HOMEWOOD _KITCHENER_,A-Pinene,2009-03-26T00:00,0.075,µg/m³,VOC,
61502,WEST AVE. & HOMEWOOD _KITCHENER_,A-Pinene,2009-04-01T00:00,0.057,µg/m³,VOC,
61502,WEST AVE. & HOMEWOOD _KITCHENER_,A-Pinene,2009-04-07T00:00,0.020,µg/m³,VOC,
61502,WEST AVE. & HOMEWOOD _KITCHENER_,A-Pinene,2009-04-13T00:00,0.057,µg/m³,VOC,
61502,WEST AVE. & HOMEWOOD _KITCHENER_,A-Pinene,2009-04-19T00:00,0.017,µg/m³,VOC,
61502,WEST AVE. & HOMEWOOD _KITCHENER_,A-Pinene,2009-04-25T00:00,0.153,µg/m³,VOC,
61502,WEST AVE. & HOMEWOOD _KITCHENER_,A-Pinene,2009-05-01T00:00,0.087,µg/m³,VOC,
61502,WEST AVE. & HOMEWOOD _KITCHENER_,A-Pinene,2009-05-07T00:00,0.103,µg/m³,VOC,
61502,WEST AVE. & HOMEWOOD _KITCHENER_,A-Pinene,2009-05-13T00:00,0.149,µg/m³,VOC,
61502,WEST AVE. & HOMEWOOD _KITCHENER_,A-Pinene,2009-05-19T00:00,0.085,µg/m³,VOC,
61502,WEST AVE. & HOMEWOOD _KITCHENER_,A-Pinene,2009-05-25T00:00,0.101,µg/m³,VOC,
61502,WEST AVE. & HOMEWOOD _KITCHENER_,A-Pinene,2009-05-31T00:00,0.023,µg/m³,VOC,
61502,WEST AVE. & HOMEWOOD _KITCHENER_,A-Pinene,2009-06-06T00:00,0.092,µg/m³,VOC,
61502,WEST AVE. & HOMEWOOD _KITCHENER_,A-Pinene,2009-06-12T00:00,0.142,µg/m³,VOC,
61502,WEST AVE. & HOMEWOOD _KITCHENER_,A-Pinene,2009-06-18T00:00,0.439,µg/m³,VOC,
61502,WEST AVE. & HOMEWOOD _KITCHENER_,A-Pinene,2009-06-24T00:00,0.865,µg/m³,VOC,
61502,WEST AVE. & HOMEWOOD _KITCHENER_,A-Pinene,2009-06-30T00:00,0.292,µg/m³,VOC,
61502,WEST AVE. & HOMEWOOD _KITCHENER_,A-Pinene,2009-07-06T00:00,0.412,µg/m³,VOC,
61502,WEST AVE. & HOMEWOOD _KITCHENER_,A-Pinene,2009-07-12T00:00,0.273,µg/m³,VOC,
61502,WEST AVE. & HOMEWOOD _KITCHENER_,A-Pinene,2009-07-18T00:00,0.183,µg/m³,VOC,
61502,WEST AVE. & HOMEWOOD _KITCHENER_,A-Pinene,2009-07-24T00:00,0.174,µg/m³,VOC,
61502,WEST AVE. & HOMEWOOD _KITCHENER_,A-Pinene,2009-07-30T00:00,0.898,µg/m³,VOC,
61502,WEST AVE. & HOMEWOOD _KITCHENER_,A-Pinene,2009-08-05T00:00,0.254,µg/m³,VOC,
61502,WEST AVE. & HOMEWOOD _KITCHENER_,A-Pinene,2009-08-11T00:00,0.326,µg/m³,VOC,
61502,WEST AVE. & HOMEWOOD _KITCHENER_,A-Pinene,2009-08-17T00:00,0.178,µg/m³,VOC,
61502,WEST AVE. & HOMEWOOD _KITCHENER_,A-Pinene,2009-08-23T00:00,0.136,µg/m³,VOC,
61502,WEST AVE. & HOMEWOOD _KITCHENER_,A-Pinene,2009-08-29T00:00,0.116,µg/m³,VOC,
61502,WEST AVE. & HOMEWOOD _KITCHENER_,A-Pinene,2009-09-04T00:00,0.322,µg/m³,VOC,
61502,WEST AVE. & HOMEWOOD _KITCHENER_,A-Pinene,2009-09-10T00:00,0.077,µg/m³,VOC,
61502,WEST AVE. & HOMEWOOD _KITCHENER_,A-Pinene,2009-09-16T00:00,0.090,µg/m³,VOC,
61502,WEST AVE. & HOMEWOOD _KITCHENER_,A-Pinene,2009-09-22T00:00,0.207,µg/m³,VOC,
61502,WEST AVE. & HOMEWOOD _KITCHENER_,A-Pinene,2009-09-28T00:00,0.081,µg/m³,VOC,
61502,WEST AVE. & HOMEWOOD _KITCHENER_,A-Pinene,2009-10-04T00:00,0.094,µg/m³,VOC,
61502,WEST AVE. & HOMEWOOD _KITCHENER_,A-Pinene,2009-10-10T00:00,0.054,µg/m³,VOC,
61502,WEST AVE. & HOMEWOOD _KITCHENER_,A-Pinene,2009-10-16T00:00,0.035,µg/m³,VOC,
61502,WEST AVE. & HOMEWOOD _KITCHENER_,A-Pinene,2009-10-22T00:00,0.085,µg/m³,VOC,
61502,WEST AVE. & HOMEWOOD _KITCHENER_,A-Pinene,2009-10-28T00:00,0.115,µg/m³,VOC,
61502,WEST AVE. & HOMEWOOD _KITCHENER_,A-Pinene,2009-11-03T00:00,0.082,µg/m³,VOC,
61502,WEST AVE. & HOMEWOOD _KITCHENER_,A-Pinene,2009-11-09T00:00,0.171,µg/m³,VOC,
61502,WEST AVE. & HOMEWOOD _KITCHENER_,A-Pinene,2009-11-15T00:00,0.382,µg/m³,VOC,
61502,WEST AVE. & HOMEWOOD _KITCHENER_,A-Pinene,2009-11-21T00:00,0.106,µg/m³,VOC,
61502,WEST AVE. & HOMEWOOD _KITCHENER_,A-Pinene,2009-11-27T00:00,0.049,µg/m³,VOC,
61502,WEST AVE. & HOMEWOOD _KITCHENER_,A-Pinene,2009-12-03T00:00,0.043,µg/m³,VOC,
61502,WEST AVE. & HOMEWOOD _KITCHENER_,A-Pinene,2009-12-09T00:00,0.034,µg/m³,VOC,
61502,WEST AVE. & HOMEWOOD _KITCHENER_,A-Pinene,2009-12-15T00:00,0.025,µg/m³,VOC,
61502,WEST AVE. & HOMEWOOD _KITCHENER_,A-Pinene,2009-12-21T00:00,0.051,µg/m³,VOC,
61502,WEST AVE. & HOMEWOOD _KITCHENER_,A-Pinene,2009-12-27T00:00,0.036,µg/m³,VOC,
