﻿NAPS_Site_ID,Station_Name,Pollutant,Date,Value,Units,Report_Type,Method
101101,CHILLIWACK AIRPORT,trans-4-Methyl-2-Pentene,2004-01-28T00:00,0.000,µg/m³,VOC,
101101,CHILLIWACK AIRPORT,trans-4-Methyl-2-Pentene,2004-03-04T00:00,0.000,µg/m³,VOC,
101101,CHILLIWACK AIRPORT,trans-4-Methyl-2-Pentene,2004-03-22T00:00,0.003,µg/m³,VOC,
101101,CHILLIWACK AIRPORT,trans-4-Methyl-2-Pentene,2004-04-09T00:00,0.000,µg/m³,VOC,
101101,CHILLIWACK AIRPORT,trans-4-Methyl-2-Pentene,2004-04-27T00:00,0.000,µg/m³,VOC,
101101,CHILLIWACK AIRPORT,trans-4-Methyl-2-Pentene,2004-05-15T00:00,0.000,µg/m³,VOC,
101101,CHILLIWACK AIRPORT,trans-4-Methyl-2-Pentene,2004-06-02T00:00,0.000,µg/m³,VOC,
101101,CHILLIWACK AIRPORT,trans-4-Methyl-2-Pentene,2004-06-20T00:00,0.000,µg/m³,VOC,
101101,CHILLIWACK AIRPORT,trans-4-Methyl-2-Pentene,2004-07-26T00:00,0.000,µg/m³,VOC,
101101,CHILLIWACK AIRPORT,trans-4-Methyl-2-Pentene,2004-08-13T00:00,0.000,µg/m³,VOC,
101101,CHILLIWACK AIRPORT,trans-4-Methyl-2-Pentene,2004-08-31T00:00,0.005,µg/m³,VOC,
101101,CHILLIWACK AIRPORT,trans-4-Methyl-2-Pentene,2004-09-18T00:00,0.000,µg/m³,VOC,
101101,CHILLIWACK AIRPORT,trans-4-Methyl-2-Pentene,2004-11-29T00:00,0.006,µg/m³,VOC,
101101,CHILLIWACK AIRPORT,trans-4-Methyl-2-Pentene,2004-12-17T00:00,0.004,µg/m³,VOC,
