﻿NAPS_Site_ID,Station_Name,Pollutant,Date,Value,Units,Report_Type,Method
100303,1250 QUADRA ST.,Manganese,1987-01-03T00:00,0.002,µg/m³,DICHOT,EDXRF
100303,1250 QUADRA ST.,Manganese,1987-01-03T00:00,0.011,µg/m³,DICHOT,EDXRF
100303,1250 QUADRA ST.,Manganese,1987-01-09T00:00,0.008,µg/m³,DICHOT,EDXRF
100303,1250 QUADRA ST.,Manganese,1987-01-09T00:00,0.013,µg/m³,DICHOT,EDXRF
100303,1250 QUADRA ST.,Manganese,1987-01-15T00:00,0.010,µg/m³,DICHOT,EDXRF
100303,1250 QUADRA ST.,Manganese,1987-01-15T00:00,0.027,µg/m³,DICHOT,EDXRF
100303,1250 QUADRA ST.,Manganese,1987-01-21T00:00,0.011,µg/m³,DICHOT,EDXRF
100303,1250 QUADRA ST.,Manganese,1987-01-21T00:00,0.031,µg/m³,DICHOT,EDXRF
100303,1250 QUADRA ST.,Manganese,1987-01-27T00:00,0.004,µg/m³,DICHOT,EDXRF
100303,1250 QUADRA ST.,Manganese,1987-01-27T00:00,0.015,µg/m³,DICHOT,EDXRF
100303,1250 QUADRA ST.,Manganese,1987-02-02T00:00,0.007,µg/m³,DICHOT,EDXRF
100303,1250 QUADRA ST.,Manganese,1987-02-02T00:00,0.014,µg/m³,DICHOT,EDXRF
100303,1250 QUADRA ST.,Manganese,1987-02-08T00:00,0.006,µg/m³,DICHOT,EDXRF
100303,1250 QUADRA ST.,Manganese,1987-02-08T00:00,0.013,µg/m³,DICHOT,EDXRF
100303,1250 QUADRA ST.,Manganese,1987-02-14T00:00,0.003,µg/m³,DICHOT,EDXRF
100303,1250 QUADRA ST.,Manganese,1987-02-14T00:00,0.007,µg/m³,DICHOT,EDXRF
100303,1250 QUADRA ST.,Manganese,1987-02-20T00:00,0.005,µg/m³,DICHOT,EDXRF
100303,1250 QUADRA ST.,Manganese,1987-02-20T00:00,0.015,µg/m³,DICHOT,EDXRF
100303,1250 QUADRA ST.,Manganese,1987-02-26T00:00,0.008,µg/m³,DICHOT,EDXRF
100303,1250 QUADRA ST.,Manganese,1987-02-26T00:00,0.012,µg/m³,DICHOT,EDXRF
100303,1250 QUADRA ST.,Manganese,1987-03-04T00:00,0.011,µg/m³,DICHOT,EDXRF
100303,1250 QUADRA ST.,Manganese,1987-03-04T00:00,0.045,µg/m³,DICHOT,EDXRF
100303,1250 QUADRA ST.,Manganese,1987-03-10T00:00,0.007,µg/m³,DICHOT,EDXRF
100303,1250 QUADRA ST.,Manganese,1987-03-10T00:00,0.019,µg/m³,DICHOT,EDXRF
100303,1250 QUADRA ST.,Manganese,1987-03-16T00:00,0.005,µg/m³,DICHOT,EDXRF
100303,1250 QUADRA ST.,Manganese,1987-03-16T00:00,0.010,µg/m³,DICHOT,EDXRF
100303,1250 QUADRA ST.,Manganese,1987-03-22T00:00,0.012,µg/m³,DICHOT,EDXRF
100303,1250 QUADRA ST.,Manganese,1987-03-22T00:00,0.035,µg/m³,DICHOT,EDXRF
100303,1250 QUADRA ST.,Manganese,1987-03-28T00:00,0.014,µg/m³,DICHOT,EDXRF
100303,1250 QUADRA ST.,Manganese,1987-03-28T00:00,0.028,µg/m³,DICHOT,EDXRF
100303,1250 QUADRA ST.,Manganese,1987-04-03T00:00,0.005,µg/m³,DICHOT,EDXRF
100303,1250 QUADRA ST.,Manganese,1987-04-03T00:00,0.010,µg/m³,DICHOT,EDXRF
100303,1250 QUADRA ST.,Manganese,1987-04-09T00:00,0.006,µg/m³,DICHOT,EDXRF
100303,1250 QUADRA ST.,Manganese,1987-04-09T00:00,0.011,µg/m³,DICHOT,EDXRF
100303,1250 QUADRA ST.,Manganese,1987-04-15T00:00,0.006,µg/m³,DICHOT,EDXRF
100303,1250 QUADRA ST.,Manganese,1987-04-15T00:00,0.008,µg/m³,DICHOT,EDXRF
100303,1250 QUADRA ST.,Manganese,1987-04-21T00:00,0.008,µg/m³,DICHOT,EDXRF
100303,1250 QUADRA ST.,Manganese,1987-04-21T00:00,0.018,µg/m³,DICHOT,EDXRF
100303,1250 QUADRA ST.,Manganese,1987-04-27T00:00,0.014,µg/m³,DICHOT,EDXRF
100303,1250 QUADRA ST.,Manganese,1987-04-27T00:00,0.023,µg/m³,DICHOT,EDXRF
100303,1250 QUADRA ST.,Manganese,1987-05-03T00:00,0.006,µg/m³,DICHOT,EDXRF
100303,1250 QUADRA ST.,Manganese,1987-05-03T00:00,0.007,µg/m³,DICHOT,EDXRF
100303,1250 QUADRA ST.,Manganese,1987-05-09T00:00,0.014,µg/m³,DICHOT,EDXRF
100303,1250 QUADRA ST.,Manganese,1987-05-09T00:00,0.015,µg/m³,DICHOT,EDXRF
100303,1250 QUADRA ST.,Manganese,1987-05-15T00:00,0.006,µg/m³,DICHOT,EDXRF
100303,1250 QUADRA ST.,Manganese,1987-05-15T00:00,0.008,µg/m³,DICHOT,EDXRF
100303,1250 QUADRA ST.,Manganese,1987-05-21T00:00,0.006,µg/m³,DICHOT,EDXRF
100303,1250 QUADRA ST.,Manganese,1987-05-21T00:00,0.009,µg/m³,DICHOT,EDXRF
100303,1250 QUADRA ST.,Manganese,1987-05-27T00:00,0.004,µg/m³,DICHOT,EDXRF
100303,1250 QUADRA ST.,Manganese,1987-05-27T00:00,0.009,µg/m³,DICHOT,EDXRF
100303,1250 QUADRA ST.,Manganese,1987-06-02T00:00,0.009,µg/m³,DICHOT,EDXRF
100303,1250 QUADRA ST.,Manganese,1987-06-02T00:00,0.023,µg/m³,DICHOT,EDXRF
100303,1250 QUADRA ST.,Manganese,1987-06-08T00:00,0.005,µg/m³,DICHOT,EDXRF
100303,1250 QUADRA ST.,Manganese,1987-06-08T00:00,0.007,µg/m³,DICHOT,EDXRF
100303,1250 QUADRA ST.,Manganese,1987-06-14T00:00,0.005,µg/m³,DICHOT,EDXRF
100303,1250 QUADRA ST.,Manganese,1987-06-14T00:00,0.007,µg/m³,DICHOT,EDXRF
100303,1250 QUADRA ST.,Manganese,1987-06-20T00:00,0.006,µg/m³,DICHOT,EDXRF
100303,1250 QUADRA ST.,Manganese,1987-06-20T00:00,0.013,µg/m³,DICHOT,EDXRF
100303,1250 QUADRA ST.,Manganese,1987-06-26T00:00,0.012,µg/m³,DICHOT,EDXRF
100303,1250 QUADRA ST.,Manganese,1987-06-26T00:00,0.018,µg/m³,DICHOT,EDXRF
100303,1250 QUADRA ST.,Manganese,1987-07-02T00:00,0.003,µg/m³,DICHOT,EDXRF
100303,1250 QUADRA ST.,Manganese,1987-07-02T00:00,0.010,µg/m³,DICHOT,EDXRF
100303,1250 QUADRA ST.,Manganese,1987-07-20T00:00,0.006,µg/m³,DICHOT,EDXRF
100303,1250 QUADRA ST.,Manganese,1987-07-20T00:00,0.013,µg/m³,DICHOT,EDXRF
100303,1250 QUADRA ST.,Manganese,1987-11-29T00:00,0.005,µg/m³,DICHOT,EDXRF
100303,1250 QUADRA ST.,Manganese,1987-11-29T00:00,0.007,µg/m³,DICHOT,EDXRF
100303,1250 QUADRA ST.,Manganese,1987-12-05T00:00,0.003,µg/m³,DICHOT,EDXRF
100303,1250 QUADRA ST.,Manganese,1987-12-05T00:00,0.003,µg/m³,DICHOT,EDXRF
100303,1250 QUADRA ST.,Manganese,1987-12-11T00:00,0.006,µg/m³,DICHOT,EDXRF
100303,1250 QUADRA ST.,Manganese,1987-12-11T00:00,0.010,µg/m³,DICHOT,EDXRF
100303,1250 QUADRA ST.,Manganese,1987-12-23T00:00,0.008,µg/m³,DICHOT,EDXRF
100303,1250 QUADRA ST.,Manganese,1987-12-23T00:00,0.011,µg/m³,DICHOT,EDXRF
100303,1250 QUADRA ST.,Manganese,1987-12-29T00:00,0.003,µg/m³,DICHOT,EDXRF
100303,1250 QUADRA ST.,Manganese,1987-12-29T00:00,0.007,µg/m³,DICHOT,EDXRF
