﻿NAPS_Site_ID,Station_Name,Pollutant,Date,Value,Units,Report_Type,Method
40203,FOREST HILLS,EC3,2007-07-29T00:00,0.156,µg/m³,CARB,
40203,FOREST HILLS,EC3,2007-07-29T00:00,0.207,µg/m³,CARB,
40203,FOREST HILLS,EC3,2007-08-04T00:00,0.060,µg/m³,CARB,
40203,FOREST HILLS,EC3,2007-08-04T00:00,0.193,µg/m³,CARB,
40203,FOREST HILLS,EC3,2007-08-10T00:00,0.078,µg/m³,CARB,
40203,FOREST HILLS,EC3,2007-08-10T00:00,0.218,µg/m³,CARB,
40203,FOREST HILLS,EC3,2007-08-16T00:00,0.098,µg/m³,CARB,
40203,FOREST HILLS,EC3,2007-08-16T00:00,0.175,µg/m³,CARB,
40203,FOREST HILLS,EC3,2007-08-22T00:00,0.029,µg/m³,CARB,
40203,FOREST HILLS,EC3,2007-08-22T00:00,0.049,µg/m³,CARB,
40203,FOREST HILLS,EC3,2007-08-25T00:00,0.138,µg/m³,CARB,
40203,FOREST HILLS,EC3,2007-08-25T00:00,0.147,µg/m³,CARB,
40203,FOREST HILLS,EC3,2007-08-28T00:00,0.061,µg/m³,CARB,
40203,FOREST HILLS,EC3,2007-08-28T00:00,0.087,µg/m³,CARB,
40203,FOREST HILLS,EC3,2007-08-31T00:00,0.011,µg/m³,CARB,
40203,FOREST HILLS,EC3,2007-08-31T00:00,0.107,µg/m³,CARB,
40203,FOREST HILLS,EC3,2007-09-12T00:00,0.000,µg/m³,CARB,
40203,FOREST HILLS,EC3,2007-09-12T00:00,0.053,µg/m³,CARB,
40203,FOREST HILLS,EC3,2007-09-15T00:00,0.000,µg/m³,CARB,
40203,FOREST HILLS,EC3,2007-09-15T00:00,0.000,µg/m³,CARB,
40203,FOREST HILLS,EC3,2007-09-18T00:00,0.083,µg/m³,CARB,
40203,FOREST HILLS,EC3,2007-09-18T00:00,0.203,µg/m³,CARB,
40203,FOREST HILLS,EC3,2007-09-21T00:00,0.000,µg/m³,CARB,
40203,FOREST HILLS,EC3,2007-09-21T00:00,0.088,µg/m³,CARB,
40203,FOREST HILLS,EC3,2007-09-24T00:00,0.000,µg/m³,CARB,
40203,FOREST HILLS,EC3,2007-09-24T00:00,0.040,µg/m³,CARB,
40203,FOREST HILLS,EC3,2007-09-27T00:00,0.015,µg/m³,CARB,
40203,FOREST HILLS,EC3,2007-09-27T00:00,0.304,µg/m³,CARB,
40203,FOREST HILLS,EC3,2007-09-30T00:00,0.003,µg/m³,CARB,
40203,FOREST HILLS,EC3,2007-09-30T00:00,0.012,µg/m³,CARB,
40203,FOREST HILLS,EC3,2007-10-03T00:00,0.000,µg/m³,CARB,
40203,FOREST HILLS,EC3,2007-10-03T00:00,0.058,µg/m³,CARB,
40203,FOREST HILLS,EC3,2007-10-06T00:00,0.035,µg/m³,CARB,
40203,FOREST HILLS,EC3,2007-10-06T00:00,0.064,µg/m³,CARB,
40203,FOREST HILLS,EC3,2007-10-09T00:00,0.000,µg/m³,CARB,
40203,FOREST HILLS,EC3,2007-10-09T00:00,0.000,µg/m³,CARB,
40203,FOREST HILLS,EC3,2007-10-12T00:00,0.000,µg/m³,CARB,
40203,FOREST HILLS,EC3,2007-10-12T00:00,0.000,µg/m³,CARB,
40203,FOREST HILLS,EC3,2007-10-15T00:00,0.000,µg/m³,CARB,
40203,FOREST HILLS,EC3,2007-10-15T00:00,0.126,µg/m³,CARB,
40203,FOREST HILLS,EC3,2007-10-27T00:00,0.000,µg/m³,CARB,
40203,FOREST HILLS,EC3,2007-10-27T00:00,0.017,µg/m³,CARB,
40203,FOREST HILLS,EC3,2007-10-30T00:00,0.000,µg/m³,CARB,
40203,FOREST HILLS,EC3,2007-10-30T00:00,0.082,µg/m³,CARB,
40203,FOREST HILLS,EC3,2007-11-02T00:00,0.000,µg/m³,CARB,
40203,FOREST HILLS,EC3,2007-11-02T00:00,0.000,µg/m³,CARB,
40203,FOREST HILLS,EC3,2007-11-05T00:00,0.002,µg/m³,CARB,
40203,FOREST HILLS,EC3,2007-11-05T00:00,0.133,µg/m³,CARB,
40203,FOREST HILLS,EC3,2007-11-08T00:00,0.000,µg/m³,CARB,
40203,FOREST HILLS,EC3,2007-11-08T00:00,0.048,µg/m³,CARB,
40203,FOREST HILLS,EC3,2007-11-11T00:00,0.005,µg/m³,CARB,
40203,FOREST HILLS,EC3,2007-11-11T00:00,0.006,µg/m³,CARB,
40203,FOREST HILLS,EC3,2007-11-14T00:00,0.000,µg/m³,CARB,
40203,FOREST HILLS,EC3,2007-11-14T00:00,0.018,µg/m³,CARB,
40203,FOREST HILLS,EC3,2007-11-17T00:00,0.029,µg/m³,CARB,
40203,FOREST HILLS,EC3,2007-11-17T00:00,0.040,µg/m³,CARB,
40203,FOREST HILLS,EC3,2007-11-20T00:00,0.000,µg/m³,CARB,
40203,FOREST HILLS,EC3,2007-11-20T00:00,0.021,µg/m³,CARB,
40203,FOREST HILLS,EC3,2007-11-23T00:00,0.006,µg/m³,CARB,
40203,FOREST HILLS,EC3,2007-11-23T00:00,0.045,µg/m³,CARB,
40203,FOREST HILLS,EC3,2007-11-26T00:00,0.000,µg/m³,CARB,
40203,FOREST HILLS,EC3,2007-11-26T00:00,0.037,µg/m³,CARB,
40203,FOREST HILLS,EC3,2007-11-29T00:00,0.000,µg/m³,CARB,
40203,FOREST HILLS,EC3,2007-11-29T00:00,0.000,µg/m³,CARB,
40203,FOREST HILLS,EC3,2007-12-02T00:00,0.000,µg/m³,CARB,
40203,FOREST HILLS,EC3,2007-12-02T00:00,0.000,µg/m³,CARB,
40203,FOREST HILLS,EC3,2007-12-05T00:00,0.000,µg/m³,CARB,
40203,FOREST HILLS,EC3,2007-12-05T00:00,0.035,µg/m³,CARB,
40203,FOREST HILLS,EC3,2007-12-08T00:00,0.000,µg/m³,CARB,
40203,FOREST HILLS,EC3,2007-12-08T00:00,0.002,µg/m³,CARB,
40203,FOREST HILLS,EC3,2007-12-11T00:00,0.000,µg/m³,CARB,
40203,FOREST HILLS,EC3,2007-12-11T00:00,0.000,µg/m³,CARB,
40203,FOREST HILLS,EC3,2007-12-14T00:00,0.000,µg/m³,CARB,
40203,FOREST HILLS,EC3,2007-12-14T00:00,0.000,µg/m³,CARB,
40203,FOREST HILLS,EC3,2007-12-17T00:00,0.000,µg/m³,CARB,
40203,FOREST HILLS,EC3,2007-12-17T00:00,0.000,µg/m³,CARB,
40203,FOREST HILLS,EC3,2007-12-20T00:00,0.000,µg/m³,CARB,
40203,FOREST HILLS,EC3,2007-12-20T00:00,0.058,µg/m³,CARB,
40203,FOREST HILLS,EC3,2007-12-23T00:00,0.000,µg/m³,CARB,
40203,FOREST HILLS,EC3,2007-12-23T00:00,0.060,µg/m³,CARB,
40203,FOREST HILLS,EC3,2007-12-26T00:00,0.000,µg/m³,CARB,
40203,FOREST HILLS,EC3,2007-12-26T00:00,0.025,µg/m³,CARB,
