﻿NAPS_Site_ID,Station_Name,Pollutant,Date,Value,Units,Report_Type,Method
62601,EXPERIMENTAL FARM _SIMCOE_,Ethylbenzene,2007-01-03T00:00,0.084,µg/m³,VOC,
62601,EXPERIMENTAL FARM _SIMCOE_,Ethylbenzene,2007-01-06T00:00,0.050,µg/m³,VOC,
62601,EXPERIMENTAL FARM _SIMCOE_,Ethylbenzene,2007-01-09T00:00,0.127,µg/m³,VOC,
62601,EXPERIMENTAL FARM _SIMCOE_,Ethylbenzene,2007-01-12T00:00,0.117,µg/m³,VOC,
62601,EXPERIMENTAL FARM _SIMCOE_,Ethylbenzene,2007-01-15T00:00,0.292,µg/m³,VOC,
62601,EXPERIMENTAL FARM _SIMCOE_,Ethylbenzene,2007-01-24T00:00,0.052,µg/m³,VOC,
62601,EXPERIMENTAL FARM _SIMCOE_,Ethylbenzene,2007-01-27T00:00,0.094,µg/m³,VOC,
62601,EXPERIMENTAL FARM _SIMCOE_,Ethylbenzene,2007-02-02T00:00,0.094,µg/m³,VOC,
62601,EXPERIMENTAL FARM _SIMCOE_,Ethylbenzene,2007-02-08T00:00,0.084,µg/m³,VOC,
62601,EXPERIMENTAL FARM _SIMCOE_,Ethylbenzene,2007-04-27T00:00,0.084,µg/m³,VOC,
62601,EXPERIMENTAL FARM _SIMCOE_,Ethylbenzene,2007-04-30T00:00,0.041,µg/m³,VOC,
62601,EXPERIMENTAL FARM _SIMCOE_,Ethylbenzene,2007-05-03T00:00,0.023,µg/m³,VOC,
62601,EXPERIMENTAL FARM _SIMCOE_,Ethylbenzene,2007-05-09T00:00,0.036,µg/m³,VOC,
62601,EXPERIMENTAL FARM _SIMCOE_,Ethylbenzene,2007-05-12T00:00,0.044,µg/m³,VOC,
62601,EXPERIMENTAL FARM _SIMCOE_,Ethylbenzene,2007-05-15T00:00,0.043,µg/m³,VOC,
62601,EXPERIMENTAL FARM _SIMCOE_,Ethylbenzene,2007-05-18T00:00,0.044,µg/m³,VOC,
62601,EXPERIMENTAL FARM _SIMCOE_,Ethylbenzene,2007-05-21T00:00,0.035,µg/m³,VOC,
62601,EXPERIMENTAL FARM _SIMCOE_,Ethylbenzene,2007-05-27T00:00,0.029,µg/m³,VOC,
62601,EXPERIMENTAL FARM _SIMCOE_,Ethylbenzene,2007-05-30T00:00,0.034,µg/m³,VOC,
62601,EXPERIMENTAL FARM _SIMCOE_,Ethylbenzene,2007-06-02T00:00,0.046,µg/m³,VOC,
62601,EXPERIMENTAL FARM _SIMCOE_,Ethylbenzene,2007-06-05T00:00,0.015,µg/m³,VOC,
62601,EXPERIMENTAL FARM _SIMCOE_,Ethylbenzene,2007-06-08T00:00,0.026,µg/m³,VOC,
62601,EXPERIMENTAL FARM _SIMCOE_,Ethylbenzene,2007-06-11T00:00,0.021,µg/m³,VOC,
62601,EXPERIMENTAL FARM _SIMCOE_,Ethylbenzene,2007-06-17T00:00,0.014,µg/m³,VOC,
62601,EXPERIMENTAL FARM _SIMCOE_,Ethylbenzene,2007-06-20T00:00,0.022,µg/m³,VOC,
62601,EXPERIMENTAL FARM _SIMCOE_,Ethylbenzene,2007-06-23T00:00,0.018,µg/m³,VOC,
62601,EXPERIMENTAL FARM _SIMCOE_,Ethylbenzene,2007-06-26T00:00,0.034,µg/m³,VOC,
62601,EXPERIMENTAL FARM _SIMCOE_,Ethylbenzene,2007-06-29T00:00,0.022,µg/m³,VOC,
62601,EXPERIMENTAL FARM _SIMCOE_,Ethylbenzene,2007-07-02T00:00,0.012,µg/m³,VOC,
62601,EXPERIMENTAL FARM _SIMCOE_,Ethylbenzene,2007-07-05T00:00,0.049,µg/m³,VOC,
62601,EXPERIMENTAL FARM _SIMCOE_,Ethylbenzene,2007-07-08T00:00,0.040,µg/m³,VOC,
62601,EXPERIMENTAL FARM _SIMCOE_,Ethylbenzene,2007-07-11T00:00,0.018,µg/m³,VOC,
62601,EXPERIMENTAL FARM _SIMCOE_,Ethylbenzene,2007-07-14T00:00,0.031,µg/m³,VOC,
62601,EXPERIMENTAL FARM _SIMCOE_,Ethylbenzene,2007-07-17T00:00,0.036,µg/m³,VOC,
62601,EXPERIMENTAL FARM _SIMCOE_,Ethylbenzene,2007-07-20T00:00,0.043,µg/m³,VOC,
62601,EXPERIMENTAL FARM _SIMCOE_,Ethylbenzene,2007-07-23T00:00,0.050,µg/m³,VOC,
62601,EXPERIMENTAL FARM _SIMCOE_,Ethylbenzene,2007-07-26T00:00,0.038,µg/m³,VOC,
62601,EXPERIMENTAL FARM _SIMCOE_,Ethylbenzene,2007-07-29T00:00,0.017,µg/m³,VOC,
62601,EXPERIMENTAL FARM _SIMCOE_,Ethylbenzene,2007-08-01T00:00,0.027,µg/m³,VOC,
62601,EXPERIMENTAL FARM _SIMCOE_,Ethylbenzene,2007-08-04T00:00,0.022,µg/m³,VOC,
62601,EXPERIMENTAL FARM _SIMCOE_,Ethylbenzene,2007-08-10T00:00,0.049,µg/m³,VOC,
62601,EXPERIMENTAL FARM _SIMCOE_,Ethylbenzene,2007-08-13T00:00,0.038,µg/m³,VOC,
62601,EXPERIMENTAL FARM _SIMCOE_,Ethylbenzene,2007-08-16T00:00,0.128,µg/m³,VOC,
62601,EXPERIMENTAL FARM _SIMCOE_,Ethylbenzene,2007-08-19T00:00,0.093,µg/m³,VOC,
62601,EXPERIMENTAL FARM _SIMCOE_,Ethylbenzene,2007-08-22T00:00,0.096,µg/m³,VOC,
62601,EXPERIMENTAL FARM _SIMCOE_,Ethylbenzene,2007-08-25T00:00,0.038,µg/m³,VOC,
62601,EXPERIMENTAL FARM _SIMCOE_,Ethylbenzene,2007-08-28T00:00,0.035,µg/m³,VOC,
62601,EXPERIMENTAL FARM _SIMCOE_,Ethylbenzene,2007-08-31T00:00,0.034,µg/m³,VOC,
62601,EXPERIMENTAL FARM _SIMCOE_,Ethylbenzene,2007-09-03T00:00,0.059,µg/m³,VOC,
62601,EXPERIMENTAL FARM _SIMCOE_,Ethylbenzene,2007-09-06T00:00,0.040,µg/m³,VOC,
62601,EXPERIMENTAL FARM _SIMCOE_,Ethylbenzene,2007-09-09T00:00,0.035,µg/m³,VOC,
62601,EXPERIMENTAL FARM _SIMCOE_,Ethylbenzene,2007-09-12T00:00,0.055,µg/m³,VOC,
62601,EXPERIMENTAL FARM _SIMCOE_,Ethylbenzene,2007-09-15T00:00,0.008,µg/m³,VOC,
62601,EXPERIMENTAL FARM _SIMCOE_,Ethylbenzene,2007-09-18T00:00,0.020,µg/m³,VOC,
62601,EXPERIMENTAL FARM _SIMCOE_,Ethylbenzene,2007-09-21T00:00,0.057,µg/m³,VOC,
62601,EXPERIMENTAL FARM _SIMCOE_,Ethylbenzene,2007-09-27T00:00,0.135,µg/m³,VOC,
62601,EXPERIMENTAL FARM _SIMCOE_,Ethylbenzene,2007-09-30T00:00,0.018,µg/m³,VOC,
62601,EXPERIMENTAL FARM _SIMCOE_,Ethylbenzene,2007-10-03T00:00,0.069,µg/m³,VOC,
62601,EXPERIMENTAL FARM _SIMCOE_,Ethylbenzene,2007-10-06T00:00,0.069,µg/m³,VOC,
62601,EXPERIMENTAL FARM _SIMCOE_,Ethylbenzene,2007-10-12T00:00,0.037,µg/m³,VOC,
62601,EXPERIMENTAL FARM _SIMCOE_,Ethylbenzene,2007-10-15T00:00,0.026,µg/m³,VOC,
62601,EXPERIMENTAL FARM _SIMCOE_,Ethylbenzene,2007-10-18T00:00,0.054,µg/m³,VOC,
62601,EXPERIMENTAL FARM _SIMCOE_,Ethylbenzene,2007-10-21T00:00,0.031,µg/m³,VOC,
62601,EXPERIMENTAL FARM _SIMCOE_,Ethylbenzene,2007-10-24T00:00,0.046,µg/m³,VOC,
62601,EXPERIMENTAL FARM _SIMCOE_,Ethylbenzene,2007-10-27T00:00,0.061,µg/m³,VOC,
62601,EXPERIMENTAL FARM _SIMCOE_,Ethylbenzene,2007-10-30T00:00,0.037,µg/m³,VOC,
62601,EXPERIMENTAL FARM _SIMCOE_,Ethylbenzene,2007-11-02T00:00,0.024,µg/m³,VOC,
62601,EXPERIMENTAL FARM _SIMCOE_,Ethylbenzene,2007-11-08T00:00,0.057,µg/m³,VOC,
62601,EXPERIMENTAL FARM _SIMCOE_,Ethylbenzene,2007-11-11T00:00,0.057,µg/m³,VOC,
62601,EXPERIMENTAL FARM _SIMCOE_,Ethylbenzene,2007-11-14T00:00,0.064,µg/m³,VOC,
62601,EXPERIMENTAL FARM _SIMCOE_,Ethylbenzene,2007-11-17T00:00,0.024,µg/m³,VOC,
62601,EXPERIMENTAL FARM _SIMCOE_,Ethylbenzene,2007-11-20T00:00,0.095,µg/m³,VOC,
62601,EXPERIMENTAL FARM _SIMCOE_,Ethylbenzene,2007-11-23T00:00,0.042,µg/m³,VOC,
62601,EXPERIMENTAL FARM _SIMCOE_,Ethylbenzene,2007-11-26T00:00,0.106,µg/m³,VOC,
62601,EXPERIMENTAL FARM _SIMCOE_,Ethylbenzene,2007-11-29T00:00,0.038,µg/m³,VOC,
62601,EXPERIMENTAL FARM _SIMCOE_,Ethylbenzene,2007-12-02T00:00,0.076,µg/m³,VOC,
62601,EXPERIMENTAL FARM _SIMCOE_,Ethylbenzene,2007-12-05T00:00,0.055,µg/m³,VOC,
62601,EXPERIMENTAL FARM _SIMCOE_,Ethylbenzene,2007-12-08T00:00,0.050,µg/m³,VOC,
62601,EXPERIMENTAL FARM _SIMCOE_,Ethylbenzene,2007-12-11T00:00,0.177,µg/m³,VOC,
62601,EXPERIMENTAL FARM _SIMCOE_,Ethylbenzene,2007-12-14T00:00,0.060,µg/m³,VOC,
62601,EXPERIMENTAL FARM _SIMCOE_,Ethylbenzene,2007-12-17T00:00,0.087,µg/m³,VOC,
62601,EXPERIMENTAL FARM _SIMCOE_,Ethylbenzene,2007-12-20T00:00,0.101,µg/m³,VOC,
62601,EXPERIMENTAL FARM _SIMCOE_,Ethylbenzene,2007-12-23T00:00,0.055,µg/m³,VOC,
62601,EXPERIMENTAL FARM _SIMCOE_,Ethylbenzene,2007-12-26T00:00,0.062,µg/m³,VOC,
62601,EXPERIMENTAL FARM _SIMCOE_,Ethylbenzene,2007-12-29T00:00,0.068,µg/m³,VOC,
