﻿NAPS_Site_ID,Station_Name,Pollutant,Date,Value,Units,Report_Type,Method
60903,LONDON AQI SITE _LONDON_ 900_HGHBURYAVE,2-Methylpentane,2012-02-09T00:00,0.330,µg/m³,VOC,GC-MS
60903,LONDON AQI SITE _LONDON_ 900_HGHBURYAVE,2-Methylpentane,2012-02-15T00:00,0.461,µg/m³,VOC,GC-MS
60903,LONDON AQI SITE _LONDON_ 900_HGHBURYAVE,2-Methylpentane,2012-02-21T00:00,0.419,µg/m³,VOC,GC-MS
60903,LONDON AQI SITE _LONDON_ 900_HGHBURYAVE,2-Methylpentane,2012-02-27T00:00,0.234,µg/m³,VOC,GC-MS
60903,LONDON AQI SITE _LONDON_ 900_HGHBURYAVE,2-Methylpentane,2012-03-04T00:00,0.144,µg/m³,VOC,GC-MS
60903,LONDON AQI SITE _LONDON_ 900_HGHBURYAVE,2-Methylpentane,2012-03-10T00:00,0.167,µg/m³,VOC,GC-MS
60903,LONDON AQI SITE _LONDON_ 900_HGHBURYAVE,2-Methylpentane,2012-03-16T00:00,0.463,µg/m³,VOC,GC-MS
60903,LONDON AQI SITE _LONDON_ 900_HGHBURYAVE,2-Methylpentane,2012-03-22T00:00,0.460,µg/m³,VOC,GC-MS
60903,LONDON AQI SITE _LONDON_ 900_HGHBURYAVE,2-Methylpentane,2012-03-28T00:00,0.199,µg/m³,VOC,GC-MS
60903,LONDON AQI SITE _LONDON_ 900_HGHBURYAVE,2-Methylpentane,2012-04-03T00:00,0.450,µg/m³,VOC,GC-MS
60903,LONDON AQI SITE _LONDON_ 900_HGHBURYAVE,2-Methylpentane,2012-04-09T00:00,0.263,µg/m³,VOC,GC-MS
60903,LONDON AQI SITE _LONDON_ 900_HGHBURYAVE,2-Methylpentane,2012-04-15T00:00,0.213,µg/m³,VOC,GC-MS
60903,LONDON AQI SITE _LONDON_ 900_HGHBURYAVE,2-Methylpentane,2012-04-21T00:00,0.059,µg/m³,VOC,GC-MS
60903,LONDON AQI SITE _LONDON_ 900_HGHBURYAVE,2-Methylpentane,2012-04-27T00:00,0.117,µg/m³,VOC,GC-MS
60903,LONDON AQI SITE _LONDON_ 900_HGHBURYAVE,2-Methylpentane,2012-05-03T00:00,1.297,µg/m³,VOC,GC-MS
60903,LONDON AQI SITE _LONDON_ 900_HGHBURYAVE,2-Methylpentane,2012-05-09T00:00,1.046,µg/m³,VOC,GC-MS
60903,LONDON AQI SITE _LONDON_ 900_HGHBURYAVE,2-Methylpentane,2012-05-15T00:00,2.516,µg/m³,VOC,GC-MS
60903,LONDON AQI SITE _LONDON_ 900_HGHBURYAVE,2-Methylpentane,2012-05-21T00:00,0.265,µg/m³,VOC,GC-MS
60903,LONDON AQI SITE _LONDON_ 900_HGHBURYAVE,2-Methylpentane,2012-05-27T00:00,0.295,µg/m³,VOC,GC-MS
60903,LONDON AQI SITE _LONDON_ 900_HGHBURYAVE,2-Methylpentane,2012-06-02T00:00,0.128,µg/m³,VOC,GC-MS
60903,LONDON AQI SITE _LONDON_ 900_HGHBURYAVE,2-Methylpentane,2012-06-08T00:00,0.606,µg/m³,VOC,GC-MS
60903,LONDON AQI SITE _LONDON_ 900_HGHBURYAVE,2-Methylpentane,2012-06-14T00:00,0.447,µg/m³,VOC,GC-MS
60903,LONDON AQI SITE _LONDON_ 900_HGHBURYAVE,2-Methylpentane,2012-06-20T00:00,0.326,µg/m³,VOC,GC-MS
60903,LONDON AQI SITE _LONDON_ 900_HGHBURYAVE,2-Methylpentane,2012-06-26T00:00,0.173,µg/m³,VOC,GC-MS
60903,LONDON AQI SITE _LONDON_ 900_HGHBURYAVE,2-Methylpentane,2012-07-02T00:00,0.626,µg/m³,VOC,GC-MS
60903,LONDON AQI SITE _LONDON_ 900_HGHBURYAVE,2-Methylpentane,2012-07-08T00:00,0.174,µg/m³,VOC,GC-MS
60903,LONDON AQI SITE _LONDON_ 900_HGHBURYAVE,2-Methylpentane,2012-07-14T00:00,0.180,µg/m³,VOC,GC-MS
60903,LONDON AQI SITE _LONDON_ 900_HGHBURYAVE,2-Methylpentane,2012-07-20T00:00,0.303,µg/m³,VOC,GC-MS
60903,LONDON AQI SITE _LONDON_ 900_HGHBURYAVE,2-Methylpentane,2012-07-26T00:00,0.214,µg/m³,VOC,GC-MS
60903,LONDON AQI SITE _LONDON_ 900_HGHBURYAVE,2-Methylpentane,2012-08-01T00:00,0.217,µg/m³,VOC,GC-MS
60903,LONDON AQI SITE _LONDON_ 900_HGHBURYAVE,2-Methylpentane,2012-08-07T00:00,0.412,µg/m³,VOC,GC-MS
60903,LONDON AQI SITE _LONDON_ 900_HGHBURYAVE,2-Methylpentane,2012-08-13T00:00,0.613,µg/m³,VOC,GC-MS
60903,LONDON AQI SITE _LONDON_ 900_HGHBURYAVE,2-Methylpentane,2012-08-19T00:00,1.851,µg/m³,VOC,GC-MS
60903,LONDON AQI SITE _LONDON_ 900_HGHBURYAVE,2-Methylpentane,2012-08-25T00:00,0.510,µg/m³,VOC,GC-MS
60903,LONDON AQI SITE _LONDON_ 900_HGHBURYAVE,2-Methylpentane,2012-08-31T00:00,0.301,µg/m³,VOC,GC-MS
60903,LONDON AQI SITE _LONDON_ 900_HGHBURYAVE,2-Methylpentane,2012-09-06T00:00,0.504,µg/m³,VOC,GC-MS
60903,LONDON AQI SITE _LONDON_ 900_HGHBURYAVE,2-Methylpentane,2012-09-12T00:00,0.282,µg/m³,VOC,GC-MS
60903,LONDON AQI SITE _LONDON_ 900_HGHBURYAVE,2-Methylpentane,2012-09-18T00:00,0.212,µg/m³,VOC,GC-MS
60903,LONDON AQI SITE _LONDON_ 900_HGHBURYAVE,2-Methylpentane,2012-09-24T00:00,0.297,µg/m³,VOC,GC-MS
60903,LONDON AQI SITE _LONDON_ 900_HGHBURYAVE,2-Methylpentane,2012-09-30T00:00,0.170,µg/m³,VOC,GC-MS
60903,LONDON AQI SITE _LONDON_ 900_HGHBURYAVE,2-Methylpentane,2012-10-06T00:00,0.230,µg/m³,VOC,GC-MS
60903,LONDON AQI SITE _LONDON_ 900_HGHBURYAVE,2-Methylpentane,2012-10-12T00:00,0.500,µg/m³,VOC,GC-MS
60903,LONDON AQI SITE _LONDON_ 900_HGHBURYAVE,2-Methylpentane,2012-10-18T00:00,0.211,µg/m³,VOC,GC-MS
60903,LONDON AQI SITE _LONDON_ 900_HGHBURYAVE,2-Methylpentane,2012-10-24T00:00,0.318,µg/m³,VOC,GC-MS
60903,LONDON AQI SITE _LONDON_ 900_HGHBURYAVE,2-Methylpentane,2012-10-30T00:00,0.071,µg/m³,VOC,GC-MS
60903,LONDON AQI SITE _LONDON_ 900_HGHBURYAVE,2-Methylpentane,2012-11-05T00:00,0.108,µg/m³,VOC,GC-MS
60903,LONDON AQI SITE _LONDON_ 900_HGHBURYAVE,2-Methylpentane,2012-11-11T00:00,0.280,µg/m³,VOC,GC-MS
60903,LONDON AQI SITE _LONDON_ 900_HGHBURYAVE,2-Methylpentane,2012-11-17T00:00,2.634,µg/m³,VOC,GC-MS
60903,LONDON AQI SITE _LONDON_ 900_HGHBURYAVE,2-Methylpentane,2012-11-23T00:00,0.292,µg/m³,VOC,GC-MS
60903,LONDON AQI SITE _LONDON_ 900_HGHBURYAVE,2-Methylpentane,2012-11-29T00:00,0.480,µg/m³,VOC,GC-MS
60903,LONDON AQI SITE _LONDON_ 900_HGHBURYAVE,2-Methylpentane,2012-12-05T00:00,0.208,µg/m³,VOC,GC-MS
60903,LONDON AQI SITE _LONDON_ 900_HGHBURYAVE,2-Methylpentane,2012-12-11T00:00,0.182,µg/m³,VOC,GC-MS
60903,LONDON AQI SITE _LONDON_ 900_HGHBURYAVE,2-Methylpentane,2012-12-17T00:00,0.450,µg/m³,VOC,GC-MS
60903,LONDON AQI SITE _LONDON_ 900_HGHBURYAVE,2-Methylpentane,2012-12-23T00:00,0.230,µg/m³,VOC,GC-MS
60903,LONDON AQI SITE _LONDON_ 900_HGHBURYAVE,2-Methylpentane,2012-12-29T00:00,0.356,µg/m³,VOC,GC-MS
