﻿NAPS_Site_ID,Station_Name,Pollutant,Date,Value,Units,Report_Type,Method
100111,ROCKY POINT PARK,Vinylchloride,1992-01-07T00:00,0.000,µg/m³,VOC,
100111,ROCKY POINT PARK,Vinylchloride,1992-01-13T00:00,0.000,µg/m³,VOC,
100111,ROCKY POINT PARK,Vinylchloride,1992-01-19T00:00,0.000,µg/m³,VOC,
100111,ROCKY POINT PARK,Vinylchloride,1992-01-25T00:00,0.000,µg/m³,VOC,
100111,ROCKY POINT PARK,Vinylchloride,1992-01-31T00:00,0.000,µg/m³,VOC,
100111,ROCKY POINT PARK,Vinylchloride,1992-02-12T00:00,0.000,µg/m³,VOC,
100111,ROCKY POINT PARK,Vinylchloride,1992-02-18T00:00,0.000,µg/m³,VOC,
100111,ROCKY POINT PARK,Vinylchloride,1992-02-24T00:00,0.000,µg/m³,VOC,
100111,ROCKY POINT PARK,Vinylchloride,1992-03-01T00:00,0.000,µg/m³,VOC,
100111,ROCKY POINT PARK,Vinylchloride,1992-03-07T00:00,0.000,µg/m³,VOC,
100111,ROCKY POINT PARK,Vinylchloride,1992-03-13T00:00,0.000,µg/m³,VOC,
100111,ROCKY POINT PARK,Vinylchloride,1992-03-19T00:00,0.000,µg/m³,VOC,
100111,ROCKY POINT PARK,Vinylchloride,1992-03-25T00:00,0.000,µg/m³,VOC,
100111,ROCKY POINT PARK,Vinylchloride,1992-03-31T00:00,0.000,µg/m³,VOC,
100111,ROCKY POINT PARK,Vinylchloride,1992-04-06T00:00,0.000,µg/m³,VOC,
100111,ROCKY POINT PARK,Vinylchloride,1992-04-24T00:00,0.000,µg/m³,VOC,
100111,ROCKY POINT PARK,Vinylchloride,1992-04-30T00:00,0.000,µg/m³,VOC,
100111,ROCKY POINT PARK,Vinylchloride,1992-05-06T00:00,0.005,µg/m³,VOC,
100111,ROCKY POINT PARK,Vinylchloride,1992-05-12T00:00,0.012,µg/m³,VOC,
100111,ROCKY POINT PARK,Vinylchloride,1992-05-18T00:00,0.019,µg/m³,VOC,
100111,ROCKY POINT PARK,Vinylchloride,1992-05-24T00:00,0.008,µg/m³,VOC,
100111,ROCKY POINT PARK,Vinylchloride,1992-05-30T00:00,0.011,µg/m³,VOC,
100111,ROCKY POINT PARK,Vinylchloride,1992-06-05T00:00,0.007,µg/m³,VOC,
100111,ROCKY POINT PARK,Vinylchloride,1992-06-11T00:00,0.033,µg/m³,VOC,
100111,ROCKY POINT PARK,Vinylchloride,1992-06-17T00:00,0.006,µg/m³,VOC,
100111,ROCKY POINT PARK,Vinylchloride,1992-06-23T00:00,0.013,µg/m³,VOC,
100111,ROCKY POINT PARK,Vinylchloride,1992-06-29T00:00,0.016,µg/m³,VOC,
100111,ROCKY POINT PARK,Vinylchloride,1992-07-01T00:00,0.008,µg/m³,VOC,
100111,ROCKY POINT PARK,Vinylchloride,1992-07-02T00:00,0.006,µg/m³,VOC,
100111,ROCKY POINT PARK,Vinylchloride,1992-07-03T00:00,0.026,µg/m³,VOC,
100111,ROCKY POINT PARK,Vinylchloride,1992-07-04T00:00,0.012,µg/m³,VOC,
100111,ROCKY POINT PARK,Vinylchloride,1992-07-05T00:00,0.010,µg/m³,VOC,
100111,ROCKY POINT PARK,Vinylchloride,1992-07-06T00:00,0.012,µg/m³,VOC,
100111,ROCKY POINT PARK,Vinylchloride,1992-07-07T00:00,0.000,µg/m³,VOC,
100111,ROCKY POINT PARK,Vinylchloride,1992-07-09T00:00,0.018,µg/m³,VOC,
100111,ROCKY POINT PARK,Vinylchloride,1992-07-10T00:00,0.000,µg/m³,VOC,
100111,ROCKY POINT PARK,Vinylchloride,1992-07-11T00:00,0.000,µg/m³,VOC,
100111,ROCKY POINT PARK,Vinylchloride,1992-07-12T00:00,0.006,µg/m³,VOC,
100111,ROCKY POINT PARK,Vinylchloride,1992-07-13T00:00,0.000,µg/m³,VOC,
100111,ROCKY POINT PARK,Vinylchloride,1992-07-14T00:00,0.014,µg/m³,VOC,
100111,ROCKY POINT PARK,Vinylchloride,1992-07-15T00:00,0.006,µg/m³,VOC,
100111,ROCKY POINT PARK,Vinylchloride,1992-07-16T00:00,0.000,µg/m³,VOC,
100111,ROCKY POINT PARK,Vinylchloride,1992-07-17T00:00,0.005,µg/m³,VOC,
100111,ROCKY POINT PARK,Vinylchloride,1992-07-18T00:00,0.000,µg/m³,VOC,
100111,ROCKY POINT PARK,Vinylchloride,1992-07-19T00:00,0.000,µg/m³,VOC,
100111,ROCKY POINT PARK,Vinylchloride,1992-07-25T00:00,0.000,µg/m³,VOC,
100111,ROCKY POINT PARK,Vinylchloride,1992-07-26T00:00,0.000,µg/m³,VOC,
100111,ROCKY POINT PARK,Vinylchloride,1992-07-27T00:00,0.000,µg/m³,VOC,
100111,ROCKY POINT PARK,Vinylchloride,1992-07-28T00:00,0.000,µg/m³,VOC,
100111,ROCKY POINT PARK,Vinylchloride,1992-07-29T00:00,0.000,µg/m³,VOC,
100111,ROCKY POINT PARK,Vinylchloride,1992-07-30T00:00,0.000,µg/m³,VOC,
100111,ROCKY POINT PARK,Vinylchloride,1992-07-31T00:00,0.000,µg/m³,VOC,
100111,ROCKY POINT PARK,Vinylchloride,1992-08-01T00:00,0.000,µg/m³,VOC,
100111,ROCKY POINT PARK,Vinylchloride,1992-08-02T00:00,0.000,µg/m³,VOC,
100111,ROCKY POINT PARK,Vinylchloride,1992-08-03T00:00,0.000,µg/m³,VOC,
100111,ROCKY POINT PARK,Vinylchloride,1992-08-04T00:00,0.000,µg/m³,VOC,
100111,ROCKY POINT PARK,Vinylchloride,1992-08-05T00:00,0.000,µg/m³,VOC,
100111,ROCKY POINT PARK,Vinylchloride,1992-08-06T00:00,0.000,µg/m³,VOC,
100111,ROCKY POINT PARK,Vinylchloride,1992-08-07T00:00,0.000,µg/m³,VOC,
100111,ROCKY POINT PARK,Vinylchloride,1992-08-08T00:00,0.000,µg/m³,VOC,
100111,ROCKY POINT PARK,Vinylchloride,1992-08-09T00:00,0.000,µg/m³,VOC,
100111,ROCKY POINT PARK,Vinylchloride,1992-08-10T00:00,0.000,µg/m³,VOC,
100111,ROCKY POINT PARK,Vinylchloride,1992-08-11T00:00,0.000,µg/m³,VOC,
100111,ROCKY POINT PARK,Vinylchloride,1992-08-12T00:00,0.000,µg/m³,VOC,
100111,ROCKY POINT PARK,Vinylchloride,1992-08-13T00:00,0.000,µg/m³,VOC,
100111,ROCKY POINT PARK,Vinylchloride,1992-08-14T00:00,0.000,µg/m³,VOC,
100111,ROCKY POINT PARK,Vinylchloride,1992-08-15T00:00,0.000,µg/m³,VOC,
100111,ROCKY POINT PARK,Vinylchloride,1992-08-17T00:00,0.000,µg/m³,VOC,
100111,ROCKY POINT PARK,Vinylchloride,1992-08-18T00:00,0.000,µg/m³,VOC,
100111,ROCKY POINT PARK,Vinylchloride,1992-08-19T00:00,0.000,µg/m³,VOC,
100111,ROCKY POINT PARK,Vinylchloride,1992-08-20T00:00,0.000,µg/m³,VOC,
100111,ROCKY POINT PARK,Vinylchloride,1992-08-21T00:00,0.000,µg/m³,VOC,
100111,ROCKY POINT PARK,Vinylchloride,1992-08-22T00:00,0.000,µg/m³,VOC,
100111,ROCKY POINT PARK,Vinylchloride,1992-08-23T00:00,0.000,µg/m³,VOC,
100111,ROCKY POINT PARK,Vinylchloride,1992-08-24T00:00,0.000,µg/m³,VOC,
100111,ROCKY POINT PARK,Vinylchloride,1992-08-26T00:00,0.000,µg/m³,VOC,
100111,ROCKY POINT PARK,Vinylchloride,1992-08-27T00:00,0.000,µg/m³,VOC,
100111,ROCKY POINT PARK,Vinylchloride,1992-08-28T00:00,0.000,µg/m³,VOC,
100111,ROCKY POINT PARK,Vinylchloride,1992-08-29T00:00,0.000,µg/m³,VOC,
100111,ROCKY POINT PARK,Vinylchloride,1992-08-30T00:00,0.000,µg/m³,VOC,
100111,ROCKY POINT PARK,Vinylchloride,1992-09-01T00:00,0.000,µg/m³,VOC,
100111,ROCKY POINT PARK,Vinylchloride,1992-09-02T00:00,0.000,µg/m³,VOC,
100111,ROCKY POINT PARK,Vinylchloride,1992-10-03T00:00,0.000,µg/m³,VOC,
100111,ROCKY POINT PARK,Vinylchloride,1992-10-09T00:00,0.000,µg/m³,VOC,
100111,ROCKY POINT PARK,Vinylchloride,1992-10-15T00:00,0.000,µg/m³,VOC,
100111,ROCKY POINT PARK,Vinylchloride,1992-10-21T00:00,0.000,µg/m³,VOC,
100111,ROCKY POINT PARK,Vinylchloride,1992-10-27T00:00,0.000,µg/m³,VOC,
100111,ROCKY POINT PARK,Vinylchloride,1992-11-02T00:00,0.000,µg/m³,VOC,
100111,ROCKY POINT PARK,Vinylchloride,1992-11-08T00:00,0.000,µg/m³,VOC,
100111,ROCKY POINT PARK,Vinylchloride,1992-11-14T00:00,0.000,µg/m³,VOC,
100111,ROCKY POINT PARK,Vinylchloride,1992-11-20T00:00,0.000,µg/m³,VOC,
100111,ROCKY POINT PARK,Vinylchloride,1992-11-26T00:00,0.000,µg/m³,VOC,
100111,ROCKY POINT PARK,Vinylchloride,1992-12-02T00:00,0.000,µg/m³,VOC,
