﻿NAPS_Site_ID,Station_Name,Pollutant,Date,Value,Units,Report_Type,Method
50129,MONTRÉAL-RIVIÈRE-DES-PRAIRIES,"2,2,5-Trimethylhexane",2009-01-01T00:00,0.006,µg/m³,VOC,N/A
50129,MONTRÉAL-RIVIÈRE-DES-PRAIRIES,"2,2,5-Trimethylhexane",2009-01-07T00:00,0.008,µg/m³,VOC,N/A
50129,MONTRÉAL-RIVIÈRE-DES-PRAIRIES,"2,2,5-Trimethylhexane",2009-01-13T00:00,0.017,µg/m³,VOC,N/A
50129,MONTRÉAL-RIVIÈRE-DES-PRAIRIES,"2,2,5-Trimethylhexane",2009-01-25T00:00,0.010,µg/m³,VOC,N/A
50129,MONTRÉAL-RIVIÈRE-DES-PRAIRIES,"2,2,5-Trimethylhexane",2009-01-31T00:00,0.006,µg/m³,VOC,N/A
50129,MONTRÉAL-RIVIÈRE-DES-PRAIRIES,"2,2,5-Trimethylhexane",2009-02-06T00:00,0.013,µg/m³,VOC,N/A
50129,MONTRÉAL-RIVIÈRE-DES-PRAIRIES,"2,2,5-Trimethylhexane",2009-02-12T00:00,0.014,µg/m³,VOC,N/A
50129,MONTRÉAL-RIVIÈRE-DES-PRAIRIES,"2,2,5-Trimethylhexane",2009-02-18T00:00,0.024,µg/m³,VOC,N/A
50129,MONTRÉAL-RIVIÈRE-DES-PRAIRIES,"2,2,5-Trimethylhexane",2009-02-24T00:00,0.008,µg/m³,VOC,N/A
50129,MONTRÉAL-RIVIÈRE-DES-PRAIRIES,"2,2,5-Trimethylhexane",2009-03-02T00:00,0.004,µg/m³,VOC,N/A
50129,MONTRÉAL-RIVIÈRE-DES-PRAIRIES,"2,2,5-Trimethylhexane",2009-03-08T00:00,0.012,µg/m³,VOC,N/A
50129,MONTRÉAL-RIVIÈRE-DES-PRAIRIES,"2,2,5-Trimethylhexane",2009-03-14T00:00,0.006,µg/m³,VOC,N/A
50129,MONTRÉAL-RIVIÈRE-DES-PRAIRIES,"2,2,5-Trimethylhexane",2009-03-20T00:00,0.006,µg/m³,VOC,N/A
50129,MONTRÉAL-RIVIÈRE-DES-PRAIRIES,"2,2,5-Trimethylhexane",2009-03-26T00:00,0.011,µg/m³,VOC,N/A
50129,MONTRÉAL-RIVIÈRE-DES-PRAIRIES,"2,2,5-Trimethylhexane",2009-04-01T00:00,0.007,µg/m³,VOC,N/A
50129,MONTRÉAL-RIVIÈRE-DES-PRAIRIES,"2,2,5-Trimethylhexane",2009-04-07T00:00,0.004,µg/m³,VOC,N/A
50129,MONTRÉAL-RIVIÈRE-DES-PRAIRIES,"2,2,5-Trimethylhexane",2009-04-13T00:00,0.003,µg/m³,VOC,N/A
50129,MONTRÉAL-RIVIÈRE-DES-PRAIRIES,"2,2,5-Trimethylhexane",2009-04-19T00:00,0.003,µg/m³,VOC,N/A
50129,MONTRÉAL-RIVIÈRE-DES-PRAIRIES,"2,2,5-Trimethylhexane",2009-04-25T00:00,0.009,µg/m³,VOC,N/A
50129,MONTRÉAL-RIVIÈRE-DES-PRAIRIES,"2,2,5-Trimethylhexane",2009-05-01T00:00,0.013,µg/m³,VOC,N/A
50129,MONTRÉAL-RIVIÈRE-DES-PRAIRIES,"2,2,5-Trimethylhexane",2009-05-07T00:00,0.012,µg/m³,VOC,N/A
50129,MONTRÉAL-RIVIÈRE-DES-PRAIRIES,"2,2,5-Trimethylhexane",2009-05-13T00:00,0.026,µg/m³,VOC,N/A
50129,MONTRÉAL-RIVIÈRE-DES-PRAIRIES,"2,2,5-Trimethylhexane",2009-05-19T00:00,0.010,µg/m³,VOC,N/A
50129,MONTRÉAL-RIVIÈRE-DES-PRAIRIES,"2,2,5-Trimethylhexane",2009-05-25T00:00,0.016,µg/m³,VOC,N/A
50129,MONTRÉAL-RIVIÈRE-DES-PRAIRIES,"2,2,5-Trimethylhexane",2009-05-31T00:00,0.008,µg/m³,VOC,N/A
50129,MONTRÉAL-RIVIÈRE-DES-PRAIRIES,"2,2,5-Trimethylhexane",2009-06-06T00:00,0.014,µg/m³,VOC,N/A
50129,MONTRÉAL-RIVIÈRE-DES-PRAIRIES,"2,2,5-Trimethylhexane",2009-06-12T00:00,0.014,µg/m³,VOC,N/A
50129,MONTRÉAL-RIVIÈRE-DES-PRAIRIES,"2,2,5-Trimethylhexane",2009-06-18T00:00,0.047,µg/m³,VOC,N/A
50129,MONTRÉAL-RIVIÈRE-DES-PRAIRIES,"2,2,5-Trimethylhexane",2009-06-24T00:00,0.041,µg/m³,VOC,N/A
50129,MONTRÉAL-RIVIÈRE-DES-PRAIRIES,"2,2,5-Trimethylhexane",2009-06-30T00:00,0.042,µg/m³,VOC,N/A
50129,MONTRÉAL-RIVIÈRE-DES-PRAIRIES,"2,2,5-Trimethylhexane",2009-07-06T00:00,0.042,µg/m³,VOC,N/A
50129,MONTRÉAL-RIVIÈRE-DES-PRAIRIES,"2,2,5-Trimethylhexane",2009-07-18T00:00,0.029,µg/m³,VOC,N/A
50129,MONTRÉAL-RIVIÈRE-DES-PRAIRIES,"2,2,5-Trimethylhexane",2009-07-24T00:00,0.032,µg/m³,VOC,N/A
50129,MONTRÉAL-RIVIÈRE-DES-PRAIRIES,"2,2,5-Trimethylhexane",2009-07-30T00:00,0.036,µg/m³,VOC,N/A
50129,MONTRÉAL-RIVIÈRE-DES-PRAIRIES,"2,2,5-Trimethylhexane",2009-08-05T00:00,0.027,µg/m³,VOC,N/A
50129,MONTRÉAL-RIVIÈRE-DES-PRAIRIES,"2,2,5-Trimethylhexane",2009-08-11T00:00,0.031,µg/m³,VOC,N/A
50129,MONTRÉAL-RIVIÈRE-DES-PRAIRIES,"2,2,5-Trimethylhexane",2009-08-17T00:00,0.035,µg/m³,VOC,N/A
50129,MONTRÉAL-RIVIÈRE-DES-PRAIRIES,"2,2,5-Trimethylhexane",2009-08-23T00:00,0.022,µg/m³,VOC,N/A
50129,MONTRÉAL-RIVIÈRE-DES-PRAIRIES,"2,2,5-Trimethylhexane",2009-08-29T00:00,0.018,µg/m³,VOC,N/A
50129,MONTRÉAL-RIVIÈRE-DES-PRAIRIES,"2,2,5-Trimethylhexane",2009-09-04T00:00,0.035,µg/m³,VOC,N/A
50129,MONTRÉAL-RIVIÈRE-DES-PRAIRIES,"2,2,5-Trimethylhexane",2009-09-10T00:00,0.039,µg/m³,VOC,N/A
50129,MONTRÉAL-RIVIÈRE-DES-PRAIRIES,"2,2,5-Trimethylhexane",2009-09-16T00:00,0.026,µg/m³,VOC,N/A
50129,MONTRÉAL-RIVIÈRE-DES-PRAIRIES,"2,2,5-Trimethylhexane",2009-09-28T00:00,0.034,µg/m³,VOC,N/A
50129,MONTRÉAL-RIVIÈRE-DES-PRAIRIES,"2,2,5-Trimethylhexane",2009-10-04T00:00,0.030,µg/m³,VOC,N/A
50129,MONTRÉAL-RIVIÈRE-DES-PRAIRIES,"2,2,5-Trimethylhexane",2009-10-04T00:00,0.030,µg/m³,VOC,N/A
50129,MONTRÉAL-RIVIÈRE-DES-PRAIRIES,"2,2,5-Trimethylhexane",2009-10-10T00:00,0.022,µg/m³,VOC,N/A
50129,MONTRÉAL-RIVIÈRE-DES-PRAIRIES,"2,2,5-Trimethylhexane",2009-10-16T00:00,0.009,µg/m³,VOC,N/A
50129,MONTRÉAL-RIVIÈRE-DES-PRAIRIES,"2,2,5-Trimethylhexane",2009-10-22T00:00,0.009,µg/m³,VOC,N/A
50129,MONTRÉAL-RIVIÈRE-DES-PRAIRIES,"2,2,5-Trimethylhexane",2009-10-28T00:00,0.009,µg/m³,VOC,N/A
50129,MONTRÉAL-RIVIÈRE-DES-PRAIRIES,"2,2,5-Trimethylhexane",2009-11-03T00:00,0.019,µg/m³,VOC,N/A
50129,MONTRÉAL-RIVIÈRE-DES-PRAIRIES,"2,2,5-Trimethylhexane",2009-11-09T00:00,0.059,µg/m³,VOC,N/A
50129,MONTRÉAL-RIVIÈRE-DES-PRAIRIES,"2,2,5-Trimethylhexane",2009-11-15T00:00,0.026,µg/m³,VOC,N/A
50129,MONTRÉAL-RIVIÈRE-DES-PRAIRIES,"2,2,5-Trimethylhexane",2009-11-21T00:00,0.018,µg/m³,VOC,N/A
50129,MONTRÉAL-RIVIÈRE-DES-PRAIRIES,"2,2,5-Trimethylhexane",2009-11-27T00:00,0.025,µg/m³,VOC,N/A
50129,MONTRÉAL-RIVIÈRE-DES-PRAIRIES,"2,2,5-Trimethylhexane",2009-12-03T00:00,0.018,µg/m³,VOC,N/A
50129,MONTRÉAL-RIVIÈRE-DES-PRAIRIES,"2,2,5-Trimethylhexane",2009-12-09T00:00,0.014,µg/m³,VOC,N/A
50129,MONTRÉAL-RIVIÈRE-DES-PRAIRIES,"2,2,5-Trimethylhexane",2009-12-15T00:00,0.013,µg/m³,VOC,N/A
50129,MONTRÉAL-RIVIÈRE-DES-PRAIRIES,"2,2,5-Trimethylhexane",2009-12-21T00:00,0.008,µg/m³,VOC,N/A
50129,MONTRÉAL-RIVIÈRE-DES-PRAIRIES,"2,2,5-Trimethylhexane",2009-12-27T00:00,0.009,µg/m³,VOC,N/A
