﻿NAPS_Site_ID,Station_Name,Pollutant,Date,Value,Units,Report_Type,Method
63601,LONGWOODS CONS. AUTHORITY,Ethylbenzene,2016-12-31T19:00,0.041,µg/m³,VOC,GC-MS
63601,LONGWOODS CONS. AUTHORITY,Ethylbenzene,2017-01-06T19:00,0.045,µg/m³,VOC,GC-MS
63601,LONGWOODS CONS. AUTHORITY,Ethylbenzene,2017-01-18T19:00,0.083,µg/m³,VOC,GC-MS
63601,LONGWOODS CONS. AUTHORITY,Ethylbenzene,2017-01-30T19:00,0.041,µg/m³,VOC,GC-MS
63601,LONGWOODS CONS. AUTHORITY,Ethylbenzene,2017-02-05T19:00,0.028,µg/m³,VOC,GC-MS
63601,LONGWOODS CONS. AUTHORITY,Ethylbenzene,2017-02-11T19:00,0.081,µg/m³,VOC,GC-MS
63601,LONGWOODS CONS. AUTHORITY,Ethylbenzene,2017-02-17T19:00,0.074,µg/m³,VOC,GC-MS
63601,LONGWOODS CONS. AUTHORITY,Ethylbenzene,2017-02-23T19:00,0.040,µg/m³,VOC,GC-MS
63601,LONGWOODS CONS. AUTHORITY,Ethylbenzene,2017-03-01T19:00,0.012,µg/m³,VOC,GC-MS
63601,LONGWOODS CONS. AUTHORITY,Ethylbenzene,2017-03-07T19:00,0.015,µg/m³,VOC,GC-MS
63601,LONGWOODS CONS. AUTHORITY,Ethylbenzene,2017-03-13T20:00,0.009,µg/m³,VOC,GC-MS
63601,LONGWOODS CONS. AUTHORITY,Ethylbenzene,2017-03-25T20:00,0.047,µg/m³,VOC,GC-MS
63601,LONGWOODS CONS. AUTHORITY,Ethylbenzene,2017-03-31T20:00,0.011,µg/m³,VOC,GC-MS
63601,LONGWOODS CONS. AUTHORITY,Ethylbenzene,2017-04-12T20:00,0.020,µg/m³,VOC,GC-MS
63601,LONGWOODS CONS. AUTHORITY,Ethylbenzene,2017-04-18T20:00,0.047,µg/m³,VOC,GC-MS
63601,LONGWOODS CONS. AUTHORITY,Ethylbenzene,2017-04-24T20:00,0.025,µg/m³,VOC,GC-MS
63601,LONGWOODS CONS. AUTHORITY,Ethylbenzene,2017-04-30T20:00,0.024,µg/m³,VOC,GC-MS
63601,LONGWOODS CONS. AUTHORITY,Ethylbenzene,2017-05-06T20:00,0.005,µg/m³,VOC,GC-MS
63601,LONGWOODS CONS. AUTHORITY,Ethylbenzene,2017-05-12T20:00,0.015,µg/m³,VOC,GC-MS
63601,LONGWOODS CONS. AUTHORITY,Ethylbenzene,2017-05-18T20:00,0.016,µg/m³,VOC,GC-MS
63601,LONGWOODS CONS. AUTHORITY,Ethylbenzene,2017-05-24T20:00,0.056,µg/m³,VOC,GC-MS
63601,LONGWOODS CONS. AUTHORITY,Ethylbenzene,2017-05-30T20:00,0.030,µg/m³,VOC,GC-MS
63601,LONGWOODS CONS. AUTHORITY,Ethylbenzene,2017-06-05T20:00,0.024,µg/m³,VOC,GC-MS
63601,LONGWOODS CONS. AUTHORITY,Ethylbenzene,2017-06-11T20:00,0.018,µg/m³,VOC,GC-MS
63601,LONGWOODS CONS. AUTHORITY,Ethylbenzene,2017-06-17T20:00,0.021,µg/m³,VOC,GC-MS
63601,LONGWOODS CONS. AUTHORITY,Ethylbenzene,2017-06-23T20:00,0.020,µg/m³,VOC,GC-MS
63601,LONGWOODS CONS. AUTHORITY,Ethylbenzene,2017-06-29T20:00,0.259,µg/m³,VOC,GC-MS
63601,LONGWOODS CONS. AUTHORITY,Ethylbenzene,2017-07-05T20:00,0.018,µg/m³,VOC,GC-MS
63601,LONGWOODS CONS. AUTHORITY,Ethylbenzene,2017-07-11T20:00,0.033,µg/m³,VOC,GC-MS
63601,LONGWOODS CONS. AUTHORITY,Ethylbenzene,2017-07-17T20:00,0.010,µg/m³,VOC,GC-MS
63601,LONGWOODS CONS. AUTHORITY,Ethylbenzene,2017-07-23T20:00,0.280,µg/m³,VOC,GC-MS
63601,LONGWOODS CONS. AUTHORITY,Ethylbenzene,2017-07-29T20:00,0.296,µg/m³,VOC,GC-MS
63601,LONGWOODS CONS. AUTHORITY,Ethylbenzene,2017-08-04T20:00,0.024,µg/m³,VOC,GC-MS
63601,LONGWOODS CONS. AUTHORITY,Ethylbenzene,2017-08-10T20:00,0.032,µg/m³,VOC,GC-MS
63601,LONGWOODS CONS. AUTHORITY,Ethylbenzene,2017-08-16T20:00,0.049,µg/m³,VOC,GC-MS
63601,LONGWOODS CONS. AUTHORITY,Ethylbenzene,2017-08-22T20:00,0.059,µg/m³,VOC,GC-MS
63601,LONGWOODS CONS. AUTHORITY,Ethylbenzene,2017-08-28T20:00,0.027,µg/m³,VOC,GC-MS
63601,LONGWOODS CONS. AUTHORITY,Ethylbenzene,2017-09-03T20:00,0.040,µg/m³,VOC,GC-MS
63601,LONGWOODS CONS. AUTHORITY,Ethylbenzene,2017-09-09T20:00,0.017,µg/m³,VOC,GC-MS
63601,LONGWOODS CONS. AUTHORITY,Ethylbenzene,2017-09-21T20:00,0.015,µg/m³,VOC,GC-MS
63601,LONGWOODS CONS. AUTHORITY,Ethylbenzene,2017-09-27T20:00,0.014,µg/m³,VOC,GC-MS
63601,LONGWOODS CONS. AUTHORITY,Ethylbenzene,2017-10-03T20:00,0.098,µg/m³,VOC,GC-MS
63601,LONGWOODS CONS. AUTHORITY,Ethylbenzene,2017-10-09T20:00,0.137,µg/m³,VOC,GC-MS
63601,LONGWOODS CONS. AUTHORITY,Ethylbenzene,2017-10-15T20:00,0.019,µg/m³,VOC,GC-MS
63601,LONGWOODS CONS. AUTHORITY,Ethylbenzene,2017-10-21T20:00,0.063,µg/m³,VOC,GC-MS
63601,LONGWOODS CONS. AUTHORITY,Ethylbenzene,2017-10-27T20:00,0.028,µg/m³,VOC,GC-MS
63601,LONGWOODS CONS. AUTHORITY,Ethylbenzene,2017-11-02T20:00,0.035,µg/m³,VOC,GC-MS
63601,LONGWOODS CONS. AUTHORITY,Ethylbenzene,2017-11-08T19:00,0.060,µg/m³,VOC,GC-MS
63601,LONGWOODS CONS. AUTHORITY,Ethylbenzene,2017-11-14T19:00,0.093,µg/m³,VOC,GC-MS
63601,LONGWOODS CONS. AUTHORITY,Ethylbenzene,2017-11-20T19:00,0.067,µg/m³,VOC,GC-MS
63601,LONGWOODS CONS. AUTHORITY,Ethylbenzene,2017-11-26T19:00,0.043,µg/m³,VOC,GC-MS
63601,LONGWOODS CONS. AUTHORITY,Ethylbenzene,2017-12-02T19:00,0.112,µg/m³,VOC,GC-MS
63601,LONGWOODS CONS. AUTHORITY,Ethylbenzene,2017-12-08T19:00,0.034,µg/m³,VOC,GC-MS
63601,LONGWOODS CONS. AUTHORITY,Ethylbenzene,2017-12-20T19:00,0.041,µg/m³,VOC,GC-MS
63601,LONGWOODS CONS. AUTHORITY,Ethylbenzene,2017-12-26T19:00,0.031,µg/m³,VOC,GC-MS
