﻿NAPS_Site_ID,Station_Name,Pollutant,Date,Value,Units,Report_Type,Method
61502,WEST AVE. & HOMEWOOD _KITCHENER_,trans-2-Pentene,2007-01-06T00:00,0.043,µg/m³,VOC,
61502,WEST AVE. & HOMEWOOD _KITCHENER_,trans-2-Pentene,2007-01-12T00:00,0.085,µg/m³,VOC,
61502,WEST AVE. & HOMEWOOD _KITCHENER_,trans-2-Pentene,2007-01-18T00:00,0.036,µg/m³,VOC,
61502,WEST AVE. & HOMEWOOD _KITCHENER_,trans-2-Pentene,2007-01-24T00:00,0.031,µg/m³,VOC,
61502,WEST AVE. & HOMEWOOD _KITCHENER_,trans-2-Pentene,2007-01-30T00:00,0.087,µg/m³,VOC,
61502,WEST AVE. & HOMEWOOD _KITCHENER_,trans-2-Pentene,2007-02-05T00:00,0.021,µg/m³,VOC,
61502,WEST AVE. & HOMEWOOD _KITCHENER_,trans-2-Pentene,2007-02-11T00:00,0.026,µg/m³,VOC,
61502,WEST AVE. & HOMEWOOD _KITCHENER_,trans-2-Pentene,2007-02-17T00:00,0.034,µg/m³,VOC,
61502,WEST AVE. & HOMEWOOD _KITCHENER_,trans-2-Pentene,2007-04-24T00:00,0.036,µg/m³,VOC,
61502,WEST AVE. & HOMEWOOD _KITCHENER_,trans-2-Pentene,2007-04-30T00:00,0.023,µg/m³,VOC,
61502,WEST AVE. & HOMEWOOD _KITCHENER_,trans-2-Pentene,2007-05-06T00:00,0.023,µg/m³,VOC,
61502,WEST AVE. & HOMEWOOD _KITCHENER_,trans-2-Pentene,2007-05-12T00:00,0.022,µg/m³,VOC,
61502,WEST AVE. & HOMEWOOD _KITCHENER_,trans-2-Pentene,2007-05-18T00:00,0.135,µg/m³,VOC,
61502,WEST AVE. & HOMEWOOD _KITCHENER_,trans-2-Pentene,2007-05-24T00:00,0.052,µg/m³,VOC,
61502,WEST AVE. & HOMEWOOD _KITCHENER_,trans-2-Pentene,2007-05-30T00:00,0.076,µg/m³,VOC,
61502,WEST AVE. & HOMEWOOD _KITCHENER_,trans-2-Pentene,2007-06-05T00:00,0.040,µg/m³,VOC,
61502,WEST AVE. & HOMEWOOD _KITCHENER_,trans-2-Pentene,2007-06-11T00:00,0.083,µg/m³,VOC,
61502,WEST AVE. & HOMEWOOD _KITCHENER_,trans-2-Pentene,2007-06-17T00:00,0.048,µg/m³,VOC,
61502,WEST AVE. & HOMEWOOD _KITCHENER_,trans-2-Pentene,2007-07-05T00:00,0.073,µg/m³,VOC,
61502,WEST AVE. & HOMEWOOD _KITCHENER_,trans-2-Pentene,2007-07-17T00:00,0.075,µg/m³,VOC,
61502,WEST AVE. & HOMEWOOD _KITCHENER_,trans-2-Pentene,2007-07-23T00:00,0.178,µg/m³,VOC,
61502,WEST AVE. & HOMEWOOD _KITCHENER_,trans-2-Pentene,2007-07-29T00:00,0.117,µg/m³,VOC,
61502,WEST AVE. & HOMEWOOD _KITCHENER_,trans-2-Pentene,2007-08-04T00:00,0.032,µg/m³,VOC,
61502,WEST AVE. & HOMEWOOD _KITCHENER_,trans-2-Pentene,2007-08-10T00:00,0.115,µg/m³,VOC,
61502,WEST AVE. & HOMEWOOD _KITCHENER_,trans-2-Pentene,2007-08-16T00:00,0.056,µg/m³,VOC,
61502,WEST AVE. & HOMEWOOD _KITCHENER_,trans-2-Pentene,2007-08-22T00:00,0.072,µg/m³,VOC,
61502,WEST AVE. & HOMEWOOD _KITCHENER_,trans-2-Pentene,2007-08-28T00:00,0.210,µg/m³,VOC,
61502,WEST AVE. & HOMEWOOD _KITCHENER_,trans-2-Pentene,2007-09-03T00:00,0.033,µg/m³,VOC,
61502,WEST AVE. & HOMEWOOD _KITCHENER_,trans-2-Pentene,2007-09-09T00:00,0.060,µg/m³,VOC,
61502,WEST AVE. & HOMEWOOD _KITCHENER_,trans-2-Pentene,2007-09-15T00:00,0.150,µg/m³,VOC,
61502,WEST AVE. & HOMEWOOD _KITCHENER_,trans-2-Pentene,2007-09-21T00:00,0.156,µg/m³,VOC,
61502,WEST AVE. & HOMEWOOD _KITCHENER_,trans-2-Pentene,2007-09-27T00:00,0.074,µg/m³,VOC,
61502,WEST AVE. & HOMEWOOD _KITCHENER_,trans-2-Pentene,2007-10-03T00:00,0.147,µg/m³,VOC,
61502,WEST AVE. & HOMEWOOD _KITCHENER_,trans-2-Pentene,2007-10-09T00:00,0.116,µg/m³,VOC,
61502,WEST AVE. & HOMEWOOD _KITCHENER_,trans-2-Pentene,2007-10-15T00:00,0.215,µg/m³,VOC,
61502,WEST AVE. & HOMEWOOD _KITCHENER_,trans-2-Pentene,2007-10-21T00:00,0.047,µg/m³,VOC,
61502,WEST AVE. & HOMEWOOD _KITCHENER_,trans-2-Pentene,2007-10-27T00:00,0.032,µg/m³,VOC,
61502,WEST AVE. & HOMEWOOD _KITCHENER_,trans-2-Pentene,2007-11-02T00:00,0.749,µg/m³,VOC,
61502,WEST AVE. & HOMEWOOD _KITCHENER_,trans-2-Pentene,2007-11-08T00:00,0.172,µg/m³,VOC,
61502,WEST AVE. & HOMEWOOD _KITCHENER_,trans-2-Pentene,2007-11-14T00:00,0.059,µg/m³,VOC,
61502,WEST AVE. & HOMEWOOD _KITCHENER_,trans-2-Pentene,2007-11-20T00:00,0.102,µg/m³,VOC,
61502,WEST AVE. & HOMEWOOD _KITCHENER_,trans-2-Pentene,2007-11-26T00:00,0.089,µg/m³,VOC,
61502,WEST AVE. & HOMEWOOD _KITCHENER_,trans-2-Pentene,2007-12-02T00:00,0.095,µg/m³,VOC,
61502,WEST AVE. & HOMEWOOD _KITCHENER_,trans-2-Pentene,2007-12-08T00:00,0.039,µg/m³,VOC,
61502,WEST AVE. & HOMEWOOD _KITCHENER_,trans-2-Pentene,2007-12-14T00:00,0.029,µg/m³,VOC,
61502,WEST AVE. & HOMEWOOD _KITCHENER_,trans-2-Pentene,2007-12-14T00:00,0.030,µg/m³,VOC,
61502,WEST AVE. & HOMEWOOD _KITCHENER_,trans-2-Pentene,2007-12-20T00:00,0.035,µg/m³,VOC,
61502,WEST AVE. & HOMEWOOD _KITCHENER_,trans-2-Pentene,2007-12-26T00:00,0.040,µg/m³,VOC,
