﻿NAPS_Site_ID,Station_Name,Pollutant,Date,Value,Units,Report_Type,Method
64401,EGBERT,Cesium,1993-05-19T00:00,0.002,µg/m³,DICHOT,
64401,EGBERT,Cesium,1993-05-19T00:00,0.007,µg/m³,DICHOT,
64401,EGBERT,Cesium,1993-05-22T00:00,0.000,µg/m³,DICHOT,
64401,EGBERT,Cesium,1993-05-22T00:00,0.000,µg/m³,DICHOT,
64401,EGBERT,Cesium,1993-05-25T00:00,0.000,µg/m³,DICHOT,
64401,EGBERT,Cesium,1993-05-25T00:00,0.003,µg/m³,DICHOT,
64401,EGBERT,Cesium,1993-05-28T00:00,0.000,µg/m³,DICHOT,
64401,EGBERT,Cesium,1993-05-28T00:00,0.008,µg/m³,DICHOT,
64401,EGBERT,Cesium,1993-05-31T00:00,0.000,µg/m³,DICHOT,
64401,EGBERT,Cesium,1993-05-31T00:00,0.000,µg/m³,DICHOT,
64401,EGBERT,Cesium,1993-06-06T00:00,0.000,µg/m³,DICHOT,
64401,EGBERT,Cesium,1993-06-06T00:00,0.000,µg/m³,DICHOT,
64401,EGBERT,Cesium,1993-06-09T00:00,0.000,µg/m³,DICHOT,
64401,EGBERT,Cesium,1993-06-09T00:00,0.007,µg/m³,DICHOT,
64401,EGBERT,Cesium,1993-06-15T00:00,0.000,µg/m³,DICHOT,
64401,EGBERT,Cesium,1993-06-15T00:00,0.008,µg/m³,DICHOT,
64401,EGBERT,Cesium,1993-06-18T00:00,0.000,µg/m³,DICHOT,
64401,EGBERT,Cesium,1993-06-18T00:00,0.004,µg/m³,DICHOT,
64401,EGBERT,Cesium,1993-06-21T00:00,0.000,µg/m³,DICHOT,
64401,EGBERT,Cesium,1993-06-21T00:00,0.000,µg/m³,DICHOT,
64401,EGBERT,Cesium,1993-06-24T00:00,0.000,µg/m³,DICHOT,
64401,EGBERT,Cesium,1993-06-24T00:00,0.002,µg/m³,DICHOT,
64401,EGBERT,Cesium,1993-06-27T00:00,0.000,µg/m³,DICHOT,
64401,EGBERT,Cesium,1993-06-27T00:00,0.005,µg/m³,DICHOT,
64401,EGBERT,Cesium,1993-06-30T00:00,0.000,µg/m³,DICHOT,
64401,EGBERT,Cesium,1993-06-30T00:00,0.000,µg/m³,DICHOT,
64401,EGBERT,Cesium,1993-07-06T00:00,0.003,µg/m³,DICHOT,
64401,EGBERT,Cesium,1993-07-06T00:00,0.003,µg/m³,DICHOT,
64401,EGBERT,Cesium,1993-07-12T00:00,0.000,µg/m³,DICHOT,
64401,EGBERT,Cesium,1993-07-12T00:00,0.000,µg/m³,DICHOT,
64401,EGBERT,Cesium,1993-07-18T00:00,0.000,µg/m³,DICHOT,
64401,EGBERT,Cesium,1993-07-18T00:00,0.007,µg/m³,DICHOT,
64401,EGBERT,Cesium,1993-07-24T00:00,0.000,µg/m³,DICHOT,
64401,EGBERT,Cesium,1993-07-24T00:00,0.005,µg/m³,DICHOT,
64401,EGBERT,Cesium,1993-07-30T00:00,0.000,µg/m³,DICHOT,
64401,EGBERT,Cesium,1993-07-30T00:00,0.000,µg/m³,DICHOT,
64401,EGBERT,Cesium,1993-08-05T00:00,0.003,µg/m³,DICHOT,
64401,EGBERT,Cesium,1993-08-05T00:00,0.004,µg/m³,DICHOT,
64401,EGBERT,Cesium,1993-08-11T00:00,0.000,µg/m³,DICHOT,
64401,EGBERT,Cesium,1993-08-11T00:00,0.003,µg/m³,DICHOT,
64401,EGBERT,Cesium,1993-08-17T00:00,0.002,µg/m³,DICHOT,
64401,EGBERT,Cesium,1993-08-17T00:00,0.006,µg/m³,DICHOT,
64401,EGBERT,Cesium,1993-08-23T00:00,0.007,µg/m³,DICHOT,
64401,EGBERT,Cesium,1993-08-23T00:00,0.010,µg/m³,DICHOT,
64401,EGBERT,Cesium,1993-09-04T00:00,0.000,µg/m³,DICHOT,
64401,EGBERT,Cesium,1993-09-04T00:00,0.000,µg/m³,DICHOT,
64401,EGBERT,Cesium,1993-09-10T00:00,0.003,µg/m³,DICHOT,
64401,EGBERT,Cesium,1993-09-10T00:00,0.004,µg/m³,DICHOT,
64401,EGBERT,Cesium,1993-09-16T00:00,0.001,µg/m³,DICHOT,
64401,EGBERT,Cesium,1993-09-16T00:00,0.002,µg/m³,DICHOT,
64401,EGBERT,Cesium,1993-10-10T00:00,0.000,µg/m³,DICHOT,
64401,EGBERT,Cesium,1993-10-10T00:00,0.000,µg/m³,DICHOT,
64401,EGBERT,Cesium,1993-10-16T00:00,0.000,µg/m³,DICHOT,
64401,EGBERT,Cesium,1993-10-16T00:00,0.007,µg/m³,DICHOT,
64401,EGBERT,Cesium,1993-10-22T00:00,0.002,µg/m³,DICHOT,
64401,EGBERT,Cesium,1993-10-22T00:00,0.006,µg/m³,DICHOT,
64401,EGBERT,Cesium,1993-10-28T00:00,0.001,µg/m³,DICHOT,
64401,EGBERT,Cesium,1993-10-28T00:00,0.007,µg/m³,DICHOT,
64401,EGBERT,Cesium,1993-11-03T00:00,0.002,µg/m³,DICHOT,
64401,EGBERT,Cesium,1993-11-03T00:00,0.005,µg/m³,DICHOT,
64401,EGBERT,Cesium,1993-11-09T00:00,0.005,µg/m³,DICHOT,
64401,EGBERT,Cesium,1993-11-09T00:00,0.006,µg/m³,DICHOT,
64401,EGBERT,Cesium,1993-11-15T00:00,0.003,µg/m³,DICHOT,
64401,EGBERT,Cesium,1993-11-15T00:00,0.003,µg/m³,DICHOT,
64401,EGBERT,Cesium,1993-11-21T00:00,0.004,µg/m³,DICHOT,
64401,EGBERT,Cesium,1993-11-21T00:00,0.006,µg/m³,DICHOT,
64401,EGBERT,Cesium,1993-11-27T00:00,0.000,µg/m³,DICHOT,
64401,EGBERT,Cesium,1993-11-27T00:00,0.001,µg/m³,DICHOT,
64401,EGBERT,Cesium,1993-12-03T00:00,0.001,µg/m³,DICHOT,
64401,EGBERT,Cesium,1993-12-03T00:00,0.008,µg/m³,DICHOT,
64401,EGBERT,Cesium,1993-12-09T00:00,0.000,µg/m³,DICHOT,
64401,EGBERT,Cesium,1993-12-09T00:00,0.000,µg/m³,DICHOT,
64401,EGBERT,Cesium,1993-12-15T00:00,0.000,µg/m³,DICHOT,
64401,EGBERT,Cesium,1993-12-15T00:00,0.003,µg/m³,DICHOT,
64401,EGBERT,Cesium,1993-12-21T00:00,0.000,µg/m³,DICHOT,
64401,EGBERT,Cesium,1993-12-21T00:00,0.006,µg/m³,DICHOT,
64401,EGBERT,Cesium,1993-12-27T00:00,0.000,µg/m³,DICHOT,
64401,EGBERT,Cesium,1993-12-27T00:00,0.000,µg/m³,DICHOT,
