﻿NAPS_Site_ID,Station_Name,Pollutant,Date,Value,Units,Report_Type,Method
30113,JOHNSTON BUILDING,Tin,2014-01-02T00:00,0.000,µg/m³,PM2.5,ED-XRF
30113,JOHNSTON BUILDING,Tin,2014-01-05T00:00,0.000,µg/m³,PM2.5,ED-XRF
30113,JOHNSTON BUILDING,Tin,2014-01-08T00:00,0.000,µg/m³,PM2.5,ED-XRF
30113,JOHNSTON BUILDING,Tin,2014-01-11T00:00,0.001,µg/m³,PM2.5,ED-XRF
30113,JOHNSTON BUILDING,Tin,2014-01-14T00:00,0.000,µg/m³,PM2.5,ED-XRF
30113,JOHNSTON BUILDING,Tin,2014-01-17T00:00,0.001,µg/m³,PM2.5,ED-XRF
30113,JOHNSTON BUILDING,Tin,2014-01-20T00:00,0.000,µg/m³,PM2.5,ED-XRF
30113,JOHNSTON BUILDING,Tin,2014-01-23T00:00,0.000,µg/m³,PM2.5,ED-XRF
30113,JOHNSTON BUILDING,Tin,2014-01-26T00:00,0.003,µg/m³,PM2.5,ED-XRF
30113,JOHNSTON BUILDING,Tin,2014-01-29T00:00,0.000,µg/m³,PM2.5,ED-XRF
30113,JOHNSTON BUILDING,Tin,2014-02-01T00:00,0.000,µg/m³,PM2.5,ED-XRF
30113,JOHNSTON BUILDING,Tin,2014-02-07T00:00,0.000,µg/m³,PM2.5,ED-XRF
30113,JOHNSTON BUILDING,Tin,2014-02-10T00:00,0.000,µg/m³,PM2.5,ED-XRF
30113,JOHNSTON BUILDING,Tin,2014-02-13T00:00,0.000,µg/m³,PM2.5,ED-XRF
30113,JOHNSTON BUILDING,Tin,2014-02-16T00:00,0.000,µg/m³,PM2.5,ED-XRF
30113,JOHNSTON BUILDING,Tin,2014-02-19T00:00,0.000,µg/m³,PM2.5,ED-XRF
30113,JOHNSTON BUILDING,Tin,2014-02-22T00:00,0.000,µg/m³,PM2.5,ED-XRF
30113,JOHNSTON BUILDING,Tin,2014-02-25T00:00,0.000,µg/m³,PM2.5,ED-XRF
30113,JOHNSTON BUILDING,Tin,2014-02-28T00:00,0.000,µg/m³,PM2.5,ED-XRF
30113,JOHNSTON BUILDING,Tin,2014-03-03T00:00,0.002,µg/m³,PM2.5,ED-XRF
30113,JOHNSTON BUILDING,Tin,2014-03-06T00:00,0.000,µg/m³,PM2.5,ED-XRF
30113,JOHNSTON BUILDING,Tin,2014-03-09T00:00,0.000,µg/m³,PM2.5,ED-XRF
30113,JOHNSTON BUILDING,Tin,2014-03-12T00:00,0.000,µg/m³,PM2.5,ED-XRF
30113,JOHNSTON BUILDING,Tin,2014-03-15T00:00,0.000,µg/m³,PM2.5,ED-XRF
30113,JOHNSTON BUILDING,Tin,2014-03-18T00:00,0.000,µg/m³,PM2.5,ED-XRF
30113,JOHNSTON BUILDING,Tin,2014-03-21T00:00,0.000,µg/m³,PM2.5,ED-XRF
30113,JOHNSTON BUILDING,Tin,2014-03-24T00:00,0.000,µg/m³,PM2.5,ED-XRF
30113,JOHNSTON BUILDING,Tin,2014-03-27T00:00,0.001,µg/m³,PM2.5,ED-XRF
30113,JOHNSTON BUILDING,Tin,2014-03-30T00:00,0.001,µg/m³,PM2.5,ED-XRF
30113,JOHNSTON BUILDING,Tin,2014-04-02T00:00,0.001,µg/m³,PM2.5,ED-XRF
30113,JOHNSTON BUILDING,Tin,2014-04-05T00:00,0.000,µg/m³,PM2.5,ED-XRF
30113,JOHNSTON BUILDING,Tin,2014-04-14T00:00,0.000,µg/m³,PM2.5,ED-XRF
30113,JOHNSTON BUILDING,Tin,2014-04-17T00:00,0.000,µg/m³,PM2.5,ED-XRF
30113,JOHNSTON BUILDING,Tin,2014-04-20T00:00,0.001,µg/m³,PM2.5,ED-XRF
30113,JOHNSTON BUILDING,Tin,2014-04-23T00:00,0.000,µg/m³,PM2.5,ED-XRF
30113,JOHNSTON BUILDING,Tin,2014-04-26T00:00,0.003,µg/m³,PM2.5,ED-XRF
30113,JOHNSTON BUILDING,Tin,2014-04-29T00:00,0.000,µg/m³,PM2.5,ED-XRF
30113,JOHNSTON BUILDING,Tin,2014-05-02T00:00,0.000,µg/m³,PM2.5,ED-XRF
30113,JOHNSTON BUILDING,Tin,2014-05-05T00:00,0.001,µg/m³,PM2.5,ED-XRF
30113,JOHNSTON BUILDING,Tin,2014-05-08T00:00,0.000,µg/m³,PM2.5,ED-XRF
30113,JOHNSTON BUILDING,Tin,2014-05-11T00:00,0.000,µg/m³,PM2.5,ED-XRF
30113,JOHNSTON BUILDING,Tin,2014-05-14T00:00,0.000,µg/m³,PM2.5,ED-XRF
30113,JOHNSTON BUILDING,Tin,2014-05-17T00:00,0.005,µg/m³,PM2.5,ED-XRF
30113,JOHNSTON BUILDING,Tin,2014-05-20T00:00,0.000,µg/m³,PM2.5,ED-XRF
30113,JOHNSTON BUILDING,Tin,2014-05-23T00:00,0.000,µg/m³,PM2.5,ED-XRF
30113,JOHNSTON BUILDING,Tin,2014-05-26T00:00,0.000,µg/m³,PM2.5,ED-XRF
30113,JOHNSTON BUILDING,Tin,2014-05-29T00:00,0.000,µg/m³,PM2.5,ED-XRF
30113,JOHNSTON BUILDING,Tin,2014-06-01T00:00,0.000,µg/m³,PM2.5,ED-XRF
30113,JOHNSTON BUILDING,Tin,2014-06-04T00:00,0.006,µg/m³,PM2.5,ED-XRF
30113,JOHNSTON BUILDING,Tin,2014-06-07T00:00,0.000,µg/m³,PM2.5,ED-XRF
30113,JOHNSTON BUILDING,Tin,2014-06-10T00:00,0.000,µg/m³,PM2.5,ED-XRF
30113,JOHNSTON BUILDING,Tin,2014-06-13T00:00,0.000,µg/m³,PM2.5,ED-XRF
30113,JOHNSTON BUILDING,Tin,2014-06-16T00:00,0.000,µg/m³,PM2.5,ED-XRF
30113,JOHNSTON BUILDING,Tin,2014-06-19T00:00,0.000,µg/m³,PM2.5,ED-XRF
30113,JOHNSTON BUILDING,Tin,2014-06-22T00:00,0.003,µg/m³,PM2.5,ED-XRF
30113,JOHNSTON BUILDING,Tin,2014-06-25T00:00,0.000,µg/m³,PM2.5,ED-XRF
30113,JOHNSTON BUILDING,Tin,2014-06-28T00:00,0.003,µg/m³,PM2.5,ED-XRF
30113,JOHNSTON BUILDING,Tin,2014-07-01T00:00,0.000,µg/m³,PM2.5,ED-XRF
30113,JOHNSTON BUILDING,Tin,2014-07-04T00:00,0.000,µg/m³,PM2.5,ED-XRF
30113,JOHNSTON BUILDING,Tin,2014-07-07T00:00,0.000,µg/m³,PM2.5,ED-XRF
30113,JOHNSTON BUILDING,Tin,2014-07-10T00:00,0.003,µg/m³,PM2.5,ED-XRF
30113,JOHNSTON BUILDING,Tin,2014-07-13T00:00,0.000,µg/m³,PM2.5,ED-XRF
30113,JOHNSTON BUILDING,Tin,2014-07-19T00:00,0.000,µg/m³,PM2.5,ED-XRF
30113,JOHNSTON BUILDING,Tin,2014-07-22T00:00,0.000,µg/m³,PM2.5,ED-XRF
30113,JOHNSTON BUILDING,Tin,2014-07-25T00:00,0.000,µg/m³,PM2.5,ED-XRF
30113,JOHNSTON BUILDING,Tin,2014-07-28T00:00,0.000,µg/m³,PM2.5,ED-XRF
30113,JOHNSTON BUILDING,Tin,2014-07-31T00:00,0.000,µg/m³,PM2.5,ED-XRF
30113,JOHNSTON BUILDING,Tin,2014-08-03T00:00,0.000,µg/m³,PM2.5,ED-XRF
30113,JOHNSTON BUILDING,Tin,2014-08-06T00:00,0.002,µg/m³,PM2.5,ED-XRF
30113,JOHNSTON BUILDING,Tin,2014-08-09T00:00,0.000,µg/m³,PM2.5,ED-XRF
30113,JOHNSTON BUILDING,Tin,2014-08-12T00:00,0.000,µg/m³,PM2.5,ED-XRF
30113,JOHNSTON BUILDING,Tin,2014-08-15T00:00,0.000,µg/m³,PM2.5,ED-XRF
30113,JOHNSTON BUILDING,Tin,2014-08-18T00:00,0.000,µg/m³,PM2.5,ED-XRF
30113,JOHNSTON BUILDING,Tin,2014-08-21T00:00,0.002,µg/m³,PM2.5,ED-XRF
30113,JOHNSTON BUILDING,Tin,2014-08-24T00:00,0.000,µg/m³,PM2.5,ED-XRF
30113,JOHNSTON BUILDING,Tin,2014-08-27T00:00,0.000,µg/m³,PM2.5,ED-XRF
30113,JOHNSTON BUILDING,Tin,2014-08-30T00:00,0.000,µg/m³,PM2.5,ED-XRF
30113,JOHNSTON BUILDING,Tin,2014-09-05T00:00,0.000,µg/m³,PM2.5,ED-XRF
30113,JOHNSTON BUILDING,Tin,2014-09-08T00:00,0.001,µg/m³,PM2.5,ED-XRF
30113,JOHNSTON BUILDING,Tin,2014-09-11T00:00,0.000,µg/m³,PM2.5,ED-XRF
30113,JOHNSTON BUILDING,Tin,2014-09-14T00:00,0.000,µg/m³,PM2.5,ED-XRF
30113,JOHNSTON BUILDING,Tin,2014-09-17T00:00,0.000,µg/m³,PM2.5,ED-XRF
30113,JOHNSTON BUILDING,Tin,2014-09-20T00:00,0.000,µg/m³,PM2.5,ED-XRF
30113,JOHNSTON BUILDING,Tin,2014-09-23T00:00,0.000,µg/m³,PM2.5,ED-XRF
30113,JOHNSTON BUILDING,Tin,2014-09-26T00:00,0.000,µg/m³,PM2.5,ED-XRF
30113,JOHNSTON BUILDING,Tin,2014-09-29T00:00,0.000,µg/m³,PM2.5,ED-XRF
30113,JOHNSTON BUILDING,Tin,2014-10-02T00:00,0.000,µg/m³,PM2.5,ED-XRF
30113,JOHNSTON BUILDING,Tin,2014-10-05T00:00,0.000,µg/m³,PM2.5,ED-XRF
30113,JOHNSTON BUILDING,Tin,2014-10-08T00:00,0.000,µg/m³,PM2.5,ED-XRF
30113,JOHNSTON BUILDING,Tin,2014-10-11T00:00,0.000,µg/m³,PM2.5,ED-XRF
30113,JOHNSTON BUILDING,Tin,2014-10-14T00:00,0.000,µg/m³,PM2.5,ED-XRF
30113,JOHNSTON BUILDING,Tin,2014-10-17T00:00,0.000,µg/m³,PM2.5,ED-XRF
30113,JOHNSTON BUILDING,Tin,2014-10-20T00:00,0.000,µg/m³,PM2.5,ED-XRF
30113,JOHNSTON BUILDING,Tin,2014-10-23T00:00,0.000,µg/m³,PM2.5,ED-XRF
30113,JOHNSTON BUILDING,Tin,2014-10-26T00:00,0.000,µg/m³,PM2.5,ED-XRF
30113,JOHNSTON BUILDING,Tin,2014-10-29T00:00,0.000,µg/m³,PM2.5,ED-XRF
30113,JOHNSTON BUILDING,Tin,2014-11-01T00:00,0.000,µg/m³,PM2.5,ED-XRF
30113,JOHNSTON BUILDING,Tin,2014-11-04T00:00,0.001,µg/m³,PM2.5,ED-XRF
30113,JOHNSTON BUILDING,Tin,2014-11-07T00:00,0.000,µg/m³,PM2.5,ED-XRF
30113,JOHNSTON BUILDING,Tin,2014-11-10T00:00,0.000,µg/m³,PM2.5,ED-XRF
30113,JOHNSTON BUILDING,Tin,2014-11-13T00:00,0.000,µg/m³,PM2.5,ED-XRF
30113,JOHNSTON BUILDING,Tin,2014-11-16T00:00,0.000,µg/m³,PM2.5,ED-XRF
30113,JOHNSTON BUILDING,Tin,2014-11-19T00:00,0.000,µg/m³,PM2.5,ED-XRF
30113,JOHNSTON BUILDING,Tin,2014-11-22T00:00,0.000,µg/m³,PM2.5,ED-XRF
30113,JOHNSTON BUILDING,Tin,2014-11-25T00:00,0.000,µg/m³,PM2.5,ED-XRF
30113,JOHNSTON BUILDING,Tin,2014-11-28T00:00,0.000,µg/m³,PM2.5,ED-XRF
30113,JOHNSTON BUILDING,Tin,2014-12-01T00:00,0.000,µg/m³,PM2.5,ED-XRF
30113,JOHNSTON BUILDING,Tin,2014-12-04T00:00,0.000,µg/m³,PM2.5,ED-XRF
30113,JOHNSTON BUILDING,Tin,2014-12-07T00:00,0.000,µg/m³,PM2.5,ED-XRF
30113,JOHNSTON BUILDING,Tin,2014-12-10T00:00,0.000,µg/m³,PM2.5,ED-XRF
30113,JOHNSTON BUILDING,Tin,2014-12-13T00:00,0.000,µg/m³,PM2.5,ED-XRF
30113,JOHNSTON BUILDING,Tin,2014-12-19T00:00,0.000,µg/m³,PM2.5,ED-XRF
30113,JOHNSTON BUILDING,Tin,2014-12-22T00:00,0.000,µg/m³,PM2.5,ED-XRF
30113,JOHNSTON BUILDING,Tin,2014-12-25T00:00,0.000,µg/m³,PM2.5,ED-XRF
30113,JOHNSTON BUILDING,Tin,2014-12-28T00:00,0.000,µg/m³,PM2.5,ED-XRF
30113,JOHNSTON BUILDING,Tin,2014-12-31T00:00,0.000,µg/m³,PM2.5,ED-XRF
30113,JOHNSTON BUILDING,Tin,2014-01-02T00:00,0.000,µg/m³,PM2.5,ICPMS
30113,JOHNSTON BUILDING,Tin,2014-01-02T00:00,0.000,µg/m³,PM2.5,ICPMS
30113,JOHNSTON BUILDING,Tin,2014-01-05T00:00,0.000,µg/m³,PM2.5,ICPMS
30113,JOHNSTON BUILDING,Tin,2014-01-08T00:00,0.000,µg/m³,PM2.5,ICPMS
30113,JOHNSTON BUILDING,Tin,2014-01-11T00:00,0.000,µg/m³,PM2.5,ICPMS
30113,JOHNSTON BUILDING,Tin,2014-01-14T00:00,0.000,µg/m³,PM2.5,ICPMS
30113,JOHNSTON BUILDING,Tin,2014-01-14T00:00,0.000,µg/m³,PM2.5,ICPMS
30113,JOHNSTON BUILDING,Tin,2014-01-17T00:00,0.000,µg/m³,PM2.5,ICPMS
30113,JOHNSTON BUILDING,Tin,2014-01-17T00:00,0.000,µg/m³,PM2.5,ICPMS
30113,JOHNSTON BUILDING,Tin,2014-01-20T00:00,0.000,µg/m³,PM2.5,ICPMS
30113,JOHNSTON BUILDING,Tin,2014-01-20T00:00,0.000,µg/m³,PM2.5,ICPMS
30113,JOHNSTON BUILDING,Tin,2014-01-23T00:00,0.000,µg/m³,PM2.5,ICPMS
30113,JOHNSTON BUILDING,Tin,2014-01-23T00:00,0.000,µg/m³,PM2.5,ICPMS
30113,JOHNSTON BUILDING,Tin,2014-01-26T00:00,0.000,µg/m³,PM2.5,ICPMS
30113,JOHNSTON BUILDING,Tin,2014-01-26T00:00,0.000,µg/m³,PM2.5,ICPMS
30113,JOHNSTON BUILDING,Tin,2014-01-29T00:00,0.000,µg/m³,PM2.5,ICPMS
30113,JOHNSTON BUILDING,Tin,2014-01-29T00:00,0.000,µg/m³,PM2.5,ICPMS
30113,JOHNSTON BUILDING,Tin,2014-02-01T00:00,0.000,µg/m³,PM2.5,ICPMS
30113,JOHNSTON BUILDING,Tin,2014-02-01T00:00,0.000,µg/m³,PM2.5,ICPMS
30113,JOHNSTON BUILDING,Tin,2014-02-04T00:00,0.000,µg/m³,PM2.5,ICPMS
30113,JOHNSTON BUILDING,Tin,2014-02-07T00:00,0.000,µg/m³,PM2.5,ICPMS
30113,JOHNSTON BUILDING,Tin,2014-02-07T00:00,0.000,µg/m³,PM2.5,ICPMS
30113,JOHNSTON BUILDING,Tin,2014-02-10T00:00,0.000,µg/m³,PM2.5,ICPMS
30113,JOHNSTON BUILDING,Tin,2014-02-10T00:00,0.000,µg/m³,PM2.5,ICPMS
30113,JOHNSTON BUILDING,Tin,2014-02-13T00:00,0.000,µg/m³,PM2.5,ICPMS
30113,JOHNSTON BUILDING,Tin,2014-02-13T00:00,0.000,µg/m³,PM2.5,ICPMS
30113,JOHNSTON BUILDING,Tin,2014-02-16T00:00,0.000,µg/m³,PM2.5,ICPMS
30113,JOHNSTON BUILDING,Tin,2014-02-16T00:00,0.000,µg/m³,PM2.5,ICPMS
30113,JOHNSTON BUILDING,Tin,2014-02-19T00:00,0.000,µg/m³,PM2.5,ICPMS
30113,JOHNSTON BUILDING,Tin,2014-02-19T00:00,0.000,µg/m³,PM2.5,ICPMS
30113,JOHNSTON BUILDING,Tin,2014-02-22T00:00,0.000,µg/m³,PM2.5,ICPMS
30113,JOHNSTON BUILDING,Tin,2014-02-22T00:00,0.000,µg/m³,PM2.5,ICPMS
30113,JOHNSTON BUILDING,Tin,2014-02-25T00:00,0.000,µg/m³,PM2.5,ICPMS
30113,JOHNSTON BUILDING,Tin,2014-02-28T00:00,0.000,µg/m³,PM2.5,ICPMS
30113,JOHNSTON BUILDING,Tin,2014-02-28T00:00,0.000,µg/m³,PM2.5,ICPMS
30113,JOHNSTON BUILDING,Tin,2014-03-03T00:00,0.000,µg/m³,PM2.5,ICPMS
30113,JOHNSTON BUILDING,Tin,2014-03-03T00:00,0.000,µg/m³,PM2.5,ICPMS
30113,JOHNSTON BUILDING,Tin,2014-03-06T00:00,0.000,µg/m³,PM2.5,ICPMS
30113,JOHNSTON BUILDING,Tin,2014-03-06T00:00,0.000,µg/m³,PM2.5,ICPMS
30113,JOHNSTON BUILDING,Tin,2014-03-09T00:00,0.000,µg/m³,PM2.5,ICPMS
30113,JOHNSTON BUILDING,Tin,2014-03-09T00:00,0.000,µg/m³,PM2.5,ICPMS
30113,JOHNSTON BUILDING,Tin,2014-03-12T00:00,0.000,µg/m³,PM2.5,ICPMS
30113,JOHNSTON BUILDING,Tin,2014-03-12T00:00,0.001,µg/m³,PM2.5,ICPMS
30113,JOHNSTON BUILDING,Tin,2014-03-15T00:00,0.000,µg/m³,PM2.5,ICPMS
30113,JOHNSTON BUILDING,Tin,2014-03-15T00:00,0.000,µg/m³,PM2.5,ICPMS
30113,JOHNSTON BUILDING,Tin,2014-03-18T00:00,0.000,µg/m³,PM2.5,ICPMS
30113,JOHNSTON BUILDING,Tin,2014-03-18T00:00,0.000,µg/m³,PM2.5,ICPMS
30113,JOHNSTON BUILDING,Tin,2014-03-21T00:00,0.000,µg/m³,PM2.5,ICPMS
30113,JOHNSTON BUILDING,Tin,2014-03-21T00:00,0.000,µg/m³,PM2.5,ICPMS
30113,JOHNSTON BUILDING,Tin,2014-03-24T00:00,0.000,µg/m³,PM2.5,ICPMS
30113,JOHNSTON BUILDING,Tin,2014-03-24T00:00,0.000,µg/m³,PM2.5,ICPMS
30113,JOHNSTON BUILDING,Tin,2014-03-27T00:00,0.000,µg/m³,PM2.5,ICPMS
30113,JOHNSTON BUILDING,Tin,2014-03-27T00:00,0.000,µg/m³,PM2.5,ICPMS
30113,JOHNSTON BUILDING,Tin,2014-03-30T00:00,0.000,µg/m³,PM2.5,ICPMS
30113,JOHNSTON BUILDING,Tin,2014-04-02T00:00,0.000,µg/m³,PM2.5,ICPMS
30113,JOHNSTON BUILDING,Tin,2014-04-05T00:00,0.000,µg/m³,PM2.5,ICPMS
30113,JOHNSTON BUILDING,Tin,2014-04-05T00:00,0.000,µg/m³,PM2.5,ICPMS
30113,JOHNSTON BUILDING,Tin,2014-04-08T00:00,0.000,µg/m³,PM2.5,ICPMS
30113,JOHNSTON BUILDING,Tin,2014-04-11T00:00,0.000,µg/m³,PM2.5,ICPMS
30113,JOHNSTON BUILDING,Tin,2014-04-14T00:00,0.000,µg/m³,PM2.5,ICPMS
30113,JOHNSTON BUILDING,Tin,2014-04-14T00:00,0.000,µg/m³,PM2.5,ICPMS
30113,JOHNSTON BUILDING,Tin,2014-04-17T00:00,0.000,µg/m³,PM2.5,ICPMS
30113,JOHNSTON BUILDING,Tin,2014-04-17T00:00,0.000,µg/m³,PM2.5,ICPMS
30113,JOHNSTON BUILDING,Tin,2014-04-20T00:00,0.000,µg/m³,PM2.5,ICPMS
30113,JOHNSTON BUILDING,Tin,2014-04-20T00:00,0.000,µg/m³,PM2.5,ICPMS
30113,JOHNSTON BUILDING,Tin,2014-04-23T00:00,0.000,µg/m³,PM2.5,ICPMS
30113,JOHNSTON BUILDING,Tin,2014-04-23T00:00,0.000,µg/m³,PM2.5,ICPMS
30113,JOHNSTON BUILDING,Tin,2014-04-26T00:00,0.000,µg/m³,PM2.5,ICPMS
30113,JOHNSTON BUILDING,Tin,2014-04-26T00:00,0.000,µg/m³,PM2.5,ICPMS
30113,JOHNSTON BUILDING,Tin,2014-04-29T00:00,0.000,µg/m³,PM2.5,ICPMS
30113,JOHNSTON BUILDING,Tin,2014-04-29T00:00,0.000,µg/m³,PM2.5,ICPMS
30113,JOHNSTON BUILDING,Tin,2014-05-02T00:00,0.000,µg/m³,PM2.5,ICPMS
30113,JOHNSTON BUILDING,Tin,2014-05-02T00:00,0.000,µg/m³,PM2.5,ICPMS
30113,JOHNSTON BUILDING,Tin,2014-05-05T00:00,0.000,µg/m³,PM2.5,ICPMS
30113,JOHNSTON BUILDING,Tin,2014-05-05T00:00,0.000,µg/m³,PM2.5,ICPMS
30113,JOHNSTON BUILDING,Tin,2014-05-08T00:00,0.000,µg/m³,PM2.5,ICPMS
30113,JOHNSTON BUILDING,Tin,2014-05-08T00:00,0.000,µg/m³,PM2.5,ICPMS
30113,JOHNSTON BUILDING,Tin,2014-05-11T00:00,0.000,µg/m³,PM2.5,ICPMS
30113,JOHNSTON BUILDING,Tin,2014-05-11T00:00,0.000,µg/m³,PM2.5,ICPMS
30113,JOHNSTON BUILDING,Tin,2014-05-14T00:00,0.000,µg/m³,PM2.5,ICPMS
30113,JOHNSTON BUILDING,Tin,2014-05-14T00:00,0.000,µg/m³,PM2.5,ICPMS
30113,JOHNSTON BUILDING,Tin,2014-05-17T00:00,0.000,µg/m³,PM2.5,ICPMS
30113,JOHNSTON BUILDING,Tin,2014-05-17T00:00,0.000,µg/m³,PM2.5,ICPMS
30113,JOHNSTON BUILDING,Tin,2014-05-20T00:00,0.000,µg/m³,PM2.5,ICPMS
30113,JOHNSTON BUILDING,Tin,2014-05-20T00:00,0.000,µg/m³,PM2.5,ICPMS
30113,JOHNSTON BUILDING,Tin,2014-05-23T00:00,0.000,µg/m³,PM2.5,ICPMS
30113,JOHNSTON BUILDING,Tin,2014-05-23T00:00,0.000,µg/m³,PM2.5,ICPMS
30113,JOHNSTON BUILDING,Tin,2014-05-26T00:00,0.000,µg/m³,PM2.5,ICPMS
30113,JOHNSTON BUILDING,Tin,2014-05-26T00:00,0.000,µg/m³,PM2.5,ICPMS
30113,JOHNSTON BUILDING,Tin,2014-05-29T00:00,0.000,µg/m³,PM2.5,ICPMS
30113,JOHNSTON BUILDING,Tin,2014-05-29T00:00,0.000,µg/m³,PM2.5,ICPMS
30113,JOHNSTON BUILDING,Tin,2014-06-01T00:00,0.000,µg/m³,PM2.5,ICPMS
30113,JOHNSTON BUILDING,Tin,2014-06-01T00:00,0.000,µg/m³,PM2.5,ICPMS
30113,JOHNSTON BUILDING,Tin,2014-06-04T00:00,0.000,µg/m³,PM2.5,ICPMS
30113,JOHNSTON BUILDING,Tin,2014-06-04T00:00,0.000,µg/m³,PM2.5,ICPMS
30113,JOHNSTON BUILDING,Tin,2014-06-07T00:00,0.000,µg/m³,PM2.5,ICPMS
30113,JOHNSTON BUILDING,Tin,2014-06-07T00:00,0.000,µg/m³,PM2.5,ICPMS
30113,JOHNSTON BUILDING,Tin,2014-06-10T00:00,0.000,µg/m³,PM2.5,ICPMS
30113,JOHNSTON BUILDING,Tin,2014-06-10T00:00,0.000,µg/m³,PM2.5,ICPMS
30113,JOHNSTON BUILDING,Tin,2014-06-13T00:00,0.000,µg/m³,PM2.5,ICPMS
30113,JOHNSTON BUILDING,Tin,2014-06-13T00:00,0.000,µg/m³,PM2.5,ICPMS
30113,JOHNSTON BUILDING,Tin,2014-06-16T00:00,0.000,µg/m³,PM2.5,ICPMS
30113,JOHNSTON BUILDING,Tin,2014-06-16T00:00,0.000,µg/m³,PM2.5,ICPMS
30113,JOHNSTON BUILDING,Tin,2014-06-19T00:00,0.000,µg/m³,PM2.5,ICPMS
30113,JOHNSTON BUILDING,Tin,2014-06-19T00:00,0.000,µg/m³,PM2.5,ICPMS
30113,JOHNSTON BUILDING,Tin,2014-06-22T00:00,0.000,µg/m³,PM2.5,ICPMS
30113,JOHNSTON BUILDING,Tin,2014-06-25T00:00,0.000,µg/m³,PM2.5,ICPMS
30113,JOHNSTON BUILDING,Tin,2014-06-25T00:00,0.000,µg/m³,PM2.5,ICPMS
30113,JOHNSTON BUILDING,Tin,2014-06-28T00:00,0.000,µg/m³,PM2.5,ICPMS
30113,JOHNSTON BUILDING,Tin,2014-06-28T00:00,0.001,µg/m³,PM2.5,ICPMS
30113,JOHNSTON BUILDING,Tin,2014-07-01T00:00,0.000,µg/m³,PM2.5,ICPMS
30113,JOHNSTON BUILDING,Tin,2014-07-01T00:00,0.000,µg/m³,PM2.5,ICPMS
30113,JOHNSTON BUILDING,Tin,2014-07-04T00:00,0.000,µg/m³,PM2.5,ICPMS
30113,JOHNSTON BUILDING,Tin,2014-07-04T00:00,0.000,µg/m³,PM2.5,ICPMS
30113,JOHNSTON BUILDING,Tin,2014-07-07T00:00,0.000,µg/m³,PM2.5,ICPMS
30113,JOHNSTON BUILDING,Tin,2014-07-07T00:00,0.000,µg/m³,PM2.5,ICPMS
30113,JOHNSTON BUILDING,Tin,2014-07-10T00:00,0.000,µg/m³,PM2.5,ICPMS
30113,JOHNSTON BUILDING,Tin,2014-07-10T00:00,0.000,µg/m³,PM2.5,ICPMS
30113,JOHNSTON BUILDING,Tin,2014-07-13T00:00,0.000,µg/m³,PM2.5,ICPMS
30113,JOHNSTON BUILDING,Tin,2014-07-13T00:00,0.000,µg/m³,PM2.5,ICPMS
30113,JOHNSTON BUILDING,Tin,2014-07-16T00:00,0.000,µg/m³,PM2.5,ICPMS
30113,JOHNSTON BUILDING,Tin,2014-07-19T00:00,0.000,µg/m³,PM2.5,ICPMS
30113,JOHNSTON BUILDING,Tin,2014-07-19T00:00,0.000,µg/m³,PM2.5,ICPMS
30113,JOHNSTON BUILDING,Tin,2014-07-22T00:00,0.000,µg/m³,PM2.5,ICPMS
30113,JOHNSTON BUILDING,Tin,2014-07-22T00:00,0.000,µg/m³,PM2.5,ICPMS
30113,JOHNSTON BUILDING,Tin,2014-07-25T00:00,0.000,µg/m³,PM2.5,ICPMS
30113,JOHNSTON BUILDING,Tin,2014-07-25T00:00,0.000,µg/m³,PM2.5,ICPMS
30113,JOHNSTON BUILDING,Tin,2014-07-28T00:00,0.000,µg/m³,PM2.5,ICPMS
30113,JOHNSTON BUILDING,Tin,2014-07-28T00:00,0.000,µg/m³,PM2.5,ICPMS
30113,JOHNSTON BUILDING,Tin,2014-07-31T00:00,0.000,µg/m³,PM2.5,ICPMS
30113,JOHNSTON BUILDING,Tin,2014-07-31T00:00,0.000,µg/m³,PM2.5,ICPMS
30113,JOHNSTON BUILDING,Tin,2014-08-03T00:00,0.000,µg/m³,PM2.5,ICPMS
30113,JOHNSTON BUILDING,Tin,2014-08-03T00:00,0.000,µg/m³,PM2.5,ICPMS
30113,JOHNSTON BUILDING,Tin,2014-08-06T00:00,0.000,µg/m³,PM2.5,ICPMS
30113,JOHNSTON BUILDING,Tin,2014-08-06T00:00,0.000,µg/m³,PM2.5,ICPMS
30113,JOHNSTON BUILDING,Tin,2014-08-09T00:00,0.000,µg/m³,PM2.5,ICPMS
30113,JOHNSTON BUILDING,Tin,2014-08-09T00:00,0.000,µg/m³,PM2.5,ICPMS
30113,JOHNSTON BUILDING,Tin,2014-08-12T00:00,0.000,µg/m³,PM2.5,ICPMS
30113,JOHNSTON BUILDING,Tin,2014-08-12T00:00,0.000,µg/m³,PM2.5,ICPMS
30113,JOHNSTON BUILDING,Tin,2014-08-15T00:00,0.000,µg/m³,PM2.5,ICPMS
30113,JOHNSTON BUILDING,Tin,2014-08-15T00:00,0.000,µg/m³,PM2.5,ICPMS
30113,JOHNSTON BUILDING,Tin,2014-08-18T00:00,0.000,µg/m³,PM2.5,ICPMS
30113,JOHNSTON BUILDING,Tin,2014-08-18T00:00,0.000,µg/m³,PM2.5,ICPMS
30113,JOHNSTON BUILDING,Tin,2014-08-21T00:00,0.000,µg/m³,PM2.5,ICPMS
30113,JOHNSTON BUILDING,Tin,2014-08-21T00:00,0.000,µg/m³,PM2.5,ICPMS
30113,JOHNSTON BUILDING,Tin,2014-08-24T00:00,0.000,µg/m³,PM2.5,ICPMS
30113,JOHNSTON BUILDING,Tin,2014-08-24T00:00,0.000,µg/m³,PM2.5,ICPMS
30113,JOHNSTON BUILDING,Tin,2014-08-27T00:00,0.000,µg/m³,PM2.5,ICPMS
30113,JOHNSTON BUILDING,Tin,2014-08-27T00:00,0.000,µg/m³,PM2.5,ICPMS
30113,JOHNSTON BUILDING,Tin,2014-08-30T00:00,0.000,µg/m³,PM2.5,ICPMS
30113,JOHNSTON BUILDING,Tin,2014-08-30T00:00,0.000,µg/m³,PM2.5,ICPMS
30113,JOHNSTON BUILDING,Tin,2014-09-02T00:00,0.000,µg/m³,PM2.5,ICPMS
30113,JOHNSTON BUILDING,Tin,2014-09-05T00:00,0.000,µg/m³,PM2.5,ICPMS
30113,JOHNSTON BUILDING,Tin,2014-09-05T00:00,0.000,µg/m³,PM2.5,ICPMS
30113,JOHNSTON BUILDING,Tin,2014-09-08T00:00,0.000,µg/m³,PM2.5,ICPMS
30113,JOHNSTON BUILDING,Tin,2014-09-08T00:00,0.000,µg/m³,PM2.5,ICPMS
30113,JOHNSTON BUILDING,Tin,2014-09-11T00:00,0.000,µg/m³,PM2.5,ICPMS
30113,JOHNSTON BUILDING,Tin,2014-09-11T00:00,0.000,µg/m³,PM2.5,ICPMS
30113,JOHNSTON BUILDING,Tin,2014-09-14T00:00,0.000,µg/m³,PM2.5,ICPMS
30113,JOHNSTON BUILDING,Tin,2014-09-14T00:00,0.000,µg/m³,PM2.5,ICPMS
30113,JOHNSTON BUILDING,Tin,2014-09-17T00:00,0.000,µg/m³,PM2.5,ICPMS
30113,JOHNSTON BUILDING,Tin,2014-09-17T00:00,0.000,µg/m³,PM2.5,ICPMS
30113,JOHNSTON BUILDING,Tin,2014-09-20T00:00,0.000,µg/m³,PM2.5,ICPMS
30113,JOHNSTON BUILDING,Tin,2014-09-23T00:00,0.000,µg/m³,PM2.5,ICPMS
30113,JOHNSTON BUILDING,Tin,2014-09-23T00:00,0.000,µg/m³,PM2.5,ICPMS
30113,JOHNSTON BUILDING,Tin,2014-09-26T00:00,0.000,µg/m³,PM2.5,ICPMS
30113,JOHNSTON BUILDING,Tin,2014-09-26T00:00,0.000,µg/m³,PM2.5,ICPMS
30113,JOHNSTON BUILDING,Tin,2014-09-29T00:00,0.000,µg/m³,PM2.5,ICPMS
30113,JOHNSTON BUILDING,Tin,2014-09-29T00:00,0.000,µg/m³,PM2.5,ICPMS
30113,JOHNSTON BUILDING,Tin,2014-10-02T00:00,0.000,µg/m³,PM2.5,ICPMS
30113,JOHNSTON BUILDING,Tin,2014-10-02T00:00,0.000,µg/m³,PM2.5,ICPMS
30113,JOHNSTON BUILDING,Tin,2014-10-05T00:00,0.000,µg/m³,PM2.5,ICPMS
30113,JOHNSTON BUILDING,Tin,2014-10-05T00:00,0.000,µg/m³,PM2.5,ICPMS
30113,JOHNSTON BUILDING,Tin,2014-10-08T00:00,0.000,µg/m³,PM2.5,ICPMS
30113,JOHNSTON BUILDING,Tin,2014-10-08T00:00,0.000,µg/m³,PM2.5,ICPMS
30113,JOHNSTON BUILDING,Tin,2014-10-11T00:00,0.000,µg/m³,PM2.5,ICPMS
30113,JOHNSTON BUILDING,Tin,2014-10-11T00:00,0.000,µg/m³,PM2.5,ICPMS
30113,JOHNSTON BUILDING,Tin,2014-10-14T00:00,0.000,µg/m³,PM2.5,ICPMS
30113,JOHNSTON BUILDING,Tin,2014-10-14T00:00,0.000,µg/m³,PM2.5,ICPMS
30113,JOHNSTON BUILDING,Tin,2014-10-17T00:00,0.000,µg/m³,PM2.5,ICPMS
30113,JOHNSTON BUILDING,Tin,2014-10-17T00:00,0.000,µg/m³,PM2.5,ICPMS
30113,JOHNSTON BUILDING,Tin,2014-10-20T00:00,0.000,µg/m³,PM2.5,ICPMS
30113,JOHNSTON BUILDING,Tin,2014-10-20T00:00,0.000,µg/m³,PM2.5,ICPMS
30113,JOHNSTON BUILDING,Tin,2014-10-23T00:00,0.000,µg/m³,PM2.5,ICPMS
30113,JOHNSTON BUILDING,Tin,2014-10-23T00:00,0.000,µg/m³,PM2.5,ICPMS
30113,JOHNSTON BUILDING,Tin,2014-10-26T00:00,0.000,µg/m³,PM2.5,ICPMS
30113,JOHNSTON BUILDING,Tin,2014-10-26T00:00,0.000,µg/m³,PM2.5,ICPMS
30113,JOHNSTON BUILDING,Tin,2014-10-29T00:00,0.000,µg/m³,PM2.5,ICPMS
30113,JOHNSTON BUILDING,Tin,2014-10-29T00:00,0.000,µg/m³,PM2.5,ICPMS
30113,JOHNSTON BUILDING,Tin,2014-11-01T00:00,0.000,µg/m³,PM2.5,ICPMS
30113,JOHNSTON BUILDING,Tin,2014-11-01T00:00,0.000,µg/m³,PM2.5,ICPMS
30113,JOHNSTON BUILDING,Tin,2014-11-04T00:00,0.000,µg/m³,PM2.5,ICPMS
30113,JOHNSTON BUILDING,Tin,2014-11-04T00:00,0.000,µg/m³,PM2.5,ICPMS
30113,JOHNSTON BUILDING,Tin,2014-11-07T00:00,0.000,µg/m³,PM2.5,ICPMS
30113,JOHNSTON BUILDING,Tin,2014-11-07T00:00,0.000,µg/m³,PM2.5,ICPMS
30113,JOHNSTON BUILDING,Tin,2014-11-10T00:00,0.000,µg/m³,PM2.5,ICPMS
30113,JOHNSTON BUILDING,Tin,2014-11-10T00:00,0.000,µg/m³,PM2.5,ICPMS
30113,JOHNSTON BUILDING,Tin,2014-11-13T00:00,0.000,µg/m³,PM2.5,ICPMS
30113,JOHNSTON BUILDING,Tin,2014-11-13T00:00,0.000,µg/m³,PM2.5,ICPMS
30113,JOHNSTON BUILDING,Tin,2014-11-16T00:00,0.000,µg/m³,PM2.5,ICPMS
30113,JOHNSTON BUILDING,Tin,2014-11-16T00:00,0.000,µg/m³,PM2.5,ICPMS
30113,JOHNSTON BUILDING,Tin,2014-11-19T00:00,0.000,µg/m³,PM2.5,ICPMS
30113,JOHNSTON BUILDING,Tin,2014-11-22T00:00,0.000,µg/m³,PM2.5,ICPMS
30113,JOHNSTON BUILDING,Tin,2014-11-22T00:00,0.000,µg/m³,PM2.5,ICPMS
30113,JOHNSTON BUILDING,Tin,2014-11-25T00:00,0.000,µg/m³,PM2.5,ICPMS
30113,JOHNSTON BUILDING,Tin,2014-11-25T00:00,0.000,µg/m³,PM2.5,ICPMS
30113,JOHNSTON BUILDING,Tin,2014-11-28T00:00,0.000,µg/m³,PM2.5,ICPMS
30113,JOHNSTON BUILDING,Tin,2014-11-28T00:00,0.000,µg/m³,PM2.5,ICPMS
30113,JOHNSTON BUILDING,Tin,2014-12-01T00:00,0.000,µg/m³,PM2.5,ICPMS
30113,JOHNSTON BUILDING,Tin,2014-12-01T00:00,0.000,µg/m³,PM2.5,ICPMS
30113,JOHNSTON BUILDING,Tin,2014-12-04T00:00,0.000,µg/m³,PM2.5,ICPMS
30113,JOHNSTON BUILDING,Tin,2014-12-04T00:00,0.000,µg/m³,PM2.5,ICPMS
30113,JOHNSTON BUILDING,Tin,2014-12-07T00:00,0.000,µg/m³,PM2.5,ICPMS
30113,JOHNSTON BUILDING,Tin,2014-12-07T00:00,0.000,µg/m³,PM2.5,ICPMS
30113,JOHNSTON BUILDING,Tin,2014-12-10T00:00,0.000,µg/m³,PM2.5,ICPMS
30113,JOHNSTON BUILDING,Tin,2014-12-10T00:00,0.000,µg/m³,PM2.5,ICPMS
30113,JOHNSTON BUILDING,Tin,2014-12-13T00:00,0.000,µg/m³,PM2.5,ICPMS
30113,JOHNSTON BUILDING,Tin,2014-12-13T00:00,0.000,µg/m³,PM2.5,ICPMS
30113,JOHNSTON BUILDING,Tin,2014-12-16T00:00,0.000,µg/m³,PM2.5,ICPMS
30113,JOHNSTON BUILDING,Tin,2014-12-19T00:00,0.000,µg/m³,PM2.5,ICPMS
30113,JOHNSTON BUILDING,Tin,2014-12-19T00:00,0.000,µg/m³,PM2.5,ICPMS
30113,JOHNSTON BUILDING,Tin,2014-12-22T00:00,0.000,µg/m³,PM2.5,ICPMS
30113,JOHNSTON BUILDING,Tin,2014-12-22T00:00,0.000,µg/m³,PM2.5,ICPMS
30113,JOHNSTON BUILDING,Tin,2014-12-25T00:00,0.000,µg/m³,PM2.5,ICPMS
30113,JOHNSTON BUILDING,Tin,2014-12-25T00:00,0.000,µg/m³,PM2.5,ICPMS
30113,JOHNSTON BUILDING,Tin,2014-12-28T00:00,0.000,µg/m³,PM2.5,ICPMS
30113,JOHNSTON BUILDING,Tin,2014-12-28T00:00,0.000,µg/m³,PM2.5,ICPMS
30113,JOHNSTON BUILDING,Tin,2014-12-31T00:00,0.000,µg/m³,PM2.5,ICPMS
30113,JOHNSTON BUILDING,Tin,2014-12-31T00:00,0.000,µg/m³,PM2.5,ICPMS
30113,JOHNSTON BUILDING,Tin,2014-01-02T00:00,0.000,µg/m³,PM2.5-10,ED-XRF
30113,JOHNSTON BUILDING,Tin,2014-01-05T00:00,0.000,µg/m³,PM2.5-10,ED-XRF
30113,JOHNSTON BUILDING,Tin,2014-01-08T00:00,0.004,µg/m³,PM2.5-10,ED-XRF
30113,JOHNSTON BUILDING,Tin,2014-01-11T00:00,0.000,µg/m³,PM2.5-10,ED-XRF
30113,JOHNSTON BUILDING,Tin,2014-01-14T00:00,0.000,µg/m³,PM2.5-10,ED-XRF
30113,JOHNSTON BUILDING,Tin,2014-01-17T00:00,0.000,µg/m³,PM2.5-10,ED-XRF
30113,JOHNSTON BUILDING,Tin,2014-01-20T00:00,0.000,µg/m³,PM2.5-10,ED-XRF
30113,JOHNSTON BUILDING,Tin,2014-01-23T00:00,0.001,µg/m³,PM2.5-10,ED-XRF
30113,JOHNSTON BUILDING,Tin,2014-01-26T00:00,0.000,µg/m³,PM2.5-10,ED-XRF
30113,JOHNSTON BUILDING,Tin,2014-01-29T00:00,0.000,µg/m³,PM2.5-10,ED-XRF
30113,JOHNSTON BUILDING,Tin,2014-02-01T00:00,0.000,µg/m³,PM2.5-10,ED-XRF
30113,JOHNSTON BUILDING,Tin,2014-02-07T00:00,0.000,µg/m³,PM2.5-10,ED-XRF
30113,JOHNSTON BUILDING,Tin,2014-02-10T00:00,0.000,µg/m³,PM2.5-10,ED-XRF
30113,JOHNSTON BUILDING,Tin,2014-02-13T00:00,0.002,µg/m³,PM2.5-10,ED-XRF
30113,JOHNSTON BUILDING,Tin,2014-02-16T00:00,0.000,µg/m³,PM2.5-10,ED-XRF
30113,JOHNSTON BUILDING,Tin,2014-02-19T00:00,0.000,µg/m³,PM2.5-10,ED-XRF
30113,JOHNSTON BUILDING,Tin,2014-02-22T00:00,0.000,µg/m³,PM2.5-10,ED-XRF
30113,JOHNSTON BUILDING,Tin,2014-02-25T00:00,0.000,µg/m³,PM2.5-10,ED-XRF
30113,JOHNSTON BUILDING,Tin,2014-02-28T00:00,0.000,µg/m³,PM2.5-10,ED-XRF
30113,JOHNSTON BUILDING,Tin,2014-03-03T00:00,0.000,µg/m³,PM2.5-10,ED-XRF
30113,JOHNSTON BUILDING,Tin,2014-03-06T00:00,0.000,µg/m³,PM2.5-10,ED-XRF
30113,JOHNSTON BUILDING,Tin,2014-03-09T00:00,0.000,µg/m³,PM2.5-10,ED-XRF
30113,JOHNSTON BUILDING,Tin,2014-03-12T00:00,0.000,µg/m³,PM2.5-10,ED-XRF
30113,JOHNSTON BUILDING,Tin,2014-03-15T00:00,0.000,µg/m³,PM2.5-10,ED-XRF
30113,JOHNSTON BUILDING,Tin,2014-03-18T00:00,0.000,µg/m³,PM2.5-10,ED-XRF
30113,JOHNSTON BUILDING,Tin,2014-03-21T00:00,0.001,µg/m³,PM2.5-10,ED-XRF
30113,JOHNSTON BUILDING,Tin,2014-03-24T00:00,0.000,µg/m³,PM2.5-10,ED-XRF
30113,JOHNSTON BUILDING,Tin,2014-03-27T00:00,0.000,µg/m³,PM2.5-10,ED-XRF
30113,JOHNSTON BUILDING,Tin,2014-03-30T00:00,0.000,µg/m³,PM2.5-10,ED-XRF
30113,JOHNSTON BUILDING,Tin,2014-04-02T00:00,0.000,µg/m³,PM2.5-10,ED-XRF
30113,JOHNSTON BUILDING,Tin,2014-04-05T00:00,0.000,µg/m³,PM2.5-10,ED-XRF
30113,JOHNSTON BUILDING,Tin,2014-04-14T00:00,0.000,µg/m³,PM2.5-10,ED-XRF
30113,JOHNSTON BUILDING,Tin,2014-04-17T00:00,0.000,µg/m³,PM2.5-10,ED-XRF
30113,JOHNSTON BUILDING,Tin,2014-04-20T00:00,0.000,µg/m³,PM2.5-10,ED-XRF
30113,JOHNSTON BUILDING,Tin,2014-04-23T00:00,0.003,µg/m³,PM2.5-10,ED-XRF
30113,JOHNSTON BUILDING,Tin,2014-04-26T00:00,0.000,µg/m³,PM2.5-10,ED-XRF
30113,JOHNSTON BUILDING,Tin,2014-04-29T00:00,0.002,µg/m³,PM2.5-10,ED-XRF
30113,JOHNSTON BUILDING,Tin,2014-05-02T00:00,0.000,µg/m³,PM2.5-10,ED-XRF
30113,JOHNSTON BUILDING,Tin,2014-05-05T00:00,0.000,µg/m³,PM2.5-10,ED-XRF
30113,JOHNSTON BUILDING,Tin,2014-05-08T00:00,0.000,µg/m³,PM2.5-10,ED-XRF
30113,JOHNSTON BUILDING,Tin,2014-05-11T00:00,0.000,µg/m³,PM2.5-10,ED-XRF
30113,JOHNSTON BUILDING,Tin,2014-05-14T00:00,0.002,µg/m³,PM2.5-10,ED-XRF
30113,JOHNSTON BUILDING,Tin,2014-05-17T00:00,0.000,µg/m³,PM2.5-10,ED-XRF
30113,JOHNSTON BUILDING,Tin,2014-05-20T00:00,0.000,µg/m³,PM2.5-10,ED-XRF
30113,JOHNSTON BUILDING,Tin,2014-05-23T00:00,0.000,µg/m³,PM2.5-10,ED-XRF
30113,JOHNSTON BUILDING,Tin,2014-05-26T00:00,0.001,µg/m³,PM2.5-10,ED-XRF
30113,JOHNSTON BUILDING,Tin,2014-05-29T00:00,0.000,µg/m³,PM2.5-10,ED-XRF
30113,JOHNSTON BUILDING,Tin,2014-06-01T00:00,0.000,µg/m³,PM2.5-10,ED-XRF
30113,JOHNSTON BUILDING,Tin,2014-06-04T00:00,0.000,µg/m³,PM2.5-10,ED-XRF
30113,JOHNSTON BUILDING,Tin,2014-06-07T00:00,0.000,µg/m³,PM2.5-10,ED-XRF
30113,JOHNSTON BUILDING,Tin,2014-06-10T00:00,0.000,µg/m³,PM2.5-10,ED-XRF
30113,JOHNSTON BUILDING,Tin,2014-06-13T00:00,0.000,µg/m³,PM2.5-10,ED-XRF
30113,JOHNSTON BUILDING,Tin,2014-06-16T00:00,0.000,µg/m³,PM2.5-10,ED-XRF
30113,JOHNSTON BUILDING,Tin,2014-06-19T00:00,0.000,µg/m³,PM2.5-10,ED-XRF
30113,JOHNSTON BUILDING,Tin,2014-06-22T00:00,0.000,µg/m³,PM2.5-10,ED-XRF
30113,JOHNSTON BUILDING,Tin,2014-06-25T00:00,0.000,µg/m³,PM2.5-10,ED-XRF
30113,JOHNSTON BUILDING,Tin,2014-06-28T00:00,0.000,µg/m³,PM2.5-10,ED-XRF
30113,JOHNSTON BUILDING,Tin,2014-07-01T00:00,0.004,µg/m³,PM2.5-10,ED-XRF
30113,JOHNSTON BUILDING,Tin,2014-07-04T00:00,0.005,µg/m³,PM2.5-10,ED-XRF
30113,JOHNSTON BUILDING,Tin,2014-07-07T00:00,0.000,µg/m³,PM2.5-10,ED-XRF
30113,JOHNSTON BUILDING,Tin,2014-07-10T00:00,0.000,µg/m³,PM2.5-10,ED-XRF
30113,JOHNSTON BUILDING,Tin,2014-07-13T00:00,0.000,µg/m³,PM2.5-10,ED-XRF
30113,JOHNSTON BUILDING,Tin,2014-07-19T00:00,0.001,µg/m³,PM2.5-10,ED-XRF
30113,JOHNSTON BUILDING,Tin,2014-07-22T00:00,0.000,µg/m³,PM2.5-10,ED-XRF
30113,JOHNSTON BUILDING,Tin,2014-07-25T00:00,0.000,µg/m³,PM2.5-10,ED-XRF
30113,JOHNSTON BUILDING,Tin,2014-07-28T00:00,0.000,µg/m³,PM2.5-10,ED-XRF
30113,JOHNSTON BUILDING,Tin,2014-07-31T00:00,0.000,µg/m³,PM2.5-10,ED-XRF
30113,JOHNSTON BUILDING,Tin,2014-08-03T00:00,0.000,µg/m³,PM2.5-10,ED-XRF
30113,JOHNSTON BUILDING,Tin,2014-08-06T00:00,0.000,µg/m³,PM2.5-10,ED-XRF
30113,JOHNSTON BUILDING,Tin,2014-08-09T00:00,0.000,µg/m³,PM2.5-10,ED-XRF
30113,JOHNSTON BUILDING,Tin,2014-08-12T00:00,0.000,µg/m³,PM2.5-10,ED-XRF
30113,JOHNSTON BUILDING,Tin,2014-08-15T00:00,0.000,µg/m³,PM2.5-10,ED-XRF
30113,JOHNSTON BUILDING,Tin,2014-08-18T00:00,0.000,µg/m³,PM2.5-10,ED-XRF
30113,JOHNSTON BUILDING,Tin,2014-08-21T00:00,0.000,µg/m³,PM2.5-10,ED-XRF
30113,JOHNSTON BUILDING,Tin,2014-08-24T00:00,0.000,µg/m³,PM2.5-10,ED-XRF
30113,JOHNSTON BUILDING,Tin,2014-08-27T00:00,0.002,µg/m³,PM2.5-10,ED-XRF
30113,JOHNSTON BUILDING,Tin,2014-08-30T00:00,0.000,µg/m³,PM2.5-10,ED-XRF
30113,JOHNSTON BUILDING,Tin,2014-09-05T00:00,0.002,µg/m³,PM2.5-10,ED-XRF
30113,JOHNSTON BUILDING,Tin,2014-09-08T00:00,0.000,µg/m³,PM2.5-10,ED-XRF
30113,JOHNSTON BUILDING,Tin,2014-09-11T00:00,0.000,µg/m³,PM2.5-10,ED-XRF
30113,JOHNSTON BUILDING,Tin,2014-09-14T00:00,0.000,µg/m³,PM2.5-10,ED-XRF
30113,JOHNSTON BUILDING,Tin,2014-09-17T00:00,0.000,µg/m³,PM2.5-10,ED-XRF
30113,JOHNSTON BUILDING,Tin,2014-09-20T00:00,0.000,µg/m³,PM2.5-10,ED-XRF
30113,JOHNSTON BUILDING,Tin,2014-09-23T00:00,0.000,µg/m³,PM2.5-10,ED-XRF
30113,JOHNSTON BUILDING,Tin,2014-09-26T00:00,0.000,µg/m³,PM2.5-10,ED-XRF
30113,JOHNSTON BUILDING,Tin,2014-09-29T00:00,0.004,µg/m³,PM2.5-10,ED-XRF
30113,JOHNSTON BUILDING,Tin,2014-10-02T00:00,0.000,µg/m³,PM2.5-10,ED-XRF
30113,JOHNSTON BUILDING,Tin,2014-10-05T00:00,0.000,µg/m³,PM2.5-10,ED-XRF
30113,JOHNSTON BUILDING,Tin,2014-10-08T00:00,0.000,µg/m³,PM2.5-10,ED-XRF
30113,JOHNSTON BUILDING,Tin,2014-10-11T00:00,0.000,µg/m³,PM2.5-10,ED-XRF
30113,JOHNSTON BUILDING,Tin,2014-10-14T00:00,0.001,µg/m³,PM2.5-10,ED-XRF
30113,JOHNSTON BUILDING,Tin,2014-10-17T00:00,0.000,µg/m³,PM2.5-10,ED-XRF
30113,JOHNSTON BUILDING,Tin,2014-10-20T00:00,0.000,µg/m³,PM2.5-10,ED-XRF
30113,JOHNSTON BUILDING,Tin,2014-10-23T00:00,0.000,µg/m³,PM2.5-10,ED-XRF
30113,JOHNSTON BUILDING,Tin,2014-10-26T00:00,0.000,µg/m³,PM2.5-10,ED-XRF
30113,JOHNSTON BUILDING,Tin,2014-10-29T00:00,0.000,µg/m³,PM2.5-10,ED-XRF
30113,JOHNSTON BUILDING,Tin,2014-11-01T00:00,0.000,µg/m³,PM2.5-10,ED-XRF
30113,JOHNSTON BUILDING,Tin,2014-11-04T00:00,0.000,µg/m³,PM2.5-10,ED-XRF
30113,JOHNSTON BUILDING,Tin,2014-11-07T00:00,0.000,µg/m³,PM2.5-10,ED-XRF
30113,JOHNSTON BUILDING,Tin,2014-11-10T00:00,0.000,µg/m³,PM2.5-10,ED-XRF
30113,JOHNSTON BUILDING,Tin,2014-11-13T00:00,0.000,µg/m³,PM2.5-10,ED-XRF
30113,JOHNSTON BUILDING,Tin,2014-11-16T00:00,0.000,µg/m³,PM2.5-10,ED-XRF
30113,JOHNSTON BUILDING,Tin,2014-11-19T00:00,0.003,µg/m³,PM2.5-10,ED-XRF
30113,JOHNSTON BUILDING,Tin,2014-11-22T00:00,0.000,µg/m³,PM2.5-10,ED-XRF
30113,JOHNSTON BUILDING,Tin,2014-11-25T00:00,0.000,µg/m³,PM2.5-10,ED-XRF
30113,JOHNSTON BUILDING,Tin,2014-11-28T00:00,0.000,µg/m³,PM2.5-10,ED-XRF
30113,JOHNSTON BUILDING,Tin,2014-12-01T00:00,0.000,µg/m³,PM2.5-10,ED-XRF
30113,JOHNSTON BUILDING,Tin,2014-12-04T00:00,0.000,µg/m³,PM2.5-10,ED-XRF
30113,JOHNSTON BUILDING,Tin,2014-12-07T00:00,0.000,µg/m³,PM2.5-10,ED-XRF
30113,JOHNSTON BUILDING,Tin,2014-12-10T00:00,0.000,µg/m³,PM2.5-10,ED-XRF
30113,JOHNSTON BUILDING,Tin,2014-12-13T00:00,0.000,µg/m³,PM2.5-10,ED-XRF
30113,JOHNSTON BUILDING,Tin,2014-12-19T00:00,0.000,µg/m³,PM2.5-10,ED-XRF
30113,JOHNSTON BUILDING,Tin,2014-12-22T00:00,0.000,µg/m³,PM2.5-10,ED-XRF
30113,JOHNSTON BUILDING,Tin,2014-12-25T00:00,0.000,µg/m³,PM2.5-10,ED-XRF
30113,JOHNSTON BUILDING,Tin,2014-12-28T00:00,0.000,µg/m³,PM2.5-10,ED-XRF
30113,JOHNSTON BUILDING,Tin,2014-12-31T00:00,0.000,µg/m³,PM2.5-10,ED-XRF
