﻿NAPS_Site_ID,Station_Name,Pollutant,Date,Value,Units,Report_Type,Method
40203,FOREST HILLS,Cyclopentane,2013-01-04T00:00,0.063,µg/m³,VOC,
40203,FOREST HILLS,Cyclopentane,2013-01-10T00:00,0.052,µg/m³,VOC,
40203,FOREST HILLS,Cyclopentane,2013-01-16T00:00,0.037,µg/m³,VOC,
40203,FOREST HILLS,Cyclopentane,2013-01-22T00:00,0.028,µg/m³,VOC,
40203,FOREST HILLS,Cyclopentane,2013-01-28T00:00,0.034,µg/m³,VOC,
40203,FOREST HILLS,Cyclopentane,2013-02-03T00:00,0.033,µg/m³,VOC,
40203,FOREST HILLS,Cyclopentane,2013-02-15T00:00,0.360,µg/m³,VOC,
40203,FOREST HILLS,Cyclopentane,2013-02-21T00:00,0.030,µg/m³,VOC,
40203,FOREST HILLS,Cyclopentane,2013-02-27T00:00,0.061,µg/m³,VOC,
40203,FOREST HILLS,Cyclopentane,2013-03-05T00:00,0.017,µg/m³,VOC,
40203,FOREST HILLS,Cyclopentane,2013-03-11T00:00,0.372,µg/m³,VOC,
40203,FOREST HILLS,Cyclopentane,2013-03-17T00:00,0.016,µg/m³,VOC,
40203,FOREST HILLS,Cyclopentane,2013-03-23T00:00,0.019,µg/m³,VOC,
40203,FOREST HILLS,Cyclopentane,2013-03-29T00:00,0.377,µg/m³,VOC,
40203,FOREST HILLS,Cyclopentane,2013-04-04T00:00,0.028,µg/m³,VOC,
40203,FOREST HILLS,Cyclopentane,2013-04-10T00:00,0.269,µg/m³,VOC,
40203,FOREST HILLS,Cyclopentane,2013-04-16T00:00,0.291,µg/m³,VOC,
40203,FOREST HILLS,Cyclopentane,2013-04-22T00:00,0.021,µg/m³,VOC,
40203,FOREST HILLS,Cyclopentane,2013-04-28T00:00,0.221,µg/m³,VOC,
40203,FOREST HILLS,Cyclopentane,2013-05-04T00:00,0.114,µg/m³,VOC,
40203,FOREST HILLS,Cyclopentane,2013-05-10T00:00,0.281,µg/m³,VOC,
40203,FOREST HILLS,Cyclopentane,2013-05-16T00:00,0.297,µg/m³,VOC,
40203,FOREST HILLS,Cyclopentane,2013-05-22T00:00,0.157,µg/m³,VOC,
40203,FOREST HILLS,Cyclopentane,2013-05-28T00:00,0.142,µg/m³,VOC,
40203,FOREST HILLS,Cyclopentane,2013-06-03T00:00,0.157,µg/m³,VOC,
40203,FOREST HILLS,Cyclopentane,2013-06-09T00:00,0.034,µg/m³,VOC,
40203,FOREST HILLS,Cyclopentane,2013-06-15T00:00,0.354,µg/m³,VOC,
40203,FOREST HILLS,Cyclopentane,2013-06-21T00:00,0.186,µg/m³,VOC,
40203,FOREST HILLS,Cyclopentane,2013-06-27T00:00,0.013,µg/m³,VOC,
40203,FOREST HILLS,Cyclopentane,2013-07-03T00:00,0.271,µg/m³,VOC,
40203,FOREST HILLS,Cyclopentane,2013-07-08T00:00,0.121,µg/m³,VOC,
40203,FOREST HILLS,Cyclopentane,2013-07-21T00:00,0.557,µg/m³,VOC,
40203,FOREST HILLS,Cyclopentane,2013-08-02T00:00,0.140,µg/m³,VOC,
40203,FOREST HILLS,Cyclopentane,2013-08-08T00:00,0.652,µg/m³,VOC,
40203,FOREST HILLS,Cyclopentane,2013-08-14T00:00,0.091,µg/m³,VOC,
40203,FOREST HILLS,Cyclopentane,2013-08-20T00:00,0.370,µg/m³,VOC,
40203,FOREST HILLS,Cyclopentane,2013-08-26T00:00,0.718,µg/m³,VOC,
40203,FOREST HILLS,Cyclopentane,2013-09-01T00:00,0.025,µg/m³,VOC,
40203,FOREST HILLS,Cyclopentane,2013-09-25T00:00,0.014,µg/m³,VOC,
40203,FOREST HILLS,Cyclopentane,2013-10-01T00:00,0.105,µg/m³,VOC,
40203,FOREST HILLS,Cyclopentane,2013-10-13T00:00,0.156,µg/m³,VOC,
40203,FOREST HILLS,Cyclopentane,2013-10-19T00:00,0.085,µg/m³,VOC,
40203,FOREST HILLS,Cyclopentane,2013-10-25T00:00,0.019,µg/m³,VOC,
40203,FOREST HILLS,Cyclopentane,2013-10-31T00:00,0.190,µg/m³,VOC,
40203,FOREST HILLS,Cyclopentane,2013-11-06T00:00,0.045,µg/m³,VOC,
40203,FOREST HILLS,Cyclopentane,2013-11-12T00:00,0.049,µg/m³,VOC,
40203,FOREST HILLS,Cyclopentane,2013-11-18T00:00,0.046,µg/m³,VOC,
40203,FOREST HILLS,Cyclopentane,2013-11-24T00:00,0.018,µg/m³,VOC,
40203,FOREST HILLS,Cyclopentane,2013-11-30T00:00,0.035,µg/m³,VOC,
40203,FOREST HILLS,Cyclopentane,2013-12-12T00:00,0.043,µg/m³,VOC,
40203,FOREST HILLS,Cyclopentane,2013-12-18T00:00,0.034,µg/m³,VOC,
40203,FOREST HILLS,Cyclopentane,2013-12-24T00:00,0.030,µg/m³,VOC,
