﻿NAPS_Site_ID,Station_Name,Pollutant,Date,Value,Units,Report_Type,Method
40208,CHAMPLAIN HEIGHTS SCHOOL,2-Methyl-2-Butene,2012-01-04T00:00,0.419,µg/m³,VOC,GC-MS
40208,CHAMPLAIN HEIGHTS SCHOOL,2-Methyl-2-Butene,2012-01-10T00:00,0.029,µg/m³,VOC,GC-MS
40208,CHAMPLAIN HEIGHTS SCHOOL,2-Methyl-2-Butene,2012-02-09T00:00,0.396,µg/m³,VOC,GC-MS
40208,CHAMPLAIN HEIGHTS SCHOOL,2-Methyl-2-Butene,2012-02-15T00:00,0.341,µg/m³,VOC,GC-MS
40208,CHAMPLAIN HEIGHTS SCHOOL,2-Methyl-2-Butene,2012-02-21T00:00,1.785,µg/m³,VOC,GC-MS
40208,CHAMPLAIN HEIGHTS SCHOOL,2-Methyl-2-Butene,2012-02-27T00:00,0.321,µg/m³,VOC,GC-MS
40208,CHAMPLAIN HEIGHTS SCHOOL,2-Methyl-2-Butene,2012-03-04T00:00,0.963,µg/m³,VOC,GC-MS
40208,CHAMPLAIN HEIGHTS SCHOOL,2-Methyl-2-Butene,2012-03-10T00:00,0.170,µg/m³,VOC,GC-MS
40208,CHAMPLAIN HEIGHTS SCHOOL,2-Methyl-2-Butene,2012-03-16T00:00,3.284,µg/m³,VOC,GC-MS
40208,CHAMPLAIN HEIGHTS SCHOOL,2-Methyl-2-Butene,2012-03-22T00:00,11.382,µg/m³,VOC,GC-MS
40208,CHAMPLAIN HEIGHTS SCHOOL,2-Methyl-2-Butene,2012-03-28T00:00,2.213,µg/m³,VOC,GC-MS
40208,CHAMPLAIN HEIGHTS SCHOOL,2-Methyl-2-Butene,2012-04-03T00:00,0.178,µg/m³,VOC,GC-MS
40208,CHAMPLAIN HEIGHTS SCHOOL,2-Methyl-2-Butene,2012-04-09T00:00,7.227,µg/m³,VOC,GC-MS
40208,CHAMPLAIN HEIGHTS SCHOOL,2-Methyl-2-Butene,2012-04-15T00:00,3.229,µg/m³,VOC,GC-MS
40208,CHAMPLAIN HEIGHTS SCHOOL,2-Methyl-2-Butene,2012-04-21T00:00,7.129,µg/m³,VOC,GC-MS
40208,CHAMPLAIN HEIGHTS SCHOOL,2-Methyl-2-Butene,2012-04-27T00:00,0.607,µg/m³,VOC,GC-MS
40208,CHAMPLAIN HEIGHTS SCHOOL,2-Methyl-2-Butene,2012-05-03T00:00,1.210,µg/m³,VOC,GC-MS
40208,CHAMPLAIN HEIGHTS SCHOOL,2-Methyl-2-Butene,2012-05-09T00:00,6.542,µg/m³,VOC,GC-MS
40208,CHAMPLAIN HEIGHTS SCHOOL,2-Methyl-2-Butene,2012-05-15T00:00,7.871,µg/m³,VOC,GC-MS
40208,CHAMPLAIN HEIGHTS SCHOOL,2-Methyl-2-Butene,2012-05-21T00:00,8.598,µg/m³,VOC,GC-MS
40208,CHAMPLAIN HEIGHTS SCHOOL,2-Methyl-2-Butene,2012-05-27T00:00,2.298,µg/m³,VOC,GC-MS
40208,CHAMPLAIN HEIGHTS SCHOOL,2-Methyl-2-Butene,2012-06-02T00:00,2.461,µg/m³,VOC,GC-MS
40208,CHAMPLAIN HEIGHTS SCHOOL,2-Methyl-2-Butene,2012-06-08T00:00,8.134,µg/m³,VOC,GC-MS
40208,CHAMPLAIN HEIGHTS SCHOOL,2-Methyl-2-Butene,2012-06-14T00:00,1.097,µg/m³,VOC,GC-MS
40208,CHAMPLAIN HEIGHTS SCHOOL,2-Methyl-2-Butene,2012-06-20T00:00,14.255,µg/m³,VOC,GC-MS
40208,CHAMPLAIN HEIGHTS SCHOOL,2-Methyl-2-Butene,2012-06-26T00:00,1.152,µg/m³,VOC,GC-MS
40208,CHAMPLAIN HEIGHTS SCHOOL,2-Methyl-2-Butene,2012-07-02T00:00,4.910,µg/m³,VOC,GC-MS
40208,CHAMPLAIN HEIGHTS SCHOOL,2-Methyl-2-Butene,2012-07-20T00:00,6.297,µg/m³,VOC,GC-MS
40208,CHAMPLAIN HEIGHTS SCHOOL,2-Methyl-2-Butene,2012-07-26T00:00,8.337,µg/m³,VOC,GC-MS
40208,CHAMPLAIN HEIGHTS SCHOOL,2-Methyl-2-Butene,2012-08-01T00:00,0.434,µg/m³,VOC,GC-MS
40208,CHAMPLAIN HEIGHTS SCHOOL,2-Methyl-2-Butene,2012-08-07T00:00,6.584,µg/m³,VOC,GC-MS
40208,CHAMPLAIN HEIGHTS SCHOOL,2-Methyl-2-Butene,2012-08-13T00:00,25.866,µg/m³,VOC,GC-MS
40208,CHAMPLAIN HEIGHTS SCHOOL,2-Methyl-2-Butene,2012-08-19T00:00,2.005,µg/m³,VOC,GC-MS
40208,CHAMPLAIN HEIGHTS SCHOOL,2-Methyl-2-Butene,2012-08-25T00:00,4.943,µg/m³,VOC,GC-MS
40208,CHAMPLAIN HEIGHTS SCHOOL,2-Methyl-2-Butene,2012-08-31T00:00,21.512,µg/m³,VOC,GC-MS
40208,CHAMPLAIN HEIGHTS SCHOOL,2-Methyl-2-Butene,2012-09-06T00:00,0.084,µg/m³,VOC,GC-MS
40208,CHAMPLAIN HEIGHTS SCHOOL,2-Methyl-2-Butene,2012-09-18T00:00,6.440,µg/m³,VOC,GC-MS
40208,CHAMPLAIN HEIGHTS SCHOOL,2-Methyl-2-Butene,2012-09-24T00:00,1.271,µg/m³,VOC,GC-MS
40208,CHAMPLAIN HEIGHTS SCHOOL,2-Methyl-2-Butene,2012-09-30T00:00,1.116,µg/m³,VOC,GC-MS
40208,CHAMPLAIN HEIGHTS SCHOOL,2-Methyl-2-Butene,2012-10-06T00:00,9.881,µg/m³,VOC,GC-MS
40208,CHAMPLAIN HEIGHTS SCHOOL,2-Methyl-2-Butene,2012-10-18T00:00,1.887,µg/m³,VOC,GC-MS
40208,CHAMPLAIN HEIGHTS SCHOOL,2-Methyl-2-Butene,2012-10-24T00:00,0.033,µg/m³,VOC,GC-MS
40208,CHAMPLAIN HEIGHTS SCHOOL,2-Methyl-2-Butene,2012-10-30T00:00,0.002,µg/m³,VOC,GC-MS
40208,CHAMPLAIN HEIGHTS SCHOOL,2-Methyl-2-Butene,2012-11-05T00:00,0.026,µg/m³,VOC,GC-MS
40208,CHAMPLAIN HEIGHTS SCHOOL,2-Methyl-2-Butene,2012-11-11T00:00,2.089,µg/m³,VOC,GC-MS
40208,CHAMPLAIN HEIGHTS SCHOOL,2-Methyl-2-Butene,2012-11-17T00:00,0.030,µg/m³,VOC,GC-MS
40208,CHAMPLAIN HEIGHTS SCHOOL,2-Methyl-2-Butene,2012-11-23T00:00,3.452,µg/m³,VOC,GC-MS
40208,CHAMPLAIN HEIGHTS SCHOOL,2-Methyl-2-Butene,2012-11-29T00:00,0.203,µg/m³,VOC,GC-MS
40208,CHAMPLAIN HEIGHTS SCHOOL,2-Methyl-2-Butene,2012-12-05T00:00,6.119,µg/m³,VOC,GC-MS
40208,CHAMPLAIN HEIGHTS SCHOOL,2-Methyl-2-Butene,2012-12-11T00:00,0.191,µg/m³,VOC,GC-MS
40208,CHAMPLAIN HEIGHTS SCHOOL,2-Methyl-2-Butene,2012-12-17T00:00,0.017,µg/m³,VOC,GC-MS
40208,CHAMPLAIN HEIGHTS SCHOOL,2-Methyl-2-Butene,2012-12-23T00:00,0.497,µg/m³,VOC,GC-MS
40208,CHAMPLAIN HEIGHTS SCHOOL,2-Methyl-2-Butene,2012-12-29T00:00,0.036,µg/m³,VOC,GC-MS
