﻿NAPS_Site_ID,Station_Name,Pollutant,Date,Value,Units,Report_Type,Method
100119,BURNABY SOUTH,"2,3-Dimethylpentane",2003-01-03T00:00,0.271,µg/m³,VOC,GC-MS
100119,BURNABY SOUTH,"2,3-Dimethylpentane",2003-01-06T00:00,1.498,µg/m³,VOC,GC-MS
100119,BURNABY SOUTH,"2,3-Dimethylpentane",2003-01-09T00:00,0.883,µg/m³,VOC,GC-MS
100119,BURNABY SOUTH,"2,3-Dimethylpentane",2003-01-12T00:00,0.368,µg/m³,VOC,GC-MS
100119,BURNABY SOUTH,"2,3-Dimethylpentane",2003-01-15T00:00,1.907,µg/m³,VOC,GC-MS
100119,BURNABY SOUTH,"2,3-Dimethylpentane",2003-01-18T00:00,1.682,µg/m³,VOC,GC-MS
100119,BURNABY SOUTH,"2,3-Dimethylpentane",2003-01-21T00:00,1.432,µg/m³,VOC,GC-MS
100119,BURNABY SOUTH,"2,3-Dimethylpentane",2003-01-24T00:00,0.631,µg/m³,VOC,GC-MS
100119,BURNABY SOUTH,"2,3-Dimethylpentane",2003-01-27T00:00,0.403,µg/m³,VOC,GC-MS
100119,BURNABY SOUTH,"2,3-Dimethylpentane",2003-01-30T00:00,0.507,µg/m³,VOC,GC-MS
100119,BURNABY SOUTH,"2,3-Dimethylpentane",2003-02-02T00:00,0.811,µg/m³,VOC,GC-MS
100119,BURNABY SOUTH,"2,3-Dimethylpentane",2003-02-05T00:00,1.034,µg/m³,VOC,GC-MS
100119,BURNABY SOUTH,"2,3-Dimethylpentane",2003-02-08T00:00,0.949,µg/m³,VOC,GC-MS
100119,BURNABY SOUTH,"2,3-Dimethylpentane",2003-02-11T00:00,1.257,µg/m³,VOC,GC-MS
100119,BURNABY SOUTH,"2,3-Dimethylpentane",2003-02-14T00:00,0.578,µg/m³,VOC,GC-MS
100119,BURNABY SOUTH,"2,3-Dimethylpentane",2003-02-17T00:00,0.435,µg/m³,VOC,GC-MS
100119,BURNABY SOUTH,"2,3-Dimethylpentane",2003-02-20T00:00,0.596,µg/m³,VOC,GC-MS
100119,BURNABY SOUTH,"2,3-Dimethylpentane",2003-02-23T00:00,0.349,µg/m³,VOC,GC-MS
100119,BURNABY SOUTH,"2,3-Dimethylpentane",2003-02-26T00:00,1.370,µg/m³,VOC,GC-MS
100119,BURNABY SOUTH,"2,3-Dimethylpentane",2003-03-01T00:00,0.846,µg/m³,VOC,GC-MS
100119,BURNABY SOUTH,"2,3-Dimethylpentane",2003-03-04T00:00,0.502,µg/m³,VOC,GC-MS
100119,BURNABY SOUTH,"2,3-Dimethylpentane",2003-03-07T00:00,0.312,µg/m³,VOC,GC-MS
100119,BURNABY SOUTH,"2,3-Dimethylpentane",2003-03-10T00:00,0.249,µg/m³,VOC,GC-MS
100119,BURNABY SOUTH,"2,3-Dimethylpentane",2003-03-13T00:00,0.126,µg/m³,VOC,GC-MS
100119,BURNABY SOUTH,"2,3-Dimethylpentane",2003-03-16T00:00,0.194,µg/m³,VOC,GC-MS
100119,BURNABY SOUTH,"2,3-Dimethylpentane",2003-03-19T00:00,0.325,µg/m³,VOC,GC-MS
100119,BURNABY SOUTH,"2,3-Dimethylpentane",2003-03-22T00:00,0.119,µg/m³,VOC,GC-MS
100119,BURNABY SOUTH,"2,3-Dimethylpentane",2003-03-25T00:00,0.326,µg/m³,VOC,GC-MS
100119,BURNABY SOUTH,"2,3-Dimethylpentane",2003-03-28T00:00,0.664,µg/m³,VOC,GC-MS
100119,BURNABY SOUTH,"2,3-Dimethylpentane",2003-03-31T00:00,0.269,µg/m³,VOC,GC-MS
100119,BURNABY SOUTH,"2,3-Dimethylpentane",2003-04-03T00:00,0.252,µg/m³,VOC,GC-MS
100119,BURNABY SOUTH,"2,3-Dimethylpentane",2003-04-06T00:00,0.277,µg/m³,VOC,GC-MS
100119,BURNABY SOUTH,"2,3-Dimethylpentane",2003-04-09T00:00,1.034,µg/m³,VOC,GC-MS
100119,BURNABY SOUTH,"2,3-Dimethylpentane",2003-04-12T00:00,0.430,µg/m³,VOC,GC-MS
100119,BURNABY SOUTH,"2,3-Dimethylpentane",2003-04-15T00:00,0.500,µg/m³,VOC,GC-MS
100119,BURNABY SOUTH,"2,3-Dimethylpentane",2003-04-18T00:00,0.358,µg/m³,VOC,GC-MS
100119,BURNABY SOUTH,"2,3-Dimethylpentane",2003-04-21T00:00,0.434,µg/m³,VOC,GC-MS
100119,BURNABY SOUTH,"2,3-Dimethylpentane",2003-04-27T00:00,0.471,µg/m³,VOC,GC-MS
100119,BURNABY SOUTH,"2,3-Dimethylpentane",2003-04-30T00:00,0.384,µg/m³,VOC,GC-MS
100119,BURNABY SOUTH,"2,3-Dimethylpentane",2003-05-03T00:00,0.287,µg/m³,VOC,GC-MS
100119,BURNABY SOUTH,"2,3-Dimethylpentane",2003-05-06T00:00,0.658,µg/m³,VOC,GC-MS
100119,BURNABY SOUTH,"2,3-Dimethylpentane",2003-05-09T00:00,0.479,µg/m³,VOC,GC-MS
100119,BURNABY SOUTH,"2,3-Dimethylpentane",2003-05-12T00:00,0.338,µg/m³,VOC,GC-MS
100119,BURNABY SOUTH,"2,3-Dimethylpentane",2003-05-15T00:00,0.350,µg/m³,VOC,GC-MS
100119,BURNABY SOUTH,"2,3-Dimethylpentane",2003-05-18T00:00,0.298,µg/m³,VOC,GC-MS
100119,BURNABY SOUTH,"2,3-Dimethylpentane",2003-05-21T00:00,0.565,µg/m³,VOC,GC-MS
100119,BURNABY SOUTH,"2,3-Dimethylpentane",2003-05-24T00:00,0.707,µg/m³,VOC,GC-MS
100119,BURNABY SOUTH,"2,3-Dimethylpentane",2003-05-27T00:00,0.692,µg/m³,VOC,GC-MS
100119,BURNABY SOUTH,"2,3-Dimethylpentane",2003-05-30T00:00,0.997,µg/m³,VOC,GC-MS
100119,BURNABY SOUTH,"2,3-Dimethylpentane",2003-06-05T00:00,1.201,µg/m³,VOC,GC-MS
100119,BURNABY SOUTH,"2,3-Dimethylpentane",2003-06-08T00:00,0.311,µg/m³,VOC,GC-MS
100119,BURNABY SOUTH,"2,3-Dimethylpentane",2003-06-11T00:00,0.341,µg/m³,VOC,GC-MS
100119,BURNABY SOUTH,"2,3-Dimethylpentane",2003-06-14T00:00,0.377,µg/m³,VOC,GC-MS
100119,BURNABY SOUTH,"2,3-Dimethylpentane",2003-06-17T00:00,0.922,µg/m³,VOC,GC-MS
100119,BURNABY SOUTH,"2,3-Dimethylpentane",2003-06-20T00:00,0.369,µg/m³,VOC,GC-MS
100119,BURNABY SOUTH,"2,3-Dimethylpentane",2003-06-23T00:00,0.457,µg/m³,VOC,GC-MS
100119,BURNABY SOUTH,"2,3-Dimethylpentane",2003-06-26T00:00,0.585,µg/m³,VOC,GC-MS
100119,BURNABY SOUTH,"2,3-Dimethylpentane",2003-06-29T00:00,0.792,µg/m³,VOC,GC-MS
100119,BURNABY SOUTH,"2,3-Dimethylpentane",2003-07-02T00:00,0.479,µg/m³,VOC,GC-MS
100119,BURNABY SOUTH,"2,3-Dimethylpentane",2003-07-05T00:00,0.311,µg/m³,VOC,GC-MS
100119,BURNABY SOUTH,"2,3-Dimethylpentane",2003-07-08T00:00,0.266,µg/m³,VOC,GC-MS
100119,BURNABY SOUTH,"2,3-Dimethylpentane",2003-07-11T00:00,0.459,µg/m³,VOC,GC-MS
100119,BURNABY SOUTH,"2,3-Dimethylpentane",2003-07-14T00:00,0.604,µg/m³,VOC,GC-MS
100119,BURNABY SOUTH,"2,3-Dimethylpentane",2003-07-17T00:00,0.818,µg/m³,VOC,GC-MS
100119,BURNABY SOUTH,"2,3-Dimethylpentane",2003-07-20T00:00,0.428,µg/m³,VOC,GC-MS
100119,BURNABY SOUTH,"2,3-Dimethylpentane",2003-07-23T00:00,0.669,µg/m³,VOC,GC-MS
100119,BURNABY SOUTH,"2,3-Dimethylpentane",2003-07-26T00:00,0.359,µg/m³,VOC,GC-MS
100119,BURNABY SOUTH,"2,3-Dimethylpentane",2003-07-29T00:00,1.011,µg/m³,VOC,GC-MS
100119,BURNABY SOUTH,"2,3-Dimethylpentane",2003-08-01T00:00,0.322,µg/m³,VOC,GC-MS
100119,BURNABY SOUTH,"2,3-Dimethylpentane",2003-08-04T00:00,0.387,µg/m³,VOC,GC-MS
100119,BURNABY SOUTH,"2,3-Dimethylpentane",2003-08-07T00:00,0.750,µg/m³,VOC,GC-MS
100119,BURNABY SOUTH,"2,3-Dimethylpentane",2003-08-10T00:00,0.452,µg/m³,VOC,GC-MS
100119,BURNABY SOUTH,"2,3-Dimethylpentane",2003-08-13T00:00,0.607,µg/m³,VOC,GC-MS
100119,BURNABY SOUTH,"2,3-Dimethylpentane",2003-08-16T00:00,0.213,µg/m³,VOC,GC-MS
100119,BURNABY SOUTH,"2,3-Dimethylpentane",2003-08-19T00:00,0.501,µg/m³,VOC,GC-MS
100119,BURNABY SOUTH,"2,3-Dimethylpentane",2003-08-22T00:00,0.387,µg/m³,VOC,GC-MS
100119,BURNABY SOUTH,"2,3-Dimethylpentane",2003-08-25T00:00,1.288,µg/m³,VOC,GC-MS
100119,BURNABY SOUTH,"2,3-Dimethylpentane",2003-08-28T00:00,0.721,µg/m³,VOC,GC-MS
100119,BURNABY SOUTH,"2,3-Dimethylpentane",2003-08-31T00:00,0.420,µg/m³,VOC,GC-MS
100119,BURNABY SOUTH,"2,3-Dimethylpentane",2003-09-03T00:00,1.147,µg/m³,VOC,GC-MS
100119,BURNABY SOUTH,"2,3-Dimethylpentane",2003-09-06T00:00,0.576,µg/m³,VOC,GC-MS
100119,BURNABY SOUTH,"2,3-Dimethylpentane",2003-09-09T00:00,0.492,µg/m³,VOC,GC-MS
100119,BURNABY SOUTH,"2,3-Dimethylpentane",2003-09-12T00:00,0.450,µg/m³,VOC,GC-MS
100119,BURNABY SOUTH,"2,3-Dimethylpentane",2003-09-15T00:00,0.367,µg/m³,VOC,GC-MS
100119,BURNABY SOUTH,"2,3-Dimethylpentane",2003-09-18T00:00,0.384,µg/m³,VOC,GC-MS
100119,BURNABY SOUTH,"2,3-Dimethylpentane",2003-09-21T00:00,0.547,µg/m³,VOC,GC-MS
100119,BURNABY SOUTH,"2,3-Dimethylpentane",2003-09-24T00:00,1.238,µg/m³,VOC,GC-MS
100119,BURNABY SOUTH,"2,3-Dimethylpentane",2003-09-27T00:00,1.216,µg/m³,VOC,GC-MS
100119,BURNABY SOUTH,"2,3-Dimethylpentane",2003-09-30T00:00,1.000,µg/m³,VOC,GC-MS
100119,BURNABY SOUTH,"2,3-Dimethylpentane",2003-10-03T00:00,1.124,µg/m³,VOC,GC-MS
100119,BURNABY SOUTH,"2,3-Dimethylpentane",2003-10-06T00:00,0.783,µg/m³,VOC,GC-MS
100119,BURNABY SOUTH,"2,3-Dimethylpentane",2003-10-09T00:00,0.372,µg/m³,VOC,GC-MS
100119,BURNABY SOUTH,"2,3-Dimethylpentane",2003-10-12T00:00,0.171,µg/m³,VOC,GC-MS
100119,BURNABY SOUTH,"2,3-Dimethylpentane",2003-10-15T00:00,0.560,µg/m³,VOC,GC-MS
100119,BURNABY SOUTH,"2,3-Dimethylpentane",2003-10-18T00:00,0.195,µg/m³,VOC,GC-MS
100119,BURNABY SOUTH,"2,3-Dimethylpentane",2003-10-21T00:00,0.927,µg/m³,VOC,GC-MS
100119,BURNABY SOUTH,"2,3-Dimethylpentane",2003-10-24T00:00,1.134,µg/m³,VOC,GC-MS
100119,BURNABY SOUTH,"2,3-Dimethylpentane",2003-10-27T00:00,1.576,µg/m³,VOC,GC-MS
100119,BURNABY SOUTH,"2,3-Dimethylpentane",2003-10-30T00:00,0.322,µg/m³,VOC,GC-MS
100119,BURNABY SOUTH,"2,3-Dimethylpentane",2003-11-02T00:00,0.432,µg/m³,VOC,GC-MS
100119,BURNABY SOUTH,"2,3-Dimethylpentane",2003-11-05T00:00,0.946,µg/m³,VOC,GC-MS
100119,BURNABY SOUTH,"2,3-Dimethylpentane",2003-11-08T00:00,1.536,µg/m³,VOC,GC-MS
100119,BURNABY SOUTH,"2,3-Dimethylpentane",2003-11-11T00:00,0.366,µg/m³,VOC,GC-MS
100119,BURNABY SOUTH,"2,3-Dimethylpentane",2003-11-14T00:00,0.846,µg/m³,VOC,GC-MS
100119,BURNABY SOUTH,"2,3-Dimethylpentane",2003-11-17T00:00,0.397,µg/m³,VOC,GC-MS
100119,BURNABY SOUTH,"2,3-Dimethylpentane",2003-11-20T00:00,0.700,µg/m³,VOC,GC-MS
100119,BURNABY SOUTH,"2,3-Dimethylpentane",2003-11-23T00:00,0.276,µg/m³,VOC,GC-MS
100119,BURNABY SOUTH,"2,3-Dimethylpentane",2003-11-26T00:00,0.639,µg/m³,VOC,GC-MS
100119,BURNABY SOUTH,"2,3-Dimethylpentane",2003-11-29T00:00,0.599,µg/m³,VOC,GC-MS
100119,BURNABY SOUTH,"2,3-Dimethylpentane",2003-12-02T00:00,0.390,µg/m³,VOC,GC-MS
100119,BURNABY SOUTH,"2,3-Dimethylpentane",2003-12-05T00:00,0.188,µg/m³,VOC,GC-MS
100119,BURNABY SOUTH,"2,3-Dimethylpentane",2003-12-08T00:00,0.536,µg/m³,VOC,GC-MS
100119,BURNABY SOUTH,"2,3-Dimethylpentane",2003-12-11T00:00,0.701,µg/m³,VOC,GC-MS
100119,BURNABY SOUTH,"2,3-Dimethylpentane",2003-12-14T00:00,0.301,µg/m³,VOC,GC-MS
100119,BURNABY SOUTH,"2,3-Dimethylpentane",2003-12-17T00:00,0.874,µg/m³,VOC,GC-MS
100119,BURNABY SOUTH,"2,3-Dimethylpentane",2003-12-23T00:00,0.554,µg/m³,VOC,GC-MS
100119,BURNABY SOUTH,"2,3-Dimethylpentane",2003-12-26T00:00,0.330,µg/m³,VOC,GC-MS
100119,BURNABY SOUTH,"2,3-Dimethylpentane",2003-12-29T00:00,0.660,µg/m³,VOC,GC-MS
