﻿NAPS_Site_ID,Station_Name,Pollutant,Date,Value,Units,Report_Type,Method
40208,CHAMPLAIN HEIGHTS SCHOOL,3-Methylpentane,2015-01-05T19:00,0.290,µg/m³,VOC,N/A
40208,CHAMPLAIN HEIGHTS SCHOOL,3-Methylpentane,2015-01-17T19:00,5.574,µg/m³,VOC,N/A
40208,CHAMPLAIN HEIGHTS SCHOOL,3-Methylpentane,2015-01-23T19:00,0.855,µg/m³,VOC,N/A
40208,CHAMPLAIN HEIGHTS SCHOOL,3-Methylpentane,2015-02-10T19:00,0.059,µg/m³,VOC,N/A
40208,CHAMPLAIN HEIGHTS SCHOOL,3-Methylpentane,2015-02-22T19:00,0.235,µg/m³,VOC,N/A
40208,CHAMPLAIN HEIGHTS SCHOOL,3-Methylpentane,2015-02-28T19:00,5.876,µg/m³,VOC,N/A
40208,CHAMPLAIN HEIGHTS SCHOOL,3-Methylpentane,2015-03-06T19:00,1.841,µg/m³,VOC,N/A
40208,CHAMPLAIN HEIGHTS SCHOOL,3-Methylpentane,2015-03-12T20:00,0.311,µg/m³,VOC,N/A
40208,CHAMPLAIN HEIGHTS SCHOOL,3-Methylpentane,2015-03-24T20:00,3.461,µg/m³,VOC,N/A
40208,CHAMPLAIN HEIGHTS SCHOOL,3-Methylpentane,2015-03-30T20:00,3.128,µg/m³,VOC,N/A
40208,CHAMPLAIN HEIGHTS SCHOOL,3-Methylpentane,2015-04-17T20:00,0.246,µg/m³,VOC,N/A
40208,CHAMPLAIN HEIGHTS SCHOOL,3-Methylpentane,2015-04-23T20:00,0.616,µg/m³,VOC,N/A
40208,CHAMPLAIN HEIGHTS SCHOOL,3-Methylpentane,2015-04-29T20:00,0.009,µg/m³,VOC,N/A
40208,CHAMPLAIN HEIGHTS SCHOOL,3-Methylpentane,2015-05-05T20:00,0.503,µg/m³,VOC,N/A
40208,CHAMPLAIN HEIGHTS SCHOOL,3-Methylpentane,2015-05-11T20:00,2.647,µg/m³,VOC,N/A
40208,CHAMPLAIN HEIGHTS SCHOOL,3-Methylpentane,2015-05-17T20:00,2.252,µg/m³,VOC,N/A
40208,CHAMPLAIN HEIGHTS SCHOOL,3-Methylpentane,2015-05-23T20:00,10.907,µg/m³,VOC,N/A
40208,CHAMPLAIN HEIGHTS SCHOOL,3-Methylpentane,2015-05-29T20:00,13.092,µg/m³,VOC,N/A
40208,CHAMPLAIN HEIGHTS SCHOOL,3-Methylpentane,2015-06-04T20:00,7.007,µg/m³,VOC,N/A
40208,CHAMPLAIN HEIGHTS SCHOOL,3-Methylpentane,2015-06-10T20:00,7.637,µg/m³,VOC,N/A
40208,CHAMPLAIN HEIGHTS SCHOOL,3-Methylpentane,2015-06-16T20:00,5.029,µg/m³,VOC,N/A
40208,CHAMPLAIN HEIGHTS SCHOOL,3-Methylpentane,2015-06-22T20:00,0.255,µg/m³,VOC,N/A
40208,CHAMPLAIN HEIGHTS SCHOOL,3-Methylpentane,2015-06-28T20:00,5.772,µg/m³,VOC,N/A
40208,CHAMPLAIN HEIGHTS SCHOOL,3-Methylpentane,2015-07-04T20:00,5.245,µg/m³,VOC,N/A
40208,CHAMPLAIN HEIGHTS SCHOOL,3-Methylpentane,2015-07-10T20:00,4.537,µg/m³,VOC,N/A
40208,CHAMPLAIN HEIGHTS SCHOOL,3-Methylpentane,2015-07-16T20:00,5.765,µg/m³,VOC,N/A
40208,CHAMPLAIN HEIGHTS SCHOOL,3-Methylpentane,2015-08-09T20:00,2.440,µg/m³,VOC,N/A
40208,CHAMPLAIN HEIGHTS SCHOOL,3-Methylpentane,2015-08-15T20:00,13.118,µg/m³,VOC,N/A
40208,CHAMPLAIN HEIGHTS SCHOOL,3-Methylpentane,2015-08-27T20:00,0.787,µg/m³,VOC,N/A
40208,CHAMPLAIN HEIGHTS SCHOOL,3-Methylpentane,2015-09-02T20:00,8.774,µg/m³,VOC,N/A
40208,CHAMPLAIN HEIGHTS SCHOOL,3-Methylpentane,2015-09-08T20:00,8.723,µg/m³,VOC,N/A
40208,CHAMPLAIN HEIGHTS SCHOOL,3-Methylpentane,2015-09-14T20:00,1.234,µg/m³,VOC,N/A
40208,CHAMPLAIN HEIGHTS SCHOOL,3-Methylpentane,2015-09-20T20:00,1.234,µg/m³,VOC,N/A
40208,CHAMPLAIN HEIGHTS SCHOOL,3-Methylpentane,2015-09-26T20:00,8.714,µg/m³,VOC,N/A
40208,CHAMPLAIN HEIGHTS SCHOOL,3-Methylpentane,2015-10-02T20:00,0.023,µg/m³,VOC,N/A
40208,CHAMPLAIN HEIGHTS SCHOOL,3-Methylpentane,2015-10-08T20:00,0.395,µg/m³,VOC,N/A
40208,CHAMPLAIN HEIGHTS SCHOOL,3-Methylpentane,2015-10-14T20:00,1.985,µg/m³,VOC,N/A
40208,CHAMPLAIN HEIGHTS SCHOOL,3-Methylpentane,2015-10-20T20:00,0.101,µg/m³,VOC,N/A
40208,CHAMPLAIN HEIGHTS SCHOOL,3-Methylpentane,2015-10-26T20:00,1.668,µg/m³,VOC,N/A
40208,CHAMPLAIN HEIGHTS SCHOOL,3-Methylpentane,2015-11-01T19:00,0.329,µg/m³,VOC,N/A
40208,CHAMPLAIN HEIGHTS SCHOOL,3-Methylpentane,2015-11-07T19:00,0.653,µg/m³,VOC,N/A
40208,CHAMPLAIN HEIGHTS SCHOOL,3-Methylpentane,2015-11-13T19:00,0.276,µg/m³,VOC,N/A
40208,CHAMPLAIN HEIGHTS SCHOOL,3-Methylpentane,2015-11-19T19:00,0.028,µg/m³,VOC,N/A
40208,CHAMPLAIN HEIGHTS SCHOOL,3-Methylpentane,2015-11-25T19:00,7.262,µg/m³,VOC,N/A
40208,CHAMPLAIN HEIGHTS SCHOOL,3-Methylpentane,2015-12-01T19:00,1.300,µg/m³,VOC,N/A
40208,CHAMPLAIN HEIGHTS SCHOOL,3-Methylpentane,2015-12-07T19:00,0.121,µg/m³,VOC,N/A
40208,CHAMPLAIN HEIGHTS SCHOOL,3-Methylpentane,2015-12-13T19:00,0.099,µg/m³,VOC,N/A
40208,CHAMPLAIN HEIGHTS SCHOOL,3-Methylpentane,2015-12-19T19:00,0.405,µg/m³,VOC,N/A
40208,CHAMPLAIN HEIGHTS SCHOOL,3-Methylpentane,2015-12-25T19:00,1.471,µg/m³,VOC,N/A
