﻿NAPS_Site_ID,Station_Name,Pollutant,Date,Value,Units,Report_Type,Method
70119,ELLEN,3-Methylhexane,2008-01-01T00:00,0.217,µg/m³,VOC,N/A
70119,ELLEN,3-Methylhexane,2008-01-07T00:00,0.570,µg/m³,VOC,N/A
70119,ELLEN,3-Methylhexane,2008-01-13T00:00,0.864,µg/m³,VOC,N/A
70119,ELLEN,3-Methylhexane,2008-01-19T00:00,0.274,µg/m³,VOC,N/A
70119,ELLEN,3-Methylhexane,2008-01-25T00:00,0.946,µg/m³,VOC,N/A
70119,ELLEN,3-Methylhexane,2008-01-31T00:00,0.251,µg/m³,VOC,N/A
70119,ELLEN,3-Methylhexane,2008-02-06T00:00,0.208,µg/m³,VOC,N/A
70119,ELLEN,3-Methylhexane,2008-02-12T00:00,0.257,µg/m³,VOC,N/A
70119,ELLEN,3-Methylhexane,2008-02-18T00:00,0.144,µg/m³,VOC,N/A
70119,ELLEN,3-Methylhexane,2008-02-24T00:00,0.183,µg/m³,VOC,N/A
70119,ELLEN,3-Methylhexane,2008-03-01T00:00,0.155,µg/m³,VOC,N/A
70119,ELLEN,3-Methylhexane,2008-03-07T00:00,0.377,µg/m³,VOC,N/A
70119,ELLEN,3-Methylhexane,2008-03-13T00:00,0.152,µg/m³,VOC,N/A
70119,ELLEN,3-Methylhexane,2008-03-19T00:00,0.296,µg/m³,VOC,N/A
70119,ELLEN,3-Methylhexane,2008-03-25T00:00,0.218,µg/m³,VOC,N/A
70119,ELLEN,3-Methylhexane,2008-03-31T00:00,0.279,µg/m³,VOC,N/A
70119,ELLEN,3-Methylhexane,2008-04-06T00:00,0.123,µg/m³,VOC,N/A
70119,ELLEN,3-Methylhexane,2008-04-12T00:00,0.153,µg/m³,VOC,N/A
70119,ELLEN,3-Methylhexane,2008-04-18T00:00,0.251,µg/m³,VOC,N/A
70119,ELLEN,3-Methylhexane,2008-04-24T00:00,0.109,µg/m³,VOC,N/A
70119,ELLEN,3-Methylhexane,2008-04-30T00:00,0.199,µg/m³,VOC,N/A
70119,ELLEN,3-Methylhexane,2008-05-06T00:00,0.211,µg/m³,VOC,N/A
70119,ELLEN,3-Methylhexane,2008-05-30T00:00,0.413,µg/m³,VOC,N/A
70119,ELLEN,3-Methylhexane,2008-06-05T00:00,0.346,µg/m³,VOC,N/A
70119,ELLEN,3-Methylhexane,2008-06-11T00:00,0.245,µg/m³,VOC,N/A
70119,ELLEN,3-Methylhexane,2008-06-17T00:00,0.535,µg/m³,VOC,N/A
70119,ELLEN,3-Methylhexane,2008-06-23T00:00,0.293,µg/m³,VOC,N/A
70119,ELLEN,3-Methylhexane,2008-06-29T00:00,0.139,µg/m³,VOC,N/A
70119,ELLEN,3-Methylhexane,2008-07-05T00:00,0.152,µg/m³,VOC,N/A
70119,ELLEN,3-Methylhexane,2008-07-11T00:00,0.198,µg/m³,VOC,N/A
70119,ELLEN,3-Methylhexane,2008-07-17T00:00,0.369,µg/m³,VOC,N/A
70119,ELLEN,3-Methylhexane,2008-07-23T00:00,0.179,µg/m³,VOC,N/A
70119,ELLEN,3-Methylhexane,2008-07-29T00:00,0.152,µg/m³,VOC,N/A
70119,ELLEN,3-Methylhexane,2008-08-04T00:00,0.128,µg/m³,VOC,N/A
70119,ELLEN,3-Methylhexane,2008-08-10T00:00,0.192,µg/m³,VOC,N/A
70119,ELLEN,3-Methylhexane,2008-08-16T00:00,0.200,µg/m³,VOC,N/A
70119,ELLEN,3-Methylhexane,2008-08-22T00:00,0.157,µg/m³,VOC,N/A
70119,ELLEN,3-Methylhexane,2008-08-28T00:00,0.479,µg/m³,VOC,N/A
70119,ELLEN,3-Methylhexane,2008-09-09T00:00,0.261,µg/m³,VOC,N/A
70119,ELLEN,3-Methylhexane,2008-09-15T00:00,0.203,µg/m³,VOC,N/A
70119,ELLEN,3-Methylhexane,2008-09-21T00:00,0.238,µg/m³,VOC,N/A
70119,ELLEN,3-Methylhexane,2008-09-27T00:00,0.100,µg/m³,VOC,N/A
70119,ELLEN,3-Methylhexane,2008-10-03T00:00,0.257,µg/m³,VOC,N/A
70119,ELLEN,3-Methylhexane,2008-10-09T00:00,0.157,µg/m³,VOC,N/A
70119,ELLEN,3-Methylhexane,2008-10-15T00:00,0.221,µg/m³,VOC,N/A
70119,ELLEN,3-Methylhexane,2008-10-21T00:00,0.286,µg/m³,VOC,N/A
70119,ELLEN,3-Methylhexane,2008-10-27T00:00,0.245,µg/m³,VOC,N/A
70119,ELLEN,3-Methylhexane,2008-11-02T00:00,0.359,µg/m³,VOC,N/A
70119,ELLEN,3-Methylhexane,2008-11-08T00:00,0.143,µg/m³,VOC,N/A
70119,ELLEN,3-Methylhexane,2008-11-14T00:00,0.175,µg/m³,VOC,N/A
70119,ELLEN,3-Methylhexane,2008-11-26T00:00,0.697,µg/m³,VOC,N/A
70119,ELLEN,3-Methylhexane,2008-12-02T00:00,0.216,µg/m³,VOC,N/A
70119,ELLEN,3-Methylhexane,2008-12-08T00:00,0.556,µg/m³,VOC,N/A
70119,ELLEN,3-Methylhexane,2008-12-14T00:00,0.103,µg/m³,VOC,N/A
70119,ELLEN,3-Methylhexane,2008-12-20T00:00,0.216,µg/m³,VOC,N/A
70119,ELLEN,3-Methylhexane,2008-12-26T00:00,0.245,µg/m³,VOC,N/A
