﻿NAPS_Site_ID,Station_Name,Pollutant,Date,Value,Units,Report_Type,Method
60418,JUNCTION TRIANGLE,13C12-P5CDF,1995-02-02T00:00,82.000,pg/m³,PCDD,GC-MS
60418,JUNCTION TRIANGLE,13C12-P5CDF,1995-03-22T00:00,80.000,pg/m³,PCDD,GC-MS
60418,JUNCTION TRIANGLE,13C12-P5CDF,1995-05-15T00:00,107.000,pg/m³,PCDD,GC-MS
60418,JUNCTION TRIANGLE,13C12-P5CDF,1995-06-26T00:00,116.000,pg/m³,PCDD,GC-MS
60418,JUNCTION TRIANGLE,13C12-P5CDF,1995-08-13T00:00,99.000,pg/m³,PCDD,GC-MS
60418,JUNCTION TRIANGLE,13C12-P5CDF,1995-11-17T00:00,115.000,pg/m³,PCDD,GC-MS
