﻿NAPS_Site_ID,Station_Name,Pollutant,Date,Value,Units,Report_Type,Method
102001,SATURNA,"2,3-Dimethylbutane",2020-01-04T00:00,0.008,µg/m³,VOC,GC-MS
102001,SATURNA,"2,3-Dimethylbutane",2020-01-16T00:00,0.011,µg/m³,VOC,GC-MS
102001,SATURNA,"2,3-Dimethylbutane",2020-01-22T00:00,0.019,µg/m³,VOC,GC-MS
102001,SATURNA,"2,3-Dimethylbutane",2020-01-28T00:00,0.016,µg/m³,VOC,GC-MS
102001,SATURNA,"2,3-Dimethylbutane",2020-02-03T00:00,0.013,µg/m³,VOC,GC-MS
102001,SATURNA,"2,3-Dimethylbutane",2020-02-09T00:00,0.011,µg/m³,VOC,GC-MS
102001,SATURNA,"2,3-Dimethylbutane",2020-02-15T00:00,0.012,µg/m³,VOC,GC-MS
102001,SATURNA,"2,3-Dimethylbutane",2020-02-21T00:00,0.041,µg/m³,VOC,GC-MS
102001,SATURNA,"2,3-Dimethylbutane",2020-02-27T00:00,0.035,µg/m³,VOC,GC-MS
