﻿NAPS_Site_ID,Station_Name,Pollutant,Date,Value,Units,Report_Type,Method
50121,BROSSARD-PARC OCÉANIE,"cis-1,2-Dichloroethylene",1993-06-30T00:00,0.000,µg/m³,VOC,N/A
50121,BROSSARD-PARC OCÉANIE,"cis-1,2-Dichloroethylene",1993-07-06T00:00,0.000,µg/m³,VOC,N/A
50121,BROSSARD-PARC OCÉANIE,"cis-1,2-Dichloroethylene",1993-07-12T00:00,0.000,µg/m³,VOC,N/A
50121,BROSSARD-PARC OCÉANIE,"cis-1,2-Dichloroethylene",1993-07-18T00:00,0.000,µg/m³,VOC,N/A
50121,BROSSARD-PARC OCÉANIE,"cis-1,2-Dichloroethylene",1993-07-30T00:00,0.000,µg/m³,VOC,N/A
50121,BROSSARD-PARC OCÉANIE,"cis-1,2-Dichloroethylene",1993-08-05T00:00,0.112,µg/m³,VOC,N/A
50121,BROSSARD-PARC OCÉANIE,"cis-1,2-Dichloroethylene",1993-08-17T00:00,0.000,µg/m³,VOC,N/A
50121,BROSSARD-PARC OCÉANIE,"cis-1,2-Dichloroethylene",1993-08-23T00:00,0.000,µg/m³,VOC,N/A
50121,BROSSARD-PARC OCÉANIE,"cis-1,2-Dichloroethylene",1993-09-22T00:00,0.000,µg/m³,VOC,N/A
50121,BROSSARD-PARC OCÉANIE,"cis-1,2-Dichloroethylene",1993-09-28T00:00,0.000,µg/m³,VOC,N/A
50121,BROSSARD-PARC OCÉANIE,"cis-1,2-Dichloroethylene",1993-10-04T00:00,0.000,µg/m³,VOC,N/A
50121,BROSSARD-PARC OCÉANIE,"cis-1,2-Dichloroethylene",1993-10-10T00:00,0.000,µg/m³,VOC,N/A
50121,BROSSARD-PARC OCÉANIE,"cis-1,2-Dichloroethylene",1993-10-16T00:00,0.000,µg/m³,VOC,N/A
50121,BROSSARD-PARC OCÉANIE,"cis-1,2-Dichloroethylene",1993-10-22T00:00,0.000,µg/m³,VOC,N/A
50121,BROSSARD-PARC OCÉANIE,"cis-1,2-Dichloroethylene",1993-10-28T00:00,0.000,µg/m³,VOC,N/A
50121,BROSSARD-PARC OCÉANIE,"cis-1,2-Dichloroethylene",1993-11-03T00:00,0.000,µg/m³,VOC,N/A
50121,BROSSARD-PARC OCÉANIE,"cis-1,2-Dichloroethylene",1993-11-09T00:00,0.000,µg/m³,VOC,N/A
50121,BROSSARD-PARC OCÉANIE,"cis-1,2-Dichloroethylene",1993-11-15T00:00,0.000,µg/m³,VOC,N/A
50121,BROSSARD-PARC OCÉANIE,"cis-1,2-Dichloroethylene",1993-11-21T00:00,0.000,µg/m³,VOC,N/A
50121,BROSSARD-PARC OCÉANIE,"cis-1,2-Dichloroethylene",1993-11-27T00:00,0.000,µg/m³,VOC,N/A
50121,BROSSARD-PARC OCÉANIE,"cis-1,2-Dichloroethylene",1993-12-03T00:00,0.000,µg/m³,VOC,N/A
50121,BROSSARD-PARC OCÉANIE,"cis-1,2-Dichloroethylene",1993-12-09T00:00,0.000,µg/m³,VOC,N/A
50121,BROSSARD-PARC OCÉANIE,"cis-1,2-Dichloroethylene",1993-12-21T00:00,0.000,µg/m³,VOC,N/A
50121,BROSSARD-PARC OCÉANIE,"cis-1,2-Dichloroethylene",1993-12-27T00:00,0.000,µg/m³,VOC,N/A
