﻿NAPS_Site_ID,Station_Name,Pollutant,Date,Value,Units,Report_Type,Method
50103,MONTRÉAL-SAINT-JEAN-BAPTISTE,1-Pentene,2010-01-14T00:00,0.068,µg/m³,VOC,N/A
50103,MONTRÉAL-SAINT-JEAN-BAPTISTE,1-Pentene,2010-01-20T00:00,0.084,µg/m³,VOC,N/A
50103,MONTRÉAL-SAINT-JEAN-BAPTISTE,1-Pentene,2010-01-26T00:00,0.179,µg/m³,VOC,N/A
50103,MONTRÉAL-SAINT-JEAN-BAPTISTE,1-Pentene,2010-02-01T00:00,0.108,µg/m³,VOC,N/A
50103,MONTRÉAL-SAINT-JEAN-BAPTISTE,1-Pentene,2010-02-07T00:00,0.123,µg/m³,VOC,N/A
50103,MONTRÉAL-SAINT-JEAN-BAPTISTE,1-Pentene,2010-02-13T00:00,0.145,µg/m³,VOC,N/A
50103,MONTRÉAL-SAINT-JEAN-BAPTISTE,1-Pentene,2010-02-19T00:00,0.099,µg/m³,VOC,N/A
50103,MONTRÉAL-SAINT-JEAN-BAPTISTE,1-Pentene,2010-02-25T00:00,0.021,µg/m³,VOC,N/A
50103,MONTRÉAL-SAINT-JEAN-BAPTISTE,1-Pentene,2010-03-03T00:00,0.033,µg/m³,VOC,N/A
50103,MONTRÉAL-SAINT-JEAN-BAPTISTE,1-Pentene,2010-03-09T00:00,0.042,µg/m³,VOC,N/A
50103,MONTRÉAL-SAINT-JEAN-BAPTISTE,1-Pentene,2010-03-15T00:00,0.039,µg/m³,VOC,N/A
50103,MONTRÉAL-SAINT-JEAN-BAPTISTE,1-Pentene,2010-03-21T00:00,0.030,µg/m³,VOC,N/A
50103,MONTRÉAL-SAINT-JEAN-BAPTISTE,1-Pentene,2010-03-27T00:00,0.030,µg/m³,VOC,N/A
50103,MONTRÉAL-SAINT-JEAN-BAPTISTE,1-Pentene,2010-04-02T00:00,0.084,µg/m³,VOC,N/A
50103,MONTRÉAL-SAINT-JEAN-BAPTISTE,1-Pentene,2010-04-08T00:00,0.027,µg/m³,VOC,N/A
50103,MONTRÉAL-SAINT-JEAN-BAPTISTE,1-Pentene,2010-04-14T00:00,0.102,µg/m³,VOC,N/A
50103,MONTRÉAL-SAINT-JEAN-BAPTISTE,1-Pentene,2010-04-20T00:00,0.086,µg/m³,VOC,N/A
50103,MONTRÉAL-SAINT-JEAN-BAPTISTE,1-Pentene,2010-04-26T00:00,0.049,µg/m³,VOC,N/A
50103,MONTRÉAL-SAINT-JEAN-BAPTISTE,1-Pentene,2010-05-02T00:00,0.210,µg/m³,VOC,N/A
50103,MONTRÉAL-SAINT-JEAN-BAPTISTE,1-Pentene,2010-05-08T00:00,0.072,µg/m³,VOC,N/A
50103,MONTRÉAL-SAINT-JEAN-BAPTISTE,1-Pentene,2010-05-14T00:00,0.185,µg/m³,VOC,N/A
50103,MONTRÉAL-SAINT-JEAN-BAPTISTE,1-Pentene,2010-05-20T00:00,0.161,µg/m³,VOC,N/A
50103,MONTRÉAL-SAINT-JEAN-BAPTISTE,1-Pentene,2010-05-26T00:00,0.135,µg/m³,VOC,N/A
50103,MONTRÉAL-SAINT-JEAN-BAPTISTE,1-Pentene,2010-06-01T00:00,0.065,µg/m³,VOC,N/A
50103,MONTRÉAL-SAINT-JEAN-BAPTISTE,1-Pentene,2010-06-07T00:00,0.268,µg/m³,VOC,N/A
50103,MONTRÉAL-SAINT-JEAN-BAPTISTE,1-Pentene,2010-06-13T00:00,0.111,µg/m³,VOC,N/A
50103,MONTRÉAL-SAINT-JEAN-BAPTISTE,1-Pentene,2010-06-19T00:00,0.179,µg/m³,VOC,N/A
50103,MONTRÉAL-SAINT-JEAN-BAPTISTE,1-Pentene,2010-06-25T00:00,0.749,µg/m³,VOC,N/A
50103,MONTRÉAL-SAINT-JEAN-BAPTISTE,1-Pentene,2010-07-01T00:00,0.335,µg/m³,VOC,N/A
50103,MONTRÉAL-SAINT-JEAN-BAPTISTE,1-Pentene,2010-07-07T00:00,0.257,µg/m³,VOC,N/A
50103,MONTRÉAL-SAINT-JEAN-BAPTISTE,1-Pentene,2010-07-13T00:00,0.027,µg/m³,VOC,N/A
50103,MONTRÉAL-SAINT-JEAN-BAPTISTE,1-Pentene,2010-07-19T00:00,0.123,µg/m³,VOC,N/A
50103,MONTRÉAL-SAINT-JEAN-BAPTISTE,1-Pentene,2010-07-25T00:00,0.168,µg/m³,VOC,N/A
50103,MONTRÉAL-SAINT-JEAN-BAPTISTE,1-Pentene,2010-07-31T00:00,0.080,µg/m³,VOC,N/A
50103,MONTRÉAL-SAINT-JEAN-BAPTISTE,1-Pentene,2010-08-06T00:00,0.827,µg/m³,VOC,N/A
50103,MONTRÉAL-SAINT-JEAN-BAPTISTE,1-Pentene,2010-08-12T00:00,0.045,µg/m³,VOC,N/A
50103,MONTRÉAL-SAINT-JEAN-BAPTISTE,1-Pentene,2010-08-18T00:00,0.364,µg/m³,VOC,N/A
50103,MONTRÉAL-SAINT-JEAN-BAPTISTE,1-Pentene,2010-08-24T00:00,0.044,µg/m³,VOC,N/A
50103,MONTRÉAL-SAINT-JEAN-BAPTISTE,1-Pentene,2010-08-30T00:00,0.440,µg/m³,VOC,N/A
50103,MONTRÉAL-SAINT-JEAN-BAPTISTE,1-Pentene,2010-09-05T00:00,0.276,µg/m³,VOC,N/A
50103,MONTRÉAL-SAINT-JEAN-BAPTISTE,1-Pentene,2010-09-11T00:00,0.056,µg/m³,VOC,N/A
50103,MONTRÉAL-SAINT-JEAN-BAPTISTE,1-Pentene,2010-09-17T00:00,0.094,µg/m³,VOC,N/A
50103,MONTRÉAL-SAINT-JEAN-BAPTISTE,1-Pentene,2010-09-23T00:00,0.064,µg/m³,VOC,N/A
50103,MONTRÉAL-SAINT-JEAN-BAPTISTE,1-Pentene,2010-09-29T00:00,0.134,µg/m³,VOC,N/A
50103,MONTRÉAL-SAINT-JEAN-BAPTISTE,1-Pentene,2010-10-05T00:00,0.039,µg/m³,VOC,N/A
50103,MONTRÉAL-SAINT-JEAN-BAPTISTE,1-Pentene,2010-10-11T00:00,0.082,µg/m³,VOC,N/A
50103,MONTRÉAL-SAINT-JEAN-BAPTISTE,1-Pentene,2010-10-17T00:00,0.274,µg/m³,VOC,N/A
50103,MONTRÉAL-SAINT-JEAN-BAPTISTE,1-Pentene,2010-10-23T00:00,0.165,µg/m³,VOC,N/A
50103,MONTRÉAL-SAINT-JEAN-BAPTISTE,1-Pentene,2010-10-29T00:00,0.123,µg/m³,VOC,N/A
50103,MONTRÉAL-SAINT-JEAN-BAPTISTE,1-Pentene,2010-11-04T00:00,0.085,µg/m³,VOC,N/A
50103,MONTRÉAL-SAINT-JEAN-BAPTISTE,1-Pentene,2010-11-10T00:00,0.030,µg/m³,VOC,N/A
50103,MONTRÉAL-SAINT-JEAN-BAPTISTE,1-Pentene,2010-11-16T00:00,0.162,µg/m³,VOC,N/A
50103,MONTRÉAL-SAINT-JEAN-BAPTISTE,1-Pentene,2010-11-22T00:00,0.072,µg/m³,VOC,N/A
50103,MONTRÉAL-SAINT-JEAN-BAPTISTE,1-Pentene,2010-11-28T00:00,0.147,µg/m³,VOC,N/A
50103,MONTRÉAL-SAINT-JEAN-BAPTISTE,1-Pentene,2010-12-04T00:00,0.124,µg/m³,VOC,N/A
50103,MONTRÉAL-SAINT-JEAN-BAPTISTE,1-Pentene,2010-12-10T00:00,0.109,µg/m³,VOC,N/A
50103,MONTRÉAL-SAINT-JEAN-BAPTISTE,1-Pentene,2010-12-16T00:00,0.088,µg/m³,VOC,N/A
50103,MONTRÉAL-SAINT-JEAN-BAPTISTE,1-Pentene,2010-12-22T00:00,0.143,µg/m³,VOC,N/A
50103,MONTRÉAL-SAINT-JEAN-BAPTISTE,1-Pentene,2010-12-28T00:00,0.100,µg/m³,VOC,N/A
