﻿NAPS_Site_ID,Station_Name,Pollutant,Date,Value,Units,Report_Type,Method
50308,QUÉBEC-VIEUX-LIMOILOU (DES SABLES),Zinc,2021-01-04T00:00,0.029,µg/m³,PM2.5,ED-XRF
50308,QUÉBEC-VIEUX-LIMOILOU (DES SABLES),Zinc,2021-01-10T00:00,0.191,µg/m³,PM2.5,ED-XRF
50308,QUÉBEC-VIEUX-LIMOILOU (DES SABLES),Zinc,2021-01-16T00:00,0.125,µg/m³,PM2.5,ED-XRF
50308,QUÉBEC-VIEUX-LIMOILOU (DES SABLES),Zinc,2021-01-22T00:00,0.007,µg/m³,PM2.5,ED-XRF
50308,QUÉBEC-VIEUX-LIMOILOU (DES SABLES),Zinc,2021-01-28T00:00,0.005,µg/m³,PM2.5,ED-XRF
50308,QUÉBEC-VIEUX-LIMOILOU (DES SABLES),Zinc,2021-02-09T00:00,0.033,µg/m³,PM2.5,ED-XRF
50308,QUÉBEC-VIEUX-LIMOILOU (DES SABLES),Zinc,2021-02-15T00:00,0.025,µg/m³,PM2.5,ED-XRF
50308,QUÉBEC-VIEUX-LIMOILOU (DES SABLES),Zinc,2021-02-21T00:00,0.016,µg/m³,PM2.5,ED-XRF
50308,QUÉBEC-VIEUX-LIMOILOU (DES SABLES),Zinc,2021-02-27T00:00,0.017,µg/m³,PM2.5,ED-XRF
50308,QUÉBEC-VIEUX-LIMOILOU (DES SABLES),Zinc,2021-03-05T00:00,0.006,µg/m³,PM2.5,ED-XRF
50308,QUÉBEC-VIEUX-LIMOILOU (DES SABLES),Zinc,2021-03-11T00:00,0.079,µg/m³,PM2.5,ED-XRF
50308,QUÉBEC-VIEUX-LIMOILOU (DES SABLES),Zinc,2021-03-17T00:00,0.044,µg/m³,PM2.5,ED-XRF
50308,QUÉBEC-VIEUX-LIMOILOU (DES SABLES),Zinc,2021-03-23T00:00,0.047,µg/m³,PM2.5,ED-XRF
50308,QUÉBEC-VIEUX-LIMOILOU (DES SABLES),Zinc,2021-03-29T00:00,0.001,µg/m³,PM2.5,ED-XRF
50308,QUÉBEC-VIEUX-LIMOILOU (DES SABLES),Zinc,2021-04-04T00:00,0.021,µg/m³,PM2.5,ED-XRF
50308,QUÉBEC-VIEUX-LIMOILOU (DES SABLES),Zinc,2021-04-10T00:00,0.013,µg/m³,PM2.5,ED-XRF
50308,QUÉBEC-VIEUX-LIMOILOU (DES SABLES),Zinc,2021-04-16T00:00,0.035,µg/m³,PM2.5,ED-XRF
50308,QUÉBEC-VIEUX-LIMOILOU (DES SABLES),Zinc,2021-04-28T00:00,0.012,µg/m³,PM2.5,ED-XRF
50308,QUÉBEC-VIEUX-LIMOILOU (DES SABLES),Zinc,2021-05-04T00:00,0.091,µg/m³,PM2.5,ED-XRF
50308,QUÉBEC-VIEUX-LIMOILOU (DES SABLES),Zinc,2021-05-10T00:00,0.023,µg/m³,PM2.5,ED-XRF
50308,QUÉBEC-VIEUX-LIMOILOU (DES SABLES),Zinc,2021-05-16T00:00,0.001,µg/m³,PM2.5,ED-XRF
50308,QUÉBEC-VIEUX-LIMOILOU (DES SABLES),Zinc,2021-05-22T00:00,0.023,µg/m³,PM2.5,ED-XRF
50308,QUÉBEC-VIEUX-LIMOILOU (DES SABLES),Zinc,2021-05-28T00:00,0.007,µg/m³,PM2.5,ED-XRF
50308,QUÉBEC-VIEUX-LIMOILOU (DES SABLES),Zinc,2021-06-03T00:00,0.028,µg/m³,PM2.5,ED-XRF
50308,QUÉBEC-VIEUX-LIMOILOU (DES SABLES),Zinc,2021-06-09T00:00,0.002,µg/m³,PM2.5,ED-XRF
50308,QUÉBEC-VIEUX-LIMOILOU (DES SABLES),Zinc,2021-06-15T00:00,0.042,µg/m³,PM2.5,ED-XRF
50308,QUÉBEC-VIEUX-LIMOILOU (DES SABLES),Zinc,2021-06-21T00:00,0.025,µg/m³,PM2.5,ED-XRF
50308,QUÉBEC-VIEUX-LIMOILOU (DES SABLES),Zinc,2021-06-27T00:00,0.015,µg/m³,PM2.5,ED-XRF
50308,QUÉBEC-VIEUX-LIMOILOU (DES SABLES),Zinc,2021-07-03T00:00,0.103,µg/m³,PM2.5,ED-XRF
50308,QUÉBEC-VIEUX-LIMOILOU (DES SABLES),Zinc,2021-07-21T00:00,0.055,µg/m³,PM2.5,ED-XRF
50308,QUÉBEC-VIEUX-LIMOILOU (DES SABLES),Zinc,2021-07-27T00:00,0.011,µg/m³,PM2.5,ED-XRF
50308,QUÉBEC-VIEUX-LIMOILOU (DES SABLES),Zinc,2021-08-02T00:00,0.016,µg/m³,PM2.5,ED-XRF
50308,QUÉBEC-VIEUX-LIMOILOU (DES SABLES),Zinc,2021-08-08T00:00,0.081,µg/m³,PM2.5,ED-XRF
50308,QUÉBEC-VIEUX-LIMOILOU (DES SABLES),Zinc,2021-08-14T00:00,0.014,µg/m³,PM2.5,ED-XRF
50308,QUÉBEC-VIEUX-LIMOILOU (DES SABLES),Zinc,2021-08-20T00:00,0.046,µg/m³,PM2.5,ED-XRF
50308,QUÉBEC-VIEUX-LIMOILOU (DES SABLES),Zinc,2021-08-26T00:00,0.016,µg/m³,PM2.5,ED-XRF
50308,QUÉBEC-VIEUX-LIMOILOU (DES SABLES),Zinc,2021-09-01T00:00,0.004,µg/m³,PM2.5,ED-XRF
50308,QUÉBEC-VIEUX-LIMOILOU (DES SABLES),Zinc,2021-09-07T00:00,0.008,µg/m³,PM2.5,ED-XRF
50308,QUÉBEC-VIEUX-LIMOILOU (DES SABLES),Zinc,2021-09-13T00:00,0.011,µg/m³,PM2.5,ED-XRF
50308,QUÉBEC-VIEUX-LIMOILOU (DES SABLES),Zinc,2021-09-19T00:00,0.007,µg/m³,PM2.5,ED-XRF
50308,QUÉBEC-VIEUX-LIMOILOU (DES SABLES),Zinc,2021-09-25T00:00,0.086,µg/m³,PM2.5,ED-XRF
50308,QUÉBEC-VIEUX-LIMOILOU (DES SABLES),Zinc,2021-10-07T00:00,0.107,µg/m³,PM2.5,ED-XRF
50308,QUÉBEC-VIEUX-LIMOILOU (DES SABLES),Zinc,2021-10-13T00:00,0.111,µg/m³,PM2.5,ED-XRF
50308,QUÉBEC-VIEUX-LIMOILOU (DES SABLES),Zinc,2021-10-19T00:00,0.017,µg/m³,PM2.5,ED-XRF
50308,QUÉBEC-VIEUX-LIMOILOU (DES SABLES),Zinc,2021-10-25T00:00,0.045,µg/m³,PM2.5,ED-XRF
50308,QUÉBEC-VIEUX-LIMOILOU (DES SABLES),Zinc,2021-10-31T00:00,0.020,µg/m³,PM2.5,ED-XRF
50308,QUÉBEC-VIEUX-LIMOILOU (DES SABLES),Zinc,2021-11-06T00:00,0.032,µg/m³,PM2.5,ED-XRF
50308,QUÉBEC-VIEUX-LIMOILOU (DES SABLES),Zinc,2021-11-12T00:00,0.143,µg/m³,PM2.5,ED-XRF
50308,QUÉBEC-VIEUX-LIMOILOU (DES SABLES),Zinc,2021-11-18T00:00,0.072,µg/m³,PM2.5,ED-XRF
50308,QUÉBEC-VIEUX-LIMOILOU (DES SABLES),Zinc,2021-11-24T00:00,0.027,µg/m³,PM2.5,ED-XRF
50308,QUÉBEC-VIEUX-LIMOILOU (DES SABLES),Zinc,2021-11-30T00:00,0.063,µg/m³,PM2.5,ED-XRF
50308,QUÉBEC-VIEUX-LIMOILOU (DES SABLES),Zinc,2021-12-06T00:00,0.063,µg/m³,PM2.5,ED-XRF
50308,QUÉBEC-VIEUX-LIMOILOU (DES SABLES),Zinc,2021-12-24T00:00,0.008,µg/m³,PM2.5,ED-XRF
50308,QUÉBEC-VIEUX-LIMOILOU (DES SABLES),Zinc,2021-12-30T00:00,0.012,µg/m³,PM2.5,ED-XRF
50308,QUÉBEC-VIEUX-LIMOILOU (DES SABLES),Zinc,2021-01-04T00:00,0.030,µg/m³,PM2.5,ICPMS
50308,QUÉBEC-VIEUX-LIMOILOU (DES SABLES),Zinc,2021-01-10T00:00,0.266,µg/m³,PM2.5,ICPMS
50308,QUÉBEC-VIEUX-LIMOILOU (DES SABLES),Zinc,2021-01-16T00:00,0.128,µg/m³,PM2.5,ICPMS
50308,QUÉBEC-VIEUX-LIMOILOU (DES SABLES),Zinc,2021-01-22T00:00,0.007,µg/m³,PM2.5,ICPMS
50308,QUÉBEC-VIEUX-LIMOILOU (DES SABLES),Zinc,2021-01-28T00:00,0.005,µg/m³,PM2.5,ICPMS
50308,QUÉBEC-VIEUX-LIMOILOU (DES SABLES),Zinc,2021-02-09T00:00,0.033,µg/m³,PM2.5,ICPMS
50308,QUÉBEC-VIEUX-LIMOILOU (DES SABLES),Zinc,2021-02-15T00:00,0.024,µg/m³,PM2.5,ICPMS
50308,QUÉBEC-VIEUX-LIMOILOU (DES SABLES),Zinc,2021-02-21T00:00,0.018,µg/m³,PM2.5,ICPMS
50308,QUÉBEC-VIEUX-LIMOILOU (DES SABLES),Zinc,2021-02-27T00:00,0.017,µg/m³,PM2.5,ICPMS
50308,QUÉBEC-VIEUX-LIMOILOU (DES SABLES),Zinc,2021-03-05T00:00,0.007,µg/m³,PM2.5,ICPMS
50308,QUÉBEC-VIEUX-LIMOILOU (DES SABLES),Zinc,2021-03-11T00:00,0.075,µg/m³,PM2.5,ICPMS
50308,QUÉBEC-VIEUX-LIMOILOU (DES SABLES),Zinc,2021-03-17T00:00,0.049,µg/m³,PM2.5,ICPMS
50308,QUÉBEC-VIEUX-LIMOILOU (DES SABLES),Zinc,2021-03-23T00:00,0.047,µg/m³,PM2.5,ICPMS
50308,QUÉBEC-VIEUX-LIMOILOU (DES SABLES),Zinc,2021-03-29T00:00,0.003,µg/m³,PM2.5,ICPMS
50308,QUÉBEC-VIEUX-LIMOILOU (DES SABLES),Zinc,2021-04-04T00:00,0.023,µg/m³,PM2.5,ICPMS
50308,QUÉBEC-VIEUX-LIMOILOU (DES SABLES),Zinc,2021-04-10T00:00,0.016,µg/m³,PM2.5,ICPMS
50308,QUÉBEC-VIEUX-LIMOILOU (DES SABLES),Zinc,2021-04-16T00:00,0.043,µg/m³,PM2.5,ICPMS
50308,QUÉBEC-VIEUX-LIMOILOU (DES SABLES),Zinc,2021-04-28T00:00,0.014,µg/m³,PM2.5,ICPMS
50308,QUÉBEC-VIEUX-LIMOILOU (DES SABLES),Zinc,2021-05-04T00:00,0.093,µg/m³,PM2.5,ICPMS
50308,QUÉBEC-VIEUX-LIMOILOU (DES SABLES),Zinc,2021-05-10T00:00,0.023,µg/m³,PM2.5,ICPMS
50308,QUÉBEC-VIEUX-LIMOILOU (DES SABLES),Zinc,2021-05-16T00:00,0.003,µg/m³,PM2.5,ICPMS
50308,QUÉBEC-VIEUX-LIMOILOU (DES SABLES),Zinc,2021-05-22T00:00,0.023,µg/m³,PM2.5,ICPMS
50308,QUÉBEC-VIEUX-LIMOILOU (DES SABLES),Zinc,2021-05-28T00:00,0.007,µg/m³,PM2.5,ICPMS
50308,QUÉBEC-VIEUX-LIMOILOU (DES SABLES),Zinc,2021-06-03T00:00,0.031,µg/m³,PM2.5,ICPMS
50308,QUÉBEC-VIEUX-LIMOILOU (DES SABLES),Zinc,2021-06-09T00:00,0.002,µg/m³,PM2.5,ICPMS
50308,QUÉBEC-VIEUX-LIMOILOU (DES SABLES),Zinc,2021-06-15T00:00,0.041,µg/m³,PM2.5,ICPMS
50308,QUÉBEC-VIEUX-LIMOILOU (DES SABLES),Zinc,2021-06-21T00:00,0.028,µg/m³,PM2.5,ICPMS
50308,QUÉBEC-VIEUX-LIMOILOU (DES SABLES),Zinc,2021-06-27T00:00,0.016,µg/m³,PM2.5,ICPMS
50308,QUÉBEC-VIEUX-LIMOILOU (DES SABLES),Zinc,2021-07-03T00:00,0.107,µg/m³,PM2.5,ICPMS
50308,QUÉBEC-VIEUX-LIMOILOU (DES SABLES),Zinc,2021-07-21T00:00,0.057,µg/m³,PM2.5,ICPMS
50308,QUÉBEC-VIEUX-LIMOILOU (DES SABLES),Zinc,2021-07-27T00:00,0.012,µg/m³,PM2.5,ICPMS
50308,QUÉBEC-VIEUX-LIMOILOU (DES SABLES),Zinc,2021-08-02T00:00,0.015,µg/m³,PM2.5,ICPMS
50308,QUÉBEC-VIEUX-LIMOILOU (DES SABLES),Zinc,2021-08-08T00:00,0.081,µg/m³,PM2.5,ICPMS
50308,QUÉBEC-VIEUX-LIMOILOU (DES SABLES),Zinc,2021-08-14T00:00,0.015,µg/m³,PM2.5,ICPMS
50308,QUÉBEC-VIEUX-LIMOILOU (DES SABLES),Zinc,2021-08-20T00:00,0.049,µg/m³,PM2.5,ICPMS
50308,QUÉBEC-VIEUX-LIMOILOU (DES SABLES),Zinc,2021-08-26T00:00,0.018,µg/m³,PM2.5,ICPMS
50308,QUÉBEC-VIEUX-LIMOILOU (DES SABLES),Zinc,2021-09-01T00:00,0.006,µg/m³,PM2.5,ICPMS
50308,QUÉBEC-VIEUX-LIMOILOU (DES SABLES),Zinc,2021-09-07T00:00,0.008,µg/m³,PM2.5,ICPMS
50308,QUÉBEC-VIEUX-LIMOILOU (DES SABLES),Zinc,2021-09-13T00:00,0.011,µg/m³,PM2.5,ICPMS
50308,QUÉBEC-VIEUX-LIMOILOU (DES SABLES),Zinc,2021-09-19T00:00,0.008,µg/m³,PM2.5,ICPMS
50308,QUÉBEC-VIEUX-LIMOILOU (DES SABLES),Zinc,2021-09-25T00:00,0.092,µg/m³,PM2.5,ICPMS
50308,QUÉBEC-VIEUX-LIMOILOU (DES SABLES),Zinc,2021-10-07T00:00,0.108,µg/m³,PM2.5,ICPMS
50308,QUÉBEC-VIEUX-LIMOILOU (DES SABLES),Zinc,2021-10-13T00:00,0.116,µg/m³,PM2.5,ICPMS
50308,QUÉBEC-VIEUX-LIMOILOU (DES SABLES),Zinc,2021-10-19T00:00,0.019,µg/m³,PM2.5,ICPMS
50308,QUÉBEC-VIEUX-LIMOILOU (DES SABLES),Zinc,2021-10-25T00:00,0.048,µg/m³,PM2.5,ICPMS
50308,QUÉBEC-VIEUX-LIMOILOU (DES SABLES),Zinc,2021-10-31T00:00,0.025,µg/m³,PM2.5,ICPMS
50308,QUÉBEC-VIEUX-LIMOILOU (DES SABLES),Zinc,2021-11-06T00:00,0.031,µg/m³,PM2.5,ICPMS
50308,QUÉBEC-VIEUX-LIMOILOU (DES SABLES),Zinc,2021-11-12T00:00,0.139,µg/m³,PM2.5,ICPMS
50308,QUÉBEC-VIEUX-LIMOILOU (DES SABLES),Zinc,2021-11-18T00:00,0.069,µg/m³,PM2.5,ICPMS
50308,QUÉBEC-VIEUX-LIMOILOU (DES SABLES),Zinc,2021-11-24T00:00,0.027,µg/m³,PM2.5,ICPMS
50308,QUÉBEC-VIEUX-LIMOILOU (DES SABLES),Zinc,2021-11-30T00:00,0.062,µg/m³,PM2.5,ICPMS
50308,QUÉBEC-VIEUX-LIMOILOU (DES SABLES),Zinc,2021-12-06T00:00,0.066,µg/m³,PM2.5,ICPMS
50308,QUÉBEC-VIEUX-LIMOILOU (DES SABLES),Zinc,2021-12-24T00:00,0.009,µg/m³,PM2.5,ICPMS
50308,QUÉBEC-VIEUX-LIMOILOU (DES SABLES),Zinc,2021-12-30T00:00,0.013,µg/m³,PM2.5,ICPMS
