﻿NAPS_Site_ID,Station_Name,Pollutant,Date,Value,Units,Report_Type,Method
30118,VOGUE BUILDING,"2,3-Dimethylbutane",1994-01-14T00:00,1.030,µg/m³,VOC,
30118,VOGUE BUILDING,"2,3-Dimethylbutane",1994-01-20T00:00,0.583,µg/m³,VOC,
30118,VOGUE BUILDING,"2,3-Dimethylbutane",1994-01-26T00:00,0.348,µg/m³,VOC,
30118,VOGUE BUILDING,"2,3-Dimethylbutane",1994-02-01T00:00,0.330,µg/m³,VOC,
30118,VOGUE BUILDING,"2,3-Dimethylbutane",1994-02-07T00:00,0.356,µg/m³,VOC,
30118,VOGUE BUILDING,"2,3-Dimethylbutane",1994-02-13T00:00,0.197,µg/m³,VOC,
30118,VOGUE BUILDING,"2,3-Dimethylbutane",1994-02-19T00:00,0.287,µg/m³,VOC,
30118,VOGUE BUILDING,"2,3-Dimethylbutane",1994-02-25T00:00,0.474,µg/m³,VOC,
30118,VOGUE BUILDING,"2,3-Dimethylbutane",1994-03-03T00:00,0.714,µg/m³,VOC,
30118,VOGUE BUILDING,"2,3-Dimethylbutane",1994-03-09T00:00,0.340,µg/m³,VOC,
30118,VOGUE BUILDING,"2,3-Dimethylbutane",1994-03-15T00:00,0.359,µg/m³,VOC,
30118,VOGUE BUILDING,"2,3-Dimethylbutane",1994-03-21T00:00,0.492,µg/m³,VOC,
30118,VOGUE BUILDING,"2,3-Dimethylbutane",1994-03-27T00:00,0.374,µg/m³,VOC,
30118,VOGUE BUILDING,"2,3-Dimethylbutane",1994-04-02T00:00,0.277,µg/m³,VOC,
30118,VOGUE BUILDING,"2,3-Dimethylbutane",1994-04-08T00:00,0.238,µg/m³,VOC,
30118,VOGUE BUILDING,"2,3-Dimethylbutane",1994-04-14T00:00,0.310,µg/m³,VOC,
30118,VOGUE BUILDING,"2,3-Dimethylbutane",1994-04-20T00:00,0.785,µg/m³,VOC,
30118,VOGUE BUILDING,"2,3-Dimethylbutane",1994-04-26T00:00,0.382,µg/m³,VOC,
30118,VOGUE BUILDING,"2,3-Dimethylbutane",1994-05-02T00:00,0.460,µg/m³,VOC,
30118,VOGUE BUILDING,"2,3-Dimethylbutane",1994-05-08T00:00,0.488,µg/m³,VOC,
30118,VOGUE BUILDING,"2,3-Dimethylbutane",1994-05-14T00:00,0.204,µg/m³,VOC,
30118,VOGUE BUILDING,"2,3-Dimethylbutane",1994-05-20T00:00,0.558,µg/m³,VOC,
30118,VOGUE BUILDING,"2,3-Dimethylbutane",1994-05-26T00:00,0.676,µg/m³,VOC,
30118,VOGUE BUILDING,"2,3-Dimethylbutane",1994-06-01T00:00,0.463,µg/m³,VOC,
30118,VOGUE BUILDING,"2,3-Dimethylbutane",1994-06-07T00:00,0.350,µg/m³,VOC,
30118,VOGUE BUILDING,"2,3-Dimethylbutane",1994-06-13T00:00,0.836,µg/m³,VOC,
30118,VOGUE BUILDING,"2,3-Dimethylbutane",1994-06-19T00:00,0.415,µg/m³,VOC,
30118,VOGUE BUILDING,"2,3-Dimethylbutane",1994-06-25T00:00,1.352,µg/m³,VOC,
30118,VOGUE BUILDING,"2,3-Dimethylbutane",1994-07-01T00:00,0.313,µg/m³,VOC,
30118,VOGUE BUILDING,"2,3-Dimethylbutane",1994-07-07T00:00,1.028,µg/m³,VOC,
30118,VOGUE BUILDING,"2,3-Dimethylbutane",1994-07-13T00:00,0.328,µg/m³,VOC,
30118,VOGUE BUILDING,"2,3-Dimethylbutane",1994-07-25T00:00,0.625,µg/m³,VOC,
30118,VOGUE BUILDING,"2,3-Dimethylbutane",1994-07-31T00:00,0.304,µg/m³,VOC,
30118,VOGUE BUILDING,"2,3-Dimethylbutane",1994-08-06T00:00,0.353,µg/m³,VOC,
30118,VOGUE BUILDING,"2,3-Dimethylbutane",1994-08-12T00:00,0.899,µg/m³,VOC,
30118,VOGUE BUILDING,"2,3-Dimethylbutane",1994-08-18T00:00,0.941,µg/m³,VOC,
30118,VOGUE BUILDING,"2,3-Dimethylbutane",1994-08-24T00:00,0.709,µg/m³,VOC,
30118,VOGUE BUILDING,"2,3-Dimethylbutane",1994-08-30T00:00,0.275,µg/m³,VOC,
30118,VOGUE BUILDING,"2,3-Dimethylbutane",1994-09-05T00:00,0.224,µg/m³,VOC,
30118,VOGUE BUILDING,"2,3-Dimethylbutane",1994-09-11T00:00,0.241,µg/m³,VOC,
30118,VOGUE BUILDING,"2,3-Dimethylbutane",1994-09-17T00:00,0.826,µg/m³,VOC,
30118,VOGUE BUILDING,"2,3-Dimethylbutane",1994-09-23T00:00,0.923,µg/m³,VOC,
30118,VOGUE BUILDING,"2,3-Dimethylbutane",1994-09-29T00:00,0.662,µg/m³,VOC,
30118,VOGUE BUILDING,"2,3-Dimethylbutane",1994-10-05T00:00,0.375,µg/m³,VOC,
30118,VOGUE BUILDING,"2,3-Dimethylbutane",1994-10-11T00:00,0.231,µg/m³,VOC,
30118,VOGUE BUILDING,"2,3-Dimethylbutane",1994-10-17T00:00,0.297,µg/m³,VOC,
30118,VOGUE BUILDING,"2,3-Dimethylbutane",1994-10-23T00:00,0.561,µg/m³,VOC,
30118,VOGUE BUILDING,"2,3-Dimethylbutane",1994-11-04T00:00,0.695,µg/m³,VOC,
30118,VOGUE BUILDING,"2,3-Dimethylbutane",1994-11-10T00:00,0.220,µg/m³,VOC,
30118,VOGUE BUILDING,"2,3-Dimethylbutane",1994-11-16T00:00,0.298,µg/m³,VOC,
30118,VOGUE BUILDING,"2,3-Dimethylbutane",1994-11-22T00:00,0.214,µg/m³,VOC,
30118,VOGUE BUILDING,"2,3-Dimethylbutane",1994-11-28T00:00,0.518,µg/m³,VOC,
30118,VOGUE BUILDING,"2,3-Dimethylbutane",1994-12-04T00:00,0.543,µg/m³,VOC,
30118,VOGUE BUILDING,"2,3-Dimethylbutane",1994-12-10T00:00,0.275,µg/m³,VOC,
30118,VOGUE BUILDING,"2,3-Dimethylbutane",1994-12-16T00:00,0.723,µg/m³,VOC,
30118,VOGUE BUILDING,"2,3-Dimethylbutane",1994-12-22T00:00,0.623,µg/m³,VOC,
30118,VOGUE BUILDING,"2,3-Dimethylbutane",1994-12-28T00:00,0.524,µg/m³,VOC,
