﻿NAPS_Site_ID,Station_Name,Pollutant,Date,Value,Units,Report_Type,Method
61901,WALPOLE ISLAND,"2,3-Dimethylbutane",1994-01-08T00:00,0.292,µg/m³,VOC,GC-MS
61901,WALPOLE ISLAND,"2,3-Dimethylbutane",1994-01-26T00:00,0.105,µg/m³,VOC,GC-MS
61901,WALPOLE ISLAND,"2,3-Dimethylbutane",1994-02-01T00:00,0.208,µg/m³,VOC,GC-MS
61901,WALPOLE ISLAND,"2,3-Dimethylbutane",1994-02-07T00:00,0.116,µg/m³,VOC,GC-MS
61901,WALPOLE ISLAND,"2,3-Dimethylbutane",1994-02-13T00:00,0.188,µg/m³,VOC,GC-MS
61901,WALPOLE ISLAND,"2,3-Dimethylbutane",1994-02-19T00:00,0.262,µg/m³,VOC,GC-MS
61901,WALPOLE ISLAND,"2,3-Dimethylbutane",1994-02-25T00:00,0.086,µg/m³,VOC,GC-MS
61901,WALPOLE ISLAND,"2,3-Dimethylbutane",1994-03-03T00:00,0.357,µg/m³,VOC,GC-MS
61901,WALPOLE ISLAND,"2,3-Dimethylbutane",1994-03-09T00:00,0.079,µg/m³,VOC,GC-MS
61901,WALPOLE ISLAND,"2,3-Dimethylbutane",1994-03-15T00:00,0.147,µg/m³,VOC,GC-MS
61901,WALPOLE ISLAND,"2,3-Dimethylbutane",1994-03-21T00:00,0.262,µg/m³,VOC,GC-MS
61901,WALPOLE ISLAND,"2,3-Dimethylbutane",1994-03-27T00:00,0.117,µg/m³,VOC,GC-MS
61901,WALPOLE ISLAND,"2,3-Dimethylbutane",1994-04-02T00:00,0.149,µg/m³,VOC,GC-MS
61901,WALPOLE ISLAND,"2,3-Dimethylbutane",1994-04-08T00:00,0.081,µg/m³,VOC,GC-MS
61901,WALPOLE ISLAND,"2,3-Dimethylbutane",1994-04-14T00:00,0.079,µg/m³,VOC,GC-MS
61901,WALPOLE ISLAND,"2,3-Dimethylbutane",1994-04-20T00:00,0.164,µg/m³,VOC,GC-MS
61901,WALPOLE ISLAND,"2,3-Dimethylbutane",1994-04-26T00:00,0.216,µg/m³,VOC,GC-MS
61901,WALPOLE ISLAND,"2,3-Dimethylbutane",1994-05-02T00:00,0.099,µg/m³,VOC,GC-MS
61901,WALPOLE ISLAND,"2,3-Dimethylbutane",1994-05-08T00:00,0.073,µg/m³,VOC,GC-MS
61901,WALPOLE ISLAND,"2,3-Dimethylbutane",1994-05-14T00:00,0.000,µg/m³,VOC,GC-MS
61901,WALPOLE ISLAND,"2,3-Dimethylbutane",1994-05-20T00:00,0.409,µg/m³,VOC,GC-MS
61901,WALPOLE ISLAND,"2,3-Dimethylbutane",1994-05-26T00:00,0.180,µg/m³,VOC,GC-MS
61901,WALPOLE ISLAND,"2,3-Dimethylbutane",1994-06-01T00:00,0.186,µg/m³,VOC,GC-MS
61901,WALPOLE ISLAND,"2,3-Dimethylbutane",1994-06-07T00:00,0.111,µg/m³,VOC,GC-MS
61901,WALPOLE ISLAND,"2,3-Dimethylbutane",1994-06-13T00:00,0.141,µg/m³,VOC,GC-MS
61901,WALPOLE ISLAND,"2,3-Dimethylbutane",1994-06-19T00:00,0.180,µg/m³,VOC,GC-MS
61901,WALPOLE ISLAND,"2,3-Dimethylbutane",1994-06-25T00:00,0.247,µg/m³,VOC,GC-MS
61901,WALPOLE ISLAND,"2,3-Dimethylbutane",1994-07-01T00:00,0.282,µg/m³,VOC,GC-MS
61901,WALPOLE ISLAND,"2,3-Dimethylbutane",1994-07-19T00:00,0.247,µg/m³,VOC,GC-MS
61901,WALPOLE ISLAND,"2,3-Dimethylbutane",1994-07-25T00:00,0.207,µg/m³,VOC,GC-MS
61901,WALPOLE ISLAND,"2,3-Dimethylbutane",1994-07-31T00:00,0.098,µg/m³,VOC,GC-MS
61901,WALPOLE ISLAND,"2,3-Dimethylbutane",1994-08-06T00:00,0.144,µg/m³,VOC,GC-MS
61901,WALPOLE ISLAND,"2,3-Dimethylbutane",1994-08-12T00:00,0.094,µg/m³,VOC,GC-MS
61901,WALPOLE ISLAND,"2,3-Dimethylbutane",1994-08-18T00:00,0.206,µg/m³,VOC,GC-MS
61901,WALPOLE ISLAND,"2,3-Dimethylbutane",1994-09-05T00:00,0.066,µg/m³,VOC,GC-MS
61901,WALPOLE ISLAND,"2,3-Dimethylbutane",1994-09-17T00:00,0.100,µg/m³,VOC,GC-MS
61901,WALPOLE ISLAND,"2,3-Dimethylbutane",1994-09-23T00:00,0.129,µg/m³,VOC,GC-MS
61901,WALPOLE ISLAND,"2,3-Dimethylbutane",1994-09-29T00:00,0.051,µg/m³,VOC,GC-MS
61901,WALPOLE ISLAND,"2,3-Dimethylbutane",1994-10-11T00:00,0.091,µg/m³,VOC,GC-MS
61901,WALPOLE ISLAND,"2,3-Dimethylbutane",1994-10-17T00:00,0.160,µg/m³,VOC,GC-MS
61901,WALPOLE ISLAND,"2,3-Dimethylbutane",1994-10-29T00:00,0.185,µg/m³,VOC,GC-MS
61901,WALPOLE ISLAND,"2,3-Dimethylbutane",1994-11-04T00:00,0.124,µg/m³,VOC,GC-MS
61901,WALPOLE ISLAND,"2,3-Dimethylbutane",1994-11-10T00:00,0.172,µg/m³,VOC,GC-MS
61901,WALPOLE ISLAND,"2,3-Dimethylbutane",1994-11-16T00:00,0.068,µg/m³,VOC,GC-MS
61901,WALPOLE ISLAND,"2,3-Dimethylbutane",1994-11-22T00:00,0.048,µg/m³,VOC,GC-MS
61901,WALPOLE ISLAND,"2,3-Dimethylbutane",1994-11-28T00:00,0.074,µg/m³,VOC,GC-MS
61901,WALPOLE ISLAND,"2,3-Dimethylbutane",1994-12-04T00:00,0.177,µg/m³,VOC,GC-MS
61901,WALPOLE ISLAND,"2,3-Dimethylbutane",1994-12-22T00:00,0.478,µg/m³,VOC,GC-MS
61901,WALPOLE ISLAND,"2,3-Dimethylbutane",1994-12-28T00:00,0.178,µg/m³,VOC,GC-MS
