﻿NAPS_Site_ID,Station_Name,Pollutant,Date,Value,Units,Report_Type,Method
60435,ETOBICOKE SOUTH-2,Undecane,2013-01-04T00:00,0.040,µg/m³,VOC,GC-MS
60435,ETOBICOKE SOUTH-2,Undecane,2013-01-10T00:00,0.079,µg/m³,VOC,GC-MS
60435,ETOBICOKE SOUTH-2,Undecane,2013-01-16T00:00,0.160,µg/m³,VOC,GC-MS
60435,ETOBICOKE SOUTH-2,Undecane,2013-01-22T00:00,0.056,µg/m³,VOC,GC-MS
60435,ETOBICOKE SOUTH-2,Undecane,2013-01-28T00:00,0.370,µg/m³,VOC,GC-MS
60435,ETOBICOKE SOUTH-2,Undecane,2013-02-09T00:00,0.138,µg/m³,VOC,GC-MS
60435,ETOBICOKE SOUTH-2,Undecane,2013-02-15T00:00,0.078,µg/m³,VOC,GC-MS
60435,ETOBICOKE SOUTH-2,Undecane,2013-02-21T00:00,0.100,µg/m³,VOC,GC-MS
60435,ETOBICOKE SOUTH-2,Undecane,2013-02-27T00:00,0.383,µg/m³,VOC,GC-MS
60435,ETOBICOKE SOUTH-2,Undecane,2013-03-05T00:00,0.119,µg/m³,VOC,GC-MS
60435,ETOBICOKE SOUTH-2,Undecane,2013-03-11T00:00,0.231,µg/m³,VOC,GC-MS
60435,ETOBICOKE SOUTH-2,Undecane,2013-03-17T00:00,0.070,µg/m³,VOC,GC-MS
60435,ETOBICOKE SOUTH-2,Undecane,2013-03-23T00:00,0.090,µg/m³,VOC,GC-MS
60435,ETOBICOKE SOUTH-2,Undecane,2013-03-29T00:00,0.115,µg/m³,VOC,GC-MS
60435,ETOBICOKE SOUTH-2,Undecane,2013-04-04T00:00,0.096,µg/m³,VOC,GC-MS
60435,ETOBICOKE SOUTH-2,Undecane,2013-04-10T00:00,0.240,µg/m³,VOC,GC-MS
60435,ETOBICOKE SOUTH-2,Undecane,2013-04-16T00:00,0.185,µg/m³,VOC,GC-MS
60435,ETOBICOKE SOUTH-2,Undecane,2013-04-22T00:00,0.420,µg/m³,VOC,GC-MS
60435,ETOBICOKE SOUTH-2,Undecane,2013-04-28T00:00,0.337,µg/m³,VOC,GC-MS
60435,ETOBICOKE SOUTH-2,Undecane,2013-05-04T00:00,0.265,µg/m³,VOC,GC-MS
60435,ETOBICOKE SOUTH-2,Undecane,2013-05-10T00:00,0.386,µg/m³,VOC,GC-MS
60435,ETOBICOKE SOUTH-2,Undecane,2013-05-16T00:00,0.175,µg/m³,VOC,GC-MS
60435,ETOBICOKE SOUTH-2,Undecane,2013-05-22T00:00,0.296,µg/m³,VOC,GC-MS
60435,ETOBICOKE SOUTH-2,Undecane,2013-05-28T00:00,0.241,µg/m³,VOC,GC-MS
60435,ETOBICOKE SOUTH-2,Undecane,2013-06-03T00:00,0.095,µg/m³,VOC,GC-MS
60435,ETOBICOKE SOUTH-2,Undecane,2013-06-09T00:00,0.227,µg/m³,VOC,GC-MS
60435,ETOBICOKE SOUTH-2,Undecane,2013-06-15T00:00,0.149,µg/m³,VOC,GC-MS
60435,ETOBICOKE SOUTH-2,Undecane,2013-06-21T00:00,0.518,µg/m³,VOC,GC-MS
60435,ETOBICOKE SOUTH-2,Undecane,2013-06-27T00:00,0.365,µg/m³,VOC,GC-MS
60435,ETOBICOKE SOUTH-2,Undecane,2013-07-03T00:00,0.243,µg/m³,VOC,GC-MS
60435,ETOBICOKE SOUTH-2,Undecane,2013-07-09T00:00,0.145,µg/m³,VOC,GC-MS
60435,ETOBICOKE SOUTH-2,Undecane,2013-07-15T00:00,0.163,µg/m³,VOC,GC-MS
60435,ETOBICOKE SOUTH-2,Undecane,2013-07-21T00:00,0.097,µg/m³,VOC,GC-MS
60435,ETOBICOKE SOUTH-2,Undecane,2013-07-27T00:00,0.169,µg/m³,VOC,GC-MS
60435,ETOBICOKE SOUTH-2,Undecane,2013-08-02T00:00,0.289,µg/m³,VOC,GC-MS
60435,ETOBICOKE SOUTH-2,Undecane,2013-08-08T00:00,0.179,µg/m³,VOC,GC-MS
60435,ETOBICOKE SOUTH-2,Undecane,2013-08-14T00:00,0.108,µg/m³,VOC,GC-MS
60435,ETOBICOKE SOUTH-2,Undecane,2013-08-20T00:00,0.205,µg/m³,VOC,GC-MS
60435,ETOBICOKE SOUTH-2,Undecane,2013-08-26T00:00,0.291,µg/m³,VOC,GC-MS
60435,ETOBICOKE SOUTH-2,Undecane,2013-09-01T00:00,0.137,µg/m³,VOC,GC-MS
60435,ETOBICOKE SOUTH-2,Undecane,2013-09-07T00:00,0.183,µg/m³,VOC,GC-MS
60435,ETOBICOKE SOUTH-2,Undecane,2013-09-13T00:00,0.057,µg/m³,VOC,GC-MS
60435,ETOBICOKE SOUTH-2,Undecane,2013-09-19T00:00,0.653,µg/m³,VOC,GC-MS
60435,ETOBICOKE SOUTH-2,Undecane,2013-09-25T00:00,0.463,µg/m³,VOC,GC-MS
60435,ETOBICOKE SOUTH-2,Undecane,2013-10-01T00:00,0.283,µg/m³,VOC,GC-MS
60435,ETOBICOKE SOUTH-2,Undecane,2013-10-07T00:00,0.125,µg/m³,VOC,GC-MS
60435,ETOBICOKE SOUTH-2,Undecane,2013-10-19T00:00,0.171,µg/m³,VOC,GC-MS
60435,ETOBICOKE SOUTH-2,Undecane,2013-10-25T00:00,0.165,µg/m³,VOC,GC-MS
60435,ETOBICOKE SOUTH-2,Undecane,2013-10-31T00:00,0.260,µg/m³,VOC,GC-MS
60435,ETOBICOKE SOUTH-2,Undecane,2013-11-06T00:00,0.086,µg/m³,VOC,GC-MS
60435,ETOBICOKE SOUTH-2,Undecane,2013-11-12T00:00,0.100,µg/m³,VOC,GC-MS
60435,ETOBICOKE SOUTH-2,Undecane,2013-11-18T00:00,0.042,µg/m³,VOC,GC-MS
60435,ETOBICOKE SOUTH-2,Undecane,2013-11-24T00:00,0.038,µg/m³,VOC,GC-MS
60435,ETOBICOKE SOUTH-2,Undecane,2013-11-30T00:00,0.083,µg/m³,VOC,GC-MS
60435,ETOBICOKE SOUTH-2,Undecane,2013-12-06T00:00,0.119,µg/m³,VOC,GC-MS
60435,ETOBICOKE SOUTH-2,Undecane,2013-12-12T00:00,0.016,µg/m³,VOC,GC-MS
60435,ETOBICOKE SOUTH-2,Undecane,2013-12-18T00:00,0.043,µg/m³,VOC,GC-MS
60435,ETOBICOKE SOUTH-2,Undecane,2013-12-24T00:00,0.041,µg/m³,VOC,GC-MS
60435,ETOBICOKE SOUTH-2,Undecane,2013-12-30T00:00,0.023,µg/m³,VOC,GC-MS
