﻿NAPS_Site_ID,Station_Name,Pollutant,Date,Value,Units,Report_Type,Method
60438,ROADSIDE - 401W-TORONTO,2-Methylfluorene,2021-02-21T00:00,0.000,µg/m³,PAH,GC-MS TP+G
60438,ROADSIDE - 401W-TORONTO,2-Methylfluorene,2021-02-27T00:00,0.000,µg/m³,PAH,GC-MS TP+G
60438,ROADSIDE - 401W-TORONTO,2-Methylfluorene,2021-03-05T00:00,0.000,µg/m³,PAH,GC-MS TP+G
60438,ROADSIDE - 401W-TORONTO,2-Methylfluorene,2021-03-11T00:00,0.000,µg/m³,PAH,GC-MS TP+G
60438,ROADSIDE - 401W-TORONTO,2-Methylfluorene,2021-03-17T00:00,0.001,µg/m³,PAH,GC-MS TP+G
60438,ROADSIDE - 401W-TORONTO,2-Methylfluorene,2021-03-23T00:00,0.001,µg/m³,PAH,GC-MS TP+G
60438,ROADSIDE - 401W-TORONTO,2-Methylfluorene,2021-03-29T00:00,0.000,µg/m³,PAH,GC-MS TP+G
60438,ROADSIDE - 401W-TORONTO,2-Methylfluorene,2021-04-04T00:00,0.001,µg/m³,PAH,GC-MS TP+G
60438,ROADSIDE - 401W-TORONTO,2-Methylfluorene,2021-04-10T00:00,0.001,µg/m³,PAH,GC-MS TP+G
60438,ROADSIDE - 401W-TORONTO,2-Methylfluorene,2021-04-16T00:00,0.000,µg/m³,PAH,GC-MS TP+G
60438,ROADSIDE - 401W-TORONTO,2-Methylfluorene,2021-04-22T00:00,0.000,µg/m³,PAH,GC-MS TP+G
60438,ROADSIDE - 401W-TORONTO,2-Methylfluorene,2021-04-28T00:00,0.001,µg/m³,PAH,GC-MS TP+G
60438,ROADSIDE - 401W-TORONTO,2-Methylfluorene,2021-05-04T00:00,0.001,µg/m³,PAH,GC-MS TP+G
60438,ROADSIDE - 401W-TORONTO,2-Methylfluorene,2021-05-10T00:00,0.000,µg/m³,PAH,GC-MS TP+G
60438,ROADSIDE - 401W-TORONTO,2-Methylfluorene,2021-05-16T00:00,0.001,µg/m³,PAH,GC-MS TP+G
60438,ROADSIDE - 401W-TORONTO,2-Methylfluorene,2021-05-22T00:00,0.001,µg/m³,PAH,GC-MS TP+G
60438,ROADSIDE - 401W-TORONTO,2-Methylfluorene,2021-05-28T00:00,0.000,µg/m³,PAH,GC-MS TP+G
60438,ROADSIDE - 401W-TORONTO,2-Methylfluorene,2021-06-03T00:00,0.001,µg/m³,PAH,GC-MS TP+G
60438,ROADSIDE - 401W-TORONTO,2-Methylfluorene,2021-06-09T00:00,0.001,µg/m³,PAH,GC-MS TP+G
60438,ROADSIDE - 401W-TORONTO,2-Methylfluorene,2021-06-15T00:00,0.001,µg/m³,PAH,GC-MS TP+G
60438,ROADSIDE - 401W-TORONTO,2-Methylfluorene,2021-06-21T00:00,0.000,µg/m³,PAH,GC-MS TP+G
60438,ROADSIDE - 401W-TORONTO,2-Methylfluorene,2021-06-27T00:00,0.000,µg/m³,PAH,GC-MS TP+G
60438,ROADSIDE - 401W-TORONTO,2-Methylfluorene,2021-07-03T00:00,0.001,µg/m³,PAH,GC-MS TP+G
60438,ROADSIDE - 401W-TORONTO,2-Methylfluorene,2021-07-09T00:00,0.002,µg/m³,PAH,GC-MS TP+G
60438,ROADSIDE - 401W-TORONTO,2-Methylfluorene,2021-07-15T00:00,0.001,µg/m³,PAH,GC-MS TP+G
60438,ROADSIDE - 401W-TORONTO,2-Methylfluorene,2021-07-21T00:00,0.001,µg/m³,PAH,GC-MS TP+G
60438,ROADSIDE - 401W-TORONTO,2-Methylfluorene,2021-07-27T00:00,0.001,µg/m³,PAH,GC-MS TP+G
60438,ROADSIDE - 401W-TORONTO,2-Methylfluorene,2021-08-02T00:00,0.001,µg/m³,PAH,GC-MS TP+G
60438,ROADSIDE - 401W-TORONTO,2-Methylfluorene,2021-08-08T00:00,0.001,µg/m³,PAH,GC-MS TP+G
60438,ROADSIDE - 401W-TORONTO,2-Methylfluorene,2021-08-14T00:00,0.000,µg/m³,PAH,GC-MS TP+G
60438,ROADSIDE - 401W-TORONTO,2-Methylfluorene,2021-08-20T00:00,0.001,µg/m³,PAH,GC-MS TP+G
60438,ROADSIDE - 401W-TORONTO,2-Methylfluorene,2021-08-26T00:00,0.001,µg/m³,PAH,GC-MS TP+G
60438,ROADSIDE - 401W-TORONTO,2-Methylfluorene,2021-09-01T00:00,0.001,µg/m³,PAH,GC-MS TP+G
60438,ROADSIDE - 401W-TORONTO,2-Methylfluorene,2021-09-07T00:00,0.001,µg/m³,PAH,GC-MS TP+G
60438,ROADSIDE - 401W-TORONTO,2-Methylfluorene,2021-09-13T00:00,0.001,µg/m³,PAH,GC-MS TP+G
60438,ROADSIDE - 401W-TORONTO,2-Methylfluorene,2021-09-19T00:00,0.001,µg/m³,PAH,GC-MS TP+G
60438,ROADSIDE - 401W-TORONTO,2-Methylfluorene,2021-10-01T00:00,0.001,µg/m³,PAH,GC-MS TP+G
60438,ROADSIDE - 401W-TORONTO,2-Methylfluorene,2021-10-07T00:00,0.001,µg/m³,PAH,GC-MS TP+G
60438,ROADSIDE - 401W-TORONTO,2-Methylfluorene,2021-10-13T00:00,0.001,µg/m³,PAH,GC-MS TP+G
60438,ROADSIDE - 401W-TORONTO,2-Methylfluorene,2021-10-19T00:00,0.001,µg/m³,PAH,GC-MS TP+G
60438,ROADSIDE - 401W-TORONTO,2-Methylfluorene,2021-10-25T00:00,0.001,µg/m³,PAH,GC-MS TP+G
60438,ROADSIDE - 401W-TORONTO,2-Methylfluorene,2021-10-31T00:00,0.000,µg/m³,PAH,GC-MS TP+G
60438,ROADSIDE - 401W-TORONTO,2-Methylfluorene,2021-11-18T00:00,0.001,µg/m³,PAH,GC-MS TP+G
60438,ROADSIDE - 401W-TORONTO,2-Methylfluorene,2021-11-24T00:00,0.000,µg/m³,PAH,GC-MS TP+G
60438,ROADSIDE - 401W-TORONTO,2-Methylfluorene,2021-11-30T00:00,0.001,µg/m³,PAH,GC-MS TP+G
60438,ROADSIDE - 401W-TORONTO,2-Methylfluorene,2021-12-12T00:00,0.000,µg/m³,PAH,GC-MS TP+G
