﻿NAPS_Site_ID,Station_Name,Pollutant,Date,Value,Units,Report_Type,Method
101401,HOPE AIRPORT,"3,6-Dimethyloctane",2001-01-13T00:00,0.000,µg/m³,VOC,GC-MS
101401,HOPE AIRPORT,"3,6-Dimethyloctane",2001-03-08T00:00,0.010,µg/m³,VOC,GC-MS
101401,HOPE AIRPORT,"3,6-Dimethyloctane",2001-05-07T00:00,0.020,µg/m³,VOC,GC-MS
101401,HOPE AIRPORT,"3,6-Dimethyloctane",2001-06-12T00:00,0.010,µg/m³,VOC,GC-MS
101401,HOPE AIRPORT,"3,6-Dimethyloctane",2001-07-30T00:00,0.010,µg/m³,VOC,GC-MS
101401,HOPE AIRPORT,"3,6-Dimethyloctane",2001-08-17T00:00,0.010,µg/m³,VOC,GC-MS
101401,HOPE AIRPORT,"3,6-Dimethyloctane",2001-09-28T00:00,0.020,µg/m³,VOC,GC-MS
101401,HOPE AIRPORT,"3,6-Dimethyloctane",2001-11-15T00:00,0.010,µg/m³,VOC,GC-MS
101401,HOPE AIRPORT,"3,6-Dimethyloctane",2001-12-15T00:00,0.020,µg/m³,VOC,GC-MS
