﻿NAPS_Site_ID,Station_Name,Pollutant,Date,Value,Units,Report_Type,Method
60418,JUNCTION TRIANGLE,Fluorene,1989-02-09T00:00,0.000,µg/m³,PAH,N/A
60418,JUNCTION TRIANGLE,Fluorene,1989-02-27T00:00,0.004,µg/m³,PAH,N/A
60418,JUNCTION TRIANGLE,Fluorene,1989-03-11T00:00,0.000,µg/m³,PAH,N/A
60418,JUNCTION TRIANGLE,Fluorene,1989-03-23T00:00,0.003,µg/m³,PAH,N/A
60418,JUNCTION TRIANGLE,Fluorene,1989-04-28T00:00,0.001,µg/m³,PAH,N/A
60418,JUNCTION TRIANGLE,Fluorene,1989-05-10T00:00,0.000,µg/m³,PAH,N/A
60418,JUNCTION TRIANGLE,Fluorene,1989-05-22T00:00,0.001,µg/m³,PAH,N/A
60418,JUNCTION TRIANGLE,Fluorene,1989-06-03T00:00,0.000,µg/m³,PAH,N/A
60418,JUNCTION TRIANGLE,Fluorene,1989-06-15T00:00,0.001,µg/m³,PAH,N/A
60418,JUNCTION TRIANGLE,Fluorene,1989-06-27T00:00,0.001,µg/m³,PAH,N/A
60418,JUNCTION TRIANGLE,Fluorene,1989-07-09T00:00,0.001,µg/m³,PAH,N/A
60418,JUNCTION TRIANGLE,Fluorene,1989-07-21T00:00,0.001,µg/m³,PAH,N/A
60418,JUNCTION TRIANGLE,Fluorene,1989-08-02T00:00,0.003,µg/m³,PAH,N/A
60418,JUNCTION TRIANGLE,Fluorene,1989-08-26T00:00,0.002,µg/m³,PAH,N/A
60418,JUNCTION TRIANGLE,Fluorene,1989-09-01T00:00,0.001,µg/m³,PAH,N/A
60418,JUNCTION TRIANGLE,Fluorene,1989-09-19T00:00,0.003,µg/m³,PAH,N/A
60418,JUNCTION TRIANGLE,Fluorene,1989-10-01T00:00,0.001,µg/m³,PAH,N/A
60418,JUNCTION TRIANGLE,Fluorene,1989-10-13T00:00,0.001,µg/m³,PAH,N/A
60418,JUNCTION TRIANGLE,Fluorene,1989-10-25T00:00,0.006,µg/m³,PAH,N/A
60418,JUNCTION TRIANGLE,Fluorene,1989-11-06T00:00,0.001,µg/m³,PAH,N/A
60418,JUNCTION TRIANGLE,Fluorene,1989-11-18T00:00,0.000,µg/m³,PAH,N/A
60418,JUNCTION TRIANGLE,Fluorene,1989-11-30T00:00,0.001,µg/m³,PAH,N/A
60418,JUNCTION TRIANGLE,Fluorene,1989-12-12T00:00,0.002,µg/m³,PAH,N/A
60418,JUNCTION TRIANGLE,Fluorene,1989-12-24T00:00,0.003,µg/m³,PAH,N/A
