﻿NAPS_Site_ID,Station_Name,Pollutant,Date,Value,Units,Report_Type,Method
100134,VANCOUVER INTL. AIRPORT,2-Methyl-2-butene,2019-01-03T00:00,0.012,µg/m³,VOC,GC-MS
100134,VANCOUVER INTL. AIRPORT,2-Methyl-2-butene,2019-01-15T00:00,0.113,µg/m³,VOC,GC-MS
100134,VANCOUVER INTL. AIRPORT,2-Methyl-2-butene,2019-01-21T00:00,0.174,µg/m³,VOC,GC-MS
100134,VANCOUVER INTL. AIRPORT,2-Methyl-2-butene,2019-02-02T00:00,0.061,µg/m³,VOC,GC-MS
100134,VANCOUVER INTL. AIRPORT,2-Methyl-2-butene,2019-02-26T00:00,0.025,µg/m³,VOC,GC-MS
100134,VANCOUVER INTL. AIRPORT,2-Methyl-2-butene,2019-03-10T00:00,0.077,µg/m³,VOC,GC-MS
100134,VANCOUVER INTL. AIRPORT,2-Methyl-2-butene,2019-03-22T00:00,0.012,µg/m³,VOC,GC-MS
100134,VANCOUVER INTL. AIRPORT,2-Methyl-2-butene,2019-04-03T00:00,0.015,µg/m³,VOC,GC-MS
100134,VANCOUVER INTL. AIRPORT,2-Methyl-2-butene,2019-07-08T00:00,0.066,µg/m³,VOC,GC-MS
100134,VANCOUVER INTL. AIRPORT,2-Methyl-2-butene,2019-08-01T00:00,0.046,µg/m³,VOC,GC-MS
100134,VANCOUVER INTL. AIRPORT,2-Methyl-2-butene,2019-08-13T00:00,0.050,µg/m³,VOC,GC-MS
100134,VANCOUVER INTL. AIRPORT,2-Methyl-2-butene,2019-09-30T00:00,0.072,µg/m³,VOC,GC-MS
100134,VANCOUVER INTL. AIRPORT,2-Methyl-2-butene,2019-10-12T00:00,0.285,µg/m³,VOC,GC-MS
100134,VANCOUVER INTL. AIRPORT,2-Methyl-2-butene,2019-10-24T00:00,0.091,µg/m³,VOC,GC-MS
100134,VANCOUVER INTL. AIRPORT,2-Methyl-2-butene,2019-11-17T00:00,0.032,µg/m³,VOC,GC-MS
100134,VANCOUVER INTL. AIRPORT,2-Methyl-2-butene,2019-12-11T00:00,0.091,µg/m³,VOC,GC-MS
