﻿NAPS_Site_ID,Station_Name,Pollutant,Date,Value,Units,Report_Type,Method
61004,CENTENNIAL PARK _SARNIA_,Propylene,2011-01-03T00:00,1.290,µg/m³,VOC,N/A
61004,CENTENNIAL PARK _SARNIA_,Propylene,2011-01-15T00:00,0.747,µg/m³,VOC,N/A
61004,CENTENNIAL PARK _SARNIA_,Propylene,2011-01-21T00:00,0.195,µg/m³,VOC,N/A
61004,CENTENNIAL PARK _SARNIA_,Propylene,2011-01-27T00:00,0.872,µg/m³,VOC,N/A
61004,CENTENNIAL PARK _SARNIA_,Propylene,2011-02-02T00:00,0.122,µg/m³,VOC,N/A
61004,CENTENNIAL PARK _SARNIA_,Propylene,2011-02-08T00:00,0.136,µg/m³,VOC,N/A
61004,CENTENNIAL PARK _SARNIA_,Propylene,2011-02-14T00:00,0.408,µg/m³,VOC,N/A
61004,CENTENNIAL PARK _SARNIA_,Propylene,2011-02-20T00:00,0.437,µg/m³,VOC,N/A
61004,CENTENNIAL PARK _SARNIA_,Propylene,2011-02-26T00:00,0.912,µg/m³,VOC,N/A
61004,CENTENNIAL PARK _SARNIA_,Propylene,2011-03-04T00:00,0.261,µg/m³,VOC,N/A
61004,CENTENNIAL PARK _SARNIA_,Propylene,2011-03-10T00:00,0.424,µg/m³,VOC,N/A
61004,CENTENNIAL PARK _SARNIA_,Propylene,2011-03-16T00:00,1.535,µg/m³,VOC,N/A
61004,CENTENNIAL PARK _SARNIA_,Propylene,2011-03-22T00:00,0.679,µg/m³,VOC,N/A
