﻿NAPS_Site_ID,Station_Name,Pollutant,Date,Value,Units,Report_Type,Method
61004,CENTENNIAL PARK _SARNIA_,A-Pinene,2009-06-18T00:00,0.200,µg/m³,VOC,N/A
61004,CENTENNIAL PARK _SARNIA_,A-Pinene,2009-07-12T00:00,0.372,µg/m³,VOC,N/A
61004,CENTENNIAL PARK _SARNIA_,A-Pinene,2009-07-18T00:00,0.297,µg/m³,VOC,N/A
61004,CENTENNIAL PARK _SARNIA_,A-Pinene,2009-07-24T00:00,0.536,µg/m³,VOC,N/A
61004,CENTENNIAL PARK _SARNIA_,A-Pinene,2009-07-30T00:00,0.371,µg/m³,VOC,N/A
61004,CENTENNIAL PARK _SARNIA_,A-Pinene,2009-08-05T00:00,0.362,µg/m³,VOC,N/A
61004,CENTENNIAL PARK _SARNIA_,A-Pinene,2009-08-11T00:00,0.408,µg/m³,VOC,N/A
61004,CENTENNIAL PARK _SARNIA_,A-Pinene,2009-08-17T00:00,0.280,µg/m³,VOC,N/A
61004,CENTENNIAL PARK _SARNIA_,A-Pinene,2009-08-23T00:00,0.173,µg/m³,VOC,N/A
61004,CENTENNIAL PARK _SARNIA_,A-Pinene,2009-08-29T00:00,0.192,µg/m³,VOC,N/A
61004,CENTENNIAL PARK _SARNIA_,A-Pinene,2009-09-04T00:00,0.389,µg/m³,VOC,N/A
61004,CENTENNIAL PARK _SARNIA_,A-Pinene,2009-09-10T00:00,0.158,µg/m³,VOC,N/A
61004,CENTENNIAL PARK _SARNIA_,A-Pinene,2009-09-16T00:00,0.063,µg/m³,VOC,N/A
61004,CENTENNIAL PARK _SARNIA_,A-Pinene,2009-09-22T00:00,0.216,µg/m³,VOC,N/A
61004,CENTENNIAL PARK _SARNIA_,A-Pinene,2009-09-28T00:00,0.083,µg/m³,VOC,N/A
61004,CENTENNIAL PARK _SARNIA_,A-Pinene,2009-10-04T00:00,0.065,µg/m³,VOC,N/A
61004,CENTENNIAL PARK _SARNIA_,A-Pinene,2009-10-10T00:00,0.080,µg/m³,VOC,N/A
61004,CENTENNIAL PARK _SARNIA_,A-Pinene,2009-10-16T00:00,0.076,µg/m³,VOC,N/A
61004,CENTENNIAL PARK _SARNIA_,A-Pinene,2009-10-22T00:00,0.135,µg/m³,VOC,N/A
61004,CENTENNIAL PARK _SARNIA_,A-Pinene,2009-10-28T00:00,0.095,µg/m³,VOC,N/A
61004,CENTENNIAL PARK _SARNIA_,A-Pinene,2009-11-03T00:00,0.013,µg/m³,VOC,N/A
61004,CENTENNIAL PARK _SARNIA_,A-Pinene,2009-11-09T00:00,0.220,µg/m³,VOC,N/A
61004,CENTENNIAL PARK _SARNIA_,A-Pinene,2009-11-15T00:00,0.082,µg/m³,VOC,N/A
61004,CENTENNIAL PARK _SARNIA_,A-Pinene,2009-11-21T00:00,0.186,µg/m³,VOC,N/A
61004,CENTENNIAL PARK _SARNIA_,A-Pinene,2009-11-27T00:00,0.034,µg/m³,VOC,N/A
61004,CENTENNIAL PARK _SARNIA_,A-Pinene,2009-12-03T00:00,0.041,µg/m³,VOC,N/A
61004,CENTENNIAL PARK _SARNIA_,A-Pinene,2009-12-09T00:00,0.022,µg/m³,VOC,N/A
61004,CENTENNIAL PARK _SARNIA_,A-Pinene,2009-12-15T00:00,0.026,µg/m³,VOC,N/A
61004,CENTENNIAL PARK _SARNIA_,A-Pinene,2009-12-21T00:00,0.025,µg/m³,VOC,N/A
61004,CENTENNIAL PARK _SARNIA_,A-Pinene,2009-12-27T00:00,0.011,µg/m³,VOC,N/A
