﻿NAPS_Site_ID,Station_Name,Pollutant,Date,Value,Units,Report_Type,Method
64401,EGBERT,Tin,2001-08-05T00:00,0.000,µg/m³,DICHOT,N/A
64401,EGBERT,Tin,2001-08-05T00:00,0.000,µg/m³,DICHOT,N/A
64401,EGBERT,Tin,2001-08-11T00:00,0.000,µg/m³,DICHOT,N/A
64401,EGBERT,Tin,2001-08-11T00:00,0.000,µg/m³,DICHOT,N/A
64401,EGBERT,Tin,2001-08-23T00:00,0.000,µg/m³,DICHOT,N/A
64401,EGBERT,Tin,2001-08-23T00:00,0.000,µg/m³,DICHOT,N/A
64401,EGBERT,Tin,2001-08-29T00:00,0.000,µg/m³,DICHOT,N/A
64401,EGBERT,Tin,2001-08-29T00:00,0.000,µg/m³,DICHOT,N/A
64401,EGBERT,Tin,2001-09-04T00:00,0.000,µg/m³,DICHOT,N/A
64401,EGBERT,Tin,2001-09-04T00:00,0.003,µg/m³,DICHOT,N/A
64401,EGBERT,Tin,2001-09-10T00:00,0.000,µg/m³,DICHOT,N/A
64401,EGBERT,Tin,2001-09-10T00:00,0.001,µg/m³,DICHOT,N/A
64401,EGBERT,Tin,2001-09-16T00:00,0.001,µg/m³,DICHOT,N/A
64401,EGBERT,Tin,2001-09-16T00:00,0.002,µg/m³,DICHOT,N/A
64401,EGBERT,Tin,2001-09-22T00:00,0.003,µg/m³,DICHOT,N/A
64401,EGBERT,Tin,2001-09-22T00:00,0.003,µg/m³,DICHOT,N/A
64401,EGBERT,Tin,2001-09-28T00:00,0.000,µg/m³,DICHOT,N/A
64401,EGBERT,Tin,2001-09-28T00:00,0.000,µg/m³,DICHOT,N/A
64401,EGBERT,Tin,2001-10-04T00:00,0.000,µg/m³,DICHOT,N/A
64401,EGBERT,Tin,2001-10-04T00:00,0.000,µg/m³,DICHOT,N/A
64401,EGBERT,Tin,2001-10-10T00:00,0.000,µg/m³,DICHOT,N/A
64401,EGBERT,Tin,2001-10-10T00:00,0.003,µg/m³,DICHOT,N/A
64401,EGBERT,Tin,2001-10-16T00:00,0.002,µg/m³,DICHOT,N/A
64401,EGBERT,Tin,2001-10-16T00:00,0.003,µg/m³,DICHOT,N/A
64401,EGBERT,Tin,2001-10-22T00:00,0.000,µg/m³,DICHOT,N/A
64401,EGBERT,Tin,2001-10-22T00:00,0.000,µg/m³,DICHOT,N/A
64401,EGBERT,Tin,2001-10-28T00:00,0.000,µg/m³,DICHOT,N/A
64401,EGBERT,Tin,2001-10-28T00:00,0.003,µg/m³,DICHOT,N/A
64401,EGBERT,Tin,2001-11-21T00:00,0.000,µg/m³,DICHOT,N/A
64401,EGBERT,Tin,2001-11-21T00:00,0.000,µg/m³,DICHOT,N/A
64401,EGBERT,Tin,2001-11-27T00:00,0.000,µg/m³,DICHOT,N/A
64401,EGBERT,Tin,2001-11-27T00:00,0.000,µg/m³,DICHOT,N/A
64401,EGBERT,Tin,2001-12-03T00:00,0.000,µg/m³,DICHOT,N/A
64401,EGBERT,Tin,2001-12-03T00:00,0.002,µg/m³,DICHOT,N/A
64401,EGBERT,Tin,2001-12-09T00:00,0.000,µg/m³,DICHOT,N/A
64401,EGBERT,Tin,2001-12-09T00:00,0.000,µg/m³,DICHOT,N/A
64401,EGBERT,Tin,2001-12-15T00:00,0.000,µg/m³,DICHOT,N/A
64401,EGBERT,Tin,2001-12-15T00:00,0.000,µg/m³,DICHOT,N/A
64401,EGBERT,Tin,2001-12-21T00:00,0.000,µg/m³,DICHOT,N/A
64401,EGBERT,Tin,2001-12-21T00:00,0.005,µg/m³,DICHOT,N/A
64401,EGBERT,Tin,2001-12-27T00:00,0.000,µg/m³,DICHOT,N/A
64401,EGBERT,Tin,2001-12-27T00:00,0.000,µg/m³,DICHOT,N/A
