﻿NAPS_Site_ID,Station_Name,Pollutant,Date,Value,Units,Report_Type,Method
101401,HOPE AIRPORT,trans-4-Methyl-2-Pentene,2004-01-16T00:00,0.000,µg/m³,VOC,GC-MS
101401,HOPE AIRPORT,trans-4-Methyl-2-Pentene,2004-02-03T00:00,0.000,µg/m³,VOC,GC-MS
101401,HOPE AIRPORT,trans-4-Methyl-2-Pentene,2004-02-27T00:00,0.000,µg/m³,VOC,GC-MS
101401,HOPE AIRPORT,trans-4-Methyl-2-Pentene,2004-03-10T00:00,0.001,µg/m³,VOC,GC-MS
101401,HOPE AIRPORT,trans-4-Methyl-2-Pentene,2004-03-28T00:00,0.000,µg/m³,VOC,GC-MS
101401,HOPE AIRPORT,trans-4-Methyl-2-Pentene,2004-04-15T00:00,0.000,µg/m³,VOC,GC-MS
101401,HOPE AIRPORT,trans-4-Methyl-2-Pentene,2004-05-21T00:00,0.000,µg/m³,VOC,GC-MS
101401,HOPE AIRPORT,trans-4-Methyl-2-Pentene,2004-06-08T00:00,0.000,µg/m³,VOC,GC-MS
101401,HOPE AIRPORT,trans-4-Methyl-2-Pentene,2004-06-26T00:00,0.000,µg/m³,VOC,GC-MS
101401,HOPE AIRPORT,trans-4-Methyl-2-Pentene,2004-08-19T00:00,0.000,µg/m³,VOC,GC-MS
101401,HOPE AIRPORT,trans-4-Methyl-2-Pentene,2004-09-06T00:00,0.000,µg/m³,VOC,GC-MS
101401,HOPE AIRPORT,trans-4-Methyl-2-Pentene,2004-12-05T00:00,0.000,µg/m³,VOC,GC-MS
101401,HOPE AIRPORT,trans-4-Methyl-2-Pentene,2004-12-29T00:00,0.000,µg/m³,VOC,GC-MS
