﻿NAPS_Site_ID,Station_Name,Pollutant,Date,Value,Units,Report_Type,Method
50104,ONTARIO,Tetrachloroethylene,2004-01-04T00:00,0.118,µg/m³,VOC,GC-MS
50104,ONTARIO,Tetrachloroethylene,2004-01-10T00:00,0.243,µg/m³,VOC,GC-MS
50104,ONTARIO,Tetrachloroethylene,2004-01-16T00:00,0.172,µg/m³,VOC,GC-MS
50104,ONTARIO,Tetrachloroethylene,2004-01-22T00:00,0.193,µg/m³,VOC,GC-MS
50104,ONTARIO,Tetrachloroethylene,2004-01-28T00:00,0.344,µg/m³,VOC,GC-MS
50104,ONTARIO,Tetrachloroethylene,2004-02-03T00:00,0.398,µg/m³,VOC,GC-MS
50104,ONTARIO,Tetrachloroethylene,2004-02-09T00:00,0.353,µg/m³,VOC,GC-MS
50104,ONTARIO,Tetrachloroethylene,2004-02-15T00:00,0.090,µg/m³,VOC,GC-MS
50104,ONTARIO,Tetrachloroethylene,2004-02-21T00:00,0.271,µg/m³,VOC,GC-MS
50104,ONTARIO,Tetrachloroethylene,2004-02-27T00:00,0.651,µg/m³,VOC,GC-MS
50104,ONTARIO,Tetrachloroethylene,2004-03-04T00:00,0.535,µg/m³,VOC,GC-MS
50104,ONTARIO,Tetrachloroethylene,2004-03-10T00:00,0.343,µg/m³,VOC,GC-MS
50104,ONTARIO,Tetrachloroethylene,2004-03-16T00:00,0.142,µg/m³,VOC,GC-MS
50104,ONTARIO,Tetrachloroethylene,2004-03-22T00:00,0.215,µg/m³,VOC,GC-MS
50104,ONTARIO,Tetrachloroethylene,2004-03-28T00:00,0.084,µg/m³,VOC,GC-MS
50104,ONTARIO,Tetrachloroethylene,2004-04-03T00:00,0.163,µg/m³,VOC,GC-MS
50104,ONTARIO,Tetrachloroethylene,2004-04-09T00:00,0.317,µg/m³,VOC,GC-MS
50104,ONTARIO,Tetrachloroethylene,2004-04-15T00:00,0.262,µg/m³,VOC,GC-MS
50104,ONTARIO,Tetrachloroethylene,2004-04-21T00:00,0.181,µg/m³,VOC,GC-MS
50104,ONTARIO,Tetrachloroethylene,2004-04-27T00:00,0.443,µg/m³,VOC,GC-MS
50104,ONTARIO,Tetrachloroethylene,2004-05-03T00:00,0.160,µg/m³,VOC,GC-MS
50104,ONTARIO,Tetrachloroethylene,2004-05-09T00:00,0.206,µg/m³,VOC,GC-MS
50104,ONTARIO,Tetrachloroethylene,2004-05-15T00:00,0.233,µg/m³,VOC,GC-MS
50104,ONTARIO,Tetrachloroethylene,2004-05-21T00:00,0.289,µg/m³,VOC,GC-MS
50104,ONTARIO,Tetrachloroethylene,2004-05-27T00:00,0.609,µg/m³,VOC,GC-MS
50104,ONTARIO,Tetrachloroethylene,2004-06-02T00:00,0.504,µg/m³,VOC,GC-MS
50104,ONTARIO,Tetrachloroethylene,2004-06-08T00:00,0.398,µg/m³,VOC,GC-MS
50104,ONTARIO,Tetrachloroethylene,2004-06-14T00:00,0.290,µg/m³,VOC,GC-MS
50104,ONTARIO,Tetrachloroethylene,2004-06-26T00:00,0.230,µg/m³,VOC,GC-MS
50104,ONTARIO,Tetrachloroethylene,2004-07-02T00:00,0.295,µg/m³,VOC,GC-MS
50104,ONTARIO,Tetrachloroethylene,2004-07-08T00:00,0.647,µg/m³,VOC,GC-MS
50104,ONTARIO,Tetrachloroethylene,2004-07-14T00:00,0.243,µg/m³,VOC,GC-MS
50104,ONTARIO,Tetrachloroethylene,2004-07-20T00:00,0.388,µg/m³,VOC,GC-MS
50104,ONTARIO,Tetrachloroethylene,2004-07-26T00:00,0.699,µg/m³,VOC,GC-MS
50104,ONTARIO,Tetrachloroethylene,2004-08-01T00:00,0.099,µg/m³,VOC,GC-MS
50104,ONTARIO,Tetrachloroethylene,2004-08-07T00:00,0.410,µg/m³,VOC,GC-MS
50104,ONTARIO,Tetrachloroethylene,2004-08-13T00:00,0.327,µg/m³,VOC,GC-MS
50104,ONTARIO,Tetrachloroethylene,2004-08-19T00:00,0.353,µg/m³,VOC,GC-MS
50104,ONTARIO,Tetrachloroethylene,2004-08-25T00:00,0.237,µg/m³,VOC,GC-MS
50104,ONTARIO,Tetrachloroethylene,2004-08-31T00:00,0.670,µg/m³,VOC,GC-MS
50104,ONTARIO,Tetrachloroethylene,2004-09-06T00:00,0.066,µg/m³,VOC,GC-MS
50104,ONTARIO,Tetrachloroethylene,2004-09-12T00:00,0.288,µg/m³,VOC,GC-MS
50104,ONTARIO,Tetrachloroethylene,2004-09-18T00:00,0.184,µg/m³,VOC,GC-MS
50104,ONTARIO,Tetrachloroethylene,2004-09-24T00:00,0.604,µg/m³,VOC,GC-MS
50104,ONTARIO,Tetrachloroethylene,2004-09-30T00:00,1.615,µg/m³,VOC,GC-MS
50104,ONTARIO,Tetrachloroethylene,2004-10-06T00:00,0.519,µg/m³,VOC,GC-MS
50104,ONTARIO,Tetrachloroethylene,2004-10-12T00:00,0.533,µg/m³,VOC,GC-MS
50104,ONTARIO,Tetrachloroethylene,2004-10-18T00:00,0.298,µg/m³,VOC,GC-MS
50104,ONTARIO,Tetrachloroethylene,2004-10-24T00:00,0.166,µg/m³,VOC,GC-MS
50104,ONTARIO,Tetrachloroethylene,2004-10-30T00:00,0.307,µg/m³,VOC,GC-MS
50104,ONTARIO,Tetrachloroethylene,2004-11-05T00:00,0.287,µg/m³,VOC,GC-MS
50104,ONTARIO,Tetrachloroethylene,2004-11-11T00:00,0.570,µg/m³,VOC,GC-MS
50104,ONTARIO,Tetrachloroethylene,2004-11-29T00:00,0.315,µg/m³,VOC,GC-MS
50104,ONTARIO,Tetrachloroethylene,2004-12-05T00:00,0.079,µg/m³,VOC,GC-MS
50104,ONTARIO,Tetrachloroethylene,2004-12-11T00:00,0.145,µg/m³,VOC,GC-MS
50104,ONTARIO,Tetrachloroethylene,2004-12-17T00:00,0.249,µg/m³,VOC,GC-MS
50104,ONTARIO,Tetrachloroethylene,2004-12-23T00:00,0.491,µg/m³,VOC,GC-MS
50104,ONTARIO,Tetrachloroethylene,2004-12-29T00:00,0.571,µg/m³,VOC,GC-MS
