﻿NAPS_Site_ID,Station_Name,Pollutant,Date,Value,Units,Report_Type,Method
100303,1250 QUADRA ST.,Cesium,1989-01-04T00:00,0.000,µg/m³,DICHOT,N/A
100303,1250 QUADRA ST.,Cesium,1989-01-04T00:00,0.000,µg/m³,DICHOT,N/A
100303,1250 QUADRA ST.,Cesium,1989-01-10T00:00,0.000,µg/m³,DICHOT,N/A
100303,1250 QUADRA ST.,Cesium,1989-01-10T00:00,0.000,µg/m³,DICHOT,N/A
100303,1250 QUADRA ST.,Cesium,1989-01-16T00:00,0.000,µg/m³,DICHOT,N/A
100303,1250 QUADRA ST.,Cesium,1989-01-16T00:00,0.000,µg/m³,DICHOT,N/A
100303,1250 QUADRA ST.,Cesium,1989-01-22T00:00,0.000,µg/m³,DICHOT,N/A
100303,1250 QUADRA ST.,Cesium,1989-01-22T00:00,0.000,µg/m³,DICHOT,N/A
100303,1250 QUADRA ST.,Cesium,1989-01-28T00:00,0.000,µg/m³,DICHOT,N/A
100303,1250 QUADRA ST.,Cesium,1989-01-28T00:00,0.000,µg/m³,DICHOT,N/A
100303,1250 QUADRA ST.,Cesium,1989-02-09T00:00,0.000,µg/m³,DICHOT,N/A
100303,1250 QUADRA ST.,Cesium,1989-02-09T00:00,0.000,µg/m³,DICHOT,N/A
100303,1250 QUADRA ST.,Cesium,1989-02-15T00:00,0.000,µg/m³,DICHOT,N/A
100303,1250 QUADRA ST.,Cesium,1989-02-15T00:00,0.000,µg/m³,DICHOT,N/A
100303,1250 QUADRA ST.,Cesium,1989-02-21T00:00,0.000,µg/m³,DICHOT,N/A
100303,1250 QUADRA ST.,Cesium,1989-02-21T00:00,0.000,µg/m³,DICHOT,N/A
100303,1250 QUADRA ST.,Cesium,1989-02-27T00:00,0.000,µg/m³,DICHOT,N/A
100303,1250 QUADRA ST.,Cesium,1989-02-27T00:00,0.000,µg/m³,DICHOT,N/A
100303,1250 QUADRA ST.,Cesium,1989-03-05T00:00,0.000,µg/m³,DICHOT,N/A
100303,1250 QUADRA ST.,Cesium,1989-03-05T00:00,0.000,µg/m³,DICHOT,N/A
100303,1250 QUADRA ST.,Cesium,1989-03-11T00:00,0.000,µg/m³,DICHOT,N/A
100303,1250 QUADRA ST.,Cesium,1989-03-11T00:00,0.000,µg/m³,DICHOT,N/A
100303,1250 QUADRA ST.,Cesium,1989-03-17T00:00,0.000,µg/m³,DICHOT,N/A
100303,1250 QUADRA ST.,Cesium,1989-03-17T00:00,0.000,µg/m³,DICHOT,N/A
100303,1250 QUADRA ST.,Cesium,1989-03-23T00:00,0.000,µg/m³,DICHOT,N/A
100303,1250 QUADRA ST.,Cesium,1989-03-23T00:00,0.000,µg/m³,DICHOT,N/A
100303,1250 QUADRA ST.,Cesium,1989-03-29T00:00,0.000,µg/m³,DICHOT,N/A
100303,1250 QUADRA ST.,Cesium,1989-03-29T00:00,0.000,µg/m³,DICHOT,N/A
100303,1250 QUADRA ST.,Cesium,1989-04-04T00:00,0.000,µg/m³,DICHOT,N/A
100303,1250 QUADRA ST.,Cesium,1989-04-04T00:00,0.000,µg/m³,DICHOT,N/A
100303,1250 QUADRA ST.,Cesium,1989-04-10T00:00,0.000,µg/m³,DICHOT,N/A
100303,1250 QUADRA ST.,Cesium,1989-04-10T00:00,0.000,µg/m³,DICHOT,N/A
100303,1250 QUADRA ST.,Cesium,1989-04-16T00:00,0.000,µg/m³,DICHOT,N/A
100303,1250 QUADRA ST.,Cesium,1989-04-16T00:00,0.000,µg/m³,DICHOT,N/A
100303,1250 QUADRA ST.,Cesium,1989-04-22T00:00,0.000,µg/m³,DICHOT,N/A
100303,1250 QUADRA ST.,Cesium,1989-04-22T00:00,0.000,µg/m³,DICHOT,N/A
100303,1250 QUADRA ST.,Cesium,1989-04-28T00:00,0.000,µg/m³,DICHOT,N/A
100303,1250 QUADRA ST.,Cesium,1989-04-28T00:00,0.000,µg/m³,DICHOT,N/A
100303,1250 QUADRA ST.,Cesium,1989-05-04T00:00,0.000,µg/m³,DICHOT,N/A
100303,1250 QUADRA ST.,Cesium,1989-05-04T00:00,0.000,µg/m³,DICHOT,N/A
100303,1250 QUADRA ST.,Cesium,1989-05-10T00:00,0.000,µg/m³,DICHOT,N/A
100303,1250 QUADRA ST.,Cesium,1989-05-10T00:00,0.000,µg/m³,DICHOT,N/A
100303,1250 QUADRA ST.,Cesium,1989-05-22T00:00,0.000,µg/m³,DICHOT,N/A
100303,1250 QUADRA ST.,Cesium,1989-05-22T00:00,0.007,µg/m³,DICHOT,N/A
100303,1250 QUADRA ST.,Cesium,1989-05-28T00:00,0.000,µg/m³,DICHOT,N/A
100303,1250 QUADRA ST.,Cesium,1989-05-28T00:00,0.000,µg/m³,DICHOT,N/A
100303,1250 QUADRA ST.,Cesium,1989-06-03T00:00,0.000,µg/m³,DICHOT,N/A
100303,1250 QUADRA ST.,Cesium,1989-06-03T00:00,0.000,µg/m³,DICHOT,N/A
100303,1250 QUADRA ST.,Cesium,1989-06-09T00:00,0.000,µg/m³,DICHOT,N/A
100303,1250 QUADRA ST.,Cesium,1989-06-09T00:00,0.000,µg/m³,DICHOT,N/A
100303,1250 QUADRA ST.,Cesium,1989-06-15T00:00,0.000,µg/m³,DICHOT,N/A
100303,1250 QUADRA ST.,Cesium,1989-06-15T00:00,0.000,µg/m³,DICHOT,N/A
100303,1250 QUADRA ST.,Cesium,1989-06-21T00:00,0.000,µg/m³,DICHOT,N/A
100303,1250 QUADRA ST.,Cesium,1989-06-21T00:00,0.000,µg/m³,DICHOT,N/A
100303,1250 QUADRA ST.,Cesium,1989-06-27T00:00,0.000,µg/m³,DICHOT,N/A
100303,1250 QUADRA ST.,Cesium,1989-06-27T00:00,0.000,µg/m³,DICHOT,N/A
100303,1250 QUADRA ST.,Cesium,1989-07-03T00:00,0.000,µg/m³,DICHOT,N/A
100303,1250 QUADRA ST.,Cesium,1989-07-03T00:00,0.000,µg/m³,DICHOT,N/A
100303,1250 QUADRA ST.,Cesium,1989-07-09T00:00,0.000,µg/m³,DICHOT,N/A
100303,1250 QUADRA ST.,Cesium,1989-07-09T00:00,0.000,µg/m³,DICHOT,N/A
100303,1250 QUADRA ST.,Cesium,1989-07-15T00:00,0.000,µg/m³,DICHOT,N/A
100303,1250 QUADRA ST.,Cesium,1989-07-15T00:00,0.000,µg/m³,DICHOT,N/A
100303,1250 QUADRA ST.,Cesium,1989-07-21T00:00,0.000,µg/m³,DICHOT,N/A
100303,1250 QUADRA ST.,Cesium,1989-07-21T00:00,0.000,µg/m³,DICHOT,N/A
100303,1250 QUADRA ST.,Cesium,1989-07-27T00:00,0.000,µg/m³,DICHOT,N/A
100303,1250 QUADRA ST.,Cesium,1989-07-27T00:00,0.000,µg/m³,DICHOT,N/A
100303,1250 QUADRA ST.,Cesium,1989-08-14T00:00,0.000,µg/m³,DICHOT,N/A
100303,1250 QUADRA ST.,Cesium,1989-08-14T00:00,0.000,µg/m³,DICHOT,N/A
100303,1250 QUADRA ST.,Cesium,1989-08-20T00:00,0.000,µg/m³,DICHOT,N/A
100303,1250 QUADRA ST.,Cesium,1989-08-20T00:00,0.000,µg/m³,DICHOT,N/A
100303,1250 QUADRA ST.,Cesium,1989-08-26T00:00,0.000,µg/m³,DICHOT,N/A
100303,1250 QUADRA ST.,Cesium,1989-08-26T00:00,0.000,µg/m³,DICHOT,N/A
100303,1250 QUADRA ST.,Cesium,1989-09-01T00:00,0.000,µg/m³,DICHOT,N/A
100303,1250 QUADRA ST.,Cesium,1989-09-01T00:00,0.000,µg/m³,DICHOT,N/A
100303,1250 QUADRA ST.,Cesium,1989-09-07T00:00,0.000,µg/m³,DICHOT,N/A
100303,1250 QUADRA ST.,Cesium,1989-09-07T00:00,0.000,µg/m³,DICHOT,N/A
100303,1250 QUADRA ST.,Cesium,1989-09-13T00:00,0.000,µg/m³,DICHOT,N/A
100303,1250 QUADRA ST.,Cesium,1989-09-13T00:00,0.000,µg/m³,DICHOT,N/A
100303,1250 QUADRA ST.,Cesium,1989-09-19T00:00,0.000,µg/m³,DICHOT,N/A
100303,1250 QUADRA ST.,Cesium,1989-09-19T00:00,0.000,µg/m³,DICHOT,N/A
100303,1250 QUADRA ST.,Cesium,1989-09-25T00:00,0.000,µg/m³,DICHOT,N/A
100303,1250 QUADRA ST.,Cesium,1989-09-25T00:00,0.000,µg/m³,DICHOT,N/A
100303,1250 QUADRA ST.,Cesium,1989-10-01T00:00,0.000,µg/m³,DICHOT,N/A
100303,1250 QUADRA ST.,Cesium,1989-10-01T00:00,0.000,µg/m³,DICHOT,N/A
100303,1250 QUADRA ST.,Cesium,1989-10-07T00:00,0.000,µg/m³,DICHOT,N/A
100303,1250 QUADRA ST.,Cesium,1989-10-07T00:00,0.000,µg/m³,DICHOT,N/A
100303,1250 QUADRA ST.,Cesium,1989-10-19T00:00,0.000,µg/m³,DICHOT,N/A
100303,1250 QUADRA ST.,Cesium,1989-10-19T00:00,0.000,µg/m³,DICHOT,N/A
100303,1250 QUADRA ST.,Cesium,1989-10-25T00:00,0.000,µg/m³,DICHOT,N/A
100303,1250 QUADRA ST.,Cesium,1989-10-25T00:00,0.000,µg/m³,DICHOT,N/A
100303,1250 QUADRA ST.,Cesium,1989-10-31T00:00,0.000,µg/m³,DICHOT,N/A
100303,1250 QUADRA ST.,Cesium,1989-10-31T00:00,0.000,µg/m³,DICHOT,N/A
100303,1250 QUADRA ST.,Cesium,1989-11-06T00:00,0.000,µg/m³,DICHOT,N/A
100303,1250 QUADRA ST.,Cesium,1989-11-06T00:00,0.000,µg/m³,DICHOT,N/A
100303,1250 QUADRA ST.,Cesium,1989-11-12T00:00,0.000,µg/m³,DICHOT,N/A
100303,1250 QUADRA ST.,Cesium,1989-11-12T00:00,0.000,µg/m³,DICHOT,N/A
100303,1250 QUADRA ST.,Cesium,1989-11-18T00:00,0.000,µg/m³,DICHOT,N/A
100303,1250 QUADRA ST.,Cesium,1989-11-18T00:00,0.000,µg/m³,DICHOT,N/A
100303,1250 QUADRA ST.,Cesium,1989-11-24T00:00,0.000,µg/m³,DICHOT,N/A
100303,1250 QUADRA ST.,Cesium,1989-11-24T00:00,0.000,µg/m³,DICHOT,N/A
100303,1250 QUADRA ST.,Cesium,1989-11-30T00:00,0.000,µg/m³,DICHOT,N/A
100303,1250 QUADRA ST.,Cesium,1989-11-30T00:00,0.000,µg/m³,DICHOT,N/A
100303,1250 QUADRA ST.,Cesium,1989-12-06T00:00,0.000,µg/m³,DICHOT,N/A
100303,1250 QUADRA ST.,Cesium,1989-12-06T00:00,0.000,µg/m³,DICHOT,N/A
100303,1250 QUADRA ST.,Cesium,1989-12-12T00:00,0.000,µg/m³,DICHOT,N/A
100303,1250 QUADRA ST.,Cesium,1989-12-12T00:00,0.000,µg/m³,DICHOT,N/A
100303,1250 QUADRA ST.,Cesium,1989-12-18T00:00,0.000,µg/m³,DICHOT,N/A
100303,1250 QUADRA ST.,Cesium,1989-12-18T00:00,0.000,µg/m³,DICHOT,N/A
100303,1250 QUADRA ST.,Cesium,1989-12-24T00:00,0.000,µg/m³,DICHOT,N/A
100303,1250 QUADRA ST.,Cesium,1989-12-24T00:00,0.000,µg/m³,DICHOT,N/A
100303,1250 QUADRA ST.,Cesium,1989-12-30T00:00,0.000,µg/m³,DICHOT,N/A
100303,1250 QUADRA ST.,Cesium,1989-12-30T00:00,0.000,µg/m³,DICHOT,N/A
