﻿NAPS_Site_ID,Station_Name,Pollutant,Date,Value,Units,Report_Type,Method
60211,WINDSOR WEST,Calcium,1996-02-15T00:00,0.019,µg/m³,DICHOT,
60211,WINDSOR WEST,Calcium,1996-02-15T00:00,0.124,µg/m³,DICHOT,
60211,WINDSOR WEST,Calcium,1996-02-21T00:00,0.006,µg/m³,DICHOT,
60211,WINDSOR WEST,Calcium,1996-02-21T00:00,0.052,µg/m³,DICHOT,
60211,WINDSOR WEST,Calcium,1996-02-27T00:00,0.027,µg/m³,DICHOT,
60211,WINDSOR WEST,Calcium,1996-02-27T00:00,0.368,µg/m³,DICHOT,
60211,WINDSOR WEST,Calcium,1996-03-04T00:00,0.051,µg/m³,DICHOT,
60211,WINDSOR WEST,Calcium,1996-03-04T00:00,0.861,µg/m³,DICHOT,
60211,WINDSOR WEST,Calcium,1996-03-10T00:00,0.040,µg/m³,DICHOT,
60211,WINDSOR WEST,Calcium,1996-03-10T00:00,0.277,µg/m³,DICHOT,
60211,WINDSOR WEST,Calcium,1996-03-16T00:00,0.026,µg/m³,DICHOT,
60211,WINDSOR WEST,Calcium,1996-03-16T00:00,0.473,µg/m³,DICHOT,
60211,WINDSOR WEST,Calcium,1996-03-22T00:00,0.050,µg/m³,DICHOT,
60211,WINDSOR WEST,Calcium,1996-03-22T00:00,0.718,µg/m³,DICHOT,
60211,WINDSOR WEST,Calcium,1996-03-28T00:00,0.031,µg/m³,DICHOT,
60211,WINDSOR WEST,Calcium,1996-03-28T00:00,0.939,µg/m³,DICHOT,
60211,WINDSOR WEST,Calcium,1996-04-03T00:00,0.039,µg/m³,DICHOT,
60211,WINDSOR WEST,Calcium,1996-04-03T00:00,0.797,µg/m³,DICHOT,
60211,WINDSOR WEST,Calcium,1996-04-09T00:00,0.026,µg/m³,DICHOT,
60211,WINDSOR WEST,Calcium,1996-04-09T00:00,0.465,µg/m³,DICHOT,
60211,WINDSOR WEST,Calcium,1996-04-15T00:00,0.023,µg/m³,DICHOT,
60211,WINDSOR WEST,Calcium,1996-04-15T00:00,0.256,µg/m³,DICHOT,
60211,WINDSOR WEST,Calcium,1996-04-21T00:00,0.023,µg/m³,DICHOT,
60211,WINDSOR WEST,Calcium,1996-04-21T00:00,0.407,µg/m³,DICHOT,
60211,WINDSOR WEST,Calcium,1996-04-27T00:00,0.048,µg/m³,DICHOT,
60211,WINDSOR WEST,Calcium,1996-04-27T00:00,0.911,µg/m³,DICHOT,
60211,WINDSOR WEST,Calcium,1996-05-03T00:00,0.064,µg/m³,DICHOT,
60211,WINDSOR WEST,Calcium,1996-05-03T00:00,0.921,µg/m³,DICHOT,
60211,WINDSOR WEST,Calcium,1996-05-09T00:00,0.033,µg/m³,DICHOT,
60211,WINDSOR WEST,Calcium,1996-05-09T00:00,0.571,µg/m³,DICHOT,
60211,WINDSOR WEST,Calcium,1996-05-21T00:00,0.031,µg/m³,DICHOT,
60211,WINDSOR WEST,Calcium,1996-05-21T00:00,1.400,µg/m³,DICHOT,
60211,WINDSOR WEST,Calcium,1996-05-27T00:00,0.015,µg/m³,DICHOT,
60211,WINDSOR WEST,Calcium,1996-05-27T00:00,0.631,µg/m³,DICHOT,
60211,WINDSOR WEST,Calcium,1996-06-02T00:00,0.000,µg/m³,DICHOT,
60211,WINDSOR WEST,Calcium,1996-06-02T00:00,0.254,µg/m³,DICHOT,
60211,WINDSOR WEST,Calcium,1996-06-08T00:00,0.016,µg/m³,DICHOT,
60211,WINDSOR WEST,Calcium,1996-06-08T00:00,0.418,µg/m³,DICHOT,
60211,WINDSOR WEST,Calcium,1996-06-14T00:00,0.048,µg/m³,DICHOT,
60211,WINDSOR WEST,Calcium,1996-06-14T00:00,1.360,µg/m³,DICHOT,
60211,WINDSOR WEST,Calcium,1996-06-20T00:00,0.039,µg/m³,DICHOT,
60211,WINDSOR WEST,Calcium,1996-06-20T00:00,1.620,µg/m³,DICHOT,
60211,WINDSOR WEST,Calcium,1996-06-26T00:00,0.030,µg/m³,DICHOT,
60211,WINDSOR WEST,Calcium,1996-06-26T00:00,1.070,µg/m³,DICHOT,
60211,WINDSOR WEST,Calcium,1996-07-02T00:00,0.069,µg/m³,DICHOT,
60211,WINDSOR WEST,Calcium,1996-07-02T00:00,2.270,µg/m³,DICHOT,
60211,WINDSOR WEST,Calcium,1996-07-08T00:00,0.046,µg/m³,DICHOT,
60211,WINDSOR WEST,Calcium,1996-07-08T00:00,1.080,µg/m³,DICHOT,
60211,WINDSOR WEST,Calcium,1996-07-14T00:00,0.026,µg/m³,DICHOT,
60211,WINDSOR WEST,Calcium,1996-07-14T00:00,0.549,µg/m³,DICHOT,
60211,WINDSOR WEST,Calcium,1996-07-20T00:00,0.050,µg/m³,DICHOT,
60211,WINDSOR WEST,Calcium,1996-07-20T00:00,0.659,µg/m³,DICHOT,
60211,WINDSOR WEST,Calcium,1996-07-26T00:00,0.049,µg/m³,DICHOT,
60211,WINDSOR WEST,Calcium,1996-07-26T00:00,1.590,µg/m³,DICHOT,
60211,WINDSOR WEST,Calcium,1996-08-01T00:00,0.101,µg/m³,DICHOT,
60211,WINDSOR WEST,Calcium,1996-08-01T00:00,2.170,µg/m³,DICHOT,
60211,WINDSOR WEST,Calcium,1996-08-07T00:00,0.223,µg/m³,DICHOT,
60211,WINDSOR WEST,Calcium,1996-08-07T00:00,4.100,µg/m³,DICHOT,
60211,WINDSOR WEST,Calcium,1996-08-13T00:00,0.302,µg/m³,DICHOT,
60211,WINDSOR WEST,Calcium,1996-08-13T00:00,3.050,µg/m³,DICHOT,
60211,WINDSOR WEST,Calcium,1996-08-19T00:00,0.059,µg/m³,DICHOT,
60211,WINDSOR WEST,Calcium,1996-08-19T00:00,0.920,µg/m³,DICHOT,
60211,WINDSOR WEST,Calcium,1996-08-25T00:00,0.101,µg/m³,DICHOT,
60211,WINDSOR WEST,Calcium,1996-08-25T00:00,1.510,µg/m³,DICHOT,
60211,WINDSOR WEST,Calcium,1996-08-31T00:00,0.082,µg/m³,DICHOT,
60211,WINDSOR WEST,Calcium,1996-08-31T00:00,1.070,µg/m³,DICHOT,
60211,WINDSOR WEST,Calcium,1996-09-06T00:00,0.039,µg/m³,DICHOT,
60211,WINDSOR WEST,Calcium,1996-09-06T00:00,0.911,µg/m³,DICHOT,
60211,WINDSOR WEST,Calcium,1996-09-12T00:00,0.138,µg/m³,DICHOT,
60211,WINDSOR WEST,Calcium,1996-09-12T00:00,0.972,µg/m³,DICHOT,
60211,WINDSOR WEST,Calcium,1996-09-18T00:00,0.080,µg/m³,DICHOT,
60211,WINDSOR WEST,Calcium,1996-09-18T00:00,0.517,µg/m³,DICHOT,
60211,WINDSOR WEST,Calcium,1996-10-06T00:00,0.037,µg/m³,DICHOT,
60211,WINDSOR WEST,Calcium,1996-10-06T00:00,0.575,µg/m³,DICHOT,
60211,WINDSOR WEST,Calcium,1996-10-12T00:00,0.032,µg/m³,DICHOT,
60211,WINDSOR WEST,Calcium,1996-10-12T00:00,0.796,µg/m³,DICHOT,
60211,WINDSOR WEST,Calcium,1996-10-18T00:00,0.010,µg/m³,DICHOT,
60211,WINDSOR WEST,Calcium,1996-10-18T00:00,0.417,µg/m³,DICHOT,
60211,WINDSOR WEST,Calcium,1996-10-24T00:00,0.077,µg/m³,DICHOT,
60211,WINDSOR WEST,Calcium,1996-10-24T00:00,1.730,µg/m³,DICHOT,
60211,WINDSOR WEST,Calcium,1996-10-30T00:00,0.169,µg/m³,DICHOT,
60211,WINDSOR WEST,Calcium,1996-10-30T00:00,1.110,µg/m³,DICHOT,
60211,WINDSOR WEST,Calcium,1996-11-23T00:00,0.011,µg/m³,DICHOT,
60211,WINDSOR WEST,Calcium,1996-11-23T00:00,0.400,µg/m³,DICHOT,
60211,WINDSOR WEST,Calcium,1996-11-29T00:00,0.039,µg/m³,DICHOT,
60211,WINDSOR WEST,Calcium,1996-11-29T00:00,0.422,µg/m³,DICHOT,
