﻿NAPS_Site_ID,Station_Name,Pollutant,Date,Value,Units,Report_Type,Method
50308,QUÉBEC-VIEUX-LIMOILOU (DES SABLES),OC4(A),2022-07-16T00:00,0.572,µg/m³,PM2.5,TOR(OC/EC)
50308,QUÉBEC-VIEUX-LIMOILOU (DES SABLES),OC4(A),2022-07-19T00:00,0.462,µg/m³,PM2.5,TOR(OC/EC)
50308,QUÉBEC-VIEUX-LIMOILOU (DES SABLES),OC4(A),2022-07-22T00:00,0.558,µg/m³,PM2.5,TOR(OC/EC)
50308,QUÉBEC-VIEUX-LIMOILOU (DES SABLES),OC4(A),2022-07-25T00:00,0.323,µg/m³,PM2.5,TOR(OC/EC)
50308,QUÉBEC-VIEUX-LIMOILOU (DES SABLES),OC4(A),2022-07-28T00:00,0.840,µg/m³,PM2.5,TOR(OC/EC)
50308,QUÉBEC-VIEUX-LIMOILOU (DES SABLES),OC4(A),2022-07-31T00:00,0.466,µg/m³,PM2.5,TOR(OC/EC)
50308,QUÉBEC-VIEUX-LIMOILOU (DES SABLES),OC4(A),2022-08-03T00:00,0.323,µg/m³,PM2.5,TOR(OC/EC)
50308,QUÉBEC-VIEUX-LIMOILOU (DES SABLES),OC4(A),2022-08-06T00:00,0.686,µg/m³,PM2.5,TOR(OC/EC)
50308,QUÉBEC-VIEUX-LIMOILOU (DES SABLES),OC4(A),2022-08-21T00:00,0.663,µg/m³,PM2.5,TOR(OC/EC)
50308,QUÉBEC-VIEUX-LIMOILOU (DES SABLES),OC4(A),2022-08-24T00:00,0.659,µg/m³,PM2.5,TOR(OC/EC)
50308,QUÉBEC-VIEUX-LIMOILOU (DES SABLES),OC4(A),2022-08-27T00:00,0.663,µg/m³,PM2.5,TOR(OC/EC)
50308,QUÉBEC-VIEUX-LIMOILOU (DES SABLES),OC4(A),2022-08-30T00:00,0.576,µg/m³,PM2.5,TOR(OC/EC)
50308,QUÉBEC-VIEUX-LIMOILOU (DES SABLES),OC4(A),2022-09-02T00:00,0.594,µg/m³,PM2.5,TOR(OC/EC)
50308,QUÉBEC-VIEUX-LIMOILOU (DES SABLES),OC4(A),2022-09-05T00:00,0.377,µg/m³,PM2.5,TOR(OC/EC)
50308,QUÉBEC-VIEUX-LIMOILOU (DES SABLES),OC4(A),2022-09-08T00:00,0.700,µg/m³,PM2.5,TOR(OC/EC)
50308,QUÉBEC-VIEUX-LIMOILOU (DES SABLES),OC4(A),2022-09-11T00:00,0.889,µg/m³,PM2.5,TOR(OC/EC)
50308,QUÉBEC-VIEUX-LIMOILOU (DES SABLES),OC4(A),2022-09-14T00:00,0.179,µg/m³,PM2.5,TOR(OC/EC)
50308,QUÉBEC-VIEUX-LIMOILOU (DES SABLES),OC4(A),2022-09-17T00:00,0.250,µg/m³,PM2.5,TOR(OC/EC)
50308,QUÉBEC-VIEUX-LIMOILOU (DES SABLES),OC4(A),2022-09-20T00:00,0.362,µg/m³,PM2.5,TOR(OC/EC)
50308,QUÉBEC-VIEUX-LIMOILOU (DES SABLES),OC4(A),2022-09-23T00:00,0.096,µg/m³,PM2.5,TOR(OC/EC)
50308,QUÉBEC-VIEUX-LIMOILOU (DES SABLES),OC4(A),2022-09-26T00:00,0.340,µg/m³,PM2.5,TOR(OC/EC)
50308,QUÉBEC-VIEUX-LIMOILOU (DES SABLES),OC4(A),2022-09-29T00:00,0.184,µg/m³,PM2.5,TOR(OC/EC)
50308,QUÉBEC-VIEUX-LIMOILOU (DES SABLES),OC4(A),2022-10-02T00:00,0.203,µg/m³,PM2.5,TOR(OC/EC)
50308,QUÉBEC-VIEUX-LIMOILOU (DES SABLES),OC4(A),2022-10-05T00:00,0.576,µg/m³,PM2.5,TOR(OC/EC)
50308,QUÉBEC-VIEUX-LIMOILOU (DES SABLES),OC4(A),2022-10-08T00:00,0.112,µg/m³,PM2.5,TOR(OC/EC)
50308,QUÉBEC-VIEUX-LIMOILOU (DES SABLES),OC4(A),2022-10-11T00:00,0.428,µg/m³,PM2.5,TOR(OC/EC)
50308,QUÉBEC-VIEUX-LIMOILOU (DES SABLES),OC4(A),2022-10-14T00:00,0.204,µg/m³,PM2.5,TOR(OC/EC)
50308,QUÉBEC-VIEUX-LIMOILOU (DES SABLES),OC4(A),2022-10-17T00:00,0.498,µg/m³,PM2.5,TOR(OC/EC)
50308,QUÉBEC-VIEUX-LIMOILOU (DES SABLES),OC4(A),2022-10-20T00:00,0.240,µg/m³,PM2.5,TOR(OC/EC)
50308,QUÉBEC-VIEUX-LIMOILOU (DES SABLES),OC4(A),2022-10-23T00:00,1.312,µg/m³,PM2.5,TOR(OC/EC)
50308,QUÉBEC-VIEUX-LIMOILOU (DES SABLES),OC4(A),2022-10-26T00:00,0.688,µg/m³,PM2.5,TOR(OC/EC)
50308,QUÉBEC-VIEUX-LIMOILOU (DES SABLES),OC4(A),2022-11-02T00:00,0.391,µg/m³,PM2.5,TOR(OC/EC)
50308,QUÉBEC-VIEUX-LIMOILOU (DES SABLES),OC4(A),2022-11-05T00:00,1.051,µg/m³,PM2.5,TOR(OC/EC)
50308,QUÉBEC-VIEUX-LIMOILOU (DES SABLES),OC4(A),2022-11-08T00:00,0.090,µg/m³,PM2.5,TOR(OC/EC)
50308,QUÉBEC-VIEUX-LIMOILOU (DES SABLES),OC4(A),2022-11-13T00:00,0.194,µg/m³,PM2.5,TOR(OC/EC)
50308,QUÉBEC-VIEUX-LIMOILOU (DES SABLES),OC4(A),2022-11-16T00:00,0.172,µg/m³,PM2.5,TOR(OC/EC)
50308,QUÉBEC-VIEUX-LIMOILOU (DES SABLES),OC4(A),2022-11-19T00:00,0.749,µg/m³,PM2.5,TOR(OC/EC)
50308,QUÉBEC-VIEUX-LIMOILOU (DES SABLES),OC4(A),2022-11-25T00:00,0.532,µg/m³,PM2.5,TOR(OC/EC)
50308,QUÉBEC-VIEUX-LIMOILOU (DES SABLES),OC4(A),2022-11-28T00:00,0.272,µg/m³,PM2.5,TOR(OC/EC)
50308,QUÉBEC-VIEUX-LIMOILOU (DES SABLES),OC4(A),2022-12-01T00:00,0.116,µg/m³,PM2.5,TOR(OC/EC)
50308,QUÉBEC-VIEUX-LIMOILOU (DES SABLES),OC4(A),2022-12-07T00:00,0.170,µg/m³,PM2.5,TOR(OC/EC)
50308,QUÉBEC-VIEUX-LIMOILOU (DES SABLES),OC4(A),2022-12-10T00:00,0.300,µg/m³,PM2.5,TOR(OC/EC)
50308,QUÉBEC-VIEUX-LIMOILOU (DES SABLES),OC4(A),2022-12-13T00:00,0.191,µg/m³,PM2.5,TOR(OC/EC)
50308,QUÉBEC-VIEUX-LIMOILOU (DES SABLES),OC4(A),2022-12-16T00:00,0.239,µg/m³,PM2.5,TOR(OC/EC)
50308,QUÉBEC-VIEUX-LIMOILOU (DES SABLES),OC4(A),2022-12-19T00:00,0.234,µg/m³,PM2.5,TOR(OC/EC)
50308,QUÉBEC-VIEUX-LIMOILOU (DES SABLES),OC4(A),2022-12-25T00:00,0.192,µg/m³,PM2.5,TOR(OC/EC)
50308,QUÉBEC-VIEUX-LIMOILOU (DES SABLES),OC4(A),2022-12-28T00:00,0.709,µg/m³,PM2.5,TOR(OC/EC)
50308,QUÉBEC-VIEUX-LIMOILOU (DES SABLES),OC4(A),2022-12-31T00:00,0.707,µg/m³,PM2.5,TOR(OC/EC)
