﻿NAPS_Site_ID,Station_Name,Pollutant,Date,Value,Units,Report_Type,Method
50902,SAGUENAY-PARC POWELL,1234678-H7CDD,2001-01-01T00:00,0.027,pg/m³,PCDD,
50902,SAGUENAY-PARC POWELL,1234678-H7CDD,2001-01-25T00:00,0.092,pg/m³,PCDD,
50902,SAGUENAY-PARC POWELL,1234678-H7CDD,2001-02-06T00:00,0.075,pg/m³,PCDD,
50902,SAGUENAY-PARC POWELL,1234678-H7CDD,2001-03-02T00:00,0.164,pg/m³,PCDD,
50902,SAGUENAY-PARC POWELL,1234678-H7CDD,2001-03-14T00:00,0.043,pg/m³,PCDD,
50902,SAGUENAY-PARC POWELL,1234678-H7CDD,2001-03-26T00:00,0.026,pg/m³,PCDD,
50902,SAGUENAY-PARC POWELL,1234678-H7CDD,2001-04-07T00:00,0.100,pg/m³,PCDD,
50902,SAGUENAY-PARC POWELL,1234678-H7CDD,2001-05-01T00:00,0.091,pg/m³,PCDD,
50902,SAGUENAY-PARC POWELL,1234678-H7CDD,2001-05-25T00:00,0.104,pg/m³,PCDD,
50902,SAGUENAY-PARC POWELL,1234678-H7CDD,2001-06-18T00:00,0.053,pg/m³,PCDD,
50902,SAGUENAY-PARC POWELL,1234678-H7CDD,2001-08-05T00:00,0.240,pg/m³,PCDD,
50902,SAGUENAY-PARC POWELL,1234678-H7CDD,2001-09-22T00:00,0.039,pg/m³,PCDD,
50902,SAGUENAY-PARC POWELL,1234678-H7CDD,2001-12-03T00:00,0.159,pg/m³,PCDD,
50902,SAGUENAY-PARC POWELL,1234678-H7CDD,2001-12-27T00:00,0.096,pg/m³,PCDD,
