﻿NAPS_Site_ID,Station_Name,Pollutant,Date,Value,Units,Report_Type,Method
60427,GAGE INSTITUTE,Isobutane,2014-01-04T19:00,1.048,µg/m³,VOC,
60427,GAGE INSTITUTE,Isobutane,2014-01-10T19:00,1.534,µg/m³,VOC,
60427,GAGE INSTITUTE,Isobutane,2014-01-16T19:00,1.316,µg/m³,VOC,
60427,GAGE INSTITUTE,Isobutane,2014-01-22T19:00,1.804,µg/m³,VOC,
60427,GAGE INSTITUTE,Isobutane,2014-01-28T19:00,1.084,µg/m³,VOC,
60427,GAGE INSTITUTE,Isobutane,2014-02-03T19:00,3.130,µg/m³,VOC,
60427,GAGE INSTITUTE,Isobutane,2014-02-09T19:00,1.732,µg/m³,VOC,
60427,GAGE INSTITUTE,Isobutane,2014-02-15T19:00,1.108,µg/m³,VOC,
60427,GAGE INSTITUTE,Isobutane,2014-02-21T19:00,0.742,µg/m³,VOC,
60427,GAGE INSTITUTE,Isobutane,2014-02-27T19:00,1.126,µg/m³,VOC,
60427,GAGE INSTITUTE,Isobutane,2014-03-05T19:00,0.744,µg/m³,VOC,
60427,GAGE INSTITUTE,Isobutane,2014-03-11T20:00,1.004,µg/m³,VOC,
60427,GAGE INSTITUTE,Isobutane,2014-03-17T20:00,0.656,µg/m³,VOC,
60427,GAGE INSTITUTE,Isobutane,2014-03-23T20:00,1.144,µg/m³,VOC,
60427,GAGE INSTITUTE,Isobutane,2014-03-29T20:00,0.486,µg/m³,VOC,
60427,GAGE INSTITUTE,Isobutane,2014-04-04T20:00,0.648,µg/m³,VOC,
60427,GAGE INSTITUTE,Isobutane,2014-04-10T20:00,1.542,µg/m³,VOC,
60427,GAGE INSTITUTE,Isobutane,2014-04-16T20:00,0.416,µg/m³,VOC,
60427,GAGE INSTITUTE,Isobutane,2014-04-22T20:00,0.534,µg/m³,VOC,
60427,GAGE INSTITUTE,Isobutane,2014-04-28T20:00,0.444,µg/m³,VOC,
60427,GAGE INSTITUTE,Isobutane,2014-05-04T20:00,0.558,µg/m³,VOC,
60427,GAGE INSTITUTE,Isobutane,2014-05-10T20:00,1.290,µg/m³,VOC,
60427,GAGE INSTITUTE,Isobutane,2014-05-16T20:00,1.346,µg/m³,VOC,
60427,GAGE INSTITUTE,Isobutane,2014-05-22T20:00,0.558,µg/m³,VOC,
60427,GAGE INSTITUTE,Isobutane,2014-05-28T20:00,0.472,µg/m³,VOC,
60427,GAGE INSTITUTE,Isobutane,2014-06-03T20:00,0.686,µg/m³,VOC,
60427,GAGE INSTITUTE,Isobutane,2014-06-09T20:00,1.354,µg/m³,VOC,
60427,GAGE INSTITUTE,Isobutane,2014-06-15T20:00,0.938,µg/m³,VOC,
60427,GAGE INSTITUTE,Isobutane,2014-06-21T20:00,1.000,µg/m³,VOC,
