﻿NAPS_Site_ID,Station_Name,Pollutant,Date,Value,Units,Report_Type,Method
40203,FOREST HILLS,Freon 12,2019-01-03T00:00,2.472,µg/m³,VOC,GC-MS
40203,FOREST HILLS,Freon 12,2019-01-09T00:00,2.411,µg/m³,VOC,GC-MS
40203,FOREST HILLS,Freon 12,2019-01-15T00:00,2.499,µg/m³,VOC,GC-MS
40203,FOREST HILLS,Freon 12,2019-01-21T00:00,2.457,µg/m³,VOC,GC-MS
40203,FOREST HILLS,Freon 12,2019-01-27T00:00,2.471,µg/m³,VOC,GC-MS
40203,FOREST HILLS,Freon 12,2019-02-02T00:00,1.990,µg/m³,VOC,GC-MS
40203,FOREST HILLS,Freon 12,2019-02-20T00:00,2.260,µg/m³,VOC,GC-MS
40203,FOREST HILLS,Freon 12,2019-02-27T00:00,2.036,µg/m³,VOC,GC-MS
40203,FOREST HILLS,Freon 12,2019-03-04T00:00,2.250,µg/m³,VOC,GC-MS
40203,FOREST HILLS,Freon 12,2019-03-10T00:00,2.020,µg/m³,VOC,GC-MS
40203,FOREST HILLS,Freon 12,2019-03-16T00:00,1.908,µg/m³,VOC,GC-MS
40203,FOREST HILLS,Freon 12,2019-03-22T00:00,1.883,µg/m³,VOC,GC-MS
40203,FOREST HILLS,Freon 12,2019-03-28T00:00,1.992,µg/m³,VOC,GC-MS
40203,FOREST HILLS,Freon 12,2019-04-03T00:00,2.078,µg/m³,VOC,GC-MS
40203,FOREST HILLS,Freon 12,2019-04-09T00:00,2.089,µg/m³,VOC,GC-MS
40203,FOREST HILLS,Freon 12,2019-05-03T00:00,2.349,µg/m³,VOC,GC-MS
40203,FOREST HILLS,Freon 12,2019-05-09T00:00,2.311,µg/m³,VOC,GC-MS
40203,FOREST HILLS,Freon 12,2019-05-15T00:00,2.303,µg/m³,VOC,GC-MS
40203,FOREST HILLS,Freon 12,2019-05-27T00:00,2.364,µg/m³,VOC,GC-MS
40203,FOREST HILLS,Freon 12,2019-06-02T00:00,2.371,µg/m³,VOC,GC-MS
40203,FOREST HILLS,Freon 12,2019-06-08T00:00,2.447,µg/m³,VOC,GC-MS
40203,FOREST HILLS,Freon 12,2019-06-14T00:00,2.574,µg/m³,VOC,GC-MS
40203,FOREST HILLS,Freon 12,2019-06-20T00:00,2.575,µg/m³,VOC,GC-MS
40203,FOREST HILLS,Freon 12,2019-06-26T00:00,2.562,µg/m³,VOC,GC-MS
40203,FOREST HILLS,Freon 12,2019-07-02T00:00,2.442,µg/m³,VOC,GC-MS
40203,FOREST HILLS,Freon 12,2019-07-08T00:00,2.292,µg/m³,VOC,GC-MS
40203,FOREST HILLS,Freon 12,2019-07-14T00:00,2.323,µg/m³,VOC,GC-MS
40203,FOREST HILLS,Freon 12,2019-07-20T00:00,2.480,µg/m³,VOC,GC-MS
40203,FOREST HILLS,Freon 12,2019-07-26T00:00,2.177,µg/m³,VOC,GC-MS
40203,FOREST HILLS,Freon 12,2019-08-01T00:00,2.169,µg/m³,VOC,GC-MS
40203,FOREST HILLS,Freon 12,2019-08-07T00:00,2.156,µg/m³,VOC,GC-MS
40203,FOREST HILLS,Freon 12,2019-08-13T00:00,2.047,µg/m³,VOC,GC-MS
40203,FOREST HILLS,Freon 12,2019-08-19T00:00,2.365,µg/m³,VOC,GC-MS
40203,FOREST HILLS,Freon 12,2019-08-25T00:00,2.604,µg/m³,VOC,GC-MS
40203,FOREST HILLS,Freon 12,2019-08-31T00:00,2.166,µg/m³,VOC,GC-MS
40203,FOREST HILLS,Freon 12,2019-09-06T00:00,2.513,µg/m³,VOC,GC-MS
40203,FOREST HILLS,Freon 12,2019-09-18T00:00,2.501,µg/m³,VOC,GC-MS
40203,FOREST HILLS,Freon 12,2019-09-24T00:00,2.212,µg/m³,VOC,GC-MS
40203,FOREST HILLS,Freon 12,2019-10-12T00:00,2.165,µg/m³,VOC,GC-MS
40203,FOREST HILLS,Freon 12,2019-10-18T00:00,2.153,µg/m³,VOC,GC-MS
40203,FOREST HILLS,Freon 12,2019-10-24T00:00,2.617,µg/m³,VOC,GC-MS
40203,FOREST HILLS,Freon 12,2019-10-30T00:00,2.612,µg/m³,VOC,GC-MS
40203,FOREST HILLS,Freon 12,2019-11-05T00:00,2.649,µg/m³,VOC,GC-MS
40203,FOREST HILLS,Freon 12,2019-11-11T00:00,2.505,µg/m³,VOC,GC-MS
40203,FOREST HILLS,Freon 12,2019-11-17T00:00,2.530,µg/m³,VOC,GC-MS
40203,FOREST HILLS,Freon 12,2019-11-23T00:00,2.605,µg/m³,VOC,GC-MS
40203,FOREST HILLS,Freon 12,2019-11-29T00:00,2.583,µg/m³,VOC,GC-MS
40203,FOREST HILLS,Freon 12,2019-12-05T00:00,2.597,µg/m³,VOC,GC-MS
40203,FOREST HILLS,Freon 12,2019-12-11T00:00,2.839,µg/m³,VOC,GC-MS
40203,FOREST HILLS,Freon 12,2019-12-17T00:00,2.300,µg/m³,VOC,GC-MS
40203,FOREST HILLS,Freon 12,2019-12-23T00:00,2.683,µg/m³,VOC,GC-MS
