﻿NAPS_Site_ID,Station_Name,Pollutant,Date,Value,Units,Report_Type,Method
50121,BROSSARD-PARC OCÉANIE,m and p-Xylene,2001-01-01T00:00,0.370,µg/m³,VOC,
50121,BROSSARD-PARC OCÉANIE,m and p-Xylene,2001-01-07T00:00,2.570,µg/m³,VOC,
50121,BROSSARD-PARC OCÉANIE,m and p-Xylene,2001-01-13T00:00,2.050,µg/m³,VOC,
50121,BROSSARD-PARC OCÉANIE,m and p-Xylene,2001-01-19T00:00,2.440,µg/m³,VOC,
50121,BROSSARD-PARC OCÉANIE,m and p-Xylene,2001-01-25T00:00,1.540,µg/m³,VOC,
50121,BROSSARD-PARC OCÉANIE,m and p-Xylene,2001-01-31T00:00,1.040,µg/m³,VOC,
50121,BROSSARD-PARC OCÉANIE,m and p-Xylene,2001-02-06T00:00,2.050,µg/m³,VOC,
50121,BROSSARD-PARC OCÉANIE,m and p-Xylene,2001-02-12T00:00,1.570,µg/m³,VOC,
50121,BROSSARD-PARC OCÉANIE,m and p-Xylene,2001-02-18T00:00,0.860,µg/m³,VOC,
50121,BROSSARD-PARC OCÉANIE,m and p-Xylene,2001-02-24T00:00,1.200,µg/m³,VOC,
50121,BROSSARD-PARC OCÉANIE,m and p-Xylene,2001-03-02T00:00,2.310,µg/m³,VOC,
50121,BROSSARD-PARC OCÉANIE,m and p-Xylene,2001-03-08T00:00,3.970,µg/m³,VOC,
50121,BROSSARD-PARC OCÉANIE,m and p-Xylene,2001-03-14T00:00,0.720,µg/m³,VOC,
50121,BROSSARD-PARC OCÉANIE,m and p-Xylene,2001-03-20T00:00,2.200,µg/m³,VOC,
50121,BROSSARD-PARC OCÉANIE,m and p-Xylene,2001-03-26T00:00,0.960,µg/m³,VOC,
50121,BROSSARD-PARC OCÉANIE,m and p-Xylene,2001-04-01T00:00,0.390,µg/m³,VOC,
50121,BROSSARD-PARC OCÉANIE,m and p-Xylene,2001-04-07T00:00,0.730,µg/m³,VOC,
50121,BROSSARD-PARC OCÉANIE,m and p-Xylene,2001-04-13T00:00,0.540,µg/m³,VOC,
50121,BROSSARD-PARC OCÉANIE,m and p-Xylene,2001-04-19T00:00,1.170,µg/m³,VOC,
50121,BROSSARD-PARC OCÉANIE,m and p-Xylene,2001-04-25T00:00,7.140,µg/m³,VOC,
50121,BROSSARD-PARC OCÉANIE,m and p-Xylene,2001-05-01T00:00,0.810,µg/m³,VOC,
50121,BROSSARD-PARC OCÉANIE,m and p-Xylene,2001-05-07T00:00,1.780,µg/m³,VOC,
50121,BROSSARD-PARC OCÉANIE,m and p-Xylene,2001-05-13T00:00,2.300,µg/m³,VOC,
50121,BROSSARD-PARC OCÉANIE,m and p-Xylene,2001-05-19T00:00,2.220,µg/m³,VOC,
50121,BROSSARD-PARC OCÉANIE,m and p-Xylene,2001-05-25T00:00,1.460,µg/m³,VOC,
50121,BROSSARD-PARC OCÉANIE,m and p-Xylene,2001-05-31T00:00,1.600,µg/m³,VOC,
50121,BROSSARD-PARC OCÉANIE,m and p-Xylene,2001-06-06T00:00,1.260,µg/m³,VOC,
50121,BROSSARD-PARC OCÉANIE,m and p-Xylene,2001-06-12T00:00,22.720,µg/m³,VOC,
50121,BROSSARD-PARC OCÉANIE,m and p-Xylene,2001-06-18T00:00,1.760,µg/m³,VOC,
50121,BROSSARD-PARC OCÉANIE,m and p-Xylene,2001-06-24T00:00,0.600,µg/m³,VOC,
50121,BROSSARD-PARC OCÉANIE,m and p-Xylene,2001-07-12T00:00,0.800,µg/m³,VOC,
50121,BROSSARD-PARC OCÉANIE,m and p-Xylene,2001-07-18T00:00,2.070,µg/m³,VOC,
50121,BROSSARD-PARC OCÉANIE,m and p-Xylene,2001-07-24T00:00,3.990,µg/m³,VOC,
50121,BROSSARD-PARC OCÉANIE,m and p-Xylene,2001-07-30T00:00,0.860,µg/m³,VOC,
50121,BROSSARD-PARC OCÉANIE,m and p-Xylene,2001-08-05T00:00,1.900,µg/m³,VOC,
50121,BROSSARD-PARC OCÉANIE,m and p-Xylene,2001-08-11T00:00,1.120,µg/m³,VOC,
50121,BROSSARD-PARC OCÉANIE,m and p-Xylene,2001-08-17T00:00,0.830,µg/m³,VOC,
50121,BROSSARD-PARC OCÉANIE,m and p-Xylene,2001-08-23T00:00,2.450,µg/m³,VOC,
50121,BROSSARD-PARC OCÉANIE,m and p-Xylene,2001-08-29T00:00,2.670,µg/m³,VOC,
50121,BROSSARD-PARC OCÉANIE,m and p-Xylene,2001-09-04T00:00,0.990,µg/m³,VOC,
50121,BROSSARD-PARC OCÉANIE,m and p-Xylene,2001-09-10T00:00,0.740,µg/m³,VOC,
50121,BROSSARD-PARC OCÉANIE,m and p-Xylene,2001-09-16T00:00,0.710,µg/m³,VOC,
50121,BROSSARD-PARC OCÉANIE,m and p-Xylene,2001-09-28T00:00,1.870,µg/m³,VOC,
50121,BROSSARD-PARC OCÉANIE,m and p-Xylene,2001-10-04T00:00,0.820,µg/m³,VOC,
50121,BROSSARD-PARC OCÉANIE,m and p-Xylene,2001-10-10T00:00,1.310,µg/m³,VOC,
50121,BROSSARD-PARC OCÉANIE,m and p-Xylene,2001-10-16T00:00,0.510,µg/m³,VOC,
50121,BROSSARD-PARC OCÉANIE,m and p-Xylene,2001-10-22T00:00,12.020,µg/m³,VOC,
50121,BROSSARD-PARC OCÉANIE,m and p-Xylene,2001-10-28T00:00,0.890,µg/m³,VOC,
50121,BROSSARD-PARC OCÉANIE,m and p-Xylene,2001-11-03T00:00,0.970,µg/m³,VOC,
50121,BROSSARD-PARC OCÉANIE,m and p-Xylene,2001-11-09T00:00,1.410,µg/m³,VOC,
50121,BROSSARD-PARC OCÉANIE,m and p-Xylene,2001-11-15T00:00,2.310,µg/m³,VOC,
50121,BROSSARD-PARC OCÉANIE,m and p-Xylene,2001-11-21T00:00,1.170,µg/m³,VOC,
50121,BROSSARD-PARC OCÉANIE,m and p-Xylene,2001-11-27T00:00,0.650,µg/m³,VOC,
50121,BROSSARD-PARC OCÉANIE,m and p-Xylene,2001-12-03T00:00,0.830,µg/m³,VOC,
50121,BROSSARD-PARC OCÉANIE,m and p-Xylene,2001-12-09T00:00,1.570,µg/m³,VOC,
50121,BROSSARD-PARC OCÉANIE,m and p-Xylene,2001-12-15T00:00,1.790,µg/m³,VOC,
50121,BROSSARD-PARC OCÉANIE,m and p-Xylene,2001-12-21T00:00,1.980,µg/m³,VOC,
50121,BROSSARD-PARC OCÉANIE,m and p-Xylene,2001-12-27T00:00,0.810,µg/m³,VOC,
