﻿NAPS_Site_ID,Station_Name,Pollutant,Date,Value,Units,Report_Type,Method
100119,BURNABY SOUTH,Methylcyclopentane,2001-05-13T00:00,0.350,µg/m³,VOC,N/A
100119,BURNABY SOUTH,Methylcyclopentane,2001-05-25T00:00,0.450,µg/m³,VOC,N/A
100119,BURNABY SOUTH,Methylcyclopentane,2001-05-31T00:00,0.530,µg/m³,VOC,N/A
100119,BURNABY SOUTH,Methylcyclopentane,2001-06-03T00:00,0.160,µg/m³,VOC,N/A
100119,BURNABY SOUTH,Methylcyclopentane,2001-06-06T00:00,0.230,µg/m³,VOC,N/A
100119,BURNABY SOUTH,Methylcyclopentane,2001-06-09T00:00,0.140,µg/m³,VOC,N/A
100119,BURNABY SOUTH,Methylcyclopentane,2001-06-12T00:00,0.190,µg/m³,VOC,N/A
100119,BURNABY SOUTH,Methylcyclopentane,2001-06-15T00:00,0.270,µg/m³,VOC,N/A
100119,BURNABY SOUTH,Methylcyclopentane,2001-06-18T00:00,0.270,µg/m³,VOC,N/A
100119,BURNABY SOUTH,Methylcyclopentane,2001-06-21T00:00,0.340,µg/m³,VOC,N/A
100119,BURNABY SOUTH,Methylcyclopentane,2001-06-24T00:00,0.140,µg/m³,VOC,N/A
100119,BURNABY SOUTH,Methylcyclopentane,2001-06-27T00:00,0.340,µg/m³,VOC,N/A
100119,BURNABY SOUTH,Methylcyclopentane,2001-06-30T00:00,0.330,µg/m³,VOC,N/A
100119,BURNABY SOUTH,Methylcyclopentane,2001-07-03T00:00,0.380,µg/m³,VOC,N/A
100119,BURNABY SOUTH,Methylcyclopentane,2001-07-06T00:00,0.270,µg/m³,VOC,N/A
100119,BURNABY SOUTH,Methylcyclopentane,2001-07-09T00:00,0.480,µg/m³,VOC,N/A
100119,BURNABY SOUTH,Methylcyclopentane,2001-07-12T00:00,0.440,µg/m³,VOC,N/A
100119,BURNABY SOUTH,Methylcyclopentane,2001-07-15T00:00,0.210,µg/m³,VOC,N/A
100119,BURNABY SOUTH,Methylcyclopentane,2001-07-18T00:00,0.270,µg/m³,VOC,N/A
100119,BURNABY SOUTH,Methylcyclopentane,2001-07-21T00:00,0.180,µg/m³,VOC,N/A
100119,BURNABY SOUTH,Methylcyclopentane,2001-07-24T00:00,0.260,µg/m³,VOC,N/A
100119,BURNABY SOUTH,Methylcyclopentane,2001-07-27T00:00,0.220,µg/m³,VOC,N/A
100119,BURNABY SOUTH,Methylcyclopentane,2001-07-30T00:00,0.380,µg/m³,VOC,N/A
100119,BURNABY SOUTH,Methylcyclopentane,2001-08-02T00:00,0.390,µg/m³,VOC,N/A
100119,BURNABY SOUTH,Methylcyclopentane,2001-08-05T00:00,0.340,µg/m³,VOC,N/A
100119,BURNABY SOUTH,Methylcyclopentane,2001-08-08T00:00,0.410,µg/m³,VOC,N/A
100119,BURNABY SOUTH,Methylcyclopentane,2001-08-11T00:00,0.610,µg/m³,VOC,N/A
100119,BURNABY SOUTH,Methylcyclopentane,2001-08-14T00:00,0.400,µg/m³,VOC,N/A
100119,BURNABY SOUTH,Methylcyclopentane,2001-08-17T00:00,0.310,µg/m³,VOC,N/A
100119,BURNABY SOUTH,Methylcyclopentane,2001-08-23T00:00,0.300,µg/m³,VOC,N/A
100119,BURNABY SOUTH,Methylcyclopentane,2001-09-01T00:00,0.280,µg/m³,VOC,N/A
100119,BURNABY SOUTH,Methylcyclopentane,2001-09-13T00:00,0.760,µg/m³,VOC,N/A
100119,BURNABY SOUTH,Methylcyclopentane,2001-09-16T00:00,0.460,µg/m³,VOC,N/A
100119,BURNABY SOUTH,Methylcyclopentane,2001-09-19T00:00,0.580,µg/m³,VOC,N/A
100119,BURNABY SOUTH,Methylcyclopentane,2001-09-22T00:00,0.910,µg/m³,VOC,N/A
100119,BURNABY SOUTH,Methylcyclopentane,2001-09-25T00:00,0.570,µg/m³,VOC,N/A
100119,BURNABY SOUTH,Methylcyclopentane,2001-09-28T00:00,0.800,µg/m³,VOC,N/A
100119,BURNABY SOUTH,Methylcyclopentane,2001-10-04T00:00,0.800,µg/m³,VOC,N/A
100119,BURNABY SOUTH,Methylcyclopentane,2001-10-07T00:00,0.370,µg/m³,VOC,N/A
100119,BURNABY SOUTH,Methylcyclopentane,2001-10-10T00:00,0.590,µg/m³,VOC,N/A
100119,BURNABY SOUTH,Methylcyclopentane,2001-10-13T00:00,0.320,µg/m³,VOC,N/A
100119,BURNABY SOUTH,Methylcyclopentane,2001-10-16T00:00,0.440,µg/m³,VOC,N/A
100119,BURNABY SOUTH,Methylcyclopentane,2001-10-22T00:00,0.340,µg/m³,VOC,N/A
100119,BURNABY SOUTH,Methylcyclopentane,2001-10-25T00:00,0.490,µg/m³,VOC,N/A
100119,BURNABY SOUTH,Methylcyclopentane,2001-10-28T00:00,0.610,µg/m³,VOC,N/A
100119,BURNABY SOUTH,Methylcyclopentane,2001-10-31T00:00,0.230,µg/m³,VOC,N/A
100119,BURNABY SOUTH,Methylcyclopentane,2001-11-03T00:00,1.190,µg/m³,VOC,N/A
100119,BURNABY SOUTH,Methylcyclopentane,2001-11-06T00:00,0.680,µg/m³,VOC,N/A
100119,BURNABY SOUTH,Methylcyclopentane,2001-11-09T00:00,1.160,µg/m³,VOC,N/A
100119,BURNABY SOUTH,Methylcyclopentane,2001-11-12T00:00,0.550,µg/m³,VOC,N/A
100119,BURNABY SOUTH,Methylcyclopentane,2001-11-15T00:00,0.250,µg/m³,VOC,N/A
100119,BURNABY SOUTH,Methylcyclopentane,2001-11-18T00:00,0.530,µg/m³,VOC,N/A
100119,BURNABY SOUTH,Methylcyclopentane,2001-11-21T00:00,0.430,µg/m³,VOC,N/A
100119,BURNABY SOUTH,Methylcyclopentane,2001-11-24T00:00,0.690,µg/m³,VOC,N/A
100119,BURNABY SOUTH,Methylcyclopentane,2001-11-27T00:00,0.770,µg/m³,VOC,N/A
100119,BURNABY SOUTH,Methylcyclopentane,2001-12-03T00:00,0.650,µg/m³,VOC,N/A
100119,BURNABY SOUTH,Methylcyclopentane,2001-12-06T00:00,0.470,µg/m³,VOC,N/A
100119,BURNABY SOUTH,Methylcyclopentane,2001-12-09T00:00,0.310,µg/m³,VOC,N/A
100119,BURNABY SOUTH,Methylcyclopentane,2001-12-12T00:00,0.480,µg/m³,VOC,N/A
100119,BURNABY SOUTH,Methylcyclopentane,2001-12-15T00:00,0.200,µg/m³,VOC,N/A
100119,BURNABY SOUTH,Methylcyclopentane,2001-12-18T00:00,0.200,µg/m³,VOC,N/A
100119,BURNABY SOUTH,Methylcyclopentane,2001-12-21T00:00,0.900,µg/m³,VOC,N/A
100119,BURNABY SOUTH,Methylcyclopentane,2001-12-24T00:00,0.590,µg/m³,VOC,N/A
100119,BURNABY SOUTH,Methylcyclopentane,2001-12-30T00:00,0.760,µg/m³,VOC,N/A
