﻿NAPS_Site_ID,Station_Name,Pollutant,Date,Value,Units,Report_Type,Method
90227,CALGARY CENTRAL,"1,3-Diethylbenzene",1995-01-03T00:00,0.092,µg/m³,VOC,
90227,CALGARY CENTRAL,"1,3-Diethylbenzene",1995-01-09T00:00,0.260,µg/m³,VOC,
90227,CALGARY CENTRAL,"1,3-Diethylbenzene",1995-01-15T00:00,0.048,µg/m³,VOC,
90227,CALGARY CENTRAL,"1,3-Diethylbenzene",1995-01-21T00:00,0.093,µg/m³,VOC,
90227,CALGARY CENTRAL,"1,3-Diethylbenzene",1995-01-27T00:00,0.336,µg/m³,VOC,
90227,CALGARY CENTRAL,"1,3-Diethylbenzene",1995-02-02T00:00,0.133,µg/m³,VOC,
90227,CALGARY CENTRAL,"1,3-Diethylbenzene",1995-02-08T00:00,0.081,µg/m³,VOC,
90227,CALGARY CENTRAL,"1,3-Diethylbenzene",1995-02-14T00:00,0.031,µg/m³,VOC,
90227,CALGARY CENTRAL,"1,3-Diethylbenzene",1995-02-20T00:00,0.098,µg/m³,VOC,
90227,CALGARY CENTRAL,"1,3-Diethylbenzene",1995-02-26T00:00,0.013,µg/m³,VOC,
90227,CALGARY CENTRAL,"1,3-Diethylbenzene",1995-03-04T00:00,0.046,µg/m³,VOC,
90227,CALGARY CENTRAL,"1,3-Diethylbenzene",1995-03-10T00:00,0.099,µg/m³,VOC,
90227,CALGARY CENTRAL,"1,3-Diethylbenzene",1995-03-16T00:00,0.079,µg/m³,VOC,
90227,CALGARY CENTRAL,"1,3-Diethylbenzene",1995-03-22T00:00,0.063,µg/m³,VOC,
90227,CALGARY CENTRAL,"1,3-Diethylbenzene",1995-03-28T00:00,0.059,µg/m³,VOC,
90227,CALGARY CENTRAL,"1,3-Diethylbenzene",1995-04-03T00:00,0.030,µg/m³,VOC,
90227,CALGARY CENTRAL,"1,3-Diethylbenzene",1995-04-09T00:00,0.019,µg/m³,VOC,
90227,CALGARY CENTRAL,"1,3-Diethylbenzene",1995-04-15T00:00,0.021,µg/m³,VOC,
90227,CALGARY CENTRAL,"1,3-Diethylbenzene",1995-04-21T00:00,0.044,µg/m³,VOC,
90227,CALGARY CENTRAL,"1,3-Diethylbenzene",1995-04-27T00:00,0.043,µg/m³,VOC,
90227,CALGARY CENTRAL,"1,3-Diethylbenzene",1995-05-09T00:00,0.039,µg/m³,VOC,
90227,CALGARY CENTRAL,"1,3-Diethylbenzene",1995-05-15T00:00,0.046,µg/m³,VOC,
90227,CALGARY CENTRAL,"1,3-Diethylbenzene",1995-05-21T00:00,0.048,µg/m³,VOC,
90227,CALGARY CENTRAL,"1,3-Diethylbenzene",1995-05-27T00:00,0.052,µg/m³,VOC,
90227,CALGARY CENTRAL,"1,3-Diethylbenzene",1995-06-02T00:00,0.085,µg/m³,VOC,
90227,CALGARY CENTRAL,"1,3-Diethylbenzene",1995-06-08T00:00,0.035,µg/m³,VOC,
90227,CALGARY CENTRAL,"1,3-Diethylbenzene",1995-06-14T00:00,0.012,µg/m³,VOC,
90227,CALGARY CENTRAL,"1,3-Diethylbenzene",1995-06-20T00:00,0.042,µg/m³,VOC,
90227,CALGARY CENTRAL,"1,3-Diethylbenzene",1995-06-26T00:00,0.046,µg/m³,VOC,
90227,CALGARY CENTRAL,"1,3-Diethylbenzene",1995-07-02T00:00,0.032,µg/m³,VOC,
90227,CALGARY CENTRAL,"1,3-Diethylbenzene",1995-07-08T00:00,0.054,µg/m³,VOC,
90227,CALGARY CENTRAL,"1,3-Diethylbenzene",1995-07-14T00:00,0.060,µg/m³,VOC,
90227,CALGARY CENTRAL,"1,3-Diethylbenzene",1995-07-20T00:00,0.039,µg/m³,VOC,
90227,CALGARY CENTRAL,"1,3-Diethylbenzene",1995-07-26T00:00,0.034,µg/m³,VOC,
90227,CALGARY CENTRAL,"1,3-Diethylbenzene",1995-08-01T00:00,0.039,µg/m³,VOC,
90227,CALGARY CENTRAL,"1,3-Diethylbenzene",1995-08-07T00:00,0.031,µg/m³,VOC,
90227,CALGARY CENTRAL,"1,3-Diethylbenzene",1995-08-19T00:00,0.161,µg/m³,VOC,
90227,CALGARY CENTRAL,"1,3-Diethylbenzene",1995-08-25T00:00,0.056,µg/m³,VOC,
90227,CALGARY CENTRAL,"1,3-Diethylbenzene",1995-08-31T00:00,0.049,µg/m³,VOC,
90227,CALGARY CENTRAL,"1,3-Diethylbenzene",1995-09-06T00:00,0.086,µg/m³,VOC,
90227,CALGARY CENTRAL,"1,3-Diethylbenzene",1995-09-12T00:00,0.257,µg/m³,VOC,
90227,CALGARY CENTRAL,"1,3-Diethylbenzene",1995-09-18T00:00,0.266,µg/m³,VOC,
90227,CALGARY CENTRAL,"1,3-Diethylbenzene",1995-09-24T00:00,0.162,µg/m³,VOC,
90227,CALGARY CENTRAL,"1,3-Diethylbenzene",1995-09-30T00:00,0.066,µg/m³,VOC,
90227,CALGARY CENTRAL,"1,3-Diethylbenzene",1995-10-06T00:00,0.246,µg/m³,VOC,
90227,CALGARY CENTRAL,"1,3-Diethylbenzene",1995-10-12T00:00,0.116,µg/m³,VOC,
90227,CALGARY CENTRAL,"1,3-Diethylbenzene",1995-10-18T00:00,0.060,µg/m³,VOC,
90227,CALGARY CENTRAL,"1,3-Diethylbenzene",1995-10-24T00:00,0.464,µg/m³,VOC,
90227,CALGARY CENTRAL,"1,3-Diethylbenzene",1995-10-30T00:00,0.125,µg/m³,VOC,
90227,CALGARY CENTRAL,"1,3-Diethylbenzene",1995-11-05T00:00,0.055,µg/m³,VOC,
90227,CALGARY CENTRAL,"1,3-Diethylbenzene",1995-11-11T00:00,0.163,µg/m³,VOC,
90227,CALGARY CENTRAL,"1,3-Diethylbenzene",1995-11-17T00:00,0.314,µg/m³,VOC,
90227,CALGARY CENTRAL,"1,3-Diethylbenzene",1995-11-23T00:00,0.444,µg/m³,VOC,
90227,CALGARY CENTRAL,"1,3-Diethylbenzene",1995-11-29T00:00,0.112,µg/m³,VOC,
90227,CALGARY CENTRAL,"1,3-Diethylbenzene",1995-12-05T00:00,0.156,µg/m³,VOC,
90227,CALGARY CENTRAL,"1,3-Diethylbenzene",1995-12-11T00:00,0.086,µg/m³,VOC,
90227,CALGARY CENTRAL,"1,3-Diethylbenzene",1995-12-17T00:00,0.165,µg/m³,VOC,
90227,CALGARY CENTRAL,"1,3-Diethylbenzene",1995-12-23T00:00,0.036,µg/m³,VOC,
90227,CALGARY CENTRAL,"1,3-Diethylbenzene",1995-12-29T00:00,0.143,µg/m³,VOC,
