﻿NAPS_Site_ID,Station_Name,Pollutant,Date,Value,Units,Report_Type,Method
70119,ELLEN,P5CDF,2000-01-07T00:00,0.057,pg/m³,PCDD,GC-MS
70119,ELLEN,P5CDF,2000-01-31T00:00,0.018,pg/m³,PCDD,GC-MS
70119,ELLEN,P5CDF,2000-02-24T00:00,0.183,pg/m³,PCDD,GC-MS
70119,ELLEN,P5CDF,2000-03-19T00:00,0.011,pg/m³,PCDD,GC-MS
70119,ELLEN,P5CDF,2000-04-12T00:00,0.015,pg/m³,PCDD,GC-MS
70119,ELLEN,P5CDF,2000-05-06T00:00,0.034,pg/m³,PCDD,GC-MS
70119,ELLEN,P5CDF,2000-05-30T00:00,0.034,pg/m³,PCDD,GC-MS
70119,ELLEN,P5CDF,2000-06-23T00:00,0.060,pg/m³,PCDD,GC-MS
70119,ELLEN,P5CDF,2000-09-27T00:00,0.011,pg/m³,PCDD,GC-MS
70119,ELLEN,P5CDF,2000-11-14T00:00,0.110,pg/m³,PCDD,GC-MS
70119,ELLEN,P5CDF,2000-12-08T00:00,0.033,pg/m³,PCDD,GC-MS
