﻿NAPS_Site_ID,Station_Name,Pollutant,Date,Value,Units,Report_Type,Method
100127,SURREY EAST,"1,2-Diethylbenzene",2005-01-16T00:00,0.001,µg/m³,VOC,GC-MS
100127,SURREY EAST,"1,2-Diethylbenzene",2005-02-03T00:00,0.006,µg/m³,VOC,GC-MS
100127,SURREY EAST,"1,2-Diethylbenzene",2005-02-21T00:00,0.004,µg/m³,VOC,GC-MS
100127,SURREY EAST,"1,2-Diethylbenzene",2005-03-11T00:00,0.009,µg/m³,VOC,GC-MS
100127,SURREY EAST,"1,2-Diethylbenzene",2005-03-29T00:00,0.003,µg/m³,VOC,GC-MS
100127,SURREY EAST,"1,2-Diethylbenzene",2005-04-16T00:00,0.002,µg/m³,VOC,GC-MS
100127,SURREY EAST,"1,2-Diethylbenzene",2005-05-04T00:00,0.005,µg/m³,VOC,GC-MS
100127,SURREY EAST,"1,2-Diethylbenzene",2005-05-22T00:00,0.000,µg/m³,VOC,GC-MS
100127,SURREY EAST,"1,2-Diethylbenzene",2005-06-09T00:00,0.008,µg/m³,VOC,GC-MS
100127,SURREY EAST,"1,2-Diethylbenzene",2005-07-15T00:00,0.005,µg/m³,VOC,GC-MS
100127,SURREY EAST,"1,2-Diethylbenzene",2005-08-26T00:00,0.007,µg/m³,VOC,GC-MS
100127,SURREY EAST,"1,2-Diethylbenzene",2005-09-07T00:00,0.004,µg/m³,VOC,GC-MS
100127,SURREY EAST,"1,2-Diethylbenzene",2005-10-13T00:00,0.007,µg/m³,VOC,GC-MS
100127,SURREY EAST,"1,2-Diethylbenzene",2005-11-18T00:00,0.019,µg/m³,VOC,GC-MS
100127,SURREY EAST,"1,2-Diethylbenzene",2005-12-12T00:00,0.010,µg/m³,VOC,GC-MS
100127,SURREY EAST,"1,2-Diethylbenzene",2005-12-24T00:00,0.000,µg/m³,VOC,GC-MS
