﻿NAPS_Site_ID,Station_Name,Pollutant,Date,Value,Units,Report_Type,Method
63601,LONGWOODS CONS. AUTHORITY,2-Methylhexane,2022-11-25T00:00,0.014,µg/m³,VOC,GC-MS
63601,LONGWOODS CONS. AUTHORITY,2-Methylhexane,2022-12-01T00:00,0.038,µg/m³,VOC,GC-MS
63601,LONGWOODS CONS. AUTHORITY,2-Methylhexane,2022-12-07T00:00,0.100,µg/m³,VOC,GC-MS
63601,LONGWOODS CONS. AUTHORITY,2-Methylhexane,2022-12-13T00:00,0.090,µg/m³,VOC,GC-MS
63601,LONGWOODS CONS. AUTHORITY,2-Methylhexane,2022-12-19T00:00,0.024,µg/m³,VOC,GC-MS
63601,LONGWOODS CONS. AUTHORITY,2-Methylhexane,2022-12-25T00:00,0.048,µg/m³,VOC,GC-MS
