﻿NAPS_Site_ID,Station_Name,Pollutant,Date,Value,Units,Report_Type,Method
60413,CENTENNIAL PARK _ETOBICOKE WEST_,"1,2-Dichloroethane",1993-05-01T00:00,0.099,µg/m³,VOC,GC-MS
60413,CENTENNIAL PARK _ETOBICOKE WEST_,"1,2-Dichloroethane",1993-05-07T00:00,0.085,µg/m³,VOC,GC-MS
60413,CENTENNIAL PARK _ETOBICOKE WEST_,"1,2-Dichloroethane",1993-05-13T00:00,0.107,µg/m³,VOC,GC-MS
60413,CENTENNIAL PARK _ETOBICOKE WEST_,"1,2-Dichloroethane",1993-05-19T00:00,0.150,µg/m³,VOC,GC-MS
60413,CENTENNIAL PARK _ETOBICOKE WEST_,"1,2-Dichloroethane",1993-05-25T00:00,0.092,µg/m³,VOC,GC-MS
60413,CENTENNIAL PARK _ETOBICOKE WEST_,"1,2-Dichloroethane",1993-05-31T00:00,0.098,µg/m³,VOC,GC-MS
60413,CENTENNIAL PARK _ETOBICOKE WEST_,"1,2-Dichloroethane",1993-06-06T00:00,0.000,µg/m³,VOC,GC-MS
60413,CENTENNIAL PARK _ETOBICOKE WEST_,"1,2-Dichloroethane",1993-06-12T00:00,0.089,µg/m³,VOC,GC-MS
60413,CENTENNIAL PARK _ETOBICOKE WEST_,"1,2-Dichloroethane",1993-06-18T00:00,0.052,µg/m³,VOC,GC-MS
60413,CENTENNIAL PARK _ETOBICOKE WEST_,"1,2-Dichloroethane",1993-06-24T00:00,0.000,µg/m³,VOC,GC-MS
60413,CENTENNIAL PARK _ETOBICOKE WEST_,"1,2-Dichloroethane",1993-06-30T00:00,0.000,µg/m³,VOC,GC-MS
60413,CENTENNIAL PARK _ETOBICOKE WEST_,"1,2-Dichloroethane",1993-07-12T00:00,0.054,µg/m³,VOC,GC-MS
60413,CENTENNIAL PARK _ETOBICOKE WEST_,"1,2-Dichloroethane",1993-07-18T00:00,0.058,µg/m³,VOC,GC-MS
60413,CENTENNIAL PARK _ETOBICOKE WEST_,"1,2-Dichloroethane",1993-08-05T00:00,0.066,µg/m³,VOC,GC-MS
60413,CENTENNIAL PARK _ETOBICOKE WEST_,"1,2-Dichloroethane",1993-08-11T00:00,0.090,µg/m³,VOC,GC-MS
60413,CENTENNIAL PARK _ETOBICOKE WEST_,"1,2-Dichloroethane",1993-08-29T00:00,0.057,µg/m³,VOC,GC-MS
60413,CENTENNIAL PARK _ETOBICOKE WEST_,"1,2-Dichloroethane",1993-09-04T00:00,0.000,µg/m³,VOC,GC-MS
60413,CENTENNIAL PARK _ETOBICOKE WEST_,"1,2-Dichloroethane",1993-09-10T00:00,0.000,µg/m³,VOC,GC-MS
60413,CENTENNIAL PARK _ETOBICOKE WEST_,"1,2-Dichloroethane",1993-09-16T00:00,0.106,µg/m³,VOC,GC-MS
60413,CENTENNIAL PARK _ETOBICOKE WEST_,"1,2-Dichloroethane",1993-09-22T00:00,0.092,µg/m³,VOC,GC-MS
60413,CENTENNIAL PARK _ETOBICOKE WEST_,"1,2-Dichloroethane",1993-10-10T00:00,0.090,µg/m³,VOC,GC-MS
60413,CENTENNIAL PARK _ETOBICOKE WEST_,"1,2-Dichloroethane",1993-10-16T00:00,0.000,µg/m³,VOC,GC-MS
60413,CENTENNIAL PARK _ETOBICOKE WEST_,"1,2-Dichloroethane",1993-10-22T00:00,0.121,µg/m³,VOC,GC-MS
60413,CENTENNIAL PARK _ETOBICOKE WEST_,"1,2-Dichloroethane",1993-11-09T00:00,0.108,µg/m³,VOC,GC-MS
60413,CENTENNIAL PARK _ETOBICOKE WEST_,"1,2-Dichloroethane",1993-11-15T00:00,0.107,µg/m³,VOC,GC-MS
60413,CENTENNIAL PARK _ETOBICOKE WEST_,"1,2-Dichloroethane",1993-11-21T00:00,0.000,µg/m³,VOC,GC-MS
60413,CENTENNIAL PARK _ETOBICOKE WEST_,"1,2-Dichloroethane",1993-11-27T00:00,0.097,µg/m³,VOC,GC-MS
60413,CENTENNIAL PARK _ETOBICOKE WEST_,"1,2-Dichloroethane",1993-12-03T00:00,0.167,µg/m³,VOC,GC-MS
60413,CENTENNIAL PARK _ETOBICOKE WEST_,"1,2-Dichloroethane",1993-12-09T00:00,0.118,µg/m³,VOC,GC-MS
60413,CENTENNIAL PARK _ETOBICOKE WEST_,"1,2-Dichloroethane",1993-12-15T00:00,0.084,µg/m³,VOC,GC-MS
60413,CENTENNIAL PARK _ETOBICOKE WEST_,"1,2-Dichloroethane",1993-12-21T00:00,0.000,µg/m³,VOC,GC-MS
60413,CENTENNIAL PARK _ETOBICOKE WEST_,"1,2-Dichloroethane",1993-12-27T00:00,0.132,µg/m³,VOC,GC-MS
