﻿NAPS_Site_ID,Station_Name,Pollutant,Date,Value,Units,Report_Type,Method
100118,KITSILANO,Lead,1990-01-11T00:00,0.037,µg/m³,DICHOT,EDXRF
100118,KITSILANO,Lead,1990-01-11T00:00,0.158,µg/m³,DICHOT,EDXRF
100118,KITSILANO,Lead,1990-01-18T00:00,0.039,µg/m³,DICHOT,EDXRF
100118,KITSILANO,Lead,1990-01-18T00:00,0.183,µg/m³,DICHOT,EDXRF
100118,KITSILANO,Lead,1990-01-23T00:00,0.005,µg/m³,DICHOT,EDXRF
100118,KITSILANO,Lead,1990-01-23T00:00,0.020,µg/m³,DICHOT,EDXRF
100118,KITSILANO,Lead,1990-01-29T00:00,0.014,µg/m³,DICHOT,EDXRF
100118,KITSILANO,Lead,1990-01-29T00:00,0.047,µg/m³,DICHOT,EDXRF
100118,KITSILANO,Lead,1990-02-04T00:00,0.010,µg/m³,DICHOT,EDXRF
100118,KITSILANO,Lead,1990-02-04T00:00,0.048,µg/m³,DICHOT,EDXRF
100118,KITSILANO,Lead,1990-02-10T00:00,0.011,µg/m³,DICHOT,EDXRF
100118,KITSILANO,Lead,1990-02-10T00:00,0.050,µg/m³,DICHOT,EDXRF
100118,KITSILANO,Lead,1990-02-16T00:00,0.016,µg/m³,DICHOT,EDXRF
100118,KITSILANO,Lead,1990-02-16T00:00,0.071,µg/m³,DICHOT,EDXRF
100118,KITSILANO,Lead,1990-02-22T00:00,0.021,µg/m³,DICHOT,EDXRF
100118,KITSILANO,Lead,1990-02-22T00:00,0.070,µg/m³,DICHOT,EDXRF
100118,KITSILANO,Lead,1990-02-28T00:00,0.023,µg/m³,DICHOT,EDXRF
100118,KITSILANO,Lead,1990-02-28T00:00,0.100,µg/m³,DICHOT,EDXRF
100118,KITSILANO,Lead,1990-03-06T00:00,0.008,µg/m³,DICHOT,EDXRF
100118,KITSILANO,Lead,1990-03-06T00:00,0.032,µg/m³,DICHOT,EDXRF
100118,KITSILANO,Lead,1990-03-12T00:00,0.009,µg/m³,DICHOT,EDXRF
100118,KITSILANO,Lead,1990-03-12T00:00,0.054,µg/m³,DICHOT,EDXRF
100118,KITSILANO,Lead,1990-03-18T00:00,0.010,µg/m³,DICHOT,EDXRF
100118,KITSILANO,Lead,1990-03-18T00:00,0.024,µg/m³,DICHOT,EDXRF
100118,KITSILANO,Lead,1990-03-24T00:00,0.018,µg/m³,DICHOT,EDXRF
100118,KITSILANO,Lead,1990-03-24T00:00,0.060,µg/m³,DICHOT,EDXRF
100118,KITSILANO,Lead,1990-03-30T00:00,0.015,µg/m³,DICHOT,EDXRF
100118,KITSILANO,Lead,1990-03-30T00:00,0.062,µg/m³,DICHOT,EDXRF
100118,KITSILANO,Lead,1990-04-05T00:00,0.010,µg/m³,DICHOT,EDXRF
100118,KITSILANO,Lead,1990-04-05T00:00,0.035,µg/m³,DICHOT,EDXRF
100118,KITSILANO,Lead,1990-04-11T00:00,0.009,µg/m³,DICHOT,EDXRF
100118,KITSILANO,Lead,1990-04-11T00:00,0.044,µg/m³,DICHOT,EDXRF
100118,KITSILANO,Lead,1990-04-17T00:00,0.007,µg/m³,DICHOT,EDXRF
100118,KITSILANO,Lead,1990-04-17T00:00,0.025,µg/m³,DICHOT,EDXRF
100118,KITSILANO,Lead,1990-04-23T00:00,0.003,µg/m³,DICHOT,EDXRF
100118,KITSILANO,Lead,1990-04-23T00:00,0.017,µg/m³,DICHOT,EDXRF
100118,KITSILANO,Lead,1990-04-29T00:00,0.004,µg/m³,DICHOT,EDXRF
100118,KITSILANO,Lead,1990-04-29T00:00,0.014,µg/m³,DICHOT,EDXRF
100118,KITSILANO,Lead,1990-05-05T00:00,0.009,µg/m³,DICHOT,EDXRF
100118,KITSILANO,Lead,1990-05-05T00:00,0.030,µg/m³,DICHOT,EDXRF
100118,KITSILANO,Lead,1990-05-11T00:00,0.011,µg/m³,DICHOT,EDXRF
100118,KITSILANO,Lead,1990-05-11T00:00,0.028,µg/m³,DICHOT,EDXRF
100118,KITSILANO,Lead,1990-05-17T00:00,0.005,µg/m³,DICHOT,EDXRF
100118,KITSILANO,Lead,1990-05-17T00:00,0.027,µg/m³,DICHOT,EDXRF
100118,KITSILANO,Lead,1990-05-23T00:00,0.005,µg/m³,DICHOT,EDXRF
100118,KITSILANO,Lead,1990-05-23T00:00,0.016,µg/m³,DICHOT,EDXRF
100118,KITSILANO,Lead,1990-05-29T00:00,0.004,µg/m³,DICHOT,EDXRF
100118,KITSILANO,Lead,1990-05-29T00:00,0.020,µg/m³,DICHOT,EDXRF
100118,KITSILANO,Lead,1990-06-04T00:00,0.004,µg/m³,DICHOT,EDXRF
100118,KITSILANO,Lead,1990-06-04T00:00,0.011,µg/m³,DICHOT,EDXRF
100118,KITSILANO,Lead,1990-06-16T00:00,0.005,µg/m³,DICHOT,EDXRF
100118,KITSILANO,Lead,1990-06-16T00:00,0.018,µg/m³,DICHOT,EDXRF
100118,KITSILANO,Lead,1990-06-22T00:00,0.006,µg/m³,DICHOT,EDXRF
100118,KITSILANO,Lead,1990-06-22T00:00,0.016,µg/m³,DICHOT,EDXRF
100118,KITSILANO,Lead,1990-06-28T00:00,0.007,µg/m³,DICHOT,EDXRF
100118,KITSILANO,Lead,1990-06-28T00:00,0.023,µg/m³,DICHOT,EDXRF
100118,KITSILANO,Lead,1990-07-04T00:00,0.006,µg/m³,DICHOT,EDXRF
100118,KITSILANO,Lead,1990-07-04T00:00,0.014,µg/m³,DICHOT,EDXRF
100118,KITSILANO,Lead,1990-07-10T00:00,0.007,µg/m³,DICHOT,EDXRF
100118,KITSILANO,Lead,1990-07-10T00:00,0.019,µg/m³,DICHOT,EDXRF
100118,KITSILANO,Lead,1990-07-16T00:00,0.003,µg/m³,DICHOT,EDXRF
100118,KITSILANO,Lead,1990-07-16T00:00,0.005,µg/m³,DICHOT,EDXRF
100118,KITSILANO,Lead,1990-07-22T00:00,0.008,µg/m³,DICHOT,EDXRF
100118,KITSILANO,Lead,1990-07-22T00:00,0.015,µg/m³,DICHOT,EDXRF
100118,KITSILANO,Lead,1990-07-28T00:00,0.005,µg/m³,DICHOT,EDXRF
100118,KITSILANO,Lead,1990-07-28T00:00,0.013,µg/m³,DICHOT,EDXRF
100118,KITSILANO,Lead,1990-08-09T00:00,0.021,µg/m³,DICHOT,EDXRF
100118,KITSILANO,Lead,1990-08-09T00:00,0.024,µg/m³,DICHOT,EDXRF
100118,KITSILANO,Lead,1990-08-15T00:00,0.010,µg/m³,DICHOT,EDXRF
100118,KITSILANO,Lead,1990-08-15T00:00,0.016,µg/m³,DICHOT,EDXRF
100118,KITSILANO,Lead,1990-08-21T00:00,0.012,µg/m³,DICHOT,EDXRF
100118,KITSILANO,Lead,1990-08-21T00:00,0.015,µg/m³,DICHOT,EDXRF
100118,KITSILANO,Lead,1990-08-27T00:00,0.011,µg/m³,DICHOT,EDXRF
100118,KITSILANO,Lead,1990-08-27T00:00,0.018,µg/m³,DICHOT,EDXRF
100118,KITSILANO,Lead,1990-09-02T00:00,0.006,µg/m³,DICHOT,EDXRF
100118,KITSILANO,Lead,1990-09-02T00:00,0.009,µg/m³,DICHOT,EDXRF
100118,KITSILANO,Lead,1990-09-08T00:00,0.003,µg/m³,DICHOT,EDXRF
100118,KITSILANO,Lead,1990-09-08T00:00,0.013,µg/m³,DICHOT,EDXRF
100118,KITSILANO,Lead,1990-09-14T00:00,0.008,µg/m³,DICHOT,EDXRF
100118,KITSILANO,Lead,1990-09-14T00:00,0.015,µg/m³,DICHOT,EDXRF
100118,KITSILANO,Lead,1990-09-20T00:00,0.008,µg/m³,DICHOT,EDXRF
100118,KITSILANO,Lead,1990-09-20T00:00,0.017,µg/m³,DICHOT,EDXRF
100118,KITSILANO,Lead,1990-09-26T00:00,0.006,µg/m³,DICHOT,EDXRF
100118,KITSILANO,Lead,1990-09-26T00:00,0.010,µg/m³,DICHOT,EDXRF
100118,KITSILANO,Lead,1990-10-02T00:00,0.003,µg/m³,DICHOT,EDXRF
100118,KITSILANO,Lead,1990-10-02T00:00,0.005,µg/m³,DICHOT,EDXRF
100118,KITSILANO,Lead,1990-10-08T00:00,0.004,µg/m³,DICHOT,EDXRF
100118,KITSILANO,Lead,1990-10-08T00:00,0.016,µg/m³,DICHOT,EDXRF
100118,KITSILANO,Lead,1990-10-14T00:00,0.002,µg/m³,DICHOT,EDXRF
100118,KITSILANO,Lead,1990-10-14T00:00,0.008,µg/m³,DICHOT,EDXRF
100118,KITSILANO,Lead,1990-10-20T00:00,0.004,µg/m³,DICHOT,EDXRF
100118,KITSILANO,Lead,1990-10-20T00:00,0.011,µg/m³,DICHOT,EDXRF
100118,KITSILANO,Lead,1990-10-26T00:00,0.007,µg/m³,DICHOT,EDXRF
100118,KITSILANO,Lead,1990-10-26T00:00,0.017,µg/m³,DICHOT,EDXRF
100118,KITSILANO,Lead,1990-11-01T00:00,0.012,µg/m³,DICHOT,EDXRF
100118,KITSILANO,Lead,1990-11-01T00:00,0.030,µg/m³,DICHOT,EDXRF
100118,KITSILANO,Lead,1990-11-07T00:00,0.011,µg/m³,DICHOT,EDXRF
100118,KITSILANO,Lead,1990-11-07T00:00,0.028,µg/m³,DICHOT,EDXRF
100118,KITSILANO,Lead,1990-11-13T00:00,0.006,µg/m³,DICHOT,EDXRF
100118,KITSILANO,Lead,1990-11-13T00:00,0.008,µg/m³,DICHOT,EDXRF
100118,KITSILANO,Lead,1990-11-19T00:00,0.005,µg/m³,DICHOT,EDXRF
100118,KITSILANO,Lead,1990-11-19T00:00,0.017,µg/m³,DICHOT,EDXRF
100118,KITSILANO,Lead,1990-11-25T00:00,0.003,µg/m³,DICHOT,EDXRF
100118,KITSILANO,Lead,1990-11-25T00:00,0.006,µg/m³,DICHOT,EDXRF
100118,KITSILANO,Lead,1990-12-01T00:00,0.002,µg/m³,DICHOT,EDXRF
100118,KITSILANO,Lead,1990-12-01T00:00,0.003,µg/m³,DICHOT,EDXRF
100118,KITSILANO,Lead,1990-12-07T00:00,0.009,µg/m³,DICHOT,EDXRF
100118,KITSILANO,Lead,1990-12-07T00:00,0.022,µg/m³,DICHOT,EDXRF
100118,KITSILANO,Lead,1990-12-13T00:00,0.006,µg/m³,DICHOT,EDXRF
100118,KITSILANO,Lead,1990-12-13T00:00,0.012,µg/m³,DICHOT,EDXRF
100118,KITSILANO,Lead,1990-12-19T00:00,0.005,µg/m³,DICHOT,EDXRF
100118,KITSILANO,Lead,1990-12-19T00:00,0.006,µg/m³,DICHOT,EDXRF
100118,KITSILANO,Lead,1990-12-25T00:00,0.003,µg/m³,DICHOT,EDXRF
100118,KITSILANO,Lead,1990-12-25T00:00,0.015,µg/m³,DICHOT,EDXRF
100118,KITSILANO,Lead,1990-12-31T00:00,0.004,µg/m³,DICHOT,EDXRF
100118,KITSILANO,Lead,1990-12-31T00:00,0.011,µg/m³,DICHOT,EDXRF
