﻿NAPS_Site_ID,Station_Name,Pollutant,Date,Value,Units,Report_Type,Method
40208,CHAMPLAIN HEIGHTS SCHOOL,3-Methylhexane,2004-01-22T00:00,0.550,µg/m³,VOC,N/A
40208,CHAMPLAIN HEIGHTS SCHOOL,3-Methylhexane,2004-01-28T00:00,0.110,µg/m³,VOC,N/A
40208,CHAMPLAIN HEIGHTS SCHOOL,3-Methylhexane,2004-02-03T00:00,2.135,µg/m³,VOC,N/A
40208,CHAMPLAIN HEIGHTS SCHOOL,3-Methylhexane,2004-02-09T00:00,3.951,µg/m³,VOC,N/A
40208,CHAMPLAIN HEIGHTS SCHOOL,3-Methylhexane,2004-02-21T00:00,0.136,µg/m³,VOC,N/A
40208,CHAMPLAIN HEIGHTS SCHOOL,3-Methylhexane,2004-02-27T00:00,0.064,µg/m³,VOC,N/A
40208,CHAMPLAIN HEIGHTS SCHOOL,3-Methylhexane,2004-03-04T00:00,1.537,µg/m³,VOC,N/A
40208,CHAMPLAIN HEIGHTS SCHOOL,3-Methylhexane,2004-03-10T00:00,1.886,µg/m³,VOC,N/A
40208,CHAMPLAIN HEIGHTS SCHOOL,3-Methylhexane,2004-03-16T00:00,0.339,µg/m³,VOC,N/A
40208,CHAMPLAIN HEIGHTS SCHOOL,3-Methylhexane,2004-03-22T00:00,0.735,µg/m³,VOC,N/A
40208,CHAMPLAIN HEIGHTS SCHOOL,3-Methylhexane,2004-03-28T00:00,0.026,µg/m³,VOC,N/A
40208,CHAMPLAIN HEIGHTS SCHOOL,3-Methylhexane,2004-04-03T00:00,0.047,µg/m³,VOC,N/A
40208,CHAMPLAIN HEIGHTS SCHOOL,3-Methylhexane,2004-04-09T00:00,4.029,µg/m³,VOC,N/A
40208,CHAMPLAIN HEIGHTS SCHOOL,3-Methylhexane,2004-04-15T00:00,0.285,µg/m³,VOC,N/A
40208,CHAMPLAIN HEIGHTS SCHOOL,3-Methylhexane,2004-04-21T00:00,1.557,µg/m³,VOC,N/A
40208,CHAMPLAIN HEIGHTS SCHOOL,3-Methylhexane,2004-04-27T00:00,0.924,µg/m³,VOC,N/A
40208,CHAMPLAIN HEIGHTS SCHOOL,3-Methylhexane,2004-05-03T00:00,9.666,µg/m³,VOC,N/A
40208,CHAMPLAIN HEIGHTS SCHOOL,3-Methylhexane,2004-05-09T00:00,2.507,µg/m³,VOC,N/A
40208,CHAMPLAIN HEIGHTS SCHOOL,3-Methylhexane,2004-05-15T00:00,4.125,µg/m³,VOC,N/A
40208,CHAMPLAIN HEIGHTS SCHOOL,3-Methylhexane,2004-05-21T00:00,2.694,µg/m³,VOC,N/A
40208,CHAMPLAIN HEIGHTS SCHOOL,3-Methylhexane,2004-05-27T00:00,1.799,µg/m³,VOC,N/A
40208,CHAMPLAIN HEIGHTS SCHOOL,3-Methylhexane,2004-06-02T00:00,1.141,µg/m³,VOC,N/A
40208,CHAMPLAIN HEIGHTS SCHOOL,3-Methylhexane,2004-06-08T00:00,4.100,µg/m³,VOC,N/A
40208,CHAMPLAIN HEIGHTS SCHOOL,3-Methylhexane,2004-06-14T00:00,4.003,µg/m³,VOC,N/A
40208,CHAMPLAIN HEIGHTS SCHOOL,3-Methylhexane,2004-06-20T00:00,1.309,µg/m³,VOC,N/A
40208,CHAMPLAIN HEIGHTS SCHOOL,3-Methylhexane,2004-06-26T00:00,2.045,µg/m³,VOC,N/A
40208,CHAMPLAIN HEIGHTS SCHOOL,3-Methylhexane,2004-07-02T00:00,3.940,µg/m³,VOC,N/A
40208,CHAMPLAIN HEIGHTS SCHOOL,3-Methylhexane,2004-07-08T00:00,0.403,µg/m³,VOC,N/A
40208,CHAMPLAIN HEIGHTS SCHOOL,3-Methylhexane,2004-07-14T00:00,0.022,µg/m³,VOC,N/A
40208,CHAMPLAIN HEIGHTS SCHOOL,3-Methylhexane,2004-07-20T00:00,4.347,µg/m³,VOC,N/A
40208,CHAMPLAIN HEIGHTS SCHOOL,3-Methylhexane,2004-07-26T00:00,0.949,µg/m³,VOC,N/A
40208,CHAMPLAIN HEIGHTS SCHOOL,3-Methylhexane,2004-08-01T00:00,3.880,µg/m³,VOC,N/A
40208,CHAMPLAIN HEIGHTS SCHOOL,3-Methylhexane,2004-08-07T00:00,0.080,µg/m³,VOC,N/A
40208,CHAMPLAIN HEIGHTS SCHOOL,3-Methylhexane,2004-08-13T00:00,0.263,µg/m³,VOC,N/A
40208,CHAMPLAIN HEIGHTS SCHOOL,3-Methylhexane,2004-08-19T00:00,2.240,µg/m³,VOC,N/A
40208,CHAMPLAIN HEIGHTS SCHOOL,3-Methylhexane,2004-08-25T00:00,0.479,µg/m³,VOC,N/A
40208,CHAMPLAIN HEIGHTS SCHOOL,3-Methylhexane,2004-08-31T00:00,1.453,µg/m³,VOC,N/A
40208,CHAMPLAIN HEIGHTS SCHOOL,3-Methylhexane,2004-09-06T00:00,3.249,µg/m³,VOC,N/A
40208,CHAMPLAIN HEIGHTS SCHOOL,3-Methylhexane,2004-09-12T00:00,3.002,µg/m³,VOC,N/A
40208,CHAMPLAIN HEIGHTS SCHOOL,3-Methylhexane,2004-09-18T00:00,0.581,µg/m³,VOC,N/A
40208,CHAMPLAIN HEIGHTS SCHOOL,3-Methylhexane,2004-09-30T00:00,0.181,µg/m³,VOC,N/A
40208,CHAMPLAIN HEIGHTS SCHOOL,3-Methylhexane,2004-10-06T00:00,6.190,µg/m³,VOC,N/A
40208,CHAMPLAIN HEIGHTS SCHOOL,3-Methylhexane,2004-10-12T00:00,0.027,µg/m³,VOC,N/A
40208,CHAMPLAIN HEIGHTS SCHOOL,3-Methylhexane,2004-10-18T00:00,5.109,µg/m³,VOC,N/A
40208,CHAMPLAIN HEIGHTS SCHOOL,3-Methylhexane,2004-10-24T00:00,0.029,µg/m³,VOC,N/A
40208,CHAMPLAIN HEIGHTS SCHOOL,3-Methylhexane,2004-10-30T00:00,2.197,µg/m³,VOC,N/A
40208,CHAMPLAIN HEIGHTS SCHOOL,3-Methylhexane,2004-11-05T00:00,1.252,µg/m³,VOC,N/A
40208,CHAMPLAIN HEIGHTS SCHOOL,3-Methylhexane,2004-11-11T00:00,1.947,µg/m³,VOC,N/A
40208,CHAMPLAIN HEIGHTS SCHOOL,3-Methylhexane,2004-11-17T00:00,0.162,µg/m³,VOC,N/A
40208,CHAMPLAIN HEIGHTS SCHOOL,3-Methylhexane,2004-11-23T00:00,2.162,µg/m³,VOC,N/A
40208,CHAMPLAIN HEIGHTS SCHOOL,3-Methylhexane,2004-11-29T00:00,0.140,µg/m³,VOC,N/A
40208,CHAMPLAIN HEIGHTS SCHOOL,3-Methylhexane,2004-12-05T00:00,1.350,µg/m³,VOC,N/A
40208,CHAMPLAIN HEIGHTS SCHOOL,3-Methylhexane,2004-12-11T00:00,0.540,µg/m³,VOC,N/A
40208,CHAMPLAIN HEIGHTS SCHOOL,3-Methylhexane,2004-12-17T00:00,1.983,µg/m³,VOC,N/A
40208,CHAMPLAIN HEIGHTS SCHOOL,3-Methylhexane,2004-12-23T00:00,1.322,µg/m³,VOC,N/A
