﻿NAPS_Site_ID,Station_Name,Pollutant,Date,Value,Units,Report_Type,Method
60512,BEASLEY PARK _HAMILTON_DOWNTOWN_,13C12-H6CDD,1999-01-12T00:00,75.000,pg/m³,PCDD,N/A
60512,BEASLEY PARK _HAMILTON_DOWNTOWN_,13C12-H6CDD,1999-03-01T00:00,76.000,pg/m³,PCDD,N/A
60512,BEASLEY PARK _HAMILTON_DOWNTOWN_,13C12-H6CDD,1999-03-25T00:00,75.000,pg/m³,PCDD,N/A
60512,BEASLEY PARK _HAMILTON_DOWNTOWN_,13C12-H6CDD,1999-04-18T00:00,75.000,pg/m³,PCDD,N/A
60512,BEASLEY PARK _HAMILTON_DOWNTOWN_,13C12-H6CDD,1999-05-12T00:00,74.000,pg/m³,PCDD,N/A
60512,BEASLEY PARK _HAMILTON_DOWNTOWN_,13C12-H6CDD,1999-06-05T00:00,66.000,pg/m³,PCDD,N/A
60512,BEASLEY PARK _HAMILTON_DOWNTOWN_,13C12-H6CDD,1999-06-29T00:00,92.000,pg/m³,PCDD,N/A
60512,BEASLEY PARK _HAMILTON_DOWNTOWN_,13C12-H6CDD,1999-07-23T00:00,62.000,pg/m³,PCDD,N/A
60512,BEASLEY PARK _HAMILTON_DOWNTOWN_,13C12-H6CDD,1999-08-16T00:00,77.000,pg/m³,PCDD,N/A
60512,BEASLEY PARK _HAMILTON_DOWNTOWN_,13C12-H6CDD,1999-10-03T00:00,72.000,pg/m³,PCDD,N/A
60512,BEASLEY PARK _HAMILTON_DOWNTOWN_,13C12-H6CDD,1999-11-20T00:00,63.000,pg/m³,PCDD,N/A
60512,BEASLEY PARK _HAMILTON_DOWNTOWN_,13C12-H6CDD,1999-12-14T00:00,72.000,pg/m³,PCDD,N/A
