﻿NAPS_Site_ID,Station_Name,Pollutant,Date,Value,Units,Report_Type,Method
100127,SURREY EAST,Chloromethane,2003-01-03T00:00,1.064,µg/m³,VOC,GC-MS
100127,SURREY EAST,Chloromethane,2003-01-27T00:00,1.625,µg/m³,VOC,GC-MS
100127,SURREY EAST,Chloromethane,2003-02-20T00:00,1.512,µg/m³,VOC,GC-MS
100127,SURREY EAST,Chloromethane,2003-03-22T00:00,1.617,µg/m³,VOC,GC-MS
100127,SURREY EAST,Chloromethane,2003-04-09T00:00,1.492,µg/m³,VOC,GC-MS
100127,SURREY EAST,Chloromethane,2003-04-27T00:00,1.161,µg/m³,VOC,GC-MS
100127,SURREY EAST,Chloromethane,2003-05-15T00:00,1.090,µg/m³,VOC,GC-MS
100127,SURREY EAST,Chloromethane,2003-06-02T00:00,1.098,µg/m³,VOC,GC-MS
100127,SURREY EAST,Chloromethane,2003-06-26T00:00,1.391,µg/m³,VOC,GC-MS
100127,SURREY EAST,Chloromethane,2003-07-20T00:00,1.325,µg/m³,VOC,GC-MS
100127,SURREY EAST,Chloromethane,2003-08-13T00:00,1.227,µg/m³,VOC,GC-MS
100127,SURREY EAST,Chloromethane,2003-09-18T00:00,1.124,µg/m³,VOC,GC-MS
100127,SURREY EAST,Chloromethane,2003-09-30T00:00,1.211,µg/m³,VOC,GC-MS
100127,SURREY EAST,Chloromethane,2003-10-12T00:00,1.094,µg/m³,VOC,GC-MS
100127,SURREY EAST,Chloromethane,2003-10-30T00:00,1.061,µg/m³,VOC,GC-MS
100127,SURREY EAST,Chloromethane,2003-11-17T00:00,1.157,µg/m³,VOC,GC-MS
100127,SURREY EAST,Chloromethane,2003-12-05T00:00,1.159,µg/m³,VOC,GC-MS
100127,SURREY EAST,Chloromethane,2003-12-23T00:00,1.195,µg/m³,VOC,GC-MS
