﻿NAPS_Site_ID,Station_Name,Pollutant,Date,Value,Units,Report_Type,Method
100133,BURMOUNT,Cyclohexane,2015-02-16T19:00,1.209,µg/m³,VOC,N/A
100133,BURMOUNT,Cyclohexane,2015-02-22T19:00,1.395,µg/m³,VOC,N/A
100133,BURMOUNT,Cyclohexane,2015-02-28T19:00,0.390,µg/m³,VOC,N/A
100133,BURMOUNT,Cyclohexane,2015-03-06T19:00,0.444,µg/m³,VOC,N/A
100133,BURMOUNT,Cyclohexane,2015-03-12T20:00,0.916,µg/m³,VOC,N/A
100133,BURMOUNT,Cyclohexane,2015-03-18T20:00,0.361,µg/m³,VOC,N/A
100133,BURMOUNT,Cyclohexane,2015-03-24T20:00,0.211,µg/m³,VOC,N/A
100133,BURMOUNT,Cyclohexane,2015-03-30T20:00,0.077,µg/m³,VOC,N/A
100133,BURMOUNT,Cyclohexane,2015-04-05T20:00,0.321,µg/m³,VOC,N/A
100133,BURMOUNT,Cyclohexane,2015-04-11T20:00,0.080,µg/m³,VOC,N/A
100133,BURMOUNT,Cyclohexane,2015-04-17T20:00,0.217,µg/m³,VOC,N/A
100133,BURMOUNT,Cyclohexane,2015-04-23T20:00,0.094,µg/m³,VOC,N/A
100133,BURMOUNT,Cyclohexane,2015-04-29T20:00,0.174,µg/m³,VOC,N/A
100133,BURMOUNT,Cyclohexane,2015-05-05T20:00,0.186,µg/m³,VOC,N/A
100133,BURMOUNT,Cyclohexane,2015-05-11T20:00,0.129,µg/m³,VOC,N/A
100133,BURMOUNT,Cyclohexane,2015-05-17T20:00,0.212,µg/m³,VOC,N/A
100133,BURMOUNT,Cyclohexane,2015-05-23T20:00,0.073,µg/m³,VOC,N/A
100133,BURMOUNT,Cyclohexane,2015-06-04T20:00,0.352,µg/m³,VOC,N/A
100133,BURMOUNT,Cyclohexane,2015-06-10T20:00,0.207,µg/m³,VOC,N/A
100133,BURMOUNT,Cyclohexane,2015-06-16T20:00,0.215,µg/m³,VOC,N/A
100133,BURMOUNT,Cyclohexane,2015-07-10T20:00,0.108,µg/m³,VOC,N/A
100133,BURMOUNT,Cyclohexane,2015-07-16T20:00,0.590,µg/m³,VOC,N/A
100133,BURMOUNT,Cyclohexane,2015-07-22T20:00,0.287,µg/m³,VOC,N/A
100133,BURMOUNT,Cyclohexane,2015-07-28T20:00,0.411,µg/m³,VOC,N/A
100133,BURMOUNT,Cyclohexane,2015-08-03T20:00,0.211,µg/m³,VOC,N/A
100133,BURMOUNT,Cyclohexane,2015-08-09T20:00,0.372,µg/m³,VOC,N/A
100133,BURMOUNT,Cyclohexane,2015-08-15T20:00,0.315,µg/m³,VOC,N/A
100133,BURMOUNT,Cyclohexane,2015-08-21T20:00,0.414,µg/m³,VOC,N/A
100133,BURMOUNT,Cyclohexane,2015-08-27T20:00,0.311,µg/m³,VOC,N/A
100133,BURMOUNT,Cyclohexane,2015-09-02T20:00,0.099,µg/m³,VOC,N/A
100133,BURMOUNT,Cyclohexane,2015-09-08T20:00,0.323,µg/m³,VOC,N/A
100133,BURMOUNT,Cyclohexane,2015-09-14T20:00,0.150,µg/m³,VOC,N/A
100133,BURMOUNT,Cyclohexane,2015-09-20T20:00,0.289,µg/m³,VOC,N/A
100133,BURMOUNT,Cyclohexane,2015-09-26T20:00,0.480,µg/m³,VOC,N/A
100133,BURMOUNT,Cyclohexane,2015-11-25T19:00,0.406,µg/m³,VOC,N/A
100133,BURMOUNT,Cyclohexane,2015-12-01T19:00,0.807,µg/m³,VOC,N/A
100133,BURMOUNT,Cyclohexane,2015-12-07T19:00,0.124,µg/m³,VOC,N/A
100133,BURMOUNT,Cyclohexane,2015-12-13T19:00,0.140,µg/m³,VOC,N/A
100133,BURMOUNT,Cyclohexane,2015-12-19T19:00,0.067,µg/m³,VOC,N/A
100133,BURMOUNT,Cyclohexane,2015-12-25T19:00,0.135,µg/m³,VOC,N/A
