﻿NAPS_Site_ID,Station_Name,Pollutant,Date,Value,Units,Report_Type,Method
63601,LONGWOODS CONS. AUTHORITY,Freon 22,2010-01-02T00:00,0.674,µg/m³,VOC,
63601,LONGWOODS CONS. AUTHORITY,Freon 22,2010-01-05T00:00,0.678,µg/m³,VOC,
63601,LONGWOODS CONS. AUTHORITY,Freon 22,2010-01-08T00:00,0.992,µg/m³,VOC,
63601,LONGWOODS CONS. AUTHORITY,Freon 22,2010-01-11T00:00,0.709,µg/m³,VOC,
63601,LONGWOODS CONS. AUTHORITY,Freon 22,2010-01-14T00:00,0.769,µg/m³,VOC,
63601,LONGWOODS CONS. AUTHORITY,Freon 22,2010-01-17T00:00,0.825,µg/m³,VOC,
63601,LONGWOODS CONS. AUTHORITY,Freon 22,2010-01-20T00:00,0.675,µg/m³,VOC,
63601,LONGWOODS CONS. AUTHORITY,Freon 22,2010-01-23T00:00,0.708,µg/m³,VOC,
63601,LONGWOODS CONS. AUTHORITY,Freon 22,2010-01-26T00:00,0.978,µg/m³,VOC,
63601,LONGWOODS CONS. AUTHORITY,Freon 22,2010-01-29T00:00,0.694,µg/m³,VOC,
63601,LONGWOODS CONS. AUTHORITY,Freon 22,2010-02-01T00:00,0.704,µg/m³,VOC,
63601,LONGWOODS CONS. AUTHORITY,Freon 22,2010-02-04T00:00,0.711,µg/m³,VOC,
63601,LONGWOODS CONS. AUTHORITY,Freon 22,2010-02-07T00:00,0.756,µg/m³,VOC,
63601,LONGWOODS CONS. AUTHORITY,Freon 22,2010-02-10T00:00,0.707,µg/m³,VOC,
63601,LONGWOODS CONS. AUTHORITY,Freon 22,2010-02-13T00:00,0.818,µg/m³,VOC,
63601,LONGWOODS CONS. AUTHORITY,Freon 22,2010-02-16T00:00,1.003,µg/m³,VOC,
63601,LONGWOODS CONS. AUTHORITY,Freon 22,2010-02-19T00:00,0.747,µg/m³,VOC,
63601,LONGWOODS CONS. AUTHORITY,Freon 22,2010-02-22T00:00,0.725,µg/m³,VOC,
63601,LONGWOODS CONS. AUTHORITY,Freon 22,2010-02-25T00:00,0.691,µg/m³,VOC,
63601,LONGWOODS CONS. AUTHORITY,Freon 22,2010-02-28T00:00,0.728,µg/m³,VOC,
63601,LONGWOODS CONS. AUTHORITY,Freon 22,2010-03-03T00:00,0.901,µg/m³,VOC,
63601,LONGWOODS CONS. AUTHORITY,Freon 22,2010-03-06T00:00,0.682,µg/m³,VOC,
63601,LONGWOODS CONS. AUTHORITY,Freon 22,2010-03-12T00:00,0.853,µg/m³,VOC,
63601,LONGWOODS CONS. AUTHORITY,Freon 22,2010-03-15T00:00,0.656,µg/m³,VOC,
63601,LONGWOODS CONS. AUTHORITY,Freon 22,2010-03-18T00:00,0.700,µg/m³,VOC,
63601,LONGWOODS CONS. AUTHORITY,Freon 22,2010-03-21T00:00,0.893,µg/m³,VOC,
63601,LONGWOODS CONS. AUTHORITY,Freon 22,2010-03-24T00:00,0.772,µg/m³,VOC,
63601,LONGWOODS CONS. AUTHORITY,Freon 22,2010-03-27T00:00,0.753,µg/m³,VOC,
63601,LONGWOODS CONS. AUTHORITY,Freon 22,2010-03-30T00:00,0.711,µg/m³,VOC,
63601,LONGWOODS CONS. AUTHORITY,Freon 22,2010-04-02T00:00,0.710,µg/m³,VOC,
63601,LONGWOODS CONS. AUTHORITY,Freon 22,2010-04-05T00:00,0.654,µg/m³,VOC,
63601,LONGWOODS CONS. AUTHORITY,Freon 22,2010-04-08T00:00,0.891,µg/m³,VOC,
63601,LONGWOODS CONS. AUTHORITY,Freon 22,2010-04-11T00:00,0.665,µg/m³,VOC,
63601,LONGWOODS CONS. AUTHORITY,Freon 22,2010-04-14T00:00,0.774,µg/m³,VOC,
63601,LONGWOODS CONS. AUTHORITY,Freon 22,2010-04-17T00:00,0.702,µg/m³,VOC,
63601,LONGWOODS CONS. AUTHORITY,Freon 22,2010-04-20T00:00,0.766,µg/m³,VOC,
63601,LONGWOODS CONS. AUTHORITY,Freon 22,2010-04-23T00:00,0.637,µg/m³,VOC,
63601,LONGWOODS CONS. AUTHORITY,Freon 22,2010-04-26T00:00,0.867,µg/m³,VOC,
63601,LONGWOODS CONS. AUTHORITY,Freon 22,2010-04-29T00:00,0.660,µg/m³,VOC,
63601,LONGWOODS CONS. AUTHORITY,Freon 22,2010-05-02T00:00,0.650,µg/m³,VOC,
63601,LONGWOODS CONS. AUTHORITY,Freon 22,2010-05-05T00:00,0.736,µg/m³,VOC,
63601,LONGWOODS CONS. AUTHORITY,Freon 22,2010-05-08T00:00,0.646,µg/m³,VOC,
63601,LONGWOODS CONS. AUTHORITY,Freon 22,2010-05-11T00:00,0.643,µg/m³,VOC,
63601,LONGWOODS CONS. AUTHORITY,Freon 22,2010-05-14T00:00,0.870,µg/m³,VOC,
63601,LONGWOODS CONS. AUTHORITY,Freon 22,2010-05-17T00:00,0.679,µg/m³,VOC,
63601,LONGWOODS CONS. AUTHORITY,Freon 22,2010-05-20T00:00,0.683,µg/m³,VOC,
63601,LONGWOODS CONS. AUTHORITY,Freon 22,2010-05-23T00:00,0.749,µg/m³,VOC,
63601,LONGWOODS CONS. AUTHORITY,Freon 22,2010-05-26T00:00,0.769,µg/m³,VOC,
63601,LONGWOODS CONS. AUTHORITY,Freon 22,2010-05-29T00:00,0.659,µg/m³,VOC,
63601,LONGWOODS CONS. AUTHORITY,Freon 22,2010-06-01T00:00,0.927,µg/m³,VOC,
63601,LONGWOODS CONS. AUTHORITY,Freon 22,2010-06-04T00:00,0.734,µg/m³,VOC,
63601,LONGWOODS CONS. AUTHORITY,Freon 22,2010-06-07T00:00,0.685,µg/m³,VOC,
63601,LONGWOODS CONS. AUTHORITY,Freon 22,2010-06-10T00:00,0.708,µg/m³,VOC,
63601,LONGWOODS CONS. AUTHORITY,Freon 22,2010-06-13T00:00,0.695,µg/m³,VOC,
63601,LONGWOODS CONS. AUTHORITY,Freon 22,2010-06-16T00:00,0.714,µg/m³,VOC,
63601,LONGWOODS CONS. AUTHORITY,Freon 22,2010-06-19T00:00,1.129,µg/m³,VOC,
63601,LONGWOODS CONS. AUTHORITY,Freon 22,2010-06-22T00:00,0.727,µg/m³,VOC,
63601,LONGWOODS CONS. AUTHORITY,Freon 22,2010-06-25T00:00,0.699,µg/m³,VOC,
63601,LONGWOODS CONS. AUTHORITY,Freon 22,2010-06-28T00:00,1.038,µg/m³,VOC,
63601,LONGWOODS CONS. AUTHORITY,Freon 22,2010-07-01T00:00,0.699,µg/m³,VOC,
63601,LONGWOODS CONS. AUTHORITY,Freon 22,2010-07-04T00:00,0.753,µg/m³,VOC,
63601,LONGWOODS CONS. AUTHORITY,Freon 22,2010-07-10T00:00,0.674,µg/m³,VOC,
63601,LONGWOODS CONS. AUTHORITY,Freon 22,2010-07-13T00:00,0.722,µg/m³,VOC,
63601,LONGWOODS CONS. AUTHORITY,Freon 22,2010-07-16T00:00,0.819,µg/m³,VOC,
63601,LONGWOODS CONS. AUTHORITY,Freon 22,2010-07-19T00:00,0.622,µg/m³,VOC,
63601,LONGWOODS CONS. AUTHORITY,Freon 22,2010-07-22T00:00,0.603,µg/m³,VOC,
63601,LONGWOODS CONS. AUTHORITY,Freon 22,2010-07-25T00:00,0.721,µg/m³,VOC,
63601,LONGWOODS CONS. AUTHORITY,Freon 22,2010-07-28T00:00,0.775,µg/m³,VOC,
63601,LONGWOODS CONS. AUTHORITY,Freon 22,2010-07-31T00:00,0.707,µg/m³,VOC,
63601,LONGWOODS CONS. AUTHORITY,Freon 22,2010-08-03T00:00,0.924,µg/m³,VOC,
63601,LONGWOODS CONS. AUTHORITY,Freon 22,2010-08-06T00:00,0.588,µg/m³,VOC,
63601,LONGWOODS CONS. AUTHORITY,Freon 22,2010-08-09T00:00,0.788,µg/m³,VOC,
63601,LONGWOODS CONS. AUTHORITY,Freon 22,2010-08-12T00:00,0.905,µg/m³,VOC,
63601,LONGWOODS CONS. AUTHORITY,Freon 22,2010-08-15T00:00,0.706,µg/m³,VOC,
63601,LONGWOODS CONS. AUTHORITY,Freon 22,2010-08-18T00:00,0.603,µg/m³,VOC,
63601,LONGWOODS CONS. AUTHORITY,Freon 22,2010-08-21T00:00,0.768,µg/m³,VOC,
63601,LONGWOODS CONS. AUTHORITY,Freon 22,2010-08-24T00:00,0.697,µg/m³,VOC,
63601,LONGWOODS CONS. AUTHORITY,Freon 22,2010-08-27T00:00,0.699,µg/m³,VOC,
63601,LONGWOODS CONS. AUTHORITY,Freon 22,2010-08-30T00:00,0.870,µg/m³,VOC,
63601,LONGWOODS CONS. AUTHORITY,Freon 22,2010-09-02T00:00,1.272,µg/m³,VOC,
63601,LONGWOODS CONS. AUTHORITY,Freon 22,2010-09-05T00:00,0.690,µg/m³,VOC,
63601,LONGWOODS CONS. AUTHORITY,Freon 22,2010-09-08T00:00,0.701,µg/m³,VOC,
63601,LONGWOODS CONS. AUTHORITY,Freon 22,2010-09-11T00:00,0.686,µg/m³,VOC,
63601,LONGWOODS CONS. AUTHORITY,Freon 22,2010-09-14T00:00,0.758,µg/m³,VOC,
63601,LONGWOODS CONS. AUTHORITY,Freon 22,2010-09-17T00:00,0.771,µg/m³,VOC,
63601,LONGWOODS CONS. AUTHORITY,Freon 22,2010-09-20T00:00,0.703,µg/m³,VOC,
63601,LONGWOODS CONS. AUTHORITY,Freon 22,2010-09-23T00:00,0.883,µg/m³,VOC,
63601,LONGWOODS CONS. AUTHORITY,Freon 22,2010-09-26T00:00,0.752,µg/m³,VOC,
63601,LONGWOODS CONS. AUTHORITY,Freon 22,2010-09-29T00:00,0.711,µg/m³,VOC,
63601,LONGWOODS CONS. AUTHORITY,Freon 22,2010-10-02T00:00,0.682,µg/m³,VOC,
63601,LONGWOODS CONS. AUTHORITY,Freon 22,2010-10-05T00:00,0.764,µg/m³,VOC,
63601,LONGWOODS CONS. AUTHORITY,Freon 22,2010-11-10T00:00,0.722,µg/m³,VOC,
63601,LONGWOODS CONS. AUTHORITY,Freon 22,2010-11-16T00:00,0.824,µg/m³,VOC,
63601,LONGWOODS CONS. AUTHORITY,Freon 22,2010-11-19T00:00,0.696,µg/m³,VOC,
63601,LONGWOODS CONS. AUTHORITY,Freon 22,2010-11-22T00:00,0.699,µg/m³,VOC,
63601,LONGWOODS CONS. AUTHORITY,Freon 22,2010-11-25T00:00,0.675,µg/m³,VOC,
63601,LONGWOODS CONS. AUTHORITY,Freon 22,2010-11-28T00:00,0.767,µg/m³,VOC,
63601,LONGWOODS CONS. AUTHORITY,Freon 22,2010-12-01T00:00,0.697,µg/m³,VOC,
63601,LONGWOODS CONS. AUTHORITY,Freon 22,2010-12-04T00:00,0.667,µg/m³,VOC,
63601,LONGWOODS CONS. AUTHORITY,Freon 22,2010-12-07T00:00,0.667,µg/m³,VOC,
63601,LONGWOODS CONS. AUTHORITY,Freon 22,2010-12-10T00:00,0.763,µg/m³,VOC,
63601,LONGWOODS CONS. AUTHORITY,Freon 22,2010-12-13T00:00,0.676,µg/m³,VOC,
63601,LONGWOODS CONS. AUTHORITY,Freon 22,2010-12-16T00:00,0.776,µg/m³,VOC,
63601,LONGWOODS CONS. AUTHORITY,Freon 22,2010-12-19T00:00,0.765,µg/m³,VOC,
63601,LONGWOODS CONS. AUTHORITY,Freon 22,2010-12-22T00:00,0.686,µg/m³,VOC,
63601,LONGWOODS CONS. AUTHORITY,Freon 22,2010-12-25T00:00,0.716,µg/m³,VOC,
63601,LONGWOODS CONS. AUTHORITY,Freon 22,2010-12-28T00:00,0.790,µg/m³,VOC,
