﻿NAPS_Site_ID,Station_Name,Pollutant,Date,Value,Units,Report_Type,Method
50104,ONTARIO,2-Methylpentane,1990-01-11T00:00,3.415,µg/m³,VOC,
50104,ONTARIO,2-Methylpentane,1990-01-23T00:00,6.414,µg/m³,VOC,
50104,ONTARIO,2-Methylpentane,1990-01-29T00:00,3.924,µg/m³,VOC,
50104,ONTARIO,2-Methylpentane,1990-02-04T00:00,2.985,µg/m³,VOC,
50104,ONTARIO,2-Methylpentane,1990-02-10T00:00,3.825,µg/m³,VOC,
50104,ONTARIO,2-Methylpentane,1990-02-16T00:00,5.384,µg/m³,VOC,
50104,ONTARIO,2-Methylpentane,1990-02-22T00:00,6.732,µg/m³,VOC,
50104,ONTARIO,2-Methylpentane,1990-02-28T00:00,3.526,µg/m³,VOC,
50104,ONTARIO,2-Methylpentane,1990-03-06T00:00,6.983,µg/m³,VOC,
50104,ONTARIO,2-Methylpentane,1990-03-12T00:00,9.034,µg/m³,VOC,
50104,ONTARIO,2-Methylpentane,1990-03-18T00:00,2.203,µg/m³,VOC,
50104,ONTARIO,2-Methylpentane,1990-03-24T00:00,2.648,µg/m³,VOC,
50104,ONTARIO,2-Methylpentane,1990-03-30T00:00,4.457,µg/m³,VOC,
50104,ONTARIO,2-Methylpentane,1990-04-05T00:00,4.574,µg/m³,VOC,
50104,ONTARIO,2-Methylpentane,1990-04-11T00:00,7.216,µg/m³,VOC,
50104,ONTARIO,2-Methylpentane,1990-04-23T00:00,3.539,µg/m³,VOC,
50104,ONTARIO,2-Methylpentane,1990-04-29T00:00,2.626,µg/m³,VOC,
50104,ONTARIO,2-Methylpentane,1990-05-11T00:00,3.581,µg/m³,VOC,
50104,ONTARIO,2-Methylpentane,1990-05-17T00:00,4.418,µg/m³,VOC,
50104,ONTARIO,2-Methylpentane,1990-05-23T00:00,4.312,µg/m³,VOC,
50104,ONTARIO,2-Methylpentane,1990-05-29T00:00,3.714,µg/m³,VOC,
50104,ONTARIO,2-Methylpentane,1990-06-04T00:00,2.681,µg/m³,VOC,
50104,ONTARIO,2-Methylpentane,1990-06-10T00:00,4.042,µg/m³,VOC,
50104,ONTARIO,2-Methylpentane,1990-06-16T00:00,7.326,µg/m³,VOC,
50104,ONTARIO,2-Methylpentane,1990-06-22T00:00,6.919,µg/m³,VOC,
50104,ONTARIO,2-Methylpentane,1990-06-28T00:00,4.078,µg/m³,VOC,
50104,ONTARIO,2-Methylpentane,1990-07-04T00:00,4.517,µg/m³,VOC,
50104,ONTARIO,2-Methylpentane,1990-07-10T00:00,3.634,µg/m³,VOC,
50104,ONTARIO,2-Methylpentane,1990-07-16T00:00,4.034,µg/m³,VOC,
50104,ONTARIO,2-Methylpentane,1990-07-22T00:00,3.776,µg/m³,VOC,
50104,ONTARIO,2-Methylpentane,1990-07-28T00:00,11.721,µg/m³,VOC,
50104,ONTARIO,2-Methylpentane,1990-08-03T00:00,5.225,µg/m³,VOC,
50104,ONTARIO,2-Methylpentane,1990-08-09T00:00,4.452,µg/m³,VOC,
50104,ONTARIO,2-Methylpentane,1990-08-15T00:00,5.404,µg/m³,VOC,
50104,ONTARIO,2-Methylpentane,1990-08-21T00:00,5.138,µg/m³,VOC,
50104,ONTARIO,2-Methylpentane,1990-08-27T00:00,6.874,µg/m³,VOC,
50104,ONTARIO,2-Methylpentane,1990-09-02T00:00,4.997,µg/m³,VOC,
50104,ONTARIO,2-Methylpentane,1990-09-08T00:00,4.258,µg/m³,VOC,
50104,ONTARIO,2-Methylpentane,1990-10-02T00:00,4.848,µg/m³,VOC,
50104,ONTARIO,2-Methylpentane,1990-10-08T00:00,2.957,µg/m³,VOC,
50104,ONTARIO,2-Methylpentane,1990-10-14T00:00,2.882,µg/m³,VOC,
50104,ONTARIO,2-Methylpentane,1990-10-20T00:00,2.901,µg/m³,VOC,
50104,ONTARIO,2-Methylpentane,1990-10-26T00:00,3.242,µg/m³,VOC,
50104,ONTARIO,2-Methylpentane,1990-11-01T00:00,4.221,µg/m³,VOC,
50104,ONTARIO,2-Methylpentane,1990-11-07T00:00,3.427,µg/m³,VOC,
50104,ONTARIO,2-Methylpentane,1990-11-13T00:00,2.242,µg/m³,VOC,
50104,ONTARIO,2-Methylpentane,1990-11-19T00:00,3.962,µg/m³,VOC,
50104,ONTARIO,2-Methylpentane,1990-11-25T00:00,1.284,µg/m³,VOC,
50104,ONTARIO,2-Methylpentane,1990-12-01T00:00,3.639,µg/m³,VOC,
50104,ONTARIO,2-Methylpentane,1990-12-07T00:00,4.160,µg/m³,VOC,
50104,ONTARIO,2-Methylpentane,1990-12-13T00:00,2.712,µg/m³,VOC,
50104,ONTARIO,2-Methylpentane,1990-12-19T00:00,2.812,µg/m³,VOC,
50104,ONTARIO,2-Methylpentane,1990-12-31T00:00,2.148,µg/m³,VOC,
