﻿NAPS_Site_ID,Station_Name,Pollutant,Date,Value,Units,Report_Type,Method
70119,ELLEN,Ethane,2014-01-04T19:00,3.251,µg/m³,VOC,GC-FID
70119,ELLEN,Ethane,2014-01-10T19:00,7.973,µg/m³,VOC,GC-FID
70119,ELLEN,Ethane,2014-01-16T19:00,3.988,µg/m³,VOC,GC-FID
70119,ELLEN,Ethane,2014-01-22T19:00,6.593,µg/m³,VOC,GC-FID
70119,ELLEN,Ethane,2014-01-28T19:00,8.358,µg/m³,VOC,GC-FID
70119,ELLEN,Ethane,2014-02-03T19:00,3.191,µg/m³,VOC,GC-FID
70119,ELLEN,Ethane,2014-02-09T19:00,3.911,µg/m³,VOC,GC-FID
70119,ELLEN,Ethane,2014-02-15T19:00,4.699,µg/m³,VOC,GC-FID
70119,ELLEN,Ethane,2014-02-21T19:00,3.337,µg/m³,VOC,GC-FID
70119,ELLEN,Ethane,2014-02-27T19:00,4.135,µg/m³,VOC,GC-FID
70119,ELLEN,Ethane,2014-03-05T19:00,4.768,µg/m³,VOC,GC-FID
70119,ELLEN,Ethane,2014-03-11T20:00,4.814,µg/m³,VOC,GC-FID
70119,ELLEN,Ethane,2014-03-17T20:00,5.111,µg/m³,VOC,GC-FID
70119,ELLEN,Ethane,2014-03-23T20:00,3.705,µg/m³,VOC,GC-FID
70119,ELLEN,Ethane,2014-03-29T20:00,3.931,µg/m³,VOC,GC-FID
70119,ELLEN,Ethane,2014-04-04T20:00,5.855,µg/m³,VOC,GC-FID
70119,ELLEN,Ethane,2014-04-10T20:00,3.297,µg/m³,VOC,GC-FID
70119,ELLEN,Ethane,2014-04-16T20:00,3.676,µg/m³,VOC,GC-FID
70119,ELLEN,Ethane,2014-04-22T20:00,3.275,µg/m³,VOC,GC-FID
70119,ELLEN,Ethane,2014-04-28T20:00,3.134,µg/m³,VOC,GC-FID
70119,ELLEN,Ethane,2014-05-04T20:00,3.122,µg/m³,VOC,GC-FID
70119,ELLEN,Ethane,2014-05-10T20:00,3.895,µg/m³,VOC,GC-FID
70119,ELLEN,Ethane,2014-05-16T20:00,4.357,µg/m³,VOC,GC-FID
70119,ELLEN,Ethane,2014-05-22T20:00,2.521,µg/m³,VOC,GC-FID
70119,ELLEN,Ethane,2014-05-28T20:00,2.424,µg/m³,VOC,GC-FID
70119,ELLEN,Ethane,2014-06-03T20:00,3.784,µg/m³,VOC,GC-FID
70119,ELLEN,Ethane,2014-06-09T20:00,2.364,µg/m³,VOC,GC-FID
70119,ELLEN,Ethane,2014-06-15T20:00,1.762,µg/m³,VOC,GC-FID
70119,ELLEN,Ethane,2014-06-21T20:00,2.509,µg/m³,VOC,GC-FID
70119,ELLEN,Ethane,2014-06-27T20:00,3.170,µg/m³,VOC,GC-FID
70119,ELLEN,Ethane,2014-07-03T20:00,1.952,µg/m³,VOC,GC-FID
70119,ELLEN,Ethane,2014-07-09T20:00,2.446,µg/m³,VOC,GC-FID
70119,ELLEN,Ethane,2014-07-15T20:00,2.028,µg/m³,VOC,GC-FID
70119,ELLEN,Ethane,2014-07-21T20:00,1.613,µg/m³,VOC,GC-FID
70119,ELLEN,Ethane,2014-08-08T20:00,2.502,µg/m³,VOC,GC-FID
70119,ELLEN,Ethane,2014-08-14T20:00,2.504,µg/m³,VOC,GC-FID
70119,ELLEN,Ethane,2014-08-20T20:00,2.580,µg/m³,VOC,GC-FID
70119,ELLEN,Ethane,2014-08-26T20:00,4.022,µg/m³,VOC,GC-FID
70119,ELLEN,Ethane,2014-09-01T20:00,2.875,µg/m³,VOC,GC-FID
70119,ELLEN,Ethane,2014-09-07T20:00,1.906,µg/m³,VOC,GC-FID
70119,ELLEN,Ethane,2014-09-13T20:00,3.001,µg/m³,VOC,GC-FID
70119,ELLEN,Ethane,2014-09-19T20:00,3.075,µg/m³,VOC,GC-FID
70119,ELLEN,Ethane,2014-09-25T20:00,4.987,µg/m³,VOC,GC-FID
70119,ELLEN,Ethane,2014-10-01T20:00,2.512,µg/m³,VOC,GC-FID
70119,ELLEN,Ethane,2014-10-07T20:00,1.966,µg/m³,VOC,GC-FID
70119,ELLEN,Ethane,2014-10-13T20:00,4.532,µg/m³,VOC,GC-FID
70119,ELLEN,Ethane,2014-10-19T20:00,3.818,µg/m³,VOC,GC-FID
70119,ELLEN,Ethane,2014-10-25T20:00,3.918,µg/m³,VOC,GC-FID
70119,ELLEN,Ethane,2014-10-31T20:00,2.688,µg/m³,VOC,GC-FID
70119,ELLEN,Ethane,2014-11-06T19:00,4.033,µg/m³,VOC,GC-FID
70119,ELLEN,Ethane,2014-11-12T19:00,2.689,µg/m³,VOC,GC-FID
70119,ELLEN,Ethane,2014-11-18T19:00,2.599,µg/m³,VOC,GC-FID
70119,ELLEN,Ethane,2014-11-24T19:00,3.037,µg/m³,VOC,GC-FID
70119,ELLEN,Ethane,2014-11-30T19:00,4.957,µg/m³,VOC,GC-FID
70119,ELLEN,Ethane,2014-12-12T19:00,31.828,µg/m³,VOC,GC-FID
70119,ELLEN,Ethane,2014-12-18T19:00,4.836,µg/m³,VOC,GC-FID
