﻿NAPS_Site_ID,Station_Name,Pollutant,Date,Value,Units,Report_Type,Method
40203,FOREST HILLS,4-Ethyltoluene,1992-07-08T00:00,0.209,µg/m³,VOC,GC-MS
40203,FOREST HILLS,4-Ethyltoluene,1992-07-08T00:00,0.290,µg/m³,VOC,GC-MS
40203,FOREST HILLS,4-Ethyltoluene,1992-07-08T00:00,0.433,µg/m³,VOC,GC-MS
40203,FOREST HILLS,4-Ethyltoluene,1992-07-08T00:00,0.492,µg/m³,VOC,GC-MS
40203,FOREST HILLS,4-Ethyltoluene,1992-07-08T00:00,0.674,µg/m³,VOC,GC-MS
40203,FOREST HILLS,4-Ethyltoluene,1992-07-08T00:00,0.814,µg/m³,VOC,GC-MS
40203,FOREST HILLS,4-Ethyltoluene,1992-07-08T00:00,0.896,µg/m³,VOC,GC-MS
40203,FOREST HILLS,4-Ethyltoluene,1992-07-09T00:00,0.469,µg/m³,VOC,GC-MS
40203,FOREST HILLS,4-Ethyltoluene,1992-07-11T00:00,0.145,µg/m³,VOC,GC-MS
40203,FOREST HILLS,4-Ethyltoluene,1992-07-11T00:00,0.158,µg/m³,VOC,GC-MS
40203,FOREST HILLS,4-Ethyltoluene,1992-07-11T00:00,0.173,µg/m³,VOC,GC-MS
40203,FOREST HILLS,4-Ethyltoluene,1992-07-11T00:00,0.325,µg/m³,VOC,GC-MS
40203,FOREST HILLS,4-Ethyltoluene,1992-07-11T00:00,0.396,µg/m³,VOC,GC-MS
40203,FOREST HILLS,4-Ethyltoluene,1992-07-11T00:00,0.439,µg/m³,VOC,GC-MS
40203,FOREST HILLS,4-Ethyltoluene,1992-07-11T00:00,0.898,µg/m³,VOC,GC-MS
40203,FOREST HILLS,4-Ethyltoluene,1992-07-11T00:00,0.995,µg/m³,VOC,GC-MS
40203,FOREST HILLS,4-Ethyltoluene,1992-07-17T00:00,0.522,µg/m³,VOC,GC-MS
40203,FOREST HILLS,4-Ethyltoluene,1992-07-17T00:00,0.552,µg/m³,VOC,GC-MS
40203,FOREST HILLS,4-Ethyltoluene,1992-07-17T00:00,0.562,µg/m³,VOC,GC-MS
40203,FOREST HILLS,4-Ethyltoluene,1992-07-17T00:00,0.568,µg/m³,VOC,GC-MS
40203,FOREST HILLS,4-Ethyltoluene,1992-07-17T00:00,0.750,µg/m³,VOC,GC-MS
40203,FOREST HILLS,4-Ethyltoluene,1992-07-17T00:00,0.758,µg/m³,VOC,GC-MS
40203,FOREST HILLS,4-Ethyltoluene,1992-07-17T00:00,0.820,µg/m³,VOC,GC-MS
40203,FOREST HILLS,4-Ethyltoluene,1992-07-23T00:00,0.335,µg/m³,VOC,GC-MS
40203,FOREST HILLS,4-Ethyltoluene,1992-07-23T00:00,0.342,µg/m³,VOC,GC-MS
40203,FOREST HILLS,4-Ethyltoluene,1992-07-23T00:00,0.364,µg/m³,VOC,GC-MS
40203,FOREST HILLS,4-Ethyltoluene,1992-07-23T00:00,0.683,µg/m³,VOC,GC-MS
40203,FOREST HILLS,4-Ethyltoluene,1992-07-23T00:00,0.704,µg/m³,VOC,GC-MS
40203,FOREST HILLS,4-Ethyltoluene,1992-07-23T00:00,1.112,µg/m³,VOC,GC-MS
40203,FOREST HILLS,4-Ethyltoluene,1992-07-23T00:00,1.628,µg/m³,VOC,GC-MS
40203,FOREST HILLS,4-Ethyltoluene,1992-07-26T00:00,0.081,µg/m³,VOC,GC-MS
40203,FOREST HILLS,4-Ethyltoluene,1992-07-26T00:00,0.108,µg/m³,VOC,GC-MS
40203,FOREST HILLS,4-Ethyltoluene,1992-07-26T00:00,0.112,µg/m³,VOC,GC-MS
40203,FOREST HILLS,4-Ethyltoluene,1992-07-26T00:00,0.133,µg/m³,VOC,GC-MS
40203,FOREST HILLS,4-Ethyltoluene,1992-07-26T00:00,0.149,µg/m³,VOC,GC-MS
40203,FOREST HILLS,4-Ethyltoluene,1992-07-26T00:00,0.159,µg/m³,VOC,GC-MS
40203,FOREST HILLS,4-Ethyltoluene,1992-07-26T00:00,0.166,µg/m³,VOC,GC-MS
40203,FOREST HILLS,4-Ethyltoluene,1992-07-26T00:00,0.227,µg/m³,VOC,GC-MS
40203,FOREST HILLS,4-Ethyltoluene,1992-07-29T00:00,0.061,µg/m³,VOC,GC-MS
40203,FOREST HILLS,4-Ethyltoluene,1992-07-29T00:00,0.097,µg/m³,VOC,GC-MS
40203,FOREST HILLS,4-Ethyltoluene,1992-07-29T00:00,0.278,µg/m³,VOC,GC-MS
40203,FOREST HILLS,4-Ethyltoluene,1992-07-29T00:00,0.285,µg/m³,VOC,GC-MS
40203,FOREST HILLS,4-Ethyltoluene,1992-07-29T00:00,0.291,µg/m³,VOC,GC-MS
40203,FOREST HILLS,4-Ethyltoluene,1992-07-29T00:00,0.522,µg/m³,VOC,GC-MS
40203,FOREST HILLS,4-Ethyltoluene,1992-08-01T00:00,0.021,µg/m³,VOC,GC-MS
40203,FOREST HILLS,4-Ethyltoluene,1992-08-01T00:00,0.039,µg/m³,VOC,GC-MS
40203,FOREST HILLS,4-Ethyltoluene,1992-08-01T00:00,0.138,µg/m³,VOC,GC-MS
40203,FOREST HILLS,4-Ethyltoluene,1992-08-01T00:00,0.166,µg/m³,VOC,GC-MS
40203,FOREST HILLS,4-Ethyltoluene,1992-08-01T00:00,0.183,µg/m³,VOC,GC-MS
40203,FOREST HILLS,4-Ethyltoluene,1992-08-01T00:00,0.292,µg/m³,VOC,GC-MS
40203,FOREST HILLS,4-Ethyltoluene,1992-08-01T00:00,0.395,µg/m³,VOC,GC-MS
40203,FOREST HILLS,4-Ethyltoluene,1992-08-07T00:00,0.250,µg/m³,VOC,GC-MS
40203,FOREST HILLS,4-Ethyltoluene,1992-08-07T00:00,0.422,µg/m³,VOC,GC-MS
40203,FOREST HILLS,4-Ethyltoluene,1992-08-07T00:00,0.452,µg/m³,VOC,GC-MS
40203,FOREST HILLS,4-Ethyltoluene,1992-08-07T00:00,0.575,µg/m³,VOC,GC-MS
40203,FOREST HILLS,4-Ethyltoluene,1992-08-07T00:00,0.826,µg/m³,VOC,GC-MS
40203,FOREST HILLS,4-Ethyltoluene,1992-08-07T00:00,0.904,µg/m³,VOC,GC-MS
40203,FOREST HILLS,4-Ethyltoluene,1992-08-07T00:00,2.184,µg/m³,VOC,GC-MS
40203,FOREST HILLS,4-Ethyltoluene,1992-08-13T00:00,0.103,µg/m³,VOC,GC-MS
40203,FOREST HILLS,4-Ethyltoluene,1992-08-13T00:00,0.155,µg/m³,VOC,GC-MS
40203,FOREST HILLS,4-Ethyltoluene,1992-08-13T00:00,0.182,µg/m³,VOC,GC-MS
40203,FOREST HILLS,4-Ethyltoluene,1992-08-13T00:00,0.194,µg/m³,VOC,GC-MS
40203,FOREST HILLS,4-Ethyltoluene,1992-08-13T00:00,0.249,µg/m³,VOC,GC-MS
40203,FOREST HILLS,4-Ethyltoluene,1992-08-13T00:00,0.277,µg/m³,VOC,GC-MS
40203,FOREST HILLS,4-Ethyltoluene,1992-08-13T00:00,0.382,µg/m³,VOC,GC-MS
40203,FOREST HILLS,4-Ethyltoluene,1992-08-13T00:00,0.404,µg/m³,VOC,GC-MS
40203,FOREST HILLS,4-Ethyltoluene,1992-08-19T00:00,0.202,µg/m³,VOC,GC-MS
40203,FOREST HILLS,4-Ethyltoluene,1992-08-19T00:00,0.204,µg/m³,VOC,GC-MS
40203,FOREST HILLS,4-Ethyltoluene,1992-08-19T00:00,0.236,µg/m³,VOC,GC-MS
40203,FOREST HILLS,4-Ethyltoluene,1992-08-19T00:00,0.432,µg/m³,VOC,GC-MS
40203,FOREST HILLS,4-Ethyltoluene,1992-08-19T00:00,0.921,µg/m³,VOC,GC-MS
40203,FOREST HILLS,4-Ethyltoluene,1992-08-19T00:00,1.025,µg/m³,VOC,GC-MS
40203,FOREST HILLS,4-Ethyltoluene,1992-08-19T00:00,1.051,µg/m³,VOC,GC-MS
40203,FOREST HILLS,4-Ethyltoluene,1992-08-19T00:00,1.271,µg/m³,VOC,GC-MS
40203,FOREST HILLS,4-Ethyltoluene,1992-08-25T00:00,0.332,µg/m³,VOC,GC-MS
40203,FOREST HILLS,4-Ethyltoluene,1992-08-25T00:00,0.592,µg/m³,VOC,GC-MS
40203,FOREST HILLS,4-Ethyltoluene,1992-08-25T00:00,0.677,µg/m³,VOC,GC-MS
40203,FOREST HILLS,4-Ethyltoluene,1992-08-25T00:00,0.873,µg/m³,VOC,GC-MS
40203,FOREST HILLS,4-Ethyltoluene,1992-08-25T00:00,0.877,µg/m³,VOC,GC-MS
40203,FOREST HILLS,4-Ethyltoluene,1992-08-25T00:00,0.878,µg/m³,VOC,GC-MS
40203,FOREST HILLS,4-Ethyltoluene,1992-08-25T00:00,0.948,µg/m³,VOC,GC-MS
40203,FOREST HILLS,4-Ethyltoluene,1992-08-25T00:00,1.481,µg/m³,VOC,GC-MS
40203,FOREST HILLS,4-Ethyltoluene,1992-09-03T00:00,0.000,µg/m³,VOC,GC-MS
40203,FOREST HILLS,4-Ethyltoluene,1992-09-03T00:00,0.000,µg/m³,VOC,GC-MS
40203,FOREST HILLS,4-Ethyltoluene,1992-09-03T00:00,0.000,µg/m³,VOC,GC-MS
40203,FOREST HILLS,4-Ethyltoluene,1992-09-03T00:00,0.000,µg/m³,VOC,GC-MS
40203,FOREST HILLS,4-Ethyltoluene,1992-09-03T00:00,0.000,µg/m³,VOC,GC-MS
40203,FOREST HILLS,4-Ethyltoluene,1992-09-03T00:00,0.000,µg/m³,VOC,GC-MS
40203,FOREST HILLS,4-Ethyltoluene,1992-09-03T00:00,0.045,µg/m³,VOC,GC-MS
40203,FOREST HILLS,4-Ethyltoluene,1992-09-03T00:00,0.058,µg/m³,VOC,GC-MS
40203,FOREST HILLS,4-Ethyltoluene,1992-09-09T00:00,0.103,µg/m³,VOC,GC-MS
40203,FOREST HILLS,4-Ethyltoluene,1992-09-09T00:00,0.139,µg/m³,VOC,GC-MS
40203,FOREST HILLS,4-Ethyltoluene,1992-09-09T00:00,0.183,µg/m³,VOC,GC-MS
40203,FOREST HILLS,4-Ethyltoluene,1992-09-09T00:00,0.205,µg/m³,VOC,GC-MS
40203,FOREST HILLS,4-Ethyltoluene,1992-09-09T00:00,0.214,µg/m³,VOC,GC-MS
40203,FOREST HILLS,4-Ethyltoluene,1992-09-09T00:00,0.319,µg/m³,VOC,GC-MS
40203,FOREST HILLS,4-Ethyltoluene,1992-09-09T00:00,0.375,µg/m³,VOC,GC-MS
40203,FOREST HILLS,4-Ethyltoluene,1992-09-09T00:00,0.609,µg/m³,VOC,GC-MS
40203,FOREST HILLS,4-Ethyltoluene,1992-09-21T00:00,0.146,µg/m³,VOC,GC-MS
40203,FOREST HILLS,4-Ethyltoluene,1992-09-21T00:00,0.272,µg/m³,VOC,GC-MS
40203,FOREST HILLS,4-Ethyltoluene,1992-09-21T00:00,0.283,µg/m³,VOC,GC-MS
40203,FOREST HILLS,4-Ethyltoluene,1992-09-21T00:00,0.293,µg/m³,VOC,GC-MS
40203,FOREST HILLS,4-Ethyltoluene,1992-09-21T00:00,0.321,µg/m³,VOC,GC-MS
40203,FOREST HILLS,4-Ethyltoluene,1992-09-21T00:00,0.349,µg/m³,VOC,GC-MS
40203,FOREST HILLS,4-Ethyltoluene,1992-09-21T00:00,0.562,µg/m³,VOC,GC-MS
40203,FOREST HILLS,4-Ethyltoluene,1992-09-21T00:00,0.708,µg/m³,VOC,GC-MS
40203,FOREST HILLS,4-Ethyltoluene,1992-09-27T00:00,0.037,µg/m³,VOC,GC-MS
40203,FOREST HILLS,4-Ethyltoluene,1992-09-27T00:00,0.040,µg/m³,VOC,GC-MS
40203,FOREST HILLS,4-Ethyltoluene,1992-09-27T00:00,0.057,µg/m³,VOC,GC-MS
40203,FOREST HILLS,4-Ethyltoluene,1992-09-27T00:00,0.135,µg/m³,VOC,GC-MS
40203,FOREST HILLS,4-Ethyltoluene,1992-09-27T00:00,0.242,µg/m³,VOC,GC-MS
40203,FOREST HILLS,4-Ethyltoluene,1992-09-27T00:00,0.242,µg/m³,VOC,GC-MS
40203,FOREST HILLS,4-Ethyltoluene,1992-09-27T00:00,0.333,µg/m³,VOC,GC-MS
40203,FOREST HILLS,4-Ethyltoluene,1992-09-27T00:00,0.412,µg/m³,VOC,GC-MS
40203,FOREST HILLS,4-Ethyltoluene,1992-10-03T00:00,0.046,µg/m³,VOC,GC-MS
40203,FOREST HILLS,4-Ethyltoluene,1992-10-03T00:00,0.259,µg/m³,VOC,GC-MS
40203,FOREST HILLS,4-Ethyltoluene,1992-10-03T00:00,0.288,µg/m³,VOC,GC-MS
40203,FOREST HILLS,4-Ethyltoluene,1992-10-03T00:00,0.359,µg/m³,VOC,GC-MS
40203,FOREST HILLS,4-Ethyltoluene,1992-10-03T00:00,0.396,µg/m³,VOC,GC-MS
40203,FOREST HILLS,4-Ethyltoluene,1992-10-03T00:00,0.397,µg/m³,VOC,GC-MS
40203,FOREST HILLS,4-Ethyltoluene,1992-10-03T00:00,0.510,µg/m³,VOC,GC-MS
40203,FOREST HILLS,4-Ethyltoluene,1992-10-03T00:00,0.511,µg/m³,VOC,GC-MS
40203,FOREST HILLS,4-Ethyltoluene,1992-10-09T00:00,0.141,µg/m³,VOC,GC-MS
40203,FOREST HILLS,4-Ethyltoluene,1992-10-09T00:00,0.144,µg/m³,VOC,GC-MS
40203,FOREST HILLS,4-Ethyltoluene,1992-10-09T00:00,0.170,µg/m³,VOC,GC-MS
40203,FOREST HILLS,4-Ethyltoluene,1992-10-09T00:00,0.232,µg/m³,VOC,GC-MS
40203,FOREST HILLS,4-Ethyltoluene,1992-10-09T00:00,0.328,µg/m³,VOC,GC-MS
40203,FOREST HILLS,4-Ethyltoluene,1992-10-09T00:00,0.470,µg/m³,VOC,GC-MS
40203,FOREST HILLS,4-Ethyltoluene,1992-10-09T00:00,0.546,µg/m³,VOC,GC-MS
40203,FOREST HILLS,4-Ethyltoluene,1992-10-09T00:00,0.628,µg/m³,VOC,GC-MS
40203,FOREST HILLS,4-Ethyltoluene,1992-10-15T00:00,0.080,µg/m³,VOC,GC-MS
40203,FOREST HILLS,4-Ethyltoluene,1992-10-15T00:00,0.082,µg/m³,VOC,GC-MS
40203,FOREST HILLS,4-Ethyltoluene,1992-10-15T00:00,0.105,µg/m³,VOC,GC-MS
40203,FOREST HILLS,4-Ethyltoluene,1992-10-15T00:00,0.140,µg/m³,VOC,GC-MS
40203,FOREST HILLS,4-Ethyltoluene,1992-10-15T00:00,0.175,µg/m³,VOC,GC-MS
40203,FOREST HILLS,4-Ethyltoluene,1992-10-15T00:00,0.237,µg/m³,VOC,GC-MS
40203,FOREST HILLS,4-Ethyltoluene,1992-10-15T00:00,0.394,µg/m³,VOC,GC-MS
40203,FOREST HILLS,4-Ethyltoluene,1992-10-15T00:00,0.562,µg/m³,VOC,GC-MS
40203,FOREST HILLS,4-Ethyltoluene,1992-10-21T00:00,0.023,µg/m³,VOC,GC-MS
40203,FOREST HILLS,4-Ethyltoluene,1992-10-21T00:00,0.039,µg/m³,VOC,GC-MS
40203,FOREST HILLS,4-Ethyltoluene,1992-10-21T00:00,0.040,µg/m³,VOC,GC-MS
40203,FOREST HILLS,4-Ethyltoluene,1992-10-21T00:00,0.071,µg/m³,VOC,GC-MS
40203,FOREST HILLS,4-Ethyltoluene,1992-10-21T00:00,0.099,µg/m³,VOC,GC-MS
40203,FOREST HILLS,4-Ethyltoluene,1992-10-21T00:00,0.172,µg/m³,VOC,GC-MS
40203,FOREST HILLS,4-Ethyltoluene,1992-10-21T00:00,0.245,µg/m³,VOC,GC-MS
40203,FOREST HILLS,4-Ethyltoluene,1992-10-21T00:00,0.308,µg/m³,VOC,GC-MS
40203,FOREST HILLS,4-Ethyltoluene,1992-10-27T00:00,0.031,µg/m³,VOC,GC-MS
40203,FOREST HILLS,4-Ethyltoluene,1992-10-27T00:00,0.063,µg/m³,VOC,GC-MS
40203,FOREST HILLS,4-Ethyltoluene,1992-10-27T00:00,0.068,µg/m³,VOC,GC-MS
40203,FOREST HILLS,4-Ethyltoluene,1992-10-27T00:00,0.072,µg/m³,VOC,GC-MS
40203,FOREST HILLS,4-Ethyltoluene,1992-10-27T00:00,0.073,µg/m³,VOC,GC-MS
40203,FOREST HILLS,4-Ethyltoluene,1992-10-27T00:00,0.087,µg/m³,VOC,GC-MS
40203,FOREST HILLS,4-Ethyltoluene,1992-10-27T00:00,0.096,µg/m³,VOC,GC-MS
40203,FOREST HILLS,4-Ethyltoluene,1992-10-27T00:00,0.103,µg/m³,VOC,GC-MS
