﻿NAPS_Site_ID,Station_Name,Pollutant,Date,Value,Units,Report_Type,Method
101101,CHILLIWACK AIRPORT,trans-3-Heptene,2013-01-28T00:00,0.003,µg/m³,VOC,GC-MS
101101,CHILLIWACK AIRPORT,trans-3-Heptene,2013-02-09T00:00,0.005,µg/m³,VOC,GC-MS
101101,CHILLIWACK AIRPORT,trans-3-Heptene,2013-03-05T00:00,0.000,µg/m³,VOC,GC-MS
101101,CHILLIWACK AIRPORT,trans-3-Heptene,2013-03-11T00:00,0.002,µg/m³,VOC,GC-MS
101101,CHILLIWACK AIRPORT,trans-3-Heptene,2013-03-17T00:00,0.000,µg/m³,VOC,GC-MS
101101,CHILLIWACK AIRPORT,trans-3-Heptene,2013-04-10T00:00,0.003,µg/m³,VOC,GC-MS
101101,CHILLIWACK AIRPORT,trans-3-Heptene,2013-04-22T00:00,0.000,µg/m³,VOC,GC-MS
101101,CHILLIWACK AIRPORT,trans-3-Heptene,2013-05-04T00:00,0.006,µg/m³,VOC,GC-MS
101101,CHILLIWACK AIRPORT,trans-3-Heptene,2013-05-16T00:00,0.002,µg/m³,VOC,GC-MS
101101,CHILLIWACK AIRPORT,trans-3-Heptene,2013-05-28T00:00,0.018,µg/m³,VOC,GC-MS
101101,CHILLIWACK AIRPORT,trans-3-Heptene,2013-06-09T00:00,0.063,µg/m³,VOC,GC-MS
101101,CHILLIWACK AIRPORT,trans-3-Heptene,2013-06-21T00:00,0.003,µg/m³,VOC,GC-MS
101101,CHILLIWACK AIRPORT,trans-3-Heptene,2013-07-15T00:00,0.004,µg/m³,VOC,GC-MS
101101,CHILLIWACK AIRPORT,trans-3-Heptene,2013-07-27T00:00,0.004,µg/m³,VOC,GC-MS
101101,CHILLIWACK AIRPORT,trans-3-Heptene,2013-08-08T00:00,0.004,µg/m³,VOC,GC-MS
101101,CHILLIWACK AIRPORT,trans-3-Heptene,2013-08-20T00:00,0.005,µg/m³,VOC,GC-MS
101101,CHILLIWACK AIRPORT,trans-3-Heptene,2013-09-01T00:00,0.030,µg/m³,VOC,GC-MS
101101,CHILLIWACK AIRPORT,trans-3-Heptene,2013-09-13T00:00,0.005,µg/m³,VOC,GC-MS
101101,CHILLIWACK AIRPORT,trans-3-Heptene,2013-10-07T00:00,0.156,µg/m³,VOC,GC-MS
101101,CHILLIWACK AIRPORT,trans-3-Heptene,2013-10-31T00:00,0.010,µg/m³,VOC,GC-MS
101101,CHILLIWACK AIRPORT,trans-3-Heptene,2013-11-12T00:00,0.006,µg/m³,VOC,GC-MS
101101,CHILLIWACK AIRPORT,trans-3-Heptene,2013-11-24T00:00,0.002,µg/m³,VOC,GC-MS
101101,CHILLIWACK AIRPORT,trans-3-Heptene,2013-12-06T00:00,0.002,µg/m³,VOC,GC-MS
101101,CHILLIWACK AIRPORT,trans-3-Heptene,2013-12-18T00:00,0.005,µg/m³,VOC,GC-MS
101101,CHILLIWACK AIRPORT,trans-3-Heptene,2013-12-30T00:00,0.004,µg/m³,VOC,GC-MS
