﻿NAPS_Site_ID,Station_Name,Pollutant,Date,Value,Units,Report_Type,Method
101301,LANGLEY CENTRAL,"2,4-Dimethylpentane",1996-01-10T00:00,0.030,µg/m³,VOC,GC-MS
101301,LANGLEY CENTRAL,"2,4-Dimethylpentane",1996-02-15T00:00,1.011,µg/m³,VOC,GC-MS
101301,LANGLEY CENTRAL,"2,4-Dimethylpentane",1996-03-22T00:00,0.150,µg/m³,VOC,GC-MS
101301,LANGLEY CENTRAL,"2,4-Dimethylpentane",1996-04-27T00:00,0.098,µg/m³,VOC,GC-MS
101301,LANGLEY CENTRAL,"2,4-Dimethylpentane",1996-06-02T00:00,0.135,µg/m³,VOC,GC-MS
101301,LANGLEY CENTRAL,"2,4-Dimethylpentane",1996-07-14T00:00,0.450,µg/m³,VOC,GC-MS
101301,LANGLEY CENTRAL,"2,4-Dimethylpentane",1996-08-25T00:00,0.560,µg/m³,VOC,GC-MS
101301,LANGLEY CENTRAL,"2,4-Dimethylpentane",1996-09-30T00:00,0.115,µg/m³,VOC,GC-MS
101301,LANGLEY CENTRAL,"2,4-Dimethylpentane",1996-11-05T00:00,0.228,µg/m³,VOC,GC-MS
101301,LANGLEY CENTRAL,"2,4-Dimethylpentane",1996-12-17T00:00,0.500,µg/m³,VOC,GC-MS
