﻿NAPS_Site_ID,Station_Name,Pollutant,Date,Value,Units,Report_Type,Method
60413,CENTENNIAL PARK _ETOBICOKE WEST_,Freon 22,2005-01-04T00:00,0.755,µg/m³,VOC,
60413,CENTENNIAL PARK _ETOBICOKE WEST_,Freon 22,2005-01-10T00:00,0.674,µg/m³,VOC,
60413,CENTENNIAL PARK _ETOBICOKE WEST_,Freon 22,2005-01-16T00:00,0.711,µg/m³,VOC,
60413,CENTENNIAL PARK _ETOBICOKE WEST_,Freon 22,2005-01-22T00:00,0.665,µg/m³,VOC,
60413,CENTENNIAL PARK _ETOBICOKE WEST_,Freon 22,2005-01-28T00:00,1.082,µg/m³,VOC,
60413,CENTENNIAL PARK _ETOBICOKE WEST_,Freon 22,2005-02-03T00:00,1.147,µg/m³,VOC,
60413,CENTENNIAL PARK _ETOBICOKE WEST_,Freon 22,2005-02-09T00:00,0.670,µg/m³,VOC,
60413,CENTENNIAL PARK _ETOBICOKE WEST_,Freon 22,2005-02-15T00:00,0.782,µg/m³,VOC,
60413,CENTENNIAL PARK _ETOBICOKE WEST_,Freon 22,2005-02-21T00:00,0.739,µg/m³,VOC,
60413,CENTENNIAL PARK _ETOBICOKE WEST_,Freon 22,2005-02-27T00:00,0.664,µg/m³,VOC,
60413,CENTENNIAL PARK _ETOBICOKE WEST_,Freon 22,2005-03-05T00:00,0.801,µg/m³,VOC,
60413,CENTENNIAL PARK _ETOBICOKE WEST_,Freon 22,2005-03-11T00:00,0.690,µg/m³,VOC,
60413,CENTENNIAL PARK _ETOBICOKE WEST_,Freon 22,2005-03-17T00:00,0.715,µg/m³,VOC,
60413,CENTENNIAL PARK _ETOBICOKE WEST_,Freon 22,2005-03-23T00:00,0.621,µg/m³,VOC,
60413,CENTENNIAL PARK _ETOBICOKE WEST_,Freon 22,2005-03-29T00:00,0.872,µg/m³,VOC,
60413,CENTENNIAL PARK _ETOBICOKE WEST_,Freon 22,2005-04-10T00:00,0.926,µg/m³,VOC,
60413,CENTENNIAL PARK _ETOBICOKE WEST_,Freon 22,2005-04-16T00:00,1.312,µg/m³,VOC,
60413,CENTENNIAL PARK _ETOBICOKE WEST_,Freon 22,2005-04-22T00:00,0.940,µg/m³,VOC,
60413,CENTENNIAL PARK _ETOBICOKE WEST_,Freon 22,2005-05-10T00:00,1.669,µg/m³,VOC,
60413,CENTENNIAL PARK _ETOBICOKE WEST_,Freon 22,2005-05-16T00:00,0.732,µg/m³,VOC,
60413,CENTENNIAL PARK _ETOBICOKE WEST_,Freon 22,2005-05-22T00:00,0.733,µg/m³,VOC,
60413,CENTENNIAL PARK _ETOBICOKE WEST_,Freon 22,2005-05-28T00:00,0.956,µg/m³,VOC,
60413,CENTENNIAL PARK _ETOBICOKE WEST_,Freon 22,2005-06-03T00:00,1.008,µg/m³,VOC,
60413,CENTENNIAL PARK _ETOBICOKE WEST_,Freon 22,2005-06-09T00:00,1.444,µg/m³,VOC,
60413,CENTENNIAL PARK _ETOBICOKE WEST_,Freon 22,2005-06-15T00:00,0.801,µg/m³,VOC,
60413,CENTENNIAL PARK _ETOBICOKE WEST_,Freon 22,2005-06-21T00:00,0.961,µg/m³,VOC,
60413,CENTENNIAL PARK _ETOBICOKE WEST_,Freon 22,2005-06-27T00:00,1.405,µg/m³,VOC,
60413,CENTENNIAL PARK _ETOBICOKE WEST_,Freon 22,2005-07-03T00:00,1.258,µg/m³,VOC,
60413,CENTENNIAL PARK _ETOBICOKE WEST_,Freon 22,2005-07-09T00:00,0.830,µg/m³,VOC,
60413,CENTENNIAL PARK _ETOBICOKE WEST_,Freon 22,2005-07-15T00:00,0.886,µg/m³,VOC,
60413,CENTENNIAL PARK _ETOBICOKE WEST_,Freon 22,2005-07-21T00:00,0.891,µg/m³,VOC,
60413,CENTENNIAL PARK _ETOBICOKE WEST_,Freon 22,2005-07-27T00:00,0.927,µg/m³,VOC,
60413,CENTENNIAL PARK _ETOBICOKE WEST_,Freon 22,2005-08-02T00:00,1.064,µg/m³,VOC,
60413,CENTENNIAL PARK _ETOBICOKE WEST_,Freon 22,2005-08-08T00:00,1.287,µg/m³,VOC,
60413,CENTENNIAL PARK _ETOBICOKE WEST_,Freon 22,2005-08-14T00:00,0.898,µg/m³,VOC,
60413,CENTENNIAL PARK _ETOBICOKE WEST_,Freon 22,2005-08-20T00:00,0.784,µg/m³,VOC,
60413,CENTENNIAL PARK _ETOBICOKE WEST_,Freon 22,2005-08-26T00:00,1.373,µg/m³,VOC,
60413,CENTENNIAL PARK _ETOBICOKE WEST_,Freon 22,2005-09-01T00:00,0.815,µg/m³,VOC,
60413,CENTENNIAL PARK _ETOBICOKE WEST_,Freon 22,2005-09-07T00:00,1.258,µg/m³,VOC,
60413,CENTENNIAL PARK _ETOBICOKE WEST_,Freon 22,2005-09-13T00:00,1.190,µg/m³,VOC,
60413,CENTENNIAL PARK _ETOBICOKE WEST_,Freon 22,2005-09-19T00:00,1.380,µg/m³,VOC,
60413,CENTENNIAL PARK _ETOBICOKE WEST_,Freon 22,2005-09-25T00:00,1.441,µg/m³,VOC,
60413,CENTENNIAL PARK _ETOBICOKE WEST_,Freon 22,2005-10-01T00:00,1.136,µg/m³,VOC,
60413,CENTENNIAL PARK _ETOBICOKE WEST_,Freon 22,2005-10-07T00:00,0.773,µg/m³,VOC,
60413,CENTENNIAL PARK _ETOBICOKE WEST_,Freon 22,2005-10-13T00:00,0.876,µg/m³,VOC,
60413,CENTENNIAL PARK _ETOBICOKE WEST_,Freon 22,2005-10-19T00:00,0.906,µg/m³,VOC,
60413,CENTENNIAL PARK _ETOBICOKE WEST_,Freon 22,2005-10-25T00:00,0.620,µg/m³,VOC,
60413,CENTENNIAL PARK _ETOBICOKE WEST_,Freon 22,2005-10-31T00:00,0.799,µg/m³,VOC,
60413,CENTENNIAL PARK _ETOBICOKE WEST_,Freon 22,2005-11-06T00:00,0.807,µg/m³,VOC,
60413,CENTENNIAL PARK _ETOBICOKE WEST_,Freon 22,2005-11-12T00:00,1.152,µg/m³,VOC,
60413,CENTENNIAL PARK _ETOBICOKE WEST_,Freon 22,2005-11-18T00:00,0.681,µg/m³,VOC,
60413,CENTENNIAL PARK _ETOBICOKE WEST_,Freon 22,2005-11-24T00:00,0.608,µg/m³,VOC,
60413,CENTENNIAL PARK _ETOBICOKE WEST_,Freon 22,2005-11-30T00:00,0.706,µg/m³,VOC,
60413,CENTENNIAL PARK _ETOBICOKE WEST_,Freon 22,2005-12-06T00:00,1.974,µg/m³,VOC,
60413,CENTENNIAL PARK _ETOBICOKE WEST_,Freon 22,2005-12-12T00:00,0.670,µg/m³,VOC,
60413,CENTENNIAL PARK _ETOBICOKE WEST_,Freon 22,2005-12-18T00:00,0.687,µg/m³,VOC,
60413,CENTENNIAL PARK _ETOBICOKE WEST_,Freon 22,2005-12-24T00:00,1.054,µg/m³,VOC,
60413,CENTENNIAL PARK _ETOBICOKE WEST_,Freon 22,2005-12-30T00:00,0.639,µg/m³,VOC,
