﻿NAPS_Site_ID,Station_Name,Pollutant,Date,Value,Units,Report_Type,Method
30118,VOGUE BUILDING,2-Methyl-2-Butene,1991-01-06T00:00,1.392,µg/m³,VOC,GC-MS
30118,VOGUE BUILDING,2-Methyl-2-Butene,1991-01-12T00:00,1.977,µg/m³,VOC,GC-MS
30118,VOGUE BUILDING,2-Methyl-2-Butene,1991-01-18T00:00,1.437,µg/m³,VOC,GC-MS
30118,VOGUE BUILDING,2-Methyl-2-Butene,1991-01-24T00:00,1.026,µg/m³,VOC,GC-MS
30118,VOGUE BUILDING,2-Methyl-2-Butene,1991-01-30T00:00,2.711,µg/m³,VOC,GC-MS
30118,VOGUE BUILDING,2-Methyl-2-Butene,1991-02-11T00:00,1.344,µg/m³,VOC,GC-MS
30118,VOGUE BUILDING,2-Methyl-2-Butene,1991-02-17T00:00,0.512,µg/m³,VOC,GC-MS
30118,VOGUE BUILDING,2-Methyl-2-Butene,1991-02-23T00:00,0.570,µg/m³,VOC,GC-MS
30118,VOGUE BUILDING,2-Methyl-2-Butene,1991-03-01T00:00,3.927,µg/m³,VOC,GC-MS
30118,VOGUE BUILDING,2-Methyl-2-Butene,1991-03-07T00:00,3.019,µg/m³,VOC,GC-MS
30118,VOGUE BUILDING,2-Methyl-2-Butene,1991-03-13T00:00,0.716,µg/m³,VOC,GC-MS
30118,VOGUE BUILDING,2-Methyl-2-Butene,1991-03-19T00:00,1.492,µg/m³,VOC,GC-MS
30118,VOGUE BUILDING,2-Methyl-2-Butene,1991-03-25T00:00,0.943,µg/m³,VOC,GC-MS
30118,VOGUE BUILDING,2-Methyl-2-Butene,1991-03-31T00:00,0.662,µg/m³,VOC,GC-MS
30118,VOGUE BUILDING,2-Methyl-2-Butene,1991-04-06T00:00,2.612,µg/m³,VOC,GC-MS
30118,VOGUE BUILDING,2-Methyl-2-Butene,1991-04-12T00:00,0.767,µg/m³,VOC,GC-MS
30118,VOGUE BUILDING,2-Methyl-2-Butene,1991-04-18T00:00,2.004,µg/m³,VOC,GC-MS
30118,VOGUE BUILDING,2-Methyl-2-Butene,1991-04-24T00:00,1.663,µg/m³,VOC,GC-MS
30118,VOGUE BUILDING,2-Methyl-2-Butene,1991-04-30T00:00,1.404,µg/m³,VOC,GC-MS
30118,VOGUE BUILDING,2-Methyl-2-Butene,1991-05-06T00:00,1.567,µg/m³,VOC,GC-MS
30118,VOGUE BUILDING,2-Methyl-2-Butene,1991-05-12T00:00,0.985,µg/m³,VOC,GC-MS
30118,VOGUE BUILDING,2-Methyl-2-Butene,1991-05-18T00:00,0.747,µg/m³,VOC,GC-MS
30118,VOGUE BUILDING,2-Methyl-2-Butene,1991-05-24T00:00,2.658,µg/m³,VOC,GC-MS
30118,VOGUE BUILDING,2-Methyl-2-Butene,1991-05-30T00:00,2.598,µg/m³,VOC,GC-MS
30118,VOGUE BUILDING,2-Methyl-2-Butene,1991-06-05T00:00,1.186,µg/m³,VOC,GC-MS
30118,VOGUE BUILDING,2-Methyl-2-Butene,1991-06-11T00:00,1.146,µg/m³,VOC,GC-MS
30118,VOGUE BUILDING,2-Methyl-2-Butene,1991-06-29T00:00,0.699,µg/m³,VOC,GC-MS
30118,VOGUE BUILDING,2-Methyl-2-Butene,1991-07-05T00:00,1.809,µg/m³,VOC,GC-MS
30118,VOGUE BUILDING,2-Methyl-2-Butene,1991-07-11T00:00,1.041,µg/m³,VOC,GC-MS
30118,VOGUE BUILDING,2-Methyl-2-Butene,1991-07-17T00:00,0.907,µg/m³,VOC,GC-MS
30118,VOGUE BUILDING,2-Methyl-2-Butene,1991-07-23T00:00,1.493,µg/m³,VOC,GC-MS
30118,VOGUE BUILDING,2-Methyl-2-Butene,1991-07-29T00:00,1.893,µg/m³,VOC,GC-MS
30118,VOGUE BUILDING,2-Methyl-2-Butene,1991-08-04T00:00,1.381,µg/m³,VOC,GC-MS
30118,VOGUE BUILDING,2-Methyl-2-Butene,1991-08-10T00:00,1.828,µg/m³,VOC,GC-MS
30118,VOGUE BUILDING,2-Methyl-2-Butene,1991-08-16T00:00,0.955,µg/m³,VOC,GC-MS
30118,VOGUE BUILDING,2-Methyl-2-Butene,1991-08-22T00:00,1.713,µg/m³,VOC,GC-MS
30118,VOGUE BUILDING,2-Methyl-2-Butene,1991-08-28T00:00,2.466,µg/m³,VOC,GC-MS
30118,VOGUE BUILDING,2-Methyl-2-Butene,1991-09-03T00:00,0.767,µg/m³,VOC,GC-MS
30118,VOGUE BUILDING,2-Methyl-2-Butene,1991-09-09T00:00,0.753,µg/m³,VOC,GC-MS
30118,VOGUE BUILDING,2-Methyl-2-Butene,1991-10-15T00:00,0.932,µg/m³,VOC,GC-MS
30118,VOGUE BUILDING,2-Methyl-2-Butene,1991-10-21T00:00,0.772,µg/m³,VOC,GC-MS
30118,VOGUE BUILDING,2-Methyl-2-Butene,1991-10-27T00:00,0.690,µg/m³,VOC,GC-MS
30118,VOGUE BUILDING,2-Methyl-2-Butene,1991-11-02T00:00,6.510,µg/m³,VOC,GC-MS
30118,VOGUE BUILDING,2-Methyl-2-Butene,1991-11-08T00:00,1.035,µg/m³,VOC,GC-MS
30118,VOGUE BUILDING,2-Methyl-2-Butene,1991-11-14T00:00,0.533,µg/m³,VOC,GC-MS
30118,VOGUE BUILDING,2-Methyl-2-Butene,1991-11-20T00:00,1.646,µg/m³,VOC,GC-MS
