﻿NAPS_Site_ID,Station_Name,Pollutant,Date,Value,Units,Report_Type,Method
50104,ONTARIO,Iron,1997-01-04T00:00,0.010,µg/m³,DICHOT,EDXRF
50104,ONTARIO,Iron,1997-01-04T00:00,0.046,µg/m³,DICHOT,EDXRF
50104,ONTARIO,Iron,1997-01-10T00:00,0.030,µg/m³,DICHOT,EDXRF
50104,ONTARIO,Iron,1997-01-10T00:00,0.034,µg/m³,DICHOT,EDXRF
50104,ONTARIO,Iron,1997-01-28T00:00,0.013,µg/m³,DICHOT,EDXRF
50104,ONTARIO,Iron,1997-01-28T00:00,0.035,µg/m³,DICHOT,EDXRF
50104,ONTARIO,Iron,1997-02-15T00:00,0.054,µg/m³,DICHOT,EDXRF
50104,ONTARIO,Iron,1997-02-15T00:00,0.075,µg/m³,DICHOT,EDXRF
50104,ONTARIO,Iron,1997-02-21T00:00,0.110,µg/m³,DICHOT,EDXRF
50104,ONTARIO,Iron,1997-02-21T00:00,0.160,µg/m³,DICHOT,EDXRF
50104,ONTARIO,Iron,1997-02-27T00:00,0.042,µg/m³,DICHOT,EDXRF
50104,ONTARIO,Iron,1997-02-27T00:00,0.092,µg/m³,DICHOT,EDXRF
50104,ONTARIO,Iron,1997-03-05T00:00,0.031,µg/m³,DICHOT,EDXRF
50104,ONTARIO,Iron,1997-03-05T00:00,0.117,µg/m³,DICHOT,EDXRF
50104,ONTARIO,Iron,1997-03-17T00:00,0.012,µg/m³,DICHOT,EDXRF
50104,ONTARIO,Iron,1997-03-17T00:00,0.085,µg/m³,DICHOT,EDXRF
50104,ONTARIO,Iron,1997-03-23T00:00,0.000,µg/m³,DICHOT,EDXRF
50104,ONTARIO,Iron,1997-03-23T00:00,0.135,µg/m³,DICHOT,EDXRF
50104,ONTARIO,Iron,1997-06-21T00:00,0.045,µg/m³,DICHOT,EDXRF
50104,ONTARIO,Iron,1997-06-21T00:00,0.172,µg/m³,DICHOT,EDXRF
50104,ONTARIO,Iron,1997-06-27T00:00,0.022,µg/m³,DICHOT,EDXRF
50104,ONTARIO,Iron,1997-06-27T00:00,0.163,µg/m³,DICHOT,EDXRF
50104,ONTARIO,Iron,1997-07-03T00:00,0.045,µg/m³,DICHOT,EDXRF
50104,ONTARIO,Iron,1997-07-03T00:00,0.219,µg/m³,DICHOT,EDXRF
50104,ONTARIO,Iron,1997-07-09T00:00,0.066,µg/m³,DICHOT,EDXRF
50104,ONTARIO,Iron,1997-07-09T00:00,0.272,µg/m³,DICHOT,EDXRF
50104,ONTARIO,Iron,1997-07-21T00:00,0.050,µg/m³,DICHOT,EDXRF
50104,ONTARIO,Iron,1997-07-21T00:00,0.224,µg/m³,DICHOT,EDXRF
50104,ONTARIO,Iron,1997-08-02T00:00,0.055,µg/m³,DICHOT,EDXRF
50104,ONTARIO,Iron,1997-08-02T00:00,0.187,µg/m³,DICHOT,EDXRF
50104,ONTARIO,Iron,1997-08-08T00:00,0.056,µg/m³,DICHOT,EDXRF
50104,ONTARIO,Iron,1997-08-08T00:00,0.269,µg/m³,DICHOT,EDXRF
50104,ONTARIO,Iron,1997-08-14T00:00,0.041,µg/m³,DICHOT,EDXRF
50104,ONTARIO,Iron,1997-08-14T00:00,0.195,µg/m³,DICHOT,EDXRF
50104,ONTARIO,Iron,1997-09-07T00:00,0.046,µg/m³,DICHOT,EDXRF
50104,ONTARIO,Iron,1997-09-07T00:00,0.179,µg/m³,DICHOT,EDXRF
50104,ONTARIO,Iron,1997-09-13T00:00,0.036,µg/m³,DICHOT,EDXRF
50104,ONTARIO,Iron,1997-09-13T00:00,0.152,µg/m³,DICHOT,EDXRF
50104,ONTARIO,Iron,1997-09-19T00:00,0.074,µg/m³,DICHOT,EDXRF
50104,ONTARIO,Iron,1997-09-19T00:00,0.343,µg/m³,DICHOT,EDXRF
50104,ONTARIO,Iron,1997-10-01T00:00,0.019,µg/m³,DICHOT,EDXRF
50104,ONTARIO,Iron,1997-10-01T00:00,0.110,µg/m³,DICHOT,EDXRF
50104,ONTARIO,Iron,1997-10-13T00:00,0.058,µg/m³,DICHOT,EDXRF
50104,ONTARIO,Iron,1997-10-13T00:00,0.337,µg/m³,DICHOT,EDXRF
50104,ONTARIO,Iron,1997-10-19T00:00,0.085,µg/m³,DICHOT,EDXRF
50104,ONTARIO,Iron,1997-10-19T00:00,0.322,µg/m³,DICHOT,EDXRF
50104,ONTARIO,Iron,1997-10-25T00:00,0.056,µg/m³,DICHOT,EDXRF
50104,ONTARIO,Iron,1997-10-25T00:00,0.159,µg/m³,DICHOT,EDXRF
50104,ONTARIO,Iron,1997-10-31T00:00,0.083,µg/m³,DICHOT,EDXRF
50104,ONTARIO,Iron,1997-10-31T00:00,0.435,µg/m³,DICHOT,EDXRF
50104,ONTARIO,Iron,1997-11-06T00:00,0.164,µg/m³,DICHOT,EDXRF
50104,ONTARIO,Iron,1997-11-06T00:00,0.544,µg/m³,DICHOT,EDXRF
50104,ONTARIO,Iron,1997-11-12T00:00,0.049,µg/m³,DICHOT,EDXRF
50104,ONTARIO,Iron,1997-11-12T00:00,0.160,µg/m³,DICHOT,EDXRF
50104,ONTARIO,Iron,1997-11-18T00:00,0.126,µg/m³,DICHOT,EDXRF
50104,ONTARIO,Iron,1997-11-18T00:00,0.336,µg/m³,DICHOT,EDXRF
50104,ONTARIO,Iron,1997-11-24T00:00,0.031,µg/m³,DICHOT,EDXRF
50104,ONTARIO,Iron,1997-11-24T00:00,0.096,µg/m³,DICHOT,EDXRF
50104,ONTARIO,Iron,1997-11-30T00:00,0.035,µg/m³,DICHOT,EDXRF
50104,ONTARIO,Iron,1997-11-30T00:00,0.108,µg/m³,DICHOT,EDXRF
50104,ONTARIO,Iron,1997-12-06T00:00,0.009,µg/m³,DICHOT,EDXRF
50104,ONTARIO,Iron,1997-12-06T00:00,0.036,µg/m³,DICHOT,EDXRF
50104,ONTARIO,Iron,1997-12-18T00:00,0.056,µg/m³,DICHOT,EDXRF
50104,ONTARIO,Iron,1997-12-18T00:00,0.444,µg/m³,DICHOT,EDXRF
50104,ONTARIO,Iron,1997-12-24T00:00,0.030,µg/m³,DICHOT,EDXRF
50104,ONTARIO,Iron,1997-12-24T00:00,0.155,µg/m³,DICHOT,EDXRF
50104,ONTARIO,Iron,1997-12-30T00:00,0.000,µg/m³,DICHOT,EDXRF
50104,ONTARIO,Iron,1997-12-30T00:00,0.054,µg/m³,DICHOT,EDXRF
