﻿NAPS_Site_ID,Station_Name,Pollutant,Date,Value,Units,Report_Type,Method
55201,LEMIEUX,cis-2-Hexene,2015-12-31T19:00,0.003,µg/m³,VOC,GC-MS
55201,LEMIEUX,cis-2-Hexene,2016-01-03T19:00,0.001,µg/m³,VOC,GC-MS
55201,LEMIEUX,cis-2-Hexene,2016-01-06T19:00,0.003,µg/m³,VOC,GC-MS
55201,LEMIEUX,cis-2-Hexene,2016-01-09T19:00,0.006,µg/m³,VOC,GC-MS
55201,LEMIEUX,cis-2-Hexene,2016-01-12T19:00,0.001,µg/m³,VOC,GC-MS
55201,LEMIEUX,cis-2-Hexene,2016-01-15T19:00,0.001,µg/m³,VOC,GC-MS
55201,LEMIEUX,cis-2-Hexene,2016-01-18T19:00,0.002,µg/m³,VOC,GC-MS
55201,LEMIEUX,cis-2-Hexene,2016-01-21T19:00,0.002,µg/m³,VOC,GC-MS
55201,LEMIEUX,cis-2-Hexene,2016-01-24T19:00,0.002,µg/m³,VOC,GC-MS
55201,LEMIEUX,cis-2-Hexene,2016-01-27T19:00,0.004,µg/m³,VOC,GC-MS
55201,LEMIEUX,cis-2-Hexene,2016-01-30T19:00,0.002,µg/m³,VOC,GC-MS
55201,LEMIEUX,cis-2-Hexene,2016-02-05T19:00,0.000,µg/m³,VOC,GC-MS
55201,LEMIEUX,cis-2-Hexene,2016-02-08T19:00,0.004,µg/m³,VOC,GC-MS
55201,LEMIEUX,cis-2-Hexene,2016-02-11T19:00,0.000,µg/m³,VOC,GC-MS
55201,LEMIEUX,cis-2-Hexene,2016-02-14T19:00,0.000,µg/m³,VOC,GC-MS
55201,LEMIEUX,cis-2-Hexene,2016-02-17T19:00,0.002,µg/m³,VOC,GC-MS
55201,LEMIEUX,cis-2-Hexene,2016-02-20T19:00,0.000,µg/m³,VOC,GC-MS
55201,LEMIEUX,cis-2-Hexene,2016-02-23T19:00,0.004,µg/m³,VOC,GC-MS
55201,LEMIEUX,cis-2-Hexene,2016-02-26T19:00,0.002,µg/m³,VOC,GC-MS
55201,LEMIEUX,cis-2-Hexene,2016-02-29T19:00,0.002,µg/m³,VOC,GC-MS
55201,LEMIEUX,cis-2-Hexene,2016-03-03T19:00,0.004,µg/m³,VOC,GC-MS
55201,LEMIEUX,cis-2-Hexene,2016-03-06T19:00,0.002,µg/m³,VOC,GC-MS
55201,LEMIEUX,cis-2-Hexene,2016-03-09T19:00,0.000,µg/m³,VOC,GC-MS
55201,LEMIEUX,cis-2-Hexene,2016-03-12T19:00,0.000,µg/m³,VOC,GC-MS
55201,LEMIEUX,cis-2-Hexene,2016-03-15T20:00,0.004,µg/m³,VOC,GC-MS
55201,LEMIEUX,cis-2-Hexene,2016-03-18T20:00,0.002,µg/m³,VOC,GC-MS
55201,LEMIEUX,cis-2-Hexene,2016-03-21T20:00,0.000,µg/m³,VOC,GC-MS
55201,LEMIEUX,cis-2-Hexene,2016-03-24T20:00,0.004,µg/m³,VOC,GC-MS
55201,LEMIEUX,cis-2-Hexene,2016-03-27T20:00,0.004,µg/m³,VOC,GC-MS
55201,LEMIEUX,cis-2-Hexene,2016-03-30T20:00,0.002,µg/m³,VOC,GC-MS
55201,LEMIEUX,cis-2-Hexene,2016-04-02T20:00,0.002,µg/m³,VOC,GC-MS
55201,LEMIEUX,cis-2-Hexene,2016-04-05T20:00,0.002,µg/m³,VOC,GC-MS
55201,LEMIEUX,cis-2-Hexene,2016-04-08T20:00,0.002,µg/m³,VOC,GC-MS
55201,LEMIEUX,cis-2-Hexene,2016-04-11T20:00,0.004,µg/m³,VOC,GC-MS
55201,LEMIEUX,cis-2-Hexene,2016-04-14T20:00,0.002,µg/m³,VOC,GC-MS
