﻿NAPS_Site_ID,Station_Name,Pollutant,Date,Value,Units,Report_Type,Method
60211,WINDSOR WEST,N_NO3,2009-04-04T00:00,0.163,µg/m³,SPEC,
60211,WINDSOR WEST,N_NO3,2009-04-07T00:00,0.180,µg/m³,SPEC,
60211,WINDSOR WEST,N_NO3,2009-04-10T00:00,0.740,µg/m³,SPEC,
60211,WINDSOR WEST,N_NO3,2009-04-13T00:00,0.754,µg/m³,SPEC,
60211,WINDSOR WEST,N_NO3,2009-04-19T00:00,1.398,µg/m³,SPEC,
60211,WINDSOR WEST,N_NO3,2009-04-22T00:00,0.067,µg/m³,SPEC,
60211,WINDSOR WEST,N_NO3,2009-04-25T00:00,0.243,µg/m³,SPEC,
60211,WINDSOR WEST,N_NO3,2009-04-28T00:00,0.364,µg/m³,SPEC,
60211,WINDSOR WEST,N_NO3,2009-05-01T00:00,0.614,µg/m³,SPEC,
60211,WINDSOR WEST,N_NO3,2009-05-04T00:00,0.352,µg/m³,SPEC,
60211,WINDSOR WEST,N_NO3,2009-05-13T00:00,0.880,µg/m³,SPEC,
60211,WINDSOR WEST,N_NO3,2009-05-16T00:00,0.963,µg/m³,SPEC,
60211,WINDSOR WEST,N_NO3,2009-05-19T00:00,0.360,µg/m³,SPEC,
60211,WINDSOR WEST,N_NO3,2009-05-22T00:00,0.191,µg/m³,SPEC,
60211,WINDSOR WEST,N_NO3,2009-05-31T00:00,0.124,µg/m³,SPEC,
60211,WINDSOR WEST,N_NO3,2009-06-03T00:00,0.741,µg/m³,SPEC,
60211,WINDSOR WEST,N_NO3,2009-06-06T00:00,0.460,µg/m³,SPEC,
60211,WINDSOR WEST,N_NO3,2009-06-09T00:00,1.274,µg/m³,SPEC,
60211,WINDSOR WEST,N_NO3,2009-06-12T00:00,0.101,µg/m³,SPEC,
60211,WINDSOR WEST,N_NO3,2009-06-15T00:00,0.219,µg/m³,SPEC,
60211,WINDSOR WEST,N_NO3,2009-06-18T00:00,2.388,µg/m³,SPEC,
60211,WINDSOR WEST,N_NO3,2009-06-21T00:00,0.841,µg/m³,SPEC,
60211,WINDSOR WEST,N_NO3,2009-06-24T00:00,0.402,µg/m³,SPEC,
60211,WINDSOR WEST,N_NO3,2009-06-27T00:00,0.715,µg/m³,SPEC,
60211,WINDSOR WEST,N_NO3,2009-06-30T00:00,0.211,µg/m³,SPEC,
60211,WINDSOR WEST,N_NO3,2009-07-03T00:00,0.105,µg/m³,SPEC,
60211,WINDSOR WEST,N_NO3,2009-07-15T00:00,0.236,µg/m³,SPEC,
60211,WINDSOR WEST,N_NO3,2009-07-18T00:00,0.169,µg/m³,SPEC,
60211,WINDSOR WEST,N_NO3,2009-07-21T00:00,0.312,µg/m³,SPEC,
60211,WINDSOR WEST,N_NO3,2009-07-30T00:00,0.265,µg/m³,SPEC,
60211,WINDSOR WEST,N_NO3,2009-08-02T00:00,0.280,µg/m³,SPEC,
60211,WINDSOR WEST,N_NO3,2009-08-05T00:00,0.175,µg/m³,SPEC,
60211,WINDSOR WEST,N_NO3,2009-08-08T00:00,0.592,µg/m³,SPEC,
60211,WINDSOR WEST,N_NO3,2009-08-11T00:00,0.505,µg/m³,SPEC,
60211,WINDSOR WEST,N_NO3,2009-08-14T00:00,0.852,µg/m³,SPEC,
60211,WINDSOR WEST,N_NO3,2009-08-17T00:00,0.355,µg/m³,SPEC,
60211,WINDSOR WEST,N_NO3,2009-08-26T00:00,0.639,µg/m³,SPEC,
60211,WINDSOR WEST,N_NO3,2009-08-29T00:00,1.564,µg/m³,SPEC,
60211,WINDSOR WEST,N_NO3,2009-09-04T00:00,2.134,µg/m³,SPEC,
60211,WINDSOR WEST,N_NO3,2009-09-07T00:00,0.640,µg/m³,SPEC,
60211,WINDSOR WEST,N_NO3,2009-09-10T00:00,0.725,µg/m³,SPEC,
60211,WINDSOR WEST,N_NO3,2009-09-13T00:00,0.482,µg/m³,SPEC,
60211,WINDSOR WEST,N_NO3,2009-09-16T00:00,0.120,µg/m³,SPEC,
60211,WINDSOR WEST,N_NO3,2009-09-19T00:00,0.106,µg/m³,SPEC,
60211,WINDSOR WEST,N_NO3,2009-09-28T00:00,0.297,µg/m³,SPEC,
60211,WINDSOR WEST,N_NO3,2009-10-01T00:00,0.488,µg/m³,SPEC,
60211,WINDSOR WEST,N_NO3,2009-10-04T00:00,0.256,µg/m³,SPEC,
60211,WINDSOR WEST,N_NO3,2009-10-10T00:00,0.070,µg/m³,SPEC,
60211,WINDSOR WEST,N_NO3,2009-10-16T00:00,0.264,µg/m³,SPEC,
60211,WINDSOR WEST,N_NO3,2009-10-19T00:00,1.409,µg/m³,SPEC,
60211,WINDSOR WEST,N_NO3,2009-10-22T00:00,0.776,µg/m³,SPEC,
60211,WINDSOR WEST,N_NO3,2009-10-25T00:00,1.116,µg/m³,SPEC,
60211,WINDSOR WEST,N_NO3,2009-10-28T00:00,2.195,µg/m³,SPEC,
60211,WINDSOR WEST,N_NO3,2009-10-31T00:00,0.215,µg/m³,SPEC,
60211,WINDSOR WEST,N_NO3,2009-11-03T00:00,0.725,µg/m³,SPEC,
60211,WINDSOR WEST,N_NO3,2009-11-06T00:00,0.350,µg/m³,SPEC,
60211,WINDSOR WEST,N_NO3,2009-11-21T00:00,1.362,µg/m³,SPEC,
60211,WINDSOR WEST,N_NO3,2009-11-24T00:00,0.891,µg/m³,SPEC,
60211,WINDSOR WEST,N_NO3,2009-11-27T00:00,0.123,µg/m³,SPEC,
60211,WINDSOR WEST,N_NO3,2009-11-30T00:00,0.377,µg/m³,SPEC,
60211,WINDSOR WEST,N_NO3,2009-12-03T00:00,0.749,µg/m³,SPEC,
60211,WINDSOR WEST,N_NO3,2009-12-06T00:00,0.673,µg/m³,SPEC,
60211,WINDSOR WEST,N_NO3,2009-12-12T00:00,0.865,µg/m³,SPEC,
60211,WINDSOR WEST,N_NO3,2009-12-15T00:00,1.064,µg/m³,SPEC,
60211,WINDSOR WEST,N_NO3,2009-12-21T00:00,0.690,µg/m³,SPEC,
60211,WINDSOR WEST,N_NO3,2009-12-24T00:00,0.267,µg/m³,SPEC,
60211,WINDSOR WEST,N_NO3,2009-12-27T00:00,0.427,µg/m³,SPEC,
60211,WINDSOR WEST,N_NO3,2009-12-30T00:00,0.302,µg/m³,SPEC,
