﻿NAPS_Site_ID,Station_Name,Pollutant,Date,Value,Units,Report_Type,Method
61602,BRONTE RD. & WOBURN CRES. _OAKVILLE_,cis-2-Pentene,2002-01-02T00:00,1.570,µg/m³,VOC,GC-MS
61602,BRONTE RD. & WOBURN CRES. _OAKVILLE_,cis-2-Pentene,2002-01-08T00:00,0.450,µg/m³,VOC,GC-MS
61602,BRONTE RD. & WOBURN CRES. _OAKVILLE_,cis-2-Pentene,2002-01-14T00:00,0.230,µg/m³,VOC,GC-MS
61602,BRONTE RD. & WOBURN CRES. _OAKVILLE_,cis-2-Pentene,2002-01-20T00:00,0.840,µg/m³,VOC,GC-MS
61602,BRONTE RD. & WOBURN CRES. _OAKVILLE_,cis-2-Pentene,2002-01-26T00:00,0.880,µg/m³,VOC,GC-MS
61602,BRONTE RD. & WOBURN CRES. _OAKVILLE_,cis-2-Pentene,2002-02-01T00:00,0.310,µg/m³,VOC,GC-MS
61602,BRONTE RD. & WOBURN CRES. _OAKVILLE_,cis-2-Pentene,2002-02-07T00:00,0.860,µg/m³,VOC,GC-MS
61602,BRONTE RD. & WOBURN CRES. _OAKVILLE_,cis-2-Pentene,2002-02-13T00:00,0.300,µg/m³,VOC,GC-MS
61602,BRONTE RD. & WOBURN CRES. _OAKVILLE_,cis-2-Pentene,2002-02-19T00:00,0.380,µg/m³,VOC,GC-MS
61602,BRONTE RD. & WOBURN CRES. _OAKVILLE_,cis-2-Pentene,2002-02-25T00:00,0.790,µg/m³,VOC,GC-MS
61602,BRONTE RD. & WOBURN CRES. _OAKVILLE_,cis-2-Pentene,2002-03-03T00:00,0.710,µg/m³,VOC,GC-MS
61602,BRONTE RD. & WOBURN CRES. _OAKVILLE_,cis-2-Pentene,2002-03-09T00:00,1.050,µg/m³,VOC,GC-MS
61602,BRONTE RD. & WOBURN CRES. _OAKVILLE_,cis-2-Pentene,2002-03-15T00:00,0.230,µg/m³,VOC,GC-MS
61602,BRONTE RD. & WOBURN CRES. _OAKVILLE_,cis-2-Pentene,2002-03-21T00:00,0.350,µg/m³,VOC,GC-MS
61602,BRONTE RD. & WOBURN CRES. _OAKVILLE_,cis-2-Pentene,2002-03-27T00:00,0.840,µg/m³,VOC,GC-MS
61602,BRONTE RD. & WOBURN CRES. _OAKVILLE_,cis-2-Pentene,2002-04-02T00:00,0.330,µg/m³,VOC,GC-MS
61602,BRONTE RD. & WOBURN CRES. _OAKVILLE_,cis-2-Pentene,2002-04-08T00:00,0.079,µg/m³,VOC,GC-MS
61602,BRONTE RD. & WOBURN CRES. _OAKVILLE_,cis-2-Pentene,2002-04-14T00:00,0.095,µg/m³,VOC,GC-MS
61602,BRONTE RD. & WOBURN CRES. _OAKVILLE_,cis-2-Pentene,2002-04-20T00:00,0.026,µg/m³,VOC,GC-MS
61602,BRONTE RD. & WOBURN CRES. _OAKVILLE_,cis-2-Pentene,2002-04-26T00:00,0.366,µg/m³,VOC,GC-MS
61602,BRONTE RD. & WOBURN CRES. _OAKVILLE_,cis-2-Pentene,2002-05-02T00:00,0.399,µg/m³,VOC,GC-MS
61602,BRONTE RD. & WOBURN CRES. _OAKVILLE_,cis-2-Pentene,2002-05-08T00:00,0.019,µg/m³,VOC,GC-MS
61602,BRONTE RD. & WOBURN CRES. _OAKVILLE_,cis-2-Pentene,2002-05-14T00:00,0.061,µg/m³,VOC,GC-MS
61602,BRONTE RD. & WOBURN CRES. _OAKVILLE_,cis-2-Pentene,2002-05-20T00:00,0.089,µg/m³,VOC,GC-MS
61602,BRONTE RD. & WOBURN CRES. _OAKVILLE_,cis-2-Pentene,2002-05-26T00:00,0.837,µg/m³,VOC,GC-MS
61602,BRONTE RD. & WOBURN CRES. _OAKVILLE_,cis-2-Pentene,2002-06-01T00:00,2.300,µg/m³,VOC,GC-MS
61602,BRONTE RD. & WOBURN CRES. _OAKVILLE_,cis-2-Pentene,2002-06-07T00:00,0.078,µg/m³,VOC,GC-MS
61602,BRONTE RD. & WOBURN CRES. _OAKVILLE_,cis-2-Pentene,2002-06-13T00:00,0.048,µg/m³,VOC,GC-MS
61602,BRONTE RD. & WOBURN CRES. _OAKVILLE_,cis-2-Pentene,2002-06-19T00:00,0.085,µg/m³,VOC,GC-MS
61602,BRONTE RD. & WOBURN CRES. _OAKVILLE_,cis-2-Pentene,2002-06-25T00:00,3.599,µg/m³,VOC,GC-MS
61602,BRONTE RD. & WOBURN CRES. _OAKVILLE_,cis-2-Pentene,2002-07-01T00:00,7.383,µg/m³,VOC,GC-MS
61602,BRONTE RD. & WOBURN CRES. _OAKVILLE_,cis-2-Pentene,2002-07-13T00:00,1.007,µg/m³,VOC,GC-MS
61602,BRONTE RD. & WOBURN CRES. _OAKVILLE_,cis-2-Pentene,2002-07-19T00:00,0.068,µg/m³,VOC,GC-MS
61602,BRONTE RD. & WOBURN CRES. _OAKVILLE_,cis-2-Pentene,2002-07-25T00:00,0.068,µg/m³,VOC,GC-MS
61602,BRONTE RD. & WOBURN CRES. _OAKVILLE_,cis-2-Pentene,2002-07-31T00:00,1.559,µg/m³,VOC,GC-MS
61602,BRONTE RD. & WOBURN CRES. _OAKVILLE_,cis-2-Pentene,2002-08-06T00:00,0.030,µg/m³,VOC,GC-MS
61602,BRONTE RD. & WOBURN CRES. _OAKVILLE_,cis-2-Pentene,2002-08-12T00:00,6.067,µg/m³,VOC,GC-MS
61602,BRONTE RD. & WOBURN CRES. _OAKVILLE_,cis-2-Pentene,2002-08-18T00:00,1.322,µg/m³,VOC,GC-MS
61602,BRONTE RD. & WOBURN CRES. _OAKVILLE_,cis-2-Pentene,2002-08-24T00:00,0.076,µg/m³,VOC,GC-MS
61602,BRONTE RD. & WOBURN CRES. _OAKVILLE_,cis-2-Pentene,2002-08-30T00:00,0.359,µg/m³,VOC,GC-MS
61602,BRONTE RD. & WOBURN CRES. _OAKVILLE_,cis-2-Pentene,2002-09-05T00:00,0.066,µg/m³,VOC,GC-MS
61602,BRONTE RD. & WOBURN CRES. _OAKVILLE_,cis-2-Pentene,2002-09-11T00:00,0.039,µg/m³,VOC,GC-MS
61602,BRONTE RD. & WOBURN CRES. _OAKVILLE_,cis-2-Pentene,2002-09-17T00:00,0.718,µg/m³,VOC,GC-MS
61602,BRONTE RD. & WOBURN CRES. _OAKVILLE_,cis-2-Pentene,2002-09-23T00:00,0.742,µg/m³,VOC,GC-MS
61602,BRONTE RD. & WOBURN CRES. _OAKVILLE_,cis-2-Pentene,2002-09-29T00:00,0.120,µg/m³,VOC,GC-MS
61602,BRONTE RD. & WOBURN CRES. _OAKVILLE_,cis-2-Pentene,2002-10-05T00:00,0.522,µg/m³,VOC,GC-MS
61602,BRONTE RD. & WOBURN CRES. _OAKVILLE_,cis-2-Pentene,2002-10-11T00:00,0.087,µg/m³,VOC,GC-MS
61602,BRONTE RD. & WOBURN CRES. _OAKVILLE_,cis-2-Pentene,2002-10-17T00:00,0.223,µg/m³,VOC,GC-MS
61602,BRONTE RD. & WOBURN CRES. _OAKVILLE_,cis-2-Pentene,2002-10-23T00:00,0.071,µg/m³,VOC,GC-MS
61602,BRONTE RD. & WOBURN CRES. _OAKVILLE_,cis-2-Pentene,2002-10-29T00:00,0.065,µg/m³,VOC,GC-MS
61602,BRONTE RD. & WOBURN CRES. _OAKVILLE_,cis-2-Pentene,2002-11-04T00:00,1.276,µg/m³,VOC,GC-MS
61602,BRONTE RD. & WOBURN CRES. _OAKVILLE_,cis-2-Pentene,2002-11-10T00:00,0.207,µg/m³,VOC,GC-MS
61602,BRONTE RD. & WOBURN CRES. _OAKVILLE_,cis-2-Pentene,2002-11-16T00:00,0.082,µg/m³,VOC,GC-MS
61602,BRONTE RD. & WOBURN CRES. _OAKVILLE_,cis-2-Pentene,2002-11-22T00:00,0.021,µg/m³,VOC,GC-MS
61602,BRONTE RD. & WOBURN CRES. _OAKVILLE_,cis-2-Pentene,2002-11-28T00:00,2.482,µg/m³,VOC,GC-MS
61602,BRONTE RD. & WOBURN CRES. _OAKVILLE_,cis-2-Pentene,2002-12-04T00:00,1.866,µg/m³,VOC,GC-MS
61602,BRONTE RD. & WOBURN CRES. _OAKVILLE_,cis-2-Pentene,2002-12-10T00:00,1.347,µg/m³,VOC,GC-MS
61602,BRONTE RD. & WOBURN CRES. _OAKVILLE_,cis-2-Pentene,2002-12-16T00:00,0.052,µg/m³,VOC,GC-MS
61602,BRONTE RD. & WOBURN CRES. _OAKVILLE_,cis-2-Pentene,2002-12-22T00:00,2.967,µg/m³,VOC,GC-MS
61602,BRONTE RD. & WOBURN CRES. _OAKVILLE_,cis-2-Pentene,2002-12-28T00:00,1.586,µg/m³,VOC,GC-MS
