﻿NAPS_Site_ID,Station_Name,Pollutant,Date,Value,Units,Report_Type,Method
60211,WINDSOR WEST,Cyclopentane,2008-01-01T00:00,0.099,µg/m³,VOC,N/A
60211,WINDSOR WEST,Cyclopentane,2008-01-07T00:00,0.056,µg/m³,VOC,N/A
60211,WINDSOR WEST,Cyclopentane,2008-01-13T00:00,0.089,µg/m³,VOC,N/A
60211,WINDSOR WEST,Cyclopentane,2008-01-19T00:00,0.055,µg/m³,VOC,N/A
60211,WINDSOR WEST,Cyclopentane,2008-01-25T00:00,0.060,µg/m³,VOC,N/A
60211,WINDSOR WEST,Cyclopentane,2008-01-31T00:00,0.085,µg/m³,VOC,N/A
60211,WINDSOR WEST,Cyclopentane,2008-02-06T00:00,0.104,µg/m³,VOC,N/A
60211,WINDSOR WEST,Cyclopentane,2008-02-12T00:00,0.103,µg/m³,VOC,N/A
60211,WINDSOR WEST,Cyclopentane,2008-02-24T00:00,0.096,µg/m³,VOC,N/A
60211,WINDSOR WEST,Cyclopentane,2008-03-01T00:00,0.118,µg/m³,VOC,N/A
60211,WINDSOR WEST,Cyclopentane,2008-03-07T00:00,0.064,µg/m³,VOC,N/A
60211,WINDSOR WEST,Cyclopentane,2008-03-13T00:00,0.089,µg/m³,VOC,N/A
60211,WINDSOR WEST,Cyclopentane,2008-03-25T00:00,0.042,µg/m³,VOC,N/A
60211,WINDSOR WEST,Cyclopentane,2008-03-31T00:00,0.034,µg/m³,VOC,N/A
60211,WINDSOR WEST,Cyclopentane,2008-06-29T00:00,0.132,µg/m³,VOC,N/A
60211,WINDSOR WEST,Cyclopentane,2008-07-05T00:00,0.352,µg/m³,VOC,N/A
60211,WINDSOR WEST,Cyclopentane,2008-07-17T00:00,0.112,µg/m³,VOC,N/A
60211,WINDSOR WEST,Cyclopentane,2008-08-04T00:00,0.088,µg/m³,VOC,N/A
60211,WINDSOR WEST,Cyclopentane,2008-08-10T00:00,0.090,µg/m³,VOC,N/A
60211,WINDSOR WEST,Cyclopentane,2008-08-16T00:00,0.335,µg/m³,VOC,N/A
60211,WINDSOR WEST,Cyclopentane,2008-08-22T00:00,0.060,µg/m³,VOC,N/A
60211,WINDSOR WEST,Cyclopentane,2008-08-28T00:00,0.161,µg/m³,VOC,N/A
60211,WINDSOR WEST,Cyclopentane,2008-09-03T00:00,0.335,µg/m³,VOC,N/A
60211,WINDSOR WEST,Cyclopentane,2008-09-09T00:00,0.077,µg/m³,VOC,N/A
60211,WINDSOR WEST,Cyclopentane,2008-09-15T00:00,0.070,µg/m³,VOC,N/A
60211,WINDSOR WEST,Cyclopentane,2008-09-21T00:00,0.208,µg/m³,VOC,N/A
60211,WINDSOR WEST,Cyclopentane,2008-09-27T00:00,0.165,µg/m³,VOC,N/A
60211,WINDSOR WEST,Cyclopentane,2008-10-03T00:00,0.161,µg/m³,VOC,N/A
60211,WINDSOR WEST,Cyclopentane,2008-10-09T00:00,0.102,µg/m³,VOC,N/A
60211,WINDSOR WEST,Cyclopentane,2008-10-15T00:00,0.804,µg/m³,VOC,N/A
60211,WINDSOR WEST,Cyclopentane,2008-10-21T00:00,0.054,µg/m³,VOC,N/A
60211,WINDSOR WEST,Cyclopentane,2008-10-27T00:00,0.057,µg/m³,VOC,N/A
60211,WINDSOR WEST,Cyclopentane,2008-11-02T00:00,0.078,µg/m³,VOC,N/A
60211,WINDSOR WEST,Cyclopentane,2008-11-08T00:00,0.045,µg/m³,VOC,N/A
60211,WINDSOR WEST,Cyclopentane,2008-11-14T00:00,0.097,µg/m³,VOC,N/A
60211,WINDSOR WEST,Cyclopentane,2008-12-02T00:00,0.038,µg/m³,VOC,N/A
60211,WINDSOR WEST,Cyclopentane,2008-12-14T00:00,0.047,µg/m³,VOC,N/A
60211,WINDSOR WEST,Cyclopentane,2008-12-20T00:00,0.067,µg/m³,VOC,N/A
60211,WINDSOR WEST,Cyclopentane,2008-12-26T00:00,0.101,µg/m³,VOC,N/A
