﻿NAPS_Site_ID,Station_Name,Pollutant,Date,Value,Units,Report_Type,Method
61004,CENTENNIAL PARK _SARNIA_,Dodecane,2007-01-06T00:00,0.073,µg/m³,VOC,N/A
61004,CENTENNIAL PARK _SARNIA_,Dodecane,2007-01-12T00:00,0.301,µg/m³,VOC,N/A
61004,CENTENNIAL PARK _SARNIA_,Dodecane,2007-01-18T00:00,0.292,µg/m³,VOC,N/A
61004,CENTENNIAL PARK _SARNIA_,Dodecane,2007-01-24T00:00,0.039,µg/m³,VOC,N/A
61004,CENTENNIAL PARK _SARNIA_,Dodecane,2007-01-30T00:00,0.097,µg/m³,VOC,N/A
61004,CENTENNIAL PARK _SARNIA_,Dodecane,2007-02-05T00:00,0.000,µg/m³,VOC,N/A
61004,CENTENNIAL PARK _SARNIA_,Dodecane,2007-02-11T00:00,0.030,µg/m³,VOC,N/A
61004,CENTENNIAL PARK _SARNIA_,Dodecane,2007-02-17T00:00,0.087,µg/m³,VOC,N/A
61004,CENTENNIAL PARK _SARNIA_,Dodecane,2007-02-23T00:00,0.017,µg/m³,VOC,N/A
61004,CENTENNIAL PARK _SARNIA_,Dodecane,2007-03-07T00:00,0.141,µg/m³,VOC,N/A
61004,CENTENNIAL PARK _SARNIA_,Dodecane,2007-03-13T00:00,0.682,µg/m³,VOC,N/A
61004,CENTENNIAL PARK _SARNIA_,Dodecane,2007-03-19T00:00,0.275,µg/m³,VOC,N/A
61004,CENTENNIAL PARK _SARNIA_,Dodecane,2007-03-25T00:00,0.237,µg/m³,VOC,N/A
61004,CENTENNIAL PARK _SARNIA_,Dodecane,2007-03-31T00:00,0.097,µg/m³,VOC,N/A
61004,CENTENNIAL PARK _SARNIA_,Dodecane,2007-04-06T00:00,0.039,µg/m³,VOC,N/A
61004,CENTENNIAL PARK _SARNIA_,Dodecane,2007-04-12T00:00,0.132,µg/m³,VOC,N/A
61004,CENTENNIAL PARK _SARNIA_,Dodecane,2007-04-18T00:00,0.085,µg/m³,VOC,N/A
61004,CENTENNIAL PARK _SARNIA_,Dodecane,2007-04-24T00:00,0.166,µg/m³,VOC,N/A
61004,CENTENNIAL PARK _SARNIA_,Dodecane,2007-04-30T00:00,0.071,µg/m³,VOC,N/A
61004,CENTENNIAL PARK _SARNIA_,Dodecane,2007-05-06T00:00,0.044,µg/m³,VOC,N/A
61004,CENTENNIAL PARK _SARNIA_,Dodecane,2007-05-12T00:00,0.018,µg/m³,VOC,N/A
61004,CENTENNIAL PARK _SARNIA_,Dodecane,2007-05-18T00:00,0.102,µg/m³,VOC,N/A
61004,CENTENNIAL PARK _SARNIA_,Dodecane,2007-05-24T00:00,0.879,µg/m³,VOC,N/A
61004,CENTENNIAL PARK _SARNIA_,Dodecane,2007-06-11T00:00,0.110,µg/m³,VOC,N/A
61004,CENTENNIAL PARK _SARNIA_,Dodecane,2007-06-17T00:00,0.182,µg/m³,VOC,N/A
61004,CENTENNIAL PARK _SARNIA_,Dodecane,2007-06-23T00:00,0.465,µg/m³,VOC,N/A
61004,CENTENNIAL PARK _SARNIA_,Dodecane,2007-07-05T00:00,0.985,µg/m³,VOC,N/A
61004,CENTENNIAL PARK _SARNIA_,Dodecane,2007-07-11T00:00,0.185,µg/m³,VOC,N/A
61004,CENTENNIAL PARK _SARNIA_,Dodecane,2007-07-17T00:00,0.283,µg/m³,VOC,N/A
61004,CENTENNIAL PARK _SARNIA_,Dodecane,2007-07-29T00:00,0.048,µg/m³,VOC,N/A
61004,CENTENNIAL PARK _SARNIA_,Dodecane,2007-08-04T00:00,0.044,µg/m³,VOC,N/A
61004,CENTENNIAL PARK _SARNIA_,Dodecane,2007-08-10T00:00,0.090,µg/m³,VOC,N/A
61004,CENTENNIAL PARK _SARNIA_,Dodecane,2007-08-16T00:00,0.712,µg/m³,VOC,N/A
61004,CENTENNIAL PARK _SARNIA_,Dodecane,2007-08-22T00:00,0.299,µg/m³,VOC,N/A
61004,CENTENNIAL PARK _SARNIA_,Dodecane,2007-09-03T00:00,0.207,µg/m³,VOC,N/A
61004,CENTENNIAL PARK _SARNIA_,Dodecane,2007-09-09T00:00,0.073,µg/m³,VOC,N/A
61004,CENTENNIAL PARK _SARNIA_,Dodecane,2007-09-15T00:00,0.203,µg/m³,VOC,N/A
61004,CENTENNIAL PARK _SARNIA_,Dodecane,2007-09-21T00:00,0.555,µg/m³,VOC,N/A
61004,CENTENNIAL PARK _SARNIA_,Dodecane,2007-09-27T00:00,0.145,µg/m³,VOC,N/A
61004,CENTENNIAL PARK _SARNIA_,Dodecane,2007-10-03T00:00,0.245,µg/m³,VOC,N/A
61004,CENTENNIAL PARK _SARNIA_,Dodecane,2007-10-15T00:00,0.500,µg/m³,VOC,N/A
61004,CENTENNIAL PARK _SARNIA_,Dodecane,2007-10-21T00:00,0.660,µg/m³,VOC,N/A
61004,CENTENNIAL PARK _SARNIA_,Dodecane,2007-10-27T00:00,0.222,µg/m³,VOC,N/A
61004,CENTENNIAL PARK _SARNIA_,Dodecane,2007-11-02T00:00,0.306,µg/m³,VOC,N/A
61004,CENTENNIAL PARK _SARNIA_,Dodecane,2007-11-08T00:00,0.221,µg/m³,VOC,N/A
61004,CENTENNIAL PARK _SARNIA_,Dodecane,2007-11-14T00:00,0.271,µg/m³,VOC,N/A
61004,CENTENNIAL PARK _SARNIA_,Dodecane,2007-11-20T00:00,0.155,µg/m³,VOC,N/A
61004,CENTENNIAL PARK _SARNIA_,Dodecane,2007-11-26T00:00,0.165,µg/m³,VOC,N/A
61004,CENTENNIAL PARK _SARNIA_,Dodecane,2007-12-02T00:00,0.124,µg/m³,VOC,N/A
61004,CENTENNIAL PARK _SARNIA_,Dodecane,2007-12-20T00:00,0.157,µg/m³,VOC,N/A
61004,CENTENNIAL PARK _SARNIA_,Dodecane,2007-12-26T00:00,0.199,µg/m³,VOC,N/A
