﻿NAPS_Site_ID,Station_Name,Pollutant,Date,Value,Units,Report_Type,Method
90227,CALGARY CENTRAL,trans-2-Hexene,1995-01-03T00:00,0.139,µg/m³,VOC,
90227,CALGARY CENTRAL,trans-2-Hexene,1995-01-09T00:00,0.257,µg/m³,VOC,
90227,CALGARY CENTRAL,trans-2-Hexene,1995-01-15T00:00,0.063,µg/m³,VOC,
90227,CALGARY CENTRAL,trans-2-Hexene,1995-01-21T00:00,0.079,µg/m³,VOC,
90227,CALGARY CENTRAL,trans-2-Hexene,1995-01-27T00:00,0.255,µg/m³,VOC,
90227,CALGARY CENTRAL,trans-2-Hexene,1995-02-02T00:00,0.131,µg/m³,VOC,
90227,CALGARY CENTRAL,trans-2-Hexene,1995-02-08T00:00,0.079,µg/m³,VOC,
90227,CALGARY CENTRAL,trans-2-Hexene,1995-02-14T00:00,0.072,µg/m³,VOC,
90227,CALGARY CENTRAL,trans-2-Hexene,1995-02-20T00:00,0.132,µg/m³,VOC,
90227,CALGARY CENTRAL,trans-2-Hexene,1995-02-26T00:00,0.046,µg/m³,VOC,
90227,CALGARY CENTRAL,trans-2-Hexene,1995-03-04T00:00,0.045,µg/m³,VOC,
90227,CALGARY CENTRAL,trans-2-Hexene,1995-03-10T00:00,0.107,µg/m³,VOC,
90227,CALGARY CENTRAL,trans-2-Hexene,1995-03-16T00:00,0.121,µg/m³,VOC,
90227,CALGARY CENTRAL,trans-2-Hexene,1995-03-22T00:00,0.076,µg/m³,VOC,
90227,CALGARY CENTRAL,trans-2-Hexene,1995-03-28T00:00,0.086,µg/m³,VOC,
90227,CALGARY CENTRAL,trans-2-Hexene,1995-04-03T00:00,0.049,µg/m³,VOC,
90227,CALGARY CENTRAL,trans-2-Hexene,1995-04-09T00:00,0.043,µg/m³,VOC,
90227,CALGARY CENTRAL,trans-2-Hexene,1995-04-15T00:00,0.053,µg/m³,VOC,
90227,CALGARY CENTRAL,trans-2-Hexene,1995-04-21T00:00,0.109,µg/m³,VOC,
90227,CALGARY CENTRAL,trans-2-Hexene,1995-04-27T00:00,0.115,µg/m³,VOC,
90227,CALGARY CENTRAL,trans-2-Hexene,1995-05-09T00:00,0.051,µg/m³,VOC,
90227,CALGARY CENTRAL,trans-2-Hexene,1995-05-15T00:00,0.053,µg/m³,VOC,
90227,CALGARY CENTRAL,trans-2-Hexene,1995-05-21T00:00,0.073,µg/m³,VOC,
90227,CALGARY CENTRAL,trans-2-Hexene,1995-05-27T00:00,0.099,µg/m³,VOC,
90227,CALGARY CENTRAL,trans-2-Hexene,1995-06-02T00:00,0.043,µg/m³,VOC,
90227,CALGARY CENTRAL,trans-2-Hexene,1995-06-08T00:00,0.037,µg/m³,VOC,
90227,CALGARY CENTRAL,trans-2-Hexene,1995-06-14T00:00,0.000,µg/m³,VOC,
90227,CALGARY CENTRAL,trans-2-Hexene,1995-06-20T00:00,0.063,µg/m³,VOC,
90227,CALGARY CENTRAL,trans-2-Hexene,1995-06-26T00:00,0.000,µg/m³,VOC,
90227,CALGARY CENTRAL,trans-2-Hexene,1995-07-02T00:00,0.000,µg/m³,VOC,
90227,CALGARY CENTRAL,trans-2-Hexene,1995-07-08T00:00,0.000,µg/m³,VOC,
90227,CALGARY CENTRAL,trans-2-Hexene,1995-07-14T00:00,0.000,µg/m³,VOC,
90227,CALGARY CENTRAL,trans-2-Hexene,1995-07-20T00:00,0.000,µg/m³,VOC,
90227,CALGARY CENTRAL,trans-2-Hexene,1995-07-26T00:00,0.000,µg/m³,VOC,
90227,CALGARY CENTRAL,trans-2-Hexene,1995-08-01T00:00,0.000,µg/m³,VOC,
90227,CALGARY CENTRAL,trans-2-Hexene,1995-08-07T00:00,0.000,µg/m³,VOC,
90227,CALGARY CENTRAL,trans-2-Hexene,1995-08-19T00:00,0.036,µg/m³,VOC,
90227,CALGARY CENTRAL,trans-2-Hexene,1995-08-25T00:00,0.074,µg/m³,VOC,
90227,CALGARY CENTRAL,trans-2-Hexene,1995-08-31T00:00,0.040,µg/m³,VOC,
90227,CALGARY CENTRAL,trans-2-Hexene,1995-09-06T00:00,0.107,µg/m³,VOC,
90227,CALGARY CENTRAL,trans-2-Hexene,1995-09-12T00:00,0.142,µg/m³,VOC,
90227,CALGARY CENTRAL,trans-2-Hexene,1995-09-18T00:00,0.063,µg/m³,VOC,
90227,CALGARY CENTRAL,trans-2-Hexene,1995-09-24T00:00,0.112,µg/m³,VOC,
90227,CALGARY CENTRAL,trans-2-Hexene,1995-09-30T00:00,0.036,µg/m³,VOC,
90227,CALGARY CENTRAL,trans-2-Hexene,1995-10-06T00:00,0.207,µg/m³,VOC,
90227,CALGARY CENTRAL,trans-2-Hexene,1995-10-12T00:00,0.132,µg/m³,VOC,
90227,CALGARY CENTRAL,trans-2-Hexene,1995-10-18T00:00,0.061,µg/m³,VOC,
90227,CALGARY CENTRAL,trans-2-Hexene,1995-10-24T00:00,0.110,µg/m³,VOC,
90227,CALGARY CENTRAL,trans-2-Hexene,1995-10-30T00:00,0.086,µg/m³,VOC,
90227,CALGARY CENTRAL,trans-2-Hexene,1995-11-05T00:00,0.039,µg/m³,VOC,
90227,CALGARY CENTRAL,trans-2-Hexene,1995-11-11T00:00,0.137,µg/m³,VOC,
90227,CALGARY CENTRAL,trans-2-Hexene,1995-11-17T00:00,0.282,µg/m³,VOC,
90227,CALGARY CENTRAL,trans-2-Hexene,1995-11-23T00:00,0.305,µg/m³,VOC,
90227,CALGARY CENTRAL,trans-2-Hexene,1995-11-29T00:00,0.078,µg/m³,VOC,
90227,CALGARY CENTRAL,trans-2-Hexene,1995-12-05T00:00,0.123,µg/m³,VOC,
90227,CALGARY CENTRAL,trans-2-Hexene,1995-12-11T00:00,0.092,µg/m³,VOC,
90227,CALGARY CENTRAL,trans-2-Hexene,1995-12-17T00:00,0.142,µg/m³,VOC,
90227,CALGARY CENTRAL,trans-2-Hexene,1995-12-23T00:00,0.025,µg/m³,VOC,
90227,CALGARY CENTRAL,trans-2-Hexene,1995-12-29T00:00,0.093,µg/m³,VOC,
