﻿NAPS_Site_ID,Station_Name,Pollutant,Date,Value,Units,Report_Type,Method
100137,BURNABY NORTH,Isopentane,2003-01-09T00:00,36.818,µg/m³,VOC,GC-MS
100137,BURNABY NORTH,Isopentane,2003-01-21T00:00,112.597,µg/m³,VOC,GC-MS
100137,BURNABY NORTH,Isopentane,2003-02-02T00:00,77.234,µg/m³,VOC,GC-MS
100137,BURNABY NORTH,Isopentane,2003-02-20T00:00,71.980,µg/m³,VOC,GC-MS
100137,BURNABY NORTH,Isopentane,2003-03-16T00:00,43.657,µg/m³,VOC,GC-MS
100137,BURNABY NORTH,Isopentane,2003-03-28T00:00,170.606,µg/m³,VOC,GC-MS
100137,BURNABY NORTH,Isopentane,2003-04-09T00:00,50.678,µg/m³,VOC,GC-MS
100137,BURNABY NORTH,Isopentane,2003-04-21T00:00,51.049,µg/m³,VOC,GC-MS
100137,BURNABY NORTH,Isopentane,2003-05-03T00:00,43.799,µg/m³,VOC,GC-MS
100137,BURNABY NORTH,Isopentane,2003-05-15T00:00,216.533,µg/m³,VOC,GC-MS
100137,BURNABY NORTH,Isopentane,2003-05-27T00:00,217.579,µg/m³,VOC,GC-MS
100137,BURNABY NORTH,Isopentane,2003-06-08T00:00,155.886,µg/m³,VOC,GC-MS
100137,BURNABY NORTH,Isopentane,2003-06-20T00:00,101.953,µg/m³,VOC,GC-MS
100137,BURNABY NORTH,Isopentane,2003-07-02T00:00,130.901,µg/m³,VOC,GC-MS
100137,BURNABY NORTH,Isopentane,2003-07-20T00:00,240.825,µg/m³,VOC,GC-MS
100137,BURNABY NORTH,Isopentane,2003-08-01T00:00,44.626,µg/m³,VOC,GC-MS
100137,BURNABY NORTH,Isopentane,2003-08-13T00:00,167.347,µg/m³,VOC,GC-MS
100137,BURNABY NORTH,Isopentane,2003-08-25T00:00,304.869,µg/m³,VOC,GC-MS
100137,BURNABY NORTH,Isopentane,2003-09-06T00:00,166.451,µg/m³,VOC,GC-MS
100137,BURNABY NORTH,Isopentane,2003-11-23T00:00,44.498,µg/m³,VOC,GC-MS
100137,BURNABY NORTH,Isopentane,2003-12-05T00:00,9.224,µg/m³,VOC,GC-MS
