﻿NAPS_Site_ID,Station_Name,Pollutant,Date,Value,Units,Report_Type,Method
60104,OTTAWA DOWNTOWN,3-Methylpentane,2002-01-02T00:00,0.420,µg/m³,VOC,
60104,OTTAWA DOWNTOWN,3-Methylpentane,2002-01-08T00:00,0.840,µg/m³,VOC,
60104,OTTAWA DOWNTOWN,3-Methylpentane,2002-01-14T00:00,0.430,µg/m³,VOC,
60104,OTTAWA DOWNTOWN,3-Methylpentane,2002-01-20T00:00,0.780,µg/m³,VOC,
60104,OTTAWA DOWNTOWN,3-Methylpentane,2002-01-26T00:00,0.470,µg/m³,VOC,
60104,OTTAWA DOWNTOWN,3-Methylpentane,2002-02-01T00:00,0.490,µg/m³,VOC,
60104,OTTAWA DOWNTOWN,3-Methylpentane,2002-02-07T00:00,1.000,µg/m³,VOC,
60104,OTTAWA DOWNTOWN,3-Methylpentane,2002-02-13T00:00,0.620,µg/m³,VOC,
60104,OTTAWA DOWNTOWN,3-Methylpentane,2002-02-19T00:00,1.460,µg/m³,VOC,
60104,OTTAWA DOWNTOWN,3-Methylpentane,2002-02-25T00:00,1.190,µg/m³,VOC,
60104,OTTAWA DOWNTOWN,3-Methylpentane,2002-03-03T00:00,0.710,µg/m³,VOC,
60104,OTTAWA DOWNTOWN,3-Methylpentane,2002-03-09T00:00,0.590,µg/m³,VOC,
60104,OTTAWA DOWNTOWN,3-Methylpentane,2002-03-15T00:00,0.320,µg/m³,VOC,
60104,OTTAWA DOWNTOWN,3-Methylpentane,2002-03-21T00:00,0.210,µg/m³,VOC,
60104,OTTAWA DOWNTOWN,3-Methylpentane,2002-03-27T00:00,0.520,µg/m³,VOC,
60104,OTTAWA DOWNTOWN,3-Methylpentane,2002-04-02T00:00,0.270,µg/m³,VOC,
60104,OTTAWA DOWNTOWN,3-Methylpentane,2002-04-20T00:00,0.062,µg/m³,VOC,
60104,OTTAWA DOWNTOWN,3-Methylpentane,2002-06-01T00:00,0.392,µg/m³,VOC,
60104,OTTAWA DOWNTOWN,3-Methylpentane,2002-06-07T00:00,0.665,µg/m³,VOC,
60104,OTTAWA DOWNTOWN,3-Methylpentane,2002-06-13T00:00,0.756,µg/m³,VOC,
60104,OTTAWA DOWNTOWN,3-Methylpentane,2002-06-19T00:00,1.186,µg/m³,VOC,
60104,OTTAWA DOWNTOWN,3-Methylpentane,2002-06-25T00:00,1.793,µg/m³,VOC,
60104,OTTAWA DOWNTOWN,3-Methylpentane,2002-07-01T00:00,0.825,µg/m³,VOC,
60104,OTTAWA DOWNTOWN,3-Methylpentane,2002-07-07T00:00,0.539,µg/m³,VOC,
60104,OTTAWA DOWNTOWN,3-Methylpentane,2002-07-13T00:00,0.641,µg/m³,VOC,
