﻿NAPS_Site_ID,Station_Name,Pollutant,Date,Value,Units,Report_Type,Method
40203,FOREST HILLS,"1,2-Dichloroethane",2021-01-04T00:00,0.066,µg/m³,VOC,GC-MS
40203,FOREST HILLS,"1,2-Dichloroethane",2021-03-05T00:00,0.066,µg/m³,VOC,GC-MS
40203,FOREST HILLS,"1,2-Dichloroethane",2021-03-11T00:00,0.069,µg/m³,VOC,GC-MS
40203,FOREST HILLS,"1,2-Dichloroethane",2021-03-29T00:00,0.071,µg/m³,VOC,GC-MS
40203,FOREST HILLS,"1,2-Dichloroethane",2021-04-04T00:00,0.071,µg/m³,VOC,GC-MS
40203,FOREST HILLS,"1,2-Dichloroethane",2021-04-10T00:00,0.070,µg/m³,VOC,GC-MS
40203,FOREST HILLS,"1,2-Dichloroethane",2021-04-16T00:00,0.067,µg/m³,VOC,GC-MS
40203,FOREST HILLS,"1,2-Dichloroethane",2021-04-22T00:00,0.070,µg/m³,VOC,GC-MS
40203,FOREST HILLS,"1,2-Dichloroethane",2021-05-10T00:00,0.079,µg/m³,VOC,GC-MS
40203,FOREST HILLS,"1,2-Dichloroethane",2021-05-16T00:00,0.073,µg/m³,VOC,GC-MS
40203,FOREST HILLS,"1,2-Dichloroethane",2021-06-03T00:00,0.064,µg/m³,VOC,GC-MS
40203,FOREST HILLS,"1,2-Dichloroethane",2021-06-09T00:00,0.066,µg/m³,VOC,GC-MS
40203,FOREST HILLS,"1,2-Dichloroethane",2021-07-09T00:00,0.041,µg/m³,VOC,GC-MS
40203,FOREST HILLS,"1,2-Dichloroethane",2021-07-15T00:00,0.061,µg/m³,VOC,GC-MS
40203,FOREST HILLS,"1,2-Dichloroethane",2021-07-21T00:00,0.045,µg/m³,VOC,GC-MS
40203,FOREST HILLS,"1,2-Dichloroethane",2021-07-27T00:00,0.054,µg/m³,VOC,GC-MS
40203,FOREST HILLS,"1,2-Dichloroethane",2021-08-02T00:00,0.047,µg/m³,VOC,GC-MS
40203,FOREST HILLS,"1,2-Dichloroethane",2021-08-08T00:00,0.044,µg/m³,VOC,GC-MS
40203,FOREST HILLS,"1,2-Dichloroethane",2021-08-20T00:00,0.045,µg/m³,VOC,GC-MS
40203,FOREST HILLS,"1,2-Dichloroethane",2021-09-07T00:00,0.041,µg/m³,VOC,GC-MS
40203,FOREST HILLS,"1,2-Dichloroethane",2021-09-13T00:00,0.045,µg/m³,VOC,GC-MS
40203,FOREST HILLS,"1,2-Dichloroethane",2021-09-19T00:00,0.043,µg/m³,VOC,GC-MS
40203,FOREST HILLS,"1,2-Dichloroethane",2021-09-25T00:00,0.038,µg/m³,VOC,GC-MS
40203,FOREST HILLS,"1,2-Dichloroethane",2021-10-01T00:00,0.042,µg/m³,VOC,GC-MS
40203,FOREST HILLS,"1,2-Dichloroethane",2021-10-07T00:00,0.044,µg/m³,VOC,GC-MS
40203,FOREST HILLS,"1,2-Dichloroethane",2021-10-13T00:00,0.042,µg/m³,VOC,GC-MS
40203,FOREST HILLS,"1,2-Dichloroethane",2021-10-19T00:00,0.042,µg/m³,VOC,GC-MS
40203,FOREST HILLS,"1,2-Dichloroethane",2021-10-25T00:00,0.042,µg/m³,VOC,GC-MS
40203,FOREST HILLS,"1,2-Dichloroethane",2021-10-31T00:00,0.048,µg/m³,VOC,GC-MS
40203,FOREST HILLS,"1,2-Dichloroethane",2021-11-06T00:00,0.042,µg/m³,VOC,GC-MS
40203,FOREST HILLS,"1,2-Dichloroethane",2021-11-12T00:00,0.046,µg/m³,VOC,GC-MS
40203,FOREST HILLS,"1,2-Dichloroethane",2021-11-18T00:00,0.054,µg/m³,VOC,GC-MS
40203,FOREST HILLS,"1,2-Dichloroethane",2021-12-27T00:00,0.056,µg/m³,VOC,GC-MS
