﻿NAPS_Site_ID,Station_Name,Pollutant,Date,Value,Units,Report_Type,Method
60512,BEASLEY PARK _HAMILTON_DOWNTOWN_,1234678-H7CDD,2005-03-23T00:00,0.114,pg/m³,PCDD,N/A
60512,BEASLEY PARK _HAMILTON_DOWNTOWN_,1234678-H7CDD,2005-04-16T00:00,0.267,pg/m³,PCDD,N/A
60512,BEASLEY PARK _HAMILTON_DOWNTOWN_,1234678-H7CDD,2005-05-10T00:00,0.242,pg/m³,PCDD,N/A
60512,BEASLEY PARK _HAMILTON_DOWNTOWN_,1234678-H7CDD,2005-06-03T00:00,0.066,pg/m³,PCDD,N/A
60512,BEASLEY PARK _HAMILTON_DOWNTOWN_,1234678-H7CDD,2005-06-27T00:00,0.119,pg/m³,PCDD,N/A
60512,BEASLEY PARK _HAMILTON_DOWNTOWN_,1234678-H7CDD,2005-07-21T00:00,0.055,pg/m³,PCDD,N/A
60512,BEASLEY PARK _HAMILTON_DOWNTOWN_,1234678-H7CDD,2005-08-14T00:00,0.702,pg/m³,PCDD,N/A
60512,BEASLEY PARK _HAMILTON_DOWNTOWN_,1234678-H7CDD,2005-10-01T00:00,0.092,pg/m³,PCDD,N/A
60512,BEASLEY PARK _HAMILTON_DOWNTOWN_,1234678-H7CDD,2005-11-18T00:00,0.112,pg/m³,PCDD,N/A
60512,BEASLEY PARK _HAMILTON_DOWNTOWN_,1234678-H7CDD,2005-12-12T00:00,0.105,pg/m³,PCDD,N/A
