﻿NAPS_Site_ID,Station_Name,Pollutant,Date,Value,Units,Report_Type,Method
60104,OTTAWA DOWNTOWN,Decane,1995-01-09T00:00,0.201,µg/m³,VOC,N/A
60104,OTTAWA DOWNTOWN,Decane,1995-01-15T00:00,0.733,µg/m³,VOC,N/A
60104,OTTAWA DOWNTOWN,Decane,1995-01-21T00:00,0.206,µg/m³,VOC,N/A
60104,OTTAWA DOWNTOWN,Decane,1995-01-27T00:00,0.017,µg/m³,VOC,N/A
60104,OTTAWA DOWNTOWN,Decane,1995-02-02T00:00,0.172,µg/m³,VOC,N/A
60104,OTTAWA DOWNTOWN,Decane,1995-02-08T00:00,0.201,µg/m³,VOC,N/A
60104,OTTAWA DOWNTOWN,Decane,1995-02-14T00:00,0.150,µg/m³,VOC,N/A
60104,OTTAWA DOWNTOWN,Decane,1995-02-26T00:00,0.071,µg/m³,VOC,N/A
60104,OTTAWA DOWNTOWN,Decane,1995-03-04T00:00,0.213,µg/m³,VOC,N/A
60104,OTTAWA DOWNTOWN,Decane,1995-03-10T00:00,0.000,µg/m³,VOC,N/A
60104,OTTAWA DOWNTOWN,Decane,1995-03-16T00:00,0.613,µg/m³,VOC,N/A
60104,OTTAWA DOWNTOWN,Decane,1995-03-22T00:00,0.179,µg/m³,VOC,N/A
60104,OTTAWA DOWNTOWN,Decane,1995-03-28T00:00,0.291,µg/m³,VOC,N/A
60104,OTTAWA DOWNTOWN,Decane,1995-04-03T00:00,0.339,µg/m³,VOC,N/A
60104,OTTAWA DOWNTOWN,Decane,1995-04-09T00:00,0.134,µg/m³,VOC,N/A
60104,OTTAWA DOWNTOWN,Decane,1995-04-15T00:00,0.081,µg/m³,VOC,N/A
60104,OTTAWA DOWNTOWN,Decane,1995-04-21T00:00,0.455,µg/m³,VOC,N/A
60104,OTTAWA DOWNTOWN,Decane,1995-04-27T00:00,0.321,µg/m³,VOC,N/A
60104,OTTAWA DOWNTOWN,Decane,1995-05-03T00:00,0.671,µg/m³,VOC,N/A
60104,OTTAWA DOWNTOWN,Decane,1995-05-09T00:00,0.993,µg/m³,VOC,N/A
60104,OTTAWA DOWNTOWN,Decane,1995-05-15T00:00,0.277,µg/m³,VOC,N/A
60104,OTTAWA DOWNTOWN,Decane,1995-05-21T00:00,0.437,µg/m³,VOC,N/A
60104,OTTAWA DOWNTOWN,Decane,1995-05-27T00:00,0.393,µg/m³,VOC,N/A
60104,OTTAWA DOWNTOWN,Decane,1995-06-02T00:00,0.933,µg/m³,VOC,N/A
60104,OTTAWA DOWNTOWN,Decane,1995-06-14T00:00,0.901,µg/m³,VOC,N/A
60104,OTTAWA DOWNTOWN,Decane,1995-06-20T00:00,1.230,µg/m³,VOC,N/A
60104,OTTAWA DOWNTOWN,Decane,1995-06-26T00:00,1.361,µg/m³,VOC,N/A
60104,OTTAWA DOWNTOWN,Decane,1995-07-02T00:00,0.409,µg/m³,VOC,N/A
60104,OTTAWA DOWNTOWN,Decane,1995-07-08T00:00,0.296,µg/m³,VOC,N/A
60104,OTTAWA DOWNTOWN,Decane,1995-07-20T00:00,0.203,µg/m³,VOC,N/A
60104,OTTAWA DOWNTOWN,Decane,1995-08-07T00:00,0.161,µg/m³,VOC,N/A
60104,OTTAWA DOWNTOWN,Decane,1995-08-19T00:00,0.223,µg/m³,VOC,N/A
60104,OTTAWA DOWNTOWN,Decane,1995-08-25T00:00,0.289,µg/m³,VOC,N/A
60104,OTTAWA DOWNTOWN,Decane,1995-08-31T00:00,0.432,µg/m³,VOC,N/A
60104,OTTAWA DOWNTOWN,Decane,1995-09-06T00:00,0.311,µg/m³,VOC,N/A
60104,OTTAWA DOWNTOWN,Decane,1995-09-12T00:00,0.585,µg/m³,VOC,N/A
60104,OTTAWA DOWNTOWN,Decane,1995-09-18T00:00,0.307,µg/m³,VOC,N/A
60104,OTTAWA DOWNTOWN,Decane,1995-09-24T00:00,0.259,µg/m³,VOC,N/A
60104,OTTAWA DOWNTOWN,Decane,1995-09-30T00:00,0.531,µg/m³,VOC,N/A
60104,OTTAWA DOWNTOWN,Decane,1995-10-06T00:00,0.072,µg/m³,VOC,N/A
60104,OTTAWA DOWNTOWN,Decane,1995-10-12T00:00,0.484,µg/m³,VOC,N/A
60104,OTTAWA DOWNTOWN,Decane,1995-10-18T00:00,0.261,µg/m³,VOC,N/A
60104,OTTAWA DOWNTOWN,Decane,1995-10-24T00:00,0.402,µg/m³,VOC,N/A
60104,OTTAWA DOWNTOWN,Decane,1995-10-30T00:00,0.129,µg/m³,VOC,N/A
60104,OTTAWA DOWNTOWN,Decane,1995-11-05T00:00,0.052,µg/m³,VOC,N/A
60104,OTTAWA DOWNTOWN,Decane,1995-11-11T00:00,0.178,µg/m³,VOC,N/A
60104,OTTAWA DOWNTOWN,Decane,1995-11-17T00:00,0.169,µg/m³,VOC,N/A
60104,OTTAWA DOWNTOWN,Decane,1995-11-29T00:00,0.146,µg/m³,VOC,N/A
60104,OTTAWA DOWNTOWN,Decane,1995-12-05T00:00,0.155,µg/m³,VOC,N/A
60104,OTTAWA DOWNTOWN,Decane,1995-12-11T00:00,0.039,µg/m³,VOC,N/A
60104,OTTAWA DOWNTOWN,Decane,1995-12-17T00:00,0.182,µg/m³,VOC,N/A
60104,OTTAWA DOWNTOWN,Decane,1995-12-23T00:00,0.056,µg/m³,VOC,N/A
60104,OTTAWA DOWNTOWN,Decane,1995-12-29T00:00,0.165,µg/m³,VOC,N/A
