﻿NAPS_Site_ID,Station_Name,Pollutant,Date,Value,Units,Report_Type,Method
100202,PRG PLAZA 400,"1,2,4-Trimethylbenzene",2015-01-05T19:00,0.205,µg/m³,VOC,GC-MS
100202,PRG PLAZA 400,"1,2,4-Trimethylbenzene",2015-01-11T19:00,0.248,µg/m³,VOC,GC-MS
100202,PRG PLAZA 400,"1,2,4-Trimethylbenzene",2015-01-17T19:00,0.195,µg/m³,VOC,GC-MS
100202,PRG PLAZA 400,"1,2,4-Trimethylbenzene",2015-01-23T19:00,0.083,µg/m³,VOC,GC-MS
100202,PRG PLAZA 400,"1,2,4-Trimethylbenzene",2015-01-29T19:00,0.210,µg/m³,VOC,GC-MS
100202,PRG PLAZA 400,"1,2,4-Trimethylbenzene",2015-02-04T19:00,0.083,µg/m³,VOC,GC-MS
100202,PRG PLAZA 400,"1,2,4-Trimethylbenzene",2015-02-10T19:00,0.427,µg/m³,VOC,GC-MS
100202,PRG PLAZA 400,"1,2,4-Trimethylbenzene",2015-02-16T19:00,0.504,µg/m³,VOC,GC-MS
100202,PRG PLAZA 400,"1,2,4-Trimethylbenzene",2015-02-22T19:00,0.588,µg/m³,VOC,GC-MS
100202,PRG PLAZA 400,"1,2,4-Trimethylbenzene",2015-02-28T19:00,0.168,µg/m³,VOC,GC-MS
100202,PRG PLAZA 400,"1,2,4-Trimethylbenzene",2015-03-06T19:00,0.168,µg/m³,VOC,GC-MS
100202,PRG PLAZA 400,"1,2,4-Trimethylbenzene",2015-03-12T20:00,0.110,µg/m³,VOC,GC-MS
100202,PRG PLAZA 400,"1,2,4-Trimethylbenzene",2015-03-18T20:00,0.359,µg/m³,VOC,GC-MS
100202,PRG PLAZA 400,"1,2,4-Trimethylbenzene",2015-03-24T20:00,0.267,µg/m³,VOC,GC-MS
100202,PRG PLAZA 400,"1,2,4-Trimethylbenzene",2015-03-30T20:00,0.066,µg/m³,VOC,GC-MS
100202,PRG PLAZA 400,"1,2,4-Trimethylbenzene",2015-04-05T20:00,0.222,µg/m³,VOC,GC-MS
100202,PRG PLAZA 400,"1,2,4-Trimethylbenzene",2015-04-11T20:00,0.060,µg/m³,VOC,GC-MS
100202,PRG PLAZA 400,"1,2,4-Trimethylbenzene",2015-04-17T20:00,0.099,µg/m³,VOC,GC-MS
100202,PRG PLAZA 400,"1,2,4-Trimethylbenzene",2015-04-23T20:00,0.106,µg/m³,VOC,GC-MS
100202,PRG PLAZA 400,"1,2,4-Trimethylbenzene",2015-04-29T20:00,0.074,µg/m³,VOC,GC-MS
100202,PRG PLAZA 400,"1,2,4-Trimethylbenzene",2015-05-05T20:00,0.106,µg/m³,VOC,GC-MS
100202,PRG PLAZA 400,"1,2,4-Trimethylbenzene",2015-05-11T20:00,0.228,µg/m³,VOC,GC-MS
100202,PRG PLAZA 400,"1,2,4-Trimethylbenzene",2015-05-17T20:00,0.132,µg/m³,VOC,GC-MS
100202,PRG PLAZA 400,"1,2,4-Trimethylbenzene",2015-05-23T20:00,0.081,µg/m³,VOC,GC-MS
100202,PRG PLAZA 400,"1,2,4-Trimethylbenzene",2015-05-29T20:00,0.081,µg/m³,VOC,GC-MS
100202,PRG PLAZA 400,"1,2,4-Trimethylbenzene",2015-06-04T20:00,0.236,µg/m³,VOC,GC-MS
100202,PRG PLAZA 400,"1,2,4-Trimethylbenzene",2015-06-10T20:00,0.040,µg/m³,VOC,GC-MS
100202,PRG PLAZA 400,"1,2,4-Trimethylbenzene",2015-06-16T20:00,0.061,µg/m³,VOC,GC-MS
100202,PRG PLAZA 400,"1,2,4-Trimethylbenzene",2015-06-22T20:00,0.136,µg/m³,VOC,GC-MS
100202,PRG PLAZA 400,"1,2,4-Trimethylbenzene",2015-06-28T20:00,0.237,µg/m³,VOC,GC-MS
100202,PRG PLAZA 400,"1,2,4-Trimethylbenzene",2015-07-04T20:00,0.104,µg/m³,VOC,GC-MS
100202,PRG PLAZA 400,"1,2,4-Trimethylbenzene",2015-07-10T20:00,0.112,µg/m³,VOC,GC-MS
100202,PRG PLAZA 400,"1,2,4-Trimethylbenzene",2015-07-16T20:00,0.155,µg/m³,VOC,GC-MS
100202,PRG PLAZA 400,"1,2,4-Trimethylbenzene",2015-07-28T20:00,0.076,µg/m³,VOC,GC-MS
100202,PRG PLAZA 400,"1,2,4-Trimethylbenzene",2015-08-03T20:00,0.101,µg/m³,VOC,GC-MS
100202,PRG PLAZA 400,"1,2,4-Trimethylbenzene",2015-08-09T20:00,0.138,µg/m³,VOC,GC-MS
100202,PRG PLAZA 400,"1,2,4-Trimethylbenzene",2015-08-15T20:00,0.158,µg/m³,VOC,GC-MS
100202,PRG PLAZA 400,"1,2,4-Trimethylbenzene",2015-08-21T20:00,0.261,µg/m³,VOC,GC-MS
100202,PRG PLAZA 400,"1,2,4-Trimethylbenzene",2015-08-27T20:00,0.232,µg/m³,VOC,GC-MS
100202,PRG PLAZA 400,"1,2,4-Trimethylbenzene",2015-09-02T20:00,0.399,µg/m³,VOC,GC-MS
100202,PRG PLAZA 400,"1,2,4-Trimethylbenzene",2015-09-08T20:00,0.149,µg/m³,VOC,GC-MS
100202,PRG PLAZA 400,"1,2,4-Trimethylbenzene",2015-09-14T20:00,0.351,µg/m³,VOC,GC-MS
100202,PRG PLAZA 400,"1,2,4-Trimethylbenzene",2015-09-20T20:00,0.143,µg/m³,VOC,GC-MS
100202,PRG PLAZA 400,"1,2,4-Trimethylbenzene",2015-09-26T20:00,0.069,µg/m³,VOC,GC-MS
100202,PRG PLAZA 400,"1,2,4-Trimethylbenzene",2015-10-02T20:00,0.171,µg/m³,VOC,GC-MS
100202,PRG PLAZA 400,"1,2,4-Trimethylbenzene",2015-10-08T20:00,0.168,µg/m³,VOC,GC-MS
100202,PRG PLAZA 400,"1,2,4-Trimethylbenzene",2015-10-14T20:00,0.330,µg/m³,VOC,GC-MS
100202,PRG PLAZA 400,"1,2,4-Trimethylbenzene",2015-10-20T20:00,0.078,µg/m³,VOC,GC-MS
100202,PRG PLAZA 400,"1,2,4-Trimethylbenzene",2015-10-26T20:00,0.069,µg/m³,VOC,GC-MS
100202,PRG PLAZA 400,"1,2,4-Trimethylbenzene",2015-11-01T19:00,0.231,µg/m³,VOC,GC-MS
100202,PRG PLAZA 400,"1,2,4-Trimethylbenzene",2015-11-07T19:00,0.057,µg/m³,VOC,GC-MS
100202,PRG PLAZA 400,"1,2,4-Trimethylbenzene",2015-11-13T19:00,0.393,µg/m³,VOC,GC-MS
100202,PRG PLAZA 400,"1,2,4-Trimethylbenzene",2015-11-19T19:00,0.285,µg/m³,VOC,GC-MS
100202,PRG PLAZA 400,"1,2,4-Trimethylbenzene",2015-11-25T19:00,0.384,µg/m³,VOC,GC-MS
100202,PRG PLAZA 400,"1,2,4-Trimethylbenzene",2015-12-01T19:00,0.151,µg/m³,VOC,GC-MS
100202,PRG PLAZA 400,"1,2,4-Trimethylbenzene",2015-12-13T19:00,0.172,µg/m³,VOC,GC-MS
100202,PRG PLAZA 400,"1,2,4-Trimethylbenzene",2015-12-19T19:00,0.081,µg/m³,VOC,GC-MS
100202,PRG PLAZA 400,"1,2,4-Trimethylbenzene",2015-12-25T19:00,0.127,µg/m³,VOC,GC-MS
