﻿NAPS_Site_ID,Station_Name,Pollutant,Date,Value,Units,Report_Type,Method
40501,PT LEPREAU - CHARLOTTE COUNTY,"1,3,5-Trimethylbenzene",1998-01-05T00:00,0.020,µg/m³,VOC,GC-MS
40501,PT LEPREAU - CHARLOTTE COUNTY,"1,3,5-Trimethylbenzene",1998-01-11T00:00,0.040,µg/m³,VOC,GC-MS
40501,PT LEPREAU - CHARLOTTE COUNTY,"1,3,5-Trimethylbenzene",1998-01-17T00:00,0.020,µg/m³,VOC,GC-MS
40501,PT LEPREAU - CHARLOTTE COUNTY,"1,3,5-Trimethylbenzene",1998-01-23T00:00,0.000,µg/m³,VOC,GC-MS
40501,PT LEPREAU - CHARLOTTE COUNTY,"1,3,5-Trimethylbenzene",1998-01-29T00:00,0.020,µg/m³,VOC,GC-MS
40501,PT LEPREAU - CHARLOTTE COUNTY,"1,3,5-Trimethylbenzene",1998-02-04T00:00,0.000,µg/m³,VOC,GC-MS
40501,PT LEPREAU - CHARLOTTE COUNTY,"1,3,5-Trimethylbenzene",1998-02-16T00:00,0.000,µg/m³,VOC,GC-MS
40501,PT LEPREAU - CHARLOTTE COUNTY,"1,3,5-Trimethylbenzene",1998-02-22T00:00,0.020,µg/m³,VOC,GC-MS
40501,PT LEPREAU - CHARLOTTE COUNTY,"1,3,5-Trimethylbenzene",1998-02-28T00:00,0.020,µg/m³,VOC,GC-MS
40501,PT LEPREAU - CHARLOTTE COUNTY,"1,3,5-Trimethylbenzene",1998-03-06T00:00,0.020,µg/m³,VOC,GC-MS
40501,PT LEPREAU - CHARLOTTE COUNTY,"1,3,5-Trimethylbenzene",1998-03-12T00:00,0.000,µg/m³,VOC,GC-MS
40501,PT LEPREAU - CHARLOTTE COUNTY,"1,3,5-Trimethylbenzene",1998-03-18T00:00,0.000,µg/m³,VOC,GC-MS
40501,PT LEPREAU - CHARLOTTE COUNTY,"1,3,5-Trimethylbenzene",1998-03-24T00:00,0.000,µg/m³,VOC,GC-MS
40501,PT LEPREAU - CHARLOTTE COUNTY,"1,3,5-Trimethylbenzene",1998-03-30T00:00,0.020,µg/m³,VOC,GC-MS
40501,PT LEPREAU - CHARLOTTE COUNTY,"1,3,5-Trimethylbenzene",1998-04-05T00:00,0.000,µg/m³,VOC,GC-MS
40501,PT LEPREAU - CHARLOTTE COUNTY,"1,3,5-Trimethylbenzene",1998-04-11T00:00,0.000,µg/m³,VOC,GC-MS
40501,PT LEPREAU - CHARLOTTE COUNTY,"1,3,5-Trimethylbenzene",1998-04-17T00:00,0.030,µg/m³,VOC,GC-MS
40501,PT LEPREAU - CHARLOTTE COUNTY,"1,3,5-Trimethylbenzene",1998-04-23T00:00,0.020,µg/m³,VOC,GC-MS
40501,PT LEPREAU - CHARLOTTE COUNTY,"1,3,5-Trimethylbenzene",1998-04-29T00:00,0.020,µg/m³,VOC,GC-MS
40501,PT LEPREAU - CHARLOTTE COUNTY,"1,3,5-Trimethylbenzene",1998-05-05T00:00,0.024,µg/m³,VOC,GC-MS
40501,PT LEPREAU - CHARLOTTE COUNTY,"1,3,5-Trimethylbenzene",1998-05-11T00:00,0.015,µg/m³,VOC,GC-MS
40501,PT LEPREAU - CHARLOTTE COUNTY,"1,3,5-Trimethylbenzene",1998-07-19T00:00,0.060,µg/m³,VOC,GC-MS
40501,PT LEPREAU - CHARLOTTE COUNTY,"1,3,5-Trimethylbenzene",1998-07-22T00:00,0.033,µg/m³,VOC,GC-MS
40501,PT LEPREAU - CHARLOTTE COUNTY,"1,3,5-Trimethylbenzene",1998-07-25T00:00,0.040,µg/m³,VOC,GC-MS
40501,PT LEPREAU - CHARLOTTE COUNTY,"1,3,5-Trimethylbenzene",1998-07-28T00:00,0.020,µg/m³,VOC,GC-MS
40501,PT LEPREAU - CHARLOTTE COUNTY,"1,3,5-Trimethylbenzene",1998-07-31T00:00,0.060,µg/m³,VOC,GC-MS
40501,PT LEPREAU - CHARLOTTE COUNTY,"1,3,5-Trimethylbenzene",1998-08-03T00:00,0.058,µg/m³,VOC,GC-MS
40501,PT LEPREAU - CHARLOTTE COUNTY,"1,3,5-Trimethylbenzene",1998-08-09T00:00,0.202,µg/m³,VOC,GC-MS
40501,PT LEPREAU - CHARLOTTE COUNTY,"1,3,5-Trimethylbenzene",1998-08-12T00:00,0.020,µg/m³,VOC,GC-MS
40501,PT LEPREAU - CHARLOTTE COUNTY,"1,3,5-Trimethylbenzene",1998-08-15T00:00,0.029,µg/m³,VOC,GC-MS
40501,PT LEPREAU - CHARLOTTE COUNTY,"1,3,5-Trimethylbenzene",1998-08-18T00:00,0.045,µg/m³,VOC,GC-MS
40501,PT LEPREAU - CHARLOTTE COUNTY,"1,3,5-Trimethylbenzene",1998-08-21T00:00,0.066,µg/m³,VOC,GC-MS
40501,PT LEPREAU - CHARLOTTE COUNTY,"1,3,5-Trimethylbenzene",1998-08-24T00:00,0.043,µg/m³,VOC,GC-MS
40501,PT LEPREAU - CHARLOTTE COUNTY,"1,3,5-Trimethylbenzene",1998-08-27T00:00,0.018,µg/m³,VOC,GC-MS
40501,PT LEPREAU - CHARLOTTE COUNTY,"1,3,5-Trimethylbenzene",1998-09-03T00:00,0.022,µg/m³,VOC,GC-MS
40501,PT LEPREAU - CHARLOTTE COUNTY,"1,3,5-Trimethylbenzene",1998-09-05T00:00,0.027,µg/m³,VOC,GC-MS
40501,PT LEPREAU - CHARLOTTE COUNTY,"1,3,5-Trimethylbenzene",1998-09-11T00:00,0.022,µg/m³,VOC,GC-MS
40501,PT LEPREAU - CHARLOTTE COUNTY,"1,3,5-Trimethylbenzene",1998-09-20T00:00,0.025,µg/m³,VOC,GC-MS
40501,PT LEPREAU - CHARLOTTE COUNTY,"1,3,5-Trimethylbenzene",1998-09-23T00:00,0.019,µg/m³,VOC,GC-MS
40501,PT LEPREAU - CHARLOTTE COUNTY,"1,3,5-Trimethylbenzene",1998-09-26T00:00,0.018,µg/m³,VOC,GC-MS
40501,PT LEPREAU - CHARLOTTE COUNTY,"1,3,5-Trimethylbenzene",1998-09-29T00:00,0.028,µg/m³,VOC,GC-MS
40501,PT LEPREAU - CHARLOTTE COUNTY,"1,3,5-Trimethylbenzene",1998-10-02T00:00,0.045,µg/m³,VOC,GC-MS
40501,PT LEPREAU - CHARLOTTE COUNTY,"1,3,5-Trimethylbenzene",1998-10-05T00:00,0.019,µg/m³,VOC,GC-MS
40501,PT LEPREAU - CHARLOTTE COUNTY,"1,3,5-Trimethylbenzene",1998-10-08T00:00,0.016,µg/m³,VOC,GC-MS
40501,PT LEPREAU - CHARLOTTE COUNTY,"1,3,5-Trimethylbenzene",1998-10-11T00:00,0.022,µg/m³,VOC,GC-MS
40501,PT LEPREAU - CHARLOTTE COUNTY,"1,3,5-Trimethylbenzene",1998-10-14T00:00,0.026,µg/m³,VOC,GC-MS
40501,PT LEPREAU - CHARLOTTE COUNTY,"1,3,5-Trimethylbenzene",1998-10-17T00:00,0.031,µg/m³,VOC,GC-MS
40501,PT LEPREAU - CHARLOTTE COUNTY,"1,3,5-Trimethylbenzene",1998-10-20T00:00,0.135,µg/m³,VOC,GC-MS
40501,PT LEPREAU - CHARLOTTE COUNTY,"1,3,5-Trimethylbenzene",1998-10-29T00:00,0.010,µg/m³,VOC,GC-MS
40501,PT LEPREAU - CHARLOTTE COUNTY,"1,3,5-Trimethylbenzene",1998-11-04T00:00,0.017,µg/m³,VOC,GC-MS
40501,PT LEPREAU - CHARLOTTE COUNTY,"1,3,5-Trimethylbenzene",1998-11-10T00:00,0.014,µg/m³,VOC,GC-MS
40501,PT LEPREAU - CHARLOTTE COUNTY,"1,3,5-Trimethylbenzene",1998-11-16T00:00,0.100,µg/m³,VOC,GC-MS
40501,PT LEPREAU - CHARLOTTE COUNTY,"1,3,5-Trimethylbenzene",1998-11-22T00:00,0.017,µg/m³,VOC,GC-MS
40501,PT LEPREAU - CHARLOTTE COUNTY,"1,3,5-Trimethylbenzene",1998-11-25T00:00,0.013,µg/m³,VOC,GC-MS
40501,PT LEPREAU - CHARLOTTE COUNTY,"1,3,5-Trimethylbenzene",1998-11-28T00:00,0.018,µg/m³,VOC,GC-MS
40501,PT LEPREAU - CHARLOTTE COUNTY,"1,3,5-Trimethylbenzene",1998-12-01T00:00,0.041,µg/m³,VOC,GC-MS
40501,PT LEPREAU - CHARLOTTE COUNTY,"1,3,5-Trimethylbenzene",1998-12-04T00:00,0.028,µg/m³,VOC,GC-MS
40501,PT LEPREAU - CHARLOTTE COUNTY,"1,3,5-Trimethylbenzene",1998-12-07T00:00,0.025,µg/m³,VOC,GC-MS
40501,PT LEPREAU - CHARLOTTE COUNTY,"1,3,5-Trimethylbenzene",1998-12-10T00:00,0.017,µg/m³,VOC,GC-MS
40501,PT LEPREAU - CHARLOTTE COUNTY,"1,3,5-Trimethylbenzene",1998-12-13T00:00,0.023,µg/m³,VOC,GC-MS
40501,PT LEPREAU - CHARLOTTE COUNTY,"1,3,5-Trimethylbenzene",1998-12-16T00:00,0.031,µg/m³,VOC,GC-MS
40501,PT LEPREAU - CHARLOTTE COUNTY,"1,3,5-Trimethylbenzene",1998-12-19T00:00,0.024,µg/m³,VOC,GC-MS
40501,PT LEPREAU - CHARLOTTE COUNTY,"1,3,5-Trimethylbenzene",1998-12-22T00:00,0.044,µg/m³,VOC,GC-MS
40501,PT LEPREAU - CHARLOTTE COUNTY,"1,3,5-Trimethylbenzene",1998-12-25T00:00,0.016,µg/m³,VOC,GC-MS
40501,PT LEPREAU - CHARLOTTE COUNTY,"1,3,5-Trimethylbenzene",1998-12-28T00:00,0.023,µg/m³,VOC,GC-MS
40501,PT LEPREAU - CHARLOTTE COUNTY,"1,3,5-Trimethylbenzene",1998-12-31T00:00,0.017,µg/m³,VOC,GC-MS
