﻿NAPS_Site_ID,Station_Name,Pollutant,Date,Value,Units,Report_Type,Method
60512,BEASLEY PARK _HAMILTON_DOWNTOWN_,TC(corr),2018-01-02T00:00,0.935,µg/m³,PM2.5,TOR
60512,BEASLEY PARK _HAMILTON_DOWNTOWN_,TC(corr),2018-01-05T00:00,1.826,µg/m³,PM2.5,TOR
60512,BEASLEY PARK _HAMILTON_DOWNTOWN_,TC(corr),2018-01-08T00:00,0.205,µg/m³,PM2.5,TOR
60512,BEASLEY PARK _HAMILTON_DOWNTOWN_,TC(corr),2018-01-11T00:00,0.736,µg/m³,PM2.5,TOR
60512,BEASLEY PARK _HAMILTON_DOWNTOWN_,TC(corr),2018-01-14T00:00,1.253,µg/m³,PM2.5,TOR
60512,BEASLEY PARK _HAMILTON_DOWNTOWN_,TC(corr),2018-01-17T00:00,2.121,µg/m³,PM2.5,TOR
60512,BEASLEY PARK _HAMILTON_DOWNTOWN_,TC(corr),2018-01-20T00:00,2.658,µg/m³,PM2.5,TOR
60512,BEASLEY PARK _HAMILTON_DOWNTOWN_,TC(corr),2018-01-23T00:00,0.322,µg/m³,PM2.5,TOR
60512,BEASLEY PARK _HAMILTON_DOWNTOWN_,TC(corr),2018-02-02T00:00,2.889,µg/m³,PM2.5,TOR
60512,BEASLEY PARK _HAMILTON_DOWNTOWN_,TC(corr),2018-02-04T00:00,0.999,µg/m³,PM2.5,TOR
60512,BEASLEY PARK _HAMILTON_DOWNTOWN_,TC(corr),2018-02-13T00:00,4.801,µg/m³,PM2.5,TOR
60512,BEASLEY PARK _HAMILTON_DOWNTOWN_,TC(corr),2018-02-16T00:00,3.326,µg/m³,PM2.5,TOR
60512,BEASLEY PARK _HAMILTON_DOWNTOWN_,TC(corr),2018-02-19T00:00,3.422,µg/m³,PM2.5,TOR
60512,BEASLEY PARK _HAMILTON_DOWNTOWN_,TC(corr),2018-02-22T00:00,1.325,µg/m³,PM2.5,TOR
60512,BEASLEY PARK _HAMILTON_DOWNTOWN_,TC(corr),2018-02-25T00:00,0.733,µg/m³,PM2.5,TOR
60512,BEASLEY PARK _HAMILTON_DOWNTOWN_,TC(corr),2018-02-28T00:00,2.068,µg/m³,PM2.5,TOR
60512,BEASLEY PARK _HAMILTON_DOWNTOWN_,TC(corr),2018-03-03T00:00,0.967,µg/m³,PM2.5,TOR
60512,BEASLEY PARK _HAMILTON_DOWNTOWN_,TC(corr),2018-03-06T00:00,1.544,µg/m³,PM2.5,TOR
60512,BEASLEY PARK _HAMILTON_DOWNTOWN_,TC(corr),2018-03-09T00:00,0.413,µg/m³,PM2.5,TOR
60512,BEASLEY PARK _HAMILTON_DOWNTOWN_,TC(corr),2018-03-12T00:00,1.320,µg/m³,PM2.5,TOR
60512,BEASLEY PARK _HAMILTON_DOWNTOWN_,TC(corr),2018-03-15T00:00,1.106,µg/m³,PM2.5,TOR
60512,BEASLEY PARK _HAMILTON_DOWNTOWN_,TC(corr),2018-03-18T00:00,0.810,µg/m³,PM2.5,TOR
60512,BEASLEY PARK _HAMILTON_DOWNTOWN_,TC(corr),2018-03-21T00:00,1.751,µg/m³,PM2.5,TOR
60512,BEASLEY PARK _HAMILTON_DOWNTOWN_,TC(corr),2018-03-24T00:00,0.610,µg/m³,PM2.5,TOR
60512,BEASLEY PARK _HAMILTON_DOWNTOWN_,TC(corr),2018-03-27T00:00,1.430,µg/m³,PM2.5,TOR
60512,BEASLEY PARK _HAMILTON_DOWNTOWN_,TC(corr),2018-03-30T00:00,0.967,µg/m³,PM2.5,TOR
60512,BEASLEY PARK _HAMILTON_DOWNTOWN_,TC(corr),2018-04-02T00:00,0.843,µg/m³,PM2.5,TOR
60512,BEASLEY PARK _HAMILTON_DOWNTOWN_,TC(corr),2018-04-05T00:00,0.668,µg/m³,PM2.5,TOR
60512,BEASLEY PARK _HAMILTON_DOWNTOWN_,TC(corr),2018-04-08T00:00,0.390,µg/m³,PM2.5,TOR
60512,BEASLEY PARK _HAMILTON_DOWNTOWN_,TC(corr),2018-04-11T00:00,2.585,µg/m³,PM2.5,TOR
60512,BEASLEY PARK _HAMILTON_DOWNTOWN_,TC(corr),2018-04-17T00:00,0.236,µg/m³,PM2.5,TOR
60512,BEASLEY PARK _HAMILTON_DOWNTOWN_,TC(corr),2018-04-20T00:00,0.928,µg/m³,PM2.5,TOR
60512,BEASLEY PARK _HAMILTON_DOWNTOWN_,TC(corr),2018-04-23T00:00,3.210,µg/m³,PM2.5,TOR
60512,BEASLEY PARK _HAMILTON_DOWNTOWN_,TC(corr),2018-04-26T00:00,0.561,µg/m³,PM2.5,TOR
60512,BEASLEY PARK _HAMILTON_DOWNTOWN_,TC(corr),2018-04-29T00:00,0.397,µg/m³,PM2.5,TOR
60512,BEASLEY PARK _HAMILTON_DOWNTOWN_,TC(corr),2018-05-02T00:00,2.771,µg/m³,PM2.5,TOR
60512,BEASLEY PARK _HAMILTON_DOWNTOWN_,TC(corr),2018-05-08T00:00,4.628,µg/m³,PM2.5,TOR
60512,BEASLEY PARK _HAMILTON_DOWNTOWN_,TC(corr),2018-05-11T00:00,1.320,µg/m³,PM2.5,TOR
60512,BEASLEY PARK _HAMILTON_DOWNTOWN_,TC(corr),2018-05-14T00:00,2.007,µg/m³,PM2.5,TOR
60512,BEASLEY PARK _HAMILTON_DOWNTOWN_,TC(corr),2018-05-17T00:00,2.332,µg/m³,PM2.5,TOR
60512,BEASLEY PARK _HAMILTON_DOWNTOWN_,TC(corr),2018-05-20T00:00,5.176,µg/m³,PM2.5,TOR
60512,BEASLEY PARK _HAMILTON_DOWNTOWN_,TC(corr),2018-05-23T00:00,2.619,µg/m³,PM2.5,TOR
60512,BEASLEY PARK _HAMILTON_DOWNTOWN_,TC(corr),2018-05-26T00:00,4.181,µg/m³,PM2.5,TOR
60512,BEASLEY PARK _HAMILTON_DOWNTOWN_,TC(corr),2018-05-29T00:00,4.319,µg/m³,PM2.5,TOR
60512,BEASLEY PARK _HAMILTON_DOWNTOWN_,TC(corr),2018-06-01T00:00,3.591,µg/m³,PM2.5,TOR
60512,BEASLEY PARK _HAMILTON_DOWNTOWN_,TC(corr),2018-06-04T00:00,0.190,µg/m³,PM2.5,TOR
60512,BEASLEY PARK _HAMILTON_DOWNTOWN_,TC(corr),2018-06-07T00:00,1.926,µg/m³,PM2.5,TOR
60512,BEASLEY PARK _HAMILTON_DOWNTOWN_,TC(corr),2018-06-10T00:00,2.248,µg/m³,PM2.5,TOR
60512,BEASLEY PARK _HAMILTON_DOWNTOWN_,TC(corr),2018-06-13T00:00,1.924,µg/m³,PM2.5,TOR
60512,BEASLEY PARK _HAMILTON_DOWNTOWN_,TC(corr),2018-06-16T00:00,2.636,µg/m³,PM2.5,TOR
60512,BEASLEY PARK _HAMILTON_DOWNTOWN_,TC(corr),2018-06-19T00:00,2.123,µg/m³,PM2.5,TOR
60512,BEASLEY PARK _HAMILTON_DOWNTOWN_,TC(corr),2018-06-22T00:00,2.171,µg/m³,PM2.5,TOR
60512,BEASLEY PARK _HAMILTON_DOWNTOWN_,TC(corr),2018-06-25T00:00,2.620,µg/m³,PM2.5,TOR
60512,BEASLEY PARK _HAMILTON_DOWNTOWN_,TC(corr),2018-06-28T00:00,2.173,µg/m³,PM2.5,TOR
60512,BEASLEY PARK _HAMILTON_DOWNTOWN_,TC(corr),2018-07-01T00:00,4.001,µg/m³,PM2.5,TOR
60512,BEASLEY PARK _HAMILTON_DOWNTOWN_,TC(corr),2018-07-04T00:00,4.297,µg/m³,PM2.5,TOR
60512,BEASLEY PARK _HAMILTON_DOWNTOWN_,TC(corr),2018-07-07T00:00,0.299,µg/m³,PM2.5,TOR
60512,BEASLEY PARK _HAMILTON_DOWNTOWN_,TC(corr),2018-07-10T00:00,3.502,µg/m³,PM2.5,TOR
60512,BEASLEY PARK _HAMILTON_DOWNTOWN_,TC(corr),2018-07-13T00:00,4.627,µg/m³,PM2.5,TOR
60512,BEASLEY PARK _HAMILTON_DOWNTOWN_,TC(corr),2018-07-16T00:00,3.668,µg/m³,PM2.5,TOR
60512,BEASLEY PARK _HAMILTON_DOWNTOWN_,TC(corr),2018-07-19T00:00,2.159,µg/m³,PM2.5,TOR
60512,BEASLEY PARK _HAMILTON_DOWNTOWN_,TC(corr),2018-07-22T00:00,1.318,µg/m³,PM2.5,TOR
60512,BEASLEY PARK _HAMILTON_DOWNTOWN_,TC(corr),2018-07-25T00:00,2.612,µg/m³,PM2.5,TOR
60512,BEASLEY PARK _HAMILTON_DOWNTOWN_,TC(corr),2018-08-09T00:00,2.984,µg/m³,PM2.5,TOR
60512,BEASLEY PARK _HAMILTON_DOWNTOWN_,TC(corr),2018-08-12T00:00,3.052,µg/m³,PM2.5,TOR
60512,BEASLEY PARK _HAMILTON_DOWNTOWN_,TC(corr),2018-08-15T00:00,6.457,µg/m³,PM2.5,TOR
60512,BEASLEY PARK _HAMILTON_DOWNTOWN_,TC(corr),2018-08-18T00:00,3.407,µg/m³,PM2.5,TOR
60512,BEASLEY PARK _HAMILTON_DOWNTOWN_,TC(corr),2018-08-21T00:00,1.673,µg/m³,PM2.5,TOR
60512,BEASLEY PARK _HAMILTON_DOWNTOWN_,TC(corr),2018-08-24T00:00,4.783,µg/m³,PM2.5,TOR
60512,BEASLEY PARK _HAMILTON_DOWNTOWN_,TC(corr),2018-08-27T00:00,5.099,µg/m³,PM2.5,TOR
60512,BEASLEY PARK _HAMILTON_DOWNTOWN_,TC(corr),2018-08-30T00:00,1.592,µg/m³,PM2.5,TOR
60512,BEASLEY PARK _HAMILTON_DOWNTOWN_,TC(corr),2018-09-02T00:00,1.262,µg/m³,PM2.5,TOR
60512,BEASLEY PARK _HAMILTON_DOWNTOWN_,TC(corr),2018-09-05T00:00,3.327,µg/m³,PM2.5,TOR
60512,BEASLEY PARK _HAMILTON_DOWNTOWN_,TC(corr),2018-09-08T00:00,1.229,µg/m³,PM2.5,TOR
60512,BEASLEY PARK _HAMILTON_DOWNTOWN_,TC(corr),2018-09-11T00:00,1.232,µg/m³,PM2.5,TOR
60512,BEASLEY PARK _HAMILTON_DOWNTOWN_,TC(corr),2018-09-14T00:00,2.584,µg/m³,PM2.5,TOR
60512,BEASLEY PARK _HAMILTON_DOWNTOWN_,TC(corr),2018-09-17T00:00,1.534,µg/m³,PM2.5,TOR
60512,BEASLEY PARK _HAMILTON_DOWNTOWN_,TC(corr),2018-09-23T00:00,2.452,µg/m³,PM2.5,TOR
60512,BEASLEY PARK _HAMILTON_DOWNTOWN_,TC(corr),2018-09-26T00:00,0.522,µg/m³,PM2.5,TOR
60512,BEASLEY PARK _HAMILTON_DOWNTOWN_,TC(corr),2018-09-29T00:00,0.963,µg/m³,PM2.5,TOR
60512,BEASLEY PARK _HAMILTON_DOWNTOWN_,TC(corr),2018-10-02T00:00,1.462,µg/m³,PM2.5,TOR
60512,BEASLEY PARK _HAMILTON_DOWNTOWN_,TC(corr),2018-10-05T00:00,2.118,µg/m³,PM2.5,TOR
60512,BEASLEY PARK _HAMILTON_DOWNTOWN_,TC(corr),2018-10-08T00:00,1.467,µg/m³,PM2.5,TOR
60512,BEASLEY PARK _HAMILTON_DOWNTOWN_,TC(corr),2018-10-11T00:00,0.614,µg/m³,PM2.5,TOR
60512,BEASLEY PARK _HAMILTON_DOWNTOWN_,TC(corr),2018-10-14T00:00,2.233,µg/m³,PM2.5,TOR
60512,BEASLEY PARK _HAMILTON_DOWNTOWN_,TC(corr),2018-10-17T00:00,0.535,µg/m³,PM2.5,TOR
60512,BEASLEY PARK _HAMILTON_DOWNTOWN_,TC(corr),2018-10-20T00:00,0.720,µg/m³,PM2.5,TOR
60512,BEASLEY PARK _HAMILTON_DOWNTOWN_,TC(corr),2018-10-23T00:00,1.657,µg/m³,PM2.5,TOR
60512,BEASLEY PARK _HAMILTON_DOWNTOWN_,TC(corr),2018-10-26T00:00,2.345,µg/m³,PM2.5,TOR
60512,BEASLEY PARK _HAMILTON_DOWNTOWN_,TC(corr),2018-10-29T00:00,0.589,µg/m³,PM2.5,TOR
60512,BEASLEY PARK _HAMILTON_DOWNTOWN_,TC(corr),2018-11-01T00:00,1.366,µg/m³,PM2.5,TOR
60512,BEASLEY PARK _HAMILTON_DOWNTOWN_,TC(corr),2018-11-04T00:00,1.269,µg/m³,PM2.5,TOR
60512,BEASLEY PARK _HAMILTON_DOWNTOWN_,TC(corr),2018-11-07T00:00,0.355,µg/m³,PM2.5,TOR
60512,BEASLEY PARK _HAMILTON_DOWNTOWN_,TC(corr),2018-11-10T00:00,0.453,µg/m³,PM2.5,TOR
60512,BEASLEY PARK _HAMILTON_DOWNTOWN_,TC(corr),2018-11-13T00:00,1.269,µg/m³,PM2.5,TOR
60512,BEASLEY PARK _HAMILTON_DOWNTOWN_,TC(corr),2018-11-16T00:00,1.912,µg/m³,PM2.5,TOR
60512,BEASLEY PARK _HAMILTON_DOWNTOWN_,TC(corr),2018-11-19T00:00,1.966,µg/m³,PM2.5,TOR
60512,BEASLEY PARK _HAMILTON_DOWNTOWN_,TC(corr),2018-11-22T00:00,1.000,µg/m³,PM2.5,TOR
60512,BEASLEY PARK _HAMILTON_DOWNTOWN_,TC(corr),2018-11-25T00:00,1.464,µg/m³,PM2.5,TOR
60512,BEASLEY PARK _HAMILTON_DOWNTOWN_,TC(corr),2018-11-28T00:00,0.208,µg/m³,PM2.5,TOR
60512,BEASLEY PARK _HAMILTON_DOWNTOWN_,TC(corr),2018-12-01T00:00,1.829,µg/m³,PM2.5,TOR
60512,BEASLEY PARK _HAMILTON_DOWNTOWN_,TC(corr),2018-12-04T00:00,0.785,µg/m³,PM2.5,TOR
60512,BEASLEY PARK _HAMILTON_DOWNTOWN_,TC(corr),2018-12-07T00:00,0.609,µg/m³,PM2.5,TOR
60512,BEASLEY PARK _HAMILTON_DOWNTOWN_,TC(corr),2018-12-10T00:00,1.458,µg/m³,PM2.5,TOR
60512,BEASLEY PARK _HAMILTON_DOWNTOWN_,TC(corr),2018-12-13T00:00,4.201,µg/m³,PM2.5,TOR
60512,BEASLEY PARK _HAMILTON_DOWNTOWN_,TC(corr),2018-12-16T00:00,2.005,µg/m³,PM2.5,TOR
60512,BEASLEY PARK _HAMILTON_DOWNTOWN_,TC(corr),2018-12-19T00:00,2.534,µg/m³,PM2.5,TOR
60512,BEASLEY PARK _HAMILTON_DOWNTOWN_,TC(corr),2018-12-22T00:00,0.411,µg/m³,PM2.5,TOR
60512,BEASLEY PARK _HAMILTON_DOWNTOWN_,TC(corr),2018-12-25T00:00,1.070,µg/m³,PM2.5,TOR
60512,BEASLEY PARK _HAMILTON_DOWNTOWN_,TC(corr),2018-12-28T00:00,1.028,µg/m³,PM2.5,TOR
60512,BEASLEY PARK _HAMILTON_DOWNTOWN_,TC(corr),2018-12-31T00:00,3.116,µg/m³,PM2.5,TOR
