﻿NAPS_Site_ID,Station_Name,Pollutant,Date,Value,Units,Report_Type,Method
100128,RICHMOND SOUTH,Isobutane,2001-01-07T00:00,12.050,µg/m³,VOC,N/A
100128,RICHMOND SOUTH,Isobutane,2001-01-25T00:00,1.530,µg/m³,VOC,N/A
100128,RICHMOND SOUTH,Isobutane,2001-02-12T00:00,6.520,µg/m³,VOC,N/A
100128,RICHMOND SOUTH,Isobutane,2001-03-08T00:00,0.840,µg/m³,VOC,N/A
100128,RICHMOND SOUTH,Isobutane,2001-03-26T00:00,0.980,µg/m³,VOC,N/A
100128,RICHMOND SOUTH,Isobutane,2001-04-13T00:00,1.110,µg/m³,VOC,N/A
100128,RICHMOND SOUTH,Isobutane,2001-05-01T00:00,0.390,µg/m³,VOC,N/A
100128,RICHMOND SOUTH,Isobutane,2001-05-25T00:00,0.800,µg/m³,VOC,N/A
100128,RICHMOND SOUTH,Isobutane,2001-06-12T00:00,0.470,µg/m³,VOC,N/A
100128,RICHMOND SOUTH,Isobutane,2001-06-30T00:00,1.120,µg/m³,VOC,N/A
100128,RICHMOND SOUTH,Isobutane,2001-07-18T00:00,0.470,µg/m³,VOC,N/A
100128,RICHMOND SOUTH,Isobutane,2001-08-05T00:00,0.580,µg/m³,VOC,N/A
100128,RICHMOND SOUTH,Isobutane,2001-08-17T00:00,0.460,µg/m³,VOC,N/A
100128,RICHMOND SOUTH,Isobutane,2001-08-23T00:00,0.910,µg/m³,VOC,N/A
100128,RICHMOND SOUTH,Isobutane,2001-09-16T00:00,1.360,µg/m³,VOC,N/A
100128,RICHMOND SOUTH,Isobutane,2001-10-04T00:00,2.700,µg/m³,VOC,N/A
100128,RICHMOND SOUTH,Isobutane,2001-10-22T00:00,0.740,µg/m³,VOC,N/A
100128,RICHMOND SOUTH,Isobutane,2001-11-15T00:00,0.770,µg/m³,VOC,N/A
100128,RICHMOND SOUTH,Isobutane,2001-12-03T00:00,1.870,µg/m³,VOC,N/A
100128,RICHMOND SOUTH,Isobutane,2001-12-21T00:00,5.780,µg/m³,VOC,N/A
