﻿NAPS_Site_ID,Station_Name,Pollutant,Date,Value,Units,Report_Type,Method
60418,JUNCTION TRIANGLE,Propylene,2004-02-15T00:00,0.577,µg/m³,VOC,N/A
60418,JUNCTION TRIANGLE,Propylene,2004-02-21T00:00,0.425,µg/m³,VOC,N/A
60418,JUNCTION TRIANGLE,Propylene,2004-03-04T00:00,1.285,µg/m³,VOC,N/A
60418,JUNCTION TRIANGLE,Propylene,2004-03-10T00:00,1.691,µg/m³,VOC,N/A
60418,JUNCTION TRIANGLE,Propylene,2004-03-16T00:00,0.432,µg/m³,VOC,N/A
60418,JUNCTION TRIANGLE,Propylene,2004-03-28T00:00,0.364,µg/m³,VOC,N/A
60418,JUNCTION TRIANGLE,Propylene,2004-05-27T00:00,1.152,µg/m³,VOC,N/A
60418,JUNCTION TRIANGLE,Propylene,2004-06-02T00:00,0.735,µg/m³,VOC,N/A
60418,JUNCTION TRIANGLE,Propylene,2004-06-08T00:00,0.716,µg/m³,VOC,N/A
60418,JUNCTION TRIANGLE,Propylene,2004-06-14T00:00,0.565,µg/m³,VOC,N/A
60418,JUNCTION TRIANGLE,Propylene,2004-06-20T00:00,0.266,µg/m³,VOC,N/A
60418,JUNCTION TRIANGLE,Propylene,2004-06-26T00:00,0.617,µg/m³,VOC,N/A
60418,JUNCTION TRIANGLE,Propylene,2004-07-02T00:00,0.470,µg/m³,VOC,N/A
60418,JUNCTION TRIANGLE,Propylene,2004-07-08T00:00,0.411,µg/m³,VOC,N/A
60418,JUNCTION TRIANGLE,Propylene,2004-07-14T00:00,0.422,µg/m³,VOC,N/A
60418,JUNCTION TRIANGLE,Propylene,2004-07-20T00:00,1.758,µg/m³,VOC,N/A
60418,JUNCTION TRIANGLE,Propylene,2004-07-26T00:00,0.703,µg/m³,VOC,N/A
60418,JUNCTION TRIANGLE,Propylene,2004-08-01T00:00,0.443,µg/m³,VOC,N/A
60418,JUNCTION TRIANGLE,Propylene,2004-08-07T00:00,0.754,µg/m³,VOC,N/A
60418,JUNCTION TRIANGLE,Propylene,2004-08-13T00:00,1.345,µg/m³,VOC,N/A
60418,JUNCTION TRIANGLE,Propylene,2004-08-19T00:00,0.615,µg/m³,VOC,N/A
60418,JUNCTION TRIANGLE,Propylene,2004-08-25T00:00,0.340,µg/m³,VOC,N/A
60418,JUNCTION TRIANGLE,Propylene,2004-08-31T00:00,0.803,µg/m³,VOC,N/A
60418,JUNCTION TRIANGLE,Propylene,2004-09-06T00:00,0.326,µg/m³,VOC,N/A
60418,JUNCTION TRIANGLE,Propylene,2004-09-12T00:00,0.717,µg/m³,VOC,N/A
60418,JUNCTION TRIANGLE,Propylene,2004-09-18T00:00,0.360,µg/m³,VOC,N/A
60418,JUNCTION TRIANGLE,Propylene,2004-09-24T00:00,1.360,µg/m³,VOC,N/A
60418,JUNCTION TRIANGLE,Propylene,2004-09-30T00:00,1.165,µg/m³,VOC,N/A
60418,JUNCTION TRIANGLE,Propylene,2004-10-06T00:00,0.582,µg/m³,VOC,N/A
60418,JUNCTION TRIANGLE,Propylene,2004-10-12T00:00,1.478,µg/m³,VOC,N/A
60418,JUNCTION TRIANGLE,Propylene,2004-10-18T00:00,0.825,µg/m³,VOC,N/A
60418,JUNCTION TRIANGLE,Propylene,2004-10-24T00:00,0.744,µg/m³,VOC,N/A
60418,JUNCTION TRIANGLE,Propylene,2004-10-30T00:00,0.953,µg/m³,VOC,N/A
60418,JUNCTION TRIANGLE,Propylene,2004-11-05T00:00,0.403,µg/m³,VOC,N/A
60418,JUNCTION TRIANGLE,Propylene,2004-11-11T00:00,0.506,µg/m³,VOC,N/A
60418,JUNCTION TRIANGLE,Propylene,2004-11-17T00:00,1.131,µg/m³,VOC,N/A
60418,JUNCTION TRIANGLE,Propylene,2004-11-23T00:00,1.191,µg/m³,VOC,N/A
60418,JUNCTION TRIANGLE,Propylene,2004-11-29T00:00,0.519,µg/m³,VOC,N/A
60418,JUNCTION TRIANGLE,Propylene,2004-12-05T00:00,0.422,µg/m³,VOC,N/A
60418,JUNCTION TRIANGLE,Propylene,2004-12-11T00:00,0.502,µg/m³,VOC,N/A
60418,JUNCTION TRIANGLE,Propylene,2004-12-17T00:00,0.799,µg/m³,VOC,N/A
60418,JUNCTION TRIANGLE,Propylene,2004-12-23T00:00,0.543,µg/m³,VOC,N/A
