﻿NAPS_Site_ID,Station_Name,Pollutant,Date,Value,Units,Report_Type,Method
101401,HOPE AIRPORT,2-Ethyl-1-Butene,2002-02-13T00:00,0.030,µg/m³,VOC,
101401,HOPE AIRPORT,2-Ethyl-1-Butene,2002-03-27T00:00,0.007,µg/m³,VOC,
101401,HOPE AIRPORT,2-Ethyl-1-Butene,2002-05-08T00:00,0.021,µg/m³,VOC,
101401,HOPE AIRPORT,2-Ethyl-1-Butene,2002-06-19T00:00,0.011,µg/m³,VOC,
101401,HOPE AIRPORT,2-Ethyl-1-Butene,2002-07-25T00:00,0.027,µg/m³,VOC,
101401,HOPE AIRPORT,2-Ethyl-1-Butene,2002-09-11T00:00,0.029,µg/m³,VOC,
101401,HOPE AIRPORT,2-Ethyl-1-Butene,2002-11-16T00:00,0.024,µg/m³,VOC,
101401,HOPE AIRPORT,2-Ethyl-1-Butene,2002-12-16T00:00,0.000,µg/m³,VOC,
