﻿NAPS_Site_ID,Station_Name,Pollutant,Date,Value,Units,Report_Type,Method
10301,CREDIT UNION,13C12-TCDD,2010-01-05T19:00,82.000,pg/m³,PCDD,GC-MS
10301,CREDIT UNION,13C12-TCDD,2010-01-19T19:00,126.000,pg/m³,PCDD,GC-MS
10301,CREDIT UNION,13C12-TCDD,2010-03-08T19:00,90.000,pg/m³,PCDD,GC-MS
10301,CREDIT UNION,13C12-TCDD,2010-03-20T20:00,94.000,pg/m³,PCDD,GC-MS
10301,CREDIT UNION,13C12-TCDD,2010-04-01T20:00,92.000,pg/m³,PCDD,GC-MS
10301,CREDIT UNION,13C12-TCDD,2010-04-13T20:00,113.000,pg/m³,PCDD,GC-MS
10301,CREDIT UNION,13C12-TCDD,2010-04-25T20:00,101.000,pg/m³,PCDD,GC-MS
10301,CREDIT UNION,13C12-TCDD,2010-05-07T20:00,114.000,pg/m³,PCDD,GC-MS
10301,CREDIT UNION,13C12-TCDD,2010-06-12T20:00,92.000,pg/m³,PCDD,GC-MS
10301,CREDIT UNION,13C12-TCDD,2010-08-23T20:00,107.000,pg/m³,PCDD,GC-MS
10301,CREDIT UNION,13C12-TCDD,2010-09-16T20:00,121.000,pg/m³,PCDD,GC-MS
10301,CREDIT UNION,13C12-TCDD,2010-09-28T20:00,116.000,pg/m³,PCDD,GC-MS
10301,CREDIT UNION,13C12-TCDD,2010-11-27T19:00,111.000,pg/m³,PCDD,GC-MS
10301,CREDIT UNION,13C12-TCDD,2010-12-09T19:00,128.000,pg/m³,PCDD,GC-MS
10301,CREDIT UNION,13C12-TCDD,2010-12-21T19:00,105.000,pg/m³,PCDD,GC-MS
