﻿NAPS_Site_ID,Station_Name,Pollutant,Date,Value,Units,Report_Type,Method
30501,KEJIMKUJIK NATIONAL PARK,Lead,1992-07-11T00:00,0.000,µg/m³,DICHOT,N/A
30501,KEJIMKUJIK NATIONAL PARK,Lead,1992-07-11T00:00,0.001,µg/m³,DICHOT,N/A
30501,KEJIMKUJIK NATIONAL PARK,Lead,1992-07-23T00:00,0.001,µg/m³,DICHOT,N/A
30501,KEJIMKUJIK NATIONAL PARK,Lead,1992-07-23T00:00,0.001,µg/m³,DICHOT,N/A
30501,KEJIMKUJIK NATIONAL PARK,Lead,1992-07-29T00:00,0.000,µg/m³,DICHOT,N/A
30501,KEJIMKUJIK NATIONAL PARK,Lead,1992-07-29T00:00,0.002,µg/m³,DICHOT,N/A
30501,KEJIMKUJIK NATIONAL PARK,Lead,1992-08-04T00:00,0.000,µg/m³,DICHOT,N/A
30501,KEJIMKUJIK NATIONAL PARK,Lead,1992-08-04T00:00,0.000,µg/m³,DICHOT,N/A
30501,KEJIMKUJIK NATIONAL PARK,Lead,1992-08-10T00:00,0.000,µg/m³,DICHOT,N/A
30501,KEJIMKUJIK NATIONAL PARK,Lead,1992-08-10T00:00,0.001,µg/m³,DICHOT,N/A
30501,KEJIMKUJIK NATIONAL PARK,Lead,1992-08-16T00:00,0.000,µg/m³,DICHOT,N/A
30501,KEJIMKUJIK NATIONAL PARK,Lead,1992-08-16T00:00,0.001,µg/m³,DICHOT,N/A
30501,KEJIMKUJIK NATIONAL PARK,Lead,1992-08-22T00:00,0.001,µg/m³,DICHOT,N/A
30501,KEJIMKUJIK NATIONAL PARK,Lead,1992-08-22T00:00,0.003,µg/m³,DICHOT,N/A
30501,KEJIMKUJIK NATIONAL PARK,Lead,1992-08-24T00:00,0.000,µg/m³,DICHOT,N/A
30501,KEJIMKUJIK NATIONAL PARK,Lead,1992-08-24T00:00,0.004,µg/m³,DICHOT,N/A
30501,KEJIMKUJIK NATIONAL PARK,Lead,1992-08-25T00:00,0.000,µg/m³,DICHOT,N/A
30501,KEJIMKUJIK NATIONAL PARK,Lead,1992-08-25T00:00,0.006,µg/m³,DICHOT,N/A
30501,KEJIMKUJIK NATIONAL PARK,Lead,1992-08-26T00:00,0.000,µg/m³,DICHOT,N/A
30501,KEJIMKUJIK NATIONAL PARK,Lead,1992-08-26T00:00,0.006,µg/m³,DICHOT,N/A
30501,KEJIMKUJIK NATIONAL PARK,Lead,1992-08-27T00:00,0.000,µg/m³,DICHOT,N/A
30501,KEJIMKUJIK NATIONAL PARK,Lead,1992-08-27T00:00,0.001,µg/m³,DICHOT,N/A
30501,KEJIMKUJIK NATIONAL PARK,Lead,1992-08-28T00:00,0.001,µg/m³,DICHOT,N/A
30501,KEJIMKUJIK NATIONAL PARK,Lead,1992-08-28T00:00,0.001,µg/m³,DICHOT,N/A
30501,KEJIMKUJIK NATIONAL PARK,Lead,1992-09-03T00:00,0.000,µg/m³,DICHOT,N/A
30501,KEJIMKUJIK NATIONAL PARK,Lead,1992-09-03T00:00,0.000,µg/m³,DICHOT,N/A
30501,KEJIMKUJIK NATIONAL PARK,Lead,1992-09-09T00:00,0.000,µg/m³,DICHOT,N/A
30501,KEJIMKUJIK NATIONAL PARK,Lead,1992-09-09T00:00,0.001,µg/m³,DICHOT,N/A
30501,KEJIMKUJIK NATIONAL PARK,Lead,1992-09-15T00:00,0.000,µg/m³,DICHOT,N/A
30501,KEJIMKUJIK NATIONAL PARK,Lead,1992-09-15T00:00,0.001,µg/m³,DICHOT,N/A
30501,KEJIMKUJIK NATIONAL PARK,Lead,1992-09-21T00:00,0.000,µg/m³,DICHOT,N/A
30501,KEJIMKUJIK NATIONAL PARK,Lead,1992-09-21T00:00,0.001,µg/m³,DICHOT,N/A
30501,KEJIMKUJIK NATIONAL PARK,Lead,1992-10-03T00:00,0.002,µg/m³,DICHOT,N/A
30501,KEJIMKUJIK NATIONAL PARK,Lead,1992-10-03T00:00,0.018,µg/m³,DICHOT,N/A
30501,KEJIMKUJIK NATIONAL PARK,Lead,1992-10-09T00:00,0.001,µg/m³,DICHOT,N/A
30501,KEJIMKUJIK NATIONAL PARK,Lead,1992-10-09T00:00,0.005,µg/m³,DICHOT,N/A
30501,KEJIMKUJIK NATIONAL PARK,Lead,1992-10-15T00:00,0.001,µg/m³,DICHOT,N/A
30501,KEJIMKUJIK NATIONAL PARK,Lead,1992-10-15T00:00,0.004,µg/m³,DICHOT,N/A
30501,KEJIMKUJIK NATIONAL PARK,Lead,1992-10-27T00:00,0.000,µg/m³,DICHOT,N/A
30501,KEJIMKUJIK NATIONAL PARK,Lead,1992-10-27T00:00,0.000,µg/m³,DICHOT,N/A
30501,KEJIMKUJIK NATIONAL PARK,Lead,1992-11-08T00:00,0.001,µg/m³,DICHOT,N/A
30501,KEJIMKUJIK NATIONAL PARK,Lead,1992-11-08T00:00,0.002,µg/m³,DICHOT,N/A
30501,KEJIMKUJIK NATIONAL PARK,Lead,1992-11-14T00:00,0.000,µg/m³,DICHOT,N/A
30501,KEJIMKUJIK NATIONAL PARK,Lead,1992-11-14T00:00,0.002,µg/m³,DICHOT,N/A
30501,KEJIMKUJIK NATIONAL PARK,Lead,1992-11-20T00:00,0.000,µg/m³,DICHOT,N/A
30501,KEJIMKUJIK NATIONAL PARK,Lead,1992-11-20T00:00,0.002,µg/m³,DICHOT,N/A
30501,KEJIMKUJIK NATIONAL PARK,Lead,1992-11-29T00:00,0.002,µg/m³,DICHOT,N/A
30501,KEJIMKUJIK NATIONAL PARK,Lead,1992-11-29T00:00,0.004,µg/m³,DICHOT,N/A
30501,KEJIMKUJIK NATIONAL PARK,Lead,1992-12-08T00:00,0.000,µg/m³,DICHOT,N/A
30501,KEJIMKUJIK NATIONAL PARK,Lead,1992-12-08T00:00,0.001,µg/m³,DICHOT,N/A
30501,KEJIMKUJIK NATIONAL PARK,Lead,1992-12-14T00:00,0.000,µg/m³,DICHOT,N/A
30501,KEJIMKUJIK NATIONAL PARK,Lead,1992-12-14T00:00,0.001,µg/m³,DICHOT,N/A
30501,KEJIMKUJIK NATIONAL PARK,Lead,1992-12-26T00:00,0.002,µg/m³,DICHOT,N/A
30501,KEJIMKUJIK NATIONAL PARK,Lead,1992-12-26T00:00,0.009,µg/m³,DICHOT,N/A
