﻿NAPS_Site_ID,Station_Name,Pollutant,Date,Value,Units,Report_Type,Method
100119,BURNABY SOUTH,Heptane,2018-01-02T00:00,0.817,µg/m³,VOC,GC-MS
100119,BURNABY SOUTH,Heptane,2018-01-08T00:00,0.430,µg/m³,VOC,GC-MS
100119,BURNABY SOUTH,Heptane,2018-01-14T00:00,0.929,µg/m³,VOC,GC-MS
100119,BURNABY SOUTH,Heptane,2018-01-20T00:00,0.114,µg/m³,VOC,GC-MS
100119,BURNABY SOUTH,Heptane,2018-01-26T00:00,0.093,µg/m³,VOC,GC-MS
100119,BURNABY SOUTH,Heptane,2018-02-19T00:00,0.182,µg/m³,VOC,GC-MS
100119,BURNABY SOUTH,Heptane,2018-02-25T00:00,0.066,µg/m³,VOC,GC-MS
100119,BURNABY SOUTH,Heptane,2018-03-03T00:00,0.287,µg/m³,VOC,GC-MS
100119,BURNABY SOUTH,Heptane,2018-03-09T00:00,0.158,µg/m³,VOC,GC-MS
100119,BURNABY SOUTH,Heptane,2018-03-15T00:00,0.332,µg/m³,VOC,GC-MS
100119,BURNABY SOUTH,Heptane,2018-03-21T00:00,0.275,µg/m³,VOC,GC-MS
100119,BURNABY SOUTH,Heptane,2018-03-27T00:00,0.108,µg/m³,VOC,GC-MS
100119,BURNABY SOUTH,Heptane,2018-04-02T00:00,0.065,µg/m³,VOC,GC-MS
100119,BURNABY SOUTH,Heptane,2018-04-08T00:00,0.072,µg/m³,VOC,GC-MS
100119,BURNABY SOUTH,Heptane,2018-04-14T00:00,0.113,µg/m³,VOC,GC-MS
100119,BURNABY SOUTH,Heptane,2018-04-20T00:00,0.167,µg/m³,VOC,GC-MS
100119,BURNABY SOUTH,Heptane,2018-04-26T00:00,0.337,µg/m³,VOC,GC-MS
100119,BURNABY SOUTH,Heptane,2018-05-02T00:00,0.283,µg/m³,VOC,GC-MS
100119,BURNABY SOUTH,Heptane,2018-05-08T00:00,0.478,µg/m³,VOC,GC-MS
100119,BURNABY SOUTH,Heptane,2018-05-14T00:00,0.291,µg/m³,VOC,GC-MS
100119,BURNABY SOUTH,Heptane,2018-05-20T00:00,1.707,µg/m³,VOC,GC-MS
100119,BURNABY SOUTH,Heptane,2018-05-26T00:00,0.088,µg/m³,VOC,GC-MS
100119,BURNABY SOUTH,Heptane,2018-06-01T00:00,0.222,µg/m³,VOC,GC-MS
100119,BURNABY SOUTH,Heptane,2018-06-07T00:00,0.143,µg/m³,VOC,GC-MS
100119,BURNABY SOUTH,Heptane,2018-06-13T00:00,0.252,µg/m³,VOC,GC-MS
100119,BURNABY SOUTH,Heptane,2018-06-25T00:00,0.054,µg/m³,VOC,GC-MS
100119,BURNABY SOUTH,Heptane,2018-07-01T00:00,0.061,µg/m³,VOC,GC-MS
100119,BURNABY SOUTH,Heptane,2018-07-07T00:00,0.083,µg/m³,VOC,GC-MS
100119,BURNABY SOUTH,Heptane,2018-07-13T00:00,0.146,µg/m³,VOC,GC-MS
100119,BURNABY SOUTH,Heptane,2018-07-25T00:00,0.337,µg/m³,VOC,GC-MS
100119,BURNABY SOUTH,Heptane,2018-07-31T00:00,0.144,µg/m³,VOC,GC-MS
100119,BURNABY SOUTH,Heptane,2018-08-06T00:00,0.175,µg/m³,VOC,GC-MS
100119,BURNABY SOUTH,Heptane,2018-08-12T00:00,0.104,µg/m³,VOC,GC-MS
100119,BURNABY SOUTH,Heptane,2018-08-18T00:00,0.304,µg/m³,VOC,GC-MS
100119,BURNABY SOUTH,Heptane,2018-09-05T00:00,0.561,µg/m³,VOC,GC-MS
100119,BURNABY SOUTH,Heptane,2018-09-11T00:00,0.220,µg/m³,VOC,GC-MS
100119,BURNABY SOUTH,Heptane,2018-10-17T00:00,1.130,µg/m³,VOC,GC-MS
100119,BURNABY SOUTH,Heptane,2018-10-23T00:00,0.534,µg/m³,VOC,GC-MS
100119,BURNABY SOUTH,Heptane,2018-10-29T00:00,0.390,µg/m³,VOC,GC-MS
100119,BURNABY SOUTH,Heptane,2018-11-04T00:00,0.095,µg/m³,VOC,GC-MS
100119,BURNABY SOUTH,Heptane,2018-11-10T00:00,0.205,µg/m³,VOC,GC-MS
100119,BURNABY SOUTH,Heptane,2018-11-16T00:00,0.529,µg/m³,VOC,GC-MS
100119,BURNABY SOUTH,Heptane,2018-11-22T00:00,0.191,µg/m³,VOC,GC-MS
100119,BURNABY SOUTH,Heptane,2018-11-28T00:00,0.435,µg/m³,VOC,GC-MS
100119,BURNABY SOUTH,Heptane,2018-12-04T00:00,0.492,µg/m³,VOC,GC-MS
100119,BURNABY SOUTH,Heptane,2018-12-10T00:00,0.142,µg/m³,VOC,GC-MS
100119,BURNABY SOUTH,Heptane,2018-12-16T00:00,0.090,µg/m³,VOC,GC-MS
100119,BURNABY SOUTH,Heptane,2018-12-22T00:00,0.301,µg/m³,VOC,GC-MS
