﻿NAPS_Site_ID,Station_Name,Pollutant,Date,Value,Units,Report_Type,Method
40501,PT LEPREAU - CHARLOTTE COUNTY,Propane,2008-01-01T00:00,1.582,µg/m³,VOC,GC-MS
40501,PT LEPREAU - CHARLOTTE COUNTY,Propane,2008-01-07T00:00,3.188,µg/m³,VOC,GC-MS
40501,PT LEPREAU - CHARLOTTE COUNTY,Propane,2008-01-10T00:00,1.682,µg/m³,VOC,GC-MS
40501,PT LEPREAU - CHARLOTTE COUNTY,Propane,2008-01-13T00:00,1.392,µg/m³,VOC,GC-MS
40501,PT LEPREAU - CHARLOTTE COUNTY,Propane,2008-01-16T00:00,1.300,µg/m³,VOC,GC-MS
40501,PT LEPREAU - CHARLOTTE COUNTY,Propane,2008-01-19T00:00,1.794,µg/m³,VOC,GC-MS
40501,PT LEPREAU - CHARLOTTE COUNTY,Propane,2008-01-22T00:00,1.963,µg/m³,VOC,GC-MS
40501,PT LEPREAU - CHARLOTTE COUNTY,Propane,2008-01-25T00:00,1.690,µg/m³,VOC,GC-MS
40501,PT LEPREAU - CHARLOTTE COUNTY,Propane,2008-01-28T00:00,1.669,µg/m³,VOC,GC-MS
40501,PT LEPREAU - CHARLOTTE COUNTY,Propane,2008-01-31T00:00,2.578,µg/m³,VOC,GC-MS
40501,PT LEPREAU - CHARLOTTE COUNTY,Propane,2008-02-03T00:00,1.937,µg/m³,VOC,GC-MS
40501,PT LEPREAU - CHARLOTTE COUNTY,Propane,2008-02-06T00:00,1.988,µg/m³,VOC,GC-MS
40501,PT LEPREAU - CHARLOTTE COUNTY,Propane,2008-02-09T00:00,1.751,µg/m³,VOC,GC-MS
40501,PT LEPREAU - CHARLOTTE COUNTY,Propane,2008-02-12T00:00,2.156,µg/m³,VOC,GC-MS
40501,PT LEPREAU - CHARLOTTE COUNTY,Propane,2008-02-15T00:00,2.209,µg/m³,VOC,GC-MS
40501,PT LEPREAU - CHARLOTTE COUNTY,Propane,2008-02-18T00:00,1.496,µg/m³,VOC,GC-MS
40501,PT LEPREAU - CHARLOTTE COUNTY,Propane,2008-02-21T00:00,1.651,µg/m³,VOC,GC-MS
40501,PT LEPREAU - CHARLOTTE COUNTY,Propane,2008-02-24T00:00,1.578,µg/m³,VOC,GC-MS
40501,PT LEPREAU - CHARLOTTE COUNTY,Propane,2008-02-27T00:00,1.812,µg/m³,VOC,GC-MS
40501,PT LEPREAU - CHARLOTTE COUNTY,Propane,2008-03-01T00:00,1.373,µg/m³,VOC,GC-MS
40501,PT LEPREAU - CHARLOTTE COUNTY,Propane,2008-03-04T00:00,1.352,µg/m³,VOC,GC-MS
40501,PT LEPREAU - CHARLOTTE COUNTY,Propane,2008-03-07T00:00,1.629,µg/m³,VOC,GC-MS
40501,PT LEPREAU - CHARLOTTE COUNTY,Propane,2008-03-10T00:00,1.457,µg/m³,VOC,GC-MS
40501,PT LEPREAU - CHARLOTTE COUNTY,Propane,2008-03-13T00:00,1.419,µg/m³,VOC,GC-MS
40501,PT LEPREAU - CHARLOTTE COUNTY,Propane,2008-03-16T00:00,1.608,µg/m³,VOC,GC-MS
40501,PT LEPREAU - CHARLOTTE COUNTY,Propane,2008-03-19T00:00,1.461,µg/m³,VOC,GC-MS
40501,PT LEPREAU - CHARLOTTE COUNTY,Propane,2008-03-25T00:00,1.366,µg/m³,VOC,GC-MS
40501,PT LEPREAU - CHARLOTTE COUNTY,Propane,2008-03-28T00:00,1.228,µg/m³,VOC,GC-MS
40501,PT LEPREAU - CHARLOTTE COUNTY,Propane,2008-03-31T00:00,1.054,µg/m³,VOC,GC-MS
40501,PT LEPREAU - CHARLOTTE COUNTY,Propane,2008-04-03T00:00,1.196,µg/m³,VOC,GC-MS
40501,PT LEPREAU - CHARLOTTE COUNTY,Propane,2008-04-06T00:00,2.703,µg/m³,VOC,GC-MS
40501,PT LEPREAU - CHARLOTTE COUNTY,Propane,2008-04-09T00:00,1.114,µg/m³,VOC,GC-MS
40501,PT LEPREAU - CHARLOTTE COUNTY,Propane,2008-04-12T00:00,0.981,µg/m³,VOC,GC-MS
40501,PT LEPREAU - CHARLOTTE COUNTY,Propane,2008-04-15T00:00,1.314,µg/m³,VOC,GC-MS
40501,PT LEPREAU - CHARLOTTE COUNTY,Propane,2008-04-18T00:00,0.806,µg/m³,VOC,GC-MS
40501,PT LEPREAU - CHARLOTTE COUNTY,Propane,2008-04-21T00:00,0.713,µg/m³,VOC,GC-MS
40501,PT LEPREAU - CHARLOTTE COUNTY,Propane,2008-04-24T00:00,0.695,µg/m³,VOC,GC-MS
40501,PT LEPREAU - CHARLOTTE COUNTY,Propane,2008-04-27T00:00,0.585,µg/m³,VOC,GC-MS
40501,PT LEPREAU - CHARLOTTE COUNTY,Propane,2008-04-30T00:00,0.760,µg/m³,VOC,GC-MS
40501,PT LEPREAU - CHARLOTTE COUNTY,Propane,2008-05-03T00:00,0.560,µg/m³,VOC,GC-MS
40501,PT LEPREAU - CHARLOTTE COUNTY,Propane,2008-05-06T00:00,0.719,µg/m³,VOC,GC-MS
40501,PT LEPREAU - CHARLOTTE COUNTY,Propane,2008-05-09T00:00,0.491,µg/m³,VOC,GC-MS
40501,PT LEPREAU - CHARLOTTE COUNTY,Propane,2008-05-12T00:00,0.207,µg/m³,VOC,GC-MS
40501,PT LEPREAU - CHARLOTTE COUNTY,Propane,2008-05-15T00:00,0.310,µg/m³,VOC,GC-MS
40501,PT LEPREAU - CHARLOTTE COUNTY,Propane,2008-05-18T00:00,0.521,µg/m³,VOC,GC-MS
40501,PT LEPREAU - CHARLOTTE COUNTY,Propane,2008-05-21T00:00,0.476,µg/m³,VOC,GC-MS
40501,PT LEPREAU - CHARLOTTE COUNTY,Propane,2008-05-24T00:00,0.415,µg/m³,VOC,GC-MS
40501,PT LEPREAU - CHARLOTTE COUNTY,Propane,2008-05-27T00:00,0.422,µg/m³,VOC,GC-MS
40501,PT LEPREAU - CHARLOTTE COUNTY,Propane,2008-05-30T00:00,0.297,µg/m³,VOC,GC-MS
40501,PT LEPREAU - CHARLOTTE COUNTY,Propane,2008-06-02T00:00,0.494,µg/m³,VOC,GC-MS
40501,PT LEPREAU - CHARLOTTE COUNTY,Propane,2008-06-05T00:00,0.676,µg/m³,VOC,GC-MS
40501,PT LEPREAU - CHARLOTTE COUNTY,Propane,2008-06-08T00:00,0.254,µg/m³,VOC,GC-MS
40501,PT LEPREAU - CHARLOTTE COUNTY,Propane,2008-06-11T00:00,0.357,µg/m³,VOC,GC-MS
40501,PT LEPREAU - CHARLOTTE COUNTY,Propane,2008-06-14T00:00,0.221,µg/m³,VOC,GC-MS
40501,PT LEPREAU - CHARLOTTE COUNTY,Propane,2008-06-17T00:00,0.318,µg/m³,VOC,GC-MS
40501,PT LEPREAU - CHARLOTTE COUNTY,Propane,2008-06-20T00:00,0.310,µg/m³,VOC,GC-MS
40501,PT LEPREAU - CHARLOTTE COUNTY,Propane,2008-06-23T00:00,0.345,µg/m³,VOC,GC-MS
40501,PT LEPREAU - CHARLOTTE COUNTY,Propane,2008-06-26T00:00,0.572,µg/m³,VOC,GC-MS
40501,PT LEPREAU - CHARLOTTE COUNTY,Propane,2008-06-29T00:00,0.521,µg/m³,VOC,GC-MS
40501,PT LEPREAU - CHARLOTTE COUNTY,Propane,2008-07-02T00:00,0.383,µg/m³,VOC,GC-MS
40501,PT LEPREAU - CHARLOTTE COUNTY,Propane,2008-07-05T00:00,0.414,µg/m³,VOC,GC-MS
40501,PT LEPREAU - CHARLOTTE COUNTY,Propane,2008-07-08T00:00,0.327,µg/m³,VOC,GC-MS
40501,PT LEPREAU - CHARLOTTE COUNTY,Propane,2008-07-11T00:00,0.444,µg/m³,VOC,GC-MS
40501,PT LEPREAU - CHARLOTTE COUNTY,Propane,2008-07-14T00:00,0.303,µg/m³,VOC,GC-MS
40501,PT LEPREAU - CHARLOTTE COUNTY,Propane,2008-07-17T00:00,0.319,µg/m³,VOC,GC-MS
40501,PT LEPREAU - CHARLOTTE COUNTY,Propane,2008-07-20T00:00,0.673,µg/m³,VOC,GC-MS
40501,PT LEPREAU - CHARLOTTE COUNTY,Propane,2008-07-23T00:00,0.930,µg/m³,VOC,GC-MS
40501,PT LEPREAU - CHARLOTTE COUNTY,Propane,2008-07-26T00:00,0.758,µg/m³,VOC,GC-MS
40501,PT LEPREAU - CHARLOTTE COUNTY,Propane,2008-07-29T00:00,0.445,µg/m³,VOC,GC-MS
40501,PT LEPREAU - CHARLOTTE COUNTY,Propane,2008-08-10T00:00,0.342,µg/m³,VOC,GC-MS
40501,PT LEPREAU - CHARLOTTE COUNTY,Propane,2008-08-16T00:00,0.408,µg/m³,VOC,GC-MS
40501,PT LEPREAU - CHARLOTTE COUNTY,Propane,2008-08-22T00:00,0.723,µg/m³,VOC,GC-MS
40501,PT LEPREAU - CHARLOTTE COUNTY,Propane,2008-08-28T00:00,0.412,µg/m³,VOC,GC-MS
40501,PT LEPREAU - CHARLOTTE COUNTY,Propane,2008-09-06T00:00,1.274,µg/m³,VOC,GC-MS
40501,PT LEPREAU - CHARLOTTE COUNTY,Propane,2008-09-12T00:00,0.715,µg/m³,VOC,GC-MS
40501,PT LEPREAU - CHARLOTTE COUNTY,Propane,2008-09-18T00:00,0.585,µg/m³,VOC,GC-MS
40501,PT LEPREAU - CHARLOTTE COUNTY,Propane,2008-10-06T00:00,0.433,µg/m³,VOC,GC-MS
40501,PT LEPREAU - CHARLOTTE COUNTY,Propane,2008-10-09T00:00,0.696,µg/m³,VOC,GC-MS
40501,PT LEPREAU - CHARLOTTE COUNTY,Propane,2008-10-12T00:00,0.605,µg/m³,VOC,GC-MS
40501,PT LEPREAU - CHARLOTTE COUNTY,Propane,2008-10-15T00:00,1.221,µg/m³,VOC,GC-MS
40501,PT LEPREAU - CHARLOTTE COUNTY,Propane,2008-10-18T00:00,0.634,µg/m³,VOC,GC-MS
40501,PT LEPREAU - CHARLOTTE COUNTY,Propane,2008-10-21T00:00,0.519,µg/m³,VOC,GC-MS
40501,PT LEPREAU - CHARLOTTE COUNTY,Propane,2008-10-24T00:00,0.697,µg/m³,VOC,GC-MS
40501,PT LEPREAU - CHARLOTTE COUNTY,Propane,2008-10-27T00:00,1.693,µg/m³,VOC,GC-MS
40501,PT LEPREAU - CHARLOTTE COUNTY,Propane,2008-10-30T00:00,0.839,µg/m³,VOC,GC-MS
40501,PT LEPREAU - CHARLOTTE COUNTY,Propane,2008-11-02T00:00,0.750,µg/m³,VOC,GC-MS
40501,PT LEPREAU - CHARLOTTE COUNTY,Propane,2008-11-05T00:00,0.810,µg/m³,VOC,GC-MS
40501,PT LEPREAU - CHARLOTTE COUNTY,Propane,2008-11-08T00:00,1.207,µg/m³,VOC,GC-MS
40501,PT LEPREAU - CHARLOTTE COUNTY,Propane,2008-11-11T00:00,1.232,µg/m³,VOC,GC-MS
40501,PT LEPREAU - CHARLOTTE COUNTY,Propane,2008-11-14T00:00,0.908,µg/m³,VOC,GC-MS
40501,PT LEPREAU - CHARLOTTE COUNTY,Propane,2008-11-17T00:00,1.234,µg/m³,VOC,GC-MS
40501,PT LEPREAU - CHARLOTTE COUNTY,Propane,2008-11-20T00:00,0.957,µg/m³,VOC,GC-MS
40501,PT LEPREAU - CHARLOTTE COUNTY,Propane,2008-11-23T00:00,0.768,µg/m³,VOC,GC-MS
40501,PT LEPREAU - CHARLOTTE COUNTY,Propane,2008-11-26T00:00,1.626,µg/m³,VOC,GC-MS
40501,PT LEPREAU - CHARLOTTE COUNTY,Propane,2008-11-29T00:00,2.754,µg/m³,VOC,GC-MS
40501,PT LEPREAU - CHARLOTTE COUNTY,Propane,2008-12-02T00:00,2.155,µg/m³,VOC,GC-MS
40501,PT LEPREAU - CHARLOTTE COUNTY,Propane,2008-12-05T00:00,1.134,µg/m³,VOC,GC-MS
40501,PT LEPREAU - CHARLOTTE COUNTY,Propane,2008-12-08T00:00,1.209,µg/m³,VOC,GC-MS
40501,PT LEPREAU - CHARLOTTE COUNTY,Propane,2008-12-11T00:00,0.979,µg/m³,VOC,GC-MS
40501,PT LEPREAU - CHARLOTTE COUNTY,Propane,2008-12-14T00:00,1.016,µg/m³,VOC,GC-MS
40501,PT LEPREAU - CHARLOTTE COUNTY,Propane,2008-12-17T00:00,1.316,µg/m³,VOC,GC-MS
40501,PT LEPREAU - CHARLOTTE COUNTY,Propane,2008-12-20T00:00,1.569,µg/m³,VOC,GC-MS
40501,PT LEPREAU - CHARLOTTE COUNTY,Propane,2008-12-23T00:00,1.269,µg/m³,VOC,GC-MS
40501,PT LEPREAU - CHARLOTTE COUNTY,Propane,2008-12-26T00:00,1.356,µg/m³,VOC,GC-MS
40501,PT LEPREAU - CHARLOTTE COUNTY,Propane,2008-12-29T00:00,2.466,µg/m³,VOC,GC-MS
