﻿NAPS_Site_ID,Station_Name,Pollutant,Date,Value,Units,Report_Type,Method
62601,EXPERIMENTAL FARM _SIMCOE_,Aluminum,2007-01-03T00:00,0.013,µg/m³,DICHOT,ED-XRF
62601,EXPERIMENTAL FARM _SIMCOE_,Aluminum,2007-01-03T00:00,0.056,µg/m³,DICHOT,ED-XRF
62601,EXPERIMENTAL FARM _SIMCOE_,Aluminum,2007-01-06T00:00,0.008,µg/m³,DICHOT,ED-XRF
62601,EXPERIMENTAL FARM _SIMCOE_,Aluminum,2007-01-06T00:00,0.011,µg/m³,DICHOT,ED-XRF
62601,EXPERIMENTAL FARM _SIMCOE_,Aluminum,2007-01-09T00:00,0.003,µg/m³,DICHOT,ED-XRF
62601,EXPERIMENTAL FARM _SIMCOE_,Aluminum,2007-01-09T00:00,0.032,µg/m³,DICHOT,ED-XRF
62601,EXPERIMENTAL FARM _SIMCOE_,Aluminum,2007-01-15T00:00,0.000,µg/m³,DICHOT,ED-XRF
62601,EXPERIMENTAL FARM _SIMCOE_,Aluminum,2007-01-15T00:00,0.011,µg/m³,DICHOT,ED-XRF
62601,EXPERIMENTAL FARM _SIMCOE_,Aluminum,2007-01-18T00:00,0.033,µg/m³,DICHOT,ED-XRF
62601,EXPERIMENTAL FARM _SIMCOE_,Aluminum,2007-01-18T00:00,0.087,µg/m³,DICHOT,ED-XRF
62601,EXPERIMENTAL FARM _SIMCOE_,Aluminum,2007-01-21T00:00,0.036,µg/m³,DICHOT,ED-XRF
62601,EXPERIMENTAL FARM _SIMCOE_,Aluminum,2007-01-21T00:00,0.079,µg/m³,DICHOT,ED-XRF
62601,EXPERIMENTAL FARM _SIMCOE_,Aluminum,2007-01-24T00:00,0.026,µg/m³,DICHOT,ED-XRF
62601,EXPERIMENTAL FARM _SIMCOE_,Aluminum,2007-01-24T00:00,0.043,µg/m³,DICHOT,ED-XRF
62601,EXPERIMENTAL FARM _SIMCOE_,Aluminum,2007-01-27T00:00,0.046,µg/m³,DICHOT,ED-XRF
62601,EXPERIMENTAL FARM _SIMCOE_,Aluminum,2007-01-27T00:00,0.050,µg/m³,DICHOT,ED-XRF
62601,EXPERIMENTAL FARM _SIMCOE_,Aluminum,2007-01-30T00:00,0.041,µg/m³,DICHOT,ED-XRF
62601,EXPERIMENTAL FARM _SIMCOE_,Aluminum,2007-01-30T00:00,0.098,µg/m³,DICHOT,ED-XRF
62601,EXPERIMENTAL FARM _SIMCOE_,Aluminum,2007-02-02T00:00,0.034,µg/m³,DICHOT,ED-XRF
62601,EXPERIMENTAL FARM _SIMCOE_,Aluminum,2007-02-02T00:00,0.094,µg/m³,DICHOT,ED-XRF
62601,EXPERIMENTAL FARM _SIMCOE_,Aluminum,2007-02-17T00:00,0.028,µg/m³,DICHOT,ED-XRF
62601,EXPERIMENTAL FARM _SIMCOE_,Aluminum,2007-02-17T00:00,0.072,µg/m³,DICHOT,ED-XRF
62601,EXPERIMENTAL FARM _SIMCOE_,Aluminum,2007-02-20T00:00,0.017,µg/m³,DICHOT,ED-XRF
62601,EXPERIMENTAL FARM _SIMCOE_,Aluminum,2007-02-20T00:00,0.110,µg/m³,DICHOT,ED-XRF
62601,EXPERIMENTAL FARM _SIMCOE_,Aluminum,2007-02-23T00:00,0.005,µg/m³,DICHOT,ED-XRF
62601,EXPERIMENTAL FARM _SIMCOE_,Aluminum,2007-02-23T00:00,0.028,µg/m³,DICHOT,ED-XRF
62601,EXPERIMENTAL FARM _SIMCOE_,Aluminum,2007-02-26T00:00,0.010,µg/m³,DICHOT,ED-XRF
62601,EXPERIMENTAL FARM _SIMCOE_,Aluminum,2007-02-26T00:00,0.012,µg/m³,DICHOT,ED-XRF
62601,EXPERIMENTAL FARM _SIMCOE_,Aluminum,2007-03-04T00:00,0.000,µg/m³,DICHOT,ED-XRF
62601,EXPERIMENTAL FARM _SIMCOE_,Aluminum,2007-03-04T00:00,0.003,µg/m³,DICHOT,ED-XRF
62601,EXPERIMENTAL FARM _SIMCOE_,Aluminum,2007-03-07T00:00,0.022,µg/m³,DICHOT,ED-XRF
62601,EXPERIMENTAL FARM _SIMCOE_,Aluminum,2007-03-07T00:00,0.023,µg/m³,DICHOT,ED-XRF
62601,EXPERIMENTAL FARM _SIMCOE_,Aluminum,2007-03-10T00:00,0.034,µg/m³,DICHOT,ED-XRF
62601,EXPERIMENTAL FARM _SIMCOE_,Aluminum,2007-03-10T00:00,0.165,µg/m³,DICHOT,ED-XRF
62601,EXPERIMENTAL FARM _SIMCOE_,Aluminum,2007-03-13T00:00,0.050,µg/m³,DICHOT,ED-XRF
62601,EXPERIMENTAL FARM _SIMCOE_,Aluminum,2007-03-13T00:00,0.175,µg/m³,DICHOT,ED-XRF
62601,EXPERIMENTAL FARM _SIMCOE_,Aluminum,2007-03-16T00:00,0.018,µg/m³,DICHOT,ED-XRF
62601,EXPERIMENTAL FARM _SIMCOE_,Aluminum,2007-03-16T00:00,0.093,µg/m³,DICHOT,ED-XRF
62601,EXPERIMENTAL FARM _SIMCOE_,Aluminum,2007-03-19T00:00,0.019,µg/m³,DICHOT,ED-XRF
62601,EXPERIMENTAL FARM _SIMCOE_,Aluminum,2007-03-19T00:00,0.043,µg/m³,DICHOT,ED-XRF
62601,EXPERIMENTAL FARM _SIMCOE_,Aluminum,2007-03-22T00:00,0.033,µg/m³,DICHOT,ED-XRF
62601,EXPERIMENTAL FARM _SIMCOE_,Aluminum,2007-03-22T00:00,0.103,µg/m³,DICHOT,ED-XRF
62601,EXPERIMENTAL FARM _SIMCOE_,Aluminum,2007-03-25T00:00,0.017,µg/m³,DICHOT,ED-XRF
62601,EXPERIMENTAL FARM _SIMCOE_,Aluminum,2007-03-25T00:00,0.038,µg/m³,DICHOT,ED-XRF
62601,EXPERIMENTAL FARM _SIMCOE_,Aluminum,2007-03-28T00:00,0.010,µg/m³,DICHOT,ED-XRF
62601,EXPERIMENTAL FARM _SIMCOE_,Aluminum,2007-03-28T00:00,0.035,µg/m³,DICHOT,ED-XRF
62601,EXPERIMENTAL FARM _SIMCOE_,Aluminum,2007-03-31T00:00,0.008,µg/m³,DICHOT,ED-XRF
62601,EXPERIMENTAL FARM _SIMCOE_,Aluminum,2007-03-31T00:00,0.090,µg/m³,DICHOT,ED-XRF
62601,EXPERIMENTAL FARM _SIMCOE_,Aluminum,2007-04-03T00:00,0.023,µg/m³,DICHOT,ED-XRF
62601,EXPERIMENTAL FARM _SIMCOE_,Aluminum,2007-04-03T00:00,0.031,µg/m³,DICHOT,ED-XRF
62601,EXPERIMENTAL FARM _SIMCOE_,Aluminum,2007-04-06T00:00,0.000,µg/m³,DICHOT,ED-XRF
62601,EXPERIMENTAL FARM _SIMCOE_,Aluminum,2007-04-06T00:00,0.060,µg/m³,DICHOT,ED-XRF
62601,EXPERIMENTAL FARM _SIMCOE_,Aluminum,2007-04-09T00:00,0.007,µg/m³,DICHOT,ED-XRF
62601,EXPERIMENTAL FARM _SIMCOE_,Aluminum,2007-04-09T00:00,0.033,µg/m³,DICHOT,ED-XRF
62601,EXPERIMENTAL FARM _SIMCOE_,Aluminum,2007-04-15T00:00,0.035,µg/m³,DICHOT,ED-XRF
62601,EXPERIMENTAL FARM _SIMCOE_,Aluminum,2007-04-15T00:00,0.052,µg/m³,DICHOT,ED-XRF
62601,EXPERIMENTAL FARM _SIMCOE_,Aluminum,2007-04-18T00:00,0.012,µg/m³,DICHOT,ED-XRF
62601,EXPERIMENTAL FARM _SIMCOE_,Aluminum,2007-04-18T00:00,0.063,µg/m³,DICHOT,ED-XRF
62601,EXPERIMENTAL FARM _SIMCOE_,Aluminum,2007-04-21T00:00,0.047,µg/m³,DICHOT,ED-XRF
62601,EXPERIMENTAL FARM _SIMCOE_,Aluminum,2007-04-21T00:00,0.123,µg/m³,DICHOT,ED-XRF
62601,EXPERIMENTAL FARM _SIMCOE_,Aluminum,2007-04-24T00:00,0.013,µg/m³,DICHOT,ED-XRF
62601,EXPERIMENTAL FARM _SIMCOE_,Aluminum,2007-04-24T00:00,0.096,µg/m³,DICHOT,ED-XRF
62601,EXPERIMENTAL FARM _SIMCOE_,Aluminum,2007-04-30T00:00,0.013,µg/m³,DICHOT,ED-XRF
62601,EXPERIMENTAL FARM _SIMCOE_,Aluminum,2007-04-30T00:00,0.074,µg/m³,DICHOT,ED-XRF
62601,EXPERIMENTAL FARM _SIMCOE_,Aluminum,2007-05-06T00:00,0.018,µg/m³,DICHOT,ED-XRF
62601,EXPERIMENTAL FARM _SIMCOE_,Aluminum,2007-05-06T00:00,0.075,µg/m³,DICHOT,ED-XRF
62601,EXPERIMENTAL FARM _SIMCOE_,Aluminum,2007-05-12T00:00,0.024,µg/m³,DICHOT,ED-XRF
62601,EXPERIMENTAL FARM _SIMCOE_,Aluminum,2007-05-12T00:00,0.098,µg/m³,DICHOT,ED-XRF
62601,EXPERIMENTAL FARM _SIMCOE_,Aluminum,2007-05-15T00:00,0.215,µg/m³,DICHOT,ED-XRF
62601,EXPERIMENTAL FARM _SIMCOE_,Aluminum,2007-05-15T00:00,1.563,µg/m³,DICHOT,ED-XRF
62601,EXPERIMENTAL FARM _SIMCOE_,Aluminum,2007-05-21T00:00,0.017,µg/m³,DICHOT,ED-XRF
62601,EXPERIMENTAL FARM _SIMCOE_,Aluminum,2007-05-21T00:00,0.067,µg/m³,DICHOT,ED-XRF
62601,EXPERIMENTAL FARM _SIMCOE_,Aluminum,2007-05-24T00:00,0.111,µg/m³,DICHOT,ED-XRF
62601,EXPERIMENTAL FARM _SIMCOE_,Aluminum,2007-05-24T00:00,0.711,µg/m³,DICHOT,ED-XRF
62601,EXPERIMENTAL FARM _SIMCOE_,Aluminum,2007-05-27T00:00,0.064,µg/m³,DICHOT,ED-XRF
62601,EXPERIMENTAL FARM _SIMCOE_,Aluminum,2007-05-27T00:00,0.390,µg/m³,DICHOT,ED-XRF
62601,EXPERIMENTAL FARM _SIMCOE_,Aluminum,2007-06-02T00:00,0.054,µg/m³,DICHOT,ED-XRF
62601,EXPERIMENTAL FARM _SIMCOE_,Aluminum,2007-06-02T00:00,0.383,µg/m³,DICHOT,ED-XRF
62601,EXPERIMENTAL FARM _SIMCOE_,Aluminum,2007-06-05T00:00,0.007,µg/m³,DICHOT,ED-XRF
62601,EXPERIMENTAL FARM _SIMCOE_,Aluminum,2007-06-05T00:00,0.049,µg/m³,DICHOT,ED-XRF
62601,EXPERIMENTAL FARM _SIMCOE_,Aluminum,2007-06-08T00:00,0.091,µg/m³,DICHOT,ED-XRF
62601,EXPERIMENTAL FARM _SIMCOE_,Aluminum,2007-06-08T00:00,0.724,µg/m³,DICHOT,ED-XRF
62601,EXPERIMENTAL FARM _SIMCOE_,Aluminum,2007-06-11T00:00,0.028,µg/m³,DICHOT,ED-XRF
62601,EXPERIMENTAL FARM _SIMCOE_,Aluminum,2007-06-11T00:00,0.183,µg/m³,DICHOT,ED-XRF
62601,EXPERIMENTAL FARM _SIMCOE_,Aluminum,2007-06-14T00:00,0.031,µg/m³,DICHOT,ED-XRF
62601,EXPERIMENTAL FARM _SIMCOE_,Aluminum,2007-06-14T00:00,0.233,µg/m³,DICHOT,ED-XRF
62601,EXPERIMENTAL FARM _SIMCOE_,Aluminum,2007-06-23T00:00,0.006,µg/m³,DICHOT,ED-XRF
62601,EXPERIMENTAL FARM _SIMCOE_,Aluminum,2007-06-23T00:00,0.073,µg/m³,DICHOT,ED-XRF
62601,EXPERIMENTAL FARM _SIMCOE_,Aluminum,2007-06-29T00:00,0.022,µg/m³,DICHOT,ED-XRF
62601,EXPERIMENTAL FARM _SIMCOE_,Aluminum,2007-06-29T00:00,0.155,µg/m³,DICHOT,ED-XRF
62601,EXPERIMENTAL FARM _SIMCOE_,Aluminum,2007-07-02T00:00,0.019,µg/m³,DICHOT,ED-XRF
62601,EXPERIMENTAL FARM _SIMCOE_,Aluminum,2007-07-02T00:00,0.097,µg/m³,DICHOT,ED-XRF
62601,EXPERIMENTAL FARM _SIMCOE_,Aluminum,2007-07-08T00:00,0.026,µg/m³,DICHOT,ED-XRF
62601,EXPERIMENTAL FARM _SIMCOE_,Aluminum,2007-07-08T00:00,0.102,µg/m³,DICHOT,ED-XRF
62601,EXPERIMENTAL FARM _SIMCOE_,Aluminum,2007-07-11T00:00,0.041,µg/m³,DICHOT,ED-XRF
62601,EXPERIMENTAL FARM _SIMCOE_,Aluminum,2007-07-11T00:00,0.088,µg/m³,DICHOT,ED-XRF
62601,EXPERIMENTAL FARM _SIMCOE_,Aluminum,2007-07-17T00:00,0.010,µg/m³,DICHOT,ED-XRF
62601,EXPERIMENTAL FARM _SIMCOE_,Aluminum,2007-07-17T00:00,0.059,µg/m³,DICHOT,ED-XRF
62601,EXPERIMENTAL FARM _SIMCOE_,Aluminum,2007-07-20T00:00,0.006,µg/m³,DICHOT,ED-XRF
62601,EXPERIMENTAL FARM _SIMCOE_,Aluminum,2007-07-20T00:00,0.038,µg/m³,DICHOT,ED-XRF
62601,EXPERIMENTAL FARM _SIMCOE_,Aluminum,2007-07-23T00:00,0.019,µg/m³,DICHOT,ED-XRF
62601,EXPERIMENTAL FARM _SIMCOE_,Aluminum,2007-07-23T00:00,0.136,µg/m³,DICHOT,ED-XRF
62601,EXPERIMENTAL FARM _SIMCOE_,Aluminum,2007-07-26T00:00,0.013,µg/m³,DICHOT,ED-XRF
62601,EXPERIMENTAL FARM _SIMCOE_,Aluminum,2007-07-26T00:00,0.104,µg/m³,DICHOT,ED-XRF
62601,EXPERIMENTAL FARM _SIMCOE_,Aluminum,2007-07-29T00:00,0.011,µg/m³,DICHOT,ED-XRF
62601,EXPERIMENTAL FARM _SIMCOE_,Aluminum,2007-07-29T00:00,0.058,µg/m³,DICHOT,ED-XRF
62601,EXPERIMENTAL FARM _SIMCOE_,Aluminum,2007-08-01T00:00,0.027,µg/m³,DICHOT,ED-XRF
62601,EXPERIMENTAL FARM _SIMCOE_,Aluminum,2007-08-01T00:00,0.266,µg/m³,DICHOT,ED-XRF
62601,EXPERIMENTAL FARM _SIMCOE_,Aluminum,2007-08-04T00:00,0.011,µg/m³,DICHOT,ED-XRF
62601,EXPERIMENTAL FARM _SIMCOE_,Aluminum,2007-08-04T00:00,0.114,µg/m³,DICHOT,ED-XRF
62601,EXPERIMENTAL FARM _SIMCOE_,Aluminum,2007-08-13T00:00,0.004,µg/m³,DICHOT,ED-XRF
62601,EXPERIMENTAL FARM _SIMCOE_,Aluminum,2007-08-13T00:00,0.092,µg/m³,DICHOT,ED-XRF
62601,EXPERIMENTAL FARM _SIMCOE_,Aluminum,2007-08-16T00:00,0.038,µg/m³,DICHOT,ED-XRF
62601,EXPERIMENTAL FARM _SIMCOE_,Aluminum,2007-08-16T00:00,0.197,µg/m³,DICHOT,ED-XRF
62601,EXPERIMENTAL FARM _SIMCOE_,Aluminum,2007-08-19T00:00,0.019,µg/m³,DICHOT,ED-XRF
62601,EXPERIMENTAL FARM _SIMCOE_,Aluminum,2007-08-19T00:00,0.153,µg/m³,DICHOT,ED-XRF
62601,EXPERIMENTAL FARM _SIMCOE_,Aluminum,2007-08-22T00:00,0.009,µg/m³,DICHOT,ED-XRF
62601,EXPERIMENTAL FARM _SIMCOE_,Aluminum,2007-08-22T00:00,0.024,µg/m³,DICHOT,ED-XRF
62601,EXPERIMENTAL FARM _SIMCOE_,Aluminum,2007-08-25T00:00,0.018,µg/m³,DICHOT,ED-XRF
62601,EXPERIMENTAL FARM _SIMCOE_,Aluminum,2007-08-25T00:00,0.026,µg/m³,DICHOT,ED-XRF
62601,EXPERIMENTAL FARM _SIMCOE_,Aluminum,2007-08-28T00:00,0.010,µg/m³,DICHOT,ED-XRF
62601,EXPERIMENTAL FARM _SIMCOE_,Aluminum,2007-08-28T00:00,0.093,µg/m³,DICHOT,ED-XRF
62601,EXPERIMENTAL FARM _SIMCOE_,Aluminum,2007-08-31T00:00,0.004,µg/m³,DICHOT,ED-XRF
62601,EXPERIMENTAL FARM _SIMCOE_,Aluminum,2007-08-31T00:00,0.046,µg/m³,DICHOT,ED-XRF
62601,EXPERIMENTAL FARM _SIMCOE_,Aluminum,2007-09-03T00:00,0.027,µg/m³,DICHOT,ED-XRF
62601,EXPERIMENTAL FARM _SIMCOE_,Aluminum,2007-09-03T00:00,0.189,µg/m³,DICHOT,ED-XRF
62601,EXPERIMENTAL FARM _SIMCOE_,Aluminum,2007-09-06T00:00,0.060,µg/m³,DICHOT,ED-XRF
62601,EXPERIMENTAL FARM _SIMCOE_,Aluminum,2007-09-06T00:00,0.400,µg/m³,DICHOT,ED-XRF
62601,EXPERIMENTAL FARM _SIMCOE_,Aluminum,2007-09-09T00:00,0.004,µg/m³,DICHOT,ED-XRF
62601,EXPERIMENTAL FARM _SIMCOE_,Aluminum,2007-09-09T00:00,0.007,µg/m³,DICHOT,ED-XRF
62601,EXPERIMENTAL FARM _SIMCOE_,Aluminum,2007-09-15T00:00,0.000,µg/m³,DICHOT,ED-XRF
62601,EXPERIMENTAL FARM _SIMCOE_,Aluminum,2007-09-15T00:00,0.000,µg/m³,DICHOT,ED-XRF
62601,EXPERIMENTAL FARM _SIMCOE_,Aluminum,2007-09-18T00:00,0.034,µg/m³,DICHOT,ED-XRF
62601,EXPERIMENTAL FARM _SIMCOE_,Aluminum,2007-09-18T00:00,0.161,µg/m³,DICHOT,ED-XRF
62601,EXPERIMENTAL FARM _SIMCOE_,Aluminum,2007-09-24T00:00,0.032,µg/m³,DICHOT,ED-XRF
62601,EXPERIMENTAL FARM _SIMCOE_,Aluminum,2007-09-24T00:00,0.266,µg/m³,DICHOT,ED-XRF
62601,EXPERIMENTAL FARM _SIMCOE_,Aluminum,2007-09-27T00:00,0.000,µg/m³,DICHOT,ED-XRF
62601,EXPERIMENTAL FARM _SIMCOE_,Aluminum,2007-09-27T00:00,0.015,µg/m³,DICHOT,ED-XRF
62601,EXPERIMENTAL FARM _SIMCOE_,Aluminum,2007-09-30T00:00,0.011,µg/m³,DICHOT,ED-XRF
62601,EXPERIMENTAL FARM _SIMCOE_,Aluminum,2007-09-30T00:00,0.073,µg/m³,DICHOT,ED-XRF
62601,EXPERIMENTAL FARM _SIMCOE_,Aluminum,2007-10-03T00:00,0.032,µg/m³,DICHOT,ED-XRF
62601,EXPERIMENTAL FARM _SIMCOE_,Aluminum,2007-10-03T00:00,0.120,µg/m³,DICHOT,ED-XRF
62601,EXPERIMENTAL FARM _SIMCOE_,Aluminum,2007-10-06T00:00,0.033,µg/m³,DICHOT,ED-XRF
62601,EXPERIMENTAL FARM _SIMCOE_,Aluminum,2007-10-06T00:00,0.144,µg/m³,DICHOT,ED-XRF
62601,EXPERIMENTAL FARM _SIMCOE_,Aluminum,2007-10-09T00:00,0.015,µg/m³,DICHOT,ED-XRF
62601,EXPERIMENTAL FARM _SIMCOE_,Aluminum,2007-10-09T00:00,0.087,µg/m³,DICHOT,ED-XRF
62601,EXPERIMENTAL FARM _SIMCOE_,Aluminum,2007-10-12T00:00,0.000,µg/m³,DICHOT,ED-XRF
62601,EXPERIMENTAL FARM _SIMCOE_,Aluminum,2007-10-12T00:00,0.056,µg/m³,DICHOT,ED-XRF
62601,EXPERIMENTAL FARM _SIMCOE_,Aluminum,2007-10-15T00:00,0.006,µg/m³,DICHOT,ED-XRF
62601,EXPERIMENTAL FARM _SIMCOE_,Aluminum,2007-10-15T00:00,0.048,µg/m³,DICHOT,ED-XRF
62601,EXPERIMENTAL FARM _SIMCOE_,Aluminum,2007-10-21T00:00,0.011,µg/m³,DICHOT,ED-XRF
62601,EXPERIMENTAL FARM _SIMCOE_,Aluminum,2007-10-21T00:00,0.089,µg/m³,DICHOT,ED-XRF
62601,EXPERIMENTAL FARM _SIMCOE_,Aluminum,2007-10-24T00:00,0.000,µg/m³,DICHOT,ED-XRF
62601,EXPERIMENTAL FARM _SIMCOE_,Aluminum,2007-10-24T00:00,0.018,µg/m³,DICHOT,ED-XRF
62601,EXPERIMENTAL FARM _SIMCOE_,Aluminum,2007-10-27T00:00,0.000,µg/m³,DICHOT,ED-XRF
62601,EXPERIMENTAL FARM _SIMCOE_,Aluminum,2007-10-27T00:00,0.000,µg/m³,DICHOT,ED-XRF
62601,EXPERIMENTAL FARM _SIMCOE_,Aluminum,2007-10-30T00:00,0.011,µg/m³,DICHOT,ED-XRF
62601,EXPERIMENTAL FARM _SIMCOE_,Aluminum,2007-10-30T00:00,0.080,µg/m³,DICHOT,ED-XRF
62601,EXPERIMENTAL FARM _SIMCOE_,Aluminum,2007-11-02T00:00,0.000,µg/m³,DICHOT,ED-XRF
62601,EXPERIMENTAL FARM _SIMCOE_,Aluminum,2007-11-02T00:00,0.026,µg/m³,DICHOT,ED-XRF
62601,EXPERIMENTAL FARM _SIMCOE_,Aluminum,2007-11-05T00:00,0.010,µg/m³,DICHOT,ED-XRF
62601,EXPERIMENTAL FARM _SIMCOE_,Aluminum,2007-11-05T00:00,0.080,µg/m³,DICHOT,ED-XRF
62601,EXPERIMENTAL FARM _SIMCOE_,Aluminum,2007-11-08T00:00,0.000,µg/m³,DICHOT,ED-XRF
62601,EXPERIMENTAL FARM _SIMCOE_,Aluminum,2007-11-08T00:00,0.012,µg/m³,DICHOT,ED-XRF
62601,EXPERIMENTAL FARM _SIMCOE_,Aluminum,2007-11-11T00:00,0.000,µg/m³,DICHOT,ED-XRF
62601,EXPERIMENTAL FARM _SIMCOE_,Aluminum,2007-11-11T00:00,0.007,µg/m³,DICHOT,ED-XRF
62601,EXPERIMENTAL FARM _SIMCOE_,Aluminum,2007-11-14T00:00,0.013,µg/m³,DICHOT,ED-XRF
62601,EXPERIMENTAL FARM _SIMCOE_,Aluminum,2007-11-14T00:00,0.119,µg/m³,DICHOT,ED-XRF
62601,EXPERIMENTAL FARM _SIMCOE_,Aluminum,2007-11-17T00:00,0.000,µg/m³,DICHOT,ED-XRF
62601,EXPERIMENTAL FARM _SIMCOE_,Aluminum,2007-11-17T00:00,0.000,µg/m³,DICHOT,ED-XRF
62601,EXPERIMENTAL FARM _SIMCOE_,Aluminum,2007-11-20T00:00,0.000,µg/m³,DICHOT,ED-XRF
62601,EXPERIMENTAL FARM _SIMCOE_,Aluminum,2007-11-20T00:00,0.054,µg/m³,DICHOT,ED-XRF
62601,EXPERIMENTAL FARM _SIMCOE_,Aluminum,2007-11-23T00:00,0.006,µg/m³,DICHOT,ED-XRF
62601,EXPERIMENTAL FARM _SIMCOE_,Aluminum,2007-11-23T00:00,0.044,µg/m³,DICHOT,ED-XRF
62601,EXPERIMENTAL FARM _SIMCOE_,Aluminum,2007-11-26T00:00,0.005,µg/m³,DICHOT,ED-XRF
62601,EXPERIMENTAL FARM _SIMCOE_,Aluminum,2007-11-26T00:00,0.015,µg/m³,DICHOT,ED-XRF
62601,EXPERIMENTAL FARM _SIMCOE_,Aluminum,2007-11-29T00:00,0.013,µg/m³,DICHOT,ED-XRF
62601,EXPERIMENTAL FARM _SIMCOE_,Aluminum,2007-11-29T00:00,0.081,µg/m³,DICHOT,ED-XRF
62601,EXPERIMENTAL FARM _SIMCOE_,Aluminum,2007-12-02T00:00,0.001,µg/m³,DICHOT,ED-XRF
62601,EXPERIMENTAL FARM _SIMCOE_,Aluminum,2007-12-02T00:00,0.059,µg/m³,DICHOT,ED-XRF
62601,EXPERIMENTAL FARM _SIMCOE_,Aluminum,2007-12-05T00:00,0.002,µg/m³,DICHOT,ED-XRF
62601,EXPERIMENTAL FARM _SIMCOE_,Aluminum,2007-12-05T00:00,0.016,µg/m³,DICHOT,ED-XRF
62601,EXPERIMENTAL FARM _SIMCOE_,Aluminum,2007-12-08T00:00,0.000,µg/m³,DICHOT,ED-XRF
62601,EXPERIMENTAL FARM _SIMCOE_,Aluminum,2007-12-08T00:00,0.011,µg/m³,DICHOT,ED-XRF
62601,EXPERIMENTAL FARM _SIMCOE_,Aluminum,2007-12-11T00:00,0.013,µg/m³,DICHOT,ED-XRF
62601,EXPERIMENTAL FARM _SIMCOE_,Aluminum,2007-12-11T00:00,0.032,µg/m³,DICHOT,ED-XRF
62601,EXPERIMENTAL FARM _SIMCOE_,Aluminum,2007-12-14T00:00,0.012,µg/m³,DICHOT,ED-XRF
62601,EXPERIMENTAL FARM _SIMCOE_,Aluminum,2007-12-14T00:00,0.028,µg/m³,DICHOT,ED-XRF
62601,EXPERIMENTAL FARM _SIMCOE_,Aluminum,2007-12-17T00:00,0.012,µg/m³,DICHOT,ED-XRF
62601,EXPERIMENTAL FARM _SIMCOE_,Aluminum,2007-12-17T00:00,0.029,µg/m³,DICHOT,ED-XRF
62601,EXPERIMENTAL FARM _SIMCOE_,Aluminum,2007-12-23T00:00,0.010,µg/m³,DICHOT,ED-XRF
62601,EXPERIMENTAL FARM _SIMCOE_,Aluminum,2007-12-23T00:00,0.062,µg/m³,DICHOT,ED-XRF
62601,EXPERIMENTAL FARM _SIMCOE_,Aluminum,2007-12-26T00:00,0.012,µg/m³,DICHOT,ED-XRF
62601,EXPERIMENTAL FARM _SIMCOE_,Aluminum,2007-12-26T00:00,0.051,µg/m³,DICHOT,ED-XRF
62601,EXPERIMENTAL FARM _SIMCOE_,Aluminum,2007-12-29T00:00,0.018,µg/m³,DICHOT,ED-XRF
62601,EXPERIMENTAL FARM _SIMCOE_,Aluminum,2007-12-29T00:00,0.030,µg/m³,DICHOT,ED-XRF
62601,EXPERIMENTAL FARM _SIMCOE_,Aluminum,2007-03-13T00:00,0.010,µg/m³,WICPMS,WICPMS
62601,EXPERIMENTAL FARM _SIMCOE_,Aluminum,2007-03-16T00:00,0.004,µg/m³,WICPMS,WICPMS
62601,EXPERIMENTAL FARM _SIMCOE_,Aluminum,2007-03-19T00:00,0.009,µg/m³,WICPMS,WICPMS
62601,EXPERIMENTAL FARM _SIMCOE_,Aluminum,2007-03-22T00:00,0.013,µg/m³,WICPMS,WICPMS
62601,EXPERIMENTAL FARM _SIMCOE_,Aluminum,2007-03-25T00:00,0.004,µg/m³,WICPMS,WICPMS
62601,EXPERIMENTAL FARM _SIMCOE_,Aluminum,2007-03-28T00:00,0.004,µg/m³,WICPMS,WICPMS
62601,EXPERIMENTAL FARM _SIMCOE_,Aluminum,2007-04-03T00:00,0.006,µg/m³,WICPMS,WICPMS
62601,EXPERIMENTAL FARM _SIMCOE_,Aluminum,2007-04-06T00:00,0.002,µg/m³,WICPMS,WICPMS
62601,EXPERIMENTAL FARM _SIMCOE_,Aluminum,2007-04-09T00:00,0.005,µg/m³,WICPMS,WICPMS
62601,EXPERIMENTAL FARM _SIMCOE_,Aluminum,2007-04-12T00:00,0.007,µg/m³,WICPMS,WICPMS
62601,EXPERIMENTAL FARM _SIMCOE_,Aluminum,2007-06-05T00:00,0.003,µg/m³,WICPMS,WICPMS
62601,EXPERIMENTAL FARM _SIMCOE_,Aluminum,2007-06-08T00:00,0.019,µg/m³,WICPMS,WICPMS
62601,EXPERIMENTAL FARM _SIMCOE_,Aluminum,2007-06-17T00:00,0.011,µg/m³,WICPMS,WICPMS
62601,EXPERIMENTAL FARM _SIMCOE_,Aluminum,2007-06-20T00:00,0.003,µg/m³,WICPMS,WICPMS
62601,EXPERIMENTAL FARM _SIMCOE_,Aluminum,2007-06-23T00:00,0.004,µg/m³,WICPMS,WICPMS
62601,EXPERIMENTAL FARM _SIMCOE_,Aluminum,2007-06-29T00:00,0.007,µg/m³,WICPMS,WICPMS
62601,EXPERIMENTAL FARM _SIMCOE_,Aluminum,2007-07-02T00:00,0.015,µg/m³,WICPMS,WICPMS
62601,EXPERIMENTAL FARM _SIMCOE_,Aluminum,2007-07-05T00:00,0.027,µg/m³,WICPMS,WICPMS
62601,EXPERIMENTAL FARM _SIMCOE_,Aluminum,2007-07-08T00:00,0.010,µg/m³,WICPMS,WICPMS
62601,EXPERIMENTAL FARM _SIMCOE_,Aluminum,2007-07-11T00:00,0.006,µg/m³,WICPMS,WICPMS
62601,EXPERIMENTAL FARM _SIMCOE_,Aluminum,2007-07-14T00:00,0.006,µg/m³,WICPMS,WICPMS
62601,EXPERIMENTAL FARM _SIMCOE_,Aluminum,2007-07-17T00:00,0.010,µg/m³,WICPMS,WICPMS
62601,EXPERIMENTAL FARM _SIMCOE_,Aluminum,2007-07-20T00:00,0.002,µg/m³,WICPMS,WICPMS
62601,EXPERIMENTAL FARM _SIMCOE_,Aluminum,2007-07-23T00:00,0.009,µg/m³,WICPMS,WICPMS
62601,EXPERIMENTAL FARM _SIMCOE_,Aluminum,2007-07-26T00:00,0.007,µg/m³,WICPMS,WICPMS
62601,EXPERIMENTAL FARM _SIMCOE_,Aluminum,2007-07-29T00:00,0.006,µg/m³,WICPMS,WICPMS
62601,EXPERIMENTAL FARM _SIMCOE_,Aluminum,2007-08-01T00:00,0.014,µg/m³,WICPMS,WICPMS
62601,EXPERIMENTAL FARM _SIMCOE_,Aluminum,2007-08-04T00:00,0.006,µg/m³,WICPMS,WICPMS
62601,EXPERIMENTAL FARM _SIMCOE_,Aluminum,2007-08-07T00:00,0.008,µg/m³,WICPMS,WICPMS
62601,EXPERIMENTAL FARM _SIMCOE_,Aluminum,2007-08-10T00:00,0.006,µg/m³,WICPMS,WICPMS
62601,EXPERIMENTAL FARM _SIMCOE_,Aluminum,2007-08-13T00:00,0.003,µg/m³,WICPMS,WICPMS
62601,EXPERIMENTAL FARM _SIMCOE_,Aluminum,2007-08-16T00:00,0.004,µg/m³,WICPMS,WICPMS
62601,EXPERIMENTAL FARM _SIMCOE_,Aluminum,2007-08-25T00:00,0.007,µg/m³,WICPMS,WICPMS
62601,EXPERIMENTAL FARM _SIMCOE_,Aluminum,2007-08-28T00:00,0.007,µg/m³,WICPMS,WICPMS
62601,EXPERIMENTAL FARM _SIMCOE_,Aluminum,2007-08-31T00:00,0.003,µg/m³,WICPMS,WICPMS
62601,EXPERIMENTAL FARM _SIMCOE_,Aluminum,2007-09-03T00:00,0.007,µg/m³,WICPMS,WICPMS
62601,EXPERIMENTAL FARM _SIMCOE_,Aluminum,2007-09-06T00:00,0.035,µg/m³,WICPMS,WICPMS
62601,EXPERIMENTAL FARM _SIMCOE_,Aluminum,2007-09-09T00:00,0.003,µg/m³,WICPMS,WICPMS
62601,EXPERIMENTAL FARM _SIMCOE_,Aluminum,2007-09-12T00:00,0.002,µg/m³,WICPMS,WICPMS
62601,EXPERIMENTAL FARM _SIMCOE_,Aluminum,2007-09-15T00:00,0.002,µg/m³,WICPMS,WICPMS
62601,EXPERIMENTAL FARM _SIMCOE_,Aluminum,2007-09-27T00:00,0.002,µg/m³,WICPMS,WICPMS
62601,EXPERIMENTAL FARM _SIMCOE_,Aluminum,2007-09-30T00:00,0.006,µg/m³,WICPMS,WICPMS
62601,EXPERIMENTAL FARM _SIMCOE_,Aluminum,2007-10-09T00:00,0.008,µg/m³,WICPMS,WICPMS
62601,EXPERIMENTAL FARM _SIMCOE_,Aluminum,2007-10-12T00:00,0.001,µg/m³,WICPMS,WICPMS
62601,EXPERIMENTAL FARM _SIMCOE_,Aluminum,2007-10-18T00:00,0.006,µg/m³,WICPMS,WICPMS
62601,EXPERIMENTAL FARM _SIMCOE_,Aluminum,2007-10-21T00:00,0.005,µg/m³,WICPMS,WICPMS
62601,EXPERIMENTAL FARM _SIMCOE_,Aluminum,2007-10-24T00:00,0.005,µg/m³,WICPMS,WICPMS
62601,EXPERIMENTAL FARM _SIMCOE_,Aluminum,2007-10-27T00:00,0.002,µg/m³,WICPMS,WICPMS
62601,EXPERIMENTAL FARM _SIMCOE_,Aluminum,2007-10-30T00:00,0.004,µg/m³,WICPMS,WICPMS
62601,EXPERIMENTAL FARM _SIMCOE_,Aluminum,2007-11-08T00:00,0.003,µg/m³,WICPMS,WICPMS
62601,EXPERIMENTAL FARM _SIMCOE_,Aluminum,2007-11-20T00:00,0.003,µg/m³,WICPMS,WICPMS
62601,EXPERIMENTAL FARM _SIMCOE_,Aluminum,2007-11-26T00:00,0.005,µg/m³,WICPMS,WICPMS
62601,EXPERIMENTAL FARM _SIMCOE_,Aluminum,2007-12-02T00:00,0.006,µg/m³,WICPMS,WICPMS
62601,EXPERIMENTAL FARM _SIMCOE_,Aluminum,2007-12-08T00:00,0.005,µg/m³,WICPMS,WICPMS
