﻿NAPS_Site_ID,Station_Name,Pollutant,Date,Value,Units,Report_Type,Method
100134,VANCOUVER INTL. AIRPORT,"1,2,3-Trimethylbenzene",2014-01-10T19:00,0.011,µg/m³,VOC,GC-MS
100134,VANCOUVER INTL. AIRPORT,"1,2,3-Trimethylbenzene",2014-01-22T19:00,0.108,µg/m³,VOC,GC-MS
100134,VANCOUVER INTL. AIRPORT,"1,2,3-Trimethylbenzene",2014-02-03T19:00,0.000,µg/m³,VOC,GC-MS
100134,VANCOUVER INTL. AIRPORT,"1,2,3-Trimethylbenzene",2014-02-15T19:00,0.022,µg/m³,VOC,GC-MS
100134,VANCOUVER INTL. AIRPORT,"1,2,3-Trimethylbenzene",2014-02-27T19:00,0.054,µg/m³,VOC,GC-MS
100134,VANCOUVER INTL. AIRPORT,"1,2,3-Trimethylbenzene",2014-03-11T20:00,0.052,µg/m³,VOC,GC-MS
100134,VANCOUVER INTL. AIRPORT,"1,2,3-Trimethylbenzene",2014-03-23T20:00,0.028,µg/m³,VOC,GC-MS
100134,VANCOUVER INTL. AIRPORT,"1,2,3-Trimethylbenzene",2014-04-04T20:00,0.014,µg/m³,VOC,GC-MS
100134,VANCOUVER INTL. AIRPORT,"1,2,3-Trimethylbenzene",2014-04-16T20:00,0.036,µg/m³,VOC,GC-MS
100134,VANCOUVER INTL. AIRPORT,"1,2,3-Trimethylbenzene",2014-04-28T20:00,0.066,µg/m³,VOC,GC-MS
100134,VANCOUVER INTL. AIRPORT,"1,2,3-Trimethylbenzene",2014-05-10T20:00,0.042,µg/m³,VOC,GC-MS
100134,VANCOUVER INTL. AIRPORT,"1,2,3-Trimethylbenzene",2014-05-22T20:00,0.044,µg/m³,VOC,GC-MS
100134,VANCOUVER INTL. AIRPORT,"1,2,3-Trimethylbenzene",2014-06-03T20:00,0.052,µg/m³,VOC,GC-MS
100134,VANCOUVER INTL. AIRPORT,"1,2,3-Trimethylbenzene",2014-06-27T20:00,0.120,µg/m³,VOC,GC-MS
100134,VANCOUVER INTL. AIRPORT,"1,2,3-Trimethylbenzene",2014-07-09T20:00,0.034,µg/m³,VOC,GC-MS
100134,VANCOUVER INTL. AIRPORT,"1,2,3-Trimethylbenzene",2014-07-21T20:00,0.048,µg/m³,VOC,GC-MS
100134,VANCOUVER INTL. AIRPORT,"1,2,3-Trimethylbenzene",2014-08-02T20:00,0.046,µg/m³,VOC,GC-MS
100134,VANCOUVER INTL. AIRPORT,"1,2,3-Trimethylbenzene",2014-08-14T20:00,0.036,µg/m³,VOC,GC-MS
100134,VANCOUVER INTL. AIRPORT,"1,2,3-Trimethylbenzene",2014-08-26T20:00,0.046,µg/m³,VOC,GC-MS
100134,VANCOUVER INTL. AIRPORT,"1,2,3-Trimethylbenzene",2014-09-07T20:00,0.014,µg/m³,VOC,GC-MS
100134,VANCOUVER INTL. AIRPORT,"1,2,3-Trimethylbenzene",2014-09-19T20:00,0.102,µg/m³,VOC,GC-MS
100134,VANCOUVER INTL. AIRPORT,"1,2,3-Trimethylbenzene",2014-10-01T20:00,0.096,µg/m³,VOC,GC-MS
100134,VANCOUVER INTL. AIRPORT,"1,2,3-Trimethylbenzene",2014-10-13T20:00,0.032,µg/m³,VOC,GC-MS
100134,VANCOUVER INTL. AIRPORT,"1,2,3-Trimethylbenzene",2014-10-25T20:00,0.022,µg/m³,VOC,GC-MS
100134,VANCOUVER INTL. AIRPORT,"1,2,3-Trimethylbenzene",2014-11-06T19:00,0.066,µg/m³,VOC,GC-MS
100134,VANCOUVER INTL. AIRPORT,"1,2,3-Trimethylbenzene",2014-11-30T19:00,0.130,µg/m³,VOC,GC-MS
100134,VANCOUVER INTL. AIRPORT,"1,2,3-Trimethylbenzene",2014-12-12T19:00,0.194,µg/m³,VOC,GC-MS
100134,VANCOUVER INTL. AIRPORT,"1,2,3-Trimethylbenzene",2014-12-24T19:00,0.134,µg/m³,VOC,GC-MS
