﻿NAPS_Site_ID,Station_Name,Pollutant,Date,Value,Units,Report_Type,Method
90121,EDMONTON EAST,"2,2-Dimethylbutane",2003-01-03T00:00,0.710,µg/m³,VOC,GC-MS
90121,EDMONTON EAST,"2,2-Dimethylbutane",2003-01-15T00:00,1.427,µg/m³,VOC,GC-MS
90121,EDMONTON EAST,"2,2-Dimethylbutane",2003-01-21T00:00,0.420,µg/m³,VOC,GC-MS
90121,EDMONTON EAST,"2,2-Dimethylbutane",2003-01-27T00:00,1.073,µg/m³,VOC,GC-MS
90121,EDMONTON EAST,"2,2-Dimethylbutane",2003-02-02T00:00,0.318,µg/m³,VOC,GC-MS
90121,EDMONTON EAST,"2,2-Dimethylbutane",2003-02-08T00:00,0.414,µg/m³,VOC,GC-MS
90121,EDMONTON EAST,"2,2-Dimethylbutane",2003-02-14T00:00,0.115,µg/m³,VOC,GC-MS
90121,EDMONTON EAST,"2,2-Dimethylbutane",2003-02-20T00:00,0.183,µg/m³,VOC,GC-MS
90121,EDMONTON EAST,"2,2-Dimethylbutane",2003-02-26T00:00,1.241,µg/m³,VOC,GC-MS
90121,EDMONTON EAST,"2,2-Dimethylbutane",2003-03-04T00:00,0.464,µg/m³,VOC,GC-MS
90121,EDMONTON EAST,"2,2-Dimethylbutane",2003-03-10T00:00,0.159,µg/m³,VOC,GC-MS
90121,EDMONTON EAST,"2,2-Dimethylbutane",2003-03-16T00:00,0.231,µg/m³,VOC,GC-MS
90121,EDMONTON EAST,"2,2-Dimethylbutane",2003-03-22T00:00,1.233,µg/m³,VOC,GC-MS
90121,EDMONTON EAST,"2,2-Dimethylbutane",2003-03-28T00:00,0.227,µg/m³,VOC,GC-MS
90121,EDMONTON EAST,"2,2-Dimethylbutane",2003-04-03T00:00,0.093,µg/m³,VOC,GC-MS
90121,EDMONTON EAST,"2,2-Dimethylbutane",2003-04-09T00:00,0.387,µg/m³,VOC,GC-MS
90121,EDMONTON EAST,"2,2-Dimethylbutane",2003-04-15T00:00,0.464,µg/m³,VOC,GC-MS
90121,EDMONTON EAST,"2,2-Dimethylbutane",2003-04-21T00:00,0.749,µg/m³,VOC,GC-MS
90121,EDMONTON EAST,"2,2-Dimethylbutane",2003-04-27T00:00,0.189,µg/m³,VOC,GC-MS
90121,EDMONTON EAST,"2,2-Dimethylbutane",2003-05-03T00:00,0.391,µg/m³,VOC,GC-MS
90121,EDMONTON EAST,"2,2-Dimethylbutane",2003-05-09T00:00,0.245,µg/m³,VOC,GC-MS
90121,EDMONTON EAST,"2,2-Dimethylbutane",2003-05-15T00:00,0.149,µg/m³,VOC,GC-MS
90121,EDMONTON EAST,"2,2-Dimethylbutane",2003-05-21T00:00,0.291,µg/m³,VOC,GC-MS
90121,EDMONTON EAST,"2,2-Dimethylbutane",2003-05-27T00:00,0.357,µg/m³,VOC,GC-MS
90121,EDMONTON EAST,"2,2-Dimethylbutane",2003-06-02T00:00,0.169,µg/m³,VOC,GC-MS
90121,EDMONTON EAST,"2,2-Dimethylbutane",2003-06-08T00:00,0.314,µg/m³,VOC,GC-MS
90121,EDMONTON EAST,"2,2-Dimethylbutane",2003-06-14T00:00,0.318,µg/m³,VOC,GC-MS
90121,EDMONTON EAST,"2,2-Dimethylbutane",2003-06-20T00:00,1.024,µg/m³,VOC,GC-MS
90121,EDMONTON EAST,"2,2-Dimethylbutane",2003-06-26T00:00,0.226,µg/m³,VOC,GC-MS
90121,EDMONTON EAST,"2,2-Dimethylbutane",2003-07-02T00:00,0.887,µg/m³,VOC,GC-MS
90121,EDMONTON EAST,"2,2-Dimethylbutane",2003-07-08T00:00,0.371,µg/m³,VOC,GC-MS
90121,EDMONTON EAST,"2,2-Dimethylbutane",2003-07-14T00:00,0.335,µg/m³,VOC,GC-MS
90121,EDMONTON EAST,"2,2-Dimethylbutane",2003-07-20T00:00,0.429,µg/m³,VOC,GC-MS
90121,EDMONTON EAST,"2,2-Dimethylbutane",2003-07-26T00:00,0.496,µg/m³,VOC,GC-MS
90121,EDMONTON EAST,"2,2-Dimethylbutane",2003-08-07T00:00,0.712,µg/m³,VOC,GC-MS
90121,EDMONTON EAST,"2,2-Dimethylbutane",2003-08-13T00:00,0.577,µg/m³,VOC,GC-MS
90121,EDMONTON EAST,"2,2-Dimethylbutane",2003-08-19T00:00,3.186,µg/m³,VOC,GC-MS
90121,EDMONTON EAST,"2,2-Dimethylbutane",2003-08-25T00:00,0.435,µg/m³,VOC,GC-MS
90121,EDMONTON EAST,"2,2-Dimethylbutane",2003-08-31T00:00,0.244,µg/m³,VOC,GC-MS
90121,EDMONTON EAST,"2,2-Dimethylbutane",2003-09-18T00:00,0.194,µg/m³,VOC,GC-MS
90121,EDMONTON EAST,"2,2-Dimethylbutane",2003-09-24T00:00,0.123,µg/m³,VOC,GC-MS
90121,EDMONTON EAST,"2,2-Dimethylbutane",2003-09-30T00:00,0.590,µg/m³,VOC,GC-MS
90121,EDMONTON EAST,"2,2-Dimethylbutane",2003-10-06T00:00,1.224,µg/m³,VOC,GC-MS
90121,EDMONTON EAST,"2,2-Dimethylbutane",2003-10-12T00:00,1.412,µg/m³,VOC,GC-MS
90121,EDMONTON EAST,"2,2-Dimethylbutane",2003-10-18T00:00,0.669,µg/m³,VOC,GC-MS
90121,EDMONTON EAST,"2,2-Dimethylbutane",2003-10-24T00:00,0.138,µg/m³,VOC,GC-MS
90121,EDMONTON EAST,"2,2-Dimethylbutane",2003-10-30T00:00,0.042,µg/m³,VOC,GC-MS
90121,EDMONTON EAST,"2,2-Dimethylbutane",2003-11-05T00:00,0.228,µg/m³,VOC,GC-MS
90121,EDMONTON EAST,"2,2-Dimethylbutane",2003-11-11T00:00,0.222,µg/m³,VOC,GC-MS
90121,EDMONTON EAST,"2,2-Dimethylbutane",2003-11-23T00:00,0.158,µg/m³,VOC,GC-MS
90121,EDMONTON EAST,"2,2-Dimethylbutane",2003-11-29T00:00,0.361,µg/m³,VOC,GC-MS
90121,EDMONTON EAST,"2,2-Dimethylbutane",2003-12-05T00:00,0.347,µg/m³,VOC,GC-MS
90121,EDMONTON EAST,"2,2-Dimethylbutane",2003-12-11T00:00,0.686,µg/m³,VOC,GC-MS
90121,EDMONTON EAST,"2,2-Dimethylbutane",2003-12-17T00:00,0.247,µg/m³,VOC,GC-MS
90121,EDMONTON EAST,"2,2-Dimethylbutane",2003-12-23T00:00,0.236,µg/m³,VOC,GC-MS
90121,EDMONTON EAST,"2,2-Dimethylbutane",2003-12-30T00:00,0.258,µg/m³,VOC,GC-MS
