﻿NAPS_Site_ID,Station_Name,Pollutant,Date,Value,Units,Report_Type,Method
90227,CALGARY CENTRAL,trans-2-Pentene,1997-01-04T00:00,0.540,µg/m³,VOC,N/A
90227,CALGARY CENTRAL,trans-2-Pentene,1997-01-10T00:00,0.420,µg/m³,VOC,N/A
90227,CALGARY CENTRAL,trans-2-Pentene,1997-01-16T00:00,1.140,µg/m³,VOC,N/A
90227,CALGARY CENTRAL,trans-2-Pentene,1997-01-22T00:00,0.480,µg/m³,VOC,N/A
90227,CALGARY CENTRAL,trans-2-Pentene,1997-01-28T00:00,1.080,µg/m³,VOC,N/A
90227,CALGARY CENTRAL,trans-2-Pentene,1997-02-03T00:00,0.460,µg/m³,VOC,N/A
90227,CALGARY CENTRAL,trans-2-Pentene,1997-02-09T00:00,0.180,µg/m³,VOC,N/A
90227,CALGARY CENTRAL,trans-2-Pentene,1997-02-15T00:00,0.460,µg/m³,VOC,N/A
90227,CALGARY CENTRAL,trans-2-Pentene,1997-02-21T00:00,0.580,µg/m³,VOC,N/A
90227,CALGARY CENTRAL,trans-2-Pentene,1997-02-27T00:00,0.200,µg/m³,VOC,N/A
90227,CALGARY CENTRAL,trans-2-Pentene,1997-03-05T00:00,0.340,µg/m³,VOC,N/A
90227,CALGARY CENTRAL,trans-2-Pentene,1997-03-11T00:00,0.200,µg/m³,VOC,N/A
90227,CALGARY CENTRAL,trans-2-Pentene,1997-03-17T00:00,0.660,µg/m³,VOC,N/A
90227,CALGARY CENTRAL,trans-2-Pentene,1997-03-23T00:00,0.140,µg/m³,VOC,N/A
90227,CALGARY CENTRAL,trans-2-Pentene,1997-03-29T00:00,0.160,µg/m³,VOC,N/A
90227,CALGARY CENTRAL,trans-2-Pentene,1997-04-04T00:00,0.220,µg/m³,VOC,N/A
90227,CALGARY CENTRAL,trans-2-Pentene,1997-04-10T00:00,0.320,µg/m³,VOC,N/A
90227,CALGARY CENTRAL,trans-2-Pentene,1997-04-16T00:00,0.280,µg/m³,VOC,N/A
90227,CALGARY CENTRAL,trans-2-Pentene,1997-04-22T00:00,0.280,µg/m³,VOC,N/A
90227,CALGARY CENTRAL,trans-2-Pentene,1997-04-28T00:00,0.300,µg/m³,VOC,N/A
90227,CALGARY CENTRAL,trans-2-Pentene,1997-05-04T00:00,0.100,µg/m³,VOC,N/A
90227,CALGARY CENTRAL,trans-2-Pentene,1997-05-10T00:00,0.160,µg/m³,VOC,N/A
90227,CALGARY CENTRAL,trans-2-Pentene,1997-05-16T00:00,0.280,µg/m³,VOC,N/A
90227,CALGARY CENTRAL,trans-2-Pentene,1997-05-22T00:00,0.440,µg/m³,VOC,N/A
90227,CALGARY CENTRAL,trans-2-Pentene,1997-05-28T00:00,0.380,µg/m³,VOC,N/A
90227,CALGARY CENTRAL,trans-2-Pentene,1997-06-03T00:00,0.360,µg/m³,VOC,N/A
90227,CALGARY CENTRAL,trans-2-Pentene,1997-06-09T00:00,0.285,µg/m³,VOC,N/A
90227,CALGARY CENTRAL,trans-2-Pentene,1997-06-15T00:00,0.108,µg/m³,VOC,N/A
90227,CALGARY CENTRAL,trans-2-Pentene,1997-06-21T00:00,0.195,µg/m³,VOC,N/A
90227,CALGARY CENTRAL,trans-2-Pentene,1997-06-27T00:00,0.203,µg/m³,VOC,N/A
90227,CALGARY CENTRAL,trans-2-Pentene,1997-07-03T00:00,0.265,µg/m³,VOC,N/A
90227,CALGARY CENTRAL,trans-2-Pentene,1997-07-09T00:00,0.372,µg/m³,VOC,N/A
90227,CALGARY CENTRAL,trans-2-Pentene,1997-07-15T00:00,0.396,µg/m³,VOC,N/A
90227,CALGARY CENTRAL,trans-2-Pentene,1997-07-21T00:00,0.138,µg/m³,VOC,N/A
90227,CALGARY CENTRAL,trans-2-Pentene,1997-07-27T00:00,0.084,µg/m³,VOC,N/A
90227,CALGARY CENTRAL,trans-2-Pentene,1997-08-02T00:00,1.203,µg/m³,VOC,N/A
90227,CALGARY CENTRAL,trans-2-Pentene,1997-08-08T00:00,0.079,µg/m³,VOC,N/A
90227,CALGARY CENTRAL,trans-2-Pentene,1997-10-31T00:00,0.138,µg/m³,VOC,N/A
90227,CALGARY CENTRAL,trans-2-Pentene,1997-11-06T00:00,0.163,µg/m³,VOC,N/A
90227,CALGARY CENTRAL,trans-2-Pentene,1997-11-12T00:00,0.200,µg/m³,VOC,N/A
90227,CALGARY CENTRAL,trans-2-Pentene,1997-11-24T00:00,0.090,µg/m³,VOC,N/A
90227,CALGARY CENTRAL,trans-2-Pentene,1997-11-30T00:00,0.120,µg/m³,VOC,N/A
90227,CALGARY CENTRAL,trans-2-Pentene,1997-12-06T00:00,0.441,µg/m³,VOC,N/A
90227,CALGARY CENTRAL,trans-2-Pentene,1997-12-12T00:00,0.120,µg/m³,VOC,N/A
90227,CALGARY CENTRAL,trans-2-Pentene,1997-12-18T00:00,0.120,µg/m³,VOC,N/A
90227,CALGARY CENTRAL,trans-2-Pentene,1997-12-24T00:00,0.120,µg/m³,VOC,N/A
90227,CALGARY CENTRAL,trans-2-Pentene,1997-12-30T00:00,0.620,µg/m³,VOC,N/A
