﻿NAPS_Site_ID,Station_Name,Pollutant,Date,Value,Units,Report_Type,Method
90121,EDMONTON EAST,"1,3,5-Trimethylbenzene",1995-01-03T00:00,0.176,µg/m³,VOC,GC-MS
90121,EDMONTON EAST,"1,3,5-Trimethylbenzene",1995-01-09T00:00,0.108,µg/m³,VOC,GC-MS
90121,EDMONTON EAST,"1,3,5-Trimethylbenzene",1995-01-15T00:00,0.165,µg/m³,VOC,GC-MS
90121,EDMONTON EAST,"1,3,5-Trimethylbenzene",1995-01-21T00:00,1.030,µg/m³,VOC,GC-MS
90121,EDMONTON EAST,"1,3,5-Trimethylbenzene",1995-01-27T00:00,1.475,µg/m³,VOC,GC-MS
90121,EDMONTON EAST,"1,3,5-Trimethylbenzene",1995-02-02T00:00,0.703,µg/m³,VOC,GC-MS
90121,EDMONTON EAST,"1,3,5-Trimethylbenzene",1995-02-08T00:00,0.366,µg/m³,VOC,GC-MS
90121,EDMONTON EAST,"1,3,5-Trimethylbenzene",1995-02-14T00:00,0.675,µg/m³,VOC,GC-MS
90121,EDMONTON EAST,"1,3,5-Trimethylbenzene",1995-02-20T00:00,0.336,µg/m³,VOC,GC-MS
90121,EDMONTON EAST,"1,3,5-Trimethylbenzene",1995-02-26T00:00,0.075,µg/m³,VOC,GC-MS
90121,EDMONTON EAST,"1,3,5-Trimethylbenzene",1995-03-04T00:00,0.028,µg/m³,VOC,GC-MS
90121,EDMONTON EAST,"1,3,5-Trimethylbenzene",1995-03-10T00:00,0.522,µg/m³,VOC,GC-MS
90121,EDMONTON EAST,"1,3,5-Trimethylbenzene",1995-03-16T00:00,0.670,µg/m³,VOC,GC-MS
90121,EDMONTON EAST,"1,3,5-Trimethylbenzene",1995-03-22T00:00,0.181,µg/m³,VOC,GC-MS
90121,EDMONTON EAST,"1,3,5-Trimethylbenzene",1995-03-28T00:00,0.113,µg/m³,VOC,GC-MS
90121,EDMONTON EAST,"1,3,5-Trimethylbenzene",1995-04-03T00:00,0.040,µg/m³,VOC,GC-MS
90121,EDMONTON EAST,"1,3,5-Trimethylbenzene",1995-04-09T00:00,0.028,µg/m³,VOC,GC-MS
90121,EDMONTON EAST,"1,3,5-Trimethylbenzene",1995-04-15T00:00,0.116,µg/m³,VOC,GC-MS
90121,EDMONTON EAST,"1,3,5-Trimethylbenzene",1995-04-21T00:00,0.499,µg/m³,VOC,GC-MS
90121,EDMONTON EAST,"1,3,5-Trimethylbenzene",1995-04-27T00:00,0.160,µg/m³,VOC,GC-MS
90121,EDMONTON EAST,"1,3,5-Trimethylbenzene",1995-05-03T00:00,0.278,µg/m³,VOC,GC-MS
90121,EDMONTON EAST,"1,3,5-Trimethylbenzene",1995-05-15T00:00,0.055,µg/m³,VOC,GC-MS
90121,EDMONTON EAST,"1,3,5-Trimethylbenzene",1995-05-21T00:00,0.156,µg/m³,VOC,GC-MS
90121,EDMONTON EAST,"1,3,5-Trimethylbenzene",1995-05-27T00:00,0.046,µg/m³,VOC,GC-MS
90121,EDMONTON EAST,"1,3,5-Trimethylbenzene",1995-06-02T00:00,0.152,µg/m³,VOC,GC-MS
90121,EDMONTON EAST,"1,3,5-Trimethylbenzene",1995-06-08T00:00,0.367,µg/m³,VOC,GC-MS
90121,EDMONTON EAST,"1,3,5-Trimethylbenzene",1995-06-20T00:00,0.149,µg/m³,VOC,GC-MS
90121,EDMONTON EAST,"1,3,5-Trimethylbenzene",1995-06-26T00:00,0.302,µg/m³,VOC,GC-MS
90121,EDMONTON EAST,"1,3,5-Trimethylbenzene",1995-07-02T00:00,0.088,µg/m³,VOC,GC-MS
90121,EDMONTON EAST,"1,3,5-Trimethylbenzene",1995-07-08T00:00,0.287,µg/m³,VOC,GC-MS
90121,EDMONTON EAST,"1,3,5-Trimethylbenzene",1995-07-14T00:00,0.397,µg/m³,VOC,GC-MS
90121,EDMONTON EAST,"1,3,5-Trimethylbenzene",1995-07-20T00:00,0.257,µg/m³,VOC,GC-MS
90121,EDMONTON EAST,"1,3,5-Trimethylbenzene",1995-07-26T00:00,0.213,µg/m³,VOC,GC-MS
90121,EDMONTON EAST,"1,3,5-Trimethylbenzene",1995-08-01T00:00,0.529,µg/m³,VOC,GC-MS
90121,EDMONTON EAST,"1,3,5-Trimethylbenzene",1995-08-07T00:00,0.174,µg/m³,VOC,GC-MS
90121,EDMONTON EAST,"1,3,5-Trimethylbenzene",1995-09-12T00:00,0.321,µg/m³,VOC,GC-MS
90121,EDMONTON EAST,"1,3,5-Trimethylbenzene",1995-09-18T00:00,0.134,µg/m³,VOC,GC-MS
90121,EDMONTON EAST,"1,3,5-Trimethylbenzene",1995-09-24T00:00,0.905,µg/m³,VOC,GC-MS
90121,EDMONTON EAST,"1,3,5-Trimethylbenzene",1995-09-30T00:00,0.408,µg/m³,VOC,GC-MS
90121,EDMONTON EAST,"1,3,5-Trimethylbenzene",1995-10-06T00:00,0.416,µg/m³,VOC,GC-MS
90121,EDMONTON EAST,"1,3,5-Trimethylbenzene",1995-10-12T00:00,0.437,µg/m³,VOC,GC-MS
90121,EDMONTON EAST,"1,3,5-Trimethylbenzene",1995-10-18T00:00,0.419,µg/m³,VOC,GC-MS
90121,EDMONTON EAST,"1,3,5-Trimethylbenzene",1995-10-24T00:00,0.530,µg/m³,VOC,GC-MS
90121,EDMONTON EAST,"1,3,5-Trimethylbenzene",1995-10-30T00:00,0.267,µg/m³,VOC,GC-MS
90121,EDMONTON EAST,"1,3,5-Trimethylbenzene",1995-11-05T00:00,0.163,µg/m³,VOC,GC-MS
90121,EDMONTON EAST,"1,3,5-Trimethylbenzene",1995-11-11T00:00,0.118,µg/m³,VOC,GC-MS
90121,EDMONTON EAST,"1,3,5-Trimethylbenzene",1995-11-17T00:00,0.484,µg/m³,VOC,GC-MS
90121,EDMONTON EAST,"1,3,5-Trimethylbenzene",1995-11-23T00:00,0.161,µg/m³,VOC,GC-MS
90121,EDMONTON EAST,"1,3,5-Trimethylbenzene",1995-11-29T00:00,0.216,µg/m³,VOC,GC-MS
90121,EDMONTON EAST,"1,3,5-Trimethylbenzene",1995-12-05T00:00,1.326,µg/m³,VOC,GC-MS
90121,EDMONTON EAST,"1,3,5-Trimethylbenzene",1995-12-11T00:00,0.010,µg/m³,VOC,GC-MS
90121,EDMONTON EAST,"1,3,5-Trimethylbenzene",1995-12-17T00:00,0.741,µg/m³,VOC,GC-MS
90121,EDMONTON EAST,"1,3,5-Trimethylbenzene",1995-12-23T00:00,0.538,µg/m³,VOC,GC-MS
90121,EDMONTON EAST,"1,3,5-Trimethylbenzene",1995-12-29T00:00,1.099,µg/m³,VOC,GC-MS
