﻿NAPS_Site_ID,Station_Name,Pollutant,Date,Value,Units,Report_Type,Method
100137,BURNABY NORTH,Ethylbenzene,2015-01-05T19:00,0.647,µg/m³,VOC,GC-MS
100137,BURNABY NORTH,Ethylbenzene,2015-01-11T19:00,1.181,µg/m³,VOC,GC-MS
100137,BURNABY NORTH,Ethylbenzene,2015-01-29T19:00,1.169,µg/m³,VOC,GC-MS
100137,BURNABY NORTH,Ethylbenzene,2015-02-04T19:00,0.250,µg/m³,VOC,GC-MS
100137,BURNABY NORTH,Ethylbenzene,2015-02-16T19:00,1.451,µg/m³,VOC,GC-MS
100137,BURNABY NORTH,Ethylbenzene,2015-02-22T19:00,0.868,µg/m³,VOC,GC-MS
100137,BURNABY NORTH,Ethylbenzene,2015-02-28T19:00,0.545,µg/m³,VOC,GC-MS
100137,BURNABY NORTH,Ethylbenzene,2015-03-06T19:00,2.870,µg/m³,VOC,GC-MS
100137,BURNABY NORTH,Ethylbenzene,2015-04-29T20:00,0.699,µg/m³,VOC,GC-MS
100137,BURNABY NORTH,Ethylbenzene,2015-05-05T20:00,0.715,µg/m³,VOC,GC-MS
100137,BURNABY NORTH,Ethylbenzene,2015-05-11T20:00,0.297,µg/m³,VOC,GC-MS
100137,BURNABY NORTH,Ethylbenzene,2015-05-17T20:00,1.276,µg/m³,VOC,GC-MS
100137,BURNABY NORTH,Ethylbenzene,2015-05-23T20:00,0.202,µg/m³,VOC,GC-MS
100137,BURNABY NORTH,Ethylbenzene,2015-05-29T20:00,1.192,µg/m³,VOC,GC-MS
100137,BURNABY NORTH,Ethylbenzene,2015-06-04T20:00,1.594,µg/m³,VOC,GC-MS
100137,BURNABY NORTH,Ethylbenzene,2015-06-10T20:00,0.478,µg/m³,VOC,GC-MS
100137,BURNABY NORTH,Ethylbenzene,2015-06-16T20:00,0.370,µg/m³,VOC,GC-MS
100137,BURNABY NORTH,Ethylbenzene,2015-06-22T20:00,0.536,µg/m³,VOC,GC-MS
100137,BURNABY NORTH,Ethylbenzene,2015-06-28T20:00,0.442,µg/m³,VOC,GC-MS
100137,BURNABY NORTH,Ethylbenzene,2015-07-04T20:00,1.204,µg/m³,VOC,GC-MS
100137,BURNABY NORTH,Ethylbenzene,2015-07-10T20:00,0.264,µg/m³,VOC,GC-MS
100137,BURNABY NORTH,Ethylbenzene,2015-07-16T20:00,1.534,µg/m³,VOC,GC-MS
100137,BURNABY NORTH,Ethylbenzene,2015-07-22T20:00,1.047,µg/m³,VOC,GC-MS
100137,BURNABY NORTH,Ethylbenzene,2015-08-15T20:00,0.823,µg/m³,VOC,GC-MS
100137,BURNABY NORTH,Ethylbenzene,2015-08-21T20:00,0.853,µg/m³,VOC,GC-MS
100137,BURNABY NORTH,Ethylbenzene,2015-08-27T20:00,0.389,µg/m³,VOC,GC-MS
100137,BURNABY NORTH,Ethylbenzene,2015-09-02T20:00,0.208,µg/m³,VOC,GC-MS
100137,BURNABY NORTH,Ethylbenzene,2015-09-08T20:00,0.661,µg/m³,VOC,GC-MS
100137,BURNABY NORTH,Ethylbenzene,2015-09-20T20:00,0.778,µg/m³,VOC,GC-MS
100137,BURNABY NORTH,Ethylbenzene,2015-09-26T20:00,0.603,µg/m³,VOC,GC-MS
100137,BURNABY NORTH,Ethylbenzene,2015-10-02T20:00,0.775,µg/m³,VOC,GC-MS
100137,BURNABY NORTH,Ethylbenzene,2015-10-08T20:00,0.487,µg/m³,VOC,GC-MS
100137,BURNABY NORTH,Ethylbenzene,2015-10-14T20:00,1.864,µg/m³,VOC,GC-MS
100137,BURNABY NORTH,Ethylbenzene,2015-10-20T20:00,1.189,µg/m³,VOC,GC-MS
100137,BURNABY NORTH,Ethylbenzene,2015-10-26T20:00,1.127,µg/m³,VOC,GC-MS
100137,BURNABY NORTH,Ethylbenzene,2015-11-01T19:00,0.284,µg/m³,VOC,GC-MS
100137,BURNABY NORTH,Ethylbenzene,2015-11-07T19:00,0.485,µg/m³,VOC,GC-MS
100137,BURNABY NORTH,Ethylbenzene,2015-11-13T19:00,0.272,µg/m³,VOC,GC-MS
100137,BURNABY NORTH,Ethylbenzene,2015-11-19T19:00,1.157,µg/m³,VOC,GC-MS
100137,BURNABY NORTH,Ethylbenzene,2015-11-25T19:00,1.574,µg/m³,VOC,GC-MS
100137,BURNABY NORTH,Ethylbenzene,2015-12-01T19:00,0.155,µg/m³,VOC,GC-MS
100137,BURNABY NORTH,Ethylbenzene,2015-12-07T19:00,0.260,µg/m³,VOC,GC-MS
100137,BURNABY NORTH,Ethylbenzene,2015-12-13T19:00,0.413,µg/m³,VOC,GC-MS
100137,BURNABY NORTH,Ethylbenzene,2015-12-19T19:00,0.153,µg/m³,VOC,GC-MS
100137,BURNABY NORTH,Ethylbenzene,2015-12-25T19:00,0.202,µg/m³,VOC,GC-MS
