﻿NAPS_Site_ID,Station_Name,Pollutant,Date,Value,Units,Report_Type,Method
60428,BRAMPTON _BRAMPTON_,"1,4-Dichlorobenzene",2003-01-03T00:00,0.088,µg/m³,VOC,
60428,BRAMPTON _BRAMPTON_,"1,4-Dichlorobenzene",2003-01-09T00:00,0.034,µg/m³,VOC,
60428,BRAMPTON _BRAMPTON_,"1,4-Dichlorobenzene",2003-01-15T00:00,0.019,µg/m³,VOC,
60428,BRAMPTON _BRAMPTON_,"1,4-Dichlorobenzene",2003-01-21T00:00,0.030,µg/m³,VOC,
60428,BRAMPTON _BRAMPTON_,"1,4-Dichlorobenzene",2003-01-27T00:00,0.028,µg/m³,VOC,
60428,BRAMPTON _BRAMPTON_,"1,4-Dichlorobenzene",2003-02-02T00:00,0.026,µg/m³,VOC,
60428,BRAMPTON _BRAMPTON_,"1,4-Dichlorobenzene",2003-02-08T00:00,0.018,µg/m³,VOC,
60428,BRAMPTON _BRAMPTON_,"1,4-Dichlorobenzene",2003-02-14T00:00,0.022,µg/m³,VOC,
60428,BRAMPTON _BRAMPTON_,"1,4-Dichlorobenzene",2003-02-20T00:00,0.042,µg/m³,VOC,
60428,BRAMPTON _BRAMPTON_,"1,4-Dichlorobenzene",2003-02-26T00:00,0.136,µg/m³,VOC,
60428,BRAMPTON _BRAMPTON_,"1,4-Dichlorobenzene",2003-03-04T00:00,0.063,µg/m³,VOC,
60428,BRAMPTON _BRAMPTON_,"1,4-Dichlorobenzene",2003-03-10T00:00,0.019,µg/m³,VOC,
60428,BRAMPTON _BRAMPTON_,"1,4-Dichlorobenzene",2003-03-16T00:00,0.216,µg/m³,VOC,
60428,BRAMPTON _BRAMPTON_,"1,4-Dichlorobenzene",2003-03-22T00:00,0.047,µg/m³,VOC,
60428,BRAMPTON _BRAMPTON_,"1,4-Dichlorobenzene",2003-03-28T00:00,0.066,µg/m³,VOC,
60428,BRAMPTON _BRAMPTON_,"1,4-Dichlorobenzene",2003-04-03T00:00,0.034,µg/m³,VOC,
60428,BRAMPTON _BRAMPTON_,"1,4-Dichlorobenzene",2003-07-02T00:00,0.138,µg/m³,VOC,
60428,BRAMPTON _BRAMPTON_,"1,4-Dichlorobenzene",2003-07-08T00:00,0.058,µg/m³,VOC,
60428,BRAMPTON _BRAMPTON_,"1,4-Dichlorobenzene",2003-07-14T00:00,0.100,µg/m³,VOC,
60428,BRAMPTON _BRAMPTON_,"1,4-Dichlorobenzene",2003-07-20T00:00,0.093,µg/m³,VOC,
60428,BRAMPTON _BRAMPTON_,"1,4-Dichlorobenzene",2003-07-26T00:00,0.072,µg/m³,VOC,
60428,BRAMPTON _BRAMPTON_,"1,4-Dichlorobenzene",2003-08-01T00:00,0.145,µg/m³,VOC,
60428,BRAMPTON _BRAMPTON_,"1,4-Dichlorobenzene",2003-08-07T00:00,0.052,µg/m³,VOC,
60428,BRAMPTON _BRAMPTON_,"1,4-Dichlorobenzene",2003-08-13T00:00,0.069,µg/m³,VOC,
60428,BRAMPTON _BRAMPTON_,"1,4-Dichlorobenzene",2003-08-19T00:00,0.068,µg/m³,VOC,
60428,BRAMPTON _BRAMPTON_,"1,4-Dichlorobenzene",2003-08-25T00:00,0.056,µg/m³,VOC,
60428,BRAMPTON _BRAMPTON_,"1,4-Dichlorobenzene",2003-08-31T00:00,0.075,µg/m³,VOC,
60428,BRAMPTON _BRAMPTON_,"1,4-Dichlorobenzene",2003-09-06T00:00,0.073,µg/m³,VOC,
60428,BRAMPTON _BRAMPTON_,"1,4-Dichlorobenzene",2003-09-12T00:00,0.213,µg/m³,VOC,
60428,BRAMPTON _BRAMPTON_,"1,4-Dichlorobenzene",2003-09-18T00:00,0.176,µg/m³,VOC,
60428,BRAMPTON _BRAMPTON_,"1,4-Dichlorobenzene",2003-09-24T00:00,0.059,µg/m³,VOC,
60428,BRAMPTON _BRAMPTON_,"1,4-Dichlorobenzene",2003-09-30T00:00,0.052,µg/m³,VOC,
60428,BRAMPTON _BRAMPTON_,"1,4-Dichlorobenzene",2003-10-06T00:00,0.092,µg/m³,VOC,
60428,BRAMPTON _BRAMPTON_,"1,4-Dichlorobenzene",2003-10-12T00:00,0.314,µg/m³,VOC,
60428,BRAMPTON _BRAMPTON_,"1,4-Dichlorobenzene",2003-10-24T00:00,0.092,µg/m³,VOC,
60428,BRAMPTON _BRAMPTON_,"1,4-Dichlorobenzene",2003-10-30T00:00,0.113,µg/m³,VOC,
60428,BRAMPTON _BRAMPTON_,"1,4-Dichlorobenzene",2003-11-05T00:00,0.078,µg/m³,VOC,
60428,BRAMPTON _BRAMPTON_,"1,4-Dichlorobenzene",2003-11-11T00:00,0.171,µg/m³,VOC,
60428,BRAMPTON _BRAMPTON_,"1,4-Dichlorobenzene",2003-11-17T00:00,0.095,µg/m³,VOC,
60428,BRAMPTON _BRAMPTON_,"1,4-Dichlorobenzene",2003-11-23T00:00,0.259,µg/m³,VOC,
60428,BRAMPTON _BRAMPTON_,"1,4-Dichlorobenzene",2003-11-29T00:00,0.018,µg/m³,VOC,
60428,BRAMPTON _BRAMPTON_,"1,4-Dichlorobenzene",2003-12-05T00:00,0.072,µg/m³,VOC,
60428,BRAMPTON _BRAMPTON_,"1,4-Dichlorobenzene",2003-12-11T00:00,0.068,µg/m³,VOC,
60428,BRAMPTON _BRAMPTON_,"1,4-Dichlorobenzene",2003-12-17T00:00,0.030,µg/m³,VOC,
60428,BRAMPTON _BRAMPTON_,"1,4-Dichlorobenzene",2003-12-23T00:00,0.139,µg/m³,VOC,
