﻿NAPS_Site_ID,Station_Name,Pollutant,Date,Value,Units,Report_Type,Method
70119,ELLEN,Butane,1995-01-03T00:00,7.349,µg/m³,VOC,N/A
70119,ELLEN,Butane,1995-01-21T00:00,6.095,µg/m³,VOC,N/A
70119,ELLEN,Butane,1995-01-27T00:00,33.558,µg/m³,VOC,N/A
70119,ELLEN,Butane,1995-02-02T00:00,25.672,µg/m³,VOC,N/A
70119,ELLEN,Butane,1995-02-08T00:00,15.363,µg/m³,VOC,N/A
70119,ELLEN,Butane,1995-02-14T00:00,13.857,µg/m³,VOC,N/A
70119,ELLEN,Butane,1995-02-20T00:00,7.172,µg/m³,VOC,N/A
70119,ELLEN,Butane,1995-02-26T00:00,5.314,µg/m³,VOC,N/A
70119,ELLEN,Butane,1995-03-04T00:00,4.868,µg/m³,VOC,N/A
70119,ELLEN,Butane,1995-03-10T00:00,6.833,µg/m³,VOC,N/A
70119,ELLEN,Butane,1995-03-16T00:00,10.382,µg/m³,VOC,N/A
70119,ELLEN,Butane,1995-03-22T00:00,13.371,µg/m³,VOC,N/A
70119,ELLEN,Butane,1995-03-28T00:00,3.191,µg/m³,VOC,N/A
70119,ELLEN,Butane,1995-04-03T00:00,3.400,µg/m³,VOC,N/A
70119,ELLEN,Butane,1995-04-09T00:00,4.213,µg/m³,VOC,N/A
70119,ELLEN,Butane,1995-04-15T00:00,6.183,µg/m³,VOC,N/A
70119,ELLEN,Butane,1995-04-21T00:00,5.484,µg/m³,VOC,N/A
70119,ELLEN,Butane,1995-04-27T00:00,4.536,µg/m³,VOC,N/A
70119,ELLEN,Butane,1995-05-03T00:00,6.440,µg/m³,VOC,N/A
70119,ELLEN,Butane,1995-05-09T00:00,6.627,µg/m³,VOC,N/A
70119,ELLEN,Butane,1995-05-15T00:00,2.507,µg/m³,VOC,N/A
70119,ELLEN,Butane,1995-05-21T00:00,4.097,µg/m³,VOC,N/A
70119,ELLEN,Butane,1995-05-27T00:00,2.159,µg/m³,VOC,N/A
70119,ELLEN,Butane,1995-06-02T00:00,8.020,µg/m³,VOC,N/A
70119,ELLEN,Butane,1995-06-08T00:00,4.262,µg/m³,VOC,N/A
70119,ELLEN,Butane,1995-06-14T00:00,4.248,µg/m³,VOC,N/A
70119,ELLEN,Butane,1995-06-20T00:00,5.895,µg/m³,VOC,N/A
70119,ELLEN,Butane,1995-06-26T00:00,6.212,µg/m³,VOC,N/A
70119,ELLEN,Butane,1995-07-02T00:00,1.267,µg/m³,VOC,N/A
70119,ELLEN,Butane,1995-07-08T00:00,1.717,µg/m³,VOC,N/A
70119,ELLEN,Butane,1995-07-14T00:00,2.662,µg/m³,VOC,N/A
70119,ELLEN,Butane,1995-07-20T00:00,3.185,µg/m³,VOC,N/A
70119,ELLEN,Butane,1995-07-26T00:00,2.056,µg/m³,VOC,N/A
70119,ELLEN,Butane,1995-08-01T00:00,3.076,µg/m³,VOC,N/A
70119,ELLEN,Butane,1995-08-07T00:00,2.199,µg/m³,VOC,N/A
70119,ELLEN,Butane,1995-08-13T00:00,3.859,µg/m³,VOC,N/A
70119,ELLEN,Butane,1995-08-19T00:00,6.527,µg/m³,VOC,N/A
70119,ELLEN,Butane,1995-08-25T00:00,4.548,µg/m³,VOC,N/A
70119,ELLEN,Butane,1995-08-31T00:00,4.485,µg/m³,VOC,N/A
70119,ELLEN,Butane,1995-09-12T00:00,5.735,µg/m³,VOC,N/A
70119,ELLEN,Butane,1995-09-18T00:00,2.627,µg/m³,VOC,N/A
70119,ELLEN,Butane,1995-09-24T00:00,4.328,µg/m³,VOC,N/A
70119,ELLEN,Butane,1995-09-30T00:00,2.930,µg/m³,VOC,N/A
70119,ELLEN,Butane,1995-10-06T00:00,5.470,µg/m³,VOC,N/A
70119,ELLEN,Butane,1995-10-12T00:00,9.423,µg/m³,VOC,N/A
70119,ELLEN,Butane,1995-10-18T00:00,6.682,µg/m³,VOC,N/A
70119,ELLEN,Butane,1995-10-24T00:00,14.497,µg/m³,VOC,N/A
70119,ELLEN,Butane,1995-10-30T00:00,4.940,µg/m³,VOC,N/A
70119,ELLEN,Butane,1995-11-05T00:00,5.176,µg/m³,VOC,N/A
70119,ELLEN,Butane,1995-11-11T00:00,14.368,µg/m³,VOC,N/A
70119,ELLEN,Butane,1995-11-17T00:00,8.486,µg/m³,VOC,N/A
70119,ELLEN,Butane,1995-11-23T00:00,7.095,µg/m³,VOC,N/A
70119,ELLEN,Butane,1995-11-29T00:00,21.780,µg/m³,VOC,N/A
70119,ELLEN,Butane,1995-12-05T00:00,4.637,µg/m³,VOC,N/A
70119,ELLEN,Butane,1995-12-11T00:00,5.954,µg/m³,VOC,N/A
70119,ELLEN,Butane,1995-12-17T00:00,4.720,µg/m³,VOC,N/A
70119,ELLEN,Butane,1995-12-23T00:00,6.026,µg/m³,VOC,N/A
70119,ELLEN,Butane,1995-12-29T00:00,28.655,µg/m³,VOC,N/A
