﻿NAPS_Site_ID,Station_Name,Pollutant,Date,Value,Units,Report_Type,Method
101004,ABBOTSFORD AIRPORT,EC_T,2007-01-03T00:00,0.000,µg/m³,CARB,N/A
101004,ABBOTSFORD AIRPORT,EC_T,2007-01-03T00:00,0.471,µg/m³,CARB,N/A
101004,ABBOTSFORD AIRPORT,EC_T,2007-01-18T00:00,0.000,µg/m³,CARB,N/A
101004,ABBOTSFORD AIRPORT,EC_T,2007-01-18T00:00,0.803,µg/m³,CARB,N/A
101004,ABBOTSFORD AIRPORT,EC_T,2007-01-21T00:00,0.000,µg/m³,CARB,N/A
101004,ABBOTSFORD AIRPORT,EC_T,2007-01-21T00:00,0.216,µg/m³,CARB,N/A
101004,ABBOTSFORD AIRPORT,EC_T,2007-01-27T00:00,0.000,µg/m³,CARB,N/A
101004,ABBOTSFORD AIRPORT,EC_T,2007-01-27T00:00,1.381,µg/m³,CARB,N/A
101004,ABBOTSFORD AIRPORT,EC_T,2007-01-30T00:00,0.000,µg/m³,CARB,N/A
101004,ABBOTSFORD AIRPORT,EC_T,2007-01-30T00:00,0.651,µg/m³,CARB,N/A
101004,ABBOTSFORD AIRPORT,EC_T,2007-02-02T00:00,0.000,µg/m³,CARB,N/A
101004,ABBOTSFORD AIRPORT,EC_T,2007-02-02T00:00,0.305,µg/m³,CARB,N/A
101004,ABBOTSFORD AIRPORT,EC_T,2007-02-05T00:00,0.000,µg/m³,CARB,N/A
101004,ABBOTSFORD AIRPORT,EC_T,2007-02-05T00:00,0.930,µg/m³,CARB,N/A
101004,ABBOTSFORD AIRPORT,EC_T,2007-02-08T00:00,0.000,µg/m³,CARB,N/A
101004,ABBOTSFORD AIRPORT,EC_T,2007-02-08T00:00,0.322,µg/m³,CARB,N/A
101004,ABBOTSFORD AIRPORT,EC_T,2007-02-11T00:00,0.000,µg/m³,CARB,N/A
101004,ABBOTSFORD AIRPORT,EC_T,2007-02-11T00:00,0.217,µg/m³,CARB,N/A
101004,ABBOTSFORD AIRPORT,EC_T,2007-02-14T00:00,1.000,µg/m³,CARB,N/A
101004,ABBOTSFORD AIRPORT,EC_T,2007-02-14T00:00,1.499,µg/m³,CARB,N/A
101004,ABBOTSFORD AIRPORT,EC_T,2007-02-17T00:00,0.000,µg/m³,CARB,N/A
101004,ABBOTSFORD AIRPORT,EC_T,2007-02-17T00:00,0.564,µg/m³,CARB,N/A
101004,ABBOTSFORD AIRPORT,EC_T,2007-02-20T00:00,0.000,µg/m³,CARB,N/A
101004,ABBOTSFORD AIRPORT,EC_T,2007-02-20T00:00,0.000,µg/m³,CARB,N/A
101004,ABBOTSFORD AIRPORT,EC_T,2007-02-23T00:00,0.000,µg/m³,CARB,N/A
101004,ABBOTSFORD AIRPORT,EC_T,2007-02-23T00:00,0.254,µg/m³,CARB,N/A
101004,ABBOTSFORD AIRPORT,EC_T,2007-03-01T00:00,0.000,µg/m³,CARB,N/A
101004,ABBOTSFORD AIRPORT,EC_T,2007-03-01T00:00,0.887,µg/m³,CARB,N/A
101004,ABBOTSFORD AIRPORT,EC_T,2007-03-04T00:00,0.000,µg/m³,CARB,N/A
101004,ABBOTSFORD AIRPORT,EC_T,2007-03-04T00:00,1.092,µg/m³,CARB,N/A
101004,ABBOTSFORD AIRPORT,EC_T,2007-03-10T00:00,0.000,µg/m³,CARB,N/A
101004,ABBOTSFORD AIRPORT,EC_T,2007-03-10T00:00,0.149,µg/m³,CARB,N/A
101004,ABBOTSFORD AIRPORT,EC_T,2007-03-13T00:00,0.000,µg/m³,CARB,N/A
101004,ABBOTSFORD AIRPORT,EC_T,2007-03-13T00:00,0.141,µg/m³,CARB,N/A
101004,ABBOTSFORD AIRPORT,EC_T,2007-03-16T00:00,0.168,µg/m³,CARB,N/A
101004,ABBOTSFORD AIRPORT,EC_T,2007-03-16T00:00,1.013,µg/m³,CARB,N/A
101004,ABBOTSFORD AIRPORT,EC_T,2007-03-19T00:00,0.006,µg/m³,CARB,N/A
101004,ABBOTSFORD AIRPORT,EC_T,2007-03-19T00:00,0.414,µg/m³,CARB,N/A
101004,ABBOTSFORD AIRPORT,EC_T,2007-03-25T00:00,0.000,µg/m³,CARB,N/A
101004,ABBOTSFORD AIRPORT,EC_T,2007-03-25T00:00,0.156,µg/m³,CARB,N/A
101004,ABBOTSFORD AIRPORT,EC_T,2007-03-28T00:00,0.142,µg/m³,CARB,N/A
101004,ABBOTSFORD AIRPORT,EC_T,2007-03-28T00:00,0.783,µg/m³,CARB,N/A
101004,ABBOTSFORD AIRPORT,EC_T,2007-03-31T00:00,0.859,µg/m³,CARB,N/A
101004,ABBOTSFORD AIRPORT,EC_T,2007-04-03T00:00,0.438,µg/m³,CARB,N/A
101004,ABBOTSFORD AIRPORT,EC_T,2007-04-03T00:00,0.660,µg/m³,CARB,N/A
101004,ABBOTSFORD AIRPORT,EC_T,2007-04-06T00:00,0.017,µg/m³,CARB,N/A
101004,ABBOTSFORD AIRPORT,EC_T,2007-04-06T00:00,0.661,µg/m³,CARB,N/A
101004,ABBOTSFORD AIRPORT,EC_T,2007-04-09T00:00,0.003,µg/m³,CARB,N/A
101004,ABBOTSFORD AIRPORT,EC_T,2007-04-09T00:00,0.628,µg/m³,CARB,N/A
101004,ABBOTSFORD AIRPORT,EC_T,2007-04-12T00:00,0.000,µg/m³,CARB,N/A
101004,ABBOTSFORD AIRPORT,EC_T,2007-04-12T00:00,0.324,µg/m³,CARB,N/A
101004,ABBOTSFORD AIRPORT,EC_T,2007-04-15T00:00,0.000,µg/m³,CARB,N/A
101004,ABBOTSFORD AIRPORT,EC_T,2007-04-15T00:00,0.237,µg/m³,CARB,N/A
101004,ABBOTSFORD AIRPORT,EC_T,2007-04-18T00:00,0.000,µg/m³,CARB,N/A
101004,ABBOTSFORD AIRPORT,EC_T,2007-04-18T00:00,0.814,µg/m³,CARB,N/A
101004,ABBOTSFORD AIRPORT,EC_T,2007-04-21T00:00,0.000,µg/m³,CARB,N/A
101004,ABBOTSFORD AIRPORT,EC_T,2007-04-21T00:00,0.630,µg/m³,CARB,N/A
101004,ABBOTSFORD AIRPORT,EC_T,2007-04-24T00:00,0.000,µg/m³,CARB,N/A
101004,ABBOTSFORD AIRPORT,EC_T,2007-04-24T00:00,0.148,µg/m³,CARB,N/A
101004,ABBOTSFORD AIRPORT,EC_T,2007-04-27T00:00,0.000,µg/m³,CARB,N/A
101004,ABBOTSFORD AIRPORT,EC_T,2007-04-27T00:00,0.855,µg/m³,CARB,N/A
101004,ABBOTSFORD AIRPORT,EC_T,2007-04-30T00:00,0.000,µg/m³,CARB,N/A
101004,ABBOTSFORD AIRPORT,EC_T,2007-04-30T00:00,0.421,µg/m³,CARB,N/A
101004,ABBOTSFORD AIRPORT,EC_T,2007-05-03T00:00,0.000,µg/m³,CARB,N/A
101004,ABBOTSFORD AIRPORT,EC_T,2007-05-03T00:00,0.033,µg/m³,CARB,N/A
101004,ABBOTSFORD AIRPORT,EC_T,2007-05-06T00:00,0.000,µg/m³,CARB,N/A
101004,ABBOTSFORD AIRPORT,EC_T,2007-05-06T00:00,1.065,µg/m³,CARB,N/A
101004,ABBOTSFORD AIRPORT,EC_T,2007-05-09T00:00,0.000,µg/m³,CARB,N/A
101004,ABBOTSFORD AIRPORT,EC_T,2007-05-09T00:00,0.667,µg/m³,CARB,N/A
101004,ABBOTSFORD AIRPORT,EC_T,2007-05-12T00:00,0.000,µg/m³,CARB,N/A
101004,ABBOTSFORD AIRPORT,EC_T,2007-05-12T00:00,0.586,µg/m³,CARB,N/A
101004,ABBOTSFORD AIRPORT,EC_T,2007-05-15T00:00,0.000,µg/m³,CARB,N/A
101004,ABBOTSFORD AIRPORT,EC_T,2007-05-15T00:00,1.226,µg/m³,CARB,N/A
101004,ABBOTSFORD AIRPORT,EC_T,2007-05-18T00:00,0.000,µg/m³,CARB,N/A
101004,ABBOTSFORD AIRPORT,EC_T,2007-05-18T00:00,0.735,µg/m³,CARB,N/A
101004,ABBOTSFORD AIRPORT,EC_T,2007-05-21T00:00,0.000,µg/m³,CARB,N/A
101004,ABBOTSFORD AIRPORT,EC_T,2007-05-21T00:00,0.174,µg/m³,CARB,N/A
101004,ABBOTSFORD AIRPORT,EC_T,2007-05-24T00:00,0.000,µg/m³,CARB,N/A
101004,ABBOTSFORD AIRPORT,EC_T,2007-05-24T00:00,0.878,µg/m³,CARB,N/A
101004,ABBOTSFORD AIRPORT,EC_T,2007-05-27T00:00,0.000,µg/m³,CARB,N/A
101004,ABBOTSFORD AIRPORT,EC_T,2007-05-27T00:00,0.000,µg/m³,CARB,N/A
101004,ABBOTSFORD AIRPORT,EC_T,2007-06-02T00:00,0.000,µg/m³,CARB,N/A
101004,ABBOTSFORD AIRPORT,EC_T,2007-06-02T00:00,0.589,µg/m³,CARB,N/A
101004,ABBOTSFORD AIRPORT,EC_T,2007-06-05T00:00,0.000,µg/m³,CARB,N/A
101004,ABBOTSFORD AIRPORT,EC_T,2007-06-05T00:00,0.000,µg/m³,CARB,N/A
101004,ABBOTSFORD AIRPORT,EC_T,2007-06-11T00:00,0.000,µg/m³,CARB,N/A
101004,ABBOTSFORD AIRPORT,EC_T,2007-06-11T00:00,0.166,µg/m³,CARB,N/A
101004,ABBOTSFORD AIRPORT,EC_T,2007-06-14T00:00,0.000,µg/m³,CARB,N/A
101004,ABBOTSFORD AIRPORT,EC_T,2007-06-14T00:00,0.126,µg/m³,CARB,N/A
101004,ABBOTSFORD AIRPORT,EC_T,2007-06-17T00:00,0.000,µg/m³,CARB,N/A
101004,ABBOTSFORD AIRPORT,EC_T,2007-06-17T00:00,0.000,µg/m³,CARB,N/A
101004,ABBOTSFORD AIRPORT,EC_T,2007-06-20T00:00,0.000,µg/m³,CARB,N/A
101004,ABBOTSFORD AIRPORT,EC_T,2007-06-20T00:00,0.638,µg/m³,CARB,N/A
101004,ABBOTSFORD AIRPORT,EC_T,2007-06-23T00:00,0.000,µg/m³,CARB,N/A
101004,ABBOTSFORD AIRPORT,EC_T,2007-06-23T00:00,0.201,µg/m³,CARB,N/A
101004,ABBOTSFORD AIRPORT,EC_T,2007-06-26T00:00,0.000,µg/m³,CARB,N/A
101004,ABBOTSFORD AIRPORT,EC_T,2007-06-26T00:00,0.412,µg/m³,CARB,N/A
101004,ABBOTSFORD AIRPORT,EC_T,2007-06-29T00:00,0.000,µg/m³,CARB,N/A
101004,ABBOTSFORD AIRPORT,EC_T,2007-06-29T00:00,0.684,µg/m³,CARB,N/A
101004,ABBOTSFORD AIRPORT,EC_T,2007-07-02T00:00,0.000,µg/m³,CARB,N/A
101004,ABBOTSFORD AIRPORT,EC_T,2007-07-02T00:00,0.524,µg/m³,CARB,N/A
101004,ABBOTSFORD AIRPORT,EC_T,2007-07-05T00:00,0.000,µg/m³,CARB,N/A
101004,ABBOTSFORD AIRPORT,EC_T,2007-07-05T00:00,0.308,µg/m³,CARB,N/A
101004,ABBOTSFORD AIRPORT,EC_T,2007-07-08T00:00,0.000,µg/m³,CARB,N/A
101004,ABBOTSFORD AIRPORT,EC_T,2007-07-08T00:00,0.350,µg/m³,CARB,N/A
101004,ABBOTSFORD AIRPORT,EC_T,2007-07-11T00:00,0.000,µg/m³,CARB,N/A
101004,ABBOTSFORD AIRPORT,EC_T,2007-07-11T00:00,0.729,µg/m³,CARB,N/A
101004,ABBOTSFORD AIRPORT,EC_T,2007-07-14T00:00,0.000,µg/m³,CARB,N/A
101004,ABBOTSFORD AIRPORT,EC_T,2007-07-14T00:00,0.369,µg/m³,CARB,N/A
101004,ABBOTSFORD AIRPORT,EC_T,2007-07-17T00:00,0.000,µg/m³,CARB,N/A
101004,ABBOTSFORD AIRPORT,EC_T,2007-07-17T00:00,0.887,µg/m³,CARB,N/A
101004,ABBOTSFORD AIRPORT,EC_T,2007-07-20T00:00,0.000,µg/m³,CARB,N/A
101004,ABBOTSFORD AIRPORT,EC_T,2007-07-20T00:00,0.756,µg/m³,CARB,N/A
101004,ABBOTSFORD AIRPORT,EC_T,2007-07-26T00:00,0.000,µg/m³,CARB,N/A
101004,ABBOTSFORD AIRPORT,EC_T,2007-07-26T00:00,0.615,µg/m³,CARB,N/A
101004,ABBOTSFORD AIRPORT,EC_T,2007-07-29T00:00,0.000,µg/m³,CARB,N/A
101004,ABBOTSFORD AIRPORT,EC_T,2007-07-29T00:00,0.208,µg/m³,CARB,N/A
101004,ABBOTSFORD AIRPORT,EC_T,2007-08-01T00:00,0.000,µg/m³,CARB,N/A
101004,ABBOTSFORD AIRPORT,EC_T,2007-08-01T00:00,0.578,µg/m³,CARB,N/A
101004,ABBOTSFORD AIRPORT,EC_T,2007-08-04T00:00,0.000,µg/m³,CARB,N/A
101004,ABBOTSFORD AIRPORT,EC_T,2007-08-04T00:00,0.703,µg/m³,CARB,N/A
101004,ABBOTSFORD AIRPORT,EC_T,2007-08-07T00:00,0.000,µg/m³,CARB,N/A
101004,ABBOTSFORD AIRPORT,EC_T,2007-08-07T00:00,0.212,µg/m³,CARB,N/A
101004,ABBOTSFORD AIRPORT,EC_T,2007-08-10T00:00,0.000,µg/m³,CARB,N/A
101004,ABBOTSFORD AIRPORT,EC_T,2007-08-10T00:00,0.301,µg/m³,CARB,N/A
101004,ABBOTSFORD AIRPORT,EC_T,2007-08-13T00:00,0.000,µg/m³,CARB,N/A
101004,ABBOTSFORD AIRPORT,EC_T,2007-08-13T00:00,0.735,µg/m³,CARB,N/A
101004,ABBOTSFORD AIRPORT,EC_T,2007-08-19T00:00,0.001,µg/m³,CARB,N/A
101004,ABBOTSFORD AIRPORT,EC_T,2007-08-19T00:00,0.204,µg/m³,CARB,N/A
101004,ABBOTSFORD AIRPORT,EC_T,2007-08-22T00:00,0.000,µg/m³,CARB,N/A
101004,ABBOTSFORD AIRPORT,EC_T,2007-08-22T00:00,0.398,µg/m³,CARB,N/A
101004,ABBOTSFORD AIRPORT,EC_T,2007-08-25T00:00,0.000,µg/m³,CARB,N/A
101004,ABBOTSFORD AIRPORT,EC_T,2007-08-25T00:00,0.176,µg/m³,CARB,N/A
101004,ABBOTSFORD AIRPORT,EC_T,2007-08-28T00:00,0.000,µg/m³,CARB,N/A
101004,ABBOTSFORD AIRPORT,EC_T,2007-08-28T00:00,0.801,µg/m³,CARB,N/A
101004,ABBOTSFORD AIRPORT,EC_T,2007-08-31T00:00,0.000,µg/m³,CARB,N/A
101004,ABBOTSFORD AIRPORT,EC_T,2007-08-31T00:00,0.814,µg/m³,CARB,N/A
101004,ABBOTSFORD AIRPORT,EC_T,2007-09-06T00:00,0.000,µg/m³,CARB,N/A
101004,ABBOTSFORD AIRPORT,EC_T,2007-09-06T00:00,0.000,µg/m³,CARB,N/A
101004,ABBOTSFORD AIRPORT,EC_T,2007-09-09T00:00,0.000,µg/m³,CARB,N/A
101004,ABBOTSFORD AIRPORT,EC_T,2007-09-09T00:00,0.480,µg/m³,CARB,N/A
101004,ABBOTSFORD AIRPORT,EC_T,2007-09-12T00:00,0.000,µg/m³,CARB,N/A
101004,ABBOTSFORD AIRPORT,EC_T,2007-09-12T00:00,0.217,µg/m³,CARB,N/A
101004,ABBOTSFORD AIRPORT,EC_T,2007-09-15T00:00,0.000,µg/m³,CARB,N/A
101004,ABBOTSFORD AIRPORT,EC_T,2007-09-15T00:00,0.218,µg/m³,CARB,N/A
101004,ABBOTSFORD AIRPORT,EC_T,2007-09-18T00:00,0.000,µg/m³,CARB,N/A
101004,ABBOTSFORD AIRPORT,EC_T,2007-09-18T00:00,0.982,µg/m³,CARB,N/A
101004,ABBOTSFORD AIRPORT,EC_T,2007-09-21T00:00,0.000,µg/m³,CARB,N/A
101004,ABBOTSFORD AIRPORT,EC_T,2007-09-21T00:00,0.658,µg/m³,CARB,N/A
101004,ABBOTSFORD AIRPORT,EC_T,2007-09-24T00:00,0.000,µg/m³,CARB,N/A
101004,ABBOTSFORD AIRPORT,EC_T,2007-09-24T00:00,0.495,µg/m³,CARB,N/A
101004,ABBOTSFORD AIRPORT,EC_T,2007-09-27T00:00,0.000,µg/m³,CARB,N/A
101004,ABBOTSFORD AIRPORT,EC_T,2007-09-27T00:00,1.013,µg/m³,CARB,N/A
101004,ABBOTSFORD AIRPORT,EC_T,2007-09-30T00:00,0.000,µg/m³,CARB,N/A
101004,ABBOTSFORD AIRPORT,EC_T,2007-09-30T00:00,0.274,µg/m³,CARB,N/A
101004,ABBOTSFORD AIRPORT,EC_T,2007-10-03T00:00,0.000,µg/m³,CARB,N/A
101004,ABBOTSFORD AIRPORT,EC_T,2007-10-03T00:00,0.476,µg/m³,CARB,N/A
101004,ABBOTSFORD AIRPORT,EC_T,2007-10-06T00:00,0.071,µg/m³,CARB,N/A
101004,ABBOTSFORD AIRPORT,EC_T,2007-10-06T00:00,0.415,µg/m³,CARB,N/A
101004,ABBOTSFORD AIRPORT,EC_T,2007-10-18T00:00,0.000,µg/m³,CARB,N/A
101004,ABBOTSFORD AIRPORT,EC_T,2007-10-18T00:00,0.512,µg/m³,CARB,N/A
101004,ABBOTSFORD AIRPORT,EC_T,2007-10-21T00:00,0.000,µg/m³,CARB,N/A
101004,ABBOTSFORD AIRPORT,EC_T,2007-10-21T00:00,0.405,µg/m³,CARB,N/A
101004,ABBOTSFORD AIRPORT,EC_T,2007-10-24T00:00,0.146,µg/m³,CARB,N/A
101004,ABBOTSFORD AIRPORT,EC_T,2007-10-24T00:00,0.935,µg/m³,CARB,N/A
101004,ABBOTSFORD AIRPORT,EC_T,2007-10-27T00:00,0.116,µg/m³,CARB,N/A
101004,ABBOTSFORD AIRPORT,EC_T,2007-10-27T00:00,1.419,µg/m³,CARB,N/A
101004,ABBOTSFORD AIRPORT,EC_T,2007-10-30T00:00,0.554,µg/m³,CARB,N/A
101004,ABBOTSFORD AIRPORT,EC_T,2007-10-30T00:00,0.947,µg/m³,CARB,N/A
101004,ABBOTSFORD AIRPORT,EC_T,2007-12-14T00:00,0.255,µg/m³,CARB,N/A
101004,ABBOTSFORD AIRPORT,EC_T,2007-12-14T00:00,1.007,µg/m³,CARB,N/A
101004,ABBOTSFORD AIRPORT,EC_T,2007-12-17T00:00,0.000,µg/m³,CARB,N/A
101004,ABBOTSFORD AIRPORT,EC_T,2007-12-17T00:00,0.559,µg/m³,CARB,N/A
101004,ABBOTSFORD AIRPORT,EC_T,2007-12-20T00:00,0.241,µg/m³,CARB,N/A
101004,ABBOTSFORD AIRPORT,EC_T,2007-12-20T00:00,0.353,µg/m³,CARB,N/A
101004,ABBOTSFORD AIRPORT,EC_T,2007-12-23T00:00,0.492,µg/m³,CARB,N/A
101004,ABBOTSFORD AIRPORT,EC_T,2007-12-23T00:00,0.681,µg/m³,CARB,N/A
101004,ABBOTSFORD AIRPORT,EC_T,2007-12-26T00:00,0.000,µg/m³,CARB,N/A
101004,ABBOTSFORD AIRPORT,EC_T,2007-12-26T00:00,0.156,µg/m³,CARB,N/A
101004,ABBOTSFORD AIRPORT,EC_T,2007-12-29T00:00,0.000,µg/m³,CARB,N/A
101004,ABBOTSFORD AIRPORT,EC_T,2007-12-29T00:00,0.276,µg/m³,CARB,N/A
