﻿NAPS_Site_ID,Station_Name,Pollutant,Date,Value,Units,Report_Type,Method
50134,MONTRÉAL-MOLSON or MONTRÉAL-SAINT-JOSEPH,3-Ethyltoluene,2012-01-04T00:00,0.125,µg/m³,VOC,
50134,MONTRÉAL-MOLSON or MONTRÉAL-SAINT-JOSEPH,3-Ethyltoluene,2012-01-10T00:00,0.068,µg/m³,VOC,
50134,MONTRÉAL-MOLSON or MONTRÉAL-SAINT-JOSEPH,3-Ethyltoluene,2012-01-16T00:00,0.174,µg/m³,VOC,
50134,MONTRÉAL-MOLSON or MONTRÉAL-SAINT-JOSEPH,3-Ethyltoluene,2012-01-22T00:00,0.260,µg/m³,VOC,
50134,MONTRÉAL-MOLSON or MONTRÉAL-SAINT-JOSEPH,3-Ethyltoluene,2012-01-28T00:00,0.078,µg/m³,VOC,
50134,MONTRÉAL-MOLSON or MONTRÉAL-SAINT-JOSEPH,3-Ethyltoluene,2012-02-03T00:00,0.225,µg/m³,VOC,
50134,MONTRÉAL-MOLSON or MONTRÉAL-SAINT-JOSEPH,3-Ethyltoluene,2012-02-09T00:00,0.100,µg/m³,VOC,
50134,MONTRÉAL-MOLSON or MONTRÉAL-SAINT-JOSEPH,3-Ethyltoluene,2012-02-15T00:00,0.340,µg/m³,VOC,
50134,MONTRÉAL-MOLSON or MONTRÉAL-SAINT-JOSEPH,3-Ethyltoluene,2012-02-27T00:00,0.087,µg/m³,VOC,
50134,MONTRÉAL-MOLSON or MONTRÉAL-SAINT-JOSEPH,3-Ethyltoluene,2012-03-04T00:00,0.003,µg/m³,VOC,
50134,MONTRÉAL-MOLSON or MONTRÉAL-SAINT-JOSEPH,3-Ethyltoluene,2012-03-10T00:00,0.042,µg/m³,VOC,
50134,MONTRÉAL-MOLSON or MONTRÉAL-SAINT-JOSEPH,3-Ethyltoluene,2012-03-16T00:00,0.257,µg/m³,VOC,
50134,MONTRÉAL-MOLSON or MONTRÉAL-SAINT-JOSEPH,3-Ethyltoluene,2012-03-22T00:00,0.139,µg/m³,VOC,
50134,MONTRÉAL-MOLSON or MONTRÉAL-SAINT-JOSEPH,3-Ethyltoluene,2012-03-28T00:00,0.063,µg/m³,VOC,
50134,MONTRÉAL-MOLSON or MONTRÉAL-SAINT-JOSEPH,3-Ethyltoluene,2012-04-03T00:00,0.071,µg/m³,VOC,
50134,MONTRÉAL-MOLSON or MONTRÉAL-SAINT-JOSEPH,3-Ethyltoluene,2012-04-09T00:00,0.072,µg/m³,VOC,
50134,MONTRÉAL-MOLSON or MONTRÉAL-SAINT-JOSEPH,3-Ethyltoluene,2012-04-15T00:00,0.067,µg/m³,VOC,
50134,MONTRÉAL-MOLSON or MONTRÉAL-SAINT-JOSEPH,3-Ethyltoluene,2012-04-21T00:00,0.077,µg/m³,VOC,
50134,MONTRÉAL-MOLSON or MONTRÉAL-SAINT-JOSEPH,3-Ethyltoluene,2012-04-27T00:00,0.052,µg/m³,VOC,
50134,MONTRÉAL-MOLSON or MONTRÉAL-SAINT-JOSEPH,3-Ethyltoluene,2012-05-03T00:00,0.065,µg/m³,VOC,
50134,MONTRÉAL-MOLSON or MONTRÉAL-SAINT-JOSEPH,3-Ethyltoluene,2012-05-09T00:00,0.149,µg/m³,VOC,
50134,MONTRÉAL-MOLSON or MONTRÉAL-SAINT-JOSEPH,3-Ethyltoluene,2012-05-15T00:00,0.099,µg/m³,VOC,
50134,MONTRÉAL-MOLSON or MONTRÉAL-SAINT-JOSEPH,3-Ethyltoluene,2012-05-21T00:00,0.078,µg/m³,VOC,
50134,MONTRÉAL-MOLSON or MONTRÉAL-SAINT-JOSEPH,3-Ethyltoluene,2012-05-27T00:00,0.098,µg/m³,VOC,
50134,MONTRÉAL-MOLSON or MONTRÉAL-SAINT-JOSEPH,3-Ethyltoluene,2012-06-02T00:00,0.049,µg/m³,VOC,
50134,MONTRÉAL-MOLSON or MONTRÉAL-SAINT-JOSEPH,3-Ethyltoluene,2012-06-08T00:00,0.166,µg/m³,VOC,
50134,MONTRÉAL-MOLSON or MONTRÉAL-SAINT-JOSEPH,3-Ethyltoluene,2012-06-14T00:00,0.087,µg/m³,VOC,
50134,MONTRÉAL-MOLSON or MONTRÉAL-SAINT-JOSEPH,3-Ethyltoluene,2012-06-20T00:00,0.110,µg/m³,VOC,
50134,MONTRÉAL-MOLSON or MONTRÉAL-SAINT-JOSEPH,3-Ethyltoluene,2012-06-26T00:00,0.072,µg/m³,VOC,
50134,MONTRÉAL-MOLSON or MONTRÉAL-SAINT-JOSEPH,3-Ethyltoluene,2012-07-02T00:00,0.080,µg/m³,VOC,
50134,MONTRÉAL-MOLSON or MONTRÉAL-SAINT-JOSEPH,3-Ethyltoluene,2012-07-08T00:00,0.058,µg/m³,VOC,
50134,MONTRÉAL-MOLSON or MONTRÉAL-SAINT-JOSEPH,3-Ethyltoluene,2012-07-14T00:00,0.080,µg/m³,VOC,
50134,MONTRÉAL-MOLSON or MONTRÉAL-SAINT-JOSEPH,3-Ethyltoluene,2012-07-20T00:00,0.131,µg/m³,VOC,
50134,MONTRÉAL-MOLSON or MONTRÉAL-SAINT-JOSEPH,3-Ethyltoluene,2012-07-26T00:00,0.129,µg/m³,VOC,
50134,MONTRÉAL-MOLSON or MONTRÉAL-SAINT-JOSEPH,3-Ethyltoluene,2012-08-01T00:00,0.113,µg/m³,VOC,
50134,MONTRÉAL-MOLSON or MONTRÉAL-SAINT-JOSEPH,3-Ethyltoluene,2012-08-07T00:00,0.105,µg/m³,VOC,
50134,MONTRÉAL-MOLSON or MONTRÉAL-SAINT-JOSEPH,3-Ethyltoluene,2012-08-13T00:00,0.119,µg/m³,VOC,
50134,MONTRÉAL-MOLSON or MONTRÉAL-SAINT-JOSEPH,3-Ethyltoluene,2012-08-19T00:00,0.172,µg/m³,VOC,
50134,MONTRÉAL-MOLSON or MONTRÉAL-SAINT-JOSEPH,3-Ethyltoluene,2012-08-25T00:00,0.170,µg/m³,VOC,
50134,MONTRÉAL-MOLSON or MONTRÉAL-SAINT-JOSEPH,3-Ethyltoluene,2012-08-31T00:00,0.124,µg/m³,VOC,
50134,MONTRÉAL-MOLSON or MONTRÉAL-SAINT-JOSEPH,3-Ethyltoluene,2012-09-06T00:00,0.187,µg/m³,VOC,
50134,MONTRÉAL-MOLSON or MONTRÉAL-SAINT-JOSEPH,3-Ethyltoluene,2012-09-18T00:00,0.091,µg/m³,VOC,
50134,MONTRÉAL-MOLSON or MONTRÉAL-SAINT-JOSEPH,3-Ethyltoluene,2012-09-30T00:00,0.044,µg/m³,VOC,
50134,MONTRÉAL-MOLSON or MONTRÉAL-SAINT-JOSEPH,3-Ethyltoluene,2012-10-06T00:00,0.057,µg/m³,VOC,
50134,MONTRÉAL-MOLSON or MONTRÉAL-SAINT-JOSEPH,3-Ethyltoluene,2012-10-12T00:00,0.065,µg/m³,VOC,
50134,MONTRÉAL-MOLSON or MONTRÉAL-SAINT-JOSEPH,3-Ethyltoluene,2012-10-18T00:00,0.149,µg/m³,VOC,
50134,MONTRÉAL-MOLSON or MONTRÉAL-SAINT-JOSEPH,3-Ethyltoluene,2012-10-24T00:00,0.079,µg/m³,VOC,
50134,MONTRÉAL-MOLSON or MONTRÉAL-SAINT-JOSEPH,3-Ethyltoluene,2012-10-30T00:00,0.058,µg/m³,VOC,
50134,MONTRÉAL-MOLSON or MONTRÉAL-SAINT-JOSEPH,3-Ethyltoluene,2012-11-05T00:00,0.043,µg/m³,VOC,
50134,MONTRÉAL-MOLSON or MONTRÉAL-SAINT-JOSEPH,3-Ethyltoluene,2012-11-11T00:00,0.075,µg/m³,VOC,
50134,MONTRÉAL-MOLSON or MONTRÉAL-SAINT-JOSEPH,3-Ethyltoluene,2012-11-17T00:00,0.134,µg/m³,VOC,
50134,MONTRÉAL-MOLSON or MONTRÉAL-SAINT-JOSEPH,3-Ethyltoluene,2012-11-23T00:00,0.106,µg/m³,VOC,
50134,MONTRÉAL-MOLSON or MONTRÉAL-SAINT-JOSEPH,3-Ethyltoluene,2012-11-29T00:00,0.102,µg/m³,VOC,
50134,MONTRÉAL-MOLSON or MONTRÉAL-SAINT-JOSEPH,3-Ethyltoluene,2012-12-05T00:00,0.060,µg/m³,VOC,
50134,MONTRÉAL-MOLSON or MONTRÉAL-SAINT-JOSEPH,3-Ethyltoluene,2012-12-11T00:00,0.102,µg/m³,VOC,
50134,MONTRÉAL-MOLSON or MONTRÉAL-SAINT-JOSEPH,3-Ethyltoluene,2012-12-17T00:00,0.139,µg/m³,VOC,
50134,MONTRÉAL-MOLSON or MONTRÉAL-SAINT-JOSEPH,3-Ethyltoluene,2012-12-23T00:00,0.055,µg/m³,VOC,
50134,MONTRÉAL-MOLSON or MONTRÉAL-SAINT-JOSEPH,3-Ethyltoluene,2012-12-29T00:00,0.176,µg/m³,VOC,
