﻿NAPS_Site_ID,Station_Name,Pollutant,Date,Value,Units,Report_Type,Method
70119,ELLEN,Sulphur,1989-01-04T00:00,0.064,µg/m³,DICHOT,ED-XRF
70119,ELLEN,Sulphur,1989-01-04T00:00,1.170,µg/m³,DICHOT,ED-XRF
70119,ELLEN,Sulphur,1989-01-16T00:00,0.014,µg/m³,DICHOT,ED-XRF
70119,ELLEN,Sulphur,1989-01-16T00:00,0.750,µg/m³,DICHOT,ED-XRF
70119,ELLEN,Sulphur,1989-01-22T00:00,0.026,µg/m³,DICHOT,ED-XRF
70119,ELLEN,Sulphur,1989-01-22T00:00,0.684,µg/m³,DICHOT,ED-XRF
70119,ELLEN,Sulphur,1989-01-28T00:00,0.021,µg/m³,DICHOT,ED-XRF
70119,ELLEN,Sulphur,1989-01-28T00:00,0.138,µg/m³,DICHOT,ED-XRF
70119,ELLEN,Sulphur,1989-02-09T00:00,0.183,µg/m³,DICHOT,ED-XRF
70119,ELLEN,Sulphur,1989-02-09T00:00,0.894,µg/m³,DICHOT,ED-XRF
70119,ELLEN,Sulphur,1989-02-15T00:00,0.231,µg/m³,DICHOT,ED-XRF
70119,ELLEN,Sulphur,1989-02-15T00:00,1.090,µg/m³,DICHOT,ED-XRF
70119,ELLEN,Sulphur,1989-02-21T00:00,0.069,µg/m³,DICHOT,ED-XRF
70119,ELLEN,Sulphur,1989-02-21T00:00,0.937,µg/m³,DICHOT,ED-XRF
70119,ELLEN,Sulphur,1989-02-27T00:00,0.136,µg/m³,DICHOT,ED-XRF
70119,ELLEN,Sulphur,1989-02-27T00:00,0.844,µg/m³,DICHOT,ED-XRF
70119,ELLEN,Sulphur,1989-03-05T00:00,0.101,µg/m³,DICHOT,ED-XRF
70119,ELLEN,Sulphur,1989-03-05T00:00,1.110,µg/m³,DICHOT,ED-XRF
70119,ELLEN,Sulphur,1989-03-11T00:00,0.222,µg/m³,DICHOT,ED-XRF
70119,ELLEN,Sulphur,1989-03-11T00:00,1.230,µg/m³,DICHOT,ED-XRF
70119,ELLEN,Sulphur,1989-03-17T00:00,0.083,µg/m³,DICHOT,ED-XRF
70119,ELLEN,Sulphur,1989-03-17T00:00,0.747,µg/m³,DICHOT,ED-XRF
70119,ELLEN,Sulphur,1989-03-23T00:00,0.496,µg/m³,DICHOT,ED-XRF
70119,ELLEN,Sulphur,1989-03-23T00:00,1.250,µg/m³,DICHOT,ED-XRF
70119,ELLEN,Sulphur,1989-03-29T00:00,0.069,µg/m³,DICHOT,ED-XRF
70119,ELLEN,Sulphur,1989-03-29T00:00,0.644,µg/m³,DICHOT,ED-XRF
70119,ELLEN,Sulphur,1989-04-04T00:00,0.032,µg/m³,DICHOT,ED-XRF
70119,ELLEN,Sulphur,1989-04-04T00:00,0.545,µg/m³,DICHOT,ED-XRF
70119,ELLEN,Sulphur,1989-04-16T00:00,0.099,µg/m³,DICHOT,ED-XRF
70119,ELLEN,Sulphur,1989-04-16T00:00,0.307,µg/m³,DICHOT,ED-XRF
70119,ELLEN,Sulphur,1989-04-22T00:00,0.158,µg/m³,DICHOT,ED-XRF
70119,ELLEN,Sulphur,1989-04-22T00:00,1.360,µg/m³,DICHOT,ED-XRF
70119,ELLEN,Sulphur,1989-06-09T00:00,0.110,µg/m³,DICHOT,ED-XRF
70119,ELLEN,Sulphur,1989-06-09T00:00,0.163,µg/m³,DICHOT,ED-XRF
70119,ELLEN,Sulphur,1989-06-21T00:00,0.092,µg/m³,DICHOT,ED-XRF
70119,ELLEN,Sulphur,1989-06-21T00:00,0.149,µg/m³,DICHOT,ED-XRF
70119,ELLEN,Sulphur,1989-06-27T00:00,0.136,µg/m³,DICHOT,ED-XRF
70119,ELLEN,Sulphur,1989-06-27T00:00,0.357,µg/m³,DICHOT,ED-XRF
70119,ELLEN,Sulphur,1989-07-03T00:00,0.002,µg/m³,DICHOT,ED-XRF
70119,ELLEN,Sulphur,1989-07-03T00:00,0.129,µg/m³,DICHOT,ED-XRF
70119,ELLEN,Sulphur,1989-07-09T00:00,0.028,µg/m³,DICHOT,ED-XRF
70119,ELLEN,Sulphur,1989-07-09T00:00,0.220,µg/m³,DICHOT,ED-XRF
70119,ELLEN,Sulphur,1989-07-15T00:00,0.053,µg/m³,DICHOT,ED-XRF
70119,ELLEN,Sulphur,1989-07-15T00:00,0.431,µg/m³,DICHOT,ED-XRF
70119,ELLEN,Sulphur,1989-07-21T00:00,0.011,µg/m³,DICHOT,ED-XRF
70119,ELLEN,Sulphur,1989-07-21T00:00,1.030,µg/m³,DICHOT,ED-XRF
70119,ELLEN,Sulphur,1989-07-27T00:00,0.030,µg/m³,DICHOT,ED-XRF
70119,ELLEN,Sulphur,1989-07-27T00:00,0.363,µg/m³,DICHOT,ED-XRF
70119,ELLEN,Sulphur,1989-08-02T00:00,0.240,µg/m³,DICHOT,ED-XRF
70119,ELLEN,Sulphur,1989-08-02T00:00,3.210,µg/m³,DICHOT,ED-XRF
70119,ELLEN,Sulphur,1989-08-08T00:00,0.052,µg/m³,DICHOT,ED-XRF
70119,ELLEN,Sulphur,1989-08-08T00:00,0.496,µg/m³,DICHOT,ED-XRF
70119,ELLEN,Sulphur,1989-08-14T00:00,0.020,µg/m³,DICHOT,ED-XRF
70119,ELLEN,Sulphur,1989-08-14T00:00,0.116,µg/m³,DICHOT,ED-XRF
70119,ELLEN,Sulphur,1989-08-20T00:00,0.002,µg/m³,DICHOT,ED-XRF
70119,ELLEN,Sulphur,1989-08-20T00:00,0.047,µg/m³,DICHOT,ED-XRF
70119,ELLEN,Sulphur,1989-08-26T00:00,0.113,µg/m³,DICHOT,ED-XRF
70119,ELLEN,Sulphur,1989-08-26T00:00,0.899,µg/m³,DICHOT,ED-XRF
70119,ELLEN,Sulphur,1989-09-01T00:00,0.101,µg/m³,DICHOT,ED-XRF
70119,ELLEN,Sulphur,1989-09-01T00:00,0.123,µg/m³,DICHOT,ED-XRF
70119,ELLEN,Sulphur,1989-09-07T00:00,0.087,µg/m³,DICHOT,ED-XRF
70119,ELLEN,Sulphur,1989-09-07T00:00,0.284,µg/m³,DICHOT,ED-XRF
70119,ELLEN,Sulphur,1989-10-25T00:00,0.240,µg/m³,DICHOT,ED-XRF
70119,ELLEN,Sulphur,1989-10-25T00:00,1.100,µg/m³,DICHOT,ED-XRF
70119,ELLEN,Sulphur,1989-10-31T00:00,0.079,µg/m³,DICHOT,ED-XRF
70119,ELLEN,Sulphur,1989-10-31T00:00,0.589,µg/m³,DICHOT,ED-XRF
70119,ELLEN,Sulphur,1989-11-06T00:00,0.048,µg/m³,DICHOT,ED-XRF
70119,ELLEN,Sulphur,1989-11-06T00:00,0.697,µg/m³,DICHOT,ED-XRF
70119,ELLEN,Sulphur,1989-11-12T00:00,0.063,µg/m³,DICHOT,ED-XRF
70119,ELLEN,Sulphur,1989-11-12T00:00,0.595,µg/m³,DICHOT,ED-XRF
70119,ELLEN,Sulphur,1989-11-18T00:00,0.089,µg/m³,DICHOT,ED-XRF
70119,ELLEN,Sulphur,1989-11-18T00:00,0.328,µg/m³,DICHOT,ED-XRF
70119,ELLEN,Sulphur,1989-11-24T00:00,0.153,µg/m³,DICHOT,ED-XRF
70119,ELLEN,Sulphur,1989-11-24T00:00,0.591,µg/m³,DICHOT,ED-XRF
70119,ELLEN,Sulphur,1989-11-30T00:00,0.093,µg/m³,DICHOT,ED-XRF
70119,ELLEN,Sulphur,1989-11-30T00:00,1.200,µg/m³,DICHOT,ED-XRF
70119,ELLEN,Sulphur,1989-12-06T00:00,0.410,µg/m³,DICHOT,ED-XRF
70119,ELLEN,Sulphur,1989-12-06T00:00,2.010,µg/m³,DICHOT,ED-XRF
70119,ELLEN,Sulphur,1989-12-18T00:00,0.179,µg/m³,DICHOT,ED-XRF
70119,ELLEN,Sulphur,1989-12-18T00:00,1.050,µg/m³,DICHOT,ED-XRF
