﻿NAPS_Site_ID,Station_Name,Pollutant,Date,Value,Units,Report_Type,Method
100110,KENSINGTON PARK,"1,2-Dichloroethane",1990-05-17T00:00,0.000,µg/m³,VOC,N/A
100110,KENSINGTON PARK,"1,2-Dichloroethane",1990-06-04T00:00,0.113,µg/m³,VOC,N/A
100110,KENSINGTON PARK,"1,2-Dichloroethane",1990-06-22T00:00,0.219,µg/m³,VOC,N/A
100110,KENSINGTON PARK,"1,2-Dichloroethane",1990-07-04T00:00,0.369,µg/m³,VOC,N/A
100110,KENSINGTON PARK,"1,2-Dichloroethane",1990-07-16T00:00,0.000,µg/m³,VOC,N/A
100110,KENSINGTON PARK,"1,2-Dichloroethane",1990-07-28T00:00,0.826,µg/m³,VOC,N/A
100110,KENSINGTON PARK,"1,2-Dichloroethane",1990-08-09T00:00,0.208,µg/m³,VOC,N/A
100110,KENSINGTON PARK,"1,2-Dichloroethane",1990-08-21T00:00,0.000,µg/m³,VOC,N/A
100110,KENSINGTON PARK,"1,2-Dichloroethane",1990-09-14T00:00,0.214,µg/m³,VOC,N/A
100110,KENSINGTON PARK,"1,2-Dichloroethane",1990-09-26T00:00,0.195,µg/m³,VOC,N/A
100110,KENSINGTON PARK,"1,2-Dichloroethane",1990-10-08T00:00,0.163,µg/m³,VOC,N/A
100110,KENSINGTON PARK,"1,2-Dichloroethane",1990-11-01T00:00,0.127,µg/m³,VOC,N/A
100110,KENSINGTON PARK,"1,2-Dichloroethane",1990-12-01T00:00,0.202,µg/m³,VOC,N/A
