﻿NAPS_Site_ID,Station_Name,Pollutant,Date,Value,Units,Report_Type,Method
100127,SURREY EAST,1-Octene,1999-04-12T00:00,0.040,µg/m³,VOC,N/A
100127,SURREY EAST,1-Octene,1999-05-06T00:00,0.030,µg/m³,VOC,N/A
100127,SURREY EAST,1-Octene,1999-05-18T00:00,0.030,µg/m³,VOC,N/A
100127,SURREY EAST,1-Octene,1999-06-05T00:00,0.000,µg/m³,VOC,N/A
100127,SURREY EAST,1-Octene,1999-06-17T00:00,0.000,µg/m³,VOC,N/A
100127,SURREY EAST,1-Octene,1999-07-05T00:00,0.040,µg/m³,VOC,N/A
100127,SURREY EAST,1-Octene,1999-07-23T00:00,0.030,µg/m³,VOC,N/A
100127,SURREY EAST,1-Octene,1999-08-22T00:00,0.050,µg/m³,VOC,N/A
100127,SURREY EAST,1-Octene,1999-09-27T00:00,0.060,µg/m³,VOC,N/A
100127,SURREY EAST,1-Octene,1999-10-15T00:00,0.060,µg/m³,VOC,N/A
100127,SURREY EAST,1-Octene,1999-11-02T00:00,0.030,µg/m³,VOC,N/A
100127,SURREY EAST,1-Octene,1999-11-20T00:00,0.030,µg/m³,VOC,N/A
100127,SURREY EAST,1-Octene,1999-12-16T00:00,0.030,µg/m³,VOC,N/A
