﻿NAPS_Site_ID,Station_Name,Pollutant,Date,Value,Units,Report_Type,Method
60418,JUNCTION TRIANGLE,4-Methylheptane,1998-01-05T00:00,0.300,µg/m³,VOC,GC-MS
60418,JUNCTION TRIANGLE,4-Methylheptane,1998-01-11T00:00,0.060,µg/m³,VOC,GC-MS
60418,JUNCTION TRIANGLE,4-Methylheptane,1998-01-17T00:00,0.120,µg/m³,VOC,GC-MS
60418,JUNCTION TRIANGLE,4-Methylheptane,1998-01-23T00:00,0.140,µg/m³,VOC,GC-MS
60418,JUNCTION TRIANGLE,4-Methylheptane,1998-01-29T00:00,0.160,µg/m³,VOC,GC-MS
60418,JUNCTION TRIANGLE,4-Methylheptane,1998-02-04T00:00,0.140,µg/m³,VOC,GC-MS
60418,JUNCTION TRIANGLE,4-Methylheptane,1998-02-10T00:00,0.340,µg/m³,VOC,GC-MS
60418,JUNCTION TRIANGLE,4-Methylheptane,1998-02-16T00:00,0.120,µg/m³,VOC,GC-MS
60418,JUNCTION TRIANGLE,4-Methylheptane,1998-02-22T00:00,0.100,µg/m³,VOC,GC-MS
60418,JUNCTION TRIANGLE,4-Methylheptane,1998-02-28T00:00,0.240,µg/m³,VOC,GC-MS
60418,JUNCTION TRIANGLE,4-Methylheptane,1998-03-06T00:00,0.080,µg/m³,VOC,GC-MS
60418,JUNCTION TRIANGLE,4-Methylheptane,1998-03-12T00:00,0.080,µg/m³,VOC,GC-MS
60418,JUNCTION TRIANGLE,4-Methylheptane,1998-03-18T00:00,0.120,µg/m³,VOC,GC-MS
60418,JUNCTION TRIANGLE,4-Methylheptane,1998-03-24T00:00,0.200,µg/m³,VOC,GC-MS
60418,JUNCTION TRIANGLE,4-Methylheptane,1998-03-30T00:00,0.080,µg/m³,VOC,GC-MS
60418,JUNCTION TRIANGLE,4-Methylheptane,1998-04-05T00:00,0.060,µg/m³,VOC,GC-MS
60418,JUNCTION TRIANGLE,4-Methylheptane,1998-04-11T00:00,0.100,µg/m³,VOC,GC-MS
60418,JUNCTION TRIANGLE,4-Methylheptane,1998-04-17T00:00,0.100,µg/m³,VOC,GC-MS
60418,JUNCTION TRIANGLE,4-Methylheptane,1998-04-23T00:00,0.160,µg/m³,VOC,GC-MS
60418,JUNCTION TRIANGLE,4-Methylheptane,1998-04-29T00:00,0.220,µg/m³,VOC,GC-MS
60418,JUNCTION TRIANGLE,4-Methylheptane,1998-05-05T00:00,0.163,µg/m³,VOC,GC-MS
60418,JUNCTION TRIANGLE,4-Methylheptane,1998-05-11T00:00,0.070,µg/m³,VOC,GC-MS
60418,JUNCTION TRIANGLE,4-Methylheptane,1998-05-17T00:00,0.094,µg/m³,VOC,GC-MS
60418,JUNCTION TRIANGLE,4-Methylheptane,1998-05-23T00:00,0.107,µg/m³,VOC,GC-MS
60418,JUNCTION TRIANGLE,4-Methylheptane,1998-06-22T00:00,0.250,µg/m³,VOC,GC-MS
60418,JUNCTION TRIANGLE,4-Methylheptane,1998-06-28T00:00,0.121,µg/m³,VOC,GC-MS
60418,JUNCTION TRIANGLE,4-Methylheptane,1998-07-04T00:00,0.178,µg/m³,VOC,GC-MS
60418,JUNCTION TRIANGLE,4-Methylheptane,1998-07-10T00:00,0.066,µg/m³,VOC,GC-MS
60418,JUNCTION TRIANGLE,4-Methylheptane,1998-07-16T00:00,0.145,µg/m³,VOC,GC-MS
60418,JUNCTION TRIANGLE,4-Methylheptane,1998-07-22T00:00,0.105,µg/m³,VOC,GC-MS
60418,JUNCTION TRIANGLE,4-Methylheptane,1998-07-28T00:00,0.231,µg/m³,VOC,GC-MS
60418,JUNCTION TRIANGLE,4-Methylheptane,1998-08-15T00:00,0.123,µg/m³,VOC,GC-MS
60418,JUNCTION TRIANGLE,4-Methylheptane,1998-08-27T00:00,0.254,µg/m³,VOC,GC-MS
60418,JUNCTION TRIANGLE,4-Methylheptane,1998-09-02T00:00,0.156,µg/m³,VOC,GC-MS
60418,JUNCTION TRIANGLE,4-Methylheptane,1998-09-08T00:00,0.076,µg/m³,VOC,GC-MS
60418,JUNCTION TRIANGLE,4-Methylheptane,1998-09-14T00:00,0.146,µg/m³,VOC,GC-MS
60418,JUNCTION TRIANGLE,4-Methylheptane,1998-09-20T00:00,0.210,µg/m³,VOC,GC-MS
60418,JUNCTION TRIANGLE,4-Methylheptane,1998-09-26T00:00,0.190,µg/m³,VOC,GC-MS
60418,JUNCTION TRIANGLE,4-Methylheptane,1998-10-02T00:00,0.160,µg/m³,VOC,GC-MS
60418,JUNCTION TRIANGLE,4-Methylheptane,1998-10-08T00:00,0.113,µg/m³,VOC,GC-MS
60418,JUNCTION TRIANGLE,4-Methylheptane,1998-10-14T00:00,0.102,µg/m³,VOC,GC-MS
60418,JUNCTION TRIANGLE,4-Methylheptane,1998-10-20T00:00,0.183,µg/m³,VOC,GC-MS
60418,JUNCTION TRIANGLE,4-Methylheptane,1998-10-26T00:00,0.089,µg/m³,VOC,GC-MS
60418,JUNCTION TRIANGLE,4-Methylheptane,1998-11-01T00:00,0.074,µg/m³,VOC,GC-MS
60418,JUNCTION TRIANGLE,4-Methylheptane,1998-11-07T00:00,0.074,µg/m³,VOC,GC-MS
60418,JUNCTION TRIANGLE,4-Methylheptane,1998-11-19T00:00,0.100,µg/m³,VOC,GC-MS
60418,JUNCTION TRIANGLE,4-Methylheptane,1998-11-25T00:00,0.163,µg/m³,VOC,GC-MS
60418,JUNCTION TRIANGLE,4-Methylheptane,1998-12-07T00:00,0.076,µg/m³,VOC,GC-MS
60418,JUNCTION TRIANGLE,4-Methylheptane,1998-12-13T00:00,0.112,µg/m³,VOC,GC-MS
60418,JUNCTION TRIANGLE,4-Methylheptane,1998-12-19T00:00,0.054,µg/m³,VOC,GC-MS
60418,JUNCTION TRIANGLE,4-Methylheptane,1998-12-25T00:00,0.050,µg/m³,VOC,GC-MS
60418,JUNCTION TRIANGLE,4-Methylheptane,1998-12-31T00:00,0.070,µg/m³,VOC,GC-MS
