﻿NAPS_Site_ID,Station_Name,Pollutant,Date,Value,Units,Report_Type,Method
101101,CHILLIWACK AIRPORT,"2,2-Dimethylbutane",2001-02-18T00:00,0.130,µg/m³,VOC,N/A
101101,CHILLIWACK AIRPORT,"2,2-Dimethylbutane",2001-03-26T00:00,0.180,µg/m³,VOC,N/A
101101,CHILLIWACK AIRPORT,"2,2-Dimethylbutane",2001-04-25T00:00,0.250,µg/m³,VOC,N/A
101101,CHILLIWACK AIRPORT,"2,2-Dimethylbutane",2001-05-25T00:00,0.200,µg/m³,VOC,N/A
101101,CHILLIWACK AIRPORT,"2,2-Dimethylbutane",2001-06-30T00:00,0.270,µg/m³,VOC,N/A
101101,CHILLIWACK AIRPORT,"2,2-Dimethylbutane",2001-09-10T00:00,0.360,µg/m³,VOC,N/A
101101,CHILLIWACK AIRPORT,"2,2-Dimethylbutane",2001-10-22T00:00,0.170,µg/m³,VOC,N/A
101101,CHILLIWACK AIRPORT,"2,2-Dimethylbutane",2001-12-03T00:00,0.290,µg/m³,VOC,N/A
