﻿NAPS_Site_ID,Station_Name,Pollutant,Date,Value,Units,Report_Type,Method
60211,WINDSOR WEST,Acrolein,1996-01-04T00:00,0.328,µg/m³,VOC,GC-MS
60211,WINDSOR WEST,Acrolein,1996-01-10T00:00,0.299,µg/m³,VOC,GC-MS
60211,WINDSOR WEST,Acrolein,1996-01-16T00:00,0.176,µg/m³,VOC,GC-MS
60211,WINDSOR WEST,Acrolein,1996-01-22T00:00,0.173,µg/m³,VOC,GC-MS
60211,WINDSOR WEST,Acrolein,1996-01-28T00:00,0.127,µg/m³,VOC,GC-MS
60211,WINDSOR WEST,Acrolein,1996-02-03T00:00,0.147,µg/m³,VOC,GC-MS
60211,WINDSOR WEST,Acrolein,1996-02-09T00:00,0.140,µg/m³,VOC,GC-MS
60211,WINDSOR WEST,Acrolein,1996-02-15T00:00,0.175,µg/m³,VOC,GC-MS
60211,WINDSOR WEST,Acrolein,1996-02-21T00:00,0.113,µg/m³,VOC,GC-MS
60211,WINDSOR WEST,Acrolein,1996-02-27T00:00,0.201,µg/m³,VOC,GC-MS
60211,WINDSOR WEST,Acrolein,1996-03-04T00:00,0.157,µg/m³,VOC,GC-MS
60211,WINDSOR WEST,Acrolein,1996-03-16T00:00,0.061,µg/m³,VOC,GC-MS
60211,WINDSOR WEST,Acrolein,1996-03-22T00:00,0.154,µg/m³,VOC,GC-MS
60211,WINDSOR WEST,Acrolein,1996-03-28T00:00,0.094,µg/m³,VOC,GC-MS
60211,WINDSOR WEST,Acrolein,1996-04-03T00:00,0.128,µg/m³,VOC,GC-MS
60211,WINDSOR WEST,Acrolein,1996-04-09T00:00,0.108,µg/m³,VOC,GC-MS
60211,WINDSOR WEST,Acrolein,1996-04-15T00:00,0.101,µg/m³,VOC,GC-MS
60211,WINDSOR WEST,Acrolein,1996-04-21T00:00,0.044,µg/m³,VOC,GC-MS
60211,WINDSOR WEST,Acrolein,1996-04-27T00:00,0.086,µg/m³,VOC,GC-MS
60211,WINDSOR WEST,Acrolein,1996-05-09T00:00,0.189,µg/m³,VOC,GC-MS
60211,WINDSOR WEST,Acrolein,1996-05-15T00:00,0.047,µg/m³,VOC,GC-MS
60211,WINDSOR WEST,Acrolein,1996-05-27T00:00,0.078,µg/m³,VOC,GC-MS
60211,WINDSOR WEST,Acrolein,1996-06-02T00:00,0.043,µg/m³,VOC,GC-MS
60211,WINDSOR WEST,Acrolein,1996-06-08T00:00,0.140,µg/m³,VOC,GC-MS
60211,WINDSOR WEST,Acrolein,1996-06-14T00:00,0.126,µg/m³,VOC,GC-MS
60211,WINDSOR WEST,Acrolein,1996-07-20T00:00,0.565,µg/m³,VOC,GC-MS
60211,WINDSOR WEST,Acrolein,1996-07-26T00:00,0.072,µg/m³,VOC,GC-MS
60211,WINDSOR WEST,Acrolein,1996-08-01T00:00,0.140,µg/m³,VOC,GC-MS
60211,WINDSOR WEST,Acrolein,1996-08-13T00:00,0.149,µg/m³,VOC,GC-MS
60211,WINDSOR WEST,Acrolein,1996-08-19T00:00,0.060,µg/m³,VOC,GC-MS
60211,WINDSOR WEST,Acrolein,1996-08-25T00:00,0.203,µg/m³,VOC,GC-MS
60211,WINDSOR WEST,Acrolein,1996-08-31T00:00,0.133,µg/m³,VOC,GC-MS
60211,WINDSOR WEST,Acrolein,1996-09-06T00:00,0.056,µg/m³,VOC,GC-MS
60211,WINDSOR WEST,Acrolein,1996-09-12T00:00,0.074,µg/m³,VOC,GC-MS
60211,WINDSOR WEST,Acrolein,1996-09-18T00:00,0.104,µg/m³,VOC,GC-MS
60211,WINDSOR WEST,Acrolein,1996-10-06T00:00,0.200,µg/m³,VOC,GC-MS
60211,WINDSOR WEST,Acrolein,1996-10-12T00:00,0.151,µg/m³,VOC,GC-MS
60211,WINDSOR WEST,Acrolein,1996-10-18T00:00,0.090,µg/m³,VOC,GC-MS
60211,WINDSOR WEST,Acrolein,1996-10-24T00:00,0.086,µg/m³,VOC,GC-MS
60211,WINDSOR WEST,Acrolein,1996-12-05T00:00,0.126,µg/m³,VOC,GC-MS
60211,WINDSOR WEST,Acrolein,1996-12-11T00:00,0.099,µg/m³,VOC,GC-MS
