﻿NAPS_Site_ID,Station_Name,Pollutant,Date,Value,Units,Report_Type,Method
30501,KEJIMKUJIK NATIONAL PARK,123478-H6CDF,2009-01-13T00:00,0.000,pg/m³,PCDD,N/A
30501,KEJIMKUJIK NATIONAL PARK,123478-H6CDF,2009-02-06T00:00,0.000,pg/m³,PCDD,N/A
30501,KEJIMKUJIK NATIONAL PARK,123478-H6CDF,2009-03-02T00:00,0.004,pg/m³,PCDD,N/A
30501,KEJIMKUJIK NATIONAL PARK,123478-H6CDF,2009-03-26T00:00,0.002,pg/m³,PCDD,N/A
30501,KEJIMKUJIK NATIONAL PARK,123478-H6CDF,2009-04-19T00:00,0.001,pg/m³,PCDD,N/A
30501,KEJIMKUJIK NATIONAL PARK,123478-H6CDF,2009-05-13T00:00,0.001,pg/m³,PCDD,N/A
30501,KEJIMKUJIK NATIONAL PARK,123478-H6CDF,2009-06-06T00:00,0.000,pg/m³,PCDD,N/A
30501,KEJIMKUJIK NATIONAL PARK,123478-H6CDF,2009-07-24T00:00,0.000,pg/m³,PCDD,N/A
30501,KEJIMKUJIK NATIONAL PARK,123478-H6CDF,2009-08-17T00:00,0.001,pg/m³,PCDD,N/A
