﻿NAPS_Site_ID,Station_Name,Pollutant,Date,Value,Units,Report_Type,Method
61502,WEST AVE. & HOMEWOOD _KITCHENER_,Heptane,2012-02-03T00:00,0.136,µg/m³,VOC,
61502,WEST AVE. & HOMEWOOD _KITCHENER_,Heptane,2012-02-09T00:00,0.156,µg/m³,VOC,
61502,WEST AVE. & HOMEWOOD _KITCHENER_,Heptane,2012-02-21T00:00,0.211,µg/m³,VOC,
61502,WEST AVE. & HOMEWOOD _KITCHENER_,Heptane,2012-02-27T00:00,0.122,µg/m³,VOC,
61502,WEST AVE. & HOMEWOOD _KITCHENER_,Heptane,2012-03-04T00:00,0.049,µg/m³,VOC,
61502,WEST AVE. & HOMEWOOD _KITCHENER_,Heptane,2012-03-10T00:00,0.063,µg/m³,VOC,
61502,WEST AVE. & HOMEWOOD _KITCHENER_,Heptane,2012-03-22T00:00,0.175,µg/m³,VOC,
61502,WEST AVE. & HOMEWOOD _KITCHENER_,Heptane,2012-03-28T00:00,0.068,µg/m³,VOC,
61502,WEST AVE. & HOMEWOOD _KITCHENER_,Heptane,2012-04-03T00:00,0.271,µg/m³,VOC,
61502,WEST AVE. & HOMEWOOD _KITCHENER_,Heptane,2012-04-09T00:00,0.036,µg/m³,VOC,
61502,WEST AVE. & HOMEWOOD _KITCHENER_,Heptane,2012-04-15T00:00,0.102,µg/m³,VOC,
61502,WEST AVE. & HOMEWOOD _KITCHENER_,Heptane,2012-04-21T00:00,0.031,µg/m³,VOC,
61502,WEST AVE. & HOMEWOOD _KITCHENER_,Heptane,2012-04-27T00:00,0.055,µg/m³,VOC,
61502,WEST AVE. & HOMEWOOD _KITCHENER_,Heptane,2012-05-03T00:00,0.437,µg/m³,VOC,
61502,WEST AVE. & HOMEWOOD _KITCHENER_,Heptane,2012-05-09T00:00,0.065,µg/m³,VOC,
61502,WEST AVE. & HOMEWOOD _KITCHENER_,Heptane,2012-05-15T00:00,0.534,µg/m³,VOC,
61502,WEST AVE. & HOMEWOOD _KITCHENER_,Heptane,2012-05-21T00:00,0.283,µg/m³,VOC,
61502,WEST AVE. & HOMEWOOD _KITCHENER_,Heptane,2012-05-27T00:00,0.245,µg/m³,VOC,
61502,WEST AVE. & HOMEWOOD _KITCHENER_,Heptane,2012-06-02T00:00,0.043,µg/m³,VOC,
61502,WEST AVE. & HOMEWOOD _KITCHENER_,Heptane,2012-06-08T00:00,0.085,µg/m³,VOC,
61502,WEST AVE. & HOMEWOOD _KITCHENER_,Heptane,2012-06-14T00:00,0.096,µg/m³,VOC,
61502,WEST AVE. & HOMEWOOD _KITCHENER_,Heptane,2012-06-20T00:00,1.988,µg/m³,VOC,
61502,WEST AVE. & HOMEWOOD _KITCHENER_,Heptane,2012-06-26T00:00,0.068,µg/m³,VOC,
61502,WEST AVE. & HOMEWOOD _KITCHENER_,Heptane,2012-07-02T00:00,0.144,µg/m³,VOC,
61502,WEST AVE. & HOMEWOOD _KITCHENER_,Heptane,2012-07-08T00:00,0.051,µg/m³,VOC,
61502,WEST AVE. & HOMEWOOD _KITCHENER_,Heptane,2012-07-14T00:00,0.071,µg/m³,VOC,
61502,WEST AVE. & HOMEWOOD _KITCHENER_,Heptane,2012-07-20T00:00,0.120,µg/m³,VOC,
61502,WEST AVE. & HOMEWOOD _KITCHENER_,Heptane,2012-07-26T00:00,0.062,µg/m³,VOC,
61502,WEST AVE. & HOMEWOOD _KITCHENER_,Heptane,2012-08-01T00:00,0.062,µg/m³,VOC,
61502,WEST AVE. & HOMEWOOD _KITCHENER_,Heptane,2012-08-07T00:00,0.060,µg/m³,VOC,
61502,WEST AVE. & HOMEWOOD _KITCHENER_,Heptane,2012-08-13T00:00,0.086,µg/m³,VOC,
61502,WEST AVE. & HOMEWOOD _KITCHENER_,Heptane,2012-08-19T00:00,0.539,µg/m³,VOC,
61502,WEST AVE. & HOMEWOOD _KITCHENER_,Heptane,2012-08-25T00:00,0.457,µg/m³,VOC,
61502,WEST AVE. & HOMEWOOD _KITCHENER_,Heptane,2012-08-31T00:00,0.113,µg/m³,VOC,
61502,WEST AVE. & HOMEWOOD _KITCHENER_,Heptane,2012-09-06T00:00,0.214,µg/m³,VOC,
61502,WEST AVE. & HOMEWOOD _KITCHENER_,Heptane,2012-09-12T00:00,0.185,µg/m³,VOC,
61502,WEST AVE. & HOMEWOOD _KITCHENER_,Heptane,2012-09-18T00:00,0.130,µg/m³,VOC,
61502,WEST AVE. & HOMEWOOD _KITCHENER_,Heptane,2012-09-24T00:00,0.081,µg/m³,VOC,
61502,WEST AVE. & HOMEWOOD _KITCHENER_,Heptane,2012-09-30T00:00,0.073,µg/m³,VOC,
61502,WEST AVE. & HOMEWOOD _KITCHENER_,Heptane,2012-10-06T00:00,0.058,µg/m³,VOC,
61502,WEST AVE. & HOMEWOOD _KITCHENER_,Heptane,2012-10-12T00:00,0.198,µg/m³,VOC,
61502,WEST AVE. & HOMEWOOD _KITCHENER_,Heptane,2012-10-18T00:00,0.130,µg/m³,VOC,
61502,WEST AVE. & HOMEWOOD _KITCHENER_,Heptane,2012-10-24T00:00,0.229,µg/m³,VOC,
61502,WEST AVE. & HOMEWOOD _KITCHENER_,Heptane,2012-10-30T00:00,0.066,µg/m³,VOC,
61502,WEST AVE. & HOMEWOOD _KITCHENER_,Heptane,2012-11-05T00:00,0.030,µg/m³,VOC,
61502,WEST AVE. & HOMEWOOD _KITCHENER_,Heptane,2012-11-11T00:00,0.127,µg/m³,VOC,
61502,WEST AVE. & HOMEWOOD _KITCHENER_,Heptane,2012-11-17T00:00,0.539,µg/m³,VOC,
61502,WEST AVE. & HOMEWOOD _KITCHENER_,Heptane,2012-11-23T00:00,0.132,µg/m³,VOC,
61502,WEST AVE. & HOMEWOOD _KITCHENER_,Heptane,2012-11-29T00:00,0.286,µg/m³,VOC,
61502,WEST AVE. & HOMEWOOD _KITCHENER_,Heptane,2012-12-05T00:00,0.129,µg/m³,VOC,
61502,WEST AVE. & HOMEWOOD _KITCHENER_,Heptane,2012-12-11T00:00,0.140,µg/m³,VOC,
61502,WEST AVE. & HOMEWOOD _KITCHENER_,Heptane,2012-12-17T00:00,0.219,µg/m³,VOC,
61502,WEST AVE. & HOMEWOOD _KITCHENER_,Heptane,2012-12-23T00:00,0.081,µg/m³,VOC,
61502,WEST AVE. & HOMEWOOD _KITCHENER_,Heptane,2012-12-29T00:00,0.208,µg/m³,VOC,
