﻿NAPS_Site_ID,Station_Name,Pollutant,Date,Value,Units,Report_Type,Method
65101,EAGLE ST. & McCAFFREY RD. _NEWMARKET_,"1,1-Dichloroethylene",2016-12-31T19:00,0.000,µg/m³,VOC,GC-MS
65101,EAGLE ST. & McCAFFREY RD. _NEWMARKET_,"1,1-Dichloroethylene",2017-01-06T19:00,0.000,µg/m³,VOC,GC-MS
65101,EAGLE ST. & McCAFFREY RD. _NEWMARKET_,"1,1-Dichloroethylene",2017-01-18T19:00,0.000,µg/m³,VOC,GC-MS
65101,EAGLE ST. & McCAFFREY RD. _NEWMARKET_,"1,1-Dichloroethylene",2017-01-24T19:00,0.000,µg/m³,VOC,GC-MS
65101,EAGLE ST. & McCAFFREY RD. _NEWMARKET_,"1,1-Dichloroethylene",2017-01-30T19:00,0.000,µg/m³,VOC,GC-MS
65101,EAGLE ST. & McCAFFREY RD. _NEWMARKET_,"1,1-Dichloroethylene",2017-02-05T19:00,0.000,µg/m³,VOC,GC-MS
65101,EAGLE ST. & McCAFFREY RD. _NEWMARKET_,"1,1-Dichloroethylene",2017-02-11T19:00,0.000,µg/m³,VOC,GC-MS
65101,EAGLE ST. & McCAFFREY RD. _NEWMARKET_,"1,1-Dichloroethylene",2017-02-17T19:00,0.000,µg/m³,VOC,GC-MS
65101,EAGLE ST. & McCAFFREY RD. _NEWMARKET_,"1,1-Dichloroethylene",2017-02-23T19:00,0.000,µg/m³,VOC,GC-MS
65101,EAGLE ST. & McCAFFREY RD. _NEWMARKET_,"1,1-Dichloroethylene",2017-03-01T19:00,0.000,µg/m³,VOC,GC-MS
65101,EAGLE ST. & McCAFFREY RD. _NEWMARKET_,"1,1-Dichloroethylene",2017-03-13T20:00,0.000,µg/m³,VOC,GC-MS
65101,EAGLE ST. & McCAFFREY RD. _NEWMARKET_,"1,1-Dichloroethylene",2017-03-19T20:00,0.000,µg/m³,VOC,GC-MS
65101,EAGLE ST. & McCAFFREY RD. _NEWMARKET_,"1,1-Dichloroethylene",2017-03-25T20:00,0.000,µg/m³,VOC,GC-MS
65101,EAGLE ST. & McCAFFREY RD. _NEWMARKET_,"1,1-Dichloroethylene",2017-03-31T20:00,0.000,µg/m³,VOC,GC-MS
65101,EAGLE ST. & McCAFFREY RD. _NEWMARKET_,"1,1-Dichloroethylene",2017-04-12T20:00,0.000,µg/m³,VOC,GC-MS
65101,EAGLE ST. & McCAFFREY RD. _NEWMARKET_,"1,1-Dichloroethylene",2017-04-18T20:00,0.000,µg/m³,VOC,GC-MS
65101,EAGLE ST. & McCAFFREY RD. _NEWMARKET_,"1,1-Dichloroethylene",2017-04-24T20:00,0.000,µg/m³,VOC,GC-MS
65101,EAGLE ST. & McCAFFREY RD. _NEWMARKET_,"1,1-Dichloroethylene",2017-05-06T20:00,0.000,µg/m³,VOC,GC-MS
65101,EAGLE ST. & McCAFFREY RD. _NEWMARKET_,"1,1-Dichloroethylene",2017-05-12T20:00,0.000,µg/m³,VOC,GC-MS
65101,EAGLE ST. & McCAFFREY RD. _NEWMARKET_,"1,1-Dichloroethylene",2017-05-18T20:00,0.000,µg/m³,VOC,GC-MS
65101,EAGLE ST. & McCAFFREY RD. _NEWMARKET_,"1,1-Dichloroethylene",2017-05-24T20:00,0.000,µg/m³,VOC,GC-MS
65101,EAGLE ST. & McCAFFREY RD. _NEWMARKET_,"1,1-Dichloroethylene",2017-05-30T20:00,0.000,µg/m³,VOC,GC-MS
65101,EAGLE ST. & McCAFFREY RD. _NEWMARKET_,"1,1-Dichloroethylene",2017-06-05T20:00,0.000,µg/m³,VOC,GC-MS
65101,EAGLE ST. & McCAFFREY RD. _NEWMARKET_,"1,1-Dichloroethylene",2017-06-11T20:00,0.000,µg/m³,VOC,GC-MS
65101,EAGLE ST. & McCAFFREY RD. _NEWMARKET_,"1,1-Dichloroethylene",2017-06-17T20:00,0.000,µg/m³,VOC,GC-MS
65101,EAGLE ST. & McCAFFREY RD. _NEWMARKET_,"1,1-Dichloroethylene",2017-06-23T20:00,0.000,µg/m³,VOC,GC-MS
65101,EAGLE ST. & McCAFFREY RD. _NEWMARKET_,"1,1-Dichloroethylene",2017-06-29T20:00,0.000,µg/m³,VOC,GC-MS
65101,EAGLE ST. & McCAFFREY RD. _NEWMARKET_,"1,1-Dichloroethylene",2017-07-17T20:00,0.000,µg/m³,VOC,GC-MS
65101,EAGLE ST. & McCAFFREY RD. _NEWMARKET_,"1,1-Dichloroethylene",2017-07-23T20:00,0.000,µg/m³,VOC,GC-MS
65101,EAGLE ST. & McCAFFREY RD. _NEWMARKET_,"1,1-Dichloroethylene",2017-07-29T20:00,0.000,µg/m³,VOC,GC-MS
65101,EAGLE ST. & McCAFFREY RD. _NEWMARKET_,"1,1-Dichloroethylene",2017-08-04T20:00,0.000,µg/m³,VOC,GC-MS
65101,EAGLE ST. & McCAFFREY RD. _NEWMARKET_,"1,1-Dichloroethylene",2017-08-10T20:00,0.000,µg/m³,VOC,GC-MS
65101,EAGLE ST. & McCAFFREY RD. _NEWMARKET_,"1,1-Dichloroethylene",2017-08-16T20:00,0.000,µg/m³,VOC,GC-MS
65101,EAGLE ST. & McCAFFREY RD. _NEWMARKET_,"1,1-Dichloroethylene",2017-08-22T20:00,0.000,µg/m³,VOC,GC-MS
65101,EAGLE ST. & McCAFFREY RD. _NEWMARKET_,"1,1-Dichloroethylene",2017-08-28T20:00,0.000,µg/m³,VOC,GC-MS
65101,EAGLE ST. & McCAFFREY RD. _NEWMARKET_,"1,1-Dichloroethylene",2017-09-03T20:00,0.000,µg/m³,VOC,GC-MS
65101,EAGLE ST. & McCAFFREY RD. _NEWMARKET_,"1,1-Dichloroethylene",2017-09-09T20:00,0.000,µg/m³,VOC,GC-MS
65101,EAGLE ST. & McCAFFREY RD. _NEWMARKET_,"1,1-Dichloroethylene",2017-09-15T20:00,0.000,µg/m³,VOC,GC-MS
65101,EAGLE ST. & McCAFFREY RD. _NEWMARKET_,"1,1-Dichloroethylene",2017-09-21T20:00,0.000,µg/m³,VOC,GC-MS
65101,EAGLE ST. & McCAFFREY RD. _NEWMARKET_,"1,1-Dichloroethylene",2017-09-27T20:00,0.000,µg/m³,VOC,GC-MS
65101,EAGLE ST. & McCAFFREY RD. _NEWMARKET_,"1,1-Dichloroethylene",2017-10-03T20:00,0.000,µg/m³,VOC,GC-MS
65101,EAGLE ST. & McCAFFREY RD. _NEWMARKET_,"1,1-Dichloroethylene",2017-10-09T20:00,0.000,µg/m³,VOC,GC-MS
65101,EAGLE ST. & McCAFFREY RD. _NEWMARKET_,"1,1-Dichloroethylene",2017-10-15T20:00,0.000,µg/m³,VOC,GC-MS
65101,EAGLE ST. & McCAFFREY RD. _NEWMARKET_,"1,1-Dichloroethylene",2017-10-21T20:00,0.000,µg/m³,VOC,GC-MS
65101,EAGLE ST. & McCAFFREY RD. _NEWMARKET_,"1,1-Dichloroethylene",2017-10-27T20:00,0.001,µg/m³,VOC,GC-MS
65101,EAGLE ST. & McCAFFREY RD. _NEWMARKET_,"1,1-Dichloroethylene",2017-11-02T20:00,0.000,µg/m³,VOC,GC-MS
65101,EAGLE ST. & McCAFFREY RD. _NEWMARKET_,"1,1-Dichloroethylene",2017-11-08T19:00,0.000,µg/m³,VOC,GC-MS
65101,EAGLE ST. & McCAFFREY RD. _NEWMARKET_,"1,1-Dichloroethylene",2017-11-14T19:00,0.000,µg/m³,VOC,GC-MS
65101,EAGLE ST. & McCAFFREY RD. _NEWMARKET_,"1,1-Dichloroethylene",2017-11-20T19:00,0.000,µg/m³,VOC,GC-MS
65101,EAGLE ST. & McCAFFREY RD. _NEWMARKET_,"1,1-Dichloroethylene",2017-11-26T19:00,0.000,µg/m³,VOC,GC-MS
65101,EAGLE ST. & McCAFFREY RD. _NEWMARKET_,"1,1-Dichloroethylene",2017-12-02T19:00,0.000,µg/m³,VOC,GC-MS
65101,EAGLE ST. & McCAFFREY RD. _NEWMARKET_,"1,1-Dichloroethylene",2017-12-08T19:00,0.000,µg/m³,VOC,GC-MS
65101,EAGLE ST. & McCAFFREY RD. _NEWMARKET_,"1,1-Dichloroethylene",2017-12-14T19:00,0.000,µg/m³,VOC,GC-MS
65101,EAGLE ST. & McCAFFREY RD. _NEWMARKET_,"1,1-Dichloroethylene",2017-12-20T19:00,0.000,µg/m³,VOC,GC-MS
65101,EAGLE ST. & McCAFFREY RD. _NEWMARKET_,"1,1-Dichloroethylene",2017-12-26T19:00,0.000,µg/m³,VOC,GC-MS
