﻿NAPS_Site_ID,Station_Name,Pollutant,Date,Value,Units,Report_Type,Method
101401,HOPE AIRPORT,"1,2,4-Trimethylbenzene",1999-01-06T00:00,0.454,µg/m³,VOC,N/A
101401,HOPE AIRPORT,"1,2,4-Trimethylbenzene",1999-01-30T00:00,0.120,µg/m³,VOC,N/A
101401,HOPE AIRPORT,"1,2,4-Trimethylbenzene",1999-02-23T00:00,0.100,µg/m³,VOC,N/A
101401,HOPE AIRPORT,"1,2,4-Trimethylbenzene",1999-03-19T00:00,0.070,µg/m³,VOC,N/A
101401,HOPE AIRPORT,"1,2,4-Trimethylbenzene",1999-04-18T00:00,0.080,µg/m³,VOC,N/A
101401,HOPE AIRPORT,"1,2,4-Trimethylbenzene",1999-05-12T00:00,0.070,µg/m³,VOC,N/A
101401,HOPE AIRPORT,"1,2,4-Trimethylbenzene",1999-06-11T00:00,0.340,µg/m³,VOC,N/A
101401,HOPE AIRPORT,"1,2,4-Trimethylbenzene",1999-06-29T00:00,0.120,µg/m³,VOC,N/A
101401,HOPE AIRPORT,"1,2,4-Trimethylbenzene",1999-08-16T00:00,0.350,µg/m³,VOC,N/A
101401,HOPE AIRPORT,"1,2,4-Trimethylbenzene",1999-09-21T00:00,0.330,µg/m³,VOC,N/A
101401,HOPE AIRPORT,"1,2,4-Trimethylbenzene",1999-10-27T00:00,0.170,µg/m³,VOC,N/A
101401,HOPE AIRPORT,"1,2,4-Trimethylbenzene",1999-12-08T00:00,0.350,µg/m³,VOC,N/A
