﻿NAPS_Site_ID,Station_Name,Pollutant,Date,Value,Units,Report_Type,Method
90130,EDMONTON CENTRAL,Isoprene,2002-01-02T00:00,0.420,µg/m³,VOC,
90130,EDMONTON CENTRAL,Isoprene,2002-01-08T00:00,0.200,µg/m³,VOC,
90130,EDMONTON CENTRAL,Isoprene,2002-01-14T00:00,0.260,µg/m³,VOC,
90130,EDMONTON CENTRAL,Isoprene,2002-01-20T00:00,0.180,µg/m³,VOC,
90130,EDMONTON CENTRAL,Isoprene,2002-01-26T00:00,0.170,µg/m³,VOC,
90130,EDMONTON CENTRAL,Isoprene,2002-02-01T00:00,0.380,µg/m³,VOC,
90130,EDMONTON CENTRAL,Isoprene,2002-02-07T00:00,0.350,µg/m³,VOC,
90130,EDMONTON CENTRAL,Isoprene,2002-02-13T00:00,0.200,µg/m³,VOC,
90130,EDMONTON CENTRAL,Isoprene,2002-02-19T00:00,0.140,µg/m³,VOC,
90130,EDMONTON CENTRAL,Isoprene,2002-02-25T00:00,0.160,µg/m³,VOC,
90130,EDMONTON CENTRAL,Isoprene,2002-03-03T00:00,0.090,µg/m³,VOC,
90130,EDMONTON CENTRAL,Isoprene,2002-03-09T00:00,0.130,µg/m³,VOC,
90130,EDMONTON CENTRAL,Isoprene,2002-03-15T00:00,0.140,µg/m³,VOC,
90130,EDMONTON CENTRAL,Isoprene,2002-03-21T00:00,0.160,µg/m³,VOC,
90130,EDMONTON CENTRAL,Isoprene,2002-03-27T00:00,0.190,µg/m³,VOC,
90130,EDMONTON CENTRAL,Isoprene,2002-04-02T00:00,0.140,µg/m³,VOC,
90130,EDMONTON CENTRAL,Isoprene,2002-04-08T00:00,0.190,µg/m³,VOC,
90130,EDMONTON CENTRAL,Isoprene,2002-04-14T00:00,0.120,µg/m³,VOC,
90130,EDMONTON CENTRAL,Isoprene,2002-04-20T00:00,0.106,µg/m³,VOC,
90130,EDMONTON CENTRAL,Isoprene,2002-04-26T00:00,0.129,µg/m³,VOC,
90130,EDMONTON CENTRAL,Isoprene,2002-05-02T00:00,0.098,µg/m³,VOC,
90130,EDMONTON CENTRAL,Isoprene,2002-05-08T00:00,0.162,µg/m³,VOC,
90130,EDMONTON CENTRAL,Isoprene,2002-05-14T00:00,0.167,µg/m³,VOC,
90130,EDMONTON CENTRAL,Isoprene,2002-05-20T00:00,0.211,µg/m³,VOC,
90130,EDMONTON CENTRAL,Isoprene,2002-05-26T00:00,0.195,µg/m³,VOC,
90130,EDMONTON CENTRAL,Isoprene,2002-06-01T00:00,0.202,µg/m³,VOC,
90130,EDMONTON CENTRAL,Isoprene,2002-06-07T00:00,0.181,µg/m³,VOC,
90130,EDMONTON CENTRAL,Isoprene,2002-06-13T00:00,0.791,µg/m³,VOC,
90130,EDMONTON CENTRAL,Isoprene,2002-06-19T00:00,0.494,µg/m³,VOC,
90130,EDMONTON CENTRAL,Isoprene,2002-06-25T00:00,0.574,µg/m³,VOC,
90130,EDMONTON CENTRAL,Isoprene,2002-07-01T00:00,0.618,µg/m³,VOC,
90130,EDMONTON CENTRAL,Isoprene,2002-07-07T00:00,1.257,µg/m³,VOC,
90130,EDMONTON CENTRAL,Isoprene,2002-07-13T00:00,11.302,µg/m³,VOC,
90130,EDMONTON CENTRAL,Isoprene,2002-07-19T00:00,0.889,µg/m³,VOC,
90130,EDMONTON CENTRAL,Isoprene,2002-07-25T00:00,7.123,µg/m³,VOC,
90130,EDMONTON CENTRAL,Isoprene,2002-07-31T00:00,0.686,µg/m³,VOC,
90130,EDMONTON CENTRAL,Isoprene,2002-08-06T00:00,0.504,µg/m³,VOC,
90130,EDMONTON CENTRAL,Isoprene,2002-08-12T00:00,1.580,µg/m³,VOC,
90130,EDMONTON CENTRAL,Isoprene,2002-08-18T00:00,0.852,µg/m³,VOC,
90130,EDMONTON CENTRAL,Isoprene,2002-08-24T00:00,2.174,µg/m³,VOC,
90130,EDMONTON CENTRAL,Isoprene,2002-08-30T00:00,1.471,µg/m³,VOC,
90130,EDMONTON CENTRAL,Isoprene,2002-09-05T00:00,0.399,µg/m³,VOC,
90130,EDMONTON CENTRAL,Isoprene,2002-09-11T00:00,0.556,µg/m³,VOC,
90130,EDMONTON CENTRAL,Isoprene,2002-09-23T00:00,0.290,µg/m³,VOC,
90130,EDMONTON CENTRAL,Isoprene,2002-09-29T00:00,0.194,µg/m³,VOC,
90130,EDMONTON CENTRAL,Isoprene,2002-10-05T00:00,0.186,µg/m³,VOC,
90130,EDMONTON CENTRAL,Isoprene,2002-10-11T00:00,0.179,µg/m³,VOC,
90130,EDMONTON CENTRAL,Isoprene,2002-10-17T00:00,0.221,µg/m³,VOC,
90130,EDMONTON CENTRAL,Isoprene,2002-10-23T00:00,0.240,µg/m³,VOC,
90130,EDMONTON CENTRAL,Isoprene,2002-10-29T00:00,0.284,µg/m³,VOC,
90130,EDMONTON CENTRAL,Isoprene,2002-11-04T00:00,0.263,µg/m³,VOC,
90130,EDMONTON CENTRAL,Isoprene,2002-11-10T00:00,0.150,µg/m³,VOC,
90130,EDMONTON CENTRAL,Isoprene,2002-11-16T00:00,0.301,µg/m³,VOC,
90130,EDMONTON CENTRAL,Isoprene,2002-11-22T00:00,0.178,µg/m³,VOC,
90130,EDMONTON CENTRAL,Isoprene,2002-11-28T00:00,0.171,µg/m³,VOC,
90130,EDMONTON CENTRAL,Isoprene,2002-12-04T00:00,0.236,µg/m³,VOC,
90130,EDMONTON CENTRAL,Isoprene,2002-12-10T00:00,0.448,µg/m³,VOC,
90130,EDMONTON CENTRAL,Isoprene,2002-12-16T00:00,0.200,µg/m³,VOC,
90130,EDMONTON CENTRAL,Isoprene,2002-12-22T00:00,0.257,µg/m³,VOC,
