﻿NAPS_Site_ID,Station_Name,Pollutant,Date,Value,Units,Report_Type,Method
60211,WINDSOR WEST,Styrene,1990-05-29T00:00,0.091,µg/m³,VOC,GC-MS
60211,WINDSOR WEST,Styrene,1990-06-04T00:00,0.061,µg/m³,VOC,GC-MS
60211,WINDSOR WEST,Styrene,1990-06-10T00:00,0.073,µg/m³,VOC,GC-MS
60211,WINDSOR WEST,Styrene,1990-07-04T00:00,0.000,µg/m³,VOC,GC-MS
60211,WINDSOR WEST,Styrene,1990-07-22T00:00,0.209,µg/m³,VOC,GC-MS
60211,WINDSOR WEST,Styrene,1990-07-28T00:00,0.159,µg/m³,VOC,GC-MS
60211,WINDSOR WEST,Styrene,1990-08-03T00:00,0.270,µg/m³,VOC,GC-MS
60211,WINDSOR WEST,Styrene,1990-08-09T00:00,0.245,µg/m³,VOC,GC-MS
60211,WINDSOR WEST,Styrene,1990-08-15T00:00,0.153,µg/m³,VOC,GC-MS
60211,WINDSOR WEST,Styrene,1990-08-21T00:00,0.156,µg/m³,VOC,GC-MS
60211,WINDSOR WEST,Styrene,1990-08-27T00:00,0.181,µg/m³,VOC,GC-MS
60211,WINDSOR WEST,Styrene,1990-09-02T00:00,0.130,µg/m³,VOC,GC-MS
60211,WINDSOR WEST,Styrene,1990-09-08T00:00,0.101,µg/m³,VOC,GC-MS
60211,WINDSOR WEST,Styrene,1990-09-20T00:00,0.145,µg/m³,VOC,GC-MS
60211,WINDSOR WEST,Styrene,1990-09-26T00:00,1.601,µg/m³,VOC,GC-MS
60211,WINDSOR WEST,Styrene,1990-10-02T00:00,0.148,µg/m³,VOC,GC-MS
60211,WINDSOR WEST,Styrene,1990-10-08T00:00,0.085,µg/m³,VOC,GC-MS
60211,WINDSOR WEST,Styrene,1990-10-14T00:00,0.000,µg/m³,VOC,GC-MS
60211,WINDSOR WEST,Styrene,1990-10-20T00:00,0.146,µg/m³,VOC,GC-MS
60211,WINDSOR WEST,Styrene,1990-10-26T00:00,0.140,µg/m³,VOC,GC-MS
