﻿NAPS_Site_ID,Station_Name,Pollutant,Date,Value,Units,Report_Type,Method
60429,JUDSON ST. & ETONA CT. _ETOBICOKE_ (moved to kipling),1-Hexene,2005-01-04T00:00,0.021,µg/m³,VOC,
60429,JUDSON ST. & ETONA CT. _ETOBICOKE_ (moved to kipling),1-Hexene,2005-01-04T00:00,0.039,µg/m³,VOC,
60429,JUDSON ST. & ETONA CT. _ETOBICOKE_ (moved to kipling),1-Hexene,2005-01-04T00:00,0.045,µg/m³,VOC,
60429,JUDSON ST. & ETONA CT. _ETOBICOKE_ (moved to kipling),1-Hexene,2005-01-10T00:00,0.019,µg/m³,VOC,
60429,JUDSON ST. & ETONA CT. _ETOBICOKE_ (moved to kipling),1-Hexene,2005-01-10T00:00,0.028,µg/m³,VOC,
60429,JUDSON ST. & ETONA CT. _ETOBICOKE_ (moved to kipling),1-Hexene,2005-01-10T00:00,0.033,µg/m³,VOC,
60429,JUDSON ST. & ETONA CT. _ETOBICOKE_ (moved to kipling),1-Hexene,2005-01-16T00:00,0.019,µg/m³,VOC,
60429,JUDSON ST. & ETONA CT. _ETOBICOKE_ (moved to kipling),1-Hexene,2005-01-16T00:00,0.026,µg/m³,VOC,
60429,JUDSON ST. & ETONA CT. _ETOBICOKE_ (moved to kipling),1-Hexene,2005-01-22T00:00,0.018,µg/m³,VOC,
60429,JUDSON ST. & ETONA CT. _ETOBICOKE_ (moved to kipling),1-Hexene,2005-01-22T00:00,0.021,µg/m³,VOC,
60429,JUDSON ST. & ETONA CT. _ETOBICOKE_ (moved to kipling),1-Hexene,2005-01-22T00:00,0.024,µg/m³,VOC,
60429,JUDSON ST. & ETONA CT. _ETOBICOKE_ (moved to kipling),1-Hexene,2005-01-28T00:00,0.106,µg/m³,VOC,
60429,JUDSON ST. & ETONA CT. _ETOBICOKE_ (moved to kipling),1-Hexene,2005-01-28T00:00,0.164,µg/m³,VOC,
60429,JUDSON ST. & ETONA CT. _ETOBICOKE_ (moved to kipling),1-Hexene,2005-02-03T00:00,0.078,µg/m³,VOC,
60429,JUDSON ST. & ETONA CT. _ETOBICOKE_ (moved to kipling),1-Hexene,2005-02-03T00:00,0.136,µg/m³,VOC,
60429,JUDSON ST. & ETONA CT. _ETOBICOKE_ (moved to kipling),1-Hexene,2005-02-09T00:00,0.015,µg/m³,VOC,
60429,JUDSON ST. & ETONA CT. _ETOBICOKE_ (moved to kipling),1-Hexene,2005-02-09T00:00,0.019,µg/m³,VOC,
60429,JUDSON ST. & ETONA CT. _ETOBICOKE_ (moved to kipling),1-Hexene,2005-02-15T00:00,0.027,µg/m³,VOC,
60429,JUDSON ST. & ETONA CT. _ETOBICOKE_ (moved to kipling),1-Hexene,2005-02-15T00:00,0.028,µg/m³,VOC,
60429,JUDSON ST. & ETONA CT. _ETOBICOKE_ (moved to kipling),1-Hexene,2005-02-15T00:00,0.037,µg/m³,VOC,
60429,JUDSON ST. & ETONA CT. _ETOBICOKE_ (moved to kipling),1-Hexene,2005-02-21T00:00,0.050,µg/m³,VOC,
60429,JUDSON ST. & ETONA CT. _ETOBICOKE_ (moved to kipling),1-Hexene,2005-02-27T00:00,0.015,µg/m³,VOC,
60429,JUDSON ST. & ETONA CT. _ETOBICOKE_ (moved to kipling),1-Hexene,2005-02-27T00:00,0.027,µg/m³,VOC,
60429,JUDSON ST. & ETONA CT. _ETOBICOKE_ (moved to kipling),1-Hexene,2005-02-27T00:00,0.032,µg/m³,VOC,
60429,JUDSON ST. & ETONA CT. _ETOBICOKE_ (moved to kipling),1-Hexene,2005-03-05T00:00,0.036,µg/m³,VOC,
60429,JUDSON ST. & ETONA CT. _ETOBICOKE_ (moved to kipling),1-Hexene,2005-03-05T00:00,0.039,µg/m³,VOC,
60429,JUDSON ST. & ETONA CT. _ETOBICOKE_ (moved to kipling),1-Hexene,2005-03-05T00:00,0.076,µg/m³,VOC,
60429,JUDSON ST. & ETONA CT. _ETOBICOKE_ (moved to kipling),1-Hexene,2005-03-11T00:00,0.041,µg/m³,VOC,
60429,JUDSON ST. & ETONA CT. _ETOBICOKE_ (moved to kipling),1-Hexene,2005-03-11T00:00,0.041,µg/m³,VOC,
60429,JUDSON ST. & ETONA CT. _ETOBICOKE_ (moved to kipling),1-Hexene,2005-03-11T00:00,0.043,µg/m³,VOC,
60429,JUDSON ST. & ETONA CT. _ETOBICOKE_ (moved to kipling),1-Hexene,2005-03-17T00:00,0.049,µg/m³,VOC,
60429,JUDSON ST. & ETONA CT. _ETOBICOKE_ (moved to kipling),1-Hexene,2005-03-17T00:00,0.052,µg/m³,VOC,
60429,JUDSON ST. & ETONA CT. _ETOBICOKE_ (moved to kipling),1-Hexene,2005-03-23T00:00,0.038,µg/m³,VOC,
60429,JUDSON ST. & ETONA CT. _ETOBICOKE_ (moved to kipling),1-Hexene,2005-03-23T00:00,0.040,µg/m³,VOC,
60429,JUDSON ST. & ETONA CT. _ETOBICOKE_ (moved to kipling),1-Hexene,2005-03-29T00:00,0.064,µg/m³,VOC,
60429,JUDSON ST. & ETONA CT. _ETOBICOKE_ (moved to kipling),1-Hexene,2005-03-29T00:00,0.073,µg/m³,VOC,
60429,JUDSON ST. & ETONA CT. _ETOBICOKE_ (moved to kipling),1-Hexene,2005-04-04T00:00,0.018,µg/m³,VOC,
60429,JUDSON ST. & ETONA CT. _ETOBICOKE_ (moved to kipling),1-Hexene,2005-04-10T00:00,0.038,µg/m³,VOC,
60429,JUDSON ST. & ETONA CT. _ETOBICOKE_ (moved to kipling),1-Hexene,2005-04-10T00:00,0.061,µg/m³,VOC,
60429,JUDSON ST. & ETONA CT. _ETOBICOKE_ (moved to kipling),1-Hexene,2005-04-16T00:00,0.091,µg/m³,VOC,
60429,JUDSON ST. & ETONA CT. _ETOBICOKE_ (moved to kipling),1-Hexene,2005-04-16T00:00,0.139,µg/m³,VOC,
60429,JUDSON ST. & ETONA CT. _ETOBICOKE_ (moved to kipling),1-Hexene,2005-04-22T00:00,0.057,µg/m³,VOC,
60429,JUDSON ST. & ETONA CT. _ETOBICOKE_ (moved to kipling),1-Hexene,2005-04-22T00:00,0.061,µg/m³,VOC,
60429,JUDSON ST. & ETONA CT. _ETOBICOKE_ (moved to kipling),1-Hexene,2005-04-22T00:00,0.079,µg/m³,VOC,
60429,JUDSON ST. & ETONA CT. _ETOBICOKE_ (moved to kipling),1-Hexene,2005-04-28T00:00,0.032,µg/m³,VOC,
60429,JUDSON ST. & ETONA CT. _ETOBICOKE_ (moved to kipling),1-Hexene,2005-04-28T00:00,0.046,µg/m³,VOC,
60429,JUDSON ST. & ETONA CT. _ETOBICOKE_ (moved to kipling),1-Hexene,2005-05-04T00:00,0.041,µg/m³,VOC,
60429,JUDSON ST. & ETONA CT. _ETOBICOKE_ (moved to kipling),1-Hexene,2005-05-04T00:00,0.043,µg/m³,VOC,
60429,JUDSON ST. & ETONA CT. _ETOBICOKE_ (moved to kipling),1-Hexene,2005-05-10T00:00,0.087,µg/m³,VOC,
60429,JUDSON ST. & ETONA CT. _ETOBICOKE_ (moved to kipling),1-Hexene,2005-05-10T00:00,0.098,µg/m³,VOC,
60429,JUDSON ST. & ETONA CT. _ETOBICOKE_ (moved to kipling),1-Hexene,2005-05-10T00:00,0.098,µg/m³,VOC,
60429,JUDSON ST. & ETONA CT. _ETOBICOKE_ (moved to kipling),1-Hexene,2005-05-16T00:00,0.036,µg/m³,VOC,
60429,JUDSON ST. & ETONA CT. _ETOBICOKE_ (moved to kipling),1-Hexene,2005-05-22T00:00,0.000,µg/m³,VOC,
60429,JUDSON ST. & ETONA CT. _ETOBICOKE_ (moved to kipling),1-Hexene,2005-05-28T00:00,0.040,µg/m³,VOC,
60429,JUDSON ST. & ETONA CT. _ETOBICOKE_ (moved to kipling),1-Hexene,2005-06-03T00:00,0.024,µg/m³,VOC,
60429,JUDSON ST. & ETONA CT. _ETOBICOKE_ (moved to kipling),1-Hexene,2005-06-09T00:00,0.035,µg/m³,VOC,
60429,JUDSON ST. & ETONA CT. _ETOBICOKE_ (moved to kipling),1-Hexene,2005-06-15T00:00,0.034,µg/m³,VOC,
60429,JUDSON ST. & ETONA CT. _ETOBICOKE_ (moved to kipling),1-Hexene,2005-06-21T00:00,0.079,µg/m³,VOC,
60429,JUDSON ST. & ETONA CT. _ETOBICOKE_ (moved to kipling),1-Hexene,2005-06-27T00:00,0.121,µg/m³,VOC,
60429,JUDSON ST. & ETONA CT. _ETOBICOKE_ (moved to kipling),1-Hexene,2005-07-03T00:00,0.114,µg/m³,VOC,
60429,JUDSON ST. & ETONA CT. _ETOBICOKE_ (moved to kipling),1-Hexene,2005-07-09T00:00,0.061,µg/m³,VOC,
60429,JUDSON ST. & ETONA CT. _ETOBICOKE_ (moved to kipling),1-Hexene,2005-07-15T00:00,0.062,µg/m³,VOC,
60429,JUDSON ST. & ETONA CT. _ETOBICOKE_ (moved to kipling),1-Hexene,2005-07-21T00:00,0.036,µg/m³,VOC,
60429,JUDSON ST. & ETONA CT. _ETOBICOKE_ (moved to kipling),1-Hexene,2005-07-27T00:00,0.053,µg/m³,VOC,
60429,JUDSON ST. & ETONA CT. _ETOBICOKE_ (moved to kipling),1-Hexene,2005-08-02T00:00,0.109,µg/m³,VOC,
60429,JUDSON ST. & ETONA CT. _ETOBICOKE_ (moved to kipling),1-Hexene,2005-08-08T00:00,0.054,µg/m³,VOC,
60429,JUDSON ST. & ETONA CT. _ETOBICOKE_ (moved to kipling),1-Hexene,2005-08-14T00:00,0.032,µg/m³,VOC,
60429,JUDSON ST. & ETONA CT. _ETOBICOKE_ (moved to kipling),1-Hexene,2005-08-20T00:00,0.022,µg/m³,VOC,
60429,JUDSON ST. & ETONA CT. _ETOBICOKE_ (moved to kipling),1-Hexene,2005-08-26T00:00,0.074,µg/m³,VOC,
60429,JUDSON ST. & ETONA CT. _ETOBICOKE_ (moved to kipling),1-Hexene,2005-09-01T00:00,0.040,µg/m³,VOC,
60429,JUDSON ST. & ETONA CT. _ETOBICOKE_ (moved to kipling),1-Hexene,2005-09-07T00:00,0.181,µg/m³,VOC,
60429,JUDSON ST. & ETONA CT. _ETOBICOKE_ (moved to kipling),1-Hexene,2005-09-13T00:00,0.043,µg/m³,VOC,
60429,JUDSON ST. & ETONA CT. _ETOBICOKE_ (moved to kipling),1-Hexene,2005-09-19T00:00,0.084,µg/m³,VOC,
60429,JUDSON ST. & ETONA CT. _ETOBICOKE_ (moved to kipling),1-Hexene,2005-09-25T00:00,0.026,µg/m³,VOC,
60429,JUDSON ST. & ETONA CT. _ETOBICOKE_ (moved to kipling),1-Hexene,2005-10-01T00:00,0.091,µg/m³,VOC,
60429,JUDSON ST. & ETONA CT. _ETOBICOKE_ (moved to kipling),1-Hexene,2005-10-01T00:00,0.104,µg/m³,VOC,
60429,JUDSON ST. & ETONA CT. _ETOBICOKE_ (moved to kipling),1-Hexene,2005-10-07T00:00,0.036,µg/m³,VOC,
60429,JUDSON ST. & ETONA CT. _ETOBICOKE_ (moved to kipling),1-Hexene,2005-10-13T00:00,0.065,µg/m³,VOC,
60429,JUDSON ST. & ETONA CT. _ETOBICOKE_ (moved to kipling),1-Hexene,2005-10-19T00:00,0.067,µg/m³,VOC,
60429,JUDSON ST. & ETONA CT. _ETOBICOKE_ (moved to kipling),1-Hexene,2005-10-25T00:00,0.025,µg/m³,VOC,
60429,JUDSON ST. & ETONA CT. _ETOBICOKE_ (moved to kipling),1-Hexene,2005-10-31T00:00,0.061,µg/m³,VOC,
60429,JUDSON ST. & ETONA CT. _ETOBICOKE_ (moved to kipling),1-Hexene,2005-11-06T00:00,0.018,µg/m³,VOC,
60429,JUDSON ST. & ETONA CT. _ETOBICOKE_ (moved to kipling),1-Hexene,2005-11-12T00:00,0.176,µg/m³,VOC,
60429,JUDSON ST. & ETONA CT. _ETOBICOKE_ (moved to kipling),1-Hexene,2005-11-18T00:00,0.043,µg/m³,VOC,
60429,JUDSON ST. & ETONA CT. _ETOBICOKE_ (moved to kipling),1-Hexene,2005-11-24T00:00,0.029,µg/m³,VOC,
60429,JUDSON ST. & ETONA CT. _ETOBICOKE_ (moved to kipling),1-Hexene,2005-12-06T00:00,0.035,µg/m³,VOC,
60429,JUDSON ST. & ETONA CT. _ETOBICOKE_ (moved to kipling),1-Hexene,2005-12-12T00:00,0.051,µg/m³,VOC,
60429,JUDSON ST. & ETONA CT. _ETOBICOKE_ (moved to kipling),1-Hexene,2005-12-18T00:00,0.024,µg/m³,VOC,
60429,JUDSON ST. & ETONA CT. _ETOBICOKE_ (moved to kipling),1-Hexene,2005-12-24T00:00,0.074,µg/m³,VOC,
60429,JUDSON ST. & ETONA CT. _ETOBICOKE_ (moved to kipling),1-Hexene,2005-12-30T00:00,0.029,µg/m³,VOC,
