﻿NAPS_Site_ID,Station_Name,Pollutant,Date,Value,Units,Report_Type,Method
62601,EXPERIMENTAL FARM _SIMCOE_,Propylene,2021-02-21T00:00,1.275,µg/m³,VOC,GC-MS
62601,EXPERIMENTAL FARM _SIMCOE_,Propylene,2021-02-27T00:00,2.611,µg/m³,VOC,GC-MS
62601,EXPERIMENTAL FARM _SIMCOE_,Propylene,2021-03-11T00:00,1.538,µg/m³,VOC,GC-MS
62601,EXPERIMENTAL FARM _SIMCOE_,Propylene,2021-03-17T00:00,1.675,µg/m³,VOC,GC-MS
62601,EXPERIMENTAL FARM _SIMCOE_,Propylene,2021-03-23T00:00,3.934,µg/m³,VOC,GC-MS
62601,EXPERIMENTAL FARM _SIMCOE_,Propylene,2021-03-29T00:00,0.818,µg/m³,VOC,GC-MS
62601,EXPERIMENTAL FARM _SIMCOE_,Propylene,2021-04-04T00:00,2.277,µg/m³,VOC,GC-MS
62601,EXPERIMENTAL FARM _SIMCOE_,Propylene,2021-04-10T00:00,3.235,µg/m³,VOC,GC-MS
62601,EXPERIMENTAL FARM _SIMCOE_,Propylene,2021-04-16T00:00,0.579,µg/m³,VOC,GC-MS
62601,EXPERIMENTAL FARM _SIMCOE_,Propylene,2021-04-21T00:00,0.734,µg/m³,VOC,GC-MS
62601,EXPERIMENTAL FARM _SIMCOE_,Propylene,2021-04-28T00:00,3.317,µg/m³,VOC,GC-MS
62601,EXPERIMENTAL FARM _SIMCOE_,Propylene,2021-05-04T00:00,0.842,µg/m³,VOC,GC-MS
62601,EXPERIMENTAL FARM _SIMCOE_,Propylene,2021-05-10T00:00,1.380,µg/m³,VOC,GC-MS
62601,EXPERIMENTAL FARM _SIMCOE_,Propylene,2021-05-16T00:00,2.004,µg/m³,VOC,GC-MS
62601,EXPERIMENTAL FARM _SIMCOE_,Propylene,2021-05-22T00:00,1.725,µg/m³,VOC,GC-MS
62601,EXPERIMENTAL FARM _SIMCOE_,Propylene,2021-05-28T00:00,0.430,µg/m³,VOC,GC-MS
62601,EXPERIMENTAL FARM _SIMCOE_,Propylene,2021-06-03T00:00,2.400,µg/m³,VOC,GC-MS
62601,EXPERIMENTAL FARM _SIMCOE_,Propylene,2021-06-09T00:00,4.600,µg/m³,VOC,GC-MS
62601,EXPERIMENTAL FARM _SIMCOE_,Propylene,2021-06-15T00:00,3.533,µg/m³,VOC,GC-MS
62601,EXPERIMENTAL FARM _SIMCOE_,Propylene,2021-06-21T00:00,5.058,µg/m³,VOC,GC-MS
62601,EXPERIMENTAL FARM _SIMCOE_,Propylene,2021-06-27T00:00,7.349,µg/m³,VOC,GC-MS
62601,EXPERIMENTAL FARM _SIMCOE_,Propylene,2021-07-03T00:00,4.145,µg/m³,VOC,GC-MS
62601,EXPERIMENTAL FARM _SIMCOE_,Propylene,2021-07-15T00:00,4.371,µg/m³,VOC,GC-MS
62601,EXPERIMENTAL FARM _SIMCOE_,Propylene,2021-07-21T00:00,3.838,µg/m³,VOC,GC-MS
62601,EXPERIMENTAL FARM _SIMCOE_,Propylene,2021-07-27T00:00,2.457,µg/m³,VOC,GC-MS
62601,EXPERIMENTAL FARM _SIMCOE_,Propylene,2021-08-02T00:00,4.616,µg/m³,VOC,GC-MS
62601,EXPERIMENTAL FARM _SIMCOE_,Propylene,2021-08-14T00:00,4.104,µg/m³,VOC,GC-MS
62601,EXPERIMENTAL FARM _SIMCOE_,Propylene,2021-08-20T00:00,5.275,µg/m³,VOC,GC-MS
62601,EXPERIMENTAL FARM _SIMCOE_,Propylene,2021-09-01T00:00,3.980,µg/m³,VOC,GC-MS
62601,EXPERIMENTAL FARM _SIMCOE_,Propylene,2021-09-13T00:00,2.411,µg/m³,VOC,GC-MS
62601,EXPERIMENTAL FARM _SIMCOE_,Propylene,2021-09-19T00:00,4.191,µg/m³,VOC,GC-MS
62601,EXPERIMENTAL FARM _SIMCOE_,Propylene,2021-09-25T00:00,2.914,µg/m³,VOC,GC-MS
62601,EXPERIMENTAL FARM _SIMCOE_,Propylene,2021-10-01T00:00,62.753,µg/m³,VOC,GC-MS
62601,EXPERIMENTAL FARM _SIMCOE_,Propylene,2021-10-07T00:00,1.062,µg/m³,VOC,GC-MS
62601,EXPERIMENTAL FARM _SIMCOE_,Propylene,2021-10-13T00:00,1.717,µg/m³,VOC,GC-MS
62601,EXPERIMENTAL FARM _SIMCOE_,Propylene,2021-10-19T00:00,3.949,µg/m³,VOC,GC-MS
62601,EXPERIMENTAL FARM _SIMCOE_,Propylene,2021-10-25T00:00,0.574,µg/m³,VOC,GC-MS
62601,EXPERIMENTAL FARM _SIMCOE_,Propylene,2021-10-31T00:00,1.422,µg/m³,VOC,GC-MS
62601,EXPERIMENTAL FARM _SIMCOE_,Propylene,2021-11-06T00:00,2.031,µg/m³,VOC,GC-MS
62601,EXPERIMENTAL FARM _SIMCOE_,Propylene,2021-11-12T00:00,38.074,µg/m³,VOC,GC-MS
62601,EXPERIMENTAL FARM _SIMCOE_,Propylene,2021-11-18T00:00,0.970,µg/m³,VOC,GC-MS
62601,EXPERIMENTAL FARM _SIMCOE_,Propylene,2021-11-24T00:00,0.591,µg/m³,VOC,GC-MS
62601,EXPERIMENTAL FARM _SIMCOE_,Propylene,2021-11-30T00:00,0.932,µg/m³,VOC,GC-MS
62601,EXPERIMENTAL FARM _SIMCOE_,Propylene,2021-12-06T00:00,0.488,µg/m³,VOC,GC-MS
62601,EXPERIMENTAL FARM _SIMCOE_,Propylene,2021-12-12T00:00,0.592,µg/m³,VOC,GC-MS
62601,EXPERIMENTAL FARM _SIMCOE_,Propylene,2021-12-18T00:00,0.254,µg/m³,VOC,GC-MS
62601,EXPERIMENTAL FARM _SIMCOE_,Propylene,2021-12-24T00:00,0.817,µg/m³,VOC,GC-MS
