﻿NAPS_Site_ID,Station_Name,Pollutant,Date,Value,Units,Report_Type,Method
100141,ROADSIDE - CLARK DRIVE,Nitric Acid,2021-02-03T00:00,0.479,µg/m³,PM2.5,IC
100141,ROADSIDE - CLARK DRIVE,Nitric Acid,2021-02-09T00:00,0.587,µg/m³,PM2.5,IC
100141,ROADSIDE - CLARK DRIVE,Nitric Acid,2021-02-15T00:00,0.339,µg/m³,PM2.5,IC
100141,ROADSIDE - CLARK DRIVE,Nitric Acid,2021-02-21T00:00,0.302,µg/m³,PM2.5,IC
100141,ROADSIDE - CLARK DRIVE,Nitric Acid,2021-02-27T00:00,0.735,µg/m³,PM2.5,IC
100141,ROADSIDE - CLARK DRIVE,Nitric Acid,2021-03-05T00:00,0.515,µg/m³,PM2.5,IC
100141,ROADSIDE - CLARK DRIVE,Nitric Acid,2021-03-11T00:00,0.671,µg/m³,PM2.5,IC
100141,ROADSIDE - CLARK DRIVE,Nitric Acid,2021-03-17T00:00,0.358,µg/m³,PM2.5,IC
100141,ROADSIDE - CLARK DRIVE,Nitric Acid,2021-03-23T00:00,0.881,µg/m³,PM2.5,IC
100141,ROADSIDE - CLARK DRIVE,Nitric Acid,2021-03-29T00:00,0.843,µg/m³,PM2.5,IC
100141,ROADSIDE - CLARK DRIVE,Nitric Acid,2021-04-04T00:00,0.580,µg/m³,PM2.5,IC
100141,ROADSIDE - CLARK DRIVE,Nitric Acid,2021-04-10T00:00,0.318,µg/m³,PM2.5,IC
100141,ROADSIDE - CLARK DRIVE,Nitric Acid,2021-04-16T00:00,0.883,µg/m³,PM2.5,IC
100141,ROADSIDE - CLARK DRIVE,Nitric Acid,2021-04-22T00:00,1.014,µg/m³,PM2.5,IC
100141,ROADSIDE - CLARK DRIVE,Nitric Acid,2021-04-28T00:00,0.536,µg/m³,PM2.5,IC
100141,ROADSIDE - CLARK DRIVE,Nitric Acid,2021-05-04T00:00,0.220,µg/m³,PM2.5,IC
100141,ROADSIDE - CLARK DRIVE,Nitric Acid,2021-05-10T00:00,0.394,µg/m³,PM2.5,IC
100141,ROADSIDE - CLARK DRIVE,Nitric Acid,2021-05-16T00:00,0.624,µg/m³,PM2.5,IC
100141,ROADSIDE - CLARK DRIVE,Nitric Acid,2021-06-03T00:00,0.416,µg/m³,PM2.5,IC
100141,ROADSIDE - CLARK DRIVE,Nitric Acid,2021-06-09T00:00,0.300,µg/m³,PM2.5,IC
100141,ROADSIDE - CLARK DRIVE,Nitric Acid,2021-07-09T00:00,0.071,µg/m³,PM2.5,IC
100141,ROADSIDE - CLARK DRIVE,Nitric Acid,2021-07-15T00:00,0.354,µg/m³,PM2.5,IC
100141,ROADSIDE - CLARK DRIVE,Nitric Acid,2021-08-02T00:00,0.728,µg/m³,PM2.5,IC
100141,ROADSIDE - CLARK DRIVE,Nitric Acid,2021-08-08T00:00,0.277,µg/m³,PM2.5,IC
100141,ROADSIDE - CLARK DRIVE,Nitric Acid,2021-08-14T00:00,1.263,µg/m³,PM2.5,IC
100141,ROADSIDE - CLARK DRIVE,Nitric Acid,2021-08-20T00:00,0.221,µg/m³,PM2.5,IC
100141,ROADSIDE - CLARK DRIVE,Nitric Acid,2021-08-26T00:00,0.402,µg/m³,PM2.5,IC
100141,ROADSIDE - CLARK DRIVE,Nitric Acid,2021-09-01T00:00,0.285,µg/m³,PM2.5,IC
100141,ROADSIDE - CLARK DRIVE,Nitric Acid,2021-09-07T00:00,0.409,µg/m³,PM2.5,IC
100141,ROADSIDE - CLARK DRIVE,Nitric Acid,2021-09-19T00:00,0.366,µg/m³,PM2.5,IC
100141,ROADSIDE - CLARK DRIVE,Nitric Acid,2021-09-25T00:00,0.271,µg/m³,PM2.5,IC
100141,ROADSIDE - CLARK DRIVE,Nitric Acid,2021-10-01T00:00,0.331,µg/m³,PM2.5,IC
100141,ROADSIDE - CLARK DRIVE,Nitric Acid,2021-10-07T00:00,0.269,µg/m³,PM2.5,IC
100141,ROADSIDE - CLARK DRIVE,Nitric Acid,2021-10-13T00:00,0.415,µg/m³,PM2.5,IC
100141,ROADSIDE - CLARK DRIVE,Nitric Acid,2021-10-19T00:00,0.242,µg/m³,PM2.5,IC
100141,ROADSIDE - CLARK DRIVE,Nitric Acid,2021-10-25T00:00,0.389,µg/m³,PM2.5,IC
100141,ROADSIDE - CLARK DRIVE,Nitric Acid,2021-10-31T00:00,0.380,µg/m³,PM2.5,IC
100141,ROADSIDE - CLARK DRIVE,Nitric Acid,2021-11-06T00:00,0.401,µg/m³,PM2.5,IC
100141,ROADSIDE - CLARK DRIVE,Nitric Acid,2021-11-12T00:00,0.525,µg/m³,PM2.5,IC
100141,ROADSIDE - CLARK DRIVE,Nitric Acid,2021-11-18T00:00,0.412,µg/m³,PM2.5,IC
100141,ROADSIDE - CLARK DRIVE,Nitric Acid,2021-11-24T00:00,0.528,µg/m³,PM2.5,IC
100141,ROADSIDE - CLARK DRIVE,Nitric Acid,2021-11-30T00:00,0.646,µg/m³,PM2.5,IC
100141,ROADSIDE - CLARK DRIVE,Nitric Acid,2021-12-06T00:00,0.401,µg/m³,PM2.5,IC
100141,ROADSIDE - CLARK DRIVE,Nitric Acid,2021-12-12T00:00,0.533,µg/m³,PM2.5,IC
100141,ROADSIDE - CLARK DRIVE,Nitric Acid,2021-12-18T00:00,0.476,µg/m³,PM2.5,IC
100141,ROADSIDE - CLARK DRIVE,Nitric Acid,2021-12-24T00:00,0.422,µg/m³,PM2.5,IC
100141,ROADSIDE - CLARK DRIVE,Nitric Acid,2021-12-30T00:00,1.127,µg/m³,PM2.5,IC
