﻿NAPS_Site_ID,Station_Name,Pollutant,Date,Value,Units,Report_Type,Method
61004,CENTENNIAL PARK _SARNIA_,"1,2-Dichloropropane",2008-01-01T00:00,0.014,µg/m³,VOC,
61004,CENTENNIAL PARK _SARNIA_,"1,2-Dichloropropane",2008-01-07T00:00,0.012,µg/m³,VOC,
61004,CENTENNIAL PARK _SARNIA_,"1,2-Dichloropropane",2008-01-13T00:00,0.021,µg/m³,VOC,
61004,CENTENNIAL PARK _SARNIA_,"1,2-Dichloropropane",2008-01-19T00:00,0.020,µg/m³,VOC,
61004,CENTENNIAL PARK _SARNIA_,"1,2-Dichloropropane",2008-01-31T00:00,0.017,µg/m³,VOC,
61004,CENTENNIAL PARK _SARNIA_,"1,2-Dichloropropane",2008-02-06T00:00,0.018,µg/m³,VOC,
61004,CENTENNIAL PARK _SARNIA_,"1,2-Dichloropropane",2008-02-12T00:00,0.020,µg/m³,VOC,
61004,CENTENNIAL PARK _SARNIA_,"1,2-Dichloropropane",2008-02-18T00:00,0.017,µg/m³,VOC,
61004,CENTENNIAL PARK _SARNIA_,"1,2-Dichloropropane",2008-02-24T00:00,0.018,µg/m³,VOC,
61004,CENTENNIAL PARK _SARNIA_,"1,2-Dichloropropane",2008-03-01T00:00,0.017,µg/m³,VOC,
61004,CENTENNIAL PARK _SARNIA_,"1,2-Dichloropropane",2008-03-07T00:00,0.019,µg/m³,VOC,
61004,CENTENNIAL PARK _SARNIA_,"1,2-Dichloropropane",2008-03-13T00:00,0.017,µg/m³,VOC,
61004,CENTENNIAL PARK _SARNIA_,"1,2-Dichloropropane",2008-03-19T00:00,0.018,µg/m³,VOC,
61004,CENTENNIAL PARK _SARNIA_,"1,2-Dichloropropane",2008-03-22T00:00,0.019,µg/m³,VOC,
61004,CENTENNIAL PARK _SARNIA_,"1,2-Dichloropropane",2008-03-25T00:00,0.020,µg/m³,VOC,
61004,CENTENNIAL PARK _SARNIA_,"1,2-Dichloropropane",2008-03-31T00:00,0.017,µg/m³,VOC,
61004,CENTENNIAL PARK _SARNIA_,"1,2-Dichloropropane",2008-04-06T00:00,0.019,µg/m³,VOC,
