﻿NAPS_Site_ID,Station_Name,Pollutant,Date,Value,Units,Report_Type,Method
64401,EGBERT,Freon 12,2005-01-01T00:00,2.615,µg/m³,VOC,GC-MS
64401,EGBERT,Freon 12,2005-01-04T00:00,2.590,µg/m³,VOC,GC-MS
64401,EGBERT,Freon 12,2005-01-07T00:00,2.714,µg/m³,VOC,GC-MS
64401,EGBERT,Freon 12,2005-01-10T00:00,2.562,µg/m³,VOC,GC-MS
64401,EGBERT,Freon 12,2005-01-13T00:00,2.565,µg/m³,VOC,GC-MS
64401,EGBERT,Freon 12,2005-01-16T00:00,2.569,µg/m³,VOC,GC-MS
64401,EGBERT,Freon 12,2005-01-19T00:00,3.240,µg/m³,VOC,GC-MS
64401,EGBERT,Freon 12,2005-01-22T00:00,2.633,µg/m³,VOC,GC-MS
64401,EGBERT,Freon 12,2005-01-25T00:00,2.567,µg/m³,VOC,GC-MS
64401,EGBERT,Freon 12,2005-01-28T00:00,2.563,µg/m³,VOC,GC-MS
64401,EGBERT,Freon 12,2005-01-31T00:00,2.563,µg/m³,VOC,GC-MS
64401,EGBERT,Freon 12,2005-02-03T00:00,2.568,µg/m³,VOC,GC-MS
64401,EGBERT,Freon 12,2005-02-06T00:00,2.569,µg/m³,VOC,GC-MS
64401,EGBERT,Freon 12,2005-02-09T00:00,2.585,µg/m³,VOC,GC-MS
64401,EGBERT,Freon 12,2005-02-12T00:00,2.548,µg/m³,VOC,GC-MS
64401,EGBERT,Freon 12,2005-02-15T00:00,2.583,µg/m³,VOC,GC-MS
64401,EGBERT,Freon 12,2005-02-18T00:00,2.668,µg/m³,VOC,GC-MS
64401,EGBERT,Freon 12,2005-02-21T00:00,2.586,µg/m³,VOC,GC-MS
64401,EGBERT,Freon 12,2005-02-24T00:00,2.561,µg/m³,VOC,GC-MS
64401,EGBERT,Freon 12,2005-02-27T00:00,2.600,µg/m³,VOC,GC-MS
64401,EGBERT,Freon 12,2005-03-02T00:00,2.528,µg/m³,VOC,GC-MS
64401,EGBERT,Freon 12,2005-03-05T00:00,2.495,µg/m³,VOC,GC-MS
64401,EGBERT,Freon 12,2005-03-08T00:00,2.549,µg/m³,VOC,GC-MS
64401,EGBERT,Freon 12,2005-03-11T00:00,2.576,µg/m³,VOC,GC-MS
64401,EGBERT,Freon 12,2005-03-17T00:00,2.628,µg/m³,VOC,GC-MS
64401,EGBERT,Freon 12,2005-03-20T00:00,2.540,µg/m³,VOC,GC-MS
64401,EGBERT,Freon 12,2005-03-23T00:00,2.513,µg/m³,VOC,GC-MS
64401,EGBERT,Freon 12,2005-03-26T00:00,2.484,µg/m³,VOC,GC-MS
64401,EGBERT,Freon 12,2005-03-29T00:00,2.512,µg/m³,VOC,GC-MS
64401,EGBERT,Freon 12,2005-04-01T00:00,2.561,µg/m³,VOC,GC-MS
64401,EGBERT,Freon 12,2005-04-04T00:00,1.980,µg/m³,VOC,GC-MS
64401,EGBERT,Freon 12,2005-04-07T00:00,2.584,µg/m³,VOC,GC-MS
64401,EGBERT,Freon 12,2005-04-10T00:00,2.586,µg/m³,VOC,GC-MS
64401,EGBERT,Freon 12,2005-04-13T00:00,2.659,µg/m³,VOC,GC-MS
64401,EGBERT,Freon 12,2005-04-16T00:00,2.609,µg/m³,VOC,GC-MS
64401,EGBERT,Freon 12,2005-04-19T00:00,2.813,µg/m³,VOC,GC-MS
64401,EGBERT,Freon 12,2005-04-22T00:00,2.608,µg/m³,VOC,GC-MS
64401,EGBERT,Freon 12,2005-04-25T00:00,2.656,µg/m³,VOC,GC-MS
64401,EGBERT,Freon 12,2005-04-28T00:00,2.711,µg/m³,VOC,GC-MS
64401,EGBERT,Freon 12,2005-05-01T00:00,2.685,µg/m³,VOC,GC-MS
64401,EGBERT,Freon 12,2005-05-04T00:00,2.601,µg/m³,VOC,GC-MS
64401,EGBERT,Freon 12,2005-05-07T00:00,2.670,µg/m³,VOC,GC-MS
64401,EGBERT,Freon 12,2005-05-10T00:00,2.827,µg/m³,VOC,GC-MS
64401,EGBERT,Freon 12,2005-05-13T00:00,2.792,µg/m³,VOC,GC-MS
64401,EGBERT,Freon 12,2005-05-16T00:00,2.904,µg/m³,VOC,GC-MS
64401,EGBERT,Freon 12,2005-05-19T00:00,2.785,µg/m³,VOC,GC-MS
64401,EGBERT,Freon 12,2005-05-22T00:00,2.832,µg/m³,VOC,GC-MS
64401,EGBERT,Freon 12,2005-05-25T00:00,3.116,µg/m³,VOC,GC-MS
64401,EGBERT,Freon 12,2005-05-28T00:00,3.161,µg/m³,VOC,GC-MS
64401,EGBERT,Freon 12,2005-05-31T00:00,4.798,µg/m³,VOC,GC-MS
64401,EGBERT,Freon 12,2005-06-06T00:00,3.054,µg/m³,VOC,GC-MS
64401,EGBERT,Freon 12,2005-06-12T00:00,2.908,µg/m³,VOC,GC-MS
64401,EGBERT,Freon 12,2005-06-15T00:00,2.865,µg/m³,VOC,GC-MS
64401,EGBERT,Freon 12,2005-06-18T00:00,2.769,µg/m³,VOC,GC-MS
64401,EGBERT,Freon 12,2005-06-21T00:00,2.834,µg/m³,VOC,GC-MS
64401,EGBERT,Freon 12,2005-06-24T00:00,2.658,µg/m³,VOC,GC-MS
64401,EGBERT,Freon 12,2005-06-30T00:00,3.275,µg/m³,VOC,GC-MS
64401,EGBERT,Freon 12,2005-07-03T00:00,3.006,µg/m³,VOC,GC-MS
64401,EGBERT,Freon 12,2005-07-06T00:00,3.037,µg/m³,VOC,GC-MS
64401,EGBERT,Freon 12,2005-07-09T00:00,3.180,µg/m³,VOC,GC-MS
64401,EGBERT,Freon 12,2005-07-12T00:00,3.038,µg/m³,VOC,GC-MS
64401,EGBERT,Freon 12,2005-07-15T00:00,3.383,µg/m³,VOC,GC-MS
64401,EGBERT,Freon 12,2005-07-18T00:00,3.143,µg/m³,VOC,GC-MS
64401,EGBERT,Freon 12,2005-07-21T00:00,3.209,µg/m³,VOC,GC-MS
64401,EGBERT,Freon 12,2005-07-24T00:00,2.903,µg/m³,VOC,GC-MS
64401,EGBERT,Freon 12,2005-07-27T00:00,3.138,µg/m³,VOC,GC-MS
64401,EGBERT,Freon 12,2005-07-30T00:00,3.087,µg/m³,VOC,GC-MS
64401,EGBERT,Freon 12,2005-08-02T00:00,2.657,µg/m³,VOC,GC-MS
64401,EGBERT,Freon 12,2005-08-05T00:00,2.533,µg/m³,VOC,GC-MS
64401,EGBERT,Freon 12,2005-08-08T00:00,2.645,µg/m³,VOC,GC-MS
64401,EGBERT,Freon 12,2005-08-11T00:00,2.630,µg/m³,VOC,GC-MS
64401,EGBERT,Freon 12,2005-08-14T00:00,2.657,µg/m³,VOC,GC-MS
64401,EGBERT,Freon 12,2005-08-17T00:00,3.358,µg/m³,VOC,GC-MS
64401,EGBERT,Freon 12,2005-08-20T00:00,2.589,µg/m³,VOC,GC-MS
64401,EGBERT,Freon 12,2005-08-23T00:00,2.547,µg/m³,VOC,GC-MS
64401,EGBERT,Freon 12,2005-08-26T00:00,2.709,µg/m³,VOC,GC-MS
64401,EGBERT,Freon 12,2005-08-29T00:00,2.643,µg/m³,VOC,GC-MS
64401,EGBERT,Freon 12,2005-09-01T00:00,2.623,µg/m³,VOC,GC-MS
64401,EGBERT,Freon 12,2005-09-04T00:00,2.656,µg/m³,VOC,GC-MS
64401,EGBERT,Freon 12,2005-09-10T00:00,2.721,µg/m³,VOC,GC-MS
64401,EGBERT,Freon 12,2005-09-13T00:00,3.030,µg/m³,VOC,GC-MS
64401,EGBERT,Freon 12,2005-09-16T00:00,3.015,µg/m³,VOC,GC-MS
64401,EGBERT,Freon 12,2005-09-19T00:00,2.934,µg/m³,VOC,GC-MS
64401,EGBERT,Freon 12,2005-09-22T00:00,2.711,µg/m³,VOC,GC-MS
64401,EGBERT,Freon 12,2005-09-25T00:00,3.027,µg/m³,VOC,GC-MS
64401,EGBERT,Freon 12,2005-09-28T00:00,3.005,µg/m³,VOC,GC-MS
64401,EGBERT,Freon 12,2005-10-01T00:00,2.882,µg/m³,VOC,GC-MS
64401,EGBERT,Freon 12,2005-10-04T00:00,2.686,µg/m³,VOC,GC-MS
64401,EGBERT,Freon 12,2005-10-07T00:00,2.786,µg/m³,VOC,GC-MS
64401,EGBERT,Freon 12,2005-10-10T00:00,2.616,µg/m³,VOC,GC-MS
64401,EGBERT,Freon 12,2005-10-13T00:00,2.672,µg/m³,VOC,GC-MS
64401,EGBERT,Freon 12,2005-10-16T00:00,2.704,µg/m³,VOC,GC-MS
64401,EGBERT,Freon 12,2005-10-19T00:00,2.652,µg/m³,VOC,GC-MS
64401,EGBERT,Freon 12,2005-10-22T00:00,2.675,µg/m³,VOC,GC-MS
64401,EGBERT,Freon 12,2005-10-25T00:00,2.771,µg/m³,VOC,GC-MS
64401,EGBERT,Freon 12,2005-10-28T00:00,2.682,µg/m³,VOC,GC-MS
64401,EGBERT,Freon 12,2005-10-31T00:00,2.756,µg/m³,VOC,GC-MS
64401,EGBERT,Freon 12,2005-11-03T00:00,2.831,µg/m³,VOC,GC-MS
64401,EGBERT,Freon 12,2005-11-06T00:00,2.805,µg/m³,VOC,GC-MS
64401,EGBERT,Freon 12,2005-11-09T00:00,2.815,µg/m³,VOC,GC-MS
64401,EGBERT,Freon 12,2005-11-12T00:00,2.960,µg/m³,VOC,GC-MS
64401,EGBERT,Freon 12,2005-11-15T00:00,2.849,µg/m³,VOC,GC-MS
64401,EGBERT,Freon 12,2005-11-18T00:00,2.902,µg/m³,VOC,GC-MS
64401,EGBERT,Freon 12,2005-11-21T00:00,2.717,µg/m³,VOC,GC-MS
64401,EGBERT,Freon 12,2005-11-24T00:00,2.646,µg/m³,VOC,GC-MS
64401,EGBERT,Freon 12,2005-11-30T00:00,3.069,µg/m³,VOC,GC-MS
64401,EGBERT,Freon 12,2005-12-03T00:00,2.746,µg/m³,VOC,GC-MS
64401,EGBERT,Freon 12,2005-12-06T00:00,2.714,µg/m³,VOC,GC-MS
64401,EGBERT,Freon 12,2005-12-09T00:00,2.679,µg/m³,VOC,GC-MS
64401,EGBERT,Freon 12,2005-12-15T00:00,2.603,µg/m³,VOC,GC-MS
64401,EGBERT,Freon 12,2005-12-18T00:00,2.692,µg/m³,VOC,GC-MS
64401,EGBERT,Freon 12,2005-12-21T00:00,3.431,µg/m³,VOC,GC-MS
64401,EGBERT,Freon 12,2005-12-24T00:00,2.692,µg/m³,VOC,GC-MS
64401,EGBERT,Freon 12,2005-12-27T00:00,2.798,µg/m³,VOC,GC-MS
64401,EGBERT,Freon 12,2005-12-30T00:00,2.728,µg/m³,VOC,GC-MS
