﻿NAPS_Site_ID,Station_Name,Pollutant,Date,Value,Units,Report_Type,Method
40501,PT LEPREAU - CHARLOTTE COUNTY,Freon 114,2009-10-10T00:00,0.113,µg/m³,VOC,N/A
40501,PT LEPREAU - CHARLOTTE COUNTY,Freon 114,2009-10-13T00:00,0.113,µg/m³,VOC,N/A
40501,PT LEPREAU - CHARLOTTE COUNTY,Freon 114,2009-10-16T00:00,0.115,µg/m³,VOC,N/A
40501,PT LEPREAU - CHARLOTTE COUNTY,Freon 114,2009-10-19T00:00,0.112,µg/m³,VOC,N/A
40501,PT LEPREAU - CHARLOTTE COUNTY,Freon 114,2009-10-22T00:00,0.114,µg/m³,VOC,N/A
40501,PT LEPREAU - CHARLOTTE COUNTY,Freon 114,2009-10-25T00:00,0.113,µg/m³,VOC,N/A
40501,PT LEPREAU - CHARLOTTE COUNTY,Freon 114,2009-10-28T00:00,0.107,µg/m³,VOC,N/A
40501,PT LEPREAU - CHARLOTTE COUNTY,Freon 114,2009-10-31T00:00,0.109,µg/m³,VOC,N/A
40501,PT LEPREAU - CHARLOTTE COUNTY,Freon 114,2009-11-03T00:00,0.105,µg/m³,VOC,N/A
40501,PT LEPREAU - CHARLOTTE COUNTY,Freon 114,2009-11-06T00:00,0.111,µg/m³,VOC,N/A
40501,PT LEPREAU - CHARLOTTE COUNTY,Freon 114,2009-11-09T00:00,0.107,µg/m³,VOC,N/A
40501,PT LEPREAU - CHARLOTTE COUNTY,Freon 114,2009-11-12T00:00,0.104,µg/m³,VOC,N/A
40501,PT LEPREAU - CHARLOTTE COUNTY,Freon 114,2009-11-15T00:00,0.107,µg/m³,VOC,N/A
40501,PT LEPREAU - CHARLOTTE COUNTY,Freon 114,2009-11-21T00:00,0.108,µg/m³,VOC,N/A
40501,PT LEPREAU - CHARLOTTE COUNTY,Freon 114,2009-11-24T00:00,0.111,µg/m³,VOC,N/A
40501,PT LEPREAU - CHARLOTTE COUNTY,Freon 114,2009-11-30T00:00,0.112,µg/m³,VOC,N/A
40501,PT LEPREAU - CHARLOTTE COUNTY,Freon 114,2009-12-03T00:00,0.112,µg/m³,VOC,N/A
40501,PT LEPREAU - CHARLOTTE COUNTY,Freon 114,2009-12-06T00:00,0.113,µg/m³,VOC,N/A
40501,PT LEPREAU - CHARLOTTE COUNTY,Freon 114,2009-12-09T00:00,0.118,µg/m³,VOC,N/A
40501,PT LEPREAU - CHARLOTTE COUNTY,Freon 114,2009-12-12T00:00,0.117,µg/m³,VOC,N/A
40501,PT LEPREAU - CHARLOTTE COUNTY,Freon 114,2009-12-15T00:00,0.116,µg/m³,VOC,N/A
40501,PT LEPREAU - CHARLOTTE COUNTY,Freon 114,2009-12-18T00:00,0.116,µg/m³,VOC,N/A
40501,PT LEPREAU - CHARLOTTE COUNTY,Freon 114,2009-12-21T00:00,0.121,µg/m³,VOC,N/A
40501,PT LEPREAU - CHARLOTTE COUNTY,Freon 114,2009-12-27T00:00,0.119,µg/m³,VOC,N/A
40501,PT LEPREAU - CHARLOTTE COUNTY,Freon 114,2009-12-30T00:00,0.124,µg/m³,VOC,N/A
