﻿NAPS_Site_ID,Station_Name,Pollutant,Date,Value,Units,Report_Type,Method
30501,KEJIMKUJIK NATIONAL PARK,Nickel,1998-06-04T00:00,0.000,µg/m³,DICHOT,
30501,KEJIMKUJIK NATIONAL PARK,Nickel,1998-06-04T00:00,0.000,µg/m³,DICHOT,
30501,KEJIMKUJIK NATIONAL PARK,Nickel,1998-06-28T00:00,0.000,µg/m³,DICHOT,
30501,KEJIMKUJIK NATIONAL PARK,Nickel,1998-06-28T00:00,0.000,µg/m³,DICHOT,
30501,KEJIMKUJIK NATIONAL PARK,Nickel,1998-07-10T00:00,0.000,µg/m³,DICHOT,
30501,KEJIMKUJIK NATIONAL PARK,Nickel,1998-07-10T00:00,0.000,µg/m³,DICHOT,
30501,KEJIMKUJIK NATIONAL PARK,Nickel,1998-07-28T00:00,0.000,µg/m³,DICHOT,
30501,KEJIMKUJIK NATIONAL PARK,Nickel,1998-07-28T00:00,0.000,µg/m³,DICHOT,
30501,KEJIMKUJIK NATIONAL PARK,Nickel,1998-08-09T00:00,0.000,µg/m³,DICHOT,
30501,KEJIMKUJIK NATIONAL PARK,Nickel,1998-08-09T00:00,0.000,µg/m³,DICHOT,
30501,KEJIMKUJIK NATIONAL PARK,Nickel,1998-08-15T00:00,0.000,µg/m³,DICHOT,
30501,KEJIMKUJIK NATIONAL PARK,Nickel,1998-08-15T00:00,0.000,µg/m³,DICHOT,
30501,KEJIMKUJIK NATIONAL PARK,Nickel,1998-08-21T00:00,0.000,µg/m³,DICHOT,
30501,KEJIMKUJIK NATIONAL PARK,Nickel,1998-08-21T00:00,0.000,µg/m³,DICHOT,
30501,KEJIMKUJIK NATIONAL PARK,Nickel,1998-08-27T00:00,0.000,µg/m³,DICHOT,
30501,KEJIMKUJIK NATIONAL PARK,Nickel,1998-08-27T00:00,0.000,µg/m³,DICHOT,
30501,KEJIMKUJIK NATIONAL PARK,Nickel,1998-09-02T00:00,0.000,µg/m³,DICHOT,
30501,KEJIMKUJIK NATIONAL PARK,Nickel,1998-09-02T00:00,0.000,µg/m³,DICHOT,
30501,KEJIMKUJIK NATIONAL PARK,Nickel,1998-09-08T00:00,0.000,µg/m³,DICHOT,
30501,KEJIMKUJIK NATIONAL PARK,Nickel,1998-09-08T00:00,0.000,µg/m³,DICHOT,
30501,KEJIMKUJIK NATIONAL PARK,Nickel,1998-09-14T00:00,0.000,µg/m³,DICHOT,
30501,KEJIMKUJIK NATIONAL PARK,Nickel,1998-09-14T00:00,0.002,µg/m³,DICHOT,
30501,KEJIMKUJIK NATIONAL PARK,Nickel,1998-09-20T00:00,0.000,µg/m³,DICHOT,
30501,KEJIMKUJIK NATIONAL PARK,Nickel,1998-09-20T00:00,0.000,µg/m³,DICHOT,
30501,KEJIMKUJIK NATIONAL PARK,Nickel,1998-09-26T00:00,0.000,µg/m³,DICHOT,
30501,KEJIMKUJIK NATIONAL PARK,Nickel,1998-09-26T00:00,0.000,µg/m³,DICHOT,
30501,KEJIMKUJIK NATIONAL PARK,Nickel,1998-10-02T00:00,0.000,µg/m³,DICHOT,
30501,KEJIMKUJIK NATIONAL PARK,Nickel,1998-10-02T00:00,0.000,µg/m³,DICHOT,
30501,KEJIMKUJIK NATIONAL PARK,Nickel,1998-10-08T00:00,0.000,µg/m³,DICHOT,
30501,KEJIMKUJIK NATIONAL PARK,Nickel,1998-10-08T00:00,0.000,µg/m³,DICHOT,
30501,KEJIMKUJIK NATIONAL PARK,Nickel,1998-10-14T00:00,0.000,µg/m³,DICHOT,
30501,KEJIMKUJIK NATIONAL PARK,Nickel,1998-10-14T00:00,0.000,µg/m³,DICHOT,
30501,KEJIMKUJIK NATIONAL PARK,Nickel,1998-10-20T00:00,0.000,µg/m³,DICHOT,
30501,KEJIMKUJIK NATIONAL PARK,Nickel,1998-10-20T00:00,0.000,µg/m³,DICHOT,
30501,KEJIMKUJIK NATIONAL PARK,Nickel,1998-10-26T00:00,0.000,µg/m³,DICHOT,
30501,KEJIMKUJIK NATIONAL PARK,Nickel,1998-10-26T00:00,0.000,µg/m³,DICHOT,
30501,KEJIMKUJIK NATIONAL PARK,Nickel,1998-11-01T00:00,0.000,µg/m³,DICHOT,
30501,KEJIMKUJIK NATIONAL PARK,Nickel,1998-11-01T00:00,0.002,µg/m³,DICHOT,
30501,KEJIMKUJIK NATIONAL PARK,Nickel,1998-11-13T00:00,0.000,µg/m³,DICHOT,
30501,KEJIMKUJIK NATIONAL PARK,Nickel,1998-11-13T00:00,0.000,µg/m³,DICHOT,
30501,KEJIMKUJIK NATIONAL PARK,Nickel,1998-11-19T00:00,0.000,µg/m³,DICHOT,
30501,KEJIMKUJIK NATIONAL PARK,Nickel,1998-11-19T00:00,0.000,µg/m³,DICHOT,
30501,KEJIMKUJIK NATIONAL PARK,Nickel,1998-11-25T00:00,0.000,µg/m³,DICHOT,
30501,KEJIMKUJIK NATIONAL PARK,Nickel,1998-11-25T00:00,0.000,µg/m³,DICHOT,
30501,KEJIMKUJIK NATIONAL PARK,Nickel,1998-12-01T00:00,0.000,µg/m³,DICHOT,
30501,KEJIMKUJIK NATIONAL PARK,Nickel,1998-12-01T00:00,0.001,µg/m³,DICHOT,
30501,KEJIMKUJIK NATIONAL PARK,Nickel,1998-12-07T00:00,0.000,µg/m³,DICHOT,
30501,KEJIMKUJIK NATIONAL PARK,Nickel,1998-12-07T00:00,0.002,µg/m³,DICHOT,
30501,KEJIMKUJIK NATIONAL PARK,Nickel,1998-12-13T00:00,0.000,µg/m³,DICHOT,
30501,KEJIMKUJIK NATIONAL PARK,Nickel,1998-12-13T00:00,0.001,µg/m³,DICHOT,
30501,KEJIMKUJIK NATIONAL PARK,Nickel,1998-12-19T00:00,0.000,µg/m³,DICHOT,
30501,KEJIMKUJIK NATIONAL PARK,Nickel,1998-12-19T00:00,0.000,µg/m³,DICHOT,
30501,KEJIMKUJIK NATIONAL PARK,Nickel,1998-12-25T00:00,0.000,µg/m³,DICHOT,
30501,KEJIMKUJIK NATIONAL PARK,Nickel,1998-12-25T00:00,0.000,µg/m³,DICHOT,
30501,KEJIMKUJIK NATIONAL PARK,Nickel,1998-12-31T00:00,0.000,µg/m³,DICHOT,
30501,KEJIMKUJIK NATIONAL PARK,Nickel,1998-12-31T00:00,0.000,µg/m³,DICHOT,
