﻿NAPS_Site_ID,Station_Name,Pollutant,Date,Value,Units,Report_Type,Method
61007,AAMJIWNAANG,Chloroethane,2010-01-02T00:00,0.019,µg/m³,VOC,N/A
61007,AAMJIWNAANG,Chloroethane,2010-01-14T00:00,0.017,µg/m³,VOC,N/A
61007,AAMJIWNAANG,Chloroethane,2010-01-26T00:00,0.019,µg/m³,VOC,N/A
61007,AAMJIWNAANG,Chloroethane,2010-02-07T00:00,0.021,µg/m³,VOC,N/A
61007,AAMJIWNAANG,Chloroethane,2010-02-19T00:00,0.021,µg/m³,VOC,N/A
61007,AAMJIWNAANG,Chloroethane,2010-03-03T00:00,0.044,µg/m³,VOC,N/A
61007,AAMJIWNAANG,Chloroethane,2010-03-15T00:00,0.030,µg/m³,VOC,N/A
61007,AAMJIWNAANG,Chloroethane,2010-03-27T00:00,0.018,µg/m³,VOC,N/A
61007,AAMJIWNAANG,Chloroethane,2010-04-08T00:00,0.024,µg/m³,VOC,N/A
61007,AAMJIWNAANG,Chloroethane,2010-04-20T00:00,0.019,µg/m³,VOC,N/A
61007,AAMJIWNAANG,Chloroethane,2010-05-02T00:00,0.030,µg/m³,VOC,N/A
61007,AAMJIWNAANG,Chloroethane,2010-05-14T00:00,0.028,µg/m³,VOC,N/A
61007,AAMJIWNAANG,Chloroethane,2010-05-26T00:00,0.035,µg/m³,VOC,N/A
61007,AAMJIWNAANG,Chloroethane,2010-06-07T00:00,0.024,µg/m³,VOC,N/A
61007,AAMJIWNAANG,Chloroethane,2010-06-19T00:00,0.027,µg/m³,VOC,N/A
61007,AAMJIWNAANG,Chloroethane,2010-07-01T00:00,0.024,µg/m³,VOC,N/A
61007,AAMJIWNAANG,Chloroethane,2010-07-13T00:00,0.022,µg/m³,VOC,N/A
61007,AAMJIWNAANG,Chloroethane,2010-07-25T00:00,0.016,µg/m³,VOC,N/A
61007,AAMJIWNAANG,Chloroethane,2010-08-06T00:00,0.019,µg/m³,VOC,N/A
61007,AAMJIWNAANG,Chloroethane,2010-08-18T00:00,0.033,µg/m³,VOC,N/A
61007,AAMJIWNAANG,Chloroethane,2010-09-11T00:00,0.016,µg/m³,VOC,N/A
61007,AAMJIWNAANG,Chloroethane,2010-09-23T00:00,0.024,µg/m³,VOC,N/A
61007,AAMJIWNAANG,Chloroethane,2010-10-05T00:00,0.017,µg/m³,VOC,N/A
61007,AAMJIWNAANG,Chloroethane,2010-10-17T00:00,0.017,µg/m³,VOC,N/A
61007,AAMJIWNAANG,Chloroethane,2010-10-29T00:00,0.027,µg/m³,VOC,N/A
61007,AAMJIWNAANG,Chloroethane,2010-11-10T00:00,0.060,µg/m³,VOC,N/A
61007,AAMJIWNAANG,Chloroethane,2010-11-22T00:00,0.041,µg/m³,VOC,N/A
61007,AAMJIWNAANG,Chloroethane,2010-12-04T00:00,0.027,µg/m³,VOC,N/A
61007,AAMJIWNAANG,Chloroethane,2010-12-10T00:00,0.018,µg/m³,VOC,N/A
61007,AAMJIWNAANG,Chloroethane,2010-12-16T00:00,0.016,µg/m³,VOC,N/A
61007,AAMJIWNAANG,Chloroethane,2010-12-28T00:00,0.022,µg/m³,VOC,N/A
