﻿NAPS_Site_ID,Station_Name,Pollutant,Date,Value,Units,Report_Type,Method
101101,CHILLIWACK AIRPORT,o-Xylene,2013-01-28T00:00,0.081,µg/m³,VOC,GC-MS
101101,CHILLIWACK AIRPORT,o-Xylene,2013-02-09T00:00,0.199,µg/m³,VOC,GC-MS
101101,CHILLIWACK AIRPORT,o-Xylene,2013-03-05T00:00,0.037,µg/m³,VOC,GC-MS
101101,CHILLIWACK AIRPORT,o-Xylene,2013-03-11T00:00,0.204,µg/m³,VOC,GC-MS
101101,CHILLIWACK AIRPORT,o-Xylene,2013-03-17T00:00,0.049,µg/m³,VOC,GC-MS
101101,CHILLIWACK AIRPORT,o-Xylene,2013-04-10T00:00,0.074,µg/m³,VOC,GC-MS
101101,CHILLIWACK AIRPORT,o-Xylene,2013-04-22T00:00,0.061,µg/m³,VOC,GC-MS
101101,CHILLIWACK AIRPORT,o-Xylene,2013-05-04T00:00,0.159,µg/m³,VOC,GC-MS
101101,CHILLIWACK AIRPORT,o-Xylene,2013-05-16T00:00,0.092,µg/m³,VOC,GC-MS
101101,CHILLIWACK AIRPORT,o-Xylene,2013-05-28T00:00,0.426,µg/m³,VOC,GC-MS
101101,CHILLIWACK AIRPORT,o-Xylene,2013-06-09T00:00,1.292,µg/m³,VOC,GC-MS
101101,CHILLIWACK AIRPORT,o-Xylene,2013-06-21T00:00,0.165,µg/m³,VOC,GC-MS
101101,CHILLIWACK AIRPORT,o-Xylene,2013-07-15T00:00,0.196,µg/m³,VOC,GC-MS
101101,CHILLIWACK AIRPORT,o-Xylene,2013-07-27T00:00,0.128,µg/m³,VOC,GC-MS
101101,CHILLIWACK AIRPORT,o-Xylene,2013-08-08T00:00,0.210,µg/m³,VOC,GC-MS
101101,CHILLIWACK AIRPORT,o-Xylene,2013-08-20T00:00,0.266,µg/m³,VOC,GC-MS
101101,CHILLIWACK AIRPORT,o-Xylene,2013-09-01T00:00,0.704,µg/m³,VOC,GC-MS
101101,CHILLIWACK AIRPORT,o-Xylene,2013-09-13T00:00,0.237,µg/m³,VOC,GC-MS
101101,CHILLIWACK AIRPORT,o-Xylene,2013-10-07T00:00,2.827,µg/m³,VOC,GC-MS
101101,CHILLIWACK AIRPORT,o-Xylene,2013-10-31T00:00,0.378,µg/m³,VOC,GC-MS
101101,CHILLIWACK AIRPORT,o-Xylene,2013-11-12T00:00,0.280,µg/m³,VOC,GC-MS
101101,CHILLIWACK AIRPORT,o-Xylene,2013-11-24T00:00,0.089,µg/m³,VOC,GC-MS
101101,CHILLIWACK AIRPORT,o-Xylene,2013-12-06T00:00,0.049,µg/m³,VOC,GC-MS
101101,CHILLIWACK AIRPORT,o-Xylene,2013-12-18T00:00,0.134,µg/m³,VOC,GC-MS
101101,CHILLIWACK AIRPORT,o-Xylene,2013-12-30T00:00,0.230,µg/m³,VOC,GC-MS
