﻿NAPS_Site_ID,Station_Name,Pollutant,Date,Value,Units,Report_Type,Method
60903,LONDON AQI SITE _LONDON_ 900_HGHBURYAVE,cis-2-Pentene,2011-01-03T00:00,0.007,µg/m³,VOC,GC-MS
60903,LONDON AQI SITE _LONDON_ 900_HGHBURYAVE,cis-2-Pentene,2011-01-09T00:00,0.015,µg/m³,VOC,GC-MS
60903,LONDON AQI SITE _LONDON_ 900_HGHBURYAVE,cis-2-Pentene,2011-01-15T00:00,0.008,µg/m³,VOC,GC-MS
60903,LONDON AQI SITE _LONDON_ 900_HGHBURYAVE,cis-2-Pentene,2011-01-27T00:00,0.009,µg/m³,VOC,GC-MS
60903,LONDON AQI SITE _LONDON_ 900_HGHBURYAVE,cis-2-Pentene,2011-02-02T00:00,0.013,µg/m³,VOC,GC-MS
60903,LONDON AQI SITE _LONDON_ 900_HGHBURYAVE,cis-2-Pentene,2011-02-08T00:00,0.007,µg/m³,VOC,GC-MS
60903,LONDON AQI SITE _LONDON_ 900_HGHBURYAVE,cis-2-Pentene,2011-02-14T00:00,0.006,µg/m³,VOC,GC-MS
60903,LONDON AQI SITE _LONDON_ 900_HGHBURYAVE,cis-2-Pentene,2011-02-20T00:00,0.011,µg/m³,VOC,GC-MS
60903,LONDON AQI SITE _LONDON_ 900_HGHBURYAVE,cis-2-Pentene,2011-02-26T00:00,0.011,µg/m³,VOC,GC-MS
60903,LONDON AQI SITE _LONDON_ 900_HGHBURYAVE,cis-2-Pentene,2011-03-04T00:00,0.011,µg/m³,VOC,GC-MS
60903,LONDON AQI SITE _LONDON_ 900_HGHBURYAVE,cis-2-Pentene,2011-03-10T00:00,0.009,µg/m³,VOC,GC-MS
60903,LONDON AQI SITE _LONDON_ 900_HGHBURYAVE,cis-2-Pentene,2011-03-16T00:00,0.010,µg/m³,VOC,GC-MS
60903,LONDON AQI SITE _LONDON_ 900_HGHBURYAVE,cis-2-Pentene,2011-03-22T00:00,0.015,µg/m³,VOC,GC-MS
60903,LONDON AQI SITE _LONDON_ 900_HGHBURYAVE,cis-2-Pentene,2011-03-28T00:00,0.011,µg/m³,VOC,GC-MS
