﻿NAPS_Site_ID,Station_Name,Pollutant,Date,Value,Units,Report_Type,Method
40203,FOREST HILLS,2-Ethyl-1-Butene,1995-01-15T00:00,0.215,µg/m³,VOC,GC-MS
40203,FOREST HILLS,2-Ethyl-1-Butene,1995-01-21T00:00,0.012,µg/m³,VOC,GC-MS
40203,FOREST HILLS,2-Ethyl-1-Butene,1995-01-27T00:00,0.000,µg/m³,VOC,GC-MS
40203,FOREST HILLS,2-Ethyl-1-Butene,1995-03-10T00:00,0.000,µg/m³,VOC,GC-MS
40203,FOREST HILLS,2-Ethyl-1-Butene,1995-03-16T00:00,0.000,µg/m³,VOC,GC-MS
40203,FOREST HILLS,2-Ethyl-1-Butene,1995-03-22T00:00,0.271,µg/m³,VOC,GC-MS
40203,FOREST HILLS,2-Ethyl-1-Butene,1995-03-28T00:00,0.000,µg/m³,VOC,GC-MS
40203,FOREST HILLS,2-Ethyl-1-Butene,1995-04-03T00:00,0.014,µg/m³,VOC,GC-MS
40203,FOREST HILLS,2-Ethyl-1-Butene,1995-04-09T00:00,0.692,µg/m³,VOC,GC-MS
40203,FOREST HILLS,2-Ethyl-1-Butene,1995-04-15T00:00,0.019,µg/m³,VOC,GC-MS
40203,FOREST HILLS,2-Ethyl-1-Butene,1995-04-21T00:00,0.031,µg/m³,VOC,GC-MS
