﻿NAPS_Site_ID,Station_Name,Pollutant,Date,Value,Units,Report_Type,Method
90227,CALGARY CENTRAL,Iron,2006-01-05T00:00,0.177,µg/m³,PM2.5,N/A
90227,CALGARY CENTRAL,Iron,2006-01-11T00:00,0.072,µg/m³,PM2.5,N/A
90227,CALGARY CENTRAL,Iron,2006-01-17T00:00,0.106,µg/m³,PM2.5,N/A
90227,CALGARY CENTRAL,Iron,2006-01-23T00:00,0.041,µg/m³,PM2.5,N/A
90227,CALGARY CENTRAL,Iron,2006-01-29T00:00,0.032,µg/m³,PM2.5,N/A
90227,CALGARY CENTRAL,Iron,2006-02-04T00:00,0.032,µg/m³,PM2.5,N/A
90227,CALGARY CENTRAL,Iron,2006-02-10T00:00,0.063,µg/m³,PM2.5,N/A
90227,CALGARY CENTRAL,Iron,2006-02-16T00:00,0.033,µg/m³,PM2.5,N/A
90227,CALGARY CENTRAL,Iron,2006-02-22T00:00,0.026,µg/m³,PM2.5,N/A
90227,CALGARY CENTRAL,Iron,2006-02-28T00:00,0.034,µg/m³,PM2.5,N/A
90227,CALGARY CENTRAL,Iron,2006-03-06T00:00,0.126,µg/m³,PM2.5,N/A
90227,CALGARY CENTRAL,Iron,2006-03-12T00:00,0.013,µg/m³,PM2.5,N/A
90227,CALGARY CENTRAL,Iron,2006-03-18T00:00,0.019,µg/m³,PM2.5,N/A
90227,CALGARY CENTRAL,Iron,2006-03-24T00:00,0.090,µg/m³,PM2.5,N/A
90227,CALGARY CENTRAL,Iron,2006-03-30T00:00,0.088,µg/m³,PM2.5,N/A
90227,CALGARY CENTRAL,Iron,2006-04-05T00:00,0.048,µg/m³,PM2.5,N/A
90227,CALGARY CENTRAL,Iron,2006-04-17T00:00,0.057,µg/m³,PM2.5,N/A
90227,CALGARY CENTRAL,Iron,2006-04-23T00:00,0.031,µg/m³,PM2.5,N/A
90227,CALGARY CENTRAL,Iron,2006-04-29T00:00,0.098,µg/m³,PM2.5,N/A
90227,CALGARY CENTRAL,Iron,2006-05-05T00:00,0.084,µg/m³,PM2.5,N/A
90227,CALGARY CENTRAL,Iron,2006-05-11T00:00,0.102,µg/m³,PM2.5,N/A
90227,CALGARY CENTRAL,Iron,2006-05-17T00:00,0.174,µg/m³,PM2.5,N/A
90227,CALGARY CENTRAL,Iron,2006-05-23T00:00,0.075,µg/m³,PM2.5,N/A
90227,CALGARY CENTRAL,Iron,2006-05-29T00:00,0.049,µg/m³,PM2.5,N/A
90227,CALGARY CENTRAL,Iron,2006-06-10T00:00,0.025,µg/m³,PM2.5,N/A
90227,CALGARY CENTRAL,Iron,2006-06-16T00:00,0.032,µg/m³,PM2.5,N/A
90227,CALGARY CENTRAL,Iron,2006-06-22T00:00,0.022,µg/m³,PM2.5,N/A
90227,CALGARY CENTRAL,Iron,2006-06-28T00:00,0.149,µg/m³,PM2.5,N/A
90227,CALGARY CENTRAL,Iron,2006-07-04T00:00,0.093,µg/m³,PM2.5,N/A
90227,CALGARY CENTRAL,Iron,2006-07-10T00:00,0.043,µg/m³,PM2.5,N/A
90227,CALGARY CENTRAL,Iron,2006-07-16T00:00,0.039,µg/m³,PM2.5,N/A
90227,CALGARY CENTRAL,Iron,2006-07-22T00:00,0.129,µg/m³,PM2.5,N/A
90227,CALGARY CENTRAL,Iron,2006-07-28T00:00,0.065,µg/m³,PM2.5,N/A
90227,CALGARY CENTRAL,Iron,2006-08-03T00:00,0.061,µg/m³,PM2.5,N/A
90227,CALGARY CENTRAL,Iron,2006-08-09T00:00,0.075,µg/m³,PM2.5,N/A
90227,CALGARY CENTRAL,Iron,2006-08-15T00:00,0.056,µg/m³,PM2.5,N/A
90227,CALGARY CENTRAL,Iron,2006-08-27T00:00,0.062,µg/m³,PM2.5,N/A
90227,CALGARY CENTRAL,Iron,2006-09-02T00:00,0.091,µg/m³,PM2.5,N/A
90227,CALGARY CENTRAL,Iron,2006-09-08T00:00,0.260,µg/m³,PM2.5,N/A
90227,CALGARY CENTRAL,Iron,2006-09-14T00:00,0.069,µg/m³,PM2.5,N/A
90227,CALGARY CENTRAL,Iron,2006-09-20T00:00,0.043,µg/m³,PM2.5,N/A
90227,CALGARY CENTRAL,Iron,2006-09-26T00:00,0.025,µg/m³,PM2.5,N/A
90227,CALGARY CENTRAL,Iron,2006-10-08T00:00,0.049,µg/m³,PM2.5,N/A
90227,CALGARY CENTRAL,Iron,2006-10-14T00:00,0.105,µg/m³,PM2.5,N/A
