﻿NAPS_Site_ID,Station_Name,Pollutant,Date,Value,Units,Report_Type,Method
63201,HWY 47 & HWY 48 _YORK_REGION_,"1,2,4-Trimethylbenzene",1992-01-01T00:00,0.316,µg/m³,VOC,N/A
63201,HWY 47 & HWY 48 _YORK_REGION_,"1,2,4-Trimethylbenzene",1992-01-07T00:00,0.245,µg/m³,VOC,N/A
63201,HWY 47 & HWY 48 _YORK_REGION_,"1,2,4-Trimethylbenzene",1992-01-13T00:00,1.558,µg/m³,VOC,N/A
63201,HWY 47 & HWY 48 _YORK_REGION_,"1,2,4-Trimethylbenzene",1992-01-19T00:00,0.173,µg/m³,VOC,N/A
63201,HWY 47 & HWY 48 _YORK_REGION_,"1,2,4-Trimethylbenzene",1992-01-25T00:00,0.198,µg/m³,VOC,N/A
63201,HWY 47 & HWY 48 _YORK_REGION_,"1,2,4-Trimethylbenzene",1992-01-31T00:00,0.159,µg/m³,VOC,N/A
63201,HWY 47 & HWY 48 _YORK_REGION_,"1,2,4-Trimethylbenzene",1992-02-06T00:00,0.293,µg/m³,VOC,N/A
63201,HWY 47 & HWY 48 _YORK_REGION_,"1,2,4-Trimethylbenzene",1992-02-12T00:00,0.896,µg/m³,VOC,N/A
63201,HWY 47 & HWY 48 _YORK_REGION_,"1,2,4-Trimethylbenzene",1992-02-18T00:00,1.047,µg/m³,VOC,N/A
63201,HWY 47 & HWY 48 _YORK_REGION_,"1,2,4-Trimethylbenzene",1992-02-24T00:00,0.371,µg/m³,VOC,N/A
63201,HWY 47 & HWY 48 _YORK_REGION_,"1,2,4-Trimethylbenzene",1992-03-01T00:00,0.486,µg/m³,VOC,N/A
63201,HWY 47 & HWY 48 _YORK_REGION_,"1,2,4-Trimethylbenzene",1992-03-07T00:00,1.061,µg/m³,VOC,N/A
63201,HWY 47 & HWY 48 _YORK_REGION_,"1,2,4-Trimethylbenzene",1992-03-13T00:00,0.446,µg/m³,VOC,N/A
63201,HWY 47 & HWY 48 _YORK_REGION_,"1,2,4-Trimethylbenzene",1992-03-19T00:00,0.353,µg/m³,VOC,N/A
63201,HWY 47 & HWY 48 _YORK_REGION_,"1,2,4-Trimethylbenzene",1992-03-25T00:00,0.813,µg/m³,VOC,N/A
63201,HWY 47 & HWY 48 _YORK_REGION_,"1,2,4-Trimethylbenzene",1992-03-31T00:00,10.535,µg/m³,VOC,N/A
63201,HWY 47 & HWY 48 _YORK_REGION_,"1,2,4-Trimethylbenzene",1992-04-06T00:00,1.650,µg/m³,VOC,N/A
63201,HWY 47 & HWY 48 _YORK_REGION_,"1,2,4-Trimethylbenzene",1992-04-12T00:00,0.359,µg/m³,VOC,N/A
63201,HWY 47 & HWY 48 _YORK_REGION_,"1,2,4-Trimethylbenzene",1992-04-18T00:00,0.605,µg/m³,VOC,N/A
63201,HWY 47 & HWY 48 _YORK_REGION_,"1,2,4-Trimethylbenzene",1992-04-24T00:00,2.539,µg/m³,VOC,N/A
63201,HWY 47 & HWY 48 _YORK_REGION_,"1,2,4-Trimethylbenzene",1992-04-30T00:00,0.000,µg/m³,VOC,N/A
63201,HWY 47 & HWY 48 _YORK_REGION_,"1,2,4-Trimethylbenzene",1992-05-06T00:00,0.349,µg/m³,VOC,N/A
63201,HWY 47 & HWY 48 _YORK_REGION_,"1,2,4-Trimethylbenzene",1992-05-12T00:00,0.000,µg/m³,VOC,N/A
63201,HWY 47 & HWY 48 _YORK_REGION_,"1,2,4-Trimethylbenzene",1992-05-18T00:00,0.220,µg/m³,VOC,N/A
63201,HWY 47 & HWY 48 _YORK_REGION_,"1,2,4-Trimethylbenzene",1992-05-30T00:00,0.172,µg/m³,VOC,N/A
63201,HWY 47 & HWY 48 _YORK_REGION_,"1,2,4-Trimethylbenzene",1992-06-05T00:00,0.865,µg/m³,VOC,N/A
63201,HWY 47 & HWY 48 _YORK_REGION_,"1,2,4-Trimethylbenzene",1992-06-11T00:00,0.576,µg/m³,VOC,N/A
63201,HWY 47 & HWY 48 _YORK_REGION_,"1,2,4-Trimethylbenzene",1992-06-17T00:00,0.184,µg/m³,VOC,N/A
63201,HWY 47 & HWY 48 _YORK_REGION_,"1,2,4-Trimethylbenzene",1992-06-29T00:00,0.693,µg/m³,VOC,N/A
63201,HWY 47 & HWY 48 _YORK_REGION_,"1,2,4-Trimethylbenzene",1992-07-11T00:00,0.108,µg/m³,VOC,N/A
63201,HWY 47 & HWY 48 _YORK_REGION_,"1,2,4-Trimethylbenzene",1992-07-17T00:00,0.447,µg/m³,VOC,N/A
63201,HWY 47 & HWY 48 _YORK_REGION_,"1,2,4-Trimethylbenzene",1992-07-23T00:00,0.218,µg/m³,VOC,N/A
63201,HWY 47 & HWY 48 _YORK_REGION_,"1,2,4-Trimethylbenzene",1992-07-29T00:00,0.363,µg/m³,VOC,N/A
63201,HWY 47 & HWY 48 _YORK_REGION_,"1,2,4-Trimethylbenzene",1992-08-16T00:00,0.189,µg/m³,VOC,N/A
63201,HWY 47 & HWY 48 _YORK_REGION_,"1,2,4-Trimethylbenzene",1992-08-22T00:00,0.480,µg/m³,VOC,N/A
63201,HWY 47 & HWY 48 _YORK_REGION_,"1,2,4-Trimethylbenzene",1992-08-28T00:00,0.253,µg/m³,VOC,N/A
63201,HWY 47 & HWY 48 _YORK_REGION_,"1,2,4-Trimethylbenzene",1992-09-03T00:00,0.550,µg/m³,VOC,N/A
63201,HWY 47 & HWY 48 _YORK_REGION_,"1,2,4-Trimethylbenzene",1992-09-09T00:00,0.393,µg/m³,VOC,N/A
63201,HWY 47 & HWY 48 _YORK_REGION_,"1,2,4-Trimethylbenzene",1992-09-15T00:00,0.985,µg/m³,VOC,N/A
63201,HWY 47 & HWY 48 _YORK_REGION_,"1,2,4-Trimethylbenzene",1992-09-21T00:00,0.391,µg/m³,VOC,N/A
63201,HWY 47 & HWY 48 _YORK_REGION_,"1,2,4-Trimethylbenzene",1992-09-27T00:00,0.183,µg/m³,VOC,N/A
63201,HWY 47 & HWY 48 _YORK_REGION_,"1,2,4-Trimethylbenzene",1992-10-03T00:00,0.341,µg/m³,VOC,N/A
63201,HWY 47 & HWY 48 _YORK_REGION_,"1,2,4-Trimethylbenzene",1992-10-09T00:00,0.214,µg/m³,VOC,N/A
63201,HWY 47 & HWY 48 _YORK_REGION_,"1,2,4-Trimethylbenzene",1992-10-15T00:00,0.270,µg/m³,VOC,N/A
63201,HWY 47 & HWY 48 _YORK_REGION_,"1,2,4-Trimethylbenzene",1992-10-21T00:00,0.467,µg/m³,VOC,N/A
63201,HWY 47 & HWY 48 _YORK_REGION_,"1,2,4-Trimethylbenzene",1992-10-27T00:00,0.518,µg/m³,VOC,N/A
63201,HWY 47 & HWY 48 _YORK_REGION_,"1,2,4-Trimethylbenzene",1992-11-02T00:00,0.106,µg/m³,VOC,N/A
63201,HWY 47 & HWY 48 _YORK_REGION_,"1,2,4-Trimethylbenzene",1992-11-08T00:00,0.115,µg/m³,VOC,N/A
63201,HWY 47 & HWY 48 _YORK_REGION_,"1,2,4-Trimethylbenzene",1992-11-14T00:00,0.113,µg/m³,VOC,N/A
63201,HWY 47 & HWY 48 _YORK_REGION_,"1,2,4-Trimethylbenzene",1992-11-20T00:00,0.063,µg/m³,VOC,N/A
63201,HWY 47 & HWY 48 _YORK_REGION_,"1,2,4-Trimethylbenzene",1992-11-26T00:00,0.332,µg/m³,VOC,N/A
63201,HWY 47 & HWY 48 _YORK_REGION_,"1,2,4-Trimethylbenzene",1992-12-02T00:00,0.241,µg/m³,VOC,N/A
63201,HWY 47 & HWY 48 _YORK_REGION_,"1,2,4-Trimethylbenzene",1992-12-08T00:00,0.144,µg/m³,VOC,N/A
63201,HWY 47 & HWY 48 _YORK_REGION_,"1,2,4-Trimethylbenzene",1992-12-20T00:00,0.000,µg/m³,VOC,N/A
