﻿NAPS_Site_ID,Station_Name,Pollutant,Date,Value,Units,Report_Type,Method
64401,EGBERT,Isopentane,1999-01-06T00:00,1.513,µg/m³,VOC,GC-MS
64401,EGBERT,Isopentane,1999-01-09T00:00,1.103,µg/m³,VOC,GC-MS
64401,EGBERT,Isopentane,1999-01-12T00:00,1.681,µg/m³,VOC,GC-MS
64401,EGBERT,Isopentane,1999-01-15T00:00,0.993,µg/m³,VOC,GC-MS
64401,EGBERT,Isopentane,1999-01-18T00:00,1.640,µg/m³,VOC,GC-MS
64401,EGBERT,Isopentane,1999-01-21T00:00,2.050,µg/m³,VOC,GC-MS
64401,EGBERT,Isopentane,1999-01-24T00:00,0.634,µg/m³,VOC,GC-MS
64401,EGBERT,Isopentane,1999-01-27T00:00,1.076,µg/m³,VOC,GC-MS
64401,EGBERT,Isopentane,1999-01-30T00:00,0.543,µg/m³,VOC,GC-MS
64401,EGBERT,Isopentane,1999-02-02T00:00,2.772,µg/m³,VOC,GC-MS
64401,EGBERT,Isopentane,1999-02-05T00:00,0.801,µg/m³,VOC,GC-MS
64401,EGBERT,Isopentane,1999-02-08T00:00,0.886,µg/m³,VOC,GC-MS
64401,EGBERT,Isopentane,1999-02-11T00:00,2.570,µg/m³,VOC,GC-MS
64401,EGBERT,Isopentane,1999-02-14T00:00,0.490,µg/m³,VOC,GC-MS
64401,EGBERT,Isopentane,1999-02-17T00:00,1.010,µg/m³,VOC,GC-MS
64401,EGBERT,Isopentane,1999-02-20T00:00,0.460,µg/m³,VOC,GC-MS
64401,EGBERT,Isopentane,1999-02-23T00:00,0.590,µg/m³,VOC,GC-MS
64401,EGBERT,Isopentane,1999-02-26T00:00,0.890,µg/m³,VOC,GC-MS
64401,EGBERT,Isopentane,1999-03-01T00:00,0.383,µg/m³,VOC,GC-MS
64401,EGBERT,Isopentane,1999-03-04T00:00,0.322,µg/m³,VOC,GC-MS
64401,EGBERT,Isopentane,1999-03-07T00:00,0.382,µg/m³,VOC,GC-MS
64401,EGBERT,Isopentane,1999-03-10T00:00,0.312,µg/m³,VOC,GC-MS
64401,EGBERT,Isopentane,1999-03-13T00:00,0.305,µg/m³,VOC,GC-MS
64401,EGBERT,Isopentane,1999-03-16T00:00,1.140,µg/m³,VOC,GC-MS
64401,EGBERT,Isopentane,1999-03-16T00:00,1.160,µg/m³,VOC,GC-MS
64401,EGBERT,Isopentane,1999-03-16T00:00,1.180,µg/m³,VOC,GC-MS
64401,EGBERT,Isopentane,1999-03-16T00:00,1.189,µg/m³,VOC,GC-MS
64401,EGBERT,Isopentane,1999-03-16T00:00,1.220,µg/m³,VOC,GC-MS
64401,EGBERT,Isopentane,1999-03-16T00:00,1.380,µg/m³,VOC,GC-MS
64401,EGBERT,Isopentane,1999-03-16T00:00,1.670,µg/m³,VOC,GC-MS
64401,EGBERT,Isopentane,1999-03-17T00:00,0.670,µg/m³,VOC,GC-MS
64401,EGBERT,Isopentane,1999-03-17T00:00,0.900,µg/m³,VOC,GC-MS
64401,EGBERT,Isopentane,1999-03-17T00:00,1.040,µg/m³,VOC,GC-MS
64401,EGBERT,Isopentane,1999-03-17T00:00,1.453,µg/m³,VOC,GC-MS
64401,EGBERT,Isopentane,1999-03-17T00:00,1.455,µg/m³,VOC,GC-MS
64401,EGBERT,Isopentane,1999-03-17T00:00,1.541,µg/m³,VOC,GC-MS
64401,EGBERT,Isopentane,1999-03-17T00:00,1.548,µg/m³,VOC,GC-MS
64401,EGBERT,Isopentane,1999-03-17T00:00,2.423,µg/m³,VOC,GC-MS
64401,EGBERT,Isopentane,1999-03-18T00:00,0.250,µg/m³,VOC,GC-MS
64401,EGBERT,Isopentane,1999-03-18T00:00,0.348,µg/m³,VOC,GC-MS
64401,EGBERT,Isopentane,1999-03-18T00:00,0.418,µg/m³,VOC,GC-MS
64401,EGBERT,Isopentane,1999-03-18T00:00,0.455,µg/m³,VOC,GC-MS
64401,EGBERT,Isopentane,1999-03-18T00:00,0.553,µg/m³,VOC,GC-MS
64401,EGBERT,Isopentane,1999-03-18T00:00,0.926,µg/m³,VOC,GC-MS
64401,EGBERT,Isopentane,1999-03-19T00:00,0.286,µg/m³,VOC,GC-MS
64401,EGBERT,Isopentane,1999-03-22T00:00,0.236,µg/m³,VOC,GC-MS
64401,EGBERT,Isopentane,1999-03-25T00:00,0.172,µg/m³,VOC,GC-MS
64401,EGBERT,Isopentane,1999-03-28T00:00,0.232,µg/m³,VOC,GC-MS
64401,EGBERT,Isopentane,1999-03-31T00:00,0.413,µg/m³,VOC,GC-MS
64401,EGBERT,Isopentane,1999-04-04T00:00,0.241,µg/m³,VOC,GC-MS
64401,EGBERT,Isopentane,1999-04-06T00:00,1.413,µg/m³,VOC,GC-MS
64401,EGBERT,Isopentane,1999-04-09T00:00,0.268,µg/m³,VOC,GC-MS
64401,EGBERT,Isopentane,1999-04-12T00:00,0.124,µg/m³,VOC,GC-MS
64401,EGBERT,Isopentane,1999-04-15T00:00,0.351,µg/m³,VOC,GC-MS
64401,EGBERT,Isopentane,1999-04-18T00:00,0.164,µg/m³,VOC,GC-MS
64401,EGBERT,Isopentane,1999-04-21T00:00,0.742,µg/m³,VOC,GC-MS
64401,EGBERT,Isopentane,1999-04-24T00:00,0.142,µg/m³,VOC,GC-MS
64401,EGBERT,Isopentane,1999-04-27T00:00,0.199,µg/m³,VOC,GC-MS
64401,EGBERT,Isopentane,1999-04-30T00:00,0.163,µg/m³,VOC,GC-MS
64401,EGBERT,Isopentane,1999-05-03T00:00,0.449,µg/m³,VOC,GC-MS
64401,EGBERT,Isopentane,1999-05-06T00:00,0.794,µg/m³,VOC,GC-MS
64401,EGBERT,Isopentane,1999-05-09T00:00,0.161,µg/m³,VOC,GC-MS
64401,EGBERT,Isopentane,1999-05-12T00:00,0.450,µg/m³,VOC,GC-MS
64401,EGBERT,Isopentane,1999-05-15T00:00,1.894,µg/m³,VOC,GC-MS
64401,EGBERT,Isopentane,1999-05-17T00:00,0.980,µg/m³,VOC,GC-MS
64401,EGBERT,Isopentane,1999-05-18T00:00,0.484,µg/m³,VOC,GC-MS
64401,EGBERT,Isopentane,1999-05-19T00:00,0.126,µg/m³,VOC,GC-MS
64401,EGBERT,Isopentane,1999-05-20T00:00,0.128,µg/m³,VOC,GC-MS
64401,EGBERT,Isopentane,1999-05-21T00:00,0.699,µg/m³,VOC,GC-MS
64401,EGBERT,Isopentane,1999-05-22T00:00,0.611,µg/m³,VOC,GC-MS
64401,EGBERT,Isopentane,1999-05-23T00:00,0.463,µg/m³,VOC,GC-MS
64401,EGBERT,Isopentane,1999-05-24T00:00,0.426,µg/m³,VOC,GC-MS
64401,EGBERT,Isopentane,1999-05-25T00:00,0.197,µg/m³,VOC,GC-MS
64401,EGBERT,Isopentane,1999-05-27T00:00,0.127,µg/m³,VOC,GC-MS
64401,EGBERT,Isopentane,1999-05-28T00:00,0.159,µg/m³,VOC,GC-MS
64401,EGBERT,Isopentane,1999-05-29T00:00,0.197,µg/m³,VOC,GC-MS
64401,EGBERT,Isopentane,1999-05-30T00:00,0.323,µg/m³,VOC,GC-MS
64401,EGBERT,Isopentane,1999-05-31T00:00,0.615,µg/m³,VOC,GC-MS
64401,EGBERT,Isopentane,1999-06-01T00:00,0.571,µg/m³,VOC,GC-MS
64401,EGBERT,Isopentane,1999-06-02T00:00,0.944,µg/m³,VOC,GC-MS
64401,EGBERT,Isopentane,1999-06-03T00:00,0.103,µg/m³,VOC,GC-MS
64401,EGBERT,Isopentane,1999-06-04T00:00,0.149,µg/m³,VOC,GC-MS
64401,EGBERT,Isopentane,1999-06-05T00:00,1.299,µg/m³,VOC,GC-MS
64401,EGBERT,Isopentane,1999-06-06T00:00,1.136,µg/m³,VOC,GC-MS
64401,EGBERT,Isopentane,1999-06-07T00:00,0.414,µg/m³,VOC,GC-MS
64401,EGBERT,Isopentane,1999-06-08T00:00,0.157,µg/m³,VOC,GC-MS
64401,EGBERT,Isopentane,1999-06-09T00:00,0.203,µg/m³,VOC,GC-MS
64401,EGBERT,Isopentane,1999-06-10T00:00,0.554,µg/m³,VOC,GC-MS
64401,EGBERT,Isopentane,1999-06-11T00:00,1.366,µg/m³,VOC,GC-MS
64401,EGBERT,Isopentane,1999-06-12T00:00,1.349,µg/m³,VOC,GC-MS
64401,EGBERT,Isopentane,1999-06-13T00:00,0.487,µg/m³,VOC,GC-MS
64401,EGBERT,Isopentane,1999-06-15T00:00,0.059,µg/m³,VOC,GC-MS
64401,EGBERT,Isopentane,1999-06-16T00:00,0.117,µg/m³,VOC,GC-MS
64401,EGBERT,Isopentane,1999-06-17T00:00,0.156,µg/m³,VOC,GC-MS
64401,EGBERT,Isopentane,1999-06-18T00:00,0.138,µg/m³,VOC,GC-MS
64401,EGBERT,Isopentane,1999-06-19T00:00,0.142,µg/m³,VOC,GC-MS
64401,EGBERT,Isopentane,1999-06-20T00:00,0.347,µg/m³,VOC,GC-MS
64401,EGBERT,Isopentane,1999-06-21T00:00,0.296,µg/m³,VOC,GC-MS
64401,EGBERT,Isopentane,1999-06-22T00:00,0.735,µg/m³,VOC,GC-MS
64401,EGBERT,Isopentane,1999-06-23T00:00,0.458,µg/m³,VOC,GC-MS
64401,EGBERT,Isopentane,1999-06-24T00:00,0.818,µg/m³,VOC,GC-MS
64401,EGBERT,Isopentane,1999-06-26T00:00,0.210,µg/m³,VOC,GC-MS
64401,EGBERT,Isopentane,1999-06-27T00:00,2.290,µg/m³,VOC,GC-MS
64401,EGBERT,Isopentane,1999-06-28T00:00,0.322,µg/m³,VOC,GC-MS
64401,EGBERT,Isopentane,1999-06-29T00:00,0.076,µg/m³,VOC,GC-MS
64401,EGBERT,Isopentane,1999-06-30T00:00,0.165,µg/m³,VOC,GC-MS
64401,EGBERT,Isopentane,1999-07-01T00:00,1.332,µg/m³,VOC,GC-MS
64401,EGBERT,Isopentane,1999-07-02T00:00,0.240,µg/m³,VOC,GC-MS
64401,EGBERT,Isopentane,1999-07-03T00:00,0.747,µg/m³,VOC,GC-MS
64401,EGBERT,Isopentane,1999-07-04T00:00,0.524,µg/m³,VOC,GC-MS
64401,EGBERT,Isopentane,1999-07-05T00:00,0.343,µg/m³,VOC,GC-MS
64401,EGBERT,Isopentane,1999-07-06T00:00,0.207,µg/m³,VOC,GC-MS
64401,EGBERT,Isopentane,1999-07-07T00:00,0.109,µg/m³,VOC,GC-MS
64401,EGBERT,Isopentane,1999-07-08T00:00,0.081,µg/m³,VOC,GC-MS
64401,EGBERT,Isopentane,1999-07-09T00:00,1.130,µg/m³,VOC,GC-MS
64401,EGBERT,Isopentane,1999-07-10T00:00,0.077,µg/m³,VOC,GC-MS
64401,EGBERT,Isopentane,1999-07-11T00:00,0.109,µg/m³,VOC,GC-MS
64401,EGBERT,Isopentane,1999-07-12T00:00,0.413,µg/m³,VOC,GC-MS
64401,EGBERT,Isopentane,1999-07-13T00:00,0.420,µg/m³,VOC,GC-MS
64401,EGBERT,Isopentane,1999-07-14T00:00,0.367,µg/m³,VOC,GC-MS
64401,EGBERT,Isopentane,1999-07-16T00:00,0.295,µg/m³,VOC,GC-MS
64401,EGBERT,Isopentane,1999-07-17T00:00,0.464,µg/m³,VOC,GC-MS
64401,EGBERT,Isopentane,1999-07-18T00:00,0.203,µg/m³,VOC,GC-MS
64401,EGBERT,Isopentane,1999-07-19T00:00,0.315,µg/m³,VOC,GC-MS
64401,EGBERT,Isopentane,1999-07-20T00:00,0.131,µg/m³,VOC,GC-MS
64401,EGBERT,Isopentane,1999-07-21T00:00,0.707,µg/m³,VOC,GC-MS
64401,EGBERT,Isopentane,1999-07-22T00:00,0.367,µg/m³,VOC,GC-MS
64401,EGBERT,Isopentane,1999-07-23T00:00,0.540,µg/m³,VOC,GC-MS
64401,EGBERT,Isopentane,1999-07-24T00:00,0.248,µg/m³,VOC,GC-MS
64401,EGBERT,Isopentane,1999-07-25T00:00,0.215,µg/m³,VOC,GC-MS
64401,EGBERT,Isopentane,1999-07-26T00:00,0.180,µg/m³,VOC,GC-MS
64401,EGBERT,Isopentane,1999-07-27T00:00,0.206,µg/m³,VOC,GC-MS
64401,EGBERT,Isopentane,1999-07-29T00:00,0.150,µg/m³,VOC,GC-MS
64401,EGBERT,Isopentane,1999-07-30T00:00,0.231,µg/m³,VOC,GC-MS
64401,EGBERT,Isopentane,1999-08-02T00:00,0.129,µg/m³,VOC,GC-MS
64401,EGBERT,Isopentane,1999-08-03T00:00,0.133,µg/m³,VOC,GC-MS
64401,EGBERT,Isopentane,1999-08-04T00:00,0.949,µg/m³,VOC,GC-MS
64401,EGBERT,Isopentane,1999-08-05T00:00,0.081,µg/m³,VOC,GC-MS
64401,EGBERT,Isopentane,1999-08-06T00:00,0.154,µg/m³,VOC,GC-MS
64401,EGBERT,Isopentane,1999-08-07T00:00,0.231,µg/m³,VOC,GC-MS
64401,EGBERT,Isopentane,1999-08-08T00:00,0.178,µg/m³,VOC,GC-MS
64401,EGBERT,Isopentane,1999-08-09T00:00,0.060,µg/m³,VOC,GC-MS
64401,EGBERT,Isopentane,1999-08-10T00:00,3.010,µg/m³,VOC,GC-MS
64401,EGBERT,Isopentane,1999-08-12T00:00,0.177,µg/m³,VOC,GC-MS
64401,EGBERT,Isopentane,1999-08-13T00:00,1.108,µg/m³,VOC,GC-MS
64401,EGBERT,Isopentane,1999-08-14T00:00,0.185,µg/m³,VOC,GC-MS
64401,EGBERT,Isopentane,1999-08-15T00:00,0.181,µg/m³,VOC,GC-MS
64401,EGBERT,Isopentane,1999-08-16T00:00,0.390,µg/m³,VOC,GC-MS
64401,EGBERT,Isopentane,1999-08-17T00:00,0.305,µg/m³,VOC,GC-MS
64401,EGBERT,Isopentane,1999-08-18T00:00,0.157,µg/m³,VOC,GC-MS
64401,EGBERT,Isopentane,1999-08-19T00:00,0.213,µg/m³,VOC,GC-MS
64401,EGBERT,Isopentane,1999-08-20T00:00,0.449,µg/m³,VOC,GC-MS
64401,EGBERT,Isopentane,1999-08-21T00:00,0.279,µg/m³,VOC,GC-MS
64401,EGBERT,Isopentane,1999-08-22T00:00,0.217,µg/m³,VOC,GC-MS
64401,EGBERT,Isopentane,1999-08-23T00:00,0.255,µg/m³,VOC,GC-MS
64401,EGBERT,Isopentane,1999-08-24T00:00,0.785,µg/m³,VOC,GC-MS
64401,EGBERT,Isopentane,1999-08-25T00:00,2.254,µg/m³,VOC,GC-MS
64401,EGBERT,Isopentane,1999-08-26T00:00,0.571,µg/m³,VOC,GC-MS
64401,EGBERT,Isopentane,1999-08-27T00:00,0.635,µg/m³,VOC,GC-MS
64401,EGBERT,Isopentane,1999-08-28T00:00,0.263,µg/m³,VOC,GC-MS
64401,EGBERT,Isopentane,1999-08-29T00:00,0.089,µg/m³,VOC,GC-MS
64401,EGBERT,Isopentane,1999-08-30T00:00,0.196,µg/m³,VOC,GC-MS
64401,EGBERT,Isopentane,1999-08-31T00:00,0.604,µg/m³,VOC,GC-MS
64401,EGBERT,Isopentane,1999-09-01T00:00,0.451,µg/m³,VOC,GC-MS
64401,EGBERT,Isopentane,1999-09-03T00:00,0.341,µg/m³,VOC,GC-MS
64401,EGBERT,Isopentane,1999-09-04T00:00,0.854,µg/m³,VOC,GC-MS
64401,EGBERT,Isopentane,1999-09-05T00:00,1.667,µg/m³,VOC,GC-MS
64401,EGBERT,Isopentane,1999-09-06T00:00,0.945,µg/m³,VOC,GC-MS
64401,EGBERT,Isopentane,1999-09-07T00:00,0.311,µg/m³,VOC,GC-MS
64401,EGBERT,Isopentane,1999-09-09T00:00,0.321,µg/m³,VOC,GC-MS
64401,EGBERT,Isopentane,1999-09-10T00:00,0.187,µg/m³,VOC,GC-MS
64401,EGBERT,Isopentane,1999-09-11T00:00,0.099,µg/m³,VOC,GC-MS
64401,EGBERT,Isopentane,1999-09-12T00:00,1.459,µg/m³,VOC,GC-MS
64401,EGBERT,Isopentane,1999-09-13T00:00,0.898,µg/m³,VOC,GC-MS
64401,EGBERT,Isopentane,1999-09-14T00:00,0.415,µg/m³,VOC,GC-MS
64401,EGBERT,Isopentane,1999-09-15T00:00,0.462,µg/m³,VOC,GC-MS
64401,EGBERT,Isopentane,1999-09-16T00:00,0.422,µg/m³,VOC,GC-MS
64401,EGBERT,Isopentane,1999-09-17T00:00,0.071,µg/m³,VOC,GC-MS
64401,EGBERT,Isopentane,1999-09-18T00:00,0.139,µg/m³,VOC,GC-MS
64401,EGBERT,Isopentane,1999-09-19T00:00,0.617,µg/m³,VOC,GC-MS
64401,EGBERT,Isopentane,1999-09-20T00:00,0.173,µg/m³,VOC,GC-MS
64401,EGBERT,Isopentane,1999-09-22T00:00,0.130,µg/m³,VOC,GC-MS
64401,EGBERT,Isopentane,1999-09-23T00:00,0.494,µg/m³,VOC,GC-MS
64401,EGBERT,Isopentane,1999-09-24T00:00,0.184,µg/m³,VOC,GC-MS
64401,EGBERT,Isopentane,1999-09-25T00:00,0.215,µg/m³,VOC,GC-MS
64401,EGBERT,Isopentane,1999-09-26T00:00,1.008,µg/m³,VOC,GC-MS
64401,EGBERT,Isopentane,1999-09-27T00:00,2.584,µg/m³,VOC,GC-MS
64401,EGBERT,Isopentane,1999-09-28T00:00,1.359,µg/m³,VOC,GC-MS
64401,EGBERT,Isopentane,1999-09-29T00:00,2.106,µg/m³,VOC,GC-MS
64401,EGBERT,Isopentane,1999-09-30T00:00,0.144,µg/m³,VOC,GC-MS
64401,EGBERT,Isopentane,1999-10-03T00:00,0.846,µg/m³,VOC,GC-MS
64401,EGBERT,Isopentane,1999-10-09T00:00,0.512,µg/m³,VOC,GC-MS
64401,EGBERT,Isopentane,1999-10-12T00:00,2.615,µg/m³,VOC,GC-MS
64401,EGBERT,Isopentane,1999-10-15T00:00,2.393,µg/m³,VOC,GC-MS
64401,EGBERT,Isopentane,1999-10-18T00:00,0.239,µg/m³,VOC,GC-MS
64401,EGBERT,Isopentane,1999-10-21T00:00,0.861,µg/m³,VOC,GC-MS
64401,EGBERT,Isopentane,1999-10-24T00:00,0.200,µg/m³,VOC,GC-MS
64401,EGBERT,Isopentane,1999-10-27T00:00,0.262,µg/m³,VOC,GC-MS
64401,EGBERT,Isopentane,1999-10-30T00:00,2.440,µg/m³,VOC,GC-MS
64401,EGBERT,Isopentane,1999-11-02T00:00,0.407,µg/m³,VOC,GC-MS
64401,EGBERT,Isopentane,1999-11-05T00:00,1.215,µg/m³,VOC,GC-MS
64401,EGBERT,Isopentane,1999-11-08T00:00,0.891,µg/m³,VOC,GC-MS
64401,EGBERT,Isopentane,1999-11-14T00:00,0.319,µg/m³,VOC,GC-MS
64401,EGBERT,Isopentane,1999-11-17T00:00,0.399,µg/m³,VOC,GC-MS
64401,EGBERT,Isopentane,1999-11-20T00:00,1.292,µg/m³,VOC,GC-MS
64401,EGBERT,Isopentane,1999-11-23T00:00,2.117,µg/m³,VOC,GC-MS
64401,EGBERT,Isopentane,1999-11-26T00:00,0.800,µg/m³,VOC,GC-MS
64401,EGBERT,Isopentane,1999-11-29T00:00,0.459,µg/m³,VOC,GC-MS
64401,EGBERT,Isopentane,1999-12-02T00:00,1.772,µg/m³,VOC,GC-MS
64401,EGBERT,Isopentane,1999-12-05T00:00,1.241,µg/m³,VOC,GC-MS
64401,EGBERT,Isopentane,1999-12-08T00:00,2.006,µg/m³,VOC,GC-MS
64401,EGBERT,Isopentane,1999-12-11T00:00,0.582,µg/m³,VOC,GC-MS
64401,EGBERT,Isopentane,1999-12-14T00:00,0.538,µg/m³,VOC,GC-MS
64401,EGBERT,Isopentane,1999-12-17T00:00,0.579,µg/m³,VOC,GC-MS
64401,EGBERT,Isopentane,1999-12-20T00:00,1.676,µg/m³,VOC,GC-MS
64401,EGBERT,Isopentane,1999-12-23T00:00,0.562,µg/m³,VOC,GC-MS
64401,EGBERT,Isopentane,1999-12-26T00:00,0.558,µg/m³,VOC,GC-MS
64401,EGBERT,Isopentane,1999-12-29T00:00,0.752,µg/m³,VOC,GC-MS
