﻿NAPS_Site_ID,Station_Name,Pollutant,Date,Value,Units,Report_Type,Method
80901,BRATT'S LAKE,"2,2,5-Trimethylhexane",2002-09-14T00:00,0.000,µg/m³,VOC,GC-MS
80901,BRATT'S LAKE,"2,2,5-Trimethylhexane",2002-09-17T00:00,0.000,µg/m³,VOC,GC-MS
80901,BRATT'S LAKE,"2,2,5-Trimethylhexane",2002-09-20T00:00,0.000,µg/m³,VOC,GC-MS
80901,BRATT'S LAKE,"2,2,5-Trimethylhexane",2002-09-23T00:00,0.000,µg/m³,VOC,GC-MS
80901,BRATT'S LAKE,"2,2,5-Trimethylhexane",2002-09-26T00:00,0.000,µg/m³,VOC,GC-MS
80901,BRATT'S LAKE,"2,2,5-Trimethylhexane",2002-09-29T00:00,0.000,µg/m³,VOC,GC-MS
80901,BRATT'S LAKE,"2,2,5-Trimethylhexane",2002-10-02T00:00,0.000,µg/m³,VOC,GC-MS
80901,BRATT'S LAKE,"2,2,5-Trimethylhexane",2002-10-05T00:00,0.000,µg/m³,VOC,GC-MS
80901,BRATT'S LAKE,"2,2,5-Trimethylhexane",2002-10-08T00:00,0.000,µg/m³,VOC,GC-MS
80901,BRATT'S LAKE,"2,2,5-Trimethylhexane",2002-10-11T00:00,0.000,µg/m³,VOC,GC-MS
80901,BRATT'S LAKE,"2,2,5-Trimethylhexane",2002-10-17T00:00,0.000,µg/m³,VOC,GC-MS
80901,BRATT'S LAKE,"2,2,5-Trimethylhexane",2002-10-20T00:00,0.000,µg/m³,VOC,GC-MS
80901,BRATT'S LAKE,"2,2,5-Trimethylhexane",2002-10-23T00:00,0.000,µg/m³,VOC,GC-MS
80901,BRATT'S LAKE,"2,2,5-Trimethylhexane",2002-10-26T00:00,0.000,µg/m³,VOC,GC-MS
80901,BRATT'S LAKE,"2,2,5-Trimethylhexane",2002-10-29T00:00,0.000,µg/m³,VOC,GC-MS
80901,BRATT'S LAKE,"2,2,5-Trimethylhexane",2002-11-01T00:00,0.000,µg/m³,VOC,GC-MS
80901,BRATT'S LAKE,"2,2,5-Trimethylhexane",2002-11-04T00:00,0.000,µg/m³,VOC,GC-MS
80901,BRATT'S LAKE,"2,2,5-Trimethylhexane",2002-11-07T00:00,0.004,µg/m³,VOC,GC-MS
80901,BRATT'S LAKE,"2,2,5-Trimethylhexane",2002-11-10T00:00,0.000,µg/m³,VOC,GC-MS
80901,BRATT'S LAKE,"2,2,5-Trimethylhexane",2002-11-13T00:00,0.008,µg/m³,VOC,GC-MS
80901,BRATT'S LAKE,"2,2,5-Trimethylhexane",2002-11-16T00:00,0.000,µg/m³,VOC,GC-MS
80901,BRATT'S LAKE,"2,2,5-Trimethylhexane",2002-11-19T00:00,0.000,µg/m³,VOC,GC-MS
80901,BRATT'S LAKE,"2,2,5-Trimethylhexane",2002-11-22T00:00,0.000,µg/m³,VOC,GC-MS
80901,BRATT'S LAKE,"2,2,5-Trimethylhexane",2002-11-25T00:00,0.000,µg/m³,VOC,GC-MS
80901,BRATT'S LAKE,"2,2,5-Trimethylhexane",2002-11-28T00:00,0.000,µg/m³,VOC,GC-MS
80901,BRATT'S LAKE,"2,2,5-Trimethylhexane",2002-12-01T00:00,0.000,µg/m³,VOC,GC-MS
80901,BRATT'S LAKE,"2,2,5-Trimethylhexane",2002-12-04T00:00,0.000,µg/m³,VOC,GC-MS
80901,BRATT'S LAKE,"2,2,5-Trimethylhexane",2002-12-07T00:00,0.000,µg/m³,VOC,GC-MS
80901,BRATT'S LAKE,"2,2,5-Trimethylhexane",2002-12-10T00:00,0.000,µg/m³,VOC,GC-MS
80901,BRATT'S LAKE,"2,2,5-Trimethylhexane",2002-12-13T00:00,0.000,µg/m³,VOC,GC-MS
80901,BRATT'S LAKE,"2,2,5-Trimethylhexane",2002-12-16T00:00,0.000,µg/m³,VOC,GC-MS
80901,BRATT'S LAKE,"2,2,5-Trimethylhexane",2002-12-19T00:00,0.000,µg/m³,VOC,GC-MS
80901,BRATT'S LAKE,"2,2,5-Trimethylhexane",2002-12-22T00:00,0.000,µg/m³,VOC,GC-MS
80901,BRATT'S LAKE,"2,2,5-Trimethylhexane",2002-12-25T00:00,0.000,µg/m³,VOC,GC-MS
80901,BRATT'S LAKE,"2,2,5-Trimethylhexane",2002-12-28T00:00,0.000,µg/m³,VOC,GC-MS
