﻿NAPS_Site_ID,Station_Name,Pollutant,Date,Value,Units,Report_Type,Method
50308,QUÉBEC-VIEUX-LIMOILOU (DES SABLES),Tin,2020-01-04T00:00,0.000,µg/m³,PM2.5,ICPMS
50308,QUÉBEC-VIEUX-LIMOILOU (DES SABLES),Tin,2020-01-10T00:00,0.001,µg/m³,PM2.5,ICPMS
50308,QUÉBEC-VIEUX-LIMOILOU (DES SABLES),Tin,2020-01-16T00:00,0.000,µg/m³,PM2.5,ICPMS
50308,QUÉBEC-VIEUX-LIMOILOU (DES SABLES),Tin,2020-01-22T00:00,0.001,µg/m³,PM2.5,ICPMS
50308,QUÉBEC-VIEUX-LIMOILOU (DES SABLES),Tin,2020-01-28T00:00,0.000,µg/m³,PM2.5,ICPMS
50308,QUÉBEC-VIEUX-LIMOILOU (DES SABLES),Tin,2020-02-03T00:00,0.000,µg/m³,PM2.5,ICPMS
50308,QUÉBEC-VIEUX-LIMOILOU (DES SABLES),Tin,2020-02-03T00:00,0.002,µg/m³,PM2.5,ICPMS
50308,QUÉBEC-VIEUX-LIMOILOU (DES SABLES),Tin,2020-02-06T00:00,0.000,µg/m³,PM2.5,ICPMS
50308,QUÉBEC-VIEUX-LIMOILOU (DES SABLES),Tin,2020-02-09T00:00,0.000,µg/m³,PM2.5,ICPMS
50308,QUÉBEC-VIEUX-LIMOILOU (DES SABLES),Tin,2020-02-09T00:00,0.001,µg/m³,PM2.5,ICPMS
50308,QUÉBEC-VIEUX-LIMOILOU (DES SABLES),Tin,2020-02-12T00:00,0.000,µg/m³,PM2.5,ICPMS
50308,QUÉBEC-VIEUX-LIMOILOU (DES SABLES),Tin,2020-02-15T00:00,0.000,µg/m³,PM2.5,ICPMS
50308,QUÉBEC-VIEUX-LIMOILOU (DES SABLES),Tin,2020-02-15T00:00,0.001,µg/m³,PM2.5,ICPMS
50308,QUÉBEC-VIEUX-LIMOILOU (DES SABLES),Tin,2020-02-18T00:00,0.000,µg/m³,PM2.5,ICPMS
50308,QUÉBEC-VIEUX-LIMOILOU (DES SABLES),Tin,2020-02-21T00:00,0.000,µg/m³,PM2.5,ICPMS
50308,QUÉBEC-VIEUX-LIMOILOU (DES SABLES),Tin,2020-02-27T00:00,0.000,µg/m³,PM2.5,ICPMS
50308,QUÉBEC-VIEUX-LIMOILOU (DES SABLES),Tin,2020-02-27T00:00,0.001,µg/m³,PM2.5,ICPMS
50308,QUÉBEC-VIEUX-LIMOILOU (DES SABLES),Tin,2020-03-01T00:00,0.000,µg/m³,PM2.5,ICPMS
50308,QUÉBEC-VIEUX-LIMOILOU (DES SABLES),Tin,2020-03-04T00:00,0.000,µg/m³,PM2.5,ICPMS
50308,QUÉBEC-VIEUX-LIMOILOU (DES SABLES),Tin,2020-03-10T00:00,0.000,µg/m³,PM2.5,ICPMS
50308,QUÉBEC-VIEUX-LIMOILOU (DES SABLES),Tin,2020-03-10T00:00,0.000,µg/m³,PM2.5,ICPMS
50308,QUÉBEC-VIEUX-LIMOILOU (DES SABLES),Tin,2020-03-13T00:00,0.000,µg/m³,PM2.5,ICPMS
50308,QUÉBEC-VIEUX-LIMOILOU (DES SABLES),Tin,2020-03-16T00:00,0.001,µg/m³,PM2.5,ICPMS
50308,QUÉBEC-VIEUX-LIMOILOU (DES SABLES),Tin,2020-03-19T00:00,0.000,µg/m³,PM2.5,ICPMS
50308,QUÉBEC-VIEUX-LIMOILOU (DES SABLES),Tin,2020-03-22T00:00,0.000,µg/m³,PM2.5,ICPMS
50308,QUÉBEC-VIEUX-LIMOILOU (DES SABLES),Tin,2020-03-22T00:00,0.000,µg/m³,PM2.5,ICPMS
50308,QUÉBEC-VIEUX-LIMOILOU (DES SABLES),Tin,2020-03-25T00:00,0.000,µg/m³,PM2.5,ICPMS
50308,QUÉBEC-VIEUX-LIMOILOU (DES SABLES),Tin,2020-03-28T00:00,0.000,µg/m³,PM2.5,ICPMS
50308,QUÉBEC-VIEUX-LIMOILOU (DES SABLES),Tin,2020-03-28T00:00,0.000,µg/m³,PM2.5,ICPMS
50308,QUÉBEC-VIEUX-LIMOILOU (DES SABLES),Tin,2020-05-15T00:00,0.000,µg/m³,PM2.5,ICPMS
50308,QUÉBEC-VIEUX-LIMOILOU (DES SABLES),Tin,2020-05-21T00:00,0.000,µg/m³,PM2.5,ICPMS
50308,QUÉBEC-VIEUX-LIMOILOU (DES SABLES),Tin,2020-05-27T00:00,0.000,µg/m³,PM2.5,ICPMS
50308,QUÉBEC-VIEUX-LIMOILOU (DES SABLES),Tin,2020-06-02T00:00,0.000,µg/m³,PM2.5,ICPMS
50308,QUÉBEC-VIEUX-LIMOILOU (DES SABLES),Tin,2020-06-08T00:00,0.000,µg/m³,PM2.5,ICPMS
50308,QUÉBEC-VIEUX-LIMOILOU (DES SABLES),Tin,2020-06-14T00:00,0.000,µg/m³,PM2.5,ICPMS
50308,QUÉBEC-VIEUX-LIMOILOU (DES SABLES),Tin,2020-06-26T00:00,0.000,µg/m³,PM2.5,ICPMS
50308,QUÉBEC-VIEUX-LIMOILOU (DES SABLES),Tin,2020-07-02T00:00,0.000,µg/m³,PM2.5,ICPMS
50308,QUÉBEC-VIEUX-LIMOILOU (DES SABLES),Tin,2020-07-08T00:00,0.000,µg/m³,PM2.5,ICPMS
50308,QUÉBEC-VIEUX-LIMOILOU (DES SABLES),Tin,2020-07-14T00:00,0.001,µg/m³,PM2.5,ICPMS
50308,QUÉBEC-VIEUX-LIMOILOU (DES SABLES),Tin,2020-07-20T00:00,0.000,µg/m³,PM2.5,ICPMS
50308,QUÉBEC-VIEUX-LIMOILOU (DES SABLES),Tin,2020-07-26T00:00,0.000,µg/m³,PM2.5,ICPMS
50308,QUÉBEC-VIEUX-LIMOILOU (DES SABLES),Tin,2020-08-01T00:00,0.000,µg/m³,PM2.5,ICPMS
50308,QUÉBEC-VIEUX-LIMOILOU (DES SABLES),Tin,2020-08-07T00:00,0.000,µg/m³,PM2.5,ICPMS
50308,QUÉBEC-VIEUX-LIMOILOU (DES SABLES),Tin,2020-08-13T00:00,0.000,µg/m³,PM2.5,ICPMS
50308,QUÉBEC-VIEUX-LIMOILOU (DES SABLES),Tin,2020-08-19T00:00,0.000,µg/m³,PM2.5,ICPMS
50308,QUÉBEC-VIEUX-LIMOILOU (DES SABLES),Tin,2020-08-25T00:00,0.000,µg/m³,PM2.5,ICPMS
50308,QUÉBEC-VIEUX-LIMOILOU (DES SABLES),Tin,2020-08-31T00:00,0.000,µg/m³,PM2.5,ICPMS
50308,QUÉBEC-VIEUX-LIMOILOU (DES SABLES),Tin,2020-09-06T00:00,0.000,µg/m³,PM2.5,ICPMS
50308,QUÉBEC-VIEUX-LIMOILOU (DES SABLES),Tin,2020-09-12T00:00,0.001,µg/m³,PM2.5,ICPMS
50308,QUÉBEC-VIEUX-LIMOILOU (DES SABLES),Tin,2020-09-18T00:00,0.000,µg/m³,PM2.5,ICPMS
50308,QUÉBEC-VIEUX-LIMOILOU (DES SABLES),Tin,2020-09-24T00:00,0.000,µg/m³,PM2.5,ICPMS
50308,QUÉBEC-VIEUX-LIMOILOU (DES SABLES),Tin,2020-10-06T00:00,0.001,µg/m³,PM2.5,ICPMS
50308,QUÉBEC-VIEUX-LIMOILOU (DES SABLES),Tin,2020-10-12T00:00,0.000,µg/m³,PM2.5,ICPMS
50308,QUÉBEC-VIEUX-LIMOILOU (DES SABLES),Tin,2020-10-18T00:00,0.001,µg/m³,PM2.5,ICPMS
50308,QUÉBEC-VIEUX-LIMOILOU (DES SABLES),Tin,2020-10-30T00:00,0.000,µg/m³,PM2.5,ICPMS
50308,QUÉBEC-VIEUX-LIMOILOU (DES SABLES),Tin,2020-11-05T00:00,0.002,µg/m³,PM2.5,ICPMS
50308,QUÉBEC-VIEUX-LIMOILOU (DES SABLES),Tin,2020-11-11T00:00,0.002,µg/m³,PM2.5,ICPMS
50308,QUÉBEC-VIEUX-LIMOILOU (DES SABLES),Tin,2020-11-17T00:00,0.000,µg/m³,PM2.5,ICPMS
50308,QUÉBEC-VIEUX-LIMOILOU (DES SABLES),Tin,2020-11-23T00:00,0.001,µg/m³,PM2.5,ICPMS
50308,QUÉBEC-VIEUX-LIMOILOU (DES SABLES),Tin,2020-11-29T00:00,0.000,µg/m³,PM2.5,ICPMS
50308,QUÉBEC-VIEUX-LIMOILOU (DES SABLES),Tin,2020-12-05T00:00,0.001,µg/m³,PM2.5,ICPMS
50308,QUÉBEC-VIEUX-LIMOILOU (DES SABLES),Tin,2020-12-11T00:00,0.000,µg/m³,PM2.5,ICPMS
50308,QUÉBEC-VIEUX-LIMOILOU (DES SABLES),Tin,2020-12-17T00:00,0.000,µg/m³,PM2.5,ICPMS
50308,QUÉBEC-VIEUX-LIMOILOU (DES SABLES),Tin,2020-12-23T00:00,0.000,µg/m³,PM2.5,ICPMS
50308,QUÉBEC-VIEUX-LIMOILOU (DES SABLES),Tin,2020-12-29T00:00,0.000,µg/m³,PM2.5,ICPMS
