﻿NAPS_Site_ID,Station_Name,Pollutant,Date,Value,Units,Report_Type,Method
61004,CENTENNIAL PARK _SARNIA_,Carbontetrachloride,1992-01-01T00:00,0.703,µg/m³,VOC,N/A
61004,CENTENNIAL PARK _SARNIA_,Carbontetrachloride,1992-01-13T00:00,1.229,µg/m³,VOC,N/A
61004,CENTENNIAL PARK _SARNIA_,Carbontetrachloride,1992-01-19T00:00,0.608,µg/m³,VOC,N/A
61004,CENTENNIAL PARK _SARNIA_,Carbontetrachloride,1992-01-25T00:00,0.636,µg/m³,VOC,N/A
61004,CENTENNIAL PARK _SARNIA_,Carbontetrachloride,1992-01-31T00:00,0.521,µg/m³,VOC,N/A
61004,CENTENNIAL PARK _SARNIA_,Carbontetrachloride,1992-02-06T00:00,0.800,µg/m³,VOC,N/A
61004,CENTENNIAL PARK _SARNIA_,Carbontetrachloride,1992-02-12T00:00,0.718,µg/m³,VOC,N/A
61004,CENTENNIAL PARK _SARNIA_,Carbontetrachloride,1992-02-18T00:00,0.544,µg/m³,VOC,N/A
61004,CENTENNIAL PARK _SARNIA_,Carbontetrachloride,1992-02-24T00:00,0.509,µg/m³,VOC,N/A
61004,CENTENNIAL PARK _SARNIA_,Carbontetrachloride,1992-03-01T00:00,0.645,µg/m³,VOC,N/A
61004,CENTENNIAL PARK _SARNIA_,Carbontetrachloride,1992-03-07T00:00,0.580,µg/m³,VOC,N/A
61004,CENTENNIAL PARK _SARNIA_,Carbontetrachloride,1992-03-13T00:00,0.643,µg/m³,VOC,N/A
61004,CENTENNIAL PARK _SARNIA_,Carbontetrachloride,1992-03-19T00:00,0.707,µg/m³,VOC,N/A
61004,CENTENNIAL PARK _SARNIA_,Carbontetrachloride,1992-03-25T00:00,2.282,µg/m³,VOC,N/A
61004,CENTENNIAL PARK _SARNIA_,Carbontetrachloride,1992-03-31T00:00,0.631,µg/m³,VOC,N/A
61004,CENTENNIAL PARK _SARNIA_,Carbontetrachloride,1992-04-06T00:00,1.318,µg/m³,VOC,N/A
61004,CENTENNIAL PARK _SARNIA_,Carbontetrachloride,1992-04-12T00:00,0.574,µg/m³,VOC,N/A
61004,CENTENNIAL PARK _SARNIA_,Carbontetrachloride,1992-04-18T00:00,0.551,µg/m³,VOC,N/A
61004,CENTENNIAL PARK _SARNIA_,Carbontetrachloride,1992-04-24T00:00,0.597,µg/m³,VOC,N/A
61004,CENTENNIAL PARK _SARNIA_,Carbontetrachloride,1992-04-30T00:00,1.065,µg/m³,VOC,N/A
61004,CENTENNIAL PARK _SARNIA_,Carbontetrachloride,1992-05-06T00:00,1.065,µg/m³,VOC,N/A
61004,CENTENNIAL PARK _SARNIA_,Carbontetrachloride,1992-05-18T00:00,0.629,µg/m³,VOC,N/A
61004,CENTENNIAL PARK _SARNIA_,Carbontetrachloride,1992-05-24T00:00,0.705,µg/m³,VOC,N/A
61004,CENTENNIAL PARK _SARNIA_,Carbontetrachloride,1992-05-30T00:00,0.663,µg/m³,VOC,N/A
61004,CENTENNIAL PARK _SARNIA_,Carbontetrachloride,1992-06-11T00:00,0.648,µg/m³,VOC,N/A
61004,CENTENNIAL PARK _SARNIA_,Carbontetrachloride,1992-06-17T00:00,0.474,µg/m³,VOC,N/A
61004,CENTENNIAL PARK _SARNIA_,Carbontetrachloride,1992-06-23T00:00,0.438,µg/m³,VOC,N/A
61004,CENTENNIAL PARK _SARNIA_,Carbontetrachloride,1992-06-29T00:00,3.057,µg/m³,VOC,N/A
61004,CENTENNIAL PARK _SARNIA_,Carbontetrachloride,1992-07-05T00:00,0.737,µg/m³,VOC,N/A
61004,CENTENNIAL PARK _SARNIA_,Carbontetrachloride,1992-07-11T00:00,0.635,µg/m³,VOC,N/A
61004,CENTENNIAL PARK _SARNIA_,Carbontetrachloride,1992-07-17T00:00,0.765,µg/m³,VOC,N/A
61004,CENTENNIAL PARK _SARNIA_,Carbontetrachloride,1992-07-23T00:00,0.810,µg/m³,VOC,N/A
61004,CENTENNIAL PARK _SARNIA_,Carbontetrachloride,1992-08-10T00:00,0.851,µg/m³,VOC,N/A
61004,CENTENNIAL PARK _SARNIA_,Carbontetrachloride,1992-08-16T00:00,0.858,µg/m³,VOC,N/A
61004,CENTENNIAL PARK _SARNIA_,Carbontetrachloride,1992-08-22T00:00,0.775,µg/m³,VOC,N/A
61004,CENTENNIAL PARK _SARNIA_,Carbontetrachloride,1992-08-28T00:00,0.445,µg/m³,VOC,N/A
61004,CENTENNIAL PARK _SARNIA_,Carbontetrachloride,1992-09-03T00:00,0.700,µg/m³,VOC,N/A
61004,CENTENNIAL PARK _SARNIA_,Carbontetrachloride,1992-09-09T00:00,0.663,µg/m³,VOC,N/A
61004,CENTENNIAL PARK _SARNIA_,Carbontetrachloride,1992-09-15T00:00,0.954,µg/m³,VOC,N/A
61004,CENTENNIAL PARK _SARNIA_,Carbontetrachloride,1992-09-21T00:00,0.725,µg/m³,VOC,N/A
61004,CENTENNIAL PARK _SARNIA_,Carbontetrachloride,1992-09-27T00:00,0.684,µg/m³,VOC,N/A
61004,CENTENNIAL PARK _SARNIA_,Carbontetrachloride,1992-10-03T00:00,0.800,µg/m³,VOC,N/A
61004,CENTENNIAL PARK _SARNIA_,Carbontetrachloride,1992-10-09T00:00,0.675,µg/m³,VOC,N/A
61004,CENTENNIAL PARK _SARNIA_,Carbontetrachloride,1992-10-15T00:00,0.615,µg/m³,VOC,N/A
61004,CENTENNIAL PARK _SARNIA_,Carbontetrachloride,1992-10-21T00:00,0.549,µg/m³,VOC,N/A
61004,CENTENNIAL PARK _SARNIA_,Carbontetrachloride,1992-10-27T00:00,0.616,µg/m³,VOC,N/A
61004,CENTENNIAL PARK _SARNIA_,Carbontetrachloride,1992-11-14T00:00,0.544,µg/m³,VOC,N/A
61004,CENTENNIAL PARK _SARNIA_,Carbontetrachloride,1992-11-20T00:00,0.573,µg/m³,VOC,N/A
61004,CENTENNIAL PARK _SARNIA_,Carbontetrachloride,1992-11-26T00:00,0.557,µg/m³,VOC,N/A
61004,CENTENNIAL PARK _SARNIA_,Carbontetrachloride,1992-12-02T00:00,0.587,µg/m³,VOC,N/A
61004,CENTENNIAL PARK _SARNIA_,Carbontetrachloride,1992-12-08T00:00,0.556,µg/m³,VOC,N/A
61004,CENTENNIAL PARK _SARNIA_,Carbontetrachloride,1992-12-14T00:00,0.599,µg/m³,VOC,N/A
61004,CENTENNIAL PARK _SARNIA_,Carbontetrachloride,1992-12-20T00:00,0.564,µg/m³,VOC,N/A
61004,CENTENNIAL PARK _SARNIA_,Carbontetrachloride,1992-12-26T00:00,0.558,µg/m³,VOC,N/A
