﻿NAPS_Site_ID,Station_Name,Pollutant,Date,Value,Units,Report_Type,Method
100128,RICHMOND SOUTH,Benzene,1991-01-24T00:00,17.031,µg/m³,VOC,
100128,RICHMOND SOUTH,Benzene,1991-03-25T00:00,2.556,µg/m³,VOC,
100128,RICHMOND SOUTH,Benzene,1991-05-24T00:00,2.998,µg/m³,VOC,
100128,RICHMOND SOUTH,Benzene,1991-06-23T00:00,2.756,µg/m³,VOC,
100128,RICHMOND SOUTH,Benzene,1991-07-29T00:00,2.039,µg/m³,VOC,
100128,RICHMOND SOUTH,Benzene,1991-09-03T00:00,7.683,µg/m³,VOC,
100128,RICHMOND SOUTH,Benzene,1991-10-03T00:00,7.346,µg/m³,VOC,
