﻿NAPS_Site_ID,Station_Name,Pollutant,Date,Value,Units,Report_Type,Method
62601,EXPERIMENTAL FARM _SIMCOE_,Toluene,1993-02-06T00:00,3.294,µg/m³,VOC,GC-MS
62601,EXPERIMENTAL FARM _SIMCOE_,Toluene,1993-03-20T00:00,1.177,µg/m³,VOC,GC-MS
62601,EXPERIMENTAL FARM _SIMCOE_,Toluene,1993-03-26T00:00,8.177,µg/m³,VOC,GC-MS
62601,EXPERIMENTAL FARM _SIMCOE_,Toluene,1993-06-06T00:00,0.701,µg/m³,VOC,GC-MS
62601,EXPERIMENTAL FARM _SIMCOE_,Toluene,1993-06-12T00:00,1.085,µg/m³,VOC,GC-MS
62601,EXPERIMENTAL FARM _SIMCOE_,Toluene,1993-06-18T00:00,2.074,µg/m³,VOC,GC-MS
62601,EXPERIMENTAL FARM _SIMCOE_,Toluene,1993-06-24T00:00,1.379,µg/m³,VOC,GC-MS
62601,EXPERIMENTAL FARM _SIMCOE_,Toluene,1993-06-30T00:00,1.088,µg/m³,VOC,GC-MS
62601,EXPERIMENTAL FARM _SIMCOE_,Toluene,1993-07-06T00:00,1.069,µg/m³,VOC,GC-MS
62601,EXPERIMENTAL FARM _SIMCOE_,Toluene,1993-07-18T00:00,1.155,µg/m³,VOC,GC-MS
62601,EXPERIMENTAL FARM _SIMCOE_,Toluene,1993-07-24T00:00,1.380,µg/m³,VOC,GC-MS
62601,EXPERIMENTAL FARM _SIMCOE_,Toluene,1993-10-22T00:00,1.182,µg/m³,VOC,GC-MS
62601,EXPERIMENTAL FARM _SIMCOE_,Toluene,1993-10-28T00:00,1.114,µg/m³,VOC,GC-MS
62601,EXPERIMENTAL FARM _SIMCOE_,Toluene,1993-11-03T00:00,1.292,µg/m³,VOC,GC-MS
62601,EXPERIMENTAL FARM _SIMCOE_,Toluene,1993-11-09T00:00,1.802,µg/m³,VOC,GC-MS
62601,EXPERIMENTAL FARM _SIMCOE_,Toluene,1993-11-15T00:00,1.632,µg/m³,VOC,GC-MS
62601,EXPERIMENTAL FARM _SIMCOE_,Toluene,1993-11-21T00:00,0.897,µg/m³,VOC,GC-MS
62601,EXPERIMENTAL FARM _SIMCOE_,Toluene,1993-12-03T00:00,1.881,µg/m³,VOC,GC-MS
62601,EXPERIMENTAL FARM _SIMCOE_,Toluene,1993-12-09T00:00,1.318,µg/m³,VOC,GC-MS
62601,EXPERIMENTAL FARM _SIMCOE_,Toluene,1993-12-15T00:00,1.707,µg/m³,VOC,GC-MS
62601,EXPERIMENTAL FARM _SIMCOE_,Toluene,1993-12-21T00:00,1.148,µg/m³,VOC,GC-MS
62601,EXPERIMENTAL FARM _SIMCOE_,Toluene,1993-12-27T00:00,1.198,µg/m³,VOC,GC-MS
