﻿NAPS_Site_ID,Station_Name,Pollutant,Date,Value,Units,Report_Type,Method
100134,VANCOUVER INTL. AIRPORT,Nonane,2002-01-02T00:00,0.120,µg/m³,VOC,
100134,VANCOUVER INTL. AIRPORT,Nonane,2002-01-20T00:00,0.190,µg/m³,VOC,
100134,VANCOUVER INTL. AIRPORT,Nonane,2002-02-07T00:00,0.170,µg/m³,VOC,
100134,VANCOUVER INTL. AIRPORT,Nonane,2002-03-03T00:00,0.430,µg/m³,VOC,
100134,VANCOUVER INTL. AIRPORT,Nonane,2002-03-21T00:00,0.140,µg/m³,VOC,
100134,VANCOUVER INTL. AIRPORT,Nonane,2002-04-08T00:00,0.147,µg/m³,VOC,
100134,VANCOUVER INTL. AIRPORT,Nonane,2002-04-26T00:00,0.131,µg/m³,VOC,
100134,VANCOUVER INTL. AIRPORT,Nonane,2002-05-14T00:00,0.085,µg/m³,VOC,
100134,VANCOUVER INTL. AIRPORT,Nonane,2002-06-01T00:00,0.096,µg/m³,VOC,
100134,VANCOUVER INTL. AIRPORT,Nonane,2002-06-19T00:00,0.073,µg/m³,VOC,
100134,VANCOUVER INTL. AIRPORT,Nonane,2002-07-07T00:00,0.207,µg/m³,VOC,
100134,VANCOUVER INTL. AIRPORT,Nonane,2002-07-25T00:00,0.033,µg/m³,VOC,
100134,VANCOUVER INTL. AIRPORT,Nonane,2002-08-12T00:00,0.144,µg/m³,VOC,
100134,VANCOUVER INTL. AIRPORT,Nonane,2002-09-05T00:00,0.194,µg/m³,VOC,
100134,VANCOUVER INTL. AIRPORT,Nonane,2002-09-23T00:00,0.408,µg/m³,VOC,
100134,VANCOUVER INTL. AIRPORT,Nonane,2002-10-11T00:00,0.236,µg/m³,VOC,
100134,VANCOUVER INTL. AIRPORT,Nonane,2002-10-29T00:00,0.263,µg/m³,VOC,
100134,VANCOUVER INTL. AIRPORT,Nonane,2002-11-16T00:00,0.073,µg/m³,VOC,
100134,VANCOUVER INTL. AIRPORT,Nonane,2002-12-22T00:00,0.218,µg/m³,VOC,
