﻿NAPS_Site_ID,Station_Name,Pollutant,Date,Value,Units,Report_Type,Method
100128,RICHMOND SOUTH,cis-2-Butene,1990-05-05T00:00,0.489,µg/m³,VOC,N/A
100128,RICHMOND SOUTH,cis-2-Butene,1990-06-04T00:00,0.088,µg/m³,VOC,N/A
100128,RICHMOND SOUTH,cis-2-Butene,1990-06-28T00:00,0.208,µg/m³,VOC,N/A
100128,RICHMOND SOUTH,cis-2-Butene,1990-07-16T00:00,0.000,µg/m³,VOC,N/A
100128,RICHMOND SOUTH,cis-2-Butene,1990-08-15T00:00,0.130,µg/m³,VOC,N/A
100128,RICHMOND SOUTH,cis-2-Butene,1990-09-20T00:00,0.572,µg/m³,VOC,N/A
100128,RICHMOND SOUTH,cis-2-Butene,1990-10-14T00:00,0.252,µg/m³,VOC,N/A
100128,RICHMOND SOUTH,cis-2-Butene,1990-11-13T00:00,0.092,µg/m³,VOC,N/A
100128,RICHMOND SOUTH,cis-2-Butene,1990-12-13T00:00,0.291,µg/m³,VOC,N/A
