﻿NAPS_Site_ID,Station_Name,Pollutant,Date,Value,Units,Report_Type,Method
60427,GAGE INSTITUTE,123789-H6CDD,2009-01-13T00:00,0.009,pg/m³,PCDD,GC-MS
60427,GAGE INSTITUTE,123789-H6CDD,2009-02-06T00:00,0.016,pg/m³,PCDD,GC-MS
60427,GAGE INSTITUTE,123789-H6CDD,2009-03-02T00:00,0.006,pg/m³,PCDD,GC-MS
60427,GAGE INSTITUTE,123789-H6CDD,2009-03-26T00:00,0.010,pg/m³,PCDD,GC-MS
60427,GAGE INSTITUTE,123789-H6CDD,2009-04-19T00:00,0.003,pg/m³,PCDD,GC-MS
60427,GAGE INSTITUTE,123789-H6CDD,2009-06-06T00:00,0.005,pg/m³,PCDD,GC-MS
60427,GAGE INSTITUTE,123789-H6CDD,2009-07-24T00:00,0.005,pg/m³,PCDD,GC-MS
60427,GAGE INSTITUTE,123789-H6CDD,2009-08-17T00:00,0.006,pg/m³,PCDD,GC-MS
60427,GAGE INSTITUTE,123789-H6CDD,2009-10-04T00:00,0.011,pg/m³,PCDD,GC-MS
60427,GAGE INSTITUTE,123789-H6CDD,2009-10-28T00:00,0.014,pg/m³,PCDD,GC-MS
60427,GAGE INSTITUTE,123789-H6CDD,2009-11-21T00:00,0.016,pg/m³,PCDD,GC-MS
60427,GAGE INSTITUTE,123789-H6CDD,2009-12-15T00:00,0.008,pg/m³,PCDD,GC-MS
