﻿NAPS_Site_ID,Station_Name,Pollutant,Date,Value,Units,Report_Type,Method
60204,WINDSOR DOWNTOWN,Acetone,1992-01-07T00:00,6.159,µg/m³,VOC,GC-MS
60204,WINDSOR DOWNTOWN,Acetone,1992-01-13T00:00,8.758,µg/m³,VOC,GC-MS
60204,WINDSOR DOWNTOWN,Acetone,1992-01-25T00:00,4.016,µg/m³,VOC,GC-MS
60204,WINDSOR DOWNTOWN,Acetone,1992-01-31T00:00,5.785,µg/m³,VOC,GC-MS
60204,WINDSOR DOWNTOWN,Acetone,1992-02-06T00:00,13.292,µg/m³,VOC,GC-MS
60204,WINDSOR DOWNTOWN,Acetone,1992-02-12T00:00,5.199,µg/m³,VOC,GC-MS
60204,WINDSOR DOWNTOWN,Acetone,1992-02-18T00:00,8.395,µg/m³,VOC,GC-MS
60204,WINDSOR DOWNTOWN,Acetone,1992-02-24T00:00,8.078,µg/m³,VOC,GC-MS
60204,WINDSOR DOWNTOWN,Acetone,1992-03-01T00:00,6.132,µg/m³,VOC,GC-MS
60204,WINDSOR DOWNTOWN,Acetone,1992-03-07T00:00,18.556,µg/m³,VOC,GC-MS
60204,WINDSOR DOWNTOWN,Acetone,1992-03-13T00:00,4.675,µg/m³,VOC,GC-MS
60204,WINDSOR DOWNTOWN,Acetone,1992-03-19T00:00,7.268,µg/m³,VOC,GC-MS
60204,WINDSOR DOWNTOWN,Acetone,1992-03-25T00:00,43.769,µg/m³,VOC,GC-MS
60204,WINDSOR DOWNTOWN,Acetone,1992-03-31T00:00,5.609,µg/m³,VOC,GC-MS
60204,WINDSOR DOWNTOWN,Acetone,1992-04-06T00:00,9.066,µg/m³,VOC,GC-MS
60204,WINDSOR DOWNTOWN,Acetone,1992-04-12T00:00,4.426,µg/m³,VOC,GC-MS
60204,WINDSOR DOWNTOWN,Acetone,1992-04-18T00:00,5.085,µg/m³,VOC,GC-MS
60204,WINDSOR DOWNTOWN,Acetone,1992-04-24T00:00,7.216,µg/m³,VOC,GC-MS
60204,WINDSOR DOWNTOWN,Acetone,1992-04-30T00:00,9.131,µg/m³,VOC,GC-MS
60204,WINDSOR DOWNTOWN,Acetone,1992-05-06T00:00,6.897,µg/m³,VOC,GC-MS
60204,WINDSOR DOWNTOWN,Acetone,1992-05-12T00:00,10.781,µg/m³,VOC,GC-MS
60204,WINDSOR DOWNTOWN,Acetone,1992-05-18T00:00,7.446,µg/m³,VOC,GC-MS
60204,WINDSOR DOWNTOWN,Acetone,1992-05-24T00:00,2.074,µg/m³,VOC,GC-MS
60204,WINDSOR DOWNTOWN,Acetone,1992-05-30T00:00,3.236,µg/m³,VOC,GC-MS
60204,WINDSOR DOWNTOWN,Acetone,1992-06-05T00:00,5.071,µg/m³,VOC,GC-MS
60204,WINDSOR DOWNTOWN,Acetone,1992-06-11T00:00,11.478,µg/m³,VOC,GC-MS
60204,WINDSOR DOWNTOWN,Acetone,1992-06-17T00:00,5.051,µg/m³,VOC,GC-MS
60204,WINDSOR DOWNTOWN,Acetone,1992-06-23T00:00,6.264,µg/m³,VOC,GC-MS
60204,WINDSOR DOWNTOWN,Acetone,1992-06-29T00:00,9.686,µg/m³,VOC,GC-MS
60204,WINDSOR DOWNTOWN,Acetone,1992-07-05T00:00,3.095,µg/m³,VOC,GC-MS
60204,WINDSOR DOWNTOWN,Acetone,1992-07-11T00:00,5.118,µg/m³,VOC,GC-MS
60204,WINDSOR DOWNTOWN,Acetone,1992-08-04T00:00,4.193,µg/m³,VOC,GC-MS
60204,WINDSOR DOWNTOWN,Acetone,1992-08-16T00:00,4.813,µg/m³,VOC,GC-MS
60204,WINDSOR DOWNTOWN,Acetone,1992-08-22T00:00,9.029,µg/m³,VOC,GC-MS
60204,WINDSOR DOWNTOWN,Acetone,1992-09-15T00:00,6.191,µg/m³,VOC,GC-MS
60204,WINDSOR DOWNTOWN,Acetone,1992-09-27T00:00,3.048,µg/m³,VOC,GC-MS
60204,WINDSOR DOWNTOWN,Acetone,1992-10-03T00:00,5.132,µg/m³,VOC,GC-MS
60204,WINDSOR DOWNTOWN,Acetone,1992-10-09T00:00,6.464,µg/m³,VOC,GC-MS
60204,WINDSOR DOWNTOWN,Acetone,1992-10-21T00:00,4.462,µg/m³,VOC,GC-MS
60204,WINDSOR DOWNTOWN,Acetone,1992-10-27T00:00,7.586,µg/m³,VOC,GC-MS
60204,WINDSOR DOWNTOWN,Acetone,1992-11-02T00:00,10.880,µg/m³,VOC,GC-MS
60204,WINDSOR DOWNTOWN,Acetone,1992-11-08T00:00,3.119,µg/m³,VOC,GC-MS
60204,WINDSOR DOWNTOWN,Acetone,1992-11-14T00:00,1.651,µg/m³,VOC,GC-MS
60204,WINDSOR DOWNTOWN,Acetone,1992-11-20T00:00,4.015,µg/m³,VOC,GC-MS
60204,WINDSOR DOWNTOWN,Acetone,1992-11-26T00:00,4.680,µg/m³,VOC,GC-MS
60204,WINDSOR DOWNTOWN,Acetone,1992-12-02T00:00,6.507,µg/m³,VOC,GC-MS
60204,WINDSOR DOWNTOWN,Acetone,1992-12-08T00:00,9.368,µg/m³,VOC,GC-MS
60204,WINDSOR DOWNTOWN,Acetone,1992-12-14T00:00,13.699,µg/m³,VOC,GC-MS
60204,WINDSOR DOWNTOWN,Acetone,1992-12-20T00:00,7.072,µg/m³,VOC,GC-MS
60204,WINDSOR DOWNTOWN,Acetone,1992-12-26T00:00,5.170,µg/m³,VOC,GC-MS
