﻿NAPS_Site_ID,Station_Name,Pollutant,Date,Value,Units,Report_Type,Method
50902,SAGUENAY-PARC POWELL,TCDF,1997-01-04T00:00,0.969,pg/m³,PCDD,N/A
50902,SAGUENAY-PARC POWELL,TCDF,1997-01-28T00:00,0.919,pg/m³,PCDD,N/A
50902,SAGUENAY-PARC POWELL,TCDF,1997-02-21T00:00,0.094,pg/m³,PCDD,N/A
50902,SAGUENAY-PARC POWELL,TCDF,1997-05-04T00:00,0.107,pg/m³,PCDD,N/A
50902,SAGUENAY-PARC POWELL,TCDF,1997-06-09T00:00,0.181,pg/m³,PCDD,N/A
50902,SAGUENAY-PARC POWELL,TCDF,1997-07-15T00:00,0.484,pg/m³,PCDD,N/A
50902,SAGUENAY-PARC POWELL,TCDF,1997-09-01T00:00,0.233,pg/m³,PCDD,N/A
50902,SAGUENAY-PARC POWELL,TCDF,1997-09-25T00:00,0.574,pg/m³,PCDD,N/A
50902,SAGUENAY-PARC POWELL,TCDF,1997-10-19T00:00,0.511,pg/m³,PCDD,N/A
50902,SAGUENAY-PARC POWELL,TCDF,1997-11-12T00:00,0.127,pg/m³,PCDD,N/A
50902,SAGUENAY-PARC POWELL,TCDF,1997-12-06T00:00,0.113,pg/m³,PCDD,N/A
50902,SAGUENAY-PARC POWELL,TCDF,1997-12-30T00:00,0.330,pg/m³,PCDD,N/A
