﻿NAPS_Site_ID,Station_Name,Pollutant,Date,Value,Units,Report_Type,Method
10102,WATER STREET POST OFFICE,Ethylbenzene,2007-01-24T00:00,0.374,µg/m³,VOC,N/A
10102,WATER STREET POST OFFICE,Ethylbenzene,2007-01-30T00:00,0.139,µg/m³,VOC,N/A
10102,WATER STREET POST OFFICE,Ethylbenzene,2007-02-05T00:00,0.245,µg/m³,VOC,N/A
10102,WATER STREET POST OFFICE,Ethylbenzene,2007-02-11T00:00,0.222,µg/m³,VOC,N/A
10102,WATER STREET POST OFFICE,Ethylbenzene,2007-02-17T00:00,0.186,µg/m³,VOC,N/A
10102,WATER STREET POST OFFICE,Ethylbenzene,2007-02-23T00:00,0.328,µg/m³,VOC,N/A
10102,WATER STREET POST OFFICE,Ethylbenzene,2007-03-01T00:00,0.311,µg/m³,VOC,N/A
10102,WATER STREET POST OFFICE,Ethylbenzene,2007-03-07T00:00,0.129,µg/m³,VOC,N/A
10102,WATER STREET POST OFFICE,Ethylbenzene,2007-03-13T00:00,0.228,µg/m³,VOC,N/A
10102,WATER STREET POST OFFICE,Ethylbenzene,2007-03-19T00:00,0.120,µg/m³,VOC,N/A
10102,WATER STREET POST OFFICE,Ethylbenzene,2007-03-25T00:00,0.259,µg/m³,VOC,N/A
10102,WATER STREET POST OFFICE,Ethylbenzene,2007-03-31T00:00,0.124,µg/m³,VOC,N/A
10102,WATER STREET POST OFFICE,Ethylbenzene,2007-04-06T00:00,0.324,µg/m³,VOC,N/A
10102,WATER STREET POST OFFICE,Ethylbenzene,2007-04-12T00:00,0.212,µg/m³,VOC,N/A
10102,WATER STREET POST OFFICE,Ethylbenzene,2007-04-18T00:00,0.774,µg/m³,VOC,N/A
10102,WATER STREET POST OFFICE,Ethylbenzene,2007-04-24T00:00,0.268,µg/m³,VOC,N/A
10102,WATER STREET POST OFFICE,Ethylbenzene,2007-04-30T00:00,0.336,µg/m³,VOC,N/A
10102,WATER STREET POST OFFICE,Ethylbenzene,2007-05-06T00:00,0.174,µg/m³,VOC,N/A
10102,WATER STREET POST OFFICE,Ethylbenzene,2007-05-12T00:00,0.214,µg/m³,VOC,N/A
10102,WATER STREET POST OFFICE,Ethylbenzene,2007-05-18T00:00,0.281,µg/m³,VOC,N/A
10102,WATER STREET POST OFFICE,Ethylbenzene,2007-05-24T00:00,0.487,µg/m³,VOC,N/A
10102,WATER STREET POST OFFICE,Ethylbenzene,2007-05-30T00:00,0.291,µg/m³,VOC,N/A
10102,WATER STREET POST OFFICE,Ethylbenzene,2007-06-05T00:00,0.137,µg/m³,VOC,N/A
10102,WATER STREET POST OFFICE,Ethylbenzene,2007-06-11T00:00,0.505,µg/m³,VOC,N/A
10102,WATER STREET POST OFFICE,Ethylbenzene,2007-06-17T00:00,0.311,µg/m³,VOC,N/A
10102,WATER STREET POST OFFICE,Ethylbenzene,2007-06-23T00:00,0.184,µg/m³,VOC,N/A
10102,WATER STREET POST OFFICE,Ethylbenzene,2007-06-29T00:00,0.592,µg/m³,VOC,N/A
10102,WATER STREET POST OFFICE,Ethylbenzene,2007-07-11T00:00,0.305,µg/m³,VOC,N/A
10102,WATER STREET POST OFFICE,Ethylbenzene,2007-07-17T00:00,0.399,µg/m³,VOC,N/A
10102,WATER STREET POST OFFICE,Ethylbenzene,2007-07-23T00:00,0.287,µg/m³,VOC,N/A
10102,WATER STREET POST OFFICE,Ethylbenzene,2007-07-29T00:00,0.473,µg/m³,VOC,N/A
10102,WATER STREET POST OFFICE,Ethylbenzene,2007-08-04T00:00,0.177,µg/m³,VOC,N/A
10102,WATER STREET POST OFFICE,Ethylbenzene,2007-08-10T00:00,0.155,µg/m³,VOC,N/A
10102,WATER STREET POST OFFICE,Ethylbenzene,2007-08-16T00:00,0.146,µg/m³,VOC,N/A
10102,WATER STREET POST OFFICE,Ethylbenzene,2007-08-22T00:00,0.560,µg/m³,VOC,N/A
10102,WATER STREET POST OFFICE,Ethylbenzene,2007-08-28T00:00,0.409,µg/m³,VOC,N/A
10102,WATER STREET POST OFFICE,Ethylbenzene,2007-09-03T00:00,0.243,µg/m³,VOC,N/A
10102,WATER STREET POST OFFICE,Ethylbenzene,2007-09-09T00:00,0.386,µg/m³,VOC,N/A
10102,WATER STREET POST OFFICE,Ethylbenzene,2007-09-15T00:00,0.369,µg/m³,VOC,N/A
10102,WATER STREET POST OFFICE,Ethylbenzene,2007-09-21T00:00,0.307,µg/m³,VOC,N/A
10102,WATER STREET POST OFFICE,Ethylbenzene,2007-09-27T00:00,0.351,µg/m³,VOC,N/A
10102,WATER STREET POST OFFICE,Ethylbenzene,2007-10-03T00:00,0.236,µg/m³,VOC,N/A
10102,WATER STREET POST OFFICE,Ethylbenzene,2007-10-09T00:00,0.300,µg/m³,VOC,N/A
10102,WATER STREET POST OFFICE,Ethylbenzene,2007-10-15T00:00,0.255,µg/m³,VOC,N/A
10102,WATER STREET POST OFFICE,Ethylbenzene,2007-10-21T00:00,0.077,µg/m³,VOC,N/A
10102,WATER STREET POST OFFICE,Ethylbenzene,2007-10-27T00:00,0.207,µg/m³,VOC,N/A
10102,WATER STREET POST OFFICE,Ethylbenzene,2007-11-08T00:00,0.162,µg/m³,VOC,N/A
10102,WATER STREET POST OFFICE,Ethylbenzene,2007-11-14T00:00,0.265,µg/m³,VOC,N/A
10102,WATER STREET POST OFFICE,Ethylbenzene,2007-11-20T00:00,0.395,µg/m³,VOC,N/A
10102,WATER STREET POST OFFICE,Ethylbenzene,2007-11-26T00:00,0.196,µg/m³,VOC,N/A
10102,WATER STREET POST OFFICE,Ethylbenzene,2007-12-08T00:00,0.127,µg/m³,VOC,N/A
10102,WATER STREET POST OFFICE,Ethylbenzene,2007-12-26T00:00,0.183,µg/m³,VOC,N/A
