﻿NAPS_Site_ID,Station_Name,Pollutant,Date,Value,Units,Report_Type,Method
62601,EXPERIMENTAL FARM _SIMCOE_,"1,3,5-Trimethylbenzene",2004-01-01T00:00,0.005,µg/m³,VOC,GC-MS
62601,EXPERIMENTAL FARM _SIMCOE_,"1,3,5-Trimethylbenzene",2004-01-04T00:00,0.011,µg/m³,VOC,GC-MS
62601,EXPERIMENTAL FARM _SIMCOE_,"1,3,5-Trimethylbenzene",2004-01-10T00:00,0.002,µg/m³,VOC,GC-MS
62601,EXPERIMENTAL FARM _SIMCOE_,"1,3,5-Trimethylbenzene",2004-01-13T00:00,0.002,µg/m³,VOC,GC-MS
62601,EXPERIMENTAL FARM _SIMCOE_,"1,3,5-Trimethylbenzene",2004-01-16T00:00,0.002,µg/m³,VOC,GC-MS
62601,EXPERIMENTAL FARM _SIMCOE_,"1,3,5-Trimethylbenzene",2004-01-19T00:00,0.004,µg/m³,VOC,GC-MS
62601,EXPERIMENTAL FARM _SIMCOE_,"1,3,5-Trimethylbenzene",2004-01-22T00:00,0.002,µg/m³,VOC,GC-MS
62601,EXPERIMENTAL FARM _SIMCOE_,"1,3,5-Trimethylbenzene",2004-01-25T00:00,0.004,µg/m³,VOC,GC-MS
62601,EXPERIMENTAL FARM _SIMCOE_,"1,3,5-Trimethylbenzene",2004-01-28T00:00,0.008,µg/m³,VOC,GC-MS
62601,EXPERIMENTAL FARM _SIMCOE_,"1,3,5-Trimethylbenzene",2004-01-31T00:00,0.007,µg/m³,VOC,GC-MS
62601,EXPERIMENTAL FARM _SIMCOE_,"1,3,5-Trimethylbenzene",2004-02-06T00:00,0.021,µg/m³,VOC,GC-MS
62601,EXPERIMENTAL FARM _SIMCOE_,"1,3,5-Trimethylbenzene",2004-02-09T00:00,0.014,µg/m³,VOC,GC-MS
62601,EXPERIMENTAL FARM _SIMCOE_,"1,3,5-Trimethylbenzene",2004-02-12T00:00,0.019,µg/m³,VOC,GC-MS
62601,EXPERIMENTAL FARM _SIMCOE_,"1,3,5-Trimethylbenzene",2004-02-15T00:00,0.000,µg/m³,VOC,GC-MS
62601,EXPERIMENTAL FARM _SIMCOE_,"1,3,5-Trimethylbenzene",2004-02-18T00:00,0.007,µg/m³,VOC,GC-MS
62601,EXPERIMENTAL FARM _SIMCOE_,"1,3,5-Trimethylbenzene",2004-02-21T00:00,0.006,µg/m³,VOC,GC-MS
62601,EXPERIMENTAL FARM _SIMCOE_,"1,3,5-Trimethylbenzene",2004-02-24T00:00,0.027,µg/m³,VOC,GC-MS
62601,EXPERIMENTAL FARM _SIMCOE_,"1,3,5-Trimethylbenzene",2004-02-27T00:00,0.032,µg/m³,VOC,GC-MS
62601,EXPERIMENTAL FARM _SIMCOE_,"1,3,5-Trimethylbenzene",2004-03-01T00:00,0.020,µg/m³,VOC,GC-MS
62601,EXPERIMENTAL FARM _SIMCOE_,"1,3,5-Trimethylbenzene",2004-03-04T00:00,0.032,µg/m³,VOC,GC-MS
62601,EXPERIMENTAL FARM _SIMCOE_,"1,3,5-Trimethylbenzene",2004-03-07T00:00,0.025,µg/m³,VOC,GC-MS
62601,EXPERIMENTAL FARM _SIMCOE_,"1,3,5-Trimethylbenzene",2004-03-10T00:00,0.003,µg/m³,VOC,GC-MS
62601,EXPERIMENTAL FARM _SIMCOE_,"1,3,5-Trimethylbenzene",2004-03-13T00:00,0.003,µg/m³,VOC,GC-MS
62601,EXPERIMENTAL FARM _SIMCOE_,"1,3,5-Trimethylbenzene",2004-03-16T00:00,0.003,µg/m³,VOC,GC-MS
62601,EXPERIMENTAL FARM _SIMCOE_,"1,3,5-Trimethylbenzene",2004-03-19T00:00,0.003,µg/m³,VOC,GC-MS
62601,EXPERIMENTAL FARM _SIMCOE_,"1,3,5-Trimethylbenzene",2004-05-12T00:00,0.009,µg/m³,VOC,GC-MS
62601,EXPERIMENTAL FARM _SIMCOE_,"1,3,5-Trimethylbenzene",2004-05-15T00:00,0.007,µg/m³,VOC,GC-MS
62601,EXPERIMENTAL FARM _SIMCOE_,"1,3,5-Trimethylbenzene",2004-05-18T00:00,0.015,µg/m³,VOC,GC-MS
62601,EXPERIMENTAL FARM _SIMCOE_,"1,3,5-Trimethylbenzene",2004-05-21T00:00,0.007,µg/m³,VOC,GC-MS
62601,EXPERIMENTAL FARM _SIMCOE_,"1,3,5-Trimethylbenzene",2004-05-27T00:00,0.011,µg/m³,VOC,GC-MS
62601,EXPERIMENTAL FARM _SIMCOE_,"1,3,5-Trimethylbenzene",2004-05-30T00:00,0.005,µg/m³,VOC,GC-MS
62601,EXPERIMENTAL FARM _SIMCOE_,"1,3,5-Trimethylbenzene",2004-06-02T00:00,0.063,µg/m³,VOC,GC-MS
62601,EXPERIMENTAL FARM _SIMCOE_,"1,3,5-Trimethylbenzene",2004-06-05T00:00,0.006,µg/m³,VOC,GC-MS
62601,EXPERIMENTAL FARM _SIMCOE_,"1,3,5-Trimethylbenzene",2004-06-08T00:00,0.014,µg/m³,VOC,GC-MS
62601,EXPERIMENTAL FARM _SIMCOE_,"1,3,5-Trimethylbenzene",2004-06-14T00:00,0.006,µg/m³,VOC,GC-MS
62601,EXPERIMENTAL FARM _SIMCOE_,"1,3,5-Trimethylbenzene",2004-06-17T00:00,0.039,µg/m³,VOC,GC-MS
62601,EXPERIMENTAL FARM _SIMCOE_,"1,3,5-Trimethylbenzene",2004-06-20T00:00,0.008,µg/m³,VOC,GC-MS
62601,EXPERIMENTAL FARM _SIMCOE_,"1,3,5-Trimethylbenzene",2004-06-23T00:00,0.011,µg/m³,VOC,GC-MS
62601,EXPERIMENTAL FARM _SIMCOE_,"1,3,5-Trimethylbenzene",2004-06-26T00:00,0.004,µg/m³,VOC,GC-MS
62601,EXPERIMENTAL FARM _SIMCOE_,"1,3,5-Trimethylbenzene",2004-06-29T00:00,0.015,µg/m³,VOC,GC-MS
62601,EXPERIMENTAL FARM _SIMCOE_,"1,3,5-Trimethylbenzene",2004-07-02T00:00,0.007,µg/m³,VOC,GC-MS
62601,EXPERIMENTAL FARM _SIMCOE_,"1,3,5-Trimethylbenzene",2004-07-05T00:00,0.008,µg/m³,VOC,GC-MS
62601,EXPERIMENTAL FARM _SIMCOE_,"1,3,5-Trimethylbenzene",2004-07-08T00:00,0.021,µg/m³,VOC,GC-MS
62601,EXPERIMENTAL FARM _SIMCOE_,"1,3,5-Trimethylbenzene",2004-07-11T00:00,0.005,µg/m³,VOC,GC-MS
62601,EXPERIMENTAL FARM _SIMCOE_,"1,3,5-Trimethylbenzene",2004-07-14T00:00,0.012,µg/m³,VOC,GC-MS
62601,EXPERIMENTAL FARM _SIMCOE_,"1,3,5-Trimethylbenzene",2004-07-20T00:00,0.007,µg/m³,VOC,GC-MS
62601,EXPERIMENTAL FARM _SIMCOE_,"1,3,5-Trimethylbenzene",2004-07-23T00:00,0.010,µg/m³,VOC,GC-MS
62601,EXPERIMENTAL FARM _SIMCOE_,"1,3,5-Trimethylbenzene",2004-07-26T00:00,0.006,µg/m³,VOC,GC-MS
62601,EXPERIMENTAL FARM _SIMCOE_,"1,3,5-Trimethylbenzene",2004-07-29T00:00,0.004,µg/m³,VOC,GC-MS
62601,EXPERIMENTAL FARM _SIMCOE_,"1,3,5-Trimethylbenzene",2004-08-01T00:00,0.005,µg/m³,VOC,GC-MS
62601,EXPERIMENTAL FARM _SIMCOE_,"1,3,5-Trimethylbenzene",2004-08-04T00:00,0.018,µg/m³,VOC,GC-MS
62601,EXPERIMENTAL FARM _SIMCOE_,"1,3,5-Trimethylbenzene",2004-08-07T00:00,0.008,µg/m³,VOC,GC-MS
62601,EXPERIMENTAL FARM _SIMCOE_,"1,3,5-Trimethylbenzene",2004-08-10T00:00,0.009,µg/m³,VOC,GC-MS
62601,EXPERIMENTAL FARM _SIMCOE_,"1,3,5-Trimethylbenzene",2004-08-13T00:00,0.023,µg/m³,VOC,GC-MS
62601,EXPERIMENTAL FARM _SIMCOE_,"1,3,5-Trimethylbenzene",2004-08-16T00:00,0.004,µg/m³,VOC,GC-MS
62601,EXPERIMENTAL FARM _SIMCOE_,"1,3,5-Trimethylbenzene",2004-08-22T00:00,0.008,µg/m³,VOC,GC-MS
62601,EXPERIMENTAL FARM _SIMCOE_,"1,3,5-Trimethylbenzene",2004-08-25T00:00,0.004,µg/m³,VOC,GC-MS
62601,EXPERIMENTAL FARM _SIMCOE_,"1,3,5-Trimethylbenzene",2004-08-28T00:00,0.007,µg/m³,VOC,GC-MS
62601,EXPERIMENTAL FARM _SIMCOE_,"1,3,5-Trimethylbenzene",2004-08-31T00:00,0.007,µg/m³,VOC,GC-MS
62601,EXPERIMENTAL FARM _SIMCOE_,"1,3,5-Trimethylbenzene",2004-09-03T00:00,0.003,µg/m³,VOC,GC-MS
62601,EXPERIMENTAL FARM _SIMCOE_,"1,3,5-Trimethylbenzene",2004-09-06T00:00,0.003,µg/m³,VOC,GC-MS
62601,EXPERIMENTAL FARM _SIMCOE_,"1,3,5-Trimethylbenzene",2004-09-09T00:00,0.005,µg/m³,VOC,GC-MS
62601,EXPERIMENTAL FARM _SIMCOE_,"1,3,5-Trimethylbenzene",2004-09-12T00:00,0.007,µg/m³,VOC,GC-MS
62601,EXPERIMENTAL FARM _SIMCOE_,"1,3,5-Trimethylbenzene",2004-09-15T00:00,0.002,µg/m³,VOC,GC-MS
62601,EXPERIMENTAL FARM _SIMCOE_,"1,3,5-Trimethylbenzene",2004-09-18T00:00,0.005,µg/m³,VOC,GC-MS
62601,EXPERIMENTAL FARM _SIMCOE_,"1,3,5-Trimethylbenzene",2004-09-21T00:00,0.015,µg/m³,VOC,GC-MS
62601,EXPERIMENTAL FARM _SIMCOE_,"1,3,5-Trimethylbenzene",2004-09-27T00:00,0.011,µg/m³,VOC,GC-MS
62601,EXPERIMENTAL FARM _SIMCOE_,"1,3,5-Trimethylbenzene",2004-09-30T00:00,0.011,µg/m³,VOC,GC-MS
62601,EXPERIMENTAL FARM _SIMCOE_,"1,3,5-Trimethylbenzene",2004-10-03T00:00,0.007,µg/m³,VOC,GC-MS
62601,EXPERIMENTAL FARM _SIMCOE_,"1,3,5-Trimethylbenzene",2004-10-06T00:00,0.014,µg/m³,VOC,GC-MS
62601,EXPERIMENTAL FARM _SIMCOE_,"1,3,5-Trimethylbenzene",2004-10-09T00:00,0.004,µg/m³,VOC,GC-MS
62601,EXPERIMENTAL FARM _SIMCOE_,"1,3,5-Trimethylbenzene",2004-10-12T00:00,0.007,µg/m³,VOC,GC-MS
62601,EXPERIMENTAL FARM _SIMCOE_,"1,3,5-Trimethylbenzene",2004-10-15T00:00,0.011,µg/m³,VOC,GC-MS
62601,EXPERIMENTAL FARM _SIMCOE_,"1,3,5-Trimethylbenzene",2004-10-18T00:00,0.010,µg/m³,VOC,GC-MS
62601,EXPERIMENTAL FARM _SIMCOE_,"1,3,5-Trimethylbenzene",2004-10-21T00:00,0.022,µg/m³,VOC,GC-MS
62601,EXPERIMENTAL FARM _SIMCOE_,"1,3,5-Trimethylbenzene",2004-10-24T00:00,0.015,µg/m³,VOC,GC-MS
62601,EXPERIMENTAL FARM _SIMCOE_,"1,3,5-Trimethylbenzene",2004-10-27T00:00,0.013,µg/m³,VOC,GC-MS
62601,EXPERIMENTAL FARM _SIMCOE_,"1,3,5-Trimethylbenzene",2004-10-30T00:00,0.011,µg/m³,VOC,GC-MS
62601,EXPERIMENTAL FARM _SIMCOE_,"1,3,5-Trimethylbenzene",2004-11-02T00:00,0.046,µg/m³,VOC,GC-MS
62601,EXPERIMENTAL FARM _SIMCOE_,"1,3,5-Trimethylbenzene",2004-11-05T00:00,0.015,µg/m³,VOC,GC-MS
62601,EXPERIMENTAL FARM _SIMCOE_,"1,3,5-Trimethylbenzene",2004-11-05T00:00,0.045,µg/m³,VOC,GC-MS
62601,EXPERIMENTAL FARM _SIMCOE_,"1,3,5-Trimethylbenzene",2004-11-08T00:00,0.004,µg/m³,VOC,GC-MS
62601,EXPERIMENTAL FARM _SIMCOE_,"1,3,5-Trimethylbenzene",2004-11-11T00:00,0.043,µg/m³,VOC,GC-MS
62601,EXPERIMENTAL FARM _SIMCOE_,"1,3,5-Trimethylbenzene",2004-11-14T00:00,0.028,µg/m³,VOC,GC-MS
62601,EXPERIMENTAL FARM _SIMCOE_,"1,3,5-Trimethylbenzene",2004-11-17T00:00,0.016,µg/m³,VOC,GC-MS
62601,EXPERIMENTAL FARM _SIMCOE_,"1,3,5-Trimethylbenzene",2004-11-20T00:00,0.017,µg/m³,VOC,GC-MS
62601,EXPERIMENTAL FARM _SIMCOE_,"1,3,5-Trimethylbenzene",2004-11-20T00:00,0.052,µg/m³,VOC,GC-MS
62601,EXPERIMENTAL FARM _SIMCOE_,"1,3,5-Trimethylbenzene",2004-11-23T00:00,0.006,µg/m³,VOC,GC-MS
62601,EXPERIMENTAL FARM _SIMCOE_,"1,3,5-Trimethylbenzene",2004-11-23T00:00,0.032,µg/m³,VOC,GC-MS
62601,EXPERIMENTAL FARM _SIMCOE_,"1,3,5-Trimethylbenzene",2004-11-26T00:00,0.013,µg/m³,VOC,GC-MS
62601,EXPERIMENTAL FARM _SIMCOE_,"1,3,5-Trimethylbenzene",2004-11-26T00:00,0.024,µg/m³,VOC,GC-MS
62601,EXPERIMENTAL FARM _SIMCOE_,"1,3,5-Trimethylbenzene",2004-11-29T00:00,0.004,µg/m³,VOC,GC-MS
62601,EXPERIMENTAL FARM _SIMCOE_,"1,3,5-Trimethylbenzene",2004-11-29T00:00,0.025,µg/m³,VOC,GC-MS
62601,EXPERIMENTAL FARM _SIMCOE_,"1,3,5-Trimethylbenzene",2004-12-02T00:00,0.008,µg/m³,VOC,GC-MS
62601,EXPERIMENTAL FARM _SIMCOE_,"1,3,5-Trimethylbenzene",2004-12-02T00:00,0.024,µg/m³,VOC,GC-MS
62601,EXPERIMENTAL FARM _SIMCOE_,"1,3,5-Trimethylbenzene",2004-12-05T00:00,0.004,µg/m³,VOC,GC-MS
62601,EXPERIMENTAL FARM _SIMCOE_,"1,3,5-Trimethylbenzene",2004-12-11T00:00,0.007,µg/m³,VOC,GC-MS
62601,EXPERIMENTAL FARM _SIMCOE_,"1,3,5-Trimethylbenzene",2004-12-11T00:00,0.010,µg/m³,VOC,GC-MS
62601,EXPERIMENTAL FARM _SIMCOE_,"1,3,5-Trimethylbenzene",2004-12-14T00:00,0.008,µg/m³,VOC,GC-MS
62601,EXPERIMENTAL FARM _SIMCOE_,"1,3,5-Trimethylbenzene",2004-12-14T00:00,0.017,µg/m³,VOC,GC-MS
62601,EXPERIMENTAL FARM _SIMCOE_,"1,3,5-Trimethylbenzene",2004-12-17T00:00,0.007,µg/m³,VOC,GC-MS
62601,EXPERIMENTAL FARM _SIMCOE_,"1,3,5-Trimethylbenzene",2004-12-17T00:00,0.029,µg/m³,VOC,GC-MS
62601,EXPERIMENTAL FARM _SIMCOE_,"1,3,5-Trimethylbenzene",2004-12-20T00:00,0.006,µg/m³,VOC,GC-MS
62601,EXPERIMENTAL FARM _SIMCOE_,"1,3,5-Trimethylbenzene",2004-12-20T00:00,0.008,µg/m³,VOC,GC-MS
62601,EXPERIMENTAL FARM _SIMCOE_,"1,3,5-Trimethylbenzene",2004-12-23T00:00,0.007,µg/m³,VOC,GC-MS
62601,EXPERIMENTAL FARM _SIMCOE_,"1,3,5-Trimethylbenzene",2004-12-23T00:00,0.015,µg/m³,VOC,GC-MS
62601,EXPERIMENTAL FARM _SIMCOE_,"1,3,5-Trimethylbenzene",2004-12-26T00:00,0.005,µg/m³,VOC,GC-MS
62601,EXPERIMENTAL FARM _SIMCOE_,"1,3,5-Trimethylbenzene",2004-12-26T00:00,0.023,µg/m³,VOC,GC-MS
62601,EXPERIMENTAL FARM _SIMCOE_,"1,3,5-Trimethylbenzene",2004-12-29T00:00,0.020,µg/m³,VOC,GC-MS
62601,EXPERIMENTAL FARM _SIMCOE_,"1,3,5-Trimethylbenzene",2004-12-29T00:00,0.027,µg/m³,VOC,GC-MS
