﻿NAPS_Site_ID,Station_Name,Pollutant,Date,Value,Units,Report_Type,Method
100112,DOWNTOWN VANCOUVER,Methylcyclohexane,2006-01-11T00:00,0.198,µg/m³,VOC,GC-MS
100112,DOWNTOWN VANCOUVER,Methylcyclohexane,2006-01-29T00:00,0.353,µg/m³,VOC,GC-MS
100112,DOWNTOWN VANCOUVER,Methylcyclohexane,2006-02-16T00:00,0.210,µg/m³,VOC,GC-MS
100112,DOWNTOWN VANCOUVER,Methylcyclohexane,2006-03-06T00:00,0.172,µg/m³,VOC,GC-MS
100112,DOWNTOWN VANCOUVER,Methylcyclohexane,2006-03-24T00:00,0.251,µg/m³,VOC,GC-MS
100112,DOWNTOWN VANCOUVER,Methylcyclohexane,2006-05-17T00:00,0.280,µg/m³,VOC,GC-MS
100112,DOWNTOWN VANCOUVER,Methylcyclohexane,2006-07-10T00:00,0.188,µg/m³,VOC,GC-MS
100112,DOWNTOWN VANCOUVER,Methylcyclohexane,2006-09-02T00:00,0.916,µg/m³,VOC,GC-MS
100112,DOWNTOWN VANCOUVER,Methylcyclohexane,2006-09-20T00:00,0.282,µg/m³,VOC,GC-MS
100112,DOWNTOWN VANCOUVER,Methylcyclohexane,2006-10-08T00:00,0.104,µg/m³,VOC,GC-MS
100112,DOWNTOWN VANCOUVER,Methylcyclohexane,2006-10-26T00:00,0.307,µg/m³,VOC,GC-MS
100112,DOWNTOWN VANCOUVER,Methylcyclohexane,2006-11-19T00:00,0.173,µg/m³,VOC,GC-MS
100112,DOWNTOWN VANCOUVER,Methylcyclohexane,2006-12-07T00:00,2.011,µg/m³,VOC,GC-MS
100112,DOWNTOWN VANCOUVER,Methylcyclohexane,2006-12-25T00:00,0.116,µg/m³,VOC,GC-MS
