﻿NAPS_Site_ID,Station_Name,Pollutant,Date,Value,Units,Report_Type,Method
50129,MONTRÉAL-RIVIÈRE-DES-PRAIRIES,1234789-H7CDF,2011-01-26T19:00,0.000,pg/m³,PCDD,GC-MS
50129,MONTRÉAL-RIVIÈRE-DES-PRAIRIES,1234789-H7CDF,2011-03-03T19:00,0.017,pg/m³,PCDD,GC-MS
50129,MONTRÉAL-RIVIÈRE-DES-PRAIRIES,1234789-H7CDF,2011-04-08T20:00,0.003,pg/m³,PCDD,GC-MS
50129,MONTRÉAL-RIVIÈRE-DES-PRAIRIES,1234789-H7CDF,2011-05-02T20:00,0.000,pg/m³,PCDD,GC-MS
50129,MONTRÉAL-RIVIÈRE-DES-PRAIRIES,1234789-H7CDF,2011-05-26T20:00,0.000,pg/m³,PCDD,GC-MS
50129,MONTRÉAL-RIVIÈRE-DES-PRAIRIES,1234789-H7CDF,2011-07-13T20:00,0.005,pg/m³,PCDD,GC-MS
50129,MONTRÉAL-RIVIÈRE-DES-PRAIRIES,1234789-H7CDF,2011-08-06T20:00,0.000,pg/m³,PCDD,GC-MS
50129,MONTRÉAL-RIVIÈRE-DES-PRAIRIES,1234789-H7CDF,2011-08-30T20:00,0.002,pg/m³,PCDD,GC-MS
50129,MONTRÉAL-RIVIÈRE-DES-PRAIRIES,1234789-H7CDF,2011-09-23T20:00,0.003,pg/m³,PCDD,GC-MS
