﻿NAPS_Site_ID,Station_Name,Pollutant,Date,Value,Units,Report_Type,Method
30501,KEJIMKUJIK NATIONAL PARK,Ethylbenzene,1998-03-24T00:00,0.055,µg/m³,VOC,
30501,KEJIMKUJIK NATIONAL PARK,Ethylbenzene,1998-03-24T00:00,0.059,µg/m³,VOC,
30501,KEJIMKUJIK NATIONAL PARK,Ethylbenzene,1998-03-30T00:00,0.056,µg/m³,VOC,
30501,KEJIMKUJIK NATIONAL PARK,Ethylbenzene,1998-03-30T00:00,0.071,µg/m³,VOC,
30501,KEJIMKUJIK NATIONAL PARK,Ethylbenzene,1998-04-05T00:00,0.036,µg/m³,VOC,
30501,KEJIMKUJIK NATIONAL PARK,Ethylbenzene,1998-04-05T00:00,0.043,µg/m³,VOC,
30501,KEJIMKUJIK NATIONAL PARK,Ethylbenzene,1998-04-11T00:00,0.033,µg/m³,VOC,
30501,KEJIMKUJIK NATIONAL PARK,Ethylbenzene,1998-04-11T00:00,0.044,µg/m³,VOC,
30501,KEJIMKUJIK NATIONAL PARK,Ethylbenzene,1998-04-17T00:00,0.033,µg/m³,VOC,
30501,KEJIMKUJIK NATIONAL PARK,Ethylbenzene,1998-04-17T00:00,0.044,µg/m³,VOC,
30501,KEJIMKUJIK NATIONAL PARK,Ethylbenzene,1998-04-23T00:00,0.047,µg/m³,VOC,
30501,KEJIMKUJIK NATIONAL PARK,Ethylbenzene,1998-04-23T00:00,0.051,µg/m³,VOC,
30501,KEJIMKUJIK NATIONAL PARK,Ethylbenzene,1998-04-29T00:00,0.031,µg/m³,VOC,
30501,KEJIMKUJIK NATIONAL PARK,Ethylbenzene,1998-04-29T00:00,0.111,µg/m³,VOC,
30501,KEJIMKUJIK NATIONAL PARK,Ethylbenzene,1998-05-05T00:00,0.035,µg/m³,VOC,
30501,KEJIMKUJIK NATIONAL PARK,Ethylbenzene,1998-05-05T00:00,0.060,µg/m³,VOC,
30501,KEJIMKUJIK NATIONAL PARK,Ethylbenzene,1998-05-11T00:00,0.036,µg/m³,VOC,
30501,KEJIMKUJIK NATIONAL PARK,Ethylbenzene,1998-05-11T00:00,0.056,µg/m³,VOC,
30501,KEJIMKUJIK NATIONAL PARK,Ethylbenzene,1998-05-17T00:00,0.059,µg/m³,VOC,
30501,KEJIMKUJIK NATIONAL PARK,Ethylbenzene,1998-05-20T00:00,0.029,µg/m³,VOC,
30501,KEJIMKUJIK NATIONAL PARK,Ethylbenzene,1998-05-23T00:00,0.027,µg/m³,VOC,
30501,KEJIMKUJIK NATIONAL PARK,Ethylbenzene,1998-05-26T00:00,0.048,µg/m³,VOC,
30501,KEJIMKUJIK NATIONAL PARK,Ethylbenzene,1998-05-29T00:00,0.085,µg/m³,VOC,
30501,KEJIMKUJIK NATIONAL PARK,Ethylbenzene,1998-06-01T00:00,0.041,µg/m³,VOC,
30501,KEJIMKUJIK NATIONAL PARK,Ethylbenzene,1998-06-05T00:00,0.027,µg/m³,VOC,
30501,KEJIMKUJIK NATIONAL PARK,Ethylbenzene,1998-06-07T00:00,0.025,µg/m³,VOC,
30501,KEJIMKUJIK NATIONAL PARK,Ethylbenzene,1998-06-10T00:00,0.031,µg/m³,VOC,
30501,KEJIMKUJIK NATIONAL PARK,Ethylbenzene,1998-06-13T00:00,0.026,µg/m³,VOC,
30501,KEJIMKUJIK NATIONAL PARK,Ethylbenzene,1998-06-16T00:00,0.050,µg/m³,VOC,
30501,KEJIMKUJIK NATIONAL PARK,Ethylbenzene,1998-06-19T00:00,0.024,µg/m³,VOC,
30501,KEJIMKUJIK NATIONAL PARK,Ethylbenzene,1998-06-22T00:00,0.071,µg/m³,VOC,
30501,KEJIMKUJIK NATIONAL PARK,Ethylbenzene,1998-06-25T00:00,0.048,µg/m³,VOC,
30501,KEJIMKUJIK NATIONAL PARK,Ethylbenzene,1998-06-28T00:00,0.023,µg/m³,VOC,
30501,KEJIMKUJIK NATIONAL PARK,Ethylbenzene,1998-07-01T00:00,0.029,µg/m³,VOC,
30501,KEJIMKUJIK NATIONAL PARK,Ethylbenzene,1998-07-04T00:00,0.028,µg/m³,VOC,
30501,KEJIMKUJIK NATIONAL PARK,Ethylbenzene,1998-07-07T00:00,0.021,µg/m³,VOC,
30501,KEJIMKUJIK NATIONAL PARK,Ethylbenzene,1998-07-10T00:00,0.023,µg/m³,VOC,
30501,KEJIMKUJIK NATIONAL PARK,Ethylbenzene,1998-07-13T00:00,0.051,µg/m³,VOC,
30501,KEJIMKUJIK NATIONAL PARK,Ethylbenzene,1998-07-16T00:00,0.099,µg/m³,VOC,
30501,KEJIMKUJIK NATIONAL PARK,Ethylbenzene,1998-07-22T00:00,0.057,µg/m³,VOC,
30501,KEJIMKUJIK NATIONAL PARK,Ethylbenzene,1998-07-25T00:00,0.033,µg/m³,VOC,
30501,KEJIMKUJIK NATIONAL PARK,Ethylbenzene,1998-07-28T00:00,0.022,µg/m³,VOC,
30501,KEJIMKUJIK NATIONAL PARK,Ethylbenzene,1998-07-31T00:00,0.036,µg/m³,VOC,
30501,KEJIMKUJIK NATIONAL PARK,Ethylbenzene,1998-08-03T00:00,0.047,µg/m³,VOC,
30501,KEJIMKUJIK NATIONAL PARK,Ethylbenzene,1998-08-06T00:00,0.030,µg/m³,VOC,
30501,KEJIMKUJIK NATIONAL PARK,Ethylbenzene,1998-08-09T00:00,0.045,µg/m³,VOC,
30501,KEJIMKUJIK NATIONAL PARK,Ethylbenzene,1998-08-12T00:00,0.030,µg/m³,VOC,
30501,KEJIMKUJIK NATIONAL PARK,Ethylbenzene,1998-08-15T00:00,0.043,µg/m³,VOC,
30501,KEJIMKUJIK NATIONAL PARK,Ethylbenzene,1998-08-18T00:00,0.027,µg/m³,VOC,
30501,KEJIMKUJIK NATIONAL PARK,Ethylbenzene,1998-08-21T00:00,0.065,µg/m³,VOC,
30501,KEJIMKUJIK NATIONAL PARK,Ethylbenzene,1998-08-24T00:00,0.045,µg/m³,VOC,
30501,KEJIMKUJIK NATIONAL PARK,Ethylbenzene,1998-08-27T00:00,0.068,µg/m³,VOC,
30501,KEJIMKUJIK NATIONAL PARK,Ethylbenzene,1998-08-30T00:00,0.028,µg/m³,VOC,
30501,KEJIMKUJIK NATIONAL PARK,Ethylbenzene,1998-09-02T00:00,0.032,µg/m³,VOC,
30501,KEJIMKUJIK NATIONAL PARK,Ethylbenzene,1998-09-05T00:00,0.041,µg/m³,VOC,
30501,KEJIMKUJIK NATIONAL PARK,Ethylbenzene,1998-09-08T00:00,0.066,µg/m³,VOC,
30501,KEJIMKUJIK NATIONAL PARK,Ethylbenzene,1998-09-11T00:00,0.030,µg/m³,VOC,
30501,KEJIMKUJIK NATIONAL PARK,Ethylbenzene,1998-09-14T00:00,0.026,µg/m³,VOC,
30501,KEJIMKUJIK NATIONAL PARK,Ethylbenzene,1998-09-17T00:00,0.025,µg/m³,VOC,
30501,KEJIMKUJIK NATIONAL PARK,Ethylbenzene,1998-09-20T00:00,0.066,µg/m³,VOC,
30501,KEJIMKUJIK NATIONAL PARK,Ethylbenzene,1998-09-23T00:00,0.038,µg/m³,VOC,
30501,KEJIMKUJIK NATIONAL PARK,Ethylbenzene,1998-09-26T00:00,0.049,µg/m³,VOC,
30501,KEJIMKUJIK NATIONAL PARK,Ethylbenzene,1998-09-29T00:00,0.026,µg/m³,VOC,
30501,KEJIMKUJIK NATIONAL PARK,Ethylbenzene,1998-10-02T00:00,0.034,µg/m³,VOC,
30501,KEJIMKUJIK NATIONAL PARK,Ethylbenzene,1998-10-05T00:00,0.039,µg/m³,VOC,
30501,KEJIMKUJIK NATIONAL PARK,Ethylbenzene,1998-10-08T00:00,0.027,µg/m³,VOC,
30501,KEJIMKUJIK NATIONAL PARK,Ethylbenzene,1998-10-11T00:00,0.039,µg/m³,VOC,
30501,KEJIMKUJIK NATIONAL PARK,Ethylbenzene,1998-10-14T00:00,0.061,µg/m³,VOC,
30501,KEJIMKUJIK NATIONAL PARK,Ethylbenzene,1998-10-17T00:00,0.024,µg/m³,VOC,
30501,KEJIMKUJIK NATIONAL PARK,Ethylbenzene,1998-10-20T00:00,0.033,µg/m³,VOC,
30501,KEJIMKUJIK NATIONAL PARK,Ethylbenzene,1998-10-23T00:00,0.030,µg/m³,VOC,
30501,KEJIMKUJIK NATIONAL PARK,Ethylbenzene,1998-10-26T00:00,0.029,µg/m³,VOC,
30501,KEJIMKUJIK NATIONAL PARK,Ethylbenzene,1998-10-29T00:00,0.048,µg/m³,VOC,
30501,KEJIMKUJIK NATIONAL PARK,Ethylbenzene,1998-11-01T00:00,0.031,µg/m³,VOC,
30501,KEJIMKUJIK NATIONAL PARK,Ethylbenzene,1998-11-04T00:00,0.054,µg/m³,VOC,
30501,KEJIMKUJIK NATIONAL PARK,Ethylbenzene,1998-11-07T00:00,0.032,µg/m³,VOC,
30501,KEJIMKUJIK NATIONAL PARK,Ethylbenzene,1998-11-10T00:00,0.036,µg/m³,VOC,
30501,KEJIMKUJIK NATIONAL PARK,Ethylbenzene,1998-11-13T00:00,0.033,µg/m³,VOC,
30501,KEJIMKUJIK NATIONAL PARK,Ethylbenzene,1998-11-16T00:00,0.039,µg/m³,VOC,
30501,KEJIMKUJIK NATIONAL PARK,Ethylbenzene,1998-11-19T00:00,0.041,µg/m³,VOC,
30501,KEJIMKUJIK NATIONAL PARK,Ethylbenzene,1998-11-22T00:00,0.067,µg/m³,VOC,
30501,KEJIMKUJIK NATIONAL PARK,Ethylbenzene,1998-11-25T00:00,0.041,µg/m³,VOC,
30501,KEJIMKUJIK NATIONAL PARK,Ethylbenzene,1998-11-28T00:00,0.072,µg/m³,VOC,
30501,KEJIMKUJIK NATIONAL PARK,Ethylbenzene,1998-12-01T00:00,0.115,µg/m³,VOC,
30501,KEJIMKUJIK NATIONAL PARK,Ethylbenzene,1998-12-04T00:00,0.159,µg/m³,VOC,
30501,KEJIMKUJIK NATIONAL PARK,Ethylbenzene,1998-12-07T00:00,0.091,µg/m³,VOC,
30501,KEJIMKUJIK NATIONAL PARK,Ethylbenzene,1998-12-10T00:00,0.054,µg/m³,VOC,
30501,KEJIMKUJIK NATIONAL PARK,Ethylbenzene,1998-12-13T00:00,0.113,µg/m³,VOC,
30501,KEJIMKUJIK NATIONAL PARK,Ethylbenzene,1998-12-16T00:00,0.200,µg/m³,VOC,
30501,KEJIMKUJIK NATIONAL PARK,Ethylbenzene,1998-12-19T00:00,0.053,µg/m³,VOC,
30501,KEJIMKUJIK NATIONAL PARK,Ethylbenzene,1998-12-22T00:00,0.069,µg/m³,VOC,
