﻿NAPS_Site_ID,Station_Name,Pollutant,Date,Value,Units,Report_Type,Method
60428,BRAMPTON _BRAMPTON_,Freon 12,2010-01-02T00:00,2.497,µg/m³,VOC,
60428,BRAMPTON _BRAMPTON_,Freon 12,2010-01-08T00:00,2.513,µg/m³,VOC,
60428,BRAMPTON _BRAMPTON_,Freon 12,2010-01-14T00:00,2.463,µg/m³,VOC,
60428,BRAMPTON _BRAMPTON_,Freon 12,2010-01-20T00:00,2.469,µg/m³,VOC,
60428,BRAMPTON _BRAMPTON_,Freon 12,2010-01-26T00:00,2.554,µg/m³,VOC,
60428,BRAMPTON _BRAMPTON_,Freon 12,2010-02-01T00:00,2.397,µg/m³,VOC,
60428,BRAMPTON _BRAMPTON_,Freon 12,2010-02-07T00:00,3.106,µg/m³,VOC,
60428,BRAMPTON _BRAMPTON_,Freon 12,2010-02-13T00:00,2.640,µg/m³,VOC,
60428,BRAMPTON _BRAMPTON_,Freon 12,2010-02-19T00:00,2.473,µg/m³,VOC,
60428,BRAMPTON _BRAMPTON_,Freon 12,2010-02-25T00:00,2.367,µg/m³,VOC,
60428,BRAMPTON _BRAMPTON_,Freon 12,2010-03-03T00:00,2.299,µg/m³,VOC,
60428,BRAMPTON _BRAMPTON_,Freon 12,2010-03-09T00:00,2.741,µg/m³,VOC,
60428,BRAMPTON _BRAMPTON_,Freon 12,2010-03-15T00:00,2.665,µg/m³,VOC,
60428,BRAMPTON _BRAMPTON_,Freon 12,2010-03-21T00:00,2.686,µg/m³,VOC,
60428,BRAMPTON _BRAMPTON_,Freon 12,2010-03-27T00:00,2.554,µg/m³,VOC,
60428,BRAMPTON _BRAMPTON_,Freon 12,2010-04-02T00:00,2.441,µg/m³,VOC,
60428,BRAMPTON _BRAMPTON_,Freon 12,2010-04-08T00:00,2.470,µg/m³,VOC,
60428,BRAMPTON _BRAMPTON_,Freon 12,2010-04-14T00:00,2.591,µg/m³,VOC,
60428,BRAMPTON _BRAMPTON_,Freon 12,2010-04-20T00:00,2.516,µg/m³,VOC,
60428,BRAMPTON _BRAMPTON_,Freon 12,2010-04-26T00:00,2.548,µg/m³,VOC,
60428,BRAMPTON _BRAMPTON_,Freon 12,2010-05-02T00:00,2.501,µg/m³,VOC,
60428,BRAMPTON _BRAMPTON_,Freon 12,2010-05-08T00:00,2.527,µg/m³,VOC,
60428,BRAMPTON _BRAMPTON_,Freon 12,2010-05-14T00:00,2.544,µg/m³,VOC,
60428,BRAMPTON _BRAMPTON_,Freon 12,2010-05-20T00:00,2.378,µg/m³,VOC,
60428,BRAMPTON _BRAMPTON_,Freon 12,2010-05-26T00:00,2.503,µg/m³,VOC,
60428,BRAMPTON _BRAMPTON_,Freon 12,2010-06-01T00:00,2.464,µg/m³,VOC,
60428,BRAMPTON _BRAMPTON_,Freon 12,2010-06-07T00:00,2.565,µg/m³,VOC,
60428,BRAMPTON _BRAMPTON_,Freon 12,2010-06-13T00:00,2.569,µg/m³,VOC,
60428,BRAMPTON _BRAMPTON_,Freon 12,2010-06-19T00:00,2.463,µg/m³,VOC,
60428,BRAMPTON _BRAMPTON_,Freon 12,2010-06-25T00:00,2.338,µg/m³,VOC,
60428,BRAMPTON _BRAMPTON_,Freon 12,2010-07-01T00:00,2.650,µg/m³,VOC,
60428,BRAMPTON _BRAMPTON_,Freon 12,2010-07-13T00:00,2.620,µg/m³,VOC,
60428,BRAMPTON _BRAMPTON_,Freon 12,2010-07-19T00:00,2.512,µg/m³,VOC,
60428,BRAMPTON _BRAMPTON_,Freon 12,2010-07-25T00:00,2.411,µg/m³,VOC,
60428,BRAMPTON _BRAMPTON_,Freon 12,2010-07-31T00:00,2.477,µg/m³,VOC,
60428,BRAMPTON _BRAMPTON_,Freon 12,2010-08-06T00:00,2.685,µg/m³,VOC,
60428,BRAMPTON _BRAMPTON_,Freon 12,2010-08-12T00:00,2.679,µg/m³,VOC,
60428,BRAMPTON _BRAMPTON_,Freon 12,2010-08-18T00:00,2.523,µg/m³,VOC,
60428,BRAMPTON _BRAMPTON_,Freon 12,2010-08-24T00:00,2.661,µg/m³,VOC,
60428,BRAMPTON _BRAMPTON_,Freon 12,2010-08-30T00:00,2.534,µg/m³,VOC,
60428,BRAMPTON _BRAMPTON_,Freon 12,2010-09-05T00:00,2.491,µg/m³,VOC,
60428,BRAMPTON _BRAMPTON_,Freon 12,2010-09-11T00:00,2.600,µg/m³,VOC,
60428,BRAMPTON _BRAMPTON_,Freon 12,2010-09-23T00:00,2.479,µg/m³,VOC,
60428,BRAMPTON _BRAMPTON_,Freon 12,2010-09-29T00:00,2.361,µg/m³,VOC,
60428,BRAMPTON _BRAMPTON_,Freon 12,2010-10-05T00:00,2.603,µg/m³,VOC,
60428,BRAMPTON _BRAMPTON_,Freon 12,2010-10-11T00:00,2.608,µg/m³,VOC,
60428,BRAMPTON _BRAMPTON_,Freon 12,2010-10-17T00:00,2.672,µg/m³,VOC,
60428,BRAMPTON _BRAMPTON_,Freon 12,2010-10-23T00:00,2.612,µg/m³,VOC,
60428,BRAMPTON _BRAMPTON_,Freon 12,2010-10-29T00:00,2.684,µg/m³,VOC,
60428,BRAMPTON _BRAMPTON_,Freon 12,2010-11-04T00:00,2.620,µg/m³,VOC,
60428,BRAMPTON _BRAMPTON_,Freon 12,2010-11-10T00:00,2.403,µg/m³,VOC,
60428,BRAMPTON _BRAMPTON_,Freon 12,2010-11-16T00:00,2.312,µg/m³,VOC,
60428,BRAMPTON _BRAMPTON_,Freon 12,2010-11-22T00:00,2.520,µg/m³,VOC,
60428,BRAMPTON _BRAMPTON_,Freon 12,2010-11-28T00:00,2.728,µg/m³,VOC,
60428,BRAMPTON _BRAMPTON_,Freon 12,2010-12-04T00:00,2.590,µg/m³,VOC,
60428,BRAMPTON _BRAMPTON_,Freon 12,2010-12-10T00:00,2.526,µg/m³,VOC,
60428,BRAMPTON _BRAMPTON_,Freon 12,2010-12-16T00:00,2.482,µg/m³,VOC,
60428,BRAMPTON _BRAMPTON_,Freon 12,2010-12-22T00:00,2.567,µg/m³,VOC,
60428,BRAMPTON _BRAMPTON_,Freon 12,2010-12-28T00:00,2.464,µg/m³,VOC,
