﻿NAPS_Site_ID,Station_Name,Pollutant,Date,Value,Units,Report_Type,Method
10301,CREDIT UNION,OCDD,2009-04-07T00:00,0.391,pg/m³,PCDD,
10301,CREDIT UNION,OCDD,2009-07-12T00:00,0.087,pg/m³,PCDD,
10301,CREDIT UNION,OCDD,2009-08-05T00:00,0.098,pg/m³,PCDD,
10301,CREDIT UNION,OCDD,2009-08-29T00:00,0.088,pg/m³,PCDD,
10301,CREDIT UNION,OCDD,2009-09-09T00:00,0.057,pg/m³,PCDD,
10301,CREDIT UNION,OCDD,2009-09-22T00:00,0.061,pg/m³,PCDD,
10301,CREDIT UNION,OCDD,2009-10-04T00:00,0.032,pg/m³,PCDD,
10301,CREDIT UNION,OCDD,2009-11-09T00:00,0.421,pg/m³,PCDD,
10301,CREDIT UNION,OCDD,2009-11-21T00:00,0.093,pg/m³,PCDD,
10301,CREDIT UNION,OCDD,2009-12-15T00:00,0.090,pg/m³,PCDD,
