﻿NAPS_Site_ID,Station_Name,Pollutant,Date,Value,Units,Report_Type,Method
40208,CHAMPLAIN HEIGHTS SCHOOL,Cyclohexene,2004-01-22T00:00,0.020,µg/m³,VOC,GC-MS
40208,CHAMPLAIN HEIGHTS SCHOOL,Cyclohexene,2004-01-28T00:00,0.000,µg/m³,VOC,GC-MS
40208,CHAMPLAIN HEIGHTS SCHOOL,Cyclohexene,2004-02-03T00:00,0.078,µg/m³,VOC,GC-MS
40208,CHAMPLAIN HEIGHTS SCHOOL,Cyclohexene,2004-02-09T00:00,0.172,µg/m³,VOC,GC-MS
40208,CHAMPLAIN HEIGHTS SCHOOL,Cyclohexene,2004-02-21T00:00,0.000,µg/m³,VOC,GC-MS
40208,CHAMPLAIN HEIGHTS SCHOOL,Cyclohexene,2004-02-27T00:00,0.000,µg/m³,VOC,GC-MS
40208,CHAMPLAIN HEIGHTS SCHOOL,Cyclohexene,2004-03-04T00:00,0.029,µg/m³,VOC,GC-MS
40208,CHAMPLAIN HEIGHTS SCHOOL,Cyclohexene,2004-03-10T00:00,0.046,µg/m³,VOC,GC-MS
40208,CHAMPLAIN HEIGHTS SCHOOL,Cyclohexene,2004-03-16T00:00,0.014,µg/m³,VOC,GC-MS
40208,CHAMPLAIN HEIGHTS SCHOOL,Cyclohexene,2004-03-22T00:00,0.032,µg/m³,VOC,GC-MS
40208,CHAMPLAIN HEIGHTS SCHOOL,Cyclohexene,2004-03-28T00:00,0.000,µg/m³,VOC,GC-MS
40208,CHAMPLAIN HEIGHTS SCHOOL,Cyclohexene,2004-04-03T00:00,0.000,µg/m³,VOC,GC-MS
40208,CHAMPLAIN HEIGHTS SCHOOL,Cyclohexene,2004-04-09T00:00,0.068,µg/m³,VOC,GC-MS
40208,CHAMPLAIN HEIGHTS SCHOOL,Cyclohexene,2004-04-15T00:00,0.015,µg/m³,VOC,GC-MS
40208,CHAMPLAIN HEIGHTS SCHOOL,Cyclohexene,2004-04-21T00:00,0.037,µg/m³,VOC,GC-MS
40208,CHAMPLAIN HEIGHTS SCHOOL,Cyclohexene,2004-04-27T00:00,0.032,µg/m³,VOC,GC-MS
40208,CHAMPLAIN HEIGHTS SCHOOL,Cyclohexene,2004-05-03T00:00,0.146,µg/m³,VOC,GC-MS
40208,CHAMPLAIN HEIGHTS SCHOOL,Cyclohexene,2004-05-09T00:00,0.049,µg/m³,VOC,GC-MS
40208,CHAMPLAIN HEIGHTS SCHOOL,Cyclohexene,2004-05-15T00:00,0.088,µg/m³,VOC,GC-MS
40208,CHAMPLAIN HEIGHTS SCHOOL,Cyclohexene,2004-05-21T00:00,0.065,µg/m³,VOC,GC-MS
40208,CHAMPLAIN HEIGHTS SCHOOL,Cyclohexene,2004-05-27T00:00,0.055,µg/m³,VOC,GC-MS
40208,CHAMPLAIN HEIGHTS SCHOOL,Cyclohexene,2004-06-02T00:00,0.041,µg/m³,VOC,GC-MS
40208,CHAMPLAIN HEIGHTS SCHOOL,Cyclohexene,2004-06-08T00:00,0.083,µg/m³,VOC,GC-MS
40208,CHAMPLAIN HEIGHTS SCHOOL,Cyclohexene,2004-06-14T00:00,0.067,µg/m³,VOC,GC-MS
40208,CHAMPLAIN HEIGHTS SCHOOL,Cyclohexene,2004-06-20T00:00,0.063,µg/m³,VOC,GC-MS
40208,CHAMPLAIN HEIGHTS SCHOOL,Cyclohexene,2004-06-26T00:00,0.048,µg/m³,VOC,GC-MS
40208,CHAMPLAIN HEIGHTS SCHOOL,Cyclohexene,2004-07-02T00:00,0.066,µg/m³,VOC,GC-MS
40208,CHAMPLAIN HEIGHTS SCHOOL,Cyclohexene,2004-07-08T00:00,0.016,µg/m³,VOC,GC-MS
40208,CHAMPLAIN HEIGHTS SCHOOL,Cyclohexene,2004-07-14T00:00,0.000,µg/m³,VOC,GC-MS
40208,CHAMPLAIN HEIGHTS SCHOOL,Cyclohexene,2004-07-20T00:00,0.068,µg/m³,VOC,GC-MS
40208,CHAMPLAIN HEIGHTS SCHOOL,Cyclohexene,2004-07-26T00:00,0.035,µg/m³,VOC,GC-MS
40208,CHAMPLAIN HEIGHTS SCHOOL,Cyclohexene,2004-08-01T00:00,0.080,µg/m³,VOC,GC-MS
40208,CHAMPLAIN HEIGHTS SCHOOL,Cyclohexene,2004-08-07T00:00,0.009,µg/m³,VOC,GC-MS
40208,CHAMPLAIN HEIGHTS SCHOOL,Cyclohexene,2004-08-13T00:00,0.009,µg/m³,VOC,GC-MS
40208,CHAMPLAIN HEIGHTS SCHOOL,Cyclohexene,2004-08-19T00:00,0.050,µg/m³,VOC,GC-MS
40208,CHAMPLAIN HEIGHTS SCHOOL,Cyclohexene,2004-08-25T00:00,0.023,µg/m³,VOC,GC-MS
40208,CHAMPLAIN HEIGHTS SCHOOL,Cyclohexene,2004-08-31T00:00,0.036,µg/m³,VOC,GC-MS
40208,CHAMPLAIN HEIGHTS SCHOOL,Cyclohexene,2004-09-06T00:00,0.111,µg/m³,VOC,GC-MS
40208,CHAMPLAIN HEIGHTS SCHOOL,Cyclohexene,2004-09-12T00:00,0.143,µg/m³,VOC,GC-MS
40208,CHAMPLAIN HEIGHTS SCHOOL,Cyclohexene,2004-09-18T00:00,0.019,µg/m³,VOC,GC-MS
40208,CHAMPLAIN HEIGHTS SCHOOL,Cyclohexene,2004-09-30T00:00,0.008,µg/m³,VOC,GC-MS
40208,CHAMPLAIN HEIGHTS SCHOOL,Cyclohexene,2004-10-06T00:00,0.092,µg/m³,VOC,GC-MS
40208,CHAMPLAIN HEIGHTS SCHOOL,Cyclohexene,2004-10-12T00:00,0.000,µg/m³,VOC,GC-MS
40208,CHAMPLAIN HEIGHTS SCHOOL,Cyclohexene,2004-10-18T00:00,0.084,µg/m³,VOC,GC-MS
40208,CHAMPLAIN HEIGHTS SCHOOL,Cyclohexene,2004-10-24T00:00,0.000,µg/m³,VOC,GC-MS
40208,CHAMPLAIN HEIGHTS SCHOOL,Cyclohexene,2004-10-30T00:00,0.052,µg/m³,VOC,GC-MS
40208,CHAMPLAIN HEIGHTS SCHOOL,Cyclohexene,2004-11-05T00:00,0.042,µg/m³,VOC,GC-MS
40208,CHAMPLAIN HEIGHTS SCHOOL,Cyclohexene,2004-11-11T00:00,0.060,µg/m³,VOC,GC-MS
40208,CHAMPLAIN HEIGHTS SCHOOL,Cyclohexene,2004-11-17T00:00,0.012,µg/m³,VOC,GC-MS
40208,CHAMPLAIN HEIGHTS SCHOOL,Cyclohexene,2004-11-23T00:00,0.067,µg/m³,VOC,GC-MS
40208,CHAMPLAIN HEIGHTS SCHOOL,Cyclohexene,2004-11-29T00:00,0.006,µg/m³,VOC,GC-MS
40208,CHAMPLAIN HEIGHTS SCHOOL,Cyclohexene,2004-12-05T00:00,0.050,µg/m³,VOC,GC-MS
40208,CHAMPLAIN HEIGHTS SCHOOL,Cyclohexene,2004-12-11T00:00,0.014,µg/m³,VOC,GC-MS
40208,CHAMPLAIN HEIGHTS SCHOOL,Cyclohexene,2004-12-17T00:00,0.058,µg/m³,VOC,GC-MS
40208,CHAMPLAIN HEIGHTS SCHOOL,Cyclohexene,2004-12-23T00:00,0.043,µg/m³,VOC,GC-MS
