﻿NAPS_Site_ID,Station_Name,Pollutant,Date,Value,Units,Report_Type,Method
40203,FOREST HILLS,Acetaldehyde,1999-01-06T00:00,1.862,µg/m³,VOC,N/A
40203,FOREST HILLS,Acetaldehyde,1999-01-12T00:00,1.275,µg/m³,VOC,N/A
40203,FOREST HILLS,Acetaldehyde,1999-01-18T00:00,0.917,µg/m³,VOC,N/A
40203,FOREST HILLS,Acetaldehyde,1999-01-24T00:00,0.609,µg/m³,VOC,N/A
40203,FOREST HILLS,Acetaldehyde,1999-01-30T00:00,0.981,µg/m³,VOC,N/A
40203,FOREST HILLS,Acetaldehyde,1999-02-05T00:00,0.656,µg/m³,VOC,N/A
40203,FOREST HILLS,Acetaldehyde,1999-02-11T00:00,0.969,µg/m³,VOC,N/A
40203,FOREST HILLS,Acetaldehyde,1999-02-17T00:00,1.304,µg/m³,VOC,N/A
40203,FOREST HILLS,Acetaldehyde,1999-02-23T00:00,0.682,µg/m³,VOC,N/A
40203,FOREST HILLS,Acetaldehyde,1999-03-01T00:00,0.572,µg/m³,VOC,N/A
40203,FOREST HILLS,Acetaldehyde,1999-03-07T00:00,0.743,µg/m³,VOC,N/A
40203,FOREST HILLS,Acetaldehyde,1999-03-13T00:00,0.563,µg/m³,VOC,N/A
40203,FOREST HILLS,Acetaldehyde,1999-03-19T00:00,0.839,µg/m³,VOC,N/A
40203,FOREST HILLS,Acetaldehyde,1999-03-25T00:00,1.166,µg/m³,VOC,N/A
40203,FOREST HILLS,Acetaldehyde,1999-03-31T00:00,0.937,µg/m³,VOC,N/A
40203,FOREST HILLS,Acetaldehyde,1999-04-06T00:00,1.073,µg/m³,VOC,N/A
40203,FOREST HILLS,Acetaldehyde,1999-04-12T00:00,2.193,µg/m³,VOC,N/A
40203,FOREST HILLS,Acetaldehyde,1999-04-18T00:00,1.455,µg/m³,VOC,N/A
40203,FOREST HILLS,Acetaldehyde,1999-04-24T00:00,0.627,µg/m³,VOC,N/A
40203,FOREST HILLS,Acetaldehyde,1999-05-06T00:00,2.851,µg/m³,VOC,N/A
40203,FOREST HILLS,Acetaldehyde,1999-05-12T00:00,0.907,µg/m³,VOC,N/A
40203,FOREST HILLS,Acetaldehyde,1999-05-18T00:00,1.474,µg/m³,VOC,N/A
40203,FOREST HILLS,Acetaldehyde,1999-05-24T00:00,0.710,µg/m³,VOC,N/A
40203,FOREST HILLS,Acetaldehyde,1999-05-30T00:00,1.439,µg/m³,VOC,N/A
40203,FOREST HILLS,Acetaldehyde,1999-06-05T00:00,2.064,µg/m³,VOC,N/A
40203,FOREST HILLS,Acetaldehyde,1999-06-11T00:00,6.923,µg/m³,VOC,N/A
40203,FOREST HILLS,Acetaldehyde,1999-06-23T00:00,3.953,µg/m³,VOC,N/A
40203,FOREST HILLS,Acetaldehyde,1999-06-29T00:00,1.140,µg/m³,VOC,N/A
40203,FOREST HILLS,Acetaldehyde,1999-08-16T00:00,1.047,µg/m³,VOC,N/A
40203,FOREST HILLS,Acetaldehyde,1999-08-22T00:00,0.542,µg/m³,VOC,N/A
40203,FOREST HILLS,Acetaldehyde,1999-08-28T00:00,1.074,µg/m³,VOC,N/A
40203,FOREST HILLS,Acetaldehyde,1999-09-03T00:00,3.771,µg/m³,VOC,N/A
40203,FOREST HILLS,Acetaldehyde,1999-09-15T00:00,1.582,µg/m³,VOC,N/A
40203,FOREST HILLS,Acetaldehyde,1999-09-21T00:00,0.562,µg/m³,VOC,N/A
40203,FOREST HILLS,Acetaldehyde,1999-09-27T00:00,1.646,µg/m³,VOC,N/A
40203,FOREST HILLS,Acetaldehyde,1999-10-03T00:00,0.925,µg/m³,VOC,N/A
