﻿NAPS_Site_ID,Station_Name,Pollutant,Date,Value,Units,Report_Type,Method
90806,SYNCRUDE UE1-FORT MCKAY SOUTH,"2,4-Dimethylhexane",2009-01-08T00:00,0.027,µg/m³,VOC,N/A
90806,SYNCRUDE UE1-FORT MCKAY SOUTH,"2,4-Dimethylhexane",2009-01-13T00:00,0.028,µg/m³,VOC,N/A
90806,SYNCRUDE UE1-FORT MCKAY SOUTH,"2,4-Dimethylhexane",2009-02-13T00:00,0.050,µg/m³,VOC,N/A
90806,SYNCRUDE UE1-FORT MCKAY SOUTH,"2,4-Dimethylhexane",2009-02-18T00:00,0.538,µg/m³,VOC,N/A
90806,SYNCRUDE UE1-FORT MCKAY SOUTH,"2,4-Dimethylhexane",2009-02-24T00:00,0.018,µg/m³,VOC,N/A
90806,SYNCRUDE UE1-FORT MCKAY SOUTH,"2,4-Dimethylhexane",2009-03-02T00:00,0.155,µg/m³,VOC,N/A
90806,SYNCRUDE UE1-FORT MCKAY SOUTH,"2,4-Dimethylhexane",2009-03-08T00:00,0.012,µg/m³,VOC,N/A
90806,SYNCRUDE UE1-FORT MCKAY SOUTH,"2,4-Dimethylhexane",2009-03-14T00:00,0.017,µg/m³,VOC,N/A
90806,SYNCRUDE UE1-FORT MCKAY SOUTH,"2,4-Dimethylhexane",2009-03-21T00:00,0.022,µg/m³,VOC,N/A
90806,SYNCRUDE UE1-FORT MCKAY SOUTH,"2,4-Dimethylhexane",2009-03-26T00:00,0.119,µg/m³,VOC,N/A
90806,SYNCRUDE UE1-FORT MCKAY SOUTH,"2,4-Dimethylhexane",2009-04-01T00:00,0.013,µg/m³,VOC,N/A
90806,SYNCRUDE UE1-FORT MCKAY SOUTH,"2,4-Dimethylhexane",2009-04-07T00:00,0.017,µg/m³,VOC,N/A
90806,SYNCRUDE UE1-FORT MCKAY SOUTH,"2,4-Dimethylhexane",2009-04-15T00:00,0.074,µg/m³,VOC,N/A
90806,SYNCRUDE UE1-FORT MCKAY SOUTH,"2,4-Dimethylhexane",2009-04-25T00:00,0.041,µg/m³,VOC,N/A
90806,SYNCRUDE UE1-FORT MCKAY SOUTH,"2,4-Dimethylhexane",2009-05-01T00:00,0.030,µg/m³,VOC,N/A
90806,SYNCRUDE UE1-FORT MCKAY SOUTH,"2,4-Dimethylhexane",2009-05-07T00:00,0.017,µg/m³,VOC,N/A
90806,SYNCRUDE UE1-FORT MCKAY SOUTH,"2,4-Dimethylhexane",2009-05-13T00:00,0.060,µg/m³,VOC,N/A
90806,SYNCRUDE UE1-FORT MCKAY SOUTH,"2,4-Dimethylhexane",2009-05-19T00:00,0.037,µg/m³,VOC,N/A
90806,SYNCRUDE UE1-FORT MCKAY SOUTH,"2,4-Dimethylhexane",2009-05-25T00:00,0.000,µg/m³,VOC,N/A
90806,SYNCRUDE UE1-FORT MCKAY SOUTH,"2,4-Dimethylhexane",2009-05-31T00:00,0.057,µg/m³,VOC,N/A
90806,SYNCRUDE UE1-FORT MCKAY SOUTH,"2,4-Dimethylhexane",2009-06-06T00:00,0.058,µg/m³,VOC,N/A
90806,SYNCRUDE UE1-FORT MCKAY SOUTH,"2,4-Dimethylhexane",2009-06-12T00:00,0.071,µg/m³,VOC,N/A
90806,SYNCRUDE UE1-FORT MCKAY SOUTH,"2,4-Dimethylhexane",2009-06-18T00:00,0.115,µg/m³,VOC,N/A
90806,SYNCRUDE UE1-FORT MCKAY SOUTH,"2,4-Dimethylhexane",2009-06-24T00:00,0.020,µg/m³,VOC,N/A
90806,SYNCRUDE UE1-FORT MCKAY SOUTH,"2,4-Dimethylhexane",2009-06-30T00:00,0.036,µg/m³,VOC,N/A
90806,SYNCRUDE UE1-FORT MCKAY SOUTH,"2,4-Dimethylhexane",2009-07-06T00:00,0.105,µg/m³,VOC,N/A
90806,SYNCRUDE UE1-FORT MCKAY SOUTH,"2,4-Dimethylhexane",2009-07-12T00:00,0.094,µg/m³,VOC,N/A
90806,SYNCRUDE UE1-FORT MCKAY SOUTH,"2,4-Dimethylhexane",2009-07-18T00:00,0.057,µg/m³,VOC,N/A
90806,SYNCRUDE UE1-FORT MCKAY SOUTH,"2,4-Dimethylhexane",2009-07-30T00:00,0.041,µg/m³,VOC,N/A
90806,SYNCRUDE UE1-FORT MCKAY SOUTH,"2,4-Dimethylhexane",2009-08-05T00:00,0.032,µg/m³,VOC,N/A
90806,SYNCRUDE UE1-FORT MCKAY SOUTH,"2,4-Dimethylhexane",2009-08-11T00:00,0.005,µg/m³,VOC,N/A
90806,SYNCRUDE UE1-FORT MCKAY SOUTH,"2,4-Dimethylhexane",2009-08-17T00:00,0.044,µg/m³,VOC,N/A
90806,SYNCRUDE UE1-FORT MCKAY SOUTH,"2,4-Dimethylhexane",2009-08-23T00:00,0.035,µg/m³,VOC,N/A
90806,SYNCRUDE UE1-FORT MCKAY SOUTH,"2,4-Dimethylhexane",2009-08-29T00:00,0.165,µg/m³,VOC,N/A
90806,SYNCRUDE UE1-FORT MCKAY SOUTH,"2,4-Dimethylhexane",2009-09-04T00:00,0.000,µg/m³,VOC,N/A
90806,SYNCRUDE UE1-FORT MCKAY SOUTH,"2,4-Dimethylhexane",2009-09-16T00:00,0.000,µg/m³,VOC,N/A
90806,SYNCRUDE UE1-FORT MCKAY SOUTH,"2,4-Dimethylhexane",2009-09-22T00:00,0.008,µg/m³,VOC,N/A
90806,SYNCRUDE UE1-FORT MCKAY SOUTH,"2,4-Dimethylhexane",2009-09-28T00:00,0.005,µg/m³,VOC,N/A
90806,SYNCRUDE UE1-FORT MCKAY SOUTH,"2,4-Dimethylhexane",2009-10-04T00:00,0.005,µg/m³,VOC,N/A
90806,SYNCRUDE UE1-FORT MCKAY SOUTH,"2,4-Dimethylhexane",2009-10-10T00:00,0.035,µg/m³,VOC,N/A
90806,SYNCRUDE UE1-FORT MCKAY SOUTH,"2,4-Dimethylhexane",2009-10-16T00:00,0.212,µg/m³,VOC,N/A
90806,SYNCRUDE UE1-FORT MCKAY SOUTH,"2,4-Dimethylhexane",2009-10-22T00:00,0.075,µg/m³,VOC,N/A
90806,SYNCRUDE UE1-FORT MCKAY SOUTH,"2,4-Dimethylhexane",2009-10-28T00:00,0.007,µg/m³,VOC,N/A
90806,SYNCRUDE UE1-FORT MCKAY SOUTH,"2,4-Dimethylhexane",2009-11-03T00:00,0.036,µg/m³,VOC,N/A
90806,SYNCRUDE UE1-FORT MCKAY SOUTH,"2,4-Dimethylhexane",2009-11-09T00:00,0.059,µg/m³,VOC,N/A
90806,SYNCRUDE UE1-FORT MCKAY SOUTH,"2,4-Dimethylhexane",2009-11-15T00:00,0.157,µg/m³,VOC,N/A
90806,SYNCRUDE UE1-FORT MCKAY SOUTH,"2,4-Dimethylhexane",2009-11-21T00:00,0.067,µg/m³,VOC,N/A
90806,SYNCRUDE UE1-FORT MCKAY SOUTH,"2,4-Dimethylhexane",2009-11-27T00:00,0.053,µg/m³,VOC,N/A
90806,SYNCRUDE UE1-FORT MCKAY SOUTH,"2,4-Dimethylhexane",2009-12-03T00:00,0.730,µg/m³,VOC,N/A
90806,SYNCRUDE UE1-FORT MCKAY SOUTH,"2,4-Dimethylhexane",2009-12-09T00:00,0.060,µg/m³,VOC,N/A
90806,SYNCRUDE UE1-FORT MCKAY SOUTH,"2,4-Dimethylhexane",2009-12-15T00:00,0.296,µg/m³,VOC,N/A
90806,SYNCRUDE UE1-FORT MCKAY SOUTH,"2,4-Dimethylhexane",2009-12-21T00:00,0.051,µg/m³,VOC,N/A
90806,SYNCRUDE UE1-FORT MCKAY SOUTH,"2,4-Dimethylhexane",2009-12-27T00:00,0.020,µg/m³,VOC,N/A
90806,SYNCRUDE UE1-FORT MCKAY SOUTH,"2,4-Dimethylhexane",2009-12-27T00:00,0.021,µg/m³,VOC,N/A
