﻿NAPS_Site_ID,Station_Name,Pollutant,Date,Value,Units,Report_Type,Method
80110,REGINA-2505 11TH. AVENUE,Undecane,2003-01-03T00:00,0.146,µg/m³,VOC,
80110,REGINA-2505 11TH. AVENUE,Undecane,2003-01-09T00:00,0.077,µg/m³,VOC,
80110,REGINA-2505 11TH. AVENUE,Undecane,2003-01-15T00:00,0.394,µg/m³,VOC,
80110,REGINA-2505 11TH. AVENUE,Undecane,2003-01-21T00:00,0.021,µg/m³,VOC,
80110,REGINA-2505 11TH. AVENUE,Undecane,2003-01-27T00:00,0.055,µg/m³,VOC,
80110,REGINA-2505 11TH. AVENUE,Undecane,2003-02-08T00:00,0.057,µg/m³,VOC,
80110,REGINA-2505 11TH. AVENUE,Undecane,2003-02-14T00:00,0.085,µg/m³,VOC,
80110,REGINA-2505 11TH. AVENUE,Undecane,2003-02-20T00:00,0.033,µg/m³,VOC,
80110,REGINA-2505 11TH. AVENUE,Undecane,2003-02-26T00:00,0.152,µg/m³,VOC,
80110,REGINA-2505 11TH. AVENUE,Undecane,2003-03-04T00:00,0.033,µg/m³,VOC,
80110,REGINA-2505 11TH. AVENUE,Undecane,2003-03-10T00:00,0.036,µg/m³,VOC,
80110,REGINA-2505 11TH. AVENUE,Undecane,2003-03-16T00:00,0.091,µg/m³,VOC,
80110,REGINA-2505 11TH. AVENUE,Undecane,2003-03-22T00:00,0.043,µg/m³,VOC,
80110,REGINA-2505 11TH. AVENUE,Undecane,2003-03-28T00:00,0.059,µg/m³,VOC,
80110,REGINA-2505 11TH. AVENUE,Undecane,2003-04-03T00:00,0.055,µg/m³,VOC,
80110,REGINA-2505 11TH. AVENUE,Undecane,2003-04-09T00:00,0.136,µg/m³,VOC,
80110,REGINA-2505 11TH. AVENUE,Undecane,2003-04-15T00:00,0.093,µg/m³,VOC,
80110,REGINA-2505 11TH. AVENUE,Undecane,2003-04-21T00:00,0.193,µg/m³,VOC,
80110,REGINA-2505 11TH. AVENUE,Undecane,2003-04-27T00:00,0.078,µg/m³,VOC,
80110,REGINA-2505 11TH. AVENUE,Undecane,2003-05-03T00:00,0.099,µg/m³,VOC,
80110,REGINA-2505 11TH. AVENUE,Undecane,2003-05-09T00:00,0.139,µg/m³,VOC,
80110,REGINA-2505 11TH. AVENUE,Undecane,2003-05-15T00:00,0.150,µg/m³,VOC,
80110,REGINA-2505 11TH. AVENUE,Undecane,2003-05-21T00:00,0.254,µg/m³,VOC,
80110,REGINA-2505 11TH. AVENUE,Undecane,2003-05-27T00:00,0.194,µg/m³,VOC,
80110,REGINA-2505 11TH. AVENUE,Undecane,2003-06-02T00:00,0.203,µg/m³,VOC,
80110,REGINA-2505 11TH. AVENUE,Undecane,2003-06-26T00:00,0.128,µg/m³,VOC,
80110,REGINA-2505 11TH. AVENUE,Undecane,2003-07-02T00:00,0.129,µg/m³,VOC,
80110,REGINA-2505 11TH. AVENUE,Undecane,2003-07-08T00:00,0.059,µg/m³,VOC,
80110,REGINA-2505 11TH. AVENUE,Undecane,2003-07-14T00:00,0.119,µg/m³,VOC,
80110,REGINA-2505 11TH. AVENUE,Undecane,2003-07-20T00:00,0.080,µg/m³,VOC,
80110,REGINA-2505 11TH. AVENUE,Undecane,2003-07-26T00:00,0.072,µg/m³,VOC,
80110,REGINA-2505 11TH. AVENUE,Undecane,2003-08-01T00:00,0.310,µg/m³,VOC,
80110,REGINA-2505 11TH. AVENUE,Undecane,2003-08-07T00:00,0.133,µg/m³,VOC,
80110,REGINA-2505 11TH. AVENUE,Undecane,2003-08-19T00:00,0.177,µg/m³,VOC,
80110,REGINA-2505 11TH. AVENUE,Undecane,2003-08-25T00:00,0.155,µg/m³,VOC,
80110,REGINA-2505 11TH. AVENUE,Undecane,2003-08-31T00:00,0.136,µg/m³,VOC,
80110,REGINA-2505 11TH. AVENUE,Undecane,2003-09-06T00:00,0.125,µg/m³,VOC,
80110,REGINA-2505 11TH. AVENUE,Undecane,2003-09-12T00:00,0.059,µg/m³,VOC,
80110,REGINA-2505 11TH. AVENUE,Undecane,2003-09-18T00:00,0.155,µg/m³,VOC,
80110,REGINA-2505 11TH. AVENUE,Undecane,2003-09-24T00:00,0.054,µg/m³,VOC,
80110,REGINA-2505 11TH. AVENUE,Undecane,2003-09-30T00:00,0.277,µg/m³,VOC,
80110,REGINA-2505 11TH. AVENUE,Undecane,2003-10-06T00:00,0.679,µg/m³,VOC,
80110,REGINA-2505 11TH. AVENUE,Undecane,2003-10-12T00:00,0.083,µg/m³,VOC,
80110,REGINA-2505 11TH. AVENUE,Undecane,2003-10-18T00:00,0.357,µg/m³,VOC,
80110,REGINA-2505 11TH. AVENUE,Undecane,2003-10-24T00:00,0.036,µg/m³,VOC,
80110,REGINA-2505 11TH. AVENUE,Undecane,2003-10-30T00:00,0.095,µg/m³,VOC,
80110,REGINA-2505 11TH. AVENUE,Undecane,2003-11-05T00:00,0.051,µg/m³,VOC,
80110,REGINA-2505 11TH. AVENUE,Undecane,2003-11-11T00:00,0.123,µg/m³,VOC,
80110,REGINA-2505 11TH. AVENUE,Undecane,2003-11-17T00:00,0.160,µg/m³,VOC,
80110,REGINA-2505 11TH. AVENUE,Undecane,2003-11-23T00:00,0.004,µg/m³,VOC,
80110,REGINA-2505 11TH. AVENUE,Undecane,2003-11-29T00:00,0.154,µg/m³,VOC,
80110,REGINA-2505 11TH. AVENUE,Undecane,2003-12-05T00:00,0.050,µg/m³,VOC,
80110,REGINA-2505 11TH. AVENUE,Undecane,2003-12-11T00:00,0.088,µg/m³,VOC,
80110,REGINA-2505 11TH. AVENUE,Undecane,2003-12-17T00:00,0.071,µg/m³,VOC,
80110,REGINA-2505 11TH. AVENUE,Undecane,2003-12-23T00:00,0.240,µg/m³,VOC,
80110,REGINA-2505 11TH. AVENUE,Undecane,2003-12-29T00:00,0.111,µg/m³,VOC,
