﻿NAPS_Site_ID,Station_Name,Pollutant,Date,Value,Units,Report_Type,Method
100137,BURNABY NORTH,trans-3-Methyl-2-Pentene,2014-01-04T19:00,0.133,µg/m³,VOC,
100137,BURNABY NORTH,trans-3-Methyl-2-Pentene,2014-01-10T19:00,0.007,µg/m³,VOC,
100137,BURNABY NORTH,trans-3-Methyl-2-Pentene,2014-01-16T19:00,0.067,µg/m³,VOC,
100137,BURNABY NORTH,trans-3-Methyl-2-Pentene,2014-01-22T19:00,0.113,µg/m³,VOC,
100137,BURNABY NORTH,trans-3-Methyl-2-Pentene,2014-01-28T19:00,0.045,µg/m³,VOC,
100137,BURNABY NORTH,trans-3-Methyl-2-Pentene,2014-02-03T19:00,0.033,µg/m³,VOC,
100137,BURNABY NORTH,trans-3-Methyl-2-Pentene,2014-02-09T19:00,0.045,µg/m³,VOC,
100137,BURNABY NORTH,trans-3-Methyl-2-Pentene,2014-02-15T19:00,0.000,µg/m³,VOC,
100137,BURNABY NORTH,trans-3-Methyl-2-Pentene,2014-02-21T19:00,0.052,µg/m³,VOC,
100137,BURNABY NORTH,trans-3-Methyl-2-Pentene,2014-02-27T19:00,0.094,µg/m³,VOC,
100137,BURNABY NORTH,trans-3-Methyl-2-Pentene,2014-03-05T19:00,0.033,µg/m³,VOC,
100137,BURNABY NORTH,trans-3-Methyl-2-Pentene,2014-03-11T20:00,0.070,µg/m³,VOC,
100137,BURNABY NORTH,trans-3-Methyl-2-Pentene,2014-03-17T20:00,0.088,µg/m³,VOC,
100137,BURNABY NORTH,trans-3-Methyl-2-Pentene,2014-03-23T20:00,0.068,µg/m³,VOC,
100137,BURNABY NORTH,trans-3-Methyl-2-Pentene,2014-03-29T20:00,0.028,µg/m³,VOC,
100137,BURNABY NORTH,trans-3-Methyl-2-Pentene,2014-04-04T20:00,0.112,µg/m³,VOC,
100137,BURNABY NORTH,trans-3-Methyl-2-Pentene,2014-04-10T20:00,0.057,µg/m³,VOC,
100137,BURNABY NORTH,trans-3-Methyl-2-Pentene,2014-04-16T20:00,0.041,µg/m³,VOC,
100137,BURNABY NORTH,trans-3-Methyl-2-Pentene,2014-04-22T20:00,0.033,µg/m³,VOC,
100137,BURNABY NORTH,trans-3-Methyl-2-Pentene,2014-04-28T20:00,0.227,µg/m³,VOC,
100137,BURNABY NORTH,trans-3-Methyl-2-Pentene,2014-05-04T20:00,0.221,µg/m³,VOC,
100137,BURNABY NORTH,trans-3-Methyl-2-Pentene,2014-05-10T20:00,0.311,µg/m³,VOC,
100137,BURNABY NORTH,trans-3-Methyl-2-Pentene,2014-05-16T20:00,0.135,µg/m³,VOC,
100137,BURNABY NORTH,trans-3-Methyl-2-Pentene,2014-05-28T20:00,0.330,µg/m³,VOC,
100137,BURNABY NORTH,trans-3-Methyl-2-Pentene,2014-06-03T20:00,0.302,µg/m³,VOC,
100137,BURNABY NORTH,trans-3-Methyl-2-Pentene,2014-06-09T20:00,0.047,µg/m³,VOC,
100137,BURNABY NORTH,trans-3-Methyl-2-Pentene,2014-06-15T20:00,0.040,µg/m³,VOC,
100137,BURNABY NORTH,trans-3-Methyl-2-Pentene,2014-06-21T20:00,0.146,µg/m³,VOC,
100137,BURNABY NORTH,trans-3-Methyl-2-Pentene,2014-06-27T20:00,0.058,µg/m³,VOC,
100137,BURNABY NORTH,trans-3-Methyl-2-Pentene,2014-07-03T20:00,0.224,µg/m³,VOC,
100137,BURNABY NORTH,trans-3-Methyl-2-Pentene,2014-07-09T20:00,0.333,µg/m³,VOC,
100137,BURNABY NORTH,trans-3-Methyl-2-Pentene,2014-07-15T20:00,0.670,µg/m³,VOC,
100137,BURNABY NORTH,trans-3-Methyl-2-Pentene,2014-07-21T20:00,0.049,µg/m³,VOC,
100137,BURNABY NORTH,trans-3-Methyl-2-Pentene,2014-07-27T20:00,0.284,µg/m³,VOC,
100137,BURNABY NORTH,trans-3-Methyl-2-Pentene,2014-08-02T20:00,0.172,µg/m³,VOC,
100137,BURNABY NORTH,trans-3-Methyl-2-Pentene,2014-08-08T20:00,0.140,µg/m³,VOC,
100137,BURNABY NORTH,trans-3-Methyl-2-Pentene,2014-08-14T20:00,0.123,µg/m³,VOC,
100137,BURNABY NORTH,trans-3-Methyl-2-Pentene,2014-08-20T20:00,0.100,µg/m³,VOC,
100137,BURNABY NORTH,trans-3-Methyl-2-Pentene,2014-08-26T20:00,0.081,µg/m³,VOC,
100137,BURNABY NORTH,trans-3-Methyl-2-Pentene,2014-09-01T20:00,0.105,µg/m³,VOC,
100137,BURNABY NORTH,trans-3-Methyl-2-Pentene,2014-09-07T20:00,0.064,µg/m³,VOC,
100137,BURNABY NORTH,trans-3-Methyl-2-Pentene,2014-09-13T20:00,0.121,µg/m³,VOC,
100137,BURNABY NORTH,trans-3-Methyl-2-Pentene,2014-09-19T20:00,0.180,µg/m³,VOC,
100137,BURNABY NORTH,trans-3-Methyl-2-Pentene,2014-09-25T20:00,0.074,µg/m³,VOC,
100137,BURNABY NORTH,trans-3-Methyl-2-Pentene,2014-10-01T20:00,0.144,µg/m³,VOC,
100137,BURNABY NORTH,trans-3-Methyl-2-Pentene,2014-10-13T20:00,0.037,µg/m³,VOC,
100137,BURNABY NORTH,trans-3-Methyl-2-Pentene,2014-10-19T20:00,0.023,µg/m³,VOC,
100137,BURNABY NORTH,trans-3-Methyl-2-Pentene,2014-10-25T20:00,0.057,µg/m³,VOC,
100137,BURNABY NORTH,trans-3-Methyl-2-Pentene,2014-10-31T20:00,0.063,µg/m³,VOC,
100137,BURNABY NORTH,trans-3-Methyl-2-Pentene,2014-11-06T19:00,0.048,µg/m³,VOC,
100137,BURNABY NORTH,trans-3-Methyl-2-Pentene,2014-11-12T19:00,0.130,µg/m³,VOC,
100137,BURNABY NORTH,trans-3-Methyl-2-Pentene,2014-11-18T19:00,0.158,µg/m³,VOC,
100137,BURNABY NORTH,trans-3-Methyl-2-Pentene,2014-11-24T19:00,0.059,µg/m³,VOC,
100137,BURNABY NORTH,trans-3-Methyl-2-Pentene,2014-11-30T19:00,0.081,µg/m³,VOC,
100137,BURNABY NORTH,trans-3-Methyl-2-Pentene,2014-12-06T19:00,0.076,µg/m³,VOC,
100137,BURNABY NORTH,trans-3-Methyl-2-Pentene,2014-12-12T19:00,0.096,µg/m³,VOC,
100137,BURNABY NORTH,trans-3-Methyl-2-Pentene,2014-12-24T19:00,0.044,µg/m³,VOC,
100137,BURNABY NORTH,trans-3-Methyl-2-Pentene,2014-12-30T19:00,0.061,µg/m³,VOC,
