﻿NAPS_Site_ID,Station_Name,Pollutant,Date,Value,Units,Report_Type,Method
50902,SAGUENAY-PARC POWELL,Acenaphthene,1996-01-10T00:00,0.006,µg/m³,PAH,
50902,SAGUENAY-PARC POWELL,Acenaphthene,1996-01-22T00:00,0.072,µg/m³,PAH,
50902,SAGUENAY-PARC POWELL,Acenaphthene,1996-02-03T00:00,0.003,µg/m³,PAH,
50902,SAGUENAY-PARC POWELL,Acenaphthene,1996-02-15T00:00,0.005,µg/m³,PAH,
50902,SAGUENAY-PARC POWELL,Acenaphthene,1996-02-27T00:00,0.003,µg/m³,PAH,
50902,SAGUENAY-PARC POWELL,Acenaphthene,1996-03-11T00:00,0.001,µg/m³,PAH,
50902,SAGUENAY-PARC POWELL,Acenaphthene,1996-03-22T00:00,0.002,µg/m³,PAH,
50902,SAGUENAY-PARC POWELL,Acenaphthene,1996-04-03T00:00,0.002,µg/m³,PAH,
50902,SAGUENAY-PARC POWELL,Acenaphthene,1996-04-15T00:00,0.216,µg/m³,PAH,
50902,SAGUENAY-PARC POWELL,Acenaphthene,1996-04-27T00:00,0.003,µg/m³,PAH,
50902,SAGUENAY-PARC POWELL,Acenaphthene,1996-05-09T00:00,0.001,µg/m³,PAH,
50902,SAGUENAY-PARC POWELL,Acenaphthene,1996-05-21T00:00,0.001,µg/m³,PAH,
50902,SAGUENAY-PARC POWELL,Acenaphthene,1996-06-02T00:00,0.018,µg/m³,PAH,
50902,SAGUENAY-PARC POWELL,Acenaphthene,1996-06-14T00:00,0.001,µg/m³,PAH,
50902,SAGUENAY-PARC POWELL,Acenaphthene,1996-07-13T00:00,0.035,µg/m³,PAH,
50902,SAGUENAY-PARC POWELL,Acenaphthene,1996-08-05T00:00,0.023,µg/m³,PAH,
50902,SAGUENAY-PARC POWELL,Acenaphthene,1996-08-18T00:00,0.001,µg/m³,PAH,
50902,SAGUENAY-PARC POWELL,Acenaphthene,1996-08-30T00:00,0.001,µg/m³,PAH,
50902,SAGUENAY-PARC POWELL,Acenaphthene,1996-09-09T00:00,0.004,µg/m³,PAH,
50902,SAGUENAY-PARC POWELL,Acenaphthene,1996-09-18T00:00,0.000,µg/m³,PAH,
50902,SAGUENAY-PARC POWELL,Acenaphthene,1996-10-12T00:00,0.002,µg/m³,PAH,
50902,SAGUENAY-PARC POWELL,Acenaphthene,1996-10-24T00:00,0.001,µg/m³,PAH,
50902,SAGUENAY-PARC POWELL,Acenaphthene,1996-11-05T00:00,0.029,µg/m³,PAH,
50902,SAGUENAY-PARC POWELL,Acenaphthene,1996-11-17T00:00,0.059,µg/m³,PAH,
50902,SAGUENAY-PARC POWELL,Acenaphthene,1996-11-29T00:00,0.011,µg/m³,PAH,
50902,SAGUENAY-PARC POWELL,Acenaphthene,1996-12-11T00:00,0.026,µg/m³,PAH,
50902,SAGUENAY-PARC POWELL,Acenaphthene,1996-12-29T00:00,0.004,µg/m³,PAH,
