﻿NAPS_Site_ID,Station_Name,Pollutant,Date,Value,Units,Report_Type,Method
55201,LEMIEUX,Isopentane,2002-01-02T00:00,0.674,µg/m³,VOC,N/A
55201,LEMIEUX,Isopentane,2002-01-08T00:00,0.597,µg/m³,VOC,N/A
55201,LEMIEUX,Isopentane,2002-01-14T00:00,0.383,µg/m³,VOC,N/A
55201,LEMIEUX,Isopentane,2002-01-20T00:00,1.584,µg/m³,VOC,N/A
55201,LEMIEUX,Isopentane,2002-01-26T00:00,0.561,µg/m³,VOC,N/A
55201,LEMIEUX,Isopentane,2002-02-01T00:00,0.438,µg/m³,VOC,N/A
55201,LEMIEUX,Isopentane,2002-02-07T00:00,0.814,µg/m³,VOC,N/A
55201,LEMIEUX,Isopentane,2002-02-13T00:00,0.326,µg/m³,VOC,N/A
55201,LEMIEUX,Isopentane,2002-02-19T00:00,0.652,µg/m³,VOC,N/A
55201,LEMIEUX,Isopentane,2002-02-25T00:00,0.609,µg/m³,VOC,N/A
55201,LEMIEUX,Isopentane,2002-03-03T00:00,0.283,µg/m³,VOC,N/A
55201,LEMIEUX,Isopentane,2002-03-06T00:00,0.465,µg/m³,VOC,N/A
55201,LEMIEUX,Isopentane,2002-03-09T00:00,0.509,µg/m³,VOC,N/A
55201,LEMIEUX,Isopentane,2002-03-12T00:00,0.666,µg/m³,VOC,N/A
55201,LEMIEUX,Isopentane,2002-03-15T00:00,0.362,µg/m³,VOC,N/A
55201,LEMIEUX,Isopentane,2002-03-18T00:00,0.295,µg/m³,VOC,N/A
55201,LEMIEUX,Isopentane,2002-03-21T00:00,0.188,µg/m³,VOC,N/A
55201,LEMIEUX,Isopentane,2002-03-24T00:00,0.197,µg/m³,VOC,N/A
55201,LEMIEUX,Isopentane,2002-03-27T00:00,0.402,µg/m³,VOC,N/A
55201,LEMIEUX,Isopentane,2002-03-30T00:00,0.375,µg/m³,VOC,N/A
55201,LEMIEUX,Isopentane,2002-04-02T00:00,0.157,µg/m³,VOC,N/A
55201,LEMIEUX,Isopentane,2002-04-05T00:00,0.128,µg/m³,VOC,N/A
55201,LEMIEUX,Isopentane,2002-04-08T00:00,0.394,µg/m³,VOC,N/A
55201,LEMIEUX,Isopentane,2002-04-11T00:00,0.145,µg/m³,VOC,N/A
55201,LEMIEUX,Isopentane,2002-04-14T00:00,0.135,µg/m³,VOC,N/A
55201,LEMIEUX,Isopentane,2002-04-17T00:00,0.520,µg/m³,VOC,N/A
55201,LEMIEUX,Isopentane,2002-04-20T00:00,0.065,µg/m³,VOC,N/A
55201,LEMIEUX,Isopentane,2002-04-23T00:00,0.069,µg/m³,VOC,N/A
55201,LEMIEUX,Isopentane,2002-04-26T00:00,0.054,µg/m³,VOC,N/A
55201,LEMIEUX,Isopentane,2002-04-29T00:00,0.357,µg/m³,VOC,N/A
55201,LEMIEUX,Isopentane,2002-05-02T00:00,0.119,µg/m³,VOC,N/A
55201,LEMIEUX,Isopentane,2002-05-05T00:00,0.411,µg/m³,VOC,N/A
55201,LEMIEUX,Isopentane,2002-05-08T00:00,0.054,µg/m³,VOC,N/A
55201,LEMIEUX,Isopentane,2002-05-11T00:00,0.054,µg/m³,VOC,N/A
55201,LEMIEUX,Isopentane,2002-05-14T00:00,0.117,µg/m³,VOC,N/A
55201,LEMIEUX,Isopentane,2002-05-17T00:00,0.032,µg/m³,VOC,N/A
55201,LEMIEUX,Isopentane,2002-05-20T00:00,0.053,µg/m³,VOC,N/A
55201,LEMIEUX,Isopentane,2002-05-23T00:00,0.405,µg/m³,VOC,N/A
55201,LEMIEUX,Isopentane,2002-05-26T00:00,0.395,µg/m³,VOC,N/A
55201,LEMIEUX,Isopentane,2002-05-29T00:00,0.254,µg/m³,VOC,N/A
55201,LEMIEUX,Isopentane,2002-06-01T00:00,0.128,µg/m³,VOC,N/A
55201,LEMIEUX,Isopentane,2002-06-04T00:00,0.090,µg/m³,VOC,N/A
55201,LEMIEUX,Isopentane,2002-06-07T00:00,0.076,µg/m³,VOC,N/A
55201,LEMIEUX,Isopentane,2002-06-10T00:00,0.112,µg/m³,VOC,N/A
55201,LEMIEUX,Isopentane,2002-06-13T00:00,0.028,µg/m³,VOC,N/A
55201,LEMIEUX,Isopentane,2002-06-19T00:00,0.170,µg/m³,VOC,N/A
55201,LEMIEUX,Isopentane,2002-06-25T00:00,0.462,µg/m³,VOC,N/A
55201,LEMIEUX,Isopentane,2002-07-04T00:00,0.322,µg/m³,VOC,N/A
55201,LEMIEUX,Isopentane,2002-07-07T00:00,0.082,µg/m³,VOC,N/A
55201,LEMIEUX,Isopentane,2002-07-10T00:00,0.022,µg/m³,VOC,N/A
55201,LEMIEUX,Isopentane,2002-07-13T00:00,0.398,µg/m³,VOC,N/A
55201,LEMIEUX,Isopentane,2002-07-16T00:00,0.082,µg/m³,VOC,N/A
55201,LEMIEUX,Isopentane,2002-07-25T00:00,0.152,µg/m³,VOC,N/A
55201,LEMIEUX,Isopentane,2002-07-28T00:00,0.308,µg/m³,VOC,N/A
55201,LEMIEUX,Isopentane,2002-07-31T00:00,0.139,µg/m³,VOC,N/A
55201,LEMIEUX,Isopentane,2002-08-03T00:00,0.108,µg/m³,VOC,N/A
55201,LEMIEUX,Isopentane,2002-08-06T00:00,0.033,µg/m³,VOC,N/A
55201,LEMIEUX,Isopentane,2002-08-09T00:00,0.168,µg/m³,VOC,N/A
55201,LEMIEUX,Isopentane,2002-08-12T00:00,0.265,µg/m³,VOC,N/A
55201,LEMIEUX,Isopentane,2002-08-15T00:00,0.414,µg/m³,VOC,N/A
55201,LEMIEUX,Isopentane,2002-08-18T00:00,0.300,µg/m³,VOC,N/A
55201,LEMIEUX,Isopentane,2002-08-21T00:00,0.695,µg/m³,VOC,N/A
55201,LEMIEUX,Isopentane,2002-08-24T00:00,0.229,µg/m³,VOC,N/A
55201,LEMIEUX,Isopentane,2002-08-27T00:00,0.155,µg/m³,VOC,N/A
55201,LEMIEUX,Isopentane,2002-08-30T00:00,0.484,µg/m³,VOC,N/A
55201,LEMIEUX,Isopentane,2002-09-02T00:00,0.129,µg/m³,VOC,N/A
55201,LEMIEUX,Isopentane,2002-09-05T00:00,0.029,µg/m³,VOC,N/A
55201,LEMIEUX,Isopentane,2002-09-08T00:00,0.964,µg/m³,VOC,N/A
55201,LEMIEUX,Isopentane,2002-09-11T00:00,0.046,µg/m³,VOC,N/A
55201,LEMIEUX,Isopentane,2002-09-14T00:00,0.362,µg/m³,VOC,N/A
55201,LEMIEUX,Isopentane,2002-09-17T00:00,0.779,µg/m³,VOC,N/A
55201,LEMIEUX,Isopentane,2002-09-20T00:00,0.424,µg/m³,VOC,N/A
55201,LEMIEUX,Isopentane,2002-09-29T00:00,0.104,µg/m³,VOC,N/A
55201,LEMIEUX,Isopentane,2002-10-02T00:00,0.458,µg/m³,VOC,N/A
55201,LEMIEUX,Isopentane,2002-10-05T00:00,0.145,µg/m³,VOC,N/A
55201,LEMIEUX,Isopentane,2002-10-08T00:00,0.056,µg/m³,VOC,N/A
55201,LEMIEUX,Isopentane,2002-10-11T00:00,0.385,µg/m³,VOC,N/A
55201,LEMIEUX,Isopentane,2002-10-14T00:00,0.076,µg/m³,VOC,N/A
55201,LEMIEUX,Isopentane,2002-10-17T00:00,0.206,µg/m³,VOC,N/A
55201,LEMIEUX,Isopentane,2002-10-20T00:00,0.070,µg/m³,VOC,N/A
55201,LEMIEUX,Isopentane,2002-10-23T00:00,0.117,µg/m³,VOC,N/A
55201,LEMIEUX,Isopentane,2002-10-26T00:00,0.180,µg/m³,VOC,N/A
55201,LEMIEUX,Isopentane,2002-10-29T00:00,0.164,µg/m³,VOC,N/A
55201,LEMIEUX,Isopentane,2002-11-01T00:00,0.261,µg/m³,VOC,N/A
55201,LEMIEUX,Isopentane,2002-11-04T00:00,0.272,µg/m³,VOC,N/A
55201,LEMIEUX,Isopentane,2002-11-07T00:00,0.306,µg/m³,VOC,N/A
55201,LEMIEUX,Isopentane,2002-11-10T00:00,0.955,µg/m³,VOC,N/A
55201,LEMIEUX,Isopentane,2002-11-13T00:00,0.722,µg/m³,VOC,N/A
55201,LEMIEUX,Isopentane,2002-11-16T00:00,0.629,µg/m³,VOC,N/A
55201,LEMIEUX,Isopentane,2002-11-19T00:00,1.255,µg/m³,VOC,N/A
55201,LEMIEUX,Isopentane,2002-11-22T00:00,0.815,µg/m³,VOC,N/A
55201,LEMIEUX,Isopentane,2002-11-25T00:00,0.331,µg/m³,VOC,N/A
55201,LEMIEUX,Isopentane,2002-11-28T00:00,0.294,µg/m³,VOC,N/A
55201,LEMIEUX,Isopentane,2002-12-01T00:00,0.323,µg/m³,VOC,N/A
55201,LEMIEUX,Isopentane,2002-12-04T00:00,0.346,µg/m³,VOC,N/A
55201,LEMIEUX,Isopentane,2002-12-07T00:00,0.725,µg/m³,VOC,N/A
55201,LEMIEUX,Isopentane,2002-12-10T00:00,0.851,µg/m³,VOC,N/A
55201,LEMIEUX,Isopentane,2002-12-13T00:00,1.688,µg/m³,VOC,N/A
55201,LEMIEUX,Isopentane,2002-12-16T00:00,0.313,µg/m³,VOC,N/A
55201,LEMIEUX,Isopentane,2002-12-19T00:00,0.567,µg/m³,VOC,N/A
55201,LEMIEUX,Isopentane,2002-12-22T00:00,0.712,µg/m³,VOC,N/A
55201,LEMIEUX,Isopentane,2002-12-25T00:00,0.674,µg/m³,VOC,N/A
55201,LEMIEUX,Isopentane,2002-12-28T00:00,0.809,µg/m³,VOC,N/A
55201,LEMIEUX,Isopentane,2002-12-31T00:00,0.732,µg/m³,VOC,N/A
