﻿NAPS_Site_ID,Station_Name,Pollutant,Date,Value,Units,Report_Type,Method
63201,HWY 47 & HWY 48 _YORK_REGION_,m and p-Xylene,1991-01-06T00:00,0.811,µg/m³,VOC,N/A
63201,HWY 47 & HWY 48 _YORK_REGION_,m and p-Xylene,1991-01-12T00:00,0.763,µg/m³,VOC,N/A
63201,HWY 47 & HWY 48 _YORK_REGION_,m and p-Xylene,1991-02-11T00:00,0.427,µg/m³,VOC,N/A
63201,HWY 47 & HWY 48 _YORK_REGION_,m and p-Xylene,1991-02-17T00:00,1.106,µg/m³,VOC,N/A
63201,HWY 47 & HWY 48 _YORK_REGION_,m and p-Xylene,1991-02-23T00:00,0.198,µg/m³,VOC,N/A
63201,HWY 47 & HWY 48 _YORK_REGION_,m and p-Xylene,1991-03-01T00:00,2.503,µg/m³,VOC,N/A
63201,HWY 47 & HWY 48 _YORK_REGION_,m and p-Xylene,1991-03-07T00:00,2.503,µg/m³,VOC,N/A
63201,HWY 47 & HWY 48 _YORK_REGION_,m and p-Xylene,1991-03-13T00:00,0.907,µg/m³,VOC,N/A
63201,HWY 47 & HWY 48 _YORK_REGION_,m and p-Xylene,1991-03-19T00:00,0.476,µg/m³,VOC,N/A
63201,HWY 47 & HWY 48 _YORK_REGION_,m and p-Xylene,1991-03-25T00:00,0.757,µg/m³,VOC,N/A
63201,HWY 47 & HWY 48 _YORK_REGION_,m and p-Xylene,1991-03-31T00:00,0.637,µg/m³,VOC,N/A
63201,HWY 47 & HWY 48 _YORK_REGION_,m and p-Xylene,1991-04-06T00:00,2.578,µg/m³,VOC,N/A
63201,HWY 47 & HWY 48 _YORK_REGION_,m and p-Xylene,1991-04-12T00:00,0.489,µg/m³,VOC,N/A
63201,HWY 47 & HWY 48 _YORK_REGION_,m and p-Xylene,1991-04-24T00:00,0.904,µg/m³,VOC,N/A
63201,HWY 47 & HWY 48 _YORK_REGION_,m and p-Xylene,1991-04-30T00:00,1.525,µg/m³,VOC,N/A
63201,HWY 47 & HWY 48 _YORK_REGION_,m and p-Xylene,1991-05-06T00:00,1.052,µg/m³,VOC,N/A
63201,HWY 47 & HWY 48 _YORK_REGION_,m and p-Xylene,1991-05-12T00:00,0.410,µg/m³,VOC,N/A
63201,HWY 47 & HWY 48 _YORK_REGION_,m and p-Xylene,1991-05-24T00:00,5.548,µg/m³,VOC,N/A
63201,HWY 47 & HWY 48 _YORK_REGION_,m and p-Xylene,1991-05-30T00:00,1.676,µg/m³,VOC,N/A
63201,HWY 47 & HWY 48 _YORK_REGION_,m and p-Xylene,1991-06-05T00:00,1.588,µg/m³,VOC,N/A
63201,HWY 47 & HWY 48 _YORK_REGION_,m and p-Xylene,1991-06-11T00:00,1.301,µg/m³,VOC,N/A
63201,HWY 47 & HWY 48 _YORK_REGION_,m and p-Xylene,1991-06-23T00:00,0.509,µg/m³,VOC,N/A
63201,HWY 47 & HWY 48 _YORK_REGION_,m and p-Xylene,1991-08-10T00:00,0.741,µg/m³,VOC,N/A
63201,HWY 47 & HWY 48 _YORK_REGION_,m and p-Xylene,1991-09-04T00:00,0.671,µg/m³,VOC,N/A
