﻿NAPS_Site_ID,Station_Name,Pollutant,Date,Value,Units,Report_Type,Method
100127,SURREY EAST,"2,4-Dimethylhexane",2004-01-22T00:00,0.117,µg/m³,VOC,
100127,SURREY EAST,"2,4-Dimethylhexane",2004-02-09T00:00,0.074,µg/m³,VOC,
100127,SURREY EAST,"2,4-Dimethylhexane",2004-02-27T00:00,0.059,µg/m³,VOC,
100127,SURREY EAST,"2,4-Dimethylhexane",2004-03-16T00:00,0.034,µg/m³,VOC,
100127,SURREY EAST,"2,4-Dimethylhexane",2004-04-03T00:00,0.061,µg/m³,VOC,
100127,SURREY EAST,"2,4-Dimethylhexane",2004-04-21T00:00,0.033,µg/m³,VOC,
100127,SURREY EAST,"2,4-Dimethylhexane",2004-05-09T00:00,0.014,µg/m³,VOC,
100127,SURREY EAST,"2,4-Dimethylhexane",2004-05-27T00:00,0.023,µg/m³,VOC,
100127,SURREY EAST,"2,4-Dimethylhexane",2004-06-14T00:00,0.014,µg/m³,VOC,
100127,SURREY EAST,"2,4-Dimethylhexane",2004-07-02T00:00,0.027,µg/m³,VOC,
100127,SURREY EAST,"2,4-Dimethylhexane",2004-07-20T00:00,0.018,µg/m³,VOC,
100127,SURREY EAST,"2,4-Dimethylhexane",2004-08-07T00:00,0.017,µg/m³,VOC,
100127,SURREY EAST,"2,4-Dimethylhexane",2004-08-31T00:00,0.038,µg/m³,VOC,
100127,SURREY EAST,"2,4-Dimethylhexane",2004-09-30T00:00,0.139,µg/m³,VOC,
100127,SURREY EAST,"2,4-Dimethylhexane",2004-10-18T00:00,0.027,µg/m³,VOC,
100127,SURREY EAST,"2,4-Dimethylhexane",2004-11-05T00:00,0.131,µg/m³,VOC,
100127,SURREY EAST,"2,4-Dimethylhexane",2004-11-23T00:00,0.114,µg/m³,VOC,
100127,SURREY EAST,"2,4-Dimethylhexane",2004-12-11T00:00,0.060,µg/m³,VOC,
100127,SURREY EAST,"2,4-Dimethylhexane",2004-12-23T00:00,0.229,µg/m³,VOC,
