﻿NAPS_Site_ID,Station_Name,Pollutant,Date,Value,Units,Report_Type,Method
101401,HOPE AIRPORT,trans-2-Pentene,2001-01-13T00:00,0.100,µg/m³,VOC,N/A
101401,HOPE AIRPORT,trans-2-Pentene,2001-03-08T00:00,0.040,µg/m³,VOC,N/A
101401,HOPE AIRPORT,trans-2-Pentene,2001-05-07T00:00,0.050,µg/m³,VOC,N/A
101401,HOPE AIRPORT,trans-2-Pentene,2001-06-12T00:00,0.070,µg/m³,VOC,N/A
101401,HOPE AIRPORT,trans-2-Pentene,2001-07-30T00:00,0.030,µg/m³,VOC,N/A
101401,HOPE AIRPORT,trans-2-Pentene,2001-08-17T00:00,0.030,µg/m³,VOC,N/A
101401,HOPE AIRPORT,trans-2-Pentene,2001-09-28T00:00,0.060,µg/m³,VOC,N/A
101401,HOPE AIRPORT,trans-2-Pentene,2001-11-15T00:00,0.040,µg/m³,VOC,N/A
101401,HOPE AIRPORT,trans-2-Pentene,2001-12-15T00:00,0.120,µg/m³,VOC,N/A
