﻿NAPS_Site_ID,Station_Name,Pollutant,Date,Value,Units,Report_Type,Method
90130,EDMONTON CENTRAL,PM2.5-10,1996-01-04T00:00,2.199,µg/m³,DICHOT,Microbalance
90130,EDMONTON CENTRAL,PM2.5-10,1996-01-10T00:00,2.343,µg/m³,DICHOT,Microbalance
90130,EDMONTON CENTRAL,PM2.5-10,1996-01-16T00:00,2.968,µg/m³,DICHOT,Microbalance
90130,EDMONTON CENTRAL,PM2.5-10,1996-01-22T00:00,3.356,µg/m³,DICHOT,Microbalance
90130,EDMONTON CENTRAL,PM2.5-10,1996-01-28T00:00,2.556,µg/m³,DICHOT,Microbalance
90130,EDMONTON CENTRAL,PM2.5-10,1996-02-03T00:00,2.745,µg/m³,DICHOT,Microbalance
90130,EDMONTON CENTRAL,PM2.5-10,1996-02-09T00:00,3.199,µg/m³,DICHOT,Microbalance
90130,EDMONTON CENTRAL,PM2.5-10,1996-02-15T00:00,26.273,µg/m³,DICHOT,Microbalance
90130,EDMONTON CENTRAL,PM2.5-10,1996-02-21T00:00,18.968,µg/m³,DICHOT,Microbalance
90130,EDMONTON CENTRAL,PM2.5-10,1996-02-27T00:00,43.111,µg/m³,DICHOT,Microbalance
90130,EDMONTON CENTRAL,PM2.5-10,1996-03-04T00:00,22.630,µg/m³,DICHOT,Microbalance
90130,EDMONTON CENTRAL,PM2.5-10,1996-03-10T00:00,7.199,µg/m³,DICHOT,Microbalance
90130,EDMONTON CENTRAL,PM2.5-10,1996-03-22T00:00,2.921,µg/m³,DICHOT,Microbalance
90130,EDMONTON CENTRAL,PM2.5-10,1996-03-28T00:00,23.713,µg/m³,DICHOT,Microbalance
90130,EDMONTON CENTRAL,PM2.5-10,1996-04-03T00:00,12.231,µg/m³,DICHOT,Microbalance
90130,EDMONTON CENTRAL,PM2.5-10,1996-04-09T00:00,23.829,µg/m³,DICHOT,Microbalance
90130,EDMONTON CENTRAL,PM2.5-10,1996-04-15T00:00,23.514,µg/m³,DICHOT,Microbalance
90130,EDMONTON CENTRAL,PM2.5-10,1996-04-21T00:00,4.792,µg/m³,DICHOT,Microbalance
90130,EDMONTON CENTRAL,PM2.5-10,1996-04-27T00:00,8.083,µg/m³,DICHOT,Microbalance
90130,EDMONTON CENTRAL,PM2.5-10,1996-05-03T00:00,5.296,µg/m³,DICHOT,Microbalance
90130,EDMONTON CENTRAL,PM2.5-10,1996-05-15T00:00,6.014,µg/m³,DICHOT,Microbalance
90130,EDMONTON CENTRAL,PM2.5-10,1996-05-21T00:00,8.440,µg/m³,DICHOT,Microbalance
90130,EDMONTON CENTRAL,PM2.5-10,1996-05-27T00:00,9.352,µg/m³,DICHOT,Microbalance
90130,EDMONTON CENTRAL,PM2.5-10,1996-06-02T00:00,9.968,µg/m³,DICHOT,Microbalance
90130,EDMONTON CENTRAL,PM2.5-10,1996-06-08T00:00,11.162,µg/m³,DICHOT,Microbalance
90130,EDMONTON CENTRAL,PM2.5-10,1996-06-14T00:00,9.477,µg/m³,DICHOT,Microbalance
90130,EDMONTON CENTRAL,PM2.5-10,1996-06-20T00:00,6.125,µg/m³,DICHOT,Microbalance
90130,EDMONTON CENTRAL,PM2.5-10,1996-06-26T00:00,9.718,µg/m³,DICHOT,Microbalance
90130,EDMONTON CENTRAL,PM2.5-10,1996-07-08T00:00,10.083,µg/m³,DICHOT,Microbalance
90130,EDMONTON CENTRAL,PM2.5-10,1996-07-14T00:00,7.500,µg/m³,DICHOT,Microbalance
90130,EDMONTON CENTRAL,PM2.5-10,1996-07-20T00:00,3.440,µg/m³,DICHOT,Microbalance
90130,EDMONTON CENTRAL,PM2.5-10,1996-07-26T00:00,11.977,µg/m³,DICHOT,Microbalance
90130,EDMONTON CENTRAL,PM2.5-10,1996-08-01T00:00,10.324,µg/m³,DICHOT,Microbalance
90130,EDMONTON CENTRAL,PM2.5-10,1996-08-07T00:00,5.981,µg/m³,DICHOT,Microbalance
90130,EDMONTON CENTRAL,PM2.5-10,1996-08-13T00:00,9.546,µg/m³,DICHOT,Microbalance
90130,EDMONTON CENTRAL,PM2.5-10,1996-08-19T00:00,6.569,µg/m³,DICHOT,Microbalance
90130,EDMONTON CENTRAL,PM2.5-10,1996-08-25T00:00,17.361,µg/m³,DICHOT,Microbalance
90130,EDMONTON CENTRAL,PM2.5-10,1996-08-31T00:00,4.602,µg/m³,DICHOT,Microbalance
90130,EDMONTON CENTRAL,PM2.5-10,1996-09-06T00:00,5.866,µg/m³,DICHOT,Microbalance
90130,EDMONTON CENTRAL,PM2.5-10,1996-09-12T00:00,20.815,µg/m³,DICHOT,Microbalance
90130,EDMONTON CENTRAL,PM2.5-10,1996-09-18T00:00,7.620,µg/m³,DICHOT,Microbalance
90130,EDMONTON CENTRAL,PM2.5-10,1996-09-24T00:00,10.764,µg/m³,DICHOT,Microbalance
90130,EDMONTON CENTRAL,PM2.5-10,1996-09-30T00:00,9.111,µg/m³,DICHOT,Microbalance
90130,EDMONTON CENTRAL,PM2.5-10,1996-10-06T00:00,4.676,µg/m³,DICHOT,Microbalance
90130,EDMONTON CENTRAL,PM2.5-10,1996-10-12T00:00,5.880,µg/m³,DICHOT,Microbalance
90130,EDMONTON CENTRAL,PM2.5-10,1996-10-18T00:00,10.356,µg/m³,DICHOT,Microbalance
90130,EDMONTON CENTRAL,PM2.5-10,1996-10-24T00:00,13.162,µg/m³,DICHOT,Microbalance
90130,EDMONTON CENTRAL,PM2.5-10,1996-10-30T00:00,12.579,µg/m³,DICHOT,Microbalance
90130,EDMONTON CENTRAL,PM2.5-10,1996-11-05T00:00,5.741,µg/m³,DICHOT,Microbalance
90130,EDMONTON CENTRAL,PM2.5-10,1996-11-11T00:00,2.000,µg/m³,DICHOT,Microbalance
90130,EDMONTON CENTRAL,PM2.5-10,1996-12-11T00:00,4.134,µg/m³,DICHOT,Microbalance
90130,EDMONTON CENTRAL,PM2.5-10,1996-12-17T00:00,4.208,µg/m³,DICHOT,Microbalance
90130,EDMONTON CENTRAL,PM2.5-10,1996-12-23T00:00,2.380,µg/m³,DICHOT,Microbalance
