﻿NAPS_Site_ID,Station_Name,Pollutant,Date,Value,Units,Report_Type,Method
61902,BEAR CREEK/WALLACEBURG,cis-2-Pentene,2007-02-05T00:00,0.000,µg/m³,VOC,
61902,BEAR CREEK/WALLACEBURG,cis-2-Pentene,2007-02-08T00:00,0.000,µg/m³,VOC,
61902,BEAR CREEK/WALLACEBURG,cis-2-Pentene,2007-02-11T00:00,0.005,µg/m³,VOC,
61902,BEAR CREEK/WALLACEBURG,cis-2-Pentene,2007-02-14T00:00,0.000,µg/m³,VOC,
61902,BEAR CREEK/WALLACEBURG,cis-2-Pentene,2007-02-23T00:00,0.000,µg/m³,VOC,
61902,BEAR CREEK/WALLACEBURG,cis-2-Pentene,2007-02-26T00:00,0.006,µg/m³,VOC,
61902,BEAR CREEK/WALLACEBURG,cis-2-Pentene,2007-03-07T00:00,0.002,µg/m³,VOC,
61902,BEAR CREEK/WALLACEBURG,cis-2-Pentene,2007-03-10T00:00,0.002,µg/m³,VOC,
61902,BEAR CREEK/WALLACEBURG,cis-2-Pentene,2007-03-13T00:00,0.002,µg/m³,VOC,
61902,BEAR CREEK/WALLACEBURG,cis-2-Pentene,2007-03-16T00:00,0.002,µg/m³,VOC,
61902,BEAR CREEK/WALLACEBURG,cis-2-Pentene,2007-03-19T00:00,0.002,µg/m³,VOC,
61902,BEAR CREEK/WALLACEBURG,cis-2-Pentene,2007-03-22T00:00,0.005,µg/m³,VOC,
61902,BEAR CREEK/WALLACEBURG,cis-2-Pentene,2007-03-25T00:00,0.002,µg/m³,VOC,
61902,BEAR CREEK/WALLACEBURG,cis-2-Pentene,2007-03-28T00:00,0.000,µg/m³,VOC,
61902,BEAR CREEK/WALLACEBURG,cis-2-Pentene,2007-03-31T00:00,0.002,µg/m³,VOC,
61902,BEAR CREEK/WALLACEBURG,cis-2-Pentene,2007-04-03T00:00,0.000,µg/m³,VOC,
61902,BEAR CREEK/WALLACEBURG,cis-2-Pentene,2007-04-06T00:00,0.002,µg/m³,VOC,
61902,BEAR CREEK/WALLACEBURG,cis-2-Pentene,2007-04-09T00:00,0.002,µg/m³,VOC,
61902,BEAR CREEK/WALLACEBURG,cis-2-Pentene,2007-04-12T00:00,0.003,µg/m³,VOC,
61902,BEAR CREEK/WALLACEBURG,cis-2-Pentene,2007-04-15T00:00,0.002,µg/m³,VOC,
61902,BEAR CREEK/WALLACEBURG,cis-2-Pentene,2007-04-18T00:00,0.000,µg/m³,VOC,
61902,BEAR CREEK/WALLACEBURG,cis-2-Pentene,2007-04-21T00:00,0.000,µg/m³,VOC,
61902,BEAR CREEK/WALLACEBURG,cis-2-Pentene,2007-04-24T00:00,0.000,µg/m³,VOC,
61902,BEAR CREEK/WALLACEBURG,cis-2-Pentene,2007-04-27T00:00,0.000,µg/m³,VOC,
61902,BEAR CREEK/WALLACEBURG,cis-2-Pentene,2007-04-30T00:00,0.000,µg/m³,VOC,
61902,BEAR CREEK/WALLACEBURG,cis-2-Pentene,2007-05-03T00:00,0.000,µg/m³,VOC,
61902,BEAR CREEK/WALLACEBURG,cis-2-Pentene,2007-05-06T00:00,0.000,µg/m³,VOC,
61902,BEAR CREEK/WALLACEBURG,cis-2-Pentene,2007-05-09T00:00,0.002,µg/m³,VOC,
61902,BEAR CREEK/WALLACEBURG,cis-2-Pentene,2007-05-12T00:00,0.000,µg/m³,VOC,
61902,BEAR CREEK/WALLACEBURG,cis-2-Pentene,2007-05-15T00:00,0.000,µg/m³,VOC,
61902,BEAR CREEK/WALLACEBURG,cis-2-Pentene,2007-05-18T00:00,0.000,µg/m³,VOC,
61902,BEAR CREEK/WALLACEBURG,cis-2-Pentene,2007-05-21T00:00,0.000,µg/m³,VOC,
61902,BEAR CREEK/WALLACEBURG,cis-2-Pentene,2007-05-24T00:00,0.000,µg/m³,VOC,
61902,BEAR CREEK/WALLACEBURG,cis-2-Pentene,2007-05-27T00:00,0.000,µg/m³,VOC,
61902,BEAR CREEK/WALLACEBURG,cis-2-Pentene,2007-05-30T00:00,0.000,µg/m³,VOC,
61902,BEAR CREEK/WALLACEBURG,cis-2-Pentene,2007-06-05T00:00,0.002,µg/m³,VOC,
61902,BEAR CREEK/WALLACEBURG,cis-2-Pentene,2007-06-08T00:00,0.000,µg/m³,VOC,
61902,BEAR CREEK/WALLACEBURG,cis-2-Pentene,2007-06-11T00:00,0.000,µg/m³,VOC,
61902,BEAR CREEK/WALLACEBURG,cis-2-Pentene,2007-06-14T00:00,0.002,µg/m³,VOC,
61902,BEAR CREEK/WALLACEBURG,cis-2-Pentene,2007-06-18T00:00,0.000,µg/m³,VOC,
61902,BEAR CREEK/WALLACEBURG,cis-2-Pentene,2007-06-19T00:00,0.000,µg/m³,VOC,
61902,BEAR CREEK/WALLACEBURG,cis-2-Pentene,2007-06-20T00:00,0.000,µg/m³,VOC,
61902,BEAR CREEK/WALLACEBURG,cis-2-Pentene,2007-06-21T00:00,0.000,µg/m³,VOC,
61902,BEAR CREEK/WALLACEBURG,cis-2-Pentene,2007-06-22T00:00,0.000,µg/m³,VOC,
61902,BEAR CREEK/WALLACEBURG,cis-2-Pentene,2007-06-24T00:00,0.000,µg/m³,VOC,
61902,BEAR CREEK/WALLACEBURG,cis-2-Pentene,2007-06-25T00:00,0.004,µg/m³,VOC,
61902,BEAR CREEK/WALLACEBURG,cis-2-Pentene,2007-06-26T00:00,0.000,µg/m³,VOC,
61902,BEAR CREEK/WALLACEBURG,cis-2-Pentene,2007-06-27T00:00,0.002,µg/m³,VOC,
61902,BEAR CREEK/WALLACEBURG,cis-2-Pentene,2007-06-28T00:00,0.000,µg/m³,VOC,
61902,BEAR CREEK/WALLACEBURG,cis-2-Pentene,2007-06-30T00:00,0.000,µg/m³,VOC,
61902,BEAR CREEK/WALLACEBURG,cis-2-Pentene,2007-07-01T00:00,0.000,µg/m³,VOC,
61902,BEAR CREEK/WALLACEBURG,cis-2-Pentene,2007-07-02T00:00,0.000,µg/m³,VOC,
61902,BEAR CREEK/WALLACEBURG,cis-2-Pentene,2007-07-03T00:00,0.000,µg/m³,VOC,
61902,BEAR CREEK/WALLACEBURG,cis-2-Pentene,2007-07-04T00:00,0.000,µg/m³,VOC,
61902,BEAR CREEK/WALLACEBURG,cis-2-Pentene,2007-07-05T00:00,0.000,µg/m³,VOC,
61902,BEAR CREEK/WALLACEBURG,cis-2-Pentene,2007-07-06T00:00,0.000,µg/m³,VOC,
61902,BEAR CREEK/WALLACEBURG,cis-2-Pentene,2007-07-07T00:00,0.000,µg/m³,VOC,
61902,BEAR CREEK/WALLACEBURG,cis-2-Pentene,2007-07-08T00:00,0.000,µg/m³,VOC,
61902,BEAR CREEK/WALLACEBURG,cis-2-Pentene,2007-07-09T00:00,0.000,µg/m³,VOC,
61902,BEAR CREEK/WALLACEBURG,cis-2-Pentene,2007-07-10T00:00,0.002,µg/m³,VOC,
61902,BEAR CREEK/WALLACEBURG,cis-2-Pentene,2007-07-12T00:00,0.000,µg/m³,VOC,
61902,BEAR CREEK/WALLACEBURG,cis-2-Pentene,2007-07-13T00:00,0.000,µg/m³,VOC,
61902,BEAR CREEK/WALLACEBURG,cis-2-Pentene,2007-07-14T00:00,0.000,µg/m³,VOC,
61902,BEAR CREEK/WALLACEBURG,cis-2-Pentene,2007-07-15T00:00,0.000,µg/m³,VOC,
61902,BEAR CREEK/WALLACEBURG,cis-2-Pentene,2007-07-17T00:00,0.000,µg/m³,VOC,
61902,BEAR CREEK/WALLACEBURG,cis-2-Pentene,2007-07-20T00:00,0.000,µg/m³,VOC,
61902,BEAR CREEK/WALLACEBURG,cis-2-Pentene,2007-07-23T00:00,0.000,µg/m³,VOC,
61902,BEAR CREEK/WALLACEBURG,cis-2-Pentene,2007-07-26T00:00,0.000,µg/m³,VOC,
61902,BEAR CREEK/WALLACEBURG,cis-2-Pentene,2007-07-29T00:00,0.000,µg/m³,VOC,
61902,BEAR CREEK/WALLACEBURG,cis-2-Pentene,2007-08-01T00:00,0.000,µg/m³,VOC,
61902,BEAR CREEK/WALLACEBURG,cis-2-Pentene,2007-08-04T00:00,0.000,µg/m³,VOC,
61902,BEAR CREEK/WALLACEBURG,cis-2-Pentene,2007-08-07T00:00,0.000,µg/m³,VOC,
61902,BEAR CREEK/WALLACEBURG,cis-2-Pentene,2007-08-10T00:00,0.000,µg/m³,VOC,
61902,BEAR CREEK/WALLACEBURG,cis-2-Pentene,2007-08-13T00:00,0.000,µg/m³,VOC,
61902,BEAR CREEK/WALLACEBURG,cis-2-Pentene,2007-08-16T00:00,0.000,µg/m³,VOC,
61902,BEAR CREEK/WALLACEBURG,cis-2-Pentene,2007-08-19T00:00,0.000,µg/m³,VOC,
61902,BEAR CREEK/WALLACEBURG,cis-2-Pentene,2007-08-22T00:00,0.000,µg/m³,VOC,
61902,BEAR CREEK/WALLACEBURG,cis-2-Pentene,2007-08-25T00:00,0.002,µg/m³,VOC,
61902,BEAR CREEK/WALLACEBURG,cis-2-Pentene,2007-08-28T00:00,0.000,µg/m³,VOC,
61902,BEAR CREEK/WALLACEBURG,cis-2-Pentene,2007-08-31T00:00,0.000,µg/m³,VOC,
61902,BEAR CREEK/WALLACEBURG,cis-2-Pentene,2007-09-03T00:00,0.000,µg/m³,VOC,
61902,BEAR CREEK/WALLACEBURG,cis-2-Pentene,2007-09-06T00:00,0.000,µg/m³,VOC,
61902,BEAR CREEK/WALLACEBURG,cis-2-Pentene,2007-09-09T00:00,0.007,µg/m³,VOC,
61902,BEAR CREEK/WALLACEBURG,cis-2-Pentene,2007-09-12T00:00,0.000,µg/m³,VOC,
61902,BEAR CREEK/WALLACEBURG,cis-2-Pentene,2007-09-15T00:00,0.000,µg/m³,VOC,
61902,BEAR CREEK/WALLACEBURG,cis-2-Pentene,2007-09-18T00:00,0.003,µg/m³,VOC,
61902,BEAR CREEK/WALLACEBURG,cis-2-Pentene,2007-11-02T00:00,0.000,µg/m³,VOC,
61902,BEAR CREEK/WALLACEBURG,cis-2-Pentene,2007-11-05T00:00,0.002,µg/m³,VOC,
61902,BEAR CREEK/WALLACEBURG,cis-2-Pentene,2007-11-08T00:00,0.000,µg/m³,VOC,
61902,BEAR CREEK/WALLACEBURG,cis-2-Pentene,2007-11-11T00:00,0.000,µg/m³,VOC,
61902,BEAR CREEK/WALLACEBURG,cis-2-Pentene,2007-11-14T00:00,0.000,µg/m³,VOC,
61902,BEAR CREEK/WALLACEBURG,cis-2-Pentene,2007-11-17T00:00,0.000,µg/m³,VOC,
61902,BEAR CREEK/WALLACEBURG,cis-2-Pentene,2007-11-20T00:00,0.004,µg/m³,VOC,
61902,BEAR CREEK/WALLACEBURG,cis-2-Pentene,2007-11-23T00:00,0.000,µg/m³,VOC,
61902,BEAR CREEK/WALLACEBURG,cis-2-Pentene,2007-11-29T00:00,0.004,µg/m³,VOC,
61902,BEAR CREEK/WALLACEBURG,cis-2-Pentene,2007-12-02T00:00,0.002,µg/m³,VOC,
61902,BEAR CREEK/WALLACEBURG,cis-2-Pentene,2007-12-05T00:00,0.000,µg/m³,VOC,
61902,BEAR CREEK/WALLACEBURG,cis-2-Pentene,2007-12-08T00:00,0.000,µg/m³,VOC,
61902,BEAR CREEK/WALLACEBURG,cis-2-Pentene,2007-12-11T00:00,0.015,µg/m³,VOC,
61902,BEAR CREEK/WALLACEBURG,cis-2-Pentene,2007-12-14T00:00,0.000,µg/m³,VOC,
61902,BEAR CREEK/WALLACEBURG,cis-2-Pentene,2007-12-17T00:00,0.008,µg/m³,VOC,
61902,BEAR CREEK/WALLACEBURG,cis-2-Pentene,2007-12-20T00:00,0.004,µg/m³,VOC,
61902,BEAR CREEK/WALLACEBURG,cis-2-Pentene,2007-12-23T00:00,0.002,µg/m³,VOC,
61902,BEAR CREEK/WALLACEBURG,cis-2-Pentene,2007-12-26T00:00,0.003,µg/m³,VOC,
61902,BEAR CREEK/WALLACEBURG,cis-2-Pentene,2007-12-29T00:00,0.004,µg/m³,VOC,
