﻿NAPS_Site_ID,Station_Name,Pollutant,Date,Value,Units,Report_Type,Method
100127,SURREY EAST,2-Methyl-1-Butene,2004-01-22T00:00,0.190,µg/m³,VOC,GC-MS
100127,SURREY EAST,2-Methyl-1-Butene,2004-02-09T00:00,0.144,µg/m³,VOC,GC-MS
100127,SURREY EAST,2-Methyl-1-Butene,2004-02-27T00:00,0.108,µg/m³,VOC,GC-MS
100127,SURREY EAST,2-Methyl-1-Butene,2004-03-16T00:00,0.037,µg/m³,VOC,GC-MS
100127,SURREY EAST,2-Methyl-1-Butene,2004-04-03T00:00,0.086,µg/m³,VOC,GC-MS
100127,SURREY EAST,2-Methyl-1-Butene,2004-04-21T00:00,0.060,µg/m³,VOC,GC-MS
100127,SURREY EAST,2-Methyl-1-Butene,2004-05-09T00:00,0.032,µg/m³,VOC,GC-MS
100127,SURREY EAST,2-Methyl-1-Butene,2004-05-27T00:00,0.054,µg/m³,VOC,GC-MS
100127,SURREY EAST,2-Methyl-1-Butene,2004-06-14T00:00,0.026,µg/m³,VOC,GC-MS
100127,SURREY EAST,2-Methyl-1-Butene,2004-07-02T00:00,0.040,µg/m³,VOC,GC-MS
100127,SURREY EAST,2-Methyl-1-Butene,2004-07-20T00:00,0.034,µg/m³,VOC,GC-MS
100127,SURREY EAST,2-Methyl-1-Butene,2004-08-07T00:00,0.032,µg/m³,VOC,GC-MS
100127,SURREY EAST,2-Methyl-1-Butene,2004-08-31T00:00,0.066,µg/m³,VOC,GC-MS
100127,SURREY EAST,2-Methyl-1-Butene,2004-09-30T00:00,0.246,µg/m³,VOC,GC-MS
100127,SURREY EAST,2-Methyl-1-Butene,2004-10-18T00:00,0.044,µg/m³,VOC,GC-MS
100127,SURREY EAST,2-Methyl-1-Butene,2004-11-05T00:00,0.218,µg/m³,VOC,GC-MS
100127,SURREY EAST,2-Methyl-1-Butene,2004-11-23T00:00,0.156,µg/m³,VOC,GC-MS
100127,SURREY EAST,2-Methyl-1-Butene,2004-12-11T00:00,0.070,µg/m³,VOC,GC-MS
100127,SURREY EAST,2-Methyl-1-Butene,2004-12-23T00:00,0.303,µg/m³,VOC,GC-MS
