﻿NAPS_Site_ID,Station_Name,Pollutant,Date,Value,Units,Report_Type,Method
40203,FOREST HILLS,Acenaphthylene,2011-02-20T00:00,0.000,µg/m³,PAH,GC-MS TP+G
40203,FOREST HILLS,Acenaphthylene,2011-03-16T00:00,0.000,µg/m³,PAH,GC-MS TP+G
40203,FOREST HILLS,Acenaphthylene,2011-04-09T00:00,0.000,µg/m³,PAH,GC-MS TP+G
40203,FOREST HILLS,Acenaphthylene,2011-04-21T00:00,0.000,µg/m³,PAH,GC-MS TP+G
40203,FOREST HILLS,Acenaphthylene,2011-05-03T00:00,0.000,µg/m³,PAH,GC-MS TP+G
40203,FOREST HILLS,Acenaphthylene,2011-05-27T00:00,0.000,µg/m³,PAH,GC-MS TP+G
40203,FOREST HILLS,Acenaphthylene,2011-06-08T00:00,0.000,µg/m³,PAH,GC-MS TP+G
40203,FOREST HILLS,Acenaphthylene,2011-07-02T00:00,0.000,µg/m³,PAH,GC-MS TP+G
40203,FOREST HILLS,Acenaphthylene,2011-07-14T00:00,0.000,µg/m³,PAH,GC-MS TP+G
40203,FOREST HILLS,Acenaphthylene,2011-08-19T00:00,0.000,µg/m³,PAH,GC-MS TP+G
40203,FOREST HILLS,Acenaphthylene,2011-12-05T00:00,0.000,µg/m³,PAH,GC-MS TP+G
