﻿NAPS_Site_ID,Station_Name,Pollutant,Date,Value,Units,Report_Type,Method
61502,WEST AVE. & HOMEWOOD _KITCHENER_,"cis-1,2-Dichloroethylene",2012-02-03T00:00,0.001,µg/m³,VOC,
61502,WEST AVE. & HOMEWOOD _KITCHENER_,"cis-1,2-Dichloroethylene",2012-02-09T00:00,0.001,µg/m³,VOC,
61502,WEST AVE. & HOMEWOOD _KITCHENER_,"cis-1,2-Dichloroethylene",2012-02-21T00:00,0.002,µg/m³,VOC,
61502,WEST AVE. & HOMEWOOD _KITCHENER_,"cis-1,2-Dichloroethylene",2012-02-27T00:00,0.000,µg/m³,VOC,
61502,WEST AVE. & HOMEWOOD _KITCHENER_,"cis-1,2-Dichloroethylene",2012-03-04T00:00,0.000,µg/m³,VOC,
61502,WEST AVE. & HOMEWOOD _KITCHENER_,"cis-1,2-Dichloroethylene",2012-03-10T00:00,0.001,µg/m³,VOC,
61502,WEST AVE. & HOMEWOOD _KITCHENER_,"cis-1,2-Dichloroethylene",2012-03-22T00:00,0.001,µg/m³,VOC,
61502,WEST AVE. & HOMEWOOD _KITCHENER_,"cis-1,2-Dichloroethylene",2012-03-28T00:00,0.000,µg/m³,VOC,
61502,WEST AVE. & HOMEWOOD _KITCHENER_,"cis-1,2-Dichloroethylene",2012-04-03T00:00,0.002,µg/m³,VOC,
61502,WEST AVE. & HOMEWOOD _KITCHENER_,"cis-1,2-Dichloroethylene",2012-04-09T00:00,0.000,µg/m³,VOC,
61502,WEST AVE. & HOMEWOOD _KITCHENER_,"cis-1,2-Dichloroethylene",2012-04-15T00:00,0.000,µg/m³,VOC,
61502,WEST AVE. & HOMEWOOD _KITCHENER_,"cis-1,2-Dichloroethylene",2012-04-21T00:00,0.000,µg/m³,VOC,
61502,WEST AVE. & HOMEWOOD _KITCHENER_,"cis-1,2-Dichloroethylene",2012-04-27T00:00,0.000,µg/m³,VOC,
61502,WEST AVE. & HOMEWOOD _KITCHENER_,"cis-1,2-Dichloroethylene",2012-05-03T00:00,0.002,µg/m³,VOC,
61502,WEST AVE. & HOMEWOOD _KITCHENER_,"cis-1,2-Dichloroethylene",2012-05-09T00:00,0.000,µg/m³,VOC,
61502,WEST AVE. & HOMEWOOD _KITCHENER_,"cis-1,2-Dichloroethylene",2012-05-15T00:00,0.004,µg/m³,VOC,
61502,WEST AVE. & HOMEWOOD _KITCHENER_,"cis-1,2-Dichloroethylene",2012-05-21T00:00,0.000,µg/m³,VOC,
61502,WEST AVE. & HOMEWOOD _KITCHENER_,"cis-1,2-Dichloroethylene",2012-05-27T00:00,0.000,µg/m³,VOC,
61502,WEST AVE. & HOMEWOOD _KITCHENER_,"cis-1,2-Dichloroethylene",2012-06-02T00:00,0.000,µg/m³,VOC,
61502,WEST AVE. & HOMEWOOD _KITCHENER_,"cis-1,2-Dichloroethylene",2012-06-08T00:00,0.000,µg/m³,VOC,
61502,WEST AVE. & HOMEWOOD _KITCHENER_,"cis-1,2-Dichloroethylene",2012-06-14T00:00,0.002,µg/m³,VOC,
61502,WEST AVE. & HOMEWOOD _KITCHENER_,"cis-1,2-Dichloroethylene",2012-06-20T00:00,0.000,µg/m³,VOC,
61502,WEST AVE. & HOMEWOOD _KITCHENER_,"cis-1,2-Dichloroethylene",2012-06-26T00:00,0.000,µg/m³,VOC,
61502,WEST AVE. & HOMEWOOD _KITCHENER_,"cis-1,2-Dichloroethylene",2012-07-02T00:00,0.000,µg/m³,VOC,
61502,WEST AVE. & HOMEWOOD _KITCHENER_,"cis-1,2-Dichloroethylene",2012-07-08T00:00,0.000,µg/m³,VOC,
61502,WEST AVE. & HOMEWOOD _KITCHENER_,"cis-1,2-Dichloroethylene",2012-07-14T00:00,0.001,µg/m³,VOC,
61502,WEST AVE. & HOMEWOOD _KITCHENER_,"cis-1,2-Dichloroethylene",2012-07-20T00:00,0.000,µg/m³,VOC,
61502,WEST AVE. & HOMEWOOD _KITCHENER_,"cis-1,2-Dichloroethylene",2012-07-26T00:00,0.000,µg/m³,VOC,
61502,WEST AVE. & HOMEWOOD _KITCHENER_,"cis-1,2-Dichloroethylene",2012-08-01T00:00,0.000,µg/m³,VOC,
61502,WEST AVE. & HOMEWOOD _KITCHENER_,"cis-1,2-Dichloroethylene",2012-08-07T00:00,0.000,µg/m³,VOC,
61502,WEST AVE. & HOMEWOOD _KITCHENER_,"cis-1,2-Dichloroethylene",2012-08-13T00:00,0.001,µg/m³,VOC,
61502,WEST AVE. & HOMEWOOD _KITCHENER_,"cis-1,2-Dichloroethylene",2012-08-19T00:00,0.002,µg/m³,VOC,
61502,WEST AVE. & HOMEWOOD _KITCHENER_,"cis-1,2-Dichloroethylene",2012-08-25T00:00,0.002,µg/m³,VOC,
61502,WEST AVE. & HOMEWOOD _KITCHENER_,"cis-1,2-Dichloroethylene",2012-08-31T00:00,0.001,µg/m³,VOC,
61502,WEST AVE. & HOMEWOOD _KITCHENER_,"cis-1,2-Dichloroethylene",2012-09-06T00:00,0.001,µg/m³,VOC,
61502,WEST AVE. & HOMEWOOD _KITCHENER_,"cis-1,2-Dichloroethylene",2012-09-12T00:00,0.001,µg/m³,VOC,
61502,WEST AVE. & HOMEWOOD _KITCHENER_,"cis-1,2-Dichloroethylene",2012-09-18T00:00,0.000,µg/m³,VOC,
61502,WEST AVE. & HOMEWOOD _KITCHENER_,"cis-1,2-Dichloroethylene",2012-09-24T00:00,0.000,µg/m³,VOC,
61502,WEST AVE. & HOMEWOOD _KITCHENER_,"cis-1,2-Dichloroethylene",2012-09-30T00:00,0.002,µg/m³,VOC,
61502,WEST AVE. & HOMEWOOD _KITCHENER_,"cis-1,2-Dichloroethylene",2012-10-06T00:00,0.000,µg/m³,VOC,
61502,WEST AVE. & HOMEWOOD _KITCHENER_,"cis-1,2-Dichloroethylene",2012-10-12T00:00,0.001,µg/m³,VOC,
61502,WEST AVE. & HOMEWOOD _KITCHENER_,"cis-1,2-Dichloroethylene",2012-10-18T00:00,0.000,µg/m³,VOC,
61502,WEST AVE. & HOMEWOOD _KITCHENER_,"cis-1,2-Dichloroethylene",2012-10-24T00:00,0.000,µg/m³,VOC,
61502,WEST AVE. & HOMEWOOD _KITCHENER_,"cis-1,2-Dichloroethylene",2012-10-30T00:00,0.000,µg/m³,VOC,
61502,WEST AVE. & HOMEWOOD _KITCHENER_,"cis-1,2-Dichloroethylene",2012-11-05T00:00,0.000,µg/m³,VOC,
61502,WEST AVE. & HOMEWOOD _KITCHENER_,"cis-1,2-Dichloroethylene",2012-11-11T00:00,0.000,µg/m³,VOC,
61502,WEST AVE. & HOMEWOOD _KITCHENER_,"cis-1,2-Dichloroethylene",2012-11-17T00:00,0.004,µg/m³,VOC,
61502,WEST AVE. & HOMEWOOD _KITCHENER_,"cis-1,2-Dichloroethylene",2012-11-23T00:00,0.002,µg/m³,VOC,
61502,WEST AVE. & HOMEWOOD _KITCHENER_,"cis-1,2-Dichloroethylene",2012-11-29T00:00,0.000,µg/m³,VOC,
61502,WEST AVE. & HOMEWOOD _KITCHENER_,"cis-1,2-Dichloroethylene",2012-12-05T00:00,0.000,µg/m³,VOC,
61502,WEST AVE. & HOMEWOOD _KITCHENER_,"cis-1,2-Dichloroethylene",2012-12-11T00:00,0.000,µg/m³,VOC,
61502,WEST AVE. & HOMEWOOD _KITCHENER_,"cis-1,2-Dichloroethylene",2012-12-17T00:00,0.000,µg/m³,VOC,
61502,WEST AVE. & HOMEWOOD _KITCHENER_,"cis-1,2-Dichloroethylene",2012-12-23T00:00,0.000,µg/m³,VOC,
61502,WEST AVE. & HOMEWOOD _KITCHENER_,"cis-1,2-Dichloroethylene",2012-12-29T00:00,0.002,µg/m³,VOC,
