﻿NAPS_Site_ID,Station_Name,Pollutant,Date,Value,Units,Report_Type,Method
50103,MONTRÉAL-SAINT-JEAN-BAPTISTE,Acetone,1996-01-04T00:00,2.440,µg/m³,VOC,N/A
50103,MONTRÉAL-SAINT-JEAN-BAPTISTE,Acetone,1996-01-10T00:00,4.833,µg/m³,VOC,N/A
50103,MONTRÉAL-SAINT-JEAN-BAPTISTE,Acetone,1996-01-16T00:00,2.869,µg/m³,VOC,N/A
50103,MONTRÉAL-SAINT-JEAN-BAPTISTE,Acetone,1996-01-22T00:00,2.192,µg/m³,VOC,N/A
50103,MONTRÉAL-SAINT-JEAN-BAPTISTE,Acetone,1996-01-28T00:00,1.652,µg/m³,VOC,N/A
50103,MONTRÉAL-SAINT-JEAN-BAPTISTE,Acetone,1996-02-03T00:00,1.675,µg/m³,VOC,N/A
50103,MONTRÉAL-SAINT-JEAN-BAPTISTE,Acetone,1996-02-09T00:00,3.270,µg/m³,VOC,N/A
50103,MONTRÉAL-SAINT-JEAN-BAPTISTE,Acetone,1996-02-21T00:00,4.613,µg/m³,VOC,N/A
50103,MONTRÉAL-SAINT-JEAN-BAPTISTE,Acetone,1996-03-10T00:00,2.707,µg/m³,VOC,N/A
50103,MONTRÉAL-SAINT-JEAN-BAPTISTE,Acetone,1996-03-16T00:00,2.702,µg/m³,VOC,N/A
50103,MONTRÉAL-SAINT-JEAN-BAPTISTE,Acetone,1996-03-22T00:00,3.139,µg/m³,VOC,N/A
50103,MONTRÉAL-SAINT-JEAN-BAPTISTE,Acetone,1996-03-28T00:00,3.827,µg/m³,VOC,N/A
50103,MONTRÉAL-SAINT-JEAN-BAPTISTE,Acetone,1996-04-03T00:00,2.849,µg/m³,VOC,N/A
50103,MONTRÉAL-SAINT-JEAN-BAPTISTE,Acetone,1996-04-15T00:00,2.973,µg/m³,VOC,N/A
50103,MONTRÉAL-SAINT-JEAN-BAPTISTE,Acetone,1996-04-21T00:00,3.331,µg/m³,VOC,N/A
50103,MONTRÉAL-SAINT-JEAN-BAPTISTE,Acetone,1996-04-27T00:00,2.670,µg/m³,VOC,N/A
50103,MONTRÉAL-SAINT-JEAN-BAPTISTE,Acetone,1996-05-09T00:00,4.115,µg/m³,VOC,N/A
50103,MONTRÉAL-SAINT-JEAN-BAPTISTE,Acetone,1996-05-15T00:00,5.073,µg/m³,VOC,N/A
50103,MONTRÉAL-SAINT-JEAN-BAPTISTE,Acetone,1996-05-21T00:00,3.975,µg/m³,VOC,N/A
50103,MONTRÉAL-SAINT-JEAN-BAPTISTE,Acetone,1996-05-27T00:00,3.388,µg/m³,VOC,N/A
50103,MONTRÉAL-SAINT-JEAN-BAPTISTE,Acetone,1996-06-02T00:00,4.973,µg/m³,VOC,N/A
50103,MONTRÉAL-SAINT-JEAN-BAPTISTE,Acetone,1996-06-08T00:00,3.108,µg/m³,VOC,N/A
50103,MONTRÉAL-SAINT-JEAN-BAPTISTE,Acetone,1996-06-14T00:00,3.726,µg/m³,VOC,N/A
50103,MONTRÉAL-SAINT-JEAN-BAPTISTE,Acetone,1996-06-20T00:00,4.455,µg/m³,VOC,N/A
50103,MONTRÉAL-SAINT-JEAN-BAPTISTE,Acetone,1996-06-26T00:00,3.470,µg/m³,VOC,N/A
50103,MONTRÉAL-SAINT-JEAN-BAPTISTE,Acetone,1996-07-02T00:00,4.480,µg/m³,VOC,N/A
50103,MONTRÉAL-SAINT-JEAN-BAPTISTE,Acetone,1996-07-08T00:00,6.992,µg/m³,VOC,N/A
50103,MONTRÉAL-SAINT-JEAN-BAPTISTE,Acetone,1996-07-14T00:00,6.418,µg/m³,VOC,N/A
50103,MONTRÉAL-SAINT-JEAN-BAPTISTE,Acetone,1996-07-20T00:00,6.430,µg/m³,VOC,N/A
50103,MONTRÉAL-SAINT-JEAN-BAPTISTE,Acetone,1996-07-26T00:00,3.953,µg/m³,VOC,N/A
50103,MONTRÉAL-SAINT-JEAN-BAPTISTE,Acetone,1996-08-01T00:00,3.068,µg/m³,VOC,N/A
50103,MONTRÉAL-SAINT-JEAN-BAPTISTE,Acetone,1996-08-07T00:00,4.089,µg/m³,VOC,N/A
50103,MONTRÉAL-SAINT-JEAN-BAPTISTE,Acetone,1996-08-13T00:00,3.510,µg/m³,VOC,N/A
50103,MONTRÉAL-SAINT-JEAN-BAPTISTE,Acetone,1996-08-19T00:00,3.486,µg/m³,VOC,N/A
50103,MONTRÉAL-SAINT-JEAN-BAPTISTE,Acetone,1996-08-25T00:00,3.703,µg/m³,VOC,N/A
50103,MONTRÉAL-SAINT-JEAN-BAPTISTE,Acetone,1996-08-31T00:00,3.098,µg/m³,VOC,N/A
50103,MONTRÉAL-SAINT-JEAN-BAPTISTE,Acetone,1996-09-18T00:00,2.806,µg/m³,VOC,N/A
50103,MONTRÉAL-SAINT-JEAN-BAPTISTE,Acetone,1996-09-24T00:00,3.729,µg/m³,VOC,N/A
50103,MONTRÉAL-SAINT-JEAN-BAPTISTE,Acetone,1996-09-30T00:00,2.210,µg/m³,VOC,N/A
50103,MONTRÉAL-SAINT-JEAN-BAPTISTE,Acetone,1996-10-06T00:00,2.869,µg/m³,VOC,N/A
50103,MONTRÉAL-SAINT-JEAN-BAPTISTE,Acetone,1996-10-12T00:00,3.290,µg/m³,VOC,N/A
50103,MONTRÉAL-SAINT-JEAN-BAPTISTE,Acetone,1996-10-24T00:00,2.473,µg/m³,VOC,N/A
50103,MONTRÉAL-SAINT-JEAN-BAPTISTE,Acetone,1996-10-30T00:00,2.104,µg/m³,VOC,N/A
50103,MONTRÉAL-SAINT-JEAN-BAPTISTE,Acetone,1996-11-17T00:00,1.098,µg/m³,VOC,N/A
50103,MONTRÉAL-SAINT-JEAN-BAPTISTE,Acetone,1996-11-23T00:00,1.799,µg/m³,VOC,N/A
50103,MONTRÉAL-SAINT-JEAN-BAPTISTE,Acetone,1996-11-29T00:00,2.489,µg/m³,VOC,N/A
50103,MONTRÉAL-SAINT-JEAN-BAPTISTE,Acetone,1996-12-05T00:00,1.408,µg/m³,VOC,N/A
50103,MONTRÉAL-SAINT-JEAN-BAPTISTE,Acetone,1996-12-11T00:00,1.716,µg/m³,VOC,N/A
50103,MONTRÉAL-SAINT-JEAN-BAPTISTE,Acetone,1996-12-17T00:00,1.754,µg/m³,VOC,N/A
50103,MONTRÉAL-SAINT-JEAN-BAPTISTE,Acetone,1996-12-23T00:00,1.891,µg/m³,VOC,N/A
50103,MONTRÉAL-SAINT-JEAN-BAPTISTE,Acetone,1996-12-29T00:00,0.629,µg/m³,VOC,N/A
