﻿NAPS_Site_ID,Station_Name,Pollutant,Date,Value,Units,Report_Type,Method
40203,FOREST HILLS,Silicon,2019-01-03T00:00,0.015,µg/m³,PM2.5,ED-XRF
40203,FOREST HILLS,Silicon,2019-01-06T00:00,0.004,µg/m³,PM2.5,ED-XRF
40203,FOREST HILLS,Silicon,2019-01-09T00:00,0.053,µg/m³,PM2.5,ED-XRF
40203,FOREST HILLS,Silicon,2019-01-12T00:00,0.000,µg/m³,PM2.5,ED-XRF
40203,FOREST HILLS,Silicon,2019-01-15T00:00,0.027,µg/m³,PM2.5,ED-XRF
40203,FOREST HILLS,Silicon,2019-01-18T00:00,0.027,µg/m³,PM2.5,ED-XRF
40203,FOREST HILLS,Silicon,2019-01-21T00:00,0.005,µg/m³,PM2.5,ED-XRF
40203,FOREST HILLS,Silicon,2019-01-24T00:00,0.015,µg/m³,PM2.5,ED-XRF
40203,FOREST HILLS,Silicon,2019-01-27T00:00,0.018,µg/m³,PM2.5,ED-XRF
40203,FOREST HILLS,Silicon,2019-01-30T00:00,0.019,µg/m³,PM2.5,ED-XRF
40203,FOREST HILLS,Silicon,2019-02-02T00:00,0.026,µg/m³,PM2.5,ED-XRF
40203,FOREST HILLS,Silicon,2019-02-08T00:00,0.022,µg/m³,PM2.5,ED-XRF
40203,FOREST HILLS,Silicon,2019-02-11T00:00,0.040,µg/m³,PM2.5,ED-XRF
40203,FOREST HILLS,Silicon,2019-02-17T00:00,0.027,µg/m³,PM2.5,ED-XRF
40203,FOREST HILLS,Silicon,2019-02-20T00:00,0.051,µg/m³,PM2.5,ED-XRF
40203,FOREST HILLS,Silicon,2019-02-23T00:00,0.019,µg/m³,PM2.5,ED-XRF
40203,FOREST HILLS,Silicon,2019-03-01T00:00,0.041,µg/m³,PM2.5,ED-XRF
40203,FOREST HILLS,Silicon,2019-03-04T00:00,0.049,µg/m³,PM2.5,ED-XRF
40203,FOREST HILLS,Silicon,2019-03-07T00:00,0.014,µg/m³,PM2.5,ED-XRF
40203,FOREST HILLS,Silicon,2019-03-10T00:00,0.029,µg/m³,PM2.5,ED-XRF
40203,FOREST HILLS,Silicon,2019-03-13T00:00,0.031,µg/m³,PM2.5,ED-XRF
40203,FOREST HILLS,Silicon,2019-03-16T00:00,0.019,µg/m³,PM2.5,ED-XRF
40203,FOREST HILLS,Silicon,2019-03-19T00:00,0.047,µg/m³,PM2.5,ED-XRF
40203,FOREST HILLS,Silicon,2019-03-22T00:00,0.006,µg/m³,PM2.5,ED-XRF
40203,FOREST HILLS,Silicon,2019-03-25T00:00,0.038,µg/m³,PM2.5,ED-XRF
40203,FOREST HILLS,Silicon,2019-03-28T00:00,0.105,µg/m³,PM2.5,ED-XRF
40203,FOREST HILLS,Silicon,2019-03-31T00:00,0.084,µg/m³,PM2.5,ED-XRF
40203,FOREST HILLS,Silicon,2019-04-03T00:00,0.013,µg/m³,PM2.5,ED-XRF
40203,FOREST HILLS,Silicon,2019-04-09T00:00,0.008,µg/m³,PM2.5,ED-XRF
40203,FOREST HILLS,Silicon,2019-04-15T00:00,0.014,µg/m³,PM2.5,ED-XRF
40203,FOREST HILLS,Silicon,2019-04-27T00:00,0.019,µg/m³,PM2.5,ED-XRF
40203,FOREST HILLS,Silicon,2019-05-03T00:00,0.063,µg/m³,PM2.5,ED-XRF
40203,FOREST HILLS,Silicon,2019-05-09T00:00,0.021,µg/m³,PM2.5,ED-XRF
40203,FOREST HILLS,Silicon,2019-05-12T00:00,0.023,µg/m³,PM2.5,ED-XRF
40203,FOREST HILLS,Silicon,2019-05-15T00:00,0.005,µg/m³,PM2.5,ED-XRF
40203,FOREST HILLS,Silicon,2019-05-18T00:00,0.006,µg/m³,PM2.5,ED-XRF
40203,FOREST HILLS,Silicon,2019-05-21T00:00,0.000,µg/m³,PM2.5,ED-XRF
40203,FOREST HILLS,Silicon,2019-05-27T00:00,0.065,µg/m³,PM2.5,ED-XRF
40203,FOREST HILLS,Silicon,2019-05-30T00:00,0.040,µg/m³,PM2.5,ED-XRF
40203,FOREST HILLS,Silicon,2019-06-02T00:00,0.018,µg/m³,PM2.5,ED-XRF
40203,FOREST HILLS,Silicon,2019-06-05T00:00,0.043,µg/m³,PM2.5,ED-XRF
40203,FOREST HILLS,Silicon,2019-06-08T00:00,0.030,µg/m³,PM2.5,ED-XRF
40203,FOREST HILLS,Silicon,2019-06-11T00:00,0.016,µg/m³,PM2.5,ED-XRF
40203,FOREST HILLS,Silicon,2019-06-26T00:00,0.061,µg/m³,PM2.5,ED-XRF
40203,FOREST HILLS,Silicon,2019-06-29T00:00,0.028,µg/m³,PM2.5,ED-XRF
40203,FOREST HILLS,Silicon,2019-07-02T00:00,0.013,µg/m³,PM2.5,ED-XRF
40203,FOREST HILLS,Silicon,2019-07-05T00:00,0.073,µg/m³,PM2.5,ED-XRF
40203,FOREST HILLS,Silicon,2019-07-08T00:00,0.064,µg/m³,PM2.5,ED-XRF
40203,FOREST HILLS,Silicon,2019-07-11T00:00,0.038,µg/m³,PM2.5,ED-XRF
40203,FOREST HILLS,Silicon,2019-07-14T00:00,0.019,µg/m³,PM2.5,ED-XRF
40203,FOREST HILLS,Silicon,2019-07-17T00:00,0.043,µg/m³,PM2.5,ED-XRF
40203,FOREST HILLS,Silicon,2019-07-20T00:00,0.068,µg/m³,PM2.5,ED-XRF
40203,FOREST HILLS,Silicon,2019-07-23T00:00,0.020,µg/m³,PM2.5,ED-XRF
40203,FOREST HILLS,Silicon,2019-07-26T00:00,0.102,µg/m³,PM2.5,ED-XRF
40203,FOREST HILLS,Silicon,2019-08-19T00:00,0.019,µg/m³,PM2.5,ED-XRF
40203,FOREST HILLS,Silicon,2019-08-25T00:00,0.000,µg/m³,PM2.5,ED-XRF
40203,FOREST HILLS,Silicon,2019-08-28T00:00,0.023,µg/m³,PM2.5,ED-XRF
40203,FOREST HILLS,Silicon,2019-08-31T00:00,0.017,µg/m³,PM2.5,ED-XRF
40203,FOREST HILLS,Silicon,2019-09-03T00:00,0.008,µg/m³,PM2.5,ED-XRF
40203,FOREST HILLS,Silicon,2019-09-06T00:00,0.000,µg/m³,PM2.5,ED-XRF
40203,FOREST HILLS,Silicon,2019-09-09T00:00,0.017,µg/m³,PM2.5,ED-XRF
40203,FOREST HILLS,Silicon,2019-09-12T00:00,0.009,µg/m³,PM2.5,ED-XRF
40203,FOREST HILLS,Silicon,2019-09-15T00:00,0.009,µg/m³,PM2.5,ED-XRF
40203,FOREST HILLS,Silicon,2019-09-18T00:00,0.006,µg/m³,PM2.5,ED-XRF
40203,FOREST HILLS,Silicon,2019-09-21T00:00,0.031,µg/m³,PM2.5,ED-XRF
40203,FOREST HILLS,Silicon,2019-09-24T00:00,0.015,µg/m³,PM2.5,ED-XRF
40203,FOREST HILLS,Silicon,2019-09-27T00:00,0.014,µg/m³,PM2.5,ED-XRF
40203,FOREST HILLS,Silicon,2019-09-30T00:00,0.005,µg/m³,PM2.5,ED-XRF
40203,FOREST HILLS,Silicon,2019-10-03T00:00,0.027,µg/m³,PM2.5,ED-XRF
40203,FOREST HILLS,Silicon,2019-10-06T00:00,0.006,µg/m³,PM2.5,ED-XRF
40203,FOREST HILLS,Silicon,2019-10-09T00:00,0.015,µg/m³,PM2.5,ED-XRF
40203,FOREST HILLS,Silicon,2019-10-12T00:00,0.006,µg/m³,PM2.5,ED-XRF
40203,FOREST HILLS,Silicon,2019-10-15T00:00,0.055,µg/m³,PM2.5,ED-XRF
40203,FOREST HILLS,Silicon,2019-10-18T00:00,0.023,µg/m³,PM2.5,ED-XRF
40203,FOREST HILLS,Silicon,2019-10-21T00:00,0.028,µg/m³,PM2.5,ED-XRF
40203,FOREST HILLS,Silicon,2019-10-24T00:00,0.054,µg/m³,PM2.5,ED-XRF
40203,FOREST HILLS,Silicon,2019-10-27T00:00,0.008,µg/m³,PM2.5,ED-XRF
40203,FOREST HILLS,Silicon,2019-10-30T00:00,0.017,µg/m³,PM2.5,ED-XRF
40203,FOREST HILLS,Silicon,2019-11-02T00:00,0.027,µg/m³,PM2.5,ED-XRF
40203,FOREST HILLS,Silicon,2019-11-05T00:00,0.008,µg/m³,PM2.5,ED-XRF
40203,FOREST HILLS,Silicon,2019-11-08T00:00,0.007,µg/m³,PM2.5,ED-XRF
40203,FOREST HILLS,Silicon,2019-11-11T00:00,0.020,µg/m³,PM2.5,ED-XRF
40203,FOREST HILLS,Silicon,2019-11-17T00:00,0.029,µg/m³,PM2.5,ED-XRF
40203,FOREST HILLS,Silicon,2019-11-20T00:00,0.001,µg/m³,PM2.5,ED-XRF
40203,FOREST HILLS,Silicon,2019-12-26T00:00,0.045,µg/m³,PM2.5,ED-XRF
40203,FOREST HILLS,Silicon,2019-12-29T00:00,0.007,µg/m³,PM2.5,ED-XRF
40203,FOREST HILLS,Silicon,2019-01-03T00:00,0.126,µg/m³,PM2.5-10,ED-XRF
40203,FOREST HILLS,Silicon,2019-01-06T00:00,0.008,µg/m³,PM2.5-10,ED-XRF
40203,FOREST HILLS,Silicon,2019-01-09T00:00,0.010,µg/m³,PM2.5-10,ED-XRF
40203,FOREST HILLS,Silicon,2019-01-12T00:00,0.127,µg/m³,PM2.5-10,ED-XRF
40203,FOREST HILLS,Silicon,2019-01-15T00:00,0.085,µg/m³,PM2.5-10,ED-XRF
40203,FOREST HILLS,Silicon,2019-01-18T00:00,0.297,µg/m³,PM2.5-10,ED-XRF
40203,FOREST HILLS,Silicon,2019-01-21T00:00,0.000,µg/m³,PM2.5-10,ED-XRF
40203,FOREST HILLS,Silicon,2019-01-24T00:00,0.017,µg/m³,PM2.5-10,ED-XRF
40203,FOREST HILLS,Silicon,2019-01-27T00:00,0.046,µg/m³,PM2.5-10,ED-XRF
40203,FOREST HILLS,Silicon,2019-01-30T00:00,0.049,µg/m³,PM2.5-10,ED-XRF
40203,FOREST HILLS,Silicon,2019-02-02T00:00,0.220,µg/m³,PM2.5-10,ED-XRF
40203,FOREST HILLS,Silicon,2019-02-08T00:00,0.067,µg/m³,PM2.5-10,ED-XRF
40203,FOREST HILLS,Silicon,2019-02-11T00:00,0.203,µg/m³,PM2.5-10,ED-XRF
40203,FOREST HILLS,Silicon,2019-02-17T00:00,0.050,µg/m³,PM2.5-10,ED-XRF
40203,FOREST HILLS,Silicon,2019-02-20T00:00,0.390,µg/m³,PM2.5-10,ED-XRF
40203,FOREST HILLS,Silicon,2019-02-23T00:00,0.153,µg/m³,PM2.5-10,ED-XRF
40203,FOREST HILLS,Silicon,2019-03-01T00:00,0.359,µg/m³,PM2.5-10,ED-XRF
40203,FOREST HILLS,Silicon,2019-03-04T00:00,0.276,µg/m³,PM2.5-10,ED-XRF
40203,FOREST HILLS,Silicon,2019-03-07T00:00,0.426,µg/m³,PM2.5-10,ED-XRF
40203,FOREST HILLS,Silicon,2019-03-10T00:00,0.014,µg/m³,PM2.5-10,ED-XRF
40203,FOREST HILLS,Silicon,2019-03-13T00:00,0.165,µg/m³,PM2.5-10,ED-XRF
40203,FOREST HILLS,Silicon,2019-03-16T00:00,0.157,µg/m³,PM2.5-10,ED-XRF
40203,FOREST HILLS,Silicon,2019-03-19T00:00,0.521,µg/m³,PM2.5-10,ED-XRF
40203,FOREST HILLS,Silicon,2019-03-22T00:00,0.002,µg/m³,PM2.5-10,ED-XRF
40203,FOREST HILLS,Silicon,2019-03-25T00:00,0.286,µg/m³,PM2.5-10,ED-XRF
40203,FOREST HILLS,Silicon,2019-03-28T00:00,0.345,µg/m³,PM2.5-10,ED-XRF
40203,FOREST HILLS,Silicon,2019-03-31T00:00,0.180,µg/m³,PM2.5-10,ED-XRF
40203,FOREST HILLS,Silicon,2019-04-03T00:00,0.039,µg/m³,PM2.5-10,ED-XRF
40203,FOREST HILLS,Silicon,2019-04-09T00:00,0.011,µg/m³,PM2.5-10,ED-XRF
40203,FOREST HILLS,Silicon,2019-04-15T00:00,0.032,µg/m³,PM2.5-10,ED-XRF
40203,FOREST HILLS,Silicon,2019-04-27T00:00,0.028,µg/m³,PM2.5-10,ED-XRF
40203,FOREST HILLS,Silicon,2019-05-03T00:00,0.762,µg/m³,PM2.5-10,ED-XRF
40203,FOREST HILLS,Silicon,2019-05-09T00:00,0.166,µg/m³,PM2.5-10,ED-XRF
40203,FOREST HILLS,Silicon,2019-05-12T00:00,0.047,µg/m³,PM2.5-10,ED-XRF
40203,FOREST HILLS,Silicon,2019-05-15T00:00,0.020,µg/m³,PM2.5-10,ED-XRF
40203,FOREST HILLS,Silicon,2019-05-18T00:00,0.048,µg/m³,PM2.5-10,ED-XRF
40203,FOREST HILLS,Silicon,2019-05-21T00:00,0.031,µg/m³,PM2.5-10,ED-XRF
40203,FOREST HILLS,Silicon,2019-05-27T00:00,0.151,µg/m³,PM2.5-10,ED-XRF
40203,FOREST HILLS,Silicon,2019-05-30T00:00,0.254,µg/m³,PM2.5-10,ED-XRF
40203,FOREST HILLS,Silicon,2019-06-02T00:00,0.060,µg/m³,PM2.5-10,ED-XRF
40203,FOREST HILLS,Silicon,2019-06-05T00:00,0.336,µg/m³,PM2.5-10,ED-XRF
40203,FOREST HILLS,Silicon,2019-06-08T00:00,0.137,µg/m³,PM2.5-10,ED-XRF
40203,FOREST HILLS,Silicon,2019-06-11T00:00,0.276,µg/m³,PM2.5-10,ED-XRF
40203,FOREST HILLS,Silicon,2019-06-26T00:00,0.087,µg/m³,PM2.5-10,ED-XRF
40203,FOREST HILLS,Silicon,2019-06-29T00:00,0.077,µg/m³,PM2.5-10,ED-XRF
40203,FOREST HILLS,Silicon,2019-07-02T00:00,0.159,µg/m³,PM2.5-10,ED-XRF
40203,FOREST HILLS,Silicon,2019-07-05T00:00,1.326,µg/m³,PM2.5-10,ED-XRF
40203,FOREST HILLS,Silicon,2019-07-08T00:00,0.233,µg/m³,PM2.5-10,ED-XRF
40203,FOREST HILLS,Silicon,2019-07-11T00:00,0.779,µg/m³,PM2.5-10,ED-XRF
40203,FOREST HILLS,Silicon,2019-07-14T00:00,0.060,µg/m³,PM2.5-10,ED-XRF
40203,FOREST HILLS,Silicon,2019-07-17T00:00,0.316,µg/m³,PM2.5-10,ED-XRF
40203,FOREST HILLS,Silicon,2019-07-20T00:00,0.465,µg/m³,PM2.5-10,ED-XRF
40203,FOREST HILLS,Silicon,2019-07-23T00:00,0.196,µg/m³,PM2.5-10,ED-XRF
40203,FOREST HILLS,Silicon,2019-07-26T00:00,0.656,µg/m³,PM2.5-10,ED-XRF
40203,FOREST HILLS,Silicon,2019-08-19T00:00,0.045,µg/m³,PM2.5-10,ED-XRF
40203,FOREST HILLS,Silicon,2019-08-25T00:00,0.035,µg/m³,PM2.5-10,ED-XRF
40203,FOREST HILLS,Silicon,2019-08-28T00:00,0.482,µg/m³,PM2.5-10,ED-XRF
40203,FOREST HILLS,Silicon,2019-08-31T00:00,0.140,µg/m³,PM2.5-10,ED-XRF
40203,FOREST HILLS,Silicon,2019-09-03T00:00,0.050,µg/m³,PM2.5-10,ED-XRF
40203,FOREST HILLS,Silicon,2019-09-06T00:00,0.110,µg/m³,PM2.5-10,ED-XRF
40203,FOREST HILLS,Silicon,2019-09-09T00:00,0.122,µg/m³,PM2.5-10,ED-XRF
40203,FOREST HILLS,Silicon,2019-09-12T00:00,0.032,µg/m³,PM2.5-10,ED-XRF
40203,FOREST HILLS,Silicon,2019-09-15T00:00,0.035,µg/m³,PM2.5-10,ED-XRF
40203,FOREST HILLS,Silicon,2019-09-18T00:00,0.034,µg/m³,PM2.5-10,ED-XRF
40203,FOREST HILLS,Silicon,2019-09-21T00:00,0.111,µg/m³,PM2.5-10,ED-XRF
40203,FOREST HILLS,Silicon,2019-09-24T00:00,0.064,µg/m³,PM2.5-10,ED-XRF
40203,FOREST HILLS,Silicon,2019-09-27T00:00,0.030,µg/m³,PM2.5-10,ED-XRF
40203,FOREST HILLS,Silicon,2019-09-30T00:00,0.030,µg/m³,PM2.5-10,ED-XRF
40203,FOREST HILLS,Silicon,2019-10-03T00:00,0.097,µg/m³,PM2.5-10,ED-XRF
40203,FOREST HILLS,Silicon,2019-10-06T00:00,0.061,µg/m³,PM2.5-10,ED-XRF
40203,FOREST HILLS,Silicon,2019-10-09T00:00,0.064,µg/m³,PM2.5-10,ED-XRF
40203,FOREST HILLS,Silicon,2019-10-12T00:00,0.022,µg/m³,PM2.5-10,ED-XRF
40203,FOREST HILLS,Silicon,2019-10-15T00:00,0.122,µg/m³,PM2.5-10,ED-XRF
40203,FOREST HILLS,Silicon,2019-10-18T00:00,0.158,µg/m³,PM2.5-10,ED-XRF
40203,FOREST HILLS,Silicon,2019-10-21T00:00,0.226,µg/m³,PM2.5-10,ED-XRF
40203,FOREST HILLS,Silicon,2019-10-24T00:00,0.137,µg/m³,PM2.5-10,ED-XRF
40203,FOREST HILLS,Silicon,2019-10-27T00:00,0.036,µg/m³,PM2.5-10,ED-XRF
40203,FOREST HILLS,Silicon,2019-10-30T00:00,0.167,µg/m³,PM2.5-10,ED-XRF
40203,FOREST HILLS,Silicon,2019-11-02T00:00,0.188,µg/m³,PM2.5-10,ED-XRF
40203,FOREST HILLS,Silicon,2019-11-05T00:00,0.141,µg/m³,PM2.5-10,ED-XRF
40203,FOREST HILLS,Silicon,2019-11-08T00:00,0.010,µg/m³,PM2.5-10,ED-XRF
40203,FOREST HILLS,Silicon,2019-11-11T00:00,0.089,µg/m³,PM2.5-10,ED-XRF
40203,FOREST HILLS,Silicon,2019-11-17T00:00,0.122,µg/m³,PM2.5-10,ED-XRF
40203,FOREST HILLS,Silicon,2019-11-20T00:00,0.011,µg/m³,PM2.5-10,ED-XRF
40203,FOREST HILLS,Silicon,2019-12-26T00:00,0.175,µg/m³,PM2.5-10,ED-XRF
40203,FOREST HILLS,Silicon,2019-12-29T00:00,0.005,µg/m³,PM2.5-10,ED-XRF
