﻿NAPS_Site_ID,Station_Name,Pollutant,Date,Value,Units,Report_Type,Method
90130,EDMONTON CENTRAL,2-Methylhexane,1999-01-06T00:00,1.956,µg/m³,VOC,GC-MS
90130,EDMONTON CENTRAL,2-Methylhexane,1999-01-12T00:00,1.612,µg/m³,VOC,GC-MS
90130,EDMONTON CENTRAL,2-Methylhexane,1999-01-18T00:00,1.318,µg/m³,VOC,GC-MS
90130,EDMONTON CENTRAL,2-Methylhexane,1999-01-24T00:00,0.890,µg/m³,VOC,GC-MS
90130,EDMONTON CENTRAL,2-Methylhexane,1999-01-30T00:00,1.188,µg/m³,VOC,GC-MS
90130,EDMONTON CENTRAL,2-Methylhexane,1999-02-05T00:00,0.930,µg/m³,VOC,GC-MS
90130,EDMONTON CENTRAL,2-Methylhexane,1999-02-11T00:00,1.620,µg/m³,VOC,GC-MS
90130,EDMONTON CENTRAL,2-Methylhexane,1999-02-17T00:00,1.390,µg/m³,VOC,GC-MS
90130,EDMONTON CENTRAL,2-Methylhexane,1999-02-23T00:00,1.170,µg/m³,VOC,GC-MS
90130,EDMONTON CENTRAL,2-Methylhexane,1999-03-01T00:00,1.130,µg/m³,VOC,GC-MS
90130,EDMONTON CENTRAL,2-Methylhexane,1999-03-07T00:00,0.400,µg/m³,VOC,GC-MS
90130,EDMONTON CENTRAL,2-Methylhexane,1999-03-13T00:00,0.790,µg/m³,VOC,GC-MS
90130,EDMONTON CENTRAL,2-Methylhexane,1999-03-19T00:00,0.910,µg/m³,VOC,GC-MS
90130,EDMONTON CENTRAL,2-Methylhexane,1999-03-25T00:00,1.180,µg/m³,VOC,GC-MS
90130,EDMONTON CENTRAL,2-Methylhexane,1999-03-31T00:00,0.450,µg/m³,VOC,GC-MS
90130,EDMONTON CENTRAL,2-Methylhexane,1999-04-06T00:00,0.660,µg/m³,VOC,GC-MS
90130,EDMONTON CENTRAL,2-Methylhexane,1999-04-12T00:00,0.980,µg/m³,VOC,GC-MS
90130,EDMONTON CENTRAL,2-Methylhexane,1999-04-18T00:00,0.340,µg/m³,VOC,GC-MS
90130,EDMONTON CENTRAL,2-Methylhexane,1999-04-24T00:00,0.610,µg/m³,VOC,GC-MS
90130,EDMONTON CENTRAL,2-Methylhexane,1999-04-30T00:00,1.180,µg/m³,VOC,GC-MS
90130,EDMONTON CENTRAL,2-Methylhexane,1999-05-06T00:00,0.800,µg/m³,VOC,GC-MS
90130,EDMONTON CENTRAL,2-Methylhexane,1999-05-12T00:00,0.650,µg/m³,VOC,GC-MS
90130,EDMONTON CENTRAL,2-Methylhexane,1999-05-18T00:00,0.530,µg/m³,VOC,GC-MS
90130,EDMONTON CENTRAL,2-Methylhexane,1999-05-24T00:00,0.410,µg/m³,VOC,GC-MS
90130,EDMONTON CENTRAL,2-Methylhexane,1999-05-30T00:00,0.370,µg/m³,VOC,GC-MS
90130,EDMONTON CENTRAL,2-Methylhexane,1999-06-05T00:00,0.440,µg/m³,VOC,GC-MS
90130,EDMONTON CENTRAL,2-Methylhexane,1999-06-11T00:00,0.600,µg/m³,VOC,GC-MS
90130,EDMONTON CENTRAL,2-Methylhexane,1999-06-17T00:00,0.500,µg/m³,VOC,GC-MS
90130,EDMONTON CENTRAL,2-Methylhexane,1999-06-23T00:00,0.420,µg/m³,VOC,GC-MS
90130,EDMONTON CENTRAL,2-Methylhexane,1999-06-29T00:00,0.650,µg/m³,VOC,GC-MS
90130,EDMONTON CENTRAL,2-Methylhexane,1999-07-05T00:00,0.450,µg/m³,VOC,GC-MS
90130,EDMONTON CENTRAL,2-Methylhexane,1999-11-26T00:00,1.010,µg/m³,VOC,GC-MS
90130,EDMONTON CENTRAL,2-Methylhexane,1999-12-02T00:00,2.460,µg/m³,VOC,GC-MS
90130,EDMONTON CENTRAL,2-Methylhexane,1999-12-08T00:00,1.160,µg/m³,VOC,GC-MS
90130,EDMONTON CENTRAL,2-Methylhexane,1999-12-14T00:00,1.030,µg/m³,VOC,GC-MS
90130,EDMONTON CENTRAL,2-Methylhexane,1999-12-20T00:00,0.920,µg/m³,VOC,GC-MS
90130,EDMONTON CENTRAL,2-Methylhexane,1999-12-26T00:00,0.580,µg/m³,VOC,GC-MS
