﻿NAPS_Site_ID,Station_Name,Pollutant,Date,Value,Units,Report_Type,Method
60427,GAGE INSTITUTE,Freon 22,2006-01-05T00:00,2.018,µg/m³,VOC,GC-MS
60427,GAGE INSTITUTE,Freon 22,2006-01-11T00:00,1.052,µg/m³,VOC,GC-MS
60427,GAGE INSTITUTE,Freon 22,2006-01-17T00:00,0.863,µg/m³,VOC,GC-MS
60427,GAGE INSTITUTE,Freon 22,2006-01-23T00:00,1.092,µg/m³,VOC,GC-MS
60427,GAGE INSTITUTE,Freon 22,2006-02-10T00:00,0.725,µg/m³,VOC,GC-MS
60427,GAGE INSTITUTE,Freon 22,2006-02-16T00:00,0.649,µg/m³,VOC,GC-MS
60427,GAGE INSTITUTE,Freon 22,2006-02-22T00:00,1.246,µg/m³,VOC,GC-MS
60427,GAGE INSTITUTE,Freon 22,2006-02-28T00:00,0.978,µg/m³,VOC,GC-MS
60427,GAGE INSTITUTE,Freon 22,2006-03-06T00:00,0.719,µg/m³,VOC,GC-MS
60427,GAGE INSTITUTE,Freon 22,2006-03-12T00:00,1.141,µg/m³,VOC,GC-MS
60427,GAGE INSTITUTE,Freon 22,2006-03-18T00:00,0.705,µg/m³,VOC,GC-MS
60427,GAGE INSTITUTE,Freon 22,2006-03-24T00:00,0.971,µg/m³,VOC,GC-MS
60427,GAGE INSTITUTE,Freon 22,2006-03-30T00:00,1.693,µg/m³,VOC,GC-MS
60427,GAGE INSTITUTE,Freon 22,2006-04-05T00:00,0.804,µg/m³,VOC,GC-MS
60427,GAGE INSTITUTE,Freon 22,2006-04-11T00:00,1.377,µg/m³,VOC,GC-MS
60427,GAGE INSTITUTE,Freon 22,2006-04-17T00:00,0.832,µg/m³,VOC,GC-MS
60427,GAGE INSTITUTE,Freon 22,2006-04-23T00:00,0.786,µg/m³,VOC,GC-MS
60427,GAGE INSTITUTE,Freon 22,2006-04-29T00:00,0.962,µg/m³,VOC,GC-MS
60427,GAGE INSTITUTE,Freon 22,2006-05-05T00:00,1.112,µg/m³,VOC,GC-MS
60427,GAGE INSTITUTE,Freon 22,2006-05-11T00:00,1.046,µg/m³,VOC,GC-MS
60427,GAGE INSTITUTE,Freon 22,2006-05-17T00:00,1.816,µg/m³,VOC,GC-MS
60427,GAGE INSTITUTE,Freon 22,2006-05-23T00:00,0.817,µg/m³,VOC,GC-MS
60427,GAGE INSTITUTE,Freon 22,2006-05-29T00:00,1.924,µg/m³,VOC,GC-MS
60427,GAGE INSTITUTE,Freon 22,2006-06-04T00:00,1.108,µg/m³,VOC,GC-MS
60427,GAGE INSTITUTE,Freon 22,2006-06-10T00:00,0.654,µg/m³,VOC,GC-MS
60427,GAGE INSTITUTE,Freon 22,2006-06-16T00:00,2.082,µg/m³,VOC,GC-MS
60427,GAGE INSTITUTE,Freon 22,2006-06-22T00:00,1.986,µg/m³,VOC,GC-MS
60427,GAGE INSTITUTE,Freon 22,2006-06-28T00:00,2.354,µg/m³,VOC,GC-MS
60427,GAGE INSTITUTE,Freon 22,2006-07-04T00:00,1.073,µg/m³,VOC,GC-MS
60427,GAGE INSTITUTE,Freon 22,2006-07-10T00:00,1.726,µg/m³,VOC,GC-MS
60427,GAGE INSTITUTE,Freon 22,2006-07-16T00:00,1.849,µg/m³,VOC,GC-MS
60427,GAGE INSTITUTE,Freon 22,2006-07-22T00:00,1.564,µg/m³,VOC,GC-MS
60427,GAGE INSTITUTE,Freon 22,2006-07-28T00:00,1.535,µg/m³,VOC,GC-MS
60427,GAGE INSTITUTE,Freon 22,2006-08-03T00:00,1.282,µg/m³,VOC,GC-MS
60427,GAGE INSTITUTE,Freon 22,2006-08-09T00:00,7.848,µg/m³,VOC,GC-MS
60427,GAGE INSTITUTE,Freon 22,2006-08-15T00:00,1.597,µg/m³,VOC,GC-MS
60427,GAGE INSTITUTE,Freon 22,2006-08-21T00:00,1.928,µg/m³,VOC,GC-MS
60427,GAGE INSTITUTE,Freon 22,2006-08-27T00:00,2.085,µg/m³,VOC,GC-MS
60427,GAGE INSTITUTE,Freon 22,2006-09-02T00:00,1.241,µg/m³,VOC,GC-MS
60427,GAGE INSTITUTE,Freon 22,2006-09-08T00:00,1.556,µg/m³,VOC,GC-MS
60427,GAGE INSTITUTE,Freon 22,2006-09-14T00:00,1.450,µg/m³,VOC,GC-MS
60427,GAGE INSTITUTE,Freon 22,2006-09-20T00:00,0.872,µg/m³,VOC,GC-MS
60427,GAGE INSTITUTE,Freon 22,2006-09-26T00:00,1.492,µg/m³,VOC,GC-MS
60427,GAGE INSTITUTE,Freon 22,2006-10-02T00:00,1.329,µg/m³,VOC,GC-MS
60427,GAGE INSTITUTE,Freon 22,2006-10-08T00:00,1.773,µg/m³,VOC,GC-MS
60427,GAGE INSTITUTE,Freon 22,2006-10-14T00:00,0.693,µg/m³,VOC,GC-MS
60427,GAGE INSTITUTE,Freon 22,2006-10-20T00:00,0.753,µg/m³,VOC,GC-MS
60427,GAGE INSTITUTE,Freon 22,2006-10-26T00:00,1.068,µg/m³,VOC,GC-MS
60427,GAGE INSTITUTE,Freon 22,2006-11-01T00:00,0.901,µg/m³,VOC,GC-MS
60427,GAGE INSTITUTE,Freon 22,2006-11-07T00:00,0.979,µg/m³,VOC,GC-MS
60427,GAGE INSTITUTE,Freon 22,2006-11-13T00:00,0.812,µg/m³,VOC,GC-MS
60427,GAGE INSTITUTE,Freon 22,2006-11-19T00:00,0.668,µg/m³,VOC,GC-MS
60427,GAGE INSTITUTE,Freon 22,2006-11-25T00:00,1.699,µg/m³,VOC,GC-MS
60427,GAGE INSTITUTE,Freon 22,2006-12-01T00:00,0.783,µg/m³,VOC,GC-MS
60427,GAGE INSTITUTE,Freon 22,2006-12-07T00:00,0.705,µg/m³,VOC,GC-MS
60427,GAGE INSTITUTE,Freon 22,2006-12-13T00:00,0.903,µg/m³,VOC,GC-MS
60427,GAGE INSTITUTE,Freon 22,2006-12-19T00:00,3.411,µg/m³,VOC,GC-MS
60427,GAGE INSTITUTE,Freon 22,2006-12-25T00:00,0.895,µg/m³,VOC,GC-MS
60427,GAGE INSTITUTE,Freon 22,2006-12-31T00:00,0.871,µg/m³,VOC,GC-MS
