﻿NAPS_Site_ID,Station_Name,Pollutant,Date,Value,Units,Report_Type,Method
30118,VOGUE BUILDING,"1,1,1-Trichloroethane",2011-01-03T00:00,0.043,µg/m³,VOC,N/A
30118,VOGUE BUILDING,"1,1,1-Trichloroethane",2011-01-09T00:00,0.037,µg/m³,VOC,N/A
30118,VOGUE BUILDING,"1,1,1-Trichloroethane",2011-01-15T00:00,0.034,µg/m³,VOC,N/A
30118,VOGUE BUILDING,"1,1,1-Trichloroethane",2011-01-27T00:00,0.032,µg/m³,VOC,N/A
30118,VOGUE BUILDING,"1,1,1-Trichloroethane",2011-02-02T00:00,0.032,µg/m³,VOC,N/A
30118,VOGUE BUILDING,"1,1,1-Trichloroethane",2011-02-08T00:00,0.032,µg/m³,VOC,N/A
30118,VOGUE BUILDING,"1,1,1-Trichloroethane",2011-02-14T00:00,0.043,µg/m³,VOC,N/A
30118,VOGUE BUILDING,"1,1,1-Trichloroethane",2011-02-26T00:00,0.041,µg/m³,VOC,N/A
30118,VOGUE BUILDING,"1,1,1-Trichloroethane",2011-03-04T00:00,0.042,µg/m³,VOC,N/A
30118,VOGUE BUILDING,"1,1,1-Trichloroethane",2011-03-10T00:00,0.042,µg/m³,VOC,N/A
30118,VOGUE BUILDING,"1,1,1-Trichloroethane",2011-03-16T00:00,0.042,µg/m³,VOC,N/A
30118,VOGUE BUILDING,"1,1,1-Trichloroethane",2011-03-22T00:00,0.048,µg/m³,VOC,N/A
30118,VOGUE BUILDING,"1,1,1-Trichloroethane",2011-04-03T00:00,0.036,µg/m³,VOC,N/A
30118,VOGUE BUILDING,"1,1,1-Trichloroethane",2011-04-21T00:00,0.034,µg/m³,VOC,N/A
30118,VOGUE BUILDING,"1,1,1-Trichloroethane",2011-04-27T00:00,0.046,µg/m³,VOC,N/A
30118,VOGUE BUILDING,"1,1,1-Trichloroethane",2011-05-03T00:00,0.046,µg/m³,VOC,N/A
30118,VOGUE BUILDING,"1,1,1-Trichloroethane",2011-05-09T00:00,0.036,µg/m³,VOC,N/A
30118,VOGUE BUILDING,"1,1,1-Trichloroethane",2011-05-15T00:00,0.037,µg/m³,VOC,N/A
30118,VOGUE BUILDING,"1,1,1-Trichloroethane",2011-05-27T00:00,0.034,µg/m³,VOC,N/A
30118,VOGUE BUILDING,"1,1,1-Trichloroethane",2011-06-08T00:00,0.040,µg/m³,VOC,N/A
30118,VOGUE BUILDING,"1,1,1-Trichloroethane",2011-06-14T00:00,0.034,µg/m³,VOC,N/A
30118,VOGUE BUILDING,"1,1,1-Trichloroethane",2011-06-20T00:00,0.039,µg/m³,VOC,N/A
30118,VOGUE BUILDING,"1,1,1-Trichloroethane",2011-06-26T00:00,0.040,µg/m³,VOC,N/A
30118,VOGUE BUILDING,"1,1,1-Trichloroethane",2011-07-02T00:00,0.046,µg/m³,VOC,N/A
30118,VOGUE BUILDING,"1,1,1-Trichloroethane",2011-07-08T00:00,0.042,µg/m³,VOC,N/A
30118,VOGUE BUILDING,"1,1,1-Trichloroethane",2011-07-14T00:00,0.039,µg/m³,VOC,N/A
30118,VOGUE BUILDING,"1,1,1-Trichloroethane",2011-07-20T00:00,0.040,µg/m³,VOC,N/A
30118,VOGUE BUILDING,"1,1,1-Trichloroethane",2011-07-26T00:00,0.039,µg/m³,VOC,N/A
