﻿NAPS_Site_ID,Station_Name,Pollutant,Date,Value,Units,Report_Type,Method
61007,AAMJIWNAANG,Propylene,2022-01-05T00:00,3.334,µg/m³,VOC,GC-MS
61007,AAMJIWNAANG,Propylene,2022-01-11T00:00,1.234,µg/m³,VOC,GC-MS
61007,AAMJIWNAANG,Propylene,2022-01-17T00:00,0.216,µg/m³,VOC,GC-MS
61007,AAMJIWNAANG,Propylene,2022-01-23T00:00,0.892,µg/m³,VOC,GC-MS
61007,AAMJIWNAANG,Propylene,2022-01-29T00:00,0.318,µg/m³,VOC,GC-MS
61007,AAMJIWNAANG,Propylene,2022-02-04T00:00,0.124,µg/m³,VOC,GC-MS
61007,AAMJIWNAANG,Propylene,2022-02-10T00:00,1.874,µg/m³,VOC,GC-MS
61007,AAMJIWNAANG,Propylene,2022-02-16T00:00,0.238,µg/m³,VOC,GC-MS
61007,AAMJIWNAANG,Propylene,2022-02-22T00:00,0.290,µg/m³,VOC,GC-MS
61007,AAMJIWNAANG,Propylene,2022-02-28T00:00,0.354,µg/m³,VOC,GC-MS
61007,AAMJIWNAANG,Propylene,2022-03-06T00:00,2.256,µg/m³,VOC,GC-MS
61007,AAMJIWNAANG,Propylene,2022-03-12T00:00,0.118,µg/m³,VOC,GC-MS
61007,AAMJIWNAANG,Propylene,2022-03-18T00:00,0.832,µg/m³,VOC,GC-MS
61007,AAMJIWNAANG,Propylene,2022-03-24T00:00,0.114,µg/m³,VOC,GC-MS
61007,AAMJIWNAANG,Propylene,2022-03-30T00:00,0.070,µg/m³,VOC,GC-MS
61007,AAMJIWNAANG,Propylene,2022-04-05T00:00,0.346,µg/m³,VOC,GC-MS
61007,AAMJIWNAANG,Propylene,2022-04-11T00:00,3.586,µg/m³,VOC,GC-MS
61007,AAMJIWNAANG,Propylene,2022-04-17T00:00,0.130,µg/m³,VOC,GC-MS
61007,AAMJIWNAANG,Propylene,2022-04-23T00:00,0.132,µg/m³,VOC,GC-MS
61007,AAMJIWNAANG,Propylene,2022-04-29T00:00,0.160,µg/m³,VOC,GC-MS
61007,AAMJIWNAANG,Propylene,2022-05-05T00:00,1.170,µg/m³,VOC,GC-MS
61007,AAMJIWNAANG,Propylene,2022-05-11T00:00,0.078,µg/m³,VOC,GC-MS
61007,AAMJIWNAANG,Propylene,2022-05-29T00:00,0.196,µg/m³,VOC,GC-MS
61007,AAMJIWNAANG,Propylene,2022-06-04T00:00,4.916,µg/m³,VOC,GC-MS
61007,AAMJIWNAANG,Propylene,2022-06-10T00:00,0.336,µg/m³,VOC,GC-MS
61007,AAMJIWNAANG,Propylene,2022-06-16T00:00,6.742,µg/m³,VOC,GC-MS
61007,AAMJIWNAANG,Propylene,2022-06-22T00:00,1.918,µg/m³,VOC,GC-MS
61007,AAMJIWNAANG,Propylene,2022-06-28T00:00,0.926,µg/m³,VOC,GC-MS
61007,AAMJIWNAANG,Propylene,2022-07-04T00:00,0.286,µg/m³,VOC,GC-MS
61007,AAMJIWNAANG,Propylene,2022-07-10T00:00,0.224,µg/m³,VOC,GC-MS
61007,AAMJIWNAANG,Propylene,2022-07-16T00:00,0.612,µg/m³,VOC,GC-MS
61007,AAMJIWNAANG,Propylene,2022-07-22T00:00,4.732,µg/m³,VOC,GC-MS
61007,AAMJIWNAANG,Propylene,2022-07-28T00:00,4.946,µg/m³,VOC,GC-MS
61007,AAMJIWNAANG,Propylene,2022-08-03T00:00,2.950,µg/m³,VOC,GC-MS
61007,AAMJIWNAANG,Propylene,2022-08-09T00:00,0.500,µg/m³,VOC,GC-MS
61007,AAMJIWNAANG,Propylene,2022-08-15T00:00,0.290,µg/m³,VOC,GC-MS
61007,AAMJIWNAANG,Propylene,2022-08-21T00:00,0.456,µg/m³,VOC,GC-MS
61007,AAMJIWNAANG,Propylene,2022-08-27T00:00,0.550,µg/m³,VOC,GC-MS
61007,AAMJIWNAANG,Propylene,2022-09-02T00:00,0.780,µg/m³,VOC,GC-MS
61007,AAMJIWNAANG,Propylene,2022-09-08T00:00,0.282,µg/m³,VOC,GC-MS
61007,AAMJIWNAANG,Propylene,2022-09-14T00:00,0.164,µg/m³,VOC,GC-MS
61007,AAMJIWNAANG,Propylene,2022-09-20T00:00,0.190,µg/m³,VOC,GC-MS
61007,AAMJIWNAANG,Propylene,2022-09-26T00:00,6.338,µg/m³,VOC,GC-MS
61007,AAMJIWNAANG,Propylene,2022-10-02T00:00,0.142,µg/m³,VOC,GC-MS
61007,AAMJIWNAANG,Propylene,2022-10-08T00:00,3.320,µg/m³,VOC,GC-MS
61007,AAMJIWNAANG,Propylene,2022-10-14T00:00,0.124,µg/m³,VOC,GC-MS
61007,AAMJIWNAANG,Propylene,2022-10-20T00:00,0.874,µg/m³,VOC,GC-MS
61007,AAMJIWNAANG,Propylene,2022-10-26T00:00,0.182,µg/m³,VOC,GC-MS
61007,AAMJIWNAANG,Propylene,2022-11-07T00:00,1.096,µg/m³,VOC,GC-MS
61007,AAMJIWNAANG,Propylene,2022-11-13T00:00,0.074,µg/m³,VOC,GC-MS
61007,AAMJIWNAANG,Propylene,2022-11-25T00:00,0.918,µg/m³,VOC,GC-MS
61007,AAMJIWNAANG,Propylene,2022-12-01T00:00,0.512,µg/m³,VOC,GC-MS
61007,AAMJIWNAANG,Propylene,2022-12-07T00:00,0.286,µg/m³,VOC,GC-MS
61007,AAMJIWNAANG,Propylene,2022-12-13T00:00,0.174,µg/m³,VOC,GC-MS
61007,AAMJIWNAANG,Propylene,2022-12-19T00:00,2.186,µg/m³,VOC,GC-MS
61007,AAMJIWNAANG,Propylene,2022-12-25T00:00,8.252,µg/m³,VOC,GC-MS
