﻿NAPS_Site_ID,Station_Name,Pollutant,Date,Value,Units,Report_Type,Method
63601,LONGWOODS CONS. AUTHORITY,trans-2-Butene,1993-01-01T00:00,0.000,µg/m³,VOC,GC-MS
63601,LONGWOODS CONS. AUTHORITY,trans-2-Butene,1993-01-07T00:00,0.000,µg/m³,VOC,GC-MS
63601,LONGWOODS CONS. AUTHORITY,trans-2-Butene,1993-01-13T00:00,0.000,µg/m³,VOC,GC-MS
63601,LONGWOODS CONS. AUTHORITY,trans-2-Butene,1993-01-19T00:00,0.098,µg/m³,VOC,GC-MS
63601,LONGWOODS CONS. AUTHORITY,trans-2-Butene,1993-01-25T00:00,0.000,µg/m³,VOC,GC-MS
63601,LONGWOODS CONS. AUTHORITY,trans-2-Butene,1993-01-31T00:00,0.000,µg/m³,VOC,GC-MS
63601,LONGWOODS CONS. AUTHORITY,trans-2-Butene,1993-02-06T00:00,0.000,µg/m³,VOC,GC-MS
63601,LONGWOODS CONS. AUTHORITY,trans-2-Butene,1993-02-12T00:00,0.078,µg/m³,VOC,GC-MS
63601,LONGWOODS CONS. AUTHORITY,trans-2-Butene,1993-02-24T00:00,0.000,µg/m³,VOC,GC-MS
63601,LONGWOODS CONS. AUTHORITY,trans-2-Butene,1993-03-02T00:00,0.098,µg/m³,VOC,GC-MS
63601,LONGWOODS CONS. AUTHORITY,trans-2-Butene,1993-03-08T00:00,0.050,µg/m³,VOC,GC-MS
63601,LONGWOODS CONS. AUTHORITY,trans-2-Butene,1993-03-14T00:00,0.032,µg/m³,VOC,GC-MS
63601,LONGWOODS CONS. AUTHORITY,trans-2-Butene,1993-03-26T00:00,0.000,µg/m³,VOC,GC-MS
63601,LONGWOODS CONS. AUTHORITY,trans-2-Butene,1993-04-01T00:00,0.000,µg/m³,VOC,GC-MS
63601,LONGWOODS CONS. AUTHORITY,trans-2-Butene,1993-04-07T00:00,0.010,µg/m³,VOC,GC-MS
63601,LONGWOODS CONS. AUTHORITY,trans-2-Butene,1993-04-13T00:00,0.000,µg/m³,VOC,GC-MS
63601,LONGWOODS CONS. AUTHORITY,trans-2-Butene,1993-04-19T00:00,0.048,µg/m³,VOC,GC-MS
63601,LONGWOODS CONS. AUTHORITY,trans-2-Butene,1993-04-25T00:00,0.000,µg/m³,VOC,GC-MS
63601,LONGWOODS CONS. AUTHORITY,trans-2-Butene,1993-05-01T00:00,0.049,µg/m³,VOC,GC-MS
63601,LONGWOODS CONS. AUTHORITY,trans-2-Butene,1993-05-07T00:00,0.000,µg/m³,VOC,GC-MS
63601,LONGWOODS CONS. AUTHORITY,trans-2-Butene,1993-05-13T00:00,0.000,µg/m³,VOC,GC-MS
63601,LONGWOODS CONS. AUTHORITY,trans-2-Butene,1993-05-19T00:00,0.000,µg/m³,VOC,GC-MS
63601,LONGWOODS CONS. AUTHORITY,trans-2-Butene,1993-05-25T00:00,0.000,µg/m³,VOC,GC-MS
63601,LONGWOODS CONS. AUTHORITY,trans-2-Butene,1993-05-31T00:00,0.000,µg/m³,VOC,GC-MS
63601,LONGWOODS CONS. AUTHORITY,trans-2-Butene,1993-06-06T00:00,0.143,µg/m³,VOC,GC-MS
63601,LONGWOODS CONS. AUTHORITY,trans-2-Butene,1993-06-12T00:00,0.000,µg/m³,VOC,GC-MS
63601,LONGWOODS CONS. AUTHORITY,trans-2-Butene,1993-06-18T00:00,0.167,µg/m³,VOC,GC-MS
63601,LONGWOODS CONS. AUTHORITY,trans-2-Butene,1993-06-24T00:00,0.000,µg/m³,VOC,GC-MS
63601,LONGWOODS CONS. AUTHORITY,trans-2-Butene,1993-06-30T00:00,0.000,µg/m³,VOC,GC-MS
63601,LONGWOODS CONS. AUTHORITY,trans-2-Butene,1993-07-06T00:00,0.000,µg/m³,VOC,GC-MS
63601,LONGWOODS CONS. AUTHORITY,trans-2-Butene,1993-07-12T00:00,0.000,µg/m³,VOC,GC-MS
63601,LONGWOODS CONS. AUTHORITY,trans-2-Butene,1993-07-18T00:00,0.000,µg/m³,VOC,GC-MS
63601,LONGWOODS CONS. AUTHORITY,trans-2-Butene,1993-07-24T00:00,0.054,µg/m³,VOC,GC-MS
63601,LONGWOODS CONS. AUTHORITY,trans-2-Butene,1993-08-11T00:00,0.000,µg/m³,VOC,GC-MS
63601,LONGWOODS CONS. AUTHORITY,trans-2-Butene,1993-08-17T00:00,0.000,µg/m³,VOC,GC-MS
63601,LONGWOODS CONS. AUTHORITY,trans-2-Butene,1993-08-23T00:00,0.050,µg/m³,VOC,GC-MS
63601,LONGWOODS CONS. AUTHORITY,trans-2-Butene,1993-08-29T00:00,0.000,µg/m³,VOC,GC-MS
63601,LONGWOODS CONS. AUTHORITY,trans-2-Butene,1993-09-04T00:00,0.000,µg/m³,VOC,GC-MS
63601,LONGWOODS CONS. AUTHORITY,trans-2-Butene,1993-09-10T00:00,0.000,µg/m³,VOC,GC-MS
63601,LONGWOODS CONS. AUTHORITY,trans-2-Butene,1993-09-16T00:00,0.000,µg/m³,VOC,GC-MS
63601,LONGWOODS CONS. AUTHORITY,trans-2-Butene,1993-09-22T00:00,0.000,µg/m³,VOC,GC-MS
63601,LONGWOODS CONS. AUTHORITY,trans-2-Butene,1993-09-28T00:00,0.000,µg/m³,VOC,GC-MS
63601,LONGWOODS CONS. AUTHORITY,trans-2-Butene,1993-10-04T00:00,0.000,µg/m³,VOC,GC-MS
63601,LONGWOODS CONS. AUTHORITY,trans-2-Butene,1993-10-10T00:00,0.000,µg/m³,VOC,GC-MS
63601,LONGWOODS CONS. AUTHORITY,trans-2-Butene,1993-10-16T00:00,0.064,µg/m³,VOC,GC-MS
63601,LONGWOODS CONS. AUTHORITY,trans-2-Butene,1993-10-22T00:00,0.000,µg/m³,VOC,GC-MS
63601,LONGWOODS CONS. AUTHORITY,trans-2-Butene,1993-10-28T00:00,0.000,µg/m³,VOC,GC-MS
63601,LONGWOODS CONS. AUTHORITY,trans-2-Butene,1993-11-03T00:00,0.000,µg/m³,VOC,GC-MS
63601,LONGWOODS CONS. AUTHORITY,trans-2-Butene,1993-11-15T00:00,0.000,µg/m³,VOC,GC-MS
63601,LONGWOODS CONS. AUTHORITY,trans-2-Butene,1993-11-21T00:00,0.000,µg/m³,VOC,GC-MS
63601,LONGWOODS CONS. AUTHORITY,trans-2-Butene,1993-11-27T00:00,0.034,µg/m³,VOC,GC-MS
63601,LONGWOODS CONS. AUTHORITY,trans-2-Butene,1993-12-03T00:00,0.047,µg/m³,VOC,GC-MS
63601,LONGWOODS CONS. AUTHORITY,trans-2-Butene,1993-12-09T00:00,0.121,µg/m³,VOC,GC-MS
63601,LONGWOODS CONS. AUTHORITY,trans-2-Butene,1993-12-15T00:00,0.060,µg/m³,VOC,GC-MS
63601,LONGWOODS CONS. AUTHORITY,trans-2-Butene,1993-12-21T00:00,0.052,µg/m³,VOC,GC-MS
63601,LONGWOODS CONS. AUTHORITY,trans-2-Butene,1993-12-27T00:00,0.000,µg/m³,VOC,GC-MS
