﻿NAPS_Site_ID,Station_Name,Pollutant,Date,Value,Units,Report_Type,Method
50129,MONTRÉAL-RIVIÈRE-DES-PRAIRIES,"cis-1,2-Dimethylcyclohexane",2020-01-04T00:00,0.033,µg/m³,VOC,GC-MS
50129,MONTRÉAL-RIVIÈRE-DES-PRAIRIES,"cis-1,2-Dimethylcyclohexane",2020-01-10T00:00,0.041,µg/m³,VOC,GC-MS
50129,MONTRÉAL-RIVIÈRE-DES-PRAIRIES,"cis-1,2-Dimethylcyclohexane",2020-01-16T00:00,0.036,µg/m³,VOC,GC-MS
50129,MONTRÉAL-RIVIÈRE-DES-PRAIRIES,"cis-1,2-Dimethylcyclohexane",2020-01-22T00:00,0.024,µg/m³,VOC,GC-MS
50129,MONTRÉAL-RIVIÈRE-DES-PRAIRIES,"cis-1,2-Dimethylcyclohexane",2020-01-28T00:00,0.006,µg/m³,VOC,GC-MS
50129,MONTRÉAL-RIVIÈRE-DES-PRAIRIES,"cis-1,2-Dimethylcyclohexane",2020-02-03T00:00,0.036,µg/m³,VOC,GC-MS
50129,MONTRÉAL-RIVIÈRE-DES-PRAIRIES,"cis-1,2-Dimethylcyclohexane",2020-02-09T00:00,0.052,µg/m³,VOC,GC-MS
50129,MONTRÉAL-RIVIÈRE-DES-PRAIRIES,"cis-1,2-Dimethylcyclohexane",2020-02-15T00:00,0.028,µg/m³,VOC,GC-MS
50129,MONTRÉAL-RIVIÈRE-DES-PRAIRIES,"cis-1,2-Dimethylcyclohexane",2020-02-27T00:00,0.025,µg/m³,VOC,GC-MS
