﻿NAPS_Site_ID,Station_Name,Pollutant,Date,Value,Units,Report_Type,Method
90228,CALGARY CENTRAL-2,"Benzo(g,h,i)Perylene",2009-04-18T20:00,0.000,µg/m³,PAH,N/A
90228,CALGARY CENTRAL-2,"Benzo(g,h,i)Perylene",2009-04-30T20:00,0.000,µg/m³,PAH,N/A
90228,CALGARY CENTRAL-2,"Benzo(g,h,i)Perylene",2009-05-24T20:00,0.000,µg/m³,PAH,N/A
90228,CALGARY CENTRAL-2,"Benzo(g,h,i)Perylene",2009-08-10T20:00,0.000,µg/m³,PAH,N/A
90228,CALGARY CENTRAL-2,"Benzo(g,h,i)Perylene",2009-08-16T20:00,0.000,µg/m³,PAH,N/A
90228,CALGARY CENTRAL-2,"Benzo(g,h,i)Perylene",2009-08-22T20:00,0.000,µg/m³,PAH,N/A
90228,CALGARY CENTRAL-2,"Benzo(g,h,i)Perylene",2009-09-21T20:00,0.000,µg/m³,PAH,N/A
90228,CALGARY CENTRAL-2,"Benzo(g,h,i)Perylene",2009-09-27T20:00,0.000,µg/m³,PAH,N/A
90228,CALGARY CENTRAL-2,"Benzo(g,h,i)Perylene",2009-10-03T20:00,0.000,µg/m³,PAH,N/A
90228,CALGARY CENTRAL-2,"Benzo(g,h,i)Perylene",2009-10-15T20:00,0.000,µg/m³,PAH,N/A
90228,CALGARY CENTRAL-2,"Benzo(g,h,i)Perylene",2009-10-21T20:00,0.000,µg/m³,PAH,N/A
90228,CALGARY CENTRAL-2,"Benzo(g,h,i)Perylene",2009-11-02T19:00,0.000,µg/m³,PAH,N/A
90228,CALGARY CENTRAL-2,"Benzo(g,h,i)Perylene",2009-11-08T19:00,0.000,µg/m³,PAH,N/A
90228,CALGARY CENTRAL-2,"Benzo(g,h,i)Perylene",2009-11-14T19:00,0.000,µg/m³,PAH,N/A
90228,CALGARY CENTRAL-2,"Benzo(g,h,i)Perylene",2009-11-20T19:00,0.000,µg/m³,PAH,N/A
90228,CALGARY CENTRAL-2,"Benzo(g,h,i)Perylene",2009-11-26T19:00,0.000,µg/m³,PAH,N/A
90228,CALGARY CENTRAL-2,"Benzo(g,h,i)Perylene",2009-12-02T19:00,0.000,µg/m³,PAH,N/A
90228,CALGARY CENTRAL-2,"Benzo(g,h,i)Perylene",2009-12-08T19:00,0.000,µg/m³,PAH,N/A
90228,CALGARY CENTRAL-2,"Benzo(g,h,i)Perylene",2009-12-14T19:00,0.001,µg/m³,PAH,N/A
90228,CALGARY CENTRAL-2,"Benzo(g,h,i)Perylene",2009-12-20T19:00,0.000,µg/m³,PAH,N/A
