﻿NAPS_Site_ID,Station_Name,Pollutant,Date,Value,Units,Report_Type,Method
60211,WINDSOR WEST,trans-3-Heptene,1998-01-05T00:00,0.000,µg/m³,VOC,
60211,WINDSOR WEST,trans-3-Heptene,1998-01-11T00:00,0.000,µg/m³,VOC,
60211,WINDSOR WEST,trans-3-Heptene,1998-01-17T00:00,0.000,µg/m³,VOC,
60211,WINDSOR WEST,trans-3-Heptene,1998-01-23T00:00,0.000,µg/m³,VOC,
60211,WINDSOR WEST,trans-3-Heptene,1998-01-29T00:00,0.000,µg/m³,VOC,
60211,WINDSOR WEST,trans-3-Heptene,1998-02-04T00:00,0.000,µg/m³,VOC,
60211,WINDSOR WEST,trans-3-Heptene,1998-02-10T00:00,0.000,µg/m³,VOC,
60211,WINDSOR WEST,trans-3-Heptene,1998-02-16T00:00,0.000,µg/m³,VOC,
60211,WINDSOR WEST,trans-3-Heptene,1998-02-22T00:00,0.000,µg/m³,VOC,
60211,WINDSOR WEST,trans-3-Heptene,1998-02-28T00:00,0.000,µg/m³,VOC,
60211,WINDSOR WEST,trans-3-Heptene,1998-03-06T00:00,0.000,µg/m³,VOC,
60211,WINDSOR WEST,trans-3-Heptene,1998-03-12T00:00,0.000,µg/m³,VOC,
60211,WINDSOR WEST,trans-3-Heptene,1998-03-18T00:00,0.000,µg/m³,VOC,
60211,WINDSOR WEST,trans-3-Heptene,1998-03-24T00:00,0.000,µg/m³,VOC,
60211,WINDSOR WEST,trans-3-Heptene,1998-03-30T00:00,0.000,µg/m³,VOC,
60211,WINDSOR WEST,trans-3-Heptene,1998-04-05T00:00,0.000,µg/m³,VOC,
60211,WINDSOR WEST,trans-3-Heptene,1998-04-11T00:00,0.000,µg/m³,VOC,
60211,WINDSOR WEST,trans-3-Heptene,1998-04-17T00:00,0.000,µg/m³,VOC,
60211,WINDSOR WEST,trans-3-Heptene,1998-04-23T00:00,0.000,µg/m³,VOC,
60211,WINDSOR WEST,trans-3-Heptene,1998-04-29T00:00,0.000,µg/m³,VOC,
60211,WINDSOR WEST,trans-3-Heptene,1998-05-05T00:00,0.000,µg/m³,VOC,
60211,WINDSOR WEST,trans-3-Heptene,1998-05-11T00:00,0.000,µg/m³,VOC,
60211,WINDSOR WEST,trans-3-Heptene,1998-05-17T00:00,0.000,µg/m³,VOC,
60211,WINDSOR WEST,trans-3-Heptene,1998-10-20T00:00,0.000,µg/m³,VOC,
60211,WINDSOR WEST,trans-3-Heptene,1998-10-26T00:00,0.000,µg/m³,VOC,
60211,WINDSOR WEST,trans-3-Heptene,1998-11-01T00:00,0.000,µg/m³,VOC,
60211,WINDSOR WEST,trans-3-Heptene,1998-11-07T00:00,0.000,µg/m³,VOC,
60211,WINDSOR WEST,trans-3-Heptene,1998-11-13T00:00,0.000,µg/m³,VOC,
60211,WINDSOR WEST,trans-3-Heptene,1998-11-19T00:00,0.000,µg/m³,VOC,
60211,WINDSOR WEST,trans-3-Heptene,1998-11-25T00:00,0.000,µg/m³,VOC,
60211,WINDSOR WEST,trans-3-Heptene,1998-12-01T00:00,0.000,µg/m³,VOC,
60211,WINDSOR WEST,trans-3-Heptene,1998-12-07T00:00,0.000,µg/m³,VOC,
60211,WINDSOR WEST,trans-3-Heptene,1998-12-13T00:00,0.000,µg/m³,VOC,
60211,WINDSOR WEST,trans-3-Heptene,1998-12-19T00:00,0.000,µg/m³,VOC,
60211,WINDSOR WEST,trans-3-Heptene,1998-12-25T00:00,0.000,µg/m³,VOC,
60211,WINDSOR WEST,trans-3-Heptene,1998-12-31T00:00,0.000,µg/m³,VOC,
