﻿NAPS_Site_ID,Station_Name,Pollutant,Date,Value,Units,Report_Type,Method
61502,WEST AVE. & HOMEWOOD _KITCHENER_,Hexane,2000-01-01T00:00,3.970,µg/m³,VOC,GC-MS
61502,WEST AVE. & HOMEWOOD _KITCHENER_,Hexane,2000-01-07T00:00,0.770,µg/m³,VOC,GC-MS
61502,WEST AVE. & HOMEWOOD _KITCHENER_,Hexane,2000-01-13T00:00,0.490,µg/m³,VOC,GC-MS
61502,WEST AVE. & HOMEWOOD _KITCHENER_,Hexane,2000-01-19T00:00,0.940,µg/m³,VOC,GC-MS
61502,WEST AVE. & HOMEWOOD _KITCHENER_,Hexane,2000-01-25T00:00,2.080,µg/m³,VOC,GC-MS
61502,WEST AVE. & HOMEWOOD _KITCHENER_,Hexane,2000-01-31T00:00,0.970,µg/m³,VOC,GC-MS
61502,WEST AVE. & HOMEWOOD _KITCHENER_,Hexane,2000-02-06T00:00,0.530,µg/m³,VOC,GC-MS
61502,WEST AVE. & HOMEWOOD _KITCHENER_,Hexane,2000-02-12T00:00,1.550,µg/m³,VOC,GC-MS
61502,WEST AVE. & HOMEWOOD _KITCHENER_,Hexane,2000-02-18T00:00,0.910,µg/m³,VOC,GC-MS
61502,WEST AVE. & HOMEWOOD _KITCHENER_,Hexane,2000-03-01T00:00,1.360,µg/m³,VOC,GC-MS
61502,WEST AVE. & HOMEWOOD _KITCHENER_,Hexane,2000-03-07T00:00,2.540,µg/m³,VOC,GC-MS
61502,WEST AVE. & HOMEWOOD _KITCHENER_,Hexane,2000-03-13T00:00,0.810,µg/m³,VOC,GC-MS
61502,WEST AVE. & HOMEWOOD _KITCHENER_,Hexane,2000-03-19T00:00,0.710,µg/m³,VOC,GC-MS
61502,WEST AVE. & HOMEWOOD _KITCHENER_,Hexane,2000-03-25T00:00,0.830,µg/m³,VOC,GC-MS
61502,WEST AVE. & HOMEWOOD _KITCHENER_,Hexane,2000-03-31T00:00,1.060,µg/m³,VOC,GC-MS
61502,WEST AVE. & HOMEWOOD _KITCHENER_,Hexane,2000-04-06T00:00,0.460,µg/m³,VOC,GC-MS
61502,WEST AVE. & HOMEWOOD _KITCHENER_,Hexane,2000-04-12T00:00,0.850,µg/m³,VOC,GC-MS
61502,WEST AVE. & HOMEWOOD _KITCHENER_,Hexane,2000-04-18T00:00,0.830,µg/m³,VOC,GC-MS
61502,WEST AVE. & HOMEWOOD _KITCHENER_,Hexane,2000-04-24T00:00,0.440,µg/m³,VOC,GC-MS
61502,WEST AVE. & HOMEWOOD _KITCHENER_,Hexane,2000-04-30T00:00,0.380,µg/m³,VOC,GC-MS
61502,WEST AVE. & HOMEWOOD _KITCHENER_,Hexane,2000-11-02T00:00,5.490,µg/m³,VOC,GC-MS
61502,WEST AVE. & HOMEWOOD _KITCHENER_,Hexane,2000-11-20T00:00,0.580,µg/m³,VOC,GC-MS
61502,WEST AVE. & HOMEWOOD _KITCHENER_,Hexane,2000-11-26T00:00,1.130,µg/m³,VOC,GC-MS
61502,WEST AVE. & HOMEWOOD _KITCHENER_,Hexane,2000-12-02T00:00,1.210,µg/m³,VOC,GC-MS
61502,WEST AVE. & HOMEWOOD _KITCHENER_,Hexane,2000-12-08T00:00,0.740,µg/m³,VOC,GC-MS
61502,WEST AVE. & HOMEWOOD _KITCHENER_,Hexane,2000-12-14T00:00,1.210,µg/m³,VOC,GC-MS
61502,WEST AVE. & HOMEWOOD _KITCHENER_,Hexane,2000-12-20T00:00,1.340,µg/m³,VOC,GC-MS
61502,WEST AVE. & HOMEWOOD _KITCHENER_,Hexane,2000-12-26T00:00,0.770,µg/m³,VOC,GC-MS
