﻿NAPS_Site_ID,Station_Name,Pollutant,Date,Value,Units,Report_Type,Method
60418,JUNCTION TRIANGLE,"1,3-Butadiene",1990-01-05T00:00,0.163,µg/m³,VOC,N/A
60418,JUNCTION TRIANGLE,"1,3-Butadiene",1990-01-11T00:00,0.094,µg/m³,VOC,N/A
60418,JUNCTION TRIANGLE,"1,3-Butadiene",1990-01-23T00:00,0.202,µg/m³,VOC,N/A
60418,JUNCTION TRIANGLE,"1,3-Butadiene",1990-01-29T00:00,0.174,µg/m³,VOC,N/A
60418,JUNCTION TRIANGLE,"1,3-Butadiene",1990-02-04T00:00,0.137,µg/m³,VOC,N/A
60418,JUNCTION TRIANGLE,"1,3-Butadiene",1990-02-10T00:00,0.166,µg/m³,VOC,N/A
60418,JUNCTION TRIANGLE,"1,3-Butadiene",1990-02-22T00:00,0.704,µg/m³,VOC,N/A
60418,JUNCTION TRIANGLE,"1,3-Butadiene",1990-02-28T00:00,0.125,µg/m³,VOC,N/A
60418,JUNCTION TRIANGLE,"1,3-Butadiene",1990-03-06T00:00,0.214,µg/m³,VOC,N/A
60418,JUNCTION TRIANGLE,"1,3-Butadiene",1990-03-12T00:00,0.433,µg/m³,VOC,N/A
60418,JUNCTION TRIANGLE,"1,3-Butadiene",1990-03-18T00:00,0.097,µg/m³,VOC,N/A
60418,JUNCTION TRIANGLE,"1,3-Butadiene",1990-03-24T00:00,0.106,µg/m³,VOC,N/A
60418,JUNCTION TRIANGLE,"1,3-Butadiene",1990-03-30T00:00,0.526,µg/m³,VOC,N/A
60418,JUNCTION TRIANGLE,"1,3-Butadiene",1990-04-05T00:00,0.100,µg/m³,VOC,N/A
60418,JUNCTION TRIANGLE,"1,3-Butadiene",1990-04-11T00:00,0.088,µg/m³,VOC,N/A
60418,JUNCTION TRIANGLE,"1,3-Butadiene",1990-04-17T00:00,0.076,µg/m³,VOC,N/A
60418,JUNCTION TRIANGLE,"1,3-Butadiene",1990-04-23T00:00,0.259,µg/m³,VOC,N/A
60418,JUNCTION TRIANGLE,"1,3-Butadiene",1990-04-29T00:00,0.220,µg/m³,VOC,N/A
60418,JUNCTION TRIANGLE,"1,3-Butadiene",1990-05-05T00:00,0.175,µg/m³,VOC,N/A
60418,JUNCTION TRIANGLE,"1,3-Butadiene",1990-05-11T00:00,0.124,µg/m³,VOC,N/A
60418,JUNCTION TRIANGLE,"1,3-Butadiene",1990-05-17T00:00,0.262,µg/m³,VOC,N/A
60418,JUNCTION TRIANGLE,"1,3-Butadiene",1990-05-23T00:00,0.198,µg/m³,VOC,N/A
60418,JUNCTION TRIANGLE,"1,3-Butadiene",1990-05-29T00:00,0.244,µg/m³,VOC,N/A
60418,JUNCTION TRIANGLE,"1,3-Butadiene",1990-06-04T00:00,0.069,µg/m³,VOC,N/A
60418,JUNCTION TRIANGLE,"1,3-Butadiene",1990-06-10T00:00,0.092,µg/m³,VOC,N/A
60418,JUNCTION TRIANGLE,"1,3-Butadiene",1990-06-16T00:00,0.207,µg/m³,VOC,N/A
60418,JUNCTION TRIANGLE,"1,3-Butadiene",1990-06-28T00:00,0.178,µg/m³,VOC,N/A
60418,JUNCTION TRIANGLE,"1,3-Butadiene",1990-07-04T00:00,0.079,µg/m³,VOC,N/A
60418,JUNCTION TRIANGLE,"1,3-Butadiene",1990-07-10T00:00,0.096,µg/m³,VOC,N/A
60418,JUNCTION TRIANGLE,"1,3-Butadiene",1990-07-16T00:00,0.126,µg/m³,VOC,N/A
60418,JUNCTION TRIANGLE,"1,3-Butadiene",1990-07-22T00:00,0.176,µg/m³,VOC,N/A
60418,JUNCTION TRIANGLE,"1,3-Butadiene",1990-07-28T00:00,0.585,µg/m³,VOC,N/A
60418,JUNCTION TRIANGLE,"1,3-Butadiene",1990-08-03T00:00,0.270,µg/m³,VOC,N/A
60418,JUNCTION TRIANGLE,"1,3-Butadiene",1990-08-09T00:00,0.273,µg/m³,VOC,N/A
60418,JUNCTION TRIANGLE,"1,3-Butadiene",1990-08-21T00:00,0.134,µg/m³,VOC,N/A
60418,JUNCTION TRIANGLE,"1,3-Butadiene",1990-08-27T00:00,0.222,µg/m³,VOC,N/A
60418,JUNCTION TRIANGLE,"1,3-Butadiene",1990-09-08T00:00,0.304,µg/m³,VOC,N/A
60418,JUNCTION TRIANGLE,"1,3-Butadiene",1990-09-14T00:00,0.139,µg/m³,VOC,N/A
60418,JUNCTION TRIANGLE,"1,3-Butadiene",1990-09-20T00:00,0.233,µg/m³,VOC,N/A
60418,JUNCTION TRIANGLE,"1,3-Butadiene",1990-09-26T00:00,0.364,µg/m³,VOC,N/A
60418,JUNCTION TRIANGLE,"1,3-Butadiene",1990-10-02T00:00,0.199,µg/m³,VOC,N/A
60418,JUNCTION TRIANGLE,"1,3-Butadiene",1990-10-08T00:00,0.142,µg/m³,VOC,N/A
60418,JUNCTION TRIANGLE,"1,3-Butadiene",1990-10-14T00:00,0.210,µg/m³,VOC,N/A
60418,JUNCTION TRIANGLE,"1,3-Butadiene",1990-10-20T00:00,0.202,µg/m³,VOC,N/A
60418,JUNCTION TRIANGLE,"1,3-Butadiene",1990-10-26T00:00,0.167,µg/m³,VOC,N/A
60418,JUNCTION TRIANGLE,"1,3-Butadiene",1990-11-01T00:00,0.798,µg/m³,VOC,N/A
60418,JUNCTION TRIANGLE,"1,3-Butadiene",1990-11-07T00:00,0.135,µg/m³,VOC,N/A
60418,JUNCTION TRIANGLE,"1,3-Butadiene",1990-11-13T00:00,0.096,µg/m³,VOC,N/A
60418,JUNCTION TRIANGLE,"1,3-Butadiene",1990-11-19T00:00,0.294,µg/m³,VOC,N/A
60418,JUNCTION TRIANGLE,"1,3-Butadiene",1990-11-25T00:00,0.084,µg/m³,VOC,N/A
60418,JUNCTION TRIANGLE,"1,3-Butadiene",1990-12-01T00:00,0.000,µg/m³,VOC,N/A
60418,JUNCTION TRIANGLE,"1,3-Butadiene",1990-12-07T00:00,0.000,µg/m³,VOC,N/A
60418,JUNCTION TRIANGLE,"1,3-Butadiene",1990-12-13T00:00,0.000,µg/m³,VOC,N/A
60418,JUNCTION TRIANGLE,"1,3-Butadiene",1990-12-19T00:00,0.129,µg/m³,VOC,N/A
60418,JUNCTION TRIANGLE,"1,3-Butadiene",1990-12-25T00:00,0.071,µg/m³,VOC,N/A
60418,JUNCTION TRIANGLE,"1,3-Butadiene",1990-12-31T00:00,0.144,µg/m³,VOC,N/A
