﻿NAPS_Site_ID,Station_Name,Pollutant,Date,Value,Units,Report_Type,Method
100134,VANCOUVER INTL. AIRPORT,1-Heptene,2018-01-08T00:00,0.000,µg/m³,VOC,GC-MS
100134,VANCOUVER INTL. AIRPORT,1-Heptene,2018-01-20T00:00,0.000,µg/m³,VOC,GC-MS
100134,VANCOUVER INTL. AIRPORT,1-Heptene,2018-02-01T00:00,0.000,µg/m³,VOC,GC-MS
100134,VANCOUVER INTL. AIRPORT,1-Heptene,2018-03-09T00:00,0.014,µg/m³,VOC,GC-MS
100134,VANCOUVER INTL. AIRPORT,1-Heptene,2018-03-21T00:00,0.000,µg/m³,VOC,GC-MS
100134,VANCOUVER INTL. AIRPORT,1-Heptene,2018-04-02T00:00,0.000,µg/m³,VOC,GC-MS
100134,VANCOUVER INTL. AIRPORT,1-Heptene,2018-04-14T00:00,0.007,µg/m³,VOC,GC-MS
100134,VANCOUVER INTL. AIRPORT,1-Heptene,2018-04-26T00:00,0.026,µg/m³,VOC,GC-MS
100134,VANCOUVER INTL. AIRPORT,1-Heptene,2018-05-08T00:00,0.042,µg/m³,VOC,GC-MS
100134,VANCOUVER INTL. AIRPORT,1-Heptene,2018-05-20T00:00,0.021,µg/m³,VOC,GC-MS
100134,VANCOUVER INTL. AIRPORT,1-Heptene,2018-06-01T00:00,0.016,µg/m³,VOC,GC-MS
100134,VANCOUVER INTL. AIRPORT,1-Heptene,2018-06-13T00:00,0.018,µg/m³,VOC,GC-MS
100134,VANCOUVER INTL. AIRPORT,1-Heptene,2018-06-25T00:00,0.011,µg/m³,VOC,GC-MS
100134,VANCOUVER INTL. AIRPORT,1-Heptene,2018-07-07T00:00,0.007,µg/m³,VOC,GC-MS
100134,VANCOUVER INTL. AIRPORT,1-Heptene,2018-07-19T00:00,0.000,µg/m³,VOC,GC-MS
100134,VANCOUVER INTL. AIRPORT,1-Heptene,2018-07-31T00:00,0.000,µg/m³,VOC,GC-MS
100134,VANCOUVER INTL. AIRPORT,1-Heptene,2018-08-12T00:00,0.014,µg/m³,VOC,GC-MS
100134,VANCOUVER INTL. AIRPORT,1-Heptene,2018-09-17T00:00,0.010,µg/m³,VOC,GC-MS
100134,VANCOUVER INTL. AIRPORT,1-Heptene,2018-11-04T00:00,0.012,µg/m³,VOC,GC-MS
100134,VANCOUVER INTL. AIRPORT,1-Heptene,2018-11-16T00:00,0.006,µg/m³,VOC,GC-MS
100134,VANCOUVER INTL. AIRPORT,1-Heptene,2018-12-10T00:00,0.002,µg/m³,VOC,GC-MS
