﻿NAPS_Site_ID,Station_Name,Pollutant,Date,Value,Units,Report_Type,Method
30113,JOHNSTON BUILDING,Ethylbenzene,2021-02-03T00:00,0.108,µg/m³,VOC,GC-MS
30113,JOHNSTON BUILDING,Ethylbenzene,2021-02-09T00:00,0.045,µg/m³,VOC,GC-MS
30113,JOHNSTON BUILDING,Ethylbenzene,2021-02-15T00:00,0.060,µg/m³,VOC,GC-MS
30113,JOHNSTON BUILDING,Ethylbenzene,2021-02-21T00:00,0.037,µg/m³,VOC,GC-MS
30113,JOHNSTON BUILDING,Ethylbenzene,2021-02-27T00:00,0.051,µg/m³,VOC,GC-MS
30113,JOHNSTON BUILDING,Ethylbenzene,2021-03-05T00:00,0.022,µg/m³,VOC,GC-MS
30113,JOHNSTON BUILDING,Ethylbenzene,2021-03-11T00:00,0.061,µg/m³,VOC,GC-MS
30113,JOHNSTON BUILDING,Ethylbenzene,2021-03-17T00:00,0.056,µg/m³,VOC,GC-MS
30113,JOHNSTON BUILDING,Ethylbenzene,2021-03-23T00:00,0.083,µg/m³,VOC,GC-MS
30113,JOHNSTON BUILDING,Ethylbenzene,2021-03-29T00:00,0.023,µg/m³,VOC,GC-MS
30113,JOHNSTON BUILDING,Ethylbenzene,2021-04-04T00:00,0.148,µg/m³,VOC,GC-MS
30113,JOHNSTON BUILDING,Ethylbenzene,2021-04-10T00:00,0.077,µg/m³,VOC,GC-MS
30113,JOHNSTON BUILDING,Ethylbenzene,2021-04-16T00:00,0.030,µg/m³,VOC,GC-MS
30113,JOHNSTON BUILDING,Ethylbenzene,2021-04-22T00:00,0.033,µg/m³,VOC,GC-MS
30113,JOHNSTON BUILDING,Ethylbenzene,2021-04-28T00:00,0.070,µg/m³,VOC,GC-MS
30113,JOHNSTON BUILDING,Ethylbenzene,2021-05-04T00:00,0.152,µg/m³,VOC,GC-MS
30113,JOHNSTON BUILDING,Ethylbenzene,2021-05-10T00:00,0.066,µg/m³,VOC,GC-MS
30113,JOHNSTON BUILDING,Ethylbenzene,2021-05-16T00:00,0.056,µg/m³,VOC,GC-MS
30113,JOHNSTON BUILDING,Ethylbenzene,2021-05-22T00:00,0.099,µg/m³,VOC,GC-MS
30113,JOHNSTON BUILDING,Ethylbenzene,2021-05-28T00:00,0.085,µg/m³,VOC,GC-MS
30113,JOHNSTON BUILDING,Ethylbenzene,2021-06-03T00:00,0.057,µg/m³,VOC,GC-MS
30113,JOHNSTON BUILDING,Ethylbenzene,2021-06-09T00:00,0.144,µg/m³,VOC,GC-MS
30113,JOHNSTON BUILDING,Ethylbenzene,2021-06-15T00:00,0.056,µg/m³,VOC,GC-MS
30113,JOHNSTON BUILDING,Ethylbenzene,2021-06-21T00:00,0.066,µg/m³,VOC,GC-MS
30113,JOHNSTON BUILDING,Ethylbenzene,2021-06-27T00:00,0.035,µg/m³,VOC,GC-MS
30113,JOHNSTON BUILDING,Ethylbenzene,2021-07-03T00:00,0.025,µg/m³,VOC,GC-MS
30113,JOHNSTON BUILDING,Ethylbenzene,2021-07-09T00:00,0.096,µg/m³,VOC,GC-MS
30113,JOHNSTON BUILDING,Ethylbenzene,2021-07-15T00:00,0.152,µg/m³,VOC,GC-MS
30113,JOHNSTON BUILDING,Ethylbenzene,2021-07-21T00:00,0.653,µg/m³,VOC,GC-MS
30113,JOHNSTON BUILDING,Ethylbenzene,2021-07-27T00:00,0.085,µg/m³,VOC,GC-MS
30113,JOHNSTON BUILDING,Ethylbenzene,2021-08-02T00:00,0.135,µg/m³,VOC,GC-MS
30113,JOHNSTON BUILDING,Ethylbenzene,2021-08-14T00:00,0.121,µg/m³,VOC,GC-MS
30113,JOHNSTON BUILDING,Ethylbenzene,2021-08-17T00:00,0.111,µg/m³,VOC,GC-MS
30113,JOHNSTON BUILDING,Ethylbenzene,2021-08-20T00:00,0.071,µg/m³,VOC,GC-MS
30113,JOHNSTON BUILDING,Ethylbenzene,2021-09-01T00:00,0.172,µg/m³,VOC,GC-MS
30113,JOHNSTON BUILDING,Ethylbenzene,2021-09-07T00:00,0.053,µg/m³,VOC,GC-MS
30113,JOHNSTON BUILDING,Ethylbenzene,2021-09-13T00:00,0.218,µg/m³,VOC,GC-MS
30113,JOHNSTON BUILDING,Ethylbenzene,2021-09-19T00:00,0.031,µg/m³,VOC,GC-MS
30113,JOHNSTON BUILDING,Ethylbenzene,2021-09-25T00:00,0.078,µg/m³,VOC,GC-MS
30113,JOHNSTON BUILDING,Ethylbenzene,2021-10-01T00:00,0.096,µg/m³,VOC,GC-MS
30113,JOHNSTON BUILDING,Ethylbenzene,2021-10-07T00:00,0.166,µg/m³,VOC,GC-MS
30113,JOHNSTON BUILDING,Ethylbenzene,2021-10-13T00:00,0.194,µg/m³,VOC,GC-MS
30113,JOHNSTON BUILDING,Ethylbenzene,2021-10-31T00:00,0.037,µg/m³,VOC,GC-MS
30113,JOHNSTON BUILDING,Ethylbenzene,2021-11-06T00:00,0.104,µg/m³,VOC,GC-MS
30113,JOHNSTON BUILDING,Ethylbenzene,2021-11-12T00:00,0.127,µg/m³,VOC,GC-MS
30113,JOHNSTON BUILDING,Ethylbenzene,2021-11-18T00:00,0.106,µg/m³,VOC,GC-MS
30113,JOHNSTON BUILDING,Ethylbenzene,2021-12-06T00:00,0.056,µg/m³,VOC,GC-MS
30113,JOHNSTON BUILDING,Ethylbenzene,2021-12-12T00:00,0.042,µg/m³,VOC,GC-MS
30113,JOHNSTON BUILDING,Ethylbenzene,2021-12-18T00:00,0.043,µg/m³,VOC,GC-MS
30113,JOHNSTON BUILDING,Ethylbenzene,2021-12-24T00:00,0.009,µg/m³,VOC,GC-MS
