﻿NAPS_Site_ID,Station_Name,Pollutant,Date,Value,Units,Report_Type,Method
40203,FOREST HILLS,Octane,2016-12-31T19:00,0.067,µg/m³,VOC,N/A
40203,FOREST HILLS,Octane,2017-01-06T19:00,0.015,µg/m³,VOC,N/A
40203,FOREST HILLS,Octane,2017-01-12T19:00,0.031,µg/m³,VOC,N/A
40203,FOREST HILLS,Octane,2017-01-18T19:00,0.094,µg/m³,VOC,N/A
40203,FOREST HILLS,Octane,2017-01-24T19:00,0.017,µg/m³,VOC,N/A
40203,FOREST HILLS,Octane,2017-01-30T19:00,0.038,µg/m³,VOC,N/A
40203,FOREST HILLS,Octane,2017-02-05T19:00,0.034,µg/m³,VOC,N/A
40203,FOREST HILLS,Octane,2017-02-11T19:00,0.025,µg/m³,VOC,N/A
40203,FOREST HILLS,Octane,2017-02-17T19:00,0.064,µg/m³,VOC,N/A
40203,FOREST HILLS,Octane,2017-02-23T19:00,0.712,µg/m³,VOC,N/A
40203,FOREST HILLS,Octane,2017-03-01T19:00,0.445,µg/m³,VOC,N/A
40203,FOREST HILLS,Octane,2017-03-07T19:00,0.535,µg/m³,VOC,N/A
40203,FOREST HILLS,Octane,2017-03-13T20:00,0.028,µg/m³,VOC,N/A
40203,FOREST HILLS,Octane,2017-03-18T20:00,0.008,µg/m³,VOC,N/A
40203,FOREST HILLS,Octane,2017-03-25T20:00,0.040,µg/m³,VOC,N/A
40203,FOREST HILLS,Octane,2017-03-31T20:00,0.016,µg/m³,VOC,N/A
40203,FOREST HILLS,Octane,2017-04-06T20:00,0.406,µg/m³,VOC,N/A
40203,FOREST HILLS,Octane,2017-04-12T20:00,0.023,µg/m³,VOC,N/A
40203,FOREST HILLS,Octane,2017-04-18T20:00,0.046,µg/m³,VOC,N/A
40203,FOREST HILLS,Octane,2017-04-24T20:00,0.016,µg/m³,VOC,N/A
40203,FOREST HILLS,Octane,2017-04-30T20:00,0.010,µg/m³,VOC,N/A
40203,FOREST HILLS,Octane,2017-05-06T20:00,0.171,µg/m³,VOC,N/A
40203,FOREST HILLS,Octane,2017-05-12T20:00,0.377,µg/m³,VOC,N/A
40203,FOREST HILLS,Octane,2017-05-18T20:00,1.058,µg/m³,VOC,N/A
40203,FOREST HILLS,Octane,2017-05-24T20:00,0.204,µg/m³,VOC,N/A
40203,FOREST HILLS,Octane,2017-05-30T20:00,0.421,µg/m³,VOC,N/A
40203,FOREST HILLS,Octane,2017-06-05T20:00,0.012,µg/m³,VOC,N/A
40203,FOREST HILLS,Octane,2017-06-11T20:00,0.932,µg/m³,VOC,N/A
40203,FOREST HILLS,Octane,2017-06-23T20:00,1.339,µg/m³,VOC,N/A
40203,FOREST HILLS,Octane,2017-08-28T20:00,0.557,µg/m³,VOC,N/A
40203,FOREST HILLS,Octane,2017-09-04T20:00,0.412,µg/m³,VOC,N/A
40203,FOREST HILLS,Octane,2017-09-09T20:00,0.027,µg/m³,VOC,N/A
40203,FOREST HILLS,Octane,2017-09-15T20:00,0.337,µg/m³,VOC,N/A
40203,FOREST HILLS,Octane,2017-09-21T20:00,0.013,µg/m³,VOC,N/A
40203,FOREST HILLS,Octane,2017-09-27T20:00,0.192,µg/m³,VOC,N/A
40203,FOREST HILLS,Octane,2017-10-03T20:00,0.049,µg/m³,VOC,N/A
40203,FOREST HILLS,Octane,2017-10-09T20:00,0.824,µg/m³,VOC,N/A
40203,FOREST HILLS,Octane,2017-10-15T20:00,0.136,µg/m³,VOC,N/A
40203,FOREST HILLS,Octane,2017-10-21T20:00,0.116,µg/m³,VOC,N/A
40203,FOREST HILLS,Octane,2017-10-27T20:00,0.275,µg/m³,VOC,N/A
40203,FOREST HILLS,Octane,2017-11-02T20:00,0.068,µg/m³,VOC,N/A
40203,FOREST HILLS,Octane,2017-11-08T19:00,0.151,µg/m³,VOC,N/A
40203,FOREST HILLS,Octane,2017-12-02T19:00,0.126,µg/m³,VOC,N/A
40203,FOREST HILLS,Octane,2017-12-08T19:00,0.102,µg/m³,VOC,N/A
