﻿NAPS_Site_ID,Station_Name,Pollutant,Date,Value,Units,Report_Type,Method
100111,ROCKY POINT PARK,"2,2-Dimethylhexane",1993-01-01T00:00,0.000,µg/m³,VOC,
100111,ROCKY POINT PARK,"2,2-Dimethylhexane",1993-01-07T00:00,0.053,µg/m³,VOC,
100111,ROCKY POINT PARK,"2,2-Dimethylhexane",1993-01-13T00:00,0.110,µg/m³,VOC,
100111,ROCKY POINT PARK,"2,2-Dimethylhexane",1993-01-19T00:00,0.044,µg/m³,VOC,
100111,ROCKY POINT PARK,"2,2-Dimethylhexane",1993-01-25T00:00,0.091,µg/m³,VOC,
100111,ROCKY POINT PARK,"2,2-Dimethylhexane",1993-01-31T00:00,0.058,µg/m³,VOC,
100111,ROCKY POINT PARK,"2,2-Dimethylhexane",1993-02-06T00:00,0.040,µg/m³,VOC,
100111,ROCKY POINT PARK,"2,2-Dimethylhexane",1993-02-12T00:00,0.059,µg/m³,VOC,
100111,ROCKY POINT PARK,"2,2-Dimethylhexane",1993-02-18T00:00,0.000,µg/m³,VOC,
100111,ROCKY POINT PARK,"2,2-Dimethylhexane",1993-02-24T00:00,0.000,µg/m³,VOC,
100111,ROCKY POINT PARK,"2,2-Dimethylhexane",1993-03-02T00:00,0.000,µg/m³,VOC,
100111,ROCKY POINT PARK,"2,2-Dimethylhexane",1993-03-08T00:00,0.000,µg/m³,VOC,
100111,ROCKY POINT PARK,"2,2-Dimethylhexane",1993-03-14T00:00,0.030,µg/m³,VOC,
100111,ROCKY POINT PARK,"2,2-Dimethylhexane",1993-03-20T00:00,0.000,µg/m³,VOC,
100111,ROCKY POINT PARK,"2,2-Dimethylhexane",1993-03-26T00:00,0.000,µg/m³,VOC,
100111,ROCKY POINT PARK,"2,2-Dimethylhexane",1993-04-01T00:00,0.000,µg/m³,VOC,
100111,ROCKY POINT PARK,"2,2-Dimethylhexane",1993-04-07T00:00,0.000,µg/m³,VOC,
100111,ROCKY POINT PARK,"2,2-Dimethylhexane",1993-04-13T00:00,0.000,µg/m³,VOC,
100111,ROCKY POINT PARK,"2,2-Dimethylhexane",1993-04-19T00:00,0.000,µg/m³,VOC,
100111,ROCKY POINT PARK,"2,2-Dimethylhexane",1993-04-25T00:00,0.000,µg/m³,VOC,
100111,ROCKY POINT PARK,"2,2-Dimethylhexane",1993-05-01T00:00,0.000,µg/m³,VOC,
100111,ROCKY POINT PARK,"2,2-Dimethylhexane",1993-05-07T00:00,0.000,µg/m³,VOC,
100111,ROCKY POINT PARK,"2,2-Dimethylhexane",1993-05-13T00:00,0.000,µg/m³,VOC,
100111,ROCKY POINT PARK,"2,2-Dimethylhexane",1993-05-19T00:00,0.000,µg/m³,VOC,
100111,ROCKY POINT PARK,"2,2-Dimethylhexane",1993-05-25T00:00,0.000,µg/m³,VOC,
100111,ROCKY POINT PARK,"2,2-Dimethylhexane",1993-05-31T00:00,0.000,µg/m³,VOC,
100111,ROCKY POINT PARK,"2,2-Dimethylhexane",1993-06-06T00:00,0.000,µg/m³,VOC,
100111,ROCKY POINT PARK,"2,2-Dimethylhexane",1993-06-12T00:00,0.000,µg/m³,VOC,
100111,ROCKY POINT PARK,"2,2-Dimethylhexane",1993-06-18T00:00,0.000,µg/m³,VOC,
100111,ROCKY POINT PARK,"2,2-Dimethylhexane",1993-06-30T00:00,0.000,µg/m³,VOC,
100111,ROCKY POINT PARK,"2,2-Dimethylhexane",1993-07-06T00:00,0.000,µg/m³,VOC,
100111,ROCKY POINT PARK,"2,2-Dimethylhexane",1993-07-12T00:00,0.000,µg/m³,VOC,
100111,ROCKY POINT PARK,"2,2-Dimethylhexane",1993-07-18T00:00,0.030,µg/m³,VOC,
100111,ROCKY POINT PARK,"2,2-Dimethylhexane",1993-07-30T00:00,0.025,µg/m³,VOC,
100111,ROCKY POINT PARK,"2,2-Dimethylhexane",1993-08-05T00:00,0.074,µg/m³,VOC,
100111,ROCKY POINT PARK,"2,2-Dimethylhexane",1993-08-11T00:00,0.000,µg/m³,VOC,
100111,ROCKY POINT PARK,"2,2-Dimethylhexane",1993-08-17T00:00,0.000,µg/m³,VOC,
100111,ROCKY POINT PARK,"2,2-Dimethylhexane",1993-08-23T00:00,0.000,µg/m³,VOC,
100111,ROCKY POINT PARK,"2,2-Dimethylhexane",1993-08-29T00:00,0.000,µg/m³,VOC,
100111,ROCKY POINT PARK,"2,2-Dimethylhexane",1993-09-04T00:00,0.000,µg/m³,VOC,
100111,ROCKY POINT PARK,"2,2-Dimethylhexane",1993-09-10T00:00,0.067,µg/m³,VOC,
100111,ROCKY POINT PARK,"2,2-Dimethylhexane",1993-09-16T00:00,0.000,µg/m³,VOC,
100111,ROCKY POINT PARK,"2,2-Dimethylhexane",1993-09-22T00:00,0.000,µg/m³,VOC,
100111,ROCKY POINT PARK,"2,2-Dimethylhexane",1993-09-28T00:00,0.105,µg/m³,VOC,
100111,ROCKY POINT PARK,"2,2-Dimethylhexane",1993-10-04T00:00,0.000,µg/m³,VOC,
100111,ROCKY POINT PARK,"2,2-Dimethylhexane",1993-10-16T00:00,0.000,µg/m³,VOC,
100111,ROCKY POINT PARK,"2,2-Dimethylhexane",1993-10-22T00:00,0.000,µg/m³,VOC,
100111,ROCKY POINT PARK,"2,2-Dimethylhexane",1993-10-28T00:00,0.000,µg/m³,VOC,
100111,ROCKY POINT PARK,"2,2-Dimethylhexane",1993-11-03T00:00,0.000,µg/m³,VOC,
100111,ROCKY POINT PARK,"2,2-Dimethylhexane",1993-11-09T00:00,0.000,µg/m³,VOC,
100111,ROCKY POINT PARK,"2,2-Dimethylhexane",1993-11-15T00:00,0.000,µg/m³,VOC,
100111,ROCKY POINT PARK,"2,2-Dimethylhexane",1993-11-21T00:00,0.000,µg/m³,VOC,
100111,ROCKY POINT PARK,"2,2-Dimethylhexane",1993-11-27T00:00,0.000,µg/m³,VOC,
100111,ROCKY POINT PARK,"2,2-Dimethylhexane",1993-12-03T00:00,0.000,µg/m³,VOC,
100111,ROCKY POINT PARK,"2,2-Dimethylhexane",1993-12-09T00:00,0.000,µg/m³,VOC,
100111,ROCKY POINT PARK,"2,2-Dimethylhexane",1993-12-15T00:00,0.000,µg/m³,VOC,
100111,ROCKY POINT PARK,"2,2-Dimethylhexane",1993-12-21T00:00,0.000,µg/m³,VOC,
100111,ROCKY POINT PARK,"2,2-Dimethylhexane",1993-12-27T00:00,0.000,µg/m³,VOC,
