﻿NAPS_Site_ID,Station_Name,Pollutant,Date,Value,Units,Report_Type,Method
60413,CENTENNIAL PARK _ETOBICOKE WEST_,"cis-1,3-Dimethylcyclohexane",2004-01-22T00:00,0.034,µg/m³,VOC,N/A
60413,CENTENNIAL PARK _ETOBICOKE WEST_,"cis-1,3-Dimethylcyclohexane",2004-01-28T00:00,0.042,µg/m³,VOC,N/A
60413,CENTENNIAL PARK _ETOBICOKE WEST_,"cis-1,3-Dimethylcyclohexane",2004-02-03T00:00,0.063,µg/m³,VOC,N/A
60413,CENTENNIAL PARK _ETOBICOKE WEST_,"cis-1,3-Dimethylcyclohexane",2004-02-09T00:00,0.024,µg/m³,VOC,N/A
60413,CENTENNIAL PARK _ETOBICOKE WEST_,"cis-1,3-Dimethylcyclohexane",2004-02-15T00:00,0.026,µg/m³,VOC,N/A
60413,CENTENNIAL PARK _ETOBICOKE WEST_,"cis-1,3-Dimethylcyclohexane",2004-02-21T00:00,0.016,µg/m³,VOC,N/A
60413,CENTENNIAL PARK _ETOBICOKE WEST_,"cis-1,3-Dimethylcyclohexane",2004-02-27T00:00,0.107,µg/m³,VOC,N/A
60413,CENTENNIAL PARK _ETOBICOKE WEST_,"cis-1,3-Dimethylcyclohexane",2004-03-04T00:00,0.058,µg/m³,VOC,N/A
60413,CENTENNIAL PARK _ETOBICOKE WEST_,"cis-1,3-Dimethylcyclohexane",2004-03-10T00:00,0.105,µg/m³,VOC,N/A
60413,CENTENNIAL PARK _ETOBICOKE WEST_,"cis-1,3-Dimethylcyclohexane",2004-03-16T00:00,0.024,µg/m³,VOC,N/A
60413,CENTENNIAL PARK _ETOBICOKE WEST_,"cis-1,3-Dimethylcyclohexane",2004-03-22T00:00,0.013,µg/m³,VOC,N/A
60413,CENTENNIAL PARK _ETOBICOKE WEST_,"cis-1,3-Dimethylcyclohexane",2004-03-28T00:00,0.011,µg/m³,VOC,N/A
60413,CENTENNIAL PARK _ETOBICOKE WEST_,"cis-1,3-Dimethylcyclohexane",2004-06-02T00:00,0.086,µg/m³,VOC,N/A
60413,CENTENNIAL PARK _ETOBICOKE WEST_,"cis-1,3-Dimethylcyclohexane",2004-06-08T00:00,0.054,µg/m³,VOC,N/A
60413,CENTENNIAL PARK _ETOBICOKE WEST_,"cis-1,3-Dimethylcyclohexane",2004-06-14T00:00,0.023,µg/m³,VOC,N/A
60413,CENTENNIAL PARK _ETOBICOKE WEST_,"cis-1,3-Dimethylcyclohexane",2004-06-20T00:00,0.007,µg/m³,VOC,N/A
60413,CENTENNIAL PARK _ETOBICOKE WEST_,"cis-1,3-Dimethylcyclohexane",2004-06-26T00:00,0.025,µg/m³,VOC,N/A
60413,CENTENNIAL PARK _ETOBICOKE WEST_,"cis-1,3-Dimethylcyclohexane",2004-07-02T00:00,0.014,µg/m³,VOC,N/A
60413,CENTENNIAL PARK _ETOBICOKE WEST_,"cis-1,3-Dimethylcyclohexane",2004-07-08T00:00,0.026,µg/m³,VOC,N/A
60413,CENTENNIAL PARK _ETOBICOKE WEST_,"cis-1,3-Dimethylcyclohexane",2004-07-14T00:00,0.072,µg/m³,VOC,N/A
60413,CENTENNIAL PARK _ETOBICOKE WEST_,"cis-1,3-Dimethylcyclohexane",2004-07-20T00:00,0.102,µg/m³,VOC,N/A
60413,CENTENNIAL PARK _ETOBICOKE WEST_,"cis-1,3-Dimethylcyclohexane",2004-07-26T00:00,0.088,µg/m³,VOC,N/A
60413,CENTENNIAL PARK _ETOBICOKE WEST_,"cis-1,3-Dimethylcyclohexane",2004-08-01T00:00,0.029,µg/m³,VOC,N/A
60413,CENTENNIAL PARK _ETOBICOKE WEST_,"cis-1,3-Dimethylcyclohexane",2004-08-01T00:00,0.030,µg/m³,VOC,N/A
60413,CENTENNIAL PARK _ETOBICOKE WEST_,"cis-1,3-Dimethylcyclohexane",2004-08-07T00:00,0.048,µg/m³,VOC,N/A
60413,CENTENNIAL PARK _ETOBICOKE WEST_,"cis-1,3-Dimethylcyclohexane",2004-08-13T00:00,0.069,µg/m³,VOC,N/A
60413,CENTENNIAL PARK _ETOBICOKE WEST_,"cis-1,3-Dimethylcyclohexane",2004-08-19T00:00,0.023,µg/m³,VOC,N/A
60413,CENTENNIAL PARK _ETOBICOKE WEST_,"cis-1,3-Dimethylcyclohexane",2004-08-25T00:00,0.044,µg/m³,VOC,N/A
60413,CENTENNIAL PARK _ETOBICOKE WEST_,"cis-1,3-Dimethylcyclohexane",2004-08-31T00:00,0.053,µg/m³,VOC,N/A
60413,CENTENNIAL PARK _ETOBICOKE WEST_,"cis-1,3-Dimethylcyclohexane",2004-09-06T00:00,0.021,µg/m³,VOC,N/A
60413,CENTENNIAL PARK _ETOBICOKE WEST_,"cis-1,3-Dimethylcyclohexane",2004-09-12T00:00,0.050,µg/m³,VOC,N/A
60413,CENTENNIAL PARK _ETOBICOKE WEST_,"cis-1,3-Dimethylcyclohexane",2004-09-18T00:00,0.042,µg/m³,VOC,N/A
60413,CENTENNIAL PARK _ETOBICOKE WEST_,"cis-1,3-Dimethylcyclohexane",2004-09-24T00:00,0.389,µg/m³,VOC,N/A
60413,CENTENNIAL PARK _ETOBICOKE WEST_,"cis-1,3-Dimethylcyclohexane",2004-09-30T00:00,0.142,µg/m³,VOC,N/A
60413,CENTENNIAL PARK _ETOBICOKE WEST_,"cis-1,3-Dimethylcyclohexane",2004-10-06T00:00,0.039,µg/m³,VOC,N/A
60413,CENTENNIAL PARK _ETOBICOKE WEST_,"cis-1,3-Dimethylcyclohexane",2004-10-12T00:00,0.067,µg/m³,VOC,N/A
60413,CENTENNIAL PARK _ETOBICOKE WEST_,"cis-1,3-Dimethylcyclohexane",2004-10-18T00:00,0.057,µg/m³,VOC,N/A
60413,CENTENNIAL PARK _ETOBICOKE WEST_,"cis-1,3-Dimethylcyclohexane",2004-10-24T00:00,0.061,µg/m³,VOC,N/A
60413,CENTENNIAL PARK _ETOBICOKE WEST_,"cis-1,3-Dimethylcyclohexane",2004-10-30T00:00,0.060,µg/m³,VOC,N/A
60413,CENTENNIAL PARK _ETOBICOKE WEST_,"cis-1,3-Dimethylcyclohexane",2004-11-05T00:00,0.019,µg/m³,VOC,N/A
60413,CENTENNIAL PARK _ETOBICOKE WEST_,"cis-1,3-Dimethylcyclohexane",2004-11-11T00:00,0.035,µg/m³,VOC,N/A
60413,CENTENNIAL PARK _ETOBICOKE WEST_,"cis-1,3-Dimethylcyclohexane",2004-11-17T00:00,0.086,µg/m³,VOC,N/A
60413,CENTENNIAL PARK _ETOBICOKE WEST_,"cis-1,3-Dimethylcyclohexane",2004-11-23T00:00,0.085,µg/m³,VOC,N/A
60413,CENTENNIAL PARK _ETOBICOKE WEST_,"cis-1,3-Dimethylcyclohexane",2004-11-29T00:00,0.025,µg/m³,VOC,N/A
60413,CENTENNIAL PARK _ETOBICOKE WEST_,"cis-1,3-Dimethylcyclohexane",2004-12-05T00:00,0.012,µg/m³,VOC,N/A
60413,CENTENNIAL PARK _ETOBICOKE WEST_,"cis-1,3-Dimethylcyclohexane",2004-12-11T00:00,0.028,µg/m³,VOC,N/A
60413,CENTENNIAL PARK _ETOBICOKE WEST_,"cis-1,3-Dimethylcyclohexane",2004-12-17T00:00,0.037,µg/m³,VOC,N/A
60413,CENTENNIAL PARK _ETOBICOKE WEST_,"cis-1,3-Dimethylcyclohexane",2004-12-23T00:00,0.018,µg/m³,VOC,N/A
60413,CENTENNIAL PARK _ETOBICOKE WEST_,"cis-1,3-Dimethylcyclohexane",2004-12-29T00:00,0.036,µg/m³,VOC,N/A
