﻿NAPS_Site_ID,Station_Name,Pollutant,Date,Value,Units,Report_Type,Method
100118,KITSILANO,"trans-1,3-Dichloropropene",1993-07-26T00:00,0.000,µg/m³,VOC,
100118,KITSILANO,"trans-1,3-Dichloropropene",1993-07-28T00:00,0.000,µg/m³,VOC,
100118,KITSILANO,"trans-1,3-Dichloropropene",1993-07-30T00:00,0.000,µg/m³,VOC,
100118,KITSILANO,"trans-1,3-Dichloropropene",1993-08-02T00:00,0.000,µg/m³,VOC,
100118,KITSILANO,"trans-1,3-Dichloropropene",1993-08-04T00:00,0.000,µg/m³,VOC,
100118,KITSILANO,"trans-1,3-Dichloropropene",1993-08-06T00:00,0.000,µg/m³,VOC,
