﻿NAPS_Site_ID,Station_Name,Pollutant,Date,Value,Units,Report_Type,Method
100137,BURNABY NORTH,1-Nonene,2000-01-13T00:00,0.000,µg/m³,VOC,
100137,BURNABY NORTH,1-Nonene,2000-01-31T00:00,0.050,µg/m³,VOC,
100137,BURNABY NORTH,1-Nonene,2000-02-18T00:00,0.090,µg/m³,VOC,
100137,BURNABY NORTH,1-Nonene,2000-03-19T00:00,0.090,µg/m³,VOC,
100137,BURNABY NORTH,1-Nonene,2000-04-06T00:00,0.050,µg/m³,VOC,
100137,BURNABY NORTH,1-Nonene,2000-04-24T00:00,0.000,µg/m³,VOC,
100137,BURNABY NORTH,1-Nonene,2000-05-12T00:00,0.050,µg/m³,VOC,
100137,BURNABY NORTH,1-Nonene,2000-05-30T00:00,0.000,µg/m³,VOC,
100137,BURNABY NORTH,1-Nonene,2000-06-17T00:00,0.190,µg/m³,VOC,
100137,BURNABY NORTH,1-Nonene,2000-07-05T00:00,0.000,µg/m³,VOC,
100137,BURNABY NORTH,1-Nonene,2000-07-23T00:00,0.040,µg/m³,VOC,
100137,BURNABY NORTH,1-Nonene,2000-09-03T00:00,0.000,µg/m³,VOC,
100137,BURNABY NORTH,1-Nonene,2000-09-21T00:00,0.170,µg/m³,VOC,
100137,BURNABY NORTH,1-Nonene,2000-10-15T00:00,0.120,µg/m³,VOC,
100137,BURNABY NORTH,1-Nonene,2000-11-02T00:00,0.070,µg/m³,VOC,
100137,BURNABY NORTH,1-Nonene,2000-11-20T00:00,0.070,µg/m³,VOC,
100137,BURNABY NORTH,1-Nonene,2000-12-14T00:00,0.000,µg/m³,VOC,
