﻿NAPS_Site_ID,Station_Name,Pollutant,Date,Value,Units,Report_Type,Method
50104,ONTARIO,"2,2-Dimethylhexane",2007-01-18T00:00,0.000,µg/m³,VOC,GC-MS
50104,ONTARIO,"2,2-Dimethylhexane",2007-01-24T00:00,0.000,µg/m³,VOC,GC-MS
50104,ONTARIO,"2,2-Dimethylhexane",2007-01-30T00:00,0.000,µg/m³,VOC,GC-MS
50104,ONTARIO,"2,2-Dimethylhexane",2007-02-05T00:00,0.000,µg/m³,VOC,GC-MS
50104,ONTARIO,"2,2-Dimethylhexane",2007-02-11T00:00,0.000,µg/m³,VOC,GC-MS
50104,ONTARIO,"2,2-Dimethylhexane",2007-02-17T00:00,0.000,µg/m³,VOC,GC-MS
50104,ONTARIO,"2,2-Dimethylhexane",2007-02-23T00:00,0.000,µg/m³,VOC,GC-MS
50104,ONTARIO,"2,2-Dimethylhexane",2007-03-01T00:00,0.000,µg/m³,VOC,GC-MS
