﻿NAPS_Site_ID,Station_Name,Pollutant,Date,Value,Units,Report_Type,Method
55201,LEMIEUX,Acetylene,2012-01-01T00:00,0.730,µg/m³,VOC,GC-FID
55201,LEMIEUX,Acetylene,2012-01-04T00:00,0.591,µg/m³,VOC,GC-FID
55201,LEMIEUX,Acetylene,2012-01-07T00:00,0.576,µg/m³,VOC,GC-FID
55201,LEMIEUX,Acetylene,2012-01-10T00:00,0.382,µg/m³,VOC,GC-FID
55201,LEMIEUX,Acetylene,2012-01-13T00:00,0.482,µg/m³,VOC,GC-FID
55201,LEMIEUX,Acetylene,2012-01-16T00:00,0.489,µg/m³,VOC,GC-FID
55201,LEMIEUX,Acetylene,2012-01-19T00:00,0.437,µg/m³,VOC,GC-FID
55201,LEMIEUX,Acetylene,2012-01-22T00:00,0.690,µg/m³,VOC,GC-FID
55201,LEMIEUX,Acetylene,2012-01-25T00:00,0.439,µg/m³,VOC,GC-FID
55201,LEMIEUX,Acetylene,2012-01-28T00:00,0.442,µg/m³,VOC,GC-FID
55201,LEMIEUX,Acetylene,2012-01-31T00:00,0.531,µg/m³,VOC,GC-FID
55201,LEMIEUX,Acetylene,2012-02-03T00:00,0.641,µg/m³,VOC,GC-FID
55201,LEMIEUX,Acetylene,2012-02-06T00:00,0.394,µg/m³,VOC,GC-FID
55201,LEMIEUX,Acetylene,2012-02-09T00:00,0.487,µg/m³,VOC,GC-FID
55201,LEMIEUX,Acetylene,2012-02-12T00:00,0.353,µg/m³,VOC,GC-FID
55201,LEMIEUX,Acetylene,2012-02-15T00:00,0.486,µg/m³,VOC,GC-FID
55201,LEMIEUX,Acetylene,2012-02-15T00:00,0.486,µg/m³,VOC,GC-FID
55201,LEMIEUX,Acetylene,2012-02-18T00:00,0.371,µg/m³,VOC,GC-FID
55201,LEMIEUX,Acetylene,2012-02-21T00:00,0.440,µg/m³,VOC,GC-FID
55201,LEMIEUX,Acetylene,2012-02-24T00:00,0.534,µg/m³,VOC,GC-FID
55201,LEMIEUX,Acetylene,2012-02-27T00:00,0.526,µg/m³,VOC,GC-FID
55201,LEMIEUX,Acetylene,2012-03-07T00:00,0.606,µg/m³,VOC,GC-FID
55201,LEMIEUX,Acetylene,2012-03-13T00:00,0.499,µg/m³,VOC,GC-FID
55201,LEMIEUX,Acetylene,2012-03-16T00:00,0.666,µg/m³,VOC,GC-FID
55201,LEMIEUX,Acetylene,2012-03-19T00:00,0.563,µg/m³,VOC,GC-FID
55201,LEMIEUX,Acetylene,2012-03-22T00:00,0.389,µg/m³,VOC,GC-FID
55201,LEMIEUX,Acetylene,2012-03-25T00:00,0.589,µg/m³,VOC,GC-FID
55201,LEMIEUX,Acetylene,2012-03-31T00:00,0.405,µg/m³,VOC,GC-FID
55201,LEMIEUX,Acetylene,2012-04-03T00:00,0.336,µg/m³,VOC,GC-FID
55201,LEMIEUX,Acetylene,2012-04-06T00:00,0.359,µg/m³,VOC,GC-FID
55201,LEMIEUX,Acetylene,2012-04-09T00:00,0.297,µg/m³,VOC,GC-FID
55201,LEMIEUX,Acetylene,2012-04-12T00:00,0.270,µg/m³,VOC,GC-FID
55201,LEMIEUX,Acetylene,2012-04-18T00:00,0.246,µg/m³,VOC,GC-FID
55201,LEMIEUX,Acetylene,2012-04-21T00:00,0.270,µg/m³,VOC,GC-FID
55201,LEMIEUX,Acetylene,2012-04-24T00:00,0.228,µg/m³,VOC,GC-FID
55201,LEMIEUX,Acetylene,2012-04-27T00:00,0.277,µg/m³,VOC,GC-FID
55201,LEMIEUX,Acetylene,2012-04-30T00:00,0.217,µg/m³,VOC,GC-FID
55201,LEMIEUX,Acetylene,2012-05-03T00:00,0.275,µg/m³,VOC,GC-FID
55201,LEMIEUX,Acetylene,2012-05-06T00:00,0.220,µg/m³,VOC,GC-FID
55201,LEMIEUX,Acetylene,2012-05-09T00:00,0.373,µg/m³,VOC,GC-FID
55201,LEMIEUX,Acetylene,2012-05-12T00:00,0.200,µg/m³,VOC,GC-FID
55201,LEMIEUX,Acetylene,2012-05-15T00:00,0.193,µg/m³,VOC,GC-FID
55201,LEMIEUX,Acetylene,2012-05-18T00:00,0.206,µg/m³,VOC,GC-FID
55201,LEMIEUX,Acetylene,2012-05-21T00:00,0.149,µg/m³,VOC,GC-FID
55201,LEMIEUX,Acetylene,2012-05-24T00:00,0.139,µg/m³,VOC,GC-FID
55201,LEMIEUX,Acetylene,2012-05-30T00:00,0.143,µg/m³,VOC,GC-FID
55201,LEMIEUX,Acetylene,2012-06-11T00:00,0.187,µg/m³,VOC,GC-FID
55201,LEMIEUX,Acetylene,2012-06-14T00:00,0.086,µg/m³,VOC,GC-FID
55201,LEMIEUX,Acetylene,2012-06-17T00:00,0.162,µg/m³,VOC,GC-FID
55201,LEMIEUX,Acetylene,2012-06-26T00:00,0.091,µg/m³,VOC,GC-FID
55201,LEMIEUX,Acetylene,2012-06-29T00:00,0.183,µg/m³,VOC,GC-FID
55201,LEMIEUX,Acetylene,2012-07-02T00:00,0.079,µg/m³,VOC,GC-FID
55201,LEMIEUX,Acetylene,2012-07-05T00:00,0.078,µg/m³,VOC,GC-FID
55201,LEMIEUX,Acetylene,2012-07-08T00:00,0.057,µg/m³,VOC,GC-FID
55201,LEMIEUX,Acetylene,2012-07-11T00:00,0.064,µg/m³,VOC,GC-FID
55201,LEMIEUX,Acetylene,2012-07-14T00:00,0.157,µg/m³,VOC,GC-FID
55201,LEMIEUX,Acetylene,2012-07-17T00:00,0.235,µg/m³,VOC,GC-FID
55201,LEMIEUX,Acetylene,2012-07-20T00:00,0.096,µg/m³,VOC,GC-FID
55201,LEMIEUX,Acetylene,2012-07-23T00:00,0.220,µg/m³,VOC,GC-FID
55201,LEMIEUX,Acetylene,2012-07-26T00:00,0.147,µg/m³,VOC,GC-FID
55201,LEMIEUX,Acetylene,2012-07-29T00:00,0.116,µg/m³,VOC,GC-FID
55201,LEMIEUX,Acetylene,2012-08-01T00:00,0.155,µg/m³,VOC,GC-FID
55201,LEMIEUX,Acetylene,2012-08-04T00:00,0.121,µg/m³,VOC,GC-FID
55201,LEMIEUX,Acetylene,2012-08-07T00:00,0.178,µg/m³,VOC,GC-FID
55201,LEMIEUX,Acetylene,2012-08-10T00:00,0.145,µg/m³,VOC,GC-FID
55201,LEMIEUX,Acetylene,2012-08-13T00:00,0.178,µg/m³,VOC,GC-FID
55201,LEMIEUX,Acetylene,2012-08-16T00:00,0.166,µg/m³,VOC,GC-FID
55201,LEMIEUX,Acetylene,2012-08-19T00:00,0.206,µg/m³,VOC,GC-FID
55201,LEMIEUX,Acetylene,2012-08-22T00:00,0.165,µg/m³,VOC,GC-FID
55201,LEMIEUX,Acetylene,2012-08-25T00:00,0.185,µg/m³,VOC,GC-FID
55201,LEMIEUX,Acetylene,2012-08-28T00:00,0.128,µg/m³,VOC,GC-FID
55201,LEMIEUX,Acetylene,2012-08-31T00:00,0.127,µg/m³,VOC,GC-FID
55201,LEMIEUX,Acetylene,2012-09-03T00:00,0.323,µg/m³,VOC,GC-FID
55201,LEMIEUX,Acetylene,2012-09-06T00:00,0.228,µg/m³,VOC,GC-FID
55201,LEMIEUX,Acetylene,2012-09-09T00:00,0.134,µg/m³,VOC,GC-FID
55201,LEMIEUX,Acetylene,2012-09-12T00:00,0.222,µg/m³,VOC,GC-FID
55201,LEMIEUX,Acetylene,2012-09-15T00:00,0.119,µg/m³,VOC,GC-FID
55201,LEMIEUX,Acetylene,2012-09-18T00:00,0.195,µg/m³,VOC,GC-FID
55201,LEMIEUX,Acetylene,2012-09-21T00:00,0.204,µg/m³,VOC,GC-FID
55201,LEMIEUX,Acetylene,2012-09-24T00:00,0.151,µg/m³,VOC,GC-FID
55201,LEMIEUX,Acetylene,2012-09-27T00:00,0.118,µg/m³,VOC,GC-FID
55201,LEMIEUX,Acetylene,2012-09-30T00:00,0.204,µg/m³,VOC,GC-FID
55201,LEMIEUX,Acetylene,2012-10-03T00:00,0.350,µg/m³,VOC,GC-FID
55201,LEMIEUX,Acetylene,2012-10-06T00:00,0.209,µg/m³,VOC,GC-FID
55201,LEMIEUX,Acetylene,2012-10-09T00:00,0.185,µg/m³,VOC,GC-FID
55201,LEMIEUX,Acetylene,2012-10-12T00:00,0.134,µg/m³,VOC,GC-FID
55201,LEMIEUX,Acetylene,2012-10-15T00:00,0.399,µg/m³,VOC,GC-FID
55201,LEMIEUX,Acetylene,2012-10-18T00:00,0.214,µg/m³,VOC,GC-FID
55201,LEMIEUX,Acetylene,2012-10-21T00:00,0.227,µg/m³,VOC,GC-FID
55201,LEMIEUX,Acetylene,2012-10-24T00:00,0.181,µg/m³,VOC,GC-FID
55201,LEMIEUX,Acetylene,2012-10-27T00:00,0.291,µg/m³,VOC,GC-FID
55201,LEMIEUX,Acetylene,2012-10-30T00:00,0.170,µg/m³,VOC,GC-FID
55201,LEMIEUX,Acetylene,2012-11-02T00:00,0.238,µg/m³,VOC,GC-FID
55201,LEMIEUX,Acetylene,2012-11-05T00:00,0.193,µg/m³,VOC,GC-FID
55201,LEMIEUX,Acetylene,2012-11-08T00:00,0.230,µg/m³,VOC,GC-FID
55201,LEMIEUX,Acetylene,2012-11-11T00:00,0.351,µg/m³,VOC,GC-FID
55201,LEMIEUX,Acetylene,2012-11-14T00:00,0.233,µg/m³,VOC,GC-FID
55201,LEMIEUX,Acetylene,2012-11-17T00:00,0.407,µg/m³,VOC,GC-FID
55201,LEMIEUX,Acetylene,2012-11-20T00:00,0.734,µg/m³,VOC,GC-FID
55201,LEMIEUX,Acetylene,2012-11-23T00:00,0.343,µg/m³,VOC,GC-FID
55201,LEMIEUX,Acetylene,2012-11-26T00:00,0.253,µg/m³,VOC,GC-FID
55201,LEMIEUX,Acetylene,2012-11-29T00:00,0.391,µg/m³,VOC,GC-FID
55201,LEMIEUX,Acetylene,2012-12-02T00:00,0.473,µg/m³,VOC,GC-FID
55201,LEMIEUX,Acetylene,2012-12-05T00:00,0.325,µg/m³,VOC,GC-FID
55201,LEMIEUX,Acetylene,2012-12-08T00:00,0.985,µg/m³,VOC,GC-FID
55201,LEMIEUX,Acetylene,2012-12-11T00:00,0.371,µg/m³,VOC,GC-FID
55201,LEMIEUX,Acetylene,2012-12-14T00:00,0.659,µg/m³,VOC,GC-FID
55201,LEMIEUX,Acetylene,2012-12-17T00:00,0.314,µg/m³,VOC,GC-FID
55201,LEMIEUX,Acetylene,2012-12-20T00:00,0.325,µg/m³,VOC,GC-FID
55201,LEMIEUX,Acetylene,2012-12-23T00:00,0.390,µg/m³,VOC,GC-FID
55201,LEMIEUX,Acetylene,2012-12-26T00:00,0.512,µg/m³,VOC,GC-FID
55201,LEMIEUX,Acetylene,2012-12-29T00:00,0.526,µg/m³,VOC,GC-FID
