﻿NAPS_Site_ID,Station_Name,Pollutant,Date,Value,Units,Report_Type,Method
64401,EGBERT,Fluoranthene,2009-01-01T00:00,0.001,µg/m³,PAH,N/A
64401,EGBERT,Fluoranthene,2009-01-19T00:00,0.001,µg/m³,PAH,N/A
64401,EGBERT,Fluoranthene,2009-01-25T00:00,0.001,µg/m³,PAH,N/A
64401,EGBERT,Fluoranthene,2009-02-12T00:00,0.000,µg/m³,PAH,N/A
64401,EGBERT,Fluoranthene,2009-02-18T00:00,0.001,µg/m³,PAH,N/A
64401,EGBERT,Fluoranthene,2009-03-08T00:00,0.000,µg/m³,PAH,N/A
64401,EGBERT,Fluoranthene,2009-03-14T00:00,0.000,µg/m³,PAH,N/A
64401,EGBERT,Fluoranthene,2009-04-01T00:00,0.000,µg/m³,PAH,N/A
64401,EGBERT,Fluoranthene,2009-04-25T00:00,0.000,µg/m³,PAH,N/A
64401,EGBERT,Fluoranthene,2009-05-01T00:00,0.000,µg/m³,PAH,N/A
64401,EGBERT,Fluoranthene,2009-07-07T00:00,0.000,µg/m³,PAH,N/A
64401,EGBERT,Fluoranthene,2009-07-12T00:00,0.000,µg/m³,PAH,N/A
64401,EGBERT,Fluoranthene,2009-07-30T00:00,0.000,µg/m³,PAH,N/A
64401,EGBERT,Fluoranthene,2009-08-05T00:00,0.000,µg/m³,PAH,N/A
64401,EGBERT,Fluoranthene,2009-08-23T00:00,0.000,µg/m³,PAH,N/A
64401,EGBERT,Fluoranthene,2009-08-29T00:00,0.000,µg/m³,PAH,N/A
64401,EGBERT,Fluoranthene,2009-09-16T00:00,0.000,µg/m³,PAH,N/A
64401,EGBERT,Fluoranthene,2009-09-22T00:00,0.000,µg/m³,PAH,N/A
64401,EGBERT,Fluoranthene,2009-10-10T00:00,0.000,µg/m³,PAH,N/A
64401,EGBERT,Fluoranthene,2009-10-16T00:00,0.000,µg/m³,PAH,N/A
64401,EGBERT,Fluoranthene,2009-11-09T00:00,0.000,µg/m³,PAH,N/A
64401,EGBERT,Fluoranthene,2009-11-27T00:00,0.000,µg/m³,PAH,N/A
64401,EGBERT,Fluoranthene,2009-12-03T00:00,0.000,µg/m³,PAH,N/A
64401,EGBERT,Fluoranthene,2009-12-21T00:00,0.000,µg/m³,PAH,N/A
64401,EGBERT,Fluoranthene,2009-12-27T00:00,0.000,µg/m³,PAH,N/A
