﻿NAPS_Site_ID,Station_Name,Pollutant,Date,Value,Units,Report_Type,Method
40208,CHAMPLAIN HEIGHTS SCHOOL,"1,2-Dichloroethane",2009-03-02T00:00,0.064,µg/m³,VOC,N/A
40208,CHAMPLAIN HEIGHTS SCHOOL,"1,2-Dichloroethane",2009-03-08T00:00,0.075,µg/m³,VOC,N/A
40208,CHAMPLAIN HEIGHTS SCHOOL,"1,2-Dichloroethane",2009-03-14T00:00,0.076,µg/m³,VOC,N/A
40208,CHAMPLAIN HEIGHTS SCHOOL,"1,2-Dichloroethane",2009-03-20T00:00,0.063,µg/m³,VOC,N/A
40208,CHAMPLAIN HEIGHTS SCHOOL,"1,2-Dichloroethane",2009-03-26T00:00,0.065,µg/m³,VOC,N/A
40208,CHAMPLAIN HEIGHTS SCHOOL,"1,2-Dichloroethane",2009-04-01T00:00,0.092,µg/m³,VOC,N/A
40208,CHAMPLAIN HEIGHTS SCHOOL,"1,2-Dichloroethane",2009-04-07T00:00,0.096,µg/m³,VOC,N/A
40208,CHAMPLAIN HEIGHTS SCHOOL,"1,2-Dichloroethane",2009-04-13T00:00,0.067,µg/m³,VOC,N/A
40208,CHAMPLAIN HEIGHTS SCHOOL,"1,2-Dichloroethane",2009-04-19T00:00,0.072,µg/m³,VOC,N/A
40208,CHAMPLAIN HEIGHTS SCHOOL,"1,2-Dichloroethane",2009-04-25T00:00,0.134,µg/m³,VOC,N/A
40208,CHAMPLAIN HEIGHTS SCHOOL,"1,2-Dichloroethane",2009-05-01T00:00,0.134,µg/m³,VOC,N/A
40208,CHAMPLAIN HEIGHTS SCHOOL,"1,2-Dichloroethane",2009-05-07T00:00,0.082,µg/m³,VOC,N/A
40208,CHAMPLAIN HEIGHTS SCHOOL,"1,2-Dichloroethane",2009-05-13T00:00,0.129,µg/m³,VOC,N/A
40208,CHAMPLAIN HEIGHTS SCHOOL,"1,2-Dichloroethane",2009-05-19T00:00,0.104,µg/m³,VOC,N/A
40208,CHAMPLAIN HEIGHTS SCHOOL,"1,2-Dichloroethane",2009-05-25T00:00,0.084,µg/m³,VOC,N/A
40208,CHAMPLAIN HEIGHTS SCHOOL,"1,2-Dichloroethane",2009-05-31T00:00,0.132,µg/m³,VOC,N/A
40208,CHAMPLAIN HEIGHTS SCHOOL,"1,2-Dichloroethane",2009-06-06T00:00,0.088,µg/m³,VOC,N/A
40208,CHAMPLAIN HEIGHTS SCHOOL,"1,2-Dichloroethane",2009-06-12T00:00,0.071,µg/m³,VOC,N/A
40208,CHAMPLAIN HEIGHTS SCHOOL,"1,2-Dichloroethane",2009-06-18T00:00,0.128,µg/m³,VOC,N/A
40208,CHAMPLAIN HEIGHTS SCHOOL,"1,2-Dichloroethane",2009-06-24T00:00,0.070,µg/m³,VOC,N/A
40208,CHAMPLAIN HEIGHTS SCHOOL,"1,2-Dichloroethane",2009-06-30T00:00,0.058,µg/m³,VOC,N/A
40208,CHAMPLAIN HEIGHTS SCHOOL,"1,2-Dichloroethane",2009-07-06T00:00,0.054,µg/m³,VOC,N/A
40208,CHAMPLAIN HEIGHTS SCHOOL,"1,2-Dichloroethane",2009-07-12T00:00,0.116,µg/m³,VOC,N/A
40208,CHAMPLAIN HEIGHTS SCHOOL,"1,2-Dichloroethane",2009-07-18T00:00,0.079,µg/m³,VOC,N/A
40208,CHAMPLAIN HEIGHTS SCHOOL,"1,2-Dichloroethane",2009-07-24T00:00,0.046,µg/m³,VOC,N/A
40208,CHAMPLAIN HEIGHTS SCHOOL,"1,2-Dichloroethane",2009-07-30T00:00,0.141,µg/m³,VOC,N/A
40208,CHAMPLAIN HEIGHTS SCHOOL,"1,2-Dichloroethane",2009-08-05T00:00,0.152,µg/m³,VOC,N/A
40208,CHAMPLAIN HEIGHTS SCHOOL,"1,2-Dichloroethane",2009-08-11T00:00,0.061,µg/m³,VOC,N/A
40208,CHAMPLAIN HEIGHTS SCHOOL,"1,2-Dichloroethane",2009-08-17T00:00,0.189,µg/m³,VOC,N/A
40208,CHAMPLAIN HEIGHTS SCHOOL,"1,2-Dichloroethane",2009-08-23T00:00,0.039,µg/m³,VOC,N/A
40208,CHAMPLAIN HEIGHTS SCHOOL,"1,2-Dichloroethane",2009-08-29T00:00,0.042,µg/m³,VOC,N/A
40208,CHAMPLAIN HEIGHTS SCHOOL,"1,2-Dichloroethane",2009-09-04T00:00,0.138,µg/m³,VOC,N/A
40208,CHAMPLAIN HEIGHTS SCHOOL,"1,2-Dichloroethane",2009-09-10T00:00,0.084,µg/m³,VOC,N/A
40208,CHAMPLAIN HEIGHTS SCHOOL,"1,2-Dichloroethane",2009-09-16T00:00,0.045,µg/m³,VOC,N/A
40208,CHAMPLAIN HEIGHTS SCHOOL,"1,2-Dichloroethane",2009-09-22T00:00,0.093,µg/m³,VOC,N/A
40208,CHAMPLAIN HEIGHTS SCHOOL,"1,2-Dichloroethane",2009-10-04T00:00,0.044,µg/m³,VOC,N/A
40208,CHAMPLAIN HEIGHTS SCHOOL,"1,2-Dichloroethane",2009-10-10T00:00,0.045,µg/m³,VOC,N/A
40208,CHAMPLAIN HEIGHTS SCHOOL,"1,2-Dichloroethane",2009-10-16T00:00,0.041,µg/m³,VOC,N/A
40208,CHAMPLAIN HEIGHTS SCHOOL,"1,2-Dichloroethane",2009-10-22T00:00,0.045,µg/m³,VOC,N/A
40208,CHAMPLAIN HEIGHTS SCHOOL,"1,2-Dichloroethane",2009-10-28T00:00,0.047,µg/m³,VOC,N/A
40208,CHAMPLAIN HEIGHTS SCHOOL,"1,2-Dichloroethane",2009-11-03T00:00,0.046,µg/m³,VOC,N/A
40208,CHAMPLAIN HEIGHTS SCHOOL,"1,2-Dichloroethane",2009-11-09T00:00,0.090,µg/m³,VOC,N/A
40208,CHAMPLAIN HEIGHTS SCHOOL,"1,2-Dichloroethane",2009-11-15T00:00,0.076,µg/m³,VOC,N/A
40208,CHAMPLAIN HEIGHTS SCHOOL,"1,2-Dichloroethane",2009-11-21T00:00,0.097,µg/m³,VOC,N/A
40208,CHAMPLAIN HEIGHTS SCHOOL,"1,2-Dichloroethane",2009-11-27T00:00,0.063,µg/m³,VOC,N/A
40208,CHAMPLAIN HEIGHTS SCHOOL,"1,2-Dichloroethane",2009-12-03T00:00,0.086,µg/m³,VOC,N/A
40208,CHAMPLAIN HEIGHTS SCHOOL,"1,2-Dichloroethane",2009-12-21T00:00,0.058,µg/m³,VOC,N/A
40208,CHAMPLAIN HEIGHTS SCHOOL,"1,2-Dichloroethane",2009-12-27T00:00,0.060,µg/m³,VOC,N/A
