﻿NAPS_Site_ID,Station_Name,Pollutant,Date,Value,Units,Report_Type,Method
100137,BURNABY NORTH,Dodecane,2010-01-02T00:00,0.229,µg/m³,VOC,GC-MS
100137,BURNABY NORTH,Dodecane,2010-01-08T00:00,0.526,µg/m³,VOC,GC-MS
100137,BURNABY NORTH,Dodecane,2010-01-14T00:00,0.055,µg/m³,VOC,GC-MS
100137,BURNABY NORTH,Dodecane,2010-01-20T00:00,0.198,µg/m³,VOC,GC-MS
100137,BURNABY NORTH,Dodecane,2010-01-26T00:00,0.486,µg/m³,VOC,GC-MS
100137,BURNABY NORTH,Dodecane,2010-02-01T00:00,0.299,µg/m³,VOC,GC-MS
100137,BURNABY NORTH,Dodecane,2010-02-13T00:00,0.071,µg/m³,VOC,GC-MS
100137,BURNABY NORTH,Dodecane,2010-03-03T00:00,0.240,µg/m³,VOC,GC-MS
100137,BURNABY NORTH,Dodecane,2010-03-09T00:00,0.070,µg/m³,VOC,GC-MS
100137,BURNABY NORTH,Dodecane,2010-03-15T00:00,0.179,µg/m³,VOC,GC-MS
100137,BURNABY NORTH,Dodecane,2010-03-21T00:00,0.168,µg/m³,VOC,GC-MS
100137,BURNABY NORTH,Dodecane,2010-03-27T00:00,0.133,µg/m³,VOC,GC-MS
100137,BURNABY NORTH,Dodecane,2010-04-02T00:00,0.067,µg/m³,VOC,GC-MS
100137,BURNABY NORTH,Dodecane,2010-04-08T00:00,0.035,µg/m³,VOC,GC-MS
100137,BURNABY NORTH,Dodecane,2010-04-14T00:00,0.406,µg/m³,VOC,GC-MS
100137,BURNABY NORTH,Dodecane,2010-04-20T00:00,0.231,µg/m³,VOC,GC-MS
100137,BURNABY NORTH,Dodecane,2010-04-26T00:00,0.298,µg/m³,VOC,GC-MS
100137,BURNABY NORTH,Dodecane,2010-05-02T00:00,0.274,µg/m³,VOC,GC-MS
100137,BURNABY NORTH,Dodecane,2010-05-08T00:00,0.302,µg/m³,VOC,GC-MS
100137,BURNABY NORTH,Dodecane,2010-05-14T00:00,0.728,µg/m³,VOC,GC-MS
100137,BURNABY NORTH,Dodecane,2010-05-20T00:00,0.120,µg/m³,VOC,GC-MS
100137,BURNABY NORTH,Dodecane,2010-05-26T00:00,0.451,µg/m³,VOC,GC-MS
100137,BURNABY NORTH,Dodecane,2010-06-01T00:00,0.275,µg/m³,VOC,GC-MS
100137,BURNABY NORTH,Dodecane,2010-06-07T00:00,0.211,µg/m³,VOC,GC-MS
100137,BURNABY NORTH,Dodecane,2010-06-13T00:00,0.192,µg/m³,VOC,GC-MS
100137,BURNABY NORTH,Dodecane,2010-06-19T00:00,0.136,µg/m³,VOC,GC-MS
100137,BURNABY NORTH,Dodecane,2010-06-25T00:00,0.138,µg/m³,VOC,GC-MS
100137,BURNABY NORTH,Dodecane,2010-07-01T00:00,0.190,µg/m³,VOC,GC-MS
100137,BURNABY NORTH,Dodecane,2010-07-07T00:00,0.579,µg/m³,VOC,GC-MS
100137,BURNABY NORTH,Dodecane,2010-07-13T00:00,0.159,µg/m³,VOC,GC-MS
100137,BURNABY NORTH,Dodecane,2010-07-19T00:00,0.285,µg/m³,VOC,GC-MS
100137,BURNABY NORTH,Dodecane,2010-07-25T00:00,1.025,µg/m³,VOC,GC-MS
100137,BURNABY NORTH,Dodecane,2010-07-31T00:00,0.448,µg/m³,VOC,GC-MS
100137,BURNABY NORTH,Dodecane,2010-08-05T00:00,0.271,µg/m³,VOC,GC-MS
100137,BURNABY NORTH,Dodecane,2010-08-06T00:00,0.142,µg/m³,VOC,GC-MS
100137,BURNABY NORTH,Dodecane,2010-08-12T00:00,0.500,µg/m³,VOC,GC-MS
100137,BURNABY NORTH,Dodecane,2010-08-18T00:00,0.204,µg/m³,VOC,GC-MS
100137,BURNABY NORTH,Dodecane,2010-08-24T00:00,0.926,µg/m³,VOC,GC-MS
100137,BURNABY NORTH,Dodecane,2010-08-30T00:00,0.160,µg/m³,VOC,GC-MS
100137,BURNABY NORTH,Dodecane,2010-09-17T00:00,0.398,µg/m³,VOC,GC-MS
100137,BURNABY NORTH,Dodecane,2010-09-23T00:00,0.060,µg/m³,VOC,GC-MS
100137,BURNABY NORTH,Dodecane,2010-09-29T00:00,0.293,µg/m³,VOC,GC-MS
100137,BURNABY NORTH,Dodecane,2010-10-05T00:00,0.197,µg/m³,VOC,GC-MS
100137,BURNABY NORTH,Dodecane,2010-10-11T00:00,0.110,µg/m³,VOC,GC-MS
100137,BURNABY NORTH,Dodecane,2010-10-17T00:00,0.114,µg/m³,VOC,GC-MS
100137,BURNABY NORTH,Dodecane,2010-10-23T00:00,0.238,µg/m³,VOC,GC-MS
100137,BURNABY NORTH,Dodecane,2010-10-29T00:00,0.404,µg/m³,VOC,GC-MS
100137,BURNABY NORTH,Dodecane,2010-11-04T00:00,0.210,µg/m³,VOC,GC-MS
100137,BURNABY NORTH,Dodecane,2010-11-04T00:00,0.557,µg/m³,VOC,GC-MS
100137,BURNABY NORTH,Dodecane,2010-11-22T00:00,0.061,µg/m³,VOC,GC-MS
100137,BURNABY NORTH,Dodecane,2010-11-28T00:00,0.143,µg/m³,VOC,GC-MS
100137,BURNABY NORTH,Dodecane,2010-12-04T00:00,0.097,µg/m³,VOC,GC-MS
100137,BURNABY NORTH,Dodecane,2010-12-10T00:00,0.250,µg/m³,VOC,GC-MS
100137,BURNABY NORTH,Dodecane,2010-12-16T00:00,0.109,µg/m³,VOC,GC-MS
100137,BURNABY NORTH,Dodecane,2010-12-22T00:00,0.110,µg/m³,VOC,GC-MS
100137,BURNABY NORTH,Dodecane,2010-12-28T00:00,0.168,µg/m³,VOC,GC-MS
