﻿NAPS_Site_ID,Station_Name,Pollutant,Date,Value,Units,Report_Type,Method
70119,ELLEN,"1,3-Butadiene",2022-10-20T00:00,0.040,µg/m³,VOC,GC-MS
70119,ELLEN,"1,3-Butadiene",2022-10-26T00:00,0.018,µg/m³,VOC,GC-MS
70119,ELLEN,"1,3-Butadiene",2022-11-01T00:00,0.044,µg/m³,VOC,GC-MS
70119,ELLEN,"1,3-Butadiene",2022-11-07T00:00,0.034,µg/m³,VOC,GC-MS
70119,ELLEN,"1,3-Butadiene",2022-11-13T00:00,0.042,µg/m³,VOC,GC-MS
70119,ELLEN,"1,3-Butadiene",2022-11-19T00:00,0.022,µg/m³,VOC,GC-MS
70119,ELLEN,"1,3-Butadiene",2022-12-01T00:00,0.042,µg/m³,VOC,GC-MS
