﻿NAPS_Site_ID,Station_Name,Pollutant,Date,Value,Units,Report_Type,Method
61007,AAMJIWNAANG,"2,4-Dimethylpentane",2009-01-07T00:00,0.096,µg/m³,VOC,N/A
61007,AAMJIWNAANG,"2,4-Dimethylpentane",2009-01-19T00:00,0.082,µg/m³,VOC,N/A
61007,AAMJIWNAANG,"2,4-Dimethylpentane",2009-01-31T00:00,0.048,µg/m³,VOC,N/A
61007,AAMJIWNAANG,"2,4-Dimethylpentane",2009-02-12T00:00,0.072,µg/m³,VOC,N/A
61007,AAMJIWNAANG,"2,4-Dimethylpentane",2009-02-24T00:00,0.068,µg/m³,VOC,N/A
61007,AAMJIWNAANG,"2,4-Dimethylpentane",2009-03-08T00:00,0.066,µg/m³,VOC,N/A
61007,AAMJIWNAANG,"2,4-Dimethylpentane",2009-03-20T00:00,0.026,µg/m³,VOC,N/A
61007,AAMJIWNAANG,"2,4-Dimethylpentane",2009-04-01T00:00,0.035,µg/m³,VOC,N/A
61007,AAMJIWNAANG,"2,4-Dimethylpentane",2009-04-13T00:00,0.046,µg/m³,VOC,N/A
61007,AAMJIWNAANG,"2,4-Dimethylpentane",2009-04-25T00:00,0.082,µg/m³,VOC,N/A
61007,AAMJIWNAANG,"2,4-Dimethylpentane",2009-05-07T00:00,0.052,µg/m³,VOC,N/A
61007,AAMJIWNAANG,"2,4-Dimethylpentane",2009-05-19T00:00,0.028,µg/m³,VOC,N/A
61007,AAMJIWNAANG,"2,4-Dimethylpentane",2009-05-31T00:00,0.114,µg/m³,VOC,N/A
61007,AAMJIWNAANG,"2,4-Dimethylpentane",2009-06-12T00:00,0.238,µg/m³,VOC,N/A
61007,AAMJIWNAANG,"2,4-Dimethylpentane",2009-07-06T00:00,0.083,µg/m³,VOC,N/A
61007,AAMJIWNAANG,"2,4-Dimethylpentane",2009-07-18T00:00,0.058,µg/m³,VOC,N/A
61007,AAMJIWNAANG,"2,4-Dimethylpentane",2009-07-30T00:00,0.086,µg/m³,VOC,N/A
61007,AAMJIWNAANG,"2,4-Dimethylpentane",2009-08-11T00:00,0.171,µg/m³,VOC,N/A
61007,AAMJIWNAANG,"2,4-Dimethylpentane",2009-08-23T00:00,0.118,µg/m³,VOC,N/A
61007,AAMJIWNAANG,"2,4-Dimethylpentane",2009-09-04T00:00,0.074,µg/m³,VOC,N/A
61007,AAMJIWNAANG,"2,4-Dimethylpentane",2009-09-16T00:00,0.042,µg/m³,VOC,N/A
61007,AAMJIWNAANG,"2,4-Dimethylpentane",2009-09-28T00:00,0.085,µg/m³,VOC,N/A
61007,AAMJIWNAANG,"2,4-Dimethylpentane",2009-10-10T00:00,0.032,µg/m³,VOC,N/A
61007,AAMJIWNAANG,"2,4-Dimethylpentane",2009-10-22T00:00,0.050,µg/m³,VOC,N/A
61007,AAMJIWNAANG,"2,4-Dimethylpentane",2009-11-03T00:00,0.048,µg/m³,VOC,N/A
61007,AAMJIWNAANG,"2,4-Dimethylpentane",2009-11-15T00:00,0.110,µg/m³,VOC,N/A
61007,AAMJIWNAANG,"2,4-Dimethylpentane",2009-11-27T00:00,0.012,µg/m³,VOC,N/A
61007,AAMJIWNAANG,"2,4-Dimethylpentane",2009-12-09T00:00,0.035,µg/m³,VOC,N/A
61007,AAMJIWNAANG,"2,4-Dimethylpentane",2009-12-21T00:00,0.047,µg/m³,VOC,N/A
