﻿NAPS_Site_ID,Station_Name,Pollutant,Date,Value,Units,Report_Type,Method
60429,JUDSON ST. & ETONA CT. _ETOBICOKE_ (moved to kipling),Cyclopentane,2001-08-11T00:00,0.230,µg/m³,VOC,N/A
60429,JUDSON ST. & ETONA CT. _ETOBICOKE_ (moved to kipling),Cyclopentane,2001-08-17T00:00,0.260,µg/m³,VOC,N/A
60429,JUDSON ST. & ETONA CT. _ETOBICOKE_ (moved to kipling),Cyclopentane,2001-08-23T00:00,0.430,µg/m³,VOC,N/A
60429,JUDSON ST. & ETONA CT. _ETOBICOKE_ (moved to kipling),Cyclopentane,2001-08-29T00:00,0.340,µg/m³,VOC,N/A
60429,JUDSON ST. & ETONA CT. _ETOBICOKE_ (moved to kipling),Cyclopentane,2001-09-04T00:00,0.150,µg/m³,VOC,N/A
60429,JUDSON ST. & ETONA CT. _ETOBICOKE_ (moved to kipling),Cyclopentane,2001-09-10T00:00,0.170,µg/m³,VOC,N/A
60429,JUDSON ST. & ETONA CT. _ETOBICOKE_ (moved to kipling),Cyclopentane,2001-09-16T00:00,0.250,µg/m³,VOC,N/A
60429,JUDSON ST. & ETONA CT. _ETOBICOKE_ (moved to kipling),Cyclopentane,2001-09-22T00:00,0.430,µg/m³,VOC,N/A
60429,JUDSON ST. & ETONA CT. _ETOBICOKE_ (moved to kipling),Cyclopentane,2001-09-28T00:00,0.230,µg/m³,VOC,N/A
60429,JUDSON ST. & ETONA CT. _ETOBICOKE_ (moved to kipling),Cyclopentane,2001-10-04T00:00,0.140,µg/m³,VOC,N/A
60429,JUDSON ST. & ETONA CT. _ETOBICOKE_ (moved to kipling),Cyclopentane,2001-10-10T00:00,0.370,µg/m³,VOC,N/A
60429,JUDSON ST. & ETONA CT. _ETOBICOKE_ (moved to kipling),Cyclopentane,2001-10-16T00:00,0.210,µg/m³,VOC,N/A
60429,JUDSON ST. & ETONA CT. _ETOBICOKE_ (moved to kipling),Cyclopentane,2001-10-22T00:00,0.550,µg/m³,VOC,N/A
60429,JUDSON ST. & ETONA CT. _ETOBICOKE_ (moved to kipling),Cyclopentane,2001-10-28T00:00,0.120,µg/m³,VOC,N/A
60429,JUDSON ST. & ETONA CT. _ETOBICOKE_ (moved to kipling),Cyclopentane,2001-11-03T00:00,0.220,µg/m³,VOC,N/A
60429,JUDSON ST. & ETONA CT. _ETOBICOKE_ (moved to kipling),Cyclopentane,2001-11-09T00:00,0.150,µg/m³,VOC,N/A
60429,JUDSON ST. & ETONA CT. _ETOBICOKE_ (moved to kipling),Cyclopentane,2001-11-15T00:00,0.220,µg/m³,VOC,N/A
60429,JUDSON ST. & ETONA CT. _ETOBICOKE_ (moved to kipling),Cyclopentane,2001-11-21T00:00,0.220,µg/m³,VOC,N/A
60429,JUDSON ST. & ETONA CT. _ETOBICOKE_ (moved to kipling),Cyclopentane,2001-11-27T00:00,0.190,µg/m³,VOC,N/A
60429,JUDSON ST. & ETONA CT. _ETOBICOKE_ (moved to kipling),Cyclopentane,2001-12-03T00:00,0.380,µg/m³,VOC,N/A
60429,JUDSON ST. & ETONA CT. _ETOBICOKE_ (moved to kipling),Cyclopentane,2001-12-09T00:00,0.250,µg/m³,VOC,N/A
60429,JUDSON ST. & ETONA CT. _ETOBICOKE_ (moved to kipling),Cyclopentane,2001-12-15T00:00,0.330,µg/m³,VOC,N/A
60429,JUDSON ST. & ETONA CT. _ETOBICOKE_ (moved to kipling),Cyclopentane,2001-12-21T00:00,0.230,µg/m³,VOC,N/A
60429,JUDSON ST. & ETONA CT. _ETOBICOKE_ (moved to kipling),Cyclopentane,2001-12-27T00:00,0.160,µg/m³,VOC,N/A
