﻿NAPS_Site_ID,Station_Name,Pollutant,Date,Value,Units,Report_Type,Method
64601,PT. PETRE,H6CDD,2003-03-10T00:00,0.029,pg/m³,PCDD,N/A
64601,PT. PETRE,H6CDD,2003-04-03T00:00,0.123,pg/m³,PCDD,N/A
64601,PT. PETRE,H6CDD,2003-04-27T00:00,0.063,pg/m³,PCDD,N/A
64601,PT. PETRE,H6CDD,2003-05-21T00:00,0.032,pg/m³,PCDD,N/A
64601,PT. PETRE,H6CDD,2003-06-14T00:00,0.037,pg/m³,PCDD,N/A
64601,PT. PETRE,H6CDD,2003-08-01T00:00,0.028,pg/m³,PCDD,N/A
64601,PT. PETRE,H6CDD,2003-09-18T00:00,0.032,pg/m³,PCDD,N/A
64601,PT. PETRE,H6CDD,2003-12-23T00:00,0.115,pg/m³,PCDD,N/A
