﻿NAPS_Site_ID,Station_Name,Pollutant,Date,Value,Units,Report_Type,Method
90228,CALGARY CENTRAL-2,"cis-1,2-Dimethylcyclohexane",2015-01-05T19:00,0.015,µg/m³,VOC,GC-MS
90228,CALGARY CENTRAL-2,"cis-1,2-Dimethylcyclohexane",2015-01-11T19:00,0.015,µg/m³,VOC,GC-MS
90228,CALGARY CENTRAL-2,"cis-1,2-Dimethylcyclohexane",2015-01-17T19:00,0.009,µg/m³,VOC,GC-MS
90228,CALGARY CENTRAL-2,"cis-1,2-Dimethylcyclohexane",2015-01-23T19:00,0.007,µg/m³,VOC,GC-MS
90228,CALGARY CENTRAL-2,"cis-1,2-Dimethylcyclohexane",2015-01-29T19:00,0.014,µg/m³,VOC,GC-MS
90228,CALGARY CENTRAL-2,"cis-1,2-Dimethylcyclohexane",2015-02-04T19:00,0.014,µg/m³,VOC,GC-MS
90228,CALGARY CENTRAL-2,"cis-1,2-Dimethylcyclohexane",2015-02-10T19:00,0.013,µg/m³,VOC,GC-MS
90228,CALGARY CENTRAL-2,"cis-1,2-Dimethylcyclohexane",2015-02-16T19:00,0.014,µg/m³,VOC,GC-MS
90228,CALGARY CENTRAL-2,"cis-1,2-Dimethylcyclohexane",2015-02-22T19:00,0.009,µg/m³,VOC,GC-MS
90228,CALGARY CENTRAL-2,"cis-1,2-Dimethylcyclohexane",2015-02-28T19:00,0.007,µg/m³,VOC,GC-MS
90228,CALGARY CENTRAL-2,"cis-1,2-Dimethylcyclohexane",2015-03-06T19:00,0.009,µg/m³,VOC,GC-MS
90228,CALGARY CENTRAL-2,"cis-1,2-Dimethylcyclohexane",2015-03-12T20:00,0.011,µg/m³,VOC,GC-MS
90228,CALGARY CENTRAL-2,"cis-1,2-Dimethylcyclohexane",2015-03-18T20:00,0.013,µg/m³,VOC,GC-MS
90228,CALGARY CENTRAL-2,"cis-1,2-Dimethylcyclohexane",2015-03-24T20:00,0.008,µg/m³,VOC,GC-MS
