﻿NAPS_Site_ID,Station_Name,Pollutant,Date,Value,Units,Report_Type,Method
101301,LANGLEY CENTRAL,"1,3-Diethylbenzene",1993-07-12T00:00,0.063,µg/m³,VOC,
101301,LANGLEY CENTRAL,"1,3-Diethylbenzene",1993-07-18T00:00,0.000,µg/m³,VOC,
101301,LANGLEY CENTRAL,"1,3-Diethylbenzene",1993-07-30T00:00,0.025,µg/m³,VOC,
101301,LANGLEY CENTRAL,"1,3-Diethylbenzene",1993-08-02T00:00,0.042,µg/m³,VOC,
101301,LANGLEY CENTRAL,"1,3-Diethylbenzene",1993-08-04T00:00,0.035,µg/m³,VOC,
101301,LANGLEY CENTRAL,"1,3-Diethylbenzene",1993-11-03T00:00,0.042,µg/m³,VOC,
101301,LANGLEY CENTRAL,"1,3-Diethylbenzene",1993-12-09T00:00,0.000,µg/m³,VOC,
