﻿NAPS_Site_ID,Station_Name,Pollutant,Date,Value,Units,Report_Type,Method
90121,EDMONTON EAST,Ethane,2015-01-05T19:00,12.562,µg/m³,VOC,GC-FID
90121,EDMONTON EAST,Ethane,2015-01-11T19:00,44.735,µg/m³,VOC,GC-FID
90121,EDMONTON EAST,Ethane,2015-01-17T19:00,25.699,µg/m³,VOC,GC-FID
90121,EDMONTON EAST,Ethane,2015-01-23T19:00,8.143,µg/m³,VOC,GC-FID
90121,EDMONTON EAST,Ethane,2015-01-29T19:00,21.922,µg/m³,VOC,GC-FID
90121,EDMONTON EAST,Ethane,2015-02-04T19:00,8.629,µg/m³,VOC,GC-FID
90121,EDMONTON EAST,Ethane,2015-02-10T19:00,7.013,µg/m³,VOC,GC-FID
90121,EDMONTON EAST,Ethane,2015-02-28T19:00,9.536,µg/m³,VOC,GC-FID
90121,EDMONTON EAST,Ethane,2015-03-06T19:00,9.653,µg/m³,VOC,GC-FID
90121,EDMONTON EAST,Ethane,2015-03-12T20:00,8.611,µg/m³,VOC,GC-FID
90121,EDMONTON EAST,Ethane,2015-03-18T20:00,14.537,µg/m³,VOC,GC-FID
90121,EDMONTON EAST,Ethane,2015-03-24T20:00,19.653,µg/m³,VOC,GC-FID
90121,EDMONTON EAST,Ethane,2015-03-30T20:00,5.719,µg/m³,VOC,GC-FID
90121,EDMONTON EAST,Ethane,2015-04-05T20:00,4.296,µg/m³,VOC,GC-FID
90121,EDMONTON EAST,Ethane,2015-04-11T20:00,5.774,µg/m³,VOC,GC-FID
90121,EDMONTON EAST,Ethane,2015-04-17T20:00,3.691,µg/m³,VOC,GC-FID
90121,EDMONTON EAST,Ethane,2015-04-23T20:00,9.355,µg/m³,VOC,GC-FID
90121,EDMONTON EAST,Ethane,2015-04-29T20:00,7.579,µg/m³,VOC,GC-FID
90121,EDMONTON EAST,Ethane,2015-05-05T20:00,2.926,µg/m³,VOC,GC-FID
90121,EDMONTON EAST,Ethane,2015-05-11T20:00,3.548,µg/m³,VOC,GC-FID
90121,EDMONTON EAST,Ethane,2015-05-17T20:00,3.142,µg/m³,VOC,GC-FID
90121,EDMONTON EAST,Ethane,2015-05-23T20:00,13.878,µg/m³,VOC,GC-FID
90121,EDMONTON EAST,Ethane,2015-05-29T20:00,3.519,µg/m³,VOC,GC-FID
90121,EDMONTON EAST,Ethane,2015-06-04T20:00,5.545,µg/m³,VOC,GC-FID
90121,EDMONTON EAST,Ethane,2015-06-10T20:00,7.838,µg/m³,VOC,GC-FID
90121,EDMONTON EAST,Ethane,2015-06-16T20:00,6.195,µg/m³,VOC,GC-FID
90121,EDMONTON EAST,Ethane,2015-06-22T20:00,5.687,µg/m³,VOC,GC-FID
90121,EDMONTON EAST,Ethane,2015-06-28T20:00,6.980,µg/m³,VOC,GC-FID
90121,EDMONTON EAST,Ethane,2015-07-04T20:00,3.613,µg/m³,VOC,GC-FID
90121,EDMONTON EAST,Ethane,2015-07-10T20:00,12.562,µg/m³,VOC,GC-FID
90121,EDMONTON EAST,Ethane,2015-07-16T20:00,3.206,µg/m³,VOC,GC-FID
90121,EDMONTON EAST,Ethane,2015-07-22T20:00,6.151,µg/m³,VOC,GC-FID
90121,EDMONTON EAST,Ethane,2015-07-28T20:00,5.180,µg/m³,VOC,GC-FID
90121,EDMONTON EAST,Ethane,2015-08-03T20:00,4.800,µg/m³,VOC,GC-FID
90121,EDMONTON EAST,Ethane,2015-08-09T20:00,6.544,µg/m³,VOC,GC-FID
90121,EDMONTON EAST,Ethane,2015-08-15T20:00,5.772,µg/m³,VOC,GC-FID
90121,EDMONTON EAST,Ethane,2015-08-21T20:00,3.904,µg/m³,VOC,GC-FID
90121,EDMONTON EAST,Ethane,2015-08-27T20:00,12.594,µg/m³,VOC,GC-FID
90121,EDMONTON EAST,Ethane,2015-09-02T20:00,6.248,µg/m³,VOC,GC-FID
90121,EDMONTON EAST,Ethane,2015-09-08T20:00,10.084,µg/m³,VOC,GC-FID
90121,EDMONTON EAST,Ethane,2015-09-14T20:00,7.390,µg/m³,VOC,GC-FID
90121,EDMONTON EAST,Ethane,2015-09-20T20:00,6.648,µg/m³,VOC,GC-FID
90121,EDMONTON EAST,Ethane,2015-09-26T20:00,5.469,µg/m³,VOC,GC-FID
90121,EDMONTON EAST,Ethane,2015-10-02T20:00,3.243,µg/m³,VOC,GC-FID
90121,EDMONTON EAST,Ethane,2015-10-08T20:00,8.078,µg/m³,VOC,GC-FID
90121,EDMONTON EAST,Ethane,2015-10-14T20:00,8.480,µg/m³,VOC,GC-FID
90121,EDMONTON EAST,Ethane,2015-10-20T20:00,7.518,µg/m³,VOC,GC-FID
90121,EDMONTON EAST,Ethane,2015-10-26T20:00,3.654,µg/m³,VOC,GC-FID
90121,EDMONTON EAST,Ethane,2015-11-01T19:00,6.128,µg/m³,VOC,GC-FID
90121,EDMONTON EAST,Ethane,2015-11-07T19:00,16.112,µg/m³,VOC,GC-FID
90121,EDMONTON EAST,Ethane,2015-11-13T19:00,6.727,µg/m³,VOC,GC-FID
90121,EDMONTON EAST,Ethane,2015-11-19T19:00,7.951,µg/m³,VOC,GC-FID
90121,EDMONTON EAST,Ethane,2015-11-25T19:00,17.658,µg/m³,VOC,GC-FID
90121,EDMONTON EAST,Ethane,2015-12-01T19:00,9.645,µg/m³,VOC,GC-FID
90121,EDMONTON EAST,Ethane,2015-12-07T19:00,11.392,µg/m³,VOC,GC-FID
90121,EDMONTON EAST,Ethane,2015-12-13T19:00,16.148,µg/m³,VOC,GC-FID
90121,EDMONTON EAST,Ethane,2015-12-19T19:00,28.516,µg/m³,VOC,GC-FID
90121,EDMONTON EAST,Ethane,2015-12-25T19:00,18.934,µg/m³,VOC,GC-FID
