﻿NAPS_Site_ID,Station_Name,Pollutant,Date,Value,Units,Report_Type,Method
90227,CALGARY CENTRAL,Benz(a)Anthracene,2006-10-08T00:00,0.000,µg/m³,PAH,GC-MS
90227,CALGARY CENTRAL,Benz(a)Anthracene,2006-10-14T00:00,0.000,µg/m³,PAH,GC-MS
90227,CALGARY CENTRAL,Benz(a)Anthracene,2006-10-20T00:00,0.000,µg/m³,PAH,GC-MS
90227,CALGARY CENTRAL,Benz(a)Anthracene,2006-10-26T00:00,0.000,µg/m³,PAH,GC-MS
90227,CALGARY CENTRAL,Benz(a)Anthracene,2006-11-01T00:00,0.000,µg/m³,PAH,GC-MS
90227,CALGARY CENTRAL,Benz(a)Anthracene,2006-11-07T00:00,0.000,µg/m³,PAH,GC-MS
90227,CALGARY CENTRAL,Benz(a)Anthracene,2006-11-13T00:00,0.000,µg/m³,PAH,GC-MS
90227,CALGARY CENTRAL,Benz(a)Anthracene,2006-11-19T00:00,0.000,µg/m³,PAH,GC-MS
90227,CALGARY CENTRAL,Benz(a)Anthracene,2006-11-25T00:00,0.000,µg/m³,PAH,GC-MS
90227,CALGARY CENTRAL,Benz(a)Anthracene,2006-12-01T00:00,0.000,µg/m³,PAH,GC-MS
90227,CALGARY CENTRAL,Benz(a)Anthracene,2006-12-07T00:00,0.000,µg/m³,PAH,GC-MS
90227,CALGARY CENTRAL,Benz(a)Anthracene,2006-12-13T00:00,0.000,µg/m³,PAH,GC-MS
90227,CALGARY CENTRAL,Benz(a)Anthracene,2006-12-19T00:00,0.000,µg/m³,PAH,GC-MS
90227,CALGARY CENTRAL,Benz(a)Anthracene,2006-12-25T00:00,0.000,µg/m³,PAH,GC-MS
90227,CALGARY CENTRAL,Benz(a)Anthracene,2006-12-31T00:00,0.000,µg/m³,PAH,GC-MS
