﻿NAPS_Site_ID,Station_Name,Pollutant,Date,Value,Units,Report_Type,Method
60418,JUNCTION TRIANGLE,A-Pinene,2003-01-09T00:00,0.018,µg/m³,VOC,GC-MS
60418,JUNCTION TRIANGLE,A-Pinene,2003-01-21T00:00,0.023,µg/m³,VOC,GC-MS
60418,JUNCTION TRIANGLE,A-Pinene,2003-02-02T00:00,0.031,µg/m³,VOC,GC-MS
60418,JUNCTION TRIANGLE,A-Pinene,2003-02-08T00:00,0.011,µg/m³,VOC,GC-MS
60418,JUNCTION TRIANGLE,A-Pinene,2003-02-14T00:00,0.022,µg/m³,VOC,GC-MS
60418,JUNCTION TRIANGLE,A-Pinene,2003-02-20T00:00,0.042,µg/m³,VOC,GC-MS
60418,JUNCTION TRIANGLE,A-Pinene,2003-02-26T00:00,0.228,µg/m³,VOC,GC-MS
60418,JUNCTION TRIANGLE,A-Pinene,2003-03-04T00:00,0.069,µg/m³,VOC,GC-MS
60418,JUNCTION TRIANGLE,A-Pinene,2003-03-10T00:00,0.016,µg/m³,VOC,GC-MS
60418,JUNCTION TRIANGLE,A-Pinene,2003-03-16T00:00,0.319,µg/m³,VOC,GC-MS
60418,JUNCTION TRIANGLE,A-Pinene,2003-03-22T00:00,0.096,µg/m³,VOC,GC-MS
60418,JUNCTION TRIANGLE,A-Pinene,2003-03-28T00:00,0.066,µg/m³,VOC,GC-MS
60418,JUNCTION TRIANGLE,A-Pinene,2003-04-03T00:00,0.060,µg/m³,VOC,GC-MS
