﻿NAPS_Site_ID,Station_Name,Pollutant,Date,Value,Units,Report_Type,Method
90228,CALGARY CENTRAL-2,"1,2,3-Trimethylbenzene",2008-12-31T19:00,0.141,µg/m³,VOC,GC-MS
90228,CALGARY CENTRAL-2,"1,2,3-Trimethylbenzene",2009-01-06T19:00,0.125,µg/m³,VOC,GC-MS
90228,CALGARY CENTRAL-2,"1,2,3-Trimethylbenzene",2009-01-12T19:00,0.058,µg/m³,VOC,GC-MS
90228,CALGARY CENTRAL-2,"1,2,3-Trimethylbenzene",2009-01-18T19:00,0.058,µg/m³,VOC,GC-MS
90228,CALGARY CENTRAL-2,"1,2,3-Trimethylbenzene",2009-01-24T19:00,0.031,µg/m³,VOC,GC-MS
90228,CALGARY CENTRAL-2,"1,2,3-Trimethylbenzene",2009-01-30T19:00,0.021,µg/m³,VOC,GC-MS
90228,CALGARY CENTRAL-2,"1,2,3-Trimethylbenzene",2009-02-05T19:00,0.092,µg/m³,VOC,GC-MS
90228,CALGARY CENTRAL-2,"1,2,3-Trimethylbenzene",2009-02-11T19:00,0.093,µg/m³,VOC,GC-MS
90228,CALGARY CENTRAL-2,"1,2,3-Trimethylbenzene",2009-02-17T19:00,0.183,µg/m³,VOC,GC-MS
90228,CALGARY CENTRAL-2,"1,2,3-Trimethylbenzene",2009-02-23T19:00,0.065,µg/m³,VOC,GC-MS
90228,CALGARY CENTRAL-2,"1,2,3-Trimethylbenzene",2009-03-01T19:00,0.252,µg/m³,VOC,GC-MS
90228,CALGARY CENTRAL-2,"1,2,3-Trimethylbenzene",2009-03-07T19:00,0.023,µg/m³,VOC,GC-MS
90228,CALGARY CENTRAL-2,"1,2,3-Trimethylbenzene",2009-03-13T20:00,0.134,µg/m³,VOC,GC-MS
90228,CALGARY CENTRAL-2,"1,2,3-Trimethylbenzene",2009-03-19T20:00,0.099,µg/m³,VOC,GC-MS
90228,CALGARY CENTRAL-2,"1,2,3-Trimethylbenzene",2009-03-25T20:00,0.015,µg/m³,VOC,GC-MS
90228,CALGARY CENTRAL-2,"1,2,3-Trimethylbenzene",2009-03-31T20:00,0.060,µg/m³,VOC,GC-MS
90228,CALGARY CENTRAL-2,"1,2,3-Trimethylbenzene",2009-04-06T20:00,0.099,µg/m³,VOC,GC-MS
90228,CALGARY CENTRAL-2,"1,2,3-Trimethylbenzene",2009-04-12T20:00,0.032,µg/m³,VOC,GC-MS
90228,CALGARY CENTRAL-2,"1,2,3-Trimethylbenzene",2009-04-18T20:00,0.019,µg/m³,VOC,GC-MS
90228,CALGARY CENTRAL-2,"1,2,3-Trimethylbenzene",2009-04-24T20:00,0.046,µg/m³,VOC,GC-MS
90228,CALGARY CENTRAL-2,"1,2,3-Trimethylbenzene",2009-04-30T20:00,0.035,µg/m³,VOC,GC-MS
90228,CALGARY CENTRAL-2,"1,2,3-Trimethylbenzene",2009-05-06T20:00,0.082,µg/m³,VOC,GC-MS
90228,CALGARY CENTRAL-2,"1,2,3-Trimethylbenzene",2009-05-12T20:00,0.051,µg/m³,VOC,GC-MS
90228,CALGARY CENTRAL-2,"1,2,3-Trimethylbenzene",2009-05-18T20:00,0.049,µg/m³,VOC,GC-MS
90228,CALGARY CENTRAL-2,"1,2,3-Trimethylbenzene",2009-05-24T20:00,0.054,µg/m³,VOC,GC-MS
90228,CALGARY CENTRAL-2,"1,2,3-Trimethylbenzene",2009-05-30T20:00,0.040,µg/m³,VOC,GC-MS
90228,CALGARY CENTRAL-2,"1,2,3-Trimethylbenzene",2009-06-05T20:00,0.045,µg/m³,VOC,GC-MS
90228,CALGARY CENTRAL-2,"1,2,3-Trimethylbenzene",2009-06-11T20:00,0.080,µg/m³,VOC,GC-MS
90228,CALGARY CENTRAL-2,"1,2,3-Trimethylbenzene",2009-06-17T20:00,0.089,µg/m³,VOC,GC-MS
90228,CALGARY CENTRAL-2,"1,2,3-Trimethylbenzene",2009-06-23T20:00,0.053,µg/m³,VOC,GC-MS
90228,CALGARY CENTRAL-2,"1,2,3-Trimethylbenzene",2009-06-29T20:00,0.073,µg/m³,VOC,GC-MS
90228,CALGARY CENTRAL-2,"1,2,3-Trimethylbenzene",2009-07-05T20:00,0.078,µg/m³,VOC,GC-MS
90228,CALGARY CENTRAL-2,"1,2,3-Trimethylbenzene",2009-07-17T20:00,0.080,µg/m³,VOC,GC-MS
90228,CALGARY CENTRAL-2,"1,2,3-Trimethylbenzene",2009-07-29T20:00,0.051,µg/m³,VOC,GC-MS
90228,CALGARY CENTRAL-2,"1,2,3-Trimethylbenzene",2009-08-10T20:00,0.093,µg/m³,VOC,GC-MS
90228,CALGARY CENTRAL-2,"1,2,3-Trimethylbenzene",2009-08-16T20:00,0.060,µg/m³,VOC,GC-MS
90228,CALGARY CENTRAL-2,"1,2,3-Trimethylbenzene",2009-08-22T20:00,0.039,µg/m³,VOC,GC-MS
90228,CALGARY CENTRAL-2,"1,2,3-Trimethylbenzene",2009-08-28T20:00,0.069,µg/m³,VOC,GC-MS
90228,CALGARY CENTRAL-2,"1,2,3-Trimethylbenzene",2009-09-03T20:00,0.039,µg/m³,VOC,GC-MS
90228,CALGARY CENTRAL-2,"1,2,3-Trimethylbenzene",2009-09-09T20:00,0.045,µg/m³,VOC,GC-MS
90228,CALGARY CENTRAL-2,"1,2,3-Trimethylbenzene",2009-09-15T20:00,0.108,µg/m³,VOC,GC-MS
90228,CALGARY CENTRAL-2,"1,2,3-Trimethylbenzene",2009-09-21T20:00,0.101,µg/m³,VOC,GC-MS
90228,CALGARY CENTRAL-2,"1,2,3-Trimethylbenzene",2009-09-27T20:00,0.016,µg/m³,VOC,GC-MS
90228,CALGARY CENTRAL-2,"1,2,3-Trimethylbenzene",2009-10-03T20:00,0.014,µg/m³,VOC,GC-MS
90228,CALGARY CENTRAL-2,"1,2,3-Trimethylbenzene",2009-10-09T20:00,0.000,µg/m³,VOC,GC-MS
90228,CALGARY CENTRAL-2,"1,2,3-Trimethylbenzene",2009-10-15T20:00,0.697,µg/m³,VOC,GC-MS
90228,CALGARY CENTRAL-2,"1,2,3-Trimethylbenzene",2009-10-21T20:00,0.316,µg/m³,VOC,GC-MS
90228,CALGARY CENTRAL-2,"1,2,3-Trimethylbenzene",2009-10-27T20:00,0.132,µg/m³,VOC,GC-MS
90228,CALGARY CENTRAL-2,"1,2,3-Trimethylbenzene",2009-11-02T19:00,0.104,µg/m³,VOC,GC-MS
90228,CALGARY CENTRAL-2,"1,2,3-Trimethylbenzene",2009-11-08T19:00,0.111,µg/m³,VOC,GC-MS
90228,CALGARY CENTRAL-2,"1,2,3-Trimethylbenzene",2009-11-14T19:00,0.040,µg/m³,VOC,GC-MS
90228,CALGARY CENTRAL-2,"1,2,3-Trimethylbenzene",2009-11-20T19:00,0.080,µg/m³,VOC,GC-MS
90228,CALGARY CENTRAL-2,"1,2,3-Trimethylbenzene",2009-11-26T19:00,0.163,µg/m³,VOC,GC-MS
90228,CALGARY CENTRAL-2,"1,2,3-Trimethylbenzene",2009-12-02T19:00,0.190,µg/m³,VOC,GC-MS
90228,CALGARY CENTRAL-2,"1,2,3-Trimethylbenzene",2009-12-08T19:00,0.061,µg/m³,VOC,GC-MS
90228,CALGARY CENTRAL-2,"1,2,3-Trimethylbenzene",2009-12-14T19:00,0.732,µg/m³,VOC,GC-MS
90228,CALGARY CENTRAL-2,"1,2,3-Trimethylbenzene",2009-12-20T19:00,0.040,µg/m³,VOC,GC-MS
90228,CALGARY CENTRAL-2,"1,2,3-Trimethylbenzene",2009-12-26T19:00,0.049,µg/m³,VOC,GC-MS
