﻿NAPS_Site_ID,Station_Name,Pollutant,Date,Value,Units,Report_Type,Method
60435,ETOBICOKE SOUTH-2,"2,2-Dimethylbutane",2015-01-05T19:00,0.042,µg/m³,VOC,GC-MS
60435,ETOBICOKE SOUTH-2,"2,2-Dimethylbutane",2015-01-11T19:00,0.048,µg/m³,VOC,GC-MS
60435,ETOBICOKE SOUTH-2,"2,2-Dimethylbutane",2015-01-17T19:00,0.048,µg/m³,VOC,GC-MS
60435,ETOBICOKE SOUTH-2,"2,2-Dimethylbutane",2015-01-23T19:00,0.044,µg/m³,VOC,GC-MS
60435,ETOBICOKE SOUTH-2,"2,2-Dimethylbutane",2015-01-29T19:00,0.046,µg/m³,VOC,GC-MS
60435,ETOBICOKE SOUTH-2,"2,2-Dimethylbutane",2015-02-10T19:00,0.062,µg/m³,VOC,GC-MS
60435,ETOBICOKE SOUTH-2,"2,2-Dimethylbutane",2015-02-16T19:00,0.072,µg/m³,VOC,GC-MS
60435,ETOBICOKE SOUTH-2,"2,2-Dimethylbutane",2015-02-22T19:00,0.040,µg/m³,VOC,GC-MS
60435,ETOBICOKE SOUTH-2,"2,2-Dimethylbutane",2015-02-28T19:00,0.084,µg/m³,VOC,GC-MS
60435,ETOBICOKE SOUTH-2,"2,2-Dimethylbutane",2015-03-06T19:00,0.035,µg/m³,VOC,GC-MS
60435,ETOBICOKE SOUTH-2,"2,2-Dimethylbutane",2015-03-12T20:00,0.032,µg/m³,VOC,GC-MS
60435,ETOBICOKE SOUTH-2,"2,2-Dimethylbutane",2015-03-18T20:00,0.055,µg/m³,VOC,GC-MS
60435,ETOBICOKE SOUTH-2,"2,2-Dimethylbutane",2015-03-24T20:00,0.050,µg/m³,VOC,GC-MS
60435,ETOBICOKE SOUTH-2,"2,2-Dimethylbutane",2015-03-30T20:00,0.062,µg/m³,VOC,GC-MS
60435,ETOBICOKE SOUTH-2,"2,2-Dimethylbutane",2015-04-05T20:00,0.027,µg/m³,VOC,GC-MS
60435,ETOBICOKE SOUTH-2,"2,2-Dimethylbutane",2015-04-11T20:00,0.102,µg/m³,VOC,GC-MS
60435,ETOBICOKE SOUTH-2,"2,2-Dimethylbutane",2015-04-17T20:00,0.082,µg/m³,VOC,GC-MS
60435,ETOBICOKE SOUTH-2,"2,2-Dimethylbutane",2015-04-23T20:00,0.024,µg/m³,VOC,GC-MS
60435,ETOBICOKE SOUTH-2,"2,2-Dimethylbutane",2015-04-29T20:00,0.069,µg/m³,VOC,GC-MS
60435,ETOBICOKE SOUTH-2,"2,2-Dimethylbutane",2015-05-05T20:00,0.161,µg/m³,VOC,GC-MS
60435,ETOBICOKE SOUTH-2,"2,2-Dimethylbutane",2015-06-22T20:00,0.028,µg/m³,VOC,GC-MS
60435,ETOBICOKE SOUTH-2,"2,2-Dimethylbutane",2015-06-28T20:00,0.066,µg/m³,VOC,GC-MS
60435,ETOBICOKE SOUTH-2,"2,2-Dimethylbutane",2015-07-04T20:00,0.117,µg/m³,VOC,GC-MS
60435,ETOBICOKE SOUTH-2,"2,2-Dimethylbutane",2015-07-10T20:00,0.114,µg/m³,VOC,GC-MS
60435,ETOBICOKE SOUTH-2,"2,2-Dimethylbutane",2015-07-16T20:00,0.058,µg/m³,VOC,GC-MS
60435,ETOBICOKE SOUTH-2,"2,2-Dimethylbutane",2015-07-22T20:00,0.059,µg/m³,VOC,GC-MS
60435,ETOBICOKE SOUTH-2,"2,2-Dimethylbutane",2015-07-28T20:00,0.218,µg/m³,VOC,GC-MS
60435,ETOBICOKE SOUTH-2,"2,2-Dimethylbutane",2015-08-03T20:00,0.043,µg/m³,VOC,GC-MS
60435,ETOBICOKE SOUTH-2,"2,2-Dimethylbutane",2015-08-09T20:00,0.132,µg/m³,VOC,GC-MS
60435,ETOBICOKE SOUTH-2,"2,2-Dimethylbutane",2015-08-15T20:00,0.106,µg/m³,VOC,GC-MS
60435,ETOBICOKE SOUTH-2,"2,2-Dimethylbutane",2015-08-21T20:00,0.098,µg/m³,VOC,GC-MS
60435,ETOBICOKE SOUTH-2,"2,2-Dimethylbutane",2015-08-27T20:00,0.124,µg/m³,VOC,GC-MS
60435,ETOBICOKE SOUTH-2,"2,2-Dimethylbutane",2015-09-02T20:00,0.136,µg/m³,VOC,GC-MS
60435,ETOBICOKE SOUTH-2,"2,2-Dimethylbutane",2015-09-08T20:00,0.051,µg/m³,VOC,GC-MS
60435,ETOBICOKE SOUTH-2,"2,2-Dimethylbutane",2015-09-14T20:00,0.135,µg/m³,VOC,GC-MS
60435,ETOBICOKE SOUTH-2,"2,2-Dimethylbutane",2015-09-20T20:00,0.124,µg/m³,VOC,GC-MS
60435,ETOBICOKE SOUTH-2,"2,2-Dimethylbutane",2015-09-26T20:00,0.072,µg/m³,VOC,GC-MS
60435,ETOBICOKE SOUTH-2,"2,2-Dimethylbutane",2015-10-02T20:00,0.019,µg/m³,VOC,GC-MS
60435,ETOBICOKE SOUTH-2,"2,2-Dimethylbutane",2015-10-08T20:00,0.060,µg/m³,VOC,GC-MS
60435,ETOBICOKE SOUTH-2,"2,2-Dimethylbutane",2015-10-14T20:00,0.036,µg/m³,VOC,GC-MS
60435,ETOBICOKE SOUTH-2,"2,2-Dimethylbutane",2015-10-20T20:00,0.074,µg/m³,VOC,GC-MS
60435,ETOBICOKE SOUTH-2,"2,2-Dimethylbutane",2015-10-26T20:00,0.066,µg/m³,VOC,GC-MS
60435,ETOBICOKE SOUTH-2,"2,2-Dimethylbutane",2015-11-01T19:00,0.066,µg/m³,VOC,GC-MS
60435,ETOBICOKE SOUTH-2,"2,2-Dimethylbutane",2015-11-07T19:00,0.089,µg/m³,VOC,GC-MS
60435,ETOBICOKE SOUTH-2,"2,2-Dimethylbutane",2015-11-13T19:00,0.032,µg/m³,VOC,GC-MS
60435,ETOBICOKE SOUTH-2,"2,2-Dimethylbutane",2015-11-19T19:00,0.048,µg/m³,VOC,GC-MS
60435,ETOBICOKE SOUTH-2,"2,2-Dimethylbutane",2015-11-25T19:00,0.045,µg/m³,VOC,GC-MS
60435,ETOBICOKE SOUTH-2,"2,2-Dimethylbutane",2015-12-01T19:00,0.111,µg/m³,VOC,GC-MS
60435,ETOBICOKE SOUTH-2,"2,2-Dimethylbutane",2015-12-07T19:00,0.059,µg/m³,VOC,GC-MS
60435,ETOBICOKE SOUTH-2,"2,2-Dimethylbutane",2015-12-13T19:00,0.078,µg/m³,VOC,GC-MS
60435,ETOBICOKE SOUTH-2,"2,2-Dimethylbutane",2015-12-19T19:00,0.030,µg/m³,VOC,GC-MS
60435,ETOBICOKE SOUTH-2,"2,2-Dimethylbutane",2015-12-25T19:00,0.041,µg/m³,VOC,GC-MS
