﻿NAPS_Site_ID,Station_Name,Pollutant,Date,Value,Units,Report_Type,Method
60418,JUNCTION TRIANGLE,Methylcyclopentane,1991-01-18T00:00,0.411,µg/m³,VOC,
60418,JUNCTION TRIANGLE,Methylcyclopentane,1991-02-05T00:00,1.069,µg/m³,VOC,
60418,JUNCTION TRIANGLE,Methylcyclopentane,1991-02-11T00:00,0.473,µg/m³,VOC,
60418,JUNCTION TRIANGLE,Methylcyclopentane,1991-02-17T00:00,0.620,µg/m³,VOC,
60418,JUNCTION TRIANGLE,Methylcyclopentane,1991-02-23T00:00,0.830,µg/m³,VOC,
60418,JUNCTION TRIANGLE,Methylcyclopentane,1991-03-01T00:00,2.112,µg/m³,VOC,
60418,JUNCTION TRIANGLE,Methylcyclopentane,1991-03-07T00:00,0.361,µg/m³,VOC,
60418,JUNCTION TRIANGLE,Methylcyclopentane,1991-03-13T00:00,0.728,µg/m³,VOC,
60418,JUNCTION TRIANGLE,Methylcyclopentane,1991-03-19T00:00,0.540,µg/m³,VOC,
60418,JUNCTION TRIANGLE,Methylcyclopentane,1991-03-25T00:00,0.162,µg/m³,VOC,
60418,JUNCTION TRIANGLE,Methylcyclopentane,1991-03-31T00:00,0.400,µg/m³,VOC,
60418,JUNCTION TRIANGLE,Methylcyclopentane,1991-04-06T00:00,1.772,µg/m³,VOC,
60418,JUNCTION TRIANGLE,Methylcyclopentane,1991-04-12T00:00,0.525,µg/m³,VOC,
60418,JUNCTION TRIANGLE,Methylcyclopentane,1991-04-24T00:00,1.308,µg/m³,VOC,
60418,JUNCTION TRIANGLE,Methylcyclopentane,1991-04-30T00:00,0.937,µg/m³,VOC,
60418,JUNCTION TRIANGLE,Methylcyclopentane,1991-05-06T00:00,0.695,µg/m³,VOC,
60418,JUNCTION TRIANGLE,Methylcyclopentane,1991-05-12T00:00,0.635,µg/m³,VOC,
60418,JUNCTION TRIANGLE,Methylcyclopentane,1991-05-24T00:00,2.316,µg/m³,VOC,
60418,JUNCTION TRIANGLE,Methylcyclopentane,1991-05-30T00:00,0.165,µg/m³,VOC,
60418,JUNCTION TRIANGLE,Methylcyclopentane,1991-06-05T00:00,1.015,µg/m³,VOC,
60418,JUNCTION TRIANGLE,Methylcyclopentane,1991-06-11T00:00,1.113,µg/m³,VOC,
60418,JUNCTION TRIANGLE,Methylcyclopentane,1991-06-17T00:00,0.446,µg/m³,VOC,
60418,JUNCTION TRIANGLE,Methylcyclopentane,1991-06-23T00:00,0.245,µg/m³,VOC,
60418,JUNCTION TRIANGLE,Methylcyclopentane,1991-07-05T00:00,0.789,µg/m³,VOC,
60418,JUNCTION TRIANGLE,Methylcyclopentane,1991-07-11T00:00,0.953,µg/m³,VOC,
60418,JUNCTION TRIANGLE,Methylcyclopentane,1991-07-17T00:00,0.601,µg/m³,VOC,
60418,JUNCTION TRIANGLE,Methylcyclopentane,1991-07-29T00:00,0.844,µg/m³,VOC,
60418,JUNCTION TRIANGLE,Methylcyclopentane,1991-08-10T00:00,0.524,µg/m³,VOC,
60418,JUNCTION TRIANGLE,Methylcyclopentane,1991-08-16T00:00,1.425,µg/m³,VOC,
60418,JUNCTION TRIANGLE,Methylcyclopentane,1991-08-28T00:00,1.432,µg/m³,VOC,
60418,JUNCTION TRIANGLE,Methylcyclopentane,1991-09-21T00:00,1.064,µg/m³,VOC,
