﻿NAPS_Site_ID,Station_Name,Pollutant,Date,Value,Units,Report_Type,Method
60512,BEASLEY PARK _HAMILTON_DOWNTOWN_,3-Methylhexane,1994-01-14T00:00,0.468,µg/m³,VOC,N/A
60512,BEASLEY PARK _HAMILTON_DOWNTOWN_,3-Methylhexane,1994-01-20T00:00,1.084,µg/m³,VOC,N/A
60512,BEASLEY PARK _HAMILTON_DOWNTOWN_,3-Methylhexane,1994-01-26T00:00,0.922,µg/m³,VOC,N/A
60512,BEASLEY PARK _HAMILTON_DOWNTOWN_,3-Methylhexane,1994-02-13T00:00,0.505,µg/m³,VOC,N/A
60512,BEASLEY PARK _HAMILTON_DOWNTOWN_,3-Methylhexane,1994-02-19T00:00,1.431,µg/m³,VOC,N/A
60512,BEASLEY PARK _HAMILTON_DOWNTOWN_,3-Methylhexane,1994-02-25T00:00,0.800,µg/m³,VOC,N/A
60512,BEASLEY PARK _HAMILTON_DOWNTOWN_,3-Methylhexane,1994-03-03T00:00,1.672,µg/m³,VOC,N/A
60512,BEASLEY PARK _HAMILTON_DOWNTOWN_,3-Methylhexane,1994-03-09T00:00,0.837,µg/m³,VOC,N/A
60512,BEASLEY PARK _HAMILTON_DOWNTOWN_,3-Methylhexane,1994-03-15T00:00,0.680,µg/m³,VOC,N/A
60512,BEASLEY PARK _HAMILTON_DOWNTOWN_,3-Methylhexane,1994-03-21T00:00,2.708,µg/m³,VOC,N/A
60512,BEASLEY PARK _HAMILTON_DOWNTOWN_,3-Methylhexane,1994-04-08T00:00,0.646,µg/m³,VOC,N/A
60512,BEASLEY PARK _HAMILTON_DOWNTOWN_,3-Methylhexane,1994-04-14T00:00,0.675,µg/m³,VOC,N/A
60512,BEASLEY PARK _HAMILTON_DOWNTOWN_,3-Methylhexane,1994-04-20T00:00,0.454,µg/m³,VOC,N/A
60512,BEASLEY PARK _HAMILTON_DOWNTOWN_,3-Methylhexane,1994-04-26T00:00,2.678,µg/m³,VOC,N/A
60512,BEASLEY PARK _HAMILTON_DOWNTOWN_,3-Methylhexane,1994-05-02T00:00,0.651,µg/m³,VOC,N/A
60512,BEASLEY PARK _HAMILTON_DOWNTOWN_,3-Methylhexane,1994-05-14T00:00,1.208,µg/m³,VOC,N/A
60512,BEASLEY PARK _HAMILTON_DOWNTOWN_,3-Methylhexane,1994-05-20T00:00,0.720,µg/m³,VOC,N/A
60512,BEASLEY PARK _HAMILTON_DOWNTOWN_,3-Methylhexane,1994-05-26T00:00,1.272,µg/m³,VOC,N/A
60512,BEASLEY PARK _HAMILTON_DOWNTOWN_,3-Methylhexane,1994-06-01T00:00,0.245,µg/m³,VOC,N/A
60512,BEASLEY PARK _HAMILTON_DOWNTOWN_,3-Methylhexane,1994-06-19T00:00,0.401,µg/m³,VOC,N/A
60512,BEASLEY PARK _HAMILTON_DOWNTOWN_,3-Methylhexane,1994-07-01T00:00,0.259,µg/m³,VOC,N/A
60512,BEASLEY PARK _HAMILTON_DOWNTOWN_,3-Methylhexane,1994-07-13T00:00,0.396,µg/m³,VOC,N/A
60512,BEASLEY PARK _HAMILTON_DOWNTOWN_,3-Methylhexane,1994-08-30T00:00,0.671,µg/m³,VOC,N/A
60512,BEASLEY PARK _HAMILTON_DOWNTOWN_,3-Methylhexane,1994-09-11T00:00,0.781,µg/m³,VOC,N/A
60512,BEASLEY PARK _HAMILTON_DOWNTOWN_,3-Methylhexane,1994-09-17T00:00,0.449,µg/m³,VOC,N/A
60512,BEASLEY PARK _HAMILTON_DOWNTOWN_,3-Methylhexane,1994-09-23T00:00,2.614,µg/m³,VOC,N/A
60512,BEASLEY PARK _HAMILTON_DOWNTOWN_,3-Methylhexane,1994-09-29T00:00,0.400,µg/m³,VOC,N/A
60512,BEASLEY PARK _HAMILTON_DOWNTOWN_,3-Methylhexane,1994-10-05T00:00,0.539,µg/m³,VOC,N/A
60512,BEASLEY PARK _HAMILTON_DOWNTOWN_,3-Methylhexane,1994-10-11T00:00,2.502,µg/m³,VOC,N/A
60512,BEASLEY PARK _HAMILTON_DOWNTOWN_,3-Methylhexane,1994-10-17T00:00,6.117,µg/m³,VOC,N/A
60512,BEASLEY PARK _HAMILTON_DOWNTOWN_,3-Methylhexane,1994-10-23T00:00,1.574,µg/m³,VOC,N/A
60512,BEASLEY PARK _HAMILTON_DOWNTOWN_,3-Methylhexane,1994-10-29T00:00,0.296,µg/m³,VOC,N/A
60512,BEASLEY PARK _HAMILTON_DOWNTOWN_,3-Methylhexane,1994-11-04T00:00,0.652,µg/m³,VOC,N/A
60512,BEASLEY PARK _HAMILTON_DOWNTOWN_,3-Methylhexane,1994-11-10T00:00,0.480,µg/m³,VOC,N/A
60512,BEASLEY PARK _HAMILTON_DOWNTOWN_,3-Methylhexane,1994-11-16T00:00,2.773,µg/m³,VOC,N/A
60512,BEASLEY PARK _HAMILTON_DOWNTOWN_,3-Methylhexane,1994-11-28T00:00,0.330,µg/m³,VOC,N/A
60512,BEASLEY PARK _HAMILTON_DOWNTOWN_,3-Methylhexane,1994-12-04T00:00,1.003,µg/m³,VOC,N/A
60512,BEASLEY PARK _HAMILTON_DOWNTOWN_,3-Methylhexane,1994-12-10T00:00,0.680,µg/m³,VOC,N/A
60512,BEASLEY PARK _HAMILTON_DOWNTOWN_,3-Methylhexane,1994-12-16T00:00,2.513,µg/m³,VOC,N/A
60512,BEASLEY PARK _HAMILTON_DOWNTOWN_,3-Methylhexane,1994-12-22T00:00,2.292,µg/m³,VOC,N/A
60512,BEASLEY PARK _HAMILTON_DOWNTOWN_,3-Methylhexane,1994-12-28T00:00,0.464,µg/m³,VOC,N/A
