﻿NAPS_Site_ID,Station_Name,Pollutant,Date,Value,Units,Report_Type,Method
52601,VARENNES-CHEMIN DE LA BARONNIE,n-Propylbenzene,1996-01-04T00:00,0.044,µg/m³,VOC,N/A
52601,VARENNES-CHEMIN DE LA BARONNIE,n-Propylbenzene,1996-01-10T00:00,0.135,µg/m³,VOC,N/A
52601,VARENNES-CHEMIN DE LA BARONNIE,n-Propylbenzene,1996-01-16T00:00,0.111,µg/m³,VOC,N/A
52601,VARENNES-CHEMIN DE LA BARONNIE,n-Propylbenzene,1996-01-22T00:00,0.082,µg/m³,VOC,N/A
52601,VARENNES-CHEMIN DE LA BARONNIE,n-Propylbenzene,1996-01-28T00:00,0.057,µg/m³,VOC,N/A
52601,VARENNES-CHEMIN DE LA BARONNIE,n-Propylbenzene,1996-02-03T00:00,0.003,µg/m³,VOC,N/A
52601,VARENNES-CHEMIN DE LA BARONNIE,n-Propylbenzene,1996-02-09T00:00,0.065,µg/m³,VOC,N/A
52601,VARENNES-CHEMIN DE LA BARONNIE,n-Propylbenzene,1996-02-15T00:00,0.138,µg/m³,VOC,N/A
52601,VARENNES-CHEMIN DE LA BARONNIE,n-Propylbenzene,1996-02-21T00:00,0.076,µg/m³,VOC,N/A
52601,VARENNES-CHEMIN DE LA BARONNIE,n-Propylbenzene,1996-02-27T00:00,0.033,µg/m³,VOC,N/A
52601,VARENNES-CHEMIN DE LA BARONNIE,n-Propylbenzene,1996-03-04T00:00,0.024,µg/m³,VOC,N/A
52601,VARENNES-CHEMIN DE LA BARONNIE,n-Propylbenzene,1996-03-10T00:00,0.076,µg/m³,VOC,N/A
52601,VARENNES-CHEMIN DE LA BARONNIE,n-Propylbenzene,1996-03-16T00:00,0.022,µg/m³,VOC,N/A
52601,VARENNES-CHEMIN DE LA BARONNIE,n-Propylbenzene,1996-03-22T00:00,0.061,µg/m³,VOC,N/A
52601,VARENNES-CHEMIN DE LA BARONNIE,n-Propylbenzene,1996-03-28T00:00,0.078,µg/m³,VOC,N/A
52601,VARENNES-CHEMIN DE LA BARONNIE,n-Propylbenzene,1996-04-03T00:00,0.008,µg/m³,VOC,N/A
52601,VARENNES-CHEMIN DE LA BARONNIE,n-Propylbenzene,1996-04-09T00:00,0.047,µg/m³,VOC,N/A
52601,VARENNES-CHEMIN DE LA BARONNIE,n-Propylbenzene,1996-04-15T00:00,0.035,µg/m³,VOC,N/A
52601,VARENNES-CHEMIN DE LA BARONNIE,n-Propylbenzene,1996-04-21T00:00,0.039,µg/m³,VOC,N/A
52601,VARENNES-CHEMIN DE LA BARONNIE,n-Propylbenzene,1996-04-27T00:00,0.026,µg/m³,VOC,N/A
52601,VARENNES-CHEMIN DE LA BARONNIE,n-Propylbenzene,1996-05-03T00:00,0.057,µg/m³,VOC,N/A
52601,VARENNES-CHEMIN DE LA BARONNIE,n-Propylbenzene,1996-05-09T00:00,0.050,µg/m³,VOC,N/A
52601,VARENNES-CHEMIN DE LA BARONNIE,n-Propylbenzene,1996-05-15T00:00,0.078,µg/m³,VOC,N/A
52601,VARENNES-CHEMIN DE LA BARONNIE,n-Propylbenzene,1996-05-21T00:00,0.070,µg/m³,VOC,N/A
52601,VARENNES-CHEMIN DE LA BARONNIE,n-Propylbenzene,1996-05-27T00:00,0.064,µg/m³,VOC,N/A
52601,VARENNES-CHEMIN DE LA BARONNIE,n-Propylbenzene,1996-06-02T00:00,0.107,µg/m³,VOC,N/A
52601,VARENNES-CHEMIN DE LA BARONNIE,n-Propylbenzene,1996-06-08T00:00,0.064,µg/m³,VOC,N/A
52601,VARENNES-CHEMIN DE LA BARONNIE,n-Propylbenzene,1996-06-14T00:00,0.126,µg/m³,VOC,N/A
52601,VARENNES-CHEMIN DE LA BARONNIE,n-Propylbenzene,1996-06-20T00:00,0.041,µg/m³,VOC,N/A
52601,VARENNES-CHEMIN DE LA BARONNIE,n-Propylbenzene,1996-06-26T00:00,0.021,µg/m³,VOC,N/A
52601,VARENNES-CHEMIN DE LA BARONNIE,n-Propylbenzene,1996-07-02T00:00,0.096,µg/m³,VOC,N/A
52601,VARENNES-CHEMIN DE LA BARONNIE,n-Propylbenzene,1996-07-08T00:00,0.064,µg/m³,VOC,N/A
52601,VARENNES-CHEMIN DE LA BARONNIE,n-Propylbenzene,1996-07-14T00:00,0.068,µg/m³,VOC,N/A
52601,VARENNES-CHEMIN DE LA BARONNIE,n-Propylbenzene,1996-07-20T00:00,0.019,µg/m³,VOC,N/A
52601,VARENNES-CHEMIN DE LA BARONNIE,n-Propylbenzene,1996-07-26T00:00,0.116,µg/m³,VOC,N/A
52601,VARENNES-CHEMIN DE LA BARONNIE,n-Propylbenzene,1996-08-01T00:00,0.028,µg/m³,VOC,N/A
52601,VARENNES-CHEMIN DE LA BARONNIE,n-Propylbenzene,1996-08-07T00:00,0.085,µg/m³,VOC,N/A
52601,VARENNES-CHEMIN DE LA BARONNIE,n-Propylbenzene,1996-08-13T00:00,0.066,µg/m³,VOC,N/A
52601,VARENNES-CHEMIN DE LA BARONNIE,n-Propylbenzene,1996-08-19T00:00,0.045,µg/m³,VOC,N/A
52601,VARENNES-CHEMIN DE LA BARONNIE,n-Propylbenzene,1996-08-31T00:00,0.103,µg/m³,VOC,N/A
52601,VARENNES-CHEMIN DE LA BARONNIE,n-Propylbenzene,1996-09-06T00:00,0.096,µg/m³,VOC,N/A
52601,VARENNES-CHEMIN DE LA BARONNIE,n-Propylbenzene,1996-09-12T00:00,0.082,µg/m³,VOC,N/A
52601,VARENNES-CHEMIN DE LA BARONNIE,n-Propylbenzene,1996-09-18T00:00,0.051,µg/m³,VOC,N/A
52601,VARENNES-CHEMIN DE LA BARONNIE,n-Propylbenzene,1996-09-24T00:00,0.127,µg/m³,VOC,N/A
52601,VARENNES-CHEMIN DE LA BARONNIE,n-Propylbenzene,1996-09-30T00:00,0.063,µg/m³,VOC,N/A
52601,VARENNES-CHEMIN DE LA BARONNIE,n-Propylbenzene,1996-10-06T00:00,0.065,µg/m³,VOC,N/A
52601,VARENNES-CHEMIN DE LA BARONNIE,n-Propylbenzene,1996-10-12T00:00,0.111,µg/m³,VOC,N/A
52601,VARENNES-CHEMIN DE LA BARONNIE,n-Propylbenzene,1996-10-18T00:00,0.051,µg/m³,VOC,N/A
52601,VARENNES-CHEMIN DE LA BARONNIE,n-Propylbenzene,1996-10-24T00:00,0.083,µg/m³,VOC,N/A
52601,VARENNES-CHEMIN DE LA BARONNIE,n-Propylbenzene,1996-10-30T00:00,0.068,µg/m³,VOC,N/A
52601,VARENNES-CHEMIN DE LA BARONNIE,n-Propylbenzene,1996-11-05T00:00,0.036,µg/m³,VOC,N/A
52601,VARENNES-CHEMIN DE LA BARONNIE,n-Propylbenzene,1996-11-11T00:00,0.023,µg/m³,VOC,N/A
52601,VARENNES-CHEMIN DE LA BARONNIE,n-Propylbenzene,1996-11-17T00:00,0.055,µg/m³,VOC,N/A
52601,VARENNES-CHEMIN DE LA BARONNIE,n-Propylbenzene,1996-11-23T00:00,0.051,µg/m³,VOC,N/A
52601,VARENNES-CHEMIN DE LA BARONNIE,n-Propylbenzene,1996-11-29T00:00,0.076,µg/m³,VOC,N/A
52601,VARENNES-CHEMIN DE LA BARONNIE,n-Propylbenzene,1996-12-05T00:00,0.040,µg/m³,VOC,N/A
52601,VARENNES-CHEMIN DE LA BARONNIE,n-Propylbenzene,1996-12-11T00:00,0.080,µg/m³,VOC,N/A
52601,VARENNES-CHEMIN DE LA BARONNIE,n-Propylbenzene,1996-12-17T00:00,0.080,µg/m³,VOC,N/A
52601,VARENNES-CHEMIN DE LA BARONNIE,n-Propylbenzene,1996-12-23T00:00,0.060,µg/m³,VOC,N/A
52601,VARENNES-CHEMIN DE LA BARONNIE,n-Propylbenzene,1996-12-29T00:00,0.180,µg/m³,VOC,N/A
