﻿NAPS_Site_ID,Station_Name,Pollutant,Date,Value,Units,Report_Type,Method
60104,OTTAWA DOWNTOWN,"1,4-Diethylbenzene",2004-01-04T00:00,0.032,µg/m³,VOC,
60104,OTTAWA DOWNTOWN,"1,4-Diethylbenzene",2004-01-22T00:00,0.050,µg/m³,VOC,
60104,OTTAWA DOWNTOWN,"1,4-Diethylbenzene",2004-01-28T00:00,0.048,µg/m³,VOC,
60104,OTTAWA DOWNTOWN,"1,4-Diethylbenzene",2004-02-03T00:00,0.115,µg/m³,VOC,
60104,OTTAWA DOWNTOWN,"1,4-Diethylbenzene",2004-02-09T00:00,0.061,µg/m³,VOC,
60104,OTTAWA DOWNTOWN,"1,4-Diethylbenzene",2004-02-15T00:00,0.010,µg/m³,VOC,
60104,OTTAWA DOWNTOWN,"1,4-Diethylbenzene",2004-02-21T00:00,0.070,µg/m³,VOC,
60104,OTTAWA DOWNTOWN,"1,4-Diethylbenzene",2004-02-27T00:00,0.075,µg/m³,VOC,
60104,OTTAWA DOWNTOWN,"1,4-Diethylbenzene",2004-03-04T00:00,0.065,µg/m³,VOC,
60104,OTTAWA DOWNTOWN,"1,4-Diethylbenzene",2004-03-10T00:00,0.101,µg/m³,VOC,
60104,OTTAWA DOWNTOWN,"1,4-Diethylbenzene",2004-03-16T00:00,0.016,µg/m³,VOC,
60104,OTTAWA DOWNTOWN,"1,4-Diethylbenzene",2004-03-22T00:00,0.006,µg/m³,VOC,
60104,OTTAWA DOWNTOWN,"1,4-Diethylbenzene",2004-03-28T00:00,0.044,µg/m³,VOC,
60104,OTTAWA DOWNTOWN,"1,4-Diethylbenzene",2004-04-03T00:00,0.064,µg/m³,VOC,
60104,OTTAWA DOWNTOWN,"1,4-Diethylbenzene",2004-04-09T00:00,0.018,µg/m³,VOC,
60104,OTTAWA DOWNTOWN,"1,4-Diethylbenzene",2004-04-15T00:00,0.028,µg/m³,VOC,
60104,OTTAWA DOWNTOWN,"1,4-Diethylbenzene",2004-04-21T00:00,0.044,µg/m³,VOC,
60104,OTTAWA DOWNTOWN,"1,4-Diethylbenzene",2004-04-27T00:00,0.030,µg/m³,VOC,
60104,OTTAWA DOWNTOWN,"1,4-Diethylbenzene",2004-05-03T00:00,0.014,µg/m³,VOC,
60104,OTTAWA DOWNTOWN,"1,4-Diethylbenzene",2004-05-09T00:00,0.103,µg/m³,VOC,
60104,OTTAWA DOWNTOWN,"1,4-Diethylbenzene",2004-05-15T00:00,0.066,µg/m³,VOC,
60104,OTTAWA DOWNTOWN,"1,4-Diethylbenzene",2004-05-21T00:00,0.037,µg/m³,VOC,
60104,OTTAWA DOWNTOWN,"1,4-Diethylbenzene",2004-05-27T00:00,0.068,µg/m³,VOC,
60104,OTTAWA DOWNTOWN,"1,4-Diethylbenzene",2004-06-02T00:00,0.052,µg/m³,VOC,
60104,OTTAWA DOWNTOWN,"1,4-Diethylbenzene",2004-06-08T00:00,0.070,µg/m³,VOC,
60104,OTTAWA DOWNTOWN,"1,4-Diethylbenzene",2004-06-14T00:00,0.043,µg/m³,VOC,
60104,OTTAWA DOWNTOWN,"1,4-Diethylbenzene",2004-06-20T00:00,0.024,µg/m³,VOC,
60104,OTTAWA DOWNTOWN,"1,4-Diethylbenzene",2004-06-26T00:00,0.038,µg/m³,VOC,
60104,OTTAWA DOWNTOWN,"1,4-Diethylbenzene",2004-07-02T00:00,0.048,µg/m³,VOC,
60104,OTTAWA DOWNTOWN,"1,4-Diethylbenzene",2004-07-08T00:00,0.052,µg/m³,VOC,
60104,OTTAWA DOWNTOWN,"1,4-Diethylbenzene",2004-07-14T00:00,0.052,µg/m³,VOC,
60104,OTTAWA DOWNTOWN,"1,4-Diethylbenzene",2004-07-20T00:00,0.047,µg/m³,VOC,
60104,OTTAWA DOWNTOWN,"1,4-Diethylbenzene",2004-07-26T00:00,0.116,µg/m³,VOC,
60104,OTTAWA DOWNTOWN,"1,4-Diethylbenzene",2004-08-01T00:00,0.051,µg/m³,VOC,
60104,OTTAWA DOWNTOWN,"1,4-Diethylbenzene",2004-08-07T00:00,0.025,µg/m³,VOC,
60104,OTTAWA DOWNTOWN,"1,4-Diethylbenzene",2004-08-13T00:00,0.034,µg/m³,VOC,
60104,OTTAWA DOWNTOWN,"1,4-Diethylbenzene",2004-08-19T00:00,0.031,µg/m³,VOC,
60104,OTTAWA DOWNTOWN,"1,4-Diethylbenzene",2004-08-25T00:00,0.052,µg/m³,VOC,
60104,OTTAWA DOWNTOWN,"1,4-Diethylbenzene",2004-08-31T00:00,0.050,µg/m³,VOC,
60104,OTTAWA DOWNTOWN,"1,4-Diethylbenzene",2004-09-06T00:00,0.076,µg/m³,VOC,
60104,OTTAWA DOWNTOWN,"1,4-Diethylbenzene",2004-09-12T00:00,0.095,µg/m³,VOC,
60104,OTTAWA DOWNTOWN,"1,4-Diethylbenzene",2004-09-18T00:00,0.037,µg/m³,VOC,
60104,OTTAWA DOWNTOWN,"1,4-Diethylbenzene",2004-09-24T00:00,0.180,µg/m³,VOC,
60104,OTTAWA DOWNTOWN,"1,4-Diethylbenzene",2004-09-30T00:00,0.211,µg/m³,VOC,
60104,OTTAWA DOWNTOWN,"1,4-Diethylbenzene",2004-10-06T00:00,0.100,µg/m³,VOC,
60104,OTTAWA DOWNTOWN,"1,4-Diethylbenzene",2004-10-12T00:00,0.063,µg/m³,VOC,
60104,OTTAWA DOWNTOWN,"1,4-Diethylbenzene",2004-10-18T00:00,0.076,µg/m³,VOC,
60104,OTTAWA DOWNTOWN,"1,4-Diethylbenzene",2004-10-24T00:00,0.065,µg/m³,VOC,
60104,OTTAWA DOWNTOWN,"1,4-Diethylbenzene",2004-10-30T00:00,0.104,µg/m³,VOC,
60104,OTTAWA DOWNTOWN,"1,4-Diethylbenzene",2004-11-11T00:00,0.071,µg/m³,VOC,
60104,OTTAWA DOWNTOWN,"1,4-Diethylbenzene",2004-11-17T00:00,0.108,µg/m³,VOC,
60104,OTTAWA DOWNTOWN,"1,4-Diethylbenzene",2004-11-23T00:00,0.167,µg/m³,VOC,
60104,OTTAWA DOWNTOWN,"1,4-Diethylbenzene",2004-11-29T00:00,0.079,µg/m³,VOC,
60104,OTTAWA DOWNTOWN,"1,4-Diethylbenzene",2004-12-05T00:00,0.028,µg/m³,VOC,
60104,OTTAWA DOWNTOWN,"1,4-Diethylbenzene",2004-12-11T00:00,0.032,µg/m³,VOC,
60104,OTTAWA DOWNTOWN,"1,4-Diethylbenzene",2004-12-17T00:00,0.039,µg/m³,VOC,
60104,OTTAWA DOWNTOWN,"1,4-Diethylbenzene",2004-12-23T00:00,0.076,µg/m³,VOC,
60104,OTTAWA DOWNTOWN,"1,4-Diethylbenzene",2004-12-29T00:00,0.044,µg/m³,VOC,
