﻿NAPS_Site_ID,Station_Name,Pollutant,Date,Value,Units,Report_Type,Method
60517,CONFEDERATION PARK,TEQ,2002-01-08T00:00,0.057,pg/m³,PCDD,GC-MS
60517,CONFEDERATION PARK,TEQ,2002-01-20T00:00,0.181,pg/m³,PCDD,GC-MS
60517,CONFEDERATION PARK,TEQ,2002-02-01T00:00,0.279,pg/m³,PCDD,GC-MS
60517,CONFEDERATION PARK,TEQ,2002-02-25T00:00,0.084,pg/m³,PCDD,GC-MS
60517,CONFEDERATION PARK,TEQ,2002-03-21T00:00,0.028,pg/m³,PCDD,GC-MS
60517,CONFEDERATION PARK,TEQ,2002-04-02T00:00,0.033,pg/m³,PCDD,GC-MS
60517,CONFEDERATION PARK,TEQ,2002-04-14T00:00,0.021,pg/m³,PCDD,GC-MS
60517,CONFEDERATION PARK,TEQ,2002-04-26T00:00,0.023,pg/m³,PCDD,GC-MS
60517,CONFEDERATION PARK,TEQ,2002-05-08T00:00,0.025,pg/m³,PCDD,GC-MS
60517,CONFEDERATION PARK,TEQ,2002-05-20T00:00,0.027,pg/m³,PCDD,GC-MS
60517,CONFEDERATION PARK,TEQ,2002-06-01T00:00,0.342,pg/m³,PCDD,GC-MS
60517,CONFEDERATION PARK,TEQ,2002-06-13T00:00,0.026,pg/m³,PCDD,GC-MS
60517,CONFEDERATION PARK,TEQ,2002-06-25T00:00,0.051,pg/m³,PCDD,GC-MS
60517,CONFEDERATION PARK,TEQ,2002-07-07T00:00,0.003,pg/m³,PCDD,GC-MS
60517,CONFEDERATION PARK,TEQ,2002-07-19T00:00,0.023,pg/m³,PCDD,GC-MS
60517,CONFEDERATION PARK,TEQ,2002-07-31T00:00,0.045,pg/m³,PCDD,GC-MS
60517,CONFEDERATION PARK,TEQ,2002-08-24T00:00,0.015,pg/m³,PCDD,GC-MS
60517,CONFEDERATION PARK,TEQ,2002-09-05T00:00,0.018,pg/m³,PCDD,GC-MS
60517,CONFEDERATION PARK,TEQ,2002-09-17T00:00,0.069,pg/m³,PCDD,GC-MS
60517,CONFEDERATION PARK,TEQ,2002-09-29T00:00,0.069,pg/m³,PCDD,GC-MS
60517,CONFEDERATION PARK,TEQ,2002-10-23T00:00,0.013,pg/m³,PCDD,GC-MS
60517,CONFEDERATION PARK,TEQ,2002-11-04T00:00,0.278,pg/m³,PCDD,GC-MS
60517,CONFEDERATION PARK,TEQ,2002-11-16T00:00,0.035,pg/m³,PCDD,GC-MS
60517,CONFEDERATION PARK,TEQ,2002-11-28T00:00,0.064,pg/m³,PCDD,GC-MS
