﻿NAPS_Site_ID,Station_Name,Pollutant,Date,Value,Units,Report_Type,Method
100112,DOWNTOWN VANCOUVER,2-Methylheptane,1990-03-12T00:00,0.706,µg/m³,VOC,GC-MS
100112,DOWNTOWN VANCOUVER,2-Methylheptane,1990-05-11T00:00,1.895,µg/m³,VOC,GC-MS
100112,DOWNTOWN VANCOUVER,2-Methylheptane,1990-06-10T00:00,0.448,µg/m³,VOC,GC-MS
100112,DOWNTOWN VANCOUVER,2-Methylheptane,1990-07-04T00:00,0.417,µg/m³,VOC,GC-MS
100112,DOWNTOWN VANCOUVER,2-Methylheptane,1990-07-28T00:00,0.574,µg/m³,VOC,GC-MS
100112,DOWNTOWN VANCOUVER,2-Methylheptane,1990-08-21T00:00,0.343,µg/m³,VOC,GC-MS
100112,DOWNTOWN VANCOUVER,2-Methylheptane,1990-09-02T00:00,0.276,µg/m³,VOC,GC-MS
100112,DOWNTOWN VANCOUVER,2-Methylheptane,1990-10-20T00:00,0.298,µg/m³,VOC,GC-MS
100112,DOWNTOWN VANCOUVER,2-Methylheptane,1990-11-19T00:00,0.652,µg/m³,VOC,GC-MS
100112,DOWNTOWN VANCOUVER,2-Methylheptane,1990-12-25T00:00,0.273,µg/m³,VOC,GC-MS
