﻿NAPS_Site_ID,Station_Name,Pollutant,Date,Value,Units,Report_Type,Method
50104,ONTARIO,MEK,1997-01-04T00:00,1.153,µg/m³,VOC,N/A
50104,ONTARIO,MEK,1997-01-16T00:00,0.911,µg/m³,VOC,N/A
50104,ONTARIO,MEK,1997-01-22T00:00,1.289,µg/m³,VOC,N/A
50104,ONTARIO,MEK,1997-01-28T00:00,1.967,µg/m³,VOC,N/A
50104,ONTARIO,MEK,1997-02-03T00:00,0.787,µg/m³,VOC,N/A
50104,ONTARIO,MEK,1997-02-09T00:00,0.936,µg/m³,VOC,N/A
50104,ONTARIO,MEK,1997-02-15T00:00,1.487,µg/m³,VOC,N/A
50104,ONTARIO,MEK,1997-02-21T00:00,2.786,µg/m³,VOC,N/A
50104,ONTARIO,MEK,1997-02-27T00:00,0.918,µg/m³,VOC,N/A
50104,ONTARIO,MEK,1997-03-05T00:00,1.372,µg/m³,VOC,N/A
50104,ONTARIO,MEK,1997-03-11T00:00,1.322,µg/m³,VOC,N/A
50104,ONTARIO,MEK,1997-03-17T00:00,1.408,µg/m³,VOC,N/A
50104,ONTARIO,MEK,1997-03-23T00:00,0.737,µg/m³,VOC,N/A
50104,ONTARIO,MEK,1997-03-29T00:00,1.735,µg/m³,VOC,N/A
50104,ONTARIO,MEK,1997-04-04T00:00,1.352,µg/m³,VOC,N/A
50104,ONTARIO,MEK,1997-04-28T00:00,0.537,µg/m³,VOC,N/A
50104,ONTARIO,MEK,1997-05-04T00:00,0.327,µg/m³,VOC,N/A
50104,ONTARIO,MEK,1997-05-10T00:00,0.517,µg/m³,VOC,N/A
50104,ONTARIO,MEK,1997-05-16T00:00,0.828,µg/m³,VOC,N/A
50104,ONTARIO,MEK,1997-05-22T00:00,0.540,µg/m³,VOC,N/A
50104,ONTARIO,MEK,1997-05-28T00:00,1.878,µg/m³,VOC,N/A
50104,ONTARIO,MEK,1997-06-09T00:00,0.949,µg/m³,VOC,N/A
50104,ONTARIO,MEK,1997-06-15T00:00,0.502,µg/m³,VOC,N/A
50104,ONTARIO,MEK,1997-06-21T00:00,1.384,µg/m³,VOC,N/A
50104,ONTARIO,MEK,1997-06-27T00:00,0.750,µg/m³,VOC,N/A
50104,ONTARIO,MEK,1997-07-03T00:00,1.076,µg/m³,VOC,N/A
50104,ONTARIO,MEK,1997-07-09T00:00,1.344,µg/m³,VOC,N/A
50104,ONTARIO,MEK,1997-07-15T00:00,1.098,µg/m³,VOC,N/A
50104,ONTARIO,MEK,1997-07-21T00:00,0.852,µg/m³,VOC,N/A
50104,ONTARIO,MEK,1997-07-27T00:00,0.881,µg/m³,VOC,N/A
50104,ONTARIO,MEK,1997-08-02T00:00,0.766,µg/m³,VOC,N/A
50104,ONTARIO,MEK,1997-08-08T00:00,1.067,µg/m³,VOC,N/A
50104,ONTARIO,MEK,1997-08-14T00:00,0.931,µg/m³,VOC,N/A
50104,ONTARIO,MEK,1997-08-20T00:00,1.505,µg/m³,VOC,N/A
50104,ONTARIO,MEK,1997-08-26T00:00,2.236,µg/m³,VOC,N/A
50104,ONTARIO,MEK,1997-09-07T00:00,0.901,µg/m³,VOC,N/A
50104,ONTARIO,MEK,1997-10-13T00:00,0.849,µg/m³,VOC,N/A
50104,ONTARIO,MEK,1997-10-19T00:00,0.931,µg/m³,VOC,N/A
50104,ONTARIO,MEK,1997-10-25T00:00,1.093,µg/m³,VOC,N/A
50104,ONTARIO,MEK,1997-10-31T00:00,2.054,µg/m³,VOC,N/A
50104,ONTARIO,MEK,1997-11-06T00:00,3.281,µg/m³,VOC,N/A
50104,ONTARIO,MEK,1997-11-12T00:00,1.241,µg/m³,VOC,N/A
50104,ONTARIO,MEK,1997-11-24T00:00,0.740,µg/m³,VOC,N/A
50104,ONTARIO,MEK,1997-11-30T00:00,1.246,µg/m³,VOC,N/A
50104,ONTARIO,MEK,1997-12-06T00:00,0.681,µg/m³,VOC,N/A
50104,ONTARIO,MEK,1997-12-12T00:00,2.795,µg/m³,VOC,N/A
50104,ONTARIO,MEK,1997-12-18T00:00,3.318,µg/m³,VOC,N/A
50104,ONTARIO,MEK,1997-12-24T00:00,1.193,µg/m³,VOC,N/A
