﻿NAPS_Site_ID,Station_Name,Pollutant,Date,Value,Units,Report_Type,Method
100111,ROCKY POINT PARK,Propionaldehyde,1990-01-05T00:00,0.519,µg/m³,VOC,
100111,ROCKY POINT PARK,Propionaldehyde,1990-01-11T00:00,0.718,µg/m³,VOC,
100111,ROCKY POINT PARK,Propionaldehyde,1990-01-17T00:00,1.156,µg/m³,VOC,
100111,ROCKY POINT PARK,Propionaldehyde,1990-01-23T00:00,0.371,µg/m³,VOC,
100111,ROCKY POINT PARK,Propionaldehyde,1990-01-29T00:00,0.250,µg/m³,VOC,
100111,ROCKY POINT PARK,Propionaldehyde,1990-02-04T00:00,0.163,µg/m³,VOC,
100111,ROCKY POINT PARK,Propionaldehyde,1990-02-10T00:00,0.274,µg/m³,VOC,
100111,ROCKY POINT PARK,Propionaldehyde,1990-02-16T00:00,0.458,µg/m³,VOC,
100111,ROCKY POINT PARK,Propionaldehyde,1990-02-22T00:00,0.526,µg/m³,VOC,
100111,ROCKY POINT PARK,Propionaldehyde,1990-02-28T00:00,1.499,µg/m³,VOC,
100111,ROCKY POINT PARK,Propionaldehyde,1990-03-06T00:00,0.456,µg/m³,VOC,
100111,ROCKY POINT PARK,Propionaldehyde,1990-03-12T00:00,0.835,µg/m³,VOC,
100111,ROCKY POINT PARK,Propionaldehyde,1990-03-18T00:00,0.381,µg/m³,VOC,
100111,ROCKY POINT PARK,Propionaldehyde,1990-03-24T00:00,0.633,µg/m³,VOC,
100111,ROCKY POINT PARK,Propionaldehyde,1990-03-30T00:00,0.714,µg/m³,VOC,
100111,ROCKY POINT PARK,Propionaldehyde,1990-04-05T00:00,1.306,µg/m³,VOC,
100111,ROCKY POINT PARK,Propionaldehyde,1990-04-17T00:00,0.322,µg/m³,VOC,
100111,ROCKY POINT PARK,Propionaldehyde,1990-04-23T00:00,0.162,µg/m³,VOC,
100111,ROCKY POINT PARK,Propionaldehyde,1990-04-29T00:00,0.689,µg/m³,VOC,
100111,ROCKY POINT PARK,Propionaldehyde,1990-05-05T00:00,0.334,µg/m³,VOC,
100111,ROCKY POINT PARK,Propionaldehyde,1990-05-11T00:00,0.443,µg/m³,VOC,
100111,ROCKY POINT PARK,Propionaldehyde,1990-05-17T00:00,1.091,µg/m³,VOC,
100111,ROCKY POINT PARK,Propionaldehyde,1990-05-23T00:00,0.332,µg/m³,VOC,
100111,ROCKY POINT PARK,Propionaldehyde,1990-05-29T00:00,0.922,µg/m³,VOC,
100111,ROCKY POINT PARK,Propionaldehyde,1990-06-04T00:00,0.410,µg/m³,VOC,
100111,ROCKY POINT PARK,Propionaldehyde,1990-06-16T00:00,0.516,µg/m³,VOC,
100111,ROCKY POINT PARK,Propionaldehyde,1990-06-22T00:00,1.994,µg/m³,VOC,
100111,ROCKY POINT PARK,Propionaldehyde,1990-06-28T00:00,1.001,µg/m³,VOC,
100111,ROCKY POINT PARK,Propionaldehyde,1990-07-04T00:00,1.984,µg/m³,VOC,
100111,ROCKY POINT PARK,Propionaldehyde,1990-07-10T00:00,1.416,µg/m³,VOC,
100111,ROCKY POINT PARK,Propionaldehyde,1990-07-16T00:00,0.459,µg/m³,VOC,
100111,ROCKY POINT PARK,Propionaldehyde,1990-07-22T00:00,1.168,µg/m³,VOC,
100111,ROCKY POINT PARK,Propionaldehyde,1990-07-28T00:00,0.910,µg/m³,VOC,
100111,ROCKY POINT PARK,Propionaldehyde,1990-08-03T00:00,0.922,µg/m³,VOC,
100111,ROCKY POINT PARK,Propionaldehyde,1990-08-09T00:00,0.850,µg/m³,VOC,
100111,ROCKY POINT PARK,Propionaldehyde,1990-08-15T00:00,0.741,µg/m³,VOC,
100111,ROCKY POINT PARK,Propionaldehyde,1990-08-27T00:00,0.899,µg/m³,VOC,
100111,ROCKY POINT PARK,Propionaldehyde,1990-09-02T00:00,0.076,µg/m³,VOC,
100111,ROCKY POINT PARK,Propionaldehyde,1990-09-08T00:00,0.597,µg/m³,VOC,
100111,ROCKY POINT PARK,Propionaldehyde,1990-09-14T00:00,2.235,µg/m³,VOC,
100111,ROCKY POINT PARK,Propionaldehyde,1990-09-20T00:00,0.579,µg/m³,VOC,
100111,ROCKY POINT PARK,Propionaldehyde,1990-09-26T00:00,0.439,µg/m³,VOC,
100111,ROCKY POINT PARK,Propionaldehyde,1990-10-02T00:00,0.414,µg/m³,VOC,
100111,ROCKY POINT PARK,Propionaldehyde,1990-10-08T00:00,0.218,µg/m³,VOC,
100111,ROCKY POINT PARK,Propionaldehyde,1990-10-14T00:00,0.117,µg/m³,VOC,
100111,ROCKY POINT PARK,Propionaldehyde,1990-10-26T00:00,0.000,µg/m³,VOC,
100111,ROCKY POINT PARK,Propionaldehyde,1990-11-01T00:00,0.638,µg/m³,VOC,
100111,ROCKY POINT PARK,Propionaldehyde,1990-11-07T00:00,0.405,µg/m³,VOC,
100111,ROCKY POINT PARK,Propionaldehyde,1990-11-13T00:00,0.380,µg/m³,VOC,
100111,ROCKY POINT PARK,Propionaldehyde,1990-11-19T00:00,0.357,µg/m³,VOC,
100111,ROCKY POINT PARK,Propionaldehyde,1990-12-01T00:00,0.286,µg/m³,VOC,
100111,ROCKY POINT PARK,Propionaldehyde,1990-12-07T00:00,0.592,µg/m³,VOC,
100111,ROCKY POINT PARK,Propionaldehyde,1990-12-13T00:00,0.368,µg/m³,VOC,
100111,ROCKY POINT PARK,Propionaldehyde,1990-12-19T00:00,0.316,µg/m³,VOC,
100111,ROCKY POINT PARK,Propionaldehyde,1990-12-25T00:00,0.728,µg/m³,VOC,
100111,ROCKY POINT PARK,Propionaldehyde,1990-12-31T00:00,0.566,µg/m³,VOC,
