﻿NAPS_Site_ID,Station_Name,Pollutant,Date,Value,Units,Report_Type,Method
50104,ONTARIO,Benzo(a)Pyrene,1996-01-04T00:00,0.001,µg/m³,PAH,
50104,ONTARIO,Benzo(a)Pyrene,1996-02-09T00:00,0.000,µg/m³,PAH,
50104,ONTARIO,Benzo(a)Pyrene,1996-02-21T00:00,0.000,µg/m³,PAH,
50104,ONTARIO,Benzo(a)Pyrene,1996-05-03T00:00,0.013,µg/m³,PAH,
50104,ONTARIO,Benzo(a)Pyrene,1996-05-27T00:00,0.000,µg/m³,PAH,
50104,ONTARIO,Benzo(a)Pyrene,1996-06-10T00:00,0.000,µg/m³,PAH,
50104,ONTARIO,Benzo(a)Pyrene,1996-07-02T00:00,0.000,µg/m³,PAH,
50104,ONTARIO,Benzo(a)Pyrene,1996-07-14T00:00,0.000,µg/m³,PAH,
50104,ONTARIO,Benzo(a)Pyrene,1996-07-26T00:00,0.000,µg/m³,PAH,
50104,ONTARIO,Benzo(a)Pyrene,1996-08-07T00:00,0.000,µg/m³,PAH,
50104,ONTARIO,Benzo(a)Pyrene,1996-08-19T00:00,0.000,µg/m³,PAH,
50104,ONTARIO,Benzo(a)Pyrene,1996-08-31T00:00,0.000,µg/m³,PAH,
50104,ONTARIO,Benzo(a)Pyrene,1996-09-12T00:00,0.000,µg/m³,PAH,
50104,ONTARIO,Benzo(a)Pyrene,1996-09-24T00:00,0.000,µg/m³,PAH,
50104,ONTARIO,Benzo(a)Pyrene,1996-10-06T00:00,0.000,µg/m³,PAH,
50104,ONTARIO,Benzo(a)Pyrene,1996-10-18T00:00,0.000,µg/m³,PAH,
50104,ONTARIO,Benzo(a)Pyrene,1996-10-30T00:00,0.000,µg/m³,PAH,
50104,ONTARIO,Benzo(a)Pyrene,1996-11-11T00:00,0.000,µg/m³,PAH,
50104,ONTARIO,Benzo(a)Pyrene,1996-11-23T00:00,0.001,µg/m³,PAH,
50104,ONTARIO,Benzo(a)Pyrene,1996-12-05T00:00,0.003,µg/m³,PAH,
50104,ONTARIO,Benzo(a)Pyrene,1996-12-17T00:00,0.000,µg/m³,PAH,
