﻿NAPS_Site_ID,Station_Name,Pollutant,Date,Value,Units,Report_Type,Method
50115,MONTRÉAL-MAISONNEUVE,Isopentane,2014-01-04T19:00,3.881,µg/m³,VOC,GC-MS
50115,MONTRÉAL-MAISONNEUVE,Isopentane,2014-01-10T19:00,3.178,µg/m³,VOC,GC-MS
50115,MONTRÉAL-MAISONNEUVE,Isopentane,2014-01-28T19:00,1.244,µg/m³,VOC,GC-MS
50115,MONTRÉAL-MAISONNEUVE,Isopentane,2014-02-03T19:00,1.904,µg/m³,VOC,GC-MS
50115,MONTRÉAL-MAISONNEUVE,Isopentane,2014-02-09T19:00,2.278,µg/m³,VOC,GC-MS
50115,MONTRÉAL-MAISONNEUVE,Isopentane,2014-02-15T19:00,1.044,µg/m³,VOC,GC-MS
50115,MONTRÉAL-MAISONNEUVE,Isopentane,2014-02-21T19:00,1.076,µg/m³,VOC,GC-MS
50115,MONTRÉAL-MAISONNEUVE,Isopentane,2014-02-27T19:00,1.178,µg/m³,VOC,GC-MS
50115,MONTRÉAL-MAISONNEUVE,Isopentane,2014-03-05T19:00,2.552,µg/m³,VOC,GC-MS
50115,MONTRÉAL-MAISONNEUVE,Isopentane,2014-03-11T20:00,1.810,µg/m³,VOC,GC-MS
50115,MONTRÉAL-MAISONNEUVE,Isopentane,2014-03-17T20:00,1.704,µg/m³,VOC,GC-MS
50115,MONTRÉAL-MAISONNEUVE,Isopentane,2014-03-29T20:00,1.462,µg/m³,VOC,GC-MS
50115,MONTRÉAL-MAISONNEUVE,Isopentane,2014-04-04T20:00,0.638,µg/m³,VOC,GC-MS
50115,MONTRÉAL-MAISONNEUVE,Isopentane,2014-04-10T20:00,1.718,µg/m³,VOC,GC-MS
50115,MONTRÉAL-MAISONNEUVE,Isopentane,2014-04-16T20:00,1.224,µg/m³,VOC,GC-MS
50115,MONTRÉAL-MAISONNEUVE,Isopentane,2014-04-22T20:00,1.292,µg/m³,VOC,GC-MS
50115,MONTRÉAL-MAISONNEUVE,Isopentane,2014-04-28T20:00,0.872,µg/m³,VOC,GC-MS
50115,MONTRÉAL-MAISONNEUVE,Isopentane,2014-05-04T20:00,1.228,µg/m³,VOC,GC-MS
50115,MONTRÉAL-MAISONNEUVE,Isopentane,2014-05-10T20:00,0.692,µg/m³,VOC,GC-MS
50115,MONTRÉAL-MAISONNEUVE,Isopentane,2014-05-16T20:00,0.814,µg/m³,VOC,GC-MS
50115,MONTRÉAL-MAISONNEUVE,Isopentane,2014-05-22T20:00,2.068,µg/m³,VOC,GC-MS
50115,MONTRÉAL-MAISONNEUVE,Isopentane,2014-05-28T20:00,2.604,µg/m³,VOC,GC-MS
50115,MONTRÉAL-MAISONNEUVE,Isopentane,2014-06-03T20:00,1.570,µg/m³,VOC,GC-MS
50115,MONTRÉAL-MAISONNEUVE,Isopentane,2014-06-10T20:00,1.324,µg/m³,VOC,GC-MS
50115,MONTRÉAL-MAISONNEUVE,Isopentane,2014-06-15T20:00,2.118,µg/m³,VOC,GC-MS
50115,MONTRÉAL-MAISONNEUVE,Isopentane,2014-06-21T20:00,3.276,µg/m³,VOC,GC-MS
50115,MONTRÉAL-MAISONNEUVE,Isopentane,2014-06-27T20:00,3.388,µg/m³,VOC,GC-MS
50115,MONTRÉAL-MAISONNEUVE,Isopentane,2014-07-03T20:00,2.892,µg/m³,VOC,GC-MS
50115,MONTRÉAL-MAISONNEUVE,Isopentane,2014-07-09T20:00,1.722,µg/m³,VOC,GC-MS
50115,MONTRÉAL-MAISONNEUVE,Isopentane,2014-07-15T20:00,1.662,µg/m³,VOC,GC-MS
50115,MONTRÉAL-MAISONNEUVE,Isopentane,2014-07-21T20:00,2.250,µg/m³,VOC,GC-MS
50115,MONTRÉAL-MAISONNEUVE,Isopentane,2014-07-27T20:00,5.224,µg/m³,VOC,GC-MS
50115,MONTRÉAL-MAISONNEUVE,Isopentane,2014-08-02T20:00,2.116,µg/m³,VOC,GC-MS
50115,MONTRÉAL-MAISONNEUVE,Isopentane,2014-08-08T20:00,1.828,µg/m³,VOC,GC-MS
50115,MONTRÉAL-MAISONNEUVE,Isopentane,2014-08-14T20:00,1.164,µg/m³,VOC,GC-MS
50115,MONTRÉAL-MAISONNEUVE,Isopentane,2014-08-20T20:00,2.170,µg/m³,VOC,GC-MS
50115,MONTRÉAL-MAISONNEUVE,Isopentane,2014-09-01T20:00,2.242,µg/m³,VOC,GC-MS
50115,MONTRÉAL-MAISONNEUVE,Isopentane,2014-09-07T20:00,2.456,µg/m³,VOC,GC-MS
50115,MONTRÉAL-MAISONNEUVE,Isopentane,2014-09-13T20:00,0.706,µg/m³,VOC,GC-MS
50115,MONTRÉAL-MAISONNEUVE,Isopentane,2014-09-19T20:00,1.730,µg/m³,VOC,GC-MS
50115,MONTRÉAL-MAISONNEUVE,Isopentane,2014-09-25T20:00,3.464,µg/m³,VOC,GC-MS
50115,MONTRÉAL-MAISONNEUVE,Isopentane,2014-10-13T20:00,2.336,µg/m³,VOC,GC-MS
50115,MONTRÉAL-MAISONNEUVE,Isopentane,2014-10-19T20:00,1.554,µg/m³,VOC,GC-MS
50115,MONTRÉAL-MAISONNEUVE,Isopentane,2014-10-25T20:00,0.902,µg/m³,VOC,GC-MS
50115,MONTRÉAL-MAISONNEUVE,Isopentane,2014-10-31T20:00,2.510,µg/m³,VOC,GC-MS
50115,MONTRÉAL-MAISONNEUVE,Isopentane,2014-11-06T19:00,1.346,µg/m³,VOC,GC-MS
50115,MONTRÉAL-MAISONNEUVE,Isopentane,2014-11-12T19:00,1.416,µg/m³,VOC,GC-MS
50115,MONTRÉAL-MAISONNEUVE,Isopentane,2014-11-18T19:00,1.118,µg/m³,VOC,GC-MS
50115,MONTRÉAL-MAISONNEUVE,Isopentane,2014-11-24T19:00,1.394,µg/m³,VOC,GC-MS
50115,MONTRÉAL-MAISONNEUVE,Isopentane,2014-11-30T19:00,1.512,µg/m³,VOC,GC-MS
50115,MONTRÉAL-MAISONNEUVE,Isopentane,2014-12-06T19:00,1.138,µg/m³,VOC,GC-MS
50115,MONTRÉAL-MAISONNEUVE,Isopentane,2014-12-12T19:00,1.052,µg/m³,VOC,GC-MS
50115,MONTRÉAL-MAISONNEUVE,Isopentane,2014-12-18T19:00,1.542,µg/m³,VOC,GC-MS
50115,MONTRÉAL-MAISONNEUVE,Isopentane,2014-12-24T19:00,0.986,µg/m³,VOC,GC-MS
50115,MONTRÉAL-MAISONNEUVE,Isopentane,2014-12-30T19:00,1.070,µg/m³,VOC,GC-MS
