﻿NAPS_Site_ID,Station_Name,Pollutant,Date,Value,Units,Report_Type,Method
50121,BROSSARD-PARC OCÉANIE,Chloroform,2008-01-01T00:00,0.074,µg/m³,VOC,GC-MS
50121,BROSSARD-PARC OCÉANIE,Chloroform,2008-01-07T00:00,0.104,µg/m³,VOC,GC-MS
50121,BROSSARD-PARC OCÉANIE,Chloroform,2008-01-13T00:00,0.077,µg/m³,VOC,GC-MS
50121,BROSSARD-PARC OCÉANIE,Chloroform,2008-01-19T00:00,0.075,µg/m³,VOC,GC-MS
50121,BROSSARD-PARC OCÉANIE,Chloroform,2008-01-25T00:00,0.101,µg/m³,VOC,GC-MS
50121,BROSSARD-PARC OCÉANIE,Chloroform,2008-01-31T00:00,0.065,µg/m³,VOC,GC-MS
50121,BROSSARD-PARC OCÉANIE,Chloroform,2008-02-06T00:00,0.078,µg/m³,VOC,GC-MS
50121,BROSSARD-PARC OCÉANIE,Chloroform,2008-02-12T00:00,0.091,µg/m³,VOC,GC-MS
50121,BROSSARD-PARC OCÉANIE,Chloroform,2008-02-18T00:00,0.087,µg/m³,VOC,GC-MS
50121,BROSSARD-PARC OCÉANIE,Chloroform,2008-02-24T00:00,0.076,µg/m³,VOC,GC-MS
50121,BROSSARD-PARC OCÉANIE,Chloroform,2008-03-01T00:00,0.086,µg/m³,VOC,GC-MS
50121,BROSSARD-PARC OCÉANIE,Chloroform,2008-03-07T00:00,0.103,µg/m³,VOC,GC-MS
50121,BROSSARD-PARC OCÉANIE,Chloroform,2008-03-13T00:00,0.068,µg/m³,VOC,GC-MS
50121,BROSSARD-PARC OCÉANIE,Chloroform,2008-03-19T00:00,0.063,µg/m³,VOC,GC-MS
50121,BROSSARD-PARC OCÉANIE,Chloroform,2008-03-25T00:00,0.077,µg/m³,VOC,GC-MS
50121,BROSSARD-PARC OCÉANIE,Chloroform,2008-03-31T00:00,0.087,µg/m³,VOC,GC-MS
50121,BROSSARD-PARC OCÉANIE,Chloroform,2008-04-06T00:00,0.083,µg/m³,VOC,GC-MS
50121,BROSSARD-PARC OCÉANIE,Chloroform,2008-04-12T00:00,0.072,µg/m³,VOC,GC-MS
50121,BROSSARD-PARC OCÉANIE,Chloroform,2008-04-18T00:00,0.129,µg/m³,VOC,GC-MS
50121,BROSSARD-PARC OCÉANIE,Chloroform,2008-04-24T00:00,0.111,µg/m³,VOC,GC-MS
50121,BROSSARD-PARC OCÉANIE,Chloroform,2008-04-30T00:00,0.067,µg/m³,VOC,GC-MS
50121,BROSSARD-PARC OCÉANIE,Chloroform,2008-05-06T00:00,0.114,µg/m³,VOC,GC-MS
50121,BROSSARD-PARC OCÉANIE,Chloroform,2008-05-12T00:00,0.181,µg/m³,VOC,GC-MS
50121,BROSSARD-PARC OCÉANIE,Chloroform,2008-05-18T00:00,0.123,µg/m³,VOC,GC-MS
50121,BROSSARD-PARC OCÉANIE,Chloroform,2008-05-24T00:00,0.222,µg/m³,VOC,GC-MS
50121,BROSSARD-PARC OCÉANIE,Chloroform,2008-05-30T00:00,0.335,µg/m³,VOC,GC-MS
50121,BROSSARD-PARC OCÉANIE,Chloroform,2008-06-05T00:00,0.176,µg/m³,VOC,GC-MS
50121,BROSSARD-PARC OCÉANIE,Chloroform,2008-06-11T00:00,0.123,µg/m³,VOC,GC-MS
50121,BROSSARD-PARC OCÉANIE,Chloroform,2008-06-17T00:00,0.191,µg/m³,VOC,GC-MS
50121,BROSSARD-PARC OCÉANIE,Chloroform,2008-06-23T00:00,0.334,µg/m³,VOC,GC-MS
50121,BROSSARD-PARC OCÉANIE,Chloroform,2008-07-05T00:00,0.302,µg/m³,VOC,GC-MS
50121,BROSSARD-PARC OCÉANIE,Chloroform,2008-07-17T00:00,0.464,µg/m³,VOC,GC-MS
50121,BROSSARD-PARC OCÉANIE,Chloroform,2008-07-23T00:00,0.332,µg/m³,VOC,GC-MS
50121,BROSSARD-PARC OCÉANIE,Chloroform,2008-07-29T00:00,0.195,µg/m³,VOC,GC-MS
50121,BROSSARD-PARC OCÉANIE,Chloroform,2008-08-04T00:00,0.388,µg/m³,VOC,GC-MS
50121,BROSSARD-PARC OCÉANIE,Chloroform,2008-08-10T00:00,0.306,µg/m³,VOC,GC-MS
50121,BROSSARD-PARC OCÉANIE,Chloroform,2008-08-16T00:00,0.224,µg/m³,VOC,GC-MS
50121,BROSSARD-PARC OCÉANIE,Chloroform,2008-08-22T00:00,0.314,µg/m³,VOC,GC-MS
50121,BROSSARD-PARC OCÉANIE,Chloroform,2008-08-28T00:00,0.555,µg/m³,VOC,GC-MS
50121,BROSSARD-PARC OCÉANIE,Chloroform,2008-09-03T00:00,0.339,µg/m³,VOC,GC-MS
50121,BROSSARD-PARC OCÉANIE,Chloroform,2008-09-09T00:00,0.190,µg/m³,VOC,GC-MS
50121,BROSSARD-PARC OCÉANIE,Chloroform,2008-09-15T00:00,0.105,µg/m³,VOC,GC-MS
50121,BROSSARD-PARC OCÉANIE,Chloroform,2008-09-21T00:00,0.246,µg/m³,VOC,GC-MS
50121,BROSSARD-PARC OCÉANIE,Chloroform,2008-09-27T00:00,0.213,µg/m³,VOC,GC-MS
50121,BROSSARD-PARC OCÉANIE,Chloroform,2008-10-03T00:00,0.098,µg/m³,VOC,GC-MS
50121,BROSSARD-PARC OCÉANIE,Chloroform,2008-10-09T00:00,0.083,µg/m³,VOC,GC-MS
50121,BROSSARD-PARC OCÉANIE,Chloroform,2008-10-15T00:00,0.230,µg/m³,VOC,GC-MS
50121,BROSSARD-PARC OCÉANIE,Chloroform,2008-10-21T00:00,0.115,µg/m³,VOC,GC-MS
50121,BROSSARD-PARC OCÉANIE,Chloroform,2008-10-27T00:00,0.090,µg/m³,VOC,GC-MS
50121,BROSSARD-PARC OCÉANIE,Chloroform,2008-11-02T00:00,0.083,µg/m³,VOC,GC-MS
50121,BROSSARD-PARC OCÉANIE,Chloroform,2008-11-08T00:00,0.114,µg/m³,VOC,GC-MS
50121,BROSSARD-PARC OCÉANIE,Chloroform,2008-11-14T00:00,0.078,µg/m³,VOC,GC-MS
50121,BROSSARD-PARC OCÉANIE,Chloroform,2008-11-20T00:00,0.074,µg/m³,VOC,GC-MS
50121,BROSSARD-PARC OCÉANIE,Chloroform,2008-11-26T00:00,0.105,µg/m³,VOC,GC-MS
50121,BROSSARD-PARC OCÉANIE,Chloroform,2008-12-02T00:00,0.089,µg/m³,VOC,GC-MS
50121,BROSSARD-PARC OCÉANIE,Chloroform,2008-12-08T00:00,0.070,µg/m³,VOC,GC-MS
50121,BROSSARD-PARC OCÉANIE,Chloroform,2008-12-14T00:00,0.072,µg/m³,VOC,GC-MS
50121,BROSSARD-PARC OCÉANIE,Chloroform,2008-12-20T00:00,0.071,µg/m³,VOC,GC-MS
50121,BROSSARD-PARC OCÉANIE,Chloroform,2008-12-26T00:00,0.092,µg/m³,VOC,GC-MS
