﻿NAPS_Site_ID,Station_Name,Pollutant,Date,Value,Units,Report_Type,Method
50104,ONTARIO,3-Ethyltoluene,1995-01-03T00:00,0.285,µg/m³,VOC,GC-MS
50104,ONTARIO,3-Ethyltoluene,1995-01-09T00:00,0.595,µg/m³,VOC,GC-MS
50104,ONTARIO,3-Ethyltoluene,1995-01-15T00:00,1.748,µg/m³,VOC,GC-MS
50104,ONTARIO,3-Ethyltoluene,1995-01-21T00:00,0.393,µg/m³,VOC,GC-MS
50104,ONTARIO,3-Ethyltoluene,1995-01-27T00:00,0.522,µg/m³,VOC,GC-MS
50104,ONTARIO,3-Ethyltoluene,1995-02-02T00:00,0.575,µg/m³,VOC,GC-MS
50104,ONTARIO,3-Ethyltoluene,1995-02-08T00:00,1.171,µg/m³,VOC,GC-MS
50104,ONTARIO,3-Ethyltoluene,1995-02-14T00:00,0.556,µg/m³,VOC,GC-MS
50104,ONTARIO,3-Ethyltoluene,1995-02-20T00:00,0.386,µg/m³,VOC,GC-MS
50104,ONTARIO,3-Ethyltoluene,1995-02-26T00:00,0.457,µg/m³,VOC,GC-MS
50104,ONTARIO,3-Ethyltoluene,1995-03-04T00:00,0.805,µg/m³,VOC,GC-MS
50104,ONTARIO,3-Ethyltoluene,1995-03-10T00:00,0.229,µg/m³,VOC,GC-MS
50104,ONTARIO,3-Ethyltoluene,1995-03-16T00:00,1.924,µg/m³,VOC,GC-MS
50104,ONTARIO,3-Ethyltoluene,1995-03-22T00:00,0.532,µg/m³,VOC,GC-MS
50104,ONTARIO,3-Ethyltoluene,1995-03-28T00:00,0.996,µg/m³,VOC,GC-MS
50104,ONTARIO,3-Ethyltoluene,1995-04-03T00:00,0.778,µg/m³,VOC,GC-MS
50104,ONTARIO,3-Ethyltoluene,1995-04-09T00:00,0.410,µg/m³,VOC,GC-MS
50104,ONTARIO,3-Ethyltoluene,1995-04-15T00:00,0.325,µg/m³,VOC,GC-MS
50104,ONTARIO,3-Ethyltoluene,1995-04-21T00:00,0.437,µg/m³,VOC,GC-MS
50104,ONTARIO,3-Ethyltoluene,1995-04-27T00:00,0.772,µg/m³,VOC,GC-MS
50104,ONTARIO,3-Ethyltoluene,1995-05-03T00:00,1.716,µg/m³,VOC,GC-MS
50104,ONTARIO,3-Ethyltoluene,1995-05-09T00:00,0.707,µg/m³,VOC,GC-MS
50104,ONTARIO,3-Ethyltoluene,1995-05-15T00:00,0.798,µg/m³,VOC,GC-MS
50104,ONTARIO,3-Ethyltoluene,1995-05-21T00:00,0.691,µg/m³,VOC,GC-MS
50104,ONTARIO,3-Ethyltoluene,1995-05-27T00:00,0.452,µg/m³,VOC,GC-MS
50104,ONTARIO,3-Ethyltoluene,1995-06-02T00:00,0.568,µg/m³,VOC,GC-MS
50104,ONTARIO,3-Ethyltoluene,1995-06-08T00:00,0.477,µg/m³,VOC,GC-MS
50104,ONTARIO,3-Ethyltoluene,1995-06-14T00:00,0.537,µg/m³,VOC,GC-MS
50104,ONTARIO,3-Ethyltoluene,1995-06-20T00:00,0.613,µg/m³,VOC,GC-MS
50104,ONTARIO,3-Ethyltoluene,1995-06-26T00:00,0.320,µg/m³,VOC,GC-MS
50104,ONTARIO,3-Ethyltoluene,1995-07-02T00:00,0.285,µg/m³,VOC,GC-MS
50104,ONTARIO,3-Ethyltoluene,1995-07-08T00:00,0.355,µg/m³,VOC,GC-MS
50104,ONTARIO,3-Ethyltoluene,1995-07-14T00:00,0.416,µg/m³,VOC,GC-MS
50104,ONTARIO,3-Ethyltoluene,1995-07-20T00:00,0.873,µg/m³,VOC,GC-MS
50104,ONTARIO,3-Ethyltoluene,1995-07-26T00:00,1.038,µg/m³,VOC,GC-MS
50104,ONTARIO,3-Ethyltoluene,1995-08-01T00:00,0.465,µg/m³,VOC,GC-MS
50104,ONTARIO,3-Ethyltoluene,1995-08-07T00:00,1.153,µg/m³,VOC,GC-MS
50104,ONTARIO,3-Ethyltoluene,1995-08-13T00:00,0.465,µg/m³,VOC,GC-MS
50104,ONTARIO,3-Ethyltoluene,1995-08-19T00:00,0.531,µg/m³,VOC,GC-MS
50104,ONTARIO,3-Ethyltoluene,1995-08-25T00:00,0.772,µg/m³,VOC,GC-MS
50104,ONTARIO,3-Ethyltoluene,1995-08-31T00:00,0.945,µg/m³,VOC,GC-MS
50104,ONTARIO,3-Ethyltoluene,1995-09-06T00:00,0.649,µg/m³,VOC,GC-MS
50104,ONTARIO,3-Ethyltoluene,1995-09-12T00:00,1.107,µg/m³,VOC,GC-MS
50104,ONTARIO,3-Ethyltoluene,1995-09-18T00:00,0.649,µg/m³,VOC,GC-MS
50104,ONTARIO,3-Ethyltoluene,1995-09-24T00:00,1.168,µg/m³,VOC,GC-MS
50104,ONTARIO,3-Ethyltoluene,1995-09-30T00:00,0.894,µg/m³,VOC,GC-MS
50104,ONTARIO,3-Ethyltoluene,1995-10-06T00:00,0.314,µg/m³,VOC,GC-MS
50104,ONTARIO,3-Ethyltoluene,1995-10-12T00:00,0.411,µg/m³,VOC,GC-MS
50104,ONTARIO,3-Ethyltoluene,1995-10-18T00:00,0.884,µg/m³,VOC,GC-MS
50104,ONTARIO,3-Ethyltoluene,1995-10-24T00:00,1.611,µg/m³,VOC,GC-MS
50104,ONTARIO,3-Ethyltoluene,1995-10-30T00:00,0.908,µg/m³,VOC,GC-MS
50104,ONTARIO,3-Ethyltoluene,1995-11-05T00:00,0.280,µg/m³,VOC,GC-MS
50104,ONTARIO,3-Ethyltoluene,1995-11-11T00:00,0.479,µg/m³,VOC,GC-MS
50104,ONTARIO,3-Ethyltoluene,1995-11-17T00:00,1.187,µg/m³,VOC,GC-MS
50104,ONTARIO,3-Ethyltoluene,1995-11-23T00:00,0.791,µg/m³,VOC,GC-MS
50104,ONTARIO,3-Ethyltoluene,1995-11-29T00:00,2.266,µg/m³,VOC,GC-MS
50104,ONTARIO,3-Ethyltoluene,1995-12-05T00:00,1.313,µg/m³,VOC,GC-MS
50104,ONTARIO,3-Ethyltoluene,1995-12-11T00:00,0.638,µg/m³,VOC,GC-MS
