﻿NAPS_Site_ID,Station_Name,Pollutant,Date,Value,Units,Report_Type,Method
100112,DOWNTOWN VANCOUVER,Hexane,2006-01-11T00:00,0.535,µg/m³,VOC,GC-MS
100112,DOWNTOWN VANCOUVER,Hexane,2006-01-29T00:00,0.915,µg/m³,VOC,GC-MS
100112,DOWNTOWN VANCOUVER,Hexane,2006-02-16T00:00,0.511,µg/m³,VOC,GC-MS
100112,DOWNTOWN VANCOUVER,Hexane,2006-03-06T00:00,0.378,µg/m³,VOC,GC-MS
100112,DOWNTOWN VANCOUVER,Hexane,2006-03-24T00:00,0.314,µg/m³,VOC,GC-MS
100112,DOWNTOWN VANCOUVER,Hexane,2006-05-17T00:00,0.529,µg/m³,VOC,GC-MS
100112,DOWNTOWN VANCOUVER,Hexane,2006-07-10T00:00,0.411,µg/m³,VOC,GC-MS
100112,DOWNTOWN VANCOUVER,Hexane,2006-09-02T00:00,1.252,µg/m³,VOC,GC-MS
100112,DOWNTOWN VANCOUVER,Hexane,2006-09-20T00:00,0.633,µg/m³,VOC,GC-MS
100112,DOWNTOWN VANCOUVER,Hexane,2006-10-08T00:00,0.302,µg/m³,VOC,GC-MS
100112,DOWNTOWN VANCOUVER,Hexane,2006-10-26T00:00,0.784,µg/m³,VOC,GC-MS
100112,DOWNTOWN VANCOUVER,Hexane,2006-11-19T00:00,0.325,µg/m³,VOC,GC-MS
100112,DOWNTOWN VANCOUVER,Hexane,2006-12-07T00:00,2.361,µg/m³,VOC,GC-MS
100112,DOWNTOWN VANCOUVER,Hexane,2006-12-25T00:00,0.275,µg/m³,VOC,GC-MS
