﻿NAPS_Site_ID,Station_Name,Pollutant,Date,Value,Units,Report_Type,Method
30501,KEJIMKUJIK NATIONAL PARK,OCDF,1996-01-04T00:00,0.023,pg/m³,PCDD,N/A
30501,KEJIMKUJIK NATIONAL PARK,OCDF,1996-02-21T00:00,0.000,pg/m³,PCDD,N/A
30501,KEJIMKUJIK NATIONAL PARK,OCDF,1996-04-09T00:00,0.000,pg/m³,PCDD,N/A
30501,KEJIMKUJIK NATIONAL PARK,OCDF,1996-05-27T00:00,0.000,pg/m³,PCDD,N/A
30501,KEJIMKUJIK NATIONAL PARK,OCDF,1996-06-20T00:00,0.013,pg/m³,PCDD,N/A
30501,KEJIMKUJIK NATIONAL PARK,OCDF,1996-08-07T00:00,0.000,pg/m³,PCDD,N/A
30501,KEJIMKUJIK NATIONAL PARK,OCDF,1996-08-31T00:00,0.010,pg/m³,PCDD,N/A
30501,KEJIMKUJIK NATIONAL PARK,OCDF,1996-09-24T00:00,0.000,pg/m³,PCDD,N/A
30501,KEJIMKUJIK NATIONAL PARK,OCDF,1996-10-18T00:00,0.000,pg/m³,PCDD,N/A
30501,KEJIMKUJIK NATIONAL PARK,OCDF,1996-12-05T00:00,0.008,pg/m³,PCDD,N/A
30501,KEJIMKUJIK NATIONAL PARK,OCDF,1996-12-29T00:00,0.000,pg/m³,PCDD,N/A
