﻿NAPS_Site_ID,Station_Name,Pollutant,Date,Value,Units,Report_Type,Method
60403,EVANS & ARNOLD,"1,3,5-Trimethylbenzene",1998-01-05T00:00,0.080,µg/m³,VOC,
60403,EVANS & ARNOLD,"1,3,5-Trimethylbenzene",1998-01-11T00:00,0.100,µg/m³,VOC,
60403,EVANS & ARNOLD,"1,3,5-Trimethylbenzene",1998-01-17T00:00,0.260,µg/m³,VOC,
60403,EVANS & ARNOLD,"1,3,5-Trimethylbenzene",1998-01-23T00:00,0.080,µg/m³,VOC,
60403,EVANS & ARNOLD,"1,3,5-Trimethylbenzene",1998-01-29T00:00,0.100,µg/m³,VOC,
60403,EVANS & ARNOLD,"1,3,5-Trimethylbenzene",1998-02-04T00:00,0.360,µg/m³,VOC,
60403,EVANS & ARNOLD,"1,3,5-Trimethylbenzene",1998-02-10T00:00,1.700,µg/m³,VOC,
60403,EVANS & ARNOLD,"1,3,5-Trimethylbenzene",1998-02-16T00:00,0.200,µg/m³,VOC,
60403,EVANS & ARNOLD,"1,3,5-Trimethylbenzene",1998-02-22T00:00,0.140,µg/m³,VOC,
60403,EVANS & ARNOLD,"1,3,5-Trimethylbenzene",1998-02-28T00:00,0.520,µg/m³,VOC,
60403,EVANS & ARNOLD,"1,3,5-Trimethylbenzene",1998-03-06T00:00,0.120,µg/m³,VOC,
60403,EVANS & ARNOLD,"1,3,5-Trimethylbenzene",1998-03-12T00:00,0.060,µg/m³,VOC,
60403,EVANS & ARNOLD,"1,3,5-Trimethylbenzene",1998-03-18T00:00,0.120,µg/m³,VOC,
60403,EVANS & ARNOLD,"1,3,5-Trimethylbenzene",1998-03-24T00:00,0.360,µg/m³,VOC,
60403,EVANS & ARNOLD,"1,3,5-Trimethylbenzene",1998-03-30T00:00,0.100,µg/m³,VOC,
60403,EVANS & ARNOLD,"1,3,5-Trimethylbenzene",1998-04-05T00:00,0.260,µg/m³,VOC,
60403,EVANS & ARNOLD,"1,3,5-Trimethylbenzene",1998-04-11T00:00,0.080,µg/m³,VOC,
60403,EVANS & ARNOLD,"1,3,5-Trimethylbenzene",1998-04-17T00:00,0.920,µg/m³,VOC,
60403,EVANS & ARNOLD,"1,3,5-Trimethylbenzene",1998-04-23T00:00,0.220,µg/m³,VOC,
60403,EVANS & ARNOLD,"1,3,5-Trimethylbenzene",1998-05-05T00:00,0.360,µg/m³,VOC,
60403,EVANS & ARNOLD,"1,3,5-Trimethylbenzene",1998-05-11T00:00,0.347,µg/m³,VOC,
60403,EVANS & ARNOLD,"1,3,5-Trimethylbenzene",1998-05-23T00:00,0.172,µg/m³,VOC,
60403,EVANS & ARNOLD,"1,3,5-Trimethylbenzene",1998-06-22T00:00,0.619,µg/m³,VOC,
60403,EVANS & ARNOLD,"1,3,5-Trimethylbenzene",1998-07-10T00:00,0.129,µg/m³,VOC,
60403,EVANS & ARNOLD,"1,3,5-Trimethylbenzene",1998-07-16T00:00,0.322,µg/m³,VOC,
60403,EVANS & ARNOLD,"1,3,5-Trimethylbenzene",1998-07-30T00:00,0.429,µg/m³,VOC,
60403,EVANS & ARNOLD,"1,3,5-Trimethylbenzene",1998-07-31T00:00,0.351,µg/m³,VOC,
60403,EVANS & ARNOLD,"1,3,5-Trimethylbenzene",1998-08-03T00:00,0.499,µg/m³,VOC,
60403,EVANS & ARNOLD,"1,3,5-Trimethylbenzene",1998-08-09T00:00,0.377,µg/m³,VOC,
60403,EVANS & ARNOLD,"1,3,5-Trimethylbenzene",1998-08-15T00:00,0.323,µg/m³,VOC,
60403,EVANS & ARNOLD,"1,3,5-Trimethylbenzene",1998-08-21T00:00,0.338,µg/m³,VOC,
60403,EVANS & ARNOLD,"1,3,5-Trimethylbenzene",1998-08-27T00:00,0.716,µg/m³,VOC,
60403,EVANS & ARNOLD,"1,3,5-Trimethylbenzene",1998-09-02T00:00,0.375,µg/m³,VOC,
60403,EVANS & ARNOLD,"1,3,5-Trimethylbenzene",1998-09-08T00:00,0.229,µg/m³,VOC,
60403,EVANS & ARNOLD,"1,3,5-Trimethylbenzene",1998-09-14T00:00,0.478,µg/m³,VOC,
60403,EVANS & ARNOLD,"1,3,5-Trimethylbenzene",1998-09-26T00:00,0.122,µg/m³,VOC,
60403,EVANS & ARNOLD,"1,3,5-Trimethylbenzene",1998-10-02T00:00,0.340,µg/m³,VOC,
60403,EVANS & ARNOLD,"1,3,5-Trimethylbenzene",1998-10-08T00:00,0.311,µg/m³,VOC,
60403,EVANS & ARNOLD,"1,3,5-Trimethylbenzene",1998-10-14T00:00,0.618,µg/m³,VOC,
60403,EVANS & ARNOLD,"1,3,5-Trimethylbenzene",1998-10-20T00:00,0.305,µg/m³,VOC,
60403,EVANS & ARNOLD,"1,3,5-Trimethylbenzene",1998-10-26T00:00,0.289,µg/m³,VOC,
60403,EVANS & ARNOLD,"1,3,5-Trimethylbenzene",1998-11-01T00:00,0.180,µg/m³,VOC,
60403,EVANS & ARNOLD,"1,3,5-Trimethylbenzene",1998-11-07T00:00,0.196,µg/m³,VOC,
60403,EVANS & ARNOLD,"1,3,5-Trimethylbenzene",1998-11-19T00:00,0.215,µg/m³,VOC,
60403,EVANS & ARNOLD,"1,3,5-Trimethylbenzene",1998-11-25T00:00,0.518,µg/m³,VOC,
60403,EVANS & ARNOLD,"1,3,5-Trimethylbenzene",1998-12-01T00:00,0.250,µg/m³,VOC,
60403,EVANS & ARNOLD,"1,3,5-Trimethylbenzene",1998-12-07T00:00,0.290,µg/m³,VOC,
60403,EVANS & ARNOLD,"1,3,5-Trimethylbenzene",1998-12-13T00:00,0.296,µg/m³,VOC,
60403,EVANS & ARNOLD,"1,3,5-Trimethylbenzene",1998-12-19T00:00,0.236,µg/m³,VOC,
60403,EVANS & ARNOLD,"1,3,5-Trimethylbenzene",1998-12-25T00:00,0.098,µg/m³,VOC,
60403,EVANS & ARNOLD,"1,3,5-Trimethylbenzene",1998-12-31T00:00,0.136,µg/m³,VOC,
