﻿NAPS_Site_ID,Station_Name,Pollutant,Date,Value,Units,Report_Type,Method
50124,MONTRÉAL-CHATEAUNEUF-ANJOU,2-Methylhexane,2022-10-02T00:00,1.348,µg/m³,VOC,GC-MS
50124,MONTRÉAL-CHATEAUNEUF-ANJOU,2-Methylhexane,2022-10-08T00:00,0.098,µg/m³,VOC,GC-MS
50124,MONTRÉAL-CHATEAUNEUF-ANJOU,2-Methylhexane,2022-10-20T00:00,0.370,µg/m³,VOC,GC-MS
50124,MONTRÉAL-CHATEAUNEUF-ANJOU,2-Methylhexane,2022-10-26T00:00,0.248,µg/m³,VOC,GC-MS
50124,MONTRÉAL-CHATEAUNEUF-ANJOU,2-Methylhexane,2022-11-01T00:00,1.240,µg/m³,VOC,GC-MS
50124,MONTRÉAL-CHATEAUNEUF-ANJOU,2-Methylhexane,2022-11-07T00:00,0.086,µg/m³,VOC,GC-MS
50124,MONTRÉAL-CHATEAUNEUF-ANJOU,2-Methylhexane,2022-11-13T00:00,0.056,µg/m³,VOC,GC-MS
50124,MONTRÉAL-CHATEAUNEUF-ANJOU,2-Methylhexane,2022-11-19T00:00,0.230,µg/m³,VOC,GC-MS
50124,MONTRÉAL-CHATEAUNEUF-ANJOU,2-Methylhexane,2022-11-25T00:00,0.538,µg/m³,VOC,GC-MS
50124,MONTRÉAL-CHATEAUNEUF-ANJOU,2-Methylhexane,2022-12-07T00:00,0.438,µg/m³,VOC,GC-MS
50124,MONTRÉAL-CHATEAUNEUF-ANJOU,2-Methylhexane,2022-12-19T00:00,0.314,µg/m³,VOC,GC-MS
