﻿NAPS_Site_ID,Station_Name,Pollutant,Date,Value,Units,Report_Type,Method
100132,MAHON PARK,Freon 11,1995-01-27T00:00,2.206,µg/m³,VOC,
100132,MAHON PARK,Freon 11,1995-04-09T00:00,2.455,µg/m³,VOC,
100132,MAHON PARK,Freon 11,1995-05-15T00:00,2.325,µg/m³,VOC,
100132,MAHON PARK,Freon 11,1995-06-20T00:00,2.620,µg/m³,VOC,
100132,MAHON PARK,Freon 11,1995-10-06T00:00,2.613,µg/m³,VOC,
100132,MAHON PARK,Freon 11,1995-11-11T00:00,2.388,µg/m³,VOC,
100132,MAHON PARK,Freon 11,1995-12-17T00:00,1.637,µg/m³,VOC,
