﻿NAPS_Site_ID,Station_Name,Pollutant,Date,Value,Units,Report_Type,Method
70119,ELLEN,1-Pentene,1994-01-02T00:00,0.122,µg/m³,VOC,GC-MS
70119,ELLEN,1-Pentene,1994-01-08T00:00,0.268,µg/m³,VOC,GC-MS
70119,ELLEN,1-Pentene,1994-01-14T00:00,0.196,µg/m³,VOC,GC-MS
70119,ELLEN,1-Pentene,1994-01-20T00:00,0.000,µg/m³,VOC,GC-MS
70119,ELLEN,1-Pentene,1994-01-26T00:00,0.213,µg/m³,VOC,GC-MS
70119,ELLEN,1-Pentene,1994-02-01T00:00,0.218,µg/m³,VOC,GC-MS
70119,ELLEN,1-Pentene,1994-02-07T00:00,0.367,µg/m³,VOC,GC-MS
70119,ELLEN,1-Pentene,1994-02-13T00:00,0.214,µg/m³,VOC,GC-MS
70119,ELLEN,1-Pentene,1994-02-19T00:00,0.112,µg/m³,VOC,GC-MS
70119,ELLEN,1-Pentene,1994-02-25T00:00,0.235,µg/m³,VOC,GC-MS
70119,ELLEN,1-Pentene,1994-03-03T00:00,0.276,µg/m³,VOC,GC-MS
70119,ELLEN,1-Pentene,1994-03-09T00:00,0.128,µg/m³,VOC,GC-MS
70119,ELLEN,1-Pentene,1994-03-15T00:00,0.122,µg/m³,VOC,GC-MS
70119,ELLEN,1-Pentene,1994-03-21T00:00,0.123,µg/m³,VOC,GC-MS
70119,ELLEN,1-Pentene,1994-03-27T00:00,0.038,µg/m³,VOC,GC-MS
70119,ELLEN,1-Pentene,1994-04-02T00:00,0.114,µg/m³,VOC,GC-MS
70119,ELLEN,1-Pentene,1994-04-08T00:00,0.198,µg/m³,VOC,GC-MS
70119,ELLEN,1-Pentene,1994-04-20T00:00,0.136,µg/m³,VOC,GC-MS
70119,ELLEN,1-Pentene,1994-04-26T00:00,0.000,µg/m³,VOC,GC-MS
70119,ELLEN,1-Pentene,1994-05-02T00:00,0.179,µg/m³,VOC,GC-MS
70119,ELLEN,1-Pentene,1994-05-08T00:00,0.000,µg/m³,VOC,GC-MS
70119,ELLEN,1-Pentene,1994-05-14T00:00,0.000,µg/m³,VOC,GC-MS
70119,ELLEN,1-Pentene,1994-05-20T00:00,0.205,µg/m³,VOC,GC-MS
70119,ELLEN,1-Pentene,1994-05-26T00:00,0.223,µg/m³,VOC,GC-MS
70119,ELLEN,1-Pentene,1994-06-01T00:00,0.225,µg/m³,VOC,GC-MS
70119,ELLEN,1-Pentene,1994-06-07T00:00,0.153,µg/m³,VOC,GC-MS
70119,ELLEN,1-Pentene,1994-06-13T00:00,0.167,µg/m³,VOC,GC-MS
70119,ELLEN,1-Pentene,1994-06-19T00:00,0.161,µg/m³,VOC,GC-MS
70119,ELLEN,1-Pentene,1994-06-25T00:00,0.129,µg/m³,VOC,GC-MS
70119,ELLEN,1-Pentene,1994-07-01T00:00,0.063,µg/m³,VOC,GC-MS
70119,ELLEN,1-Pentene,1994-07-07T00:00,0.107,µg/m³,VOC,GC-MS
70119,ELLEN,1-Pentene,1994-07-13T00:00,0.166,µg/m³,VOC,GC-MS
70119,ELLEN,1-Pentene,1994-07-19T00:00,0.132,µg/m³,VOC,GC-MS
70119,ELLEN,1-Pentene,1994-07-25T00:00,0.111,µg/m³,VOC,GC-MS
70119,ELLEN,1-Pentene,1994-07-31T00:00,0.199,µg/m³,VOC,GC-MS
70119,ELLEN,1-Pentene,1994-08-06T00:00,0.148,µg/m³,VOC,GC-MS
70119,ELLEN,1-Pentene,1994-08-12T00:00,0.183,µg/m³,VOC,GC-MS
70119,ELLEN,1-Pentene,1994-08-18T00:00,0.198,µg/m³,VOC,GC-MS
70119,ELLEN,1-Pentene,1994-08-30T00:00,0.133,µg/m³,VOC,GC-MS
70119,ELLEN,1-Pentene,1994-09-05T00:00,0.091,µg/m³,VOC,GC-MS
70119,ELLEN,1-Pentene,1994-09-11T00:00,0.070,µg/m³,VOC,GC-MS
70119,ELLEN,1-Pentene,1994-09-17T00:00,0.245,µg/m³,VOC,GC-MS
70119,ELLEN,1-Pentene,1994-09-23T00:00,0.193,µg/m³,VOC,GC-MS
70119,ELLEN,1-Pentene,1994-09-29T00:00,0.182,µg/m³,VOC,GC-MS
70119,ELLEN,1-Pentene,1994-10-05T00:00,0.142,µg/m³,VOC,GC-MS
70119,ELLEN,1-Pentene,1994-10-11T00:00,0.257,µg/m³,VOC,GC-MS
70119,ELLEN,1-Pentene,1994-10-17T00:00,0.241,µg/m³,VOC,GC-MS
70119,ELLEN,1-Pentene,1994-10-23T00:00,0.035,µg/m³,VOC,GC-MS
70119,ELLEN,1-Pentene,1994-10-29T00:00,0.063,µg/m³,VOC,GC-MS
70119,ELLEN,1-Pentene,1994-11-04T00:00,0.155,µg/m³,VOC,GC-MS
70119,ELLEN,1-Pentene,1994-11-10T00:00,0.101,µg/m³,VOC,GC-MS
70119,ELLEN,1-Pentene,1994-11-16T00:00,0.107,µg/m³,VOC,GC-MS
70119,ELLEN,1-Pentene,1994-11-22T00:00,0.221,µg/m³,VOC,GC-MS
70119,ELLEN,1-Pentene,1994-11-28T00:00,0.127,µg/m³,VOC,GC-MS
70119,ELLEN,1-Pentene,1994-12-04T00:00,0.074,µg/m³,VOC,GC-MS
70119,ELLEN,1-Pentene,1994-12-10T00:00,0.160,µg/m³,VOC,GC-MS
70119,ELLEN,1-Pentene,1994-12-16T00:00,0.250,µg/m³,VOC,GC-MS
70119,ELLEN,1-Pentene,1994-12-22T00:00,0.418,µg/m³,VOC,GC-MS
70119,ELLEN,1-Pentene,1994-12-28T00:00,0.126,µg/m³,VOC,GC-MS
