﻿NAPS_Site_ID,Station_Name,Pollutant,Date,Value,Units,Report_Type,Method
100127,SURREY EAST,"2,2-Dimethylpropane",1990-04-29T00:00,0.071,µg/m³,VOC,GC-MS
100127,SURREY EAST,"2,2-Dimethylpropane",1990-05-29T00:00,0.000,µg/m³,VOC,GC-MS
100127,SURREY EAST,"2,2-Dimethylpropane",1990-06-22T00:00,0.082,µg/m³,VOC,GC-MS
100127,SURREY EAST,"2,2-Dimethylpropane",1990-07-22T00:00,0.043,µg/m³,VOC,GC-MS
100127,SURREY EAST,"2,2-Dimethylpropane",1990-08-09T00:00,0.072,µg/m³,VOC,GC-MS
100127,SURREY EAST,"2,2-Dimethylpropane",1990-09-14T00:00,0.071,µg/m³,VOC,GC-MS
100127,SURREY EAST,"2,2-Dimethylpropane",1990-10-08T00:00,0.055,µg/m³,VOC,GC-MS
100127,SURREY EAST,"2,2-Dimethylpropane",1990-11-07T00:00,0.062,µg/m³,VOC,GC-MS
100127,SURREY EAST,"2,2-Dimethylpropane",1990-12-07T00:00,0.049,µg/m³,VOC,GC-MS
