﻿NAPS_Site_ID,Station_Name,Pollutant,Date,Value,Units,Report_Type,Method
100134,VANCOUVER INTL. AIRPORT,trans-2-Octene,1999-01-12T00:00,0.000,µg/m³,VOC,
100134,VANCOUVER INTL. AIRPORT,trans-2-Octene,1999-01-30T00:00,0.000,µg/m³,VOC,
100134,VANCOUVER INTL. AIRPORT,trans-2-Octene,1999-02-17T00:00,0.000,µg/m³,VOC,
100134,VANCOUVER INTL. AIRPORT,trans-2-Octene,1999-03-07T00:00,0.000,µg/m³,VOC,
100134,VANCOUVER INTL. AIRPORT,trans-2-Octene,1999-03-25T00:00,0.020,µg/m³,VOC,
100134,VANCOUVER INTL. AIRPORT,trans-2-Octene,1999-04-12T00:00,0.000,µg/m³,VOC,
