﻿NAPS_Site_ID,Station_Name,Pollutant,Date,Value,Units,Report_Type,Method
40203,FOREST HILLS,trans-2-Butene,2018-02-01T00:00,0.158,µg/m³,VOC,GC-MS
40203,FOREST HILLS,trans-2-Butene,2018-02-13T00:00,0.058,µg/m³,VOC,GC-MS
40203,FOREST HILLS,trans-2-Butene,2018-02-19T00:00,0.086,µg/m³,VOC,GC-MS
40203,FOREST HILLS,trans-2-Butene,2018-02-25T00:00,0.006,µg/m³,VOC,GC-MS
40203,FOREST HILLS,trans-2-Butene,2018-03-03T00:00,0.005,µg/m³,VOC,GC-MS
40203,FOREST HILLS,trans-2-Butene,2018-03-09T00:00,0.049,µg/m³,VOC,GC-MS
40203,FOREST HILLS,trans-2-Butene,2018-03-15T00:00,0.029,µg/m³,VOC,GC-MS
40203,FOREST HILLS,trans-2-Butene,2018-03-21T00:00,0.013,µg/m³,VOC,GC-MS
40203,FOREST HILLS,trans-2-Butene,2018-03-27T00:00,0.014,µg/m³,VOC,GC-MS
40203,FOREST HILLS,trans-2-Butene,2018-05-14T00:00,0.035,µg/m³,VOC,GC-MS
40203,FOREST HILLS,trans-2-Butene,2018-05-20T00:00,0.208,µg/m³,VOC,GC-MS
40203,FOREST HILLS,trans-2-Butene,2018-05-26T00:00,0.053,µg/m³,VOC,GC-MS
40203,FOREST HILLS,trans-2-Butene,2018-06-01T00:00,0.077,µg/m³,VOC,GC-MS
40203,FOREST HILLS,trans-2-Butene,2018-06-07T00:00,0.114,µg/m³,VOC,GC-MS
40203,FOREST HILLS,trans-2-Butene,2018-06-13T00:00,0.273,µg/m³,VOC,GC-MS
40203,FOREST HILLS,trans-2-Butene,2018-06-19T00:00,0.038,µg/m³,VOC,GC-MS
40203,FOREST HILLS,trans-2-Butene,2018-06-25T00:00,0.010,µg/m³,VOC,GC-MS
40203,FOREST HILLS,trans-2-Butene,2018-07-01T00:00,0.037,µg/m³,VOC,GC-MS
40203,FOREST HILLS,trans-2-Butene,2018-07-07T00:00,0.047,µg/m³,VOC,GC-MS
40203,FOREST HILLS,trans-2-Butene,2018-07-13T00:00,0.063,µg/m³,VOC,GC-MS
40203,FOREST HILLS,trans-2-Butene,2018-07-19T00:00,0.127,µg/m³,VOC,GC-MS
40203,FOREST HILLS,trans-2-Butene,2018-07-31T00:00,0.411,µg/m³,VOC,GC-MS
40203,FOREST HILLS,trans-2-Butene,2018-08-06T00:00,0.351,µg/m³,VOC,GC-MS
40203,FOREST HILLS,trans-2-Butene,2018-08-24T00:00,0.233,µg/m³,VOC,GC-MS
40203,FOREST HILLS,trans-2-Butene,2018-08-30T00:00,0.074,µg/m³,VOC,GC-MS
40203,FOREST HILLS,trans-2-Butene,2018-09-11T00:00,0.033,µg/m³,VOC,GC-MS
40203,FOREST HILLS,trans-2-Butene,2018-09-17T00:00,0.415,µg/m³,VOC,GC-MS
40203,FOREST HILLS,trans-2-Butene,2018-10-11T00:00,0.005,µg/m³,VOC,GC-MS
40203,FOREST HILLS,trans-2-Butene,2018-10-17T00:00,0.153,µg/m³,VOC,GC-MS
40203,FOREST HILLS,trans-2-Butene,2018-10-23T00:00,0.032,µg/m³,VOC,GC-MS
40203,FOREST HILLS,trans-2-Butene,2018-10-29T00:00,0.044,µg/m³,VOC,GC-MS
40203,FOREST HILLS,trans-2-Butene,2018-11-28T00:00,0.136,µg/m³,VOC,GC-MS
40203,FOREST HILLS,trans-2-Butene,2018-12-04T00:00,0.007,µg/m³,VOC,GC-MS
40203,FOREST HILLS,trans-2-Butene,2018-12-10T00:00,0.034,µg/m³,VOC,GC-MS
40203,FOREST HILLS,trans-2-Butene,2018-12-16T00:00,0.041,µg/m³,VOC,GC-MS
