﻿NAPS_Site_ID,Station_Name,Pollutant,Date,Value,Units,Report_Type,Method
100141,ROADSIDE - CLARK DRIVE,EC(A),2022-01-05T00:00,0.964,µg/m³,PM2.5,TOR(OC/EC)
100141,ROADSIDE - CLARK DRIVE,EC(A),2022-01-11T00:00,1.221,µg/m³,PM2.5,TOR(OC/EC)
100141,ROADSIDE - CLARK DRIVE,EC(A),2022-01-17T00:00,1.597,µg/m³,PM2.5,TOR(OC/EC)
100141,ROADSIDE - CLARK DRIVE,EC(A),2022-01-23T00:00,0.688,µg/m³,PM2.5,TOR(OC/EC)
100141,ROADSIDE - CLARK DRIVE,EC(A),2022-01-29T00:00,2.005,µg/m³,PM2.5,TOR(OC/EC)
100141,ROADSIDE - CLARK DRIVE,EC(A),2022-02-04T00:00,0.920,µg/m³,PM2.5,TOR(OC/EC)
100141,ROADSIDE - CLARK DRIVE,EC(A),2022-02-10T00:00,0.927,µg/m³,PM2.5,TOR(OC/EC)
100141,ROADSIDE - CLARK DRIVE,EC(A),2022-02-16T00:00,1.168,µg/m³,PM2.5,TOR(OC/EC)
100141,ROADSIDE - CLARK DRIVE,EC(A),2022-02-22T00:00,0.362,µg/m³,PM2.5,TOR(OC/EC)
100141,ROADSIDE - CLARK DRIVE,EC(A),2022-03-06T00:00,1.004,µg/m³,PM2.5,TOR(OC/EC)
100141,ROADSIDE - CLARK DRIVE,EC(A),2022-03-12T00:00,0.512,µg/m³,PM2.5,TOR(OC/EC)
100141,ROADSIDE - CLARK DRIVE,EC(A),2022-03-18T00:00,0.985,µg/m³,PM2.5,TOR(OC/EC)
100141,ROADSIDE - CLARK DRIVE,EC(A),2022-03-24T00:00,0.842,µg/m³,PM2.5,TOR(OC/EC)
100141,ROADSIDE - CLARK DRIVE,EC(A),2022-04-05T00:00,0.354,µg/m³,PM2.5,TOR(OC/EC)
100141,ROADSIDE - CLARK DRIVE,EC(A),2022-04-11T00:00,0.735,µg/m³,PM2.5,TOR(OC/EC)
100141,ROADSIDE - CLARK DRIVE,EC(A),2022-04-17T00:00,0.503,µg/m³,PM2.5,TOR(OC/EC)
100141,ROADSIDE - CLARK DRIVE,EC(A),2022-04-23T00:00,0.931,µg/m³,PM2.5,TOR(OC/EC)
100141,ROADSIDE - CLARK DRIVE,EC(A),2022-04-29T00:00,0.798,µg/m³,PM2.5,TOR(OC/EC)
100141,ROADSIDE - CLARK DRIVE,EC(A),2022-05-05T00:00,1.009,µg/m³,PM2.5,TOR(OC/EC)
100141,ROADSIDE - CLARK DRIVE,EC(A),2022-05-11T00:00,0.798,µg/m³,PM2.5,TOR(OC/EC)
100141,ROADSIDE - CLARK DRIVE,EC(A),2022-05-17T00:00,0.780,µg/m³,PM2.5,TOR(OC/EC)
100141,ROADSIDE - CLARK DRIVE,EC(A),2022-05-23T00:00,0.415,µg/m³,PM2.5,TOR(OC/EC)
100141,ROADSIDE - CLARK DRIVE,EC(A),2022-05-29T00:00,0.341,µg/m³,PM2.5,TOR(OC/EC)
100141,ROADSIDE - CLARK DRIVE,EC(A),2022-06-04T00:00,0.747,µg/m³,PM2.5,TOR(OC/EC)
100141,ROADSIDE - CLARK DRIVE,EC(A),2022-06-10T00:00,0.934,µg/m³,PM2.5,TOR(OC/EC)
100141,ROADSIDE - CLARK DRIVE,EC(A),2022-06-16T00:00,1.022,µg/m³,PM2.5,TOR(OC/EC)
100141,ROADSIDE - CLARK DRIVE,EC(A),2022-06-22T00:00,0.374,µg/m³,PM2.5,TOR(OC/EC)
100141,ROADSIDE - CLARK DRIVE,EC(A),2022-06-28T00:00,1.032,µg/m³,PM2.5,TOR(OC/EC)
100141,ROADSIDE - CLARK DRIVE,EC(A),2022-07-04T00:00,1.166,µg/m³,PM2.5,TOR(OC/EC)
100141,ROADSIDE - CLARK DRIVE,EC(A),2022-07-10T00:00,0.580,µg/m³,PM2.5,TOR(OC/EC)
100141,ROADSIDE - CLARK DRIVE,EC(A),2022-07-16T00:00,0.915,µg/m³,PM2.5,TOR(OC/EC)
100141,ROADSIDE - CLARK DRIVE,EC(A),2022-07-22T00:00,1.280,µg/m³,PM2.5,TOR(OC/EC)
100141,ROADSIDE - CLARK DRIVE,EC(A),2022-08-27T00:00,0.251,µg/m³,PM2.5,TOR(OC/EC)
100141,ROADSIDE - CLARK DRIVE,EC(A),2022-09-02T00:00,1.278,µg/m³,PM2.5,TOR(OC/EC)
100141,ROADSIDE - CLARK DRIVE,EC(A),2022-09-08T00:00,0.933,µg/m³,PM2.5,TOR(OC/EC)
100141,ROADSIDE - CLARK DRIVE,EC(A),2022-09-14T00:00,0.140,µg/m³,PM2.5,TOR(OC/EC)
100141,ROADSIDE - CLARK DRIVE,EC(A),2022-09-20T00:00,0.522,µg/m³,PM2.5,TOR(OC/EC)
100141,ROADSIDE - CLARK DRIVE,EC(A),2022-09-26T00:00,1.307,µg/m³,PM2.5,TOR(OC/EC)
100141,ROADSIDE - CLARK DRIVE,EC(A),2022-10-02T00:00,1.026,µg/m³,PM2.5,TOR(OC/EC)
100141,ROADSIDE - CLARK DRIVE,EC(A),2022-10-08T00:00,1.113,µg/m³,PM2.5,TOR(OC/EC)
100141,ROADSIDE - CLARK DRIVE,EC(A),2022-10-14T00:00,1.703,µg/m³,PM2.5,TOR(OC/EC)
100141,ROADSIDE - CLARK DRIVE,EC(A),2022-10-20T00:00,1.302,µg/m³,PM2.5,TOR(OC/EC)
100141,ROADSIDE - CLARK DRIVE,EC(A),2022-10-26T00:00,0.561,µg/m³,PM2.5,TOR(OC/EC)
100141,ROADSIDE - CLARK DRIVE,EC(A),2022-11-01T00:00,1.160,µg/m³,PM2.5,TOR(OC/EC)
100141,ROADSIDE - CLARK DRIVE,EC(A),2022-11-07T00:00,0.453,µg/m³,PM2.5,TOR(OC/EC)
100141,ROADSIDE - CLARK DRIVE,EC(A),2022-11-13T00:00,0.798,µg/m³,PM2.5,TOR(OC/EC)
100141,ROADSIDE - CLARK DRIVE,EC(A),2022-11-19T00:00,1.150,µg/m³,PM2.5,TOR(OC/EC)
100141,ROADSIDE - CLARK DRIVE,EC(A),2022-11-25T00:00,0.471,µg/m³,PM2.5,TOR(OC/EC)
100141,ROADSIDE - CLARK DRIVE,EC(A),2022-12-01T00:00,0.683,µg/m³,PM2.5,TOR(OC/EC)
100141,ROADSIDE - CLARK DRIVE,EC(A),2022-12-07T00:00,0.929,µg/m³,PM2.5,TOR(OC/EC)
100141,ROADSIDE - CLARK DRIVE,EC(A),2022-12-13T00:00,1.489,µg/m³,PM2.5,TOR(OC/EC)
100141,ROADSIDE - CLARK DRIVE,EC(A),2022-12-19T00:00,1.012,µg/m³,PM2.5,TOR(OC/EC)
100141,ROADSIDE - CLARK DRIVE,EC(A),2022-12-25T00:00,1.254,µg/m³,PM2.5,TOR(OC/EC)
100141,ROADSIDE - CLARK DRIVE,EC(A),2022-12-31T00:00,0.820,µg/m³,PM2.5,TOR(OC/EC)
