﻿NAPS_Site_ID,Station_Name,Pollutant,Date,Value,Units,Report_Type,Method
40208,CHAMPLAIN HEIGHTS SCHOOL,Undecane,2008-01-13T00:00,0.077,µg/m³,VOC,N/A
40208,CHAMPLAIN HEIGHTS SCHOOL,Undecane,2008-01-19T00:00,0.112,µg/m³,VOC,N/A
40208,CHAMPLAIN HEIGHTS SCHOOL,Undecane,2008-01-25T00:00,0.047,µg/m³,VOC,N/A
40208,CHAMPLAIN HEIGHTS SCHOOL,Undecane,2008-01-31T00:00,0.052,µg/m³,VOC,N/A
40208,CHAMPLAIN HEIGHTS SCHOOL,Undecane,2008-02-06T00:00,0.040,µg/m³,VOC,N/A
40208,CHAMPLAIN HEIGHTS SCHOOL,Undecane,2008-03-07T00:00,0.520,µg/m³,VOC,N/A
40208,CHAMPLAIN HEIGHTS SCHOOL,Undecane,2008-03-19T00:00,0.101,µg/m³,VOC,N/A
40208,CHAMPLAIN HEIGHTS SCHOOL,Undecane,2008-03-25T00:00,0.062,µg/m³,VOC,N/A
40208,CHAMPLAIN HEIGHTS SCHOOL,Undecane,2008-03-31T00:00,0.349,µg/m³,VOC,N/A
40208,CHAMPLAIN HEIGHTS SCHOOL,Undecane,2008-04-06T00:00,0.081,µg/m³,VOC,N/A
40208,CHAMPLAIN HEIGHTS SCHOOL,Undecane,2008-04-12T00:00,0.062,µg/m³,VOC,N/A
40208,CHAMPLAIN HEIGHTS SCHOOL,Undecane,2008-04-24T00:00,0.073,µg/m³,VOC,N/A
40208,CHAMPLAIN HEIGHTS SCHOOL,Undecane,2008-04-30T00:00,0.210,µg/m³,VOC,N/A
40208,CHAMPLAIN HEIGHTS SCHOOL,Undecane,2008-05-06T00:00,0.532,µg/m³,VOC,N/A
40208,CHAMPLAIN HEIGHTS SCHOOL,Undecane,2008-05-18T00:00,1.134,µg/m³,VOC,N/A
40208,CHAMPLAIN HEIGHTS SCHOOL,Undecane,2008-05-24T00:00,0.312,µg/m³,VOC,N/A
40208,CHAMPLAIN HEIGHTS SCHOOL,Undecane,2008-05-30T00:00,0.394,µg/m³,VOC,N/A
40208,CHAMPLAIN HEIGHTS SCHOOL,Undecane,2008-06-05T00:00,0.061,µg/m³,VOC,N/A
40208,CHAMPLAIN HEIGHTS SCHOOL,Undecane,2008-06-11T00:00,2.044,µg/m³,VOC,N/A
40208,CHAMPLAIN HEIGHTS SCHOOL,Undecane,2008-06-17T00:00,0.243,µg/m³,VOC,N/A
40208,CHAMPLAIN HEIGHTS SCHOOL,Undecane,2008-06-23T00:00,2.344,µg/m³,VOC,N/A
40208,CHAMPLAIN HEIGHTS SCHOOL,Undecane,2008-06-29T00:00,0.037,µg/m³,VOC,N/A
40208,CHAMPLAIN HEIGHTS SCHOOL,Undecane,2008-07-05T00:00,1.813,µg/m³,VOC,N/A
40208,CHAMPLAIN HEIGHTS SCHOOL,Undecane,2008-07-11T00:00,0.560,µg/m³,VOC,N/A
40208,CHAMPLAIN HEIGHTS SCHOOL,Undecane,2008-07-17T00:00,3.277,µg/m³,VOC,N/A
40208,CHAMPLAIN HEIGHTS SCHOOL,Undecane,2008-07-23T00:00,0.635,µg/m³,VOC,N/A
40208,CHAMPLAIN HEIGHTS SCHOOL,Undecane,2008-07-29T00:00,1.346,µg/m³,VOC,N/A
40208,CHAMPLAIN HEIGHTS SCHOOL,Undecane,2008-08-04T00:00,0.305,µg/m³,VOC,N/A
40208,CHAMPLAIN HEIGHTS SCHOOL,Undecane,2008-08-10T00:00,1.390,µg/m³,VOC,N/A
40208,CHAMPLAIN HEIGHTS SCHOOL,Undecane,2008-08-16T00:00,1.812,µg/m³,VOC,N/A
40208,CHAMPLAIN HEIGHTS SCHOOL,Undecane,2008-08-28T00:00,0.164,µg/m³,VOC,N/A
40208,CHAMPLAIN HEIGHTS SCHOOL,Undecane,2008-09-03T00:00,0.083,µg/m³,VOC,N/A
40208,CHAMPLAIN HEIGHTS SCHOOL,Undecane,2008-09-09T00:00,1.346,µg/m³,VOC,N/A
40208,CHAMPLAIN HEIGHTS SCHOOL,Undecane,2008-09-15T00:00,1.155,µg/m³,VOC,N/A
40208,CHAMPLAIN HEIGHTS SCHOOL,Undecane,2008-09-21T00:00,1.563,µg/m³,VOC,N/A
40208,CHAMPLAIN HEIGHTS SCHOOL,Undecane,2008-09-27T00:00,0.137,µg/m³,VOC,N/A
40208,CHAMPLAIN HEIGHTS SCHOOL,Undecane,2008-10-03T00:00,0.950,µg/m³,VOC,N/A
40208,CHAMPLAIN HEIGHTS SCHOOL,Undecane,2008-10-09T00:00,1.441,µg/m³,VOC,N/A
40208,CHAMPLAIN HEIGHTS SCHOOL,Undecane,2008-10-15T00:00,0.351,µg/m³,VOC,N/A
40208,CHAMPLAIN HEIGHTS SCHOOL,Undecane,2008-10-21T00:00,0.054,µg/m³,VOC,N/A
40208,CHAMPLAIN HEIGHTS SCHOOL,Undecane,2008-10-27T00:00,1.031,µg/m³,VOC,N/A
40208,CHAMPLAIN HEIGHTS SCHOOL,Undecane,2008-11-02T00:00,0.082,µg/m³,VOC,N/A
40208,CHAMPLAIN HEIGHTS SCHOOL,Undecane,2008-11-08T00:00,0.066,µg/m³,VOC,N/A
40208,CHAMPLAIN HEIGHTS SCHOOL,Undecane,2008-11-14T00:00,0.095,µg/m³,VOC,N/A
40208,CHAMPLAIN HEIGHTS SCHOOL,Undecane,2008-11-20T00:00,0.108,µg/m³,VOC,N/A
40208,CHAMPLAIN HEIGHTS SCHOOL,Undecane,2008-11-26T00:00,0.058,µg/m³,VOC,N/A
40208,CHAMPLAIN HEIGHTS SCHOOL,Undecane,2008-12-02T00:00,1.946,µg/m³,VOC,N/A
40208,CHAMPLAIN HEIGHTS SCHOOL,Undecane,2008-12-08T00:00,0.058,µg/m³,VOC,N/A
40208,CHAMPLAIN HEIGHTS SCHOOL,Undecane,2008-12-14T00:00,0.215,µg/m³,VOC,N/A
