﻿NAPS_Site_ID,Station_Name,Pollutant,Date,Value,Units,Report_Type,Method
100111,ROCKY POINT PARK,trans-2-Butene,2016-12-31T19:00,0.052,µg/m³,VOC,GC-MS
100111,ROCKY POINT PARK,trans-2-Butene,2017-01-06T19:00,0.289,µg/m³,VOC,GC-MS
100111,ROCKY POINT PARK,trans-2-Butene,2017-01-12T19:00,0.208,µg/m³,VOC,GC-MS
100111,ROCKY POINT PARK,trans-2-Butene,2017-01-18T19:00,0.056,µg/m³,VOC,GC-MS
100111,ROCKY POINT PARK,trans-2-Butene,2017-01-24T19:00,0.357,µg/m³,VOC,GC-MS
100111,ROCKY POINT PARK,trans-2-Butene,2017-01-30T19:00,0.135,µg/m³,VOC,GC-MS
100111,ROCKY POINT PARK,trans-2-Butene,2017-02-05T19:00,0.046,µg/m³,VOC,GC-MS
100111,ROCKY POINT PARK,trans-2-Butene,2017-02-11T19:00,0.148,µg/m³,VOC,GC-MS
100111,ROCKY POINT PARK,trans-2-Butene,2017-02-17T19:00,0.153,µg/m³,VOC,GC-MS
100111,ROCKY POINT PARK,trans-2-Butene,2017-02-23T19:00,0.063,µg/m³,VOC,GC-MS
100111,ROCKY POINT PARK,trans-2-Butene,2017-03-01T19:00,0.036,µg/m³,VOC,GC-MS
100111,ROCKY POINT PARK,trans-2-Butene,2017-03-07T19:00,0.044,µg/m³,VOC,GC-MS
100111,ROCKY POINT PARK,trans-2-Butene,2017-03-13T20:00,0.064,µg/m³,VOC,GC-MS
100111,ROCKY POINT PARK,trans-2-Butene,2017-03-19T20:00,0.120,µg/m³,VOC,GC-MS
100111,ROCKY POINT PARK,trans-2-Butene,2017-03-25T20:00,0.027,µg/m³,VOC,GC-MS
100111,ROCKY POINT PARK,trans-2-Butene,2017-03-31T20:00,0.028,µg/m³,VOC,GC-MS
100111,ROCKY POINT PARK,trans-2-Butene,2017-04-06T20:00,0.040,µg/m³,VOC,GC-MS
100111,ROCKY POINT PARK,trans-2-Butene,2017-04-12T20:00,0.020,µg/m³,VOC,GC-MS
100111,ROCKY POINT PARK,trans-2-Butene,2017-04-18T20:00,0.046,µg/m³,VOC,GC-MS
100111,ROCKY POINT PARK,trans-2-Butene,2017-04-24T20:00,0.015,µg/m³,VOC,GC-MS
100111,ROCKY POINT PARK,trans-2-Butene,2017-04-30T20:00,0.042,µg/m³,VOC,GC-MS
100111,ROCKY POINT PARK,trans-2-Butene,2017-05-06T20:00,0.048,µg/m³,VOC,GC-MS
100111,ROCKY POINT PARK,trans-2-Butene,2017-05-12T20:00,0.020,µg/m³,VOC,GC-MS
100111,ROCKY POINT PARK,trans-2-Butene,2017-05-18T20:00,0.073,µg/m³,VOC,GC-MS
100111,ROCKY POINT PARK,trans-2-Butene,2017-05-24T20:00,0.069,µg/m³,VOC,GC-MS
100111,ROCKY POINT PARK,trans-2-Butene,2017-05-30T20:00,0.020,µg/m³,VOC,GC-MS
100111,ROCKY POINT PARK,trans-2-Butene,2017-06-05T20:00,0.089,µg/m³,VOC,GC-MS
100111,ROCKY POINT PARK,trans-2-Butene,2017-06-11T20:00,0.020,µg/m³,VOC,GC-MS
100111,ROCKY POINT PARK,trans-2-Butene,2017-06-17T20:00,0.032,µg/m³,VOC,GC-MS
100111,ROCKY POINT PARK,trans-2-Butene,2017-06-23T20:00,0.136,µg/m³,VOC,GC-MS
100111,ROCKY POINT PARK,trans-2-Butene,2017-06-29T20:00,0.098,µg/m³,VOC,GC-MS
100111,ROCKY POINT PARK,trans-2-Butene,2017-07-05T20:00,0.052,µg/m³,VOC,GC-MS
100111,ROCKY POINT PARK,trans-2-Butene,2017-07-11T20:00,0.023,µg/m³,VOC,GC-MS
100111,ROCKY POINT PARK,trans-2-Butene,2017-07-17T20:00,0.046,µg/m³,VOC,GC-MS
100111,ROCKY POINT PARK,trans-2-Butene,2017-08-04T20:00,0.074,µg/m³,VOC,GC-MS
100111,ROCKY POINT PARK,trans-2-Butene,2017-08-16T20:00,0.025,µg/m³,VOC,GC-MS
100111,ROCKY POINT PARK,trans-2-Butene,2017-08-22T20:00,0.022,µg/m³,VOC,GC-MS
100111,ROCKY POINT PARK,trans-2-Butene,2017-09-03T20:00,0.184,µg/m³,VOC,GC-MS
100111,ROCKY POINT PARK,trans-2-Butene,2017-09-09T20:00,0.036,µg/m³,VOC,GC-MS
100111,ROCKY POINT PARK,trans-2-Butene,2017-09-15T20:00,0.075,µg/m³,VOC,GC-MS
100111,ROCKY POINT PARK,trans-2-Butene,2017-09-21T20:00,0.096,µg/m³,VOC,GC-MS
100111,ROCKY POINT PARK,trans-2-Butene,2017-09-27T20:00,0.713,µg/m³,VOC,GC-MS
100111,ROCKY POINT PARK,trans-2-Butene,2017-10-15T20:00,0.270,µg/m³,VOC,GC-MS
100111,ROCKY POINT PARK,trans-2-Butene,2017-10-21T20:00,0.055,µg/m³,VOC,GC-MS
100111,ROCKY POINT PARK,trans-2-Butene,2017-10-27T20:00,1.121,µg/m³,VOC,GC-MS
100111,ROCKY POINT PARK,trans-2-Butene,2017-11-02T20:00,0.016,µg/m³,VOC,GC-MS
100111,ROCKY POINT PARK,trans-2-Butene,2017-11-08T19:00,0.153,µg/m³,VOC,GC-MS
100111,ROCKY POINT PARK,trans-2-Butene,2017-11-14T19:00,0.024,µg/m³,VOC,GC-MS
100111,ROCKY POINT PARK,trans-2-Butene,2017-11-20T19:00,0.180,µg/m³,VOC,GC-MS
100111,ROCKY POINT PARK,trans-2-Butene,2017-11-26T19:00,0.079,µg/m³,VOC,GC-MS
100111,ROCKY POINT PARK,trans-2-Butene,2017-12-02T19:00,0.184,µg/m³,VOC,GC-MS
100111,ROCKY POINT PARK,trans-2-Butene,2017-12-08T19:00,0.299,µg/m³,VOC,GC-MS
100111,ROCKY POINT PARK,trans-2-Butene,2017-12-14T19:00,0.176,µg/m³,VOC,GC-MS
100111,ROCKY POINT PARK,trans-2-Butene,2017-12-20T19:00,0.193,µg/m³,VOC,GC-MS
100111,ROCKY POINT PARK,trans-2-Butene,2017-12-26T19:00,0.129,µg/m³,VOC,GC-MS
