﻿NAPS_Site_ID,Station_Name,Pollutant,Date,Value,Units,Report_Type,Method
61004,CENTENNIAL PARK _SARNIA_,Isobutane,2000-01-01T00:00,6.850,µg/m³,VOC,
61004,CENTENNIAL PARK _SARNIA_,Isobutane,2000-01-07T00:00,1.330,µg/m³,VOC,
61004,CENTENNIAL PARK _SARNIA_,Isobutane,2000-01-13T00:00,0.710,µg/m³,VOC,
61004,CENTENNIAL PARK _SARNIA_,Isobutane,2000-01-19T00:00,1.160,µg/m³,VOC,
61004,CENTENNIAL PARK _SARNIA_,Isobutane,2000-01-25T00:00,9.870,µg/m³,VOC,
61004,CENTENNIAL PARK _SARNIA_,Isobutane,2000-01-31T00:00,1.510,µg/m³,VOC,
61004,CENTENNIAL PARK _SARNIA_,Isobutane,2000-02-06T00:00,1.540,µg/m³,VOC,
61004,CENTENNIAL PARK _SARNIA_,Isobutane,2000-02-12T00:00,7.780,µg/m³,VOC,
61004,CENTENNIAL PARK _SARNIA_,Isobutane,2000-02-18T00:00,2.480,µg/m³,VOC,
61004,CENTENNIAL PARK _SARNIA_,Isobutane,2000-02-24T00:00,10.670,µg/m³,VOC,
61004,CENTENNIAL PARK _SARNIA_,Isobutane,2000-03-01T00:00,4.860,µg/m³,VOC,
61004,CENTENNIAL PARK _SARNIA_,Isobutane,2000-03-07T00:00,14.080,µg/m³,VOC,
61004,CENTENNIAL PARK _SARNIA_,Isobutane,2000-03-13T00:00,4.150,µg/m³,VOC,
61004,CENTENNIAL PARK _SARNIA_,Isobutane,2000-03-19T00:00,2.660,µg/m³,VOC,
61004,CENTENNIAL PARK _SARNIA_,Isobutane,2000-03-25T00:00,4.640,µg/m³,VOC,
61004,CENTENNIAL PARK _SARNIA_,Isobutane,2000-03-31T00:00,4.010,µg/m³,VOC,
61004,CENTENNIAL PARK _SARNIA_,Isobutane,2000-04-06T00:00,1.560,µg/m³,VOC,
61004,CENTENNIAL PARK _SARNIA_,Isobutane,2000-04-12T00:00,0.940,µg/m³,VOC,
61004,CENTENNIAL PARK _SARNIA_,Isobutane,2000-04-30T00:00,1.660,µg/m³,VOC,
61004,CENTENNIAL PARK _SARNIA_,Isobutane,2000-05-06T00:00,6.470,µg/m³,VOC,
61004,CENTENNIAL PARK _SARNIA_,Isobutane,2000-05-12T00:00,11.290,µg/m³,VOC,
61004,CENTENNIAL PARK _SARNIA_,Isobutane,2000-05-18T00:00,1.650,µg/m³,VOC,
61004,CENTENNIAL PARK _SARNIA_,Isobutane,2000-05-24T00:00,8.160,µg/m³,VOC,
61004,CENTENNIAL PARK _SARNIA_,Isobutane,2000-05-30T00:00,7.010,µg/m³,VOC,
61004,CENTENNIAL PARK _SARNIA_,Isobutane,2000-06-05T00:00,0.740,µg/m³,VOC,
61004,CENTENNIAL PARK _SARNIA_,Isobutane,2000-06-11T00:00,1.700,µg/m³,VOC,
61004,CENTENNIAL PARK _SARNIA_,Isobutane,2000-06-17T00:00,1.570,µg/m³,VOC,
61004,CENTENNIAL PARK _SARNIA_,Isobutane,2000-06-23T00:00,5.180,µg/m³,VOC,
61004,CENTENNIAL PARK _SARNIA_,Isobutane,2000-06-29T00:00,6.970,µg/m³,VOC,
61004,CENTENNIAL PARK _SARNIA_,Isobutane,2000-07-05T00:00,2.060,µg/m³,VOC,
61004,CENTENNIAL PARK _SARNIA_,Isobutane,2000-07-11T00:00,0.270,µg/m³,VOC,
61004,CENTENNIAL PARK _SARNIA_,Isobutane,2000-07-17T00:00,12.720,µg/m³,VOC,
61004,CENTENNIAL PARK _SARNIA_,Isobutane,2000-07-23T00:00,3.090,µg/m³,VOC,
61004,CENTENNIAL PARK _SARNIA_,Isobutane,2000-07-29T00:00,4.420,µg/m³,VOC,
61004,CENTENNIAL PARK _SARNIA_,Isobutane,2000-08-04T00:00,2.020,µg/m³,VOC,
61004,CENTENNIAL PARK _SARNIA_,Isobutane,2000-08-10T00:00,0.470,µg/m³,VOC,
61004,CENTENNIAL PARK _SARNIA_,Isobutane,2000-08-16T00:00,0.660,µg/m³,VOC,
61004,CENTENNIAL PARK _SARNIA_,Isobutane,2000-08-22T00:00,15.460,µg/m³,VOC,
61004,CENTENNIAL PARK _SARNIA_,Isobutane,2000-08-28T00:00,1.820,µg/m³,VOC,
61004,CENTENNIAL PARK _SARNIA_,Isobutane,2000-09-03T00:00,1.770,µg/m³,VOC,
61004,CENTENNIAL PARK _SARNIA_,Isobutane,2000-09-09T00:00,8.480,µg/m³,VOC,
61004,CENTENNIAL PARK _SARNIA_,Isobutane,2000-09-15T00:00,0.370,µg/m³,VOC,
61004,CENTENNIAL PARK _SARNIA_,Isobutane,2000-09-21T00:00,2.290,µg/m³,VOC,
61004,CENTENNIAL PARK _SARNIA_,Isobutane,2000-09-27T00:00,1.750,µg/m³,VOC,
61004,CENTENNIAL PARK _SARNIA_,Isobutane,2000-10-03T00:00,1.260,µg/m³,VOC,
61004,CENTENNIAL PARK _SARNIA_,Isobutane,2000-10-09T00:00,0.550,µg/m³,VOC,
61004,CENTENNIAL PARK _SARNIA_,Isobutane,2000-10-15T00:00,15.530,µg/m³,VOC,
61004,CENTENNIAL PARK _SARNIA_,Isobutane,2000-10-21T00:00,1.670,µg/m³,VOC,
61004,CENTENNIAL PARK _SARNIA_,Isobutane,2000-10-27T00:00,9.710,µg/m³,VOC,
61004,CENTENNIAL PARK _SARNIA_,Isobutane,2000-11-08T00:00,5.660,µg/m³,VOC,
61004,CENTENNIAL PARK _SARNIA_,Isobutane,2000-11-14T00:00,0.810,µg/m³,VOC,
61004,CENTENNIAL PARK _SARNIA_,Isobutane,2000-11-20T00:00,0.850,µg/m³,VOC,
61004,CENTENNIAL PARK _SARNIA_,Isobutane,2000-11-26T00:00,3.240,µg/m³,VOC,
61004,CENTENNIAL PARK _SARNIA_,Isobutane,2000-12-02T00:00,3.350,µg/m³,VOC,
61004,CENTENNIAL PARK _SARNIA_,Isobutane,2000-12-08T00:00,2.340,µg/m³,VOC,
61004,CENTENNIAL PARK _SARNIA_,Isobutane,2000-12-14T00:00,1.680,µg/m³,VOC,
61004,CENTENNIAL PARK _SARNIA_,Isobutane,2000-12-20T00:00,1.550,µg/m³,VOC,
61004,CENTENNIAL PARK _SARNIA_,Isobutane,2000-12-26T00:00,1.910,µg/m³,VOC,
