﻿NAPS_Site_ID,Station_Name,Pollutant,Date,Value,Units,Report_Type,Method
100137,BURNABY NORTH,Methylcyclohexane,2006-01-05T00:00,0.194,µg/m³,VOC,GC-MS
100137,BURNABY NORTH,Methylcyclohexane,2006-01-11T00:00,1.061,µg/m³,VOC,GC-MS
100137,BURNABY NORTH,Methylcyclohexane,2006-01-17T00:00,1.143,µg/m³,VOC,GC-MS
100137,BURNABY NORTH,Methylcyclohexane,2006-01-29T00:00,1.025,µg/m³,VOC,GC-MS
100137,BURNABY NORTH,Methylcyclohexane,2006-02-04T00:00,0.155,µg/m³,VOC,GC-MS
100137,BURNABY NORTH,Methylcyclohexane,2006-02-10T00:00,1.624,µg/m³,VOC,GC-MS
100137,BURNABY NORTH,Methylcyclohexane,2006-02-16T00:00,1.186,µg/m³,VOC,GC-MS
100137,BURNABY NORTH,Methylcyclohexane,2006-02-22T00:00,0.400,µg/m³,VOC,GC-MS
100137,BURNABY NORTH,Methylcyclohexane,2006-02-28T00:00,0.167,µg/m³,VOC,GC-MS
100137,BURNABY NORTH,Methylcyclohexane,2006-03-06T00:00,0.063,µg/m³,VOC,GC-MS
100137,BURNABY NORTH,Methylcyclohexane,2006-03-12T00:00,0.544,µg/m³,VOC,GC-MS
100137,BURNABY NORTH,Methylcyclohexane,2006-03-18T00:00,0.725,µg/m³,VOC,GC-MS
100137,BURNABY NORTH,Methylcyclohexane,2006-03-24T00:00,0.714,µg/m³,VOC,GC-MS
100137,BURNABY NORTH,Methylcyclohexane,2006-04-05T00:00,1.680,µg/m³,VOC,GC-MS
100137,BURNABY NORTH,Methylcyclohexane,2006-04-11T00:00,1.367,µg/m³,VOC,GC-MS
100137,BURNABY NORTH,Methylcyclohexane,2006-04-17T00:00,0.926,µg/m³,VOC,GC-MS
100137,BURNABY NORTH,Methylcyclohexane,2006-04-23T00:00,0.458,µg/m³,VOC,GC-MS
100137,BURNABY NORTH,Methylcyclohexane,2006-04-29T00:00,1.410,µg/m³,VOC,GC-MS
100137,BURNABY NORTH,Methylcyclohexane,2006-05-05T00:00,1.001,µg/m³,VOC,GC-MS
100137,BURNABY NORTH,Methylcyclohexane,2006-05-11T00:00,1.190,µg/m³,VOC,GC-MS
100137,BURNABY NORTH,Methylcyclohexane,2006-05-17T00:00,1.049,µg/m³,VOC,GC-MS
100137,BURNABY NORTH,Methylcyclohexane,2006-05-23T00:00,0.517,µg/m³,VOC,GC-MS
100137,BURNABY NORTH,Methylcyclohexane,2006-05-29T00:00,0.703,µg/m³,VOC,GC-MS
100137,BURNABY NORTH,Methylcyclohexane,2006-06-04T00:00,0.645,µg/m³,VOC,GC-MS
100137,BURNABY NORTH,Methylcyclohexane,2006-06-10T00:00,1.808,µg/m³,VOC,GC-MS
100137,BURNABY NORTH,Methylcyclohexane,2006-06-16T00:00,0.218,µg/m³,VOC,GC-MS
100137,BURNABY NORTH,Methylcyclohexane,2006-06-28T00:00,1.682,µg/m³,VOC,GC-MS
100137,BURNABY NORTH,Methylcyclohexane,2006-07-04T00:00,0.477,µg/m³,VOC,GC-MS
100137,BURNABY NORTH,Methylcyclohexane,2006-07-10T00:00,0.396,µg/m³,VOC,GC-MS
100137,BURNABY NORTH,Methylcyclohexane,2006-07-16T00:00,2.149,µg/m³,VOC,GC-MS
100137,BURNABY NORTH,Methylcyclohexane,2006-07-22T00:00,3.581,µg/m³,VOC,GC-MS
100137,BURNABY NORTH,Methylcyclohexane,2006-07-28T00:00,0.534,µg/m³,VOC,GC-MS
100137,BURNABY NORTH,Methylcyclohexane,2006-08-03T00:00,2.958,µg/m³,VOC,GC-MS
100137,BURNABY NORTH,Methylcyclohexane,2006-08-09T00:00,1.281,µg/m³,VOC,GC-MS
100137,BURNABY NORTH,Methylcyclohexane,2006-10-26T00:00,0.372,µg/m³,VOC,GC-MS
100137,BURNABY NORTH,Methylcyclohexane,2006-11-01T00:00,2.383,µg/m³,VOC,GC-MS
100137,BURNABY NORTH,Methylcyclohexane,2006-11-07T00:00,0.821,µg/m³,VOC,GC-MS
100137,BURNABY NORTH,Methylcyclohexane,2006-11-13T00:00,0.657,µg/m³,VOC,GC-MS
100137,BURNABY NORTH,Methylcyclohexane,2006-11-19T00:00,0.257,µg/m³,VOC,GC-MS
100137,BURNABY NORTH,Methylcyclohexane,2006-11-25T00:00,0.275,µg/m³,VOC,GC-MS
100137,BURNABY NORTH,Methylcyclohexane,2006-12-01T00:00,1.643,µg/m³,VOC,GC-MS
100137,BURNABY NORTH,Methylcyclohexane,2006-12-07T00:00,2.254,µg/m³,VOC,GC-MS
100137,BURNABY NORTH,Methylcyclohexane,2006-12-13T00:00,0.299,µg/m³,VOC,GC-MS
100137,BURNABY NORTH,Methylcyclohexane,2006-12-19T00:00,0.516,µg/m³,VOC,GC-MS
100137,BURNABY NORTH,Methylcyclohexane,2006-12-25T00:00,0.418,µg/m³,VOC,GC-MS
100137,BURNABY NORTH,Methylcyclohexane,2006-12-31T00:00,1.574,µg/m³,VOC,GC-MS
