﻿NAPS_Site_ID,Station_Name,Pollutant,Date,Value,Units,Report_Type,Method
62601,EXPERIMENTAL FARM _SIMCOE_,1-Pentene,1994-06-18T00:00,0.107,µg/m³,VOC,GC-MS
62601,EXPERIMENTAL FARM _SIMCOE_,1-Pentene,1994-06-19T00:00,0.000,µg/m³,VOC,GC-MS
62601,EXPERIMENTAL FARM _SIMCOE_,1-Pentene,1994-06-19T00:00,0.035,µg/m³,VOC,GC-MS
62601,EXPERIMENTAL FARM _SIMCOE_,1-Pentene,1994-06-19T00:00,0.077,µg/m³,VOC,GC-MS
62601,EXPERIMENTAL FARM _SIMCOE_,1-Pentene,1994-06-19T00:00,0.123,µg/m³,VOC,GC-MS
62601,EXPERIMENTAL FARM _SIMCOE_,1-Pentene,1994-06-20T00:00,0.000,µg/m³,VOC,GC-MS
62601,EXPERIMENTAL FARM _SIMCOE_,1-Pentene,1994-06-20T00:00,0.039,µg/m³,VOC,GC-MS
62601,EXPERIMENTAL FARM _SIMCOE_,1-Pentene,1994-06-20T00:00,0.106,µg/m³,VOC,GC-MS
62601,EXPERIMENTAL FARM _SIMCOE_,1-Pentene,1994-06-23T00:00,0.000,µg/m³,VOC,GC-MS
62601,EXPERIMENTAL FARM _SIMCOE_,1-Pentene,1994-06-24T00:00,0.000,µg/m³,VOC,GC-MS
62601,EXPERIMENTAL FARM _SIMCOE_,1-Pentene,1994-06-24T00:00,0.059,µg/m³,VOC,GC-MS
62601,EXPERIMENTAL FARM _SIMCOE_,1-Pentene,1994-06-24T00:00,0.073,µg/m³,VOC,GC-MS
62601,EXPERIMENTAL FARM _SIMCOE_,1-Pentene,1994-06-24T00:00,0.100,µg/m³,VOC,GC-MS
62601,EXPERIMENTAL FARM _SIMCOE_,1-Pentene,1994-06-24T00:00,0.107,µg/m³,VOC,GC-MS
62601,EXPERIMENTAL FARM _SIMCOE_,1-Pentene,1994-06-25T00:00,0.000,µg/m³,VOC,GC-MS
62601,EXPERIMENTAL FARM _SIMCOE_,1-Pentene,1994-06-25T00:00,0.057,µg/m³,VOC,GC-MS
62601,EXPERIMENTAL FARM _SIMCOE_,1-Pentene,1994-06-25T00:00,0.069,µg/m³,VOC,GC-MS
62601,EXPERIMENTAL FARM _SIMCOE_,1-Pentene,1994-06-25T00:00,0.088,µg/m³,VOC,GC-MS
62601,EXPERIMENTAL FARM _SIMCOE_,1-Pentene,1994-06-26T00:00,0.078,µg/m³,VOC,GC-MS
62601,EXPERIMENTAL FARM _SIMCOE_,1-Pentene,1994-06-27T00:00,0.006,µg/m³,VOC,GC-MS
62601,EXPERIMENTAL FARM _SIMCOE_,1-Pentene,1994-06-27T00:00,0.112,µg/m³,VOC,GC-MS
62601,EXPERIMENTAL FARM _SIMCOE_,1-Pentene,1994-06-27T00:00,0.156,µg/m³,VOC,GC-MS
62601,EXPERIMENTAL FARM _SIMCOE_,1-Pentene,1994-06-27T00:00,0.226,µg/m³,VOC,GC-MS
62601,EXPERIMENTAL FARM _SIMCOE_,1-Pentene,1994-06-28T00:00,0.058,µg/m³,VOC,GC-MS
62601,EXPERIMENTAL FARM _SIMCOE_,1-Pentene,1994-06-28T00:00,0.072,µg/m³,VOC,GC-MS
62601,EXPERIMENTAL FARM _SIMCOE_,1-Pentene,1994-06-28T00:00,0.076,µg/m³,VOC,GC-MS
62601,EXPERIMENTAL FARM _SIMCOE_,1-Pentene,1994-06-28T00:00,0.141,µg/m³,VOC,GC-MS
62601,EXPERIMENTAL FARM _SIMCOE_,1-Pentene,1994-06-30T00:00,0.092,µg/m³,VOC,GC-MS
62601,EXPERIMENTAL FARM _SIMCOE_,1-Pentene,1994-07-01T00:00,0.040,µg/m³,VOC,GC-MS
62601,EXPERIMENTAL FARM _SIMCOE_,1-Pentene,1994-07-01T00:00,0.057,µg/m³,VOC,GC-MS
62601,EXPERIMENTAL FARM _SIMCOE_,1-Pentene,1994-07-01T00:00,0.067,µg/m³,VOC,GC-MS
62601,EXPERIMENTAL FARM _SIMCOE_,1-Pentene,1994-07-01T00:00,0.117,µg/m³,VOC,GC-MS
62601,EXPERIMENTAL FARM _SIMCOE_,1-Pentene,1994-07-01T00:00,0.315,µg/m³,VOC,GC-MS
62601,EXPERIMENTAL FARM _SIMCOE_,1-Pentene,1994-07-02T00:00,0.000,µg/m³,VOC,GC-MS
62601,EXPERIMENTAL FARM _SIMCOE_,1-Pentene,1994-07-02T00:00,0.016,µg/m³,VOC,GC-MS
62601,EXPERIMENTAL FARM _SIMCOE_,1-Pentene,1994-07-02T00:00,0.058,µg/m³,VOC,GC-MS
62601,EXPERIMENTAL FARM _SIMCOE_,1-Pentene,1994-07-02T00:00,0.090,µg/m³,VOC,GC-MS
62601,EXPERIMENTAL FARM _SIMCOE_,1-Pentene,1994-07-06T00:00,0.076,µg/m³,VOC,GC-MS
62601,EXPERIMENTAL FARM _SIMCOE_,1-Pentene,1994-07-06T00:00,0.085,µg/m³,VOC,GC-MS
62601,EXPERIMENTAL FARM _SIMCOE_,1-Pentene,1994-07-06T00:00,0.107,µg/m³,VOC,GC-MS
62601,EXPERIMENTAL FARM _SIMCOE_,1-Pentene,1994-07-06T00:00,0.135,µg/m³,VOC,GC-MS
62601,EXPERIMENTAL FARM _SIMCOE_,1-Pentene,1994-07-06T00:00,0.169,µg/m³,VOC,GC-MS
62601,EXPERIMENTAL FARM _SIMCOE_,1-Pentene,1994-07-07T00:00,0.037,µg/m³,VOC,GC-MS
62601,EXPERIMENTAL FARM _SIMCOE_,1-Pentene,1994-07-07T00:00,0.061,µg/m³,VOC,GC-MS
62601,EXPERIMENTAL FARM _SIMCOE_,1-Pentene,1994-07-07T00:00,0.066,µg/m³,VOC,GC-MS
62601,EXPERIMENTAL FARM _SIMCOE_,1-Pentene,1994-07-07T00:00,0.068,µg/m³,VOC,GC-MS
62601,EXPERIMENTAL FARM _SIMCOE_,1-Pentene,1994-07-12T00:00,0.022,µg/m³,VOC,GC-MS
62601,EXPERIMENTAL FARM _SIMCOE_,1-Pentene,1994-07-13T00:00,0.000,µg/m³,VOC,GC-MS
62601,EXPERIMENTAL FARM _SIMCOE_,1-Pentene,1994-07-13T00:00,0.000,µg/m³,VOC,GC-MS
62601,EXPERIMENTAL FARM _SIMCOE_,1-Pentene,1994-07-13T00:00,0.066,µg/m³,VOC,GC-MS
62601,EXPERIMENTAL FARM _SIMCOE_,1-Pentene,1994-07-13T00:00,0.089,µg/m³,VOC,GC-MS
62601,EXPERIMENTAL FARM _SIMCOE_,1-Pentene,1994-07-13T00:00,0.106,µg/m³,VOC,GC-MS
62601,EXPERIMENTAL FARM _SIMCOE_,1-Pentene,1994-07-14T00:00,0.053,µg/m³,VOC,GC-MS
62601,EXPERIMENTAL FARM _SIMCOE_,1-Pentene,1994-07-14T00:00,0.084,µg/m³,VOC,GC-MS
62601,EXPERIMENTAL FARM _SIMCOE_,1-Pentene,1994-07-14T00:00,0.102,µg/m³,VOC,GC-MS
62601,EXPERIMENTAL FARM _SIMCOE_,1-Pentene,1994-07-14T00:00,0.141,µg/m³,VOC,GC-MS
62601,EXPERIMENTAL FARM _SIMCOE_,1-Pentene,1994-07-16T00:00,0.104,µg/m³,VOC,GC-MS
62601,EXPERIMENTAL FARM _SIMCOE_,1-Pentene,1994-07-17T00:00,0.072,µg/m³,VOC,GC-MS
62601,EXPERIMENTAL FARM _SIMCOE_,1-Pentene,1994-07-17T00:00,0.076,µg/m³,VOC,GC-MS
62601,EXPERIMENTAL FARM _SIMCOE_,1-Pentene,1994-07-17T00:00,0.081,µg/m³,VOC,GC-MS
62601,EXPERIMENTAL FARM _SIMCOE_,1-Pentene,1994-07-17T00:00,0.082,µg/m³,VOC,GC-MS
62601,EXPERIMENTAL FARM _SIMCOE_,1-Pentene,1994-07-17T00:00,0.262,µg/m³,VOC,GC-MS
62601,EXPERIMENTAL FARM _SIMCOE_,1-Pentene,1994-07-20T00:00,0.083,µg/m³,VOC,GC-MS
62601,EXPERIMENTAL FARM _SIMCOE_,1-Pentene,1994-07-21T00:00,0.033,µg/m³,VOC,GC-MS
62601,EXPERIMENTAL FARM _SIMCOE_,1-Pentene,1994-07-21T00:00,0.078,µg/m³,VOC,GC-MS
62601,EXPERIMENTAL FARM _SIMCOE_,1-Pentene,1994-07-21T00:00,0.112,µg/m³,VOC,GC-MS
62601,EXPERIMENTAL FARM _SIMCOE_,1-Pentene,1994-07-21T00:00,0.165,µg/m³,VOC,GC-MS
62601,EXPERIMENTAL FARM _SIMCOE_,1-Pentene,1994-07-22T00:00,0.073,µg/m³,VOC,GC-MS
62601,EXPERIMENTAL FARM _SIMCOE_,1-Pentene,1994-07-22T00:00,0.079,µg/m³,VOC,GC-MS
62601,EXPERIMENTAL FARM _SIMCOE_,1-Pentene,1994-07-22T00:00,0.099,µg/m³,VOC,GC-MS
62601,EXPERIMENTAL FARM _SIMCOE_,1-Pentene,1994-07-24T00:00,0.103,µg/m³,VOC,GC-MS
62601,EXPERIMENTAL FARM _SIMCOE_,1-Pentene,1994-07-25T00:00,0.028,µg/m³,VOC,GC-MS
62601,EXPERIMENTAL FARM _SIMCOE_,1-Pentene,1994-07-25T00:00,0.034,µg/m³,VOC,GC-MS
62601,EXPERIMENTAL FARM _SIMCOE_,1-Pentene,1994-07-25T00:00,0.040,µg/m³,VOC,GC-MS
62601,EXPERIMENTAL FARM _SIMCOE_,1-Pentene,1994-07-25T00:00,0.105,µg/m³,VOC,GC-MS
62601,EXPERIMENTAL FARM _SIMCOE_,1-Pentene,1994-07-25T00:00,0.151,µg/m³,VOC,GC-MS
62601,EXPERIMENTAL FARM _SIMCOE_,1-Pentene,1994-07-26T00:00,0.000,µg/m³,VOC,GC-MS
62601,EXPERIMENTAL FARM _SIMCOE_,1-Pentene,1994-07-26T00:00,0.055,µg/m³,VOC,GC-MS
62601,EXPERIMENTAL FARM _SIMCOE_,1-Pentene,1994-07-26T00:00,0.080,µg/m³,VOC,GC-MS
62601,EXPERIMENTAL FARM _SIMCOE_,1-Pentene,1994-07-28T00:00,0.068,µg/m³,VOC,GC-MS
62601,EXPERIMENTAL FARM _SIMCOE_,1-Pentene,1994-07-29T00:00,0.051,µg/m³,VOC,GC-MS
62601,EXPERIMENTAL FARM _SIMCOE_,1-Pentene,1994-07-29T00:00,0.061,µg/m³,VOC,GC-MS
62601,EXPERIMENTAL FARM _SIMCOE_,1-Pentene,1994-07-29T00:00,0.078,µg/m³,VOC,GC-MS
62601,EXPERIMENTAL FARM _SIMCOE_,1-Pentene,1994-07-29T00:00,0.126,µg/m³,VOC,GC-MS
62601,EXPERIMENTAL FARM _SIMCOE_,1-Pentene,1994-07-29T00:00,0.177,µg/m³,VOC,GC-MS
62601,EXPERIMENTAL FARM _SIMCOE_,1-Pentene,1994-07-30T00:00,0.044,µg/m³,VOC,GC-MS
62601,EXPERIMENTAL FARM _SIMCOE_,1-Pentene,1994-07-30T00:00,0.052,µg/m³,VOC,GC-MS
62601,EXPERIMENTAL FARM _SIMCOE_,1-Pentene,1994-07-30T00:00,0.064,µg/m³,VOC,GC-MS
62601,EXPERIMENTAL FARM _SIMCOE_,1-Pentene,1994-07-30T00:00,0.075,µg/m³,VOC,GC-MS
62601,EXPERIMENTAL FARM _SIMCOE_,1-Pentene,1994-08-01T00:00,0.088,µg/m³,VOC,GC-MS
62601,EXPERIMENTAL FARM _SIMCOE_,1-Pentene,1994-08-02T00:00,0.000,µg/m³,VOC,GC-MS
62601,EXPERIMENTAL FARM _SIMCOE_,1-Pentene,1994-08-02T00:00,0.027,µg/m³,VOC,GC-MS
62601,EXPERIMENTAL FARM _SIMCOE_,1-Pentene,1994-08-02T00:00,0.091,µg/m³,VOC,GC-MS
62601,EXPERIMENTAL FARM _SIMCOE_,1-Pentene,1994-08-02T00:00,0.107,µg/m³,VOC,GC-MS
62601,EXPERIMENTAL FARM _SIMCOE_,1-Pentene,1994-08-02T00:00,0.108,µg/m³,VOC,GC-MS
62601,EXPERIMENTAL FARM _SIMCOE_,1-Pentene,1994-08-03T00:00,0.045,µg/m³,VOC,GC-MS
62601,EXPERIMENTAL FARM _SIMCOE_,1-Pentene,1994-08-03T00:00,0.059,µg/m³,VOC,GC-MS
62601,EXPERIMENTAL FARM _SIMCOE_,1-Pentene,1994-08-03T00:00,0.066,µg/m³,VOC,GC-MS
62601,EXPERIMENTAL FARM _SIMCOE_,1-Pentene,1994-08-03T00:00,0.083,µg/m³,VOC,GC-MS
62601,EXPERIMENTAL FARM _SIMCOE_,1-Pentene,1994-08-05T00:00,0.070,µg/m³,VOC,GC-MS
62601,EXPERIMENTAL FARM _SIMCOE_,1-Pentene,1994-08-06T00:00,0.000,µg/m³,VOC,GC-MS
62601,EXPERIMENTAL FARM _SIMCOE_,1-Pentene,1994-08-06T00:00,0.000,µg/m³,VOC,GC-MS
62601,EXPERIMENTAL FARM _SIMCOE_,1-Pentene,1994-08-06T00:00,0.047,µg/m³,VOC,GC-MS
62601,EXPERIMENTAL FARM _SIMCOE_,1-Pentene,1994-08-06T00:00,0.089,µg/m³,VOC,GC-MS
62601,EXPERIMENTAL FARM _SIMCOE_,1-Pentene,1994-08-06T00:00,0.106,µg/m³,VOC,GC-MS
62601,EXPERIMENTAL FARM _SIMCOE_,1-Pentene,1994-08-07T00:00,0.000,µg/m³,VOC,GC-MS
62601,EXPERIMENTAL FARM _SIMCOE_,1-Pentene,1994-08-07T00:00,0.023,µg/m³,VOC,GC-MS
62601,EXPERIMENTAL FARM _SIMCOE_,1-Pentene,1994-08-07T00:00,0.052,µg/m³,VOC,GC-MS
62601,EXPERIMENTAL FARM _SIMCOE_,1-Pentene,1994-08-07T00:00,0.061,µg/m³,VOC,GC-MS
62601,EXPERIMENTAL FARM _SIMCOE_,1-Pentene,1994-08-13T00:00,0.038,µg/m³,VOC,GC-MS
62601,EXPERIMENTAL FARM _SIMCOE_,1-Pentene,1994-08-14T00:00,0.026,µg/m³,VOC,GC-MS
62601,EXPERIMENTAL FARM _SIMCOE_,1-Pentene,1994-08-14T00:00,0.034,µg/m³,VOC,GC-MS
62601,EXPERIMENTAL FARM _SIMCOE_,1-Pentene,1994-08-14T00:00,0.036,µg/m³,VOC,GC-MS
62601,EXPERIMENTAL FARM _SIMCOE_,1-Pentene,1994-08-14T00:00,0.043,µg/m³,VOC,GC-MS
62601,EXPERIMENTAL FARM _SIMCOE_,1-Pentene,1994-08-14T00:00,0.054,µg/m³,VOC,GC-MS
62601,EXPERIMENTAL FARM _SIMCOE_,1-Pentene,1994-08-15T00:00,0.000,µg/m³,VOC,GC-MS
62601,EXPERIMENTAL FARM _SIMCOE_,1-Pentene,1994-08-15T00:00,0.024,µg/m³,VOC,GC-MS
62601,EXPERIMENTAL FARM _SIMCOE_,1-Pentene,1994-08-15T00:00,0.033,µg/m³,VOC,GC-MS
62601,EXPERIMENTAL FARM _SIMCOE_,1-Pentene,1994-08-15T00:00,0.122,µg/m³,VOC,GC-MS
62601,EXPERIMENTAL FARM _SIMCOE_,1-Pentene,1994-08-17T00:00,0.138,µg/m³,VOC,GC-MS
62601,EXPERIMENTAL FARM _SIMCOE_,1-Pentene,1994-08-18T00:00,0.083,µg/m³,VOC,GC-MS
62601,EXPERIMENTAL FARM _SIMCOE_,1-Pentene,1994-08-18T00:00,0.087,µg/m³,VOC,GC-MS
62601,EXPERIMENTAL FARM _SIMCOE_,1-Pentene,1994-08-18T00:00,0.108,µg/m³,VOC,GC-MS
62601,EXPERIMENTAL FARM _SIMCOE_,1-Pentene,1994-08-18T00:00,0.139,µg/m³,VOC,GC-MS
62601,EXPERIMENTAL FARM _SIMCOE_,1-Pentene,1994-08-18T00:00,0.779,µg/m³,VOC,GC-MS
62601,EXPERIMENTAL FARM _SIMCOE_,1-Pentene,1994-08-19T00:00,0.038,µg/m³,VOC,GC-MS
62601,EXPERIMENTAL FARM _SIMCOE_,1-Pentene,1994-08-19T00:00,0.051,µg/m³,VOC,GC-MS
62601,EXPERIMENTAL FARM _SIMCOE_,1-Pentene,1994-08-19T00:00,0.054,µg/m³,VOC,GC-MS
62601,EXPERIMENTAL FARM _SIMCOE_,1-Pentene,1994-08-19T00:00,0.068,µg/m³,VOC,GC-MS
62601,EXPERIMENTAL FARM _SIMCOE_,1-Pentene,1994-08-21T00:00,0.065,µg/m³,VOC,GC-MS
62601,EXPERIMENTAL FARM _SIMCOE_,1-Pentene,1994-08-22T00:00,0.054,µg/m³,VOC,GC-MS
62601,EXPERIMENTAL FARM _SIMCOE_,1-Pentene,1994-08-22T00:00,0.066,µg/m³,VOC,GC-MS
62601,EXPERIMENTAL FARM _SIMCOE_,1-Pentene,1994-08-22T00:00,0.076,µg/m³,VOC,GC-MS
62601,EXPERIMENTAL FARM _SIMCOE_,1-Pentene,1994-08-22T00:00,0.098,µg/m³,VOC,GC-MS
62601,EXPERIMENTAL FARM _SIMCOE_,1-Pentene,1994-08-22T00:00,0.124,µg/m³,VOC,GC-MS
62601,EXPERIMENTAL FARM _SIMCOE_,1-Pentene,1994-08-23T00:00,0.035,µg/m³,VOC,GC-MS
62601,EXPERIMENTAL FARM _SIMCOE_,1-Pentene,1994-08-23T00:00,0.084,µg/m³,VOC,GC-MS
62601,EXPERIMENTAL FARM _SIMCOE_,1-Pentene,1994-08-23T00:00,0.104,µg/m³,VOC,GC-MS
62601,EXPERIMENTAL FARM _SIMCOE_,1-Pentene,1994-08-23T00:00,0.144,µg/m³,VOC,GC-MS
62601,EXPERIMENTAL FARM _SIMCOE_,1-Pentene,1994-08-25T00:00,0.139,µg/m³,VOC,GC-MS
62601,EXPERIMENTAL FARM _SIMCOE_,1-Pentene,1994-08-26T00:00,0.086,µg/m³,VOC,GC-MS
62601,EXPERIMENTAL FARM _SIMCOE_,1-Pentene,1994-08-26T00:00,0.113,µg/m³,VOC,GC-MS
62601,EXPERIMENTAL FARM _SIMCOE_,1-Pentene,1994-08-26T00:00,0.116,µg/m³,VOC,GC-MS
62601,EXPERIMENTAL FARM _SIMCOE_,1-Pentene,1994-08-26T00:00,0.156,µg/m³,VOC,GC-MS
62601,EXPERIMENTAL FARM _SIMCOE_,1-Pentene,1994-08-26T00:00,0.339,µg/m³,VOC,GC-MS
62601,EXPERIMENTAL FARM _SIMCOE_,1-Pentene,1994-08-27T00:00,0.028,µg/m³,VOC,GC-MS
62601,EXPERIMENTAL FARM _SIMCOE_,1-Pentene,1994-08-27T00:00,0.041,µg/m³,VOC,GC-MS
62601,EXPERIMENTAL FARM _SIMCOE_,1-Pentene,1994-08-27T00:00,0.045,µg/m³,VOC,GC-MS
62601,EXPERIMENTAL FARM _SIMCOE_,1-Pentene,1994-08-27T00:00,0.069,µg/m³,VOC,GC-MS
62601,EXPERIMENTAL FARM _SIMCOE_,1-Pentene,1994-08-29T00:00,0.091,µg/m³,VOC,GC-MS
62601,EXPERIMENTAL FARM _SIMCOE_,1-Pentene,1994-08-30T00:00,0.047,µg/m³,VOC,GC-MS
62601,EXPERIMENTAL FARM _SIMCOE_,1-Pentene,1994-08-30T00:00,0.048,µg/m³,VOC,GC-MS
62601,EXPERIMENTAL FARM _SIMCOE_,1-Pentene,1994-08-30T00:00,0.078,µg/m³,VOC,GC-MS
62601,EXPERIMENTAL FARM _SIMCOE_,1-Pentene,1994-08-30T00:00,0.091,µg/m³,VOC,GC-MS
62601,EXPERIMENTAL FARM _SIMCOE_,1-Pentene,1994-08-30T00:00,0.185,µg/m³,VOC,GC-MS
62601,EXPERIMENTAL FARM _SIMCOE_,1-Pentene,1994-08-31T00:00,0.052,µg/m³,VOC,GC-MS
62601,EXPERIMENTAL FARM _SIMCOE_,1-Pentene,1994-08-31T00:00,0.063,µg/m³,VOC,GC-MS
62601,EXPERIMENTAL FARM _SIMCOE_,1-Pentene,1994-08-31T00:00,0.090,µg/m³,VOC,GC-MS
62601,EXPERIMENTAL FARM _SIMCOE_,1-Pentene,1994-08-31T00:00,0.098,µg/m³,VOC,GC-MS
62601,EXPERIMENTAL FARM _SIMCOE_,1-Pentene,1994-09-17T00:00,0.000,µg/m³,VOC,GC-MS
62601,EXPERIMENTAL FARM _SIMCOE_,1-Pentene,1994-09-17T00:00,0.000,µg/m³,VOC,GC-MS
62601,EXPERIMENTAL FARM _SIMCOE_,1-Pentene,1994-09-23T00:00,0.000,µg/m³,VOC,GC-MS
62601,EXPERIMENTAL FARM _SIMCOE_,1-Pentene,1994-09-23T00:00,0.000,µg/m³,VOC,GC-MS
62601,EXPERIMENTAL FARM _SIMCOE_,1-Pentene,1994-09-29T00:00,0.035,µg/m³,VOC,GC-MS
62601,EXPERIMENTAL FARM _SIMCOE_,1-Pentene,1994-09-29T00:00,0.036,µg/m³,VOC,GC-MS
62601,EXPERIMENTAL FARM _SIMCOE_,1-Pentene,1994-10-05T00:00,0.026,µg/m³,VOC,GC-MS
62601,EXPERIMENTAL FARM _SIMCOE_,1-Pentene,1994-10-05T00:00,0.051,µg/m³,VOC,GC-MS
62601,EXPERIMENTAL FARM _SIMCOE_,1-Pentene,1994-10-11T00:00,0.000,µg/m³,VOC,GC-MS
62601,EXPERIMENTAL FARM _SIMCOE_,1-Pentene,1994-10-11T00:00,0.031,µg/m³,VOC,GC-MS
62601,EXPERIMENTAL FARM _SIMCOE_,1-Pentene,1994-10-17T00:00,0.048,µg/m³,VOC,GC-MS
62601,EXPERIMENTAL FARM _SIMCOE_,1-Pentene,1994-10-17T00:00,0.054,µg/m³,VOC,GC-MS
62601,EXPERIMENTAL FARM _SIMCOE_,1-Pentene,1994-10-23T00:00,0.000,µg/m³,VOC,GC-MS
62601,EXPERIMENTAL FARM _SIMCOE_,1-Pentene,1994-10-23T00:00,0.042,µg/m³,VOC,GC-MS
62601,EXPERIMENTAL FARM _SIMCOE_,1-Pentene,1994-10-29T00:00,0.000,µg/m³,VOC,GC-MS
62601,EXPERIMENTAL FARM _SIMCOE_,1-Pentene,1994-10-29T00:00,0.026,µg/m³,VOC,GC-MS
62601,EXPERIMENTAL FARM _SIMCOE_,1-Pentene,1994-11-04T00:00,0.029,µg/m³,VOC,GC-MS
62601,EXPERIMENTAL FARM _SIMCOE_,1-Pentene,1994-11-04T00:00,0.041,µg/m³,VOC,GC-MS
62601,EXPERIMENTAL FARM _SIMCOE_,1-Pentene,1994-11-10T00:00,0.000,µg/m³,VOC,GC-MS
62601,EXPERIMENTAL FARM _SIMCOE_,1-Pentene,1994-11-10T00:00,0.016,µg/m³,VOC,GC-MS
62601,EXPERIMENTAL FARM _SIMCOE_,1-Pentene,1994-11-16T00:00,0.049,µg/m³,VOC,GC-MS
62601,EXPERIMENTAL FARM _SIMCOE_,1-Pentene,1994-11-16T00:00,0.055,µg/m³,VOC,GC-MS
62601,EXPERIMENTAL FARM _SIMCOE_,1-Pentene,1994-11-22T00:00,0.000,µg/m³,VOC,GC-MS
62601,EXPERIMENTAL FARM _SIMCOE_,1-Pentene,1994-11-22T00:00,0.033,µg/m³,VOC,GC-MS
62601,EXPERIMENTAL FARM _SIMCOE_,1-Pentene,1994-11-28T00:00,0.000,µg/m³,VOC,GC-MS
62601,EXPERIMENTAL FARM _SIMCOE_,1-Pentene,1994-11-28T00:00,0.042,µg/m³,VOC,GC-MS
62601,EXPERIMENTAL FARM _SIMCOE_,1-Pentene,1994-12-04T00:00,0.050,µg/m³,VOC,GC-MS
62601,EXPERIMENTAL FARM _SIMCOE_,1-Pentene,1994-12-04T00:00,0.093,µg/m³,VOC,GC-MS
62601,EXPERIMENTAL FARM _SIMCOE_,1-Pentene,1994-12-10T00:00,0.000,µg/m³,VOC,GC-MS
62601,EXPERIMENTAL FARM _SIMCOE_,1-Pentene,1994-12-10T00:00,0.042,µg/m³,VOC,GC-MS
62601,EXPERIMENTAL FARM _SIMCOE_,1-Pentene,1994-12-16T00:00,0.000,µg/m³,VOC,GC-MS
62601,EXPERIMENTAL FARM _SIMCOE_,1-Pentene,1994-12-16T00:00,0.048,µg/m³,VOC,GC-MS
62601,EXPERIMENTAL FARM _SIMCOE_,1-Pentene,1994-12-22T00:00,0.125,µg/m³,VOC,GC-MS
62601,EXPERIMENTAL FARM _SIMCOE_,1-Pentene,1994-12-22T00:00,0.131,µg/m³,VOC,GC-MS
62601,EXPERIMENTAL FARM _SIMCOE_,1-Pentene,1994-12-28T00:00,0.000,µg/m³,VOC,GC-MS
62601,EXPERIMENTAL FARM _SIMCOE_,1-Pentene,1994-12-28T00:00,0.000,µg/m³,VOC,GC-MS
