﻿NAPS_Site_ID,Station_Name,Pollutant,Date,Value,Units,Report_Type,Method
70119,ELLEN,Ethylbenzene,2009-01-01T00:00,0.162,µg/m³,VOC,N/A
70119,ELLEN,Ethylbenzene,2009-01-07T00:00,0.316,µg/m³,VOC,N/A
70119,ELLEN,Ethylbenzene,2009-01-13T00:00,0.703,µg/m³,VOC,N/A
70119,ELLEN,Ethylbenzene,2009-01-19T00:00,0.369,µg/m³,VOC,N/A
70119,ELLEN,Ethylbenzene,2009-01-25T00:00,0.139,µg/m³,VOC,N/A
70119,ELLEN,Ethylbenzene,2009-01-31T00:00,0.158,µg/m³,VOC,N/A
70119,ELLEN,Ethylbenzene,2009-02-06T00:00,0.473,µg/m³,VOC,N/A
70119,ELLEN,Ethylbenzene,2009-02-12T00:00,0.259,µg/m³,VOC,N/A
70119,ELLEN,Ethylbenzene,2009-02-18T00:00,0.246,µg/m³,VOC,N/A
70119,ELLEN,Ethylbenzene,2009-02-24T00:00,0.290,µg/m³,VOC,N/A
70119,ELLEN,Ethylbenzene,2009-03-02T00:00,0.141,µg/m³,VOC,N/A
70119,ELLEN,Ethylbenzene,2009-03-08T00:00,0.152,µg/m³,VOC,N/A
70119,ELLEN,Ethylbenzene,2009-03-14T00:00,0.204,µg/m³,VOC,N/A
70119,ELLEN,Ethylbenzene,2009-03-20T00:00,0.276,µg/m³,VOC,N/A
70119,ELLEN,Ethylbenzene,2009-03-26T00:00,0.098,µg/m³,VOC,N/A
70119,ELLEN,Ethylbenzene,2009-04-01T00:00,0.163,µg/m³,VOC,N/A
70119,ELLEN,Ethylbenzene,2009-04-07T00:00,0.235,µg/m³,VOC,N/A
70119,ELLEN,Ethylbenzene,2009-04-13T00:00,0.132,µg/m³,VOC,N/A
70119,ELLEN,Ethylbenzene,2009-04-19T00:00,0.154,µg/m³,VOC,N/A
70119,ELLEN,Ethylbenzene,2009-04-25T00:00,0.136,µg/m³,VOC,N/A
70119,ELLEN,Ethylbenzene,2009-05-01T00:00,0.173,µg/m³,VOC,N/A
70119,ELLEN,Ethylbenzene,2009-05-07T00:00,0.169,µg/m³,VOC,N/A
70119,ELLEN,Ethylbenzene,2009-05-13T00:00,0.203,µg/m³,VOC,N/A
70119,ELLEN,Ethylbenzene,2009-05-19T00:00,0.146,µg/m³,VOC,N/A
70119,ELLEN,Ethylbenzene,2009-05-31T00:00,0.123,µg/m³,VOC,N/A
70119,ELLEN,Ethylbenzene,2009-06-06T00:00,0.169,µg/m³,VOC,N/A
70119,ELLEN,Ethylbenzene,2009-06-12T00:00,0.229,µg/m³,VOC,N/A
70119,ELLEN,Ethylbenzene,2009-06-18T00:00,0.226,µg/m³,VOC,N/A
70119,ELLEN,Ethylbenzene,2009-06-24T00:00,0.224,µg/m³,VOC,N/A
70119,ELLEN,Ethylbenzene,2009-06-30T00:00,0.251,µg/m³,VOC,N/A
70119,ELLEN,Ethylbenzene,2009-07-06T00:00,0.509,µg/m³,VOC,N/A
70119,ELLEN,Ethylbenzene,2009-07-12T00:00,0.233,µg/m³,VOC,N/A
70119,ELLEN,Ethylbenzene,2009-07-18T00:00,0.232,µg/m³,VOC,N/A
70119,ELLEN,Ethylbenzene,2009-07-24T00:00,0.175,µg/m³,VOC,N/A
70119,ELLEN,Ethylbenzene,2009-07-30T00:00,0.428,µg/m³,VOC,N/A
70119,ELLEN,Ethylbenzene,2009-08-05T00:00,0.459,µg/m³,VOC,N/A
70119,ELLEN,Ethylbenzene,2009-08-11T00:00,0.242,µg/m³,VOC,N/A
70119,ELLEN,Ethylbenzene,2009-08-17T00:00,0.131,µg/m³,VOC,N/A
70119,ELLEN,Ethylbenzene,2009-08-23T00:00,0.108,µg/m³,VOC,N/A
70119,ELLEN,Ethylbenzene,2009-08-29T00:00,0.306,µg/m³,VOC,N/A
70119,ELLEN,Ethylbenzene,2009-09-04T00:00,0.183,µg/m³,VOC,N/A
70119,ELLEN,Ethylbenzene,2009-09-10T00:00,0.340,µg/m³,VOC,N/A
70119,ELLEN,Ethylbenzene,2009-09-16T00:00,0.326,µg/m³,VOC,N/A
70119,ELLEN,Ethylbenzene,2009-09-22T00:00,0.368,µg/m³,VOC,N/A
70119,ELLEN,Ethylbenzene,2009-09-28T00:00,0.089,µg/m³,VOC,N/A
70119,ELLEN,Ethylbenzene,2009-10-04T00:00,0.110,µg/m³,VOC,N/A
70119,ELLEN,Ethylbenzene,2009-10-10T00:00,0.070,µg/m³,VOC,N/A
70119,ELLEN,Ethylbenzene,2009-10-16T00:00,0.614,µg/m³,VOC,N/A
70119,ELLEN,Ethylbenzene,2009-10-22T00:00,1.040,µg/m³,VOC,N/A
70119,ELLEN,Ethylbenzene,2009-10-28T00:00,0.211,µg/m³,VOC,N/A
70119,ELLEN,Ethylbenzene,2009-11-03T00:00,0.251,µg/m³,VOC,N/A
70119,ELLEN,Ethylbenzene,2009-11-09T00:00,0.263,µg/m³,VOC,N/A
70119,ELLEN,Ethylbenzene,2009-11-15T00:00,0.166,µg/m³,VOC,N/A
70119,ELLEN,Ethylbenzene,2009-11-21T00:00,0.113,µg/m³,VOC,N/A
70119,ELLEN,Ethylbenzene,2009-11-27T00:00,0.303,µg/m³,VOC,N/A
70119,ELLEN,Ethylbenzene,2009-12-03T00:00,0.219,µg/m³,VOC,N/A
70119,ELLEN,Ethylbenzene,2009-12-09T00:00,0.529,µg/m³,VOC,N/A
70119,ELLEN,Ethylbenzene,2009-12-15T00:00,0.264,µg/m³,VOC,N/A
70119,ELLEN,Ethylbenzene,2009-12-21T00:00,1.170,µg/m³,VOC,N/A
