﻿NAPS_Site_ID,Station_Name,Pollutant,Date,Value,Units,Report_Type,Method
100132,MAHON PARK,Isopentane,1995-01-27T00:00,6.566,µg/m³,VOC,GC-MS
100132,MAHON PARK,Isopentane,1995-04-09T00:00,2.848,µg/m³,VOC,GC-MS
100132,MAHON PARK,Isopentane,1995-05-15T00:00,5.013,µg/m³,VOC,GC-MS
100132,MAHON PARK,Isopentane,1995-06-20T00:00,1.266,µg/m³,VOC,GC-MS
100132,MAHON PARK,Isopentane,1995-10-06T00:00,5.538,µg/m³,VOC,GC-MS
100132,MAHON PARK,Isopentane,1995-11-11T00:00,7.188,µg/m³,VOC,GC-MS
100132,MAHON PARK,Isopentane,1995-12-17T00:00,1.953,µg/m³,VOC,GC-MS
