﻿NAPS_Site_ID,Station_Name,Pollutant,Date,Value,Units,Report_Type,Method
60211,WINDSOR WEST,Ammonium,2008-01-01T00:00,1.814,µg/m³,IC,N/A
60211,WINDSOR WEST,Ammonium,2008-01-19T00:00,0.802,µg/m³,IC,N/A
60211,WINDSOR WEST,Ammonium,2008-01-22T00:00,1.294,µg/m³,IC,N/A
60211,WINDSOR WEST,Ammonium,2008-01-25T00:00,1.282,µg/m³,IC,N/A
60211,WINDSOR WEST,Ammonium,2008-01-28T00:00,4.274,µg/m³,IC,N/A
60211,WINDSOR WEST,Ammonium,2008-01-31T00:00,1.746,µg/m³,IC,N/A
60211,WINDSOR WEST,Ammonium,2008-02-03T00:00,3.043,µg/m³,IC,N/A
60211,WINDSOR WEST,Ammonium,2008-02-12T00:00,1.648,µg/m³,IC,N/A
60211,WINDSOR WEST,Ammonium,2008-02-15T00:00,1.848,µg/m³,IC,N/A
60211,WINDSOR WEST,Ammonium,2008-02-21T00:00,0.602,µg/m³,IC,N/A
60211,WINDSOR WEST,Ammonium,2008-02-24T00:00,5.920,µg/m³,IC,N/A
60211,WINDSOR WEST,Ammonium,2008-02-27T00:00,0.260,µg/m³,IC,N/A
60211,WINDSOR WEST,Ammonium,2008-03-01T00:00,1.334,µg/m³,IC,N/A
60211,WINDSOR WEST,Ammonium,2008-03-04T00:00,0.297,µg/m³,IC,N/A
60211,WINDSOR WEST,Ammonium,2008-08-25T00:00,0.223,µg/m³,IC,N/A
60211,WINDSOR WEST,Ammonium,2008-08-28T00:00,2.249,µg/m³,IC,N/A
60211,WINDSOR WEST,Ammonium,2008-08-31T00:00,1.188,µg/m³,IC,N/A
60211,WINDSOR WEST,Ammonium,2008-09-03T00:00,3.558,µg/m³,IC,N/A
60211,WINDSOR WEST,Ammonium,2008-09-12T00:00,3.260,µg/m³,IC,N/A
60211,WINDSOR WEST,Ammonium,2008-09-15T00:00,0.109,µg/m³,IC,N/A
60211,WINDSOR WEST,Ammonium,2008-09-21T00:00,1.194,µg/m³,IC,N/A
60211,WINDSOR WEST,Ammonium,2008-09-24T00:00,2.098,µg/m³,IC,N/A
60211,WINDSOR WEST,Ammonium,2008-09-27T00:00,0.814,µg/m³,IC,N/A
60211,WINDSOR WEST,Ammonium,2008-09-30T00:00,0.811,µg/m³,IC,N/A
60211,WINDSOR WEST,Ammonium,2008-10-12T00:00,1.387,µg/m³,IC,N/A
60211,WINDSOR WEST,Ammonium,2008-10-15T00:00,0.777,µg/m³,IC,N/A
60211,WINDSOR WEST,Ammonium,2008-10-18T00:00,0.428,µg/m³,IC,N/A
60211,WINDSOR WEST,Ammonium,2008-10-21T00:00,0.250,µg/m³,IC,N/A
60211,WINDSOR WEST,Ammonium,2008-01-01T00:00,0.346,µg/m³,NH4,N/A
60211,WINDSOR WEST,Ammonium,2008-01-19T00:00,0.299,µg/m³,NH4,N/A
60211,WINDSOR WEST,Ammonium,2008-01-22T00:00,0.237,µg/m³,NH4,N/A
60211,WINDSOR WEST,Ammonium,2008-01-25T00:00,0.377,µg/m³,NH4,N/A
60211,WINDSOR WEST,Ammonium,2008-01-28T00:00,0.361,µg/m³,NH4,N/A
60211,WINDSOR WEST,Ammonium,2008-01-31T00:00,0.453,µg/m³,NH4,N/A
60211,WINDSOR WEST,Ammonium,2008-02-03T00:00,0.318,µg/m³,NH4,N/A
60211,WINDSOR WEST,Ammonium,2008-02-12T00:00,0.225,µg/m³,NH4,N/A
60211,WINDSOR WEST,Ammonium,2008-02-15T00:00,0.363,µg/m³,NH4,N/A
60211,WINDSOR WEST,Ammonium,2008-02-21T00:00,0.630,µg/m³,NH4,N/A
60211,WINDSOR WEST,Ammonium,2008-02-24T00:00,0.602,µg/m³,NH4,N/A
60211,WINDSOR WEST,Ammonium,2008-02-27T00:00,0.438,µg/m³,NH4,N/A
60211,WINDSOR WEST,Ammonium,2008-03-01T00:00,0.531,µg/m³,NH4,N/A
60211,WINDSOR WEST,Ammonium,2008-03-04T00:00,0.550,µg/m³,NH4,N/A
60211,WINDSOR WEST,Ammonium,2008-08-25T00:00,1.258,µg/m³,NH4,N/A
60211,WINDSOR WEST,Ammonium,2008-08-28T00:00,1.078,µg/m³,NH4,N/A
60211,WINDSOR WEST,Ammonium,2008-08-31T00:00,2.883,µg/m³,NH4,N/A
60211,WINDSOR WEST,Ammonium,2008-09-03T00:00,3.168,µg/m³,NH4,N/A
60211,WINDSOR WEST,Ammonium,2008-09-12T00:00,1.674,µg/m³,NH4,N/A
60211,WINDSOR WEST,Ammonium,2008-09-15T00:00,1.350,µg/m³,NH4,N/A
60211,WINDSOR WEST,Ammonium,2008-09-21T00:00,1.827,µg/m³,NH4,N/A
60211,WINDSOR WEST,Ammonium,2008-09-24T00:00,1.291,µg/m³,NH4,N/A
60211,WINDSOR WEST,Ammonium,2008-09-27T00:00,2.151,µg/m³,NH4,N/A
60211,WINDSOR WEST,Ammonium,2008-09-30T00:00,2.116,µg/m³,NH4,N/A
60211,WINDSOR WEST,Ammonium,2008-10-12T00:00,1.518,µg/m³,NH4,N/A
60211,WINDSOR WEST,Ammonium,2008-10-15T00:00,2.771,µg/m³,NH4,N/A
60211,WINDSOR WEST,Ammonium,2008-10-18T00:00,1.589,µg/m³,NH4,N/A
60211,WINDSOR WEST,Ammonium,2008-10-21T00:00,0.846,µg/m³,NH4,N/A
60211,WINDSOR WEST,Ammonium,2008-01-01T00:00,1.814,µg/m³,SPEC,N/A
60211,WINDSOR WEST,Ammonium,2008-01-19T00:00,0.802,µg/m³,SPEC,N/A
60211,WINDSOR WEST,Ammonium,2008-01-22T00:00,1.294,µg/m³,SPEC,N/A
60211,WINDSOR WEST,Ammonium,2008-01-25T00:00,1.282,µg/m³,SPEC,N/A
60211,WINDSOR WEST,Ammonium,2008-01-28T00:00,4.274,µg/m³,SPEC,N/A
60211,WINDSOR WEST,Ammonium,2008-01-31T00:00,1.746,µg/m³,SPEC,N/A
60211,WINDSOR WEST,Ammonium,2008-02-03T00:00,3.043,µg/m³,SPEC,N/A
60211,WINDSOR WEST,Ammonium,2008-02-12T00:00,1.648,µg/m³,SPEC,N/A
60211,WINDSOR WEST,Ammonium,2008-02-15T00:00,1.848,µg/m³,SPEC,N/A
60211,WINDSOR WEST,Ammonium,2008-02-21T00:00,0.602,µg/m³,SPEC,N/A
60211,WINDSOR WEST,Ammonium,2008-02-24T00:00,5.920,µg/m³,SPEC,N/A
60211,WINDSOR WEST,Ammonium,2008-02-27T00:00,0.260,µg/m³,SPEC,N/A
60211,WINDSOR WEST,Ammonium,2008-03-01T00:00,1.334,µg/m³,SPEC,N/A
60211,WINDSOR WEST,Ammonium,2008-03-04T00:00,0.297,µg/m³,SPEC,N/A
60211,WINDSOR WEST,Ammonium,2008-08-25T00:00,0.223,µg/m³,SPEC,N/A
60211,WINDSOR WEST,Ammonium,2008-08-28T00:00,2.249,µg/m³,SPEC,N/A
60211,WINDSOR WEST,Ammonium,2008-08-31T00:00,1.188,µg/m³,SPEC,N/A
60211,WINDSOR WEST,Ammonium,2008-09-03T00:00,3.558,µg/m³,SPEC,N/A
60211,WINDSOR WEST,Ammonium,2008-09-12T00:00,3.260,µg/m³,SPEC,N/A
60211,WINDSOR WEST,Ammonium,2008-09-15T00:00,0.109,µg/m³,SPEC,N/A
60211,WINDSOR WEST,Ammonium,2008-09-21T00:00,1.194,µg/m³,SPEC,N/A
60211,WINDSOR WEST,Ammonium,2008-09-24T00:00,2.098,µg/m³,SPEC,N/A
60211,WINDSOR WEST,Ammonium,2008-09-27T00:00,0.814,µg/m³,SPEC,N/A
60211,WINDSOR WEST,Ammonium,2008-09-30T00:00,0.811,µg/m³,SPEC,N/A
60211,WINDSOR WEST,Ammonium,2008-10-12T00:00,1.387,µg/m³,SPEC,N/A
60211,WINDSOR WEST,Ammonium,2008-10-15T00:00,0.777,µg/m³,SPEC,N/A
60211,WINDSOR WEST,Ammonium,2008-10-18T00:00,0.428,µg/m³,SPEC,N/A
60211,WINDSOR WEST,Ammonium,2008-10-21T00:00,0.250,µg/m³,SPEC,N/A
