﻿NAPS_Site_ID,Station_Name,Pollutant,Date,Value,Units,Report_Type,Method
50104,ONTARIO,H6CDF,2002-01-20T00:00,0.183,pg/m³,PCDD,
50104,ONTARIO,H6CDF,2002-02-01T00:00,0.187,pg/m³,PCDD,
50104,ONTARIO,H6CDF,2002-02-25T00:00,0.247,pg/m³,PCDD,
50104,ONTARIO,H6CDF,2002-03-09T00:00,0.262,pg/m³,PCDD,
50104,ONTARIO,H6CDF,2002-03-21T00:00,0.083,pg/m³,PCDD,
50104,ONTARIO,H6CDF,2002-04-02T00:00,0.048,pg/m³,PCDD,
50104,ONTARIO,H6CDF,2002-04-26T00:00,0.060,pg/m³,PCDD,
50104,ONTARIO,H6CDF,2002-05-20T00:00,0.066,pg/m³,PCDD,
50104,ONTARIO,H6CDF,2002-06-13T00:00,0.137,pg/m³,PCDD,
50104,ONTARIO,H6CDF,2002-07-31T00:00,0.151,pg/m³,PCDD,
50104,ONTARIO,H6CDF,2002-08-24T00:00,0.093,pg/m³,PCDD,
50104,ONTARIO,H6CDF,2002-09-17T00:00,0.082,pg/m³,PCDD,
