﻿NAPS_Site_ID,Station_Name,Pollutant,Date,Value,Units,Report_Type,Method
100304,VICTORIA TOPAZ,Potassium,2006-01-23T00:00,0.020,µg/m³,DICHOT,N/A
100304,VICTORIA TOPAZ,Potassium,2006-01-23T00:00,0.034,µg/m³,DICHOT,N/A
100304,VICTORIA TOPAZ,Potassium,2006-01-29T00:00,0.016,µg/m³,DICHOT,N/A
100304,VICTORIA TOPAZ,Potassium,2006-01-29T00:00,0.027,µg/m³,DICHOT,N/A
100304,VICTORIA TOPAZ,Potassium,2006-02-04T00:00,0.011,µg/m³,DICHOT,N/A
100304,VICTORIA TOPAZ,Potassium,2006-02-04T00:00,0.022,µg/m³,DICHOT,N/A
100304,VICTORIA TOPAZ,Potassium,2006-02-10T00:00,0.061,µg/m³,DICHOT,N/A
100304,VICTORIA TOPAZ,Potassium,2006-02-10T00:00,0.066,µg/m³,DICHOT,N/A
100304,VICTORIA TOPAZ,Potassium,2006-02-22T00:00,0.077,µg/m³,DICHOT,N/A
100304,VICTORIA TOPAZ,Potassium,2006-02-22T00:00,0.086,µg/m³,DICHOT,N/A
100304,VICTORIA TOPAZ,Potassium,2006-02-28T00:00,0.033,µg/m³,DICHOT,N/A
100304,VICTORIA TOPAZ,Potassium,2006-02-28T00:00,0.061,µg/m³,DICHOT,N/A
100304,VICTORIA TOPAZ,Potassium,2006-03-06T00:00,0.013,µg/m³,DICHOT,N/A
100304,VICTORIA TOPAZ,Potassium,2006-03-06T00:00,0.022,µg/m³,DICHOT,N/A
100304,VICTORIA TOPAZ,Potassium,2006-03-12T00:00,0.009,µg/m³,DICHOT,N/A
100304,VICTORIA TOPAZ,Potassium,2006-03-12T00:00,0.063,µg/m³,DICHOT,N/A
100304,VICTORIA TOPAZ,Potassium,2006-03-18T00:00,0.030,µg/m³,DICHOT,N/A
100304,VICTORIA TOPAZ,Potassium,2006-03-18T00:00,0.068,µg/m³,DICHOT,N/A
100304,VICTORIA TOPAZ,Potassium,2006-03-24T00:00,0.020,µg/m³,DICHOT,N/A
100304,VICTORIA TOPAZ,Potassium,2006-03-24T00:00,0.026,µg/m³,DICHOT,N/A
100304,VICTORIA TOPAZ,Potassium,2006-05-11T00:00,0.026,µg/m³,DICHOT,N/A
100304,VICTORIA TOPAZ,Potassium,2006-05-11T00:00,0.034,µg/m³,DICHOT,N/A
100304,VICTORIA TOPAZ,Potassium,2006-05-17T00:00,0.053,µg/m³,DICHOT,N/A
100304,VICTORIA TOPAZ,Potassium,2006-05-17T00:00,0.121,µg/m³,DICHOT,N/A
100304,VICTORIA TOPAZ,Potassium,2006-05-23T00:00,0.022,µg/m³,DICHOT,N/A
100304,VICTORIA TOPAZ,Potassium,2006-05-23T00:00,0.039,µg/m³,DICHOT,N/A
100304,VICTORIA TOPAZ,Potassium,2006-05-29T00:00,0.008,µg/m³,DICHOT,N/A
100304,VICTORIA TOPAZ,Potassium,2006-05-29T00:00,0.010,µg/m³,DICHOT,N/A
100304,VICTORIA TOPAZ,Potassium,2006-06-04T00:00,0.017,µg/m³,DICHOT,N/A
100304,VICTORIA TOPAZ,Potassium,2006-06-04T00:00,0.021,µg/m³,DICHOT,N/A
100304,VICTORIA TOPAZ,Potassium,2006-06-10T00:00,0.013,µg/m³,DICHOT,N/A
100304,VICTORIA TOPAZ,Potassium,2006-06-10T00:00,0.020,µg/m³,DICHOT,N/A
100304,VICTORIA TOPAZ,Potassium,2006-06-16T00:00,0.017,µg/m³,DICHOT,N/A
100304,VICTORIA TOPAZ,Potassium,2006-06-16T00:00,0.041,µg/m³,DICHOT,N/A
100304,VICTORIA TOPAZ,Potassium,2006-06-22T00:00,0.019,µg/m³,DICHOT,N/A
100304,VICTORIA TOPAZ,Potassium,2006-06-22T00:00,0.078,µg/m³,DICHOT,N/A
100304,VICTORIA TOPAZ,Potassium,2006-06-28T00:00,0.055,µg/m³,DICHOT,N/A
100304,VICTORIA TOPAZ,Potassium,2006-06-28T00:00,0.121,µg/m³,DICHOT,N/A
100304,VICTORIA TOPAZ,Potassium,2006-07-04T00:00,0.038,µg/m³,DICHOT,N/A
100304,VICTORIA TOPAZ,Potassium,2006-07-04T00:00,0.151,µg/m³,DICHOT,N/A
100304,VICTORIA TOPAZ,Potassium,2006-07-10T00:00,0.020,µg/m³,DICHOT,N/A
100304,VICTORIA TOPAZ,Potassium,2006-07-10T00:00,0.103,µg/m³,DICHOT,N/A
100304,VICTORIA TOPAZ,Potassium,2006-07-16T00:00,0.038,µg/m³,DICHOT,N/A
100304,VICTORIA TOPAZ,Potassium,2006-07-16T00:00,0.052,µg/m³,DICHOT,N/A
100304,VICTORIA TOPAZ,Potassium,2006-07-22T00:00,0.024,µg/m³,DICHOT,N/A
100304,VICTORIA TOPAZ,Potassium,2006-07-22T00:00,0.067,µg/m³,DICHOT,N/A
100304,VICTORIA TOPAZ,Potassium,2006-07-28T00:00,0.042,µg/m³,DICHOT,N/A
100304,VICTORIA TOPAZ,Potassium,2006-07-28T00:00,0.187,µg/m³,DICHOT,N/A
100304,VICTORIA TOPAZ,Potassium,2006-08-03T00:00,0.029,µg/m³,DICHOT,N/A
100304,VICTORIA TOPAZ,Potassium,2006-08-03T00:00,0.095,µg/m³,DICHOT,N/A
100304,VICTORIA TOPAZ,Potassium,2006-08-21T00:00,0.038,µg/m³,DICHOT,N/A
100304,VICTORIA TOPAZ,Potassium,2006-08-21T00:00,0.130,µg/m³,DICHOT,N/A
100304,VICTORIA TOPAZ,Potassium,2006-08-27T00:00,0.019,µg/m³,DICHOT,N/A
100304,VICTORIA TOPAZ,Potassium,2006-08-27T00:00,0.101,µg/m³,DICHOT,N/A
100304,VICTORIA TOPAZ,Potassium,2006-09-02T00:00,0.041,µg/m³,DICHOT,N/A
100304,VICTORIA TOPAZ,Potassium,2006-09-02T00:00,0.104,µg/m³,DICHOT,N/A
100304,VICTORIA TOPAZ,Potassium,2006-09-08T00:00,0.037,µg/m³,DICHOT,N/A
100304,VICTORIA TOPAZ,Potassium,2006-09-08T00:00,0.079,µg/m³,DICHOT,N/A
100304,VICTORIA TOPAZ,Potassium,2006-09-14T00:00,0.024,µg/m³,DICHOT,N/A
100304,VICTORIA TOPAZ,Potassium,2006-09-14T00:00,0.026,µg/m³,DICHOT,N/A
100304,VICTORIA TOPAZ,Potassium,2006-09-20T00:00,0.032,µg/m³,DICHOT,N/A
100304,VICTORIA TOPAZ,Potassium,2006-09-20T00:00,0.062,µg/m³,DICHOT,N/A
100304,VICTORIA TOPAZ,Potassium,2006-09-26T00:00,0.098,µg/m³,DICHOT,N/A
100304,VICTORIA TOPAZ,Potassium,2006-09-26T00:00,0.104,µg/m³,DICHOT,N/A
100304,VICTORIA TOPAZ,Potassium,2006-10-02T00:00,0.021,µg/m³,DICHOT,N/A
100304,VICTORIA TOPAZ,Potassium,2006-10-02T00:00,0.067,µg/m³,DICHOT,N/A
100304,VICTORIA TOPAZ,Potassium,2006-10-08T00:00,0.024,µg/m³,DICHOT,N/A
100304,VICTORIA TOPAZ,Potassium,2006-10-08T00:00,0.060,µg/m³,DICHOT,N/A
100304,VICTORIA TOPAZ,Potassium,2006-10-14T00:00,0.092,µg/m³,DICHOT,N/A
100304,VICTORIA TOPAZ,Potassium,2006-10-14T00:00,0.128,µg/m³,DICHOT,N/A
100304,VICTORIA TOPAZ,Potassium,2006-10-20T00:00,0.047,µg/m³,DICHOT,N/A
100304,VICTORIA TOPAZ,Potassium,2006-10-20T00:00,0.129,µg/m³,DICHOT,N/A
100304,VICTORIA TOPAZ,Potassium,2006-10-26T00:00,0.050,µg/m³,DICHOT,N/A
100304,VICTORIA TOPAZ,Potassium,2006-10-26T00:00,0.351,µg/m³,DICHOT,N/A
100304,VICTORIA TOPAZ,Potassium,2006-11-01T00:00,0.034,µg/m³,DICHOT,N/A
100304,VICTORIA TOPAZ,Potassium,2006-11-01T00:00,0.037,µg/m³,DICHOT,N/A
100304,VICTORIA TOPAZ,Potassium,2006-11-07T00:00,0.016,µg/m³,DICHOT,N/A
100304,VICTORIA TOPAZ,Potassium,2006-11-07T00:00,0.040,µg/m³,DICHOT,N/A
100304,VICTORIA TOPAZ,Potassium,2006-11-13T00:00,0.071,µg/m³,DICHOT,N/A
100304,VICTORIA TOPAZ,Potassium,2006-11-13T00:00,0.107,µg/m³,DICHOT,N/A
100304,VICTORIA TOPAZ,Potassium,2006-11-25T00:00,0.008,µg/m³,DICHOT,N/A
100304,VICTORIA TOPAZ,Potassium,2006-11-25T00:00,0.108,µg/m³,DICHOT,N/A
100304,VICTORIA TOPAZ,Potassium,2006-12-01T00:00,0.024,µg/m³,DICHOT,N/A
100304,VICTORIA TOPAZ,Potassium,2006-12-01T00:00,0.066,µg/m³,DICHOT,N/A
100304,VICTORIA TOPAZ,Potassium,2006-12-07T00:00,0.048,µg/m³,DICHOT,N/A
100304,VICTORIA TOPAZ,Potassium,2006-12-07T00:00,0.089,µg/m³,DICHOT,N/A
100304,VICTORIA TOPAZ,Potassium,2006-12-13T00:00,0.020,µg/m³,DICHOT,N/A
100304,VICTORIA TOPAZ,Potassium,2006-12-13T00:00,0.045,µg/m³,DICHOT,N/A
100304,VICTORIA TOPAZ,Potassium,2006-12-19T00:00,0.029,µg/m³,DICHOT,N/A
100304,VICTORIA TOPAZ,Potassium,2006-12-19T00:00,0.052,µg/m³,DICHOT,N/A
100304,VICTORIA TOPAZ,Potassium,2006-12-25T00:00,0.017,µg/m³,DICHOT,N/A
100304,VICTORIA TOPAZ,Potassium,2006-12-25T00:00,0.133,µg/m³,DICHOT,N/A
100304,VICTORIA TOPAZ,Potassium,2006-12-31T00:00,0.036,µg/m³,DICHOT,N/A
100304,VICTORIA TOPAZ,Potassium,2006-12-31T00:00,0.050,µg/m³,DICHOT,N/A
