﻿NAPS_Site_ID,Station_Name,Pollutant,Date,Value,Units,Report_Type,Method
90228,CALGARY CENTRAL-2,Aluminum,2009-08-16T20:00,0.005,µg/m³,DICHOT,N/A
90228,CALGARY CENTRAL-2,Aluminum,2009-08-16T20:00,0.087,µg/m³,DICHOT,N/A
90228,CALGARY CENTRAL-2,Aluminum,2009-08-22T20:00,0.038,µg/m³,DICHOT,N/A
90228,CALGARY CENTRAL-2,Aluminum,2009-08-22T20:00,0.259,µg/m³,DICHOT,N/A
90228,CALGARY CENTRAL-2,Aluminum,2009-08-28T20:00,0.000,µg/m³,DICHOT,N/A
90228,CALGARY CENTRAL-2,Aluminum,2009-08-28T20:00,0.139,µg/m³,DICHOT,N/A
90228,CALGARY CENTRAL-2,Aluminum,2009-09-03T20:00,0.016,µg/m³,DICHOT,N/A
90228,CALGARY CENTRAL-2,Aluminum,2009-09-03T20:00,0.118,µg/m³,DICHOT,N/A
90228,CALGARY CENTRAL-2,Aluminum,2009-09-09T20:00,0.043,µg/m³,DICHOT,N/A
90228,CALGARY CENTRAL-2,Aluminum,2009-09-09T20:00,0.297,µg/m³,DICHOT,N/A
90228,CALGARY CENTRAL-2,Aluminum,2009-09-15T20:00,0.171,µg/m³,DICHOT,N/A
90228,CALGARY CENTRAL-2,Aluminum,2009-09-15T20:00,0.685,µg/m³,DICHOT,N/A
90228,CALGARY CENTRAL-2,Aluminum,2009-09-21T20:00,0.000,µg/m³,DICHOT,N/A
90228,CALGARY CENTRAL-2,Aluminum,2009-09-21T20:00,0.171,µg/m³,DICHOT,N/A
90228,CALGARY CENTRAL-2,Aluminum,2009-09-27T20:00,0.164,µg/m³,DICHOT,N/A
90228,CALGARY CENTRAL-2,Aluminum,2009-09-27T20:00,0.366,µg/m³,DICHOT,N/A
90228,CALGARY CENTRAL-2,Aluminum,2009-10-03T20:00,0.000,µg/m³,DICHOT,N/A
90228,CALGARY CENTRAL-2,Aluminum,2009-10-03T20:00,0.008,µg/m³,DICHOT,N/A
90228,CALGARY CENTRAL-2,Aluminum,2009-10-09T20:00,0.000,µg/m³,DICHOT,N/A
90228,CALGARY CENTRAL-2,Aluminum,2009-10-09T20:00,0.009,µg/m³,DICHOT,N/A
90228,CALGARY CENTRAL-2,Aluminum,2009-10-15T20:00,0.032,µg/m³,DICHOT,N/A
90228,CALGARY CENTRAL-2,Aluminum,2009-10-15T20:00,0.446,µg/m³,DICHOT,N/A
90228,CALGARY CENTRAL-2,Aluminum,2009-10-21T20:00,0.010,µg/m³,DICHOT,N/A
90228,CALGARY CENTRAL-2,Aluminum,2009-10-21T20:00,0.112,µg/m³,DICHOT,N/A
90228,CALGARY CENTRAL-2,Aluminum,2009-10-27T20:00,0.000,µg/m³,DICHOT,N/A
90228,CALGARY CENTRAL-2,Aluminum,2009-10-27T20:00,0.055,µg/m³,DICHOT,N/A
90228,CALGARY CENTRAL-2,Aluminum,2009-11-02T19:00,0.000,µg/m³,DICHOT,N/A
90228,CALGARY CENTRAL-2,Aluminum,2009-11-02T19:00,0.014,µg/m³,DICHOT,N/A
90228,CALGARY CENTRAL-2,Aluminum,2009-11-08T19:00,0.026,µg/m³,DICHOT,N/A
90228,CALGARY CENTRAL-2,Aluminum,2009-11-08T19:00,0.178,µg/m³,DICHOT,N/A
90228,CALGARY CENTRAL-2,Aluminum,2009-11-14T19:00,0.000,µg/m³,DICHOT,N/A
90228,CALGARY CENTRAL-2,Aluminum,2009-11-14T19:00,0.076,µg/m³,DICHOT,N/A
90228,CALGARY CENTRAL-2,Aluminum,2009-11-20T19:00,0.015,µg/m³,DICHOT,N/A
90228,CALGARY CENTRAL-2,Aluminum,2009-11-20T19:00,0.135,µg/m³,DICHOT,N/A
90228,CALGARY CENTRAL-2,Aluminum,2009-11-26T19:00,0.006,µg/m³,DICHOT,N/A
90228,CALGARY CENTRAL-2,Aluminum,2009-11-26T19:00,0.050,µg/m³,DICHOT,N/A
90228,CALGARY CENTRAL-2,Aluminum,2009-12-02T19:00,0.017,µg/m³,DICHOT,N/A
90228,CALGARY CENTRAL-2,Aluminum,2009-12-02T19:00,0.159,µg/m³,DICHOT,N/A
90228,CALGARY CENTRAL-2,Aluminum,2009-12-08T19:00,0.000,µg/m³,DICHOT,N/A
90228,CALGARY CENTRAL-2,Aluminum,2009-12-08T19:00,0.000,µg/m³,DICHOT,N/A
90228,CALGARY CENTRAL-2,Aluminum,2009-12-14T19:00,0.006,µg/m³,DICHOT,N/A
90228,CALGARY CENTRAL-2,Aluminum,2009-12-14T19:00,0.089,µg/m³,DICHOT,N/A
90228,CALGARY CENTRAL-2,Aluminum,2009-12-26T19:00,0.000,µg/m³,DICHOT,N/A
90228,CALGARY CENTRAL-2,Aluminum,2009-12-26T19:00,0.008,µg/m³,DICHOT,N/A
90228,CALGARY CENTRAL-2,Aluminum,2009-04-18T20:00,0.018,µg/m³,PM2.5,N/A
90228,CALGARY CENTRAL-2,Aluminum,2009-04-24T20:00,0.009,µg/m³,PM2.5,N/A
90228,CALGARY CENTRAL-2,Aluminum,2009-04-30T20:00,0.036,µg/m³,PM2.5,N/A
90228,CALGARY CENTRAL-2,Aluminum,2009-05-06T20:00,0.018,µg/m³,PM2.5,N/A
90228,CALGARY CENTRAL-2,Aluminum,2009-05-12T20:00,0.006,µg/m³,PM2.5,N/A
90228,CALGARY CENTRAL-2,Aluminum,2009-05-24T20:00,0.044,µg/m³,PM2.5,N/A
90228,CALGARY CENTRAL-2,Aluminum,2009-05-30T20:00,0.058,µg/m³,PM2.5,N/A
90228,CALGARY CENTRAL-2,Aluminum,2009-06-05T20:00,0.004,µg/m³,PM2.5,N/A
90228,CALGARY CENTRAL-2,Aluminum,2009-06-11T20:00,0.043,µg/m³,PM2.5,N/A
90228,CALGARY CENTRAL-2,Aluminum,2009-06-17T20:00,0.032,µg/m³,PM2.5,N/A
90228,CALGARY CENTRAL-2,Aluminum,2009-06-23T20:00,0.032,µg/m³,PM2.5,N/A
90228,CALGARY CENTRAL-2,Aluminum,2009-06-29T20:00,0.013,µg/m³,PM2.5,N/A
90228,CALGARY CENTRAL-2,Aluminum,2009-07-05T20:00,0.015,µg/m³,PM2.5,N/A
90228,CALGARY CENTRAL-2,Aluminum,2009-07-11T20:00,0.146,µg/m³,PM2.5,N/A
90228,CALGARY CENTRAL-2,Aluminum,2009-07-17T20:00,0.059,µg/m³,PM2.5,N/A
90228,CALGARY CENTRAL-2,Aluminum,2009-07-23T20:00,0.054,µg/m³,PM2.5,N/A
90228,CALGARY CENTRAL-2,Aluminum,2009-07-29T20:00,0.011,µg/m³,PM2.5,N/A
90228,CALGARY CENTRAL-2,Aluminum,2009-08-04T20:00,0.061,µg/m³,PM2.5,N/A
90228,CALGARY CENTRAL-2,Aluminum,2009-08-10T20:00,0.017,µg/m³,PM2.5,N/A
