﻿NAPS_Site_ID,Station_Name,Pollutant,Date,Value,Units,Report_Type,Method
54501,L'ASSOMPTION,Ethane,2002-01-02T00:00,2.251,µg/m³,VOC,
54501,L'ASSOMPTION,Ethane,2002-01-05T00:00,4.275,µg/m³,VOC,
54501,L'ASSOMPTION,Ethane,2002-01-08T00:00,2.607,µg/m³,VOC,
54501,L'ASSOMPTION,Ethane,2002-01-11T00:00,3.090,µg/m³,VOC,
54501,L'ASSOMPTION,Ethane,2002-01-20T00:00,3.152,µg/m³,VOC,
54501,L'ASSOMPTION,Ethane,2002-01-23T00:00,4.369,µg/m³,VOC,
54501,L'ASSOMPTION,Ethane,2002-01-26T00:00,2.634,µg/m³,VOC,
54501,L'ASSOMPTION,Ethane,2002-01-29T00:00,2.244,µg/m³,VOC,
54501,L'ASSOMPTION,Ethane,2002-02-01T00:00,2.264,µg/m³,VOC,
54501,L'ASSOMPTION,Ethane,2002-02-04T00:00,2.473,µg/m³,VOC,
54501,L'ASSOMPTION,Ethane,2002-02-07T00:00,3.488,µg/m³,VOC,
54501,L'ASSOMPTION,Ethane,2002-02-10T00:00,3.132,µg/m³,VOC,
54501,L'ASSOMPTION,Ethane,2002-02-13T00:00,2.219,µg/m³,VOC,
54501,L'ASSOMPTION,Ethane,2002-02-16T00:00,2.956,µg/m³,VOC,
54501,L'ASSOMPTION,Ethane,2002-02-19T00:00,2.878,µg/m³,VOC,
54501,L'ASSOMPTION,Ethane,2002-02-22T00:00,2.337,µg/m³,VOC,
54501,L'ASSOMPTION,Ethane,2002-02-25T00:00,3.216,µg/m³,VOC,
54501,L'ASSOMPTION,Ethane,2002-02-28T00:00,3.202,µg/m³,VOC,
54501,L'ASSOMPTION,Ethane,2002-03-03T00:00,2.799,µg/m³,VOC,
54501,L'ASSOMPTION,Ethane,2002-03-06T00:00,3.058,µg/m³,VOC,
54501,L'ASSOMPTION,Ethane,2002-03-09T00:00,2.977,µg/m³,VOC,
54501,L'ASSOMPTION,Ethane,2002-03-12T00:00,3.619,µg/m³,VOC,
54501,L'ASSOMPTION,Ethane,2002-03-15T00:00,2.667,µg/m³,VOC,
54501,L'ASSOMPTION,Ethane,2002-03-18T00:00,2.591,µg/m³,VOC,
54501,L'ASSOMPTION,Ethane,2002-03-21T00:00,2.793,µg/m³,VOC,
54501,L'ASSOMPTION,Ethane,2002-03-24T00:00,2.515,µg/m³,VOC,
54501,L'ASSOMPTION,Ethane,2002-03-27T00:00,2.336,µg/m³,VOC,
54501,L'ASSOMPTION,Ethane,2002-03-30T00:00,2.315,µg/m³,VOC,
54501,L'ASSOMPTION,Ethane,2002-04-02T00:00,2.451,µg/m³,VOC,
54501,L'ASSOMPTION,Ethane,2002-04-05T00:00,2.226,µg/m³,VOC,
54501,L'ASSOMPTION,Ethane,2002-04-08T00:00,3.427,µg/m³,VOC,
54501,L'ASSOMPTION,Ethane,2002-04-11T00:00,2.327,µg/m³,VOC,
54501,L'ASSOMPTION,Ethane,2002-04-14T00:00,2.985,µg/m³,VOC,
54501,L'ASSOMPTION,Ethane,2002-04-17T00:00,3.058,µg/m³,VOC,
54501,L'ASSOMPTION,Ethane,2002-04-20T00:00,1.910,µg/m³,VOC,
54501,L'ASSOMPTION,Ethane,2002-04-23T00:00,1.900,µg/m³,VOC,
54501,L'ASSOMPTION,Ethane,2002-04-26T00:00,1.816,µg/m³,VOC,
54501,L'ASSOMPTION,Ethane,2002-04-29T00:00,1.866,µg/m³,VOC,
54501,L'ASSOMPTION,Ethane,2002-05-02T00:00,2.057,µg/m³,VOC,
54501,L'ASSOMPTION,Ethane,2002-05-05T00:00,2.054,µg/m³,VOC,
54501,L'ASSOMPTION,Ethane,2002-05-08T00:00,1.756,µg/m³,VOC,
54501,L'ASSOMPTION,Ethane,2002-05-11T00:00,1.522,µg/m³,VOC,
54501,L'ASSOMPTION,Ethane,2002-05-14T00:00,1.651,µg/m³,VOC,
54501,L'ASSOMPTION,Ethane,2002-05-17T00:00,1.452,µg/m³,VOC,
54501,L'ASSOMPTION,Ethane,2002-05-20T00:00,1.404,µg/m³,VOC,
54501,L'ASSOMPTION,Ethane,2002-05-23T00:00,2.834,µg/m³,VOC,
54501,L'ASSOMPTION,Ethane,2002-05-26T00:00,1.733,µg/m³,VOC,
54501,L'ASSOMPTION,Ethane,2002-05-29T00:00,2.040,µg/m³,VOC,
54501,L'ASSOMPTION,Ethane,2002-06-01T00:00,1.279,µg/m³,VOC,
54501,L'ASSOMPTION,Ethane,2002-06-07T00:00,1.092,µg/m³,VOC,
54501,L'ASSOMPTION,Ethane,2002-06-10T00:00,1.316,µg/m³,VOC,
54501,L'ASSOMPTION,Ethane,2002-06-13T00:00,1.155,µg/m³,VOC,
54501,L'ASSOMPTION,Ethane,2002-06-16T00:00,1.139,µg/m³,VOC,
54501,L'ASSOMPTION,Ethane,2002-06-19T00:00,1.117,µg/m³,VOC,
54501,L'ASSOMPTION,Ethane,2002-06-22T00:00,1.126,µg/m³,VOC,
54501,L'ASSOMPTION,Ethane,2002-06-25T00:00,2.642,µg/m³,VOC,
54501,L'ASSOMPTION,Ethane,2002-06-28T00:00,1.101,µg/m³,VOC,
54501,L'ASSOMPTION,Ethane,2002-07-01T00:00,0.956,µg/m³,VOC,
54501,L'ASSOMPTION,Ethane,2002-07-04T00:00,1.459,µg/m³,VOC,
54501,L'ASSOMPTION,Ethane,2002-07-07T00:00,2.134,µg/m³,VOC,
54501,L'ASSOMPTION,Ethane,2002-07-10T00:00,0.877,µg/m³,VOC,
54501,L'ASSOMPTION,Ethane,2002-07-13T00:00,1.094,µg/m³,VOC,
54501,L'ASSOMPTION,Ethane,2002-07-16T00:00,0.944,µg/m³,VOC,
54501,L'ASSOMPTION,Ethane,2002-07-19T00:00,0.873,µg/m³,VOC,
54501,L'ASSOMPTION,Ethane,2002-07-22T00:00,1.954,µg/m³,VOC,
54501,L'ASSOMPTION,Ethane,2002-07-25T00:00,0.836,µg/m³,VOC,
54501,L'ASSOMPTION,Ethane,2002-07-28T00:00,2.100,µg/m³,VOC,
54501,L'ASSOMPTION,Ethane,2002-07-31T00:00,1.052,µg/m³,VOC,
54501,L'ASSOMPTION,Ethane,2002-08-03T00:00,0.935,µg/m³,VOC,
54501,L'ASSOMPTION,Ethane,2002-08-06T00:00,0.730,µg/m³,VOC,
54501,L'ASSOMPTION,Ethane,2002-08-09T00:00,0.823,µg/m³,VOC,
54501,L'ASSOMPTION,Ethane,2002-08-12T00:00,1.743,µg/m³,VOC,
54501,L'ASSOMPTION,Ethane,2002-08-15T00:00,1.934,µg/m³,VOC,
54501,L'ASSOMPTION,Ethane,2002-08-18T00:00,2.172,µg/m³,VOC,
54501,L'ASSOMPTION,Ethane,2002-08-21T00:00,1.046,µg/m³,VOC,
54501,L'ASSOMPTION,Ethane,2002-08-24T00:00,1.205,µg/m³,VOC,
54501,L'ASSOMPTION,Ethane,2002-08-27T00:00,0.858,µg/m³,VOC,
54501,L'ASSOMPTION,Ethane,2002-08-30T00:00,0.957,µg/m³,VOC,
54501,L'ASSOMPTION,Ethane,2002-09-02T00:00,1.284,µg/m³,VOC,
54501,L'ASSOMPTION,Ethane,2002-09-05T00:00,0.973,µg/m³,VOC,
54501,L'ASSOMPTION,Ethane,2002-09-08T00:00,2.150,µg/m³,VOC,
54501,L'ASSOMPTION,Ethane,2002-09-11T00:00,1.058,µg/m³,VOC,
54501,L'ASSOMPTION,Ethane,2002-09-14T00:00,1.397,µg/m³,VOC,
54501,L'ASSOMPTION,Ethane,2002-09-17T00:00,1.310,µg/m³,VOC,
54501,L'ASSOMPTION,Ethane,2002-09-20T00:00,2.795,µg/m³,VOC,
54501,L'ASSOMPTION,Ethane,2002-09-23T00:00,1.298,µg/m³,VOC,
54501,L'ASSOMPTION,Ethane,2002-09-26T00:00,2.212,µg/m³,VOC,
54501,L'ASSOMPTION,Ethane,2002-09-29T00:00,1.595,µg/m³,VOC,
54501,L'ASSOMPTION,Ethane,2002-10-02T00:00,2.342,µg/m³,VOC,
54501,L'ASSOMPTION,Ethane,2002-10-05T00:00,1.502,µg/m³,VOC,
54501,L'ASSOMPTION,Ethane,2002-10-08T00:00,1.528,µg/m³,VOC,
54501,L'ASSOMPTION,Ethane,2002-10-11T00:00,2.064,µg/m³,VOC,
54501,L'ASSOMPTION,Ethane,2002-10-14T00:00,1.550,µg/m³,VOC,
54501,L'ASSOMPTION,Ethane,2002-10-17T00:00,1.668,µg/m³,VOC,
54501,L'ASSOMPTION,Ethane,2002-10-20T00:00,1.541,µg/m³,VOC,
54501,L'ASSOMPTION,Ethane,2002-10-23T00:00,1.496,µg/m³,VOC,
54501,L'ASSOMPTION,Ethane,2002-10-26T00:00,1.794,µg/m³,VOC,
54501,L'ASSOMPTION,Ethane,2002-10-29T00:00,1.474,µg/m³,VOC,
54501,L'ASSOMPTION,Ethane,2002-11-01T00:00,2.047,µg/m³,VOC,
54501,L'ASSOMPTION,Ethane,2002-11-04T00:00,2.115,µg/m³,VOC,
54501,L'ASSOMPTION,Ethane,2002-11-07T00:00,2.046,µg/m³,VOC,
54501,L'ASSOMPTION,Ethane,2002-11-10T00:00,2.503,µg/m³,VOC,
54501,L'ASSOMPTION,Ethane,2002-11-13T00:00,2.539,µg/m³,VOC,
54501,L'ASSOMPTION,Ethane,2002-11-16T00:00,1.791,µg/m³,VOC,
54501,L'ASSOMPTION,Ethane,2002-11-19T00:00,2.197,µg/m³,VOC,
54501,L'ASSOMPTION,Ethane,2002-11-22T00:00,3.930,µg/m³,VOC,
54501,L'ASSOMPTION,Ethane,2002-11-25T00:00,2.234,µg/m³,VOC,
54501,L'ASSOMPTION,Ethane,2002-11-28T00:00,1.885,µg/m³,VOC,
54501,L'ASSOMPTION,Ethane,2002-12-01T00:00,1.950,µg/m³,VOC,
54501,L'ASSOMPTION,Ethane,2002-12-04T00:00,1.983,µg/m³,VOC,
54501,L'ASSOMPTION,Ethane,2002-12-07T00:00,3.862,µg/m³,VOC,
54501,L'ASSOMPTION,Ethane,2002-12-10T00:00,3.017,µg/m³,VOC,
54501,L'ASSOMPTION,Ethane,2002-12-13T00:00,5.713,µg/m³,VOC,
54501,L'ASSOMPTION,Ethane,2002-12-16T00:00,2.282,µg/m³,VOC,
54501,L'ASSOMPTION,Ethane,2002-12-19T00:00,2.941,µg/m³,VOC,
54501,L'ASSOMPTION,Ethane,2002-12-22T00:00,2.986,µg/m³,VOC,
54501,L'ASSOMPTION,Ethane,2002-12-25T00:00,2.174,µg/m³,VOC,
54501,L'ASSOMPTION,Ethane,2002-12-28T00:00,3.156,µg/m³,VOC,
54501,L'ASSOMPTION,Ethane,2002-12-31T00:00,2.260,µg/m³,VOC,
