﻿NAPS_Site_ID,Station_Name,Pollutant,Date,Value,Units,Report_Type,Method
103202,GOLDEN HOSPITAL HELIPAD,Nitrite,2004-05-06T00:00,0.000,µg/m³,IC,IC
103202,GOLDEN HOSPITAL HELIPAD,Nitrite,2004-05-06T00:00,0.008,µg/m³,IC,IC
103202,GOLDEN HOSPITAL HELIPAD,Nitrite,2004-06-05T00:00,0.000,µg/m³,IC,IC
103202,GOLDEN HOSPITAL HELIPAD,Nitrite,2004-06-05T00:00,0.007,µg/m³,IC,IC
103202,GOLDEN HOSPITAL HELIPAD,Nitrite,2004-06-08T00:00,0.000,µg/m³,IC,IC
103202,GOLDEN HOSPITAL HELIPAD,Nitrite,2004-06-08T00:00,0.007,µg/m³,IC,IC
103202,GOLDEN HOSPITAL HELIPAD,Nitrite,2004-06-11T00:00,0.000,µg/m³,IC,IC
103202,GOLDEN HOSPITAL HELIPAD,Nitrite,2004-06-11T00:00,0.008,µg/m³,IC,IC
103202,GOLDEN HOSPITAL HELIPAD,Nitrite,2004-06-14T00:00,0.000,µg/m³,IC,IC
103202,GOLDEN HOSPITAL HELIPAD,Nitrite,2004-06-14T00:00,0.008,µg/m³,IC,IC
103202,GOLDEN HOSPITAL HELIPAD,Nitrite,2004-06-17T00:00,0.000,µg/m³,IC,IC
103202,GOLDEN HOSPITAL HELIPAD,Nitrite,2004-06-17T00:00,0.007,µg/m³,IC,IC
103202,GOLDEN HOSPITAL HELIPAD,Nitrite,2004-06-20T00:00,0.000,µg/m³,IC,IC
103202,GOLDEN HOSPITAL HELIPAD,Nitrite,2004-06-20T00:00,0.007,µg/m³,IC,IC
103202,GOLDEN HOSPITAL HELIPAD,Nitrite,2004-07-02T00:00,0.000,µg/m³,IC,IC
103202,GOLDEN HOSPITAL HELIPAD,Nitrite,2004-07-02T00:00,0.012,µg/m³,IC,IC
103202,GOLDEN HOSPITAL HELIPAD,Nitrite,2004-07-05T00:00,0.000,µg/m³,IC,IC
103202,GOLDEN HOSPITAL HELIPAD,Nitrite,2004-07-05T00:00,0.000,µg/m³,IC,IC
103202,GOLDEN HOSPITAL HELIPAD,Nitrite,2004-07-08T00:00,0.000,µg/m³,IC,IC
103202,GOLDEN HOSPITAL HELIPAD,Nitrite,2004-07-08T00:00,0.007,µg/m³,IC,IC
103202,GOLDEN HOSPITAL HELIPAD,Nitrite,2004-07-11T00:00,0.000,µg/m³,IC,IC
103202,GOLDEN HOSPITAL HELIPAD,Nitrite,2004-07-11T00:00,0.000,µg/m³,IC,IC
103202,GOLDEN HOSPITAL HELIPAD,Nitrite,2004-07-14T00:00,0.000,µg/m³,IC,IC
103202,GOLDEN HOSPITAL HELIPAD,Nitrite,2004-07-14T00:00,0.005,µg/m³,IC,IC
103202,GOLDEN HOSPITAL HELIPAD,Nitrite,2004-07-17T00:00,0.000,µg/m³,IC,IC
103202,GOLDEN HOSPITAL HELIPAD,Nitrite,2004-07-17T00:00,0.009,µg/m³,IC,IC
103202,GOLDEN HOSPITAL HELIPAD,Nitrite,2004-07-20T00:00,0.000,µg/m³,IC,IC
103202,GOLDEN HOSPITAL HELIPAD,Nitrite,2004-07-20T00:00,0.007,µg/m³,IC,IC
103202,GOLDEN HOSPITAL HELIPAD,Nitrite,2004-07-23T00:00,0.009,µg/m³,IC,IC
103202,GOLDEN HOSPITAL HELIPAD,Nitrite,2004-07-23T00:00,0.044,µg/m³,IC,IC
103202,GOLDEN HOSPITAL HELIPAD,Nitrite,2004-07-26T00:00,0.000,µg/m³,IC,IC
103202,GOLDEN HOSPITAL HELIPAD,Nitrite,2004-07-26T00:00,0.009,µg/m³,IC,IC
103202,GOLDEN HOSPITAL HELIPAD,Nitrite,2004-07-29T00:00,0.000,µg/m³,IC,IC
103202,GOLDEN HOSPITAL HELIPAD,Nitrite,2004-07-29T00:00,0.020,µg/m³,IC,IC
103202,GOLDEN HOSPITAL HELIPAD,Nitrite,2004-08-16T00:00,0.000,µg/m³,IC,IC
103202,GOLDEN HOSPITAL HELIPAD,Nitrite,2004-08-16T00:00,0.006,µg/m³,IC,IC
103202,GOLDEN HOSPITAL HELIPAD,Nitrite,2004-08-31T00:00,0.000,µg/m³,IC,IC
103202,GOLDEN HOSPITAL HELIPAD,Nitrite,2004-08-31T00:00,0.007,µg/m³,IC,IC
103202,GOLDEN HOSPITAL HELIPAD,Nitrite,2004-11-05T00:00,0.000,µg/m³,IC,IC
103202,GOLDEN HOSPITAL HELIPAD,Nitrite,2004-11-05T00:00,0.000,µg/m³,IC,IC
103202,GOLDEN HOSPITAL HELIPAD,Nitrite,2004-11-11T00:00,0.000,µg/m³,IC,IC
103202,GOLDEN HOSPITAL HELIPAD,Nitrite,2004-11-11T00:00,0.008,µg/m³,IC,IC
103202,GOLDEN HOSPITAL HELIPAD,Nitrite,2004-11-14T00:00,0.000,µg/m³,IC,IC
103202,GOLDEN HOSPITAL HELIPAD,Nitrite,2004-11-14T00:00,0.014,µg/m³,IC,IC
103202,GOLDEN HOSPITAL HELIPAD,Nitrite,2004-11-20T00:00,0.000,µg/m³,IC,IC
103202,GOLDEN HOSPITAL HELIPAD,Nitrite,2004-11-20T00:00,0.000,µg/m³,IC,IC
103202,GOLDEN HOSPITAL HELIPAD,Nitrite,2004-11-23T00:00,0.000,µg/m³,IC,IC
103202,GOLDEN HOSPITAL HELIPAD,Nitrite,2004-11-23T00:00,0.010,µg/m³,IC,IC
103202,GOLDEN HOSPITAL HELIPAD,Nitrite,2004-12-02T00:00,0.000,µg/m³,IC,IC
103202,GOLDEN HOSPITAL HELIPAD,Nitrite,2004-12-02T00:00,0.008,µg/m³,IC,IC
103202,GOLDEN HOSPITAL HELIPAD,Nitrite,2004-12-05T00:00,0.000,µg/m³,IC,IC
103202,GOLDEN HOSPITAL HELIPAD,Nitrite,2004-12-05T00:00,0.006,µg/m³,IC,IC
103202,GOLDEN HOSPITAL HELIPAD,Nitrite,2004-12-08T00:00,0.000,µg/m³,IC,IC
103202,GOLDEN HOSPITAL HELIPAD,Nitrite,2004-12-08T00:00,0.007,µg/m³,IC,IC
103202,GOLDEN HOSPITAL HELIPAD,Nitrite,2004-12-11T00:00,0.000,µg/m³,IC,IC
103202,GOLDEN HOSPITAL HELIPAD,Nitrite,2004-12-11T00:00,0.007,µg/m³,IC,IC
103202,GOLDEN HOSPITAL HELIPAD,Nitrite,2004-12-14T00:00,0.000,µg/m³,IC,IC
103202,GOLDEN HOSPITAL HELIPAD,Nitrite,2004-12-14T00:00,0.006,µg/m³,IC,IC
103202,GOLDEN HOSPITAL HELIPAD,Nitrite,2004-12-17T00:00,0.000,µg/m³,IC,IC
103202,GOLDEN HOSPITAL HELIPAD,Nitrite,2004-12-17T00:00,0.015,µg/m³,IC,IC
103202,GOLDEN HOSPITAL HELIPAD,Nitrite,2004-12-20T00:00,0.000,µg/m³,IC,IC
103202,GOLDEN HOSPITAL HELIPAD,Nitrite,2004-12-20T00:00,0.006,µg/m³,IC,IC
103202,GOLDEN HOSPITAL HELIPAD,Nitrite,2004-12-23T00:00,0.013,µg/m³,IC,IC
103202,GOLDEN HOSPITAL HELIPAD,Nitrite,2004-12-23T00:00,0.050,µg/m³,IC,IC
103202,GOLDEN HOSPITAL HELIPAD,Nitrite,2004-12-26T00:00,0.000,µg/m³,IC,IC
103202,GOLDEN HOSPITAL HELIPAD,Nitrite,2004-12-26T00:00,0.000,µg/m³,IC,IC
103202,GOLDEN HOSPITAL HELIPAD,Nitrite,2004-12-29T00:00,0.000,µg/m³,IC,IC
103202,GOLDEN HOSPITAL HELIPAD,Nitrite,2004-12-29T00:00,0.008,µg/m³,IC,IC
103202,GOLDEN HOSPITAL HELIPAD,Nitrite,2004-05-06T00:00,0.337,µg/m³,NA,IC
103202,GOLDEN HOSPITAL HELIPAD,Nitrite,2004-06-05T00:00,0.533,µg/m³,NA,IC
103202,GOLDEN HOSPITAL HELIPAD,Nitrite,2004-06-08T00:00,0.519,µg/m³,NA,IC
103202,GOLDEN HOSPITAL HELIPAD,Nitrite,2004-06-11T00:00,0.265,µg/m³,NA,IC
103202,GOLDEN HOSPITAL HELIPAD,Nitrite,2004-06-14T00:00,0.343,µg/m³,NA,IC
103202,GOLDEN HOSPITAL HELIPAD,Nitrite,2004-06-17T00:00,0.471,µg/m³,NA,IC
103202,GOLDEN HOSPITAL HELIPAD,Nitrite,2004-06-20T00:00,0.352,µg/m³,NA,IC
103202,GOLDEN HOSPITAL HELIPAD,Nitrite,2004-07-02T00:00,0.526,µg/m³,NA,IC
103202,GOLDEN HOSPITAL HELIPAD,Nitrite,2004-07-05T00:00,0.616,µg/m³,NA,IC
103202,GOLDEN HOSPITAL HELIPAD,Nitrite,2004-07-08T00:00,0.362,µg/m³,NA,IC
103202,GOLDEN HOSPITAL HELIPAD,Nitrite,2004-07-11T00:00,0.245,µg/m³,NA,IC
103202,GOLDEN HOSPITAL HELIPAD,Nitrite,2004-07-14T00:00,0.561,µg/m³,NA,IC
103202,GOLDEN HOSPITAL HELIPAD,Nitrite,2004-07-17T00:00,0.490,µg/m³,NA,IC
103202,GOLDEN HOSPITAL HELIPAD,Nitrite,2004-07-20T00:00,0.500,µg/m³,NA,IC
103202,GOLDEN HOSPITAL HELIPAD,Nitrite,2004-07-23T00:00,0.549,µg/m³,NA,IC
103202,GOLDEN HOSPITAL HELIPAD,Nitrite,2004-07-26T00:00,0.600,µg/m³,NA,IC
103202,GOLDEN HOSPITAL HELIPAD,Nitrite,2004-07-29T00:00,0.666,µg/m³,NA,IC
103202,GOLDEN HOSPITAL HELIPAD,Nitrite,2004-08-16T00:00,0.416,µg/m³,NA,IC
103202,GOLDEN HOSPITAL HELIPAD,Nitrite,2004-08-31T00:00,0.681,µg/m³,NA,IC
103202,GOLDEN HOSPITAL HELIPAD,Nitrite,2004-11-05T00:00,1.668,µg/m³,NA,IC
103202,GOLDEN HOSPITAL HELIPAD,Nitrite,2004-11-11T00:00,0.341,µg/m³,NA,IC
103202,GOLDEN HOSPITAL HELIPAD,Nitrite,2004-11-14T00:00,0.298,µg/m³,NA,IC
103202,GOLDEN HOSPITAL HELIPAD,Nitrite,2004-11-20T00:00,1.226,µg/m³,NA,IC
103202,GOLDEN HOSPITAL HELIPAD,Nitrite,2004-11-23T00:00,1.262,µg/m³,NA,IC
103202,GOLDEN HOSPITAL HELIPAD,Nitrite,2004-12-02T00:00,3.714,µg/m³,NA,IC
103202,GOLDEN HOSPITAL HELIPAD,Nitrite,2004-12-05T00:00,0.964,µg/m³,NA,IC
103202,GOLDEN HOSPITAL HELIPAD,Nitrite,2004-12-08T00:00,1.768,µg/m³,NA,IC
103202,GOLDEN HOSPITAL HELIPAD,Nitrite,2004-12-11T00:00,1.453,µg/m³,NA,IC
103202,GOLDEN HOSPITAL HELIPAD,Nitrite,2004-12-14T00:00,1.161,µg/m³,NA,IC
103202,GOLDEN HOSPITAL HELIPAD,Nitrite,2004-12-17T00:00,2.365,µg/m³,NA,IC
103202,GOLDEN HOSPITAL HELIPAD,Nitrite,2004-12-20T00:00,3.291,µg/m³,NA,IC
103202,GOLDEN HOSPITAL HELIPAD,Nitrite,2004-12-23T00:00,1.409,µg/m³,NA,IC
103202,GOLDEN HOSPITAL HELIPAD,Nitrite,2004-12-26T00:00,0.995,µg/m³,NA,IC
103202,GOLDEN HOSPITAL HELIPAD,Nitrite,2004-12-29T00:00,0.681,µg/m³,NA,IC
