﻿NAPS_Site_ID,Station_Name,Pollutant,Date,Value,Units,Report_Type,Method
80110,REGINA-2505 11TH. AVENUE,"1,4-Diethylbenzene",2005-01-10T00:00,0.003,µg/m³,VOC,
80110,REGINA-2505 11TH. AVENUE,"1,4-Diethylbenzene",2005-01-16T00:00,0.007,µg/m³,VOC,
80110,REGINA-2505 11TH. AVENUE,"1,4-Diethylbenzene",2005-01-22T00:00,0.020,µg/m³,VOC,
80110,REGINA-2505 11TH. AVENUE,"1,4-Diethylbenzene",2005-01-28T00:00,0.041,µg/m³,VOC,
80110,REGINA-2505 11TH. AVENUE,"1,4-Diethylbenzene",2005-02-03T00:00,0.066,µg/m³,VOC,
80110,REGINA-2505 11TH. AVENUE,"1,4-Diethylbenzene",2005-02-09T00:00,0.081,µg/m³,VOC,
80110,REGINA-2505 11TH. AVENUE,"1,4-Diethylbenzene",2005-02-15T00:00,0.030,µg/m³,VOC,
80110,REGINA-2505 11TH. AVENUE,"1,4-Diethylbenzene",2005-02-21T00:00,0.092,µg/m³,VOC,
80110,REGINA-2505 11TH. AVENUE,"1,4-Diethylbenzene",2005-02-27T00:00,0.046,µg/m³,VOC,
80110,REGINA-2505 11TH. AVENUE,"1,4-Diethylbenzene",2005-03-05T00:00,0.033,µg/m³,VOC,
80110,REGINA-2505 11TH. AVENUE,"1,4-Diethylbenzene",2005-03-11T00:00,0.082,µg/m³,VOC,
80110,REGINA-2505 11TH. AVENUE,"1,4-Diethylbenzene",2005-03-17T00:00,0.032,µg/m³,VOC,
80110,REGINA-2505 11TH. AVENUE,"1,4-Diethylbenzene",2005-03-23T00:00,0.150,µg/m³,VOC,
80110,REGINA-2505 11TH. AVENUE,"1,4-Diethylbenzene",2005-03-29T00:00,0.152,µg/m³,VOC,
80110,REGINA-2505 11TH. AVENUE,"1,4-Diethylbenzene",2005-04-04T00:00,0.086,µg/m³,VOC,
80110,REGINA-2505 11TH. AVENUE,"1,4-Diethylbenzene",2005-04-10T00:00,0.074,µg/m³,VOC,
80110,REGINA-2505 11TH. AVENUE,"1,4-Diethylbenzene",2005-04-16T00:00,0.054,µg/m³,VOC,
80110,REGINA-2505 11TH. AVENUE,"1,4-Diethylbenzene",2005-04-22T00:00,0.039,µg/m³,VOC,
80110,REGINA-2505 11TH. AVENUE,"1,4-Diethylbenzene",2005-04-28T00:00,0.076,µg/m³,VOC,
80110,REGINA-2505 11TH. AVENUE,"1,4-Diethylbenzene",2005-05-04T00:00,0.088,µg/m³,VOC,
80110,REGINA-2505 11TH. AVENUE,"1,4-Diethylbenzene",2005-05-10T00:00,0.071,µg/m³,VOC,
80110,REGINA-2505 11TH. AVENUE,"1,4-Diethylbenzene",2005-05-16T00:00,0.043,µg/m³,VOC,
80110,REGINA-2505 11TH. AVENUE,"1,4-Diethylbenzene",2005-05-22T00:00,0.044,µg/m³,VOC,
80110,REGINA-2505 11TH. AVENUE,"1,4-Diethylbenzene",2005-05-28T00:00,0.057,µg/m³,VOC,
80110,REGINA-2505 11TH. AVENUE,"1,4-Diethylbenzene",2005-06-03T00:00,0.000,µg/m³,VOC,
80110,REGINA-2505 11TH. AVENUE,"1,4-Diethylbenzene",2005-06-09T00:00,0.085,µg/m³,VOC,
80110,REGINA-2505 11TH. AVENUE,"1,4-Diethylbenzene",2005-06-21T00:00,0.080,µg/m³,VOC,
80110,REGINA-2505 11TH. AVENUE,"1,4-Diethylbenzene",2005-06-27T00:00,0.061,µg/m³,VOC,
80110,REGINA-2505 11TH. AVENUE,"1,4-Diethylbenzene",2005-07-03T00:00,0.000,µg/m³,VOC,
80110,REGINA-2505 11TH. AVENUE,"1,4-Diethylbenzene",2005-08-14T00:00,0.038,µg/m³,VOC,
80110,REGINA-2505 11TH. AVENUE,"1,4-Diethylbenzene",2005-08-20T00:00,0.045,µg/m³,VOC,
80110,REGINA-2505 11TH. AVENUE,"1,4-Diethylbenzene",2005-08-26T00:00,0.099,µg/m³,VOC,
80110,REGINA-2505 11TH. AVENUE,"1,4-Diethylbenzene",2005-09-02T00:00,0.034,µg/m³,VOC,
80110,REGINA-2505 11TH. AVENUE,"1,4-Diethylbenzene",2005-09-08T00:00,0.052,µg/m³,VOC,
80110,REGINA-2505 11TH. AVENUE,"1,4-Diethylbenzene",2005-09-13T00:00,0.077,µg/m³,VOC,
80110,REGINA-2505 11TH. AVENUE,"1,4-Diethylbenzene",2005-09-19T00:00,0.048,µg/m³,VOC,
80110,REGINA-2505 11TH. AVENUE,"1,4-Diethylbenzene",2005-09-25T00:00,0.038,µg/m³,VOC,
80110,REGINA-2505 11TH. AVENUE,"1,4-Diethylbenzene",2005-10-01T00:00,0.063,µg/m³,VOC,
80110,REGINA-2505 11TH. AVENUE,"1,4-Diethylbenzene",2005-10-07T00:00,0.022,µg/m³,VOC,
80110,REGINA-2505 11TH. AVENUE,"1,4-Diethylbenzene",2005-10-13T00:00,0.084,µg/m³,VOC,
80110,REGINA-2505 11TH. AVENUE,"1,4-Diethylbenzene",2005-10-19T00:00,0.108,µg/m³,VOC,
80110,REGINA-2505 11TH. AVENUE,"1,4-Diethylbenzene",2005-10-25T00:00,0.152,µg/m³,VOC,
80110,REGINA-2505 11TH. AVENUE,"1,4-Diethylbenzene",2005-10-31T00:00,0.089,µg/m³,VOC,
80110,REGINA-2505 11TH. AVENUE,"1,4-Diethylbenzene",2005-11-06T00:00,0.100,µg/m³,VOC,
80110,REGINA-2505 11TH. AVENUE,"1,4-Diethylbenzene",2005-11-12T00:00,0.145,µg/m³,VOC,
80110,REGINA-2505 11TH. AVENUE,"1,4-Diethylbenzene",2005-11-18T00:00,0.102,µg/m³,VOC,
80110,REGINA-2505 11TH. AVENUE,"1,4-Diethylbenzene",2005-11-30T00:00,0.047,µg/m³,VOC,
80110,REGINA-2505 11TH. AVENUE,"1,4-Diethylbenzene",2005-12-12T00:00,0.150,µg/m³,VOC,
80110,REGINA-2505 11TH. AVENUE,"1,4-Diethylbenzene",2005-12-18T00:00,0.051,µg/m³,VOC,
80110,REGINA-2505 11TH. AVENUE,"1,4-Diethylbenzene",2005-12-24T00:00,0.044,µg/m³,VOC,
80110,REGINA-2505 11TH. AVENUE,"1,4-Diethylbenzene",2005-12-30T00:00,0.079,µg/m³,VOC,
