﻿NAPS_Site_ID,Station_Name,Pollutant,Date,Value,Units,Report_Type,Method
40203,FOREST HILLS,"2,3-Dimethylbutane",2002-01-20T00:00,0.100,µg/m³,VOC,N/A
40203,FOREST HILLS,"2,3-Dimethylbutane",2002-01-26T00:00,0.090,µg/m³,VOC,N/A
40203,FOREST HILLS,"2,3-Dimethylbutane",2002-02-01T00:00,0.040,µg/m³,VOC,N/A
40203,FOREST HILLS,"2,3-Dimethylbutane",2002-02-07T00:00,0.060,µg/m³,VOC,N/A
40203,FOREST HILLS,"2,3-Dimethylbutane",2002-02-13T00:00,0.080,µg/m³,VOC,N/A
40203,FOREST HILLS,"2,3-Dimethylbutane",2002-02-19T00:00,0.140,µg/m³,VOC,N/A
40203,FOREST HILLS,"2,3-Dimethylbutane",2002-02-25T00:00,0.200,µg/m³,VOC,N/A
40203,FOREST HILLS,"2,3-Dimethylbutane",2002-03-03T00:00,0.180,µg/m³,VOC,N/A
40203,FOREST HILLS,"2,3-Dimethylbutane",2002-03-09T00:00,0.130,µg/m³,VOC,N/A
40203,FOREST HILLS,"2,3-Dimethylbutane",2002-03-15T00:00,0.020,µg/m³,VOC,N/A
40203,FOREST HILLS,"2,3-Dimethylbutane",2002-03-21T00:00,0.170,µg/m³,VOC,N/A
40203,FOREST HILLS,"2,3-Dimethylbutane",2002-03-27T00:00,0.130,µg/m³,VOC,N/A
40203,FOREST HILLS,"2,3-Dimethylbutane",2002-04-08T00:00,0.199,µg/m³,VOC,N/A
40203,FOREST HILLS,"2,3-Dimethylbutane",2002-04-14T00:00,0.136,µg/m³,VOC,N/A
40203,FOREST HILLS,"2,3-Dimethylbutane",2002-04-20T00:00,0.206,µg/m³,VOC,N/A
40203,FOREST HILLS,"2,3-Dimethylbutane",2002-05-02T00:00,0.791,µg/m³,VOC,N/A
40203,FOREST HILLS,"2,3-Dimethylbutane",2002-05-08T00:00,0.181,µg/m³,VOC,N/A
40203,FOREST HILLS,"2,3-Dimethylbutane",2002-05-14T00:00,0.092,µg/m³,VOC,N/A
40203,FOREST HILLS,"2,3-Dimethylbutane",2002-05-20T00:00,0.209,µg/m³,VOC,N/A
40203,FOREST HILLS,"2,3-Dimethylbutane",2002-05-26T00:00,0.407,µg/m³,VOC,N/A
40203,FOREST HILLS,"2,3-Dimethylbutane",2002-06-01T00:00,0.556,µg/m³,VOC,N/A
40203,FOREST HILLS,"2,3-Dimethylbutane",2002-06-25T00:00,0.658,µg/m³,VOC,N/A
40203,FOREST HILLS,"2,3-Dimethylbutane",2002-07-01T00:00,0.931,µg/m³,VOC,N/A
40203,FOREST HILLS,"2,3-Dimethylbutane",2002-07-13T00:00,0.543,µg/m³,VOC,N/A
40203,FOREST HILLS,"2,3-Dimethylbutane",2002-07-25T00:00,0.775,µg/m³,VOC,N/A
40203,FOREST HILLS,"2,3-Dimethylbutane",2002-08-18T00:00,1.916,µg/m³,VOC,N/A
40203,FOREST HILLS,"2,3-Dimethylbutane",2002-08-24T00:00,0.416,µg/m³,VOC,N/A
40203,FOREST HILLS,"2,3-Dimethylbutane",2002-08-30T00:00,0.867,µg/m³,VOC,N/A
40203,FOREST HILLS,"2,3-Dimethylbutane",2002-09-11T00:00,0.495,µg/m³,VOC,N/A
40203,FOREST HILLS,"2,3-Dimethylbutane",2002-09-29T00:00,0.056,µg/m³,VOC,N/A
40203,FOREST HILLS,"2,3-Dimethylbutane",2002-11-16T00:00,0.063,µg/m³,VOC,N/A
40203,FOREST HILLS,"2,3-Dimethylbutane",2002-11-22T00:00,0.279,µg/m³,VOC,N/A
