﻿NAPS_Site_ID,Station_Name,Pollutant,Date,Value,Units,Report_Type,Method
30118,VOGUE BUILDING,"1,3-Butadiene",2011-01-03T00:00,0.050,µg/m³,VOC,N/A
30118,VOGUE BUILDING,"1,3-Butadiene",2011-01-09T00:00,0.033,µg/m³,VOC,N/A
30118,VOGUE BUILDING,"1,3-Butadiene",2011-01-15T00:00,0.051,µg/m³,VOC,N/A
30118,VOGUE BUILDING,"1,3-Butadiene",2011-01-27T00:00,0.057,µg/m³,VOC,N/A
30118,VOGUE BUILDING,"1,3-Butadiene",2011-02-02T00:00,0.074,µg/m³,VOC,N/A
30118,VOGUE BUILDING,"1,3-Butadiene",2011-02-08T00:00,0.093,µg/m³,VOC,N/A
30118,VOGUE BUILDING,"1,3-Butadiene",2011-02-14T00:00,0.068,µg/m³,VOC,N/A
30118,VOGUE BUILDING,"1,3-Butadiene",2011-02-26T00:00,0.022,µg/m³,VOC,N/A
30118,VOGUE BUILDING,"1,3-Butadiene",2011-03-04T00:00,0.060,µg/m³,VOC,N/A
30118,VOGUE BUILDING,"1,3-Butadiene",2011-03-10T00:00,0.049,µg/m³,VOC,N/A
30118,VOGUE BUILDING,"1,3-Butadiene",2011-03-16T00:00,0.045,µg/m³,VOC,N/A
30118,VOGUE BUILDING,"1,3-Butadiene",2011-03-22T00:00,0.053,µg/m³,VOC,N/A
30118,VOGUE BUILDING,"1,3-Butadiene",2011-04-03T00:00,0.049,µg/m³,VOC,N/A
30118,VOGUE BUILDING,"1,3-Butadiene",2011-04-21T00:00,0.067,µg/m³,VOC,N/A
30118,VOGUE BUILDING,"1,3-Butadiene",2011-04-27T00:00,0.069,µg/m³,VOC,N/A
30118,VOGUE BUILDING,"1,3-Butadiene",2011-05-03T00:00,0.066,µg/m³,VOC,N/A
30118,VOGUE BUILDING,"1,3-Butadiene",2011-05-09T00:00,0.051,µg/m³,VOC,N/A
30118,VOGUE BUILDING,"1,3-Butadiene",2011-05-15T00:00,0.055,µg/m³,VOC,N/A
30118,VOGUE BUILDING,"1,3-Butadiene",2011-05-27T00:00,0.108,µg/m³,VOC,N/A
30118,VOGUE BUILDING,"1,3-Butadiene",2011-06-08T00:00,0.081,µg/m³,VOC,N/A
30118,VOGUE BUILDING,"1,3-Butadiene",2011-06-14T00:00,0.100,µg/m³,VOC,N/A
30118,VOGUE BUILDING,"1,3-Butadiene",2011-06-20T00:00,0.046,µg/m³,VOC,N/A
30118,VOGUE BUILDING,"1,3-Butadiene",2011-06-26T00:00,0.110,µg/m³,VOC,N/A
30118,VOGUE BUILDING,"1,3-Butadiene",2011-07-02T00:00,0.088,µg/m³,VOC,N/A
30118,VOGUE BUILDING,"1,3-Butadiene",2011-07-08T00:00,0.123,µg/m³,VOC,N/A
30118,VOGUE BUILDING,"1,3-Butadiene",2011-07-14T00:00,0.094,µg/m³,VOC,N/A
30118,VOGUE BUILDING,"1,3-Butadiene",2011-07-20T00:00,0.068,µg/m³,VOC,N/A
30118,VOGUE BUILDING,"1,3-Butadiene",2011-07-26T00:00,0.076,µg/m³,VOC,N/A
