﻿NAPS_Site_ID,Station_Name,Pollutant,Date,Value,Units,Report_Type,Method
65101,EAGLE ST. & McCAFFREY RD. _NEWMARKET_,Chloroform,2012-01-28T00:00,0.086,µg/m³,VOC,N/A
65101,EAGLE ST. & McCAFFREY RD. _NEWMARKET_,Chloroform,2012-02-03T00:00,0.078,µg/m³,VOC,N/A
65101,EAGLE ST. & McCAFFREY RD. _NEWMARKET_,Chloroform,2012-02-09T00:00,0.091,µg/m³,VOC,N/A
65101,EAGLE ST. & McCAFFREY RD. _NEWMARKET_,Chloroform,2012-02-15T00:00,0.105,µg/m³,VOC,N/A
65101,EAGLE ST. & McCAFFREY RD. _NEWMARKET_,Chloroform,2012-02-21T00:00,0.091,µg/m³,VOC,N/A
65101,EAGLE ST. & McCAFFREY RD. _NEWMARKET_,Chloroform,2012-02-27T00:00,0.099,µg/m³,VOC,N/A
65101,EAGLE ST. & McCAFFREY RD. _NEWMARKET_,Chloroform,2012-03-10T00:00,0.072,µg/m³,VOC,N/A
65101,EAGLE ST. & McCAFFREY RD. _NEWMARKET_,Chloroform,2012-03-16T00:00,0.113,µg/m³,VOC,N/A
65101,EAGLE ST. & McCAFFREY RD. _NEWMARKET_,Chloroform,2012-03-22T00:00,0.098,µg/m³,VOC,N/A
65101,EAGLE ST. & McCAFFREY RD. _NEWMARKET_,Chloroform,2012-03-28T00:00,0.122,µg/m³,VOC,N/A
65101,EAGLE ST. & McCAFFREY RD. _NEWMARKET_,Chloroform,2012-04-03T00:00,0.130,µg/m³,VOC,N/A
65101,EAGLE ST. & McCAFFREY RD. _NEWMARKET_,Chloroform,2012-04-09T00:00,0.118,µg/m³,VOC,N/A
65101,EAGLE ST. & McCAFFREY RD. _NEWMARKET_,Chloroform,2012-04-15T00:00,0.115,µg/m³,VOC,N/A
65101,EAGLE ST. & McCAFFREY RD. _NEWMARKET_,Chloroform,2012-04-21T00:00,0.087,µg/m³,VOC,N/A
65101,EAGLE ST. & McCAFFREY RD. _NEWMARKET_,Chloroform,2012-04-27T00:00,0.073,µg/m³,VOC,N/A
65101,EAGLE ST. & McCAFFREY RD. _NEWMARKET_,Chloroform,2012-05-03T00:00,0.101,µg/m³,VOC,N/A
65101,EAGLE ST. & McCAFFREY RD. _NEWMARKET_,Chloroform,2012-05-09T00:00,0.083,µg/m³,VOC,N/A
65101,EAGLE ST. & McCAFFREY RD. _NEWMARKET_,Chloroform,2012-05-15T00:00,0.158,µg/m³,VOC,N/A
65101,EAGLE ST. & McCAFFREY RD. _NEWMARKET_,Chloroform,2012-05-27T00:00,0.152,µg/m³,VOC,N/A
65101,EAGLE ST. & McCAFFREY RD. _NEWMARKET_,Chloroform,2012-06-02T00:00,0.092,µg/m³,VOC,N/A
65101,EAGLE ST. & McCAFFREY RD. _NEWMARKET_,Chloroform,2012-06-08T00:00,0.110,µg/m³,VOC,N/A
65101,EAGLE ST. & McCAFFREY RD. _NEWMARKET_,Chloroform,2012-06-14T00:00,0.188,µg/m³,VOC,N/A
65101,EAGLE ST. & McCAFFREY RD. _NEWMARKET_,Chloroform,2012-06-20T00:00,0.141,µg/m³,VOC,N/A
65101,EAGLE ST. & McCAFFREY RD. _NEWMARKET_,Chloroform,2012-06-26T00:00,0.262,µg/m³,VOC,N/A
65101,EAGLE ST. & McCAFFREY RD. _NEWMARKET_,Chloroform,2012-07-02T00:00,0.127,µg/m³,VOC,N/A
65101,EAGLE ST. & McCAFFREY RD. _NEWMARKET_,Chloroform,2012-07-08T00:00,0.206,µg/m³,VOC,N/A
65101,EAGLE ST. & McCAFFREY RD. _NEWMARKET_,Chloroform,2012-07-14T00:00,0.142,µg/m³,VOC,N/A
65101,EAGLE ST. & McCAFFREY RD. _NEWMARKET_,Chloroform,2012-07-20T00:00,0.153,µg/m³,VOC,N/A
65101,EAGLE ST. & McCAFFREY RD. _NEWMARKET_,Chloroform,2012-07-26T00:00,0.155,µg/m³,VOC,N/A
65101,EAGLE ST. & McCAFFREY RD. _NEWMARKET_,Chloroform,2012-08-01T00:00,0.136,µg/m³,VOC,N/A
65101,EAGLE ST. & McCAFFREY RD. _NEWMARKET_,Chloroform,2012-08-07T00:00,0.160,µg/m³,VOC,N/A
65101,EAGLE ST. & McCAFFREY RD. _NEWMARKET_,Chloroform,2012-08-13T00:00,0.219,µg/m³,VOC,N/A
65101,EAGLE ST. & McCAFFREY RD. _NEWMARKET_,Chloroform,2012-08-19T00:00,0.238,µg/m³,VOC,N/A
65101,EAGLE ST. & McCAFFREY RD. _NEWMARKET_,Chloroform,2012-08-25T00:00,0.135,µg/m³,VOC,N/A
65101,EAGLE ST. & McCAFFREY RD. _NEWMARKET_,Chloroform,2012-08-31T00:00,0.148,µg/m³,VOC,N/A
65101,EAGLE ST. & McCAFFREY RD. _NEWMARKET_,Chloroform,2012-09-06T00:00,0.230,µg/m³,VOC,N/A
65101,EAGLE ST. & McCAFFREY RD. _NEWMARKET_,Chloroform,2012-09-12T00:00,0.104,µg/m³,VOC,N/A
65101,EAGLE ST. & McCAFFREY RD. _NEWMARKET_,Chloroform,2012-09-18T00:00,0.103,µg/m³,VOC,N/A
65101,EAGLE ST. & McCAFFREY RD. _NEWMARKET_,Chloroform,2012-09-24T00:00,0.088,µg/m³,VOC,N/A
65101,EAGLE ST. & McCAFFREY RD. _NEWMARKET_,Chloroform,2012-09-30T00:00,0.086,µg/m³,VOC,N/A
65101,EAGLE ST. & McCAFFREY RD. _NEWMARKET_,Chloroform,2012-10-06T00:00,0.080,µg/m³,VOC,N/A
65101,EAGLE ST. & McCAFFREY RD. _NEWMARKET_,Chloroform,2012-10-12T00:00,0.108,µg/m³,VOC,N/A
65101,EAGLE ST. & McCAFFREY RD. _NEWMARKET_,Chloroform,2012-10-18T00:00,0.076,µg/m³,VOC,N/A
65101,EAGLE ST. & McCAFFREY RD. _NEWMARKET_,Chloroform,2012-10-24T00:00,0.082,µg/m³,VOC,N/A
65101,EAGLE ST. & McCAFFREY RD. _NEWMARKET_,Chloroform,2012-11-05T00:00,0.095,µg/m³,VOC,N/A
65101,EAGLE ST. & McCAFFREY RD. _NEWMARKET_,Chloroform,2012-11-11T00:00,0.091,µg/m³,VOC,N/A
65101,EAGLE ST. & McCAFFREY RD. _NEWMARKET_,Chloroform,2012-11-17T00:00,0.105,µg/m³,VOC,N/A
65101,EAGLE ST. & McCAFFREY RD. _NEWMARKET_,Chloroform,2012-11-23T00:00,0.084,µg/m³,VOC,N/A
65101,EAGLE ST. & McCAFFREY RD. _NEWMARKET_,Chloroform,2012-11-29T00:00,0.076,µg/m³,VOC,N/A
65101,EAGLE ST. & McCAFFREY RD. _NEWMARKET_,Chloroform,2012-12-05T00:00,0.082,µg/m³,VOC,N/A
65101,EAGLE ST. & McCAFFREY RD. _NEWMARKET_,Chloroform,2012-12-17T00:00,0.109,µg/m³,VOC,N/A
65101,EAGLE ST. & McCAFFREY RD. _NEWMARKET_,Chloroform,2012-12-23T00:00,0.081,µg/m³,VOC,N/A
65101,EAGLE ST. & McCAFFREY RD. _NEWMARKET_,Chloroform,2012-12-29T00:00,0.079,µg/m³,VOC,N/A
