﻿NAPS_Site_ID,Station_Name,Pollutant,Date,Value,Units,Report_Type,Method
50103,MONTRÉAL-SAINT-JEAN-BAPTISTE,3-Methylpentane,2014-01-04T19:00,0.369,µg/m³,VOC,N/A
50103,MONTRÉAL-SAINT-JEAN-BAPTISTE,3-Methylpentane,2014-01-10T19:00,0.680,µg/m³,VOC,N/A
50103,MONTRÉAL-SAINT-JEAN-BAPTISTE,3-Methylpentane,2014-01-16T19:00,0.347,µg/m³,VOC,N/A
50103,MONTRÉAL-SAINT-JEAN-BAPTISTE,3-Methylpentane,2014-01-22T19:00,0.932,µg/m³,VOC,N/A
50103,MONTRÉAL-SAINT-JEAN-BAPTISTE,3-Methylpentane,2014-01-28T19:00,0.220,µg/m³,VOC,N/A
50103,MONTRÉAL-SAINT-JEAN-BAPTISTE,3-Methylpentane,2014-02-03T19:00,0.844,µg/m³,VOC,N/A
50103,MONTRÉAL-SAINT-JEAN-BAPTISTE,3-Methylpentane,2014-02-09T19:00,1.158,µg/m³,VOC,N/A
50103,MONTRÉAL-SAINT-JEAN-BAPTISTE,3-Methylpentane,2014-02-15T19:00,0.726,µg/m³,VOC,N/A
50103,MONTRÉAL-SAINT-JEAN-BAPTISTE,3-Methylpentane,2014-02-21T19:00,0.248,µg/m³,VOC,N/A
50103,MONTRÉAL-SAINT-JEAN-BAPTISTE,3-Methylpentane,2014-02-27T19:00,0.622,µg/m³,VOC,N/A
50103,MONTRÉAL-SAINT-JEAN-BAPTISTE,3-Methylpentane,2014-03-05T19:00,0.296,µg/m³,VOC,N/A
50103,MONTRÉAL-SAINT-JEAN-BAPTISTE,3-Methylpentane,2014-03-11T20:00,0.118,µg/m³,VOC,N/A
50103,MONTRÉAL-SAINT-JEAN-BAPTISTE,3-Methylpentane,2014-03-17T20:00,0.218,µg/m³,VOC,N/A
50103,MONTRÉAL-SAINT-JEAN-BAPTISTE,3-Methylpentane,2014-03-23T20:00,0.652,µg/m³,VOC,N/A
50103,MONTRÉAL-SAINT-JEAN-BAPTISTE,3-Methylpentane,2014-03-29T20:00,0.048,µg/m³,VOC,N/A
50103,MONTRÉAL-SAINT-JEAN-BAPTISTE,3-Methylpentane,2014-04-04T20:00,0.192,µg/m³,VOC,N/A
50103,MONTRÉAL-SAINT-JEAN-BAPTISTE,3-Methylpentane,2014-04-10T20:00,0.674,µg/m³,VOC,N/A
50103,MONTRÉAL-SAINT-JEAN-BAPTISTE,3-Methylpentane,2014-04-16T20:00,0.328,µg/m³,VOC,N/A
50103,MONTRÉAL-SAINT-JEAN-BAPTISTE,3-Methylpentane,2014-04-22T20:00,0.144,µg/m³,VOC,N/A
50103,MONTRÉAL-SAINT-JEAN-BAPTISTE,3-Methylpentane,2014-04-28T20:00,0.062,µg/m³,VOC,N/A
50103,MONTRÉAL-SAINT-JEAN-BAPTISTE,3-Methylpentane,2014-05-04T20:00,0.232,µg/m³,VOC,N/A
50103,MONTRÉAL-SAINT-JEAN-BAPTISTE,3-Methylpentane,2014-05-10T20:00,0.426,µg/m³,VOC,N/A
50103,MONTRÉAL-SAINT-JEAN-BAPTISTE,3-Methylpentane,2014-05-16T20:00,0.446,µg/m³,VOC,N/A
50103,MONTRÉAL-SAINT-JEAN-BAPTISTE,3-Methylpentane,2014-05-22T20:00,0.106,µg/m³,VOC,N/A
50103,MONTRÉAL-SAINT-JEAN-BAPTISTE,3-Methylpentane,2014-05-28T20:00,1.612,µg/m³,VOC,N/A
50103,MONTRÉAL-SAINT-JEAN-BAPTISTE,3-Methylpentane,2014-06-03T20:00,0.812,µg/m³,VOC,N/A
50103,MONTRÉAL-SAINT-JEAN-BAPTISTE,3-Methylpentane,2014-06-09T20:00,0.118,µg/m³,VOC,N/A
50103,MONTRÉAL-SAINT-JEAN-BAPTISTE,3-Methylpentane,2014-06-15T20:00,0.216,µg/m³,VOC,N/A
50103,MONTRÉAL-SAINT-JEAN-BAPTISTE,3-Methylpentane,2014-06-21T20:00,0.426,µg/m³,VOC,N/A
50103,MONTRÉAL-SAINT-JEAN-BAPTISTE,3-Methylpentane,2014-06-27T20:00,1.290,µg/m³,VOC,N/A
50103,MONTRÉAL-SAINT-JEAN-BAPTISTE,3-Methylpentane,2014-07-03T20:00,0.354,µg/m³,VOC,N/A
50103,MONTRÉAL-SAINT-JEAN-BAPTISTE,3-Methylpentane,2014-07-09T20:00,1.170,µg/m³,VOC,N/A
50103,MONTRÉAL-SAINT-JEAN-BAPTISTE,3-Methylpentane,2014-07-15T20:00,0.788,µg/m³,VOC,N/A
50103,MONTRÉAL-SAINT-JEAN-BAPTISTE,3-Methylpentane,2014-07-21T20:00,0.532,µg/m³,VOC,N/A
50103,MONTRÉAL-SAINT-JEAN-BAPTISTE,3-Methylpentane,2014-07-27T20:00,0.136,µg/m³,VOC,N/A
50103,MONTRÉAL-SAINT-JEAN-BAPTISTE,3-Methylpentane,2014-08-02T20:00,0.814,µg/m³,VOC,N/A
50103,MONTRÉAL-SAINT-JEAN-BAPTISTE,3-Methylpentane,2014-08-08T20:00,2.546,µg/m³,VOC,N/A
50103,MONTRÉAL-SAINT-JEAN-BAPTISTE,3-Methylpentane,2014-08-14T20:00,1.100,µg/m³,VOC,N/A
50103,MONTRÉAL-SAINT-JEAN-BAPTISTE,3-Methylpentane,2014-08-20T20:00,0.188,µg/m³,VOC,N/A
50103,MONTRÉAL-SAINT-JEAN-BAPTISTE,3-Methylpentane,2014-08-26T20:00,0.676,µg/m³,VOC,N/A
50103,MONTRÉAL-SAINT-JEAN-BAPTISTE,3-Methylpentane,2014-09-01T20:00,1.046,µg/m³,VOC,N/A
50103,MONTRÉAL-SAINT-JEAN-BAPTISTE,3-Methylpentane,2014-09-07T20:00,0.486,µg/m³,VOC,N/A
50103,MONTRÉAL-SAINT-JEAN-BAPTISTE,3-Methylpentane,2014-09-13T20:00,0.480,µg/m³,VOC,N/A
50103,MONTRÉAL-SAINT-JEAN-BAPTISTE,3-Methylpentane,2014-09-19T20:00,1.748,µg/m³,VOC,N/A
50103,MONTRÉAL-SAINT-JEAN-BAPTISTE,3-Methylpentane,2014-09-25T20:00,2.140,µg/m³,VOC,N/A
50103,MONTRÉAL-SAINT-JEAN-BAPTISTE,3-Methylpentane,2014-10-01T20:00,0.174,µg/m³,VOC,N/A
50103,MONTRÉAL-SAINT-JEAN-BAPTISTE,3-Methylpentane,2014-10-07T20:00,0.398,µg/m³,VOC,N/A
50103,MONTRÉAL-SAINT-JEAN-BAPTISTE,3-Methylpentane,2014-10-13T20:00,0.252,µg/m³,VOC,N/A
50103,MONTRÉAL-SAINT-JEAN-BAPTISTE,3-Methylpentane,2014-10-25T20:00,0.856,µg/m³,VOC,N/A
50103,MONTRÉAL-SAINT-JEAN-BAPTISTE,3-Methylpentane,2014-10-31T20:00,0.048,µg/m³,VOC,N/A
50103,MONTRÉAL-SAINT-JEAN-BAPTISTE,3-Methylpentane,2014-11-06T19:00,0.076,µg/m³,VOC,N/A
50103,MONTRÉAL-SAINT-JEAN-BAPTISTE,3-Methylpentane,2014-11-12T19:00,0.336,µg/m³,VOC,N/A
50103,MONTRÉAL-SAINT-JEAN-BAPTISTE,3-Methylpentane,2014-11-18T19:00,0.516,µg/m³,VOC,N/A
50103,MONTRÉAL-SAINT-JEAN-BAPTISTE,3-Methylpentane,2014-11-24T19:00,0.390,µg/m³,VOC,N/A
50103,MONTRÉAL-SAINT-JEAN-BAPTISTE,3-Methylpentane,2014-11-30T19:00,0.618,µg/m³,VOC,N/A
50103,MONTRÉAL-SAINT-JEAN-BAPTISTE,3-Methylpentane,2014-12-06T19:00,0.168,µg/m³,VOC,N/A
50103,MONTRÉAL-SAINT-JEAN-BAPTISTE,3-Methylpentane,2014-12-12T19:00,0.750,µg/m³,VOC,N/A
50103,MONTRÉAL-SAINT-JEAN-BAPTISTE,3-Methylpentane,2014-12-18T19:00,0.770,µg/m³,VOC,N/A
50103,MONTRÉAL-SAINT-JEAN-BAPTISTE,3-Methylpentane,2014-12-24T19:00,0.426,µg/m³,VOC,N/A
50103,MONTRÉAL-SAINT-JEAN-BAPTISTE,3-Methylpentane,2014-12-30T19:00,0.586,µg/m³,VOC,N/A
