﻿NAPS_Site_ID,Station_Name,Pollutant,Date,Value,Units,Report_Type,Method
60435,ETOBICOKE SOUTH-2,Tetrachloroethylene,2010-01-02T00:00,0.044,µg/m³,VOC,N/A
60435,ETOBICOKE SOUTH-2,Tetrachloroethylene,2010-01-08T00:00,0.271,µg/m³,VOC,N/A
60435,ETOBICOKE SOUTH-2,Tetrachloroethylene,2010-01-14T00:00,0.122,µg/m³,VOC,N/A
60435,ETOBICOKE SOUTH-2,Tetrachloroethylene,2010-01-20T00:00,0.249,µg/m³,VOC,N/A
60435,ETOBICOKE SOUTH-2,Tetrachloroethylene,2010-01-26T00:00,0.083,µg/m³,VOC,N/A
60435,ETOBICOKE SOUTH-2,Tetrachloroethylene,2010-02-01T00:00,0.089,µg/m³,VOC,N/A
60435,ETOBICOKE SOUTH-2,Tetrachloroethylene,2010-02-07T00:00,0.154,µg/m³,VOC,N/A
60435,ETOBICOKE SOUTH-2,Tetrachloroethylene,2010-02-13T00:00,0.330,µg/m³,VOC,N/A
60435,ETOBICOKE SOUTH-2,Tetrachloroethylene,2010-03-03T00:00,0.300,µg/m³,VOC,N/A
60435,ETOBICOKE SOUTH-2,Tetrachloroethylene,2010-03-09T00:00,0.795,µg/m³,VOC,N/A
60435,ETOBICOKE SOUTH-2,Tetrachloroethylene,2010-03-15T00:00,0.415,µg/m³,VOC,N/A
60435,ETOBICOKE SOUTH-2,Tetrachloroethylene,2010-03-21T00:00,0.158,µg/m³,VOC,N/A
60435,ETOBICOKE SOUTH-2,Tetrachloroethylene,2010-03-27T00:00,0.396,µg/m³,VOC,N/A
60435,ETOBICOKE SOUTH-2,Tetrachloroethylene,2010-04-02T00:00,0.233,µg/m³,VOC,N/A
60435,ETOBICOKE SOUTH-2,Tetrachloroethylene,2010-04-08T00:00,0.106,µg/m³,VOC,N/A
60435,ETOBICOKE SOUTH-2,Tetrachloroethylene,2010-04-14T00:00,0.411,µg/m³,VOC,N/A
60435,ETOBICOKE SOUTH-2,Tetrachloroethylene,2010-04-20T00:00,0.226,µg/m³,VOC,N/A
60435,ETOBICOKE SOUTH-2,Tetrachloroethylene,2010-04-26T00:00,0.136,µg/m³,VOC,N/A
60435,ETOBICOKE SOUTH-2,Tetrachloroethylene,2010-05-02T00:00,0.076,µg/m³,VOC,N/A
60435,ETOBICOKE SOUTH-2,Tetrachloroethylene,2010-05-08T00:00,0.036,µg/m³,VOC,N/A
60435,ETOBICOKE SOUTH-2,Tetrachloroethylene,2010-05-14T00:00,0.098,µg/m³,VOC,N/A
60435,ETOBICOKE SOUTH-2,Tetrachloroethylene,2010-05-20T00:00,0.381,µg/m³,VOC,N/A
60435,ETOBICOKE SOUTH-2,Tetrachloroethylene,2010-05-26T00:00,0.525,µg/m³,VOC,N/A
60435,ETOBICOKE SOUTH-2,Tetrachloroethylene,2010-06-01T00:00,0.192,µg/m³,VOC,N/A
60435,ETOBICOKE SOUTH-2,Tetrachloroethylene,2010-06-07T00:00,0.179,µg/m³,VOC,N/A
60435,ETOBICOKE SOUTH-2,Tetrachloroethylene,2010-06-13T00:00,0.117,µg/m³,VOC,N/A
60435,ETOBICOKE SOUTH-2,Tetrachloroethylene,2010-06-19T00:00,0.113,µg/m³,VOC,N/A
60435,ETOBICOKE SOUTH-2,Tetrachloroethylene,2010-06-25T00:00,0.173,µg/m³,VOC,N/A
60435,ETOBICOKE SOUTH-2,Tetrachloroethylene,2010-07-01T00:00,0.179,µg/m³,VOC,N/A
60435,ETOBICOKE SOUTH-2,Tetrachloroethylene,2010-07-07T00:00,0.253,µg/m³,VOC,N/A
60435,ETOBICOKE SOUTH-2,Tetrachloroethylene,2010-07-13T00:00,0.311,µg/m³,VOC,N/A
60435,ETOBICOKE SOUTH-2,Tetrachloroethylene,2010-07-19T00:00,0.280,µg/m³,VOC,N/A
60435,ETOBICOKE SOUTH-2,Tetrachloroethylene,2010-07-25T00:00,0.150,µg/m³,VOC,N/A
60435,ETOBICOKE SOUTH-2,Tetrachloroethylene,2010-07-31T00:00,0.206,µg/m³,VOC,N/A
60435,ETOBICOKE SOUTH-2,Tetrachloroethylene,2010-08-06T00:00,0.115,µg/m³,VOC,N/A
60435,ETOBICOKE SOUTH-2,Tetrachloroethylene,2010-08-12T00:00,0.053,µg/m³,VOC,N/A
60435,ETOBICOKE SOUTH-2,Tetrachloroethylene,2010-08-18T00:00,0.368,µg/m³,VOC,N/A
60435,ETOBICOKE SOUTH-2,Tetrachloroethylene,2010-08-24T00:00,0.089,µg/m³,VOC,N/A
60435,ETOBICOKE SOUTH-2,Tetrachloroethylene,2010-08-30T00:00,0.124,µg/m³,VOC,N/A
60435,ETOBICOKE SOUTH-2,Tetrachloroethylene,2010-09-05T00:00,0.054,µg/m³,VOC,N/A
60435,ETOBICOKE SOUTH-2,Tetrachloroethylene,2010-09-11T00:00,0.293,µg/m³,VOC,N/A
60435,ETOBICOKE SOUTH-2,Tetrachloroethylene,2010-09-17T00:00,0.265,µg/m³,VOC,N/A
60435,ETOBICOKE SOUTH-2,Tetrachloroethylene,2010-09-23T00:00,0.554,µg/m³,VOC,N/A
60435,ETOBICOKE SOUTH-2,Tetrachloroethylene,2010-09-29T00:00,0.211,µg/m³,VOC,N/A
60435,ETOBICOKE SOUTH-2,Tetrachloroethylene,2010-10-05T00:00,0.452,µg/m³,VOC,N/A
60435,ETOBICOKE SOUTH-2,Tetrachloroethylene,2010-10-11T00:00,0.677,µg/m³,VOC,N/A
60435,ETOBICOKE SOUTH-2,Tetrachloroethylene,2010-10-17T00:00,0.086,µg/m³,VOC,N/A
60435,ETOBICOKE SOUTH-2,Tetrachloroethylene,2010-10-23T00:00,0.138,µg/m³,VOC,N/A
60435,ETOBICOKE SOUTH-2,Tetrachloroethylene,2010-10-29T00:00,0.120,µg/m³,VOC,N/A
60435,ETOBICOKE SOUTH-2,Tetrachloroethylene,2010-11-04T00:00,0.248,µg/m³,VOC,N/A
60435,ETOBICOKE SOUTH-2,Tetrachloroethylene,2010-11-10T00:00,1.369,µg/m³,VOC,N/A
60435,ETOBICOKE SOUTH-2,Tetrachloroethylene,2010-11-16T00:00,1.429,µg/m³,VOC,N/A
60435,ETOBICOKE SOUTH-2,Tetrachloroethylene,2010-11-22T00:00,0.307,µg/m³,VOC,N/A
60435,ETOBICOKE SOUTH-2,Tetrachloroethylene,2010-11-28T00:00,0.064,µg/m³,VOC,N/A
60435,ETOBICOKE SOUTH-2,Tetrachloroethylene,2010-12-04T00:00,0.274,µg/m³,VOC,N/A
60435,ETOBICOKE SOUTH-2,Tetrachloroethylene,2010-12-10T00:00,0.090,µg/m³,VOC,N/A
60435,ETOBICOKE SOUTH-2,Tetrachloroethylene,2010-12-16T00:00,0.121,µg/m³,VOC,N/A
60435,ETOBICOKE SOUTH-2,Tetrachloroethylene,2010-12-22T00:00,0.147,µg/m³,VOC,N/A
60435,ETOBICOKE SOUTH-2,Tetrachloroethylene,2010-12-28T00:00,0.084,µg/m³,VOC,N/A
