﻿NAPS_Site_ID,Station_Name,Pollutant,Date,Value,Units,Report_Type,Method
60104,OTTAWA DOWNTOWN,Calcium,1989-01-04T00:00,0.026,µg/m³,DICHOT,EDXRF
60104,OTTAWA DOWNTOWN,Calcium,1989-01-04T00:00,0.093,µg/m³,DICHOT,EDXRF
60104,OTTAWA DOWNTOWN,Calcium,1989-01-10T00:00,0.051,µg/m³,DICHOT,EDXRF
60104,OTTAWA DOWNTOWN,Calcium,1989-01-10T00:00,0.986,µg/m³,DICHOT,EDXRF
60104,OTTAWA DOWNTOWN,Calcium,1989-01-16T00:00,0.057,µg/m³,DICHOT,EDXRF
60104,OTTAWA DOWNTOWN,Calcium,1989-01-16T00:00,0.664,µg/m³,DICHOT,EDXRF
60104,OTTAWA DOWNTOWN,Calcium,1989-01-22T00:00,0.028,µg/m³,DICHOT,EDXRF
60104,OTTAWA DOWNTOWN,Calcium,1989-01-22T00:00,0.198,µg/m³,DICHOT,EDXRF
60104,OTTAWA DOWNTOWN,Calcium,1989-01-28T00:00,0.023,µg/m³,DICHOT,EDXRF
60104,OTTAWA DOWNTOWN,Calcium,1989-01-28T00:00,0.193,µg/m³,DICHOT,EDXRF
60104,OTTAWA DOWNTOWN,Calcium,1989-02-03T00:00,0.026,µg/m³,DICHOT,EDXRF
60104,OTTAWA DOWNTOWN,Calcium,1989-02-03T00:00,0.303,µg/m³,DICHOT,EDXRF
60104,OTTAWA DOWNTOWN,Calcium,1989-02-09T00:00,0.062,µg/m³,DICHOT,EDXRF
60104,OTTAWA DOWNTOWN,Calcium,1989-02-09T00:00,0.608,µg/m³,DICHOT,EDXRF
60104,OTTAWA DOWNTOWN,Calcium,1989-02-15T00:00,0.135,µg/m³,DICHOT,EDXRF
60104,OTTAWA DOWNTOWN,Calcium,1989-02-15T00:00,2.130,µg/m³,DICHOT,EDXRF
60104,OTTAWA DOWNTOWN,Calcium,1989-02-21T00:00,0.018,µg/m³,DICHOT,EDXRF
60104,OTTAWA DOWNTOWN,Calcium,1989-02-21T00:00,0.138,µg/m³,DICHOT,EDXRF
60104,OTTAWA DOWNTOWN,Calcium,1989-02-27T00:00,0.101,µg/m³,DICHOT,EDXRF
60104,OTTAWA DOWNTOWN,Calcium,1989-02-27T00:00,1.660,µg/m³,DICHOT,EDXRF
60104,OTTAWA DOWNTOWN,Calcium,1989-03-05T00:00,0.027,µg/m³,DICHOT,EDXRF
60104,OTTAWA DOWNTOWN,Calcium,1989-03-05T00:00,0.171,µg/m³,DICHOT,EDXRF
60104,OTTAWA DOWNTOWN,Calcium,1989-03-11T00:00,0.054,µg/m³,DICHOT,EDXRF
60104,OTTAWA DOWNTOWN,Calcium,1989-03-11T00:00,0.485,µg/m³,DICHOT,EDXRF
60104,OTTAWA DOWNTOWN,Calcium,1989-03-17T00:00,0.043,µg/m³,DICHOT,EDXRF
60104,OTTAWA DOWNTOWN,Calcium,1989-03-17T00:00,0.575,µg/m³,DICHOT,EDXRF
60104,OTTAWA DOWNTOWN,Calcium,1989-03-23T00:00,0.078,µg/m³,DICHOT,EDXRF
60104,OTTAWA DOWNTOWN,Calcium,1989-03-23T00:00,1.830,µg/m³,DICHOT,EDXRF
60104,OTTAWA DOWNTOWN,Calcium,1989-03-29T00:00,0.048,µg/m³,DICHOT,EDXRF
60104,OTTAWA DOWNTOWN,Calcium,1989-03-29T00:00,0.893,µg/m³,DICHOT,EDXRF
60104,OTTAWA DOWNTOWN,Calcium,1989-04-01T00:00,0.050,µg/m³,DICHOT,EDXRF
60104,OTTAWA DOWNTOWN,Calcium,1989-04-01T00:00,1.080,µg/m³,DICHOT,EDXRF
60104,OTTAWA DOWNTOWN,Calcium,1989-04-04T00:00,0.014,µg/m³,DICHOT,EDXRF
60104,OTTAWA DOWNTOWN,Calcium,1989-04-04T00:00,0.234,µg/m³,DICHOT,EDXRF
60104,OTTAWA DOWNTOWN,Calcium,1989-04-06T00:00,0.051,µg/m³,DICHOT,EDXRF
60104,OTTAWA DOWNTOWN,Calcium,1989-04-06T00:00,1.190,µg/m³,DICHOT,EDXRF
60104,OTTAWA DOWNTOWN,Calcium,1989-04-10T00:00,0.086,µg/m³,DICHOT,EDXRF
60104,OTTAWA DOWNTOWN,Calcium,1989-04-10T00:00,0.991,µg/m³,DICHOT,EDXRF
60104,OTTAWA DOWNTOWN,Calcium,1989-04-16T00:00,0.035,µg/m³,DICHOT,EDXRF
60104,OTTAWA DOWNTOWN,Calcium,1989-04-16T00:00,0.328,µg/m³,DICHOT,EDXRF
60104,OTTAWA DOWNTOWN,Calcium,1989-04-22T00:00,0.055,µg/m³,DICHOT,EDXRF
60104,OTTAWA DOWNTOWN,Calcium,1989-04-22T00:00,0.394,µg/m³,DICHOT,EDXRF
60104,OTTAWA DOWNTOWN,Calcium,1989-04-28T00:00,0.061,µg/m³,DICHOT,EDXRF
60104,OTTAWA DOWNTOWN,Calcium,1989-04-28T00:00,0.742,µg/m³,DICHOT,EDXRF
60104,OTTAWA DOWNTOWN,Calcium,1989-05-04T00:00,0.072,µg/m³,DICHOT,EDXRF
60104,OTTAWA DOWNTOWN,Calcium,1989-05-04T00:00,0.828,µg/m³,DICHOT,EDXRF
60104,OTTAWA DOWNTOWN,Calcium,1989-05-10T00:00,0.056,µg/m³,DICHOT,EDXRF
60104,OTTAWA DOWNTOWN,Calcium,1989-05-10T00:00,0.519,µg/m³,DICHOT,EDXRF
60104,OTTAWA DOWNTOWN,Calcium,1989-05-16T00:00,0.075,µg/m³,DICHOT,EDXRF
60104,OTTAWA DOWNTOWN,Calcium,1989-05-16T00:00,1.510,µg/m³,DICHOT,EDXRF
60104,OTTAWA DOWNTOWN,Calcium,1989-05-22T00:00,0.051,µg/m³,DICHOT,EDXRF
60104,OTTAWA DOWNTOWN,Calcium,1989-05-22T00:00,0.500,µg/m³,DICHOT,EDXRF
60104,OTTAWA DOWNTOWN,Calcium,1989-05-28T00:00,0.022,µg/m³,DICHOT,EDXRF
60104,OTTAWA DOWNTOWN,Calcium,1989-05-28T00:00,0.371,µg/m³,DICHOT,EDXRF
60104,OTTAWA DOWNTOWN,Calcium,1989-06-03T00:00,0.041,µg/m³,DICHOT,EDXRF
60104,OTTAWA DOWNTOWN,Calcium,1989-06-03T00:00,0.410,µg/m³,DICHOT,EDXRF
60104,OTTAWA DOWNTOWN,Calcium,1989-06-09T00:00,0.043,µg/m³,DICHOT,EDXRF
60104,OTTAWA DOWNTOWN,Calcium,1989-06-09T00:00,0.792,µg/m³,DICHOT,EDXRF
60104,OTTAWA DOWNTOWN,Calcium,1989-06-15T00:00,0.025,µg/m³,DICHOT,EDXRF
60104,OTTAWA DOWNTOWN,Calcium,1989-06-15T00:00,0.617,µg/m³,DICHOT,EDXRF
60104,OTTAWA DOWNTOWN,Calcium,1989-06-21T00:00,0.040,µg/m³,DICHOT,EDXRF
60104,OTTAWA DOWNTOWN,Calcium,1989-06-21T00:00,0.850,µg/m³,DICHOT,EDXRF
60104,OTTAWA DOWNTOWN,Calcium,1989-06-27T00:00,0.053,µg/m³,DICHOT,EDXRF
60104,OTTAWA DOWNTOWN,Calcium,1989-06-27T00:00,1.300,µg/m³,DICHOT,EDXRF
60104,OTTAWA DOWNTOWN,Calcium,1989-07-03T00:00,0.049,µg/m³,DICHOT,EDXRF
60104,OTTAWA DOWNTOWN,Calcium,1989-07-03T00:00,0.600,µg/m³,DICHOT,EDXRF
60104,OTTAWA DOWNTOWN,Calcium,1989-07-09T00:00,0.013,µg/m³,DICHOT,EDXRF
60104,OTTAWA DOWNTOWN,Calcium,1989-07-09T00:00,0.468,µg/m³,DICHOT,EDXRF
60104,OTTAWA DOWNTOWN,Calcium,1989-07-15T00:00,0.036,µg/m³,DICHOT,EDXRF
60104,OTTAWA DOWNTOWN,Calcium,1989-07-15T00:00,0.766,µg/m³,DICHOT,EDXRF
60104,OTTAWA DOWNTOWN,Calcium,1989-07-21T00:00,0.076,µg/m³,DICHOT,EDXRF
60104,OTTAWA DOWNTOWN,Calcium,1989-07-21T00:00,1.450,µg/m³,DICHOT,EDXRF
60104,OTTAWA DOWNTOWN,Calcium,1989-07-27T00:00,0.053,µg/m³,DICHOT,EDXRF
60104,OTTAWA DOWNTOWN,Calcium,1989-07-27T00:00,1.850,µg/m³,DICHOT,EDXRF
60104,OTTAWA DOWNTOWN,Calcium,1989-08-02T00:00,0.019,µg/m³,DICHOT,EDXRF
60104,OTTAWA DOWNTOWN,Calcium,1989-08-02T00:00,0.703,µg/m³,DICHOT,EDXRF
60104,OTTAWA DOWNTOWN,Calcium,1989-08-08T00:00,0.040,µg/m³,DICHOT,EDXRF
60104,OTTAWA DOWNTOWN,Calcium,1989-08-08T00:00,0.570,µg/m³,DICHOT,EDXRF
60104,OTTAWA DOWNTOWN,Calcium,1989-08-14T00:00,0.071,µg/m³,DICHOT,EDXRF
60104,OTTAWA DOWNTOWN,Calcium,1989-08-14T00:00,1.150,µg/m³,DICHOT,EDXRF
60104,OTTAWA DOWNTOWN,Calcium,1989-08-20T00:00,0.013,µg/m³,DICHOT,EDXRF
60104,OTTAWA DOWNTOWN,Calcium,1989-08-20T00:00,0.203,µg/m³,DICHOT,EDXRF
60104,OTTAWA DOWNTOWN,Calcium,1989-08-26T00:00,0.069,µg/m³,DICHOT,EDXRF
60104,OTTAWA DOWNTOWN,Calcium,1989-08-26T00:00,0.465,µg/m³,DICHOT,EDXRF
60104,OTTAWA DOWNTOWN,Calcium,1989-09-01T00:00,0.030,µg/m³,DICHOT,EDXRF
60104,OTTAWA DOWNTOWN,Calcium,1989-09-01T00:00,0.539,µg/m³,DICHOT,EDXRF
60104,OTTAWA DOWNTOWN,Calcium,1989-09-07T00:00,0.017,µg/m³,DICHOT,EDXRF
60104,OTTAWA DOWNTOWN,Calcium,1989-09-07T00:00,0.912,µg/m³,DICHOT,EDXRF
60104,OTTAWA DOWNTOWN,Calcium,1989-09-13T00:00,0.049,µg/m³,DICHOT,EDXRF
60104,OTTAWA DOWNTOWN,Calcium,1989-09-13T00:00,0.492,µg/m³,DICHOT,EDXRF
60104,OTTAWA DOWNTOWN,Calcium,1989-09-19T00:00,0.062,µg/m³,DICHOT,EDXRF
60104,OTTAWA DOWNTOWN,Calcium,1989-09-19T00:00,1.320,µg/m³,DICHOT,EDXRF
60104,OTTAWA DOWNTOWN,Calcium,1989-09-25T00:00,0.056,µg/m³,DICHOT,EDXRF
60104,OTTAWA DOWNTOWN,Calcium,1989-09-25T00:00,0.785,µg/m³,DICHOT,EDXRF
60104,OTTAWA DOWNTOWN,Calcium,1989-10-01T00:00,0.054,µg/m³,DICHOT,EDXRF
60104,OTTAWA DOWNTOWN,Calcium,1989-10-01T00:00,0.691,µg/m³,DICHOT,EDXRF
60104,OTTAWA DOWNTOWN,Calcium,1989-10-07T00:00,0.022,µg/m³,DICHOT,EDXRF
60104,OTTAWA DOWNTOWN,Calcium,1989-10-07T00:00,0.239,µg/m³,DICHOT,EDXRF
60104,OTTAWA DOWNTOWN,Calcium,1989-10-13T00:00,0.055,µg/m³,DICHOT,EDXRF
60104,OTTAWA DOWNTOWN,Calcium,1989-10-13T00:00,1.390,µg/m³,DICHOT,EDXRF
60104,OTTAWA DOWNTOWN,Calcium,1989-10-19T00:00,0.056,µg/m³,DICHOT,EDXRF
60104,OTTAWA DOWNTOWN,Calcium,1989-10-19T00:00,0.977,µg/m³,DICHOT,EDXRF
