﻿NAPS_Site_ID,Station_Name,Pollutant,Date,Value,Units,Report_Type,Method
60435,ETOBICOKE SOUTH-2,3-Methylhexane,2015-01-05T19:00,0.146,µg/m³,VOC,N/A
60435,ETOBICOKE SOUTH-2,3-Methylhexane,2015-01-11T19:00,0.235,µg/m³,VOC,N/A
60435,ETOBICOKE SOUTH-2,3-Methylhexane,2015-01-17T19:00,0.169,µg/m³,VOC,N/A
60435,ETOBICOKE SOUTH-2,3-Methylhexane,2015-01-23T19:00,0.202,µg/m³,VOC,N/A
60435,ETOBICOKE SOUTH-2,3-Methylhexane,2015-01-29T19:00,0.302,µg/m³,VOC,N/A
60435,ETOBICOKE SOUTH-2,3-Methylhexane,2015-02-10T19:00,0.199,µg/m³,VOC,N/A
60435,ETOBICOKE SOUTH-2,3-Methylhexane,2015-02-16T19:00,0.500,µg/m³,VOC,N/A
60435,ETOBICOKE SOUTH-2,3-Methylhexane,2015-02-22T19:00,0.159,µg/m³,VOC,N/A
60435,ETOBICOKE SOUTH-2,3-Methylhexane,2015-02-28T19:00,0.487,µg/m³,VOC,N/A
60435,ETOBICOKE SOUTH-2,3-Methylhexane,2015-03-06T19:00,0.166,µg/m³,VOC,N/A
60435,ETOBICOKE SOUTH-2,3-Methylhexane,2015-03-12T20:00,0.178,µg/m³,VOC,N/A
60435,ETOBICOKE SOUTH-2,3-Methylhexane,2015-03-18T20:00,0.423,µg/m³,VOC,N/A
60435,ETOBICOKE SOUTH-2,3-Methylhexane,2015-03-24T20:00,0.243,µg/m³,VOC,N/A
60435,ETOBICOKE SOUTH-2,3-Methylhexane,2015-03-30T20:00,0.369,µg/m³,VOC,N/A
60435,ETOBICOKE SOUTH-2,3-Methylhexane,2015-04-05T20:00,0.206,µg/m³,VOC,N/A
60435,ETOBICOKE SOUTH-2,3-Methylhexane,2015-04-11T20:00,0.311,µg/m³,VOC,N/A
60435,ETOBICOKE SOUTH-2,3-Methylhexane,2015-04-17T20:00,0.598,µg/m³,VOC,N/A
60435,ETOBICOKE SOUTH-2,3-Methylhexane,2015-04-23T20:00,0.304,µg/m³,VOC,N/A
60435,ETOBICOKE SOUTH-2,3-Methylhexane,2015-04-29T20:00,0.556,µg/m³,VOC,N/A
60435,ETOBICOKE SOUTH-2,3-Methylhexane,2015-05-05T20:00,0.827,µg/m³,VOC,N/A
60435,ETOBICOKE SOUTH-2,3-Methylhexane,2015-06-22T20:00,0.190,µg/m³,VOC,N/A
60435,ETOBICOKE SOUTH-2,3-Methylhexane,2015-06-28T20:00,0.330,µg/m³,VOC,N/A
60435,ETOBICOKE SOUTH-2,3-Methylhexane,2015-07-04T20:00,0.404,µg/m³,VOC,N/A
60435,ETOBICOKE SOUTH-2,3-Methylhexane,2015-07-10T20:00,0.611,µg/m³,VOC,N/A
60435,ETOBICOKE SOUTH-2,3-Methylhexane,2015-07-16T20:00,0.362,µg/m³,VOC,N/A
60435,ETOBICOKE SOUTH-2,3-Methylhexane,2015-07-22T20:00,0.611,µg/m³,VOC,N/A
60435,ETOBICOKE SOUTH-2,3-Methylhexane,2015-07-28T20:00,0.630,µg/m³,VOC,N/A
60435,ETOBICOKE SOUTH-2,3-Methylhexane,2015-08-03T20:00,0.229,µg/m³,VOC,N/A
60435,ETOBICOKE SOUTH-2,3-Methylhexane,2015-08-09T20:00,0.735,µg/m³,VOC,N/A
60435,ETOBICOKE SOUTH-2,3-Methylhexane,2015-08-15T20:00,0.505,µg/m³,VOC,N/A
60435,ETOBICOKE SOUTH-2,3-Methylhexane,2015-08-21T20:00,0.426,µg/m³,VOC,N/A
60435,ETOBICOKE SOUTH-2,3-Methylhexane,2015-08-27T20:00,0.706,µg/m³,VOC,N/A
60435,ETOBICOKE SOUTH-2,3-Methylhexane,2015-09-02T20:00,0.581,µg/m³,VOC,N/A
60435,ETOBICOKE SOUTH-2,3-Methylhexane,2015-09-08T20:00,0.439,µg/m³,VOC,N/A
60435,ETOBICOKE SOUTH-2,3-Methylhexane,2015-09-14T20:00,0.537,µg/m³,VOC,N/A
60435,ETOBICOKE SOUTH-2,3-Methylhexane,2015-09-20T20:00,0.554,µg/m³,VOC,N/A
60435,ETOBICOKE SOUTH-2,3-Methylhexane,2015-09-26T20:00,0.194,µg/m³,VOC,N/A
60435,ETOBICOKE SOUTH-2,3-Methylhexane,2015-10-02T20:00,0.048,µg/m³,VOC,N/A
60435,ETOBICOKE SOUTH-2,3-Methylhexane,2015-10-08T20:00,0.404,µg/m³,VOC,N/A
60435,ETOBICOKE SOUTH-2,3-Methylhexane,2015-10-14T20:00,0.203,µg/m³,VOC,N/A
60435,ETOBICOKE SOUTH-2,3-Methylhexane,2015-10-20T20:00,0.479,µg/m³,VOC,N/A
60435,ETOBICOKE SOUTH-2,3-Methylhexane,2015-10-26T20:00,0.349,µg/m³,VOC,N/A
60435,ETOBICOKE SOUTH-2,3-Methylhexane,2015-11-01T19:00,0.358,µg/m³,VOC,N/A
60435,ETOBICOKE SOUTH-2,3-Methylhexane,2015-11-07T19:00,0.237,µg/m³,VOC,N/A
60435,ETOBICOKE SOUTH-2,3-Methylhexane,2015-11-13T19:00,0.169,µg/m³,VOC,N/A
60435,ETOBICOKE SOUTH-2,3-Methylhexane,2015-11-19T19:00,0.300,µg/m³,VOC,N/A
60435,ETOBICOKE SOUTH-2,3-Methylhexane,2015-11-25T19:00,0.257,µg/m³,VOC,N/A
60435,ETOBICOKE SOUTH-2,3-Methylhexane,2015-12-01T19:00,0.787,µg/m³,VOC,N/A
60435,ETOBICOKE SOUTH-2,3-Methylhexane,2015-12-07T19:00,0.388,µg/m³,VOC,N/A
60435,ETOBICOKE SOUTH-2,3-Methylhexane,2015-12-13T19:00,0.460,µg/m³,VOC,N/A
60435,ETOBICOKE SOUTH-2,3-Methylhexane,2015-12-19T19:00,0.100,µg/m³,VOC,N/A
60435,ETOBICOKE SOUTH-2,3-Methylhexane,2015-12-25T19:00,0.144,µg/m³,VOC,N/A
