﻿NAPS_Site_ID,Station_Name,Pollutant,Date,Value,Units,Report_Type,Method
40208,CHAMPLAIN HEIGHTS SCHOOL,m and p-Xylene,2011-01-03T00:00,0.186,µg/m³,VOC,N/A
40208,CHAMPLAIN HEIGHTS SCHOOL,m and p-Xylene,2011-01-09T00:00,0.079,µg/m³,VOC,N/A
40208,CHAMPLAIN HEIGHTS SCHOOL,m and p-Xylene,2011-01-15T00:00,0.267,µg/m³,VOC,N/A
40208,CHAMPLAIN HEIGHTS SCHOOL,m and p-Xylene,2011-01-21T00:00,0.162,µg/m³,VOC,N/A
40208,CHAMPLAIN HEIGHTS SCHOOL,m and p-Xylene,2011-01-27T00:00,0.222,µg/m³,VOC,N/A
40208,CHAMPLAIN HEIGHTS SCHOOL,m and p-Xylene,2011-02-08T00:00,1.712,µg/m³,VOC,N/A
40208,CHAMPLAIN HEIGHTS SCHOOL,m and p-Xylene,2011-02-14T00:00,0.653,µg/m³,VOC,N/A
40208,CHAMPLAIN HEIGHTS SCHOOL,m and p-Xylene,2011-02-20T00:00,0.100,µg/m³,VOC,N/A
40208,CHAMPLAIN HEIGHTS SCHOOL,m and p-Xylene,2011-02-26T00:00,0.254,µg/m³,VOC,N/A
40208,CHAMPLAIN HEIGHTS SCHOOL,m and p-Xylene,2011-03-04T00:00,1.920,µg/m³,VOC,N/A
40208,CHAMPLAIN HEIGHTS SCHOOL,m and p-Xylene,2011-03-10T00:00,0.041,µg/m³,VOC,N/A
40208,CHAMPLAIN HEIGHTS SCHOOL,m and p-Xylene,2011-03-22T00:00,0.082,µg/m³,VOC,N/A
40208,CHAMPLAIN HEIGHTS SCHOOL,m and p-Xylene,2011-03-28T00:00,0.060,µg/m³,VOC,N/A
40208,CHAMPLAIN HEIGHTS SCHOOL,m and p-Xylene,2011-04-03T00:00,0.196,µg/m³,VOC,N/A
40208,CHAMPLAIN HEIGHTS SCHOOL,m and p-Xylene,2011-04-09T00:00,3.195,µg/m³,VOC,N/A
40208,CHAMPLAIN HEIGHTS SCHOOL,m and p-Xylene,2011-04-15T00:00,0.164,µg/m³,VOC,N/A
40208,CHAMPLAIN HEIGHTS SCHOOL,m and p-Xylene,2011-04-21T00:00,1.067,µg/m³,VOC,N/A
40208,CHAMPLAIN HEIGHTS SCHOOL,m and p-Xylene,2011-04-27T00:00,0.062,µg/m³,VOC,N/A
40208,CHAMPLAIN HEIGHTS SCHOOL,m and p-Xylene,2011-05-03T00:00,4.082,µg/m³,VOC,N/A
40208,CHAMPLAIN HEIGHTS SCHOOL,m and p-Xylene,2011-05-09T00:00,0.060,µg/m³,VOC,N/A
40208,CHAMPLAIN HEIGHTS SCHOOL,m and p-Xylene,2011-05-15T00:00,3.954,µg/m³,VOC,N/A
40208,CHAMPLAIN HEIGHTS SCHOOL,m and p-Xylene,2011-05-21T00:00,2.346,µg/m³,VOC,N/A
40208,CHAMPLAIN HEIGHTS SCHOOL,m and p-Xylene,2011-05-27T00:00,3.962,µg/m³,VOC,N/A
40208,CHAMPLAIN HEIGHTS SCHOOL,m and p-Xylene,2011-05-27T00:00,4.376,µg/m³,VOC,N/A
40208,CHAMPLAIN HEIGHTS SCHOOL,m and p-Xylene,2011-06-02T00:00,5.916,µg/m³,VOC,N/A
40208,CHAMPLAIN HEIGHTS SCHOOL,m and p-Xylene,2011-06-14T00:00,0.050,µg/m³,VOC,N/A
40208,CHAMPLAIN HEIGHTS SCHOOL,m and p-Xylene,2011-06-20T00:00,0.846,µg/m³,VOC,N/A
40208,CHAMPLAIN HEIGHTS SCHOOL,m and p-Xylene,2011-06-26T00:00,3.925,µg/m³,VOC,N/A
40208,CHAMPLAIN HEIGHTS SCHOOL,m and p-Xylene,2011-07-02T00:00,3.904,µg/m³,VOC,N/A
40208,CHAMPLAIN HEIGHTS SCHOOL,m and p-Xylene,2011-08-13T00:00,7.297,µg/m³,VOC,N/A
40208,CHAMPLAIN HEIGHTS SCHOOL,m and p-Xylene,2011-08-19T00:00,8.640,µg/m³,VOC,N/A
40208,CHAMPLAIN HEIGHTS SCHOOL,m and p-Xylene,2011-08-25T00:00,7.415,µg/m³,VOC,N/A
40208,CHAMPLAIN HEIGHTS SCHOOL,m and p-Xylene,2011-08-31T00:00,0.914,µg/m³,VOC,N/A
40208,CHAMPLAIN HEIGHTS SCHOOL,m and p-Xylene,2011-09-06T00:00,2.903,µg/m³,VOC,N/A
40208,CHAMPLAIN HEIGHTS SCHOOL,m and p-Xylene,2011-09-12T00:00,6.767,µg/m³,VOC,N/A
40208,CHAMPLAIN HEIGHTS SCHOOL,m and p-Xylene,2011-09-18T00:00,1.257,µg/m³,VOC,N/A
40208,CHAMPLAIN HEIGHTS SCHOOL,m and p-Xylene,2011-09-24T00:00,0.918,µg/m³,VOC,N/A
40208,CHAMPLAIN HEIGHTS SCHOOL,m and p-Xylene,2011-09-30T00:00,6.962,µg/m³,VOC,N/A
40208,CHAMPLAIN HEIGHTS SCHOOL,m and p-Xylene,2011-10-06T00:00,0.126,µg/m³,VOC,N/A
40208,CHAMPLAIN HEIGHTS SCHOOL,m and p-Xylene,2011-10-12T00:00,0.753,µg/m³,VOC,N/A
40208,CHAMPLAIN HEIGHTS SCHOOL,m and p-Xylene,2011-10-18T00:00,3.493,µg/m³,VOC,N/A
40208,CHAMPLAIN HEIGHTS SCHOOL,m and p-Xylene,2011-10-24T00:00,3.001,µg/m³,VOC,N/A
40208,CHAMPLAIN HEIGHTS SCHOOL,m and p-Xylene,2011-10-30T00:00,0.035,µg/m³,VOC,N/A
40208,CHAMPLAIN HEIGHTS SCHOOL,m and p-Xylene,2011-11-05T00:00,0.255,µg/m³,VOC,N/A
40208,CHAMPLAIN HEIGHTS SCHOOL,m and p-Xylene,2011-11-11T00:00,0.730,µg/m³,VOC,N/A
40208,CHAMPLAIN HEIGHTS SCHOOL,m and p-Xylene,2011-11-17T00:00,0.453,µg/m³,VOC,N/A
40208,CHAMPLAIN HEIGHTS SCHOOL,m and p-Xylene,2011-11-29T00:00,0.192,µg/m³,VOC,N/A
40208,CHAMPLAIN HEIGHTS SCHOOL,m and p-Xylene,2011-12-05T00:00,5.026,µg/m³,VOC,N/A
40208,CHAMPLAIN HEIGHTS SCHOOL,m and p-Xylene,2011-12-17T00:00,0.137,µg/m³,VOC,N/A
40208,CHAMPLAIN HEIGHTS SCHOOL,m and p-Xylene,2011-12-23T00:00,0.349,µg/m³,VOC,N/A
40208,CHAMPLAIN HEIGHTS SCHOOL,m and p-Xylene,2011-12-29T00:00,1.041,µg/m³,VOC,N/A
