﻿NAPS_Site_ID,Station_Name,Pollutant,Date,Value,Units,Report_Type,Method
50115,MONTRÉAL-MAISONNEUVE,"1,2,3-Trimethylbenzene",2009-01-01T00:00,0.000,µg/m³,VOC,GC-MS
50115,MONTRÉAL-MAISONNEUVE,"1,2,3-Trimethylbenzene",2009-01-07T00:00,0.197,µg/m³,VOC,GC-MS
50115,MONTRÉAL-MAISONNEUVE,"1,2,3-Trimethylbenzene",2009-01-13T00:00,0.116,µg/m³,VOC,GC-MS
50115,MONTRÉAL-MAISONNEUVE,"1,2,3-Trimethylbenzene",2009-01-19T00:00,0.162,µg/m³,VOC,GC-MS
50115,MONTRÉAL-MAISONNEUVE,"1,2,3-Trimethylbenzene",2009-01-25T00:00,0.032,µg/m³,VOC,GC-MS
50115,MONTRÉAL-MAISONNEUVE,"1,2,3-Trimethylbenzene",2009-01-31T00:00,0.076,µg/m³,VOC,GC-MS
50115,MONTRÉAL-MAISONNEUVE,"1,2,3-Trimethylbenzene",2009-02-06T00:00,0.172,µg/m³,VOC,GC-MS
50115,MONTRÉAL-MAISONNEUVE,"1,2,3-Trimethylbenzene",2009-02-12T00:00,0.332,µg/m³,VOC,GC-MS
50115,MONTRÉAL-MAISONNEUVE,"1,2,3-Trimethylbenzene",2009-02-18T00:00,0.091,µg/m³,VOC,GC-MS
50115,MONTRÉAL-MAISONNEUVE,"1,2,3-Trimethylbenzene",2009-02-24T00:00,0.073,µg/m³,VOC,GC-MS
50115,MONTRÉAL-MAISONNEUVE,"1,2,3-Trimethylbenzene",2009-03-02T00:00,0.153,µg/m³,VOC,GC-MS
50115,MONTRÉAL-MAISONNEUVE,"1,2,3-Trimethylbenzene",2009-03-08T00:00,0.101,µg/m³,VOC,GC-MS
50115,MONTRÉAL-MAISONNEUVE,"1,2,3-Trimethylbenzene",2009-03-14T00:00,0.068,µg/m³,VOC,GC-MS
50115,MONTRÉAL-MAISONNEUVE,"1,2,3-Trimethylbenzene",2009-03-20T00:00,0.135,µg/m³,VOC,GC-MS
50115,MONTRÉAL-MAISONNEUVE,"1,2,3-Trimethylbenzene",2009-03-26T00:00,0.317,µg/m³,VOC,GC-MS
50115,MONTRÉAL-MAISONNEUVE,"1,2,3-Trimethylbenzene",2009-04-01T00:00,0.115,µg/m³,VOC,GC-MS
50115,MONTRÉAL-MAISONNEUVE,"1,2,3-Trimethylbenzene",2009-04-07T00:00,0.082,µg/m³,VOC,GC-MS
50115,MONTRÉAL-MAISONNEUVE,"1,2,3-Trimethylbenzene",2009-04-13T00:00,0.068,µg/m³,VOC,GC-MS
50115,MONTRÉAL-MAISONNEUVE,"1,2,3-Trimethylbenzene",2009-04-19T00:00,0.062,µg/m³,VOC,GC-MS
50115,MONTRÉAL-MAISONNEUVE,"1,2,3-Trimethylbenzene",2009-04-25T00:00,0.083,µg/m³,VOC,GC-MS
50115,MONTRÉAL-MAISONNEUVE,"1,2,3-Trimethylbenzene",2009-05-01T00:00,0.118,µg/m³,VOC,GC-MS
50115,MONTRÉAL-MAISONNEUVE,"1,2,3-Trimethylbenzene",2009-05-07T00:00,0.268,µg/m³,VOC,GC-MS
50115,MONTRÉAL-MAISONNEUVE,"1,2,3-Trimethylbenzene",2009-05-13T00:00,0.120,µg/m³,VOC,GC-MS
50115,MONTRÉAL-MAISONNEUVE,"1,2,3-Trimethylbenzene",2009-05-19T00:00,0.080,µg/m³,VOC,GC-MS
50115,MONTRÉAL-MAISONNEUVE,"1,2,3-Trimethylbenzene",2009-05-25T00:00,0.124,µg/m³,VOC,GC-MS
50115,MONTRÉAL-MAISONNEUVE,"1,2,3-Trimethylbenzene",2009-05-31T00:00,0.125,µg/m³,VOC,GC-MS
50115,MONTRÉAL-MAISONNEUVE,"1,2,3-Trimethylbenzene",2009-06-06T00:00,0.118,µg/m³,VOC,GC-MS
50115,MONTRÉAL-MAISONNEUVE,"1,2,3-Trimethylbenzene",2009-06-12T00:00,0.171,µg/m³,VOC,GC-MS
50115,MONTRÉAL-MAISONNEUVE,"1,2,3-Trimethylbenzene",2009-06-18T00:00,0.093,µg/m³,VOC,GC-MS
50115,MONTRÉAL-MAISONNEUVE,"1,2,3-Trimethylbenzene",2009-06-24T00:00,0.173,µg/m³,VOC,GC-MS
50115,MONTRÉAL-MAISONNEUVE,"1,2,3-Trimethylbenzene",2009-06-30T00:00,0.127,µg/m³,VOC,GC-MS
50115,MONTRÉAL-MAISONNEUVE,"1,2,3-Trimethylbenzene",2009-07-06T00:00,0.213,µg/m³,VOC,GC-MS
50115,MONTRÉAL-MAISONNEUVE,"1,2,3-Trimethylbenzene",2009-07-12T00:00,0.078,µg/m³,VOC,GC-MS
50115,MONTRÉAL-MAISONNEUVE,"1,2,3-Trimethylbenzene",2009-07-18T00:00,0.088,µg/m³,VOC,GC-MS
50115,MONTRÉAL-MAISONNEUVE,"1,2,3-Trimethylbenzene",2009-07-24T00:00,0.078,µg/m³,VOC,GC-MS
50115,MONTRÉAL-MAISONNEUVE,"1,2,3-Trimethylbenzene",2009-07-30T00:00,1.085,µg/m³,VOC,GC-MS
50115,MONTRÉAL-MAISONNEUVE,"1,2,3-Trimethylbenzene",2009-08-05T00:00,0.164,µg/m³,VOC,GC-MS
50115,MONTRÉAL-MAISONNEUVE,"1,2,3-Trimethylbenzene",2009-08-11T00:00,0.207,µg/m³,VOC,GC-MS
50115,MONTRÉAL-MAISONNEUVE,"1,2,3-Trimethylbenzene",2009-08-17T00:00,0.138,µg/m³,VOC,GC-MS
50115,MONTRÉAL-MAISONNEUVE,"1,2,3-Trimethylbenzene",2009-08-29T00:00,0.069,µg/m³,VOC,GC-MS
50115,MONTRÉAL-MAISONNEUVE,"1,2,3-Trimethylbenzene",2009-09-10T00:00,0.121,µg/m³,VOC,GC-MS
50115,MONTRÉAL-MAISONNEUVE,"1,2,3-Trimethylbenzene",2009-09-16T00:00,0.095,µg/m³,VOC,GC-MS
50115,MONTRÉAL-MAISONNEUVE,"1,2,3-Trimethylbenzene",2009-09-22T00:00,0.151,µg/m³,VOC,GC-MS
50115,MONTRÉAL-MAISONNEUVE,"1,2,3-Trimethylbenzene",2009-09-28T00:00,0.106,µg/m³,VOC,GC-MS
50115,MONTRÉAL-MAISONNEUVE,"1,2,3-Trimethylbenzene",2009-10-04T00:00,0.119,µg/m³,VOC,GC-MS
50115,MONTRÉAL-MAISONNEUVE,"1,2,3-Trimethylbenzene",2009-10-10T00:00,0.083,µg/m³,VOC,GC-MS
50115,MONTRÉAL-MAISONNEUVE,"1,2,3-Trimethylbenzene",2009-10-16T00:00,0.085,µg/m³,VOC,GC-MS
50115,MONTRÉAL-MAISONNEUVE,"1,2,3-Trimethylbenzene",2009-10-22T00:00,0.167,µg/m³,VOC,GC-MS
50115,MONTRÉAL-MAISONNEUVE,"1,2,3-Trimethylbenzene",2009-10-28T00:00,0.209,µg/m³,VOC,GC-MS
50115,MONTRÉAL-MAISONNEUVE,"1,2,3-Trimethylbenzene",2009-11-03T00:00,0.170,µg/m³,VOC,GC-MS
50115,MONTRÉAL-MAISONNEUVE,"1,2,3-Trimethylbenzene",2009-11-09T00:00,0.145,µg/m³,VOC,GC-MS
50115,MONTRÉAL-MAISONNEUVE,"1,2,3-Trimethylbenzene",2009-11-15T00:00,0.239,µg/m³,VOC,GC-MS
50115,MONTRÉAL-MAISONNEUVE,"1,2,3-Trimethylbenzene",2009-11-21T00:00,0.101,µg/m³,VOC,GC-MS
50115,MONTRÉAL-MAISONNEUVE,"1,2,3-Trimethylbenzene",2009-11-27T00:00,0.261,µg/m³,VOC,GC-MS
50115,MONTRÉAL-MAISONNEUVE,"1,2,3-Trimethylbenzene",2009-12-03T00:00,0.142,µg/m³,VOC,GC-MS
50115,MONTRÉAL-MAISONNEUVE,"1,2,3-Trimethylbenzene",2009-12-09T00:00,0.087,µg/m³,VOC,GC-MS
50115,MONTRÉAL-MAISONNEUVE,"1,2,3-Trimethylbenzene",2009-12-15T00:00,0.134,µg/m³,VOC,GC-MS
50115,MONTRÉAL-MAISONNEUVE,"1,2,3-Trimethylbenzene",2009-12-21T00:00,0.017,µg/m³,VOC,GC-MS
50115,MONTRÉAL-MAISONNEUVE,"1,2,3-Trimethylbenzene",2009-12-27T00:00,0.053,µg/m³,VOC,GC-MS
