﻿NAPS_Site_ID,Station_Name,Pollutant,Date,Value,Units,Report_Type,Method
100134,VANCOUVER INTL. AIRPORT,Ethylene,2015-01-17T19:00,0.511,µg/m³,VOC,GC-FID
100134,VANCOUVER INTL. AIRPORT,Ethylene,2015-02-10T19:00,4.548,µg/m³,VOC,GC-FID
100134,VANCOUVER INTL. AIRPORT,Ethylene,2015-03-06T19:00,4.211,µg/m³,VOC,GC-FID
100134,VANCOUVER INTL. AIRPORT,Ethylene,2015-05-05T20:00,1.084,µg/m³,VOC,GC-FID
100134,VANCOUVER INTL. AIRPORT,Ethylene,2015-05-17T20:00,1.151,µg/m³,VOC,GC-FID
100134,VANCOUVER INTL. AIRPORT,Ethylene,2015-05-29T20:00,0.354,µg/m³,VOC,GC-FID
100134,VANCOUVER INTL. AIRPORT,Ethylene,2015-06-10T20:00,0.908,µg/m³,VOC,GC-FID
100134,VANCOUVER INTL. AIRPORT,Ethylene,2015-06-22T20:00,0.481,µg/m³,VOC,GC-FID
100134,VANCOUVER INTL. AIRPORT,Ethylene,2015-07-04T20:00,4.267,µg/m³,VOC,GC-FID
100134,VANCOUVER INTL. AIRPORT,Ethylene,2015-07-28T20:00,1.501,µg/m³,VOC,GC-FID
100134,VANCOUVER INTL. AIRPORT,Ethylene,2015-08-09T20:00,1.629,µg/m³,VOC,GC-FID
100134,VANCOUVER INTL. AIRPORT,Ethylene,2015-08-21T20:00,1.271,µg/m³,VOC,GC-FID
100134,VANCOUVER INTL. AIRPORT,Ethylene,2015-09-02T20:00,0.705,µg/m³,VOC,GC-FID
100134,VANCOUVER INTL. AIRPORT,Ethylene,2015-09-14T20:00,0.704,µg/m³,VOC,GC-FID
100134,VANCOUVER INTL. AIRPORT,Ethylene,2015-09-26T20:00,1.657,µg/m³,VOC,GC-FID
100134,VANCOUVER INTL. AIRPORT,Ethylene,2015-10-08T20:00,2.068,µg/m³,VOC,GC-FID
100134,VANCOUVER INTL. AIRPORT,Ethylene,2015-11-01T19:00,3.032,µg/m³,VOC,GC-FID
100134,VANCOUVER INTL. AIRPORT,Ethylene,2015-11-13T19:00,1.555,µg/m³,VOC,GC-FID
100134,VANCOUVER INTL. AIRPORT,Ethylene,2015-11-25T19:00,12.167,µg/m³,VOC,GC-FID
100134,VANCOUVER INTL. AIRPORT,Ethylene,2015-12-07T19:00,1.293,µg/m³,VOC,GC-FID
