﻿NAPS_Site_ID,Station_Name,Pollutant,Date,Value,Units,Report_Type,Method
60211,WINDSOR WEST,Triphenylene,2006-08-15T00:00,0.000,µg/m³,PAH,N/A
60211,WINDSOR WEST,Triphenylene,2006-08-21T00:00,0.000,µg/m³,PAH,N/A
60211,WINDSOR WEST,Triphenylene,2006-09-08T00:00,0.000,µg/m³,PAH,N/A
60211,WINDSOR WEST,Triphenylene,2006-09-14T00:00,0.000,µg/m³,PAH,N/A
60211,WINDSOR WEST,Triphenylene,2006-10-02T00:00,0.000,µg/m³,PAH,N/A
60211,WINDSOR WEST,Triphenylene,2006-10-08T00:00,0.000,µg/m³,PAH,N/A
60211,WINDSOR WEST,Triphenylene,2006-10-26T00:00,0.000,µg/m³,PAH,N/A
60211,WINDSOR WEST,Triphenylene,2006-11-01T00:00,0.000,µg/m³,PAH,N/A
60211,WINDSOR WEST,Triphenylene,2006-11-19T00:00,0.000,µg/m³,PAH,N/A
60211,WINDSOR WEST,Triphenylene,2006-11-25T00:00,0.000,µg/m³,PAH,N/A
60211,WINDSOR WEST,Triphenylene,2006-12-07T00:00,0.000,µg/m³,PAH,N/A
60211,WINDSOR WEST,Triphenylene,2006-12-13T00:00,0.000,µg/m³,PAH,N/A
60211,WINDSOR WEST,Triphenylene,2006-12-19T00:00,0.001,µg/m³,PAH,N/A
60211,WINDSOR WEST,Triphenylene,2006-12-31T00:00,0.000,µg/m³,PAH,N/A
