﻿NAPS_Site_ID,Station_Name,Pollutant,Date,Value,Units,Report_Type,Method
62601,EXPERIMENTAL FARM _SIMCOE_,"1,4-Diethylbenzene",1998-01-05T00:00,0.065,µg/m³,VOC,GC-MS
62601,EXPERIMENTAL FARM _SIMCOE_,"1,4-Diethylbenzene",1998-01-05T00:00,0.073,µg/m³,VOC,GC-MS
62601,EXPERIMENTAL FARM _SIMCOE_,"1,4-Diethylbenzene",1998-01-11T00:00,0.030,µg/m³,VOC,GC-MS
62601,EXPERIMENTAL FARM _SIMCOE_,"1,4-Diethylbenzene",1998-01-11T00:00,0.038,µg/m³,VOC,GC-MS
62601,EXPERIMENTAL FARM _SIMCOE_,"1,4-Diethylbenzene",1998-01-17T00:00,0.105,µg/m³,VOC,GC-MS
62601,EXPERIMENTAL FARM _SIMCOE_,"1,4-Diethylbenzene",1998-01-17T00:00,0.155,µg/m³,VOC,GC-MS
62601,EXPERIMENTAL FARM _SIMCOE_,"1,4-Diethylbenzene",1998-01-23T00:00,0.086,µg/m³,VOC,GC-MS
62601,EXPERIMENTAL FARM _SIMCOE_,"1,4-Diethylbenzene",1998-01-23T00:00,0.118,µg/m³,VOC,GC-MS
62601,EXPERIMENTAL FARM _SIMCOE_,"1,4-Diethylbenzene",1998-01-29T00:00,0.094,µg/m³,VOC,GC-MS
62601,EXPERIMENTAL FARM _SIMCOE_,"1,4-Diethylbenzene",1998-01-29T00:00,0.117,µg/m³,VOC,GC-MS
62601,EXPERIMENTAL FARM _SIMCOE_,"1,4-Diethylbenzene",1998-02-04T00:00,0.066,µg/m³,VOC,GC-MS
62601,EXPERIMENTAL FARM _SIMCOE_,"1,4-Diethylbenzene",1998-02-04T00:00,0.081,µg/m³,VOC,GC-MS
62601,EXPERIMENTAL FARM _SIMCOE_,"1,4-Diethylbenzene",1998-02-10T00:00,0.135,µg/m³,VOC,GC-MS
62601,EXPERIMENTAL FARM _SIMCOE_,"1,4-Diethylbenzene",1998-02-10T00:00,0.238,µg/m³,VOC,GC-MS
62601,EXPERIMENTAL FARM _SIMCOE_,"1,4-Diethylbenzene",1998-02-16T00:00,0.064,µg/m³,VOC,GC-MS
62601,EXPERIMENTAL FARM _SIMCOE_,"1,4-Diethylbenzene",1998-02-16T00:00,0.067,µg/m³,VOC,GC-MS
62601,EXPERIMENTAL FARM _SIMCOE_,"1,4-Diethylbenzene",1998-02-22T00:00,0.036,µg/m³,VOC,GC-MS
62601,EXPERIMENTAL FARM _SIMCOE_,"1,4-Diethylbenzene",1998-02-22T00:00,0.044,µg/m³,VOC,GC-MS
62601,EXPERIMENTAL FARM _SIMCOE_,"1,4-Diethylbenzene",1998-02-28T00:00,0.089,µg/m³,VOC,GC-MS
62601,EXPERIMENTAL FARM _SIMCOE_,"1,4-Diethylbenzene",1998-02-28T00:00,0.105,µg/m³,VOC,GC-MS
62601,EXPERIMENTAL FARM _SIMCOE_,"1,4-Diethylbenzene",1998-03-06T00:00,0.049,µg/m³,VOC,GC-MS
62601,EXPERIMENTAL FARM _SIMCOE_,"1,4-Diethylbenzene",1998-03-06T00:00,0.053,µg/m³,VOC,GC-MS
62601,EXPERIMENTAL FARM _SIMCOE_,"1,4-Diethylbenzene",1998-03-12T00:00,0.027,µg/m³,VOC,GC-MS
62601,EXPERIMENTAL FARM _SIMCOE_,"1,4-Diethylbenzene",1998-03-12T00:00,0.032,µg/m³,VOC,GC-MS
62601,EXPERIMENTAL FARM _SIMCOE_,"1,4-Diethylbenzene",1998-03-18T00:00,0.049,µg/m³,VOC,GC-MS
62601,EXPERIMENTAL FARM _SIMCOE_,"1,4-Diethylbenzene",1998-03-18T00:00,0.063,µg/m³,VOC,GC-MS
62601,EXPERIMENTAL FARM _SIMCOE_,"1,4-Diethylbenzene",1998-03-24T00:00,0.000,µg/m³,VOC,GC-MS
62601,EXPERIMENTAL FARM _SIMCOE_,"1,4-Diethylbenzene",1998-03-24T00:00,0.042,µg/m³,VOC,GC-MS
62601,EXPERIMENTAL FARM _SIMCOE_,"1,4-Diethylbenzene",1998-03-30T00:00,0.054,µg/m³,VOC,GC-MS
62601,EXPERIMENTAL FARM _SIMCOE_,"1,4-Diethylbenzene",1998-03-30T00:00,0.060,µg/m³,VOC,GC-MS
62601,EXPERIMENTAL FARM _SIMCOE_,"1,4-Diethylbenzene",1998-04-05T00:00,0.029,µg/m³,VOC,GC-MS
62601,EXPERIMENTAL FARM _SIMCOE_,"1,4-Diethylbenzene",1998-04-05T00:00,0.037,µg/m³,VOC,GC-MS
62601,EXPERIMENTAL FARM _SIMCOE_,"1,4-Diethylbenzene",1998-04-11T00:00,0.033,µg/m³,VOC,GC-MS
62601,EXPERIMENTAL FARM _SIMCOE_,"1,4-Diethylbenzene",1998-04-11T00:00,0.047,µg/m³,VOC,GC-MS
62601,EXPERIMENTAL FARM _SIMCOE_,"1,4-Diethylbenzene",1998-04-17T00:00,0.058,µg/m³,VOC,GC-MS
62601,EXPERIMENTAL FARM _SIMCOE_,"1,4-Diethylbenzene",1998-04-17T00:00,0.093,µg/m³,VOC,GC-MS
62601,EXPERIMENTAL FARM _SIMCOE_,"1,4-Diethylbenzene",1998-04-23T00:00,0.048,µg/m³,VOC,GC-MS
62601,EXPERIMENTAL FARM _SIMCOE_,"1,4-Diethylbenzene",1998-04-23T00:00,0.050,µg/m³,VOC,GC-MS
62601,EXPERIMENTAL FARM _SIMCOE_,"1,4-Diethylbenzene",1998-04-29T00:00,0.072,µg/m³,VOC,GC-MS
62601,EXPERIMENTAL FARM _SIMCOE_,"1,4-Diethylbenzene",1998-04-29T00:00,0.113,µg/m³,VOC,GC-MS
62601,EXPERIMENTAL FARM _SIMCOE_,"1,4-Diethylbenzene",1998-05-05T00:00,0.111,µg/m³,VOC,GC-MS
62601,EXPERIMENTAL FARM _SIMCOE_,"1,4-Diethylbenzene",1998-05-05T00:00,0.461,µg/m³,VOC,GC-MS
62601,EXPERIMENTAL FARM _SIMCOE_,"1,4-Diethylbenzene",1998-05-11T00:00,0.070,µg/m³,VOC,GC-MS
62601,EXPERIMENTAL FARM _SIMCOE_,"1,4-Diethylbenzene",1998-05-11T00:00,0.313,µg/m³,VOC,GC-MS
62601,EXPERIMENTAL FARM _SIMCOE_,"1,4-Diethylbenzene",1998-05-17T00:00,0.000,µg/m³,VOC,GC-MS
62601,EXPERIMENTAL FARM _SIMCOE_,"1,4-Diethylbenzene",1998-05-20T00:00,0.048,µg/m³,VOC,GC-MS
62601,EXPERIMENTAL FARM _SIMCOE_,"1,4-Diethylbenzene",1998-05-23T00:00,0.042,µg/m³,VOC,GC-MS
62601,EXPERIMENTAL FARM _SIMCOE_,"1,4-Diethylbenzene",1998-05-26T00:00,0.062,µg/m³,VOC,GC-MS
62601,EXPERIMENTAL FARM _SIMCOE_,"1,4-Diethylbenzene",1998-05-29T00:00,0.060,µg/m³,VOC,GC-MS
62601,EXPERIMENTAL FARM _SIMCOE_,"1,4-Diethylbenzene",1998-06-04T00:00,0.060,µg/m³,VOC,GC-MS
62601,EXPERIMENTAL FARM _SIMCOE_,"1,4-Diethylbenzene",1998-06-07T00:00,0.035,µg/m³,VOC,GC-MS
62601,EXPERIMENTAL FARM _SIMCOE_,"1,4-Diethylbenzene",1998-06-10T00:00,0.043,µg/m³,VOC,GC-MS
62601,EXPERIMENTAL FARM _SIMCOE_,"1,4-Diethylbenzene",1998-06-13T00:00,0.039,µg/m³,VOC,GC-MS
62601,EXPERIMENTAL FARM _SIMCOE_,"1,4-Diethylbenzene",1998-06-16T00:00,0.051,µg/m³,VOC,GC-MS
62601,EXPERIMENTAL FARM _SIMCOE_,"1,4-Diethylbenzene",1998-06-19T00:00,0.033,µg/m³,VOC,GC-MS
62601,EXPERIMENTAL FARM _SIMCOE_,"1,4-Diethylbenzene",1998-06-22T00:00,0.036,µg/m³,VOC,GC-MS
62601,EXPERIMENTAL FARM _SIMCOE_,"1,4-Diethylbenzene",1998-10-08T00:00,0.059,µg/m³,VOC,GC-MS
62601,EXPERIMENTAL FARM _SIMCOE_,"1,4-Diethylbenzene",1998-10-11T00:00,0.000,µg/m³,VOC,GC-MS
62601,EXPERIMENTAL FARM _SIMCOE_,"1,4-Diethylbenzene",1998-10-14T00:00,0.039,µg/m³,VOC,GC-MS
62601,EXPERIMENTAL FARM _SIMCOE_,"1,4-Diethylbenzene",1998-10-17T00:00,0.050,µg/m³,VOC,GC-MS
62601,EXPERIMENTAL FARM _SIMCOE_,"1,4-Diethylbenzene",1998-10-20T00:00,0.035,µg/m³,VOC,GC-MS
62601,EXPERIMENTAL FARM _SIMCOE_,"1,4-Diethylbenzene",1998-10-23T00:00,0.055,µg/m³,VOC,GC-MS
62601,EXPERIMENTAL FARM _SIMCOE_,"1,4-Diethylbenzene",1998-10-26T00:00,0.049,µg/m³,VOC,GC-MS
62601,EXPERIMENTAL FARM _SIMCOE_,"1,4-Diethylbenzene",1998-10-29T00:00,0.032,µg/m³,VOC,GC-MS
62601,EXPERIMENTAL FARM _SIMCOE_,"1,4-Diethylbenzene",1998-11-01T00:00,0.000,µg/m³,VOC,GC-MS
62601,EXPERIMENTAL FARM _SIMCOE_,"1,4-Diethylbenzene",1998-11-04T00:00,0.040,µg/m³,VOC,GC-MS
62601,EXPERIMENTAL FARM _SIMCOE_,"1,4-Diethylbenzene",1998-11-07T00:00,0.036,µg/m³,VOC,GC-MS
62601,EXPERIMENTAL FARM _SIMCOE_,"1,4-Diethylbenzene",1998-11-10T00:00,0.063,µg/m³,VOC,GC-MS
62601,EXPERIMENTAL FARM _SIMCOE_,"1,4-Diethylbenzene",1998-11-13T00:00,0.050,µg/m³,VOC,GC-MS
62601,EXPERIMENTAL FARM _SIMCOE_,"1,4-Diethylbenzene",1998-11-19T00:00,0.066,µg/m³,VOC,GC-MS
62601,EXPERIMENTAL FARM _SIMCOE_,"1,4-Diethylbenzene",1998-11-22T00:00,0.057,µg/m³,VOC,GC-MS
62601,EXPERIMENTAL FARM _SIMCOE_,"1,4-Diethylbenzene",1998-11-25T00:00,0.065,µg/m³,VOC,GC-MS
62601,EXPERIMENTAL FARM _SIMCOE_,"1,4-Diethylbenzene",1998-11-28T00:00,0.066,µg/m³,VOC,GC-MS
62601,EXPERIMENTAL FARM _SIMCOE_,"1,4-Diethylbenzene",1998-12-01T00:00,0.057,µg/m³,VOC,GC-MS
62601,EXPERIMENTAL FARM _SIMCOE_,"1,4-Diethylbenzene",1998-12-04T00:00,0.105,µg/m³,VOC,GC-MS
62601,EXPERIMENTAL FARM _SIMCOE_,"1,4-Diethylbenzene",1998-12-10T00:00,0.069,µg/m³,VOC,GC-MS
62601,EXPERIMENTAL FARM _SIMCOE_,"1,4-Diethylbenzene",1998-12-13T00:00,0.054,µg/m³,VOC,GC-MS
62601,EXPERIMENTAL FARM _SIMCOE_,"1,4-Diethylbenzene",1998-12-16T00:00,0.032,µg/m³,VOC,GC-MS
62601,EXPERIMENTAL FARM _SIMCOE_,"1,4-Diethylbenzene",1998-12-19T00:00,0.066,µg/m³,VOC,GC-MS
62601,EXPERIMENTAL FARM _SIMCOE_,"1,4-Diethylbenzene",1998-12-31T00:00,0.049,µg/m³,VOC,GC-MS
