﻿NAPS_Site_ID,Station_Name,Pollutant,Date,Value,Units,Report_Type,Method
63201,HWY 47 & HWY 48 _YORK_REGION_,"2,2,4-Trimethylpentane",1993-01-01T00:00,0.059,µg/m³,VOC,N/A
63201,HWY 47 & HWY 48 _YORK_REGION_,"2,2,4-Trimethylpentane",1993-01-07T00:00,0.312,µg/m³,VOC,N/A
63201,HWY 47 & HWY 48 _YORK_REGION_,"2,2,4-Trimethylpentane",1993-01-13T00:00,0.294,µg/m³,VOC,N/A
63201,HWY 47 & HWY 48 _YORK_REGION_,"2,2,4-Trimethylpentane",1993-01-19T00:00,0.269,µg/m³,VOC,N/A
63201,HWY 47 & HWY 48 _YORK_REGION_,"2,2,4-Trimethylpentane",1993-01-25T00:00,0.154,µg/m³,VOC,N/A
63201,HWY 47 & HWY 48 _YORK_REGION_,"2,2,4-Trimethylpentane",1993-01-31T00:00,0.182,µg/m³,VOC,N/A
63201,HWY 47 & HWY 48 _YORK_REGION_,"2,2,4-Trimethylpentane",1993-02-06T00:00,0.327,µg/m³,VOC,N/A
63201,HWY 47 & HWY 48 _YORK_REGION_,"2,2,4-Trimethylpentane",1993-03-14T00:00,0.290,µg/m³,VOC,N/A
63201,HWY 47 & HWY 48 _YORK_REGION_,"2,2,4-Trimethylpentane",1993-03-20T00:00,0.554,µg/m³,VOC,N/A
63201,HWY 47 & HWY 48 _YORK_REGION_,"2,2,4-Trimethylpentane",1993-03-26T00:00,0.645,µg/m³,VOC,N/A
63201,HWY 47 & HWY 48 _YORK_REGION_,"2,2,4-Trimethylpentane",1993-04-01T00:00,0.386,µg/m³,VOC,N/A
63201,HWY 47 & HWY 48 _YORK_REGION_,"2,2,4-Trimethylpentane",1993-04-07T00:00,0.705,µg/m³,VOC,N/A
63201,HWY 47 & HWY 48 _YORK_REGION_,"2,2,4-Trimethylpentane",1993-04-13T00:00,0.412,µg/m³,VOC,N/A
63201,HWY 47 & HWY 48 _YORK_REGION_,"2,2,4-Trimethylpentane",1993-04-19T00:00,0.000,µg/m³,VOC,N/A
63201,HWY 47 & HWY 48 _YORK_REGION_,"2,2,4-Trimethylpentane",1993-04-25T00:00,0.406,µg/m³,VOC,N/A
63201,HWY 47 & HWY 48 _YORK_REGION_,"2,2,4-Trimethylpentane",1993-05-01T00:00,0.242,µg/m³,VOC,N/A
63201,HWY 47 & HWY 48 _YORK_REGION_,"2,2,4-Trimethylpentane",1993-05-07T00:00,0.360,µg/m³,VOC,N/A
63201,HWY 47 & HWY 48 _YORK_REGION_,"2,2,4-Trimethylpentane",1993-05-13T00:00,0.000,µg/m³,VOC,N/A
63201,HWY 47 & HWY 48 _YORK_REGION_,"2,2,4-Trimethylpentane",1993-05-19T00:00,0.488,µg/m³,VOC,N/A
63201,HWY 47 & HWY 48 _YORK_REGION_,"2,2,4-Trimethylpentane",1993-05-31T00:00,0.000,µg/m³,VOC,N/A
63201,HWY 47 & HWY 48 _YORK_REGION_,"2,2,4-Trimethylpentane",1993-06-12T00:00,0.382,µg/m³,VOC,N/A
63201,HWY 47 & HWY 48 _YORK_REGION_,"2,2,4-Trimethylpentane",1993-06-18T00:00,0.849,µg/m³,VOC,N/A
63201,HWY 47 & HWY 48 _YORK_REGION_,"2,2,4-Trimethylpentane",1993-06-24T00:00,0.796,µg/m³,VOC,N/A
63201,HWY 47 & HWY 48 _YORK_REGION_,"2,2,4-Trimethylpentane",1993-07-12T00:00,0.440,µg/m³,VOC,N/A
63201,HWY 47 & HWY 48 _YORK_REGION_,"2,2,4-Trimethylpentane",1993-07-18T00:00,0.300,µg/m³,VOC,N/A
63201,HWY 47 & HWY 48 _YORK_REGION_,"2,2,4-Trimethylpentane",1993-07-24T00:00,0.380,µg/m³,VOC,N/A
63201,HWY 47 & HWY 48 _YORK_REGION_,"2,2,4-Trimethylpentane",1993-08-29T00:00,0.355,µg/m³,VOC,N/A
63201,HWY 47 & HWY 48 _YORK_REGION_,"2,2,4-Trimethylpentane",1993-09-10T00:00,0.242,µg/m³,VOC,N/A
63201,HWY 47 & HWY 48 _YORK_REGION_,"2,2,4-Trimethylpentane",1993-09-16T00:00,0.367,µg/m³,VOC,N/A
63201,HWY 47 & HWY 48 _YORK_REGION_,"2,2,4-Trimethylpentane",1993-09-28T00:00,0.193,µg/m³,VOC,N/A
63201,HWY 47 & HWY 48 _YORK_REGION_,"2,2,4-Trimethylpentane",1993-10-16T00:00,0.859,µg/m³,VOC,N/A
63201,HWY 47 & HWY 48 _YORK_REGION_,"2,2,4-Trimethylpentane",1993-10-22T00:00,0.522,µg/m³,VOC,N/A
63201,HWY 47 & HWY 48 _YORK_REGION_,"2,2,4-Trimethylpentane",1993-10-28T00:00,0.455,µg/m³,VOC,N/A
63201,HWY 47 & HWY 48 _YORK_REGION_,"2,2,4-Trimethylpentane",1993-11-09T00:00,0.672,µg/m³,VOC,N/A
63201,HWY 47 & HWY 48 _YORK_REGION_,"2,2,4-Trimethylpentane",1993-11-15T00:00,0.359,µg/m³,VOC,N/A
63201,HWY 47 & HWY 48 _YORK_REGION_,"2,2,4-Trimethylpentane",1993-11-27T00:00,0.230,µg/m³,VOC,N/A
63201,HWY 47 & HWY 48 _YORK_REGION_,"2,2,4-Trimethylpentane",1993-12-09T00:00,0.641,µg/m³,VOC,N/A
