﻿NAPS_Site_ID,Station_Name,Pollutant,Date,Value,Units,Report_Type,Method
100127,SURREY EAST,1-Pentene,2006-01-11T00:00,0.010,µg/m³,VOC,
100127,SURREY EAST,1-Pentene,2006-01-29T00:00,0.021,µg/m³,VOC,
100127,SURREY EAST,1-Pentene,2006-02-16T00:00,0.019,µg/m³,VOC,
100127,SURREY EAST,1-Pentene,2006-03-06T00:00,0.019,µg/m³,VOC,
100127,SURREY EAST,1-Pentene,2006-03-24T00:00,0.030,µg/m³,VOC,
100127,SURREY EAST,1-Pentene,2006-04-12T00:00,0.038,µg/m³,VOC,
100127,SURREY EAST,1-Pentene,2006-04-29T00:00,0.050,µg/m³,VOC,
100127,SURREY EAST,1-Pentene,2006-05-17T00:00,0.038,µg/m³,VOC,
100127,SURREY EAST,1-Pentene,2006-06-04T00:00,0.048,µg/m³,VOC,
100127,SURREY EAST,1-Pentene,2006-06-22T00:00,0.051,µg/m³,VOC,
100127,SURREY EAST,1-Pentene,2006-07-10T00:00,0.023,µg/m³,VOC,
100127,SURREY EAST,1-Pentene,2006-07-28T00:00,0.025,µg/m³,VOC,
100127,SURREY EAST,1-Pentene,2006-08-21T00:00,0.088,µg/m³,VOC,
100127,SURREY EAST,1-Pentene,2006-09-08T00:00,0.060,µg/m³,VOC,
100127,SURREY EAST,1-Pentene,2006-09-26T00:00,0.095,µg/m³,VOC,
100127,SURREY EAST,1-Pentene,2006-10-08T00:00,0.139,µg/m³,VOC,
100127,SURREY EAST,1-Pentene,2006-11-13T00:00,0.035,µg/m³,VOC,
100127,SURREY EAST,1-Pentene,2006-12-25T00:00,0.032,µg/m³,VOC,
100127,SURREY EAST,1-Pentene,2006-12-31T00:00,0.080,µg/m³,VOC,
