﻿NAPS_Site_ID,Station_Name,Pollutant,Date,Value,Units,Report_Type,Method
61502,WEST AVE. & HOMEWOOD _KITCHENER_,"trans-1,4-Dimethylcyclohexane",2006-01-05T00:00,0.008,µg/m³,VOC,N/A
61502,WEST AVE. & HOMEWOOD _KITCHENER_,"trans-1,4-Dimethylcyclohexane",2006-01-11T00:00,0.005,µg/m³,VOC,N/A
61502,WEST AVE. & HOMEWOOD _KITCHENER_,"trans-1,4-Dimethylcyclohexane",2006-01-23T00:00,0.012,µg/m³,VOC,N/A
61502,WEST AVE. & HOMEWOOD _KITCHENER_,"trans-1,4-Dimethylcyclohexane",2006-01-29T00:00,0.010,µg/m³,VOC,N/A
61502,WEST AVE. & HOMEWOOD _KITCHENER_,"trans-1,4-Dimethylcyclohexane",2006-02-04T00:00,0.009,µg/m³,VOC,N/A
61502,WEST AVE. & HOMEWOOD _KITCHENER_,"trans-1,4-Dimethylcyclohexane",2006-02-10T00:00,0.006,µg/m³,VOC,N/A
61502,WEST AVE. & HOMEWOOD _KITCHENER_,"trans-1,4-Dimethylcyclohexane",2006-02-16T00:00,0.009,µg/m³,VOC,N/A
61502,WEST AVE. & HOMEWOOD _KITCHENER_,"trans-1,4-Dimethylcyclohexane",2006-02-22T00:00,0.003,µg/m³,VOC,N/A
61502,WEST AVE. & HOMEWOOD _KITCHENER_,"trans-1,4-Dimethylcyclohexane",2006-03-18T00:00,0.003,µg/m³,VOC,N/A
61502,WEST AVE. & HOMEWOOD _KITCHENER_,"trans-1,4-Dimethylcyclohexane",2006-03-24T00:00,0.004,µg/m³,VOC,N/A
61502,WEST AVE. & HOMEWOOD _KITCHENER_,"trans-1,4-Dimethylcyclohexane",2006-03-30T00:00,0.013,µg/m³,VOC,N/A
61502,WEST AVE. & HOMEWOOD _KITCHENER_,"trans-1,4-Dimethylcyclohexane",2006-04-05T00:00,0.031,µg/m³,VOC,N/A
61502,WEST AVE. & HOMEWOOD _KITCHENER_,"trans-1,4-Dimethylcyclohexane",2006-04-11T00:00,0.006,µg/m³,VOC,N/A
61502,WEST AVE. & HOMEWOOD _KITCHENER_,"trans-1,4-Dimethylcyclohexane",2006-06-22T00:00,0.007,µg/m³,VOC,N/A
61502,WEST AVE. & HOMEWOOD _KITCHENER_,"trans-1,4-Dimethylcyclohexane",2006-07-04T00:00,0.007,µg/m³,VOC,N/A
61502,WEST AVE. & HOMEWOOD _KITCHENER_,"trans-1,4-Dimethylcyclohexane",2006-07-10T00:00,0.014,µg/m³,VOC,N/A
61502,WEST AVE. & HOMEWOOD _KITCHENER_,"trans-1,4-Dimethylcyclohexane",2006-07-16T00:00,0.005,µg/m³,VOC,N/A
61502,WEST AVE. & HOMEWOOD _KITCHENER_,"trans-1,4-Dimethylcyclohexane",2006-07-22T00:00,0.006,µg/m³,VOC,N/A
61502,WEST AVE. & HOMEWOOD _KITCHENER_,"trans-1,4-Dimethylcyclohexane",2006-07-28T00:00,0.007,µg/m³,VOC,N/A
61502,WEST AVE. & HOMEWOOD _KITCHENER_,"trans-1,4-Dimethylcyclohexane",2006-08-03T00:00,0.008,µg/m³,VOC,N/A
61502,WEST AVE. & HOMEWOOD _KITCHENER_,"trans-1,4-Dimethylcyclohexane",2006-08-09T00:00,0.023,µg/m³,VOC,N/A
61502,WEST AVE. & HOMEWOOD _KITCHENER_,"trans-1,4-Dimethylcyclohexane",2006-08-27T00:00,0.014,µg/m³,VOC,N/A
61502,WEST AVE. & HOMEWOOD _KITCHENER_,"trans-1,4-Dimethylcyclohexane",2006-09-02T00:00,0.012,µg/m³,VOC,N/A
61502,WEST AVE. & HOMEWOOD _KITCHENER_,"trans-1,4-Dimethylcyclohexane",2006-09-08T00:00,0.012,µg/m³,VOC,N/A
61502,WEST AVE. & HOMEWOOD _KITCHENER_,"trans-1,4-Dimethylcyclohexane",2006-09-14T00:00,0.007,µg/m³,VOC,N/A
61502,WEST AVE. & HOMEWOOD _KITCHENER_,"trans-1,4-Dimethylcyclohexane",2006-09-20T00:00,0.003,µg/m³,VOC,N/A
61502,WEST AVE. & HOMEWOOD _KITCHENER_,"trans-1,4-Dimethylcyclohexane",2006-09-26T00:00,0.007,µg/m³,VOC,N/A
61502,WEST AVE. & HOMEWOOD _KITCHENER_,"trans-1,4-Dimethylcyclohexane",2006-10-02T00:00,0.022,µg/m³,VOC,N/A
61502,WEST AVE. & HOMEWOOD _KITCHENER_,"trans-1,4-Dimethylcyclohexane",2006-10-08T00:00,0.027,µg/m³,VOC,N/A
61502,WEST AVE. & HOMEWOOD _KITCHENER_,"trans-1,4-Dimethylcyclohexane",2006-10-14T00:00,0.005,µg/m³,VOC,N/A
61502,WEST AVE. & HOMEWOOD _KITCHENER_,"trans-1,4-Dimethylcyclohexane",2006-10-20T00:00,0.009,µg/m³,VOC,N/A
61502,WEST AVE. & HOMEWOOD _KITCHENER_,"trans-1,4-Dimethylcyclohexane",2006-10-26T00:00,0.024,µg/m³,VOC,N/A
61502,WEST AVE. & HOMEWOOD _KITCHENER_,"trans-1,4-Dimethylcyclohexane",2006-11-01T00:00,0.010,µg/m³,VOC,N/A
61502,WEST AVE. & HOMEWOOD _KITCHENER_,"trans-1,4-Dimethylcyclohexane",2006-11-13T00:00,0.050,µg/m³,VOC,N/A
61502,WEST AVE. & HOMEWOOD _KITCHENER_,"trans-1,4-Dimethylcyclohexane",2006-11-19T00:00,0.007,µg/m³,VOC,N/A
61502,WEST AVE. & HOMEWOOD _KITCHENER_,"trans-1,4-Dimethylcyclohexane",2006-11-25T00:00,0.066,µg/m³,VOC,N/A
61502,WEST AVE. & HOMEWOOD _KITCHENER_,"trans-1,4-Dimethylcyclohexane",2006-12-07T00:00,0.006,µg/m³,VOC,N/A
61502,WEST AVE. & HOMEWOOD _KITCHENER_,"trans-1,4-Dimethylcyclohexane",2006-12-12T00:00,0.013,µg/m³,VOC,N/A
61502,WEST AVE. & HOMEWOOD _KITCHENER_,"trans-1,4-Dimethylcyclohexane",2006-12-13T00:00,0.012,µg/m³,VOC,N/A
61502,WEST AVE. & HOMEWOOD _KITCHENER_,"trans-1,4-Dimethylcyclohexane",2006-12-19T00:00,0.011,µg/m³,VOC,N/A
61502,WEST AVE. & HOMEWOOD _KITCHENER_,"trans-1,4-Dimethylcyclohexane",2006-12-25T00:00,0.011,µg/m³,VOC,N/A
61502,WEST AVE. & HOMEWOOD _KITCHENER_,"trans-1,4-Dimethylcyclohexane",2006-12-31T00:00,0.008,µg/m³,VOC,N/A
