﻿NAPS_Site_ID,Station_Name,Pollutant,Date,Value,Units,Report_Type,Method
101401,HOPE AIRPORT,Ethylbromide,2003-01-15T00:00,0.001,µg/m³,VOC,GC-MS
101401,HOPE AIRPORT,Ethylbromide,2003-02-02T00:00,0.000,µg/m³,VOC,GC-MS
101401,HOPE AIRPORT,Ethylbromide,2003-02-26T00:00,0.000,µg/m³,VOC,GC-MS
101401,HOPE AIRPORT,Ethylbromide,2003-04-03T00:00,0.004,µg/m³,VOC,GC-MS
101401,HOPE AIRPORT,Ethylbromide,2003-04-21T00:00,0.000,µg/m³,VOC,GC-MS
101401,HOPE AIRPORT,Ethylbromide,2003-05-09T00:00,0.000,µg/m³,VOC,GC-MS
101401,HOPE AIRPORT,Ethylbromide,2003-05-27T00:00,0.000,µg/m³,VOC,GC-MS
101401,HOPE AIRPORT,Ethylbromide,2003-06-20T00:00,0.002,µg/m³,VOC,GC-MS
101401,HOPE AIRPORT,Ethylbromide,2003-07-14T00:00,0.000,µg/m³,VOC,GC-MS
101401,HOPE AIRPORT,Ethylbromide,2003-08-13T00:00,0.000,µg/m³,VOC,GC-MS
101401,HOPE AIRPORT,Ethylbromide,2003-09-18T00:00,0.000,µg/m³,VOC,GC-MS
101401,HOPE AIRPORT,Ethylbromide,2003-10-06T00:00,0.002,µg/m³,VOC,GC-MS
101401,HOPE AIRPORT,Ethylbromide,2003-10-24T00:00,0.001,µg/m³,VOC,GC-MS
101401,HOPE AIRPORT,Ethylbromide,2003-11-29T00:00,0.000,µg/m³,VOC,GC-MS
