﻿NAPS_Site_ID,Station_Name,Pollutant,Date,Value,Units,Report_Type,Method
50134,MONTRÉAL-MOLSON or MONTRÉAL-SAINT-JOSEPH,3-Ethyltoluene,2011-01-03T00:00,0.060,µg/m³,VOC,N/A
50134,MONTRÉAL-MOLSON or MONTRÉAL-SAINT-JOSEPH,3-Ethyltoluene,2011-01-09T00:00,0.064,µg/m³,VOC,N/A
50134,MONTRÉAL-MOLSON or MONTRÉAL-SAINT-JOSEPH,3-Ethyltoluene,2011-01-15T00:00,0.110,µg/m³,VOC,N/A
50134,MONTRÉAL-MOLSON or MONTRÉAL-SAINT-JOSEPH,3-Ethyltoluene,2011-01-21T00:00,0.024,µg/m³,VOC,N/A
50134,MONTRÉAL-MOLSON or MONTRÉAL-SAINT-JOSEPH,3-Ethyltoluene,2011-01-27T00:00,0.214,µg/m³,VOC,N/A
50134,MONTRÉAL-MOLSON or MONTRÉAL-SAINT-JOSEPH,3-Ethyltoluene,2011-02-02T00:00,0.064,µg/m³,VOC,N/A
50134,MONTRÉAL-MOLSON or MONTRÉAL-SAINT-JOSEPH,3-Ethyltoluene,2011-02-08T00:00,0.124,µg/m³,VOC,N/A
50134,MONTRÉAL-MOLSON or MONTRÉAL-SAINT-JOSEPH,3-Ethyltoluene,2011-02-14T00:00,0.240,µg/m³,VOC,N/A
50134,MONTRÉAL-MOLSON or MONTRÉAL-SAINT-JOSEPH,3-Ethyltoluene,2011-02-20T00:00,0.023,µg/m³,VOC,N/A
50134,MONTRÉAL-MOLSON or MONTRÉAL-SAINT-JOSEPH,3-Ethyltoluene,2011-02-26T00:00,0.010,µg/m³,VOC,N/A
50134,MONTRÉAL-MOLSON or MONTRÉAL-SAINT-JOSEPH,3-Ethyltoluene,2011-03-04T00:00,0.076,µg/m³,VOC,N/A
50134,MONTRÉAL-MOLSON or MONTRÉAL-SAINT-JOSEPH,3-Ethyltoluene,2011-03-10T00:00,0.077,µg/m³,VOC,N/A
50134,MONTRÉAL-MOLSON or MONTRÉAL-SAINT-JOSEPH,3-Ethyltoluene,2011-03-16T00:00,0.142,µg/m³,VOC,N/A
50134,MONTRÉAL-MOLSON or MONTRÉAL-SAINT-JOSEPH,3-Ethyltoluene,2011-03-22T00:00,0.137,µg/m³,VOC,N/A
50134,MONTRÉAL-MOLSON or MONTRÉAL-SAINT-JOSEPH,3-Ethyltoluene,2011-03-28T00:00,0.043,µg/m³,VOC,N/A
50134,MONTRÉAL-MOLSON or MONTRÉAL-SAINT-JOSEPH,3-Ethyltoluene,2011-04-09T00:00,0.100,µg/m³,VOC,N/A
50134,MONTRÉAL-MOLSON or MONTRÉAL-SAINT-JOSEPH,3-Ethyltoluene,2011-04-15T00:00,0.049,µg/m³,VOC,N/A
50134,MONTRÉAL-MOLSON or MONTRÉAL-SAINT-JOSEPH,3-Ethyltoluene,2011-04-21T00:00,0.086,µg/m³,VOC,N/A
50134,MONTRÉAL-MOLSON or MONTRÉAL-SAINT-JOSEPH,3-Ethyltoluene,2011-05-03T00:00,0.100,µg/m³,VOC,N/A
50134,MONTRÉAL-MOLSON or MONTRÉAL-SAINT-JOSEPH,3-Ethyltoluene,2011-05-09T00:00,0.091,µg/m³,VOC,N/A
50134,MONTRÉAL-MOLSON or MONTRÉAL-SAINT-JOSEPH,3-Ethyltoluene,2011-05-15T00:00,0.085,µg/m³,VOC,N/A
50134,MONTRÉAL-MOLSON or MONTRÉAL-SAINT-JOSEPH,3-Ethyltoluene,2011-05-21T00:00,0.103,µg/m³,VOC,N/A
50134,MONTRÉAL-MOLSON or MONTRÉAL-SAINT-JOSEPH,3-Ethyltoluene,2011-05-27T00:00,0.062,µg/m³,VOC,N/A
50134,MONTRÉAL-MOLSON or MONTRÉAL-SAINT-JOSEPH,3-Ethyltoluene,2011-06-02T00:00,0.087,µg/m³,VOC,N/A
50134,MONTRÉAL-MOLSON or MONTRÉAL-SAINT-JOSEPH,3-Ethyltoluene,2011-06-08T00:00,0.082,µg/m³,VOC,N/A
50134,MONTRÉAL-MOLSON or MONTRÉAL-SAINT-JOSEPH,3-Ethyltoluene,2011-06-14T00:00,0.168,µg/m³,VOC,N/A
50134,MONTRÉAL-MOLSON or MONTRÉAL-SAINT-JOSEPH,3-Ethyltoluene,2011-06-20T00:00,0.236,µg/m³,VOC,N/A
50134,MONTRÉAL-MOLSON or MONTRÉAL-SAINT-JOSEPH,3-Ethyltoluene,2011-06-26T00:00,0.174,µg/m³,VOC,N/A
50134,MONTRÉAL-MOLSON or MONTRÉAL-SAINT-JOSEPH,3-Ethyltoluene,2011-07-02T00:00,0.126,µg/m³,VOC,N/A
50134,MONTRÉAL-MOLSON or MONTRÉAL-SAINT-JOSEPH,3-Ethyltoluene,2011-07-08T00:00,0.261,µg/m³,VOC,N/A
50134,MONTRÉAL-MOLSON or MONTRÉAL-SAINT-JOSEPH,3-Ethyltoluene,2011-07-14T00:00,0.205,µg/m³,VOC,N/A
50134,MONTRÉAL-MOLSON or MONTRÉAL-SAINT-JOSEPH,3-Ethyltoluene,2011-07-20T00:00,0.233,µg/m³,VOC,N/A
50134,MONTRÉAL-MOLSON or MONTRÉAL-SAINT-JOSEPH,3-Ethyltoluene,2011-07-26T00:00,0.162,µg/m³,VOC,N/A
50134,MONTRÉAL-MOLSON or MONTRÉAL-SAINT-JOSEPH,3-Ethyltoluene,2011-08-01T00:00,0.148,µg/m³,VOC,N/A
50134,MONTRÉAL-MOLSON or MONTRÉAL-SAINT-JOSEPH,3-Ethyltoluene,2011-08-07T00:00,0.135,µg/m³,VOC,N/A
50134,MONTRÉAL-MOLSON or MONTRÉAL-SAINT-JOSEPH,3-Ethyltoluene,2011-08-13T00:00,0.112,µg/m³,VOC,N/A
50134,MONTRÉAL-MOLSON or MONTRÉAL-SAINT-JOSEPH,3-Ethyltoluene,2011-08-19T00:00,0.157,µg/m³,VOC,N/A
50134,MONTRÉAL-MOLSON or MONTRÉAL-SAINT-JOSEPH,3-Ethyltoluene,2011-08-25T00:00,0.157,µg/m³,VOC,N/A
50134,MONTRÉAL-MOLSON or MONTRÉAL-SAINT-JOSEPH,3-Ethyltoluene,2011-08-31T00:00,0.194,µg/m³,VOC,N/A
50134,MONTRÉAL-MOLSON or MONTRÉAL-SAINT-JOSEPH,3-Ethyltoluene,2011-09-06T00:00,0.143,µg/m³,VOC,N/A
50134,MONTRÉAL-MOLSON or MONTRÉAL-SAINT-JOSEPH,3-Ethyltoluene,2011-09-12T00:00,0.191,µg/m³,VOC,N/A
50134,MONTRÉAL-MOLSON or MONTRÉAL-SAINT-JOSEPH,3-Ethyltoluene,2011-09-18T00:00,0.326,µg/m³,VOC,N/A
50134,MONTRÉAL-MOLSON or MONTRÉAL-SAINT-JOSEPH,3-Ethyltoluene,2011-09-24T00:00,0.105,µg/m³,VOC,N/A
50134,MONTRÉAL-MOLSON or MONTRÉAL-SAINT-JOSEPH,3-Ethyltoluene,2011-09-30T00:00,0.139,µg/m³,VOC,N/A
50134,MONTRÉAL-MOLSON or MONTRÉAL-SAINT-JOSEPH,3-Ethyltoluene,2011-10-06T00:00,0.208,µg/m³,VOC,N/A
50134,MONTRÉAL-MOLSON or MONTRÉAL-SAINT-JOSEPH,3-Ethyltoluene,2011-10-12T00:00,0.188,µg/m³,VOC,N/A
50134,MONTRÉAL-MOLSON or MONTRÉAL-SAINT-JOSEPH,3-Ethyltoluene,2011-10-18T00:00,0.146,µg/m³,VOC,N/A
50134,MONTRÉAL-MOLSON or MONTRÉAL-SAINT-JOSEPH,3-Ethyltoluene,2011-10-24T00:00,0.145,µg/m³,VOC,N/A
50134,MONTRÉAL-MOLSON or MONTRÉAL-SAINT-JOSEPH,3-Ethyltoluene,2011-10-30T00:00,0.101,µg/m³,VOC,N/A
50134,MONTRÉAL-MOLSON or MONTRÉAL-SAINT-JOSEPH,3-Ethyltoluene,2011-11-05T00:00,0.189,µg/m³,VOC,N/A
50134,MONTRÉAL-MOLSON or MONTRÉAL-SAINT-JOSEPH,3-Ethyltoluene,2011-11-11T00:00,0.075,µg/m³,VOC,N/A
50134,MONTRÉAL-MOLSON or MONTRÉAL-SAINT-JOSEPH,3-Ethyltoluene,2011-11-17T00:00,0.409,µg/m³,VOC,N/A
50134,MONTRÉAL-MOLSON or MONTRÉAL-SAINT-JOSEPH,3-Ethyltoluene,2011-11-23T00:00,0.082,µg/m³,VOC,N/A
50134,MONTRÉAL-MOLSON or MONTRÉAL-SAINT-JOSEPH,3-Ethyltoluene,2011-11-29T00:00,0.121,µg/m³,VOC,N/A
50134,MONTRÉAL-MOLSON or MONTRÉAL-SAINT-JOSEPH,3-Ethyltoluene,2011-12-05T00:00,0.190,µg/m³,VOC,N/A
50134,MONTRÉAL-MOLSON or MONTRÉAL-SAINT-JOSEPH,3-Ethyltoluene,2011-12-11T00:00,0.025,µg/m³,VOC,N/A
50134,MONTRÉAL-MOLSON or MONTRÉAL-SAINT-JOSEPH,3-Ethyltoluene,2011-12-17T00:00,0.058,µg/m³,VOC,N/A
50134,MONTRÉAL-MOLSON or MONTRÉAL-SAINT-JOSEPH,3-Ethyltoluene,2011-12-23T00:00,0.123,µg/m³,VOC,N/A
50134,MONTRÉAL-MOLSON or MONTRÉAL-SAINT-JOSEPH,3-Ethyltoluene,2011-12-29T00:00,0.039,µg/m³,VOC,N/A
