﻿NAPS_Site_ID,Station_Name,Pollutant,Date,Value,Units,Report_Type,Method
90227,CALGARY CENTRAL,"2,2-Dimethylbutane",1997-01-04T00:00,0.760,µg/m³,VOC,N/A
90227,CALGARY CENTRAL,"2,2-Dimethylbutane",1997-01-10T00:00,0.580,µg/m³,VOC,N/A
90227,CALGARY CENTRAL,"2,2-Dimethylbutane",1997-01-16T00:00,1.220,µg/m³,VOC,N/A
90227,CALGARY CENTRAL,"2,2-Dimethylbutane",1997-01-22T00:00,0.600,µg/m³,VOC,N/A
90227,CALGARY CENTRAL,"2,2-Dimethylbutane",1997-01-28T00:00,1.200,µg/m³,VOC,N/A
90227,CALGARY CENTRAL,"2,2-Dimethylbutane",1997-02-03T00:00,0.480,µg/m³,VOC,N/A
90227,CALGARY CENTRAL,"2,2-Dimethylbutane",1997-02-09T00:00,0.220,µg/m³,VOC,N/A
90227,CALGARY CENTRAL,"2,2-Dimethylbutane",1997-02-15T00:00,0.480,µg/m³,VOC,N/A
90227,CALGARY CENTRAL,"2,2-Dimethylbutane",1997-02-21T00:00,0.660,µg/m³,VOC,N/A
90227,CALGARY CENTRAL,"2,2-Dimethylbutane",1997-02-27T00:00,0.300,µg/m³,VOC,N/A
90227,CALGARY CENTRAL,"2,2-Dimethylbutane",1997-03-05T00:00,0.440,µg/m³,VOC,N/A
90227,CALGARY CENTRAL,"2,2-Dimethylbutane",1997-03-11T00:00,0.300,µg/m³,VOC,N/A
90227,CALGARY CENTRAL,"2,2-Dimethylbutane",1997-03-17T00:00,1.320,µg/m³,VOC,N/A
90227,CALGARY CENTRAL,"2,2-Dimethylbutane",1997-03-23T00:00,0.300,µg/m³,VOC,N/A
90227,CALGARY CENTRAL,"2,2-Dimethylbutane",1997-03-29T00:00,0.280,µg/m³,VOC,N/A
90227,CALGARY CENTRAL,"2,2-Dimethylbutane",1997-04-04T00:00,0.360,µg/m³,VOC,N/A
90227,CALGARY CENTRAL,"2,2-Dimethylbutane",1997-04-10T00:00,0.380,µg/m³,VOC,N/A
90227,CALGARY CENTRAL,"2,2-Dimethylbutane",1997-04-16T00:00,0.380,µg/m³,VOC,N/A
90227,CALGARY CENTRAL,"2,2-Dimethylbutane",1997-04-22T00:00,0.380,µg/m³,VOC,N/A
90227,CALGARY CENTRAL,"2,2-Dimethylbutane",1997-04-28T00:00,0.320,µg/m³,VOC,N/A
90227,CALGARY CENTRAL,"2,2-Dimethylbutane",1997-05-04T00:00,0.140,µg/m³,VOC,N/A
90227,CALGARY CENTRAL,"2,2-Dimethylbutane",1997-05-10T00:00,0.240,µg/m³,VOC,N/A
90227,CALGARY CENTRAL,"2,2-Dimethylbutane",1997-05-16T00:00,0.280,µg/m³,VOC,N/A
90227,CALGARY CENTRAL,"2,2-Dimethylbutane",1997-05-22T00:00,0.360,µg/m³,VOC,N/A
90227,CALGARY CENTRAL,"2,2-Dimethylbutane",1997-05-28T00:00,0.448,µg/m³,VOC,N/A
90227,CALGARY CENTRAL,"2,2-Dimethylbutane",1997-06-03T00:00,0.382,µg/m³,VOC,N/A
90227,CALGARY CENTRAL,"2,2-Dimethylbutane",1997-06-09T00:00,0.387,µg/m³,VOC,N/A
90227,CALGARY CENTRAL,"2,2-Dimethylbutane",1997-06-15T00:00,0.181,µg/m³,VOC,N/A
90227,CALGARY CENTRAL,"2,2-Dimethylbutane",1997-06-21T00:00,0.124,µg/m³,VOC,N/A
90227,CALGARY CENTRAL,"2,2-Dimethylbutane",1997-06-27T00:00,0.231,µg/m³,VOC,N/A
90227,CALGARY CENTRAL,"2,2-Dimethylbutane",1997-07-03T00:00,0.253,µg/m³,VOC,N/A
90227,CALGARY CENTRAL,"2,2-Dimethylbutane",1997-07-09T00:00,0.393,µg/m³,VOC,N/A
90227,CALGARY CENTRAL,"2,2-Dimethylbutane",1997-07-15T00:00,0.360,µg/m³,VOC,N/A
90227,CALGARY CENTRAL,"2,2-Dimethylbutane",1997-07-21T00:00,0.272,µg/m³,VOC,N/A
90227,CALGARY CENTRAL,"2,2-Dimethylbutane",1997-07-27T00:00,0.300,µg/m³,VOC,N/A
90227,CALGARY CENTRAL,"2,2-Dimethylbutane",1997-08-02T00:00,1.875,µg/m³,VOC,N/A
90227,CALGARY CENTRAL,"2,2-Dimethylbutane",1997-08-08T00:00,0.302,µg/m³,VOC,N/A
90227,CALGARY CENTRAL,"2,2-Dimethylbutane",1997-10-31T00:00,0.385,µg/m³,VOC,N/A
90227,CALGARY CENTRAL,"2,2-Dimethylbutane",1997-11-06T00:00,0.434,µg/m³,VOC,N/A
90227,CALGARY CENTRAL,"2,2-Dimethylbutane",1997-11-12T00:00,0.589,µg/m³,VOC,N/A
90227,CALGARY CENTRAL,"2,2-Dimethylbutane",1997-11-24T00:00,0.261,µg/m³,VOC,N/A
90227,CALGARY CENTRAL,"2,2-Dimethylbutane",1997-11-30T00:00,0.369,µg/m³,VOC,N/A
90227,CALGARY CENTRAL,"2,2-Dimethylbutane",1997-12-06T00:00,1.573,µg/m³,VOC,N/A
90227,CALGARY CENTRAL,"2,2-Dimethylbutane",1997-12-12T00:00,0.380,µg/m³,VOC,N/A
90227,CALGARY CENTRAL,"2,2-Dimethylbutane",1997-12-18T00:00,0.400,µg/m³,VOC,N/A
90227,CALGARY CENTRAL,"2,2-Dimethylbutane",1997-12-24T00:00,0.300,µg/m³,VOC,N/A
90227,CALGARY CENTRAL,"2,2-Dimethylbutane",1997-12-30T00:00,1.560,µg/m³,VOC,N/A
