﻿NAPS_Site_ID,Station_Name,Pollutant,Date,Value,Units,Report_Type,Method
101004,ABBOTSFORD AIRPORT,Freon 113,2010-01-02T00:00,0.593,µg/m³,VOC,
101004,ABBOTSFORD AIRPORT,Freon 113,2010-01-08T00:00,0.559,µg/m³,VOC,
101004,ABBOTSFORD AIRPORT,Freon 113,2010-01-14T00:00,0.570,µg/m³,VOC,
101004,ABBOTSFORD AIRPORT,Freon 113,2010-01-20T00:00,0.572,µg/m³,VOC,
101004,ABBOTSFORD AIRPORT,Freon 113,2010-01-26T00:00,0.496,µg/m³,VOC,
101004,ABBOTSFORD AIRPORT,Freon 113,2010-02-01T00:00,0.596,µg/m³,VOC,
101004,ABBOTSFORD AIRPORT,Freon 113,2010-02-07T00:00,0.566,µg/m³,VOC,
101004,ABBOTSFORD AIRPORT,Freon 113,2010-02-13T00:00,0.569,µg/m³,VOC,
101004,ABBOTSFORD AIRPORT,Freon 113,2010-02-19T00:00,0.557,µg/m³,VOC,
101004,ABBOTSFORD AIRPORT,Freon 113,2010-02-25T00:00,0.590,µg/m³,VOC,
101004,ABBOTSFORD AIRPORT,Freon 113,2010-03-03T00:00,0.570,µg/m³,VOC,
101004,ABBOTSFORD AIRPORT,Freon 113,2010-03-09T00:00,0.611,µg/m³,VOC,
101004,ABBOTSFORD AIRPORT,Freon 113,2010-03-15T00:00,0.601,µg/m³,VOC,
101004,ABBOTSFORD AIRPORT,Freon 113,2010-03-21T00:00,0.571,µg/m³,VOC,
101004,ABBOTSFORD AIRPORT,Freon 113,2010-03-27T00:00,0.550,µg/m³,VOC,
101004,ABBOTSFORD AIRPORT,Freon 113,2010-04-02T00:00,0.546,µg/m³,VOC,
101004,ABBOTSFORD AIRPORT,Freon 113,2010-04-08T00:00,0.575,µg/m³,VOC,
101004,ABBOTSFORD AIRPORT,Freon 113,2010-04-14T00:00,0.546,µg/m³,VOC,
