﻿NAPS_Site_ID,Station_Name,Pollutant,Date,Value,Units,Report_Type,Method
60428,BRAMPTON _BRAMPTON_,Tetrachloroethylene,2013-01-04T00:00,0.057,µg/m³,VOC,
60428,BRAMPTON _BRAMPTON_,Tetrachloroethylene,2013-01-10T00:00,0.090,µg/m³,VOC,
60428,BRAMPTON _BRAMPTON_,Tetrachloroethylene,2013-01-16T00:00,0.078,µg/m³,VOC,
60428,BRAMPTON _BRAMPTON_,Tetrachloroethylene,2013-01-22T00:00,0.033,µg/m³,VOC,
60428,BRAMPTON _BRAMPTON_,Tetrachloroethylene,2013-01-28T00:00,0.177,µg/m³,VOC,
60428,BRAMPTON _BRAMPTON_,Tetrachloroethylene,2013-02-03T00:00,0.046,µg/m³,VOC,
60428,BRAMPTON _BRAMPTON_,Tetrachloroethylene,2013-02-09T00:00,0.065,µg/m³,VOC,
60428,BRAMPTON _BRAMPTON_,Tetrachloroethylene,2013-02-15T00:00,0.032,µg/m³,VOC,
60428,BRAMPTON _BRAMPTON_,Tetrachloroethylene,2013-02-21T00:00,0.127,µg/m³,VOC,
60428,BRAMPTON _BRAMPTON_,Tetrachloroethylene,2013-02-27T00:00,0.180,µg/m³,VOC,
60428,BRAMPTON _BRAMPTON_,Tetrachloroethylene,2013-03-05T00:00,0.099,µg/m³,VOC,
60428,BRAMPTON _BRAMPTON_,Tetrachloroethylene,2013-03-11T00:00,0.244,µg/m³,VOC,
60428,BRAMPTON _BRAMPTON_,Tetrachloroethylene,2013-03-17T00:00,0.034,µg/m³,VOC,
60428,BRAMPTON _BRAMPTON_,Tetrachloroethylene,2013-03-29T00:00,0.037,µg/m³,VOC,
60428,BRAMPTON _BRAMPTON_,Tetrachloroethylene,2013-04-04T00:00,0.053,µg/m³,VOC,
60428,BRAMPTON _BRAMPTON_,Tetrachloroethylene,2013-04-10T00:00,0.064,µg/m³,VOC,
60428,BRAMPTON _BRAMPTON_,Tetrachloroethylene,2013-04-16T00:00,0.061,µg/m³,VOC,
60428,BRAMPTON _BRAMPTON_,Tetrachloroethylene,2013-04-22T00:00,0.115,µg/m³,VOC,
60428,BRAMPTON _BRAMPTON_,Tetrachloroethylene,2013-04-28T00:00,0.087,µg/m³,VOC,
60428,BRAMPTON _BRAMPTON_,Tetrachloroethylene,2013-05-04T00:00,0.138,µg/m³,VOC,
60428,BRAMPTON _BRAMPTON_,Tetrachloroethylene,2013-05-10T00:00,0.176,µg/m³,VOC,
60428,BRAMPTON _BRAMPTON_,Tetrachloroethylene,2013-05-16T00:00,0.035,µg/m³,VOC,
60428,BRAMPTON _BRAMPTON_,Tetrachloroethylene,2013-05-22T00:00,0.229,µg/m³,VOC,
60428,BRAMPTON _BRAMPTON_,Tetrachloroethylene,2013-05-28T00:00,0.163,µg/m³,VOC,
60428,BRAMPTON _BRAMPTON_,Tetrachloroethylene,2013-06-03T00:00,0.026,µg/m³,VOC,
60428,BRAMPTON _BRAMPTON_,Tetrachloroethylene,2013-06-09T00:00,0.147,µg/m³,VOC,
60428,BRAMPTON _BRAMPTON_,Tetrachloroethylene,2013-06-15T00:00,0.033,µg/m³,VOC,
60428,BRAMPTON _BRAMPTON_,Tetrachloroethylene,2013-06-21T00:00,0.126,µg/m³,VOC,
60428,BRAMPTON _BRAMPTON_,Tetrachloroethylene,2013-06-27T00:00,0.236,µg/m³,VOC,
60428,BRAMPTON _BRAMPTON_,Tetrachloroethylene,2013-07-03T00:00,0.189,µg/m³,VOC,
60428,BRAMPTON _BRAMPTON_,Tetrachloroethylene,2013-07-09T00:00,0.114,µg/m³,VOC,
60428,BRAMPTON _BRAMPTON_,Tetrachloroethylene,2013-07-15T00:00,0.082,µg/m³,VOC,
60428,BRAMPTON _BRAMPTON_,Tetrachloroethylene,2013-07-21T00:00,0.057,µg/m³,VOC,
60428,BRAMPTON _BRAMPTON_,Tetrachloroethylene,2013-07-27T00:00,0.085,µg/m³,VOC,
60428,BRAMPTON _BRAMPTON_,Tetrachloroethylene,2013-08-14T00:00,0.085,µg/m³,VOC,
60428,BRAMPTON _BRAMPTON_,Tetrachloroethylene,2013-08-20T00:00,0.091,µg/m³,VOC,
60428,BRAMPTON _BRAMPTON_,Tetrachloroethylene,2013-08-26T00:00,0.087,µg/m³,VOC,
60428,BRAMPTON _BRAMPTON_,Tetrachloroethylene,2013-09-01T00:00,0.091,µg/m³,VOC,
60428,BRAMPTON _BRAMPTON_,Tetrachloroethylene,2013-09-07T00:00,0.097,µg/m³,VOC,
60428,BRAMPTON _BRAMPTON_,Tetrachloroethylene,2013-09-13T00:00,0.014,µg/m³,VOC,
60428,BRAMPTON _BRAMPTON_,Tetrachloroethylene,2013-09-19T00:00,0.180,µg/m³,VOC,
60428,BRAMPTON _BRAMPTON_,Tetrachloroethylene,2013-09-25T00:00,0.028,µg/m³,VOC,
60428,BRAMPTON _BRAMPTON_,Tetrachloroethylene,2013-10-01T00:00,0.117,µg/m³,VOC,
60428,BRAMPTON _BRAMPTON_,Tetrachloroethylene,2013-10-07T00:00,0.043,µg/m³,VOC,
60428,BRAMPTON _BRAMPTON_,Tetrachloroethylene,2013-10-13T00:00,0.146,µg/m³,VOC,
60428,BRAMPTON _BRAMPTON_,Tetrachloroethylene,2013-10-19T00:00,0.250,µg/m³,VOC,
60428,BRAMPTON _BRAMPTON_,Tetrachloroethylene,2013-10-25T00:00,0.029,µg/m³,VOC,
60428,BRAMPTON _BRAMPTON_,Tetrachloroethylene,2013-10-31T00:00,0.185,µg/m³,VOC,
60428,BRAMPTON _BRAMPTON_,Tetrachloroethylene,2013-11-06T00:00,0.104,µg/m³,VOC,
60428,BRAMPTON _BRAMPTON_,Tetrachloroethylene,2013-11-12T00:00,0.110,µg/m³,VOC,
60428,BRAMPTON _BRAMPTON_,Tetrachloroethylene,2013-11-18T00:00,0.025,µg/m³,VOC,
60428,BRAMPTON _BRAMPTON_,Tetrachloroethylene,2013-11-30T00:00,0.088,µg/m³,VOC,
60428,BRAMPTON _BRAMPTON_,Tetrachloroethylene,2013-12-06T00:00,0.030,µg/m³,VOC,
60428,BRAMPTON _BRAMPTON_,Tetrachloroethylene,2013-12-12T00:00,0.036,µg/m³,VOC,
60428,BRAMPTON _BRAMPTON_,Tetrachloroethylene,2013-12-18T00:00,0.040,µg/m³,VOC,
60428,BRAMPTON _BRAMPTON_,Tetrachloroethylene,2013-12-24T00:00,0.028,µg/m³,VOC,
60428,BRAMPTON _BRAMPTON_,Tetrachloroethylene,2013-12-30T00:00,0.024,µg/m³,VOC,
