﻿NAPS_Site_ID,Station_Name,Pollutant,Date,Value,Units,Report_Type,Method
64401,EGBERT,2-Methylheptane,1999-01-06T00:00,0.083,µg/m³,VOC,GC-MS
64401,EGBERT,2-Methylheptane,1999-01-09T00:00,0.072,µg/m³,VOC,GC-MS
64401,EGBERT,2-Methylheptane,1999-01-12T00:00,0.114,µg/m³,VOC,GC-MS
64401,EGBERT,2-Methylheptane,1999-01-15T00:00,0.050,µg/m³,VOC,GC-MS
64401,EGBERT,2-Methylheptane,1999-01-18T00:00,0.104,µg/m³,VOC,GC-MS
64401,EGBERT,2-Methylheptane,1999-01-21T00:00,0.167,µg/m³,VOC,GC-MS
64401,EGBERT,2-Methylheptane,1999-01-24T00:00,0.042,µg/m³,VOC,GC-MS
64401,EGBERT,2-Methylheptane,1999-01-27T00:00,0.070,µg/m³,VOC,GC-MS
64401,EGBERT,2-Methylheptane,1999-01-30T00:00,0.032,µg/m³,VOC,GC-MS
64401,EGBERT,2-Methylheptane,1999-02-02T00:00,0.251,µg/m³,VOC,GC-MS
64401,EGBERT,2-Methylheptane,1999-02-05T00:00,0.067,µg/m³,VOC,GC-MS
64401,EGBERT,2-Methylheptane,1999-02-08T00:00,0.053,µg/m³,VOC,GC-MS
64401,EGBERT,2-Methylheptane,1999-02-11T00:00,0.260,µg/m³,VOC,GC-MS
64401,EGBERT,2-Methylheptane,1999-02-14T00:00,0.000,µg/m³,VOC,GC-MS
64401,EGBERT,2-Methylheptane,1999-02-17T00:00,0.000,µg/m³,VOC,GC-MS
64401,EGBERT,2-Methylheptane,1999-02-20T00:00,0.000,µg/m³,VOC,GC-MS
64401,EGBERT,2-Methylheptane,1999-02-23T00:00,0.000,µg/m³,VOC,GC-MS
64401,EGBERT,2-Methylheptane,1999-02-26T00:00,0.040,µg/m³,VOC,GC-MS
64401,EGBERT,2-Methylheptane,1999-03-01T00:00,0.000,µg/m³,VOC,GC-MS
64401,EGBERT,2-Methylheptane,1999-03-04T00:00,0.000,µg/m³,VOC,GC-MS
64401,EGBERT,2-Methylheptane,1999-03-07T00:00,0.000,µg/m³,VOC,GC-MS
64401,EGBERT,2-Methylheptane,1999-03-10T00:00,0.000,µg/m³,VOC,GC-MS
64401,EGBERT,2-Methylheptane,1999-03-13T00:00,0.000,µg/m³,VOC,GC-MS
64401,EGBERT,2-Methylheptane,1999-03-16T00:00,0.040,µg/m³,VOC,GC-MS
64401,EGBERT,2-Methylheptane,1999-03-16T00:00,0.046,µg/m³,VOC,GC-MS
64401,EGBERT,2-Methylheptane,1999-03-16T00:00,0.050,µg/m³,VOC,GC-MS
64401,EGBERT,2-Methylheptane,1999-03-16T00:00,0.050,µg/m³,VOC,GC-MS
64401,EGBERT,2-Methylheptane,1999-03-16T00:00,0.050,µg/m³,VOC,GC-MS
64401,EGBERT,2-Methylheptane,1999-03-16T00:00,0.060,µg/m³,VOC,GC-MS
64401,EGBERT,2-Methylheptane,1999-03-16T00:00,0.060,µg/m³,VOC,GC-MS
64401,EGBERT,2-Methylheptane,1999-03-17T00:00,0.000,µg/m³,VOC,GC-MS
64401,EGBERT,2-Methylheptane,1999-03-17T00:00,0.000,µg/m³,VOC,GC-MS
64401,EGBERT,2-Methylheptane,1999-03-17T00:00,0.000,µg/m³,VOC,GC-MS
64401,EGBERT,2-Methylheptane,1999-03-17T00:00,0.055,µg/m³,VOC,GC-MS
64401,EGBERT,2-Methylheptane,1999-03-17T00:00,0.059,µg/m³,VOC,GC-MS
64401,EGBERT,2-Methylheptane,1999-03-17T00:00,0.074,µg/m³,VOC,GC-MS
64401,EGBERT,2-Methylheptane,1999-03-17T00:00,0.082,µg/m³,VOC,GC-MS
64401,EGBERT,2-Methylheptane,1999-03-17T00:00,0.141,µg/m³,VOC,GC-MS
64401,EGBERT,2-Methylheptane,1999-03-18T00:00,0.000,µg/m³,VOC,GC-MS
64401,EGBERT,2-Methylheptane,1999-03-18T00:00,0.000,µg/m³,VOC,GC-MS
64401,EGBERT,2-Methylheptane,1999-03-18T00:00,0.000,µg/m³,VOC,GC-MS
64401,EGBERT,2-Methylheptane,1999-03-18T00:00,0.000,µg/m³,VOC,GC-MS
64401,EGBERT,2-Methylheptane,1999-03-18T00:00,0.000,µg/m³,VOC,GC-MS
64401,EGBERT,2-Methylheptane,1999-03-18T00:00,0.154,µg/m³,VOC,GC-MS
64401,EGBERT,2-Methylheptane,1999-03-19T00:00,0.000,µg/m³,VOC,GC-MS
64401,EGBERT,2-Methylheptane,1999-03-22T00:00,0.000,µg/m³,VOC,GC-MS
64401,EGBERT,2-Methylheptane,1999-03-25T00:00,0.000,µg/m³,VOC,GC-MS
64401,EGBERT,2-Methylheptane,1999-03-28T00:00,0.000,µg/m³,VOC,GC-MS
64401,EGBERT,2-Methylheptane,1999-03-31T00:00,0.000,µg/m³,VOC,GC-MS
64401,EGBERT,2-Methylheptane,1999-04-04T00:00,0.000,µg/m³,VOC,GC-MS
64401,EGBERT,2-Methylheptane,1999-04-06T00:00,0.094,µg/m³,VOC,GC-MS
64401,EGBERT,2-Methylheptane,1999-04-09T00:00,0.000,µg/m³,VOC,GC-MS
64401,EGBERT,2-Methylheptane,1999-04-12T00:00,0.000,µg/m³,VOC,GC-MS
64401,EGBERT,2-Methylheptane,1999-04-15T00:00,0.000,µg/m³,VOC,GC-MS
64401,EGBERT,2-Methylheptane,1999-04-18T00:00,0.000,µg/m³,VOC,GC-MS
64401,EGBERT,2-Methylheptane,1999-04-21T00:00,0.000,µg/m³,VOC,GC-MS
64401,EGBERT,2-Methylheptane,1999-04-24T00:00,0.000,µg/m³,VOC,GC-MS
64401,EGBERT,2-Methylheptane,1999-04-27T00:00,0.000,µg/m³,VOC,GC-MS
64401,EGBERT,2-Methylheptane,1999-04-30T00:00,0.000,µg/m³,VOC,GC-MS
64401,EGBERT,2-Methylheptane,1999-05-03T00:00,0.000,µg/m³,VOC,GC-MS
64401,EGBERT,2-Methylheptane,1999-05-06T00:00,0.000,µg/m³,VOC,GC-MS
64401,EGBERT,2-Methylheptane,1999-05-09T00:00,0.000,µg/m³,VOC,GC-MS
64401,EGBERT,2-Methylheptane,1999-05-12T00:00,0.000,µg/m³,VOC,GC-MS
64401,EGBERT,2-Methylheptane,1999-05-15T00:00,0.088,µg/m³,VOC,GC-MS
64401,EGBERT,2-Methylheptane,1999-05-17T00:00,0.054,µg/m³,VOC,GC-MS
64401,EGBERT,2-Methylheptane,1999-05-18T00:00,0.000,µg/m³,VOC,GC-MS
64401,EGBERT,2-Methylheptane,1999-05-19T00:00,0.000,µg/m³,VOC,GC-MS
64401,EGBERT,2-Methylheptane,1999-05-20T00:00,0.000,µg/m³,VOC,GC-MS
64401,EGBERT,2-Methylheptane,1999-05-21T00:00,0.000,µg/m³,VOC,GC-MS
64401,EGBERT,2-Methylheptane,1999-05-22T00:00,0.000,µg/m³,VOC,GC-MS
64401,EGBERT,2-Methylheptane,1999-05-23T00:00,0.000,µg/m³,VOC,GC-MS
64401,EGBERT,2-Methylheptane,1999-05-24T00:00,0.000,µg/m³,VOC,GC-MS
64401,EGBERT,2-Methylheptane,1999-05-25T00:00,0.000,µg/m³,VOC,GC-MS
64401,EGBERT,2-Methylheptane,1999-05-27T00:00,0.000,µg/m³,VOC,GC-MS
64401,EGBERT,2-Methylheptane,1999-05-28T00:00,0.000,µg/m³,VOC,GC-MS
64401,EGBERT,2-Methylheptane,1999-05-29T00:00,0.000,µg/m³,VOC,GC-MS
64401,EGBERT,2-Methylheptane,1999-05-30T00:00,0.000,µg/m³,VOC,GC-MS
64401,EGBERT,2-Methylheptane,1999-05-31T00:00,0.000,µg/m³,VOC,GC-MS
64401,EGBERT,2-Methylheptane,1999-06-01T00:00,0.034,µg/m³,VOC,GC-MS
64401,EGBERT,2-Methylheptane,1999-06-02T00:00,0.057,µg/m³,VOC,GC-MS
64401,EGBERT,2-Methylheptane,1999-06-03T00:00,0.000,µg/m³,VOC,GC-MS
64401,EGBERT,2-Methylheptane,1999-06-04T00:00,0.000,µg/m³,VOC,GC-MS
64401,EGBERT,2-Methylheptane,1999-06-05T00:00,0.145,µg/m³,VOC,GC-MS
64401,EGBERT,2-Methylheptane,1999-06-06T00:00,0.000,µg/m³,VOC,GC-MS
64401,EGBERT,2-Methylheptane,1999-06-07T00:00,0.000,µg/m³,VOC,GC-MS
64401,EGBERT,2-Methylheptane,1999-06-08T00:00,0.000,µg/m³,VOC,GC-MS
64401,EGBERT,2-Methylheptane,1999-06-09T00:00,0.000,µg/m³,VOC,GC-MS
64401,EGBERT,2-Methylheptane,1999-06-10T00:00,0.059,µg/m³,VOC,GC-MS
64401,EGBERT,2-Methylheptane,1999-06-11T00:00,0.153,µg/m³,VOC,GC-MS
64401,EGBERT,2-Methylheptane,1999-06-12T00:00,0.075,µg/m³,VOC,GC-MS
64401,EGBERT,2-Methylheptane,1999-06-13T00:00,0.000,µg/m³,VOC,GC-MS
64401,EGBERT,2-Methylheptane,1999-06-15T00:00,0.000,µg/m³,VOC,GC-MS
64401,EGBERT,2-Methylheptane,1999-06-16T00:00,0.000,µg/m³,VOC,GC-MS
64401,EGBERT,2-Methylheptane,1999-06-17T00:00,0.000,µg/m³,VOC,GC-MS
64401,EGBERT,2-Methylheptane,1999-06-18T00:00,0.000,µg/m³,VOC,GC-MS
64401,EGBERT,2-Methylheptane,1999-06-19T00:00,0.000,µg/m³,VOC,GC-MS
64401,EGBERT,2-Methylheptane,1999-06-20T00:00,0.000,µg/m³,VOC,GC-MS
64401,EGBERT,2-Methylheptane,1999-06-21T00:00,0.000,µg/m³,VOC,GC-MS
64401,EGBERT,2-Methylheptane,1999-06-22T00:00,0.000,µg/m³,VOC,GC-MS
64401,EGBERT,2-Methylheptane,1999-06-23T00:00,0.000,µg/m³,VOC,GC-MS
64401,EGBERT,2-Methylheptane,1999-06-24T00:00,0.059,µg/m³,VOC,GC-MS
64401,EGBERT,2-Methylheptane,1999-06-26T00:00,0.000,µg/m³,VOC,GC-MS
64401,EGBERT,2-Methylheptane,1999-06-27T00:00,0.193,µg/m³,VOC,GC-MS
64401,EGBERT,2-Methylheptane,1999-06-28T00:00,0.000,µg/m³,VOC,GC-MS
64401,EGBERT,2-Methylheptane,1999-06-29T00:00,0.000,µg/m³,VOC,GC-MS
64401,EGBERT,2-Methylheptane,1999-06-30T00:00,0.000,µg/m³,VOC,GC-MS
64401,EGBERT,2-Methylheptane,1999-07-01T00:00,0.078,µg/m³,VOC,GC-MS
64401,EGBERT,2-Methylheptane,1999-07-02T00:00,0.000,µg/m³,VOC,GC-MS
64401,EGBERT,2-Methylheptane,1999-07-03T00:00,0.000,µg/m³,VOC,GC-MS
64401,EGBERT,2-Methylheptane,1999-07-04T00:00,0.000,µg/m³,VOC,GC-MS
64401,EGBERT,2-Methylheptane,1999-07-05T00:00,0.000,µg/m³,VOC,GC-MS
64401,EGBERT,2-Methylheptane,1999-07-06T00:00,0.000,µg/m³,VOC,GC-MS
64401,EGBERT,2-Methylheptane,1999-07-07T00:00,0.000,µg/m³,VOC,GC-MS
64401,EGBERT,2-Methylheptane,1999-07-08T00:00,0.000,µg/m³,VOC,GC-MS
64401,EGBERT,2-Methylheptane,1999-07-09T00:00,0.069,µg/m³,VOC,GC-MS
64401,EGBERT,2-Methylheptane,1999-07-10T00:00,0.000,µg/m³,VOC,GC-MS
64401,EGBERT,2-Methylheptane,1999-07-11T00:00,0.000,µg/m³,VOC,GC-MS
64401,EGBERT,2-Methylheptane,1999-07-12T00:00,0.000,µg/m³,VOC,GC-MS
64401,EGBERT,2-Methylheptane,1999-07-13T00:00,0.000,µg/m³,VOC,GC-MS
64401,EGBERT,2-Methylheptane,1999-07-14T00:00,0.000,µg/m³,VOC,GC-MS
64401,EGBERT,2-Methylheptane,1999-07-16T00:00,0.000,µg/m³,VOC,GC-MS
64401,EGBERT,2-Methylheptane,1999-07-17T00:00,0.000,µg/m³,VOC,GC-MS
64401,EGBERT,2-Methylheptane,1999-07-18T00:00,0.000,µg/m³,VOC,GC-MS
64401,EGBERT,2-Methylheptane,1999-07-19T00:00,0.000,µg/m³,VOC,GC-MS
64401,EGBERT,2-Methylheptane,1999-07-20T00:00,0.000,µg/m³,VOC,GC-MS
64401,EGBERT,2-Methylheptane,1999-07-21T00:00,0.046,µg/m³,VOC,GC-MS
64401,EGBERT,2-Methylheptane,1999-07-22T00:00,0.000,µg/m³,VOC,GC-MS
64401,EGBERT,2-Methylheptane,1999-07-23T00:00,0.000,µg/m³,VOC,GC-MS
64401,EGBERT,2-Methylheptane,1999-07-24T00:00,0.000,µg/m³,VOC,GC-MS
64401,EGBERT,2-Methylheptane,1999-07-25T00:00,0.000,µg/m³,VOC,GC-MS
64401,EGBERT,2-Methylheptane,1999-07-26T00:00,0.000,µg/m³,VOC,GC-MS
64401,EGBERT,2-Methylheptane,1999-07-27T00:00,0.000,µg/m³,VOC,GC-MS
64401,EGBERT,2-Methylheptane,1999-07-29T00:00,0.000,µg/m³,VOC,GC-MS
64401,EGBERT,2-Methylheptane,1999-07-30T00:00,0.000,µg/m³,VOC,GC-MS
64401,EGBERT,2-Methylheptane,1999-08-02T00:00,0.000,µg/m³,VOC,GC-MS
64401,EGBERT,2-Methylheptane,1999-08-03T00:00,0.000,µg/m³,VOC,GC-MS
64401,EGBERT,2-Methylheptane,1999-08-04T00:00,0.094,µg/m³,VOC,GC-MS
64401,EGBERT,2-Methylheptane,1999-08-05T00:00,0.000,µg/m³,VOC,GC-MS
64401,EGBERT,2-Methylheptane,1999-08-06T00:00,0.000,µg/m³,VOC,GC-MS
64401,EGBERT,2-Methylheptane,1999-08-07T00:00,0.000,µg/m³,VOC,GC-MS
64401,EGBERT,2-Methylheptane,1999-08-08T00:00,0.000,µg/m³,VOC,GC-MS
64401,EGBERT,2-Methylheptane,1999-08-09T00:00,0.000,µg/m³,VOC,GC-MS
64401,EGBERT,2-Methylheptane,1999-08-10T00:00,0.273,µg/m³,VOC,GC-MS
64401,EGBERT,2-Methylheptane,1999-08-12T00:00,0.000,µg/m³,VOC,GC-MS
64401,EGBERT,2-Methylheptane,1999-08-13T00:00,0.000,µg/m³,VOC,GC-MS
64401,EGBERT,2-Methylheptane,1999-08-14T00:00,0.000,µg/m³,VOC,GC-MS
64401,EGBERT,2-Methylheptane,1999-08-15T00:00,0.000,µg/m³,VOC,GC-MS
64401,EGBERT,2-Methylheptane,1999-08-16T00:00,0.000,µg/m³,VOC,GC-MS
64401,EGBERT,2-Methylheptane,1999-08-17T00:00,0.000,µg/m³,VOC,GC-MS
64401,EGBERT,2-Methylheptane,1999-08-18T00:00,0.000,µg/m³,VOC,GC-MS
64401,EGBERT,2-Methylheptane,1999-08-19T00:00,0.000,µg/m³,VOC,GC-MS
64401,EGBERT,2-Methylheptane,1999-08-20T00:00,0.000,µg/m³,VOC,GC-MS
64401,EGBERT,2-Methylheptane,1999-08-21T00:00,0.000,µg/m³,VOC,GC-MS
64401,EGBERT,2-Methylheptane,1999-08-22T00:00,0.000,µg/m³,VOC,GC-MS
64401,EGBERT,2-Methylheptane,1999-08-23T00:00,0.000,µg/m³,VOC,GC-MS
64401,EGBERT,2-Methylheptane,1999-08-24T00:00,0.000,µg/m³,VOC,GC-MS
64401,EGBERT,2-Methylheptane,1999-08-25T00:00,0.184,µg/m³,VOC,GC-MS
64401,EGBERT,2-Methylheptane,1999-08-26T00:00,0.000,µg/m³,VOC,GC-MS
64401,EGBERT,2-Methylheptane,1999-08-27T00:00,0.000,µg/m³,VOC,GC-MS
64401,EGBERT,2-Methylheptane,1999-08-28T00:00,0.000,µg/m³,VOC,GC-MS
64401,EGBERT,2-Methylheptane,1999-08-29T00:00,0.000,µg/m³,VOC,GC-MS
64401,EGBERT,2-Methylheptane,1999-08-30T00:00,0.000,µg/m³,VOC,GC-MS
64401,EGBERT,2-Methylheptane,1999-08-31T00:00,0.000,µg/m³,VOC,GC-MS
64401,EGBERT,2-Methylheptane,1999-09-01T00:00,0.000,µg/m³,VOC,GC-MS
64401,EGBERT,2-Methylheptane,1999-09-03T00:00,0.000,µg/m³,VOC,GC-MS
64401,EGBERT,2-Methylheptane,1999-09-04T00:00,0.000,µg/m³,VOC,GC-MS
64401,EGBERT,2-Methylheptane,1999-09-05T00:00,0.074,µg/m³,VOC,GC-MS
64401,EGBERT,2-Methylheptane,1999-09-06T00:00,0.087,µg/m³,VOC,GC-MS
64401,EGBERT,2-Methylheptane,1999-09-07T00:00,0.000,µg/m³,VOC,GC-MS
64401,EGBERT,2-Methylheptane,1999-09-09T00:00,0.025,µg/m³,VOC,GC-MS
64401,EGBERT,2-Methylheptane,1999-09-10T00:00,0.021,µg/m³,VOC,GC-MS
64401,EGBERT,2-Methylheptane,1999-09-11T00:00,0.018,µg/m³,VOC,GC-MS
64401,EGBERT,2-Methylheptane,1999-09-12T00:00,0.073,µg/m³,VOC,GC-MS
64401,EGBERT,2-Methylheptane,1999-09-13T00:00,0.040,µg/m³,VOC,GC-MS
64401,EGBERT,2-Methylheptane,1999-09-14T00:00,0.020,µg/m³,VOC,GC-MS
64401,EGBERT,2-Methylheptane,1999-09-15T00:00,0.041,µg/m³,VOC,GC-MS
64401,EGBERT,2-Methylheptane,1999-09-16T00:00,0.032,µg/m³,VOC,GC-MS
64401,EGBERT,2-Methylheptane,1999-09-17T00:00,0.031,µg/m³,VOC,GC-MS
64401,EGBERT,2-Methylheptane,1999-09-18T00:00,0.023,µg/m³,VOC,GC-MS
64401,EGBERT,2-Methylheptane,1999-09-19T00:00,0.044,µg/m³,VOC,GC-MS
64401,EGBERT,2-Methylheptane,1999-09-20T00:00,0.024,µg/m³,VOC,GC-MS
64401,EGBERT,2-Methylheptane,1999-09-22T00:00,0.028,µg/m³,VOC,GC-MS
64401,EGBERT,2-Methylheptane,1999-09-23T00:00,0.032,µg/m³,VOC,GC-MS
64401,EGBERT,2-Methylheptane,1999-09-24T00:00,0.028,µg/m³,VOC,GC-MS
64401,EGBERT,2-Methylheptane,1999-09-25T00:00,0.027,µg/m³,VOC,GC-MS
64401,EGBERT,2-Methylheptane,1999-09-26T00:00,0.042,µg/m³,VOC,GC-MS
64401,EGBERT,2-Methylheptane,1999-09-27T00:00,0.131,µg/m³,VOC,GC-MS
64401,EGBERT,2-Methylheptane,1999-09-28T00:00,0.066,µg/m³,VOC,GC-MS
64401,EGBERT,2-Methylheptane,1999-09-29T00:00,0.152,µg/m³,VOC,GC-MS
64401,EGBERT,2-Methylheptane,1999-09-30T00:00,0.030,µg/m³,VOC,GC-MS
64401,EGBERT,2-Methylheptane,1999-10-03T00:00,0.049,µg/m³,VOC,GC-MS
64401,EGBERT,2-Methylheptane,1999-10-09T00:00,0.038,µg/m³,VOC,GC-MS
64401,EGBERT,2-Methylheptane,1999-10-12T00:00,0.242,µg/m³,VOC,GC-MS
64401,EGBERT,2-Methylheptane,1999-10-15T00:00,0.186,µg/m³,VOC,GC-MS
64401,EGBERT,2-Methylheptane,1999-10-18T00:00,0.041,µg/m³,VOC,GC-MS
64401,EGBERT,2-Methylheptane,1999-10-21T00:00,0.067,µg/m³,VOC,GC-MS
64401,EGBERT,2-Methylheptane,1999-10-24T00:00,0.030,µg/m³,VOC,GC-MS
64401,EGBERT,2-Methylheptane,1999-10-27T00:00,0.022,µg/m³,VOC,GC-MS
64401,EGBERT,2-Methylheptane,1999-10-30T00:00,0.108,µg/m³,VOC,GC-MS
64401,EGBERT,2-Methylheptane,1999-11-02T00:00,0.029,µg/m³,VOC,GC-MS
64401,EGBERT,2-Methylheptane,1999-11-05T00:00,0.050,µg/m³,VOC,GC-MS
64401,EGBERT,2-Methylheptane,1999-11-08T00:00,0.067,µg/m³,VOC,GC-MS
64401,EGBERT,2-Methylheptane,1999-11-14T00:00,0.032,µg/m³,VOC,GC-MS
64401,EGBERT,2-Methylheptane,1999-11-17T00:00,0.032,µg/m³,VOC,GC-MS
64401,EGBERT,2-Methylheptane,1999-11-20T00:00,0.052,µg/m³,VOC,GC-MS
64401,EGBERT,2-Methylheptane,1999-11-23T00:00,0.065,µg/m³,VOC,GC-MS
64401,EGBERT,2-Methylheptane,1999-11-26T00:00,0.052,µg/m³,VOC,GC-MS
64401,EGBERT,2-Methylheptane,1999-11-29T00:00,0.034,µg/m³,VOC,GC-MS
64401,EGBERT,2-Methylheptane,1999-12-02T00:00,0.090,µg/m³,VOC,GC-MS
64401,EGBERT,2-Methylheptane,1999-12-05T00:00,0.058,µg/m³,VOC,GC-MS
64401,EGBERT,2-Methylheptane,1999-12-08T00:00,0.101,µg/m³,VOC,GC-MS
64401,EGBERT,2-Methylheptane,1999-12-11T00:00,0.041,µg/m³,VOC,GC-MS
64401,EGBERT,2-Methylheptane,1999-12-14T00:00,0.046,µg/m³,VOC,GC-MS
64401,EGBERT,2-Methylheptane,1999-12-17T00:00,0.053,µg/m³,VOC,GC-MS
64401,EGBERT,2-Methylheptane,1999-12-20T00:00,0.131,µg/m³,VOC,GC-MS
64401,EGBERT,2-Methylheptane,1999-12-23T00:00,0.041,µg/m³,VOC,GC-MS
64401,EGBERT,2-Methylheptane,1999-12-26T00:00,0.043,µg/m³,VOC,GC-MS
64401,EGBERT,2-Methylheptane,1999-12-29T00:00,0.058,µg/m³,VOC,GC-MS
