﻿NAPS_Site_ID,Station_Name,Pollutant,Date,Value,Units,Report_Type,Method
63301,HWY 117 & PAINT LAKE ROAD _DORSET_,Ethane,2000-01-01T00:00,3.167,µg/m³,VOC,
63301,HWY 117 & PAINT LAKE ROAD _DORSET_,Ethane,2000-01-07T00:00,3.006,µg/m³,VOC,
63301,HWY 117 & PAINT LAKE ROAD _DORSET_,Ethane,2000-01-13T00:00,2.508,µg/m³,VOC,
63301,HWY 117 & PAINT LAKE ROAD _DORSET_,Ethane,2000-01-19T00:00,3.016,µg/m³,VOC,
63301,HWY 117 & PAINT LAKE ROAD _DORSET_,Ethane,2000-01-25T00:00,4.450,µg/m³,VOC,
63301,HWY 117 & PAINT LAKE ROAD _DORSET_,Ethane,2000-01-31T00:00,3.619,µg/m³,VOC,
63301,HWY 117 & PAINT LAKE ROAD _DORSET_,Ethane,2000-02-06T00:00,2.567,µg/m³,VOC,
63301,HWY 117 & PAINT LAKE ROAD _DORSET_,Ethane,2000-02-18T00:00,2.910,µg/m³,VOC,
63301,HWY 117 & PAINT LAKE ROAD _DORSET_,Ethane,2000-02-24T00:00,5.367,µg/m³,VOC,
63301,HWY 117 & PAINT LAKE ROAD _DORSET_,Ethane,2000-03-01T00:00,3.536,µg/m³,VOC,
63301,HWY 117 & PAINT LAKE ROAD _DORSET_,Ethane,2000-03-07T00:00,3.653,µg/m³,VOC,
63301,HWY 117 & PAINT LAKE ROAD _DORSET_,Ethane,2000-03-13T00:00,2.395,µg/m³,VOC,
63301,HWY 117 & PAINT LAKE ROAD _DORSET_,Ethane,2000-03-19T00:00,2.762,µg/m³,VOC,
63301,HWY 117 & PAINT LAKE ROAD _DORSET_,Ethane,2000-03-25T00:00,3.440,µg/m³,VOC,
63301,HWY 117 & PAINT LAKE ROAD _DORSET_,Ethane,2000-03-31T00:00,2.554,µg/m³,VOC,
63301,HWY 117 & PAINT LAKE ROAD _DORSET_,Ethane,2000-04-06T00:00,2.716,µg/m³,VOC,
63301,HWY 117 & PAINT LAKE ROAD _DORSET_,Ethane,2000-04-12T00:00,2.302,µg/m³,VOC,
63301,HWY 117 & PAINT LAKE ROAD _DORSET_,Ethane,2000-04-18T00:00,2.261,µg/m³,VOC,
63301,HWY 117 & PAINT LAKE ROAD _DORSET_,Ethane,2000-04-24T00:00,2.042,µg/m³,VOC,
63301,HWY 117 & PAINT LAKE ROAD _DORSET_,Ethane,2000-04-30T00:00,1.877,µg/m³,VOC,
63301,HWY 117 & PAINT LAKE ROAD _DORSET_,Ethane,2000-05-06T00:00,2.208,µg/m³,VOC,
63301,HWY 117 & PAINT LAKE ROAD _DORSET_,Ethane,2000-05-12T00:00,2.551,µg/m³,VOC,
63301,HWY 117 & PAINT LAKE ROAD _DORSET_,Ethane,2000-05-18T00:00,2.024,µg/m³,VOC,
63301,HWY 117 & PAINT LAKE ROAD _DORSET_,Ethane,2000-05-24T00:00,2.140,µg/m³,VOC,
63301,HWY 117 & PAINT LAKE ROAD _DORSET_,Ethane,2000-05-30T00:00,1.760,µg/m³,VOC,
63301,HWY 117 & PAINT LAKE ROAD _DORSET_,Ethane,2000-06-05T00:00,1.323,µg/m³,VOC,
63301,HWY 117 & PAINT LAKE ROAD _DORSET_,Ethane,2000-06-11T00:00,1.239,µg/m³,VOC,
63301,HWY 117 & PAINT LAKE ROAD _DORSET_,Ethane,2000-06-17T00:00,1.186,µg/m³,VOC,
63301,HWY 117 & PAINT LAKE ROAD _DORSET_,Ethane,2000-06-23T00:00,1.077,µg/m³,VOC,
63301,HWY 117 & PAINT LAKE ROAD _DORSET_,Ethane,2000-06-29T00:00,1.145,µg/m³,VOC,
63301,HWY 117 & PAINT LAKE ROAD _DORSET_,Ethane,2000-07-05T00:00,0.902,µg/m³,VOC,
63301,HWY 117 & PAINT LAKE ROAD _DORSET_,Ethane,2000-07-11T00:00,0.866,µg/m³,VOC,
63301,HWY 117 & PAINT LAKE ROAD _DORSET_,Ethane,2000-07-17T00:00,1.180,µg/m³,VOC,
63301,HWY 117 & PAINT LAKE ROAD _DORSET_,Ethane,2000-07-23T00:00,0.867,µg/m³,VOC,
63301,HWY 117 & PAINT LAKE ROAD _DORSET_,Ethane,2000-07-29T00:00,0.880,µg/m³,VOC,
63301,HWY 117 & PAINT LAKE ROAD _DORSET_,Ethane,2000-08-04T00:00,0.753,µg/m³,VOC,
63301,HWY 117 & PAINT LAKE ROAD _DORSET_,Ethane,2000-08-10T00:00,0.923,µg/m³,VOC,
63301,HWY 117 & PAINT LAKE ROAD _DORSET_,Ethane,2000-08-16T00:00,0.888,µg/m³,VOC,
63301,HWY 117 & PAINT LAKE ROAD _DORSET_,Ethane,2000-08-22T00:00,1.007,µg/m³,VOC,
63301,HWY 117 & PAINT LAKE ROAD _DORSET_,Ethane,2000-08-28T00:00,0.769,µg/m³,VOC,
63301,HWY 117 & PAINT LAKE ROAD _DORSET_,Ethane,2000-09-03T00:00,0.434,µg/m³,VOC,
63301,HWY 117 & PAINT LAKE ROAD _DORSET_,Ethane,2000-09-09T00:00,1.209,µg/m³,VOC,
63301,HWY 117 & PAINT LAKE ROAD _DORSET_,Ethane,2000-09-15T00:00,1.010,µg/m³,VOC,
63301,HWY 117 & PAINT LAKE ROAD _DORSET_,Ethane,2000-09-21T00:00,1.030,µg/m³,VOC,
63301,HWY 117 & PAINT LAKE ROAD _DORSET_,Ethane,2000-09-27T00:00,1.205,µg/m³,VOC,
63301,HWY 117 & PAINT LAKE ROAD _DORSET_,Ethane,2000-10-03T00:00,1.609,µg/m³,VOC,
63301,HWY 117 & PAINT LAKE ROAD _DORSET_,Ethane,2000-10-09T00:00,1.071,µg/m³,VOC,
63301,HWY 117 & PAINT LAKE ROAD _DORSET_,Ethane,2000-10-15T00:00,1.451,µg/m³,VOC,
63301,HWY 117 & PAINT LAKE ROAD _DORSET_,Ethane,2000-10-21T00:00,1.880,µg/m³,VOC,
63301,HWY 117 & PAINT LAKE ROAD _DORSET_,Ethane,2000-10-27T00:00,4.021,µg/m³,VOC,
63301,HWY 117 & PAINT LAKE ROAD _DORSET_,Ethane,2000-11-02T00:00,1.328,µg/m³,VOC,
63301,HWY 117 & PAINT LAKE ROAD _DORSET_,Ethane,2000-11-08T00:00,1.668,µg/m³,VOC,
63301,HWY 117 & PAINT LAKE ROAD _DORSET_,Ethane,2000-11-14T00:00,3.169,µg/m³,VOC,
63301,HWY 117 & PAINT LAKE ROAD _DORSET_,Ethane,2000-11-20T00:00,3.626,µg/m³,VOC,
63301,HWY 117 & PAINT LAKE ROAD _DORSET_,Ethane,2000-11-26T00:00,3.130,µg/m³,VOC,
63301,HWY 117 & PAINT LAKE ROAD _DORSET_,Ethane,2000-12-02T00:00,1.714,µg/m³,VOC,
63301,HWY 117 & PAINT LAKE ROAD _DORSET_,Ethane,2000-12-08T00:00,2.056,µg/m³,VOC,
63301,HWY 117 & PAINT LAKE ROAD _DORSET_,Ethane,2000-12-14T00:00,2.292,µg/m³,VOC,
63301,HWY 117 & PAINT LAKE ROAD _DORSET_,Ethane,2000-12-20T00:00,2.278,µg/m³,VOC,
63301,HWY 117 & PAINT LAKE ROAD _DORSET_,Ethane,2000-12-26T00:00,2.253,µg/m³,VOC,
