﻿NAPS_Site_ID,Station_Name,Pollutant,Date,Value,Units,Report_Type,Method
60418,JUNCTION TRIANGLE,Chrysene,2001-01-07T00:00,0.000,µg/m³,PAH,GC-MS
60418,JUNCTION TRIANGLE,Chrysene,2001-01-19T00:00,0.000,µg/m³,PAH,GC-MS
60418,JUNCTION TRIANGLE,Chrysene,2001-01-31T00:00,0.000,µg/m³,PAH,GC-MS
60418,JUNCTION TRIANGLE,Chrysene,2001-02-12T00:00,0.000,µg/m³,PAH,GC-MS
60418,JUNCTION TRIANGLE,Chrysene,2001-02-24T00:00,0.000,µg/m³,PAH,GC-MS
60418,JUNCTION TRIANGLE,Chrysene,2001-03-08T00:00,0.000,µg/m³,PAH,GC-MS
60418,JUNCTION TRIANGLE,Chrysene,2001-03-20T00:00,0.000,µg/m³,PAH,GC-MS
60418,JUNCTION TRIANGLE,Chrysene,2001-05-07T00:00,0.000,µg/m³,PAH,GC-MS
60418,JUNCTION TRIANGLE,Chrysene,2001-05-19T00:00,0.000,µg/m³,PAH,GC-MS
60418,JUNCTION TRIANGLE,Chrysene,2001-05-31T00:00,0.000,µg/m³,PAH,GC-MS
60418,JUNCTION TRIANGLE,Chrysene,2001-06-12T00:00,0.000,µg/m³,PAH,GC-MS
60418,JUNCTION TRIANGLE,Chrysene,2001-06-24T00:00,0.000,µg/m³,PAH,GC-MS
60418,JUNCTION TRIANGLE,Chrysene,2001-07-06T00:00,0.000,µg/m³,PAH,GC-MS
60418,JUNCTION TRIANGLE,Chrysene,2001-07-18T00:00,0.000,µg/m³,PAH,GC-MS
60418,JUNCTION TRIANGLE,Chrysene,2001-07-30T00:00,0.000,µg/m³,PAH,GC-MS
60418,JUNCTION TRIANGLE,Chrysene,2001-09-16T00:00,0.000,µg/m³,PAH,GC-MS
60418,JUNCTION TRIANGLE,Chrysene,2001-09-28T00:00,0.000,µg/m³,PAH,GC-MS
60418,JUNCTION TRIANGLE,Chrysene,2001-10-22T00:00,0.001,µg/m³,PAH,GC-MS
60418,JUNCTION TRIANGLE,Chrysene,2001-11-03T00:00,0.000,µg/m³,PAH,GC-MS
60418,JUNCTION TRIANGLE,Chrysene,2001-11-15T00:00,0.000,µg/m³,PAH,GC-MS
60418,JUNCTION TRIANGLE,Chrysene,2001-11-27T00:00,0.000,µg/m³,PAH,GC-MS
60418,JUNCTION TRIANGLE,Chrysene,2001-12-09T00:00,0.001,µg/m³,PAH,GC-MS
