﻿NAPS_Site_ID,Station_Name,Pollutant,Date,Value,Units,Report_Type,Method
60427,GAGE INSTITUTE,Nitric Acid,2006-01-02T00:00,0.142,µg/m³,SPEC,N/A
60427,GAGE INSTITUTE,Nitric Acid,2006-01-04T00:00,0.407,µg/m³,SPEC,N/A
60427,GAGE INSTITUTE,Nitric Acid,2006-02-07T00:00,0.308,µg/m³,SPEC,N/A
60427,GAGE INSTITUTE,Nitric Acid,2006-02-10T00:00,0.318,µg/m³,SPEC,N/A
60427,GAGE INSTITUTE,Nitric Acid,2006-02-13T00:00,0.173,µg/m³,SPEC,N/A
60427,GAGE INSTITUTE,Nitric Acid,2006-02-16T00:00,0.441,µg/m³,SPEC,N/A
60427,GAGE INSTITUTE,Nitric Acid,2006-02-19T00:00,0.180,µg/m³,SPEC,N/A
60427,GAGE INSTITUTE,Nitric Acid,2006-02-22T00:00,0.185,µg/m³,SPEC,N/A
60427,GAGE INSTITUTE,Nitric Acid,2006-02-25T00:00,0.161,µg/m³,SPEC,N/A
60427,GAGE INSTITUTE,Nitric Acid,2006-02-28T00:00,0.126,µg/m³,SPEC,N/A
60427,GAGE INSTITUTE,Nitric Acid,2006-03-03T00:00,0.095,µg/m³,SPEC,N/A
60427,GAGE INSTITUTE,Nitric Acid,2006-03-06T00:00,0.280,µg/m³,SPEC,N/A
60427,GAGE INSTITUTE,Nitric Acid,2006-03-09T00:00,0.389,µg/m³,SPEC,N/A
60427,GAGE INSTITUTE,Nitric Acid,2006-03-12T00:00,1.252,µg/m³,SPEC,N/A
60427,GAGE INSTITUTE,Nitric Acid,2006-03-15T00:00,0.749,µg/m³,SPEC,N/A
60427,GAGE INSTITUTE,Nitric Acid,2006-03-18T00:00,0.310,µg/m³,SPEC,N/A
60427,GAGE INSTITUTE,Nitric Acid,2006-03-21T00:00,0.122,µg/m³,SPEC,N/A
60427,GAGE INSTITUTE,Nitric Acid,2006-03-24T00:00,0.514,µg/m³,SPEC,N/A
60427,GAGE INSTITUTE,Nitric Acid,2006-03-27T00:00,0.449,µg/m³,SPEC,N/A
60427,GAGE INSTITUTE,Nitric Acid,2006-03-30T00:00,0.389,µg/m³,SPEC,N/A
60427,GAGE INSTITUTE,Nitric Acid,2006-04-02T00:00,0.281,µg/m³,SPEC,N/A
60427,GAGE INSTITUTE,Nitric Acid,2006-04-05T00:00,0.097,µg/m³,SPEC,N/A
60427,GAGE INSTITUTE,Nitric Acid,2006-04-08T00:00,0.211,µg/m³,SPEC,N/A
60427,GAGE INSTITUTE,Nitric Acid,2006-04-11T00:00,0.537,µg/m³,SPEC,N/A
60427,GAGE INSTITUTE,Nitric Acid,2006-04-14T00:00,0.902,µg/m³,SPEC,N/A
60427,GAGE INSTITUTE,Nitric Acid,2006-04-17T00:00,0.141,µg/m³,SPEC,N/A
60427,GAGE INSTITUTE,Nitric Acid,2006-04-20T00:00,0.295,µg/m³,SPEC,N/A
60427,GAGE INSTITUTE,Nitric Acid,2006-04-23T00:00,0.459,µg/m³,SPEC,N/A
60427,GAGE INSTITUTE,Nitric Acid,2006-04-26T00:00,0.535,µg/m³,SPEC,N/A
60427,GAGE INSTITUTE,Nitric Acid,2006-04-29T00:00,0.241,µg/m³,SPEC,N/A
60427,GAGE INSTITUTE,Nitric Acid,2006-05-02T00:00,0.461,µg/m³,SPEC,N/A
60427,GAGE INSTITUTE,Nitric Acid,2006-05-05T00:00,0.162,µg/m³,SPEC,N/A
60427,GAGE INSTITUTE,Nitric Acid,2006-05-08T00:00,0.767,µg/m³,SPEC,N/A
60427,GAGE INSTITUTE,Nitric Acid,2006-05-11T00:00,0.606,µg/m³,SPEC,N/A
60427,GAGE INSTITUTE,Nitric Acid,2006-05-14T00:00,0.361,µg/m³,SPEC,N/A
60427,GAGE INSTITUTE,Nitric Acid,2006-05-17T00:00,0.324,µg/m³,SPEC,N/A
60427,GAGE INSTITUTE,Nitric Acid,2006-05-20T00:00,0.103,µg/m³,SPEC,N/A
60427,GAGE INSTITUTE,Nitric Acid,2006-05-23T00:00,0.802,µg/m³,SPEC,N/A
60427,GAGE INSTITUTE,Nitric Acid,2006-05-26T00:00,0.516,µg/m³,SPEC,N/A
60427,GAGE INSTITUTE,Nitric Acid,2006-05-29T00:00,2.274,µg/m³,SPEC,N/A
60427,GAGE INSTITUTE,Nitric Acid,2006-06-01T00:00,0.307,µg/m³,SPEC,N/A
60427,GAGE INSTITUTE,Nitric Acid,2006-06-04T00:00,0.121,µg/m³,SPEC,N/A
60427,GAGE INSTITUTE,Nitric Acid,2006-06-07T00:00,0.945,µg/m³,SPEC,N/A
60427,GAGE INSTITUTE,Nitric Acid,2006-06-10T00:00,0.000,µg/m³,SPEC,N/A
60427,GAGE INSTITUTE,Nitric Acid,2006-06-13T00:00,0.139,µg/m³,SPEC,N/A
60427,GAGE INSTITUTE,Nitric Acid,2006-06-16T00:00,0.479,µg/m³,SPEC,N/A
60427,GAGE INSTITUTE,Nitric Acid,2006-06-19T00:00,0.214,µg/m³,SPEC,N/A
60427,GAGE INSTITUTE,Nitric Acid,2006-06-22T00:00,0.454,µg/m³,SPEC,N/A
60427,GAGE INSTITUTE,Nitric Acid,2006-06-25T00:00,0.375,µg/m³,SPEC,N/A
60427,GAGE INSTITUTE,Nitric Acid,2006-06-28T00:00,0.967,µg/m³,SPEC,N/A
60427,GAGE INSTITUTE,Nitric Acid,2006-07-01T00:00,1.271,µg/m³,SPEC,N/A
60427,GAGE INSTITUTE,Nitric Acid,2006-07-04T00:00,0.822,µg/m³,SPEC,N/A
60427,GAGE INSTITUTE,Nitric Acid,2006-07-07T00:00,0.337,µg/m³,SPEC,N/A
60427,GAGE INSTITUTE,Nitric Acid,2006-07-10T00:00,0.748,µg/m³,SPEC,N/A
60427,GAGE INSTITUTE,Nitric Acid,2006-07-13T00:00,1.162,µg/m³,SPEC,N/A
60427,GAGE INSTITUTE,Nitric Acid,2006-07-16T00:00,0.809,µg/m³,SPEC,N/A
60427,GAGE INSTITUTE,Nitric Acid,2006-07-19T00:00,0.339,µg/m³,SPEC,N/A
60427,GAGE INSTITUTE,Nitric Acid,2006-07-22T00:00,0.029,µg/m³,SPEC,N/A
60427,GAGE INSTITUTE,Nitric Acid,2006-07-25T00:00,0.411,µg/m³,SPEC,N/A
60427,GAGE INSTITUTE,Nitric Acid,2006-07-28T00:00,1.015,µg/m³,SPEC,N/A
60427,GAGE INSTITUTE,Nitric Acid,2006-07-31T00:00,0.831,µg/m³,SPEC,N/A
60427,GAGE INSTITUTE,Nitric Acid,2006-08-03T00:00,0.258,µg/m³,SPEC,N/A
60427,GAGE INSTITUTE,Nitric Acid,2006-08-06T00:00,0.552,µg/m³,SPEC,N/A
60427,GAGE INSTITUTE,Nitric Acid,2006-08-09T00:00,1.343,µg/m³,SPEC,N/A
60427,GAGE INSTITUTE,Nitric Acid,2006-08-12T00:00,0.398,µg/m³,SPEC,N/A
60427,GAGE INSTITUTE,Nitric Acid,2006-08-15T00:00,0.777,µg/m³,SPEC,N/A
60427,GAGE INSTITUTE,Nitric Acid,2006-08-18T00:00,3.512,µg/m³,SPEC,N/A
60427,GAGE INSTITUTE,Nitric Acid,2006-08-21T00:00,0.509,µg/m³,SPEC,N/A
60427,GAGE INSTITUTE,Nitric Acid,2006-08-24T00:00,0.356,µg/m³,SPEC,N/A
60427,GAGE INSTITUTE,Nitric Acid,2006-08-27T00:00,0.425,µg/m³,SPEC,N/A
60427,GAGE INSTITUTE,Nitric Acid,2006-08-30T00:00,0.174,µg/m³,SPEC,N/A
60427,GAGE INSTITUTE,Nitric Acid,2006-09-02T00:00,0.287,µg/m³,SPEC,N/A
60427,GAGE INSTITUTE,Nitric Acid,2006-09-05T00:00,0.134,µg/m³,SPEC,N/A
60427,GAGE INSTITUTE,Nitric Acid,2006-09-08T00:00,1.065,µg/m³,SPEC,N/A
60427,GAGE INSTITUTE,Nitric Acid,2006-09-11T00:00,0.211,µg/m³,SPEC,N/A
60427,GAGE INSTITUTE,Nitric Acid,2006-09-14T00:00,0.021,µg/m³,SPEC,N/A
60427,GAGE INSTITUTE,Nitric Acid,2006-09-17T00:00,0.255,µg/m³,SPEC,N/A
60427,GAGE INSTITUTE,Nitric Acid,2006-09-23T00:00,0.341,µg/m³,SPEC,N/A
60427,GAGE INSTITUTE,Nitric Acid,2006-09-26T00:00,0.092,µg/m³,SPEC,N/A
60427,GAGE INSTITUTE,Nitric Acid,2006-09-29T00:00,0.014,µg/m³,SPEC,N/A
60427,GAGE INSTITUTE,Nitric Acid,2006-10-02T00:00,0.045,µg/m³,SPEC,N/A
60427,GAGE INSTITUTE,Nitric Acid,2006-10-05T00:00,0.000,µg/m³,SPEC,N/A
60427,GAGE INSTITUTE,Nitric Acid,2006-10-08T00:00,0.648,µg/m³,SPEC,N/A
60427,GAGE INSTITUTE,Nitric Acid,2006-10-17T00:00,0.378,µg/m³,SPEC,N/A
60427,GAGE INSTITUTE,Nitric Acid,2006-11-07T00:00,0.516,µg/m³,SPEC,N/A
60427,GAGE INSTITUTE,Nitric Acid,2006-11-10T00:00,0.196,µg/m³,SPEC,N/A
60427,GAGE INSTITUTE,Nitric Acid,2006-11-13T00:00,0.250,µg/m³,SPEC,N/A
60427,GAGE INSTITUTE,Nitric Acid,2006-11-16T00:00,0.423,µg/m³,SPEC,N/A
60427,GAGE INSTITUTE,Nitric Acid,2006-11-19T00:00,0.577,µg/m³,SPEC,N/A
60427,GAGE INSTITUTE,Nitric Acid,2006-11-22T00:00,0.197,µg/m³,SPEC,N/A
60427,GAGE INSTITUTE,Nitric Acid,2006-11-25T00:00,0.282,µg/m³,SPEC,N/A
60427,GAGE INSTITUTE,Nitric Acid,2006-11-28T00:00,0.177,µg/m³,SPEC,N/A
60427,GAGE INSTITUTE,Nitric Acid,2006-12-01T00:00,0.193,µg/m³,SPEC,N/A
60427,GAGE INSTITUTE,Nitric Acid,2006-12-04T00:00,0.204,µg/m³,SPEC,N/A
60427,GAGE INSTITUTE,Nitric Acid,2006-12-07T00:00,0.314,µg/m³,SPEC,N/A
60427,GAGE INSTITUTE,Nitric Acid,2006-12-10T00:00,0.649,µg/m³,SPEC,N/A
60427,GAGE INSTITUTE,Nitric Acid,2006-12-13T00:00,0.179,µg/m³,SPEC,N/A
60427,GAGE INSTITUTE,Nitric Acid,2006-12-16T00:00,0.063,µg/m³,SPEC,N/A
60427,GAGE INSTITUTE,Nitric Acid,2006-12-19T00:00,0.100,µg/m³,SPEC,N/A
60427,GAGE INSTITUTE,Nitric Acid,2006-12-22T00:00,0.298,µg/m³,SPEC,N/A
60427,GAGE INSTITUTE,Nitric Acid,2006-12-25T00:00,0.138,µg/m³,SPEC,N/A
60427,GAGE INSTITUTE,Nitric Acid,2006-12-28T00:00,0.035,µg/m³,SPEC,N/A
60427,GAGE INSTITUTE,Nitric Acid,2006-12-31T00:00,0.601,µg/m³,SPEC,N/A
