﻿NAPS_Site_ID,Station_Name,Pollutant,Date,Value,Units,Report_Type,Method
101004,ABBOTSFORD AIRPORT,1-Propyne,2009-01-01T00:00,0.049,µg/m³,VOC,
101004,ABBOTSFORD AIRPORT,1-Propyne,2009-01-07T00:00,0.016,µg/m³,VOC,
101004,ABBOTSFORD AIRPORT,1-Propyne,2009-01-13T00:00,0.120,µg/m³,VOC,
101004,ABBOTSFORD AIRPORT,1-Propyne,2009-01-19T00:00,0.114,µg/m³,VOC,
101004,ABBOTSFORD AIRPORT,1-Propyne,2009-01-25T00:00,0.030,µg/m³,VOC,
101004,ABBOTSFORD AIRPORT,1-Propyne,2009-01-31T00:00,0.049,µg/m³,VOC,
101004,ABBOTSFORD AIRPORT,1-Propyne,2009-02-06T00:00,0.206,µg/m³,VOC,
101004,ABBOTSFORD AIRPORT,1-Propyne,2009-02-12T00:00,0.141,µg/m³,VOC,
101004,ABBOTSFORD AIRPORT,1-Propyne,2009-02-18T00:00,0.176,µg/m³,VOC,
101004,ABBOTSFORD AIRPORT,1-Propyne,2009-02-24T00:00,0.038,µg/m³,VOC,
101004,ABBOTSFORD AIRPORT,1-Propyne,2009-03-02T00:00,0.024,µg/m³,VOC,
101004,ABBOTSFORD AIRPORT,1-Propyne,2009-03-08T00:00,0.049,µg/m³,VOC,
101004,ABBOTSFORD AIRPORT,1-Propyne,2009-03-14T00:00,0.028,µg/m³,VOC,
101004,ABBOTSFORD AIRPORT,1-Propyne,2009-03-20T00:00,0.030,µg/m³,VOC,
101004,ABBOTSFORD AIRPORT,1-Propyne,2009-03-26T00:00,0.051,µg/m³,VOC,
101004,ABBOTSFORD AIRPORT,1-Propyne,2009-04-01T00:00,0.026,µg/m³,VOC,
101004,ABBOTSFORD AIRPORT,1-Propyne,2009-04-07T00:00,0.063,µg/m³,VOC,
101004,ABBOTSFORD AIRPORT,1-Propyne,2009-04-13T00:00,0.016,µg/m³,VOC,
101004,ABBOTSFORD AIRPORT,1-Propyne,2009-04-19T00:00,0.066,µg/m³,VOC,
101004,ABBOTSFORD AIRPORT,1-Propyne,2009-04-25T00:00,0.019,µg/m³,VOC,
101004,ABBOTSFORD AIRPORT,1-Propyne,2009-05-01T00:00,0.048,µg/m³,VOC,
101004,ABBOTSFORD AIRPORT,1-Propyne,2009-05-07T00:00,0.011,µg/m³,VOC,
101004,ABBOTSFORD AIRPORT,1-Propyne,2009-05-13T00:00,0.021,µg/m³,VOC,
101004,ABBOTSFORD AIRPORT,1-Propyne,2009-05-19T00:00,0.008,µg/m³,VOC,
101004,ABBOTSFORD AIRPORT,1-Propyne,2009-05-25T00:00,0.026,µg/m³,VOC,
101004,ABBOTSFORD AIRPORT,1-Propyne,2009-05-31T00:00,0.048,µg/m³,VOC,
101004,ABBOTSFORD AIRPORT,1-Propyne,2009-06-06T00:00,0.028,µg/m³,VOC,
101004,ABBOTSFORD AIRPORT,1-Propyne,2009-06-18T00:00,0.017,µg/m³,VOC,
101004,ABBOTSFORD AIRPORT,1-Propyne,2009-06-24T00:00,0.043,µg/m³,VOC,
101004,ABBOTSFORD AIRPORT,1-Propyne,2009-06-30T00:00,0.018,µg/m³,VOC,
101004,ABBOTSFORD AIRPORT,1-Propyne,2009-07-06T00:00,0.016,µg/m³,VOC,
101004,ABBOTSFORD AIRPORT,1-Propyne,2009-07-12T00:00,0.022,µg/m³,VOC,
101004,ABBOTSFORD AIRPORT,1-Propyne,2009-07-18T00:00,0.056,µg/m³,VOC,
101004,ABBOTSFORD AIRPORT,1-Propyne,2009-07-24T00:00,0.025,µg/m³,VOC,
101004,ABBOTSFORD AIRPORT,1-Propyne,2009-07-30T00:00,0.058,µg/m³,VOC,
101004,ABBOTSFORD AIRPORT,1-Propyne,2009-08-05T00:00,0.030,µg/m³,VOC,
101004,ABBOTSFORD AIRPORT,1-Propyne,2009-08-11T00:00,0.019,µg/m³,VOC,
101004,ABBOTSFORD AIRPORT,1-Propyne,2009-08-17T00:00,0.045,µg/m³,VOC,
101004,ABBOTSFORD AIRPORT,1-Propyne,2009-08-23T00:00,0.025,µg/m³,VOC,
101004,ABBOTSFORD AIRPORT,1-Propyne,2009-08-29T00:00,0.021,µg/m³,VOC,
101004,ABBOTSFORD AIRPORT,1-Propyne,2009-09-04T00:00,0.034,µg/m³,VOC,
101004,ABBOTSFORD AIRPORT,1-Propyne,2009-09-10T00:00,0.053,µg/m³,VOC,
101004,ABBOTSFORD AIRPORT,1-Propyne,2009-09-16T00:00,0.047,µg/m³,VOC,
101004,ABBOTSFORD AIRPORT,1-Propyne,2009-09-22T00:00,0.065,µg/m³,VOC,
101004,ABBOTSFORD AIRPORT,1-Propyne,2009-09-28T00:00,0.051,µg/m³,VOC,
101004,ABBOTSFORD AIRPORT,1-Propyne,2009-10-04T00:00,0.018,µg/m³,VOC,
101004,ABBOTSFORD AIRPORT,1-Propyne,2009-10-10T00:00,0.021,µg/m³,VOC,
101004,ABBOTSFORD AIRPORT,1-Propyne,2009-10-16T00:00,0.048,µg/m³,VOC,
101004,ABBOTSFORD AIRPORT,1-Propyne,2009-10-22T00:00,0.105,µg/m³,VOC,
101004,ABBOTSFORD AIRPORT,1-Propyne,2009-10-28T00:00,0.142,µg/m³,VOC,
101004,ABBOTSFORD AIRPORT,1-Propyne,2009-11-03T00:00,0.074,µg/m³,VOC,
101004,ABBOTSFORD AIRPORT,1-Propyne,2009-11-09T00:00,0.035,µg/m³,VOC,
101004,ABBOTSFORD AIRPORT,1-Propyne,2009-11-15T00:00,0.068,µg/m³,VOC,
101004,ABBOTSFORD AIRPORT,1-Propyne,2009-11-21T00:00,0.029,µg/m³,VOC,
101004,ABBOTSFORD AIRPORT,1-Propyne,2009-11-27T00:00,0.096,µg/m³,VOC,
101004,ABBOTSFORD AIRPORT,1-Propyne,2009-12-03T00:00,0.170,µg/m³,VOC,
101004,ABBOTSFORD AIRPORT,1-Propyne,2009-12-09T00:00,0.116,µg/m³,VOC,
101004,ABBOTSFORD AIRPORT,1-Propyne,2009-12-15T00:00,0.055,µg/m³,VOC,
101004,ABBOTSFORD AIRPORT,1-Propyne,2009-12-21T00:00,0.041,µg/m³,VOC,
101004,ABBOTSFORD AIRPORT,1-Propyne,2009-12-27T00:00,0.095,µg/m³,VOC,
