﻿NAPS_Site_ID,Station_Name,Pollutant,Date,Value,Units,Report_Type,Method
40203,FOREST HILLS,1-Butene/Isobutene,2023-01-06T00:00,0.072,µg/m³,VOC,GC-MS
40203,FOREST HILLS,1-Butene/Isobutene,2023-01-12T00:00,0.162,µg/m³,VOC,GC-MS
40203,FOREST HILLS,1-Butene/Isobutene,2023-01-18T00:00,0.052,µg/m³,VOC,GC-MS
40203,FOREST HILLS,1-Butene/Isobutene,2023-01-30T00:00,0.054,µg/m³,VOC,GC-MS
40203,FOREST HILLS,1-Butene/Isobutene,2023-02-05T00:00,0.162,µg/m³,VOC,GC-MS
40203,FOREST HILLS,1-Butene/Isobutene,2023-02-11T00:00,0.036,µg/m³,VOC,GC-MS
40203,FOREST HILLS,1-Butene/Isobutene,2023-02-17T00:00,0.060,µg/m³,VOC,GC-MS
40203,FOREST HILLS,1-Butene/Isobutene,2023-02-23T00:00,0.028,µg/m³,VOC,GC-MS
40203,FOREST HILLS,1-Butene/Isobutene,2023-03-01T00:00,0.080,µg/m³,VOC,GC-MS
40203,FOREST HILLS,1-Butene/Isobutene,2023-03-07T00:00,0.046,µg/m³,VOC,GC-MS
40203,FOREST HILLS,1-Butene/Isobutene,2023-03-13T00:00,0.168,µg/m³,VOC,GC-MS
40203,FOREST HILLS,1-Butene/Isobutene,2023-03-19T00:00,0.032,µg/m³,VOC,GC-MS
40203,FOREST HILLS,1-Butene/Isobutene,2023-03-25T00:00,0.038,µg/m³,VOC,GC-MS
40203,FOREST HILLS,1-Butene/Isobutene,2023-03-31T00:00,0.054,µg/m³,VOC,GC-MS
40203,FOREST HILLS,1-Butene/Isobutene,2023-04-06T00:00,0.048,µg/m³,VOC,GC-MS
40203,FOREST HILLS,1-Butene/Isobutene,2023-04-12T00:00,0.066,µg/m³,VOC,GC-MS
40203,FOREST HILLS,1-Butene/Isobutene,2023-04-18T00:00,0.144,µg/m³,VOC,GC-MS
40203,FOREST HILLS,1-Butene/Isobutene,2023-04-24T00:00,0.024,µg/m³,VOC,GC-MS
40203,FOREST HILLS,1-Butene/Isobutene,2023-04-30T00:00,0.086,µg/m³,VOC,GC-MS
40203,FOREST HILLS,1-Butene/Isobutene,2023-05-06T00:00,0.386,µg/m³,VOC,GC-MS
40203,FOREST HILLS,1-Butene/Isobutene,2023-05-12T00:00,1.094,µg/m³,VOC,GC-MS
40203,FOREST HILLS,1-Butene/Isobutene,2023-05-18T00:00,0.100,µg/m³,VOC,GC-MS
40203,FOREST HILLS,1-Butene/Isobutene,2023-05-24T00:00,0.594,µg/m³,VOC,GC-MS
40203,FOREST HILLS,1-Butene/Isobutene,2023-05-30T00:00,0.230,µg/m³,VOC,GC-MS
40203,FOREST HILLS,1-Butene/Isobutene,2023-06-05T00:00,0.040,µg/m³,VOC,GC-MS
40203,FOREST HILLS,1-Butene/Isobutene,2023-06-11T00:00,0.256,µg/m³,VOC,GC-MS
40203,FOREST HILLS,1-Butene/Isobutene,2023-06-17T00:00,0.060,µg/m³,VOC,GC-MS
40203,FOREST HILLS,1-Butene/Isobutene,2023-06-23T00:00,0.278,µg/m³,VOC,GC-MS
40203,FOREST HILLS,1-Butene/Isobutene,2023-06-29T00:00,0.268,µg/m³,VOC,GC-MS
40203,FOREST HILLS,1-Butene/Isobutene,2023-07-29T00:00,0.210,µg/m³,VOC,GC-MS
40203,FOREST HILLS,1-Butene/Isobutene,2023-09-27T00:00,0.178,µg/m³,VOC,GC-MS
40203,FOREST HILLS,1-Butene/Isobutene,2023-10-03T00:00,1.344,µg/m³,VOC,GC-MS
40203,FOREST HILLS,1-Butene/Isobutene,2023-10-21T00:00,0.038,µg/m³,VOC,GC-MS
40203,FOREST HILLS,1-Butene/Isobutene,2023-10-27T00:00,0.480,µg/m³,VOC,GC-MS
40203,FOREST HILLS,1-Butene/Isobutene,2023-11-02T00:00,0.054,µg/m³,VOC,GC-MS
40203,FOREST HILLS,1-Butene/Isobutene,2023-11-08T00:00,0.040,µg/m³,VOC,GC-MS
40203,FOREST HILLS,1-Butene/Isobutene,2023-11-14T00:00,0.070,µg/m³,VOC,GC-MS
40203,FOREST HILLS,1-Butene/Isobutene,2023-12-02T00:00,0.164,µg/m³,VOC,GC-MS
40203,FOREST HILLS,1-Butene/Isobutene,2023-12-08T00:00,0.078,µg/m³,VOC,GC-MS
40203,FOREST HILLS,1-Butene/Isobutene,2023-12-14T00:00,0.054,µg/m³,VOC,GC-MS
40203,FOREST HILLS,1-Butene/Isobutene,2023-12-20T00:00,0.054,µg/m³,VOC,GC-MS
