﻿NAPS_Site_ID,Station_Name,Pollutant,Date,Value,Units,Report_Type,Method
90121,EDMONTON EAST,Propylene,1992-01-13T00:00,1.024,µg/m³,VOC,N/A
90121,EDMONTON EAST,Propylene,1992-01-19T00:00,1.535,µg/m³,VOC,N/A
90121,EDMONTON EAST,Propylene,1992-01-25T00:00,0.611,µg/m³,VOC,N/A
90121,EDMONTON EAST,Propylene,1992-01-31T00:00,1.956,µg/m³,VOC,N/A
90121,EDMONTON EAST,Propylene,1992-02-06T00:00,3.913,µg/m³,VOC,N/A
90121,EDMONTON EAST,Propylene,1992-02-12T00:00,1.757,µg/m³,VOC,N/A
90121,EDMONTON EAST,Propylene,1992-02-18T00:00,0.367,µg/m³,VOC,N/A
90121,EDMONTON EAST,Propylene,1992-02-24T00:00,3.128,µg/m³,VOC,N/A
90121,EDMONTON EAST,Propylene,1992-03-01T00:00,0.656,µg/m³,VOC,N/A
90121,EDMONTON EAST,Propylene,1992-03-07T00:00,0.596,µg/m³,VOC,N/A
90121,EDMONTON EAST,Propylene,1992-03-13T00:00,1.524,µg/m³,VOC,N/A
90121,EDMONTON EAST,Propylene,1992-03-19T00:00,1.327,µg/m³,VOC,N/A
90121,EDMONTON EAST,Propylene,1992-03-25T00:00,0.890,µg/m³,VOC,N/A
90121,EDMONTON EAST,Propylene,1992-03-31T00:00,0.668,µg/m³,VOC,N/A
90121,EDMONTON EAST,Propylene,1992-04-06T00:00,0.827,µg/m³,VOC,N/A
90121,EDMONTON EAST,Propylene,1992-04-12T00:00,0.716,µg/m³,VOC,N/A
90121,EDMONTON EAST,Propylene,1992-04-18T00:00,0.255,µg/m³,VOC,N/A
90121,EDMONTON EAST,Propylene,1992-04-24T00:00,0.367,µg/m³,VOC,N/A
90121,EDMONTON EAST,Propylene,1992-04-30T00:00,1.272,µg/m³,VOC,N/A
90121,EDMONTON EAST,Propylene,1992-05-06T00:00,0.680,µg/m³,VOC,N/A
90121,EDMONTON EAST,Propylene,1992-05-12T00:00,1.083,µg/m³,VOC,N/A
90121,EDMONTON EAST,Propylene,1992-05-18T00:00,0.724,µg/m³,VOC,N/A
90121,EDMONTON EAST,Propylene,1992-05-24T00:00,0.564,µg/m³,VOC,N/A
90121,EDMONTON EAST,Propylene,1992-05-30T00:00,0.759,µg/m³,VOC,N/A
90121,EDMONTON EAST,Propylene,1992-06-05T00:00,0.953,µg/m³,VOC,N/A
90121,EDMONTON EAST,Propylene,1992-06-11T00:00,10.379,µg/m³,VOC,N/A
90121,EDMONTON EAST,Propylene,1992-06-17T00:00,0.634,µg/m³,VOC,N/A
90121,EDMONTON EAST,Propylene,1992-06-23T00:00,1.196,µg/m³,VOC,N/A
90121,EDMONTON EAST,Propylene,1992-07-17T00:00,0.567,µg/m³,VOC,N/A
90121,EDMONTON EAST,Propylene,1992-07-23T00:00,0.453,µg/m³,VOC,N/A
90121,EDMONTON EAST,Propylene,1992-07-29T00:00,0.654,µg/m³,VOC,N/A
90121,EDMONTON EAST,Propylene,1992-08-04T00:00,1.034,µg/m³,VOC,N/A
90121,EDMONTON EAST,Propylene,1992-08-10T00:00,1.171,µg/m³,VOC,N/A
90121,EDMONTON EAST,Propylene,1992-08-22T00:00,0.317,µg/m³,VOC,N/A
90121,EDMONTON EAST,Propylene,1992-08-28T00:00,0.566,µg/m³,VOC,N/A
90121,EDMONTON EAST,Propylene,1992-09-09T00:00,0.542,µg/m³,VOC,N/A
90121,EDMONTON EAST,Propylene,1992-09-27T00:00,1.367,µg/m³,VOC,N/A
90121,EDMONTON EAST,Propylene,1992-10-03T00:00,0.290,µg/m³,VOC,N/A
90121,EDMONTON EAST,Propylene,1992-10-09T00:00,0.683,µg/m³,VOC,N/A
90121,EDMONTON EAST,Propylene,1992-10-15T00:00,0.742,µg/m³,VOC,N/A
90121,EDMONTON EAST,Propylene,1992-10-27T00:00,5.813,µg/m³,VOC,N/A
90121,EDMONTON EAST,Propylene,1992-11-08T00:00,3.876,µg/m³,VOC,N/A
90121,EDMONTON EAST,Propylene,1992-11-14T00:00,2.692,µg/m³,VOC,N/A
90121,EDMONTON EAST,Propylene,1992-11-20T00:00,2.514,µg/m³,VOC,N/A
90121,EDMONTON EAST,Propylene,1992-11-26T00:00,2.734,µg/m³,VOC,N/A
90121,EDMONTON EAST,Propylene,1992-12-02T00:00,0.575,µg/m³,VOC,N/A
90121,EDMONTON EAST,Propylene,1992-12-08T00:00,10.574,µg/m³,VOC,N/A
90121,EDMONTON EAST,Propylene,1992-12-20T00:00,0.186,µg/m³,VOC,N/A
90121,EDMONTON EAST,Propylene,1992-12-26T00:00,0.600,µg/m³,VOC,N/A
