﻿NAPS_Site_ID,Station_Name,Pollutant,Date,Value,Units,Report_Type,Method
20401,SOUTHAMPTON-Eastern District Agriculture And Forestry,Chloride,2018-01-08T00:00,0.011,µg/m³,PM2.5,IC
20401,SOUTHAMPTON-Eastern District Agriculture And Forestry,Chloride,2018-01-14T00:00,0.350,µg/m³,PM2.5,IC
20401,SOUTHAMPTON-Eastern District Agriculture And Forestry,Chloride,2018-01-20T00:00,0.006,µg/m³,PM2.5,IC
20401,SOUTHAMPTON-Eastern District Agriculture And Forestry,Chloride,2018-01-26T00:00,0.030,µg/m³,PM2.5,IC
20401,SOUTHAMPTON-Eastern District Agriculture And Forestry,Chloride,2018-02-01T00:00,0.071,µg/m³,PM2.5,IC
20401,SOUTHAMPTON-Eastern District Agriculture And Forestry,Chloride,2018-02-07T00:00,0.002,µg/m³,PM2.5,IC
20401,SOUTHAMPTON-Eastern District Agriculture And Forestry,Chloride,2018-02-13T00:00,1.507,µg/m³,PM2.5,IC
20401,SOUTHAMPTON-Eastern District Agriculture And Forestry,Chloride,2018-02-19T00:00,0.006,µg/m³,PM2.5,IC
20401,SOUTHAMPTON-Eastern District Agriculture And Forestry,Chloride,2018-02-25T00:00,0.051,µg/m³,PM2.5,IC
20401,SOUTHAMPTON-Eastern District Agriculture And Forestry,Chloride,2018-03-03T00:00,1.145,µg/m³,PM2.5,IC
20401,SOUTHAMPTON-Eastern District Agriculture And Forestry,Chloride,2018-03-09T00:00,0.474,µg/m³,PM2.5,IC
20401,SOUTHAMPTON-Eastern District Agriculture And Forestry,Chloride,2018-03-15T00:00,0.414,µg/m³,PM2.5,IC
20401,SOUTHAMPTON-Eastern District Agriculture And Forestry,Chloride,2018-03-21T00:00,0.343,µg/m³,PM2.5,IC
20401,SOUTHAMPTON-Eastern District Agriculture And Forestry,Chloride,2018-03-27T00:00,0.276,µg/m³,PM2.5,IC
20401,SOUTHAMPTON-Eastern District Agriculture And Forestry,Chloride,2018-04-02T00:00,0.049,µg/m³,PM2.5,IC
20401,SOUTHAMPTON-Eastern District Agriculture And Forestry,Chloride,2018-04-08T00:00,0.006,µg/m³,PM2.5,IC
20401,SOUTHAMPTON-Eastern District Agriculture And Forestry,Chloride,2018-04-14T00:00,0.349,µg/m³,PM2.5,IC
20401,SOUTHAMPTON-Eastern District Agriculture And Forestry,Chloride,2018-04-20T00:00,0.483,µg/m³,PM2.5,IC
20401,SOUTHAMPTON-Eastern District Agriculture And Forestry,Chloride,2018-05-08T00:00,0.087,µg/m³,PM2.5,IC
20401,SOUTHAMPTON-Eastern District Agriculture And Forestry,Chloride,2018-05-14T00:00,0.024,µg/m³,PM2.5,IC
20401,SOUTHAMPTON-Eastern District Agriculture And Forestry,Chloride,2018-05-20T00:00,0.026,µg/m³,PM2.5,IC
20401,SOUTHAMPTON-Eastern District Agriculture And Forestry,Chloride,2018-05-26T00:00,0.045,µg/m³,PM2.5,IC
20401,SOUTHAMPTON-Eastern District Agriculture And Forestry,Chloride,2018-06-01T00:00,0.013,µg/m³,PM2.5,IC
20401,SOUTHAMPTON-Eastern District Agriculture And Forestry,Chloride,2018-06-07T00:00,0.007,µg/m³,PM2.5,IC
20401,SOUTHAMPTON-Eastern District Agriculture And Forestry,Chloride,2018-06-13T00:00,0.769,µg/m³,PM2.5,IC
20401,SOUTHAMPTON-Eastern District Agriculture And Forestry,Chloride,2018-06-19T00:00,0.106,µg/m³,PM2.5,IC
20401,SOUTHAMPTON-Eastern District Agriculture And Forestry,Chloride,2018-07-07T00:00,0.295,µg/m³,PM2.5,IC
20401,SOUTHAMPTON-Eastern District Agriculture And Forestry,Chloride,2018-07-13T00:00,0.007,µg/m³,PM2.5,IC
20401,SOUTHAMPTON-Eastern District Agriculture And Forestry,Chloride,2018-07-19T00:00,0.019,µg/m³,PM2.5,IC
20401,SOUTHAMPTON-Eastern District Agriculture And Forestry,Chloride,2018-07-25T00:00,0.358,µg/m³,PM2.5,IC
20401,SOUTHAMPTON-Eastern District Agriculture And Forestry,Chloride,2018-07-31T00:00,0.013,µg/m³,PM2.5,IC
20401,SOUTHAMPTON-Eastern District Agriculture And Forestry,Chloride,2018-08-06T00:00,0.011,µg/m³,PM2.5,IC
20401,SOUTHAMPTON-Eastern District Agriculture And Forestry,Chloride,2018-08-18T00:00,0.007,µg/m³,PM2.5,IC
20401,SOUTHAMPTON-Eastern District Agriculture And Forestry,Chloride,2018-08-24T00:00,0.009,µg/m³,PM2.5,IC
20401,SOUTHAMPTON-Eastern District Agriculture And Forestry,Chloride,2018-08-30T00:00,0.074,µg/m³,PM2.5,IC
20401,SOUTHAMPTON-Eastern District Agriculture And Forestry,Chloride,2018-09-05T00:00,0.008,µg/m³,PM2.5,IC
20401,SOUTHAMPTON-Eastern District Agriculture And Forestry,Chloride,2018-10-11T00:00,0.184,µg/m³,PM2.5,IC
20401,SOUTHAMPTON-Eastern District Agriculture And Forestry,Chloride,2018-10-17T00:00,0.058,µg/m³,PM2.5,IC
20401,SOUTHAMPTON-Eastern District Agriculture And Forestry,Chloride,2018-10-23T00:00,0.020,µg/m³,PM2.5,IC
20401,SOUTHAMPTON-Eastern District Agriculture And Forestry,Chloride,2018-10-29T00:00,0.067,µg/m³,PM2.5,IC
20401,SOUTHAMPTON-Eastern District Agriculture And Forestry,Chloride,2018-11-04T00:00,0.484,µg/m³,PM2.5,IC
20401,SOUTHAMPTON-Eastern District Agriculture And Forestry,Chloride,2018-11-10T00:00,0.401,µg/m³,PM2.5,IC
20401,SOUTHAMPTON-Eastern District Agriculture And Forestry,Chloride,2018-11-16T00:00,0.203,µg/m³,PM2.5,IC
20401,SOUTHAMPTON-Eastern District Agriculture And Forestry,Chloride,2018-11-22T00:00,0.172,µg/m³,PM2.5,IC
20401,SOUTHAMPTON-Eastern District Agriculture And Forestry,Chloride,2018-11-28T00:00,0.501,µg/m³,PM2.5,IC
20401,SOUTHAMPTON-Eastern District Agriculture And Forestry,Chloride,2018-12-10T00:00,0.045,µg/m³,PM2.5,IC
