﻿NAPS_Site_ID,Station_Name,Pollutant,Date,Value,Units,Report_Type,Method
60413,CENTENNIAL PARK _ETOBICOKE WEST_,Ethylene,2001-01-01T00:00,4.022,µg/m³,VOC,N/A
60413,CENTENNIAL PARK _ETOBICOKE WEST_,Ethylene,2001-01-07T00:00,4.001,µg/m³,VOC,N/A
60413,CENTENNIAL PARK _ETOBICOKE WEST_,Ethylene,2001-01-13T00:00,6.870,µg/m³,VOC,N/A
60413,CENTENNIAL PARK _ETOBICOKE WEST_,Ethylene,2001-01-19T00:00,3.361,µg/m³,VOC,N/A
60413,CENTENNIAL PARK _ETOBICOKE WEST_,Ethylene,2001-01-25T00:00,1.130,µg/m³,VOC,N/A
60413,CENTENNIAL PARK _ETOBICOKE WEST_,Ethylene,2001-01-31T00:00,2.941,µg/m³,VOC,N/A
60413,CENTENNIAL PARK _ETOBICOKE WEST_,Ethylene,2001-02-06T00:00,1.651,µg/m³,VOC,N/A
60413,CENTENNIAL PARK _ETOBICOKE WEST_,Ethylene,2001-02-12T00:00,2.294,µg/m³,VOC,N/A
60413,CENTENNIAL PARK _ETOBICOKE WEST_,Ethylene,2001-02-18T00:00,0.858,µg/m³,VOC,N/A
60413,CENTENNIAL PARK _ETOBICOKE WEST_,Ethylene,2001-02-24T00:00,4.054,µg/m³,VOC,N/A
60413,CENTENNIAL PARK _ETOBICOKE WEST_,Ethylene,2001-03-02T00:00,2.327,µg/m³,VOC,N/A
60413,CENTENNIAL PARK _ETOBICOKE WEST_,Ethylene,2001-03-08T00:00,1.714,µg/m³,VOC,N/A
60413,CENTENNIAL PARK _ETOBICOKE WEST_,Ethylene,2001-03-14T00:00,0.635,µg/m³,VOC,N/A
60413,CENTENNIAL PARK _ETOBICOKE WEST_,Ethylene,2001-03-20T00:00,6.406,µg/m³,VOC,N/A
60413,CENTENNIAL PARK _ETOBICOKE WEST_,Ethylene,2001-03-26T00:00,1.500,µg/m³,VOC,N/A
60413,CENTENNIAL PARK _ETOBICOKE WEST_,Ethylene,2001-04-01T00:00,1.285,µg/m³,VOC,N/A
60413,CENTENNIAL PARK _ETOBICOKE WEST_,Ethylene,2001-04-07T00:00,1.614,µg/m³,VOC,N/A
60413,CENTENNIAL PARK _ETOBICOKE WEST_,Ethylene,2001-04-13T00:00,0.474,µg/m³,VOC,N/A
60413,CENTENNIAL PARK _ETOBICOKE WEST_,Ethylene,2001-04-19T00:00,2.210,µg/m³,VOC,N/A
60413,CENTENNIAL PARK _ETOBICOKE WEST_,Ethylene,2001-04-25T00:00,1.769,µg/m³,VOC,N/A
60413,CENTENNIAL PARK _ETOBICOKE WEST_,Ethylene,2001-05-01T00:00,4.144,µg/m³,VOC,N/A
60413,CENTENNIAL PARK _ETOBICOKE WEST_,Ethylene,2001-05-07T00:00,1.449,µg/m³,VOC,N/A
60413,CENTENNIAL PARK _ETOBICOKE WEST_,Ethylene,2001-05-13T00:00,1.084,µg/m³,VOC,N/A
60413,CENTENNIAL PARK _ETOBICOKE WEST_,Ethylene,2001-08-05T00:00,3.707,µg/m³,VOC,N/A
60413,CENTENNIAL PARK _ETOBICOKE WEST_,Ethylene,2001-08-11T00:00,1.671,µg/m³,VOC,N/A
60413,CENTENNIAL PARK _ETOBICOKE WEST_,Ethylene,2001-08-17T00:00,0.875,µg/m³,VOC,N/A
60413,CENTENNIAL PARK _ETOBICOKE WEST_,Ethylene,2001-08-23T00:00,2.532,µg/m³,VOC,N/A
60413,CENTENNIAL PARK _ETOBICOKE WEST_,Ethylene,2001-09-04T00:00,0.909,µg/m³,VOC,N/A
60413,CENTENNIAL PARK _ETOBICOKE WEST_,Ethylene,2001-09-10T00:00,0.653,µg/m³,VOC,N/A
60413,CENTENNIAL PARK _ETOBICOKE WEST_,Ethylene,2001-09-16T00:00,1.662,µg/m³,VOC,N/A
60413,CENTENNIAL PARK _ETOBICOKE WEST_,Ethylene,2001-09-22T00:00,2.188,µg/m³,VOC,N/A
60413,CENTENNIAL PARK _ETOBICOKE WEST_,Ethylene,2001-09-28T00:00,2.086,µg/m³,VOC,N/A
60413,CENTENNIAL PARK _ETOBICOKE WEST_,Ethylene,2001-10-04T00:00,1.218,µg/m³,VOC,N/A
60413,CENTENNIAL PARK _ETOBICOKE WEST_,Ethylene,2001-10-16T00:00,2.196,µg/m³,VOC,N/A
60413,CENTENNIAL PARK _ETOBICOKE WEST_,Ethylene,2001-10-22T00:00,5.785,µg/m³,VOC,N/A
60413,CENTENNIAL PARK _ETOBICOKE WEST_,Ethylene,2001-10-28T00:00,1.242,µg/m³,VOC,N/A
60413,CENTENNIAL PARK _ETOBICOKE WEST_,Ethylene,2001-11-03T00:00,2.020,µg/m³,VOC,N/A
60413,CENTENNIAL PARK _ETOBICOKE WEST_,Ethylene,2001-11-09T00:00,1.132,µg/m³,VOC,N/A
60413,CENTENNIAL PARK _ETOBICOKE WEST_,Ethylene,2001-11-15T00:00,2.515,µg/m³,VOC,N/A
60413,CENTENNIAL PARK _ETOBICOKE WEST_,Ethylene,2001-11-21T00:00,1.843,µg/m³,VOC,N/A
60413,CENTENNIAL PARK _ETOBICOKE WEST_,Ethylene,2001-11-27T00:00,2.573,µg/m³,VOC,N/A
60413,CENTENNIAL PARK _ETOBICOKE WEST_,Ethylene,2001-12-03T00:00,3.682,µg/m³,VOC,N/A
60413,CENTENNIAL PARK _ETOBICOKE WEST_,Ethylene,2001-12-09T00:00,1.951,µg/m³,VOC,N/A
60413,CENTENNIAL PARK _ETOBICOKE WEST_,Ethylene,2001-12-15T00:00,2.841,µg/m³,VOC,N/A
60413,CENTENNIAL PARK _ETOBICOKE WEST_,Ethylene,2001-12-21T00:00,2.179,µg/m³,VOC,N/A
60413,CENTENNIAL PARK _ETOBICOKE WEST_,Ethylene,2001-12-27T00:00,1.619,µg/m³,VOC,N/A
