﻿NAPS_Site_ID,Station_Name,Pollutant,Date,Value,Units,Report_Type,Method
100133,BURMOUNT,Methylcyclohexane,1993-01-07T00:00,1.300,µg/m³,VOC,
100133,BURMOUNT,Methylcyclohexane,1993-01-13T00:00,2.507,µg/m³,VOC,
100133,BURMOUNT,Methylcyclohexane,1993-01-19T00:00,0.217,µg/m³,VOC,
100133,BURMOUNT,Methylcyclohexane,1993-01-25T00:00,0.721,µg/m³,VOC,
100133,BURMOUNT,Methylcyclohexane,1993-01-31T00:00,1.344,µg/m³,VOC,
100133,BURMOUNT,Methylcyclohexane,1993-02-06T00:00,0.514,µg/m³,VOC,
100133,BURMOUNT,Methylcyclohexane,1993-02-12T00:00,1.803,µg/m³,VOC,
100133,BURMOUNT,Methylcyclohexane,1993-02-18T00:00,0.880,µg/m³,VOC,
100133,BURMOUNT,Methylcyclohexane,1993-02-24T00:00,1.059,µg/m³,VOC,
100133,BURMOUNT,Methylcyclohexane,1993-03-02T00:00,0.518,µg/m³,VOC,
100133,BURMOUNT,Methylcyclohexane,1993-03-14T00:00,0.635,µg/m³,VOC,
100133,BURMOUNT,Methylcyclohexane,1993-03-20T00:00,0.260,µg/m³,VOC,
100133,BURMOUNT,Methylcyclohexane,1993-03-26T00:00,0.871,µg/m³,VOC,
100133,BURMOUNT,Methylcyclohexane,1993-04-01T00:00,0.524,µg/m³,VOC,
100133,BURMOUNT,Methylcyclohexane,1993-04-07T00:00,0.434,µg/m³,VOC,
100133,BURMOUNT,Methylcyclohexane,1993-04-13T00:00,0.892,µg/m³,VOC,
100133,BURMOUNT,Methylcyclohexane,1993-05-13T00:00,0.584,µg/m³,VOC,
100133,BURMOUNT,Methylcyclohexane,1993-06-06T00:00,0.278,µg/m³,VOC,
100133,BURMOUNT,Methylcyclohexane,1993-09-04T00:00,0.479,µg/m³,VOC,
100133,BURMOUNT,Methylcyclohexane,1993-09-10T00:00,1.066,µg/m³,VOC,
100133,BURMOUNT,Methylcyclohexane,1993-09-22T00:00,0.796,µg/m³,VOC,
100133,BURMOUNT,Methylcyclohexane,1993-10-04T00:00,1.184,µg/m³,VOC,
100133,BURMOUNT,Methylcyclohexane,1993-10-16T00:00,0.736,µg/m³,VOC,
100133,BURMOUNT,Methylcyclohexane,1993-10-22T00:00,0.172,µg/m³,VOC,
100133,BURMOUNT,Methylcyclohexane,1993-10-28T00:00,3.286,µg/m³,VOC,
100133,BURMOUNT,Methylcyclohexane,1993-11-09T00:00,1.308,µg/m³,VOC,
100133,BURMOUNT,Methylcyclohexane,1993-11-21T00:00,0.190,µg/m³,VOC,
100133,BURMOUNT,Methylcyclohexane,1993-12-03T00:00,0.283,µg/m³,VOC,
100133,BURMOUNT,Methylcyclohexane,1993-12-27T00:00,1.612,µg/m³,VOC,
