﻿NAPS_Site_ID,Station_Name,Pollutant,Date,Value,Units,Report_Type,Method
62601,EXPERIMENTAL FARM _SIMCOE_,Indane,1994-06-18T00:00,0.043,µg/m³,VOC,N/A
62601,EXPERIMENTAL FARM _SIMCOE_,Indane,1994-06-19T00:00,0.000,µg/m³,VOC,N/A
62601,EXPERIMENTAL FARM _SIMCOE_,Indane,1994-06-19T00:00,0.000,µg/m³,VOC,N/A
62601,EXPERIMENTAL FARM _SIMCOE_,Indane,1994-06-19T00:00,0.015,µg/m³,VOC,N/A
62601,EXPERIMENTAL FARM _SIMCOE_,Indane,1994-06-19T00:00,0.025,µg/m³,VOC,N/A
62601,EXPERIMENTAL FARM _SIMCOE_,Indane,1994-06-20T00:00,0.000,µg/m³,VOC,N/A
62601,EXPERIMENTAL FARM _SIMCOE_,Indane,1994-06-20T00:00,0.000,µg/m³,VOC,N/A
62601,EXPERIMENTAL FARM _SIMCOE_,Indane,1994-06-20T00:00,0.018,µg/m³,VOC,N/A
62601,EXPERIMENTAL FARM _SIMCOE_,Indane,1994-06-23T00:00,0.000,µg/m³,VOC,N/A
62601,EXPERIMENTAL FARM _SIMCOE_,Indane,1994-06-24T00:00,0.015,µg/m³,VOC,N/A
62601,EXPERIMENTAL FARM _SIMCOE_,Indane,1994-06-24T00:00,0.018,µg/m³,VOC,N/A
62601,EXPERIMENTAL FARM _SIMCOE_,Indane,1994-06-24T00:00,0.021,µg/m³,VOC,N/A
62601,EXPERIMENTAL FARM _SIMCOE_,Indane,1994-06-24T00:00,0.021,µg/m³,VOC,N/A
62601,EXPERIMENTAL FARM _SIMCOE_,Indane,1994-06-24T00:00,0.048,µg/m³,VOC,N/A
62601,EXPERIMENTAL FARM _SIMCOE_,Indane,1994-06-25T00:00,0.010,µg/m³,VOC,N/A
62601,EXPERIMENTAL FARM _SIMCOE_,Indane,1994-06-25T00:00,0.012,µg/m³,VOC,N/A
62601,EXPERIMENTAL FARM _SIMCOE_,Indane,1994-06-25T00:00,0.030,µg/m³,VOC,N/A
62601,EXPERIMENTAL FARM _SIMCOE_,Indane,1994-06-25T00:00,0.031,µg/m³,VOC,N/A
62601,EXPERIMENTAL FARM _SIMCOE_,Indane,1994-06-26T00:00,0.026,µg/m³,VOC,N/A
62601,EXPERIMENTAL FARM _SIMCOE_,Indane,1994-06-27T00:00,0.023,µg/m³,VOC,N/A
62601,EXPERIMENTAL FARM _SIMCOE_,Indane,1994-06-27T00:00,0.033,µg/m³,VOC,N/A
62601,EXPERIMENTAL FARM _SIMCOE_,Indane,1994-06-27T00:00,0.066,µg/m³,VOC,N/A
62601,EXPERIMENTAL FARM _SIMCOE_,Indane,1994-06-27T00:00,0.094,µg/m³,VOC,N/A
62601,EXPERIMENTAL FARM _SIMCOE_,Indane,1994-06-28T00:00,0.008,µg/m³,VOC,N/A
62601,EXPERIMENTAL FARM _SIMCOE_,Indane,1994-06-28T00:00,0.010,µg/m³,VOC,N/A
62601,EXPERIMENTAL FARM _SIMCOE_,Indane,1994-06-28T00:00,0.024,µg/m³,VOC,N/A
62601,EXPERIMENTAL FARM _SIMCOE_,Indane,1994-06-28T00:00,0.033,µg/m³,VOC,N/A
62601,EXPERIMENTAL FARM _SIMCOE_,Indane,1994-06-30T00:00,0.046,µg/m³,VOC,N/A
62601,EXPERIMENTAL FARM _SIMCOE_,Indane,1994-07-01T00:00,0.009,µg/m³,VOC,N/A
62601,EXPERIMENTAL FARM _SIMCOE_,Indane,1994-07-01T00:00,0.010,µg/m³,VOC,N/A
62601,EXPERIMENTAL FARM _SIMCOE_,Indane,1994-07-01T00:00,0.010,µg/m³,VOC,N/A
62601,EXPERIMENTAL FARM _SIMCOE_,Indane,1994-07-01T00:00,0.022,µg/m³,VOC,N/A
62601,EXPERIMENTAL FARM _SIMCOE_,Indane,1994-07-01T00:00,0.088,µg/m³,VOC,N/A
62601,EXPERIMENTAL FARM _SIMCOE_,Indane,1994-07-02T00:00,0.006,µg/m³,VOC,N/A
62601,EXPERIMENTAL FARM _SIMCOE_,Indane,1994-07-02T00:00,0.008,µg/m³,VOC,N/A
62601,EXPERIMENTAL FARM _SIMCOE_,Indane,1994-07-02T00:00,0.013,µg/m³,VOC,N/A
62601,EXPERIMENTAL FARM _SIMCOE_,Indane,1994-07-02T00:00,0.013,µg/m³,VOC,N/A
62601,EXPERIMENTAL FARM _SIMCOE_,Indane,1994-07-06T00:00,0.017,µg/m³,VOC,N/A
62601,EXPERIMENTAL FARM _SIMCOE_,Indane,1994-07-06T00:00,0.018,µg/m³,VOC,N/A
62601,EXPERIMENTAL FARM _SIMCOE_,Indane,1994-07-06T00:00,0.019,µg/m³,VOC,N/A
62601,EXPERIMENTAL FARM _SIMCOE_,Indane,1994-07-06T00:00,0.029,µg/m³,VOC,N/A
62601,EXPERIMENTAL FARM _SIMCOE_,Indane,1994-07-06T00:00,0.037,µg/m³,VOC,N/A
62601,EXPERIMENTAL FARM _SIMCOE_,Indane,1994-07-07T00:00,0.006,µg/m³,VOC,N/A
62601,EXPERIMENTAL FARM _SIMCOE_,Indane,1994-07-07T00:00,0.006,µg/m³,VOC,N/A
62601,EXPERIMENTAL FARM _SIMCOE_,Indane,1994-07-07T00:00,0.008,µg/m³,VOC,N/A
62601,EXPERIMENTAL FARM _SIMCOE_,Indane,1994-07-07T00:00,0.008,µg/m³,VOC,N/A
62601,EXPERIMENTAL FARM _SIMCOE_,Indane,1994-07-12T00:00,0.011,µg/m³,VOC,N/A
62601,EXPERIMENTAL FARM _SIMCOE_,Indane,1994-07-13T00:00,0.005,µg/m³,VOC,N/A
62601,EXPERIMENTAL FARM _SIMCOE_,Indane,1994-07-13T00:00,0.012,µg/m³,VOC,N/A
62601,EXPERIMENTAL FARM _SIMCOE_,Indane,1994-07-13T00:00,0.022,µg/m³,VOC,N/A
62601,EXPERIMENTAL FARM _SIMCOE_,Indane,1994-07-13T00:00,0.036,µg/m³,VOC,N/A
62601,EXPERIMENTAL FARM _SIMCOE_,Indane,1994-07-13T00:00,0.045,µg/m³,VOC,N/A
62601,EXPERIMENTAL FARM _SIMCOE_,Indane,1994-07-14T00:00,0.012,µg/m³,VOC,N/A
62601,EXPERIMENTAL FARM _SIMCOE_,Indane,1994-07-14T00:00,0.028,µg/m³,VOC,N/A
62601,EXPERIMENTAL FARM _SIMCOE_,Indane,1994-07-14T00:00,0.037,µg/m³,VOC,N/A
62601,EXPERIMENTAL FARM _SIMCOE_,Indane,1994-07-14T00:00,0.061,µg/m³,VOC,N/A
62601,EXPERIMENTAL FARM _SIMCOE_,Indane,1994-07-16T00:00,0.041,µg/m³,VOC,N/A
62601,EXPERIMENTAL FARM _SIMCOE_,Indane,1994-07-17T00:00,0.020,µg/m³,VOC,N/A
62601,EXPERIMENTAL FARM _SIMCOE_,Indane,1994-07-17T00:00,0.021,µg/m³,VOC,N/A
62601,EXPERIMENTAL FARM _SIMCOE_,Indane,1994-07-17T00:00,0.026,µg/m³,VOC,N/A
62601,EXPERIMENTAL FARM _SIMCOE_,Indane,1994-07-17T00:00,0.028,µg/m³,VOC,N/A
62601,EXPERIMENTAL FARM _SIMCOE_,Indane,1994-07-17T00:00,0.084,µg/m³,VOC,N/A
62601,EXPERIMENTAL FARM _SIMCOE_,Indane,1994-07-20T00:00,0.061,µg/m³,VOC,N/A
62601,EXPERIMENTAL FARM _SIMCOE_,Indane,1994-07-21T00:00,0.010,µg/m³,VOC,N/A
62601,EXPERIMENTAL FARM _SIMCOE_,Indane,1994-07-21T00:00,0.027,µg/m³,VOC,N/A
62601,EXPERIMENTAL FARM _SIMCOE_,Indane,1994-07-21T00:00,0.031,µg/m³,VOC,N/A
62601,EXPERIMENTAL FARM _SIMCOE_,Indane,1994-07-21T00:00,0.053,µg/m³,VOC,N/A
62601,EXPERIMENTAL FARM _SIMCOE_,Indane,1994-07-22T00:00,0.014,µg/m³,VOC,N/A
62601,EXPERIMENTAL FARM _SIMCOE_,Indane,1994-07-22T00:00,0.019,µg/m³,VOC,N/A
62601,EXPERIMENTAL FARM _SIMCOE_,Indane,1994-07-22T00:00,0.020,µg/m³,VOC,N/A
62601,EXPERIMENTAL FARM _SIMCOE_,Indane,1994-07-24T00:00,0.132,µg/m³,VOC,N/A
62601,EXPERIMENTAL FARM _SIMCOE_,Indane,1994-07-25T00:00,0.012,µg/m³,VOC,N/A
62601,EXPERIMENTAL FARM _SIMCOE_,Indane,1994-07-25T00:00,0.014,µg/m³,VOC,N/A
62601,EXPERIMENTAL FARM _SIMCOE_,Indane,1994-07-25T00:00,0.021,µg/m³,VOC,N/A
62601,EXPERIMENTAL FARM _SIMCOE_,Indane,1994-07-25T00:00,0.029,µg/m³,VOC,N/A
62601,EXPERIMENTAL FARM _SIMCOE_,Indane,1994-07-25T00:00,0.098,µg/m³,VOC,N/A
62601,EXPERIMENTAL FARM _SIMCOE_,Indane,1994-07-26T00:00,0.014,µg/m³,VOC,N/A
62601,EXPERIMENTAL FARM _SIMCOE_,Indane,1994-07-26T00:00,0.031,µg/m³,VOC,N/A
62601,EXPERIMENTAL FARM _SIMCOE_,Indane,1994-07-26T00:00,0.050,µg/m³,VOC,N/A
62601,EXPERIMENTAL FARM _SIMCOE_,Indane,1994-07-28T00:00,0.057,µg/m³,VOC,N/A
62601,EXPERIMENTAL FARM _SIMCOE_,Indane,1994-07-29T00:00,0.010,µg/m³,VOC,N/A
62601,EXPERIMENTAL FARM _SIMCOE_,Indane,1994-07-29T00:00,0.015,µg/m³,VOC,N/A
62601,EXPERIMENTAL FARM _SIMCOE_,Indane,1994-07-29T00:00,0.024,µg/m³,VOC,N/A
62601,EXPERIMENTAL FARM _SIMCOE_,Indane,1994-07-29T00:00,0.028,µg/m³,VOC,N/A
62601,EXPERIMENTAL FARM _SIMCOE_,Indane,1994-07-29T00:00,0.055,µg/m³,VOC,N/A
62601,EXPERIMENTAL FARM _SIMCOE_,Indane,1994-07-30T00:00,0.010,µg/m³,VOC,N/A
62601,EXPERIMENTAL FARM _SIMCOE_,Indane,1994-07-30T00:00,0.013,µg/m³,VOC,N/A
62601,EXPERIMENTAL FARM _SIMCOE_,Indane,1994-07-30T00:00,0.023,µg/m³,VOC,N/A
62601,EXPERIMENTAL FARM _SIMCOE_,Indane,1994-07-30T00:00,0.025,µg/m³,VOC,N/A
62601,EXPERIMENTAL FARM _SIMCOE_,Indane,1994-08-01T00:00,0.045,µg/m³,VOC,N/A
62601,EXPERIMENTAL FARM _SIMCOE_,Indane,1994-08-02T00:00,0.011,µg/m³,VOC,N/A
62601,EXPERIMENTAL FARM _SIMCOE_,Indane,1994-08-02T00:00,0.014,µg/m³,VOC,N/A
62601,EXPERIMENTAL FARM _SIMCOE_,Indane,1994-08-02T00:00,0.040,µg/m³,VOC,N/A
62601,EXPERIMENTAL FARM _SIMCOE_,Indane,1994-08-02T00:00,0.042,µg/m³,VOC,N/A
62601,EXPERIMENTAL FARM _SIMCOE_,Indane,1994-08-02T00:00,0.058,µg/m³,VOC,N/A
62601,EXPERIMENTAL FARM _SIMCOE_,Indane,1994-08-03T00:00,0.011,µg/m³,VOC,N/A
62601,EXPERIMENTAL FARM _SIMCOE_,Indane,1994-08-03T00:00,0.011,µg/m³,VOC,N/A
62601,EXPERIMENTAL FARM _SIMCOE_,Indane,1994-08-03T00:00,0.023,µg/m³,VOC,N/A
62601,EXPERIMENTAL FARM _SIMCOE_,Indane,1994-08-03T00:00,0.024,µg/m³,VOC,N/A
62601,EXPERIMENTAL FARM _SIMCOE_,Indane,1994-08-05T00:00,0.046,µg/m³,VOC,N/A
62601,EXPERIMENTAL FARM _SIMCOE_,Indane,1994-08-06T00:00,0.004,µg/m³,VOC,N/A
62601,EXPERIMENTAL FARM _SIMCOE_,Indane,1994-08-06T00:00,0.004,µg/m³,VOC,N/A
62601,EXPERIMENTAL FARM _SIMCOE_,Indane,1994-08-06T00:00,0.012,µg/m³,VOC,N/A
62601,EXPERIMENTAL FARM _SIMCOE_,Indane,1994-08-06T00:00,0.018,µg/m³,VOC,N/A
62601,EXPERIMENTAL FARM _SIMCOE_,Indane,1994-08-06T00:00,0.037,µg/m³,VOC,N/A
62601,EXPERIMENTAL FARM _SIMCOE_,Indane,1994-08-07T00:00,0.000,µg/m³,VOC,N/A
62601,EXPERIMENTAL FARM _SIMCOE_,Indane,1994-08-07T00:00,0.000,µg/m³,VOC,N/A
62601,EXPERIMENTAL FARM _SIMCOE_,Indane,1994-08-07T00:00,0.006,µg/m³,VOC,N/A
62601,EXPERIMENTAL FARM _SIMCOE_,Indane,1994-08-07T00:00,0.025,µg/m³,VOC,N/A
62601,EXPERIMENTAL FARM _SIMCOE_,Indane,1994-08-13T00:00,0.017,µg/m³,VOC,N/A
62601,EXPERIMENTAL FARM _SIMCOE_,Indane,1994-08-14T00:00,0.006,µg/m³,VOC,N/A
62601,EXPERIMENTAL FARM _SIMCOE_,Indane,1994-08-14T00:00,0.006,µg/m³,VOC,N/A
62601,EXPERIMENTAL FARM _SIMCOE_,Indane,1994-08-14T00:00,0.008,µg/m³,VOC,N/A
62601,EXPERIMENTAL FARM _SIMCOE_,Indane,1994-08-14T00:00,0.012,µg/m³,VOC,N/A
62601,EXPERIMENTAL FARM _SIMCOE_,Indane,1994-08-14T00:00,0.016,µg/m³,VOC,N/A
62601,EXPERIMENTAL FARM _SIMCOE_,Indane,1994-08-15T00:00,0.011,µg/m³,VOC,N/A
62601,EXPERIMENTAL FARM _SIMCOE_,Indane,1994-08-15T00:00,0.011,µg/m³,VOC,N/A
62601,EXPERIMENTAL FARM _SIMCOE_,Indane,1994-08-15T00:00,0.018,µg/m³,VOC,N/A
62601,EXPERIMENTAL FARM _SIMCOE_,Indane,1994-08-15T00:00,0.147,µg/m³,VOC,N/A
62601,EXPERIMENTAL FARM _SIMCOE_,Indane,1994-08-17T00:00,0.111,µg/m³,VOC,N/A
62601,EXPERIMENTAL FARM _SIMCOE_,Indane,1994-08-18T00:00,0.025,µg/m³,VOC,N/A
62601,EXPERIMENTAL FARM _SIMCOE_,Indane,1994-08-18T00:00,0.028,µg/m³,VOC,N/A
62601,EXPERIMENTAL FARM _SIMCOE_,Indane,1994-08-18T00:00,0.052,µg/m³,VOC,N/A
62601,EXPERIMENTAL FARM _SIMCOE_,Indane,1994-08-18T00:00,0.057,µg/m³,VOC,N/A
62601,EXPERIMENTAL FARM _SIMCOE_,Indane,1994-08-18T00:00,0.277,µg/m³,VOC,N/A
62601,EXPERIMENTAL FARM _SIMCOE_,Indane,1994-08-19T00:00,0.022,µg/m³,VOC,N/A
62601,EXPERIMENTAL FARM _SIMCOE_,Indane,1994-08-19T00:00,0.023,µg/m³,VOC,N/A
62601,EXPERIMENTAL FARM _SIMCOE_,Indane,1994-08-19T00:00,0.029,µg/m³,VOC,N/A
62601,EXPERIMENTAL FARM _SIMCOE_,Indane,1994-08-19T00:00,0.032,µg/m³,VOC,N/A
62601,EXPERIMENTAL FARM _SIMCOE_,Indane,1994-08-21T00:00,0.056,µg/m³,VOC,N/A
62601,EXPERIMENTAL FARM _SIMCOE_,Indane,1994-08-22T00:00,0.012,µg/m³,VOC,N/A
62601,EXPERIMENTAL FARM _SIMCOE_,Indane,1994-08-22T00:00,0.020,µg/m³,VOC,N/A
62601,EXPERIMENTAL FARM _SIMCOE_,Indane,1994-08-22T00:00,0.024,µg/m³,VOC,N/A
62601,EXPERIMENTAL FARM _SIMCOE_,Indane,1994-08-22T00:00,0.034,µg/m³,VOC,N/A
62601,EXPERIMENTAL FARM _SIMCOE_,Indane,1994-08-22T00:00,0.053,µg/m³,VOC,N/A
62601,EXPERIMENTAL FARM _SIMCOE_,Indane,1994-08-23T00:00,0.013,µg/m³,VOC,N/A
62601,EXPERIMENTAL FARM _SIMCOE_,Indane,1994-08-23T00:00,0.015,µg/m³,VOC,N/A
62601,EXPERIMENTAL FARM _SIMCOE_,Indane,1994-08-23T00:00,0.034,µg/m³,VOC,N/A
62601,EXPERIMENTAL FARM _SIMCOE_,Indane,1994-08-23T00:00,0.061,µg/m³,VOC,N/A
62601,EXPERIMENTAL FARM _SIMCOE_,Indane,1994-08-25T00:00,0.095,µg/m³,VOC,N/A
62601,EXPERIMENTAL FARM _SIMCOE_,Indane,1994-08-26T00:00,0.026,µg/m³,VOC,N/A
62601,EXPERIMENTAL FARM _SIMCOE_,Indane,1994-08-26T00:00,0.029,µg/m³,VOC,N/A
62601,EXPERIMENTAL FARM _SIMCOE_,Indane,1994-08-26T00:00,0.041,µg/m³,VOC,N/A
62601,EXPERIMENTAL FARM _SIMCOE_,Indane,1994-08-26T00:00,0.057,µg/m³,VOC,N/A
62601,EXPERIMENTAL FARM _SIMCOE_,Indane,1994-08-26T00:00,0.106,µg/m³,VOC,N/A
62601,EXPERIMENTAL FARM _SIMCOE_,Indane,1994-08-27T00:00,0.011,µg/m³,VOC,N/A
62601,EXPERIMENTAL FARM _SIMCOE_,Indane,1994-08-27T00:00,0.015,µg/m³,VOC,N/A
62601,EXPERIMENTAL FARM _SIMCOE_,Indane,1994-08-27T00:00,0.020,µg/m³,VOC,N/A
62601,EXPERIMENTAL FARM _SIMCOE_,Indane,1994-08-27T00:00,0.025,µg/m³,VOC,N/A
62601,EXPERIMENTAL FARM _SIMCOE_,Indane,1994-08-29T00:00,0.061,µg/m³,VOC,N/A
62601,EXPERIMENTAL FARM _SIMCOE_,Indane,1994-08-30T00:00,0.014,µg/m³,VOC,N/A
62601,EXPERIMENTAL FARM _SIMCOE_,Indane,1994-08-30T00:00,0.017,µg/m³,VOC,N/A
62601,EXPERIMENTAL FARM _SIMCOE_,Indane,1994-08-30T00:00,0.019,µg/m³,VOC,N/A
62601,EXPERIMENTAL FARM _SIMCOE_,Indane,1994-08-30T00:00,0.031,µg/m³,VOC,N/A
62601,EXPERIMENTAL FARM _SIMCOE_,Indane,1994-08-30T00:00,0.052,µg/m³,VOC,N/A
62601,EXPERIMENTAL FARM _SIMCOE_,Indane,1994-08-31T00:00,0.021,µg/m³,VOC,N/A
62601,EXPERIMENTAL FARM _SIMCOE_,Indane,1994-08-31T00:00,0.021,µg/m³,VOC,N/A
62601,EXPERIMENTAL FARM _SIMCOE_,Indane,1994-08-31T00:00,0.023,µg/m³,VOC,N/A
62601,EXPERIMENTAL FARM _SIMCOE_,Indane,1994-08-31T00:00,0.041,µg/m³,VOC,N/A
62601,EXPERIMENTAL FARM _SIMCOE_,Indane,1994-09-17T00:00,0.006,µg/m³,VOC,N/A
62601,EXPERIMENTAL FARM _SIMCOE_,Indane,1994-09-17T00:00,0.021,µg/m³,VOC,N/A
62601,EXPERIMENTAL FARM _SIMCOE_,Indane,1994-09-23T00:00,0.007,µg/m³,VOC,N/A
62601,EXPERIMENTAL FARM _SIMCOE_,Indane,1994-09-23T00:00,0.011,µg/m³,VOC,N/A
62601,EXPERIMENTAL FARM _SIMCOE_,Indane,1994-09-29T00:00,0.010,µg/m³,VOC,N/A
62601,EXPERIMENTAL FARM _SIMCOE_,Indane,1994-09-29T00:00,0.018,µg/m³,VOC,N/A
62601,EXPERIMENTAL FARM _SIMCOE_,Indane,1994-10-05T00:00,0.022,µg/m³,VOC,N/A
62601,EXPERIMENTAL FARM _SIMCOE_,Indane,1994-10-05T00:00,0.050,µg/m³,VOC,N/A
62601,EXPERIMENTAL FARM _SIMCOE_,Indane,1994-10-11T00:00,0.020,µg/m³,VOC,N/A
62601,EXPERIMENTAL FARM _SIMCOE_,Indane,1994-10-11T00:00,0.020,µg/m³,VOC,N/A
62601,EXPERIMENTAL FARM _SIMCOE_,Indane,1994-10-17T00:00,0.048,µg/m³,VOC,N/A
62601,EXPERIMENTAL FARM _SIMCOE_,Indane,1994-10-17T00:00,0.061,µg/m³,VOC,N/A
62601,EXPERIMENTAL FARM _SIMCOE_,Indane,1994-10-23T00:00,0.018,µg/m³,VOC,N/A
62601,EXPERIMENTAL FARM _SIMCOE_,Indane,1994-10-23T00:00,0.026,µg/m³,VOC,N/A
62601,EXPERIMENTAL FARM _SIMCOE_,Indane,1994-10-29T00:00,0.014,µg/m³,VOC,N/A
62601,EXPERIMENTAL FARM _SIMCOE_,Indane,1994-10-29T00:00,0.017,µg/m³,VOC,N/A
62601,EXPERIMENTAL FARM _SIMCOE_,Indane,1994-11-04T00:00,0.014,µg/m³,VOC,N/A
62601,EXPERIMENTAL FARM _SIMCOE_,Indane,1994-11-04T00:00,0.028,µg/m³,VOC,N/A
62601,EXPERIMENTAL FARM _SIMCOE_,Indane,1994-11-10T00:00,0.008,µg/m³,VOC,N/A
62601,EXPERIMENTAL FARM _SIMCOE_,Indane,1994-11-10T00:00,0.010,µg/m³,VOC,N/A
62601,EXPERIMENTAL FARM _SIMCOE_,Indane,1994-11-16T00:00,0.024,µg/m³,VOC,N/A
62601,EXPERIMENTAL FARM _SIMCOE_,Indane,1994-11-16T00:00,0.054,µg/m³,VOC,N/A
62601,EXPERIMENTAL FARM _SIMCOE_,Indane,1994-11-22T00:00,0.015,µg/m³,VOC,N/A
62601,EXPERIMENTAL FARM _SIMCOE_,Indane,1994-11-22T00:00,0.016,µg/m³,VOC,N/A
62601,EXPERIMENTAL FARM _SIMCOE_,Indane,1994-11-28T00:00,0.000,µg/m³,VOC,N/A
62601,EXPERIMENTAL FARM _SIMCOE_,Indane,1994-11-28T00:00,0.013,µg/m³,VOC,N/A
62601,EXPERIMENTAL FARM _SIMCOE_,Indane,1994-12-04T00:00,0.022,µg/m³,VOC,N/A
62601,EXPERIMENTAL FARM _SIMCOE_,Indane,1994-12-04T00:00,0.053,µg/m³,VOC,N/A
62601,EXPERIMENTAL FARM _SIMCOE_,Indane,1994-12-10T00:00,0.024,µg/m³,VOC,N/A
62601,EXPERIMENTAL FARM _SIMCOE_,Indane,1994-12-10T00:00,0.026,µg/m³,VOC,N/A
62601,EXPERIMENTAL FARM _SIMCOE_,Indane,1994-12-16T00:00,0.020,µg/m³,VOC,N/A
62601,EXPERIMENTAL FARM _SIMCOE_,Indane,1994-12-16T00:00,0.047,µg/m³,VOC,N/A
62601,EXPERIMENTAL FARM _SIMCOE_,Indane,1994-12-22T00:00,0.091,µg/m³,VOC,N/A
62601,EXPERIMENTAL FARM _SIMCOE_,Indane,1994-12-22T00:00,0.101,µg/m³,VOC,N/A
62601,EXPERIMENTAL FARM _SIMCOE_,Indane,1994-12-28T00:00,0.000,µg/m³,VOC,N/A
62601,EXPERIMENTAL FARM _SIMCOE_,Indane,1994-12-28T00:00,0.017,µg/m³,VOC,N/A
