﻿NAPS_Site_ID,Station_Name,Pollutant,Date,Value,Units,Report_Type,Method
50902,SAGUENAY-PARC POWELL,Benzo(b)Chrysene,1997-01-04T00:00,0.001,µg/m³,PAH,
50902,SAGUENAY-PARC POWELL,Benzo(b)Chrysene,1997-01-16T00:00,0.001,µg/m³,PAH,
50902,SAGUENAY-PARC POWELL,Benzo(b)Chrysene,1997-01-28T00:00,0.003,µg/m³,PAH,
50902,SAGUENAY-PARC POWELL,Benzo(b)Chrysene,1997-02-09T00:00,0.001,µg/m³,PAH,
50902,SAGUENAY-PARC POWELL,Benzo(b)Chrysene,1997-02-21T00:00,0.000,µg/m³,PAH,
50902,SAGUENAY-PARC POWELL,Benzo(b)Chrysene,1997-04-10T00:00,0.001,µg/m³,PAH,
50902,SAGUENAY-PARC POWELL,Benzo(b)Chrysene,1997-04-22T00:00,0.000,µg/m³,PAH,
50902,SAGUENAY-PARC POWELL,Benzo(b)Chrysene,1997-05-04T00:00,0.002,µg/m³,PAH,
50902,SAGUENAY-PARC POWELL,Benzo(b)Chrysene,1997-05-16T00:00,0.005,µg/m³,PAH,
50902,SAGUENAY-PARC POWELL,Benzo(b)Chrysene,1997-05-28T00:00,0.000,µg/m³,PAH,
50902,SAGUENAY-PARC POWELL,Benzo(b)Chrysene,1997-06-09T00:00,0.000,µg/m³,PAH,
50902,SAGUENAY-PARC POWELL,Benzo(b)Chrysene,1997-06-21T00:00,0.000,µg/m³,PAH,
50902,SAGUENAY-PARC POWELL,Benzo(b)Chrysene,1997-07-03T00:00,0.003,µg/m³,PAH,
50902,SAGUENAY-PARC POWELL,Benzo(b)Chrysene,1997-07-15T00:00,0.002,µg/m³,PAH,
50902,SAGUENAY-PARC POWELL,Benzo(b)Chrysene,1997-07-27T00:00,0.000,µg/m³,PAH,
50902,SAGUENAY-PARC POWELL,Benzo(b)Chrysene,1997-08-08T00:00,0.000,µg/m³,PAH,
50902,SAGUENAY-PARC POWELL,Benzo(b)Chrysene,1997-08-20T00:00,0.003,µg/m³,PAH,
50902,SAGUENAY-PARC POWELL,Benzo(b)Chrysene,1997-09-01T00:00,0.000,µg/m³,PAH,
50902,SAGUENAY-PARC POWELL,Benzo(b)Chrysene,1997-09-13T00:00,0.000,µg/m³,PAH,
50902,SAGUENAY-PARC POWELL,Benzo(b)Chrysene,1997-09-25T00:00,0.004,µg/m³,PAH,
50902,SAGUENAY-PARC POWELL,Benzo(b)Chrysene,1997-10-07T00:00,0.000,µg/m³,PAH,
50902,SAGUENAY-PARC POWELL,Benzo(b)Chrysene,1997-10-19T00:00,0.003,µg/m³,PAH,
50902,SAGUENAY-PARC POWELL,Benzo(b)Chrysene,1997-10-31T00:00,0.007,µg/m³,PAH,
50902,SAGUENAY-PARC POWELL,Benzo(b)Chrysene,1997-11-12T00:00,0.000,µg/m³,PAH,
50902,SAGUENAY-PARC POWELL,Benzo(b)Chrysene,1997-11-24T00:00,0.000,µg/m³,PAH,
50902,SAGUENAY-PARC POWELL,Benzo(b)Chrysene,1997-12-06T00:00,0.000,µg/m³,PAH,
50902,SAGUENAY-PARC POWELL,Benzo(b)Chrysene,1997-12-18T00:00,0.000,µg/m³,PAH,
50902,SAGUENAY-PARC POWELL,Benzo(b)Chrysene,1997-12-30T00:00,0.001,µg/m³,PAH,
