﻿NAPS_Site_ID,Station_Name,Pollutant,Date,Value,Units,Report_Type,Method
50103,MONTRÉAL-SAINT-JEAN-BAPTISTE,o-Xylene,1992-01-07T00:00,1.863,µg/m³,VOC,N/A
50103,MONTRÉAL-SAINT-JEAN-BAPTISTE,o-Xylene,1992-01-13T00:00,7.571,µg/m³,VOC,N/A
50103,MONTRÉAL-SAINT-JEAN-BAPTISTE,o-Xylene,1992-01-19T00:00,1.086,µg/m³,VOC,N/A
50103,MONTRÉAL-SAINT-JEAN-BAPTISTE,o-Xylene,1992-01-25T00:00,1.238,µg/m³,VOC,N/A
50103,MONTRÉAL-SAINT-JEAN-BAPTISTE,o-Xylene,1992-01-31T00:00,1.037,µg/m³,VOC,N/A
50103,MONTRÉAL-SAINT-JEAN-BAPTISTE,o-Xylene,1992-02-06T00:00,3.161,µg/m³,VOC,N/A
50103,MONTRÉAL-SAINT-JEAN-BAPTISTE,o-Xylene,1992-02-12T00:00,1.580,µg/m³,VOC,N/A
50103,MONTRÉAL-SAINT-JEAN-BAPTISTE,o-Xylene,1992-02-18T00:00,1.455,µg/m³,VOC,N/A
50103,MONTRÉAL-SAINT-JEAN-BAPTISTE,o-Xylene,1992-02-24T00:00,0.777,µg/m³,VOC,N/A
50103,MONTRÉAL-SAINT-JEAN-BAPTISTE,o-Xylene,1992-03-01T00:00,2.426,µg/m³,VOC,N/A
50103,MONTRÉAL-SAINT-JEAN-BAPTISTE,o-Xylene,1992-03-07T00:00,0.819,µg/m³,VOC,N/A
50103,MONTRÉAL-SAINT-JEAN-BAPTISTE,o-Xylene,1992-03-13T00:00,1.113,µg/m³,VOC,N/A
50103,MONTRÉAL-SAINT-JEAN-BAPTISTE,o-Xylene,1992-03-19T00:00,2.568,µg/m³,VOC,N/A
50103,MONTRÉAL-SAINT-JEAN-BAPTISTE,o-Xylene,1992-03-25T00:00,1.505,µg/m³,VOC,N/A
50103,MONTRÉAL-SAINT-JEAN-BAPTISTE,o-Xylene,1992-03-31T00:00,4.133,µg/m³,VOC,N/A
50103,MONTRÉAL-SAINT-JEAN-BAPTISTE,o-Xylene,1992-04-06T00:00,1.157,µg/m³,VOC,N/A
50103,MONTRÉAL-SAINT-JEAN-BAPTISTE,o-Xylene,1992-04-12T00:00,0.883,µg/m³,VOC,N/A
50103,MONTRÉAL-SAINT-JEAN-BAPTISTE,o-Xylene,1992-04-18T00:00,1.549,µg/m³,VOC,N/A
50103,MONTRÉAL-SAINT-JEAN-BAPTISTE,o-Xylene,1992-04-24T00:00,1.070,µg/m³,VOC,N/A
50103,MONTRÉAL-SAINT-JEAN-BAPTISTE,o-Xylene,1992-04-30T00:00,2.598,µg/m³,VOC,N/A
50103,MONTRÉAL-SAINT-JEAN-BAPTISTE,o-Xylene,1992-05-06T00:00,0.874,µg/m³,VOC,N/A
50103,MONTRÉAL-SAINT-JEAN-BAPTISTE,o-Xylene,1992-05-12T00:00,1.334,µg/m³,VOC,N/A
50103,MONTRÉAL-SAINT-JEAN-BAPTISTE,o-Xylene,1992-05-18T00:00,1.689,µg/m³,VOC,N/A
50103,MONTRÉAL-SAINT-JEAN-BAPTISTE,o-Xylene,1992-05-24T00:00,0.644,µg/m³,VOC,N/A
50103,MONTRÉAL-SAINT-JEAN-BAPTISTE,o-Xylene,1992-05-30T00:00,1.769,µg/m³,VOC,N/A
50103,MONTRÉAL-SAINT-JEAN-BAPTISTE,o-Xylene,1992-06-05T00:00,0.563,µg/m³,VOC,N/A
50103,MONTRÉAL-SAINT-JEAN-BAPTISTE,o-Xylene,1992-06-11T00:00,2.902,µg/m³,VOC,N/A
50103,MONTRÉAL-SAINT-JEAN-BAPTISTE,o-Xylene,1992-06-17T00:00,1.506,µg/m³,VOC,N/A
50103,MONTRÉAL-SAINT-JEAN-BAPTISTE,o-Xylene,1992-06-29T00:00,1.517,µg/m³,VOC,N/A
50103,MONTRÉAL-SAINT-JEAN-BAPTISTE,o-Xylene,1992-07-05T00:00,0.904,µg/m³,VOC,N/A
50103,MONTRÉAL-SAINT-JEAN-BAPTISTE,o-Xylene,1992-07-11T00:00,1.591,µg/m³,VOC,N/A
50103,MONTRÉAL-SAINT-JEAN-BAPTISTE,o-Xylene,1992-07-17T00:00,0.590,µg/m³,VOC,N/A
50103,MONTRÉAL-SAINT-JEAN-BAPTISTE,o-Xylene,1992-07-23T00:00,0.956,µg/m³,VOC,N/A
50103,MONTRÉAL-SAINT-JEAN-BAPTISTE,o-Xylene,1992-07-29T00:00,0.740,µg/m³,VOC,N/A
50103,MONTRÉAL-SAINT-JEAN-BAPTISTE,o-Xylene,1992-08-04T00:00,1.471,µg/m³,VOC,N/A
50103,MONTRÉAL-SAINT-JEAN-BAPTISTE,o-Xylene,1992-08-10T00:00,2.068,µg/m³,VOC,N/A
50103,MONTRÉAL-SAINT-JEAN-BAPTISTE,o-Xylene,1992-08-16T00:00,1.117,µg/m³,VOC,N/A
50103,MONTRÉAL-SAINT-JEAN-BAPTISTE,o-Xylene,1992-08-22T00:00,1.159,µg/m³,VOC,N/A
50103,MONTRÉAL-SAINT-JEAN-BAPTISTE,o-Xylene,1992-09-03T00:00,0.726,µg/m³,VOC,N/A
50103,MONTRÉAL-SAINT-JEAN-BAPTISTE,o-Xylene,1992-09-09T00:00,1.943,µg/m³,VOC,N/A
50103,MONTRÉAL-SAINT-JEAN-BAPTISTE,o-Xylene,1992-09-15T00:00,2.467,µg/m³,VOC,N/A
50103,MONTRÉAL-SAINT-JEAN-BAPTISTE,o-Xylene,1992-09-21T00:00,1.271,µg/m³,VOC,N/A
50103,MONTRÉAL-SAINT-JEAN-BAPTISTE,o-Xylene,1992-09-27T00:00,1.587,µg/m³,VOC,N/A
50103,MONTRÉAL-SAINT-JEAN-BAPTISTE,o-Xylene,1992-10-03T00:00,1.877,µg/m³,VOC,N/A
50103,MONTRÉAL-SAINT-JEAN-BAPTISTE,o-Xylene,1992-10-09T00:00,3.437,µg/m³,VOC,N/A
50103,MONTRÉAL-SAINT-JEAN-BAPTISTE,o-Xylene,1992-10-15T00:00,1.242,µg/m³,VOC,N/A
50103,MONTRÉAL-SAINT-JEAN-BAPTISTE,o-Xylene,1992-10-21T00:00,1.000,µg/m³,VOC,N/A
50103,MONTRÉAL-SAINT-JEAN-BAPTISTE,o-Xylene,1992-10-27T00:00,1.481,µg/m³,VOC,N/A
50103,MONTRÉAL-SAINT-JEAN-BAPTISTE,o-Xylene,1992-11-02T00:00,0.788,µg/m³,VOC,N/A
50103,MONTRÉAL-SAINT-JEAN-BAPTISTE,o-Xylene,1992-11-08T00:00,0.832,µg/m³,VOC,N/A
50103,MONTRÉAL-SAINT-JEAN-BAPTISTE,o-Xylene,1992-11-14T00:00,1.106,µg/m³,VOC,N/A
50103,MONTRÉAL-SAINT-JEAN-BAPTISTE,o-Xylene,1992-11-20T00:00,5.406,µg/m³,VOC,N/A
50103,MONTRÉAL-SAINT-JEAN-BAPTISTE,o-Xylene,1992-11-26T00:00,1.381,µg/m³,VOC,N/A
50103,MONTRÉAL-SAINT-JEAN-BAPTISTE,o-Xylene,1992-12-20T00:00,1.746,µg/m³,VOC,N/A
50103,MONTRÉAL-SAINT-JEAN-BAPTISTE,o-Xylene,1992-12-26T00:00,1.020,µg/m³,VOC,N/A
