﻿NAPS_Site_ID,Station_Name,Pollutant,Date,Value,Units,Report_Type,Method
102001,SATURNA,Freon 113,2009-01-01T00:00,0.521,µg/m³,VOC,GC-MS
102001,SATURNA,Freon 113,2009-01-07T00:00,0.621,µg/m³,VOC,GC-MS
102001,SATURNA,Freon 113,2009-01-10T00:00,0.574,µg/m³,VOC,GC-MS
102001,SATURNA,Freon 113,2009-01-13T00:00,0.579,µg/m³,VOC,GC-MS
102001,SATURNA,Freon 113,2009-01-16T00:00,0.580,µg/m³,VOC,GC-MS
102001,SATURNA,Freon 113,2009-01-19T00:00,0.566,µg/m³,VOC,GC-MS
102001,SATURNA,Freon 113,2009-01-25T00:00,0.571,µg/m³,VOC,GC-MS
102001,SATURNA,Freon 113,2009-01-28T00:00,0.552,µg/m³,VOC,GC-MS
102001,SATURNA,Freon 113,2009-01-31T00:00,0.542,µg/m³,VOC,GC-MS
102001,SATURNA,Freon 113,2009-02-06T00:00,0.542,µg/m³,VOC,GC-MS
102001,SATURNA,Freon 113,2009-02-09T00:00,0.538,µg/m³,VOC,GC-MS
102001,SATURNA,Freon 113,2009-02-12T00:00,0.546,µg/m³,VOC,GC-MS
102001,SATURNA,Freon 113,2009-02-15T00:00,0.553,µg/m³,VOC,GC-MS
102001,SATURNA,Freon 113,2009-02-18T00:00,0.547,µg/m³,VOC,GC-MS
102001,SATURNA,Freon 113,2009-02-21T00:00,0.559,µg/m³,VOC,GC-MS
102001,SATURNA,Freon 113,2009-02-24T00:00,0.562,µg/m³,VOC,GC-MS
102001,SATURNA,Freon 113,2009-02-27T00:00,0.592,µg/m³,VOC,GC-MS
102001,SATURNA,Freon 113,2009-03-02T00:00,0.588,µg/m³,VOC,GC-MS
102001,SATURNA,Freon 113,2009-03-05T00:00,0.560,µg/m³,VOC,GC-MS
102001,SATURNA,Freon 113,2009-03-29T00:00,0.534,µg/m³,VOC,GC-MS
102001,SATURNA,Freon 113,2009-04-01T00:00,0.516,µg/m³,VOC,GC-MS
102001,SATURNA,Freon 113,2009-04-04T00:00,0.523,µg/m³,VOC,GC-MS
102001,SATURNA,Freon 113,2009-04-10T00:00,0.541,µg/m³,VOC,GC-MS
102001,SATURNA,Freon 113,2009-04-13T00:00,0.542,µg/m³,VOC,GC-MS
102001,SATURNA,Freon 113,2009-04-16T00:00,0.545,µg/m³,VOC,GC-MS
102001,SATURNA,Freon 113,2009-04-19T00:00,0.548,µg/m³,VOC,GC-MS
102001,SATURNA,Freon 113,2009-04-22T00:00,0.546,µg/m³,VOC,GC-MS
102001,SATURNA,Freon 113,2009-04-25T00:00,0.593,µg/m³,VOC,GC-MS
102001,SATURNA,Freon 113,2009-04-28T00:00,0.578,µg/m³,VOC,GC-MS
102001,SATURNA,Freon 113,2009-05-01T00:00,0.617,µg/m³,VOC,GC-MS
102001,SATURNA,Freon 113,2009-05-04T00:00,0.565,µg/m³,VOC,GC-MS
102001,SATURNA,Freon 113,2009-05-07T00:00,0.533,µg/m³,VOC,GC-MS
102001,SATURNA,Freon 113,2009-05-10T00:00,0.549,µg/m³,VOC,GC-MS
102001,SATURNA,Freon 113,2009-05-13T00:00,0.575,µg/m³,VOC,GC-MS
102001,SATURNA,Freon 113,2009-05-16T00:00,0.578,µg/m³,VOC,GC-MS
102001,SATURNA,Freon 113,2009-05-19T00:00,0.598,µg/m³,VOC,GC-MS
102001,SATURNA,Freon 113,2009-05-22T00:00,0.589,µg/m³,VOC,GC-MS
102001,SATURNA,Freon 113,2009-05-25T00:00,0.589,µg/m³,VOC,GC-MS
102001,SATURNA,Freon 113,2009-05-28T00:00,0.589,µg/m³,VOC,GC-MS
102001,SATURNA,Freon 113,2009-05-31T00:00,0.562,µg/m³,VOC,GC-MS
102001,SATURNA,Freon 113,2009-06-03T00:00,0.569,µg/m³,VOC,GC-MS
102001,SATURNA,Freon 113,2009-06-06T00:00,0.612,µg/m³,VOC,GC-MS
102001,SATURNA,Freon 113,2009-06-09T00:00,0.588,µg/m³,VOC,GC-MS
102001,SATURNA,Freon 113,2009-06-12T00:00,0.585,µg/m³,VOC,GC-MS
102001,SATURNA,Freon 113,2009-06-18T00:00,0.633,µg/m³,VOC,GC-MS
102001,SATURNA,Freon 113,2009-06-21T00:00,0.583,µg/m³,VOC,GC-MS
102001,SATURNA,Freon 113,2009-06-24T00:00,0.607,µg/m³,VOC,GC-MS
102001,SATURNA,Freon 113,2009-06-27T00:00,0.586,µg/m³,VOC,GC-MS
102001,SATURNA,Freon 113,2009-06-30T00:00,0.629,µg/m³,VOC,GC-MS
102001,SATURNA,Freon 113,2009-07-03T00:00,0.664,µg/m³,VOC,GC-MS
102001,SATURNA,Freon 113,2009-07-06T00:00,0.466,µg/m³,VOC,GC-MS
102001,SATURNA,Freon 113,2009-07-09T00:00,0.444,µg/m³,VOC,GC-MS
102001,SATURNA,Freon 113,2009-07-12T00:00,0.443,µg/m³,VOC,GC-MS
102001,SATURNA,Freon 113,2009-07-15T00:00,0.457,µg/m³,VOC,GC-MS
102001,SATURNA,Freon 113,2009-07-18T00:00,0.462,µg/m³,VOC,GC-MS
102001,SATURNA,Freon 113,2009-07-21T00:00,0.449,µg/m³,VOC,GC-MS
102001,SATURNA,Freon 113,2009-07-24T00:00,0.505,µg/m³,VOC,GC-MS
102001,SATURNA,Freon 113,2009-07-27T00:00,0.710,µg/m³,VOC,GC-MS
102001,SATURNA,Freon 113,2009-07-30T00:00,0.547,µg/m³,VOC,GC-MS
102001,SATURNA,Freon 113,2009-08-02T00:00,0.581,µg/m³,VOC,GC-MS
102001,SATURNA,Freon 113,2009-08-05T00:00,0.599,µg/m³,VOC,GC-MS
102001,SATURNA,Freon 113,2009-08-08T00:00,0.579,µg/m³,VOC,GC-MS
102001,SATURNA,Freon 113,2009-08-11T00:00,0.593,µg/m³,VOC,GC-MS
102001,SATURNA,Freon 113,2009-08-23T00:00,0.590,µg/m³,VOC,GC-MS
102001,SATURNA,Freon 113,2009-08-26T00:00,0.555,µg/m³,VOC,GC-MS
102001,SATURNA,Freon 113,2009-08-29T00:00,0.529,µg/m³,VOC,GC-MS
102001,SATURNA,Freon 113,2009-09-01T00:00,0.543,µg/m³,VOC,GC-MS
102001,SATURNA,Freon 113,2009-09-04T00:00,0.542,µg/m³,VOC,GC-MS
102001,SATURNA,Freon 113,2009-09-07T00:00,0.533,µg/m³,VOC,GC-MS
102001,SATURNA,Freon 113,2009-09-10T00:00,0.545,µg/m³,VOC,GC-MS
102001,SATURNA,Freon 113,2009-09-13T00:00,0.613,µg/m³,VOC,GC-MS
102001,SATURNA,Freon 113,2009-09-16T00:00,0.599,µg/m³,VOC,GC-MS
102001,SATURNA,Freon 113,2009-09-19T00:00,0.632,µg/m³,VOC,GC-MS
102001,SATURNA,Freon 113,2009-09-22T00:00,0.638,µg/m³,VOC,GC-MS
102001,SATURNA,Freon 113,2009-09-25T00:00,0.643,µg/m³,VOC,GC-MS
102001,SATURNA,Freon 113,2009-10-01T00:00,0.606,µg/m³,VOC,GC-MS
102001,SATURNA,Freon 113,2009-10-04T00:00,0.583,µg/m³,VOC,GC-MS
102001,SATURNA,Freon 113,2009-10-07T00:00,0.583,µg/m³,VOC,GC-MS
102001,SATURNA,Freon 113,2009-10-10T00:00,0.610,µg/m³,VOC,GC-MS
102001,SATURNA,Freon 113,2009-10-13T00:00,0.583,µg/m³,VOC,GC-MS
102001,SATURNA,Freon 113,2009-10-16T00:00,0.576,µg/m³,VOC,GC-MS
102001,SATURNA,Freon 113,2009-10-19T00:00,0.595,µg/m³,VOC,GC-MS
102001,SATURNA,Freon 113,2009-10-22T00:00,0.612,µg/m³,VOC,GC-MS
102001,SATURNA,Freon 113,2009-10-25T00:00,0.635,µg/m³,VOC,GC-MS
102001,SATURNA,Freon 113,2009-10-28T00:00,0.877,µg/m³,VOC,GC-MS
102001,SATURNA,Freon 113,2009-10-31T00:00,0.583,µg/m³,VOC,GC-MS
102001,SATURNA,Freon 113,2009-11-03T00:00,0.626,µg/m³,VOC,GC-MS
102001,SATURNA,Freon 113,2009-11-06T00:00,0.549,µg/m³,VOC,GC-MS
102001,SATURNA,Freon 113,2009-11-09T00:00,0.584,µg/m³,VOC,GC-MS
102001,SATURNA,Freon 113,2009-11-12T00:00,0.561,µg/m³,VOC,GC-MS
102001,SATURNA,Freon 113,2009-11-15T00:00,0.562,µg/m³,VOC,GC-MS
102001,SATURNA,Freon 113,2009-11-18T00:00,0.540,µg/m³,VOC,GC-MS
102001,SATURNA,Freon 113,2009-11-21T00:00,0.552,µg/m³,VOC,GC-MS
102001,SATURNA,Freon 113,2009-11-24T00:00,0.628,µg/m³,VOC,GC-MS
102001,SATURNA,Freon 113,2009-11-27T00:00,0.622,µg/m³,VOC,GC-MS
102001,SATURNA,Freon 113,2009-11-30T00:00,0.607,µg/m³,VOC,GC-MS
102001,SATURNA,Freon 113,2009-12-03T00:00,0.625,µg/m³,VOC,GC-MS
102001,SATURNA,Freon 113,2009-12-06T00:00,0.607,µg/m³,VOC,GC-MS
102001,SATURNA,Freon 113,2009-12-09T00:00,0.607,µg/m³,VOC,GC-MS
102001,SATURNA,Freon 113,2009-12-12T00:00,0.620,µg/m³,VOC,GC-MS
102001,SATURNA,Freon 113,2009-12-15T00:00,0.633,µg/m³,VOC,GC-MS
102001,SATURNA,Freon 113,2009-12-18T00:00,0.653,µg/m³,VOC,GC-MS
102001,SATURNA,Freon 113,2009-12-21T00:00,0.654,µg/m³,VOC,GC-MS
102001,SATURNA,Freon 113,2009-12-24T00:00,0.671,µg/m³,VOC,GC-MS
102001,SATURNA,Freon 113,2009-12-27T00:00,0.639,µg/m³,VOC,GC-MS
102001,SATURNA,Freon 113,2009-12-30T00:00,0.712,µg/m³,VOC,GC-MS
