﻿NAPS_Site_ID,Station_Name,Pollutant,Date,Value,Units,Report_Type,Method
80110,REGINA-2505 11TH. AVENUE,p-Cymene,2012-01-04T00:00,0.177,µg/m³,VOC,
80110,REGINA-2505 11TH. AVENUE,p-Cymene,2012-01-10T00:00,0.166,µg/m³,VOC,
80110,REGINA-2505 11TH. AVENUE,p-Cymene,2012-01-16T00:00,0.042,µg/m³,VOC,
80110,REGINA-2505 11TH. AVENUE,p-Cymene,2012-01-22T00:00,0.070,µg/m³,VOC,
80110,REGINA-2505 11TH. AVENUE,p-Cymene,2012-01-28T00:00,0.084,µg/m³,VOC,
80110,REGINA-2505 11TH. AVENUE,p-Cymene,2012-02-03T00:00,0.137,µg/m³,VOC,
80110,REGINA-2505 11TH. AVENUE,p-Cymene,2012-02-09T00:00,0.014,µg/m³,VOC,
80110,REGINA-2505 11TH. AVENUE,p-Cymene,2012-02-15T00:00,0.024,µg/m³,VOC,
80110,REGINA-2505 11TH. AVENUE,p-Cymene,2012-02-21T00:00,0.019,µg/m³,VOC,
80110,REGINA-2505 11TH. AVENUE,p-Cymene,2012-02-27T00:00,0.000,µg/m³,VOC,
80110,REGINA-2505 11TH. AVENUE,p-Cymene,2012-03-04T00:00,0.011,µg/m³,VOC,
80110,REGINA-2505 11TH. AVENUE,p-Cymene,2012-03-10T00:00,0.020,µg/m³,VOC,
80110,REGINA-2505 11TH. AVENUE,p-Cymene,2012-03-16T00:00,0.029,µg/m³,VOC,
80110,REGINA-2505 11TH. AVENUE,p-Cymene,2012-03-22T00:00,0.023,µg/m³,VOC,
80110,REGINA-2505 11TH. AVENUE,p-Cymene,2012-03-28T00:00,0.017,µg/m³,VOC,
80110,REGINA-2505 11TH. AVENUE,p-Cymene,2012-04-03T00:00,0.013,µg/m³,VOC,
80110,REGINA-2505 11TH. AVENUE,p-Cymene,2012-04-09T00:00,0.011,µg/m³,VOC,
80110,REGINA-2505 11TH. AVENUE,p-Cymene,2012-04-15T00:00,0.028,µg/m³,VOC,
80110,REGINA-2505 11TH. AVENUE,p-Cymene,2012-04-21T00:00,0.016,µg/m³,VOC,
80110,REGINA-2505 11TH. AVENUE,p-Cymene,2012-04-27T00:00,0.007,µg/m³,VOC,
80110,REGINA-2505 11TH. AVENUE,p-Cymene,2012-05-03T00:00,0.009,µg/m³,VOC,
80110,REGINA-2505 11TH. AVENUE,p-Cymene,2012-05-09T00:00,0.026,µg/m³,VOC,
80110,REGINA-2505 11TH. AVENUE,p-Cymene,2012-05-15T00:00,0.020,µg/m³,VOC,
80110,REGINA-2505 11TH. AVENUE,p-Cymene,2012-05-21T00:00,0.012,µg/m³,VOC,
80110,REGINA-2505 11TH. AVENUE,p-Cymene,2012-05-30T00:00,0.007,µg/m³,VOC,
80110,REGINA-2505 11TH. AVENUE,p-Cymene,2012-06-02T00:00,0.062,µg/m³,VOC,
80110,REGINA-2505 11TH. AVENUE,p-Cymene,2012-06-08T00:00,0.074,µg/m³,VOC,
80110,REGINA-2505 11TH. AVENUE,p-Cymene,2012-06-14T00:00,0.074,µg/m³,VOC,
80110,REGINA-2505 11TH. AVENUE,p-Cymene,2012-06-20T00:00,0.097,µg/m³,VOC,
80110,REGINA-2505 11TH. AVENUE,p-Cymene,2012-06-26T00:00,0.071,µg/m³,VOC,
80110,REGINA-2505 11TH. AVENUE,p-Cymene,2012-07-08T00:00,0.051,µg/m³,VOC,
80110,REGINA-2505 11TH. AVENUE,p-Cymene,2012-07-14T00:00,0.054,µg/m³,VOC,
80110,REGINA-2505 11TH. AVENUE,p-Cymene,2012-07-20T00:00,0.052,µg/m³,VOC,
80110,REGINA-2505 11TH. AVENUE,p-Cymene,2012-07-26T00:00,0.023,µg/m³,VOC,
80110,REGINA-2505 11TH. AVENUE,p-Cymene,2012-07-26T00:00,0.047,µg/m³,VOC,
80110,REGINA-2505 11TH. AVENUE,p-Cymene,2012-07-31T00:00,0.012,µg/m³,VOC,
80110,REGINA-2505 11TH. AVENUE,p-Cymene,2012-08-01T00:00,0.052,µg/m³,VOC,
80110,REGINA-2505 11TH. AVENUE,p-Cymene,2012-08-07T00:00,0.041,µg/m³,VOC,
80110,REGINA-2505 11TH. AVENUE,p-Cymene,2012-08-13T00:00,0.040,µg/m³,VOC,
80110,REGINA-2505 11TH. AVENUE,p-Cymene,2012-08-31T00:00,0.027,µg/m³,VOC,
80110,REGINA-2505 11TH. AVENUE,p-Cymene,2012-09-01T00:00,0.008,µg/m³,VOC,
80110,REGINA-2505 11TH. AVENUE,p-Cymene,2012-09-06T00:00,0.026,µg/m³,VOC,
80110,REGINA-2505 11TH. AVENUE,p-Cymene,2012-09-06T00:00,0.048,µg/m³,VOC,
80110,REGINA-2505 11TH. AVENUE,p-Cymene,2012-09-12T00:00,0.033,µg/m³,VOC,
80110,REGINA-2505 11TH. AVENUE,p-Cymene,2012-09-18T00:00,0.023,µg/m³,VOC,
80110,REGINA-2505 11TH. AVENUE,p-Cymene,2012-09-24T00:00,0.027,µg/m³,VOC,
80110,REGINA-2505 11TH. AVENUE,p-Cymene,2012-09-30T00:00,0.010,µg/m³,VOC,
80110,REGINA-2505 11TH. AVENUE,p-Cymene,2012-09-30T00:00,0.043,µg/m³,VOC,
80110,REGINA-2505 11TH. AVENUE,p-Cymene,2012-10-06T00:00,0.017,µg/m³,VOC,
80110,REGINA-2505 11TH. AVENUE,p-Cymene,2012-10-10T00:00,0.007,µg/m³,VOC,
80110,REGINA-2505 11TH. AVENUE,p-Cymene,2012-10-12T00:00,0.018,µg/m³,VOC,
80110,REGINA-2505 11TH. AVENUE,p-Cymene,2012-10-24T00:00,0.013,µg/m³,VOC,
80110,REGINA-2505 11TH. AVENUE,p-Cymene,2012-10-30T00:00,0.025,µg/m³,VOC,
80110,REGINA-2505 11TH. AVENUE,p-Cymene,2012-11-05T00:00,0.016,µg/m³,VOC,
80110,REGINA-2505 11TH. AVENUE,p-Cymene,2012-11-11T00:00,0.007,µg/m³,VOC,
80110,REGINA-2505 11TH. AVENUE,p-Cymene,2012-11-17T00:00,0.038,µg/m³,VOC,
80110,REGINA-2505 11TH. AVENUE,p-Cymene,2012-11-23T00:00,0.057,µg/m³,VOC,
80110,REGINA-2505 11TH. AVENUE,p-Cymene,2012-11-29T00:00,0.090,µg/m³,VOC,
80110,REGINA-2505 11TH. AVENUE,p-Cymene,2012-12-05T00:00,0.027,µg/m³,VOC,
80110,REGINA-2505 11TH. AVENUE,p-Cymene,2012-12-11T00:00,0.028,µg/m³,VOC,
80110,REGINA-2505 11TH. AVENUE,p-Cymene,2012-12-17T00:00,0.083,µg/m³,VOC,
80110,REGINA-2505 11TH. AVENUE,p-Cymene,2012-12-23T00:00,0.050,µg/m³,VOC,
80110,REGINA-2505 11TH. AVENUE,p-Cymene,2012-12-29T00:00,0.068,µg/m³,VOC,
