﻿NAPS_Site_ID,Station_Name,Pollutant,Date,Value,Units,Report_Type,Method
50115,MONTRÉAL-MAISONNEUVE,Indane,2007-01-06T00:00,0.135,µg/m³,VOC,GC-MS
50115,MONTRÉAL-MAISONNEUVE,Indane,2007-01-12T00:00,0.110,µg/m³,VOC,GC-MS
50115,MONTRÉAL-MAISONNEUVE,Indane,2007-01-18T00:00,0.100,µg/m³,VOC,GC-MS
50115,MONTRÉAL-MAISONNEUVE,Indane,2007-01-24T00:00,0.076,µg/m³,VOC,GC-MS
50115,MONTRÉAL-MAISONNEUVE,Indane,2007-01-30T00:00,0.027,µg/m³,VOC,GC-MS
50115,MONTRÉAL-MAISONNEUVE,Indane,2007-02-05T00:00,0.028,µg/m³,VOC,GC-MS
50115,MONTRÉAL-MAISONNEUVE,Indane,2007-02-11T00:00,0.043,µg/m³,VOC,GC-MS
50115,MONTRÉAL-MAISONNEUVE,Indane,2007-02-17T00:00,0.047,µg/m³,VOC,GC-MS
50115,MONTRÉAL-MAISONNEUVE,Indane,2007-02-23T00:00,0.010,µg/m³,VOC,GC-MS
50115,MONTRÉAL-MAISONNEUVE,Indane,2007-03-01T00:00,0.062,µg/m³,VOC,GC-MS
50115,MONTRÉAL-MAISONNEUVE,Indane,2007-03-07T00:00,0.031,µg/m³,VOC,GC-MS
50115,MONTRÉAL-MAISONNEUVE,Indane,2007-03-13T00:00,0.169,µg/m³,VOC,GC-MS
50115,MONTRÉAL-MAISONNEUVE,Indane,2007-03-19T00:00,0.029,µg/m³,VOC,GC-MS
50115,MONTRÉAL-MAISONNEUVE,Indane,2007-03-25T00:00,0.034,µg/m³,VOC,GC-MS
50115,MONTRÉAL-MAISONNEUVE,Indane,2007-03-31T00:00,0.004,µg/m³,VOC,GC-MS
50115,MONTRÉAL-MAISONNEUVE,Indane,2007-04-06T00:00,0.065,µg/m³,VOC,GC-MS
50115,MONTRÉAL-MAISONNEUVE,Indane,2007-04-12T00:00,0.079,µg/m³,VOC,GC-MS
50115,MONTRÉAL-MAISONNEUVE,Indane,2007-04-18T00:00,0.089,µg/m³,VOC,GC-MS
50115,MONTRÉAL-MAISONNEUVE,Indane,2007-04-24T00:00,0.110,µg/m³,VOC,GC-MS
50115,MONTRÉAL-MAISONNEUVE,Indane,2007-04-30T00:00,0.115,µg/m³,VOC,GC-MS
50115,MONTRÉAL-MAISONNEUVE,Indane,2007-05-06T00:00,0.030,µg/m³,VOC,GC-MS
50115,MONTRÉAL-MAISONNEUVE,Indane,2007-05-12T00:00,0.071,µg/m³,VOC,GC-MS
50115,MONTRÉAL-MAISONNEUVE,Indane,2007-05-18T00:00,0.184,µg/m³,VOC,GC-MS
50115,MONTRÉAL-MAISONNEUVE,Indane,2007-05-24T00:00,0.216,µg/m³,VOC,GC-MS
50115,MONTRÉAL-MAISONNEUVE,Indane,2007-05-30T00:00,0.143,µg/m³,VOC,GC-MS
50115,MONTRÉAL-MAISONNEUVE,Indane,2007-06-05T00:00,0.145,µg/m³,VOC,GC-MS
50115,MONTRÉAL-MAISONNEUVE,Indane,2007-06-11T00:00,0.261,µg/m³,VOC,GC-MS
50115,MONTRÉAL-MAISONNEUVE,Indane,2007-06-17T00:00,0.136,µg/m³,VOC,GC-MS
50115,MONTRÉAL-MAISONNEUVE,Indane,2007-06-23T00:00,0.179,µg/m³,VOC,GC-MS
50115,MONTRÉAL-MAISONNEUVE,Indane,2007-06-29T00:00,0.226,µg/m³,VOC,GC-MS
50115,MONTRÉAL-MAISONNEUVE,Indane,2007-07-05T00:00,0.133,µg/m³,VOC,GC-MS
50115,MONTRÉAL-MAISONNEUVE,Indane,2007-07-11T00:00,0.137,µg/m³,VOC,GC-MS
50115,MONTRÉAL-MAISONNEUVE,Indane,2007-07-17T00:00,0.157,µg/m³,VOC,GC-MS
50115,MONTRÉAL-MAISONNEUVE,Indane,2007-07-23T00:00,0.208,µg/m³,VOC,GC-MS
50115,MONTRÉAL-MAISONNEUVE,Indane,2007-07-29T00:00,0.083,µg/m³,VOC,GC-MS
50115,MONTRÉAL-MAISONNEUVE,Indane,2007-08-04T00:00,0.141,µg/m³,VOC,GC-MS
50115,MONTRÉAL-MAISONNEUVE,Indane,2007-08-10T00:00,0.127,µg/m³,VOC,GC-MS
50115,MONTRÉAL-MAISONNEUVE,Indane,2007-08-10T00:00,0.162,µg/m³,VOC,GC-MS
50115,MONTRÉAL-MAISONNEUVE,Indane,2007-08-22T00:00,0.114,µg/m³,VOC,GC-MS
50115,MONTRÉAL-MAISONNEUVE,Indane,2007-08-28T00:00,0.223,µg/m³,VOC,GC-MS
50115,MONTRÉAL-MAISONNEUVE,Indane,2007-09-03T00:00,0.051,µg/m³,VOC,GC-MS
50115,MONTRÉAL-MAISONNEUVE,Indane,2007-09-09T00:00,0.053,µg/m³,VOC,GC-MS
50115,MONTRÉAL-MAISONNEUVE,Indane,2007-09-15T00:00,0.073,µg/m³,VOC,GC-MS
50115,MONTRÉAL-MAISONNEUVE,Indane,2007-09-21T00:00,0.138,µg/m³,VOC,GC-MS
50115,MONTRÉAL-MAISONNEUVE,Indane,2007-09-27T00:00,0.203,µg/m³,VOC,GC-MS
50115,MONTRÉAL-MAISONNEUVE,Indane,2007-10-03T00:00,0.105,µg/m³,VOC,GC-MS
50115,MONTRÉAL-MAISONNEUVE,Indane,2007-10-09T00:00,0.090,µg/m³,VOC,GC-MS
50115,MONTRÉAL-MAISONNEUVE,Indane,2007-10-15T00:00,0.113,µg/m³,VOC,GC-MS
50115,MONTRÉAL-MAISONNEUVE,Indane,2007-10-21T00:00,0.047,µg/m³,VOC,GC-MS
50115,MONTRÉAL-MAISONNEUVE,Indane,2007-10-27T00:00,0.096,µg/m³,VOC,GC-MS
50115,MONTRÉAL-MAISONNEUVE,Indane,2007-11-02T00:00,0.094,µg/m³,VOC,GC-MS
50115,MONTRÉAL-MAISONNEUVE,Indane,2007-11-08T00:00,0.065,µg/m³,VOC,GC-MS
50115,MONTRÉAL-MAISONNEUVE,Indane,2007-11-14T00:00,0.136,µg/m³,VOC,GC-MS
50115,MONTRÉAL-MAISONNEUVE,Indane,2007-11-20T00:00,0.103,µg/m³,VOC,GC-MS
50115,MONTRÉAL-MAISONNEUVE,Indane,2007-11-26T00:00,0.157,µg/m³,VOC,GC-MS
50115,MONTRÉAL-MAISONNEUVE,Indane,2007-12-02T00:00,0.062,µg/m³,VOC,GC-MS
50115,MONTRÉAL-MAISONNEUVE,Indane,2007-12-08T00:00,0.065,µg/m³,VOC,GC-MS
50115,MONTRÉAL-MAISONNEUVE,Indane,2007-12-14T00:00,0.089,µg/m³,VOC,GC-MS
50115,MONTRÉAL-MAISONNEUVE,Indane,2007-12-20T00:00,0.136,µg/m³,VOC,GC-MS
50115,MONTRÉAL-MAISONNEUVE,Indane,2007-12-26T00:00,0.073,µg/m³,VOC,GC-MS
