﻿NAPS_Site_ID,Station_Name,Pollutant,Date,Value,Units,Report_Type,Method
55201,LEMIEUX,2-Methylhexane,1999-09-09T00:00,0.040,µg/m³,VOC,GC-MS
55201,LEMIEUX,2-Methylhexane,1999-09-15T00:00,0.048,µg/m³,VOC,GC-MS
55201,LEMIEUX,2-Methylhexane,1999-09-21T00:00,0.032,µg/m³,VOC,GC-MS
55201,LEMIEUX,2-Methylhexane,1999-09-27T00:00,0.049,µg/m³,VOC,GC-MS
55201,LEMIEUX,2-Methylhexane,1999-10-03T00:00,0.032,µg/m³,VOC,GC-MS
55201,LEMIEUX,2-Methylhexane,1999-10-09T00:00,0.064,µg/m³,VOC,GC-MS
55201,LEMIEUX,2-Methylhexane,1999-10-15T00:00,0.216,µg/m³,VOC,GC-MS
55201,LEMIEUX,2-Methylhexane,1999-10-21T00:00,0.175,µg/m³,VOC,GC-MS
55201,LEMIEUX,2-Methylhexane,1999-11-02T00:00,0.072,µg/m³,VOC,GC-MS
55201,LEMIEUX,2-Methylhexane,1999-11-08T00:00,0.033,µg/m³,VOC,GC-MS
55201,LEMIEUX,2-Methylhexane,1999-11-14T00:00,0.170,µg/m³,VOC,GC-MS
55201,LEMIEUX,2-Methylhexane,1999-11-20T00:00,0.162,µg/m³,VOC,GC-MS
55201,LEMIEUX,2-Methylhexane,1999-11-26T00:00,0.064,µg/m³,VOC,GC-MS
55201,LEMIEUX,2-Methylhexane,1999-12-02T00:00,0.175,µg/m³,VOC,GC-MS
55201,LEMIEUX,2-Methylhexane,1999-12-08T00:00,0.056,µg/m³,VOC,GC-MS
55201,LEMIEUX,2-Methylhexane,1999-12-14T00:00,0.055,µg/m³,VOC,GC-MS
55201,LEMIEUX,2-Methylhexane,1999-12-20T00:00,0.054,µg/m³,VOC,GC-MS
55201,LEMIEUX,2-Methylhexane,1999-12-26T00:00,0.088,µg/m³,VOC,GC-MS
