﻿NAPS_Site_ID,Station_Name,Pollutant,Date,Value,Units,Report_Type,Method
101005,ABBOTSFORD AIRPORT-2,OC1(B),2020-01-04T00:00,0.000,µg/m³,PM2.5,TOR(OC/EC)
101005,ABBOTSFORD AIRPORT-2,OC1(B),2020-01-10T00:00,0.000,µg/m³,PM2.5,TOR(OC/EC)
101005,ABBOTSFORD AIRPORT-2,OC1(B),2020-01-22T00:00,0.106,µg/m³,PM2.5,TOR(OC/EC)
101005,ABBOTSFORD AIRPORT-2,OC1(B),2020-01-28T00:00,0.038,µg/m³,PM2.5,TOR(OC/EC)
101005,ABBOTSFORD AIRPORT-2,OC1(B),2020-02-03T00:00,0.203,µg/m³,PM2.5,TOR(OC/EC)
101005,ABBOTSFORD AIRPORT-2,OC1(B),2020-02-09T00:00,0.324,µg/m³,PM2.5,TOR(OC/EC)
101005,ABBOTSFORD AIRPORT-2,OC1(B),2020-02-15T00:00,0.178,µg/m³,PM2.5,TOR(OC/EC)
101005,ABBOTSFORD AIRPORT-2,OC1(B),2020-02-21T00:00,0.135,µg/m³,PM2.5,TOR(OC/EC)
101005,ABBOTSFORD AIRPORT-2,OC1(B),2020-02-27T00:00,0.231,µg/m³,PM2.5,TOR(OC/EC)
101005,ABBOTSFORD AIRPORT-2,OC1(B),2020-03-04T00:00,0.131,µg/m³,PM2.5,TOR(OC/EC)
101005,ABBOTSFORD AIRPORT-2,OC1(B),2020-03-10T00:00,0.493,µg/m³,PM2.5,TOR(OC/EC)
101005,ABBOTSFORD AIRPORT-2,OC1(B),2020-03-16T00:00,0.261,µg/m³,PM2.5,TOR(OC/EC)
101005,ABBOTSFORD AIRPORT-2,OC1(B),2020-03-22T00:00,0.292,µg/m³,PM2.5,TOR(OC/EC)
101005,ABBOTSFORD AIRPORT-2,OC1(B),2020-03-28T00:00,0.401,µg/m³,PM2.5,TOR(OC/EC)
