﻿NAPS_Site_ID,Station_Name,Pollutant,Date,Value,Units,Report_Type,Method
100134,VANCOUVER INTL. AIRPORT,Camphene,2009-01-01T00:00,0.015,µg/m³,VOC,
100134,VANCOUVER INTL. AIRPORT,Camphene,2009-01-13T00:00,0.059,µg/m³,VOC,
100134,VANCOUVER INTL. AIRPORT,Camphene,2009-01-25T00:00,0.145,µg/m³,VOC,
100134,VANCOUVER INTL. AIRPORT,Camphene,2009-02-06T00:00,0.079,µg/m³,VOC,
100134,VANCOUVER INTL. AIRPORT,Camphene,2009-03-14T00:00,0.010,µg/m³,VOC,
100134,VANCOUVER INTL. AIRPORT,Camphene,2009-03-26T00:00,0.062,µg/m³,VOC,
100134,VANCOUVER INTL. AIRPORT,Camphene,2009-04-07T00:00,0.029,µg/m³,VOC,
100134,VANCOUVER INTL. AIRPORT,Camphene,2009-04-19T00:00,0.027,µg/m³,VOC,
100134,VANCOUVER INTL. AIRPORT,Camphene,2009-05-01T00:00,0.051,µg/m³,VOC,
100134,VANCOUVER INTL. AIRPORT,Camphene,2009-05-13T00:00,0.022,µg/m³,VOC,
100134,VANCOUVER INTL. AIRPORT,Camphene,2009-05-25T00:00,0.021,µg/m³,VOC,
100134,VANCOUVER INTL. AIRPORT,Camphene,2009-06-06T00:00,0.018,µg/m³,VOC,
100134,VANCOUVER INTL. AIRPORT,Camphene,2009-06-18T00:00,0.038,µg/m³,VOC,
100134,VANCOUVER INTL. AIRPORT,Camphene,2009-06-30T00:00,0.016,µg/m³,VOC,
100134,VANCOUVER INTL. AIRPORT,Camphene,2009-07-12T00:00,0.038,µg/m³,VOC,
100134,VANCOUVER INTL. AIRPORT,Camphene,2009-08-05T00:00,0.012,µg/m³,VOC,
100134,VANCOUVER INTL. AIRPORT,Camphene,2009-08-17T00:00,0.032,µg/m³,VOC,
100134,VANCOUVER INTL. AIRPORT,Camphene,2009-08-29T00:00,0.021,µg/m³,VOC,
100134,VANCOUVER INTL. AIRPORT,Camphene,2009-09-22T00:00,0.124,µg/m³,VOC,
100134,VANCOUVER INTL. AIRPORT,Camphene,2009-10-04T00:00,0.051,µg/m³,VOC,
100134,VANCOUVER INTL. AIRPORT,Camphene,2009-10-16T00:00,0.058,µg/m³,VOC,
100134,VANCOUVER INTL. AIRPORT,Camphene,2009-10-28T00:00,0.163,µg/m³,VOC,
100134,VANCOUVER INTL. AIRPORT,Camphene,2009-11-21T00:00,0.035,µg/m³,VOC,
100134,VANCOUVER INTL. AIRPORT,Camphene,2009-12-03T00:00,0.374,µg/m³,VOC,
100134,VANCOUVER INTL. AIRPORT,Camphene,2009-12-15T00:00,0.080,µg/m³,VOC,
100134,VANCOUVER INTL. AIRPORT,Camphene,2009-12-27T00:00,0.083,µg/m³,VOC,
