﻿NAPS_Site_ID,Station_Name,Pollutant,Date,Value,Units,Report_Type,Method
61007,AAMJIWNAANG,Bromodichloromethane,2008-08-16T00:00,0.000,µg/m³,VOC,N/A
61007,AAMJIWNAANG,Bromodichloromethane,2008-08-28T00:00,0.000,µg/m³,VOC,N/A
61007,AAMJIWNAANG,Bromodichloromethane,2008-09-03T00:00,0.005,µg/m³,VOC,N/A
61007,AAMJIWNAANG,Bromodichloromethane,2008-09-09T00:00,0.007,µg/m³,VOC,N/A
61007,AAMJIWNAANG,Bromodichloromethane,2008-09-21T00:00,0.004,µg/m³,VOC,N/A
61007,AAMJIWNAANG,Bromodichloromethane,2008-10-03T00:00,0.000,µg/m³,VOC,N/A
61007,AAMJIWNAANG,Bromodichloromethane,2008-10-15T00:00,0.004,µg/m³,VOC,N/A
61007,AAMJIWNAANG,Bromodichloromethane,2008-10-27T00:00,0.000,µg/m³,VOC,N/A
61007,AAMJIWNAANG,Bromodichloromethane,2008-11-08T00:00,0.000,µg/m³,VOC,N/A
61007,AAMJIWNAANG,Bromodichloromethane,2008-11-20T00:00,0.000,µg/m³,VOC,N/A
61007,AAMJIWNAANG,Bromodichloromethane,2008-12-02T00:00,0.000,µg/m³,VOC,N/A
61007,AAMJIWNAANG,Bromodichloromethane,2008-12-14T00:00,0.000,µg/m³,VOC,N/A
