﻿NAPS_Site_ID,Station_Name,Pollutant,Date,Value,Units,Report_Type,Method
101005,ABBOTSFORD AIRPORT-2,m and p-Xylene,2020-01-04T00:00,0.036,µg/m³,VOC,GC-MS
101005,ABBOTSFORD AIRPORT-2,m and p-Xylene,2020-01-10T00:00,0.243,µg/m³,VOC,GC-MS
101005,ABBOTSFORD AIRPORT-2,m and p-Xylene,2020-01-22T00:00,0.766,µg/m³,VOC,GC-MS
101005,ABBOTSFORD AIRPORT-2,m and p-Xylene,2020-01-28T00:00,0.248,µg/m³,VOC,GC-MS
101005,ABBOTSFORD AIRPORT-2,m and p-Xylene,2020-02-03T00:00,0.213,µg/m³,VOC,GC-MS
101005,ABBOTSFORD AIRPORT-2,m and p-Xylene,2020-02-15T00:00,0.075,µg/m³,VOC,GC-MS
