﻿NAPS_Site_ID,Station_Name,Pollutant,Date,Value,Units,Report_Type,Method
50103,MONTRÉAL-SAINT-JEAN-BAPTISTE,Freon 11,1992-01-07T00:00,1.533,µg/m³,VOC,GC-MS
50103,MONTRÉAL-SAINT-JEAN-BAPTISTE,Freon 11,1992-01-13T00:00,2.177,µg/m³,VOC,GC-MS
50103,MONTRÉAL-SAINT-JEAN-BAPTISTE,Freon 11,1992-01-19T00:00,1.468,µg/m³,VOC,GC-MS
50103,MONTRÉAL-SAINT-JEAN-BAPTISTE,Freon 11,1992-01-25T00:00,1.638,µg/m³,VOC,GC-MS
50103,MONTRÉAL-SAINT-JEAN-BAPTISTE,Freon 11,1992-01-31T00:00,2.139,µg/m³,VOC,GC-MS
50103,MONTRÉAL-SAINT-JEAN-BAPTISTE,Freon 11,1992-02-06T00:00,1.694,µg/m³,VOC,GC-MS
50103,MONTRÉAL-SAINT-JEAN-BAPTISTE,Freon 11,1992-02-12T00:00,99.524,µg/m³,VOC,GC-MS
50103,MONTRÉAL-SAINT-JEAN-BAPTISTE,Freon 11,1992-02-18T00:00,3.268,µg/m³,VOC,GC-MS
50103,MONTRÉAL-SAINT-JEAN-BAPTISTE,Freon 11,1992-02-24T00:00,1.775,µg/m³,VOC,GC-MS
50103,MONTRÉAL-SAINT-JEAN-BAPTISTE,Freon 11,1992-03-01T00:00,1.748,µg/m³,VOC,GC-MS
50103,MONTRÉAL-SAINT-JEAN-BAPTISTE,Freon 11,1992-03-07T00:00,1.586,µg/m³,VOC,GC-MS
50103,MONTRÉAL-SAINT-JEAN-BAPTISTE,Freon 11,1992-03-13T00:00,1.463,µg/m³,VOC,GC-MS
50103,MONTRÉAL-SAINT-JEAN-BAPTISTE,Freon 11,1992-03-19T00:00,1.691,µg/m³,VOC,GC-MS
50103,MONTRÉAL-SAINT-JEAN-BAPTISTE,Freon 11,1992-03-25T00:00,1.619,µg/m³,VOC,GC-MS
50103,MONTRÉAL-SAINT-JEAN-BAPTISTE,Freon 11,1992-03-31T00:00,1.822,µg/m³,VOC,GC-MS
50103,MONTRÉAL-SAINT-JEAN-BAPTISTE,Freon 11,1992-04-06T00:00,1.561,µg/m³,VOC,GC-MS
50103,MONTRÉAL-SAINT-JEAN-BAPTISTE,Freon 11,1992-04-12T00:00,1.593,µg/m³,VOC,GC-MS
50103,MONTRÉAL-SAINT-JEAN-BAPTISTE,Freon 11,1992-04-18T00:00,1.835,µg/m³,VOC,GC-MS
50103,MONTRÉAL-SAINT-JEAN-BAPTISTE,Freon 11,1992-04-24T00:00,1.715,µg/m³,VOC,GC-MS
50103,MONTRÉAL-SAINT-JEAN-BAPTISTE,Freon 11,1992-04-30T00:00,1.698,µg/m³,VOC,GC-MS
50103,MONTRÉAL-SAINT-JEAN-BAPTISTE,Freon 11,1992-05-06T00:00,1.701,µg/m³,VOC,GC-MS
50103,MONTRÉAL-SAINT-JEAN-BAPTISTE,Freon 11,1992-05-12T00:00,1.803,µg/m³,VOC,GC-MS
50103,MONTRÉAL-SAINT-JEAN-BAPTISTE,Freon 11,1992-05-18T00:00,1.788,µg/m³,VOC,GC-MS
50103,MONTRÉAL-SAINT-JEAN-BAPTISTE,Freon 11,1992-05-24T00:00,1.735,µg/m³,VOC,GC-MS
50103,MONTRÉAL-SAINT-JEAN-BAPTISTE,Freon 11,1992-05-30T00:00,1.826,µg/m³,VOC,GC-MS
50103,MONTRÉAL-SAINT-JEAN-BAPTISTE,Freon 11,1992-06-05T00:00,1.629,µg/m³,VOC,GC-MS
50103,MONTRÉAL-SAINT-JEAN-BAPTISTE,Freon 11,1992-06-11T00:00,1.910,µg/m³,VOC,GC-MS
50103,MONTRÉAL-SAINT-JEAN-BAPTISTE,Freon 11,1992-06-17T00:00,1.897,µg/m³,VOC,GC-MS
50103,MONTRÉAL-SAINT-JEAN-BAPTISTE,Freon 11,1992-06-29T00:00,1.749,µg/m³,VOC,GC-MS
50103,MONTRÉAL-SAINT-JEAN-BAPTISTE,Freon 11,1992-07-05T00:00,1.664,µg/m³,VOC,GC-MS
50103,MONTRÉAL-SAINT-JEAN-BAPTISTE,Freon 11,1992-07-11T00:00,1.513,µg/m³,VOC,GC-MS
50103,MONTRÉAL-SAINT-JEAN-BAPTISTE,Freon 11,1992-07-17T00:00,1.804,µg/m³,VOC,GC-MS
50103,MONTRÉAL-SAINT-JEAN-BAPTISTE,Freon 11,1992-07-23T00:00,1.796,µg/m³,VOC,GC-MS
50103,MONTRÉAL-SAINT-JEAN-BAPTISTE,Freon 11,1992-07-29T00:00,1.812,µg/m³,VOC,GC-MS
50103,MONTRÉAL-SAINT-JEAN-BAPTISTE,Freon 11,1992-08-04T00:00,2.133,µg/m³,VOC,GC-MS
50103,MONTRÉAL-SAINT-JEAN-BAPTISTE,Freon 11,1992-08-10T00:00,2.077,µg/m³,VOC,GC-MS
50103,MONTRÉAL-SAINT-JEAN-BAPTISTE,Freon 11,1992-08-16T00:00,1.913,µg/m³,VOC,GC-MS
50103,MONTRÉAL-SAINT-JEAN-BAPTISTE,Freon 11,1992-08-22T00:00,1.869,µg/m³,VOC,GC-MS
50103,MONTRÉAL-SAINT-JEAN-BAPTISTE,Freon 11,1992-09-03T00:00,1.919,µg/m³,VOC,GC-MS
50103,MONTRÉAL-SAINT-JEAN-BAPTISTE,Freon 11,1992-09-09T00:00,1.749,µg/m³,VOC,GC-MS
50103,MONTRÉAL-SAINT-JEAN-BAPTISTE,Freon 11,1992-09-15T00:00,2.084,µg/m³,VOC,GC-MS
50103,MONTRÉAL-SAINT-JEAN-BAPTISTE,Freon 11,1992-09-21T00:00,2.302,µg/m³,VOC,GC-MS
50103,MONTRÉAL-SAINT-JEAN-BAPTISTE,Freon 11,1992-09-27T00:00,1.702,µg/m³,VOC,GC-MS
50103,MONTRÉAL-SAINT-JEAN-BAPTISTE,Freon 11,1992-10-03T00:00,1.679,µg/m³,VOC,GC-MS
50103,MONTRÉAL-SAINT-JEAN-BAPTISTE,Freon 11,1992-10-09T00:00,2.277,µg/m³,VOC,GC-MS
50103,MONTRÉAL-SAINT-JEAN-BAPTISTE,Freon 11,1992-10-15T00:00,1.778,µg/m³,VOC,GC-MS
50103,MONTRÉAL-SAINT-JEAN-BAPTISTE,Freon 11,1992-10-21T00:00,1.744,µg/m³,VOC,GC-MS
50103,MONTRÉAL-SAINT-JEAN-BAPTISTE,Freon 11,1992-10-27T00:00,1.618,µg/m³,VOC,GC-MS
50103,MONTRÉAL-SAINT-JEAN-BAPTISTE,Freon 11,1992-11-02T00:00,1.759,µg/m³,VOC,GC-MS
50103,MONTRÉAL-SAINT-JEAN-BAPTISTE,Freon 11,1992-11-08T00:00,1.810,µg/m³,VOC,GC-MS
50103,MONTRÉAL-SAINT-JEAN-BAPTISTE,Freon 11,1992-11-14T00:00,1.803,µg/m³,VOC,GC-MS
50103,MONTRÉAL-SAINT-JEAN-BAPTISTE,Freon 11,1992-11-20T00:00,2.244,µg/m³,VOC,GC-MS
50103,MONTRÉAL-SAINT-JEAN-BAPTISTE,Freon 11,1992-11-26T00:00,1.815,µg/m³,VOC,GC-MS
50103,MONTRÉAL-SAINT-JEAN-BAPTISTE,Freon 11,1992-12-20T00:00,2.335,µg/m³,VOC,GC-MS
50103,MONTRÉAL-SAINT-JEAN-BAPTISTE,Freon 11,1992-12-26T00:00,1.863,µg/m³,VOC,GC-MS
