﻿NAPS_Site_ID,Station_Name,Pollutant,Date,Value,Units,Report_Type,Method
50104,ONTARIO,OC_RA,2005-02-27T00:00,3.087,µg/m³,SPEC,
50104,ONTARIO,OC_RA,2005-03-02T00:00,2.047,µg/m³,SPEC,
50104,ONTARIO,OC_RA,2005-03-05T00:00,3.643,µg/m³,SPEC,
50104,ONTARIO,OC_RA,2005-03-08T00:00,2.723,µg/m³,SPEC,
50104,ONTARIO,OC_RA,2005-03-11T00:00,3.921,µg/m³,SPEC,
50104,ONTARIO,OC_RA,2005-03-14T00:00,3.649,µg/m³,SPEC,
50104,ONTARIO,OC_RA,2005-03-17T00:00,3.100,µg/m³,SPEC,
50104,ONTARIO,OC_RA,2005-03-20T00:00,5.029,µg/m³,SPEC,
50104,ONTARIO,OC_RA,2005-03-23T00:00,2.998,µg/m³,SPEC,
50104,ONTARIO,OC_RA,2005-03-26T00:00,3.192,µg/m³,SPEC,
50104,ONTARIO,OC_RA,2005-04-01T00:00,3.436,µg/m³,SPEC,
50104,ONTARIO,OC_RA,2005-04-04T00:00,2.860,µg/m³,SPEC,
50104,ONTARIO,OC_RA,2005-04-07T00:00,3.803,µg/m³,SPEC,
50104,ONTARIO,OC_RA,2005-04-10T00:00,2.788,µg/m³,SPEC,
50104,ONTARIO,OC_RA,2005-04-13T00:00,2.543,µg/m³,SPEC,
50104,ONTARIO,OC_RA,2005-04-16T00:00,5.435,µg/m³,SPEC,
50104,ONTARIO,OC_RA,2005-04-19T00:00,4.377,µg/m³,SPEC,
50104,ONTARIO,OC_RA,2005-04-22T00:00,5.010,µg/m³,SPEC,
50104,ONTARIO,OC_RA,2005-04-25T00:00,2.144,µg/m³,SPEC,
50104,ONTARIO,OC_RA,2005-04-28T00:00,2.674,µg/m³,SPEC,
50104,ONTARIO,OC_RA,2005-05-01T00:00,2.806,µg/m³,SPEC,
50104,ONTARIO,OC_RA,2005-05-04T00:00,2.495,µg/m³,SPEC,
50104,ONTARIO,OC_RA,2005-05-07T00:00,2.807,µg/m³,SPEC,
50104,ONTARIO,OC_RA,2005-05-10T00:00,5.207,µg/m³,SPEC,
50104,ONTARIO,OC_RA,2005-05-13T00:00,2.664,µg/m³,SPEC,
50104,ONTARIO,OC_RA,2005-05-16T00:00,3.287,µg/m³,SPEC,
50104,ONTARIO,OC_RA,2005-05-19T00:00,3.222,µg/m³,SPEC,
50104,ONTARIO,OC_RA,2005-05-22T00:00,2.297,µg/m³,SPEC,
50104,ONTARIO,OC_RA,2005-05-25T00:00,3.221,µg/m³,SPEC,
50104,ONTARIO,OC_RA,2005-05-28T00:00,4.478,µg/m³,SPEC,
50104,ONTARIO,OC_RA,2005-05-31T00:00,5.429,µg/m³,SPEC,
50104,ONTARIO,OC_RA,2005-06-03T00:00,6.029,µg/m³,SPEC,
50104,ONTARIO,OC_RA,2005-06-06T00:00,7.845,µg/m³,SPEC,
50104,ONTARIO,OC_RA,2005-06-09T00:00,16.410,µg/m³,SPEC,
50104,ONTARIO,OC_RA,2005-06-12T00:00,5.691,µg/m³,SPEC,
50104,ONTARIO,OC_RA,2005-06-15T00:00,2.622,µg/m³,SPEC,
50104,ONTARIO,OC_RA,2005-06-18T00:00,2.221,µg/m³,SPEC,
50104,ONTARIO,OC_RA,2005-06-21T00:00,4.036,µg/m³,SPEC,
50104,ONTARIO,OC_RA,2005-06-24T00:00,4.947,µg/m³,SPEC,
50104,ONTARIO,OC_RA,2005-06-27T00:00,6.328,µg/m³,SPEC,
50104,ONTARIO,OC_RA,2005-06-30T00:00,4.502,µg/m³,SPEC,
50104,ONTARIO,OC_RA,2005-07-03T00:00,3.151,µg/m³,SPEC,
50104,ONTARIO,OC_RA,2005-07-06T00:00,2.977,µg/m³,SPEC,
50104,ONTARIO,OC_RA,2005-07-09T00:00,5.509,µg/m³,SPEC,
50104,ONTARIO,OC_RA,2005-07-12T00:00,9.515,µg/m³,SPEC,
50104,ONTARIO,OC_RA,2005-07-15T00:00,4.833,µg/m³,SPEC,
50104,ONTARIO,OC_RA,2005-07-18T00:00,5.096,µg/m³,SPEC,
50104,ONTARIO,OC_RA,2005-07-21T00:00,4.278,µg/m³,SPEC,
50104,ONTARIO,OC_RA,2005-07-24T00:00,3.653,µg/m³,SPEC,
50104,ONTARIO,OC_RA,2005-07-27T00:00,3.145,µg/m³,SPEC,
50104,ONTARIO,OC_RA,2005-08-08T00:00,5.559,µg/m³,SPEC,
50104,ONTARIO,OC_RA,2005-08-11T00:00,4.009,µg/m³,SPEC,
50104,ONTARIO,OC_RA,2005-08-14T00:00,5.261,µg/m³,SPEC,
50104,ONTARIO,OC_RA,2005-08-17T00:00,2.970,µg/m³,SPEC,
50104,ONTARIO,OC_RA,2005-08-20T00:00,4.234,µg/m³,SPEC,
50104,ONTARIO,OC_RA,2005-08-23T00:00,2.540,µg/m³,SPEC,
50104,ONTARIO,OC_RA,2005-08-26T00:00,4.439,µg/m³,SPEC,
50104,ONTARIO,OC_RA,2005-08-29T00:00,3.705,µg/m³,SPEC,
50104,ONTARIO,OC_RA,2005-09-01T00:00,4.036,µg/m³,SPEC,
50104,ONTARIO,OC_RA,2005-09-04T00:00,3.304,µg/m³,SPEC,
50104,ONTARIO,OC_RA,2005-09-07T00:00,4.677,µg/m³,SPEC,
50104,ONTARIO,OC_RA,2005-09-10T00:00,3.545,µg/m³,SPEC,
50104,ONTARIO,OC_RA,2005-09-16T00:00,4.201,µg/m³,SPEC,
50104,ONTARIO,OC_RA,2005-09-19T00:00,4.956,µg/m³,SPEC,
50104,ONTARIO,OC_RA,2005-09-22T00:00,4.408,µg/m³,SPEC,
50104,ONTARIO,OC_RA,2005-09-25T00:00,3.714,µg/m³,SPEC,
50104,ONTARIO,OC_RA,2005-09-28T00:00,3.237,µg/m³,SPEC,
50104,ONTARIO,OC_RA,2005-10-01T00:00,3.193,µg/m³,SPEC,
50104,ONTARIO,OC_RA,2005-10-04T00:00,6.815,µg/m³,SPEC,
50104,ONTARIO,OC_RA,2005-10-07T00:00,3.763,µg/m³,SPEC,
50104,ONTARIO,OC_RA,2005-10-10T00:00,2.601,µg/m³,SPEC,
50104,ONTARIO,OC_RA,2005-10-13T00:00,3.958,µg/m³,SPEC,
50104,ONTARIO,OC_RA,2005-10-19T00:00,3.749,µg/m³,SPEC,
50104,ONTARIO,OC_RA,2005-10-22T00:00,3.506,µg/m³,SPEC,
50104,ONTARIO,OC_RA,2005-10-25T00:00,2.167,µg/m³,SPEC,
50104,ONTARIO,OC_RA,2005-10-28T00:00,7.242,µg/m³,SPEC,
50104,ONTARIO,OC_RA,2005-10-31T00:00,4.915,µg/m³,SPEC,
50104,ONTARIO,OC_RA,2005-11-03T00:00,3.700,µg/m³,SPEC,
50104,ONTARIO,OC_RA,2005-11-06T00:00,3.470,µg/m³,SPEC,
50104,ONTARIO,OC_RA,2005-11-09T00:00,3.020,µg/m³,SPEC,
50104,ONTARIO,OC_RA,2005-11-12T00:00,4.927,µg/m³,SPEC,
50104,ONTARIO,OC_RA,2005-11-18T00:00,3.173,µg/m³,SPEC,
50104,ONTARIO,OC_RA,2005-11-24T00:00,3.360,µg/m³,SPEC,
50104,ONTARIO,OC_RA,2005-11-27T00:00,5.278,µg/m³,SPEC,
50104,ONTARIO,OC_RA,2005-12-03T00:00,1.849,µg/m³,SPEC,
50104,ONTARIO,OC_RA,2005-12-06T00:00,3.782,µg/m³,SPEC,
