﻿NAPS_Site_ID,Station_Name,Pollutant,Date,Value,Units,Report_Type,Method
40203,FOREST HILLS,"2,3,4-Trimethylpentane",2004-01-04T00:00,0.092,µg/m³,VOC,
40203,FOREST HILLS,"2,3,4-Trimethylpentane",2004-01-10T00:00,0.018,µg/m³,VOC,
40203,FOREST HILLS,"2,3,4-Trimethylpentane",2004-01-16T00:00,0.018,µg/m³,VOC,
40203,FOREST HILLS,"2,3,4-Trimethylpentane",2004-01-22T00:00,0.166,µg/m³,VOC,
40203,FOREST HILLS,"2,3,4-Trimethylpentane",2004-01-28T00:00,0.027,µg/m³,VOC,
40203,FOREST HILLS,"2,3,4-Trimethylpentane",2004-02-03T00:00,0.176,µg/m³,VOC,
40203,FOREST HILLS,"2,3,4-Trimethylpentane",2004-02-09T00:00,0.047,µg/m³,VOC,
40203,FOREST HILLS,"2,3,4-Trimethylpentane",2004-02-15T00:00,0.034,µg/m³,VOC,
40203,FOREST HILLS,"2,3,4-Trimethylpentane",2004-02-21T00:00,0.028,µg/m³,VOC,
40203,FOREST HILLS,"2,3,4-Trimethylpentane",2004-02-27T00:00,0.018,µg/m³,VOC,
40203,FOREST HILLS,"2,3,4-Trimethylpentane",2004-03-04T00:00,0.078,µg/m³,VOC,
40203,FOREST HILLS,"2,3,4-Trimethylpentane",2004-03-10T00:00,0.177,µg/m³,VOC,
40203,FOREST HILLS,"2,3,4-Trimethylpentane",2004-03-16T00:00,0.016,µg/m³,VOC,
40203,FOREST HILLS,"2,3,4-Trimethylpentane",2004-03-22T00:00,0.034,µg/m³,VOC,
40203,FOREST HILLS,"2,3,4-Trimethylpentane",2004-03-28T00:00,0.097,µg/m³,VOC,
40203,FOREST HILLS,"2,3,4-Trimethylpentane",2004-04-09T00:00,0.762,µg/m³,VOC,
40203,FOREST HILLS,"2,3,4-Trimethylpentane",2004-04-15T00:00,0.026,µg/m³,VOC,
40203,FOREST HILLS,"2,3,4-Trimethylpentane",2004-04-21T00:00,0.111,µg/m³,VOC,
40203,FOREST HILLS,"2,3,4-Trimethylpentane",2004-04-27T00:00,0.216,µg/m³,VOC,
40203,FOREST HILLS,"2,3,4-Trimethylpentane",2004-05-03T00:00,0.608,µg/m³,VOC,
40203,FOREST HILLS,"2,3,4-Trimethylpentane",2004-05-09T00:00,0.554,µg/m³,VOC,
40203,FOREST HILLS,"2,3,4-Trimethylpentane",2004-05-15T00:00,0.150,µg/m³,VOC,
40203,FOREST HILLS,"2,3,4-Trimethylpentane",2004-05-21T00:00,0.159,µg/m³,VOC,
40203,FOREST HILLS,"2,3,4-Trimethylpentane",2004-05-27T00:00,0.251,µg/m³,VOC,
40203,FOREST HILLS,"2,3,4-Trimethylpentane",2004-06-02T00:00,0.060,µg/m³,VOC,
40203,FOREST HILLS,"2,3,4-Trimethylpentane",2004-06-14T00:00,0.154,µg/m³,VOC,
40203,FOREST HILLS,"2,3,4-Trimethylpentane",2004-06-20T00:00,0.021,µg/m³,VOC,
40203,FOREST HILLS,"2,3,4-Trimethylpentane",2004-06-26T00:00,0.187,µg/m³,VOC,
40203,FOREST HILLS,"2,3,4-Trimethylpentane",2004-07-02T00:00,0.434,µg/m³,VOC,
40203,FOREST HILLS,"2,3,4-Trimethylpentane",2004-07-08T00:00,0.132,µg/m³,VOC,
40203,FOREST HILLS,"2,3,4-Trimethylpentane",2004-07-26T00:00,0.200,µg/m³,VOC,
40203,FOREST HILLS,"2,3,4-Trimethylpentane",2004-08-01T00:00,1.043,µg/m³,VOC,
40203,FOREST HILLS,"2,3,4-Trimethylpentane",2004-08-07T00:00,0.056,µg/m³,VOC,
40203,FOREST HILLS,"2,3,4-Trimethylpentane",2004-08-13T00:00,0.055,µg/m³,VOC,
40203,FOREST HILLS,"2,3,4-Trimethylpentane",2004-08-19T00:00,0.096,µg/m³,VOC,
40203,FOREST HILLS,"2,3,4-Trimethylpentane",2004-08-25T00:00,0.057,µg/m³,VOC,
40203,FOREST HILLS,"2,3,4-Trimethylpentane",2004-08-31T00:00,0.158,µg/m³,VOC,
40203,FOREST HILLS,"2,3,4-Trimethylpentane",2004-09-06T00:00,0.085,µg/m³,VOC,
40203,FOREST HILLS,"2,3,4-Trimethylpentane",2004-09-12T00:00,1.502,µg/m³,VOC,
40203,FOREST HILLS,"2,3,4-Trimethylpentane",2004-09-18T00:00,0.160,µg/m³,VOC,
40203,FOREST HILLS,"2,3,4-Trimethylpentane",2004-09-24T00:00,1.385,µg/m³,VOC,
40203,FOREST HILLS,"2,3,4-Trimethylpentane",2004-09-30T00:00,0.187,µg/m³,VOC,
40203,FOREST HILLS,"2,3,4-Trimethylpentane",2004-10-06T00:00,0.160,µg/m³,VOC,
40203,FOREST HILLS,"2,3,4-Trimethylpentane",2004-10-12T00:00,0.024,µg/m³,VOC,
40203,FOREST HILLS,"2,3,4-Trimethylpentane",2004-10-18T00:00,0.132,µg/m³,VOC,
40203,FOREST HILLS,"2,3,4-Trimethylpentane",2004-10-24T00:00,0.023,µg/m³,VOC,
40203,FOREST HILLS,"2,3,4-Trimethylpentane",2004-10-30T00:00,0.194,µg/m³,VOC,
40203,FOREST HILLS,"2,3,4-Trimethylpentane",2004-11-05T00:00,0.066,µg/m³,VOC,
40203,FOREST HILLS,"2,3,4-Trimethylpentane",2004-11-11T00:00,0.040,µg/m³,VOC,
40203,FOREST HILLS,"2,3,4-Trimethylpentane",2004-11-17T00:00,0.103,µg/m³,VOC,
40203,FOREST HILLS,"2,3,4-Trimethylpentane",2004-11-23T00:00,0.130,µg/m³,VOC,
40203,FOREST HILLS,"2,3,4-Trimethylpentane",2004-11-29T00:00,0.030,µg/m³,VOC,
40203,FOREST HILLS,"2,3,4-Trimethylpentane",2004-12-11T00:00,0.099,µg/m³,VOC,
40203,FOREST HILLS,"2,3,4-Trimethylpentane",2004-12-17T00:00,0.091,µg/m³,VOC,
40203,FOREST HILLS,"2,3,4-Trimethylpentane",2004-12-23T00:00,0.072,µg/m³,VOC,
