﻿NAPS_Site_ID,Station_Name,Pollutant,Date,Value,Units,Report_Type,Method
64601,PT. PETRE,Acetate,2010-01-02T00:00,0.000,µg/m³,PM2.5,IC
64601,PT. PETRE,Acetate,2010-01-08T00:00,0.000,µg/m³,PM2.5,IC
64601,PT. PETRE,Acetate,2010-01-14T00:00,0.000,µg/m³,PM2.5,IC
64601,PT. PETRE,Acetate,2010-01-20T00:00,0.000,µg/m³,PM2.5,IC
64601,PT. PETRE,Acetate,2010-01-26T00:00,0.000,µg/m³,PM2.5,IC
64601,PT. PETRE,Acetate,2010-02-01T00:00,0.000,µg/m³,PM2.5,IC
64601,PT. PETRE,Acetate,2010-02-07T00:00,0.000,µg/m³,PM2.5,IC
64601,PT. PETRE,Acetate,2010-02-13T00:00,0.000,µg/m³,PM2.5,IC
64601,PT. PETRE,Acetate,2010-02-19T00:00,0.000,µg/m³,PM2.5,IC
64601,PT. PETRE,Acetate,2010-02-25T00:00,0.000,µg/m³,PM2.5,IC
64601,PT. PETRE,Acetate,2010-03-03T00:00,0.000,µg/m³,PM2.5,IC
64601,PT. PETRE,Acetate,2010-03-09T00:00,0.000,µg/m³,PM2.5,IC
64601,PT. PETRE,Acetate,2010-03-15T00:00,0.000,µg/m³,PM2.5,IC
64601,PT. PETRE,Acetate,2010-03-21T00:00,0.000,µg/m³,PM2.5,IC
64601,PT. PETRE,Acetate,2010-03-27T00:00,0.000,µg/m³,PM2.5,IC
64601,PT. PETRE,Acetate,2010-04-02T00:00,0.000,µg/m³,PM2.5,IC
64601,PT. PETRE,Acetate,2010-04-08T00:00,0.000,µg/m³,PM2.5,IC
64601,PT. PETRE,Acetate,2010-04-20T00:00,0.000,µg/m³,PM2.5,IC
64601,PT. PETRE,Acetate,2010-04-26T00:00,0.000,µg/m³,PM2.5,IC
64601,PT. PETRE,Acetate,2010-05-02T00:00,0.000,µg/m³,PM2.5,IC
64601,PT. PETRE,Acetate,2010-05-08T00:00,0.000,µg/m³,PM2.5,IC
64601,PT. PETRE,Acetate,2010-05-14T00:00,0.000,µg/m³,PM2.5,IC
64601,PT. PETRE,Acetate,2010-05-26T00:00,0.003,µg/m³,PM2.5,IC
64601,PT. PETRE,Acetate,2010-06-01T00:00,0.002,µg/m³,PM2.5,IC
64601,PT. PETRE,Acetate,2010-06-07T00:00,0.003,µg/m³,PM2.5,IC
64601,PT. PETRE,Acetate,2010-06-13T00:00,0.000,µg/m³,PM2.5,IC
64601,PT. PETRE,Acetate,2010-06-19T00:00,0.000,µg/m³,PM2.5,IC
64601,PT. PETRE,Acetate,2010-06-25T00:00,0.005,µg/m³,PM2.5,IC
64601,PT. PETRE,Acetate,2010-07-01T00:00,0.006,µg/m³,PM2.5,IC
64601,PT. PETRE,Acetate,2010-07-07T00:00,0.000,µg/m³,PM2.5,IC
64601,PT. PETRE,Acetate,2010-07-13T00:00,0.008,µg/m³,PM2.5,IC
64601,PT. PETRE,Acetate,2010-11-04T00:00,0.005,µg/m³,PM2.5,IC
64601,PT. PETRE,Acetate,2010-11-10T00:00,0.005,µg/m³,PM2.5,IC
64601,PT. PETRE,Acetate,2010-11-16T00:00,0.006,µg/m³,PM2.5,IC
64601,PT. PETRE,Acetate,2010-11-22T00:00,0.006,µg/m³,PM2.5,IC
64601,PT. PETRE,Acetate,2010-11-28T00:00,0.009,µg/m³,PM2.5,IC
64601,PT. PETRE,Acetate,2010-12-10T00:00,0.009,µg/m³,PM2.5,IC
64601,PT. PETRE,Acetate,2010-12-16T00:00,0.009,µg/m³,PM2.5,IC
64601,PT. PETRE,Acetate,2010-12-22T00:00,0.012,µg/m³,PM2.5,IC
64601,PT. PETRE,Acetate,2010-01-02T00:00,0.000,µg/m³,PM2.5-10,IC
64601,PT. PETRE,Acetate,2010-01-08T00:00,0.000,µg/m³,PM2.5-10,IC
64601,PT. PETRE,Acetate,2010-01-14T00:00,0.000,µg/m³,PM2.5-10,IC
64601,PT. PETRE,Acetate,2010-01-20T00:00,0.000,µg/m³,PM2.5-10,IC
64601,PT. PETRE,Acetate,2010-01-26T00:00,0.000,µg/m³,PM2.5-10,IC
64601,PT. PETRE,Acetate,2010-02-01T00:00,0.000,µg/m³,PM2.5-10,IC
64601,PT. PETRE,Acetate,2010-02-07T00:00,0.004,µg/m³,PM2.5-10,IC
64601,PT. PETRE,Acetate,2010-02-13T00:00,0.000,µg/m³,PM2.5-10,IC
64601,PT. PETRE,Acetate,2010-02-19T00:00,0.000,µg/m³,PM2.5-10,IC
64601,PT. PETRE,Acetate,2010-02-25T00:00,0.000,µg/m³,PM2.5-10,IC
64601,PT. PETRE,Acetate,2010-03-03T00:00,0.000,µg/m³,PM2.5-10,IC
64601,PT. PETRE,Acetate,2010-03-09T00:00,0.000,µg/m³,PM2.5-10,IC
64601,PT. PETRE,Acetate,2010-03-15T00:00,0.000,µg/m³,PM2.5-10,IC
64601,PT. PETRE,Acetate,2010-03-21T00:00,0.000,µg/m³,PM2.5-10,IC
64601,PT. PETRE,Acetate,2010-03-27T00:00,0.008,µg/m³,PM2.5-10,IC
64601,PT. PETRE,Acetate,2010-04-02T00:00,0.000,µg/m³,PM2.5-10,IC
64601,PT. PETRE,Acetate,2010-04-08T00:00,0.000,µg/m³,PM2.5-10,IC
64601,PT. PETRE,Acetate,2010-04-20T00:00,0.000,µg/m³,PM2.5-10,IC
64601,PT. PETRE,Acetate,2010-04-26T00:00,0.000,µg/m³,PM2.5-10,IC
64601,PT. PETRE,Acetate,2010-05-02T00:00,0.000,µg/m³,PM2.5-10,IC
64601,PT. PETRE,Acetate,2010-05-08T00:00,0.000,µg/m³,PM2.5-10,IC
64601,PT. PETRE,Acetate,2010-05-14T00:00,0.000,µg/m³,PM2.5-10,IC
64601,PT. PETRE,Acetate,2010-05-26T00:00,0.000,µg/m³,PM2.5-10,IC
64601,PT. PETRE,Acetate,2010-06-01T00:00,0.000,µg/m³,PM2.5-10,IC
64601,PT. PETRE,Acetate,2010-06-07T00:00,0.000,µg/m³,PM2.5-10,IC
64601,PT. PETRE,Acetate,2010-06-13T00:00,0.000,µg/m³,PM2.5-10,IC
64601,PT. PETRE,Acetate,2010-06-19T00:00,0.000,µg/m³,PM2.5-10,IC
64601,PT. PETRE,Acetate,2010-06-25T00:00,0.003,µg/m³,PM2.5-10,IC
64601,PT. PETRE,Acetate,2010-07-01T00:00,0.000,µg/m³,PM2.5-10,IC
64601,PT. PETRE,Acetate,2010-07-07T00:00,0.003,µg/m³,PM2.5-10,IC
64601,PT. PETRE,Acetate,2010-07-13T00:00,0.036,µg/m³,PM2.5-10,IC
64601,PT. PETRE,Acetate,2010-11-04T00:00,0.004,µg/m³,PM2.5-10,IC
64601,PT. PETRE,Acetate,2010-11-10T00:00,0.000,µg/m³,PM2.5-10,IC
64601,PT. PETRE,Acetate,2010-11-16T00:00,0.000,µg/m³,PM2.5-10,IC
64601,PT. PETRE,Acetate,2010-11-22T00:00,0.005,µg/m³,PM2.5-10,IC
64601,PT. PETRE,Acetate,2010-11-28T00:00,0.007,µg/m³,PM2.5-10,IC
64601,PT. PETRE,Acetate,2010-12-10T00:00,0.007,µg/m³,PM2.5-10,IC
64601,PT. PETRE,Acetate,2010-12-16T00:00,0.000,µg/m³,PM2.5-10,IC
64601,PT. PETRE,Acetate,2010-12-22T00:00,0.018,µg/m³,PM2.5-10,IC
