﻿NAPS_Site_ID,Station_Name,Pollutant,Date,Value,Units,Report_Type,Method
61901,WALPOLE ISLAND,Potassium,1988-01-22T00:00,0.032,µg/m³,DICHOT,N/A
61901,WALPOLE ISLAND,Potassium,1988-01-22T00:00,0.046,µg/m³,DICHOT,N/A
61901,WALPOLE ISLAND,Potassium,1988-01-28T00:00,0.048,µg/m³,DICHOT,N/A
61901,WALPOLE ISLAND,Potassium,1988-01-28T00:00,0.081,µg/m³,DICHOT,N/A
61901,WALPOLE ISLAND,Potassium,1988-02-09T00:00,0.048,µg/m³,DICHOT,N/A
61901,WALPOLE ISLAND,Potassium,1988-02-09T00:00,0.069,µg/m³,DICHOT,N/A
61901,WALPOLE ISLAND,Potassium,1988-02-15T00:00,0.017,µg/m³,DICHOT,N/A
61901,WALPOLE ISLAND,Potassium,1988-02-15T00:00,0.057,µg/m³,DICHOT,N/A
61901,WALPOLE ISLAND,Potassium,1988-03-10T00:00,0.009,µg/m³,DICHOT,N/A
61901,WALPOLE ISLAND,Potassium,1988-03-10T00:00,0.011,µg/m³,DICHOT,N/A
61901,WALPOLE ISLAND,Potassium,1988-04-09T00:00,0.014,µg/m³,DICHOT,N/A
61901,WALPOLE ISLAND,Potassium,1988-04-09T00:00,0.184,µg/m³,DICHOT,N/A
61901,WALPOLE ISLAND,Potassium,1988-04-21T00:00,0.030,µg/m³,DICHOT,N/A
61901,WALPOLE ISLAND,Potassium,1988-04-21T00:00,0.038,µg/m³,DICHOT,N/A
61901,WALPOLE ISLAND,Potassium,1988-04-27T00:00,0.035,µg/m³,DICHOT,N/A
61901,WALPOLE ISLAND,Potassium,1988-04-27T00:00,0.042,µg/m³,DICHOT,N/A
61901,WALPOLE ISLAND,Potassium,1988-05-03T00:00,0.046,µg/m³,DICHOT,N/A
61901,WALPOLE ISLAND,Potassium,1988-05-03T00:00,0.200,µg/m³,DICHOT,N/A
61901,WALPOLE ISLAND,Potassium,1988-05-09T00:00,0.054,µg/m³,DICHOT,N/A
61901,WALPOLE ISLAND,Potassium,1988-05-09T00:00,0.209,µg/m³,DICHOT,N/A
61901,WALPOLE ISLAND,Potassium,1988-06-14T00:00,0.302,µg/m³,DICHOT,N/A
61901,WALPOLE ISLAND,Potassium,1988-06-14T00:00,0.343,µg/m³,DICHOT,N/A
61901,WALPOLE ISLAND,Potassium,1988-06-20T00:00,0.092,µg/m³,DICHOT,N/A
61901,WALPOLE ISLAND,Potassium,1988-06-20T00:00,0.275,µg/m³,DICHOT,N/A
61901,WALPOLE ISLAND,Potassium,1988-07-02T00:00,0.053,µg/m³,DICHOT,N/A
61901,WALPOLE ISLAND,Potassium,1988-07-02T00:00,0.096,µg/m³,DICHOT,N/A
61901,WALPOLE ISLAND,Potassium,1988-07-08T00:00,0.058,µg/m³,DICHOT,N/A
61901,WALPOLE ISLAND,Potassium,1988-07-08T00:00,0.187,µg/m³,DICHOT,N/A
61901,WALPOLE ISLAND,Potassium,1988-07-20T00:00,0.028,µg/m³,DICHOT,N/A
61901,WALPOLE ISLAND,Potassium,1988-07-20T00:00,0.091,µg/m³,DICHOT,N/A
61901,WALPOLE ISLAND,Potassium,1988-07-26T00:00,0.020,µg/m³,DICHOT,N/A
61901,WALPOLE ISLAND,Potassium,1988-07-26T00:00,0.052,µg/m³,DICHOT,N/A
61901,WALPOLE ISLAND,Potassium,1988-08-01T00:00,0.053,µg/m³,DICHOT,N/A
61901,WALPOLE ISLAND,Potassium,1988-08-01T00:00,0.129,µg/m³,DICHOT,N/A
61901,WALPOLE ISLAND,Potassium,1988-08-13T00:00,0.000,µg/m³,DICHOT,N/A
61901,WALPOLE ISLAND,Potassium,1988-08-13T00:00,0.000,µg/m³,DICHOT,N/A
61901,WALPOLE ISLAND,Potassium,1988-08-19T00:00,0.025,µg/m³,DICHOT,N/A
61901,WALPOLE ISLAND,Potassium,1988-08-19T00:00,0.083,µg/m³,DICHOT,N/A
61901,WALPOLE ISLAND,Potassium,1988-08-25T00:00,0.063,µg/m³,DICHOT,N/A
61901,WALPOLE ISLAND,Potassium,1988-08-25T00:00,0.134,µg/m³,DICHOT,N/A
61901,WALPOLE ISLAND,Potassium,1988-08-31T00:00,0.021,µg/m³,DICHOT,N/A
61901,WALPOLE ISLAND,Potassium,1988-08-31T00:00,0.135,µg/m³,DICHOT,N/A
61901,WALPOLE ISLAND,Potassium,1988-09-06T00:00,0.000,µg/m³,DICHOT,N/A
61901,WALPOLE ISLAND,Potassium,1988-09-06T00:00,0.005,µg/m³,DICHOT,N/A
61901,WALPOLE ISLAND,Potassium,1988-09-12T00:00,0.038,µg/m³,DICHOT,N/A
61901,WALPOLE ISLAND,Potassium,1988-09-12T00:00,0.070,µg/m³,DICHOT,N/A
61901,WALPOLE ISLAND,Potassium,1988-09-18T00:00,0.040,µg/m³,DICHOT,N/A
61901,WALPOLE ISLAND,Potassium,1988-09-18T00:00,0.081,µg/m³,DICHOT,N/A
61901,WALPOLE ISLAND,Potassium,1988-09-24T00:00,0.012,µg/m³,DICHOT,N/A
61901,WALPOLE ISLAND,Potassium,1988-09-24T00:00,0.059,µg/m³,DICHOT,N/A
61901,WALPOLE ISLAND,Potassium,1988-09-30T00:00,0.063,µg/m³,DICHOT,N/A
61901,WALPOLE ISLAND,Potassium,1988-09-30T00:00,0.185,µg/m³,DICHOT,N/A
61901,WALPOLE ISLAND,Potassium,1988-10-06T00:00,0.028,µg/m³,DICHOT,N/A
61901,WALPOLE ISLAND,Potassium,1988-10-06T00:00,0.082,µg/m³,DICHOT,N/A
61901,WALPOLE ISLAND,Potassium,1988-10-12T00:00,0.013,µg/m³,DICHOT,N/A
61901,WALPOLE ISLAND,Potassium,1988-10-12T00:00,0.032,µg/m³,DICHOT,N/A
61901,WALPOLE ISLAND,Potassium,1988-10-18T00:00,0.014,µg/m³,DICHOT,N/A
61901,WALPOLE ISLAND,Potassium,1988-10-18T00:00,0.043,µg/m³,DICHOT,N/A
61901,WALPOLE ISLAND,Potassium,1988-10-30T00:00,0.024,µg/m³,DICHOT,N/A
61901,WALPOLE ISLAND,Potassium,1988-10-30T00:00,0.025,µg/m³,DICHOT,N/A
61901,WALPOLE ISLAND,Potassium,1988-11-11T00:00,0.040,µg/m³,DICHOT,N/A
61901,WALPOLE ISLAND,Potassium,1988-11-11T00:00,0.083,µg/m³,DICHOT,N/A
61901,WALPOLE ISLAND,Potassium,1988-11-17T00:00,0.016,µg/m³,DICHOT,N/A
61901,WALPOLE ISLAND,Potassium,1988-11-17T00:00,0.039,µg/m³,DICHOT,N/A
61901,WALPOLE ISLAND,Potassium,1988-11-23T00:00,0.005,µg/m³,DICHOT,N/A
61901,WALPOLE ISLAND,Potassium,1988-11-23T00:00,0.037,µg/m³,DICHOT,N/A
61901,WALPOLE ISLAND,Potassium,1988-11-29T00:00,0.023,µg/m³,DICHOT,N/A
61901,WALPOLE ISLAND,Potassium,1988-11-29T00:00,0.034,µg/m³,DICHOT,N/A
61901,WALPOLE ISLAND,Potassium,1988-12-05T00:00,0.066,µg/m³,DICHOT,N/A
61901,WALPOLE ISLAND,Potassium,1988-12-05T00:00,0.108,µg/m³,DICHOT,N/A
61901,WALPOLE ISLAND,Potassium,1988-12-11T00:00,0.033,µg/m³,DICHOT,N/A
61901,WALPOLE ISLAND,Potassium,1988-12-11T00:00,0.049,µg/m³,DICHOT,N/A
61901,WALPOLE ISLAND,Potassium,1988-12-17T00:00,0.040,µg/m³,DICHOT,N/A
61901,WALPOLE ISLAND,Potassium,1988-12-17T00:00,0.083,µg/m³,DICHOT,N/A
61901,WALPOLE ISLAND,Potassium,1988-12-29T00:00,0.046,µg/m³,DICHOT,N/A
61901,WALPOLE ISLAND,Potassium,1988-12-29T00:00,0.066,µg/m³,DICHOT,N/A
