﻿NAPS_Site_ID,Station_Name,Pollutant,Date,Value,Units,Report_Type,Method
129401,ALERT,Styrene,2004-01-02T00:00,0.001,µg/m³,VOC,N/A
129401,ALERT,Styrene,2004-01-08T00:00,0.001,µg/m³,VOC,N/A
129401,ALERT,Styrene,2004-01-16T00:00,0.001,µg/m³,VOC,N/A
129401,ALERT,Styrene,2004-01-23T00:00,0.000,µg/m³,VOC,N/A
129401,ALERT,Styrene,2004-01-29T00:00,0.001,µg/m³,VOC,N/A
129401,ALERT,Styrene,2004-02-05T00:00,0.001,µg/m³,VOC,N/A
129401,ALERT,Styrene,2004-02-12T00:00,0.001,µg/m³,VOC,N/A
129401,ALERT,Styrene,2004-02-19T00:00,0.000,µg/m³,VOC,N/A
129401,ALERT,Styrene,2004-02-26T00:00,0.001,µg/m³,VOC,N/A
129401,ALERT,Styrene,2004-03-04T00:00,0.000,µg/m³,VOC,N/A
129401,ALERT,Styrene,2004-03-11T00:00,0.000,µg/m³,VOC,N/A
129401,ALERT,Styrene,2004-03-19T00:00,0.000,µg/m³,VOC,N/A
129401,ALERT,Styrene,2004-03-25T00:00,0.000,µg/m³,VOC,N/A
129401,ALERT,Styrene,2004-04-01T00:00,0.000,µg/m³,VOC,N/A
129401,ALERT,Styrene,2004-04-08T00:00,0.000,µg/m³,VOC,N/A
129401,ALERT,Styrene,2004-04-14T00:00,0.000,µg/m³,VOC,N/A
129401,ALERT,Styrene,2004-04-23T00:00,0.001,µg/m³,VOC,N/A
129401,ALERT,Styrene,2004-04-28T00:00,0.574,µg/m³,VOC,N/A
129401,ALERT,Styrene,2004-05-06T00:00,0.002,µg/m³,VOC,N/A
129401,ALERT,Styrene,2004-05-12T00:00,0.001,µg/m³,VOC,N/A
129401,ALERT,Styrene,2004-05-20T00:00,0.002,µg/m³,VOC,N/A
129401,ALERT,Styrene,2004-05-26T00:00,0.032,µg/m³,VOC,N/A
129401,ALERT,Styrene,2004-06-02T00:00,0.001,µg/m³,VOC,N/A
129401,ALERT,Styrene,2004-06-10T00:00,0.001,µg/m³,VOC,N/A
129401,ALERT,Styrene,2004-06-18T00:00,0.000,µg/m³,VOC,N/A
129401,ALERT,Styrene,2004-06-25T00:00,0.001,µg/m³,VOC,N/A
129401,ALERT,Styrene,2004-06-30T00:00,0.000,µg/m³,VOC,N/A
129401,ALERT,Styrene,2004-07-07T00:00,0.000,µg/m³,VOC,N/A
129401,ALERT,Styrene,2004-07-14T00:00,0.004,µg/m³,VOC,N/A
129401,ALERT,Styrene,2004-07-22T00:00,0.000,µg/m³,VOC,N/A
129401,ALERT,Styrene,2004-07-28T00:00,0.000,µg/m³,VOC,N/A
129401,ALERT,Styrene,2004-08-05T00:00,0.002,µg/m³,VOC,N/A
129401,ALERT,Styrene,2004-08-11T00:00,0.000,µg/m³,VOC,N/A
129401,ALERT,Styrene,2004-08-18T00:00,0.000,µg/m³,VOC,N/A
129401,ALERT,Styrene,2004-08-18T00:00,0.000,µg/m³,VOC,N/A
129401,ALERT,Styrene,2004-08-26T00:00,0.002,µg/m³,VOC,N/A
129401,ALERT,Styrene,2004-09-01T00:00,0.001,µg/m³,VOC,N/A
129401,ALERT,Styrene,2004-09-08T00:00,0.000,µg/m³,VOC,N/A
129401,ALERT,Styrene,2004-09-16T00:00,0.000,µg/m³,VOC,N/A
129401,ALERT,Styrene,2004-09-22T00:00,0.000,µg/m³,VOC,N/A
129401,ALERT,Styrene,2004-10-01T00:00,0.000,µg/m³,VOC,N/A
129401,ALERT,Styrene,2004-10-07T00:00,0.000,µg/m³,VOC,N/A
129401,ALERT,Styrene,2004-10-13T00:00,0.000,µg/m³,VOC,N/A
129401,ALERT,Styrene,2004-10-20T00:00,0.020,µg/m³,VOC,N/A
129401,ALERT,Styrene,2004-10-29T00:00,1.120,µg/m³,VOC,N/A
129401,ALERT,Styrene,2004-11-05T00:00,0.000,µg/m³,VOC,N/A
129401,ALERT,Styrene,2004-11-12T00:00,0.000,µg/m³,VOC,N/A
129401,ALERT,Styrene,2004-11-18T00:00,0.001,µg/m³,VOC,N/A
129401,ALERT,Styrene,2004-11-24T00:00,0.001,µg/m³,VOC,N/A
129401,ALERT,Styrene,2004-12-01T00:00,0.000,µg/m³,VOC,N/A
129401,ALERT,Styrene,2004-12-08T00:00,0.000,µg/m³,VOC,N/A
129401,ALERT,Styrene,2004-12-15T00:00,0.000,µg/m³,VOC,N/A
129401,ALERT,Styrene,2004-12-22T00:00,0.000,µg/m³,VOC,N/A
