﻿NAPS_Site_ID,Station_Name,Pollutant,Date,Value,Units,Report_Type,Method
62601,EXPERIMENTAL FARM _SIMCOE_,123789-H6CDF,2000-01-07T00:00,0.002,pg/m³,PCDD,
62601,EXPERIMENTAL FARM _SIMCOE_,123789-H6CDF,2000-01-31T00:00,0.000,pg/m³,PCDD,
62601,EXPERIMENTAL FARM _SIMCOE_,123789-H6CDF,2000-02-24T00:00,0.000,pg/m³,PCDD,
62601,EXPERIMENTAL FARM _SIMCOE_,123789-H6CDF,2000-03-19T00:00,0.000,pg/m³,PCDD,
62601,EXPERIMENTAL FARM _SIMCOE_,123789-H6CDF,2000-04-12T00:00,0.000,pg/m³,PCDD,
62601,EXPERIMENTAL FARM _SIMCOE_,123789-H6CDF,2000-05-06T00:00,0.000,pg/m³,PCDD,
62601,EXPERIMENTAL FARM _SIMCOE_,123789-H6CDF,2000-05-30T00:00,0.000,pg/m³,PCDD,
62601,EXPERIMENTAL FARM _SIMCOE_,123789-H6CDF,2000-06-23T00:00,0.000,pg/m³,PCDD,
62601,EXPERIMENTAL FARM _SIMCOE_,123789-H6CDF,2000-07-17T00:00,0.000,pg/m³,PCDD,
62601,EXPERIMENTAL FARM _SIMCOE_,123789-H6CDF,2000-08-10T00:00,0.000,pg/m³,PCDD,
62601,EXPERIMENTAL FARM _SIMCOE_,123789-H6CDF,2000-09-27T00:00,0.000,pg/m³,PCDD,
62601,EXPERIMENTAL FARM _SIMCOE_,123789-H6CDF,2000-11-14T00:00,0.000,pg/m³,PCDD,
62601,EXPERIMENTAL FARM _SIMCOE_,123789-H6CDF,2000-12-08T00:00,0.003,pg/m³,PCDD,
