﻿NAPS_Site_ID,Station_Name,Pollutant,Date,Value,Units,Report_Type,Method
100137,BURNABY NORTH,cis-2-Hexene,2010-01-02T00:00,0.176,µg/m³,VOC,N/A
100137,BURNABY NORTH,cis-2-Hexene,2010-01-08T00:00,0.533,µg/m³,VOC,N/A
100137,BURNABY NORTH,cis-2-Hexene,2010-01-14T00:00,0.134,µg/m³,VOC,N/A
100137,BURNABY NORTH,cis-2-Hexene,2010-01-20T00:00,0.942,µg/m³,VOC,N/A
100137,BURNABY NORTH,cis-2-Hexene,2010-01-26T00:00,1.446,µg/m³,VOC,N/A
100137,BURNABY NORTH,cis-2-Hexene,2010-02-01T00:00,2.564,µg/m³,VOC,N/A
100137,BURNABY NORTH,cis-2-Hexene,2010-02-13T00:00,0.068,µg/m³,VOC,N/A
100137,BURNABY NORTH,cis-2-Hexene,2010-03-03T00:00,2.125,µg/m³,VOC,N/A
100137,BURNABY NORTH,cis-2-Hexene,2010-03-09T00:00,0.888,µg/m³,VOC,N/A
100137,BURNABY NORTH,cis-2-Hexene,2010-03-15T00:00,0.800,µg/m³,VOC,N/A
100137,BURNABY NORTH,cis-2-Hexene,2010-03-21T00:00,0.442,µg/m³,VOC,N/A
100137,BURNABY NORTH,cis-2-Hexene,2010-03-27T00:00,0.755,µg/m³,VOC,N/A
100137,BURNABY NORTH,cis-2-Hexene,2010-04-02T00:00,0.026,µg/m³,VOC,N/A
100137,BURNABY NORTH,cis-2-Hexene,2010-04-08T00:00,0.000,µg/m³,VOC,N/A
100137,BURNABY NORTH,cis-2-Hexene,2010-04-14T00:00,0.105,µg/m³,VOC,N/A
100137,BURNABY NORTH,cis-2-Hexene,2010-04-20T00:00,0.095,µg/m³,VOC,N/A
100137,BURNABY NORTH,cis-2-Hexene,2010-04-26T00:00,0.069,µg/m³,VOC,N/A
100137,BURNABY NORTH,cis-2-Hexene,2010-05-02T00:00,0.071,µg/m³,VOC,N/A
100137,BURNABY NORTH,cis-2-Hexene,2010-05-08T00:00,0.070,µg/m³,VOC,N/A
100137,BURNABY NORTH,cis-2-Hexene,2010-05-14T00:00,0.170,µg/m³,VOC,N/A
100137,BURNABY NORTH,cis-2-Hexene,2010-05-20T00:00,0.022,µg/m³,VOC,N/A
100137,BURNABY NORTH,cis-2-Hexene,2010-05-26T00:00,0.503,µg/m³,VOC,N/A
100137,BURNABY NORTH,cis-2-Hexene,2010-06-01T00:00,0.198,µg/m³,VOC,N/A
100137,BURNABY NORTH,cis-2-Hexene,2010-06-07T00:00,0.369,µg/m³,VOC,N/A
100137,BURNABY NORTH,cis-2-Hexene,2010-06-13T00:00,0.642,µg/m³,VOC,N/A
100137,BURNABY NORTH,cis-2-Hexene,2010-06-19T00:00,0.214,µg/m³,VOC,N/A
100137,BURNABY NORTH,cis-2-Hexene,2010-06-25T00:00,0.159,µg/m³,VOC,N/A
100137,BURNABY NORTH,cis-2-Hexene,2010-07-01T00:00,0.576,µg/m³,VOC,N/A
100137,BURNABY NORTH,cis-2-Hexene,2010-07-07T00:00,2.120,µg/m³,VOC,N/A
100137,BURNABY NORTH,cis-2-Hexene,2010-07-13T00:00,0.275,µg/m³,VOC,N/A
100137,BURNABY NORTH,cis-2-Hexene,2010-07-19T00:00,0.700,µg/m³,VOC,N/A
100137,BURNABY NORTH,cis-2-Hexene,2010-07-25T00:00,0.756,µg/m³,VOC,N/A
100137,BURNABY NORTH,cis-2-Hexene,2010-07-31T00:00,1.143,µg/m³,VOC,N/A
100137,BURNABY NORTH,cis-2-Hexene,2010-08-05T00:00,1.085,µg/m³,VOC,N/A
100137,BURNABY NORTH,cis-2-Hexene,2010-08-06T00:00,0.149,µg/m³,VOC,N/A
100137,BURNABY NORTH,cis-2-Hexene,2010-08-12T00:00,1.098,µg/m³,VOC,N/A
100137,BURNABY NORTH,cis-2-Hexene,2010-08-18T00:00,0.281,µg/m³,VOC,N/A
100137,BURNABY NORTH,cis-2-Hexene,2010-08-24T00:00,1.977,µg/m³,VOC,N/A
100137,BURNABY NORTH,cis-2-Hexene,2010-08-30T00:00,0.286,µg/m³,VOC,N/A
100137,BURNABY NORTH,cis-2-Hexene,2010-09-17T00:00,1.117,µg/m³,VOC,N/A
100137,BURNABY NORTH,cis-2-Hexene,2010-09-23T00:00,0.152,µg/m³,VOC,N/A
100137,BURNABY NORTH,cis-2-Hexene,2010-09-29T00:00,0.242,µg/m³,VOC,N/A
100137,BURNABY NORTH,cis-2-Hexene,2010-10-05T00:00,1.412,µg/m³,VOC,N/A
100137,BURNABY NORTH,cis-2-Hexene,2010-10-11T00:00,0.102,µg/m³,VOC,N/A
100137,BURNABY NORTH,cis-2-Hexene,2010-10-17T00:00,0.171,µg/m³,VOC,N/A
100137,BURNABY NORTH,cis-2-Hexene,2010-10-23T00:00,0.113,µg/m³,VOC,N/A
100137,BURNABY NORTH,cis-2-Hexene,2010-10-29T00:00,0.280,µg/m³,VOC,N/A
100137,BURNABY NORTH,cis-2-Hexene,2010-11-04T00:00,1.432,µg/m³,VOC,N/A
100137,BURNABY NORTH,cis-2-Hexene,2010-11-04T00:00,2.410,µg/m³,VOC,N/A
100137,BURNABY NORTH,cis-2-Hexene,2010-11-22T00:00,0.388,µg/m³,VOC,N/A
100137,BURNABY NORTH,cis-2-Hexene,2010-11-28T00:00,1.429,µg/m³,VOC,N/A
100137,BURNABY NORTH,cis-2-Hexene,2010-12-04T00:00,0.264,µg/m³,VOC,N/A
100137,BURNABY NORTH,cis-2-Hexene,2010-12-10T00:00,2.319,µg/m³,VOC,N/A
100137,BURNABY NORTH,cis-2-Hexene,2010-12-16T00:00,0.056,µg/m³,VOC,N/A
100137,BURNABY NORTH,cis-2-Hexene,2010-12-22T00:00,0.038,µg/m³,VOC,N/A
100137,BURNABY NORTH,cis-2-Hexene,2010-12-28T00:00,0.489,µg/m³,VOC,N/A
