﻿NAPS_Site_ID,Station_Name,Pollutant,Date,Value,Units,Report_Type,Method
54301,VILLEROY,1-Methylcyclohexene,1998-01-05T00:00,0.000,µg/m³,VOC,
54301,VILLEROY,1-Methylcyclohexene,1998-01-11T00:00,0.000,µg/m³,VOC,
54301,VILLEROY,1-Methylcyclohexene,1998-01-17T00:00,0.000,µg/m³,VOC,
54301,VILLEROY,1-Methylcyclohexene,1998-01-23T00:00,0.020,µg/m³,VOC,
54301,VILLEROY,1-Methylcyclohexene,1998-02-04T00:00,0.000,µg/m³,VOC,
54301,VILLEROY,1-Methylcyclohexene,1998-02-10T00:00,0.020,µg/m³,VOC,
54301,VILLEROY,1-Methylcyclohexene,1998-02-16T00:00,0.000,µg/m³,VOC,
54301,VILLEROY,1-Methylcyclohexene,1998-02-28T00:00,0.000,µg/m³,VOC,
54301,VILLEROY,1-Methylcyclohexene,1998-04-05T00:00,0.000,µg/m³,VOC,
54301,VILLEROY,1-Methylcyclohexene,1998-04-11T00:00,0.000,µg/m³,VOC,
54301,VILLEROY,1-Methylcyclohexene,1998-04-17T00:00,0.000,µg/m³,VOC,
54301,VILLEROY,1-Methylcyclohexene,1998-04-23T00:00,0.000,µg/m³,VOC,
54301,VILLEROY,1-Methylcyclohexene,1998-04-29T00:00,0.000,µg/m³,VOC,
54301,VILLEROY,1-Methylcyclohexene,1998-05-05T00:00,0.000,µg/m³,VOC,
