﻿NAPS_Site_ID,Station_Name,Pollutant,Date,Value,Units,Report_Type,Method
50134,MONTRÉAL-MOLSON or MONTRÉAL-SAINT-JOSEPH,Nitrate,2013-01-28T00:00,0.968,µg/m³,PM2.5,IC
50134,MONTRÉAL-MOLSON or MONTRÉAL-SAINT-JOSEPH,Nitrate,2013-02-03T00:00,0.589,µg/m³,PM2.5,IC
50134,MONTRÉAL-MOLSON or MONTRÉAL-SAINT-JOSEPH,Nitrate,2013-02-09T00:00,0.324,µg/m³,PM2.5,IC
50134,MONTRÉAL-MOLSON or MONTRÉAL-SAINT-JOSEPH,Nitrate,2013-02-15T00:00,0.221,µg/m³,PM2.5,IC
50134,MONTRÉAL-MOLSON or MONTRÉAL-SAINT-JOSEPH,Nitrate,2013-02-21T00:00,0.784,µg/m³,PM2.5,IC
50134,MONTRÉAL-MOLSON or MONTRÉAL-SAINT-JOSEPH,Nitrate,2013-02-27T00:00,0.101,µg/m³,PM2.5,IC
50134,MONTRÉAL-MOLSON or MONTRÉAL-SAINT-JOSEPH,Nitrate,2013-03-05T00:00,0.398,µg/m³,PM2.5,IC
50134,MONTRÉAL-MOLSON or MONTRÉAL-SAINT-JOSEPH,Nitrate,2013-03-11T00:00,0.962,µg/m³,PM2.5,IC
50134,MONTRÉAL-MOLSON or MONTRÉAL-SAINT-JOSEPH,Nitrate,2013-03-17T00:00,0.359,µg/m³,PM2.5,IC
50134,MONTRÉAL-MOLSON or MONTRÉAL-SAINT-JOSEPH,Nitrate,2013-03-23T00:00,0.211,µg/m³,PM2.5,IC
50134,MONTRÉAL-MOLSON or MONTRÉAL-SAINT-JOSEPH,Nitrate,2013-03-29T00:00,0.202,µg/m³,PM2.5,IC
50134,MONTRÉAL-MOLSON or MONTRÉAL-SAINT-JOSEPH,Nitrate,2013-04-04T00:00,0.215,µg/m³,PM2.5,IC
50134,MONTRÉAL-MOLSON or MONTRÉAL-SAINT-JOSEPH,Nitrate,2013-04-10T00:00,0.180,µg/m³,PM2.5,IC
50134,MONTRÉAL-MOLSON or MONTRÉAL-SAINT-JOSEPH,Nitrate,2013-04-16T00:00,0.133,µg/m³,PM2.5,IC
50134,MONTRÉAL-MOLSON or MONTRÉAL-SAINT-JOSEPH,Nitrate,2013-04-22T00:00,0.208,µg/m³,PM2.5,IC
50134,MONTRÉAL-MOLSON or MONTRÉAL-SAINT-JOSEPH,Nitrate,2013-04-28T00:00,0.148,µg/m³,PM2.5,IC
50134,MONTRÉAL-MOLSON or MONTRÉAL-SAINT-JOSEPH,Nitrate,2013-05-04T00:00,0.211,µg/m³,PM2.5,IC
50134,MONTRÉAL-MOLSON or MONTRÉAL-SAINT-JOSEPH,Nitrate,2013-05-10T00:00,0.078,µg/m³,PM2.5,IC
50134,MONTRÉAL-MOLSON or MONTRÉAL-SAINT-JOSEPH,Nitrate,2013-05-16T00:00,0.061,µg/m³,PM2.5,IC
50134,MONTRÉAL-MOLSON or MONTRÉAL-SAINT-JOSEPH,Nitrate,2013-05-22T00:00,0.047,µg/m³,PM2.5,IC
50134,MONTRÉAL-MOLSON or MONTRÉAL-SAINT-JOSEPH,Nitrate,2013-05-28T00:00,0.090,µg/m³,PM2.5,IC
50134,MONTRÉAL-MOLSON or MONTRÉAL-SAINT-JOSEPH,Nitrate,2013-06-03T00:00,0.028,µg/m³,PM2.5,IC
50134,MONTRÉAL-MOLSON or MONTRÉAL-SAINT-JOSEPH,Nitrate,2013-06-09T00:00,0.020,µg/m³,PM2.5,IC
50134,MONTRÉAL-MOLSON or MONTRÉAL-SAINT-JOSEPH,Nitrate,2013-06-15T00:00,0.034,µg/m³,PM2.5,IC
50134,MONTRÉAL-MOLSON or MONTRÉAL-SAINT-JOSEPH,Nitrate,2013-06-21T00:00,0.037,µg/m³,PM2.5,IC
50134,MONTRÉAL-MOLSON or MONTRÉAL-SAINT-JOSEPH,Nitrate,2013-06-27T00:00,0.038,µg/m³,PM2.5,IC
50134,MONTRÉAL-MOLSON or MONTRÉAL-SAINT-JOSEPH,Nitrate,2013-07-03T00:00,0.076,µg/m³,PM2.5,IC
50134,MONTRÉAL-MOLSON or MONTRÉAL-SAINT-JOSEPH,Nitrate,2013-07-09T00:00,0.033,µg/m³,PM2.5,IC
50134,MONTRÉAL-MOLSON or MONTRÉAL-SAINT-JOSEPH,Nitrate,2013-07-15T00:00,0.032,µg/m³,PM2.5,IC
50134,MONTRÉAL-MOLSON or MONTRÉAL-SAINT-JOSEPH,Nitrate,2013-07-21T00:00,0.073,µg/m³,PM2.5,IC
50134,MONTRÉAL-MOLSON or MONTRÉAL-SAINT-JOSEPH,Nitrate,2013-07-27T00:00,0.030,µg/m³,PM2.5,IC
50134,MONTRÉAL-MOLSON or MONTRÉAL-SAINT-JOSEPH,Nitrate,2013-08-02T00:00,0.029,µg/m³,PM2.5,IC
50134,MONTRÉAL-MOLSON or MONTRÉAL-SAINT-JOSEPH,Nitrate,2013-08-08T00:00,0.033,µg/m³,PM2.5,IC
50134,MONTRÉAL-MOLSON or MONTRÉAL-SAINT-JOSEPH,Nitrate,2013-08-14T00:00,0.026,µg/m³,PM2.5,IC
50134,MONTRÉAL-MOLSON or MONTRÉAL-SAINT-JOSEPH,Nitrate,2013-08-20T00:00,0.046,µg/m³,PM2.5,IC
50134,MONTRÉAL-MOLSON or MONTRÉAL-SAINT-JOSEPH,Nitrate,2013-08-26T00:00,0.078,µg/m³,PM2.5,IC
50134,MONTRÉAL-MOLSON or MONTRÉAL-SAINT-JOSEPH,Nitrate,2013-09-01T00:00,0.030,µg/m³,PM2.5,IC
50134,MONTRÉAL-MOLSON or MONTRÉAL-SAINT-JOSEPH,Nitrate,2013-09-07T00:00,0.041,µg/m³,PM2.5,IC
50134,MONTRÉAL-MOLSON or MONTRÉAL-SAINT-JOSEPH,Nitrate,2013-09-13T00:00,0.035,µg/m³,PM2.5,IC
50134,MONTRÉAL-MOLSON or MONTRÉAL-SAINT-JOSEPH,Nitrate,2013-09-19T00:00,0.115,µg/m³,PM2.5,IC
50134,MONTRÉAL-MOLSON or MONTRÉAL-SAINT-JOSEPH,Nitrate,2013-09-25T00:00,0.099,µg/m³,PM2.5,IC
50134,MONTRÉAL-MOLSON or MONTRÉAL-SAINT-JOSEPH,Nitrate,2013-10-01T00:00,0.098,µg/m³,PM2.5,IC
50134,MONTRÉAL-MOLSON or MONTRÉAL-SAINT-JOSEPH,Nitrate,2013-10-07T00:00,0.025,µg/m³,PM2.5,IC
50134,MONTRÉAL-MOLSON or MONTRÉAL-SAINT-JOSEPH,Nitrate,2013-10-13T00:00,0.095,µg/m³,PM2.5,IC
50134,MONTRÉAL-MOLSON or MONTRÉAL-SAINT-JOSEPH,Nitrate,2013-10-19T00:00,0.186,µg/m³,PM2.5,IC
50134,MONTRÉAL-MOLSON or MONTRÉAL-SAINT-JOSEPH,Nitrate,2013-10-25T00:00,0.101,µg/m³,PM2.5,IC
50134,MONTRÉAL-MOLSON or MONTRÉAL-SAINT-JOSEPH,Nitrate,2013-10-31T00:00,1.299,µg/m³,PM2.5,IC
50134,MONTRÉAL-MOLSON or MONTRÉAL-SAINT-JOSEPH,Nitrate,2013-11-06T00:00,0.509,µg/m³,PM2.5,IC
50134,MONTRÉAL-MOLSON or MONTRÉAL-SAINT-JOSEPH,Nitrate,2013-11-12T00:00,0.114,µg/m³,PM2.5,IC
50134,MONTRÉAL-MOLSON or MONTRÉAL-SAINT-JOSEPH,Nitrate,2013-11-18T00:00,0.083,µg/m³,PM2.5,IC
50134,MONTRÉAL-MOLSON or MONTRÉAL-SAINT-JOSEPH,Nitrate,2013-11-24T00:00,0.087,µg/m³,PM2.5,IC
50134,MONTRÉAL-MOLSON or MONTRÉAL-SAINT-JOSEPH,Nitrate,2013-11-30T00:00,2.141,µg/m³,PM2.5,IC
50134,MONTRÉAL-MOLSON or MONTRÉAL-SAINT-JOSEPH,Nitrate,2013-12-06T00:00,0.172,µg/m³,PM2.5,IC
50134,MONTRÉAL-MOLSON or MONTRÉAL-SAINT-JOSEPH,Nitrate,2013-12-18T00:00,6.231,µg/m³,PM2.5,IC
50134,MONTRÉAL-MOLSON or MONTRÉAL-SAINT-JOSEPH,Nitrate,2013-12-24T00:00,0.248,µg/m³,PM2.5,IC
50134,MONTRÉAL-MOLSON or MONTRÉAL-SAINT-JOSEPH,Nitrate,2013-12-30T00:00,0.319,µg/m³,PM2.5,IC
50134,MONTRÉAL-MOLSON or MONTRÉAL-SAINT-JOSEPH,Nitrate,2013-01-28T00:00,0.327,µg/m³,PM2.5-10,IC
50134,MONTRÉAL-MOLSON or MONTRÉAL-SAINT-JOSEPH,Nitrate,2013-02-03T00:00,0.619,µg/m³,PM2.5-10,IC
50134,MONTRÉAL-MOLSON or MONTRÉAL-SAINT-JOSEPH,Nitrate,2013-02-09T00:00,0.237,µg/m³,PM2.5-10,IC
50134,MONTRÉAL-MOLSON or MONTRÉAL-SAINT-JOSEPH,Nitrate,2013-02-15T00:00,0.342,µg/m³,PM2.5-10,IC
50134,MONTRÉAL-MOLSON or MONTRÉAL-SAINT-JOSEPH,Nitrate,2013-02-21T00:00,0.052,µg/m³,PM2.5-10,IC
50134,MONTRÉAL-MOLSON or MONTRÉAL-SAINT-JOSEPH,Nitrate,2013-02-27T00:00,0.096,µg/m³,PM2.5-10,IC
50134,MONTRÉAL-MOLSON or MONTRÉAL-SAINT-JOSEPH,Nitrate,2013-03-05T00:00,0.375,µg/m³,PM2.5-10,IC
50134,MONTRÉAL-MOLSON or MONTRÉAL-SAINT-JOSEPH,Nitrate,2013-03-11T00:00,1.382,µg/m³,PM2.5-10,IC
50134,MONTRÉAL-MOLSON or MONTRÉAL-SAINT-JOSEPH,Nitrate,2013-03-17T00:00,0.048,µg/m³,PM2.5-10,IC
50134,MONTRÉAL-MOLSON or MONTRÉAL-SAINT-JOSEPH,Nitrate,2013-03-23T00:00,0.025,µg/m³,PM2.5-10,IC
50134,MONTRÉAL-MOLSON or MONTRÉAL-SAINT-JOSEPH,Nitrate,2013-03-29T00:00,0.050,µg/m³,PM2.5-10,IC
50134,MONTRÉAL-MOLSON or MONTRÉAL-SAINT-JOSEPH,Nitrate,2013-04-04T00:00,0.108,µg/m³,PM2.5-10,IC
50134,MONTRÉAL-MOLSON or MONTRÉAL-SAINT-JOSEPH,Nitrate,2013-04-10T00:00,0.140,µg/m³,PM2.5-10,IC
50134,MONTRÉAL-MOLSON or MONTRÉAL-SAINT-JOSEPH,Nitrate,2013-04-16T00:00,0.303,µg/m³,PM2.5-10,IC
50134,MONTRÉAL-MOLSON or MONTRÉAL-SAINT-JOSEPH,Nitrate,2013-04-22T00:00,0.116,µg/m³,PM2.5-10,IC
50134,MONTRÉAL-MOLSON or MONTRÉAL-SAINT-JOSEPH,Nitrate,2013-04-28T00:00,0.285,µg/m³,PM2.5-10,IC
50134,MONTRÉAL-MOLSON or MONTRÉAL-SAINT-JOSEPH,Nitrate,2013-05-04T00:00,0.415,µg/m³,PM2.5-10,IC
50134,MONTRÉAL-MOLSON or MONTRÉAL-SAINT-JOSEPH,Nitrate,2013-05-10T00:00,0.130,µg/m³,PM2.5-10,IC
50134,MONTRÉAL-MOLSON or MONTRÉAL-SAINT-JOSEPH,Nitrate,2013-05-16T00:00,0.141,µg/m³,PM2.5-10,IC
50134,MONTRÉAL-MOLSON or MONTRÉAL-SAINT-JOSEPH,Nitrate,2013-05-22T00:00,0.386,µg/m³,PM2.5-10,IC
50134,MONTRÉAL-MOLSON or MONTRÉAL-SAINT-JOSEPH,Nitrate,2013-05-28T00:00,0.208,µg/m³,PM2.5-10,IC
50134,MONTRÉAL-MOLSON or MONTRÉAL-SAINT-JOSEPH,Nitrate,2013-06-03T00:00,0.059,µg/m³,PM2.5-10,IC
50134,MONTRÉAL-MOLSON or MONTRÉAL-SAINT-JOSEPH,Nitrate,2013-06-09T00:00,0.076,µg/m³,PM2.5-10,IC
50134,MONTRÉAL-MOLSON or MONTRÉAL-SAINT-JOSEPH,Nitrate,2013-06-15T00:00,0.051,µg/m³,PM2.5-10,IC
50134,MONTRÉAL-MOLSON or MONTRÉAL-SAINT-JOSEPH,Nitrate,2013-06-21T00:00,0.297,µg/m³,PM2.5-10,IC
50134,MONTRÉAL-MOLSON or MONTRÉAL-SAINT-JOSEPH,Nitrate,2013-06-27T00:00,0.921,µg/m³,PM2.5-10,IC
50134,MONTRÉAL-MOLSON or MONTRÉAL-SAINT-JOSEPH,Nitrate,2013-07-03T00:00,0.611,µg/m³,PM2.5-10,IC
50134,MONTRÉAL-MOLSON or MONTRÉAL-SAINT-JOSEPH,Nitrate,2013-07-09T00:00,0.641,µg/m³,PM2.5-10,IC
50134,MONTRÉAL-MOLSON or MONTRÉAL-SAINT-JOSEPH,Nitrate,2013-07-15T00:00,0.222,µg/m³,PM2.5-10,IC
50134,MONTRÉAL-MOLSON or MONTRÉAL-SAINT-JOSEPH,Nitrate,2013-07-21T00:00,0.080,µg/m³,PM2.5-10,IC
50134,MONTRÉAL-MOLSON or MONTRÉAL-SAINT-JOSEPH,Nitrate,2013-07-27T00:00,0.167,µg/m³,PM2.5-10,IC
50134,MONTRÉAL-MOLSON or MONTRÉAL-SAINT-JOSEPH,Nitrate,2013-08-02T00:00,0.153,µg/m³,PM2.5-10,IC
50134,MONTRÉAL-MOLSON or MONTRÉAL-SAINT-JOSEPH,Nitrate,2013-08-08T00:00,0.207,µg/m³,PM2.5-10,IC
50134,MONTRÉAL-MOLSON or MONTRÉAL-SAINT-JOSEPH,Nitrate,2013-08-14T00:00,0.049,µg/m³,PM2.5-10,IC
50134,MONTRÉAL-MOLSON or MONTRÉAL-SAINT-JOSEPH,Nitrate,2013-08-20T00:00,0.635,µg/m³,PM2.5-10,IC
50134,MONTRÉAL-MOLSON or MONTRÉAL-SAINT-JOSEPH,Nitrate,2013-08-26T00:00,0.325,µg/m³,PM2.5-10,IC
50134,MONTRÉAL-MOLSON or MONTRÉAL-SAINT-JOSEPH,Nitrate,2013-09-01T00:00,0.121,µg/m³,PM2.5-10,IC
50134,MONTRÉAL-MOLSON or MONTRÉAL-SAINT-JOSEPH,Nitrate,2013-09-07T00:00,0.406,µg/m³,PM2.5-10,IC
50134,MONTRÉAL-MOLSON or MONTRÉAL-SAINT-JOSEPH,Nitrate,2013-09-13T00:00,0.026,µg/m³,PM2.5-10,IC
50134,MONTRÉAL-MOLSON or MONTRÉAL-SAINT-JOSEPH,Nitrate,2013-09-19T00:00,0.524,µg/m³,PM2.5-10,IC
50134,MONTRÉAL-MOLSON or MONTRÉAL-SAINT-JOSEPH,Nitrate,2013-09-25T00:00,0.091,µg/m³,PM2.5-10,IC
50134,MONTRÉAL-MOLSON or MONTRÉAL-SAINT-JOSEPH,Nitrate,2013-10-01T00:00,0.518,µg/m³,PM2.5-10,IC
50134,MONTRÉAL-MOLSON or MONTRÉAL-SAINT-JOSEPH,Nitrate,2013-10-07T00:00,0.131,µg/m³,PM2.5-10,IC
50134,MONTRÉAL-MOLSON or MONTRÉAL-SAINT-JOSEPH,Nitrate,2013-10-13T00:00,0.305,µg/m³,PM2.5-10,IC
50134,MONTRÉAL-MOLSON or MONTRÉAL-SAINT-JOSEPH,Nitrate,2013-10-19T00:00,0.524,µg/m³,PM2.5-10,IC
50134,MONTRÉAL-MOLSON or MONTRÉAL-SAINT-JOSEPH,Nitrate,2013-10-25T00:00,0.071,µg/m³,PM2.5-10,IC
50134,MONTRÉAL-MOLSON or MONTRÉAL-SAINT-JOSEPH,Nitrate,2013-10-31T00:00,0.383,µg/m³,PM2.5-10,IC
50134,MONTRÉAL-MOLSON or MONTRÉAL-SAINT-JOSEPH,Nitrate,2013-11-06T00:00,1.190,µg/m³,PM2.5-10,IC
50134,MONTRÉAL-MOLSON or MONTRÉAL-SAINT-JOSEPH,Nitrate,2013-11-12T00:00,0.065,µg/m³,PM2.5-10,IC
50134,MONTRÉAL-MOLSON or MONTRÉAL-SAINT-JOSEPH,Nitrate,2013-11-18T00:00,0.079,µg/m³,PM2.5-10,IC
50134,MONTRÉAL-MOLSON or MONTRÉAL-SAINT-JOSEPH,Nitrate,2013-11-24T00:00,0.055,µg/m³,PM2.5-10,IC
50134,MONTRÉAL-MOLSON or MONTRÉAL-SAINT-JOSEPH,Nitrate,2013-11-30T00:00,0.347,µg/m³,PM2.5-10,IC
50134,MONTRÉAL-MOLSON or MONTRÉAL-SAINT-JOSEPH,Nitrate,2013-12-06T00:00,0.128,µg/m³,PM2.5-10,IC
50134,MONTRÉAL-MOLSON or MONTRÉAL-SAINT-JOSEPH,Nitrate,2013-12-18T00:00,0.202,µg/m³,PM2.5-10,IC
50134,MONTRÉAL-MOLSON or MONTRÉAL-SAINT-JOSEPH,Nitrate,2013-12-24T00:00,0.034,µg/m³,PM2.5-10,IC
50134,MONTRÉAL-MOLSON or MONTRÉAL-SAINT-JOSEPH,Nitrate,2013-12-30T00:00,0.090,µg/m³,PM2.5-10,IC
