﻿NAPS_Site_ID,Station_Name,Pollutant,Date,Value,Units,Report_Type,Method
100134,VANCOUVER INTL. AIRPORT,Carbontetrachloride,2017-01-06T19:00,0.538,µg/m³,VOC,
100134,VANCOUVER INTL. AIRPORT,Carbontetrachloride,2017-02-05T19:00,0.504,µg/m³,VOC,
100134,VANCOUVER INTL. AIRPORT,Carbontetrachloride,2017-02-17T19:00,0.486,µg/m³,VOC,
100134,VANCOUVER INTL. AIRPORT,Carbontetrachloride,2017-03-13T20:00,0.494,µg/m³,VOC,
100134,VANCOUVER INTL. AIRPORT,Carbontetrachloride,2017-03-25T20:00,0.517,µg/m³,VOC,
100134,VANCOUVER INTL. AIRPORT,Carbontetrachloride,2017-04-06T20:00,0.496,µg/m³,VOC,
100134,VANCOUVER INTL. AIRPORT,Carbontetrachloride,2017-04-18T20:00,0.547,µg/m³,VOC,
100134,VANCOUVER INTL. AIRPORT,Carbontetrachloride,2017-04-30T20:00,0.506,µg/m³,VOC,
100134,VANCOUVER INTL. AIRPORT,Carbontetrachloride,2017-05-12T20:00,0.498,µg/m³,VOC,
100134,VANCOUVER INTL. AIRPORT,Carbontetrachloride,2017-05-24T20:00,0.509,µg/m³,VOC,
100134,VANCOUVER INTL. AIRPORT,Carbontetrachloride,2017-06-05T20:00,0.505,µg/m³,VOC,
100134,VANCOUVER INTL. AIRPORT,Carbontetrachloride,2017-06-17T20:00,0.508,µg/m³,VOC,
100134,VANCOUVER INTL. AIRPORT,Carbontetrachloride,2017-06-29T20:00,0.503,µg/m³,VOC,
100134,VANCOUVER INTL. AIRPORT,Carbontetrachloride,2017-07-11T20:00,0.504,µg/m³,VOC,
100134,VANCOUVER INTL. AIRPORT,Carbontetrachloride,2017-07-23T20:00,0.496,µg/m³,VOC,
100134,VANCOUVER INTL. AIRPORT,Carbontetrachloride,2017-08-04T20:00,0.572,µg/m³,VOC,
100134,VANCOUVER INTL. AIRPORT,Carbontetrachloride,2017-08-16T20:00,0.453,µg/m³,VOC,
100134,VANCOUVER INTL. AIRPORT,Carbontetrachloride,2017-08-28T20:00,0.487,µg/m³,VOC,
100134,VANCOUVER INTL. AIRPORT,Carbontetrachloride,2017-09-09T20:00,0.507,µg/m³,VOC,
100134,VANCOUVER INTL. AIRPORT,Carbontetrachloride,2017-09-21T20:00,0.600,µg/m³,VOC,
100134,VANCOUVER INTL. AIRPORT,Carbontetrachloride,2017-10-15T20:00,0.606,µg/m³,VOC,
100134,VANCOUVER INTL. AIRPORT,Carbontetrachloride,2017-10-27T20:00,0.487,µg/m³,VOC,
100134,VANCOUVER INTL. AIRPORT,Carbontetrachloride,2017-11-08T19:00,0.540,µg/m³,VOC,
100134,VANCOUVER INTL. AIRPORT,Carbontetrachloride,2017-11-20T19:00,0.531,µg/m³,VOC,
100134,VANCOUVER INTL. AIRPORT,Carbontetrachloride,2017-12-02T19:00,0.456,µg/m³,VOC,
100134,VANCOUVER INTL. AIRPORT,Carbontetrachloride,2017-12-14T19:00,0.454,µg/m³,VOC,
100134,VANCOUVER INTL. AIRPORT,Carbontetrachloride,2017-12-26T19:00,0.605,µg/m³,VOC,
