﻿NAPS_Site_ID,Station_Name,Pollutant,Date,Value,Units,Report_Type,Method
40208,CHAMPLAIN HEIGHTS SCHOOL,"2,2-Dimethylbutane",2009-03-02T00:00,0.029,µg/m³,VOC,N/A
40208,CHAMPLAIN HEIGHTS SCHOOL,"2,2-Dimethylbutane",2009-03-08T00:00,0.253,µg/m³,VOC,N/A
40208,CHAMPLAIN HEIGHTS SCHOOL,"2,2-Dimethylbutane",2009-03-14T00:00,0.450,µg/m³,VOC,N/A
40208,CHAMPLAIN HEIGHTS SCHOOL,"2,2-Dimethylbutane",2009-03-20T00:00,0.037,µg/m³,VOC,N/A
40208,CHAMPLAIN HEIGHTS SCHOOL,"2,2-Dimethylbutane",2009-03-26T00:00,0.029,µg/m³,VOC,N/A
40208,CHAMPLAIN HEIGHTS SCHOOL,"2,2-Dimethylbutane",2009-04-01T00:00,0.542,µg/m³,VOC,N/A
40208,CHAMPLAIN HEIGHTS SCHOOL,"2,2-Dimethylbutane",2009-04-07T00:00,0.520,µg/m³,VOC,N/A
40208,CHAMPLAIN HEIGHTS SCHOOL,"2,2-Dimethylbutane",2009-04-13T00:00,0.027,µg/m³,VOC,N/A
40208,CHAMPLAIN HEIGHTS SCHOOL,"2,2-Dimethylbutane",2009-04-19T00:00,0.086,µg/m³,VOC,N/A
40208,CHAMPLAIN HEIGHTS SCHOOL,"2,2-Dimethylbutane",2009-04-25T00:00,1.667,µg/m³,VOC,N/A
40208,CHAMPLAIN HEIGHTS SCHOOL,"2,2-Dimethylbutane",2009-05-01T00:00,1.072,µg/m³,VOC,N/A
40208,CHAMPLAIN HEIGHTS SCHOOL,"2,2-Dimethylbutane",2009-05-07T00:00,0.369,µg/m³,VOC,N/A
40208,CHAMPLAIN HEIGHTS SCHOOL,"2,2-Dimethylbutane",2009-05-13T00:00,2.193,µg/m³,VOC,N/A
40208,CHAMPLAIN HEIGHTS SCHOOL,"2,2-Dimethylbutane",2009-05-19T00:00,0.769,µg/m³,VOC,N/A
40208,CHAMPLAIN HEIGHTS SCHOOL,"2,2-Dimethylbutane",2009-05-25T00:00,0.366,µg/m³,VOC,N/A
40208,CHAMPLAIN HEIGHTS SCHOOL,"2,2-Dimethylbutane",2009-05-31T00:00,1.233,µg/m³,VOC,N/A
40208,CHAMPLAIN HEIGHTS SCHOOL,"2,2-Dimethylbutane",2009-06-06T00:00,0.367,µg/m³,VOC,N/A
40208,CHAMPLAIN HEIGHTS SCHOOL,"2,2-Dimethylbutane",2009-06-12T00:00,0.219,µg/m³,VOC,N/A
40208,CHAMPLAIN HEIGHTS SCHOOL,"2,2-Dimethylbutane",2009-06-18T00:00,0.902,µg/m³,VOC,N/A
40208,CHAMPLAIN HEIGHTS SCHOOL,"2,2-Dimethylbutane",2009-06-24T00:00,0.213,µg/m³,VOC,N/A
40208,CHAMPLAIN HEIGHTS SCHOOL,"2,2-Dimethylbutane",2009-06-30T00:00,0.144,µg/m³,VOC,N/A
40208,CHAMPLAIN HEIGHTS SCHOOL,"2,2-Dimethylbutane",2009-07-06T00:00,0.070,µg/m³,VOC,N/A
40208,CHAMPLAIN HEIGHTS SCHOOL,"2,2-Dimethylbutane",2009-07-12T00:00,0.958,µg/m³,VOC,N/A
40208,CHAMPLAIN HEIGHTS SCHOOL,"2,2-Dimethylbutane",2009-07-18T00:00,0.515,µg/m³,VOC,N/A
40208,CHAMPLAIN HEIGHTS SCHOOL,"2,2-Dimethylbutane",2009-07-24T00:00,0.003,µg/m³,VOC,N/A
40208,CHAMPLAIN HEIGHTS SCHOOL,"2,2-Dimethylbutane",2009-07-30T00:00,1.369,µg/m³,VOC,N/A
40208,CHAMPLAIN HEIGHTS SCHOOL,"2,2-Dimethylbutane",2009-08-05T00:00,1.602,µg/m³,VOC,N/A
40208,CHAMPLAIN HEIGHTS SCHOOL,"2,2-Dimethylbutane",2009-08-11T00:00,0.197,µg/m³,VOC,N/A
40208,CHAMPLAIN HEIGHTS SCHOOL,"2,2-Dimethylbutane",2009-08-17T00:00,2.602,µg/m³,VOC,N/A
40208,CHAMPLAIN HEIGHTS SCHOOL,"2,2-Dimethylbutane",2009-08-23T00:00,0.075,µg/m³,VOC,N/A
40208,CHAMPLAIN HEIGHTS SCHOOL,"2,2-Dimethylbutane",2009-08-29T00:00,0.026,µg/m³,VOC,N/A
40208,CHAMPLAIN HEIGHTS SCHOOL,"2,2-Dimethylbutane",2009-09-04T00:00,2.553,µg/m³,VOC,N/A
40208,CHAMPLAIN HEIGHTS SCHOOL,"2,2-Dimethylbutane",2009-09-10T00:00,0.995,µg/m³,VOC,N/A
40208,CHAMPLAIN HEIGHTS SCHOOL,"2,2-Dimethylbutane",2009-09-16T00:00,0.052,µg/m³,VOC,N/A
40208,CHAMPLAIN HEIGHTS SCHOOL,"2,2-Dimethylbutane",2009-09-22T00:00,1.034,µg/m³,VOC,N/A
40208,CHAMPLAIN HEIGHTS SCHOOL,"2,2-Dimethylbutane",2009-10-04T00:00,0.007,µg/m³,VOC,N/A
40208,CHAMPLAIN HEIGHTS SCHOOL,"2,2-Dimethylbutane",2009-10-10T00:00,0.023,µg/m³,VOC,N/A
40208,CHAMPLAIN HEIGHTS SCHOOL,"2,2-Dimethylbutane",2009-10-16T00:00,0.019,µg/m³,VOC,N/A
40208,CHAMPLAIN HEIGHTS SCHOOL,"2,2-Dimethylbutane",2009-10-22T00:00,0.025,µg/m³,VOC,N/A
40208,CHAMPLAIN HEIGHTS SCHOOL,"2,2-Dimethylbutane",2009-10-28T00:00,0.034,µg/m³,VOC,N/A
40208,CHAMPLAIN HEIGHTS SCHOOL,"2,2-Dimethylbutane",2009-11-03T00:00,0.133,µg/m³,VOC,N/A
40208,CHAMPLAIN HEIGHTS SCHOOL,"2,2-Dimethylbutane",2009-11-09T00:00,1.316,µg/m³,VOC,N/A
40208,CHAMPLAIN HEIGHTS SCHOOL,"2,2-Dimethylbutane",2009-11-15T00:00,0.397,µg/m³,VOC,N/A
40208,CHAMPLAIN HEIGHTS SCHOOL,"2,2-Dimethylbutane",2009-11-21T00:00,0.430,µg/m³,VOC,N/A
40208,CHAMPLAIN HEIGHTS SCHOOL,"2,2-Dimethylbutane",2009-11-27T00:00,0.067,µg/m³,VOC,N/A
40208,CHAMPLAIN HEIGHTS SCHOOL,"2,2-Dimethylbutane",2009-12-03T00:00,0.676,µg/m³,VOC,N/A
40208,CHAMPLAIN HEIGHTS SCHOOL,"2,2-Dimethylbutane",2009-12-21T00:00,0.033,µg/m³,VOC,N/A
40208,CHAMPLAIN HEIGHTS SCHOOL,"2,2-Dimethylbutane",2009-12-27T00:00,0.011,µg/m³,VOC,N/A
