﻿NAPS_Site_ID,Station_Name,Pollutant,Date,Value,Units,Report_Type,Method
50308,QUÉBEC-VIEUX-LIMOILOU (DES SABLES),cis-2-Pentene,2018-02-07T00:00,0.119,µg/m³,VOC,GC-MS
50308,QUÉBEC-VIEUX-LIMOILOU (DES SABLES),cis-2-Pentene,2018-02-13T00:00,0.062,µg/m³,VOC,GC-MS
50308,QUÉBEC-VIEUX-LIMOILOU (DES SABLES),cis-2-Pentene,2018-02-19T00:00,0.125,µg/m³,VOC,GC-MS
50308,QUÉBEC-VIEUX-LIMOILOU (DES SABLES),cis-2-Pentene,2018-02-25T00:00,0.037,µg/m³,VOC,GC-MS
50308,QUÉBEC-VIEUX-LIMOILOU (DES SABLES),cis-2-Pentene,2018-03-03T00:00,0.017,µg/m³,VOC,GC-MS
50308,QUÉBEC-VIEUX-LIMOILOU (DES SABLES),cis-2-Pentene,2018-03-09T00:00,0.035,µg/m³,VOC,GC-MS
50308,QUÉBEC-VIEUX-LIMOILOU (DES SABLES),cis-2-Pentene,2018-04-02T00:00,0.025,µg/m³,VOC,GC-MS
50308,QUÉBEC-VIEUX-LIMOILOU (DES SABLES),cis-2-Pentene,2018-04-08T00:00,0.015,µg/m³,VOC,GC-MS
50308,QUÉBEC-VIEUX-LIMOILOU (DES SABLES),cis-2-Pentene,2018-04-14T00:00,0.007,µg/m³,VOC,GC-MS
50308,QUÉBEC-VIEUX-LIMOILOU (DES SABLES),cis-2-Pentene,2018-04-20T00:00,0.020,µg/m³,VOC,GC-MS
50308,QUÉBEC-VIEUX-LIMOILOU (DES SABLES),cis-2-Pentene,2018-04-26T00:00,0.015,µg/m³,VOC,GC-MS
50308,QUÉBEC-VIEUX-LIMOILOU (DES SABLES),cis-2-Pentene,2018-05-02T00:00,0.052,µg/m³,VOC,GC-MS
50308,QUÉBEC-VIEUX-LIMOILOU (DES SABLES),cis-2-Pentene,2018-05-14T00:00,0.088,µg/m³,VOC,GC-MS
50308,QUÉBEC-VIEUX-LIMOILOU (DES SABLES),cis-2-Pentene,2018-05-26T00:00,0.008,µg/m³,VOC,GC-MS
50308,QUÉBEC-VIEUX-LIMOILOU (DES SABLES),cis-2-Pentene,2018-06-01T00:00,0.051,µg/m³,VOC,GC-MS
50308,QUÉBEC-VIEUX-LIMOILOU (DES SABLES),cis-2-Pentene,2018-06-07T00:00,0.049,µg/m³,VOC,GC-MS
50308,QUÉBEC-VIEUX-LIMOILOU (DES SABLES),cis-2-Pentene,2018-06-13T00:00,0.028,µg/m³,VOC,GC-MS
50308,QUÉBEC-VIEUX-LIMOILOU (DES SABLES),cis-2-Pentene,2018-06-19T00:00,0.039,µg/m³,VOC,GC-MS
50308,QUÉBEC-VIEUX-LIMOILOU (DES SABLES),cis-2-Pentene,2018-07-01T00:00,0.028,µg/m³,VOC,GC-MS
50308,QUÉBEC-VIEUX-LIMOILOU (DES SABLES),cis-2-Pentene,2018-07-07T00:00,0.032,µg/m³,VOC,GC-MS
50308,QUÉBEC-VIEUX-LIMOILOU (DES SABLES),cis-2-Pentene,2018-07-13T00:00,0.062,µg/m³,VOC,GC-MS
50308,QUÉBEC-VIEUX-LIMOILOU (DES SABLES),cis-2-Pentene,2018-07-19T00:00,0.097,µg/m³,VOC,GC-MS
50308,QUÉBEC-VIEUX-LIMOILOU (DES SABLES),cis-2-Pentene,2018-07-25T00:00,0.066,µg/m³,VOC,GC-MS
50308,QUÉBEC-VIEUX-LIMOILOU (DES SABLES),cis-2-Pentene,2018-08-18T00:00,0.085,µg/m³,VOC,GC-MS
50308,QUÉBEC-VIEUX-LIMOILOU (DES SABLES),cis-2-Pentene,2018-08-24T00:00,0.082,µg/m³,VOC,GC-MS
50308,QUÉBEC-VIEUX-LIMOILOU (DES SABLES),cis-2-Pentene,2018-09-05T00:00,0.152,µg/m³,VOC,GC-MS
50308,QUÉBEC-VIEUX-LIMOILOU (DES SABLES),cis-2-Pentene,2018-09-11T00:00,0.054,µg/m³,VOC,GC-MS
50308,QUÉBEC-VIEUX-LIMOILOU (DES SABLES),cis-2-Pentene,2018-10-11T00:00,0.011,µg/m³,VOC,GC-MS
50308,QUÉBEC-VIEUX-LIMOILOU (DES SABLES),cis-2-Pentene,2018-10-17T00:00,0.051,µg/m³,VOC,GC-MS
50308,QUÉBEC-VIEUX-LIMOILOU (DES SABLES),cis-2-Pentene,2018-10-23T00:00,0.063,µg/m³,VOC,GC-MS
50308,QUÉBEC-VIEUX-LIMOILOU (DES SABLES),cis-2-Pentene,2018-10-29T00:00,0.079,µg/m³,VOC,GC-MS
50308,QUÉBEC-VIEUX-LIMOILOU (DES SABLES),cis-2-Pentene,2018-11-04T00:00,0.027,µg/m³,VOC,GC-MS
50308,QUÉBEC-VIEUX-LIMOILOU (DES SABLES),cis-2-Pentene,2018-11-10T00:00,0.019,µg/m³,VOC,GC-MS
50308,QUÉBEC-VIEUX-LIMOILOU (DES SABLES),cis-2-Pentene,2018-11-22T00:00,0.034,µg/m³,VOC,GC-MS
50308,QUÉBEC-VIEUX-LIMOILOU (DES SABLES),cis-2-Pentene,2018-11-28T00:00,0.025,µg/m³,VOC,GC-MS
50308,QUÉBEC-VIEUX-LIMOILOU (DES SABLES),cis-2-Pentene,2018-12-04T00:00,0.036,µg/m³,VOC,GC-MS
50308,QUÉBEC-VIEUX-LIMOILOU (DES SABLES),cis-2-Pentene,2018-12-10T00:00,0.062,µg/m³,VOC,GC-MS
50308,QUÉBEC-VIEUX-LIMOILOU (DES SABLES),cis-2-Pentene,2018-12-16T00:00,0.078,µg/m³,VOC,GC-MS
50308,QUÉBEC-VIEUX-LIMOILOU (DES SABLES),cis-2-Pentene,2018-12-22T00:00,0.016,µg/m³,VOC,GC-MS
