﻿NAPS_Site_ID,Station_Name,Pollutant,Date,Value,Units,Report_Type,Method
61007,AAMJIWNAANG,cis-2-Butene,2014-01-04T19:00,0.036,µg/m³,VOC,
61007,AAMJIWNAANG,cis-2-Butene,2014-01-16T19:00,0.043,µg/m³,VOC,
61007,AAMJIWNAANG,cis-2-Butene,2014-01-28T19:00,0.555,µg/m³,VOC,
61007,AAMJIWNAANG,cis-2-Butene,2014-02-09T19:00,0.110,µg/m³,VOC,
61007,AAMJIWNAANG,cis-2-Butene,2014-02-21T19:00,0.226,µg/m³,VOC,
61007,AAMJIWNAANG,cis-2-Butene,2014-03-05T19:00,0.018,µg/m³,VOC,
61007,AAMJIWNAANG,cis-2-Butene,2014-03-17T20:00,0.006,µg/m³,VOC,
61007,AAMJIWNAANG,cis-2-Butene,2014-03-29T20:00,0.141,µg/m³,VOC,
61007,AAMJIWNAANG,cis-2-Butene,2014-04-10T20:00,0.060,µg/m³,VOC,
61007,AAMJIWNAANG,cis-2-Butene,2014-04-22T20:00,0.075,µg/m³,VOC,
61007,AAMJIWNAANG,cis-2-Butene,2014-05-04T20:00,0.159,µg/m³,VOC,
61007,AAMJIWNAANG,cis-2-Butene,2014-05-16T20:00,0.073,µg/m³,VOC,
61007,AAMJIWNAANG,cis-2-Butene,2014-05-28T20:00,0.134,µg/m³,VOC,
61007,AAMJIWNAANG,cis-2-Butene,2014-06-09T20:00,0.227,µg/m³,VOC,
61007,AAMJIWNAANG,cis-2-Butene,2014-06-21T20:00,0.043,µg/m³,VOC,
61007,AAMJIWNAANG,cis-2-Butene,2014-07-03T20:00,0.026,µg/m³,VOC,
61007,AAMJIWNAANG,cis-2-Butene,2014-07-15T20:00,0.049,µg/m³,VOC,
61007,AAMJIWNAANG,cis-2-Butene,2014-07-27T20:00,0.106,µg/m³,VOC,
61007,AAMJIWNAANG,cis-2-Butene,2014-08-08T20:00,0.095,µg/m³,VOC,
61007,AAMJIWNAANG,cis-2-Butene,2014-08-20T20:00,0.083,µg/m³,VOC,
61007,AAMJIWNAANG,cis-2-Butene,2014-09-01T20:00,0.053,µg/m³,VOC,
61007,AAMJIWNAANG,cis-2-Butene,2014-09-13T20:00,0.097,µg/m³,VOC,
61007,AAMJIWNAANG,cis-2-Butene,2014-09-25T20:00,0.126,µg/m³,VOC,
61007,AAMJIWNAANG,cis-2-Butene,2014-10-07T20:00,0.105,µg/m³,VOC,
61007,AAMJIWNAANG,cis-2-Butene,2014-10-19T20:00,0.064,µg/m³,VOC,
61007,AAMJIWNAANG,cis-2-Butene,2014-10-31T20:00,0.033,µg/m³,VOC,
61007,AAMJIWNAANG,cis-2-Butene,2014-11-12T19:00,0.032,µg/m³,VOC,
61007,AAMJIWNAANG,cis-2-Butene,2014-11-24T19:00,0.314,µg/m³,VOC,
61007,AAMJIWNAANG,cis-2-Butene,2014-12-06T19:00,0.025,µg/m³,VOC,
61007,AAMJIWNAANG,cis-2-Butene,2014-12-18T19:00,0.024,µg/m³,VOC,
61007,AAMJIWNAANG,cis-2-Butene,2014-12-30T19:00,0.073,µg/m³,VOC,
