﻿NAPS_Site_ID,Station_Name,Pollutant,Date,Value,Units,Report_Type,Method
60512,BEASLEY PARK _HAMILTON_DOWNTOWN_,13C12-P5CDD,1997-02-15T00:00,74.000,pg/m³,PCDD,
60512,BEASLEY PARK _HAMILTON_DOWNTOWN_,13C12-P5CDD,1997-03-11T00:00,67.000,pg/m³,PCDD,
60512,BEASLEY PARK _HAMILTON_DOWNTOWN_,13C12-P5CDD,1997-04-16T00:00,72.000,pg/m³,PCDD,
60512,BEASLEY PARK _HAMILTON_DOWNTOWN_,13C12-P5CDD,1997-05-10T00:00,57.000,pg/m³,PCDD,
60512,BEASLEY PARK _HAMILTON_DOWNTOWN_,13C12-P5CDD,1997-06-03T00:00,28.000,pg/m³,PCDD,
60512,BEASLEY PARK _HAMILTON_DOWNTOWN_,13C12-P5CDD,1997-07-09T00:00,77.000,pg/m³,PCDD,
60512,BEASLEY PARK _HAMILTON_DOWNTOWN_,13C12-P5CDD,1997-08-02T00:00,72.000,pg/m³,PCDD,
60512,BEASLEY PARK _HAMILTON_DOWNTOWN_,13C12-P5CDD,1997-08-26T00:00,80.000,pg/m³,PCDD,
60512,BEASLEY PARK _HAMILTON_DOWNTOWN_,13C12-P5CDD,1997-09-19T00:00,98.000,pg/m³,PCDD,
60512,BEASLEY PARK _HAMILTON_DOWNTOWN_,13C12-P5CDD,1997-11-06T00:00,45.000,pg/m³,PCDD,
60512,BEASLEY PARK _HAMILTON_DOWNTOWN_,13C12-P5CDD,1997-12-24T00:00,61.000,pg/m³,PCDD,
