﻿NAPS_Site_ID,Station_Name,Pollutant,Date,Value,Units,Report_Type,Method
60427,GAGE INSTITUTE,13C12-H7CDF,2011-01-26T19:00,107.000,pg/m³,PCDD,
60427,GAGE INSTITUTE,13C12-H7CDF,2011-02-19T19:00,88.000,pg/m³,PCDD,
60427,GAGE INSTITUTE,13C12-H7CDF,2011-03-15T20:00,99.000,pg/m³,PCDD,
60427,GAGE INSTITUTE,13C12-H7CDF,2011-04-08T20:00,82.000,pg/m³,PCDD,
60427,GAGE INSTITUTE,13C12-H7CDF,2011-04-08T20:00,98.000,pg/m³,PCDD,
60427,GAGE INSTITUTE,13C12-H7CDF,2011-05-02T20:00,101.000,pg/m³,PCDD,
60427,GAGE INSTITUTE,13C12-H7CDF,2011-07-13T20:00,98.000,pg/m³,PCDD,
60427,GAGE INSTITUTE,13C12-H7CDF,2011-08-06T20:00,85.000,pg/m³,PCDD,
60427,GAGE INSTITUTE,13C12-H7CDF,2011-08-30T20:00,86.000,pg/m³,PCDD,
