﻿NAPS_Site_ID,Station_Name,Pollutant,Date,Value,Units,Report_Type,Method
50308,QUÉBEC-VIEUX-LIMOILOU (DES SABLES),2-Methylpentane,2023-01-06T00:00,0.190,µg/m³,VOC,GC-MS
50308,QUÉBEC-VIEUX-LIMOILOU (DES SABLES),2-Methylpentane,2023-01-12T00:00,0.088,µg/m³,VOC,GC-MS
50308,QUÉBEC-VIEUX-LIMOILOU (DES SABLES),2-Methylpentane,2023-01-18T00:00,0.256,µg/m³,VOC,GC-MS
50308,QUÉBEC-VIEUX-LIMOILOU (DES SABLES),2-Methylpentane,2023-01-24T00:00,0.176,µg/m³,VOC,GC-MS
50308,QUÉBEC-VIEUX-LIMOILOU (DES SABLES),2-Methylpentane,2023-01-30T00:00,0.226,µg/m³,VOC,GC-MS
50308,QUÉBEC-VIEUX-LIMOILOU (DES SABLES),2-Methylpentane,2023-02-05T00:00,0.734,µg/m³,VOC,GC-MS
50308,QUÉBEC-VIEUX-LIMOILOU (DES SABLES),2-Methylpentane,2023-02-11T00:00,0.246,µg/m³,VOC,GC-MS
50308,QUÉBEC-VIEUX-LIMOILOU (DES SABLES),2-Methylpentane,2023-02-17T00:00,0.174,µg/m³,VOC,GC-MS
50308,QUÉBEC-VIEUX-LIMOILOU (DES SABLES),2-Methylpentane,2023-03-01T00:00,0.386,µg/m³,VOC,GC-MS
50308,QUÉBEC-VIEUX-LIMOILOU (DES SABLES),2-Methylpentane,2023-03-07T00:00,0.192,µg/m³,VOC,GC-MS
50308,QUÉBEC-VIEUX-LIMOILOU (DES SABLES),2-Methylpentane,2023-03-13T00:00,0.124,µg/m³,VOC,GC-MS
50308,QUÉBEC-VIEUX-LIMOILOU (DES SABLES),2-Methylpentane,2023-03-19T00:00,0.064,µg/m³,VOC,GC-MS
50308,QUÉBEC-VIEUX-LIMOILOU (DES SABLES),2-Methylpentane,2023-03-25T00:00,0.216,µg/m³,VOC,GC-MS
50308,QUÉBEC-VIEUX-LIMOILOU (DES SABLES),2-Methylpentane,2023-03-30T00:00,0.172,µg/m³,VOC,GC-MS
50308,QUÉBEC-VIEUX-LIMOILOU (DES SABLES),2-Methylpentane,2023-04-06T00:00,0.216,µg/m³,VOC,GC-MS
50308,QUÉBEC-VIEUX-LIMOILOU (DES SABLES),2-Methylpentane,2023-04-12T00:00,0.302,µg/m³,VOC,GC-MS
50308,QUÉBEC-VIEUX-LIMOILOU (DES SABLES),2-Methylpentane,2023-04-18T00:00,0.346,µg/m³,VOC,GC-MS
50308,QUÉBEC-VIEUX-LIMOILOU (DES SABLES),2-Methylpentane,2023-04-24T00:00,0.190,µg/m³,VOC,GC-MS
50308,QUÉBEC-VIEUX-LIMOILOU (DES SABLES),2-Methylpentane,2023-05-06T00:00,0.190,µg/m³,VOC,GC-MS
50308,QUÉBEC-VIEUX-LIMOILOU (DES SABLES),2-Methylpentane,2023-05-12T00:00,0.432,µg/m³,VOC,GC-MS
50308,QUÉBEC-VIEUX-LIMOILOU (DES SABLES),2-Methylpentane,2023-05-18T00:00,0.142,µg/m³,VOC,GC-MS
50308,QUÉBEC-VIEUX-LIMOILOU (DES SABLES),2-Methylpentane,2023-05-24T00:00,0.454,µg/m³,VOC,GC-MS
50308,QUÉBEC-VIEUX-LIMOILOU (DES SABLES),2-Methylpentane,2023-05-30T00:00,0.702,µg/m³,VOC,GC-MS
50308,QUÉBEC-VIEUX-LIMOILOU (DES SABLES),2-Methylpentane,2023-06-05T00:00,0.128,µg/m³,VOC,GC-MS
50308,QUÉBEC-VIEUX-LIMOILOU (DES SABLES),2-Methylpentane,2023-06-11T00:00,0.526,µg/m³,VOC,GC-MS
50308,QUÉBEC-VIEUX-LIMOILOU (DES SABLES),2-Methylpentane,2023-06-17T00:00,0.046,µg/m³,VOC,GC-MS
50308,QUÉBEC-VIEUX-LIMOILOU (DES SABLES),2-Methylpentane,2023-06-23T00:00,0.454,µg/m³,VOC,GC-MS
50308,QUÉBEC-VIEUX-LIMOILOU (DES SABLES),2-Methylpentane,2023-06-29T00:00,0.552,µg/m³,VOC,GC-MS
50308,QUÉBEC-VIEUX-LIMOILOU (DES SABLES),2-Methylpentane,2023-07-05T00:00,0.738,µg/m³,VOC,GC-MS
50308,QUÉBEC-VIEUX-LIMOILOU (DES SABLES),2-Methylpentane,2023-07-11T00:00,0.218,µg/m³,VOC,GC-MS
50308,QUÉBEC-VIEUX-LIMOILOU (DES SABLES),2-Methylpentane,2023-07-17T00:00,0.774,µg/m³,VOC,GC-MS
50308,QUÉBEC-VIEUX-LIMOILOU (DES SABLES),2-Methylpentane,2023-07-29T00:00,0.102,µg/m³,VOC,GC-MS
50308,QUÉBEC-VIEUX-LIMOILOU (DES SABLES),2-Methylpentane,2023-08-04T00:00,0.632,µg/m³,VOC,GC-MS
50308,QUÉBEC-VIEUX-LIMOILOU (DES SABLES),2-Methylpentane,2023-08-08T00:00,0.590,µg/m³,VOC,GC-MS
50308,QUÉBEC-VIEUX-LIMOILOU (DES SABLES),2-Methylpentane,2023-08-16T00:00,1.248,µg/m³,VOC,GC-MS
50308,QUÉBEC-VIEUX-LIMOILOU (DES SABLES),2-Methylpentane,2023-08-22T00:00,0.394,µg/m³,VOC,GC-MS
50308,QUÉBEC-VIEUX-LIMOILOU (DES SABLES),2-Methylpentane,2023-08-28T00:00,0.590,µg/m³,VOC,GC-MS
50308,QUÉBEC-VIEUX-LIMOILOU (DES SABLES),2-Methylpentane,2023-09-03T00:00,0.342,µg/m³,VOC,GC-MS
50308,QUÉBEC-VIEUX-LIMOILOU (DES SABLES),2-Methylpentane,2023-09-09T00:00,0.236,µg/m³,VOC,GC-MS
50308,QUÉBEC-VIEUX-LIMOILOU (DES SABLES),2-Methylpentane,2023-09-15T00:00,0.278,µg/m³,VOC,GC-MS
50308,QUÉBEC-VIEUX-LIMOILOU (DES SABLES),2-Methylpentane,2023-09-27T00:00,1.694,µg/m³,VOC,GC-MS
50308,QUÉBEC-VIEUX-LIMOILOU (DES SABLES),2-Methylpentane,2023-10-03T00:00,0.494,µg/m³,VOC,GC-MS
50308,QUÉBEC-VIEUX-LIMOILOU (DES SABLES),2-Methylpentane,2023-10-09T00:00,0.320,µg/m³,VOC,GC-MS
50308,QUÉBEC-VIEUX-LIMOILOU (DES SABLES),2-Methylpentane,2023-10-15T00:00,0.436,µg/m³,VOC,GC-MS
50308,QUÉBEC-VIEUX-LIMOILOU (DES SABLES),2-Methylpentane,2023-10-21T00:00,0.268,µg/m³,VOC,GC-MS
50308,QUÉBEC-VIEUX-LIMOILOU (DES SABLES),2-Methylpentane,2023-10-27T00:00,1.154,µg/m³,VOC,GC-MS
50308,QUÉBEC-VIEUX-LIMOILOU (DES SABLES),2-Methylpentane,2023-11-02T00:00,0.382,µg/m³,VOC,GC-MS
50308,QUÉBEC-VIEUX-LIMOILOU (DES SABLES),2-Methylpentane,2023-11-14T00:00,0.318,µg/m³,VOC,GC-MS
50308,QUÉBEC-VIEUX-LIMOILOU (DES SABLES),2-Methylpentane,2023-11-20T00:00,0.318,µg/m³,VOC,GC-MS
50308,QUÉBEC-VIEUX-LIMOILOU (DES SABLES),2-Methylpentane,2023-11-26T00:00,0.474,µg/m³,VOC,GC-MS
50308,QUÉBEC-VIEUX-LIMOILOU (DES SABLES),2-Methylpentane,2023-12-02T00:00,0.080,µg/m³,VOC,GC-MS
50308,QUÉBEC-VIEUX-LIMOILOU (DES SABLES),2-Methylpentane,2023-12-08T00:00,0.664,µg/m³,VOC,GC-MS
50308,QUÉBEC-VIEUX-LIMOILOU (DES SABLES),2-Methylpentane,2023-12-14T00:00,0.308,µg/m³,VOC,GC-MS
50308,QUÉBEC-VIEUX-LIMOILOU (DES SABLES),2-Methylpentane,2023-12-20T00:00,0.308,µg/m³,VOC,GC-MS
