﻿NAPS_Site_ID,Station_Name,Pollutant,Date,Value,Units,Report_Type,Method
65101,EAGLE ST. & McCAFFREY RD. _NEWMARKET_,"2,3-Dimethylpentane",2008-01-01T00:00,0.066,µg/m³,VOC,GC-MS
65101,EAGLE ST. & McCAFFREY RD. _NEWMARKET_,"2,3-Dimethylpentane",2008-01-07T00:00,0.092,µg/m³,VOC,GC-MS
65101,EAGLE ST. & McCAFFREY RD. _NEWMARKET_,"2,3-Dimethylpentane",2008-01-13T00:00,0.115,µg/m³,VOC,GC-MS
65101,EAGLE ST. & McCAFFREY RD. _NEWMARKET_,"2,3-Dimethylpentane",2008-01-19T00:00,0.050,µg/m³,VOC,GC-MS
65101,EAGLE ST. & McCAFFREY RD. _NEWMARKET_,"2,3-Dimethylpentane",2008-01-25T00:00,0.048,µg/m³,VOC,GC-MS
65101,EAGLE ST. & McCAFFREY RD. _NEWMARKET_,"2,3-Dimethylpentane",2008-02-06T00:00,0.048,µg/m³,VOC,GC-MS
65101,EAGLE ST. & McCAFFREY RD. _NEWMARKET_,"2,3-Dimethylpentane",2008-02-12T00:00,0.100,µg/m³,VOC,GC-MS
65101,EAGLE ST. & McCAFFREY RD. _NEWMARKET_,"2,3-Dimethylpentane",2008-02-18T00:00,0.056,µg/m³,VOC,GC-MS
65101,EAGLE ST. & McCAFFREY RD. _NEWMARKET_,"2,3-Dimethylpentane",2008-02-24T00:00,0.066,µg/m³,VOC,GC-MS
65101,EAGLE ST. & McCAFFREY RD. _NEWMARKET_,"2,3-Dimethylpentane",2008-03-01T00:00,0.041,µg/m³,VOC,GC-MS
65101,EAGLE ST. & McCAFFREY RD. _NEWMARKET_,"2,3-Dimethylpentane",2008-03-07T00:00,0.465,µg/m³,VOC,GC-MS
65101,EAGLE ST. & McCAFFREY RD. _NEWMARKET_,"2,3-Dimethylpentane",2008-03-13T00:00,0.080,µg/m³,VOC,GC-MS
65101,EAGLE ST. & McCAFFREY RD. _NEWMARKET_,"2,3-Dimethylpentane",2008-03-19T00:00,0.081,µg/m³,VOC,GC-MS
65101,EAGLE ST. & McCAFFREY RD. _NEWMARKET_,"2,3-Dimethylpentane",2008-03-25T00:00,0.080,µg/m³,VOC,GC-MS
65101,EAGLE ST. & McCAFFREY RD. _NEWMARKET_,"2,3-Dimethylpentane",2008-03-31T00:00,0.192,µg/m³,VOC,GC-MS
65101,EAGLE ST. & McCAFFREY RD. _NEWMARKET_,"2,3-Dimethylpentane",2008-06-29T00:00,0.110,µg/m³,VOC,GC-MS
65101,EAGLE ST. & McCAFFREY RD. _NEWMARKET_,"2,3-Dimethylpentane",2008-07-05T00:00,0.081,µg/m³,VOC,GC-MS
65101,EAGLE ST. & McCAFFREY RD. _NEWMARKET_,"2,3-Dimethylpentane",2008-07-17T00:00,0.148,µg/m³,VOC,GC-MS
65101,EAGLE ST. & McCAFFREY RD. _NEWMARKET_,"2,3-Dimethylpentane",2008-07-23T00:00,0.050,µg/m³,VOC,GC-MS
65101,EAGLE ST. & McCAFFREY RD. _NEWMARKET_,"2,3-Dimethylpentane",2008-08-04T00:00,0.073,µg/m³,VOC,GC-MS
65101,EAGLE ST. & McCAFFREY RD. _NEWMARKET_,"2,3-Dimethylpentane",2008-08-10T00:00,0.082,µg/m³,VOC,GC-MS
65101,EAGLE ST. & McCAFFREY RD. _NEWMARKET_,"2,3-Dimethylpentane",2008-08-16T00:00,0.022,µg/m³,VOC,GC-MS
65101,EAGLE ST. & McCAFFREY RD. _NEWMARKET_,"2,3-Dimethylpentane",2008-08-22T00:00,0.112,µg/m³,VOC,GC-MS
65101,EAGLE ST. & McCAFFREY RD. _NEWMARKET_,"2,3-Dimethylpentane",2008-08-28T00:00,0.051,µg/m³,VOC,GC-MS
65101,EAGLE ST. & McCAFFREY RD. _NEWMARKET_,"2,3-Dimethylpentane",2008-09-03T00:00,0.078,µg/m³,VOC,GC-MS
65101,EAGLE ST. & McCAFFREY RD. _NEWMARKET_,"2,3-Dimethylpentane",2008-09-15T00:00,0.024,µg/m³,VOC,GC-MS
65101,EAGLE ST. & McCAFFREY RD. _NEWMARKET_,"2,3-Dimethylpentane",2008-09-27T00:00,0.273,µg/m³,VOC,GC-MS
65101,EAGLE ST. & McCAFFREY RD. _NEWMARKET_,"2,3-Dimethylpentane",2008-10-03T00:00,0.016,µg/m³,VOC,GC-MS
65101,EAGLE ST. & McCAFFREY RD. _NEWMARKET_,"2,3-Dimethylpentane",2008-10-15T00:00,0.137,µg/m³,VOC,GC-MS
65101,EAGLE ST. & McCAFFREY RD. _NEWMARKET_,"2,3-Dimethylpentane",2008-10-21T00:00,0.018,µg/m³,VOC,GC-MS
65101,EAGLE ST. & McCAFFREY RD. _NEWMARKET_,"2,3-Dimethylpentane",2008-10-27T00:00,0.028,µg/m³,VOC,GC-MS
65101,EAGLE ST. & McCAFFREY RD. _NEWMARKET_,"2,3-Dimethylpentane",2008-11-02T00:00,0.142,µg/m³,VOC,GC-MS
65101,EAGLE ST. & McCAFFREY RD. _NEWMARKET_,"2,3-Dimethylpentane",2008-11-08T00:00,0.043,µg/m³,VOC,GC-MS
65101,EAGLE ST. & McCAFFREY RD. _NEWMARKET_,"2,3-Dimethylpentane",2008-11-14T00:00,0.091,µg/m³,VOC,GC-MS
65101,EAGLE ST. & McCAFFREY RD. _NEWMARKET_,"2,3-Dimethylpentane",2008-11-26T00:00,0.032,µg/m³,VOC,GC-MS
65101,EAGLE ST. & McCAFFREY RD. _NEWMARKET_,"2,3-Dimethylpentane",2008-12-02T00:00,0.024,µg/m³,VOC,GC-MS
65101,EAGLE ST. & McCAFFREY RD. _NEWMARKET_,"2,3-Dimethylpentane",2008-12-08T00:00,0.270,µg/m³,VOC,GC-MS
65101,EAGLE ST. & McCAFFREY RD. _NEWMARKET_,"2,3-Dimethylpentane",2008-12-14T00:00,0.346,µg/m³,VOC,GC-MS
65101,EAGLE ST. & McCAFFREY RD. _NEWMARKET_,"2,3-Dimethylpentane",2008-12-20T00:00,0.072,µg/m³,VOC,GC-MS
65101,EAGLE ST. & McCAFFREY RD. _NEWMARKET_,"2,3-Dimethylpentane",2008-12-26T00:00,0.074,µg/m³,VOC,GC-MS
