﻿NAPS_Site_ID,Station_Name,Pollutant,Date,Value,Units,Report_Type,Method
60101,HYDRO BLDG.,1-Pentene,1989-05-28T00:00,0.184,µg/m³,VOC,
60101,HYDRO BLDG.,1-Pentene,1989-06-03T00:00,0.342,µg/m³,VOC,
60101,HYDRO BLDG.,1-Pentene,1989-06-09T00:00,0.236,µg/m³,VOC,
60101,HYDRO BLDG.,1-Pentene,1989-06-15T00:00,0.214,µg/m³,VOC,
60101,HYDRO BLDG.,1-Pentene,1989-06-21T00:00,0.341,µg/m³,VOC,
60101,HYDRO BLDG.,1-Pentene,1989-06-27T00:00,0.470,µg/m³,VOC,
60101,HYDRO BLDG.,1-Pentene,1989-07-03T00:00,0.136,µg/m³,VOC,
60101,HYDRO BLDG.,1-Pentene,1989-07-09T00:00,0.109,µg/m³,VOC,
60101,HYDRO BLDG.,1-Pentene,1989-07-15T00:00,0.356,µg/m³,VOC,
60101,HYDRO BLDG.,1-Pentene,1989-07-21T00:00,0.372,µg/m³,VOC,
60101,HYDRO BLDG.,1-Pentene,1989-07-27T00:00,0.516,µg/m³,VOC,
60101,HYDRO BLDG.,1-Pentene,1989-08-02T00:00,0.538,µg/m³,VOC,
60101,HYDRO BLDG.,1-Pentene,1989-08-08T00:00,0.290,µg/m³,VOC,
60101,HYDRO BLDG.,1-Pentene,1989-08-14T00:00,0.363,µg/m³,VOC,
60101,HYDRO BLDG.,1-Pentene,1989-08-20T00:00,0.213,µg/m³,VOC,
60101,HYDRO BLDG.,1-Pentene,1989-08-26T00:00,0.000,µg/m³,VOC,
60101,HYDRO BLDG.,1-Pentene,1989-09-01T00:00,0.579,µg/m³,VOC,
60101,HYDRO BLDG.,1-Pentene,1989-09-13T00:00,0.000,µg/m³,VOC,
60101,HYDRO BLDG.,1-Pentene,1989-09-19T00:00,0.459,µg/m³,VOC,
60101,HYDRO BLDG.,1-Pentene,1989-09-25T00:00,0.552,µg/m³,VOC,
60101,HYDRO BLDG.,1-Pentene,1989-10-01T00:00,0.289,µg/m³,VOC,
60101,HYDRO BLDG.,1-Pentene,1989-10-07T00:00,0.096,µg/m³,VOC,
60101,HYDRO BLDG.,1-Pentene,1989-10-13T00:00,0.268,µg/m³,VOC,
60101,HYDRO BLDG.,1-Pentene,1989-10-19T00:00,0.122,µg/m³,VOC,
60101,HYDRO BLDG.,1-Pentene,1989-10-25T00:00,0.903,µg/m³,VOC,
60101,HYDRO BLDG.,1-Pentene,1989-10-31T00:00,0.525,µg/m³,VOC,
60101,HYDRO BLDG.,1-Pentene,1989-11-06T00:00,0.248,µg/m³,VOC,
60101,HYDRO BLDG.,1-Pentene,1989-11-12T00:00,0.000,µg/m³,VOC,
60101,HYDRO BLDG.,1-Pentene,1989-11-18T00:00,0.153,µg/m³,VOC,
60101,HYDRO BLDG.,1-Pentene,1989-11-24T00:00,0.442,µg/m³,VOC,
60101,HYDRO BLDG.,1-Pentene,1989-11-30T00:00,0.318,µg/m³,VOC,
60101,HYDRO BLDG.,1-Pentene,1989-12-06T00:00,0.705,µg/m³,VOC,
60101,HYDRO BLDG.,1-Pentene,1989-12-18T00:00,0.262,µg/m³,VOC,
60101,HYDRO BLDG.,1-Pentene,1989-12-24T00:00,0.209,µg/m³,VOC,
60101,HYDRO BLDG.,1-Pentene,1989-12-30T00:00,0.148,µg/m³,VOC,
