﻿NAPS_Site_ID,Station_Name,Pollutant,Date,Value,Units,Report_Type,Method
100133,BURMOUNT,Undecane,1998-01-05T00:00,0.080,µg/m³,VOC,
100133,BURMOUNT,Undecane,1998-01-17T00:00,0.060,µg/m³,VOC,
100133,BURMOUNT,Undecane,1998-02-10T00:00,0.170,µg/m³,VOC,
100133,BURMOUNT,Undecane,1998-02-22T00:00,0.060,µg/m³,VOC,
100133,BURMOUNT,Undecane,1998-03-06T00:00,0.200,µg/m³,VOC,
100133,BURMOUNT,Undecane,1998-03-18T00:00,0.400,µg/m³,VOC,
100133,BURMOUNT,Undecane,1998-04-23T00:00,0.475,µg/m³,VOC,
100133,BURMOUNT,Undecane,1998-05-05T00:00,0.239,µg/m³,VOC,
100133,BURMOUNT,Undecane,1998-07-04T00:00,0.108,µg/m³,VOC,
100133,BURMOUNT,Undecane,1998-08-15T00:00,0.200,µg/m³,VOC,
100133,BURMOUNT,Undecane,1998-09-08T00:00,0.202,µg/m³,VOC,
100133,BURMOUNT,Undecane,1998-10-14T00:00,0.126,µg/m³,VOC,
100133,BURMOUNT,Undecane,1998-10-26T00:00,0.338,µg/m³,VOC,
100133,BURMOUNT,Undecane,1998-11-13T00:00,0.112,µg/m³,VOC,
100133,BURMOUNT,Undecane,1998-12-13T00:00,0.078,µg/m³,VOC,
100133,BURMOUNT,Undecane,1998-12-31T00:00,0.174,µg/m³,VOC,
