﻿NAPS_Site_ID,Station_Name,Pollutant,Date,Value,Units,Report_Type,Method
100128,RICHMOND SOUTH,iso-Butylbenzene,2005-01-22T00:00,0.003,µg/m³,VOC,GC-MS
100128,RICHMOND SOUTH,iso-Butylbenzene,2005-02-09T00:00,0.025,µg/m³,VOC,GC-MS
100128,RICHMOND SOUTH,iso-Butylbenzene,2005-02-27T00:00,0.004,µg/m³,VOC,GC-MS
100128,RICHMOND SOUTH,iso-Butylbenzene,2005-03-17T00:00,0.003,µg/m³,VOC,GC-MS
100128,RICHMOND SOUTH,iso-Butylbenzene,2005-04-04T00:00,0.009,µg/m³,VOC,GC-MS
100128,RICHMOND SOUTH,iso-Butylbenzene,2005-04-28T00:00,0.009,µg/m³,VOC,GC-MS
100128,RICHMOND SOUTH,iso-Butylbenzene,2005-05-16T00:00,0.004,µg/m³,VOC,GC-MS
100128,RICHMOND SOUTH,iso-Butylbenzene,2005-06-03T00:00,0.000,µg/m³,VOC,GC-MS
100128,RICHMOND SOUTH,iso-Butylbenzene,2005-06-21T00:00,0.004,µg/m³,VOC,GC-MS
100128,RICHMOND SOUTH,iso-Butylbenzene,2005-07-09T00:00,0.006,µg/m³,VOC,GC-MS
100128,RICHMOND SOUTH,iso-Butylbenzene,2005-07-27T00:00,0.020,µg/m³,VOC,GC-MS
100128,RICHMOND SOUTH,iso-Butylbenzene,2005-08-14T00:00,0.010,µg/m³,VOC,GC-MS
100128,RICHMOND SOUTH,iso-Butylbenzene,2005-09-01T00:00,0.012,µg/m³,VOC,GC-MS
100128,RICHMOND SOUTH,iso-Butylbenzene,2005-10-07T00:00,0.007,µg/m³,VOC,GC-MS
100128,RICHMOND SOUTH,iso-Butylbenzene,2005-10-25T00:00,0.010,µg/m³,VOC,GC-MS
100128,RICHMOND SOUTH,iso-Butylbenzene,2005-11-12T00:00,0.008,µg/m³,VOC,GC-MS
100128,RICHMOND SOUTH,iso-Butylbenzene,2005-11-30T00:00,0.014,µg/m³,VOC,GC-MS
