﻿NAPS_Site_ID,Station_Name,Pollutant,Date,Value,Units,Report_Type,Method
50121,BROSSARD-PARC OCÉANIE,Bromodichloromethane,2002-01-02T00:00,0.070,µg/m³,VOC,
50121,BROSSARD-PARC OCÉANIE,Bromodichloromethane,2002-01-08T00:00,0.080,µg/m³,VOC,
50121,BROSSARD-PARC OCÉANIE,Bromodichloromethane,2002-01-14T00:00,0.070,µg/m³,VOC,
50121,BROSSARD-PARC OCÉANIE,Bromodichloromethane,2002-01-20T00:00,0.080,µg/m³,VOC,
50121,BROSSARD-PARC OCÉANIE,Bromodichloromethane,2002-01-26T00:00,0.070,µg/m³,VOC,
50121,BROSSARD-PARC OCÉANIE,Bromodichloromethane,2002-02-01T00:00,0.070,µg/m³,VOC,
50121,BROSSARD-PARC OCÉANIE,Bromodichloromethane,2002-02-07T00:00,0.130,µg/m³,VOC,
50121,BROSSARD-PARC OCÉANIE,Bromodichloromethane,2002-02-13T00:00,0.070,µg/m³,VOC,
50121,BROSSARD-PARC OCÉANIE,Bromodichloromethane,2002-02-19T00:00,0.050,µg/m³,VOC,
50121,BROSSARD-PARC OCÉANIE,Bromodichloromethane,2002-02-25T00:00,0.080,µg/m³,VOC,
50121,BROSSARD-PARC OCÉANIE,Bromodichloromethane,2002-03-03T00:00,0.040,µg/m³,VOC,
50121,BROSSARD-PARC OCÉANIE,Bromodichloromethane,2002-03-09T00:00,0.040,µg/m³,VOC,
50121,BROSSARD-PARC OCÉANIE,Bromodichloromethane,2002-03-15T00:00,0.050,µg/m³,VOC,
50121,BROSSARD-PARC OCÉANIE,Bromodichloromethane,2002-03-21T00:00,0.050,µg/m³,VOC,
50121,BROSSARD-PARC OCÉANIE,Bromodichloromethane,2002-03-27T00:00,0.050,µg/m³,VOC,
50121,BROSSARD-PARC OCÉANIE,Bromodichloromethane,2002-04-02T00:00,0.050,µg/m³,VOC,
50121,BROSSARD-PARC OCÉANIE,Bromodichloromethane,2002-04-08T00:00,0.058,µg/m³,VOC,
50121,BROSSARD-PARC OCÉANIE,Bromodichloromethane,2002-04-14T00:00,0.070,µg/m³,VOC,
50121,BROSSARD-PARC OCÉANIE,Bromodichloromethane,2002-04-20T00:00,0.041,µg/m³,VOC,
50121,BROSSARD-PARC OCÉANIE,Bromodichloromethane,2002-04-26T00:00,0.044,µg/m³,VOC,
50121,BROSSARD-PARC OCÉANIE,Bromodichloromethane,2002-05-02T00:00,0.068,µg/m³,VOC,
50121,BROSSARD-PARC OCÉANIE,Bromodichloromethane,2002-05-08T00:00,0.053,µg/m³,VOC,
50121,BROSSARD-PARC OCÉANIE,Bromodichloromethane,2002-05-14T00:00,0.041,µg/m³,VOC,
50121,BROSSARD-PARC OCÉANIE,Bromodichloromethane,2002-05-20T00:00,0.060,µg/m³,VOC,
50121,BROSSARD-PARC OCÉANIE,Bromodichloromethane,2002-05-26T00:00,0.030,µg/m³,VOC,
50121,BROSSARD-PARC OCÉANIE,Bromodichloromethane,2002-06-01T00:00,0.042,µg/m³,VOC,
50121,BROSSARD-PARC OCÉANIE,Bromodichloromethane,2002-06-07T00:00,0.096,µg/m³,VOC,
50121,BROSSARD-PARC OCÉANIE,Bromodichloromethane,2002-06-13T00:00,0.087,µg/m³,VOC,
50121,BROSSARD-PARC OCÉANIE,Bromodichloromethane,2002-06-19T00:00,0.057,µg/m³,VOC,
50121,BROSSARD-PARC OCÉANIE,Bromodichloromethane,2002-06-25T00:00,0.056,µg/m³,VOC,
50121,BROSSARD-PARC OCÉANIE,Bromodichloromethane,2002-07-01T00:00,0.061,µg/m³,VOC,
50121,BROSSARD-PARC OCÉANIE,Bromodichloromethane,2002-07-07T00:00,0.083,µg/m³,VOC,
50121,BROSSARD-PARC OCÉANIE,Bromodichloromethane,2002-07-13T00:00,0.077,µg/m³,VOC,
50121,BROSSARD-PARC OCÉANIE,Bromodichloromethane,2002-07-19T00:00,0.128,µg/m³,VOC,
50121,BROSSARD-PARC OCÉANIE,Bromodichloromethane,2002-07-25T00:00,0.109,µg/m³,VOC,
50121,BROSSARD-PARC OCÉANIE,Bromodichloromethane,2002-07-31T00:00,0.091,µg/m³,VOC,
50121,BROSSARD-PARC OCÉANIE,Bromodichloromethane,2002-08-06T00:00,0.083,µg/m³,VOC,
50121,BROSSARD-PARC OCÉANIE,Bromodichloromethane,2002-08-12T00:00,0.050,µg/m³,VOC,
50121,BROSSARD-PARC OCÉANIE,Bromodichloromethane,2002-08-18T00:00,0.049,µg/m³,VOC,
50121,BROSSARD-PARC OCÉANIE,Bromodichloromethane,2002-08-24T00:00,0.050,µg/m³,VOC,
50121,BROSSARD-PARC OCÉANIE,Bromodichloromethane,2002-08-30T00:00,0.057,µg/m³,VOC,
50121,BROSSARD-PARC OCÉANIE,Bromodichloromethane,2002-09-05T00:00,0.051,µg/m³,VOC,
50121,BROSSARD-PARC OCÉANIE,Bromodichloromethane,2002-09-11T00:00,0.051,µg/m³,VOC,
50121,BROSSARD-PARC OCÉANIE,Bromodichloromethane,2002-09-17T00:00,0.060,µg/m³,VOC,
50121,BROSSARD-PARC OCÉANIE,Bromodichloromethane,2002-09-23T00:00,0.066,µg/m³,VOC,
50121,BROSSARD-PARC OCÉANIE,Bromodichloromethane,2002-09-29T00:00,0.071,µg/m³,VOC,
50121,BROSSARD-PARC OCÉANIE,Bromodichloromethane,2002-10-05T00:00,0.009,µg/m³,VOC,
50121,BROSSARD-PARC OCÉANIE,Bromodichloromethane,2002-10-11T00:00,0.047,µg/m³,VOC,
50121,BROSSARD-PARC OCÉANIE,Bromodichloromethane,2002-10-17T00:00,0.065,µg/m³,VOC,
50121,BROSSARD-PARC OCÉANIE,Bromodichloromethane,2002-10-23T00:00,0.067,µg/m³,VOC,
50121,BROSSARD-PARC OCÉANIE,Bromodichloromethane,2002-10-29T00:00,0.075,µg/m³,VOC,
50121,BROSSARD-PARC OCÉANIE,Bromodichloromethane,2002-11-04T00:00,0.017,µg/m³,VOC,
50121,BROSSARD-PARC OCÉANIE,Bromodichloromethane,2002-11-10T00:00,0.077,µg/m³,VOC,
50121,BROSSARD-PARC OCÉANIE,Bromodichloromethane,2002-11-16T00:00,0.075,µg/m³,VOC,
50121,BROSSARD-PARC OCÉANIE,Bromodichloromethane,2002-11-22T00:00,0.060,µg/m³,VOC,
50121,BROSSARD-PARC OCÉANIE,Bromodichloromethane,2002-11-28T00:00,0.051,µg/m³,VOC,
50121,BROSSARD-PARC OCÉANIE,Bromodichloromethane,2002-12-04T00:00,0.048,µg/m³,VOC,
50121,BROSSARD-PARC OCÉANIE,Bromodichloromethane,2002-12-10T00:00,0.017,µg/m³,VOC,
50121,BROSSARD-PARC OCÉANIE,Bromodichloromethane,2002-12-16T00:00,0.043,µg/m³,VOC,
50121,BROSSARD-PARC OCÉANIE,Bromodichloromethane,2002-12-22T00:00,0.000,µg/m³,VOC,
50121,BROSSARD-PARC OCÉANIE,Bromodichloromethane,2002-12-28T00:00,0.020,µg/m³,VOC,
