﻿NAPS_Site_ID,Station_Name,Pollutant,Date,Value,Units,Report_Type,Method
63601,LONGWOODS CONS. AUTHORITY,Toluene,2019-01-03T00:00,0.163,µg/m³,VOC,GC-MS
63601,LONGWOODS CONS. AUTHORITY,Toluene,2019-01-09T00:00,0.101,µg/m³,VOC,GC-MS
63601,LONGWOODS CONS. AUTHORITY,Toluene,2019-02-02T00:00,0.612,µg/m³,VOC,GC-MS
63601,LONGWOODS CONS. AUTHORITY,Toluene,2019-02-08T00:00,0.202,µg/m³,VOC,GC-MS
63601,LONGWOODS CONS. AUTHORITY,Toluene,2019-02-14T00:00,0.375,µg/m³,VOC,GC-MS
63601,LONGWOODS CONS. AUTHORITY,Toluene,2019-02-20T00:00,0.311,µg/m³,VOC,GC-MS
63601,LONGWOODS CONS. AUTHORITY,Toluene,2019-02-26T00:00,0.103,µg/m³,VOC,GC-MS
63601,LONGWOODS CONS. AUTHORITY,Toluene,2019-03-04T00:00,0.211,µg/m³,VOC,GC-MS
63601,LONGWOODS CONS. AUTHORITY,Toluene,2019-03-10T00:00,0.225,µg/m³,VOC,GC-MS
63601,LONGWOODS CONS. AUTHORITY,Toluene,2019-03-16T00:00,0.037,µg/m³,VOC,GC-MS
63601,LONGWOODS CONS. AUTHORITY,Toluene,2019-03-22T00:00,0.038,µg/m³,VOC,GC-MS
63601,LONGWOODS CONS. AUTHORITY,Toluene,2019-03-28T00:00,0.213,µg/m³,VOC,GC-MS
63601,LONGWOODS CONS. AUTHORITY,Toluene,2019-04-03T00:00,0.036,µg/m³,VOC,GC-MS
63601,LONGWOODS CONS. AUTHORITY,Toluene,2019-04-09T00:00,0.048,µg/m³,VOC,GC-MS
63601,LONGWOODS CONS. AUTHORITY,Toluene,2019-04-15T00:00,0.025,µg/m³,VOC,GC-MS
63601,LONGWOODS CONS. AUTHORITY,Toluene,2019-04-21T00:00,0.054,µg/m³,VOC,GC-MS
63601,LONGWOODS CONS. AUTHORITY,Toluene,2019-04-27T00:00,0.029,µg/m³,VOC,GC-MS
63601,LONGWOODS CONS. AUTHORITY,Toluene,2019-05-03T00:00,0.205,µg/m³,VOC,GC-MS
63601,LONGWOODS CONS. AUTHORITY,Toluene,2019-05-09T00:00,0.151,µg/m³,VOC,GC-MS
63601,LONGWOODS CONS. AUTHORITY,Toluene,2019-05-15T00:00,0.115,µg/m³,VOC,GC-MS
63601,LONGWOODS CONS. AUTHORITY,Toluene,2019-05-21T00:00,0.041,µg/m³,VOC,GC-MS
63601,LONGWOODS CONS. AUTHORITY,Toluene,2019-05-27T00:00,0.328,µg/m³,VOC,GC-MS
63601,LONGWOODS CONS. AUTHORITY,Toluene,2019-06-02T00:00,0.047,µg/m³,VOC,GC-MS
63601,LONGWOODS CONS. AUTHORITY,Toluene,2019-06-08T00:00,0.074,µg/m³,VOC,GC-MS
63601,LONGWOODS CONS. AUTHORITY,Toluene,2019-06-14T00:00,0.202,µg/m³,VOC,GC-MS
63601,LONGWOODS CONS. AUTHORITY,Toluene,2019-06-20T00:00,0.226,µg/m³,VOC,GC-MS
63601,LONGWOODS CONS. AUTHORITY,Toluene,2019-06-26T00:00,0.127,µg/m³,VOC,GC-MS
63601,LONGWOODS CONS. AUTHORITY,Toluene,2019-07-02T00:00,0.213,µg/m³,VOC,GC-MS
63601,LONGWOODS CONS. AUTHORITY,Toluene,2019-07-08T00:00,0.114,µg/m³,VOC,GC-MS
63601,LONGWOODS CONS. AUTHORITY,Toluene,2019-07-14T00:00,0.070,µg/m³,VOC,GC-MS
63601,LONGWOODS CONS. AUTHORITY,Toluene,2019-07-20T00:00,0.084,µg/m³,VOC,GC-MS
63601,LONGWOODS CONS. AUTHORITY,Toluene,2019-07-26T00:00,0.090,µg/m³,VOC,GC-MS
63601,LONGWOODS CONS. AUTHORITY,Toluene,2019-08-01T00:00,0.180,µg/m³,VOC,GC-MS
63601,LONGWOODS CONS. AUTHORITY,Toluene,2019-08-07T00:00,0.109,µg/m³,VOC,GC-MS
63601,LONGWOODS CONS. AUTHORITY,Toluene,2019-08-13T00:00,0.168,µg/m³,VOC,GC-MS
63601,LONGWOODS CONS. AUTHORITY,Toluene,2019-08-19T00:00,0.057,µg/m³,VOC,GC-MS
63601,LONGWOODS CONS. AUTHORITY,Toluene,2019-08-25T00:00,0.078,µg/m³,VOC,GC-MS
63601,LONGWOODS CONS. AUTHORITY,Toluene,2019-09-06T00:00,0.373,µg/m³,VOC,GC-MS
63601,LONGWOODS CONS. AUTHORITY,Toluene,2019-09-12T00:00,0.408,µg/m³,VOC,GC-MS
63601,LONGWOODS CONS. AUTHORITY,Toluene,2019-09-18T00:00,0.041,µg/m³,VOC,GC-MS
63601,LONGWOODS CONS. AUTHORITY,Toluene,2019-09-24T00:00,0.226,µg/m³,VOC,GC-MS
63601,LONGWOODS CONS. AUTHORITY,Toluene,2019-09-30T00:00,0.134,µg/m³,VOC,GC-MS
63601,LONGWOODS CONS. AUTHORITY,Toluene,2019-10-06T00:00,0.229,µg/m³,VOC,GC-MS
63601,LONGWOODS CONS. AUTHORITY,Toluene,2019-10-12T00:00,0.094,µg/m³,VOC,GC-MS
63601,LONGWOODS CONS. AUTHORITY,Toluene,2019-10-18T00:00,0.033,µg/m³,VOC,GC-MS
63601,LONGWOODS CONS. AUTHORITY,Toluene,2019-10-24T00:00,0.084,µg/m³,VOC,GC-MS
63601,LONGWOODS CONS. AUTHORITY,Toluene,2019-10-30T00:00,0.629,µg/m³,VOC,GC-MS
63601,LONGWOODS CONS. AUTHORITY,Toluene,2019-11-05T00:00,0.177,µg/m³,VOC,GC-MS
63601,LONGWOODS CONS. AUTHORITY,Toluene,2019-11-11T00:00,0.233,µg/m³,VOC,GC-MS
63601,LONGWOODS CONS. AUTHORITY,Toluene,2019-11-17T00:00,0.173,µg/m³,VOC,GC-MS
63601,LONGWOODS CONS. AUTHORITY,Toluene,2019-11-23T00:00,0.351,µg/m³,VOC,GC-MS
63601,LONGWOODS CONS. AUTHORITY,Toluene,2019-11-29T00:00,0.126,µg/m³,VOC,GC-MS
63601,LONGWOODS CONS. AUTHORITY,Toluene,2019-12-05T00:00,0.079,µg/m³,VOC,GC-MS
63601,LONGWOODS CONS. AUTHORITY,Toluene,2019-12-11T00:00,0.124,µg/m³,VOC,GC-MS
63601,LONGWOODS CONS. AUTHORITY,Toluene,2019-12-17T00:00,0.103,µg/m³,VOC,GC-MS
63601,LONGWOODS CONS. AUTHORITY,Toluene,2019-12-23T00:00,0.302,µg/m³,VOC,GC-MS
