﻿NAPS_Site_ID,Station_Name,Pollutant,Date,Value,Units,Report_Type,Method
50134,MONTRÉAL-MOLSON or MONTRÉAL-SAINT-JOSEPH,"2,3-Dimethylbutane",2020-01-04T00:00,0.071,µg/m³,VOC,GC-MS
50134,MONTRÉAL-MOLSON or MONTRÉAL-SAINT-JOSEPH,"2,3-Dimethylbutane",2020-01-10T00:00,0.165,µg/m³,VOC,GC-MS
50134,MONTRÉAL-MOLSON or MONTRÉAL-SAINT-JOSEPH,"2,3-Dimethylbutane",2020-01-16T00:00,0.082,µg/m³,VOC,GC-MS
50134,MONTRÉAL-MOLSON or MONTRÉAL-SAINT-JOSEPH,"2,3-Dimethylbutane",2020-01-22T00:00,0.065,µg/m³,VOC,GC-MS
50134,MONTRÉAL-MOLSON or MONTRÉAL-SAINT-JOSEPH,"2,3-Dimethylbutane",2020-01-28T00:00,0.068,µg/m³,VOC,GC-MS
50134,MONTRÉAL-MOLSON or MONTRÉAL-SAINT-JOSEPH,"2,3-Dimethylbutane",2020-02-03T00:00,0.134,µg/m³,VOC,GC-MS
50134,MONTRÉAL-MOLSON or MONTRÉAL-SAINT-JOSEPH,"2,3-Dimethylbutane",2020-02-09T00:00,0.105,µg/m³,VOC,GC-MS
50134,MONTRÉAL-MOLSON or MONTRÉAL-SAINT-JOSEPH,"2,3-Dimethylbutane",2020-02-15T00:00,0.028,µg/m³,VOC,GC-MS
50134,MONTRÉAL-MOLSON or MONTRÉAL-SAINT-JOSEPH,"2,3-Dimethylbutane",2020-02-21T00:00,0.046,µg/m³,VOC,GC-MS
50134,MONTRÉAL-MOLSON or MONTRÉAL-SAINT-JOSEPH,"2,3-Dimethylbutane",2020-02-27T00:00,0.025,µg/m³,VOC,GC-MS
