﻿NAPS_Site_ID,Station_Name,Pollutant,Date,Value,Units,Report_Type,Method
40501,PT LEPREAU - CHARLOTTE COUNTY,2-Methylhexane,2000-09-21T00:00,0.072,µg/m³,VOC,N/A
40501,PT LEPREAU - CHARLOTTE COUNTY,2-Methylhexane,2000-09-24T00:00,0.077,µg/m³,VOC,N/A
40501,PT LEPREAU - CHARLOTTE COUNTY,2-Methylhexane,2000-09-27T00:00,0.050,µg/m³,VOC,N/A
40501,PT LEPREAU - CHARLOTTE COUNTY,2-Methylhexane,2000-09-30T00:00,0.111,µg/m³,VOC,N/A
40501,PT LEPREAU - CHARLOTTE COUNTY,2-Methylhexane,2000-10-03T00:00,0.074,µg/m³,VOC,N/A
40501,PT LEPREAU - CHARLOTTE COUNTY,2-Methylhexane,2000-10-06T00:00,0.037,µg/m³,VOC,N/A
40501,PT LEPREAU - CHARLOTTE COUNTY,2-Methylhexane,2000-10-09T00:00,0.043,µg/m³,VOC,N/A
40501,PT LEPREAU - CHARLOTTE COUNTY,2-Methylhexane,2000-10-12T00:00,0.107,µg/m³,VOC,N/A
40501,PT LEPREAU - CHARLOTTE COUNTY,2-Methylhexane,2000-10-15T00:00,0.044,µg/m³,VOC,N/A
40501,PT LEPREAU - CHARLOTTE COUNTY,2-Methylhexane,2000-10-18T00:00,0.000,µg/m³,VOC,N/A
40501,PT LEPREAU - CHARLOTTE COUNTY,2-Methylhexane,2000-10-21T00:00,0.209,µg/m³,VOC,N/A
40501,PT LEPREAU - CHARLOTTE COUNTY,2-Methylhexane,2000-10-24T00:00,0.249,µg/m³,VOC,N/A
40501,PT LEPREAU - CHARLOTTE COUNTY,2-Methylhexane,2000-10-27T00:00,0.082,µg/m³,VOC,N/A
40501,PT LEPREAU - CHARLOTTE COUNTY,2-Methylhexane,2000-10-30T00:00,0.043,µg/m³,VOC,N/A
40501,PT LEPREAU - CHARLOTTE COUNTY,2-Methylhexane,2000-11-02T00:00,0.045,µg/m³,VOC,N/A
40501,PT LEPREAU - CHARLOTTE COUNTY,2-Methylhexane,2000-11-05T00:00,0.027,µg/m³,VOC,N/A
40501,PT LEPREAU - CHARLOTTE COUNTY,2-Methylhexane,2000-11-08T00:00,0.009,µg/m³,VOC,N/A
40501,PT LEPREAU - CHARLOTTE COUNTY,2-Methylhexane,2000-11-11T00:00,0.012,µg/m³,VOC,N/A
40501,PT LEPREAU - CHARLOTTE COUNTY,2-Methylhexane,2000-11-14T00:00,0.013,µg/m³,VOC,N/A
40501,PT LEPREAU - CHARLOTTE COUNTY,2-Methylhexane,2000-11-17T00:00,0.097,µg/m³,VOC,N/A
40501,PT LEPREAU - CHARLOTTE COUNTY,2-Methylhexane,2000-11-20T00:00,0.021,µg/m³,VOC,N/A
40501,PT LEPREAU - CHARLOTTE COUNTY,2-Methylhexane,2000-11-23T00:00,0.016,µg/m³,VOC,N/A
40501,PT LEPREAU - CHARLOTTE COUNTY,2-Methylhexane,2000-11-26T00:00,0.017,µg/m³,VOC,N/A
40501,PT LEPREAU - CHARLOTTE COUNTY,2-Methylhexane,2000-11-29T00:00,0.036,µg/m³,VOC,N/A
40501,PT LEPREAU - CHARLOTTE COUNTY,2-Methylhexane,2000-12-02T00:00,0.015,µg/m³,VOC,N/A
40501,PT LEPREAU - CHARLOTTE COUNTY,2-Methylhexane,2000-12-05T00:00,0.024,µg/m³,VOC,N/A
40501,PT LEPREAU - CHARLOTTE COUNTY,2-Methylhexane,2000-12-29T00:00,0.023,µg/m³,VOC,N/A
