﻿NAPS_Site_ID,Station_Name,Pollutant,Date,Value,Units,Report_Type,Method
31201,GRANTON,"2,2-Dimethylbutane",2015-12-31T19:00,0.025,µg/m³,VOC,
31201,GRANTON,"2,2-Dimethylbutane",2016-01-06T19:00,0.040,µg/m³,VOC,
31201,GRANTON,"2,2-Dimethylbutane",2016-01-12T19:00,0.024,µg/m³,VOC,
31201,GRANTON,"2,2-Dimethylbutane",2016-01-18T19:00,0.026,µg/m³,VOC,
31201,GRANTON,"2,2-Dimethylbutane",2016-01-24T19:00,0.031,µg/m³,VOC,
31201,GRANTON,"2,2-Dimethylbutane",2016-02-11T19:00,0.027,µg/m³,VOC,
31201,GRANTON,"2,2-Dimethylbutane",2016-02-17T19:00,0.029,µg/m³,VOC,
31201,GRANTON,"2,2-Dimethylbutane",2016-02-23T19:00,0.030,µg/m³,VOC,
31201,GRANTON,"2,2-Dimethylbutane",2016-02-29T19:00,0.023,µg/m³,VOC,
31201,GRANTON,"2,2-Dimethylbutane",2016-03-06T19:00,0.032,µg/m³,VOC,
31201,GRANTON,"2,2-Dimethylbutane",2016-03-12T19:00,0.042,µg/m³,VOC,
31201,GRANTON,"2,2-Dimethylbutane",2016-03-18T20:00,0.021,µg/m³,VOC,
31201,GRANTON,"2,2-Dimethylbutane",2016-03-24T20:00,0.026,µg/m³,VOC,
