﻿NAPS_Site_ID,Station_Name,Pollutant,Date,Value,Units,Report_Type,Method
61901,WALPOLE ISLAND,TEQ,1990-03-24T00:00,0.030,pg/m³,PCDD,N/A
61901,WALPOLE ISLAND,TEQ,1990-04-17T00:00,0.037,pg/m³,PCDD,N/A
61901,WALPOLE ISLAND,TEQ,1990-07-22T00:00,0.055,pg/m³,PCDD,N/A
61901,WALPOLE ISLAND,TEQ,1990-08-15T00:00,0.073,pg/m³,PCDD,N/A
61901,WALPOLE ISLAND,TEQ,1990-10-02T00:00,0.060,pg/m³,PCDD,N/A
61901,WALPOLE ISLAND,TEQ,1990-10-26T00:00,0.029,pg/m³,PCDD,N/A
61901,WALPOLE ISLAND,TEQ,1990-12-12T00:00,0.050,pg/m³,PCDD,N/A
