﻿NAPS_Site_ID,Station_Name,Pollutant,Date,Value,Units,Report_Type,Method
65101,EAGLE ST. & McCAFFREY RD. _NEWMARKET_,Ethylbenzene,2022-06-22T00:00,0.092,µg/m³,VOC,GC-MS
65101,EAGLE ST. & McCAFFREY RD. _NEWMARKET_,Ethylbenzene,2022-06-28T00:00,0.076,µg/m³,VOC,GC-MS
65101,EAGLE ST. & McCAFFREY RD. _NEWMARKET_,Ethylbenzene,2022-07-04T00:00,0.102,µg/m³,VOC,GC-MS
65101,EAGLE ST. & McCAFFREY RD. _NEWMARKET_,Ethylbenzene,2022-07-10T00:00,0.040,µg/m³,VOC,GC-MS
65101,EAGLE ST. & McCAFFREY RD. _NEWMARKET_,Ethylbenzene,2022-07-16T00:00,0.150,µg/m³,VOC,GC-MS
65101,EAGLE ST. & McCAFFREY RD. _NEWMARKET_,Ethylbenzene,2022-07-22T00:00,0.080,µg/m³,VOC,GC-MS
65101,EAGLE ST. & McCAFFREY RD. _NEWMARKET_,Ethylbenzene,2022-07-28T00:00,0.056,µg/m³,VOC,GC-MS
65101,EAGLE ST. & McCAFFREY RD. _NEWMARKET_,Ethylbenzene,2022-08-03T00:00,0.176,µg/m³,VOC,GC-MS
65101,EAGLE ST. & McCAFFREY RD. _NEWMARKET_,Ethylbenzene,2022-08-09T00:00,0.032,µg/m³,VOC,GC-MS
65101,EAGLE ST. & McCAFFREY RD. _NEWMARKET_,Ethylbenzene,2022-08-15T00:00,0.086,µg/m³,VOC,GC-MS
65101,EAGLE ST. & McCAFFREY RD. _NEWMARKET_,Ethylbenzene,2022-08-21T00:00,0.066,µg/m³,VOC,GC-MS
65101,EAGLE ST. & McCAFFREY RD. _NEWMARKET_,Ethylbenzene,2022-08-27T00:00,0.062,µg/m³,VOC,GC-MS
65101,EAGLE ST. & McCAFFREY RD. _NEWMARKET_,Ethylbenzene,2022-09-02T00:00,0.184,µg/m³,VOC,GC-MS
65101,EAGLE ST. & McCAFFREY RD. _NEWMARKET_,Ethylbenzene,2022-09-08T00:00,0.122,µg/m³,VOC,GC-MS
65101,EAGLE ST. & McCAFFREY RD. _NEWMARKET_,Ethylbenzene,2022-09-14T00:00,0.038,µg/m³,VOC,GC-MS
65101,EAGLE ST. & McCAFFREY RD. _NEWMARKET_,Ethylbenzene,2022-09-20T00:00,0.118,µg/m³,VOC,GC-MS
65101,EAGLE ST. & McCAFFREY RD. _NEWMARKET_,Ethylbenzene,2022-09-26T00:00,0.030,µg/m³,VOC,GC-MS
65101,EAGLE ST. & McCAFFREY RD. _NEWMARKET_,Ethylbenzene,2022-10-02T00:00,0.056,µg/m³,VOC,GC-MS
65101,EAGLE ST. & McCAFFREY RD. _NEWMARKET_,Ethylbenzene,2022-10-08T00:00,0.014,µg/m³,VOC,GC-MS
65101,EAGLE ST. & McCAFFREY RD. _NEWMARKET_,Ethylbenzene,2022-10-14T00:00,0.114,µg/m³,VOC,GC-MS
65101,EAGLE ST. & McCAFFREY RD. _NEWMARKET_,Ethylbenzene,2022-10-26T00:00,0.124,µg/m³,VOC,GC-MS
65101,EAGLE ST. & McCAFFREY RD. _NEWMARKET_,Ethylbenzene,2022-11-01T00:00,0.160,µg/m³,VOC,GC-MS
65101,EAGLE ST. & McCAFFREY RD. _NEWMARKET_,Ethylbenzene,2022-11-07T00:00,0.030,µg/m³,VOC,GC-MS
65101,EAGLE ST. & McCAFFREY RD. _NEWMARKET_,Ethylbenzene,2022-11-13T00:00,0.010,µg/m³,VOC,GC-MS
65101,EAGLE ST. & McCAFFREY RD. _NEWMARKET_,Ethylbenzene,2022-11-19T00:00,0.016,µg/m³,VOC,GC-MS
65101,EAGLE ST. & McCAFFREY RD. _NEWMARKET_,Ethylbenzene,2022-11-25T00:00,0.032,µg/m³,VOC,GC-MS
65101,EAGLE ST. & McCAFFREY RD. _NEWMARKET_,Ethylbenzene,2022-12-01T00:00,0.010,µg/m³,VOC,GC-MS
65101,EAGLE ST. & McCAFFREY RD. _NEWMARKET_,Ethylbenzene,2022-12-07T00:00,0.114,µg/m³,VOC,GC-MS
65101,EAGLE ST. & McCAFFREY RD. _NEWMARKET_,Ethylbenzene,2022-12-25T00:00,0.012,µg/m³,VOC,GC-MS
