﻿NAPS_Site_ID,Station_Name,Pollutant,Date,Value,Units,Report_Type,Method
60104,OTTAWA DOWNTOWN,Chloromethane,1994-01-02T00:00,1.064,µg/m³,VOC,N/A
60104,OTTAWA DOWNTOWN,Chloromethane,1994-01-08T00:00,1.094,µg/m³,VOC,N/A
60104,OTTAWA DOWNTOWN,Chloromethane,1994-01-14T00:00,1.078,µg/m³,VOC,N/A
60104,OTTAWA DOWNTOWN,Chloromethane,1994-01-20T00:00,1.116,µg/m³,VOC,N/A
60104,OTTAWA DOWNTOWN,Chloromethane,1994-01-26T00:00,1.021,µg/m³,VOC,N/A
60104,OTTAWA DOWNTOWN,Chloromethane,1994-02-01T00:00,1.129,µg/m³,VOC,N/A
60104,OTTAWA DOWNTOWN,Chloromethane,1994-02-07T00:00,1.102,µg/m³,VOC,N/A
60104,OTTAWA DOWNTOWN,Chloromethane,1994-02-13T00:00,1.068,µg/m³,VOC,N/A
60104,OTTAWA DOWNTOWN,Chloromethane,1994-02-19T00:00,1.146,µg/m³,VOC,N/A
60104,OTTAWA DOWNTOWN,Chloromethane,1994-02-25T00:00,1.039,µg/m³,VOC,N/A
60104,OTTAWA DOWNTOWN,Chloromethane,1994-03-03T00:00,1.050,µg/m³,VOC,N/A
60104,OTTAWA DOWNTOWN,Chloromethane,1994-03-09T00:00,1.046,µg/m³,VOC,N/A
60104,OTTAWA DOWNTOWN,Chloromethane,1994-03-15T00:00,1.127,µg/m³,VOC,N/A
60104,OTTAWA DOWNTOWN,Chloromethane,1994-03-21T00:00,1.130,µg/m³,VOC,N/A
60104,OTTAWA DOWNTOWN,Chloromethane,1994-03-27T00:00,1.063,µg/m³,VOC,N/A
60104,OTTAWA DOWNTOWN,Chloromethane,1994-04-02T00:00,1.047,µg/m³,VOC,N/A
60104,OTTAWA DOWNTOWN,Chloromethane,1994-04-08T00:00,1.030,µg/m³,VOC,N/A
60104,OTTAWA DOWNTOWN,Chloromethane,1994-04-14T00:00,1.037,µg/m³,VOC,N/A
60104,OTTAWA DOWNTOWN,Chloromethane,1994-04-20T00:00,1.049,µg/m³,VOC,N/A
60104,OTTAWA DOWNTOWN,Chloromethane,1994-04-26T00:00,1.042,µg/m³,VOC,N/A
60104,OTTAWA DOWNTOWN,Chloromethane,1994-05-02T00:00,1.126,µg/m³,VOC,N/A
60104,OTTAWA DOWNTOWN,Chloromethane,1994-05-08T00:00,1.193,µg/m³,VOC,N/A
60104,OTTAWA DOWNTOWN,Chloromethane,1994-05-14T00:00,1.230,µg/m³,VOC,N/A
60104,OTTAWA DOWNTOWN,Chloromethane,1994-05-20T00:00,1.082,µg/m³,VOC,N/A
60104,OTTAWA DOWNTOWN,Chloromethane,1994-05-26T00:00,0.993,µg/m³,VOC,N/A
60104,OTTAWA DOWNTOWN,Chloromethane,1994-06-01T00:00,1.073,µg/m³,VOC,N/A
60104,OTTAWA DOWNTOWN,Chloromethane,1994-06-07T00:00,0.990,µg/m³,VOC,N/A
60104,OTTAWA DOWNTOWN,Chloromethane,1994-06-13T00:00,1.158,µg/m³,VOC,N/A
60104,OTTAWA DOWNTOWN,Chloromethane,1994-06-19T00:00,1.176,µg/m³,VOC,N/A
60104,OTTAWA DOWNTOWN,Chloromethane,1994-06-25T00:00,1.061,µg/m³,VOC,N/A
60104,OTTAWA DOWNTOWN,Chloromethane,1994-07-01T00:00,0.998,µg/m³,VOC,N/A
60104,OTTAWA DOWNTOWN,Chloromethane,1994-07-07T00:00,1.114,µg/m³,VOC,N/A
60104,OTTAWA DOWNTOWN,Chloromethane,1994-07-13T00:00,0.833,µg/m³,VOC,N/A
60104,OTTAWA DOWNTOWN,Chloromethane,1994-07-19T00:00,0.893,µg/m³,VOC,N/A
60104,OTTAWA DOWNTOWN,Chloromethane,1994-07-25T00:00,0.931,µg/m³,VOC,N/A
60104,OTTAWA DOWNTOWN,Chloromethane,1994-07-31T00:00,0.952,µg/m³,VOC,N/A
60104,OTTAWA DOWNTOWN,Chloromethane,1994-08-06T00:00,0.803,µg/m³,VOC,N/A
60104,OTTAWA DOWNTOWN,Chloromethane,1994-08-12T00:00,0.881,µg/m³,VOC,N/A
60104,OTTAWA DOWNTOWN,Chloromethane,1994-08-18T00:00,0.961,µg/m³,VOC,N/A
60104,OTTAWA DOWNTOWN,Chloromethane,1994-08-24T00:00,0.900,µg/m³,VOC,N/A
60104,OTTAWA DOWNTOWN,Chloromethane,1994-08-30T00:00,0.796,µg/m³,VOC,N/A
60104,OTTAWA DOWNTOWN,Chloromethane,1994-09-05T00:00,0.894,µg/m³,VOC,N/A
60104,OTTAWA DOWNTOWN,Chloromethane,1994-09-11T00:00,0.867,µg/m³,VOC,N/A
60104,OTTAWA DOWNTOWN,Chloromethane,1994-09-17T00:00,0.851,µg/m³,VOC,N/A
60104,OTTAWA DOWNTOWN,Chloromethane,1994-09-23T00:00,0.879,µg/m³,VOC,N/A
60104,OTTAWA DOWNTOWN,Chloromethane,1994-09-29T00:00,0.871,µg/m³,VOC,N/A
60104,OTTAWA DOWNTOWN,Chloromethane,1994-10-05T00:00,0.762,µg/m³,VOC,N/A
60104,OTTAWA DOWNTOWN,Chloromethane,1994-10-11T00:00,0.785,µg/m³,VOC,N/A
60104,OTTAWA DOWNTOWN,Chloromethane,1994-10-17T00:00,0.835,µg/m³,VOC,N/A
60104,OTTAWA DOWNTOWN,Chloromethane,1994-10-23T00:00,0.926,µg/m³,VOC,N/A
60104,OTTAWA DOWNTOWN,Chloromethane,1994-10-29T00:00,0.868,µg/m³,VOC,N/A
60104,OTTAWA DOWNTOWN,Chloromethane,1994-11-04T00:00,0.895,µg/m³,VOC,N/A
60104,OTTAWA DOWNTOWN,Chloromethane,1994-11-10T00:00,0.836,µg/m³,VOC,N/A
60104,OTTAWA DOWNTOWN,Chloromethane,1994-11-16T00:00,0.863,µg/m³,VOC,N/A
60104,OTTAWA DOWNTOWN,Chloromethane,1994-11-22T00:00,0.871,µg/m³,VOC,N/A
60104,OTTAWA DOWNTOWN,Chloromethane,1994-11-28T00:00,1.063,µg/m³,VOC,N/A
60104,OTTAWA DOWNTOWN,Chloromethane,1994-12-04T00:00,1.089,µg/m³,VOC,N/A
60104,OTTAWA DOWNTOWN,Chloromethane,1994-12-10T00:00,1.057,µg/m³,VOC,N/A
60104,OTTAWA DOWNTOWN,Chloromethane,1994-12-16T00:00,1.032,µg/m³,VOC,N/A
60104,OTTAWA DOWNTOWN,Chloromethane,1994-12-22T00:00,1.086,µg/m³,VOC,N/A
60104,OTTAWA DOWNTOWN,Chloromethane,1994-12-28T00:00,1.065,µg/m³,VOC,N/A
