﻿NAPS_Site_ID,Station_Name,Pollutant,Date,Value,Units,Report_Type,Method
54401,SAINT-ANICET,Potassium,2014-01-05T00:00,0.252,µg/m³,PM2.5,ED-XRF
54401,SAINT-ANICET,Potassium,2014-01-11T00:00,0.132,µg/m³,PM2.5,ED-XRF
54401,SAINT-ANICET,Potassium,2014-01-17T00:00,0.068,µg/m³,PM2.5,ED-XRF
54401,SAINT-ANICET,Potassium,2014-01-23T00:00,0.096,µg/m³,PM2.5,ED-XRF
54401,SAINT-ANICET,Potassium,2014-01-29T00:00,0.065,µg/m³,PM2.5,ED-XRF
54401,SAINT-ANICET,Potassium,2014-02-04T00:00,0.088,µg/m³,PM2.5,ED-XRF
54401,SAINT-ANICET,Potassium,2014-02-10T00:00,0.126,µg/m³,PM2.5,ED-XRF
54401,SAINT-ANICET,Potassium,2014-02-16T00:00,0.039,µg/m³,PM2.5,ED-XRF
54401,SAINT-ANICET,Potassium,2014-02-22T00:00,0.020,µg/m³,PM2.5,ED-XRF
54401,SAINT-ANICET,Potassium,2014-02-28T00:00,0.055,µg/m³,PM2.5,ED-XRF
54401,SAINT-ANICET,Potassium,2014-03-06T00:00,0.149,µg/m³,PM2.5,ED-XRF
54401,SAINT-ANICET,Potassium,2014-03-12T00:00,0.028,µg/m³,PM2.5,ED-XRF
54401,SAINT-ANICET,Potassium,2014-03-18T00:00,0.096,µg/m³,PM2.5,ED-XRF
54401,SAINT-ANICET,Potassium,2014-03-24T00:00,0.076,µg/m³,PM2.5,ED-XRF
54401,SAINT-ANICET,Potassium,2014-03-30T00:00,0.045,µg/m³,PM2.5,ED-XRF
54401,SAINT-ANICET,Potassium,2014-04-05T00:00,0.015,µg/m³,PM2.5,ED-XRF
54401,SAINT-ANICET,Potassium,2014-04-11T00:00,0.039,µg/m³,PM2.5,ED-XRF
54401,SAINT-ANICET,Potassium,2014-04-17T00:00,0.046,µg/m³,PM2.5,ED-XRF
54401,SAINT-ANICET,Potassium,2014-04-23T00:00,0.016,µg/m³,PM2.5,ED-XRF
54401,SAINT-ANICET,Potassium,2014-04-29T00:00,0.026,µg/m³,PM2.5,ED-XRF
54401,SAINT-ANICET,Potassium,2014-05-05T00:00,0.011,µg/m³,PM2.5,ED-XRF
54401,SAINT-ANICET,Potassium,2014-05-11T00:00,0.037,µg/m³,PM2.5,ED-XRF
54401,SAINT-ANICET,Potassium,2014-05-17T00:00,0.021,µg/m³,PM2.5,ED-XRF
54401,SAINT-ANICET,Potassium,2014-05-23T00:00,0.036,µg/m³,PM2.5,ED-XRF
54401,SAINT-ANICET,Potassium,2014-05-29T00:00,0.016,µg/m³,PM2.5,ED-XRF
54401,SAINT-ANICET,Potassium,2014-06-04T00:00,0.020,µg/m³,PM2.5,ED-XRF
54401,SAINT-ANICET,Potassium,2014-06-10T00:00,0.055,µg/m³,PM2.5,ED-XRF
54401,SAINT-ANICET,Potassium,2014-07-10T00:00,0.026,µg/m³,PM2.5,ED-XRF
54401,SAINT-ANICET,Potassium,2014-07-16T00:00,0.036,µg/m³,PM2.5,ED-XRF
54401,SAINT-ANICET,Potassium,2014-07-22T00:00,0.053,µg/m³,PM2.5,ED-XRF
54401,SAINT-ANICET,Potassium,2014-07-28T00:00,0.029,µg/m³,PM2.5,ED-XRF
54401,SAINT-ANICET,Potassium,2014-08-03T00:00,0.084,µg/m³,PM2.5,ED-XRF
54401,SAINT-ANICET,Potassium,2014-08-09T00:00,0.069,µg/m³,PM2.5,ED-XRF
54401,SAINT-ANICET,Potassium,2014-08-15T00:00,0.019,µg/m³,PM2.5,ED-XRF
54401,SAINT-ANICET,Potassium,2014-08-21T00:00,0.053,µg/m³,PM2.5,ED-XRF
54401,SAINT-ANICET,Potassium,2014-08-27T00:00,0.049,µg/m³,PM2.5,ED-XRF
54401,SAINT-ANICET,Potassium,2014-09-02T00:00,0.045,µg/m³,PM2.5,ED-XRF
54401,SAINT-ANICET,Potassium,2014-09-08T00:00,0.046,µg/m³,PM2.5,ED-XRF
54401,SAINT-ANICET,Potassium,2014-09-14T00:00,0.019,µg/m³,PM2.5,ED-XRF
54401,SAINT-ANICET,Potassium,2014-09-20T00:00,0.048,µg/m³,PM2.5,ED-XRF
54401,SAINT-ANICET,Potassium,2014-09-26T00:00,0.047,µg/m³,PM2.5,ED-XRF
54401,SAINT-ANICET,Potassium,2014-10-02T00:00,0.075,µg/m³,PM2.5,ED-XRF
54401,SAINT-ANICET,Potassium,2014-10-08T00:00,0.036,µg/m³,PM2.5,ED-XRF
54401,SAINT-ANICET,Potassium,2014-10-14T00:00,0.040,µg/m³,PM2.5,ED-XRF
54401,SAINT-ANICET,Potassium,2014-10-20T00:00,0.024,µg/m³,PM2.5,ED-XRF
54401,SAINT-ANICET,Potassium,2014-10-26T00:00,0.012,µg/m³,PM2.5,ED-XRF
54401,SAINT-ANICET,Potassium,2014-11-01T00:00,0.021,µg/m³,PM2.5,ED-XRF
54401,SAINT-ANICET,Potassium,2014-11-07T00:00,0.015,µg/m³,PM2.5,ED-XRF
54401,SAINT-ANICET,Potassium,2014-11-13T00:00,0.014,µg/m³,PM2.5,ED-XRF
54401,SAINT-ANICET,Potassium,2014-11-19T00:00,0.021,µg/m³,PM2.5,ED-XRF
54401,SAINT-ANICET,Potassium,2014-11-25T00:00,0.019,µg/m³,PM2.5,ED-XRF
54401,SAINT-ANICET,Potassium,2014-12-01T00:00,0.031,µg/m³,PM2.5,ED-XRF
54401,SAINT-ANICET,Potassium,2014-12-07T00:00,0.047,µg/m³,PM2.5,ED-XRF
54401,SAINT-ANICET,Potassium,2014-12-13T00:00,0.029,µg/m³,PM2.5,ED-XRF
54401,SAINT-ANICET,Potassium,2014-12-19T00:00,0.027,µg/m³,PM2.5,ED-XRF
54401,SAINT-ANICET,Potassium,2014-12-25T00:00,0.007,µg/m³,PM2.5,ED-XRF
54401,SAINT-ANICET,Potassium,2014-12-31T00:00,0.032,µg/m³,PM2.5,ED-XRF
54401,SAINT-ANICET,Potassium,2014-01-23T00:00,0.043,µg/m³,PM2.5,IC
54401,SAINT-ANICET,Potassium,2014-01-29T00:00,0.062,µg/m³,PM2.5,IC
54401,SAINT-ANICET,Potassium,2014-02-04T00:00,0.061,µg/m³,PM2.5,IC
54401,SAINT-ANICET,Potassium,2014-02-10T00:00,0.089,µg/m³,PM2.5,IC
54401,SAINT-ANICET,Potassium,2014-02-16T00:00,0.032,µg/m³,PM2.5,IC
54401,SAINT-ANICET,Potassium,2014-02-22T00:00,0.065,µg/m³,PM2.5,IC
54401,SAINT-ANICET,Potassium,2014-02-28T00:00,0.038,µg/m³,PM2.5,IC
54401,SAINT-ANICET,Potassium,2014-03-06T00:00,0.089,µg/m³,PM2.5,IC
54401,SAINT-ANICET,Potassium,2014-03-12T00:00,0.026,µg/m³,PM2.5,IC
54401,SAINT-ANICET,Potassium,2014-03-18T00:00,0.080,µg/m³,PM2.5,IC
54401,SAINT-ANICET,Potassium,2014-03-24T00:00,0.056,µg/m³,PM2.5,IC
54401,SAINT-ANICET,Potassium,2014-03-30T00:00,0.040,µg/m³,PM2.5,IC
54401,SAINT-ANICET,Potassium,2014-04-05T00:00,0.020,µg/m³,PM2.5,IC
54401,SAINT-ANICET,Potassium,2014-04-11T00:00,0.029,µg/m³,PM2.5,IC
54401,SAINT-ANICET,Potassium,2014-04-17T00:00,0.040,µg/m³,PM2.5,IC
54401,SAINT-ANICET,Potassium,2014-04-23T00:00,0.022,µg/m³,PM2.5,IC
54401,SAINT-ANICET,Potassium,2014-05-05T00:00,0.007,µg/m³,PM2.5,IC
54401,SAINT-ANICET,Potassium,2014-05-11T00:00,0.018,µg/m³,PM2.5,IC
54401,SAINT-ANICET,Potassium,2014-05-17T00:00,0.006,µg/m³,PM2.5,IC
54401,SAINT-ANICET,Potassium,2014-05-23T00:00,0.022,µg/m³,PM2.5,IC
54401,SAINT-ANICET,Potassium,2014-05-29T00:00,0.022,µg/m³,PM2.5,IC
54401,SAINT-ANICET,Potassium,2014-06-04T00:00,0.051,µg/m³,PM2.5,IC
54401,SAINT-ANICET,Potassium,2014-06-10T00:00,0.061,µg/m³,PM2.5,IC
54401,SAINT-ANICET,Potassium,2014-06-16T00:00,0.017,µg/m³,PM2.5,IC
54401,SAINT-ANICET,Potassium,2014-06-22T00:00,0.022,µg/m³,PM2.5,IC
54401,SAINT-ANICET,Potassium,2014-06-28T00:00,0.023,µg/m³,PM2.5,IC
54401,SAINT-ANICET,Potassium,2014-07-04T00:00,0.011,µg/m³,PM2.5,IC
54401,SAINT-ANICET,Potassium,2014-07-10T00:00,0.017,µg/m³,PM2.5,IC
54401,SAINT-ANICET,Potassium,2014-07-16T00:00,0.024,µg/m³,PM2.5,IC
54401,SAINT-ANICET,Potassium,2014-07-22T00:00,0.026,µg/m³,PM2.5,IC
54401,SAINT-ANICET,Potassium,2014-07-28T00:00,0.028,µg/m³,PM2.5,IC
54401,SAINT-ANICET,Potassium,2014-08-03T00:00,0.037,µg/m³,PM2.5,IC
54401,SAINT-ANICET,Potassium,2014-08-09T00:00,0.041,µg/m³,PM2.5,IC
54401,SAINT-ANICET,Potassium,2014-08-15T00:00,0.021,µg/m³,PM2.5,IC
54401,SAINT-ANICET,Potassium,2014-08-21T00:00,0.045,µg/m³,PM2.5,IC
54401,SAINT-ANICET,Potassium,2014-08-27T00:00,0.025,µg/m³,PM2.5,IC
54401,SAINT-ANICET,Potassium,2014-09-02T00:00,0.021,µg/m³,PM2.5,IC
54401,SAINT-ANICET,Potassium,2014-09-08T00:00,0.028,µg/m³,PM2.5,IC
54401,SAINT-ANICET,Potassium,2014-09-14T00:00,0.000,µg/m³,PM2.5,IC
54401,SAINT-ANICET,Potassium,2014-09-20T00:00,0.000,µg/m³,PM2.5,IC
54401,SAINT-ANICET,Potassium,2014-09-26T00:00,0.001,µg/m³,PM2.5,IC
54401,SAINT-ANICET,Potassium,2014-10-02T00:00,0.019,µg/m³,PM2.5,IC
54401,SAINT-ANICET,Potassium,2014-10-08T00:00,0.001,µg/m³,PM2.5,IC
54401,SAINT-ANICET,Potassium,2014-10-14T00:00,0.003,µg/m³,PM2.5,IC
54401,SAINT-ANICET,Potassium,2014-10-17T00:00,0.000,µg/m³,PM2.5,IC
54401,SAINT-ANICET,Potassium,2014-10-26T00:00,0.000,µg/m³,PM2.5,IC
54401,SAINT-ANICET,Potassium,2014-11-01T00:00,0.000,µg/m³,PM2.5,IC
54401,SAINT-ANICET,Potassium,2014-11-07T00:00,0.019,µg/m³,PM2.5,IC
54401,SAINT-ANICET,Potassium,2014-11-13T00:00,0.015,µg/m³,PM2.5,IC
54401,SAINT-ANICET,Potassium,2014-11-19T00:00,0.023,µg/m³,PM2.5,IC
54401,SAINT-ANICET,Potassium,2014-12-01T00:00,0.021,µg/m³,PM2.5,IC
54401,SAINT-ANICET,Potassium,2014-12-07T00:00,0.032,µg/m³,PM2.5,IC
54401,SAINT-ANICET,Potassium,2014-12-13T00:00,0.016,µg/m³,PM2.5,IC
54401,SAINT-ANICET,Potassium,2014-12-19T00:00,0.018,µg/m³,PM2.5,IC
54401,SAINT-ANICET,Potassium,2014-12-25T00:00,0.007,µg/m³,PM2.5,IC
