﻿NAPS_Site_ID,Station_Name,Pollutant,Date,Value,Units,Report_Type,Method
60429,JUDSON ST. & ETONA CT. _ETOBICOKE_ (moved to kipling),2-Me-Fluorene,2007-01-06T00:00,0.001,µg/m³,PAH,N/A
60429,JUDSON ST. & ETONA CT. _ETOBICOKE_ (moved to kipling),2-Me-Fluorene,2007-01-12T00:00,0.001,µg/m³,PAH,N/A
60429,JUDSON ST. & ETONA CT. _ETOBICOKE_ (moved to kipling),2-Me-Fluorene,2007-01-30T00:00,0.001,µg/m³,PAH,N/A
60429,JUDSON ST. & ETONA CT. _ETOBICOKE_ (moved to kipling),2-Me-Fluorene,2007-02-05T00:00,0.000,µg/m³,PAH,N/A
60429,JUDSON ST. & ETONA CT. _ETOBICOKE_ (moved to kipling),2-Me-Fluorene,2007-03-19T00:00,0.001,µg/m³,PAH,N/A
60429,JUDSON ST. & ETONA CT. _ETOBICOKE_ (moved to kipling),2-Me-Fluorene,2007-03-25T00:00,0.000,µg/m³,PAH,N/A
60429,JUDSON ST. & ETONA CT. _ETOBICOKE_ (moved to kipling),2-Me-Fluorene,2007-04-12T00:00,0.000,µg/m³,PAH,N/A
60429,JUDSON ST. & ETONA CT. _ETOBICOKE_ (moved to kipling),2-Me-Fluorene,2007-04-18T00:00,0.000,µg/m³,PAH,N/A
60429,JUDSON ST. & ETONA CT. _ETOBICOKE_ (moved to kipling),2-Me-Fluorene,2007-05-06T00:00,0.001,µg/m³,PAH,N/A
60429,JUDSON ST. & ETONA CT. _ETOBICOKE_ (moved to kipling),2-Me-Fluorene,2007-05-12T00:00,0.001,µg/m³,PAH,N/A
60429,JUDSON ST. & ETONA CT. _ETOBICOKE_ (moved to kipling),2-Me-Fluorene,2007-05-30T00:00,0.002,µg/m³,PAH,N/A
60429,JUDSON ST. & ETONA CT. _ETOBICOKE_ (moved to kipling),2-Me-Fluorene,2007-06-05T00:00,0.001,µg/m³,PAH,N/A
60429,JUDSON ST. & ETONA CT. _ETOBICOKE_ (moved to kipling),2-Me-Fluorene,2007-06-23T00:00,0.001,µg/m³,PAH,N/A
60429,JUDSON ST. & ETONA CT. _ETOBICOKE_ (moved to kipling),2-Me-Fluorene,2007-07-17T00:00,0.001,µg/m³,PAH,N/A
60429,JUDSON ST. & ETONA CT. _ETOBICOKE_ (moved to kipling),2-Me-Fluorene,2007-07-23T00:00,0.001,µg/m³,PAH,N/A
60429,JUDSON ST. & ETONA CT. _ETOBICOKE_ (moved to kipling),2-Me-Fluorene,2007-08-10T00:00,0.001,µg/m³,PAH,N/A
60429,JUDSON ST. & ETONA CT. _ETOBICOKE_ (moved to kipling),2-Me-Fluorene,2007-08-16T00:00,0.000,µg/m³,PAH,N/A
60429,JUDSON ST. & ETONA CT. _ETOBICOKE_ (moved to kipling),2-Me-Fluorene,2007-09-09T00:00,0.000,µg/m³,PAH,N/A
60429,JUDSON ST. & ETONA CT. _ETOBICOKE_ (moved to kipling),2-Me-Fluorene,2007-09-27T00:00,0.001,µg/m³,PAH,N/A
60429,JUDSON ST. & ETONA CT. _ETOBICOKE_ (moved to kipling),2-Me-Fluorene,2007-10-03T00:00,0.002,µg/m³,PAH,N/A
60429,JUDSON ST. & ETONA CT. _ETOBICOKE_ (moved to kipling),2-Me-Fluorene,2007-10-21T00:00,0.003,µg/m³,PAH,N/A
60429,JUDSON ST. & ETONA CT. _ETOBICOKE_ (moved to kipling),2-Me-Fluorene,2007-10-27T00:00,0.001,µg/m³,PAH,N/A
60429,JUDSON ST. & ETONA CT. _ETOBICOKE_ (moved to kipling),2-Me-Fluorene,2007-11-14T00:00,0.001,µg/m³,PAH,N/A
60429,JUDSON ST. & ETONA CT. _ETOBICOKE_ (moved to kipling),2-Me-Fluorene,2007-11-20T00:00,0.000,µg/m³,PAH,N/A
60429,JUDSON ST. & ETONA CT. _ETOBICOKE_ (moved to kipling),2-Me-Fluorene,2007-12-08T00:00,0.000,µg/m³,PAH,N/A
60429,JUDSON ST. & ETONA CT. _ETOBICOKE_ (moved to kipling),2-Me-Fluorene,2007-12-14T00:00,0.000,µg/m³,PAH,N/A
