﻿NAPS_Site_ID,Station_Name,Pollutant,Date,Value,Units,Report_Type,Method
40203,FOREST HILLS,OC1(B),2010-01-02T00:00,0.000,µg/m³,PM2.5,TOR
40203,FOREST HILLS,OC1(B),2010-01-05T00:00,0.000,µg/m³,PM2.5,TOR
40203,FOREST HILLS,OC1(B),2010-01-08T00:00,0.185,µg/m³,PM2.5,TOR
40203,FOREST HILLS,OC1(B),2010-01-14T00:00,0.160,µg/m³,PM2.5,TOR
40203,FOREST HILLS,OC1(B),2010-01-17T00:00,0.217,µg/m³,PM2.5,TOR
40203,FOREST HILLS,OC1(B),2010-01-20T00:00,0.000,µg/m³,PM2.5,TOR
40203,FOREST HILLS,OC1(B),2010-01-23T00:00,0.148,µg/m³,PM2.5,TOR
40203,FOREST HILLS,OC1(B),2010-01-29T00:00,0.205,µg/m³,PM2.5,TOR
40203,FOREST HILLS,OC1(B),2010-02-01T00:00,0.237,µg/m³,PM2.5,TOR
40203,FOREST HILLS,OC1(B),2010-02-04T00:00,0.169,µg/m³,PM2.5,TOR
40203,FOREST HILLS,OC1(B),2010-02-07T00:00,0.107,µg/m³,PM2.5,TOR
40203,FOREST HILLS,OC1(B),2010-02-10T00:00,0.191,µg/m³,PM2.5,TOR
40203,FOREST HILLS,OC1(B),2010-02-13T00:00,0.227,µg/m³,PM2.5,TOR
40203,FOREST HILLS,OC1(B),2010-02-16T00:00,0.169,µg/m³,PM2.5,TOR
40203,FOREST HILLS,OC1(B),2010-02-19T00:00,0.189,µg/m³,PM2.5,TOR
40203,FOREST HILLS,OC1(B),2010-02-22T00:00,0.198,µg/m³,PM2.5,TOR
40203,FOREST HILLS,OC1(B),2010-02-25T00:00,0.250,µg/m³,PM2.5,TOR
40203,FOREST HILLS,OC1(B),2010-02-28T00:00,0.000,µg/m³,PM2.5,TOR
40203,FOREST HILLS,OC1(B),2010-03-03T00:00,0.000,µg/m³,PM2.5,TOR
40203,FOREST HILLS,OC1(B),2010-03-06T00:00,0.257,µg/m³,PM2.5,TOR
40203,FOREST HILLS,OC1(B),2010-03-09T00:00,0.191,µg/m³,PM2.5,TOR
40203,FOREST HILLS,OC1(B),2010-03-12T00:00,0.273,µg/m³,PM2.5,TOR
40203,FOREST HILLS,OC1(B),2010-03-15T00:00,0.355,µg/m³,PM2.5,TOR
40203,FOREST HILLS,OC1(B),2010-03-18T00:00,0.387,µg/m³,PM2.5,TOR
40203,FOREST HILLS,OC1(B),2010-03-21T00:00,0.307,µg/m³,PM2.5,TOR
40203,FOREST HILLS,OC1(B),2010-03-24T00:00,0.249,µg/m³,PM2.5,TOR
40203,FOREST HILLS,OC1(B),2010-03-27T00:00,0.207,µg/m³,PM2.5,TOR
40203,FOREST HILLS,OC1(B),2010-04-02T00:00,0.503,µg/m³,PM2.5,TOR
40203,FOREST HILLS,OC1(B),2010-04-05T00:00,0.567,µg/m³,PM2.5,TOR
40203,FOREST HILLS,OC1(B),2010-04-08T00:00,0.388,µg/m³,PM2.5,TOR
40203,FOREST HILLS,OC1(B),2010-04-11T00:00,0.134,µg/m³,PM2.5,TOR
40203,FOREST HILLS,OC1(B),2010-04-14T00:00,0.297,µg/m³,PM2.5,TOR
40203,FOREST HILLS,OC1(B),2010-04-17T00:00,0.207,µg/m³,PM2.5,TOR
40203,FOREST HILLS,OC1(B),2010-04-20T00:00,0.086,µg/m³,PM2.5,TOR
40203,FOREST HILLS,OC1(B),2010-04-23T00:00,0.233,µg/m³,PM2.5,TOR
40203,FOREST HILLS,OC1(B),2010-04-26T00:00,0.313,µg/m³,PM2.5,TOR
40203,FOREST HILLS,OC1(B),2010-04-29T00:00,0.150,µg/m³,PM2.5,TOR
40203,FOREST HILLS,OC1(B),2010-05-02T00:00,0.273,µg/m³,PM2.5,TOR
40203,FOREST HILLS,OC1(B),2010-05-05T00:00,0.264,µg/m³,PM2.5,TOR
40203,FOREST HILLS,OC1(B),2010-05-08T00:00,0.135,µg/m³,PM2.5,TOR
40203,FOREST HILLS,OC1(B),2010-05-11T00:00,0.291,µg/m³,PM2.5,TOR
40203,FOREST HILLS,OC1(B),2010-05-14T00:00,0.251,µg/m³,PM2.5,TOR
40203,FOREST HILLS,OC1(B),2010-05-20T00:00,0.298,µg/m³,PM2.5,TOR
40203,FOREST HILLS,OC1(B),2010-05-23T00:00,0.187,µg/m³,PM2.5,TOR
40203,FOREST HILLS,OC1(B),2010-05-26T00:00,0.003,µg/m³,PM2.5,TOR
40203,FOREST HILLS,OC1(B),2010-05-29T00:00,0.037,µg/m³,PM2.5,TOR
40203,FOREST HILLS,OC1(B),2010-06-01T00:00,0.000,µg/m³,PM2.5,TOR
40203,FOREST HILLS,OC1(B),2010-06-10T00:00,0.544,µg/m³,PM2.5,TOR
40203,FOREST HILLS,OC1(B),2010-06-16T00:00,0.698,µg/m³,PM2.5,TOR
40203,FOREST HILLS,OC1(B),2010-06-19T00:00,0.315,µg/m³,PM2.5,TOR
40203,FOREST HILLS,OC1(B),2010-06-22T00:00,0.323,µg/m³,PM2.5,TOR
40203,FOREST HILLS,OC1(B),2010-06-25T00:00,0.346,µg/m³,PM2.5,TOR
40203,FOREST HILLS,OC1(B),2010-06-28T00:00,0.216,µg/m³,PM2.5,TOR
40203,FOREST HILLS,OC1(B),2010-07-01T00:00,0.532,µg/m³,PM2.5,TOR
40203,FOREST HILLS,OC1(B),2010-07-04T00:00,0.411,µg/m³,PM2.5,TOR
40203,FOREST HILLS,OC1(B),2010-07-07T00:00,0.421,µg/m³,PM2.5,TOR
40203,FOREST HILLS,OC1(B),2010-07-13T00:00,0.291,µg/m³,PM2.5,TOR
40203,FOREST HILLS,OC1(B),2010-07-16T00:00,0.241,µg/m³,PM2.5,TOR
40203,FOREST HILLS,OC1(B),2010-07-19T00:00,0.208,µg/m³,PM2.5,TOR
40203,FOREST HILLS,OC1(B),2010-07-22T00:00,0.003,µg/m³,PM2.5,TOR
40203,FOREST HILLS,OC1(B),2010-07-25T00:00,0.215,µg/m³,PM2.5,TOR
40203,FOREST HILLS,OC1(B),2010-07-28T00:00,0.212,µg/m³,PM2.5,TOR
40203,FOREST HILLS,OC1(B),2010-07-31T00:00,0.277,µg/m³,PM2.5,TOR
40203,FOREST HILLS,OC1(B),2010-08-03T00:00,0.209,µg/m³,PM2.5,TOR
40203,FOREST HILLS,OC1(B),2010-08-12T00:00,0.293,µg/m³,PM2.5,TOR
40203,FOREST HILLS,OC1(B),2010-08-15T00:00,0.304,µg/m³,PM2.5,TOR
40203,FOREST HILLS,OC1(B),2010-08-18T00:00,0.272,µg/m³,PM2.5,TOR
40203,FOREST HILLS,OC1(B),2010-08-21T00:00,0.212,µg/m³,PM2.5,TOR
40203,FOREST HILLS,OC1(B),2010-08-24T00:00,0.000,µg/m³,PM2.5,TOR
40203,FOREST HILLS,OC1(B),2010-08-27T00:00,0.043,µg/m³,PM2.5,TOR
40203,FOREST HILLS,OC1(B),2010-08-30T00:00,0.007,µg/m³,PM2.5,TOR
40203,FOREST HILLS,OC1(B),2010-09-02T00:00,0.227,µg/m³,PM2.5,TOR
40203,FOREST HILLS,OC1(B),2010-09-05T00:00,0.297,µg/m³,PM2.5,TOR
40203,FOREST HILLS,OC1(B),2010-09-08T00:00,0.173,µg/m³,PM2.5,TOR
40203,FOREST HILLS,OC1(B),2010-09-11T00:00,0.000,µg/m³,PM2.5,TOR
40203,FOREST HILLS,OC1(B),2010-09-14T00:00,0.000,µg/m³,PM2.5,TOR
40203,FOREST HILLS,OC1(B),2010-09-20T00:00,0.276,µg/m³,PM2.5,TOR
40203,FOREST HILLS,OC1(B),2010-09-23T00:00,0.113,µg/m³,PM2.5,TOR
40203,FOREST HILLS,OC1(B),2010-09-26T00:00,0.139,µg/m³,PM2.5,TOR
40203,FOREST HILLS,OC1(B),2010-09-29T00:00,0.000,µg/m³,PM2.5,TOR
40203,FOREST HILLS,OC1(B),2010-10-02T00:00,0.024,µg/m³,PM2.5,TOR
40203,FOREST HILLS,OC1(B),2010-10-05T00:00,0.254,µg/m³,PM2.5,TOR
40203,FOREST HILLS,OC1(B),2010-10-08T00:00,0.266,µg/m³,PM2.5,TOR
40203,FOREST HILLS,OC1(B),2010-10-11T00:00,0.329,µg/m³,PM2.5,TOR
40203,FOREST HILLS,OC1(B),2010-10-14T00:00,0.233,µg/m³,PM2.5,TOR
40203,FOREST HILLS,OC1(B),2010-10-17T00:00,0.006,µg/m³,PM2.5,TOR
40203,FOREST HILLS,OC1(B),2010-10-20T00:00,0.000,µg/m³,PM2.5,TOR
40203,FOREST HILLS,OC1(B),2010-10-23T00:00,0.000,µg/m³,PM2.5,TOR
40203,FOREST HILLS,OC1(B),2010-10-26T00:00,0.209,µg/m³,PM2.5,TOR
40203,FOREST HILLS,OC1(B),2010-10-29T00:00,0.198,µg/m³,PM2.5,TOR
40203,FOREST HILLS,OC1(B),2010-11-01T00:00,0.000,µg/m³,PM2.5,TOR
40203,FOREST HILLS,OC1(B),2010-11-04T00:00,0.056,µg/m³,PM2.5,TOR
40203,FOREST HILLS,OC1(B),2010-11-07T00:00,0.015,µg/m³,PM2.5,TOR
40203,FOREST HILLS,OC1(B),2010-11-10T00:00,0.002,µg/m³,PM2.5,TOR
40203,FOREST HILLS,OC1(B),2010-11-13T00:00,0.572,µg/m³,PM2.5,TOR
40203,FOREST HILLS,OC1(B),2010-11-16T00:00,0.185,µg/m³,PM2.5,TOR
40203,FOREST HILLS,OC1(B),2010-11-19T00:00,0.309,µg/m³,PM2.5,TOR
40203,FOREST HILLS,OC1(B),2010-11-22T00:00,0.305,µg/m³,PM2.5,TOR
40203,FOREST HILLS,OC1(B),2010-11-25T00:00,0.268,µg/m³,PM2.5,TOR
40203,FOREST HILLS,OC1(B),2010-11-28T00:00,0.258,µg/m³,PM2.5,TOR
40203,FOREST HILLS,OC1(B),2010-12-01T00:00,0.273,µg/m³,PM2.5,TOR
40203,FOREST HILLS,OC1(B),2010-12-04T00:00,0.252,µg/m³,PM2.5,TOR
40203,FOREST HILLS,OC1(B),2010-12-07T00:00,0.299,µg/m³,PM2.5,TOR
40203,FOREST HILLS,OC1(B),2010-12-10T00:00,0.178,µg/m³,PM2.5,TOR
40203,FOREST HILLS,OC1(B),2010-12-13T00:00,0.000,µg/m³,PM2.5,TOR
40203,FOREST HILLS,OC1(B),2010-12-22T00:00,0.110,µg/m³,PM2.5,TOR
40203,FOREST HILLS,OC1(B),2010-12-25T00:00,0.000,µg/m³,PM2.5,TOR
40203,FOREST HILLS,OC1(B),2010-12-28T00:00,0.000,µg/m³,PM2.5,TOR
40203,FOREST HILLS,OC1(B),2010-12-31T00:00,0.375,µg/m³,PM2.5,TOR
