﻿NAPS_Site_ID,Station_Name,Pollutant,Date,Value,Units,Report_Type,Method
100202,PRG PLAZA 400,Ethylbenzene,2010-01-02T00:00,0.099,µg/m³,VOC,GC-MS
100202,PRG PLAZA 400,Ethylbenzene,2010-01-08T00:00,0.357,µg/m³,VOC,GC-MS
100202,PRG PLAZA 400,Ethylbenzene,2010-01-14T00:00,0.125,µg/m³,VOC,GC-MS
100202,PRG PLAZA 400,Ethylbenzene,2010-01-20T00:00,1.057,µg/m³,VOC,GC-MS
100202,PRG PLAZA 400,Ethylbenzene,2010-04-26T00:00,0.040,µg/m³,VOC,GC-MS
100202,PRG PLAZA 400,Ethylbenzene,2010-05-14T00:00,0.275,µg/m³,VOC,GC-MS
100202,PRG PLAZA 400,Ethylbenzene,2010-05-20T00:00,0.088,µg/m³,VOC,GC-MS
100202,PRG PLAZA 400,Ethylbenzene,2010-05-26T00:00,0.053,µg/m³,VOC,GC-MS
100202,PRG PLAZA 400,Ethylbenzene,2010-06-01T00:00,0.183,µg/m³,VOC,GC-MS
100202,PRG PLAZA 400,Ethylbenzene,2010-06-07T00:00,0.094,µg/m³,VOC,GC-MS
100202,PRG PLAZA 400,Ethylbenzene,2010-06-13T00:00,0.048,µg/m³,VOC,GC-MS
100202,PRG PLAZA 400,Ethylbenzene,2010-06-19T00:00,0.151,µg/m³,VOC,GC-MS
100202,PRG PLAZA 400,Ethylbenzene,2010-06-25T00:00,0.102,µg/m³,VOC,GC-MS
100202,PRG PLAZA 400,Ethylbenzene,2010-07-01T00:00,0.096,µg/m³,VOC,GC-MS
100202,PRG PLAZA 400,Ethylbenzene,2010-07-07T00:00,0.249,µg/m³,VOC,GC-MS
100202,PRG PLAZA 400,Ethylbenzene,2010-07-13T00:00,0.066,µg/m³,VOC,GC-MS
100202,PRG PLAZA 400,Ethylbenzene,2010-07-19T00:00,0.242,µg/m³,VOC,GC-MS
100202,PRG PLAZA 400,Ethylbenzene,2010-07-25T00:00,0.152,µg/m³,VOC,GC-MS
100202,PRG PLAZA 400,Ethylbenzene,2010-07-31T00:00,0.217,µg/m³,VOC,GC-MS
100202,PRG PLAZA 400,Ethylbenzene,2010-08-06T00:00,0.139,µg/m³,VOC,GC-MS
100202,PRG PLAZA 400,Ethylbenzene,2010-08-18T00:00,0.517,µg/m³,VOC,GC-MS
100202,PRG PLAZA 400,Ethylbenzene,2010-08-24T00:00,0.163,µg/m³,VOC,GC-MS
100202,PRG PLAZA 400,Ethylbenzene,2010-08-30T00:00,0.179,µg/m³,VOC,GC-MS
100202,PRG PLAZA 400,Ethylbenzene,2010-09-05T00:00,0.070,µg/m³,VOC,GC-MS
100202,PRG PLAZA 400,Ethylbenzene,2010-09-11T00:00,0.157,µg/m³,VOC,GC-MS
100202,PRG PLAZA 400,Ethylbenzene,2010-09-17T00:00,0.340,µg/m³,VOC,GC-MS
100202,PRG PLAZA 400,Ethylbenzene,2010-09-23T00:00,0.339,µg/m³,VOC,GC-MS
100202,PRG PLAZA 400,Ethylbenzene,2010-09-29T00:00,0.417,µg/m³,VOC,GC-MS
100202,PRG PLAZA 400,Ethylbenzene,2010-10-11T00:00,0.180,µg/m³,VOC,GC-MS
100202,PRG PLAZA 400,Ethylbenzene,2010-10-17T00:00,0.133,µg/m³,VOC,GC-MS
100202,PRG PLAZA 400,Ethylbenzene,2010-10-23T00:00,0.122,µg/m³,VOC,GC-MS
100202,PRG PLAZA 400,Ethylbenzene,2010-10-29T00:00,0.169,µg/m³,VOC,GC-MS
100202,PRG PLAZA 400,Ethylbenzene,2010-11-04T00:00,0.170,µg/m³,VOC,GC-MS
100202,PRG PLAZA 400,Ethylbenzene,2010-11-16T00:00,0.049,µg/m³,VOC,GC-MS
100202,PRG PLAZA 400,Ethylbenzene,2010-11-28T00:00,0.204,µg/m³,VOC,GC-MS
100202,PRG PLAZA 400,Ethylbenzene,2010-12-04T00:00,0.342,µg/m³,VOC,GC-MS
100202,PRG PLAZA 400,Ethylbenzene,2010-12-10T00:00,0.204,µg/m³,VOC,GC-MS
100202,PRG PLAZA 400,Ethylbenzene,2010-12-16T00:00,0.073,µg/m³,VOC,GC-MS
100202,PRG PLAZA 400,Ethylbenzene,2010-12-22T00:00,0.980,µg/m³,VOC,GC-MS
100202,PRG PLAZA 400,Ethylbenzene,2010-12-28T00:00,0.335,µg/m³,VOC,GC-MS
