﻿NAPS_Site_ID,Station_Name,Pollutant,Date,Value,Units,Report_Type,Method
60104,OTTAWA DOWNTOWN,"cis-1,3-Dimethylcyclohexane",2006-01-05T00:00,0.022,µg/m³,VOC,GC-MS
60104,OTTAWA DOWNTOWN,"cis-1,3-Dimethylcyclohexane",2006-01-11T00:00,0.046,µg/m³,VOC,GC-MS
60104,OTTAWA DOWNTOWN,"cis-1,3-Dimethylcyclohexane",2006-01-17T00:00,0.027,µg/m³,VOC,GC-MS
60104,OTTAWA DOWNTOWN,"cis-1,3-Dimethylcyclohexane",2006-01-23T00:00,0.047,µg/m³,VOC,GC-MS
60104,OTTAWA DOWNTOWN,"cis-1,3-Dimethylcyclohexane",2006-01-29T00:00,0.022,µg/m³,VOC,GC-MS
60104,OTTAWA DOWNTOWN,"cis-1,3-Dimethylcyclohexane",2006-02-04T00:00,0.022,µg/m³,VOC,GC-MS
60104,OTTAWA DOWNTOWN,"cis-1,3-Dimethylcyclohexane",2006-02-10T00:00,0.026,µg/m³,VOC,GC-MS
60104,OTTAWA DOWNTOWN,"cis-1,3-Dimethylcyclohexane",2006-02-16T00:00,0.009,µg/m³,VOC,GC-MS
60104,OTTAWA DOWNTOWN,"cis-1,3-Dimethylcyclohexane",2006-02-22T00:00,0.030,µg/m³,VOC,GC-MS
60104,OTTAWA DOWNTOWN,"cis-1,3-Dimethylcyclohexane",2006-02-28T00:00,0.006,µg/m³,VOC,GC-MS
60104,OTTAWA DOWNTOWN,"cis-1,3-Dimethylcyclohexane",2006-03-06T00:00,0.005,µg/m³,VOC,GC-MS
60104,OTTAWA DOWNTOWN,"cis-1,3-Dimethylcyclohexane",2006-03-12T00:00,0.031,µg/m³,VOC,GC-MS
60104,OTTAWA DOWNTOWN,"cis-1,3-Dimethylcyclohexane",2006-03-18T00:00,0.007,µg/m³,VOC,GC-MS
60104,OTTAWA DOWNTOWN,"cis-1,3-Dimethylcyclohexane",2006-03-24T00:00,0.019,µg/m³,VOC,GC-MS
60104,OTTAWA DOWNTOWN,"cis-1,3-Dimethylcyclohexane",2006-03-30T00:00,0.024,µg/m³,VOC,GC-MS
60104,OTTAWA DOWNTOWN,"cis-1,3-Dimethylcyclohexane",2006-04-05T00:00,0.008,µg/m³,VOC,GC-MS
60104,OTTAWA DOWNTOWN,"cis-1,3-Dimethylcyclohexane",2006-04-11T00:00,0.058,µg/m³,VOC,GC-MS
60104,OTTAWA DOWNTOWN,"cis-1,3-Dimethylcyclohexane",2006-04-17T00:00,0.007,µg/m³,VOC,GC-MS
60104,OTTAWA DOWNTOWN,"cis-1,3-Dimethylcyclohexane",2006-05-29T00:00,0.037,µg/m³,VOC,GC-MS
60104,OTTAWA DOWNTOWN,"cis-1,3-Dimethylcyclohexane",2006-06-04T00:00,0.010,µg/m³,VOC,GC-MS
60104,OTTAWA DOWNTOWN,"cis-1,3-Dimethylcyclohexane",2006-06-10T00:00,0.007,µg/m³,VOC,GC-MS
60104,OTTAWA DOWNTOWN,"cis-1,3-Dimethylcyclohexane",2006-06-16T00:00,0.032,µg/m³,VOC,GC-MS
60104,OTTAWA DOWNTOWN,"cis-1,3-Dimethylcyclohexane",2006-06-22T00:00,0.040,µg/m³,VOC,GC-MS
60104,OTTAWA DOWNTOWN,"cis-1,3-Dimethylcyclohexane",2006-06-28T00:00,0.024,µg/m³,VOC,GC-MS
60104,OTTAWA DOWNTOWN,"cis-1,3-Dimethylcyclohexane",2006-07-04T00:00,0.031,µg/m³,VOC,GC-MS
60104,OTTAWA DOWNTOWN,"cis-1,3-Dimethylcyclohexane",2006-07-10T00:00,0.020,µg/m³,VOC,GC-MS
60104,OTTAWA DOWNTOWN,"cis-1,3-Dimethylcyclohexane",2006-07-16T00:00,0.015,µg/m³,VOC,GC-MS
60104,OTTAWA DOWNTOWN,"cis-1,3-Dimethylcyclohexane",2006-07-22T00:00,0.012,µg/m³,VOC,GC-MS
60104,OTTAWA DOWNTOWN,"cis-1,3-Dimethylcyclohexane",2006-07-28T00:00,0.019,µg/m³,VOC,GC-MS
60104,OTTAWA DOWNTOWN,"cis-1,3-Dimethylcyclohexane",2006-08-03T00:00,0.031,µg/m³,VOC,GC-MS
60104,OTTAWA DOWNTOWN,"cis-1,3-Dimethylcyclohexane",2006-08-09T00:00,0.025,µg/m³,VOC,GC-MS
60104,OTTAWA DOWNTOWN,"cis-1,3-Dimethylcyclohexane",2006-08-15T00:00,0.018,µg/m³,VOC,GC-MS
60104,OTTAWA DOWNTOWN,"cis-1,3-Dimethylcyclohexane",2006-08-21T00:00,0.032,µg/m³,VOC,GC-MS
60104,OTTAWA DOWNTOWN,"cis-1,3-Dimethylcyclohexane",2006-08-27T00:00,0.039,µg/m³,VOC,GC-MS
60104,OTTAWA DOWNTOWN,"cis-1,3-Dimethylcyclohexane",2006-09-02T00:00,0.016,µg/m³,VOC,GC-MS
60104,OTTAWA DOWNTOWN,"cis-1,3-Dimethylcyclohexane",2006-09-08T00:00,0.033,µg/m³,VOC,GC-MS
60104,OTTAWA DOWNTOWN,"cis-1,3-Dimethylcyclohexane",2006-09-14T00:00,0.039,µg/m³,VOC,GC-MS
60104,OTTAWA DOWNTOWN,"cis-1,3-Dimethylcyclohexane",2006-09-20T00:00,0.022,µg/m³,VOC,GC-MS
60104,OTTAWA DOWNTOWN,"cis-1,3-Dimethylcyclohexane",2006-09-26T00:00,0.023,µg/m³,VOC,GC-MS
60104,OTTAWA DOWNTOWN,"cis-1,3-Dimethylcyclohexane",2006-11-13T00:00,0.018,µg/m³,VOC,GC-MS
60104,OTTAWA DOWNTOWN,"cis-1,3-Dimethylcyclohexane",2006-11-19T00:00,0.006,µg/m³,VOC,GC-MS
60104,OTTAWA DOWNTOWN,"cis-1,3-Dimethylcyclohexane",2006-11-25T00:00,0.053,µg/m³,VOC,GC-MS
60104,OTTAWA DOWNTOWN,"cis-1,3-Dimethylcyclohexane",2006-12-13T00:00,0.079,µg/m³,VOC,GC-MS
60104,OTTAWA DOWNTOWN,"cis-1,3-Dimethylcyclohexane",2006-12-19T00:00,0.044,µg/m³,VOC,GC-MS
60104,OTTAWA DOWNTOWN,"cis-1,3-Dimethylcyclohexane",2006-12-25T00:00,0.028,µg/m³,VOC,GC-MS
60104,OTTAWA DOWNTOWN,"cis-1,3-Dimethylcyclohexane",2006-12-31T00:00,0.031,µg/m³,VOC,GC-MS
