﻿NAPS_Site_ID,Station_Name,Pollutant,Date,Value,Units,Report_Type,Method
64401,EGBERT,Styrene,1996-01-04T00:00,0.000,µg/m³,VOC,
64401,EGBERT,Styrene,1996-01-04T00:00,0.010,µg/m³,VOC,
64401,EGBERT,Styrene,1996-01-10T00:00,0.000,µg/m³,VOC,
64401,EGBERT,Styrene,1996-01-10T00:00,0.000,µg/m³,VOC,
64401,EGBERT,Styrene,1996-01-16T00:00,0.099,µg/m³,VOC,
64401,EGBERT,Styrene,1996-01-16T00:00,0.100,µg/m³,VOC,
64401,EGBERT,Styrene,1996-01-22T00:00,0.026,µg/m³,VOC,
64401,EGBERT,Styrene,1996-01-22T00:00,0.069,µg/m³,VOC,
64401,EGBERT,Styrene,1996-01-28T00:00,0.000,µg/m³,VOC,
64401,EGBERT,Styrene,1996-01-28T00:00,0.012,µg/m³,VOC,
64401,EGBERT,Styrene,1996-02-03T00:00,0.000,µg/m³,VOC,
64401,EGBERT,Styrene,1996-02-03T00:00,0.006,µg/m³,VOC,
64401,EGBERT,Styrene,1996-02-09T00:00,0.000,µg/m³,VOC,
64401,EGBERT,Styrene,1996-02-09T00:00,0.000,µg/m³,VOC,
64401,EGBERT,Styrene,1996-02-15T00:00,0.000,µg/m³,VOC,
64401,EGBERT,Styrene,1996-02-16T00:00,0.000,µg/m³,VOC,
64401,EGBERT,Styrene,1996-02-21T00:00,0.011,µg/m³,VOC,
64401,EGBERT,Styrene,1996-02-21T00:00,0.145,µg/m³,VOC,
64401,EGBERT,Styrene,1996-02-27T00:00,0.046,µg/m³,VOC,
64401,EGBERT,Styrene,1996-02-27T00:00,0.089,µg/m³,VOC,
64401,EGBERT,Styrene,1996-03-04T00:00,0.000,µg/m³,VOC,
64401,EGBERT,Styrene,1996-03-04T00:00,0.045,µg/m³,VOC,
64401,EGBERT,Styrene,1996-03-10T00:00,0.000,µg/m³,VOC,
64401,EGBERT,Styrene,1996-03-10T00:00,0.000,µg/m³,VOC,
64401,EGBERT,Styrene,1996-03-16T00:00,0.000,µg/m³,VOC,
64401,EGBERT,Styrene,1996-03-16T00:00,0.000,µg/m³,VOC,
64401,EGBERT,Styrene,1996-03-22T00:00,0.000,µg/m³,VOC,
64401,EGBERT,Styrene,1996-03-22T00:00,0.000,µg/m³,VOC,
64401,EGBERT,Styrene,1996-03-28T00:00,0.015,µg/m³,VOC,
64401,EGBERT,Styrene,1996-03-28T00:00,0.017,µg/m³,VOC,
64401,EGBERT,Styrene,1996-04-03T00:00,0.011,µg/m³,VOC,
64401,EGBERT,Styrene,1996-04-09T00:00,0.010,µg/m³,VOC,
64401,EGBERT,Styrene,1996-04-09T00:00,0.020,µg/m³,VOC,
64401,EGBERT,Styrene,1996-04-15T00:00,0.015,µg/m³,VOC,
64401,EGBERT,Styrene,1996-04-15T00:00,0.052,µg/m³,VOC,
64401,EGBERT,Styrene,1996-04-21T00:00,0.012,µg/m³,VOC,
64401,EGBERT,Styrene,1996-04-21T00:00,0.028,µg/m³,VOC,
64401,EGBERT,Styrene,1996-04-27T00:00,0.000,µg/m³,VOC,
64401,EGBERT,Styrene,1996-04-27T00:00,0.017,µg/m³,VOC,
64401,EGBERT,Styrene,1996-05-03T00:00,0.025,µg/m³,VOC,
64401,EGBERT,Styrene,1996-05-03T00:00,0.033,µg/m³,VOC,
64401,EGBERT,Styrene,1996-05-09T00:00,0.060,µg/m³,VOC,
64401,EGBERT,Styrene,1996-05-09T00:00,0.124,µg/m³,VOC,
64401,EGBERT,Styrene,1996-05-15T00:00,0.014,µg/m³,VOC,
64401,EGBERT,Styrene,1996-05-15T00:00,0.044,µg/m³,VOC,
64401,EGBERT,Styrene,1996-05-21T00:00,0.018,µg/m³,VOC,
64401,EGBERT,Styrene,1996-05-21T00:00,0.026,µg/m³,VOC,
64401,EGBERT,Styrene,1996-05-27T00:00,0.013,µg/m³,VOC,
64401,EGBERT,Styrene,1996-05-27T00:00,0.263,µg/m³,VOC,
64401,EGBERT,Styrene,1996-06-01T00:00,0.006,µg/m³,VOC,
64401,EGBERT,Styrene,1996-06-03T00:00,0.011,µg/m³,VOC,
64401,EGBERT,Styrene,1996-06-07T00:00,0.039,µg/m³,VOC,
64401,EGBERT,Styrene,1996-06-09T00:00,0.012,µg/m³,VOC,
64401,EGBERT,Styrene,1996-06-11T00:00,0.007,µg/m³,VOC,
64401,EGBERT,Styrene,1996-06-13T00:00,0.000,µg/m³,VOC,
64401,EGBERT,Styrene,1996-06-17T00:00,0.012,µg/m³,VOC,
64401,EGBERT,Styrene,1996-06-19T00:00,0.011,µg/m³,VOC,
64401,EGBERT,Styrene,1996-06-21T00:00,0.006,µg/m³,VOC,
64401,EGBERT,Styrene,1996-06-25T00:00,0.000,µg/m³,VOC,
64401,EGBERT,Styrene,1996-06-27T00:00,0.000,µg/m³,VOC,
64401,EGBERT,Styrene,1996-06-29T00:00,0.018,µg/m³,VOC,
64401,EGBERT,Styrene,1996-07-01T00:00,0.000,µg/m³,VOC,
64401,EGBERT,Styrene,1996-07-03T00:00,0.000,µg/m³,VOC,
64401,EGBERT,Styrene,1996-07-05T00:00,0.000,µg/m³,VOC,
64401,EGBERT,Styrene,1996-07-07T00:00,0.016,µg/m³,VOC,
64401,EGBERT,Styrene,1996-07-09T00:00,0.007,µg/m³,VOC,
64401,EGBERT,Styrene,1996-07-11T00:00,0.000,µg/m³,VOC,
64401,EGBERT,Styrene,1996-07-15T00:00,0.010,µg/m³,VOC,
64401,EGBERT,Styrene,1996-07-17T00:00,0.000,µg/m³,VOC,
64401,EGBERT,Styrene,1996-07-19T00:00,0.007,µg/m³,VOC,
64401,EGBERT,Styrene,1996-07-21T00:00,0.000,µg/m³,VOC,
64401,EGBERT,Styrene,1996-07-23T00:00,0.000,µg/m³,VOC,
64401,EGBERT,Styrene,1996-07-25T00:00,0.000,µg/m³,VOC,
64401,EGBERT,Styrene,1996-07-27T00:00,0.006,µg/m³,VOC,
64401,EGBERT,Styrene,1996-07-29T00:00,0.000,µg/m³,VOC,
64401,EGBERT,Styrene,1996-07-31T00:00,0.009,µg/m³,VOC,
64401,EGBERT,Styrene,1996-08-02T00:00,0.013,µg/m³,VOC,
64401,EGBERT,Styrene,1996-08-04T00:00,0.341,µg/m³,VOC,
64401,EGBERT,Styrene,1996-08-06T00:00,0.000,µg/m³,VOC,
64401,EGBERT,Styrene,1996-08-08T00:00,0.000,µg/m³,VOC,
64401,EGBERT,Styrene,1996-08-10T00:00,0.000,µg/m³,VOC,
64401,EGBERT,Styrene,1996-08-12T00:00,0.000,µg/m³,VOC,
64401,EGBERT,Styrene,1996-08-14T00:00,0.000,µg/m³,VOC,
64401,EGBERT,Styrene,1996-08-16T00:00,0.010,µg/m³,VOC,
64401,EGBERT,Styrene,1996-08-18T00:00,0.005,µg/m³,VOC,
64401,EGBERT,Styrene,1996-08-20T00:00,0.006,µg/m³,VOC,
64401,EGBERT,Styrene,1996-08-22T00:00,0.000,µg/m³,VOC,
64401,EGBERT,Styrene,1996-08-24T00:00,0.000,µg/m³,VOC,
64401,EGBERT,Styrene,1996-08-26T00:00,0.021,µg/m³,VOC,
64401,EGBERT,Styrene,1996-08-28T00:00,0.006,µg/m³,VOC,
64401,EGBERT,Styrene,1996-08-30T00:00,0.007,µg/m³,VOC,
64401,EGBERT,Styrene,1996-09-01T00:00,0.000,µg/m³,VOC,
64401,EGBERT,Styrene,1996-09-03T00:00,0.007,µg/m³,VOC,
64401,EGBERT,Styrene,1996-09-05T00:00,0.012,µg/m³,VOC,
64401,EGBERT,Styrene,1996-09-07T00:00,0.000,µg/m³,VOC,
64401,EGBERT,Styrene,1996-09-09T00:00,0.027,µg/m³,VOC,
64401,EGBERT,Styrene,1996-09-11T00:00,0.010,µg/m³,VOC,
64401,EGBERT,Styrene,1996-09-13T00:00,0.028,µg/m³,VOC,
64401,EGBERT,Styrene,1996-09-15T00:00,0.013,µg/m³,VOC,
64401,EGBERT,Styrene,1996-09-18T00:00,0.019,µg/m³,VOC,
64401,EGBERT,Styrene,1996-09-18T00:00,0.056,µg/m³,VOC,
64401,EGBERT,Styrene,1996-09-30T00:00,0.035,µg/m³,VOC,
64401,EGBERT,Styrene,1996-09-30T00:00,0.559,µg/m³,VOC,
64401,EGBERT,Styrene,1996-10-06T00:00,0.029,µg/m³,VOC,
64401,EGBERT,Styrene,1996-10-06T00:00,0.037,µg/m³,VOC,
64401,EGBERT,Styrene,1996-10-12T00:00,0.038,µg/m³,VOC,
64401,EGBERT,Styrene,1996-10-12T00:00,0.065,µg/m³,VOC,
64401,EGBERT,Styrene,1996-10-18T00:00,0.021,µg/m³,VOC,
64401,EGBERT,Styrene,1996-10-18T00:00,0.048,µg/m³,VOC,
64401,EGBERT,Styrene,1996-10-24T00:00,0.034,µg/m³,VOC,
64401,EGBERT,Styrene,1996-10-24T00:00,0.085,µg/m³,VOC,
64401,EGBERT,Styrene,1996-10-30T00:00,0.020,µg/m³,VOC,
64401,EGBERT,Styrene,1996-10-30T00:00,0.074,µg/m³,VOC,
64401,EGBERT,Styrene,1996-11-05T00:00,0.217,µg/m³,VOC,
64401,EGBERT,Styrene,1996-11-05T00:00,0.397,µg/m³,VOC,
64401,EGBERT,Styrene,1996-11-11T00:00,0.035,µg/m³,VOC,
64401,EGBERT,Styrene,1996-11-11T00:00,0.052,µg/m³,VOC,
64401,EGBERT,Styrene,1996-11-17T00:00,0.225,µg/m³,VOC,
64401,EGBERT,Styrene,1996-11-17T00:00,0.316,µg/m³,VOC,
64401,EGBERT,Styrene,1996-11-23T00:00,0.024,µg/m³,VOC,
64401,EGBERT,Styrene,1996-11-23T00:00,0.073,µg/m³,VOC,
64401,EGBERT,Styrene,1996-12-05T00:00,0.130,µg/m³,VOC,
64401,EGBERT,Styrene,1996-12-05T00:00,0.197,µg/m³,VOC,
64401,EGBERT,Styrene,1996-12-11T00:00,0.032,µg/m³,VOC,
64401,EGBERT,Styrene,1996-12-11T00:00,0.095,µg/m³,VOC,
64401,EGBERT,Styrene,1996-12-17T00:00,0.028,µg/m³,VOC,
64401,EGBERT,Styrene,1996-12-17T00:00,0.142,µg/m³,VOC,
64401,EGBERT,Styrene,1996-12-23T00:00,0.137,µg/m³,VOC,
64401,EGBERT,Styrene,1996-12-23T00:00,0.174,µg/m³,VOC,
64401,EGBERT,Styrene,1996-12-29T00:00,0.019,µg/m³,VOC,
64401,EGBERT,Styrene,1996-12-29T00:00,0.052,µg/m³,VOC,
