﻿NAPS_Site_ID,Station_Name,Pollutant,Date,Value,Units,Report_Type,Method
100132,MAHON PARK,Bromodichloromethane,1992-01-25T00:00,0.000,µg/m³,VOC,
100132,MAHON PARK,Bromodichloromethane,1992-03-01T00:00,0.000,µg/m³,VOC,
100132,MAHON PARK,Bromodichloromethane,1992-04-06T00:00,0.000,µg/m³,VOC,
100132,MAHON PARK,Bromodichloromethane,1992-06-11T00:00,0.010,µg/m³,VOC,
100132,MAHON PARK,Bromodichloromethane,1992-07-17T00:00,0.108,µg/m³,VOC,
100132,MAHON PARK,Bromodichloromethane,1992-08-22T00:00,0.036,µg/m³,VOC,
