﻿NAPS_Site_ID,Station_Name,Pollutant,Date,Value,Units,Report_Type,Method
90806,SYNCRUDE UE1-FORT MCKAY SOUTH,Acetylene,2010-01-02T00:00,0.353,µg/m³,VOC,GC-FID
90806,SYNCRUDE UE1-FORT MCKAY SOUTH,Acetylene,2010-01-08T00:00,0.667,µg/m³,VOC,GC-FID
90806,SYNCRUDE UE1-FORT MCKAY SOUTH,Acetylene,2010-01-14T00:00,0.712,µg/m³,VOC,GC-FID
90806,SYNCRUDE UE1-FORT MCKAY SOUTH,Acetylene,2010-01-20T00:00,0.403,µg/m³,VOC,GC-FID
90806,SYNCRUDE UE1-FORT MCKAY SOUTH,Acetylene,2010-01-26T00:00,0.398,µg/m³,VOC,GC-FID
90806,SYNCRUDE UE1-FORT MCKAY SOUTH,Acetylene,2010-02-01T00:00,0.561,µg/m³,VOC,GC-FID
90806,SYNCRUDE UE1-FORT MCKAY SOUTH,Acetylene,2010-02-07T00:00,0.473,µg/m³,VOC,GC-FID
90806,SYNCRUDE UE1-FORT MCKAY SOUTH,Acetylene,2010-02-13T00:00,0.453,µg/m³,VOC,GC-FID
90806,SYNCRUDE UE1-FORT MCKAY SOUTH,Acetylene,2010-02-19T00:00,0.416,µg/m³,VOC,GC-FID
90806,SYNCRUDE UE1-FORT MCKAY SOUTH,Acetylene,2010-02-25T00:00,0.432,µg/m³,VOC,GC-FID
90806,SYNCRUDE UE1-FORT MCKAY SOUTH,Acetylene,2010-03-03T00:00,0.347,µg/m³,VOC,GC-FID
90806,SYNCRUDE UE1-FORT MCKAY SOUTH,Acetylene,2010-03-09T00:00,0.483,µg/m³,VOC,GC-FID
90806,SYNCRUDE UE1-FORT MCKAY SOUTH,Acetylene,2010-03-15T00:00,0.554,µg/m³,VOC,GC-FID
90806,SYNCRUDE UE1-FORT MCKAY SOUTH,Acetylene,2010-03-21T00:00,0.446,µg/m³,VOC,GC-FID
90806,SYNCRUDE UE1-FORT MCKAY SOUTH,Acetylene,2010-03-27T00:00,0.482,µg/m³,VOC,GC-FID
90806,SYNCRUDE UE1-FORT MCKAY SOUTH,Acetylene,2010-04-02T00:00,0.373,µg/m³,VOC,GC-FID
90806,SYNCRUDE UE1-FORT MCKAY SOUTH,Acetylene,2010-04-08T00:00,0.349,µg/m³,VOC,GC-FID
90806,SYNCRUDE UE1-FORT MCKAY SOUTH,Acetylene,2010-04-14T00:00,0.354,µg/m³,VOC,GC-FID
90806,SYNCRUDE UE1-FORT MCKAY SOUTH,Acetylene,2010-04-20T00:00,0.336,µg/m³,VOC,GC-FID
90806,SYNCRUDE UE1-FORT MCKAY SOUTH,Acetylene,2010-04-26T00:00,0.276,µg/m³,VOC,GC-FID
90806,SYNCRUDE UE1-FORT MCKAY SOUTH,Acetylene,2010-05-02T00:00,0.219,µg/m³,VOC,GC-FID
90806,SYNCRUDE UE1-FORT MCKAY SOUTH,Acetylene,2010-05-08T00:00,0.261,µg/m³,VOC,GC-FID
90806,SYNCRUDE UE1-FORT MCKAY SOUTH,Acetylene,2010-05-14T00:00,0.257,µg/m³,VOC,GC-FID
90806,SYNCRUDE UE1-FORT MCKAY SOUTH,Acetylene,2010-05-20T00:00,0.123,µg/m³,VOC,GC-FID
90806,SYNCRUDE UE1-FORT MCKAY SOUTH,Acetylene,2010-05-26T00:00,0.097,µg/m³,VOC,GC-FID
90806,SYNCRUDE UE1-FORT MCKAY SOUTH,Acetylene,2010-06-01T00:00,0.159,µg/m³,VOC,GC-FID
90806,SYNCRUDE UE1-FORT MCKAY SOUTH,Acetylene,2010-06-07T00:00,0.130,µg/m³,VOC,GC-FID
90806,SYNCRUDE UE1-FORT MCKAY SOUTH,Acetylene,2010-06-13T00:00,0.103,µg/m³,VOC,GC-FID
90806,SYNCRUDE UE1-FORT MCKAY SOUTH,Acetylene,2010-06-19T00:00,0.149,µg/m³,VOC,GC-FID
90806,SYNCRUDE UE1-FORT MCKAY SOUTH,Acetylene,2010-06-25T00:00,0.189,µg/m³,VOC,GC-FID
90806,SYNCRUDE UE1-FORT MCKAY SOUTH,Acetylene,2010-07-01T00:00,0.043,µg/m³,VOC,GC-FID
90806,SYNCRUDE UE1-FORT MCKAY SOUTH,Acetylene,2010-07-07T00:00,0.060,µg/m³,VOC,GC-FID
90806,SYNCRUDE UE1-FORT MCKAY SOUTH,Acetylene,2010-07-13T00:00,0.256,µg/m³,VOC,GC-FID
90806,SYNCRUDE UE1-FORT MCKAY SOUTH,Acetylene,2010-07-19T00:00,0.107,µg/m³,VOC,GC-FID
90806,SYNCRUDE UE1-FORT MCKAY SOUTH,Acetylene,2010-07-25T00:00,0.066,µg/m³,VOC,GC-FID
90806,SYNCRUDE UE1-FORT MCKAY SOUTH,Acetylene,2010-07-31T00:00,0.289,µg/m³,VOC,GC-FID
90806,SYNCRUDE UE1-FORT MCKAY SOUTH,Acetylene,2010-08-06T00:00,0.349,µg/m³,VOC,GC-FID
90806,SYNCRUDE UE1-FORT MCKAY SOUTH,Acetylene,2010-08-12T00:00,0.158,µg/m³,VOC,GC-FID
90806,SYNCRUDE UE1-FORT MCKAY SOUTH,Acetylene,2010-08-18T00:00,0.153,µg/m³,VOC,GC-FID
90806,SYNCRUDE UE1-FORT MCKAY SOUTH,Acetylene,2010-08-24T00:00,0.233,µg/m³,VOC,GC-FID
90806,SYNCRUDE UE1-FORT MCKAY SOUTH,Acetylene,2010-08-30T00:00,0.159,µg/m³,VOC,GC-FID
90806,SYNCRUDE UE1-FORT MCKAY SOUTH,Acetylene,2010-09-05T00:00,0.101,µg/m³,VOC,GC-FID
90806,SYNCRUDE UE1-FORT MCKAY SOUTH,Acetylene,2010-09-11T00:00,0.095,µg/m³,VOC,GC-FID
90806,SYNCRUDE UE1-FORT MCKAY SOUTH,Acetylene,2010-09-17T00:00,0.101,µg/m³,VOC,GC-FID
90806,SYNCRUDE UE1-FORT MCKAY SOUTH,Acetylene,2010-09-23T00:00,0.164,µg/m³,VOC,GC-FID
90806,SYNCRUDE UE1-FORT MCKAY SOUTH,Acetylene,2010-09-29T00:00,0.110,µg/m³,VOC,GC-FID
90806,SYNCRUDE UE1-FORT MCKAY SOUTH,Acetylene,2010-10-05T00:00,0.132,µg/m³,VOC,GC-FID
90806,SYNCRUDE UE1-FORT MCKAY SOUTH,Acetylene,2010-10-11T00:00,0.114,µg/m³,VOC,GC-FID
90806,SYNCRUDE UE1-FORT MCKAY SOUTH,Acetylene,2010-10-17T00:00,0.186,µg/m³,VOC,GC-FID
90806,SYNCRUDE UE1-FORT MCKAY SOUTH,Acetylene,2010-10-23T00:00,0.145,µg/m³,VOC,GC-FID
90806,SYNCRUDE UE1-FORT MCKAY SOUTH,Acetylene,2010-10-29T00:00,0.270,µg/m³,VOC,GC-FID
90806,SYNCRUDE UE1-FORT MCKAY SOUTH,Acetylene,2010-11-04T00:00,0.434,µg/m³,VOC,GC-FID
90806,SYNCRUDE UE1-FORT MCKAY SOUTH,Acetylene,2010-11-10T00:00,0.351,µg/m³,VOC,GC-FID
90806,SYNCRUDE UE1-FORT MCKAY SOUTH,Acetylene,2010-11-16T00:00,0.152,µg/m³,VOC,GC-FID
90806,SYNCRUDE UE1-FORT MCKAY SOUTH,Acetylene,2010-11-22T00:00,0.175,µg/m³,VOC,GC-FID
90806,SYNCRUDE UE1-FORT MCKAY SOUTH,Acetylene,2010-11-28T00:00,0.410,µg/m³,VOC,GC-FID
90806,SYNCRUDE UE1-FORT MCKAY SOUTH,Acetylene,2010-12-04T00:00,0.396,µg/m³,VOC,GC-FID
90806,SYNCRUDE UE1-FORT MCKAY SOUTH,Acetylene,2010-12-10T00:00,0.314,µg/m³,VOC,GC-FID
90806,SYNCRUDE UE1-FORT MCKAY SOUTH,Acetylene,2010-12-16T00:00,0.452,µg/m³,VOC,GC-FID
90806,SYNCRUDE UE1-FORT MCKAY SOUTH,Acetylene,2010-12-22T00:00,0.476,µg/m³,VOC,GC-FID
