﻿NAPS_Site_ID,Station_Name,Pollutant,Date,Value,Units,Report_Type,Method
40203,FOREST HILLS,Ethylbenzene,1992-07-08T00:00,0.200,µg/m³,VOC,
40203,FOREST HILLS,Ethylbenzene,1992-07-08T00:00,0.566,µg/m³,VOC,
40203,FOREST HILLS,Ethylbenzene,1992-07-08T00:00,0.587,µg/m³,VOC,
40203,FOREST HILLS,Ethylbenzene,1992-07-08T00:00,1.165,µg/m³,VOC,
40203,FOREST HILLS,Ethylbenzene,1992-07-08T00:00,1.183,µg/m³,VOC,
40203,FOREST HILLS,Ethylbenzene,1992-07-08T00:00,2.353,µg/m³,VOC,
40203,FOREST HILLS,Ethylbenzene,1992-07-08T00:00,2.522,µg/m³,VOC,
40203,FOREST HILLS,Ethylbenzene,1992-07-09T00:00,1.350,µg/m³,VOC,
40203,FOREST HILLS,Ethylbenzene,1992-07-11T00:00,0.174,µg/m³,VOC,
40203,FOREST HILLS,Ethylbenzene,1992-07-11T00:00,0.410,µg/m³,VOC,
40203,FOREST HILLS,Ethylbenzene,1992-07-11T00:00,0.447,µg/m³,VOC,
40203,FOREST HILLS,Ethylbenzene,1992-07-11T00:00,0.467,µg/m³,VOC,
40203,FOREST HILLS,Ethylbenzene,1992-07-11T00:00,0.947,µg/m³,VOC,
40203,FOREST HILLS,Ethylbenzene,1992-07-11T00:00,1.145,µg/m³,VOC,
40203,FOREST HILLS,Ethylbenzene,1992-07-11T00:00,2.147,µg/m³,VOC,
40203,FOREST HILLS,Ethylbenzene,1992-07-11T00:00,2.367,µg/m³,VOC,
40203,FOREST HILLS,Ethylbenzene,1992-07-17T00:00,1.143,µg/m³,VOC,
40203,FOREST HILLS,Ethylbenzene,1992-07-17T00:00,1.166,µg/m³,VOC,
40203,FOREST HILLS,Ethylbenzene,1992-07-17T00:00,1.338,µg/m³,VOC,
40203,FOREST HILLS,Ethylbenzene,1992-07-17T00:00,1.388,µg/m³,VOC,
40203,FOREST HILLS,Ethylbenzene,1992-07-17T00:00,1.615,µg/m³,VOC,
40203,FOREST HILLS,Ethylbenzene,1992-07-17T00:00,1.965,µg/m³,VOC,
40203,FOREST HILLS,Ethylbenzene,1992-07-17T00:00,2.077,µg/m³,VOC,
40203,FOREST HILLS,Ethylbenzene,1992-07-23T00:00,0.886,µg/m³,VOC,
40203,FOREST HILLS,Ethylbenzene,1992-07-23T00:00,0.920,µg/m³,VOC,
40203,FOREST HILLS,Ethylbenzene,1992-07-23T00:00,1.067,µg/m³,VOC,
40203,FOREST HILLS,Ethylbenzene,1992-07-23T00:00,1.673,µg/m³,VOC,
40203,FOREST HILLS,Ethylbenzene,1992-07-23T00:00,1.768,µg/m³,VOC,
40203,FOREST HILLS,Ethylbenzene,1992-07-23T00:00,2.811,µg/m³,VOC,
40203,FOREST HILLS,Ethylbenzene,1992-07-23T00:00,4.561,µg/m³,VOC,
40203,FOREST HILLS,Ethylbenzene,1992-07-26T00:00,0.150,µg/m³,VOC,
40203,FOREST HILLS,Ethylbenzene,1992-07-26T00:00,0.189,µg/m³,VOC,
40203,FOREST HILLS,Ethylbenzene,1992-07-26T00:00,0.201,µg/m³,VOC,
40203,FOREST HILLS,Ethylbenzene,1992-07-26T00:00,0.326,µg/m³,VOC,
40203,FOREST HILLS,Ethylbenzene,1992-07-26T00:00,0.425,µg/m³,VOC,
40203,FOREST HILLS,Ethylbenzene,1992-07-26T00:00,0.470,µg/m³,VOC,
40203,FOREST HILLS,Ethylbenzene,1992-07-26T00:00,0.498,µg/m³,VOC,
40203,FOREST HILLS,Ethylbenzene,1992-07-26T00:00,0.503,µg/m³,VOC,
40203,FOREST HILLS,Ethylbenzene,1992-07-29T00:00,0.146,µg/m³,VOC,
40203,FOREST HILLS,Ethylbenzene,1992-07-29T00:00,0.302,µg/m³,VOC,
40203,FOREST HILLS,Ethylbenzene,1992-07-29T00:00,0.600,µg/m³,VOC,
40203,FOREST HILLS,Ethylbenzene,1992-07-29T00:00,0.656,µg/m³,VOC,
40203,FOREST HILLS,Ethylbenzene,1992-07-29T00:00,0.702,µg/m³,VOC,
40203,FOREST HILLS,Ethylbenzene,1992-07-29T00:00,0.873,µg/m³,VOC,
40203,FOREST HILLS,Ethylbenzene,1992-08-01T00:00,0.061,µg/m³,VOC,
40203,FOREST HILLS,Ethylbenzene,1992-08-01T00:00,0.098,µg/m³,VOC,
40203,FOREST HILLS,Ethylbenzene,1992-08-01T00:00,0.306,µg/m³,VOC,
40203,FOREST HILLS,Ethylbenzene,1992-08-01T00:00,0.399,µg/m³,VOC,
40203,FOREST HILLS,Ethylbenzene,1992-08-01T00:00,0.470,µg/m³,VOC,
40203,FOREST HILLS,Ethylbenzene,1992-08-01T00:00,0.677,µg/m³,VOC,
40203,FOREST HILLS,Ethylbenzene,1992-08-01T00:00,1.132,µg/m³,VOC,
40203,FOREST HILLS,Ethylbenzene,1992-08-07T00:00,0.622,µg/m³,VOC,
40203,FOREST HILLS,Ethylbenzene,1992-08-07T00:00,0.986,µg/m³,VOC,
40203,FOREST HILLS,Ethylbenzene,1992-08-07T00:00,1.138,µg/m³,VOC,
40203,FOREST HILLS,Ethylbenzene,1992-08-07T00:00,1.234,µg/m³,VOC,
40203,FOREST HILLS,Ethylbenzene,1992-08-07T00:00,1.800,µg/m³,VOC,
40203,FOREST HILLS,Ethylbenzene,1992-08-07T00:00,2.466,µg/m³,VOC,
40203,FOREST HILLS,Ethylbenzene,1992-08-07T00:00,5.282,µg/m³,VOC,
40203,FOREST HILLS,Ethylbenzene,1992-08-13T00:00,0.263,µg/m³,VOC,
40203,FOREST HILLS,Ethylbenzene,1992-08-13T00:00,0.278,µg/m³,VOC,
40203,FOREST HILLS,Ethylbenzene,1992-08-13T00:00,0.481,µg/m³,VOC,
40203,FOREST HILLS,Ethylbenzene,1992-08-13T00:00,0.527,µg/m³,VOC,
40203,FOREST HILLS,Ethylbenzene,1992-08-13T00:00,0.777,µg/m³,VOC,
40203,FOREST HILLS,Ethylbenzene,1992-08-13T00:00,0.786,µg/m³,VOC,
40203,FOREST HILLS,Ethylbenzene,1992-08-13T00:00,0.825,µg/m³,VOC,
40203,FOREST HILLS,Ethylbenzene,1992-08-13T00:00,1.378,µg/m³,VOC,
40203,FOREST HILLS,Ethylbenzene,1992-08-19T00:00,0.526,µg/m³,VOC,
40203,FOREST HILLS,Ethylbenzene,1992-08-19T00:00,0.643,µg/m³,VOC,
40203,FOREST HILLS,Ethylbenzene,1992-08-19T00:00,0.649,µg/m³,VOC,
40203,FOREST HILLS,Ethylbenzene,1992-08-19T00:00,1.116,µg/m³,VOC,
40203,FOREST HILLS,Ethylbenzene,1992-08-19T00:00,1.994,µg/m³,VOC,
40203,FOREST HILLS,Ethylbenzene,1992-08-19T00:00,2.124,µg/m³,VOC,
40203,FOREST HILLS,Ethylbenzene,1992-08-19T00:00,2.229,µg/m³,VOC,
40203,FOREST HILLS,Ethylbenzene,1992-08-19T00:00,3.364,µg/m³,VOC,
40203,FOREST HILLS,Ethylbenzene,1992-08-25T00:00,0.899,µg/m³,VOC,
40203,FOREST HILLS,Ethylbenzene,1992-08-25T00:00,2.072,µg/m³,VOC,
40203,FOREST HILLS,Ethylbenzene,1992-08-25T00:00,2.126,µg/m³,VOC,
40203,FOREST HILLS,Ethylbenzene,1992-08-25T00:00,2.190,µg/m³,VOC,
40203,FOREST HILLS,Ethylbenzene,1992-08-25T00:00,2.248,µg/m³,VOC,
40203,FOREST HILLS,Ethylbenzene,1992-08-25T00:00,2.429,µg/m³,VOC,
40203,FOREST HILLS,Ethylbenzene,1992-08-25T00:00,2.962,µg/m³,VOC,
40203,FOREST HILLS,Ethylbenzene,1992-08-25T00:00,4.529,µg/m³,VOC,
40203,FOREST HILLS,Ethylbenzene,1992-09-03T00:00,0.000,µg/m³,VOC,
40203,FOREST HILLS,Ethylbenzene,1992-09-03T00:00,0.057,µg/m³,VOC,
40203,FOREST HILLS,Ethylbenzene,1992-09-03T00:00,0.057,µg/m³,VOC,
40203,FOREST HILLS,Ethylbenzene,1992-09-03T00:00,0.060,µg/m³,VOC,
40203,FOREST HILLS,Ethylbenzene,1992-09-03T00:00,0.086,µg/m³,VOC,
40203,FOREST HILLS,Ethylbenzene,1992-09-03T00:00,0.116,µg/m³,VOC,
40203,FOREST HILLS,Ethylbenzene,1992-09-03T00:00,0.144,µg/m³,VOC,
40203,FOREST HILLS,Ethylbenzene,1992-09-03T00:00,0.222,µg/m³,VOC,
40203,FOREST HILLS,Ethylbenzene,1992-09-09T00:00,0.301,µg/m³,VOC,
40203,FOREST HILLS,Ethylbenzene,1992-09-09T00:00,0.375,µg/m³,VOC,
40203,FOREST HILLS,Ethylbenzene,1992-09-09T00:00,0.425,µg/m³,VOC,
40203,FOREST HILLS,Ethylbenzene,1992-09-09T00:00,0.632,µg/m³,VOC,
40203,FOREST HILLS,Ethylbenzene,1992-09-09T00:00,0.714,µg/m³,VOC,
40203,FOREST HILLS,Ethylbenzene,1992-09-09T00:00,0.881,µg/m³,VOC,
40203,FOREST HILLS,Ethylbenzene,1992-09-09T00:00,0.935,µg/m³,VOC,
40203,FOREST HILLS,Ethylbenzene,1992-09-09T00:00,1.540,µg/m³,VOC,
40203,FOREST HILLS,Ethylbenzene,1992-09-21T00:00,0.591,µg/m³,VOC,
40203,FOREST HILLS,Ethylbenzene,1992-09-21T00:00,0.647,µg/m³,VOC,
40203,FOREST HILLS,Ethylbenzene,1992-09-21T00:00,0.729,µg/m³,VOC,
40203,FOREST HILLS,Ethylbenzene,1992-09-21T00:00,0.733,µg/m³,VOC,
40203,FOREST HILLS,Ethylbenzene,1992-09-21T00:00,1.092,µg/m³,VOC,
40203,FOREST HILLS,Ethylbenzene,1992-09-21T00:00,1.255,µg/m³,VOC,
40203,FOREST HILLS,Ethylbenzene,1992-09-21T00:00,1.881,µg/m³,VOC,
40203,FOREST HILLS,Ethylbenzene,1992-09-21T00:00,2.218,µg/m³,VOC,
40203,FOREST HILLS,Ethylbenzene,1992-09-27T00:00,0.071,µg/m³,VOC,
40203,FOREST HILLS,Ethylbenzene,1992-09-27T00:00,0.077,µg/m³,VOC,
40203,FOREST HILLS,Ethylbenzene,1992-09-27T00:00,0.145,µg/m³,VOC,
40203,FOREST HILLS,Ethylbenzene,1992-09-27T00:00,0.319,µg/m³,VOC,
40203,FOREST HILLS,Ethylbenzene,1992-09-27T00:00,0.663,µg/m³,VOC,
40203,FOREST HILLS,Ethylbenzene,1992-09-27T00:00,0.716,µg/m³,VOC,
40203,FOREST HILLS,Ethylbenzene,1992-09-27T00:00,0.759,µg/m³,VOC,
40203,FOREST HILLS,Ethylbenzene,1992-09-27T00:00,1.321,µg/m³,VOC,
40203,FOREST HILLS,Ethylbenzene,1992-10-03T00:00,0.105,µg/m³,VOC,
40203,FOREST HILLS,Ethylbenzene,1992-10-03T00:00,0.570,µg/m³,VOC,
40203,FOREST HILLS,Ethylbenzene,1992-10-03T00:00,0.693,µg/m³,VOC,
40203,FOREST HILLS,Ethylbenzene,1992-10-03T00:00,0.892,µg/m³,VOC,
40203,FOREST HILLS,Ethylbenzene,1992-10-03T00:00,0.893,µg/m³,VOC,
40203,FOREST HILLS,Ethylbenzene,1992-10-03T00:00,0.900,µg/m³,VOC,
40203,FOREST HILLS,Ethylbenzene,1992-10-03T00:00,0.996,µg/m³,VOC,
40203,FOREST HILLS,Ethylbenzene,1992-10-03T00:00,1.254,µg/m³,VOC,
40203,FOREST HILLS,Ethylbenzene,1992-10-09T00:00,0.323,µg/m³,VOC,
40203,FOREST HILLS,Ethylbenzene,1992-10-09T00:00,0.401,µg/m³,VOC,
40203,FOREST HILLS,Ethylbenzene,1992-10-09T00:00,0.514,µg/m³,VOC,
40203,FOREST HILLS,Ethylbenzene,1992-10-09T00:00,0.672,µg/m³,VOC,
40203,FOREST HILLS,Ethylbenzene,1992-10-09T00:00,0.855,µg/m³,VOC,
40203,FOREST HILLS,Ethylbenzene,1992-10-09T00:00,1.567,µg/m³,VOC,
40203,FOREST HILLS,Ethylbenzene,1992-10-09T00:00,1.746,µg/m³,VOC,
40203,FOREST HILLS,Ethylbenzene,1992-10-09T00:00,1.928,µg/m³,VOC,
40203,FOREST HILLS,Ethylbenzene,1992-10-15T00:00,0.156,µg/m³,VOC,
40203,FOREST HILLS,Ethylbenzene,1992-10-15T00:00,0.264,µg/m³,VOC,
40203,FOREST HILLS,Ethylbenzene,1992-10-15T00:00,0.315,µg/m³,VOC,
40203,FOREST HILLS,Ethylbenzene,1992-10-15T00:00,0.477,µg/m³,VOC,
40203,FOREST HILLS,Ethylbenzene,1992-10-15T00:00,0.565,µg/m³,VOC,
40203,FOREST HILLS,Ethylbenzene,1992-10-15T00:00,0.834,µg/m³,VOC,
40203,FOREST HILLS,Ethylbenzene,1992-10-15T00:00,1.214,µg/m³,VOC,
40203,FOREST HILLS,Ethylbenzene,1992-10-15T00:00,1.720,µg/m³,VOC,
40203,FOREST HILLS,Ethylbenzene,1992-10-21T00:00,0.049,µg/m³,VOC,
40203,FOREST HILLS,Ethylbenzene,1992-10-21T00:00,0.063,µg/m³,VOC,
40203,FOREST HILLS,Ethylbenzene,1992-10-21T00:00,0.127,µg/m³,VOC,
40203,FOREST HILLS,Ethylbenzene,1992-10-21T00:00,0.168,µg/m³,VOC,
40203,FOREST HILLS,Ethylbenzene,1992-10-21T00:00,0.343,µg/m³,VOC,
40203,FOREST HILLS,Ethylbenzene,1992-10-21T00:00,0.472,µg/m³,VOC,
40203,FOREST HILLS,Ethylbenzene,1992-10-21T00:00,0.530,µg/m³,VOC,
40203,FOREST HILLS,Ethylbenzene,1992-10-21T00:00,0.836,µg/m³,VOC,
40203,FOREST HILLS,Ethylbenzene,1992-10-27T00:00,0.081,µg/m³,VOC,
40203,FOREST HILLS,Ethylbenzene,1992-10-27T00:00,0.112,µg/m³,VOC,
40203,FOREST HILLS,Ethylbenzene,1992-10-27T00:00,0.248,µg/m³,VOC,
40203,FOREST HILLS,Ethylbenzene,1992-10-27T00:00,0.258,µg/m³,VOC,
40203,FOREST HILLS,Ethylbenzene,1992-10-27T00:00,0.259,µg/m³,VOC,
40203,FOREST HILLS,Ethylbenzene,1992-10-27T00:00,0.328,µg/m³,VOC,
40203,FOREST HILLS,Ethylbenzene,1992-10-27T00:00,0.360,µg/m³,VOC,
40203,FOREST HILLS,Ethylbenzene,1992-10-27T00:00,0.396,µg/m³,VOC,
