﻿NAPS_Site_ID,Station_Name,Pollutant,Date,Value,Units,Report_Type,Method
60211,WINDSOR WEST,"2,2-Dimethylpropane",2003-01-03T00:00,0.050,µg/m³,VOC,
60211,WINDSOR WEST,"2,2-Dimethylpropane",2003-01-09T00:00,0.048,µg/m³,VOC,
60211,WINDSOR WEST,"2,2-Dimethylpropane",2003-01-15T00:00,0.000,µg/m³,VOC,
60211,WINDSOR WEST,"2,2-Dimethylpropane",2003-01-21T00:00,0.017,µg/m³,VOC,
60211,WINDSOR WEST,"2,2-Dimethylpropane",2003-01-27T00:00,0.016,µg/m³,VOC,
60211,WINDSOR WEST,"2,2-Dimethylpropane",2003-02-02T00:00,0.019,µg/m³,VOC,
60211,WINDSOR WEST,"2,2-Dimethylpropane",2003-02-08T00:00,0.014,µg/m³,VOC,
60211,WINDSOR WEST,"2,2-Dimethylpropane",2003-02-14T00:00,0.029,µg/m³,VOC,
60211,WINDSOR WEST,"2,2-Dimethylpropane",2003-02-20T00:00,0.029,µg/m³,VOC,
60211,WINDSOR WEST,"2,2-Dimethylpropane",2003-02-26T00:00,0.041,µg/m³,VOC,
60211,WINDSOR WEST,"2,2-Dimethylpropane",2003-03-04T00:00,0.028,µg/m³,VOC,
60211,WINDSOR WEST,"2,2-Dimethylpropane",2003-03-10T00:00,0.017,µg/m³,VOC,
60211,WINDSOR WEST,"2,2-Dimethylpropane",2003-03-16T00:00,0.050,µg/m³,VOC,
60211,WINDSOR WEST,"2,2-Dimethylpropane",2003-03-22T00:00,0.017,µg/m³,VOC,
60211,WINDSOR WEST,"2,2-Dimethylpropane",2003-03-28T00:00,0.018,µg/m³,VOC,
60211,WINDSOR WEST,"2,2-Dimethylpropane",2003-04-15T00:00,0.026,µg/m³,VOC,
60211,WINDSOR WEST,"2,2-Dimethylpropane",2003-04-21T00:00,0.022,µg/m³,VOC,
60211,WINDSOR WEST,"2,2-Dimethylpropane",2003-06-02T00:00,0.022,µg/m³,VOC,
60211,WINDSOR WEST,"2,2-Dimethylpropane",2003-06-14T00:00,0.038,µg/m³,VOC,
60211,WINDSOR WEST,"2,2-Dimethylpropane",2003-06-20T00:00,0.012,µg/m³,VOC,
60211,WINDSOR WEST,"2,2-Dimethylpropane",2003-07-02T00:00,0.028,µg/m³,VOC,
60211,WINDSOR WEST,"2,2-Dimethylpropane",2003-07-08T00:00,0.031,µg/m³,VOC,
60211,WINDSOR WEST,"2,2-Dimethylpropane",2003-08-19T00:00,0.019,µg/m³,VOC,
60211,WINDSOR WEST,"2,2-Dimethylpropane",2003-09-30T00:00,0.014,µg/m³,VOC,
60211,WINDSOR WEST,"2,2-Dimethylpropane",2003-10-06T00:00,0.081,µg/m³,VOC,
60211,WINDSOR WEST,"2,2-Dimethylpropane",2003-10-30T00:00,0.019,µg/m³,VOC,
60211,WINDSOR WEST,"2,2-Dimethylpropane",2003-11-05T00:00,0.022,µg/m³,VOC,
60211,WINDSOR WEST,"2,2-Dimethylpropane",2003-11-11T00:00,0.034,µg/m³,VOC,
60211,WINDSOR WEST,"2,2-Dimethylpropane",2003-11-17T00:00,0.026,µg/m³,VOC,
60211,WINDSOR WEST,"2,2-Dimethylpropane",2003-11-23T00:00,0.015,µg/m³,VOC,
60211,WINDSOR WEST,"2,2-Dimethylpropane",2003-11-29T00:00,0.000,µg/m³,VOC,
60211,WINDSOR WEST,"2,2-Dimethylpropane",2003-12-05T00:00,0.018,µg/m³,VOC,
60211,WINDSOR WEST,"2,2-Dimethylpropane",2003-12-11T00:00,0.019,µg/m³,VOC,
60211,WINDSOR WEST,"2,2-Dimethylpropane",2003-12-17T00:00,0.021,µg/m³,VOC,
60211,WINDSOR WEST,"2,2-Dimethylpropane",2003-12-23T00:00,0.051,µg/m³,VOC,
60211,WINDSOR WEST,"2,2-Dimethylpropane",2003-12-29T00:00,0.027,µg/m³,VOC,
