﻿NAPS_Site_ID,Station_Name,Pollutant,Date,Value,Units,Report_Type,Method
50104,ONTARIO,2-Me-Fluorene,1997-01-22T00:00,0.000,µg/m³,PAH,
50104,ONTARIO,2-Me-Fluorene,1997-02-03T00:00,0.003,µg/m³,PAH,
50104,ONTARIO,2-Me-Fluorene,1997-02-15T00:00,0.012,µg/m³,PAH,
50104,ONTARIO,2-Me-Fluorene,1997-02-27T00:00,0.004,µg/m³,PAH,
50104,ONTARIO,2-Me-Fluorene,1997-03-11T00:00,0.000,µg/m³,PAH,
50104,ONTARIO,2-Me-Fluorene,1997-03-23T00:00,0.000,µg/m³,PAH,
50104,ONTARIO,2-Me-Fluorene,1997-04-04T00:00,0.000,µg/m³,PAH,
50104,ONTARIO,2-Me-Fluorene,1997-04-16T00:00,0.000,µg/m³,PAH,
50104,ONTARIO,2-Me-Fluorene,1997-04-28T00:00,0.000,µg/m³,PAH,
50104,ONTARIO,2-Me-Fluorene,1997-05-10T00:00,0.000,µg/m³,PAH,
50104,ONTARIO,2-Me-Fluorene,1997-05-22T00:00,0.000,µg/m³,PAH,
50104,ONTARIO,2-Me-Fluorene,1997-06-03T00:00,0.001,µg/m³,PAH,
50104,ONTARIO,2-Me-Fluorene,1997-06-15T00:00,0.001,µg/m³,PAH,
50104,ONTARIO,2-Me-Fluorene,1997-06-27T00:00,0.001,µg/m³,PAH,
50104,ONTARIO,2-Me-Fluorene,1997-07-09T00:00,0.001,µg/m³,PAH,
50104,ONTARIO,2-Me-Fluorene,1997-08-02T00:00,0.001,µg/m³,PAH,
50104,ONTARIO,2-Me-Fluorene,1997-08-14T00:00,0.002,µg/m³,PAH,
50104,ONTARIO,2-Me-Fluorene,1997-08-26T00:00,0.001,µg/m³,PAH,
50104,ONTARIO,2-Me-Fluorene,1997-09-07T00:00,0.002,µg/m³,PAH,
50104,ONTARIO,2-Me-Fluorene,1997-09-19T00:00,0.001,µg/m³,PAH,
50104,ONTARIO,2-Me-Fluorene,1997-10-01T00:00,0.001,µg/m³,PAH,
50104,ONTARIO,2-Me-Fluorene,1997-10-13T00:00,0.001,µg/m³,PAH,
50104,ONTARIO,2-Me-Fluorene,1997-10-25T00:00,0.003,µg/m³,PAH,
50104,ONTARIO,2-Me-Fluorene,1997-11-18T00:00,0.000,µg/m³,PAH,
50104,ONTARIO,2-Me-Fluorene,1997-11-30T00:00,0.001,µg/m³,PAH,
50104,ONTARIO,2-Me-Fluorene,1997-12-12T00:00,0.000,µg/m³,PAH,
50104,ONTARIO,2-Me-Fluorene,1997-12-24T00:00,0.000,µg/m³,PAH,
