﻿NAPS_Site_ID,Station_Name,Pollutant,Date,Value,Units,Report_Type,Method
54102,ROUND TOP RIDGE,Freon 113,2010-01-02T00:00,0.449,µg/m³,VOC,GC-MS
54102,ROUND TOP RIDGE,Freon 113,2010-01-05T00:00,0.435,µg/m³,VOC,GC-MS
54102,ROUND TOP RIDGE,Freon 113,2010-01-08T00:00,0.423,µg/m³,VOC,GC-MS
54102,ROUND TOP RIDGE,Freon 113,2010-01-11T00:00,0.436,µg/m³,VOC,GC-MS
54102,ROUND TOP RIDGE,Freon 113,2010-01-14T00:00,0.431,µg/m³,VOC,GC-MS
54102,ROUND TOP RIDGE,Freon 113,2010-01-20T00:00,0.604,µg/m³,VOC,GC-MS
54102,ROUND TOP RIDGE,Freon 113,2010-01-23T00:00,0.605,µg/m³,VOC,GC-MS
54102,ROUND TOP RIDGE,Freon 113,2010-01-26T00:00,0.607,µg/m³,VOC,GC-MS
54102,ROUND TOP RIDGE,Freon 113,2010-01-29T00:00,0.614,µg/m³,VOC,GC-MS
54102,ROUND TOP RIDGE,Freon 113,2010-02-01T00:00,0.624,µg/m³,VOC,GC-MS
54102,ROUND TOP RIDGE,Freon 113,2010-02-04T00:00,0.615,µg/m³,VOC,GC-MS
54102,ROUND TOP RIDGE,Freon 113,2010-02-07T00:00,0.667,µg/m³,VOC,GC-MS
54102,ROUND TOP RIDGE,Freon 113,2010-02-10T00:00,0.657,µg/m³,VOC,GC-MS
54102,ROUND TOP RIDGE,Freon 113,2010-02-13T00:00,0.685,µg/m³,VOC,GC-MS
54102,ROUND TOP RIDGE,Freon 113,2010-02-16T00:00,0.673,µg/m³,VOC,GC-MS
54102,ROUND TOP RIDGE,Freon 113,2010-02-19T00:00,0.646,µg/m³,VOC,GC-MS
54102,ROUND TOP RIDGE,Freon 113,2010-02-22T00:00,0.631,µg/m³,VOC,GC-MS
54102,ROUND TOP RIDGE,Freon 113,2010-02-25T00:00,0.644,µg/m³,VOC,GC-MS
54102,ROUND TOP RIDGE,Freon 113,2010-02-28T00:00,0.649,µg/m³,VOC,GC-MS
54102,ROUND TOP RIDGE,Freon 113,2010-03-03T00:00,0.635,µg/m³,VOC,GC-MS
54102,ROUND TOP RIDGE,Freon 113,2010-03-06T00:00,0.634,µg/m³,VOC,GC-MS
54102,ROUND TOP RIDGE,Freon 113,2010-03-09T00:00,0.676,µg/m³,VOC,GC-MS
54102,ROUND TOP RIDGE,Freon 113,2010-03-12T00:00,0.605,µg/m³,VOC,GC-MS
54102,ROUND TOP RIDGE,Freon 113,2010-03-15T00:00,0.655,µg/m³,VOC,GC-MS
54102,ROUND TOP RIDGE,Freon 113,2010-03-18T00:00,0.613,µg/m³,VOC,GC-MS
54102,ROUND TOP RIDGE,Freon 113,2010-03-21T00:00,0.632,µg/m³,VOC,GC-MS
54102,ROUND TOP RIDGE,Freon 113,2010-03-24T00:00,0.637,µg/m³,VOC,GC-MS
54102,ROUND TOP RIDGE,Freon 113,2010-03-27T00:00,0.629,µg/m³,VOC,GC-MS
54102,ROUND TOP RIDGE,Freon 113,2010-03-30T00:00,0.666,µg/m³,VOC,GC-MS
54102,ROUND TOP RIDGE,Freon 113,2010-04-02T00:00,0.636,µg/m³,VOC,GC-MS
54102,ROUND TOP RIDGE,Freon 113,2010-04-05T00:00,0.651,µg/m³,VOC,GC-MS
54102,ROUND TOP RIDGE,Freon 113,2010-04-08T00:00,0.652,µg/m³,VOC,GC-MS
54102,ROUND TOP RIDGE,Freon 113,2010-04-11T00:00,0.663,µg/m³,VOC,GC-MS
54102,ROUND TOP RIDGE,Freon 113,2010-04-14T00:00,0.697,µg/m³,VOC,GC-MS
54102,ROUND TOP RIDGE,Freon 113,2010-04-17T00:00,0.646,µg/m³,VOC,GC-MS
54102,ROUND TOP RIDGE,Freon 113,2010-04-20T00:00,0.605,µg/m³,VOC,GC-MS
54102,ROUND TOP RIDGE,Freon 113,2010-04-23T00:00,0.601,µg/m³,VOC,GC-MS
54102,ROUND TOP RIDGE,Freon 113,2010-04-26T00:00,0.615,µg/m³,VOC,GC-MS
54102,ROUND TOP RIDGE,Freon 113,2010-04-29T00:00,0.612,µg/m³,VOC,GC-MS
54102,ROUND TOP RIDGE,Freon 113,2010-05-02T00:00,0.616,µg/m³,VOC,GC-MS
54102,ROUND TOP RIDGE,Freon 113,2010-05-05T00:00,0.622,µg/m³,VOC,GC-MS
54102,ROUND TOP RIDGE,Freon 113,2010-05-08T00:00,0.639,µg/m³,VOC,GC-MS
54102,ROUND TOP RIDGE,Freon 113,2010-05-11T00:00,0.611,µg/m³,VOC,GC-MS
54102,ROUND TOP RIDGE,Freon 113,2010-05-14T00:00,0.607,µg/m³,VOC,GC-MS
54102,ROUND TOP RIDGE,Freon 113,2010-05-17T00:00,0.613,µg/m³,VOC,GC-MS
54102,ROUND TOP RIDGE,Freon 113,2010-05-20T00:00,0.635,µg/m³,VOC,GC-MS
54102,ROUND TOP RIDGE,Freon 113,2010-05-23T00:00,0.596,µg/m³,VOC,GC-MS
54102,ROUND TOP RIDGE,Freon 113,2010-05-26T00:00,0.620,µg/m³,VOC,GC-MS
54102,ROUND TOP RIDGE,Freon 113,2010-05-29T00:00,0.616,µg/m³,VOC,GC-MS
54102,ROUND TOP RIDGE,Freon 113,2010-06-01T00:00,0.614,µg/m³,VOC,GC-MS
54102,ROUND TOP RIDGE,Freon 113,2010-06-04T00:00,0.617,µg/m³,VOC,GC-MS
54102,ROUND TOP RIDGE,Freon 113,2010-06-07T00:00,0.602,µg/m³,VOC,GC-MS
54102,ROUND TOP RIDGE,Freon 113,2010-06-10T00:00,0.600,µg/m³,VOC,GC-MS
54102,ROUND TOP RIDGE,Freon 113,2010-06-13T00:00,0.620,µg/m³,VOC,GC-MS
54102,ROUND TOP RIDGE,Freon 113,2010-06-16T00:00,0.645,µg/m³,VOC,GC-MS
54102,ROUND TOP RIDGE,Freon 113,2010-06-19T00:00,0.625,µg/m³,VOC,GC-MS
54102,ROUND TOP RIDGE,Freon 113,2010-06-22T00:00,0.644,µg/m³,VOC,GC-MS
54102,ROUND TOP RIDGE,Freon 113,2010-06-25T00:00,0.649,µg/m³,VOC,GC-MS
54102,ROUND TOP RIDGE,Freon 113,2010-06-28T00:00,0.637,µg/m³,VOC,GC-MS
54102,ROUND TOP RIDGE,Freon 113,2010-07-01T00:00,0.631,µg/m³,VOC,GC-MS
54102,ROUND TOP RIDGE,Freon 113,2010-07-04T00:00,0.627,µg/m³,VOC,GC-MS
54102,ROUND TOP RIDGE,Freon 113,2010-07-07T00:00,0.642,µg/m³,VOC,GC-MS
54102,ROUND TOP RIDGE,Freon 113,2010-07-10T00:00,0.631,µg/m³,VOC,GC-MS
54102,ROUND TOP RIDGE,Freon 113,2010-07-13T00:00,0.634,µg/m³,VOC,GC-MS
54102,ROUND TOP RIDGE,Freon 113,2010-07-16T00:00,0.519,µg/m³,VOC,GC-MS
54102,ROUND TOP RIDGE,Freon 113,2010-07-19T00:00,0.522,µg/m³,VOC,GC-MS
54102,ROUND TOP RIDGE,Freon 113,2010-07-25T00:00,0.535,µg/m³,VOC,GC-MS
54102,ROUND TOP RIDGE,Freon 113,2010-07-28T00:00,0.528,µg/m³,VOC,GC-MS
54102,ROUND TOP RIDGE,Freon 113,2010-07-31T00:00,0.545,µg/m³,VOC,GC-MS
54102,ROUND TOP RIDGE,Freon 113,2010-08-03T00:00,0.545,µg/m³,VOC,GC-MS
54102,ROUND TOP RIDGE,Freon 113,2010-08-06T00:00,0.551,µg/m³,VOC,GC-MS
54102,ROUND TOP RIDGE,Freon 113,2010-08-15T00:00,0.553,µg/m³,VOC,GC-MS
54102,ROUND TOP RIDGE,Freon 113,2010-08-18T00:00,0.555,µg/m³,VOC,GC-MS
54102,ROUND TOP RIDGE,Freon 113,2010-08-21T00:00,0.599,µg/m³,VOC,GC-MS
54102,ROUND TOP RIDGE,Freon 113,2010-08-24T00:00,0.612,µg/m³,VOC,GC-MS
54102,ROUND TOP RIDGE,Freon 113,2010-08-27T00:00,0.636,µg/m³,VOC,GC-MS
54102,ROUND TOP RIDGE,Freon 113,2010-08-30T00:00,0.610,µg/m³,VOC,GC-MS
54102,ROUND TOP RIDGE,Freon 113,2010-09-02T00:00,0.619,µg/m³,VOC,GC-MS
54102,ROUND TOP RIDGE,Freon 113,2010-09-05T00:00,0.618,µg/m³,VOC,GC-MS
54102,ROUND TOP RIDGE,Freon 113,2010-09-08T00:00,0.574,µg/m³,VOC,GC-MS
54102,ROUND TOP RIDGE,Freon 113,2010-09-11T00:00,0.571,µg/m³,VOC,GC-MS
54102,ROUND TOP RIDGE,Freon 113,2010-09-14T00:00,0.582,µg/m³,VOC,GC-MS
54102,ROUND TOP RIDGE,Freon 113,2010-09-17T00:00,0.611,µg/m³,VOC,GC-MS
54102,ROUND TOP RIDGE,Freon 113,2010-09-20T00:00,0.584,µg/m³,VOC,GC-MS
54102,ROUND TOP RIDGE,Freon 113,2010-09-23T00:00,0.589,µg/m³,VOC,GC-MS
54102,ROUND TOP RIDGE,Freon 113,2010-09-26T00:00,0.614,µg/m³,VOC,GC-MS
54102,ROUND TOP RIDGE,Freon 113,2010-09-29T00:00,0.603,µg/m³,VOC,GC-MS
54102,ROUND TOP RIDGE,Freon 113,2010-10-02T00:00,0.580,µg/m³,VOC,GC-MS
54102,ROUND TOP RIDGE,Freon 113,2010-10-05T00:00,0.563,µg/m³,VOC,GC-MS
54102,ROUND TOP RIDGE,Freon 113,2010-10-08T00:00,0.590,µg/m³,VOC,GC-MS
54102,ROUND TOP RIDGE,Freon 113,2010-10-11T00:00,0.571,µg/m³,VOC,GC-MS
54102,ROUND TOP RIDGE,Freon 113,2010-10-14T00:00,0.643,µg/m³,VOC,GC-MS
54102,ROUND TOP RIDGE,Freon 113,2010-10-17T00:00,0.660,µg/m³,VOC,GC-MS
54102,ROUND TOP RIDGE,Freon 113,2010-10-20T00:00,0.662,µg/m³,VOC,GC-MS
54102,ROUND TOP RIDGE,Freon 113,2010-10-23T00:00,0.672,µg/m³,VOC,GC-MS
54102,ROUND TOP RIDGE,Freon 113,2010-10-26T00:00,0.620,µg/m³,VOC,GC-MS
54102,ROUND TOP RIDGE,Freon 113,2010-10-29T00:00,0.641,µg/m³,VOC,GC-MS
54102,ROUND TOP RIDGE,Freon 113,2010-11-01T00:00,0.498,µg/m³,VOC,GC-MS
54102,ROUND TOP RIDGE,Freon 113,2010-11-04T00:00,0.588,µg/m³,VOC,GC-MS
54102,ROUND TOP RIDGE,Freon 113,2010-11-07T00:00,0.452,µg/m³,VOC,GC-MS
54102,ROUND TOP RIDGE,Freon 113,2010-11-10T00:00,0.408,µg/m³,VOC,GC-MS
54102,ROUND TOP RIDGE,Freon 113,2010-11-13T00:00,0.519,µg/m³,VOC,GC-MS
54102,ROUND TOP RIDGE,Freon 113,2010-11-19T00:00,0.476,µg/m³,VOC,GC-MS
54102,ROUND TOP RIDGE,Freon 113,2010-11-22T00:00,0.505,µg/m³,VOC,GC-MS
54102,ROUND TOP RIDGE,Freon 113,2010-11-25T00:00,0.511,µg/m³,VOC,GC-MS
54102,ROUND TOP RIDGE,Freon 113,2010-11-28T00:00,0.489,µg/m³,VOC,GC-MS
54102,ROUND TOP RIDGE,Freon 113,2010-12-01T00:00,0.519,µg/m³,VOC,GC-MS
54102,ROUND TOP RIDGE,Freon 113,2010-12-04T00:00,0.498,µg/m³,VOC,GC-MS
54102,ROUND TOP RIDGE,Freon 113,2010-12-07T00:00,0.640,µg/m³,VOC,GC-MS
54102,ROUND TOP RIDGE,Freon 113,2010-12-10T00:00,0.625,µg/m³,VOC,GC-MS
54102,ROUND TOP RIDGE,Freon 113,2010-12-13T00:00,0.625,µg/m³,VOC,GC-MS
54102,ROUND TOP RIDGE,Freon 113,2010-12-16T00:00,0.606,µg/m³,VOC,GC-MS
54102,ROUND TOP RIDGE,Freon 113,2010-12-19T00:00,0.619,µg/m³,VOC,GC-MS
54102,ROUND TOP RIDGE,Freon 113,2010-12-22T00:00,0.651,µg/m³,VOC,GC-MS
54102,ROUND TOP RIDGE,Freon 113,2010-12-25T00:00,0.656,µg/m³,VOC,GC-MS
54102,ROUND TOP RIDGE,Freon 113,2010-12-28T00:00,0.626,µg/m³,VOC,GC-MS
54102,ROUND TOP RIDGE,Freon 113,2010-12-31T00:00,0.649,µg/m³,VOC,GC-MS
