﻿NAPS_Site_ID,Station_Name,Pollutant,Date,Value,Units,Report_Type,Method
65101,EAGLE ST. & McCAFFREY RD. _NEWMARKET_,"1,3-Diethylbenzene",2020-01-10T00:00,0.004,µg/m³,VOC,GC-MS
65101,EAGLE ST. & McCAFFREY RD. _NEWMARKET_,"1,3-Diethylbenzene",2020-01-16T00:00,0.000,µg/m³,VOC,GC-MS
65101,EAGLE ST. & McCAFFREY RD. _NEWMARKET_,"1,3-Diethylbenzene",2020-01-22T00:00,0.001,µg/m³,VOC,GC-MS
65101,EAGLE ST. & McCAFFREY RD. _NEWMARKET_,"1,3-Diethylbenzene",2020-01-28T00:00,0.001,µg/m³,VOC,GC-MS
65101,EAGLE ST. & McCAFFREY RD. _NEWMARKET_,"1,3-Diethylbenzene",2020-02-03T00:00,0.001,µg/m³,VOC,GC-MS
65101,EAGLE ST. & McCAFFREY RD. _NEWMARKET_,"1,3-Diethylbenzene",2020-02-09T00:00,0.001,µg/m³,VOC,GC-MS
65101,EAGLE ST. & McCAFFREY RD. _NEWMARKET_,"1,3-Diethylbenzene",2020-02-15T00:00,0.000,µg/m³,VOC,GC-MS
65101,EAGLE ST. & McCAFFREY RD. _NEWMARKET_,"1,3-Diethylbenzene",2020-02-21T00:00,0.001,µg/m³,VOC,GC-MS
