﻿NAPS_Site_ID,Station_Name,Pollutant,Date,Value,Units,Report_Type,Method
101301,LANGLEY CENTRAL,trans-2-Pentene,1995-01-09T00:00,0.024,µg/m³,VOC,N/A
101301,LANGLEY CENTRAL,trans-2-Pentene,1995-02-14T00:00,0.018,µg/m³,VOC,N/A
101301,LANGLEY CENTRAL,trans-2-Pentene,1995-03-22T00:00,0.000,µg/m³,VOC,N/A
101301,LANGLEY CENTRAL,trans-2-Pentene,1995-04-27T00:00,0.054,µg/m³,VOC,N/A
101301,LANGLEY CENTRAL,trans-2-Pentene,1995-06-02T00:00,0.019,µg/m³,VOC,N/A
101301,LANGLEY CENTRAL,trans-2-Pentene,1995-07-08T00:00,0.048,µg/m³,VOC,N/A
101301,LANGLEY CENTRAL,trans-2-Pentene,1995-09-18T00:00,0.122,µg/m³,VOC,N/A
101301,LANGLEY CENTRAL,trans-2-Pentene,1995-10-24T00:00,0.250,µg/m³,VOC,N/A
101301,LANGLEY CENTRAL,trans-2-Pentene,1995-11-29T00:00,0.014,µg/m³,VOC,N/A
