﻿NAPS_Site_ID,Station_Name,Pollutant,Date,Value,Units,Report_Type,Method
100118,KITSILANO,cis-4-Methyl-2-pentene,1993-07-26T00:00,0.126,µg/m³,VOC,N/A
100118,KITSILANO,cis-4-Methyl-2-pentene,1993-07-28T00:00,0.101,µg/m³,VOC,N/A
100118,KITSILANO,cis-4-Methyl-2-pentene,1993-07-30T00:00,0.076,µg/m³,VOC,N/A
100118,KITSILANO,cis-4-Methyl-2-pentene,1993-08-02T00:00,0.123,µg/m³,VOC,N/A
100118,KITSILANO,cis-4-Methyl-2-pentene,1993-08-04T00:00,0.266,µg/m³,VOC,N/A
100118,KITSILANO,cis-4-Methyl-2-pentene,1993-08-06T00:00,0.000,µg/m³,VOC,N/A
