﻿NAPS_Site_ID,Station_Name,Pollutant,Date,Value,Units,Report_Type,Method
60413,CENTENNIAL PARK _ETOBICOKE WEST_,"2,4-Dimethylhexane",2003-01-03T00:00,0.081,µg/m³,VOC,
60413,CENTENNIAL PARK _ETOBICOKE WEST_,"2,4-Dimethylhexane",2003-01-09T00:00,0.134,µg/m³,VOC,
60413,CENTENNIAL PARK _ETOBICOKE WEST_,"2,4-Dimethylhexane",2003-01-15T00:00,0.000,µg/m³,VOC,
60413,CENTENNIAL PARK _ETOBICOKE WEST_,"2,4-Dimethylhexane",2003-01-21T00:00,0.037,µg/m³,VOC,
60413,CENTENNIAL PARK _ETOBICOKE WEST_,"2,4-Dimethylhexane",2003-01-27T00:00,0.034,µg/m³,VOC,
60413,CENTENNIAL PARK _ETOBICOKE WEST_,"2,4-Dimethylhexane",2003-02-02T00:00,0.025,µg/m³,VOC,
60413,CENTENNIAL PARK _ETOBICOKE WEST_,"2,4-Dimethylhexane",2003-02-08T00:00,0.010,µg/m³,VOC,
60413,CENTENNIAL PARK _ETOBICOKE WEST_,"2,4-Dimethylhexane",2003-02-14T00:00,0.025,µg/m³,VOC,
60413,CENTENNIAL PARK _ETOBICOKE WEST_,"2,4-Dimethylhexane",2003-02-20T00:00,0.029,µg/m³,VOC,
60413,CENTENNIAL PARK _ETOBICOKE WEST_,"2,4-Dimethylhexane",2003-02-26T00:00,0.220,µg/m³,VOC,
60413,CENTENNIAL PARK _ETOBICOKE WEST_,"2,4-Dimethylhexane",2003-03-04T00:00,0.094,µg/m³,VOC,
60413,CENTENNIAL PARK _ETOBICOKE WEST_,"2,4-Dimethylhexane",2003-03-10T00:00,0.024,µg/m³,VOC,
60413,CENTENNIAL PARK _ETOBICOKE WEST_,"2,4-Dimethylhexane",2003-03-16T00:00,0.156,µg/m³,VOC,
60413,CENTENNIAL PARK _ETOBICOKE WEST_,"2,4-Dimethylhexane",2003-03-22T00:00,0.038,µg/m³,VOC,
60413,CENTENNIAL PARK _ETOBICOKE WEST_,"2,4-Dimethylhexane",2003-03-28T00:00,0.039,µg/m³,VOC,
60413,CENTENNIAL PARK _ETOBICOKE WEST_,"2,4-Dimethylhexane",2003-04-03T00:00,0.045,µg/m³,VOC,
60413,CENTENNIAL PARK _ETOBICOKE WEST_,"2,4-Dimethylhexane",2003-06-02T00:00,0.037,µg/m³,VOC,
60413,CENTENNIAL PARK _ETOBICOKE WEST_,"2,4-Dimethylhexane",2003-06-08T00:00,0.105,µg/m³,VOC,
60413,CENTENNIAL PARK _ETOBICOKE WEST_,"2,4-Dimethylhexane",2003-06-14T00:00,0.057,µg/m³,VOC,
60413,CENTENNIAL PARK _ETOBICOKE WEST_,"2,4-Dimethylhexane",2003-07-02T00:00,0.239,µg/m³,VOC,
60413,CENTENNIAL PARK _ETOBICOKE WEST_,"2,4-Dimethylhexane",2003-07-08T00:00,0.034,µg/m³,VOC,
60413,CENTENNIAL PARK _ETOBICOKE WEST_,"2,4-Dimethylhexane",2003-07-14T00:00,0.119,µg/m³,VOC,
60413,CENTENNIAL PARK _ETOBICOKE WEST_,"2,4-Dimethylhexane",2003-07-20T00:00,0.064,µg/m³,VOC,
60413,CENTENNIAL PARK _ETOBICOKE WEST_,"2,4-Dimethylhexane",2003-07-26T00:00,0.035,µg/m³,VOC,
60413,CENTENNIAL PARK _ETOBICOKE WEST_,"2,4-Dimethylhexane",2003-08-01T00:00,0.078,µg/m³,VOC,
60413,CENTENNIAL PARK _ETOBICOKE WEST_,"2,4-Dimethylhexane",2003-08-07T00:00,0.048,µg/m³,VOC,
60413,CENTENNIAL PARK _ETOBICOKE WEST_,"2,4-Dimethylhexane",2003-08-13T00:00,0.100,µg/m³,VOC,
60413,CENTENNIAL PARK _ETOBICOKE WEST_,"2,4-Dimethylhexane",2003-08-19T00:00,0.109,µg/m³,VOC,
60413,CENTENNIAL PARK _ETOBICOKE WEST_,"2,4-Dimethylhexane",2003-08-25T00:00,0.044,µg/m³,VOC,
60413,CENTENNIAL PARK _ETOBICOKE WEST_,"2,4-Dimethylhexane",2003-08-31T00:00,0.095,µg/m³,VOC,
60413,CENTENNIAL PARK _ETOBICOKE WEST_,"2,4-Dimethylhexane",2003-09-06T00:00,0.085,µg/m³,VOC,
60413,CENTENNIAL PARK _ETOBICOKE WEST_,"2,4-Dimethylhexane",2003-09-12T00:00,0.099,µg/m³,VOC,
60413,CENTENNIAL PARK _ETOBICOKE WEST_,"2,4-Dimethylhexane",2003-09-18T00:00,0.114,µg/m³,VOC,
60413,CENTENNIAL PARK _ETOBICOKE WEST_,"2,4-Dimethylhexane",2003-09-24T00:00,0.036,µg/m³,VOC,
60413,CENTENNIAL PARK _ETOBICOKE WEST_,"2,4-Dimethylhexane",2003-10-24T00:00,0.054,µg/m³,VOC,
60413,CENTENNIAL PARK _ETOBICOKE WEST_,"2,4-Dimethylhexane",2003-10-30T00:00,0.071,µg/m³,VOC,
60413,CENTENNIAL PARK _ETOBICOKE WEST_,"2,4-Dimethylhexane",2003-11-05T00:00,0.053,µg/m³,VOC,
