﻿NAPS_Site_ID,Station_Name,Pollutant,Date,Value,Units,Report_Type,Method
60418,JUNCTION TRIANGLE,Chrysene & Triphenylene,1991-01-12T00:00,0.001,µg/m³,PAH,N/A
60418,JUNCTION TRIANGLE,Chrysene & Triphenylene,1991-01-24T00:00,0.001,µg/m³,PAH,N/A
60418,JUNCTION TRIANGLE,Chrysene & Triphenylene,1991-02-05T00:00,0.001,µg/m³,PAH,N/A
60418,JUNCTION TRIANGLE,Chrysene & Triphenylene,1991-02-17T00:00,0.000,µg/m³,PAH,N/A
60418,JUNCTION TRIANGLE,Chrysene & Triphenylene,1991-03-01T00:00,0.001,µg/m³,PAH,N/A
60418,JUNCTION TRIANGLE,Chrysene & Triphenylene,1991-03-13T00:00,0.001,µg/m³,PAH,N/A
60418,JUNCTION TRIANGLE,Chrysene & Triphenylene,1991-03-25T00:00,0.000,µg/m³,PAH,N/A
60418,JUNCTION TRIANGLE,Chrysene & Triphenylene,1991-04-06T00:00,0.000,µg/m³,PAH,N/A
60418,JUNCTION TRIANGLE,Chrysene & Triphenylene,1991-04-18T00:00,0.000,µg/m³,PAH,N/A
60418,JUNCTION TRIANGLE,Chrysene & Triphenylene,1991-04-30T00:00,0.000,µg/m³,PAH,N/A
60418,JUNCTION TRIANGLE,Chrysene & Triphenylene,1991-05-12T00:00,0.000,µg/m³,PAH,N/A
60418,JUNCTION TRIANGLE,Chrysene & Triphenylene,1991-05-24T00:00,0.000,µg/m³,PAH,N/A
60418,JUNCTION TRIANGLE,Chrysene & Triphenylene,1991-06-05T00:00,0.000,µg/m³,PAH,N/A
60418,JUNCTION TRIANGLE,Chrysene & Triphenylene,1991-06-17T00:00,0.000,µg/m³,PAH,N/A
60418,JUNCTION TRIANGLE,Chrysene & Triphenylene,1991-06-28T00:00,0.000,µg/m³,PAH,N/A
60418,JUNCTION TRIANGLE,Chrysene & Triphenylene,1991-07-11T00:00,0.001,µg/m³,PAH,N/A
60418,JUNCTION TRIANGLE,Chrysene & Triphenylene,1991-07-23T00:00,0.000,µg/m³,PAH,N/A
60418,JUNCTION TRIANGLE,Chrysene & Triphenylene,1991-08-04T00:00,0.000,µg/m³,PAH,N/A
60418,JUNCTION TRIANGLE,Chrysene & Triphenylene,1991-08-16T00:00,0.001,µg/m³,PAH,N/A
60418,JUNCTION TRIANGLE,Chrysene & Triphenylene,1991-10-03T00:00,0.000,µg/m³,PAH,N/A
60418,JUNCTION TRIANGLE,Chrysene & Triphenylene,1991-10-15T00:00,0.001,µg/m³,PAH,N/A
60418,JUNCTION TRIANGLE,Chrysene & Triphenylene,1991-10-27T00:00,0.000,µg/m³,PAH,N/A
60418,JUNCTION TRIANGLE,Chrysene & Triphenylene,1991-11-08T00:00,0.001,µg/m³,PAH,N/A
60418,JUNCTION TRIANGLE,Chrysene & Triphenylene,1991-11-20T00:00,0.000,µg/m³,PAH,N/A
60418,JUNCTION TRIANGLE,Chrysene & Triphenylene,1991-12-14T00:00,0.001,µg/m³,PAH,N/A
60418,JUNCTION TRIANGLE,Chrysene & Triphenylene,1991-12-26T00:00,0.001,µg/m³,PAH,N/A
