﻿NAPS_Site_ID,Station_Name,Pollutant,Date,Value,Units,Report_Type,Method
31201,GRANTON,trans-2-Pentene,2008-01-01T00:00,0.071,µg/m³,VOC,GC-MS
31201,GRANTON,trans-2-Pentene,2008-01-07T00:00,0.025,µg/m³,VOC,GC-MS
31201,GRANTON,trans-2-Pentene,2008-01-13T00:00,0.021,µg/m³,VOC,GC-MS
31201,GRANTON,trans-2-Pentene,2008-01-19T00:00,0.057,µg/m³,VOC,GC-MS
31201,GRANTON,trans-2-Pentene,2008-01-25T00:00,0.015,µg/m³,VOC,GC-MS
31201,GRANTON,trans-2-Pentene,2008-01-31T00:00,0.006,µg/m³,VOC,GC-MS
31201,GRANTON,trans-2-Pentene,2008-02-06T00:00,0.059,µg/m³,VOC,GC-MS
31201,GRANTON,trans-2-Pentene,2008-02-12T00:00,0.141,µg/m³,VOC,GC-MS
31201,GRANTON,trans-2-Pentene,2008-02-18T00:00,0.009,µg/m³,VOC,GC-MS
31201,GRANTON,trans-2-Pentene,2008-02-24T00:00,0.044,µg/m³,VOC,GC-MS
31201,GRANTON,trans-2-Pentene,2008-03-01T00:00,0.225,µg/m³,VOC,GC-MS
31201,GRANTON,trans-2-Pentene,2008-03-07T00:00,0.020,µg/m³,VOC,GC-MS
31201,GRANTON,trans-2-Pentene,2008-03-13T00:00,0.005,µg/m³,VOC,GC-MS
31201,GRANTON,trans-2-Pentene,2008-03-19T00:00,0.197,µg/m³,VOC,GC-MS
31201,GRANTON,trans-2-Pentene,2008-03-31T00:00,0.022,µg/m³,VOC,GC-MS
31201,GRANTON,trans-2-Pentene,2008-04-06T00:00,0.073,µg/m³,VOC,GC-MS
31201,GRANTON,trans-2-Pentene,2008-04-12T00:00,0.780,µg/m³,VOC,GC-MS
31201,GRANTON,trans-2-Pentene,2008-04-18T00:00,0.134,µg/m³,VOC,GC-MS
31201,GRANTON,trans-2-Pentene,2008-04-24T00:00,0.302,µg/m³,VOC,GC-MS
31201,GRANTON,trans-2-Pentene,2008-04-30T00:00,0.027,µg/m³,VOC,GC-MS
31201,GRANTON,trans-2-Pentene,2008-05-06T00:00,0.744,µg/m³,VOC,GC-MS
31201,GRANTON,trans-2-Pentene,2008-05-12T00:00,0.109,µg/m³,VOC,GC-MS
31201,GRANTON,trans-2-Pentene,2008-05-18T00:00,0.277,µg/m³,VOC,GC-MS
31201,GRANTON,trans-2-Pentene,2008-05-24T00:00,0.176,µg/m³,VOC,GC-MS
31201,GRANTON,trans-2-Pentene,2008-05-30T00:00,0.015,µg/m³,VOC,GC-MS
31201,GRANTON,trans-2-Pentene,2008-06-05T00:00,0.093,µg/m³,VOC,GC-MS
31201,GRANTON,trans-2-Pentene,2008-06-11T00:00,0.125,µg/m³,VOC,GC-MS
31201,GRANTON,trans-2-Pentene,2008-06-17T00:00,0.685,µg/m³,VOC,GC-MS
31201,GRANTON,trans-2-Pentene,2008-06-23T00:00,0.958,µg/m³,VOC,GC-MS
31201,GRANTON,trans-2-Pentene,2008-06-29T00:00,0.343,µg/m³,VOC,GC-MS
31201,GRANTON,trans-2-Pentene,2008-07-05T00:00,0.056,µg/m³,VOC,GC-MS
31201,GRANTON,trans-2-Pentene,2008-07-11T00:00,0.085,µg/m³,VOC,GC-MS
31201,GRANTON,trans-2-Pentene,2008-07-17T00:00,0.023,µg/m³,VOC,GC-MS
31201,GRANTON,trans-2-Pentene,2008-07-23T00:00,0.140,µg/m³,VOC,GC-MS
31201,GRANTON,trans-2-Pentene,2008-08-04T00:00,0.087,µg/m³,VOC,GC-MS
31201,GRANTON,trans-2-Pentene,2008-08-10T00:00,0.036,µg/m³,VOC,GC-MS
31201,GRANTON,trans-2-Pentene,2008-08-16T00:00,0.153,µg/m³,VOC,GC-MS
31201,GRANTON,trans-2-Pentene,2008-08-22T00:00,0.033,µg/m³,VOC,GC-MS
31201,GRANTON,trans-2-Pentene,2008-08-28T00:00,0.182,µg/m³,VOC,GC-MS
31201,GRANTON,trans-2-Pentene,2008-09-03T00:00,0.254,µg/m³,VOC,GC-MS
31201,GRANTON,trans-2-Pentene,2008-09-15T00:00,0.052,µg/m³,VOC,GC-MS
31201,GRANTON,trans-2-Pentene,2008-09-21T00:00,0.056,µg/m³,VOC,GC-MS
31201,GRANTON,trans-2-Pentene,2008-09-27T00:00,0.025,µg/m³,VOC,GC-MS
31201,GRANTON,trans-2-Pentene,2008-10-03T00:00,0.009,µg/m³,VOC,GC-MS
31201,GRANTON,trans-2-Pentene,2008-10-15T00:00,0.082,µg/m³,VOC,GC-MS
31201,GRANTON,trans-2-Pentene,2008-10-21T00:00,0.069,µg/m³,VOC,GC-MS
31201,GRANTON,trans-2-Pentene,2008-11-02T00:00,0.032,µg/m³,VOC,GC-MS
31201,GRANTON,trans-2-Pentene,2008-11-08T00:00,0.028,µg/m³,VOC,GC-MS
31201,GRANTON,trans-2-Pentene,2008-11-14T00:00,0.011,µg/m³,VOC,GC-MS
