﻿NAPS_Site_ID,Station_Name,Pollutant,Date,Value,Units,Report_Type,Method
100121,SECOND NARROWS,"1,3-Dichlorobenzene",2008-10-21T00:00,0.002,µg/m³,VOC,N/A
100121,SECOND NARROWS,"1,3-Dichlorobenzene",2008-11-02T00:00,0.011,µg/m³,VOC,N/A
100121,SECOND NARROWS,"1,3-Dichlorobenzene",2008-11-08T00:00,0.002,µg/m³,VOC,N/A
100121,SECOND NARROWS,"1,3-Dichlorobenzene",2008-11-14T00:00,0.014,µg/m³,VOC,N/A
100121,SECOND NARROWS,"1,3-Dichlorobenzene",2008-11-20T00:00,0.006,µg/m³,VOC,N/A
100121,SECOND NARROWS,"1,3-Dichlorobenzene",2008-11-26T00:00,0.004,µg/m³,VOC,N/A
100121,SECOND NARROWS,"1,3-Dichlorobenzene",2008-12-02T00:00,0.003,µg/m³,VOC,N/A
100121,SECOND NARROWS,"1,3-Dichlorobenzene",2008-12-08T00:00,0.009,µg/m³,VOC,N/A
100121,SECOND NARROWS,"1,3-Dichlorobenzene",2008-12-14T00:00,0.002,µg/m³,VOC,N/A
100121,SECOND NARROWS,"1,3-Dichlorobenzene",2008-12-20T00:00,0.002,µg/m³,VOC,N/A
100121,SECOND NARROWS,"1,3-Dichlorobenzene",2008-12-26T00:00,0.010,µg/m³,VOC,N/A
