﻿NAPS_Site_ID,Station_Name,Pollutant,Date,Value,Units,Report_Type,Method
70119,ELLEN,"1,3-Butadiene",2007-01-12T00:00,0.163,µg/m³,VOC,GC-MS
70119,ELLEN,"1,3-Butadiene",2007-01-18T00:00,0.076,µg/m³,VOC,GC-MS
70119,ELLEN,"1,3-Butadiene",2007-01-24T00:00,0.080,µg/m³,VOC,GC-MS
70119,ELLEN,"1,3-Butadiene",2007-01-30T00:00,0.143,µg/m³,VOC,GC-MS
70119,ELLEN,"1,3-Butadiene",2007-02-05T00:00,0.291,µg/m³,VOC,GC-MS
70119,ELLEN,"1,3-Butadiene",2007-02-11T00:00,0.102,µg/m³,VOC,GC-MS
70119,ELLEN,"1,3-Butadiene",2007-02-17T00:00,0.059,µg/m³,VOC,GC-MS
70119,ELLEN,"1,3-Butadiene",2007-02-23T00:00,0.067,µg/m³,VOC,GC-MS
70119,ELLEN,"1,3-Butadiene",2007-03-01T00:00,0.068,µg/m³,VOC,GC-MS
70119,ELLEN,"1,3-Butadiene",2007-03-07T00:00,0.100,µg/m³,VOC,GC-MS
70119,ELLEN,"1,3-Butadiene",2007-03-13T00:00,0.050,µg/m³,VOC,GC-MS
70119,ELLEN,"1,3-Butadiene",2007-03-19T00:00,0.059,µg/m³,VOC,GC-MS
70119,ELLEN,"1,3-Butadiene",2007-03-25T00:00,0.063,µg/m³,VOC,GC-MS
70119,ELLEN,"1,3-Butadiene",2007-03-31T00:00,0.051,µg/m³,VOC,GC-MS
70119,ELLEN,"1,3-Butadiene",2007-04-06T00:00,0.025,µg/m³,VOC,GC-MS
70119,ELLEN,"1,3-Butadiene",2007-04-12T00:00,0.094,µg/m³,VOC,GC-MS
70119,ELLEN,"1,3-Butadiene",2007-04-18T00:00,0.077,µg/m³,VOC,GC-MS
70119,ELLEN,"1,3-Butadiene",2007-04-24T00:00,0.059,µg/m³,VOC,GC-MS
70119,ELLEN,"1,3-Butadiene",2007-04-30T00:00,0.093,µg/m³,VOC,GC-MS
70119,ELLEN,"1,3-Butadiene",2007-05-06T00:00,0.052,µg/m³,VOC,GC-MS
70119,ELLEN,"1,3-Butadiene",2007-05-12T00:00,0.078,µg/m³,VOC,GC-MS
70119,ELLEN,"1,3-Butadiene",2007-05-18T00:00,0.044,µg/m³,VOC,GC-MS
70119,ELLEN,"1,3-Butadiene",2007-05-24T00:00,0.041,µg/m³,VOC,GC-MS
70119,ELLEN,"1,3-Butadiene",2007-05-30T00:00,0.046,µg/m³,VOC,GC-MS
70119,ELLEN,"1,3-Butadiene",2007-06-05T00:00,0.052,µg/m³,VOC,GC-MS
70119,ELLEN,"1,3-Butadiene",2007-06-11T00:00,0.073,µg/m³,VOC,GC-MS
70119,ELLEN,"1,3-Butadiene",2007-06-17T00:00,0.040,µg/m³,VOC,GC-MS
70119,ELLEN,"1,3-Butadiene",2007-06-23T00:00,0.048,µg/m³,VOC,GC-MS
70119,ELLEN,"1,3-Butadiene",2007-06-29T00:00,0.078,µg/m³,VOC,GC-MS
70119,ELLEN,"1,3-Butadiene",2007-07-05T00:00,0.052,µg/m³,VOC,GC-MS
70119,ELLEN,"1,3-Butadiene",2007-07-11T00:00,0.039,µg/m³,VOC,GC-MS
70119,ELLEN,"1,3-Butadiene",2007-07-17T00:00,0.163,µg/m³,VOC,GC-MS
70119,ELLEN,"1,3-Butadiene",2007-07-23T00:00,0.085,µg/m³,VOC,GC-MS
70119,ELLEN,"1,3-Butadiene",2007-07-29T00:00,0.065,µg/m³,VOC,GC-MS
70119,ELLEN,"1,3-Butadiene",2007-08-04T00:00,0.061,µg/m³,VOC,GC-MS
70119,ELLEN,"1,3-Butadiene",2007-08-10T00:00,0.078,µg/m³,VOC,GC-MS
70119,ELLEN,"1,3-Butadiene",2007-08-16T00:00,0.055,µg/m³,VOC,GC-MS
70119,ELLEN,"1,3-Butadiene",2007-08-28T00:00,0.083,µg/m³,VOC,GC-MS
70119,ELLEN,"1,3-Butadiene",2007-09-03T00:00,0.047,µg/m³,VOC,GC-MS
70119,ELLEN,"1,3-Butadiene",2007-09-09T00:00,0.073,µg/m³,VOC,GC-MS
70119,ELLEN,"1,3-Butadiene",2007-09-15T00:00,0.274,µg/m³,VOC,GC-MS
70119,ELLEN,"1,3-Butadiene",2007-09-21T00:00,0.079,µg/m³,VOC,GC-MS
70119,ELLEN,"1,3-Butadiene",2007-09-27T00:00,0.123,µg/m³,VOC,GC-MS
70119,ELLEN,"1,3-Butadiene",2007-10-03T00:00,0.097,µg/m³,VOC,GC-MS
70119,ELLEN,"1,3-Butadiene",2007-10-09T00:00,0.031,µg/m³,VOC,GC-MS
70119,ELLEN,"1,3-Butadiene",2007-10-15T00:00,0.192,µg/m³,VOC,GC-MS
70119,ELLEN,"1,3-Butadiene",2007-10-21T00:00,0.104,µg/m³,VOC,GC-MS
70119,ELLEN,"1,3-Butadiene",2007-10-27T00:00,0.099,µg/m³,VOC,GC-MS
70119,ELLEN,"1,3-Butadiene",2007-11-02T00:00,0.115,µg/m³,VOC,GC-MS
70119,ELLEN,"1,3-Butadiene",2007-11-08T00:00,0.146,µg/m³,VOC,GC-MS
70119,ELLEN,"1,3-Butadiene",2007-11-14T00:00,0.049,µg/m³,VOC,GC-MS
70119,ELLEN,"1,3-Butadiene",2007-11-20T00:00,0.080,µg/m³,VOC,GC-MS
70119,ELLEN,"1,3-Butadiene",2007-11-26T00:00,0.109,µg/m³,VOC,GC-MS
70119,ELLEN,"1,3-Butadiene",2007-12-02T00:00,0.111,µg/m³,VOC,GC-MS
70119,ELLEN,"1,3-Butadiene",2007-12-08T00:00,0.135,µg/m³,VOC,GC-MS
70119,ELLEN,"1,3-Butadiene",2007-12-14T00:00,0.177,µg/m³,VOC,GC-MS
70119,ELLEN,"1,3-Butadiene",2007-12-20T00:00,0.083,µg/m³,VOC,GC-MS
70119,ELLEN,"1,3-Butadiene",2007-12-26T00:00,0.089,µg/m³,VOC,GC-MS
70119,ELLEN,"1,3-Butadiene",2007-12-26T00:00,0.093,µg/m³,VOC,GC-MS
