﻿NAPS_Site_ID,Station_Name,Pollutant,Date,Value,Units,Report_Type,Method
60211,WINDSOR WEST,PM2.5,2015-01-03T00:00,12.157,µg/m³,PM2.5,Microbalance
60211,WINDSOR WEST,PM2.5,2015-01-03T00:00,12.222,µg/m³,PM2.5,Microbalance
60211,WINDSOR WEST,PM2.5,2015-01-06T00:00,9.446,µg/m³,PM2.5,Microbalance
60211,WINDSOR WEST,PM2.5,2015-01-06T00:00,10.787,µg/m³,PM2.5,Microbalance
60211,WINDSOR WEST,PM2.5,2015-01-09T00:00,8.958,µg/m³,PM2.5,Microbalance
60211,WINDSOR WEST,PM2.5,2015-01-09T00:00,9.815,µg/m³,PM2.5,Microbalance
60211,WINDSOR WEST,PM2.5,2015-01-12T00:00,12.269,µg/m³,PM2.5,Microbalance
60211,WINDSOR WEST,PM2.5,2015-01-15T00:00,29.990,µg/m³,PM2.5,Microbalance
60211,WINDSOR WEST,PM2.5,2015-01-15T00:00,30.474,µg/m³,PM2.5,Microbalance
60211,WINDSOR WEST,PM2.5,2015-01-18T00:00,8.981,µg/m³,PM2.5,Microbalance
60211,WINDSOR WEST,PM2.5,2015-01-18T00:00,9.999,µg/m³,PM2.5,Microbalance
60211,WINDSOR WEST,PM2.5,2015-01-21T00:00,17.275,µg/m³,PM2.5,Microbalance
60211,WINDSOR WEST,PM2.5,2015-01-21T00:00,21.713,µg/m³,PM2.5,Microbalance
60211,WINDSOR WEST,PM2.5,2015-01-24T00:00,16.481,µg/m³,PM2.5,Microbalance
60211,WINDSOR WEST,PM2.5,2015-01-24T00:00,22.285,µg/m³,PM2.5,Microbalance
60211,WINDSOR WEST,PM2.5,2015-01-30T00:00,3.102,µg/m³,PM2.5,Microbalance
60211,WINDSOR WEST,PM2.5,2015-01-30T00:00,4.653,µg/m³,PM2.5,Microbalance
60211,WINDSOR WEST,PM2.5,2015-02-02T00:00,2.012,µg/m³,PM2.5,Microbalance
60211,WINDSOR WEST,PM2.5,2015-02-02T00:00,4.444,µg/m³,PM2.5,Microbalance
60211,WINDSOR WEST,PM2.5,2015-02-05T00:00,10.278,µg/m³,PM2.5,Microbalance
60211,WINDSOR WEST,PM2.5,2015-02-08T00:00,16.204,µg/m³,PM2.5,Microbalance
60211,WINDSOR WEST,PM2.5,2015-02-08T00:00,17.087,µg/m³,PM2.5,Microbalance
60211,WINDSOR WEST,PM2.5,2015-02-11T00:00,19.306,µg/m³,PM2.5,Microbalance
60211,WINDSOR WEST,PM2.5,2015-02-11T00:00,20.072,µg/m³,PM2.5,Microbalance
60211,WINDSOR WEST,PM2.5,2015-02-14T00:00,8.287,µg/m³,PM2.5,Microbalance
60211,WINDSOR WEST,PM2.5,2015-02-14T00:00,9.724,µg/m³,PM2.5,Microbalance
60211,WINDSOR WEST,PM2.5,2015-02-17T00:00,18.472,µg/m³,PM2.5,Microbalance
60211,WINDSOR WEST,PM2.5,2015-02-17T00:00,18.981,µg/m³,PM2.5,Microbalance
60211,WINDSOR WEST,PM2.5,2015-02-20T00:00,11.065,µg/m³,PM2.5,Microbalance
60211,WINDSOR WEST,PM2.5,2015-02-23T00:00,8.426,µg/m³,PM2.5,Microbalance
60211,WINDSOR WEST,PM2.5,2015-02-23T00:00,10.760,µg/m³,PM2.5,Microbalance
60211,WINDSOR WEST,PM2.5,2015-02-26T00:00,7.152,µg/m³,PM2.5,Microbalance
60211,WINDSOR WEST,PM2.5,2015-02-26T00:00,7.778,µg/m³,PM2.5,Microbalance
60211,WINDSOR WEST,PM2.5,2015-03-01T00:00,22.870,µg/m³,PM2.5,Microbalance
60211,WINDSOR WEST,PM2.5,2015-03-01T00:00,24.948,µg/m³,PM2.5,Microbalance
60211,WINDSOR WEST,PM2.5,2015-03-04T00:00,11.040,µg/m³,PM2.5,Microbalance
60211,WINDSOR WEST,PM2.5,2015-03-07T00:00,22.360,µg/m³,PM2.5,Microbalance
60211,WINDSOR WEST,PM2.5,2015-03-10T00:00,33.611,µg/m³,PM2.5,Microbalance
60211,WINDSOR WEST,PM2.5,2015-03-10T00:00,37.788,µg/m³,PM2.5,Microbalance
60211,WINDSOR WEST,PM2.5,2015-03-13T00:00,9.366,µg/m³,PM2.5,Microbalance
60211,WINDSOR WEST,PM2.5,2015-03-16T00:00,11.898,µg/m³,PM2.5,Microbalance
60211,WINDSOR WEST,PM2.5,2015-03-16T00:00,13.192,µg/m³,PM2.5,Microbalance
60211,WINDSOR WEST,PM2.5,2015-03-19T00:00,4.511,µg/m³,PM2.5,Microbalance
60211,WINDSOR WEST,PM2.5,2015-03-25T00:00,14.815,µg/m³,PM2.5,Microbalance
60211,WINDSOR WEST,PM2.5,2015-03-25T00:00,15.412,µg/m³,PM2.5,Microbalance
60211,WINDSOR WEST,PM2.5,2015-03-28T00:00,4.815,µg/m³,PM2.5,Microbalance
60211,WINDSOR WEST,PM2.5,2015-03-28T00:00,5.208,µg/m³,PM2.5,Microbalance
60211,WINDSOR WEST,PM2.5,2015-03-31T00:00,6.530,µg/m³,PM2.5,Microbalance
60211,WINDSOR WEST,PM2.5,2015-04-03T00:00,8.332,µg/m³,PM2.5,Microbalance
60211,WINDSOR WEST,PM2.5,2015-04-06T00:00,10.417,µg/m³,PM2.5,Microbalance
60211,WINDSOR WEST,PM2.5,2015-04-06T00:00,13.054,µg/m³,PM2.5,Microbalance
60211,WINDSOR WEST,PM2.5,2015-04-09T00:00,7.315,µg/m³,PM2.5,Microbalance
60211,WINDSOR WEST,PM2.5,2015-04-09T00:00,8.326,µg/m³,PM2.5,Microbalance
60211,WINDSOR WEST,PM2.5,2015-04-15T00:00,5.833,µg/m³,PM2.5,Microbalance
60211,WINDSOR WEST,PM2.5,2015-04-15T00:00,6.249,µg/m³,PM2.5,Microbalance
60211,WINDSOR WEST,PM2.5,2015-04-18T00:00,9.861,µg/m³,PM2.5,Microbalance
60211,WINDSOR WEST,PM2.5,2015-04-18T00:00,11.032,µg/m³,PM2.5,Microbalance
60211,WINDSOR WEST,PM2.5,2015-04-21T00:00,7.217,µg/m³,PM2.5,Microbalance
60211,WINDSOR WEST,PM2.5,2015-04-24T00:00,7.500,µg/m³,PM2.5,Microbalance
60211,WINDSOR WEST,PM2.5,2015-04-24T00:00,9.022,µg/m³,PM2.5,Microbalance
60211,WINDSOR WEST,PM2.5,2015-04-27T00:00,4.792,µg/m³,PM2.5,Microbalance
60211,WINDSOR WEST,PM2.5,2015-07-23T00:00,9.861,µg/m³,PM2.5,Microbalance
60211,WINDSOR WEST,PM2.5,2015-07-29T00:00,13.555,µg/m³,PM2.5,Microbalance
60211,WINDSOR WEST,PM2.5,2015-07-29T00:00,14.989,µg/m³,PM2.5,Microbalance
60211,WINDSOR WEST,PM2.5,2015-08-01T00:00,5.968,µg/m³,PM2.5,Microbalance
60211,WINDSOR WEST,PM2.5,2015-08-04T00:00,7.500,µg/m³,PM2.5,Microbalance
60211,WINDSOR WEST,PM2.5,2015-08-04T00:00,7.697,µg/m³,PM2.5,Microbalance
60211,WINDSOR WEST,PM2.5,2015-08-07T00:00,7.491,µg/m³,PM2.5,Microbalance
60211,WINDSOR WEST,PM2.5,2015-08-10T00:00,10.231,µg/m³,PM2.5,Microbalance
60211,WINDSOR WEST,PM2.5,2015-08-10T00:00,11.718,µg/m³,PM2.5,Microbalance
60211,WINDSOR WEST,PM2.5,2015-08-13T00:00,6.517,µg/m³,PM2.5,Microbalance
60211,WINDSOR WEST,PM2.5,2015-08-16T00:00,10.000,µg/m³,PM2.5,Microbalance
60211,WINDSOR WEST,PM2.5,2015-08-16T00:00,11.165,µg/m³,PM2.5,Microbalance
60211,WINDSOR WEST,PM2.5,2015-08-19T00:00,11.861,µg/m³,PM2.5,Microbalance
60211,WINDSOR WEST,PM2.5,2015-08-22T00:00,7.870,µg/m³,PM2.5,Microbalance
60211,WINDSOR WEST,PM2.5,2015-08-22T00:00,8.667,µg/m³,PM2.5,Microbalance
60211,WINDSOR WEST,PM2.5,2015-08-28T00:00,9.583,µg/m³,PM2.5,Microbalance
60211,WINDSOR WEST,PM2.5,2015-09-03T00:00,17.071,µg/m³,PM2.5,Microbalance
60211,WINDSOR WEST,PM2.5,2015-09-06T00:00,14.537,µg/m³,PM2.5,Microbalance
60211,WINDSOR WEST,PM2.5,2015-09-06T00:00,15.891,µg/m³,PM2.5,Microbalance
60211,WINDSOR WEST,PM2.5,2015-09-09T00:00,5.556,µg/m³,PM2.5,Microbalance
60211,WINDSOR WEST,PM2.5,2015-09-09T00:00,6.519,µg/m³,PM2.5,Microbalance
60211,WINDSOR WEST,PM2.5,2015-09-12T00:00,2.546,µg/m³,PM2.5,Microbalance
60211,WINDSOR WEST,PM2.5,2015-09-12T00:00,3.331,µg/m³,PM2.5,Microbalance
60211,WINDSOR WEST,PM2.5,2015-09-15T00:00,9.213,µg/m³,PM2.5,Microbalance
60211,WINDSOR WEST,PM2.5,2015-09-15T00:00,10.469,µg/m³,PM2.5,Microbalance
60211,WINDSOR WEST,PM2.5,2015-09-18T00:00,11.806,µg/m³,PM2.5,Microbalance
60211,WINDSOR WEST,PM2.5,2015-09-18T00:00,14.424,µg/m³,PM2.5,Microbalance
60211,WINDSOR WEST,PM2.5,2015-09-21T00:00,3.981,µg/m³,PM2.5,Microbalance
60211,WINDSOR WEST,PM2.5,2015-09-21T00:00,6.450,µg/m³,PM2.5,Microbalance
60211,WINDSOR WEST,PM2.5,2015-09-24T00:00,10.185,µg/m³,PM2.5,Microbalance
60211,WINDSOR WEST,PM2.5,2015-09-24T00:00,13.386,µg/m³,PM2.5,Microbalance
60211,WINDSOR WEST,PM2.5,2015-09-27T00:00,5.556,µg/m³,PM2.5,Microbalance
60211,WINDSOR WEST,PM2.5,2015-09-27T00:00,7.421,µg/m³,PM2.5,Microbalance
60211,WINDSOR WEST,PM2.5,2015-09-30T00:00,2.731,µg/m³,PM2.5,Microbalance
60211,WINDSOR WEST,PM2.5,2015-09-30T00:00,2.983,µg/m³,PM2.5,Microbalance
60211,WINDSOR WEST,PM2.5,2015-10-03T00:00,1.574,µg/m³,PM2.5,Microbalance
60211,WINDSOR WEST,PM2.5,2015-10-03T00:00,3.125,µg/m³,PM2.5,Microbalance
60211,WINDSOR WEST,PM2.5,2015-10-06T00:00,12.361,µg/m³,PM2.5,Microbalance
60211,WINDSOR WEST,PM2.5,2015-10-06T00:00,13.453,µg/m³,PM2.5,Microbalance
60211,WINDSOR WEST,PM2.5,2015-10-09T00:00,5.602,µg/m³,PM2.5,Microbalance
60211,WINDSOR WEST,PM2.5,2015-10-15T00:00,8.843,µg/m³,PM2.5,Microbalance
60211,WINDSOR WEST,PM2.5,2015-10-15T00:00,9.440,µg/m³,PM2.5,Microbalance
60211,WINDSOR WEST,PM2.5,2015-10-18T00:00,3.333,µg/m³,PM2.5,Microbalance
60211,WINDSOR WEST,PM2.5,2015-10-18T00:00,5.000,µg/m³,PM2.5,Microbalance
60211,WINDSOR WEST,PM2.5,2015-10-21T00:00,11.759,µg/m³,PM2.5,Microbalance
60211,WINDSOR WEST,PM2.5,2015-10-21T00:00,14.216,µg/m³,PM2.5,Microbalance
60211,WINDSOR WEST,PM2.5,2015-10-24T00:00,6.157,µg/m³,PM2.5,Microbalance
60211,WINDSOR WEST,PM2.5,2015-10-24T00:00,7.979,µg/m³,PM2.5,Microbalance
60211,WINDSOR WEST,PM2.5,2015-10-27T00:00,3.935,µg/m³,PM2.5,Microbalance
60211,WINDSOR WEST,PM2.5,2015-10-27T00:00,5.414,µg/m³,PM2.5,Microbalance
60211,WINDSOR WEST,PM2.5,2015-10-30T00:00,6.065,µg/m³,PM2.5,Microbalance
60211,WINDSOR WEST,PM2.5,2015-10-30T00:00,7.986,µg/m³,PM2.5,Microbalance
60211,WINDSOR WEST,PM2.5,2015-11-02T00:00,7.037,µg/m³,PM2.5,Microbalance
60211,WINDSOR WEST,PM2.5,2015-11-02T00:00,9.090,µg/m³,PM2.5,Microbalance
60211,WINDSOR WEST,PM2.5,2015-11-05T00:00,7.559,µg/m³,PM2.5,Microbalance
60211,WINDSOR WEST,PM2.5,2015-11-05T00:00,8.704,µg/m³,PM2.5,Microbalance
60211,WINDSOR WEST,PM2.5,2015-11-08T00:00,8.565,µg/m³,PM2.5,Microbalance
60211,WINDSOR WEST,PM2.5,2015-11-08T00:00,10.553,µg/m³,PM2.5,Microbalance
60211,WINDSOR WEST,PM2.5,2015-11-11T00:00,19.994,µg/m³,PM2.5,Microbalance
60211,WINDSOR WEST,PM2.5,2015-11-14T00:00,3.426,µg/m³,PM2.5,Microbalance
60211,WINDSOR WEST,PM2.5,2015-11-14T00:00,4.857,µg/m³,PM2.5,Microbalance
60211,WINDSOR WEST,PM2.5,2015-11-17T00:00,7.500,µg/m³,PM2.5,Microbalance
60211,WINDSOR WEST,PM2.5,2015-11-17T00:00,8.676,µg/m³,PM2.5,Microbalance
60211,WINDSOR WEST,PM2.5,2015-11-20T00:00,5.139,µg/m³,PM2.5,Microbalance
60211,WINDSOR WEST,PM2.5,2015-11-20T00:00,5.763,µg/m³,PM2.5,Microbalance
60211,WINDSOR WEST,PM2.5,2015-11-23T00:00,7.583,µg/m³,PM2.5,Microbalance
60211,WINDSOR WEST,PM2.5,2015-11-26T00:00,5.139,µg/m³,PM2.5,Microbalance
60211,WINDSOR WEST,PM2.5,2015-11-26T00:00,6.172,µg/m³,PM2.5,Microbalance
60211,WINDSOR WEST,PM2.5,2015-11-29T00:00,7.593,µg/m³,PM2.5,Microbalance
60211,WINDSOR WEST,PM2.5,2015-11-29T00:00,9.022,µg/m³,PM2.5,Microbalance
60211,WINDSOR WEST,PM2.5,2015-12-02T00:00,6.528,µg/m³,PM2.5,Microbalance
60211,WINDSOR WEST,PM2.5,2015-12-02T00:00,9.717,µg/m³,PM2.5,Microbalance
60211,WINDSOR WEST,PM2.5,2015-12-05T00:00,8.746,µg/m³,PM2.5,Microbalance
60211,WINDSOR WEST,PM2.5,2015-12-05T00:00,9.861,µg/m³,PM2.5,Microbalance
60211,WINDSOR WEST,PM2.5,2015-12-08T00:00,17.176,µg/m³,PM2.5,Microbalance
60211,WINDSOR WEST,PM2.5,2015-12-08T00:00,20.337,µg/m³,PM2.5,Microbalance
60211,WINDSOR WEST,PM2.5,2015-12-11T00:00,9.120,µg/m³,PM2.5,Microbalance
60211,WINDSOR WEST,PM2.5,2015-12-11T00:00,9.854,µg/m³,PM2.5,Microbalance
60211,WINDSOR WEST,PM2.5,2015-12-14T00:00,5.185,µg/m³,PM2.5,Microbalance
60211,WINDSOR WEST,PM2.5,2015-12-14T00:00,10.199,µg/m³,PM2.5,Microbalance
60211,WINDSOR WEST,PM2.5,2015-12-17T00:00,5.278,µg/m³,PM2.5,Microbalance
60211,WINDSOR WEST,PM2.5,2015-12-17T00:00,5.902,µg/m³,PM2.5,Microbalance
60211,WINDSOR WEST,PM2.5,2015-12-20T00:00,2.776,µg/m³,PM2.5,Microbalance
60211,WINDSOR WEST,PM2.5,2015-12-20T00:00,5.463,µg/m³,PM2.5,Microbalance
60211,WINDSOR WEST,PM2.5,2015-12-23T00:00,4.306,µg/m³,PM2.5,Microbalance
60211,WINDSOR WEST,PM2.5,2015-12-23T00:00,4.791,µg/m³,PM2.5,Microbalance
60211,WINDSOR WEST,PM2.5,2015-12-26T00:00,3.750,µg/m³,PM2.5,Microbalance
60211,WINDSOR WEST,PM2.5,2015-12-26T00:00,4.164,µg/m³,PM2.5,Microbalance
60211,WINDSOR WEST,PM2.5,2015-12-29T00:00,4.074,µg/m³,PM2.5,Microbalance
