﻿NAPS_Site_ID,Station_Name,Pollutant,Date,Value,Units,Report_Type,Method
100134,VANCOUVER INTL. AIRPORT,Carbontetrachloride,2002-01-02T00:00,0.620,µg/m³,VOC,
100134,VANCOUVER INTL. AIRPORT,Carbontetrachloride,2002-01-20T00:00,0.590,µg/m³,VOC,
100134,VANCOUVER INTL. AIRPORT,Carbontetrachloride,2002-02-07T00:00,0.700,µg/m³,VOC,
100134,VANCOUVER INTL. AIRPORT,Carbontetrachloride,2002-03-03T00:00,0.620,µg/m³,VOC,
100134,VANCOUVER INTL. AIRPORT,Carbontetrachloride,2002-03-21T00:00,0.800,µg/m³,VOC,
100134,VANCOUVER INTL. AIRPORT,Carbontetrachloride,2002-04-08T00:00,0.666,µg/m³,VOC,
100134,VANCOUVER INTL. AIRPORT,Carbontetrachloride,2002-04-26T00:00,0.678,µg/m³,VOC,
100134,VANCOUVER INTL. AIRPORT,Carbontetrachloride,2002-05-14T00:00,0.626,µg/m³,VOC,
100134,VANCOUVER INTL. AIRPORT,Carbontetrachloride,2002-06-01T00:00,0.691,µg/m³,VOC,
100134,VANCOUVER INTL. AIRPORT,Carbontetrachloride,2002-06-19T00:00,0.692,µg/m³,VOC,
100134,VANCOUVER INTL. AIRPORT,Carbontetrachloride,2002-07-07T00:00,0.678,µg/m³,VOC,
100134,VANCOUVER INTL. AIRPORT,Carbontetrachloride,2002-07-25T00:00,0.782,µg/m³,VOC,
100134,VANCOUVER INTL. AIRPORT,Carbontetrachloride,2002-08-12T00:00,0.636,µg/m³,VOC,
100134,VANCOUVER INTL. AIRPORT,Carbontetrachloride,2002-09-05T00:00,0.637,µg/m³,VOC,
100134,VANCOUVER INTL. AIRPORT,Carbontetrachloride,2002-09-23T00:00,0.618,µg/m³,VOC,
100134,VANCOUVER INTL. AIRPORT,Carbontetrachloride,2002-10-11T00:00,0.714,µg/m³,VOC,
100134,VANCOUVER INTL. AIRPORT,Carbontetrachloride,2002-10-29T00:00,0.708,µg/m³,VOC,
100134,VANCOUVER INTL. AIRPORT,Carbontetrachloride,2002-11-16T00:00,0.874,µg/m³,VOC,
100134,VANCOUVER INTL. AIRPORT,Carbontetrachloride,2002-12-22T00:00,0.618,µg/m³,VOC,
