﻿NAPS_Site_ID,Station_Name,Pollutant,Date,Value,Units,Report_Type,Method
50902,SAGUENAY-PARC POWELL,H7CDD,1997-01-04T00:00,0.790,pg/m³,PCDD,GC-MS
50902,SAGUENAY-PARC POWELL,H7CDD,1997-01-28T00:00,0.487,pg/m³,PCDD,GC-MS
50902,SAGUENAY-PARC POWELL,H7CDD,1997-02-21T00:00,0.255,pg/m³,PCDD,GC-MS
50902,SAGUENAY-PARC POWELL,H7CDD,1997-05-04T00:00,0.083,pg/m³,PCDD,GC-MS
50902,SAGUENAY-PARC POWELL,H7CDD,1997-06-09T00:00,1.021,pg/m³,PCDD,GC-MS
50902,SAGUENAY-PARC POWELL,H7CDD,1997-07-15T00:00,0.472,pg/m³,PCDD,GC-MS
50902,SAGUENAY-PARC POWELL,H7CDD,1997-09-01T00:00,0.676,pg/m³,PCDD,GC-MS
50902,SAGUENAY-PARC POWELL,H7CDD,1997-09-25T00:00,0.143,pg/m³,PCDD,GC-MS
50902,SAGUENAY-PARC POWELL,H7CDD,1997-10-19T00:00,0.457,pg/m³,PCDD,GC-MS
50902,SAGUENAY-PARC POWELL,H7CDD,1997-11-12T00:00,0.348,pg/m³,PCDD,GC-MS
50902,SAGUENAY-PARC POWELL,H7CDD,1997-12-06T00:00,0.296,pg/m³,PCDD,GC-MS
50902,SAGUENAY-PARC POWELL,H7CDD,1997-12-30T00:00,0.216,pg/m³,PCDD,GC-MS
