﻿NAPS_Site_ID,Station_Name,Pollutant,Date,Value,Units,Report_Type,Method
40208,CHAMPLAIN HEIGHTS SCHOOL,Freon 113,2004-01-22T00:00,0.665,µg/m³,VOC,GC-MS
40208,CHAMPLAIN HEIGHTS SCHOOL,Freon 113,2004-01-28T00:00,0.616,µg/m³,VOC,GC-MS
40208,CHAMPLAIN HEIGHTS SCHOOL,Freon 113,2004-02-03T00:00,0.599,µg/m³,VOC,GC-MS
40208,CHAMPLAIN HEIGHTS SCHOOL,Freon 113,2004-02-09T00:00,0.594,µg/m³,VOC,GC-MS
40208,CHAMPLAIN HEIGHTS SCHOOL,Freon 113,2004-02-21T00:00,0.606,µg/m³,VOC,GC-MS
40208,CHAMPLAIN HEIGHTS SCHOOL,Freon 113,2004-02-27T00:00,0.659,µg/m³,VOC,GC-MS
40208,CHAMPLAIN HEIGHTS SCHOOL,Freon 113,2004-03-04T00:00,0.669,µg/m³,VOC,GC-MS
40208,CHAMPLAIN HEIGHTS SCHOOL,Freon 113,2004-03-10T00:00,0.625,µg/m³,VOC,GC-MS
40208,CHAMPLAIN HEIGHTS SCHOOL,Freon 113,2004-03-16T00:00,0.640,µg/m³,VOC,GC-MS
40208,CHAMPLAIN HEIGHTS SCHOOL,Freon 113,2004-03-22T00:00,0.567,µg/m³,VOC,GC-MS
40208,CHAMPLAIN HEIGHTS SCHOOL,Freon 113,2004-03-28T00:00,0.559,µg/m³,VOC,GC-MS
40208,CHAMPLAIN HEIGHTS SCHOOL,Freon 113,2004-04-03T00:00,0.585,µg/m³,VOC,GC-MS
40208,CHAMPLAIN HEIGHTS SCHOOL,Freon 113,2004-04-09T00:00,0.589,µg/m³,VOC,GC-MS
40208,CHAMPLAIN HEIGHTS SCHOOL,Freon 113,2004-04-15T00:00,0.615,µg/m³,VOC,GC-MS
40208,CHAMPLAIN HEIGHTS SCHOOL,Freon 113,2004-04-21T00:00,0.598,µg/m³,VOC,GC-MS
40208,CHAMPLAIN HEIGHTS SCHOOL,Freon 113,2004-04-27T00:00,0.616,µg/m³,VOC,GC-MS
40208,CHAMPLAIN HEIGHTS SCHOOL,Freon 113,2004-05-03T00:00,0.617,µg/m³,VOC,GC-MS
40208,CHAMPLAIN HEIGHTS SCHOOL,Freon 113,2004-05-09T00:00,0.572,µg/m³,VOC,GC-MS
40208,CHAMPLAIN HEIGHTS SCHOOL,Freon 113,2004-05-15T00:00,0.580,µg/m³,VOC,GC-MS
40208,CHAMPLAIN HEIGHTS SCHOOL,Freon 113,2004-05-21T00:00,0.584,µg/m³,VOC,GC-MS
40208,CHAMPLAIN HEIGHTS SCHOOL,Freon 113,2004-05-27T00:00,0.585,µg/m³,VOC,GC-MS
40208,CHAMPLAIN HEIGHTS SCHOOL,Freon 113,2004-06-02T00:00,0.523,µg/m³,VOC,GC-MS
40208,CHAMPLAIN HEIGHTS SCHOOL,Freon 113,2004-06-08T00:00,0.573,µg/m³,VOC,GC-MS
40208,CHAMPLAIN HEIGHTS SCHOOL,Freon 113,2004-06-14T00:00,0.566,µg/m³,VOC,GC-MS
40208,CHAMPLAIN HEIGHTS SCHOOL,Freon 113,2004-06-20T00:00,0.584,µg/m³,VOC,GC-MS
40208,CHAMPLAIN HEIGHTS SCHOOL,Freon 113,2004-06-26T00:00,0.607,µg/m³,VOC,GC-MS
40208,CHAMPLAIN HEIGHTS SCHOOL,Freon 113,2004-07-02T00:00,0.592,µg/m³,VOC,GC-MS
40208,CHAMPLAIN HEIGHTS SCHOOL,Freon 113,2004-07-08T00:00,0.568,µg/m³,VOC,GC-MS
40208,CHAMPLAIN HEIGHTS SCHOOL,Freon 113,2004-07-14T00:00,0.616,µg/m³,VOC,GC-MS
40208,CHAMPLAIN HEIGHTS SCHOOL,Freon 113,2004-07-20T00:00,0.583,µg/m³,VOC,GC-MS
40208,CHAMPLAIN HEIGHTS SCHOOL,Freon 113,2004-07-26T00:00,0.622,µg/m³,VOC,GC-MS
40208,CHAMPLAIN HEIGHTS SCHOOL,Freon 113,2004-08-01T00:00,0.603,µg/m³,VOC,GC-MS
40208,CHAMPLAIN HEIGHTS SCHOOL,Freon 113,2004-08-07T00:00,0.715,µg/m³,VOC,GC-MS
40208,CHAMPLAIN HEIGHTS SCHOOL,Freon 113,2004-08-13T00:00,0.673,µg/m³,VOC,GC-MS
40208,CHAMPLAIN HEIGHTS SCHOOL,Freon 113,2004-08-19T00:00,0.655,µg/m³,VOC,GC-MS
40208,CHAMPLAIN HEIGHTS SCHOOL,Freon 113,2004-08-25T00:00,0.703,µg/m³,VOC,GC-MS
40208,CHAMPLAIN HEIGHTS SCHOOL,Freon 113,2004-08-31T00:00,0.530,µg/m³,VOC,GC-MS
40208,CHAMPLAIN HEIGHTS SCHOOL,Freon 113,2004-09-06T00:00,0.527,µg/m³,VOC,GC-MS
40208,CHAMPLAIN HEIGHTS SCHOOL,Freon 113,2004-09-12T00:00,0.508,µg/m³,VOC,GC-MS
40208,CHAMPLAIN HEIGHTS SCHOOL,Freon 113,2004-09-18T00:00,0.496,µg/m³,VOC,GC-MS
40208,CHAMPLAIN HEIGHTS SCHOOL,Freon 113,2004-09-30T00:00,0.554,µg/m³,VOC,GC-MS
40208,CHAMPLAIN HEIGHTS SCHOOL,Freon 113,2004-10-06T00:00,0.556,µg/m³,VOC,GC-MS
40208,CHAMPLAIN HEIGHTS SCHOOL,Freon 113,2004-10-12T00:00,0.554,µg/m³,VOC,GC-MS
40208,CHAMPLAIN HEIGHTS SCHOOL,Freon 113,2004-10-18T00:00,0.600,µg/m³,VOC,GC-MS
40208,CHAMPLAIN HEIGHTS SCHOOL,Freon 113,2004-10-24T00:00,0.557,µg/m³,VOC,GC-MS
40208,CHAMPLAIN HEIGHTS SCHOOL,Freon 113,2004-10-30T00:00,0.589,µg/m³,VOC,GC-MS
40208,CHAMPLAIN HEIGHTS SCHOOL,Freon 113,2004-11-05T00:00,0.626,µg/m³,VOC,GC-MS
40208,CHAMPLAIN HEIGHTS SCHOOL,Freon 113,2004-11-11T00:00,0.593,µg/m³,VOC,GC-MS
40208,CHAMPLAIN HEIGHTS SCHOOL,Freon 113,2004-11-17T00:00,0.478,µg/m³,VOC,GC-MS
40208,CHAMPLAIN HEIGHTS SCHOOL,Freon 113,2004-11-23T00:00,0.445,µg/m³,VOC,GC-MS
40208,CHAMPLAIN HEIGHTS SCHOOL,Freon 113,2004-11-29T00:00,0.438,µg/m³,VOC,GC-MS
40208,CHAMPLAIN HEIGHTS SCHOOL,Freon 113,2004-12-05T00:00,0.436,µg/m³,VOC,GC-MS
40208,CHAMPLAIN HEIGHTS SCHOOL,Freon 113,2004-12-11T00:00,0.416,µg/m³,VOC,GC-MS
40208,CHAMPLAIN HEIGHTS SCHOOL,Freon 113,2004-12-17T00:00,0.414,µg/m³,VOC,GC-MS
40208,CHAMPLAIN HEIGHTS SCHOOL,Freon 113,2004-12-23T00:00,0.508,µg/m³,VOC,GC-MS
