﻿NAPS_Site_ID,Station_Name,Pollutant,Date,Value,Units,Report_Type,Method
129401,ALERT,"1,1,2-Trichloroethane",2011-01-05T00:00,0.003,µg/m³,VOC,N/A
129401,ALERT,"1,1,2-Trichloroethane",2011-01-12T00:00,0.003,µg/m³,VOC,N/A
129401,ALERT,"1,1,2-Trichloroethane",2011-01-19T00:00,0.003,µg/m³,VOC,N/A
129401,ALERT,"1,1,2-Trichloroethane",2011-01-26T00:00,0.003,µg/m³,VOC,N/A
129401,ALERT,"1,1,2-Trichloroethane",2011-02-02T00:00,0.003,µg/m³,VOC,N/A
129401,ALERT,"1,1,2-Trichloroethane",2011-02-09T00:00,0.004,µg/m³,VOC,N/A
129401,ALERT,"1,1,2-Trichloroethane",2011-02-17T00:00,0.003,µg/m³,VOC,N/A
129401,ALERT,"1,1,2-Trichloroethane",2011-02-23T00:00,0.000,µg/m³,VOC,N/A
129401,ALERT,"1,1,2-Trichloroethane",2011-03-03T00:00,0.003,µg/m³,VOC,N/A
129401,ALERT,"1,1,2-Trichloroethane",2011-03-09T00:00,0.002,µg/m³,VOC,N/A
129401,ALERT,"1,1,2-Trichloroethane",2011-03-18T00:00,0.002,µg/m³,VOC,N/A
129401,ALERT,"1,1,2-Trichloroethane",2011-03-23T00:00,0.002,µg/m³,VOC,N/A
129401,ALERT,"1,1,2-Trichloroethane",2011-03-30T00:00,0.002,µg/m³,VOC,N/A
129401,ALERT,"1,1,2-Trichloroethane",2011-04-06T00:00,0.002,µg/m³,VOC,N/A
129401,ALERT,"1,1,2-Trichloroethane",2011-04-13T00:00,0.002,µg/m³,VOC,N/A
129401,ALERT,"1,1,2-Trichloroethane",2011-04-20T00:00,0.002,µg/m³,VOC,N/A
129401,ALERT,"1,1,2-Trichloroethane",2011-04-27T00:00,0.002,µg/m³,VOC,N/A
129401,ALERT,"1,1,2-Trichloroethane",2011-05-04T00:00,0.000,µg/m³,VOC,N/A
129401,ALERT,"1,1,2-Trichloroethane",2011-05-11T00:00,0.002,µg/m³,VOC,N/A
129401,ALERT,"1,1,2-Trichloroethane",2011-05-18T00:00,0.002,µg/m³,VOC,N/A
129401,ALERT,"1,1,2-Trichloroethane",2011-05-26T00:00,0.003,µg/m³,VOC,N/A
129401,ALERT,"1,1,2-Trichloroethane",2011-06-01T00:00,0.002,µg/m³,VOC,N/A
129401,ALERT,"1,1,2-Trichloroethane",2011-06-08T00:00,0.003,µg/m³,VOC,N/A
129401,ALERT,"1,1,2-Trichloroethane",2011-06-16T00:00,0.002,µg/m³,VOC,N/A
129401,ALERT,"1,1,2-Trichloroethane",2011-06-23T00:00,0.003,µg/m³,VOC,N/A
129401,ALERT,"1,1,2-Trichloroethane",2011-06-29T00:00,0.002,µg/m³,VOC,N/A
129401,ALERT,"1,1,2-Trichloroethane",2011-07-08T00:00,0.002,µg/m³,VOC,N/A
129401,ALERT,"1,1,2-Trichloroethane",2011-07-15T00:00,0.002,µg/m³,VOC,N/A
129401,ALERT,"1,1,2-Trichloroethane",2011-07-21T00:00,0.005,µg/m³,VOC,N/A
129401,ALERT,"1,1,2-Trichloroethane",2011-07-27T00:00,0.002,µg/m³,VOC,N/A
129401,ALERT,"1,1,2-Trichloroethane",2011-08-03T00:00,0.002,µg/m³,VOC,N/A
129401,ALERT,"1,1,2-Trichloroethane",2011-08-11T00:00,0.002,µg/m³,VOC,N/A
129401,ALERT,"1,1,2-Trichloroethane",2011-08-18T00:00,0.002,µg/m³,VOC,N/A
129401,ALERT,"1,1,2-Trichloroethane",2011-09-15T00:00,0.002,µg/m³,VOC,N/A
129401,ALERT,"1,1,2-Trichloroethane",2011-09-21T00:00,0.000,µg/m³,VOC,N/A
129401,ALERT,"1,1,2-Trichloroethane",2011-09-28T00:00,0.002,µg/m³,VOC,N/A
129401,ALERT,"1,1,2-Trichloroethane",2011-10-05T00:00,0.002,µg/m³,VOC,N/A
129401,ALERT,"1,1,2-Trichloroethane",2011-10-12T00:00,0.002,µg/m³,VOC,N/A
129401,ALERT,"1,1,2-Trichloroethane",2011-10-21T00:00,0.003,µg/m³,VOC,N/A
129401,ALERT,"1,1,2-Trichloroethane",2011-10-26T00:00,0.004,µg/m³,VOC,N/A
129401,ALERT,"1,1,2-Trichloroethane",2011-11-02T00:00,0.005,µg/m³,VOC,N/A
129401,ALERT,"1,1,2-Trichloroethane",2011-11-09T00:00,0.005,µg/m³,VOC,N/A
129401,ALERT,"1,1,2-Trichloroethane",2011-11-17T00:00,0.006,µg/m³,VOC,N/A
129401,ALERT,"1,1,2-Trichloroethane",2011-11-24T00:00,0.006,µg/m³,VOC,N/A
129401,ALERT,"1,1,2-Trichloroethane",2011-12-02T00:00,0.005,µg/m³,VOC,N/A
129401,ALERT,"1,1,2-Trichloroethane",2011-12-07T00:00,0.005,µg/m³,VOC,N/A
129401,ALERT,"1,1,2-Trichloroethane",2011-12-16T00:00,0.005,µg/m³,VOC,N/A
129401,ALERT,"1,1,2-Trichloroethane",2011-12-21T00:00,0.005,µg/m³,VOC,N/A
129401,ALERT,"1,1,2-Trichloroethane",2011-12-30T00:00,0.006,µg/m³,VOC,N/A
