﻿NAPS_Site_ID,Station_Name,Pollutant,Date,Value,Units,Report_Type,Method
62601,EXPERIMENTAL FARM _SIMCOE_,3-Me-Cholanthrene,1997-01-10T00:00,0.000,µg/m³,PAH,GC-MS
62601,EXPERIMENTAL FARM _SIMCOE_,3-Me-Cholanthrene,1997-01-22T00:00,0.000,µg/m³,PAH,GC-MS
62601,EXPERIMENTAL FARM _SIMCOE_,3-Me-Cholanthrene,1997-02-03T00:00,0.000,µg/m³,PAH,GC-MS
62601,EXPERIMENTAL FARM _SIMCOE_,3-Me-Cholanthrene,1997-02-15T00:00,0.000,µg/m³,PAH,GC-MS
62601,EXPERIMENTAL FARM _SIMCOE_,3-Me-Cholanthrene,1997-02-27T00:00,0.000,µg/m³,PAH,GC-MS
62601,EXPERIMENTAL FARM _SIMCOE_,3-Me-Cholanthrene,1997-03-11T00:00,0.000,µg/m³,PAH,GC-MS
62601,EXPERIMENTAL FARM _SIMCOE_,3-Me-Cholanthrene,1997-03-23T00:00,0.000,µg/m³,PAH,GC-MS
62601,EXPERIMENTAL FARM _SIMCOE_,3-Me-Cholanthrene,1997-04-04T00:00,0.000,µg/m³,PAH,GC-MS
62601,EXPERIMENTAL FARM _SIMCOE_,3-Me-Cholanthrene,1997-04-16T00:00,0.000,µg/m³,PAH,GC-MS
62601,EXPERIMENTAL FARM _SIMCOE_,3-Me-Cholanthrene,1997-04-28T00:00,0.000,µg/m³,PAH,GC-MS
62601,EXPERIMENTAL FARM _SIMCOE_,3-Me-Cholanthrene,1997-05-10T00:00,0.000,µg/m³,PAH,GC-MS
62601,EXPERIMENTAL FARM _SIMCOE_,3-Me-Cholanthrene,1997-05-22T00:00,0.000,µg/m³,PAH,GC-MS
62601,EXPERIMENTAL FARM _SIMCOE_,3-Me-Cholanthrene,1997-06-03T00:00,0.000,µg/m³,PAH,GC-MS
62601,EXPERIMENTAL FARM _SIMCOE_,3-Me-Cholanthrene,1997-06-15T00:00,0.000,µg/m³,PAH,GC-MS
62601,EXPERIMENTAL FARM _SIMCOE_,3-Me-Cholanthrene,1997-06-27T00:00,0.000,µg/m³,PAH,GC-MS
62601,EXPERIMENTAL FARM _SIMCOE_,3-Me-Cholanthrene,1997-07-21T00:00,0.000,µg/m³,PAH,GC-MS
62601,EXPERIMENTAL FARM _SIMCOE_,3-Me-Cholanthrene,1997-08-02T00:00,0.000,µg/m³,PAH,GC-MS
62601,EXPERIMENTAL FARM _SIMCOE_,3-Me-Cholanthrene,1997-08-14T00:00,0.000,µg/m³,PAH,GC-MS
62601,EXPERIMENTAL FARM _SIMCOE_,3-Me-Cholanthrene,1997-08-26T00:00,0.000,µg/m³,PAH,GC-MS
62601,EXPERIMENTAL FARM _SIMCOE_,3-Me-Cholanthrene,1997-09-07T00:00,0.000,µg/m³,PAH,GC-MS
62601,EXPERIMENTAL FARM _SIMCOE_,3-Me-Cholanthrene,1997-09-19T00:00,0.000,µg/m³,PAH,GC-MS
62601,EXPERIMENTAL FARM _SIMCOE_,3-Me-Cholanthrene,1997-10-01T00:00,0.000,µg/m³,PAH,GC-MS
62601,EXPERIMENTAL FARM _SIMCOE_,3-Me-Cholanthrene,1997-10-13T00:00,0.000,µg/m³,PAH,GC-MS
62601,EXPERIMENTAL FARM _SIMCOE_,3-Me-Cholanthrene,1997-10-25T00:00,0.000,µg/m³,PAH,GC-MS
62601,EXPERIMENTAL FARM _SIMCOE_,3-Me-Cholanthrene,1997-11-06T00:00,0.000,µg/m³,PAH,GC-MS
62601,EXPERIMENTAL FARM _SIMCOE_,3-Me-Cholanthrene,1997-11-30T00:00,0.000,µg/m³,PAH,GC-MS
62601,EXPERIMENTAL FARM _SIMCOE_,3-Me-Cholanthrene,1997-12-12T00:00,0.000,µg/m³,PAH,GC-MS
62601,EXPERIMENTAL FARM _SIMCOE_,3-Me-Cholanthrene,1997-12-24T00:00,0.000,µg/m³,PAH,GC-MS
