﻿NAPS_Site_ID,Station_Name,Pollutant,Date,Value,Units,Report_Type,Method
60424,BAY & WELLESLEY _Toronto Downtown_,Na+,1995-01-03T00:00,0.000,µg/m³,DICHOT,
60424,BAY & WELLESLEY _Toronto Downtown_,Na+,1995-01-03T00:00,0.314,µg/m³,DICHOT,
60424,BAY & WELLESLEY _Toronto Downtown_,Na+,1995-01-09T00:00,0.000,µg/m³,DICHOT,
60424,BAY & WELLESLEY _Toronto Downtown_,Na+,1995-01-09T00:00,0.652,µg/m³,DICHOT,
60424,BAY & WELLESLEY _Toronto Downtown_,Na+,1995-01-15T00:00,0.000,µg/m³,DICHOT,
60424,BAY & WELLESLEY _Toronto Downtown_,Na+,1995-01-15T00:00,0.000,µg/m³,DICHOT,
60424,BAY & WELLESLEY _Toronto Downtown_,Na+,1995-01-21T00:00,0.000,µg/m³,DICHOT,
60424,BAY & WELLESLEY _Toronto Downtown_,Na+,1995-01-21T00:00,0.067,µg/m³,DICHOT,
60424,BAY & WELLESLEY _Toronto Downtown_,Na+,1995-01-27T00:00,0.000,µg/m³,DICHOT,
60424,BAY & WELLESLEY _Toronto Downtown_,Na+,1995-01-27T00:00,1.764,µg/m³,DICHOT,
60424,BAY & WELLESLEY _Toronto Downtown_,Na+,1995-02-02T00:00,0.066,µg/m³,DICHOT,
60424,BAY & WELLESLEY _Toronto Downtown_,Na+,1995-02-02T00:00,0.707,µg/m³,DICHOT,
60424,BAY & WELLESLEY _Toronto Downtown_,Na+,1995-02-20T00:00,0.000,µg/m³,DICHOT,
60424,BAY & WELLESLEY _Toronto Downtown_,Na+,1995-02-20T00:00,0.228,µg/m³,DICHOT,
60424,BAY & WELLESLEY _Toronto Downtown_,Na+,1995-02-26T00:00,0.092,µg/m³,DICHOT,
60424,BAY & WELLESLEY _Toronto Downtown_,Na+,1995-02-26T00:00,0.741,µg/m³,DICHOT,
60424,BAY & WELLESLEY _Toronto Downtown_,Na+,1995-03-04T00:00,0.072,µg/m³,DICHOT,
60424,BAY & WELLESLEY _Toronto Downtown_,Na+,1995-03-04T00:00,1.426,µg/m³,DICHOT,
60424,BAY & WELLESLEY _Toronto Downtown_,Na+,1995-03-10T00:00,0.000,µg/m³,DICHOT,
60424,BAY & WELLESLEY _Toronto Downtown_,Na+,1995-03-10T00:00,1.899,µg/m³,DICHOT,
60424,BAY & WELLESLEY _Toronto Downtown_,Na+,1995-03-16T00:00,0.000,µg/m³,DICHOT,
60424,BAY & WELLESLEY _Toronto Downtown_,Na+,1995-03-16T00:00,2.388,µg/m³,DICHOT,
60424,BAY & WELLESLEY _Toronto Downtown_,Na+,1995-03-22T00:00,0.000,µg/m³,DICHOT,
60424,BAY & WELLESLEY _Toronto Downtown_,Na+,1995-03-22T00:00,0.084,µg/m³,DICHOT,
60424,BAY & WELLESLEY _Toronto Downtown_,Na+,1995-03-28T00:00,0.066,µg/m³,DICHOT,
60424,BAY & WELLESLEY _Toronto Downtown_,Na+,1995-03-28T00:00,0.132,µg/m³,DICHOT,
60424,BAY & WELLESLEY _Toronto Downtown_,Na+,1995-04-03T00:00,0.000,µg/m³,DICHOT,
60424,BAY & WELLESLEY _Toronto Downtown_,Na+,1995-04-03T00:00,0.111,µg/m³,DICHOT,
60424,BAY & WELLESLEY _Toronto Downtown_,Na+,1995-04-09T00:00,0.074,µg/m³,DICHOT,
60424,BAY & WELLESLEY _Toronto Downtown_,Na+,1995-04-09T00:00,0.079,µg/m³,DICHOT,
60424,BAY & WELLESLEY _Toronto Downtown_,Na+,1995-04-15T00:00,0.000,µg/m³,DICHOT,
60424,BAY & WELLESLEY _Toronto Downtown_,Na+,1995-04-15T00:00,0.000,µg/m³,DICHOT,
60424,BAY & WELLESLEY _Toronto Downtown_,Na+,1995-04-21T00:00,0.000,µg/m³,DICHOT,
60424,BAY & WELLESLEY _Toronto Downtown_,Na+,1995-04-21T00:00,0.079,µg/m³,DICHOT,
60424,BAY & WELLESLEY _Toronto Downtown_,Na+,1995-04-27T00:00,0.000,µg/m³,DICHOT,
60424,BAY & WELLESLEY _Toronto Downtown_,Na+,1995-04-27T00:00,0.000,µg/m³,DICHOT,
60424,BAY & WELLESLEY _Toronto Downtown_,Na+,1995-05-03T00:00,0.000,µg/m³,DICHOT,
60424,BAY & WELLESLEY _Toronto Downtown_,Na+,1995-05-03T00:00,0.000,µg/m³,DICHOT,
60424,BAY & WELLESLEY _Toronto Downtown_,Na+,1995-05-09T00:00,0.000,µg/m³,DICHOT,
60424,BAY & WELLESLEY _Toronto Downtown_,Na+,1995-05-09T00:00,0.064,µg/m³,DICHOT,
60424,BAY & WELLESLEY _Toronto Downtown_,Na+,1995-05-15T00:00,0.000,µg/m³,DICHOT,
60424,BAY & WELLESLEY _Toronto Downtown_,Na+,1995-05-15T00:00,0.000,µg/m³,DICHOT,
60424,BAY & WELLESLEY _Toronto Downtown_,Na+,1995-05-21T00:00,0.000,µg/m³,DICHOT,
60424,BAY & WELLESLEY _Toronto Downtown_,Na+,1995-05-21T00:00,0.000,µg/m³,DICHOT,
60424,BAY & WELLESLEY _Toronto Downtown_,Na+,1995-05-27T00:00,0.000,µg/m³,DICHOT,
60424,BAY & WELLESLEY _Toronto Downtown_,Na+,1995-05-27T00:00,0.000,µg/m³,DICHOT,
60424,BAY & WELLESLEY _Toronto Downtown_,Na+,1995-06-02T00:00,0.000,µg/m³,DICHOT,
60424,BAY & WELLESLEY _Toronto Downtown_,Na+,1995-06-02T00:00,0.000,µg/m³,DICHOT,
60424,BAY & WELLESLEY _Toronto Downtown_,Na+,1995-06-08T00:00,0.000,µg/m³,DICHOT,
60424,BAY & WELLESLEY _Toronto Downtown_,Na+,1995-06-08T00:00,0.000,µg/m³,DICHOT,
60424,BAY & WELLESLEY _Toronto Downtown_,Na+,1995-06-14T00:00,0.000,µg/m³,DICHOT,
60424,BAY & WELLESLEY _Toronto Downtown_,Na+,1995-06-14T00:00,0.000,µg/m³,DICHOT,
60424,BAY & WELLESLEY _Toronto Downtown_,Na+,1995-06-20T00:00,0.000,µg/m³,DICHOT,
60424,BAY & WELLESLEY _Toronto Downtown_,Na+,1995-06-20T00:00,0.000,µg/m³,DICHOT,
60424,BAY & WELLESLEY _Toronto Downtown_,Na+,1995-06-26T00:00,0.000,µg/m³,DICHOT,
60424,BAY & WELLESLEY _Toronto Downtown_,Na+,1995-06-26T00:00,0.000,µg/m³,DICHOT,
60424,BAY & WELLESLEY _Toronto Downtown_,Na+,1995-07-02T00:00,0.000,µg/m³,DICHOT,
60424,BAY & WELLESLEY _Toronto Downtown_,Na+,1995-07-02T00:00,0.000,µg/m³,DICHOT,
60424,BAY & WELLESLEY _Toronto Downtown_,Na+,1995-07-14T00:00,0.000,µg/m³,DICHOT,
60424,BAY & WELLESLEY _Toronto Downtown_,Na+,1995-07-14T00:00,0.050,µg/m³,DICHOT,
60424,BAY & WELLESLEY _Toronto Downtown_,Na+,1995-07-20T00:00,0.000,µg/m³,DICHOT,
60424,BAY & WELLESLEY _Toronto Downtown_,Na+,1995-07-20T00:00,0.000,µg/m³,DICHOT,
60424,BAY & WELLESLEY _Toronto Downtown_,Na+,1995-07-26T00:00,0.000,µg/m³,DICHOT,
60424,BAY & WELLESLEY _Toronto Downtown_,Na+,1995-07-26T00:00,0.000,µg/m³,DICHOT,
60424,BAY & WELLESLEY _Toronto Downtown_,Na+,1995-08-13T00:00,0.000,µg/m³,DICHOT,
60424,BAY & WELLESLEY _Toronto Downtown_,Na+,1995-08-13T00:00,0.000,µg/m³,DICHOT,
60424,BAY & WELLESLEY _Toronto Downtown_,Na+,1995-08-19T00:00,0.000,µg/m³,DICHOT,
60424,BAY & WELLESLEY _Toronto Downtown_,Na+,1995-08-19T00:00,0.070,µg/m³,DICHOT,
60424,BAY & WELLESLEY _Toronto Downtown_,Na+,1995-08-25T00:00,0.000,µg/m³,DICHOT,
60424,BAY & WELLESLEY _Toronto Downtown_,Na+,1995-08-25T00:00,0.074,µg/m³,DICHOT,
60424,BAY & WELLESLEY _Toronto Downtown_,Na+,1995-08-31T00:00,0.000,µg/m³,DICHOT,
60424,BAY & WELLESLEY _Toronto Downtown_,Na+,1995-08-31T00:00,0.000,µg/m³,DICHOT,
60424,BAY & WELLESLEY _Toronto Downtown_,Na+,1995-09-06T00:00,0.000,µg/m³,DICHOT,
60424,BAY & WELLESLEY _Toronto Downtown_,Na+,1995-09-06T00:00,0.000,µg/m³,DICHOT,
60424,BAY & WELLESLEY _Toronto Downtown_,Na+,1995-09-12T00:00,0.000,µg/m³,DICHOT,
60424,BAY & WELLESLEY _Toronto Downtown_,Na+,1995-09-12T00:00,0.000,µg/m³,DICHOT,
