﻿NAPS_Site_ID,Station_Name,Pollutant,Date,Value,Units,Report_Type,Method
60413,CENTENNIAL PARK _ETOBICOKE WEST_,2-Ethyltoluene,2007-01-06T00:00,0.117,µg/m³,VOC,
60413,CENTENNIAL PARK _ETOBICOKE WEST_,2-Ethyltoluene,2007-01-12T00:00,0.065,µg/m³,VOC,
60413,CENTENNIAL PARK _ETOBICOKE WEST_,2-Ethyltoluene,2007-01-18T00:00,0.038,µg/m³,VOC,
60413,CENTENNIAL PARK _ETOBICOKE WEST_,2-Ethyltoluene,2007-01-30T00:00,0.250,µg/m³,VOC,
60413,CENTENNIAL PARK _ETOBICOKE WEST_,2-Ethyltoluene,2007-02-05T00:00,0.001,µg/m³,VOC,
60413,CENTENNIAL PARK _ETOBICOKE WEST_,2-Ethyltoluene,2007-02-11T00:00,0.019,µg/m³,VOC,
60413,CENTENNIAL PARK _ETOBICOKE WEST_,2-Ethyltoluene,2007-02-17T00:00,0.042,µg/m³,VOC,
60413,CENTENNIAL PARK _ETOBICOKE WEST_,2-Ethyltoluene,2007-02-23T00:00,0.016,µg/m³,VOC,
60413,CENTENNIAL PARK _ETOBICOKE WEST_,2-Ethyltoluene,2007-03-01T00:00,0.078,µg/m³,VOC,
60413,CENTENNIAL PARK _ETOBICOKE WEST_,2-Ethyltoluene,2007-03-07T00:00,0.043,µg/m³,VOC,
60413,CENTENNIAL PARK _ETOBICOKE WEST_,2-Ethyltoluene,2007-03-13T00:00,0.112,µg/m³,VOC,
60413,CENTENNIAL PARK _ETOBICOKE WEST_,2-Ethyltoluene,2007-03-19T00:00,0.072,µg/m³,VOC,
60413,CENTENNIAL PARK _ETOBICOKE WEST_,2-Ethyltoluene,2007-03-25T00:00,0.054,µg/m³,VOC,
60413,CENTENNIAL PARK _ETOBICOKE WEST_,2-Ethyltoluene,2007-03-31T00:00,0.029,µg/m³,VOC,
60413,CENTENNIAL PARK _ETOBICOKE WEST_,2-Ethyltoluene,2007-04-06T00:00,0.015,µg/m³,VOC,
60413,CENTENNIAL PARK _ETOBICOKE WEST_,2-Ethyltoluene,2007-04-12T00:00,0.075,µg/m³,VOC,
60413,CENTENNIAL PARK _ETOBICOKE WEST_,2-Ethyltoluene,2007-04-18T00:00,0.134,µg/m³,VOC,
60413,CENTENNIAL PARK _ETOBICOKE WEST_,2-Ethyltoluene,2007-04-24T00:00,0.038,µg/m³,VOC,
60413,CENTENNIAL PARK _ETOBICOKE WEST_,2-Ethyltoluene,2007-04-30T00:00,0.030,µg/m³,VOC,
60413,CENTENNIAL PARK _ETOBICOKE WEST_,2-Ethyltoluene,2007-05-06T00:00,0.025,µg/m³,VOC,
60413,CENTENNIAL PARK _ETOBICOKE WEST_,2-Ethyltoluene,2007-05-12T00:00,0.029,µg/m³,VOC,
60413,CENTENNIAL PARK _ETOBICOKE WEST_,2-Ethyltoluene,2007-05-18T00:00,0.180,µg/m³,VOC,
60413,CENTENNIAL PARK _ETOBICOKE WEST_,2-Ethyltoluene,2007-05-24T00:00,0.484,µg/m³,VOC,
60413,CENTENNIAL PARK _ETOBICOKE WEST_,2-Ethyltoluene,2007-05-30T00:00,0.370,µg/m³,VOC,
60413,CENTENNIAL PARK _ETOBICOKE WEST_,2-Ethyltoluene,2007-06-05T00:00,0.068,µg/m³,VOC,
60413,CENTENNIAL PARK _ETOBICOKE WEST_,2-Ethyltoluene,2007-06-11T00:00,0.065,µg/m³,VOC,
60413,CENTENNIAL PARK _ETOBICOKE WEST_,2-Ethyltoluene,2007-06-17T00:00,0.063,µg/m³,VOC,
60413,CENTENNIAL PARK _ETOBICOKE WEST_,2-Ethyltoluene,2007-06-23T00:00,0.058,µg/m³,VOC,
60413,CENTENNIAL PARK _ETOBICOKE WEST_,2-Ethyltoluene,2007-06-29T00:00,0.064,µg/m³,VOC,
60413,CENTENNIAL PARK _ETOBICOKE WEST_,2-Ethyltoluene,2007-07-05T00:00,0.115,µg/m³,VOC,
60413,CENTENNIAL PARK _ETOBICOKE WEST_,2-Ethyltoluene,2007-08-04T00:00,0.042,µg/m³,VOC,
60413,CENTENNIAL PARK _ETOBICOKE WEST_,2-Ethyltoluene,2007-08-10T00:00,0.069,µg/m³,VOC,
60413,CENTENNIAL PARK _ETOBICOKE WEST_,2-Ethyltoluene,2007-08-16T00:00,0.109,µg/m³,VOC,
60413,CENTENNIAL PARK _ETOBICOKE WEST_,2-Ethyltoluene,2007-08-22T00:00,0.082,µg/m³,VOC,
60413,CENTENNIAL PARK _ETOBICOKE WEST_,2-Ethyltoluene,2007-08-28T00:00,0.246,µg/m³,VOC,
60413,CENTENNIAL PARK _ETOBICOKE WEST_,2-Ethyltoluene,2007-09-03T00:00,0.042,µg/m³,VOC,
60413,CENTENNIAL PARK _ETOBICOKE WEST_,2-Ethyltoluene,2007-09-09T00:00,0.054,µg/m³,VOC,
60413,CENTENNIAL PARK _ETOBICOKE WEST_,2-Ethyltoluene,2007-09-15T00:00,0.031,µg/m³,VOC,
60413,CENTENNIAL PARK _ETOBICOKE WEST_,2-Ethyltoluene,2007-09-21T00:00,0.348,µg/m³,VOC,
60413,CENTENNIAL PARK _ETOBICOKE WEST_,2-Ethyltoluene,2007-09-27T00:00,0.242,µg/m³,VOC,
60413,CENTENNIAL PARK _ETOBICOKE WEST_,2-Ethyltoluene,2007-10-03T00:00,0.222,µg/m³,VOC,
60413,CENTENNIAL PARK _ETOBICOKE WEST_,2-Ethyltoluene,2007-10-09T00:00,0.153,µg/m³,VOC,
60413,CENTENNIAL PARK _ETOBICOKE WEST_,2-Ethyltoluene,2007-10-15T00:00,0.243,µg/m³,VOC,
60413,CENTENNIAL PARK _ETOBICOKE WEST_,2-Ethyltoluene,2007-10-21T00:00,0.060,µg/m³,VOC,
60413,CENTENNIAL PARK _ETOBICOKE WEST_,2-Ethyltoluene,2007-10-27T00:00,0.040,µg/m³,VOC,
60413,CENTENNIAL PARK _ETOBICOKE WEST_,2-Ethyltoluene,2007-11-02T00:00,0.276,µg/m³,VOC,
60413,CENTENNIAL PARK _ETOBICOKE WEST_,2-Ethyltoluene,2007-11-08T00:00,0.062,µg/m³,VOC,
60413,CENTENNIAL PARK _ETOBICOKE WEST_,2-Ethyltoluene,2007-11-14T00:00,0.122,µg/m³,VOC,
60413,CENTENNIAL PARK _ETOBICOKE WEST_,2-Ethyltoluene,2007-11-20T00:00,0.158,µg/m³,VOC,
60413,CENTENNIAL PARK _ETOBICOKE WEST_,2-Ethyltoluene,2007-11-26T00:00,0.160,µg/m³,VOC,
60413,CENTENNIAL PARK _ETOBICOKE WEST_,2-Ethyltoluene,2007-12-02T00:00,0.068,µg/m³,VOC,
60413,CENTENNIAL PARK _ETOBICOKE WEST_,2-Ethyltoluene,2007-12-08T00:00,0.040,µg/m³,VOC,
60413,CENTENNIAL PARK _ETOBICOKE WEST_,2-Ethyltoluene,2007-12-14T00:00,0.033,µg/m³,VOC,
60413,CENTENNIAL PARK _ETOBICOKE WEST_,2-Ethyltoluene,2007-12-20T00:00,0.081,µg/m³,VOC,
60413,CENTENNIAL PARK _ETOBICOKE WEST_,2-Ethyltoluene,2007-12-26T00:00,0.039,µg/m³,VOC,
