﻿NAPS_Site_ID,Station_Name,Pollutant,Date,Value,Units,Report_Type,Method
63201,HWY 47 & HWY 48 _YORK_REGION_,Carbontetrachloride,1994-02-13T00:00,0.849,µg/m³,VOC,GC-MS
63201,HWY 47 & HWY 48 _YORK_REGION_,Carbontetrachloride,1994-02-19T00:00,0.905,µg/m³,VOC,GC-MS
63201,HWY 47 & HWY 48 _YORK_REGION_,Carbontetrachloride,1994-05-26T00:00,0.992,µg/m³,VOC,GC-MS
63201,HWY 47 & HWY 48 _YORK_REGION_,Carbontetrachloride,1994-06-01T00:00,0.922,µg/m³,VOC,GC-MS
63201,HWY 47 & HWY 48 _YORK_REGION_,Carbontetrachloride,1994-06-07T00:00,0.971,µg/m³,VOC,GC-MS
63201,HWY 47 & HWY 48 _YORK_REGION_,Carbontetrachloride,1994-08-06T00:00,0.636,µg/m³,VOC,GC-MS
63201,HWY 47 & HWY 48 _YORK_REGION_,Carbontetrachloride,1994-08-18T00:00,0.729,µg/m³,VOC,GC-MS
63201,HWY 47 & HWY 48 _YORK_REGION_,Carbontetrachloride,1994-08-24T00:00,0.740,µg/m³,VOC,GC-MS
63201,HWY 47 & HWY 48 _YORK_REGION_,Carbontetrachloride,1994-08-30T00:00,0.762,µg/m³,VOC,GC-MS
63201,HWY 47 & HWY 48 _YORK_REGION_,Carbontetrachloride,1994-09-05T00:00,0.818,µg/m³,VOC,GC-MS
63201,HWY 47 & HWY 48 _YORK_REGION_,Carbontetrachloride,1994-09-11T00:00,0.609,µg/m³,VOC,GC-MS
63201,HWY 47 & HWY 48 _YORK_REGION_,Carbontetrachloride,1994-09-17T00:00,0.630,µg/m³,VOC,GC-MS
63201,HWY 47 & HWY 48 _YORK_REGION_,Carbontetrachloride,1994-09-23T00:00,0.621,µg/m³,VOC,GC-MS
63201,HWY 47 & HWY 48 _YORK_REGION_,Carbontetrachloride,1994-09-29T00:00,0.660,µg/m³,VOC,GC-MS
63201,HWY 47 & HWY 48 _YORK_REGION_,Carbontetrachloride,1994-10-05T00:00,0.637,µg/m³,VOC,GC-MS
63201,HWY 47 & HWY 48 _YORK_REGION_,Carbontetrachloride,1994-10-17T00:00,0.654,µg/m³,VOC,GC-MS
63201,HWY 47 & HWY 48 _YORK_REGION_,Carbontetrachloride,1994-10-23T00:00,0.658,µg/m³,VOC,GC-MS
63201,HWY 47 & HWY 48 _YORK_REGION_,Carbontetrachloride,1994-10-29T00:00,0.656,µg/m³,VOC,GC-MS
63201,HWY 47 & HWY 48 _YORK_REGION_,Carbontetrachloride,1994-11-04T00:00,0.719,µg/m³,VOC,GC-MS
63201,HWY 47 & HWY 48 _YORK_REGION_,Carbontetrachloride,1994-11-10T00:00,0.545,µg/m³,VOC,GC-MS
63201,HWY 47 & HWY 48 _YORK_REGION_,Carbontetrachloride,1994-11-16T00:00,0.550,µg/m³,VOC,GC-MS
63201,HWY 47 & HWY 48 _YORK_REGION_,Carbontetrachloride,1994-11-22T00:00,0.538,µg/m³,VOC,GC-MS
63201,HWY 47 & HWY 48 _YORK_REGION_,Carbontetrachloride,1994-11-28T00:00,0.518,µg/m³,VOC,GC-MS
63201,HWY 47 & HWY 48 _YORK_REGION_,Carbontetrachloride,1994-12-04T00:00,0.495,µg/m³,VOC,GC-MS
63201,HWY 47 & HWY 48 _YORK_REGION_,Carbontetrachloride,1994-12-10T00:00,0.478,µg/m³,VOC,GC-MS
63201,HWY 47 & HWY 48 _YORK_REGION_,Carbontetrachloride,1994-12-16T00:00,0.503,µg/m³,VOC,GC-MS
63201,HWY 47 & HWY 48 _YORK_REGION_,Carbontetrachloride,1994-12-22T00:00,0.518,µg/m³,VOC,GC-MS
63201,HWY 47 & HWY 48 _YORK_REGION_,Carbontetrachloride,1994-12-28T00:00,0.531,µg/m³,VOC,GC-MS
