﻿NAPS_Site_ID,Station_Name,Pollutant,Date,Value,Units,Report_Type,Method
50902,SAGUENAY-PARC POWELL,3-Methylcholanthrene,2010-02-01T00:00,0.000,µg/m³,PAH,GC-MS TP+G
50902,SAGUENAY-PARC POWELL,3-Methylcholanthrene,2010-02-25T00:00,0.000,µg/m³,PAH,GC-MS TP+G
50902,SAGUENAY-PARC POWELL,3-Methylcholanthrene,2010-03-21T00:00,0.000,µg/m³,PAH,GC-MS TP+G
50902,SAGUENAY-PARC POWELL,3-Methylcholanthrene,2010-04-02T00:00,0.000,µg/m³,PAH,GC-MS TP+G
50902,SAGUENAY-PARC POWELL,3-Methylcholanthrene,2010-04-14T00:00,0.000,µg/m³,PAH,GC-MS TP+G
50902,SAGUENAY-PARC POWELL,3-Methylcholanthrene,2010-04-26T00:00,0.000,µg/m³,PAH,GC-MS TP+G
50902,SAGUENAY-PARC POWELL,3-Methylcholanthrene,2010-05-08T00:00,0.000,µg/m³,PAH,GC-MS TP+G
50902,SAGUENAY-PARC POWELL,3-Methylcholanthrene,2010-05-20T00:00,0.000,µg/m³,PAH,GC-MS TP+G
50902,SAGUENAY-PARC POWELL,3-Methylcholanthrene,2010-06-01T00:00,0.000,µg/m³,PAH,GC-MS TP+G
50902,SAGUENAY-PARC POWELL,3-Methylcholanthrene,2010-06-13T00:00,0.000,µg/m³,PAH,GC-MS TP+G
50902,SAGUENAY-PARC POWELL,3-Methylcholanthrene,2010-07-07T00:00,0.000,µg/m³,PAH,GC-MS TP+G
50902,SAGUENAY-PARC POWELL,3-Methylcholanthrene,2010-07-19T00:00,0.000,µg/m³,PAH,GC-MS TP+G
50902,SAGUENAY-PARC POWELL,3-Methylcholanthrene,2010-07-31T00:00,0.000,µg/m³,PAH,GC-MS TP+G
50902,SAGUENAY-PARC POWELL,3-Methylcholanthrene,2010-08-12T00:00,0.000,µg/m³,PAH,GC-MS TP+G
50902,SAGUENAY-PARC POWELL,3-Methylcholanthrene,2010-08-24T00:00,0.000,µg/m³,PAH,GC-MS TP+G
50902,SAGUENAY-PARC POWELL,3-Methylcholanthrene,2010-09-05T00:00,0.000,µg/m³,PAH,GC-MS TP+G
50902,SAGUENAY-PARC POWELL,3-Methylcholanthrene,2010-09-29T00:00,0.000,µg/m³,PAH,GC-MS TP+G
50902,SAGUENAY-PARC POWELL,3-Methylcholanthrene,2010-11-16T00:00,0.000,µg/m³,PAH,GC-MS TP+G
50902,SAGUENAY-PARC POWELL,3-Methylcholanthrene,2010-11-28T00:00,0.000,µg/m³,PAH,GC-MS TP+G
50902,SAGUENAY-PARC POWELL,3-Methylcholanthrene,2010-12-10T00:00,0.000,µg/m³,PAH,GC-MS TP+G
50902,SAGUENAY-PARC POWELL,3-Methylcholanthrene,2010-12-22T00:00,0.000,µg/m³,PAH,GC-MS TP+G
