﻿NAPS_Site_ID,Station_Name,Pollutant,Date,Value,Units,Report_Type,Method
80110,REGINA-2505 11TH. AVENUE,cis-2-Pentene,2008-01-01T00:00,0.062,µg/m³,VOC,N/A
80110,REGINA-2505 11TH. AVENUE,cis-2-Pentene,2008-01-07T00:00,0.069,µg/m³,VOC,N/A
80110,REGINA-2505 11TH. AVENUE,cis-2-Pentene,2008-01-13T00:00,0.056,µg/m³,VOC,N/A
80110,REGINA-2505 11TH. AVENUE,cis-2-Pentene,2008-01-19T00:00,0.026,µg/m³,VOC,N/A
80110,REGINA-2505 11TH. AVENUE,cis-2-Pentene,2008-01-25T00:00,0.022,µg/m³,VOC,N/A
80110,REGINA-2505 11TH. AVENUE,cis-2-Pentene,2008-01-31T00:00,0.021,µg/m³,VOC,N/A
80110,REGINA-2505 11TH. AVENUE,cis-2-Pentene,2008-02-18T00:00,0.081,µg/m³,VOC,N/A
80110,REGINA-2505 11TH. AVENUE,cis-2-Pentene,2008-02-24T00:00,0.054,µg/m³,VOC,N/A
80110,REGINA-2505 11TH. AVENUE,cis-2-Pentene,2008-03-01T00:00,0.018,µg/m³,VOC,N/A
80110,REGINA-2505 11TH. AVENUE,cis-2-Pentene,2008-03-07T00:00,0.025,µg/m³,VOC,N/A
80110,REGINA-2505 11TH. AVENUE,cis-2-Pentene,2008-03-13T00:00,0.033,µg/m³,VOC,N/A
80110,REGINA-2505 11TH. AVENUE,cis-2-Pentene,2008-03-19T00:00,0.022,µg/m³,VOC,N/A
80110,REGINA-2505 11TH. AVENUE,cis-2-Pentene,2008-03-25T00:00,0.064,µg/m³,VOC,N/A
80110,REGINA-2505 11TH. AVENUE,cis-2-Pentene,2008-03-31T00:00,0.022,µg/m³,VOC,N/A
80110,REGINA-2505 11TH. AVENUE,cis-2-Pentene,2008-04-06T00:00,0.018,µg/m³,VOC,N/A
80110,REGINA-2505 11TH. AVENUE,cis-2-Pentene,2008-04-12T00:00,0.033,µg/m³,VOC,N/A
80110,REGINA-2505 11TH. AVENUE,cis-2-Pentene,2008-04-30T00:00,0.022,µg/m³,VOC,N/A
80110,REGINA-2505 11TH. AVENUE,cis-2-Pentene,2008-05-06T00:00,0.038,µg/m³,VOC,N/A
80110,REGINA-2505 11TH. AVENUE,cis-2-Pentene,2008-05-12T00:00,0.022,µg/m³,VOC,N/A
80110,REGINA-2505 11TH. AVENUE,cis-2-Pentene,2008-06-11T00:00,0.022,µg/m³,VOC,N/A
80110,REGINA-2505 11TH. AVENUE,cis-2-Pentene,2008-06-17T00:00,0.065,µg/m³,VOC,N/A
80110,REGINA-2505 11TH. AVENUE,cis-2-Pentene,2008-06-24T00:00,0.074,µg/m³,VOC,N/A
80110,REGINA-2505 11TH. AVENUE,cis-2-Pentene,2008-06-29T00:00,0.060,µg/m³,VOC,N/A
80110,REGINA-2505 11TH. AVENUE,cis-2-Pentene,2008-07-11T00:00,0.030,µg/m³,VOC,N/A
80110,REGINA-2505 11TH. AVENUE,cis-2-Pentene,2008-07-17T00:00,0.075,µg/m³,VOC,N/A
80110,REGINA-2505 11TH. AVENUE,cis-2-Pentene,2008-07-23T00:00,0.065,µg/m³,VOC,N/A
80110,REGINA-2505 11TH. AVENUE,cis-2-Pentene,2008-07-29T00:00,0.054,µg/m³,VOC,N/A
80110,REGINA-2505 11TH. AVENUE,cis-2-Pentene,2008-08-04T00:00,0.042,µg/m³,VOC,N/A
80110,REGINA-2505 11TH. AVENUE,cis-2-Pentene,2008-08-10T00:00,0.040,µg/m³,VOC,N/A
80110,REGINA-2505 11TH. AVENUE,cis-2-Pentene,2008-08-16T00:00,0.045,µg/m³,VOC,N/A
80110,REGINA-2505 11TH. AVENUE,cis-2-Pentene,2008-08-22T00:00,0.030,µg/m³,VOC,N/A
80110,REGINA-2505 11TH. AVENUE,cis-2-Pentene,2008-08-28T00:00,0.038,µg/m³,VOC,N/A
80110,REGINA-2505 11TH. AVENUE,cis-2-Pentene,2008-09-03T00:00,0.032,µg/m³,VOC,N/A
80110,REGINA-2505 11TH. AVENUE,cis-2-Pentene,2008-09-09T00:00,0.044,µg/m³,VOC,N/A
80110,REGINA-2505 11TH. AVENUE,cis-2-Pentene,2008-09-15T00:00,0.110,µg/m³,VOC,N/A
80110,REGINA-2505 11TH. AVENUE,cis-2-Pentene,2008-09-21T00:00,0.020,µg/m³,VOC,N/A
80110,REGINA-2505 11TH. AVENUE,cis-2-Pentene,2008-09-27T00:00,0.012,µg/m³,VOC,N/A
80110,REGINA-2505 11TH. AVENUE,cis-2-Pentene,2008-10-03T00:00,0.020,µg/m³,VOC,N/A
80110,REGINA-2505 11TH. AVENUE,cis-2-Pentene,2008-10-09T00:00,0.041,µg/m³,VOC,N/A
80110,REGINA-2505 11TH. AVENUE,cis-2-Pentene,2008-10-15T00:00,0.042,µg/m³,VOC,N/A
80110,REGINA-2505 11TH. AVENUE,cis-2-Pentene,2008-10-21T00:00,0.027,µg/m³,VOC,N/A
80110,REGINA-2505 11TH. AVENUE,cis-2-Pentene,2008-10-27T00:00,0.026,µg/m³,VOC,N/A
80110,REGINA-2505 11TH. AVENUE,cis-2-Pentene,2008-11-02T00:00,0.028,µg/m³,VOC,N/A
80110,REGINA-2505 11TH. AVENUE,cis-2-Pentene,2008-11-08T00:00,0.014,µg/m³,VOC,N/A
80110,REGINA-2505 11TH. AVENUE,cis-2-Pentene,2008-11-14T00:00,0.057,µg/m³,VOC,N/A
80110,REGINA-2505 11TH. AVENUE,cis-2-Pentene,2008-11-20T00:00,0.075,µg/m³,VOC,N/A
80110,REGINA-2505 11TH. AVENUE,cis-2-Pentene,2008-11-27T00:00,0.036,µg/m³,VOC,N/A
80110,REGINA-2505 11TH. AVENUE,cis-2-Pentene,2008-12-02T00:00,0.028,µg/m³,VOC,N/A
80110,REGINA-2505 11TH. AVENUE,cis-2-Pentene,2008-12-08T00:00,0.063,µg/m³,VOC,N/A
80110,REGINA-2505 11TH. AVENUE,cis-2-Pentene,2008-12-14T00:00,0.017,µg/m³,VOC,N/A
80110,REGINA-2505 11TH. AVENUE,cis-2-Pentene,2008-12-20T00:00,0.004,µg/m³,VOC,N/A
80110,REGINA-2505 11TH. AVENUE,cis-2-Pentene,2008-12-26T00:00,0.027,µg/m³,VOC,N/A
