﻿NAPS_Site_ID,Station_Name,Pollutant,Date,Value,Units,Report_Type,Method
64601,PT. PETRE,123678-H6CDF,2005-02-03T00:00,0.009,pg/m³,PCDD,
64601,PT. PETRE,123678-H6CDF,2005-02-27T00:00,0.006,pg/m³,PCDD,
64601,PT. PETRE,123678-H6CDF,2005-03-29T00:00,0.002,pg/m³,PCDD,
64601,PT. PETRE,123678-H6CDF,2005-04-16T00:00,0.008,pg/m³,PCDD,
64601,PT. PETRE,123678-H6CDF,2005-06-03T00:00,0.018,pg/m³,PCDD,
64601,PT. PETRE,123678-H6CDF,2005-06-27T00:00,0.004,pg/m³,PCDD,
64601,PT. PETRE,123678-H6CDF,2005-07-21T00:00,0.002,pg/m³,PCDD,
64601,PT. PETRE,123678-H6CDF,2005-08-14T00:00,0.001,pg/m³,PCDD,
64601,PT. PETRE,123678-H6CDF,2005-09-07T00:00,0.004,pg/m³,PCDD,
64601,PT. PETRE,123678-H6CDF,2005-10-01T00:00,0.005,pg/m³,PCDD,
64601,PT. PETRE,123678-H6CDF,2005-10-25T00:00,0.001,pg/m³,PCDD,
64601,PT. PETRE,123678-H6CDF,2005-11-18T00:00,0.002,pg/m³,PCDD,
64601,PT. PETRE,123678-H6CDF,2005-12-12T00:00,0.002,pg/m³,PCDD,
