﻿NAPS_Site_ID,Station_Name,Pollutant,Date,Value,Units,Report_Type,Method
60429,JUDSON ST. & ETONA CT. _ETOBICOKE_ (moved to kipling),3-Methylhexane,2008-01-01T00:00,0.178,µg/m³,VOC,
60429,JUDSON ST. & ETONA CT. _ETOBICOKE_ (moved to kipling),3-Methylhexane,2008-01-07T00:00,0.506,µg/m³,VOC,
60429,JUDSON ST. & ETONA CT. _ETOBICOKE_ (moved to kipling),3-Methylhexane,2008-01-13T00:00,0.301,µg/m³,VOC,
60429,JUDSON ST. & ETONA CT. _ETOBICOKE_ (moved to kipling),3-Methylhexane,2008-01-19T00:00,0.107,µg/m³,VOC,
60429,JUDSON ST. & ETONA CT. _ETOBICOKE_ (moved to kipling),3-Methylhexane,2008-01-25T00:00,0.312,µg/m³,VOC,
60429,JUDSON ST. & ETONA CT. _ETOBICOKE_ (moved to kipling),3-Methylhexane,2008-01-31T00:00,0.178,µg/m³,VOC,
60429,JUDSON ST. & ETONA CT. _ETOBICOKE_ (moved to kipling),3-Methylhexane,2008-02-06T00:00,0.278,µg/m³,VOC,
60429,JUDSON ST. & ETONA CT. _ETOBICOKE_ (moved to kipling),3-Methylhexane,2008-02-12T00:00,0.332,µg/m³,VOC,
60429,JUDSON ST. & ETONA CT. _ETOBICOKE_ (moved to kipling),3-Methylhexane,2008-02-18T00:00,0.132,µg/m³,VOC,
60429,JUDSON ST. & ETONA CT. _ETOBICOKE_ (moved to kipling),3-Methylhexane,2008-02-24T00:00,0.174,µg/m³,VOC,
60429,JUDSON ST. & ETONA CT. _ETOBICOKE_ (moved to kipling),3-Methylhexane,2008-03-01T00:00,0.181,µg/m³,VOC,
60429,JUDSON ST. & ETONA CT. _ETOBICOKE_ (moved to kipling),3-Methylhexane,2008-03-07T00:00,0.359,µg/m³,VOC,
60429,JUDSON ST. & ETONA CT. _ETOBICOKE_ (moved to kipling),3-Methylhexane,2008-03-13T00:00,0.331,µg/m³,VOC,
60429,JUDSON ST. & ETONA CT. _ETOBICOKE_ (moved to kipling),3-Methylhexane,2008-03-25T00:00,0.236,µg/m³,VOC,
60429,JUDSON ST. & ETONA CT. _ETOBICOKE_ (moved to kipling),3-Methylhexane,2008-03-31T00:00,0.164,µg/m³,VOC,
60429,JUDSON ST. & ETONA CT. _ETOBICOKE_ (moved to kipling),3-Methylhexane,2008-06-29T00:00,0.346,µg/m³,VOC,
60429,JUDSON ST. & ETONA CT. _ETOBICOKE_ (moved to kipling),3-Methylhexane,2008-07-05T00:00,0.437,µg/m³,VOC,
60429,JUDSON ST. & ETONA CT. _ETOBICOKE_ (moved to kipling),3-Methylhexane,2008-07-11T00:00,0.194,µg/m³,VOC,
60429,JUDSON ST. & ETONA CT. _ETOBICOKE_ (moved to kipling),3-Methylhexane,2008-07-17T00:00,1.352,µg/m³,VOC,
60429,JUDSON ST. & ETONA CT. _ETOBICOKE_ (moved to kipling),3-Methylhexane,2008-07-23T00:00,0.411,µg/m³,VOC,
60429,JUDSON ST. & ETONA CT. _ETOBICOKE_ (moved to kipling),3-Methylhexane,2008-07-29T00:00,0.477,µg/m³,VOC,
60429,JUDSON ST. & ETONA CT. _ETOBICOKE_ (moved to kipling),3-Methylhexane,2008-08-04T00:00,0.329,µg/m³,VOC,
60429,JUDSON ST. & ETONA CT. _ETOBICOKE_ (moved to kipling),3-Methylhexane,2008-08-10T00:00,0.224,µg/m³,VOC,
60429,JUDSON ST. & ETONA CT. _ETOBICOKE_ (moved to kipling),3-Methylhexane,2008-08-16T00:00,0.397,µg/m³,VOC,
60429,JUDSON ST. & ETONA CT. _ETOBICOKE_ (moved to kipling),3-Methylhexane,2008-08-22T00:00,0.462,µg/m³,VOC,
60429,JUDSON ST. & ETONA CT. _ETOBICOKE_ (moved to kipling),3-Methylhexane,2008-08-28T00:00,0.250,µg/m³,VOC,
60429,JUDSON ST. & ETONA CT. _ETOBICOKE_ (moved to kipling),3-Methylhexane,2008-09-03T00:00,1.555,µg/m³,VOC,
60429,JUDSON ST. & ETONA CT. _ETOBICOKE_ (moved to kipling),3-Methylhexane,2008-09-09T00:00,0.316,µg/m³,VOC,
60429,JUDSON ST. & ETONA CT. _ETOBICOKE_ (moved to kipling),3-Methylhexane,2008-09-15T00:00,0.163,µg/m³,VOC,
60429,JUDSON ST. & ETONA CT. _ETOBICOKE_ (moved to kipling),3-Methylhexane,2008-09-21T00:00,0.501,µg/m³,VOC,
60429,JUDSON ST. & ETONA CT. _ETOBICOKE_ (moved to kipling),3-Methylhexane,2008-09-27T00:00,0.667,µg/m³,VOC,
60429,JUDSON ST. & ETONA CT. _ETOBICOKE_ (moved to kipling),3-Methylhexane,2008-10-03T00:00,0.278,µg/m³,VOC,
60429,JUDSON ST. & ETONA CT. _ETOBICOKE_ (moved to kipling),3-Methylhexane,2008-10-09T00:00,0.314,µg/m³,VOC,
60429,JUDSON ST. & ETONA CT. _ETOBICOKE_ (moved to kipling),3-Methylhexane,2008-10-15T00:00,0.568,µg/m³,VOC,
60429,JUDSON ST. & ETONA CT. _ETOBICOKE_ (moved to kipling),3-Methylhexane,2008-10-21T00:00,0.144,µg/m³,VOC,
60429,JUDSON ST. & ETONA CT. _ETOBICOKE_ (moved to kipling),3-Methylhexane,2008-10-27T00:00,0.277,µg/m³,VOC,
60429,JUDSON ST. & ETONA CT. _ETOBICOKE_ (moved to kipling),3-Methylhexane,2008-11-02T00:00,0.123,µg/m³,VOC,
60429,JUDSON ST. & ETONA CT. _ETOBICOKE_ (moved to kipling),3-Methylhexane,2008-11-08T00:00,0.199,µg/m³,VOC,
60429,JUDSON ST. & ETONA CT. _ETOBICOKE_ (moved to kipling),3-Methylhexane,2008-11-14T00:00,0.432,µg/m³,VOC,
60429,JUDSON ST. & ETONA CT. _ETOBICOKE_ (moved to kipling),3-Methylhexane,2008-11-20T00:00,0.398,µg/m³,VOC,
60429,JUDSON ST. & ETONA CT. _ETOBICOKE_ (moved to kipling),3-Methylhexane,2008-11-26T00:00,0.250,µg/m³,VOC,
60429,JUDSON ST. & ETONA CT. _ETOBICOKE_ (moved to kipling),3-Methylhexane,2008-12-02T00:00,0.167,µg/m³,VOC,
