﻿NAPS_Site_ID,Station_Name,Pollutant,Date,Value,Units,Report_Type,Method
60211,WINDSOR WEST,Ethylene,2012-03-04T00:00,0.739,µg/m³,VOC,GC-FID
60211,WINDSOR WEST,Ethylene,2012-03-10T00:00,0.831,µg/m³,VOC,GC-FID
60211,WINDSOR WEST,Ethylene,2012-03-16T00:00,1.374,µg/m³,VOC,GC-FID
60211,WINDSOR WEST,Ethylene,2012-03-22T00:00,1.890,µg/m³,VOC,GC-FID
60211,WINDSOR WEST,Ethylene,2012-03-28T00:00,0.557,µg/m³,VOC,GC-FID
60211,WINDSOR WEST,Ethylene,2012-04-03T00:00,1.314,µg/m³,VOC,GC-FID
60211,WINDSOR WEST,Ethylene,2012-04-15T00:00,0.500,µg/m³,VOC,GC-FID
60211,WINDSOR WEST,Ethylene,2012-04-21T00:00,0.397,µg/m³,VOC,GC-FID
60211,WINDSOR WEST,Ethylene,2012-04-27T00:00,2.234,µg/m³,VOC,GC-FID
60211,WINDSOR WEST,Ethylene,2012-05-03T00:00,0.958,µg/m³,VOC,GC-FID
60211,WINDSOR WEST,Ethylene,2012-05-09T00:00,1.201,µg/m³,VOC,GC-FID
60211,WINDSOR WEST,Ethylene,2012-05-15T00:00,1.128,µg/m³,VOC,GC-FID
60211,WINDSOR WEST,Ethylene,2012-05-21T00:00,0.588,µg/m³,VOC,GC-FID
60211,WINDSOR WEST,Ethylene,2012-05-27T00:00,0.937,µg/m³,VOC,GC-FID
60211,WINDSOR WEST,Ethylene,2012-05-30T00:00,0.736,µg/m³,VOC,GC-FID
60211,WINDSOR WEST,Ethylene,2012-06-08T00:00,1.195,µg/m³,VOC,GC-FID
60211,WINDSOR WEST,Ethylene,2012-06-14T00:00,0.857,µg/m³,VOC,GC-FID
60211,WINDSOR WEST,Ethylene,2012-06-20T00:00,0.723,µg/m³,VOC,GC-FID
60211,WINDSOR WEST,Ethylene,2012-06-26T00:00,1.355,µg/m³,VOC,GC-FID
60211,WINDSOR WEST,Ethylene,2012-07-02T00:00,0.661,µg/m³,VOC,GC-FID
60211,WINDSOR WEST,Ethylene,2012-07-08T00:00,1.084,µg/m³,VOC,GC-FID
60211,WINDSOR WEST,Ethylene,2012-07-14T00:00,0.282,µg/m³,VOC,GC-FID
60211,WINDSOR WEST,Ethylene,2012-07-20T00:00,0.418,µg/m³,VOC,GC-FID
60211,WINDSOR WEST,Ethylene,2012-07-26T00:00,0.754,µg/m³,VOC,GC-FID
60211,WINDSOR WEST,Ethylene,2012-08-01T00:00,1.165,µg/m³,VOC,GC-FID
60211,WINDSOR WEST,Ethylene,2012-08-07T00:00,0.983,µg/m³,VOC,GC-FID
60211,WINDSOR WEST,Ethylene,2012-08-13T00:00,1.629,µg/m³,VOC,GC-FID
60211,WINDSOR WEST,Ethylene,2012-08-19T00:00,1.829,µg/m³,VOC,GC-FID
60211,WINDSOR WEST,Ethylene,2012-08-25T00:00,0.472,µg/m³,VOC,GC-FID
60211,WINDSOR WEST,Ethylene,2012-08-31T00:00,1.048,µg/m³,VOC,GC-FID
60211,WINDSOR WEST,Ethylene,2012-09-12T00:00,0.579,µg/m³,VOC,GC-FID
60211,WINDSOR WEST,Ethylene,2012-09-24T00:00,0.731,µg/m³,VOC,GC-FID
60211,WINDSOR WEST,Ethylene,2012-09-30T00:00,2.570,µg/m³,VOC,GC-FID
60211,WINDSOR WEST,Ethylene,2012-10-12T00:00,0.465,µg/m³,VOC,GC-FID
60211,WINDSOR WEST,Ethylene,2012-10-18T00:00,0.595,µg/m³,VOC,GC-FID
60211,WINDSOR WEST,Ethylene,2012-10-24T00:00,1.100,µg/m³,VOC,GC-FID
60211,WINDSOR WEST,Ethylene,2012-10-30T00:00,0.478,µg/m³,VOC,GC-FID
60211,WINDSOR WEST,Ethylene,2012-11-05T00:00,1.428,µg/m³,VOC,GC-FID
60211,WINDSOR WEST,Ethylene,2012-11-11T00:00,0.732,µg/m³,VOC,GC-FID
60211,WINDSOR WEST,Ethylene,2012-11-17T00:00,1.861,µg/m³,VOC,GC-FID
60211,WINDSOR WEST,Ethylene,2012-11-23T00:00,0.502,µg/m³,VOC,GC-FID
60211,WINDSOR WEST,Ethylene,2012-11-29T00:00,1.984,µg/m³,VOC,GC-FID
60211,WINDSOR WEST,Ethylene,2012-12-05T00:00,1.016,µg/m³,VOC,GC-FID
60211,WINDSOR WEST,Ethylene,2012-12-11T00:00,1.199,µg/m³,VOC,GC-FID
60211,WINDSOR WEST,Ethylene,2012-12-17T00:00,1.383,µg/m³,VOC,GC-FID
60211,WINDSOR WEST,Ethylene,2012-12-23T00:00,2.094,µg/m³,VOC,GC-FID
60211,WINDSOR WEST,Ethylene,2012-12-29T00:00,1.369,µg/m³,VOC,GC-FID
