﻿NAPS_Site_ID,Station_Name,Pollutant,Date,Value,Units,Report_Type,Method
100133,BURMOUNT,Freon 11,1995-01-03T00:00,2.011,µg/m³,VOC,N/A
100133,BURMOUNT,Freon 11,1995-01-15T00:00,2.205,µg/m³,VOC,N/A
100133,BURMOUNT,Freon 11,1995-01-27T00:00,2.219,µg/m³,VOC,N/A
100133,BURMOUNT,Freon 11,1995-02-08T00:00,1.867,µg/m³,VOC,N/A
100133,BURMOUNT,Freon 11,1995-02-20T00:00,2.288,µg/m³,VOC,N/A
100133,BURMOUNT,Freon 11,1995-03-04T00:00,2.457,µg/m³,VOC,N/A
100133,BURMOUNT,Freon 11,1995-03-16T00:00,2.433,µg/m³,VOC,N/A
100133,BURMOUNT,Freon 11,1995-03-28T00:00,2.290,µg/m³,VOC,N/A
100133,BURMOUNT,Freon 11,1995-04-09T00:00,2.294,µg/m³,VOC,N/A
100133,BURMOUNT,Freon 11,1995-05-03T00:00,2.338,µg/m³,VOC,N/A
100133,BURMOUNT,Freon 11,1995-05-09T00:00,2.383,µg/m³,VOC,N/A
100133,BURMOUNT,Freon 11,1995-05-15T00:00,2.315,µg/m³,VOC,N/A
100133,BURMOUNT,Freon 11,1995-06-02T00:00,2.144,µg/m³,VOC,N/A
100133,BURMOUNT,Freon 11,1995-06-14T00:00,2.890,µg/m³,VOC,N/A
100133,BURMOUNT,Freon 11,1995-06-20T00:00,3.080,µg/m³,VOC,N/A
100133,BURMOUNT,Freon 11,1995-06-26T00:00,1.754,µg/m³,VOC,N/A
100133,BURMOUNT,Freon 11,1995-07-02T00:00,1.703,µg/m³,VOC,N/A
100133,BURMOUNT,Freon 11,1995-07-20T00:00,1.649,µg/m³,VOC,N/A
100133,BURMOUNT,Freon 11,1995-08-31T00:00,1.679,µg/m³,VOC,N/A
100133,BURMOUNT,Freon 11,1995-09-12T00:00,2.054,µg/m³,VOC,N/A
100133,BURMOUNT,Freon 11,1995-09-30T00:00,2.603,µg/m³,VOC,N/A
100133,BURMOUNT,Freon 11,1995-10-12T00:00,2.497,µg/m³,VOC,N/A
100133,BURMOUNT,Freon 11,1995-10-18T00:00,2.623,µg/m³,VOC,N/A
100133,BURMOUNT,Freon 11,1995-10-24T00:00,2.429,µg/m³,VOC,N/A
100133,BURMOUNT,Freon 11,1995-10-30T00:00,2.717,µg/m³,VOC,N/A
100133,BURMOUNT,Freon 11,1995-11-11T00:00,2.456,µg/m³,VOC,N/A
100133,BURMOUNT,Freon 11,1995-11-23T00:00,2.176,µg/m³,VOC,N/A
100133,BURMOUNT,Freon 11,1995-12-05T00:00,2.355,µg/m³,VOC,N/A
100133,BURMOUNT,Freon 11,1995-12-29T00:00,1.740,µg/m³,VOC,N/A
