﻿NAPS_Site_ID,Station_Name,Pollutant,Date,Value,Units,Report_Type,Method
90132,EDMONTON MCINTYRE,Manganese,2008-01-01T00:00,0.000,µg/m³,DICHOT,EDXRF
90132,EDMONTON MCINTYRE,Manganese,2008-01-01T00:00,0.000,µg/m³,DICHOT,EDXRF
90132,EDMONTON MCINTYRE,Manganese,2008-01-04T00:00,0.004,µg/m³,DICHOT,EDXRF
90132,EDMONTON MCINTYRE,Manganese,2008-01-04T00:00,0.008,µg/m³,DICHOT,EDXRF
90132,EDMONTON MCINTYRE,Manganese,2008-01-07T00:00,0.004,µg/m³,DICHOT,EDXRF
90132,EDMONTON MCINTYRE,Manganese,2008-01-07T00:00,0.008,µg/m³,DICHOT,EDXRF
90132,EDMONTON MCINTYRE,Manganese,2008-01-10T00:00,0.010,µg/m³,DICHOT,EDXRF
90132,EDMONTON MCINTYRE,Manganese,2008-01-10T00:00,0.013,µg/m³,DICHOT,EDXRF
90132,EDMONTON MCINTYRE,Manganese,2008-01-13T00:00,0.000,µg/m³,DICHOT,EDXRF
90132,EDMONTON MCINTYRE,Manganese,2008-01-13T00:00,0.006,µg/m³,DICHOT,EDXRF
90132,EDMONTON MCINTYRE,Manganese,2008-01-16T00:00,0.004,µg/m³,DICHOT,EDXRF
90132,EDMONTON MCINTYRE,Manganese,2008-01-16T00:00,0.012,µg/m³,DICHOT,EDXRF
90132,EDMONTON MCINTYRE,Manganese,2008-01-19T00:00,0.001,µg/m³,DICHOT,EDXRF
90132,EDMONTON MCINTYRE,Manganese,2008-01-19T00:00,0.004,µg/m³,DICHOT,EDXRF
90132,EDMONTON MCINTYRE,Manganese,2008-01-22T00:00,0.001,µg/m³,DICHOT,EDXRF
90132,EDMONTON MCINTYRE,Manganese,2008-01-22T00:00,0.011,µg/m³,DICHOT,EDXRF
90132,EDMONTON MCINTYRE,Manganese,2008-01-25T00:00,0.000,µg/m³,DICHOT,EDXRF
90132,EDMONTON MCINTYRE,Manganese,2008-01-25T00:00,0.002,µg/m³,DICHOT,EDXRF
90132,EDMONTON MCINTYRE,Manganese,2008-01-28T00:00,0.000,µg/m³,DICHOT,EDXRF
90132,EDMONTON MCINTYRE,Manganese,2008-01-28T00:00,0.006,µg/m³,DICHOT,EDXRF
90132,EDMONTON MCINTYRE,Manganese,2008-01-31T00:00,0.000,µg/m³,DICHOT,EDXRF
90132,EDMONTON MCINTYRE,Manganese,2008-01-31T00:00,0.008,µg/m³,DICHOT,EDXRF
90132,EDMONTON MCINTYRE,Manganese,2008-02-03T00:00,0.001,µg/m³,DICHOT,EDXRF
90132,EDMONTON MCINTYRE,Manganese,2008-02-03T00:00,0.001,µg/m³,DICHOT,EDXRF
90132,EDMONTON MCINTYRE,Manganese,2008-02-06T00:00,0.000,µg/m³,DICHOT,EDXRF
90132,EDMONTON MCINTYRE,Manganese,2008-02-06T00:00,0.008,µg/m³,DICHOT,EDXRF
90132,EDMONTON MCINTYRE,Manganese,2008-02-09T00:00,0.001,µg/m³,DICHOT,EDXRF
90132,EDMONTON MCINTYRE,Manganese,2008-02-09T00:00,0.001,µg/m³,DICHOT,EDXRF
90132,EDMONTON MCINTYRE,Manganese,2008-02-12T00:00,0.001,µg/m³,DICHOT,EDXRF
90132,EDMONTON MCINTYRE,Manganese,2008-02-12T00:00,0.017,µg/m³,DICHOT,EDXRF
90132,EDMONTON MCINTYRE,Manganese,2008-02-15T00:00,0.003,µg/m³,DICHOT,EDXRF
90132,EDMONTON MCINTYRE,Manganese,2008-02-15T00:00,0.007,µg/m³,DICHOT,EDXRF
90132,EDMONTON MCINTYRE,Manganese,2008-02-18T00:00,0.000,µg/m³,DICHOT,EDXRF
90132,EDMONTON MCINTYRE,Manganese,2008-02-18T00:00,0.004,µg/m³,DICHOT,EDXRF
90132,EDMONTON MCINTYRE,Manganese,2008-02-21T00:00,0.017,µg/m³,DICHOT,EDXRF
90132,EDMONTON MCINTYRE,Manganese,2008-02-21T00:00,0.019,µg/m³,DICHOT,EDXRF
90132,EDMONTON MCINTYRE,Manganese,2008-02-24T00:00,0.000,µg/m³,DICHOT,EDXRF
90132,EDMONTON MCINTYRE,Manganese,2008-02-24T00:00,0.002,µg/m³,DICHOT,EDXRF
90132,EDMONTON MCINTYRE,Manganese,2008-02-27T00:00,0.007,µg/m³,DICHOT,EDXRF
90132,EDMONTON MCINTYRE,Manganese,2008-02-27T00:00,0.014,µg/m³,DICHOT,EDXRF
90132,EDMONTON MCINTYRE,Manganese,2008-03-01T00:00,0.001,µg/m³,DICHOT,EDXRF
90132,EDMONTON MCINTYRE,Manganese,2008-03-01T00:00,0.002,µg/m³,DICHOT,EDXRF
90132,EDMONTON MCINTYRE,Manganese,2008-03-04T00:00,0.004,µg/m³,DICHOT,EDXRF
90132,EDMONTON MCINTYRE,Manganese,2008-03-04T00:00,0.009,µg/m³,DICHOT,EDXRF
90132,EDMONTON MCINTYRE,Manganese,2008-03-07T00:00,0.003,µg/m³,DICHOT,EDXRF
90132,EDMONTON MCINTYRE,Manganese,2008-03-07T00:00,0.009,µg/m³,DICHOT,EDXRF
90132,EDMONTON MCINTYRE,Manganese,2008-03-10T00:00,0.009,µg/m³,DICHOT,EDXRF
90132,EDMONTON MCINTYRE,Manganese,2008-03-10T00:00,0.011,µg/m³,DICHOT,EDXRF
90132,EDMONTON MCINTYRE,Manganese,2008-03-13T00:00,0.005,µg/m³,DICHOT,EDXRF
90132,EDMONTON MCINTYRE,Manganese,2008-03-13T00:00,0.006,µg/m³,DICHOT,EDXRF
90132,EDMONTON MCINTYRE,Manganese,2008-03-16T00:00,0.000,µg/m³,DICHOT,EDXRF
90132,EDMONTON MCINTYRE,Manganese,2008-03-16T00:00,0.000,µg/m³,DICHOT,EDXRF
90132,EDMONTON MCINTYRE,Manganese,2008-03-19T00:00,0.004,µg/m³,DICHOT,EDXRF
90132,EDMONTON MCINTYRE,Manganese,2008-03-19T00:00,0.007,µg/m³,DICHOT,EDXRF
90132,EDMONTON MCINTYRE,Manganese,2008-03-22T00:00,0.000,µg/m³,DICHOT,EDXRF
90132,EDMONTON MCINTYRE,Manganese,2008-03-22T00:00,0.002,µg/m³,DICHOT,EDXRF
90132,EDMONTON MCINTYRE,Manganese,2008-03-25T00:00,0.007,µg/m³,DICHOT,EDXRF
90132,EDMONTON MCINTYRE,Manganese,2008-03-25T00:00,0.009,µg/m³,DICHOT,EDXRF
90132,EDMONTON MCINTYRE,Manganese,2008-03-28T00:00,0.006,µg/m³,DICHOT,EDXRF
90132,EDMONTON MCINTYRE,Manganese,2008-03-28T00:00,0.010,µg/m³,DICHOT,EDXRF
90132,EDMONTON MCINTYRE,Manganese,2008-03-31T00:00,0.002,µg/m³,DICHOT,EDXRF
90132,EDMONTON MCINTYRE,Manganese,2008-03-31T00:00,0.005,µg/m³,DICHOT,EDXRF
90132,EDMONTON MCINTYRE,Manganese,2008-04-03T00:00,0.006,µg/m³,DICHOT,EDXRF
90132,EDMONTON MCINTYRE,Manganese,2008-04-03T00:00,0.011,µg/m³,DICHOT,EDXRF
90132,EDMONTON MCINTYRE,Manganese,2008-04-06T00:00,0.001,µg/m³,DICHOT,EDXRF
90132,EDMONTON MCINTYRE,Manganese,2008-04-06T00:00,0.003,µg/m³,DICHOT,EDXRF
90132,EDMONTON MCINTYRE,Manganese,2008-04-09T00:00,0.005,µg/m³,DICHOT,EDXRF
90132,EDMONTON MCINTYRE,Manganese,2008-04-09T00:00,0.007,µg/m³,DICHOT,EDXRF
90132,EDMONTON MCINTYRE,Manganese,2008-04-12T00:00,0.003,µg/m³,DICHOT,EDXRF
90132,EDMONTON MCINTYRE,Manganese,2008-04-12T00:00,0.007,µg/m³,DICHOT,EDXRF
90132,EDMONTON MCINTYRE,Manganese,2008-04-15T00:00,0.011,µg/m³,DICHOT,EDXRF
90132,EDMONTON MCINTYRE,Manganese,2008-04-15T00:00,0.036,µg/m³,DICHOT,EDXRF
90132,EDMONTON MCINTYRE,Manganese,2008-04-18T00:00,0.008,µg/m³,DICHOT,EDXRF
90132,EDMONTON MCINTYRE,Manganese,2008-04-18T00:00,0.010,µg/m³,DICHOT,EDXRF
90132,EDMONTON MCINTYRE,Manganese,2008-04-21T00:00,0.000,µg/m³,DICHOT,EDXRF
90132,EDMONTON MCINTYRE,Manganese,2008-04-21T00:00,0.001,µg/m³,DICHOT,EDXRF
90132,EDMONTON MCINTYRE,Manganese,2008-04-24T00:00,0.002,µg/m³,DICHOT,EDXRF
90132,EDMONTON MCINTYRE,Manganese,2008-04-24T00:00,0.002,µg/m³,DICHOT,EDXRF
90132,EDMONTON MCINTYRE,Manganese,2008-04-27T00:00,0.004,µg/m³,DICHOT,EDXRF
90132,EDMONTON MCINTYRE,Manganese,2008-04-27T00:00,0.004,µg/m³,DICHOT,EDXRF
90132,EDMONTON MCINTYRE,Manganese,2008-04-30T00:00,0.003,µg/m³,DICHOT,EDXRF
90132,EDMONTON MCINTYRE,Manganese,2008-04-30T00:00,0.016,µg/m³,DICHOT,EDXRF
90132,EDMONTON MCINTYRE,Manganese,2008-05-03T00:00,0.012,µg/m³,DICHOT,EDXRF
90132,EDMONTON MCINTYRE,Manganese,2008-05-03T00:00,0.028,µg/m³,DICHOT,EDXRF
90132,EDMONTON MCINTYRE,Manganese,2008-05-06T00:00,0.016,µg/m³,DICHOT,EDXRF
90132,EDMONTON MCINTYRE,Manganese,2008-05-06T00:00,0.022,µg/m³,DICHOT,EDXRF
90132,EDMONTON MCINTYRE,Manganese,2008-05-09T00:00,0.008,µg/m³,DICHOT,EDXRF
90132,EDMONTON MCINTYRE,Manganese,2008-05-09T00:00,0.011,µg/m³,DICHOT,EDXRF
90132,EDMONTON MCINTYRE,Manganese,2008-05-12T00:00,0.008,µg/m³,DICHOT,EDXRF
90132,EDMONTON MCINTYRE,Manganese,2008-05-12T00:00,0.011,µg/m³,DICHOT,EDXRF
90132,EDMONTON MCINTYRE,Manganese,2008-05-15T00:00,0.015,µg/m³,DICHOT,EDXRF
90132,EDMONTON MCINTYRE,Manganese,2008-05-15T00:00,0.018,µg/m³,DICHOT,EDXRF
90132,EDMONTON MCINTYRE,Manganese,2008-05-18T00:00,0.005,µg/m³,DICHOT,EDXRF
90132,EDMONTON MCINTYRE,Manganese,2008-05-18T00:00,0.007,µg/m³,DICHOT,EDXRF
90132,EDMONTON MCINTYRE,Manganese,2008-05-21T00:00,0.005,µg/m³,DICHOT,EDXRF
90132,EDMONTON MCINTYRE,Manganese,2008-05-21T00:00,0.006,µg/m³,DICHOT,EDXRF
90132,EDMONTON MCINTYRE,Manganese,2008-05-24T00:00,0.004,µg/m³,DICHOT,EDXRF
90132,EDMONTON MCINTYRE,Manganese,2008-05-24T00:00,0.006,µg/m³,DICHOT,EDXRF
90132,EDMONTON MCINTYRE,Manganese,2008-05-27T00:00,0.000,µg/m³,DICHOT,EDXRF
90132,EDMONTON MCINTYRE,Manganese,2008-05-27T00:00,0.001,µg/m³,DICHOT,EDXRF
90132,EDMONTON MCINTYRE,Manganese,2008-05-30T00:00,0.005,µg/m³,DICHOT,EDXRF
90132,EDMONTON MCINTYRE,Manganese,2008-05-30T00:00,0.008,µg/m³,DICHOT,EDXRF
90132,EDMONTON MCINTYRE,Manganese,2008-06-02T00:00,0.004,µg/m³,DICHOT,EDXRF
90132,EDMONTON MCINTYRE,Manganese,2008-06-02T00:00,0.004,µg/m³,DICHOT,EDXRF
90132,EDMONTON MCINTYRE,Manganese,2008-06-05T00:00,0.001,µg/m³,DICHOT,EDXRF
90132,EDMONTON MCINTYRE,Manganese,2008-06-05T00:00,0.005,µg/m³,DICHOT,EDXRF
90132,EDMONTON MCINTYRE,Manganese,2008-06-08T00:00,0.002,µg/m³,DICHOT,EDXRF
90132,EDMONTON MCINTYRE,Manganese,2008-06-08T00:00,0.002,µg/m³,DICHOT,EDXRF
90132,EDMONTON MCINTYRE,Manganese,2008-06-11T00:00,0.006,µg/m³,DICHOT,EDXRF
90132,EDMONTON MCINTYRE,Manganese,2008-06-11T00:00,0.014,µg/m³,DICHOT,EDXRF
90132,EDMONTON MCINTYRE,Manganese,2008-06-14T00:00,0.003,µg/m³,DICHOT,EDXRF
90132,EDMONTON MCINTYRE,Manganese,2008-06-14T00:00,0.004,µg/m³,DICHOT,EDXRF
90132,EDMONTON MCINTYRE,Manganese,2008-06-17T00:00,0.007,µg/m³,DICHOT,EDXRF
90132,EDMONTON MCINTYRE,Manganese,2008-06-17T00:00,0.008,µg/m³,DICHOT,EDXRF
90132,EDMONTON MCINTYRE,Manganese,2008-06-20T00:00,0.002,µg/m³,DICHOT,EDXRF
90132,EDMONTON MCINTYRE,Manganese,2008-06-20T00:00,0.003,µg/m³,DICHOT,EDXRF
90132,EDMONTON MCINTYRE,Manganese,2008-06-23T00:00,0.003,µg/m³,DICHOT,EDXRF
90132,EDMONTON MCINTYRE,Manganese,2008-06-23T00:00,0.005,µg/m³,DICHOT,EDXRF
90132,EDMONTON MCINTYRE,Manganese,2008-06-26T00:00,0.006,µg/m³,DICHOT,EDXRF
90132,EDMONTON MCINTYRE,Manganese,2008-06-26T00:00,0.010,µg/m³,DICHOT,EDXRF
90132,EDMONTON MCINTYRE,Manganese,2008-06-29T00:00,0.002,µg/m³,DICHOT,EDXRF
90132,EDMONTON MCINTYRE,Manganese,2008-06-29T00:00,0.009,µg/m³,DICHOT,EDXRF
90132,EDMONTON MCINTYRE,Manganese,2008-07-05T00:00,0.004,µg/m³,DICHOT,EDXRF
90132,EDMONTON MCINTYRE,Manganese,2008-07-05T00:00,0.004,µg/m³,DICHOT,EDXRF
90132,EDMONTON MCINTYRE,Manganese,2008-07-08T00:00,0.005,µg/m³,DICHOT,EDXRF
90132,EDMONTON MCINTYRE,Manganese,2008-07-08T00:00,0.008,µg/m³,DICHOT,EDXRF
90132,EDMONTON MCINTYRE,Manganese,2008-07-11T00:00,0.004,µg/m³,DICHOT,EDXRF
90132,EDMONTON MCINTYRE,Manganese,2008-07-11T00:00,0.005,µg/m³,DICHOT,EDXRF
90132,EDMONTON MCINTYRE,Manganese,2008-07-14T00:00,0.002,µg/m³,DICHOT,EDXRF
90132,EDMONTON MCINTYRE,Manganese,2008-07-14T00:00,0.011,µg/m³,DICHOT,EDXRF
90132,EDMONTON MCINTYRE,Manganese,2008-07-17T00:00,0.003,µg/m³,DICHOT,EDXRF
90132,EDMONTON MCINTYRE,Manganese,2008-07-17T00:00,0.006,µg/m³,DICHOT,EDXRF
90132,EDMONTON MCINTYRE,Manganese,2008-07-20T00:00,0.001,µg/m³,DICHOT,EDXRF
90132,EDMONTON MCINTYRE,Manganese,2008-07-20T00:00,0.005,µg/m³,DICHOT,EDXRF
90132,EDMONTON MCINTYRE,Manganese,2008-07-23T00:00,0.004,µg/m³,DICHOT,EDXRF
90132,EDMONTON MCINTYRE,Manganese,2008-07-23T00:00,0.015,µg/m³,DICHOT,EDXRF
90132,EDMONTON MCINTYRE,Manganese,2008-07-26T00:00,0.002,µg/m³,DICHOT,EDXRF
90132,EDMONTON MCINTYRE,Manganese,2008-07-26T00:00,0.008,µg/m³,DICHOT,EDXRF
90132,EDMONTON MCINTYRE,Manganese,2008-07-29T00:00,0.002,µg/m³,DICHOT,EDXRF
90132,EDMONTON MCINTYRE,Manganese,2008-07-29T00:00,0.006,µg/m³,DICHOT,EDXRF
90132,EDMONTON MCINTYRE,Manganese,2008-08-01T00:00,0.003,µg/m³,DICHOT,EDXRF
90132,EDMONTON MCINTYRE,Manganese,2008-08-01T00:00,0.006,µg/m³,DICHOT,EDXRF
90132,EDMONTON MCINTYRE,Manganese,2008-08-04T00:00,0.002,µg/m³,DICHOT,EDXRF
90132,EDMONTON MCINTYRE,Manganese,2008-08-04T00:00,0.002,µg/m³,DICHOT,EDXRF
90132,EDMONTON MCINTYRE,Manganese,2008-08-07T00:00,0.006,µg/m³,DICHOT,EDXRF
90132,EDMONTON MCINTYRE,Manganese,2008-08-07T00:00,0.017,µg/m³,DICHOT,EDXRF
90132,EDMONTON MCINTYRE,Manganese,2008-08-10T00:00,0.003,µg/m³,DICHOT,EDXRF
90132,EDMONTON MCINTYRE,Manganese,2008-08-10T00:00,0.004,µg/m³,DICHOT,EDXRF
90132,EDMONTON MCINTYRE,Manganese,2008-08-13T00:00,0.005,µg/m³,DICHOT,EDXRF
90132,EDMONTON MCINTYRE,Manganese,2008-08-13T00:00,0.031,µg/m³,DICHOT,EDXRF
90132,EDMONTON MCINTYRE,Manganese,2008-08-16T00:00,0.005,µg/m³,DICHOT,EDXRF
90132,EDMONTON MCINTYRE,Manganese,2008-08-16T00:00,0.009,µg/m³,DICHOT,EDXRF
90132,EDMONTON MCINTYRE,Manganese,2008-08-19T00:00,0.009,µg/m³,DICHOT,EDXRF
90132,EDMONTON MCINTYRE,Manganese,2008-08-19T00:00,0.010,µg/m³,DICHOT,EDXRF
90132,EDMONTON MCINTYRE,Manganese,2008-08-22T00:00,0.004,µg/m³,DICHOT,EDXRF
90132,EDMONTON MCINTYRE,Manganese,2008-08-22T00:00,0.006,µg/m³,DICHOT,EDXRF
90132,EDMONTON MCINTYRE,Manganese,2008-08-25T00:00,0.007,µg/m³,DICHOT,EDXRF
90132,EDMONTON MCINTYRE,Manganese,2008-08-25T00:00,0.009,µg/m³,DICHOT,EDXRF
90132,EDMONTON MCINTYRE,Manganese,2008-09-03T00:00,0.007,µg/m³,DICHOT,EDXRF
90132,EDMONTON MCINTYRE,Manganese,2008-09-03T00:00,0.017,µg/m³,DICHOT,EDXRF
90132,EDMONTON MCINTYRE,Manganese,2008-09-06T00:00,0.004,µg/m³,DICHOT,EDXRF
90132,EDMONTON MCINTYRE,Manganese,2008-09-06T00:00,0.005,µg/m³,DICHOT,EDXRF
90132,EDMONTON MCINTYRE,Manganese,2008-09-09T00:00,0.003,µg/m³,DICHOT,EDXRF
90132,EDMONTON MCINTYRE,Manganese,2008-09-09T00:00,0.010,µg/m³,DICHOT,EDXRF
90132,EDMONTON MCINTYRE,Manganese,2008-09-12T00:00,0.003,µg/m³,DICHOT,EDXRF
90132,EDMONTON MCINTYRE,Manganese,2008-09-12T00:00,0.011,µg/m³,DICHOT,EDXRF
90132,EDMONTON MCINTYRE,Manganese,2008-09-15T00:00,0.008,µg/m³,DICHOT,EDXRF
90132,EDMONTON MCINTYRE,Manganese,2008-09-15T00:00,0.010,µg/m³,DICHOT,EDXRF
90132,EDMONTON MCINTYRE,Manganese,2008-09-18T00:00,0.015,µg/m³,DICHOT,EDXRF
90132,EDMONTON MCINTYRE,Manganese,2008-09-18T00:00,0.018,µg/m³,DICHOT,EDXRF
90132,EDMONTON MCINTYRE,Manganese,2008-09-21T00:00,0.006,µg/m³,DICHOT,EDXRF
90132,EDMONTON MCINTYRE,Manganese,2008-09-21T00:00,0.022,µg/m³,DICHOT,EDXRF
90132,EDMONTON MCINTYRE,Manganese,2008-09-24T00:00,0.004,µg/m³,DICHOT,EDXRF
90132,EDMONTON MCINTYRE,Manganese,2008-09-24T00:00,0.005,µg/m³,DICHOT,EDXRF
90132,EDMONTON MCINTYRE,Manganese,2008-09-27T00:00,0.002,µg/m³,DICHOT,EDXRF
90132,EDMONTON MCINTYRE,Manganese,2008-09-27T00:00,0.003,µg/m³,DICHOT,EDXRF
90132,EDMONTON MCINTYRE,Manganese,2008-09-30T00:00,0.012,µg/m³,DICHOT,EDXRF
90132,EDMONTON MCINTYRE,Manganese,2008-09-30T00:00,0.021,µg/m³,DICHOT,EDXRF
90132,EDMONTON MCINTYRE,Manganese,2008-10-03T00:00,0.011,µg/m³,DICHOT,EDXRF
90132,EDMONTON MCINTYRE,Manganese,2008-10-03T00:00,0.018,µg/m³,DICHOT,EDXRF
90132,EDMONTON MCINTYRE,Manganese,2008-10-06T00:00,0.001,µg/m³,DICHOT,EDXRF
90132,EDMONTON MCINTYRE,Manganese,2008-10-06T00:00,0.007,µg/m³,DICHOT,EDXRF
90132,EDMONTON MCINTYRE,Manganese,2008-10-12T00:00,0.000,µg/m³,DICHOT,EDXRF
90132,EDMONTON MCINTYRE,Manganese,2008-10-12T00:00,0.003,µg/m³,DICHOT,EDXRF
90132,EDMONTON MCINTYRE,Manganese,2008-10-15T00:00,0.003,µg/m³,DICHOT,EDXRF
90132,EDMONTON MCINTYRE,Manganese,2008-10-15T00:00,0.005,µg/m³,DICHOT,EDXRF
90132,EDMONTON MCINTYRE,Manganese,2008-10-18T00:00,0.002,µg/m³,DICHOT,EDXRF
90132,EDMONTON MCINTYRE,Manganese,2008-10-18T00:00,0.004,µg/m³,DICHOT,EDXRF
90132,EDMONTON MCINTYRE,Manganese,2008-10-21T00:00,0.005,µg/m³,DICHOT,EDXRF
90132,EDMONTON MCINTYRE,Manganese,2008-10-21T00:00,0.011,µg/m³,DICHOT,EDXRF
90132,EDMONTON MCINTYRE,Manganese,2008-10-24T00:00,0.005,µg/m³,DICHOT,EDXRF
90132,EDMONTON MCINTYRE,Manganese,2008-10-24T00:00,0.008,µg/m³,DICHOT,EDXRF
90132,EDMONTON MCINTYRE,Manganese,2008-10-27T00:00,0.012,µg/m³,DICHOT,EDXRF
90132,EDMONTON MCINTYRE,Manganese,2008-10-27T00:00,0.016,µg/m³,DICHOT,EDXRF
90132,EDMONTON MCINTYRE,Manganese,2008-10-30T00:00,0.002,µg/m³,DICHOT,EDXRF
90132,EDMONTON MCINTYRE,Manganese,2008-10-30T00:00,0.023,µg/m³,DICHOT,EDXRF
90132,EDMONTON MCINTYRE,Manganese,2008-11-05T00:00,0.000,µg/m³,DICHOT,EDXRF
90132,EDMONTON MCINTYRE,Manganese,2008-11-05T00:00,0.003,µg/m³,DICHOT,EDXRF
90132,EDMONTON MCINTYRE,Manganese,2008-11-08T00:00,0.003,µg/m³,DICHOT,EDXRF
90132,EDMONTON MCINTYRE,Manganese,2008-11-08T00:00,0.003,µg/m³,DICHOT,EDXRF
90132,EDMONTON MCINTYRE,Manganese,2008-11-11T00:00,0.000,µg/m³,DICHOT,EDXRF
90132,EDMONTON MCINTYRE,Manganese,2008-11-11T00:00,0.002,µg/m³,DICHOT,EDXRF
90132,EDMONTON MCINTYRE,Manganese,2008-11-14T00:00,0.004,µg/m³,DICHOT,EDXRF
90132,EDMONTON MCINTYRE,Manganese,2008-11-14T00:00,0.004,µg/m³,DICHOT,EDXRF
90132,EDMONTON MCINTYRE,Manganese,2008-11-17T00:00,0.001,µg/m³,DICHOT,EDXRF
90132,EDMONTON MCINTYRE,Manganese,2008-11-17T00:00,0.003,µg/m³,DICHOT,EDXRF
90132,EDMONTON MCINTYRE,Manganese,2008-11-20T00:00,0.002,µg/m³,DICHOT,EDXRF
90132,EDMONTON MCINTYRE,Manganese,2008-11-20T00:00,0.003,µg/m³,DICHOT,EDXRF
90132,EDMONTON MCINTYRE,Manganese,2008-11-23T00:00,0.002,µg/m³,DICHOT,EDXRF
90132,EDMONTON MCINTYRE,Manganese,2008-11-23T00:00,0.003,µg/m³,DICHOT,EDXRF
90132,EDMONTON MCINTYRE,Manganese,2008-11-26T00:00,0.004,µg/m³,DICHOT,EDXRF
90132,EDMONTON MCINTYRE,Manganese,2008-11-26T00:00,0.024,µg/m³,DICHOT,EDXRF
90132,EDMONTON MCINTYRE,Manganese,2008-11-29T00:00,0.001,µg/m³,DICHOT,EDXRF
90132,EDMONTON MCINTYRE,Manganese,2008-11-29T00:00,0.003,µg/m³,DICHOT,EDXRF
90132,EDMONTON MCINTYRE,Manganese,2008-12-02T00:00,0.001,µg/m³,DICHOT,EDXRF
90132,EDMONTON MCINTYRE,Manganese,2008-12-02T00:00,0.005,µg/m³,DICHOT,EDXRF
90132,EDMONTON MCINTYRE,Manganese,2008-12-05T00:00,0.004,µg/m³,DICHOT,EDXRF
90132,EDMONTON MCINTYRE,Manganese,2008-12-05T00:00,0.010,µg/m³,DICHOT,EDXRF
90132,EDMONTON MCINTYRE,Manganese,2008-12-08T00:00,0.005,µg/m³,DICHOT,EDXRF
90132,EDMONTON MCINTYRE,Manganese,2008-12-08T00:00,0.011,µg/m³,DICHOT,EDXRF
90132,EDMONTON MCINTYRE,Manganese,2008-12-11T00:00,0.002,µg/m³,DICHOT,EDXRF
90132,EDMONTON MCINTYRE,Manganese,2008-12-11T00:00,0.017,µg/m³,DICHOT,EDXRF
90132,EDMONTON MCINTYRE,Manganese,2008-12-14T00:00,0.002,µg/m³,DICHOT,EDXRF
90132,EDMONTON MCINTYRE,Manganese,2008-12-14T00:00,0.003,µg/m³,DICHOT,EDXRF
90132,EDMONTON MCINTYRE,Manganese,2008-12-17T00:00,0.003,µg/m³,DICHOT,EDXRF
90132,EDMONTON MCINTYRE,Manganese,2008-12-17T00:00,0.011,µg/m³,DICHOT,EDXRF
90132,EDMONTON MCINTYRE,Manganese,2008-12-20T00:00,0.003,µg/m³,DICHOT,EDXRF
90132,EDMONTON MCINTYRE,Manganese,2008-12-20T00:00,0.004,µg/m³,DICHOT,EDXRF
90132,EDMONTON MCINTYRE,Manganese,2008-12-23T00:00,0.002,µg/m³,DICHOT,EDXRF
90132,EDMONTON MCINTYRE,Manganese,2008-12-23T00:00,0.009,µg/m³,DICHOT,EDXRF
90132,EDMONTON MCINTYRE,Manganese,2008-12-26T00:00,0.002,µg/m³,DICHOT,EDXRF
90132,EDMONTON MCINTYRE,Manganese,2008-12-26T00:00,0.003,µg/m³,DICHOT,EDXRF
90132,EDMONTON MCINTYRE,Manganese,2008-01-01T00:00,0.000,µg/m³,IC,IC
90132,EDMONTON MCINTYRE,Manganese,2008-01-10T00:00,0.013,µg/m³,IC,IC
90132,EDMONTON MCINTYRE,Manganese,2008-01-13T00:00,0.007,µg/m³,IC,IC
90132,EDMONTON MCINTYRE,Manganese,2008-01-16T00:00,0.009,µg/m³,IC,IC
90132,EDMONTON MCINTYRE,Manganese,2008-01-19T00:00,0.007,µg/m³,IC,IC
90132,EDMONTON MCINTYRE,Manganese,2008-01-31T00:00,0.009,µg/m³,IC,IC
90132,EDMONTON MCINTYRE,Manganese,2008-02-03T00:00,0.013,µg/m³,IC,IC
90132,EDMONTON MCINTYRE,Manganese,2008-02-06T00:00,0.012,µg/m³,IC,IC
90132,EDMONTON MCINTYRE,Manganese,2008-02-09T00:00,0.000,µg/m³,IC,IC
90132,EDMONTON MCINTYRE,Manganese,2008-02-15T00:00,0.013,µg/m³,IC,IC
90132,EDMONTON MCINTYRE,Manganese,2008-02-18T00:00,0.012,µg/m³,IC,IC
90132,EDMONTON MCINTYRE,Manganese,2008-02-21T00:00,0.022,µg/m³,IC,IC
90132,EDMONTON MCINTYRE,Manganese,2008-02-24T00:00,0.012,µg/m³,IC,IC
90132,EDMONTON MCINTYRE,Manganese,2008-02-27T00:00,0.018,µg/m³,IC,IC
90132,EDMONTON MCINTYRE,Manganese,2008-03-01T00:00,0.010,µg/m³,IC,IC
90132,EDMONTON MCINTYRE,Manganese,2008-03-04T00:00,0.015,µg/m³,IC,IC
90132,EDMONTON MCINTYRE,Manganese,2008-03-07T00:00,0.013,µg/m³,IC,IC
90132,EDMONTON MCINTYRE,Manganese,2008-03-16T00:00,0.000,µg/m³,IC,IC
90132,EDMONTON MCINTYRE,Manganese,2008-03-19T00:00,0.012,µg/m³,IC,IC
90132,EDMONTON MCINTYRE,Manganese,2008-03-22T00:00,0.010,µg/m³,IC,IC
90132,EDMONTON MCINTYRE,Manganese,2008-03-25T00:00,0.012,µg/m³,IC,IC
90132,EDMONTON MCINTYRE,Manganese,2008-03-28T00:00,0.012,µg/m³,IC,IC
90132,EDMONTON MCINTYRE,Manganese,2008-03-31T00:00,0.011,µg/m³,IC,IC
90132,EDMONTON MCINTYRE,Manganese,2008-04-03T00:00,0.013,µg/m³,IC,IC
90132,EDMONTON MCINTYRE,Manganese,2008-04-06T00:00,0.000,µg/m³,IC,IC
90132,EDMONTON MCINTYRE,Manganese,2008-04-09T00:00,0.015,µg/m³,IC,IC
90132,EDMONTON MCINTYRE,Manganese,2008-04-12T00:00,0.000,µg/m³,IC,IC
90132,EDMONTON MCINTYRE,Manganese,2008-04-15T00:00,0.020,µg/m³,IC,IC
90132,EDMONTON MCINTYRE,Manganese,2008-04-18T00:00,0.009,µg/m³,IC,IC
90132,EDMONTON MCINTYRE,Manganese,2008-04-21T00:00,0.000,µg/m³,IC,IC
90132,EDMONTON MCINTYRE,Manganese,2008-04-24T00:00,0.000,µg/m³,IC,IC
90132,EDMONTON MCINTYRE,Manganese,2008-04-27T00:00,0.000,µg/m³,IC,IC
90132,EDMONTON MCINTYRE,Manganese,2008-04-30T00:00,0.013,µg/m³,IC,IC
90132,EDMONTON MCINTYRE,Manganese,2008-05-03T00:00,0.022,µg/m³,IC,IC
90132,EDMONTON MCINTYRE,Manganese,2008-05-06T00:00,0.014,µg/m³,IC,IC
90132,EDMONTON MCINTYRE,Manganese,2008-05-09T00:00,0.010,µg/m³,IC,IC
90132,EDMONTON MCINTYRE,Manganese,2008-05-12T00:00,0.012,µg/m³,IC,IC
90132,EDMONTON MCINTYRE,Manganese,2008-05-15T00:00,0.010,µg/m³,IC,IC
90132,EDMONTON MCINTYRE,Manganese,2008-05-18T00:00,0.010,µg/m³,IC,IC
90132,EDMONTON MCINTYRE,Manganese,2008-05-27T00:00,0.000,µg/m³,IC,IC
90132,EDMONTON MCINTYRE,Manganese,2008-05-30T00:00,0.010,µg/m³,IC,IC
90132,EDMONTON MCINTYRE,Manganese,2008-06-02T00:00,0.010,µg/m³,IC,IC
90132,EDMONTON MCINTYRE,Manganese,2008-06-05T00:00,0.010,µg/m³,IC,IC
90132,EDMONTON MCINTYRE,Manganese,2008-06-08T00:00,0.000,µg/m³,IC,IC
90132,EDMONTON MCINTYRE,Manganese,2008-06-11T00:00,0.015,µg/m³,IC,IC
90132,EDMONTON MCINTYRE,Manganese,2008-06-14T00:00,0.007,µg/m³,IC,IC
90132,EDMONTON MCINTYRE,Manganese,2008-06-17T00:00,0.009,µg/m³,IC,IC
90132,EDMONTON MCINTYRE,Manganese,2008-06-20T00:00,0.009,µg/m³,IC,IC
90132,EDMONTON MCINTYRE,Manganese,2008-06-23T00:00,0.011,µg/m³,IC,IC
90132,EDMONTON MCINTYRE,Manganese,2008-06-26T00:00,0.011,µg/m³,IC,IC
90132,EDMONTON MCINTYRE,Manganese,2008-06-29T00:00,0.008,µg/m³,IC,IC
90132,EDMONTON MCINTYRE,Manganese,2008-07-02T00:00,0.008,µg/m³,IC,IC
90132,EDMONTON MCINTYRE,Manganese,2008-07-05T00:00,0.007,µg/m³,IC,IC
90132,EDMONTON MCINTYRE,Manganese,2008-07-08T00:00,0.013,µg/m³,IC,IC
90132,EDMONTON MCINTYRE,Manganese,2008-07-11T00:00,0.008,µg/m³,IC,IC
90132,EDMONTON MCINTYRE,Manganese,2008-07-14T00:00,0.012,µg/m³,IC,IC
90132,EDMONTON MCINTYRE,Manganese,2008-07-17T00:00,0.005,µg/m³,IC,IC
90132,EDMONTON MCINTYRE,Manganese,2008-07-20T00:00,0.000,µg/m³,IC,IC
90132,EDMONTON MCINTYRE,Manganese,2008-07-23T00:00,0.014,µg/m³,IC,IC
90132,EDMONTON MCINTYRE,Manganese,2008-07-26T00:00,0.005,µg/m³,IC,IC
90132,EDMONTON MCINTYRE,Manganese,2008-07-29T00:00,0.004,µg/m³,IC,IC
90132,EDMONTON MCINTYRE,Manganese,2008-08-01T00:00,0.004,µg/m³,IC,IC
90132,EDMONTON MCINTYRE,Manganese,2008-08-04T00:00,0.003,µg/m³,IC,IC
90132,EDMONTON MCINTYRE,Manganese,2008-08-07T00:00,0.007,µg/m³,IC,IC
90132,EDMONTON MCINTYRE,Manganese,2008-08-10T00:00,0.003,µg/m³,IC,IC
90132,EDMONTON MCINTYRE,Manganese,2008-08-13T00:00,0.015,µg/m³,IC,IC
90132,EDMONTON MCINTYRE,Manganese,2008-08-16T00:00,0.000,µg/m³,IC,IC
90132,EDMONTON MCINTYRE,Manganese,2008-08-19T00:00,0.009,µg/m³,IC,IC
90132,EDMONTON MCINTYRE,Manganese,2008-08-22T00:00,0.000,µg/m³,IC,IC
90132,EDMONTON MCINTYRE,Manganese,2008-08-25T00:00,0.000,µg/m³,IC,IC
90132,EDMONTON MCINTYRE,Manganese,2008-08-28T00:00,0.000,µg/m³,IC,IC
90132,EDMONTON MCINTYRE,Manganese,2008-08-31T00:00,0.000,µg/m³,IC,IC
90132,EDMONTON MCINTYRE,Manganese,2008-09-03T00:00,0.000,µg/m³,IC,IC
90132,EDMONTON MCINTYRE,Manganese,2008-09-06T00:00,0.000,µg/m³,IC,IC
90132,EDMONTON MCINTYRE,Manganese,2008-09-09T00:00,0.008,µg/m³,IC,IC
90132,EDMONTON MCINTYRE,Manganese,2008-09-12T00:00,0.000,µg/m³,IC,IC
90132,EDMONTON MCINTYRE,Manganese,2008-09-15T00:00,0.000,µg/m³,IC,IC
90132,EDMONTON MCINTYRE,Manganese,2008-09-18T00:00,0.000,µg/m³,IC,IC
90132,EDMONTON MCINTYRE,Manganese,2008-09-21T00:00,0.000,µg/m³,IC,IC
90132,EDMONTON MCINTYRE,Manganese,2008-09-24T00:00,0.000,µg/m³,IC,IC
90132,EDMONTON MCINTYRE,Manganese,2008-09-27T00:00,0.000,µg/m³,IC,IC
90132,EDMONTON MCINTYRE,Manganese,2008-09-30T00:00,0.000,µg/m³,IC,IC
90132,EDMONTON MCINTYRE,Manganese,2008-10-03T00:00,0.000,µg/m³,IC,IC
90132,EDMONTON MCINTYRE,Manganese,2008-10-06T00:00,0.000,µg/m³,IC,IC
90132,EDMONTON MCINTYRE,Manganese,2008-10-09T00:00,0.000,µg/m³,IC,IC
90132,EDMONTON MCINTYRE,Manganese,2008-10-12T00:00,0.000,µg/m³,IC,IC
90132,EDMONTON MCINTYRE,Manganese,2008-10-15T00:00,0.000,µg/m³,IC,IC
90132,EDMONTON MCINTYRE,Manganese,2008-10-18T00:00,0.000,µg/m³,IC,IC
90132,EDMONTON MCINTYRE,Manganese,2008-10-21T00:00,0.006,µg/m³,IC,IC
90132,EDMONTON MCINTYRE,Manganese,2008-10-24T00:00,0.000,µg/m³,IC,IC
90132,EDMONTON MCINTYRE,Manganese,2008-10-27T00:00,0.000,µg/m³,IC,IC
90132,EDMONTON MCINTYRE,Manganese,2008-10-30T00:00,0.007,µg/m³,IC,IC
90132,EDMONTON MCINTYRE,Manganese,2008-11-02T00:00,0.000,µg/m³,IC,IC
90132,EDMONTON MCINTYRE,Manganese,2008-11-05T00:00,0.000,µg/m³,IC,IC
90132,EDMONTON MCINTYRE,Manganese,2008-11-08T00:00,0.000,µg/m³,IC,IC
90132,EDMONTON MCINTYRE,Manganese,2008-11-11T00:00,0.000,µg/m³,IC,IC
90132,EDMONTON MCINTYRE,Manganese,2008-11-14T00:00,0.000,µg/m³,IC,IC
90132,EDMONTON MCINTYRE,Manganese,2008-11-17T00:00,0.000,µg/m³,IC,IC
90132,EDMONTON MCINTYRE,Manganese,2008-11-20T00:00,0.000,µg/m³,IC,IC
90132,EDMONTON MCINTYRE,Manganese,2008-11-23T00:00,0.000,µg/m³,IC,IC
90132,EDMONTON MCINTYRE,Manganese,2008-11-26T00:00,0.000,µg/m³,IC,IC
90132,EDMONTON MCINTYRE,Manganese,2008-11-29T00:00,0.000,µg/m³,IC,IC
90132,EDMONTON MCINTYRE,Manganese,2008-12-02T00:00,0.000,µg/m³,IC,IC
90132,EDMONTON MCINTYRE,Manganese,2008-12-05T00:00,0.006,µg/m³,IC,IC
90132,EDMONTON MCINTYRE,Manganese,2008-12-08T00:00,0.007,µg/m³,IC,IC
90132,EDMONTON MCINTYRE,Manganese,2008-12-11T00:00,0.005,µg/m³,IC,IC
90132,EDMONTON MCINTYRE,Manganese,2008-12-14T00:00,0.000,µg/m³,IC,IC
90132,EDMONTON MCINTYRE,Manganese,2008-12-17T00:00,0.009,µg/m³,IC,IC
90132,EDMONTON MCINTYRE,Manganese,2008-12-20T00:00,0.000,µg/m³,IC,IC
90132,EDMONTON MCINTYRE,Manganese,2008-12-23T00:00,0.000,µg/m³,IC,IC
90132,EDMONTON MCINTYRE,Manganese,2008-12-26T00:00,0.000,µg/m³,IC,IC
90132,EDMONTON MCINTYRE,Manganese,2008-12-29T00:00,0.000,µg/m³,IC,IC
90132,EDMONTON MCINTYRE,Manganese,2008-01-01T00:00,0.000,µg/m³,WICPMS,WICPMS
90132,EDMONTON MCINTYRE,Manganese,2008-01-10T00:00,0.008,µg/m³,WICPMS,WICPMS
90132,EDMONTON MCINTYRE,Manganese,2008-01-13T00:00,0.001,µg/m³,WICPMS,WICPMS
90132,EDMONTON MCINTYRE,Manganese,2008-01-16T00:00,0.004,µg/m³,WICPMS,WICPMS
90132,EDMONTON MCINTYRE,Manganese,2008-01-19T00:00,0.003,µg/m³,WICPMS,WICPMS
90132,EDMONTON MCINTYRE,Manganese,2008-01-31T00:00,0.005,µg/m³,WICPMS,WICPMS
90132,EDMONTON MCINTYRE,Manganese,2008-02-03T00:00,0.003,µg/m³,WICPMS,WICPMS
90132,EDMONTON MCINTYRE,Manganese,2008-02-06T00:00,0.005,µg/m³,WICPMS,WICPMS
90132,EDMONTON MCINTYRE,Manganese,2008-02-09T00:00,0.001,µg/m³,WICPMS,WICPMS
90132,EDMONTON MCINTYRE,Manganese,2008-02-15T00:00,0.005,µg/m³,WICPMS,WICPMS
90132,EDMONTON MCINTYRE,Manganese,2008-02-18T00:00,0.002,µg/m³,WICPMS,WICPMS
90132,EDMONTON MCINTYRE,Manganese,2008-02-21T00:00,0.010,µg/m³,WICPMS,WICPMS
90132,EDMONTON MCINTYRE,Manganese,2008-02-24T00:00,0.001,µg/m³,WICPMS,WICPMS
90132,EDMONTON MCINTYRE,Manganese,2008-02-27T00:00,0.008,µg/m³,WICPMS,WICPMS
90132,EDMONTON MCINTYRE,Manganese,2008-03-01T00:00,0.001,µg/m³,WICPMS,WICPMS
90132,EDMONTON MCINTYRE,Manganese,2008-03-04T00:00,0.005,µg/m³,WICPMS,WICPMS
90132,EDMONTON MCINTYRE,Manganese,2008-03-07T00:00,0.004,µg/m³,WICPMS,WICPMS
90132,EDMONTON MCINTYRE,Manganese,2008-03-16T00:00,0.000,µg/m³,WICPMS,WICPMS
90132,EDMONTON MCINTYRE,Manganese,2008-03-19T00:00,0.005,µg/m³,WICPMS,WICPMS
90132,EDMONTON MCINTYRE,Manganese,2008-03-22T00:00,0.001,µg/m³,WICPMS,WICPMS
90132,EDMONTON MCINTYRE,Manganese,2008-03-25T00:00,0.005,µg/m³,WICPMS,WICPMS
90132,EDMONTON MCINTYRE,Manganese,2008-03-28T00:00,0.004,µg/m³,WICPMS,WICPMS
90132,EDMONTON MCINTYRE,Manganese,2008-03-31T00:00,0.003,µg/m³,WICPMS,WICPMS
90132,EDMONTON MCINTYRE,Manganese,2008-04-03T00:00,0.006,µg/m³,WICPMS,WICPMS
90132,EDMONTON MCINTYRE,Manganese,2008-04-06T00:00,0.001,µg/m³,WICPMS,WICPMS
90132,EDMONTON MCINTYRE,Manganese,2008-04-09T00:00,0.005,µg/m³,WICPMS,WICPMS
90132,EDMONTON MCINTYRE,Manganese,2008-04-12T00:00,0.002,µg/m³,WICPMS,WICPMS
90132,EDMONTON MCINTYRE,Manganese,2008-04-15T00:00,0.010,µg/m³,WICPMS,WICPMS
90132,EDMONTON MCINTYRE,Manganese,2008-04-18T00:00,0.003,µg/m³,WICPMS,WICPMS
90132,EDMONTON MCINTYRE,Manganese,2008-04-21T00:00,0.002,µg/m³,WICPMS,WICPMS
90132,EDMONTON MCINTYRE,Manganese,2008-04-24T00:00,0.000,µg/m³,WICPMS,WICPMS
90132,EDMONTON MCINTYRE,Manganese,2008-04-27T00:00,0.001,µg/m³,WICPMS,WICPMS
90132,EDMONTON MCINTYRE,Manganese,2008-04-30T00:00,0.007,µg/m³,WICPMS,WICPMS
90132,EDMONTON MCINTYRE,Manganese,2008-05-03T00:00,0.008,µg/m³,WICPMS,WICPMS
90132,EDMONTON MCINTYRE,Manganese,2008-05-06T00:00,0.008,µg/m³,WICPMS,WICPMS
90132,EDMONTON MCINTYRE,Manganese,2008-05-09T00:00,0.003,µg/m³,WICPMS,WICPMS
90132,EDMONTON MCINTYRE,Manganese,2008-05-12T00:00,0.005,µg/m³,WICPMS,WICPMS
90132,EDMONTON MCINTYRE,Manganese,2008-05-15T00:00,0.004,µg/m³,WICPMS,WICPMS
90132,EDMONTON MCINTYRE,Manganese,2008-05-18T00:00,0.003,µg/m³,WICPMS,WICPMS
90132,EDMONTON MCINTYRE,Manganese,2008-05-27T00:00,0.001,µg/m³,WICPMS,WICPMS
90132,EDMONTON MCINTYRE,Manganese,2008-05-30T00:00,0.003,µg/m³,WICPMS,WICPMS
90132,EDMONTON MCINTYRE,Manganese,2008-06-02T00:00,0.002,µg/m³,WICPMS,WICPMS
90132,EDMONTON MCINTYRE,Manganese,2008-06-05T00:00,0.001,µg/m³,WICPMS,WICPMS
90132,EDMONTON MCINTYRE,Manganese,2008-06-08T00:00,0.000,µg/m³,WICPMS,WICPMS
90132,EDMONTON MCINTYRE,Manganese,2008-06-11T00:00,0.006,µg/m³,WICPMS,WICPMS
90132,EDMONTON MCINTYRE,Manganese,2008-06-14T00:00,0.001,µg/m³,WICPMS,WICPMS
90132,EDMONTON MCINTYRE,Manganese,2008-06-17T00:00,0.003,µg/m³,WICPMS,WICPMS
90132,EDMONTON MCINTYRE,Manganese,2008-06-20T00:00,0.002,µg/m³,WICPMS,WICPMS
90132,EDMONTON MCINTYRE,Manganese,2008-06-23T00:00,0.003,µg/m³,WICPMS,WICPMS
90132,EDMONTON MCINTYRE,Manganese,2008-06-26T00:00,0.004,µg/m³,WICPMS,WICPMS
90132,EDMONTON MCINTYRE,Manganese,2008-06-29T00:00,0.002,µg/m³,WICPMS,WICPMS
90132,EDMONTON MCINTYRE,Manganese,2008-07-02T00:00,0.002,µg/m³,WICPMS,WICPMS
90132,EDMONTON MCINTYRE,Manganese,2008-07-05T00:00,0.001,µg/m³,WICPMS,WICPMS
90132,EDMONTON MCINTYRE,Manganese,2008-07-08T00:00,0.005,µg/m³,WICPMS,WICPMS
90132,EDMONTON MCINTYRE,Manganese,2008-07-11T00:00,0.002,µg/m³,WICPMS,WICPMS
90132,EDMONTON MCINTYRE,Manganese,2008-08-13T00:00,0.010,µg/m³,WICPMS,WICPMS
90132,EDMONTON MCINTYRE,Manganese,2008-08-16T00:00,0.002,µg/m³,WICPMS,WICPMS
90132,EDMONTON MCINTYRE,Manganese,2008-08-19T00:00,0.007,µg/m³,WICPMS,WICPMS
90132,EDMONTON MCINTYRE,Manganese,2008-08-22T00:00,0.003,µg/m³,WICPMS,WICPMS
90132,EDMONTON MCINTYRE,Manganese,2008-08-25T00:00,0.003,µg/m³,WICPMS,WICPMS
90132,EDMONTON MCINTYRE,Manganese,2008-08-28T00:00,0.003,µg/m³,WICPMS,WICPMS
90132,EDMONTON MCINTYRE,Manganese,2008-08-31T00:00,0.001,µg/m³,WICPMS,WICPMS
90132,EDMONTON MCINTYRE,Manganese,2008-09-03T00:00,0.007,µg/m³,WICPMS,WICPMS
90132,EDMONTON MCINTYRE,Manganese,2008-09-06T00:00,0.002,µg/m³,WICPMS,WICPMS
90132,EDMONTON MCINTYRE,Manganese,2008-09-09T00:00,0.004,µg/m³,WICPMS,WICPMS
90132,EDMONTON MCINTYRE,Manganese,2008-09-12T00:00,0.003,µg/m³,WICPMS,WICPMS
90132,EDMONTON MCINTYRE,Manganese,2008-09-15T00:00,0.000,µg/m³,WICPMS,WICPMS
90132,EDMONTON MCINTYRE,Manganese,2008-09-18T00:00,0.009,µg/m³,WICPMS,WICPMS
90132,EDMONTON MCINTYRE,Manganese,2008-09-21T00:00,0.004,µg/m³,WICPMS,WICPMS
90132,EDMONTON MCINTYRE,Manganese,2008-09-24T00:00,0.002,µg/m³,WICPMS,WICPMS
90132,EDMONTON MCINTYRE,Manganese,2008-09-27T00:00,0.001,µg/m³,WICPMS,WICPMS
90132,EDMONTON MCINTYRE,Manganese,2008-09-30T00:00,0.006,µg/m³,WICPMS,WICPMS
90132,EDMONTON MCINTYRE,Manganese,2008-10-03T00:00,0.005,µg/m³,WICPMS,WICPMS
90132,EDMONTON MCINTYRE,Manganese,2008-10-06T00:00,0.003,µg/m³,WICPMS,WICPMS
90132,EDMONTON MCINTYRE,Manganese,2008-10-09T00:00,0.005,µg/m³,WICPMS,WICPMS
90132,EDMONTON MCINTYRE,Manganese,2008-10-12T00:00,0.001,µg/m³,WICPMS,WICPMS
90132,EDMONTON MCINTYRE,Manganese,2008-10-15T00:00,0.002,µg/m³,WICPMS,WICPMS
90132,EDMONTON MCINTYRE,Manganese,2008-10-18T00:00,0.002,µg/m³,WICPMS,WICPMS
90132,EDMONTON MCINTYRE,Manganese,2008-10-21T00:00,0.004,µg/m³,WICPMS,WICPMS
90132,EDMONTON MCINTYRE,Manganese,2008-10-24T00:00,0.004,µg/m³,WICPMS,WICPMS
90132,EDMONTON MCINTYRE,Manganese,2008-10-27T00:00,0.006,µg/m³,WICPMS,WICPMS
90132,EDMONTON MCINTYRE,Manganese,2008-10-30T00:00,0.004,µg/m³,WICPMS,WICPMS
90132,EDMONTON MCINTYRE,Manganese,2008-11-02T00:00,0.002,µg/m³,WICPMS,WICPMS
90132,EDMONTON MCINTYRE,Manganese,2008-11-05T00:00,0.001,µg/m³,WICPMS,WICPMS
90132,EDMONTON MCINTYRE,Manganese,2008-11-08T00:00,0.001,µg/m³,WICPMS,WICPMS
90132,EDMONTON MCINTYRE,Manganese,2008-11-11T00:00,0.001,µg/m³,WICPMS,WICPMS
90132,EDMONTON MCINTYRE,Manganese,2008-11-14T00:00,0.001,µg/m³,WICPMS,WICPMS
90132,EDMONTON MCINTYRE,Manganese,2008-11-17T00:00,0.001,µg/m³,WICPMS,WICPMS
90132,EDMONTON MCINTYRE,Manganese,2008-11-20T00:00,0.001,µg/m³,WICPMS,WICPMS
90132,EDMONTON MCINTYRE,Manganese,2008-11-23T00:00,0.001,µg/m³,WICPMS,WICPMS
90132,EDMONTON MCINTYRE,Manganese,2008-11-26T00:00,0.005,µg/m³,WICPMS,WICPMS
90132,EDMONTON MCINTYRE,Manganese,2008-11-29T00:00,0.001,µg/m³,WICPMS,WICPMS
90132,EDMONTON MCINTYRE,Manganese,2008-12-02T00:00,0.001,µg/m³,WICPMS,WICPMS
90132,EDMONTON MCINTYRE,Manganese,2008-12-05T00:00,0.005,µg/m³,WICPMS,WICPMS
90132,EDMONTON MCINTYRE,Manganese,2008-12-08T00:00,0.005,µg/m³,WICPMS,WICPMS
90132,EDMONTON MCINTYRE,Manganese,2008-12-11T00:00,0.005,µg/m³,WICPMS,WICPMS
90132,EDMONTON MCINTYRE,Manganese,2008-12-14T00:00,0.001,µg/m³,WICPMS,WICPMS
90132,EDMONTON MCINTYRE,Manganese,2008-12-17T00:00,0.007,µg/m³,WICPMS,WICPMS
90132,EDMONTON MCINTYRE,Manganese,2008-12-20T00:00,0.002,µg/m³,WICPMS,WICPMS
90132,EDMONTON MCINTYRE,Manganese,2008-12-23T00:00,0.007,µg/m³,WICPMS,WICPMS
90132,EDMONTON MCINTYRE,Manganese,2008-12-26T00:00,0.001,µg/m³,WICPMS,WICPMS
90132,EDMONTON MCINTYRE,Manganese,2008-12-29T00:00,0.000,µg/m³,WICPMS,WICPMS
