﻿NAPS_Site_ID,Station_Name,Pollutant,Date,Value,Units,Report_Type,Method
90121,EDMONTON EAST,123478-H6CDD,1997-01-22T00:00,0.000,pg/m³,PCDD,GC-MS
90121,EDMONTON EAST,123478-H6CDD,1997-02-15T00:00,0.000,pg/m³,PCDD,GC-MS
90121,EDMONTON EAST,123478-H6CDD,1997-03-11T00:00,0.000,pg/m³,PCDD,GC-MS
90121,EDMONTON EAST,123478-H6CDD,1997-03-11T00:00,0.008,pg/m³,PCDD,GC-MS
90121,EDMONTON EAST,123478-H6CDD,1997-04-28T00:00,0.000,pg/m³,PCDD,GC-MS
90121,EDMONTON EAST,123478-H6CDD,1997-05-22T00:00,0.012,pg/m³,PCDD,GC-MS
90121,EDMONTON EAST,123478-H6CDD,1997-06-15T00:00,0.000,pg/m³,PCDD,GC-MS
90121,EDMONTON EAST,123478-H6CDD,1997-07-09T00:00,0.010,pg/m³,PCDD,GC-MS
90121,EDMONTON EAST,123478-H6CDD,1997-08-02T00:00,0.010,pg/m³,PCDD,GC-MS
90121,EDMONTON EAST,123478-H6CDD,1997-08-26T00:00,0.012,pg/m³,PCDD,GC-MS
90121,EDMONTON EAST,123478-H6CDD,1997-09-19T00:00,0.017,pg/m³,PCDD,GC-MS
90121,EDMONTON EAST,123478-H6CDD,1997-10-13T00:00,0.012,pg/m³,PCDD,GC-MS
90121,EDMONTON EAST,123478-H6CDD,1997-10-25T00:00,0.017,pg/m³,PCDD,GC-MS
90121,EDMONTON EAST,123478-H6CDD,1997-11-06T00:00,0.014,pg/m³,PCDD,GC-MS
90121,EDMONTON EAST,123478-H6CDD,1997-11-30T00:00,0.012,pg/m³,PCDD,GC-MS
90121,EDMONTON EAST,123478-H6CDD,1997-12-24T00:00,0.009,pg/m³,PCDD,GC-MS
