﻿NAPS_Site_ID,Station_Name,Pollutant,Date,Value,Units,Report_Type,Method
40203,FOREST HILLS,cis-2-Hexene,2003-02-20T00:00,0.011,µg/m³,VOC,GC-MS
40203,FOREST HILLS,cis-2-Hexene,2003-02-26T00:00,0.011,µg/m³,VOC,GC-MS
40203,FOREST HILLS,cis-2-Hexene,2003-03-04T00:00,0.004,µg/m³,VOC,GC-MS
40203,FOREST HILLS,cis-2-Hexene,2003-03-10T00:00,0.006,µg/m³,VOC,GC-MS
40203,FOREST HILLS,cis-2-Hexene,2003-03-16T00:00,0.003,µg/m³,VOC,GC-MS
40203,FOREST HILLS,cis-2-Hexene,2003-03-22T00:00,0.053,µg/m³,VOC,GC-MS
40203,FOREST HILLS,cis-2-Hexene,2003-03-28T00:00,0.060,µg/m³,VOC,GC-MS
40203,FOREST HILLS,cis-2-Hexene,2003-04-03T00:00,0.015,µg/m³,VOC,GC-MS
40203,FOREST HILLS,cis-2-Hexene,2003-04-09T00:00,0.042,µg/m³,VOC,GC-MS
40203,FOREST HILLS,cis-2-Hexene,2003-04-15T00:00,0.081,µg/m³,VOC,GC-MS
40203,FOREST HILLS,cis-2-Hexene,2003-04-21T00:00,0.105,µg/m³,VOC,GC-MS
40203,FOREST HILLS,cis-2-Hexene,2003-05-03T00:00,0.005,µg/m³,VOC,GC-MS
40203,FOREST HILLS,cis-2-Hexene,2003-05-09T00:00,0.005,µg/m³,VOC,GC-MS
40203,FOREST HILLS,cis-2-Hexene,2003-05-15T00:00,0.003,µg/m³,VOC,GC-MS
40203,FOREST HILLS,cis-2-Hexene,2003-05-21T00:00,0.102,µg/m³,VOC,GC-MS
40203,FOREST HILLS,cis-2-Hexene,2003-05-27T00:00,0.024,µg/m³,VOC,GC-MS
40203,FOREST HILLS,cis-2-Hexene,2003-06-08T00:00,0.024,µg/m³,VOC,GC-MS
40203,FOREST HILLS,cis-2-Hexene,2003-06-14T00:00,0.008,µg/m³,VOC,GC-MS
40203,FOREST HILLS,cis-2-Hexene,2003-06-20T00:00,0.096,µg/m³,VOC,GC-MS
40203,FOREST HILLS,cis-2-Hexene,2003-06-26T00:00,0.082,µg/m³,VOC,GC-MS
40203,FOREST HILLS,cis-2-Hexene,2003-07-08T00:00,0.066,µg/m³,VOC,GC-MS
40203,FOREST HILLS,cis-2-Hexene,2003-07-20T00:00,0.113,µg/m³,VOC,GC-MS
40203,FOREST HILLS,cis-2-Hexene,2003-07-26T00:00,0.347,µg/m³,VOC,GC-MS
40203,FOREST HILLS,cis-2-Hexene,2003-08-01T00:00,0.165,µg/m³,VOC,GC-MS
40203,FOREST HILLS,cis-2-Hexene,2003-08-07T00:00,0.132,µg/m³,VOC,GC-MS
40203,FOREST HILLS,cis-2-Hexene,2003-08-13T00:00,0.107,µg/m³,VOC,GC-MS
40203,FOREST HILLS,cis-2-Hexene,2003-08-19T00:00,0.379,µg/m³,VOC,GC-MS
40203,FOREST HILLS,cis-2-Hexene,2003-08-25T00:00,0.053,µg/m³,VOC,GC-MS
40203,FOREST HILLS,cis-2-Hexene,2003-08-31T00:00,0.134,µg/m³,VOC,GC-MS
40203,FOREST HILLS,cis-2-Hexene,2003-09-06T00:00,0.131,µg/m³,VOC,GC-MS
40203,FOREST HILLS,cis-2-Hexene,2003-09-12T00:00,0.369,µg/m³,VOC,GC-MS
40203,FOREST HILLS,cis-2-Hexene,2003-09-18T00:00,0.052,µg/m³,VOC,GC-MS
40203,FOREST HILLS,cis-2-Hexene,2003-09-24T00:00,0.136,µg/m³,VOC,GC-MS
40203,FOREST HILLS,cis-2-Hexene,2003-09-30T00:00,0.091,µg/m³,VOC,GC-MS
40203,FOREST HILLS,cis-2-Hexene,2003-10-06T00:00,0.023,µg/m³,VOC,GC-MS
40203,FOREST HILLS,cis-2-Hexene,2003-10-12T00:00,0.138,µg/m³,VOC,GC-MS
40203,FOREST HILLS,cis-2-Hexene,2003-10-18T00:00,0.033,µg/m³,VOC,GC-MS
40203,FOREST HILLS,cis-2-Hexene,2003-10-24T00:00,0.011,µg/m³,VOC,GC-MS
40203,FOREST HILLS,cis-2-Hexene,2003-10-30T00:00,0.020,µg/m³,VOC,GC-MS
40203,FOREST HILLS,cis-2-Hexene,2003-11-05T00:00,0.039,µg/m³,VOC,GC-MS
40203,FOREST HILLS,cis-2-Hexene,2003-11-11T00:00,0.024,µg/m³,VOC,GC-MS
40203,FOREST HILLS,cis-2-Hexene,2003-11-17T00:00,0.029,µg/m³,VOC,GC-MS
