﻿NAPS_Site_ID,Station_Name,Pollutant,Date,Value,Units,Report_Type,Method
60211,WINDSOR WEST,Calcium,2007-01-03T00:00,0.073,µg/m³,DICHOT,
60211,WINDSOR WEST,Calcium,2007-01-03T00:00,1.053,µg/m³,DICHOT,
60211,WINDSOR WEST,Calcium,2007-01-06T00:00,0.034,µg/m³,DICHOT,
60211,WINDSOR WEST,Calcium,2007-01-06T00:00,0.272,µg/m³,DICHOT,
60211,WINDSOR WEST,Calcium,2007-01-09T00:00,0.043,µg/m³,DICHOT,
60211,WINDSOR WEST,Calcium,2007-01-09T00:00,0.819,µg/m³,DICHOT,
60211,WINDSOR WEST,Calcium,2007-01-12T00:00,0.045,µg/m³,DICHOT,
60211,WINDSOR WEST,Calcium,2007-01-12T00:00,0.405,µg/m³,DICHOT,
60211,WINDSOR WEST,Calcium,2007-01-18T00:00,0.080,µg/m³,DICHOT,
60211,WINDSOR WEST,Calcium,2007-01-18T00:00,1.126,µg/m³,DICHOT,
60211,WINDSOR WEST,Calcium,2007-03-16T00:00,0.064,µg/m³,DICHOT,
60211,WINDSOR WEST,Calcium,2007-03-16T00:00,0.900,µg/m³,DICHOT,
60211,WINDSOR WEST,Calcium,2007-03-19T00:00,0.040,µg/m³,DICHOT,
60211,WINDSOR WEST,Calcium,2007-03-19T00:00,0.487,µg/m³,DICHOT,
60211,WINDSOR WEST,Calcium,2007-03-22T00:00,0.070,µg/m³,DICHOT,
60211,WINDSOR WEST,Calcium,2007-03-22T00:00,0.952,µg/m³,DICHOT,
60211,WINDSOR WEST,Calcium,2007-03-31T00:00,0.069,µg/m³,DICHOT,
60211,WINDSOR WEST,Calcium,2007-03-31T00:00,0.612,µg/m³,DICHOT,
60211,WINDSOR WEST,Calcium,2007-04-03T00:00,0.149,µg/m³,DICHOT,
60211,WINDSOR WEST,Calcium,2007-04-03T00:00,0.723,µg/m³,DICHOT,
60211,WINDSOR WEST,Calcium,2007-04-06T00:00,0.055,µg/m³,DICHOT,
60211,WINDSOR WEST,Calcium,2007-04-06T00:00,0.270,µg/m³,DICHOT,
60211,WINDSOR WEST,Calcium,2007-04-09T00:00,0.032,µg/m³,DICHOT,
60211,WINDSOR WEST,Calcium,2007-04-09T00:00,0.422,µg/m³,DICHOT,
60211,WINDSOR WEST,Calcium,2007-04-12T00:00,0.040,µg/m³,DICHOT,
60211,WINDSOR WEST,Calcium,2007-04-12T00:00,0.594,µg/m³,DICHOT,
60211,WINDSOR WEST,Calcium,2007-04-15T00:00,0.024,µg/m³,DICHOT,
60211,WINDSOR WEST,Calcium,2007-04-15T00:00,0.111,µg/m³,DICHOT,
60211,WINDSOR WEST,Calcium,2007-04-18T00:00,0.032,µg/m³,DICHOT,
60211,WINDSOR WEST,Calcium,2007-04-18T00:00,0.347,µg/m³,DICHOT,
60211,WINDSOR WEST,Calcium,2007-04-21T00:00,0.272,µg/m³,DICHOT,
60211,WINDSOR WEST,Calcium,2007-04-21T00:00,1.617,µg/m³,DICHOT,
60211,WINDSOR WEST,Calcium,2007-04-27T00:00,0.116,µg/m³,DICHOT,
60211,WINDSOR WEST,Calcium,2007-04-27T00:00,0.606,µg/m³,DICHOT,
60211,WINDSOR WEST,Calcium,2007-05-03T00:00,0.042,µg/m³,DICHOT,
60211,WINDSOR WEST,Calcium,2007-05-03T00:00,0.381,µg/m³,DICHOT,
60211,WINDSOR WEST,Calcium,2007-05-06T00:00,0.032,µg/m³,DICHOT,
60211,WINDSOR WEST,Calcium,2007-05-06T00:00,0.279,µg/m³,DICHOT,
60211,WINDSOR WEST,Calcium,2007-05-09T00:00,0.093,µg/m³,DICHOT,
60211,WINDSOR WEST,Calcium,2007-05-09T00:00,0.798,µg/m³,DICHOT,
60211,WINDSOR WEST,Calcium,2007-05-12T00:00,0.045,µg/m³,DICHOT,
60211,WINDSOR WEST,Calcium,2007-05-12T00:00,0.176,µg/m³,DICHOT,
60211,WINDSOR WEST,Calcium,2007-05-15T00:00,0.265,µg/m³,DICHOT,
60211,WINDSOR WEST,Calcium,2007-05-15T00:00,2.872,µg/m³,DICHOT,
60211,WINDSOR WEST,Calcium,2007-05-21T00:00,0.021,µg/m³,DICHOT,
60211,WINDSOR WEST,Calcium,2007-05-21T00:00,0.190,µg/m³,DICHOT,
60211,WINDSOR WEST,Calcium,2007-05-24T00:00,0.133,µg/m³,DICHOT,
60211,WINDSOR WEST,Calcium,2007-05-24T00:00,1.518,µg/m³,DICHOT,
60211,WINDSOR WEST,Calcium,2007-05-30T00:00,0.113,µg/m³,DICHOT,
60211,WINDSOR WEST,Calcium,2007-05-30T00:00,1.141,µg/m³,DICHOT,
60211,WINDSOR WEST,Calcium,2007-06-02T00:00,0.106,µg/m³,DICHOT,
60211,WINDSOR WEST,Calcium,2007-06-02T00:00,1.201,µg/m³,DICHOT,
60211,WINDSOR WEST,Calcium,2007-06-05T00:00,0.046,µg/m³,DICHOT,
60211,WINDSOR WEST,Calcium,2007-06-05T00:00,0.231,µg/m³,DICHOT,
60211,WINDSOR WEST,Calcium,2007-06-18T00:00,0.103,µg/m³,DICHOT,
60211,WINDSOR WEST,Calcium,2007-06-18T00:00,1.348,µg/m³,DICHOT,
60211,WINDSOR WEST,Calcium,2007-06-19T00:00,0.083,µg/m³,DICHOT,
60211,WINDSOR WEST,Calcium,2007-06-19T00:00,0.932,µg/m³,DICHOT,
60211,WINDSOR WEST,Calcium,2007-06-20T00:00,0.056,µg/m³,DICHOT,
60211,WINDSOR WEST,Calcium,2007-06-20T00:00,0.527,µg/m³,DICHOT,
60211,WINDSOR WEST,Calcium,2007-06-21T00:00,0.096,µg/m³,DICHOT,
60211,WINDSOR WEST,Calcium,2007-06-21T00:00,0.734,µg/m³,DICHOT,
60211,WINDSOR WEST,Calcium,2007-06-22T00:00,0.036,µg/m³,DICHOT,
60211,WINDSOR WEST,Calcium,2007-06-22T00:00,0.340,µg/m³,DICHOT,
60211,WINDSOR WEST,Calcium,2007-06-23T00:00,0.081,µg/m³,DICHOT,
60211,WINDSOR WEST,Calcium,2007-06-23T00:00,0.402,µg/m³,DICHOT,
60211,WINDSOR WEST,Calcium,2007-06-24T00:00,0.035,µg/m³,DICHOT,
60211,WINDSOR WEST,Calcium,2007-06-24T00:00,0.404,µg/m³,DICHOT,
60211,WINDSOR WEST,Calcium,2007-06-25T00:00,0.057,µg/m³,DICHOT,
60211,WINDSOR WEST,Calcium,2007-06-25T00:00,0.952,µg/m³,DICHOT,
60211,WINDSOR WEST,Calcium,2007-06-26T00:00,0.095,µg/m³,DICHOT,
60211,WINDSOR WEST,Calcium,2007-06-26T00:00,1.357,µg/m³,DICHOT,
60211,WINDSOR WEST,Calcium,2007-06-27T00:00,0.106,µg/m³,DICHOT,
60211,WINDSOR WEST,Calcium,2007-06-27T00:00,1.127,µg/m³,DICHOT,
60211,WINDSOR WEST,Calcium,2007-06-28T00:00,0.027,µg/m³,DICHOT,
60211,WINDSOR WEST,Calcium,2007-06-28T00:00,0.365,µg/m³,DICHOT,
60211,WINDSOR WEST,Calcium,2007-06-29T00:00,0.032,µg/m³,DICHOT,
60211,WINDSOR WEST,Calcium,2007-06-29T00:00,0.379,µg/m³,DICHOT,
60211,WINDSOR WEST,Calcium,2007-06-30T00:00,0.045,µg/m³,DICHOT,
60211,WINDSOR WEST,Calcium,2007-06-30T00:00,0.471,µg/m³,DICHOT,
60211,WINDSOR WEST,Calcium,2007-07-03T00:00,0.034,µg/m³,DICHOT,
60211,WINDSOR WEST,Calcium,2007-07-03T00:00,0.602,µg/m³,DICHOT,
60211,WINDSOR WEST,Calcium,2007-07-04T00:00,0.000,µg/m³,DICHOT,
60211,WINDSOR WEST,Calcium,2007-07-04T00:00,0.706,µg/m³,DICHOT,
60211,WINDSOR WEST,Calcium,2007-07-05T00:00,0.000,µg/m³,DICHOT,
60211,WINDSOR WEST,Calcium,2007-07-05T00:00,0.881,µg/m³,DICHOT,
60211,WINDSOR WEST,Calcium,2007-07-06T00:00,0.055,µg/m³,DICHOT,
60211,WINDSOR WEST,Calcium,2007-07-06T00:00,0.907,µg/m³,DICHOT,
60211,WINDSOR WEST,Calcium,2007-07-07T00:00,0.045,µg/m³,DICHOT,
60211,WINDSOR WEST,Calcium,2007-07-07T00:00,0.942,µg/m³,DICHOT,
60211,WINDSOR WEST,Calcium,2007-07-08T00:00,0.053,µg/m³,DICHOT,
60211,WINDSOR WEST,Calcium,2007-07-08T00:00,1.112,µg/m³,DICHOT,
60211,WINDSOR WEST,Calcium,2007-07-09T00:00,0.147,µg/m³,DICHOT,
60211,WINDSOR WEST,Calcium,2007-07-09T00:00,2.069,µg/m³,DICHOT,
60211,WINDSOR WEST,Calcium,2007-07-10T00:00,0.102,µg/m³,DICHOT,
60211,WINDSOR WEST,Calcium,2007-07-10T00:00,2.119,µg/m³,DICHOT,
60211,WINDSOR WEST,Calcium,2007-07-11T00:00,0.057,µg/m³,DICHOT,
60211,WINDSOR WEST,Calcium,2007-07-11T00:00,0.676,µg/m³,DICHOT,
60211,WINDSOR WEST,Calcium,2007-07-12T00:00,0.412,µg/m³,DICHOT,
60211,WINDSOR WEST,Calcium,2007-07-12T00:00,1.492,µg/m³,DICHOT,
60211,WINDSOR WEST,Calcium,2007-07-13T00:00,0.066,µg/m³,DICHOT,
60211,WINDSOR WEST,Calcium,2007-07-13T00:00,0.579,µg/m³,DICHOT,
60211,WINDSOR WEST,Calcium,2007-07-14T00:00,0.099,µg/m³,DICHOT,
60211,WINDSOR WEST,Calcium,2007-07-14T00:00,1.653,µg/m³,DICHOT,
60211,WINDSOR WEST,Calcium,2007-07-17T00:00,0.039,µg/m³,DICHOT,
60211,WINDSOR WEST,Calcium,2007-07-17T00:00,0.535,µg/m³,DICHOT,
60211,WINDSOR WEST,Calcium,2007-07-20T00:00,0.017,µg/m³,DICHOT,
60211,WINDSOR WEST,Calcium,2007-07-20T00:00,0.205,µg/m³,DICHOT,
60211,WINDSOR WEST,Calcium,2007-07-23T00:00,0.047,µg/m³,DICHOT,
60211,WINDSOR WEST,Calcium,2007-07-23T00:00,0.641,µg/m³,DICHOT,
60211,WINDSOR WEST,Calcium,2007-07-26T00:00,0.037,µg/m³,DICHOT,
60211,WINDSOR WEST,Calcium,2007-07-26T00:00,0.571,µg/m³,DICHOT,
60211,WINDSOR WEST,Calcium,2007-07-29T00:00,0.016,µg/m³,DICHOT,
60211,WINDSOR WEST,Calcium,2007-07-29T00:00,0.128,µg/m³,DICHOT,
60211,WINDSOR WEST,Calcium,2007-08-01T00:00,0.082,µg/m³,DICHOT,
60211,WINDSOR WEST,Calcium,2007-08-01T00:00,1.546,µg/m³,DICHOT,
60211,WINDSOR WEST,Calcium,2007-08-04T00:00,0.037,µg/m³,DICHOT,
60211,WINDSOR WEST,Calcium,2007-08-04T00:00,0.343,µg/m³,DICHOT,
60211,WINDSOR WEST,Calcium,2007-08-07T00:00,0.047,µg/m³,DICHOT,
60211,WINDSOR WEST,Calcium,2007-08-07T00:00,0.493,µg/m³,DICHOT,
60211,WINDSOR WEST,Calcium,2007-08-10T00:00,0.028,µg/m³,DICHOT,
60211,WINDSOR WEST,Calcium,2007-08-10T00:00,0.366,µg/m³,DICHOT,
60211,WINDSOR WEST,Calcium,2007-08-13T00:00,0.043,µg/m³,DICHOT,
60211,WINDSOR WEST,Calcium,2007-08-13T00:00,0.498,µg/m³,DICHOT,
60211,WINDSOR WEST,Calcium,2007-08-16T00:00,0.066,µg/m³,DICHOT,
60211,WINDSOR WEST,Calcium,2007-08-16T00:00,0.861,µg/m³,DICHOT,
60211,WINDSOR WEST,Calcium,2007-08-19T00:00,0.010,µg/m³,DICHOT,
60211,WINDSOR WEST,Calcium,2007-08-19T00:00,0.038,µg/m³,DICHOT,
60211,WINDSOR WEST,Calcium,2007-08-22T00:00,0.046,µg/m³,DICHOT,
60211,WINDSOR WEST,Calcium,2007-08-22T00:00,0.584,µg/m³,DICHOT,
60211,WINDSOR WEST,Calcium,2007-08-25T00:00,0.027,µg/m³,DICHOT,
60211,WINDSOR WEST,Calcium,2007-08-25T00:00,0.380,µg/m³,DICHOT,
60211,WINDSOR WEST,Calcium,2007-08-28T00:00,0.048,µg/m³,DICHOT,
60211,WINDSOR WEST,Calcium,2007-08-28T00:00,0.649,µg/m³,DICHOT,
60211,WINDSOR WEST,Calcium,2007-08-31T00:00,0.036,µg/m³,DICHOT,
60211,WINDSOR WEST,Calcium,2007-08-31T00:00,0.383,µg/m³,DICHOT,
60211,WINDSOR WEST,Calcium,2007-09-03T00:00,0.054,µg/m³,DICHOT,
60211,WINDSOR WEST,Calcium,2007-09-03T00:00,0.842,µg/m³,DICHOT,
60211,WINDSOR WEST,Calcium,2007-09-06T00:00,0.101,µg/m³,DICHOT,
60211,WINDSOR WEST,Calcium,2007-09-06T00:00,1.081,µg/m³,DICHOT,
60211,WINDSOR WEST,Calcium,2007-09-09T00:00,0.019,µg/m³,DICHOT,
60211,WINDSOR WEST,Calcium,2007-09-09T00:00,0.103,µg/m³,DICHOT,
60211,WINDSOR WEST,Calcium,2007-09-12T00:00,0.044,µg/m³,DICHOT,
60211,WINDSOR WEST,Calcium,2007-09-12T00:00,0.446,µg/m³,DICHOT,
60211,WINDSOR WEST,Calcium,2007-09-15T00:00,0.020,µg/m³,DICHOT,
60211,WINDSOR WEST,Calcium,2007-09-15T00:00,0.198,µg/m³,DICHOT,
60211,WINDSOR WEST,Calcium,2007-09-18T00:00,0.067,µg/m³,DICHOT,
60211,WINDSOR WEST,Calcium,2007-09-18T00:00,0.605,µg/m³,DICHOT,
60211,WINDSOR WEST,Calcium,2007-09-21T00:00,0.041,µg/m³,DICHOT,
60211,WINDSOR WEST,Calcium,2007-09-21T00:00,0.623,µg/m³,DICHOT,
60211,WINDSOR WEST,Calcium,2007-09-24T00:00,0.070,µg/m³,DICHOT,
60211,WINDSOR WEST,Calcium,2007-09-24T00:00,0.714,µg/m³,DICHOT,
60211,WINDSOR WEST,Calcium,2007-09-27T00:00,0.046,µg/m³,DICHOT,
60211,WINDSOR WEST,Calcium,2007-09-27T00:00,0.745,µg/m³,DICHOT,
60211,WINDSOR WEST,Calcium,2007-09-30T00:00,0.029,µg/m³,DICHOT,
60211,WINDSOR WEST,Calcium,2007-09-30T00:00,0.267,µg/m³,DICHOT,
60211,WINDSOR WEST,Calcium,2007-10-03T00:00,0.087,µg/m³,DICHOT,
60211,WINDSOR WEST,Calcium,2007-10-03T00:00,0.940,µg/m³,DICHOT,
60211,WINDSOR WEST,Calcium,2007-10-06T00:00,0.042,µg/m³,DICHOT,
60211,WINDSOR WEST,Calcium,2007-10-06T00:00,0.486,µg/m³,DICHOT,
60211,WINDSOR WEST,Calcium,2007-10-09T00:00,0.064,µg/m³,DICHOT,
60211,WINDSOR WEST,Calcium,2007-10-09T00:00,0.945,µg/m³,DICHOT,
60211,WINDSOR WEST,Calcium,2007-10-12T00:00,0.038,µg/m³,DICHOT,
60211,WINDSOR WEST,Calcium,2007-10-12T00:00,0.493,µg/m³,DICHOT,
60211,WINDSOR WEST,Calcium,2007-10-15T00:00,0.000,µg/m³,DICHOT,
60211,WINDSOR WEST,Calcium,2007-10-15T00:00,0.617,µg/m³,DICHOT,
60211,WINDSOR WEST,Calcium,2007-10-18T00:00,0.022,µg/m³,DICHOT,
60211,WINDSOR WEST,Calcium,2007-10-18T00:00,0.173,µg/m³,DICHOT,
60211,WINDSOR WEST,Calcium,2007-10-21T00:00,0.046,µg/m³,DICHOT,
60211,WINDSOR WEST,Calcium,2007-10-21T00:00,0.212,µg/m³,DICHOT,
60211,WINDSOR WEST,Calcium,2007-10-24T00:00,0.043,µg/m³,DICHOT,
60211,WINDSOR WEST,Calcium,2007-10-24T00:00,0.539,µg/m³,DICHOT,
60211,WINDSOR WEST,Calcium,2007-10-30T00:00,0.083,µg/m³,DICHOT,
60211,WINDSOR WEST,Calcium,2007-10-30T00:00,1.267,µg/m³,DICHOT,
60211,WINDSOR WEST,Calcium,2007-11-02T00:00,0.067,µg/m³,DICHOT,
60211,WINDSOR WEST,Calcium,2007-11-02T00:00,0.864,µg/m³,DICHOT,
60211,WINDSOR WEST,Calcium,2007-11-05T00:00,0.070,µg/m³,DICHOT,
60211,WINDSOR WEST,Calcium,2007-11-05T00:00,1.227,µg/m³,DICHOT,
60211,WINDSOR WEST,Calcium,2007-11-08T00:00,0.069,µg/m³,DICHOT,
60211,WINDSOR WEST,Calcium,2007-11-08T00:00,0.942,µg/m³,DICHOT,
60211,WINDSOR WEST,Calcium,2007-11-11T00:00,0.016,µg/m³,DICHOT,
60211,WINDSOR WEST,Calcium,2007-11-11T00:00,0.121,µg/m³,DICHOT,
60211,WINDSOR WEST,Calcium,2007-11-14T00:00,0.091,µg/m³,DICHOT,
60211,WINDSOR WEST,Calcium,2007-11-14T00:00,1.069,µg/m³,DICHOT,
60211,WINDSOR WEST,Calcium,2007-11-17T00:00,0.033,µg/m³,DICHOT,
60211,WINDSOR WEST,Calcium,2007-11-17T00:00,0.282,µg/m³,DICHOT,
60211,WINDSOR WEST,Calcium,2007-11-20T00:00,0.028,µg/m³,DICHOT,
60211,WINDSOR WEST,Calcium,2007-11-20T00:00,0.214,µg/m³,DICHOT,
60211,WINDSOR WEST,Calcium,2007-11-23T00:00,0.041,µg/m³,DICHOT,
60211,WINDSOR WEST,Calcium,2007-11-23T00:00,0.348,µg/m³,DICHOT,
60211,WINDSOR WEST,Calcium,2007-11-26T00:00,0.036,µg/m³,DICHOT,
60211,WINDSOR WEST,Calcium,2007-11-26T00:00,0.141,µg/m³,DICHOT,
60211,WINDSOR WEST,Calcium,2007-11-29T00:00,0.083,µg/m³,DICHOT,
60211,WINDSOR WEST,Calcium,2007-11-29T00:00,0.743,µg/m³,DICHOT,
60211,WINDSOR WEST,Calcium,2007-12-02T00:00,0.018,µg/m³,DICHOT,
60211,WINDSOR WEST,Calcium,2007-12-02T00:00,0.052,µg/m³,DICHOT,
60211,WINDSOR WEST,Calcium,2007-12-05T00:00,0.017,µg/m³,DICHOT,
60211,WINDSOR WEST,Calcium,2007-12-05T00:00,0.137,µg/m³,DICHOT,
60211,WINDSOR WEST,Calcium,2007-12-08T00:00,0.039,µg/m³,DICHOT,
60211,WINDSOR WEST,Calcium,2007-12-08T00:00,0.311,µg/m³,DICHOT,
60211,WINDSOR WEST,Calcium,2007-12-11T00:00,0.033,µg/m³,DICHOT,
60211,WINDSOR WEST,Calcium,2007-12-11T00:00,0.083,µg/m³,DICHOT,
60211,WINDSOR WEST,Calcium,2007-12-14T00:00,0.055,µg/m³,DICHOT,
60211,WINDSOR WEST,Calcium,2007-12-14T00:00,0.397,µg/m³,DICHOT,
60211,WINDSOR WEST,Calcium,2007-12-17T00:00,0.022,µg/m³,DICHOT,
60211,WINDSOR WEST,Calcium,2007-12-17T00:00,0.115,µg/m³,DICHOT,
60211,WINDSOR WEST,Calcium,2007-12-20T00:00,0.053,µg/m³,DICHOT,
60211,WINDSOR WEST,Calcium,2007-12-20T00:00,0.319,µg/m³,DICHOT,
60211,WINDSOR WEST,Calcium,2007-12-23T00:00,0.036,µg/m³,DICHOT,
60211,WINDSOR WEST,Calcium,2007-12-23T00:00,0.556,µg/m³,DICHOT,
60211,WINDSOR WEST,Calcium,2007-12-26T00:00,0.036,µg/m³,DICHOT,
60211,WINDSOR WEST,Calcium,2007-12-26T00:00,0.075,µg/m³,DICHOT,
60211,WINDSOR WEST,Calcium,2007-12-29T00:00,0.041,µg/m³,DICHOT,
60211,WINDSOR WEST,Calcium,2007-12-29T00:00,0.292,µg/m³,DICHOT,
60211,WINDSOR WEST,Calcium,2007-01-03T00:00,0.103,µg/m³,IC,
60211,WINDSOR WEST,Calcium,2007-01-21T00:00,0.032,µg/m³,IC,
60211,WINDSOR WEST,Calcium,2007-01-24T00:00,0.048,µg/m³,IC,
60211,WINDSOR WEST,Calcium,2007-01-27T00:00,0.048,µg/m³,IC,
60211,WINDSOR WEST,Calcium,2007-01-30T00:00,0.075,µg/m³,IC,
60211,WINDSOR WEST,Calcium,2007-02-02T00:00,0.086,µg/m³,IC,
60211,WINDSOR WEST,Calcium,2007-02-05T00:00,0.036,µg/m³,IC,
60211,WINDSOR WEST,Calcium,2007-02-14T00:00,0.049,µg/m³,IC,
60211,WINDSOR WEST,Calcium,2007-02-23T00:00,0.052,µg/m³,IC,
60211,WINDSOR WEST,Calcium,2007-02-26T00:00,0.040,µg/m³,IC,
60211,WINDSOR WEST,Calcium,2007-03-31T00:00,0.069,µg/m³,IC,
60211,WINDSOR WEST,Calcium,2007-04-03T00:00,0.074,µg/m³,IC,
60211,WINDSOR WEST,Calcium,2007-04-06T00:00,0.067,µg/m³,IC,
60211,WINDSOR WEST,Calcium,2007-04-09T00:00,0.068,µg/m³,IC,
60211,WINDSOR WEST,Calcium,2007-04-12T00:00,0.078,µg/m³,IC,
60211,WINDSOR WEST,Calcium,2007-04-15T00:00,0.042,µg/m³,IC,
60211,WINDSOR WEST,Calcium,2007-04-24T00:00,0.107,µg/m³,IC,
60211,WINDSOR WEST,Calcium,2007-04-27T00:00,0.042,µg/m³,IC,
60211,WINDSOR WEST,Calcium,2007-04-30T00:00,0.099,µg/m³,IC,
60211,WINDSOR WEST,Calcium,2007-05-03T00:00,0.083,µg/m³,IC,
60211,WINDSOR WEST,Calcium,2007-05-18T00:00,0.119,µg/m³,IC,
60211,WINDSOR WEST,Calcium,2007-05-21T00:00,0.040,µg/m³,IC,
60211,WINDSOR WEST,Calcium,2007-05-24T00:00,0.206,µg/m³,IC,
60211,WINDSOR WEST,Calcium,2007-05-27T00:00,0.061,µg/m³,IC,
60211,WINDSOR WEST,Calcium,2007-05-30T00:00,0.223,µg/m³,IC,
60211,WINDSOR WEST,Calcium,2007-06-02T00:00,0.207,µg/m³,IC,
60211,WINDSOR WEST,Calcium,2007-06-08T00:00,0.168,µg/m³,IC,
60211,WINDSOR WEST,Calcium,2007-06-11T00:00,0.099,µg/m³,IC,
60211,WINDSOR WEST,Calcium,2007-06-14T00:00,0.095,µg/m³,IC,
60211,WINDSOR WEST,Calcium,2007-06-17T00:00,0.106,µg/m³,IC,
60211,WINDSOR WEST,Calcium,2007-06-20T00:00,0.130,µg/m³,IC,
60211,WINDSOR WEST,Calcium,2007-06-23T00:00,0.074,µg/m³,IC,
60211,WINDSOR WEST,Calcium,2007-06-26T00:00,0.164,µg/m³,IC,
60211,WINDSOR WEST,Calcium,2007-07-02T00:00,0.048,µg/m³,IC,
60211,WINDSOR WEST,Calcium,2007-07-05T00:00,0.092,µg/m³,IC,
60211,WINDSOR WEST,Calcium,2007-07-08T00:00,0.090,µg/m³,IC,
60211,WINDSOR WEST,Calcium,2007-07-11T00:00,0.151,µg/m³,IC,
60211,WINDSOR WEST,Calcium,2007-07-14T00:00,0.145,µg/m³,IC,
60211,WINDSOR WEST,Calcium,2007-07-17T00:00,0.195,µg/m³,IC,
60211,WINDSOR WEST,Calcium,2007-07-29T00:00,0.070,µg/m³,IC,
60211,WINDSOR WEST,Calcium,2007-08-01T00:00,0.154,µg/m³,IC,
60211,WINDSOR WEST,Calcium,2007-08-04T00:00,0.072,µg/m³,IC,
60211,WINDSOR WEST,Calcium,2007-08-07T00:00,0.075,µg/m³,IC,
60211,WINDSOR WEST,Calcium,2007-08-10T00:00,0.051,µg/m³,IC,
60211,WINDSOR WEST,Calcium,2007-08-13T00:00,0.051,µg/m³,IC,
60211,WINDSOR WEST,Calcium,2007-08-16T00:00,0.090,µg/m³,IC,
60211,WINDSOR WEST,Calcium,2007-08-19T00:00,0.033,µg/m³,IC,
60211,WINDSOR WEST,Calcium,2007-08-22T00:00,0.069,µg/m³,IC,
60211,WINDSOR WEST,Calcium,2007-09-15T00:00,0.048,µg/m³,IC,
60211,WINDSOR WEST,Calcium,2007-09-18T00:00,0.108,µg/m³,IC,
60211,WINDSOR WEST,Calcium,2007-09-21T00:00,0.075,µg/m³,IC,
60211,WINDSOR WEST,Calcium,2007-09-24T00:00,0.108,µg/m³,IC,
60211,WINDSOR WEST,Calcium,2007-09-30T00:00,0.098,µg/m³,IC,
60211,WINDSOR WEST,Calcium,2007-10-03T00:00,0.134,µg/m³,IC,
60211,WINDSOR WEST,Calcium,2007-10-06T00:00,0.067,µg/m³,IC,
60211,WINDSOR WEST,Calcium,2007-10-09T00:00,0.095,µg/m³,IC,
60211,WINDSOR WEST,Calcium,2007-10-12T00:00,0.097,µg/m³,IC,
60211,WINDSOR WEST,Calcium,2007-10-15T00:00,0.130,µg/m³,IC,
60211,WINDSOR WEST,Calcium,2007-10-18T00:00,0.093,µg/m³,IC,
60211,WINDSOR WEST,Calcium,2007-10-21T00:00,0.107,µg/m³,IC,
60211,WINDSOR WEST,Calcium,2007-10-27T00:00,0.064,µg/m³,IC,
60211,WINDSOR WEST,Calcium,2007-10-30T00:00,0.161,µg/m³,IC,
60211,WINDSOR WEST,Calcium,2007-11-02T00:00,0.100,µg/m³,IC,
60211,WINDSOR WEST,Calcium,2007-11-05T00:00,0.120,µg/m³,IC,
60211,WINDSOR WEST,Calcium,2007-11-08T00:00,0.108,µg/m³,IC,
60211,WINDSOR WEST,Calcium,2007-11-11T00:00,0.039,µg/m³,IC,
60211,WINDSOR WEST,Calcium,2007-11-20T00:00,0.045,µg/m³,IC,
60211,WINDSOR WEST,Calcium,2007-11-23T00:00,0.080,µg/m³,IC,
60211,WINDSOR WEST,Calcium,2007-11-29T00:00,0.179,µg/m³,IC,
60211,WINDSOR WEST,Calcium,2007-12-02T00:00,0.032,µg/m³,IC,
60211,WINDSOR WEST,Calcium,2007-12-05T00:00,0.031,µg/m³,IC,
60211,WINDSOR WEST,Calcium,2007-12-08T00:00,0.060,µg/m³,IC,
60211,WINDSOR WEST,Calcium,2007-12-11T00:00,0.043,µg/m³,IC,
60211,WINDSOR WEST,Calcium,2007-12-14T00:00,0.095,µg/m³,IC,
60211,WINDSOR WEST,Calcium,2007-12-17T00:00,0.040,µg/m³,IC,
60211,WINDSOR WEST,Calcium,2007-12-20T00:00,0.061,µg/m³,IC,
60211,WINDSOR WEST,Calcium,2007-12-23T00:00,0.050,µg/m³,IC,
60211,WINDSOR WEST,Calcium,2007-12-26T00:00,0.045,µg/m³,IC,
60211,WINDSOR WEST,Calcium,2007-12-29T00:00,0.060,µg/m³,IC,
