﻿NAPS_Site_ID,Station_Name,Pollutant,Date,Value,Units,Report_Type,Method
91101,ELK ISLAND NATIONAL PARK,Chloromethane,2005-01-04T00:00,1.058,µg/m³,VOC,
91101,ELK ISLAND NATIONAL PARK,Chloromethane,2005-01-10T00:00,1.118,µg/m³,VOC,
91101,ELK ISLAND NATIONAL PARK,Chloromethane,2005-01-16T00:00,1.084,µg/m³,VOC,
91101,ELK ISLAND NATIONAL PARK,Chloromethane,2005-01-22T00:00,1.082,µg/m³,VOC,
91101,ELK ISLAND NATIONAL PARK,Chloromethane,2005-01-28T00:00,1.128,µg/m³,VOC,
91101,ELK ISLAND NATIONAL PARK,Chloromethane,2005-02-03T00:00,1.146,µg/m³,VOC,
91101,ELK ISLAND NATIONAL PARK,Chloromethane,2005-02-09T00:00,1.338,µg/m³,VOC,
91101,ELK ISLAND NATIONAL PARK,Chloromethane,2005-02-15T00:00,1.252,µg/m³,VOC,
91101,ELK ISLAND NATIONAL PARK,Chloromethane,2005-02-21T00:00,1.246,µg/m³,VOC,
91101,ELK ISLAND NATIONAL PARK,Chloromethane,2005-02-27T00:00,1.208,µg/m³,VOC,
91101,ELK ISLAND NATIONAL PARK,Chloromethane,2005-03-05T00:00,1.268,µg/m³,VOC,
91101,ELK ISLAND NATIONAL PARK,Chloromethane,2005-03-11T00:00,1.290,µg/m³,VOC,
91101,ELK ISLAND NATIONAL PARK,Chloromethane,2005-03-17T00:00,1.254,µg/m³,VOC,
91101,ELK ISLAND NATIONAL PARK,Chloromethane,2005-03-23T00:00,1.166,µg/m³,VOC,
91101,ELK ISLAND NATIONAL PARK,Chloromethane,2005-03-29T00:00,1.320,µg/m³,VOC,
91101,ELK ISLAND NATIONAL PARK,Chloromethane,2005-04-04T00:00,1.392,µg/m³,VOC,
91101,ELK ISLAND NATIONAL PARK,Chloromethane,2005-04-10T00:00,1.284,µg/m³,VOC,
91101,ELK ISLAND NATIONAL PARK,Chloromethane,2005-04-16T00:00,1.248,µg/m³,VOC,
91101,ELK ISLAND NATIONAL PARK,Chloromethane,2005-04-22T00:00,1.410,µg/m³,VOC,
91101,ELK ISLAND NATIONAL PARK,Chloromethane,2005-04-28T00:00,1.382,µg/m³,VOC,
91101,ELK ISLAND NATIONAL PARK,Chloromethane,2005-05-04T00:00,1.234,µg/m³,VOC,
91101,ELK ISLAND NATIONAL PARK,Chloromethane,2005-05-10T00:00,1.222,µg/m³,VOC,
91101,ELK ISLAND NATIONAL PARK,Chloromethane,2005-05-16T00:00,1.246,µg/m³,VOC,
91101,ELK ISLAND NATIONAL PARK,Chloromethane,2005-05-28T00:00,1.128,µg/m³,VOC,
91101,ELK ISLAND NATIONAL PARK,Chloromethane,2005-06-03T00:00,1.112,µg/m³,VOC,
91101,ELK ISLAND NATIONAL PARK,Chloromethane,2005-06-21T00:00,1.242,µg/m³,VOC,
91101,ELK ISLAND NATIONAL PARK,Chloromethane,2005-06-27T00:00,1.102,µg/m³,VOC,
91101,ELK ISLAND NATIONAL PARK,Chloromethane,2005-07-09T00:00,1.252,µg/m³,VOC,
91101,ELK ISLAND NATIONAL PARK,Chloromethane,2005-07-15T00:00,1.136,µg/m³,VOC,
91101,ELK ISLAND NATIONAL PARK,Chloromethane,2005-08-08T00:00,1.086,µg/m³,VOC,
91101,ELK ISLAND NATIONAL PARK,Chloromethane,2005-08-11T00:00,1.030,µg/m³,VOC,
91101,ELK ISLAND NATIONAL PARK,Chloromethane,2005-08-14T00:00,1.112,µg/m³,VOC,
91101,ELK ISLAND NATIONAL PARK,Chloromethane,2005-08-17T00:00,0.996,µg/m³,VOC,
91101,ELK ISLAND NATIONAL PARK,Chloromethane,2005-08-20T00:00,1.042,µg/m³,VOC,
91101,ELK ISLAND NATIONAL PARK,Chloromethane,2005-08-23T00:00,1.150,µg/m³,VOC,
91101,ELK ISLAND NATIONAL PARK,Chloromethane,2005-08-26T00:00,1.150,µg/m³,VOC,
91101,ELK ISLAND NATIONAL PARK,Chloromethane,2005-08-29T00:00,1.092,µg/m³,VOC,
91101,ELK ISLAND NATIONAL PARK,Chloromethane,2005-09-01T00:00,1.030,µg/m³,VOC,
91101,ELK ISLAND NATIONAL PARK,Chloromethane,2005-09-04T00:00,1.026,µg/m³,VOC,
91101,ELK ISLAND NATIONAL PARK,Chloromethane,2005-09-07T00:00,1.030,µg/m³,VOC,
91101,ELK ISLAND NATIONAL PARK,Chloromethane,2005-09-13T00:00,1.004,µg/m³,VOC,
91101,ELK ISLAND NATIONAL PARK,Chloromethane,2005-09-19T00:00,1.038,µg/m³,VOC,
91101,ELK ISLAND NATIONAL PARK,Chloromethane,2005-09-25T00:00,1.052,µg/m³,VOC,
91101,ELK ISLAND NATIONAL PARK,Chloromethane,2005-10-01T00:00,0.936,µg/m³,VOC,
91101,ELK ISLAND NATIONAL PARK,Chloromethane,2005-10-07T00:00,0.922,µg/m³,VOC,
91101,ELK ISLAND NATIONAL PARK,Chloromethane,2005-10-13T00:00,0.974,µg/m³,VOC,
91101,ELK ISLAND NATIONAL PARK,Chloromethane,2005-10-19T00:00,1.042,µg/m³,VOC,
91101,ELK ISLAND NATIONAL PARK,Chloromethane,2005-10-25T00:00,1.086,µg/m³,VOC,
91101,ELK ISLAND NATIONAL PARK,Chloromethane,2005-10-31T00:00,1.032,µg/m³,VOC,
91101,ELK ISLAND NATIONAL PARK,Chloromethane,2005-11-06T00:00,1.066,µg/m³,VOC,
91101,ELK ISLAND NATIONAL PARK,Chloromethane,2005-11-12T00:00,1.028,µg/m³,VOC,
91101,ELK ISLAND NATIONAL PARK,Chloromethane,2005-11-18T00:00,0.986,µg/m³,VOC,
91101,ELK ISLAND NATIONAL PARK,Chloromethane,2005-11-24T00:00,0.984,µg/m³,VOC,
91101,ELK ISLAND NATIONAL PARK,Chloromethane,2005-11-30T00:00,1.012,µg/m³,VOC,
91101,ELK ISLAND NATIONAL PARK,Chloromethane,2005-12-06T00:00,0.976,µg/m³,VOC,
91101,ELK ISLAND NATIONAL PARK,Chloromethane,2005-12-12T00:00,1.002,µg/m³,VOC,
91101,ELK ISLAND NATIONAL PARK,Chloromethane,2005-12-18T00:00,1.104,µg/m³,VOC,
91101,ELK ISLAND NATIONAL PARK,Chloromethane,2005-12-22T00:00,1.002,µg/m³,VOC,
91101,ELK ISLAND NATIONAL PARK,Chloromethane,2005-12-30T00:00,1.044,µg/m³,VOC,
