﻿NAPS_Site_ID,Station_Name,Pollutant,Date,Value,Units,Report_Type,Method
100127,SURREY EAST,Bromodichloromethane,1992-01-13T00:00,0.000,µg/m³,VOC,
100127,SURREY EAST,Bromodichloromethane,1992-02-18T00:00,0.000,µg/m³,VOC,
100127,SURREY EAST,Bromodichloromethane,1992-03-19T00:00,0.000,µg/m³,VOC,
100127,SURREY EAST,Bromodichloromethane,1992-04-24T00:00,0.000,µg/m³,VOC,
100127,SURREY EAST,Bromodichloromethane,1992-05-30T00:00,0.012,µg/m³,VOC,
100127,SURREY EAST,Bromodichloromethane,1992-06-29T00:00,0.027,µg/m³,VOC,
100127,SURREY EAST,Bromodichloromethane,1992-08-10T00:00,0.075,µg/m³,VOC,
