﻿NAPS_Site_ID,Station_Name,Pollutant,Date,Value,Units,Report_Type,Method
54102,ROUND TOP RIDGE,2-Methylpentane,2015-01-02T19:00,0.058,µg/m³,VOC,N/A
54102,ROUND TOP RIDGE,2-Methylpentane,2015-01-05T19:00,0.054,µg/m³,VOC,N/A
54102,ROUND TOP RIDGE,2-Methylpentane,2015-01-08T19:00,0.087,µg/m³,VOC,N/A
54102,ROUND TOP RIDGE,2-Methylpentane,2015-01-11T19:00,0.120,µg/m³,VOC,N/A
54102,ROUND TOP RIDGE,2-Methylpentane,2015-01-14T19:00,0.150,µg/m³,VOC,N/A
54102,ROUND TOP RIDGE,2-Methylpentane,2015-01-17T19:00,0.111,µg/m³,VOC,N/A
54102,ROUND TOP RIDGE,2-Methylpentane,2015-01-20T19:00,0.080,µg/m³,VOC,N/A
54102,ROUND TOP RIDGE,2-Methylpentane,2015-01-23T19:00,0.097,µg/m³,VOC,N/A
54102,ROUND TOP RIDGE,2-Methylpentane,2015-01-26T19:00,0.115,µg/m³,VOC,N/A
54102,ROUND TOP RIDGE,2-Methylpentane,2015-01-29T19:00,0.073,µg/m³,VOC,N/A
54102,ROUND TOP RIDGE,2-Methylpentane,2015-02-01T19:00,0.093,µg/m³,VOC,N/A
54102,ROUND TOP RIDGE,2-Methylpentane,2015-02-04T19:00,0.109,µg/m³,VOC,N/A
54102,ROUND TOP RIDGE,2-Methylpentane,2015-02-07T19:00,0.101,µg/m³,VOC,N/A
54102,ROUND TOP RIDGE,2-Methylpentane,2015-02-10T19:00,0.080,µg/m³,VOC,N/A
54102,ROUND TOP RIDGE,2-Methylpentane,2015-02-13T19:00,0.104,µg/m³,VOC,N/A
54102,ROUND TOP RIDGE,2-Methylpentane,2015-02-16T19:00,0.067,µg/m³,VOC,N/A
54102,ROUND TOP RIDGE,2-Methylpentane,2015-02-19T19:00,0.062,µg/m³,VOC,N/A
54102,ROUND TOP RIDGE,2-Methylpentane,2015-02-22T19:00,0.053,µg/m³,VOC,N/A
54102,ROUND TOP RIDGE,2-Methylpentane,2015-02-25T19:00,0.058,µg/m³,VOC,N/A
54102,ROUND TOP RIDGE,2-Methylpentane,2015-02-28T19:00,0.050,µg/m³,VOC,N/A
54102,ROUND TOP RIDGE,2-Methylpentane,2015-03-03T19:00,0.100,µg/m³,VOC,N/A
54102,ROUND TOP RIDGE,2-Methylpentane,2015-03-06T19:00,0.090,µg/m³,VOC,N/A
54102,ROUND TOP RIDGE,2-Methylpentane,2015-03-09T20:00,0.024,µg/m³,VOC,N/A
54102,ROUND TOP RIDGE,2-Methylpentane,2015-03-12T20:00,0.029,µg/m³,VOC,N/A
54102,ROUND TOP RIDGE,2-Methylpentane,2015-03-15T20:00,0.032,µg/m³,VOC,N/A
54102,ROUND TOP RIDGE,2-Methylpentane,2015-03-18T20:00,0.073,µg/m³,VOC,N/A
54102,ROUND TOP RIDGE,2-Methylpentane,2015-03-21T20:00,2.213,µg/m³,VOC,N/A
54102,ROUND TOP RIDGE,2-Methylpentane,2015-03-24T20:00,0.027,µg/m³,VOC,N/A
54102,ROUND TOP RIDGE,2-Methylpentane,2015-03-27T20:00,0.030,µg/m³,VOC,N/A
54102,ROUND TOP RIDGE,2-Methylpentane,2015-03-30T20:00,0.019,µg/m³,VOC,N/A
54102,ROUND TOP RIDGE,2-Methylpentane,2015-04-02T20:00,0.032,µg/m³,VOC,N/A
54102,ROUND TOP RIDGE,2-Methylpentane,2015-04-05T20:00,0.016,µg/m³,VOC,N/A
54102,ROUND TOP RIDGE,2-Methylpentane,2015-04-08T20:00,0.000,µg/m³,VOC,N/A
54102,ROUND TOP RIDGE,2-Methylpentane,2015-04-11T20:00,0.069,µg/m³,VOC,N/A
54102,ROUND TOP RIDGE,2-Methylpentane,2015-04-14T20:00,0.017,µg/m³,VOC,N/A
54102,ROUND TOP RIDGE,2-Methylpentane,2015-04-17T20:00,4.582,µg/m³,VOC,N/A
54102,ROUND TOP RIDGE,2-Methylpentane,2015-04-20T20:00,0.036,µg/m³,VOC,N/A
54102,ROUND TOP RIDGE,2-Methylpentane,2015-04-23T20:00,12.409,µg/m³,VOC,N/A
54102,ROUND TOP RIDGE,2-Methylpentane,2015-04-26T20:00,0.053,µg/m³,VOC,N/A
54102,ROUND TOP RIDGE,2-Methylpentane,2015-04-29T20:00,0.012,µg/m³,VOC,N/A
54102,ROUND TOP RIDGE,2-Methylpentane,2015-05-02T20:00,0.303,µg/m³,VOC,N/A
54102,ROUND TOP RIDGE,2-Methylpentane,2015-05-05T20:00,17.272,µg/m³,VOC,N/A
54102,ROUND TOP RIDGE,2-Methylpentane,2015-05-08T20:00,0.067,µg/m³,VOC,N/A
54102,ROUND TOP RIDGE,2-Methylpentane,2015-05-11T20:00,0.031,µg/m³,VOC,N/A
54102,ROUND TOP RIDGE,2-Methylpentane,2015-05-14T20:00,1.121,µg/m³,VOC,N/A
54102,ROUND TOP RIDGE,2-Methylpentane,2015-05-17T20:00,0.025,µg/m³,VOC,N/A
54102,ROUND TOP RIDGE,2-Methylpentane,2015-05-20T20:00,0.011,µg/m³,VOC,N/A
54102,ROUND TOP RIDGE,2-Methylpentane,2015-05-23T20:00,0.030,µg/m³,VOC,N/A
54102,ROUND TOP RIDGE,2-Methylpentane,2015-05-26T20:00,0.045,µg/m³,VOC,N/A
54102,ROUND TOP RIDGE,2-Methylpentane,2015-05-29T20:00,0.057,µg/m³,VOC,N/A
54102,ROUND TOP RIDGE,2-Methylpentane,2015-06-01T20:00,0.015,µg/m³,VOC,N/A
54102,ROUND TOP RIDGE,2-Methylpentane,2015-06-04T20:00,0.032,µg/m³,VOC,N/A
54102,ROUND TOP RIDGE,2-Methylpentane,2015-06-07T20:00,0.035,µg/m³,VOC,N/A
54102,ROUND TOP RIDGE,2-Methylpentane,2015-06-10T20:00,0.015,µg/m³,VOC,N/A
54102,ROUND TOP RIDGE,2-Methylpentane,2015-06-13T20:00,0.017,µg/m³,VOC,N/A
54102,ROUND TOP RIDGE,2-Methylpentane,2015-06-16T20:00,0.077,µg/m³,VOC,N/A
54102,ROUND TOP RIDGE,2-Methylpentane,2015-06-19T20:00,3.361,µg/m³,VOC,N/A
54102,ROUND TOP RIDGE,2-Methylpentane,2015-06-22T20:00,7.268,µg/m³,VOC,N/A
54102,ROUND TOP RIDGE,2-Methylpentane,2015-06-25T20:00,0.024,µg/m³,VOC,N/A
54102,ROUND TOP RIDGE,2-Methylpentane,2015-06-28T20:00,0.054,µg/m³,VOC,N/A
54102,ROUND TOP RIDGE,2-Methylpentane,2015-07-01T20:00,0.011,µg/m³,VOC,N/A
54102,ROUND TOP RIDGE,2-Methylpentane,2015-07-04T20:00,1.436,µg/m³,VOC,N/A
54102,ROUND TOP RIDGE,2-Methylpentane,2015-07-07T20:00,0.018,µg/m³,VOC,N/A
54102,ROUND TOP RIDGE,2-Methylpentane,2015-07-10T20:00,0.026,µg/m³,VOC,N/A
54102,ROUND TOP RIDGE,2-Methylpentane,2015-07-13T20:00,0.037,µg/m³,VOC,N/A
54102,ROUND TOP RIDGE,2-Methylpentane,2015-07-16T20:00,0.037,µg/m³,VOC,N/A
54102,ROUND TOP RIDGE,2-Methylpentane,2015-07-19T20:00,0.041,µg/m³,VOC,N/A
54102,ROUND TOP RIDGE,2-Methylpentane,2015-07-22T20:00,0.020,µg/m³,VOC,N/A
54102,ROUND TOP RIDGE,2-Methylpentane,2015-07-25T20:00,0.062,µg/m³,VOC,N/A
54102,ROUND TOP RIDGE,2-Methylpentane,2015-07-28T20:00,0.035,µg/m³,VOC,N/A
54102,ROUND TOP RIDGE,2-Methylpentane,2015-07-31T20:00,0.025,µg/m³,VOC,N/A
54102,ROUND TOP RIDGE,2-Methylpentane,2015-08-03T20:00,0.021,µg/m³,VOC,N/A
54102,ROUND TOP RIDGE,2-Methylpentane,2015-08-06T20:00,1.406,µg/m³,VOC,N/A
54102,ROUND TOP RIDGE,2-Methylpentane,2015-08-09T20:00,0.040,µg/m³,VOC,N/A
