﻿NAPS_Site_ID,Station_Name,Pollutant,Date,Value,Units,Report_Type,Method
60429,JUDSON ST. & ETONA CT. _ETOBICOKE_ (moved to kipling),Pentane,2007-01-06T00:00,2.084,µg/m³,VOC,
60429,JUDSON ST. & ETONA CT. _ETOBICOKE_ (moved to kipling),Pentane,2007-01-18T00:00,2.371,µg/m³,VOC,
60429,JUDSON ST. & ETONA CT. _ETOBICOKE_ (moved to kipling),Pentane,2007-01-24T00:00,1.334,µg/m³,VOC,
60429,JUDSON ST. & ETONA CT. _ETOBICOKE_ (moved to kipling),Pentane,2007-01-30T00:00,2.642,µg/m³,VOC,
60429,JUDSON ST. & ETONA CT. _ETOBICOKE_ (moved to kipling),Pentane,2007-02-05T00:00,0.909,µg/m³,VOC,
60429,JUDSON ST. & ETONA CT. _ETOBICOKE_ (moved to kipling),Pentane,2007-02-11T00:00,1.116,µg/m³,VOC,
60429,JUDSON ST. & ETONA CT. _ETOBICOKE_ (moved to kipling),Pentane,2007-02-17T00:00,1.284,µg/m³,VOC,
60429,JUDSON ST. & ETONA CT. _ETOBICOKE_ (moved to kipling),Pentane,2007-02-23T00:00,0.466,µg/m³,VOC,
60429,JUDSON ST. & ETONA CT. _ETOBICOKE_ (moved to kipling),Pentane,2007-03-01T00:00,1.080,µg/m³,VOC,
60429,JUDSON ST. & ETONA CT. _ETOBICOKE_ (moved to kipling),Pentane,2007-03-07T00:00,1.549,µg/m³,VOC,
60429,JUDSON ST. & ETONA CT. _ETOBICOKE_ (moved to kipling),Pentane,2007-03-13T00:00,3.617,µg/m³,VOC,
60429,JUDSON ST. & ETONA CT. _ETOBICOKE_ (moved to kipling),Pentane,2007-03-19T00:00,1.817,µg/m³,VOC,
60429,JUDSON ST. & ETONA CT. _ETOBICOKE_ (moved to kipling),Pentane,2007-03-25T00:00,5.242,µg/m³,VOC,
60429,JUDSON ST. & ETONA CT. _ETOBICOKE_ (moved to kipling),Pentane,2007-03-31T00:00,0.369,µg/m³,VOC,
60429,JUDSON ST. & ETONA CT. _ETOBICOKE_ (moved to kipling),Pentane,2007-04-06T00:00,0.337,µg/m³,VOC,
60429,JUDSON ST. & ETONA CT. _ETOBICOKE_ (moved to kipling),Pentane,2007-04-12T00:00,0.836,µg/m³,VOC,
60429,JUDSON ST. & ETONA CT. _ETOBICOKE_ (moved to kipling),Pentane,2007-04-18T00:00,0.761,µg/m³,VOC,
60429,JUDSON ST. & ETONA CT. _ETOBICOKE_ (moved to kipling),Pentane,2007-04-24T00:00,1.062,µg/m³,VOC,
60429,JUDSON ST. & ETONA CT. _ETOBICOKE_ (moved to kipling),Pentane,2007-04-30T00:00,0.516,µg/m³,VOC,
60429,JUDSON ST. & ETONA CT. _ETOBICOKE_ (moved to kipling),Pentane,2007-05-06T00:00,0.487,µg/m³,VOC,
60429,JUDSON ST. & ETONA CT. _ETOBICOKE_ (moved to kipling),Pentane,2007-05-12T00:00,0.360,µg/m³,VOC,
60429,JUDSON ST. & ETONA CT. _ETOBICOKE_ (moved to kipling),Pentane,2007-05-18T00:00,6.961,µg/m³,VOC,
60429,JUDSON ST. & ETONA CT. _ETOBICOKE_ (moved to kipling),Pentane,2007-05-24T00:00,8.155,µg/m³,VOC,
60429,JUDSON ST. & ETONA CT. _ETOBICOKE_ (moved to kipling),Pentane,2007-05-30T00:00,7.023,µg/m³,VOC,
60429,JUDSON ST. & ETONA CT. _ETOBICOKE_ (moved to kipling),Pentane,2007-06-05T00:00,0.884,µg/m³,VOC,
60429,JUDSON ST. & ETONA CT. _ETOBICOKE_ (moved to kipling),Pentane,2007-06-11T00:00,1.535,µg/m³,VOC,
60429,JUDSON ST. & ETONA CT. _ETOBICOKE_ (moved to kipling),Pentane,2007-06-17T00:00,1.893,µg/m³,VOC,
60429,JUDSON ST. & ETONA CT. _ETOBICOKE_ (moved to kipling),Pentane,2007-06-23T00:00,1.453,µg/m³,VOC,
60429,JUDSON ST. & ETONA CT. _ETOBICOKE_ (moved to kipling),Pentane,2007-06-29T00:00,1.311,µg/m³,VOC,
60429,JUDSON ST. & ETONA CT. _ETOBICOKE_ (moved to kipling),Pentane,2007-07-05T00:00,3.610,µg/m³,VOC,
60429,JUDSON ST. & ETONA CT. _ETOBICOKE_ (moved to kipling),Pentane,2007-07-11T00:00,1.523,µg/m³,VOC,
60429,JUDSON ST. & ETONA CT. _ETOBICOKE_ (moved to kipling),Pentane,2007-07-17T00:00,1.926,µg/m³,VOC,
60429,JUDSON ST. & ETONA CT. _ETOBICOKE_ (moved to kipling),Pentane,2007-07-23T00:00,2.574,µg/m³,VOC,
60429,JUDSON ST. & ETONA CT. _ETOBICOKE_ (moved to kipling),Pentane,2007-07-29T00:00,1.334,µg/m³,VOC,
60429,JUDSON ST. & ETONA CT. _ETOBICOKE_ (moved to kipling),Pentane,2007-08-04T00:00,0.725,µg/m³,VOC,
60429,JUDSON ST. & ETONA CT. _ETOBICOKE_ (moved to kipling),Pentane,2007-08-10T00:00,3.157,µg/m³,VOC,
60429,JUDSON ST. & ETONA CT. _ETOBICOKE_ (moved to kipling),Pentane,2007-08-16T00:00,2.189,µg/m³,VOC,
60429,JUDSON ST. & ETONA CT. _ETOBICOKE_ (moved to kipling),Pentane,2007-08-22T00:00,0.773,µg/m³,VOC,
60429,JUDSON ST. & ETONA CT. _ETOBICOKE_ (moved to kipling),Pentane,2007-08-28T00:00,2.665,µg/m³,VOC,
60429,JUDSON ST. & ETONA CT. _ETOBICOKE_ (moved to kipling),Pentane,2007-09-03T00:00,1.500,µg/m³,VOC,
60429,JUDSON ST. & ETONA CT. _ETOBICOKE_ (moved to kipling),Pentane,2007-09-09T00:00,0.578,µg/m³,VOC,
60429,JUDSON ST. & ETONA CT. _ETOBICOKE_ (moved to kipling),Pentane,2007-09-15T00:00,0.721,µg/m³,VOC,
60429,JUDSON ST. & ETONA CT. _ETOBICOKE_ (moved to kipling),Pentane,2007-09-21T00:00,3.767,µg/m³,VOC,
60429,JUDSON ST. & ETONA CT. _ETOBICOKE_ (moved to kipling),Pentane,2007-09-27T00:00,2.719,µg/m³,VOC,
60429,JUDSON ST. & ETONA CT. _ETOBICOKE_ (moved to kipling),Pentane,2007-10-03T00:00,2.412,µg/m³,VOC,
60429,JUDSON ST. & ETONA CT. _ETOBICOKE_ (moved to kipling),Pentane,2007-10-09T00:00,1.684,µg/m³,VOC,
60429,JUDSON ST. & ETONA CT. _ETOBICOKE_ (moved to kipling),Pentane,2007-10-15T00:00,3.063,µg/m³,VOC,
60429,JUDSON ST. & ETONA CT. _ETOBICOKE_ (moved to kipling),Pentane,2007-10-21T00:00,1.505,µg/m³,VOC,
60429,JUDSON ST. & ETONA CT. _ETOBICOKE_ (moved to kipling),Pentane,2007-10-27T00:00,0.756,µg/m³,VOC,
60429,JUDSON ST. & ETONA CT. _ETOBICOKE_ (moved to kipling),Pentane,2007-11-02T00:00,3.941,µg/m³,VOC,
60429,JUDSON ST. & ETONA CT. _ETOBICOKE_ (moved to kipling),Pentane,2007-11-08T00:00,0.874,µg/m³,VOC,
60429,JUDSON ST. & ETONA CT. _ETOBICOKE_ (moved to kipling),Pentane,2007-11-14T00:00,2.394,µg/m³,VOC,
60429,JUDSON ST. & ETONA CT. _ETOBICOKE_ (moved to kipling),Pentane,2007-11-20T00:00,2.590,µg/m³,VOC,
60429,JUDSON ST. & ETONA CT. _ETOBICOKE_ (moved to kipling),Pentane,2007-11-26T00:00,1.727,µg/m³,VOC,
60429,JUDSON ST. & ETONA CT. _ETOBICOKE_ (moved to kipling),Pentane,2007-12-02T00:00,0.567,µg/m³,VOC,
60429,JUDSON ST. & ETONA CT. _ETOBICOKE_ (moved to kipling),Pentane,2007-12-08T00:00,1.015,µg/m³,VOC,
60429,JUDSON ST. & ETONA CT. _ETOBICOKE_ (moved to kipling),Pentane,2007-12-14T00:00,1.009,µg/m³,VOC,
60429,JUDSON ST. & ETONA CT. _ETOBICOKE_ (moved to kipling),Pentane,2007-12-20T00:00,1.309,µg/m³,VOC,
60429,JUDSON ST. & ETONA CT. _ETOBICOKE_ (moved to kipling),Pentane,2007-12-26T00:00,1.227,µg/m³,VOC,
