﻿NAPS_Site_ID,Station_Name,Pollutant,Date,Value,Units,Report_Type,Method
100118,KITSILANO,4-Methyl-1-pentene,1993-07-26T00:00,0.081,µg/m³,VOC,N/A
100118,KITSILANO,4-Methyl-1-pentene,1993-07-28T00:00,0.061,µg/m³,VOC,N/A
100118,KITSILANO,4-Methyl-1-pentene,1993-07-30T00:00,0.037,µg/m³,VOC,N/A
100118,KITSILANO,4-Methyl-1-pentene,1993-08-02T00:00,0.069,µg/m³,VOC,N/A
100118,KITSILANO,4-Methyl-1-pentene,1993-08-04T00:00,0.100,µg/m³,VOC,N/A
100118,KITSILANO,4-Methyl-1-pentene,1993-08-06T00:00,0.050,µg/m³,VOC,N/A
