﻿NAPS_Site_ID,Station_Name,Pollutant,Date,Value,Units,Report_Type,Method
60903,LONDON AQI SITE _LONDON_ 900_HGHBURYAVE,Acetylene,2008-01-01T00:00,0.650,µg/m³,VOC,GC-FID
60903,LONDON AQI SITE _LONDON_ 900_HGHBURYAVE,Acetylene,2008-01-07T00:00,0.530,µg/m³,VOC,GC-FID
60903,LONDON AQI SITE _LONDON_ 900_HGHBURYAVE,Acetylene,2008-01-13T00:00,0.884,µg/m³,VOC,GC-FID
60903,LONDON AQI SITE _LONDON_ 900_HGHBURYAVE,Acetylene,2008-01-19T00:00,0.726,µg/m³,VOC,GC-FID
60903,LONDON AQI SITE _LONDON_ 900_HGHBURYAVE,Acetylene,2008-01-25T00:00,1.111,µg/m³,VOC,GC-FID
60903,LONDON AQI SITE _LONDON_ 900_HGHBURYAVE,Acetylene,2008-01-31T00:00,0.937,µg/m³,VOC,GC-FID
60903,LONDON AQI SITE _LONDON_ 900_HGHBURYAVE,Acetylene,2008-02-06T00:00,0.767,µg/m³,VOC,GC-FID
60903,LONDON AQI SITE _LONDON_ 900_HGHBURYAVE,Acetylene,2008-02-12T00:00,0.992,µg/m³,VOC,GC-FID
60903,LONDON AQI SITE _LONDON_ 900_HGHBURYAVE,Acetylene,2008-02-18T00:00,0.727,µg/m³,VOC,GC-FID
60903,LONDON AQI SITE _LONDON_ 900_HGHBURYAVE,Acetylene,2008-02-24T00:00,1.082,µg/m³,VOC,GC-FID
60903,LONDON AQI SITE _LONDON_ 900_HGHBURYAVE,Acetylene,2008-03-01T00:00,0.791,µg/m³,VOC,GC-FID
60903,LONDON AQI SITE _LONDON_ 900_HGHBURYAVE,Acetylene,2008-03-07T00:00,0.584,µg/m³,VOC,GC-FID
60903,LONDON AQI SITE _LONDON_ 900_HGHBURYAVE,Acetylene,2008-03-13T00:00,1.117,µg/m³,VOC,GC-FID
60903,LONDON AQI SITE _LONDON_ 900_HGHBURYAVE,Acetylene,2008-03-20T00:00,0.629,µg/m³,VOC,GC-FID
60903,LONDON AQI SITE _LONDON_ 900_HGHBURYAVE,Acetylene,2008-03-25T00:00,0.841,µg/m³,VOC,GC-FID
60903,LONDON AQI SITE _LONDON_ 900_HGHBURYAVE,Acetylene,2008-03-31T00:00,0.735,µg/m³,VOC,GC-FID
