﻿NAPS_Site_ID,Station_Name,Pollutant,Date,Value,Units,Report_Type,Method
50134,MONTRÉAL-MOLSON or MONTRÉAL-SAINT-JOSEPH,13C12-TCDD,2010-03-20T20:00,107.000,pg/m³,PCDD,N/A
50134,MONTRÉAL-MOLSON or MONTRÉAL-SAINT-JOSEPH,13C12-TCDD,2010-04-13T20:00,82.000,pg/m³,PCDD,N/A
50134,MONTRÉAL-MOLSON or MONTRÉAL-SAINT-JOSEPH,13C12-TCDD,2010-05-07T20:00,111.000,pg/m³,PCDD,N/A
50134,MONTRÉAL-MOLSON or MONTRÉAL-SAINT-JOSEPH,13C12-TCDD,2010-05-31T20:00,116.000,pg/m³,PCDD,N/A
50134,MONTRÉAL-MOLSON or MONTRÉAL-SAINT-JOSEPH,13C12-TCDD,2010-07-18T20:00,102.000,pg/m³,PCDD,N/A
50134,MONTRÉAL-MOLSON or MONTRÉAL-SAINT-JOSEPH,13C12-TCDD,2010-09-28T20:00,94.000,pg/m³,PCDD,N/A
50134,MONTRÉAL-MOLSON or MONTRÉAL-SAINT-JOSEPH,13C12-TCDD,2010-11-15T19:00,99.000,pg/m³,PCDD,N/A
50134,MONTRÉAL-MOLSON or MONTRÉAL-SAINT-JOSEPH,13C12-TCDD,2010-12-09T19:00,89.000,pg/m³,PCDD,N/A
