﻿NAPS_Site_ID,Station_Name,Pollutant,Date,Value,Units,Report_Type,Method
101101,CHILLIWACK AIRPORT,"1,1,1-Trichloroethane",2014-01-10T19:00,0.024,µg/m³,VOC,
101101,CHILLIWACK AIRPORT,"1,1,1-Trichloroethane",2014-01-22T19:00,0.024,µg/m³,VOC,
101101,CHILLIWACK AIRPORT,"1,1,1-Trichloroethane",2014-02-03T19:00,0.022,µg/m³,VOC,
101101,CHILLIWACK AIRPORT,"1,1,1-Trichloroethane",2014-03-11T20:00,0.026,µg/m³,VOC,
101101,CHILLIWACK AIRPORT,"1,1,1-Trichloroethane",2014-03-23T20:00,0.024,µg/m³,VOC,
101101,CHILLIWACK AIRPORT,"1,1,1-Trichloroethane",2014-04-04T20:00,0.024,µg/m³,VOC,
101101,CHILLIWACK AIRPORT,"1,1,1-Trichloroethane",2014-04-16T20:00,0.022,µg/m³,VOC,
101101,CHILLIWACK AIRPORT,"1,1,1-Trichloroethane",2014-04-28T20:00,0.026,µg/m³,VOC,
101101,CHILLIWACK AIRPORT,"1,1,1-Trichloroethane",2014-05-10T20:00,0.022,µg/m³,VOC,
101101,CHILLIWACK AIRPORT,"1,1,1-Trichloroethane",2014-05-22T20:00,0.022,µg/m³,VOC,
101101,CHILLIWACK AIRPORT,"1,1,1-Trichloroethane",2014-06-03T20:00,0.026,µg/m³,VOC,
101101,CHILLIWACK AIRPORT,"1,1,1-Trichloroethane",2014-06-15T20:00,0.024,µg/m³,VOC,
101101,CHILLIWACK AIRPORT,"1,1,1-Trichloroethane",2014-06-27T20:00,0.022,µg/m³,VOC,
101101,CHILLIWACK AIRPORT,"1,1,1-Trichloroethane",2014-07-09T20:00,0.022,µg/m³,VOC,
101101,CHILLIWACK AIRPORT,"1,1,1-Trichloroethane",2014-07-21T20:00,0.020,µg/m³,VOC,
101101,CHILLIWACK AIRPORT,"1,1,1-Trichloroethane",2014-08-02T20:00,0.024,µg/m³,VOC,
101101,CHILLIWACK AIRPORT,"1,1,1-Trichloroethane",2014-08-14T20:00,0.024,µg/m³,VOC,
101101,CHILLIWACK AIRPORT,"1,1,1-Trichloroethane",2014-08-26T20:00,0.024,µg/m³,VOC,
101101,CHILLIWACK AIRPORT,"1,1,1-Trichloroethane",2014-09-07T20:00,0.022,µg/m³,VOC,
101101,CHILLIWACK AIRPORT,"1,1,1-Trichloroethane",2014-09-19T20:00,0.022,µg/m³,VOC,
101101,CHILLIWACK AIRPORT,"1,1,1-Trichloroethane",2014-10-01T20:00,0.020,µg/m³,VOC,
101101,CHILLIWACK AIRPORT,"1,1,1-Trichloroethane",2014-10-13T20:00,0.020,µg/m³,VOC,
101101,CHILLIWACK AIRPORT,"1,1,1-Trichloroethane",2014-10-25T20:00,0.022,µg/m³,VOC,
101101,CHILLIWACK AIRPORT,"1,1,1-Trichloroethane",2014-11-06T19:00,0.022,µg/m³,VOC,
101101,CHILLIWACK AIRPORT,"1,1,1-Trichloroethane",2014-11-30T19:00,0.020,µg/m³,VOC,
101101,CHILLIWACK AIRPORT,"1,1,1-Trichloroethane",2014-12-12T19:00,0.024,µg/m³,VOC,
101101,CHILLIWACK AIRPORT,"1,1,1-Trichloroethane",2014-12-24T19:00,0.024,µg/m³,VOC,
