﻿NAPS_Site_ID,Station_Name,Pollutant,Date,Value,Units,Report_Type,Method
50103,MONTRÉAL-SAINT-JEAN-BAPTISTE,"1,1,1-Trichloroethane",1989-01-16T00:00,3.438,µg/m³,VOC,
50103,MONTRÉAL-SAINT-JEAN-BAPTISTE,"1,1,1-Trichloroethane",1989-01-22T00:00,3.806,µg/m³,VOC,
50103,MONTRÉAL-SAINT-JEAN-BAPTISTE,"1,1,1-Trichloroethane",1989-01-28T00:00,4.142,µg/m³,VOC,
50103,MONTRÉAL-SAINT-JEAN-BAPTISTE,"1,1,1-Trichloroethane",1989-02-03T00:00,1.934,µg/m³,VOC,
50103,MONTRÉAL-SAINT-JEAN-BAPTISTE,"1,1,1-Trichloroethane",1989-02-09T00:00,1.688,µg/m³,VOC,
50103,MONTRÉAL-SAINT-JEAN-BAPTISTE,"1,1,1-Trichloroethane",1989-02-15T00:00,4.380,µg/m³,VOC,
50103,MONTRÉAL-SAINT-JEAN-BAPTISTE,"1,1,1-Trichloroethane",1989-02-21T00:00,4.523,µg/m³,VOC,
50103,MONTRÉAL-SAINT-JEAN-BAPTISTE,"1,1,1-Trichloroethane",1989-02-27T00:00,2.726,µg/m³,VOC,
50103,MONTRÉAL-SAINT-JEAN-BAPTISTE,"1,1,1-Trichloroethane",1989-03-05T00:00,1.804,µg/m³,VOC,
50103,MONTRÉAL-SAINT-JEAN-BAPTISTE,"1,1,1-Trichloroethane",1989-03-11T00:00,4.679,µg/m³,VOC,
50103,MONTRÉAL-SAINT-JEAN-BAPTISTE,"1,1,1-Trichloroethane",1989-03-17T00:00,1.512,µg/m³,VOC,
50103,MONTRÉAL-SAINT-JEAN-BAPTISTE,"1,1,1-Trichloroethane",1989-03-23T00:00,2.468,µg/m³,VOC,
50103,MONTRÉAL-SAINT-JEAN-BAPTISTE,"1,1,1-Trichloroethane",1989-03-29T00:00,1.421,µg/m³,VOC,
50103,MONTRÉAL-SAINT-JEAN-BAPTISTE,"1,1,1-Trichloroethane",1989-04-04T00:00,2.541,µg/m³,VOC,
50103,MONTRÉAL-SAINT-JEAN-BAPTISTE,"1,1,1-Trichloroethane",1989-04-16T00:00,2.375,µg/m³,VOC,
50103,MONTRÉAL-SAINT-JEAN-BAPTISTE,"1,1,1-Trichloroethane",1989-04-28T00:00,1.102,µg/m³,VOC,
50103,MONTRÉAL-SAINT-JEAN-BAPTISTE,"1,1,1-Trichloroethane",1989-05-04T00:00,2.148,µg/m³,VOC,
50103,MONTRÉAL-SAINT-JEAN-BAPTISTE,"1,1,1-Trichloroethane",1989-05-10T00:00,1.121,µg/m³,VOC,
50103,MONTRÉAL-SAINT-JEAN-BAPTISTE,"1,1,1-Trichloroethane",1989-05-16T00:00,2.430,µg/m³,VOC,
50103,MONTRÉAL-SAINT-JEAN-BAPTISTE,"1,1,1-Trichloroethane",1989-05-22T00:00,1.263,µg/m³,VOC,
50103,MONTRÉAL-SAINT-JEAN-BAPTISTE,"1,1,1-Trichloroethane",1989-05-28T00:00,1.046,µg/m³,VOC,
50103,MONTRÉAL-SAINT-JEAN-BAPTISTE,"1,1,1-Trichloroethane",1989-06-09T00:00,3.471,µg/m³,VOC,
50103,MONTRÉAL-SAINT-JEAN-BAPTISTE,"1,1,1-Trichloroethane",1989-06-15T00:00,2.064,µg/m³,VOC,
50103,MONTRÉAL-SAINT-JEAN-BAPTISTE,"1,1,1-Trichloroethane",1989-06-21T00:00,3.113,µg/m³,VOC,
50103,MONTRÉAL-SAINT-JEAN-BAPTISTE,"1,1,1-Trichloroethane",1989-06-27T00:00,18.077,µg/m³,VOC,
50103,MONTRÉAL-SAINT-JEAN-BAPTISTE,"1,1,1-Trichloroethane",1989-07-03T00:00,13.760,µg/m³,VOC,
50103,MONTRÉAL-SAINT-JEAN-BAPTISTE,"1,1,1-Trichloroethane",1989-07-21T00:00,8.926,µg/m³,VOC,
50103,MONTRÉAL-SAINT-JEAN-BAPTISTE,"1,1,1-Trichloroethane",1989-07-27T00:00,10.469,µg/m³,VOC,
50103,MONTRÉAL-SAINT-JEAN-BAPTISTE,"1,1,1-Trichloroethane",1989-08-08T00:00,7.331,µg/m³,VOC,
50103,MONTRÉAL-SAINT-JEAN-BAPTISTE,"1,1,1-Trichloroethane",1989-08-14T00:00,10.143,µg/m³,VOC,
50103,MONTRÉAL-SAINT-JEAN-BAPTISTE,"1,1,1-Trichloroethane",1989-08-26T00:00,10.684,µg/m³,VOC,
50103,MONTRÉAL-SAINT-JEAN-BAPTISTE,"1,1,1-Trichloroethane",1989-09-07T00:00,8.998,µg/m³,VOC,
50103,MONTRÉAL-SAINT-JEAN-BAPTISTE,"1,1,1-Trichloroethane",1989-09-13T00:00,3.303,µg/m³,VOC,
50103,MONTRÉAL-SAINT-JEAN-BAPTISTE,"1,1,1-Trichloroethane",1989-09-19T00:00,2.274,µg/m³,VOC,
50103,MONTRÉAL-SAINT-JEAN-BAPTISTE,"1,1,1-Trichloroethane",1989-09-25T00:00,2.697,µg/m³,VOC,
50103,MONTRÉAL-SAINT-JEAN-BAPTISTE,"1,1,1-Trichloroethane",1989-10-07T00:00,2.007,µg/m³,VOC,
50103,MONTRÉAL-SAINT-JEAN-BAPTISTE,"1,1,1-Trichloroethane",1989-10-25T00:00,8.789,µg/m³,VOC,
50103,MONTRÉAL-SAINT-JEAN-BAPTISTE,"1,1,1-Trichloroethane",1989-10-31T00:00,3.035,µg/m³,VOC,
50103,MONTRÉAL-SAINT-JEAN-BAPTISTE,"1,1,1-Trichloroethane",1989-11-06T00:00,2.154,µg/m³,VOC,
50103,MONTRÉAL-SAINT-JEAN-BAPTISTE,"1,1,1-Trichloroethane",1989-11-12T00:00,1.520,µg/m³,VOC,
50103,MONTRÉAL-SAINT-JEAN-BAPTISTE,"1,1,1-Trichloroethane",1989-11-18T00:00,1.900,µg/m³,VOC,
50103,MONTRÉAL-SAINT-JEAN-BAPTISTE,"1,1,1-Trichloroethane",1989-11-24T00:00,2.907,µg/m³,VOC,
50103,MONTRÉAL-SAINT-JEAN-BAPTISTE,"1,1,1-Trichloroethane",1989-11-30T00:00,1.769,µg/m³,VOC,
50103,MONTRÉAL-SAINT-JEAN-BAPTISTE,"1,1,1-Trichloroethane",1989-12-06T00:00,3.101,µg/m³,VOC,
50103,MONTRÉAL-SAINT-JEAN-BAPTISTE,"1,1,1-Trichloroethane",1989-12-12T00:00,1.229,µg/m³,VOC,
50103,MONTRÉAL-SAINT-JEAN-BAPTISTE,"1,1,1-Trichloroethane",1989-12-18T00:00,1.382,µg/m³,VOC,
