﻿NAPS_Site_ID,Station_Name,Pollutant,Date,Value,Units,Report_Type,Method
100110,KENSINGTON PARK,Chloroform,1997-01-04T00:00,0.140,µg/m³,VOC,GC-MS
100110,KENSINGTON PARK,Chloroform,1997-02-09T00:00,0.180,µg/m³,VOC,GC-MS
100110,KENSINGTON PARK,Chloroform,1997-03-23T00:00,0.120,µg/m³,VOC,GC-MS
100110,KENSINGTON PARK,Chloroform,1997-05-04T00:00,0.098,µg/m³,VOC,GC-MS
100110,KENSINGTON PARK,Chloroform,1997-06-09T00:00,0.224,µg/m³,VOC,GC-MS
100110,KENSINGTON PARK,Chloroform,1997-07-15T00:00,0.092,µg/m³,VOC,GC-MS
100110,KENSINGTON PARK,Chloroform,1997-08-20T00:00,0.380,µg/m³,VOC,GC-MS
100110,KENSINGTON PARK,Chloroform,1997-10-01T00:00,0.097,µg/m³,VOC,GC-MS
100110,KENSINGTON PARK,Chloroform,1997-12-12T00:00,0.120,µg/m³,VOC,GC-MS
