﻿NAPS_Site_ID,Station_Name,Pollutant,Date,Value,Units,Report_Type,Method
55201,LEMIEUX,1-Pentene,2015-01-02T19:00,0.025,µg/m³,VOC,GC-MS
55201,LEMIEUX,1-Pentene,2015-01-05T19:00,0.024,µg/m³,VOC,GC-MS
55201,LEMIEUX,1-Pentene,2015-01-08T19:00,0.028,µg/m³,VOC,GC-MS
55201,LEMIEUX,1-Pentene,2015-01-14T19:00,0.044,µg/m³,VOC,GC-MS
55201,LEMIEUX,1-Pentene,2015-01-17T19:00,0.033,µg/m³,VOC,GC-MS
55201,LEMIEUX,1-Pentene,2015-01-20T19:00,0.028,µg/m³,VOC,GC-MS
55201,LEMIEUX,1-Pentene,2015-01-23T19:00,0.024,µg/m³,VOC,GC-MS
55201,LEMIEUX,1-Pentene,2015-01-26T19:00,0.015,µg/m³,VOC,GC-MS
55201,LEMIEUX,1-Pentene,2015-01-29T19:00,0.014,µg/m³,VOC,GC-MS
55201,LEMIEUX,1-Pentene,2015-02-01T19:00,0.031,µg/m³,VOC,GC-MS
55201,LEMIEUX,1-Pentene,2015-02-04T19:00,0.009,µg/m³,VOC,GC-MS
55201,LEMIEUX,1-Pentene,2015-02-07T19:00,0.096,µg/m³,VOC,GC-MS
55201,LEMIEUX,1-Pentene,2015-02-10T19:00,0.035,µg/m³,VOC,GC-MS
55201,LEMIEUX,1-Pentene,2015-02-13T19:00,0.093,µg/m³,VOC,GC-MS
55201,LEMIEUX,1-Pentene,2015-02-16T19:00,0.013,µg/m³,VOC,GC-MS
55201,LEMIEUX,1-Pentene,2015-02-19T19:00,0.012,µg/m³,VOC,GC-MS
55201,LEMIEUX,1-Pentene,2015-02-22T19:00,0.012,µg/m³,VOC,GC-MS
55201,LEMIEUX,1-Pentene,2015-02-25T19:00,0.012,µg/m³,VOC,GC-MS
55201,LEMIEUX,1-Pentene,2015-02-28T19:00,0.009,µg/m³,VOC,GC-MS
55201,LEMIEUX,1-Pentene,2015-03-03T19:00,0.018,µg/m³,VOC,GC-MS
55201,LEMIEUX,1-Pentene,2015-03-06T19:00,0.010,µg/m³,VOC,GC-MS
55201,LEMIEUX,1-Pentene,2015-03-09T20:00,0.022,µg/m³,VOC,GC-MS
55201,LEMIEUX,1-Pentene,2015-03-12T20:00,0.011,µg/m³,VOC,GC-MS
55201,LEMIEUX,1-Pentene,2015-03-15T20:00,0.021,µg/m³,VOC,GC-MS
55201,LEMIEUX,1-Pentene,2015-03-18T20:00,0.004,µg/m³,VOC,GC-MS
55201,LEMIEUX,1-Pentene,2015-03-21T20:00,0.011,µg/m³,VOC,GC-MS
55201,LEMIEUX,1-Pentene,2015-03-24T20:00,0.013,µg/m³,VOC,GC-MS
55201,LEMIEUX,1-Pentene,2015-03-27T20:00,0.015,µg/m³,VOC,GC-MS
55201,LEMIEUX,1-Pentene,2015-03-30T20:00,0.005,µg/m³,VOC,GC-MS
55201,LEMIEUX,1-Pentene,2015-04-02T20:00,0.025,µg/m³,VOC,GC-MS
55201,LEMIEUX,1-Pentene,2015-04-05T20:00,0.011,µg/m³,VOC,GC-MS
55201,LEMIEUX,1-Pentene,2015-04-08T20:00,0.013,µg/m³,VOC,GC-MS
55201,LEMIEUX,1-Pentene,2015-04-11T20:00,0.030,µg/m³,VOC,GC-MS
55201,LEMIEUX,1-Pentene,2015-04-14T20:00,0.016,µg/m³,VOC,GC-MS
55201,LEMIEUX,1-Pentene,2015-04-17T20:00,0.015,µg/m³,VOC,GC-MS
55201,LEMIEUX,1-Pentene,2015-04-20T20:00,0.013,µg/m³,VOC,GC-MS
55201,LEMIEUX,1-Pentene,2015-04-29T20:00,0.083,µg/m³,VOC,GC-MS
55201,LEMIEUX,1-Pentene,2015-05-02T20:00,0.016,µg/m³,VOC,GC-MS
55201,LEMIEUX,1-Pentene,2015-05-05T20:00,0.013,µg/m³,VOC,GC-MS
55201,LEMIEUX,1-Pentene,2015-05-08T20:00,0.017,µg/m³,VOC,GC-MS
55201,LEMIEUX,1-Pentene,2015-05-11T20:00,0.015,µg/m³,VOC,GC-MS
55201,LEMIEUX,1-Pentene,2015-05-14T20:00,0.023,µg/m³,VOC,GC-MS
55201,LEMIEUX,1-Pentene,2015-05-17T20:00,0.032,µg/m³,VOC,GC-MS
55201,LEMIEUX,1-Pentene,2015-05-20T20:00,0.028,µg/m³,VOC,GC-MS
55201,LEMIEUX,1-Pentene,2015-05-23T20:00,0.024,µg/m³,VOC,GC-MS
55201,LEMIEUX,1-Pentene,2015-05-26T20:00,0.017,µg/m³,VOC,GC-MS
55201,LEMIEUX,1-Pentene,2015-05-29T20:00,0.024,µg/m³,VOC,GC-MS
55201,LEMIEUX,1-Pentene,2015-06-01T20:00,0.043,µg/m³,VOC,GC-MS
55201,LEMIEUX,1-Pentene,2015-06-04T20:00,0.044,µg/m³,VOC,GC-MS
55201,LEMIEUX,1-Pentene,2015-06-07T20:00,0.018,µg/m³,VOC,GC-MS
55201,LEMIEUX,1-Pentene,2015-06-10T20:00,0.013,µg/m³,VOC,GC-MS
55201,LEMIEUX,1-Pentene,2015-06-13T20:00,0.103,µg/m³,VOC,GC-MS
55201,LEMIEUX,1-Pentene,2015-06-16T20:00,0.022,µg/m³,VOC,GC-MS
55201,LEMIEUX,1-Pentene,2015-06-19T20:00,0.041,µg/m³,VOC,GC-MS
55201,LEMIEUX,1-Pentene,2015-06-22T20:00,0.017,µg/m³,VOC,GC-MS
55201,LEMIEUX,1-Pentene,2015-06-25T20:00,0.016,µg/m³,VOC,GC-MS
55201,LEMIEUX,1-Pentene,2015-06-28T20:00,0.040,µg/m³,VOC,GC-MS
55201,LEMIEUX,1-Pentene,2015-07-01T20:00,0.064,µg/m³,VOC,GC-MS
55201,LEMIEUX,1-Pentene,2015-07-04T20:00,0.051,µg/m³,VOC,GC-MS
55201,LEMIEUX,1-Pentene,2015-07-10T20:00,0.019,µg/m³,VOC,GC-MS
55201,LEMIEUX,1-Pentene,2015-07-13T20:00,0.013,µg/m³,VOC,GC-MS
55201,LEMIEUX,1-Pentene,2015-07-16T20:00,0.025,µg/m³,VOC,GC-MS
55201,LEMIEUX,1-Pentene,2015-07-19T20:00,0.025,µg/m³,VOC,GC-MS
55201,LEMIEUX,1-Pentene,2015-07-22T20:00,0.010,µg/m³,VOC,GC-MS
55201,LEMIEUX,1-Pentene,2015-07-25T20:00,0.018,µg/m³,VOC,GC-MS
55201,LEMIEUX,1-Pentene,2015-07-28T20:00,0.020,µg/m³,VOC,GC-MS
55201,LEMIEUX,1-Pentene,2015-07-31T20:00,0.022,µg/m³,VOC,GC-MS
55201,LEMIEUX,1-Pentene,2015-08-03T20:00,0.012,µg/m³,VOC,GC-MS
55201,LEMIEUX,1-Pentene,2015-08-06T20:00,0.032,µg/m³,VOC,GC-MS
55201,LEMIEUX,1-Pentene,2015-08-09T20:00,0.015,µg/m³,VOC,GC-MS
55201,LEMIEUX,1-Pentene,2015-08-12T20:00,0.026,µg/m³,VOC,GC-MS
55201,LEMIEUX,1-Pentene,2015-08-15T20:00,0.017,µg/m³,VOC,GC-MS
55201,LEMIEUX,1-Pentene,2015-08-18T20:00,0.083,µg/m³,VOC,GC-MS
55201,LEMIEUX,1-Pentene,2015-08-21T20:00,0.025,µg/m³,VOC,GC-MS
55201,LEMIEUX,1-Pentene,2015-08-24T20:00,0.041,µg/m³,VOC,GC-MS
55201,LEMIEUX,1-Pentene,2015-08-27T20:00,0.013,µg/m³,VOC,GC-MS
55201,LEMIEUX,1-Pentene,2015-08-30T20:00,0.033,µg/m³,VOC,GC-MS
55201,LEMIEUX,1-Pentene,2015-09-02T20:00,0.015,µg/m³,VOC,GC-MS
55201,LEMIEUX,1-Pentene,2015-09-05T20:00,0.017,µg/m³,VOC,GC-MS
55201,LEMIEUX,1-Pentene,2015-09-08T20:00,0.031,µg/m³,VOC,GC-MS
55201,LEMIEUX,1-Pentene,2015-09-11T20:00,0.023,µg/m³,VOC,GC-MS
55201,LEMIEUX,1-Pentene,2015-09-14T20:00,0.026,µg/m³,VOC,GC-MS
55201,LEMIEUX,1-Pentene,2015-09-17T20:00,0.018,µg/m³,VOC,GC-MS
55201,LEMIEUX,1-Pentene,2015-09-20T20:00,0.136,µg/m³,VOC,GC-MS
55201,LEMIEUX,1-Pentene,2015-09-23T20:00,0.027,µg/m³,VOC,GC-MS
55201,LEMIEUX,1-Pentene,2015-09-26T20:00,0.038,µg/m³,VOC,GC-MS
55201,LEMIEUX,1-Pentene,2015-09-29T20:00,0.098,µg/m³,VOC,GC-MS
55201,LEMIEUX,1-Pentene,2015-10-02T20:00,0.190,µg/m³,VOC,GC-MS
55201,LEMIEUX,1-Pentene,2015-10-08T20:00,0.024,µg/m³,VOC,GC-MS
55201,LEMIEUX,1-Pentene,2015-10-11T20:00,0.034,µg/m³,VOC,GC-MS
55201,LEMIEUX,1-Pentene,2015-10-14T20:00,0.031,µg/m³,VOC,GC-MS
55201,LEMIEUX,1-Pentene,2015-10-17T20:00,0.019,µg/m³,VOC,GC-MS
55201,LEMIEUX,1-Pentene,2015-10-20T20:00,0.180,µg/m³,VOC,GC-MS
55201,LEMIEUX,1-Pentene,2015-10-23T20:00,0.040,µg/m³,VOC,GC-MS
55201,LEMIEUX,1-Pentene,2015-10-26T20:00,0.080,µg/m³,VOC,GC-MS
55201,LEMIEUX,1-Pentene,2015-10-29T20:00,0.042,µg/m³,VOC,GC-MS
55201,LEMIEUX,1-Pentene,2015-11-01T19:00,0.037,µg/m³,VOC,GC-MS
55201,LEMIEUX,1-Pentene,2015-11-04T19:00,0.019,µg/m³,VOC,GC-MS
55201,LEMIEUX,1-Pentene,2015-11-07T19:00,0.027,µg/m³,VOC,GC-MS
55201,LEMIEUX,1-Pentene,2015-11-10T19:00,0.117,µg/m³,VOC,GC-MS
55201,LEMIEUX,1-Pentene,2015-11-13T19:00,0.011,µg/m³,VOC,GC-MS
55201,LEMIEUX,1-Pentene,2015-11-16T19:00,0.028,µg/m³,VOC,GC-MS
55201,LEMIEUX,1-Pentene,2015-11-19T19:00,0.021,µg/m³,VOC,GC-MS
55201,LEMIEUX,1-Pentene,2015-11-22T19:00,0.018,µg/m³,VOC,GC-MS
55201,LEMIEUX,1-Pentene,2015-11-25T19:00,0.030,µg/m³,VOC,GC-MS
55201,LEMIEUX,1-Pentene,2015-11-28T19:00,0.014,µg/m³,VOC,GC-MS
55201,LEMIEUX,1-Pentene,2015-12-01T19:00,0.041,µg/m³,VOC,GC-MS
55201,LEMIEUX,1-Pentene,2015-12-04T19:00,0.021,µg/m³,VOC,GC-MS
55201,LEMIEUX,1-Pentene,2015-12-07T19:00,0.026,µg/m³,VOC,GC-MS
55201,LEMIEUX,1-Pentene,2015-12-10T19:00,0.016,µg/m³,VOC,GC-MS
55201,LEMIEUX,1-Pentene,2015-12-13T19:00,0.068,µg/m³,VOC,GC-MS
55201,LEMIEUX,1-Pentene,2015-12-16T19:00,0.034,µg/m³,VOC,GC-MS
55201,LEMIEUX,1-Pentene,2015-12-19T19:00,0.052,µg/m³,VOC,GC-MS
55201,LEMIEUX,1-Pentene,2015-12-22T19:00,0.044,µg/m³,VOC,GC-MS
55201,LEMIEUX,1-Pentene,2015-12-25T19:00,0.025,µg/m³,VOC,GC-MS
55201,LEMIEUX,1-Pentene,2015-12-28T19:00,0.023,µg/m³,VOC,GC-MS
