﻿NAPS_Site_ID,Station_Name,Pollutant,Date,Value,Units,Report_Type,Method
50124,MONTRÉAL-CHATEAUNEUF-ANJOU,Oxalate,2008-01-19T00:00,0.000,µg/m³,DICHOT,IC
50124,MONTRÉAL-CHATEAUNEUF-ANJOU,Oxalate,2008-01-19T00:00,0.019,µg/m³,DICHOT,IC
50124,MONTRÉAL-CHATEAUNEUF-ANJOU,Oxalate,2008-01-25T00:00,0.025,µg/m³,DICHOT,IC
50124,MONTRÉAL-CHATEAUNEUF-ANJOU,Oxalate,2008-01-25T00:00,0.107,µg/m³,DICHOT,IC
50124,MONTRÉAL-CHATEAUNEUF-ANJOU,Oxalate,2008-01-31T00:00,0.025,µg/m³,DICHOT,IC
50124,MONTRÉAL-CHATEAUNEUF-ANJOU,Oxalate,2008-01-31T00:00,0.070,µg/m³,DICHOT,IC
50124,MONTRÉAL-CHATEAUNEUF-ANJOU,Oxalate,2008-02-06T00:00,0.012,µg/m³,DICHOT,IC
50124,MONTRÉAL-CHATEAUNEUF-ANJOU,Oxalate,2008-02-06T00:00,0.105,µg/m³,DICHOT,IC
50124,MONTRÉAL-CHATEAUNEUF-ANJOU,Oxalate,2008-02-12T00:00,0.029,µg/m³,DICHOT,IC
50124,MONTRÉAL-CHATEAUNEUF-ANJOU,Oxalate,2008-02-12T00:00,0.134,µg/m³,DICHOT,IC
50124,MONTRÉAL-CHATEAUNEUF-ANJOU,Oxalate,2008-02-18T00:00,0.017,µg/m³,DICHOT,IC
50124,MONTRÉAL-CHATEAUNEUF-ANJOU,Oxalate,2008-02-18T00:00,0.068,µg/m³,DICHOT,IC
50124,MONTRÉAL-CHATEAUNEUF-ANJOU,Oxalate,2008-02-24T00:00,0.031,µg/m³,DICHOT,IC
50124,MONTRÉAL-CHATEAUNEUF-ANJOU,Oxalate,2008-02-24T00:00,0.137,µg/m³,DICHOT,IC
50124,MONTRÉAL-CHATEAUNEUF-ANJOU,Oxalate,2008-03-01T00:00,0.017,µg/m³,DICHOT,IC
50124,MONTRÉAL-CHATEAUNEUF-ANJOU,Oxalate,2008-03-01T00:00,0.145,µg/m³,DICHOT,IC
50124,MONTRÉAL-CHATEAUNEUF-ANJOU,Oxalate,2008-03-07T00:00,0.030,µg/m³,DICHOT,IC
50124,MONTRÉAL-CHATEAUNEUF-ANJOU,Oxalate,2008-03-07T00:00,0.391,µg/m³,DICHOT,IC
50124,MONTRÉAL-CHATEAUNEUF-ANJOU,Oxalate,2008-03-13T00:00,0.023,µg/m³,DICHOT,IC
50124,MONTRÉAL-CHATEAUNEUF-ANJOU,Oxalate,2008-03-13T00:00,0.121,µg/m³,DICHOT,IC
50124,MONTRÉAL-CHATEAUNEUF-ANJOU,Oxalate,2008-03-19T00:00,0.026,µg/m³,DICHOT,IC
50124,MONTRÉAL-CHATEAUNEUF-ANJOU,Oxalate,2008-03-19T00:00,0.094,µg/m³,DICHOT,IC
50124,MONTRÉAL-CHATEAUNEUF-ANJOU,Oxalate,2008-03-25T00:00,0.028,µg/m³,DICHOT,IC
50124,MONTRÉAL-CHATEAUNEUF-ANJOU,Oxalate,2008-03-25T00:00,0.116,µg/m³,DICHOT,IC
50124,MONTRÉAL-CHATEAUNEUF-ANJOU,Oxalate,2008-03-31T00:00,0.033,µg/m³,DICHOT,IC
50124,MONTRÉAL-CHATEAUNEUF-ANJOU,Oxalate,2008-03-31T00:00,0.147,µg/m³,DICHOT,IC
50124,MONTRÉAL-CHATEAUNEUF-ANJOU,Oxalate,2008-04-06T00:00,0.021,µg/m³,DICHOT,IC
50124,MONTRÉAL-CHATEAUNEUF-ANJOU,Oxalate,2008-04-06T00:00,0.224,µg/m³,DICHOT,IC
50124,MONTRÉAL-CHATEAUNEUF-ANJOU,Oxalate,2008-04-12T00:00,0.027,µg/m³,DICHOT,IC
50124,MONTRÉAL-CHATEAUNEUF-ANJOU,Oxalate,2008-04-12T00:00,0.084,µg/m³,DICHOT,IC
50124,MONTRÉAL-CHATEAUNEUF-ANJOU,Oxalate,2008-04-18T00:00,0.036,µg/m³,DICHOT,IC
50124,MONTRÉAL-CHATEAUNEUF-ANJOU,Oxalate,2008-04-18T00:00,0.368,µg/m³,DICHOT,IC
50124,MONTRÉAL-CHATEAUNEUF-ANJOU,Oxalate,2008-04-24T00:00,0.027,µg/m³,DICHOT,IC
50124,MONTRÉAL-CHATEAUNEUF-ANJOU,Oxalate,2008-04-24T00:00,0.081,µg/m³,DICHOT,IC
50124,MONTRÉAL-CHATEAUNEUF-ANJOU,Oxalate,2008-04-30T00:00,0.023,µg/m³,DICHOT,IC
50124,MONTRÉAL-CHATEAUNEUF-ANJOU,Oxalate,2008-04-30T00:00,0.066,µg/m³,DICHOT,IC
50124,MONTRÉAL-CHATEAUNEUF-ANJOU,Oxalate,2008-05-06T00:00,0.027,µg/m³,DICHOT,IC
50124,MONTRÉAL-CHATEAUNEUF-ANJOU,Oxalate,2008-05-06T00:00,0.101,µg/m³,DICHOT,IC
50124,MONTRÉAL-CHATEAUNEUF-ANJOU,Oxalate,2008-05-12T00:00,0.000,µg/m³,DICHOT,IC
50124,MONTRÉAL-CHATEAUNEUF-ANJOU,Oxalate,2008-05-12T00:00,0.082,µg/m³,DICHOT,IC
50124,MONTRÉAL-CHATEAUNEUF-ANJOU,Oxalate,2008-05-18T00:00,0.027,µg/m³,DICHOT,IC
50124,MONTRÉAL-CHATEAUNEUF-ANJOU,Oxalate,2008-05-18T00:00,0.072,µg/m³,DICHOT,IC
50124,MONTRÉAL-CHATEAUNEUF-ANJOU,Oxalate,2008-05-24T00:00,0.017,µg/m³,DICHOT,IC
50124,MONTRÉAL-CHATEAUNEUF-ANJOU,Oxalate,2008-05-24T00:00,0.038,µg/m³,DICHOT,IC
50124,MONTRÉAL-CHATEAUNEUF-ANJOU,Oxalate,2008-05-30T00:00,0.024,µg/m³,DICHOT,IC
50124,MONTRÉAL-CHATEAUNEUF-ANJOU,Oxalate,2008-05-30T00:00,0.094,µg/m³,DICHOT,IC
50124,MONTRÉAL-CHATEAUNEUF-ANJOU,Oxalate,2008-06-05T00:00,0.025,µg/m³,DICHOT,IC
50124,MONTRÉAL-CHATEAUNEUF-ANJOU,Oxalate,2008-06-05T00:00,0.141,µg/m³,DICHOT,IC
50124,MONTRÉAL-CHATEAUNEUF-ANJOU,Oxalate,2008-06-11T00:00,0.033,µg/m³,DICHOT,IC
50124,MONTRÉAL-CHATEAUNEUF-ANJOU,Oxalate,2008-06-11T00:00,0.065,µg/m³,DICHOT,IC
50124,MONTRÉAL-CHATEAUNEUF-ANJOU,Oxalate,2008-06-17T00:00,0.031,µg/m³,DICHOT,IC
50124,MONTRÉAL-CHATEAUNEUF-ANJOU,Oxalate,2008-06-17T00:00,0.112,µg/m³,DICHOT,IC
50124,MONTRÉAL-CHATEAUNEUF-ANJOU,Oxalate,2008-06-23T00:00,0.043,µg/m³,DICHOT,IC
50124,MONTRÉAL-CHATEAUNEUF-ANJOU,Oxalate,2008-06-23T00:00,0.205,µg/m³,DICHOT,IC
50124,MONTRÉAL-CHATEAUNEUF-ANJOU,Oxalate,2008-06-29T00:00,0.039,µg/m³,DICHOT,IC
50124,MONTRÉAL-CHATEAUNEUF-ANJOU,Oxalate,2008-06-29T00:00,0.150,µg/m³,DICHOT,IC
50124,MONTRÉAL-CHATEAUNEUF-ANJOU,Oxalate,2008-07-05T00:00,0.032,µg/m³,DICHOT,IC
50124,MONTRÉAL-CHATEAUNEUF-ANJOU,Oxalate,2008-07-05T00:00,0.178,µg/m³,DICHOT,IC
50124,MONTRÉAL-CHATEAUNEUF-ANJOU,Oxalate,2008-07-11T00:00,0.033,µg/m³,DICHOT,IC
50124,MONTRÉAL-CHATEAUNEUF-ANJOU,Oxalate,2008-07-11T00:00,0.105,µg/m³,DICHOT,IC
50124,MONTRÉAL-CHATEAUNEUF-ANJOU,Oxalate,2008-07-17T00:00,0.034,µg/m³,DICHOT,IC
50124,MONTRÉAL-CHATEAUNEUF-ANJOU,Oxalate,2008-07-17T00:00,0.189,µg/m³,DICHOT,IC
50124,MONTRÉAL-CHATEAUNEUF-ANJOU,Oxalate,2008-07-23T00:00,0.032,µg/m³,DICHOT,IC
50124,MONTRÉAL-CHATEAUNEUF-ANJOU,Oxalate,2008-07-23T00:00,0.125,µg/m³,DICHOT,IC
50124,MONTRÉAL-CHATEAUNEUF-ANJOU,Oxalate,2008-07-29T00:00,0.000,µg/m³,DICHOT,IC
50124,MONTRÉAL-CHATEAUNEUF-ANJOU,Oxalate,2008-07-29T00:00,0.051,µg/m³,DICHOT,IC
50124,MONTRÉAL-CHATEAUNEUF-ANJOU,Oxalate,2008-08-04T00:00,0.025,µg/m³,DICHOT,IC
50124,MONTRÉAL-CHATEAUNEUF-ANJOU,Oxalate,2008-08-04T00:00,0.070,µg/m³,DICHOT,IC
50124,MONTRÉAL-CHATEAUNEUF-ANJOU,Oxalate,2008-08-10T00:00,0.025,µg/m³,DICHOT,IC
50124,MONTRÉAL-CHATEAUNEUF-ANJOU,Oxalate,2008-08-10T00:00,0.134,µg/m³,DICHOT,IC
50124,MONTRÉAL-CHATEAUNEUF-ANJOU,Oxalate,2008-08-22T00:00,0.042,µg/m³,DICHOT,IC
50124,MONTRÉAL-CHATEAUNEUF-ANJOU,Oxalate,2008-08-22T00:00,0.179,µg/m³,DICHOT,IC
50124,MONTRÉAL-CHATEAUNEUF-ANJOU,Oxalate,2008-08-28T00:00,0.038,µg/m³,DICHOT,IC
50124,MONTRÉAL-CHATEAUNEUF-ANJOU,Oxalate,2008-08-28T00:00,0.247,µg/m³,DICHOT,IC
50124,MONTRÉAL-CHATEAUNEUF-ANJOU,Oxalate,2008-09-03T00:00,0.068,µg/m³,DICHOT,IC
50124,MONTRÉAL-CHATEAUNEUF-ANJOU,Oxalate,2008-09-03T00:00,0.295,µg/m³,DICHOT,IC
50124,MONTRÉAL-CHATEAUNEUF-ANJOU,Oxalate,2008-09-09T00:00,0.022,µg/m³,DICHOT,IC
50124,MONTRÉAL-CHATEAUNEUF-ANJOU,Oxalate,2008-09-09T00:00,0.076,µg/m³,DICHOT,IC
50124,MONTRÉAL-CHATEAUNEUF-ANJOU,Oxalate,2008-09-15T00:00,0.015,µg/m³,DICHOT,IC
50124,MONTRÉAL-CHATEAUNEUF-ANJOU,Oxalate,2008-09-15T00:00,0.040,µg/m³,DICHOT,IC
50124,MONTRÉAL-CHATEAUNEUF-ANJOU,Oxalate,2008-09-21T00:00,0.000,µg/m³,DICHOT,IC
50124,MONTRÉAL-CHATEAUNEUF-ANJOU,Oxalate,2008-09-21T00:00,0.025,µg/m³,DICHOT,IC
50124,MONTRÉAL-CHATEAUNEUF-ANJOU,Oxalate,2008-09-27T00:00,0.008,µg/m³,DICHOT,IC
50124,MONTRÉAL-CHATEAUNEUF-ANJOU,Oxalate,2008-09-27T00:00,0.081,µg/m³,DICHOT,IC
50124,MONTRÉAL-CHATEAUNEUF-ANJOU,Oxalate,2008-10-03T00:00,0.000,µg/m³,DICHOT,IC
50124,MONTRÉAL-CHATEAUNEUF-ANJOU,Oxalate,2008-10-03T00:00,0.023,µg/m³,DICHOT,IC
50124,MONTRÉAL-CHATEAUNEUF-ANJOU,Oxalate,2008-10-09T00:00,0.017,µg/m³,DICHOT,IC
50124,MONTRÉAL-CHATEAUNEUF-ANJOU,Oxalate,2008-10-09T00:00,0.080,µg/m³,DICHOT,IC
50124,MONTRÉAL-CHATEAUNEUF-ANJOU,Oxalate,2008-10-15T00:00,0.014,µg/m³,DICHOT,IC
50124,MONTRÉAL-CHATEAUNEUF-ANJOU,Oxalate,2008-10-15T00:00,0.066,µg/m³,DICHOT,IC
50124,MONTRÉAL-CHATEAUNEUF-ANJOU,Oxalate,2008-10-27T00:00,0.028,µg/m³,DICHOT,IC
50124,MONTRÉAL-CHATEAUNEUF-ANJOU,Oxalate,2008-10-27T00:00,0.087,µg/m³,DICHOT,IC
50124,MONTRÉAL-CHATEAUNEUF-ANJOU,Oxalate,2008-11-02T00:00,0.020,µg/m³,DICHOT,IC
50124,MONTRÉAL-CHATEAUNEUF-ANJOU,Oxalate,2008-11-02T00:00,0.061,µg/m³,DICHOT,IC
50124,MONTRÉAL-CHATEAUNEUF-ANJOU,Oxalate,2008-11-08T00:00,0.028,µg/m³,DICHOT,IC
50124,MONTRÉAL-CHATEAUNEUF-ANJOU,Oxalate,2008-11-08T00:00,0.142,µg/m³,DICHOT,IC
50124,MONTRÉAL-CHATEAUNEUF-ANJOU,Oxalate,2008-11-14T00:00,0.019,µg/m³,DICHOT,IC
50124,MONTRÉAL-CHATEAUNEUF-ANJOU,Oxalate,2008-11-14T00:00,0.074,µg/m³,DICHOT,IC
50124,MONTRÉAL-CHATEAUNEUF-ANJOU,Oxalate,2008-11-20T00:00,0.019,µg/m³,DICHOT,IC
50124,MONTRÉAL-CHATEAUNEUF-ANJOU,Oxalate,2008-11-20T00:00,0.033,µg/m³,DICHOT,IC
50124,MONTRÉAL-CHATEAUNEUF-ANJOU,Oxalate,2008-11-26T00:00,0.020,µg/m³,DICHOT,IC
50124,MONTRÉAL-CHATEAUNEUF-ANJOU,Oxalate,2008-11-26T00:00,0.079,µg/m³,DICHOT,IC
50124,MONTRÉAL-CHATEAUNEUF-ANJOU,Oxalate,2008-12-02T00:00,0.019,µg/m³,DICHOT,IC
50124,MONTRÉAL-CHATEAUNEUF-ANJOU,Oxalate,2008-12-02T00:00,0.044,µg/m³,DICHOT,IC
50124,MONTRÉAL-CHATEAUNEUF-ANJOU,Oxalate,2008-12-08T00:00,0.027,µg/m³,DICHOT,IC
50124,MONTRÉAL-CHATEAUNEUF-ANJOU,Oxalate,2008-12-08T00:00,0.027,µg/m³,DICHOT,IC
50124,MONTRÉAL-CHATEAUNEUF-ANJOU,Oxalate,2008-12-14T00:00,0.022,µg/m³,DICHOT,IC
50124,MONTRÉAL-CHATEAUNEUF-ANJOU,Oxalate,2008-12-14T00:00,0.173,µg/m³,DICHOT,IC
50124,MONTRÉAL-CHATEAUNEUF-ANJOU,Oxalate,2008-12-20T00:00,0.019,µg/m³,DICHOT,IC
50124,MONTRÉAL-CHATEAUNEUF-ANJOU,Oxalate,2008-12-20T00:00,0.099,µg/m³,DICHOT,IC
50124,MONTRÉAL-CHATEAUNEUF-ANJOU,Oxalate,2008-12-26T00:00,0.015,µg/m³,DICHOT,IC
50124,MONTRÉAL-CHATEAUNEUF-ANJOU,Oxalate,2008-12-26T00:00,0.253,µg/m³,DICHOT,IC
