﻿NAPS_Site_ID,Station_Name,Pollutant,Date,Value,Units,Report_Type,Method
60413,CENTENNIAL PARK _ETOBICOKE WEST_,2-Methyl-1-Butene,2002-01-02T00:00,0.140,µg/m³,VOC,GC-MS
60413,CENTENNIAL PARK _ETOBICOKE WEST_,2-Methyl-1-Butene,2002-01-08T00:00,0.100,µg/m³,VOC,GC-MS
60413,CENTENNIAL PARK _ETOBICOKE WEST_,2-Methyl-1-Butene,2002-01-14T00:00,0.170,µg/m³,VOC,GC-MS
60413,CENTENNIAL PARK _ETOBICOKE WEST_,2-Methyl-1-Butene,2002-01-20T00:00,0.120,µg/m³,VOC,GC-MS
60413,CENTENNIAL PARK _ETOBICOKE WEST_,2-Methyl-1-Butene,2002-01-26T00:00,0.220,µg/m³,VOC,GC-MS
60413,CENTENNIAL PARK _ETOBICOKE WEST_,2-Methyl-1-Butene,2002-02-01T00:00,0.190,µg/m³,VOC,GC-MS
60413,CENTENNIAL PARK _ETOBICOKE WEST_,2-Methyl-1-Butene,2002-02-07T00:00,0.280,µg/m³,VOC,GC-MS
60413,CENTENNIAL PARK _ETOBICOKE WEST_,2-Methyl-1-Butene,2002-02-13T00:00,0.150,µg/m³,VOC,GC-MS
60413,CENTENNIAL PARK _ETOBICOKE WEST_,2-Methyl-1-Butene,2002-02-19T00:00,0.430,µg/m³,VOC,GC-MS
60413,CENTENNIAL PARK _ETOBICOKE WEST_,2-Methyl-1-Butene,2002-02-25T00:00,0.230,µg/m³,VOC,GC-MS
60413,CENTENNIAL PARK _ETOBICOKE WEST_,2-Methyl-1-Butene,2002-03-03T00:00,0.100,µg/m³,VOC,GC-MS
60413,CENTENNIAL PARK _ETOBICOKE WEST_,2-Methyl-1-Butene,2002-03-09T00:00,0.470,µg/m³,VOC,GC-MS
60413,CENTENNIAL PARK _ETOBICOKE WEST_,2-Methyl-1-Butene,2002-03-15T00:00,0.160,µg/m³,VOC,GC-MS
60413,CENTENNIAL PARK _ETOBICOKE WEST_,2-Methyl-1-Butene,2002-03-21T00:00,0.140,µg/m³,VOC,GC-MS
60413,CENTENNIAL PARK _ETOBICOKE WEST_,2-Methyl-1-Butene,2002-03-27T00:00,0.160,µg/m³,VOC,GC-MS
60413,CENTENNIAL PARK _ETOBICOKE WEST_,2-Methyl-1-Butene,2002-04-02T00:00,0.250,µg/m³,VOC,GC-MS
60413,CENTENNIAL PARK _ETOBICOKE WEST_,2-Methyl-1-Butene,2002-04-08T00:00,0.233,µg/m³,VOC,GC-MS
60413,CENTENNIAL PARK _ETOBICOKE WEST_,2-Methyl-1-Butene,2002-04-14T00:00,0.211,µg/m³,VOC,GC-MS
60413,CENTENNIAL PARK _ETOBICOKE WEST_,2-Methyl-1-Butene,2002-04-20T00:00,0.070,µg/m³,VOC,GC-MS
60413,CENTENNIAL PARK _ETOBICOKE WEST_,2-Methyl-1-Butene,2002-04-26T00:00,0.109,µg/m³,VOC,GC-MS
60413,CENTENNIAL PARK _ETOBICOKE WEST_,2-Methyl-1-Butene,2002-05-02T00:00,0.117,µg/m³,VOC,GC-MS
60413,CENTENNIAL PARK _ETOBICOKE WEST_,2-Methyl-1-Butene,2002-05-08T00:00,0.152,µg/m³,VOC,GC-MS
60413,CENTENNIAL PARK _ETOBICOKE WEST_,2-Methyl-1-Butene,2002-05-14T00:00,0.193,µg/m³,VOC,GC-MS
60413,CENTENNIAL PARK _ETOBICOKE WEST_,2-Methyl-1-Butene,2002-05-20T00:00,0.079,µg/m³,VOC,GC-MS
60413,CENTENNIAL PARK _ETOBICOKE WEST_,2-Methyl-1-Butene,2002-05-26T00:00,0.285,µg/m³,VOC,GC-MS
60413,CENTENNIAL PARK _ETOBICOKE WEST_,2-Methyl-1-Butene,2002-06-01T00:00,0.121,µg/m³,VOC,GC-MS
60413,CENTENNIAL PARK _ETOBICOKE WEST_,2-Methyl-1-Butene,2002-06-07T00:00,0.220,µg/m³,VOC,GC-MS
60413,CENTENNIAL PARK _ETOBICOKE WEST_,2-Methyl-1-Butene,2002-06-13T00:00,0.278,µg/m³,VOC,GC-MS
60413,CENTENNIAL PARK _ETOBICOKE WEST_,2-Methyl-1-Butene,2002-06-19T00:00,0.506,µg/m³,VOC,GC-MS
60413,CENTENNIAL PARK _ETOBICOKE WEST_,2-Methyl-1-Butene,2002-06-25T00:00,0.581,µg/m³,VOC,GC-MS
60413,CENTENNIAL PARK _ETOBICOKE WEST_,2-Methyl-1-Butene,2002-07-01T00:00,0.176,µg/m³,VOC,GC-MS
60413,CENTENNIAL PARK _ETOBICOKE WEST_,2-Methyl-1-Butene,2002-07-13T00:00,0.488,µg/m³,VOC,GC-MS
60413,CENTENNIAL PARK _ETOBICOKE WEST_,2-Methyl-1-Butene,2002-07-19T00:00,0.150,µg/m³,VOC,GC-MS
60413,CENTENNIAL PARK _ETOBICOKE WEST_,2-Methyl-1-Butene,2002-07-25T00:00,0.250,µg/m³,VOC,GC-MS
60413,CENTENNIAL PARK _ETOBICOKE WEST_,2-Methyl-1-Butene,2002-07-31T00:00,0.308,µg/m³,VOC,GC-MS
60413,CENTENNIAL PARK _ETOBICOKE WEST_,2-Methyl-1-Butene,2002-08-06T00:00,0.083,µg/m³,VOC,GC-MS
60413,CENTENNIAL PARK _ETOBICOKE WEST_,2-Methyl-1-Butene,2002-08-12T00:00,0.222,µg/m³,VOC,GC-MS
60413,CENTENNIAL PARK _ETOBICOKE WEST_,2-Methyl-1-Butene,2002-08-18T00:00,0.103,µg/m³,VOC,GC-MS
60413,CENTENNIAL PARK _ETOBICOKE WEST_,2-Methyl-1-Butene,2002-08-24T00:00,0.165,µg/m³,VOC,GC-MS
60413,CENTENNIAL PARK _ETOBICOKE WEST_,2-Methyl-1-Butene,2002-08-30T00:00,0.404,µg/m³,VOC,GC-MS
60413,CENTENNIAL PARK _ETOBICOKE WEST_,2-Methyl-1-Butene,2002-09-05T00:00,0.109,µg/m³,VOC,GC-MS
60413,CENTENNIAL PARK _ETOBICOKE WEST_,2-Methyl-1-Butene,2002-09-11T00:00,0.080,µg/m³,VOC,GC-MS
60413,CENTENNIAL PARK _ETOBICOKE WEST_,2-Methyl-1-Butene,2002-09-17T00:00,0.401,µg/m³,VOC,GC-MS
60413,CENTENNIAL PARK _ETOBICOKE WEST_,2-Methyl-1-Butene,2002-09-23T00:00,0.213,µg/m³,VOC,GC-MS
60413,CENTENNIAL PARK _ETOBICOKE WEST_,2-Methyl-1-Butene,2002-09-29T00:00,0.523,µg/m³,VOC,GC-MS
60413,CENTENNIAL PARK _ETOBICOKE WEST_,2-Methyl-1-Butene,2002-10-05T00:00,0.290,µg/m³,VOC,GC-MS
60413,CENTENNIAL PARK _ETOBICOKE WEST_,2-Methyl-1-Butene,2002-10-11T00:00,0.440,µg/m³,VOC,GC-MS
60413,CENTENNIAL PARK _ETOBICOKE WEST_,2-Methyl-1-Butene,2002-10-17T00:00,0.162,µg/m³,VOC,GC-MS
60413,CENTENNIAL PARK _ETOBICOKE WEST_,2-Methyl-1-Butene,2002-10-23T00:00,0.129,µg/m³,VOC,GC-MS
60413,CENTENNIAL PARK _ETOBICOKE WEST_,2-Methyl-1-Butene,2002-10-29T00:00,0.236,µg/m³,VOC,GC-MS
60413,CENTENNIAL PARK _ETOBICOKE WEST_,2-Methyl-1-Butene,2002-11-04T00:00,0.298,µg/m³,VOC,GC-MS
60413,CENTENNIAL PARK _ETOBICOKE WEST_,2-Methyl-1-Butene,2002-11-10T00:00,0.248,µg/m³,VOC,GC-MS
60413,CENTENNIAL PARK _ETOBICOKE WEST_,2-Methyl-1-Butene,2002-11-16T00:00,0.191,µg/m³,VOC,GC-MS
60413,CENTENNIAL PARK _ETOBICOKE WEST_,2-Methyl-1-Butene,2002-11-22T00:00,0.091,µg/m³,VOC,GC-MS
60413,CENTENNIAL PARK _ETOBICOKE WEST_,2-Methyl-1-Butene,2002-11-28T00:00,0.109,µg/m³,VOC,GC-MS
60413,CENTENNIAL PARK _ETOBICOKE WEST_,2-Methyl-1-Butene,2002-12-04T00:00,0.135,µg/m³,VOC,GC-MS
60413,CENTENNIAL PARK _ETOBICOKE WEST_,2-Methyl-1-Butene,2002-12-10T00:00,0.246,µg/m³,VOC,GC-MS
60413,CENTENNIAL PARK _ETOBICOKE WEST_,2-Methyl-1-Butene,2002-12-16T00:00,0.000,µg/m³,VOC,GC-MS
60413,CENTENNIAL PARK _ETOBICOKE WEST_,2-Methyl-1-Butene,2002-12-22T00:00,0.000,µg/m³,VOC,GC-MS
