﻿NAPS_Site_ID,Station_Name,Pollutant,Date,Value,Units,Report_Type,Method
90228,CALGARY CENTRAL-2,Chloromethane,2008-12-31T19:00,1.210,µg/m³,VOC,N/A
90228,CALGARY CENTRAL-2,Chloromethane,2009-01-06T19:00,1.245,µg/m³,VOC,N/A
90228,CALGARY CENTRAL-2,Chloromethane,2009-01-12T19:00,1.145,µg/m³,VOC,N/A
90228,CALGARY CENTRAL-2,Chloromethane,2009-01-18T19:00,1.319,µg/m³,VOC,N/A
90228,CALGARY CENTRAL-2,Chloromethane,2009-01-24T19:00,1.302,µg/m³,VOC,N/A
90228,CALGARY CENTRAL-2,Chloromethane,2009-01-30T19:00,1.219,µg/m³,VOC,N/A
90228,CALGARY CENTRAL-2,Chloromethane,2009-02-05T19:00,1.316,µg/m³,VOC,N/A
90228,CALGARY CENTRAL-2,Chloromethane,2009-02-11T19:00,1.134,µg/m³,VOC,N/A
90228,CALGARY CENTRAL-2,Chloromethane,2009-02-17T19:00,1.138,µg/m³,VOC,N/A
90228,CALGARY CENTRAL-2,Chloromethane,2009-02-23T19:00,1.189,µg/m³,VOC,N/A
90228,CALGARY CENTRAL-2,Chloromethane,2009-03-01T19:00,1.284,µg/m³,VOC,N/A
90228,CALGARY CENTRAL-2,Chloromethane,2009-03-07T19:00,1.247,µg/m³,VOC,N/A
90228,CALGARY CENTRAL-2,Chloromethane,2009-03-13T20:00,1.235,µg/m³,VOC,N/A
90228,CALGARY CENTRAL-2,Chloromethane,2009-03-19T20:00,1.313,µg/m³,VOC,N/A
90228,CALGARY CENTRAL-2,Chloromethane,2009-03-25T20:00,1.229,µg/m³,VOC,N/A
90228,CALGARY CENTRAL-2,Chloromethane,2009-03-31T20:00,1.273,µg/m³,VOC,N/A
90228,CALGARY CENTRAL-2,Chloromethane,2009-04-06T20:00,1.262,µg/m³,VOC,N/A
90228,CALGARY CENTRAL-2,Chloromethane,2009-04-12T20:00,1.175,µg/m³,VOC,N/A
90228,CALGARY CENTRAL-2,Chloromethane,2009-04-18T20:00,1.139,µg/m³,VOC,N/A
90228,CALGARY CENTRAL-2,Chloromethane,2009-04-24T20:00,1.231,µg/m³,VOC,N/A
90228,CALGARY CENTRAL-2,Chloromethane,2009-04-30T20:00,1.205,µg/m³,VOC,N/A
90228,CALGARY CENTRAL-2,Chloromethane,2009-05-06T20:00,1.391,µg/m³,VOC,N/A
90228,CALGARY CENTRAL-2,Chloromethane,2009-05-12T20:00,1.350,µg/m³,VOC,N/A
90228,CALGARY CENTRAL-2,Chloromethane,2009-05-18T20:00,1.218,µg/m³,VOC,N/A
90228,CALGARY CENTRAL-2,Chloromethane,2009-05-24T20:00,1.298,µg/m³,VOC,N/A
90228,CALGARY CENTRAL-2,Chloromethane,2009-05-30T20:00,1.334,µg/m³,VOC,N/A
90228,CALGARY CENTRAL-2,Chloromethane,2009-06-05T20:00,1.312,µg/m³,VOC,N/A
90228,CALGARY CENTRAL-2,Chloromethane,2009-06-11T20:00,1.364,µg/m³,VOC,N/A
90228,CALGARY CENTRAL-2,Chloromethane,2009-06-17T20:00,1.413,µg/m³,VOC,N/A
90228,CALGARY CENTRAL-2,Chloromethane,2009-06-23T20:00,1.278,µg/m³,VOC,N/A
90228,CALGARY CENTRAL-2,Chloromethane,2009-06-29T20:00,1.302,µg/m³,VOC,N/A
90228,CALGARY CENTRAL-2,Chloromethane,2009-07-05T20:00,1.302,µg/m³,VOC,N/A
90228,CALGARY CENTRAL-2,Chloromethane,2009-07-17T20:00,1.305,µg/m³,VOC,N/A
90228,CALGARY CENTRAL-2,Chloromethane,2009-07-29T20:00,1.323,µg/m³,VOC,N/A
90228,CALGARY CENTRAL-2,Chloromethane,2009-08-10T20:00,1.206,µg/m³,VOC,N/A
90228,CALGARY CENTRAL-2,Chloromethane,2009-08-16T20:00,1.127,µg/m³,VOC,N/A
90228,CALGARY CENTRAL-2,Chloromethane,2009-08-22T20:00,1.256,µg/m³,VOC,N/A
90228,CALGARY CENTRAL-2,Chloromethane,2009-08-28T20:00,1.208,µg/m³,VOC,N/A
90228,CALGARY CENTRAL-2,Chloromethane,2009-09-03T20:00,1.129,µg/m³,VOC,N/A
90228,CALGARY CENTRAL-2,Chloromethane,2009-09-09T20:00,1.118,µg/m³,VOC,N/A
90228,CALGARY CENTRAL-2,Chloromethane,2009-09-15T20:00,1.264,µg/m³,VOC,N/A
90228,CALGARY CENTRAL-2,Chloromethane,2009-09-21T20:00,1.183,µg/m³,VOC,N/A
90228,CALGARY CENTRAL-2,Chloromethane,2009-09-27T20:00,1.061,µg/m³,VOC,N/A
90228,CALGARY CENTRAL-2,Chloromethane,2009-10-03T20:00,0.983,µg/m³,VOC,N/A
90228,CALGARY CENTRAL-2,Chloromethane,2009-10-09T20:00,1.038,µg/m³,VOC,N/A
90228,CALGARY CENTRAL-2,Chloromethane,2009-10-15T20:00,1.015,µg/m³,VOC,N/A
90228,CALGARY CENTRAL-2,Chloromethane,2009-10-21T20:00,1.166,µg/m³,VOC,N/A
90228,CALGARY CENTRAL-2,Chloromethane,2009-10-27T20:00,1.128,µg/m³,VOC,N/A
90228,CALGARY CENTRAL-2,Chloromethane,2009-11-02T19:00,1.150,µg/m³,VOC,N/A
90228,CALGARY CENTRAL-2,Chloromethane,2009-11-08T19:00,1.110,µg/m³,VOC,N/A
90228,CALGARY CENTRAL-2,Chloromethane,2009-11-14T19:00,1.274,µg/m³,VOC,N/A
90228,CALGARY CENTRAL-2,Chloromethane,2009-11-20T19:00,1.358,µg/m³,VOC,N/A
90228,CALGARY CENTRAL-2,Chloromethane,2009-11-26T19:00,1.286,µg/m³,VOC,N/A
90228,CALGARY CENTRAL-2,Chloromethane,2009-12-02T19:00,1.230,µg/m³,VOC,N/A
90228,CALGARY CENTRAL-2,Chloromethane,2009-12-08T19:00,1.104,µg/m³,VOC,N/A
90228,CALGARY CENTRAL-2,Chloromethane,2009-12-14T19:00,1.173,µg/m³,VOC,N/A
90228,CALGARY CENTRAL-2,Chloromethane,2009-12-20T19:00,1.153,µg/m³,VOC,N/A
90228,CALGARY CENTRAL-2,Chloromethane,2009-12-26T19:00,1.214,µg/m³,VOC,N/A
