﻿NAPS_Site_ID,Station_Name,Pollutant,Date,Value,Units,Report_Type,Method
30118,VOGUE BUILDING,Isobutane,2008-01-01T00:00,3.579,µg/m³,VOC,N/A
30118,VOGUE BUILDING,Isobutane,2008-01-19T00:00,1.912,µg/m³,VOC,N/A
30118,VOGUE BUILDING,Isobutane,2008-01-31T00:00,0.847,µg/m³,VOC,N/A
30118,VOGUE BUILDING,Isobutane,2008-02-06T00:00,0.639,µg/m³,VOC,N/A
30118,VOGUE BUILDING,Isobutane,2008-02-12T00:00,0.663,µg/m³,VOC,N/A
30118,VOGUE BUILDING,Isobutane,2008-02-18T00:00,1.423,µg/m³,VOC,N/A
30118,VOGUE BUILDING,Isobutane,2008-02-24T00:00,2.362,µg/m³,VOC,N/A
30118,VOGUE BUILDING,Isobutane,2008-03-01T00:00,1.586,µg/m³,VOC,N/A
30118,VOGUE BUILDING,Isobutane,2008-03-07T00:00,0.591,µg/m³,VOC,N/A
30118,VOGUE BUILDING,Isobutane,2008-03-13T00:00,1.260,µg/m³,VOC,N/A
30118,VOGUE BUILDING,Isobutane,2008-03-19T00:00,2.017,µg/m³,VOC,N/A
30118,VOGUE BUILDING,Isobutane,2008-03-25T00:00,1.285,µg/m³,VOC,N/A
30118,VOGUE BUILDING,Isobutane,2008-03-31T00:00,1.005,µg/m³,VOC,N/A
30118,VOGUE BUILDING,Isobutane,2008-04-12T00:00,1.099,µg/m³,VOC,N/A
30118,VOGUE BUILDING,Isobutane,2008-04-30T00:00,12.859,µg/m³,VOC,N/A
30118,VOGUE BUILDING,Isobutane,2008-05-05T00:00,0.993,µg/m³,VOC,N/A
30118,VOGUE BUILDING,Isobutane,2008-06-18T00:00,4.760,µg/m³,VOC,N/A
30118,VOGUE BUILDING,Isobutane,2008-06-23T00:00,2.250,µg/m³,VOC,N/A
30118,VOGUE BUILDING,Isobutane,2008-06-29T00:00,1.654,µg/m³,VOC,N/A
30118,VOGUE BUILDING,Isobutane,2008-07-11T00:00,3.560,µg/m³,VOC,N/A
30118,VOGUE BUILDING,Isobutane,2008-07-17T00:00,3.168,µg/m³,VOC,N/A
30118,VOGUE BUILDING,Isobutane,2008-07-23T00:00,0.891,µg/m³,VOC,N/A
30118,VOGUE BUILDING,Isobutane,2008-07-29T00:00,4.290,µg/m³,VOC,N/A
30118,VOGUE BUILDING,Isobutane,2008-08-04T00:00,1.421,µg/m³,VOC,N/A
30118,VOGUE BUILDING,Isobutane,2008-09-03T00:00,2.115,µg/m³,VOC,N/A
30118,VOGUE BUILDING,Isobutane,2008-09-09T00:00,1.444,µg/m³,VOC,N/A
30118,VOGUE BUILDING,Isobutane,2008-10-21T00:00,2.110,µg/m³,VOC,N/A
30118,VOGUE BUILDING,Isobutane,2008-10-27T00:00,1.591,µg/m³,VOC,N/A
30118,VOGUE BUILDING,Isobutane,2008-11-14T00:00,21.508,µg/m³,VOC,N/A
30118,VOGUE BUILDING,Isobutane,2008-11-20T00:00,6.192,µg/m³,VOC,N/A
30118,VOGUE BUILDING,Isobutane,2008-12-02T00:00,1.497,µg/m³,VOC,N/A
30118,VOGUE BUILDING,Isobutane,2008-12-08T00:00,1.654,µg/m³,VOC,N/A
