﻿NAPS_Site_ID,Station_Name,Pollutant,Date,Value,Units,Report_Type,Method
80111,REGINA,Sulphate,2017-01-01T00:00,0.788,µg/m³,PM2.5,IC
80111,REGINA,Sulphate,2017-01-07T00:00,0.656,µg/m³,PM2.5,IC
80111,REGINA,Sulphate,2017-01-13T00:00,0.503,µg/m³,PM2.5,IC
80111,REGINA,Sulphate,2017-01-25T00:00,0.708,µg/m³,PM2.5,IC
80111,REGINA,Sulphate,2017-01-31T00:00,0.304,µg/m³,PM2.5,IC
80111,REGINA,Sulphate,2017-02-06T00:00,0.608,µg/m³,PM2.5,IC
80111,REGINA,Sulphate,2017-02-12T00:00,0.190,µg/m³,PM2.5,IC
80111,REGINA,Sulphate,2017-02-18T00:00,0.641,µg/m³,PM2.5,IC
80111,REGINA,Sulphate,2017-02-24T00:00,1.038,µg/m³,PM2.5,IC
80111,REGINA,Sulphate,2017-03-10T00:00,0.686,µg/m³,PM2.5,IC
80111,REGINA,Sulphate,2017-03-14T00:00,2.165,µg/m³,PM2.5,IC
80111,REGINA,Sulphate,2017-03-20T00:00,0.595,µg/m³,PM2.5,IC
80111,REGINA,Sulphate,2017-03-26T00:00,0.571,µg/m³,PM2.5,IC
80111,REGINA,Sulphate,2017-04-01T00:00,1.703,µg/m³,PM2.5,IC
80111,REGINA,Sulphate,2017-04-07T00:00,0.651,µg/m³,PM2.5,IC
80111,REGINA,Sulphate,2017-04-13T00:00,1.043,µg/m³,PM2.5,IC
80111,REGINA,Sulphate,2017-04-19T00:00,1.613,µg/m³,PM2.5,IC
80111,REGINA,Sulphate,2017-04-25T00:00,0.673,µg/m³,PM2.5,IC
80111,REGINA,Sulphate,2017-05-01T00:00,0.815,µg/m³,PM2.5,IC
80111,REGINA,Sulphate,2017-05-07T00:00,0.871,µg/m³,PM2.5,IC
80111,REGINA,Sulphate,2017-05-13T00:00,0.943,µg/m³,PM2.5,IC
80111,REGINA,Sulphate,2017-05-18T00:00,0.577,µg/m³,PM2.5,IC
80111,REGINA,Sulphate,2017-05-24T00:00,0.206,µg/m³,PM2.5,IC
80111,REGINA,Sulphate,2017-05-30T00:00,0.784,µg/m³,PM2.5,IC
80111,REGINA,Sulphate,2017-06-05T00:00,0.219,µg/m³,PM2.5,IC
80111,REGINA,Sulphate,2017-06-12T00:00,1.009,µg/m³,PM2.5,IC
80111,REGINA,Sulphate,2017-06-18T00:00,0.377,µg/m³,PM2.5,IC
80111,REGINA,Sulphate,2017-06-23T00:00,0.150,µg/m³,PM2.5,IC
80111,REGINA,Sulphate,2017-06-30T00:00,0.643,µg/m³,PM2.5,IC
80111,REGINA,Sulphate,2017-07-06T00:00,0.382,µg/m³,PM2.5,IC
80111,REGINA,Sulphate,2017-07-12T00:00,0.587,µg/m³,PM2.5,IC
80111,REGINA,Sulphate,2017-07-18T00:00,0.358,µg/m³,PM2.5,IC
80111,REGINA,Sulphate,2017-07-24T00:00,0.760,µg/m³,PM2.5,IC
80111,REGINA,Sulphate,2017-07-30T00:00,0.829,µg/m³,PM2.5,IC
80111,REGINA,Sulphate,2017-08-05T00:00,0.875,µg/m³,PM2.5,IC
80111,REGINA,Sulphate,2017-08-11T00:00,1.361,µg/m³,PM2.5,IC
80111,REGINA,Sulphate,2017-08-23T00:00,0.944,µg/m³,PM2.5,IC
80111,REGINA,Sulphate,2017-08-29T00:00,0.667,µg/m³,PM2.5,IC
80111,REGINA,Sulphate,2017-09-04T00:00,0.323,µg/m³,PM2.5,IC
80111,REGINA,Sulphate,2017-09-10T00:00,0.665,µg/m³,PM2.5,IC
80111,REGINA,Sulphate,2017-09-16T00:00,0.371,µg/m³,PM2.5,IC
80111,REGINA,Sulphate,2017-09-22T00:00,0.480,µg/m³,PM2.5,IC
80111,REGINA,Sulphate,2017-09-28T00:00,0.409,µg/m³,PM2.5,IC
80111,REGINA,Sulphate,2017-10-04T00:00,0.545,µg/m³,PM2.5,IC
80111,REGINA,Sulphate,2017-10-10T00:00,0.309,µg/m³,PM2.5,IC
80111,REGINA,Sulphate,2017-10-16T00:00,0.343,µg/m³,PM2.5,IC
80111,REGINA,Sulphate,2017-10-22T00:00,0.134,µg/m³,PM2.5,IC
80111,REGINA,Sulphate,2017-10-28T00:00,0.512,µg/m³,PM2.5,IC
80111,REGINA,Sulphate,2017-11-03T00:00,0.846,µg/m³,PM2.5,IC
80111,REGINA,Sulphate,2017-11-09T00:00,0.993,µg/m³,PM2.5,IC
80111,REGINA,Sulphate,2017-11-15T00:00,0.865,µg/m³,PM2.5,IC
80111,REGINA,Sulphate,2017-11-21T00:00,0.435,µg/m³,PM2.5,IC
80111,REGINA,Sulphate,2017-11-27T00:00,0.598,µg/m³,PM2.5,IC
80111,REGINA,Sulphate,2017-12-03T00:00,0.478,µg/m³,PM2.5,IC
80111,REGINA,Sulphate,2017-12-09T00:00,0.323,µg/m³,PM2.5,IC
80111,REGINA,Sulphate,2017-12-15T00:00,0.200,µg/m³,PM2.5,IC
80111,REGINA,Sulphate,2017-12-21T00:00,0.600,µg/m³,PM2.5,IC
80111,REGINA,Sulphate,2017-12-27T00:00,0.956,µg/m³,PM2.5,IC
