﻿NAPS_Site_ID,Station_Name,Pollutant,Date,Value,Units,Report_Type,Method
55201,LEMIEUX,Cyclopentene,2011-01-03T00:00,0.000,µg/m³,VOC,N/A
55201,LEMIEUX,Cyclopentene,2011-01-06T00:00,0.001,µg/m³,VOC,N/A
55201,LEMIEUX,Cyclopentene,2011-01-09T00:00,0.001,µg/m³,VOC,N/A
55201,LEMIEUX,Cyclopentene,2011-01-12T00:00,0.001,µg/m³,VOC,N/A
55201,LEMIEUX,Cyclopentene,2011-01-15T00:00,0.001,µg/m³,VOC,N/A
55201,LEMIEUX,Cyclopentene,2011-01-18T00:00,0.000,µg/m³,VOC,N/A
55201,LEMIEUX,Cyclopentene,2011-01-21T00:00,0.001,µg/m³,VOC,N/A
55201,LEMIEUX,Cyclopentene,2011-01-24T00:00,0.000,µg/m³,VOC,N/A
55201,LEMIEUX,Cyclopentene,2011-01-27T00:00,0.001,µg/m³,VOC,N/A
55201,LEMIEUX,Cyclopentene,2011-01-30T00:00,0.001,µg/m³,VOC,N/A
55201,LEMIEUX,Cyclopentene,2011-02-02T00:00,0.001,µg/m³,VOC,N/A
55201,LEMIEUX,Cyclopentene,2011-02-05T00:00,0.001,µg/m³,VOC,N/A
55201,LEMIEUX,Cyclopentene,2011-02-08T00:00,0.007,µg/m³,VOC,N/A
55201,LEMIEUX,Cyclopentene,2011-02-11T00:00,0.001,µg/m³,VOC,N/A
55201,LEMIEUX,Cyclopentene,2011-02-14T00:00,0.001,µg/m³,VOC,N/A
55201,LEMIEUX,Cyclopentene,2011-02-17T00:00,0.001,µg/m³,VOC,N/A
55201,LEMIEUX,Cyclopentene,2011-02-20T00:00,0.003,µg/m³,VOC,N/A
55201,LEMIEUX,Cyclopentene,2011-02-23T00:00,0.000,µg/m³,VOC,N/A
55201,LEMIEUX,Cyclopentene,2011-02-26T00:00,0.000,µg/m³,VOC,N/A
55201,LEMIEUX,Cyclopentene,2011-03-01T00:00,0.001,µg/m³,VOC,N/A
55201,LEMIEUX,Cyclopentene,2011-03-04T00:00,0.001,µg/m³,VOC,N/A
55201,LEMIEUX,Cyclopentene,2011-03-07T00:00,0.002,µg/m³,VOC,N/A
55201,LEMIEUX,Cyclopentene,2011-03-10T00:00,0.001,µg/m³,VOC,N/A
55201,LEMIEUX,Cyclopentene,2011-03-13T00:00,0.001,µg/m³,VOC,N/A
55201,LEMIEUX,Cyclopentene,2011-03-16T00:00,0.001,µg/m³,VOC,N/A
55201,LEMIEUX,Cyclopentene,2011-03-19T00:00,0.001,µg/m³,VOC,N/A
55201,LEMIEUX,Cyclopentene,2011-03-22T00:00,0.002,µg/m³,VOC,N/A
55201,LEMIEUX,Cyclopentene,2011-03-25T00:00,0.002,µg/m³,VOC,N/A
55201,LEMIEUX,Cyclopentene,2011-03-28T00:00,0.001,µg/m³,VOC,N/A
55201,LEMIEUX,Cyclopentene,2011-03-31T00:00,0.001,µg/m³,VOC,N/A
55201,LEMIEUX,Cyclopentene,2011-04-03T00:00,0.001,µg/m³,VOC,N/A
55201,LEMIEUX,Cyclopentene,2011-04-06T00:00,0.001,µg/m³,VOC,N/A
55201,LEMIEUX,Cyclopentene,2011-04-09T00:00,0.001,µg/m³,VOC,N/A
55201,LEMIEUX,Cyclopentene,2011-04-12T00:00,0.001,µg/m³,VOC,N/A
55201,LEMIEUX,Cyclopentene,2011-04-15T00:00,0.001,µg/m³,VOC,N/A
55201,LEMIEUX,Cyclopentene,2011-04-18T00:00,0.001,µg/m³,VOC,N/A
55201,LEMIEUX,Cyclopentene,2011-04-21T00:00,0.002,µg/m³,VOC,N/A
55201,LEMIEUX,Cyclopentene,2011-04-24T00:00,0.002,µg/m³,VOC,N/A
55201,LEMIEUX,Cyclopentene,2011-04-27T00:00,0.004,µg/m³,VOC,N/A
55201,LEMIEUX,Cyclopentene,2011-04-30T00:00,0.001,µg/m³,VOC,N/A
55201,LEMIEUX,Cyclopentene,2011-05-03T00:00,0.001,µg/m³,VOC,N/A
55201,LEMIEUX,Cyclopentene,2011-05-06T00:00,0.002,µg/m³,VOC,N/A
55201,LEMIEUX,Cyclopentene,2011-05-09T00:00,0.003,µg/m³,VOC,N/A
55201,LEMIEUX,Cyclopentene,2011-05-12T00:00,0.003,µg/m³,VOC,N/A
55201,LEMIEUX,Cyclopentene,2011-05-15T00:00,0.002,µg/m³,VOC,N/A
55201,LEMIEUX,Cyclopentene,2011-05-18T00:00,0.005,µg/m³,VOC,N/A
55201,LEMIEUX,Cyclopentene,2011-05-21T00:00,0.004,µg/m³,VOC,N/A
55201,LEMIEUX,Cyclopentene,2011-05-24T00:00,0.001,µg/m³,VOC,N/A
55201,LEMIEUX,Cyclopentene,2011-05-27T00:00,0.003,µg/m³,VOC,N/A
55201,LEMIEUX,Cyclopentene,2011-05-30T00:00,0.000,µg/m³,VOC,N/A
55201,LEMIEUX,Cyclopentene,2011-06-02T00:00,0.001,µg/m³,VOC,N/A
55201,LEMIEUX,Cyclopentene,2011-06-05T00:00,0.003,µg/m³,VOC,N/A
55201,LEMIEUX,Cyclopentene,2011-06-08T00:00,0.002,µg/m³,VOC,N/A
55201,LEMIEUX,Cyclopentene,2011-06-11T00:00,0.001,µg/m³,VOC,N/A
55201,LEMIEUX,Cyclopentene,2011-06-14T00:00,0.001,µg/m³,VOC,N/A
55201,LEMIEUX,Cyclopentene,2011-06-17T00:00,0.001,µg/m³,VOC,N/A
55201,LEMIEUX,Cyclopentene,2011-06-20T00:00,0.001,µg/m³,VOC,N/A
55201,LEMIEUX,Cyclopentene,2011-06-23T00:00,0.001,µg/m³,VOC,N/A
55201,LEMIEUX,Cyclopentene,2011-06-26T00:00,0.001,µg/m³,VOC,N/A
55201,LEMIEUX,Cyclopentene,2011-06-29T00:00,0.002,µg/m³,VOC,N/A
55201,LEMIEUX,Cyclopentene,2011-07-02T00:00,0.002,µg/m³,VOC,N/A
55201,LEMIEUX,Cyclopentene,2011-07-05T00:00,0.001,µg/m³,VOC,N/A
55201,LEMIEUX,Cyclopentene,2011-07-08T00:00,0.003,µg/m³,VOC,N/A
55201,LEMIEUX,Cyclopentene,2011-07-11T00:00,0.002,µg/m³,VOC,N/A
55201,LEMIEUX,Cyclopentene,2011-07-14T00:00,0.001,µg/m³,VOC,N/A
55201,LEMIEUX,Cyclopentene,2011-07-17T00:00,0.001,µg/m³,VOC,N/A
55201,LEMIEUX,Cyclopentene,2011-08-07T00:00,0.003,µg/m³,VOC,N/A
55201,LEMIEUX,Cyclopentene,2011-08-10T00:00,0.002,µg/m³,VOC,N/A
55201,LEMIEUX,Cyclopentene,2011-08-13T00:00,0.001,µg/m³,VOC,N/A
55201,LEMIEUX,Cyclopentene,2011-08-16T00:00,0.002,µg/m³,VOC,N/A
55201,LEMIEUX,Cyclopentene,2011-08-19T00:00,0.000,µg/m³,VOC,N/A
55201,LEMIEUX,Cyclopentene,2011-08-22T00:00,0.001,µg/m³,VOC,N/A
55201,LEMIEUX,Cyclopentene,2011-08-25T00:00,0.001,µg/m³,VOC,N/A
55201,LEMIEUX,Cyclopentene,2011-08-28T00:00,0.002,µg/m³,VOC,N/A
55201,LEMIEUX,Cyclopentene,2011-08-31T00:00,0.002,µg/m³,VOC,N/A
55201,LEMIEUX,Cyclopentene,2011-09-03T00:00,0.002,µg/m³,VOC,N/A
55201,LEMIEUX,Cyclopentene,2011-09-06T00:00,0.001,µg/m³,VOC,N/A
55201,LEMIEUX,Cyclopentene,2011-09-09T00:00,0.001,µg/m³,VOC,N/A
55201,LEMIEUX,Cyclopentene,2011-09-12T00:00,0.003,µg/m³,VOC,N/A
55201,LEMIEUX,Cyclopentene,2011-09-15T00:00,0.002,µg/m³,VOC,N/A
55201,LEMIEUX,Cyclopentene,2011-09-18T00:00,0.002,µg/m³,VOC,N/A
55201,LEMIEUX,Cyclopentene,2011-09-21T00:00,0.003,µg/m³,VOC,N/A
55201,LEMIEUX,Cyclopentene,2011-09-24T00:00,0.010,µg/m³,VOC,N/A
55201,LEMIEUX,Cyclopentene,2011-09-27T00:00,0.010,µg/m³,VOC,N/A
55201,LEMIEUX,Cyclopentene,2011-09-30T00:00,0.002,µg/m³,VOC,N/A
55201,LEMIEUX,Cyclopentene,2011-10-03T00:00,0.007,µg/m³,VOC,N/A
55201,LEMIEUX,Cyclopentene,2011-10-06T00:00,0.001,µg/m³,VOC,N/A
55201,LEMIEUX,Cyclopentene,2011-10-09T00:00,0.001,µg/m³,VOC,N/A
55201,LEMIEUX,Cyclopentene,2011-10-12T00:00,0.002,µg/m³,VOC,N/A
55201,LEMIEUX,Cyclopentene,2011-10-15T00:00,0.003,µg/m³,VOC,N/A
55201,LEMIEUX,Cyclopentene,2011-10-18T00:00,0.002,µg/m³,VOC,N/A
55201,LEMIEUX,Cyclopentene,2011-10-21T00:00,0.004,µg/m³,VOC,N/A
55201,LEMIEUX,Cyclopentene,2011-10-24T00:00,0.001,µg/m³,VOC,N/A
55201,LEMIEUX,Cyclopentene,2011-10-27T00:00,0.001,µg/m³,VOC,N/A
55201,LEMIEUX,Cyclopentene,2011-10-30T00:00,0.004,µg/m³,VOC,N/A
55201,LEMIEUX,Cyclopentene,2011-11-02T00:00,0.000,µg/m³,VOC,N/A
55201,LEMIEUX,Cyclopentene,2011-11-05T00:00,0.001,µg/m³,VOC,N/A
55201,LEMIEUX,Cyclopentene,2011-11-08T00:00,0.001,µg/m³,VOC,N/A
55201,LEMIEUX,Cyclopentene,2011-11-11T00:00,0.001,µg/m³,VOC,N/A
55201,LEMIEUX,Cyclopentene,2011-11-14T00:00,0.000,µg/m³,VOC,N/A
55201,LEMIEUX,Cyclopentene,2011-11-17T00:00,0.002,µg/m³,VOC,N/A
55201,LEMIEUX,Cyclopentene,2011-11-20T00:00,0.000,µg/m³,VOC,N/A
55201,LEMIEUX,Cyclopentene,2011-11-23T00:00,0.001,µg/m³,VOC,N/A
55201,LEMIEUX,Cyclopentene,2011-11-26T00:00,0.000,µg/m³,VOC,N/A
55201,LEMIEUX,Cyclopentene,2011-11-29T00:00,0.001,µg/m³,VOC,N/A
55201,LEMIEUX,Cyclopentene,2011-12-02T00:00,0.000,µg/m³,VOC,N/A
55201,LEMIEUX,Cyclopentene,2011-12-05T00:00,0.001,µg/m³,VOC,N/A
55201,LEMIEUX,Cyclopentene,2011-12-08T00:00,0.000,µg/m³,VOC,N/A
55201,LEMIEUX,Cyclopentene,2011-12-11T00:00,0.000,µg/m³,VOC,N/A
55201,LEMIEUX,Cyclopentene,2011-12-14T00:00,0.001,µg/m³,VOC,N/A
55201,LEMIEUX,Cyclopentene,2011-12-17T00:00,0.000,µg/m³,VOC,N/A
55201,LEMIEUX,Cyclopentene,2011-12-20T00:00,0.002,µg/m³,VOC,N/A
55201,LEMIEUX,Cyclopentene,2011-12-23T00:00,0.001,µg/m³,VOC,N/A
55201,LEMIEUX,Cyclopentene,2011-12-26T00:00,0.000,µg/m³,VOC,N/A
