﻿NAPS_Site_ID,Station_Name,Pollutant,Date,Value,Units,Report_Type,Method
60429,JUDSON ST. & ETONA CT. _ETOBICOKE_ (moved to kipling),Nitrite,2003-06-14T00:00,0.000,µg/m³,DICHOT,IC
60429,JUDSON ST. & ETONA CT. _ETOBICOKE_ (moved to kipling),Nitrite,2003-06-14T00:00,0.000,µg/m³,DICHOT,IC
60429,JUDSON ST. & ETONA CT. _ETOBICOKE_ (moved to kipling),Nitrite,2003-06-20T00:00,0.000,µg/m³,DICHOT,IC
60429,JUDSON ST. & ETONA CT. _ETOBICOKE_ (moved to kipling),Nitrite,2003-06-20T00:00,0.000,µg/m³,DICHOT,IC
60429,JUDSON ST. & ETONA CT. _ETOBICOKE_ (moved to kipling),Nitrite,2003-06-26T00:00,0.000,µg/m³,DICHOT,IC
60429,JUDSON ST. & ETONA CT. _ETOBICOKE_ (moved to kipling),Nitrite,2003-06-26T00:00,0.000,µg/m³,DICHOT,IC
60429,JUDSON ST. & ETONA CT. _ETOBICOKE_ (moved to kipling),Nitrite,2003-07-02T00:00,0.000,µg/m³,DICHOT,IC
60429,JUDSON ST. & ETONA CT. _ETOBICOKE_ (moved to kipling),Nitrite,2003-07-02T00:00,0.000,µg/m³,DICHOT,IC
60429,JUDSON ST. & ETONA CT. _ETOBICOKE_ (moved to kipling),Nitrite,2003-07-08T00:00,0.000,µg/m³,DICHOT,IC
60429,JUDSON ST. & ETONA CT. _ETOBICOKE_ (moved to kipling),Nitrite,2003-07-08T00:00,0.000,µg/m³,DICHOT,IC
60429,JUDSON ST. & ETONA CT. _ETOBICOKE_ (moved to kipling),Nitrite,2003-07-14T00:00,0.000,µg/m³,DICHOT,IC
60429,JUDSON ST. & ETONA CT. _ETOBICOKE_ (moved to kipling),Nitrite,2003-07-14T00:00,0.000,µg/m³,DICHOT,IC
60429,JUDSON ST. & ETONA CT. _ETOBICOKE_ (moved to kipling),Nitrite,2003-07-20T00:00,0.000,µg/m³,DICHOT,IC
60429,JUDSON ST. & ETONA CT. _ETOBICOKE_ (moved to kipling),Nitrite,2003-07-20T00:00,0.000,µg/m³,DICHOT,IC
60429,JUDSON ST. & ETONA CT. _ETOBICOKE_ (moved to kipling),Nitrite,2003-07-26T00:00,0.000,µg/m³,DICHOT,IC
60429,JUDSON ST. & ETONA CT. _ETOBICOKE_ (moved to kipling),Nitrite,2003-07-26T00:00,0.000,µg/m³,DICHOT,IC
60429,JUDSON ST. & ETONA CT. _ETOBICOKE_ (moved to kipling),Nitrite,2003-08-01T00:00,0.000,µg/m³,DICHOT,IC
60429,JUDSON ST. & ETONA CT. _ETOBICOKE_ (moved to kipling),Nitrite,2003-08-01T00:00,0.025,µg/m³,DICHOT,IC
60429,JUDSON ST. & ETONA CT. _ETOBICOKE_ (moved to kipling),Nitrite,2003-08-13T00:00,0.000,µg/m³,DICHOT,IC
60429,JUDSON ST. & ETONA CT. _ETOBICOKE_ (moved to kipling),Nitrite,2003-08-13T00:00,0.000,µg/m³,DICHOT,IC
60429,JUDSON ST. & ETONA CT. _ETOBICOKE_ (moved to kipling),Nitrite,2003-08-19T00:00,0.000,µg/m³,DICHOT,IC
60429,JUDSON ST. & ETONA CT. _ETOBICOKE_ (moved to kipling),Nitrite,2003-08-19T00:00,0.000,µg/m³,DICHOT,IC
60429,JUDSON ST. & ETONA CT. _ETOBICOKE_ (moved to kipling),Nitrite,2003-08-25T00:00,0.000,µg/m³,DICHOT,IC
60429,JUDSON ST. & ETONA CT. _ETOBICOKE_ (moved to kipling),Nitrite,2003-08-25T00:00,0.000,µg/m³,DICHOT,IC
60429,JUDSON ST. & ETONA CT. _ETOBICOKE_ (moved to kipling),Nitrite,2003-08-31T00:00,0.000,µg/m³,DICHOT,IC
60429,JUDSON ST. & ETONA CT. _ETOBICOKE_ (moved to kipling),Nitrite,2003-08-31T00:00,0.000,µg/m³,DICHOT,IC
60429,JUDSON ST. & ETONA CT. _ETOBICOKE_ (moved to kipling),Nitrite,2003-09-06T00:00,0.000,µg/m³,DICHOT,IC
60429,JUDSON ST. & ETONA CT. _ETOBICOKE_ (moved to kipling),Nitrite,2003-09-06T00:00,0.000,µg/m³,DICHOT,IC
60429,JUDSON ST. & ETONA CT. _ETOBICOKE_ (moved to kipling),Nitrite,2003-09-12T00:00,0.000,µg/m³,DICHOT,IC
60429,JUDSON ST. & ETONA CT. _ETOBICOKE_ (moved to kipling),Nitrite,2003-09-12T00:00,0.025,µg/m³,DICHOT,IC
60429,JUDSON ST. & ETONA CT. _ETOBICOKE_ (moved to kipling),Nitrite,2003-09-18T00:00,0.000,µg/m³,DICHOT,IC
60429,JUDSON ST. & ETONA CT. _ETOBICOKE_ (moved to kipling),Nitrite,2003-09-18T00:00,0.000,µg/m³,DICHOT,IC
60429,JUDSON ST. & ETONA CT. _ETOBICOKE_ (moved to kipling),Nitrite,2003-09-24T00:00,0.000,µg/m³,DICHOT,IC
60429,JUDSON ST. & ETONA CT. _ETOBICOKE_ (moved to kipling),Nitrite,2003-09-24T00:00,0.000,µg/m³,DICHOT,IC
60429,JUDSON ST. & ETONA CT. _ETOBICOKE_ (moved to kipling),Nitrite,2003-09-30T00:00,0.000,µg/m³,DICHOT,IC
60429,JUDSON ST. & ETONA CT. _ETOBICOKE_ (moved to kipling),Nitrite,2003-09-30T00:00,0.000,µg/m³,DICHOT,IC
60429,JUDSON ST. & ETONA CT. _ETOBICOKE_ (moved to kipling),Nitrite,2003-10-06T00:00,0.000,µg/m³,DICHOT,IC
60429,JUDSON ST. & ETONA CT. _ETOBICOKE_ (moved to kipling),Nitrite,2003-10-06T00:00,0.000,µg/m³,DICHOT,IC
60429,JUDSON ST. & ETONA CT. _ETOBICOKE_ (moved to kipling),Nitrite,2003-10-12T00:00,0.000,µg/m³,DICHOT,IC
60429,JUDSON ST. & ETONA CT. _ETOBICOKE_ (moved to kipling),Nitrite,2003-10-12T00:00,0.000,µg/m³,DICHOT,IC
60429,JUDSON ST. & ETONA CT. _ETOBICOKE_ (moved to kipling),Nitrite,2003-10-18T00:00,0.000,µg/m³,DICHOT,IC
60429,JUDSON ST. & ETONA CT. _ETOBICOKE_ (moved to kipling),Nitrite,2003-10-18T00:00,0.000,µg/m³,DICHOT,IC
60429,JUDSON ST. & ETONA CT. _ETOBICOKE_ (moved to kipling),Nitrite,2003-10-24T00:00,0.000,µg/m³,DICHOT,IC
60429,JUDSON ST. & ETONA CT. _ETOBICOKE_ (moved to kipling),Nitrite,2003-10-24T00:00,0.000,µg/m³,DICHOT,IC
60429,JUDSON ST. & ETONA CT. _ETOBICOKE_ (moved to kipling),Nitrite,2003-10-30T00:00,0.000,µg/m³,DICHOT,IC
60429,JUDSON ST. & ETONA CT. _ETOBICOKE_ (moved to kipling),Nitrite,2003-10-30T00:00,0.000,µg/m³,DICHOT,IC
60429,JUDSON ST. & ETONA CT. _ETOBICOKE_ (moved to kipling),Nitrite,2003-11-05T00:00,0.000,µg/m³,DICHOT,IC
60429,JUDSON ST. & ETONA CT. _ETOBICOKE_ (moved to kipling),Nitrite,2003-11-05T00:00,0.000,µg/m³,DICHOT,IC
