﻿NAPS_Site_ID,Station_Name,Pollutant,Date,Value,Units,Report_Type,Method
30118,VOGUE BUILDING,Heptane,2011-01-03T00:00,0.132,µg/m³,VOC,N/A
30118,VOGUE BUILDING,Heptane,2011-01-09T00:00,0.087,µg/m³,VOC,N/A
30118,VOGUE BUILDING,Heptane,2011-01-15T00:00,0.125,µg/m³,VOC,N/A
30118,VOGUE BUILDING,Heptane,2011-01-27T00:00,0.208,µg/m³,VOC,N/A
30118,VOGUE BUILDING,Heptane,2011-02-02T00:00,0.184,µg/m³,VOC,N/A
30118,VOGUE BUILDING,Heptane,2011-02-08T00:00,0.296,µg/m³,VOC,N/A
30118,VOGUE BUILDING,Heptane,2011-02-14T00:00,0.201,µg/m³,VOC,N/A
30118,VOGUE BUILDING,Heptane,2011-02-26T00:00,0.053,µg/m³,VOC,N/A
30118,VOGUE BUILDING,Heptane,2011-03-04T00:00,0.084,µg/m³,VOC,N/A
30118,VOGUE BUILDING,Heptane,2011-03-10T00:00,0.155,µg/m³,VOC,N/A
30118,VOGUE BUILDING,Heptane,2011-03-16T00:00,0.072,µg/m³,VOC,N/A
30118,VOGUE BUILDING,Heptane,2011-03-22T00:00,0.217,µg/m³,VOC,N/A
30118,VOGUE BUILDING,Heptane,2011-04-03T00:00,0.124,µg/m³,VOC,N/A
30118,VOGUE BUILDING,Heptane,2011-04-21T00:00,0.229,µg/m³,VOC,N/A
30118,VOGUE BUILDING,Heptane,2011-04-27T00:00,0.204,µg/m³,VOC,N/A
30118,VOGUE BUILDING,Heptane,2011-05-03T00:00,0.344,µg/m³,VOC,N/A
30118,VOGUE BUILDING,Heptane,2011-05-09T00:00,0.111,µg/m³,VOC,N/A
30118,VOGUE BUILDING,Heptane,2011-05-15T00:00,0.095,µg/m³,VOC,N/A
30118,VOGUE BUILDING,Heptane,2011-05-27T00:00,0.155,µg/m³,VOC,N/A
30118,VOGUE BUILDING,Heptane,2011-06-08T00:00,0.185,µg/m³,VOC,N/A
30118,VOGUE BUILDING,Heptane,2011-06-14T00:00,0.198,µg/m³,VOC,N/A
30118,VOGUE BUILDING,Heptane,2011-06-20T00:00,0.153,µg/m³,VOC,N/A
30118,VOGUE BUILDING,Heptane,2011-06-26T00:00,0.241,µg/m³,VOC,N/A
30118,VOGUE BUILDING,Heptane,2011-07-02T00:00,0.212,µg/m³,VOC,N/A
30118,VOGUE BUILDING,Heptane,2011-07-08T00:00,0.679,µg/m³,VOC,N/A
30118,VOGUE BUILDING,Heptane,2011-07-14T00:00,0.223,µg/m³,VOC,N/A
30118,VOGUE BUILDING,Heptane,2011-07-20T00:00,0.238,µg/m³,VOC,N/A
30118,VOGUE BUILDING,Heptane,2011-07-26T00:00,0.987,µg/m³,VOC,N/A
