﻿NAPS_Site_ID,Station_Name,Pollutant,Date,Value,Units,Report_Type,Method
60512,BEASLEY PARK _HAMILTON_DOWNTOWN_,Fluorene,2020-01-10T00:00,0.002,µg/m³,PAH,GC-MS TP+G
60512,BEASLEY PARK _HAMILTON_DOWNTOWN_,Fluorene,2020-01-16T00:00,0.001,µg/m³,PAH,GC-MS TP+G
60512,BEASLEY PARK _HAMILTON_DOWNTOWN_,Fluorene,2020-01-22T00:00,0.001,µg/m³,PAH,GC-MS TP+G
60512,BEASLEY PARK _HAMILTON_DOWNTOWN_,Fluorene,2020-02-03T00:00,0.002,µg/m³,PAH,GC-MS TP+G
60512,BEASLEY PARK _HAMILTON_DOWNTOWN_,Fluorene,2020-02-09T00:00,0.003,µg/m³,PAH,GC-MS TP+G
60512,BEASLEY PARK _HAMILTON_DOWNTOWN_,Fluorene,2020-02-15T00:00,0.001,µg/m³,PAH,GC-MS TP+G
60512,BEASLEY PARK _HAMILTON_DOWNTOWN_,Fluorene,2020-02-21T00:00,0.001,µg/m³,PAH,GC-MS TP+G
60512,BEASLEY PARK _HAMILTON_DOWNTOWN_,Fluorene,2020-02-27T00:00,0.000,µg/m³,PAH,GC-MS TP+G
60512,BEASLEY PARK _HAMILTON_DOWNTOWN_,Fluorene,2020-03-04T00:00,0.001,µg/m³,PAH,GC-MS TP+G
