﻿NAPS_Site_ID,Station_Name,Pollutant,Date,Value,Units,Report_Type,Method
50902,SAGUENAY-PARC POWELL,Benzo(b)Chrysene,1994-01-20T00:00,0.000,µg/m³,PAH,N/A
50902,SAGUENAY-PARC POWELL,Benzo(b)Chrysene,1994-02-01T00:00,0.000,µg/m³,PAH,N/A
50902,SAGUENAY-PARC POWELL,Benzo(b)Chrysene,1994-02-13T00:00,0.002,µg/m³,PAH,N/A
50902,SAGUENAY-PARC POWELL,Benzo(b)Chrysene,1994-02-25T00:00,0.000,µg/m³,PAH,N/A
50902,SAGUENAY-PARC POWELL,Benzo(b)Chrysene,1994-03-09T00:00,0.000,µg/m³,PAH,N/A
50902,SAGUENAY-PARC POWELL,Benzo(b)Chrysene,1994-03-21T00:00,0.001,µg/m³,PAH,N/A
50902,SAGUENAY-PARC POWELL,Benzo(b)Chrysene,1994-04-02T00:00,0.000,µg/m³,PAH,N/A
50902,SAGUENAY-PARC POWELL,Benzo(b)Chrysene,1994-04-14T00:00,0.002,µg/m³,PAH,N/A
50902,SAGUENAY-PARC POWELL,Benzo(b)Chrysene,1994-05-07T00:00,0.000,µg/m³,PAH,N/A
50902,SAGUENAY-PARC POWELL,Benzo(b)Chrysene,1994-05-14T00:00,0.000,µg/m³,PAH,N/A
50902,SAGUENAY-PARC POWELL,Benzo(b)Chrysene,1994-05-26T00:00,0.000,µg/m³,PAH,N/A
50902,SAGUENAY-PARC POWELL,Benzo(b)Chrysene,1994-06-07T00:00,0.000,µg/m³,PAH,N/A
50902,SAGUENAY-PARC POWELL,Benzo(b)Chrysene,1994-06-19T00:00,0.000,µg/m³,PAH,N/A
50902,SAGUENAY-PARC POWELL,Benzo(b)Chrysene,1994-07-13T00:00,0.000,µg/m³,PAH,N/A
50902,SAGUENAY-PARC POWELL,Benzo(b)Chrysene,1994-07-25T00:00,0.010,µg/m³,PAH,N/A
50902,SAGUENAY-PARC POWELL,Benzo(b)Chrysene,1994-08-06T00:00,0.000,µg/m³,PAH,N/A
50902,SAGUENAY-PARC POWELL,Benzo(b)Chrysene,1994-08-18T00:00,0.000,µg/m³,PAH,N/A
50902,SAGUENAY-PARC POWELL,Benzo(b)Chrysene,1994-08-30T00:00,0.000,µg/m³,PAH,N/A
50902,SAGUENAY-PARC POWELL,Benzo(b)Chrysene,1994-09-11T00:00,0.000,µg/m³,PAH,N/A
50902,SAGUENAY-PARC POWELL,Benzo(b)Chrysene,1994-09-23T00:00,0.002,µg/m³,PAH,N/A
50902,SAGUENAY-PARC POWELL,Benzo(b)Chrysene,1994-10-05T00:00,0.000,µg/m³,PAH,N/A
50902,SAGUENAY-PARC POWELL,Benzo(b)Chrysene,1994-10-17T00:00,0.006,µg/m³,PAH,N/A
50902,SAGUENAY-PARC POWELL,Benzo(b)Chrysene,1994-10-29T00:00,0.000,µg/m³,PAH,N/A
50902,SAGUENAY-PARC POWELL,Benzo(b)Chrysene,1994-11-16T00:00,0.000,µg/m³,PAH,N/A
50902,SAGUENAY-PARC POWELL,Benzo(b)Chrysene,1994-11-28T00:00,0.006,µg/m³,PAH,N/A
50902,SAGUENAY-PARC POWELL,Benzo(b)Chrysene,1994-12-10T00:00,0.000,µg/m³,PAH,N/A
50902,SAGUENAY-PARC POWELL,Benzo(b)Chrysene,1994-12-22T00:00,0.000,µg/m³,PAH,N/A
