﻿NAPS_Site_ID,Station_Name,Pollutant,Date,Value,Units,Report_Type,Method
100111,ROCKY POINT PARK,n-Propylbenzene,1998-01-05T00:00,0.160,µg/m³,VOC,
100111,ROCKY POINT PARK,n-Propylbenzene,1998-01-11T00:00,0.200,µg/m³,VOC,
100111,ROCKY POINT PARK,n-Propylbenzene,1998-01-17T00:00,0.120,µg/m³,VOC,
100111,ROCKY POINT PARK,n-Propylbenzene,1998-01-23T00:00,0.180,µg/m³,VOC,
100111,ROCKY POINT PARK,n-Propylbenzene,1998-01-29T00:00,0.260,µg/m³,VOC,
100111,ROCKY POINT PARK,n-Propylbenzene,1998-02-04T00:00,0.560,µg/m³,VOC,
100111,ROCKY POINT PARK,n-Propylbenzene,1998-02-10T00:00,0.220,µg/m³,VOC,
100111,ROCKY POINT PARK,n-Propylbenzene,1998-02-16T00:00,0.360,µg/m³,VOC,
100111,ROCKY POINT PARK,n-Propylbenzene,1998-02-22T00:00,0.080,µg/m³,VOC,
100111,ROCKY POINT PARK,n-Propylbenzene,1998-02-28T00:00,0.100,µg/m³,VOC,
100111,ROCKY POINT PARK,n-Propylbenzene,1998-03-06T00:00,0.300,µg/m³,VOC,
100111,ROCKY POINT PARK,n-Propylbenzene,1998-03-12T00:00,0.460,µg/m³,VOC,
100111,ROCKY POINT PARK,n-Propylbenzene,1998-03-18T00:00,0.340,µg/m³,VOC,
100111,ROCKY POINT PARK,n-Propylbenzene,1998-03-24T00:00,0.080,µg/m³,VOC,
100111,ROCKY POINT PARK,n-Propylbenzene,1998-03-30T00:00,0.060,µg/m³,VOC,
100111,ROCKY POINT PARK,n-Propylbenzene,1998-04-05T00:00,0.080,µg/m³,VOC,
100111,ROCKY POINT PARK,n-Propylbenzene,1998-04-11T00:00,0.060,µg/m³,VOC,
100111,ROCKY POINT PARK,n-Propylbenzene,1998-04-17T00:00,0.180,µg/m³,VOC,
100111,ROCKY POINT PARK,n-Propylbenzene,1998-04-23T00:00,0.160,µg/m³,VOC,
100111,ROCKY POINT PARK,n-Propylbenzene,1998-05-05T00:00,0.156,µg/m³,VOC,
100111,ROCKY POINT PARK,n-Propylbenzene,1998-05-11T00:00,0.077,µg/m³,VOC,
100111,ROCKY POINT PARK,n-Propylbenzene,1998-05-17T00:00,0.148,µg/m³,VOC,
100111,ROCKY POINT PARK,n-Propylbenzene,1998-05-23T00:00,0.167,µg/m³,VOC,
100111,ROCKY POINT PARK,n-Propylbenzene,1998-06-10T00:00,0.149,µg/m³,VOC,
100111,ROCKY POINT PARK,n-Propylbenzene,1998-06-16T00:00,0.108,µg/m³,VOC,
100111,ROCKY POINT PARK,n-Propylbenzene,1998-06-22T00:00,0.178,µg/m³,VOC,
100111,ROCKY POINT PARK,n-Propylbenzene,1998-06-28T00:00,0.478,µg/m³,VOC,
100111,ROCKY POINT PARK,n-Propylbenzene,1998-07-16T00:00,0.273,µg/m³,VOC,
100111,ROCKY POINT PARK,n-Propylbenzene,1998-07-22T00:00,0.528,µg/m³,VOC,
100111,ROCKY POINT PARK,n-Propylbenzene,1998-07-28T00:00,0.557,µg/m³,VOC,
100111,ROCKY POINT PARK,n-Propylbenzene,1998-08-03T00:00,0.450,µg/m³,VOC,
100111,ROCKY POINT PARK,n-Propylbenzene,1998-08-15T00:00,0.159,µg/m³,VOC,
100111,ROCKY POINT PARK,n-Propylbenzene,1998-08-21T00:00,0.144,µg/m³,VOC,
100111,ROCKY POINT PARK,n-Propylbenzene,1998-08-27T00:00,0.302,µg/m³,VOC,
100111,ROCKY POINT PARK,n-Propylbenzene,1998-09-08T00:00,0.164,µg/m³,VOC,
100111,ROCKY POINT PARK,n-Propylbenzene,1998-09-26T00:00,0.378,µg/m³,VOC,
100111,ROCKY POINT PARK,n-Propylbenzene,1998-10-02T00:00,0.172,µg/m³,VOC,
100111,ROCKY POINT PARK,n-Propylbenzene,1998-10-14T00:00,0.144,µg/m³,VOC,
100111,ROCKY POINT PARK,n-Propylbenzene,1998-10-20T00:00,0.510,µg/m³,VOC,
100111,ROCKY POINT PARK,n-Propylbenzene,1998-10-26T00:00,0.304,µg/m³,VOC,
100111,ROCKY POINT PARK,n-Propylbenzene,1998-12-01T00:00,0.137,µg/m³,VOC,
