﻿NAPS_Site_ID,Station_Name,Pollutant,Date,Value,Units,Report_Type,Method
80211,SASKATOON-CORMAN PARK,Chloride,2014-01-11T00:00,0.016,µg/m³,PM2.5,IC
80211,SASKATOON-CORMAN PARK,Chloride,2014-01-17T00:00,0.017,µg/m³,PM2.5,IC
80211,SASKATOON-CORMAN PARK,Chloride,2014-01-23T00:00,0.018,µg/m³,PM2.5,IC
80211,SASKATOON-CORMAN PARK,Chloride,2014-01-29T00:00,0.019,µg/m³,PM2.5,IC
80211,SASKATOON-CORMAN PARK,Chloride,2014-02-04T00:00,0.029,µg/m³,PM2.5,IC
80211,SASKATOON-CORMAN PARK,Chloride,2014-02-16T00:00,0.010,µg/m³,PM2.5,IC
80211,SASKATOON-CORMAN PARK,Chloride,2014-02-22T00:00,0.027,µg/m³,PM2.5,IC
80211,SASKATOON-CORMAN PARK,Chloride,2014-02-28T00:00,0.355,µg/m³,PM2.5,IC
80211,SASKATOON-CORMAN PARK,Chloride,2014-03-12T00:00,0.008,µg/m³,PM2.5,IC
80211,SASKATOON-CORMAN PARK,Chloride,2014-03-18T00:00,0.013,µg/m³,PM2.5,IC
80211,SASKATOON-CORMAN PARK,Chloride,2014-03-24T00:00,0.309,µg/m³,PM2.5,IC
80211,SASKATOON-CORMAN PARK,Chloride,2014-03-30T00:00,0.014,µg/m³,PM2.5,IC
80211,SASKATOON-CORMAN PARK,Chloride,2014-04-05T00:00,0.026,µg/m³,PM2.5,IC
80211,SASKATOON-CORMAN PARK,Chloride,2014-04-11T00:00,0.049,µg/m³,PM2.5,IC
80211,SASKATOON-CORMAN PARK,Chloride,2014-04-17T00:00,0.024,µg/m³,PM2.5,IC
80211,SASKATOON-CORMAN PARK,Chloride,2014-04-23T00:00,0.008,µg/m³,PM2.5,IC
80211,SASKATOON-CORMAN PARK,Chloride,2014-05-05T00:00,0.015,µg/m³,PM2.5,IC
80211,SASKATOON-CORMAN PARK,Chloride,2014-05-11T00:00,0.027,µg/m³,PM2.5,IC
80211,SASKATOON-CORMAN PARK,Chloride,2014-05-17T00:00,0.006,µg/m³,PM2.5,IC
80211,SASKATOON-CORMAN PARK,Chloride,2014-05-23T00:00,0.035,µg/m³,PM2.5,IC
80211,SASKATOON-CORMAN PARK,Chloride,2014-05-29T00:00,0.017,µg/m³,PM2.5,IC
80211,SASKATOON-CORMAN PARK,Chloride,2014-06-04T00:00,0.027,µg/m³,PM2.5,IC
80211,SASKATOON-CORMAN PARK,Chloride,2014-06-10T00:00,0.022,µg/m³,PM2.5,IC
80211,SASKATOON-CORMAN PARK,Chloride,2014-06-16T00:00,0.042,µg/m³,PM2.5,IC
80211,SASKATOON-CORMAN PARK,Chloride,2014-06-22T00:00,0.026,µg/m³,PM2.5,IC
80211,SASKATOON-CORMAN PARK,Chloride,2014-06-28T00:00,0.020,µg/m³,PM2.5,IC
80211,SASKATOON-CORMAN PARK,Chloride,2014-07-04T00:00,0.022,µg/m³,PM2.5,IC
80211,SASKATOON-CORMAN PARK,Chloride,2014-07-10T00:00,0.020,µg/m³,PM2.5,IC
80211,SASKATOON-CORMAN PARK,Chloride,2014-07-16T00:00,0.025,µg/m³,PM2.5,IC
80211,SASKATOON-CORMAN PARK,Chloride,2014-07-22T00:00,0.011,µg/m³,PM2.5,IC
80211,SASKATOON-CORMAN PARK,Chloride,2014-07-28T00:00,0.005,µg/m³,PM2.5,IC
80211,SASKATOON-CORMAN PARK,Chloride,2014-08-03T00:00,0.007,µg/m³,PM2.5,IC
80211,SASKATOON-CORMAN PARK,Chloride,2014-08-09T00:00,0.010,µg/m³,PM2.5,IC
80211,SASKATOON-CORMAN PARK,Chloride,2014-08-15T00:00,0.009,µg/m³,PM2.5,IC
80211,SASKATOON-CORMAN PARK,Chloride,2014-08-21T00:00,0.011,µg/m³,PM2.5,IC
80211,SASKATOON-CORMAN PARK,Chloride,2014-08-27T00:00,0.016,µg/m³,PM2.5,IC
80211,SASKATOON-CORMAN PARK,Chloride,2014-09-02T00:00,0.010,µg/m³,PM2.5,IC
80211,SASKATOON-CORMAN PARK,Chloride,2014-09-08T00:00,0.011,µg/m³,PM2.5,IC
80211,SASKATOON-CORMAN PARK,Chloride,2014-09-14T00:00,0.022,µg/m³,PM2.5,IC
80211,SASKATOON-CORMAN PARK,Chloride,2014-09-20T00:00,0.043,µg/m³,PM2.5,IC
80211,SASKATOON-CORMAN PARK,Chloride,2014-09-26T00:00,0.029,µg/m³,PM2.5,IC
80211,SASKATOON-CORMAN PARK,Chloride,2014-10-02T00:00,0.012,µg/m³,PM2.5,IC
80211,SASKATOON-CORMAN PARK,Chloride,2014-10-08T00:00,0.030,µg/m³,PM2.5,IC
80211,SASKATOON-CORMAN PARK,Chloride,2014-10-14T00:00,0.086,µg/m³,PM2.5,IC
80211,SASKATOON-CORMAN PARK,Chloride,2014-10-20T00:00,0.020,µg/m³,PM2.5,IC
80211,SASKATOON-CORMAN PARK,Chloride,2014-10-26T00:00,0.035,µg/m³,PM2.5,IC
80211,SASKATOON-CORMAN PARK,Chloride,2014-11-01T00:00,0.018,µg/m³,PM2.5,IC
80211,SASKATOON-CORMAN PARK,Chloride,2014-11-07T00:00,0.017,µg/m³,PM2.5,IC
80211,SASKATOON-CORMAN PARK,Chloride,2014-11-13T00:00,0.027,µg/m³,PM2.5,IC
80211,SASKATOON-CORMAN PARK,Chloride,2014-11-19T00:00,0.480,µg/m³,PM2.5,IC
80211,SASKATOON-CORMAN PARK,Chloride,2014-12-07T00:00,0.013,µg/m³,PM2.5,IC
80211,SASKATOON-CORMAN PARK,Chloride,2014-12-13T00:00,0.011,µg/m³,PM2.5,IC
80211,SASKATOON-CORMAN PARK,Chloride,2014-12-31T00:00,0.012,µg/m³,PM2.5,IC
80211,SASKATOON-CORMAN PARK,Chloride,2014-01-11T00:00,0.027,µg/m³,PM2.5-10,IC
80211,SASKATOON-CORMAN PARK,Chloride,2014-01-17T00:00,0.020,µg/m³,PM2.5-10,IC
80211,SASKATOON-CORMAN PARK,Chloride,2014-01-23T00:00,0.023,µg/m³,PM2.5-10,IC
80211,SASKATOON-CORMAN PARK,Chloride,2014-01-29T00:00,0.277,µg/m³,PM2.5-10,IC
80211,SASKATOON-CORMAN PARK,Chloride,2014-02-04T00:00,0.047,µg/m³,PM2.5-10,IC
80211,SASKATOON-CORMAN PARK,Chloride,2014-02-16T00:00,0.084,µg/m³,PM2.5-10,IC
80211,SASKATOON-CORMAN PARK,Chloride,2014-02-22T00:00,0.162,µg/m³,PM2.5-10,IC
80211,SASKATOON-CORMAN PARK,Chloride,2014-02-28T00:00,0.811,µg/m³,PM2.5-10,IC
80211,SASKATOON-CORMAN PARK,Chloride,2014-03-12T00:00,0.201,µg/m³,PM2.5-10,IC
80211,SASKATOON-CORMAN PARK,Chloride,2014-03-18T00:00,0.084,µg/m³,PM2.5-10,IC
80211,SASKATOON-CORMAN PARK,Chloride,2014-03-24T00:00,0.933,µg/m³,PM2.5-10,IC
80211,SASKATOON-CORMAN PARK,Chloride,2014-03-30T00:00,0.106,µg/m³,PM2.5-10,IC
80211,SASKATOON-CORMAN PARK,Chloride,2014-04-05T00:00,0.221,µg/m³,PM2.5-10,IC
80211,SASKATOON-CORMAN PARK,Chloride,2014-04-11T00:00,0.147,µg/m³,PM2.5-10,IC
80211,SASKATOON-CORMAN PARK,Chloride,2014-04-17T00:00,0.167,µg/m³,PM2.5-10,IC
80211,SASKATOON-CORMAN PARK,Chloride,2014-04-23T00:00,0.053,µg/m³,PM2.5-10,IC
80211,SASKATOON-CORMAN PARK,Chloride,2014-05-05T00:00,0.024,µg/m³,PM2.5-10,IC
80211,SASKATOON-CORMAN PARK,Chloride,2014-05-11T00:00,0.012,µg/m³,PM2.5-10,IC
80211,SASKATOON-CORMAN PARK,Chloride,2014-05-17T00:00,0.044,µg/m³,PM2.5-10,IC
80211,SASKATOON-CORMAN PARK,Chloride,2014-05-23T00:00,0.039,µg/m³,PM2.5-10,IC
80211,SASKATOON-CORMAN PARK,Chloride,2014-05-29T00:00,0.039,µg/m³,PM2.5-10,IC
80211,SASKATOON-CORMAN PARK,Chloride,2014-06-04T00:00,0.031,µg/m³,PM2.5-10,IC
80211,SASKATOON-CORMAN PARK,Chloride,2014-06-10T00:00,0.040,µg/m³,PM2.5-10,IC
80211,SASKATOON-CORMAN PARK,Chloride,2014-06-16T00:00,0.034,µg/m³,PM2.5-10,IC
80211,SASKATOON-CORMAN PARK,Chloride,2014-06-22T00:00,0.037,µg/m³,PM2.5-10,IC
80211,SASKATOON-CORMAN PARK,Chloride,2014-06-28T00:00,0.053,µg/m³,PM2.5-10,IC
80211,SASKATOON-CORMAN PARK,Chloride,2014-07-04T00:00,0.028,µg/m³,PM2.5-10,IC
80211,SASKATOON-CORMAN PARK,Chloride,2014-07-10T00:00,0.053,µg/m³,PM2.5-10,IC
80211,SASKATOON-CORMAN PARK,Chloride,2014-07-16T00:00,0.039,µg/m³,PM2.5-10,IC
80211,SASKATOON-CORMAN PARK,Chloride,2014-07-22T00:00,0.005,µg/m³,PM2.5-10,IC
80211,SASKATOON-CORMAN PARK,Chloride,2014-07-28T00:00,0.024,µg/m³,PM2.5-10,IC
80211,SASKATOON-CORMAN PARK,Chloride,2014-08-03T00:00,0.013,µg/m³,PM2.5-10,IC
80211,SASKATOON-CORMAN PARK,Chloride,2014-08-09T00:00,0.012,µg/m³,PM2.5-10,IC
80211,SASKATOON-CORMAN PARK,Chloride,2014-08-15T00:00,0.028,µg/m³,PM2.5-10,IC
80211,SASKATOON-CORMAN PARK,Chloride,2014-08-21T00:00,0.024,µg/m³,PM2.5-10,IC
80211,SASKATOON-CORMAN PARK,Chloride,2014-08-27T00:00,0.012,µg/m³,PM2.5-10,IC
80211,SASKATOON-CORMAN PARK,Chloride,2014-09-02T00:00,0.031,µg/m³,PM2.5-10,IC
80211,SASKATOON-CORMAN PARK,Chloride,2014-09-08T00:00,0.023,µg/m³,PM2.5-10,IC
80211,SASKATOON-CORMAN PARK,Chloride,2014-09-14T00:00,0.024,µg/m³,PM2.5-10,IC
80211,SASKATOON-CORMAN PARK,Chloride,2014-09-20T00:00,0.026,µg/m³,PM2.5-10,IC
80211,SASKATOON-CORMAN PARK,Chloride,2014-09-26T00:00,0.031,µg/m³,PM2.5-10,IC
80211,SASKATOON-CORMAN PARK,Chloride,2014-10-02T00:00,0.012,µg/m³,PM2.5-10,IC
80211,SASKATOON-CORMAN PARK,Chloride,2014-10-08T00:00,0.012,µg/m³,PM2.5-10,IC
80211,SASKATOON-CORMAN PARK,Chloride,2014-10-14T00:00,0.011,µg/m³,PM2.5-10,IC
80211,SASKATOON-CORMAN PARK,Chloride,2014-10-20T00:00,0.027,µg/m³,PM2.5-10,IC
80211,SASKATOON-CORMAN PARK,Chloride,2014-10-26T00:00,0.093,µg/m³,PM2.5-10,IC
80211,SASKATOON-CORMAN PARK,Chloride,2014-11-01T00:00,0.015,µg/m³,PM2.5-10,IC
80211,SASKATOON-CORMAN PARK,Chloride,2014-11-07T00:00,0.015,µg/m³,PM2.5-10,IC
80211,SASKATOON-CORMAN PARK,Chloride,2014-11-13T00:00,0.302,µg/m³,PM2.5-10,IC
80211,SASKATOON-CORMAN PARK,Chloride,2014-11-19T00:00,0.000,µg/m³,PM2.5-10,IC
80211,SASKATOON-CORMAN PARK,Chloride,2014-12-07T00:00,0.019,µg/m³,PM2.5-10,IC
80211,SASKATOON-CORMAN PARK,Chloride,2014-12-13T00:00,0.034,µg/m³,PM2.5-10,IC
80211,SASKATOON-CORMAN PARK,Chloride,2014-12-31T00:00,0.011,µg/m³,PM2.5-10,IC
