﻿NAPS_Site_ID,Station_Name,Pollutant,Date,Value,Units,Report_Type,Method
50103,MONTRÉAL-SAINT-JEAN-BAPTISTE,"3,6-Dimethyloctane",1995-01-03T00:00,0.047,µg/m³,VOC,GC-MS
50103,MONTRÉAL-SAINT-JEAN-BAPTISTE,"3,6-Dimethyloctane",1995-01-09T00:00,0.029,µg/m³,VOC,GC-MS
50103,MONTRÉAL-SAINT-JEAN-BAPTISTE,"3,6-Dimethyloctane",1995-01-15T00:00,0.057,µg/m³,VOC,GC-MS
50103,MONTRÉAL-SAINT-JEAN-BAPTISTE,"3,6-Dimethyloctane",1995-01-21T00:00,0.000,µg/m³,VOC,GC-MS
50103,MONTRÉAL-SAINT-JEAN-BAPTISTE,"3,6-Dimethyloctane",1995-01-27T00:00,0.031,µg/m³,VOC,GC-MS
50103,MONTRÉAL-SAINT-JEAN-BAPTISTE,"3,6-Dimethyloctane",1995-02-02T00:00,0.027,µg/m³,VOC,GC-MS
50103,MONTRÉAL-SAINT-JEAN-BAPTISTE,"3,6-Dimethyloctane",1995-02-08T00:00,0.051,µg/m³,VOC,GC-MS
50103,MONTRÉAL-SAINT-JEAN-BAPTISTE,"3,6-Dimethyloctane",1995-02-14T00:00,0.043,µg/m³,VOC,GC-MS
50103,MONTRÉAL-SAINT-JEAN-BAPTISTE,"3,6-Dimethyloctane",1995-02-20T00:00,0.008,µg/m³,VOC,GC-MS
50103,MONTRÉAL-SAINT-JEAN-BAPTISTE,"3,6-Dimethyloctane",1995-02-26T00:00,0.018,µg/m³,VOC,GC-MS
50103,MONTRÉAL-SAINT-JEAN-BAPTISTE,"3,6-Dimethyloctane",1995-03-04T00:00,0.124,µg/m³,VOC,GC-MS
50103,MONTRÉAL-SAINT-JEAN-BAPTISTE,"3,6-Dimethyloctane",1995-03-10T00:00,0.039,µg/m³,VOC,GC-MS
50103,MONTRÉAL-SAINT-JEAN-BAPTISTE,"3,6-Dimethyloctane",1995-03-16T00:00,0.042,µg/m³,VOC,GC-MS
50103,MONTRÉAL-SAINT-JEAN-BAPTISTE,"3,6-Dimethyloctane",1995-03-22T00:00,0.062,µg/m³,VOC,GC-MS
50103,MONTRÉAL-SAINT-JEAN-BAPTISTE,"3,6-Dimethyloctane",1995-04-21T00:00,0.000,µg/m³,VOC,GC-MS
50103,MONTRÉAL-SAINT-JEAN-BAPTISTE,"3,6-Dimethyloctane",1995-04-27T00:00,0.024,µg/m³,VOC,GC-MS
50103,MONTRÉAL-SAINT-JEAN-BAPTISTE,"3,6-Dimethyloctane",1995-05-03T00:00,0.000,µg/m³,VOC,GC-MS
50103,MONTRÉAL-SAINT-JEAN-BAPTISTE,"3,6-Dimethyloctane",1995-05-09T00:00,0.050,µg/m³,VOC,GC-MS
50103,MONTRÉAL-SAINT-JEAN-BAPTISTE,"3,6-Dimethyloctane",1995-05-15T00:00,0.000,µg/m³,VOC,GC-MS
50103,MONTRÉAL-SAINT-JEAN-BAPTISTE,"3,6-Dimethyloctane",1995-05-21T00:00,0.000,µg/m³,VOC,GC-MS
50103,MONTRÉAL-SAINT-JEAN-BAPTISTE,"3,6-Dimethyloctane",1995-05-27T00:00,0.000,µg/m³,VOC,GC-MS
50103,MONTRÉAL-SAINT-JEAN-BAPTISTE,"3,6-Dimethyloctane",1995-06-02T00:00,0.106,µg/m³,VOC,GC-MS
50103,MONTRÉAL-SAINT-JEAN-BAPTISTE,"3,6-Dimethyloctane",1995-07-08T00:00,0.000,µg/m³,VOC,GC-MS
50103,MONTRÉAL-SAINT-JEAN-BAPTISTE,"3,6-Dimethyloctane",1995-07-20T00:00,0.083,µg/m³,VOC,GC-MS
50103,MONTRÉAL-SAINT-JEAN-BAPTISTE,"3,6-Dimethyloctane",1995-08-01T00:00,0.000,µg/m³,VOC,GC-MS
50103,MONTRÉAL-SAINT-JEAN-BAPTISTE,"3,6-Dimethyloctane",1995-08-13T00:00,0.037,µg/m³,VOC,GC-MS
50103,MONTRÉAL-SAINT-JEAN-BAPTISTE,"3,6-Dimethyloctane",1995-08-25T00:00,1.748,µg/m³,VOC,GC-MS
50103,MONTRÉAL-SAINT-JEAN-BAPTISTE,"3,6-Dimethyloctane",1995-09-12T00:00,0.063,µg/m³,VOC,GC-MS
50103,MONTRÉAL-SAINT-JEAN-BAPTISTE,"3,6-Dimethyloctane",1995-09-18T00:00,0.071,µg/m³,VOC,GC-MS
50103,MONTRÉAL-SAINT-JEAN-BAPTISTE,"3,6-Dimethyloctane",1995-09-24T00:00,0.110,µg/m³,VOC,GC-MS
50103,MONTRÉAL-SAINT-JEAN-BAPTISTE,"3,6-Dimethyloctane",1995-10-06T00:00,0.000,µg/m³,VOC,GC-MS
50103,MONTRÉAL-SAINT-JEAN-BAPTISTE,"3,6-Dimethyloctane",1995-10-12T00:00,0.133,µg/m³,VOC,GC-MS
50103,MONTRÉAL-SAINT-JEAN-BAPTISTE,"3,6-Dimethyloctane",1995-10-18T00:00,0.066,µg/m³,VOC,GC-MS
50103,MONTRÉAL-SAINT-JEAN-BAPTISTE,"3,6-Dimethyloctane",1995-10-24T00:00,0.080,µg/m³,VOC,GC-MS
50103,MONTRÉAL-SAINT-JEAN-BAPTISTE,"3,6-Dimethyloctane",1995-10-30T00:00,0.056,µg/m³,VOC,GC-MS
50103,MONTRÉAL-SAINT-JEAN-BAPTISTE,"3,6-Dimethyloctane",1995-11-05T00:00,0.050,µg/m³,VOC,GC-MS
50103,MONTRÉAL-SAINT-JEAN-BAPTISTE,"3,6-Dimethyloctane",1995-11-11T00:00,0.009,µg/m³,VOC,GC-MS
50103,MONTRÉAL-SAINT-JEAN-BAPTISTE,"3,6-Dimethyloctane",1995-11-17T00:00,0.000,µg/m³,VOC,GC-MS
50103,MONTRÉAL-SAINT-JEAN-BAPTISTE,"3,6-Dimethyloctane",1995-11-23T00:00,0.000,µg/m³,VOC,GC-MS
50103,MONTRÉAL-SAINT-JEAN-BAPTISTE,"3,6-Dimethyloctane",1995-11-29T00:00,0.000,µg/m³,VOC,GC-MS
50103,MONTRÉAL-SAINT-JEAN-BAPTISTE,"3,6-Dimethyloctane",1995-12-05T00:00,0.078,µg/m³,VOC,GC-MS
50103,MONTRÉAL-SAINT-JEAN-BAPTISTE,"3,6-Dimethyloctane",1995-12-11T00:00,0.000,µg/m³,VOC,GC-MS
50103,MONTRÉAL-SAINT-JEAN-BAPTISTE,"3,6-Dimethyloctane",1995-12-17T00:00,0.000,µg/m³,VOC,GC-MS
50103,MONTRÉAL-SAINT-JEAN-BAPTISTE,"3,6-Dimethyloctane",1995-12-23T00:00,0.030,µg/m³,VOC,GC-MS
50103,MONTRÉAL-SAINT-JEAN-BAPTISTE,"3,6-Dimethyloctane",1995-12-29T00:00,0.049,µg/m³,VOC,GC-MS
