﻿NAPS_Site_ID,Station_Name,Pollutant,Date,Value,Units,Report_Type,Method
100112,DOWNTOWN VANCOUVER,"1,2,3-Trimethylbenzene",1995-02-02T00:00,0.893,µg/m³,VOC,
100112,DOWNTOWN VANCOUVER,"1,2,3-Trimethylbenzene",1995-03-10T00:00,0.492,µg/m³,VOC,
100112,DOWNTOWN VANCOUVER,"1,2,3-Trimethylbenzene",1995-05-21T00:00,0.556,µg/m³,VOC,
100112,DOWNTOWN VANCOUVER,"1,2,3-Trimethylbenzene",1995-06-26T00:00,0.220,µg/m³,VOC,
100112,DOWNTOWN VANCOUVER,"1,2,3-Trimethylbenzene",1995-10-12T00:00,0.390,µg/m³,VOC,
100112,DOWNTOWN VANCOUVER,"1,2,3-Trimethylbenzene",1995-10-30T00:00,0.459,µg/m³,VOC,
100112,DOWNTOWN VANCOUVER,"1,2,3-Trimethylbenzene",1995-12-23T00:00,0.754,µg/m³,VOC,
