﻿NAPS_Site_ID,Station_Name,Pollutant,Date,Value,Units,Report_Type,Method
91101,ELK ISLAND NATIONAL PARK,Vinylchloride,2007-01-06T00:00,0.006,µg/m³,VOC,N/A
91101,ELK ISLAND NATIONAL PARK,Vinylchloride,2007-01-16T00:00,0.008,µg/m³,VOC,N/A
91101,ELK ISLAND NATIONAL PARK,Vinylchloride,2007-01-18T00:00,0.004,µg/m³,VOC,N/A
91101,ELK ISLAND NATIONAL PARK,Vinylchloride,2007-01-24T00:00,0.002,µg/m³,VOC,N/A
91101,ELK ISLAND NATIONAL PARK,Vinylchloride,2007-01-30T00:00,0.006,µg/m³,VOC,N/A
91101,ELK ISLAND NATIONAL PARK,Vinylchloride,2007-02-11T00:00,0.006,µg/m³,VOC,N/A
91101,ELK ISLAND NATIONAL PARK,Vinylchloride,2007-02-17T00:00,0.000,µg/m³,VOC,N/A
91101,ELK ISLAND NATIONAL PARK,Vinylchloride,2007-02-23T00:00,0.000,µg/m³,VOC,N/A
91101,ELK ISLAND NATIONAL PARK,Vinylchloride,2007-03-01T00:00,0.000,µg/m³,VOC,N/A
91101,ELK ISLAND NATIONAL PARK,Vinylchloride,2007-03-07T00:00,0.000,µg/m³,VOC,N/A
91101,ELK ISLAND NATIONAL PARK,Vinylchloride,2007-03-13T00:00,0.000,µg/m³,VOC,N/A
91101,ELK ISLAND NATIONAL PARK,Vinylchloride,2007-03-19T00:00,0.000,µg/m³,VOC,N/A
91101,ELK ISLAND NATIONAL PARK,Vinylchloride,2007-03-25T00:00,0.000,µg/m³,VOC,N/A
91101,ELK ISLAND NATIONAL PARK,Vinylchloride,2007-03-31T00:00,0.000,µg/m³,VOC,N/A
