﻿NAPS_Site_ID,Station_Name,Pollutant,Date,Value,Units,Report_Type,Method
100134,VANCOUVER INTL. AIRPORT,Naphthalene,1999-01-12T00:00,0.466,µg/m³,VOC,
100134,VANCOUVER INTL. AIRPORT,Naphthalene,1999-01-30T00:00,0.302,µg/m³,VOC,
100134,VANCOUVER INTL. AIRPORT,Naphthalene,1999-02-17T00:00,0.130,µg/m³,VOC,
100134,VANCOUVER INTL. AIRPORT,Naphthalene,1999-03-07T00:00,0.250,µg/m³,VOC,
100134,VANCOUVER INTL. AIRPORT,Naphthalene,1999-03-25T00:00,0.140,µg/m³,VOC,
100134,VANCOUVER INTL. AIRPORT,Naphthalene,1999-04-12T00:00,0.110,µg/m³,VOC,
100134,VANCOUVER INTL. AIRPORT,Naphthalene,1999-04-30T00:00,0.190,µg/m³,VOC,
100134,VANCOUVER INTL. AIRPORT,Naphthalene,1999-05-24T00:00,0.510,µg/m³,VOC,
