﻿NAPS_Site_ID,Station_Name,Pollutant,Date,Value,Units,Report_Type,Method
100119,BURNABY SOUTH,2-Methylhexane,2008-01-01T00:00,0.099,µg/m³,VOC,
100119,BURNABY SOUTH,2-Methylhexane,2008-01-07T00:00,0.188,µg/m³,VOC,
100119,BURNABY SOUTH,2-Methylhexane,2008-01-13T00:00,0.166,µg/m³,VOC,
100119,BURNABY SOUTH,2-Methylhexane,2008-01-19T00:00,0.292,µg/m³,VOC,
100119,BURNABY SOUTH,2-Methylhexane,2008-01-25T00:00,0.388,µg/m³,VOC,
100119,BURNABY SOUTH,2-Methylhexane,2008-01-31T00:00,0.133,µg/m³,VOC,
100119,BURNABY SOUTH,2-Methylhexane,2008-02-06T00:00,0.222,µg/m³,VOC,
100119,BURNABY SOUTH,2-Methylhexane,2008-02-12T00:00,0.233,µg/m³,VOC,
100119,BURNABY SOUTH,2-Methylhexane,2008-02-18T00:00,0.590,µg/m³,VOC,
100119,BURNABY SOUTH,2-Methylhexane,2008-02-24T00:00,0.234,µg/m³,VOC,
100119,BURNABY SOUTH,2-Methylhexane,2008-03-01T00:00,0.143,µg/m³,VOC,
100119,BURNABY SOUTH,2-Methylhexane,2008-03-07T00:00,0.385,µg/m³,VOC,
100119,BURNABY SOUTH,2-Methylhexane,2008-03-13T00:00,0.336,µg/m³,VOC,
100119,BURNABY SOUTH,2-Methylhexane,2008-03-19T00:00,0.196,µg/m³,VOC,
100119,BURNABY SOUTH,2-Methylhexane,2008-03-25T00:00,0.144,µg/m³,VOC,
100119,BURNABY SOUTH,2-Methylhexane,2008-03-31T00:00,0.128,µg/m³,VOC,
100119,BURNABY SOUTH,2-Methylhexane,2008-04-06T00:00,0.076,µg/m³,VOC,
100119,BURNABY SOUTH,2-Methylhexane,2008-04-12T00:00,0.370,µg/m³,VOC,
100119,BURNABY SOUTH,2-Methylhexane,2008-04-18T00:00,0.083,µg/m³,VOC,
100119,BURNABY SOUTH,2-Methylhexane,2008-04-24T00:00,0.095,µg/m³,VOC,
100119,BURNABY SOUTH,2-Methylhexane,2008-04-30T00:00,0.208,µg/m³,VOC,
100119,BURNABY SOUTH,2-Methylhexane,2008-05-06T00:00,0.173,µg/m³,VOC,
100119,BURNABY SOUTH,2-Methylhexane,2008-05-12T00:00,0.145,µg/m³,VOC,
100119,BURNABY SOUTH,2-Methylhexane,2008-05-18T00:00,0.125,µg/m³,VOC,
100119,BURNABY SOUTH,2-Methylhexane,2008-05-24T00:00,0.247,µg/m³,VOC,
100119,BURNABY SOUTH,2-Methylhexane,2008-05-30T00:00,0.163,µg/m³,VOC,
100119,BURNABY SOUTH,2-Methylhexane,2008-06-05T00:00,0.166,µg/m³,VOC,
100119,BURNABY SOUTH,2-Methylhexane,2008-06-11T00:00,0.169,µg/m³,VOC,
100119,BURNABY SOUTH,2-Methylhexane,2008-06-17T00:00,0.112,µg/m³,VOC,
100119,BURNABY SOUTH,2-Methylhexane,2008-06-23T00:00,0.144,µg/m³,VOC,
100119,BURNABY SOUTH,2-Methylhexane,2008-07-05T00:00,0.102,µg/m³,VOC,
100119,BURNABY SOUTH,2-Methylhexane,2008-07-11T00:00,0.317,µg/m³,VOC,
100119,BURNABY SOUTH,2-Methylhexane,2008-07-17T00:00,0.160,µg/m³,VOC,
100119,BURNABY SOUTH,2-Methylhexane,2008-07-23T00:00,0.081,µg/m³,VOC,
100119,BURNABY SOUTH,2-Methylhexane,2008-07-29T00:00,0.224,µg/m³,VOC,
100119,BURNABY SOUTH,2-Methylhexane,2008-08-04T00:00,0.237,µg/m³,VOC,
100119,BURNABY SOUTH,2-Methylhexane,2008-08-10T00:00,0.129,µg/m³,VOC,
100119,BURNABY SOUTH,2-Methylhexane,2008-08-16T00:00,0.537,µg/m³,VOC,
100119,BURNABY SOUTH,2-Methylhexane,2008-08-22T00:00,0.330,µg/m³,VOC,
100119,BURNABY SOUTH,2-Methylhexane,2008-08-28T00:00,0.185,µg/m³,VOC,
100119,BURNABY SOUTH,2-Methylhexane,2008-09-03T00:00,0.347,µg/m³,VOC,
100119,BURNABY SOUTH,2-Methylhexane,2008-09-09T00:00,0.290,µg/m³,VOC,
100119,BURNABY SOUTH,2-Methylhexane,2008-09-15T00:00,0.600,µg/m³,VOC,
100119,BURNABY SOUTH,2-Methylhexane,2008-09-21T00:00,0.156,µg/m³,VOC,
100119,BURNABY SOUTH,2-Methylhexane,2008-09-27T00:00,0.257,µg/m³,VOC,
100119,BURNABY SOUTH,2-Methylhexane,2008-10-03T00:00,0.253,µg/m³,VOC,
100119,BURNABY SOUTH,2-Methylhexane,2008-10-09T00:00,0.493,µg/m³,VOC,
100119,BURNABY SOUTH,2-Methylhexane,2008-10-15T00:00,0.287,µg/m³,VOC,
100119,BURNABY SOUTH,2-Methylhexane,2008-10-21T00:00,0.272,µg/m³,VOC,
100119,BURNABY SOUTH,2-Methylhexane,2008-10-27T00:00,0.757,µg/m³,VOC,
100119,BURNABY SOUTH,2-Methylhexane,2008-11-02T00:00,0.129,µg/m³,VOC,
100119,BURNABY SOUTH,2-Methylhexane,2008-11-08T00:00,0.122,µg/m³,VOC,
100119,BURNABY SOUTH,2-Methylhexane,2008-11-14T00:00,0.397,µg/m³,VOC,
100119,BURNABY SOUTH,2-Methylhexane,2008-11-20T00:00,0.269,µg/m³,VOC,
100119,BURNABY SOUTH,2-Methylhexane,2008-11-26T00:00,0.736,µg/m³,VOC,
100119,BURNABY SOUTH,2-Methylhexane,2008-12-02T00:00,0.293,µg/m³,VOC,
100119,BURNABY SOUTH,2-Methylhexane,2008-12-08T00:00,0.358,µg/m³,VOC,
100119,BURNABY SOUTH,2-Methylhexane,2008-12-14T00:00,0.093,µg/m³,VOC,
100119,BURNABY SOUTH,2-Methylhexane,2008-12-20T00:00,0.181,µg/m³,VOC,
100119,BURNABY SOUTH,2-Methylhexane,2008-12-26T00:00,0.142,µg/m³,VOC,
