﻿NAPS_Site_ID,Station_Name,Pollutant,Date,Value,Units,Report_Type,Method
50133,MONTRÉAL-CHENIER,"2,3-Dimethylpentane",2015-01-05T19:00,0.646,µg/m³,VOC,N/A
50133,MONTRÉAL-CHENIER,"2,3-Dimethylpentane",2015-01-11T19:00,0.143,µg/m³,VOC,N/A
50133,MONTRÉAL-CHENIER,"2,3-Dimethylpentane",2015-01-17T19:00,0.173,µg/m³,VOC,N/A
50133,MONTRÉAL-CHENIER,"2,3-Dimethylpentane",2015-01-23T19:00,0.084,µg/m³,VOC,N/A
50133,MONTRÉAL-CHENIER,"2,3-Dimethylpentane",2015-01-29T19:00,0.073,µg/m³,VOC,N/A
50133,MONTRÉAL-CHENIER,"2,3-Dimethylpentane",2015-02-04T19:00,0.105,µg/m³,VOC,N/A
50133,MONTRÉAL-CHENIER,"2,3-Dimethylpentane",2015-02-10T19:00,0.080,µg/m³,VOC,N/A
50133,MONTRÉAL-CHENIER,"2,3-Dimethylpentane",2015-02-16T19:00,0.271,µg/m³,VOC,N/A
50133,MONTRÉAL-CHENIER,"2,3-Dimethylpentane",2015-02-22T19:00,0.085,µg/m³,VOC,N/A
50133,MONTRÉAL-CHENIER,"2,3-Dimethylpentane",2015-02-28T19:00,0.134,µg/m³,VOC,N/A
50133,MONTRÉAL-CHENIER,"2,3-Dimethylpentane",2015-03-06T19:00,0.065,µg/m³,VOC,N/A
50133,MONTRÉAL-CHENIER,"2,3-Dimethylpentane",2015-03-12T20:00,0.095,µg/m³,VOC,N/A
50133,MONTRÉAL-CHENIER,"2,3-Dimethylpentane",2015-03-18T20:00,0.071,µg/m³,VOC,N/A
50133,MONTRÉAL-CHENIER,"2,3-Dimethylpentane",2015-03-24T20:00,0.093,µg/m³,VOC,N/A
50133,MONTRÉAL-CHENIER,"2,3-Dimethylpentane",2015-03-30T20:00,0.062,µg/m³,VOC,N/A
50133,MONTRÉAL-CHENIER,"2,3-Dimethylpentane",2015-04-05T20:00,0.080,µg/m³,VOC,N/A
50133,MONTRÉAL-CHENIER,"2,3-Dimethylpentane",2015-04-11T20:00,0.032,µg/m³,VOC,N/A
50133,MONTRÉAL-CHENIER,"2,3-Dimethylpentane",2015-04-17T20:00,0.138,µg/m³,VOC,N/A
50133,MONTRÉAL-CHENIER,"2,3-Dimethylpentane",2015-04-23T20:00,0.041,µg/m³,VOC,N/A
50133,MONTRÉAL-CHENIER,"2,3-Dimethylpentane",2015-04-29T20:00,0.061,µg/m³,VOC,N/A
50133,MONTRÉAL-CHENIER,"2,3-Dimethylpentane",2015-05-05T20:00,0.213,µg/m³,VOC,N/A
50133,MONTRÉAL-CHENIER,"2,3-Dimethylpentane",2015-05-11T20:00,0.200,µg/m³,VOC,N/A
50133,MONTRÉAL-CHENIER,"2,3-Dimethylpentane",2015-05-17T20:00,0.173,µg/m³,VOC,N/A
50133,MONTRÉAL-CHENIER,"2,3-Dimethylpentane",2015-05-23T20:00,0.036,µg/m³,VOC,N/A
50133,MONTRÉAL-CHENIER,"2,3-Dimethylpentane",2015-05-29T20:00,0.064,µg/m³,VOC,N/A
50133,MONTRÉAL-CHENIER,"2,3-Dimethylpentane",2015-06-10T20:00,0.071,µg/m³,VOC,N/A
50133,MONTRÉAL-CHENIER,"2,3-Dimethylpentane",2015-06-16T20:00,0.149,µg/m³,VOC,N/A
50133,MONTRÉAL-CHENIER,"2,3-Dimethylpentane",2015-06-22T20:00,0.039,µg/m³,VOC,N/A
50133,MONTRÉAL-CHENIER,"2,3-Dimethylpentane",2015-06-28T20:00,0.062,µg/m³,VOC,N/A
50133,MONTRÉAL-CHENIER,"2,3-Dimethylpentane",2015-07-04T20:00,0.072,µg/m³,VOC,N/A
50133,MONTRÉAL-CHENIER,"2,3-Dimethylpentane",2015-07-10T20:00,0.060,µg/m³,VOC,N/A
50133,MONTRÉAL-CHENIER,"2,3-Dimethylpentane",2015-07-16T20:00,0.130,µg/m³,VOC,N/A
50133,MONTRÉAL-CHENIER,"2,3-Dimethylpentane",2015-07-22T20:00,0.062,µg/m³,VOC,N/A
50133,MONTRÉAL-CHENIER,"2,3-Dimethylpentane",2015-07-28T20:00,0.136,µg/m³,VOC,N/A
50133,MONTRÉAL-CHENIER,"2,3-Dimethylpentane",2015-08-03T20:00,0.062,µg/m³,VOC,N/A
50133,MONTRÉAL-CHENIER,"2,3-Dimethylpentane",2015-08-09T20:00,0.280,µg/m³,VOC,N/A
50133,MONTRÉAL-CHENIER,"2,3-Dimethylpentane",2015-08-15T20:00,0.083,µg/m³,VOC,N/A
50133,MONTRÉAL-CHENIER,"2,3-Dimethylpentane",2015-08-21T20:00,0.184,µg/m³,VOC,N/A
50133,MONTRÉAL-CHENIER,"2,3-Dimethylpentane",2015-08-27T20:00,0.105,µg/m³,VOC,N/A
50133,MONTRÉAL-CHENIER,"2,3-Dimethylpentane",2015-09-02T20:00,0.117,µg/m³,VOC,N/A
50133,MONTRÉAL-CHENIER,"2,3-Dimethylpentane",2015-09-08T20:00,0.115,µg/m³,VOC,N/A
50133,MONTRÉAL-CHENIER,"2,3-Dimethylpentane",2015-09-14T20:00,0.087,µg/m³,VOC,N/A
50133,MONTRÉAL-CHENIER,"2,3-Dimethylpentane",2015-09-20T20:00,0.277,µg/m³,VOC,N/A
50133,MONTRÉAL-CHENIER,"2,3-Dimethylpentane",2015-09-26T20:00,0.128,µg/m³,VOC,N/A
50133,MONTRÉAL-CHENIER,"2,3-Dimethylpentane",2015-10-02T20:00,0.077,µg/m³,VOC,N/A
50133,MONTRÉAL-CHENIER,"2,3-Dimethylpentane",2015-10-08T20:00,0.106,µg/m³,VOC,N/A
50133,MONTRÉAL-CHENIER,"2,3-Dimethylpentane",2015-10-14T20:00,0.119,µg/m³,VOC,N/A
50133,MONTRÉAL-CHENIER,"2,3-Dimethylpentane",2015-10-20T20:00,0.126,µg/m³,VOC,N/A
50133,MONTRÉAL-CHENIER,"2,3-Dimethylpentane",2015-10-26T20:00,0.351,µg/m³,VOC,N/A
50133,MONTRÉAL-CHENIER,"2,3-Dimethylpentane",2015-11-01T19:00,0.211,µg/m³,VOC,N/A
50133,MONTRÉAL-CHENIER,"2,3-Dimethylpentane",2015-11-07T19:00,0.059,µg/m³,VOC,N/A
50133,MONTRÉAL-CHENIER,"2,3-Dimethylpentane",2015-11-13T19:00,0.027,µg/m³,VOC,N/A
50133,MONTRÉAL-CHENIER,"2,3-Dimethylpentane",2015-11-19T19:00,0.058,µg/m³,VOC,N/A
50133,MONTRÉAL-CHENIER,"2,3-Dimethylpentane",2015-11-25T19:00,0.062,µg/m³,VOC,N/A
50133,MONTRÉAL-CHENIER,"2,3-Dimethylpentane",2015-12-01T19:00,0.450,µg/m³,VOC,N/A
50133,MONTRÉAL-CHENIER,"2,3-Dimethylpentane",2015-12-07T19:00,0.165,µg/m³,VOC,N/A
50133,MONTRÉAL-CHENIER,"2,3-Dimethylpentane",2015-12-13T19:00,0.092,µg/m³,VOC,N/A
50133,MONTRÉAL-CHENIER,"2,3-Dimethylpentane",2015-12-19T19:00,0.042,µg/m³,VOC,N/A
50133,MONTRÉAL-CHENIER,"2,3-Dimethylpentane",2015-12-25T19:00,0.080,µg/m³,VOC,N/A
