﻿NAPS_Site_ID,Station_Name,Pollutant,Date,Value,Units,Report_Type,Method
60424,BAY & WELLESLEY _Toronto Downtown_,4-Methylheptane,1995-01-03T00:00,0.076,µg/m³,VOC,GC-MS
60424,BAY & WELLESLEY _Toronto Downtown_,4-Methylheptane,1995-01-09T00:00,0.126,µg/m³,VOC,GC-MS
60424,BAY & WELLESLEY _Toronto Downtown_,4-Methylheptane,1995-01-15T00:00,0.092,µg/m³,VOC,GC-MS
60424,BAY & WELLESLEY _Toronto Downtown_,4-Methylheptane,1995-01-21T00:00,0.130,µg/m³,VOC,GC-MS
60424,BAY & WELLESLEY _Toronto Downtown_,4-Methylheptane,1995-01-27T00:00,0.090,µg/m³,VOC,GC-MS
60424,BAY & WELLESLEY _Toronto Downtown_,4-Methylheptane,1995-02-02T00:00,0.079,µg/m³,VOC,GC-MS
60424,BAY & WELLESLEY _Toronto Downtown_,4-Methylheptane,1995-02-08T00:00,0.111,µg/m³,VOC,GC-MS
60424,BAY & WELLESLEY _Toronto Downtown_,4-Methylheptane,1995-02-14T00:00,0.118,µg/m³,VOC,GC-MS
60424,BAY & WELLESLEY _Toronto Downtown_,4-Methylheptane,1995-02-20T00:00,0.131,µg/m³,VOC,GC-MS
60424,BAY & WELLESLEY _Toronto Downtown_,4-Methylheptane,1995-02-26T00:00,0.036,µg/m³,VOC,GC-MS
60424,BAY & WELLESLEY _Toronto Downtown_,4-Methylheptane,1995-03-04T00:00,0.080,µg/m³,VOC,GC-MS
60424,BAY & WELLESLEY _Toronto Downtown_,4-Methylheptane,1995-03-10T00:00,0.075,µg/m³,VOC,GC-MS
60424,BAY & WELLESLEY _Toronto Downtown_,4-Methylheptane,1995-03-16T00:00,0.094,µg/m³,VOC,GC-MS
60424,BAY & WELLESLEY _Toronto Downtown_,4-Methylheptane,1995-03-22T00:00,0.041,µg/m³,VOC,GC-MS
60424,BAY & WELLESLEY _Toronto Downtown_,4-Methylheptane,1995-03-28T00:00,0.102,µg/m³,VOC,GC-MS
60424,BAY & WELLESLEY _Toronto Downtown_,4-Methylheptane,1995-04-03T00:00,0.077,µg/m³,VOC,GC-MS
60424,BAY & WELLESLEY _Toronto Downtown_,4-Methylheptane,1995-04-09T00:00,0.034,µg/m³,VOC,GC-MS
60424,BAY & WELLESLEY _Toronto Downtown_,4-Methylheptane,1995-04-15T00:00,0.022,µg/m³,VOC,GC-MS
60424,BAY & WELLESLEY _Toronto Downtown_,4-Methylheptane,1995-04-21T00:00,0.075,µg/m³,VOC,GC-MS
60424,BAY & WELLESLEY _Toronto Downtown_,4-Methylheptane,1995-04-27T00:00,0.046,µg/m³,VOC,GC-MS
60424,BAY & WELLESLEY _Toronto Downtown_,4-Methylheptane,1995-05-03T00:00,0.078,µg/m³,VOC,GC-MS
60424,BAY & WELLESLEY _Toronto Downtown_,4-Methylheptane,1995-05-09T00:00,0.000,µg/m³,VOC,GC-MS
60424,BAY & WELLESLEY _Toronto Downtown_,4-Methylheptane,1995-05-15T00:00,0.050,µg/m³,VOC,GC-MS
60424,BAY & WELLESLEY _Toronto Downtown_,4-Methylheptane,1995-05-21T00:00,0.107,µg/m³,VOC,GC-MS
60424,BAY & WELLESLEY _Toronto Downtown_,4-Methylheptane,1995-05-27T00:00,0.000,µg/m³,VOC,GC-MS
60424,BAY & WELLESLEY _Toronto Downtown_,4-Methylheptane,1995-06-02T00:00,0.073,µg/m³,VOC,GC-MS
60424,BAY & WELLESLEY _Toronto Downtown_,4-Methylheptane,1995-06-08T00:00,0.000,µg/m³,VOC,GC-MS
60424,BAY & WELLESLEY _Toronto Downtown_,4-Methylheptane,1995-06-14T00:00,0.056,µg/m³,VOC,GC-MS
60424,BAY & WELLESLEY _Toronto Downtown_,4-Methylheptane,1995-06-20T00:00,0.000,µg/m³,VOC,GC-MS
60424,BAY & WELLESLEY _Toronto Downtown_,4-Methylheptane,1995-06-26T00:00,0.071,µg/m³,VOC,GC-MS
60424,BAY & WELLESLEY _Toronto Downtown_,4-Methylheptane,1995-07-02T00:00,0.000,µg/m³,VOC,GC-MS
60424,BAY & WELLESLEY _Toronto Downtown_,4-Methylheptane,1995-07-08T00:00,0.000,µg/m³,VOC,GC-MS
60424,BAY & WELLESLEY _Toronto Downtown_,4-Methylheptane,1995-07-14T00:00,0.131,µg/m³,VOC,GC-MS
60424,BAY & WELLESLEY _Toronto Downtown_,4-Methylheptane,1995-07-20T00:00,0.123,µg/m³,VOC,GC-MS
60424,BAY & WELLESLEY _Toronto Downtown_,4-Methylheptane,1995-07-26T00:00,0.176,µg/m³,VOC,GC-MS
60424,BAY & WELLESLEY _Toronto Downtown_,4-Methylheptane,1995-08-01T00:00,0.193,µg/m³,VOC,GC-MS
60424,BAY & WELLESLEY _Toronto Downtown_,4-Methylheptane,1995-09-18T00:00,0.043,µg/m³,VOC,GC-MS
