﻿NAPS_Site_ID,Station_Name,Pollutant,Date,Value,Units,Report_Type,Method
60427,GAGE INSTITUTE,OC(corr),2012-01-01T00:00,1.074,µg/m³,PM2.5,TOR(OC/EC)
60427,GAGE INSTITUTE,OC(corr),2012-01-04T00:00,2.694,µg/m³,PM2.5,TOR(OC/EC)
60427,GAGE INSTITUTE,OC(corr),2012-01-07T00:00,2.904,µg/m³,PM2.5,TOR(OC/EC)
60427,GAGE INSTITUTE,OC(corr),2012-01-10T00:00,0.871,µg/m³,PM2.5,TOR(OC/EC)
60427,GAGE INSTITUTE,OC(corr),2012-01-13T00:00,1.759,µg/m³,PM2.5,TOR(OC/EC)
60427,GAGE INSTITUTE,OC(corr),2012-01-16T00:00,2.975,µg/m³,PM2.5,TOR(OC/EC)
60427,GAGE INSTITUTE,OC(corr),2012-01-19T00:00,0.420,µg/m³,PM2.5,TOR(OC/EC)
60427,GAGE INSTITUTE,OC(corr),2012-01-22T00:00,1.362,µg/m³,PM2.5,TOR(OC/EC)
60427,GAGE INSTITUTE,OC(corr),2012-01-25T00:00,2.276,µg/m³,PM2.5,TOR(OC/EC)
60427,GAGE INSTITUTE,OC(corr),2012-01-28T00:00,0.000,µg/m³,PM2.5,TOR(OC/EC)
60427,GAGE INSTITUTE,OC(corr),2012-01-31T00:00,1.651,µg/m³,PM2.5,TOR(OC/EC)
60427,GAGE INSTITUTE,OC(corr),2012-02-06T00:00,2.654,µg/m³,PM2.5,TOR(OC/EC)
60427,GAGE INSTITUTE,OC(corr),2012-02-09T00:00,3.137,µg/m³,PM2.5,TOR(OC/EC)
60427,GAGE INSTITUTE,OC(corr),2012-02-12T00:00,2.119,µg/m³,PM2.5,TOR(OC/EC)
60427,GAGE INSTITUTE,OC(corr),2012-02-15T00:00,2.174,µg/m³,PM2.5,TOR(OC/EC)
60427,GAGE INSTITUTE,OC(corr),2012-02-18T00:00,0.840,µg/m³,PM2.5,TOR(OC/EC)
60427,GAGE INSTITUTE,OC(corr),2012-02-21T00:00,2.660,µg/m³,PM2.5,TOR(OC/EC)
60427,GAGE INSTITUTE,OC(corr),2012-02-24T00:00,0.690,µg/m³,PM2.5,TOR(OC/EC)
60427,GAGE INSTITUTE,OC(corr),2012-02-27T00:00,1.488,µg/m³,PM2.5,TOR(OC/EC)
60427,GAGE INSTITUTE,OC(corr),2012-03-01T00:00,1.593,µg/m³,PM2.5,TOR(OC/EC)
60427,GAGE INSTITUTE,OC(corr),2012-03-04T00:00,0.518,µg/m³,PM2.5,TOR(OC/EC)
60427,GAGE INSTITUTE,OC(corr),2012-03-07T00:00,3.816,µg/m³,PM2.5,TOR(OC/EC)
60427,GAGE INSTITUTE,OC(corr),2012-03-10T00:00,2.218,µg/m³,PM2.5,TOR(OC/EC)
60427,GAGE INSTITUTE,OC(corr),2012-04-21T00:00,0.474,µg/m³,PM2.5,TOR(OC/EC)
60427,GAGE INSTITUTE,OC(corr),2012-04-24T00:00,0.785,µg/m³,PM2.5,TOR(OC/EC)
60427,GAGE INSTITUTE,OC(corr),2012-04-27T00:00,0.872,µg/m³,PM2.5,TOR(OC/EC)
60427,GAGE INSTITUTE,OC(corr),2012-04-30T00:00,1.854,µg/m³,PM2.5,TOR(OC/EC)
60427,GAGE INSTITUTE,OC(corr),2012-05-03T00:00,2.935,µg/m³,PM2.5,TOR(OC/EC)
60427,GAGE INSTITUTE,OC(corr),2012-05-06T00:00,1.457,µg/m³,PM2.5,TOR(OC/EC)
60427,GAGE INSTITUTE,OC(corr),2012-05-09T00:00,3.714,µg/m³,PM2.5,TOR(OC/EC)
60427,GAGE INSTITUTE,OC(corr),2012-05-12T00:00,0.899,µg/m³,PM2.5,TOR(OC/EC)
60427,GAGE INSTITUTE,OC(corr),2012-05-15T00:00,3.390,µg/m³,PM2.5,TOR(OC/EC)
60427,GAGE INSTITUTE,OC(corr),2012-05-18T00:00,2.290,µg/m³,PM2.5,TOR(OC/EC)
60427,GAGE INSTITUTE,OC(corr),2012-05-21T00:00,2.183,µg/m³,PM2.5,TOR(OC/EC)
60427,GAGE INSTITUTE,OC(corr),2012-05-24T00:00,2.420,µg/m³,PM2.5,TOR(OC/EC)
60427,GAGE INSTITUTE,OC(corr),2012-05-27T00:00,3.633,µg/m³,PM2.5,TOR(OC/EC)
60427,GAGE INSTITUTE,OC(corr),2012-05-30T00:00,1.601,µg/m³,PM2.5,TOR(OC/EC)
60427,GAGE INSTITUTE,OC(corr),2012-06-02T00:00,1.556,µg/m³,PM2.5,TOR(OC/EC)
60427,GAGE INSTITUTE,OC(corr),2012-06-05T00:00,1.824,µg/m³,PM2.5,TOR(OC/EC)
60427,GAGE INSTITUTE,OC(corr),2012-06-08T00:00,2.299,µg/m³,PM2.5,TOR(OC/EC)
60427,GAGE INSTITUTE,OC(corr),2012-06-11T00:00,5.065,µg/m³,PM2.5,TOR(OC/EC)
60427,GAGE INSTITUTE,OC(corr),2012-06-14T00:00,1.499,µg/m³,PM2.5,TOR(OC/EC)
60427,GAGE INSTITUTE,OC(corr),2012-06-17T00:00,3.842,µg/m³,PM2.5,TOR(OC/EC)
60427,GAGE INSTITUTE,OC(corr),2012-06-20T00:00,4.105,µg/m³,PM2.5,TOR(OC/EC)
60427,GAGE INSTITUTE,OC(corr),2012-06-23T00:00,1.728,µg/m³,PM2.5,TOR(OC/EC)
60427,GAGE INSTITUTE,OC(corr),2012-06-26T00:00,1.633,µg/m³,PM2.5,TOR(OC/EC)
60427,GAGE INSTITUTE,OC(corr),2012-06-29T00:00,2.836,µg/m³,PM2.5,TOR(OC/EC)
60427,GAGE INSTITUTE,OC(corr),2012-07-02T00:00,2.596,µg/m³,PM2.5,TOR(OC/EC)
60427,GAGE INSTITUTE,OC(corr),2012-07-05T00:00,3.415,µg/m³,PM2.5,TOR(OC/EC)
60427,GAGE INSTITUTE,OC(corr),2012-07-08T00:00,2.129,µg/m³,PM2.5,TOR(OC/EC)
60427,GAGE INSTITUTE,OC(corr),2012-07-11T00:00,2.669,µg/m³,PM2.5,TOR(OC/EC)
60427,GAGE INSTITUTE,OC(corr),2012-07-14T00:00,3.334,µg/m³,PM2.5,TOR(OC/EC)
60427,GAGE INSTITUTE,OC(corr),2012-07-17T00:00,3.025,µg/m³,PM2.5,TOR(OC/EC)
60427,GAGE INSTITUTE,OC(corr),2012-07-20T00:00,1.996,µg/m³,PM2.5,TOR(OC/EC)
60427,GAGE INSTITUTE,OC(corr),2012-07-23T00:00,4.504,µg/m³,PM2.5,TOR(OC/EC)
60427,GAGE INSTITUTE,OC(corr),2012-07-26T00:00,1.848,µg/m³,PM2.5,TOR(OC/EC)
60427,GAGE INSTITUTE,OC(corr),2012-07-29T00:00,2.491,µg/m³,PM2.5,TOR(OC/EC)
60427,GAGE INSTITUTE,OC(corr),2012-08-01T00:00,2.161,µg/m³,PM2.5,TOR(OC/EC)
60427,GAGE INSTITUTE,OC(corr),2012-08-04T00:00,4.472,µg/m³,PM2.5,TOR(OC/EC)
60427,GAGE INSTITUTE,OC(corr),2012-08-07T00:00,1.942,µg/m³,PM2.5,TOR(OC/EC)
60427,GAGE INSTITUTE,OC(corr),2012-08-10T00:00,2.225,µg/m³,PM2.5,TOR(OC/EC)
60427,GAGE INSTITUTE,OC(corr),2012-08-13T00:00,2.665,µg/m³,PM2.5,TOR(OC/EC)
60427,GAGE INSTITUTE,OC(corr),2012-08-16T00:00,3.387,µg/m³,PM2.5,TOR(OC/EC)
60427,GAGE INSTITUTE,OC(corr),2012-08-19T00:00,2.603,µg/m³,PM2.5,TOR(OC/EC)
60427,GAGE INSTITUTE,OC(corr),2012-08-22T00:00,3.098,µg/m³,PM2.5,TOR(OC/EC)
60427,GAGE INSTITUTE,OC(corr),2012-08-25T00:00,3.677,µg/m³,PM2.5,TOR(OC/EC)
60427,GAGE INSTITUTE,OC(corr),2012-08-28T00:00,1.554,µg/m³,PM2.5,TOR(OC/EC)
60427,GAGE INSTITUTE,OC(corr),2012-08-31T00:00,3.089,µg/m³,PM2.5,TOR(OC/EC)
60427,GAGE INSTITUTE,OC(corr),2012-09-03T00:00,2.437,µg/m³,PM2.5,TOR(OC/EC)
60427,GAGE INSTITUTE,OC(corr),2012-09-06T00:00,2.541,µg/m³,PM2.5,TOR(OC/EC)
60427,GAGE INSTITUTE,OC(corr),2012-09-09T00:00,1.340,µg/m³,PM2.5,TOR(OC/EC)
60427,GAGE INSTITUTE,OC(corr),2012-09-12T00:00,3.156,µg/m³,PM2.5,TOR(OC/EC)
60427,GAGE INSTITUTE,OC(corr),2012-09-15T00:00,1.486,µg/m³,PM2.5,TOR(OC/EC)
60427,GAGE INSTITUTE,OC(corr),2012-09-18T00:00,1.333,µg/m³,PM2.5,TOR(OC/EC)
60427,GAGE INSTITUTE,OC(corr),2012-09-21T00:00,3.877,µg/m³,PM2.5,TOR(OC/EC)
60427,GAGE INSTITUTE,OC(corr),2012-09-24T00:00,3.433,µg/m³,PM2.5,TOR(OC/EC)
60427,GAGE INSTITUTE,OC(corr),2012-09-27T00:00,1.018,µg/m³,PM2.5,TOR(OC/EC)
60427,GAGE INSTITUTE,OC(corr),2012-09-30T00:00,1.961,µg/m³,PM2.5,TOR(OC/EC)
60427,GAGE INSTITUTE,OC(corr),2012-10-03T00:00,2.376,µg/m³,PM2.5,TOR(OC/EC)
60427,GAGE INSTITUTE,OC(corr),2012-10-06T00:00,0.860,µg/m³,PM2.5,TOR(OC/EC)
60427,GAGE INSTITUTE,OC(corr),2012-10-09T00:00,1.942,µg/m³,PM2.5,TOR(OC/EC)
60427,GAGE INSTITUTE,OC(corr),2012-10-12T00:00,0.993,µg/m³,PM2.5,TOR(OC/EC)
60427,GAGE INSTITUTE,OC(corr),2012-10-15T00:00,0.895,µg/m³,PM2.5,TOR(OC/EC)
60427,GAGE INSTITUTE,OC(corr),2012-10-18T00:00,2.616,µg/m³,PM2.5,TOR(OC/EC)
60427,GAGE INSTITUTE,OC(corr),2012-10-21T00:00,2.384,µg/m³,PM2.5,TOR(OC/EC)
60427,GAGE INSTITUTE,OC(corr),2012-10-24T00:00,1.384,µg/m³,PM2.5,TOR(OC/EC)
60427,GAGE INSTITUTE,OC(corr),2012-10-27T00:00,0.442,µg/m³,PM2.5,TOR(OC/EC)
60427,GAGE INSTITUTE,OC(corr),2012-11-02T00:00,0.418,µg/m³,PM2.5,TOR(OC/EC)
60427,GAGE INSTITUTE,OC(corr),2012-11-05T00:00,0.988,µg/m³,PM2.5,TOR(OC/EC)
60427,GAGE INSTITUTE,OC(corr),2012-11-08T00:00,2.944,µg/m³,PM2.5,TOR(OC/EC)
60427,GAGE INSTITUTE,OC(corr),2012-11-11T00:00,3.556,µg/m³,PM2.5,TOR(OC/EC)
60427,GAGE INSTITUTE,OC(corr),2012-11-14T00:00,1.706,µg/m³,PM2.5,TOR(OC/EC)
60427,GAGE INSTITUTE,OC(corr),2012-11-17T00:00,2.847,µg/m³,PM2.5,TOR(OC/EC)
60427,GAGE INSTITUTE,OC(corr),2012-11-20T00:00,3.980,µg/m³,PM2.5,TOR(OC/EC)
60427,GAGE INSTITUTE,OC(corr),2012-11-23T00:00,2.349,µg/m³,PM2.5,TOR(OC/EC)
60427,GAGE INSTITUTE,OC(corr),2012-11-26T00:00,2.285,µg/m³,PM2.5,TOR(OC/EC)
60427,GAGE INSTITUTE,OC(corr),2012-11-29T00:00,2.170,µg/m³,PM2.5,TOR(OC/EC)
60427,GAGE INSTITUTE,OC(corr),2012-12-02T00:00,3.241,µg/m³,PM2.5,TOR(OC/EC)
60427,GAGE INSTITUTE,OC(corr),2012-12-05T00:00,0.407,µg/m³,PM2.5,TOR(OC/EC)
60427,GAGE INSTITUTE,OC(corr),2012-12-08T00:00,2.818,µg/m³,PM2.5,TOR(OC/EC)
60427,GAGE INSTITUTE,OC(corr),2012-12-11T00:00,2.285,µg/m³,PM2.5,TOR(OC/EC)
60427,GAGE INSTITUTE,OC(corr),2012-12-14T00:00,2.280,µg/m³,PM2.5,TOR(OC/EC)
60427,GAGE INSTITUTE,OC(corr),2012-12-17T00:00,2.337,µg/m³,PM2.5,TOR(OC/EC)
60427,GAGE INSTITUTE,OC(corr),2012-12-20T00:00,0.815,µg/m³,PM2.5,TOR(OC/EC)
60427,GAGE INSTITUTE,OC(corr),2012-12-23T00:00,1.411,µg/m³,PM2.5,TOR(OC/EC)
60427,GAGE INSTITUTE,OC(corr),2012-12-26T00:00,0.543,µg/m³,PM2.5,TOR(OC/EC)
