﻿NAPS_Site_ID,Station_Name,Pollutant,Date,Value,Units,Report_Type,Method
61007,AAMJIWNAANG,"1,1,2-Trichloroethane",2022-01-05T00:00,0.006,µg/m³,VOC,GC-MS
61007,AAMJIWNAANG,"1,1,2-Trichloroethane",2022-01-11T00:00,0.004,µg/m³,VOC,GC-MS
61007,AAMJIWNAANG,"1,1,2-Trichloroethane",2022-01-17T00:00,0.004,µg/m³,VOC,GC-MS
61007,AAMJIWNAANG,"1,1,2-Trichloroethane",2022-01-23T00:00,0.004,µg/m³,VOC,GC-MS
61007,AAMJIWNAANG,"1,1,2-Trichloroethane",2022-01-29T00:00,0.004,µg/m³,VOC,GC-MS
61007,AAMJIWNAANG,"1,1,2-Trichloroethane",2022-02-04T00:00,0.004,µg/m³,VOC,GC-MS
61007,AAMJIWNAANG,"1,1,2-Trichloroethane",2022-02-10T00:00,0.004,µg/m³,VOC,GC-MS
61007,AAMJIWNAANG,"1,1,2-Trichloroethane",2022-02-16T00:00,0.006,µg/m³,VOC,GC-MS
61007,AAMJIWNAANG,"1,1,2-Trichloroethane",2022-02-22T00:00,0.002,µg/m³,VOC,GC-MS
61007,AAMJIWNAANG,"1,1,2-Trichloroethane",2022-02-28T00:00,0.004,µg/m³,VOC,GC-MS
61007,AAMJIWNAANG,"1,1,2-Trichloroethane",2022-03-06T00:00,0.004,µg/m³,VOC,GC-MS
61007,AAMJIWNAANG,"1,1,2-Trichloroethane",2022-03-12T00:00,0.004,µg/m³,VOC,GC-MS
61007,AAMJIWNAANG,"1,1,2-Trichloroethane",2022-03-18T00:00,0.004,µg/m³,VOC,GC-MS
61007,AAMJIWNAANG,"1,1,2-Trichloroethane",2022-03-24T00:00,0.004,µg/m³,VOC,GC-MS
61007,AAMJIWNAANG,"1,1,2-Trichloroethane",2022-03-30T00:00,0.006,µg/m³,VOC,GC-MS
61007,AAMJIWNAANG,"1,1,2-Trichloroethane",2022-04-05T00:00,0.004,µg/m³,VOC,GC-MS
61007,AAMJIWNAANG,"1,1,2-Trichloroethane",2022-04-11T00:00,0.004,µg/m³,VOC,GC-MS
61007,AAMJIWNAANG,"1,1,2-Trichloroethane",2022-04-17T00:00,0.004,µg/m³,VOC,GC-MS
61007,AAMJIWNAANG,"1,1,2-Trichloroethane",2022-04-23T00:00,0.004,µg/m³,VOC,GC-MS
61007,AAMJIWNAANG,"1,1,2-Trichloroethane",2022-04-29T00:00,0.004,µg/m³,VOC,GC-MS
61007,AAMJIWNAANG,"1,1,2-Trichloroethane",2022-05-05T00:00,0.006,µg/m³,VOC,GC-MS
61007,AAMJIWNAANG,"1,1,2-Trichloroethane",2022-05-11T00:00,0.004,µg/m³,VOC,GC-MS
61007,AAMJIWNAANG,"1,1,2-Trichloroethane",2022-05-29T00:00,0.004,µg/m³,VOC,GC-MS
61007,AAMJIWNAANG,"1,1,2-Trichloroethane",2022-06-04T00:00,0.004,µg/m³,VOC,GC-MS
61007,AAMJIWNAANG,"1,1,2-Trichloroethane",2022-06-10T00:00,0.004,µg/m³,VOC,GC-MS
61007,AAMJIWNAANG,"1,1,2-Trichloroethane",2022-06-16T00:00,0.004,µg/m³,VOC,GC-MS
61007,AAMJIWNAANG,"1,1,2-Trichloroethane",2022-06-22T00:00,0.004,µg/m³,VOC,GC-MS
61007,AAMJIWNAANG,"1,1,2-Trichloroethane",2022-06-28T00:00,0.004,µg/m³,VOC,GC-MS
61007,AAMJIWNAANG,"1,1,2-Trichloroethane",2022-07-04T00:00,0.002,µg/m³,VOC,GC-MS
61007,AAMJIWNAANG,"1,1,2-Trichloroethane",2022-07-10T00:00,0.004,µg/m³,VOC,GC-MS
61007,AAMJIWNAANG,"1,1,2-Trichloroethane",2022-07-16T00:00,0.002,µg/m³,VOC,GC-MS
61007,AAMJIWNAANG,"1,1,2-Trichloroethane",2022-07-22T00:00,0.010,µg/m³,VOC,GC-MS
61007,AAMJIWNAANG,"1,1,2-Trichloroethane",2022-07-28T00:00,0.004,µg/m³,VOC,GC-MS
61007,AAMJIWNAANG,"1,1,2-Trichloroethane",2022-08-03T00:00,0.002,µg/m³,VOC,GC-MS
61007,AAMJIWNAANG,"1,1,2-Trichloroethane",2022-08-09T00:00,0.002,µg/m³,VOC,GC-MS
61007,AAMJIWNAANG,"1,1,2-Trichloroethane",2022-08-15T00:00,0.002,µg/m³,VOC,GC-MS
61007,AAMJIWNAANG,"1,1,2-Trichloroethane",2022-08-21T00:00,0.002,µg/m³,VOC,GC-MS
61007,AAMJIWNAANG,"1,1,2-Trichloroethane",2022-08-27T00:00,0.002,µg/m³,VOC,GC-MS
61007,AAMJIWNAANG,"1,1,2-Trichloroethane",2022-09-02T00:00,0.002,µg/m³,VOC,GC-MS
61007,AAMJIWNAANG,"1,1,2-Trichloroethane",2022-09-08T00:00,0.002,µg/m³,VOC,GC-MS
61007,AAMJIWNAANG,"1,1,2-Trichloroethane",2022-09-14T00:00,0.002,µg/m³,VOC,GC-MS
61007,AAMJIWNAANG,"1,1,2-Trichloroethane",2022-09-20T00:00,0.002,µg/m³,VOC,GC-MS
61007,AAMJIWNAANG,"1,1,2-Trichloroethane",2022-09-26T00:00,0.002,µg/m³,VOC,GC-MS
61007,AAMJIWNAANG,"1,1,2-Trichloroethane",2022-10-02T00:00,0.004,µg/m³,VOC,GC-MS
61007,AAMJIWNAANG,"1,1,2-Trichloroethane",2022-10-08T00:00,0.002,µg/m³,VOC,GC-MS
61007,AAMJIWNAANG,"1,1,2-Trichloroethane",2022-10-14T00:00,0.002,µg/m³,VOC,GC-MS
61007,AAMJIWNAANG,"1,1,2-Trichloroethane",2022-10-20T00:00,0.002,µg/m³,VOC,GC-MS
61007,AAMJIWNAANG,"1,1,2-Trichloroethane",2022-10-26T00:00,0.002,µg/m³,VOC,GC-MS
61007,AAMJIWNAANG,"1,1,2-Trichloroethane",2022-11-07T00:00,0.002,µg/m³,VOC,GC-MS
61007,AAMJIWNAANG,"1,1,2-Trichloroethane",2022-11-13T00:00,0.002,µg/m³,VOC,GC-MS
61007,AAMJIWNAANG,"1,1,2-Trichloroethane",2022-11-25T00:00,0.002,µg/m³,VOC,GC-MS
61007,AAMJIWNAANG,"1,1,2-Trichloroethane",2022-12-01T00:00,0.002,µg/m³,VOC,GC-MS
61007,AAMJIWNAANG,"1,1,2-Trichloroethane",2022-12-07T00:00,0.004,µg/m³,VOC,GC-MS
61007,AAMJIWNAANG,"1,1,2-Trichloroethane",2022-12-13T00:00,0.004,µg/m³,VOC,GC-MS
61007,AAMJIWNAANG,"1,1,2-Trichloroethane",2022-12-19T00:00,0.002,µg/m³,VOC,GC-MS
61007,AAMJIWNAANG,"1,1,2-Trichloroethane",2022-12-25T00:00,0.004,µg/m³,VOC,GC-MS
