﻿NAPS_Site_ID,Station_Name,Pollutant,Date,Value,Units,Report_Type,Method
62601,EXPERIMENTAL FARM _SIMCOE_,SO2,2008-01-01T00:00,1.543,µg/m³,SPEC,N/A
62601,EXPERIMENTAL FARM _SIMCOE_,SO2,2008-01-07T00:00,1.300,µg/m³,SPEC,N/A
62601,EXPERIMENTAL FARM _SIMCOE_,SO2,2008-02-18T00:00,0.989,µg/m³,SPEC,N/A
62601,EXPERIMENTAL FARM _SIMCOE_,SO2,2008-02-21T00:00,0.956,µg/m³,SPEC,N/A
62601,EXPERIMENTAL FARM _SIMCOE_,SO2,2008-02-24T00:00,4.827,µg/m³,SPEC,N/A
62601,EXPERIMENTAL FARM _SIMCOE_,SO2,2008-02-27T00:00,0.530,µg/m³,SPEC,N/A
62601,EXPERIMENTAL FARM _SIMCOE_,SO2,2008-03-04T00:00,0.317,µg/m³,SPEC,N/A
62601,EXPERIMENTAL FARM _SIMCOE_,SO2,2008-03-07T00:00,1.056,µg/m³,SPEC,N/A
62601,EXPERIMENTAL FARM _SIMCOE_,SO2,2008-03-16T00:00,2.465,µg/m³,SPEC,N/A
62601,EXPERIMENTAL FARM _SIMCOE_,SO2,2008-03-19T00:00,0.203,µg/m³,SPEC,N/A
62601,EXPERIMENTAL FARM _SIMCOE_,SO2,2008-03-22T00:00,1.316,µg/m³,SPEC,N/A
62601,EXPERIMENTAL FARM _SIMCOE_,SO2,2008-03-25T00:00,2.088,µg/m³,SPEC,N/A
62601,EXPERIMENTAL FARM _SIMCOE_,SO2,2008-06-26T00:00,0.694,µg/m³,SPEC,N/A
62601,EXPERIMENTAL FARM _SIMCOE_,SO2,2008-06-29T00:00,0.588,µg/m³,SPEC,N/A
62601,EXPERIMENTAL FARM _SIMCOE_,SO2,2008-07-05T00:00,1.435,µg/m³,SPEC,N/A
62601,EXPERIMENTAL FARM _SIMCOE_,SO2,2008-07-08T00:00,2.324,µg/m³,SPEC,N/A
62601,EXPERIMENTAL FARM _SIMCOE_,SO2,2008-07-11T00:00,1.323,µg/m³,SPEC,N/A
62601,EXPERIMENTAL FARM _SIMCOE_,SO2,2008-07-14T00:00,1.309,µg/m³,SPEC,N/A
62601,EXPERIMENTAL FARM _SIMCOE_,SO2,2008-07-20T00:00,0.478,µg/m³,SPEC,N/A
62601,EXPERIMENTAL FARM _SIMCOE_,SO2,2008-07-23T00:00,0.299,µg/m³,SPEC,N/A
62601,EXPERIMENTAL FARM _SIMCOE_,SO2,2008-07-29T00:00,1.224,µg/m³,SPEC,N/A
62601,EXPERIMENTAL FARM _SIMCOE_,SO2,2008-08-04T00:00,0.222,µg/m³,SPEC,N/A
62601,EXPERIMENTAL FARM _SIMCOE_,SO2,2008-08-07T00:00,0.047,µg/m³,SPEC,N/A
62601,EXPERIMENTAL FARM _SIMCOE_,SO2,2008-08-10T00:00,0.162,µg/m³,SPEC,N/A
62601,EXPERIMENTAL FARM _SIMCOE_,SO2,2008-08-16T00:00,0.233,µg/m³,SPEC,N/A
62601,EXPERIMENTAL FARM _SIMCOE_,SO2,2008-08-22T00:00,2.318,µg/m³,SPEC,N/A
62601,EXPERIMENTAL FARM _SIMCOE_,SO2,2008-08-25T00:00,0.398,µg/m³,SPEC,N/A
62601,EXPERIMENTAL FARM _SIMCOE_,SO2,2008-08-28T00:00,0.285,µg/m³,SPEC,N/A
62601,EXPERIMENTAL FARM _SIMCOE_,SO2,2008-08-31T00:00,0.612,µg/m³,SPEC,N/A
62601,EXPERIMENTAL FARM _SIMCOE_,SO2,2008-09-12T00:00,0.598,µg/m³,SPEC,N/A
62601,EXPERIMENTAL FARM _SIMCOE_,SO2,2008-09-15T00:00,0.052,µg/m³,SPEC,N/A
62601,EXPERIMENTAL FARM _SIMCOE_,SO2,2008-09-21T00:00,0.525,µg/m³,SPEC,N/A
62601,EXPERIMENTAL FARM _SIMCOE_,SO2,2008-09-24T00:00,1.960,µg/m³,SPEC,N/A
62601,EXPERIMENTAL FARM _SIMCOE_,SO2,2008-09-27T00:00,0.439,µg/m³,SPEC,N/A
62601,EXPERIMENTAL FARM _SIMCOE_,SO2,2008-10-03T00:00,0.055,µg/m³,SPEC,N/A
62601,EXPERIMENTAL FARM _SIMCOE_,SO2,2008-10-09T00:00,1.109,µg/m³,SPEC,N/A
62601,EXPERIMENTAL FARM _SIMCOE_,SO2,2008-10-12T00:00,3.331,µg/m³,SPEC,N/A
62601,EXPERIMENTAL FARM _SIMCOE_,SO2,2008-10-15T00:00,1.173,µg/m³,SPEC,N/A
62601,EXPERIMENTAL FARM _SIMCOE_,SO2,2008-10-27T00:00,0.386,µg/m³,SPEC,N/A
62601,EXPERIMENTAL FARM _SIMCOE_,SO2,2008-11-02T00:00,1.093,µg/m³,SPEC,N/A
62601,EXPERIMENTAL FARM _SIMCOE_,SO2,2008-11-05T00:00,4.019,µg/m³,SPEC,N/A
62601,EXPERIMENTAL FARM _SIMCOE_,SO2,2008-11-08T00:00,0.765,µg/m³,SPEC,N/A
62601,EXPERIMENTAL FARM _SIMCOE_,SO2,2008-11-14T00:00,1.765,µg/m³,SPEC,N/A
62601,EXPERIMENTAL FARM _SIMCOE_,SO2,2008-12-08T00:00,7.897,µg/m³,SPEC,N/A
62601,EXPERIMENTAL FARM _SIMCOE_,SO2,2008-12-14T00:00,4.360,µg/m³,SPEC,N/A
62601,EXPERIMENTAL FARM _SIMCOE_,SO2,2008-12-17T00:00,1.705,µg/m³,SPEC,N/A
62601,EXPERIMENTAL FARM _SIMCOE_,SO2,2008-12-26T00:00,3.548,µg/m³,SPEC,N/A
