﻿NAPS_Site_ID,Station_Name,Pollutant,Date,Value,Units,Report_Type,Method
100119,BURNABY SOUTH,D-Limonene,2004-01-01T00:00,0.054,µg/m³,VOC,N/A
100119,BURNABY SOUTH,D-Limonene,2004-01-04T00:00,0.008,µg/m³,VOC,N/A
100119,BURNABY SOUTH,D-Limonene,2004-01-07T00:00,0.103,µg/m³,VOC,N/A
100119,BURNABY SOUTH,D-Limonene,2004-01-10T00:00,0.176,µg/m³,VOC,N/A
100119,BURNABY SOUTH,D-Limonene,2004-01-13T00:00,0.292,µg/m³,VOC,N/A
100119,BURNABY SOUTH,D-Limonene,2004-01-16T00:00,0.384,µg/m³,VOC,N/A
100119,BURNABY SOUTH,D-Limonene,2004-01-19T00:00,0.302,µg/m³,VOC,N/A
100119,BURNABY SOUTH,D-Limonene,2004-01-22T00:00,0.266,µg/m³,VOC,N/A
100119,BURNABY SOUTH,D-Limonene,2004-01-25T00:00,0.115,µg/m³,VOC,N/A
100119,BURNABY SOUTH,D-Limonene,2004-01-28T00:00,0.108,µg/m³,VOC,N/A
100119,BURNABY SOUTH,D-Limonene,2004-01-31T00:00,0.098,µg/m³,VOC,N/A
100119,BURNABY SOUTH,D-Limonene,2004-02-03T00:00,0.293,µg/m³,VOC,N/A
100119,BURNABY SOUTH,D-Limonene,2004-02-06T00:00,0.071,µg/m³,VOC,N/A
100119,BURNABY SOUTH,D-Limonene,2004-02-09T00:00,0.265,µg/m³,VOC,N/A
100119,BURNABY SOUTH,D-Limonene,2004-02-12T00:00,0.361,µg/m³,VOC,N/A
100119,BURNABY SOUTH,D-Limonene,2004-02-15T00:00,0.050,µg/m³,VOC,N/A
100119,BURNABY SOUTH,D-Limonene,2004-02-18T00:00,0.086,µg/m³,VOC,N/A
100119,BURNABY SOUTH,D-Limonene,2004-02-21T00:00,0.229,µg/m³,VOC,N/A
100119,BURNABY SOUTH,D-Limonene,2004-02-24T00:00,0.062,µg/m³,VOC,N/A
100119,BURNABY SOUTH,D-Limonene,2004-02-27T00:00,0.131,µg/m³,VOC,N/A
100119,BURNABY SOUTH,D-Limonene,2004-03-01T00:00,0.150,µg/m³,VOC,N/A
100119,BURNABY SOUTH,D-Limonene,2004-03-04T00:00,0.097,µg/m³,VOC,N/A
100119,BURNABY SOUTH,D-Limonene,2004-03-07T00:00,0.097,µg/m³,VOC,N/A
100119,BURNABY SOUTH,D-Limonene,2004-03-10T00:00,0.195,µg/m³,VOC,N/A
100119,BURNABY SOUTH,D-Limonene,2004-03-13T00:00,0.072,µg/m³,VOC,N/A
100119,BURNABY SOUTH,D-Limonene,2004-03-16T00:00,0.126,µg/m³,VOC,N/A
100119,BURNABY SOUTH,D-Limonene,2004-03-19T00:00,0.035,µg/m³,VOC,N/A
100119,BURNABY SOUTH,D-Limonene,2004-03-22T00:00,0.178,µg/m³,VOC,N/A
100119,BURNABY SOUTH,D-Limonene,2004-03-25T00:00,0.193,µg/m³,VOC,N/A
100119,BURNABY SOUTH,D-Limonene,2004-03-28T00:00,0.093,µg/m³,VOC,N/A
100119,BURNABY SOUTH,D-Limonene,2004-03-31T00:00,0.199,µg/m³,VOC,N/A
100119,BURNABY SOUTH,D-Limonene,2004-04-03T00:00,0.108,µg/m³,VOC,N/A
100119,BURNABY SOUTH,D-Limonene,2004-04-06T00:00,0.170,µg/m³,VOC,N/A
100119,BURNABY SOUTH,D-Limonene,2004-04-09T00:00,0.093,µg/m³,VOC,N/A
100119,BURNABY SOUTH,D-Limonene,2004-04-12T00:00,0.046,µg/m³,VOC,N/A
100119,BURNABY SOUTH,D-Limonene,2004-04-15T00:00,0.097,µg/m³,VOC,N/A
100119,BURNABY SOUTH,D-Limonene,2004-04-18T00:00,0.042,µg/m³,VOC,N/A
100119,BURNABY SOUTH,D-Limonene,2004-04-21T00:00,0.072,µg/m³,VOC,N/A
100119,BURNABY SOUTH,D-Limonene,2004-04-24T00:00,0.027,µg/m³,VOC,N/A
100119,BURNABY SOUTH,D-Limonene,2004-04-27T00:00,0.068,µg/m³,VOC,N/A
100119,BURNABY SOUTH,D-Limonene,2004-04-30T00:00,0.103,µg/m³,VOC,N/A
100119,BURNABY SOUTH,D-Limonene,2004-05-03T00:00,0.070,µg/m³,VOC,N/A
100119,BURNABY SOUTH,D-Limonene,2004-05-06T00:00,0.073,µg/m³,VOC,N/A
100119,BURNABY SOUTH,D-Limonene,2004-05-09T00:00,0.033,µg/m³,VOC,N/A
100119,BURNABY SOUTH,D-Limonene,2004-05-12T00:00,0.093,µg/m³,VOC,N/A
100119,BURNABY SOUTH,D-Limonene,2004-05-15T00:00,0.037,µg/m³,VOC,N/A
100119,BURNABY SOUTH,D-Limonene,2004-05-18T00:00,0.202,µg/m³,VOC,N/A
100119,BURNABY SOUTH,D-Limonene,2004-05-21T00:00,0.080,µg/m³,VOC,N/A
100119,BURNABY SOUTH,D-Limonene,2004-05-24T00:00,0.068,µg/m³,VOC,N/A
100119,BURNABY SOUTH,D-Limonene,2004-05-27T00:00,0.098,µg/m³,VOC,N/A
100119,BURNABY SOUTH,D-Limonene,2004-05-30T00:00,0.048,µg/m³,VOC,N/A
100119,BURNABY SOUTH,D-Limonene,2004-06-02T00:00,0.110,µg/m³,VOC,N/A
100119,BURNABY SOUTH,D-Limonene,2004-06-05T00:00,0.058,µg/m³,VOC,N/A
100119,BURNABY SOUTH,D-Limonene,2004-06-08T00:00,0.255,µg/m³,VOC,N/A
100119,BURNABY SOUTH,D-Limonene,2004-06-11T00:00,0.091,µg/m³,VOC,N/A
100119,BURNABY SOUTH,D-Limonene,2004-06-14T00:00,0.193,µg/m³,VOC,N/A
100119,BURNABY SOUTH,D-Limonene,2004-06-17T00:00,0.194,µg/m³,VOC,N/A
100119,BURNABY SOUTH,D-Limonene,2004-06-20T00:00,0.023,µg/m³,VOC,N/A
100119,BURNABY SOUTH,D-Limonene,2004-06-23T00:00,0.044,µg/m³,VOC,N/A
100119,BURNABY SOUTH,D-Limonene,2004-06-26T00:00,0.043,µg/m³,VOC,N/A
100119,BURNABY SOUTH,D-Limonene,2004-06-29T00:00,0.095,µg/m³,VOC,N/A
100119,BURNABY SOUTH,D-Limonene,2004-07-02T00:00,0.081,µg/m³,VOC,N/A
100119,BURNABY SOUTH,D-Limonene,2004-07-05T00:00,0.064,µg/m³,VOC,N/A
100119,BURNABY SOUTH,D-Limonene,2004-07-08T00:00,0.052,µg/m³,VOC,N/A
100119,BURNABY SOUTH,D-Limonene,2004-07-11T00:00,0.041,µg/m³,VOC,N/A
100119,BURNABY SOUTH,D-Limonene,2004-07-14T00:00,0.104,µg/m³,VOC,N/A
100119,BURNABY SOUTH,D-Limonene,2004-07-20T00:00,0.060,µg/m³,VOC,N/A
100119,BURNABY SOUTH,D-Limonene,2004-07-23T00:00,0.291,µg/m³,VOC,N/A
100119,BURNABY SOUTH,D-Limonene,2004-07-26T00:00,0.137,µg/m³,VOC,N/A
100119,BURNABY SOUTH,D-Limonene,2004-07-29T00:00,0.099,µg/m³,VOC,N/A
100119,BURNABY SOUTH,D-Limonene,2004-08-01T00:00,0.134,µg/m³,VOC,N/A
100119,BURNABY SOUTH,D-Limonene,2004-08-04T00:00,0.094,µg/m³,VOC,N/A
100119,BURNABY SOUTH,D-Limonene,2004-08-07T00:00,0.050,µg/m³,VOC,N/A
100119,BURNABY SOUTH,D-Limonene,2004-08-10T00:00,0.051,µg/m³,VOC,N/A
100119,BURNABY SOUTH,D-Limonene,2004-08-13T00:00,0.145,µg/m³,VOC,N/A
100119,BURNABY SOUTH,D-Limonene,2004-08-16T00:00,0.031,µg/m³,VOC,N/A
100119,BURNABY SOUTH,D-Limonene,2004-08-19T00:00,0.148,µg/m³,VOC,N/A
100119,BURNABY SOUTH,D-Limonene,2004-08-22T00:00,0.059,µg/m³,VOC,N/A
100119,BURNABY SOUTH,D-Limonene,2004-08-25T00:00,0.095,µg/m³,VOC,N/A
100119,BURNABY SOUTH,D-Limonene,2004-08-28T00:00,0.089,µg/m³,VOC,N/A
100119,BURNABY SOUTH,D-Limonene,2004-08-31T00:00,0.091,µg/m³,VOC,N/A
100119,BURNABY SOUTH,D-Limonene,2004-09-03T00:00,0.075,µg/m³,VOC,N/A
100119,BURNABY SOUTH,D-Limonene,2004-09-06T00:00,0.069,µg/m³,VOC,N/A
100119,BURNABY SOUTH,D-Limonene,2004-09-15T00:00,0.112,µg/m³,VOC,N/A
100119,BURNABY SOUTH,D-Limonene,2004-09-18T00:00,0.103,µg/m³,VOC,N/A
100119,BURNABY SOUTH,D-Limonene,2004-09-21T00:00,0.192,µg/m³,VOC,N/A
100119,BURNABY SOUTH,D-Limonene,2004-09-24T00:00,0.479,µg/m³,VOC,N/A
100119,BURNABY SOUTH,D-Limonene,2004-09-27T00:00,0.683,µg/m³,VOC,N/A
100119,BURNABY SOUTH,D-Limonene,2004-09-30T00:00,0.549,µg/m³,VOC,N/A
100119,BURNABY SOUTH,D-Limonene,2004-10-03T00:00,0.190,µg/m³,VOC,N/A
100119,BURNABY SOUTH,D-Limonene,2004-10-06T00:00,0.252,µg/m³,VOC,N/A
100119,BURNABY SOUTH,D-Limonene,2004-10-09T00:00,0.145,µg/m³,VOC,N/A
100119,BURNABY SOUTH,D-Limonene,2004-10-12T00:00,0.633,µg/m³,VOC,N/A
100119,BURNABY SOUTH,D-Limonene,2004-10-15T00:00,0.435,µg/m³,VOC,N/A
100119,BURNABY SOUTH,D-Limonene,2004-10-18T00:00,0.193,µg/m³,VOC,N/A
100119,BURNABY SOUTH,D-Limonene,2004-10-21T00:00,0.319,µg/m³,VOC,N/A
100119,BURNABY SOUTH,D-Limonene,2004-10-24T00:00,0.242,µg/m³,VOC,N/A
100119,BURNABY SOUTH,D-Limonene,2004-10-27T00:00,0.512,µg/m³,VOC,N/A
100119,BURNABY SOUTH,D-Limonene,2004-10-30T00:00,0.070,µg/m³,VOC,N/A
100119,BURNABY SOUTH,D-Limonene,2004-11-02T00:00,0.381,µg/m³,VOC,N/A
100119,BURNABY SOUTH,D-Limonene,2004-11-05T00:00,0.189,µg/m³,VOC,N/A
100119,BURNABY SOUTH,D-Limonene,2004-11-08T00:00,0.250,µg/m³,VOC,N/A
100119,BURNABY SOUTH,D-Limonene,2004-11-11T00:00,0.747,µg/m³,VOC,N/A
100119,BURNABY SOUTH,D-Limonene,2004-11-14T00:00,0.102,µg/m³,VOC,N/A
100119,BURNABY SOUTH,D-Limonene,2004-11-17T00:00,0.227,µg/m³,VOC,N/A
100119,BURNABY SOUTH,D-Limonene,2004-11-20T00:00,0.384,µg/m³,VOC,N/A
100119,BURNABY SOUTH,D-Limonene,2004-11-26T00:00,0.190,µg/m³,VOC,N/A
100119,BURNABY SOUTH,D-Limonene,2004-11-29T00:00,0.161,µg/m³,VOC,N/A
100119,BURNABY SOUTH,D-Limonene,2004-12-02T00:00,0.311,µg/m³,VOC,N/A
100119,BURNABY SOUTH,D-Limonene,2004-12-05T00:00,0.104,µg/m³,VOC,N/A
100119,BURNABY SOUTH,D-Limonene,2004-12-08T00:00,0.076,µg/m³,VOC,N/A
100119,BURNABY SOUTH,D-Limonene,2004-12-11T00:00,0.093,µg/m³,VOC,N/A
100119,BURNABY SOUTH,D-Limonene,2004-12-14T00:00,0.158,µg/m³,VOC,N/A
100119,BURNABY SOUTH,D-Limonene,2004-12-17T00:00,1.110,µg/m³,VOC,N/A
100119,BURNABY SOUTH,D-Limonene,2004-12-20T00:00,0.355,µg/m³,VOC,N/A
100119,BURNABY SOUTH,D-Limonene,2004-12-23T00:00,0.418,µg/m³,VOC,N/A
100119,BURNABY SOUTH,D-Limonene,2004-12-26T00:00,0.068,µg/m³,VOC,N/A
100119,BURNABY SOUTH,D-Limonene,2004-12-29T00:00,0.363,µg/m³,VOC,N/A
