﻿NAPS_Site_ID,Station_Name,Pollutant,Date,Value,Units,Report_Type,Method
80110,REGINA-2505 11TH. AVENUE,3-Ethyltoluene,2002-01-02T00:00,0.290,µg/m³,VOC,N/A
80110,REGINA-2505 11TH. AVENUE,3-Ethyltoluene,2002-01-08T00:00,0.390,µg/m³,VOC,N/A
80110,REGINA-2505 11TH. AVENUE,3-Ethyltoluene,2002-01-14T00:00,0.350,µg/m³,VOC,N/A
80110,REGINA-2505 11TH. AVENUE,3-Ethyltoluene,2002-01-20T00:00,0.250,µg/m³,VOC,N/A
80110,REGINA-2505 11TH. AVENUE,3-Ethyltoluene,2002-01-26T00:00,0.150,µg/m³,VOC,N/A
80110,REGINA-2505 11TH. AVENUE,3-Ethyltoluene,2002-02-01T00:00,0.390,µg/m³,VOC,N/A
80110,REGINA-2505 11TH. AVENUE,3-Ethyltoluene,2002-02-07T00:00,0.530,µg/m³,VOC,N/A
80110,REGINA-2505 11TH. AVENUE,3-Ethyltoluene,2002-02-13T00:00,0.380,µg/m³,VOC,N/A
80110,REGINA-2505 11TH. AVENUE,3-Ethyltoluene,2002-02-19T00:00,0.370,µg/m³,VOC,N/A
80110,REGINA-2505 11TH. AVENUE,3-Ethyltoluene,2002-02-25T00:00,0.300,µg/m³,VOC,N/A
80110,REGINA-2505 11TH. AVENUE,3-Ethyltoluene,2002-03-03T00:00,0.230,µg/m³,VOC,N/A
80110,REGINA-2505 11TH. AVENUE,3-Ethyltoluene,2002-03-09T00:00,0.270,µg/m³,VOC,N/A
80110,REGINA-2505 11TH. AVENUE,3-Ethyltoluene,2002-03-15T00:00,0.660,µg/m³,VOC,N/A
80110,REGINA-2505 11TH. AVENUE,3-Ethyltoluene,2002-03-21T00:00,0.130,µg/m³,VOC,N/A
80110,REGINA-2505 11TH. AVENUE,3-Ethyltoluene,2002-03-27T00:00,0.390,µg/m³,VOC,N/A
80110,REGINA-2505 11TH. AVENUE,3-Ethyltoluene,2002-04-02T00:00,0.540,µg/m³,VOC,N/A
80110,REGINA-2505 11TH. AVENUE,3-Ethyltoluene,2002-04-08T00:00,0.236,µg/m³,VOC,N/A
80110,REGINA-2505 11TH. AVENUE,3-Ethyltoluene,2002-04-14T00:00,0.243,µg/m³,VOC,N/A
80110,REGINA-2505 11TH. AVENUE,3-Ethyltoluene,2002-04-20T00:00,0.136,µg/m³,VOC,N/A
80110,REGINA-2505 11TH. AVENUE,3-Ethyltoluene,2002-04-26T00:00,0.199,µg/m³,VOC,N/A
80110,REGINA-2505 11TH. AVENUE,3-Ethyltoluene,2002-05-02T00:00,0.114,µg/m³,VOC,N/A
80110,REGINA-2505 11TH. AVENUE,3-Ethyltoluene,2002-05-08T00:00,0.288,µg/m³,VOC,N/A
80110,REGINA-2505 11TH. AVENUE,3-Ethyltoluene,2002-05-14T00:00,0.215,µg/m³,VOC,N/A
80110,REGINA-2505 11TH. AVENUE,3-Ethyltoluene,2002-05-20T00:00,0.039,µg/m³,VOC,N/A
80110,REGINA-2505 11TH. AVENUE,3-Ethyltoluene,2002-05-26T00:00,0.235,µg/m³,VOC,N/A
80110,REGINA-2505 11TH. AVENUE,3-Ethyltoluene,2002-06-01T00:00,0.264,µg/m³,VOC,N/A
80110,REGINA-2505 11TH. AVENUE,3-Ethyltoluene,2002-06-07T00:00,0.451,µg/m³,VOC,N/A
80110,REGINA-2505 11TH. AVENUE,3-Ethyltoluene,2002-06-13T00:00,0.481,µg/m³,VOC,N/A
80110,REGINA-2505 11TH. AVENUE,3-Ethyltoluene,2002-06-19T00:00,0.311,µg/m³,VOC,N/A
80110,REGINA-2505 11TH. AVENUE,3-Ethyltoluene,2002-07-01T00:00,0.115,µg/m³,VOC,N/A
80110,REGINA-2505 11TH. AVENUE,3-Ethyltoluene,2002-07-07T00:00,0.104,µg/m³,VOC,N/A
80110,REGINA-2505 11TH. AVENUE,3-Ethyltoluene,2002-07-13T00:00,0.105,µg/m³,VOC,N/A
80110,REGINA-2505 11TH. AVENUE,3-Ethyltoluene,2002-07-19T00:00,0.266,µg/m³,VOC,N/A
80110,REGINA-2505 11TH. AVENUE,3-Ethyltoluene,2002-07-25T00:00,0.351,µg/m³,VOC,N/A
80110,REGINA-2505 11TH. AVENUE,3-Ethyltoluene,2002-07-31T00:00,0.396,µg/m³,VOC,N/A
80110,REGINA-2505 11TH. AVENUE,3-Ethyltoluene,2002-08-06T00:00,0.148,µg/m³,VOC,N/A
80110,REGINA-2505 11TH. AVENUE,3-Ethyltoluene,2002-08-12T00:00,0.236,µg/m³,VOC,N/A
80110,REGINA-2505 11TH. AVENUE,3-Ethyltoluene,2002-08-18T00:00,0.191,µg/m³,VOC,N/A
80110,REGINA-2505 11TH. AVENUE,3-Ethyltoluene,2002-08-24T00:00,0.304,µg/m³,VOC,N/A
80110,REGINA-2505 11TH. AVENUE,3-Ethyltoluene,2002-08-30T00:00,0.223,µg/m³,VOC,N/A
80110,REGINA-2505 11TH. AVENUE,3-Ethyltoluene,2002-09-05T00:00,0.176,µg/m³,VOC,N/A
80110,REGINA-2505 11TH. AVENUE,3-Ethyltoluene,2002-09-11T00:00,0.291,µg/m³,VOC,N/A
80110,REGINA-2505 11TH. AVENUE,3-Ethyltoluene,2002-09-17T00:00,0.349,µg/m³,VOC,N/A
80110,REGINA-2505 11TH. AVENUE,3-Ethyltoluene,2002-09-23T00:00,0.243,µg/m³,VOC,N/A
80110,REGINA-2505 11TH. AVENUE,3-Ethyltoluene,2002-09-29T00:00,0.606,µg/m³,VOC,N/A
80110,REGINA-2505 11TH. AVENUE,3-Ethyltoluene,2002-10-05T00:00,0.225,µg/m³,VOC,N/A
80110,REGINA-2505 11TH. AVENUE,3-Ethyltoluene,2002-10-11T00:00,0.257,µg/m³,VOC,N/A
80110,REGINA-2505 11TH. AVENUE,3-Ethyltoluene,2002-10-17T00:00,0.235,µg/m³,VOC,N/A
80110,REGINA-2505 11TH. AVENUE,3-Ethyltoluene,2002-10-23T00:00,0.197,µg/m³,VOC,N/A
80110,REGINA-2505 11TH. AVENUE,3-Ethyltoluene,2002-10-29T00:00,0.627,µg/m³,VOC,N/A
80110,REGINA-2505 11TH. AVENUE,3-Ethyltoluene,2002-11-04T00:00,0.561,µg/m³,VOC,N/A
80110,REGINA-2505 11TH. AVENUE,3-Ethyltoluene,2002-11-10T00:00,0.192,µg/m³,VOC,N/A
80110,REGINA-2505 11TH. AVENUE,3-Ethyltoluene,2002-11-16T00:00,0.055,µg/m³,VOC,N/A
80110,REGINA-2505 11TH. AVENUE,3-Ethyltoluene,2002-11-28T00:00,0.151,µg/m³,VOC,N/A
80110,REGINA-2505 11TH. AVENUE,3-Ethyltoluene,2002-12-04T00:00,0.197,µg/m³,VOC,N/A
80110,REGINA-2505 11TH. AVENUE,3-Ethyltoluene,2002-12-10T00:00,0.195,µg/m³,VOC,N/A
80110,REGINA-2505 11TH. AVENUE,3-Ethyltoluene,2002-12-16T00:00,0.088,µg/m³,VOC,N/A
80110,REGINA-2505 11TH. AVENUE,3-Ethyltoluene,2002-12-22T00:00,0.120,µg/m³,VOC,N/A
80110,REGINA-2505 11TH. AVENUE,3-Ethyltoluene,2002-12-28T00:00,0.497,µg/m³,VOC,N/A
