﻿NAPS_Site_ID,Station_Name,Pollutant,Date,Value,Units,Report_Type,Method
129401,ALERT,1-Butene/Isobutene,2005-01-01T00:00,0.011,µg/m³,VOC,N/A
129401,ALERT,1-Butene/Isobutene,2005-01-05T00:00,0.022,µg/m³,VOC,N/A
129401,ALERT,1-Butene/Isobutene,2005-01-12T00:00,0.009,µg/m³,VOC,N/A
129401,ALERT,1-Butene/Isobutene,2005-01-19T00:00,0.011,µg/m³,VOC,N/A
129401,ALERT,1-Butene/Isobutene,2005-01-26T00:00,0.000,µg/m³,VOC,N/A
129401,ALERT,1-Butene/Isobutene,2005-02-02T00:00,0.015,µg/m³,VOC,N/A
129401,ALERT,1-Butene/Isobutene,2005-02-09T00:00,0.014,µg/m³,VOC,N/A
129401,ALERT,1-Butene/Isobutene,2005-02-12T00:00,0.022,µg/m³,VOC,N/A
129401,ALERT,1-Butene/Isobutene,2005-02-16T00:00,0.015,µg/m³,VOC,N/A
129401,ALERT,1-Butene/Isobutene,2005-02-23T00:00,0.012,µg/m³,VOC,N/A
129401,ALERT,1-Butene/Isobutene,2005-03-02T00:00,0.013,µg/m³,VOC,N/A
129401,ALERT,1-Butene/Isobutene,2005-03-11T00:00,0.011,µg/m³,VOC,N/A
129401,ALERT,1-Butene/Isobutene,2005-03-17T00:00,0.010,µg/m³,VOC,N/A
129401,ALERT,1-Butene/Isobutene,2005-03-23T00:00,0.017,µg/m³,VOC,N/A
129401,ALERT,1-Butene/Isobutene,2005-03-30T00:00,0.213,µg/m³,VOC,N/A
129401,ALERT,1-Butene/Isobutene,2005-04-06T00:00,0.009,µg/m³,VOC,N/A
129401,ALERT,1-Butene/Isobutene,2005-04-13T00:00,0.007,µg/m³,VOC,N/A
129401,ALERT,1-Butene/Isobutene,2005-04-20T00:00,0.006,µg/m³,VOC,N/A
129401,ALERT,1-Butene/Isobutene,2005-04-27T00:00,0.006,µg/m³,VOC,N/A
129401,ALERT,1-Butene/Isobutene,2005-05-05T00:00,0.007,µg/m³,VOC,N/A
129401,ALERT,1-Butene/Isobutene,2005-05-11T00:00,0.010,µg/m³,VOC,N/A
129401,ALERT,1-Butene/Isobutene,2005-05-18T00:00,0.014,µg/m³,VOC,N/A
129401,ALERT,1-Butene/Isobutene,2005-05-25T00:00,0.009,µg/m³,VOC,N/A
129401,ALERT,1-Butene/Isobutene,2005-06-02T00:00,0.013,µg/m³,VOC,N/A
129401,ALERT,1-Butene/Isobutene,2005-06-08T00:00,0.010,µg/m³,VOC,N/A
129401,ALERT,1-Butene/Isobutene,2005-06-15T00:00,0.011,µg/m³,VOC,N/A
129401,ALERT,1-Butene/Isobutene,2005-06-22T00:00,0.010,µg/m³,VOC,N/A
129401,ALERT,1-Butene/Isobutene,2005-06-29T00:00,0.012,µg/m³,VOC,N/A
129401,ALERT,1-Butene/Isobutene,2005-07-06T00:00,0.009,µg/m³,VOC,N/A
129401,ALERT,1-Butene/Isobutene,2005-07-13T00:00,0.017,µg/m³,VOC,N/A
129401,ALERT,1-Butene/Isobutene,2005-07-20T00:00,0.016,µg/m³,VOC,N/A
129401,ALERT,1-Butene/Isobutene,2005-07-27T00:00,0.011,µg/m³,VOC,N/A
129401,ALERT,1-Butene/Isobutene,2005-08-03T00:00,0.012,µg/m³,VOC,N/A
129401,ALERT,1-Butene/Isobutene,2005-08-10T00:00,0.026,µg/m³,VOC,N/A
129401,ALERT,1-Butene/Isobutene,2005-08-17T00:00,0.016,µg/m³,VOC,N/A
129401,ALERT,1-Butene/Isobutene,2005-08-24T00:00,0.017,µg/m³,VOC,N/A
129401,ALERT,1-Butene/Isobutene,2005-08-31T00:00,0.016,µg/m³,VOC,N/A
129401,ALERT,1-Butene/Isobutene,2005-09-07T00:00,0.325,µg/m³,VOC,N/A
129401,ALERT,1-Butene/Isobutene,2005-09-15T00:00,0.011,µg/m³,VOC,N/A
129401,ALERT,1-Butene/Isobutene,2005-09-23T00:00,0.012,µg/m³,VOC,N/A
129401,ALERT,1-Butene/Isobutene,2005-09-28T00:00,0.017,µg/m³,VOC,N/A
129401,ALERT,1-Butene/Isobutene,2005-10-06T00:00,0.007,µg/m³,VOC,N/A
129401,ALERT,1-Butene/Isobutene,2005-10-12T00:00,0.014,µg/m³,VOC,N/A
129401,ALERT,1-Butene/Isobutene,2005-10-19T00:00,0.007,µg/m³,VOC,N/A
129401,ALERT,1-Butene/Isobutene,2005-10-28T00:00,0.009,µg/m³,VOC,N/A
129401,ALERT,1-Butene/Isobutene,2005-11-09T00:00,0.005,µg/m³,VOC,N/A
129401,ALERT,1-Butene/Isobutene,2005-11-16T00:00,0.006,µg/m³,VOC,N/A
129401,ALERT,1-Butene/Isobutene,2005-11-23T00:00,0.007,µg/m³,VOC,N/A
129401,ALERT,1-Butene/Isobutene,2005-11-30T00:00,0.008,µg/m³,VOC,N/A
129401,ALERT,1-Butene/Isobutene,2005-12-08T00:00,0.009,µg/m³,VOC,N/A
129401,ALERT,1-Butene/Isobutene,2005-12-16T00:00,0.011,µg/m³,VOC,N/A
129401,ALERT,1-Butene/Isobutene,2005-12-21T00:00,0.009,µg/m³,VOC,N/A
129401,ALERT,1-Butene/Isobutene,2005-12-28T00:00,0.012,µg/m³,VOC,N/A
