﻿NAPS_Site_ID,Station_Name,Pollutant,Date,Value,Units,Report_Type,Method
10102,WATER STREET POST OFFICE,"1,2,3-Trimethylbenzene",2022-10-26T00:00,0.042,µg/m³,VOC,GC-MS
10102,WATER STREET POST OFFICE,"1,2,3-Trimethylbenzene",2022-11-01T00:00,0.056,µg/m³,VOC,GC-MS
10102,WATER STREET POST OFFICE,"1,2,3-Trimethylbenzene",2022-11-07T00:00,0.010,µg/m³,VOC,GC-MS
10102,WATER STREET POST OFFICE,"1,2,3-Trimethylbenzene",2022-11-13T00:00,0.020,µg/m³,VOC,GC-MS
10102,WATER STREET POST OFFICE,"1,2,3-Trimethylbenzene",2022-11-19T00:00,0.020,µg/m³,VOC,GC-MS
10102,WATER STREET POST OFFICE,"1,2,3-Trimethylbenzene",2022-11-25T00:00,0.026,µg/m³,VOC,GC-MS
10102,WATER STREET POST OFFICE,"1,2,3-Trimethylbenzene",2022-12-01T00:00,0.028,µg/m³,VOC,GC-MS
10102,WATER STREET POST OFFICE,"1,2,3-Trimethylbenzene",2022-12-07T00:00,0.020,µg/m³,VOC,GC-MS
10102,WATER STREET POST OFFICE,"1,2,3-Trimethylbenzene",2022-12-13T00:00,0.018,µg/m³,VOC,GC-MS
10102,WATER STREET POST OFFICE,"1,2,3-Trimethylbenzene",2022-12-19T00:00,0.012,µg/m³,VOC,GC-MS
10102,WATER STREET POST OFFICE,"1,2,3-Trimethylbenzene",2022-12-25T00:00,0.014,µg/m³,VOC,GC-MS
