﻿NAPS_Site_ID,Station_Name,Pollutant,Date,Value,Units,Report_Type,Method
80211,SASKATOON-CORMAN PARK,Aluminum,2006-01-05T00:00,0.016,µg/m³,DICHOT,EDXRF
80211,SASKATOON-CORMAN PARK,Aluminum,2006-01-05T00:00,0.068,µg/m³,DICHOT,EDXRF
80211,SASKATOON-CORMAN PARK,Aluminum,2006-01-11T00:00,0.009,µg/m³,DICHOT,EDXRF
80211,SASKATOON-CORMAN PARK,Aluminum,2006-01-11T00:00,0.023,µg/m³,DICHOT,EDXRF
80211,SASKATOON-CORMAN PARK,Aluminum,2006-01-23T00:00,0.007,µg/m³,DICHOT,EDXRF
80211,SASKATOON-CORMAN PARK,Aluminum,2006-01-23T00:00,0.013,µg/m³,DICHOT,EDXRF
80211,SASKATOON-CORMAN PARK,Aluminum,2006-02-04T00:00,0.012,µg/m³,DICHOT,EDXRF
80211,SASKATOON-CORMAN PARK,Aluminum,2006-02-04T00:00,0.025,µg/m³,DICHOT,EDXRF
80211,SASKATOON-CORMAN PARK,Aluminum,2006-02-10T00:00,0.023,µg/m³,DICHOT,EDXRF
80211,SASKATOON-CORMAN PARK,Aluminum,2006-02-10T00:00,0.117,µg/m³,DICHOT,EDXRF
80211,SASKATOON-CORMAN PARK,Aluminum,2006-03-18T00:00,0.051,µg/m³,DICHOT,EDXRF
80211,SASKATOON-CORMAN PARK,Aluminum,2006-03-18T00:00,0.109,µg/m³,DICHOT,EDXRF
80211,SASKATOON-CORMAN PARK,Aluminum,2006-03-24T00:00,0.045,µg/m³,DICHOT,EDXRF
80211,SASKATOON-CORMAN PARK,Aluminum,2006-03-24T00:00,0.281,µg/m³,DICHOT,EDXRF
80211,SASKATOON-CORMAN PARK,Aluminum,2006-04-05T00:00,0.047,µg/m³,DICHOT,EDXRF
80211,SASKATOON-CORMAN PARK,Aluminum,2006-04-05T00:00,0.279,µg/m³,DICHOT,EDXRF
80211,SASKATOON-CORMAN PARK,Aluminum,2006-04-11T00:00,0.034,µg/m³,DICHOT,EDXRF
80211,SASKATOON-CORMAN PARK,Aluminum,2006-04-11T00:00,0.163,µg/m³,DICHOT,EDXRF
80211,SASKATOON-CORMAN PARK,Aluminum,2006-04-17T00:00,0.054,µg/m³,DICHOT,EDXRF
80211,SASKATOON-CORMAN PARK,Aluminum,2006-04-17T00:00,0.251,µg/m³,DICHOT,EDXRF
80211,SASKATOON-CORMAN PARK,Aluminum,2006-04-23T00:00,0.027,µg/m³,DICHOT,EDXRF
80211,SASKATOON-CORMAN PARK,Aluminum,2006-04-23T00:00,0.130,µg/m³,DICHOT,EDXRF
80211,SASKATOON-CORMAN PARK,Aluminum,2006-04-29T00:00,0.238,µg/m³,DICHOT,EDXRF
80211,SASKATOON-CORMAN PARK,Aluminum,2006-04-29T00:00,0.734,µg/m³,DICHOT,EDXRF
80211,SASKATOON-CORMAN PARK,Aluminum,2006-05-05T00:00,0.136,µg/m³,DICHOT,EDXRF
80211,SASKATOON-CORMAN PARK,Aluminum,2006-05-05T00:00,0.409,µg/m³,DICHOT,EDXRF
80211,SASKATOON-CORMAN PARK,Aluminum,2006-05-11T00:00,0.116,µg/m³,DICHOT,EDXRF
80211,SASKATOON-CORMAN PARK,Aluminum,2006-05-11T00:00,0.679,µg/m³,DICHOT,EDXRF
80211,SASKATOON-CORMAN PARK,Aluminum,2006-05-17T00:00,0.191,µg/m³,DICHOT,EDXRF
80211,SASKATOON-CORMAN PARK,Aluminum,2006-05-17T00:00,1.093,µg/m³,DICHOT,EDXRF
80211,SASKATOON-CORMAN PARK,Aluminum,2006-05-23T00:00,0.100,µg/m³,DICHOT,EDXRF
80211,SASKATOON-CORMAN PARK,Aluminum,2006-05-23T00:00,0.688,µg/m³,DICHOT,EDXRF
80211,SASKATOON-CORMAN PARK,Aluminum,2006-05-29T00:00,0.006,µg/m³,DICHOT,EDXRF
80211,SASKATOON-CORMAN PARK,Aluminum,2006-05-29T00:00,0.012,µg/m³,DICHOT,EDXRF
80211,SASKATOON-CORMAN PARK,Aluminum,2006-06-04T00:00,0.054,µg/m³,DICHOT,EDXRF
80211,SASKATOON-CORMAN PARK,Aluminum,2006-06-04T00:00,0.370,µg/m³,DICHOT,EDXRF
80211,SASKATOON-CORMAN PARK,Aluminum,2006-06-10T00:00,0.009,µg/m³,DICHOT,EDXRF
80211,SASKATOON-CORMAN PARK,Aluminum,2006-06-10T00:00,0.036,µg/m³,DICHOT,EDXRF
80211,SASKATOON-CORMAN PARK,Aluminum,2006-06-16T00:00,0.022,µg/m³,DICHOT,EDXRF
80211,SASKATOON-CORMAN PARK,Aluminum,2006-06-16T00:00,0.222,µg/m³,DICHOT,EDXRF
80211,SASKATOON-CORMAN PARK,Aluminum,2006-06-22T00:00,0.058,µg/m³,DICHOT,EDXRF
80211,SASKATOON-CORMAN PARK,Aluminum,2006-06-22T00:00,0.448,µg/m³,DICHOT,EDXRF
80211,SASKATOON-CORMAN PARK,Aluminum,2006-06-28T00:00,0.139,µg/m³,DICHOT,EDXRF
80211,SASKATOON-CORMAN PARK,Aluminum,2006-06-28T00:00,1.107,µg/m³,DICHOT,EDXRF
80211,SASKATOON-CORMAN PARK,Aluminum,2006-07-04T00:00,0.103,µg/m³,DICHOT,EDXRF
80211,SASKATOON-CORMAN PARK,Aluminum,2006-07-04T00:00,0.780,µg/m³,DICHOT,EDXRF
80211,SASKATOON-CORMAN PARK,Aluminum,2006-07-10T00:00,0.155,µg/m³,DICHOT,EDXRF
80211,SASKATOON-CORMAN PARK,Aluminum,2006-07-10T00:00,0.917,µg/m³,DICHOT,EDXRF
80211,SASKATOON-CORMAN PARK,Aluminum,2006-07-16T00:00,0.034,µg/m³,DICHOT,EDXRF
80211,SASKATOON-CORMAN PARK,Aluminum,2006-07-16T00:00,0.160,µg/m³,DICHOT,EDXRF
80211,SASKATOON-CORMAN PARK,Aluminum,2006-07-22T00:00,0.067,µg/m³,DICHOT,EDXRF
80211,SASKATOON-CORMAN PARK,Aluminum,2006-07-22T00:00,0.666,µg/m³,DICHOT,EDXRF
80211,SASKATOON-CORMAN PARK,Aluminum,2006-07-28T00:00,0.048,µg/m³,DICHOT,EDXRF
80211,SASKATOON-CORMAN PARK,Aluminum,2006-07-28T00:00,0.233,µg/m³,DICHOT,EDXRF
80211,SASKATOON-CORMAN PARK,Aluminum,2006-08-03T00:00,0.079,µg/m³,DICHOT,EDXRF
80211,SASKATOON-CORMAN PARK,Aluminum,2006-08-03T00:00,0.424,µg/m³,DICHOT,EDXRF
80211,SASKATOON-CORMAN PARK,Aluminum,2006-08-09T00:00,0.095,µg/m³,DICHOT,EDXRF
80211,SASKATOON-CORMAN PARK,Aluminum,2006-08-09T00:00,0.632,µg/m³,DICHOT,EDXRF
80211,SASKATOON-CORMAN PARK,Aluminum,2006-08-27T00:00,0.093,µg/m³,DICHOT,EDXRF
80211,SASKATOON-CORMAN PARK,Aluminum,2006-08-27T00:00,0.347,µg/m³,DICHOT,EDXRF
80211,SASKATOON-CORMAN PARK,Aluminum,2006-09-08T00:00,0.072,µg/m³,DICHOT,EDXRF
80211,SASKATOON-CORMAN PARK,Aluminum,2006-09-08T00:00,0.481,µg/m³,DICHOT,EDXRF
80211,SASKATOON-CORMAN PARK,Aluminum,2006-09-14T00:00,0.010,µg/m³,DICHOT,EDXRF
80211,SASKATOON-CORMAN PARK,Aluminum,2006-09-14T00:00,0.021,µg/m³,DICHOT,EDXRF
80211,SASKATOON-CORMAN PARK,Aluminum,2006-09-20T00:00,0.057,µg/m³,DICHOT,EDXRF
80211,SASKATOON-CORMAN PARK,Aluminum,2006-09-20T00:00,0.327,µg/m³,DICHOT,EDXRF
80211,SASKATOON-CORMAN PARK,Aluminum,2006-09-26T00:00,0.047,µg/m³,DICHOT,EDXRF
80211,SASKATOON-CORMAN PARK,Aluminum,2006-09-26T00:00,0.218,µg/m³,DICHOT,EDXRF
80211,SASKATOON-CORMAN PARK,Aluminum,2006-10-02T00:00,0.063,µg/m³,DICHOT,EDXRF
80211,SASKATOON-CORMAN PARK,Aluminum,2006-10-02T00:00,0.296,µg/m³,DICHOT,EDXRF
80211,SASKATOON-CORMAN PARK,Aluminum,2006-10-08T00:00,0.012,µg/m³,DICHOT,EDXRF
80211,SASKATOON-CORMAN PARK,Aluminum,2006-10-08T00:00,0.023,µg/m³,DICHOT,EDXRF
80211,SASKATOON-CORMAN PARK,Aluminum,2006-10-14T00:00,0.056,µg/m³,DICHOT,EDXRF
80211,SASKATOON-CORMAN PARK,Aluminum,2006-10-14T00:00,0.229,µg/m³,DICHOT,EDXRF
80211,SASKATOON-CORMAN PARK,Aluminum,2006-10-20T00:00,0.016,µg/m³,DICHOT,EDXRF
80211,SASKATOON-CORMAN PARK,Aluminum,2006-10-20T00:00,0.114,µg/m³,DICHOT,EDXRF
80211,SASKATOON-CORMAN PARK,Aluminum,2006-11-01T00:00,0.035,µg/m³,DICHOT,EDXRF
80211,SASKATOON-CORMAN PARK,Aluminum,2006-11-01T00:00,0.169,µg/m³,DICHOT,EDXRF
80211,SASKATOON-CORMAN PARK,Aluminum,2006-11-13T00:00,0.000,µg/m³,DICHOT,EDXRF
80211,SASKATOON-CORMAN PARK,Aluminum,2006-11-13T00:00,0.027,µg/m³,DICHOT,EDXRF
80211,SASKATOON-CORMAN PARK,Aluminum,2006-11-19T00:00,0.007,µg/m³,DICHOT,EDXRF
80211,SASKATOON-CORMAN PARK,Aluminum,2006-11-19T00:00,0.050,µg/m³,DICHOT,EDXRF
80211,SASKATOON-CORMAN PARK,Aluminum,2006-12-01T00:00,0.007,µg/m³,DICHOT,EDXRF
80211,SASKATOON-CORMAN PARK,Aluminum,2006-12-01T00:00,0.009,µg/m³,DICHOT,EDXRF
80211,SASKATOON-CORMAN PARK,Aluminum,2006-12-07T00:00,0.029,µg/m³,DICHOT,EDXRF
80211,SASKATOON-CORMAN PARK,Aluminum,2006-12-07T00:00,0.056,µg/m³,DICHOT,EDXRF
80211,SASKATOON-CORMAN PARK,Aluminum,2006-12-13T00:00,0.005,µg/m³,DICHOT,EDXRF
80211,SASKATOON-CORMAN PARK,Aluminum,2006-12-13T00:00,0.021,µg/m³,DICHOT,EDXRF
80211,SASKATOON-CORMAN PARK,Aluminum,2006-12-19T00:00,0.009,µg/m³,DICHOT,EDXRF
80211,SASKATOON-CORMAN PARK,Aluminum,2006-12-19T00:00,0.036,µg/m³,DICHOT,EDXRF
80211,SASKATOON-CORMAN PARK,Aluminum,2006-12-25T00:00,0.008,µg/m³,DICHOT,EDXRF
80211,SASKATOON-CORMAN PARK,Aluminum,2006-12-25T00:00,0.027,µg/m³,DICHOT,EDXRF
