﻿NAPS_Site_ID,Station_Name,Pollutant,Date,Value,Units,Report_Type,Method
60211,WINDSOR WEST,m-Tolualdehyde,2004-01-04T00:00,0.000,µg/m³,VOC,
60211,WINDSOR WEST,m-Tolualdehyde,2004-03-04T00:00,0.000,µg/m³,VOC,
60211,WINDSOR WEST,m-Tolualdehyde,2004-03-10T00:00,0.000,µg/m³,VOC,
60211,WINDSOR WEST,m-Tolualdehyde,2004-03-16T00:00,0.000,µg/m³,VOC,
60211,WINDSOR WEST,m-Tolualdehyde,2004-03-22T00:00,0.000,µg/m³,VOC,
60211,WINDSOR WEST,m-Tolualdehyde,2004-09-06T00:00,0.000,µg/m³,VOC,
60211,WINDSOR WEST,m-Tolualdehyde,2004-10-18T00:00,0.000,µg/m³,VOC,
60211,WINDSOR WEST,m-Tolualdehyde,2004-11-05T00:00,0.000,µg/m³,VOC,
60211,WINDSOR WEST,m-Tolualdehyde,2004-11-11T00:00,0.018,µg/m³,VOC,
60211,WINDSOR WEST,m-Tolualdehyde,2004-11-17T00:00,0.000,µg/m³,VOC,
60211,WINDSOR WEST,m-Tolualdehyde,2004-12-11T00:00,0.000,µg/m³,VOC,
60211,WINDSOR WEST,m-Tolualdehyde,2004-12-17T00:00,0.000,µg/m³,VOC,
60211,WINDSOR WEST,m-Tolualdehyde,2004-12-23T00:00,0.000,µg/m³,VOC,
60211,WINDSOR WEST,m-Tolualdehyde,2004-12-29T00:00,0.000,µg/m³,VOC,
