﻿NAPS_Site_ID,Station_Name,Pollutant,Date,Value,Units,Report_Type,Method
62601,EXPERIMENTAL FARM _SIMCOE_,2378-TCDF,2010-01-07T19:00,0.012,pg/m³,PCDD,GC-MS
62601,EXPERIMENTAL FARM _SIMCOE_,2378-TCDF,2010-01-31T19:00,0.009,pg/m³,PCDD,GC-MS
62601,EXPERIMENTAL FARM _SIMCOE_,2378-TCDF,2010-02-24T19:00,0.004,pg/m³,PCDD,GC-MS
62601,EXPERIMENTAL FARM _SIMCOE_,2378-TCDF,2010-03-20T20:00,0.015,pg/m³,PCDD,GC-MS
62601,EXPERIMENTAL FARM _SIMCOE_,2378-TCDF,2010-04-13T20:00,0.023,pg/m³,PCDD,GC-MS
62601,EXPERIMENTAL FARM _SIMCOE_,2378-TCDF,2010-05-31T20:00,0.019,pg/m³,PCDD,GC-MS
62601,EXPERIMENTAL FARM _SIMCOE_,2378-TCDF,2010-06-24T20:00,0.010,pg/m³,PCDD,GC-MS
62601,EXPERIMENTAL FARM _SIMCOE_,2378-TCDF,2010-08-11T20:00,0.011,pg/m³,PCDD,GC-MS
62601,EXPERIMENTAL FARM _SIMCOE_,2378-TCDF,2010-09-04T20:00,0.005,pg/m³,PCDD,GC-MS
62601,EXPERIMENTAL FARM _SIMCOE_,2378-TCDF,2010-09-28T20:00,0.010,pg/m³,PCDD,GC-MS
62601,EXPERIMENTAL FARM _SIMCOE_,2378-TCDF,2010-10-22T20:00,0.012,pg/m³,PCDD,GC-MS
62601,EXPERIMENTAL FARM _SIMCOE_,2378-TCDF,2010-11-21T19:00,0.020,pg/m³,PCDD,GC-MS
62601,EXPERIMENTAL FARM _SIMCOE_,2378-TCDF,2010-12-09T19:00,0.024,pg/m³,PCDD,GC-MS
