﻿NAPS_Site_ID,Station_Name,Pollutant,Date,Value,Units,Report_Type,Method
40501,PT LEPREAU - CHARLOTTE COUNTY,"1,2,3-Trimethylbenzene",2009-10-10T00:00,0.007,µg/m³,VOC,
40501,PT LEPREAU - CHARLOTTE COUNTY,"1,2,3-Trimethylbenzene",2009-10-13T00:00,0.007,µg/m³,VOC,
40501,PT LEPREAU - CHARLOTTE COUNTY,"1,2,3-Trimethylbenzene",2009-10-16T00:00,0.002,µg/m³,VOC,
40501,PT LEPREAU - CHARLOTTE COUNTY,"1,2,3-Trimethylbenzene",2009-10-19T00:00,0.001,µg/m³,VOC,
40501,PT LEPREAU - CHARLOTTE COUNTY,"1,2,3-Trimethylbenzene",2009-10-22T00:00,0.003,µg/m³,VOC,
40501,PT LEPREAU - CHARLOTTE COUNTY,"1,2,3-Trimethylbenzene",2009-10-25T00:00,0.006,µg/m³,VOC,
40501,PT LEPREAU - CHARLOTTE COUNTY,"1,2,3-Trimethylbenzene",2009-10-28T00:00,0.003,µg/m³,VOC,
40501,PT LEPREAU - CHARLOTTE COUNTY,"1,2,3-Trimethylbenzene",2009-10-31T00:00,0.003,µg/m³,VOC,
40501,PT LEPREAU - CHARLOTTE COUNTY,"1,2,3-Trimethylbenzene",2009-11-03T00:00,0.003,µg/m³,VOC,
40501,PT LEPREAU - CHARLOTTE COUNTY,"1,2,3-Trimethylbenzene",2009-11-06T00:00,0.002,µg/m³,VOC,
40501,PT LEPREAU - CHARLOTTE COUNTY,"1,2,3-Trimethylbenzene",2009-11-09T00:00,0.013,µg/m³,VOC,
40501,PT LEPREAU - CHARLOTTE COUNTY,"1,2,3-Trimethylbenzene",2009-11-12T00:00,0.014,µg/m³,VOC,
40501,PT LEPREAU - CHARLOTTE COUNTY,"1,2,3-Trimethylbenzene",2009-11-15T00:00,0.008,µg/m³,VOC,
40501,PT LEPREAU - CHARLOTTE COUNTY,"1,2,3-Trimethylbenzene",2009-11-21T00:00,0.005,µg/m³,VOC,
40501,PT LEPREAU - CHARLOTTE COUNTY,"1,2,3-Trimethylbenzene",2009-11-24T00:00,0.010,µg/m³,VOC,
40501,PT LEPREAU - CHARLOTTE COUNTY,"1,2,3-Trimethylbenzene",2009-11-30T00:00,0.005,µg/m³,VOC,
40501,PT LEPREAU - CHARLOTTE COUNTY,"1,2,3-Trimethylbenzene",2009-12-03T00:00,0.004,µg/m³,VOC,
40501,PT LEPREAU - CHARLOTTE COUNTY,"1,2,3-Trimethylbenzene",2009-12-06T00:00,0.005,µg/m³,VOC,
40501,PT LEPREAU - CHARLOTTE COUNTY,"1,2,3-Trimethylbenzene",2009-12-09T00:00,0.005,µg/m³,VOC,
40501,PT LEPREAU - CHARLOTTE COUNTY,"1,2,3-Trimethylbenzene",2009-12-12T00:00,0.002,µg/m³,VOC,
40501,PT LEPREAU - CHARLOTTE COUNTY,"1,2,3-Trimethylbenzene",2009-12-15T00:00,0.011,µg/m³,VOC,
40501,PT LEPREAU - CHARLOTTE COUNTY,"1,2,3-Trimethylbenzene",2009-12-18T00:00,0.004,µg/m³,VOC,
40501,PT LEPREAU - CHARLOTTE COUNTY,"1,2,3-Trimethylbenzene",2009-12-21T00:00,0.004,µg/m³,VOC,
40501,PT LEPREAU - CHARLOTTE COUNTY,"1,2,3-Trimethylbenzene",2009-12-27T00:00,0.003,µg/m³,VOC,
40501,PT LEPREAU - CHARLOTTE COUNTY,"1,2,3-Trimethylbenzene",2009-12-30T00:00,0.002,µg/m³,VOC,
