﻿NAPS_Site_ID,Station_Name,Pollutant,Date,Value,Units,Report_Type,Method
60211,WINDSOR WEST,4-Methylheptane,1990-05-29T00:00,0.103,µg/m³,VOC,
60211,WINDSOR WEST,4-Methylheptane,1990-06-04T00:00,0.062,µg/m³,VOC,
60211,WINDSOR WEST,4-Methylheptane,1990-06-10T00:00,0.129,µg/m³,VOC,
60211,WINDSOR WEST,4-Methylheptane,1990-07-04T00:00,0.267,µg/m³,VOC,
60211,WINDSOR WEST,4-Methylheptane,1990-07-22T00:00,0.159,µg/m³,VOC,
60211,WINDSOR WEST,4-Methylheptane,1990-07-28T00:00,0.176,µg/m³,VOC,
60211,WINDSOR WEST,4-Methylheptane,1990-08-03T00:00,0.217,µg/m³,VOC,
60211,WINDSOR WEST,4-Methylheptane,1990-08-09T00:00,0.155,µg/m³,VOC,
60211,WINDSOR WEST,4-Methylheptane,1990-08-15T00:00,0.139,µg/m³,VOC,
60211,WINDSOR WEST,4-Methylheptane,1990-08-21T00:00,0.131,µg/m³,VOC,
60211,WINDSOR WEST,4-Methylheptane,1990-08-27T00:00,0.194,µg/m³,VOC,
60211,WINDSOR WEST,4-Methylheptane,1990-09-02T00:00,0.121,µg/m³,VOC,
60211,WINDSOR WEST,4-Methylheptane,1990-09-08T00:00,0.144,µg/m³,VOC,
60211,WINDSOR WEST,4-Methylheptane,1990-09-20T00:00,0.283,µg/m³,VOC,
60211,WINDSOR WEST,4-Methylheptane,1990-09-26T00:00,0.298,µg/m³,VOC,
60211,WINDSOR WEST,4-Methylheptane,1990-10-02T00:00,0.198,µg/m³,VOC,
60211,WINDSOR WEST,4-Methylheptane,1990-10-08T00:00,0.169,µg/m³,VOC,
60211,WINDSOR WEST,4-Methylheptane,1990-10-14T00:00,0.198,µg/m³,VOC,
60211,WINDSOR WEST,4-Methylheptane,1990-10-20T00:00,0.159,µg/m³,VOC,
60211,WINDSOR WEST,4-Methylheptane,1990-10-26T00:00,0.248,µg/m³,VOC,
