﻿NAPS_Site_ID,Station_Name,Pollutant,Date,Value,Units,Report_Type,Method
50104,ONTARIO,Iron,1989-01-04T00:00,0.025,µg/m³,DICHOT,EDXRF
50104,ONTARIO,Iron,1989-01-04T00:00,0.082,µg/m³,DICHOT,EDXRF
50104,ONTARIO,Iron,1989-01-10T00:00,0.106,µg/m³,DICHOT,EDXRF
50104,ONTARIO,Iron,1989-01-10T00:00,0.293,µg/m³,DICHOT,EDXRF
50104,ONTARIO,Iron,1989-01-16T00:00,0.250,µg/m³,DICHOT,EDXRF
50104,ONTARIO,Iron,1989-01-16T00:00,0.258,µg/m³,DICHOT,EDXRF
50104,ONTARIO,Iron,1989-01-22T00:00,0.056,µg/m³,DICHOT,EDXRF
50104,ONTARIO,Iron,1989-01-22T00:00,0.112,µg/m³,DICHOT,EDXRF
50104,ONTARIO,Iron,1989-01-28T00:00,0.080,µg/m³,DICHOT,EDXRF
50104,ONTARIO,Iron,1989-01-28T00:00,0.112,µg/m³,DICHOT,EDXRF
50104,ONTARIO,Iron,1989-02-03T00:00,0.065,µg/m³,DICHOT,EDXRF
50104,ONTARIO,Iron,1989-02-03T00:00,0.090,µg/m³,DICHOT,EDXRF
50104,ONTARIO,Iron,1989-02-09T00:00,0.083,µg/m³,DICHOT,EDXRF
50104,ONTARIO,Iron,1989-02-09T00:00,0.187,µg/m³,DICHOT,EDXRF
50104,ONTARIO,Iron,1989-02-15T00:00,0.161,µg/m³,DICHOT,EDXRF
50104,ONTARIO,Iron,1989-02-15T00:00,0.237,µg/m³,DICHOT,EDXRF
50104,ONTARIO,Iron,1989-02-27T00:00,0.195,µg/m³,DICHOT,EDXRF
50104,ONTARIO,Iron,1989-02-27T00:00,0.375,µg/m³,DICHOT,EDXRF
50104,ONTARIO,Iron,1989-03-05T00:00,0.064,µg/m³,DICHOT,EDXRF
50104,ONTARIO,Iron,1989-03-05T00:00,0.082,µg/m³,DICHOT,EDXRF
50104,ONTARIO,Iron,1989-03-11T00:00,0.131,µg/m³,DICHOT,EDXRF
50104,ONTARIO,Iron,1989-03-11T00:00,0.306,µg/m³,DICHOT,EDXRF
50104,ONTARIO,Iron,1989-03-17T00:00,0.063,µg/m³,DICHOT,EDXRF
50104,ONTARIO,Iron,1989-03-17T00:00,0.108,µg/m³,DICHOT,EDXRF
50104,ONTARIO,Iron,1989-03-23T00:00,0.142,µg/m³,DICHOT,EDXRF
50104,ONTARIO,Iron,1989-03-23T00:00,0.459,µg/m³,DICHOT,EDXRF
50104,ONTARIO,Iron,1989-03-29T00:00,0.107,µg/m³,DICHOT,EDXRF
50104,ONTARIO,Iron,1989-03-29T00:00,0.289,µg/m³,DICHOT,EDXRF
50104,ONTARIO,Iron,1989-04-04T00:00,0.132,µg/m³,DICHOT,EDXRF
50104,ONTARIO,Iron,1989-04-04T00:00,0.353,µg/m³,DICHOT,EDXRF
50104,ONTARIO,Iron,1989-04-10T00:00,0.059,µg/m³,DICHOT,EDXRF
50104,ONTARIO,Iron,1989-04-10T00:00,0.251,µg/m³,DICHOT,EDXRF
50104,ONTARIO,Iron,1989-04-16T00:00,0.081,µg/m³,DICHOT,EDXRF
50104,ONTARIO,Iron,1989-04-16T00:00,0.233,µg/m³,DICHOT,EDXRF
50104,ONTARIO,Iron,1989-04-22T00:00,0.025,µg/m³,DICHOT,EDXRF
50104,ONTARIO,Iron,1989-04-22T00:00,0.175,µg/m³,DICHOT,EDXRF
50104,ONTARIO,Iron,1989-04-28T00:00,0.077,µg/m³,DICHOT,EDXRF
50104,ONTARIO,Iron,1989-04-28T00:00,0.346,µg/m³,DICHOT,EDXRF
50104,ONTARIO,Iron,1989-05-04T00:00,0.140,µg/m³,DICHOT,EDXRF
50104,ONTARIO,Iron,1989-05-04T00:00,0.442,µg/m³,DICHOT,EDXRF
50104,ONTARIO,Iron,1989-05-10T00:00,0.452,µg/m³,DICHOT,EDXRF
50104,ONTARIO,Iron,1989-05-10T00:00,0.590,µg/m³,DICHOT,EDXRF
50104,ONTARIO,Iron,1989-05-16T00:00,0.488,µg/m³,DICHOT,EDXRF
50104,ONTARIO,Iron,1989-05-16T00:00,1.200,µg/m³,DICHOT,EDXRF
50104,ONTARIO,Iron,1989-05-22T00:00,0.027,µg/m³,DICHOT,EDXRF
50104,ONTARIO,Iron,1989-05-22T00:00,0.080,µg/m³,DICHOT,EDXRF
50104,ONTARIO,Iron,1989-05-28T00:00,0.024,µg/m³,DICHOT,EDXRF
50104,ONTARIO,Iron,1989-05-28T00:00,0.090,µg/m³,DICHOT,EDXRF
50104,ONTARIO,Iron,1989-06-03T00:00,0.066,µg/m³,DICHOT,EDXRF
50104,ONTARIO,Iron,1989-06-03T00:00,0.225,µg/m³,DICHOT,EDXRF
50104,ONTARIO,Iron,1989-06-09T00:00,0.122,µg/m³,DICHOT,EDXRF
50104,ONTARIO,Iron,1989-06-09T00:00,0.453,µg/m³,DICHOT,EDXRF
50104,ONTARIO,Iron,1989-06-15T00:00,0.143,µg/m³,DICHOT,EDXRF
50104,ONTARIO,Iron,1989-06-15T00:00,0.383,µg/m³,DICHOT,EDXRF
50104,ONTARIO,Iron,1989-06-21T00:00,0.274,µg/m³,DICHOT,EDXRF
50104,ONTARIO,Iron,1989-06-21T00:00,0.826,µg/m³,DICHOT,EDXRF
50104,ONTARIO,Iron,1989-06-27T00:00,0.108,µg/m³,DICHOT,EDXRF
50104,ONTARIO,Iron,1989-06-27T00:00,0.344,µg/m³,DICHOT,EDXRF
50104,ONTARIO,Iron,1989-07-03T00:00,0.184,µg/m³,DICHOT,EDXRF
50104,ONTARIO,Iron,1989-07-03T00:00,0.480,µg/m³,DICHOT,EDXRF
50104,ONTARIO,Iron,1989-07-09T00:00,0.039,µg/m³,DICHOT,EDXRF
50104,ONTARIO,Iron,1989-07-09T00:00,0.139,µg/m³,DICHOT,EDXRF
50104,ONTARIO,Iron,1989-07-15T00:00,0.099,µg/m³,DICHOT,EDXRF
50104,ONTARIO,Iron,1989-07-15T00:00,0.316,µg/m³,DICHOT,EDXRF
50104,ONTARIO,Iron,1989-07-21T00:00,0.170,µg/m³,DICHOT,EDXRF
50104,ONTARIO,Iron,1989-07-21T00:00,0.440,µg/m³,DICHOT,EDXRF
50104,ONTARIO,Iron,1989-07-27T00:00,0.096,µg/m³,DICHOT,EDXRF
50104,ONTARIO,Iron,1989-07-27T00:00,0.237,µg/m³,DICHOT,EDXRF
50104,ONTARIO,Iron,1989-08-02T00:00,0.101,µg/m³,DICHOT,EDXRF
50104,ONTARIO,Iron,1989-08-02T00:00,0.192,µg/m³,DICHOT,EDXRF
50104,ONTARIO,Iron,1989-08-08T00:00,0.047,µg/m³,DICHOT,EDXRF
50104,ONTARIO,Iron,1989-08-08T00:00,0.168,µg/m³,DICHOT,EDXRF
50104,ONTARIO,Iron,1989-08-14T00:00,0.110,µg/m³,DICHOT,EDXRF
50104,ONTARIO,Iron,1989-08-14T00:00,0.186,µg/m³,DICHOT,EDXRF
50104,ONTARIO,Iron,1989-08-20T00:00,0.100,µg/m³,DICHOT,EDXRF
50104,ONTARIO,Iron,1989-08-26T00:00,0.086,µg/m³,DICHOT,EDXRF
50104,ONTARIO,Iron,1989-09-07T00:00,0.292,µg/m³,DICHOT,EDXRF
50104,ONTARIO,Iron,1989-09-13T00:00,0.190,µg/m³,DICHOT,EDXRF
50104,ONTARIO,Iron,1989-09-19T00:00,0.382,µg/m³,DICHOT,EDXRF
50104,ONTARIO,Iron,1989-09-25T00:00,0.179,µg/m³,DICHOT,EDXRF
50104,ONTARIO,Iron,1989-10-01T00:00,0.130,µg/m³,DICHOT,EDXRF
50104,ONTARIO,Iron,1989-10-07T00:00,0.062,µg/m³,DICHOT,EDXRF
50104,ONTARIO,Iron,1989-10-13T00:00,0.165,µg/m³,DICHOT,EDXRF
50104,ONTARIO,Iron,1989-10-19T00:00,0.197,µg/m³,DICHOT,EDXRF
50104,ONTARIO,Iron,1989-10-25T00:00,0.413,µg/m³,DICHOT,EDXRF
50104,ONTARIO,Iron,1989-10-31T00:00,0.234,µg/m³,DICHOT,EDXRF
50104,ONTARIO,Iron,1989-11-06T00:00,0.078,µg/m³,DICHOT,EDXRF
50104,ONTARIO,Iron,1989-11-12T00:00,0.051,µg/m³,DICHOT,EDXRF
50104,ONTARIO,Iron,1989-11-18T00:00,0.131,µg/m³,DICHOT,EDXRF
50104,ONTARIO,Iron,1989-11-24T00:00,0.190,µg/m³,DICHOT,EDXRF
50104,ONTARIO,Iron,1989-11-30T00:00,0.143,µg/m³,DICHOT,EDXRF
50104,ONTARIO,Iron,1989-12-06T00:00,0.116,µg/m³,DICHOT,EDXRF
50104,ONTARIO,Iron,1989-12-12T00:00,0.358,µg/m³,DICHOT,EDXRF
50104,ONTARIO,Iron,1989-12-18T00:00,0.341,µg/m³,DICHOT,EDXRF
50104,ONTARIO,Iron,1989-12-24T00:00,0.086,µg/m³,DICHOT,EDXRF
