﻿NAPS_Site_ID,Station_Name,Pollutant,Date,Value,Units,Report_Type,Method
60435,ETOBICOKE SOUTH-2,Toluene,2011-01-03T00:00,0.849,µg/m³,VOC,N/A
60435,ETOBICOKE SOUTH-2,Toluene,2011-01-09T00:00,1.206,µg/m³,VOC,N/A
60435,ETOBICOKE SOUTH-2,Toluene,2011-01-15T00:00,0.636,µg/m³,VOC,N/A
60435,ETOBICOKE SOUTH-2,Toluene,2011-01-21T00:00,1.248,µg/m³,VOC,N/A
60435,ETOBICOKE SOUTH-2,Toluene,2011-01-27T00:00,2.078,µg/m³,VOC,N/A
60435,ETOBICOKE SOUTH-2,Toluene,2011-02-02T00:00,1.659,µg/m³,VOC,N/A
60435,ETOBICOKE SOUTH-2,Toluene,2011-02-08T00:00,1.240,µg/m³,VOC,N/A
60435,ETOBICOKE SOUTH-2,Toluene,2011-02-14T00:00,0.994,µg/m³,VOC,N/A
60435,ETOBICOKE SOUTH-2,Toluene,2011-02-20T00:00,0.541,µg/m³,VOC,N/A
60435,ETOBICOKE SOUTH-2,Toluene,2011-02-26T00:00,0.963,µg/m³,VOC,N/A
60435,ETOBICOKE SOUTH-2,Toluene,2011-03-04T00:00,1.111,µg/m³,VOC,N/A
60435,ETOBICOKE SOUTH-2,Toluene,2011-03-10T00:00,1.115,µg/m³,VOC,N/A
60435,ETOBICOKE SOUTH-2,Toluene,2011-03-16T00:00,1.962,µg/m³,VOC,N/A
60435,ETOBICOKE SOUTH-2,Toluene,2011-03-22T00:00,1.166,µg/m³,VOC,N/A
60435,ETOBICOKE SOUTH-2,Toluene,2011-03-28T00:00,1.098,µg/m³,VOC,N/A
