﻿NAPS_Site_ID,Station_Name,Pollutant,Date,Value,Units,Report_Type,Method
70119,ELLEN,13C12-TCDD,2002-01-20T00:00,87.000,pg/m³,PCDD,GC-MS
70119,ELLEN,13C12-TCDD,2002-03-09T00:00,83.000,pg/m³,PCDD,GC-MS
70119,ELLEN,13C12-TCDD,2002-04-26T00:00,85.000,pg/m³,PCDD,GC-MS
70119,ELLEN,13C12-TCDD,2002-05-20T00:00,81.000,pg/m³,PCDD,GC-MS
70119,ELLEN,13C12-TCDD,2002-06-13T00:00,78.000,pg/m³,PCDD,GC-MS
70119,ELLEN,13C12-TCDD,2002-07-31T00:00,91.000,pg/m³,PCDD,GC-MS
70119,ELLEN,13C12-TCDD,2002-08-24T00:00,80.000,pg/m³,PCDD,GC-MS
