﻿NAPS_Site_ID,Station_Name,Pollutant,Date,Value,Units,Report_Type,Method
100134,VANCOUVER INTL. AIRPORT,"2,4-Dimethylhexane",1999-01-12T00:00,0.170,µg/m³,VOC,
100134,VANCOUVER INTL. AIRPORT,"2,4-Dimethylhexane",1999-01-30T00:00,0.156,µg/m³,VOC,
100134,VANCOUVER INTL. AIRPORT,"2,4-Dimethylhexane",1999-02-17T00:00,0.080,µg/m³,VOC,
100134,VANCOUVER INTL. AIRPORT,"2,4-Dimethylhexane",1999-03-07T00:00,0.150,µg/m³,VOC,
100134,VANCOUVER INTL. AIRPORT,"2,4-Dimethylhexane",1999-03-25T00:00,0.060,µg/m³,VOC,
100134,VANCOUVER INTL. AIRPORT,"2,4-Dimethylhexane",1999-04-12T00:00,0.030,µg/m³,VOC,
100134,VANCOUVER INTL. AIRPORT,"2,4-Dimethylhexane",1999-04-30T00:00,0.110,µg/m³,VOC,
100134,VANCOUVER INTL. AIRPORT,"2,4-Dimethylhexane",1999-05-24T00:00,0.190,µg/m³,VOC,
100134,VANCOUVER INTL. AIRPORT,"2,4-Dimethylhexane",1999-06-17T00:00,0.080,µg/m³,VOC,
100134,VANCOUVER INTL. AIRPORT,"2,4-Dimethylhexane",1999-07-05T00:00,0.120,µg/m³,VOC,
100134,VANCOUVER INTL. AIRPORT,"2,4-Dimethylhexane",1999-07-29T00:00,0.060,µg/m³,VOC,
100134,VANCOUVER INTL. AIRPORT,"2,4-Dimethylhexane",1999-09-03T00:00,0.370,µg/m³,VOC,
100134,VANCOUVER INTL. AIRPORT,"2,4-Dimethylhexane",1999-09-21T00:00,0.170,µg/m³,VOC,
100134,VANCOUVER INTL. AIRPORT,"2,4-Dimethylhexane",1999-10-09T00:00,0.240,µg/m³,VOC,
100134,VANCOUVER INTL. AIRPORT,"2,4-Dimethylhexane",1999-10-27T00:00,0.350,µg/m³,VOC,
100134,VANCOUVER INTL. AIRPORT,"2,4-Dimethylhexane",1999-11-14T00:00,0.340,µg/m³,VOC,
100134,VANCOUVER INTL. AIRPORT,"2,4-Dimethylhexane",1999-12-02T00:00,0.090,µg/m³,VOC,
100134,VANCOUVER INTL. AIRPORT,"2,4-Dimethylhexane",1999-12-20T00:00,0.180,µg/m³,VOC,
