﻿NAPS_Site_ID,Station_Name,Pollutant,Date,Value,Units,Report_Type,Method
90228,CALGARY CENTRAL-2,"1,2,4-Trimethylbenzene",2014-01-04T19:00,0.158,µg/m³,VOC,
90228,CALGARY CENTRAL-2,"1,2,4-Trimethylbenzene",2014-01-10T19:00,0.280,µg/m³,VOC,
90228,CALGARY CENTRAL-2,"1,2,4-Trimethylbenzene",2014-01-16T19:00,0.256,µg/m³,VOC,
90228,CALGARY CENTRAL-2,"1,2,4-Trimethylbenzene",2014-01-22T19:00,0.198,µg/m³,VOC,
90228,CALGARY CENTRAL-2,"1,2,4-Trimethylbenzene",2014-01-28T19:00,0.247,µg/m³,VOC,
90228,CALGARY CENTRAL-2,"1,2,4-Trimethylbenzene",2014-02-03T19:00,0.213,µg/m³,VOC,
90228,CALGARY CENTRAL-2,"1,2,4-Trimethylbenzene",2014-02-09T19:00,0.358,µg/m³,VOC,
90228,CALGARY CENTRAL-2,"1,2,4-Trimethylbenzene",2014-02-15T19:00,0.082,µg/m³,VOC,
90228,CALGARY CENTRAL-2,"1,2,4-Trimethylbenzene",2014-02-21T19:00,0.106,µg/m³,VOC,
90228,CALGARY CENTRAL-2,"1,2,4-Trimethylbenzene",2014-02-27T19:00,0.020,µg/m³,VOC,
90228,CALGARY CENTRAL-2,"1,2,4-Trimethylbenzene",2014-03-05T19:00,0.000,µg/m³,VOC,
90228,CALGARY CENTRAL-2,"1,2,4-Trimethylbenzene",2014-03-11T20:00,0.078,µg/m³,VOC,
90228,CALGARY CENTRAL-2,"1,2,4-Trimethylbenzene",2014-03-17T20:00,0.077,µg/m³,VOC,
90228,CALGARY CENTRAL-2,"1,2,4-Trimethylbenzene",2014-03-23T20:00,0.062,µg/m³,VOC,
90228,CALGARY CENTRAL-2,"1,2,4-Trimethylbenzene",2014-03-29T20:00,0.046,µg/m³,VOC,
90228,CALGARY CENTRAL-2,"1,2,4-Trimethylbenzene",2014-04-04T20:00,0.096,µg/m³,VOC,
90228,CALGARY CENTRAL-2,"1,2,4-Trimethylbenzene",2014-04-10T20:00,0.294,µg/m³,VOC,
90228,CALGARY CENTRAL-2,"1,2,4-Trimethylbenzene",2014-04-16T20:00,0.264,µg/m³,VOC,
90228,CALGARY CENTRAL-2,"1,2,4-Trimethylbenzene",2014-04-22T20:00,0.368,µg/m³,VOC,
90228,CALGARY CENTRAL-2,"1,2,4-Trimethylbenzene",2014-04-28T20:00,0.198,µg/m³,VOC,
90228,CALGARY CENTRAL-2,"1,2,4-Trimethylbenzene",2014-05-04T20:00,0.194,µg/m³,VOC,
90228,CALGARY CENTRAL-2,"1,2,4-Trimethylbenzene",2014-05-10T20:00,0.098,µg/m³,VOC,
90228,CALGARY CENTRAL-2,"1,2,4-Trimethylbenzene",2014-05-16T20:00,0.116,µg/m³,VOC,
90228,CALGARY CENTRAL-2,"1,2,4-Trimethylbenzene",2014-05-22T20:00,0.230,µg/m³,VOC,
90228,CALGARY CENTRAL-2,"1,2,4-Trimethylbenzene",2014-05-28T20:00,0.184,µg/m³,VOC,
90228,CALGARY CENTRAL-2,"1,2,4-Trimethylbenzene",2014-06-03T20:00,0.140,µg/m³,VOC,
90228,CALGARY CENTRAL-2,"1,2,4-Trimethylbenzene",2014-06-09T20:00,0.214,µg/m³,VOC,
90228,CALGARY CENTRAL-2,"1,2,4-Trimethylbenzene",2014-06-15T20:00,0.198,µg/m³,VOC,
90228,CALGARY CENTRAL-2,"1,2,4-Trimethylbenzene",2014-06-21T20:00,0.388,µg/m³,VOC,
90228,CALGARY CENTRAL-2,"1,2,4-Trimethylbenzene",2014-06-27T20:00,0.258,µg/m³,VOC,
90228,CALGARY CENTRAL-2,"1,2,4-Trimethylbenzene",2014-07-03T20:00,0.310,µg/m³,VOC,
90228,CALGARY CENTRAL-2,"1,2,4-Trimethylbenzene",2014-07-09T20:00,0.214,µg/m³,VOC,
90228,CALGARY CENTRAL-2,"1,2,4-Trimethylbenzene",2014-07-15T20:00,0.186,µg/m³,VOC,
90228,CALGARY CENTRAL-2,"1,2,4-Trimethylbenzene",2014-07-21T20:00,0.298,µg/m³,VOC,
90228,CALGARY CENTRAL-2,"1,2,4-Trimethylbenzene",2014-07-27T20:00,0.344,µg/m³,VOC,
90228,CALGARY CENTRAL-2,"1,2,4-Trimethylbenzene",2014-08-02T20:00,0.140,µg/m³,VOC,
90228,CALGARY CENTRAL-2,"1,2,4-Trimethylbenzene",2014-08-08T20:00,0.196,µg/m³,VOC,
90228,CALGARY CENTRAL-2,"1,2,4-Trimethylbenzene",2014-08-14T20:00,0.252,µg/m³,VOC,
90228,CALGARY CENTRAL-2,"1,2,4-Trimethylbenzene",2014-08-20T20:00,0.224,µg/m³,VOC,
90228,CALGARY CENTRAL-2,"1,2,4-Trimethylbenzene",2014-08-26T20:00,0.270,µg/m³,VOC,
90228,CALGARY CENTRAL-2,"1,2,4-Trimethylbenzene",2014-09-01T20:00,0.190,µg/m³,VOC,
90228,CALGARY CENTRAL-2,"1,2,4-Trimethylbenzene",2014-09-07T20:00,0.126,µg/m³,VOC,
90228,CALGARY CENTRAL-2,"1,2,4-Trimethylbenzene",2014-09-13T20:00,0.152,µg/m³,VOC,
90228,CALGARY CENTRAL-2,"1,2,4-Trimethylbenzene",2014-09-19T20:00,0.244,µg/m³,VOC,
90228,CALGARY CENTRAL-2,"1,2,4-Trimethylbenzene",2014-09-25T20:00,0.198,µg/m³,VOC,
90228,CALGARY CENTRAL-2,"1,2,4-Trimethylbenzene",2014-10-01T20:00,0.176,µg/m³,VOC,
90228,CALGARY CENTRAL-2,"1,2,4-Trimethylbenzene",2014-10-07T20:00,0.352,µg/m³,VOC,
90228,CALGARY CENTRAL-2,"1,2,4-Trimethylbenzene",2014-10-19T20:00,0.204,µg/m³,VOC,
90228,CALGARY CENTRAL-2,"1,2,4-Trimethylbenzene",2014-10-25T20:00,0.172,µg/m³,VOC,
90228,CALGARY CENTRAL-2,"1,2,4-Trimethylbenzene",2014-10-31T20:00,0.284,µg/m³,VOC,
90228,CALGARY CENTRAL-2,"1,2,4-Trimethylbenzene",2014-11-06T19:00,0.326,µg/m³,VOC,
90228,CALGARY CENTRAL-2,"1,2,4-Trimethylbenzene",2014-11-12T19:00,0.890,µg/m³,VOC,
90228,CALGARY CENTRAL-2,"1,2,4-Trimethylbenzene",2014-11-18T19:00,0.520,µg/m³,VOC,
90228,CALGARY CENTRAL-2,"1,2,4-Trimethylbenzene",2014-11-24T19:00,0.212,µg/m³,VOC,
90228,CALGARY CENTRAL-2,"1,2,4-Trimethylbenzene",2014-11-30T19:00,0.106,µg/m³,VOC,
90228,CALGARY CENTRAL-2,"1,2,4-Trimethylbenzene",2014-12-06T19:00,0.808,µg/m³,VOC,
90228,CALGARY CENTRAL-2,"1,2,4-Trimethylbenzene",2014-12-12T19:00,0.164,µg/m³,VOC,
90228,CALGARY CENTRAL-2,"1,2,4-Trimethylbenzene",2014-12-18T19:00,0.772,µg/m³,VOC,
90228,CALGARY CENTRAL-2,"1,2,4-Trimethylbenzene",2014-12-24T19:00,0.116,µg/m³,VOC,
90228,CALGARY CENTRAL-2,"1,2,4-Trimethylbenzene",2014-12-30T19:00,0.074,µg/m³,VOC,
