﻿NAPS_Site_ID,Station_Name,Pollutant,Date,Value,Units,Report_Type,Method
40501,PT LEPREAU - CHARLOTTE COUNTY,Benzene,2003-01-03T00:00,0.429,µg/m³,VOC,GC-MS
40501,PT LEPREAU - CHARLOTTE COUNTY,Benzene,2003-01-06T00:00,0.504,µg/m³,VOC,GC-MS
40501,PT LEPREAU - CHARLOTTE COUNTY,Benzene,2003-01-12T00:00,0.625,µg/m³,VOC,GC-MS
40501,PT LEPREAU - CHARLOTTE COUNTY,Benzene,2003-01-15T00:00,0.556,µg/m³,VOC,GC-MS
40501,PT LEPREAU - CHARLOTTE COUNTY,Benzene,2003-01-18T00:00,0.568,µg/m³,VOC,GC-MS
40501,PT LEPREAU - CHARLOTTE COUNTY,Benzene,2003-01-21T00:00,0.557,µg/m³,VOC,GC-MS
40501,PT LEPREAU - CHARLOTTE COUNTY,Benzene,2003-01-24T00:00,0.483,µg/m³,VOC,GC-MS
40501,PT LEPREAU - CHARLOTTE COUNTY,Benzene,2003-01-27T00:00,0.650,µg/m³,VOC,GC-MS
40501,PT LEPREAU - CHARLOTTE COUNTY,Benzene,2003-01-30T00:00,0.761,µg/m³,VOC,GC-MS
40501,PT LEPREAU - CHARLOTTE COUNTY,Benzene,2003-02-02T00:00,0.527,µg/m³,VOC,GC-MS
40501,PT LEPREAU - CHARLOTTE COUNTY,Benzene,2003-02-05T00:00,0.441,µg/m³,VOC,GC-MS
40501,PT LEPREAU - CHARLOTTE COUNTY,Benzene,2003-02-08T00:00,0.499,µg/m³,VOC,GC-MS
40501,PT LEPREAU - CHARLOTTE COUNTY,Benzene,2003-02-11T00:00,0.530,µg/m³,VOC,GC-MS
40501,PT LEPREAU - CHARLOTTE COUNTY,Benzene,2003-02-14T00:00,0.649,µg/m³,VOC,GC-MS
40501,PT LEPREAU - CHARLOTTE COUNTY,Benzene,2003-02-17T00:00,0.662,µg/m³,VOC,GC-MS
40501,PT LEPREAU - CHARLOTTE COUNTY,Benzene,2003-02-20T00:00,0.607,µg/m³,VOC,GC-MS
40501,PT LEPREAU - CHARLOTTE COUNTY,Benzene,2003-03-04T00:00,0.515,µg/m³,VOC,GC-MS
40501,PT LEPREAU - CHARLOTTE COUNTY,Benzene,2003-03-07T00:00,0.524,µg/m³,VOC,GC-MS
40501,PT LEPREAU - CHARLOTTE COUNTY,Benzene,2003-03-10T00:00,0.510,µg/m³,VOC,GC-MS
40501,PT LEPREAU - CHARLOTTE COUNTY,Benzene,2003-03-16T00:00,0.491,µg/m³,VOC,GC-MS
40501,PT LEPREAU - CHARLOTTE COUNTY,Benzene,2003-03-19T00:00,0.459,µg/m³,VOC,GC-MS
40501,PT LEPREAU - CHARLOTTE COUNTY,Benzene,2003-03-22T00:00,0.437,µg/m³,VOC,GC-MS
40501,PT LEPREAU - CHARLOTTE COUNTY,Benzene,2003-03-25T00:00,0.309,µg/m³,VOC,GC-MS
40501,PT LEPREAU - CHARLOTTE COUNTY,Benzene,2003-03-28T00:00,0.387,µg/m³,VOC,GC-MS
40501,PT LEPREAU - CHARLOTTE COUNTY,Benzene,2003-03-31T00:00,0.411,µg/m³,VOC,GC-MS
40501,PT LEPREAU - CHARLOTTE COUNTY,Benzene,2003-04-03T00:00,0.383,µg/m³,VOC,GC-MS
40501,PT LEPREAU - CHARLOTTE COUNTY,Benzene,2003-04-06T00:00,0.706,µg/m³,VOC,GC-MS
40501,PT LEPREAU - CHARLOTTE COUNTY,Benzene,2003-04-09T00:00,0.539,µg/m³,VOC,GC-MS
40501,PT LEPREAU - CHARLOTTE COUNTY,Benzene,2003-04-12T00:00,0.394,µg/m³,VOC,GC-MS
40501,PT LEPREAU - CHARLOTTE COUNTY,Benzene,2003-04-15T00:00,0.733,µg/m³,VOC,GC-MS
40501,PT LEPREAU - CHARLOTTE COUNTY,Benzene,2003-04-18T00:00,0.497,µg/m³,VOC,GC-MS
40501,PT LEPREAU - CHARLOTTE COUNTY,Benzene,2003-04-21T00:00,0.411,µg/m³,VOC,GC-MS
40501,PT LEPREAU - CHARLOTTE COUNTY,Benzene,2003-04-27T00:00,0.384,µg/m³,VOC,GC-MS
40501,PT LEPREAU - CHARLOTTE COUNTY,Benzene,2003-04-30T00:00,0.354,µg/m³,VOC,GC-MS
40501,PT LEPREAU - CHARLOTTE COUNTY,Benzene,2003-05-03T00:00,0.321,µg/m³,VOC,GC-MS
40501,PT LEPREAU - CHARLOTTE COUNTY,Benzene,2003-05-06T00:00,0.292,µg/m³,VOC,GC-MS
40501,PT LEPREAU - CHARLOTTE COUNTY,Benzene,2003-05-18T00:00,0.207,µg/m³,VOC,GC-MS
40501,PT LEPREAU - CHARLOTTE COUNTY,Benzene,2003-05-24T00:00,0.184,µg/m³,VOC,GC-MS
40501,PT LEPREAU - CHARLOTTE COUNTY,Benzene,2003-05-30T00:00,0.299,µg/m³,VOC,GC-MS
40501,PT LEPREAU - CHARLOTTE COUNTY,Benzene,2003-06-05T00:00,0.180,µg/m³,VOC,GC-MS
40501,PT LEPREAU - CHARLOTTE COUNTY,Benzene,2003-06-11T00:00,0.298,µg/m³,VOC,GC-MS
40501,PT LEPREAU - CHARLOTTE COUNTY,Benzene,2003-07-05T00:00,0.202,µg/m³,VOC,GC-MS
40501,PT LEPREAU - CHARLOTTE COUNTY,Benzene,2003-07-08T00:00,0.155,µg/m³,VOC,GC-MS
40501,PT LEPREAU - CHARLOTTE COUNTY,Benzene,2003-07-17T00:00,0.183,µg/m³,VOC,GC-MS
40501,PT LEPREAU - CHARLOTTE COUNTY,Benzene,2003-07-23T00:00,0.121,µg/m³,VOC,GC-MS
40501,PT LEPREAU - CHARLOTTE COUNTY,Benzene,2003-07-26T00:00,0.204,µg/m³,VOC,GC-MS
40501,PT LEPREAU - CHARLOTTE COUNTY,Benzene,2003-07-29T00:00,0.121,µg/m³,VOC,GC-MS
40501,PT LEPREAU - CHARLOTTE COUNTY,Benzene,2003-08-01T00:00,0.110,µg/m³,VOC,GC-MS
40501,PT LEPREAU - CHARLOTTE COUNTY,Benzene,2003-08-04T00:00,0.131,µg/m³,VOC,GC-MS
40501,PT LEPREAU - CHARLOTTE COUNTY,Benzene,2003-08-07T00:00,0.079,µg/m³,VOC,GC-MS
40501,PT LEPREAU - CHARLOTTE COUNTY,Benzene,2003-08-10T00:00,0.065,µg/m³,VOC,GC-MS
40501,PT LEPREAU - CHARLOTTE COUNTY,Benzene,2003-08-13T00:00,0.133,µg/m³,VOC,GC-MS
40501,PT LEPREAU - CHARLOTTE COUNTY,Benzene,2003-08-16T00:00,0.198,µg/m³,VOC,GC-MS
40501,PT LEPREAU - CHARLOTTE COUNTY,Benzene,2003-08-19T00:00,0.205,µg/m³,VOC,GC-MS
40501,PT LEPREAU - CHARLOTTE COUNTY,Benzene,2003-08-22T00:00,0.223,µg/m³,VOC,GC-MS
40501,PT LEPREAU - CHARLOTTE COUNTY,Benzene,2003-09-06T00:00,0.162,µg/m³,VOC,GC-MS
40501,PT LEPREAU - CHARLOTTE COUNTY,Benzene,2003-09-09T00:00,0.141,µg/m³,VOC,GC-MS
40501,PT LEPREAU - CHARLOTTE COUNTY,Benzene,2003-09-12T00:00,0.859,µg/m³,VOC,GC-MS
40501,PT LEPREAU - CHARLOTTE COUNTY,Benzene,2003-09-15T00:00,0.356,µg/m³,VOC,GC-MS
40501,PT LEPREAU - CHARLOTTE COUNTY,Benzene,2003-09-18T00:00,0.460,µg/m³,VOC,GC-MS
40501,PT LEPREAU - CHARLOTTE COUNTY,Benzene,2003-09-21T00:00,0.233,µg/m³,VOC,GC-MS
40501,PT LEPREAU - CHARLOTTE COUNTY,Benzene,2003-09-24T00:00,0.211,µg/m³,VOC,GC-MS
40501,PT LEPREAU - CHARLOTTE COUNTY,Benzene,2003-09-27T00:00,0.087,µg/m³,VOC,GC-MS
40501,PT LEPREAU - CHARLOTTE COUNTY,Benzene,2003-09-30T00:00,0.198,µg/m³,VOC,GC-MS
40501,PT LEPREAU - CHARLOTTE COUNTY,Benzene,2003-11-05T00:00,0.221,µg/m³,VOC,GC-MS
40501,PT LEPREAU - CHARLOTTE COUNTY,Benzene,2003-11-08T00:00,0.303,µg/m³,VOC,GC-MS
40501,PT LEPREAU - CHARLOTTE COUNTY,Benzene,2003-12-02T00:00,0.259,µg/m³,VOC,GC-MS
40501,PT LEPREAU - CHARLOTTE COUNTY,Benzene,2003-12-08T00:00,0.250,µg/m³,VOC,GC-MS
