﻿NAPS_Site_ID,Station_Name,Pollutant,Date,Value,Units,Report_Type,Method
100112,DOWNTOWN VANCOUVER,Butane,1990-03-12T00:00,14.290,µg/m³,VOC,GC-MS
100112,DOWNTOWN VANCOUVER,Butane,1990-05-11T00:00,26.131,µg/m³,VOC,GC-MS
100112,DOWNTOWN VANCOUVER,Butane,1990-06-10T00:00,16.313,µg/m³,VOC,GC-MS
100112,DOWNTOWN VANCOUVER,Butane,1990-07-04T00:00,17.038,µg/m³,VOC,GC-MS
100112,DOWNTOWN VANCOUVER,Butane,1990-07-28T00:00,21.790,µg/m³,VOC,GC-MS
100112,DOWNTOWN VANCOUVER,Butane,1990-08-21T00:00,15.478,µg/m³,VOC,GC-MS
100112,DOWNTOWN VANCOUVER,Butane,1990-09-02T00:00,9.128,µg/m³,VOC,GC-MS
100112,DOWNTOWN VANCOUVER,Butane,1990-10-20T00:00,9.765,µg/m³,VOC,GC-MS
100112,DOWNTOWN VANCOUVER,Butane,1990-11-19T00:00,20.483,µg/m³,VOC,GC-MS
100112,DOWNTOWN VANCOUVER,Butane,1990-12-25T00:00,10.560,µg/m³,VOC,GC-MS
