﻿NAPS_Site_ID,Station_Name,Pollutant,Date,Value,Units,Report_Type,Method
70119,ELLEN,Silicon,2001-01-31T00:00,0.042,µg/m³,DICHOT,
70119,ELLEN,Silicon,2001-01-31T00:00,0.180,µg/m³,DICHOT,
70119,ELLEN,Silicon,2001-02-06T00:00,0.055,µg/m³,DICHOT,
70119,ELLEN,Silicon,2001-02-06T00:00,0.631,µg/m³,DICHOT,
70119,ELLEN,Silicon,2001-02-12T00:00,0.047,µg/m³,DICHOT,
70119,ELLEN,Silicon,2001-02-12T00:00,0.261,µg/m³,DICHOT,
70119,ELLEN,Silicon,2001-02-18T00:00,0.054,µg/m³,DICHOT,
70119,ELLEN,Silicon,2001-02-18T00:00,0.635,µg/m³,DICHOT,
70119,ELLEN,Silicon,2001-02-24T00:00,0.017,µg/m³,DICHOT,
70119,ELLEN,Silicon,2001-02-24T00:00,0.328,µg/m³,DICHOT,
70119,ELLEN,Silicon,2001-03-02T00:00,0.016,µg/m³,DICHOT,
70119,ELLEN,Silicon,2001-03-02T00:00,0.621,µg/m³,DICHOT,
70119,ELLEN,Silicon,2001-03-08T00:00,0.076,µg/m³,DICHOT,
70119,ELLEN,Silicon,2001-03-08T00:00,0.980,µg/m³,DICHOT,
70119,ELLEN,Silicon,2001-03-14T00:00,0.099,µg/m³,DICHOT,
70119,ELLEN,Silicon,2001-03-14T00:00,0.573,µg/m³,DICHOT,
70119,ELLEN,Silicon,2001-03-20T00:00,0.036,µg/m³,DICHOT,
70119,ELLEN,Silicon,2001-03-20T00:00,0.726,µg/m³,DICHOT,
70119,ELLEN,Silicon,2001-03-26T00:00,0.025,µg/m³,DICHOT,
70119,ELLEN,Silicon,2001-03-26T00:00,1.000,µg/m³,DICHOT,
70119,ELLEN,Silicon,2001-04-01T00:00,0.000,µg/m³,DICHOT,
70119,ELLEN,Silicon,2001-04-01T00:00,0.029,µg/m³,DICHOT,
70119,ELLEN,Silicon,2001-04-07T00:00,0.210,µg/m³,DICHOT,
70119,ELLEN,Silicon,2001-04-07T00:00,0.725,µg/m³,DICHOT,
70119,ELLEN,Silicon,2001-04-13T00:00,0.042,µg/m³,DICHOT,
70119,ELLEN,Silicon,2001-04-13T00:00,0.652,µg/m³,DICHOT,
70119,ELLEN,Silicon,2001-04-19T00:00,0.236,µg/m³,DICHOT,
70119,ELLEN,Silicon,2001-04-19T00:00,3.051,µg/m³,DICHOT,
70119,ELLEN,Silicon,2001-04-25T00:00,0.351,µg/m³,DICHOT,
70119,ELLEN,Silicon,2001-04-25T00:00,3.854,µg/m³,DICHOT,
70119,ELLEN,Silicon,2001-05-01T00:00,0.187,µg/m³,DICHOT,
70119,ELLEN,Silicon,2001-05-01T00:00,1.388,µg/m³,DICHOT,
70119,ELLEN,Silicon,2001-05-07T00:00,0.000,µg/m³,DICHOT,
70119,ELLEN,Silicon,2001-05-07T00:00,0.287,µg/m³,DICHOT,
70119,ELLEN,Silicon,2001-05-13T00:00,0.299,µg/m³,DICHOT,
70119,ELLEN,Silicon,2001-05-13T00:00,2.829,µg/m³,DICHOT,
70119,ELLEN,Silicon,2001-05-19T00:00,0.252,µg/m³,DICHOT,
70119,ELLEN,Silicon,2001-05-19T00:00,4.198,µg/m³,DICHOT,
70119,ELLEN,Silicon,2001-05-25T00:00,0.021,µg/m³,DICHOT,
70119,ELLEN,Silicon,2001-05-25T00:00,0.934,µg/m³,DICHOT,
70119,ELLEN,Silicon,2001-05-31T00:00,0.232,µg/m³,DICHOT,
70119,ELLEN,Silicon,2001-05-31T00:00,0.934,µg/m³,DICHOT,
70119,ELLEN,Silicon,2001-06-06T00:00,0.004,µg/m³,DICHOT,
70119,ELLEN,Silicon,2001-06-06T00:00,1.661,µg/m³,DICHOT,
70119,ELLEN,Silicon,2001-06-12T00:00,0.061,µg/m³,DICHOT,
70119,ELLEN,Silicon,2001-06-12T00:00,1.417,µg/m³,DICHOT,
70119,ELLEN,Silicon,2001-06-18T00:00,0.061,µg/m³,DICHOT,
70119,ELLEN,Silicon,2001-06-18T00:00,0.731,µg/m³,DICHOT,
70119,ELLEN,Silicon,2001-06-24T00:00,0.112,µg/m³,DICHOT,
70119,ELLEN,Silicon,2001-06-24T00:00,1.695,µg/m³,DICHOT,
70119,ELLEN,Silicon,2001-06-30T00:00,0.027,µg/m³,DICHOT,
70119,ELLEN,Silicon,2001-06-30T00:00,0.459,µg/m³,DICHOT,
70119,ELLEN,Silicon,2001-07-06T00:00,0.277,µg/m³,DICHOT,
70119,ELLEN,Silicon,2001-07-06T00:00,1.634,µg/m³,DICHOT,
70119,ELLEN,Silicon,2001-07-12T00:00,0.179,µg/m³,DICHOT,
70119,ELLEN,Silicon,2001-07-12T00:00,2.008,µg/m³,DICHOT,
70119,ELLEN,Silicon,2001-07-18T00:00,0.136,µg/m³,DICHOT,
70119,ELLEN,Silicon,2001-07-18T00:00,1.717,µg/m³,DICHOT,
70119,ELLEN,Silicon,2001-07-24T00:00,0.063,µg/m³,DICHOT,
70119,ELLEN,Silicon,2001-07-24T00:00,1.072,µg/m³,DICHOT,
70119,ELLEN,Silicon,2001-07-30T00:00,0.153,µg/m³,DICHOT,
70119,ELLEN,Silicon,2001-07-30T00:00,2.187,µg/m³,DICHOT,
70119,ELLEN,Silicon,2001-08-05T00:00,0.089,µg/m³,DICHOT,
70119,ELLEN,Silicon,2001-08-05T00:00,0.997,µg/m³,DICHOT,
70119,ELLEN,Silicon,2001-08-11T00:00,0.231,µg/m³,DICHOT,
70119,ELLEN,Silicon,2001-08-11T00:00,1.706,µg/m³,DICHOT,
70119,ELLEN,Silicon,2001-08-17T00:00,0.189,µg/m³,DICHOT,
70119,ELLEN,Silicon,2001-08-17T00:00,2.092,µg/m³,DICHOT,
70119,ELLEN,Silicon,2001-08-23T00:00,0.186,µg/m³,DICHOT,
70119,ELLEN,Silicon,2001-08-23T00:00,1.979,µg/m³,DICHOT,
70119,ELLEN,Silicon,2001-08-29T00:00,0.284,µg/m³,DICHOT,
70119,ELLEN,Silicon,2001-08-29T00:00,3.234,µg/m³,DICHOT,
70119,ELLEN,Silicon,2001-09-04T00:00,0.338,µg/m³,DICHOT,
70119,ELLEN,Silicon,2001-09-04T00:00,5.259,µg/m³,DICHOT,
70119,ELLEN,Silicon,2001-09-10T00:00,0.031,µg/m³,DICHOT,
70119,ELLEN,Silicon,2001-09-10T00:00,0.947,µg/m³,DICHOT,
70119,ELLEN,Silicon,2001-09-16T00:00,0.108,µg/m³,DICHOT,
70119,ELLEN,Silicon,2001-09-16T00:00,1.890,µg/m³,DICHOT,
70119,ELLEN,Silicon,2001-09-22T00:00,0.000,µg/m³,DICHOT,
70119,ELLEN,Silicon,2001-09-22T00:00,0.284,µg/m³,DICHOT,
70119,ELLEN,Silicon,2001-09-28T00:00,0.131,µg/m³,DICHOT,
70119,ELLEN,Silicon,2001-09-28T00:00,2.036,µg/m³,DICHOT,
70119,ELLEN,Silicon,2001-10-04T00:00,0.125,µg/m³,DICHOT,
70119,ELLEN,Silicon,2001-10-04T00:00,0.348,µg/m³,DICHOT,
70119,ELLEN,Silicon,2001-10-10T00:00,0.274,µg/m³,DICHOT,
70119,ELLEN,Silicon,2001-10-10T00:00,3.115,µg/m³,DICHOT,
70119,ELLEN,Silicon,2001-10-16T00:00,0.006,µg/m³,DICHOT,
70119,ELLEN,Silicon,2001-10-16T00:00,0.558,µg/m³,DICHOT,
70119,ELLEN,Silicon,2001-10-22T00:00,0.128,µg/m³,DICHOT,
70119,ELLEN,Silicon,2001-10-22T00:00,1.480,µg/m³,DICHOT,
70119,ELLEN,Silicon,2001-10-28T00:00,0.081,µg/m³,DICHOT,
70119,ELLEN,Silicon,2001-10-28T00:00,1.265,µg/m³,DICHOT,
70119,ELLEN,Silicon,2001-11-03T00:00,0.022,µg/m³,DICHOT,
70119,ELLEN,Silicon,2001-11-03T00:00,0.789,µg/m³,DICHOT,
70119,ELLEN,Silicon,2001-11-09T00:00,0.079,µg/m³,DICHOT,
70119,ELLEN,Silicon,2001-11-09T00:00,1.896,µg/m³,DICHOT,
70119,ELLEN,Silicon,2001-11-15T00:00,0.134,µg/m³,DICHOT,
70119,ELLEN,Silicon,2001-11-15T00:00,1.508,µg/m³,DICHOT,
70119,ELLEN,Silicon,2001-11-21T00:00,0.096,µg/m³,DICHOT,
70119,ELLEN,Silicon,2001-11-21T00:00,1.009,µg/m³,DICHOT,
70119,ELLEN,Silicon,2001-11-27T00:00,0.000,µg/m³,DICHOT,
70119,ELLEN,Silicon,2001-11-27T00:00,0.775,µg/m³,DICHOT,
70119,ELLEN,Silicon,2001-12-03T00:00,0.035,µg/m³,DICHOT,
70119,ELLEN,Silicon,2001-12-03T00:00,0.412,µg/m³,DICHOT,
70119,ELLEN,Silicon,2001-12-09T00:00,0.019,µg/m³,DICHOT,
70119,ELLEN,Silicon,2001-12-09T00:00,0.200,µg/m³,DICHOT,
70119,ELLEN,Silicon,2001-12-15T00:00,0.017,µg/m³,DICHOT,
70119,ELLEN,Silicon,2001-12-15T00:00,0.235,µg/m³,DICHOT,
70119,ELLEN,Silicon,2001-12-21T00:00,0.076,µg/m³,DICHOT,
70119,ELLEN,Silicon,2001-12-21T00:00,1.487,µg/m³,DICHOT,
70119,ELLEN,Silicon,2001-12-27T00:00,0.049,µg/m³,DICHOT,
70119,ELLEN,Silicon,2001-12-27T00:00,0.145,µg/m³,DICHOT,
