﻿NAPS_Site_ID,Station_Name,Pollutant,Date,Value,Units,Report_Type,Method
62601,EXPERIMENTAL FARM _SIMCOE_,Ethane,2009-01-01T00:00,3.440,µg/m³,VOC,N/A
62601,EXPERIMENTAL FARM _SIMCOE_,Ethane,2009-01-04T00:00,2.873,µg/m³,VOC,N/A
62601,EXPERIMENTAL FARM _SIMCOE_,Ethane,2009-01-07T00:00,5.726,µg/m³,VOC,N/A
62601,EXPERIMENTAL FARM _SIMCOE_,Ethane,2009-01-07T00:00,8.308,µg/m³,VOC,N/A
62601,EXPERIMENTAL FARM _SIMCOE_,Ethane,2009-01-10T00:00,2.663,µg/m³,VOC,N/A
62601,EXPERIMENTAL FARM _SIMCOE_,Ethane,2009-01-13T00:00,3.130,µg/m³,VOC,N/A
62601,EXPERIMENTAL FARM _SIMCOE_,Ethane,2009-01-13T00:00,4.768,µg/m³,VOC,N/A
62601,EXPERIMENTAL FARM _SIMCOE_,Ethane,2009-01-16T00:00,3.464,µg/m³,VOC,N/A
62601,EXPERIMENTAL FARM _SIMCOE_,Ethane,2009-01-19T00:00,5.164,µg/m³,VOC,N/A
62601,EXPERIMENTAL FARM _SIMCOE_,Ethane,2009-01-19T00:00,5.294,µg/m³,VOC,N/A
62601,EXPERIMENTAL FARM _SIMCOE_,Ethane,2009-01-22T00:00,3.667,µg/m³,VOC,N/A
62601,EXPERIMENTAL FARM _SIMCOE_,Ethane,2009-01-25T00:00,3.346,µg/m³,VOC,N/A
62601,EXPERIMENTAL FARM _SIMCOE_,Ethane,2009-01-28T00:00,4.476,µg/m³,VOC,N/A
62601,EXPERIMENTAL FARM _SIMCOE_,Ethane,2009-01-31T00:00,3.239,µg/m³,VOC,N/A
62601,EXPERIMENTAL FARM _SIMCOE_,Ethane,2009-01-31T00:00,3.576,µg/m³,VOC,N/A
62601,EXPERIMENTAL FARM _SIMCOE_,Ethane,2009-02-06T00:00,5.685,µg/m³,VOC,N/A
62601,EXPERIMENTAL FARM _SIMCOE_,Ethane,2009-02-06T00:00,7.342,µg/m³,VOC,N/A
62601,EXPERIMENTAL FARM _SIMCOE_,Ethane,2009-02-09T00:00,7.138,µg/m³,VOC,N/A
62601,EXPERIMENTAL FARM _SIMCOE_,Ethane,2009-02-12T00:00,4.898,µg/m³,VOC,N/A
62601,EXPERIMENTAL FARM _SIMCOE_,Ethane,2009-02-12T00:00,6.232,µg/m³,VOC,N/A
62601,EXPERIMENTAL FARM _SIMCOE_,Ethane,2009-02-15T00:00,2.338,µg/m³,VOC,N/A
62601,EXPERIMENTAL FARM _SIMCOE_,Ethane,2009-02-18T00:00,8.214,µg/m³,VOC,N/A
62601,EXPERIMENTAL FARM _SIMCOE_,Ethane,2009-02-18T00:00,8.563,µg/m³,VOC,N/A
62601,EXPERIMENTAL FARM _SIMCOE_,Ethane,2009-02-21T00:00,3.779,µg/m³,VOC,N/A
62601,EXPERIMENTAL FARM _SIMCOE_,Ethane,2009-02-24T00:00,3.114,µg/m³,VOC,N/A
62601,EXPERIMENTAL FARM _SIMCOE_,Ethane,2009-02-24T00:00,3.920,µg/m³,VOC,N/A
62601,EXPERIMENTAL FARM _SIMCOE_,Ethane,2009-02-27T00:00,3.830,µg/m³,VOC,N/A
62601,EXPERIMENTAL FARM _SIMCOE_,Ethane,2009-03-02T00:00,2.422,µg/m³,VOC,N/A
62601,EXPERIMENTAL FARM _SIMCOE_,Ethane,2009-03-02T00:00,2.647,µg/m³,VOC,N/A
62601,EXPERIMENTAL FARM _SIMCOE_,Ethane,2009-03-05T00:00,10.674,µg/m³,VOC,N/A
62601,EXPERIMENTAL FARM _SIMCOE_,Ethane,2009-03-08T00:00,4.854,µg/m³,VOC,N/A
62601,EXPERIMENTAL FARM _SIMCOE_,Ethane,2009-03-08T00:00,4.953,µg/m³,VOC,N/A
62601,EXPERIMENTAL FARM _SIMCOE_,Ethane,2009-03-11T00:00,3.556,µg/m³,VOC,N/A
62601,EXPERIMENTAL FARM _SIMCOE_,Ethane,2009-03-14T00:00,4.244,µg/m³,VOC,N/A
62601,EXPERIMENTAL FARM _SIMCOE_,Ethane,2009-03-14T00:00,4.569,µg/m³,VOC,N/A
62601,EXPERIMENTAL FARM _SIMCOE_,Ethane,2009-03-20T00:00,2.909,µg/m³,VOC,N/A
62601,EXPERIMENTAL FARM _SIMCOE_,Ethane,2009-03-23T00:00,2.833,µg/m³,VOC,N/A
62601,EXPERIMENTAL FARM _SIMCOE_,Ethane,2009-03-26T00:00,5.144,µg/m³,VOC,N/A
62601,EXPERIMENTAL FARM _SIMCOE_,Ethane,2009-03-26T00:00,5.523,µg/m³,VOC,N/A
62601,EXPERIMENTAL FARM _SIMCOE_,Ethane,2009-03-29T00:00,4.949,µg/m³,VOC,N/A
62601,EXPERIMENTAL FARM _SIMCOE_,Ethane,2009-04-01T00:00,2.800,µg/m³,VOC,N/A
62601,EXPERIMENTAL FARM _SIMCOE_,Ethane,2009-04-01T00:00,3.475,µg/m³,VOC,N/A
62601,EXPERIMENTAL FARM _SIMCOE_,Ethane,2009-04-04T00:00,2.953,µg/m³,VOC,N/A
62601,EXPERIMENTAL FARM _SIMCOE_,Ethane,2009-04-07T00:00,2.580,µg/m³,VOC,N/A
62601,EXPERIMENTAL FARM _SIMCOE_,Ethane,2009-04-13T00:00,3.059,µg/m³,VOC,N/A
62601,EXPERIMENTAL FARM _SIMCOE_,Ethane,2009-04-16T00:00,2.910,µg/m³,VOC,N/A
62601,EXPERIMENTAL FARM _SIMCOE_,Ethane,2009-04-19T00:00,2.257,µg/m³,VOC,N/A
62601,EXPERIMENTAL FARM _SIMCOE_,Ethane,2009-04-19T00:00,2.466,µg/m³,VOC,N/A
62601,EXPERIMENTAL FARM _SIMCOE_,Ethane,2009-04-22T00:00,2.650,µg/m³,VOC,N/A
62601,EXPERIMENTAL FARM _SIMCOE_,Ethane,2009-04-25T00:00,2.879,µg/m³,VOC,N/A
62601,EXPERIMENTAL FARM _SIMCOE_,Ethane,2009-04-25T00:00,3.124,µg/m³,VOC,N/A
62601,EXPERIMENTAL FARM _SIMCOE_,Ethane,2009-04-28T00:00,2.262,µg/m³,VOC,N/A
62601,EXPERIMENTAL FARM _SIMCOE_,Ethane,2009-05-01T00:00,2.807,µg/m³,VOC,N/A
62601,EXPERIMENTAL FARM _SIMCOE_,Ethane,2009-05-01T00:00,3.065,µg/m³,VOC,N/A
62601,EXPERIMENTAL FARM _SIMCOE_,Ethane,2009-05-04T00:00,2.120,µg/m³,VOC,N/A
62601,EXPERIMENTAL FARM _SIMCOE_,Ethane,2009-05-07T00:00,3.034,µg/m³,VOC,N/A
62601,EXPERIMENTAL FARM _SIMCOE_,Ethane,2009-05-07T00:00,3.777,µg/m³,VOC,N/A
62601,EXPERIMENTAL FARM _SIMCOE_,Ethane,2009-05-10T00:00,2.034,µg/m³,VOC,N/A
62601,EXPERIMENTAL FARM _SIMCOE_,Ethane,2009-05-13T00:00,4.672,µg/m³,VOC,N/A
62601,EXPERIMENTAL FARM _SIMCOE_,Ethane,2009-05-13T00:00,5.316,µg/m³,VOC,N/A
62601,EXPERIMENTAL FARM _SIMCOE_,Ethane,2009-05-16T00:00,2.109,µg/m³,VOC,N/A
62601,EXPERIMENTAL FARM _SIMCOE_,Ethane,2009-05-19T00:00,3.024,µg/m³,VOC,N/A
62601,EXPERIMENTAL FARM _SIMCOE_,Ethane,2009-05-25T00:00,1.714,µg/m³,VOC,N/A
62601,EXPERIMENTAL FARM _SIMCOE_,Ethane,2009-05-25T00:00,1.970,µg/m³,VOC,N/A
62601,EXPERIMENTAL FARM _SIMCOE_,Ethane,2009-05-28T00:00,5.158,µg/m³,VOC,N/A
62601,EXPERIMENTAL FARM _SIMCOE_,Ethane,2009-05-31T00:00,1.366,µg/m³,VOC,N/A
62601,EXPERIMENTAL FARM _SIMCOE_,Ethane,2009-05-31T00:00,1.633,µg/m³,VOC,N/A
62601,EXPERIMENTAL FARM _SIMCOE_,Ethane,2009-06-03T00:00,1.634,µg/m³,VOC,N/A
62601,EXPERIMENTAL FARM _SIMCOE_,Ethane,2009-06-06T00:00,1.672,µg/m³,VOC,N/A
62601,EXPERIMENTAL FARM _SIMCOE_,Ethane,2009-06-09T00:00,1.834,µg/m³,VOC,N/A
62601,EXPERIMENTAL FARM _SIMCOE_,Ethane,2009-06-12T00:00,0.000,µg/m³,VOC,N/A
62601,EXPERIMENTAL FARM _SIMCOE_,Ethane,2009-06-18T00:00,1.947,µg/m³,VOC,N/A
62601,EXPERIMENTAL FARM _SIMCOE_,Ethane,2009-06-21T00:00,1.212,µg/m³,VOC,N/A
62601,EXPERIMENTAL FARM _SIMCOE_,Ethane,2009-06-24T00:00,1.484,µg/m³,VOC,N/A
62601,EXPERIMENTAL FARM _SIMCOE_,Ethane,2009-06-24T00:00,1.767,µg/m³,VOC,N/A
62601,EXPERIMENTAL FARM _SIMCOE_,Ethane,2009-06-27T00:00,1.104,µg/m³,VOC,N/A
62601,EXPERIMENTAL FARM _SIMCOE_,Ethane,2009-06-30T00:00,1.364,µg/m³,VOC,N/A
62601,EXPERIMENTAL FARM _SIMCOE_,Ethane,2009-06-30T00:00,1.707,µg/m³,VOC,N/A
62601,EXPERIMENTAL FARM _SIMCOE_,Ethane,2009-07-03T00:00,1.096,µg/m³,VOC,N/A
62601,EXPERIMENTAL FARM _SIMCOE_,Ethane,2009-07-06T00:00,1.287,µg/m³,VOC,N/A
62601,EXPERIMENTAL FARM _SIMCOE_,Ethane,2009-07-09T00:00,0.847,µg/m³,VOC,N/A
62601,EXPERIMENTAL FARM _SIMCOE_,Ethane,2009-07-12T00:00,1.636,µg/m³,VOC,N/A
62601,EXPERIMENTAL FARM _SIMCOE_,Ethane,2009-07-15T00:00,2.227,µg/m³,VOC,N/A
62601,EXPERIMENTAL FARM _SIMCOE_,Ethane,2009-07-18T00:00,0.916,µg/m³,VOC,N/A
62601,EXPERIMENTAL FARM _SIMCOE_,Ethane,2009-07-18T00:00,1.293,µg/m³,VOC,N/A
62601,EXPERIMENTAL FARM _SIMCOE_,Ethane,2009-07-24T00:00,2.350,µg/m³,VOC,N/A
62601,EXPERIMENTAL FARM _SIMCOE_,Ethane,2009-07-27T00:00,1.368,µg/m³,VOC,N/A
62601,EXPERIMENTAL FARM _SIMCOE_,Ethane,2009-07-30T00:00,1.726,µg/m³,VOC,N/A
62601,EXPERIMENTAL FARM _SIMCOE_,Ethane,2009-08-02T00:00,1.540,µg/m³,VOC,N/A
62601,EXPERIMENTAL FARM _SIMCOE_,Ethane,2009-08-05T00:00,0.865,µg/m³,VOC,N/A
62601,EXPERIMENTAL FARM _SIMCOE_,Ethane,2009-08-08T00:00,2.474,µg/m³,VOC,N/A
62601,EXPERIMENTAL FARM _SIMCOE_,Ethane,2009-08-11T00:00,1.859,µg/m³,VOC,N/A
62601,EXPERIMENTAL FARM _SIMCOE_,Ethane,2009-08-14T00:00,1.664,µg/m³,VOC,N/A
62601,EXPERIMENTAL FARM _SIMCOE_,Ethane,2009-08-17T00:00,1.787,µg/m³,VOC,N/A
62601,EXPERIMENTAL FARM _SIMCOE_,Ethane,2009-08-17T00:00,4.451,µg/m³,VOC,N/A
62601,EXPERIMENTAL FARM _SIMCOE_,Ethane,2009-08-20T00:00,2.751,µg/m³,VOC,N/A
62601,EXPERIMENTAL FARM _SIMCOE_,Ethane,2009-08-23T00:00,1.046,µg/m³,VOC,N/A
62601,EXPERIMENTAL FARM _SIMCOE_,Ethane,2009-08-23T00:00,1.366,µg/m³,VOC,N/A
62601,EXPERIMENTAL FARM _SIMCOE_,Ethane,2009-08-26T00:00,1.097,µg/m³,VOC,N/A
62601,EXPERIMENTAL FARM _SIMCOE_,Ethane,2009-08-29T00:00,1.205,µg/m³,VOC,N/A
62601,EXPERIMENTAL FARM _SIMCOE_,Ethane,2009-08-29T00:00,2.276,µg/m³,VOC,N/A
62601,EXPERIMENTAL FARM _SIMCOE_,Ethane,2009-09-01T00:00,0.988,µg/m³,VOC,N/A
62601,EXPERIMENTAL FARM _SIMCOE_,Ethane,2009-09-04T00:00,1.376,µg/m³,VOC,N/A
62601,EXPERIMENTAL FARM _SIMCOE_,Ethane,2009-09-04T00:00,2.133,µg/m³,VOC,N/A
62601,EXPERIMENTAL FARM _SIMCOE_,Ethane,2009-09-07T00:00,6.177,µg/m³,VOC,N/A
62601,EXPERIMENTAL FARM _SIMCOE_,Ethane,2009-09-10T00:00,2.100,µg/m³,VOC,N/A
62601,EXPERIMENTAL FARM _SIMCOE_,Ethane,2009-09-10T00:00,2.182,µg/m³,VOC,N/A
62601,EXPERIMENTAL FARM _SIMCOE_,Ethane,2009-09-13T00:00,1.494,µg/m³,VOC,N/A
62601,EXPERIMENTAL FARM _SIMCOE_,Ethane,2009-09-16T00:00,0.847,µg/m³,VOC,N/A
62601,EXPERIMENTAL FARM _SIMCOE_,Ethane,2009-09-16T00:00,1.164,µg/m³,VOC,N/A
62601,EXPERIMENTAL FARM _SIMCOE_,Ethane,2009-09-19T00:00,0.992,µg/m³,VOC,N/A
62601,EXPERIMENTAL FARM _SIMCOE_,Ethane,2009-09-22T00:00,6.663,µg/m³,VOC,N/A
62601,EXPERIMENTAL FARM _SIMCOE_,Ethane,2009-09-22T00:00,8.112,µg/m³,VOC,N/A
62601,EXPERIMENTAL FARM _SIMCOE_,Ethane,2009-09-25T00:00,0.994,µg/m³,VOC,N/A
62601,EXPERIMENTAL FARM _SIMCOE_,Ethane,2009-09-28T00:00,1.319,µg/m³,VOC,N/A
62601,EXPERIMENTAL FARM _SIMCOE_,Ethane,2009-09-28T00:00,2.298,µg/m³,VOC,N/A
62601,EXPERIMENTAL FARM _SIMCOE_,Ethane,2009-10-01T00:00,1.115,µg/m³,VOC,N/A
62601,EXPERIMENTAL FARM _SIMCOE_,Ethane,2009-10-04T00:00,1.890,µg/m³,VOC,N/A
62601,EXPERIMENTAL FARM _SIMCOE_,Ethane,2009-10-04T00:00,2.178,µg/m³,VOC,N/A
62601,EXPERIMENTAL FARM _SIMCOE_,Ethane,2009-10-07T00:00,1.151,µg/m³,VOC,N/A
62601,EXPERIMENTAL FARM _SIMCOE_,Ethane,2009-10-10T00:00,1.035,µg/m³,VOC,N/A
62601,EXPERIMENTAL FARM _SIMCOE_,Ethane,2009-10-10T00:00,1.564,µg/m³,VOC,N/A
62601,EXPERIMENTAL FARM _SIMCOE_,Ethane,2009-10-13T00:00,1.367,µg/m³,VOC,N/A
62601,EXPERIMENTAL FARM _SIMCOE_,Ethane,2009-10-16T00:00,1.088,µg/m³,VOC,N/A
62601,EXPERIMENTAL FARM _SIMCOE_,Ethane,2009-10-16T00:00,1.270,µg/m³,VOC,N/A
62601,EXPERIMENTAL FARM _SIMCOE_,Ethane,2009-10-19T00:00,1.999,µg/m³,VOC,N/A
62601,EXPERIMENTAL FARM _SIMCOE_,Ethane,2009-10-22T00:00,2.108,µg/m³,VOC,N/A
62601,EXPERIMENTAL FARM _SIMCOE_,Ethane,2009-10-22T00:00,2.208,µg/m³,VOC,N/A
62601,EXPERIMENTAL FARM _SIMCOE_,Ethane,2009-10-25T00:00,1.371,µg/m³,VOC,N/A
62601,EXPERIMENTAL FARM _SIMCOE_,Ethane,2009-10-28T00:00,1.953,µg/m³,VOC,N/A
62601,EXPERIMENTAL FARM _SIMCOE_,Ethane,2009-10-28T00:00,3.448,µg/m³,VOC,N/A
62601,EXPERIMENTAL FARM _SIMCOE_,Ethane,2009-10-31T00:00,2.257,µg/m³,VOC,N/A
62601,EXPERIMENTAL FARM _SIMCOE_,Ethane,2009-11-03T00:00,1.713,µg/m³,VOC,N/A
62601,EXPERIMENTAL FARM _SIMCOE_,Ethane,2009-11-03T00:00,2.353,µg/m³,VOC,N/A
62601,EXPERIMENTAL FARM _SIMCOE_,Ethane,2009-11-06T00:00,1.515,µg/m³,VOC,N/A
62601,EXPERIMENTAL FARM _SIMCOE_,Ethane,2009-11-09T00:00,2.881,µg/m³,VOC,N/A
62601,EXPERIMENTAL FARM _SIMCOE_,Ethane,2009-11-09T00:00,5.460,µg/m³,VOC,N/A
62601,EXPERIMENTAL FARM _SIMCOE_,Ethane,2009-11-12T00:00,1.598,µg/m³,VOC,N/A
62601,EXPERIMENTAL FARM _SIMCOE_,Ethane,2009-11-15T00:00,4.864,µg/m³,VOC,N/A
62601,EXPERIMENTAL FARM _SIMCOE_,Ethane,2009-11-15T00:00,5.034,µg/m³,VOC,N/A
62601,EXPERIMENTAL FARM _SIMCOE_,Ethane,2009-11-18T00:00,3.618,µg/m³,VOC,N/A
62601,EXPERIMENTAL FARM _SIMCOE_,Ethane,2009-11-21T00:00,4.018,µg/m³,VOC,N/A
62601,EXPERIMENTAL FARM _SIMCOE_,Ethane,2009-11-21T00:00,5.028,µg/m³,VOC,N/A
62601,EXPERIMENTAL FARM _SIMCOE_,Ethane,2009-11-24T00:00,4.489,µg/m³,VOC,N/A
62601,EXPERIMENTAL FARM _SIMCOE_,Ethane,2009-11-27T00:00,2.174,µg/m³,VOC,N/A
62601,EXPERIMENTAL FARM _SIMCOE_,Ethane,2009-11-27T00:00,2.945,µg/m³,VOC,N/A
62601,EXPERIMENTAL FARM _SIMCOE_,Ethane,2009-11-30T00:00,2.083,µg/m³,VOC,N/A
62601,EXPERIMENTAL FARM _SIMCOE_,Ethane,2009-12-03T00:00,2.496,µg/m³,VOC,N/A
62601,EXPERIMENTAL FARM _SIMCOE_,Ethane,2009-12-03T00:00,2.848,µg/m³,VOC,N/A
62601,EXPERIMENTAL FARM _SIMCOE_,Ethane,2009-12-06T00:00,2.611,µg/m³,VOC,N/A
62601,EXPERIMENTAL FARM _SIMCOE_,Ethane,2009-12-09T00:00,4.697,µg/m³,VOC,N/A
62601,EXPERIMENTAL FARM _SIMCOE_,Ethane,2009-12-09T00:00,6.319,µg/m³,VOC,N/A
62601,EXPERIMENTAL FARM _SIMCOE_,Ethane,2009-12-12T00:00,4.897,µg/m³,VOC,N/A
62601,EXPERIMENTAL FARM _SIMCOE_,Ethane,2009-12-15T00:00,2.874,µg/m³,VOC,N/A
62601,EXPERIMENTAL FARM _SIMCOE_,Ethane,2009-12-15T00:00,4.142,µg/m³,VOC,N/A
62601,EXPERIMENTAL FARM _SIMCOE_,Ethane,2009-12-18T00:00,2.141,µg/m³,VOC,N/A
62601,EXPERIMENTAL FARM _SIMCOE_,Ethane,2009-12-21T00:00,2.748,µg/m³,VOC,N/A
62601,EXPERIMENTAL FARM _SIMCOE_,Ethane,2009-12-21T00:00,3.016,µg/m³,VOC,N/A
62601,EXPERIMENTAL FARM _SIMCOE_,Ethane,2009-12-24T00:00,2.325,µg/m³,VOC,N/A
62601,EXPERIMENTAL FARM _SIMCOE_,Ethane,2009-12-27T00:00,3.570,µg/m³,VOC,N/A
62601,EXPERIMENTAL FARM _SIMCOE_,Ethane,2009-12-27T00:00,5.471,µg/m³,VOC,N/A
62601,EXPERIMENTAL FARM _SIMCOE_,Ethane,2009-12-30T00:00,3.403,µg/m³,VOC,N/A
