﻿NAPS_Site_ID,Station_Name,Pollutant,Date,Value,Units,Report_Type,Method
60101,HYDRO BLDG.,2-Methyl-1-butene,1994-04-14T00:00,0.676,µg/m³,VOC,
60101,HYDRO BLDG.,2-Methyl-1-butene,1994-04-20T00:00,0.391,µg/m³,VOC,
60101,HYDRO BLDG.,2-Methyl-1-butene,1994-04-26T00:00,0.397,µg/m³,VOC,
60101,HYDRO BLDG.,2-Methyl-1-butene,1994-05-02T00:00,0.549,µg/m³,VOC,
60101,HYDRO BLDG.,2-Methyl-1-butene,1994-05-08T00:00,0.245,µg/m³,VOC,
60101,HYDRO BLDG.,2-Methyl-1-butene,1994-05-14T00:00,0.000,µg/m³,VOC,
60101,HYDRO BLDG.,2-Methyl-1-butene,1994-08-18T00:00,0.444,µg/m³,VOC,
60101,HYDRO BLDG.,2-Methyl-1-butene,1994-08-24T00:00,0.672,µg/m³,VOC,
60101,HYDRO BLDG.,2-Methyl-1-butene,1994-08-30T00:00,0.384,µg/m³,VOC,
60101,HYDRO BLDG.,2-Methyl-1-butene,1994-09-05T00:00,0.122,µg/m³,VOC,
60101,HYDRO BLDG.,2-Methyl-1-butene,1994-09-11T00:00,0.000,µg/m³,VOC,
60101,HYDRO BLDG.,2-Methyl-1-butene,1994-09-17T00:00,0.163,µg/m³,VOC,
60101,HYDRO BLDG.,2-Methyl-1-butene,1994-09-23T00:00,0.178,µg/m³,VOC,
60101,HYDRO BLDG.,2-Methyl-1-butene,1994-11-16T00:00,0.557,µg/m³,VOC,
60101,HYDRO BLDG.,2-Methyl-1-butene,1994-11-22T00:00,0.263,µg/m³,VOC,
60101,HYDRO BLDG.,2-Methyl-1-butene,1994-11-28T00:00,0.373,µg/m³,VOC,
60101,HYDRO BLDG.,2-Methyl-1-butene,1994-12-04T00:00,0.550,µg/m³,VOC,
60101,HYDRO BLDG.,2-Methyl-1-butene,1994-12-10T00:00,0.182,µg/m³,VOC,
60101,HYDRO BLDG.,2-Methyl-1-butene,1994-12-16T00:00,0.317,µg/m³,VOC,
60101,HYDRO BLDG.,2-Methyl-1-butene,1994-12-22T00:00,0.977,µg/m³,VOC,
60101,HYDRO BLDG.,2-Methyl-1-butene,1994-12-28T00:00,0.507,µg/m³,VOC,
