﻿NAPS_Site_ID,Station_Name,Pollutant,Date,Value,Units,Report_Type,Method
63301,HWY 117 & PAINT LAKE ROAD _DORSET_,Butane,1998-07-16T00:00,0.380,µg/m³,VOC,
63301,HWY 117 & PAINT LAKE ROAD _DORSET_,Butane,1998-07-22T00:00,0.298,µg/m³,VOC,
63301,HWY 117 & PAINT LAKE ROAD _DORSET_,Butane,1998-07-28T00:00,0.322,µg/m³,VOC,
63301,HWY 117 & PAINT LAKE ROAD _DORSET_,Butane,1998-08-03T00:00,0.463,µg/m³,VOC,
63301,HWY 117 & PAINT LAKE ROAD _DORSET_,Butane,1998-08-09T00:00,0.745,µg/m³,VOC,
63301,HWY 117 & PAINT LAKE ROAD _DORSET_,Butane,1998-08-15T00:00,1.475,µg/m³,VOC,
63301,HWY 117 & PAINT LAKE ROAD _DORSET_,Butane,1998-08-27T00:00,0.276,µg/m³,VOC,
63301,HWY 117 & PAINT LAKE ROAD _DORSET_,Butane,1998-09-02T00:00,0.292,µg/m³,VOC,
63301,HWY 117 & PAINT LAKE ROAD _DORSET_,Butane,1998-09-08T00:00,0.174,µg/m³,VOC,
63301,HWY 117 & PAINT LAKE ROAD _DORSET_,Butane,1998-09-14T00:00,0.394,µg/m³,VOC,
63301,HWY 117 & PAINT LAKE ROAD _DORSET_,Butane,1998-09-20T00:00,0.840,µg/m³,VOC,
63301,HWY 117 & PAINT LAKE ROAD _DORSET_,Butane,1998-09-26T00:00,1.824,µg/m³,VOC,
63301,HWY 117 & PAINT LAKE ROAD _DORSET_,Butane,1998-10-02T00:00,0.212,µg/m³,VOC,
63301,HWY 117 & PAINT LAKE ROAD _DORSET_,Butane,1998-10-08T00:00,0.434,µg/m³,VOC,
63301,HWY 117 & PAINT LAKE ROAD _DORSET_,Butane,1998-10-14T00:00,0.554,µg/m³,VOC,
63301,HWY 117 & PAINT LAKE ROAD _DORSET_,Butane,1998-10-20T00:00,0.498,µg/m³,VOC,
63301,HWY 117 & PAINT LAKE ROAD _DORSET_,Butane,1998-10-26T00:00,0.485,µg/m³,VOC,
63301,HWY 117 & PAINT LAKE ROAD _DORSET_,Butane,1998-11-01T00:00,0.479,µg/m³,VOC,
63301,HWY 117 & PAINT LAKE ROAD _DORSET_,Butane,1998-11-07T00:00,0.415,µg/m³,VOC,
63301,HWY 117 & PAINT LAKE ROAD _DORSET_,Butane,1998-11-13T00:00,0.496,µg/m³,VOC,
63301,HWY 117 & PAINT LAKE ROAD _DORSET_,Butane,1998-11-19T00:00,1.658,µg/m³,VOC,
63301,HWY 117 & PAINT LAKE ROAD _DORSET_,Butane,1998-11-25T00:00,1.125,µg/m³,VOC,
63301,HWY 117 & PAINT LAKE ROAD _DORSET_,Butane,1998-12-01T00:00,1.286,µg/m³,VOC,
63301,HWY 117 & PAINT LAKE ROAD _DORSET_,Butane,1998-12-07T00:00,1.096,µg/m³,VOC,
63301,HWY 117 & PAINT LAKE ROAD _DORSET_,Butane,1998-12-13T00:00,1.320,µg/m³,VOC,
63301,HWY 117 & PAINT LAKE ROAD _DORSET_,Butane,1998-12-19T00:00,1.756,µg/m³,VOC,
63301,HWY 117 & PAINT LAKE ROAD _DORSET_,Butane,1998-12-25T00:00,1.260,µg/m³,VOC,
63301,HWY 117 & PAINT LAKE ROAD _DORSET_,Butane,1998-12-31T00:00,2.092,µg/m³,VOC,
