﻿NAPS_Site_ID,Station_Name,Pollutant,Date,Value,Units,Report_Type,Method
90132,EDMONTON MCINTYRE,Titanium,2015-06-26T00:00,0.004,µg/m³,PM2.5,ED-XRF
90132,EDMONTON MCINTYRE,Titanium,2015-06-29T00:00,0.005,µg/m³,PM2.5,ED-XRF
90132,EDMONTON MCINTYRE,Titanium,2015-07-02T00:00,0.004,µg/m³,PM2.5,ED-XRF
90132,EDMONTON MCINTYRE,Titanium,2015-07-05T00:00,0.002,µg/m³,PM2.5,ED-XRF
90132,EDMONTON MCINTYRE,Titanium,2015-07-08T00:00,0.005,µg/m³,PM2.5,ED-XRF
90132,EDMONTON MCINTYRE,Titanium,2015-07-11T00:00,0.004,µg/m³,PM2.5,ED-XRF
90132,EDMONTON MCINTYRE,Titanium,2015-07-14T00:00,0.005,µg/m³,PM2.5,ED-XRF
90132,EDMONTON MCINTYRE,Titanium,2015-07-23T00:00,0.003,µg/m³,PM2.5,ED-XRF
90132,EDMONTON MCINTYRE,Titanium,2015-07-26T00:00,0.001,µg/m³,PM2.5,ED-XRF
90132,EDMONTON MCINTYRE,Titanium,2015-07-29T00:00,0.004,µg/m³,PM2.5,ED-XRF
90132,EDMONTON MCINTYRE,Titanium,2015-08-01T00:00,0.003,µg/m³,PM2.5,ED-XRF
90132,EDMONTON MCINTYRE,Titanium,2015-08-04T00:00,0.002,µg/m³,PM2.5,ED-XRF
90132,EDMONTON MCINTYRE,Titanium,2015-08-07T00:00,0.002,µg/m³,PM2.5,ED-XRF
90132,EDMONTON MCINTYRE,Titanium,2015-08-10T00:00,0.004,µg/m³,PM2.5,ED-XRF
90132,EDMONTON MCINTYRE,Titanium,2015-08-13T00:00,0.006,µg/m³,PM2.5,ED-XRF
90132,EDMONTON MCINTYRE,Titanium,2015-08-16T00:00,0.002,µg/m³,PM2.5,ED-XRF
90132,EDMONTON MCINTYRE,Titanium,2015-08-19T00:00,0.005,µg/m³,PM2.5,ED-XRF
90132,EDMONTON MCINTYRE,Titanium,2015-08-22T00:00,0.002,µg/m³,PM2.5,ED-XRF
90132,EDMONTON MCINTYRE,Titanium,2015-08-25T00:00,0.009,µg/m³,PM2.5,ED-XRF
90132,EDMONTON MCINTYRE,Titanium,2015-08-31T00:00,0.006,µg/m³,PM2.5,ED-XRF
90132,EDMONTON MCINTYRE,Titanium,2015-09-03T00:00,0.006,µg/m³,PM2.5,ED-XRF
90132,EDMONTON MCINTYRE,Titanium,2015-09-06T00:00,0.001,µg/m³,PM2.5,ED-XRF
90132,EDMONTON MCINTYRE,Titanium,2015-09-18T00:00,0.005,µg/m³,PM2.5,ED-XRF
90132,EDMONTON MCINTYRE,Titanium,2015-09-21T00:00,0.004,µg/m³,PM2.5,ED-XRF
90132,EDMONTON MCINTYRE,Titanium,2015-09-27T00:00,0.001,µg/m³,PM2.5,ED-XRF
90132,EDMONTON MCINTYRE,Titanium,2015-09-30T00:00,0.007,µg/m³,PM2.5,ED-XRF
90132,EDMONTON MCINTYRE,Titanium,2015-10-03T00:00,0.001,µg/m³,PM2.5,ED-XRF
90132,EDMONTON MCINTYRE,Titanium,2015-10-06T00:00,0.004,µg/m³,PM2.5,ED-XRF
90132,EDMONTON MCINTYRE,Titanium,2015-10-09T00:00,0.006,µg/m³,PM2.5,ED-XRF
90132,EDMONTON MCINTYRE,Titanium,2015-10-12T00:00,0.001,µg/m³,PM2.5,ED-XRF
90132,EDMONTON MCINTYRE,Titanium,2015-10-18T00:00,0.005,µg/m³,PM2.5,ED-XRF
90132,EDMONTON MCINTYRE,Titanium,2015-10-21T00:00,0.005,µg/m³,PM2.5,ED-XRF
90132,EDMONTON MCINTYRE,Titanium,2015-10-24T00:00,0.005,µg/m³,PM2.5,ED-XRF
90132,EDMONTON MCINTYRE,Titanium,2015-10-27T00:00,0.002,µg/m³,PM2.5,ED-XRF
90132,EDMONTON MCINTYRE,Titanium,2015-10-30T00:00,0.003,µg/m³,PM2.5,ED-XRF
90132,EDMONTON MCINTYRE,Titanium,2015-11-02T00:00,0.002,µg/m³,PM2.5,ED-XRF
90132,EDMONTON MCINTYRE,Titanium,2015-11-05T00:00,0.002,µg/m³,PM2.5,ED-XRF
90132,EDMONTON MCINTYRE,Titanium,2015-11-08T00:00,0.002,µg/m³,PM2.5,ED-XRF
90132,EDMONTON MCINTYRE,Titanium,2015-11-11T00:00,0.002,µg/m³,PM2.5,ED-XRF
90132,EDMONTON MCINTYRE,Titanium,2015-11-14T00:00,0.004,µg/m³,PM2.5,ED-XRF
90132,EDMONTON MCINTYRE,Titanium,2015-11-17T00:00,0.004,µg/m³,PM2.5,ED-XRF
90132,EDMONTON MCINTYRE,Titanium,2015-11-20T00:00,0.003,µg/m³,PM2.5,ED-XRF
90132,EDMONTON MCINTYRE,Titanium,2015-11-23T00:00,0.003,µg/m³,PM2.5,ED-XRF
90132,EDMONTON MCINTYRE,Titanium,2015-11-26T00:00,0.003,µg/m³,PM2.5,ED-XRF
90132,EDMONTON MCINTYRE,Titanium,2015-11-29T00:00,0.008,µg/m³,PM2.5,ED-XRF
90132,EDMONTON MCINTYRE,Titanium,2015-12-05T00:00,0.004,µg/m³,PM2.5,ED-XRF
90132,EDMONTON MCINTYRE,Titanium,2015-12-08T00:00,0.002,µg/m³,PM2.5,ED-XRF
90132,EDMONTON MCINTYRE,Titanium,2015-12-11T00:00,0.000,µg/m³,PM2.5,ED-XRF
90132,EDMONTON MCINTYRE,Titanium,2015-12-14T00:00,0.003,µg/m³,PM2.5,ED-XRF
90132,EDMONTON MCINTYRE,Titanium,2015-12-17T00:00,0.002,µg/m³,PM2.5,ED-XRF
90132,EDMONTON MCINTYRE,Titanium,2015-12-20T00:00,0.001,µg/m³,PM2.5,ED-XRF
90132,EDMONTON MCINTYRE,Titanium,2015-12-23T00:00,0.002,µg/m³,PM2.5,ED-XRF
90132,EDMONTON MCINTYRE,Titanium,2015-12-26T00:00,0.001,µg/m³,PM2.5,ED-XRF
90132,EDMONTON MCINTYRE,Titanium,2015-12-29T00:00,0.003,µg/m³,PM2.5,ED-XRF
90132,EDMONTON MCINTYRE,Titanium,2015-01-03T00:00,0.000,µg/m³,PM2.5,ICPMS
90132,EDMONTON MCINTYRE,Titanium,2015-01-06T00:00,0.000,µg/m³,PM2.5,ICPMS
90132,EDMONTON MCINTYRE,Titanium,2015-01-09T00:00,0.000,µg/m³,PM2.5,ICPMS
90132,EDMONTON MCINTYRE,Titanium,2015-01-12T00:00,0.000,µg/m³,PM2.5,ICPMS
90132,EDMONTON MCINTYRE,Titanium,2015-01-18T00:00,0.000,µg/m³,PM2.5,ICPMS
90132,EDMONTON MCINTYRE,Titanium,2015-01-24T00:00,0.000,µg/m³,PM2.5,ICPMS
90132,EDMONTON MCINTYRE,Titanium,2015-01-27T00:00,0.000,µg/m³,PM2.5,ICPMS
90132,EDMONTON MCINTYRE,Titanium,2015-01-30T00:00,0.000,µg/m³,PM2.5,ICPMS
90132,EDMONTON MCINTYRE,Titanium,2015-02-02T00:00,0.000,µg/m³,PM2.5,ICPMS
90132,EDMONTON MCINTYRE,Titanium,2015-02-05T00:00,0.000,µg/m³,PM2.5,ICPMS
90132,EDMONTON MCINTYRE,Titanium,2015-02-08T00:00,0.000,µg/m³,PM2.5,ICPMS
90132,EDMONTON MCINTYRE,Titanium,2015-02-11T00:00,0.000,µg/m³,PM2.5,ICPMS
90132,EDMONTON MCINTYRE,Titanium,2015-02-14T00:00,0.000,µg/m³,PM2.5,ICPMS
90132,EDMONTON MCINTYRE,Titanium,2015-02-20T00:00,0.000,µg/m³,PM2.5,ICPMS
90132,EDMONTON MCINTYRE,Titanium,2015-02-23T00:00,0.001,µg/m³,PM2.5,ICPMS
90132,EDMONTON MCINTYRE,Titanium,2015-02-26T00:00,0.000,µg/m³,PM2.5,ICPMS
90132,EDMONTON MCINTYRE,Titanium,2015-03-01T00:00,0.000,µg/m³,PM2.5,ICPMS
90132,EDMONTON MCINTYRE,Titanium,2015-03-04T00:00,0.000,µg/m³,PM2.5,ICPMS
90132,EDMONTON MCINTYRE,Titanium,2015-03-07T00:00,0.000,µg/m³,PM2.5,ICPMS
90132,EDMONTON MCINTYRE,Titanium,2015-03-10T00:00,0.000,µg/m³,PM2.5,ICPMS
90132,EDMONTON MCINTYRE,Titanium,2015-03-13T00:00,0.000,µg/m³,PM2.5,ICPMS
90132,EDMONTON MCINTYRE,Titanium,2015-03-16T00:00,0.000,µg/m³,PM2.5,ICPMS
90132,EDMONTON MCINTYRE,Titanium,2015-03-19T00:00,0.001,µg/m³,PM2.5,ICPMS
90132,EDMONTON MCINTYRE,Titanium,2015-03-22T00:00,0.000,µg/m³,PM2.5,ICPMS
90132,EDMONTON MCINTYRE,Titanium,2015-03-25T00:00,0.001,µg/m³,PM2.5,ICPMS
90132,EDMONTON MCINTYRE,Titanium,2015-03-28T00:00,0.000,µg/m³,PM2.5,ICPMS
90132,EDMONTON MCINTYRE,Titanium,2015-03-31T00:00,0.001,µg/m³,PM2.5,ICPMS
90132,EDMONTON MCINTYRE,Titanium,2015-04-03T00:00,0.000,µg/m³,PM2.5,ICPMS
90132,EDMONTON MCINTYRE,Titanium,2015-04-09T00:00,0.001,µg/m³,PM2.5,ICPMS
90132,EDMONTON MCINTYRE,Titanium,2015-04-12T00:00,0.000,µg/m³,PM2.5,ICPMS
90132,EDMONTON MCINTYRE,Titanium,2015-04-15T00:00,0.001,µg/m³,PM2.5,ICPMS
90132,EDMONTON MCINTYRE,Titanium,2015-04-18T00:00,0.000,µg/m³,PM2.5,ICPMS
90132,EDMONTON MCINTYRE,Titanium,2015-04-21T00:00,0.001,µg/m³,PM2.5,ICPMS
90132,EDMONTON MCINTYRE,Titanium,2015-04-24T00:00,0.000,µg/m³,PM2.5,ICPMS
90132,EDMONTON MCINTYRE,Titanium,2015-04-27T00:00,0.001,µg/m³,PM2.5,ICPMS
90132,EDMONTON MCINTYRE,Titanium,2015-04-30T00:00,0.000,µg/m³,PM2.5,ICPMS
90132,EDMONTON MCINTYRE,Titanium,2015-05-03T00:00,0.000,µg/m³,PM2.5,ICPMS
90132,EDMONTON MCINTYRE,Titanium,2015-05-06T00:00,0.000,µg/m³,PM2.5,ICPMS
90132,EDMONTON MCINTYRE,Titanium,2015-05-09T00:00,0.000,µg/m³,PM2.5,ICPMS
90132,EDMONTON MCINTYRE,Titanium,2015-05-12T00:00,0.001,µg/m³,PM2.5,ICPMS
90132,EDMONTON MCINTYRE,Titanium,2015-05-15T00:00,0.000,µg/m³,PM2.5,ICPMS
90132,EDMONTON MCINTYRE,Titanium,2015-05-18T00:00,0.000,µg/m³,PM2.5,ICPMS
90132,EDMONTON MCINTYRE,Titanium,2015-05-21T00:00,0.000,µg/m³,PM2.5,ICPMS
90132,EDMONTON MCINTYRE,Titanium,2015-05-27T00:00,0.001,µg/m³,PM2.5,ICPMS
90132,EDMONTON MCINTYRE,Titanium,2015-05-30T00:00,0.000,µg/m³,PM2.5,ICPMS
90132,EDMONTON MCINTYRE,Titanium,2015-06-02T00:00,0.000,µg/m³,PM2.5,ICPMS
90132,EDMONTON MCINTYRE,Titanium,2015-06-05T00:00,0.000,µg/m³,PM2.5,ICPMS
90132,EDMONTON MCINTYRE,Titanium,2015-06-08T00:00,0.001,µg/m³,PM2.5,ICPMS
90132,EDMONTON MCINTYRE,Titanium,2015-06-11T00:00,0.001,µg/m³,PM2.5,ICPMS
90132,EDMONTON MCINTYRE,Titanium,2015-06-14T00:00,0.000,µg/m³,PM2.5,ICPMS
90132,EDMONTON MCINTYRE,Titanium,2015-06-17T00:00,0.000,µg/m³,PM2.5,ICPMS
90132,EDMONTON MCINTYRE,Titanium,2015-06-20T00:00,0.000,µg/m³,PM2.5,ICPMS
90132,EDMONTON MCINTYRE,Titanium,2015-06-23T00:00,0.001,µg/m³,PM2.5,ICPMS
90132,EDMONTON MCINTYRE,Titanium,2015-06-26T00:00,0.000,µg/m³,PM2.5,ICPMS
90132,EDMONTON MCINTYRE,Titanium,2015-06-26T00:00,0.001,µg/m³,PM2.5,ICPMS
90132,EDMONTON MCINTYRE,Titanium,2015-06-29T00:00,0.000,µg/m³,PM2.5,ICPMS
90132,EDMONTON MCINTYRE,Titanium,2015-06-29T00:00,0.001,µg/m³,PM2.5,ICPMS
90132,EDMONTON MCINTYRE,Titanium,2015-07-02T00:00,0.000,µg/m³,PM2.5,ICPMS
90132,EDMONTON MCINTYRE,Titanium,2015-07-02T00:00,0.001,µg/m³,PM2.5,ICPMS
90132,EDMONTON MCINTYRE,Titanium,2015-07-05T00:00,0.000,µg/m³,PM2.5,ICPMS
90132,EDMONTON MCINTYRE,Titanium,2015-07-05T00:00,0.000,µg/m³,PM2.5,ICPMS
90132,EDMONTON MCINTYRE,Titanium,2015-07-08T00:00,0.001,µg/m³,PM2.5,ICPMS
90132,EDMONTON MCINTYRE,Titanium,2015-07-08T00:00,0.002,µg/m³,PM2.5,ICPMS
90132,EDMONTON MCINTYRE,Titanium,2015-07-11T00:00,0.000,µg/m³,PM2.5,ICPMS
90132,EDMONTON MCINTYRE,Titanium,2015-07-11T00:00,0.002,µg/m³,PM2.5,ICPMS
90132,EDMONTON MCINTYRE,Titanium,2015-07-14T00:00,0.001,µg/m³,PM2.5,ICPMS
90132,EDMONTON MCINTYRE,Titanium,2015-07-14T00:00,0.003,µg/m³,PM2.5,ICPMS
90132,EDMONTON MCINTYRE,Titanium,2015-07-20T00:00,0.000,µg/m³,PM2.5,ICPMS
90132,EDMONTON MCINTYRE,Titanium,2015-07-23T00:00,0.000,µg/m³,PM2.5,ICPMS
90132,EDMONTON MCINTYRE,Titanium,2015-07-23T00:00,0.002,µg/m³,PM2.5,ICPMS
90132,EDMONTON MCINTYRE,Titanium,2015-07-26T00:00,0.000,µg/m³,PM2.5,ICPMS
90132,EDMONTON MCINTYRE,Titanium,2015-07-26T00:00,0.001,µg/m³,PM2.5,ICPMS
90132,EDMONTON MCINTYRE,Titanium,2015-07-29T00:00,0.003,µg/m³,PM2.5,ICPMS
90132,EDMONTON MCINTYRE,Titanium,2015-08-01T00:00,0.001,µg/m³,PM2.5,ICPMS
90132,EDMONTON MCINTYRE,Titanium,2015-08-04T00:00,0.000,µg/m³,PM2.5,ICPMS
90132,EDMONTON MCINTYRE,Titanium,2015-08-04T00:00,0.001,µg/m³,PM2.5,ICPMS
90132,EDMONTON MCINTYRE,Titanium,2015-08-07T00:00,0.000,µg/m³,PM2.5,ICPMS
90132,EDMONTON MCINTYRE,Titanium,2015-08-07T00:00,0.001,µg/m³,PM2.5,ICPMS
90132,EDMONTON MCINTYRE,Titanium,2015-08-10T00:00,0.000,µg/m³,PM2.5,ICPMS
90132,EDMONTON MCINTYRE,Titanium,2015-08-10T00:00,0.002,µg/m³,PM2.5,ICPMS
90132,EDMONTON MCINTYRE,Titanium,2015-08-13T00:00,0.001,µg/m³,PM2.5,ICPMS
90132,EDMONTON MCINTYRE,Titanium,2015-08-13T00:00,0.002,µg/m³,PM2.5,ICPMS
90132,EDMONTON MCINTYRE,Titanium,2015-08-16T00:00,0.000,µg/m³,PM2.5,ICPMS
90132,EDMONTON MCINTYRE,Titanium,2015-08-16T00:00,0.001,µg/m³,PM2.5,ICPMS
90132,EDMONTON MCINTYRE,Titanium,2015-08-19T00:00,0.001,µg/m³,PM2.5,ICPMS
90132,EDMONTON MCINTYRE,Titanium,2015-08-19T00:00,0.002,µg/m³,PM2.5,ICPMS
90132,EDMONTON MCINTYRE,Titanium,2015-08-22T00:00,0.000,µg/m³,PM2.5,ICPMS
90132,EDMONTON MCINTYRE,Titanium,2015-08-22T00:00,0.001,µg/m³,PM2.5,ICPMS
90132,EDMONTON MCINTYRE,Titanium,2015-08-25T00:00,0.001,µg/m³,PM2.5,ICPMS
90132,EDMONTON MCINTYRE,Titanium,2015-08-25T00:00,0.003,µg/m³,PM2.5,ICPMS
90132,EDMONTON MCINTYRE,Titanium,2015-08-28T00:00,0.002,µg/m³,PM2.5,ICPMS
90132,EDMONTON MCINTYRE,Titanium,2015-08-31T00:00,0.003,µg/m³,PM2.5,ICPMS
90132,EDMONTON MCINTYRE,Titanium,2015-09-03T00:00,0.000,µg/m³,PM2.5,ICPMS
90132,EDMONTON MCINTYRE,Titanium,2015-09-03T00:00,0.002,µg/m³,PM2.5,ICPMS
90132,EDMONTON MCINTYRE,Titanium,2015-09-06T00:00,0.000,µg/m³,PM2.5,ICPMS
90132,EDMONTON MCINTYRE,Titanium,2015-09-06T00:00,0.000,µg/m³,PM2.5,ICPMS
90132,EDMONTON MCINTYRE,Titanium,2015-09-09T00:00,0.000,µg/m³,PM2.5,ICPMS
90132,EDMONTON MCINTYRE,Titanium,2015-09-12T00:00,0.000,µg/m³,PM2.5,ICPMS
90132,EDMONTON MCINTYRE,Titanium,2015-09-15T00:00,0.000,µg/m³,PM2.5,ICPMS
90132,EDMONTON MCINTYRE,Titanium,2015-09-18T00:00,0.000,µg/m³,PM2.5,ICPMS
90132,EDMONTON MCINTYRE,Titanium,2015-09-18T00:00,0.002,µg/m³,PM2.5,ICPMS
90132,EDMONTON MCINTYRE,Titanium,2015-09-21T00:00,0.000,µg/m³,PM2.5,ICPMS
90132,EDMONTON MCINTYRE,Titanium,2015-09-21T00:00,0.002,µg/m³,PM2.5,ICPMS
90132,EDMONTON MCINTYRE,Titanium,2015-09-27T00:00,0.000,µg/m³,PM2.5,ICPMS
90132,EDMONTON MCINTYRE,Titanium,2015-09-27T00:00,0.001,µg/m³,PM2.5,ICPMS
90132,EDMONTON MCINTYRE,Titanium,2015-09-30T00:00,0.001,µg/m³,PM2.5,ICPMS
90132,EDMONTON MCINTYRE,Titanium,2015-09-30T00:00,0.004,µg/m³,PM2.5,ICPMS
90132,EDMONTON MCINTYRE,Titanium,2015-10-03T00:00,0.000,µg/m³,PM2.5,ICPMS
90132,EDMONTON MCINTYRE,Titanium,2015-10-03T00:00,0.000,µg/m³,PM2.5,ICPMS
90132,EDMONTON MCINTYRE,Titanium,2015-10-06T00:00,0.000,µg/m³,PM2.5,ICPMS
90132,EDMONTON MCINTYRE,Titanium,2015-10-06T00:00,0.002,µg/m³,PM2.5,ICPMS
90132,EDMONTON MCINTYRE,Titanium,2015-10-09T00:00,0.000,µg/m³,PM2.5,ICPMS
90132,EDMONTON MCINTYRE,Titanium,2015-10-09T00:00,0.004,µg/m³,PM2.5,ICPMS
90132,EDMONTON MCINTYRE,Titanium,2015-10-12T00:00,0.000,µg/m³,PM2.5,ICPMS
90132,EDMONTON MCINTYRE,Titanium,2015-10-12T00:00,0.001,µg/m³,PM2.5,ICPMS
90132,EDMONTON MCINTYRE,Titanium,2015-10-15T00:00,0.001,µg/m³,PM2.5,ICPMS
90132,EDMONTON MCINTYRE,Titanium,2015-10-18T00:00,0.000,µg/m³,PM2.5,ICPMS
90132,EDMONTON MCINTYRE,Titanium,2015-10-18T00:00,0.003,µg/m³,PM2.5,ICPMS
90132,EDMONTON MCINTYRE,Titanium,2015-10-21T00:00,0.003,µg/m³,PM2.5,ICPMS
90132,EDMONTON MCINTYRE,Titanium,2015-10-24T00:00,0.000,µg/m³,PM2.5,ICPMS
90132,EDMONTON MCINTYRE,Titanium,2015-10-24T00:00,0.002,µg/m³,PM2.5,ICPMS
90132,EDMONTON MCINTYRE,Titanium,2015-10-27T00:00,0.000,µg/m³,PM2.5,ICPMS
90132,EDMONTON MCINTYRE,Titanium,2015-10-27T00:00,0.001,µg/m³,PM2.5,ICPMS
90132,EDMONTON MCINTYRE,Titanium,2015-10-30T00:00,0.000,µg/m³,PM2.5,ICPMS
90132,EDMONTON MCINTYRE,Titanium,2015-10-30T00:00,0.002,µg/m³,PM2.5,ICPMS
90132,EDMONTON MCINTYRE,Titanium,2015-11-02T00:00,0.000,µg/m³,PM2.5,ICPMS
90132,EDMONTON MCINTYRE,Titanium,2015-11-02T00:00,0.001,µg/m³,PM2.5,ICPMS
90132,EDMONTON MCINTYRE,Titanium,2015-11-05T00:00,0.000,µg/m³,PM2.5,ICPMS
90132,EDMONTON MCINTYRE,Titanium,2015-11-05T00:00,0.001,µg/m³,PM2.5,ICPMS
90132,EDMONTON MCINTYRE,Titanium,2015-11-08T00:00,0.000,µg/m³,PM2.5,ICPMS
90132,EDMONTON MCINTYRE,Titanium,2015-11-08T00:00,0.001,µg/m³,PM2.5,ICPMS
90132,EDMONTON MCINTYRE,Titanium,2015-11-11T00:00,0.000,µg/m³,PM2.5,ICPMS
90132,EDMONTON MCINTYRE,Titanium,2015-11-11T00:00,0.001,µg/m³,PM2.5,ICPMS
90132,EDMONTON MCINTYRE,Titanium,2015-11-14T00:00,0.000,µg/m³,PM2.5,ICPMS
90132,EDMONTON MCINTYRE,Titanium,2015-11-14T00:00,0.002,µg/m³,PM2.5,ICPMS
90132,EDMONTON MCINTYRE,Titanium,2015-11-17T00:00,0.000,µg/m³,PM2.5,ICPMS
90132,EDMONTON MCINTYRE,Titanium,2015-11-17T00:00,0.003,µg/m³,PM2.5,ICPMS
90132,EDMONTON MCINTYRE,Titanium,2015-11-20T00:00,0.000,µg/m³,PM2.5,ICPMS
90132,EDMONTON MCINTYRE,Titanium,2015-11-20T00:00,0.002,µg/m³,PM2.5,ICPMS
90132,EDMONTON MCINTYRE,Titanium,2015-11-23T00:00,0.000,µg/m³,PM2.5,ICPMS
90132,EDMONTON MCINTYRE,Titanium,2015-11-23T00:00,0.001,µg/m³,PM2.5,ICPMS
90132,EDMONTON MCINTYRE,Titanium,2015-11-26T00:00,0.000,µg/m³,PM2.5,ICPMS
90132,EDMONTON MCINTYRE,Titanium,2015-11-26T00:00,0.002,µg/m³,PM2.5,ICPMS
90132,EDMONTON MCINTYRE,Titanium,2015-11-29T00:00,0.000,µg/m³,PM2.5,ICPMS
90132,EDMONTON MCINTYRE,Titanium,2015-11-29T00:00,0.004,µg/m³,PM2.5,ICPMS
90132,EDMONTON MCINTYRE,Titanium,2015-12-05T00:00,0.000,µg/m³,PM2.5,ICPMS
90132,EDMONTON MCINTYRE,Titanium,2015-12-05T00:00,0.002,µg/m³,PM2.5,ICPMS
90132,EDMONTON MCINTYRE,Titanium,2015-12-08T00:00,0.000,µg/m³,PM2.5,ICPMS
90132,EDMONTON MCINTYRE,Titanium,2015-12-08T00:00,0.002,µg/m³,PM2.5,ICPMS
90132,EDMONTON MCINTYRE,Titanium,2015-12-11T00:00,0.000,µg/m³,PM2.5,ICPMS
90132,EDMONTON MCINTYRE,Titanium,2015-12-11T00:00,0.000,µg/m³,PM2.5,ICPMS
90132,EDMONTON MCINTYRE,Titanium,2015-12-14T00:00,0.000,µg/m³,PM2.5,ICPMS
90132,EDMONTON MCINTYRE,Titanium,2015-12-14T00:00,0.001,µg/m³,PM2.5,ICPMS
90132,EDMONTON MCINTYRE,Titanium,2015-12-17T00:00,0.000,µg/m³,PM2.5,ICPMS
90132,EDMONTON MCINTYRE,Titanium,2015-12-17T00:00,0.001,µg/m³,PM2.5,ICPMS
90132,EDMONTON MCINTYRE,Titanium,2015-12-20T00:00,0.000,µg/m³,PM2.5,ICPMS
90132,EDMONTON MCINTYRE,Titanium,2015-12-20T00:00,0.001,µg/m³,PM2.5,ICPMS
90132,EDMONTON MCINTYRE,Titanium,2015-12-23T00:00,0.000,µg/m³,PM2.5,ICPMS
90132,EDMONTON MCINTYRE,Titanium,2015-12-23T00:00,0.002,µg/m³,PM2.5,ICPMS
90132,EDMONTON MCINTYRE,Titanium,2015-12-26T00:00,0.000,µg/m³,PM2.5,ICPMS
90132,EDMONTON MCINTYRE,Titanium,2015-12-26T00:00,0.001,µg/m³,PM2.5,ICPMS
90132,EDMONTON MCINTYRE,Titanium,2015-12-29T00:00,0.000,µg/m³,PM2.5,ICPMS
90132,EDMONTON MCINTYRE,Titanium,2015-12-29T00:00,0.002,µg/m³,PM2.5,ICPMS
90132,EDMONTON MCINTYRE,Titanium,2015-06-26T00:00,0.021,µg/m³,PM2.5-10,ED-XRF
90132,EDMONTON MCINTYRE,Titanium,2015-06-29T00:00,0.015,µg/m³,PM2.5-10,ED-XRF
90132,EDMONTON MCINTYRE,Titanium,2015-07-02T00:00,0.009,µg/m³,PM2.5-10,ED-XRF
90132,EDMONTON MCINTYRE,Titanium,2015-07-05T00:00,0.002,µg/m³,PM2.5-10,ED-XRF
90132,EDMONTON MCINTYRE,Titanium,2015-07-08T00:00,0.027,µg/m³,PM2.5-10,ED-XRF
90132,EDMONTON MCINTYRE,Titanium,2015-07-11T00:00,0.026,µg/m³,PM2.5-10,ED-XRF
90132,EDMONTON MCINTYRE,Titanium,2015-07-14T00:00,0.008,µg/m³,PM2.5-10,ED-XRF
90132,EDMONTON MCINTYRE,Titanium,2015-07-23T00:00,0.012,µg/m³,PM2.5-10,ED-XRF
90132,EDMONTON MCINTYRE,Titanium,2015-07-26T00:00,0.003,µg/m³,PM2.5-10,ED-XRF
90132,EDMONTON MCINTYRE,Titanium,2015-07-29T00:00,0.021,µg/m³,PM2.5-10,ED-XRF
90132,EDMONTON MCINTYRE,Titanium,2015-08-01T00:00,0.010,µg/m³,PM2.5-10,ED-XRF
90132,EDMONTON MCINTYRE,Titanium,2015-08-04T00:00,0.013,µg/m³,PM2.5-10,ED-XRF
90132,EDMONTON MCINTYRE,Titanium,2015-08-07T00:00,0.011,µg/m³,PM2.5-10,ED-XRF
90132,EDMONTON MCINTYRE,Titanium,2015-08-10T00:00,0.027,µg/m³,PM2.5-10,ED-XRF
90132,EDMONTON MCINTYRE,Titanium,2015-08-13T00:00,0.065,µg/m³,PM2.5-10,ED-XRF
90132,EDMONTON MCINTYRE,Titanium,2015-08-16T00:00,0.004,µg/m³,PM2.5-10,ED-XRF
90132,EDMONTON MCINTYRE,Titanium,2015-08-19T00:00,0.030,µg/m³,PM2.5-10,ED-XRF
90132,EDMONTON MCINTYRE,Titanium,2015-08-22T00:00,0.009,µg/m³,PM2.5-10,ED-XRF
90132,EDMONTON MCINTYRE,Titanium,2015-08-25T00:00,0.033,µg/m³,PM2.5-10,ED-XRF
90132,EDMONTON MCINTYRE,Titanium,2015-08-31T00:00,0.028,µg/m³,PM2.5-10,ED-XRF
90132,EDMONTON MCINTYRE,Titanium,2015-09-03T00:00,0.025,µg/m³,PM2.5-10,ED-XRF
90132,EDMONTON MCINTYRE,Titanium,2015-09-06T00:00,0.001,µg/m³,PM2.5-10,ED-XRF
90132,EDMONTON MCINTYRE,Titanium,2015-09-18T00:00,0.011,µg/m³,PM2.5-10,ED-XRF
90132,EDMONTON MCINTYRE,Titanium,2015-09-21T00:00,0.005,µg/m³,PM2.5-10,ED-XRF
90132,EDMONTON MCINTYRE,Titanium,2015-09-27T00:00,0.003,µg/m³,PM2.5-10,ED-XRF
90132,EDMONTON MCINTYRE,Titanium,2015-09-30T00:00,0.016,µg/m³,PM2.5-10,ED-XRF
90132,EDMONTON MCINTYRE,Titanium,2015-10-03T00:00,0.001,µg/m³,PM2.5-10,ED-XRF
90132,EDMONTON MCINTYRE,Titanium,2015-10-06T00:00,0.016,µg/m³,PM2.5-10,ED-XRF
90132,EDMONTON MCINTYRE,Titanium,2015-10-09T00:00,0.019,µg/m³,PM2.5-10,ED-XRF
90132,EDMONTON MCINTYRE,Titanium,2015-10-12T00:00,0.004,µg/m³,PM2.5-10,ED-XRF
90132,EDMONTON MCINTYRE,Titanium,2015-10-18T00:00,0.012,µg/m³,PM2.5-10,ED-XRF
90132,EDMONTON MCINTYRE,Titanium,2015-10-21T00:00,0.016,µg/m³,PM2.5-10,ED-XRF
90132,EDMONTON MCINTYRE,Titanium,2015-10-24T00:00,0.014,µg/m³,PM2.5-10,ED-XRF
90132,EDMONTON MCINTYRE,Titanium,2015-10-27T00:00,0.001,µg/m³,PM2.5-10,ED-XRF
90132,EDMONTON MCINTYRE,Titanium,2015-10-30T00:00,0.004,µg/m³,PM2.5-10,ED-XRF
90132,EDMONTON MCINTYRE,Titanium,2015-11-02T00:00,0.004,µg/m³,PM2.5-10,ED-XRF
90132,EDMONTON MCINTYRE,Titanium,2015-11-05T00:00,0.004,µg/m³,PM2.5-10,ED-XRF
90132,EDMONTON MCINTYRE,Titanium,2015-11-08T00:00,0.005,µg/m³,PM2.5-10,ED-XRF
90132,EDMONTON MCINTYRE,Titanium,2015-11-11T00:00,0.004,µg/m³,PM2.5-10,ED-XRF
90132,EDMONTON MCINTYRE,Titanium,2015-11-14T00:00,0.005,µg/m³,PM2.5-10,ED-XRF
90132,EDMONTON MCINTYRE,Titanium,2015-11-17T00:00,0.009,µg/m³,PM2.5-10,ED-XRF
90132,EDMONTON MCINTYRE,Titanium,2015-11-20T00:00,0.007,µg/m³,PM2.5-10,ED-XRF
90132,EDMONTON MCINTYRE,Titanium,2015-11-23T00:00,0.013,µg/m³,PM2.5-10,ED-XRF
90132,EDMONTON MCINTYRE,Titanium,2015-11-26T00:00,0.007,µg/m³,PM2.5-10,ED-XRF
90132,EDMONTON MCINTYRE,Titanium,2015-11-29T00:00,0.015,µg/m³,PM2.5-10,ED-XRF
90132,EDMONTON MCINTYRE,Titanium,2015-12-05T00:00,0.006,µg/m³,PM2.5-10,ED-XRF
90132,EDMONTON MCINTYRE,Titanium,2015-12-08T00:00,0.005,µg/m³,PM2.5-10,ED-XRF
90132,EDMONTON MCINTYRE,Titanium,2015-12-11T00:00,0.001,µg/m³,PM2.5-10,ED-XRF
90132,EDMONTON MCINTYRE,Titanium,2015-12-14T00:00,0.004,µg/m³,PM2.5-10,ED-XRF
90132,EDMONTON MCINTYRE,Titanium,2015-12-17T00:00,0.002,µg/m³,PM2.5-10,ED-XRF
90132,EDMONTON MCINTYRE,Titanium,2015-12-20T00:00,0.004,µg/m³,PM2.5-10,ED-XRF
90132,EDMONTON MCINTYRE,Titanium,2015-12-23T00:00,0.004,µg/m³,PM2.5-10,ED-XRF
90132,EDMONTON MCINTYRE,Titanium,2015-12-26T00:00,0.003,µg/m³,PM2.5-10,ED-XRF
90132,EDMONTON MCINTYRE,Titanium,2015-12-29T00:00,0.007,µg/m³,PM2.5-10,ED-XRF
