﻿NAPS_Site_ID,Station_Name,Pollutant,Date,Value,Units,Report_Type,Method
50136,MONTRÉAL-ST-DOMINIQUE,"2,5-Dimethylhexane",2022-06-10T00:00,0.006,µg/m³,VOC,GC-MS
50136,MONTRÉAL-ST-DOMINIQUE,"2,5-Dimethylhexane",2022-06-16T00:00,0.012,µg/m³,VOC,GC-MS
50136,MONTRÉAL-ST-DOMINIQUE,"2,5-Dimethylhexane",2022-06-28T00:00,0.008,µg/m³,VOC,GC-MS
50136,MONTRÉAL-ST-DOMINIQUE,"2,5-Dimethylhexane",2022-07-04T00:00,0.010,µg/m³,VOC,GC-MS
50136,MONTRÉAL-ST-DOMINIQUE,"2,5-Dimethylhexane",2022-07-10T00:00,0.006,µg/m³,VOC,GC-MS
50136,MONTRÉAL-ST-DOMINIQUE,"2,5-Dimethylhexane",2022-07-16T00:00,0.008,µg/m³,VOC,GC-MS
50136,MONTRÉAL-ST-DOMINIQUE,"2,5-Dimethylhexane",2022-07-22T00:00,0.008,µg/m³,VOC,GC-MS
50136,MONTRÉAL-ST-DOMINIQUE,"2,5-Dimethylhexane",2022-07-28T00:00,0.010,µg/m³,VOC,GC-MS
50136,MONTRÉAL-ST-DOMINIQUE,"2,5-Dimethylhexane",2022-08-03T00:00,0.010,µg/m³,VOC,GC-MS
50136,MONTRÉAL-ST-DOMINIQUE,"2,5-Dimethylhexane",2022-08-09T00:00,0.006,µg/m³,VOC,GC-MS
50136,MONTRÉAL-ST-DOMINIQUE,"2,5-Dimethylhexane",2022-08-21T00:00,0.014,µg/m³,VOC,GC-MS
50136,MONTRÉAL-ST-DOMINIQUE,"2,5-Dimethylhexane",2022-08-27T00:00,0.014,µg/m³,VOC,GC-MS
50136,MONTRÉAL-ST-DOMINIQUE,"2,5-Dimethylhexane",2022-09-02T00:00,0.014,µg/m³,VOC,GC-MS
50136,MONTRÉAL-ST-DOMINIQUE,"2,5-Dimethylhexane",2022-09-08T00:00,0.022,µg/m³,VOC,GC-MS
50136,MONTRÉAL-ST-DOMINIQUE,"2,5-Dimethylhexane",2022-09-26T00:00,0.026,µg/m³,VOC,GC-MS
50136,MONTRÉAL-ST-DOMINIQUE,"2,5-Dimethylhexane",2022-10-02T00:00,0.014,µg/m³,VOC,GC-MS
50136,MONTRÉAL-ST-DOMINIQUE,"2,5-Dimethylhexane",2022-10-08T00:00,0.008,µg/m³,VOC,GC-MS
50136,MONTRÉAL-ST-DOMINIQUE,"2,5-Dimethylhexane",2022-10-14T00:00,0.018,µg/m³,VOC,GC-MS
50136,MONTRÉAL-ST-DOMINIQUE,"2,5-Dimethylhexane",2022-10-20T00:00,0.006,µg/m³,VOC,GC-MS
50136,MONTRÉAL-ST-DOMINIQUE,"2,5-Dimethylhexane",2022-10-26T00:00,0.010,µg/m³,VOC,GC-MS
50136,MONTRÉAL-ST-DOMINIQUE,"2,5-Dimethylhexane",2022-11-01T00:00,0.034,µg/m³,VOC,GC-MS
50136,MONTRÉAL-ST-DOMINIQUE,"2,5-Dimethylhexane",2022-11-07T00:00,0.006,µg/m³,VOC,GC-MS
50136,MONTRÉAL-ST-DOMINIQUE,"2,5-Dimethylhexane",2022-11-13T00:00,0.004,µg/m³,VOC,GC-MS
50136,MONTRÉAL-ST-DOMINIQUE,"2,5-Dimethylhexane",2022-11-19T00:00,0.008,µg/m³,VOC,GC-MS
50136,MONTRÉAL-ST-DOMINIQUE,"2,5-Dimethylhexane",2022-11-25T00:00,0.038,µg/m³,VOC,GC-MS
50136,MONTRÉAL-ST-DOMINIQUE,"2,5-Dimethylhexane",2022-12-01T00:00,0.008,µg/m³,VOC,GC-MS
50136,MONTRÉAL-ST-DOMINIQUE,"2,5-Dimethylhexane",2022-12-07T00:00,0.020,µg/m³,VOC,GC-MS
50136,MONTRÉAL-ST-DOMINIQUE,"2,5-Dimethylhexane",2022-12-13T00:00,0.010,µg/m³,VOC,GC-MS
