﻿NAPS_Site_ID,Station_Name,Pollutant,Date,Value,Units,Report_Type,Method
80110,REGINA-2505 11TH. AVENUE,1-Propyne,2011-01-03T00:00,0.087,µg/m³,VOC,N/A
80110,REGINA-2505 11TH. AVENUE,1-Propyne,2011-01-09T00:00,0.158,µg/m³,VOC,N/A
80110,REGINA-2505 11TH. AVENUE,1-Propyne,2011-01-15T00:00,0.065,µg/m³,VOC,N/A
80110,REGINA-2505 11TH. AVENUE,1-Propyne,2011-01-21T00:00,0.114,µg/m³,VOC,N/A
80110,REGINA-2505 11TH. AVENUE,1-Propyne,2011-01-27T00:00,0.114,µg/m³,VOC,N/A
80110,REGINA-2505 11TH. AVENUE,1-Propyne,2011-02-02T00:00,0.068,µg/m³,VOC,N/A
80110,REGINA-2505 11TH. AVENUE,1-Propyne,2011-02-08T00:00,0.059,µg/m³,VOC,N/A
80110,REGINA-2505 11TH. AVENUE,1-Propyne,2011-02-14T00:00,0.037,µg/m³,VOC,N/A
80110,REGINA-2505 11TH. AVENUE,1-Propyne,2011-02-20T00:00,0.105,µg/m³,VOC,N/A
80110,REGINA-2505 11TH. AVENUE,1-Propyne,2011-02-26T00:00,0.034,µg/m³,VOC,N/A
80110,REGINA-2505 11TH. AVENUE,1-Propyne,2011-03-04T00:00,0.113,µg/m³,VOC,N/A
80110,REGINA-2505 11TH. AVENUE,1-Propyne,2011-03-10T00:00,0.040,µg/m³,VOC,N/A
80110,REGINA-2505 11TH. AVENUE,1-Propyne,2011-03-28T00:00,0.025,µg/m³,VOC,N/A
80110,REGINA-2505 11TH. AVENUE,1-Propyne,2011-04-03T00:00,0.028,µg/m³,VOC,N/A
80110,REGINA-2505 11TH. AVENUE,1-Propyne,2011-04-09T00:00,0.069,µg/m³,VOC,N/A
80110,REGINA-2505 11TH. AVENUE,1-Propyne,2011-04-15T00:00,0.024,µg/m³,VOC,N/A
80110,REGINA-2505 11TH. AVENUE,1-Propyne,2011-04-21T00:00,0.036,µg/m³,VOC,N/A
80110,REGINA-2505 11TH. AVENUE,1-Propyne,2011-04-27T00:00,0.028,µg/m³,VOC,N/A
80110,REGINA-2505 11TH. AVENUE,1-Propyne,2011-05-03T00:00,0.025,µg/m³,VOC,N/A
80110,REGINA-2505 11TH. AVENUE,1-Propyne,2011-05-09T00:00,0.036,µg/m³,VOC,N/A
80110,REGINA-2505 11TH. AVENUE,1-Propyne,2011-05-15T00:00,0.020,µg/m³,VOC,N/A
80110,REGINA-2505 11TH. AVENUE,1-Propyne,2011-05-21T00:00,0.076,µg/m³,VOC,N/A
80110,REGINA-2505 11TH. AVENUE,1-Propyne,2011-05-27T00:00,0.049,µg/m³,VOC,N/A
80110,REGINA-2505 11TH. AVENUE,1-Propyne,2011-06-02T00:00,0.045,µg/m³,VOC,N/A
80110,REGINA-2505 11TH. AVENUE,1-Propyne,2011-06-08T00:00,0.058,µg/m³,VOC,N/A
80110,REGINA-2505 11TH. AVENUE,1-Propyne,2011-06-14T00:00,0.062,µg/m³,VOC,N/A
80110,REGINA-2505 11TH. AVENUE,1-Propyne,2011-06-20T00:00,0.048,µg/m³,VOC,N/A
80110,REGINA-2505 11TH. AVENUE,1-Propyne,2011-06-26T00:00,0.035,µg/m³,VOC,N/A
80110,REGINA-2505 11TH. AVENUE,1-Propyne,2011-07-02T00:00,0.039,µg/m³,VOC,N/A
80110,REGINA-2505 11TH. AVENUE,1-Propyne,2011-07-08T00:00,0.027,µg/m³,VOC,N/A
80110,REGINA-2505 11TH. AVENUE,1-Propyne,2011-07-14T00:00,0.034,µg/m³,VOC,N/A
80110,REGINA-2505 11TH. AVENUE,1-Propyne,2011-07-20T00:00,0.035,µg/m³,VOC,N/A
80110,REGINA-2505 11TH. AVENUE,1-Propyne,2011-07-26T00:00,0.037,µg/m³,VOC,N/A
80110,REGINA-2505 11TH. AVENUE,1-Propyne,2011-08-01T00:00,0.048,µg/m³,VOC,N/A
80110,REGINA-2505 11TH. AVENUE,1-Propyne,2011-08-07T00:00,0.059,µg/m³,VOC,N/A
80110,REGINA-2505 11TH. AVENUE,1-Propyne,2011-08-13T00:00,0.033,µg/m³,VOC,N/A
80110,REGINA-2505 11TH. AVENUE,1-Propyne,2011-08-25T00:00,0.070,µg/m³,VOC,N/A
80110,REGINA-2505 11TH. AVENUE,1-Propyne,2011-08-31T00:00,0.076,µg/m³,VOC,N/A
80110,REGINA-2505 11TH. AVENUE,1-Propyne,2011-09-06T00:00,0.203,µg/m³,VOC,N/A
80110,REGINA-2505 11TH. AVENUE,1-Propyne,2011-09-12T00:00,0.068,µg/m³,VOC,N/A
80110,REGINA-2505 11TH. AVENUE,1-Propyne,2011-09-18T00:00,0.055,µg/m³,VOC,N/A
80110,REGINA-2505 11TH. AVENUE,1-Propyne,2011-09-24T00:00,0.227,µg/m³,VOC,N/A
80110,REGINA-2505 11TH. AVENUE,1-Propyne,2011-09-30T00:00,0.046,µg/m³,VOC,N/A
80110,REGINA-2505 11TH. AVENUE,1-Propyne,2011-10-07T00:00,0.057,µg/m³,VOC,N/A
80110,REGINA-2505 11TH. AVENUE,1-Propyne,2011-10-12T00:00,0.138,µg/m³,VOC,N/A
80110,REGINA-2505 11TH. AVENUE,1-Propyne,2011-10-18T00:00,0.643,µg/m³,VOC,N/A
80110,REGINA-2505 11TH. AVENUE,1-Propyne,2011-12-17T00:00,0.075,µg/m³,VOC,N/A
80110,REGINA-2505 11TH. AVENUE,1-Propyne,2011-12-23T00:00,0.104,µg/m³,VOC,N/A
80110,REGINA-2505 11TH. AVENUE,1-Propyne,2011-12-29T00:00,0.077,µg/m³,VOC,N/A
