﻿NAPS_Site_ID,Station_Name,Pollutant,Date,Value,Units,Report_Type,Method
60512,BEASLEY PARK _HAMILTON_DOWNTOWN_,Trichloroethylene,1991-01-06T00:00,0.178,µg/m³,VOC,GC-MS
60512,BEASLEY PARK _HAMILTON_DOWNTOWN_,Trichloroethylene,1991-01-12T00:00,0.271,µg/m³,VOC,GC-MS
60512,BEASLEY PARK _HAMILTON_DOWNTOWN_,Trichloroethylene,1991-01-18T00:00,0.000,µg/m³,VOC,GC-MS
60512,BEASLEY PARK _HAMILTON_DOWNTOWN_,Trichloroethylene,1991-01-24T00:00,0.354,µg/m³,VOC,GC-MS
60512,BEASLEY PARK _HAMILTON_DOWNTOWN_,Trichloroethylene,1991-01-30T00:00,0.551,µg/m³,VOC,GC-MS
60512,BEASLEY PARK _HAMILTON_DOWNTOWN_,Trichloroethylene,1991-02-05T00:00,0.000,µg/m³,VOC,GC-MS
60512,BEASLEY PARK _HAMILTON_DOWNTOWN_,Trichloroethylene,1991-02-17T00:00,0.125,µg/m³,VOC,GC-MS
60512,BEASLEY PARK _HAMILTON_DOWNTOWN_,Trichloroethylene,1991-02-23T00:00,0.177,µg/m³,VOC,GC-MS
60512,BEASLEY PARK _HAMILTON_DOWNTOWN_,Trichloroethylene,1991-03-01T00:00,0.367,µg/m³,VOC,GC-MS
60512,BEASLEY PARK _HAMILTON_DOWNTOWN_,Trichloroethylene,1991-03-07T00:00,0.000,µg/m³,VOC,GC-MS
60512,BEASLEY PARK _HAMILTON_DOWNTOWN_,Trichloroethylene,1991-03-13T00:00,0.347,µg/m³,VOC,GC-MS
60512,BEASLEY PARK _HAMILTON_DOWNTOWN_,Trichloroethylene,1991-03-19T00:00,0.000,µg/m³,VOC,GC-MS
60512,BEASLEY PARK _HAMILTON_DOWNTOWN_,Trichloroethylene,1991-03-25T00:00,0.000,µg/m³,VOC,GC-MS
60512,BEASLEY PARK _HAMILTON_DOWNTOWN_,Trichloroethylene,1991-03-31T00:00,0.000,µg/m³,VOC,GC-MS
60512,BEASLEY PARK _HAMILTON_DOWNTOWN_,Trichloroethylene,1991-04-06T00:00,0.000,µg/m³,VOC,GC-MS
60512,BEASLEY PARK _HAMILTON_DOWNTOWN_,Trichloroethylene,1991-04-18T00:00,0.000,µg/m³,VOC,GC-MS
60512,BEASLEY PARK _HAMILTON_DOWNTOWN_,Trichloroethylene,1991-04-24T00:00,0.376,µg/m³,VOC,GC-MS
60512,BEASLEY PARK _HAMILTON_DOWNTOWN_,Trichloroethylene,1991-04-30T00:00,0.000,µg/m³,VOC,GC-MS
60512,BEASLEY PARK _HAMILTON_DOWNTOWN_,Trichloroethylene,1991-05-12T00:00,0.000,µg/m³,VOC,GC-MS
60512,BEASLEY PARK _HAMILTON_DOWNTOWN_,Trichloroethylene,1991-05-18T00:00,0.000,µg/m³,VOC,GC-MS
60512,BEASLEY PARK _HAMILTON_DOWNTOWN_,Trichloroethylene,1991-05-24T00:00,0.000,µg/m³,VOC,GC-MS
60512,BEASLEY PARK _HAMILTON_DOWNTOWN_,Trichloroethylene,1991-05-30T00:00,0.000,µg/m³,VOC,GC-MS
60512,BEASLEY PARK _HAMILTON_DOWNTOWN_,Trichloroethylene,1991-06-05T00:00,0.335,µg/m³,VOC,GC-MS
60512,BEASLEY PARK _HAMILTON_DOWNTOWN_,Trichloroethylene,1991-06-11T00:00,0.309,µg/m³,VOC,GC-MS
60512,BEASLEY PARK _HAMILTON_DOWNTOWN_,Trichloroethylene,1991-06-17T00:00,0.000,µg/m³,VOC,GC-MS
60512,BEASLEY PARK _HAMILTON_DOWNTOWN_,Trichloroethylene,1991-06-23T00:00,0.000,µg/m³,VOC,GC-MS
60512,BEASLEY PARK _HAMILTON_DOWNTOWN_,Trichloroethylene,1991-06-30T00:00,0.000,µg/m³,VOC,GC-MS
60512,BEASLEY PARK _HAMILTON_DOWNTOWN_,Trichloroethylene,1991-07-05T00:00,0.316,µg/m³,VOC,GC-MS
60512,BEASLEY PARK _HAMILTON_DOWNTOWN_,Trichloroethylene,1991-07-11T00:00,0.379,µg/m³,VOC,GC-MS
60512,BEASLEY PARK _HAMILTON_DOWNTOWN_,Trichloroethylene,1991-07-17T00:00,0.000,µg/m³,VOC,GC-MS
60512,BEASLEY PARK _HAMILTON_DOWNTOWN_,Trichloroethylene,1991-07-23T00:00,0.708,µg/m³,VOC,GC-MS
60512,BEASLEY PARK _HAMILTON_DOWNTOWN_,Trichloroethylene,1991-07-29T00:00,0.655,µg/m³,VOC,GC-MS
60512,BEASLEY PARK _HAMILTON_DOWNTOWN_,Trichloroethylene,1991-08-04T00:00,0.000,µg/m³,VOC,GC-MS
60512,BEASLEY PARK _HAMILTON_DOWNTOWN_,Trichloroethylene,1991-08-10T00:00,0.158,µg/m³,VOC,GC-MS
60512,BEASLEY PARK _HAMILTON_DOWNTOWN_,Trichloroethylene,1991-08-16T00:00,0.000,µg/m³,VOC,GC-MS
60512,BEASLEY PARK _HAMILTON_DOWNTOWN_,Trichloroethylene,1991-08-22T00:00,0.678,µg/m³,VOC,GC-MS
60512,BEASLEY PARK _HAMILTON_DOWNTOWN_,Trichloroethylene,1991-08-28T00:00,0.252,µg/m³,VOC,GC-MS
60512,BEASLEY PARK _HAMILTON_DOWNTOWN_,Trichloroethylene,1991-09-03T00:00,0.000,µg/m³,VOC,GC-MS
60512,BEASLEY PARK _HAMILTON_DOWNTOWN_,Trichloroethylene,1991-09-09T00:00,0.289,µg/m³,VOC,GC-MS
60512,BEASLEY PARK _HAMILTON_DOWNTOWN_,Trichloroethylene,1991-09-15T00:00,0.282,µg/m³,VOC,GC-MS
