﻿NAPS_Site_ID,Station_Name,Pollutant,Date,Value,Units,Report_Type,Method
70119,ELLEN,"Indeno(1,2,3-cd)Pyrene",2001-01-01T00:00,0.000,µg/m³,PAH,
70119,ELLEN,"Indeno(1,2,3-cd)Pyrene",2001-01-25T00:00,0.000,µg/m³,PAH,
70119,ELLEN,"Indeno(1,2,3-cd)Pyrene",2001-03-14T00:00,0.000,µg/m³,PAH,
70119,ELLEN,"Indeno(1,2,3-cd)Pyrene",2001-04-07T00:00,0.000,µg/m³,PAH,
70119,ELLEN,"Indeno(1,2,3-cd)Pyrene",2001-05-01T00:00,0.000,µg/m³,PAH,
70119,ELLEN,"Indeno(1,2,3-cd)Pyrene",2001-05-25T00:00,0.000,µg/m³,PAH,
70119,ELLEN,"Indeno(1,2,3-cd)Pyrene",2001-06-18T00:00,0.000,µg/m³,PAH,
70119,ELLEN,"Indeno(1,2,3-cd)Pyrene",2001-08-29T00:00,0.000,µg/m³,PAH,
70119,ELLEN,"Indeno(1,2,3-cd)Pyrene",2001-09-22T00:00,0.000,µg/m³,PAH,
70119,ELLEN,"Indeno(1,2,3-cd)Pyrene",2001-11-09T00:00,0.001,µg/m³,PAH,
70119,ELLEN,"Indeno(1,2,3-cd)Pyrene",2001-12-03T00:00,0.000,µg/m³,PAH,
70119,ELLEN,"Indeno(1,2,3-cd)Pyrene",2001-12-27T00:00,0.000,µg/m³,PAH,
