﻿NAPS_Site_ID,Station_Name,Pollutant,Date,Value,Units,Report_Type,Method
61004,CENTENNIAL PARK _SARNIA_,2-Methylpentane,1990-01-05T00:00,2.678,µg/m³,VOC,N/A
61004,CENTENNIAL PARK _SARNIA_,2-Methylpentane,1990-01-11T00:00,2.965,µg/m³,VOC,N/A
61004,CENTENNIAL PARK _SARNIA_,2-Methylpentane,1990-01-17T00:00,7.093,µg/m³,VOC,N/A
61004,CENTENNIAL PARK _SARNIA_,2-Methylpentane,1990-01-23T00:00,4.163,µg/m³,VOC,N/A
61004,CENTENNIAL PARK _SARNIA_,2-Methylpentane,1990-01-29T00:00,7.839,µg/m³,VOC,N/A
61004,CENTENNIAL PARK _SARNIA_,2-Methylpentane,1990-02-04T00:00,1.862,µg/m³,VOC,N/A
61004,CENTENNIAL PARK _SARNIA_,2-Methylpentane,1990-02-10T00:00,1.589,µg/m³,VOC,N/A
61004,CENTENNIAL PARK _SARNIA_,2-Methylpentane,1990-02-16T00:00,3.131,µg/m³,VOC,N/A
61004,CENTENNIAL PARK _SARNIA_,2-Methylpentane,1990-02-22T00:00,6.679,µg/m³,VOC,N/A
61004,CENTENNIAL PARK _SARNIA_,2-Methylpentane,1990-02-28T00:00,1.148,µg/m³,VOC,N/A
61004,CENTENNIAL PARK _SARNIA_,2-Methylpentane,1990-03-06T00:00,1.323,µg/m³,VOC,N/A
61004,CENTENNIAL PARK _SARNIA_,2-Methylpentane,1990-03-12T00:00,19.897,µg/m³,VOC,N/A
61004,CENTENNIAL PARK _SARNIA_,2-Methylpentane,1990-03-18T00:00,5.635,µg/m³,VOC,N/A
61004,CENTENNIAL PARK _SARNIA_,2-Methylpentane,1990-03-24T00:00,3.368,µg/m³,VOC,N/A
61004,CENTENNIAL PARK _SARNIA_,2-Methylpentane,1990-03-30T00:00,3.458,µg/m³,VOC,N/A
61004,CENTENNIAL PARK _SARNIA_,2-Methylpentane,1990-04-05T00:00,0.916,µg/m³,VOC,N/A
61004,CENTENNIAL PARK _SARNIA_,2-Methylpentane,1990-04-11T00:00,1.054,µg/m³,VOC,N/A
61004,CENTENNIAL PARK _SARNIA_,2-Methylpentane,1990-04-17T00:00,0.966,µg/m³,VOC,N/A
61004,CENTENNIAL PARK _SARNIA_,2-Methylpentane,1990-04-23T00:00,11.686,µg/m³,VOC,N/A
61004,CENTENNIAL PARK _SARNIA_,2-Methylpentane,1990-04-29T00:00,7.189,µg/m³,VOC,N/A
61004,CENTENNIAL PARK _SARNIA_,2-Methylpentane,1990-05-05T00:00,1.634,µg/m³,VOC,N/A
61004,CENTENNIAL PARK _SARNIA_,2-Methylpentane,1990-05-11T00:00,2.398,µg/m³,VOC,N/A
61004,CENTENNIAL PARK _SARNIA_,2-Methylpentane,1990-05-17T00:00,5.370,µg/m³,VOC,N/A
61004,CENTENNIAL PARK _SARNIA_,2-Methylpentane,1990-05-23T00:00,2.500,µg/m³,VOC,N/A
61004,CENTENNIAL PARK _SARNIA_,2-Methylpentane,1990-05-29T00:00,1.410,µg/m³,VOC,N/A
61004,CENTENNIAL PARK _SARNIA_,2-Methylpentane,1990-06-04T00:00,2.889,µg/m³,VOC,N/A
61004,CENTENNIAL PARK _SARNIA_,2-Methylpentane,1990-06-10T00:00,2.382,µg/m³,VOC,N/A
61004,CENTENNIAL PARK _SARNIA_,2-Methylpentane,1990-06-16T00:00,2.869,µg/m³,VOC,N/A
61004,CENTENNIAL PARK _SARNIA_,2-Methylpentane,1990-06-28T00:00,3.178,µg/m³,VOC,N/A
61004,CENTENNIAL PARK _SARNIA_,2-Methylpentane,1990-07-04T00:00,6.017,µg/m³,VOC,N/A
61004,CENTENNIAL PARK _SARNIA_,2-Methylpentane,1990-07-10T00:00,3.605,µg/m³,VOC,N/A
61004,CENTENNIAL PARK _SARNIA_,2-Methylpentane,1990-07-16T00:00,7.185,µg/m³,VOC,N/A
61004,CENTENNIAL PARK _SARNIA_,2-Methylpentane,1990-08-03T00:00,10.929,µg/m³,VOC,N/A
61004,CENTENNIAL PARK _SARNIA_,2-Methylpentane,1990-08-09T00:00,13.316,µg/m³,VOC,N/A
61004,CENTENNIAL PARK _SARNIA_,2-Methylpentane,1990-08-15T00:00,7.814,µg/m³,VOC,N/A
61004,CENTENNIAL PARK _SARNIA_,2-Methylpentane,1990-08-21T00:00,7.695,µg/m³,VOC,N/A
61004,CENTENNIAL PARK _SARNIA_,2-Methylpentane,1990-08-27T00:00,5.216,µg/m³,VOC,N/A
61004,CENTENNIAL PARK _SARNIA_,2-Methylpentane,1990-09-02T00:00,3.491,µg/m³,VOC,N/A
61004,CENTENNIAL PARK _SARNIA_,2-Methylpentane,1990-09-08T00:00,2.091,µg/m³,VOC,N/A
61004,CENTENNIAL PARK _SARNIA_,2-Methylpentane,1990-09-14T00:00,7.315,µg/m³,VOC,N/A
61004,CENTENNIAL PARK _SARNIA_,2-Methylpentane,1990-09-20T00:00,7.531,µg/m³,VOC,N/A
61004,CENTENNIAL PARK _SARNIA_,2-Methylpentane,1990-09-26T00:00,5.671,µg/m³,VOC,N/A
61004,CENTENNIAL PARK _SARNIA_,2-Methylpentane,1990-10-02T00:00,4.353,µg/m³,VOC,N/A
61004,CENTENNIAL PARK _SARNIA_,2-Methylpentane,1990-10-08T00:00,2.171,µg/m³,VOC,N/A
61004,CENTENNIAL PARK _SARNIA_,2-Methylpentane,1990-10-14T00:00,7.234,µg/m³,VOC,N/A
61004,CENTENNIAL PARK _SARNIA_,2-Methylpentane,1990-10-20T00:00,1.998,µg/m³,VOC,N/A
61004,CENTENNIAL PARK _SARNIA_,2-Methylpentane,1990-10-26T00:00,2.380,µg/m³,VOC,N/A
61004,CENTENNIAL PARK _SARNIA_,2-Methylpentane,1990-11-01T00:00,7.464,µg/m³,VOC,N/A
61004,CENTENNIAL PARK _SARNIA_,2-Methylpentane,1990-11-19T00:00,4.714,µg/m³,VOC,N/A
61004,CENTENNIAL PARK _SARNIA_,2-Methylpentane,1990-11-25T00:00,0.415,µg/m³,VOC,N/A
61004,CENTENNIAL PARK _SARNIA_,2-Methylpentane,1990-12-01T00:00,0.930,µg/m³,VOC,N/A
61004,CENTENNIAL PARK _SARNIA_,2-Methylpentane,1990-12-07T00:00,4.498,µg/m³,VOC,N/A
61004,CENTENNIAL PARK _SARNIA_,2-Methylpentane,1990-12-13T00:00,0.808,µg/m³,VOC,N/A
61004,CENTENNIAL PARK _SARNIA_,2-Methylpentane,1990-12-19T00:00,2.402,µg/m³,VOC,N/A
61004,CENTENNIAL PARK _SARNIA_,2-Methylpentane,1990-12-25T00:00,2.572,µg/m³,VOC,N/A
