﻿NAPS_Site_ID,Station_Name,Pollutant,Date,Value,Units,Report_Type,Method
54401,SAINT-ANICET,Isopentane,2011-01-03T00:00,0.227,µg/m³,VOC,N/A
54401,SAINT-ANICET,Isopentane,2011-01-06T00:00,0.347,µg/m³,VOC,N/A
54401,SAINT-ANICET,Isopentane,2011-01-09T00:00,0.293,µg/m³,VOC,N/A
54401,SAINT-ANICET,Isopentane,2011-01-12T00:00,0.297,µg/m³,VOC,N/A
54401,SAINT-ANICET,Isopentane,2011-01-15T00:00,0.450,µg/m³,VOC,N/A
54401,SAINT-ANICET,Isopentane,2011-01-18T00:00,1.217,µg/m³,VOC,N/A
54401,SAINT-ANICET,Isopentane,2011-01-21T00:00,0.415,µg/m³,VOC,N/A
54401,SAINT-ANICET,Isopentane,2011-01-24T00:00,0.664,µg/m³,VOC,N/A
54401,SAINT-ANICET,Isopentane,2011-01-27T00:00,1.415,µg/m³,VOC,N/A
54401,SAINT-ANICET,Isopentane,2011-01-30T00:00,0.691,µg/m³,VOC,N/A
54401,SAINT-ANICET,Isopentane,2011-02-02T00:00,0.782,µg/m³,VOC,N/A
54401,SAINT-ANICET,Isopentane,2011-02-05T00:00,0.616,µg/m³,VOC,N/A
54401,SAINT-ANICET,Isopentane,2011-02-08T00:00,0.911,µg/m³,VOC,N/A
54401,SAINT-ANICET,Isopentane,2011-02-11T00:00,0.891,µg/m³,VOC,N/A
54401,SAINT-ANICET,Isopentane,2011-02-20T00:00,0.357,µg/m³,VOC,N/A
54401,SAINT-ANICET,Isopentane,2011-02-23T00:00,0.307,µg/m³,VOC,N/A
54401,SAINT-ANICET,Isopentane,2011-02-26T00:00,0.441,µg/m³,VOC,N/A
54401,SAINT-ANICET,Isopentane,2011-03-01T00:00,0.344,µg/m³,VOC,N/A
54401,SAINT-ANICET,Isopentane,2011-03-04T00:00,0.570,µg/m³,VOC,N/A
54401,SAINT-ANICET,Isopentane,2011-03-07T00:00,0.296,µg/m³,VOC,N/A
54401,SAINT-ANICET,Isopentane,2011-03-10T00:00,0.194,µg/m³,VOC,N/A
54401,SAINT-ANICET,Isopentane,2011-03-13T00:00,0.148,µg/m³,VOC,N/A
54401,SAINT-ANICET,Isopentane,2011-03-16T00:00,1.533,µg/m³,VOC,N/A
54401,SAINT-ANICET,Isopentane,2011-03-19T00:00,0.833,µg/m³,VOC,N/A
54401,SAINT-ANICET,Isopentane,2011-03-22T00:00,0.120,µg/m³,VOC,N/A
54401,SAINT-ANICET,Isopentane,2011-03-25T00:00,0.173,µg/m³,VOC,N/A
54401,SAINT-ANICET,Isopentane,2011-03-28T00:00,0.182,µg/m³,VOC,N/A
54401,SAINT-ANICET,Isopentane,2011-03-31T00:00,0.881,µg/m³,VOC,N/A
54401,SAINT-ANICET,Isopentane,2011-04-03T00:00,0.074,µg/m³,VOC,N/A
54401,SAINT-ANICET,Isopentane,2011-04-06T00:00,0.150,µg/m³,VOC,N/A
54401,SAINT-ANICET,Isopentane,2011-04-09T00:00,0.176,µg/m³,VOC,N/A
54401,SAINT-ANICET,Isopentane,2011-04-12T00:00,0.052,µg/m³,VOC,N/A
54401,SAINT-ANICET,Isopentane,2011-04-15T00:00,0.495,µg/m³,VOC,N/A
54401,SAINT-ANICET,Isopentane,2011-04-18T00:00,0.090,µg/m³,VOC,N/A
54401,SAINT-ANICET,Isopentane,2011-04-21T00:00,0.097,µg/m³,VOC,N/A
54401,SAINT-ANICET,Isopentane,2011-04-24T00:00,0.132,µg/m³,VOC,N/A
54401,SAINT-ANICET,Isopentane,2011-04-27T00:00,3.135,µg/m³,VOC,N/A
54401,SAINT-ANICET,Isopentane,2011-04-30T00:00,0.585,µg/m³,VOC,N/A
54401,SAINT-ANICET,Isopentane,2011-05-03T00:00,0.511,µg/m³,VOC,N/A
54401,SAINT-ANICET,Isopentane,2011-05-06T00:00,0.236,µg/m³,VOC,N/A
54401,SAINT-ANICET,Isopentane,2011-05-09T00:00,0.134,µg/m³,VOC,N/A
54401,SAINT-ANICET,Isopentane,2011-05-12T00:00,0.146,µg/m³,VOC,N/A
54401,SAINT-ANICET,Isopentane,2011-05-15T00:00,0.751,µg/m³,VOC,N/A
54401,SAINT-ANICET,Isopentane,2011-05-18T00:00,1.770,µg/m³,VOC,N/A
54401,SAINT-ANICET,Isopentane,2011-05-21T00:00,1.052,µg/m³,VOC,N/A
54401,SAINT-ANICET,Isopentane,2011-05-24T00:00,0.314,µg/m³,VOC,N/A
54401,SAINT-ANICET,Isopentane,2011-05-27T00:00,0.711,µg/m³,VOC,N/A
54401,SAINT-ANICET,Isopentane,2011-05-30T00:00,0.194,µg/m³,VOC,N/A
54401,SAINT-ANICET,Isopentane,2011-06-02T00:00,0.050,µg/m³,VOC,N/A
54401,SAINT-ANICET,Isopentane,2011-06-20T00:00,0.050,µg/m³,VOC,N/A
54401,SAINT-ANICET,Isopentane,2011-06-26T00:00,0.113,µg/m³,VOC,N/A
54401,SAINT-ANICET,Isopentane,2011-06-29T00:00,0.178,µg/m³,VOC,N/A
54401,SAINT-ANICET,Isopentane,2011-07-02T00:00,0.176,µg/m³,VOC,N/A
54401,SAINT-ANICET,Isopentane,2011-07-05T00:00,0.263,µg/m³,VOC,N/A
54401,SAINT-ANICET,Isopentane,2011-07-08T00:00,0.079,µg/m³,VOC,N/A
54401,SAINT-ANICET,Isopentane,2011-07-11T00:00,0.290,µg/m³,VOC,N/A
54401,SAINT-ANICET,Isopentane,2011-07-14T00:00,0.096,µg/m³,VOC,N/A
54401,SAINT-ANICET,Isopentane,2011-07-17T00:00,0.298,µg/m³,VOC,N/A
54401,SAINT-ANICET,Isopentane,2011-07-20T00:00,0.227,µg/m³,VOC,N/A
54401,SAINT-ANICET,Isopentane,2011-07-23T00:00,0.230,µg/m³,VOC,N/A
54401,SAINT-ANICET,Isopentane,2011-07-26T00:00,0.133,µg/m³,VOC,N/A
54401,SAINT-ANICET,Isopentane,2011-07-29T00:00,0.631,µg/m³,VOC,N/A
54401,SAINT-ANICET,Isopentane,2011-08-01T00:00,0.607,µg/m³,VOC,N/A
54401,SAINT-ANICET,Isopentane,2011-08-04T00:00,1.086,µg/m³,VOC,N/A
54401,SAINT-ANICET,Isopentane,2011-08-07T00:00,0.210,µg/m³,VOC,N/A
54401,SAINT-ANICET,Isopentane,2011-08-10T00:00,0.127,µg/m³,VOC,N/A
54401,SAINT-ANICET,Isopentane,2011-08-13T00:00,0.259,µg/m³,VOC,N/A
54401,SAINT-ANICET,Isopentane,2011-08-16T00:00,0.103,µg/m³,VOC,N/A
54401,SAINT-ANICET,Isopentane,2011-08-19T00:00,0.170,µg/m³,VOC,N/A
54401,SAINT-ANICET,Isopentane,2011-08-22T00:00,0.118,µg/m³,VOC,N/A
54401,SAINT-ANICET,Isopentane,2011-08-25T00:00,0.181,µg/m³,VOC,N/A
54401,SAINT-ANICET,Isopentane,2011-08-28T00:00,0.210,µg/m³,VOC,N/A
54401,SAINT-ANICET,Isopentane,2011-09-03T00:00,0.496,µg/m³,VOC,N/A
54401,SAINT-ANICET,Isopentane,2011-09-06T00:00,0.291,µg/m³,VOC,N/A
54401,SAINT-ANICET,Isopentane,2011-09-09T00:00,0.157,µg/m³,VOC,N/A
54401,SAINT-ANICET,Isopentane,2011-09-12T00:00,0.276,µg/m³,VOC,N/A
54401,SAINT-ANICET,Isopentane,2011-09-15T00:00,0.116,µg/m³,VOC,N/A
54401,SAINT-ANICET,Isopentane,2011-09-18T00:00,0.083,µg/m³,VOC,N/A
54401,SAINT-ANICET,Isopentane,2011-09-21T00:00,0.171,µg/m³,VOC,N/A
54401,SAINT-ANICET,Isopentane,2011-09-24T00:00,0.262,µg/m³,VOC,N/A
54401,SAINT-ANICET,Isopentane,2011-09-27T00:00,0.292,µg/m³,VOC,N/A
54401,SAINT-ANICET,Isopentane,2011-09-30T00:00,0.223,µg/m³,VOC,N/A
54401,SAINT-ANICET,Isopentane,2011-10-03T00:00,1.014,µg/m³,VOC,N/A
54401,SAINT-ANICET,Isopentane,2011-10-06T00:00,0.107,µg/m³,VOC,N/A
54401,SAINT-ANICET,Isopentane,2011-10-09T00:00,0.642,µg/m³,VOC,N/A
54401,SAINT-ANICET,Isopentane,2011-10-12T00:00,0.853,µg/m³,VOC,N/A
54401,SAINT-ANICET,Isopentane,2011-10-15T00:00,0.235,µg/m³,VOC,N/A
54401,SAINT-ANICET,Isopentane,2011-10-18T00:00,0.345,µg/m³,VOC,N/A
54401,SAINT-ANICET,Isopentane,2011-10-21T00:00,0.398,µg/m³,VOC,N/A
54401,SAINT-ANICET,Isopentane,2011-10-24T00:00,0.524,µg/m³,VOC,N/A
54401,SAINT-ANICET,Isopentane,2011-10-27T00:00,0.169,µg/m³,VOC,N/A
54401,SAINT-ANICET,Isopentane,2011-10-30T00:00,0.112,µg/m³,VOC,N/A
54401,SAINT-ANICET,Isopentane,2011-11-02T00:00,0.400,µg/m³,VOC,N/A
54401,SAINT-ANICET,Isopentane,2011-11-05T00:00,0.151,µg/m³,VOC,N/A
54401,SAINT-ANICET,Isopentane,2011-11-08T00:00,0.378,µg/m³,VOC,N/A
54401,SAINT-ANICET,Isopentane,2011-11-11T00:00,0.201,µg/m³,VOC,N/A
54401,SAINT-ANICET,Isopentane,2011-11-14T00:00,0.375,µg/m³,VOC,N/A
54401,SAINT-ANICET,Isopentane,2011-11-17T00:00,0.350,µg/m³,VOC,N/A
54401,SAINT-ANICET,Isopentane,2011-11-20T00:00,0.527,µg/m³,VOC,N/A
54401,SAINT-ANICET,Isopentane,2011-11-23T00:00,0.678,µg/m³,VOC,N/A
54401,SAINT-ANICET,Isopentane,2011-11-26T00:00,1.093,µg/m³,VOC,N/A
54401,SAINT-ANICET,Isopentane,2011-12-05T00:00,0.697,µg/m³,VOC,N/A
54401,SAINT-ANICET,Isopentane,2011-12-08T00:00,0.268,µg/m³,VOC,N/A
54401,SAINT-ANICET,Isopentane,2011-12-11T00:00,0.313,µg/m³,VOC,N/A
54401,SAINT-ANICET,Isopentane,2011-12-14T00:00,2.032,µg/m³,VOC,N/A
54401,SAINT-ANICET,Isopentane,2011-12-20T00:00,0.293,µg/m³,VOC,N/A
54401,SAINT-ANICET,Isopentane,2011-12-23T00:00,0.252,µg/m³,VOC,N/A
54401,SAINT-ANICET,Isopentane,2011-12-26T00:00,0.512,µg/m³,VOC,N/A
