﻿NAPS_Site_ID,Station_Name,Pollutant,Date,Value,Units,Report_Type,Method
50104,ONTARIO,"1,1-Dichloroethylene",1999-01-01T00:00,0.000,µg/m³,VOC,
50104,ONTARIO,"1,1-Dichloroethylene",1999-01-06T00:00,0.000,µg/m³,VOC,
50104,ONTARIO,"1,1-Dichloroethylene",1999-01-12T00:00,0.000,µg/m³,VOC,
50104,ONTARIO,"1,1-Dichloroethylene",1999-01-18T00:00,0.022,µg/m³,VOC,
50104,ONTARIO,"1,1-Dichloroethylene",1999-01-24T00:00,0.020,µg/m³,VOC,
50104,ONTARIO,"1,1-Dichloroethylene",1999-01-30T00:00,0.000,µg/m³,VOC,
50104,ONTARIO,"1,1-Dichloroethylene",1999-02-05T00:00,0.020,µg/m³,VOC,
50104,ONTARIO,"1,1-Dichloroethylene",1999-02-11T00:00,0.020,µg/m³,VOC,
50104,ONTARIO,"1,1-Dichloroethylene",1999-02-17T00:00,0.000,µg/m³,VOC,
50104,ONTARIO,"1,1-Dichloroethylene",1999-02-23T00:00,0.020,µg/m³,VOC,
50104,ONTARIO,"1,1-Dichloroethylene",1999-03-01T00:00,0.040,µg/m³,VOC,
50104,ONTARIO,"1,1-Dichloroethylene",1999-03-07T00:00,0.000,µg/m³,VOC,
50104,ONTARIO,"1,1-Dichloroethylene",1999-03-13T00:00,0.030,µg/m³,VOC,
50104,ONTARIO,"1,1-Dichloroethylene",1999-03-19T00:00,0.020,µg/m³,VOC,
50104,ONTARIO,"1,1-Dichloroethylene",1999-03-25T00:00,0.040,µg/m³,VOC,
50104,ONTARIO,"1,1-Dichloroethylene",1999-03-31T00:00,0.040,µg/m³,VOC,
50104,ONTARIO,"1,1-Dichloroethylene",1999-04-06T00:00,0.000,µg/m³,VOC,
50104,ONTARIO,"1,1-Dichloroethylene",1999-04-12T00:00,0.000,µg/m³,VOC,
50104,ONTARIO,"1,1-Dichloroethylene",1999-04-18T00:00,0.010,µg/m³,VOC,
50104,ONTARIO,"1,1-Dichloroethylene",1999-04-24T00:00,0.020,µg/m³,VOC,
50104,ONTARIO,"1,1-Dichloroethylene",1999-04-30T00:00,0.070,µg/m³,VOC,
50104,ONTARIO,"1,1-Dichloroethylene",1999-05-06T00:00,0.080,µg/m³,VOC,
50104,ONTARIO,"1,1-Dichloroethylene",1999-05-12T00:00,0.080,µg/m³,VOC,
50104,ONTARIO,"1,1-Dichloroethylene",1999-05-18T00:00,0.070,µg/m³,VOC,
50104,ONTARIO,"1,1-Dichloroethylene",1999-05-24T00:00,0.060,µg/m³,VOC,
50104,ONTARIO,"1,1-Dichloroethylene",1999-05-30T00:00,0.080,µg/m³,VOC,
50104,ONTARIO,"1,1-Dichloroethylene",1999-06-05T00:00,0.050,µg/m³,VOC,
50104,ONTARIO,"1,1-Dichloroethylene",1999-06-11T00:00,0.040,µg/m³,VOC,
50104,ONTARIO,"1,1-Dichloroethylene",1999-06-17T00:00,0.094,µg/m³,VOC,
50104,ONTARIO,"1,1-Dichloroethylene",1999-06-23T00:00,0.094,µg/m³,VOC,
50104,ONTARIO,"1,1-Dichloroethylene",1999-06-29T00:00,0.070,µg/m³,VOC,
50104,ONTARIO,"1,1-Dichloroethylene",1999-07-05T00:00,0.088,µg/m³,VOC,
50104,ONTARIO,"1,1-Dichloroethylene",1999-07-11T00:00,0.080,µg/m³,VOC,
50104,ONTARIO,"1,1-Dichloroethylene",1999-07-17T00:00,0.080,µg/m³,VOC,
50104,ONTARIO,"1,1-Dichloroethylene",1999-07-23T00:00,0.090,µg/m³,VOC,
50104,ONTARIO,"1,1-Dichloroethylene",1999-07-29T00:00,0.090,µg/m³,VOC,
50104,ONTARIO,"1,1-Dichloroethylene",1999-08-04T00:00,0.080,µg/m³,VOC,
50104,ONTARIO,"1,1-Dichloroethylene",1999-08-10T00:00,0.080,µg/m³,VOC,
50104,ONTARIO,"1,1-Dichloroethylene",1999-08-16T00:00,0.100,µg/m³,VOC,
50104,ONTARIO,"1,1-Dichloroethylene",1999-08-22T00:00,0.090,µg/m³,VOC,
50104,ONTARIO,"1,1-Dichloroethylene",1999-08-28T00:00,0.070,µg/m³,VOC,
50104,ONTARIO,"1,1-Dichloroethylene",1999-09-09T00:00,0.030,µg/m³,VOC,
50104,ONTARIO,"1,1-Dichloroethylene",1999-09-15T00:00,0.000,µg/m³,VOC,
50104,ONTARIO,"1,1-Dichloroethylene",1999-09-21T00:00,0.090,µg/m³,VOC,
50104,ONTARIO,"1,1-Dichloroethylene",1999-09-27T00:00,0.080,µg/m³,VOC,
50104,ONTARIO,"1,1-Dichloroethylene",1999-10-03T00:00,0.080,µg/m³,VOC,
50104,ONTARIO,"1,1-Dichloroethylene",1999-10-09T00:00,0.070,µg/m³,VOC,
50104,ONTARIO,"1,1-Dichloroethylene",1999-10-15T00:00,0.090,µg/m³,VOC,
50104,ONTARIO,"1,1-Dichloroethylene",1999-10-21T00:00,0.090,µg/m³,VOC,
50104,ONTARIO,"1,1-Dichloroethylene",1999-10-27T00:00,0.080,µg/m³,VOC,
50104,ONTARIO,"1,1-Dichloroethylene",1999-11-02T00:00,0.070,µg/m³,VOC,
50104,ONTARIO,"1,1-Dichloroethylene",1999-11-08T00:00,0.080,µg/m³,VOC,
50104,ONTARIO,"1,1-Dichloroethylene",1999-11-14T00:00,0.080,µg/m³,VOC,
50104,ONTARIO,"1,1-Dichloroethylene",1999-11-20T00:00,0.080,µg/m³,VOC,
50104,ONTARIO,"1,1-Dichloroethylene",1999-11-26T00:00,0.080,µg/m³,VOC,
50104,ONTARIO,"1,1-Dichloroethylene",1999-12-02T00:00,0.060,µg/m³,VOC,
50104,ONTARIO,"1,1-Dichloroethylene",1999-12-08T00:00,0.080,µg/m³,VOC,
50104,ONTARIO,"1,1-Dichloroethylene",1999-12-14T00:00,0.090,µg/m³,VOC,
50104,ONTARIO,"1,1-Dichloroethylene",1999-12-20T00:00,0.080,µg/m³,VOC,
50104,ONTARIO,"1,1-Dichloroethylene",1999-12-26T00:00,0.080,µg/m³,VOC,
