﻿NAPS_Site_ID,Station_Name,Pollutant,Date,Value,Units,Report_Type,Method
90228,CALGARY CENTRAL-2,"2,2,4-Trimethylpentane",2008-04-05T20:00,0.613,µg/m³,VOC,
90228,CALGARY CENTRAL-2,"2,2,4-Trimethylpentane",2008-04-11T20:00,0.977,µg/m³,VOC,
90228,CALGARY CENTRAL-2,"2,2,4-Trimethylpentane",2008-04-17T20:00,0.686,µg/m³,VOC,
90228,CALGARY CENTRAL-2,"2,2,4-Trimethylpentane",2008-04-23T20:00,0.577,µg/m³,VOC,
90228,CALGARY CENTRAL-2,"2,2,4-Trimethylpentane",2008-04-29T20:00,0.419,µg/m³,VOC,
90228,CALGARY CENTRAL-2,"2,2,4-Trimethylpentane",2008-05-05T20:00,0.469,µg/m³,VOC,
90228,CALGARY CENTRAL-2,"2,2,4-Trimethylpentane",2008-05-11T20:00,0.530,µg/m³,VOC,
90228,CALGARY CENTRAL-2,"2,2,4-Trimethylpentane",2008-05-17T20:00,0.297,µg/m³,VOC,
90228,CALGARY CENTRAL-2,"2,2,4-Trimethylpentane",2008-05-23T20:00,0.304,µg/m³,VOC,
90228,CALGARY CENTRAL-2,"2,2,4-Trimethylpentane",2008-05-29T20:00,0.967,µg/m³,VOC,
90228,CALGARY CENTRAL-2,"2,2,4-Trimethylpentane",2008-06-04T20:00,0.681,µg/m³,VOC,
90228,CALGARY CENTRAL-2,"2,2,4-Trimethylpentane",2008-06-10T20:00,0.560,µg/m³,VOC,
90228,CALGARY CENTRAL-2,"2,2,4-Trimethylpentane",2008-06-16T20:00,0.548,µg/m³,VOC,
90228,CALGARY CENTRAL-2,"2,2,4-Trimethylpentane",2008-06-22T20:00,0.458,µg/m³,VOC,
90228,CALGARY CENTRAL-2,"2,2,4-Trimethylpentane",2008-07-10T20:00,0.280,µg/m³,VOC,
90228,CALGARY CENTRAL-2,"2,2,4-Trimethylpentane",2008-07-16T20:00,0.534,µg/m³,VOC,
90228,CALGARY CENTRAL-2,"2,2,4-Trimethylpentane",2008-07-22T20:00,0.388,µg/m³,VOC,
90228,CALGARY CENTRAL-2,"2,2,4-Trimethylpentane",2008-07-28T20:00,0.280,µg/m³,VOC,
90228,CALGARY CENTRAL-2,"2,2,4-Trimethylpentane",2008-08-15T20:00,0.599,µg/m³,VOC,
90228,CALGARY CENTRAL-2,"2,2,4-Trimethylpentane",2008-08-21T20:00,0.343,µg/m³,VOC,
90228,CALGARY CENTRAL-2,"2,2,4-Trimethylpentane",2008-08-27T20:00,0.363,µg/m³,VOC,
90228,CALGARY CENTRAL-2,"2,2,4-Trimethylpentane",2008-09-02T20:00,0.303,µg/m³,VOC,
90228,CALGARY CENTRAL-2,"2,2,4-Trimethylpentane",2008-09-08T20:00,0.411,µg/m³,VOC,
90228,CALGARY CENTRAL-2,"2,2,4-Trimethylpentane",2008-09-14T20:00,0.958,µg/m³,VOC,
90228,CALGARY CENTRAL-2,"2,2,4-Trimethylpentane",2008-09-20T20:00,0.947,µg/m³,VOC,
90228,CALGARY CENTRAL-2,"2,2,4-Trimethylpentane",2008-09-26T20:00,0.414,µg/m³,VOC,
90228,CALGARY CENTRAL-2,"2,2,4-Trimethylpentane",2008-10-02T20:00,0.706,µg/m³,VOC,
90228,CALGARY CENTRAL-2,"2,2,4-Trimethylpentane",2008-10-08T20:00,0.479,µg/m³,VOC,
90228,CALGARY CENTRAL-2,"2,2,4-Trimethylpentane",2008-10-14T20:00,0.593,µg/m³,VOC,
90228,CALGARY CENTRAL-2,"2,2,4-Trimethylpentane",2008-10-20T20:00,0.274,µg/m³,VOC,
90228,CALGARY CENTRAL-2,"2,2,4-Trimethylpentane",2008-10-26T20:00,1.244,µg/m³,VOC,
90228,CALGARY CENTRAL-2,"2,2,4-Trimethylpentane",2008-11-01T20:00,0.660,µg/m³,VOC,
90228,CALGARY CENTRAL-2,"2,2,4-Trimethylpentane",2008-11-07T19:00,1.612,µg/m³,VOC,
90228,CALGARY CENTRAL-2,"2,2,4-Trimethylpentane",2008-11-13T19:00,0.490,µg/m³,VOC,
90228,CALGARY CENTRAL-2,"2,2,4-Trimethylpentane",2008-11-19T19:00,0.243,µg/m³,VOC,
90228,CALGARY CENTRAL-2,"2,2,4-Trimethylpentane",2008-11-25T19:00,0.787,µg/m³,VOC,
90228,CALGARY CENTRAL-2,"2,2,4-Trimethylpentane",2008-12-01T19:00,0.807,µg/m³,VOC,
90228,CALGARY CENTRAL-2,"2,2,4-Trimethylpentane",2008-12-07T19:00,0.771,µg/m³,VOC,
90228,CALGARY CENTRAL-2,"2,2,4-Trimethylpentane",2008-12-13T19:00,0.359,µg/m³,VOC,
90228,CALGARY CENTRAL-2,"2,2,4-Trimethylpentane",2008-12-19T19:00,0.490,µg/m³,VOC,
90228,CALGARY CENTRAL-2,"2,2,4-Trimethylpentane",2008-12-25T19:00,0.794,µg/m³,VOC,
