﻿NAPS_Site_ID,Station_Name,Pollutant,Date,Value,Units,Report_Type,Method
60211,WINDSOR WEST,cis-2-Butene,2006-01-05T00:00,0.036,µg/m³,VOC,N/A
60211,WINDSOR WEST,cis-2-Butene,2006-01-11T00:00,0.037,µg/m³,VOC,N/A
60211,WINDSOR WEST,cis-2-Butene,2006-01-17T00:00,0.064,µg/m³,VOC,N/A
60211,WINDSOR WEST,cis-2-Butene,2006-01-23T00:00,0.061,µg/m³,VOC,N/A
60211,WINDSOR WEST,cis-2-Butene,2006-01-29T00:00,0.015,µg/m³,VOC,N/A
60211,WINDSOR WEST,cis-2-Butene,2006-02-10T00:00,0.038,µg/m³,VOC,N/A
60211,WINDSOR WEST,cis-2-Butene,2006-02-16T00:00,0.040,µg/m³,VOC,N/A
60211,WINDSOR WEST,cis-2-Butene,2006-02-22T00:00,0.070,µg/m³,VOC,N/A
60211,WINDSOR WEST,cis-2-Butene,2006-02-28T00:00,0.048,µg/m³,VOC,N/A
60211,WINDSOR WEST,cis-2-Butene,2006-03-06T00:00,0.019,µg/m³,VOC,N/A
60211,WINDSOR WEST,cis-2-Butene,2006-03-18T00:00,0.020,µg/m³,VOC,N/A
60211,WINDSOR WEST,cis-2-Butene,2006-03-24T00:00,0.052,µg/m³,VOC,N/A
60211,WINDSOR WEST,cis-2-Butene,2006-03-30T00:00,0.075,µg/m³,VOC,N/A
60211,WINDSOR WEST,cis-2-Butene,2006-06-28T00:00,0.083,µg/m³,VOC,N/A
60211,WINDSOR WEST,cis-2-Butene,2006-07-04T00:00,0.030,µg/m³,VOC,N/A
60211,WINDSOR WEST,cis-2-Butene,2006-07-10T00:00,0.034,µg/m³,VOC,N/A
60211,WINDSOR WEST,cis-2-Butene,2006-07-22T00:00,0.027,µg/m³,VOC,N/A
60211,WINDSOR WEST,cis-2-Butene,2006-07-28T00:00,0.030,µg/m³,VOC,N/A
60211,WINDSOR WEST,cis-2-Butene,2006-08-03T00:00,0.030,µg/m³,VOC,N/A
60211,WINDSOR WEST,cis-2-Butene,2006-08-09T00:00,0.154,µg/m³,VOC,N/A
60211,WINDSOR WEST,cis-2-Butene,2006-08-15T00:00,0.082,µg/m³,VOC,N/A
60211,WINDSOR WEST,cis-2-Butene,2006-08-21T00:00,0.124,µg/m³,VOC,N/A
60211,WINDSOR WEST,cis-2-Butene,2006-08-27T00:00,0.038,µg/m³,VOC,N/A
60211,WINDSOR WEST,cis-2-Butene,2006-09-02T00:00,0.032,µg/m³,VOC,N/A
60211,WINDSOR WEST,cis-2-Butene,2006-09-08T00:00,0.035,µg/m³,VOC,N/A
60211,WINDSOR WEST,cis-2-Butene,2006-09-14T00:00,0.029,µg/m³,VOC,N/A
60211,WINDSOR WEST,cis-2-Butene,2006-09-20T00:00,0.036,µg/m³,VOC,N/A
60211,WINDSOR WEST,cis-2-Butene,2006-09-26T00:00,0.074,µg/m³,VOC,N/A
60211,WINDSOR WEST,cis-2-Butene,2006-10-02T00:00,0.042,µg/m³,VOC,N/A
60211,WINDSOR WEST,cis-2-Butene,2006-10-08T00:00,0.294,µg/m³,VOC,N/A
60211,WINDSOR WEST,cis-2-Butene,2006-10-20T00:00,0.086,µg/m³,VOC,N/A
60211,WINDSOR WEST,cis-2-Butene,2006-10-26T00:00,0.227,µg/m³,VOC,N/A
60211,WINDSOR WEST,cis-2-Butene,2006-11-01T00:00,0.078,µg/m³,VOC,N/A
60211,WINDSOR WEST,cis-2-Butene,2006-11-07T00:00,0.025,µg/m³,VOC,N/A
60211,WINDSOR WEST,cis-2-Butene,2006-11-13T00:00,0.031,µg/m³,VOC,N/A
60211,WINDSOR WEST,cis-2-Butene,2006-11-19T00:00,0.041,µg/m³,VOC,N/A
60211,WINDSOR WEST,cis-2-Butene,2006-11-25T00:00,0.114,µg/m³,VOC,N/A
60211,WINDSOR WEST,cis-2-Butene,2006-12-01T00:00,0.032,µg/m³,VOC,N/A
60211,WINDSOR WEST,cis-2-Butene,2006-12-07T00:00,0.038,µg/m³,VOC,N/A
60211,WINDSOR WEST,cis-2-Butene,2006-12-13T00:00,0.053,µg/m³,VOC,N/A
60211,WINDSOR WEST,cis-2-Butene,2006-12-25T00:00,0.105,µg/m³,VOC,N/A
60211,WINDSOR WEST,cis-2-Butene,2006-12-31T00:00,0.038,µg/m³,VOC,N/A
