﻿NAPS_Site_ID,Station_Name,Pollutant,Date,Value,Units,Report_Type,Method
30501,KEJIMKUJIK NATIONAL PARK,3-Methyl-1-pentene,2011-01-03T00:00,0.001,µg/m³,VOC,
30501,KEJIMKUJIK NATIONAL PARK,3-Methyl-1-pentene,2011-01-09T00:00,0.001,µg/m³,VOC,
30501,KEJIMKUJIK NATIONAL PARK,3-Methyl-1-pentene,2011-01-12T00:00,0.000,µg/m³,VOC,
30501,KEJIMKUJIK NATIONAL PARK,3-Methyl-1-pentene,2011-01-15T00:00,0.000,µg/m³,VOC,
30501,KEJIMKUJIK NATIONAL PARK,3-Methyl-1-pentene,2011-01-18T00:00,0.002,µg/m³,VOC,
30501,KEJIMKUJIK NATIONAL PARK,3-Methyl-1-pentene,2011-01-24T00:00,0.000,µg/m³,VOC,
30501,KEJIMKUJIK NATIONAL PARK,3-Methyl-1-pentene,2011-01-27T00:00,0.000,µg/m³,VOC,
