﻿NAPS_Site_ID,Station_Name,Pollutant,Date,Value,Units,Report_Type,Method
40203,FOREST HILLS,Benzo(a)Fluorene,2020-01-04T00:00,0.000,µg/m³,PAH,GC-MS TP+G
40203,FOREST HILLS,Benzo(a)Fluorene,2020-01-10T00:00,0.000,µg/m³,PAH,GC-MS TP+G
40203,FOREST HILLS,Benzo(a)Fluorene,2020-01-16T00:00,0.000,µg/m³,PAH,GC-MS TP+G
40203,FOREST HILLS,Benzo(a)Fluorene,2020-01-22T00:00,0.000,µg/m³,PAH,GC-MS TP+G
40203,FOREST HILLS,Benzo(a)Fluorene,2020-01-28T00:00,0.000,µg/m³,PAH,GC-MS TP+G
40203,FOREST HILLS,Benzo(a)Fluorene,2020-02-03T00:00,0.000,µg/m³,PAH,GC-MS TP+G
40203,FOREST HILLS,Benzo(a)Fluorene,2020-02-09T00:00,0.000,µg/m³,PAH,GC-MS TP+G
40203,FOREST HILLS,Benzo(a)Fluorene,2020-02-21T00:00,0.000,µg/m³,PAH,GC-MS TP+G
40203,FOREST HILLS,Benzo(a)Fluorene,2020-02-27T00:00,0.000,µg/m³,PAH,GC-MS TP+G
