﻿NAPS_Site_ID,Station_Name,Pollutant,Date,Value,Units,Report_Type,Method
31201,GRANTON,"2,2-Dimethylpentane",2006-04-29T00:00,0.001,µg/m³,VOC,GC-MS
31201,GRANTON,"2,2-Dimethylpentane",2006-05-17T00:00,0.004,µg/m³,VOC,GC-MS
31201,GRANTON,"2,2-Dimethylpentane",2006-05-23T00:00,0.000,µg/m³,VOC,GC-MS
31201,GRANTON,"2,2-Dimethylpentane",2006-05-29T00:00,0.000,µg/m³,VOC,GC-MS
31201,GRANTON,"2,2-Dimethylpentane",2006-06-04T00:00,0.000,µg/m³,VOC,GC-MS
31201,GRANTON,"2,2-Dimethylpentane",2006-06-10T00:00,0.003,µg/m³,VOC,GC-MS
31201,GRANTON,"2,2-Dimethylpentane",2006-06-16T00:00,0.003,µg/m³,VOC,GC-MS
31201,GRANTON,"2,2-Dimethylpentane",2006-06-22T00:00,0.000,µg/m³,VOC,GC-MS
31201,GRANTON,"2,2-Dimethylpentane",2006-06-28T00:00,0.000,µg/m³,VOC,GC-MS
31201,GRANTON,"2,2-Dimethylpentane",2006-07-04T00:00,0.005,µg/m³,VOC,GC-MS
31201,GRANTON,"2,2-Dimethylpentane",2006-07-10T00:00,0.005,µg/m³,VOC,GC-MS
31201,GRANTON,"2,2-Dimethylpentane",2006-07-16T00:00,0.002,µg/m³,VOC,GC-MS
31201,GRANTON,"2,2-Dimethylpentane",2006-07-22T00:00,0.000,µg/m³,VOC,GC-MS
31201,GRANTON,"2,2-Dimethylpentane",2006-07-28T00:00,0.002,µg/m³,VOC,GC-MS
31201,GRANTON,"2,2-Dimethylpentane",2006-08-03T00:00,0.000,µg/m³,VOC,GC-MS
31201,GRANTON,"2,2-Dimethylpentane",2006-08-09T00:00,0.001,µg/m³,VOC,GC-MS
31201,GRANTON,"2,2-Dimethylpentane",2006-08-15T00:00,0.000,µg/m³,VOC,GC-MS
31201,GRANTON,"2,2-Dimethylpentane",2006-08-21T00:00,0.002,µg/m³,VOC,GC-MS
31201,GRANTON,"2,2-Dimethylpentane",2006-09-02T00:00,0.002,µg/m³,VOC,GC-MS
31201,GRANTON,"2,2-Dimethylpentane",2006-09-08T00:00,0.001,µg/m³,VOC,GC-MS
31201,GRANTON,"2,2-Dimethylpentane",2006-09-14T00:00,0.004,µg/m³,VOC,GC-MS
31201,GRANTON,"2,2-Dimethylpentane",2006-09-20T00:00,0.003,µg/m³,VOC,GC-MS
31201,GRANTON,"2,2-Dimethylpentane",2006-09-26T00:00,0.002,µg/m³,VOC,GC-MS
31201,GRANTON,"2,2-Dimethylpentane",2006-10-02T00:00,0.000,µg/m³,VOC,GC-MS
31201,GRANTON,"2,2-Dimethylpentane",2006-10-08T00:00,0.000,µg/m³,VOC,GC-MS
31201,GRANTON,"2,2-Dimethylpentane",2006-10-14T00:00,0.002,µg/m³,VOC,GC-MS
31201,GRANTON,"2,2-Dimethylpentane",2006-10-20T00:00,0.000,µg/m³,VOC,GC-MS
31201,GRANTON,"2,2-Dimethylpentane",2006-10-26T00:00,0.002,µg/m³,VOC,GC-MS
31201,GRANTON,"2,2-Dimethylpentane",2006-11-01T00:00,0.007,µg/m³,VOC,GC-MS
31201,GRANTON,"2,2-Dimethylpentane",2006-11-07T00:00,0.005,µg/m³,VOC,GC-MS
31201,GRANTON,"2,2-Dimethylpentane",2006-11-13T00:00,0.002,µg/m³,VOC,GC-MS
31201,GRANTON,"2,2-Dimethylpentane",2006-11-19T00:00,0.003,µg/m³,VOC,GC-MS
31201,GRANTON,"2,2-Dimethylpentane",2006-11-25T00:00,0.006,µg/m³,VOC,GC-MS
31201,GRANTON,"2,2-Dimethylpentane",2006-12-01T00:00,0.004,µg/m³,VOC,GC-MS
