﻿NAPS_Site_ID,Station_Name,Pollutant,Date,Value,Units,Report_Type,Method
54102,ROUND TOP RIDGE,Pentane,2011-01-03T00:00,0.200,µg/m³,VOC,GC-MS
54102,ROUND TOP RIDGE,Pentane,2011-01-06T00:00,0.195,µg/m³,VOC,GC-MS
54102,ROUND TOP RIDGE,Pentane,2011-01-09T00:00,0.216,µg/m³,VOC,GC-MS
54102,ROUND TOP RIDGE,Pentane,2011-01-12T00:00,0.177,µg/m³,VOC,GC-MS
54102,ROUND TOP RIDGE,Pentane,2011-01-15T00:00,0.147,µg/m³,VOC,GC-MS
54102,ROUND TOP RIDGE,Pentane,2011-01-18T00:00,0.207,µg/m³,VOC,GC-MS
54102,ROUND TOP RIDGE,Pentane,2011-01-21T00:00,0.334,µg/m³,VOC,GC-MS
54102,ROUND TOP RIDGE,Pentane,2011-01-24T00:00,0.269,µg/m³,VOC,GC-MS
54102,ROUND TOP RIDGE,Pentane,2011-01-27T00:00,0.539,µg/m³,VOC,GC-MS
54102,ROUND TOP RIDGE,Pentane,2011-01-30T00:00,0.413,µg/m³,VOC,GC-MS
54102,ROUND TOP RIDGE,Pentane,2011-02-02T00:00,0.170,µg/m³,VOC,GC-MS
54102,ROUND TOP RIDGE,Pentane,2011-02-05T00:00,0.207,µg/m³,VOC,GC-MS
54102,ROUND TOP RIDGE,Pentane,2011-02-08T00:00,0.296,µg/m³,VOC,GC-MS
54102,ROUND TOP RIDGE,Pentane,2011-02-11T00:00,0.342,µg/m³,VOC,GC-MS
54102,ROUND TOP RIDGE,Pentane,2011-02-14T00:00,0.676,µg/m³,VOC,GC-MS
54102,ROUND TOP RIDGE,Pentane,2011-02-17T00:00,0.379,µg/m³,VOC,GC-MS
54102,ROUND TOP RIDGE,Pentane,2011-02-20T00:00,0.236,µg/m³,VOC,GC-MS
54102,ROUND TOP RIDGE,Pentane,2011-02-23T00:00,0.256,µg/m³,VOC,GC-MS
54102,ROUND TOP RIDGE,Pentane,2011-02-26T00:00,0.292,µg/m³,VOC,GC-MS
54102,ROUND TOP RIDGE,Pentane,2011-03-01T00:00,0.278,µg/m³,VOC,GC-MS
54102,ROUND TOP RIDGE,Pentane,2011-03-04T00:00,0.184,µg/m³,VOC,GC-MS
54102,ROUND TOP RIDGE,Pentane,2011-03-07T00:00,0.363,µg/m³,VOC,GC-MS
54102,ROUND TOP RIDGE,Pentane,2011-03-10T00:00,0.144,µg/m³,VOC,GC-MS
54102,ROUND TOP RIDGE,Pentane,2011-03-13T00:00,0.249,µg/m³,VOC,GC-MS
54102,ROUND TOP RIDGE,Pentane,2011-03-16T00:00,0.160,µg/m³,VOC,GC-MS
54102,ROUND TOP RIDGE,Pentane,2011-03-19T00:00,0.161,µg/m³,VOC,GC-MS
54102,ROUND TOP RIDGE,Pentane,2011-03-22T00:00,0.261,µg/m³,VOC,GC-MS
54102,ROUND TOP RIDGE,Pentane,2011-03-25T00:00,0.396,µg/m³,VOC,GC-MS
54102,ROUND TOP RIDGE,Pentane,2011-03-28T00:00,0.118,µg/m³,VOC,GC-MS
54102,ROUND TOP RIDGE,Pentane,2011-03-31T00:00,0.088,µg/m³,VOC,GC-MS
54102,ROUND TOP RIDGE,Pentane,2011-04-03T00:00,0.080,µg/m³,VOC,GC-MS
54102,ROUND TOP RIDGE,Pentane,2011-04-06T00:00,0.103,µg/m³,VOC,GC-MS
54102,ROUND TOP RIDGE,Pentane,2011-04-09T00:00,0.083,µg/m³,VOC,GC-MS
54102,ROUND TOP RIDGE,Pentane,2011-04-12T00:00,0.143,µg/m³,VOC,GC-MS
54102,ROUND TOP RIDGE,Pentane,2011-04-15T00:00,0.119,µg/m³,VOC,GC-MS
54102,ROUND TOP RIDGE,Pentane,2011-04-18T00:00,0.088,µg/m³,VOC,GC-MS
54102,ROUND TOP RIDGE,Pentane,2011-04-21T00:00,0.077,µg/m³,VOC,GC-MS
54102,ROUND TOP RIDGE,Pentane,2011-04-24T00:00,0.120,µg/m³,VOC,GC-MS
54102,ROUND TOP RIDGE,Pentane,2011-04-27T00:00,0.084,µg/m³,VOC,GC-MS
54102,ROUND TOP RIDGE,Pentane,2011-04-30T00:00,0.072,µg/m³,VOC,GC-MS
54102,ROUND TOP RIDGE,Pentane,2011-05-03T00:00,0.174,µg/m³,VOC,GC-MS
54102,ROUND TOP RIDGE,Pentane,2011-05-06T00:00,0.079,µg/m³,VOC,GC-MS
54102,ROUND TOP RIDGE,Pentane,2011-05-09T00:00,0.032,µg/m³,VOC,GC-MS
54102,ROUND TOP RIDGE,Pentane,2011-05-12T00:00,0.045,µg/m³,VOC,GC-MS
54102,ROUND TOP RIDGE,Pentane,2011-05-15T00:00,0.042,µg/m³,VOC,GC-MS
54102,ROUND TOP RIDGE,Pentane,2011-05-18T00:00,0.041,µg/m³,VOC,GC-MS
54102,ROUND TOP RIDGE,Pentane,2011-05-21T00:00,0.103,µg/m³,VOC,GC-MS
54102,ROUND TOP RIDGE,Pentane,2011-05-24T00:00,0.119,µg/m³,VOC,GC-MS
54102,ROUND TOP RIDGE,Pentane,2011-05-27T00:00,0.102,µg/m³,VOC,GC-MS
54102,ROUND TOP RIDGE,Pentane,2011-05-30T00:00,0.112,µg/m³,VOC,GC-MS
54102,ROUND TOP RIDGE,Pentane,2011-06-02T00:00,0.039,µg/m³,VOC,GC-MS
54102,ROUND TOP RIDGE,Pentane,2011-06-05T00:00,0.216,µg/m³,VOC,GC-MS
54102,ROUND TOP RIDGE,Pentane,2011-06-08T00:00,0.142,µg/m³,VOC,GC-MS
54102,ROUND TOP RIDGE,Pentane,2011-06-11T00:00,0.057,µg/m³,VOC,GC-MS
54102,ROUND TOP RIDGE,Pentane,2011-06-14T00:00,0.035,µg/m³,VOC,GC-MS
54102,ROUND TOP RIDGE,Pentane,2011-06-17T00:00,0.123,µg/m³,VOC,GC-MS
54102,ROUND TOP RIDGE,Pentane,2011-06-20T00:00,0.043,µg/m³,VOC,GC-MS
54102,ROUND TOP RIDGE,Pentane,2011-06-23T00:00,0.039,µg/m³,VOC,GC-MS
54102,ROUND TOP RIDGE,Pentane,2011-06-26T00:00,0.092,µg/m³,VOC,GC-MS
54102,ROUND TOP RIDGE,Pentane,2011-06-29T00:00,0.076,µg/m³,VOC,GC-MS
54102,ROUND TOP RIDGE,Pentane,2011-07-02T00:00,0.061,µg/m³,VOC,GC-MS
54102,ROUND TOP RIDGE,Pentane,2011-07-05T00:00,0.070,µg/m³,VOC,GC-MS
54102,ROUND TOP RIDGE,Pentane,2011-07-14T00:00,0.147,µg/m³,VOC,GC-MS
54102,ROUND TOP RIDGE,Pentane,2011-07-17T00:00,0.121,µg/m³,VOC,GC-MS
54102,ROUND TOP RIDGE,Pentane,2011-07-20T00:00,0.118,µg/m³,VOC,GC-MS
54102,ROUND TOP RIDGE,Pentane,2011-07-23T00:00,0.476,µg/m³,VOC,GC-MS
54102,ROUND TOP RIDGE,Pentane,2011-07-26T00:00,0.086,µg/m³,VOC,GC-MS
54102,ROUND TOP RIDGE,Pentane,2011-07-29T00:00,0.169,µg/m³,VOC,GC-MS
54102,ROUND TOP RIDGE,Pentane,2011-08-01T00:00,0.098,µg/m³,VOC,GC-MS
54102,ROUND TOP RIDGE,Pentane,2011-08-04T00:00,0.065,µg/m³,VOC,GC-MS
54102,ROUND TOP RIDGE,Pentane,2011-08-07T00:00,0.072,µg/m³,VOC,GC-MS
54102,ROUND TOP RIDGE,Pentane,2011-08-10T00:00,0.144,µg/m³,VOC,GC-MS
54102,ROUND TOP RIDGE,Pentane,2011-08-13T00:00,0.086,µg/m³,VOC,GC-MS
54102,ROUND TOP RIDGE,Pentane,2011-08-16T00:00,0.242,µg/m³,VOC,GC-MS
54102,ROUND TOP RIDGE,Pentane,2011-08-19T00:00,0.120,µg/m³,VOC,GC-MS
54102,ROUND TOP RIDGE,Pentane,2011-08-22T00:00,0.061,µg/m³,VOC,GC-MS
54102,ROUND TOP RIDGE,Pentane,2011-08-25T00:00,0.159,µg/m³,VOC,GC-MS
54102,ROUND TOP RIDGE,Pentane,2011-08-28T00:00,0.070,µg/m³,VOC,GC-MS
54102,ROUND TOP RIDGE,Pentane,2011-08-31T00:00,0.261,µg/m³,VOC,GC-MS
54102,ROUND TOP RIDGE,Pentane,2011-09-03T00:00,0.321,µg/m³,VOC,GC-MS
54102,ROUND TOP RIDGE,Pentane,2011-09-06T00:00,0.062,µg/m³,VOC,GC-MS
54102,ROUND TOP RIDGE,Pentane,2011-09-09T00:00,0.106,µg/m³,VOC,GC-MS
54102,ROUND TOP RIDGE,Pentane,2011-09-12T00:00,0.173,µg/m³,VOC,GC-MS
54102,ROUND TOP RIDGE,Pentane,2011-09-15T00:00,0.158,µg/m³,VOC,GC-MS
54102,ROUND TOP RIDGE,Pentane,2011-09-18T00:00,0.057,µg/m³,VOC,GC-MS
54102,ROUND TOP RIDGE,Pentane,2011-09-21T00:00,0.118,µg/m³,VOC,GC-MS
54102,ROUND TOP RIDGE,Pentane,2011-09-24T00:00,0.130,µg/m³,VOC,GC-MS
54102,ROUND TOP RIDGE,Pentane,2011-09-27T00:00,0.183,µg/m³,VOC,GC-MS
54102,ROUND TOP RIDGE,Pentane,2011-09-30T00:00,0.196,µg/m³,VOC,GC-MS
54102,ROUND TOP RIDGE,Pentane,2011-10-03T00:00,0.246,µg/m³,VOC,GC-MS
54102,ROUND TOP RIDGE,Pentane,2011-10-06T00:00,0.075,µg/m³,VOC,GC-MS
54102,ROUND TOP RIDGE,Pentane,2011-10-07T00:00,0.091,µg/m³,VOC,GC-MS
54102,ROUND TOP RIDGE,Pentane,2011-10-09T00:00,0.436,µg/m³,VOC,GC-MS
54102,ROUND TOP RIDGE,Pentane,2011-10-15T00:00,0.168,µg/m³,VOC,GC-MS
54102,ROUND TOP RIDGE,Pentane,2011-10-18T00:00,0.116,µg/m³,VOC,GC-MS
54102,ROUND TOP RIDGE,Pentane,2011-10-21T00:00,0.269,µg/m³,VOC,GC-MS
54102,ROUND TOP RIDGE,Pentane,2011-10-24T00:00,0.194,µg/m³,VOC,GC-MS
54102,ROUND TOP RIDGE,Pentane,2011-10-27T00:00,0.088,µg/m³,VOC,GC-MS
54102,ROUND TOP RIDGE,Pentane,2011-10-30T00:00,0.088,µg/m³,VOC,GC-MS
54102,ROUND TOP RIDGE,Pentane,2011-11-05T00:00,0.181,µg/m³,VOC,GC-MS
54102,ROUND TOP RIDGE,Pentane,2011-11-08T00:00,0.222,µg/m³,VOC,GC-MS
54102,ROUND TOP RIDGE,Pentane,2011-11-11T00:00,0.243,µg/m³,VOC,GC-MS
54102,ROUND TOP RIDGE,Pentane,2011-11-14T00:00,0.273,µg/m³,VOC,GC-MS
54102,ROUND TOP RIDGE,Pentane,2011-11-17T00:00,0.308,µg/m³,VOC,GC-MS
54102,ROUND TOP RIDGE,Pentane,2011-11-20T00:00,0.364,µg/m³,VOC,GC-MS
54102,ROUND TOP RIDGE,Pentane,2011-11-23T00:00,0.133,µg/m³,VOC,GC-MS
54102,ROUND TOP RIDGE,Pentane,2011-11-26T00:00,0.475,µg/m³,VOC,GC-MS
54102,ROUND TOP RIDGE,Pentane,2011-11-29T00:00,0.122,µg/m³,VOC,GC-MS
54102,ROUND TOP RIDGE,Pentane,2011-12-02T00:00,0.275,µg/m³,VOC,GC-MS
54102,ROUND TOP RIDGE,Pentane,2011-12-05T00:00,0.273,µg/m³,VOC,GC-MS
54102,ROUND TOP RIDGE,Pentane,2011-12-08T00:00,0.203,µg/m³,VOC,GC-MS
54102,ROUND TOP RIDGE,Pentane,2011-12-11T00:00,0.321,µg/m³,VOC,GC-MS
54102,ROUND TOP RIDGE,Pentane,2011-12-14T00:00,0.729,µg/m³,VOC,GC-MS
54102,ROUND TOP RIDGE,Pentane,2011-12-17T00:00,0.258,µg/m³,VOC,GC-MS
54102,ROUND TOP RIDGE,Pentane,2011-12-20T00:00,0.329,µg/m³,VOC,GC-MS
54102,ROUND TOP RIDGE,Pentane,2011-12-23T00:00,0.336,µg/m³,VOC,GC-MS
54102,ROUND TOP RIDGE,Pentane,2011-12-26T00:00,0.580,µg/m³,VOC,GC-MS
54102,ROUND TOP RIDGE,Pentane,2011-12-29T00:00,0.325,µg/m³,VOC,GC-MS
