﻿NAPS_Site_ID,Station_Name,Pollutant,Date,Value,Units,Report_Type,Method
101101,CHILLIWACK AIRPORT,tert-Butylbenzene,2012-01-10T00:00,0.000,µg/m³,VOC,N/A
101101,CHILLIWACK AIRPORT,tert-Butylbenzene,2012-01-22T00:00,0.000,µg/m³,VOC,N/A
101101,CHILLIWACK AIRPORT,tert-Butylbenzene,2012-02-03T00:00,0.000,µg/m³,VOC,N/A
101101,CHILLIWACK AIRPORT,tert-Butylbenzene,2012-02-15T00:00,0.000,µg/m³,VOC,N/A
101101,CHILLIWACK AIRPORT,tert-Butylbenzene,2012-02-27T00:00,0.000,µg/m³,VOC,N/A
101101,CHILLIWACK AIRPORT,tert-Butylbenzene,2012-03-10T00:00,0.000,µg/m³,VOC,N/A
101101,CHILLIWACK AIRPORT,tert-Butylbenzene,2012-03-22T00:00,0.000,µg/m³,VOC,N/A
101101,CHILLIWACK AIRPORT,tert-Butylbenzene,2012-04-27T00:00,0.000,µg/m³,VOC,N/A
101101,CHILLIWACK AIRPORT,tert-Butylbenzene,2012-05-03T00:00,0.000,µg/m³,VOC,N/A
101101,CHILLIWACK AIRPORT,tert-Butylbenzene,2012-05-21T00:00,0.000,µg/m³,VOC,N/A
101101,CHILLIWACK AIRPORT,tert-Butylbenzene,2012-06-02T00:00,0.000,µg/m³,VOC,N/A
101101,CHILLIWACK AIRPORT,tert-Butylbenzene,2012-06-14T00:00,0.000,µg/m³,VOC,N/A
101101,CHILLIWACK AIRPORT,tert-Butylbenzene,2012-06-20T00:00,0.000,µg/m³,VOC,N/A
101101,CHILLIWACK AIRPORT,tert-Butylbenzene,2012-06-26T00:00,0.000,µg/m³,VOC,N/A
101101,CHILLIWACK AIRPORT,tert-Butylbenzene,2012-07-08T00:00,0.000,µg/m³,VOC,N/A
101101,CHILLIWACK AIRPORT,tert-Butylbenzene,2012-08-01T00:00,0.000,µg/m³,VOC,N/A
101101,CHILLIWACK AIRPORT,tert-Butylbenzene,2012-08-13T00:00,0.000,µg/m³,VOC,N/A
101101,CHILLIWACK AIRPORT,tert-Butylbenzene,2012-09-06T00:00,0.000,µg/m³,VOC,N/A
101101,CHILLIWACK AIRPORT,tert-Butylbenzene,2012-09-18T00:00,0.000,µg/m³,VOC,N/A
101101,CHILLIWACK AIRPORT,tert-Butylbenzene,2012-09-30T00:00,0.000,µg/m³,VOC,N/A
101101,CHILLIWACK AIRPORT,tert-Butylbenzene,2012-11-29T00:00,0.000,µg/m³,VOC,N/A
101101,CHILLIWACK AIRPORT,tert-Butylbenzene,2012-12-11T00:00,0.000,µg/m³,VOC,N/A
101101,CHILLIWACK AIRPORT,tert-Butylbenzene,2012-12-23T00:00,0.000,µg/m³,VOC,N/A
