﻿NAPS_Site_ID,Station_Name,Pollutant,Date,Value,Units,Report_Type,Method
100127,SURREY EAST,Propylene,2003-01-03T00:00,0.414,µg/m³,VOC,N/A
100127,SURREY EAST,Propylene,2003-01-27T00:00,0.444,µg/m³,VOC,N/A
100127,SURREY EAST,Propylene,2003-02-20T00:00,0.396,µg/m³,VOC,N/A
100127,SURREY EAST,Propylene,2003-03-22T00:00,0.108,µg/m³,VOC,N/A
100127,SURREY EAST,Propylene,2003-04-09T00:00,0.287,µg/m³,VOC,N/A
100127,SURREY EAST,Propylene,2003-04-27T00:00,0.299,µg/m³,VOC,N/A
100127,SURREY EAST,Propylene,2003-05-15T00:00,0.181,µg/m³,VOC,N/A
100127,SURREY EAST,Propylene,2003-06-02T00:00,0.249,µg/m³,VOC,N/A
100127,SURREY EAST,Propylene,2003-06-26T00:00,0.319,µg/m³,VOC,N/A
100127,SURREY EAST,Propylene,2003-07-20T00:00,0.383,µg/m³,VOC,N/A
100127,SURREY EAST,Propylene,2003-08-13T00:00,0.327,µg/m³,VOC,N/A
100127,SURREY EAST,Propylene,2003-09-18T00:00,0.494,µg/m³,VOC,N/A
100127,SURREY EAST,Propylene,2003-09-30T00:00,0.668,µg/m³,VOC,N/A
100127,SURREY EAST,Propylene,2003-10-12T00:00,0.165,µg/m³,VOC,N/A
100127,SURREY EAST,Propylene,2003-10-30T00:00,0.263,µg/m³,VOC,N/A
100127,SURREY EAST,Propylene,2003-11-17T00:00,0.346,µg/m³,VOC,N/A
100127,SURREY EAST,Propylene,2003-12-05T00:00,0.303,µg/m³,VOC,N/A
100127,SURREY EAST,Propylene,2003-12-23T00:00,0.629,µg/m³,VOC,N/A
