﻿NAPS_Site_ID,Station_Name,Pollutant,Date,Value,Units,Report_Type,Method
60903,LONDON AQI SITE _LONDON_ 900_HGHBURYAVE,Carbontetrachloride,2006-01-05T00:00,0.583,µg/m³,VOC,
60903,LONDON AQI SITE _LONDON_ 900_HGHBURYAVE,Carbontetrachloride,2006-01-17T00:00,0.616,µg/m³,VOC,
60903,LONDON AQI SITE _LONDON_ 900_HGHBURYAVE,Carbontetrachloride,2006-01-23T00:00,0.577,µg/m³,VOC,
60903,LONDON AQI SITE _LONDON_ 900_HGHBURYAVE,Carbontetrachloride,2006-01-29T00:00,0.513,µg/m³,VOC,
60903,LONDON AQI SITE _LONDON_ 900_HGHBURYAVE,Carbontetrachloride,2006-02-04T00:00,0.509,µg/m³,VOC,
60903,LONDON AQI SITE _LONDON_ 900_HGHBURYAVE,Carbontetrachloride,2006-02-10T00:00,0.493,µg/m³,VOC,
60903,LONDON AQI SITE _LONDON_ 900_HGHBURYAVE,Carbontetrachloride,2006-02-16T00:00,0.519,µg/m³,VOC,
60903,LONDON AQI SITE _LONDON_ 900_HGHBURYAVE,Carbontetrachloride,2006-02-22T00:00,0.535,µg/m³,VOC,
60903,LONDON AQI SITE _LONDON_ 900_HGHBURYAVE,Carbontetrachloride,2006-02-28T00:00,0.534,µg/m³,VOC,
60903,LONDON AQI SITE _LONDON_ 900_HGHBURYAVE,Carbontetrachloride,2006-03-12T00:00,0.551,µg/m³,VOC,
60903,LONDON AQI SITE _LONDON_ 900_HGHBURYAVE,Carbontetrachloride,2006-03-18T00:00,0.573,µg/m³,VOC,
60903,LONDON AQI SITE _LONDON_ 900_HGHBURYAVE,Carbontetrachloride,2006-03-24T00:00,0.592,µg/m³,VOC,
60903,LONDON AQI SITE _LONDON_ 900_HGHBURYAVE,Carbontetrachloride,2006-03-30T00:00,0.579,µg/m³,VOC,
60903,LONDON AQI SITE _LONDON_ 900_HGHBURYAVE,Carbontetrachloride,2006-07-04T00:00,0.588,µg/m³,VOC,
60903,LONDON AQI SITE _LONDON_ 900_HGHBURYAVE,Carbontetrachloride,2006-07-10T00:00,0.495,µg/m³,VOC,
60903,LONDON AQI SITE _LONDON_ 900_HGHBURYAVE,Carbontetrachloride,2006-07-22T00:00,0.484,µg/m³,VOC,
60903,LONDON AQI SITE _LONDON_ 900_HGHBURYAVE,Carbontetrachloride,2006-07-28T00:00,0.511,µg/m³,VOC,
60903,LONDON AQI SITE _LONDON_ 900_HGHBURYAVE,Carbontetrachloride,2006-08-09T00:00,0.589,µg/m³,VOC,
60903,LONDON AQI SITE _LONDON_ 900_HGHBURYAVE,Carbontetrachloride,2006-08-15T00:00,0.556,µg/m³,VOC,
60903,LONDON AQI SITE _LONDON_ 900_HGHBURYAVE,Carbontetrachloride,2006-08-21T00:00,0.534,µg/m³,VOC,
60903,LONDON AQI SITE _LONDON_ 900_HGHBURYAVE,Carbontetrachloride,2006-08-27T00:00,0.577,µg/m³,VOC,
60903,LONDON AQI SITE _LONDON_ 900_HGHBURYAVE,Carbontetrachloride,2006-09-02T00:00,0.500,µg/m³,VOC,
60903,LONDON AQI SITE _LONDON_ 900_HGHBURYAVE,Carbontetrachloride,2006-09-08T00:00,0.546,µg/m³,VOC,
60903,LONDON AQI SITE _LONDON_ 900_HGHBURYAVE,Carbontetrachloride,2006-09-14T00:00,0.529,µg/m³,VOC,
60903,LONDON AQI SITE _LONDON_ 900_HGHBURYAVE,Carbontetrachloride,2006-09-20T00:00,0.506,µg/m³,VOC,
60903,LONDON AQI SITE _LONDON_ 900_HGHBURYAVE,Carbontetrachloride,2006-09-26T00:00,0.535,µg/m³,VOC,
60903,LONDON AQI SITE _LONDON_ 900_HGHBURYAVE,Carbontetrachloride,2006-10-02T00:00,0.479,µg/m³,VOC,
60903,LONDON AQI SITE _LONDON_ 900_HGHBURYAVE,Carbontetrachloride,2006-10-14T00:00,0.650,µg/m³,VOC,
60903,LONDON AQI SITE _LONDON_ 900_HGHBURYAVE,Carbontetrachloride,2006-10-20T00:00,0.578,µg/m³,VOC,
60903,LONDON AQI SITE _LONDON_ 900_HGHBURYAVE,Carbontetrachloride,2006-10-26T00:00,0.532,µg/m³,VOC,
60903,LONDON AQI SITE _LONDON_ 900_HGHBURYAVE,Carbontetrachloride,2006-11-07T00:00,0.526,µg/m³,VOC,
60903,LONDON AQI SITE _LONDON_ 900_HGHBURYAVE,Carbontetrachloride,2006-11-13T00:00,0.612,µg/m³,VOC,
60903,LONDON AQI SITE _LONDON_ 900_HGHBURYAVE,Carbontetrachloride,2006-11-25T00:00,0.636,µg/m³,VOC,
60903,LONDON AQI SITE _LONDON_ 900_HGHBURYAVE,Carbontetrachloride,2006-12-01T00:00,0.631,µg/m³,VOC,
60903,LONDON AQI SITE _LONDON_ 900_HGHBURYAVE,Carbontetrachloride,2006-12-07T00:00,0.639,µg/m³,VOC,
60903,LONDON AQI SITE _LONDON_ 900_HGHBURYAVE,Carbontetrachloride,2006-12-13T00:00,0.649,µg/m³,VOC,
60903,LONDON AQI SITE _LONDON_ 900_HGHBURYAVE,Carbontetrachloride,2006-12-19T00:00,0.546,µg/m³,VOC,
60903,LONDON AQI SITE _LONDON_ 900_HGHBURYAVE,Carbontetrachloride,2006-12-25T00:00,0.558,µg/m³,VOC,
60903,LONDON AQI SITE _LONDON_ 900_HGHBURYAVE,Carbontetrachloride,2006-12-31T00:00,0.666,µg/m³,VOC,
