﻿NAPS_Site_ID,Station_Name,Pollutant,Date,Value,Units,Report_Type,Method
90806,SYNCRUDE UE1-FORT MCKAY SOUTH,"1,4-Diethylbenzene",2013-01-04T00:00,0.015,µg/m³,VOC,N/A
90806,SYNCRUDE UE1-FORT MCKAY SOUTH,"1,4-Diethylbenzene",2013-01-10T00:00,0.009,µg/m³,VOC,N/A
90806,SYNCRUDE UE1-FORT MCKAY SOUTH,"1,4-Diethylbenzene",2013-01-16T00:00,0.005,µg/m³,VOC,N/A
90806,SYNCRUDE UE1-FORT MCKAY SOUTH,"1,4-Diethylbenzene",2013-01-22T00:00,0.025,µg/m³,VOC,N/A
90806,SYNCRUDE UE1-FORT MCKAY SOUTH,"1,4-Diethylbenzene",2013-01-28T00:00,0.009,µg/m³,VOC,N/A
90806,SYNCRUDE UE1-FORT MCKAY SOUTH,"1,4-Diethylbenzene",2013-02-03T00:00,0.005,µg/m³,VOC,N/A
90806,SYNCRUDE UE1-FORT MCKAY SOUTH,"1,4-Diethylbenzene",2013-02-09T00:00,0.042,µg/m³,VOC,N/A
90806,SYNCRUDE UE1-FORT MCKAY SOUTH,"1,4-Diethylbenzene",2013-02-15T00:00,0.062,µg/m³,VOC,N/A
90806,SYNCRUDE UE1-FORT MCKAY SOUTH,"1,4-Diethylbenzene",2013-02-21T00:00,0.082,µg/m³,VOC,N/A
90806,SYNCRUDE UE1-FORT MCKAY SOUTH,"1,4-Diethylbenzene",2013-02-27T00:00,0.102,µg/m³,VOC,N/A
90806,SYNCRUDE UE1-FORT MCKAY SOUTH,"1,4-Diethylbenzene",2013-03-05T00:00,0.119,µg/m³,VOC,N/A
90806,SYNCRUDE UE1-FORT MCKAY SOUTH,"1,4-Diethylbenzene",2013-03-11T00:00,0.013,µg/m³,VOC,N/A
90806,SYNCRUDE UE1-FORT MCKAY SOUTH,"1,4-Diethylbenzene",2013-03-17T00:00,0.016,µg/m³,VOC,N/A
90806,SYNCRUDE UE1-FORT MCKAY SOUTH,"1,4-Diethylbenzene",2013-03-23T00:00,0.041,µg/m³,VOC,N/A
90806,SYNCRUDE UE1-FORT MCKAY SOUTH,"1,4-Diethylbenzene",2013-03-29T00:00,0.012,µg/m³,VOC,N/A
90806,SYNCRUDE UE1-FORT MCKAY SOUTH,"1,4-Diethylbenzene",2013-04-04T00:00,0.011,µg/m³,VOC,N/A
90806,SYNCRUDE UE1-FORT MCKAY SOUTH,"1,4-Diethylbenzene",2013-04-10T00:00,0.062,µg/m³,VOC,N/A
90806,SYNCRUDE UE1-FORT MCKAY SOUTH,"1,4-Diethylbenzene",2013-04-17T00:00,0.030,µg/m³,VOC,N/A
90806,SYNCRUDE UE1-FORT MCKAY SOUTH,"1,4-Diethylbenzene",2013-04-28T00:00,0.011,µg/m³,VOC,N/A
90806,SYNCRUDE UE1-FORT MCKAY SOUTH,"1,4-Diethylbenzene",2013-05-04T00:00,0.098,µg/m³,VOC,N/A
90806,SYNCRUDE UE1-FORT MCKAY SOUTH,"1,4-Diethylbenzene",2013-05-10T00:00,0.018,µg/m³,VOC,N/A
90806,SYNCRUDE UE1-FORT MCKAY SOUTH,"1,4-Diethylbenzene",2013-05-16T00:00,0.019,µg/m³,VOC,N/A
90806,SYNCRUDE UE1-FORT MCKAY SOUTH,"1,4-Diethylbenzene",2013-05-22T00:00,0.005,µg/m³,VOC,N/A
90806,SYNCRUDE UE1-FORT MCKAY SOUTH,"1,4-Diethylbenzene",2013-05-28T00:00,0.007,µg/m³,VOC,N/A
90806,SYNCRUDE UE1-FORT MCKAY SOUTH,"1,4-Diethylbenzene",2013-06-03T00:00,0.031,µg/m³,VOC,N/A
90806,SYNCRUDE UE1-FORT MCKAY SOUTH,"1,4-Diethylbenzene",2013-06-09T00:00,0.003,µg/m³,VOC,N/A
90806,SYNCRUDE UE1-FORT MCKAY SOUTH,"1,4-Diethylbenzene",2013-06-15T00:00,0.005,µg/m³,VOC,N/A
90806,SYNCRUDE UE1-FORT MCKAY SOUTH,"1,4-Diethylbenzene",2013-06-21T00:00,0.038,µg/m³,VOC,N/A
90806,SYNCRUDE UE1-FORT MCKAY SOUTH,"1,4-Diethylbenzene",2013-07-21T00:00,0.006,µg/m³,VOC,N/A
90806,SYNCRUDE UE1-FORT MCKAY SOUTH,"1,4-Diethylbenzene",2013-07-27T00:00,0.042,µg/m³,VOC,N/A
90806,SYNCRUDE UE1-FORT MCKAY SOUTH,"1,4-Diethylbenzene",2013-08-02T00:00,0.024,µg/m³,VOC,N/A
90806,SYNCRUDE UE1-FORT MCKAY SOUTH,"1,4-Diethylbenzene",2013-10-01T00:00,0.017,µg/m³,VOC,N/A
90806,SYNCRUDE UE1-FORT MCKAY SOUTH,"1,4-Diethylbenzene",2013-10-07T00:00,0.016,µg/m³,VOC,N/A
90806,SYNCRUDE UE1-FORT MCKAY SOUTH,"1,4-Diethylbenzene",2013-10-13T00:00,0.036,µg/m³,VOC,N/A
90806,SYNCRUDE UE1-FORT MCKAY SOUTH,"1,4-Diethylbenzene",2013-10-19T00:00,0.027,µg/m³,VOC,N/A
90806,SYNCRUDE UE1-FORT MCKAY SOUTH,"1,4-Diethylbenzene",2013-10-25T00:00,0.020,µg/m³,VOC,N/A
90806,SYNCRUDE UE1-FORT MCKAY SOUTH,"1,4-Diethylbenzene",2013-10-31T00:00,0.056,µg/m³,VOC,N/A
90806,SYNCRUDE UE1-FORT MCKAY SOUTH,"1,4-Diethylbenzene",2013-11-06T00:00,0.043,µg/m³,VOC,N/A
90806,SYNCRUDE UE1-FORT MCKAY SOUTH,"1,4-Diethylbenzene",2013-11-12T00:00,0.095,µg/m³,VOC,N/A
90806,SYNCRUDE UE1-FORT MCKAY SOUTH,"1,4-Diethylbenzene",2013-11-18T00:00,0.003,µg/m³,VOC,N/A
90806,SYNCRUDE UE1-FORT MCKAY SOUTH,"1,4-Diethylbenzene",2013-11-24T00:00,0.008,µg/m³,VOC,N/A
90806,SYNCRUDE UE1-FORT MCKAY SOUTH,"1,4-Diethylbenzene",2013-11-30T00:00,0.006,µg/m³,VOC,N/A
90806,SYNCRUDE UE1-FORT MCKAY SOUTH,"1,4-Diethylbenzene",2013-12-06T00:00,0.000,µg/m³,VOC,N/A
90806,SYNCRUDE UE1-FORT MCKAY SOUTH,"1,4-Diethylbenzene",2013-12-12T00:00,0.000,µg/m³,VOC,N/A
90806,SYNCRUDE UE1-FORT MCKAY SOUTH,"1,4-Diethylbenzene",2013-12-18T00:00,0.006,µg/m³,VOC,N/A
90806,SYNCRUDE UE1-FORT MCKAY SOUTH,"1,4-Diethylbenzene",2013-12-30T00:00,0.000,µg/m³,VOC,N/A
