﻿NAPS_Site_ID,Station_Name,Pollutant,Date,Value,Units,Report_Type,Method
100119,BURNABY SOUTH,Freon 114,2020-01-04T00:00,0.114,µg/m³,VOC,GC-MS
100119,BURNABY SOUTH,Freon 114,2020-01-10T00:00,0.118,µg/m³,VOC,GC-MS
100119,BURNABY SOUTH,Freon 114,2020-01-22T00:00,0.117,µg/m³,VOC,GC-MS
100119,BURNABY SOUTH,Freon 114,2020-01-28T00:00,0.114,µg/m³,VOC,GC-MS
100119,BURNABY SOUTH,Freon 114,2020-02-03T00:00,0.109,µg/m³,VOC,GC-MS
100119,BURNABY SOUTH,Freon 114,2020-02-09T00:00,0.116,µg/m³,VOC,GC-MS
100119,BURNABY SOUTH,Freon 114,2020-02-15T00:00,0.128,µg/m³,VOC,GC-MS
100119,BURNABY SOUTH,Freon 114,2020-02-27T00:00,0.130,µg/m³,VOC,GC-MS
