﻿NAPS_Site_ID,Station_Name,Pollutant,Date,Value,Units,Report_Type,Method
101101,CHILLIWACK AIRPORT,2-Methylheptane,2008-01-07T00:00,0.036,µg/m³,VOC,N/A
101101,CHILLIWACK AIRPORT,2-Methylheptane,2008-01-19T00:00,0.051,µg/m³,VOC,N/A
101101,CHILLIWACK AIRPORT,2-Methylheptane,2008-02-24T00:00,0.036,µg/m³,VOC,N/A
101101,CHILLIWACK AIRPORT,2-Methylheptane,2008-03-07T00:00,0.086,µg/m³,VOC,N/A
101101,CHILLIWACK AIRPORT,2-Methylheptane,2008-03-19T00:00,0.061,µg/m³,VOC,N/A
101101,CHILLIWACK AIRPORT,2-Methylheptane,2008-03-31T00:00,0.041,µg/m³,VOC,N/A
101101,CHILLIWACK AIRPORT,2-Methylheptane,2008-04-12T00:00,0.027,µg/m³,VOC,N/A
101101,CHILLIWACK AIRPORT,2-Methylheptane,2008-05-06T00:00,0.132,µg/m³,VOC,N/A
101101,CHILLIWACK AIRPORT,2-Methylheptane,2008-05-18T00:00,0.030,µg/m³,VOC,N/A
101101,CHILLIWACK AIRPORT,2-Methylheptane,2008-05-30T00:00,0.040,µg/m³,VOC,N/A
101101,CHILLIWACK AIRPORT,2-Methylheptane,2008-06-11T00:00,0.051,µg/m³,VOC,N/A
101101,CHILLIWACK AIRPORT,2-Methylheptane,2008-06-23T00:00,0.063,µg/m³,VOC,N/A
101101,CHILLIWACK AIRPORT,2-Methylheptane,2008-07-05T00:00,0.042,µg/m³,VOC,N/A
101101,CHILLIWACK AIRPORT,2-Methylheptane,2008-07-17T00:00,0.038,µg/m³,VOC,N/A
101101,CHILLIWACK AIRPORT,2-Methylheptane,2008-07-29T00:00,0.060,µg/m³,VOC,N/A
101101,CHILLIWACK AIRPORT,2-Methylheptane,2008-08-10T00:00,0.026,µg/m³,VOC,N/A
101101,CHILLIWACK AIRPORT,2-Methylheptane,2008-08-22T00:00,0.049,µg/m³,VOC,N/A
101101,CHILLIWACK AIRPORT,2-Methylheptane,2008-09-03T00:00,0.047,µg/m³,VOC,N/A
101101,CHILLIWACK AIRPORT,2-Methylheptane,2008-09-27T00:00,0.047,µg/m³,VOC,N/A
101101,CHILLIWACK AIRPORT,2-Methylheptane,2008-10-09T00:00,0.061,µg/m³,VOC,N/A
101101,CHILLIWACK AIRPORT,2-Methylheptane,2008-10-21T00:00,0.135,µg/m³,VOC,N/A
101101,CHILLIWACK AIRPORT,2-Methylheptane,2008-11-14T00:00,0.047,µg/m³,VOC,N/A
101101,CHILLIWACK AIRPORT,2-Methylheptane,2008-11-26T00:00,0.044,µg/m³,VOC,N/A
101101,CHILLIWACK AIRPORT,2-Methylheptane,2008-12-08T00:00,0.075,µg/m³,VOC,N/A
101101,CHILLIWACK AIRPORT,2-Methylheptane,2008-12-20T00:00,0.016,µg/m³,VOC,N/A
