﻿NAPS_Site_ID,Station_Name,Pollutant,Date,Value,Units,Report_Type,Method
70119,ELLEN,Ethane,1999-01-06T00:00,4.356,µg/m³,VOC,GC-FID
70119,ELLEN,Ethane,1999-01-12T00:00,5.430,µg/m³,VOC,GC-FID
70119,ELLEN,Ethane,1999-01-18T00:00,5.377,µg/m³,VOC,GC-FID
70119,ELLEN,Ethane,1999-01-24T00:00,4.042,µg/m³,VOC,GC-FID
70119,ELLEN,Ethane,1999-01-30T00:00,5.312,µg/m³,VOC,GC-FID
70119,ELLEN,Ethane,1999-02-05T00:00,4.174,µg/m³,VOC,GC-FID
70119,ELLEN,Ethane,1999-02-11T00:00,3.507,µg/m³,VOC,GC-FID
70119,ELLEN,Ethane,1999-02-17T00:00,4.368,µg/m³,VOC,GC-FID
70119,ELLEN,Ethane,1999-02-23T00:00,3.606,µg/m³,VOC,GC-FID
70119,ELLEN,Ethane,1999-03-01T00:00,3.957,µg/m³,VOC,GC-FID
70119,ELLEN,Ethane,1999-03-07T00:00,3.882,µg/m³,VOC,GC-FID
70119,ELLEN,Ethane,1999-03-13T00:00,4.265,µg/m³,VOC,GC-FID
70119,ELLEN,Ethane,1999-03-19T00:00,4.200,µg/m³,VOC,GC-FID
70119,ELLEN,Ethane,1999-03-25T00:00,3.944,µg/m³,VOC,GC-FID
70119,ELLEN,Ethane,1999-03-31T00:00,4.101,µg/m³,VOC,GC-FID
70119,ELLEN,Ethane,1999-04-06T00:00,5.164,µg/m³,VOC,GC-FID
70119,ELLEN,Ethane,1999-04-12T00:00,4.056,µg/m³,VOC,GC-FID
70119,ELLEN,Ethane,1999-04-18T00:00,3.433,µg/m³,VOC,GC-FID
70119,ELLEN,Ethane,1999-04-24T00:00,3.284,µg/m³,VOC,GC-FID
70119,ELLEN,Ethane,1999-04-30T00:00,3.429,µg/m³,VOC,GC-FID
70119,ELLEN,Ethane,1999-05-06T00:00,2.746,µg/m³,VOC,GC-FID
70119,ELLEN,Ethane,1999-05-12T00:00,3.612,µg/m³,VOC,GC-FID
70119,ELLEN,Ethane,1999-05-18T00:00,2.212,µg/m³,VOC,GC-FID
70119,ELLEN,Ethane,1999-05-24T00:00,3.246,µg/m³,VOC,GC-FID
70119,ELLEN,Ethane,1999-05-30T00:00,2.390,µg/m³,VOC,GC-FID
70119,ELLEN,Ethane,1999-06-05T00:00,3.621,µg/m³,VOC,GC-FID
70119,ELLEN,Ethane,1999-06-11T00:00,3.570,µg/m³,VOC,GC-FID
70119,ELLEN,Ethane,1999-06-17T00:00,2.498,µg/m³,VOC,GC-FID
70119,ELLEN,Ethane,1999-06-23T00:00,2.075,µg/m³,VOC,GC-FID
70119,ELLEN,Ethane,1999-06-29T00:00,2.895,µg/m³,VOC,GC-FID
70119,ELLEN,Ethane,1999-07-05T00:00,1.793,µg/m³,VOC,GC-FID
70119,ELLEN,Ethane,1999-07-11T00:00,2.467,µg/m³,VOC,GC-FID
70119,ELLEN,Ethane,1999-07-17T00:00,1.631,µg/m³,VOC,GC-FID
70119,ELLEN,Ethane,1999-07-23T00:00,2.301,µg/m³,VOC,GC-FID
70119,ELLEN,Ethane,1999-07-29T00:00,2.638,µg/m³,VOC,GC-FID
70119,ELLEN,Ethane,1999-08-04T00:00,1.848,µg/m³,VOC,GC-FID
70119,ELLEN,Ethane,1999-08-10T00:00,1.650,µg/m³,VOC,GC-FID
70119,ELLEN,Ethane,1999-08-28T00:00,1.666,µg/m³,VOC,GC-FID
70119,ELLEN,Ethane,1999-09-03T00:00,1.806,µg/m³,VOC,GC-FID
70119,ELLEN,Ethane,1999-09-15T00:00,2.616,µg/m³,VOC,GC-FID
70119,ELLEN,Ethane,1999-09-21T00:00,2.986,µg/m³,VOC,GC-FID
70119,ELLEN,Ethane,1999-09-27T00:00,2.302,µg/m³,VOC,GC-FID
70119,ELLEN,Ethane,1999-10-03T00:00,3.552,µg/m³,VOC,GC-FID
70119,ELLEN,Ethane,1999-10-09T00:00,3.246,µg/m³,VOC,GC-FID
70119,ELLEN,Ethane,1999-10-15T00:00,3.298,µg/m³,VOC,GC-FID
70119,ELLEN,Ethane,1999-10-21T00:00,2.365,µg/m³,VOC,GC-FID
70119,ELLEN,Ethane,1999-10-27T00:00,3.357,µg/m³,VOC,GC-FID
70119,ELLEN,Ethane,1999-11-02T00:00,4.787,µg/m³,VOC,GC-FID
70119,ELLEN,Ethane,1999-11-08T00:00,6.738,µg/m³,VOC,GC-FID
70119,ELLEN,Ethane,1999-11-14T00:00,3.047,µg/m³,VOC,GC-FID
70119,ELLEN,Ethane,1999-11-20T00:00,4.542,µg/m³,VOC,GC-FID
70119,ELLEN,Ethane,1999-11-26T00:00,3.987,µg/m³,VOC,GC-FID
70119,ELLEN,Ethane,1999-12-02T00:00,5.661,µg/m³,VOC,GC-FID
70119,ELLEN,Ethane,1999-12-08T00:00,5.048,µg/m³,VOC,GC-FID
70119,ELLEN,Ethane,1999-12-14T00:00,5.114,µg/m³,VOC,GC-FID
70119,ELLEN,Ethane,1999-12-20T00:00,3.461,µg/m³,VOC,GC-FID
70119,ELLEN,Ethane,1999-12-26T00:00,3.089,µg/m³,VOC,GC-FID
