﻿NAPS_Site_ID,Station_Name,Pollutant,Date,Value,Units,Report_Type,Method
50115,MONTRÉAL-MAISONNEUVE,Methylcyclohexane,2002-01-02T00:00,0.200,µg/m³,VOC,
50115,MONTRÉAL-MAISONNEUVE,Methylcyclohexane,2002-01-08T00:00,0.530,µg/m³,VOC,
50115,MONTRÉAL-MAISONNEUVE,Methylcyclohexane,2002-01-14T00:00,0.380,µg/m³,VOC,
50115,MONTRÉAL-MAISONNEUVE,Methylcyclohexane,2002-01-20T00:00,0.530,µg/m³,VOC,
50115,MONTRÉAL-MAISONNEUVE,Methylcyclohexane,2002-01-26T00:00,0.330,µg/m³,VOC,
50115,MONTRÉAL-MAISONNEUVE,Methylcyclohexane,2002-02-01T00:00,0.560,µg/m³,VOC,
50115,MONTRÉAL-MAISONNEUVE,Methylcyclohexane,2002-02-07T00:00,1.390,µg/m³,VOC,
50115,MONTRÉAL-MAISONNEUVE,Methylcyclohexane,2002-02-13T00:00,0.400,µg/m³,VOC,
50115,MONTRÉAL-MAISONNEUVE,Methylcyclohexane,2002-02-19T00:00,0.740,µg/m³,VOC,
50115,MONTRÉAL-MAISONNEUVE,Methylcyclohexane,2002-02-25T00:00,1.180,µg/m³,VOC,
50115,MONTRÉAL-MAISONNEUVE,Methylcyclohexane,2002-03-03T00:00,0.290,µg/m³,VOC,
50115,MONTRÉAL-MAISONNEUVE,Methylcyclohexane,2002-03-09T00:00,0.650,µg/m³,VOC,
50115,MONTRÉAL-MAISONNEUVE,Methylcyclohexane,2002-03-15T00:00,0.500,µg/m³,VOC,
50115,MONTRÉAL-MAISONNEUVE,Methylcyclohexane,2002-03-21T00:00,0.450,µg/m³,VOC,
50115,MONTRÉAL-MAISONNEUVE,Methylcyclohexane,2002-03-27T00:00,0.540,µg/m³,VOC,
50115,MONTRÉAL-MAISONNEUVE,Methylcyclohexane,2002-04-02T00:00,0.380,µg/m³,VOC,
50115,MONTRÉAL-MAISONNEUVE,Methylcyclohexane,2002-04-08T00:00,0.560,µg/m³,VOC,
50115,MONTRÉAL-MAISONNEUVE,Methylcyclohexane,2002-04-14T00:00,0.536,µg/m³,VOC,
50115,MONTRÉAL-MAISONNEUVE,Methylcyclohexane,2002-04-20T00:00,0.330,µg/m³,VOC,
50115,MONTRÉAL-MAISONNEUVE,Methylcyclohexane,2002-04-26T00:00,0.409,µg/m³,VOC,
50115,MONTRÉAL-MAISONNEUVE,Methylcyclohexane,2002-05-02T00:00,0.413,µg/m³,VOC,
50115,MONTRÉAL-MAISONNEUVE,Methylcyclohexane,2002-05-08T00:00,0.713,µg/m³,VOC,
50115,MONTRÉAL-MAISONNEUVE,Methylcyclohexane,2002-05-14T00:00,0.498,µg/m³,VOC,
50115,MONTRÉAL-MAISONNEUVE,Methylcyclohexane,2002-05-20T00:00,0.392,µg/m³,VOC,
50115,MONTRÉAL-MAISONNEUVE,Methylcyclohexane,2002-05-26T00:00,0.249,µg/m³,VOC,
50115,MONTRÉAL-MAISONNEUVE,Methylcyclohexane,2002-06-01T00:00,0.369,µg/m³,VOC,
50115,MONTRÉAL-MAISONNEUVE,Methylcyclohexane,2002-06-07T00:00,0.804,µg/m³,VOC,
50115,MONTRÉAL-MAISONNEUVE,Methylcyclohexane,2002-06-13T00:00,0.620,µg/m³,VOC,
50115,MONTRÉAL-MAISONNEUVE,Methylcyclohexane,2002-06-19T00:00,0.680,µg/m³,VOC,
50115,MONTRÉAL-MAISONNEUVE,Methylcyclohexane,2002-06-25T00:00,0.520,µg/m³,VOC,
50115,MONTRÉAL-MAISONNEUVE,Methylcyclohexane,2002-07-01T00:00,0.201,µg/m³,VOC,
50115,MONTRÉAL-MAISONNEUVE,Methylcyclohexane,2002-07-13T00:00,0.245,µg/m³,VOC,
50115,MONTRÉAL-MAISONNEUVE,Methylcyclohexane,2002-07-19T00:00,0.866,µg/m³,VOC,
50115,MONTRÉAL-MAISONNEUVE,Methylcyclohexane,2002-07-25T00:00,0.570,µg/m³,VOC,
50115,MONTRÉAL-MAISONNEUVE,Methylcyclohexane,2002-07-31T00:00,0.416,µg/m³,VOC,
50115,MONTRÉAL-MAISONNEUVE,Methylcyclohexane,2002-08-06T00:00,0.382,µg/m³,VOC,
50115,MONTRÉAL-MAISONNEUVE,Methylcyclohexane,2002-08-12T00:00,0.333,µg/m³,VOC,
50115,MONTRÉAL-MAISONNEUVE,Methylcyclohexane,2002-10-05T00:00,5.991,µg/m³,VOC,
50115,MONTRÉAL-MAISONNEUVE,Methylcyclohexane,2002-10-11T00:00,2.808,µg/m³,VOC,
50115,MONTRÉAL-MAISONNEUVE,Methylcyclohexane,2002-10-17T00:00,1.608,µg/m³,VOC,
50115,MONTRÉAL-MAISONNEUVE,Methylcyclohexane,2002-10-23T00:00,1.534,µg/m³,VOC,
50115,MONTRÉAL-MAISONNEUVE,Methylcyclohexane,2002-10-29T00:00,1.263,µg/m³,VOC,
50115,MONTRÉAL-MAISONNEUVE,Methylcyclohexane,2002-11-04T00:00,0.161,µg/m³,VOC,
50115,MONTRÉAL-MAISONNEUVE,Methylcyclohexane,2002-11-10T00:00,0.327,µg/m³,VOC,
50115,MONTRÉAL-MAISONNEUVE,Methylcyclohexane,2002-11-16T00:00,0.253,µg/m³,VOC,
50115,MONTRÉAL-MAISONNEUVE,Methylcyclohexane,2002-11-22T00:00,0.452,µg/m³,VOC,
50115,MONTRÉAL-MAISONNEUVE,Methylcyclohexane,2002-11-28T00:00,0.076,µg/m³,VOC,
50115,MONTRÉAL-MAISONNEUVE,Methylcyclohexane,2002-12-04T00:00,0.095,µg/m³,VOC,
50115,MONTRÉAL-MAISONNEUVE,Methylcyclohexane,2002-12-10T00:00,0.240,µg/m³,VOC,
50115,MONTRÉAL-MAISONNEUVE,Methylcyclohexane,2002-12-16T00:00,0.361,µg/m³,VOC,
50115,MONTRÉAL-MAISONNEUVE,Methylcyclohexane,2002-12-22T00:00,0.233,µg/m³,VOC,
50115,MONTRÉAL-MAISONNEUVE,Methylcyclohexane,2002-12-28T00:00,0.230,µg/m³,VOC,
