﻿NAPS_Site_ID,Station_Name,Pollutant,Date,Value,Units,Report_Type,Method
50103,MONTRÉAL-SAINT-JEAN-BAPTISTE,2-Methyl-1-butene,1991-01-12T00:00,0.000,µg/m³,VOC,N/A
50103,MONTRÉAL-SAINT-JEAN-BAPTISTE,2-Methyl-1-butene,1991-01-24T00:00,0.000,µg/m³,VOC,N/A
50103,MONTRÉAL-SAINT-JEAN-BAPTISTE,2-Methyl-1-butene,1991-01-30T00:00,0.000,µg/m³,VOC,N/A
50103,MONTRÉAL-SAINT-JEAN-BAPTISTE,2-Methyl-1-butene,1991-02-05T00:00,0.000,µg/m³,VOC,N/A
50103,MONTRÉAL-SAINT-JEAN-BAPTISTE,2-Methyl-1-butene,1991-02-17T00:00,0.000,µg/m³,VOC,N/A
50103,MONTRÉAL-SAINT-JEAN-BAPTISTE,2-Methyl-1-butene,1991-02-23T00:00,0.000,µg/m³,VOC,N/A
50103,MONTRÉAL-SAINT-JEAN-BAPTISTE,2-Methyl-1-butene,1991-03-01T00:00,0.000,µg/m³,VOC,N/A
50103,MONTRÉAL-SAINT-JEAN-BAPTISTE,2-Methyl-1-butene,1991-03-07T00:00,0.205,µg/m³,VOC,N/A
50103,MONTRÉAL-SAINT-JEAN-BAPTISTE,2-Methyl-1-butene,1991-03-13T00:00,0.000,µg/m³,VOC,N/A
50103,MONTRÉAL-SAINT-JEAN-BAPTISTE,2-Methyl-1-butene,1991-03-19T00:00,0.000,µg/m³,VOC,N/A
50103,MONTRÉAL-SAINT-JEAN-BAPTISTE,2-Methyl-1-butene,1991-03-25T00:00,0.253,µg/m³,VOC,N/A
50103,MONTRÉAL-SAINT-JEAN-BAPTISTE,2-Methyl-1-butene,1991-03-31T00:00,0.000,µg/m³,VOC,N/A
50103,MONTRÉAL-SAINT-JEAN-BAPTISTE,2-Methyl-1-butene,1991-04-06T00:00,0.404,µg/m³,VOC,N/A
50103,MONTRÉAL-SAINT-JEAN-BAPTISTE,2-Methyl-1-butene,1991-04-12T00:00,0.335,µg/m³,VOC,N/A
50103,MONTRÉAL-SAINT-JEAN-BAPTISTE,2-Methyl-1-butene,1991-04-18T00:00,0.000,µg/m³,VOC,N/A
50103,MONTRÉAL-SAINT-JEAN-BAPTISTE,2-Methyl-1-butene,1991-04-24T00:00,0.000,µg/m³,VOC,N/A
50103,MONTRÉAL-SAINT-JEAN-BAPTISTE,2-Methyl-1-butene,1991-04-30T00:00,0.000,µg/m³,VOC,N/A
50103,MONTRÉAL-SAINT-JEAN-BAPTISTE,2-Methyl-1-butene,1991-05-06T00:00,0.000,µg/m³,VOC,N/A
50103,MONTRÉAL-SAINT-JEAN-BAPTISTE,2-Methyl-1-butene,1991-05-12T00:00,0.202,µg/m³,VOC,N/A
50103,MONTRÉAL-SAINT-JEAN-BAPTISTE,2-Methyl-1-butene,1991-05-18T00:00,0.000,µg/m³,VOC,N/A
50103,MONTRÉAL-SAINT-JEAN-BAPTISTE,2-Methyl-1-butene,1991-05-24T00:00,0.183,µg/m³,VOC,N/A
50103,MONTRÉAL-SAINT-JEAN-BAPTISTE,2-Methyl-1-butene,1991-05-30T00:00,0.000,µg/m³,VOC,N/A
50103,MONTRÉAL-SAINT-JEAN-BAPTISTE,2-Methyl-1-butene,1991-06-05T00:00,0.000,µg/m³,VOC,N/A
50103,MONTRÉAL-SAINT-JEAN-BAPTISTE,2-Methyl-1-butene,1991-06-11T00:00,0.277,µg/m³,VOC,N/A
50103,MONTRÉAL-SAINT-JEAN-BAPTISTE,2-Methyl-1-butene,1991-06-23T00:00,0.000,µg/m³,VOC,N/A
50103,MONTRÉAL-SAINT-JEAN-BAPTISTE,2-Methyl-1-butene,1991-06-29T00:00,0.000,µg/m³,VOC,N/A
50103,MONTRÉAL-SAINT-JEAN-BAPTISTE,2-Methyl-1-butene,1991-07-05T00:00,0.000,µg/m³,VOC,N/A
50103,MONTRÉAL-SAINT-JEAN-BAPTISTE,2-Methyl-1-butene,1991-07-11T00:00,0.000,µg/m³,VOC,N/A
50103,MONTRÉAL-SAINT-JEAN-BAPTISTE,2-Methyl-1-butene,1991-07-17T00:00,0.359,µg/m³,VOC,N/A
50103,MONTRÉAL-SAINT-JEAN-BAPTISTE,2-Methyl-1-butene,1991-08-04T00:00,0.000,µg/m³,VOC,N/A
50103,MONTRÉAL-SAINT-JEAN-BAPTISTE,2-Methyl-1-butene,1991-08-10T00:00,0.168,µg/m³,VOC,N/A
50103,MONTRÉAL-SAINT-JEAN-BAPTISTE,2-Methyl-1-butene,1991-08-16T00:00,0.475,µg/m³,VOC,N/A
50103,MONTRÉAL-SAINT-JEAN-BAPTISTE,2-Methyl-1-butene,1991-08-22T00:00,1.423,µg/m³,VOC,N/A
50103,MONTRÉAL-SAINT-JEAN-BAPTISTE,2-Methyl-1-butene,1991-08-28T00:00,3.864,µg/m³,VOC,N/A
50103,MONTRÉAL-SAINT-JEAN-BAPTISTE,2-Methyl-1-butene,1991-09-03T00:00,2.091,µg/m³,VOC,N/A
50103,MONTRÉAL-SAINT-JEAN-BAPTISTE,2-Methyl-1-butene,1991-09-21T00:00,2.460,µg/m³,VOC,N/A
50103,MONTRÉAL-SAINT-JEAN-BAPTISTE,2-Methyl-1-butene,1991-09-27T00:00,5.759,µg/m³,VOC,N/A
50103,MONTRÉAL-SAINT-JEAN-BAPTISTE,2-Methyl-1-butene,1991-10-21T00:00,0.864,µg/m³,VOC,N/A
50103,MONTRÉAL-SAINT-JEAN-BAPTISTE,2-Methyl-1-butene,1991-10-27T00:00,0.405,µg/m³,VOC,N/A
50103,MONTRÉAL-SAINT-JEAN-BAPTISTE,2-Methyl-1-butene,1991-11-02T00:00,1.149,µg/m³,VOC,N/A
50103,MONTRÉAL-SAINT-JEAN-BAPTISTE,2-Methyl-1-butene,1991-11-08T00:00,0.814,µg/m³,VOC,N/A
50103,MONTRÉAL-SAINT-JEAN-BAPTISTE,2-Methyl-1-butene,1991-11-14T00:00,2.995,µg/m³,VOC,N/A
