﻿NAPS_Site_ID,Station_Name,Pollutant,Date,Value,Units,Report_Type,Method
60211,WINDSOR WEST,"1,3-Butadiene",2003-01-03T00:00,0.258,µg/m³,VOC,
60211,WINDSOR WEST,"1,3-Butadiene",2003-01-09T00:00,0.152,µg/m³,VOC,
60211,WINDSOR WEST,"1,3-Butadiene",2003-01-15T00:00,0.161,µg/m³,VOC,
60211,WINDSOR WEST,"1,3-Butadiene",2003-01-21T00:00,0.066,µg/m³,VOC,
60211,WINDSOR WEST,"1,3-Butadiene",2003-01-27T00:00,0.055,µg/m³,VOC,
60211,WINDSOR WEST,"1,3-Butadiene",2003-02-02T00:00,0.038,µg/m³,VOC,
60211,WINDSOR WEST,"1,3-Butadiene",2003-02-08T00:00,0.034,µg/m³,VOC,
60211,WINDSOR WEST,"1,3-Butadiene",2003-02-14T00:00,0.127,µg/m³,VOC,
60211,WINDSOR WEST,"1,3-Butadiene",2003-02-20T00:00,0.097,µg/m³,VOC,
60211,WINDSOR WEST,"1,3-Butadiene",2003-02-26T00:00,0.218,µg/m³,VOC,
60211,WINDSOR WEST,"1,3-Butadiene",2003-03-04T00:00,0.096,µg/m³,VOC,
60211,WINDSOR WEST,"1,3-Butadiene",2003-03-10T00:00,0.055,µg/m³,VOC,
60211,WINDSOR WEST,"1,3-Butadiene",2003-03-16T00:00,0.088,µg/m³,VOC,
60211,WINDSOR WEST,"1,3-Butadiene",2003-03-22T00:00,0.036,µg/m³,VOC,
60211,WINDSOR WEST,"1,3-Butadiene",2003-03-28T00:00,0.025,µg/m³,VOC,
60211,WINDSOR WEST,"1,3-Butadiene",2003-04-15T00:00,0.057,µg/m³,VOC,
60211,WINDSOR WEST,"1,3-Butadiene",2003-04-21T00:00,0.048,µg/m³,VOC,
60211,WINDSOR WEST,"1,3-Butadiene",2003-06-02T00:00,0.096,µg/m³,VOC,
60211,WINDSOR WEST,"1,3-Butadiene",2003-06-14T00:00,0.169,µg/m³,VOC,
60211,WINDSOR WEST,"1,3-Butadiene",2003-06-20T00:00,0.075,µg/m³,VOC,
60211,WINDSOR WEST,"1,3-Butadiene",2003-07-02T00:00,0.087,µg/m³,VOC,
60211,WINDSOR WEST,"1,3-Butadiene",2003-07-08T00:00,0.051,µg/m³,VOC,
60211,WINDSOR WEST,"1,3-Butadiene",2003-08-19T00:00,0.212,µg/m³,VOC,
60211,WINDSOR WEST,"1,3-Butadiene",2003-09-30T00:00,0.096,µg/m³,VOC,
60211,WINDSOR WEST,"1,3-Butadiene",2003-10-06T00:00,0.459,µg/m³,VOC,
60211,WINDSOR WEST,"1,3-Butadiene",2003-10-30T00:00,0.052,µg/m³,VOC,
60211,WINDSOR WEST,"1,3-Butadiene",2003-11-05T00:00,0.090,µg/m³,VOC,
60211,WINDSOR WEST,"1,3-Butadiene",2003-11-11T00:00,0.123,µg/m³,VOC,
60211,WINDSOR WEST,"1,3-Butadiene",2003-11-17T00:00,0.099,µg/m³,VOC,
60211,WINDSOR WEST,"1,3-Butadiene",2003-11-23T00:00,0.015,µg/m³,VOC,
60211,WINDSOR WEST,"1,3-Butadiene",2003-11-29T00:00,0.036,µg/m³,VOC,
60211,WINDSOR WEST,"1,3-Butadiene",2003-12-05T00:00,0.067,µg/m³,VOC,
60211,WINDSOR WEST,"1,3-Butadiene",2003-12-11T00:00,0.060,µg/m³,VOC,
60211,WINDSOR WEST,"1,3-Butadiene",2003-12-17T00:00,0.086,µg/m³,VOC,
60211,WINDSOR WEST,"1,3-Butadiene",2003-12-23T00:00,0.263,µg/m³,VOC,
60211,WINDSOR WEST,"1,3-Butadiene",2003-12-29T00:00,0.056,µg/m³,VOC,
