﻿NAPS_Site_ID,Station_Name,Pollutant,Date,Value,Units,Report_Type,Method
50115,MONTRÉAL-MAISONNEUVE,2-Methylhexane,1995-01-03T00:00,1.191,µg/m³,VOC,N/A
50115,MONTRÉAL-MAISONNEUVE,2-Methylhexane,1995-01-09T00:00,1.531,µg/m³,VOC,N/A
50115,MONTRÉAL-MAISONNEUVE,2-Methylhexane,1995-01-15T00:00,2.544,µg/m³,VOC,N/A
50115,MONTRÉAL-MAISONNEUVE,2-Methylhexane,1995-01-21T00:00,1.411,µg/m³,VOC,N/A
50115,MONTRÉAL-MAISONNEUVE,2-Methylhexane,1995-01-27T00:00,1.874,µg/m³,VOC,N/A
50115,MONTRÉAL-MAISONNEUVE,2-Methylhexane,1995-02-02T00:00,2.374,µg/m³,VOC,N/A
50115,MONTRÉAL-MAISONNEUVE,2-Methylhexane,1995-02-08T00:00,1.447,µg/m³,VOC,N/A
50115,MONTRÉAL-MAISONNEUVE,2-Methylhexane,1995-02-14T00:00,1.330,µg/m³,VOC,N/A
50115,MONTRÉAL-MAISONNEUVE,2-Methylhexane,1995-02-20T00:00,2.941,µg/m³,VOC,N/A
50115,MONTRÉAL-MAISONNEUVE,2-Methylhexane,1995-02-26T00:00,1.237,µg/m³,VOC,N/A
50115,MONTRÉAL-MAISONNEUVE,2-Methylhexane,1995-03-04T00:00,1.864,µg/m³,VOC,N/A
50115,MONTRÉAL-MAISONNEUVE,2-Methylhexane,1995-03-10T00:00,1.663,µg/m³,VOC,N/A
50115,MONTRÉAL-MAISONNEUVE,2-Methylhexane,1995-03-16T00:00,3.465,µg/m³,VOC,N/A
50115,MONTRÉAL-MAISONNEUVE,2-Methylhexane,1995-03-22T00:00,1.780,µg/m³,VOC,N/A
50115,MONTRÉAL-MAISONNEUVE,2-Methylhexane,1995-03-28T00:00,2.213,µg/m³,VOC,N/A
50115,MONTRÉAL-MAISONNEUVE,2-Methylhexane,1995-04-03T00:00,1.246,µg/m³,VOC,N/A
50115,MONTRÉAL-MAISONNEUVE,2-Methylhexane,1995-04-09T00:00,0.915,µg/m³,VOC,N/A
50115,MONTRÉAL-MAISONNEUVE,2-Methylhexane,1995-04-15T00:00,0.981,µg/m³,VOC,N/A
50115,MONTRÉAL-MAISONNEUVE,2-Methylhexane,1995-04-21T00:00,3.027,µg/m³,VOC,N/A
50115,MONTRÉAL-MAISONNEUVE,2-Methylhexane,1995-04-27T00:00,1.001,µg/m³,VOC,N/A
50115,MONTRÉAL-MAISONNEUVE,2-Methylhexane,1995-05-03T00:00,2.591,µg/m³,VOC,N/A
50115,MONTRÉAL-MAISONNEUVE,2-Methylhexane,1995-05-09T00:00,2.351,µg/m³,VOC,N/A
50115,MONTRÉAL-MAISONNEUVE,2-Methylhexane,1995-05-15T00:00,1.473,µg/m³,VOC,N/A
50115,MONTRÉAL-MAISONNEUVE,2-Methylhexane,1995-05-21T00:00,0.841,µg/m³,VOC,N/A
50115,MONTRÉAL-MAISONNEUVE,2-Methylhexane,1995-05-27T00:00,1.202,µg/m³,VOC,N/A
50115,MONTRÉAL-MAISONNEUVE,2-Methylhexane,1995-06-02T00:00,2.509,µg/m³,VOC,N/A
50115,MONTRÉAL-MAISONNEUVE,2-Methylhexane,1995-06-08T00:00,2.230,µg/m³,VOC,N/A
50115,MONTRÉAL-MAISONNEUVE,2-Methylhexane,1995-06-14T00:00,2.611,µg/m³,VOC,N/A
50115,MONTRÉAL-MAISONNEUVE,2-Methylhexane,1995-06-20T00:00,2.077,µg/m³,VOC,N/A
50115,MONTRÉAL-MAISONNEUVE,2-Methylhexane,1995-06-26T00:00,0.994,µg/m³,VOC,N/A
50115,MONTRÉAL-MAISONNEUVE,2-Methylhexane,1995-07-02T00:00,0.618,µg/m³,VOC,N/A
50115,MONTRÉAL-MAISONNEUVE,2-Methylhexane,1995-07-08T00:00,0.807,µg/m³,VOC,N/A
50115,MONTRÉAL-MAISONNEUVE,2-Methylhexane,1995-07-14T00:00,1.469,µg/m³,VOC,N/A
50115,MONTRÉAL-MAISONNEUVE,2-Methylhexane,1995-07-20T00:00,2.103,µg/m³,VOC,N/A
50115,MONTRÉAL-MAISONNEUVE,2-Methylhexane,1995-07-26T00:00,1.835,µg/m³,VOC,N/A
50115,MONTRÉAL-MAISONNEUVE,2-Methylhexane,1995-08-01T00:00,1.987,µg/m³,VOC,N/A
50115,MONTRÉAL-MAISONNEUVE,2-Methylhexane,1995-08-13T00:00,1.004,µg/m³,VOC,N/A
50115,MONTRÉAL-MAISONNEUVE,2-Methylhexane,1995-08-19T00:00,1.165,µg/m³,VOC,N/A
50115,MONTRÉAL-MAISONNEUVE,2-Methylhexane,1995-08-25T00:00,1.808,µg/m³,VOC,N/A
50115,MONTRÉAL-MAISONNEUVE,2-Methylhexane,1995-08-31T00:00,1.998,µg/m³,VOC,N/A
50115,MONTRÉAL-MAISONNEUVE,2-Methylhexane,1995-09-06T00:00,1.905,µg/m³,VOC,N/A
50115,MONTRÉAL-MAISONNEUVE,2-Methylhexane,1995-09-18T00:00,2.894,µg/m³,VOC,N/A
50115,MONTRÉAL-MAISONNEUVE,2-Methylhexane,1995-09-24T00:00,1.239,µg/m³,VOC,N/A
50115,MONTRÉAL-MAISONNEUVE,2-Methylhexane,1995-09-30T00:00,1.513,µg/m³,VOC,N/A
50115,MONTRÉAL-MAISONNEUVE,2-Methylhexane,1995-10-06T00:00,1.301,µg/m³,VOC,N/A
50115,MONTRÉAL-MAISONNEUVE,2-Methylhexane,1995-10-12T00:00,1.805,µg/m³,VOC,N/A
50115,MONTRÉAL-MAISONNEUVE,2-Methylhexane,1995-10-18T00:00,1.730,µg/m³,VOC,N/A
50115,MONTRÉAL-MAISONNEUVE,2-Methylhexane,1995-10-24T00:00,1.887,µg/m³,VOC,N/A
50115,MONTRÉAL-MAISONNEUVE,2-Methylhexane,1995-10-30T00:00,1.531,µg/m³,VOC,N/A
50115,MONTRÉAL-MAISONNEUVE,2-Methylhexane,1995-11-05T00:00,0.585,µg/m³,VOC,N/A
50115,MONTRÉAL-MAISONNEUVE,2-Methylhexane,1995-11-11T00:00,0.717,µg/m³,VOC,N/A
50115,MONTRÉAL-MAISONNEUVE,2-Methylhexane,1995-11-17T00:00,1.519,µg/m³,VOC,N/A
50115,MONTRÉAL-MAISONNEUVE,2-Methylhexane,1995-11-23T00:00,1.410,µg/m³,VOC,N/A
50115,MONTRÉAL-MAISONNEUVE,2-Methylhexane,1995-11-29T00:00,3.624,µg/m³,VOC,N/A
50115,MONTRÉAL-MAISONNEUVE,2-Methylhexane,1995-12-05T00:00,1.334,µg/m³,VOC,N/A
50115,MONTRÉAL-MAISONNEUVE,2-Methylhexane,1995-12-11T00:00,1.088,µg/m³,VOC,N/A
50115,MONTRÉAL-MAISONNEUVE,2-Methylhexane,1995-12-17T00:00,1.205,µg/m³,VOC,N/A
50115,MONTRÉAL-MAISONNEUVE,2-Methylhexane,1995-12-23T00:00,0.990,µg/m³,VOC,N/A
50115,MONTRÉAL-MAISONNEUVE,2-Methylhexane,1995-12-29T00:00,1.697,µg/m³,VOC,N/A
