﻿NAPS_Site_ID,Station_Name,Pollutant,Date,Value,Units,Report_Type,Method
50134,MONTRÉAL-MOLSON or MONTRÉAL-SAINT-JOSEPH,NO3,2008-10-15T00:00,0.193,µg/m³,DICHOT,
50134,MONTRÉAL-MOLSON or MONTRÉAL-SAINT-JOSEPH,NO3,2008-10-15T00:00,0.209,µg/m³,DICHOT,
50134,MONTRÉAL-MOLSON or MONTRÉAL-SAINT-JOSEPH,NO3,2008-10-21T00:00,0.165,µg/m³,DICHOT,
50134,MONTRÉAL-MOLSON or MONTRÉAL-SAINT-JOSEPH,NO3,2008-10-21T00:00,0.506,µg/m³,DICHOT,
50134,MONTRÉAL-MOLSON or MONTRÉAL-SAINT-JOSEPH,NO3,2008-10-27T00:00,0.156,µg/m³,DICHOT,
50134,MONTRÉAL-MOLSON or MONTRÉAL-SAINT-JOSEPH,NO3,2008-10-27T00:00,0.174,µg/m³,DICHOT,
50134,MONTRÉAL-MOLSON or MONTRÉAL-SAINT-JOSEPH,NO3,2008-11-02T00:00,0.092,µg/m³,DICHOT,
50134,MONTRÉAL-MOLSON or MONTRÉAL-SAINT-JOSEPH,NO3,2008-11-02T00:00,0.469,µg/m³,DICHOT,
50134,MONTRÉAL-MOLSON or MONTRÉAL-SAINT-JOSEPH,NO3,2008-11-08T00:00,0.183,µg/m³,DICHOT,
50134,MONTRÉAL-MOLSON or MONTRÉAL-SAINT-JOSEPH,NO3,2008-11-08T00:00,0.312,µg/m³,DICHOT,
50134,MONTRÉAL-MOLSON or MONTRÉAL-SAINT-JOSEPH,NO3,2008-11-14T00:00,0.227,µg/m³,DICHOT,
50134,MONTRÉAL-MOLSON or MONTRÉAL-SAINT-JOSEPH,NO3,2008-11-14T00:00,0.317,µg/m³,DICHOT,
50134,MONTRÉAL-MOLSON or MONTRÉAL-SAINT-JOSEPH,NO3,2008-11-20T00:00,0.096,µg/m³,DICHOT,
50134,MONTRÉAL-MOLSON or MONTRÉAL-SAINT-JOSEPH,NO3,2008-11-20T00:00,0.165,µg/m³,DICHOT,
50134,MONTRÉAL-MOLSON or MONTRÉAL-SAINT-JOSEPH,NO3,2008-11-26T00:00,0.224,µg/m³,DICHOT,
50134,MONTRÉAL-MOLSON or MONTRÉAL-SAINT-JOSEPH,NO3,2008-11-26T00:00,0.679,µg/m³,DICHOT,
50134,MONTRÉAL-MOLSON or MONTRÉAL-SAINT-JOSEPH,NO3,2008-12-02T00:00,0.115,µg/m³,DICHOT,
50134,MONTRÉAL-MOLSON or MONTRÉAL-SAINT-JOSEPH,NO3,2008-12-02T00:00,0.175,µg/m³,DICHOT,
50134,MONTRÉAL-MOLSON or MONTRÉAL-SAINT-JOSEPH,NO3,2008-12-20T00:00,0.127,µg/m³,DICHOT,
50134,MONTRÉAL-MOLSON or MONTRÉAL-SAINT-JOSEPH,NO3,2008-12-20T00:00,0.616,µg/m³,DICHOT,
50134,MONTRÉAL-MOLSON or MONTRÉAL-SAINT-JOSEPH,NO3,2008-12-26T00:00,0.108,µg/m³,DICHOT,
50134,MONTRÉAL-MOLSON or MONTRÉAL-SAINT-JOSEPH,NO3,2008-12-26T00:00,1.330,µg/m³,DICHOT,
