﻿NAPS_Site_ID,Station_Name,Pollutant,Date,Value,Units,Report_Type,Method
60422,33 EDGAR AVE.,4-Methylheptane,1993-01-01T00:00,0.000,µg/m³,VOC,
60422,33 EDGAR AVE.,4-Methylheptane,1993-01-07T00:00,0.199,µg/m³,VOC,
60422,33 EDGAR AVE.,4-Methylheptane,1993-01-13T00:00,0.125,µg/m³,VOC,
60422,33 EDGAR AVE.,4-Methylheptane,1993-01-19T00:00,0.210,µg/m³,VOC,
60422,33 EDGAR AVE.,4-Methylheptane,1993-01-25T00:00,0.102,µg/m³,VOC,
60422,33 EDGAR AVE.,4-Methylheptane,1993-01-31T00:00,0.085,µg/m³,VOC,
60422,33 EDGAR AVE.,4-Methylheptane,1993-02-12T00:00,0.094,µg/m³,VOC,
60422,33 EDGAR AVE.,4-Methylheptane,1993-02-18T00:00,0.185,µg/m³,VOC,
60422,33 EDGAR AVE.,4-Methylheptane,1993-02-24T00:00,0.102,µg/m³,VOC,
60422,33 EDGAR AVE.,4-Methylheptane,1993-03-02T00:00,0.298,µg/m³,VOC,
60422,33 EDGAR AVE.,4-Methylheptane,1993-03-08T00:00,0.131,µg/m³,VOC,
60422,33 EDGAR AVE.,4-Methylheptane,1993-03-14T00:00,0.046,µg/m³,VOC,
60422,33 EDGAR AVE.,4-Methylheptane,1993-03-20T00:00,0.145,µg/m³,VOC,
60422,33 EDGAR AVE.,4-Methylheptane,1993-03-26T00:00,0.172,µg/m³,VOC,
60422,33 EDGAR AVE.,4-Methylheptane,1993-04-01T00:00,0.094,µg/m³,VOC,
60422,33 EDGAR AVE.,4-Methylheptane,1993-04-07T00:00,0.285,µg/m³,VOC,
60422,33 EDGAR AVE.,4-Methylheptane,1993-04-13T00:00,0.048,µg/m³,VOC,
60422,33 EDGAR AVE.,4-Methylheptane,1993-04-19T00:00,0.268,µg/m³,VOC,
60422,33 EDGAR AVE.,4-Methylheptane,1993-04-25T00:00,0.088,µg/m³,VOC,
