﻿NAPS_Site_ID,Station_Name,Pollutant,Date,Value,Units,Report_Type,Method
100111,ROCKY POINT PARK,"cis-1,3-Dimethylcyclohexane",2003-01-21T00:00,0.096,µg/m³,VOC,GC-MS
100111,ROCKY POINT PARK,"cis-1,3-Dimethylcyclohexane",2003-03-10T00:00,0.069,µg/m³,VOC,GC-MS
100111,ROCKY POINT PARK,"cis-1,3-Dimethylcyclohexane",2003-03-16T00:00,0.048,µg/m³,VOC,GC-MS
100111,ROCKY POINT PARK,"cis-1,3-Dimethylcyclohexane",2003-03-22T00:00,0.050,µg/m³,VOC,GC-MS
100111,ROCKY POINT PARK,"cis-1,3-Dimethylcyclohexane",2003-03-28T00:00,0.130,µg/m³,VOC,GC-MS
100111,ROCKY POINT PARK,"cis-1,3-Dimethylcyclohexane",2003-04-03T00:00,0.041,µg/m³,VOC,GC-MS
100111,ROCKY POINT PARK,"cis-1,3-Dimethylcyclohexane",2003-04-09T00:00,0.049,µg/m³,VOC,GC-MS
100111,ROCKY POINT PARK,"cis-1,3-Dimethylcyclohexane",2003-04-15T00:00,0.084,µg/m³,VOC,GC-MS
100111,ROCKY POINT PARK,"cis-1,3-Dimethylcyclohexane",2003-04-21T00:00,0.078,µg/m³,VOC,GC-MS
100111,ROCKY POINT PARK,"cis-1,3-Dimethylcyclohexane",2003-04-27T00:00,0.124,µg/m³,VOC,GC-MS
100111,ROCKY POINT PARK,"cis-1,3-Dimethylcyclohexane",2003-05-03T00:00,0.024,µg/m³,VOC,GC-MS
100111,ROCKY POINT PARK,"cis-1,3-Dimethylcyclohexane",2003-05-09T00:00,0.094,µg/m³,VOC,GC-MS
100111,ROCKY POINT PARK,"cis-1,3-Dimethylcyclohexane",2003-05-15T00:00,0.034,µg/m³,VOC,GC-MS
100111,ROCKY POINT PARK,"cis-1,3-Dimethylcyclohexane",2003-06-02T00:00,0.046,µg/m³,VOC,GC-MS
100111,ROCKY POINT PARK,"cis-1,3-Dimethylcyclohexane",2003-06-08T00:00,0.064,µg/m³,VOC,GC-MS
100111,ROCKY POINT PARK,"cis-1,3-Dimethylcyclohexane",2003-06-14T00:00,0.035,µg/m³,VOC,GC-MS
100111,ROCKY POINT PARK,"cis-1,3-Dimethylcyclohexane",2003-06-20T00:00,0.055,µg/m³,VOC,GC-MS
100111,ROCKY POINT PARK,"cis-1,3-Dimethylcyclohexane",2003-06-26T00:00,0.139,µg/m³,VOC,GC-MS
100111,ROCKY POINT PARK,"cis-1,3-Dimethylcyclohexane",2003-07-02T00:00,0.100,µg/m³,VOC,GC-MS
100111,ROCKY POINT PARK,"cis-1,3-Dimethylcyclohexane",2003-07-08T00:00,0.034,µg/m³,VOC,GC-MS
100111,ROCKY POINT PARK,"cis-1,3-Dimethylcyclohexane",2003-07-14T00:00,0.061,µg/m³,VOC,GC-MS
100111,ROCKY POINT PARK,"cis-1,3-Dimethylcyclohexane",2003-07-20T00:00,0.237,µg/m³,VOC,GC-MS
100111,ROCKY POINT PARK,"cis-1,3-Dimethylcyclohexane",2003-07-26T00:00,0.060,µg/m³,VOC,GC-MS
100111,ROCKY POINT PARK,"cis-1,3-Dimethylcyclohexane",2003-08-01T00:00,0.057,µg/m³,VOC,GC-MS
100111,ROCKY POINT PARK,"cis-1,3-Dimethylcyclohexane",2003-08-13T00:00,0.157,µg/m³,VOC,GC-MS
100111,ROCKY POINT PARK,"cis-1,3-Dimethylcyclohexane",2003-08-19T00:00,0.092,µg/m³,VOC,GC-MS
100111,ROCKY POINT PARK,"cis-1,3-Dimethylcyclohexane",2003-08-25T00:00,0.180,µg/m³,VOC,GC-MS
100111,ROCKY POINT PARK,"cis-1,3-Dimethylcyclohexane",2003-08-31T00:00,0.095,µg/m³,VOC,GC-MS
100111,ROCKY POINT PARK,"cis-1,3-Dimethylcyclohexane",2003-09-06T00:00,0.148,µg/m³,VOC,GC-MS
100111,ROCKY POINT PARK,"cis-1,3-Dimethylcyclohexane",2003-09-12T00:00,0.081,µg/m³,VOC,GC-MS
100111,ROCKY POINT PARK,"cis-1,3-Dimethylcyclohexane",2003-09-18T00:00,0.066,µg/m³,VOC,GC-MS
100111,ROCKY POINT PARK,"cis-1,3-Dimethylcyclohexane",2003-09-30T00:00,0.176,µg/m³,VOC,GC-MS
100111,ROCKY POINT PARK,"cis-1,3-Dimethylcyclohexane",2003-10-06T00:00,0.104,µg/m³,VOC,GC-MS
100111,ROCKY POINT PARK,"cis-1,3-Dimethylcyclohexane",2003-10-12T00:00,0.017,µg/m³,VOC,GC-MS
100111,ROCKY POINT PARK,"cis-1,3-Dimethylcyclohexane",2003-10-18T00:00,0.123,µg/m³,VOC,GC-MS
100111,ROCKY POINT PARK,"cis-1,3-Dimethylcyclohexane",2003-10-24T00:00,0.136,µg/m³,VOC,GC-MS
100111,ROCKY POINT PARK,"cis-1,3-Dimethylcyclohexane",2003-10-30T00:00,0.009,µg/m³,VOC,GC-MS
100111,ROCKY POINT PARK,"cis-1,3-Dimethylcyclohexane",2003-11-05T00:00,0.305,µg/m³,VOC,GC-MS
100111,ROCKY POINT PARK,"cis-1,3-Dimethylcyclohexane",2003-11-11T00:00,0.068,µg/m³,VOC,GC-MS
100111,ROCKY POINT PARK,"cis-1,3-Dimethylcyclohexane",2003-11-17T00:00,0.046,µg/m³,VOC,GC-MS
100111,ROCKY POINT PARK,"cis-1,3-Dimethylcyclohexane",2003-11-23T00:00,0.026,µg/m³,VOC,GC-MS
100111,ROCKY POINT PARK,"cis-1,3-Dimethylcyclohexane",2003-11-29T00:00,0.057,µg/m³,VOC,GC-MS
100111,ROCKY POINT PARK,"cis-1,3-Dimethylcyclohexane",2003-12-05T00:00,0.043,µg/m³,VOC,GC-MS
100111,ROCKY POINT PARK,"cis-1,3-Dimethylcyclohexane",2003-12-17T00:00,0.219,µg/m³,VOC,GC-MS
100111,ROCKY POINT PARK,"cis-1,3-Dimethylcyclohexane",2003-12-23T00:00,0.190,µg/m³,VOC,GC-MS
100111,ROCKY POINT PARK,"cis-1,3-Dimethylcyclohexane",2003-12-29T00:00,0.171,µg/m³,VOC,GC-MS
