﻿NAPS_Site_ID,Station_Name,Pollutant,Date,Value,Units,Report_Type,Method
90121,EDMONTON EAST,4-Methylheptane,2016-12-31T19:00,0.034,µg/m³,VOC,N/A
90121,EDMONTON EAST,4-Methylheptane,2017-01-06T19:00,0.070,µg/m³,VOC,N/A
90121,EDMONTON EAST,4-Methylheptane,2017-01-12T19:00,0.059,µg/m³,VOC,N/A
90121,EDMONTON EAST,4-Methylheptane,2017-01-18T19:00,0.225,µg/m³,VOC,N/A
90121,EDMONTON EAST,4-Methylheptane,2017-01-24T19:00,0.167,µg/m³,VOC,N/A
90121,EDMONTON EAST,4-Methylheptane,2017-01-30T19:00,0.033,µg/m³,VOC,N/A
90121,EDMONTON EAST,4-Methylheptane,2017-02-05T19:00,0.248,µg/m³,VOC,N/A
90121,EDMONTON EAST,4-Methylheptane,2017-02-11T19:00,0.036,µg/m³,VOC,N/A
90121,EDMONTON EAST,4-Methylheptane,2017-02-17T19:00,0.481,µg/m³,VOC,N/A
90121,EDMONTON EAST,4-Methylheptane,2017-02-23T19:00,0.138,µg/m³,VOC,N/A
90121,EDMONTON EAST,4-Methylheptane,2017-03-01T19:00,0.093,µg/m³,VOC,N/A
90121,EDMONTON EAST,4-Methylheptane,2017-03-07T19:00,0.165,µg/m³,VOC,N/A
90121,EDMONTON EAST,4-Methylheptane,2017-03-13T20:00,0.340,µg/m³,VOC,N/A
90121,EDMONTON EAST,4-Methylheptane,2017-03-19T20:00,0.138,µg/m³,VOC,N/A
90121,EDMONTON EAST,4-Methylheptane,2017-03-25T20:00,0.114,µg/m³,VOC,N/A
90121,EDMONTON EAST,4-Methylheptane,2017-03-31T20:00,0.153,µg/m³,VOC,N/A
90121,EDMONTON EAST,4-Methylheptane,2017-04-06T20:00,0.187,µg/m³,VOC,N/A
90121,EDMONTON EAST,4-Methylheptane,2017-04-12T20:00,0.189,µg/m³,VOC,N/A
90121,EDMONTON EAST,4-Methylheptane,2017-04-18T20:00,0.060,µg/m³,VOC,N/A
90121,EDMONTON EAST,4-Methylheptane,2017-04-24T20:00,0.102,µg/m³,VOC,N/A
90121,EDMONTON EAST,4-Methylheptane,2017-04-30T20:00,0.154,µg/m³,VOC,N/A
90121,EDMONTON EAST,4-Methylheptane,2017-05-06T20:00,0.058,µg/m³,VOC,N/A
90121,EDMONTON EAST,4-Methylheptane,2017-05-12T20:00,0.079,µg/m³,VOC,N/A
90121,EDMONTON EAST,4-Methylheptane,2017-05-18T20:00,0.061,µg/m³,VOC,N/A
90121,EDMONTON EAST,4-Methylheptane,2017-05-24T20:00,0.045,µg/m³,VOC,N/A
90121,EDMONTON EAST,4-Methylheptane,2017-05-30T20:00,0.205,µg/m³,VOC,N/A
90121,EDMONTON EAST,4-Methylheptane,2017-06-05T20:00,0.059,µg/m³,VOC,N/A
90121,EDMONTON EAST,4-Methylheptane,2017-06-11T20:00,0.107,µg/m³,VOC,N/A
90121,EDMONTON EAST,4-Methylheptane,2017-06-17T20:00,0.127,µg/m³,VOC,N/A
90121,EDMONTON EAST,4-Methylheptane,2017-06-23T20:00,0.096,µg/m³,VOC,N/A
90121,EDMONTON EAST,4-Methylheptane,2017-07-05T20:00,0.219,µg/m³,VOC,N/A
90121,EDMONTON EAST,4-Methylheptane,2017-07-11T20:00,0.107,µg/m³,VOC,N/A
90121,EDMONTON EAST,4-Methylheptane,2017-07-17T20:00,0.187,µg/m³,VOC,N/A
90121,EDMONTON EAST,4-Methylheptane,2017-07-23T20:00,0.117,µg/m³,VOC,N/A
90121,EDMONTON EAST,4-Methylheptane,2017-07-29T20:00,0.093,µg/m³,VOC,N/A
90121,EDMONTON EAST,4-Methylheptane,2017-08-04T20:00,0.253,µg/m³,VOC,N/A
90121,EDMONTON EAST,4-Methylheptane,2017-08-10T20:00,0.233,µg/m³,VOC,N/A
90121,EDMONTON EAST,4-Methylheptane,2017-08-16T20:00,0.108,µg/m³,VOC,N/A
90121,EDMONTON EAST,4-Methylheptane,2017-08-22T20:00,0.159,µg/m³,VOC,N/A
90121,EDMONTON EAST,4-Methylheptane,2017-08-28T20:00,0.263,µg/m³,VOC,N/A
90121,EDMONTON EAST,4-Methylheptane,2017-09-03T20:00,0.083,µg/m³,VOC,N/A
90121,EDMONTON EAST,4-Methylheptane,2017-09-09T20:00,0.062,µg/m³,VOC,N/A
90121,EDMONTON EAST,4-Methylheptane,2017-09-15T20:00,0.113,µg/m³,VOC,N/A
90121,EDMONTON EAST,4-Methylheptane,2017-09-21T20:00,0.053,µg/m³,VOC,N/A
90121,EDMONTON EAST,4-Methylheptane,2017-09-27T20:00,0.079,µg/m³,VOC,N/A
90121,EDMONTON EAST,4-Methylheptane,2017-10-09T20:00,0.192,µg/m³,VOC,N/A
90121,EDMONTON EAST,4-Methylheptane,2017-10-15T20:00,0.104,µg/m³,VOC,N/A
90121,EDMONTON EAST,4-Methylheptane,2017-10-21T20:00,0.086,µg/m³,VOC,N/A
90121,EDMONTON EAST,4-Methylheptane,2017-10-27T20:00,0.085,µg/m³,VOC,N/A
90121,EDMONTON EAST,4-Methylheptane,2017-11-02T20:00,0.456,µg/m³,VOC,N/A
90121,EDMONTON EAST,4-Methylheptane,2017-11-08T19:00,0.123,µg/m³,VOC,N/A
90121,EDMONTON EAST,4-Methylheptane,2017-11-14T19:00,0.174,µg/m³,VOC,N/A
90121,EDMONTON EAST,4-Methylheptane,2017-11-20T19:00,0.145,µg/m³,VOC,N/A
90121,EDMONTON EAST,4-Methylheptane,2017-11-26T19:00,0.083,µg/m³,VOC,N/A
90121,EDMONTON EAST,4-Methylheptane,2017-12-02T19:00,0.083,µg/m³,VOC,N/A
90121,EDMONTON EAST,4-Methylheptane,2017-12-08T19:00,0.305,µg/m³,VOC,N/A
90121,EDMONTON EAST,4-Methylheptane,2017-12-14T19:00,0.050,µg/m³,VOC,N/A
90121,EDMONTON EAST,4-Methylheptane,2017-12-20T19:00,0.047,µg/m³,VOC,N/A
90121,EDMONTON EAST,4-Methylheptane,2017-12-26T19:00,0.081,µg/m³,VOC,N/A
