﻿NAPS_Site_ID,Station_Name,Pollutant,Date,Value,Units,Report_Type,Method
60904,LONDON,"1,2-Dichloropropane",2015-12-31T19:00,0.032,µg/m³,VOC,N/A
60904,LONDON,"1,2-Dichloropropane",2016-01-06T19:00,0.029,µg/m³,VOC,N/A
60904,LONDON,"1,2-Dichloropropane",2016-01-12T19:00,0.025,µg/m³,VOC,N/A
60904,LONDON,"1,2-Dichloropropane",2016-01-18T19:00,0.024,µg/m³,VOC,N/A
60904,LONDON,"1,2-Dichloropropane",2016-01-24T19:00,0.024,µg/m³,VOC,N/A
60904,LONDON,"1,2-Dichloropropane",2016-01-30T19:00,0.028,µg/m³,VOC,N/A
60904,LONDON,"1,2-Dichloropropane",2016-02-05T19:00,0.029,µg/m³,VOC,N/A
60904,LONDON,"1,2-Dichloropropane",2016-02-11T19:00,0.026,µg/m³,VOC,N/A
60904,LONDON,"1,2-Dichloropropane",2016-02-17T19:00,0.026,µg/m³,VOC,N/A
60904,LONDON,"1,2-Dichloropropane",2016-02-23T19:00,0.025,µg/m³,VOC,N/A
60904,LONDON,"1,2-Dichloropropane",2016-02-29T19:00,0.024,µg/m³,VOC,N/A
60904,LONDON,"1,2-Dichloropropane",2016-03-06T19:00,0.023,µg/m³,VOC,N/A
60904,LONDON,"1,2-Dichloropropane",2016-03-12T19:00,0.023,µg/m³,VOC,N/A
60904,LONDON,"1,2-Dichloropropane",2016-03-18T20:00,0.021,µg/m³,VOC,N/A
60904,LONDON,"1,2-Dichloropropane",2016-03-24T20:00,0.026,µg/m³,VOC,N/A
60904,LONDON,"1,2-Dichloropropane",2016-04-29T20:00,0.021,µg/m³,VOC,N/A
60904,LONDON,"1,2-Dichloropropane",2016-05-05T20:00,0.022,µg/m³,VOC,N/A
60904,LONDON,"1,2-Dichloropropane",2016-05-11T20:00,0.024,µg/m³,VOC,N/A
60904,LONDON,"1,2-Dichloropropane",2016-05-17T20:00,0.024,µg/m³,VOC,N/A
60904,LONDON,"1,2-Dichloropropane",2016-05-23T20:00,0.023,µg/m³,VOC,N/A
60904,LONDON,"1,2-Dichloropropane",2016-06-04T20:00,0.016,µg/m³,VOC,N/A
60904,LONDON,"1,2-Dichloropropane",2016-06-10T20:00,0.020,µg/m³,VOC,N/A
60904,LONDON,"1,2-Dichloropropane",2016-06-16T20:00,0.015,µg/m³,VOC,N/A
60904,LONDON,"1,2-Dichloropropane",2016-06-28T20:00,0.013,µg/m³,VOC,N/A
60904,LONDON,"1,2-Dichloropropane",2016-07-04T20:00,0.011,µg/m³,VOC,N/A
60904,LONDON,"1,2-Dichloropropane",2016-07-10T20:00,0.011,µg/m³,VOC,N/A
60904,LONDON,"1,2-Dichloropropane",2016-07-16T20:00,0.009,µg/m³,VOC,N/A
60904,LONDON,"1,2-Dichloropropane",2016-07-28T20:00,0.009,µg/m³,VOC,N/A
60904,LONDON,"1,2-Dichloropropane",2016-08-03T20:00,0.007,µg/m³,VOC,N/A
60904,LONDON,"1,2-Dichloropropane",2016-08-09T20:00,0.008,µg/m³,VOC,N/A
60904,LONDON,"1,2-Dichloropropane",2016-08-15T20:00,0.006,µg/m³,VOC,N/A
60904,LONDON,"1,2-Dichloropropane",2016-08-21T20:00,0.008,µg/m³,VOC,N/A
60904,LONDON,"1,2-Dichloropropane",2016-08-27T20:00,0.006,µg/m³,VOC,N/A
60904,LONDON,"1,2-Dichloropropane",2016-09-02T20:00,0.007,µg/m³,VOC,N/A
60904,LONDON,"1,2-Dichloropropane",2016-09-08T20:00,0.005,µg/m³,VOC,N/A
60904,LONDON,"1,2-Dichloropropane",2016-09-14T20:00,0.008,µg/m³,VOC,N/A
60904,LONDON,"1,2-Dichloropropane",2016-09-26T20:00,0.015,µg/m³,VOC,N/A
60904,LONDON,"1,2-Dichloropropane",2016-10-02T20:00,0.016,µg/m³,VOC,N/A
60904,LONDON,"1,2-Dichloropropane",2016-10-08T20:00,0.012,µg/m³,VOC,N/A
60904,LONDON,"1,2-Dichloropropane",2016-10-14T20:00,0.014,µg/m³,VOC,N/A
60904,LONDON,"1,2-Dichloropropane",2016-10-20T20:00,0.016,µg/m³,VOC,N/A
60904,LONDON,"1,2-Dichloropropane",2016-10-26T20:00,0.016,µg/m³,VOC,N/A
60904,LONDON,"1,2-Dichloropropane",2016-11-01T20:00,0.018,µg/m³,VOC,N/A
60904,LONDON,"1,2-Dichloropropane",2016-11-07T19:00,0.026,µg/m³,VOC,N/A
60904,LONDON,"1,2-Dichloropropane",2016-11-13T19:00,0.031,µg/m³,VOC,N/A
60904,LONDON,"1,2-Dichloropropane",2016-11-19T19:00,0.021,µg/m³,VOC,N/A
60904,LONDON,"1,2-Dichloropropane",2016-11-25T19:00,0.024,µg/m³,VOC,N/A
60904,LONDON,"1,2-Dichloropropane",2016-12-01T19:00,0.031,µg/m³,VOC,N/A
60904,LONDON,"1,2-Dichloropropane",2016-12-07T19:00,0.029,µg/m³,VOC,N/A
60904,LONDON,"1,2-Dichloropropane",2016-12-13T19:00,0.029,µg/m³,VOC,N/A
60904,LONDON,"1,2-Dichloropropane",2016-12-19T19:00,0.034,µg/m³,VOC,N/A
60904,LONDON,"1,2-Dichloropropane",2016-12-25T19:00,0.025,µg/m³,VOC,N/A
