﻿NAPS_Site_ID,Station_Name,Pollutant,Date,Value,Units,Report_Type,Method
60104,OTTAWA DOWNTOWN,Freon 12,2000-01-01T00:00,2.840,µg/m³,VOC,N/A
60104,OTTAWA DOWNTOWN,Freon 12,2000-01-07T00:00,2.570,µg/m³,VOC,N/A
60104,OTTAWA DOWNTOWN,Freon 12,2000-01-13T00:00,2.800,µg/m³,VOC,N/A
60104,OTTAWA DOWNTOWN,Freon 12,2000-01-19T00:00,2.680,µg/m³,VOC,N/A
60104,OTTAWA DOWNTOWN,Freon 12,2000-01-25T00:00,2.680,µg/m³,VOC,N/A
60104,OTTAWA DOWNTOWN,Freon 12,2000-01-31T00:00,2.890,µg/m³,VOC,N/A
60104,OTTAWA DOWNTOWN,Freon 12,2000-02-06T00:00,2.640,µg/m³,VOC,N/A
60104,OTTAWA DOWNTOWN,Freon 12,2000-02-12T00:00,2.790,µg/m³,VOC,N/A
60104,OTTAWA DOWNTOWN,Freon 12,2000-02-18T00:00,2.810,µg/m³,VOC,N/A
60104,OTTAWA DOWNTOWN,Freon 12,2000-02-24T00:00,3.340,µg/m³,VOC,N/A
60104,OTTAWA DOWNTOWN,Freon 12,2000-03-01T00:00,2.990,µg/m³,VOC,N/A
60104,OTTAWA DOWNTOWN,Freon 12,2000-03-07T00:00,3.380,µg/m³,VOC,N/A
60104,OTTAWA DOWNTOWN,Freon 12,2000-03-13T00:00,3.050,µg/m³,VOC,N/A
60104,OTTAWA DOWNTOWN,Freon 12,2000-03-19T00:00,3.040,µg/m³,VOC,N/A
60104,OTTAWA DOWNTOWN,Freon 12,2000-03-25T00:00,2.730,µg/m³,VOC,N/A
60104,OTTAWA DOWNTOWN,Freon 12,2000-03-31T00:00,2.760,µg/m³,VOC,N/A
60104,OTTAWA DOWNTOWN,Freon 12,2000-04-06T00:00,2.750,µg/m³,VOC,N/A
60104,OTTAWA DOWNTOWN,Freon 12,2000-04-12T00:00,2.560,µg/m³,VOC,N/A
60104,OTTAWA DOWNTOWN,Freon 12,2000-04-18T00:00,2.450,µg/m³,VOC,N/A
60104,OTTAWA DOWNTOWN,Freon 12,2000-04-24T00:00,2.640,µg/m³,VOC,N/A
60104,OTTAWA DOWNTOWN,Freon 12,2000-04-30T00:00,2.680,µg/m³,VOC,N/A
60104,OTTAWA DOWNTOWN,Freon 12,2000-05-06T00:00,2.830,µg/m³,VOC,N/A
60104,OTTAWA DOWNTOWN,Freon 12,2000-05-12T00:00,2.780,µg/m³,VOC,N/A
60104,OTTAWA DOWNTOWN,Freon 12,2000-05-18T00:00,2.780,µg/m³,VOC,N/A
60104,OTTAWA DOWNTOWN,Freon 12,2000-05-24T00:00,2.780,µg/m³,VOC,N/A
60104,OTTAWA DOWNTOWN,Freon 12,2000-05-30T00:00,2.940,µg/m³,VOC,N/A
60104,OTTAWA DOWNTOWN,Freon 12,2000-06-05T00:00,2.860,µg/m³,VOC,N/A
60104,OTTAWA DOWNTOWN,Freon 12,2000-06-11T00:00,2.710,µg/m³,VOC,N/A
60104,OTTAWA DOWNTOWN,Freon 12,2000-06-17T00:00,2.610,µg/m³,VOC,N/A
60104,OTTAWA DOWNTOWN,Freon 12,2000-06-23T00:00,2.770,µg/m³,VOC,N/A
60104,OTTAWA DOWNTOWN,Freon 12,2000-06-29T00:00,2.690,µg/m³,VOC,N/A
60104,OTTAWA DOWNTOWN,Freon 12,2000-07-05T00:00,2.700,µg/m³,VOC,N/A
60104,OTTAWA DOWNTOWN,Freon 12,2000-07-17T00:00,2.960,µg/m³,VOC,N/A
60104,OTTAWA DOWNTOWN,Freon 12,2000-07-23T00:00,2.970,µg/m³,VOC,N/A
60104,OTTAWA DOWNTOWN,Freon 12,2000-07-29T00:00,2.910,µg/m³,VOC,N/A
60104,OTTAWA DOWNTOWN,Freon 12,2000-08-04T00:00,2.860,µg/m³,VOC,N/A
60104,OTTAWA DOWNTOWN,Freon 12,2000-08-10T00:00,2.430,µg/m³,VOC,N/A
60104,OTTAWA DOWNTOWN,Freon 12,2000-08-16T00:00,2.490,µg/m³,VOC,N/A
60104,OTTAWA DOWNTOWN,Freon 12,2000-08-22T00:00,2.690,µg/m³,VOC,N/A
60104,OTTAWA DOWNTOWN,Freon 12,2000-08-28T00:00,2.850,µg/m³,VOC,N/A
60104,OTTAWA DOWNTOWN,Freon 12,2000-09-03T00:00,2.670,µg/m³,VOC,N/A
60104,OTTAWA DOWNTOWN,Freon 12,2000-09-09T00:00,2.850,µg/m³,VOC,N/A
60104,OTTAWA DOWNTOWN,Freon 12,2000-09-15T00:00,2.810,µg/m³,VOC,N/A
60104,OTTAWA DOWNTOWN,Freon 12,2000-09-21T00:00,2.500,µg/m³,VOC,N/A
60104,OTTAWA DOWNTOWN,Freon 12,2000-09-27T00:00,2.530,µg/m³,VOC,N/A
60104,OTTAWA DOWNTOWN,Freon 12,2000-10-03T00:00,2.770,µg/m³,VOC,N/A
60104,OTTAWA DOWNTOWN,Freon 12,2000-10-09T00:00,2.820,µg/m³,VOC,N/A
60104,OTTAWA DOWNTOWN,Freon 12,2000-10-15T00:00,2.780,µg/m³,VOC,N/A
60104,OTTAWA DOWNTOWN,Freon 12,2000-10-21T00:00,2.270,µg/m³,VOC,N/A
60104,OTTAWA DOWNTOWN,Freon 12,2000-10-27T00:00,2.480,µg/m³,VOC,N/A
60104,OTTAWA DOWNTOWN,Freon 12,2000-11-02T00:00,2.660,µg/m³,VOC,N/A
60104,OTTAWA DOWNTOWN,Freon 12,2000-11-08T00:00,2.900,µg/m³,VOC,N/A
60104,OTTAWA DOWNTOWN,Freon 12,2000-11-14T00:00,3.060,µg/m³,VOC,N/A
60104,OTTAWA DOWNTOWN,Freon 12,2000-11-20T00:00,2.960,µg/m³,VOC,N/A
60104,OTTAWA DOWNTOWN,Freon 12,2000-11-26T00:00,2.340,µg/m³,VOC,N/A
60104,OTTAWA DOWNTOWN,Freon 12,2000-12-08T00:00,2.400,µg/m³,VOC,N/A
60104,OTTAWA DOWNTOWN,Freon 12,2000-12-14T00:00,2.560,µg/m³,VOC,N/A
60104,OTTAWA DOWNTOWN,Freon 12,2000-12-20T00:00,2.640,µg/m³,VOC,N/A
60104,OTTAWA DOWNTOWN,Freon 12,2000-12-26T00:00,2.650,µg/m³,VOC,N/A
