﻿NAPS_Site_ID,Station_Name,Pollutant,Date,Value,Units,Report_Type,Method
65101,EAGLE ST. & McCAFFREY RD. _NEWMARKET_,trans-2-Butene,2012-01-28T00:00,0.011,µg/m³,VOC,GC-MS
65101,EAGLE ST. & McCAFFREY RD. _NEWMARKET_,trans-2-Butene,2012-02-03T00:00,0.065,µg/m³,VOC,GC-MS
65101,EAGLE ST. & McCAFFREY RD. _NEWMARKET_,trans-2-Butene,2012-02-09T00:00,0.013,µg/m³,VOC,GC-MS
65101,EAGLE ST. & McCAFFREY RD. _NEWMARKET_,trans-2-Butene,2012-02-15T00:00,0.031,µg/m³,VOC,GC-MS
65101,EAGLE ST. & McCAFFREY RD. _NEWMARKET_,trans-2-Butene,2012-02-21T00:00,0.037,µg/m³,VOC,GC-MS
65101,EAGLE ST. & McCAFFREY RD. _NEWMARKET_,trans-2-Butene,2012-02-27T00:00,0.023,µg/m³,VOC,GC-MS
65101,EAGLE ST. & McCAFFREY RD. _NEWMARKET_,trans-2-Butene,2012-03-10T00:00,0.021,µg/m³,VOC,GC-MS
65101,EAGLE ST. & McCAFFREY RD. _NEWMARKET_,trans-2-Butene,2012-03-16T00:00,0.058,µg/m³,VOC,GC-MS
65101,EAGLE ST. & McCAFFREY RD. _NEWMARKET_,trans-2-Butene,2012-03-22T00:00,0.061,µg/m³,VOC,GC-MS
65101,EAGLE ST. & McCAFFREY RD. _NEWMARKET_,trans-2-Butene,2012-03-28T00:00,0.040,µg/m³,VOC,GC-MS
65101,EAGLE ST. & McCAFFREY RD. _NEWMARKET_,trans-2-Butene,2012-04-03T00:00,0.066,µg/m³,VOC,GC-MS
65101,EAGLE ST. & McCAFFREY RD. _NEWMARKET_,trans-2-Butene,2012-04-09T00:00,0.008,µg/m³,VOC,GC-MS
65101,EAGLE ST. & McCAFFREY RD. _NEWMARKET_,trans-2-Butene,2012-04-15T00:00,0.042,µg/m³,VOC,GC-MS
65101,EAGLE ST. & McCAFFREY RD. _NEWMARKET_,trans-2-Butene,2012-04-21T00:00,0.012,µg/m³,VOC,GC-MS
65101,EAGLE ST. & McCAFFREY RD. _NEWMARKET_,trans-2-Butene,2012-04-27T00:00,0.005,µg/m³,VOC,GC-MS
65101,EAGLE ST. & McCAFFREY RD. _NEWMARKET_,trans-2-Butene,2012-05-03T00:00,0.037,µg/m³,VOC,GC-MS
65101,EAGLE ST. & McCAFFREY RD. _NEWMARKET_,trans-2-Butene,2012-05-09T00:00,0.010,µg/m³,VOC,GC-MS
65101,EAGLE ST. & McCAFFREY RD. _NEWMARKET_,trans-2-Butene,2012-05-15T00:00,0.030,µg/m³,VOC,GC-MS
65101,EAGLE ST. & McCAFFREY RD. _NEWMARKET_,trans-2-Butene,2012-05-27T00:00,0.023,µg/m³,VOC,GC-MS
65101,EAGLE ST. & McCAFFREY RD. _NEWMARKET_,trans-2-Butene,2012-06-02T00:00,0.010,µg/m³,VOC,GC-MS
65101,EAGLE ST. & McCAFFREY RD. _NEWMARKET_,trans-2-Butene,2012-06-08T00:00,0.007,µg/m³,VOC,GC-MS
65101,EAGLE ST. & McCAFFREY RD. _NEWMARKET_,trans-2-Butene,2012-06-14T00:00,0.024,µg/m³,VOC,GC-MS
65101,EAGLE ST. & McCAFFREY RD. _NEWMARKET_,trans-2-Butene,2012-06-20T00:00,0.010,µg/m³,VOC,GC-MS
65101,EAGLE ST. & McCAFFREY RD. _NEWMARKET_,trans-2-Butene,2012-06-26T00:00,0.023,µg/m³,VOC,GC-MS
65101,EAGLE ST. & McCAFFREY RD. _NEWMARKET_,trans-2-Butene,2012-07-02T00:00,0.014,µg/m³,VOC,GC-MS
65101,EAGLE ST. & McCAFFREY RD. _NEWMARKET_,trans-2-Butene,2012-07-08T00:00,0.017,µg/m³,VOC,GC-MS
65101,EAGLE ST. & McCAFFREY RD. _NEWMARKET_,trans-2-Butene,2012-07-14T00:00,0.014,µg/m³,VOC,GC-MS
65101,EAGLE ST. & McCAFFREY RD. _NEWMARKET_,trans-2-Butene,2012-07-20T00:00,0.028,µg/m³,VOC,GC-MS
65101,EAGLE ST. & McCAFFREY RD. _NEWMARKET_,trans-2-Butene,2012-07-26T00:00,0.025,µg/m³,VOC,GC-MS
65101,EAGLE ST. & McCAFFREY RD. _NEWMARKET_,trans-2-Butene,2012-08-01T00:00,0.011,µg/m³,VOC,GC-MS
65101,EAGLE ST. & McCAFFREY RD. _NEWMARKET_,trans-2-Butene,2012-08-07T00:00,0.035,µg/m³,VOC,GC-MS
65101,EAGLE ST. & McCAFFREY RD. _NEWMARKET_,trans-2-Butene,2012-08-13T00:00,0.077,µg/m³,VOC,GC-MS
65101,EAGLE ST. & McCAFFREY RD. _NEWMARKET_,trans-2-Butene,2012-08-19T00:00,0.053,µg/m³,VOC,GC-MS
65101,EAGLE ST. & McCAFFREY RD. _NEWMARKET_,trans-2-Butene,2012-08-25T00:00,0.026,µg/m³,VOC,GC-MS
65101,EAGLE ST. & McCAFFREY RD. _NEWMARKET_,trans-2-Butene,2012-08-31T00:00,0.008,µg/m³,VOC,GC-MS
65101,EAGLE ST. & McCAFFREY RD. _NEWMARKET_,trans-2-Butene,2012-09-06T00:00,0.025,µg/m³,VOC,GC-MS
65101,EAGLE ST. & McCAFFREY RD. _NEWMARKET_,trans-2-Butene,2012-09-12T00:00,0.029,µg/m³,VOC,GC-MS
65101,EAGLE ST. & McCAFFREY RD. _NEWMARKET_,trans-2-Butene,2012-09-18T00:00,0.015,µg/m³,VOC,GC-MS
65101,EAGLE ST. & McCAFFREY RD. _NEWMARKET_,trans-2-Butene,2012-09-24T00:00,0.007,µg/m³,VOC,GC-MS
65101,EAGLE ST. & McCAFFREY RD. _NEWMARKET_,trans-2-Butene,2012-09-30T00:00,0.029,µg/m³,VOC,GC-MS
65101,EAGLE ST. & McCAFFREY RD. _NEWMARKET_,trans-2-Butene,2012-10-06T00:00,0.006,µg/m³,VOC,GC-MS
65101,EAGLE ST. & McCAFFREY RD. _NEWMARKET_,trans-2-Butene,2012-10-12T00:00,0.031,µg/m³,VOC,GC-MS
65101,EAGLE ST. & McCAFFREY RD. _NEWMARKET_,trans-2-Butene,2012-10-18T00:00,0.029,µg/m³,VOC,GC-MS
65101,EAGLE ST. & McCAFFREY RD. _NEWMARKET_,trans-2-Butene,2012-10-24T00:00,0.048,µg/m³,VOC,GC-MS
65101,EAGLE ST. & McCAFFREY RD. _NEWMARKET_,trans-2-Butene,2012-11-05T00:00,0.021,µg/m³,VOC,GC-MS
65101,EAGLE ST. & McCAFFREY RD. _NEWMARKET_,trans-2-Butene,2012-11-11T00:00,0.112,µg/m³,VOC,GC-MS
65101,EAGLE ST. & McCAFFREY RD. _NEWMARKET_,trans-2-Butene,2012-11-17T00:00,0.119,µg/m³,VOC,GC-MS
65101,EAGLE ST. & McCAFFREY RD. _NEWMARKET_,trans-2-Butene,2012-11-23T00:00,0.023,µg/m³,VOC,GC-MS
65101,EAGLE ST. & McCAFFREY RD. _NEWMARKET_,trans-2-Butene,2012-11-29T00:00,0.011,µg/m³,VOC,GC-MS
65101,EAGLE ST. & McCAFFREY RD. _NEWMARKET_,trans-2-Butene,2012-12-05T00:00,0.014,µg/m³,VOC,GC-MS
65101,EAGLE ST. & McCAFFREY RD. _NEWMARKET_,trans-2-Butene,2012-12-17T00:00,0.084,µg/m³,VOC,GC-MS
65101,EAGLE ST. & McCAFFREY RD. _NEWMARKET_,trans-2-Butene,2012-12-23T00:00,0.010,µg/m³,VOC,GC-MS
65101,EAGLE ST. & McCAFFREY RD. _NEWMARKET_,trans-2-Butene,2012-12-29T00:00,0.018,µg/m³,VOC,GC-MS
