﻿NAPS_Site_ID,Station_Name,Pollutant,Date,Value,Units,Report_Type,Method
30118,VOGUE BUILDING,"2,2-Dimethylbutane",2000-10-27T00:00,0.650,µg/m³,VOC,GC-MS
30118,VOGUE BUILDING,"2,2-Dimethylbutane",2000-11-02T00:00,0.330,µg/m³,VOC,GC-MS
30118,VOGUE BUILDING,"2,2-Dimethylbutane",2000-11-08T00:00,0.240,µg/m³,VOC,GC-MS
30118,VOGUE BUILDING,"2,2-Dimethylbutane",2000-11-14T00:00,0.560,µg/m³,VOC,GC-MS
30118,VOGUE BUILDING,"2,2-Dimethylbutane",2000-11-20T00:00,0.560,µg/m³,VOC,GC-MS
30118,VOGUE BUILDING,"2,2-Dimethylbutane",2000-11-26T00:00,0.270,µg/m³,VOC,GC-MS
30118,VOGUE BUILDING,"2,2-Dimethylbutane",2000-12-02T00:00,0.160,µg/m³,VOC,GC-MS
30118,VOGUE BUILDING,"2,2-Dimethylbutane",2000-12-08T00:00,0.230,µg/m³,VOC,GC-MS
30118,VOGUE BUILDING,"2,2-Dimethylbutane",2000-12-14T00:00,0.340,µg/m³,VOC,GC-MS
30118,VOGUE BUILDING,"2,2-Dimethylbutane",2000-12-20T00:00,0.290,µg/m³,VOC,GC-MS
30118,VOGUE BUILDING,"2,2-Dimethylbutane",2000-12-26T00:00,0.110,µg/m³,VOC,GC-MS
