﻿NAPS_Site_ID,Station_Name,Pollutant,Date,Value,Units,Report_Type,Method
101401,HOPE AIRPORT,cis-4-Methyl-2-pentene,2006-01-05T00:00,0.000,µg/m³,VOC,N/A
101401,HOPE AIRPORT,cis-4-Methyl-2-pentene,2006-01-23T00:00,0.000,µg/m³,VOC,N/A
101401,HOPE AIRPORT,cis-4-Methyl-2-pentene,2006-02-10T00:00,0.000,µg/m³,VOC,N/A
101401,HOPE AIRPORT,cis-4-Methyl-2-pentene,2006-02-28T00:00,0.000,µg/m³,VOC,N/A
101401,HOPE AIRPORT,cis-4-Methyl-2-pentene,2006-03-18T00:00,0.000,µg/m³,VOC,N/A
101401,HOPE AIRPORT,cis-4-Methyl-2-pentene,2006-04-05T00:00,0.001,µg/m³,VOC,N/A
101401,HOPE AIRPORT,cis-4-Methyl-2-pentene,2006-04-23T00:00,0.002,µg/m³,VOC,N/A
101401,HOPE AIRPORT,cis-4-Methyl-2-pentene,2006-05-11T00:00,0.000,µg/m³,VOC,N/A
101401,HOPE AIRPORT,cis-4-Methyl-2-pentene,2006-05-29T00:00,0.000,µg/m³,VOC,N/A
101401,HOPE AIRPORT,cis-4-Methyl-2-pentene,2006-06-16T00:00,0.000,µg/m³,VOC,N/A
101401,HOPE AIRPORT,cis-4-Methyl-2-pentene,2006-08-27T00:00,0.006,µg/m³,VOC,N/A
101401,HOPE AIRPORT,cis-4-Methyl-2-pentene,2006-10-02T00:00,0.000,µg/m³,VOC,N/A
101401,HOPE AIRPORT,cis-4-Methyl-2-pentene,2006-10-20T00:00,0.005,µg/m³,VOC,N/A
101401,HOPE AIRPORT,cis-4-Methyl-2-pentene,2006-11-13T00:00,0.000,µg/m³,VOC,N/A
101401,HOPE AIRPORT,cis-4-Methyl-2-pentene,2006-12-31T00:00,0.010,µg/m³,VOC,N/A
