﻿NAPS_Site_ID,Station_Name,Pollutant,Date,Value,Units,Report_Type,Method
50115,MONTRÉAL-MAISONNEUVE,"1,3-Butadiene",2013-01-10T00:00,0.123,µg/m³,VOC,
50115,MONTRÉAL-MAISONNEUVE,"1,3-Butadiene",2013-01-16T00:00,0.130,µg/m³,VOC,
50115,MONTRÉAL-MAISONNEUVE,"1,3-Butadiene",2013-01-22T00:00,0.153,µg/m³,VOC,
50115,MONTRÉAL-MAISONNEUVE,"1,3-Butadiene",2013-01-28T00:00,0.144,µg/m³,VOC,
50115,MONTRÉAL-MAISONNEUVE,"1,3-Butadiene",2013-02-03T00:00,0.183,µg/m³,VOC,
50115,MONTRÉAL-MAISONNEUVE,"1,3-Butadiene",2013-02-09T00:00,0.104,µg/m³,VOC,
50115,MONTRÉAL-MAISONNEUVE,"1,3-Butadiene",2013-02-15T00:00,0.124,µg/m³,VOC,
50115,MONTRÉAL-MAISONNEUVE,"1,3-Butadiene",2013-02-21T00:00,0.110,µg/m³,VOC,
50115,MONTRÉAL-MAISONNEUVE,"1,3-Butadiene",2013-02-27T00:00,0.077,µg/m³,VOC,
50115,MONTRÉAL-MAISONNEUVE,"1,3-Butadiene",2013-03-05T00:00,0.146,µg/m³,VOC,
50115,MONTRÉAL-MAISONNEUVE,"1,3-Butadiene",2013-03-11T00:00,0.085,µg/m³,VOC,
50115,MONTRÉAL-MAISONNEUVE,"1,3-Butadiene",2013-03-17T00:00,0.071,µg/m³,VOC,
50115,MONTRÉAL-MAISONNEUVE,"1,3-Butadiene",2013-03-23T00:00,0.079,µg/m³,VOC,
50115,MONTRÉAL-MAISONNEUVE,"1,3-Butadiene",2013-03-29T00:00,0.089,µg/m³,VOC,
50115,MONTRÉAL-MAISONNEUVE,"1,3-Butadiene",2013-04-04T00:00,0.088,µg/m³,VOC,
50115,MONTRÉAL-MAISONNEUVE,"1,3-Butadiene",2013-04-10T00:00,0.116,µg/m³,VOC,
50115,MONTRÉAL-MAISONNEUVE,"1,3-Butadiene",2013-04-16T00:00,0.110,µg/m³,VOC,
50115,MONTRÉAL-MAISONNEUVE,"1,3-Butadiene",2013-04-22T00:00,0.058,µg/m³,VOC,
50115,MONTRÉAL-MAISONNEUVE,"1,3-Butadiene",2013-04-28T00:00,0.082,µg/m³,VOC,
50115,MONTRÉAL-MAISONNEUVE,"1,3-Butadiene",2013-05-04T00:00,0.102,µg/m³,VOC,
50115,MONTRÉAL-MAISONNEUVE,"1,3-Butadiene",2013-05-10T00:00,0.109,µg/m³,VOC,
50115,MONTRÉAL-MAISONNEUVE,"1,3-Butadiene",2013-05-16T00:00,0.113,µg/m³,VOC,
50115,MONTRÉAL-MAISONNEUVE,"1,3-Butadiene",2013-05-22T00:00,0.093,µg/m³,VOC,
50115,MONTRÉAL-MAISONNEUVE,"1,3-Butadiene",2013-05-28T00:00,0.079,µg/m³,VOC,
50115,MONTRÉAL-MAISONNEUVE,"1,3-Butadiene",2013-06-03T00:00,0.067,µg/m³,VOC,
50115,MONTRÉAL-MAISONNEUVE,"1,3-Butadiene",2013-06-09T00:00,0.100,µg/m³,VOC,
50115,MONTRÉAL-MAISONNEUVE,"1,3-Butadiene",2013-06-15T00:00,0.066,µg/m³,VOC,
50115,MONTRÉAL-MAISONNEUVE,"1,3-Butadiene",2013-06-21T00:00,0.111,µg/m³,VOC,
50115,MONTRÉAL-MAISONNEUVE,"1,3-Butadiene",2013-06-27T00:00,0.086,µg/m³,VOC,
50115,MONTRÉAL-MAISONNEUVE,"1,3-Butadiene",2013-07-03T00:00,0.123,µg/m³,VOC,
50115,MONTRÉAL-MAISONNEUVE,"1,3-Butadiene",2013-07-09T00:00,0.144,µg/m³,VOC,
50115,MONTRÉAL-MAISONNEUVE,"1,3-Butadiene",2013-07-15T00:00,0.082,µg/m³,VOC,
50115,MONTRÉAL-MAISONNEUVE,"1,3-Butadiene",2013-07-21T00:00,0.059,µg/m³,VOC,
50115,MONTRÉAL-MAISONNEUVE,"1,3-Butadiene",2013-07-27T00:00,0.050,µg/m³,VOC,
50115,MONTRÉAL-MAISONNEUVE,"1,3-Butadiene",2013-08-02T00:00,0.106,µg/m³,VOC,
50115,MONTRÉAL-MAISONNEUVE,"1,3-Butadiene",2013-08-08T00:00,0.126,µg/m³,VOC,
50115,MONTRÉAL-MAISONNEUVE,"1,3-Butadiene",2013-08-14T00:00,0.115,µg/m³,VOC,
50115,MONTRÉAL-MAISONNEUVE,"1,3-Butadiene",2013-08-20T00:00,0.080,µg/m³,VOC,
50115,MONTRÉAL-MAISONNEUVE,"1,3-Butadiene",2013-08-26T00:00,0.102,µg/m³,VOC,
50115,MONTRÉAL-MAISONNEUVE,"1,3-Butadiene",2013-09-01T00:00,0.071,µg/m³,VOC,
50115,MONTRÉAL-MAISONNEUVE,"1,3-Butadiene",2013-09-07T00:00,0.058,µg/m³,VOC,
50115,MONTRÉAL-MAISONNEUVE,"1,3-Butadiene",2013-09-13T00:00,0.138,µg/m³,VOC,
50115,MONTRÉAL-MAISONNEUVE,"1,3-Butadiene",2013-09-19T00:00,0.149,µg/m³,VOC,
50115,MONTRÉAL-MAISONNEUVE,"1,3-Butadiene",2013-09-25T00:00,0.115,µg/m³,VOC,
50115,MONTRÉAL-MAISONNEUVE,"1,3-Butadiene",2013-10-01T00:00,0.146,µg/m³,VOC,
50115,MONTRÉAL-MAISONNEUVE,"1,3-Butadiene",2013-10-07T00:00,0.067,µg/m³,VOC,
50115,MONTRÉAL-MAISONNEUVE,"1,3-Butadiene",2013-10-13T00:00,0.057,µg/m³,VOC,
50115,MONTRÉAL-MAISONNEUVE,"1,3-Butadiene",2013-10-19T00:00,0.078,µg/m³,VOC,
50115,MONTRÉAL-MAISONNEUVE,"1,3-Butadiene",2013-10-25T00:00,0.119,µg/m³,VOC,
50115,MONTRÉAL-MAISONNEUVE,"1,3-Butadiene",2013-10-31T00:00,0.128,µg/m³,VOC,
50115,MONTRÉAL-MAISONNEUVE,"1,3-Butadiene",2013-11-06T00:00,0.102,µg/m³,VOC,
50115,MONTRÉAL-MAISONNEUVE,"1,3-Butadiene",2013-11-12T00:00,0.075,µg/m³,VOC,
50115,MONTRÉAL-MAISONNEUVE,"1,3-Butadiene",2013-11-18T00:00,0.053,µg/m³,VOC,
50115,MONTRÉAL-MAISONNEUVE,"1,3-Butadiene",2013-11-24T00:00,0.047,µg/m³,VOC,
50115,MONTRÉAL-MAISONNEUVE,"1,3-Butadiene",2013-11-30T00:00,0.110,µg/m³,VOC,
50115,MONTRÉAL-MAISONNEUVE,"1,3-Butadiene",2013-12-06T00:00,0.071,µg/m³,VOC,
50115,MONTRÉAL-MAISONNEUVE,"1,3-Butadiene",2013-12-12T00:00,0.125,µg/m³,VOC,
50115,MONTRÉAL-MAISONNEUVE,"1,3-Butadiene",2013-12-18T00:00,0.237,µg/m³,VOC,
50115,MONTRÉAL-MAISONNEUVE,"1,3-Butadiene",2013-12-24T00:00,0.074,µg/m³,VOC,
50115,MONTRÉAL-MAISONNEUVE,"1,3-Butadiene",2013-12-30T00:00,0.063,µg/m³,VOC,
