﻿NAPS_Site_ID,Station_Name,Pollutant,Date,Value,Units,Report_Type,Method
60903,LONDON AQI SITE _LONDON_ 900_HGHBURYAVE,"2,4-Dimethylhexane",2008-01-01T00:00,0.017,µg/m³,VOC,
60903,LONDON AQI SITE _LONDON_ 900_HGHBURYAVE,"2,4-Dimethylhexane",2008-01-07T00:00,0.029,µg/m³,VOC,
60903,LONDON AQI SITE _LONDON_ 900_HGHBURYAVE,"2,4-Dimethylhexane",2008-01-13T00:00,0.025,µg/m³,VOC,
60903,LONDON AQI SITE _LONDON_ 900_HGHBURYAVE,"2,4-Dimethylhexane",2008-01-19T00:00,0.020,µg/m³,VOC,
60903,LONDON AQI SITE _LONDON_ 900_HGHBURYAVE,"2,4-Dimethylhexane",2008-01-25T00:00,0.037,µg/m³,VOC,
60903,LONDON AQI SITE _LONDON_ 900_HGHBURYAVE,"2,4-Dimethylhexane",2008-01-31T00:00,0.031,µg/m³,VOC,
60903,LONDON AQI SITE _LONDON_ 900_HGHBURYAVE,"2,4-Dimethylhexane",2008-02-06T00:00,0.038,µg/m³,VOC,
60903,LONDON AQI SITE _LONDON_ 900_HGHBURYAVE,"2,4-Dimethylhexane",2008-02-12T00:00,0.036,µg/m³,VOC,
60903,LONDON AQI SITE _LONDON_ 900_HGHBURYAVE,"2,4-Dimethylhexane",2008-02-18T00:00,0.025,µg/m³,VOC,
60903,LONDON AQI SITE _LONDON_ 900_HGHBURYAVE,"2,4-Dimethylhexane",2008-02-24T00:00,0.035,µg/m³,VOC,
60903,LONDON AQI SITE _LONDON_ 900_HGHBURYAVE,"2,4-Dimethylhexane",2008-03-01T00:00,0.041,µg/m³,VOC,
60903,LONDON AQI SITE _LONDON_ 900_HGHBURYAVE,"2,4-Dimethylhexane",2008-03-07T00:00,0.010,µg/m³,VOC,
60903,LONDON AQI SITE _LONDON_ 900_HGHBURYAVE,"2,4-Dimethylhexane",2008-03-13T00:00,0.050,µg/m³,VOC,
60903,LONDON AQI SITE _LONDON_ 900_HGHBURYAVE,"2,4-Dimethylhexane",2008-03-20T00:00,0.014,µg/m³,VOC,
60903,LONDON AQI SITE _LONDON_ 900_HGHBURYAVE,"2,4-Dimethylhexane",2008-03-25T00:00,0.030,µg/m³,VOC,
60903,LONDON AQI SITE _LONDON_ 900_HGHBURYAVE,"2,4-Dimethylhexane",2008-03-31T00:00,0.031,µg/m³,VOC,
