﻿NAPS_Site_ID,Station_Name,Pollutant,Date,Value,Units,Report_Type,Method
90227,CALGARY CENTRAL,Acetate,2003-07-02T00:00,0.026,µg/m³,PM2.5,IC
90227,CALGARY CENTRAL,Acetate,2003-07-08T00:00,0.038,µg/m³,PM2.5,IC
90227,CALGARY CENTRAL,Acetate,2003-07-14T00:00,0.000,µg/m³,PM2.5,IC
90227,CALGARY CENTRAL,Acetate,2003-07-20T00:00,0.000,µg/m³,PM2.5,IC
90227,CALGARY CENTRAL,Acetate,2003-07-26T00:00,0.000,µg/m³,PM2.5,IC
90227,CALGARY CENTRAL,Acetate,2003-08-01T00:00,0.143,µg/m³,PM2.5,IC
90227,CALGARY CENTRAL,Acetate,2003-08-07T00:00,0.000,µg/m³,PM2.5,IC
90227,CALGARY CENTRAL,Acetate,2003-08-13T00:00,0.128,µg/m³,PM2.5,IC
90227,CALGARY CENTRAL,Acetate,2003-08-19T00:00,0.000,µg/m³,PM2.5,IC
90227,CALGARY CENTRAL,Acetate,2003-08-25T00:00,0.098,µg/m³,PM2.5,IC
90227,CALGARY CENTRAL,Acetate,2003-08-31T00:00,0.126,µg/m³,PM2.5,IC
90227,CALGARY CENTRAL,Acetate,2003-09-06T00:00,0.203,µg/m³,PM2.5,IC
90227,CALGARY CENTRAL,Acetate,2003-09-12T00:00,0.000,µg/m³,PM2.5,IC
90227,CALGARY CENTRAL,Acetate,2003-09-18T00:00,0.000,µg/m³,PM2.5,IC
90227,CALGARY CENTRAL,Acetate,2003-09-24T00:00,0.014,µg/m³,PM2.5,IC
90227,CALGARY CENTRAL,Acetate,2003-09-30T00:00,0.000,µg/m³,PM2.5,IC
90227,CALGARY CENTRAL,Acetate,2003-10-06T00:00,0.041,µg/m³,PM2.5,IC
90227,CALGARY CENTRAL,Acetate,2003-10-12T00:00,0.013,µg/m³,PM2.5,IC
90227,CALGARY CENTRAL,Acetate,2003-10-18T00:00,0.021,µg/m³,PM2.5,IC
90227,CALGARY CENTRAL,Acetate,2003-10-24T00:00,0.010,µg/m³,PM2.5,IC
90227,CALGARY CENTRAL,Acetate,2003-10-30T00:00,0.014,µg/m³,PM2.5,IC
90227,CALGARY CENTRAL,Acetate,2003-11-05T00:00,0.020,µg/m³,PM2.5,IC
90227,CALGARY CENTRAL,Acetate,2003-11-11T00:00,0.010,µg/m³,PM2.5,IC
90227,CALGARY CENTRAL,Acetate,2003-11-17T00:00,0.025,µg/m³,PM2.5,IC
90227,CALGARY CENTRAL,Acetate,2003-11-23T00:00,0.016,µg/m³,PM2.5,IC
90227,CALGARY CENTRAL,Acetate,2003-11-29T00:00,0.011,µg/m³,PM2.5,IC
90227,CALGARY CENTRAL,Acetate,2003-12-05T00:00,0.009,µg/m³,PM2.5,IC
90227,CALGARY CENTRAL,Acetate,2003-12-11T00:00,0.014,µg/m³,PM2.5,IC
90227,CALGARY CENTRAL,Acetate,2003-12-17T00:00,0.022,µg/m³,PM2.5,IC
90227,CALGARY CENTRAL,Acetate,2003-12-23T00:00,0.016,µg/m³,PM2.5,IC
90227,CALGARY CENTRAL,Acetate,2003-12-29T00:00,0.030,µg/m³,PM2.5,IC
