﻿NAPS_Site_ID,Station_Name,Pollutant,Date,Value,Units,Report_Type,Method
50133,MONTRÉAL-CHENIER,Carbontetrachloride,2011-01-03T00:00,0.588,µg/m³,VOC,GC-MS
50133,MONTRÉAL-CHENIER,Carbontetrachloride,2011-01-09T00:00,0.362,µg/m³,VOC,GC-MS
50133,MONTRÉAL-CHENIER,Carbontetrachloride,2011-01-15T00:00,0.379,µg/m³,VOC,GC-MS
50133,MONTRÉAL-CHENIER,Carbontetrachloride,2011-01-21T00:00,0.403,µg/m³,VOC,GC-MS
50133,MONTRÉAL-CHENIER,Carbontetrachloride,2011-01-27T00:00,0.470,µg/m³,VOC,GC-MS
50133,MONTRÉAL-CHENIER,Carbontetrachloride,2011-02-02T00:00,0.456,µg/m³,VOC,GC-MS
50133,MONTRÉAL-CHENIER,Carbontetrachloride,2011-02-08T00:00,0.475,µg/m³,VOC,GC-MS
50133,MONTRÉAL-CHENIER,Carbontetrachloride,2011-02-14T00:00,0.594,µg/m³,VOC,GC-MS
50133,MONTRÉAL-CHENIER,Carbontetrachloride,2011-02-20T00:00,0.514,µg/m³,VOC,GC-MS
50133,MONTRÉAL-CHENIER,Carbontetrachloride,2011-02-26T00:00,0.561,µg/m³,VOC,GC-MS
50133,MONTRÉAL-CHENIER,Carbontetrachloride,2011-03-04T00:00,0.636,µg/m³,VOC,GC-MS
50133,MONTRÉAL-CHENIER,Carbontetrachloride,2011-03-10T00:00,0.540,µg/m³,VOC,GC-MS
50133,MONTRÉAL-CHENIER,Carbontetrachloride,2011-03-16T00:00,0.564,µg/m³,VOC,GC-MS
50133,MONTRÉAL-CHENIER,Carbontetrachloride,2011-03-22T00:00,0.664,µg/m³,VOC,GC-MS
50133,MONTRÉAL-CHENIER,Carbontetrachloride,2011-03-28T00:00,0.653,µg/m³,VOC,GC-MS
50133,MONTRÉAL-CHENIER,Carbontetrachloride,2011-04-03T00:00,0.459,µg/m³,VOC,GC-MS
50133,MONTRÉAL-CHENIER,Carbontetrachloride,2011-04-09T00:00,0.470,µg/m³,VOC,GC-MS
50133,MONTRÉAL-CHENIER,Carbontetrachloride,2011-04-15T00:00,0.635,µg/m³,VOC,GC-MS
50133,MONTRÉAL-CHENIER,Carbontetrachloride,2011-04-21T00:00,0.570,µg/m³,VOC,GC-MS
50133,MONTRÉAL-CHENIER,Carbontetrachloride,2011-04-27T00:00,0.660,µg/m³,VOC,GC-MS
50133,MONTRÉAL-CHENIER,Carbontetrachloride,2011-05-03T00:00,0.655,µg/m³,VOC,GC-MS
50133,MONTRÉAL-CHENIER,Carbontetrachloride,2011-05-09T00:00,0.595,µg/m³,VOC,GC-MS
50133,MONTRÉAL-CHENIER,Carbontetrachloride,2011-05-15T00:00,0.542,µg/m³,VOC,GC-MS
50133,MONTRÉAL-CHENIER,Carbontetrachloride,2011-05-21T00:00,0.551,µg/m³,VOC,GC-MS
50133,MONTRÉAL-CHENIER,Carbontetrachloride,2011-05-27T00:00,0.460,µg/m³,VOC,GC-MS
50133,MONTRÉAL-CHENIER,Carbontetrachloride,2011-06-02T00:00,0.490,µg/m³,VOC,GC-MS
50133,MONTRÉAL-CHENIER,Carbontetrachloride,2011-06-08T00:00,0.549,µg/m³,VOC,GC-MS
50133,MONTRÉAL-CHENIER,Carbontetrachloride,2011-06-14T00:00,0.506,µg/m³,VOC,GC-MS
50133,MONTRÉAL-CHENIER,Carbontetrachloride,2011-06-20T00:00,0.609,µg/m³,VOC,GC-MS
50133,MONTRÉAL-CHENIER,Carbontetrachloride,2011-06-26T00:00,0.490,µg/m³,VOC,GC-MS
50133,MONTRÉAL-CHENIER,Carbontetrachloride,2011-07-02T00:00,0.541,µg/m³,VOC,GC-MS
50133,MONTRÉAL-CHENIER,Carbontetrachloride,2011-07-08T00:00,0.541,µg/m³,VOC,GC-MS
50133,MONTRÉAL-CHENIER,Carbontetrachloride,2011-07-14T00:00,0.531,µg/m³,VOC,GC-MS
50133,MONTRÉAL-CHENIER,Carbontetrachloride,2011-07-20T00:00,0.626,µg/m³,VOC,GC-MS
50133,MONTRÉAL-CHENIER,Carbontetrachloride,2011-07-26T00:00,0.587,µg/m³,VOC,GC-MS
50133,MONTRÉAL-CHENIER,Carbontetrachloride,2011-08-01T00:00,0.579,µg/m³,VOC,GC-MS
50133,MONTRÉAL-CHENIER,Carbontetrachloride,2011-08-07T00:00,0.558,µg/m³,VOC,GC-MS
50133,MONTRÉAL-CHENIER,Carbontetrachloride,2011-08-13T00:00,0.588,µg/m³,VOC,GC-MS
50133,MONTRÉAL-CHENIER,Carbontetrachloride,2011-08-19T00:00,0.624,µg/m³,VOC,GC-MS
50133,MONTRÉAL-CHENIER,Carbontetrachloride,2011-08-25T00:00,0.631,µg/m³,VOC,GC-MS
50133,MONTRÉAL-CHENIER,Carbontetrachloride,2011-08-31T00:00,0.641,µg/m³,VOC,GC-MS
50133,MONTRÉAL-CHENIER,Carbontetrachloride,2011-09-06T00:00,0.451,µg/m³,VOC,GC-MS
50133,MONTRÉAL-CHENIER,Carbontetrachloride,2011-09-13T00:00,0.417,µg/m³,VOC,GC-MS
50133,MONTRÉAL-CHENIER,Carbontetrachloride,2011-09-18T00:00,0.474,µg/m³,VOC,GC-MS
50133,MONTRÉAL-CHENIER,Carbontetrachloride,2011-09-24T00:00,0.525,µg/m³,VOC,GC-MS
50133,MONTRÉAL-CHENIER,Carbontetrachloride,2011-09-30T00:00,0.532,µg/m³,VOC,GC-MS
50133,MONTRÉAL-CHENIER,Carbontetrachloride,2011-10-06T00:00,0.572,µg/m³,VOC,GC-MS
50133,MONTRÉAL-CHENIER,Carbontetrachloride,2011-10-12T00:00,0.532,µg/m³,VOC,GC-MS
50133,MONTRÉAL-CHENIER,Carbontetrachloride,2011-10-18T00:00,0.607,µg/m³,VOC,GC-MS
50133,MONTRÉAL-CHENIER,Carbontetrachloride,2011-10-30T00:00,0.558,µg/m³,VOC,GC-MS
50133,MONTRÉAL-CHENIER,Carbontetrachloride,2011-11-05T00:00,0.661,µg/m³,VOC,GC-MS
50133,MONTRÉAL-CHENIER,Carbontetrachloride,2011-11-11T00:00,0.569,µg/m³,VOC,GC-MS
50133,MONTRÉAL-CHENIER,Carbontetrachloride,2011-11-17T00:00,0.592,µg/m³,VOC,GC-MS
50133,MONTRÉAL-CHENIER,Carbontetrachloride,2011-11-23T00:00,0.558,µg/m³,VOC,GC-MS
50133,MONTRÉAL-CHENIER,Carbontetrachloride,2011-11-29T00:00,0.611,µg/m³,VOC,GC-MS
50133,MONTRÉAL-CHENIER,Carbontetrachloride,2011-12-05T00:00,0.699,µg/m³,VOC,GC-MS
50133,MONTRÉAL-CHENIER,Carbontetrachloride,2011-12-11T00:00,0.607,µg/m³,VOC,GC-MS
50133,MONTRÉAL-CHENIER,Carbontetrachloride,2011-12-17T00:00,0.572,µg/m³,VOC,GC-MS
50133,MONTRÉAL-CHENIER,Carbontetrachloride,2011-12-23T00:00,0.536,µg/m³,VOC,GC-MS
