﻿NAPS_Site_ID,Station_Name,Pollutant,Date,Value,Units,Report_Type,Method
61502,WEST AVE. & HOMEWOOD _KITCHENER_,Methylcyclopentane,2019-01-03T00:00,0.088,µg/m³,VOC,GC-MS
61502,WEST AVE. & HOMEWOOD _KITCHENER_,Methylcyclopentane,2019-01-09T00:00,0.060,µg/m³,VOC,GC-MS
61502,WEST AVE. & HOMEWOOD _KITCHENER_,Methylcyclopentane,2019-01-15T00:00,0.083,µg/m³,VOC,GC-MS
61502,WEST AVE. & HOMEWOOD _KITCHENER_,Methylcyclopentane,2019-01-21T00:00,0.055,µg/m³,VOC,GC-MS
61502,WEST AVE. & HOMEWOOD _KITCHENER_,Methylcyclopentane,2019-01-27T00:00,0.062,µg/m³,VOC,GC-MS
61502,WEST AVE. & HOMEWOOD _KITCHENER_,Methylcyclopentane,2019-02-02T00:00,0.113,µg/m³,VOC,GC-MS
61502,WEST AVE. & HOMEWOOD _KITCHENER_,Methylcyclopentane,2019-02-08T00:00,0.043,µg/m³,VOC,GC-MS
61502,WEST AVE. & HOMEWOOD _KITCHENER_,Methylcyclopentane,2019-02-14T00:00,0.105,µg/m³,VOC,GC-MS
61502,WEST AVE. & HOMEWOOD _KITCHENER_,Methylcyclopentane,2019-02-20T00:00,0.103,µg/m³,VOC,GC-MS
61502,WEST AVE. & HOMEWOOD _KITCHENER_,Methylcyclopentane,2019-02-26T00:00,0.034,µg/m³,VOC,GC-MS
61502,WEST AVE. & HOMEWOOD _KITCHENER_,Methylcyclopentane,2019-03-04T00:00,0.043,µg/m³,VOC,GC-MS
61502,WEST AVE. & HOMEWOOD _KITCHENER_,Methylcyclopentane,2019-03-10T00:00,0.062,µg/m³,VOC,GC-MS
61502,WEST AVE. & HOMEWOOD _KITCHENER_,Methylcyclopentane,2019-03-16T00:00,0.018,µg/m³,VOC,GC-MS
61502,WEST AVE. & HOMEWOOD _KITCHENER_,Methylcyclopentane,2019-03-22T00:00,0.028,µg/m³,VOC,GC-MS
61502,WEST AVE. & HOMEWOOD _KITCHENER_,Methylcyclopentane,2019-03-28T00:00,0.102,µg/m³,VOC,GC-MS
61502,WEST AVE. & HOMEWOOD _KITCHENER_,Methylcyclopentane,2019-04-03T00:00,0.042,µg/m³,VOC,GC-MS
61502,WEST AVE. & HOMEWOOD _KITCHENER_,Methylcyclopentane,2019-04-09T00:00,0.044,µg/m³,VOC,GC-MS
61502,WEST AVE. & HOMEWOOD _KITCHENER_,Methylcyclopentane,2019-04-15T00:00,0.029,µg/m³,VOC,GC-MS
61502,WEST AVE. & HOMEWOOD _KITCHENER_,Methylcyclopentane,2019-04-21T00:00,0.205,µg/m³,VOC,GC-MS
61502,WEST AVE. & HOMEWOOD _KITCHENER_,Methylcyclopentane,2019-04-27T00:00,0.015,µg/m³,VOC,GC-MS
61502,WEST AVE. & HOMEWOOD _KITCHENER_,Methylcyclopentane,2019-05-03T00:00,0.061,µg/m³,VOC,GC-MS
61502,WEST AVE. & HOMEWOOD _KITCHENER_,Methylcyclopentane,2019-05-09T00:00,0.049,µg/m³,VOC,GC-MS
61502,WEST AVE. & HOMEWOOD _KITCHENER_,Methylcyclopentane,2019-05-15T00:00,0.075,µg/m³,VOC,GC-MS
61502,WEST AVE. & HOMEWOOD _KITCHENER_,Methylcyclopentane,2019-06-02T00:00,0.053,µg/m³,VOC,GC-MS
61502,WEST AVE. & HOMEWOOD _KITCHENER_,Methylcyclopentane,2019-06-08T00:00,0.059,µg/m³,VOC,GC-MS
61502,WEST AVE. & HOMEWOOD _KITCHENER_,Methylcyclopentane,2019-06-14T00:00,0.053,µg/m³,VOC,GC-MS
61502,WEST AVE. & HOMEWOOD _KITCHENER_,Methylcyclopentane,2019-06-20T00:00,0.098,µg/m³,VOC,GC-MS
61502,WEST AVE. & HOMEWOOD _KITCHENER_,Methylcyclopentane,2019-06-26T00:00,0.119,µg/m³,VOC,GC-MS
61502,WEST AVE. & HOMEWOOD _KITCHENER_,Methylcyclopentane,2019-07-02T00:00,0.070,µg/m³,VOC,GC-MS
61502,WEST AVE. & HOMEWOOD _KITCHENER_,Methylcyclopentane,2019-07-08T00:00,0.197,µg/m³,VOC,GC-MS
61502,WEST AVE. & HOMEWOOD _KITCHENER_,Methylcyclopentane,2019-07-14T00:00,0.043,µg/m³,VOC,GC-MS
61502,WEST AVE. & HOMEWOOD _KITCHENER_,Methylcyclopentane,2019-07-20T00:00,0.098,µg/m³,VOC,GC-MS
61502,WEST AVE. & HOMEWOOD _KITCHENER_,Methylcyclopentane,2019-07-26T00:00,0.210,µg/m³,VOC,GC-MS
61502,WEST AVE. & HOMEWOOD _KITCHENER_,Methylcyclopentane,2019-08-01T00:00,0.118,µg/m³,VOC,GC-MS
61502,WEST AVE. & HOMEWOOD _KITCHENER_,Methylcyclopentane,2019-08-13T00:00,0.093,µg/m³,VOC,GC-MS
61502,WEST AVE. & HOMEWOOD _KITCHENER_,Methylcyclopentane,2019-08-19T00:00,0.085,µg/m³,VOC,GC-MS
61502,WEST AVE. & HOMEWOOD _KITCHENER_,Methylcyclopentane,2019-08-25T00:00,0.085,µg/m³,VOC,GC-MS
61502,WEST AVE. & HOMEWOOD _KITCHENER_,Methylcyclopentane,2019-08-31T00:00,0.062,µg/m³,VOC,GC-MS
61502,WEST AVE. & HOMEWOOD _KITCHENER_,Methylcyclopentane,2019-09-06T00:00,0.175,µg/m³,VOC,GC-MS
61502,WEST AVE. & HOMEWOOD _KITCHENER_,Methylcyclopentane,2019-09-12T00:00,0.173,µg/m³,VOC,GC-MS
61502,WEST AVE. & HOMEWOOD _KITCHENER_,Methylcyclopentane,2019-09-24T00:00,0.159,µg/m³,VOC,GC-MS
61502,WEST AVE. & HOMEWOOD _KITCHENER_,Methylcyclopentane,2019-09-30T00:00,0.074,µg/m³,VOC,GC-MS
61502,WEST AVE. & HOMEWOOD _KITCHENER_,Methylcyclopentane,2019-10-06T00:00,0.069,µg/m³,VOC,GC-MS
61502,WEST AVE. & HOMEWOOD _KITCHENER_,Methylcyclopentane,2019-10-12T00:00,0.051,µg/m³,VOC,GC-MS
61502,WEST AVE. & HOMEWOOD _KITCHENER_,Methylcyclopentane,2019-10-18T00:00,0.052,µg/m³,VOC,GC-MS
61502,WEST AVE. & HOMEWOOD _KITCHENER_,Methylcyclopentane,2019-10-24T00:00,0.189,µg/m³,VOC,GC-MS
61502,WEST AVE. & HOMEWOOD _KITCHENER_,Methylcyclopentane,2019-10-30T00:00,0.070,µg/m³,VOC,GC-MS
61502,WEST AVE. & HOMEWOOD _KITCHENER_,Methylcyclopentane,2019-11-05T00:00,0.063,µg/m³,VOC,GC-MS
61502,WEST AVE. & HOMEWOOD _KITCHENER_,Methylcyclopentane,2019-11-11T00:00,0.042,µg/m³,VOC,GC-MS
61502,WEST AVE. & HOMEWOOD _KITCHENER_,Methylcyclopentane,2019-11-17T00:00,0.060,µg/m³,VOC,GC-MS
61502,WEST AVE. & HOMEWOOD _KITCHENER_,Methylcyclopentane,2019-11-23T00:00,0.096,µg/m³,VOC,GC-MS
61502,WEST AVE. & HOMEWOOD _KITCHENER_,Methylcyclopentane,2019-11-29T00:00,0.055,µg/m³,VOC,GC-MS
61502,WEST AVE. & HOMEWOOD _KITCHENER_,Methylcyclopentane,2019-12-05T00:00,0.042,µg/m³,VOC,GC-MS
61502,WEST AVE. & HOMEWOOD _KITCHENER_,Methylcyclopentane,2019-12-11T00:00,0.041,µg/m³,VOC,GC-MS
61502,WEST AVE. & HOMEWOOD _KITCHENER_,Methylcyclopentane,2019-12-17T00:00,0.112,µg/m³,VOC,GC-MS
61502,WEST AVE. & HOMEWOOD _KITCHENER_,Methylcyclopentane,2019-12-23T00:00,0.104,µg/m³,VOC,GC-MS
