﻿NAPS_Site_ID,Station_Name,Pollutant,Date,Value,Units,Report_Type,Method
80901,BRATT'S LAKE,Acetylene,2003-01-09T00:00,0.424,µg/m³,VOC,
80901,BRATT'S LAKE,Acetylene,2003-01-12T00:00,0.404,µg/m³,VOC,
80901,BRATT'S LAKE,Acetylene,2003-01-15T00:00,0.624,µg/m³,VOC,
80901,BRATT'S LAKE,Acetylene,2003-01-18T00:00,0.479,µg/m³,VOC,
80901,BRATT'S LAKE,Acetylene,2003-01-21T00:00,0.600,µg/m³,VOC,
80901,BRATT'S LAKE,Acetylene,2003-01-24T00:00,0.701,µg/m³,VOC,
80901,BRATT'S LAKE,Acetylene,2003-01-27T00:00,0.439,µg/m³,VOC,
80901,BRATT'S LAKE,Acetylene,2003-01-30T00:00,0.677,µg/m³,VOC,
80901,BRATT'S LAKE,Acetylene,2003-02-02T00:00,0.647,µg/m³,VOC,
80901,BRATT'S LAKE,Acetylene,2003-02-05T00:00,0.493,µg/m³,VOC,
80901,BRATT'S LAKE,Acetylene,2003-02-08T00:00,0.527,µg/m³,VOC,
80901,BRATT'S LAKE,Acetylene,2003-02-11T00:00,0.613,µg/m³,VOC,
80901,BRATT'S LAKE,Acetylene,2003-02-14T00:00,0.599,µg/m³,VOC,
80901,BRATT'S LAKE,Acetylene,2003-02-17T00:00,0.638,µg/m³,VOC,
80901,BRATT'S LAKE,Acetylene,2003-02-20T00:00,0.577,µg/m³,VOC,
80901,BRATT'S LAKE,Acetylene,2003-02-23T00:00,0.744,µg/m³,VOC,
80901,BRATT'S LAKE,Acetylene,2003-02-26T00:00,0.719,µg/m³,VOC,
80901,BRATT'S LAKE,Acetylene,2003-03-01T00:00,0.618,µg/m³,VOC,
80901,BRATT'S LAKE,Acetylene,2003-03-04T00:00,0.625,µg/m³,VOC,
80901,BRATT'S LAKE,Acetylene,2003-03-10T00:00,0.562,µg/m³,VOC,
80901,BRATT'S LAKE,Acetylene,2003-03-13T00:00,0.478,µg/m³,VOC,
80901,BRATT'S LAKE,Acetylene,2003-03-16T00:00,0.388,µg/m³,VOC,
80901,BRATT'S LAKE,Acetylene,2003-03-19T00:00,0.460,µg/m³,VOC,
80901,BRATT'S LAKE,Acetylene,2003-03-22T00:00,0.391,µg/m³,VOC,
80901,BRATT'S LAKE,Acetylene,2003-03-25T00:00,0.432,µg/m³,VOC,
80901,BRATT'S LAKE,Acetylene,2003-03-28T00:00,0.410,µg/m³,VOC,
80901,BRATT'S LAKE,Acetylene,2003-03-31T00:00,0.273,µg/m³,VOC,
80901,BRATT'S LAKE,Acetylene,2003-04-03T00:00,0.451,µg/m³,VOC,
80901,BRATT'S LAKE,Acetylene,2003-04-06T00:00,0.437,µg/m³,VOC,
80901,BRATT'S LAKE,Acetylene,2003-04-09T00:00,0.218,µg/m³,VOC,
80901,BRATT'S LAKE,Acetylene,2003-04-12T00:00,0.253,µg/m³,VOC,
80901,BRATT'S LAKE,Acetylene,2003-04-15T00:00,0.356,µg/m³,VOC,
80901,BRATT'S LAKE,Acetylene,2003-04-18T00:00,0.316,µg/m³,VOC,
80901,BRATT'S LAKE,Acetylene,2003-04-21T00:00,0.262,µg/m³,VOC,
80901,BRATT'S LAKE,Acetylene,2003-04-24T00:00,0.332,µg/m³,VOC,
80901,BRATT'S LAKE,Acetylene,2003-04-27T00:00,0.323,µg/m³,VOC,
80901,BRATT'S LAKE,Acetylene,2003-04-30T00:00,0.255,µg/m³,VOC,
80901,BRATT'S LAKE,Acetylene,2003-07-14T00:00,0.121,µg/m³,VOC,
80901,BRATT'S LAKE,Acetylene,2003-07-17T00:00,0.112,µg/m³,VOC,
80901,BRATT'S LAKE,Acetylene,2003-07-20T00:00,0.099,µg/m³,VOC,
80901,BRATT'S LAKE,Acetylene,2003-07-23T00:00,0.140,µg/m³,VOC,
80901,BRATT'S LAKE,Acetylene,2003-07-26T00:00,0.099,µg/m³,VOC,
80901,BRATT'S LAKE,Acetylene,2003-07-29T00:00,0.103,µg/m³,VOC,
80901,BRATT'S LAKE,Acetylene,2003-08-01T00:00,0.116,µg/m³,VOC,
80901,BRATT'S LAKE,Acetylene,2003-08-04T00:00,0.148,µg/m³,VOC,
80901,BRATT'S LAKE,Acetylene,2003-08-07T00:00,0.160,µg/m³,VOC,
80901,BRATT'S LAKE,Acetylene,2003-08-10T00:00,0.100,µg/m³,VOC,
80901,BRATT'S LAKE,Acetylene,2003-08-10T00:00,0.108,µg/m³,VOC,
80901,BRATT'S LAKE,Acetylene,2003-08-13T00:00,0.112,µg/m³,VOC,
80901,BRATT'S LAKE,Acetylene,2003-08-16T00:00,0.157,µg/m³,VOC,
80901,BRATT'S LAKE,Acetylene,2003-08-19T00:00,0.149,µg/m³,VOC,
80901,BRATT'S LAKE,Acetylene,2003-08-22T00:00,0.185,µg/m³,VOC,
80901,BRATT'S LAKE,Acetylene,2003-08-25T00:00,0.233,µg/m³,VOC,
80901,BRATT'S LAKE,Acetylene,2003-08-28T00:00,0.181,µg/m³,VOC,
80901,BRATT'S LAKE,Acetylene,2003-08-31T00:00,0.232,µg/m³,VOC,
80901,BRATT'S LAKE,Acetylene,2003-09-03T00:00,0.133,µg/m³,VOC,
80901,BRATT'S LAKE,Acetylene,2003-09-12T00:00,0.147,µg/m³,VOC,
80901,BRATT'S LAKE,Acetylene,2003-09-15T00:00,0.126,µg/m³,VOC,
80901,BRATT'S LAKE,Acetylene,2003-09-18T00:00,0.132,µg/m³,VOC,
80901,BRATT'S LAKE,Acetylene,2003-09-21T00:00,0.163,µg/m³,VOC,
80901,BRATT'S LAKE,Acetylene,2003-09-24T00:00,0.157,µg/m³,VOC,
80901,BRATT'S LAKE,Acetylene,2003-09-27T00:00,0.145,µg/m³,VOC,
80901,BRATT'S LAKE,Acetylene,2003-09-30T00:00,0.147,µg/m³,VOC,
80901,BRATT'S LAKE,Acetylene,2003-10-03T00:00,0.195,µg/m³,VOC,
80901,BRATT'S LAKE,Acetylene,2003-10-06T00:00,0.152,µg/m³,VOC,
80901,BRATT'S LAKE,Acetylene,2003-10-09T00:00,0.149,µg/m³,VOC,
80901,BRATT'S LAKE,Acetylene,2003-10-12T00:00,0.163,µg/m³,VOC,
80901,BRATT'S LAKE,Acetylene,2003-10-15T00:00,0.188,µg/m³,VOC,
80901,BRATT'S LAKE,Acetylene,2003-10-18T00:00,0.132,µg/m³,VOC,
80901,BRATT'S LAKE,Acetylene,2003-10-21T00:00,0.152,µg/m³,VOC,
80901,BRATT'S LAKE,Acetylene,2003-10-24T00:00,0.213,µg/m³,VOC,
80901,BRATT'S LAKE,Acetylene,2003-10-27T00:00,0.173,µg/m³,VOC,
80901,BRATT'S LAKE,Acetylene,2003-10-30T00:00,0.165,µg/m³,VOC,
80901,BRATT'S LAKE,Acetylene,2003-11-02T00:00,0.262,µg/m³,VOC,
80901,BRATT'S LAKE,Acetylene,2003-11-05T00:00,0.438,µg/m³,VOC,
80901,BRATT'S LAKE,Acetylene,2003-11-08T00:00,0.408,µg/m³,VOC,
80901,BRATT'S LAKE,Acetylene,2003-11-11T00:00,0.630,µg/m³,VOC,
80901,BRATT'S LAKE,Acetylene,2003-11-14T00:00,0.385,µg/m³,VOC,
80901,BRATT'S LAKE,Acetylene,2003-11-17T00:00,0.307,µg/m³,VOC,
80901,BRATT'S LAKE,Acetylene,2003-11-20T00:00,0.357,µg/m³,VOC,
80901,BRATT'S LAKE,Acetylene,2003-11-23T00:00,0.412,µg/m³,VOC,
80901,BRATT'S LAKE,Acetylene,2003-11-26T00:00,0.390,µg/m³,VOC,
80901,BRATT'S LAKE,Acetylene,2003-11-29T00:00,0.530,µg/m³,VOC,
80901,BRATT'S LAKE,Acetylene,2003-12-02T00:00,0.530,µg/m³,VOC,
80901,BRATT'S LAKE,Acetylene,2003-12-05T00:00,0.340,µg/m³,VOC,
80901,BRATT'S LAKE,Acetylene,2003-12-08T00:00,0.440,µg/m³,VOC,
80901,BRATT'S LAKE,Acetylene,2003-12-11T00:00,0.640,µg/m³,VOC,
80901,BRATT'S LAKE,Acetylene,2003-12-14T00:00,0.450,µg/m³,VOC,
80901,BRATT'S LAKE,Acetylene,2003-12-17T00:00,0.460,µg/m³,VOC,
80901,BRATT'S LAKE,Acetylene,2003-12-20T00:00,0.290,µg/m³,VOC,
80901,BRATT'S LAKE,Acetylene,2003-12-23T00:00,0.390,µg/m³,VOC,
80901,BRATT'S LAKE,Acetylene,2003-12-26T00:00,0.430,µg/m³,VOC,
80901,BRATT'S LAKE,Acetylene,2003-12-30T00:00,0.460,µg/m³,VOC,
