﻿NAPS_Site_ID,Station_Name,Pollutant,Date,Value,Units,Report_Type,Method
40203,FOREST HILLS,"1,2,4-Trichlorobenzene",1997-01-16T00:00,0.000,µg/m³,VOC,N/A
40203,FOREST HILLS,"1,2,4-Trichlorobenzene",1997-01-22T00:00,0.000,µg/m³,VOC,N/A
40203,FOREST HILLS,"1,2,4-Trichlorobenzene",1997-01-28T00:00,0.000,µg/m³,VOC,N/A
40203,FOREST HILLS,"1,2,4-Trichlorobenzene",1997-02-03T00:00,0.000,µg/m³,VOC,N/A
40203,FOREST HILLS,"1,2,4-Trichlorobenzene",1997-02-09T00:00,0.000,µg/m³,VOC,N/A
40203,FOREST HILLS,"1,2,4-Trichlorobenzene",1997-02-16T00:00,0.000,µg/m³,VOC,N/A
40203,FOREST HILLS,"1,2,4-Trichlorobenzene",1997-02-21T00:00,0.000,µg/m³,VOC,N/A
40203,FOREST HILLS,"1,2,4-Trichlorobenzene",1997-02-27T00:00,0.000,µg/m³,VOC,N/A
40203,FOREST HILLS,"1,2,4-Trichlorobenzene",1997-03-05T00:00,0.000,µg/m³,VOC,N/A
40203,FOREST HILLS,"1,2,4-Trichlorobenzene",1997-03-11T00:00,0.000,µg/m³,VOC,N/A
40203,FOREST HILLS,"1,2,4-Trichlorobenzene",1997-03-17T00:00,0.000,µg/m³,VOC,N/A
40203,FOREST HILLS,"1,2,4-Trichlorobenzene",1997-03-23T00:00,0.000,µg/m³,VOC,N/A
40203,FOREST HILLS,"1,2,4-Trichlorobenzene",1997-03-29T00:00,0.000,µg/m³,VOC,N/A
40203,FOREST HILLS,"1,2,4-Trichlorobenzene",1997-07-16T00:00,0.000,µg/m³,VOC,N/A
40203,FOREST HILLS,"1,2,4-Trichlorobenzene",1997-07-21T00:00,0.000,µg/m³,VOC,N/A
40203,FOREST HILLS,"1,2,4-Trichlorobenzene",1997-07-27T00:00,0.000,µg/m³,VOC,N/A
40203,FOREST HILLS,"1,2,4-Trichlorobenzene",1997-08-08T00:00,0.000,µg/m³,VOC,N/A
40203,FOREST HILLS,"1,2,4-Trichlorobenzene",1997-08-14T00:00,0.000,µg/m³,VOC,N/A
40203,FOREST HILLS,"1,2,4-Trichlorobenzene",1997-08-20T00:00,0.000,µg/m³,VOC,N/A
40203,FOREST HILLS,"1,2,4-Trichlorobenzene",1997-09-01T00:00,0.000,µg/m³,VOC,N/A
40203,FOREST HILLS,"1,2,4-Trichlorobenzene",1997-09-13T00:00,0.000,µg/m³,VOC,N/A
40203,FOREST HILLS,"1,2,4-Trichlorobenzene",1997-12-18T00:00,0.000,µg/m³,VOC,N/A
40203,FOREST HILLS,"1,2,4-Trichlorobenzene",1997-12-24T00:00,0.000,µg/m³,VOC,N/A
