﻿NAPS_Site_ID,Station_Name,Pollutant,Date,Value,Units,Report_Type,Method
100111,ROCKY POINT PARK,n-Propylbenzene,2016-12-31T19:00,0.026,µg/m³,VOC,GC-MS
100111,ROCKY POINT PARK,n-Propylbenzene,2017-01-06T19:00,0.088,µg/m³,VOC,GC-MS
100111,ROCKY POINT PARK,n-Propylbenzene,2017-01-12T19:00,0.085,µg/m³,VOC,GC-MS
100111,ROCKY POINT PARK,n-Propylbenzene,2017-01-18T19:00,0.046,µg/m³,VOC,GC-MS
100111,ROCKY POINT PARK,n-Propylbenzene,2017-01-24T19:00,0.082,µg/m³,VOC,GC-MS
100111,ROCKY POINT PARK,n-Propylbenzene,2017-01-30T19:00,0.043,µg/m³,VOC,GC-MS
100111,ROCKY POINT PARK,n-Propylbenzene,2017-02-05T19:00,0.022,µg/m³,VOC,GC-MS
100111,ROCKY POINT PARK,n-Propylbenzene,2017-02-11T19:00,0.063,µg/m³,VOC,GC-MS
100111,ROCKY POINT PARK,n-Propylbenzene,2017-02-17T19:00,0.059,µg/m³,VOC,GC-MS
100111,ROCKY POINT PARK,n-Propylbenzene,2017-02-23T19:00,0.023,µg/m³,VOC,GC-MS
100111,ROCKY POINT PARK,n-Propylbenzene,2017-03-01T19:00,0.034,µg/m³,VOC,GC-MS
100111,ROCKY POINT PARK,n-Propylbenzene,2017-03-07T19:00,0.028,µg/m³,VOC,GC-MS
100111,ROCKY POINT PARK,n-Propylbenzene,2017-03-13T20:00,0.044,µg/m³,VOC,GC-MS
100111,ROCKY POINT PARK,n-Propylbenzene,2017-03-19T20:00,0.081,µg/m³,VOC,GC-MS
100111,ROCKY POINT PARK,n-Propylbenzene,2017-03-25T20:00,0.017,µg/m³,VOC,GC-MS
100111,ROCKY POINT PARK,n-Propylbenzene,2017-03-31T20:00,0.033,µg/m³,VOC,GC-MS
100111,ROCKY POINT PARK,n-Propylbenzene,2017-04-06T20:00,0.069,µg/m³,VOC,GC-MS
100111,ROCKY POINT PARK,n-Propylbenzene,2017-04-12T20:00,0.022,µg/m³,VOC,GC-MS
100111,ROCKY POINT PARK,n-Propylbenzene,2017-04-18T20:00,0.032,µg/m³,VOC,GC-MS
100111,ROCKY POINT PARK,n-Propylbenzene,2017-04-24T20:00,0.023,µg/m³,VOC,GC-MS
100111,ROCKY POINT PARK,n-Propylbenzene,2017-04-30T20:00,0.034,µg/m³,VOC,GC-MS
100111,ROCKY POINT PARK,n-Propylbenzene,2017-05-06T20:00,0.052,µg/m³,VOC,GC-MS
100111,ROCKY POINT PARK,n-Propylbenzene,2017-05-12T20:00,0.022,µg/m³,VOC,GC-MS
100111,ROCKY POINT PARK,n-Propylbenzene,2017-05-18T20:00,0.082,µg/m³,VOC,GC-MS
100111,ROCKY POINT PARK,n-Propylbenzene,2017-05-24T20:00,0.060,µg/m³,VOC,GC-MS
100111,ROCKY POINT PARK,n-Propylbenzene,2017-05-30T20:00,0.032,µg/m³,VOC,GC-MS
100111,ROCKY POINT PARK,n-Propylbenzene,2017-06-05T20:00,0.107,µg/m³,VOC,GC-MS
100111,ROCKY POINT PARK,n-Propylbenzene,2017-06-11T20:00,0.032,µg/m³,VOC,GC-MS
100111,ROCKY POINT PARK,n-Propylbenzene,2017-06-17T20:00,0.045,µg/m³,VOC,GC-MS
100111,ROCKY POINT PARK,n-Propylbenzene,2017-06-23T20:00,0.175,µg/m³,VOC,GC-MS
100111,ROCKY POINT PARK,n-Propylbenzene,2017-06-29T20:00,0.118,µg/m³,VOC,GC-MS
100111,ROCKY POINT PARK,n-Propylbenzene,2017-07-05T20:00,0.083,µg/m³,VOC,GC-MS
100111,ROCKY POINT PARK,n-Propylbenzene,2017-07-11T20:00,0.036,µg/m³,VOC,GC-MS
100111,ROCKY POINT PARK,n-Propylbenzene,2017-07-17T20:00,0.070,µg/m³,VOC,GC-MS
100111,ROCKY POINT PARK,n-Propylbenzene,2017-08-04T20:00,0.127,µg/m³,VOC,GC-MS
100111,ROCKY POINT PARK,n-Propylbenzene,2017-08-16T20:00,0.041,µg/m³,VOC,GC-MS
100111,ROCKY POINT PARK,n-Propylbenzene,2017-08-22T20:00,0.038,µg/m³,VOC,GC-MS
100111,ROCKY POINT PARK,n-Propylbenzene,2017-09-03T20:00,0.169,µg/m³,VOC,GC-MS
100111,ROCKY POINT PARK,n-Propylbenzene,2017-09-09T20:00,0.042,µg/m³,VOC,GC-MS
100111,ROCKY POINT PARK,n-Propylbenzene,2017-09-15T20:00,0.284,µg/m³,VOC,GC-MS
100111,ROCKY POINT PARK,n-Propylbenzene,2017-09-21T20:00,0.070,µg/m³,VOC,GC-MS
100111,ROCKY POINT PARK,n-Propylbenzene,2017-09-27T20:00,0.212,µg/m³,VOC,GC-MS
100111,ROCKY POINT PARK,n-Propylbenzene,2017-10-15T20:00,0.045,µg/m³,VOC,GC-MS
100111,ROCKY POINT PARK,n-Propylbenzene,2017-10-21T20:00,0.037,µg/m³,VOC,GC-MS
100111,ROCKY POINT PARK,n-Propylbenzene,2017-10-27T20:00,0.170,µg/m³,VOC,GC-MS
100111,ROCKY POINT PARK,n-Propylbenzene,2017-11-02T20:00,0.014,µg/m³,VOC,GC-MS
100111,ROCKY POINT PARK,n-Propylbenzene,2017-11-08T19:00,0.054,µg/m³,VOC,GC-MS
100111,ROCKY POINT PARK,n-Propylbenzene,2017-11-14T19:00,0.016,µg/m³,VOC,GC-MS
100111,ROCKY POINT PARK,n-Propylbenzene,2017-11-20T19:00,0.063,µg/m³,VOC,GC-MS
100111,ROCKY POINT PARK,n-Propylbenzene,2017-11-26T19:00,0.039,µg/m³,VOC,GC-MS
100111,ROCKY POINT PARK,n-Propylbenzene,2017-12-02T19:00,0.036,µg/m³,VOC,GC-MS
100111,ROCKY POINT PARK,n-Propylbenzene,2017-12-08T19:00,0.138,µg/m³,VOC,GC-MS
100111,ROCKY POINT PARK,n-Propylbenzene,2017-12-14T19:00,0.103,µg/m³,VOC,GC-MS
100111,ROCKY POINT PARK,n-Propylbenzene,2017-12-20T19:00,0.093,µg/m³,VOC,GC-MS
100111,ROCKY POINT PARK,n-Propylbenzene,2017-12-26T19:00,0.060,µg/m³,VOC,GC-MS
