﻿NAPS_Site_ID,Station_Name,Pollutant,Date,Value,Units,Report_Type,Method
50115,MONTRÉAL-MAISONNEUVE,Butane,2011-01-03T00:00,1.680,µg/m³,VOC,N/A
50115,MONTRÉAL-MAISONNEUVE,Butane,2011-01-09T00:00,1.466,µg/m³,VOC,N/A
50115,MONTRÉAL-MAISONNEUVE,Butane,2011-01-15T00:00,2.247,µg/m³,VOC,N/A
50115,MONTRÉAL-MAISONNEUVE,Butane,2011-01-21T00:00,4.047,µg/m³,VOC,N/A
50115,MONTRÉAL-MAISONNEUVE,Butane,2011-01-27T00:00,5.446,µg/m³,VOC,N/A
50115,MONTRÉAL-MAISONNEUVE,Butane,2011-02-08T00:00,3.234,µg/m³,VOC,N/A
50115,MONTRÉAL-MAISONNEUVE,Butane,2011-02-14T00:00,7.135,µg/m³,VOC,N/A
50115,MONTRÉAL-MAISONNEUVE,Butane,2011-02-20T00:00,1.471,µg/m³,VOC,N/A
50115,MONTRÉAL-MAISONNEUVE,Butane,2011-02-26T00:00,2.474,µg/m³,VOC,N/A
50115,MONTRÉAL-MAISONNEUVE,Butane,2011-03-04T00:00,3.341,µg/m³,VOC,N/A
50115,MONTRÉAL-MAISONNEUVE,Butane,2011-03-10T00:00,2.184,µg/m³,VOC,N/A
50115,MONTRÉAL-MAISONNEUVE,Butane,2011-03-16T00:00,2.669,µg/m³,VOC,N/A
50115,MONTRÉAL-MAISONNEUVE,Butane,2011-03-22T00:00,2.616,µg/m³,VOC,N/A
50115,MONTRÉAL-MAISONNEUVE,Butane,2011-03-28T00:00,1.819,µg/m³,VOC,N/A
50115,MONTRÉAL-MAISONNEUVE,Butane,2011-04-03T00:00,1.126,µg/m³,VOC,N/A
50115,MONTRÉAL-MAISONNEUVE,Butane,2011-04-09T00:00,1.853,µg/m³,VOC,N/A
50115,MONTRÉAL-MAISONNEUVE,Butane,2011-04-15T00:00,1.911,µg/m³,VOC,N/A
50115,MONTRÉAL-MAISONNEUVE,Butane,2011-04-21T00:00,1.291,µg/m³,VOC,N/A
50115,MONTRÉAL-MAISONNEUVE,Butane,2011-04-27T00:00,3.082,µg/m³,VOC,N/A
50115,MONTRÉAL-MAISONNEUVE,Butane,2011-05-03T00:00,2.654,µg/m³,VOC,N/A
50115,MONTRÉAL-MAISONNEUVE,Butane,2011-05-09T00:00,1.390,µg/m³,VOC,N/A
50115,MONTRÉAL-MAISONNEUVE,Butane,2011-05-21T00:00,2.433,µg/m³,VOC,N/A
50115,MONTRÉAL-MAISONNEUVE,Butane,2011-05-27T00:00,1.354,µg/m³,VOC,N/A
50115,MONTRÉAL-MAISONNEUVE,Butane,2011-06-02T00:00,0.730,µg/m³,VOC,N/A
50115,MONTRÉAL-MAISONNEUVE,Butane,2011-06-08T00:00,1.348,µg/m³,VOC,N/A
50115,MONTRÉAL-MAISONNEUVE,Butane,2011-06-14T00:00,0.954,µg/m³,VOC,N/A
50115,MONTRÉAL-MAISONNEUVE,Butane,2011-06-20T00:00,1.483,µg/m³,VOC,N/A
50115,MONTRÉAL-MAISONNEUVE,Butane,2011-06-26T00:00,0.725,µg/m³,VOC,N/A
50115,MONTRÉAL-MAISONNEUVE,Butane,2011-07-02T00:00,1.087,µg/m³,VOC,N/A
50115,MONTRÉAL-MAISONNEUVE,Butane,2011-07-08T00:00,2.038,µg/m³,VOC,N/A
50115,MONTRÉAL-MAISONNEUVE,Butane,2011-07-14T00:00,1.726,µg/m³,VOC,N/A
50115,MONTRÉAL-MAISONNEUVE,Butane,2011-07-20T00:00,1.331,µg/m³,VOC,N/A
50115,MONTRÉAL-MAISONNEUVE,Butane,2011-07-26T00:00,0.878,µg/m³,VOC,N/A
50115,MONTRÉAL-MAISONNEUVE,Butane,2011-08-01T00:00,0.912,µg/m³,VOC,N/A
50115,MONTRÉAL-MAISONNEUVE,Butane,2011-08-07T00:00,1.401,µg/m³,VOC,N/A
50115,MONTRÉAL-MAISONNEUVE,Butane,2011-08-13T00:00,0.832,µg/m³,VOC,N/A
50115,MONTRÉAL-MAISONNEUVE,Butane,2011-08-19T00:00,2.107,µg/m³,VOC,N/A
50115,MONTRÉAL-MAISONNEUVE,Butane,2011-08-25T00:00,1.213,µg/m³,VOC,N/A
50115,MONTRÉAL-MAISONNEUVE,Butane,2011-08-31T00:00,1.161,µg/m³,VOC,N/A
50115,MONTRÉAL-MAISONNEUVE,Butane,2011-09-12T00:00,1.291,µg/m³,VOC,N/A
50115,MONTRÉAL-MAISONNEUVE,Butane,2011-09-18T00:00,2.035,µg/m³,VOC,N/A
50115,MONTRÉAL-MAISONNEUVE,Butane,2011-09-24T00:00,2.437,µg/m³,VOC,N/A
50115,MONTRÉAL-MAISONNEUVE,Butane,2011-09-30T00:00,1.891,µg/m³,VOC,N/A
50115,MONTRÉAL-MAISONNEUVE,Butane,2011-10-06T00:00,1.684,µg/m³,VOC,N/A
50115,MONTRÉAL-MAISONNEUVE,Butane,2011-10-12T00:00,3.148,µg/m³,VOC,N/A
50115,MONTRÉAL-MAISONNEUVE,Butane,2011-10-18T00:00,1.918,µg/m³,VOC,N/A
50115,MONTRÉAL-MAISONNEUVE,Butane,2011-10-24T00:00,2.206,µg/m³,VOC,N/A
50115,MONTRÉAL-MAISONNEUVE,Butane,2011-10-30T00:00,1.672,µg/m³,VOC,N/A
50115,MONTRÉAL-MAISONNEUVE,Butane,2011-11-05T00:00,2.767,µg/m³,VOC,N/A
50115,MONTRÉAL-MAISONNEUVE,Butane,2011-11-11T00:00,2.257,µg/m³,VOC,N/A
50115,MONTRÉAL-MAISONNEUVE,Butane,2011-11-17T00:00,3.102,µg/m³,VOC,N/A
50115,MONTRÉAL-MAISONNEUVE,Butane,2011-11-23T00:00,3.999,µg/m³,VOC,N/A
50115,MONTRÉAL-MAISONNEUVE,Butane,2011-11-29T00:00,5.104,µg/m³,VOC,N/A
50115,MONTRÉAL-MAISONNEUVE,Butane,2011-12-05T00:00,3.859,µg/m³,VOC,N/A
50115,MONTRÉAL-MAISONNEUVE,Butane,2011-12-11T00:00,2.214,µg/m³,VOC,N/A
50115,MONTRÉAL-MAISONNEUVE,Butane,2011-12-17T00:00,2.836,µg/m³,VOC,N/A
50115,MONTRÉAL-MAISONNEUVE,Butane,2011-12-23T00:00,4.723,µg/m³,VOC,N/A
50115,MONTRÉAL-MAISONNEUVE,Butane,2011-12-29T00:00,1.718,µg/m³,VOC,N/A
