﻿NAPS_Site_ID,Station_Name,Pollutant,Date,Value,Units,Report_Type,Method
54401,SAINT-ANICET,Lead,2017-01-01T00:00,0.000,µg/m³,PM2.5,ED-XRF
54401,SAINT-ANICET,Lead,2017-01-07T00:00,0.003,µg/m³,PM2.5,ED-XRF
54401,SAINT-ANICET,Lead,2017-01-13T00:00,0.001,µg/m³,PM2.5,ED-XRF
54401,SAINT-ANICET,Lead,2017-01-19T00:00,0.001,µg/m³,PM2.5,ED-XRF
54401,SAINT-ANICET,Lead,2017-01-25T00:00,0.003,µg/m³,PM2.5,ED-XRF
54401,SAINT-ANICET,Lead,2017-01-31T00:00,0.002,µg/m³,PM2.5,ED-XRF
54401,SAINT-ANICET,Lead,2017-02-07T00:00,0.006,µg/m³,PM2.5,ED-XRF
54401,SAINT-ANICET,Lead,2017-02-13T00:00,0.001,µg/m³,PM2.5,ED-XRF
54401,SAINT-ANICET,Lead,2017-02-19T00:00,0.001,µg/m³,PM2.5,ED-XRF
54401,SAINT-ANICET,Lead,2017-02-25T00:00,0.003,µg/m³,PM2.5,ED-XRF
54401,SAINT-ANICET,Lead,2017-03-03T00:00,0.001,µg/m³,PM2.5,ED-XRF
54401,SAINT-ANICET,Lead,2017-03-08T00:00,0.003,µg/m³,PM2.5,ED-XRF
54401,SAINT-ANICET,Lead,2017-03-14T00:00,0.000,µg/m³,PM2.5,ED-XRF
54401,SAINT-ANICET,Lead,2017-03-20T00:00,0.003,µg/m³,PM2.5,ED-XRF
54401,SAINT-ANICET,Lead,2017-03-26T00:00,0.004,µg/m³,PM2.5,ED-XRF
54401,SAINT-ANICET,Lead,2017-04-01T00:00,0.001,µg/m³,PM2.5,ED-XRF
54401,SAINT-ANICET,Lead,2017-04-07T00:00,0.001,µg/m³,PM2.5,ED-XRF
54401,SAINT-ANICET,Lead,2017-04-13T00:00,0.001,µg/m³,PM2.5,ED-XRF
54401,SAINT-ANICET,Lead,2017-04-19T00:00,0.004,µg/m³,PM2.5,ED-XRF
54401,SAINT-ANICET,Lead,2017-04-25T00:00,0.002,µg/m³,PM2.5,ED-XRF
54401,SAINT-ANICET,Lead,2017-05-13T00:00,0.000,µg/m³,PM2.5,ED-XRF
54401,SAINT-ANICET,Lead,2017-05-19T00:00,0.002,µg/m³,PM2.5,ED-XRF
54401,SAINT-ANICET,Lead,2017-05-25T00:00,0.001,µg/m³,PM2.5,ED-XRF
54401,SAINT-ANICET,Lead,2017-06-06T00:00,0.003,µg/m³,PM2.5,ED-XRF
54401,SAINT-ANICET,Lead,2017-06-12T00:00,0.000,µg/m³,PM2.5,ED-XRF
54401,SAINT-ANICET,Lead,2017-06-18T00:00,0.002,µg/m³,PM2.5,ED-XRF
54401,SAINT-ANICET,Lead,2017-06-30T00:00,0.001,µg/m³,PM2.5,ED-XRF
54401,SAINT-ANICET,Lead,2017-07-06T00:00,0.002,µg/m³,PM2.5,ED-XRF
54401,SAINT-ANICET,Lead,2017-07-12T00:00,0.002,µg/m³,PM2.5,ED-XRF
54401,SAINT-ANICET,Lead,2017-07-18T00:00,0.000,µg/m³,PM2.5,ED-XRF
54401,SAINT-ANICET,Lead,2017-07-24T00:00,0.000,µg/m³,PM2.5,ED-XRF
54401,SAINT-ANICET,Lead,2017-08-05T00:00,0.000,µg/m³,PM2.5,ED-XRF
54401,SAINT-ANICET,Lead,2017-01-01T00:00,0.000,µg/m³,PM2.5,ICPMS
54401,SAINT-ANICET,Lead,2017-01-01T00:00,0.001,µg/m³,PM2.5,ICPMS
54401,SAINT-ANICET,Lead,2017-01-07T00:00,0.001,µg/m³,PM2.5,ICPMS
54401,SAINT-ANICET,Lead,2017-01-07T00:00,0.002,µg/m³,PM2.5,ICPMS
54401,SAINT-ANICET,Lead,2017-01-13T00:00,0.000,µg/m³,PM2.5,ICPMS
54401,SAINT-ANICET,Lead,2017-01-13T00:00,0.000,µg/m³,PM2.5,ICPMS
54401,SAINT-ANICET,Lead,2017-01-19T00:00,0.000,µg/m³,PM2.5,ICPMS
54401,SAINT-ANICET,Lead,2017-01-19T00:00,0.001,µg/m³,PM2.5,ICPMS
54401,SAINT-ANICET,Lead,2017-01-25T00:00,0.000,µg/m³,PM2.5,ICPMS
54401,SAINT-ANICET,Lead,2017-01-25T00:00,0.001,µg/m³,PM2.5,ICPMS
54401,SAINT-ANICET,Lead,2017-01-31T00:00,0.000,µg/m³,PM2.5,ICPMS
54401,SAINT-ANICET,Lead,2017-01-31T00:00,0.003,µg/m³,PM2.5,ICPMS
54401,SAINT-ANICET,Lead,2017-02-06T00:00,0.002,µg/m³,PM2.5,ICPMS
54401,SAINT-ANICET,Lead,2017-02-07T00:00,0.006,µg/m³,PM2.5,ICPMS
54401,SAINT-ANICET,Lead,2017-02-13T00:00,0.001,µg/m³,PM2.5,ICPMS
54401,SAINT-ANICET,Lead,2017-02-13T00:00,0.001,µg/m³,PM2.5,ICPMS
54401,SAINT-ANICET,Lead,2017-02-19T00:00,0.001,µg/m³,PM2.5,ICPMS
54401,SAINT-ANICET,Lead,2017-02-19T00:00,0.001,µg/m³,PM2.5,ICPMS
54401,SAINT-ANICET,Lead,2017-02-25T00:00,0.001,µg/m³,PM2.5,ICPMS
54401,SAINT-ANICET,Lead,2017-02-25T00:00,0.003,µg/m³,PM2.5,ICPMS
54401,SAINT-ANICET,Lead,2017-03-03T00:00,0.001,µg/m³,PM2.5,ICPMS
54401,SAINT-ANICET,Lead,2017-03-03T00:00,0.001,µg/m³,PM2.5,ICPMS
54401,SAINT-ANICET,Lead,2017-03-08T00:00,0.000,µg/m³,PM2.5,ICPMS
54401,SAINT-ANICET,Lead,2017-03-09T00:00,0.000,µg/m³,PM2.5,ICPMS
54401,SAINT-ANICET,Lead,2017-03-14T00:00,0.000,µg/m³,PM2.5,ICPMS
54401,SAINT-ANICET,Lead,2017-03-15T00:00,0.000,µg/m³,PM2.5,ICPMS
54401,SAINT-ANICET,Lead,2017-03-20T00:00,0.002,µg/m³,PM2.5,ICPMS
54401,SAINT-ANICET,Lead,2017-03-21T00:00,0.001,µg/m³,PM2.5,ICPMS
54401,SAINT-ANICET,Lead,2017-03-26T00:00,0.003,µg/m³,PM2.5,ICPMS
54401,SAINT-ANICET,Lead,2017-03-27T00:00,0.002,µg/m³,PM2.5,ICPMS
54401,SAINT-ANICET,Lead,2017-04-01T00:00,0.001,µg/m³,PM2.5,ICPMS
54401,SAINT-ANICET,Lead,2017-04-02T00:00,0.001,µg/m³,PM2.5,ICPMS
54401,SAINT-ANICET,Lead,2017-04-07T00:00,0.000,µg/m³,PM2.5,ICPMS
54401,SAINT-ANICET,Lead,2017-04-07T00:00,0.000,µg/m³,PM2.5,ICPMS
54401,SAINT-ANICET,Lead,2017-04-13T00:00,0.001,µg/m³,PM2.5,ICPMS
54401,SAINT-ANICET,Lead,2017-04-13T00:00,0.001,µg/m³,PM2.5,ICPMS
54401,SAINT-ANICET,Lead,2017-04-19T00:00,0.001,µg/m³,PM2.5,ICPMS
54401,SAINT-ANICET,Lead,2017-04-19T00:00,0.001,µg/m³,PM2.5,ICPMS
54401,SAINT-ANICET,Lead,2017-04-25T00:00,0.000,µg/m³,PM2.5,ICPMS
54401,SAINT-ANICET,Lead,2017-04-25T00:00,0.002,µg/m³,PM2.5,ICPMS
54401,SAINT-ANICET,Lead,2017-05-01T00:00,0.001,µg/m³,PM2.5,ICPMS
54401,SAINT-ANICET,Lead,2017-05-07T00:00,0.000,µg/m³,PM2.5,ICPMS
54401,SAINT-ANICET,Lead,2017-05-13T00:00,0.002,µg/m³,PM2.5,ICPMS
54401,SAINT-ANICET,Lead,2017-05-13T00:00,0.002,µg/m³,PM2.5,ICPMS
54401,SAINT-ANICET,Lead,2017-05-19T00:00,0.000,µg/m³,PM2.5,ICPMS
54401,SAINT-ANICET,Lead,2017-05-19T00:00,0.003,µg/m³,PM2.5,ICPMS
54401,SAINT-ANICET,Lead,2017-05-25T00:00,0.000,µg/m³,PM2.5,ICPMS
54401,SAINT-ANICET,Lead,2017-05-25T00:00,0.002,µg/m³,PM2.5,ICPMS
54401,SAINT-ANICET,Lead,2017-05-31T00:00,0.000,µg/m³,PM2.5,ICPMS
54401,SAINT-ANICET,Lead,2017-06-06T00:00,0.000,µg/m³,PM2.5,ICPMS
54401,SAINT-ANICET,Lead,2017-06-06T00:00,0.001,µg/m³,PM2.5,ICPMS
54401,SAINT-ANICET,Lead,2017-06-12T00:00,0.001,µg/m³,PM2.5,ICPMS
54401,SAINT-ANICET,Lead,2017-06-12T00:00,0.002,µg/m³,PM2.5,ICPMS
54401,SAINT-ANICET,Lead,2017-06-18T00:00,0.001,µg/m³,PM2.5,ICPMS
54401,SAINT-ANICET,Lead,2017-06-18T00:00,0.001,µg/m³,PM2.5,ICPMS
54401,SAINT-ANICET,Lead,2017-06-30T00:00,0.001,µg/m³,PM2.5,ICPMS
54401,SAINT-ANICET,Lead,2017-06-30T00:00,0.001,µg/m³,PM2.5,ICPMS
54401,SAINT-ANICET,Lead,2017-07-06T00:00,0.001,µg/m³,PM2.5,ICPMS
54401,SAINT-ANICET,Lead,2017-07-06T00:00,0.002,µg/m³,PM2.5,ICPMS
54401,SAINT-ANICET,Lead,2017-07-12T00:00,0.001,µg/m³,PM2.5,ICPMS
54401,SAINT-ANICET,Lead,2017-07-12T00:00,0.001,µg/m³,PM2.5,ICPMS
54401,SAINT-ANICET,Lead,2017-07-18T00:00,0.001,µg/m³,PM2.5,ICPMS
54401,SAINT-ANICET,Lead,2017-07-18T00:00,0.001,µg/m³,PM2.5,ICPMS
54401,SAINT-ANICET,Lead,2017-07-24T00:00,0.000,µg/m³,PM2.5,ICPMS
54401,SAINT-ANICET,Lead,2017-07-24T00:00,0.000,µg/m³,PM2.5,ICPMS
54401,SAINT-ANICET,Lead,2017-08-05T00:00,0.000,µg/m³,PM2.5,ICPMS
54401,SAINT-ANICET,Lead,2017-08-05T00:00,0.000,µg/m³,PM2.5,ICPMS
54401,SAINT-ANICET,Lead,2017-08-11T00:00,0.001,µg/m³,PM2.5,ICPMS
54401,SAINT-ANICET,Lead,2017-08-17T00:00,0.001,µg/m³,PM2.5,ICPMS
54401,SAINT-ANICET,Lead,2017-08-23T00:00,0.000,µg/m³,PM2.5,ICPMS
54401,SAINT-ANICET,Lead,2017-01-01T00:00,0.000,µg/m³,PM2.5-10,ED-XRF
54401,SAINT-ANICET,Lead,2017-01-07T00:00,0.000,µg/m³,PM2.5-10,ED-XRF
54401,SAINT-ANICET,Lead,2017-01-13T00:00,0.000,µg/m³,PM2.5-10,ED-XRF
54401,SAINT-ANICET,Lead,2017-01-19T00:00,0.000,µg/m³,PM2.5-10,ED-XRF
54401,SAINT-ANICET,Lead,2017-01-25T00:00,0.000,µg/m³,PM2.5-10,ED-XRF
54401,SAINT-ANICET,Lead,2017-01-31T00:00,0.000,µg/m³,PM2.5-10,ED-XRF
54401,SAINT-ANICET,Lead,2017-02-07T00:00,0.000,µg/m³,PM2.5-10,ED-XRF
54401,SAINT-ANICET,Lead,2017-02-13T00:00,0.000,µg/m³,PM2.5-10,ED-XRF
54401,SAINT-ANICET,Lead,2017-02-19T00:00,0.000,µg/m³,PM2.5-10,ED-XRF
54401,SAINT-ANICET,Lead,2017-02-25T00:00,0.000,µg/m³,PM2.5-10,ED-XRF
54401,SAINT-ANICET,Lead,2017-03-03T00:00,0.000,µg/m³,PM2.5-10,ED-XRF
54401,SAINT-ANICET,Lead,2017-03-08T00:00,0.000,µg/m³,PM2.5-10,ED-XRF
54401,SAINT-ANICET,Lead,2017-03-14T00:00,0.000,µg/m³,PM2.5-10,ED-XRF
54401,SAINT-ANICET,Lead,2017-03-20T00:00,0.000,µg/m³,PM2.5-10,ED-XRF
54401,SAINT-ANICET,Lead,2017-03-26T00:00,0.000,µg/m³,PM2.5-10,ED-XRF
54401,SAINT-ANICET,Lead,2017-04-01T00:00,0.000,µg/m³,PM2.5-10,ED-XRF
54401,SAINT-ANICET,Lead,2017-04-07T00:00,0.000,µg/m³,PM2.5-10,ED-XRF
54401,SAINT-ANICET,Lead,2017-04-13T00:00,0.000,µg/m³,PM2.5-10,ED-XRF
54401,SAINT-ANICET,Lead,2017-04-19T00:00,0.000,µg/m³,PM2.5-10,ED-XRF
54401,SAINT-ANICET,Lead,2017-04-25T00:00,0.000,µg/m³,PM2.5-10,ED-XRF
54401,SAINT-ANICET,Lead,2017-05-13T00:00,0.000,µg/m³,PM2.5-10,ED-XRF
54401,SAINT-ANICET,Lead,2017-05-19T00:00,0.000,µg/m³,PM2.5-10,ED-XRF
54401,SAINT-ANICET,Lead,2017-05-25T00:00,0.000,µg/m³,PM2.5-10,ED-XRF
54401,SAINT-ANICET,Lead,2017-06-06T00:00,0.000,µg/m³,PM2.5-10,ED-XRF
54401,SAINT-ANICET,Lead,2017-06-12T00:00,0.000,µg/m³,PM2.5-10,ED-XRF
54401,SAINT-ANICET,Lead,2017-06-18T00:00,0.000,µg/m³,PM2.5-10,ED-XRF
54401,SAINT-ANICET,Lead,2017-06-30T00:00,0.000,µg/m³,PM2.5-10,ED-XRF
54401,SAINT-ANICET,Lead,2017-07-06T00:00,0.000,µg/m³,PM2.5-10,ED-XRF
54401,SAINT-ANICET,Lead,2017-07-12T00:00,0.000,µg/m³,PM2.5-10,ED-XRF
54401,SAINT-ANICET,Lead,2017-07-18T00:00,0.000,µg/m³,PM2.5-10,ED-XRF
54401,SAINT-ANICET,Lead,2017-07-24T00:00,0.000,µg/m³,PM2.5-10,ED-XRF
54401,SAINT-ANICET,Lead,2017-08-05T00:00,0.000,µg/m³,PM2.5-10,ED-XRF
