﻿NAPS_Site_ID,Station_Name,Pollutant,Date,Value,Units,Report_Type,Method
50902,SAGUENAY-PARC POWELL,1234789-H7CDF,1997-01-04T00:00,0.046,pg/m³,PCDD,
50902,SAGUENAY-PARC POWELL,1234789-H7CDF,1997-01-28T00:00,0.010,pg/m³,PCDD,
50902,SAGUENAY-PARC POWELL,1234789-H7CDF,1997-02-21T00:00,0.000,pg/m³,PCDD,
50902,SAGUENAY-PARC POWELL,1234789-H7CDF,1997-05-04T00:00,0.000,pg/m³,PCDD,
50902,SAGUENAY-PARC POWELL,1234789-H7CDF,1997-06-09T00:00,0.011,pg/m³,PCDD,
50902,SAGUENAY-PARC POWELL,1234789-H7CDF,1997-07-15T00:00,0.000,pg/m³,PCDD,
50902,SAGUENAY-PARC POWELL,1234789-H7CDF,1997-09-01T00:00,0.010,pg/m³,PCDD,
50902,SAGUENAY-PARC POWELL,1234789-H7CDF,1997-09-25T00:00,0.019,pg/m³,PCDD,
50902,SAGUENAY-PARC POWELL,1234789-H7CDF,1997-10-19T00:00,0.013,pg/m³,PCDD,
50902,SAGUENAY-PARC POWELL,1234789-H7CDF,1997-11-12T00:00,0.015,pg/m³,PCDD,
50902,SAGUENAY-PARC POWELL,1234789-H7CDF,1997-12-06T00:00,0.000,pg/m³,PCDD,
50902,SAGUENAY-PARC POWELL,1234789-H7CDF,1997-12-30T00:00,0.012,pg/m³,PCDD,
