﻿NAPS_Site_ID,Station_Name,Pollutant,Date,Value,Units,Report_Type,Method
60512,BEASLEY PARK _HAMILTON_DOWNTOWN_,Nickel,2021-01-01T00:00,0.000,µg/m³,PM2.5,ED-XRF
60512,BEASLEY PARK _HAMILTON_DOWNTOWN_,Nickel,2021-01-04T00:00,0.000,µg/m³,PM2.5,ED-XRF
60512,BEASLEY PARK _HAMILTON_DOWNTOWN_,Nickel,2021-01-07T00:00,0.000,µg/m³,PM2.5,ED-XRF
60512,BEASLEY PARK _HAMILTON_DOWNTOWN_,Nickel,2021-01-10T00:00,0.000,µg/m³,PM2.5,ED-XRF
60512,BEASLEY PARK _HAMILTON_DOWNTOWN_,Nickel,2021-01-19T00:00,0.000,µg/m³,PM2.5,ED-XRF
60512,BEASLEY PARK _HAMILTON_DOWNTOWN_,Nickel,2021-01-22T00:00,0.001,µg/m³,PM2.5,ED-XRF
60512,BEASLEY PARK _HAMILTON_DOWNTOWN_,Nickel,2021-01-28T00:00,0.000,µg/m³,PM2.5,ED-XRF
60512,BEASLEY PARK _HAMILTON_DOWNTOWN_,Nickel,2021-01-31T00:00,0.001,µg/m³,PM2.5,ED-XRF
60512,BEASLEY PARK _HAMILTON_DOWNTOWN_,Nickel,2021-02-03T00:00,0.000,µg/m³,PM2.5,ED-XRF
60512,BEASLEY PARK _HAMILTON_DOWNTOWN_,Nickel,2021-02-06T00:00,0.000,µg/m³,PM2.5,ED-XRF
60512,BEASLEY PARK _HAMILTON_DOWNTOWN_,Nickel,2021-02-09T00:00,0.000,µg/m³,PM2.5,ED-XRF
60512,BEASLEY PARK _HAMILTON_DOWNTOWN_,Nickel,2021-02-12T00:00,0.000,µg/m³,PM2.5,ED-XRF
60512,BEASLEY PARK _HAMILTON_DOWNTOWN_,Nickel,2021-02-15T00:00,0.001,µg/m³,PM2.5,ED-XRF
60512,BEASLEY PARK _HAMILTON_DOWNTOWN_,Nickel,2021-03-11T00:00,0.000,µg/m³,PM2.5,ED-XRF
60512,BEASLEY PARK _HAMILTON_DOWNTOWN_,Nickel,2021-03-14T00:00,0.001,µg/m³,PM2.5,ED-XRF
60512,BEASLEY PARK _HAMILTON_DOWNTOWN_,Nickel,2021-05-01T00:00,0.000,µg/m³,PM2.5,ED-XRF
60512,BEASLEY PARK _HAMILTON_DOWNTOWN_,Nickel,2021-05-04T00:00,0.001,µg/m³,PM2.5,ED-XRF
60512,BEASLEY PARK _HAMILTON_DOWNTOWN_,Nickel,2021-05-07T00:00,0.001,µg/m³,PM2.5,ED-XRF
60512,BEASLEY PARK _HAMILTON_DOWNTOWN_,Nickel,2021-05-10T00:00,0.000,µg/m³,PM2.5,ED-XRF
60512,BEASLEY PARK _HAMILTON_DOWNTOWN_,Nickel,2021-05-13T00:00,0.000,µg/m³,PM2.5,ED-XRF
60512,BEASLEY PARK _HAMILTON_DOWNTOWN_,Nickel,2021-05-16T00:00,0.001,µg/m³,PM2.5,ED-XRF
60512,BEASLEY PARK _HAMILTON_DOWNTOWN_,Nickel,2021-05-19T00:00,0.001,µg/m³,PM2.5,ED-XRF
60512,BEASLEY PARK _HAMILTON_DOWNTOWN_,Nickel,2021-05-22T00:00,0.001,µg/m³,PM2.5,ED-XRF
60512,BEASLEY PARK _HAMILTON_DOWNTOWN_,Nickel,2021-05-28T00:00,0.000,µg/m³,PM2.5,ED-XRF
60512,BEASLEY PARK _HAMILTON_DOWNTOWN_,Nickel,2021-05-31T00:00,0.001,µg/m³,PM2.5,ED-XRF
60512,BEASLEY PARK _HAMILTON_DOWNTOWN_,Nickel,2021-06-12T00:00,0.000,µg/m³,PM2.5,ED-XRF
60512,BEASLEY PARK _HAMILTON_DOWNTOWN_,Nickel,2021-06-15T00:00,0.000,µg/m³,PM2.5,ED-XRF
60512,BEASLEY PARK _HAMILTON_DOWNTOWN_,Nickel,2021-06-18T00:00,0.000,µg/m³,PM2.5,ED-XRF
60512,BEASLEY PARK _HAMILTON_DOWNTOWN_,Nickel,2021-06-21T00:00,0.000,µg/m³,PM2.5,ED-XRF
60512,BEASLEY PARK _HAMILTON_DOWNTOWN_,Nickel,2021-06-24T00:00,0.000,µg/m³,PM2.5,ED-XRF
60512,BEASLEY PARK _HAMILTON_DOWNTOWN_,Nickel,2021-06-27T00:00,0.001,µg/m³,PM2.5,ED-XRF
60512,BEASLEY PARK _HAMILTON_DOWNTOWN_,Nickel,2021-06-30T00:00,0.000,µg/m³,PM2.5,ED-XRF
60512,BEASLEY PARK _HAMILTON_DOWNTOWN_,Nickel,2021-07-03T00:00,0.000,µg/m³,PM2.5,ED-XRF
60512,BEASLEY PARK _HAMILTON_DOWNTOWN_,Nickel,2021-07-06T00:00,0.005,µg/m³,PM2.5,ED-XRF
60512,BEASLEY PARK _HAMILTON_DOWNTOWN_,Nickel,2021-07-09T00:00,0.001,µg/m³,PM2.5,ED-XRF
60512,BEASLEY PARK _HAMILTON_DOWNTOWN_,Nickel,2021-07-15T00:00,0.000,µg/m³,PM2.5,ED-XRF
60512,BEASLEY PARK _HAMILTON_DOWNTOWN_,Nickel,2021-07-18T00:00,0.000,µg/m³,PM2.5,ED-XRF
60512,BEASLEY PARK _HAMILTON_DOWNTOWN_,Nickel,2021-07-21T00:00,0.000,µg/m³,PM2.5,ED-XRF
60512,BEASLEY PARK _HAMILTON_DOWNTOWN_,Nickel,2021-07-27T00:00,0.000,µg/m³,PM2.5,ED-XRF
60512,BEASLEY PARK _HAMILTON_DOWNTOWN_,Nickel,2021-08-02T00:00,0.000,µg/m³,PM2.5,ED-XRF
60512,BEASLEY PARK _HAMILTON_DOWNTOWN_,Nickel,2021-08-05T00:00,0.001,µg/m³,PM2.5,ED-XRF
60512,BEASLEY PARK _HAMILTON_DOWNTOWN_,Nickel,2021-08-08T00:00,0.000,µg/m³,PM2.5,ED-XRF
60512,BEASLEY PARK _HAMILTON_DOWNTOWN_,Nickel,2021-08-11T00:00,0.000,µg/m³,PM2.5,ED-XRF
60512,BEASLEY PARK _HAMILTON_DOWNTOWN_,Nickel,2021-08-14T00:00,0.000,µg/m³,PM2.5,ED-XRF
60512,BEASLEY PARK _HAMILTON_DOWNTOWN_,Nickel,2021-08-20T00:00,0.000,µg/m³,PM2.5,ED-XRF
60512,BEASLEY PARK _HAMILTON_DOWNTOWN_,Nickel,2021-08-26T00:00,0.000,µg/m³,PM2.5,ED-XRF
60512,BEASLEY PARK _HAMILTON_DOWNTOWN_,Nickel,2021-08-29T00:00,0.000,µg/m³,PM2.5,ED-XRF
60512,BEASLEY PARK _HAMILTON_DOWNTOWN_,Nickel,2021-09-01T00:00,0.000,µg/m³,PM2.5,ED-XRF
60512,BEASLEY PARK _HAMILTON_DOWNTOWN_,Nickel,2021-09-04T00:00,0.000,µg/m³,PM2.5,ED-XRF
60512,BEASLEY PARK _HAMILTON_DOWNTOWN_,Nickel,2021-09-07T00:00,0.000,µg/m³,PM2.5,ED-XRF
60512,BEASLEY PARK _HAMILTON_DOWNTOWN_,Nickel,2021-09-13T00:00,0.000,µg/m³,PM2.5,ED-XRF
60512,BEASLEY PARK _HAMILTON_DOWNTOWN_,Nickel,2021-09-16T00:00,0.000,µg/m³,PM2.5,ED-XRF
60512,BEASLEY PARK _HAMILTON_DOWNTOWN_,Nickel,2021-09-19T00:00,0.000,µg/m³,PM2.5,ED-XRF
60512,BEASLEY PARK _HAMILTON_DOWNTOWN_,Nickel,2021-09-25T00:00,0.000,µg/m³,PM2.5,ED-XRF
60512,BEASLEY PARK _HAMILTON_DOWNTOWN_,Nickel,2021-09-28T00:00,0.001,µg/m³,PM2.5,ED-XRF
60512,BEASLEY PARK _HAMILTON_DOWNTOWN_,Nickel,2021-10-01T00:00,0.000,µg/m³,PM2.5,ED-XRF
60512,BEASLEY PARK _HAMILTON_DOWNTOWN_,Nickel,2021-10-04T00:00,0.000,µg/m³,PM2.5,ED-XRF
60512,BEASLEY PARK _HAMILTON_DOWNTOWN_,Nickel,2021-10-07T00:00,0.000,µg/m³,PM2.5,ED-XRF
60512,BEASLEY PARK _HAMILTON_DOWNTOWN_,Nickel,2021-10-10T00:00,0.001,µg/m³,PM2.5,ED-XRF
60512,BEASLEY PARK _HAMILTON_DOWNTOWN_,Nickel,2021-10-13T00:00,0.000,µg/m³,PM2.5,ED-XRF
60512,BEASLEY PARK _HAMILTON_DOWNTOWN_,Nickel,2021-10-16T00:00,0.000,µg/m³,PM2.5,ED-XRF
60512,BEASLEY PARK _HAMILTON_DOWNTOWN_,Nickel,2021-10-19T00:00,0.000,µg/m³,PM2.5,ED-XRF
60512,BEASLEY PARK _HAMILTON_DOWNTOWN_,Nickel,2021-10-22T00:00,0.000,µg/m³,PM2.5,ED-XRF
60512,BEASLEY PARK _HAMILTON_DOWNTOWN_,Nickel,2021-10-25T00:00,0.000,µg/m³,PM2.5,ED-XRF
60512,BEASLEY PARK _HAMILTON_DOWNTOWN_,Nickel,2021-10-28T00:00,0.001,µg/m³,PM2.5,ED-XRF
60512,BEASLEY PARK _HAMILTON_DOWNTOWN_,Nickel,2021-10-31T00:00,0.000,µg/m³,PM2.5,ED-XRF
60512,BEASLEY PARK _HAMILTON_DOWNTOWN_,Nickel,2021-11-06T00:00,0.000,µg/m³,PM2.5,ED-XRF
60512,BEASLEY PARK _HAMILTON_DOWNTOWN_,Nickel,2021-11-09T00:00,0.001,µg/m³,PM2.5,ED-XRF
60512,BEASLEY PARK _HAMILTON_DOWNTOWN_,Nickel,2021-11-12T00:00,0.001,µg/m³,PM2.5,ED-XRF
60512,BEASLEY PARK _HAMILTON_DOWNTOWN_,Nickel,2021-11-15T00:00,0.001,µg/m³,PM2.5,ED-XRF
60512,BEASLEY PARK _HAMILTON_DOWNTOWN_,Nickel,2021-11-21T00:00,0.001,µg/m³,PM2.5,ED-XRF
60512,BEASLEY PARK _HAMILTON_DOWNTOWN_,Nickel,2021-11-24T00:00,0.001,µg/m³,PM2.5,ED-XRF
60512,BEASLEY PARK _HAMILTON_DOWNTOWN_,Nickel,2021-11-27T00:00,0.001,µg/m³,PM2.5,ED-XRF
60512,BEASLEY PARK _HAMILTON_DOWNTOWN_,Nickel,2021-12-03T00:00,0.000,µg/m³,PM2.5,ED-XRF
60512,BEASLEY PARK _HAMILTON_DOWNTOWN_,Nickel,2021-12-06T00:00,0.000,µg/m³,PM2.5,ED-XRF
60512,BEASLEY PARK _HAMILTON_DOWNTOWN_,Nickel,2021-12-12T00:00,0.000,µg/m³,PM2.5,ED-XRF
60512,BEASLEY PARK _HAMILTON_DOWNTOWN_,Nickel,2021-12-15T00:00,0.001,µg/m³,PM2.5,ED-XRF
60512,BEASLEY PARK _HAMILTON_DOWNTOWN_,Nickel,2021-12-18T00:00,0.001,µg/m³,PM2.5,ED-XRF
60512,BEASLEY PARK _HAMILTON_DOWNTOWN_,Nickel,2021-12-21T00:00,0.005,µg/m³,PM2.5,ED-XRF
60512,BEASLEY PARK _HAMILTON_DOWNTOWN_,Nickel,2021-12-24T00:00,0.000,µg/m³,PM2.5,ED-XRF
60512,BEASLEY PARK _HAMILTON_DOWNTOWN_,Nickel,2021-01-01T00:00,0.000,µg/m³,PM2.5,ICPMS
60512,BEASLEY PARK _HAMILTON_DOWNTOWN_,Nickel,2021-01-04T00:00,0.000,µg/m³,PM2.5,ICPMS
60512,BEASLEY PARK _HAMILTON_DOWNTOWN_,Nickel,2021-01-07T00:00,0.000,µg/m³,PM2.5,ICPMS
60512,BEASLEY PARK _HAMILTON_DOWNTOWN_,Nickel,2021-01-10T00:00,0.000,µg/m³,PM2.5,ICPMS
60512,BEASLEY PARK _HAMILTON_DOWNTOWN_,Nickel,2021-01-19T00:00,0.000,µg/m³,PM2.5,ICPMS
60512,BEASLEY PARK _HAMILTON_DOWNTOWN_,Nickel,2021-01-22T00:00,0.000,µg/m³,PM2.5,ICPMS
60512,BEASLEY PARK _HAMILTON_DOWNTOWN_,Nickel,2021-01-28T00:00,0.000,µg/m³,PM2.5,ICPMS
60512,BEASLEY PARK _HAMILTON_DOWNTOWN_,Nickel,2021-01-31T00:00,0.000,µg/m³,PM2.5,ICPMS
60512,BEASLEY PARK _HAMILTON_DOWNTOWN_,Nickel,2021-02-03T00:00,0.000,µg/m³,PM2.5,ICPMS
60512,BEASLEY PARK _HAMILTON_DOWNTOWN_,Nickel,2021-02-03T00:00,0.000,µg/m³,PM2.5,ICPMS
60512,BEASLEY PARK _HAMILTON_DOWNTOWN_,Nickel,2021-02-06T00:00,0.000,µg/m³,PM2.5,ICPMS
60512,BEASLEY PARK _HAMILTON_DOWNTOWN_,Nickel,2021-02-06T00:00,0.000,µg/m³,PM2.5,ICPMS
60512,BEASLEY PARK _HAMILTON_DOWNTOWN_,Nickel,2021-02-09T00:00,0.000,µg/m³,PM2.5,ICPMS
60512,BEASLEY PARK _HAMILTON_DOWNTOWN_,Nickel,2021-02-09T00:00,0.000,µg/m³,PM2.5,ICPMS
60512,BEASLEY PARK _HAMILTON_DOWNTOWN_,Nickel,2021-02-12T00:00,0.000,µg/m³,PM2.5,ICPMS
60512,BEASLEY PARK _HAMILTON_DOWNTOWN_,Nickel,2021-02-12T00:00,0.000,µg/m³,PM2.5,ICPMS
60512,BEASLEY PARK _HAMILTON_DOWNTOWN_,Nickel,2021-02-15T00:00,0.000,µg/m³,PM2.5,ICPMS
60512,BEASLEY PARK _HAMILTON_DOWNTOWN_,Nickel,2021-02-15T00:00,0.000,µg/m³,PM2.5,ICPMS
60512,BEASLEY PARK _HAMILTON_DOWNTOWN_,Nickel,2021-03-11T00:00,0.000,µg/m³,PM2.5,ICPMS
60512,BEASLEY PARK _HAMILTON_DOWNTOWN_,Nickel,2021-03-11T00:00,0.000,µg/m³,PM2.5,ICPMS
60512,BEASLEY PARK _HAMILTON_DOWNTOWN_,Nickel,2021-03-14T00:00,0.000,µg/m³,PM2.5,ICPMS
60512,BEASLEY PARK _HAMILTON_DOWNTOWN_,Nickel,2021-03-14T00:00,0.000,µg/m³,PM2.5,ICPMS
60512,BEASLEY PARK _HAMILTON_DOWNTOWN_,Nickel,2021-05-01T00:00,0.000,µg/m³,PM2.5,ICPMS
60512,BEASLEY PARK _HAMILTON_DOWNTOWN_,Nickel,2021-05-01T00:00,0.000,µg/m³,PM2.5,ICPMS
60512,BEASLEY PARK _HAMILTON_DOWNTOWN_,Nickel,2021-05-04T00:00,0.000,µg/m³,PM2.5,ICPMS
60512,BEASLEY PARK _HAMILTON_DOWNTOWN_,Nickel,2021-05-04T00:00,0.000,µg/m³,PM2.5,ICPMS
60512,BEASLEY PARK _HAMILTON_DOWNTOWN_,Nickel,2021-05-07T00:00,0.000,µg/m³,PM2.5,ICPMS
60512,BEASLEY PARK _HAMILTON_DOWNTOWN_,Nickel,2021-05-07T00:00,0.000,µg/m³,PM2.5,ICPMS
60512,BEASLEY PARK _HAMILTON_DOWNTOWN_,Nickel,2021-05-10T00:00,0.000,µg/m³,PM2.5,ICPMS
60512,BEASLEY PARK _HAMILTON_DOWNTOWN_,Nickel,2021-05-10T00:00,0.000,µg/m³,PM2.5,ICPMS
60512,BEASLEY PARK _HAMILTON_DOWNTOWN_,Nickel,2021-05-13T00:00,0.000,µg/m³,PM2.5,ICPMS
60512,BEASLEY PARK _HAMILTON_DOWNTOWN_,Nickel,2021-05-13T00:00,0.000,µg/m³,PM2.5,ICPMS
60512,BEASLEY PARK _HAMILTON_DOWNTOWN_,Nickel,2021-05-16T00:00,0.000,µg/m³,PM2.5,ICPMS
60512,BEASLEY PARK _HAMILTON_DOWNTOWN_,Nickel,2021-05-16T00:00,0.000,µg/m³,PM2.5,ICPMS
60512,BEASLEY PARK _HAMILTON_DOWNTOWN_,Nickel,2021-05-19T00:00,0.000,µg/m³,PM2.5,ICPMS
60512,BEASLEY PARK _HAMILTON_DOWNTOWN_,Nickel,2021-05-19T00:00,0.001,µg/m³,PM2.5,ICPMS
60512,BEASLEY PARK _HAMILTON_DOWNTOWN_,Nickel,2021-05-22T00:00,0.000,µg/m³,PM2.5,ICPMS
60512,BEASLEY PARK _HAMILTON_DOWNTOWN_,Nickel,2021-05-22T00:00,0.000,µg/m³,PM2.5,ICPMS
60512,BEASLEY PARK _HAMILTON_DOWNTOWN_,Nickel,2021-05-28T00:00,0.000,µg/m³,PM2.5,ICPMS
60512,BEASLEY PARK _HAMILTON_DOWNTOWN_,Nickel,2021-05-28T00:00,0.000,µg/m³,PM2.5,ICPMS
60512,BEASLEY PARK _HAMILTON_DOWNTOWN_,Nickel,2021-05-31T00:00,0.000,µg/m³,PM2.5,ICPMS
60512,BEASLEY PARK _HAMILTON_DOWNTOWN_,Nickel,2021-05-31T00:00,0.000,µg/m³,PM2.5,ICPMS
60512,BEASLEY PARK _HAMILTON_DOWNTOWN_,Nickel,2021-06-09T00:00,0.000,µg/m³,PM2.5,ICPMS
60512,BEASLEY PARK _HAMILTON_DOWNTOWN_,Nickel,2021-06-12T00:00,0.000,µg/m³,PM2.5,ICPMS
60512,BEASLEY PARK _HAMILTON_DOWNTOWN_,Nickel,2021-06-12T00:00,0.000,µg/m³,PM2.5,ICPMS
60512,BEASLEY PARK _HAMILTON_DOWNTOWN_,Nickel,2021-06-15T00:00,0.000,µg/m³,PM2.5,ICPMS
60512,BEASLEY PARK _HAMILTON_DOWNTOWN_,Nickel,2021-06-15T00:00,0.000,µg/m³,PM2.5,ICPMS
60512,BEASLEY PARK _HAMILTON_DOWNTOWN_,Nickel,2021-06-18T00:00,0.000,µg/m³,PM2.5,ICPMS
60512,BEASLEY PARK _HAMILTON_DOWNTOWN_,Nickel,2021-06-18T00:00,0.000,µg/m³,PM2.5,ICPMS
60512,BEASLEY PARK _HAMILTON_DOWNTOWN_,Nickel,2021-06-21T00:00,0.000,µg/m³,PM2.5,ICPMS
60512,BEASLEY PARK _HAMILTON_DOWNTOWN_,Nickel,2021-06-21T00:00,0.000,µg/m³,PM2.5,ICPMS
60512,BEASLEY PARK _HAMILTON_DOWNTOWN_,Nickel,2021-06-24T00:00,0.000,µg/m³,PM2.5,ICPMS
60512,BEASLEY PARK _HAMILTON_DOWNTOWN_,Nickel,2021-06-24T00:00,0.000,µg/m³,PM2.5,ICPMS
60512,BEASLEY PARK _HAMILTON_DOWNTOWN_,Nickel,2021-06-27T00:00,0.000,µg/m³,PM2.5,ICPMS
60512,BEASLEY PARK _HAMILTON_DOWNTOWN_,Nickel,2021-06-27T00:00,0.000,µg/m³,PM2.5,ICPMS
60512,BEASLEY PARK _HAMILTON_DOWNTOWN_,Nickel,2021-06-30T00:00,0.000,µg/m³,PM2.5,ICPMS
60512,BEASLEY PARK _HAMILTON_DOWNTOWN_,Nickel,2021-07-03T00:00,0.000,µg/m³,PM2.5,ICPMS
60512,BEASLEY PARK _HAMILTON_DOWNTOWN_,Nickel,2021-07-06T00:00,0.000,µg/m³,PM2.5,ICPMS
60512,BEASLEY PARK _HAMILTON_DOWNTOWN_,Nickel,2021-07-06T00:00,0.001,µg/m³,PM2.5,ICPMS
60512,BEASLEY PARK _HAMILTON_DOWNTOWN_,Nickel,2021-07-09T00:00,0.000,µg/m³,PM2.5,ICPMS
60512,BEASLEY PARK _HAMILTON_DOWNTOWN_,Nickel,2021-07-15T00:00,0.000,µg/m³,PM2.5,ICPMS
60512,BEASLEY PARK _HAMILTON_DOWNTOWN_,Nickel,2021-07-15T00:00,0.000,µg/m³,PM2.5,ICPMS
60512,BEASLEY PARK _HAMILTON_DOWNTOWN_,Nickel,2021-07-18T00:00,0.000,µg/m³,PM2.5,ICPMS
60512,BEASLEY PARK _HAMILTON_DOWNTOWN_,Nickel,2021-07-18T00:00,0.000,µg/m³,PM2.5,ICPMS
60512,BEASLEY PARK _HAMILTON_DOWNTOWN_,Nickel,2021-07-21T00:00,0.000,µg/m³,PM2.5,ICPMS
60512,BEASLEY PARK _HAMILTON_DOWNTOWN_,Nickel,2021-07-21T00:00,0.000,µg/m³,PM2.5,ICPMS
60512,BEASLEY PARK _HAMILTON_DOWNTOWN_,Nickel,2021-07-24T00:00,0.000,µg/m³,PM2.5,ICPMS
60512,BEASLEY PARK _HAMILTON_DOWNTOWN_,Nickel,2021-07-27T00:00,0.000,µg/m³,PM2.5,ICPMS
60512,BEASLEY PARK _HAMILTON_DOWNTOWN_,Nickel,2021-07-27T00:00,0.000,µg/m³,PM2.5,ICPMS
60512,BEASLEY PARK _HAMILTON_DOWNTOWN_,Nickel,2021-07-30T00:00,0.000,µg/m³,PM2.5,ICPMS
60512,BEASLEY PARK _HAMILTON_DOWNTOWN_,Nickel,2021-08-02T00:00,0.000,µg/m³,PM2.5,ICPMS
60512,BEASLEY PARK _HAMILTON_DOWNTOWN_,Nickel,2021-08-02T00:00,0.000,µg/m³,PM2.5,ICPMS
60512,BEASLEY PARK _HAMILTON_DOWNTOWN_,Nickel,2021-08-05T00:00,0.000,µg/m³,PM2.5,ICPMS
60512,BEASLEY PARK _HAMILTON_DOWNTOWN_,Nickel,2021-08-05T00:00,0.001,µg/m³,PM2.5,ICPMS
60512,BEASLEY PARK _HAMILTON_DOWNTOWN_,Nickel,2021-08-08T00:00,0.000,µg/m³,PM2.5,ICPMS
60512,BEASLEY PARK _HAMILTON_DOWNTOWN_,Nickel,2021-08-08T00:00,0.000,µg/m³,PM2.5,ICPMS
60512,BEASLEY PARK _HAMILTON_DOWNTOWN_,Nickel,2021-08-11T00:00,0.000,µg/m³,PM2.5,ICPMS
60512,BEASLEY PARK _HAMILTON_DOWNTOWN_,Nickel,2021-08-11T00:00,0.000,µg/m³,PM2.5,ICPMS
60512,BEASLEY PARK _HAMILTON_DOWNTOWN_,Nickel,2021-08-14T00:00,0.000,µg/m³,PM2.5,ICPMS
60512,BEASLEY PARK _HAMILTON_DOWNTOWN_,Nickel,2021-08-14T00:00,0.000,µg/m³,PM2.5,ICPMS
60512,BEASLEY PARK _HAMILTON_DOWNTOWN_,Nickel,2021-08-17T00:00,0.000,µg/m³,PM2.5,ICPMS
60512,BEASLEY PARK _HAMILTON_DOWNTOWN_,Nickel,2021-08-20T00:00,0.000,µg/m³,PM2.5,ICPMS
60512,BEASLEY PARK _HAMILTON_DOWNTOWN_,Nickel,2021-08-20T00:00,0.000,µg/m³,PM2.5,ICPMS
60512,BEASLEY PARK _HAMILTON_DOWNTOWN_,Nickel,2021-08-26T00:00,0.000,µg/m³,PM2.5,ICPMS
60512,BEASLEY PARK _HAMILTON_DOWNTOWN_,Nickel,2021-08-26T00:00,0.000,µg/m³,PM2.5,ICPMS
60512,BEASLEY PARK _HAMILTON_DOWNTOWN_,Nickel,2021-08-29T00:00,0.000,µg/m³,PM2.5,ICPMS
60512,BEASLEY PARK _HAMILTON_DOWNTOWN_,Nickel,2021-08-29T00:00,0.000,µg/m³,PM2.5,ICPMS
60512,BEASLEY PARK _HAMILTON_DOWNTOWN_,Nickel,2021-09-01T00:00,0.000,µg/m³,PM2.5,ICPMS
60512,BEASLEY PARK _HAMILTON_DOWNTOWN_,Nickel,2021-09-01T00:00,0.000,µg/m³,PM2.5,ICPMS
60512,BEASLEY PARK _HAMILTON_DOWNTOWN_,Nickel,2021-09-04T00:00,0.000,µg/m³,PM2.5,ICPMS
60512,BEASLEY PARK _HAMILTON_DOWNTOWN_,Nickel,2021-09-04T00:00,0.000,µg/m³,PM2.5,ICPMS
60512,BEASLEY PARK _HAMILTON_DOWNTOWN_,Nickel,2021-09-07T00:00,0.000,µg/m³,PM2.5,ICPMS
60512,BEASLEY PARK _HAMILTON_DOWNTOWN_,Nickel,2021-09-07T00:00,0.000,µg/m³,PM2.5,ICPMS
60512,BEASLEY PARK _HAMILTON_DOWNTOWN_,Nickel,2021-09-10T00:00,0.000,µg/m³,PM2.5,ICPMS
60512,BEASLEY PARK _HAMILTON_DOWNTOWN_,Nickel,2021-09-13T00:00,0.000,µg/m³,PM2.5,ICPMS
60512,BEASLEY PARK _HAMILTON_DOWNTOWN_,Nickel,2021-09-13T00:00,0.000,µg/m³,PM2.5,ICPMS
60512,BEASLEY PARK _HAMILTON_DOWNTOWN_,Nickel,2021-09-16T00:00,0.000,µg/m³,PM2.5,ICPMS
60512,BEASLEY PARK _HAMILTON_DOWNTOWN_,Nickel,2021-09-16T00:00,0.000,µg/m³,PM2.5,ICPMS
60512,BEASLEY PARK _HAMILTON_DOWNTOWN_,Nickel,2021-09-19T00:00,0.000,µg/m³,PM2.5,ICPMS
60512,BEASLEY PARK _HAMILTON_DOWNTOWN_,Nickel,2021-09-19T00:00,0.000,µg/m³,PM2.5,ICPMS
60512,BEASLEY PARK _HAMILTON_DOWNTOWN_,Nickel,2021-09-25T00:00,0.000,µg/m³,PM2.5,ICPMS
60512,BEASLEY PARK _HAMILTON_DOWNTOWN_,Nickel,2021-09-28T00:00,0.000,µg/m³,PM2.5,ICPMS
60512,BEASLEY PARK _HAMILTON_DOWNTOWN_,Nickel,2021-09-28T00:00,0.000,µg/m³,PM2.5,ICPMS
60512,BEASLEY PARK _HAMILTON_DOWNTOWN_,Nickel,2021-09-29T00:00,0.000,µg/m³,PM2.5,ICPMS
60512,BEASLEY PARK _HAMILTON_DOWNTOWN_,Nickel,2021-10-01T00:00,0.000,µg/m³,PM2.5,ICPMS
60512,BEASLEY PARK _HAMILTON_DOWNTOWN_,Nickel,2021-10-01T00:00,0.000,µg/m³,PM2.5,ICPMS
60512,BEASLEY PARK _HAMILTON_DOWNTOWN_,Nickel,2021-10-04T00:00,0.000,µg/m³,PM2.5,ICPMS
60512,BEASLEY PARK _HAMILTON_DOWNTOWN_,Nickel,2021-10-04T00:00,0.000,µg/m³,PM2.5,ICPMS
60512,BEASLEY PARK _HAMILTON_DOWNTOWN_,Nickel,2021-10-07T00:00,0.000,µg/m³,PM2.5,ICPMS
60512,BEASLEY PARK _HAMILTON_DOWNTOWN_,Nickel,2021-10-07T00:00,0.000,µg/m³,PM2.5,ICPMS
60512,BEASLEY PARK _HAMILTON_DOWNTOWN_,Nickel,2021-10-10T00:00,0.000,µg/m³,PM2.5,ICPMS
60512,BEASLEY PARK _HAMILTON_DOWNTOWN_,Nickel,2021-10-10T00:00,0.000,µg/m³,PM2.5,ICPMS
60512,BEASLEY PARK _HAMILTON_DOWNTOWN_,Nickel,2021-10-13T00:00,0.000,µg/m³,PM2.5,ICPMS
60512,BEASLEY PARK _HAMILTON_DOWNTOWN_,Nickel,2021-10-13T00:00,0.000,µg/m³,PM2.5,ICPMS
60512,BEASLEY PARK _HAMILTON_DOWNTOWN_,Nickel,2021-10-16T00:00,0.000,µg/m³,PM2.5,ICPMS
60512,BEASLEY PARK _HAMILTON_DOWNTOWN_,Nickel,2021-10-16T00:00,0.000,µg/m³,PM2.5,ICPMS
60512,BEASLEY PARK _HAMILTON_DOWNTOWN_,Nickel,2021-10-19T00:00,0.000,µg/m³,PM2.5,ICPMS
60512,BEASLEY PARK _HAMILTON_DOWNTOWN_,Nickel,2021-10-19T00:00,0.001,µg/m³,PM2.5,ICPMS
60512,BEASLEY PARK _HAMILTON_DOWNTOWN_,Nickel,2021-10-22T00:00,0.000,µg/m³,PM2.5,ICPMS
60512,BEASLEY PARK _HAMILTON_DOWNTOWN_,Nickel,2021-10-22T00:00,0.000,µg/m³,PM2.5,ICPMS
60512,BEASLEY PARK _HAMILTON_DOWNTOWN_,Nickel,2021-10-25T00:00,0.000,µg/m³,PM2.5,ICPMS
60512,BEASLEY PARK _HAMILTON_DOWNTOWN_,Nickel,2021-10-28T00:00,0.000,µg/m³,PM2.5,ICPMS
60512,BEASLEY PARK _HAMILTON_DOWNTOWN_,Nickel,2021-10-28T00:00,0.001,µg/m³,PM2.5,ICPMS
60512,BEASLEY PARK _HAMILTON_DOWNTOWN_,Nickel,2021-10-31T00:00,0.000,µg/m³,PM2.5,ICPMS
60512,BEASLEY PARK _HAMILTON_DOWNTOWN_,Nickel,2021-10-31T00:00,0.000,µg/m³,PM2.5,ICPMS
60512,BEASLEY PARK _HAMILTON_DOWNTOWN_,Nickel,2021-11-03T00:00,0.000,µg/m³,PM2.5,ICPMS
60512,BEASLEY PARK _HAMILTON_DOWNTOWN_,Nickel,2021-11-06T00:00,0.000,µg/m³,PM2.5,ICPMS
60512,BEASLEY PARK _HAMILTON_DOWNTOWN_,Nickel,2021-11-06T00:00,0.000,µg/m³,PM2.5,ICPMS
60512,BEASLEY PARK _HAMILTON_DOWNTOWN_,Nickel,2021-11-09T00:00,0.001,µg/m³,PM2.5,ICPMS
60512,BEASLEY PARK _HAMILTON_DOWNTOWN_,Nickel,2021-11-12T00:00,0.000,µg/m³,PM2.5,ICPMS
60512,BEASLEY PARK _HAMILTON_DOWNTOWN_,Nickel,2021-11-12T00:00,0.000,µg/m³,PM2.5,ICPMS
60512,BEASLEY PARK _HAMILTON_DOWNTOWN_,Nickel,2021-11-15T00:00,0.000,µg/m³,PM2.5,ICPMS
60512,BEASLEY PARK _HAMILTON_DOWNTOWN_,Nickel,2021-11-15T00:00,0.000,µg/m³,PM2.5,ICPMS
60512,BEASLEY PARK _HAMILTON_DOWNTOWN_,Nickel,2021-11-18T00:00,0.000,µg/m³,PM2.5,ICPMS
60512,BEASLEY PARK _HAMILTON_DOWNTOWN_,Nickel,2021-11-21T00:00,0.000,µg/m³,PM2.5,ICPMS
60512,BEASLEY PARK _HAMILTON_DOWNTOWN_,Nickel,2021-11-21T00:00,0.000,µg/m³,PM2.5,ICPMS
60512,BEASLEY PARK _HAMILTON_DOWNTOWN_,Nickel,2021-11-24T00:00,0.000,µg/m³,PM2.5,ICPMS
60512,BEASLEY PARK _HAMILTON_DOWNTOWN_,Nickel,2021-11-24T00:00,0.000,µg/m³,PM2.5,ICPMS
60512,BEASLEY PARK _HAMILTON_DOWNTOWN_,Nickel,2021-11-27T00:00,0.000,µg/m³,PM2.5,ICPMS
60512,BEASLEY PARK _HAMILTON_DOWNTOWN_,Nickel,2021-11-27T00:00,0.000,µg/m³,PM2.5,ICPMS
60512,BEASLEY PARK _HAMILTON_DOWNTOWN_,Nickel,2021-11-30T00:00,0.000,µg/m³,PM2.5,ICPMS
60512,BEASLEY PARK _HAMILTON_DOWNTOWN_,Nickel,2021-12-03T00:00,0.000,µg/m³,PM2.5,ICPMS
60512,BEASLEY PARK _HAMILTON_DOWNTOWN_,Nickel,2021-12-03T00:00,0.000,µg/m³,PM2.5,ICPMS
60512,BEASLEY PARK _HAMILTON_DOWNTOWN_,Nickel,2021-12-06T00:00,0.000,µg/m³,PM2.5,ICPMS
60512,BEASLEY PARK _HAMILTON_DOWNTOWN_,Nickel,2021-12-06T00:00,0.000,µg/m³,PM2.5,ICPMS
60512,BEASLEY PARK _HAMILTON_DOWNTOWN_,Nickel,2021-12-09T00:00,0.000,µg/m³,PM2.5,ICPMS
60512,BEASLEY PARK _HAMILTON_DOWNTOWN_,Nickel,2021-12-12T00:00,0.000,µg/m³,PM2.5,ICPMS
60512,BEASLEY PARK _HAMILTON_DOWNTOWN_,Nickel,2021-12-12T00:00,0.000,µg/m³,PM2.5,ICPMS
60512,BEASLEY PARK _HAMILTON_DOWNTOWN_,Nickel,2021-12-15T00:00,0.000,µg/m³,PM2.5,ICPMS
60512,BEASLEY PARK _HAMILTON_DOWNTOWN_,Nickel,2021-12-15T00:00,0.001,µg/m³,PM2.5,ICPMS
60512,BEASLEY PARK _HAMILTON_DOWNTOWN_,Nickel,2021-12-18T00:00,0.000,µg/m³,PM2.5,ICPMS
60512,BEASLEY PARK _HAMILTON_DOWNTOWN_,Nickel,2021-12-18T00:00,0.000,µg/m³,PM2.5,ICPMS
60512,BEASLEY PARK _HAMILTON_DOWNTOWN_,Nickel,2021-12-21T00:00,0.000,µg/m³,PM2.5,ICPMS
60512,BEASLEY PARK _HAMILTON_DOWNTOWN_,Nickel,2021-12-21T00:00,0.005,µg/m³,PM2.5,ICPMS
60512,BEASLEY PARK _HAMILTON_DOWNTOWN_,Nickel,2021-12-24T00:00,0.000,µg/m³,PM2.5,ICPMS
60512,BEASLEY PARK _HAMILTON_DOWNTOWN_,Nickel,2021-12-24T00:00,0.001,µg/m³,PM2.5,ICPMS
60512,BEASLEY PARK _HAMILTON_DOWNTOWN_,Nickel,2021-01-01T00:00,0.000,µg/m³,PM2.5-10,ED-XRF
60512,BEASLEY PARK _HAMILTON_DOWNTOWN_,Nickel,2021-01-04T00:00,0.000,µg/m³,PM2.5-10,ED-XRF
60512,BEASLEY PARK _HAMILTON_DOWNTOWN_,Nickel,2021-01-07T00:00,0.000,µg/m³,PM2.5-10,ED-XRF
60512,BEASLEY PARK _HAMILTON_DOWNTOWN_,Nickel,2021-01-10T00:00,0.000,µg/m³,PM2.5-10,ED-XRF
60512,BEASLEY PARK _HAMILTON_DOWNTOWN_,Nickel,2021-01-19T00:00,0.000,µg/m³,PM2.5-10,ED-XRF
60512,BEASLEY PARK _HAMILTON_DOWNTOWN_,Nickel,2021-01-22T00:00,0.000,µg/m³,PM2.5-10,ED-XRF
60512,BEASLEY PARK _HAMILTON_DOWNTOWN_,Nickel,2021-01-28T00:00,0.000,µg/m³,PM2.5-10,ED-XRF
60512,BEASLEY PARK _HAMILTON_DOWNTOWN_,Nickel,2021-01-31T00:00,0.000,µg/m³,PM2.5-10,ED-XRF
60512,BEASLEY PARK _HAMILTON_DOWNTOWN_,Nickel,2021-02-03T00:00,0.000,µg/m³,PM2.5-10,ED-XRF
60512,BEASLEY PARK _HAMILTON_DOWNTOWN_,Nickel,2021-02-06T00:00,0.000,µg/m³,PM2.5-10,ED-XRF
60512,BEASLEY PARK _HAMILTON_DOWNTOWN_,Nickel,2021-02-09T00:00,0.000,µg/m³,PM2.5-10,ED-XRF
60512,BEASLEY PARK _HAMILTON_DOWNTOWN_,Nickel,2021-02-12T00:00,0.000,µg/m³,PM2.5-10,ED-XRF
60512,BEASLEY PARK _HAMILTON_DOWNTOWN_,Nickel,2021-02-15T00:00,0.000,µg/m³,PM2.5-10,ED-XRF
60512,BEASLEY PARK _HAMILTON_DOWNTOWN_,Nickel,2021-03-11T00:00,0.000,µg/m³,PM2.5-10,ED-XRF
60512,BEASLEY PARK _HAMILTON_DOWNTOWN_,Nickel,2021-03-14T00:00,0.000,µg/m³,PM2.5-10,ED-XRF
60512,BEASLEY PARK _HAMILTON_DOWNTOWN_,Nickel,2021-05-01T00:00,0.000,µg/m³,PM2.5-10,ED-XRF
60512,BEASLEY PARK _HAMILTON_DOWNTOWN_,Nickel,2021-05-04T00:00,0.000,µg/m³,PM2.5-10,ED-XRF
60512,BEASLEY PARK _HAMILTON_DOWNTOWN_,Nickel,2021-05-07T00:00,0.000,µg/m³,PM2.5-10,ED-XRF
60512,BEASLEY PARK _HAMILTON_DOWNTOWN_,Nickel,2021-05-10T00:00,0.000,µg/m³,PM2.5-10,ED-XRF
60512,BEASLEY PARK _HAMILTON_DOWNTOWN_,Nickel,2021-05-13T00:00,0.001,µg/m³,PM2.5-10,ED-XRF
60512,BEASLEY PARK _HAMILTON_DOWNTOWN_,Nickel,2021-05-16T00:00,0.000,µg/m³,PM2.5-10,ED-XRF
60512,BEASLEY PARK _HAMILTON_DOWNTOWN_,Nickel,2021-05-19T00:00,0.000,µg/m³,PM2.5-10,ED-XRF
60512,BEASLEY PARK _HAMILTON_DOWNTOWN_,Nickel,2021-05-22T00:00,0.000,µg/m³,PM2.5-10,ED-XRF
60512,BEASLEY PARK _HAMILTON_DOWNTOWN_,Nickel,2021-05-28T00:00,0.000,µg/m³,PM2.5-10,ED-XRF
60512,BEASLEY PARK _HAMILTON_DOWNTOWN_,Nickel,2021-05-31T00:00,0.000,µg/m³,PM2.5-10,ED-XRF
60512,BEASLEY PARK _HAMILTON_DOWNTOWN_,Nickel,2021-06-12T00:00,0.000,µg/m³,PM2.5-10,ED-XRF
60512,BEASLEY PARK _HAMILTON_DOWNTOWN_,Nickel,2021-06-15T00:00,0.000,µg/m³,PM2.5-10,ED-XRF
60512,BEASLEY PARK _HAMILTON_DOWNTOWN_,Nickel,2021-06-18T00:00,0.000,µg/m³,PM2.5-10,ED-XRF
60512,BEASLEY PARK _HAMILTON_DOWNTOWN_,Nickel,2021-06-21T00:00,0.000,µg/m³,PM2.5-10,ED-XRF
60512,BEASLEY PARK _HAMILTON_DOWNTOWN_,Nickel,2021-06-24T00:00,0.000,µg/m³,PM2.5-10,ED-XRF
60512,BEASLEY PARK _HAMILTON_DOWNTOWN_,Nickel,2021-06-27T00:00,0.000,µg/m³,PM2.5-10,ED-XRF
60512,BEASLEY PARK _HAMILTON_DOWNTOWN_,Nickel,2021-06-30T00:00,0.000,µg/m³,PM2.5-10,ED-XRF
60512,BEASLEY PARK _HAMILTON_DOWNTOWN_,Nickel,2021-07-03T00:00,0.000,µg/m³,PM2.5-10,ED-XRF
60512,BEASLEY PARK _HAMILTON_DOWNTOWN_,Nickel,2021-07-06T00:00,0.000,µg/m³,PM2.5-10,ED-XRF
60512,BEASLEY PARK _HAMILTON_DOWNTOWN_,Nickel,2021-07-09T00:00,0.000,µg/m³,PM2.5-10,ED-XRF
60512,BEASLEY PARK _HAMILTON_DOWNTOWN_,Nickel,2021-07-15T00:00,0.000,µg/m³,PM2.5-10,ED-XRF
60512,BEASLEY PARK _HAMILTON_DOWNTOWN_,Nickel,2021-07-18T00:00,0.000,µg/m³,PM2.5-10,ED-XRF
60512,BEASLEY PARK _HAMILTON_DOWNTOWN_,Nickel,2021-07-21T00:00,0.000,µg/m³,PM2.5-10,ED-XRF
60512,BEASLEY PARK _HAMILTON_DOWNTOWN_,Nickel,2021-07-27T00:00,0.000,µg/m³,PM2.5-10,ED-XRF
60512,BEASLEY PARK _HAMILTON_DOWNTOWN_,Nickel,2021-08-02T00:00,0.000,µg/m³,PM2.5-10,ED-XRF
60512,BEASLEY PARK _HAMILTON_DOWNTOWN_,Nickel,2021-08-05T00:00,0.000,µg/m³,PM2.5-10,ED-XRF
60512,BEASLEY PARK _HAMILTON_DOWNTOWN_,Nickel,2021-08-08T00:00,0.000,µg/m³,PM2.5-10,ED-XRF
60512,BEASLEY PARK _HAMILTON_DOWNTOWN_,Nickel,2021-08-11T00:00,0.000,µg/m³,PM2.5-10,ED-XRF
60512,BEASLEY PARK _HAMILTON_DOWNTOWN_,Nickel,2021-08-14T00:00,0.000,µg/m³,PM2.5-10,ED-XRF
60512,BEASLEY PARK _HAMILTON_DOWNTOWN_,Nickel,2021-08-20T00:00,0.000,µg/m³,PM2.5-10,ED-XRF
60512,BEASLEY PARK _HAMILTON_DOWNTOWN_,Nickel,2021-08-26T00:00,0.000,µg/m³,PM2.5-10,ED-XRF
60512,BEASLEY PARK _HAMILTON_DOWNTOWN_,Nickel,2021-08-29T00:00,0.000,µg/m³,PM2.5-10,ED-XRF
60512,BEASLEY PARK _HAMILTON_DOWNTOWN_,Nickel,2021-09-01T00:00,0.000,µg/m³,PM2.5-10,ED-XRF
60512,BEASLEY PARK _HAMILTON_DOWNTOWN_,Nickel,2021-09-04T00:00,0.000,µg/m³,PM2.5-10,ED-XRF
60512,BEASLEY PARK _HAMILTON_DOWNTOWN_,Nickel,2021-09-07T00:00,0.000,µg/m³,PM2.5-10,ED-XRF
60512,BEASLEY PARK _HAMILTON_DOWNTOWN_,Nickel,2021-09-13T00:00,0.000,µg/m³,PM2.5-10,ED-XRF
60512,BEASLEY PARK _HAMILTON_DOWNTOWN_,Nickel,2021-09-16T00:00,0.000,µg/m³,PM2.5-10,ED-XRF
60512,BEASLEY PARK _HAMILTON_DOWNTOWN_,Nickel,2021-09-19T00:00,0.000,µg/m³,PM2.5-10,ED-XRF
60512,BEASLEY PARK _HAMILTON_DOWNTOWN_,Nickel,2021-09-25T00:00,0.000,µg/m³,PM2.5-10,ED-XRF
60512,BEASLEY PARK _HAMILTON_DOWNTOWN_,Nickel,2021-09-28T00:00,0.000,µg/m³,PM2.5-10,ED-XRF
60512,BEASLEY PARK _HAMILTON_DOWNTOWN_,Nickel,2021-10-01T00:00,0.000,µg/m³,PM2.5-10,ED-XRF
60512,BEASLEY PARK _HAMILTON_DOWNTOWN_,Nickel,2021-10-04T00:00,0.000,µg/m³,PM2.5-10,ED-XRF
60512,BEASLEY PARK _HAMILTON_DOWNTOWN_,Nickel,2021-10-07T00:00,0.000,µg/m³,PM2.5-10,ED-XRF
60512,BEASLEY PARK _HAMILTON_DOWNTOWN_,Nickel,2021-10-10T00:00,0.000,µg/m³,PM2.5-10,ED-XRF
60512,BEASLEY PARK _HAMILTON_DOWNTOWN_,Nickel,2021-10-13T00:00,0.000,µg/m³,PM2.5-10,ED-XRF
60512,BEASLEY PARK _HAMILTON_DOWNTOWN_,Nickel,2021-10-16T00:00,0.000,µg/m³,PM2.5-10,ED-XRF
60512,BEASLEY PARK _HAMILTON_DOWNTOWN_,Nickel,2021-10-19T00:00,0.000,µg/m³,PM2.5-10,ED-XRF
60512,BEASLEY PARK _HAMILTON_DOWNTOWN_,Nickel,2021-10-22T00:00,0.000,µg/m³,PM2.5-10,ED-XRF
60512,BEASLEY PARK _HAMILTON_DOWNTOWN_,Nickel,2021-10-25T00:00,0.000,µg/m³,PM2.5-10,ED-XRF
60512,BEASLEY PARK _HAMILTON_DOWNTOWN_,Nickel,2021-10-28T00:00,0.000,µg/m³,PM2.5-10,ED-XRF
60512,BEASLEY PARK _HAMILTON_DOWNTOWN_,Nickel,2021-10-31T00:00,0.000,µg/m³,PM2.5-10,ED-XRF
60512,BEASLEY PARK _HAMILTON_DOWNTOWN_,Nickel,2021-11-06T00:00,0.000,µg/m³,PM2.5-10,ED-XRF
