﻿NAPS_Site_ID,Station_Name,Pollutant,Date,Value,Units,Report_Type,Method
100119,BURNABY SOUTH,cis-2-Pentene,2002-01-02T00:00,0.090,µg/m³,VOC,N/A
100119,BURNABY SOUTH,cis-2-Pentene,2002-01-08T00:00,0.140,µg/m³,VOC,N/A
100119,BURNABY SOUTH,cis-2-Pentene,2002-01-14T00:00,0.250,µg/m³,VOC,N/A
100119,BURNABY SOUTH,cis-2-Pentene,2002-01-17T00:00,0.200,µg/m³,VOC,N/A
100119,BURNABY SOUTH,cis-2-Pentene,2002-01-20T00:00,0.060,µg/m³,VOC,N/A
100119,BURNABY SOUTH,cis-2-Pentene,2002-01-23T00:00,0.170,µg/m³,VOC,N/A
100119,BURNABY SOUTH,cis-2-Pentene,2002-02-01T00:00,0.140,µg/m³,VOC,N/A
100119,BURNABY SOUTH,cis-2-Pentene,2002-02-04T00:00,0.130,µg/m³,VOC,N/A
100119,BURNABY SOUTH,cis-2-Pentene,2002-02-07T00:00,0.100,µg/m³,VOC,N/A
100119,BURNABY SOUTH,cis-2-Pentene,2002-02-10T00:00,0.180,µg/m³,VOC,N/A
100119,BURNABY SOUTH,cis-2-Pentene,2002-02-13T00:00,0.280,µg/m³,VOC,N/A
100119,BURNABY SOUTH,cis-2-Pentene,2002-02-16T00:00,0.190,µg/m³,VOC,N/A
100119,BURNABY SOUTH,cis-2-Pentene,2002-02-19T00:00,0.050,µg/m³,VOC,N/A
100119,BURNABY SOUTH,cis-2-Pentene,2002-02-22T00:00,0.210,µg/m³,VOC,N/A
100119,BURNABY SOUTH,cis-2-Pentene,2002-02-25T00:00,0.250,µg/m³,VOC,N/A
100119,BURNABY SOUTH,cis-2-Pentene,2002-02-28T00:00,0.220,µg/m³,VOC,N/A
100119,BURNABY SOUTH,cis-2-Pentene,2002-03-03T00:00,0.210,µg/m³,VOC,N/A
100119,BURNABY SOUTH,cis-2-Pentene,2002-03-06T00:00,0.050,µg/m³,VOC,N/A
100119,BURNABY SOUTH,cis-2-Pentene,2002-03-09T00:00,0.050,µg/m³,VOC,N/A
100119,BURNABY SOUTH,cis-2-Pentene,2002-03-12T00:00,0.040,µg/m³,VOC,N/A
100119,BURNABY SOUTH,cis-2-Pentene,2002-03-15T00:00,0.100,µg/m³,VOC,N/A
100119,BURNABY SOUTH,cis-2-Pentene,2002-03-18T00:00,0.090,µg/m³,VOC,N/A
100119,BURNABY SOUTH,cis-2-Pentene,2002-03-21T00:00,0.140,µg/m³,VOC,N/A
100119,BURNABY SOUTH,cis-2-Pentene,2002-03-24T00:00,0.210,µg/m³,VOC,N/A
100119,BURNABY SOUTH,cis-2-Pentene,2002-03-27T00:00,0.090,µg/m³,VOC,N/A
100119,BURNABY SOUTH,cis-2-Pentene,2002-03-30T00:00,0.110,µg/m³,VOC,N/A
100119,BURNABY SOUTH,cis-2-Pentene,2002-04-02T00:00,0.160,µg/m³,VOC,N/A
100119,BURNABY SOUTH,cis-2-Pentene,2002-04-05T00:00,0.102,µg/m³,VOC,N/A
100119,BURNABY SOUTH,cis-2-Pentene,2002-04-08T00:00,0.085,µg/m³,VOC,N/A
100119,BURNABY SOUTH,cis-2-Pentene,2002-04-11T00:00,0.098,µg/m³,VOC,N/A
100119,BURNABY SOUTH,cis-2-Pentene,2002-04-14T00:00,0.028,µg/m³,VOC,N/A
100119,BURNABY SOUTH,cis-2-Pentene,2002-04-17T00:00,0.122,µg/m³,VOC,N/A
100119,BURNABY SOUTH,cis-2-Pentene,2002-04-20T00:00,0.052,µg/m³,VOC,N/A
100119,BURNABY SOUTH,cis-2-Pentene,2002-04-23T00:00,0.082,µg/m³,VOC,N/A
100119,BURNABY SOUTH,cis-2-Pentene,2002-04-26T00:00,0.100,µg/m³,VOC,N/A
100119,BURNABY SOUTH,cis-2-Pentene,2002-04-29T00:00,0.132,µg/m³,VOC,N/A
100119,BURNABY SOUTH,cis-2-Pentene,2002-05-02T00:00,0.065,µg/m³,VOC,N/A
100119,BURNABY SOUTH,cis-2-Pentene,2002-05-05T00:00,0.083,µg/m³,VOC,N/A
100119,BURNABY SOUTH,cis-2-Pentene,2002-05-08T00:00,0.070,µg/m³,VOC,N/A
100119,BURNABY SOUTH,cis-2-Pentene,2002-05-11T00:00,0.086,µg/m³,VOC,N/A
100119,BURNABY SOUTH,cis-2-Pentene,2002-05-14T00:00,0.115,µg/m³,VOC,N/A
100119,BURNABY SOUTH,cis-2-Pentene,2002-05-17T00:00,0.058,µg/m³,VOC,N/A
100119,BURNABY SOUTH,cis-2-Pentene,2002-05-20T00:00,0.068,µg/m³,VOC,N/A
100119,BURNABY SOUTH,cis-2-Pentene,2002-05-23T00:00,0.070,µg/m³,VOC,N/A
100119,BURNABY SOUTH,cis-2-Pentene,2002-05-26T00:00,0.101,µg/m³,VOC,N/A
100119,BURNABY SOUTH,cis-2-Pentene,2002-05-29T00:00,0.056,µg/m³,VOC,N/A
100119,BURNABY SOUTH,cis-2-Pentene,2002-06-01T00:00,0.132,µg/m³,VOC,N/A
100119,BURNABY SOUTH,cis-2-Pentene,2002-06-04T00:00,0.062,µg/m³,VOC,N/A
100119,BURNABY SOUTH,cis-2-Pentene,2002-06-07T00:00,0.079,µg/m³,VOC,N/A
100119,BURNABY SOUTH,cis-2-Pentene,2002-06-10T00:00,0.054,µg/m³,VOC,N/A
100119,BURNABY SOUTH,cis-2-Pentene,2002-06-13T00:00,0.084,µg/m³,VOC,N/A
100119,BURNABY SOUTH,cis-2-Pentene,2002-06-16T00:00,0.052,µg/m³,VOC,N/A
100119,BURNABY SOUTH,cis-2-Pentene,2002-06-19T00:00,0.085,µg/m³,VOC,N/A
100119,BURNABY SOUTH,cis-2-Pentene,2002-06-22T00:00,0.067,µg/m³,VOC,N/A
100119,BURNABY SOUTH,cis-2-Pentene,2002-06-25T00:00,0.169,µg/m³,VOC,N/A
100119,BURNABY SOUTH,cis-2-Pentene,2002-06-28T00:00,0.120,µg/m³,VOC,N/A
100119,BURNABY SOUTH,cis-2-Pentene,2002-07-01T00:00,0.074,µg/m³,VOC,N/A
100119,BURNABY SOUTH,cis-2-Pentene,2002-07-04T00:00,0.091,µg/m³,VOC,N/A
100119,BURNABY SOUTH,cis-2-Pentene,2002-07-07T00:00,0.088,µg/m³,VOC,N/A
100119,BURNABY SOUTH,cis-2-Pentene,2002-07-10T00:00,0.134,µg/m³,VOC,N/A
100119,BURNABY SOUTH,cis-2-Pentene,2002-07-13T00:00,0.156,µg/m³,VOC,N/A
100119,BURNABY SOUTH,cis-2-Pentene,2002-07-16T00:00,0.106,µg/m³,VOC,N/A
100119,BURNABY SOUTH,cis-2-Pentene,2002-07-19T00:00,0.066,µg/m³,VOC,N/A
100119,BURNABY SOUTH,cis-2-Pentene,2002-07-22T00:00,0.201,µg/m³,VOC,N/A
100119,BURNABY SOUTH,cis-2-Pentene,2002-07-28T00:00,0.040,µg/m³,VOC,N/A
100119,BURNABY SOUTH,cis-2-Pentene,2002-07-31T00:00,0.133,µg/m³,VOC,N/A
100119,BURNABY SOUTH,cis-2-Pentene,2002-08-03T00:00,0.086,µg/m³,VOC,N/A
100119,BURNABY SOUTH,cis-2-Pentene,2002-08-06T00:00,0.081,µg/m³,VOC,N/A
100119,BURNABY SOUTH,cis-2-Pentene,2002-08-09T00:00,0.127,µg/m³,VOC,N/A
100119,BURNABY SOUTH,cis-2-Pentene,2002-08-12T00:00,0.216,µg/m³,VOC,N/A
100119,BURNABY SOUTH,cis-2-Pentene,2002-08-15T00:00,0.111,µg/m³,VOC,N/A
100119,BURNABY SOUTH,cis-2-Pentene,2002-08-18T00:00,0.166,µg/m³,VOC,N/A
100119,BURNABY SOUTH,cis-2-Pentene,2002-08-21T00:00,0.110,µg/m³,VOC,N/A
100119,BURNABY SOUTH,cis-2-Pentene,2002-08-24T00:00,0.115,µg/m³,VOC,N/A
100119,BURNABY SOUTH,cis-2-Pentene,2002-08-27T00:00,0.193,µg/m³,VOC,N/A
100119,BURNABY SOUTH,cis-2-Pentene,2002-08-30T00:00,0.099,µg/m³,VOC,N/A
100119,BURNABY SOUTH,cis-2-Pentene,2002-09-02T00:00,0.058,µg/m³,VOC,N/A
100119,BURNABY SOUTH,cis-2-Pentene,2002-09-05T00:00,0.149,µg/m³,VOC,N/A
100119,BURNABY SOUTH,cis-2-Pentene,2002-09-08T00:00,0.082,µg/m³,VOC,N/A
100119,BURNABY SOUTH,cis-2-Pentene,2002-09-14T00:00,0.194,µg/m³,VOC,N/A
100119,BURNABY SOUTH,cis-2-Pentene,2002-09-17T00:00,0.112,µg/m³,VOC,N/A
100119,BURNABY SOUTH,cis-2-Pentene,2002-09-20T00:00,0.197,µg/m³,VOC,N/A
100119,BURNABY SOUTH,cis-2-Pentene,2002-09-23T00:00,0.297,µg/m³,VOC,N/A
100119,BURNABY SOUTH,cis-2-Pentene,2002-09-26T00:00,0.275,µg/m³,VOC,N/A
100119,BURNABY SOUTH,cis-2-Pentene,2002-09-29T00:00,0.114,µg/m³,VOC,N/A
100119,BURNABY SOUTH,cis-2-Pentene,2002-10-02T00:00,0.111,µg/m³,VOC,N/A
100119,BURNABY SOUTH,cis-2-Pentene,2002-10-05T00:00,0.163,µg/m³,VOC,N/A
100119,BURNABY SOUTH,cis-2-Pentene,2002-10-11T00:00,0.187,µg/m³,VOC,N/A
100119,BURNABY SOUTH,cis-2-Pentene,2002-10-14T00:00,0.162,µg/m³,VOC,N/A
100119,BURNABY SOUTH,cis-2-Pentene,2002-10-17T00:00,0.363,µg/m³,VOC,N/A
100119,BURNABY SOUTH,cis-2-Pentene,2002-10-20T00:00,0.248,µg/m³,VOC,N/A
100119,BURNABY SOUTH,cis-2-Pentene,2002-10-23T00:00,0.397,µg/m³,VOC,N/A
100119,BURNABY SOUTH,cis-2-Pentene,2002-10-26T00:00,0.186,µg/m³,VOC,N/A
100119,BURNABY SOUTH,cis-2-Pentene,2002-10-29T00:00,0.158,µg/m³,VOC,N/A
100119,BURNABY SOUTH,cis-2-Pentene,2002-11-01T00:00,0.243,µg/m³,VOC,N/A
100119,BURNABY SOUTH,cis-2-Pentene,2002-11-04T00:00,0.386,µg/m³,VOC,N/A
100119,BURNABY SOUTH,cis-2-Pentene,2002-11-07T00:00,0.096,µg/m³,VOC,N/A
100119,BURNABY SOUTH,cis-2-Pentene,2002-11-10T00:00,0.069,µg/m³,VOC,N/A
100119,BURNABY SOUTH,cis-2-Pentene,2002-11-13T00:00,0.078,µg/m³,VOC,N/A
100119,BURNABY SOUTH,cis-2-Pentene,2002-11-16T00:00,0.073,µg/m³,VOC,N/A
100119,BURNABY SOUTH,cis-2-Pentene,2002-11-19T00:00,0.079,µg/m³,VOC,N/A
100119,BURNABY SOUTH,cis-2-Pentene,2002-11-22T00:00,0.229,µg/m³,VOC,N/A
100119,BURNABY SOUTH,cis-2-Pentene,2002-11-25T00:00,0.304,µg/m³,VOC,N/A
100119,BURNABY SOUTH,cis-2-Pentene,2002-11-28T00:00,1.131,µg/m³,VOC,N/A
100119,BURNABY SOUTH,cis-2-Pentene,2002-12-01T00:00,0.201,µg/m³,VOC,N/A
100119,BURNABY SOUTH,cis-2-Pentene,2002-12-04T00:00,0.447,µg/m³,VOC,N/A
100119,BURNABY SOUTH,cis-2-Pentene,2002-12-10T00:00,0.062,µg/m³,VOC,N/A
100119,BURNABY SOUTH,cis-2-Pentene,2002-12-13T00:00,0.084,µg/m³,VOC,N/A
100119,BURNABY SOUTH,cis-2-Pentene,2002-12-16T00:00,0.158,µg/m³,VOC,N/A
100119,BURNABY SOUTH,cis-2-Pentene,2002-12-19T00:00,0.113,µg/m³,VOC,N/A
100119,BURNABY SOUTH,cis-2-Pentene,2002-12-22T00:00,0.244,µg/m³,VOC,N/A
100119,BURNABY SOUTH,cis-2-Pentene,2002-12-25T00:00,0.000,µg/m³,VOC,N/A
100119,BURNABY SOUTH,cis-2-Pentene,2002-12-28T00:00,0.201,µg/m³,VOC,N/A
100119,BURNABY SOUTH,cis-2-Pentene,2002-12-31T00:00,0.124,µg/m³,VOC,N/A
