﻿NAPS_Site_ID,Station_Name,Pollutant,Date,Value,Units,Report_Type,Method
61007,AAMJIWNAANG,1-Methylcyclohexene,2010-01-02T00:00,0.000,µg/m³,VOC,GC-MS
61007,AAMJIWNAANG,1-Methylcyclohexene,2010-01-14T00:00,0.003,µg/m³,VOC,GC-MS
61007,AAMJIWNAANG,1-Methylcyclohexene,2010-01-26T00:00,0.003,µg/m³,VOC,GC-MS
61007,AAMJIWNAANG,1-Methylcyclohexene,2010-02-07T00:00,0.000,µg/m³,VOC,GC-MS
61007,AAMJIWNAANG,1-Methylcyclohexene,2010-02-19T00:00,0.003,µg/m³,VOC,GC-MS
61007,AAMJIWNAANG,1-Methylcyclohexene,2010-03-03T00:00,0.003,µg/m³,VOC,GC-MS
61007,AAMJIWNAANG,1-Methylcyclohexene,2010-03-15T00:00,0.004,µg/m³,VOC,GC-MS
61007,AAMJIWNAANG,1-Methylcyclohexene,2010-03-27T00:00,0.000,µg/m³,VOC,GC-MS
61007,AAMJIWNAANG,1-Methylcyclohexene,2010-04-08T00:00,0.008,µg/m³,VOC,GC-MS
61007,AAMJIWNAANG,1-Methylcyclohexene,2010-04-20T00:00,0.000,µg/m³,VOC,GC-MS
61007,AAMJIWNAANG,1-Methylcyclohexene,2010-05-02T00:00,0.000,µg/m³,VOC,GC-MS
61007,AAMJIWNAANG,1-Methylcyclohexene,2010-05-14T00:00,0.008,µg/m³,VOC,GC-MS
61007,AAMJIWNAANG,1-Methylcyclohexene,2010-05-26T00:00,0.005,µg/m³,VOC,GC-MS
61007,AAMJIWNAANG,1-Methylcyclohexene,2010-06-07T00:00,0.000,µg/m³,VOC,GC-MS
61007,AAMJIWNAANG,1-Methylcyclohexene,2010-06-19T00:00,0.000,µg/m³,VOC,GC-MS
61007,AAMJIWNAANG,1-Methylcyclohexene,2010-07-01T00:00,0.000,µg/m³,VOC,GC-MS
61007,AAMJIWNAANG,1-Methylcyclohexene,2010-07-13T00:00,0.000,µg/m³,VOC,GC-MS
61007,AAMJIWNAANG,1-Methylcyclohexene,2010-07-25T00:00,0.000,µg/m³,VOC,GC-MS
61007,AAMJIWNAANG,1-Methylcyclohexene,2010-08-06T00:00,0.000,µg/m³,VOC,GC-MS
61007,AAMJIWNAANG,1-Methylcyclohexene,2010-08-18T00:00,0.000,µg/m³,VOC,GC-MS
61007,AAMJIWNAANG,1-Methylcyclohexene,2010-09-11T00:00,0.000,µg/m³,VOC,GC-MS
61007,AAMJIWNAANG,1-Methylcyclohexene,2010-09-23T00:00,0.004,µg/m³,VOC,GC-MS
61007,AAMJIWNAANG,1-Methylcyclohexene,2010-10-05T00:00,0.000,µg/m³,VOC,GC-MS
61007,AAMJIWNAANG,1-Methylcyclohexene,2010-10-17T00:00,0.000,µg/m³,VOC,GC-MS
61007,AAMJIWNAANG,1-Methylcyclohexene,2010-10-29T00:00,0.002,µg/m³,VOC,GC-MS
61007,AAMJIWNAANG,1-Methylcyclohexene,2010-11-10T00:00,0.004,µg/m³,VOC,GC-MS
61007,AAMJIWNAANG,1-Methylcyclohexene,2010-11-22T00:00,0.000,µg/m³,VOC,GC-MS
61007,AAMJIWNAANG,1-Methylcyclohexene,2010-12-04T00:00,0.000,µg/m³,VOC,GC-MS
61007,AAMJIWNAANG,1-Methylcyclohexene,2010-12-10T00:00,0.003,µg/m³,VOC,GC-MS
61007,AAMJIWNAANG,1-Methylcyclohexene,2010-12-16T00:00,0.000,µg/m³,VOC,GC-MS
61007,AAMJIWNAANG,1-Methylcyclohexene,2010-12-28T00:00,0.003,µg/m³,VOC,GC-MS
