﻿NAPS_Site_ID,Station_Name,Pollutant,Date,Value,Units,Report_Type,Method
100134,VANCOUVER INTL. AIRPORT,MTBE,2013-01-04T00:00,0.021,µg/m³,VOC,
100134,VANCOUVER INTL. AIRPORT,MTBE,2013-01-16T00:00,0.018,µg/m³,VOC,
100134,VANCOUVER INTL. AIRPORT,MTBE,2013-01-28T00:00,0.008,µg/m³,VOC,
100134,VANCOUVER INTL. AIRPORT,MTBE,2013-02-09T00:00,0.012,µg/m³,VOC,
100134,VANCOUVER INTL. AIRPORT,MTBE,2013-03-05T00:00,0.008,µg/m³,VOC,
100134,VANCOUVER INTL. AIRPORT,MTBE,2013-03-17T00:00,0.000,µg/m³,VOC,
100134,VANCOUVER INTL. AIRPORT,MTBE,2013-03-29T00:00,0.000,µg/m³,VOC,
100134,VANCOUVER INTL. AIRPORT,MTBE,2013-04-10T00:00,0.000,µg/m³,VOC,
100134,VANCOUVER INTL. AIRPORT,MTBE,2013-04-22T00:00,0.000,µg/m³,VOC,
100134,VANCOUVER INTL. AIRPORT,MTBE,2013-05-04T00:00,0.000,µg/m³,VOC,
100134,VANCOUVER INTL. AIRPORT,MTBE,2013-05-28T00:00,0.000,µg/m³,VOC,
100134,VANCOUVER INTL. AIRPORT,MTBE,2013-06-09T00:00,0.000,µg/m³,VOC,
100134,VANCOUVER INTL. AIRPORT,MTBE,2013-06-21T00:00,0.000,µg/m³,VOC,
100134,VANCOUVER INTL. AIRPORT,MTBE,2013-07-03T00:00,0.000,µg/m³,VOC,
100134,VANCOUVER INTL. AIRPORT,MTBE,2013-07-15T00:00,0.000,µg/m³,VOC,
100134,VANCOUVER INTL. AIRPORT,MTBE,2013-07-27T00:00,0.000,µg/m³,VOC,
100134,VANCOUVER INTL. AIRPORT,MTBE,2013-07-27T00:00,0.000,µg/m³,VOC,
100134,VANCOUVER INTL. AIRPORT,MTBE,2013-09-01T00:00,0.000,µg/m³,VOC,
100134,VANCOUVER INTL. AIRPORT,MTBE,2013-09-13T00:00,0.014,µg/m³,VOC,
100134,VANCOUVER INTL. AIRPORT,MTBE,2013-09-25T00:00,0.000,µg/m³,VOC,
100134,VANCOUVER INTL. AIRPORT,MTBE,2013-10-07T00:00,0.000,µg/m³,VOC,
100134,VANCOUVER INTL. AIRPORT,MTBE,2013-10-31T00:00,0.000,µg/m³,VOC,
100134,VANCOUVER INTL. AIRPORT,MTBE,2013-11-12T00:00,0.000,µg/m³,VOC,
100134,VANCOUVER INTL. AIRPORT,MTBE,2013-11-24T00:00,0.000,µg/m³,VOC,
100134,VANCOUVER INTL. AIRPORT,MTBE,2013-12-06T00:00,0.000,µg/m³,VOC,
100134,VANCOUVER INTL. AIRPORT,MTBE,2013-12-18T00:00,0.000,µg/m³,VOC,
100134,VANCOUVER INTL. AIRPORT,MTBE,2013-12-30T00:00,0.000,µg/m³,VOC,
