﻿NAPS_Site_ID,Station_Name,Pollutant,Date,Value,Units,Report_Type,Method
50104,ONTARIO,Benzo(b)Chrysene,1992-01-07T00:00,0.000,µg/m³,PAH,N/A
50104,ONTARIO,Benzo(b)Chrysene,1992-01-19T00:00,0.000,µg/m³,PAH,N/A
50104,ONTARIO,Benzo(b)Chrysene,1992-01-31T00:00,0.000,µg/m³,PAH,N/A
50104,ONTARIO,Benzo(b)Chrysene,1992-02-13T00:00,0.000,µg/m³,PAH,N/A
50104,ONTARIO,Benzo(b)Chrysene,1992-02-24T00:00,0.000,µg/m³,PAH,N/A
50104,ONTARIO,Benzo(b)Chrysene,1992-03-07T00:00,0.000,µg/m³,PAH,N/A
50104,ONTARIO,Benzo(b)Chrysene,1992-03-19T00:00,0.000,µg/m³,PAH,N/A
50104,ONTARIO,Benzo(b)Chrysene,1992-04-12T00:00,0.000,µg/m³,PAH,N/A
50104,ONTARIO,Benzo(b)Chrysene,1992-04-24T00:00,0.000,µg/m³,PAH,N/A
50104,ONTARIO,Benzo(b)Chrysene,1992-05-07T00:00,0.000,µg/m³,PAH,N/A
50104,ONTARIO,Benzo(b)Chrysene,1992-05-18T00:00,0.000,µg/m³,PAH,N/A
50104,ONTARIO,Benzo(b)Chrysene,1992-05-30T00:00,0.000,µg/m³,PAH,N/A
50104,ONTARIO,Benzo(b)Chrysene,1992-06-11T00:00,0.000,µg/m³,PAH,N/A
50104,ONTARIO,Benzo(b)Chrysene,1992-06-23T00:00,0.000,µg/m³,PAH,N/A
50104,ONTARIO,Benzo(b)Chrysene,1992-07-05T00:00,0.000,µg/m³,PAH,N/A
50104,ONTARIO,Benzo(b)Chrysene,1992-07-29T00:00,0.000,µg/m³,PAH,N/A
50104,ONTARIO,Benzo(b)Chrysene,1992-08-27T00:00,0.000,µg/m³,PAH,N/A
50104,ONTARIO,Benzo(b)Chrysene,1992-09-03T00:00,0.000,µg/m³,PAH,N/A
50104,ONTARIO,Benzo(b)Chrysene,1992-09-15T00:00,0.000,µg/m³,PAH,N/A
50104,ONTARIO,Benzo(b)Chrysene,1992-09-27T00:00,0.000,µg/m³,PAH,N/A
50104,ONTARIO,Benzo(b)Chrysene,1992-10-09T00:00,0.000,µg/m³,PAH,N/A
50104,ONTARIO,Benzo(b)Chrysene,1992-10-21T00:00,0.000,µg/m³,PAH,N/A
50104,ONTARIO,Benzo(b)Chrysene,1992-11-02T00:00,0.000,µg/m³,PAH,N/A
50104,ONTARIO,Benzo(b)Chrysene,1992-11-14T00:00,0.000,µg/m³,PAH,N/A
50104,ONTARIO,Benzo(b)Chrysene,1992-11-26T00:00,0.000,µg/m³,PAH,N/A
50104,ONTARIO,Benzo(b)Chrysene,1992-12-08T00:00,0.000,µg/m³,PAH,N/A
50104,ONTARIO,Benzo(b)Chrysene,1992-12-20T00:00,0.000,µg/m³,PAH,N/A
