﻿NAPS_Site_ID,Station_Name,Pollutant,Date,Value,Units,Report_Type,Method
100110,KENSINGTON PARK,3-Methylheptane,1995-01-21T00:00,1.112,µg/m³,VOC,
100110,KENSINGTON PARK,3-Methylheptane,1995-02-26T00:00,0.402,µg/m³,VOC,
100110,KENSINGTON PARK,3-Methylheptane,1995-04-03T00:00,0.400,µg/m³,VOC,
100110,KENSINGTON PARK,3-Methylheptane,1995-05-09T00:00,0.136,µg/m³,VOC,
100110,KENSINGTON PARK,3-Methylheptane,1995-06-14T00:00,0.241,µg/m³,VOC,
100110,KENSINGTON PARK,3-Methylheptane,1995-07-26T00:00,0.221,µg/m³,VOC,
100110,KENSINGTON PARK,3-Methylheptane,1995-09-30T00:00,0.135,µg/m³,VOC,
100110,KENSINGTON PARK,3-Methylheptane,1995-11-05T00:00,0.353,µg/m³,VOC,
100110,KENSINGTON PARK,3-Methylheptane,1995-12-11T00:00,0.194,µg/m³,VOC,
