﻿NAPS_Site_ID,Station_Name,Pollutant,Date,Value,Units,Report_Type,Method
62601,EXPERIMENTAL FARM _SIMCOE_,2378-TCDD,2002-01-08T00:00,0.001,pg/m³,PCDD,N/A
62601,EXPERIMENTAL FARM _SIMCOE_,2378-TCDD,2002-02-25T00:00,0.001,pg/m³,PCDD,N/A
62601,EXPERIMENTAL FARM _SIMCOE_,2378-TCDD,2002-03-21T00:00,0.000,pg/m³,PCDD,N/A
62601,EXPERIMENTAL FARM _SIMCOE_,2378-TCDD,2002-04-14T00:00,0.001,pg/m³,PCDD,N/A
62601,EXPERIMENTAL FARM _SIMCOE_,2378-TCDD,2002-05-08T00:00,0.000,pg/m³,PCDD,N/A
62601,EXPERIMENTAL FARM _SIMCOE_,2378-TCDD,2002-06-01T00:00,0.001,pg/m³,PCDD,N/A
62601,EXPERIMENTAL FARM _SIMCOE_,2378-TCDD,2002-06-25T00:00,0.002,pg/m³,PCDD,N/A
62601,EXPERIMENTAL FARM _SIMCOE_,2378-TCDD,2002-07-19T00:00,0.001,pg/m³,PCDD,N/A
62601,EXPERIMENTAL FARM _SIMCOE_,2378-TCDD,2002-08-12T00:00,0.001,pg/m³,PCDD,N/A
62601,EXPERIMENTAL FARM _SIMCOE_,2378-TCDD,2002-09-05T00:00,0.001,pg/m³,PCDD,N/A
62601,EXPERIMENTAL FARM _SIMCOE_,2378-TCDD,2002-09-29T00:00,0.001,pg/m³,PCDD,N/A
62601,EXPERIMENTAL FARM _SIMCOE_,2378-TCDD,2002-10-23T00:00,0.000,pg/m³,PCDD,N/A
62601,EXPERIMENTAL FARM _SIMCOE_,2378-TCDD,2002-12-10T00:00,0.001,pg/m³,PCDD,N/A
