﻿NAPS_Site_ID,Station_Name,Pollutant,Date,Value,Units,Report_Type,Method
50115,MONTRÉAL-MAISONNEUVE,n-Propylbenzene,2002-01-02T00:00,0.130,µg/m³,VOC,N/A
50115,MONTRÉAL-MAISONNEUVE,n-Propylbenzene,2002-01-08T00:00,0.260,µg/m³,VOC,N/A
50115,MONTRÉAL-MAISONNEUVE,n-Propylbenzene,2002-01-14T00:00,0.210,µg/m³,VOC,N/A
50115,MONTRÉAL-MAISONNEUVE,n-Propylbenzene,2002-01-20T00:00,0.360,µg/m³,VOC,N/A
50115,MONTRÉAL-MAISONNEUVE,n-Propylbenzene,2002-01-26T00:00,0.200,µg/m³,VOC,N/A
50115,MONTRÉAL-MAISONNEUVE,n-Propylbenzene,2002-02-01T00:00,0.320,µg/m³,VOC,N/A
50115,MONTRÉAL-MAISONNEUVE,n-Propylbenzene,2002-02-07T00:00,0.850,µg/m³,VOC,N/A
50115,MONTRÉAL-MAISONNEUVE,n-Propylbenzene,2002-02-13T00:00,0.260,µg/m³,VOC,N/A
50115,MONTRÉAL-MAISONNEUVE,n-Propylbenzene,2002-02-19T00:00,0.440,µg/m³,VOC,N/A
50115,MONTRÉAL-MAISONNEUVE,n-Propylbenzene,2002-02-25T00:00,0.550,µg/m³,VOC,N/A
50115,MONTRÉAL-MAISONNEUVE,n-Propylbenzene,2002-03-03T00:00,0.170,µg/m³,VOC,N/A
50115,MONTRÉAL-MAISONNEUVE,n-Propylbenzene,2002-03-09T00:00,0.250,µg/m³,VOC,N/A
50115,MONTRÉAL-MAISONNEUVE,n-Propylbenzene,2002-03-15T00:00,0.290,µg/m³,VOC,N/A
50115,MONTRÉAL-MAISONNEUVE,n-Propylbenzene,2002-03-21T00:00,0.300,µg/m³,VOC,N/A
50115,MONTRÉAL-MAISONNEUVE,n-Propylbenzene,2002-03-27T00:00,0.370,µg/m³,VOC,N/A
50115,MONTRÉAL-MAISONNEUVE,n-Propylbenzene,2002-04-02T00:00,0.270,µg/m³,VOC,N/A
50115,MONTRÉAL-MAISONNEUVE,n-Propylbenzene,2002-04-08T00:00,0.370,µg/m³,VOC,N/A
50115,MONTRÉAL-MAISONNEUVE,n-Propylbenzene,2002-04-14T00:00,0.230,µg/m³,VOC,N/A
50115,MONTRÉAL-MAISONNEUVE,n-Propylbenzene,2002-04-20T00:00,0.240,µg/m³,VOC,N/A
50115,MONTRÉAL-MAISONNEUVE,n-Propylbenzene,2002-04-26T00:00,0.293,µg/m³,VOC,N/A
50115,MONTRÉAL-MAISONNEUVE,n-Propylbenzene,2002-05-02T00:00,0.273,µg/m³,VOC,N/A
50115,MONTRÉAL-MAISONNEUVE,n-Propylbenzene,2002-05-08T00:00,0.232,µg/m³,VOC,N/A
50115,MONTRÉAL-MAISONNEUVE,n-Propylbenzene,2002-05-14T00:00,0.336,µg/m³,VOC,N/A
50115,MONTRÉAL-MAISONNEUVE,n-Propylbenzene,2002-05-20T00:00,0.236,µg/m³,VOC,N/A
50115,MONTRÉAL-MAISONNEUVE,n-Propylbenzene,2002-05-26T00:00,0.169,µg/m³,VOC,N/A
50115,MONTRÉAL-MAISONNEUVE,n-Propylbenzene,2002-06-01T00:00,0.183,µg/m³,VOC,N/A
50115,MONTRÉAL-MAISONNEUVE,n-Propylbenzene,2002-06-07T00:00,0.455,µg/m³,VOC,N/A
50115,MONTRÉAL-MAISONNEUVE,n-Propylbenzene,2002-06-13T00:00,0.405,µg/m³,VOC,N/A
50115,MONTRÉAL-MAISONNEUVE,n-Propylbenzene,2002-06-19T00:00,0.391,µg/m³,VOC,N/A
50115,MONTRÉAL-MAISONNEUVE,n-Propylbenzene,2002-06-25T00:00,0.329,µg/m³,VOC,N/A
50115,MONTRÉAL-MAISONNEUVE,n-Propylbenzene,2002-07-01T00:00,0.120,µg/m³,VOC,N/A
50115,MONTRÉAL-MAISONNEUVE,n-Propylbenzene,2002-07-13T00:00,0.147,µg/m³,VOC,N/A
50115,MONTRÉAL-MAISONNEUVE,n-Propylbenzene,2002-07-19T00:00,0.310,µg/m³,VOC,N/A
50115,MONTRÉAL-MAISONNEUVE,n-Propylbenzene,2002-07-25T00:00,0.255,µg/m³,VOC,N/A
50115,MONTRÉAL-MAISONNEUVE,n-Propylbenzene,2002-07-31T00:00,0.253,µg/m³,VOC,N/A
50115,MONTRÉAL-MAISONNEUVE,n-Propylbenzene,2002-08-06T00:00,0.247,µg/m³,VOC,N/A
50115,MONTRÉAL-MAISONNEUVE,n-Propylbenzene,2002-08-12T00:00,0.220,µg/m³,VOC,N/A
50115,MONTRÉAL-MAISONNEUVE,n-Propylbenzene,2002-10-05T00:00,1.391,µg/m³,VOC,N/A
50115,MONTRÉAL-MAISONNEUVE,n-Propylbenzene,2002-10-11T00:00,0.769,µg/m³,VOC,N/A
50115,MONTRÉAL-MAISONNEUVE,n-Propylbenzene,2002-10-17T00:00,0.462,µg/m³,VOC,N/A
50115,MONTRÉAL-MAISONNEUVE,n-Propylbenzene,2002-10-23T00:00,0.586,µg/m³,VOC,N/A
50115,MONTRÉAL-MAISONNEUVE,n-Propylbenzene,2002-10-29T00:00,0.452,µg/m³,VOC,N/A
50115,MONTRÉAL-MAISONNEUVE,n-Propylbenzene,2002-11-04T00:00,0.088,µg/m³,VOC,N/A
50115,MONTRÉAL-MAISONNEUVE,n-Propylbenzene,2002-11-10T00:00,0.266,µg/m³,VOC,N/A
50115,MONTRÉAL-MAISONNEUVE,n-Propylbenzene,2002-11-16T00:00,0.116,µg/m³,VOC,N/A
50115,MONTRÉAL-MAISONNEUVE,n-Propylbenzene,2002-11-22T00:00,0.247,µg/m³,VOC,N/A
50115,MONTRÉAL-MAISONNEUVE,n-Propylbenzene,2002-11-28T00:00,0.078,µg/m³,VOC,N/A
50115,MONTRÉAL-MAISONNEUVE,n-Propylbenzene,2002-12-04T00:00,0.075,µg/m³,VOC,N/A
50115,MONTRÉAL-MAISONNEUVE,n-Propylbenzene,2002-12-10T00:00,0.128,µg/m³,VOC,N/A
50115,MONTRÉAL-MAISONNEUVE,n-Propylbenzene,2002-12-16T00:00,0.147,µg/m³,VOC,N/A
50115,MONTRÉAL-MAISONNEUVE,n-Propylbenzene,2002-12-22T00:00,0.113,µg/m³,VOC,N/A
50115,MONTRÉAL-MAISONNEUVE,n-Propylbenzene,2002-12-28T00:00,0.148,µg/m³,VOC,N/A
