﻿NAPS_Site_ID,Station_Name,Pollutant,Date,Value,Units,Report_Type,Method
100137,BURNABY NORTH,4-Methyl-1-pentene,2011-01-03T00:00,0.216,µg/m³,VOC,N/A
100137,BURNABY NORTH,4-Methyl-1-pentene,2011-01-09T00:00,0.084,µg/m³,VOC,N/A
100137,BURNABY NORTH,4-Methyl-1-pentene,2011-01-15T00:00,0.179,µg/m³,VOC,N/A
100137,BURNABY NORTH,4-Methyl-1-pentene,2011-01-21T00:00,0.174,µg/m³,VOC,N/A
100137,BURNABY NORTH,4-Methyl-1-pentene,2011-01-27T00:00,0.745,µg/m³,VOC,N/A
100137,BURNABY NORTH,4-Methyl-1-pentene,2011-02-02T00:00,0.401,µg/m³,VOC,N/A
100137,BURNABY NORTH,4-Methyl-1-pentene,2011-02-08T00:00,0.071,µg/m³,VOC,N/A
100137,BURNABY NORTH,4-Methyl-1-pentene,2011-02-14T00:00,0.009,µg/m³,VOC,N/A
100137,BURNABY NORTH,4-Methyl-1-pentene,2011-02-20T00:00,0.036,µg/m³,VOC,N/A
100137,BURNABY NORTH,4-Methyl-1-pentene,2011-02-26T00:00,0.009,µg/m³,VOC,N/A
100137,BURNABY NORTH,4-Methyl-1-pentene,2011-03-10T00:00,0.007,µg/m³,VOC,N/A
100137,BURNABY NORTH,4-Methyl-1-pentene,2011-03-16T00:00,0.021,µg/m³,VOC,N/A
100137,BURNABY NORTH,4-Methyl-1-pentene,2011-03-22T00:00,0.138,µg/m³,VOC,N/A
100137,BURNABY NORTH,4-Methyl-1-pentene,2011-03-28T00:00,0.020,µg/m³,VOC,N/A
100137,BURNABY NORTH,4-Methyl-1-pentene,2011-04-03T00:00,0.064,µg/m³,VOC,N/A
100137,BURNABY NORTH,4-Methyl-1-pentene,2011-04-09T00:00,0.278,µg/m³,VOC,N/A
100137,BURNABY NORTH,4-Methyl-1-pentene,2011-04-15T00:00,0.029,µg/m³,VOC,N/A
100137,BURNABY NORTH,4-Methyl-1-pentene,2011-04-21T00:00,0.013,µg/m³,VOC,N/A
100137,BURNABY NORTH,4-Methyl-1-pentene,2011-04-27T00:00,0.008,µg/m³,VOC,N/A
100137,BURNABY NORTH,4-Methyl-1-pentene,2011-05-03T00:00,0.014,µg/m³,VOC,N/A
100137,BURNABY NORTH,4-Methyl-1-pentene,2011-05-09T00:00,0.019,µg/m³,VOC,N/A
100137,BURNABY NORTH,4-Methyl-1-pentene,2011-05-15T00:00,0.012,µg/m³,VOC,N/A
100137,BURNABY NORTH,4-Methyl-1-pentene,2011-05-21T00:00,0.000,µg/m³,VOC,N/A
100137,BURNABY NORTH,4-Methyl-1-pentene,2011-05-27T00:00,0.011,µg/m³,VOC,N/A
100137,BURNABY NORTH,4-Methyl-1-pentene,2011-06-02T00:00,0.013,µg/m³,VOC,N/A
100137,BURNABY NORTH,4-Methyl-1-pentene,2011-06-08T00:00,0.010,µg/m³,VOC,N/A
100137,BURNABY NORTH,4-Methyl-1-pentene,2011-06-14T00:00,0.000,µg/m³,VOC,N/A
100137,BURNABY NORTH,4-Methyl-1-pentene,2011-06-20T00:00,0.031,µg/m³,VOC,N/A
100137,BURNABY NORTH,4-Methyl-1-pentene,2011-06-26T00:00,0.050,µg/m³,VOC,N/A
100137,BURNABY NORTH,4-Methyl-1-pentene,2011-07-08T00:00,0.047,µg/m³,VOC,N/A
100137,BURNABY NORTH,4-Methyl-1-pentene,2011-07-14T00:00,0.043,µg/m³,VOC,N/A
100137,BURNABY NORTH,4-Methyl-1-pentene,2011-07-20T00:00,0.000,µg/m³,VOC,N/A
100137,BURNABY NORTH,4-Methyl-1-pentene,2011-07-26T00:00,0.000,µg/m³,VOC,N/A
100137,BURNABY NORTH,4-Methyl-1-pentene,2011-08-01T00:00,0.042,µg/m³,VOC,N/A
100137,BURNABY NORTH,4-Methyl-1-pentene,2011-08-07T00:00,0.057,µg/m³,VOC,N/A
100137,BURNABY NORTH,4-Methyl-1-pentene,2011-08-13T00:00,0.061,µg/m³,VOC,N/A
100137,BURNABY NORTH,4-Methyl-1-pentene,2011-08-19T00:00,0.069,µg/m³,VOC,N/A
100137,BURNABY NORTH,4-Methyl-1-pentene,2011-08-25T00:00,0.091,µg/m³,VOC,N/A
100137,BURNABY NORTH,4-Methyl-1-pentene,2011-08-31T00:00,0.051,µg/m³,VOC,N/A
100137,BURNABY NORTH,4-Methyl-1-pentene,2011-09-06T00:00,0.081,µg/m³,VOC,N/A
100137,BURNABY NORTH,4-Methyl-1-pentene,2011-09-12T00:00,0.057,µg/m³,VOC,N/A
100137,BURNABY NORTH,4-Methyl-1-pentene,2011-09-18T00:00,0.059,µg/m³,VOC,N/A
100137,BURNABY NORTH,4-Methyl-1-pentene,2011-09-24T00:00,0.120,µg/m³,VOC,N/A
100137,BURNABY NORTH,4-Methyl-1-pentene,2011-09-30T00:00,0.061,µg/m³,VOC,N/A
100137,BURNABY NORTH,4-Methyl-1-pentene,2011-10-06T00:00,0.117,µg/m³,VOC,N/A
100137,BURNABY NORTH,4-Methyl-1-pentene,2011-10-12T00:00,0.034,µg/m³,VOC,N/A
100137,BURNABY NORTH,4-Methyl-1-pentene,2011-10-18T00:00,0.100,µg/m³,VOC,N/A
100137,BURNABY NORTH,4-Methyl-1-pentene,2011-10-24T00:00,0.058,µg/m³,VOC,N/A
100137,BURNABY NORTH,4-Methyl-1-pentene,2011-11-05T00:00,0.032,µg/m³,VOC,N/A
100137,BURNABY NORTH,4-Methyl-1-pentene,2011-11-29T00:00,0.036,µg/m³,VOC,N/A
100137,BURNABY NORTH,4-Methyl-1-pentene,2011-12-05T00:00,0.079,µg/m³,VOC,N/A
100137,BURNABY NORTH,4-Methyl-1-pentene,2011-12-11T00:00,0.042,µg/m³,VOC,N/A
100137,BURNABY NORTH,4-Methyl-1-pentene,2011-12-17T00:00,0.057,µg/m³,VOC,N/A
100137,BURNABY NORTH,4-Methyl-1-pentene,2011-12-23T00:00,0.042,µg/m³,VOC,N/A
100137,BURNABY NORTH,4-Methyl-1-pentene,2011-12-29T00:00,0.018,µg/m³,VOC,N/A
