﻿NAPS_Site_ID,Station_Name,Pollutant,Date,Value,Units,Report_Type,Method
90230,CALGARY CENTRAL - INGLEWOOD,Ethane,2018-01-02T00:00,6.238,µg/m³,VOC,GC-FID
90230,CALGARY CENTRAL - INGLEWOOD,Ethane,2018-01-08T00:00,12.123,µg/m³,VOC,GC-FID
90230,CALGARY CENTRAL - INGLEWOOD,Ethane,2018-01-14T00:00,11.346,µg/m³,VOC,GC-FID
90230,CALGARY CENTRAL - INGLEWOOD,Ethane,2018-01-20T00:00,7.050,µg/m³,VOC,GC-FID
90230,CALGARY CENTRAL - INGLEWOOD,Ethane,2018-01-26T00:00,12.335,µg/m³,VOC,GC-FID
90230,CALGARY CENTRAL - INGLEWOOD,Ethane,2018-02-19T00:00,8.738,µg/m³,VOC,GC-FID
90230,CALGARY CENTRAL - INGLEWOOD,Ethane,2018-02-25T00:00,6.824,µg/m³,VOC,GC-FID
90230,CALGARY CENTRAL - INGLEWOOD,Ethane,2018-03-03T00:00,6.155,µg/m³,VOC,GC-FID
90230,CALGARY CENTRAL - INGLEWOOD,Ethane,2018-03-09T00:00,16.357,µg/m³,VOC,GC-FID
90230,CALGARY CENTRAL - INGLEWOOD,Ethane,2018-03-15T00:00,12.958,µg/m³,VOC,GC-FID
90230,CALGARY CENTRAL - INGLEWOOD,Ethane,2018-03-21T00:00,9.671,µg/m³,VOC,GC-FID
90230,CALGARY CENTRAL - INGLEWOOD,Ethane,2018-03-27T00:00,4.683,µg/m³,VOC,GC-FID
90230,CALGARY CENTRAL - INGLEWOOD,Ethane,2018-04-02T00:00,5.211,µg/m³,VOC,GC-FID
90230,CALGARY CENTRAL - INGLEWOOD,Ethane,2018-07-01T00:00,2.617,µg/m³,VOC,GC-FID
90230,CALGARY CENTRAL - INGLEWOOD,Ethane,2018-07-07T00:00,2.127,µg/m³,VOC,GC-FID
90230,CALGARY CENTRAL - INGLEWOOD,Ethane,2018-07-13T00:00,4.783,µg/m³,VOC,GC-FID
90230,CALGARY CENTRAL - INGLEWOOD,Ethane,2018-07-19T00:00,4.111,µg/m³,VOC,GC-FID
90230,CALGARY CENTRAL - INGLEWOOD,Ethane,2018-07-25T00:00,5.116,µg/m³,VOC,GC-FID
90230,CALGARY CENTRAL - INGLEWOOD,Ethane,2018-07-31T00:00,3.423,µg/m³,VOC,GC-FID
90230,CALGARY CENTRAL - INGLEWOOD,Ethane,2018-08-12T00:00,4.105,µg/m³,VOC,GC-FID
90230,CALGARY CENTRAL - INGLEWOOD,Ethane,2018-08-18T00:00,10.338,µg/m³,VOC,GC-FID
90230,CALGARY CENTRAL - INGLEWOOD,Ethane,2018-08-24T00:00,10.772,µg/m³,VOC,GC-FID
90230,CALGARY CENTRAL - INGLEWOOD,Ethane,2018-08-30T00:00,3.889,µg/m³,VOC,GC-FID
90230,CALGARY CENTRAL - INGLEWOOD,Ethane,2018-09-29T00:00,4.041,µg/m³,VOC,GC-FID
90230,CALGARY CENTRAL - INGLEWOOD,Ethane,2018-10-05T00:00,7.074,µg/m³,VOC,GC-FID
90230,CALGARY CENTRAL - INGLEWOOD,Ethane,2018-10-11T00:00,6.401,µg/m³,VOC,GC-FID
90230,CALGARY CENTRAL - INGLEWOOD,Ethane,2018-10-17T00:00,4.360,µg/m³,VOC,GC-FID
90230,CALGARY CENTRAL - INGLEWOOD,Ethane,2018-10-23T00:00,10.523,µg/m³,VOC,GC-FID
90230,CALGARY CENTRAL - INGLEWOOD,Ethane,2018-10-29T00:00,6.593,µg/m³,VOC,GC-FID
90230,CALGARY CENTRAL - INGLEWOOD,Ethane,2018-11-04T00:00,7.853,µg/m³,VOC,GC-FID
90230,CALGARY CENTRAL - INGLEWOOD,Ethane,2018-11-10T00:00,5.062,µg/m³,VOC,GC-FID
90230,CALGARY CENTRAL - INGLEWOOD,Ethane,2018-11-16T00:00,5.583,µg/m³,VOC,GC-FID
90230,CALGARY CENTRAL - INGLEWOOD,Ethane,2018-11-22T00:00,13.742,µg/m³,VOC,GC-FID
90230,CALGARY CENTRAL - INGLEWOOD,Ethane,2018-11-28T00:00,8.164,µg/m³,VOC,GC-FID
90230,CALGARY CENTRAL - INGLEWOOD,Ethane,2018-12-04T00:00,10.173,µg/m³,VOC,GC-FID
90230,CALGARY CENTRAL - INGLEWOOD,Ethane,2018-12-10T00:00,4.209,µg/m³,VOC,GC-FID
90230,CALGARY CENTRAL - INGLEWOOD,Ethane,2018-12-16T00:00,8.875,µg/m³,VOC,GC-FID
90230,CALGARY CENTRAL - INGLEWOOD,Ethane,2018-12-22T00:00,6.478,µg/m³,VOC,GC-FID
