﻿NAPS_Site_ID,Station_Name,Pollutant,Date,Value,Units,Report_Type,Method
54401,SAINT-ANICET,OC_R,2006-01-02T00:00,1.446,µg/m³,CARB,
54401,SAINT-ANICET,OC_R,2006-01-02T00:00,5.185,µg/m³,CARB,
54401,SAINT-ANICET,OC_R,2006-01-14T00:00,0.832,µg/m³,CARB,
54401,SAINT-ANICET,OC_R,2006-01-14T00:00,2.129,µg/m³,CARB,
54401,SAINT-ANICET,OC_R,2006-01-17T00:00,1.075,µg/m³,CARB,
54401,SAINT-ANICET,OC_R,2006-01-17T00:00,3.086,µg/m³,CARB,
54401,SAINT-ANICET,OC_R,2006-01-20T00:00,0.775,µg/m³,CARB,
54401,SAINT-ANICET,OC_R,2006-01-20T00:00,2.900,µg/m³,CARB,
54401,SAINT-ANICET,OC_R,2006-01-23T00:00,1.845,µg/m³,CARB,
54401,SAINT-ANICET,OC_R,2006-01-23T00:00,7.319,µg/m³,CARB,
54401,SAINT-ANICET,OC_R,2006-01-26T00:00,0.877,µg/m³,CARB,
54401,SAINT-ANICET,OC_R,2006-01-26T00:00,1.604,µg/m³,CARB,
54401,SAINT-ANICET,OC_R,2006-01-29T00:00,1.252,µg/m³,CARB,
54401,SAINT-ANICET,OC_R,2006-01-29T00:00,3.624,µg/m³,CARB,
54401,SAINT-ANICET,OC_R,2006-02-01T00:00,2.149,µg/m³,CARB,
54401,SAINT-ANICET,OC_R,2006-02-01T00:00,2.599,µg/m³,CARB,
54401,SAINT-ANICET,OC_R,2006-02-04T00:00,1.082,µg/m³,CARB,
54401,SAINT-ANICET,OC_R,2006-02-04T00:00,3.347,µg/m³,CARB,
54401,SAINT-ANICET,OC_R,2006-02-07T00:00,1.133,µg/m³,CARB,
54401,SAINT-ANICET,OC_R,2006-02-07T00:00,1.645,µg/m³,CARB,
54401,SAINT-ANICET,OC_R,2006-02-10T00:00,0.799,µg/m³,CARB,
54401,SAINT-ANICET,OC_R,2006-02-10T00:00,2.203,µg/m³,CARB,
54401,SAINT-ANICET,OC_R,2006-02-13T00:00,2.786,µg/m³,CARB,
54401,SAINT-ANICET,OC_R,2006-02-16T00:00,1.468,µg/m³,CARB,
54401,SAINT-ANICET,OC_R,2006-02-16T00:00,3.467,µg/m³,CARB,
54401,SAINT-ANICET,OC_R,2006-02-19T00:00,1.681,µg/m³,CARB,
54401,SAINT-ANICET,OC_R,2006-02-22T00:00,1.380,µg/m³,CARB,
54401,SAINT-ANICET,OC_R,2006-02-22T00:00,3.563,µg/m³,CARB,
54401,SAINT-ANICET,OC_R,2006-02-25T00:00,1.150,µg/m³,CARB,
54401,SAINT-ANICET,OC_R,2006-02-25T00:00,3.595,µg/m³,CARB,
54401,SAINT-ANICET,OC_R,2006-02-28T00:00,1.056,µg/m³,CARB,
54401,SAINT-ANICET,OC_R,2006-02-28T00:00,1.746,µg/m³,CARB,
54401,SAINT-ANICET,OC_R,2006-03-03T00:00,0.691,µg/m³,CARB,
54401,SAINT-ANICET,OC_R,2006-03-03T00:00,1.000,µg/m³,CARB,
54401,SAINT-ANICET,OC_R,2006-03-06T00:00,0.742,µg/m³,CARB,
54401,SAINT-ANICET,OC_R,2006-03-06T00:00,1.637,µg/m³,CARB,
54401,SAINT-ANICET,OC_R,2006-03-09T00:00,1.776,µg/m³,CARB,
54401,SAINT-ANICET,OC_R,2006-03-09T00:00,4.292,µg/m³,CARB,
54401,SAINT-ANICET,OC_R,2006-03-12T00:00,1.139,µg/m³,CARB,
54401,SAINT-ANICET,OC_R,2006-03-12T00:00,3.071,µg/m³,CARB,
54401,SAINT-ANICET,OC_R,2006-03-15T00:00,1.018,µg/m³,CARB,
54401,SAINT-ANICET,OC_R,2006-03-15T00:00,1.419,µg/m³,CARB,
54401,SAINT-ANICET,OC_R,2006-03-18T00:00,0.705,µg/m³,CARB,
54401,SAINT-ANICET,OC_R,2006-03-18T00:00,1.412,µg/m³,CARB,
54401,SAINT-ANICET,OC_R,2006-03-21T00:00,1.248,µg/m³,CARB,
54401,SAINT-ANICET,OC_R,2006-03-21T00:00,2.066,µg/m³,CARB,
54401,SAINT-ANICET,OC_R,2006-03-24T00:00,1.178,µg/m³,CARB,
54401,SAINT-ANICET,OC_R,2006-03-24T00:00,1.955,µg/m³,CARB,
54401,SAINT-ANICET,OC_R,2006-03-27T00:00,1.413,µg/m³,CARB,
54401,SAINT-ANICET,OC_R,2006-03-27T00:00,1.510,µg/m³,CARB,
54401,SAINT-ANICET,OC_R,2006-03-30T00:00,1.293,µg/m³,CARB,
54401,SAINT-ANICET,OC_R,2006-03-30T00:00,3.696,µg/m³,CARB,
54401,SAINT-ANICET,OC_R,2006-04-02T00:00,1.412,µg/m³,CARB,
54401,SAINT-ANICET,OC_R,2006-04-02T00:00,1.792,µg/m³,CARB,
54401,SAINT-ANICET,OC_R,2006-04-05T00:00,1.452,µg/m³,CARB,
54401,SAINT-ANICET,OC_R,2006-04-05T00:00,2.425,µg/m³,CARB,
54401,SAINT-ANICET,OC_R,2006-04-08T00:00,1.687,µg/m³,CARB,
54401,SAINT-ANICET,OC_R,2006-04-08T00:00,1.720,µg/m³,CARB,
54401,SAINT-ANICET,OC_R,2006-04-11T00:00,2.196,µg/m³,CARB,
54401,SAINT-ANICET,OC_R,2006-04-11T00:00,3.897,µg/m³,CARB,
54401,SAINT-ANICET,OC_R,2006-04-14T00:00,2.015,µg/m³,CARB,
54401,SAINT-ANICET,OC_R,2006-04-14T00:00,2.655,µg/m³,CARB,
54401,SAINT-ANICET,OC_R,2006-04-17T00:00,2.110,µg/m³,CARB,
54401,SAINT-ANICET,OC_R,2006-04-17T00:00,2.129,µg/m³,CARB,
54401,SAINT-ANICET,OC_R,2006-04-20T00:00,1.762,µg/m³,CARB,
54401,SAINT-ANICET,OC_R,2006-04-20T00:00,3.045,µg/m³,CARB,
54401,SAINT-ANICET,OC_R,2006-04-23T00:00,1.464,µg/m³,CARB,
54401,SAINT-ANICET,OC_R,2006-04-23T00:00,1.715,µg/m³,CARB,
54401,SAINT-ANICET,OC_R,2006-04-26T00:00,1.147,µg/m³,CARB,
54401,SAINT-ANICET,OC_R,2006-04-26T00:00,1.940,µg/m³,CARB,
54401,SAINT-ANICET,OC_R,2006-04-29T00:00,3.795,µg/m³,CARB,
54401,SAINT-ANICET,OC_R,2006-05-02T00:00,2.211,µg/m³,CARB,
54401,SAINT-ANICET,OC_R,2006-05-02T00:00,2.674,µg/m³,CARB,
54401,SAINT-ANICET,OC_R,2006-05-05T00:00,2.156,µg/m³,CARB,
54401,SAINT-ANICET,OC_R,2006-05-05T00:00,3.321,µg/m³,CARB,
54401,SAINT-ANICET,OC_R,2006-05-08T00:00,1.871,µg/m³,CARB,
54401,SAINT-ANICET,OC_R,2006-05-08T00:00,2.787,µg/m³,CARB,
54401,SAINT-ANICET,OC_R,2006-05-11T00:00,2.509,µg/m³,CARB,
54401,SAINT-ANICET,OC_R,2006-05-11T00:00,3.068,µg/m³,CARB,
54401,SAINT-ANICET,OC_R,2006-05-14T00:00,1.985,µg/m³,CARB,
54401,SAINT-ANICET,OC_R,2006-05-14T00:00,3.570,µg/m³,CARB,
54401,SAINT-ANICET,OC_R,2006-05-17T00:00,1.601,µg/m³,CARB,
54401,SAINT-ANICET,OC_R,2006-05-17T00:00,2.811,µg/m³,CARB,
54401,SAINT-ANICET,OC_R,2006-05-20T00:00,1.346,µg/m³,CARB,
54401,SAINT-ANICET,OC_R,2006-05-20T00:00,1.813,µg/m³,CARB,
54401,SAINT-ANICET,OC_R,2006-05-23T00:00,2.052,µg/m³,CARB,
54401,SAINT-ANICET,OC_R,2006-05-23T00:00,2.099,µg/m³,CARB,
54401,SAINT-ANICET,OC_R,2006-05-26T00:00,1.932,µg/m³,CARB,
54401,SAINT-ANICET,OC_R,2006-05-26T00:00,4.424,µg/m³,CARB,
54401,SAINT-ANICET,OC_R,2006-05-29T00:00,1.918,µg/m³,CARB,
54401,SAINT-ANICET,OC_R,2006-05-29T00:00,4.423,µg/m³,CARB,
54401,SAINT-ANICET,OC_R,2006-06-01T00:00,2.290,µg/m³,CARB,
54401,SAINT-ANICET,OC_R,2006-06-01T00:00,3.489,µg/m³,CARB,
54401,SAINT-ANICET,OC_R,2006-06-04T00:00,1.904,µg/m³,CARB,
54401,SAINT-ANICET,OC_R,2006-06-04T00:00,3.774,µg/m³,CARB,
54401,SAINT-ANICET,OC_R,2006-06-07T00:00,1.886,µg/m³,CARB,
54401,SAINT-ANICET,OC_R,2006-06-07T00:00,4.344,µg/m³,CARB,
54401,SAINT-ANICET,OC_R,2006-06-10T00:00,1.371,µg/m³,CARB,
54401,SAINT-ANICET,OC_R,2006-06-10T00:00,1.827,µg/m³,CARB,
54401,SAINT-ANICET,OC_R,2006-06-13T00:00,1.152,µg/m³,CARB,
54401,SAINT-ANICET,OC_R,2006-06-13T00:00,4.137,µg/m³,CARB,
54401,SAINT-ANICET,OC_R,2006-06-16T00:00,2.041,µg/m³,CARB,
54401,SAINT-ANICET,OC_R,2006-06-16T00:00,3.908,µg/m³,CARB,
54401,SAINT-ANICET,OC_R,2006-06-19T00:00,1.661,µg/m³,CARB,
54401,SAINT-ANICET,OC_R,2006-06-19T00:00,3.842,µg/m³,CARB,
54401,SAINT-ANICET,OC_R,2006-06-22T00:00,1.345,µg/m³,CARB,
54401,SAINT-ANICET,OC_R,2006-06-22T00:00,3.532,µg/m³,CARB,
54401,SAINT-ANICET,OC_R,2006-06-25T00:00,2.347,µg/m³,CARB,
54401,SAINT-ANICET,OC_R,2006-06-25T00:00,3.338,µg/m³,CARB,
54401,SAINT-ANICET,OC_R,2006-06-28T00:00,1.462,µg/m³,CARB,
54401,SAINT-ANICET,OC_R,2006-06-28T00:00,1.818,µg/m³,CARB,
54401,SAINT-ANICET,OC_R,2006-07-01T00:00,1.717,µg/m³,CARB,
54401,SAINT-ANICET,OC_R,2006-07-01T00:00,6.140,µg/m³,CARB,
54401,SAINT-ANICET,OC_R,2006-07-04T00:00,1.627,µg/m³,CARB,
54401,SAINT-ANICET,OC_R,2006-07-04T00:00,5.063,µg/m³,CARB,
54401,SAINT-ANICET,OC_R,2006-07-07T00:00,1.622,µg/m³,CARB,
54401,SAINT-ANICET,OC_R,2006-07-07T00:00,3.809,µg/m³,CARB,
54401,SAINT-ANICET,OC_R,2006-07-10T00:00,2.275,µg/m³,CARB,
54401,SAINT-ANICET,OC_R,2006-07-10T00:00,5.220,µg/m³,CARB,
54401,SAINT-ANICET,OC_R,2006-07-13T00:00,2.015,µg/m³,CARB,
54401,SAINT-ANICET,OC_R,2006-07-13T00:00,4.841,µg/m³,CARB,
54401,SAINT-ANICET,OC_R,2006-07-16T00:00,1.836,µg/m³,CARB,
54401,SAINT-ANICET,OC_R,2006-07-16T00:00,4.639,µg/m³,CARB,
54401,SAINT-ANICET,OC_R,2006-07-19T00:00,1.728,µg/m³,CARB,
54401,SAINT-ANICET,OC_R,2006-07-19T00:00,3.804,µg/m³,CARB,
54401,SAINT-ANICET,OC_R,2006-07-22T00:00,1.720,µg/m³,CARB,
54401,SAINT-ANICET,OC_R,2006-07-22T00:00,3.071,µg/m³,CARB,
54401,SAINT-ANICET,OC_R,2006-07-25T00:00,1.533,µg/m³,CARB,
54401,SAINT-ANICET,OC_R,2006-07-25T00:00,3.348,µg/m³,CARB,
54401,SAINT-ANICET,OC_R,2006-07-28T00:00,1.206,µg/m³,CARB,
54401,SAINT-ANICET,OC_R,2006-07-28T00:00,3.799,µg/m³,CARB,
54401,SAINT-ANICET,OC_R,2006-07-31T00:00,0.868,µg/m³,CARB,
54401,SAINT-ANICET,OC_R,2006-07-31T00:00,3.068,µg/m³,CARB,
54401,SAINT-ANICET,OC_R,2006-08-03T00:00,1.652,µg/m³,CARB,
54401,SAINT-ANICET,OC_R,2006-08-03T00:00,4.010,µg/m³,CARB,
54401,SAINT-ANICET,OC_R,2006-08-06T00:00,2.111,µg/m³,CARB,
54401,SAINT-ANICET,OC_R,2006-08-06T00:00,3.640,µg/m³,CARB,
54401,SAINT-ANICET,OC_R,2006-08-09T00:00,1.197,µg/m³,CARB,
54401,SAINT-ANICET,OC_R,2006-08-09T00:00,2.491,µg/m³,CARB,
54401,SAINT-ANICET,OC_R,2006-08-12T00:00,1.388,µg/m³,CARB,
54401,SAINT-ANICET,OC_R,2006-08-12T00:00,1.683,µg/m³,CARB,
54401,SAINT-ANICET,OC_R,2006-08-15T00:00,1.895,µg/m³,CARB,
54401,SAINT-ANICET,OC_R,2006-08-15T00:00,3.795,µg/m³,CARB,
54401,SAINT-ANICET,OC_R,2006-08-18T00:00,1.402,µg/m³,CARB,
54401,SAINT-ANICET,OC_R,2006-08-18T00:00,4.888,µg/m³,CARB,
54401,SAINT-ANICET,OC_R,2006-08-21T00:00,2.272,µg/m³,CARB,
54401,SAINT-ANICET,OC_R,2006-08-21T00:00,3.716,µg/m³,CARB,
54401,SAINT-ANICET,OC_R,2006-08-24T00:00,1.479,µg/m³,CARB,
54401,SAINT-ANICET,OC_R,2006-08-27T00:00,1.969,µg/m³,CARB,
54401,SAINT-ANICET,OC_R,2006-08-27T00:00,3.605,µg/m³,CARB,
54401,SAINT-ANICET,OC_R,2006-08-30T00:00,1.749,µg/m³,CARB,
54401,SAINT-ANICET,OC_R,2006-08-30T00:00,3.203,µg/m³,CARB,
54401,SAINT-ANICET,OC_R,2006-09-02T00:00,1.530,µg/m³,CARB,
54401,SAINT-ANICET,OC_R,2006-09-02T00:00,3.177,µg/m³,CARB,
54401,SAINT-ANICET,OC_R,2006-09-05T00:00,1.858,µg/m³,CARB,
54401,SAINT-ANICET,OC_R,2006-09-05T00:00,2.645,µg/m³,CARB,
54401,SAINT-ANICET,OC_R,2006-09-08T00:00,1.667,µg/m³,CARB,
54401,SAINT-ANICET,OC_R,2006-09-08T00:00,4.126,µg/m³,CARB,
54401,SAINT-ANICET,OC_R,2006-09-11T00:00,1.317,µg/m³,CARB,
54401,SAINT-ANICET,OC_R,2006-09-11T00:00,3.483,µg/m³,CARB,
54401,SAINT-ANICET,OC_R,2006-09-14T00:00,2.071,µg/m³,CARB,
54401,SAINT-ANICET,OC_R,2006-09-14T00:00,3.080,µg/m³,CARB,
54401,SAINT-ANICET,OC_R,2006-09-17T00:00,0.854,µg/m³,CARB,
54401,SAINT-ANICET,OC_R,2006-09-17T00:00,3.230,µg/m³,CARB,
54401,SAINT-ANICET,OC_R,2006-09-20T00:00,1.728,µg/m³,CARB,
54401,SAINT-ANICET,OC_R,2006-09-20T00:00,2.911,µg/m³,CARB,
54401,SAINT-ANICET,OC_R,2006-09-23T00:00,1.155,µg/m³,CARB,
54401,SAINT-ANICET,OC_R,2006-09-23T00:00,2.337,µg/m³,CARB,
54401,SAINT-ANICET,OC_R,2006-09-26T00:00,1.592,µg/m³,CARB,
54401,SAINT-ANICET,OC_R,2006-09-26T00:00,2.074,µg/m³,CARB,
54401,SAINT-ANICET,OC_R,2006-09-29T00:00,1.599,µg/m³,CARB,
54401,SAINT-ANICET,OC_R,2006-09-29T00:00,1.871,µg/m³,CARB,
54401,SAINT-ANICET,OC_R,2006-10-02T00:00,1.882,µg/m³,CARB,
54401,SAINT-ANICET,OC_R,2006-10-02T00:00,3.574,µg/m³,CARB,
54401,SAINT-ANICET,OC_R,2006-10-05T00:00,1.504,µg/m³,CARB,
54401,SAINT-ANICET,OC_R,2006-10-05T00:00,1.955,µg/m³,CARB,
54401,SAINT-ANICET,OC_R,2006-10-08T00:00,1.645,µg/m³,CARB,
54401,SAINT-ANICET,OC_R,2006-10-08T00:00,3.843,µg/m³,CARB,
54401,SAINT-ANICET,OC_R,2006-10-11T00:00,2.089,µg/m³,CARB,
54401,SAINT-ANICET,OC_R,2006-10-11T00:00,4.003,µg/m³,CARB,
54401,SAINT-ANICET,OC_R,2006-10-14T00:00,1.566,µg/m³,CARB,
54401,SAINT-ANICET,OC_R,2006-10-14T00:00,2.726,µg/m³,CARB,
54401,SAINT-ANICET,OC_R,2006-10-17T00:00,1.728,µg/m³,CARB,
54401,SAINT-ANICET,OC_R,2006-10-17T00:00,3.335,µg/m³,CARB,
54401,SAINT-ANICET,OC_R,2006-10-20T00:00,1.112,µg/m³,CARB,
54401,SAINT-ANICET,OC_R,2006-10-20T00:00,1.550,µg/m³,CARB,
54401,SAINT-ANICET,OC_R,2006-10-23T00:00,1.837,µg/m³,CARB,
54401,SAINT-ANICET,OC_R,2006-10-23T00:00,1.944,µg/m³,CARB,
54401,SAINT-ANICET,OC_R,2006-10-26T00:00,1.497,µg/m³,CARB,
54401,SAINT-ANICET,OC_R,2006-10-26T00:00,2.476,µg/m³,CARB,
54401,SAINT-ANICET,OC_R,2006-10-29T00:00,1.406,µg/m³,CARB,
54401,SAINT-ANICET,OC_R,2006-10-29T00:00,2.024,µg/m³,CARB,
54401,SAINT-ANICET,OC_R,2006-11-01T00:00,1.157,µg/m³,CARB,
54401,SAINT-ANICET,OC_R,2006-11-01T00:00,1.816,µg/m³,CARB,
54401,SAINT-ANICET,OC_R,2006-11-07T00:00,1.281,µg/m³,CARB,
54401,SAINT-ANICET,OC_R,2006-11-07T00:00,3.681,µg/m³,CARB,
54401,SAINT-ANICET,OC_R,2006-11-10T00:00,1.594,µg/m³,CARB,
54401,SAINT-ANICET,OC_R,2006-11-10T00:00,1.663,µg/m³,CARB,
54401,SAINT-ANICET,OC_R,2006-11-13T00:00,1.504,µg/m³,CARB,
54401,SAINT-ANICET,OC_R,2006-11-13T00:00,2.593,µg/m³,CARB,
54401,SAINT-ANICET,OC_R,2006-11-16T00:00,1.324,µg/m³,CARB,
54401,SAINT-ANICET,OC_R,2006-11-16T00:00,1.509,µg/m³,CARB,
54401,SAINT-ANICET,OC_R,2006-11-19T00:00,1.086,µg/m³,CARB,
54401,SAINT-ANICET,OC_R,2006-11-19T00:00,1.482,µg/m³,CARB,
54401,SAINT-ANICET,OC_R,2006-11-22T00:00,1.007,µg/m³,CARB,
54401,SAINT-ANICET,OC_R,2006-11-22T00:00,3.242,µg/m³,CARB,
54401,SAINT-ANICET,OC_R,2006-11-25T00:00,1.744,µg/m³,CARB,
54401,SAINT-ANICET,OC_R,2006-11-25T00:00,3.895,µg/m³,CARB,
54401,SAINT-ANICET,OC_R,2006-11-28T00:00,1.458,µg/m³,CARB,
54401,SAINT-ANICET,OC_R,2006-11-28T00:00,2.781,µg/m³,CARB,
54401,SAINT-ANICET,OC_R,2006-12-01T00:00,1.457,µg/m³,CARB,
54401,SAINT-ANICET,OC_R,2006-12-01T00:00,2.734,µg/m³,CARB,
54401,SAINT-ANICET,OC_R,2006-12-04T00:00,1.672,µg/m³,CARB,
54401,SAINT-ANICET,OC_R,2006-12-04T00:00,2.514,µg/m³,CARB,
54401,SAINT-ANICET,OC_R,2006-12-07T00:00,1.040,µg/m³,CARB,
54401,SAINT-ANICET,OC_R,2006-12-07T00:00,2.555,µg/m³,CARB,
54401,SAINT-ANICET,OC_R,2006-12-10T00:00,1.455,µg/m³,CARB,
54401,SAINT-ANICET,OC_R,2006-12-10T00:00,3.518,µg/m³,CARB,
54401,SAINT-ANICET,OC_R,2006-12-13T00:00,1.756,µg/m³,CARB,
54401,SAINT-ANICET,OC_R,2006-12-13T00:00,3.823,µg/m³,CARB,
54401,SAINT-ANICET,OC_R,2006-12-16T00:00,1.751,µg/m³,CARB,
54401,SAINT-ANICET,OC_R,2006-12-16T00:00,1.935,µg/m³,CARB,
54401,SAINT-ANICET,OC_R,2006-12-19T00:00,1.997,µg/m³,CARB,
54401,SAINT-ANICET,OC_R,2006-12-19T00:00,2.455,µg/m³,CARB,
54401,SAINT-ANICET,OC_R,2006-12-22T00:00,1.525,µg/m³,CARB,
54401,SAINT-ANICET,OC_R,2006-12-22T00:00,2.318,µg/m³,CARB,
54401,SAINT-ANICET,OC_R,2006-12-25T00:00,0.972,µg/m³,CARB,
54401,SAINT-ANICET,OC_R,2006-12-25T00:00,1.878,µg/m³,CARB,
54401,SAINT-ANICET,OC_R,2006-12-28T00:00,0.598,µg/m³,CARB,
54401,SAINT-ANICET,OC_R,2006-12-28T00:00,1.687,µg/m³,CARB,
