﻿NAPS_Site_ID,Station_Name,Pollutant,Date,Value,Units,Report_Type,Method
40208,CHAMPLAIN HEIGHTS SCHOOL,2-Methylheptane,2003-01-03T00:00,0.029,µg/m³,VOC,GC-MS
40208,CHAMPLAIN HEIGHTS SCHOOL,2-Methylheptane,2003-01-09T00:00,0.497,µg/m³,VOC,GC-MS
40208,CHAMPLAIN HEIGHTS SCHOOL,2-Methylheptane,2003-01-15T00:00,0.139,µg/m³,VOC,GC-MS
40208,CHAMPLAIN HEIGHTS SCHOOL,2-Methylheptane,2003-01-21T00:00,0.265,µg/m³,VOC,GC-MS
40208,CHAMPLAIN HEIGHTS SCHOOL,2-Methylheptane,2003-01-27T00:00,0.041,µg/m³,VOC,GC-MS
40208,CHAMPLAIN HEIGHTS SCHOOL,2-Methylheptane,2003-02-14T00:00,0.192,µg/m³,VOC,GC-MS
40208,CHAMPLAIN HEIGHTS SCHOOL,2-Methylheptane,2003-02-20T00:00,1.743,µg/m³,VOC,GC-MS
40208,CHAMPLAIN HEIGHTS SCHOOL,2-Methylheptane,2003-02-26T00:00,0.035,µg/m³,VOC,GC-MS
40208,CHAMPLAIN HEIGHTS SCHOOL,2-Methylheptane,2003-03-04T00:00,0.997,µg/m³,VOC,GC-MS
40208,CHAMPLAIN HEIGHTS SCHOOL,2-Methylheptane,2003-03-10T00:00,0.973,µg/m³,VOC,GC-MS
40208,CHAMPLAIN HEIGHTS SCHOOL,2-Methylheptane,2003-03-16T00:00,0.137,µg/m³,VOC,GC-MS
40208,CHAMPLAIN HEIGHTS SCHOOL,2-Methylheptane,2003-03-22T00:00,1.226,µg/m³,VOC,GC-MS
40208,CHAMPLAIN HEIGHTS SCHOOL,2-Methylheptane,2003-03-28T00:00,0.452,µg/m³,VOC,GC-MS
40208,CHAMPLAIN HEIGHTS SCHOOL,2-Methylheptane,2003-04-03T00:00,0.157,µg/m³,VOC,GC-MS
40208,CHAMPLAIN HEIGHTS SCHOOL,2-Methylheptane,2003-04-09T00:00,0.772,µg/m³,VOC,GC-MS
40208,CHAMPLAIN HEIGHTS SCHOOL,2-Methylheptane,2003-04-11T00:00,1.293,µg/m³,VOC,GC-MS
40208,CHAMPLAIN HEIGHTS SCHOOL,2-Methylheptane,2003-04-15T00:00,1.700,µg/m³,VOC,GC-MS
40208,CHAMPLAIN HEIGHTS SCHOOL,2-Methylheptane,2003-04-21T00:00,1.202,µg/m³,VOC,GC-MS
40208,CHAMPLAIN HEIGHTS SCHOOL,2-Methylheptane,2003-04-27T00:00,0.024,µg/m³,VOC,GC-MS
40208,CHAMPLAIN HEIGHTS SCHOOL,2-Methylheptane,2003-05-03T00:00,0.020,µg/m³,VOC,GC-MS
40208,CHAMPLAIN HEIGHTS SCHOOL,2-Methylheptane,2003-05-09T00:00,0.015,µg/m³,VOC,GC-MS
40208,CHAMPLAIN HEIGHTS SCHOOL,2-Methylheptane,2003-05-21T00:00,0.943,µg/m³,VOC,GC-MS
40208,CHAMPLAIN HEIGHTS SCHOOL,2-Methylheptane,2003-05-27T00:00,0.384,µg/m³,VOC,GC-MS
40208,CHAMPLAIN HEIGHTS SCHOOL,2-Methylheptane,2003-06-02T00:00,0.337,µg/m³,VOC,GC-MS
40208,CHAMPLAIN HEIGHTS SCHOOL,2-Methylheptane,2003-06-08T00:00,0.111,µg/m³,VOC,GC-MS
40208,CHAMPLAIN HEIGHTS SCHOOL,2-Methylheptane,2003-06-14T00:00,0.006,µg/m³,VOC,GC-MS
40208,CHAMPLAIN HEIGHTS SCHOOL,2-Methylheptane,2003-06-20T00:00,0.913,µg/m³,VOC,GC-MS
40208,CHAMPLAIN HEIGHTS SCHOOL,2-Methylheptane,2003-06-26T00:00,4.843,µg/m³,VOC,GC-MS
40208,CHAMPLAIN HEIGHTS SCHOOL,2-Methylheptane,2003-07-02T00:00,0.753,µg/m³,VOC,GC-MS
40208,CHAMPLAIN HEIGHTS SCHOOL,2-Methylheptane,2003-07-08T00:00,1.423,µg/m³,VOC,GC-MS
40208,CHAMPLAIN HEIGHTS SCHOOL,2-Methylheptane,2003-07-14T00:00,2.550,µg/m³,VOC,GC-MS
40208,CHAMPLAIN HEIGHTS SCHOOL,2-Methylheptane,2003-07-20T00:00,2.726,µg/m³,VOC,GC-MS
40208,CHAMPLAIN HEIGHTS SCHOOL,2-Methylheptane,2003-07-26T00:00,2.677,µg/m³,VOC,GC-MS
40208,CHAMPLAIN HEIGHTS SCHOOL,2-Methylheptane,2003-08-01T00:00,2.177,µg/m³,VOC,GC-MS
40208,CHAMPLAIN HEIGHTS SCHOOL,2-Methylheptane,2003-08-07T00:00,2.259,µg/m³,VOC,GC-MS
40208,CHAMPLAIN HEIGHTS SCHOOL,2-Methylheptane,2003-08-13T00:00,1.464,µg/m³,VOC,GC-MS
40208,CHAMPLAIN HEIGHTS SCHOOL,2-Methylheptane,2003-08-19T00:00,2.351,µg/m³,VOC,GC-MS
40208,CHAMPLAIN HEIGHTS SCHOOL,2-Methylheptane,2003-08-25T00:00,1.014,µg/m³,VOC,GC-MS
40208,CHAMPLAIN HEIGHTS SCHOOL,2-Methylheptane,2003-08-31T00:00,0.634,µg/m³,VOC,GC-MS
40208,CHAMPLAIN HEIGHTS SCHOOL,2-Methylheptane,2003-09-06T00:00,0.392,µg/m³,VOC,GC-MS
40208,CHAMPLAIN HEIGHTS SCHOOL,2-Methylheptane,2003-09-12T00:00,2.477,µg/m³,VOC,GC-MS
40208,CHAMPLAIN HEIGHTS SCHOOL,2-Methylheptane,2003-09-18T00:00,0.632,µg/m³,VOC,GC-MS
40208,CHAMPLAIN HEIGHTS SCHOOL,2-Methylheptane,2003-09-24T00:00,1.165,µg/m³,VOC,GC-MS
40208,CHAMPLAIN HEIGHTS SCHOOL,2-Methylheptane,2003-09-30T00:00,1.831,µg/m³,VOC,GC-MS
40208,CHAMPLAIN HEIGHTS SCHOOL,2-Methylheptane,2003-10-06T00:00,1.890,µg/m³,VOC,GC-MS
40208,CHAMPLAIN HEIGHTS SCHOOL,2-Methylheptane,2003-10-12T00:00,0.734,µg/m³,VOC,GC-MS
40208,CHAMPLAIN HEIGHTS SCHOOL,2-Methylheptane,2003-10-18T00:00,0.141,µg/m³,VOC,GC-MS
40208,CHAMPLAIN HEIGHTS SCHOOL,2-Methylheptane,2003-10-24T00:00,0.426,µg/m³,VOC,GC-MS
40208,CHAMPLAIN HEIGHTS SCHOOL,2-Methylheptane,2003-10-30T00:00,0.856,µg/m³,VOC,GC-MS
40208,CHAMPLAIN HEIGHTS SCHOOL,2-Methylheptane,2003-11-05T00:00,0.386,µg/m³,VOC,GC-MS
40208,CHAMPLAIN HEIGHTS SCHOOL,2-Methylheptane,2003-11-11T00:00,0.350,µg/m³,VOC,GC-MS
40208,CHAMPLAIN HEIGHTS SCHOOL,2-Methylheptane,2003-11-17T00:00,0.127,µg/m³,VOC,GC-MS
40208,CHAMPLAIN HEIGHTS SCHOOL,2-Methylheptane,2003-11-23T00:00,0.018,µg/m³,VOC,GC-MS
40208,CHAMPLAIN HEIGHTS SCHOOL,2-Methylheptane,2003-11-29T00:00,0.424,µg/m³,VOC,GC-MS
40208,CHAMPLAIN HEIGHTS SCHOOL,2-Methylheptane,2003-12-05T00:00,0.065,µg/m³,VOC,GC-MS
40208,CHAMPLAIN HEIGHTS SCHOOL,2-Methylheptane,2003-12-11T00:00,0.065,µg/m³,VOC,GC-MS
40208,CHAMPLAIN HEIGHTS SCHOOL,2-Methylheptane,2003-12-17T00:00,0.034,µg/m³,VOC,GC-MS
40208,CHAMPLAIN HEIGHTS SCHOOL,2-Methylheptane,2003-12-23T00:00,0.404,µg/m³,VOC,GC-MS
