﻿NAPS_Site_ID,Station_Name,Pollutant,Date,Value,Units,Report_Type,Method
60439,ROADSIDE - WALLBERG (UofT),Selenium,2017-01-04T00:00,0.000,µg/m³,PM2.5,ED-XRF
60439,ROADSIDE - WALLBERG (UofT),Selenium,2017-01-07T00:00,0.002,µg/m³,PM2.5,ED-XRF
60439,ROADSIDE - WALLBERG (UofT),Selenium,2017-01-13T00:00,0.000,µg/m³,PM2.5,ED-XRF
60439,ROADSIDE - WALLBERG (UofT),Selenium,2017-01-16T00:00,0.000,µg/m³,PM2.5,ED-XRF
60439,ROADSIDE - WALLBERG (UofT),Selenium,2017-01-19T00:00,0.001,µg/m³,PM2.5,ED-XRF
60439,ROADSIDE - WALLBERG (UofT),Selenium,2017-01-22T00:00,0.000,µg/m³,PM2.5,ED-XRF
60439,ROADSIDE - WALLBERG (UofT),Selenium,2017-01-25T00:00,0.001,µg/m³,PM2.5,ED-XRF
60439,ROADSIDE - WALLBERG (UofT),Selenium,2017-01-28T00:00,0.000,µg/m³,PM2.5,ED-XRF
60439,ROADSIDE - WALLBERG (UofT),Selenium,2017-01-31T00:00,0.000,µg/m³,PM2.5,ED-XRF
60439,ROADSIDE - WALLBERG (UofT),Selenium,2017-02-03T00:00,0.000,µg/m³,PM2.5,ED-XRF
60439,ROADSIDE - WALLBERG (UofT),Selenium,2017-02-09T00:00,0.000,µg/m³,PM2.5,ED-XRF
60439,ROADSIDE - WALLBERG (UofT),Selenium,2017-02-12T00:00,0.000,µg/m³,PM2.5,ED-XRF
60439,ROADSIDE - WALLBERG (UofT),Selenium,2017-02-15T00:00,0.000,µg/m³,PM2.5,ED-XRF
60439,ROADSIDE - WALLBERG (UofT),Selenium,2017-02-18T00:00,0.000,µg/m³,PM2.5,ED-XRF
60439,ROADSIDE - WALLBERG (UofT),Selenium,2017-02-24T00:00,0.001,µg/m³,PM2.5,ED-XRF
60439,ROADSIDE - WALLBERG (UofT),Selenium,2017-03-08T00:00,0.000,µg/m³,PM2.5,ED-XRF
60439,ROADSIDE - WALLBERG (UofT),Selenium,2017-04-04T00:00,0.000,µg/m³,PM2.5,ED-XRF
60439,ROADSIDE - WALLBERG (UofT),Selenium,2017-04-07T00:00,0.000,µg/m³,PM2.5,ED-XRF
60439,ROADSIDE - WALLBERG (UofT),Selenium,2017-01-01T00:00,0.000,µg/m³,PM2.5,ICPMS
60439,ROADSIDE - WALLBERG (UofT),Selenium,2017-01-04T00:00,0.000,µg/m³,PM2.5,ICPMS
60439,ROADSIDE - WALLBERG (UofT),Selenium,2017-01-04T00:00,0.000,µg/m³,PM2.5,ICPMS
60439,ROADSIDE - WALLBERG (UofT),Selenium,2017-01-07T00:00,0.000,µg/m³,PM2.5,ICPMS
60439,ROADSIDE - WALLBERG (UofT),Selenium,2017-01-07T00:00,0.001,µg/m³,PM2.5,ICPMS
60439,ROADSIDE - WALLBERG (UofT),Selenium,2017-01-10T00:00,0.000,µg/m³,PM2.5,ICPMS
60439,ROADSIDE - WALLBERG (UofT),Selenium,2017-01-13T00:00,0.000,µg/m³,PM2.5,ICPMS
60439,ROADSIDE - WALLBERG (UofT),Selenium,2017-01-13T00:00,0.001,µg/m³,PM2.5,ICPMS
60439,ROADSIDE - WALLBERG (UofT),Selenium,2017-01-16T00:00,0.000,µg/m³,PM2.5,ICPMS
60439,ROADSIDE - WALLBERG (UofT),Selenium,2017-01-16T00:00,0.000,µg/m³,PM2.5,ICPMS
60439,ROADSIDE - WALLBERG (UofT),Selenium,2017-01-19T00:00,0.000,µg/m³,PM2.5,ICPMS
60439,ROADSIDE - WALLBERG (UofT),Selenium,2017-01-22T00:00,0.000,µg/m³,PM2.5,ICPMS
60439,ROADSIDE - WALLBERG (UofT),Selenium,2017-01-22T00:00,0.000,µg/m³,PM2.5,ICPMS
60439,ROADSIDE - WALLBERG (UofT),Selenium,2017-01-25T00:00,0.000,µg/m³,PM2.5,ICPMS
60439,ROADSIDE - WALLBERG (UofT),Selenium,2017-01-25T00:00,0.001,µg/m³,PM2.5,ICPMS
60439,ROADSIDE - WALLBERG (UofT),Selenium,2017-01-28T00:00,0.000,µg/m³,PM2.5,ICPMS
60439,ROADSIDE - WALLBERG (UofT),Selenium,2017-01-28T00:00,0.000,µg/m³,PM2.5,ICPMS
60439,ROADSIDE - WALLBERG (UofT),Selenium,2017-01-31T00:00,0.000,µg/m³,PM2.5,ICPMS
60439,ROADSIDE - WALLBERG (UofT),Selenium,2017-01-31T00:00,0.000,µg/m³,PM2.5,ICPMS
60439,ROADSIDE - WALLBERG (UofT),Selenium,2017-02-03T00:00,0.000,µg/m³,PM2.5,ICPMS
60439,ROADSIDE - WALLBERG (UofT),Selenium,2017-02-03T00:00,0.000,µg/m³,PM2.5,ICPMS
60439,ROADSIDE - WALLBERG (UofT),Selenium,2017-02-09T00:00,0.000,µg/m³,PM2.5,ICPMS
60439,ROADSIDE - WALLBERG (UofT),Selenium,2017-02-09T00:00,0.000,µg/m³,PM2.5,ICPMS
60439,ROADSIDE - WALLBERG (UofT),Selenium,2017-02-12T00:00,0.000,µg/m³,PM2.5,ICPMS
60439,ROADSIDE - WALLBERG (UofT),Selenium,2017-02-12T00:00,0.000,µg/m³,PM2.5,ICPMS
60439,ROADSIDE - WALLBERG (UofT),Selenium,2017-02-15T00:00,0.000,µg/m³,PM2.5,ICPMS
60439,ROADSIDE - WALLBERG (UofT),Selenium,2017-02-15T00:00,0.000,µg/m³,PM2.5,ICPMS
60439,ROADSIDE - WALLBERG (UofT),Selenium,2017-02-18T00:00,0.001,µg/m³,PM2.5,ICPMS
60439,ROADSIDE - WALLBERG (UofT),Selenium,2017-02-18T00:00,0.001,µg/m³,PM2.5,ICPMS
60439,ROADSIDE - WALLBERG (UofT),Selenium,2017-02-21T00:00,0.000,µg/m³,PM2.5,ICPMS
60439,ROADSIDE - WALLBERG (UofT),Selenium,2017-02-24T00:00,0.000,µg/m³,PM2.5,ICPMS
60439,ROADSIDE - WALLBERG (UofT),Selenium,2017-02-24T00:00,0.000,µg/m³,PM2.5,ICPMS
60439,ROADSIDE - WALLBERG (UofT),Selenium,2017-02-27T00:00,0.000,µg/m³,PM2.5,ICPMS
60439,ROADSIDE - WALLBERG (UofT),Selenium,2017-03-02T00:00,0.000,µg/m³,PM2.5,ICPMS
60439,ROADSIDE - WALLBERG (UofT),Selenium,2017-03-05T00:00,0.000,µg/m³,PM2.5,ICPMS
60439,ROADSIDE - WALLBERG (UofT),Selenium,2017-03-08T00:00,0.000,µg/m³,PM2.5,ICPMS
60439,ROADSIDE - WALLBERG (UofT),Selenium,2017-03-08T00:00,0.000,µg/m³,PM2.5,ICPMS
60439,ROADSIDE - WALLBERG (UofT),Selenium,2017-03-11T00:00,0.000,µg/m³,PM2.5,ICPMS
60439,ROADSIDE - WALLBERG (UofT),Selenium,2017-03-14T00:00,0.000,µg/m³,PM2.5,ICPMS
60439,ROADSIDE - WALLBERG (UofT),Selenium,2017-03-17T00:00,0.000,µg/m³,PM2.5,ICPMS
60439,ROADSIDE - WALLBERG (UofT),Selenium,2017-03-29T00:00,0.000,µg/m³,PM2.5,ICPMS
60439,ROADSIDE - WALLBERG (UofT),Selenium,2017-04-01T00:00,0.000,µg/m³,PM2.5,ICPMS
60439,ROADSIDE - WALLBERG (UofT),Selenium,2017-04-04T00:00,0.000,µg/m³,PM2.5,ICPMS
60439,ROADSIDE - WALLBERG (UofT),Selenium,2017-04-04T00:00,0.000,µg/m³,PM2.5,ICPMS
60439,ROADSIDE - WALLBERG (UofT),Selenium,2017-04-07T00:00,0.000,µg/m³,PM2.5,ICPMS
60439,ROADSIDE - WALLBERG (UofT),Selenium,2017-01-04T00:00,0.000,µg/m³,PM2.5-10,ED-XRF
60439,ROADSIDE - WALLBERG (UofT),Selenium,2017-01-07T00:00,0.002,µg/m³,PM2.5-10,ED-XRF
60439,ROADSIDE - WALLBERG (UofT),Selenium,2017-01-13T00:00,0.000,µg/m³,PM2.5-10,ED-XRF
60439,ROADSIDE - WALLBERG (UofT),Selenium,2017-01-16T00:00,0.001,µg/m³,PM2.5-10,ED-XRF
60439,ROADSIDE - WALLBERG (UofT),Selenium,2017-01-19T00:00,0.000,µg/m³,PM2.5-10,ED-XRF
60439,ROADSIDE - WALLBERG (UofT),Selenium,2017-01-22T00:00,0.000,µg/m³,PM2.5-10,ED-XRF
60439,ROADSIDE - WALLBERG (UofT),Selenium,2017-01-25T00:00,0.000,µg/m³,PM2.5-10,ED-XRF
60439,ROADSIDE - WALLBERG (UofT),Selenium,2017-01-28T00:00,0.000,µg/m³,PM2.5-10,ED-XRF
60439,ROADSIDE - WALLBERG (UofT),Selenium,2017-01-31T00:00,0.000,µg/m³,PM2.5-10,ED-XRF
60439,ROADSIDE - WALLBERG (UofT),Selenium,2017-02-03T00:00,0.000,µg/m³,PM2.5-10,ED-XRF
60439,ROADSIDE - WALLBERG (UofT),Selenium,2017-02-09T00:00,0.000,µg/m³,PM2.5-10,ED-XRF
60439,ROADSIDE - WALLBERG (UofT),Selenium,2017-02-12T00:00,0.000,µg/m³,PM2.5-10,ED-XRF
60439,ROADSIDE - WALLBERG (UofT),Selenium,2017-02-15T00:00,0.000,µg/m³,PM2.5-10,ED-XRF
60439,ROADSIDE - WALLBERG (UofT),Selenium,2017-02-18T00:00,0.000,µg/m³,PM2.5-10,ED-XRF
60439,ROADSIDE - WALLBERG (UofT),Selenium,2017-02-24T00:00,0.002,µg/m³,PM2.5-10,ED-XRF
60439,ROADSIDE - WALLBERG (UofT),Selenium,2017-03-08T00:00,0.000,µg/m³,PM2.5-10,ED-XRF
60439,ROADSIDE - WALLBERG (UofT),Selenium,2017-04-04T00:00,0.000,µg/m³,PM2.5-10,ED-XRF
60439,ROADSIDE - WALLBERG (UofT),Selenium,2017-04-07T00:00,0.000,µg/m³,PM2.5-10,ED-XRF
