﻿NAPS_Site_ID,Station_Name,Pollutant,Date,Value,Units,Report_Type,Method
50103,MONTRÉAL-SAINT-JEAN-BAPTISTE,Freon 22,2002-01-02T00:00,0.950,µg/m³,VOC,
50103,MONTRÉAL-SAINT-JEAN-BAPTISTE,Freon 22,2002-01-14T00:00,1.210,µg/m³,VOC,
50103,MONTRÉAL-SAINT-JEAN-BAPTISTE,Freon 22,2002-01-20T00:00,1.330,µg/m³,VOC,
50103,MONTRÉAL-SAINT-JEAN-BAPTISTE,Freon 22,2002-01-26T00:00,0.620,µg/m³,VOC,
50103,MONTRÉAL-SAINT-JEAN-BAPTISTE,Freon 22,2002-02-01T00:00,0.720,µg/m³,VOC,
50103,MONTRÉAL-SAINT-JEAN-BAPTISTE,Freon 22,2002-02-07T00:00,0.790,µg/m³,VOC,
50103,MONTRÉAL-SAINT-JEAN-BAPTISTE,Freon 22,2002-02-13T00:00,0.870,µg/m³,VOC,
50103,MONTRÉAL-SAINT-JEAN-BAPTISTE,Freon 22,2002-02-19T00:00,1.080,µg/m³,VOC,
50103,MONTRÉAL-SAINT-JEAN-BAPTISTE,Freon 22,2002-02-25T00:00,0.720,µg/m³,VOC,
50103,MONTRÉAL-SAINT-JEAN-BAPTISTE,Freon 22,2002-03-03T00:00,0.710,µg/m³,VOC,
50103,MONTRÉAL-SAINT-JEAN-BAPTISTE,Freon 22,2002-03-09T00:00,0.600,µg/m³,VOC,
50103,MONTRÉAL-SAINT-JEAN-BAPTISTE,Freon 22,2002-03-15T00:00,0.550,µg/m³,VOC,
50103,MONTRÉAL-SAINT-JEAN-BAPTISTE,Freon 22,2002-03-21T00:00,1.230,µg/m³,VOC,
50103,MONTRÉAL-SAINT-JEAN-BAPTISTE,Freon 22,2002-04-02T00:00,1.060,µg/m³,VOC,
50103,MONTRÉAL-SAINT-JEAN-BAPTISTE,Freon 22,2002-04-08T00:00,0.735,µg/m³,VOC,
50103,MONTRÉAL-SAINT-JEAN-BAPTISTE,Freon 22,2002-04-14T00:00,0.700,µg/m³,VOC,
50103,MONTRÉAL-SAINT-JEAN-BAPTISTE,Freon 22,2002-04-20T00:00,0.540,µg/m³,VOC,
50103,MONTRÉAL-SAINT-JEAN-BAPTISTE,Freon 22,2002-04-26T00:00,0.727,µg/m³,VOC,
50103,MONTRÉAL-SAINT-JEAN-BAPTISTE,Freon 22,2002-05-02T00:00,0.657,µg/m³,VOC,
50103,MONTRÉAL-SAINT-JEAN-BAPTISTE,Freon 22,2002-06-19T00:00,1.255,µg/m³,VOC,
50103,MONTRÉAL-SAINT-JEAN-BAPTISTE,Freon 22,2002-07-01T00:00,0.813,µg/m³,VOC,
50103,MONTRÉAL-SAINT-JEAN-BAPTISTE,Freon 22,2002-07-07T00:00,1.045,µg/m³,VOC,
50103,MONTRÉAL-SAINT-JEAN-BAPTISTE,Freon 22,2002-07-13T00:00,0.794,µg/m³,VOC,
50103,MONTRÉAL-SAINT-JEAN-BAPTISTE,Freon 22,2002-07-25T00:00,0.886,µg/m³,VOC,
50103,MONTRÉAL-SAINT-JEAN-BAPTISTE,Freon 22,2002-07-31T00:00,1.072,µg/m³,VOC,
50103,MONTRÉAL-SAINT-JEAN-BAPTISTE,Freon 22,2002-08-06T00:00,0.689,µg/m³,VOC,
50103,MONTRÉAL-SAINT-JEAN-BAPTISTE,Freon 22,2002-08-12T00:00,0.968,µg/m³,VOC,
50103,MONTRÉAL-SAINT-JEAN-BAPTISTE,Freon 22,2002-08-18T00:00,0.712,µg/m³,VOC,
50103,MONTRÉAL-SAINT-JEAN-BAPTISTE,Freon 22,2002-08-24T00:00,0.760,µg/m³,VOC,
50103,MONTRÉAL-SAINT-JEAN-BAPTISTE,Freon 22,2002-08-30T00:00,0.849,µg/m³,VOC,
50103,MONTRÉAL-SAINT-JEAN-BAPTISTE,Freon 22,2002-09-05T00:00,0.706,µg/m³,VOC,
50103,MONTRÉAL-SAINT-JEAN-BAPTISTE,Freon 22,2002-09-11T00:00,0.724,µg/m³,VOC,
50103,MONTRÉAL-SAINT-JEAN-BAPTISTE,Freon 22,2002-09-17T00:00,0.729,µg/m³,VOC,
50103,MONTRÉAL-SAINT-JEAN-BAPTISTE,Freon 22,2002-09-23T00:00,0.820,µg/m³,VOC,
50103,MONTRÉAL-SAINT-JEAN-BAPTISTE,Freon 22,2002-09-29T00:00,0.874,µg/m³,VOC,
50103,MONTRÉAL-SAINT-JEAN-BAPTISTE,Freon 22,2002-10-05T00:00,0.669,µg/m³,VOC,
50103,MONTRÉAL-SAINT-JEAN-BAPTISTE,Freon 22,2002-10-11T00:00,0.769,µg/m³,VOC,
50103,MONTRÉAL-SAINT-JEAN-BAPTISTE,Freon 22,2002-10-17T00:00,0.705,µg/m³,VOC,
50103,MONTRÉAL-SAINT-JEAN-BAPTISTE,Freon 22,2002-10-23T00:00,0.810,µg/m³,VOC,
50103,MONTRÉAL-SAINT-JEAN-BAPTISTE,Freon 22,2002-10-29T00:00,0.845,µg/m³,VOC,
50103,MONTRÉAL-SAINT-JEAN-BAPTISTE,Freon 22,2002-11-04T00:00,0.791,µg/m³,VOC,
50103,MONTRÉAL-SAINT-JEAN-BAPTISTE,Freon 22,2002-11-10T00:00,0.816,µg/m³,VOC,
50103,MONTRÉAL-SAINT-JEAN-BAPTISTE,Freon 22,2002-11-16T00:00,0.672,µg/m³,VOC,
50103,MONTRÉAL-SAINT-JEAN-BAPTISTE,Freon 22,2002-11-22T00:00,1.010,µg/m³,VOC,
50103,MONTRÉAL-SAINT-JEAN-BAPTISTE,Freon 22,2002-11-28T00:00,0.717,µg/m³,VOC,
50103,MONTRÉAL-SAINT-JEAN-BAPTISTE,Freon 22,2002-12-04T00:00,0.802,µg/m³,VOC,
50103,MONTRÉAL-SAINT-JEAN-BAPTISTE,Freon 22,2002-12-10T00:00,0.951,µg/m³,VOC,
50103,MONTRÉAL-SAINT-JEAN-BAPTISTE,Freon 22,2002-12-16T00:00,0.647,µg/m³,VOC,
50103,MONTRÉAL-SAINT-JEAN-BAPTISTE,Freon 22,2002-12-22T00:00,0.641,µg/m³,VOC,
50103,MONTRÉAL-SAINT-JEAN-BAPTISTE,Freon 22,2002-12-28T00:00,0.667,µg/m³,VOC,
