﻿NAPS_Site_ID,Station_Name,Pollutant,Date,Value,Units,Report_Type,Method
101005,ABBOTSFORD AIRPORT-2,Butane,2012-03-28T00:00,0.567,µg/m³,VOC,N/A
101005,ABBOTSFORD AIRPORT-2,Butane,2012-04-03T00:00,0.947,µg/m³,VOC,N/A
101005,ABBOTSFORD AIRPORT-2,Butane,2012-04-09T00:00,1.323,µg/m³,VOC,N/A
101005,ABBOTSFORD AIRPORT-2,Butane,2012-04-15T00:00,0.880,µg/m³,VOC,N/A
101005,ABBOTSFORD AIRPORT-2,Butane,2012-04-21T00:00,0.983,µg/m³,VOC,N/A
101005,ABBOTSFORD AIRPORT-2,Butane,2012-04-27T00:00,0.355,µg/m³,VOC,N/A
101005,ABBOTSFORD AIRPORT-2,Butane,2012-05-03T00:00,0.642,µg/m³,VOC,N/A
101005,ABBOTSFORD AIRPORT-2,Butane,2012-05-15T00:00,0.781,µg/m³,VOC,N/A
101005,ABBOTSFORD AIRPORT-2,Butane,2012-05-21T00:00,0.208,µg/m³,VOC,N/A
101005,ABBOTSFORD AIRPORT-2,Butane,2012-05-28T00:00,0.450,µg/m³,VOC,N/A
101005,ABBOTSFORD AIRPORT-2,Butane,2012-06-08T00:00,0.616,µg/m³,VOC,N/A
101005,ABBOTSFORD AIRPORT-2,Butane,2012-06-14T00:00,0.498,µg/m³,VOC,N/A
101005,ABBOTSFORD AIRPORT-2,Butane,2012-06-26T00:00,0.626,µg/m³,VOC,N/A
101005,ABBOTSFORD AIRPORT-2,Butane,2012-07-02T00:00,0.455,µg/m³,VOC,N/A
101005,ABBOTSFORD AIRPORT-2,Butane,2012-07-08T00:00,1.671,µg/m³,VOC,N/A
101005,ABBOTSFORD AIRPORT-2,Butane,2012-07-20T00:00,0.803,µg/m³,VOC,N/A
101005,ABBOTSFORD AIRPORT-2,Butane,2012-07-26T00:00,1.739,µg/m³,VOC,N/A
101005,ABBOTSFORD AIRPORT-2,Butane,2012-08-01T00:00,1.847,µg/m³,VOC,N/A
101005,ABBOTSFORD AIRPORT-2,Butane,2012-08-07T00:00,0.838,µg/m³,VOC,N/A
101005,ABBOTSFORD AIRPORT-2,Butane,2012-08-13T00:00,1.134,µg/m³,VOC,N/A
101005,ABBOTSFORD AIRPORT-2,Butane,2012-08-19T00:00,0.684,µg/m³,VOC,N/A
101005,ABBOTSFORD AIRPORT-2,Butane,2012-08-25T00:00,1.562,µg/m³,VOC,N/A
101005,ABBOTSFORD AIRPORT-2,Butane,2012-08-31T00:00,0.787,µg/m³,VOC,N/A
101005,ABBOTSFORD AIRPORT-2,Butane,2012-09-06T00:00,0.798,µg/m³,VOC,N/A
101005,ABBOTSFORD AIRPORT-2,Butane,2012-09-12T00:00,1.050,µg/m³,VOC,N/A
101005,ABBOTSFORD AIRPORT-2,Butane,2012-09-18T00:00,3.557,µg/m³,VOC,N/A
101005,ABBOTSFORD AIRPORT-2,Butane,2012-09-24T00:00,3.542,µg/m³,VOC,N/A
101005,ABBOTSFORD AIRPORT-2,Butane,2012-09-30T00:00,2.362,µg/m³,VOC,N/A
101005,ABBOTSFORD AIRPORT-2,Butane,2012-10-06T00:00,1.424,µg/m³,VOC,N/A
101005,ABBOTSFORD AIRPORT-2,Butane,2012-10-12T00:00,1.634,µg/m³,VOC,N/A
101005,ABBOTSFORD AIRPORT-2,Butane,2012-10-18T00:00,1.305,µg/m³,VOC,N/A
101005,ABBOTSFORD AIRPORT-2,Butane,2012-10-24T00:00,0.450,µg/m³,VOC,N/A
101005,ABBOTSFORD AIRPORT-2,Butane,2012-10-30T00:00,1.128,µg/m³,VOC,N/A
101005,ABBOTSFORD AIRPORT-2,Butane,2012-11-05T00:00,2.004,µg/m³,VOC,N/A
101005,ABBOTSFORD AIRPORT-2,Butane,2012-11-11T00:00,2.650,µg/m³,VOC,N/A
101005,ABBOTSFORD AIRPORT-2,Butane,2012-11-17T00:00,0.931,µg/m³,VOC,N/A
101005,ABBOTSFORD AIRPORT-2,Butane,2012-11-23T00:00,1.677,µg/m³,VOC,N/A
101005,ABBOTSFORD AIRPORT-2,Butane,2012-11-29T00:00,2.143,µg/m³,VOC,N/A
101005,ABBOTSFORD AIRPORT-2,Butane,2012-12-05T00:00,0.693,µg/m³,VOC,N/A
101005,ABBOTSFORD AIRPORT-2,Butane,2012-12-11T00:00,1.314,µg/m³,VOC,N/A
101005,ABBOTSFORD AIRPORT-2,Butane,2012-12-23T00:00,1.877,µg/m³,VOC,N/A
101005,ABBOTSFORD AIRPORT-2,Butane,2012-12-29T00:00,1.747,µg/m³,VOC,N/A
