﻿NAPS_Site_ID,Station_Name,Pollutant,Date,Value,Units,Report_Type,Method
101004,ABBOTSFORD AIRPORT,"2,3-Dimethylbutane",2007-03-19T00:00,0.034,µg/m³,VOC,N/A
101004,ABBOTSFORD AIRPORT,"2,3-Dimethylbutane",2007-06-11T00:00,0.023,µg/m³,VOC,N/A
101004,ABBOTSFORD AIRPORT,"2,3-Dimethylbutane",2007-06-17T00:00,0.017,µg/m³,VOC,N/A
101004,ABBOTSFORD AIRPORT,"2,3-Dimethylbutane",2007-06-23T00:00,0.040,µg/m³,VOC,N/A
101004,ABBOTSFORD AIRPORT,"2,3-Dimethylbutane",2007-07-11T00:00,0.144,µg/m³,VOC,N/A
101004,ABBOTSFORD AIRPORT,"2,3-Dimethylbutane",2007-07-23T00:00,0.110,µg/m³,VOC,N/A
101004,ABBOTSFORD AIRPORT,"2,3-Dimethylbutane",2007-07-29T00:00,0.085,µg/m³,VOC,N/A
101004,ABBOTSFORD AIRPORT,"2,3-Dimethylbutane",2007-08-04T00:00,0.070,µg/m³,VOC,N/A
101004,ABBOTSFORD AIRPORT,"2,3-Dimethylbutane",2007-08-16T00:00,0.160,µg/m³,VOC,N/A
101004,ABBOTSFORD AIRPORT,"2,3-Dimethylbutane",2007-08-22T00:00,0.104,µg/m³,VOC,N/A
101004,ABBOTSFORD AIRPORT,"2,3-Dimethylbutane",2007-08-28T00:00,0.350,µg/m³,VOC,N/A
101004,ABBOTSFORD AIRPORT,"2,3-Dimethylbutane",2007-09-03T00:00,0.174,µg/m³,VOC,N/A
101004,ABBOTSFORD AIRPORT,"2,3-Dimethylbutane",2007-09-09T00:00,0.091,µg/m³,VOC,N/A
101004,ABBOTSFORD AIRPORT,"2,3-Dimethylbutane",2007-09-15T00:00,0.082,µg/m³,VOC,N/A
101004,ABBOTSFORD AIRPORT,"2,3-Dimethylbutane",2007-09-21T00:00,0.180,µg/m³,VOC,N/A
101004,ABBOTSFORD AIRPORT,"2,3-Dimethylbutane",2007-09-27T00:00,0.150,µg/m³,VOC,N/A
101004,ABBOTSFORD AIRPORT,"2,3-Dimethylbutane",2007-10-03T00:00,0.055,µg/m³,VOC,N/A
101004,ABBOTSFORD AIRPORT,"2,3-Dimethylbutane",2007-10-09T00:00,0.132,µg/m³,VOC,N/A
101004,ABBOTSFORD AIRPORT,"2,3-Dimethylbutane",2007-10-15T00:00,0.310,µg/m³,VOC,N/A
101004,ABBOTSFORD AIRPORT,"2,3-Dimethylbutane",2007-10-27T00:00,0.235,µg/m³,VOC,N/A
101004,ABBOTSFORD AIRPORT,"2,3-Dimethylbutane",2007-12-14T00:00,0.184,µg/m³,VOC,N/A
101004,ABBOTSFORD AIRPORT,"2,3-Dimethylbutane",2007-12-20T00:00,0.027,µg/m³,VOC,N/A
101004,ABBOTSFORD AIRPORT,"2,3-Dimethylbutane",2007-12-26T00:00,0.033,µg/m³,VOC,N/A
