﻿NAPS_Site_ID,Station_Name,Pollutant,Date,Value,Units,Report_Type,Method
60512,BEASLEY PARK _HAMILTON_DOWNTOWN_,"2,2-Dimethylbutane",2012-01-28T00:00,0.040,µg/m³,VOC,
60512,BEASLEY PARK _HAMILTON_DOWNTOWN_,"2,2-Dimethylbutane",2012-02-03T00:00,0.053,µg/m³,VOC,
60512,BEASLEY PARK _HAMILTON_DOWNTOWN_,"2,2-Dimethylbutane",2012-02-09T00:00,0.042,µg/m³,VOC,
60512,BEASLEY PARK _HAMILTON_DOWNTOWN_,"2,2-Dimethylbutane",2012-02-15T00:00,0.065,µg/m³,VOC,
60512,BEASLEY PARK _HAMILTON_DOWNTOWN_,"2,2-Dimethylbutane",2012-02-21T00:00,0.189,µg/m³,VOC,
60512,BEASLEY PARK _HAMILTON_DOWNTOWN_,"2,2-Dimethylbutane",2012-02-27T00:00,0.071,µg/m³,VOC,
60512,BEASLEY PARK _HAMILTON_DOWNTOWN_,"2,2-Dimethylbutane",2012-03-04T00:00,0.037,µg/m³,VOC,
60512,BEASLEY PARK _HAMILTON_DOWNTOWN_,"2,2-Dimethylbutane",2012-03-10T00:00,0.034,µg/m³,VOC,
60512,BEASLEY PARK _HAMILTON_DOWNTOWN_,"2,2-Dimethylbutane",2012-03-16T00:00,0.191,µg/m³,VOC,
60512,BEASLEY PARK _HAMILTON_DOWNTOWN_,"2,2-Dimethylbutane",2012-03-22T00:00,0.195,µg/m³,VOC,
60512,BEASLEY PARK _HAMILTON_DOWNTOWN_,"2,2-Dimethylbutane",2012-03-28T00:00,0.039,µg/m³,VOC,
60512,BEASLEY PARK _HAMILTON_DOWNTOWN_,"2,2-Dimethylbutane",2012-04-03T00:00,0.085,µg/m³,VOC,
60512,BEASLEY PARK _HAMILTON_DOWNTOWN_,"2,2-Dimethylbutane",2012-04-09T00:00,0.023,µg/m³,VOC,
60512,BEASLEY PARK _HAMILTON_DOWNTOWN_,"2,2-Dimethylbutane",2012-04-15T00:00,0.056,µg/m³,VOC,
60512,BEASLEY PARK _HAMILTON_DOWNTOWN_,"2,2-Dimethylbutane",2012-04-21T00:00,0.031,µg/m³,VOC,
60512,BEASLEY PARK _HAMILTON_DOWNTOWN_,"2,2-Dimethylbutane",2012-04-27T00:00,0.019,µg/m³,VOC,
60512,BEASLEY PARK _HAMILTON_DOWNTOWN_,"2,2-Dimethylbutane",2012-05-03T00:00,0.222,µg/m³,VOC,
60512,BEASLEY PARK _HAMILTON_DOWNTOWN_,"2,2-Dimethylbutane",2012-05-09T00:00,0.033,µg/m³,VOC,
60512,BEASLEY PARK _HAMILTON_DOWNTOWN_,"2,2-Dimethylbutane",2012-05-15T00:00,0.060,µg/m³,VOC,
60512,BEASLEY PARK _HAMILTON_DOWNTOWN_,"2,2-Dimethylbutane",2012-05-21T00:00,0.197,µg/m³,VOC,
60512,BEASLEY PARK _HAMILTON_DOWNTOWN_,"2,2-Dimethylbutane",2012-05-27T00:00,0.145,µg/m³,VOC,
60512,BEASLEY PARK _HAMILTON_DOWNTOWN_,"2,2-Dimethylbutane",2012-06-02T00:00,0.017,µg/m³,VOC,
60512,BEASLEY PARK _HAMILTON_DOWNTOWN_,"2,2-Dimethylbutane",2012-06-08T00:00,0.029,µg/m³,VOC,
60512,BEASLEY PARK _HAMILTON_DOWNTOWN_,"2,2-Dimethylbutane",2012-06-14T00:00,0.071,µg/m³,VOC,
60512,BEASLEY PARK _HAMILTON_DOWNTOWN_,"2,2-Dimethylbutane",2012-06-20T00:00,0.032,µg/m³,VOC,
60512,BEASLEY PARK _HAMILTON_DOWNTOWN_,"2,2-Dimethylbutane",2012-06-26T00:00,0.019,µg/m³,VOC,
60512,BEASLEY PARK _HAMILTON_DOWNTOWN_,"2,2-Dimethylbutane",2012-07-02T00:00,0.022,µg/m³,VOC,
60512,BEASLEY PARK _HAMILTON_DOWNTOWN_,"2,2-Dimethylbutane",2012-07-08T00:00,0.074,µg/m³,VOC,
60512,BEASLEY PARK _HAMILTON_DOWNTOWN_,"2,2-Dimethylbutane",2012-07-14T00:00,0.035,µg/m³,VOC,
60512,BEASLEY PARK _HAMILTON_DOWNTOWN_,"2,2-Dimethylbutane",2012-07-20T00:00,0.033,µg/m³,VOC,
60512,BEASLEY PARK _HAMILTON_DOWNTOWN_,"2,2-Dimethylbutane",2012-07-26T00:00,0.035,µg/m³,VOC,
60512,BEASLEY PARK _HAMILTON_DOWNTOWN_,"2,2-Dimethylbutane",2012-08-01T00:00,0.041,µg/m³,VOC,
60512,BEASLEY PARK _HAMILTON_DOWNTOWN_,"2,2-Dimethylbutane",2012-08-07T00:00,0.025,µg/m³,VOC,
60512,BEASLEY PARK _HAMILTON_DOWNTOWN_,"2,2-Dimethylbutane",2012-08-13T00:00,0.081,µg/m³,VOC,
60512,BEASLEY PARK _HAMILTON_DOWNTOWN_,"2,2-Dimethylbutane",2012-08-19T00:00,0.037,µg/m³,VOC,
60512,BEASLEY PARK _HAMILTON_DOWNTOWN_,"2,2-Dimethylbutane",2012-08-25T00:00,0.260,µg/m³,VOC,
60512,BEASLEY PARK _HAMILTON_DOWNTOWN_,"2,2-Dimethylbutane",2012-08-31T00:00,0.044,µg/m³,VOC,
60512,BEASLEY PARK _HAMILTON_DOWNTOWN_,"2,2-Dimethylbutane",2012-09-06T00:00,0.088,µg/m³,VOC,
60512,BEASLEY PARK _HAMILTON_DOWNTOWN_,"2,2-Dimethylbutane",2012-09-12T00:00,0.049,µg/m³,VOC,
60512,BEASLEY PARK _HAMILTON_DOWNTOWN_,"2,2-Dimethylbutane",2012-09-18T00:00,0.055,µg/m³,VOC,
60512,BEASLEY PARK _HAMILTON_DOWNTOWN_,"2,2-Dimethylbutane",2012-09-24T00:00,0.030,µg/m³,VOC,
60512,BEASLEY PARK _HAMILTON_DOWNTOWN_,"2,2-Dimethylbutane",2012-09-30T00:00,0.065,µg/m³,VOC,
60512,BEASLEY PARK _HAMILTON_DOWNTOWN_,"2,2-Dimethylbutane",2012-10-06T00:00,0.021,µg/m³,VOC,
60512,BEASLEY PARK _HAMILTON_DOWNTOWN_,"2,2-Dimethylbutane",2012-10-06T00:00,0.022,µg/m³,VOC,
60512,BEASLEY PARK _HAMILTON_DOWNTOWN_,"2,2-Dimethylbutane",2012-10-12T00:00,0.028,µg/m³,VOC,
60512,BEASLEY PARK _HAMILTON_DOWNTOWN_,"2,2-Dimethylbutane",2012-10-18T00:00,0.134,µg/m³,VOC,
60512,BEASLEY PARK _HAMILTON_DOWNTOWN_,"2,2-Dimethylbutane",2012-10-24T00:00,0.041,µg/m³,VOC,
60512,BEASLEY PARK _HAMILTON_DOWNTOWN_,"2,2-Dimethylbutane",2012-10-30T00:00,0.050,µg/m³,VOC,
60512,BEASLEY PARK _HAMILTON_DOWNTOWN_,"2,2-Dimethylbutane",2012-11-05T00:00,0.020,µg/m³,VOC,
60512,BEASLEY PARK _HAMILTON_DOWNTOWN_,"2,2-Dimethylbutane",2012-11-11T00:00,0.097,µg/m³,VOC,
60512,BEASLEY PARK _HAMILTON_DOWNTOWN_,"2,2-Dimethylbutane",2012-11-23T00:00,0.049,µg/m³,VOC,
60512,BEASLEY PARK _HAMILTON_DOWNTOWN_,"2,2-Dimethylbutane",2012-11-29T00:00,0.040,µg/m³,VOC,
60512,BEASLEY PARK _HAMILTON_DOWNTOWN_,"2,2-Dimethylbutane",2012-12-05T00:00,0.039,µg/m³,VOC,
60512,BEASLEY PARK _HAMILTON_DOWNTOWN_,"2,2-Dimethylbutane",2012-12-11T00:00,0.072,µg/m³,VOC,
60512,BEASLEY PARK _HAMILTON_DOWNTOWN_,"2,2-Dimethylbutane",2012-12-17T00:00,0.124,µg/m³,VOC,
60512,BEASLEY PARK _HAMILTON_DOWNTOWN_,"2,2-Dimethylbutane",2012-12-23T00:00,0.055,µg/m³,VOC,
60512,BEASLEY PARK _HAMILTON_DOWNTOWN_,"2,2-Dimethylbutane",2012-12-29T00:00,0.065,µg/m³,VOC,
