﻿NAPS_Site_ID,Station_Name,Pollutant,Date,Value,Units,Report_Type,Method
40203,FOREST HILLS,Lithium,2005-01-28T00:00,0.000,µg/m³,DICHOT,N/A
40203,FOREST HILLS,Lithium,2005-01-28T00:00,0.000,µg/m³,DICHOT,N/A
40203,FOREST HILLS,Lithium,2005-02-03T00:00,0.000,µg/m³,DICHOT,N/A
40203,FOREST HILLS,Lithium,2005-02-03T00:00,0.000,µg/m³,DICHOT,N/A
40203,FOREST HILLS,Lithium,2005-02-09T00:00,0.000,µg/m³,DICHOT,N/A
40203,FOREST HILLS,Lithium,2005-02-09T00:00,0.000,µg/m³,DICHOT,N/A
40203,FOREST HILLS,Lithium,2005-02-15T00:00,0.000,µg/m³,DICHOT,N/A
40203,FOREST HILLS,Lithium,2005-02-15T00:00,0.000,µg/m³,DICHOT,N/A
40203,FOREST HILLS,Lithium,2005-02-21T00:00,0.000,µg/m³,DICHOT,N/A
40203,FOREST HILLS,Lithium,2005-02-21T00:00,0.000,µg/m³,DICHOT,N/A
40203,FOREST HILLS,Lithium,2005-03-05T00:00,0.000,µg/m³,DICHOT,N/A
40203,FOREST HILLS,Lithium,2005-03-05T00:00,0.000,µg/m³,DICHOT,N/A
40203,FOREST HILLS,Lithium,2005-03-11T00:00,0.000,µg/m³,DICHOT,N/A
40203,FOREST HILLS,Lithium,2005-03-11T00:00,0.000,µg/m³,DICHOT,N/A
40203,FOREST HILLS,Lithium,2005-04-10T00:00,0.000,µg/m³,DICHOT,N/A
40203,FOREST HILLS,Lithium,2005-04-10T00:00,0.000,µg/m³,DICHOT,N/A
40203,FOREST HILLS,Lithium,2005-08-20T00:00,0.000,µg/m³,DICHOT,N/A
40203,FOREST HILLS,Lithium,2005-08-20T00:00,0.000,µg/m³,DICHOT,N/A
40203,FOREST HILLS,Lithium,2005-08-26T00:00,0.000,µg/m³,DICHOT,N/A
40203,FOREST HILLS,Lithium,2005-08-26T00:00,0.000,µg/m³,DICHOT,N/A
40203,FOREST HILLS,Lithium,2005-09-01T00:00,0.000,µg/m³,DICHOT,N/A
40203,FOREST HILLS,Lithium,2005-09-01T00:00,0.000,µg/m³,DICHOT,N/A
40203,FOREST HILLS,Lithium,2005-10-19T00:00,0.000,µg/m³,DICHOT,N/A
40203,FOREST HILLS,Lithium,2005-10-19T00:00,0.000,µg/m³,DICHOT,N/A
40203,FOREST HILLS,Lithium,2005-10-25T00:00,0.000,µg/m³,DICHOT,N/A
40203,FOREST HILLS,Lithium,2005-10-25T00:00,0.000,µg/m³,DICHOT,N/A
40203,FOREST HILLS,Lithium,2005-10-31T00:00,0.000,µg/m³,DICHOT,N/A
40203,FOREST HILLS,Lithium,2005-10-31T00:00,0.000,µg/m³,DICHOT,N/A
40203,FOREST HILLS,Lithium,2005-11-06T00:00,0.000,µg/m³,DICHOT,N/A
40203,FOREST HILLS,Lithium,2005-11-06T00:00,0.000,µg/m³,DICHOT,N/A
40203,FOREST HILLS,Lithium,2005-11-12T00:00,0.000,µg/m³,DICHOT,N/A
40203,FOREST HILLS,Lithium,2005-11-12T00:00,0.000,µg/m³,DICHOT,N/A
