﻿NAPS_Site_ID,Station_Name,Pollutant,Date,Value,Units,Report_Type,Method
50129,MONTRÉAL-RIVIÈRE-DES-PRAIRIES,"Indeno(1,2,3-cd)Pyrene",2010-01-20T00:00,0.002,µg/m³,PAH,GC-MS TP+G
50129,MONTRÉAL-RIVIÈRE-DES-PRAIRIES,"Indeno(1,2,3-cd)Pyrene",2010-03-09T00:00,0.000,µg/m³,PAH,GC-MS TP+G
50129,MONTRÉAL-RIVIÈRE-DES-PRAIRIES,"Indeno(1,2,3-cd)Pyrene",2010-03-21T00:00,0.000,µg/m³,PAH,GC-MS TP+G
50129,MONTRÉAL-RIVIÈRE-DES-PRAIRIES,"Indeno(1,2,3-cd)Pyrene",2010-04-02T00:00,0.000,µg/m³,PAH,GC-MS TP+G
50129,MONTRÉAL-RIVIÈRE-DES-PRAIRIES,"Indeno(1,2,3-cd)Pyrene",2010-04-14T00:00,0.000,µg/m³,PAH,GC-MS TP+G
50129,MONTRÉAL-RIVIÈRE-DES-PRAIRIES,"Indeno(1,2,3-cd)Pyrene",2010-04-26T00:00,0.000,µg/m³,PAH,GC-MS TP+G
50129,MONTRÉAL-RIVIÈRE-DES-PRAIRIES,"Indeno(1,2,3-cd)Pyrene",2010-05-20T00:00,0.000,µg/m³,PAH,GC-MS TP+G
50129,MONTRÉAL-RIVIÈRE-DES-PRAIRIES,"Indeno(1,2,3-cd)Pyrene",2010-06-01T00:00,0.000,µg/m³,PAH,GC-MS TP+G
50129,MONTRÉAL-RIVIÈRE-DES-PRAIRIES,"Indeno(1,2,3-cd)Pyrene",2010-06-13T00:00,0.000,µg/m³,PAH,GC-MS TP+G
50129,MONTRÉAL-RIVIÈRE-DES-PRAIRIES,"Indeno(1,2,3-cd)Pyrene",2010-07-07T00:00,0.000,µg/m³,PAH,GC-MS TP+G
50129,MONTRÉAL-RIVIÈRE-DES-PRAIRIES,"Indeno(1,2,3-cd)Pyrene",2010-07-19T00:00,0.000,µg/m³,PAH,GC-MS TP+G
50129,MONTRÉAL-RIVIÈRE-DES-PRAIRIES,"Indeno(1,2,3-cd)Pyrene",2010-08-12T00:00,0.000,µg/m³,PAH,GC-MS TP+G
50129,MONTRÉAL-RIVIÈRE-DES-PRAIRIES,"Indeno(1,2,3-cd)Pyrene",2010-08-24T00:00,0.000,µg/m³,PAH,GC-MS TP+G
50129,MONTRÉAL-RIVIÈRE-DES-PRAIRIES,"Indeno(1,2,3-cd)Pyrene",2010-09-05T00:00,0.000,µg/m³,PAH,GC-MS TP+G
50129,MONTRÉAL-RIVIÈRE-DES-PRAIRIES,"Indeno(1,2,3-cd)Pyrene",2010-09-17T00:00,0.000,µg/m³,PAH,GC-MS TP+G
50129,MONTRÉAL-RIVIÈRE-DES-PRAIRIES,"Indeno(1,2,3-cd)Pyrene",2010-10-11T00:00,0.000,µg/m³,PAH,GC-MS TP+G
50129,MONTRÉAL-RIVIÈRE-DES-PRAIRIES,"Indeno(1,2,3-cd)Pyrene",2010-11-04T00:00,0.001,µg/m³,PAH,GC-MS TP+G
50129,MONTRÉAL-RIVIÈRE-DES-PRAIRIES,"Indeno(1,2,3-cd)Pyrene",2010-11-16T00:00,0.000,µg/m³,PAH,GC-MS TP+G
50129,MONTRÉAL-RIVIÈRE-DES-PRAIRIES,"Indeno(1,2,3-cd)Pyrene",2010-11-28T00:00,0.000,µg/m³,PAH,GC-MS TP+G
50129,MONTRÉAL-RIVIÈRE-DES-PRAIRIES,"Indeno(1,2,3-cd)Pyrene",2010-12-10T00:00,0.001,µg/m³,PAH,GC-MS TP+G
50129,MONTRÉAL-RIVIÈRE-DES-PRAIRIES,"Indeno(1,2,3-cd)Pyrene",2010-12-22T00:00,0.000,µg/m³,PAH,GC-MS TP+G
