﻿NAPS_Site_ID,Station_Name,Pollutant,Date,Value,Units,Report_Type,Method
10102,WATER STREET POST OFFICE,Iron,2018-01-02T00:00,0.012,µg/m³,PM2.5,ED-XRF
10102,WATER STREET POST OFFICE,Iron,2018-01-08T00:00,0.005,µg/m³,PM2.5,ED-XRF
10102,WATER STREET POST OFFICE,Iron,2018-01-14T00:00,0.008,µg/m³,PM2.5,ED-XRF
10102,WATER STREET POST OFFICE,Iron,2018-01-20T00:00,0.020,µg/m³,PM2.5,ED-XRF
10102,WATER STREET POST OFFICE,Iron,2018-01-26T00:00,0.018,µg/m³,PM2.5,ED-XRF
10102,WATER STREET POST OFFICE,Iron,2018-02-01T00:00,0.015,µg/m³,PM2.5,ED-XRF
10102,WATER STREET POST OFFICE,Iron,2018-02-07T00:00,0.050,µg/m³,PM2.5,ED-XRF
10102,WATER STREET POST OFFICE,Iron,2018-02-13T00:00,0.015,µg/m³,PM2.5,ED-XRF
10102,WATER STREET POST OFFICE,Iron,2018-02-19T00:00,0.036,µg/m³,PM2.5,ED-XRF
10102,WATER STREET POST OFFICE,Iron,2018-02-25T00:00,0.003,µg/m³,PM2.5,ED-XRF
10102,WATER STREET POST OFFICE,Iron,2018-03-03T00:00,0.005,µg/m³,PM2.5,ED-XRF
10102,WATER STREET POST OFFICE,Iron,2018-03-09T00:00,0.006,µg/m³,PM2.5,ED-XRF
10102,WATER STREET POST OFFICE,Iron,2018-03-15T00:00,0.037,µg/m³,PM2.5,ED-XRF
10102,WATER STREET POST OFFICE,Iron,2018-03-21T00:00,0.016,µg/m³,PM2.5,ED-XRF
10102,WATER STREET POST OFFICE,Iron,2018-03-27T00:00,0.089,µg/m³,PM2.5,ED-XRF
10102,WATER STREET POST OFFICE,Iron,2018-04-03T00:00,0.016,µg/m³,PM2.5,ED-XRF
10102,WATER STREET POST OFFICE,Iron,2018-04-08T00:00,0.008,µg/m³,PM2.5,ED-XRF
10102,WATER STREET POST OFFICE,Iron,2018-04-14T00:00,0.011,µg/m³,PM2.5,ED-XRF
10102,WATER STREET POST OFFICE,Iron,2018-04-20T00:00,0.017,µg/m³,PM2.5,ED-XRF
10102,WATER STREET POST OFFICE,Iron,2018-04-26T00:00,0.067,µg/m³,PM2.5,ED-XRF
10102,WATER STREET POST OFFICE,Iron,2018-05-02T00:00,0.024,µg/m³,PM2.5,ED-XRF
10102,WATER STREET POST OFFICE,Iron,2018-05-08T00:00,0.030,µg/m³,PM2.5,ED-XRF
10102,WATER STREET POST OFFICE,Iron,2018-06-01T00:00,0.015,µg/m³,PM2.5,ED-XRF
10102,WATER STREET POST OFFICE,Iron,2018-06-07T00:00,0.029,µg/m³,PM2.5,ED-XRF
10102,WATER STREET POST OFFICE,Iron,2018-06-13T00:00,0.022,µg/m³,PM2.5,ED-XRF
10102,WATER STREET POST OFFICE,Iron,2018-06-19T00:00,0.012,µg/m³,PM2.5,ED-XRF
10102,WATER STREET POST OFFICE,Iron,2018-06-25T00:00,0.015,µg/m³,PM2.5,ED-XRF
10102,WATER STREET POST OFFICE,Iron,2018-07-01T00:00,0.014,µg/m³,PM2.5,ED-XRF
10102,WATER STREET POST OFFICE,Iron,2018-07-07T00:00,0.008,µg/m³,PM2.5,ED-XRF
10102,WATER STREET POST OFFICE,Iron,2018-07-13T00:00,0.012,µg/m³,PM2.5,ED-XRF
10102,WATER STREET POST OFFICE,Iron,2018-07-19T00:00,0.159,µg/m³,PM2.5,ED-XRF
10102,WATER STREET POST OFFICE,Iron,2018-07-25T00:00,0.011,µg/m³,PM2.5,ED-XRF
10102,WATER STREET POST OFFICE,Iron,2018-07-31T00:00,0.023,µg/m³,PM2.5,ED-XRF
10102,WATER STREET POST OFFICE,Iron,2018-08-06T00:00,0.011,µg/m³,PM2.5,ED-XRF
10102,WATER STREET POST OFFICE,Iron,2018-08-12T00:00,0.013,µg/m³,PM2.5,ED-XRF
10102,WATER STREET POST OFFICE,Iron,2018-08-18T00:00,0.021,µg/m³,PM2.5,ED-XRF
10102,WATER STREET POST OFFICE,Iron,2018-08-24T00:00,0.013,µg/m³,PM2.5,ED-XRF
10102,WATER STREET POST OFFICE,Iron,2018-08-30T00:00,0.004,µg/m³,PM2.5,ED-XRF
10102,WATER STREET POST OFFICE,Iron,2018-09-05T00:00,0.019,µg/m³,PM2.5,ED-XRF
10102,WATER STREET POST OFFICE,Iron,2018-09-11T00:00,0.017,µg/m³,PM2.5,ED-XRF
10102,WATER STREET POST OFFICE,Iron,2018-09-17T00:00,0.022,µg/m³,PM2.5,ED-XRF
10102,WATER STREET POST OFFICE,Iron,2018-09-23T00:00,0.012,µg/m³,PM2.5,ED-XRF
10102,WATER STREET POST OFFICE,Iron,2018-09-29T00:00,0.020,µg/m³,PM2.5,ED-XRF
10102,WATER STREET POST OFFICE,Iron,2018-10-11T00:00,0.005,µg/m³,PM2.5,ED-XRF
10102,WATER STREET POST OFFICE,Iron,2018-11-28T00:00,0.000,µg/m³,PM2.5,ED-XRF
10102,WATER STREET POST OFFICE,Iron,2018-12-04T00:00,0.017,µg/m³,PM2.5,ED-XRF
10102,WATER STREET POST OFFICE,Iron,2018-12-10T00:00,0.011,µg/m³,PM2.5,ED-XRF
10102,WATER STREET POST OFFICE,Iron,2018-12-16T00:00,0.000,µg/m³,PM2.5,ED-XRF
10102,WATER STREET POST OFFICE,Iron,2018-12-22T00:00,0.014,µg/m³,PM2.5,ED-XRF
10102,WATER STREET POST OFFICE,Iron,2018-12-28T00:00,0.020,µg/m³,PM2.5,ED-XRF
