﻿NAPS_Site_ID,Station_Name,Pollutant,Date,Value,Units,Report_Type,Method
60104,OTTAWA DOWNTOWN,"2,4-Dimethylpentane",2006-01-05T00:00,0.041,µg/m³,VOC,
60104,OTTAWA DOWNTOWN,"2,4-Dimethylpentane",2006-01-11T00:00,0.086,µg/m³,VOC,
60104,OTTAWA DOWNTOWN,"2,4-Dimethylpentane",2006-01-17T00:00,0.044,µg/m³,VOC,
60104,OTTAWA DOWNTOWN,"2,4-Dimethylpentane",2006-01-23T00:00,0.087,µg/m³,VOC,
60104,OTTAWA DOWNTOWN,"2,4-Dimethylpentane",2006-01-29T00:00,0.046,µg/m³,VOC,
60104,OTTAWA DOWNTOWN,"2,4-Dimethylpentane",2006-02-04T00:00,0.050,µg/m³,VOC,
60104,OTTAWA DOWNTOWN,"2,4-Dimethylpentane",2006-02-10T00:00,0.058,µg/m³,VOC,
60104,OTTAWA DOWNTOWN,"2,4-Dimethylpentane",2006-02-16T00:00,0.021,µg/m³,VOC,
60104,OTTAWA DOWNTOWN,"2,4-Dimethylpentane",2006-02-22T00:00,0.070,µg/m³,VOC,
60104,OTTAWA DOWNTOWN,"2,4-Dimethylpentane",2006-02-28T00:00,0.017,µg/m³,VOC,
60104,OTTAWA DOWNTOWN,"2,4-Dimethylpentane",2006-03-06T00:00,0.015,µg/m³,VOC,
60104,OTTAWA DOWNTOWN,"2,4-Dimethylpentane",2006-03-12T00:00,0.081,µg/m³,VOC,
60104,OTTAWA DOWNTOWN,"2,4-Dimethylpentane",2006-03-18T00:00,0.019,µg/m³,VOC,
60104,OTTAWA DOWNTOWN,"2,4-Dimethylpentane",2006-03-24T00:00,0.050,µg/m³,VOC,
60104,OTTAWA DOWNTOWN,"2,4-Dimethylpentane",2006-03-30T00:00,0.056,µg/m³,VOC,
60104,OTTAWA DOWNTOWN,"2,4-Dimethylpentane",2006-04-05T00:00,0.020,µg/m³,VOC,
60104,OTTAWA DOWNTOWN,"2,4-Dimethylpentane",2006-04-11T00:00,0.102,µg/m³,VOC,
60104,OTTAWA DOWNTOWN,"2,4-Dimethylpentane",2006-04-17T00:00,0.018,µg/m³,VOC,
60104,OTTAWA DOWNTOWN,"2,4-Dimethylpentane",2006-05-29T00:00,0.057,µg/m³,VOC,
60104,OTTAWA DOWNTOWN,"2,4-Dimethylpentane",2006-06-04T00:00,0.022,µg/m³,VOC,
60104,OTTAWA DOWNTOWN,"2,4-Dimethylpentane",2006-06-10T00:00,0.013,µg/m³,VOC,
60104,OTTAWA DOWNTOWN,"2,4-Dimethylpentane",2006-06-16T00:00,0.043,µg/m³,VOC,
60104,OTTAWA DOWNTOWN,"2,4-Dimethylpentane",2006-06-22T00:00,0.053,µg/m³,VOC,
60104,OTTAWA DOWNTOWN,"2,4-Dimethylpentane",2006-06-28T00:00,0.046,µg/m³,VOC,
60104,OTTAWA DOWNTOWN,"2,4-Dimethylpentane",2006-07-04T00:00,0.073,µg/m³,VOC,
60104,OTTAWA DOWNTOWN,"2,4-Dimethylpentane",2006-07-10T00:00,0.047,µg/m³,VOC,
60104,OTTAWA DOWNTOWN,"2,4-Dimethylpentane",2006-07-16T00:00,0.026,µg/m³,VOC,
60104,OTTAWA DOWNTOWN,"2,4-Dimethylpentane",2006-07-22T00:00,0.024,µg/m³,VOC,
60104,OTTAWA DOWNTOWN,"2,4-Dimethylpentane",2006-07-28T00:00,0.041,µg/m³,VOC,
60104,OTTAWA DOWNTOWN,"2,4-Dimethylpentane",2006-08-03T00:00,0.046,µg/m³,VOC,
60104,OTTAWA DOWNTOWN,"2,4-Dimethylpentane",2006-08-09T00:00,0.037,µg/m³,VOC,
60104,OTTAWA DOWNTOWN,"2,4-Dimethylpentane",2006-08-15T00:00,0.023,µg/m³,VOC,
60104,OTTAWA DOWNTOWN,"2,4-Dimethylpentane",2006-08-21T00:00,0.051,µg/m³,VOC,
60104,OTTAWA DOWNTOWN,"2,4-Dimethylpentane",2006-08-27T00:00,0.093,µg/m³,VOC,
60104,OTTAWA DOWNTOWN,"2,4-Dimethylpentane",2006-09-02T00:00,0.034,µg/m³,VOC,
60104,OTTAWA DOWNTOWN,"2,4-Dimethylpentane",2006-09-08T00:00,0.084,µg/m³,VOC,
60104,OTTAWA DOWNTOWN,"2,4-Dimethylpentane",2006-09-14T00:00,0.077,µg/m³,VOC,
60104,OTTAWA DOWNTOWN,"2,4-Dimethylpentane",2006-09-20T00:00,0.057,µg/m³,VOC,
60104,OTTAWA DOWNTOWN,"2,4-Dimethylpentane",2006-09-26T00:00,0.044,µg/m³,VOC,
60104,OTTAWA DOWNTOWN,"2,4-Dimethylpentane",2006-11-13T00:00,0.034,µg/m³,VOC,
60104,OTTAWA DOWNTOWN,"2,4-Dimethylpentane",2006-11-19T00:00,0.013,µg/m³,VOC,
60104,OTTAWA DOWNTOWN,"2,4-Dimethylpentane",2006-11-25T00:00,0.099,µg/m³,VOC,
60104,OTTAWA DOWNTOWN,"2,4-Dimethylpentane",2006-12-13T00:00,0.117,µg/m³,VOC,
60104,OTTAWA DOWNTOWN,"2,4-Dimethylpentane",2006-12-19T00:00,0.055,µg/m³,VOC,
60104,OTTAWA DOWNTOWN,"2,4-Dimethylpentane",2006-12-25T00:00,0.052,µg/m³,VOC,
60104,OTTAWA DOWNTOWN,"2,4-Dimethylpentane",2006-12-31T00:00,0.068,µg/m³,VOC,
