﻿NAPS_Site_ID,Station_Name,Pollutant,Date,Value,Units,Report_Type,Method
100121,SECOND NARROWS,cis-4-Methyl-2-pentene,2009-01-01T00:00,0.020,µg/m³,VOC,N/A
100121,SECOND NARROWS,cis-4-Methyl-2-pentene,2009-01-07T00:00,0.028,µg/m³,VOC,N/A
100121,SECOND NARROWS,cis-4-Methyl-2-pentene,2009-01-13T00:00,0.045,µg/m³,VOC,N/A
100121,SECOND NARROWS,cis-4-Methyl-2-pentene,2009-01-19T00:00,0.081,µg/m³,VOC,N/A
100121,SECOND NARROWS,cis-4-Methyl-2-pentene,2009-01-31T00:00,0.024,µg/m³,VOC,N/A
100121,SECOND NARROWS,cis-4-Methyl-2-pentene,2009-02-06T00:00,0.029,µg/m³,VOC,N/A
100121,SECOND NARROWS,cis-4-Methyl-2-pentene,2009-02-12T00:00,0.021,µg/m³,VOC,N/A
100121,SECOND NARROWS,cis-4-Methyl-2-pentene,2009-02-18T00:00,0.040,µg/m³,VOC,N/A
100121,SECOND NARROWS,cis-4-Methyl-2-pentene,2009-03-08T00:00,0.010,µg/m³,VOC,N/A
100121,SECOND NARROWS,cis-4-Methyl-2-pentene,2009-03-20T00:00,0.038,µg/m³,VOC,N/A
100121,SECOND NARROWS,cis-4-Methyl-2-pentene,2009-03-26T00:00,0.023,µg/m³,VOC,N/A
100121,SECOND NARROWS,cis-4-Methyl-2-pentene,2009-04-01T00:00,0.048,µg/m³,VOC,N/A
100121,SECOND NARROWS,cis-4-Methyl-2-pentene,2009-04-07T00:00,0.034,µg/m³,VOC,N/A
100121,SECOND NARROWS,cis-4-Methyl-2-pentene,2009-04-13T00:00,0.024,µg/m³,VOC,N/A
100121,SECOND NARROWS,cis-4-Methyl-2-pentene,2009-04-19T00:00,0.036,µg/m³,VOC,N/A
100121,SECOND NARROWS,cis-4-Methyl-2-pentene,2009-04-25T00:00,0.011,µg/m³,VOC,N/A
100121,SECOND NARROWS,cis-4-Methyl-2-pentene,2009-05-01T00:00,0.112,µg/m³,VOC,N/A
100121,SECOND NARROWS,cis-4-Methyl-2-pentene,2009-05-07T00:00,0.088,µg/m³,VOC,N/A
100121,SECOND NARROWS,cis-4-Methyl-2-pentene,2009-05-13T00:00,0.052,µg/m³,VOC,N/A
100121,SECOND NARROWS,cis-4-Methyl-2-pentene,2009-05-19T00:00,0.015,µg/m³,VOC,N/A
100121,SECOND NARROWS,cis-4-Methyl-2-pentene,2009-05-25T00:00,0.044,µg/m³,VOC,N/A
100121,SECOND NARROWS,cis-4-Methyl-2-pentene,2009-06-06T00:00,0.044,µg/m³,VOC,N/A
100121,SECOND NARROWS,cis-4-Methyl-2-pentene,2009-06-12T00:00,0.043,µg/m³,VOC,N/A
100121,SECOND NARROWS,cis-4-Methyl-2-pentene,2009-06-18T00:00,0.081,µg/m³,VOC,N/A
100121,SECOND NARROWS,cis-4-Methyl-2-pentene,2009-06-24T00:00,0.155,µg/m³,VOC,N/A
100121,SECOND NARROWS,cis-4-Methyl-2-pentene,2009-06-30T00:00,0.029,µg/m³,VOC,N/A
100121,SECOND NARROWS,cis-4-Methyl-2-pentene,2009-07-06T00:00,0.099,µg/m³,VOC,N/A
100121,SECOND NARROWS,cis-4-Methyl-2-pentene,2009-07-12T00:00,0.127,µg/m³,VOC,N/A
100121,SECOND NARROWS,cis-4-Methyl-2-pentene,2009-07-24T00:00,0.096,µg/m³,VOC,N/A
100121,SECOND NARROWS,cis-4-Methyl-2-pentene,2009-07-30T00:00,0.255,µg/m³,VOC,N/A
100121,SECOND NARROWS,cis-4-Methyl-2-pentene,2009-08-05T00:00,0.070,µg/m³,VOC,N/A
100121,SECOND NARROWS,cis-4-Methyl-2-pentene,2009-08-11T00:00,0.035,µg/m³,VOC,N/A
100121,SECOND NARROWS,cis-4-Methyl-2-pentene,2009-08-17T00:00,0.084,µg/m³,VOC,N/A
100121,SECOND NARROWS,cis-4-Methyl-2-pentene,2009-08-23T00:00,0.047,µg/m³,VOC,N/A
100121,SECOND NARROWS,cis-4-Methyl-2-pentene,2009-08-29T00:00,0.089,µg/m³,VOC,N/A
100121,SECOND NARROWS,cis-4-Methyl-2-pentene,2009-09-04T00:00,0.063,µg/m³,VOC,N/A
100121,SECOND NARROWS,cis-4-Methyl-2-pentene,2009-09-10T00:00,0.027,µg/m³,VOC,N/A
100121,SECOND NARROWS,cis-4-Methyl-2-pentene,2009-09-22T00:00,0.272,µg/m³,VOC,N/A
100121,SECOND NARROWS,cis-4-Methyl-2-pentene,2009-09-28T00:00,0.117,µg/m³,VOC,N/A
100121,SECOND NARROWS,cis-4-Methyl-2-pentene,2009-10-04T00:00,0.075,µg/m³,VOC,N/A
100121,SECOND NARROWS,cis-4-Methyl-2-pentene,2009-10-10T00:00,0.041,µg/m³,VOC,N/A
100121,SECOND NARROWS,cis-4-Methyl-2-pentene,2009-10-16T00:00,0.090,µg/m³,VOC,N/A
100121,SECOND NARROWS,cis-4-Methyl-2-pentene,2009-10-22T00:00,0.093,µg/m³,VOC,N/A
100121,SECOND NARROWS,cis-4-Methyl-2-pentene,2009-11-09T00:00,0.037,µg/m³,VOC,N/A
100121,SECOND NARROWS,cis-4-Methyl-2-pentene,2009-11-15T00:00,0.014,µg/m³,VOC,N/A
100121,SECOND NARROWS,cis-4-Methyl-2-pentene,2009-11-21T00:00,0.015,µg/m³,VOC,N/A
100121,SECOND NARROWS,cis-4-Methyl-2-pentene,2009-11-27T00:00,0.125,µg/m³,VOC,N/A
100121,SECOND NARROWS,cis-4-Methyl-2-pentene,2009-12-03T00:00,0.159,µg/m³,VOC,N/A
100121,SECOND NARROWS,cis-4-Methyl-2-pentene,2009-12-09T00:00,0.042,µg/m³,VOC,N/A
100121,SECOND NARROWS,cis-4-Methyl-2-pentene,2009-12-15T00:00,0.093,µg/m³,VOC,N/A
100121,SECOND NARROWS,cis-4-Methyl-2-pentene,2009-12-27T00:00,0.104,µg/m³,VOC,N/A
