﻿NAPS_Site_ID,Station_Name,Pollutant,Date,Value,Units,Report_Type,Method
61901,WALPOLE ISLAND,"Benzo(g,h,i)Fluoranthene",1992-01-01T00:00,0.000,µg/m³,PAH,N/A
61901,WALPOLE ISLAND,"Benzo(g,h,i)Fluoranthene",1992-01-25T00:00,0.000,µg/m³,PAH,N/A
61901,WALPOLE ISLAND,"Benzo(g,h,i)Fluoranthene",1992-03-01T00:00,0.000,µg/m³,PAH,N/A
61901,WALPOLE ISLAND,"Benzo(g,h,i)Fluoranthene",1992-03-25T00:00,0.000,µg/m³,PAH,N/A
61901,WALPOLE ISLAND,"Benzo(g,h,i)Fluoranthene",1992-04-12T00:00,0.000,µg/m³,PAH,N/A
61901,WALPOLE ISLAND,"Benzo(g,h,i)Fluoranthene",1992-04-24T00:00,0.000,µg/m³,PAH,N/A
61901,WALPOLE ISLAND,"Benzo(g,h,i)Fluoranthene",1992-05-06T00:00,0.000,µg/m³,PAH,N/A
61901,WALPOLE ISLAND,"Benzo(g,h,i)Fluoranthene",1992-05-18T00:00,0.000,µg/m³,PAH,N/A
61901,WALPOLE ISLAND,"Benzo(g,h,i)Fluoranthene",1992-05-30T00:00,0.000,µg/m³,PAH,N/A
61901,WALPOLE ISLAND,"Benzo(g,h,i)Fluoranthene",1992-06-11T00:00,0.000,µg/m³,PAH,N/A
61901,WALPOLE ISLAND,"Benzo(g,h,i)Fluoranthene",1992-06-23T00:00,0.000,µg/m³,PAH,N/A
61901,WALPOLE ISLAND,"Benzo(g,h,i)Fluoranthene",1992-07-05T00:00,0.000,µg/m³,PAH,N/A
61901,WALPOLE ISLAND,"Benzo(g,h,i)Fluoranthene",1992-07-17T00:00,0.000,µg/m³,PAH,N/A
61901,WALPOLE ISLAND,"Benzo(g,h,i)Fluoranthene",1992-07-29T00:00,0.000,µg/m³,PAH,N/A
61901,WALPOLE ISLAND,"Benzo(g,h,i)Fluoranthene",1992-08-10T00:00,0.000,µg/m³,PAH,N/A
61901,WALPOLE ISLAND,"Benzo(g,h,i)Fluoranthene",1992-08-22T00:00,0.000,µg/m³,PAH,N/A
61901,WALPOLE ISLAND,"Benzo(g,h,i)Fluoranthene",1992-09-03T00:00,0.000,µg/m³,PAH,N/A
