﻿NAPS_Site_ID,Station_Name,Pollutant,Date,Value,Units,Report_Type,Method
60512,BEASLEY PARK _HAMILTON_DOWNTOWN_,Freon 113,2007-01-06T00:00,0.682,µg/m³,VOC,GC-MS
60512,BEASLEY PARK _HAMILTON_DOWNTOWN_,Freon 113,2007-01-12T00:00,0.679,µg/m³,VOC,GC-MS
60512,BEASLEY PARK _HAMILTON_DOWNTOWN_,Freon 113,2007-01-18T00:00,0.666,µg/m³,VOC,GC-MS
60512,BEASLEY PARK _HAMILTON_DOWNTOWN_,Freon 113,2007-01-24T00:00,0.706,µg/m³,VOC,GC-MS
60512,BEASLEY PARK _HAMILTON_DOWNTOWN_,Freon 113,2007-01-30T00:00,0.621,µg/m³,VOC,GC-MS
60512,BEASLEY PARK _HAMILTON_DOWNTOWN_,Freon 113,2007-02-05T00:00,0.586,µg/m³,VOC,GC-MS
60512,BEASLEY PARK _HAMILTON_DOWNTOWN_,Freon 113,2007-02-11T00:00,0.721,µg/m³,VOC,GC-MS
60512,BEASLEY PARK _HAMILTON_DOWNTOWN_,Freon 113,2007-02-17T00:00,0.687,µg/m³,VOC,GC-MS
60512,BEASLEY PARK _HAMILTON_DOWNTOWN_,Freon 113,2007-02-23T00:00,0.748,µg/m³,VOC,GC-MS
60512,BEASLEY PARK _HAMILTON_DOWNTOWN_,Freon 113,2007-03-01T00:00,0.657,µg/m³,VOC,GC-MS
60512,BEASLEY PARK _HAMILTON_DOWNTOWN_,Freon 113,2007-03-07T00:00,0.696,µg/m³,VOC,GC-MS
60512,BEASLEY PARK _HAMILTON_DOWNTOWN_,Freon 113,2007-03-19T00:00,0.610,µg/m³,VOC,GC-MS
60512,BEASLEY PARK _HAMILTON_DOWNTOWN_,Freon 113,2007-03-25T00:00,0.612,µg/m³,VOC,GC-MS
60512,BEASLEY PARK _HAMILTON_DOWNTOWN_,Freon 113,2007-04-12T00:00,0.599,µg/m³,VOC,GC-MS
60512,BEASLEY PARK _HAMILTON_DOWNTOWN_,Freon 113,2007-04-18T00:00,0.620,µg/m³,VOC,GC-MS
60512,BEASLEY PARK _HAMILTON_DOWNTOWN_,Freon 113,2007-04-24T00:00,0.589,µg/m³,VOC,GC-MS
60512,BEASLEY PARK _HAMILTON_DOWNTOWN_,Freon 113,2007-04-30T00:00,0.588,µg/m³,VOC,GC-MS
60512,BEASLEY PARK _HAMILTON_DOWNTOWN_,Freon 113,2007-05-18T00:00,0.651,µg/m³,VOC,GC-MS
60512,BEASLEY PARK _HAMILTON_DOWNTOWN_,Freon 113,2007-06-11T00:00,0.558,µg/m³,VOC,GC-MS
60512,BEASLEY PARK _HAMILTON_DOWNTOWN_,Freon 113,2007-06-17T00:00,0.619,µg/m³,VOC,GC-MS
60512,BEASLEY PARK _HAMILTON_DOWNTOWN_,Freon 113,2007-06-23T00:00,0.600,µg/m³,VOC,GC-MS
60512,BEASLEY PARK _HAMILTON_DOWNTOWN_,Freon 113,2007-06-29T00:00,0.705,µg/m³,VOC,GC-MS
60512,BEASLEY PARK _HAMILTON_DOWNTOWN_,Freon 113,2007-07-17T00:00,0.640,µg/m³,VOC,GC-MS
60512,BEASLEY PARK _HAMILTON_DOWNTOWN_,Freon 113,2007-07-23T00:00,0.603,µg/m³,VOC,GC-MS
60512,BEASLEY PARK _HAMILTON_DOWNTOWN_,Freon 113,2007-08-04T00:00,0.649,µg/m³,VOC,GC-MS
60512,BEASLEY PARK _HAMILTON_DOWNTOWN_,Freon 113,2007-08-10T00:00,0.663,µg/m³,VOC,GC-MS
60512,BEASLEY PARK _HAMILTON_DOWNTOWN_,Freon 113,2007-08-16T00:00,0.572,µg/m³,VOC,GC-MS
60512,BEASLEY PARK _HAMILTON_DOWNTOWN_,Freon 113,2007-09-03T00:00,0.582,µg/m³,VOC,GC-MS
60512,BEASLEY PARK _HAMILTON_DOWNTOWN_,Freon 113,2007-09-09T00:00,0.605,µg/m³,VOC,GC-MS
60512,BEASLEY PARK _HAMILTON_DOWNTOWN_,Freon 113,2007-09-15T00:00,0.600,µg/m³,VOC,GC-MS
60512,BEASLEY PARK _HAMILTON_DOWNTOWN_,Freon 113,2007-09-21T00:00,0.576,µg/m³,VOC,GC-MS
60512,BEASLEY PARK _HAMILTON_DOWNTOWN_,Freon 113,2007-09-27T00:00,0.608,µg/m³,VOC,GC-MS
60512,BEASLEY PARK _HAMILTON_DOWNTOWN_,Freon 113,2007-10-03T00:00,0.577,µg/m³,VOC,GC-MS
60512,BEASLEY PARK _HAMILTON_DOWNTOWN_,Freon 113,2007-10-09T00:00,0.560,µg/m³,VOC,GC-MS
60512,BEASLEY PARK _HAMILTON_DOWNTOWN_,Freon 113,2007-10-15T00:00,0.557,µg/m³,VOC,GC-MS
60512,BEASLEY PARK _HAMILTON_DOWNTOWN_,Freon 113,2007-10-21T00:00,0.541,µg/m³,VOC,GC-MS
60512,BEASLEY PARK _HAMILTON_DOWNTOWN_,Freon 113,2007-10-27T00:00,0.593,µg/m³,VOC,GC-MS
60512,BEASLEY PARK _HAMILTON_DOWNTOWN_,Freon 113,2007-11-02T00:00,0.542,µg/m³,VOC,GC-MS
60512,BEASLEY PARK _HAMILTON_DOWNTOWN_,Freon 113,2007-11-08T00:00,0.539,µg/m³,VOC,GC-MS
60512,BEASLEY PARK _HAMILTON_DOWNTOWN_,Freon 113,2007-11-14T00:00,0.730,µg/m³,VOC,GC-MS
60512,BEASLEY PARK _HAMILTON_DOWNTOWN_,Freon 113,2007-11-20T00:00,0.745,µg/m³,VOC,GC-MS
60512,BEASLEY PARK _HAMILTON_DOWNTOWN_,Freon 113,2007-11-26T00:00,0.778,µg/m³,VOC,GC-MS
60512,BEASLEY PARK _HAMILTON_DOWNTOWN_,Freon 113,2007-12-02T00:00,0.807,µg/m³,VOC,GC-MS
60512,BEASLEY PARK _HAMILTON_DOWNTOWN_,Freon 113,2007-12-08T00:00,0.654,µg/m³,VOC,GC-MS
60512,BEASLEY PARK _HAMILTON_DOWNTOWN_,Freon 113,2007-12-14T00:00,0.589,µg/m³,VOC,GC-MS
60512,BEASLEY PARK _HAMILTON_DOWNTOWN_,Freon 113,2007-12-20T00:00,0.671,µg/m³,VOC,GC-MS
60512,BEASLEY PARK _HAMILTON_DOWNTOWN_,Freon 113,2007-12-26T00:00,0.693,µg/m³,VOC,GC-MS
