﻿NAPS_Site_ID,Station_Name,Pollutant,Date,Value,Units,Report_Type,Method
30113,JOHNSTON BUILDING,OC_T,2008-01-10T00:00,1.970,µg/m³,CARB,TOR
30113,JOHNSTON BUILDING,OC_T,2008-01-13T00:00,2.495,µg/m³,CARB,TOR
30113,JOHNSTON BUILDING,OC_T,2008-01-16T00:00,3.289,µg/m³,CARB,TOR
30113,JOHNSTON BUILDING,OC_T,2008-01-19T00:00,2.601,µg/m³,CARB,TOR
30113,JOHNSTON BUILDING,OC_T,2008-01-25T00:00,3.225,µg/m³,CARB,TOR
30113,JOHNSTON BUILDING,OC_T,2008-01-28T00:00,2.033,µg/m³,CARB,TOR
30113,JOHNSTON BUILDING,OC_T,2008-05-13T00:00,4.336,µg/m³,CARB,TOR
30113,JOHNSTON BUILDING,OC_T,2008-05-16T00:00,5.093,µg/m³,CARB,TOR
30113,JOHNSTON BUILDING,OC_T,2008-05-31T00:00,5.469,µg/m³,CARB,TOR
30113,JOHNSTON BUILDING,OC_T,2008-06-03T00:00,4.913,µg/m³,CARB,TOR
30113,JOHNSTON BUILDING,OC_T,2008-07-18T00:00,4.772,µg/m³,CARB,TOR
30113,JOHNSTON BUILDING,OC_T,2008-07-21T00:00,3.715,µg/m³,CARB,TOR
30113,JOHNSTON BUILDING,OC_T,2008-07-24T00:00,3.327,µg/m³,CARB,TOR
