﻿NAPS_Site_ID,Station_Name,Pollutant,Date,Value,Units,Report_Type,Method
70119,ELLEN,Nitrite,2009-03-31T20:00,0.000,µg/m³,DICHOT,IC
70119,ELLEN,Nitrite,2009-03-31T20:00,0.000,µg/m³,DICHOT,IC
70119,ELLEN,Nitrite,2009-04-06T20:00,0.000,µg/m³,DICHOT,IC
70119,ELLEN,Nitrite,2009-04-06T20:00,0.000,µg/m³,DICHOT,IC
70119,ELLEN,Nitrite,2009-04-30T20:00,0.000,µg/m³,DICHOT,IC
70119,ELLEN,Nitrite,2009-04-30T20:00,0.000,µg/m³,DICHOT,IC
70119,ELLEN,Nitrite,2009-05-06T20:00,0.000,µg/m³,DICHOT,IC
70119,ELLEN,Nitrite,2009-05-06T20:00,0.000,µg/m³,DICHOT,IC
70119,ELLEN,Nitrite,2009-05-24T20:00,0.000,µg/m³,DICHOT,IC
70119,ELLEN,Nitrite,2009-05-24T20:00,0.000,µg/m³,DICHOT,IC
70119,ELLEN,Nitrite,2009-05-30T20:00,0.000,µg/m³,DICHOT,IC
70119,ELLEN,Nitrite,2009-05-30T20:00,0.000,µg/m³,DICHOT,IC
70119,ELLEN,Nitrite,2009-06-05T20:00,0.000,µg/m³,DICHOT,IC
70119,ELLEN,Nitrite,2009-06-05T20:00,0.000,µg/m³,DICHOT,IC
70119,ELLEN,Nitrite,2009-06-11T20:00,0.000,µg/m³,DICHOT,IC
70119,ELLEN,Nitrite,2009-06-11T20:00,0.000,µg/m³,DICHOT,IC
70119,ELLEN,Nitrite,2009-06-17T20:00,0.000,µg/m³,DICHOT,IC
70119,ELLEN,Nitrite,2009-06-17T20:00,0.000,µg/m³,DICHOT,IC
70119,ELLEN,Nitrite,2009-06-23T20:00,0.000,µg/m³,DICHOT,IC
70119,ELLEN,Nitrite,2009-06-23T20:00,0.000,µg/m³,DICHOT,IC
70119,ELLEN,Nitrite,2009-06-29T20:00,0.000,µg/m³,DICHOT,IC
70119,ELLEN,Nitrite,2009-06-29T20:00,0.000,µg/m³,DICHOT,IC
70119,ELLEN,Nitrite,2009-07-05T20:00,0.000,µg/m³,DICHOT,IC
70119,ELLEN,Nitrite,2009-07-05T20:00,0.000,µg/m³,DICHOT,IC
70119,ELLEN,Nitrite,2009-07-11T20:00,0.000,µg/m³,DICHOT,IC
70119,ELLEN,Nitrite,2009-07-11T20:00,0.000,µg/m³,DICHOT,IC
70119,ELLEN,Nitrite,2009-07-17T20:00,0.000,µg/m³,DICHOT,IC
70119,ELLEN,Nitrite,2009-07-17T20:00,0.000,µg/m³,DICHOT,IC
70119,ELLEN,Nitrite,2009-07-23T20:00,0.000,µg/m³,DICHOT,IC
70119,ELLEN,Nitrite,2009-07-23T20:00,0.000,µg/m³,DICHOT,IC
70119,ELLEN,Nitrite,2009-07-29T20:00,0.000,µg/m³,DICHOT,IC
70119,ELLEN,Nitrite,2009-07-29T20:00,0.000,µg/m³,DICHOT,IC
70119,ELLEN,Nitrite,2009-08-04T20:00,0.000,µg/m³,DICHOT,IC
70119,ELLEN,Nitrite,2009-08-04T20:00,0.000,µg/m³,DICHOT,IC
70119,ELLEN,Nitrite,2009-08-10T20:00,0.000,µg/m³,DICHOT,IC
70119,ELLEN,Nitrite,2009-08-10T20:00,0.000,µg/m³,DICHOT,IC
70119,ELLEN,Nitrite,2009-08-16T20:00,0.000,µg/m³,DICHOT,IC
70119,ELLEN,Nitrite,2009-08-16T20:00,0.000,µg/m³,DICHOT,IC
70119,ELLEN,Nitrite,2009-08-22T20:00,0.000,µg/m³,DICHOT,IC
70119,ELLEN,Nitrite,2009-08-22T20:00,0.000,µg/m³,DICHOT,IC
70119,ELLEN,Nitrite,2009-08-28T20:00,0.000,µg/m³,DICHOT,IC
70119,ELLEN,Nitrite,2009-08-28T20:00,0.000,µg/m³,DICHOT,IC
70119,ELLEN,Nitrite,2009-09-03T20:00,0.000,µg/m³,DICHOT,IC
70119,ELLEN,Nitrite,2009-09-03T20:00,0.000,µg/m³,DICHOT,IC
70119,ELLEN,Nitrite,2009-09-15T20:00,0.000,µg/m³,DICHOT,IC
70119,ELLEN,Nitrite,2009-09-15T20:00,0.000,µg/m³,DICHOT,IC
70119,ELLEN,Nitrite,2009-09-21T20:00,0.000,µg/m³,DICHOT,IC
70119,ELLEN,Nitrite,2009-09-21T20:00,0.000,µg/m³,DICHOT,IC
70119,ELLEN,Nitrite,2009-09-27T20:00,0.000,µg/m³,DICHOT,IC
70119,ELLEN,Nitrite,2009-09-27T20:00,0.000,µg/m³,DICHOT,IC
70119,ELLEN,Nitrite,2009-10-03T20:00,0.000,µg/m³,DICHOT,IC
70119,ELLEN,Nitrite,2009-10-03T20:00,0.000,µg/m³,DICHOT,IC
70119,ELLEN,Nitrite,2009-10-09T20:00,0.000,µg/m³,DICHOT,IC
70119,ELLEN,Nitrite,2009-10-09T20:00,0.000,µg/m³,DICHOT,IC
70119,ELLEN,Nitrite,2009-10-15T20:00,0.000,µg/m³,DICHOT,IC
70119,ELLEN,Nitrite,2009-10-15T20:00,0.000,µg/m³,DICHOT,IC
70119,ELLEN,Nitrite,2009-10-21T20:00,0.000,µg/m³,DICHOT,IC
70119,ELLEN,Nitrite,2009-10-21T20:00,0.000,µg/m³,DICHOT,IC
70119,ELLEN,Nitrite,2009-10-27T20:00,0.000,µg/m³,DICHOT,IC
70119,ELLEN,Nitrite,2009-10-27T20:00,0.000,µg/m³,DICHOT,IC
70119,ELLEN,Nitrite,2009-11-02T19:00,0.000,µg/m³,DICHOT,IC
70119,ELLEN,Nitrite,2009-11-02T19:00,0.000,µg/m³,DICHOT,IC
70119,ELLEN,Nitrite,2009-11-08T19:00,0.000,µg/m³,DICHOT,IC
70119,ELLEN,Nitrite,2009-11-08T19:00,0.000,µg/m³,DICHOT,IC
70119,ELLEN,Nitrite,2009-11-14T19:00,0.000,µg/m³,DICHOT,IC
70119,ELLEN,Nitrite,2009-11-14T19:00,0.000,µg/m³,DICHOT,IC
70119,ELLEN,Nitrite,2009-11-20T19:00,0.000,µg/m³,DICHOT,IC
70119,ELLEN,Nitrite,2009-11-20T19:00,0.000,µg/m³,DICHOT,IC
