﻿NAPS_Site_ID,Station_Name,Pollutant,Date,Value,Units,Report_Type,Method
100119,BURNABY SOUTH,m-Tolualdehyde,2019-04-21T00:00,0.000,µg/m³,CARB,HPLC
100119,BURNABY SOUTH,m-Tolualdehyde,2019-04-27T00:00,0.000,µg/m³,CARB,HPLC
100119,BURNABY SOUTH,m-Tolualdehyde,2019-05-03T00:00,0.000,µg/m³,CARB,HPLC
100119,BURNABY SOUTH,m-Tolualdehyde,2019-05-09T00:00,0.008,µg/m³,CARB,HPLC
100119,BURNABY SOUTH,m-Tolualdehyde,2019-05-15T00:00,0.014,µg/m³,CARB,HPLC
100119,BURNABY SOUTH,m-Tolualdehyde,2019-05-21T00:00,0.011,µg/m³,CARB,HPLC
100119,BURNABY SOUTH,m-Tolualdehyde,2019-05-27T00:00,0.056,µg/m³,CARB,HPLC
100119,BURNABY SOUTH,m-Tolualdehyde,2019-06-02T00:00,0.018,µg/m³,CARB,HPLC
100119,BURNABY SOUTH,m-Tolualdehyde,2019-06-08T00:00,0.014,µg/m³,CARB,HPLC
100119,BURNABY SOUTH,m-Tolualdehyde,2019-06-14T00:00,0.033,µg/m³,CARB,HPLC
100119,BURNABY SOUTH,m-Tolualdehyde,2019-06-20T00:00,0.015,µg/m³,CARB,HPLC
100119,BURNABY SOUTH,m-Tolualdehyde,2019-09-06T00:00,0.042,µg/m³,CARB,HPLC
100119,BURNABY SOUTH,m-Tolualdehyde,2019-09-12T00:00,0.012,µg/m³,CARB,HPLC
100119,BURNABY SOUTH,m-Tolualdehyde,2019-09-18T00:00,0.006,µg/m³,CARB,HPLC
100119,BURNABY SOUTH,m-Tolualdehyde,2019-09-24T00:00,0.010,µg/m³,CARB,HPLC
100119,BURNABY SOUTH,m-Tolualdehyde,2019-09-30T00:00,0.000,µg/m³,CARB,HPLC
100119,BURNABY SOUTH,m-Tolualdehyde,2019-10-06T00:00,0.011,µg/m³,CARB,HPLC
100119,BURNABY SOUTH,m-Tolualdehyde,2019-10-12T00:00,0.024,µg/m³,CARB,HPLC
100119,BURNABY SOUTH,m-Tolualdehyde,2019-10-18T00:00,0.003,µg/m³,CARB,HPLC
100119,BURNABY SOUTH,m-Tolualdehyde,2019-10-24T00:00,0.024,µg/m³,CARB,HPLC
100119,BURNABY SOUTH,m-Tolualdehyde,2019-10-30T00:00,0.011,µg/m³,CARB,HPLC
100119,BURNABY SOUTH,m-Tolualdehyde,2019-11-05T00:00,0.013,µg/m³,CARB,HPLC
100119,BURNABY SOUTH,m-Tolualdehyde,2019-11-11T00:00,0.012,µg/m³,CARB,HPLC
100119,BURNABY SOUTH,m-Tolualdehyde,2019-11-17T00:00,0.016,µg/m³,CARB,HPLC
100119,BURNABY SOUTH,m-Tolualdehyde,2019-11-23T00:00,0.017,µg/m³,CARB,HPLC
100119,BURNABY SOUTH,m-Tolualdehyde,2019-11-29T00:00,0.009,µg/m³,CARB,HPLC
