﻿NAPS_Site_ID,Station_Name,Pollutant,Date,Value,Units,Report_Type,Method
30101,DALTECH,Silicon,2001-12-09T00:00,0.029,µg/m³,DICHOT,EDXRF
30101,DALTECH,Silicon,2001-12-09T00:00,0.137,µg/m³,DICHOT,EDXRF
30101,DALTECH,Silicon,2001-12-15T00:00,0.004,µg/m³,DICHOT,EDXRF
30101,DALTECH,Silicon,2001-12-15T00:00,0.389,µg/m³,DICHOT,EDXRF
30101,DALTECH,Silicon,2001-12-21T00:00,0.000,µg/m³,DICHOT,EDXRF
30101,DALTECH,Silicon,2001-12-21T00:00,0.031,µg/m³,DICHOT,EDXRF
30101,DALTECH,Silicon,2001-12-27T00:00,0.026,µg/m³,DICHOT,EDXRF
30101,DALTECH,Silicon,2001-12-27T00:00,0.173,µg/m³,DICHOT,EDXRF
