﻿NAPS_Site_ID,Station_Name,Pollutant,Date,Value,Units,Report_Type,Method
100119,BURNABY SOUTH,Sulphate,2009-02-09T00:00,0.031,µg/m³,IC,
100119,BURNABY SOUTH,Sulphate,2009-02-09T00:00,0.267,µg/m³,IC,
100119,BURNABY SOUTH,Sulphate,2009-02-12T00:00,0.030,µg/m³,IC,
100119,BURNABY SOUTH,Sulphate,2009-02-12T00:00,0.457,µg/m³,IC,
100119,BURNABY SOUTH,Sulphate,2009-02-15T00:00,0.036,µg/m³,IC,
100119,BURNABY SOUTH,Sulphate,2009-02-15T00:00,0.454,µg/m³,IC,
100119,BURNABY SOUTH,Sulphate,2009-02-18T00:00,0.046,µg/m³,IC,
100119,BURNABY SOUTH,Sulphate,2009-02-18T00:00,0.766,µg/m³,IC,
100119,BURNABY SOUTH,Sulphate,2009-02-21T00:00,0.061,µg/m³,IC,
100119,BURNABY SOUTH,Sulphate,2009-02-21T00:00,0.683,µg/m³,IC,
100119,BURNABY SOUTH,Sulphate,2009-02-24T00:00,0.100,µg/m³,IC,
100119,BURNABY SOUTH,Sulphate,2009-02-24T00:00,0.208,µg/m³,IC,
100119,BURNABY SOUTH,Sulphate,2009-02-27T00:00,0.021,µg/m³,IC,
100119,BURNABY SOUTH,Sulphate,2009-02-27T00:00,0.716,µg/m³,IC,
100119,BURNABY SOUTH,Sulphate,2009-03-02T00:00,0.026,µg/m³,IC,
100119,BURNABY SOUTH,Sulphate,2009-03-02T00:00,0.192,µg/m³,IC,
100119,BURNABY SOUTH,Sulphate,2009-03-05T00:00,0.021,µg/m³,IC,
100119,BURNABY SOUTH,Sulphate,2009-03-05T00:00,0.416,µg/m³,IC,
100119,BURNABY SOUTH,Sulphate,2009-03-08T00:00,0.050,µg/m³,IC,
100119,BURNABY SOUTH,Sulphate,2009-03-08T00:00,0.615,µg/m³,IC,
100119,BURNABY SOUTH,Sulphate,2009-03-17T00:00,0.025,µg/m³,IC,
100119,BURNABY SOUTH,Sulphate,2009-03-17T00:00,0.341,µg/m³,IC,
100119,BURNABY SOUTH,Sulphate,2009-03-20T00:00,0.020,µg/m³,IC,
100119,BURNABY SOUTH,Sulphate,2009-03-20T00:00,0.303,µg/m³,IC,
100119,BURNABY SOUTH,Sulphate,2009-03-23T00:00,0.030,µg/m³,IC,
100119,BURNABY SOUTH,Sulphate,2009-03-23T00:00,0.418,µg/m³,IC,
100119,BURNABY SOUTH,Sulphate,2009-03-26T00:00,0.023,µg/m³,IC,
100119,BURNABY SOUTH,Sulphate,2009-03-26T00:00,0.578,µg/m³,IC,
100119,BURNABY SOUTH,Sulphate,2009-04-01T00:00,0.022,µg/m³,IC,
100119,BURNABY SOUTH,Sulphate,2009-04-01T00:00,0.410,µg/m³,IC,
100119,BURNABY SOUTH,Sulphate,2009-04-04T00:00,0.036,µg/m³,IC,
100119,BURNABY SOUTH,Sulphate,2009-04-04T00:00,0.278,µg/m³,IC,
100119,BURNABY SOUTH,Sulphate,2009-04-07T00:00,0.027,µg/m³,IC,
100119,BURNABY SOUTH,Sulphate,2009-04-07T00:00,1.235,µg/m³,IC,
100119,BURNABY SOUTH,Sulphate,2009-04-10T00:00,0.022,µg/m³,IC,
100119,BURNABY SOUTH,Sulphate,2009-04-10T00:00,0.972,µg/m³,IC,
100119,BURNABY SOUTH,Sulphate,2009-04-13T00:00,0.011,µg/m³,IC,
100119,BURNABY SOUTH,Sulphate,2009-04-13T00:00,0.335,µg/m³,IC,
100119,BURNABY SOUTH,Sulphate,2009-04-16T00:00,0.017,µg/m³,IC,
100119,BURNABY SOUTH,Sulphate,2009-04-16T00:00,0.948,µg/m³,IC,
100119,BURNABY SOUTH,Sulphate,2009-04-19T00:00,0.050,µg/m³,IC,
100119,BURNABY SOUTH,Sulphate,2009-04-19T00:00,0.697,µg/m³,IC,
100119,BURNABY SOUTH,Sulphate,2009-04-22T00:00,0.026,µg/m³,IC,
100119,BURNABY SOUTH,Sulphate,2009-04-22T00:00,1.600,µg/m³,IC,
100119,BURNABY SOUTH,Sulphate,2009-04-28T00:00,0.037,µg/m³,IC,
100119,BURNABY SOUTH,Sulphate,2009-04-28T00:00,1.047,µg/m³,IC,
100119,BURNABY SOUTH,Sulphate,2009-05-01T00:00,0.031,µg/m³,IC,
100119,BURNABY SOUTH,Sulphate,2009-05-01T00:00,1.742,µg/m³,IC,
100119,BURNABY SOUTH,Sulphate,2009-05-04T00:00,0.007,µg/m³,IC,
100119,BURNABY SOUTH,Sulphate,2009-05-04T00:00,0.599,µg/m³,IC,
100119,BURNABY SOUTH,Sulphate,2009-05-07T00:00,0.035,µg/m³,IC,
100119,BURNABY SOUTH,Sulphate,2009-05-07T00:00,0.215,µg/m³,IC,
100119,BURNABY SOUTH,Sulphate,2009-05-10T00:00,0.020,µg/m³,IC,
100119,BURNABY SOUTH,Sulphate,2009-05-10T00:00,0.869,µg/m³,IC,
100119,BURNABY SOUTH,Sulphate,2009-05-13T00:00,0.034,µg/m³,IC,
100119,BURNABY SOUTH,Sulphate,2009-05-13T00:00,0.568,µg/m³,IC,
100119,BURNABY SOUTH,Sulphate,2009-05-16T00:00,0.016,µg/m³,IC,
100119,BURNABY SOUTH,Sulphate,2009-05-16T00:00,1.097,µg/m³,IC,
100119,BURNABY SOUTH,Sulphate,2009-05-19T00:00,0.067,µg/m³,IC,
100119,BURNABY SOUTH,Sulphate,2009-05-19T00:00,0.200,µg/m³,IC,
100119,BURNABY SOUTH,Sulphate,2009-05-22T00:00,0.066,µg/m³,IC,
100119,BURNABY SOUTH,Sulphate,2009-05-22T00:00,0.984,µg/m³,IC,
100119,BURNABY SOUTH,Sulphate,2009-05-25T00:00,0.029,µg/m³,IC,
100119,BURNABY SOUTH,Sulphate,2009-05-25T00:00,1.770,µg/m³,IC,
100119,BURNABY SOUTH,Sulphate,2009-05-28T00:00,0.017,µg/m³,IC,
100119,BURNABY SOUTH,Sulphate,2009-05-28T00:00,1.411,µg/m³,IC,
100119,BURNABY SOUTH,Sulphate,2009-05-31T00:00,0.027,µg/m³,IC,
100119,BURNABY SOUTH,Sulphate,2009-05-31T00:00,0.935,µg/m³,IC,
100119,BURNABY SOUTH,Sulphate,2009-06-03T00:00,0.020,µg/m³,IC,
100119,BURNABY SOUTH,Sulphate,2009-06-03T00:00,0.822,µg/m³,IC,
100119,BURNABY SOUTH,Sulphate,2009-06-06T00:00,0.022,µg/m³,IC,
100119,BURNABY SOUTH,Sulphate,2009-06-06T00:00,1.658,µg/m³,IC,
100119,BURNABY SOUTH,Sulphate,2009-06-09T00:00,0.031,µg/m³,IC,
100119,BURNABY SOUTH,Sulphate,2009-06-09T00:00,2.270,µg/m³,IC,
100119,BURNABY SOUTH,Sulphate,2009-06-12T00:00,0.022,µg/m³,IC,
100119,BURNABY SOUTH,Sulphate,2009-06-12T00:00,2.603,µg/m³,IC,
100119,BURNABY SOUTH,Sulphate,2009-06-15T00:00,0.067,µg/m³,IC,
100119,BURNABY SOUTH,Sulphate,2009-06-15T00:00,1.534,µg/m³,IC,
100119,BURNABY SOUTH,Sulphate,2009-06-18T00:00,0.056,µg/m³,IC,
100119,BURNABY SOUTH,Sulphate,2009-06-18T00:00,0.694,µg/m³,IC,
100119,BURNABY SOUTH,Sulphate,2009-06-21T00:00,0.032,µg/m³,IC,
100119,BURNABY SOUTH,Sulphate,2009-06-21T00:00,0.750,µg/m³,IC,
100119,BURNABY SOUTH,Sulphate,2009-06-24T00:00,0.034,µg/m³,IC,
100119,BURNABY SOUTH,Sulphate,2009-06-24T00:00,0.835,µg/m³,IC,
100119,BURNABY SOUTH,Sulphate,2009-06-30T00:00,0.019,µg/m³,IC,
100119,BURNABY SOUTH,Sulphate,2009-06-30T00:00,0.970,µg/m³,IC,
100119,BURNABY SOUTH,Sulphate,2009-07-03T00:00,0.026,µg/m³,IC,
100119,BURNABY SOUTH,Sulphate,2009-07-03T00:00,1.387,µg/m³,IC,
100119,BURNABY SOUTH,Sulphate,2009-07-06T00:00,0.019,µg/m³,IC,
100119,BURNABY SOUTH,Sulphate,2009-07-06T00:00,0.771,µg/m³,IC,
100119,BURNABY SOUTH,Sulphate,2009-07-09T00:00,0.017,µg/m³,IC,
100119,BURNABY SOUTH,Sulphate,2009-07-09T00:00,1.009,µg/m³,IC,
100119,BURNABY SOUTH,Sulphate,2009-07-12T00:00,0.063,µg/m³,IC,
100119,BURNABY SOUTH,Sulphate,2009-07-12T00:00,1.187,µg/m³,IC,
100119,BURNABY SOUTH,Sulphate,2009-07-15T00:00,0.024,µg/m³,IC,
100119,BURNABY SOUTH,Sulphate,2009-07-15T00:00,1.589,µg/m³,IC,
100119,BURNABY SOUTH,Sulphate,2009-07-18T00:00,0.017,µg/m³,IC,
100119,BURNABY SOUTH,Sulphate,2009-07-18T00:00,1.042,µg/m³,IC,
100119,BURNABY SOUTH,Sulphate,2009-07-21T00:00,0.064,µg/m³,IC,
100119,BURNABY SOUTH,Sulphate,2009-07-21T00:00,0.914,µg/m³,IC,
100119,BURNABY SOUTH,Sulphate,2009-07-30T00:00,0.194,µg/m³,IC,
100119,BURNABY SOUTH,Sulphate,2009-07-30T00:00,1.271,µg/m³,IC,
100119,BURNABY SOUTH,Sulphate,2009-08-02T00:00,0.039,µg/m³,IC,
100119,BURNABY SOUTH,Sulphate,2009-08-02T00:00,1.626,µg/m³,IC,
100119,BURNABY SOUTH,Sulphate,2009-08-05T00:00,0.055,µg/m³,IC,
100119,BURNABY SOUTH,Sulphate,2009-08-05T00:00,1.634,µg/m³,IC,
100119,BURNABY SOUTH,Sulphate,2009-08-08T00:00,0.057,µg/m³,IC,
100119,BURNABY SOUTH,Sulphate,2009-08-08T00:00,1.771,µg/m³,IC,
100119,BURNABY SOUTH,Sulphate,2009-08-11T00:00,0.051,µg/m³,IC,
100119,BURNABY SOUTH,Sulphate,2009-08-11T00:00,0.869,µg/m³,IC,
100119,BURNABY SOUTH,Sulphate,2009-08-14T00:00,0.063,µg/m³,IC,
100119,BURNABY SOUTH,Sulphate,2009-08-14T00:00,1.427,µg/m³,IC,
100119,BURNABY SOUTH,Sulphate,2009-08-17T00:00,0.040,µg/m³,IC,
100119,BURNABY SOUTH,Sulphate,2009-08-17T00:00,1.290,µg/m³,IC,
100119,BURNABY SOUTH,Sulphate,2009-08-20T00:00,0.090,µg/m³,IC,
100119,BURNABY SOUTH,Sulphate,2009-08-20T00:00,1.209,µg/m³,IC,
100119,BURNABY SOUTH,Sulphate,2009-08-23T00:00,0.015,µg/m³,IC,
100119,BURNABY SOUTH,Sulphate,2009-08-23T00:00,1.760,µg/m³,IC,
100119,BURNABY SOUTH,Sulphate,2009-08-26T00:00,0.056,µg/m³,IC,
100119,BURNABY SOUTH,Sulphate,2009-08-26T00:00,1.682,µg/m³,IC,
100119,BURNABY SOUTH,Sulphate,2009-08-29T00:00,0.034,µg/m³,IC,
100119,BURNABY SOUTH,Sulphate,2009-08-29T00:00,1.779,µg/m³,IC,
100119,BURNABY SOUTH,Sulphate,2009-09-01T00:00,0.032,µg/m³,IC,
100119,BURNABY SOUTH,Sulphate,2009-09-01T00:00,1.623,µg/m³,IC,
100119,BURNABY SOUTH,Sulphate,2009-09-04T00:00,0.043,µg/m³,IC,
100119,BURNABY SOUTH,Sulphate,2009-09-04T00:00,0.752,µg/m³,IC,
100119,BURNABY SOUTH,Sulphate,2009-09-07T00:00,0.036,µg/m³,IC,
100119,BURNABY SOUTH,Sulphate,2009-09-07T00:00,0.522,µg/m³,IC,
100119,BURNABY SOUTH,Sulphate,2009-09-19T00:00,0.014,µg/m³,IC,
100119,BURNABY SOUTH,Sulphate,2009-09-19T00:00,0.514,µg/m³,IC,
100119,BURNABY SOUTH,Sulphate,2009-09-22T00:00,0.040,µg/m³,IC,
100119,BURNABY SOUTH,Sulphate,2009-09-22T00:00,0.977,µg/m³,IC,
100119,BURNABY SOUTH,Sulphate,2009-09-25T00:00,0.049,µg/m³,IC,
100119,BURNABY SOUTH,Sulphate,2009-09-25T00:00,0.777,µg/m³,IC,
100119,BURNABY SOUTH,Sulphate,2009-09-28T00:00,0.051,µg/m³,IC,
100119,BURNABY SOUTH,Sulphate,2009-09-28T00:00,0.753,µg/m³,IC,
100119,BURNABY SOUTH,Sulphate,2009-10-01T00:00,0.020,µg/m³,IC,
100119,BURNABY SOUTH,Sulphate,2009-10-01T00:00,0.500,µg/m³,IC,
100119,BURNABY SOUTH,Sulphate,2009-10-04T00:00,0.026,µg/m³,IC,
100119,BURNABY SOUTH,Sulphate,2009-10-04T00:00,0.972,µg/m³,IC,
100119,BURNABY SOUTH,Sulphate,2009-10-07T00:00,0.037,µg/m³,IC,
100119,BURNABY SOUTH,Sulphate,2009-10-07T00:00,1.289,µg/m³,IC,
100119,BURNABY SOUTH,Sulphate,2009-10-10T00:00,0.018,µg/m³,IC,
100119,BURNABY SOUTH,Sulphate,2009-10-10T00:00,0.439,µg/m³,IC,
100119,BURNABY SOUTH,Sulphate,2009-10-13T00:00,0.010,µg/m³,IC,
100119,BURNABY SOUTH,Sulphate,2009-10-13T00:00,0.532,µg/m³,IC,
100119,BURNABY SOUTH,Sulphate,2009-10-16T00:00,0.014,µg/m³,IC,
100119,BURNABY SOUTH,Sulphate,2009-10-16T00:00,0.433,µg/m³,IC,
100119,BURNABY SOUTH,Sulphate,2009-10-19T00:00,0.025,µg/m³,IC,
100119,BURNABY SOUTH,Sulphate,2009-10-19T00:00,0.895,µg/m³,IC,
100119,BURNABY SOUTH,Sulphate,2009-10-22T00:00,0.026,µg/m³,IC,
100119,BURNABY SOUTH,Sulphate,2009-10-22T00:00,0.844,µg/m³,IC,
100119,BURNABY SOUTH,Sulphate,2009-10-25T00:00,0.021,µg/m³,IC,
100119,BURNABY SOUTH,Sulphate,2009-10-25T00:00,0.477,µg/m³,IC,
100119,BURNABY SOUTH,Sulphate,2009-10-28T00:00,0.031,µg/m³,IC,
100119,BURNABY SOUTH,Sulphate,2009-10-28T00:00,0.462,µg/m³,IC,
100119,BURNABY SOUTH,Sulphate,2009-10-31T00:00,0.021,µg/m³,IC,
100119,BURNABY SOUTH,Sulphate,2009-10-31T00:00,1.933,µg/m³,IC,
100119,BURNABY SOUTH,Sulphate,2009-11-03T00:00,0.022,µg/m³,IC,
100119,BURNABY SOUTH,Sulphate,2009-11-03T00:00,0.495,µg/m³,IC,
100119,BURNABY SOUTH,Sulphate,2009-11-06T00:00,0.027,µg/m³,IC,
100119,BURNABY SOUTH,Sulphate,2009-11-06T00:00,0.264,µg/m³,IC,
100119,BURNABY SOUTH,Sulphate,2009-11-09T00:00,0.020,µg/m³,IC,
100119,BURNABY SOUTH,Sulphate,2009-11-09T00:00,0.295,µg/m³,IC,
100119,BURNABY SOUTH,Sulphate,2009-11-12T00:00,0.011,µg/m³,IC,
100119,BURNABY SOUTH,Sulphate,2009-11-12T00:00,0.468,µg/m³,IC,
100119,BURNABY SOUTH,Sulphate,2009-11-15T00:00,0.008,µg/m³,IC,
100119,BURNABY SOUTH,Sulphate,2009-11-15T00:00,0.357,µg/m³,IC,
100119,BURNABY SOUTH,Sulphate,2009-11-18T00:00,0.022,µg/m³,IC,
100119,BURNABY SOUTH,Sulphate,2009-11-18T00:00,0.256,µg/m³,IC,
100119,BURNABY SOUTH,Sulphate,2009-11-21T00:00,0.019,µg/m³,IC,
100119,BURNABY SOUTH,Sulphate,2009-11-21T00:00,0.272,µg/m³,IC,
100119,BURNABY SOUTH,Sulphate,2009-11-24T00:00,0.040,µg/m³,IC,
100119,BURNABY SOUTH,Sulphate,2009-11-24T00:00,0.217,µg/m³,IC,
100119,BURNABY SOUTH,Sulphate,2009-11-27T00:00,0.049,µg/m³,IC,
100119,BURNABY SOUTH,Sulphate,2009-11-27T00:00,1.021,µg/m³,IC,
100119,BURNABY SOUTH,Sulphate,2009-11-30T00:00,0.023,µg/m³,IC,
100119,BURNABY SOUTH,Sulphate,2009-11-30T00:00,0.287,µg/m³,IC,
100119,BURNABY SOUTH,Sulphate,2009-12-03T00:00,0.022,µg/m³,IC,
100119,BURNABY SOUTH,Sulphate,2009-12-03T00:00,0.669,µg/m³,IC,
100119,BURNABY SOUTH,Sulphate,2009-12-06T00:00,0.024,µg/m³,IC,
100119,BURNABY SOUTH,Sulphate,2009-12-06T00:00,0.263,µg/m³,IC,
100119,BURNABY SOUTH,Sulphate,2009-12-09T00:00,0.461,µg/m³,IC,
100119,BURNABY SOUTH,Sulphate,2009-12-18T00:00,0.057,µg/m³,IC,
100119,BURNABY SOUTH,Sulphate,2009-12-18T00:00,0.454,µg/m³,IC,
100119,BURNABY SOUTH,Sulphate,2009-12-21T00:00,0.050,µg/m³,IC,
100119,BURNABY SOUTH,Sulphate,2009-12-21T00:00,0.331,µg/m³,IC,
100119,BURNABY SOUTH,Sulphate,2009-12-24T00:00,0.044,µg/m³,IC,
100119,BURNABY SOUTH,Sulphate,2009-12-24T00:00,1.004,µg/m³,IC,
100119,BURNABY SOUTH,Sulphate,2009-12-27T00:00,0.049,µg/m³,IC,
100119,BURNABY SOUTH,Sulphate,2009-12-27T00:00,1.222,µg/m³,IC,
100119,BURNABY SOUTH,Sulphate,2009-12-30T00:00,0.029,µg/m³,IC,
100119,BURNABY SOUTH,Sulphate,2009-12-30T00:00,0.369,µg/m³,IC,
100119,BURNABY SOUTH,Sulphate,2009-02-09T00:00,1.004,µg/m³,NA,
100119,BURNABY SOUTH,Sulphate,2009-02-12T00:00,1.471,µg/m³,NA,
100119,BURNABY SOUTH,Sulphate,2009-02-15T00:00,3.213,µg/m³,NA,
100119,BURNABY SOUTH,Sulphate,2009-02-18T00:00,4.735,µg/m³,NA,
100119,BURNABY SOUTH,Sulphate,2009-02-21T00:00,7.298,µg/m³,NA,
100119,BURNABY SOUTH,Sulphate,2009-02-24T00:00,0.574,µg/m³,NA,
100119,BURNABY SOUTH,Sulphate,2009-02-27T00:00,1.556,µg/m³,NA,
100119,BURNABY SOUTH,Sulphate,2009-03-02T00:00,1.337,µg/m³,NA,
100119,BURNABY SOUTH,Sulphate,2009-03-05T00:00,2.053,µg/m³,NA,
100119,BURNABY SOUTH,Sulphate,2009-03-08T00:00,5.457,µg/m³,NA,
100119,BURNABY SOUTH,Sulphate,2009-03-17T00:00,0.401,µg/m³,NA,
100119,BURNABY SOUTH,Sulphate,2009-03-20T00:00,0.305,µg/m³,NA,
100119,BURNABY SOUTH,Sulphate,2009-03-23T00:00,1.279,µg/m³,NA,
100119,BURNABY SOUTH,Sulphate,2009-03-26T00:00,2.844,µg/m³,NA,
100119,BURNABY SOUTH,Sulphate,2009-04-01T00:00,0.507,µg/m³,NA,
100119,BURNABY SOUTH,Sulphate,2009-04-04T00:00,0.440,µg/m³,NA,
100119,BURNABY SOUTH,Sulphate,2009-04-07T00:00,5.850,µg/m³,NA,
100119,BURNABY SOUTH,Sulphate,2009-04-10T00:00,4.790,µg/m³,NA,
100119,BURNABY SOUTH,Sulphate,2009-04-13T00:00,0.705,µg/m³,NA,
100119,BURNABY SOUTH,Sulphate,2009-04-16T00:00,2.338,µg/m³,NA,
100119,BURNABY SOUTH,Sulphate,2009-04-19T00:00,2.422,µg/m³,NA,
100119,BURNABY SOUTH,Sulphate,2009-04-22T00:00,2.332,µg/m³,NA,
100119,BURNABY SOUTH,Sulphate,2009-04-28T00:00,1.592,µg/m³,NA,
100119,BURNABY SOUTH,Sulphate,2009-05-01T00:00,8.051,µg/m³,NA,
100119,BURNABY SOUTH,Sulphate,2009-05-04T00:00,0.595,µg/m³,NA,
100119,BURNABY SOUTH,Sulphate,2009-05-07T00:00,1.297,µg/m³,NA,
100119,BURNABY SOUTH,Sulphate,2009-05-10T00:00,3.215,µg/m³,NA,
100119,BURNABY SOUTH,Sulphate,2009-05-13T00:00,0.000,µg/m³,NA,
100119,BURNABY SOUTH,Sulphate,2009-05-16T00:00,2.546,µg/m³,NA,
100119,BURNABY SOUTH,Sulphate,2009-05-19T00:00,0.164,µg/m³,NA,
100119,BURNABY SOUTH,Sulphate,2009-05-22T00:00,7.180,µg/m³,NA,
100119,BURNABY SOUTH,Sulphate,2009-05-25T00:00,3.183,µg/m³,NA,
100119,BURNABY SOUTH,Sulphate,2009-05-28T00:00,4.494,µg/m³,NA,
100119,BURNABY SOUTH,Sulphate,2009-05-31T00:00,4.571,µg/m³,NA,
100119,BURNABY SOUTH,Sulphate,2009-06-03T00:00,3.066,µg/m³,NA,
100119,BURNABY SOUTH,Sulphate,2009-06-06T00:00,1.744,µg/m³,NA,
100119,BURNABY SOUTH,Sulphate,2009-06-09T00:00,4.719,µg/m³,NA,
100119,BURNABY SOUTH,Sulphate,2009-06-12T00:00,4.656,µg/m³,NA,
100119,BURNABY SOUTH,Sulphate,2009-06-15T00:00,2.356,µg/m³,NA,
100119,BURNABY SOUTH,Sulphate,2009-06-18T00:00,4.237,µg/m³,NA,
100119,BURNABY SOUTH,Sulphate,2009-06-21T00:00,1.892,µg/m³,NA,
100119,BURNABY SOUTH,Sulphate,2009-06-24T00:00,1.981,µg/m³,NA,
100119,BURNABY SOUTH,Sulphate,2009-06-30T00:00,1.728,µg/m³,NA,
100119,BURNABY SOUTH,Sulphate,2009-07-03T00:00,5.500,µg/m³,NA,
100119,BURNABY SOUTH,Sulphate,2009-07-06T00:00,1.427,µg/m³,NA,
100119,BURNABY SOUTH,Sulphate,2009-07-09T00:00,2.877,µg/m³,NA,
100119,BURNABY SOUTH,Sulphate,2009-07-12T00:00,4.794,µg/m³,NA,
100119,BURNABY SOUTH,Sulphate,2009-07-15T00:00,4.947,µg/m³,NA,
100119,BURNABY SOUTH,Sulphate,2009-07-18T00:00,5.198,µg/m³,NA,
100119,BURNABY SOUTH,Sulphate,2009-07-21T00:00,4.570,µg/m³,NA,
100119,BURNABY SOUTH,Sulphate,2009-07-30T00:00,9.435,µg/m³,NA,
100119,BURNABY SOUTH,Sulphate,2009-08-02T00:00,5.316,µg/m³,NA,
100119,BURNABY SOUTH,Sulphate,2009-08-05T00:00,2.478,µg/m³,NA,
100119,BURNABY SOUTH,Sulphate,2009-08-08T00:00,3.912,µg/m³,NA,
100119,BURNABY SOUTH,Sulphate,2009-08-11T00:00,2.659,µg/m³,NA,
100119,BURNABY SOUTH,Sulphate,2009-08-14T00:00,2.415,µg/m³,NA,
100119,BURNABY SOUTH,Sulphate,2009-08-17T00:00,2.531,µg/m³,NA,
100119,BURNABY SOUTH,Sulphate,2009-08-20T00:00,4.151,µg/m³,NA,
100119,BURNABY SOUTH,Sulphate,2009-08-23T00:00,2.648,µg/m³,NA,
100119,BURNABY SOUTH,Sulphate,2009-08-26T00:00,10.440,µg/m³,NA,
100119,BURNABY SOUTH,Sulphate,2009-08-29T00:00,5.774,µg/m³,NA,
100119,BURNABY SOUTH,Sulphate,2009-09-01T00:00,5.053,µg/m³,NA,
100119,BURNABY SOUTH,Sulphate,2009-09-04T00:00,3.028,µg/m³,NA,
100119,BURNABY SOUTH,Sulphate,2009-09-07T00:00,1.162,µg/m³,NA,
100119,BURNABY SOUTH,Sulphate,2009-09-19T00:00,0.795,µg/m³,NA,
100119,BURNABY SOUTH,Sulphate,2009-09-22T00:00,6.661,µg/m³,NA,
100119,BURNABY SOUTH,Sulphate,2009-09-25T00:00,5.896,µg/m³,NA,
100119,BURNABY SOUTH,Sulphate,2009-09-28T00:00,6.145,µg/m³,NA,
100119,BURNABY SOUTH,Sulphate,2009-10-01T00:00,0.716,µg/m³,NA,
100119,BURNABY SOUTH,Sulphate,2009-10-04T00:00,6.629,µg/m³,NA,
100119,BURNABY SOUTH,Sulphate,2009-10-07T00:00,7.013,µg/m³,NA,
100119,BURNABY SOUTH,Sulphate,2009-10-10T00:00,1.811,µg/m³,NA,
100119,BURNABY SOUTH,Sulphate,2009-10-13T00:00,0.936,µg/m³,NA,
100119,BURNABY SOUTH,Sulphate,2009-10-16T00:00,0.852,µg/m³,NA,
100119,BURNABY SOUTH,Sulphate,2009-10-19T00:00,1.335,µg/m³,NA,
100119,BURNABY SOUTH,Sulphate,2009-10-22T00:00,2.091,µg/m³,NA,
100119,BURNABY SOUTH,Sulphate,2009-10-25T00:00,1.079,µg/m³,NA,
100119,BURNABY SOUTH,Sulphate,2009-10-28T00:00,0.000,µg/m³,NA,
100119,BURNABY SOUTH,Sulphate,2009-10-31T00:00,1.560,µg/m³,NA,
100119,BURNABY SOUTH,Sulphate,2009-11-03T00:00,4.418,µg/m³,NA,
100119,BURNABY SOUTH,Sulphate,2009-11-06T00:00,0.938,µg/m³,NA,
100119,BURNABY SOUTH,Sulphate,2009-11-09T00:00,0.719,µg/m³,NA,
100119,BURNABY SOUTH,Sulphate,2009-11-12T00:00,2.377,µg/m³,NA,
100119,BURNABY SOUTH,Sulphate,2009-11-15T00:00,0.514,µg/m³,NA,
100119,BURNABY SOUTH,Sulphate,2009-11-18T00:00,0.996,µg/m³,NA,
100119,BURNABY SOUTH,Sulphate,2009-11-21T00:00,0.555,µg/m³,NA,
100119,BURNABY SOUTH,Sulphate,2009-11-24T00:00,0.789,µg/m³,NA,
100119,BURNABY SOUTH,Sulphate,2009-11-27T00:00,1.964,µg/m³,NA,
100119,BURNABY SOUTH,Sulphate,2009-11-30T00:00,1.219,µg/m³,NA,
100119,BURNABY SOUTH,Sulphate,2009-12-03T00:00,2.848,µg/m³,NA,
100119,BURNABY SOUTH,Sulphate,2009-12-06T00:00,0.606,µg/m³,NA,
100119,BURNABY SOUTH,Sulphate,2009-12-18T00:00,1.870,µg/m³,NA,
100119,BURNABY SOUTH,Sulphate,2009-12-21T00:00,1.066,µg/m³,NA,
100119,BURNABY SOUTH,Sulphate,2009-12-24T00:00,3.127,µg/m³,NA,
100119,BURNABY SOUTH,Sulphate,2009-12-27T00:00,7.504,µg/m³,NA,
100119,BURNABY SOUTH,Sulphate,2009-12-30T00:00,1.111,µg/m³,NA,
100119,BURNABY SOUTH,Sulphate,2009-02-09T00:00,0.267,µg/m³,SPEC,
100119,BURNABY SOUTH,Sulphate,2009-02-12T00:00,0.457,µg/m³,SPEC,
100119,BURNABY SOUTH,Sulphate,2009-02-15T00:00,0.454,µg/m³,SPEC,
100119,BURNABY SOUTH,Sulphate,2009-02-18T00:00,0.766,µg/m³,SPEC,
100119,BURNABY SOUTH,Sulphate,2009-02-21T00:00,0.683,µg/m³,SPEC,
100119,BURNABY SOUTH,Sulphate,2009-02-24T00:00,0.208,µg/m³,SPEC,
100119,BURNABY SOUTH,Sulphate,2009-02-27T00:00,0.716,µg/m³,SPEC,
100119,BURNABY SOUTH,Sulphate,2009-03-02T00:00,0.192,µg/m³,SPEC,
100119,BURNABY SOUTH,Sulphate,2009-03-05T00:00,0.416,µg/m³,SPEC,
100119,BURNABY SOUTH,Sulphate,2009-03-08T00:00,0.615,µg/m³,SPEC,
100119,BURNABY SOUTH,Sulphate,2009-03-17T00:00,0.341,µg/m³,SPEC,
100119,BURNABY SOUTH,Sulphate,2009-03-20T00:00,0.303,µg/m³,SPEC,
100119,BURNABY SOUTH,Sulphate,2009-03-23T00:00,0.418,µg/m³,SPEC,
100119,BURNABY SOUTH,Sulphate,2009-03-26T00:00,0.578,µg/m³,SPEC,
100119,BURNABY SOUTH,Sulphate,2009-04-01T00:00,0.410,µg/m³,SPEC,
100119,BURNABY SOUTH,Sulphate,2009-04-04T00:00,0.278,µg/m³,SPEC,
100119,BURNABY SOUTH,Sulphate,2009-04-07T00:00,1.235,µg/m³,SPEC,
100119,BURNABY SOUTH,Sulphate,2009-04-10T00:00,0.972,µg/m³,SPEC,
100119,BURNABY SOUTH,Sulphate,2009-04-13T00:00,0.335,µg/m³,SPEC,
100119,BURNABY SOUTH,Sulphate,2009-04-16T00:00,0.948,µg/m³,SPEC,
100119,BURNABY SOUTH,Sulphate,2009-04-19T00:00,0.697,µg/m³,SPEC,
100119,BURNABY SOUTH,Sulphate,2009-04-22T00:00,1.600,µg/m³,SPEC,
100119,BURNABY SOUTH,Sulphate,2009-04-28T00:00,1.047,µg/m³,SPEC,
100119,BURNABY SOUTH,Sulphate,2009-05-01T00:00,1.742,µg/m³,SPEC,
100119,BURNABY SOUTH,Sulphate,2009-05-04T00:00,0.599,µg/m³,SPEC,
100119,BURNABY SOUTH,Sulphate,2009-05-07T00:00,0.215,µg/m³,SPEC,
100119,BURNABY SOUTH,Sulphate,2009-05-10T00:00,0.869,µg/m³,SPEC,
100119,BURNABY SOUTH,Sulphate,2009-05-13T00:00,0.568,µg/m³,SPEC,
100119,BURNABY SOUTH,Sulphate,2009-05-16T00:00,1.097,µg/m³,SPEC,
100119,BURNABY SOUTH,Sulphate,2009-05-19T00:00,0.200,µg/m³,SPEC,
100119,BURNABY SOUTH,Sulphate,2009-05-22T00:00,0.984,µg/m³,SPEC,
100119,BURNABY SOUTH,Sulphate,2009-05-25T00:00,1.770,µg/m³,SPEC,
100119,BURNABY SOUTH,Sulphate,2009-05-28T00:00,1.411,µg/m³,SPEC,
100119,BURNABY SOUTH,Sulphate,2009-05-31T00:00,0.935,µg/m³,SPEC,
100119,BURNABY SOUTH,Sulphate,2009-06-03T00:00,0.822,µg/m³,SPEC,
100119,BURNABY SOUTH,Sulphate,2009-06-06T00:00,1.658,µg/m³,SPEC,
100119,BURNABY SOUTH,Sulphate,2009-06-09T00:00,2.270,µg/m³,SPEC,
100119,BURNABY SOUTH,Sulphate,2009-06-12T00:00,2.603,µg/m³,SPEC,
100119,BURNABY SOUTH,Sulphate,2009-06-15T00:00,1.534,µg/m³,SPEC,
100119,BURNABY SOUTH,Sulphate,2009-06-18T00:00,0.694,µg/m³,SPEC,
100119,BURNABY SOUTH,Sulphate,2009-06-21T00:00,0.750,µg/m³,SPEC,
100119,BURNABY SOUTH,Sulphate,2009-06-24T00:00,0.835,µg/m³,SPEC,
100119,BURNABY SOUTH,Sulphate,2009-06-30T00:00,0.970,µg/m³,SPEC,
100119,BURNABY SOUTH,Sulphate,2009-07-03T00:00,1.387,µg/m³,SPEC,
100119,BURNABY SOUTH,Sulphate,2009-07-06T00:00,0.771,µg/m³,SPEC,
100119,BURNABY SOUTH,Sulphate,2009-07-09T00:00,1.009,µg/m³,SPEC,
100119,BURNABY SOUTH,Sulphate,2009-07-12T00:00,1.187,µg/m³,SPEC,
100119,BURNABY SOUTH,Sulphate,2009-07-15T00:00,1.589,µg/m³,SPEC,
100119,BURNABY SOUTH,Sulphate,2009-07-18T00:00,1.042,µg/m³,SPEC,
100119,BURNABY SOUTH,Sulphate,2009-07-21T00:00,0.914,µg/m³,SPEC,
100119,BURNABY SOUTH,Sulphate,2009-07-30T00:00,1.271,µg/m³,SPEC,
100119,BURNABY SOUTH,Sulphate,2009-08-02T00:00,1.626,µg/m³,SPEC,
100119,BURNABY SOUTH,Sulphate,2009-08-05T00:00,1.634,µg/m³,SPEC,
100119,BURNABY SOUTH,Sulphate,2009-08-08T00:00,1.771,µg/m³,SPEC,
100119,BURNABY SOUTH,Sulphate,2009-08-11T00:00,0.869,µg/m³,SPEC,
100119,BURNABY SOUTH,Sulphate,2009-08-14T00:00,1.427,µg/m³,SPEC,
100119,BURNABY SOUTH,Sulphate,2009-08-17T00:00,1.290,µg/m³,SPEC,
100119,BURNABY SOUTH,Sulphate,2009-08-20T00:00,1.209,µg/m³,SPEC,
100119,BURNABY SOUTH,Sulphate,2009-08-23T00:00,1.760,µg/m³,SPEC,
100119,BURNABY SOUTH,Sulphate,2009-08-26T00:00,1.682,µg/m³,SPEC,
100119,BURNABY SOUTH,Sulphate,2009-08-29T00:00,1.779,µg/m³,SPEC,
100119,BURNABY SOUTH,Sulphate,2009-09-01T00:00,1.623,µg/m³,SPEC,
100119,BURNABY SOUTH,Sulphate,2009-09-04T00:00,0.752,µg/m³,SPEC,
100119,BURNABY SOUTH,Sulphate,2009-09-07T00:00,0.522,µg/m³,SPEC,
100119,BURNABY SOUTH,Sulphate,2009-09-19T00:00,0.514,µg/m³,SPEC,
100119,BURNABY SOUTH,Sulphate,2009-09-22T00:00,0.977,µg/m³,SPEC,
100119,BURNABY SOUTH,Sulphate,2009-09-25T00:00,0.777,µg/m³,SPEC,
100119,BURNABY SOUTH,Sulphate,2009-09-28T00:00,0.753,µg/m³,SPEC,
100119,BURNABY SOUTH,Sulphate,2009-10-01T00:00,0.500,µg/m³,SPEC,
100119,BURNABY SOUTH,Sulphate,2009-10-04T00:00,0.972,µg/m³,SPEC,
100119,BURNABY SOUTH,Sulphate,2009-10-07T00:00,1.289,µg/m³,SPEC,
100119,BURNABY SOUTH,Sulphate,2009-10-10T00:00,0.439,µg/m³,SPEC,
100119,BURNABY SOUTH,Sulphate,2009-10-13T00:00,0.532,µg/m³,SPEC,
100119,BURNABY SOUTH,Sulphate,2009-10-16T00:00,0.433,µg/m³,SPEC,
100119,BURNABY SOUTH,Sulphate,2009-10-19T00:00,0.895,µg/m³,SPEC,
100119,BURNABY SOUTH,Sulphate,2009-10-22T00:00,0.844,µg/m³,SPEC,
100119,BURNABY SOUTH,Sulphate,2009-10-25T00:00,0.477,µg/m³,SPEC,
100119,BURNABY SOUTH,Sulphate,2009-10-28T00:00,0.462,µg/m³,SPEC,
100119,BURNABY SOUTH,Sulphate,2009-10-31T00:00,1.933,µg/m³,SPEC,
100119,BURNABY SOUTH,Sulphate,2009-11-03T00:00,0.495,µg/m³,SPEC,
100119,BURNABY SOUTH,Sulphate,2009-11-06T00:00,0.264,µg/m³,SPEC,
100119,BURNABY SOUTH,Sulphate,2009-11-09T00:00,0.295,µg/m³,SPEC,
100119,BURNABY SOUTH,Sulphate,2009-11-12T00:00,0.468,µg/m³,SPEC,
100119,BURNABY SOUTH,Sulphate,2009-11-15T00:00,0.357,µg/m³,SPEC,
100119,BURNABY SOUTH,Sulphate,2009-11-18T00:00,0.256,µg/m³,SPEC,
100119,BURNABY SOUTH,Sulphate,2009-11-21T00:00,0.272,µg/m³,SPEC,
100119,BURNABY SOUTH,Sulphate,2009-11-24T00:00,0.217,µg/m³,SPEC,
100119,BURNABY SOUTH,Sulphate,2009-11-27T00:00,1.021,µg/m³,SPEC,
100119,BURNABY SOUTH,Sulphate,2009-11-30T00:00,0.287,µg/m³,SPEC,
100119,BURNABY SOUTH,Sulphate,2009-12-03T00:00,0.669,µg/m³,SPEC,
100119,BURNABY SOUTH,Sulphate,2009-12-06T00:00,0.263,µg/m³,SPEC,
100119,BURNABY SOUTH,Sulphate,2009-12-09T00:00,0.461,µg/m³,SPEC,
100119,BURNABY SOUTH,Sulphate,2009-12-18T00:00,0.454,µg/m³,SPEC,
100119,BURNABY SOUTH,Sulphate,2009-12-21T00:00,0.331,µg/m³,SPEC,
100119,BURNABY SOUTH,Sulphate,2009-12-24T00:00,1.004,µg/m³,SPEC,
100119,BURNABY SOUTH,Sulphate,2009-12-27T00:00,1.222,µg/m³,SPEC,
100119,BURNABY SOUTH,Sulphate,2009-12-30T00:00,0.369,µg/m³,SPEC,
