﻿NAPS_Site_ID,Station_Name,Pollutant,Date,Value,Units,Report_Type,Method
50104,ONTARIO,1-Methylcyclopentene,1998-01-05T00:00,0.140,µg/m³,VOC,GC-MS
50104,ONTARIO,1-Methylcyclopentene,1998-01-11T00:00,0.100,µg/m³,VOC,GC-MS
50104,ONTARIO,1-Methylcyclopentene,1998-01-17T00:00,0.140,µg/m³,VOC,GC-MS
50104,ONTARIO,1-Methylcyclopentene,1998-01-23T00:00,0.180,µg/m³,VOC,GC-MS
50104,ONTARIO,1-Methylcyclopentene,1998-02-04T00:00,0.200,µg/m³,VOC,GC-MS
50104,ONTARIO,1-Methylcyclopentene,1998-02-10T00:00,0.380,µg/m³,VOC,GC-MS
50104,ONTARIO,1-Methylcyclopentene,1998-02-16T00:00,0.180,µg/m³,VOC,GC-MS
50104,ONTARIO,1-Methylcyclopentene,1998-02-22T00:00,0.140,µg/m³,VOC,GC-MS
50104,ONTARIO,1-Methylcyclopentene,1998-02-28T00:00,0.160,µg/m³,VOC,GC-MS
50104,ONTARIO,1-Methylcyclopentene,1998-03-06T00:00,0.120,µg/m³,VOC,GC-MS
50104,ONTARIO,1-Methylcyclopentene,1998-03-12T00:00,0.100,µg/m³,VOC,GC-MS
50104,ONTARIO,1-Methylcyclopentene,1998-03-18T00:00,0.220,µg/m³,VOC,GC-MS
50104,ONTARIO,1-Methylcyclopentene,1998-03-24T00:00,0.100,µg/m³,VOC,GC-MS
50104,ONTARIO,1-Methylcyclopentene,1998-04-05T00:00,0.060,µg/m³,VOC,GC-MS
50104,ONTARIO,1-Methylcyclopentene,1998-04-11T00:00,0.100,µg/m³,VOC,GC-MS
50104,ONTARIO,1-Methylcyclopentene,1998-04-17T00:00,0.080,µg/m³,VOC,GC-MS
50104,ONTARIO,1-Methylcyclopentene,1998-04-23T00:00,0.160,µg/m³,VOC,GC-MS
50104,ONTARIO,1-Methylcyclopentene,1998-04-29T00:00,0.040,µg/m³,VOC,GC-MS
50104,ONTARIO,1-Methylcyclopentene,1998-05-05T00:00,0.080,µg/m³,VOC,GC-MS
50104,ONTARIO,1-Methylcyclopentene,1998-05-11T00:00,0.040,µg/m³,VOC,GC-MS
50104,ONTARIO,1-Methylcyclopentene,1998-05-17T00:00,0.040,µg/m³,VOC,GC-MS
50104,ONTARIO,1-Methylcyclopentene,1998-06-04T00:00,0.095,µg/m³,VOC,GC-MS
50104,ONTARIO,1-Methylcyclopentene,1998-07-04T00:00,0.125,µg/m³,VOC,GC-MS
50104,ONTARIO,1-Methylcyclopentene,1998-07-10T00:00,0.129,µg/m³,VOC,GC-MS
50104,ONTARIO,1-Methylcyclopentene,1998-07-16T00:00,0.071,µg/m³,VOC,GC-MS
50104,ONTARIO,1-Methylcyclopentene,1998-07-22T00:00,0.009,µg/m³,VOC,GC-MS
50104,ONTARIO,1-Methylcyclopentene,1998-08-09T00:00,0.074,µg/m³,VOC,GC-MS
50104,ONTARIO,1-Methylcyclopentene,1998-11-25T00:00,0.058,µg/m³,VOC,GC-MS
50104,ONTARIO,1-Methylcyclopentene,1998-12-01T00:00,0.000,µg/m³,VOC,GC-MS
50104,ONTARIO,1-Methylcyclopentene,1998-12-07T00:00,0.087,µg/m³,VOC,GC-MS
50104,ONTARIO,1-Methylcyclopentene,1998-12-13T00:00,0.014,µg/m³,VOC,GC-MS
50104,ONTARIO,1-Methylcyclopentene,1998-12-19T00:00,0.032,µg/m³,VOC,GC-MS
50104,ONTARIO,1-Methylcyclopentene,1998-12-25T00:00,0.026,µg/m³,VOC,GC-MS
