﻿NAPS_Site_ID,Station_Name,Pollutant,Date,Value,Units,Report_Type,Method
60418,JUNCTION TRIANGLE,Hexanal,1996-01-04T00:00,0.452,µg/m³,VOC,N/A
60418,JUNCTION TRIANGLE,Hexanal,1996-01-10T00:00,0.737,µg/m³,VOC,N/A
60418,JUNCTION TRIANGLE,Hexanal,1996-01-16T00:00,0.867,µg/m³,VOC,N/A
60418,JUNCTION TRIANGLE,Hexanal,1996-01-22T00:00,0.650,µg/m³,VOC,N/A
60418,JUNCTION TRIANGLE,Hexanal,1996-01-28T00:00,0.254,µg/m³,VOC,N/A
60418,JUNCTION TRIANGLE,Hexanal,1996-02-03T00:00,0.142,µg/m³,VOC,N/A
60418,JUNCTION TRIANGLE,Hexanal,1996-02-09T00:00,0.734,µg/m³,VOC,N/A
60418,JUNCTION TRIANGLE,Hexanal,1996-02-15T00:00,0.508,µg/m³,VOC,N/A
60418,JUNCTION TRIANGLE,Hexanal,1996-02-21T00:00,0.594,µg/m³,VOC,N/A
60418,JUNCTION TRIANGLE,Hexanal,1996-02-27T00:00,0.526,µg/m³,VOC,N/A
60418,JUNCTION TRIANGLE,Hexanal,1996-03-04T00:00,0.612,µg/m³,VOC,N/A
60418,JUNCTION TRIANGLE,Hexanal,1996-03-10T00:00,0.348,µg/m³,VOC,N/A
60418,JUNCTION TRIANGLE,Hexanal,1996-03-16T00:00,0.378,µg/m³,VOC,N/A
60418,JUNCTION TRIANGLE,Hexanal,1996-03-22T00:00,0.464,µg/m³,VOC,N/A
60418,JUNCTION TRIANGLE,Hexanal,1996-03-28T00:00,0.570,µg/m³,VOC,N/A
60418,JUNCTION TRIANGLE,Hexanal,1996-04-03T00:00,0.583,µg/m³,VOC,N/A
60418,JUNCTION TRIANGLE,Hexanal,1996-04-09T00:00,0.651,µg/m³,VOC,N/A
60418,JUNCTION TRIANGLE,Hexanal,1996-04-15T00:00,0.833,µg/m³,VOC,N/A
60418,JUNCTION TRIANGLE,Hexanal,1996-04-21T00:00,0.871,µg/m³,VOC,N/A
60418,JUNCTION TRIANGLE,Hexanal,1996-04-27T00:00,0.633,µg/m³,VOC,N/A
60418,JUNCTION TRIANGLE,Hexanal,1996-05-03T00:00,0.657,µg/m³,VOC,N/A
60418,JUNCTION TRIANGLE,Hexanal,1996-05-09T00:00,0.864,µg/m³,VOC,N/A
60418,JUNCTION TRIANGLE,Hexanal,1996-05-15T00:00,0.643,µg/m³,VOC,N/A
60418,JUNCTION TRIANGLE,Hexanal,1996-05-21T00:00,1.025,µg/m³,VOC,N/A
60418,JUNCTION TRIANGLE,Hexanal,1996-05-27T00:00,0.572,µg/m³,VOC,N/A
60418,JUNCTION TRIANGLE,Hexanal,1996-06-02T00:00,0.933,µg/m³,VOC,N/A
60418,JUNCTION TRIANGLE,Hexanal,1996-06-08T00:00,0.549,µg/m³,VOC,N/A
60418,JUNCTION TRIANGLE,Hexanal,1996-06-14T00:00,2.934,µg/m³,VOC,N/A
60418,JUNCTION TRIANGLE,Hexanal,1996-06-20T00:00,2.054,µg/m³,VOC,N/A
60418,JUNCTION TRIANGLE,Hexanal,1996-06-26T00:00,0.286,µg/m³,VOC,N/A
60418,JUNCTION TRIANGLE,Hexanal,1996-07-02T00:00,0.360,µg/m³,VOC,N/A
60418,JUNCTION TRIANGLE,Hexanal,1996-07-08T00:00,0.276,µg/m³,VOC,N/A
60418,JUNCTION TRIANGLE,Hexanal,1996-07-14T00:00,0.369,µg/m³,VOC,N/A
60418,JUNCTION TRIANGLE,Hexanal,1996-07-20T00:00,0.158,µg/m³,VOC,N/A
60418,JUNCTION TRIANGLE,Hexanal,1996-07-26T00:00,0.189,µg/m³,VOC,N/A
60418,JUNCTION TRIANGLE,Hexanal,1996-08-01T00:00,0.230,µg/m³,VOC,N/A
60418,JUNCTION TRIANGLE,Hexanal,1996-08-07T00:00,0.492,µg/m³,VOC,N/A
60418,JUNCTION TRIANGLE,Hexanal,1996-08-13T00:00,0.250,µg/m³,VOC,N/A
60418,JUNCTION TRIANGLE,Hexanal,1996-08-19T00:00,0.471,µg/m³,VOC,N/A
60418,JUNCTION TRIANGLE,Hexanal,1996-08-25T00:00,0.260,µg/m³,VOC,N/A
60418,JUNCTION TRIANGLE,Hexanal,1996-08-31T00:00,0.362,µg/m³,VOC,N/A
60418,JUNCTION TRIANGLE,Hexanal,1996-09-06T00:00,0.318,µg/m³,VOC,N/A
60418,JUNCTION TRIANGLE,Hexanal,1996-09-12T00:00,0.248,µg/m³,VOC,N/A
60418,JUNCTION TRIANGLE,Hexanal,1996-09-18T00:00,0.149,µg/m³,VOC,N/A
60418,JUNCTION TRIANGLE,Hexanal,1996-09-24T00:00,0.279,µg/m³,VOC,N/A
60418,JUNCTION TRIANGLE,Hexanal,1996-09-30T00:00,0.172,µg/m³,VOC,N/A
60418,JUNCTION TRIANGLE,Hexanal,1996-10-06T00:00,0.199,µg/m³,VOC,N/A
60418,JUNCTION TRIANGLE,Hexanal,1996-10-18T00:00,0.138,µg/m³,VOC,N/A
60418,JUNCTION TRIANGLE,Hexanal,1996-10-24T00:00,0.142,µg/m³,VOC,N/A
60418,JUNCTION TRIANGLE,Hexanal,1996-10-30T00:00,0.222,µg/m³,VOC,N/A
60418,JUNCTION TRIANGLE,Hexanal,1996-11-05T00:00,0.172,µg/m³,VOC,N/A
60418,JUNCTION TRIANGLE,Hexanal,1996-11-11T00:00,0.100,µg/m³,VOC,N/A
60418,JUNCTION TRIANGLE,Hexanal,1996-11-17T00:00,0.208,µg/m³,VOC,N/A
60418,JUNCTION TRIANGLE,Hexanal,1996-11-29T00:00,0.116,µg/m³,VOC,N/A
60418,JUNCTION TRIANGLE,Hexanal,1996-12-05T00:00,0.158,µg/m³,VOC,N/A
60418,JUNCTION TRIANGLE,Hexanal,1996-12-11T00:00,0.098,µg/m³,VOC,N/A
60418,JUNCTION TRIANGLE,Hexanal,1996-12-17T00:00,0.112,µg/m³,VOC,N/A
60418,JUNCTION TRIANGLE,Hexanal,1996-12-23T00:00,0.167,µg/m³,VOC,N/A
60418,JUNCTION TRIANGLE,Hexanal,1996-12-29T00:00,0.110,µg/m³,VOC,N/A
