﻿NAPS_Site_ID,Station_Name,Pollutant,Date,Value,Units,Report_Type,Method
90121,EDMONTON EAST,Heptane,1992-01-13T00:00,1.001,µg/m³,VOC,GC-MS
90121,EDMONTON EAST,Heptane,1992-01-19T00:00,0.998,µg/m³,VOC,GC-MS
90121,EDMONTON EAST,Heptane,1992-01-25T00:00,2.002,µg/m³,VOC,GC-MS
90121,EDMONTON EAST,Heptane,1992-01-31T00:00,4.354,µg/m³,VOC,GC-MS
90121,EDMONTON EAST,Heptane,1992-02-06T00:00,7.226,µg/m³,VOC,GC-MS
90121,EDMONTON EAST,Heptane,1992-02-12T00:00,2.256,µg/m³,VOC,GC-MS
90121,EDMONTON EAST,Heptane,1992-02-18T00:00,1.723,µg/m³,VOC,GC-MS
90121,EDMONTON EAST,Heptane,1992-02-24T00:00,4.763,µg/m³,VOC,GC-MS
90121,EDMONTON EAST,Heptane,1992-03-01T00:00,2.546,µg/m³,VOC,GC-MS
90121,EDMONTON EAST,Heptane,1992-03-07T00:00,0.414,µg/m³,VOC,GC-MS
90121,EDMONTON EAST,Heptane,1992-03-13T00:00,5.616,µg/m³,VOC,GC-MS
90121,EDMONTON EAST,Heptane,1992-03-19T00:00,1.518,µg/m³,VOC,GC-MS
90121,EDMONTON EAST,Heptane,1992-03-25T00:00,1.554,µg/m³,VOC,GC-MS
90121,EDMONTON EAST,Heptane,1992-03-31T00:00,0.759,µg/m³,VOC,GC-MS
90121,EDMONTON EAST,Heptane,1992-04-06T00:00,2.055,µg/m³,VOC,GC-MS
90121,EDMONTON EAST,Heptane,1992-04-12T00:00,0.000,µg/m³,VOC,GC-MS
90121,EDMONTON EAST,Heptane,1992-04-18T00:00,3.754,µg/m³,VOC,GC-MS
90121,EDMONTON EAST,Heptane,1992-04-24T00:00,1.777,µg/m³,VOC,GC-MS
90121,EDMONTON EAST,Heptane,1992-04-30T00:00,5.984,µg/m³,VOC,GC-MS
90121,EDMONTON EAST,Heptane,1992-05-06T00:00,6.538,µg/m³,VOC,GC-MS
90121,EDMONTON EAST,Heptane,1992-05-12T00:00,1.495,µg/m³,VOC,GC-MS
90121,EDMONTON EAST,Heptane,1992-05-18T00:00,1.038,µg/m³,VOC,GC-MS
90121,EDMONTON EAST,Heptane,1992-05-24T00:00,2.606,µg/m³,VOC,GC-MS
90121,EDMONTON EAST,Heptane,1992-05-30T00:00,1.616,µg/m³,VOC,GC-MS
90121,EDMONTON EAST,Heptane,1992-06-05T00:00,10.341,µg/m³,VOC,GC-MS
90121,EDMONTON EAST,Heptane,1992-06-11T00:00,23.253,µg/m³,VOC,GC-MS
90121,EDMONTON EAST,Heptane,1992-06-17T00:00,0.586,µg/m³,VOC,GC-MS
90121,EDMONTON EAST,Heptane,1992-06-23T00:00,3.453,µg/m³,VOC,GC-MS
90121,EDMONTON EAST,Heptane,1992-07-17T00:00,6.527,µg/m³,VOC,GC-MS
90121,EDMONTON EAST,Heptane,1992-07-23T00:00,7.594,µg/m³,VOC,GC-MS
90121,EDMONTON EAST,Heptane,1992-07-29T00:00,3.452,µg/m³,VOC,GC-MS
90121,EDMONTON EAST,Heptane,1992-08-04T00:00,3.357,µg/m³,VOC,GC-MS
90121,EDMONTON EAST,Heptane,1992-08-10T00:00,4.447,µg/m³,VOC,GC-MS
90121,EDMONTON EAST,Heptane,1992-08-22T00:00,6.707,µg/m³,VOC,GC-MS
90121,EDMONTON EAST,Heptane,1992-08-28T00:00,0.921,µg/m³,VOC,GC-MS
90121,EDMONTON EAST,Heptane,1992-09-09T00:00,0.393,µg/m³,VOC,GC-MS
90121,EDMONTON EAST,Heptane,1992-09-27T00:00,0.459,µg/m³,VOC,GC-MS
90121,EDMONTON EAST,Heptane,1992-10-03T00:00,0.869,µg/m³,VOC,GC-MS
90121,EDMONTON EAST,Heptane,1992-10-09T00:00,0.893,µg/m³,VOC,GC-MS
90121,EDMONTON EAST,Heptane,1992-10-15T00:00,1.736,µg/m³,VOC,GC-MS
90121,EDMONTON EAST,Heptane,1992-10-27T00:00,2.645,µg/m³,VOC,GC-MS
90121,EDMONTON EAST,Heptane,1992-11-08T00:00,0.797,µg/m³,VOC,GC-MS
90121,EDMONTON EAST,Heptane,1992-11-14T00:00,1.670,µg/m³,VOC,GC-MS
90121,EDMONTON EAST,Heptane,1992-11-20T00:00,1.188,µg/m³,VOC,GC-MS
90121,EDMONTON EAST,Heptane,1992-11-26T00:00,1.754,µg/m³,VOC,GC-MS
90121,EDMONTON EAST,Heptane,1992-12-02T00:00,0.699,µg/m³,VOC,GC-MS
90121,EDMONTON EAST,Heptane,1992-12-08T00:00,3.761,µg/m³,VOC,GC-MS
90121,EDMONTON EAST,Heptane,1992-12-20T00:00,1.629,µg/m³,VOC,GC-MS
90121,EDMONTON EAST,Heptane,1992-12-26T00:00,0.735,µg/m³,VOC,GC-MS
