﻿NAPS_Site_ID,Station_Name,Pollutant,Date,Value,Units,Report_Type,Method
10102,WATER STREET POST OFFICE,Propane,2009-01-01T00:00,3.722,µg/m³,VOC,
10102,WATER STREET POST OFFICE,Propane,2009-01-07T00:00,3.669,µg/m³,VOC,
10102,WATER STREET POST OFFICE,Propane,2009-01-13T00:00,2.371,µg/m³,VOC,
10102,WATER STREET POST OFFICE,Propane,2009-01-19T00:00,6.357,µg/m³,VOC,
10102,WATER STREET POST OFFICE,Propane,2009-01-25T00:00,3.644,µg/m³,VOC,
10102,WATER STREET POST OFFICE,Propane,2009-01-31T00:00,5.133,µg/m³,VOC,
10102,WATER STREET POST OFFICE,Propane,2009-02-06T00:00,2.635,µg/m³,VOC,
10102,WATER STREET POST OFFICE,Propane,2009-02-12T00:00,5.219,µg/m³,VOC,
10102,WATER STREET POST OFFICE,Propane,2009-02-18T00:00,4.016,µg/m³,VOC,
10102,WATER STREET POST OFFICE,Propane,2009-02-24T00:00,4.413,µg/m³,VOC,
10102,WATER STREET POST OFFICE,Propane,2009-03-02T00:00,6.929,µg/m³,VOC,
10102,WATER STREET POST OFFICE,Propane,2009-03-08T00:00,3.315,µg/m³,VOC,
10102,WATER STREET POST OFFICE,Propane,2009-03-14T00:00,3.447,µg/m³,VOC,
10102,WATER STREET POST OFFICE,Propane,2009-03-20T00:00,3.596,µg/m³,VOC,
10102,WATER STREET POST OFFICE,Propane,2009-03-26T00:00,12.792,µg/m³,VOC,
10102,WATER STREET POST OFFICE,Propane,2009-04-01T00:00,3.734,µg/m³,VOC,
10102,WATER STREET POST OFFICE,Propane,2009-04-07T00:00,2.617,µg/m³,VOC,
10102,WATER STREET POST OFFICE,Propane,2009-04-13T00:00,2.627,µg/m³,VOC,
10102,WATER STREET POST OFFICE,Propane,2009-04-19T00:00,4.322,µg/m³,VOC,
10102,WATER STREET POST OFFICE,Propane,2009-04-25T00:00,5.281,µg/m³,VOC,
10102,WATER STREET POST OFFICE,Propane,2009-05-01T00:00,2.218,µg/m³,VOC,
10102,WATER STREET POST OFFICE,Propane,2009-05-07T00:00,4.213,µg/m³,VOC,
10102,WATER STREET POST OFFICE,Propane,2009-05-13T00:00,5.645,µg/m³,VOC,
10102,WATER STREET POST OFFICE,Propane,2009-05-19T00:00,4.771,µg/m³,VOC,
10102,WATER STREET POST OFFICE,Propane,2009-05-25T00:00,7.423,µg/m³,VOC,
10102,WATER STREET POST OFFICE,Propane,2009-05-31T00:00,9.875,µg/m³,VOC,
10102,WATER STREET POST OFFICE,Propane,2009-06-06T00:00,3.974,µg/m³,VOC,
10102,WATER STREET POST OFFICE,Propane,2009-06-12T00:00,1.758,µg/m³,VOC,
10102,WATER STREET POST OFFICE,Propane,2009-06-18T00:00,4.271,µg/m³,VOC,
10102,WATER STREET POST OFFICE,Propane,2009-06-24T00:00,12.592,µg/m³,VOC,
10102,WATER STREET POST OFFICE,Propane,2009-06-30T00:00,1.910,µg/m³,VOC,
10102,WATER STREET POST OFFICE,Propane,2009-07-06T00:00,2.162,µg/m³,VOC,
10102,WATER STREET POST OFFICE,Propane,2009-07-12T00:00,2.741,µg/m³,VOC,
10102,WATER STREET POST OFFICE,Propane,2009-07-18T00:00,9.367,µg/m³,VOC,
10102,WATER STREET POST OFFICE,Propane,2009-07-24T00:00,4.699,µg/m³,VOC,
10102,WATER STREET POST OFFICE,Propane,2009-07-30T00:00,2.769,µg/m³,VOC,
10102,WATER STREET POST OFFICE,Propane,2009-08-05T00:00,5.307,µg/m³,VOC,
10102,WATER STREET POST OFFICE,Propane,2009-08-11T00:00,2.584,µg/m³,VOC,
10102,WATER STREET POST OFFICE,Propane,2009-08-17T00:00,6.685,µg/m³,VOC,
10102,WATER STREET POST OFFICE,Propane,2009-08-23T00:00,1.942,µg/m³,VOC,
10102,WATER STREET POST OFFICE,Propane,2009-08-29T00:00,3.608,µg/m³,VOC,
10102,WATER STREET POST OFFICE,Propane,2009-09-04T00:00,2.886,µg/m³,VOC,
10102,WATER STREET POST OFFICE,Propane,2009-09-10T00:00,3.428,µg/m³,VOC,
10102,WATER STREET POST OFFICE,Propane,2009-09-16T00:00,3.629,µg/m³,VOC,
10102,WATER STREET POST OFFICE,Propane,2009-09-22T00:00,2.301,µg/m³,VOC,
10102,WATER STREET POST OFFICE,Propane,2009-09-28T00:00,7.399,µg/m³,VOC,
10102,WATER STREET POST OFFICE,Propane,2009-10-04T00:00,4.970,µg/m³,VOC,
10102,WATER STREET POST OFFICE,Propane,2009-10-10T00:00,5.511,µg/m³,VOC,
10102,WATER STREET POST OFFICE,Propane,2009-10-16T00:00,4.589,µg/m³,VOC,
10102,WATER STREET POST OFFICE,Propane,2009-10-22T00:00,5.620,µg/m³,VOC,
10102,WATER STREET POST OFFICE,Propane,2009-10-28T00:00,9.281,µg/m³,VOC,
10102,WATER STREET POST OFFICE,Propane,2009-11-03T00:00,4.337,µg/m³,VOC,
10102,WATER STREET POST OFFICE,Propane,2009-11-09T00:00,3.029,µg/m³,VOC,
10102,WATER STREET POST OFFICE,Propane,2009-11-15T00:00,2.732,µg/m³,VOC,
10102,WATER STREET POST OFFICE,Propane,2009-11-21T00:00,5.717,µg/m³,VOC,
10102,WATER STREET POST OFFICE,Propane,2009-11-27T00:00,8.928,µg/m³,VOC,
10102,WATER STREET POST OFFICE,Propane,2009-12-03T00:00,4.383,µg/m³,VOC,
10102,WATER STREET POST OFFICE,Propane,2009-12-09T00:00,2.443,µg/m³,VOC,
10102,WATER STREET POST OFFICE,Propane,2009-12-15T00:00,4.251,µg/m³,VOC,
10102,WATER STREET POST OFFICE,Propane,2009-12-21T00:00,3.626,µg/m³,VOC,
10102,WATER STREET POST OFFICE,Propane,2009-12-27T00:00,6.254,µg/m³,VOC,
