﻿NAPS_Site_ID,Station_Name,Pollutant,Date,Value,Units,Report_Type,Method
101101,CHILLIWACK AIRPORT,cis-3-Methyl-2-Pentene,2006-01-17T00:00,0.021,µg/m³,VOC,
101101,CHILLIWACK AIRPORT,cis-3-Methyl-2-Pentene,2006-02-04T00:00,0.005,µg/m³,VOC,
101101,CHILLIWACK AIRPORT,cis-3-Methyl-2-Pentene,2006-02-22T00:00,0.011,µg/m³,VOC,
101101,CHILLIWACK AIRPORT,cis-3-Methyl-2-Pentene,2006-03-12T00:00,0.014,µg/m³,VOC,
101101,CHILLIWACK AIRPORT,cis-3-Methyl-2-Pentene,2006-03-30T00:00,0.000,µg/m³,VOC,
101101,CHILLIWACK AIRPORT,cis-3-Methyl-2-Pentene,2006-04-17T00:00,0.019,µg/m³,VOC,
101101,CHILLIWACK AIRPORT,cis-3-Methyl-2-Pentene,2006-05-05T00:00,0.013,µg/m³,VOC,
101101,CHILLIWACK AIRPORT,cis-3-Methyl-2-Pentene,2006-05-23T00:00,0.007,µg/m³,VOC,
101101,CHILLIWACK AIRPORT,cis-3-Methyl-2-Pentene,2006-06-10T00:00,0.000,µg/m³,VOC,
101101,CHILLIWACK AIRPORT,cis-3-Methyl-2-Pentene,2006-07-16T00:00,0.016,µg/m³,VOC,
101101,CHILLIWACK AIRPORT,cis-3-Methyl-2-Pentene,2006-08-03T00:00,0.010,µg/m³,VOC,
101101,CHILLIWACK AIRPORT,cis-3-Methyl-2-Pentene,2006-08-21T00:00,0.031,µg/m³,VOC,
101101,CHILLIWACK AIRPORT,cis-3-Methyl-2-Pentene,2006-09-08T00:00,0.021,µg/m³,VOC,
101101,CHILLIWACK AIRPORT,cis-3-Methyl-2-Pentene,2006-09-26T00:00,0.031,µg/m³,VOC,
101101,CHILLIWACK AIRPORT,cis-3-Methyl-2-Pentene,2006-10-14T00:00,0.037,µg/m³,VOC,
101101,CHILLIWACK AIRPORT,cis-3-Methyl-2-Pentene,2006-11-07T00:00,0.007,µg/m³,VOC,
101101,CHILLIWACK AIRPORT,cis-3-Methyl-2-Pentene,2006-11-19T00:00,0.015,µg/m³,VOC,
101101,CHILLIWACK AIRPORT,cis-3-Methyl-2-Pentene,2006-12-07T00:00,0.023,µg/m³,VOC,
101101,CHILLIWACK AIRPORT,cis-3-Methyl-2-Pentene,2006-12-25T00:00,0.031,µg/m³,VOC,
