﻿NAPS_Site_ID,Station_Name,Pollutant,Date,Value,Units,Report_Type,Method
40203,FOREST HILLS,Lead,2004-01-22T00:00,0.001,µg/m³,DICHOT,EDXRF
40203,FOREST HILLS,Lead,2004-01-22T00:00,0.003,µg/m³,DICHOT,EDXRF
40203,FOREST HILLS,Lead,2004-01-28T00:00,0.001,µg/m³,DICHOT,EDXRF
40203,FOREST HILLS,Lead,2004-01-28T00:00,0.002,µg/m³,DICHOT,EDXRF
40203,FOREST HILLS,Lead,2004-02-03T00:00,0.002,µg/m³,DICHOT,EDXRF
40203,FOREST HILLS,Lead,2004-02-03T00:00,0.004,µg/m³,DICHOT,EDXRF
40203,FOREST HILLS,Lead,2004-02-09T00:00,0.000,µg/m³,DICHOT,EDXRF
40203,FOREST HILLS,Lead,2004-02-09T00:00,0.002,µg/m³,DICHOT,EDXRF
40203,FOREST HILLS,Lead,2004-02-15T00:00,0.001,µg/m³,DICHOT,EDXRF
40203,FOREST HILLS,Lead,2004-02-15T00:00,0.001,µg/m³,DICHOT,EDXRF
40203,FOREST HILLS,Lead,2004-02-27T00:00,0.001,µg/m³,DICHOT,EDXRF
40203,FOREST HILLS,Lead,2004-02-27T00:00,0.001,µg/m³,DICHOT,EDXRF
40203,FOREST HILLS,Lead,2004-03-04T00:00,0.001,µg/m³,DICHOT,EDXRF
40203,FOREST HILLS,Lead,2004-03-04T00:00,0.002,µg/m³,DICHOT,EDXRF
40203,FOREST HILLS,Lead,2004-03-10T00:00,0.001,µg/m³,DICHOT,EDXRF
40203,FOREST HILLS,Lead,2004-03-10T00:00,0.003,µg/m³,DICHOT,EDXRF
40203,FOREST HILLS,Lead,2004-03-16T00:00,0.001,µg/m³,DICHOT,EDXRF
40203,FOREST HILLS,Lead,2004-03-16T00:00,0.001,µg/m³,DICHOT,EDXRF
40203,FOREST HILLS,Lead,2004-03-22T00:00,0.001,µg/m³,DICHOT,EDXRF
40203,FOREST HILLS,Lead,2004-03-22T00:00,0.002,µg/m³,DICHOT,EDXRF
40203,FOREST HILLS,Lead,2004-03-28T00:00,0.000,µg/m³,DICHOT,EDXRF
40203,FOREST HILLS,Lead,2004-03-28T00:00,0.001,µg/m³,DICHOT,EDXRF
40203,FOREST HILLS,Lead,2004-04-03T00:00,0.001,µg/m³,DICHOT,EDXRF
40203,FOREST HILLS,Lead,2004-04-03T00:00,0.001,µg/m³,DICHOT,EDXRF
40203,FOREST HILLS,Lead,2004-04-09T00:00,0.001,µg/m³,DICHOT,EDXRF
40203,FOREST HILLS,Lead,2004-04-09T00:00,0.003,µg/m³,DICHOT,EDXRF
40203,FOREST HILLS,Lead,2004-04-15T00:00,0.001,µg/m³,DICHOT,EDXRF
40203,FOREST HILLS,Lead,2004-04-15T00:00,0.001,µg/m³,DICHOT,EDXRF
40203,FOREST HILLS,Lead,2004-04-21T00:00,0.001,µg/m³,DICHOT,EDXRF
40203,FOREST HILLS,Lead,2004-04-21T00:00,0.003,µg/m³,DICHOT,EDXRF
40203,FOREST HILLS,Lead,2004-04-27T00:00,0.000,µg/m³,DICHOT,EDXRF
40203,FOREST HILLS,Lead,2004-04-27T00:00,0.001,µg/m³,DICHOT,EDXRF
40203,FOREST HILLS,Lead,2004-05-03T00:00,0.001,µg/m³,DICHOT,EDXRF
40203,FOREST HILLS,Lead,2004-05-03T00:00,0.001,µg/m³,DICHOT,EDXRF
40203,FOREST HILLS,Lead,2004-05-09T00:00,0.001,µg/m³,DICHOT,EDXRF
40203,FOREST HILLS,Lead,2004-05-09T00:00,0.002,µg/m³,DICHOT,EDXRF
40203,FOREST HILLS,Lead,2004-05-15T00:00,0.001,µg/m³,DICHOT,EDXRF
40203,FOREST HILLS,Lead,2004-05-15T00:00,0.002,µg/m³,DICHOT,EDXRF
40203,FOREST HILLS,Lead,2004-05-21T00:00,0.000,µg/m³,DICHOT,EDXRF
40203,FOREST HILLS,Lead,2004-05-21T00:00,0.002,µg/m³,DICHOT,EDXRF
40203,FOREST HILLS,Lead,2004-05-27T00:00,0.001,µg/m³,DICHOT,EDXRF
40203,FOREST HILLS,Lead,2004-05-27T00:00,0.001,µg/m³,DICHOT,EDXRF
40203,FOREST HILLS,Lead,2004-06-02T00:00,0.001,µg/m³,DICHOT,EDXRF
40203,FOREST HILLS,Lead,2004-06-02T00:00,0.002,µg/m³,DICHOT,EDXRF
40203,FOREST HILLS,Lead,2004-06-08T00:00,0.001,µg/m³,DICHOT,EDXRF
40203,FOREST HILLS,Lead,2004-06-08T00:00,0.002,µg/m³,DICHOT,EDXRF
40203,FOREST HILLS,Lead,2004-06-14T00:00,0.001,µg/m³,DICHOT,EDXRF
40203,FOREST HILLS,Lead,2004-06-14T00:00,0.001,µg/m³,DICHOT,EDXRF
40203,FOREST HILLS,Lead,2004-06-20T00:00,0.000,µg/m³,DICHOT,EDXRF
40203,FOREST HILLS,Lead,2004-06-20T00:00,0.001,µg/m³,DICHOT,EDXRF
40203,FOREST HILLS,Lead,2004-06-26T00:00,0.001,µg/m³,DICHOT,EDXRF
40203,FOREST HILLS,Lead,2004-06-26T00:00,0.001,µg/m³,DICHOT,EDXRF
40203,FOREST HILLS,Lead,2004-07-02T00:00,0.000,µg/m³,DICHOT,EDXRF
40203,FOREST HILLS,Lead,2004-07-02T00:00,0.003,µg/m³,DICHOT,EDXRF
40203,FOREST HILLS,Lead,2004-07-08T00:00,0.001,µg/m³,DICHOT,EDXRF
40203,FOREST HILLS,Lead,2004-07-08T00:00,0.001,µg/m³,DICHOT,EDXRF
40203,FOREST HILLS,Lead,2004-07-14T00:00,0.000,µg/m³,DICHOT,EDXRF
40203,FOREST HILLS,Lead,2004-07-14T00:00,0.002,µg/m³,DICHOT,EDXRF
40203,FOREST HILLS,Lead,2004-07-20T00:00,0.001,µg/m³,DICHOT,EDXRF
40203,FOREST HILLS,Lead,2004-07-20T00:00,0.002,µg/m³,DICHOT,EDXRF
40203,FOREST HILLS,Lead,2004-07-26T00:00,0.001,µg/m³,DICHOT,EDXRF
40203,FOREST HILLS,Lead,2004-07-26T00:00,0.002,µg/m³,DICHOT,EDXRF
40203,FOREST HILLS,Lead,2004-08-01T00:00,0.001,µg/m³,DICHOT,EDXRF
40203,FOREST HILLS,Lead,2004-08-01T00:00,0.001,µg/m³,DICHOT,EDXRF
40203,FOREST HILLS,Lead,2004-08-07T00:00,0.000,µg/m³,DICHOT,EDXRF
40203,FOREST HILLS,Lead,2004-08-07T00:00,0.001,µg/m³,DICHOT,EDXRF
40203,FOREST HILLS,Lead,2004-08-13T00:00,0.000,µg/m³,DICHOT,EDXRF
40203,FOREST HILLS,Lead,2004-08-13T00:00,0.002,µg/m³,DICHOT,EDXRF
40203,FOREST HILLS,Lead,2004-08-19T00:00,0.001,µg/m³,DICHOT,EDXRF
40203,FOREST HILLS,Lead,2004-08-19T00:00,0.002,µg/m³,DICHOT,EDXRF
40203,FOREST HILLS,Lead,2004-08-25T00:00,0.001,µg/m³,DICHOT,EDXRF
40203,FOREST HILLS,Lead,2004-08-25T00:00,0.002,µg/m³,DICHOT,EDXRF
40203,FOREST HILLS,Lead,2004-09-06T00:00,0.001,µg/m³,DICHOT,EDXRF
40203,FOREST HILLS,Lead,2004-09-06T00:00,0.001,µg/m³,DICHOT,EDXRF
40203,FOREST HILLS,Lead,2004-09-12T00:00,0.001,µg/m³,DICHOT,EDXRF
40203,FOREST HILLS,Lead,2004-09-12T00:00,0.001,µg/m³,DICHOT,EDXRF
40203,FOREST HILLS,Lead,2004-10-06T00:00,0.001,µg/m³,DICHOT,EDXRF
40203,FOREST HILLS,Lead,2004-10-06T00:00,0.001,µg/m³,DICHOT,EDXRF
40203,FOREST HILLS,Lead,2004-10-18T00:00,0.001,µg/m³,DICHOT,EDXRF
40203,FOREST HILLS,Lead,2004-10-18T00:00,0.001,µg/m³,DICHOT,EDXRF
40203,FOREST HILLS,Lead,2004-10-24T00:00,0.000,µg/m³,DICHOT,EDXRF
40203,FOREST HILLS,Lead,2004-10-24T00:00,0.000,µg/m³,DICHOT,EDXRF
40203,FOREST HILLS,Lead,2004-10-30T00:00,0.001,µg/m³,DICHOT,EDXRF
40203,FOREST HILLS,Lead,2004-10-30T00:00,0.003,µg/m³,DICHOT,EDXRF
40203,FOREST HILLS,Lead,2004-11-05T00:00,0.000,µg/m³,DICHOT,EDXRF
40203,FOREST HILLS,Lead,2004-11-05T00:00,0.000,µg/m³,DICHOT,EDXRF
40203,FOREST HILLS,Lead,2004-11-11T00:00,0.000,µg/m³,DICHOT,EDXRF
40203,FOREST HILLS,Lead,2004-11-11T00:00,0.002,µg/m³,DICHOT,EDXRF
40203,FOREST HILLS,Lead,2004-11-17T00:00,0.002,µg/m³,DICHOT,EDXRF
40203,FOREST HILLS,Lead,2004-11-17T00:00,0.002,µg/m³,DICHOT,EDXRF
40203,FOREST HILLS,Lead,2004-11-23T00:00,0.000,µg/m³,DICHOT,EDXRF
40203,FOREST HILLS,Lead,2004-11-23T00:00,0.002,µg/m³,DICHOT,EDXRF
40203,FOREST HILLS,Lead,2004-11-29T00:00,0.000,µg/m³,DICHOT,EDXRF
40203,FOREST HILLS,Lead,2004-11-29T00:00,0.001,µg/m³,DICHOT,EDXRF
40203,FOREST HILLS,Lead,2004-12-05T00:00,0.000,µg/m³,DICHOT,EDXRF
40203,FOREST HILLS,Lead,2004-12-05T00:00,0.001,µg/m³,DICHOT,EDXRF
40203,FOREST HILLS,Lead,2004-12-11T00:00,0.001,µg/m³,DICHOT,EDXRF
40203,FOREST HILLS,Lead,2004-12-11T00:00,0.001,µg/m³,DICHOT,EDXRF
