﻿NAPS_Site_ID,Station_Name,Pollutant,Date,Value,Units,Report_Type,Method
60429,JUDSON ST. & ETONA CT. _ETOBICOKE_ (moved to kipling),PCB-81,2008-01-19T00:00,0.006,pg/m³,PCB,N/A
60429,JUDSON ST. & ETONA CT. _ETOBICOKE_ (moved to kipling),PCB-81,2008-03-07T00:00,0.007,pg/m³,PCB,N/A
60429,JUDSON ST. & ETONA CT. _ETOBICOKE_ (moved to kipling),PCB-81,2008-03-31T00:00,0.005,pg/m³,PCB,N/A
60429,JUDSON ST. & ETONA CT. _ETOBICOKE_ (moved to kipling),PCB-81,2008-07-05T00:00,0.016,pg/m³,PCB,N/A
60429,JUDSON ST. & ETONA CT. _ETOBICOKE_ (moved to kipling),PCB-81,2008-07-29T00:00,0.022,pg/m³,PCB,N/A
60429,JUDSON ST. & ETONA CT. _ETOBICOKE_ (moved to kipling),PCB-81,2008-08-22T00:00,0.021,pg/m³,PCB,N/A
