﻿NAPS_Site_ID,Station_Name,Pollutant,Date,Value,Units,Report_Type,Method
50129,MONTRÉAL-RIVIÈRE-DES-PRAIRIES,13C12-H6CDD,2001-01-01T00:00,72.000,pg/m³,PCDD,
50129,MONTRÉAL-RIVIÈRE-DES-PRAIRIES,13C12-H6CDD,2001-01-13T00:00,78.000,pg/m³,PCDD,
50129,MONTRÉAL-RIVIÈRE-DES-PRAIRIES,13C12-H6CDD,2001-01-25T00:00,92.000,pg/m³,PCDD,
50129,MONTRÉAL-RIVIÈRE-DES-PRAIRIES,13C12-H6CDD,2001-02-06T00:00,77.000,pg/m³,PCDD,
50129,MONTRÉAL-RIVIÈRE-DES-PRAIRIES,13C12-H6CDD,2001-02-18T00:00,84.000,pg/m³,PCDD,
50129,MONTRÉAL-RIVIÈRE-DES-PRAIRIES,13C12-H6CDD,2001-03-02T00:00,88.000,pg/m³,PCDD,
50129,MONTRÉAL-RIVIÈRE-DES-PRAIRIES,13C12-H6CDD,2001-03-14T00:00,89.000,pg/m³,PCDD,
50129,MONTRÉAL-RIVIÈRE-DES-PRAIRIES,13C12-H6CDD,2001-03-26T00:00,85.000,pg/m³,PCDD,
50129,MONTRÉAL-RIVIÈRE-DES-PRAIRIES,13C12-H6CDD,2001-04-07T00:00,87.000,pg/m³,PCDD,
50129,MONTRÉAL-RIVIÈRE-DES-PRAIRIES,13C12-H6CDD,2001-04-19T00:00,84.000,pg/m³,PCDD,
50129,MONTRÉAL-RIVIÈRE-DES-PRAIRIES,13C12-H6CDD,2001-05-01T00:00,72.000,pg/m³,PCDD,
50129,MONTRÉAL-RIVIÈRE-DES-PRAIRIES,13C12-H6CDD,2001-05-13T00:00,88.000,pg/m³,PCDD,
50129,MONTRÉAL-RIVIÈRE-DES-PRAIRIES,13C12-H6CDD,2001-05-25T00:00,80.000,pg/m³,PCDD,
50129,MONTRÉAL-RIVIÈRE-DES-PRAIRIES,13C12-H6CDD,2001-06-06T00:00,85.000,pg/m³,PCDD,
50129,MONTRÉAL-RIVIÈRE-DES-PRAIRIES,13C12-H6CDD,2001-06-30T00:00,81.000,pg/m³,PCDD,
50129,MONTRÉAL-RIVIÈRE-DES-PRAIRIES,13C12-H6CDD,2001-07-24T00:00,86.000,pg/m³,PCDD,
50129,MONTRÉAL-RIVIÈRE-DES-PRAIRIES,13C12-H6CDD,2001-08-05T00:00,87.000,pg/m³,PCDD,
50129,MONTRÉAL-RIVIÈRE-DES-PRAIRIES,13C12-H6CDD,2001-08-17T00:00,79.000,pg/m³,PCDD,
50129,MONTRÉAL-RIVIÈRE-DES-PRAIRIES,13C12-H6CDD,2001-08-29T00:00,86.000,pg/m³,PCDD,
50129,MONTRÉAL-RIVIÈRE-DES-PRAIRIES,13C12-H6CDD,2001-09-10T00:00,74.000,pg/m³,PCDD,
50129,MONTRÉAL-RIVIÈRE-DES-PRAIRIES,13C12-H6CDD,2001-09-22T00:00,73.000,pg/m³,PCDD,
50129,MONTRÉAL-RIVIÈRE-DES-PRAIRIES,13C12-H6CDD,2001-10-04T00:00,70.000,pg/m³,PCDD,
50129,MONTRÉAL-RIVIÈRE-DES-PRAIRIES,13C12-H6CDD,2001-10-28T00:00,75.000,pg/m³,PCDD,
50129,MONTRÉAL-RIVIÈRE-DES-PRAIRIES,13C12-H6CDD,2001-11-09T00:00,73.000,pg/m³,PCDD,
50129,MONTRÉAL-RIVIÈRE-DES-PRAIRIES,13C12-H6CDD,2001-11-21T00:00,74.000,pg/m³,PCDD,
50129,MONTRÉAL-RIVIÈRE-DES-PRAIRIES,13C12-H6CDD,2001-12-03T00:00,77.000,pg/m³,PCDD,
50129,MONTRÉAL-RIVIÈRE-DES-PRAIRIES,13C12-H6CDD,2001-12-15T00:00,80.000,pg/m³,PCDD,
50129,MONTRÉAL-RIVIÈRE-DES-PRAIRIES,13C12-H6CDD,2001-12-27T00:00,78.000,pg/m³,PCDD,
