﻿NAPS_Site_ID,Station_Name,Pollutant,Date,Value,Units,Report_Type,Method
40208,CHAMPLAIN HEIGHTS SCHOOL,MIBK,2007-01-06T00:00,0.051,µg/m³,VOC,
40208,CHAMPLAIN HEIGHTS SCHOOL,MIBK,2007-01-24T00:00,0.034,µg/m³,VOC,
40208,CHAMPLAIN HEIGHTS SCHOOL,MIBK,2007-01-30T00:00,0.000,µg/m³,VOC,
40208,CHAMPLAIN HEIGHTS SCHOOL,MIBK,2007-02-05T00:00,0.000,µg/m³,VOC,
40208,CHAMPLAIN HEIGHTS SCHOOL,MIBK,2007-02-11T00:00,0.000,µg/m³,VOC,
40208,CHAMPLAIN HEIGHTS SCHOOL,MIBK,2007-02-17T00:00,0.000,µg/m³,VOC,
40208,CHAMPLAIN HEIGHTS SCHOOL,MIBK,2007-02-23T00:00,0.000,µg/m³,VOC,
40208,CHAMPLAIN HEIGHTS SCHOOL,MIBK,2007-03-01T00:00,0.000,µg/m³,VOC,
40208,CHAMPLAIN HEIGHTS SCHOOL,MIBK,2007-03-07T00:00,0.000,µg/m³,VOC,
40208,CHAMPLAIN HEIGHTS SCHOOL,MIBK,2007-03-13T00:00,0.033,µg/m³,VOC,
40208,CHAMPLAIN HEIGHTS SCHOOL,MIBK,2007-03-19T00:00,0.022,µg/m³,VOC,
40208,CHAMPLAIN HEIGHTS SCHOOL,MIBK,2007-03-25T00:00,0.000,µg/m³,VOC,
40208,CHAMPLAIN HEIGHTS SCHOOL,MIBK,2007-05-30T00:00,0.078,µg/m³,VOC,
40208,CHAMPLAIN HEIGHTS SCHOOL,MIBK,2007-06-05T00:00,0.157,µg/m³,VOC,
40208,CHAMPLAIN HEIGHTS SCHOOL,MIBK,2007-06-11T00:00,0.064,µg/m³,VOC,
40208,CHAMPLAIN HEIGHTS SCHOOL,MIBK,2007-06-17T00:00,0.122,µg/m³,VOC,
40208,CHAMPLAIN HEIGHTS SCHOOL,MIBK,2007-07-29T00:00,0.046,µg/m³,VOC,
40208,CHAMPLAIN HEIGHTS SCHOOL,MIBK,2007-08-10T00:00,0.500,µg/m³,VOC,
40208,CHAMPLAIN HEIGHTS SCHOOL,MIBK,2007-08-16T00:00,0.346,µg/m³,VOC,
40208,CHAMPLAIN HEIGHTS SCHOOL,MIBK,2007-08-22T00:00,0.058,µg/m³,VOC,
40208,CHAMPLAIN HEIGHTS SCHOOL,MIBK,2007-08-28T00:00,0.183,µg/m³,VOC,
40208,CHAMPLAIN HEIGHTS SCHOOL,MIBK,2007-09-03T00:00,0.101,µg/m³,VOC,
40208,CHAMPLAIN HEIGHTS SCHOOL,MIBK,2007-09-09T00:00,0.035,µg/m³,VOC,
40208,CHAMPLAIN HEIGHTS SCHOOL,MIBK,2007-09-15T00:00,0.020,µg/m³,VOC,
40208,CHAMPLAIN HEIGHTS SCHOOL,MIBK,2007-09-21T00:00,0.041,µg/m³,VOC,
40208,CHAMPLAIN HEIGHTS SCHOOL,MIBK,2007-09-27T00:00,0.048,µg/m³,VOC,
40208,CHAMPLAIN HEIGHTS SCHOOL,MIBK,2007-10-03T00:00,0.150,µg/m³,VOC,
