﻿NAPS_Site_ID,Station_Name,Pollutant,Date,Value,Units,Report_Type,Method
50902,SAGUENAY-PARC POWELL,Benzo(a)Pyrene,2000-01-07T00:00,0.012,µg/m³,PAH,
50902,SAGUENAY-PARC POWELL,Benzo(a)Pyrene,2000-01-19T00:00,0.016,µg/m³,PAH,
50902,SAGUENAY-PARC POWELL,Benzo(a)Pyrene,2000-01-31T00:00,0.021,µg/m³,PAH,
50902,SAGUENAY-PARC POWELL,Benzo(a)Pyrene,2000-02-24T00:00,0.000,µg/m³,PAH,
50902,SAGUENAY-PARC POWELL,Benzo(a)Pyrene,2000-03-07T00:00,0.000,µg/m³,PAH,
50902,SAGUENAY-PARC POWELL,Benzo(a)Pyrene,2000-03-19T00:00,0.090,µg/m³,PAH,
50902,SAGUENAY-PARC POWELL,Benzo(a)Pyrene,2000-03-31T00:00,0.000,µg/m³,PAH,
50902,SAGUENAY-PARC POWELL,Benzo(a)Pyrene,2000-04-12T00:00,0.000,µg/m³,PAH,
50902,SAGUENAY-PARC POWELL,Benzo(a)Pyrene,2000-04-24T00:00,0.000,µg/m³,PAH,
50902,SAGUENAY-PARC POWELL,Benzo(a)Pyrene,2000-05-06T00:00,0.001,µg/m³,PAH,
50902,SAGUENAY-PARC POWELL,Benzo(a)Pyrene,2000-05-18T00:00,0.000,µg/m³,PAH,
50902,SAGUENAY-PARC POWELL,Benzo(a)Pyrene,2000-05-30T00:00,0.003,µg/m³,PAH,
50902,SAGUENAY-PARC POWELL,Benzo(a)Pyrene,2000-06-11T00:00,0.000,µg/m³,PAH,
50902,SAGUENAY-PARC POWELL,Benzo(a)Pyrene,2000-06-23T00:00,0.000,µg/m³,PAH,
50902,SAGUENAY-PARC POWELL,Benzo(a)Pyrene,2000-07-05T00:00,0.000,µg/m³,PAH,
50902,SAGUENAY-PARC POWELL,Benzo(a)Pyrene,2000-07-29T00:00,0.006,µg/m³,PAH,
50902,SAGUENAY-PARC POWELL,Benzo(a)Pyrene,2000-08-10T00:00,0.000,µg/m³,PAH,
50902,SAGUENAY-PARC POWELL,Benzo(a)Pyrene,2000-09-03T00:00,0.000,µg/m³,PAH,
50902,SAGUENAY-PARC POWELL,Benzo(a)Pyrene,2000-10-09T00:00,0.000,µg/m³,PAH,
50902,SAGUENAY-PARC POWELL,Benzo(a)Pyrene,2000-11-02T00:00,0.006,µg/m³,PAH,
50902,SAGUENAY-PARC POWELL,Benzo(a)Pyrene,2000-11-14T00:00,0.091,µg/m³,PAH,
50902,SAGUENAY-PARC POWELL,Benzo(a)Pyrene,2000-11-26T00:00,0.022,µg/m³,PAH,
50902,SAGUENAY-PARC POWELL,Benzo(a)Pyrene,2000-12-08T00:00,0.001,µg/m³,PAH,
50902,SAGUENAY-PARC POWELL,Benzo(a)Pyrene,2000-12-20T00:00,0.000,µg/m³,PAH,
