﻿NAPS_Site_ID,Station_Name,Pollutant,Date,Value,Units,Report_Type,Method
60403,EVANS & ARNOLD,Propane,1999-01-06T00:00,8.262,µg/m³,VOC,GC-MS
60403,EVANS & ARNOLD,Propane,1999-01-12T00:00,10.940,µg/m³,VOC,GC-MS
60403,EVANS & ARNOLD,Propane,1999-01-18T00:00,7.302,µg/m³,VOC,GC-MS
60403,EVANS & ARNOLD,Propane,1999-01-24T00:00,4.480,µg/m³,VOC,GC-MS
60403,EVANS & ARNOLD,Propane,1999-01-30T00:00,6.210,µg/m³,VOC,GC-MS
60403,EVANS & ARNOLD,Propane,1999-02-05T00:00,4.370,µg/m³,VOC,GC-MS
60403,EVANS & ARNOLD,Propane,1999-02-11T00:00,7.410,µg/m³,VOC,GC-MS
60403,EVANS & ARNOLD,Propane,1999-02-17T00:00,9.250,µg/m³,VOC,GC-MS
60403,EVANS & ARNOLD,Propane,1999-02-23T00:00,4.970,µg/m³,VOC,GC-MS
60403,EVANS & ARNOLD,Propane,1999-03-01T00:00,7.620,µg/m³,VOC,GC-MS
60403,EVANS & ARNOLD,Propane,1999-03-13T00:00,3.640,µg/m³,VOC,GC-MS
60403,EVANS & ARNOLD,Propane,1999-03-19T00:00,3.460,µg/m³,VOC,GC-MS
60403,EVANS & ARNOLD,Propane,1999-03-25T00:00,2.810,µg/m³,VOC,GC-MS
60403,EVANS & ARNOLD,Propane,1999-03-31T00:00,7.500,µg/m³,VOC,GC-MS
60403,EVANS & ARNOLD,Propane,1999-04-06T00:00,3.990,µg/m³,VOC,GC-MS
60403,EVANS & ARNOLD,Propane,1999-04-12T00:00,3.010,µg/m³,VOC,GC-MS
60403,EVANS & ARNOLD,Propane,1999-04-18T00:00,2.480,µg/m³,VOC,GC-MS
60403,EVANS & ARNOLD,Propane,1999-04-24T00:00,2.360,µg/m³,VOC,GC-MS
60403,EVANS & ARNOLD,Propane,1999-04-30T00:00,6.130,µg/m³,VOC,GC-MS
60403,EVANS & ARNOLD,Propane,1999-05-06T00:00,6.300,µg/m³,VOC,GC-MS
60403,EVANS & ARNOLD,Propane,1999-05-12T00:00,5.800,µg/m³,VOC,GC-MS
60403,EVANS & ARNOLD,Propane,1999-05-18T00:00,6.480,µg/m³,VOC,GC-MS
60403,EVANS & ARNOLD,Propane,1999-05-24T00:00,2.390,µg/m³,VOC,GC-MS
60403,EVANS & ARNOLD,Propane,1999-05-30T00:00,13.380,µg/m³,VOC,GC-MS
60403,EVANS & ARNOLD,Propane,1999-06-05T00:00,5.810,µg/m³,VOC,GC-MS
60403,EVANS & ARNOLD,Propane,1999-06-11T00:00,5.140,µg/m³,VOC,GC-MS
60403,EVANS & ARNOLD,Propane,1999-06-23T00:00,7.520,µg/m³,VOC,GC-MS
60403,EVANS & ARNOLD,Propane,1999-06-29T00:00,3.860,µg/m³,VOC,GC-MS
60403,EVANS & ARNOLD,Propane,1999-07-05T00:00,3.240,µg/m³,VOC,GC-MS
60403,EVANS & ARNOLD,Propane,1999-07-11T00:00,2.340,µg/m³,VOC,GC-MS
60403,EVANS & ARNOLD,Propane,1999-07-23T00:00,5.850,µg/m³,VOC,GC-MS
60403,EVANS & ARNOLD,Propane,1999-07-29T00:00,3.270,µg/m³,VOC,GC-MS
60403,EVANS & ARNOLD,Propane,1999-08-04T00:00,6.340,µg/m³,VOC,GC-MS
60403,EVANS & ARNOLD,Propane,1999-08-10T00:00,7.610,µg/m³,VOC,GC-MS
60403,EVANS & ARNOLD,Propane,1999-08-16T00:00,6.360,µg/m³,VOC,GC-MS
60403,EVANS & ARNOLD,Propane,1999-08-22T00:00,4.940,µg/m³,VOC,GC-MS
60403,EVANS & ARNOLD,Propane,1999-08-28T00:00,3.540,µg/m³,VOC,GC-MS
60403,EVANS & ARNOLD,Propane,1999-09-03T00:00,12.070,µg/m³,VOC,GC-MS
60403,EVANS & ARNOLD,Propane,1999-09-09T00:00,10.560,µg/m³,VOC,GC-MS
60403,EVANS & ARNOLD,Propane,1999-09-15T00:00,11.970,µg/m³,VOC,GC-MS
60403,EVANS & ARNOLD,Propane,1999-09-27T00:00,6.000,µg/m³,VOC,GC-MS
60403,EVANS & ARNOLD,Propane,1999-10-03T00:00,2.090,µg/m³,VOC,GC-MS
60403,EVANS & ARNOLD,Propane,1999-10-09T00:00,6.020,µg/m³,VOC,GC-MS
60403,EVANS & ARNOLD,Propane,1999-10-15T00:00,6.830,µg/m³,VOC,GC-MS
60403,EVANS & ARNOLD,Propane,1999-10-21T00:00,5.970,µg/m³,VOC,GC-MS
60403,EVANS & ARNOLD,Propane,1999-10-27T00:00,2.630,µg/m³,VOC,GC-MS
60403,EVANS & ARNOLD,Propane,1999-11-02T00:00,6.050,µg/m³,VOC,GC-MS
60403,EVANS & ARNOLD,Propane,1999-11-08T00:00,4.550,µg/m³,VOC,GC-MS
60403,EVANS & ARNOLD,Propane,1999-11-14T00:00,4.530,µg/m³,VOC,GC-MS
60403,EVANS & ARNOLD,Propane,1999-11-20T00:00,10.670,µg/m³,VOC,GC-MS
60403,EVANS & ARNOLD,Propane,1999-11-26T00:00,6.100,µg/m³,VOC,GC-MS
60403,EVANS & ARNOLD,Propane,1999-12-02T00:00,14.110,µg/m³,VOC,GC-MS
60403,EVANS & ARNOLD,Propane,1999-12-08T00:00,13.360,µg/m³,VOC,GC-MS
60403,EVANS & ARNOLD,Propane,1999-12-14T00:00,2.050,µg/m³,VOC,GC-MS
60403,EVANS & ARNOLD,Propane,1999-12-20T00:00,5.220,µg/m³,VOC,GC-MS
60403,EVANS & ARNOLD,Propane,1999-12-26T00:00,3.090,µg/m³,VOC,GC-MS
