﻿NAPS_Site_ID,Station_Name,Pollutant,Date,Value,Units,Report_Type,Method
90130,EDMONTON CENTRAL,Acetylene,2005-01-16T00:00,1.408,µg/m³,VOC,N/A
90130,EDMONTON CENTRAL,Acetylene,2005-01-22T00:00,2.486,µg/m³,VOC,N/A
90130,EDMONTON CENTRAL,Acetylene,2005-01-28T00:00,2.076,µg/m³,VOC,N/A
90130,EDMONTON CENTRAL,Acetylene,2005-02-03T00:00,1.394,µg/m³,VOC,N/A
90130,EDMONTON CENTRAL,Acetylene,2005-02-09T00:00,3.010,µg/m³,VOC,N/A
90130,EDMONTON CENTRAL,Acetylene,2005-02-15T00:00,2.520,µg/m³,VOC,N/A
90130,EDMONTON CENTRAL,Acetylene,2005-02-21T00:00,1.805,µg/m³,VOC,N/A
90130,EDMONTON CENTRAL,Acetylene,2005-02-27T00:00,2.597,µg/m³,VOC,N/A
90130,EDMONTON CENTRAL,Acetylene,2005-03-05T00:00,1.817,µg/m³,VOC,N/A
90130,EDMONTON CENTRAL,Acetylene,2005-03-11T00:00,1.380,µg/m³,VOC,N/A
90130,EDMONTON CENTRAL,Acetylene,2005-03-17T00:00,1.879,µg/m³,VOC,N/A
90130,EDMONTON CENTRAL,Acetylene,2005-03-23T00:00,1.670,µg/m³,VOC,N/A
90130,EDMONTON CENTRAL,Acetylene,2005-03-29T00:00,1.556,µg/m³,VOC,N/A
90130,EDMONTON CENTRAL,Acetylene,2005-04-16T00:00,7.321,µg/m³,VOC,N/A
90130,EDMONTON CENTRAL,Acetylene,2005-04-22T00:00,1.284,µg/m³,VOC,N/A
90130,EDMONTON CENTRAL,Acetylene,2005-04-28T00:00,0.773,µg/m³,VOC,N/A
90130,EDMONTON CENTRAL,Acetylene,2005-05-04T00:00,1.213,µg/m³,VOC,N/A
90130,EDMONTON CENTRAL,Acetylene,2005-05-10T00:00,0.728,µg/m³,VOC,N/A
90130,EDMONTON CENTRAL,Acetylene,2005-05-16T00:00,1.405,µg/m³,VOC,N/A
90130,EDMONTON CENTRAL,Acetylene,2005-05-22T00:00,0.805,µg/m³,VOC,N/A
90130,EDMONTON CENTRAL,Acetylene,2005-05-28T00:00,0.700,µg/m³,VOC,N/A
90130,EDMONTON CENTRAL,Acetylene,2005-06-03T00:00,0.883,µg/m³,VOC,N/A
90130,EDMONTON CENTRAL,Acetylene,2005-06-09T00:00,0.810,µg/m³,VOC,N/A
90130,EDMONTON CENTRAL,Acetylene,2005-06-15T00:00,0.806,µg/m³,VOC,N/A
90130,EDMONTON CENTRAL,Acetylene,2005-06-21T00:00,0.916,µg/m³,VOC,N/A
90130,EDMONTON CENTRAL,Acetylene,2005-06-27T00:00,1.491,µg/m³,VOC,N/A
90130,EDMONTON CENTRAL,Acetylene,2005-07-03T00:00,0.459,µg/m³,VOC,N/A
90130,EDMONTON CENTRAL,Acetylene,2005-07-09T00:00,0.661,µg/m³,VOC,N/A
90130,EDMONTON CENTRAL,Acetylene,2005-07-15T00:00,1.673,µg/m³,VOC,N/A
90130,EDMONTON CENTRAL,Acetylene,2005-07-21T00:00,0.992,µg/m³,VOC,N/A
90130,EDMONTON CENTRAL,Acetylene,2005-07-27T00:00,0.898,µg/m³,VOC,N/A
90130,EDMONTON CENTRAL,Acetylene,2005-08-02T00:00,0.632,µg/m³,VOC,N/A
90130,EDMONTON CENTRAL,Acetylene,2005-08-08T00:00,1.046,µg/m³,VOC,N/A
90130,EDMONTON CENTRAL,Acetylene,2005-08-14T00:00,0.627,µg/m³,VOC,N/A
90130,EDMONTON CENTRAL,Acetylene,2005-08-20T00:00,1.499,µg/m³,VOC,N/A
90130,EDMONTON CENTRAL,Acetylene,2005-08-26T00:00,2.445,µg/m³,VOC,N/A
90130,EDMONTON CENTRAL,Acetylene,2005-09-01T00:00,1.812,µg/m³,VOC,N/A
90130,EDMONTON CENTRAL,Acetylene,2005-09-07T00:00,1.820,µg/m³,VOC,N/A
90130,EDMONTON CENTRAL,Acetylene,2005-09-13T00:00,1.805,µg/m³,VOC,N/A
90130,EDMONTON CENTRAL,Acetylene,2005-09-19T00:00,0.896,µg/m³,VOC,N/A
90130,EDMONTON CENTRAL,Acetylene,2005-09-25T00:00,0.585,µg/m³,VOC,N/A
90130,EDMONTON CENTRAL,Acetylene,2005-10-07T00:00,2.910,µg/m³,VOC,N/A
90130,EDMONTON CENTRAL,Acetylene,2005-10-13T00:00,1.658,µg/m³,VOC,N/A
90130,EDMONTON CENTRAL,Acetylene,2005-10-19T00:00,1.886,µg/m³,VOC,N/A
90130,EDMONTON CENTRAL,Acetylene,2005-10-25T00:00,1.259,µg/m³,VOC,N/A
90130,EDMONTON CENTRAL,Acetylene,2005-10-31T00:00,2.039,µg/m³,VOC,N/A
90130,EDMONTON CENTRAL,Acetylene,2005-11-06T00:00,1.524,µg/m³,VOC,N/A
90130,EDMONTON CENTRAL,Acetylene,2005-11-12T00:00,2.326,µg/m³,VOC,N/A
90130,EDMONTON CENTRAL,Acetylene,2005-11-18T00:00,1.255,µg/m³,VOC,N/A
90130,EDMONTON CENTRAL,Acetylene,2005-11-24T00:00,4.081,µg/m³,VOC,N/A
90130,EDMONTON CENTRAL,Acetylene,2005-11-30T00:00,1.361,µg/m³,VOC,N/A
90130,EDMONTON CENTRAL,Acetylene,2005-12-06T00:00,3.579,µg/m³,VOC,N/A
90130,EDMONTON CENTRAL,Acetylene,2005-12-12T00:00,3.834,µg/m³,VOC,N/A
90130,EDMONTON CENTRAL,Acetylene,2005-12-18T00:00,1.798,µg/m³,VOC,N/A
90130,EDMONTON CENTRAL,Acetylene,2005-12-24T00:00,2.323,µg/m³,VOC,N/A
90130,EDMONTON CENTRAL,Acetylene,2005-12-30T00:00,3.798,µg/m³,VOC,N/A
