﻿NAPS_Site_ID,Station_Name,Pollutant,Date,Value,Units,Report_Type,Method
100112,DOWNTOWN VANCOUVER,Trichloroethylene,2008-01-07T00:00,0.052,µg/m³,VOC,GC-MS
100112,DOWNTOWN VANCOUVER,Trichloroethylene,2008-01-19T00:00,0.039,µg/m³,VOC,GC-MS
100112,DOWNTOWN VANCOUVER,Trichloroethylene,2008-01-31T00:00,0.060,µg/m³,VOC,GC-MS
100112,DOWNTOWN VANCOUVER,Trichloroethylene,2008-02-24T00:00,0.026,µg/m³,VOC,GC-MS
100112,DOWNTOWN VANCOUVER,Trichloroethylene,2008-03-07T00:00,0.092,µg/m³,VOC,GC-MS
100112,DOWNTOWN VANCOUVER,Trichloroethylene,2008-03-19T00:00,0.033,µg/m³,VOC,GC-MS
100112,DOWNTOWN VANCOUVER,Trichloroethylene,2008-03-31T00:00,0.036,µg/m³,VOC,GC-MS
100112,DOWNTOWN VANCOUVER,Trichloroethylene,2008-04-12T00:00,0.058,µg/m³,VOC,GC-MS
100112,DOWNTOWN VANCOUVER,Trichloroethylene,2008-04-24T00:00,0.033,µg/m³,VOC,GC-MS
100112,DOWNTOWN VANCOUVER,Trichloroethylene,2008-05-06T00:00,0.070,µg/m³,VOC,GC-MS
100112,DOWNTOWN VANCOUVER,Trichloroethylene,2008-05-18T00:00,0.050,µg/m³,VOC,GC-MS
100112,DOWNTOWN VANCOUVER,Trichloroethylene,2008-05-30T00:00,0.043,µg/m³,VOC,GC-MS
100112,DOWNTOWN VANCOUVER,Trichloroethylene,2008-06-11T00:00,0.048,µg/m³,VOC,GC-MS
100112,DOWNTOWN VANCOUVER,Trichloroethylene,2008-06-23T00:00,0.049,µg/m³,VOC,GC-MS
100112,DOWNTOWN VANCOUVER,Trichloroethylene,2008-07-05T00:00,0.032,µg/m³,VOC,GC-MS
100112,DOWNTOWN VANCOUVER,Trichloroethylene,2008-07-17T00:00,0.082,µg/m³,VOC,GC-MS
100112,DOWNTOWN VANCOUVER,Trichloroethylene,2008-07-29T00:00,0.067,µg/m³,VOC,GC-MS
100112,DOWNTOWN VANCOUVER,Trichloroethylene,2008-08-10T00:00,0.034,µg/m³,VOC,GC-MS
100112,DOWNTOWN VANCOUVER,Trichloroethylene,2008-08-22T00:00,0.072,µg/m³,VOC,GC-MS
100112,DOWNTOWN VANCOUVER,Trichloroethylene,2008-09-03T00:00,0.057,µg/m³,VOC,GC-MS
100112,DOWNTOWN VANCOUVER,Trichloroethylene,2008-09-15T00:00,0.092,µg/m³,VOC,GC-MS
100112,DOWNTOWN VANCOUVER,Trichloroethylene,2008-09-27T00:00,0.036,µg/m³,VOC,GC-MS
100112,DOWNTOWN VANCOUVER,Trichloroethylene,2008-10-09T00:00,0.071,µg/m³,VOC,GC-MS
100112,DOWNTOWN VANCOUVER,Trichloroethylene,2008-10-21T00:00,0.042,µg/m³,VOC,GC-MS
100112,DOWNTOWN VANCOUVER,Trichloroethylene,2008-11-02T00:00,0.025,µg/m³,VOC,GC-MS
100112,DOWNTOWN VANCOUVER,Trichloroethylene,2008-11-14T00:00,0.078,µg/m³,VOC,GC-MS
100112,DOWNTOWN VANCOUVER,Trichloroethylene,2008-11-26T00:00,0.091,µg/m³,VOC,GC-MS
100112,DOWNTOWN VANCOUVER,Trichloroethylene,2008-12-20T00:00,0.037,µg/m³,VOC,GC-MS
