﻿NAPS_Site_ID,Station_Name,Pollutant,Date,Value,Units,Report_Type,Method
30118,VOGUE BUILDING,Isoprene,2012-01-16T00:00,0.065,µg/m³,VOC,N/A
30118,VOGUE BUILDING,Isoprene,2012-01-22T00:00,0.034,µg/m³,VOC,N/A
30118,VOGUE BUILDING,Isoprene,2012-01-28T00:00,0.063,µg/m³,VOC,N/A
30118,VOGUE BUILDING,Isoprene,2012-02-03T00:00,0.051,µg/m³,VOC,N/A
30118,VOGUE BUILDING,Isoprene,2012-02-09T00:00,0.104,µg/m³,VOC,N/A
30118,VOGUE BUILDING,Isoprene,2012-02-15T00:00,0.176,µg/m³,VOC,N/A
30118,VOGUE BUILDING,Isoprene,2012-02-21T00:00,0.087,µg/m³,VOC,N/A
30118,VOGUE BUILDING,Isoprene,2012-02-27T00:00,0.036,µg/m³,VOC,N/A
30118,VOGUE BUILDING,Isoprene,2012-03-10T00:00,0.101,µg/m³,VOC,N/A
30118,VOGUE BUILDING,Isoprene,2012-03-16T00:00,0.078,µg/m³,VOC,N/A
30118,VOGUE BUILDING,Isoprene,2012-03-22T00:00,0.073,µg/m³,VOC,N/A
30118,VOGUE BUILDING,Isoprene,2012-04-03T00:00,0.087,µg/m³,VOC,N/A
30118,VOGUE BUILDING,Isoprene,2012-04-09T00:00,0.055,µg/m³,VOC,N/A
30118,VOGUE BUILDING,Isoprene,2012-04-15T00:00,0.142,µg/m³,VOC,N/A
30118,VOGUE BUILDING,Isoprene,2012-04-21T00:00,0.137,µg/m³,VOC,N/A
30118,VOGUE BUILDING,Isoprene,2012-04-27T00:00,0.153,µg/m³,VOC,N/A
30118,VOGUE BUILDING,Isoprene,2012-05-03T00:00,0.141,µg/m³,VOC,N/A
30118,VOGUE BUILDING,Isoprene,2012-05-09T00:00,0.256,µg/m³,VOC,N/A
30118,VOGUE BUILDING,Isoprene,2012-05-15T00:00,0.141,µg/m³,VOC,N/A
30118,VOGUE BUILDING,Isoprene,2012-05-21T00:00,0.228,µg/m³,VOC,N/A
30118,VOGUE BUILDING,Isoprene,2012-05-27T00:00,0.182,µg/m³,VOC,N/A
30118,VOGUE BUILDING,Isoprene,2012-06-02T00:00,0.222,µg/m³,VOC,N/A
30118,VOGUE BUILDING,Isoprene,2012-06-08T00:00,0.274,µg/m³,VOC,N/A
30118,VOGUE BUILDING,Isoprene,2012-06-14T00:00,0.289,µg/m³,VOC,N/A
30118,VOGUE BUILDING,Isoprene,2012-06-20T00:00,0.418,µg/m³,VOC,N/A
30118,VOGUE BUILDING,Isoprene,2012-06-26T00:00,0.110,µg/m³,VOC,N/A
30118,VOGUE BUILDING,Isoprene,2012-07-02T00:00,0.662,µg/m³,VOC,N/A
30118,VOGUE BUILDING,Isoprene,2012-07-08T00:00,0.794,µg/m³,VOC,N/A
30118,VOGUE BUILDING,Isoprene,2012-07-20T00:00,0.813,µg/m³,VOC,N/A
30118,VOGUE BUILDING,Isoprene,2012-07-26T00:00,1.447,µg/m³,VOC,N/A
30118,VOGUE BUILDING,Isoprene,2012-08-31T00:00,0.752,µg/m³,VOC,N/A
30118,VOGUE BUILDING,Isoprene,2012-09-06T00:00,0.314,µg/m³,VOC,N/A
30118,VOGUE BUILDING,Isoprene,2012-09-12T00:00,0.404,µg/m³,VOC,N/A
30118,VOGUE BUILDING,Isoprene,2012-09-18T00:00,0.301,µg/m³,VOC,N/A
30118,VOGUE BUILDING,Isoprene,2012-10-06T00:00,0.162,µg/m³,VOC,N/A
30118,VOGUE BUILDING,Isoprene,2012-10-12T00:00,0.073,µg/m³,VOC,N/A
30118,VOGUE BUILDING,Isoprene,2012-10-18T00:00,0.183,µg/m³,VOC,N/A
30118,VOGUE BUILDING,Isoprene,2012-10-24T00:00,0.095,µg/m³,VOC,N/A
30118,VOGUE BUILDING,Isoprene,2012-11-11T00:00,0.072,µg/m³,VOC,N/A
30118,VOGUE BUILDING,Isoprene,2012-11-17T00:00,0.132,µg/m³,VOC,N/A
30118,VOGUE BUILDING,Isoprene,2012-11-23T00:00,0.228,µg/m³,VOC,N/A
30118,VOGUE BUILDING,Isoprene,2012-11-29T00:00,0.039,µg/m³,VOC,N/A
30118,VOGUE BUILDING,Isoprene,2012-12-05T00:00,0.065,µg/m³,VOC,N/A
30118,VOGUE BUILDING,Isoprene,2012-12-11T00:00,0.106,µg/m³,VOC,N/A
30118,VOGUE BUILDING,Isoprene,2012-12-23T00:00,0.050,µg/m³,VOC,N/A
30118,VOGUE BUILDING,Isoprene,2012-12-29T00:00,0.045,µg/m³,VOC,N/A
