﻿NAPS_Site_ID,Station_Name,Pollutant,Date,Value,Units,Report_Type,Method
101005,ABBOTSFORD AIRPORT-2,OC4(B),2012-02-21T00:00,0.000,µg/m³,PM2.5,TOR(OC/EC)
101005,ABBOTSFORD AIRPORT-2,OC4(B),2012-02-24T00:00,0.000,µg/m³,PM2.5,TOR(OC/EC)
101005,ABBOTSFORD AIRPORT-2,OC4(B),2012-02-27T00:00,0.000,µg/m³,PM2.5,TOR(OC/EC)
101005,ABBOTSFORD AIRPORT-2,OC4(B),2012-03-01T00:00,0.000,µg/m³,PM2.5,TOR(OC/EC)
101005,ABBOTSFORD AIRPORT-2,OC4(B),2012-03-28T00:00,0.000,µg/m³,PM2.5,TOR(OC/EC)
101005,ABBOTSFORD AIRPORT-2,OC4(B),2012-03-31T00:00,0.067,µg/m³,PM2.5,TOR(OC/EC)
101005,ABBOTSFORD AIRPORT-2,OC4(B),2012-04-03T00:00,0.049,µg/m³,PM2.5,TOR(OC/EC)
101005,ABBOTSFORD AIRPORT-2,OC4(B),2012-04-06T00:00,0.045,µg/m³,PM2.5,TOR(OC/EC)
101005,ABBOTSFORD AIRPORT-2,OC4(B),2012-04-09T00:00,0.151,µg/m³,PM2.5,TOR(OC/EC)
101005,ABBOTSFORD AIRPORT-2,OC4(B),2012-04-12T00:00,0.076,µg/m³,PM2.5,TOR(OC/EC)
101005,ABBOTSFORD AIRPORT-2,OC4(B),2012-04-15T00:00,0.169,µg/m³,PM2.5,TOR(OC/EC)
101005,ABBOTSFORD AIRPORT-2,OC4(B),2012-04-18T00:00,0.108,µg/m³,PM2.5,TOR(OC/EC)
101005,ABBOTSFORD AIRPORT-2,OC4(B),2012-04-24T00:00,0.033,µg/m³,PM2.5,TOR(OC/EC)
101005,ABBOTSFORD AIRPORT-2,OC4(B),2012-04-27T00:00,0.056,µg/m³,PM2.5,TOR(OC/EC)
101005,ABBOTSFORD AIRPORT-2,OC4(B),2012-04-30T00:00,0.009,µg/m³,PM2.5,TOR(OC/EC)
101005,ABBOTSFORD AIRPORT-2,OC4(B),2012-05-03T00:00,0.139,µg/m³,PM2.5,TOR(OC/EC)
101005,ABBOTSFORD AIRPORT-2,OC4(B),2012-05-09T00:00,0.048,µg/m³,PM2.5,TOR(OC/EC)
101005,ABBOTSFORD AIRPORT-2,OC4(B),2012-05-12T00:00,0.156,µg/m³,PM2.5,TOR(OC/EC)
101005,ABBOTSFORD AIRPORT-2,OC4(B),2012-05-15T00:00,0.106,µg/m³,PM2.5,TOR(OC/EC)
101005,ABBOTSFORD AIRPORT-2,OC4(B),2012-05-18T00:00,0.081,µg/m³,PM2.5,TOR(OC/EC)
101005,ABBOTSFORD AIRPORT-2,OC4(B),2012-05-21T00:00,0.054,µg/m³,PM2.5,TOR(OC/EC)
101005,ABBOTSFORD AIRPORT-2,OC4(B),2012-05-27T00:00,0.101,µg/m³,PM2.5,TOR(OC/EC)
101005,ABBOTSFORD AIRPORT-2,OC4(B),2012-05-30T00:00,0.097,µg/m³,PM2.5,TOR(OC/EC)
101005,ABBOTSFORD AIRPORT-2,OC4(B),2012-06-02T00:00,0.093,µg/m³,PM2.5,TOR(OC/EC)
101005,ABBOTSFORD AIRPORT-2,OC4(B),2012-06-05T00:00,0.114,µg/m³,PM2.5,TOR(OC/EC)
101005,ABBOTSFORD AIRPORT-2,OC4(B),2012-06-08T00:00,0.044,µg/m³,PM2.5,TOR(OC/EC)
101005,ABBOTSFORD AIRPORT-2,OC4(B),2012-06-11T00:00,0.270,µg/m³,PM2.5,TOR(OC/EC)
101005,ABBOTSFORD AIRPORT-2,OC4(B),2012-06-14T00:00,0.102,µg/m³,PM2.5,TOR(OC/EC)
101005,ABBOTSFORD AIRPORT-2,OC4(B),2012-06-17T00:00,0.066,µg/m³,PM2.5,TOR(OC/EC)
101005,ABBOTSFORD AIRPORT-2,OC4(B),2012-06-20T00:00,0.106,µg/m³,PM2.5,TOR(OC/EC)
101005,ABBOTSFORD AIRPORT-2,OC4(B),2012-06-23T00:00,0.080,µg/m³,PM2.5,TOR(OC/EC)
101005,ABBOTSFORD AIRPORT-2,OC4(B),2012-06-29T00:00,0.105,µg/m³,PM2.5,TOR(OC/EC)
101005,ABBOTSFORD AIRPORT-2,OC4(B),2012-07-02T00:00,0.073,µg/m³,PM2.5,TOR(OC/EC)
101005,ABBOTSFORD AIRPORT-2,OC4(B),2012-07-05T00:00,0.165,µg/m³,PM2.5,TOR(OC/EC)
101005,ABBOTSFORD AIRPORT-2,OC4(B),2012-07-08T00:00,0.158,µg/m³,PM2.5,TOR(OC/EC)
101005,ABBOTSFORD AIRPORT-2,OC4(B),2012-07-11T00:00,0.168,µg/m³,PM2.5,TOR(OC/EC)
101005,ABBOTSFORD AIRPORT-2,OC4(B),2012-07-14T00:00,0.151,µg/m³,PM2.5,TOR(OC/EC)
101005,ABBOTSFORD AIRPORT-2,OC4(B),2012-07-20T00:00,0.083,µg/m³,PM2.5,TOR(OC/EC)
101005,ABBOTSFORD AIRPORT-2,OC4(B),2012-07-23T00:00,0.060,µg/m³,PM2.5,TOR(OC/EC)
101005,ABBOTSFORD AIRPORT-2,OC4(B),2012-07-26T00:00,0.188,µg/m³,PM2.5,TOR(OC/EC)
101005,ABBOTSFORD AIRPORT-2,OC4(B),2012-07-29T00:00,0.156,µg/m³,PM2.5,TOR(OC/EC)
101005,ABBOTSFORD AIRPORT-2,OC4(B),2012-08-01T00:00,0.158,µg/m³,PM2.5,TOR(OC/EC)
101005,ABBOTSFORD AIRPORT-2,OC4(B),2012-08-07T00:00,0.190,µg/m³,PM2.5,TOR(OC/EC)
101005,ABBOTSFORD AIRPORT-2,OC4(B),2012-08-10T00:00,0.196,µg/m³,PM2.5,TOR(OC/EC)
101005,ABBOTSFORD AIRPORT-2,OC4(B),2012-08-13T00:00,0.185,µg/m³,PM2.5,TOR(OC/EC)
101005,ABBOTSFORD AIRPORT-2,OC4(B),2012-08-22T00:00,0.077,µg/m³,PM2.5,TOR(OC/EC)
101005,ABBOTSFORD AIRPORT-2,OC4(B),2012-08-31T00:00,0.063,µg/m³,PM2.5,TOR(OC/EC)
101005,ABBOTSFORD AIRPORT-2,OC4(B),2012-09-03T00:00,0.083,µg/m³,PM2.5,TOR(OC/EC)
101005,ABBOTSFORD AIRPORT-2,OC4(B),2012-09-06T00:00,0.120,µg/m³,PM2.5,TOR(OC/EC)
101005,ABBOTSFORD AIRPORT-2,OC4(B),2012-09-09T00:00,0.049,µg/m³,PM2.5,TOR(OC/EC)
101005,ABBOTSFORD AIRPORT-2,OC4(B),2012-09-12T00:00,0.072,µg/m³,PM2.5,TOR(OC/EC)
101005,ABBOTSFORD AIRPORT-2,OC4(B),2012-09-15T00:00,0.214,µg/m³,PM2.5,TOR(OC/EC)
101005,ABBOTSFORD AIRPORT-2,OC4(B),2012-09-18T00:00,0.364,µg/m³,PM2.5,TOR(OC/EC)
101005,ABBOTSFORD AIRPORT-2,OC4(B),2012-09-21T00:00,0.082,µg/m³,PM2.5,TOR(OC/EC)
101005,ABBOTSFORD AIRPORT-2,OC4(B),2012-09-24T00:00,0.108,µg/m³,PM2.5,TOR(OC/EC)
101005,ABBOTSFORD AIRPORT-2,OC4(B),2012-09-27T00:00,0.132,µg/m³,PM2.5,TOR(OC/EC)
101005,ABBOTSFORD AIRPORT-2,OC4(B),2012-09-30T00:00,0.097,µg/m³,PM2.5,TOR(OC/EC)
101005,ABBOTSFORD AIRPORT-2,OC4(B),2012-10-06T00:00,0.149,µg/m³,PM2.5,TOR(OC/EC)
101005,ABBOTSFORD AIRPORT-2,OC4(B),2012-10-09T00:00,0.079,µg/m³,PM2.5,TOR(OC/EC)
101005,ABBOTSFORD AIRPORT-2,OC4(B),2012-10-12T00:00,0.129,µg/m³,PM2.5,TOR(OC/EC)
101005,ABBOTSFORD AIRPORT-2,OC4(B),2012-10-15T00:00,0.002,µg/m³,PM2.5,TOR(OC/EC)
101005,ABBOTSFORD AIRPORT-2,OC4(B),2012-10-18T00:00,0.109,µg/m³,PM2.5,TOR(OC/EC)
101005,ABBOTSFORD AIRPORT-2,OC4(B),2012-10-21T00:00,0.057,µg/m³,PM2.5,TOR(OC/EC)
101005,ABBOTSFORD AIRPORT-2,OC4(B),2012-10-24T00:00,0.180,µg/m³,PM2.5,TOR(OC/EC)
101005,ABBOTSFORD AIRPORT-2,OC4(B),2012-10-27T00:00,0.009,µg/m³,PM2.5,TOR(OC/EC)
101005,ABBOTSFORD AIRPORT-2,OC4(B),2012-10-30T00:00,0.037,µg/m³,PM2.5,TOR(OC/EC)
101005,ABBOTSFORD AIRPORT-2,OC4(B),2012-11-02T00:00,0.076,µg/m³,PM2.5,TOR(OC/EC)
101005,ABBOTSFORD AIRPORT-2,OC4(B),2012-11-05T00:00,0.128,µg/m³,PM2.5,TOR(OC/EC)
101005,ABBOTSFORD AIRPORT-2,OC4(B),2012-11-08T00:00,0.063,µg/m³,PM2.5,TOR(OC/EC)
101005,ABBOTSFORD AIRPORT-2,OC4(B),2012-11-11T00:00,0.271,µg/m³,PM2.5,TOR(OC/EC)
101005,ABBOTSFORD AIRPORT-2,OC4(B),2012-11-17T00:00,0.058,µg/m³,PM2.5,TOR(OC/EC)
101005,ABBOTSFORD AIRPORT-2,OC4(B),2012-11-20T00:00,0.043,µg/m³,PM2.5,TOR(OC/EC)
101005,ABBOTSFORD AIRPORT-2,OC4(B),2012-11-23T00:00,0.094,µg/m³,PM2.5,TOR(OC/EC)
101005,ABBOTSFORD AIRPORT-2,OC4(B),2012-11-26T00:00,0.037,µg/m³,PM2.5,TOR(OC/EC)
101005,ABBOTSFORD AIRPORT-2,OC4(B),2012-12-02T00:00,0.000,µg/m³,PM2.5,TOR(OC/EC)
101005,ABBOTSFORD AIRPORT-2,OC4(B),2012-12-05T00:00,0.003,µg/m³,PM2.5,TOR(OC/EC)
101005,ABBOTSFORD AIRPORT-2,OC4(B),2012-12-08T00:00,0.029,µg/m³,PM2.5,TOR(OC/EC)
101005,ABBOTSFORD AIRPORT-2,OC4(B),2012-12-11T00:00,0.018,µg/m³,PM2.5,TOR(OC/EC)
101005,ABBOTSFORD AIRPORT-2,OC4(B),2012-12-14T00:00,0.040,µg/m³,PM2.5,TOR(OC/EC)
101005,ABBOTSFORD AIRPORT-2,OC4(B),2012-12-17T00:00,0.000,µg/m³,PM2.5,TOR(OC/EC)
101005,ABBOTSFORD AIRPORT-2,OC4(B),2012-12-23T00:00,0.072,µg/m³,PM2.5,TOR(OC/EC)
101005,ABBOTSFORD AIRPORT-2,OC4(B),2012-12-26T00:00,0.000,µg/m³,PM2.5,TOR(OC/EC)
101005,ABBOTSFORD AIRPORT-2,OC4(B),2012-12-29T00:00,0.013,µg/m³,PM2.5,TOR(OC/EC)
