﻿NAPS_Site_ID,Station_Name,Pollutant,Date,Value,Units,Report_Type,Method
61004,CENTENNIAL PARK _SARNIA_,Freon 114,2003-01-15T00:00,0.112,µg/m³,VOC,N/A
61004,CENTENNIAL PARK _SARNIA_,Freon 114,2003-01-21T00:00,0.115,µg/m³,VOC,N/A
61004,CENTENNIAL PARK _SARNIA_,Freon 114,2003-01-27T00:00,0.110,µg/m³,VOC,N/A
61004,CENTENNIAL PARK _SARNIA_,Freon 114,2003-02-02T00:00,0.119,µg/m³,VOC,N/A
61004,CENTENNIAL PARK _SARNIA_,Freon 114,2003-02-08T00:00,0.122,µg/m³,VOC,N/A
61004,CENTENNIAL PARK _SARNIA_,Freon 114,2003-02-14T00:00,0.130,µg/m³,VOC,N/A
61004,CENTENNIAL PARK _SARNIA_,Freon 114,2003-02-20T00:00,0.125,µg/m³,VOC,N/A
61004,CENTENNIAL PARK _SARNIA_,Freon 114,2003-02-26T00:00,0.124,µg/m³,VOC,N/A
61004,CENTENNIAL PARK _SARNIA_,Freon 114,2003-03-04T00:00,0.127,µg/m³,VOC,N/A
61004,CENTENNIAL PARK _SARNIA_,Freon 114,2003-03-10T00:00,0.109,µg/m³,VOC,N/A
61004,CENTENNIAL PARK _SARNIA_,Freon 114,2003-03-16T00:00,0.109,µg/m³,VOC,N/A
61004,CENTENNIAL PARK _SARNIA_,Freon 114,2003-03-22T00:00,0.109,µg/m³,VOC,N/A
61004,CENTENNIAL PARK _SARNIA_,Freon 114,2003-04-15T00:00,0.129,µg/m³,VOC,N/A
61004,CENTENNIAL PARK _SARNIA_,Freon 114,2003-04-21T00:00,0.121,µg/m³,VOC,N/A
61004,CENTENNIAL PARK _SARNIA_,Freon 114,2003-08-25T00:00,0.111,µg/m³,VOC,N/A
61004,CENTENNIAL PARK _SARNIA_,Freon 114,2003-08-31T00:00,0.123,µg/m³,VOC,N/A
61004,CENTENNIAL PARK _SARNIA_,Freon 114,2003-09-06T00:00,0.115,µg/m³,VOC,N/A
61004,CENTENNIAL PARK _SARNIA_,Freon 114,2003-09-12T00:00,0.115,µg/m³,VOC,N/A
61004,CENTENNIAL PARK _SARNIA_,Freon 114,2003-09-18T00:00,0.123,µg/m³,VOC,N/A
61004,CENTENNIAL PARK _SARNIA_,Freon 114,2003-09-24T00:00,0.119,µg/m³,VOC,N/A
61004,CENTENNIAL PARK _SARNIA_,Freon 114,2003-09-30T00:00,0.115,µg/m³,VOC,N/A
61004,CENTENNIAL PARK _SARNIA_,Freon 114,2003-10-06T00:00,0.119,µg/m³,VOC,N/A
61004,CENTENNIAL PARK _SARNIA_,Freon 114,2003-10-12T00:00,0.120,µg/m³,VOC,N/A
61004,CENTENNIAL PARK _SARNIA_,Freon 114,2003-10-18T00:00,0.108,µg/m³,VOC,N/A
61004,CENTENNIAL PARK _SARNIA_,Freon 114,2003-10-24T00:00,0.110,µg/m³,VOC,N/A
61004,CENTENNIAL PARK _SARNIA_,Freon 114,2003-10-30T00:00,0.111,µg/m³,VOC,N/A
61004,CENTENNIAL PARK _SARNIA_,Freon 114,2003-11-05T00:00,0.109,µg/m³,VOC,N/A
61004,CENTENNIAL PARK _SARNIA_,Freon 114,2003-11-11T00:00,0.115,µg/m³,VOC,N/A
61004,CENTENNIAL PARK _SARNIA_,Freon 114,2003-11-17T00:00,0.125,µg/m³,VOC,N/A
61004,CENTENNIAL PARK _SARNIA_,Freon 114,2003-11-23T00:00,0.117,µg/m³,VOC,N/A
61004,CENTENNIAL PARK _SARNIA_,Freon 114,2003-11-29T00:00,0.121,µg/m³,VOC,N/A
61004,CENTENNIAL PARK _SARNIA_,Freon 114,2003-12-05T00:00,0.115,µg/m³,VOC,N/A
61004,CENTENNIAL PARK _SARNIA_,Freon 114,2003-12-11T00:00,0.115,µg/m³,VOC,N/A
61004,CENTENNIAL PARK _SARNIA_,Freon 114,2003-12-17T00:00,0.117,µg/m³,VOC,N/A
61004,CENTENNIAL PARK _SARNIA_,Freon 114,2003-12-23T00:00,0.128,µg/m³,VOC,N/A
61004,CENTENNIAL PARK _SARNIA_,Freon 114,2003-12-29T00:00,0.124,µg/m³,VOC,N/A
