﻿NAPS_Site_ID,Station_Name,Pollutant,Date,Value,Units,Report_Type,Method
62601,EXPERIMENTAL FARM _SIMCOE_,Isoprene,2006-01-05T00:00,0.000,µg/m³,VOC,
62601,EXPERIMENTAL FARM _SIMCOE_,Isoprene,2006-01-08T00:00,0.000,µg/m³,VOC,
62601,EXPERIMENTAL FARM _SIMCOE_,Isoprene,2006-01-11T00:00,0.000,µg/m³,VOC,
62601,EXPERIMENTAL FARM _SIMCOE_,Isoprene,2006-01-14T00:00,0.000,µg/m³,VOC,
62601,EXPERIMENTAL FARM _SIMCOE_,Isoprene,2006-01-17T00:00,0.000,µg/m³,VOC,
62601,EXPERIMENTAL FARM _SIMCOE_,Isoprene,2006-01-20T00:00,0.000,µg/m³,VOC,
62601,EXPERIMENTAL FARM _SIMCOE_,Isoprene,2006-01-23T00:00,0.000,µg/m³,VOC,
62601,EXPERIMENTAL FARM _SIMCOE_,Isoprene,2006-01-26T00:00,0.000,µg/m³,VOC,
62601,EXPERIMENTAL FARM _SIMCOE_,Isoprene,2006-01-29T00:00,0.000,µg/m³,VOC,
62601,EXPERIMENTAL FARM _SIMCOE_,Isoprene,2006-02-01T00:00,0.024,µg/m³,VOC,
62601,EXPERIMENTAL FARM _SIMCOE_,Isoprene,2006-02-04T00:00,0.000,µg/m³,VOC,
62601,EXPERIMENTAL FARM _SIMCOE_,Isoprene,2006-02-07T00:00,0.000,µg/m³,VOC,
62601,EXPERIMENTAL FARM _SIMCOE_,Isoprene,2006-02-10T00:00,0.000,µg/m³,VOC,
62601,EXPERIMENTAL FARM _SIMCOE_,Isoprene,2006-02-13T00:00,0.000,µg/m³,VOC,
62601,EXPERIMENTAL FARM _SIMCOE_,Isoprene,2006-02-16T00:00,0.000,µg/m³,VOC,
62601,EXPERIMENTAL FARM _SIMCOE_,Isoprene,2006-02-19T00:00,0.001,µg/m³,VOC,
62601,EXPERIMENTAL FARM _SIMCOE_,Isoprene,2006-02-22T00:00,0.000,µg/m³,VOC,
62601,EXPERIMENTAL FARM _SIMCOE_,Isoprene,2006-02-25T00:00,0.000,µg/m³,VOC,
62601,EXPERIMENTAL FARM _SIMCOE_,Isoprene,2006-02-28T00:00,0.000,µg/m³,VOC,
62601,EXPERIMENTAL FARM _SIMCOE_,Isoprene,2006-03-03T00:00,0.000,µg/m³,VOC,
62601,EXPERIMENTAL FARM _SIMCOE_,Isoprene,2006-03-06T00:00,0.000,µg/m³,VOC,
62601,EXPERIMENTAL FARM _SIMCOE_,Isoprene,2006-03-09T00:00,0.002,µg/m³,VOC,
62601,EXPERIMENTAL FARM _SIMCOE_,Isoprene,2006-03-12T00:00,0.003,µg/m³,VOC,
62601,EXPERIMENTAL FARM _SIMCOE_,Isoprene,2006-03-15T00:00,0.000,µg/m³,VOC,
62601,EXPERIMENTAL FARM _SIMCOE_,Isoprene,2006-03-18T00:00,0.000,µg/m³,VOC,
62601,EXPERIMENTAL FARM _SIMCOE_,Isoprene,2006-03-24T00:00,0.000,µg/m³,VOC,
62601,EXPERIMENTAL FARM _SIMCOE_,Isoprene,2006-03-27T00:00,0.000,µg/m³,VOC,
62601,EXPERIMENTAL FARM _SIMCOE_,Isoprene,2006-03-30T00:00,0.000,µg/m³,VOC,
62601,EXPERIMENTAL FARM _SIMCOE_,Isoprene,2006-04-02T00:00,0.000,µg/m³,VOC,
62601,EXPERIMENTAL FARM _SIMCOE_,Isoprene,2006-04-05T00:00,0.000,µg/m³,VOC,
62601,EXPERIMENTAL FARM _SIMCOE_,Isoprene,2006-04-08T00:00,0.000,µg/m³,VOC,
62601,EXPERIMENTAL FARM _SIMCOE_,Isoprene,2006-04-11T00:00,0.000,µg/m³,VOC,
62601,EXPERIMENTAL FARM _SIMCOE_,Isoprene,2006-06-16T00:00,0.011,µg/m³,VOC,
62601,EXPERIMENTAL FARM _SIMCOE_,Isoprene,2006-06-19T00:00,0.140,µg/m³,VOC,
62601,EXPERIMENTAL FARM _SIMCOE_,Isoprene,2006-06-22T00:00,0.011,µg/m³,VOC,
62601,EXPERIMENTAL FARM _SIMCOE_,Isoprene,2006-06-25T00:00,0.459,µg/m³,VOC,
62601,EXPERIMENTAL FARM _SIMCOE_,Isoprene,2006-06-28T00:00,0.530,µg/m³,VOC,
62601,EXPERIMENTAL FARM _SIMCOE_,Isoprene,2006-07-01T00:00,0.777,µg/m³,VOC,
62601,EXPERIMENTAL FARM _SIMCOE_,Isoprene,2006-07-04T00:00,0.698,µg/m³,VOC,
62601,EXPERIMENTAL FARM _SIMCOE_,Isoprene,2006-07-07T00:00,0.467,µg/m³,VOC,
62601,EXPERIMENTAL FARM _SIMCOE_,Isoprene,2006-07-10T00:00,0.470,µg/m³,VOC,
62601,EXPERIMENTAL FARM _SIMCOE_,Isoprene,2006-07-13T00:00,0.519,µg/m³,VOC,
62601,EXPERIMENTAL FARM _SIMCOE_,Isoprene,2006-07-16T00:00,2.697,µg/m³,VOC,
62601,EXPERIMENTAL FARM _SIMCOE_,Isoprene,2006-07-19T00:00,1.048,µg/m³,VOC,
62601,EXPERIMENTAL FARM _SIMCOE_,Isoprene,2006-07-22T00:00,0.458,µg/m³,VOC,
62601,EXPERIMENTAL FARM _SIMCOE_,Isoprene,2006-07-25T00:00,0.926,µg/m³,VOC,
62601,EXPERIMENTAL FARM _SIMCOE_,Isoprene,2006-07-28T00:00,2.777,µg/m³,VOC,
62601,EXPERIMENTAL FARM _SIMCOE_,Isoprene,2006-08-03T00:00,0.698,µg/m³,VOC,
62601,EXPERIMENTAL FARM _SIMCOE_,Isoprene,2006-08-06T00:00,0.377,µg/m³,VOC,
62601,EXPERIMENTAL FARM _SIMCOE_,Isoprene,2006-08-09T00:00,0.277,µg/m³,VOC,
62601,EXPERIMENTAL FARM _SIMCOE_,Isoprene,2006-08-15T00:00,0.179,µg/m³,VOC,
62601,EXPERIMENTAL FARM _SIMCOE_,Isoprene,2006-08-21T00:00,0.273,µg/m³,VOC,
62601,EXPERIMENTAL FARM _SIMCOE_,Isoprene,2006-08-24T00:00,0.366,µg/m³,VOC,
62601,EXPERIMENTAL FARM _SIMCOE_,Isoprene,2006-08-27T00:00,0.312,µg/m³,VOC,
62601,EXPERIMENTAL FARM _SIMCOE_,Isoprene,2006-08-30T00:00,0.204,µg/m³,VOC,
62601,EXPERIMENTAL FARM _SIMCOE_,Isoprene,2006-09-02T00:00,0.044,µg/m³,VOC,
62601,EXPERIMENTAL FARM _SIMCOE_,Isoprene,2006-09-08T00:00,0.409,µg/m³,VOC,
62601,EXPERIMENTAL FARM _SIMCOE_,Isoprene,2006-09-11T00:00,0.112,µg/m³,VOC,
62601,EXPERIMENTAL FARM _SIMCOE_,Isoprene,2006-09-14T00:00,0.063,µg/m³,VOC,
62601,EXPERIMENTAL FARM _SIMCOE_,Isoprene,2006-09-17T00:00,0.120,µg/m³,VOC,
62601,EXPERIMENTAL FARM _SIMCOE_,Isoprene,2006-09-20T00:00,0.045,µg/m³,VOC,
62601,EXPERIMENTAL FARM _SIMCOE_,Isoprene,2006-09-23T00:00,0.269,µg/m³,VOC,
62601,EXPERIMENTAL FARM _SIMCOE_,Isoprene,2006-09-26T00:00,0.059,µg/m³,VOC,
62601,EXPERIMENTAL FARM _SIMCOE_,Isoprene,2006-09-29T00:00,0.015,µg/m³,VOC,
62601,EXPERIMENTAL FARM _SIMCOE_,Isoprene,2006-10-02T00:00,0.085,µg/m³,VOC,
62601,EXPERIMENTAL FARM _SIMCOE_,Isoprene,2006-10-05T00:00,0.050,µg/m³,VOC,
62601,EXPERIMENTAL FARM _SIMCOE_,Isoprene,2006-10-08T00:00,0.043,µg/m³,VOC,
62601,EXPERIMENTAL FARM _SIMCOE_,Isoprene,2006-10-17T00:00,0.008,µg/m³,VOC,
62601,EXPERIMENTAL FARM _SIMCOE_,Isoprene,2006-10-20T00:00,0.008,µg/m³,VOC,
62601,EXPERIMENTAL FARM _SIMCOE_,Isoprene,2006-10-26T00:00,0.007,µg/m³,VOC,
62601,EXPERIMENTAL FARM _SIMCOE_,Isoprene,2006-10-29T00:00,0.003,µg/m³,VOC,
62601,EXPERIMENTAL FARM _SIMCOE_,Isoprene,2006-11-01T00:00,0.004,µg/m³,VOC,
62601,EXPERIMENTAL FARM _SIMCOE_,Isoprene,2006-11-04T00:00,0.006,µg/m³,VOC,
62601,EXPERIMENTAL FARM _SIMCOE_,Isoprene,2006-11-07T00:00,0.009,µg/m³,VOC,
62601,EXPERIMENTAL FARM _SIMCOE_,Isoprene,2006-11-13T00:00,0.037,µg/m³,VOC,
62601,EXPERIMENTAL FARM _SIMCOE_,Isoprene,2006-11-16T00:00,0.021,µg/m³,VOC,
62601,EXPERIMENTAL FARM _SIMCOE_,Isoprene,2006-11-19T00:00,0.004,µg/m³,VOC,
62601,EXPERIMENTAL FARM _SIMCOE_,Isoprene,2006-11-22T00:00,0.018,µg/m³,VOC,
62601,EXPERIMENTAL FARM _SIMCOE_,Isoprene,2006-11-25T00:00,0.014,µg/m³,VOC,
62601,EXPERIMENTAL FARM _SIMCOE_,Isoprene,2006-11-28T00:00,0.012,µg/m³,VOC,
62601,EXPERIMENTAL FARM _SIMCOE_,Isoprene,2006-12-01T00:00,0.011,µg/m³,VOC,
62601,EXPERIMENTAL FARM _SIMCOE_,Isoprene,2006-12-04T00:00,0.004,µg/m³,VOC,
62601,EXPERIMENTAL FARM _SIMCOE_,Isoprene,2006-12-07T00:00,0.008,µg/m³,VOC,
62601,EXPERIMENTAL FARM _SIMCOE_,Isoprene,2006-12-10T00:00,0.008,µg/m³,VOC,
62601,EXPERIMENTAL FARM _SIMCOE_,Isoprene,2006-12-13T00:00,0.003,µg/m³,VOC,
62601,EXPERIMENTAL FARM _SIMCOE_,Isoprene,2006-12-16T00:00,0.010,µg/m³,VOC,
62601,EXPERIMENTAL FARM _SIMCOE_,Isoprene,2006-12-19T00:00,0.017,µg/m³,VOC,
62601,EXPERIMENTAL FARM _SIMCOE_,Isoprene,2006-12-22T00:00,0.013,µg/m³,VOC,
62601,EXPERIMENTAL FARM _SIMCOE_,Isoprene,2006-12-31T00:00,0.008,µg/m³,VOC,
