﻿NAPS_Site_ID,Station_Name,Pollutant,Date,Value,Units,Report_Type,Method
91201,HIGHTOWER RIDGE,Undecane,2003-06-15T00:00,0.074,µg/m³,VOC,GC-MS
91201,HIGHTOWER RIDGE,Undecane,2003-06-21T00:00,0.070,µg/m³,VOC,GC-MS
91201,HIGHTOWER RIDGE,Undecane,2003-06-27T00:00,0.061,µg/m³,VOC,GC-MS
91201,HIGHTOWER RIDGE,Undecane,2003-07-03T00:00,0.050,µg/m³,VOC,GC-MS
91201,HIGHTOWER RIDGE,Undecane,2003-07-08T00:00,0.060,µg/m³,VOC,GC-MS
91201,HIGHTOWER RIDGE,Undecane,2003-07-14T00:00,0.056,µg/m³,VOC,GC-MS
91201,HIGHTOWER RIDGE,Undecane,2003-07-20T00:00,0.080,µg/m³,VOC,GC-MS
91201,HIGHTOWER RIDGE,Undecane,2003-07-26T00:00,0.082,µg/m³,VOC,GC-MS
91201,HIGHTOWER RIDGE,Undecane,2003-08-01T00:00,0.081,µg/m³,VOC,GC-MS
91201,HIGHTOWER RIDGE,Undecane,2003-08-07T00:00,0.067,µg/m³,VOC,GC-MS
91201,HIGHTOWER RIDGE,Undecane,2003-08-13T00:00,0.055,µg/m³,VOC,GC-MS
91201,HIGHTOWER RIDGE,Undecane,2003-08-19T00:00,0.066,µg/m³,VOC,GC-MS
91201,HIGHTOWER RIDGE,Undecane,2003-08-31T00:00,0.055,µg/m³,VOC,GC-MS
91201,HIGHTOWER RIDGE,Undecane,2003-09-06T00:00,0.053,µg/m³,VOC,GC-MS
91201,HIGHTOWER RIDGE,Undecane,2003-09-12T00:00,0.022,µg/m³,VOC,GC-MS
91201,HIGHTOWER RIDGE,Undecane,2003-09-18T00:00,0.026,µg/m³,VOC,GC-MS
91201,HIGHTOWER RIDGE,Undecane,2003-09-19T00:00,0.021,µg/m³,VOC,GC-MS
91201,HIGHTOWER RIDGE,Undecane,2003-09-30T00:00,0.023,µg/m³,VOC,GC-MS
91201,HIGHTOWER RIDGE,Undecane,2003-10-06T00:00,0.030,µg/m³,VOC,GC-MS
91201,HIGHTOWER RIDGE,Undecane,2003-10-12T00:00,0.024,µg/m³,VOC,GC-MS
91201,HIGHTOWER RIDGE,Undecane,2003-10-18T00:00,0.023,µg/m³,VOC,GC-MS
91201,HIGHTOWER RIDGE,Undecane,2003-10-24T00:00,0.031,µg/m³,VOC,GC-MS
91201,HIGHTOWER RIDGE,Undecane,2003-10-30T00:00,0.025,µg/m³,VOC,GC-MS
91201,HIGHTOWER RIDGE,Undecane,2003-11-05T00:00,0.024,µg/m³,VOC,GC-MS
91201,HIGHTOWER RIDGE,Undecane,2003-12-05T00:00,0.022,µg/m³,VOC,GC-MS
91201,HIGHTOWER RIDGE,Undecane,2003-12-11T00:00,0.007,µg/m³,VOC,GC-MS
91201,HIGHTOWER RIDGE,Undecane,2003-12-17T00:00,0.013,µg/m³,VOC,GC-MS
91201,HIGHTOWER RIDGE,Undecane,2003-12-23T00:00,0.007,µg/m³,VOC,GC-MS
91201,HIGHTOWER RIDGE,Undecane,2003-12-29T00:00,0.011,µg/m³,VOC,GC-MS
