﻿NAPS_Site_ID,Station_Name,Pollutant,Date,Value,Units,Report_Type,Method
60211,WINDSOR WEST,EC1,2005-01-01T00:00,0.020,µg/m³,CARB,
60211,WINDSOR WEST,EC1,2005-01-01T00:00,0.410,µg/m³,CARB,
60211,WINDSOR WEST,EC1,2005-01-04T00:00,0.000,µg/m³,CARB,
60211,WINDSOR WEST,EC1,2005-01-04T00:00,1.116,µg/m³,CARB,
60211,WINDSOR WEST,EC1,2005-01-07T00:00,0.226,µg/m³,CARB,
60211,WINDSOR WEST,EC1,2005-01-07T00:00,0.747,µg/m³,CARB,
60211,WINDSOR WEST,EC1,2005-01-10T00:00,0.026,µg/m³,CARB,
60211,WINDSOR WEST,EC1,2005-01-28T00:00,0.101,µg/m³,CARB,
60211,WINDSOR WEST,EC1,2005-01-28T00:00,1.642,µg/m³,CARB,
60211,WINDSOR WEST,EC1,2005-01-31T00:00,0.000,µg/m³,CARB,
60211,WINDSOR WEST,EC1,2005-01-31T00:00,1.550,µg/m³,CARB,
60211,WINDSOR WEST,EC1,2005-02-03T00:00,0.106,µg/m³,CARB,
60211,WINDSOR WEST,EC1,2005-02-03T00:00,4.311,µg/m³,CARB,
60211,WINDSOR WEST,EC1,2005-02-06T00:00,0.000,µg/m³,CARB,
60211,WINDSOR WEST,EC1,2005-02-06T00:00,2.637,µg/m³,CARB,
60211,WINDSOR WEST,EC1,2005-02-09T00:00,0.100,µg/m³,CARB,
60211,WINDSOR WEST,EC1,2005-02-09T00:00,0.557,µg/m³,CARB,
60211,WINDSOR WEST,EC1,2005-02-12T00:00,0.132,µg/m³,CARB,
60211,WINDSOR WEST,EC1,2005-02-12T00:00,1.161,µg/m³,CARB,
60211,WINDSOR WEST,EC1,2005-02-15T00:00,0.131,µg/m³,CARB,
60211,WINDSOR WEST,EC1,2005-02-15T00:00,1.093,µg/m³,CARB,
60211,WINDSOR WEST,EC1,2005-02-18T00:00,0.020,µg/m³,CARB,
60211,WINDSOR WEST,EC1,2005-02-18T00:00,0.471,µg/m³,CARB,
60211,WINDSOR WEST,EC1,2005-03-05T00:00,0.036,µg/m³,CARB,
60211,WINDSOR WEST,EC1,2005-03-05T00:00,1.770,µg/m³,CARB,
60211,WINDSOR WEST,EC1,2005-03-08T00:00,0.000,µg/m³,CARB,
60211,WINDSOR WEST,EC1,2005-03-08T00:00,0.304,µg/m³,CARB,
60211,WINDSOR WEST,EC1,2005-03-11T00:00,0.059,µg/m³,CARB,
60211,WINDSOR WEST,EC1,2005-03-11T00:00,0.812,µg/m³,CARB,
60211,WINDSOR WEST,EC1,2005-03-14T00:00,0.056,µg/m³,CARB,
60211,WINDSOR WEST,EC1,2005-03-14T00:00,0.989,µg/m³,CARB,
60211,WINDSOR WEST,EC1,2005-03-17T00:00,0.036,µg/m³,CARB,
60211,WINDSOR WEST,EC1,2005-03-17T00:00,1.188,µg/m³,CARB,
60211,WINDSOR WEST,EC1,2005-03-20T00:00,0.002,µg/m³,CARB,
60211,WINDSOR WEST,EC1,2005-03-20T00:00,1.321,µg/m³,CARB,
60211,WINDSOR WEST,EC1,2005-03-23T00:00,0.000,µg/m³,CARB,
60211,WINDSOR WEST,EC1,2005-03-23T00:00,0.477,µg/m³,CARB,
60211,WINDSOR WEST,EC1,2005-03-26T00:00,0.135,µg/m³,CARB,
60211,WINDSOR WEST,EC1,2005-03-26T00:00,0.885,µg/m³,CARB,
