﻿NAPS_Site_ID,Station_Name,Pollutant,Date,Value,Units,Report_Type,Method
100127,SURREY EAST,Bromoform,1990-04-29T00:00,0.000,µg/m³,VOC,N/A
100127,SURREY EAST,Bromoform,1990-05-29T00:00,0.000,µg/m³,VOC,N/A
100127,SURREY EAST,Bromoform,1990-06-22T00:00,0.000,µg/m³,VOC,N/A
100127,SURREY EAST,Bromoform,1990-07-22T00:00,0.000,µg/m³,VOC,N/A
100127,SURREY EAST,Bromoform,1990-08-09T00:00,0.000,µg/m³,VOC,N/A
100127,SURREY EAST,Bromoform,1990-09-14T00:00,0.000,µg/m³,VOC,N/A
100127,SURREY EAST,Bromoform,1990-10-08T00:00,0.000,µg/m³,VOC,N/A
100127,SURREY EAST,Bromoform,1990-11-07T00:00,0.000,µg/m³,VOC,N/A
100127,SURREY EAST,Bromoform,1990-12-07T00:00,0.000,µg/m³,VOC,N/A
