﻿NAPS_Site_ID,Station_Name,Pollutant,Date,Value,Units,Report_Type,Method
90130,EDMONTON CENTRAL,3-Methylpentane,1997-01-04T00:00,2.660,µg/m³,VOC,
90130,EDMONTON CENTRAL,3-Methylpentane,1997-01-10T00:00,3.340,µg/m³,VOC,
90130,EDMONTON CENTRAL,3-Methylpentane,1997-01-16T00:00,4.440,µg/m³,VOC,
90130,EDMONTON CENTRAL,3-Methylpentane,1997-01-22T00:00,1.480,µg/m³,VOC,
90130,EDMONTON CENTRAL,3-Methylpentane,1997-01-28T00:00,2.100,µg/m³,VOC,
90130,EDMONTON CENTRAL,3-Methylpentane,1997-02-03T00:00,2.420,µg/m³,VOC,
90130,EDMONTON CENTRAL,3-Methylpentane,1997-02-09T00:00,1.400,µg/m³,VOC,
90130,EDMONTON CENTRAL,3-Methylpentane,1997-02-13T00:00,1.920,µg/m³,VOC,
90130,EDMONTON CENTRAL,3-Methylpentane,1997-02-15T00:00,1.080,µg/m³,VOC,
90130,EDMONTON CENTRAL,3-Methylpentane,1997-02-21T00:00,1.840,µg/m³,VOC,
90130,EDMONTON CENTRAL,3-Methylpentane,1997-02-27T00:00,2.780,µg/m³,VOC,
90130,EDMONTON CENTRAL,3-Methylpentane,1997-03-05T00:00,3.740,µg/m³,VOC,
90130,EDMONTON CENTRAL,3-Methylpentane,1997-03-11T00:00,1.820,µg/m³,VOC,
90130,EDMONTON CENTRAL,3-Methylpentane,1997-03-17T00:00,2.060,µg/m³,VOC,
90130,EDMONTON CENTRAL,3-Methylpentane,1997-03-23T00:00,0.960,µg/m³,VOC,
90130,EDMONTON CENTRAL,3-Methylpentane,1997-03-26T00:00,1.320,µg/m³,VOC,
90130,EDMONTON CENTRAL,3-Methylpentane,1997-03-29T00:00,1.500,µg/m³,VOC,
90130,EDMONTON CENTRAL,3-Methylpentane,1997-04-04T00:00,1.120,µg/m³,VOC,
90130,EDMONTON CENTRAL,3-Methylpentane,1997-04-10T00:00,1.940,µg/m³,VOC,
90130,EDMONTON CENTRAL,3-Methylpentane,1997-04-16T00:00,2.120,µg/m³,VOC,
90130,EDMONTON CENTRAL,3-Methylpentane,1997-04-18T00:00,1.500,µg/m³,VOC,
90130,EDMONTON CENTRAL,3-Methylpentane,1997-04-22T00:00,2.040,µg/m³,VOC,
90130,EDMONTON CENTRAL,3-Methylpentane,1997-04-28T00:00,1.460,µg/m³,VOC,
90130,EDMONTON CENTRAL,3-Methylpentane,1997-05-04T00:00,0.560,µg/m³,VOC,
90130,EDMONTON CENTRAL,3-Methylpentane,1997-05-10T00:00,0.740,µg/m³,VOC,
90130,EDMONTON CENTRAL,3-Methylpentane,1997-05-16T00:00,2.260,µg/m³,VOC,
90130,EDMONTON CENTRAL,3-Methylpentane,1997-05-22T00:00,1.520,µg/m³,VOC,
90130,EDMONTON CENTRAL,3-Methylpentane,1997-05-28T00:00,3.080,µg/m³,VOC,
90130,EDMONTON CENTRAL,3-Methylpentane,1997-05-30T00:00,2.260,µg/m³,VOC,
90130,EDMONTON CENTRAL,3-Methylpentane,1997-06-03T00:00,1.282,µg/m³,VOC,
90130,EDMONTON CENTRAL,3-Methylpentane,1997-06-09T00:00,2.126,µg/m³,VOC,
90130,EDMONTON CENTRAL,3-Methylpentane,1997-06-15T00:00,0.699,µg/m³,VOC,
90130,EDMONTON CENTRAL,3-Methylpentane,1997-06-21T00:00,1.147,µg/m³,VOC,
90130,EDMONTON CENTRAL,3-Methylpentane,1997-06-27T00:00,1.303,µg/m³,VOC,
90130,EDMONTON CENTRAL,3-Methylpentane,1997-07-03T00:00,1.882,µg/m³,VOC,
90130,EDMONTON CENTRAL,3-Methylpentane,1997-07-05T00:00,0.820,µg/m³,VOC,
90130,EDMONTON CENTRAL,3-Methylpentane,1997-07-09T00:00,2.912,µg/m³,VOC,
90130,EDMONTON CENTRAL,3-Methylpentane,1997-07-11T00:00,1.529,µg/m³,VOC,
90130,EDMONTON CENTRAL,3-Methylpentane,1997-07-15T00:00,1.881,µg/m³,VOC,
90130,EDMONTON CENTRAL,3-Methylpentane,1997-07-17T00:00,3.453,µg/m³,VOC,
90130,EDMONTON CENTRAL,3-Methylpentane,1997-07-21T00:00,1.499,µg/m³,VOC,
90130,EDMONTON CENTRAL,3-Methylpentane,1997-07-24T00:00,1.567,µg/m³,VOC,
90130,EDMONTON CENTRAL,3-Methylpentane,1997-07-27T00:00,0.877,µg/m³,VOC,
90130,EDMONTON CENTRAL,3-Methylpentane,1997-07-30T00:00,1.893,µg/m³,VOC,
90130,EDMONTON CENTRAL,3-Methylpentane,1997-08-02T00:00,1.703,µg/m³,VOC,
90130,EDMONTON CENTRAL,3-Methylpentane,1997-08-06T00:00,3.794,µg/m³,VOC,
90130,EDMONTON CENTRAL,3-Methylpentane,1997-08-08T00:00,1.194,µg/m³,VOC,
90130,EDMONTON CENTRAL,3-Methylpentane,1997-08-12T00:00,2.182,µg/m³,VOC,
90130,EDMONTON CENTRAL,3-Methylpentane,1997-08-14T00:00,1.194,µg/m³,VOC,
90130,EDMONTON CENTRAL,3-Methylpentane,1997-08-20T00:00,3.579,µg/m³,VOC,
90130,EDMONTON CENTRAL,3-Methylpentane,1997-08-26T00:00,2.902,µg/m³,VOC,
90130,EDMONTON CENTRAL,3-Methylpentane,1997-09-01T00:00,0.784,µg/m³,VOC,
90130,EDMONTON CENTRAL,3-Methylpentane,1997-09-07T00:00,0.588,µg/m³,VOC,
90130,EDMONTON CENTRAL,3-Methylpentane,1997-09-13T00:00,0.886,µg/m³,VOC,
90130,EDMONTON CENTRAL,3-Methylpentane,1997-09-19T00:00,2.485,µg/m³,VOC,
90130,EDMONTON CENTRAL,3-Methylpentane,1997-09-25T00:00,3.453,µg/m³,VOC,
90130,EDMONTON CENTRAL,3-Methylpentane,1997-10-01T00:00,1.844,µg/m³,VOC,
90130,EDMONTON CENTRAL,3-Methylpentane,1997-10-07T00:00,1.292,µg/m³,VOC,
90130,EDMONTON CENTRAL,3-Methylpentane,1997-10-13T00:00,0.959,µg/m³,VOC,
90130,EDMONTON CENTRAL,3-Methylpentane,1997-10-19T00:00,1.024,µg/m³,VOC,
90130,EDMONTON CENTRAL,3-Methylpentane,1997-10-25T00:00,2.276,µg/m³,VOC,
90130,EDMONTON CENTRAL,3-Methylpentane,1997-10-31T00:00,3.745,µg/m³,VOC,
90130,EDMONTON CENTRAL,3-Methylpentane,1997-11-06T00:00,3.476,µg/m³,VOC,
90130,EDMONTON CENTRAL,3-Methylpentane,1997-11-12T00:00,4.224,µg/m³,VOC,
90130,EDMONTON CENTRAL,3-Methylpentane,1997-11-18T00:00,3.033,µg/m³,VOC,
90130,EDMONTON CENTRAL,3-Methylpentane,1997-11-24T00:00,3.511,µg/m³,VOC,
90130,EDMONTON CENTRAL,3-Methylpentane,1997-11-30T00:00,2.265,µg/m³,VOC,
90130,EDMONTON CENTRAL,3-Methylpentane,1997-12-06T00:00,1.600,µg/m³,VOC,
90130,EDMONTON CENTRAL,3-Methylpentane,1997-12-12T00:00,2.960,µg/m³,VOC,
90130,EDMONTON CENTRAL,3-Methylpentane,1997-12-18T00:00,2.340,µg/m³,VOC,
90130,EDMONTON CENTRAL,3-Methylpentane,1997-12-24T00:00,1.160,µg/m³,VOC,
90130,EDMONTON CENTRAL,3-Methylpentane,1997-12-30T00:00,2.020,µg/m³,VOC,
