﻿NAPS_Site_ID,Station_Name,Pollutant,Date,Value,Units,Report_Type,Method
101005,ABBOTSFORD AIRPORT-2,Decane,2020-01-04T00:00,0.012,µg/m³,VOC,GC-MS
101005,ABBOTSFORD AIRPORT-2,Decane,2020-01-10T00:00,0.024,µg/m³,VOC,GC-MS
101005,ABBOTSFORD AIRPORT-2,Decane,2020-01-22T00:00,1.643,µg/m³,VOC,GC-MS
101005,ABBOTSFORD AIRPORT-2,Decane,2020-01-28T00:00,0.041,µg/m³,VOC,GC-MS
101005,ABBOTSFORD AIRPORT-2,Decane,2020-02-03T00:00,0.016,µg/m³,VOC,GC-MS
101005,ABBOTSFORD AIRPORT-2,Decane,2020-02-15T00:00,0.011,µg/m³,VOC,GC-MS
