﻿NAPS_Site_ID,Station_Name,Pollutant,Date,Value,Units,Report_Type,Method
60403,EVANS & ARNOLD,2-Methylhexane,1995-06-18T00:00,0.402,µg/m³,VOC,GC-MS
60403,EVANS & ARNOLD,2-Methylhexane,1995-07-08T00:00,0.229,µg/m³,VOC,GC-MS
60403,EVANS & ARNOLD,2-Methylhexane,1995-08-01T00:00,0.621,µg/m³,VOC,GC-MS
60403,EVANS & ARNOLD,2-Methylhexane,1995-08-13T00:00,0.567,µg/m³,VOC,GC-MS
60403,EVANS & ARNOLD,2-Methylhexane,1995-09-18T00:00,0.917,µg/m³,VOC,GC-MS
60403,EVANS & ARNOLD,2-Methylhexane,1995-09-24T00:00,0.312,µg/m³,VOC,GC-MS
60403,EVANS & ARNOLD,2-Methylhexane,1995-09-30T00:00,2.013,µg/m³,VOC,GC-MS
60403,EVANS & ARNOLD,2-Methylhexane,1995-10-06T00:00,0.653,µg/m³,VOC,GC-MS
60403,EVANS & ARNOLD,2-Methylhexane,1995-10-12T00:00,1.142,µg/m³,VOC,GC-MS
60403,EVANS & ARNOLD,2-Methylhexane,1995-10-18T00:00,0.496,µg/m³,VOC,GC-MS
60403,EVANS & ARNOLD,2-Methylhexane,1995-10-24T00:00,0.683,µg/m³,VOC,GC-MS
60403,EVANS & ARNOLD,2-Methylhexane,1995-11-11T00:00,0.234,µg/m³,VOC,GC-MS
60403,EVANS & ARNOLD,2-Methylhexane,1995-11-17T00:00,1.329,µg/m³,VOC,GC-MS
60403,EVANS & ARNOLD,2-Methylhexane,1995-11-23T00:00,0.548,µg/m³,VOC,GC-MS
60403,EVANS & ARNOLD,2-Methylhexane,1995-11-29T00:00,1.232,µg/m³,VOC,GC-MS
60403,EVANS & ARNOLD,2-Methylhexane,1995-12-05T00:00,0.461,µg/m³,VOC,GC-MS
60403,EVANS & ARNOLD,2-Methylhexane,1995-12-11T00:00,0.284,µg/m³,VOC,GC-MS
60403,EVANS & ARNOLD,2-Methylhexane,1995-12-17T00:00,0.407,µg/m³,VOC,GC-MS
60403,EVANS & ARNOLD,2-Methylhexane,1995-12-23T00:00,0.513,µg/m³,VOC,GC-MS
60403,EVANS & ARNOLD,2-Methylhexane,1995-12-29T00:00,0.273,µg/m³,VOC,GC-MS
