﻿NAPS_Site_ID,Station_Name,Pollutant,Date,Value,Units,Report_Type,Method
40501,PT LEPREAU - CHARLOTTE COUNTY,trans-3-Methyl-2-Pentene,2002-01-11T00:00,0.000,µg/m³,VOC,
40501,PT LEPREAU - CHARLOTTE COUNTY,trans-3-Methyl-2-Pentene,2002-01-14T00:00,0.000,µg/m³,VOC,
40501,PT LEPREAU - CHARLOTTE COUNTY,trans-3-Methyl-2-Pentene,2002-01-17T00:00,0.004,µg/m³,VOC,
40501,PT LEPREAU - CHARLOTTE COUNTY,trans-3-Methyl-2-Pentene,2002-01-20T00:00,0.000,µg/m³,VOC,
40501,PT LEPREAU - CHARLOTTE COUNTY,trans-3-Methyl-2-Pentene,2002-01-23T00:00,0.000,µg/m³,VOC,
40501,PT LEPREAU - CHARLOTTE COUNTY,trans-3-Methyl-2-Pentene,2002-01-29T00:00,0.004,µg/m³,VOC,
40501,PT LEPREAU - CHARLOTTE COUNTY,trans-3-Methyl-2-Pentene,2002-02-01T00:00,0.000,µg/m³,VOC,
40501,PT LEPREAU - CHARLOTTE COUNTY,trans-3-Methyl-2-Pentene,2002-02-04T00:00,0.000,µg/m³,VOC,
40501,PT LEPREAU - CHARLOTTE COUNTY,trans-3-Methyl-2-Pentene,2002-02-07T00:00,0.003,µg/m³,VOC,
40501,PT LEPREAU - CHARLOTTE COUNTY,trans-3-Methyl-2-Pentene,2002-02-10T00:00,0.000,µg/m³,VOC,
40501,PT LEPREAU - CHARLOTTE COUNTY,trans-3-Methyl-2-Pentene,2002-02-13T00:00,0.000,µg/m³,VOC,
40501,PT LEPREAU - CHARLOTTE COUNTY,trans-3-Methyl-2-Pentene,2002-02-16T00:00,0.000,µg/m³,VOC,
40501,PT LEPREAU - CHARLOTTE COUNTY,trans-3-Methyl-2-Pentene,2002-02-19T00:00,0.000,µg/m³,VOC,
40501,PT LEPREAU - CHARLOTTE COUNTY,trans-3-Methyl-2-Pentene,2002-02-22T00:00,0.000,µg/m³,VOC,
40501,PT LEPREAU - CHARLOTTE COUNTY,trans-3-Methyl-2-Pentene,2002-02-25T00:00,0.000,µg/m³,VOC,
40501,PT LEPREAU - CHARLOTTE COUNTY,trans-3-Methyl-2-Pentene,2002-02-28T00:00,0.004,µg/m³,VOC,
40501,PT LEPREAU - CHARLOTTE COUNTY,trans-3-Methyl-2-Pentene,2002-03-03T00:00,0.000,µg/m³,VOC,
40501,PT LEPREAU - CHARLOTTE COUNTY,trans-3-Methyl-2-Pentene,2002-03-06T00:00,0.000,µg/m³,VOC,
40501,PT LEPREAU - CHARLOTTE COUNTY,trans-3-Methyl-2-Pentene,2002-03-09T00:00,0.000,µg/m³,VOC,
40501,PT LEPREAU - CHARLOTTE COUNTY,trans-3-Methyl-2-Pentene,2002-03-12T00:00,0.000,µg/m³,VOC,
40501,PT LEPREAU - CHARLOTTE COUNTY,trans-3-Methyl-2-Pentene,2002-03-15T00:00,0.000,µg/m³,VOC,
40501,PT LEPREAU - CHARLOTTE COUNTY,trans-3-Methyl-2-Pentene,2002-03-18T00:00,0.000,µg/m³,VOC,
40501,PT LEPREAU - CHARLOTTE COUNTY,trans-3-Methyl-2-Pentene,2002-03-21T00:00,0.000,µg/m³,VOC,
40501,PT LEPREAU - CHARLOTTE COUNTY,trans-3-Methyl-2-Pentene,2002-03-24T00:00,0.000,µg/m³,VOC,
40501,PT LEPREAU - CHARLOTTE COUNTY,trans-3-Methyl-2-Pentene,2002-03-27T00:00,0.000,µg/m³,VOC,
40501,PT LEPREAU - CHARLOTTE COUNTY,trans-3-Methyl-2-Pentene,2002-03-30T00:00,0.000,µg/m³,VOC,
40501,PT LEPREAU - CHARLOTTE COUNTY,trans-3-Methyl-2-Pentene,2002-04-02T00:00,0.000,µg/m³,VOC,
40501,PT LEPREAU - CHARLOTTE COUNTY,trans-3-Methyl-2-Pentene,2002-04-05T00:00,0.000,µg/m³,VOC,
40501,PT LEPREAU - CHARLOTTE COUNTY,trans-3-Methyl-2-Pentene,2002-04-08T00:00,0.000,µg/m³,VOC,
40501,PT LEPREAU - CHARLOTTE COUNTY,trans-3-Methyl-2-Pentene,2002-04-11T00:00,0.000,µg/m³,VOC,
40501,PT LEPREAU - CHARLOTTE COUNTY,trans-3-Methyl-2-Pentene,2002-04-14T00:00,0.000,µg/m³,VOC,
40501,PT LEPREAU - CHARLOTTE COUNTY,trans-3-Methyl-2-Pentene,2002-04-17T00:00,0.000,µg/m³,VOC,
40501,PT LEPREAU - CHARLOTTE COUNTY,trans-3-Methyl-2-Pentene,2002-04-20T00:00,0.000,µg/m³,VOC,
40501,PT LEPREAU - CHARLOTTE COUNTY,trans-3-Methyl-2-Pentene,2002-04-23T00:00,0.000,µg/m³,VOC,
40501,PT LEPREAU - CHARLOTTE COUNTY,trans-3-Methyl-2-Pentene,2002-04-26T00:00,0.000,µg/m³,VOC,
40501,PT LEPREAU - CHARLOTTE COUNTY,trans-3-Methyl-2-Pentene,2002-04-29T00:00,0.000,µg/m³,VOC,
40501,PT LEPREAU - CHARLOTTE COUNTY,trans-3-Methyl-2-Pentene,2002-05-02T00:00,0.000,µg/m³,VOC,
40501,PT LEPREAU - CHARLOTTE COUNTY,trans-3-Methyl-2-Pentene,2002-05-05T00:00,0.000,µg/m³,VOC,
40501,PT LEPREAU - CHARLOTTE COUNTY,trans-3-Methyl-2-Pentene,2002-05-08T00:00,0.000,µg/m³,VOC,
40501,PT LEPREAU - CHARLOTTE COUNTY,trans-3-Methyl-2-Pentene,2002-05-11T00:00,0.000,µg/m³,VOC,
40501,PT LEPREAU - CHARLOTTE COUNTY,trans-3-Methyl-2-Pentene,2002-05-14T00:00,0.000,µg/m³,VOC,
40501,PT LEPREAU - CHARLOTTE COUNTY,trans-3-Methyl-2-Pentene,2002-05-17T00:00,0.004,µg/m³,VOC,
40501,PT LEPREAU - CHARLOTTE COUNTY,trans-3-Methyl-2-Pentene,2002-05-20T00:00,0.000,µg/m³,VOC,
40501,PT LEPREAU - CHARLOTTE COUNTY,trans-3-Methyl-2-Pentene,2002-05-23T00:00,0.000,µg/m³,VOC,
40501,PT LEPREAU - CHARLOTTE COUNTY,trans-3-Methyl-2-Pentene,2002-06-16T00:00,0.000,µg/m³,VOC,
40501,PT LEPREAU - CHARLOTTE COUNTY,trans-3-Methyl-2-Pentene,2002-06-19T00:00,0.000,µg/m³,VOC,
40501,PT LEPREAU - CHARLOTTE COUNTY,trans-3-Methyl-2-Pentene,2002-06-22T00:00,0.004,µg/m³,VOC,
40501,PT LEPREAU - CHARLOTTE COUNTY,trans-3-Methyl-2-Pentene,2002-06-25T00:00,0.124,µg/m³,VOC,
40501,PT LEPREAU - CHARLOTTE COUNTY,trans-3-Methyl-2-Pentene,2002-06-28T00:00,0.000,µg/m³,VOC,
40501,PT LEPREAU - CHARLOTTE COUNTY,trans-3-Methyl-2-Pentene,2002-07-01T00:00,0.000,µg/m³,VOC,
40501,PT LEPREAU - CHARLOTTE COUNTY,trans-3-Methyl-2-Pentene,2002-07-07T00:00,0.000,µg/m³,VOC,
40501,PT LEPREAU - CHARLOTTE COUNTY,trans-3-Methyl-2-Pentene,2002-07-10T00:00,0.000,µg/m³,VOC,
40501,PT LEPREAU - CHARLOTTE COUNTY,trans-3-Methyl-2-Pentene,2002-07-13T00:00,0.005,µg/m³,VOC,
40501,PT LEPREAU - CHARLOTTE COUNTY,trans-3-Methyl-2-Pentene,2002-07-16T00:00,0.000,µg/m³,VOC,
40501,PT LEPREAU - CHARLOTTE COUNTY,trans-3-Methyl-2-Pentene,2002-07-22T00:00,0.000,µg/m³,VOC,
40501,PT LEPREAU - CHARLOTTE COUNTY,trans-3-Methyl-2-Pentene,2002-07-31T00:00,0.000,µg/m³,VOC,
40501,PT LEPREAU - CHARLOTTE COUNTY,trans-3-Methyl-2-Pentene,2002-08-03T00:00,0.000,µg/m³,VOC,
40501,PT LEPREAU - CHARLOTTE COUNTY,trans-3-Methyl-2-Pentene,2002-08-09T00:00,0.000,µg/m³,VOC,
40501,PT LEPREAU - CHARLOTTE COUNTY,trans-3-Methyl-2-Pentene,2002-08-15T00:00,0.000,µg/m³,VOC,
40501,PT LEPREAU - CHARLOTTE COUNTY,trans-3-Methyl-2-Pentene,2002-08-18T00:00,0.000,µg/m³,VOC,
40501,PT LEPREAU - CHARLOTTE COUNTY,trans-3-Methyl-2-Pentene,2002-08-27T00:00,0.000,µg/m³,VOC,
40501,PT LEPREAU - CHARLOTTE COUNTY,trans-3-Methyl-2-Pentene,2002-08-30T00:00,0.000,µg/m³,VOC,
40501,PT LEPREAU - CHARLOTTE COUNTY,trans-3-Methyl-2-Pentene,2002-09-02T00:00,0.000,µg/m³,VOC,
40501,PT LEPREAU - CHARLOTTE COUNTY,trans-3-Methyl-2-Pentene,2002-09-05T00:00,0.000,µg/m³,VOC,
40501,PT LEPREAU - CHARLOTTE COUNTY,trans-3-Methyl-2-Pentene,2002-09-08T00:00,0.000,µg/m³,VOC,
40501,PT LEPREAU - CHARLOTTE COUNTY,trans-3-Methyl-2-Pentene,2002-09-11T00:00,0.000,µg/m³,VOC,
40501,PT LEPREAU - CHARLOTTE COUNTY,trans-3-Methyl-2-Pentene,2002-09-17T00:00,0.000,µg/m³,VOC,
40501,PT LEPREAU - CHARLOTTE COUNTY,trans-3-Methyl-2-Pentene,2002-09-20T00:00,0.000,µg/m³,VOC,
40501,PT LEPREAU - CHARLOTTE COUNTY,trans-3-Methyl-2-Pentene,2002-09-23T00:00,0.000,µg/m³,VOC,
40501,PT LEPREAU - CHARLOTTE COUNTY,trans-3-Methyl-2-Pentene,2002-09-26T00:00,0.000,µg/m³,VOC,
40501,PT LEPREAU - CHARLOTTE COUNTY,trans-3-Methyl-2-Pentene,2002-10-02T00:00,0.000,µg/m³,VOC,
40501,PT LEPREAU - CHARLOTTE COUNTY,trans-3-Methyl-2-Pentene,2002-10-08T00:00,0.000,µg/m³,VOC,
40501,PT LEPREAU - CHARLOTTE COUNTY,trans-3-Methyl-2-Pentene,2002-10-17T00:00,0.005,µg/m³,VOC,
40501,PT LEPREAU - CHARLOTTE COUNTY,trans-3-Methyl-2-Pentene,2002-10-20T00:00,0.000,µg/m³,VOC,
40501,PT LEPREAU - CHARLOTTE COUNTY,trans-3-Methyl-2-Pentene,2002-11-16T00:00,0.000,µg/m³,VOC,
40501,PT LEPREAU - CHARLOTTE COUNTY,trans-3-Methyl-2-Pentene,2002-11-19T00:00,0.000,µg/m³,VOC,
40501,PT LEPREAU - CHARLOTTE COUNTY,trans-3-Methyl-2-Pentene,2002-11-22T00:00,0.000,µg/m³,VOC,
40501,PT LEPREAU - CHARLOTTE COUNTY,trans-3-Methyl-2-Pentene,2002-11-25T00:00,0.000,µg/m³,VOC,
40501,PT LEPREAU - CHARLOTTE COUNTY,trans-3-Methyl-2-Pentene,2002-12-04T00:00,0.025,µg/m³,VOC,
40501,PT LEPREAU - CHARLOTTE COUNTY,trans-3-Methyl-2-Pentene,2002-12-07T00:00,0.000,µg/m³,VOC,
40501,PT LEPREAU - CHARLOTTE COUNTY,trans-3-Methyl-2-Pentene,2002-12-10T00:00,0.008,µg/m³,VOC,
40501,PT LEPREAU - CHARLOTTE COUNTY,trans-3-Methyl-2-Pentene,2002-12-13T00:00,0.000,µg/m³,VOC,
40501,PT LEPREAU - CHARLOTTE COUNTY,trans-3-Methyl-2-Pentene,2002-12-16T00:00,0.000,µg/m³,VOC,
40501,PT LEPREAU - CHARLOTTE COUNTY,trans-3-Methyl-2-Pentene,2002-12-19T00:00,0.004,µg/m³,VOC,
40501,PT LEPREAU - CHARLOTTE COUNTY,trans-3-Methyl-2-Pentene,2002-12-22T00:00,0.000,µg/m³,VOC,
40501,PT LEPREAU - CHARLOTTE COUNTY,trans-3-Methyl-2-Pentene,2002-12-25T00:00,0.000,µg/m³,VOC,
40501,PT LEPREAU - CHARLOTTE COUNTY,trans-3-Methyl-2-Pentene,2002-12-28T00:00,0.000,µg/m³,VOC,
40501,PT LEPREAU - CHARLOTTE COUNTY,trans-3-Methyl-2-Pentene,2002-12-31T00:00,0.000,µg/m³,VOC,
