﻿NAPS_Site_ID,Station_Name,Pollutant,Date,Value,Units,Report_Type,Method
65101,EAGLE ST. & McCAFFREY RD. _NEWMARKET_,Ethylene,2011-01-03T00:00,0.959,µg/m³,VOC,
65101,EAGLE ST. & McCAFFREY RD. _NEWMARKET_,Ethylene,2011-01-09T00:00,0.458,µg/m³,VOC,
65101,EAGLE ST. & McCAFFREY RD. _NEWMARKET_,Ethylene,2011-01-15T00:00,1.575,µg/m³,VOC,
65101,EAGLE ST. & McCAFFREY RD. _NEWMARKET_,Ethylene,2011-01-21T00:00,1.412,µg/m³,VOC,
65101,EAGLE ST. & McCAFFREY RD. _NEWMARKET_,Ethylene,2011-01-27T00:00,0.865,µg/m³,VOC,
65101,EAGLE ST. & McCAFFREY RD. _NEWMARKET_,Ethylene,2011-02-02T00:00,1.493,µg/m³,VOC,
65101,EAGLE ST. & McCAFFREY RD. _NEWMARKET_,Ethylene,2011-02-08T00:00,0.642,µg/m³,VOC,
65101,EAGLE ST. & McCAFFREY RD. _NEWMARKET_,Ethylene,2011-02-14T00:00,2.851,µg/m³,VOC,
65101,EAGLE ST. & McCAFFREY RD. _NEWMARKET_,Ethylene,2011-02-20T00:00,0.445,µg/m³,VOC,
65101,EAGLE ST. & McCAFFREY RD. _NEWMARKET_,Ethylene,2011-02-26T00:00,0.810,µg/m³,VOC,
65101,EAGLE ST. & McCAFFREY RD. _NEWMARKET_,Ethylene,2011-03-04T00:00,0.580,µg/m³,VOC,
65101,EAGLE ST. & McCAFFREY RD. _NEWMARKET_,Ethylene,2011-03-10T00:00,0.796,µg/m³,VOC,
65101,EAGLE ST. & McCAFFREY RD. _NEWMARKET_,Ethylene,2011-03-16T00:00,1.134,µg/m³,VOC,
65101,EAGLE ST. & McCAFFREY RD. _NEWMARKET_,Ethylene,2011-03-22T00:00,0.600,µg/m³,VOC,
65101,EAGLE ST. & McCAFFREY RD. _NEWMARKET_,Ethylene,2011-03-28T00:00,0.312,µg/m³,VOC,
