﻿NAPS_Site_ID,Station_Name,Pollutant,Date,Value,Units,Report_Type,Method
10102,WATER STREET POST OFFICE,3-Me-Cholanthrene,2001-01-13T00:00,0.000,µg/m³,PAH,
10102,WATER STREET POST OFFICE,3-Me-Cholanthrene,2001-02-06T00:00,0.000,µg/m³,PAH,
10102,WATER STREET POST OFFICE,3-Me-Cholanthrene,2001-03-02T00:00,0.000,µg/m³,PAH,
10102,WATER STREET POST OFFICE,3-Me-Cholanthrene,2001-03-14T00:00,0.000,µg/m³,PAH,
10102,WATER STREET POST OFFICE,3-Me-Cholanthrene,2001-03-26T00:00,0.000,µg/m³,PAH,
10102,WATER STREET POST OFFICE,3-Me-Cholanthrene,2001-04-07T00:00,0.000,µg/m³,PAH,
10102,WATER STREET POST OFFICE,3-Me-Cholanthrene,2001-04-19T00:00,0.000,µg/m³,PAH,
10102,WATER STREET POST OFFICE,3-Me-Cholanthrene,2001-05-01T00:00,0.000,µg/m³,PAH,
10102,WATER STREET POST OFFICE,3-Me-Cholanthrene,2001-05-13T00:00,0.000,µg/m³,PAH,
10102,WATER STREET POST OFFICE,3-Me-Cholanthrene,2001-06-06T00:00,0.000,µg/m³,PAH,
10102,WATER STREET POST OFFICE,3-Me-Cholanthrene,2001-06-30T00:00,0.000,µg/m³,PAH,
10102,WATER STREET POST OFFICE,3-Me-Cholanthrene,2001-08-05T00:00,0.000,µg/m³,PAH,
10102,WATER STREET POST OFFICE,3-Me-Cholanthrene,2001-08-17T00:00,0.000,µg/m³,PAH,
10102,WATER STREET POST OFFICE,3-Me-Cholanthrene,2001-09-10T00:00,0.000,µg/m³,PAH,
10102,WATER STREET POST OFFICE,3-Me-Cholanthrene,2001-09-22T00:00,0.000,µg/m³,PAH,
10102,WATER STREET POST OFFICE,3-Me-Cholanthrene,2001-10-28T00:00,0.000,µg/m³,PAH,
10102,WATER STREET POST OFFICE,3-Me-Cholanthrene,2001-11-09T00:00,0.000,µg/m³,PAH,
10102,WATER STREET POST OFFICE,3-Me-Cholanthrene,2001-11-21T00:00,0.000,µg/m³,PAH,
10102,WATER STREET POST OFFICE,3-Me-Cholanthrene,2001-12-03T00:00,0.000,µg/m³,PAH,
10102,WATER STREET POST OFFICE,3-Me-Cholanthrene,2001-12-15T00:00,0.000,µg/m³,PAH,
