﻿NAPS_Site_ID,Station_Name,Pollutant,Date,Value,Units,Report_Type,Method
61502,WEST AVE. & HOMEWOOD _KITCHENER_,Chloromethane,2003-01-03T00:00,1.667,µg/m³,VOC,GC-MS
61502,WEST AVE. & HOMEWOOD _KITCHENER_,Chloromethane,2003-01-09T00:00,1.741,µg/m³,VOC,GC-MS
61502,WEST AVE. & HOMEWOOD _KITCHENER_,Chloromethane,2003-01-15T00:00,1.188,µg/m³,VOC,GC-MS
61502,WEST AVE. & HOMEWOOD _KITCHENER_,Chloromethane,2003-01-27T00:00,1.052,µg/m³,VOC,GC-MS
61502,WEST AVE. & HOMEWOOD _KITCHENER_,Chloromethane,2003-02-14T00:00,1.605,µg/m³,VOC,GC-MS
61502,WEST AVE. & HOMEWOOD _KITCHENER_,Chloromethane,2003-02-20T00:00,1.545,µg/m³,VOC,GC-MS
61502,WEST AVE. & HOMEWOOD _KITCHENER_,Chloromethane,2003-02-26T00:00,1.506,µg/m³,VOC,GC-MS
61502,WEST AVE. & HOMEWOOD _KITCHENER_,Chloromethane,2003-03-04T00:00,1.525,µg/m³,VOC,GC-MS
61502,WEST AVE. & HOMEWOOD _KITCHENER_,Chloromethane,2003-03-10T00:00,1.570,µg/m³,VOC,GC-MS
61502,WEST AVE. & HOMEWOOD _KITCHENER_,Chloromethane,2003-03-16T00:00,1.599,µg/m³,VOC,GC-MS
61502,WEST AVE. & HOMEWOOD _KITCHENER_,Chloromethane,2003-03-22T00:00,1.526,µg/m³,VOC,GC-MS
61502,WEST AVE. & HOMEWOOD _KITCHENER_,Chloromethane,2003-03-28T00:00,1.524,µg/m³,VOC,GC-MS
61502,WEST AVE. & HOMEWOOD _KITCHENER_,Chloromethane,2003-06-02T00:00,1.301,µg/m³,VOC,GC-MS
61502,WEST AVE. & HOMEWOOD _KITCHENER_,Chloromethane,2003-06-08T00:00,1.283,µg/m³,VOC,GC-MS
61502,WEST AVE. & HOMEWOOD _KITCHENER_,Chloromethane,2003-06-14T00:00,1.253,µg/m³,VOC,GC-MS
61502,WEST AVE. & HOMEWOOD _KITCHENER_,Chloromethane,2003-06-20T00:00,1.214,µg/m³,VOC,GC-MS
61502,WEST AVE. & HOMEWOOD _KITCHENER_,Chloromethane,2003-06-26T00:00,1.379,µg/m³,VOC,GC-MS
61502,WEST AVE. & HOMEWOOD _KITCHENER_,Chloromethane,2003-07-02T00:00,1.265,µg/m³,VOC,GC-MS
61502,WEST AVE. & HOMEWOOD _KITCHENER_,Chloromethane,2003-07-08T00:00,1.405,µg/m³,VOC,GC-MS
61502,WEST AVE. & HOMEWOOD _KITCHENER_,Chloromethane,2003-07-14T00:00,1.317,µg/m³,VOC,GC-MS
61502,WEST AVE. & HOMEWOOD _KITCHENER_,Chloromethane,2003-07-26T00:00,1.217,µg/m³,VOC,GC-MS
61502,WEST AVE. & HOMEWOOD _KITCHENER_,Chloromethane,2003-08-01T00:00,1.263,µg/m³,VOC,GC-MS
61502,WEST AVE. & HOMEWOOD _KITCHENER_,Chloromethane,2003-08-07T00:00,1.266,µg/m³,VOC,GC-MS
61502,WEST AVE. & HOMEWOOD _KITCHENER_,Chloromethane,2003-08-13T00:00,1.216,µg/m³,VOC,GC-MS
61502,WEST AVE. & HOMEWOOD _KITCHENER_,Chloromethane,2003-08-19T00:00,1.198,µg/m³,VOC,GC-MS
61502,WEST AVE. & HOMEWOOD _KITCHENER_,Chloromethane,2003-08-25T00:00,1.128,µg/m³,VOC,GC-MS
61502,WEST AVE. & HOMEWOOD _KITCHENER_,Chloromethane,2003-08-31T00:00,1.044,µg/m³,VOC,GC-MS
61502,WEST AVE. & HOMEWOOD _KITCHENER_,Chloromethane,2003-09-06T00:00,1.066,µg/m³,VOC,GC-MS
61502,WEST AVE. & HOMEWOOD _KITCHENER_,Chloromethane,2003-09-12T00:00,1.013,µg/m³,VOC,GC-MS
61502,WEST AVE. & HOMEWOOD _KITCHENER_,Chloromethane,2003-09-18T00:00,1.038,µg/m³,VOC,GC-MS
61502,WEST AVE. & HOMEWOOD _KITCHENER_,Chloromethane,2003-09-24T00:00,1.036,µg/m³,VOC,GC-MS
61502,WEST AVE. & HOMEWOOD _KITCHENER_,Chloromethane,2003-09-30T00:00,1.051,µg/m³,VOC,GC-MS
61502,WEST AVE. & HOMEWOOD _KITCHENER_,Chloromethane,2003-10-06T00:00,1.005,µg/m³,VOC,GC-MS
61502,WEST AVE. & HOMEWOOD _KITCHENER_,Chloromethane,2003-10-12T00:00,1.095,µg/m³,VOC,GC-MS
61502,WEST AVE. & HOMEWOOD _KITCHENER_,Chloromethane,2003-10-18T00:00,1.065,µg/m³,VOC,GC-MS
61502,WEST AVE. & HOMEWOOD _KITCHENER_,Chloromethane,2003-10-24T00:00,1.062,µg/m³,VOC,GC-MS
61502,WEST AVE. & HOMEWOOD _KITCHENER_,Chloromethane,2003-10-30T00:00,1.082,µg/m³,VOC,GC-MS
61502,WEST AVE. & HOMEWOOD _KITCHENER_,Chloromethane,2003-11-05T00:00,1.101,µg/m³,VOC,GC-MS
61502,WEST AVE. & HOMEWOOD _KITCHENER_,Chloromethane,2003-11-11T00:00,1.152,µg/m³,VOC,GC-MS
61502,WEST AVE. & HOMEWOOD _KITCHENER_,Chloromethane,2003-11-17T00:00,1.158,µg/m³,VOC,GC-MS
61502,WEST AVE. & HOMEWOOD _KITCHENER_,Chloromethane,2003-11-23T00:00,1.202,µg/m³,VOC,GC-MS
61502,WEST AVE. & HOMEWOOD _KITCHENER_,Chloromethane,2003-11-29T00:00,1.170,µg/m³,VOC,GC-MS
61502,WEST AVE. & HOMEWOOD _KITCHENER_,Chloromethane,2003-12-11T00:00,1.234,µg/m³,VOC,GC-MS
61502,WEST AVE. & HOMEWOOD _KITCHENER_,Chloromethane,2003-12-17T00:00,1.223,µg/m³,VOC,GC-MS
61502,WEST AVE. & HOMEWOOD _KITCHENER_,Chloromethane,2003-12-23T00:00,1.214,µg/m³,VOC,GC-MS
61502,WEST AVE. & HOMEWOOD _KITCHENER_,Chloromethane,2003-12-29T00:00,1.315,µg/m³,VOC,GC-MS
