﻿NAPS_Site_ID,Station_Name,Pollutant,Date,Value,Units,Report_Type,Method
100133,BURMOUNT,2-Methylpentane,1996-01-10T00:00,1.333,µg/m³,VOC,N/A
100133,BURMOUNT,2-Methylpentane,1996-01-22T00:00,1.897,µg/m³,VOC,N/A
100133,BURMOUNT,2-Methylpentane,1996-02-03T00:00,4.295,µg/m³,VOC,N/A
100133,BURMOUNT,2-Methylpentane,1996-02-15T00:00,6.787,µg/m³,VOC,N/A
100133,BURMOUNT,2-Methylpentane,1996-02-27T00:00,2.361,µg/m³,VOC,N/A
100133,BURMOUNT,2-Methylpentane,1996-03-10T00:00,1.746,µg/m³,VOC,N/A
100133,BURMOUNT,2-Methylpentane,1996-03-22T00:00,2.011,µg/m³,VOC,N/A
100133,BURMOUNT,2-Methylpentane,1996-04-03T00:00,2.641,µg/m³,VOC,N/A
100133,BURMOUNT,2-Methylpentane,1996-04-15T00:00,2.059,µg/m³,VOC,N/A
100133,BURMOUNT,2-Methylpentane,1996-04-27T00:00,2.179,µg/m³,VOC,N/A
100133,BURMOUNT,2-Methylpentane,1996-05-15T00:00,1.596,µg/m³,VOC,N/A
100133,BURMOUNT,2-Methylpentane,1996-05-27T00:00,1.604,µg/m³,VOC,N/A
100133,BURMOUNT,2-Methylpentane,1996-06-08T00:00,1.214,µg/m³,VOC,N/A
100133,BURMOUNT,2-Methylpentane,1996-06-20T00:00,2.286,µg/m³,VOC,N/A
100133,BURMOUNT,2-Methylpentane,1996-07-14T00:00,4.806,µg/m³,VOC,N/A
100133,BURMOUNT,2-Methylpentane,1996-07-26T00:00,3.816,µg/m³,VOC,N/A
100133,BURMOUNT,2-Methylpentane,1996-08-07T00:00,3.681,µg/m³,VOC,N/A
100133,BURMOUNT,2-Methylpentane,1996-08-19T00:00,2.323,µg/m³,VOC,N/A
100133,BURMOUNT,2-Methylpentane,1996-08-31T00:00,1.740,µg/m³,VOC,N/A
100133,BURMOUNT,2-Methylpentane,1996-09-12T00:00,2.308,µg/m³,VOC,N/A
100133,BURMOUNT,2-Methylpentane,1996-09-30T00:00,1.902,µg/m³,VOC,N/A
100133,BURMOUNT,2-Methylpentane,1996-10-12T00:00,2.867,µg/m³,VOC,N/A
100133,BURMOUNT,2-Methylpentane,1996-10-30T00:00,2.647,µg/m³,VOC,N/A
100133,BURMOUNT,2-Methylpentane,1996-11-11T00:00,3.236,µg/m³,VOC,N/A
100133,BURMOUNT,2-Methylpentane,1996-11-23T00:00,7.336,µg/m³,VOC,N/A
100133,BURMOUNT,2-Methylpentane,1996-12-17T00:00,4.580,µg/m³,VOC,N/A
