﻿NAPS_Site_ID,Station_Name,Pollutant,Date,Value,Units,Report_Type,Method
60211,WINDSOR WEST,cis-2-Pentene,2007-01-06T00:00,0.055,µg/m³,VOC,N/A
60211,WINDSOR WEST,cis-2-Pentene,2007-01-12T00:00,0.022,µg/m³,VOC,N/A
60211,WINDSOR WEST,cis-2-Pentene,2007-01-18T00:00,0.010,µg/m³,VOC,N/A
60211,WINDSOR WEST,cis-2-Pentene,2007-01-24T00:00,0.050,µg/m³,VOC,N/A
60211,WINDSOR WEST,cis-2-Pentene,2007-01-30T00:00,0.042,µg/m³,VOC,N/A
60211,WINDSOR WEST,cis-2-Pentene,2007-02-05T00:00,0.022,µg/m³,VOC,N/A
60211,WINDSOR WEST,cis-2-Pentene,2007-02-11T00:00,0.019,µg/m³,VOC,N/A
60211,WINDSOR WEST,cis-2-Pentene,2007-02-17T00:00,0.024,µg/m³,VOC,N/A
60211,WINDSOR WEST,cis-2-Pentene,2007-02-23T00:00,0.017,µg/m³,VOC,N/A
60211,WINDSOR WEST,cis-2-Pentene,2007-03-01T00:00,0.012,µg/m³,VOC,N/A
60211,WINDSOR WEST,cis-2-Pentene,2007-03-07T00:00,0.010,µg/m³,VOC,N/A
60211,WINDSOR WEST,cis-2-Pentene,2007-03-13T00:00,0.070,µg/m³,VOC,N/A
60211,WINDSOR WEST,cis-2-Pentene,2007-03-19T00:00,0.662,µg/m³,VOC,N/A
60211,WINDSOR WEST,cis-2-Pentene,2007-03-25T00:00,0.026,µg/m³,VOC,N/A
60211,WINDSOR WEST,cis-2-Pentene,2007-03-31T00:00,0.015,µg/m³,VOC,N/A
60211,WINDSOR WEST,cis-2-Pentene,2007-04-06T00:00,0.015,µg/m³,VOC,N/A
60211,WINDSOR WEST,cis-2-Pentene,2007-04-12T00:00,0.014,µg/m³,VOC,N/A
60211,WINDSOR WEST,cis-2-Pentene,2007-04-18T00:00,0.016,µg/m³,VOC,N/A
60211,WINDSOR WEST,cis-2-Pentene,2007-04-24T00:00,0.016,µg/m³,VOC,N/A
60211,WINDSOR WEST,cis-2-Pentene,2007-05-12T00:00,0.013,µg/m³,VOC,N/A
60211,WINDSOR WEST,cis-2-Pentene,2007-05-18T00:00,0.136,µg/m³,VOC,N/A
60211,WINDSOR WEST,cis-2-Pentene,2007-06-05T00:00,0.022,µg/m³,VOC,N/A
60211,WINDSOR WEST,cis-2-Pentene,2007-06-11T00:00,0.068,µg/m³,VOC,N/A
60211,WINDSOR WEST,cis-2-Pentene,2007-06-18T00:00,0.017,µg/m³,VOC,N/A
60211,WINDSOR WEST,cis-2-Pentene,2007-06-19T00:00,0.042,µg/m³,VOC,N/A
60211,WINDSOR WEST,cis-2-Pentene,2007-06-20T00:00,0.067,µg/m³,VOC,N/A
60211,WINDSOR WEST,cis-2-Pentene,2007-06-21T00:00,0.064,µg/m³,VOC,N/A
60211,WINDSOR WEST,cis-2-Pentene,2007-06-22T00:00,0.007,µg/m³,VOC,N/A
60211,WINDSOR WEST,cis-2-Pentene,2007-06-26T00:00,0.031,µg/m³,VOC,N/A
60211,WINDSOR WEST,cis-2-Pentene,2007-06-27T00:00,0.062,µg/m³,VOC,N/A
60211,WINDSOR WEST,cis-2-Pentene,2007-06-28T00:00,0.030,µg/m³,VOC,N/A
60211,WINDSOR WEST,cis-2-Pentene,2007-06-29T00:00,0.025,µg/m³,VOC,N/A
60211,WINDSOR WEST,cis-2-Pentene,2007-06-30T00:00,0.084,µg/m³,VOC,N/A
60211,WINDSOR WEST,cis-2-Pentene,2007-07-02T00:00,0.029,µg/m³,VOC,N/A
60211,WINDSOR WEST,cis-2-Pentene,2007-07-03T00:00,0.017,µg/m³,VOC,N/A
60211,WINDSOR WEST,cis-2-Pentene,2007-07-04T00:00,0.070,µg/m³,VOC,N/A
60211,WINDSOR WEST,cis-2-Pentene,2007-07-05T00:00,0.080,µg/m³,VOC,N/A
60211,WINDSOR WEST,cis-2-Pentene,2007-07-06T00:00,0.073,µg/m³,VOC,N/A
60211,WINDSOR WEST,cis-2-Pentene,2007-07-09T00:00,0.015,µg/m³,VOC,N/A
60211,WINDSOR WEST,cis-2-Pentene,2007-07-10T00:00,0.025,µg/m³,VOC,N/A
60211,WINDSOR WEST,cis-2-Pentene,2007-07-13T00:00,0.033,µg/m³,VOC,N/A
60211,WINDSOR WEST,cis-2-Pentene,2007-07-14T00:00,0.029,µg/m³,VOC,N/A
60211,WINDSOR WEST,cis-2-Pentene,2007-08-22T00:00,0.075,µg/m³,VOC,N/A
60211,WINDSOR WEST,cis-2-Pentene,2007-08-28T00:00,0.045,µg/m³,VOC,N/A
60211,WINDSOR WEST,cis-2-Pentene,2007-09-03T00:00,0.033,µg/m³,VOC,N/A
60211,WINDSOR WEST,cis-2-Pentene,2007-09-09T00:00,0.034,µg/m³,VOC,N/A
60211,WINDSOR WEST,cis-2-Pentene,2007-09-15T00:00,0.095,µg/m³,VOC,N/A
60211,WINDSOR WEST,cis-2-Pentene,2007-09-21T00:00,0.049,µg/m³,VOC,N/A
60211,WINDSOR WEST,cis-2-Pentene,2007-09-27T00:00,0.073,µg/m³,VOC,N/A
60211,WINDSOR WEST,cis-2-Pentene,2007-10-03T00:00,0.013,µg/m³,VOC,N/A
60211,WINDSOR WEST,cis-2-Pentene,2007-10-09T00:00,0.030,µg/m³,VOC,N/A
60211,WINDSOR WEST,cis-2-Pentene,2007-10-21T00:00,0.003,µg/m³,VOC,N/A
60211,WINDSOR WEST,cis-2-Pentene,2007-10-27T00:00,0.019,µg/m³,VOC,N/A
60211,WINDSOR WEST,cis-2-Pentene,2007-11-02T00:00,0.550,µg/m³,VOC,N/A
60211,WINDSOR WEST,cis-2-Pentene,2007-11-14T00:00,0.034,µg/m³,VOC,N/A
60211,WINDSOR WEST,cis-2-Pentene,2007-11-20T00:00,0.053,µg/m³,VOC,N/A
60211,WINDSOR WEST,cis-2-Pentene,2007-11-26T00:00,0.109,µg/m³,VOC,N/A
60211,WINDSOR WEST,cis-2-Pentene,2007-12-02T00:00,0.014,µg/m³,VOC,N/A
60211,WINDSOR WEST,cis-2-Pentene,2007-12-08T00:00,0.030,µg/m³,VOC,N/A
60211,WINDSOR WEST,cis-2-Pentene,2007-12-14T00:00,0.025,µg/m³,VOC,N/A
60211,WINDSOR WEST,cis-2-Pentene,2007-12-20T00:00,0.124,µg/m³,VOC,N/A
60211,WINDSOR WEST,cis-2-Pentene,2007-12-26T00:00,0.065,µg/m³,VOC,N/A
