﻿NAPS_Site_ID,Station_Name,Pollutant,Date,Value,Units,Report_Type,Method
60428,BRAMPTON _BRAMPTON_,3-Methylpentane,2002-01-02T00:00,0.350,µg/m³,VOC,GC-MS
60428,BRAMPTON _BRAMPTON_,3-Methylpentane,2002-01-08T00:00,0.360,µg/m³,VOC,GC-MS
60428,BRAMPTON _BRAMPTON_,3-Methylpentane,2002-01-14T00:00,0.830,µg/m³,VOC,GC-MS
60428,BRAMPTON _BRAMPTON_,3-Methylpentane,2002-01-20T00:00,0.460,µg/m³,VOC,GC-MS
60428,BRAMPTON _BRAMPTON_,3-Methylpentane,2002-01-26T00:00,0.480,µg/m³,VOC,GC-MS
60428,BRAMPTON _BRAMPTON_,3-Methylpentane,2002-02-01T00:00,0.570,µg/m³,VOC,GC-MS
60428,BRAMPTON _BRAMPTON_,3-Methylpentane,2002-02-07T00:00,0.430,µg/m³,VOC,GC-MS
60428,BRAMPTON _BRAMPTON_,3-Methylpentane,2002-02-13T00:00,0.250,µg/m³,VOC,GC-MS
60428,BRAMPTON _BRAMPTON_,3-Methylpentane,2002-02-25T00:00,0.820,µg/m³,VOC,GC-MS
60428,BRAMPTON _BRAMPTON_,3-Methylpentane,2002-03-03T00:00,0.250,µg/m³,VOC,GC-MS
60428,BRAMPTON _BRAMPTON_,3-Methylpentane,2002-03-15T00:00,1.140,µg/m³,VOC,GC-MS
60428,BRAMPTON _BRAMPTON_,3-Methylpentane,2002-03-21T00:00,0.230,µg/m³,VOC,GC-MS
60428,BRAMPTON _BRAMPTON_,3-Methylpentane,2002-05-26T00:00,0.333,µg/m³,VOC,GC-MS
60428,BRAMPTON _BRAMPTON_,3-Methylpentane,2002-06-01T00:00,0.300,µg/m³,VOC,GC-MS
60428,BRAMPTON _BRAMPTON_,3-Methylpentane,2002-06-19T00:00,2.345,µg/m³,VOC,GC-MS
60428,BRAMPTON _BRAMPTON_,3-Methylpentane,2002-06-25T00:00,1.288,µg/m³,VOC,GC-MS
60428,BRAMPTON _BRAMPTON_,3-Methylpentane,2002-07-01T00:00,0.620,µg/m³,VOC,GC-MS
60428,BRAMPTON _BRAMPTON_,3-Methylpentane,2002-07-07T00:00,0.688,µg/m³,VOC,GC-MS
60428,BRAMPTON _BRAMPTON_,3-Methylpentane,2002-07-13T00:00,0.585,µg/m³,VOC,GC-MS
60428,BRAMPTON _BRAMPTON_,3-Methylpentane,2002-07-25T00:00,1.292,µg/m³,VOC,GC-MS
60428,BRAMPTON _BRAMPTON_,3-Methylpentane,2002-07-31T00:00,0.677,µg/m³,VOC,GC-MS
60428,BRAMPTON _BRAMPTON_,3-Methylpentane,2002-08-30T00:00,1.443,µg/m³,VOC,GC-MS
60428,BRAMPTON _BRAMPTON_,3-Methylpentane,2002-09-05T00:00,0.366,µg/m³,VOC,GC-MS
60428,BRAMPTON _BRAMPTON_,3-Methylpentane,2002-09-11T00:00,0.606,µg/m³,VOC,GC-MS
60428,BRAMPTON _BRAMPTON_,3-Methylpentane,2002-09-17T00:00,1.335,µg/m³,VOC,GC-MS
60428,BRAMPTON _BRAMPTON_,3-Methylpentane,2002-09-23T00:00,0.771,µg/m³,VOC,GC-MS
60428,BRAMPTON _BRAMPTON_,3-Methylpentane,2002-09-29T00:00,2.178,µg/m³,VOC,GC-MS
60428,BRAMPTON _BRAMPTON_,3-Methylpentane,2002-10-05T00:00,0.653,µg/m³,VOC,GC-MS
60428,BRAMPTON _BRAMPTON_,3-Methylpentane,2002-10-11T00:00,1.604,µg/m³,VOC,GC-MS
60428,BRAMPTON _BRAMPTON_,3-Methylpentane,2002-10-17T00:00,0.375,µg/m³,VOC,GC-MS
60428,BRAMPTON _BRAMPTON_,3-Methylpentane,2002-10-23T00:00,0.445,µg/m³,VOC,GC-MS
60428,BRAMPTON _BRAMPTON_,3-Methylpentane,2002-10-29T00:00,0.520,µg/m³,VOC,GC-MS
60428,BRAMPTON _BRAMPTON_,3-Methylpentane,2002-11-04T00:00,0.644,µg/m³,VOC,GC-MS
60428,BRAMPTON _BRAMPTON_,3-Methylpentane,2002-11-10T00:00,0.498,µg/m³,VOC,GC-MS
60428,BRAMPTON _BRAMPTON_,3-Methylpentane,2002-11-16T00:00,0.421,µg/m³,VOC,GC-MS
60428,BRAMPTON _BRAMPTON_,3-Methylpentane,2002-11-22T00:00,0.226,µg/m³,VOC,GC-MS
60428,BRAMPTON _BRAMPTON_,3-Methylpentane,2002-11-28T00:00,0.395,µg/m³,VOC,GC-MS
60428,BRAMPTON _BRAMPTON_,3-Methylpentane,2002-12-04T00:00,0.649,µg/m³,VOC,GC-MS
60428,BRAMPTON _BRAMPTON_,3-Methylpentane,2002-12-10T00:00,1.259,µg/m³,VOC,GC-MS
60428,BRAMPTON _BRAMPTON_,3-Methylpentane,2002-12-16T00:00,0.371,µg/m³,VOC,GC-MS
60428,BRAMPTON _BRAMPTON_,3-Methylpentane,2002-12-22T00:00,0.277,µg/m³,VOC,GC-MS
60428,BRAMPTON _BRAMPTON_,3-Methylpentane,2002-12-28T00:00,0.721,µg/m³,VOC,GC-MS
