﻿NAPS_Site_ID,Station_Name,Pollutant,Date,Value,Units,Report_Type,Method
60512,BEASLEY PARK _HAMILTON_DOWNTOWN_,Chlorobenzene,2020-01-04T00:00,0.008,µg/m³,VOC,GC-MS
60512,BEASLEY PARK _HAMILTON_DOWNTOWN_,Chlorobenzene,2020-01-10T00:00,0.012,µg/m³,VOC,GC-MS
60512,BEASLEY PARK _HAMILTON_DOWNTOWN_,Chlorobenzene,2020-01-16T00:00,0.006,µg/m³,VOC,GC-MS
60512,BEASLEY PARK _HAMILTON_DOWNTOWN_,Chlorobenzene,2020-01-22T00:00,0.007,µg/m³,VOC,GC-MS
60512,BEASLEY PARK _HAMILTON_DOWNTOWN_,Chlorobenzene,2020-01-28T00:00,0.007,µg/m³,VOC,GC-MS
60512,BEASLEY PARK _HAMILTON_DOWNTOWN_,Chlorobenzene,2020-02-03T00:00,0.007,µg/m³,VOC,GC-MS
60512,BEASLEY PARK _HAMILTON_DOWNTOWN_,Chlorobenzene,2020-02-09T00:00,0.022,µg/m³,VOC,GC-MS
60512,BEASLEY PARK _HAMILTON_DOWNTOWN_,Chlorobenzene,2020-02-15T00:00,0.008,µg/m³,VOC,GC-MS
60512,BEASLEY PARK _HAMILTON_DOWNTOWN_,Chlorobenzene,2020-02-21T00:00,0.006,µg/m³,VOC,GC-MS
