﻿NAPS_Site_ID,Station_Name,Pollutant,Date,Value,Units,Report_Type,Method
90121,EDMONTON EAST,13C12-OCDD,2008-02-12T00:00,116.000,pg/m³,PCDD,GC-MS
90121,EDMONTON EAST,13C12-OCDD,2008-03-07T00:00,108.000,pg/m³,PCDD,GC-MS
90121,EDMONTON EAST,13C12-OCDD,2008-03-31T00:00,91.000,pg/m³,PCDD,GC-MS
90121,EDMONTON EAST,13C12-OCDD,2008-04-24T00:00,85.000,pg/m³,PCDD,GC-MS
90121,EDMONTON EAST,13C12-OCDD,2008-05-18T00:00,91.000,pg/m³,PCDD,GC-MS
90121,EDMONTON EAST,13C12-OCDD,2008-06-11T00:00,101.000,pg/m³,PCDD,GC-MS
90121,EDMONTON EAST,13C12-OCDD,2008-07-05T00:00,99.000,pg/m³,PCDD,GC-MS
90121,EDMONTON EAST,13C12-OCDD,2008-07-29T00:00,90.000,pg/m³,PCDD,GC-MS
90121,EDMONTON EAST,13C12-OCDD,2008-08-22T00:00,63.000,pg/m³,PCDD,GC-MS
90121,EDMONTON EAST,13C12-OCDD,2008-09-15T00:00,69.000,pg/m³,PCDD,GC-MS
90121,EDMONTON EAST,13C12-OCDD,2008-10-09T00:00,59.000,pg/m³,PCDD,GC-MS
90121,EDMONTON EAST,13C12-OCDD,2008-11-26T00:00,67.000,pg/m³,PCDD,GC-MS
90121,EDMONTON EAST,13C12-OCDD,2008-12-20T00:00,93.000,pg/m³,PCDD,GC-MS
