﻿NAPS_Site_ID,Station_Name,Pollutant,Date,Value,Units,Report_Type,Method
50134,MONTRÉAL-MOLSON or MONTRÉAL-SAINT-JOSEPH,Decane,2013-01-04T00:00,0.140,µg/m³,VOC,N/A
50134,MONTRÉAL-MOLSON or MONTRÉAL-SAINT-JOSEPH,Decane,2013-01-10T00:00,0.171,µg/m³,VOC,N/A
50134,MONTRÉAL-MOLSON or MONTRÉAL-SAINT-JOSEPH,Decane,2013-01-16T00:00,0.161,µg/m³,VOC,N/A
50134,MONTRÉAL-MOLSON or MONTRÉAL-SAINT-JOSEPH,Decane,2013-01-22T00:00,0.096,µg/m³,VOC,N/A
50134,MONTRÉAL-MOLSON or MONTRÉAL-SAINT-JOSEPH,Decane,2013-01-28T00:00,0.147,µg/m³,VOC,N/A
50134,MONTRÉAL-MOLSON or MONTRÉAL-SAINT-JOSEPH,Decane,2013-02-03T00:00,0.148,µg/m³,VOC,N/A
50134,MONTRÉAL-MOLSON or MONTRÉAL-SAINT-JOSEPH,Decane,2013-02-09T00:00,0.112,µg/m³,VOC,N/A
50134,MONTRÉAL-MOLSON or MONTRÉAL-SAINT-JOSEPH,Decane,2013-02-15T00:00,0.210,µg/m³,VOC,N/A
50134,MONTRÉAL-MOLSON or MONTRÉAL-SAINT-JOSEPH,Decane,2013-02-21T00:00,0.149,µg/m³,VOC,N/A
50134,MONTRÉAL-MOLSON or MONTRÉAL-SAINT-JOSEPH,Decane,2013-02-27T00:00,0.138,µg/m³,VOC,N/A
50134,MONTRÉAL-MOLSON or MONTRÉAL-SAINT-JOSEPH,Decane,2013-03-11T00:00,0.135,µg/m³,VOC,N/A
50134,MONTRÉAL-MOLSON or MONTRÉAL-SAINT-JOSEPH,Decane,2013-03-17T00:00,0.054,µg/m³,VOC,N/A
50134,MONTRÉAL-MOLSON or MONTRÉAL-SAINT-JOSEPH,Decane,2013-03-29T00:00,0.117,µg/m³,VOC,N/A
50134,MONTRÉAL-MOLSON or MONTRÉAL-SAINT-JOSEPH,Decane,2013-04-04T00:00,0.096,µg/m³,VOC,N/A
50134,MONTRÉAL-MOLSON or MONTRÉAL-SAINT-JOSEPH,Decane,2013-04-10T00:00,0.120,µg/m³,VOC,N/A
50134,MONTRÉAL-MOLSON or MONTRÉAL-SAINT-JOSEPH,Decane,2013-04-28T00:00,0.261,µg/m³,VOC,N/A
50134,MONTRÉAL-MOLSON or MONTRÉAL-SAINT-JOSEPH,Decane,2013-05-04T00:00,0.355,µg/m³,VOC,N/A
50134,MONTRÉAL-MOLSON or MONTRÉAL-SAINT-JOSEPH,Decane,2013-05-10T00:00,0.162,µg/m³,VOC,N/A
50134,MONTRÉAL-MOLSON or MONTRÉAL-SAINT-JOSEPH,Decane,2013-05-16T00:00,0.367,µg/m³,VOC,N/A
50134,MONTRÉAL-MOLSON or MONTRÉAL-SAINT-JOSEPH,Decane,2013-05-22T00:00,0.170,µg/m³,VOC,N/A
50134,MONTRÉAL-MOLSON or MONTRÉAL-SAINT-JOSEPH,Decane,2013-05-28T00:00,0.276,µg/m³,VOC,N/A
50134,MONTRÉAL-MOLSON or MONTRÉAL-SAINT-JOSEPH,Decane,2013-06-03T00:00,0.106,µg/m³,VOC,N/A
50134,MONTRÉAL-MOLSON or MONTRÉAL-SAINT-JOSEPH,Decane,2013-06-09T00:00,0.122,µg/m³,VOC,N/A
50134,MONTRÉAL-MOLSON or MONTRÉAL-SAINT-JOSEPH,Decane,2013-06-15T00:00,0.113,µg/m³,VOC,N/A
50134,MONTRÉAL-MOLSON or MONTRÉAL-SAINT-JOSEPH,Decane,2013-06-21T00:00,0.165,µg/m³,VOC,N/A
50134,MONTRÉAL-MOLSON or MONTRÉAL-SAINT-JOSEPH,Decane,2013-06-27T00:00,0.107,µg/m³,VOC,N/A
50134,MONTRÉAL-MOLSON or MONTRÉAL-SAINT-JOSEPH,Decane,2013-07-03T00:00,0.255,µg/m³,VOC,N/A
50134,MONTRÉAL-MOLSON or MONTRÉAL-SAINT-JOSEPH,Decane,2013-07-09T00:00,0.119,µg/m³,VOC,N/A
50134,MONTRÉAL-MOLSON or MONTRÉAL-SAINT-JOSEPH,Decane,2013-07-15T00:00,0.130,µg/m³,VOC,N/A
50134,MONTRÉAL-MOLSON or MONTRÉAL-SAINT-JOSEPH,Decane,2013-07-21T00:00,0.078,µg/m³,VOC,N/A
50134,MONTRÉAL-MOLSON or MONTRÉAL-SAINT-JOSEPH,Decane,2013-07-27T00:00,0.127,µg/m³,VOC,N/A
50134,MONTRÉAL-MOLSON or MONTRÉAL-SAINT-JOSEPH,Decane,2013-08-02T00:00,0.128,µg/m³,VOC,N/A
50134,MONTRÉAL-MOLSON or MONTRÉAL-SAINT-JOSEPH,Decane,2013-08-08T00:00,0.148,µg/m³,VOC,N/A
50134,MONTRÉAL-MOLSON or MONTRÉAL-SAINT-JOSEPH,Decane,2013-08-14T00:00,0.089,µg/m³,VOC,N/A
50134,MONTRÉAL-MOLSON or MONTRÉAL-SAINT-JOSEPH,Decane,2013-08-20T00:00,0.110,µg/m³,VOC,N/A
50134,MONTRÉAL-MOLSON or MONTRÉAL-SAINT-JOSEPH,Decane,2013-08-26T00:00,0.115,µg/m³,VOC,N/A
50134,MONTRÉAL-MOLSON or MONTRÉAL-SAINT-JOSEPH,Decane,2013-09-07T00:00,0.060,µg/m³,VOC,N/A
50134,MONTRÉAL-MOLSON or MONTRÉAL-SAINT-JOSEPH,Decane,2013-09-13T00:00,0.084,µg/m³,VOC,N/A
50134,MONTRÉAL-MOLSON or MONTRÉAL-SAINT-JOSEPH,Decane,2013-09-19T00:00,0.258,µg/m³,VOC,N/A
50134,MONTRÉAL-MOLSON or MONTRÉAL-SAINT-JOSEPH,Decane,2013-09-25T00:00,0.331,µg/m³,VOC,N/A
50134,MONTRÉAL-MOLSON or MONTRÉAL-SAINT-JOSEPH,Decane,2013-10-01T00:00,0.458,µg/m³,VOC,N/A
50134,MONTRÉAL-MOLSON or MONTRÉAL-SAINT-JOSEPH,Decane,2013-10-07T00:00,0.058,µg/m³,VOC,N/A
50134,MONTRÉAL-MOLSON or MONTRÉAL-SAINT-JOSEPH,Decane,2013-10-13T00:00,0.079,µg/m³,VOC,N/A
50134,MONTRÉAL-MOLSON or MONTRÉAL-SAINT-JOSEPH,Decane,2013-10-19T00:00,0.125,µg/m³,VOC,N/A
50134,MONTRÉAL-MOLSON or MONTRÉAL-SAINT-JOSEPH,Decane,2013-10-25T00:00,0.065,µg/m³,VOC,N/A
50134,MONTRÉAL-MOLSON or MONTRÉAL-SAINT-JOSEPH,Decane,2013-10-31T00:00,0.097,µg/m³,VOC,N/A
50134,MONTRÉAL-MOLSON or MONTRÉAL-SAINT-JOSEPH,Decane,2013-11-06T00:00,0.103,µg/m³,VOC,N/A
50134,MONTRÉAL-MOLSON or MONTRÉAL-SAINT-JOSEPH,Decane,2013-11-12T00:00,0.031,µg/m³,VOC,N/A
50134,MONTRÉAL-MOLSON or MONTRÉAL-SAINT-JOSEPH,Decane,2013-11-18T00:00,0.049,µg/m³,VOC,N/A
50134,MONTRÉAL-MOLSON or MONTRÉAL-SAINT-JOSEPH,Decane,2013-11-24T00:00,0.007,µg/m³,VOC,N/A
50134,MONTRÉAL-MOLSON or MONTRÉAL-SAINT-JOSEPH,Decane,2013-11-30T00:00,0.322,µg/m³,VOC,N/A
50134,MONTRÉAL-MOLSON or MONTRÉAL-SAINT-JOSEPH,Decane,2013-12-06T00:00,0.065,µg/m³,VOC,N/A
50134,MONTRÉAL-MOLSON or MONTRÉAL-SAINT-JOSEPH,Decane,2013-12-12T00:00,0.058,µg/m³,VOC,N/A
50134,MONTRÉAL-MOLSON or MONTRÉAL-SAINT-JOSEPH,Decane,2013-12-18T00:00,0.294,µg/m³,VOC,N/A
50134,MONTRÉAL-MOLSON or MONTRÉAL-SAINT-JOSEPH,Decane,2013-12-24T00:00,0.050,µg/m³,VOC,N/A
50134,MONTRÉAL-MOLSON or MONTRÉAL-SAINT-JOSEPH,Decane,2013-12-30T00:00,0.046,µg/m³,VOC,N/A
