﻿NAPS_Site_ID,Station_Name,Pollutant,Date,Value,Units,Report_Type,Method
50129,MONTRÉAL-RIVIÈRE-DES-PRAIRIES,Arsenic,2022-01-08T00:00,0.000,µg/m³,PM2.5,ICPMS
50129,MONTRÉAL-RIVIÈRE-DES-PRAIRIES,Arsenic,2022-01-08T00:00,0.000,µg/m³,PM2.5,ICPMS
50129,MONTRÉAL-RIVIÈRE-DES-PRAIRIES,Arsenic,2022-01-11T00:00,0.000,µg/m³,PM2.5,ICPMS
50129,MONTRÉAL-RIVIÈRE-DES-PRAIRIES,Arsenic,2022-01-11T00:00,0.000,µg/m³,PM2.5,ICPMS
50129,MONTRÉAL-RIVIÈRE-DES-PRAIRIES,Arsenic,2022-01-14T00:00,0.000,µg/m³,PM2.5,ICPMS
50129,MONTRÉAL-RIVIÈRE-DES-PRAIRIES,Arsenic,2022-01-14T00:00,0.001,µg/m³,PM2.5,ICPMS
50129,MONTRÉAL-RIVIÈRE-DES-PRAIRIES,Arsenic,2022-01-17T00:00,0.001,µg/m³,PM2.5,ICPMS
50129,MONTRÉAL-RIVIÈRE-DES-PRAIRIES,Arsenic,2022-01-17T00:00,0.001,µg/m³,PM2.5,ICPMS
50129,MONTRÉAL-RIVIÈRE-DES-PRAIRIES,Arsenic,2022-01-20T00:00,0.000,µg/m³,PM2.5,ICPMS
50129,MONTRÉAL-RIVIÈRE-DES-PRAIRIES,Arsenic,2022-01-20T00:00,0.000,µg/m³,PM2.5,ICPMS
50129,MONTRÉAL-RIVIÈRE-DES-PRAIRIES,Arsenic,2022-01-23T00:00,0.001,µg/m³,PM2.5,ICPMS
50129,MONTRÉAL-RIVIÈRE-DES-PRAIRIES,Arsenic,2022-01-23T00:00,0.001,µg/m³,PM2.5,ICPMS
50129,MONTRÉAL-RIVIÈRE-DES-PRAIRIES,Arsenic,2022-01-26T00:00,0.000,µg/m³,PM2.5,ICPMS
50129,MONTRÉAL-RIVIÈRE-DES-PRAIRIES,Arsenic,2022-01-26T00:00,0.000,µg/m³,PM2.5,ICPMS
50129,MONTRÉAL-RIVIÈRE-DES-PRAIRIES,Arsenic,2022-01-29T00:00,0.000,µg/m³,PM2.5,ICPMS
50129,MONTRÉAL-RIVIÈRE-DES-PRAIRIES,Arsenic,2022-01-29T00:00,0.000,µg/m³,PM2.5,ICPMS
50129,MONTRÉAL-RIVIÈRE-DES-PRAIRIES,Arsenic,2022-02-01T00:00,0.001,µg/m³,PM2.5,ICPMS
50129,MONTRÉAL-RIVIÈRE-DES-PRAIRIES,Arsenic,2022-02-01T00:00,0.001,µg/m³,PM2.5,ICPMS
50129,MONTRÉAL-RIVIÈRE-DES-PRAIRIES,Arsenic,2022-02-04T00:00,0.000,µg/m³,PM2.5,ICPMS
50129,MONTRÉAL-RIVIÈRE-DES-PRAIRIES,Arsenic,2022-02-04T00:00,0.000,µg/m³,PM2.5,ICPMS
50129,MONTRÉAL-RIVIÈRE-DES-PRAIRIES,Arsenic,2022-02-07T00:00,0.000,µg/m³,PM2.5,ICPMS
50129,MONTRÉAL-RIVIÈRE-DES-PRAIRIES,Arsenic,2022-02-07T00:00,0.001,µg/m³,PM2.5,ICPMS
50129,MONTRÉAL-RIVIÈRE-DES-PRAIRIES,Arsenic,2022-02-10T00:00,0.000,µg/m³,PM2.5,ICPMS
50129,MONTRÉAL-RIVIÈRE-DES-PRAIRIES,Arsenic,2022-02-10T00:00,0.000,µg/m³,PM2.5,ICPMS
50129,MONTRÉAL-RIVIÈRE-DES-PRAIRIES,Arsenic,2022-02-13T00:00,0.000,µg/m³,PM2.5,ICPMS
50129,MONTRÉAL-RIVIÈRE-DES-PRAIRIES,Arsenic,2022-02-13T00:00,0.000,µg/m³,PM2.5,ICPMS
50129,MONTRÉAL-RIVIÈRE-DES-PRAIRIES,Arsenic,2022-02-16T00:00,0.000,µg/m³,PM2.5,ICPMS
50129,MONTRÉAL-RIVIÈRE-DES-PRAIRIES,Arsenic,2022-02-16T00:00,0.001,µg/m³,PM2.5,ICPMS
50129,MONTRÉAL-RIVIÈRE-DES-PRAIRIES,Arsenic,2022-02-19T00:00,0.000,µg/m³,PM2.5,ICPMS
50129,MONTRÉAL-RIVIÈRE-DES-PRAIRIES,Arsenic,2022-02-22T00:00,0.001,µg/m³,PM2.5,ICPMS
50129,MONTRÉAL-RIVIÈRE-DES-PRAIRIES,Arsenic,2022-02-25T00:00,0.000,µg/m³,PM2.5,ICPMS
50129,MONTRÉAL-RIVIÈRE-DES-PRAIRIES,Arsenic,2022-02-25T00:00,0.000,µg/m³,PM2.5,ICPMS
50129,MONTRÉAL-RIVIÈRE-DES-PRAIRIES,Arsenic,2022-02-28T00:00,0.000,µg/m³,PM2.5,ICPMS
50129,MONTRÉAL-RIVIÈRE-DES-PRAIRIES,Arsenic,2022-03-03T00:00,0.000,µg/m³,PM2.5,ICPMS
50129,MONTRÉAL-RIVIÈRE-DES-PRAIRIES,Arsenic,2022-03-03T00:00,0.000,µg/m³,PM2.5,ICPMS
50129,MONTRÉAL-RIVIÈRE-DES-PRAIRIES,Arsenic,2022-03-06T00:00,0.000,µg/m³,PM2.5,ICPMS
50129,MONTRÉAL-RIVIÈRE-DES-PRAIRIES,Arsenic,2022-03-06T00:00,0.001,µg/m³,PM2.5,ICPMS
50129,MONTRÉAL-RIVIÈRE-DES-PRAIRIES,Arsenic,2022-03-09T00:00,0.000,µg/m³,PM2.5,ICPMS
50129,MONTRÉAL-RIVIÈRE-DES-PRAIRIES,Arsenic,2022-03-09T00:00,0.000,µg/m³,PM2.5,ICPMS
50129,MONTRÉAL-RIVIÈRE-DES-PRAIRIES,Arsenic,2022-03-12T00:00,0.000,µg/m³,PM2.5,ICPMS
50129,MONTRÉAL-RIVIÈRE-DES-PRAIRIES,Arsenic,2022-03-12T00:00,0.000,µg/m³,PM2.5,ICPMS
50129,MONTRÉAL-RIVIÈRE-DES-PRAIRIES,Arsenic,2022-03-15T00:00,0.000,µg/m³,PM2.5,ICPMS
50129,MONTRÉAL-RIVIÈRE-DES-PRAIRIES,Arsenic,2022-03-15T00:00,0.001,µg/m³,PM2.5,ICPMS
50129,MONTRÉAL-RIVIÈRE-DES-PRAIRIES,Arsenic,2022-03-18T00:00,0.001,µg/m³,PM2.5,ICPMS
50129,MONTRÉAL-RIVIÈRE-DES-PRAIRIES,Arsenic,2022-03-18T00:00,0.001,µg/m³,PM2.5,ICPMS
50129,MONTRÉAL-RIVIÈRE-DES-PRAIRIES,Arsenic,2022-03-21T00:00,0.000,µg/m³,PM2.5,ICPMS
50129,MONTRÉAL-RIVIÈRE-DES-PRAIRIES,Arsenic,2022-03-21T00:00,0.000,µg/m³,PM2.5,ICPMS
50129,MONTRÉAL-RIVIÈRE-DES-PRAIRIES,Arsenic,2022-03-24T00:00,0.000,µg/m³,PM2.5,ICPMS
50129,MONTRÉAL-RIVIÈRE-DES-PRAIRIES,Arsenic,2022-03-27T00:00,0.000,µg/m³,PM2.5,ICPMS
50129,MONTRÉAL-RIVIÈRE-DES-PRAIRIES,Arsenic,2022-03-27T00:00,0.000,µg/m³,PM2.5,ICPMS
50129,MONTRÉAL-RIVIÈRE-DES-PRAIRIES,Arsenic,2022-03-30T00:00,0.000,µg/m³,PM2.5,ICPMS
50129,MONTRÉAL-RIVIÈRE-DES-PRAIRIES,Arsenic,2022-03-30T00:00,0.000,µg/m³,PM2.5,ICPMS
50129,MONTRÉAL-RIVIÈRE-DES-PRAIRIES,Arsenic,2022-04-02T00:00,0.000,µg/m³,PM2.5,ICPMS
50129,MONTRÉAL-RIVIÈRE-DES-PRAIRIES,Arsenic,2022-04-02T00:00,0.000,µg/m³,PM2.5,ICPMS
50129,MONTRÉAL-RIVIÈRE-DES-PRAIRIES,Arsenic,2022-04-05T00:00,0.000,µg/m³,PM2.5,ICPMS
50129,MONTRÉAL-RIVIÈRE-DES-PRAIRIES,Arsenic,2022-04-05T00:00,0.001,µg/m³,PM2.5,ICPMS
50129,MONTRÉAL-RIVIÈRE-DES-PRAIRIES,Arsenic,2022-04-08T00:00,0.000,µg/m³,PM2.5,ICPMS
50129,MONTRÉAL-RIVIÈRE-DES-PRAIRIES,Arsenic,2022-04-08T00:00,0.000,µg/m³,PM2.5,ICPMS
50129,MONTRÉAL-RIVIÈRE-DES-PRAIRIES,Arsenic,2022-04-11T00:00,0.000,µg/m³,PM2.5,ICPMS
50129,MONTRÉAL-RIVIÈRE-DES-PRAIRIES,Arsenic,2022-04-11T00:00,0.000,µg/m³,PM2.5,ICPMS
50129,MONTRÉAL-RIVIÈRE-DES-PRAIRIES,Arsenic,2022-04-14T00:00,0.000,µg/m³,PM2.5,ICPMS
50129,MONTRÉAL-RIVIÈRE-DES-PRAIRIES,Arsenic,2022-04-14T00:00,0.000,µg/m³,PM2.5,ICPMS
50129,MONTRÉAL-RIVIÈRE-DES-PRAIRIES,Arsenic,2022-04-17T00:00,0.000,µg/m³,PM2.5,ICPMS
50129,MONTRÉAL-RIVIÈRE-DES-PRAIRIES,Arsenic,2022-04-17T00:00,0.000,µg/m³,PM2.5,ICPMS
50129,MONTRÉAL-RIVIÈRE-DES-PRAIRIES,Arsenic,2022-04-20T00:00,0.000,µg/m³,PM2.5,ICPMS
50129,MONTRÉAL-RIVIÈRE-DES-PRAIRIES,Arsenic,2022-04-20T00:00,0.000,µg/m³,PM2.5,ICPMS
50129,MONTRÉAL-RIVIÈRE-DES-PRAIRIES,Arsenic,2022-04-23T00:00,0.000,µg/m³,PM2.5,ICPMS
50129,MONTRÉAL-RIVIÈRE-DES-PRAIRIES,Arsenic,2022-04-23T00:00,0.001,µg/m³,PM2.5,ICPMS
50129,MONTRÉAL-RIVIÈRE-DES-PRAIRIES,Arsenic,2022-04-26T00:00,0.000,µg/m³,PM2.5,ICPMS
50129,MONTRÉAL-RIVIÈRE-DES-PRAIRIES,Arsenic,2022-04-26T00:00,0.000,µg/m³,PM2.5,ICPMS
50129,MONTRÉAL-RIVIÈRE-DES-PRAIRIES,Arsenic,2022-04-29T00:00,0.000,µg/m³,PM2.5,ICPMS
50129,MONTRÉAL-RIVIÈRE-DES-PRAIRIES,Arsenic,2022-04-29T00:00,0.000,µg/m³,PM2.5,ICPMS
50129,MONTRÉAL-RIVIÈRE-DES-PRAIRIES,Arsenic,2022-05-02T00:00,0.000,µg/m³,PM2.5,ICPMS
50129,MONTRÉAL-RIVIÈRE-DES-PRAIRIES,Arsenic,2022-05-02T00:00,0.000,µg/m³,PM2.5,ICPMS
50129,MONTRÉAL-RIVIÈRE-DES-PRAIRIES,Arsenic,2022-05-05T00:00,0.000,µg/m³,PM2.5,ICPMS
50129,MONTRÉAL-RIVIÈRE-DES-PRAIRIES,Arsenic,2022-05-05T00:00,0.000,µg/m³,PM2.5,ICPMS
50129,MONTRÉAL-RIVIÈRE-DES-PRAIRIES,Arsenic,2022-05-08T00:00,0.000,µg/m³,PM2.5,ICPMS
50129,MONTRÉAL-RIVIÈRE-DES-PRAIRIES,Arsenic,2022-05-08T00:00,0.001,µg/m³,PM2.5,ICPMS
50129,MONTRÉAL-RIVIÈRE-DES-PRAIRIES,Arsenic,2022-05-11T00:00,0.000,µg/m³,PM2.5,ICPMS
50129,MONTRÉAL-RIVIÈRE-DES-PRAIRIES,Arsenic,2022-05-11T00:00,0.001,µg/m³,PM2.5,ICPMS
50129,MONTRÉAL-RIVIÈRE-DES-PRAIRIES,Arsenic,2022-05-14T00:00,0.000,µg/m³,PM2.5,ICPMS
50129,MONTRÉAL-RIVIÈRE-DES-PRAIRIES,Arsenic,2022-05-14T00:00,0.001,µg/m³,PM2.5,ICPMS
50129,MONTRÉAL-RIVIÈRE-DES-PRAIRIES,Arsenic,2022-05-17T00:00,0.000,µg/m³,PM2.5,ICPMS
50129,MONTRÉAL-RIVIÈRE-DES-PRAIRIES,Arsenic,2022-05-17T00:00,0.000,µg/m³,PM2.5,ICPMS
50129,MONTRÉAL-RIVIÈRE-DES-PRAIRIES,Arsenic,2022-05-20T00:00,0.000,µg/m³,PM2.5,ICPMS
50129,MONTRÉAL-RIVIÈRE-DES-PRAIRIES,Arsenic,2022-05-20T00:00,0.001,µg/m³,PM2.5,ICPMS
50129,MONTRÉAL-RIVIÈRE-DES-PRAIRIES,Arsenic,2022-05-23T00:00,0.000,µg/m³,PM2.5,ICPMS
50129,MONTRÉAL-RIVIÈRE-DES-PRAIRIES,Arsenic,2022-05-23T00:00,0.001,µg/m³,PM2.5,ICPMS
50129,MONTRÉAL-RIVIÈRE-DES-PRAIRIES,Arsenic,2022-05-26T00:00,0.000,µg/m³,PM2.5,ICPMS
50129,MONTRÉAL-RIVIÈRE-DES-PRAIRIES,Arsenic,2022-05-26T00:00,0.001,µg/m³,PM2.5,ICPMS
50129,MONTRÉAL-RIVIÈRE-DES-PRAIRIES,Arsenic,2022-05-29T00:00,0.000,µg/m³,PM2.5,ICPMS
50129,MONTRÉAL-RIVIÈRE-DES-PRAIRIES,Arsenic,2022-05-29T00:00,0.001,µg/m³,PM2.5,ICPMS
50129,MONTRÉAL-RIVIÈRE-DES-PRAIRIES,Arsenic,2022-06-01T00:00,0.000,µg/m³,PM2.5,ICPMS
50129,MONTRÉAL-RIVIÈRE-DES-PRAIRIES,Arsenic,2022-06-01T00:00,0.000,µg/m³,PM2.5,ICPMS
50129,MONTRÉAL-RIVIÈRE-DES-PRAIRIES,Arsenic,2022-06-04T00:00,0.000,µg/m³,PM2.5,ICPMS
50129,MONTRÉAL-RIVIÈRE-DES-PRAIRIES,Arsenic,2022-06-04T00:00,0.000,µg/m³,PM2.5,ICPMS
50129,MONTRÉAL-RIVIÈRE-DES-PRAIRIES,Arsenic,2022-06-07T00:00,0.000,µg/m³,PM2.5,ICPMS
50129,MONTRÉAL-RIVIÈRE-DES-PRAIRIES,Arsenic,2022-06-07T00:00,0.000,µg/m³,PM2.5,ICPMS
50129,MONTRÉAL-RIVIÈRE-DES-PRAIRIES,Arsenic,2022-06-10T00:00,0.000,µg/m³,PM2.5,ICPMS
50129,MONTRÉAL-RIVIÈRE-DES-PRAIRIES,Arsenic,2022-06-10T00:00,0.000,µg/m³,PM2.5,ICPMS
50129,MONTRÉAL-RIVIÈRE-DES-PRAIRIES,Arsenic,2022-06-13T00:00,0.000,µg/m³,PM2.5,ICPMS
50129,MONTRÉAL-RIVIÈRE-DES-PRAIRIES,Arsenic,2022-06-13T00:00,0.001,µg/m³,PM2.5,ICPMS
50129,MONTRÉAL-RIVIÈRE-DES-PRAIRIES,Arsenic,2022-06-16T00:00,0.000,µg/m³,PM2.5,ICPMS
50129,MONTRÉAL-RIVIÈRE-DES-PRAIRIES,Arsenic,2022-06-16T00:00,0.000,µg/m³,PM2.5,ICPMS
50129,MONTRÉAL-RIVIÈRE-DES-PRAIRIES,Arsenic,2022-06-19T00:00,0.000,µg/m³,PM2.5,ICPMS
50129,MONTRÉAL-RIVIÈRE-DES-PRAIRIES,Arsenic,2022-06-19T00:00,0.000,µg/m³,PM2.5,ICPMS
50129,MONTRÉAL-RIVIÈRE-DES-PRAIRIES,Arsenic,2022-06-22T00:00,0.000,µg/m³,PM2.5,ICPMS
50129,MONTRÉAL-RIVIÈRE-DES-PRAIRIES,Arsenic,2022-06-22T00:00,0.001,µg/m³,PM2.5,ICPMS
50129,MONTRÉAL-RIVIÈRE-DES-PRAIRIES,Arsenic,2022-06-25T00:00,0.001,µg/m³,PM2.5,ICPMS
50129,MONTRÉAL-RIVIÈRE-DES-PRAIRIES,Arsenic,2022-06-25T00:00,0.001,µg/m³,PM2.5,ICPMS
50129,MONTRÉAL-RIVIÈRE-DES-PRAIRIES,Arsenic,2022-06-28T00:00,0.000,µg/m³,PM2.5,ICPMS
50129,MONTRÉAL-RIVIÈRE-DES-PRAIRIES,Arsenic,2022-06-28T00:00,0.000,µg/m³,PM2.5,ICPMS
50129,MONTRÉAL-RIVIÈRE-DES-PRAIRIES,Arsenic,2022-07-01T00:00,0.001,µg/m³,PM2.5,ICPMS
50129,MONTRÉAL-RIVIÈRE-DES-PRAIRIES,Arsenic,2022-07-01T00:00,0.001,µg/m³,PM2.5,ICPMS
50129,MONTRÉAL-RIVIÈRE-DES-PRAIRIES,Arsenic,2022-07-04T00:00,0.000,µg/m³,PM2.5,ICPMS
50129,MONTRÉAL-RIVIÈRE-DES-PRAIRIES,Arsenic,2022-07-04T00:00,0.001,µg/m³,PM2.5,ICPMS
50129,MONTRÉAL-RIVIÈRE-DES-PRAIRIES,Arsenic,2022-07-10T00:00,0.001,µg/m³,PM2.5,ICPMS
50129,MONTRÉAL-RIVIÈRE-DES-PRAIRIES,Arsenic,2022-07-10T00:00,0.002,µg/m³,PM2.5,ICPMS
50129,MONTRÉAL-RIVIÈRE-DES-PRAIRIES,Arsenic,2022-07-13T00:00,0.000,µg/m³,PM2.5,ICPMS
50129,MONTRÉAL-RIVIÈRE-DES-PRAIRIES,Arsenic,2022-07-13T00:00,0.001,µg/m³,PM2.5,ICPMS
50129,MONTRÉAL-RIVIÈRE-DES-PRAIRIES,Arsenic,2022-07-16T00:00,0.000,µg/m³,PM2.5,ICPMS
50129,MONTRÉAL-RIVIÈRE-DES-PRAIRIES,Arsenic,2022-07-16T00:00,0.001,µg/m³,PM2.5,ICPMS
50129,MONTRÉAL-RIVIÈRE-DES-PRAIRIES,Arsenic,2022-07-19T00:00,0.000,µg/m³,PM2.5,ICPMS
50129,MONTRÉAL-RIVIÈRE-DES-PRAIRIES,Arsenic,2022-07-19T00:00,0.000,µg/m³,PM2.5,ICPMS
50129,MONTRÉAL-RIVIÈRE-DES-PRAIRIES,Arsenic,2022-07-22T00:00,0.000,µg/m³,PM2.5,ICPMS
50129,MONTRÉAL-RIVIÈRE-DES-PRAIRIES,Arsenic,2022-07-22T00:00,0.000,µg/m³,PM2.5,ICPMS
50129,MONTRÉAL-RIVIÈRE-DES-PRAIRIES,Arsenic,2022-07-25T00:00,0.000,µg/m³,PM2.5,ICPMS
50129,MONTRÉAL-RIVIÈRE-DES-PRAIRIES,Arsenic,2022-07-25T00:00,0.001,µg/m³,PM2.5,ICPMS
50129,MONTRÉAL-RIVIÈRE-DES-PRAIRIES,Arsenic,2022-07-28T00:00,0.001,µg/m³,PM2.5,ICPMS
50129,MONTRÉAL-RIVIÈRE-DES-PRAIRIES,Arsenic,2022-07-28T00:00,0.001,µg/m³,PM2.5,ICPMS
50129,MONTRÉAL-RIVIÈRE-DES-PRAIRIES,Arsenic,2022-07-31T00:00,0.001,µg/m³,PM2.5,ICPMS
50129,MONTRÉAL-RIVIÈRE-DES-PRAIRIES,Arsenic,2022-07-31T00:00,0.001,µg/m³,PM2.5,ICPMS
50129,MONTRÉAL-RIVIÈRE-DES-PRAIRIES,Arsenic,2022-08-03T00:00,0.001,µg/m³,PM2.5,ICPMS
50129,MONTRÉAL-RIVIÈRE-DES-PRAIRIES,Arsenic,2022-08-06T00:00,0.000,µg/m³,PM2.5,ICPMS
50129,MONTRÉAL-RIVIÈRE-DES-PRAIRIES,Arsenic,2022-08-09T00:00,0.001,µg/m³,PM2.5,ICPMS
50129,MONTRÉAL-RIVIÈRE-DES-PRAIRIES,Arsenic,2022-08-12T00:00,0.001,µg/m³,PM2.5,ICPMS
50129,MONTRÉAL-RIVIÈRE-DES-PRAIRIES,Arsenic,2022-08-15T00:00,0.000,µg/m³,PM2.5,ICPMS
50129,MONTRÉAL-RIVIÈRE-DES-PRAIRIES,Arsenic,2022-08-21T00:00,0.001,µg/m³,PM2.5,ICPMS
50129,MONTRÉAL-RIVIÈRE-DES-PRAIRIES,Arsenic,2022-08-24T00:00,0.000,µg/m³,PM2.5,ICPMS
50129,MONTRÉAL-RIVIÈRE-DES-PRAIRIES,Arsenic,2022-08-27T00:00,0.000,µg/m³,PM2.5,ICPMS
50129,MONTRÉAL-RIVIÈRE-DES-PRAIRIES,Arsenic,2022-08-27T00:00,0.000,µg/m³,PM2.5,ICPMS
50129,MONTRÉAL-RIVIÈRE-DES-PRAIRIES,Arsenic,2022-08-30T00:00,0.000,µg/m³,PM2.5,ICPMS
50129,MONTRÉAL-RIVIÈRE-DES-PRAIRIES,Arsenic,2022-08-30T00:00,0.000,µg/m³,PM2.5,ICPMS
50129,MONTRÉAL-RIVIÈRE-DES-PRAIRIES,Arsenic,2022-09-02T00:00,0.000,µg/m³,PM2.5,ICPMS
50129,MONTRÉAL-RIVIÈRE-DES-PRAIRIES,Arsenic,2022-09-02T00:00,0.000,µg/m³,PM2.5,ICPMS
50129,MONTRÉAL-RIVIÈRE-DES-PRAIRIES,Arsenic,2022-09-05T00:00,0.000,µg/m³,PM2.5,ICPMS
50129,MONTRÉAL-RIVIÈRE-DES-PRAIRIES,Arsenic,2022-09-05T00:00,0.000,µg/m³,PM2.5,ICPMS
50129,MONTRÉAL-RIVIÈRE-DES-PRAIRIES,Arsenic,2022-09-08T00:00,0.001,µg/m³,PM2.5,ICPMS
50129,MONTRÉAL-RIVIÈRE-DES-PRAIRIES,Arsenic,2022-09-08T00:00,0.001,µg/m³,PM2.5,ICPMS
50129,MONTRÉAL-RIVIÈRE-DES-PRAIRIES,Arsenic,2022-09-11T00:00,0.002,µg/m³,PM2.5,ICPMS
50129,MONTRÉAL-RIVIÈRE-DES-PRAIRIES,Arsenic,2022-09-11T00:00,0.003,µg/m³,PM2.5,ICPMS
50129,MONTRÉAL-RIVIÈRE-DES-PRAIRIES,Arsenic,2022-09-14T00:00,0.000,µg/m³,PM2.5,ICPMS
50129,MONTRÉAL-RIVIÈRE-DES-PRAIRIES,Arsenic,2022-09-14T00:00,0.000,µg/m³,PM2.5,ICPMS
50129,MONTRÉAL-RIVIÈRE-DES-PRAIRIES,Arsenic,2022-09-17T00:00,0.001,µg/m³,PM2.5,ICPMS
50129,MONTRÉAL-RIVIÈRE-DES-PRAIRIES,Arsenic,2022-09-17T00:00,0.002,µg/m³,PM2.5,ICPMS
50129,MONTRÉAL-RIVIÈRE-DES-PRAIRIES,Arsenic,2022-09-20T00:00,0.000,µg/m³,PM2.5,ICPMS
50129,MONTRÉAL-RIVIÈRE-DES-PRAIRIES,Arsenic,2022-09-20T00:00,0.000,µg/m³,PM2.5,ICPMS
50129,MONTRÉAL-RIVIÈRE-DES-PRAIRIES,Arsenic,2022-09-23T00:00,0.000,µg/m³,PM2.5,ICPMS
50129,MONTRÉAL-RIVIÈRE-DES-PRAIRIES,Arsenic,2022-09-23T00:00,0.000,µg/m³,PM2.5,ICPMS
50129,MONTRÉAL-RIVIÈRE-DES-PRAIRIES,Arsenic,2022-09-26T00:00,0.001,µg/m³,PM2.5,ICPMS
50129,MONTRÉAL-RIVIÈRE-DES-PRAIRIES,Arsenic,2022-09-26T00:00,0.001,µg/m³,PM2.5,ICPMS
50129,MONTRÉAL-RIVIÈRE-DES-PRAIRIES,Arsenic,2022-09-29T00:00,0.000,µg/m³,PM2.5,ICPMS
50129,MONTRÉAL-RIVIÈRE-DES-PRAIRIES,Arsenic,2022-09-29T00:00,0.000,µg/m³,PM2.5,ICPMS
50129,MONTRÉAL-RIVIÈRE-DES-PRAIRIES,Arsenic,2022-10-02T00:00,0.000,µg/m³,PM2.5,ICPMS
50129,MONTRÉAL-RIVIÈRE-DES-PRAIRIES,Arsenic,2022-10-05T00:00,0.001,µg/m³,PM2.5,ICPMS
50129,MONTRÉAL-RIVIÈRE-DES-PRAIRIES,Arsenic,2022-10-05T00:00,0.004,µg/m³,PM2.5,ICPMS
50129,MONTRÉAL-RIVIÈRE-DES-PRAIRIES,Arsenic,2022-10-08T00:00,0.000,µg/m³,PM2.5,ICPMS
50129,MONTRÉAL-RIVIÈRE-DES-PRAIRIES,Arsenic,2022-10-08T00:00,0.000,µg/m³,PM2.5,ICPMS
50129,MONTRÉAL-RIVIÈRE-DES-PRAIRIES,Arsenic,2022-10-11T00:00,0.001,µg/m³,PM2.5,ICPMS
50129,MONTRÉAL-RIVIÈRE-DES-PRAIRIES,Arsenic,2022-10-14T00:00,0.000,µg/m³,PM2.5,ICPMS
50129,MONTRÉAL-RIVIÈRE-DES-PRAIRIES,Arsenic,2022-10-17T00:00,0.001,µg/m³,PM2.5,ICPMS
50129,MONTRÉAL-RIVIÈRE-DES-PRAIRIES,Arsenic,2022-10-20T00:00,0.000,µg/m³,PM2.5,ICPMS
50129,MONTRÉAL-RIVIÈRE-DES-PRAIRIES,Arsenic,2022-10-20T00:00,0.000,µg/m³,PM2.5,ICPMS
50129,MONTRÉAL-RIVIÈRE-DES-PRAIRIES,Arsenic,2022-10-23T00:00,0.001,µg/m³,PM2.5,ICPMS
50129,MONTRÉAL-RIVIÈRE-DES-PRAIRIES,Arsenic,2022-10-23T00:00,0.002,µg/m³,PM2.5,ICPMS
50129,MONTRÉAL-RIVIÈRE-DES-PRAIRIES,Arsenic,2022-10-26T00:00,0.000,µg/m³,PM2.5,ICPMS
50129,MONTRÉAL-RIVIÈRE-DES-PRAIRIES,Arsenic,2022-10-26T00:00,0.000,µg/m³,PM2.5,ICPMS
50129,MONTRÉAL-RIVIÈRE-DES-PRAIRIES,Arsenic,2022-10-29T00:00,0.002,µg/m³,PM2.5,ICPMS
50129,MONTRÉAL-RIVIÈRE-DES-PRAIRIES,Arsenic,2022-10-29T00:00,0.002,µg/m³,PM2.5,ICPMS
50129,MONTRÉAL-RIVIÈRE-DES-PRAIRIES,Arsenic,2022-11-01T00:00,0.001,µg/m³,PM2.5,ICPMS
50129,MONTRÉAL-RIVIÈRE-DES-PRAIRIES,Arsenic,2022-11-02T00:00,0.002,µg/m³,PM2.5,ICPMS
50129,MONTRÉAL-RIVIÈRE-DES-PRAIRIES,Arsenic,2022-11-04T00:00,0.002,µg/m³,PM2.5,ICPMS
50129,MONTRÉAL-RIVIÈRE-DES-PRAIRIES,Arsenic,2022-11-07T00:00,0.000,µg/m³,PM2.5,ICPMS
50129,MONTRÉAL-RIVIÈRE-DES-PRAIRIES,Arsenic,2022-11-07T00:00,0.000,µg/m³,PM2.5,ICPMS
50129,MONTRÉAL-RIVIÈRE-DES-PRAIRIES,Arsenic,2022-11-10T00:00,0.000,µg/m³,PM2.5,ICPMS
50129,MONTRÉAL-RIVIÈRE-DES-PRAIRIES,Arsenic,2022-11-10T00:00,0.001,µg/m³,PM2.5,ICPMS
50129,MONTRÉAL-RIVIÈRE-DES-PRAIRIES,Arsenic,2022-11-13T00:00,0.000,µg/m³,PM2.5,ICPMS
50129,MONTRÉAL-RIVIÈRE-DES-PRAIRIES,Arsenic,2022-11-13T00:00,0.000,µg/m³,PM2.5,ICPMS
50129,MONTRÉAL-RIVIÈRE-DES-PRAIRIES,Arsenic,2022-11-16T00:00,0.000,µg/m³,PM2.5,ICPMS
50129,MONTRÉAL-RIVIÈRE-DES-PRAIRIES,Arsenic,2022-11-16T00:00,0.000,µg/m³,PM2.5,ICPMS
50129,MONTRÉAL-RIVIÈRE-DES-PRAIRIES,Arsenic,2022-11-19T00:00,0.000,µg/m³,PM2.5,ICPMS
50129,MONTRÉAL-RIVIÈRE-DES-PRAIRIES,Arsenic,2022-11-19T00:00,0.000,µg/m³,PM2.5,ICPMS
50129,MONTRÉAL-RIVIÈRE-DES-PRAIRIES,Arsenic,2022-11-22T00:00,0.000,µg/m³,PM2.5,ICPMS
50129,MONTRÉAL-RIVIÈRE-DES-PRAIRIES,Arsenic,2022-11-22T00:00,0.000,µg/m³,PM2.5,ICPMS
50129,MONTRÉAL-RIVIÈRE-DES-PRAIRIES,Arsenic,2022-11-25T00:00,0.001,µg/m³,PM2.5,ICPMS
50129,MONTRÉAL-RIVIÈRE-DES-PRAIRIES,Arsenic,2022-11-25T00:00,0.001,µg/m³,PM2.5,ICPMS
50129,MONTRÉAL-RIVIÈRE-DES-PRAIRIES,Arsenic,2022-11-28T00:00,0.000,µg/m³,PM2.5,ICPMS
50129,MONTRÉAL-RIVIÈRE-DES-PRAIRIES,Arsenic,2022-11-28T00:00,0.000,µg/m³,PM2.5,ICPMS
50129,MONTRÉAL-RIVIÈRE-DES-PRAIRIES,Arsenic,2022-12-01T00:00,0.000,µg/m³,PM2.5,ICPMS
50129,MONTRÉAL-RIVIÈRE-DES-PRAIRIES,Arsenic,2022-12-01T00:00,0.000,µg/m³,PM2.5,ICPMS
50129,MONTRÉAL-RIVIÈRE-DES-PRAIRIES,Arsenic,2022-12-04T00:00,0.000,µg/m³,PM2.5,ICPMS
50129,MONTRÉAL-RIVIÈRE-DES-PRAIRIES,Arsenic,2022-12-04T00:00,0.000,µg/m³,PM2.5,ICPMS
50129,MONTRÉAL-RIVIÈRE-DES-PRAIRIES,Arsenic,2022-12-07T00:00,0.000,µg/m³,PM2.5,ICPMS
50129,MONTRÉAL-RIVIÈRE-DES-PRAIRIES,Arsenic,2022-12-07T00:00,0.000,µg/m³,PM2.5,ICPMS
50129,MONTRÉAL-RIVIÈRE-DES-PRAIRIES,Arsenic,2022-12-10T00:00,0.000,µg/m³,PM2.5,ICPMS
50129,MONTRÉAL-RIVIÈRE-DES-PRAIRIES,Arsenic,2022-12-10T00:00,0.000,µg/m³,PM2.5,ICPMS
50129,MONTRÉAL-RIVIÈRE-DES-PRAIRIES,Arsenic,2022-12-13T00:00,0.000,µg/m³,PM2.5,ICPMS
50129,MONTRÉAL-RIVIÈRE-DES-PRAIRIES,Arsenic,2022-12-13T00:00,0.000,µg/m³,PM2.5,ICPMS
50129,MONTRÉAL-RIVIÈRE-DES-PRAIRIES,Arsenic,2022-12-16T00:00,0.000,µg/m³,PM2.5,ICPMS
50129,MONTRÉAL-RIVIÈRE-DES-PRAIRIES,Arsenic,2022-12-16T00:00,0.000,µg/m³,PM2.5,ICPMS
50129,MONTRÉAL-RIVIÈRE-DES-PRAIRIES,Arsenic,2022-12-19T00:00,0.000,µg/m³,PM2.5,ICPMS
50129,MONTRÉAL-RIVIÈRE-DES-PRAIRIES,Arsenic,2022-12-19T00:00,0.000,µg/m³,PM2.5,ICPMS
50129,MONTRÉAL-RIVIÈRE-DES-PRAIRIES,Arsenic,2022-12-22T00:00,0.001,µg/m³,PM2.5,ICPMS
50129,MONTRÉAL-RIVIÈRE-DES-PRAIRIES,Arsenic,2022-12-25T00:00,0.000,µg/m³,PM2.5,ICPMS
50129,MONTRÉAL-RIVIÈRE-DES-PRAIRIES,Arsenic,2022-12-28T00:00,0.001,µg/m³,PM2.5,ICPMS
50129,MONTRÉAL-RIVIÈRE-DES-PRAIRIES,Arsenic,2022-12-31T00:00,0.002,µg/m³,PM2.5,ICPMS
