﻿NAPS_Site_ID,Station_Name,Pollutant,Date,Value,Units,Report_Type,Method
61004,CENTENNIAL PARK _SARNIA_,"1,3,5-Trimethylbenzene",2008-01-01T00:00,0.015,µg/m³,VOC,N/A
61004,CENTENNIAL PARK _SARNIA_,"1,3,5-Trimethylbenzene",2008-01-07T00:00,0.150,µg/m³,VOC,N/A
61004,CENTENNIAL PARK _SARNIA_,"1,3,5-Trimethylbenzene",2008-01-13T00:00,0.051,µg/m³,VOC,N/A
61004,CENTENNIAL PARK _SARNIA_,"1,3,5-Trimethylbenzene",2008-01-19T00:00,0.055,µg/m³,VOC,N/A
61004,CENTENNIAL PARK _SARNIA_,"1,3,5-Trimethylbenzene",2008-01-31T00:00,0.028,µg/m³,VOC,N/A
61004,CENTENNIAL PARK _SARNIA_,"1,3,5-Trimethylbenzene",2008-02-06T00:00,0.026,µg/m³,VOC,N/A
61004,CENTENNIAL PARK _SARNIA_,"1,3,5-Trimethylbenzene",2008-02-12T00:00,0.074,µg/m³,VOC,N/A
61004,CENTENNIAL PARK _SARNIA_,"1,3,5-Trimethylbenzene",2008-02-18T00:00,0.026,µg/m³,VOC,N/A
61004,CENTENNIAL PARK _SARNIA_,"1,3,5-Trimethylbenzene",2008-02-24T00:00,0.048,µg/m³,VOC,N/A
61004,CENTENNIAL PARK _SARNIA_,"1,3,5-Trimethylbenzene",2008-03-01T00:00,0.032,µg/m³,VOC,N/A
61004,CENTENNIAL PARK _SARNIA_,"1,3,5-Trimethylbenzene",2008-03-07T00:00,0.009,µg/m³,VOC,N/A
61004,CENTENNIAL PARK _SARNIA_,"1,3,5-Trimethylbenzene",2008-03-13T00:00,0.118,µg/m³,VOC,N/A
61004,CENTENNIAL PARK _SARNIA_,"1,3,5-Trimethylbenzene",2008-03-19T00:00,0.033,µg/m³,VOC,N/A
61004,CENTENNIAL PARK _SARNIA_,"1,3,5-Trimethylbenzene",2008-03-22T00:00,0.011,µg/m³,VOC,N/A
61004,CENTENNIAL PARK _SARNIA_,"1,3,5-Trimethylbenzene",2008-03-25T00:00,0.039,µg/m³,VOC,N/A
61004,CENTENNIAL PARK _SARNIA_,"1,3,5-Trimethylbenzene",2008-03-31T00:00,0.055,µg/m³,VOC,N/A
61004,CENTENNIAL PARK _SARNIA_,"1,3,5-Trimethylbenzene",2008-04-06T00:00,0.063,µg/m³,VOC,N/A
