﻿NAPS_Site_ID,Station_Name,Pollutant,Date,Value,Units,Report_Type,Method
101701,QUESNEL SENIOR SECONDARY,1-Decene,2009-01-01T00:00,0.000,µg/m³,VOC,
101701,QUESNEL SENIOR SECONDARY,1-Decene,2009-01-07T00:00,0.000,µg/m³,VOC,
101701,QUESNEL SENIOR SECONDARY,1-Decene,2009-01-10T00:00,0.000,µg/m³,VOC,
101701,QUESNEL SENIOR SECONDARY,1-Decene,2009-01-13T00:00,0.000,µg/m³,VOC,
101701,QUESNEL SENIOR SECONDARY,1-Decene,2009-01-16T00:00,0.000,µg/m³,VOC,
101701,QUESNEL SENIOR SECONDARY,1-Decene,2009-01-22T00:00,0.000,µg/m³,VOC,
101701,QUESNEL SENIOR SECONDARY,1-Decene,2009-01-28T00:00,0.000,µg/m³,VOC,
101701,QUESNEL SENIOR SECONDARY,1-Decene,2009-02-03T00:00,0.000,µg/m³,VOC,
101701,QUESNEL SENIOR SECONDARY,1-Decene,2009-02-06T00:00,0.000,µg/m³,VOC,
101701,QUESNEL SENIOR SECONDARY,1-Decene,2009-02-09T00:00,0.000,µg/m³,VOC,
101701,QUESNEL SENIOR SECONDARY,1-Decene,2009-02-12T00:00,0.000,µg/m³,VOC,
