﻿NAPS_Site_ID,Station_Name,Pollutant,Date,Value,Units,Report_Type,Method
60211,WINDSOR WEST,"1,1,1-Trichloroethane",2005-01-04T00:00,0.118,µg/m³,VOC,GC-MS
60211,WINDSOR WEST,"1,1,1-Trichloroethane",2005-01-10T00:00,0.116,µg/m³,VOC,GC-MS
60211,WINDSOR WEST,"1,1,1-Trichloroethane",2005-01-16T00:00,0.114,µg/m³,VOC,GC-MS
60211,WINDSOR WEST,"1,1,1-Trichloroethane",2005-01-22T00:00,0.121,µg/m³,VOC,GC-MS
60211,WINDSOR WEST,"1,1,1-Trichloroethane",2005-01-28T00:00,0.116,µg/m³,VOC,GC-MS
60211,WINDSOR WEST,"1,1,1-Trichloroethane",2005-02-03T00:00,0.141,µg/m³,VOC,GC-MS
60211,WINDSOR WEST,"1,1,1-Trichloroethane",2005-02-09T00:00,0.121,µg/m³,VOC,GC-MS
60211,WINDSOR WEST,"1,1,1-Trichloroethane",2005-02-21T00:00,0.125,µg/m³,VOC,GC-MS
60211,WINDSOR WEST,"1,1,1-Trichloroethane",2005-02-27T00:00,0.113,µg/m³,VOC,GC-MS
60211,WINDSOR WEST,"1,1,1-Trichloroethane",2005-03-05T00:00,0.122,µg/m³,VOC,GC-MS
60211,WINDSOR WEST,"1,1,1-Trichloroethane",2005-03-11T00:00,0.127,µg/m³,VOC,GC-MS
60211,WINDSOR WEST,"1,1,1-Trichloroethane",2005-03-17T00:00,0.126,µg/m³,VOC,GC-MS
60211,WINDSOR WEST,"1,1,1-Trichloroethane",2005-03-29T00:00,0.127,µg/m³,VOC,GC-MS
60211,WINDSOR WEST,"1,1,1-Trichloroethane",2005-10-25T00:00,0.089,µg/m³,VOC,GC-MS
60211,WINDSOR WEST,"1,1,1-Trichloroethane",2005-10-31T00:00,0.093,µg/m³,VOC,GC-MS
60211,WINDSOR WEST,"1,1,1-Trichloroethane",2005-11-06T00:00,0.089,µg/m³,VOC,GC-MS
60211,WINDSOR WEST,"1,1,1-Trichloroethane",2005-11-12T00:00,0.100,µg/m³,VOC,GC-MS
60211,WINDSOR WEST,"1,1,1-Trichloroethane",2005-11-18T00:00,0.094,µg/m³,VOC,GC-MS
60211,WINDSOR WEST,"1,1,1-Trichloroethane",2005-11-24T00:00,0.089,µg/m³,VOC,GC-MS
60211,WINDSOR WEST,"1,1,1-Trichloroethane",2005-11-30T00:00,0.087,µg/m³,VOC,GC-MS
60211,WINDSOR WEST,"1,1,1-Trichloroethane",2005-12-06T00:00,0.093,µg/m³,VOC,GC-MS
60211,WINDSOR WEST,"1,1,1-Trichloroethane",2005-12-12T00:00,0.095,µg/m³,VOC,GC-MS
60211,WINDSOR WEST,"1,1,1-Trichloroethane",2005-12-18T00:00,0.091,µg/m³,VOC,GC-MS
60211,WINDSOR WEST,"1,1,1-Trichloroethane",2005-12-24T00:00,0.094,µg/m³,VOC,GC-MS
60211,WINDSOR WEST,"1,1,1-Trichloroethane",2005-12-30T00:00,0.091,µg/m³,VOC,GC-MS
