﻿NAPS_Site_ID,Station_Name,Pollutant,Date,Value,Units,Report_Type,Method
40203,FOREST HILLS,A-Pinene,2021-01-04T00:00,0.044,µg/m³,VOC,GC-MS
40203,FOREST HILLS,A-Pinene,2021-03-05T00:00,0.000,µg/m³,VOC,GC-MS
40203,FOREST HILLS,A-Pinene,2021-03-11T00:00,0.653,µg/m³,VOC,GC-MS
40203,FOREST HILLS,A-Pinene,2021-03-29T00:00,0.072,µg/m³,VOC,GC-MS
40203,FOREST HILLS,A-Pinene,2021-04-04T00:00,0.336,µg/m³,VOC,GC-MS
40203,FOREST HILLS,A-Pinene,2021-04-10T00:00,0.260,µg/m³,VOC,GC-MS
40203,FOREST HILLS,A-Pinene,2021-04-16T00:00,0.010,µg/m³,VOC,GC-MS
40203,FOREST HILLS,A-Pinene,2021-04-22T00:00,0.377,µg/m³,VOC,GC-MS
40203,FOREST HILLS,A-Pinene,2021-05-10T00:00,2.395,µg/m³,VOC,GC-MS
40203,FOREST HILLS,A-Pinene,2021-05-16T00:00,2.554,µg/m³,VOC,GC-MS
40203,FOREST HILLS,A-Pinene,2021-06-03T00:00,1.275,µg/m³,VOC,GC-MS
40203,FOREST HILLS,A-Pinene,2021-06-09T00:00,1.625,µg/m³,VOC,GC-MS
40203,FOREST HILLS,A-Pinene,2021-07-09T00:00,1.208,µg/m³,VOC,GC-MS
40203,FOREST HILLS,A-Pinene,2021-07-15T00:00,4.375,µg/m³,VOC,GC-MS
40203,FOREST HILLS,A-Pinene,2021-07-21T00:00,3.181,µg/m³,VOC,GC-MS
40203,FOREST HILLS,A-Pinene,2021-07-27T00:00,2.906,µg/m³,VOC,GC-MS
40203,FOREST HILLS,A-Pinene,2021-08-02T00:00,1.107,µg/m³,VOC,GC-MS
40203,FOREST HILLS,A-Pinene,2021-08-08T00:00,1.610,µg/m³,VOC,GC-MS
40203,FOREST HILLS,A-Pinene,2021-08-20T00:00,5.078,µg/m³,VOC,GC-MS
40203,FOREST HILLS,A-Pinene,2021-09-07T00:00,1.405,µg/m³,VOC,GC-MS
40203,FOREST HILLS,A-Pinene,2021-09-13T00:00,1.064,µg/m³,VOC,GC-MS
40203,FOREST HILLS,A-Pinene,2021-09-19T00:00,0.440,µg/m³,VOC,GC-MS
40203,FOREST HILLS,A-Pinene,2021-09-25T00:00,1.365,µg/m³,VOC,GC-MS
40203,FOREST HILLS,A-Pinene,2021-10-01T00:00,0.524,µg/m³,VOC,GC-MS
40203,FOREST HILLS,A-Pinene,2021-10-07T00:00,2.205,µg/m³,VOC,GC-MS
40203,FOREST HILLS,A-Pinene,2021-10-13T00:00,4.456,µg/m³,VOC,GC-MS
40203,FOREST HILLS,A-Pinene,2021-10-19T00:00,4.456,µg/m³,VOC,GC-MS
40203,FOREST HILLS,A-Pinene,2021-10-25T00:00,4.456,µg/m³,VOC,GC-MS
40203,FOREST HILLS,A-Pinene,2021-10-31T00:00,0.366,µg/m³,VOC,GC-MS
40203,FOREST HILLS,A-Pinene,2021-11-06T00:00,0.112,µg/m³,VOC,GC-MS
40203,FOREST HILLS,A-Pinene,2021-11-12T00:00,0.271,µg/m³,VOC,GC-MS
40203,FOREST HILLS,A-Pinene,2021-11-18T00:00,0.348,µg/m³,VOC,GC-MS
40203,FOREST HILLS,A-Pinene,2021-12-27T00:00,0.008,µg/m³,VOC,GC-MS
