﻿NAPS_Site_ID,Station_Name,Pollutant,Date,Value,Units,Report_Type,Method
62601,EXPERIMENTAL FARM _SIMCOE_,1-Butene/Isobutene,2004-01-01T00:00,0.061,µg/m³,VOC,N/A
62601,EXPERIMENTAL FARM _SIMCOE_,1-Butene/Isobutene,2004-01-04T00:00,0.085,µg/m³,VOC,N/A
62601,EXPERIMENTAL FARM _SIMCOE_,1-Butene/Isobutene,2004-01-10T00:00,0.072,µg/m³,VOC,N/A
62601,EXPERIMENTAL FARM _SIMCOE_,1-Butene/Isobutene,2004-01-13T00:00,0.049,µg/m³,VOC,N/A
62601,EXPERIMENTAL FARM _SIMCOE_,1-Butene/Isobutene,2004-01-16T00:00,0.059,µg/m³,VOC,N/A
62601,EXPERIMENTAL FARM _SIMCOE_,1-Butene/Isobutene,2004-01-19T00:00,0.057,µg/m³,VOC,N/A
62601,EXPERIMENTAL FARM _SIMCOE_,1-Butene/Isobutene,2004-01-22T00:00,0.062,µg/m³,VOC,N/A
62601,EXPERIMENTAL FARM _SIMCOE_,1-Butene/Isobutene,2004-01-25T00:00,0.088,µg/m³,VOC,N/A
62601,EXPERIMENTAL FARM _SIMCOE_,1-Butene/Isobutene,2004-01-28T00:00,0.063,µg/m³,VOC,N/A
62601,EXPERIMENTAL FARM _SIMCOE_,1-Butene/Isobutene,2004-01-31T00:00,0.069,µg/m³,VOC,N/A
62601,EXPERIMENTAL FARM _SIMCOE_,1-Butene/Isobutene,2004-02-06T00:00,0.138,µg/m³,VOC,N/A
62601,EXPERIMENTAL FARM _SIMCOE_,1-Butene/Isobutene,2004-02-09T00:00,0.135,µg/m³,VOC,N/A
62601,EXPERIMENTAL FARM _SIMCOE_,1-Butene/Isobutene,2004-02-12T00:00,0.132,µg/m³,VOC,N/A
62601,EXPERIMENTAL FARM _SIMCOE_,1-Butene/Isobutene,2004-02-15T00:00,0.084,µg/m³,VOC,N/A
62601,EXPERIMENTAL FARM _SIMCOE_,1-Butene/Isobutene,2004-02-18T00:00,0.100,µg/m³,VOC,N/A
62601,EXPERIMENTAL FARM _SIMCOE_,1-Butene/Isobutene,2004-02-21T00:00,0.091,µg/m³,VOC,N/A
62601,EXPERIMENTAL FARM _SIMCOE_,1-Butene/Isobutene,2004-02-24T00:00,0.145,µg/m³,VOC,N/A
62601,EXPERIMENTAL FARM _SIMCOE_,1-Butene/Isobutene,2004-02-27T00:00,0.204,µg/m³,VOC,N/A
62601,EXPERIMENTAL FARM _SIMCOE_,1-Butene/Isobutene,2004-03-01T00:00,0.143,µg/m³,VOC,N/A
62601,EXPERIMENTAL FARM _SIMCOE_,1-Butene/Isobutene,2004-03-04T00:00,0.160,µg/m³,VOC,N/A
62601,EXPERIMENTAL FARM _SIMCOE_,1-Butene/Isobutene,2004-03-07T00:00,0.170,µg/m³,VOC,N/A
62601,EXPERIMENTAL FARM _SIMCOE_,1-Butene/Isobutene,2004-03-10T00:00,0.073,µg/m³,VOC,N/A
62601,EXPERIMENTAL FARM _SIMCOE_,1-Butene/Isobutene,2004-03-13T00:00,0.073,µg/m³,VOC,N/A
62601,EXPERIMENTAL FARM _SIMCOE_,1-Butene/Isobutene,2004-03-16T00:00,0.074,µg/m³,VOC,N/A
62601,EXPERIMENTAL FARM _SIMCOE_,1-Butene/Isobutene,2004-03-19T00:00,0.094,µg/m³,VOC,N/A
62601,EXPERIMENTAL FARM _SIMCOE_,1-Butene/Isobutene,2004-05-12T00:00,0.139,µg/m³,VOC,N/A
62601,EXPERIMENTAL FARM _SIMCOE_,1-Butene/Isobutene,2004-05-15T00:00,0.123,µg/m³,VOC,N/A
62601,EXPERIMENTAL FARM _SIMCOE_,1-Butene/Isobutene,2004-05-18T00:00,0.147,µg/m³,VOC,N/A
62601,EXPERIMENTAL FARM _SIMCOE_,1-Butene/Isobutene,2004-05-21T00:00,0.285,µg/m³,VOC,N/A
62601,EXPERIMENTAL FARM _SIMCOE_,1-Butene/Isobutene,2004-05-27T00:00,0.119,µg/m³,VOC,N/A
62601,EXPERIMENTAL FARM _SIMCOE_,1-Butene/Isobutene,2004-05-30T00:00,0.094,µg/m³,VOC,N/A
62601,EXPERIMENTAL FARM _SIMCOE_,1-Butene/Isobutene,2004-06-02T00:00,2.497,µg/m³,VOC,N/A
62601,EXPERIMENTAL FARM _SIMCOE_,1-Butene/Isobutene,2004-06-05T00:00,1.268,µg/m³,VOC,N/A
62601,EXPERIMENTAL FARM _SIMCOE_,1-Butene/Isobutene,2004-06-08T00:00,1.586,µg/m³,VOC,N/A
62601,EXPERIMENTAL FARM _SIMCOE_,1-Butene/Isobutene,2004-06-14T00:00,0.540,µg/m³,VOC,N/A
62601,EXPERIMENTAL FARM _SIMCOE_,1-Butene/Isobutene,2004-06-17T00:00,0.696,µg/m³,VOC,N/A
62601,EXPERIMENTAL FARM _SIMCOE_,1-Butene/Isobutene,2004-06-20T00:00,0.894,µg/m³,VOC,N/A
62601,EXPERIMENTAL FARM _SIMCOE_,1-Butene/Isobutene,2004-06-23T00:00,0.382,µg/m³,VOC,N/A
62601,EXPERIMENTAL FARM _SIMCOE_,1-Butene/Isobutene,2004-06-26T00:00,0.465,µg/m³,VOC,N/A
62601,EXPERIMENTAL FARM _SIMCOE_,1-Butene/Isobutene,2004-06-29T00:00,0.704,µg/m³,VOC,N/A
62601,EXPERIMENTAL FARM _SIMCOE_,1-Butene/Isobutene,2004-07-02T00:00,0.566,µg/m³,VOC,N/A
62601,EXPERIMENTAL FARM _SIMCOE_,1-Butene/Isobutene,2004-07-05T00:00,0.620,µg/m³,VOC,N/A
62601,EXPERIMENTAL FARM _SIMCOE_,1-Butene/Isobutene,2004-07-08T00:00,0.582,µg/m³,VOC,N/A
62601,EXPERIMENTAL FARM _SIMCOE_,1-Butene/Isobutene,2004-07-11T00:00,0.475,µg/m³,VOC,N/A
62601,EXPERIMENTAL FARM _SIMCOE_,1-Butene/Isobutene,2004-07-14T00:00,0.648,µg/m³,VOC,N/A
62601,EXPERIMENTAL FARM _SIMCOE_,1-Butene/Isobutene,2004-07-20T00:00,0.340,µg/m³,VOC,N/A
62601,EXPERIMENTAL FARM _SIMCOE_,1-Butene/Isobutene,2004-07-23T00:00,0.601,µg/m³,VOC,N/A
62601,EXPERIMENTAL FARM _SIMCOE_,1-Butene/Isobutene,2004-07-26T00:00,0.656,µg/m³,VOC,N/A
62601,EXPERIMENTAL FARM _SIMCOE_,1-Butene/Isobutene,2004-07-29T00:00,0.530,µg/m³,VOC,N/A
62601,EXPERIMENTAL FARM _SIMCOE_,1-Butene/Isobutene,2004-08-01T00:00,0.643,µg/m³,VOC,N/A
62601,EXPERIMENTAL FARM _SIMCOE_,1-Butene/Isobutene,2004-08-04T00:00,0.461,µg/m³,VOC,N/A
62601,EXPERIMENTAL FARM _SIMCOE_,1-Butene/Isobutene,2004-08-07T00:00,0.673,µg/m³,VOC,N/A
62601,EXPERIMENTAL FARM _SIMCOE_,1-Butene/Isobutene,2004-08-10T00:00,0.461,µg/m³,VOC,N/A
62601,EXPERIMENTAL FARM _SIMCOE_,1-Butene/Isobutene,2004-08-13T00:00,0.707,µg/m³,VOC,N/A
62601,EXPERIMENTAL FARM _SIMCOE_,1-Butene/Isobutene,2004-08-16T00:00,0.363,µg/m³,VOC,N/A
62601,EXPERIMENTAL FARM _SIMCOE_,1-Butene/Isobutene,2004-08-22T00:00,0.469,µg/m³,VOC,N/A
62601,EXPERIMENTAL FARM _SIMCOE_,1-Butene/Isobutene,2004-08-25T00:00,0.814,µg/m³,VOC,N/A
62601,EXPERIMENTAL FARM _SIMCOE_,1-Butene/Isobutene,2004-08-28T00:00,0.393,µg/m³,VOC,N/A
62601,EXPERIMENTAL FARM _SIMCOE_,1-Butene/Isobutene,2004-08-31T00:00,0.425,µg/m³,VOC,N/A
62601,EXPERIMENTAL FARM _SIMCOE_,1-Butene/Isobutene,2004-09-03T00:00,0.357,µg/m³,VOC,N/A
62601,EXPERIMENTAL FARM _SIMCOE_,1-Butene/Isobutene,2004-09-06T00:00,0.395,µg/m³,VOC,N/A
62601,EXPERIMENTAL FARM _SIMCOE_,1-Butene/Isobutene,2004-09-09T00:00,0.321,µg/m³,VOC,N/A
62601,EXPERIMENTAL FARM _SIMCOE_,1-Butene/Isobutene,2004-09-12T00:00,0.352,µg/m³,VOC,N/A
62601,EXPERIMENTAL FARM _SIMCOE_,1-Butene/Isobutene,2004-09-15T00:00,0.209,µg/m³,VOC,N/A
62601,EXPERIMENTAL FARM _SIMCOE_,1-Butene/Isobutene,2004-09-18T00:00,0.792,µg/m³,VOC,N/A
62601,EXPERIMENTAL FARM _SIMCOE_,1-Butene/Isobutene,2004-09-21T00:00,0.729,µg/m³,VOC,N/A
62601,EXPERIMENTAL FARM _SIMCOE_,1-Butene/Isobutene,2004-09-27T00:00,1.019,µg/m³,VOC,N/A
62601,EXPERIMENTAL FARM _SIMCOE_,1-Butene/Isobutene,2004-09-30T00:00,0.393,µg/m³,VOC,N/A
62601,EXPERIMENTAL FARM _SIMCOE_,1-Butene/Isobutene,2004-10-03T00:00,0.302,µg/m³,VOC,N/A
62601,EXPERIMENTAL FARM _SIMCOE_,1-Butene/Isobutene,2004-10-06T00:00,0.177,µg/m³,VOC,N/A
62601,EXPERIMENTAL FARM _SIMCOE_,1-Butene/Isobutene,2004-10-09T00:00,0.901,µg/m³,VOC,N/A
62601,EXPERIMENTAL FARM _SIMCOE_,1-Butene/Isobutene,2004-10-12T00:00,0.556,µg/m³,VOC,N/A
62601,EXPERIMENTAL FARM _SIMCOE_,1-Butene/Isobutene,2004-10-15T00:00,0.313,µg/m³,VOC,N/A
62601,EXPERIMENTAL FARM _SIMCOE_,1-Butene/Isobutene,2004-10-18T00:00,0.277,µg/m³,VOC,N/A
62601,EXPERIMENTAL FARM _SIMCOE_,1-Butene/Isobutene,2004-10-21T00:00,0.362,µg/m³,VOC,N/A
62601,EXPERIMENTAL FARM _SIMCOE_,1-Butene/Isobutene,2004-10-24T00:00,0.210,µg/m³,VOC,N/A
62601,EXPERIMENTAL FARM _SIMCOE_,1-Butene/Isobutene,2004-10-27T00:00,0.298,µg/m³,VOC,N/A
62601,EXPERIMENTAL FARM _SIMCOE_,1-Butene/Isobutene,2004-10-30T00:00,0.776,µg/m³,VOC,N/A
62601,EXPERIMENTAL FARM _SIMCOE_,1-Butene/Isobutene,2004-11-02T00:00,0.267,µg/m³,VOC,N/A
62601,EXPERIMENTAL FARM _SIMCOE_,1-Butene/Isobutene,2004-11-05T00:00,0.106,µg/m³,VOC,N/A
62601,EXPERIMENTAL FARM _SIMCOE_,1-Butene/Isobutene,2004-11-05T00:00,0.278,µg/m³,VOC,N/A
62601,EXPERIMENTAL FARM _SIMCOE_,1-Butene/Isobutene,2004-11-08T00:00,0.077,µg/m³,VOC,N/A
62601,EXPERIMENTAL FARM _SIMCOE_,1-Butene/Isobutene,2004-11-11T00:00,0.152,µg/m³,VOC,N/A
62601,EXPERIMENTAL FARM _SIMCOE_,1-Butene/Isobutene,2004-11-14T00:00,0.134,µg/m³,VOC,N/A
62601,EXPERIMENTAL FARM _SIMCOE_,1-Butene/Isobutene,2004-11-17T00:00,0.120,µg/m³,VOC,N/A
62601,EXPERIMENTAL FARM _SIMCOE_,1-Butene/Isobutene,2004-11-20T00:00,0.097,µg/m³,VOC,N/A
62601,EXPERIMENTAL FARM _SIMCOE_,1-Butene/Isobutene,2004-11-20T00:00,0.964,µg/m³,VOC,N/A
62601,EXPERIMENTAL FARM _SIMCOE_,1-Butene/Isobutene,2004-11-23T00:00,0.095,µg/m³,VOC,N/A
62601,EXPERIMENTAL FARM _SIMCOE_,1-Butene/Isobutene,2004-11-23T00:00,0.257,µg/m³,VOC,N/A
62601,EXPERIMENTAL FARM _SIMCOE_,1-Butene/Isobutene,2004-11-26T00:00,0.093,µg/m³,VOC,N/A
62601,EXPERIMENTAL FARM _SIMCOE_,1-Butene/Isobutene,2004-11-26T00:00,0.248,µg/m³,VOC,N/A
62601,EXPERIMENTAL FARM _SIMCOE_,1-Butene/Isobutene,2004-11-29T00:00,0.063,µg/m³,VOC,N/A
62601,EXPERIMENTAL FARM _SIMCOE_,1-Butene/Isobutene,2004-11-29T00:00,0.682,µg/m³,VOC,N/A
62601,EXPERIMENTAL FARM _SIMCOE_,1-Butene/Isobutene,2004-12-02T00:00,0.068,µg/m³,VOC,N/A
62601,EXPERIMENTAL FARM _SIMCOE_,1-Butene/Isobutene,2004-12-02T00:00,0.204,µg/m³,VOC,N/A
62601,EXPERIMENTAL FARM _SIMCOE_,1-Butene/Isobutene,2004-12-05T00:00,0.234,µg/m³,VOC,N/A
62601,EXPERIMENTAL FARM _SIMCOE_,1-Butene/Isobutene,2004-12-11T00:00,0.072,µg/m³,VOC,N/A
62601,EXPERIMENTAL FARM _SIMCOE_,1-Butene/Isobutene,2004-12-11T00:00,0.358,µg/m³,VOC,N/A
62601,EXPERIMENTAL FARM _SIMCOE_,1-Butene/Isobutene,2004-12-14T00:00,0.118,µg/m³,VOC,N/A
62601,EXPERIMENTAL FARM _SIMCOE_,1-Butene/Isobutene,2004-12-14T00:00,0.138,µg/m³,VOC,N/A
62601,EXPERIMENTAL FARM _SIMCOE_,1-Butene/Isobutene,2004-12-17T00:00,0.125,µg/m³,VOC,N/A
62601,EXPERIMENTAL FARM _SIMCOE_,1-Butene/Isobutene,2004-12-17T00:00,0.178,µg/m³,VOC,N/A
62601,EXPERIMENTAL FARM _SIMCOE_,1-Butene/Isobutene,2004-12-20T00:00,0.061,µg/m³,VOC,N/A
62601,EXPERIMENTAL FARM _SIMCOE_,1-Butene/Isobutene,2004-12-20T00:00,0.193,µg/m³,VOC,N/A
62601,EXPERIMENTAL FARM _SIMCOE_,1-Butene/Isobutene,2004-12-23T00:00,0.022,µg/m³,VOC,N/A
62601,EXPERIMENTAL FARM _SIMCOE_,1-Butene/Isobutene,2004-12-23T00:00,0.090,µg/m³,VOC,N/A
62601,EXPERIMENTAL FARM _SIMCOE_,1-Butene/Isobutene,2004-12-26T00:00,0.144,µg/m³,VOC,N/A
62601,EXPERIMENTAL FARM _SIMCOE_,1-Butene/Isobutene,2004-12-26T00:00,0.284,µg/m³,VOC,N/A
62601,EXPERIMENTAL FARM _SIMCOE_,1-Butene/Isobutene,2004-12-29T00:00,0.125,µg/m³,VOC,N/A
62601,EXPERIMENTAL FARM _SIMCOE_,1-Butene/Isobutene,2004-12-29T00:00,0.599,µg/m³,VOC,N/A
