﻿NAPS_Site_ID,Station_Name,Pollutant,Date,Value,Units,Report_Type,Method
50129,MONTRÉAL-RIVIÈRE-DES-PRAIRIES,Silicon,1998-12-07T00:00,0.043,µg/m³,DICHOT,N/A
50129,MONTRÉAL-RIVIÈRE-DES-PRAIRIES,Silicon,1998-12-07T00:00,0.277,µg/m³,DICHOT,N/A
50129,MONTRÉAL-RIVIÈRE-DES-PRAIRIES,Silicon,1998-12-13T00:00,0.157,µg/m³,DICHOT,N/A
50129,MONTRÉAL-RIVIÈRE-DES-PRAIRIES,Silicon,1998-12-13T00:00,0.352,µg/m³,DICHOT,N/A
50129,MONTRÉAL-RIVIÈRE-DES-PRAIRIES,Silicon,1998-12-19T00:00,0.105,µg/m³,DICHOT,N/A
50129,MONTRÉAL-RIVIÈRE-DES-PRAIRIES,Silicon,1998-12-19T00:00,0.493,µg/m³,DICHOT,N/A
50129,MONTRÉAL-RIVIÈRE-DES-PRAIRIES,Silicon,1998-12-25T00:00,0.070,µg/m³,DICHOT,N/A
50129,MONTRÉAL-RIVIÈRE-DES-PRAIRIES,Silicon,1998-12-25T00:00,0.581,µg/m³,DICHOT,N/A
50129,MONTRÉAL-RIVIÈRE-DES-PRAIRIES,Silicon,1998-12-31T00:00,0.100,µg/m³,DICHOT,N/A
50129,MONTRÉAL-RIVIÈRE-DES-PRAIRIES,Silicon,1998-12-31T00:00,0.117,µg/m³,DICHOT,N/A
