﻿NAPS_Site_ID,Station_Name,Pollutant,Date,Value,Units,Report_Type,Method
100134,VANCOUVER INTL. AIRPORT,1-Propyne,2003-01-03T00:00,0.060,µg/m³,VOC,N/A
100134,VANCOUVER INTL. AIRPORT,1-Propyne,2003-01-21T00:00,0.274,µg/m³,VOC,N/A
100134,VANCOUVER INTL. AIRPORT,1-Propyne,2003-02-08T00:00,0.089,µg/m³,VOC,N/A
100134,VANCOUVER INTL. AIRPORT,1-Propyne,2003-02-26T00:00,0.424,µg/m³,VOC,N/A
100134,VANCOUVER INTL. AIRPORT,1-Propyne,2003-03-16T00:00,0.057,µg/m³,VOC,N/A
100134,VANCOUVER INTL. AIRPORT,1-Propyne,2003-04-03T00:00,0.046,µg/m³,VOC,N/A
100134,VANCOUVER INTL. AIRPORT,1-Propyne,2003-04-21T00:00,0.042,µg/m³,VOC,N/A
100134,VANCOUVER INTL. AIRPORT,1-Propyne,2003-05-09T00:00,0.080,µg/m³,VOC,N/A
100134,VANCOUVER INTL. AIRPORT,1-Propyne,2003-05-27T00:00,0.055,µg/m³,VOC,N/A
100134,VANCOUVER INTL. AIRPORT,1-Propyne,2003-06-14T00:00,0.050,µg/m³,VOC,N/A
100134,VANCOUVER INTL. AIRPORT,1-Propyne,2003-07-02T00:00,0.036,µg/m³,VOC,N/A
100134,VANCOUVER INTL. AIRPORT,1-Propyne,2003-07-20T00:00,0.036,µg/m³,VOC,N/A
100134,VANCOUVER INTL. AIRPORT,1-Propyne,2003-08-01T00:00,0.029,µg/m³,VOC,N/A
100134,VANCOUVER INTL. AIRPORT,1-Propyne,2003-08-19T00:00,0.039,µg/m³,VOC,N/A
100134,VANCOUVER INTL. AIRPORT,1-Propyne,2003-09-06T00:00,0.086,µg/m³,VOC,N/A
100134,VANCOUVER INTL. AIRPORT,1-Propyne,2003-09-24T00:00,0.275,µg/m³,VOC,N/A
100134,VANCOUVER INTL. AIRPORT,1-Propyne,2003-10-12T00:00,0.022,µg/m³,VOC,N/A
100134,VANCOUVER INTL. AIRPORT,1-Propyne,2003-11-23T00:00,0.079,µg/m³,VOC,N/A
100134,VANCOUVER INTL. AIRPORT,1-Propyne,2003-12-11T00:00,0.199,µg/m³,VOC,N/A
100134,VANCOUVER INTL. AIRPORT,1-Propyne,2003-12-29T00:00,0.309,µg/m³,VOC,N/A
