﻿NAPS_Site_ID,Station_Name,Pollutant,Date,Value,Units,Report_Type,Method
100119,BURNABY SOUTH,4-Methyl-1-pentene,2001-05-13T00:00,0.030,µg/m³,VOC,N/A
100119,BURNABY SOUTH,4-Methyl-1-pentene,2001-05-25T00:00,0.030,µg/m³,VOC,N/A
100119,BURNABY SOUTH,4-Methyl-1-pentene,2001-05-31T00:00,0.030,µg/m³,VOC,N/A
100119,BURNABY SOUTH,4-Methyl-1-pentene,2001-06-03T00:00,0.020,µg/m³,VOC,N/A
100119,BURNABY SOUTH,4-Methyl-1-pentene,2001-06-06T00:00,0.020,µg/m³,VOC,N/A
100119,BURNABY SOUTH,4-Methyl-1-pentene,2001-06-09T00:00,0.040,µg/m³,VOC,N/A
100119,BURNABY SOUTH,4-Methyl-1-pentene,2001-06-12T00:00,0.020,µg/m³,VOC,N/A
100119,BURNABY SOUTH,4-Methyl-1-pentene,2001-06-15T00:00,0.030,µg/m³,VOC,N/A
100119,BURNABY SOUTH,4-Methyl-1-pentene,2001-06-18T00:00,0.040,µg/m³,VOC,N/A
100119,BURNABY SOUTH,4-Methyl-1-pentene,2001-06-21T00:00,0.030,µg/m³,VOC,N/A
100119,BURNABY SOUTH,4-Methyl-1-pentene,2001-06-24T00:00,0.020,µg/m³,VOC,N/A
100119,BURNABY SOUTH,4-Methyl-1-pentene,2001-06-27T00:00,0.040,µg/m³,VOC,N/A
100119,BURNABY SOUTH,4-Methyl-1-pentene,2001-06-30T00:00,0.040,µg/m³,VOC,N/A
100119,BURNABY SOUTH,4-Methyl-1-pentene,2001-07-03T00:00,0.060,µg/m³,VOC,N/A
100119,BURNABY SOUTH,4-Methyl-1-pentene,2001-07-06T00:00,0.030,µg/m³,VOC,N/A
100119,BURNABY SOUTH,4-Methyl-1-pentene,2001-07-09T00:00,0.040,µg/m³,VOC,N/A
100119,BURNABY SOUTH,4-Methyl-1-pentene,2001-07-12T00:00,0.020,µg/m³,VOC,N/A
100119,BURNABY SOUTH,4-Methyl-1-pentene,2001-07-15T00:00,0.020,µg/m³,VOC,N/A
100119,BURNABY SOUTH,4-Methyl-1-pentene,2001-07-18T00:00,0.020,µg/m³,VOC,N/A
100119,BURNABY SOUTH,4-Methyl-1-pentene,2001-07-21T00:00,0.020,µg/m³,VOC,N/A
100119,BURNABY SOUTH,4-Methyl-1-pentene,2001-07-24T00:00,0.030,µg/m³,VOC,N/A
100119,BURNABY SOUTH,4-Methyl-1-pentene,2001-07-27T00:00,0.030,µg/m³,VOC,N/A
100119,BURNABY SOUTH,4-Methyl-1-pentene,2001-07-30T00:00,0.040,µg/m³,VOC,N/A
100119,BURNABY SOUTH,4-Methyl-1-pentene,2001-08-02T00:00,0.040,µg/m³,VOC,N/A
100119,BURNABY SOUTH,4-Methyl-1-pentene,2001-08-05T00:00,0.040,µg/m³,VOC,N/A
100119,BURNABY SOUTH,4-Methyl-1-pentene,2001-08-08T00:00,0.060,µg/m³,VOC,N/A
100119,BURNABY SOUTH,4-Methyl-1-pentene,2001-08-11T00:00,0.040,µg/m³,VOC,N/A
100119,BURNABY SOUTH,4-Methyl-1-pentene,2001-08-14T00:00,0.040,µg/m³,VOC,N/A
100119,BURNABY SOUTH,4-Methyl-1-pentene,2001-08-17T00:00,0.040,µg/m³,VOC,N/A
100119,BURNABY SOUTH,4-Methyl-1-pentene,2001-08-23T00:00,0.030,µg/m³,VOC,N/A
100119,BURNABY SOUTH,4-Methyl-1-pentene,2001-09-01T00:00,0.030,µg/m³,VOC,N/A
100119,BURNABY SOUTH,4-Methyl-1-pentene,2001-09-13T00:00,0.040,µg/m³,VOC,N/A
100119,BURNABY SOUTH,4-Methyl-1-pentene,2001-09-16T00:00,0.040,µg/m³,VOC,N/A
100119,BURNABY SOUTH,4-Methyl-1-pentene,2001-09-19T00:00,0.020,µg/m³,VOC,N/A
100119,BURNABY SOUTH,4-Methyl-1-pentene,2001-09-22T00:00,0.030,µg/m³,VOC,N/A
100119,BURNABY SOUTH,4-Methyl-1-pentene,2001-09-25T00:00,0.020,µg/m³,VOC,N/A
100119,BURNABY SOUTH,4-Methyl-1-pentene,2001-09-28T00:00,0.030,µg/m³,VOC,N/A
100119,BURNABY SOUTH,4-Methyl-1-pentene,2001-10-04T00:00,0.030,µg/m³,VOC,N/A
100119,BURNABY SOUTH,4-Methyl-1-pentene,2001-10-07T00:00,0.030,µg/m³,VOC,N/A
100119,BURNABY SOUTH,4-Methyl-1-pentene,2001-10-10T00:00,0.030,µg/m³,VOC,N/A
100119,BURNABY SOUTH,4-Methyl-1-pentene,2001-10-13T00:00,0.030,µg/m³,VOC,N/A
100119,BURNABY SOUTH,4-Methyl-1-pentene,2001-10-16T00:00,0.020,µg/m³,VOC,N/A
100119,BURNABY SOUTH,4-Methyl-1-pentene,2001-10-22T00:00,0.020,µg/m³,VOC,N/A
100119,BURNABY SOUTH,4-Methyl-1-pentene,2001-10-25T00:00,0.040,µg/m³,VOC,N/A
100119,BURNABY SOUTH,4-Methyl-1-pentene,2001-10-28T00:00,0.020,µg/m³,VOC,N/A
100119,BURNABY SOUTH,4-Methyl-1-pentene,2001-10-31T00:00,0.020,µg/m³,VOC,N/A
100119,BURNABY SOUTH,4-Methyl-1-pentene,2001-11-03T00:00,0.050,µg/m³,VOC,N/A
100119,BURNABY SOUTH,4-Methyl-1-pentene,2001-11-06T00:00,0.030,µg/m³,VOC,N/A
100119,BURNABY SOUTH,4-Methyl-1-pentene,2001-11-09T00:00,0.050,µg/m³,VOC,N/A
100119,BURNABY SOUTH,4-Methyl-1-pentene,2001-11-12T00:00,0.030,µg/m³,VOC,N/A
100119,BURNABY SOUTH,4-Methyl-1-pentene,2001-11-15T00:00,0.030,µg/m³,VOC,N/A
100119,BURNABY SOUTH,4-Methyl-1-pentene,2001-11-18T00:00,0.030,µg/m³,VOC,N/A
100119,BURNABY SOUTH,4-Methyl-1-pentene,2001-11-21T00:00,0.020,µg/m³,VOC,N/A
100119,BURNABY SOUTH,4-Methyl-1-pentene,2001-11-24T00:00,0.040,µg/m³,VOC,N/A
100119,BURNABY SOUTH,4-Methyl-1-pentene,2001-11-27T00:00,0.040,µg/m³,VOC,N/A
100119,BURNABY SOUTH,4-Methyl-1-pentene,2001-12-03T00:00,0.040,µg/m³,VOC,N/A
100119,BURNABY SOUTH,4-Methyl-1-pentene,2001-12-06T00:00,0.030,µg/m³,VOC,N/A
100119,BURNABY SOUTH,4-Methyl-1-pentene,2001-12-09T00:00,0.020,µg/m³,VOC,N/A
100119,BURNABY SOUTH,4-Methyl-1-pentene,2001-12-12T00:00,0.040,µg/m³,VOC,N/A
100119,BURNABY SOUTH,4-Methyl-1-pentene,2001-12-15T00:00,0.010,µg/m³,VOC,N/A
100119,BURNABY SOUTH,4-Methyl-1-pentene,2001-12-18T00:00,0.010,µg/m³,VOC,N/A
100119,BURNABY SOUTH,4-Methyl-1-pentene,2001-12-21T00:00,0.050,µg/m³,VOC,N/A
100119,BURNABY SOUTH,4-Methyl-1-pentene,2001-12-24T00:00,0.040,µg/m³,VOC,N/A
100119,BURNABY SOUTH,4-Methyl-1-pentene,2001-12-30T00:00,0.020,µg/m³,VOC,N/A
