﻿NAPS_Site_ID,Station_Name,Pollutant,Date,Value,Units,Report_Type,Method
40208,CHAMPLAIN HEIGHTS SCHOOL,"1,2-Dichloroethane",2021-01-04T00:00,0.067,µg/m³,VOC,GC-MS
40208,CHAMPLAIN HEIGHTS SCHOOL,"1,2-Dichloroethane",2021-02-18T00:00,0.078,µg/m³,VOC,GC-MS
40208,CHAMPLAIN HEIGHTS SCHOOL,"1,2-Dichloroethane",2021-03-05T00:00,0.077,µg/m³,VOC,GC-MS
40208,CHAMPLAIN HEIGHTS SCHOOL,"1,2-Dichloroethane",2021-03-11T00:00,0.138,µg/m³,VOC,GC-MS
40208,CHAMPLAIN HEIGHTS SCHOOL,"1,2-Dichloroethane",2021-03-17T00:00,0.112,µg/m³,VOC,GC-MS
40208,CHAMPLAIN HEIGHTS SCHOOL,"1,2-Dichloroethane",2021-03-23T00:00,0.149,µg/m³,VOC,GC-MS
40208,CHAMPLAIN HEIGHTS SCHOOL,"1,2-Dichloroethane",2021-03-29T00:00,0.086,µg/m³,VOC,GC-MS
40208,CHAMPLAIN HEIGHTS SCHOOL,"1,2-Dichloroethane",2021-04-04T00:00,0.067,µg/m³,VOC,GC-MS
40208,CHAMPLAIN HEIGHTS SCHOOL,"1,2-Dichloroethane",2021-04-10T00:00,0.070,µg/m³,VOC,GC-MS
40208,CHAMPLAIN HEIGHTS SCHOOL,"1,2-Dichloroethane",2021-04-16T00:00,0.069,µg/m³,VOC,GC-MS
40208,CHAMPLAIN HEIGHTS SCHOOL,"1,2-Dichloroethane",2021-04-22T00:00,0.102,µg/m³,VOC,GC-MS
40208,CHAMPLAIN HEIGHTS SCHOOL,"1,2-Dichloroethane",2021-05-10T00:00,0.114,µg/m³,VOC,GC-MS
40208,CHAMPLAIN HEIGHTS SCHOOL,"1,2-Dichloroethane",2021-05-16T00:00,0.101,µg/m³,VOC,GC-MS
40208,CHAMPLAIN HEIGHTS SCHOOL,"1,2-Dichloroethane",2021-05-22T00:00,0.197,µg/m³,VOC,GC-MS
40208,CHAMPLAIN HEIGHTS SCHOOL,"1,2-Dichloroethane",2021-05-28T00:00,0.074,µg/m³,VOC,GC-MS
40208,CHAMPLAIN HEIGHTS SCHOOL,"1,2-Dichloroethane",2021-06-03T00:00,0.123,µg/m³,VOC,GC-MS
40208,CHAMPLAIN HEIGHTS SCHOOL,"1,2-Dichloroethane",2021-06-09T00:00,0.071,µg/m³,VOC,GC-MS
40208,CHAMPLAIN HEIGHTS SCHOOL,"1,2-Dichloroethane",2021-07-09T00:00,0.058,µg/m³,VOC,GC-MS
40208,CHAMPLAIN HEIGHTS SCHOOL,"1,2-Dichloroethane",2021-07-15T00:00,0.094,µg/m³,VOC,GC-MS
40208,CHAMPLAIN HEIGHTS SCHOOL,"1,2-Dichloroethane",2021-07-21T00:00,0.054,µg/m³,VOC,GC-MS
40208,CHAMPLAIN HEIGHTS SCHOOL,"1,2-Dichloroethane",2021-07-27T00:00,0.091,µg/m³,VOC,GC-MS
40208,CHAMPLAIN HEIGHTS SCHOOL,"1,2-Dichloroethane",2021-08-02T00:00,0.051,µg/m³,VOC,GC-MS
40208,CHAMPLAIN HEIGHTS SCHOOL,"1,2-Dichloroethane",2021-08-08T00:00,0.047,µg/m³,VOC,GC-MS
40208,CHAMPLAIN HEIGHTS SCHOOL,"1,2-Dichloroethane",2021-08-14T00:00,0.133,µg/m³,VOC,GC-MS
40208,CHAMPLAIN HEIGHTS SCHOOL,"1,2-Dichloroethane",2021-08-20T00:00,0.083,µg/m³,VOC,GC-MS
40208,CHAMPLAIN HEIGHTS SCHOOL,"1,2-Dichloroethane",2021-09-07T00:00,0.064,µg/m³,VOC,GC-MS
40208,CHAMPLAIN HEIGHTS SCHOOL,"1,2-Dichloroethane",2021-09-10T00:00,0.057,µg/m³,VOC,GC-MS
40208,CHAMPLAIN HEIGHTS SCHOOL,"1,2-Dichloroethane",2021-09-19T00:00,0.042,µg/m³,VOC,GC-MS
40208,CHAMPLAIN HEIGHTS SCHOOL,"1,2-Dichloroethane",2021-09-25T00:00,0.045,µg/m³,VOC,GC-MS
40208,CHAMPLAIN HEIGHTS SCHOOL,"1,2-Dichloroethane",2021-10-01T00:00,0.042,µg/m³,VOC,GC-MS
40208,CHAMPLAIN HEIGHTS SCHOOL,"1,2-Dichloroethane",2021-10-07T00:00,0.047,µg/m³,VOC,GC-MS
40208,CHAMPLAIN HEIGHTS SCHOOL,"1,2-Dichloroethane",2021-10-13T00:00,0.054,µg/m³,VOC,GC-MS
40208,CHAMPLAIN HEIGHTS SCHOOL,"1,2-Dichloroethane",2021-10-19T00:00,0.047,µg/m³,VOC,GC-MS
40208,CHAMPLAIN HEIGHTS SCHOOL,"1,2-Dichloroethane",2021-10-25T00:00,0.049,µg/m³,VOC,GC-MS
40208,CHAMPLAIN HEIGHTS SCHOOL,"1,2-Dichloroethane",2021-10-31T00:00,0.055,µg/m³,VOC,GC-MS
40208,CHAMPLAIN HEIGHTS SCHOOL,"1,2-Dichloroethane",2021-11-18T00:00,0.073,µg/m³,VOC,GC-MS
40208,CHAMPLAIN HEIGHTS SCHOOL,"1,2-Dichloroethane",2021-11-24T00:00,0.051,µg/m³,VOC,GC-MS
40208,CHAMPLAIN HEIGHTS SCHOOL,"1,2-Dichloroethane",2021-12-27T00:00,0.055,µg/m³,VOC,GC-MS
