﻿NAPS_Site_ID,Station_Name,Pollutant,Date,Value,Units,Report_Type,Method
61004,CENTENNIAL PARK _SARNIA_,"cis-1,3-Dimethylcyclohexane",2002-01-02T00:00,0.050,µg/m³,VOC,N/A
61004,CENTENNIAL PARK _SARNIA_,"cis-1,3-Dimethylcyclohexane",2002-01-08T00:00,0.080,µg/m³,VOC,N/A
61004,CENTENNIAL PARK _SARNIA_,"cis-1,3-Dimethylcyclohexane",2002-01-14T00:00,0.060,µg/m³,VOC,N/A
61004,CENTENNIAL PARK _SARNIA_,"cis-1,3-Dimethylcyclohexane",2002-01-20T00:00,0.040,µg/m³,VOC,N/A
61004,CENTENNIAL PARK _SARNIA_,"cis-1,3-Dimethylcyclohexane",2002-01-26T00:00,0.270,µg/m³,VOC,N/A
61004,CENTENNIAL PARK _SARNIA_,"cis-1,3-Dimethylcyclohexane",2002-02-01T00:00,0.060,µg/m³,VOC,N/A
61004,CENTENNIAL PARK _SARNIA_,"cis-1,3-Dimethylcyclohexane",2002-02-07T00:00,0.040,µg/m³,VOC,N/A
61004,CENTENNIAL PARK _SARNIA_,"cis-1,3-Dimethylcyclohexane",2002-02-13T00:00,0.010,µg/m³,VOC,N/A
61004,CENTENNIAL PARK _SARNIA_,"cis-1,3-Dimethylcyclohexane",2002-02-19T00:00,0.150,µg/m³,VOC,N/A
61004,CENTENNIAL PARK _SARNIA_,"cis-1,3-Dimethylcyclohexane",2002-02-25T00:00,0.150,µg/m³,VOC,N/A
61004,CENTENNIAL PARK _SARNIA_,"cis-1,3-Dimethylcyclohexane",2002-03-03T00:00,0.040,µg/m³,VOC,N/A
61004,CENTENNIAL PARK _SARNIA_,"cis-1,3-Dimethylcyclohexane",2002-03-09T00:00,0.040,µg/m³,VOC,N/A
61004,CENTENNIAL PARK _SARNIA_,"cis-1,3-Dimethylcyclohexane",2002-05-26T00:00,0.042,µg/m³,VOC,N/A
61004,CENTENNIAL PARK _SARNIA_,"cis-1,3-Dimethylcyclohexane",2002-06-01T00:00,0.059,µg/m³,VOC,N/A
61004,CENTENNIAL PARK _SARNIA_,"cis-1,3-Dimethylcyclohexane",2002-06-07T00:00,0.072,µg/m³,VOC,N/A
61004,CENTENNIAL PARK _SARNIA_,"cis-1,3-Dimethylcyclohexane",2002-06-13T00:00,0.013,µg/m³,VOC,N/A
61004,CENTENNIAL PARK _SARNIA_,"cis-1,3-Dimethylcyclohexane",2002-06-19T00:00,0.063,µg/m³,VOC,N/A
61004,CENTENNIAL PARK _SARNIA_,"cis-1,3-Dimethylcyclohexane",2002-06-25T00:00,0.162,µg/m³,VOC,N/A
61004,CENTENNIAL PARK _SARNIA_,"cis-1,3-Dimethylcyclohexane",2002-07-01T00:00,0.220,µg/m³,VOC,N/A
61004,CENTENNIAL PARK _SARNIA_,"cis-1,3-Dimethylcyclohexane",2002-07-07T00:00,0.062,µg/m³,VOC,N/A
61004,CENTENNIAL PARK _SARNIA_,"cis-1,3-Dimethylcyclohexane",2002-07-13T00:00,0.141,µg/m³,VOC,N/A
61004,CENTENNIAL PARK _SARNIA_,"cis-1,3-Dimethylcyclohexane",2002-07-19T00:00,0.015,µg/m³,VOC,N/A
61004,CENTENNIAL PARK _SARNIA_,"cis-1,3-Dimethylcyclohexane",2002-07-25T00:00,0.060,µg/m³,VOC,N/A
61004,CENTENNIAL PARK _SARNIA_,"cis-1,3-Dimethylcyclohexane",2002-07-31T00:00,0.061,µg/m³,VOC,N/A
61004,CENTENNIAL PARK _SARNIA_,"cis-1,3-Dimethylcyclohexane",2002-08-06T00:00,0.006,µg/m³,VOC,N/A
61004,CENTENNIAL PARK _SARNIA_,"cis-1,3-Dimethylcyclohexane",2002-08-12T00:00,0.112,µg/m³,VOC,N/A
61004,CENTENNIAL PARK _SARNIA_,"cis-1,3-Dimethylcyclohexane",2002-08-18T00:00,0.017,µg/m³,VOC,N/A
61004,CENTENNIAL PARK _SARNIA_,"cis-1,3-Dimethylcyclohexane",2002-08-24T00:00,0.039,µg/m³,VOC,N/A
61004,CENTENNIAL PARK _SARNIA_,"cis-1,3-Dimethylcyclohexane",2002-09-11T00:00,0.006,µg/m³,VOC,N/A
61004,CENTENNIAL PARK _SARNIA_,"cis-1,3-Dimethylcyclohexane",2002-09-17T00:00,0.033,µg/m³,VOC,N/A
61004,CENTENNIAL PARK _SARNIA_,"cis-1,3-Dimethylcyclohexane",2002-09-23T00:00,0.026,µg/m³,VOC,N/A
61004,CENTENNIAL PARK _SARNIA_,"cis-1,3-Dimethylcyclohexane",2002-09-29T00:00,0.098,µg/m³,VOC,N/A
61004,CENTENNIAL PARK _SARNIA_,"cis-1,3-Dimethylcyclohexane",2002-10-05T00:00,0.011,µg/m³,VOC,N/A
61004,CENTENNIAL PARK _SARNIA_,"cis-1,3-Dimethylcyclohexane",2002-10-11T00:00,0.125,µg/m³,VOC,N/A
61004,CENTENNIAL PARK _SARNIA_,"cis-1,3-Dimethylcyclohexane",2002-10-17T00:00,0.015,µg/m³,VOC,N/A
61004,CENTENNIAL PARK _SARNIA_,"cis-1,3-Dimethylcyclohexane",2002-11-04T00:00,0.018,µg/m³,VOC,N/A
61004,CENTENNIAL PARK _SARNIA_,"cis-1,3-Dimethylcyclohexane",2002-11-10T00:00,0.079,µg/m³,VOC,N/A
61004,CENTENNIAL PARK _SARNIA_,"cis-1,3-Dimethylcyclohexane",2002-11-16T00:00,0.016,µg/m³,VOC,N/A
61004,CENTENNIAL PARK _SARNIA_,"cis-1,3-Dimethylcyclohexane",2002-11-22T00:00,0.012,µg/m³,VOC,N/A
61004,CENTENNIAL PARK _SARNIA_,"cis-1,3-Dimethylcyclohexane",2002-11-28T00:00,0.021,µg/m³,VOC,N/A
61004,CENTENNIAL PARK _SARNIA_,"cis-1,3-Dimethylcyclohexane",2002-12-04T00:00,0.031,µg/m³,VOC,N/A
61004,CENTENNIAL PARK _SARNIA_,"cis-1,3-Dimethylcyclohexane",2002-12-16T00:00,0.012,µg/m³,VOC,N/A
61004,CENTENNIAL PARK _SARNIA_,"cis-1,3-Dimethylcyclohexane",2002-12-22T00:00,0.018,µg/m³,VOC,N/A
61004,CENTENNIAL PARK _SARNIA_,"cis-1,3-Dimethylcyclohexane",2002-12-28T00:00,0.023,µg/m³,VOC,N/A
