﻿NAPS_Site_ID,Station_Name,Pollutant,Date,Value,Units,Report_Type,Method
63201,HWY 47 & HWY 48 _YORK_REGION_,Bromomethane,2003-01-03T00:00,0.129,µg/m³,VOC,
63201,HWY 47 & HWY 48 _YORK_REGION_,Bromomethane,2003-01-09T00:00,0.231,µg/m³,VOC,
63201,HWY 47 & HWY 48 _YORK_REGION_,Bromomethane,2003-01-15T00:00,0.139,µg/m³,VOC,
63201,HWY 47 & HWY 48 _YORK_REGION_,Bromomethane,2003-01-21T00:00,0.055,µg/m³,VOC,
63201,HWY 47 & HWY 48 _YORK_REGION_,Bromomethane,2003-01-27T00:00,0.053,µg/m³,VOC,
63201,HWY 47 & HWY 48 _YORK_REGION_,Bromomethane,2003-02-02T00:00,0.053,µg/m³,VOC,
63201,HWY 47 & HWY 48 _YORK_REGION_,Bromomethane,2003-02-08T00:00,0.055,µg/m³,VOC,
63201,HWY 47 & HWY 48 _YORK_REGION_,Bromomethane,2003-02-14T00:00,0.075,µg/m³,VOC,
63201,HWY 47 & HWY 48 _YORK_REGION_,Bromomethane,2003-02-20T00:00,0.075,µg/m³,VOC,
63201,HWY 47 & HWY 48 _YORK_REGION_,Bromomethane,2003-02-26T00:00,0.073,µg/m³,VOC,
63201,HWY 47 & HWY 48 _YORK_REGION_,Bromomethane,2003-03-04T00:00,0.072,µg/m³,VOC,
63201,HWY 47 & HWY 48 _YORK_REGION_,Bromomethane,2003-03-10T00:00,0.061,µg/m³,VOC,
63201,HWY 47 & HWY 48 _YORK_REGION_,Bromomethane,2003-03-16T00:00,0.067,µg/m³,VOC,
63201,HWY 47 & HWY 48 _YORK_REGION_,Bromomethane,2003-03-22T00:00,0.066,µg/m³,VOC,
63201,HWY 47 & HWY 48 _YORK_REGION_,Bromomethane,2003-03-28T00:00,0.105,µg/m³,VOC,
63201,HWY 47 & HWY 48 _YORK_REGION_,Bromomethane,2003-04-03T00:00,0.078,µg/m³,VOC,
63201,HWY 47 & HWY 48 _YORK_REGION_,Bromomethane,2003-06-14T00:00,0.058,µg/m³,VOC,
63201,HWY 47 & HWY 48 _YORK_REGION_,Bromomethane,2003-06-26T00:00,0.071,µg/m³,VOC,
63201,HWY 47 & HWY 48 _YORK_REGION_,Bromomethane,2003-07-08T00:00,0.064,µg/m³,VOC,
63201,HWY 47 & HWY 48 _YORK_REGION_,Bromomethane,2003-07-14T00:00,0.056,µg/m³,VOC,
63201,HWY 47 & HWY 48 _YORK_REGION_,Bromomethane,2003-07-20T00:00,0.059,µg/m³,VOC,
63201,HWY 47 & HWY 48 _YORK_REGION_,Bromomethane,2003-07-26T00:00,0.082,µg/m³,VOC,
63201,HWY 47 & HWY 48 _YORK_REGION_,Bromomethane,2003-08-01T00:00,0.070,µg/m³,VOC,
63201,HWY 47 & HWY 48 _YORK_REGION_,Bromomethane,2003-08-07T00:00,0.065,µg/m³,VOC,
63201,HWY 47 & HWY 48 _YORK_REGION_,Bromomethane,2003-08-13T00:00,0.061,µg/m³,VOC,
63201,HWY 47 & HWY 48 _YORK_REGION_,Bromomethane,2003-08-19T00:00,0.058,µg/m³,VOC,
63201,HWY 47 & HWY 48 _YORK_REGION_,Bromomethane,2003-08-25T00:00,0.066,µg/m³,VOC,
63201,HWY 47 & HWY 48 _YORK_REGION_,Bromomethane,2003-08-31T00:00,0.147,µg/m³,VOC,
63201,HWY 47 & HWY 48 _YORK_REGION_,Bromomethane,2003-09-06T00:00,0.055,µg/m³,VOC,
63201,HWY 47 & HWY 48 _YORK_REGION_,Bromomethane,2003-09-12T00:00,0.057,µg/m³,VOC,
63201,HWY 47 & HWY 48 _YORK_REGION_,Bromomethane,2003-09-18T00:00,0.051,µg/m³,VOC,
63201,HWY 47 & HWY 48 _YORK_REGION_,Bromomethane,2003-09-24T00:00,0.054,µg/m³,VOC,
63201,HWY 47 & HWY 48 _YORK_REGION_,Bromomethane,2003-09-30T00:00,0.052,µg/m³,VOC,
63201,HWY 47 & HWY 48 _YORK_REGION_,Bromomethane,2003-10-06T00:00,0.049,µg/m³,VOC,
63201,HWY 47 & HWY 48 _YORK_REGION_,Bromomethane,2003-10-12T00:00,0.065,µg/m³,VOC,
63201,HWY 47 & HWY 48 _YORK_REGION_,Bromomethane,2003-10-18T00:00,0.052,µg/m³,VOC,
63201,HWY 47 & HWY 48 _YORK_REGION_,Bromomethane,2003-10-24T00:00,0.050,µg/m³,VOC,
63201,HWY 47 & HWY 48 _YORK_REGION_,Bromomethane,2003-10-30T00:00,0.056,µg/m³,VOC,
63201,HWY 47 & HWY 48 _YORK_REGION_,Bromomethane,2003-11-05T00:00,0.053,µg/m³,VOC,
63201,HWY 47 & HWY 48 _YORK_REGION_,Bromomethane,2003-11-11T00:00,0.057,µg/m³,VOC,
63201,HWY 47 & HWY 48 _YORK_REGION_,Bromomethane,2003-11-17T00:00,0.053,µg/m³,VOC,
63201,HWY 47 & HWY 48 _YORK_REGION_,Bromomethane,2003-11-23T00:00,0.054,µg/m³,VOC,
63201,HWY 47 & HWY 48 _YORK_REGION_,Bromomethane,2003-11-29T00:00,0.055,µg/m³,VOC,
63201,HWY 47 & HWY 48 _YORK_REGION_,Bromomethane,2003-12-05T00:00,0.057,µg/m³,VOC,
63201,HWY 47 & HWY 48 _YORK_REGION_,Bromomethane,2003-12-11T00:00,0.059,µg/m³,VOC,
63201,HWY 47 & HWY 48 _YORK_REGION_,Bromomethane,2003-12-17T00:00,0.057,µg/m³,VOC,
63201,HWY 47 & HWY 48 _YORK_REGION_,Bromomethane,2003-12-23T00:00,0.062,µg/m³,VOC,
