﻿NAPS_Site_ID,Station_Name,Pollutant,Date,Value,Units,Report_Type,Method
60512,BEASLEY PARK _HAMILTON_DOWNTOWN_,Potassium,2010-01-02T00:00,0.025,µg/m³,PM2.5,ED-XRF
60512,BEASLEY PARK _HAMILTON_DOWNTOWN_,Potassium,2010-01-08T00:00,0.026,µg/m³,PM2.5,ED-XRF
60512,BEASLEY PARK _HAMILTON_DOWNTOWN_,Potassium,2010-01-14T00:00,0.084,µg/m³,PM2.5,ED-XRF
60512,BEASLEY PARK _HAMILTON_DOWNTOWN_,Potassium,2010-01-20T00:00,0.029,µg/m³,PM2.5,ED-XRF
60512,BEASLEY PARK _HAMILTON_DOWNTOWN_,Potassium,2010-01-26T00:00,0.026,µg/m³,PM2.5,ED-XRF
60512,BEASLEY PARK _HAMILTON_DOWNTOWN_,Potassium,2010-02-01T00:00,0.040,µg/m³,PM2.5,ED-XRF
60512,BEASLEY PARK _HAMILTON_DOWNTOWN_,Potassium,2010-02-13T00:00,0.040,µg/m³,PM2.5,ED-XRF
60512,BEASLEY PARK _HAMILTON_DOWNTOWN_,Potassium,2010-02-19T00:00,0.019,µg/m³,PM2.5,ED-XRF
60512,BEASLEY PARK _HAMILTON_DOWNTOWN_,Potassium,2010-02-25T00:00,0.029,µg/m³,PM2.5,ED-XRF
60512,BEASLEY PARK _HAMILTON_DOWNTOWN_,Potassium,2010-03-03T00:00,0.039,µg/m³,PM2.5,ED-XRF
60512,BEASLEY PARK _HAMILTON_DOWNTOWN_,Potassium,2010-03-09T00:00,0.135,µg/m³,PM2.5,ED-XRF
60512,BEASLEY PARK _HAMILTON_DOWNTOWN_,Potassium,2010-03-15T00:00,0.095,µg/m³,PM2.5,ED-XRF
60512,BEASLEY PARK _HAMILTON_DOWNTOWN_,Potassium,2010-03-21T00:00,0.052,µg/m³,PM2.5,ED-XRF
60512,BEASLEY PARK _HAMILTON_DOWNTOWN_,Potassium,2010-03-27T00:00,0.098,µg/m³,PM2.5,ED-XRF
60512,BEASLEY PARK _HAMILTON_DOWNTOWN_,Potassium,2010-04-02T00:00,0.188,µg/m³,PM2.5,ED-XRF
60512,BEASLEY PARK _HAMILTON_DOWNTOWN_,Potassium,2010-04-08T00:00,0.047,µg/m³,PM2.5,ED-XRF
60512,BEASLEY PARK _HAMILTON_DOWNTOWN_,Potassium,2010-04-14T00:00,0.169,µg/m³,PM2.5,ED-XRF
60512,BEASLEY PARK _HAMILTON_DOWNTOWN_,Potassium,2010-04-20T00:00,0.081,µg/m³,PM2.5,ED-XRF
60512,BEASLEY PARK _HAMILTON_DOWNTOWN_,Potassium,2010-04-26T00:00,0.080,µg/m³,PM2.5,ED-XRF
60512,BEASLEY PARK _HAMILTON_DOWNTOWN_,Potassium,2010-05-02T00:00,0.017,µg/m³,PM2.5,ED-XRF
60512,BEASLEY PARK _HAMILTON_DOWNTOWN_,Potassium,2010-05-08T00:00,0.017,µg/m³,PM2.5,ED-XRF
60512,BEASLEY PARK _HAMILTON_DOWNTOWN_,Potassium,2010-05-14T00:00,0.036,µg/m³,PM2.5,ED-XRF
60512,BEASLEY PARK _HAMILTON_DOWNTOWN_,Potassium,2010-05-20T00:00,0.177,µg/m³,PM2.5,ED-XRF
60512,BEASLEY PARK _HAMILTON_DOWNTOWN_,Potassium,2010-05-26T00:00,0.079,µg/m³,PM2.5,ED-XRF
60512,BEASLEY PARK _HAMILTON_DOWNTOWN_,Potassium,2010-06-01T00:00,0.060,µg/m³,PM2.5,ED-XRF
60512,BEASLEY PARK _HAMILTON_DOWNTOWN_,Potassium,2010-06-07T00:00,0.023,µg/m³,PM2.5,ED-XRF
60512,BEASLEY PARK _HAMILTON_DOWNTOWN_,Potassium,2010-06-19T00:00,0.047,µg/m³,PM2.5,ED-XRF
60512,BEASLEY PARK _HAMILTON_DOWNTOWN_,Potassium,2010-07-01T00:00,0.361,µg/m³,PM2.5,ED-XRF
60512,BEASLEY PARK _HAMILTON_DOWNTOWN_,Potassium,2010-07-07T00:00,0.099,µg/m³,PM2.5,ED-XRF
60512,BEASLEY PARK _HAMILTON_DOWNTOWN_,Potassium,2010-07-13T00:00,0.044,µg/m³,PM2.5,ED-XRF
60512,BEASLEY PARK _HAMILTON_DOWNTOWN_,Potassium,2010-07-19T00:00,0.017,µg/m³,PM2.5,ED-XRF
60512,BEASLEY PARK _HAMILTON_DOWNTOWN_,Potassium,2010-07-25T00:00,0.024,µg/m³,PM2.5,ED-XRF
60512,BEASLEY PARK _HAMILTON_DOWNTOWN_,Potassium,2010-07-31T00:00,0.089,µg/m³,PM2.5,ED-XRF
60512,BEASLEY PARK _HAMILTON_DOWNTOWN_,Potassium,2010-08-06T00:00,0.038,µg/m³,PM2.5,ED-XRF
60512,BEASLEY PARK _HAMILTON_DOWNTOWN_,Potassium,2010-08-18T00:00,0.059,µg/m³,PM2.5,ED-XRF
60512,BEASLEY PARK _HAMILTON_DOWNTOWN_,Potassium,2010-08-24T00:00,0.038,µg/m³,PM2.5,ED-XRF
60512,BEASLEY PARK _HAMILTON_DOWNTOWN_,Potassium,2010-08-30T00:00,0.059,µg/m³,PM2.5,ED-XRF
60512,BEASLEY PARK _HAMILTON_DOWNTOWN_,Potassium,2010-09-05T00:00,0.027,µg/m³,PM2.5,ED-XRF
60512,BEASLEY PARK _HAMILTON_DOWNTOWN_,Potassium,2010-09-11T00:00,0.081,µg/m³,PM2.5,ED-XRF
60512,BEASLEY PARK _HAMILTON_DOWNTOWN_,Potassium,2010-09-17T00:00,0.051,µg/m³,PM2.5,ED-XRF
60512,BEASLEY PARK _HAMILTON_DOWNTOWN_,Potassium,2010-09-23T00:00,0.056,µg/m³,PM2.5,ED-XRF
60512,BEASLEY PARK _HAMILTON_DOWNTOWN_,Potassium,2010-09-29T00:00,0.031,µg/m³,PM2.5,ED-XRF
60512,BEASLEY PARK _HAMILTON_DOWNTOWN_,Potassium,2010-10-05T00:00,0.033,µg/m³,PM2.5,ED-XRF
60512,BEASLEY PARK _HAMILTON_DOWNTOWN_,Potassium,2010-10-11T00:00,0.053,µg/m³,PM2.5,ED-XRF
60512,BEASLEY PARK _HAMILTON_DOWNTOWN_,Potassium,2010-10-17T00:00,0.055,µg/m³,PM2.5,ED-XRF
60512,BEASLEY PARK _HAMILTON_DOWNTOWN_,Potassium,2010-10-23T00:00,0.086,µg/m³,PM2.5,ED-XRF
60512,BEASLEY PARK _HAMILTON_DOWNTOWN_,Potassium,2010-10-29T00:00,0.019,µg/m³,PM2.5,ED-XRF
60512,BEASLEY PARK _HAMILTON_DOWNTOWN_,Potassium,2010-11-04T00:00,0.055,µg/m³,PM2.5,ED-XRF
60512,BEASLEY PARK _HAMILTON_DOWNTOWN_,Potassium,2010-11-10T00:00,0.075,µg/m³,PM2.5,ED-XRF
60512,BEASLEY PARK _HAMILTON_DOWNTOWN_,Potassium,2010-11-16T00:00,0.094,µg/m³,PM2.5,ED-XRF
60512,BEASLEY PARK _HAMILTON_DOWNTOWN_,Potassium,2010-11-22T00:00,0.075,µg/m³,PM2.5,ED-XRF
60512,BEASLEY PARK _HAMILTON_DOWNTOWN_,Potassium,2010-11-28T00:00,0.080,µg/m³,PM2.5,ED-XRF
60512,BEASLEY PARK _HAMILTON_DOWNTOWN_,Potassium,2010-12-04T00:00,0.024,µg/m³,PM2.5,ED-XRF
60512,BEASLEY PARK _HAMILTON_DOWNTOWN_,Potassium,2010-12-10T00:00,0.096,µg/m³,PM2.5,ED-XRF
60512,BEASLEY PARK _HAMILTON_DOWNTOWN_,Potassium,2010-12-16T00:00,0.057,µg/m³,PM2.5,ED-XRF
60512,BEASLEY PARK _HAMILTON_DOWNTOWN_,Potassium,2010-12-22T00:00,0.027,µg/m³,PM2.5,ED-XRF
60512,BEASLEY PARK _HAMILTON_DOWNTOWN_,Potassium,2010-01-02T00:00,0.028,µg/m³,PM2.5,IC
60512,BEASLEY PARK _HAMILTON_DOWNTOWN_,Potassium,2010-01-08T00:00,0.024,µg/m³,PM2.5,IC
60512,BEASLEY PARK _HAMILTON_DOWNTOWN_,Potassium,2010-01-14T00:00,0.097,µg/m³,PM2.5,IC
60512,BEASLEY PARK _HAMILTON_DOWNTOWN_,Potassium,2010-01-20T00:00,0.031,µg/m³,PM2.5,IC
60512,BEASLEY PARK _HAMILTON_DOWNTOWN_,Potassium,2010-01-26T00:00,0.027,µg/m³,PM2.5,IC
60512,BEASLEY PARK _HAMILTON_DOWNTOWN_,Potassium,2010-02-01T00:00,0.036,µg/m³,PM2.5,IC
60512,BEASLEY PARK _HAMILTON_DOWNTOWN_,Potassium,2010-02-13T00:00,0.036,µg/m³,PM2.5,IC
60512,BEASLEY PARK _HAMILTON_DOWNTOWN_,Potassium,2010-02-19T00:00,0.022,µg/m³,PM2.5,IC
60512,BEASLEY PARK _HAMILTON_DOWNTOWN_,Potassium,2010-02-25T00:00,0.023,µg/m³,PM2.5,IC
60512,BEASLEY PARK _HAMILTON_DOWNTOWN_,Potassium,2010-03-03T00:00,0.027,µg/m³,PM2.5,IC
60512,BEASLEY PARK _HAMILTON_DOWNTOWN_,Potassium,2010-03-09T00:00,0.162,µg/m³,PM2.5,IC
60512,BEASLEY PARK _HAMILTON_DOWNTOWN_,Potassium,2010-03-15T00:00,0.093,µg/m³,PM2.5,IC
60512,BEASLEY PARK _HAMILTON_DOWNTOWN_,Potassium,2010-03-21T00:00,0.043,µg/m³,PM2.5,IC
60512,BEASLEY PARK _HAMILTON_DOWNTOWN_,Potassium,2010-03-27T00:00,0.079,µg/m³,PM2.5,IC
60512,BEASLEY PARK _HAMILTON_DOWNTOWN_,Potassium,2010-04-02T00:00,0.133,µg/m³,PM2.5,IC
60512,BEASLEY PARK _HAMILTON_DOWNTOWN_,Potassium,2010-04-08T00:00,0.040,µg/m³,PM2.5,IC
60512,BEASLEY PARK _HAMILTON_DOWNTOWN_,Potassium,2010-04-14T00:00,0.108,µg/m³,PM2.5,IC
60512,BEASLEY PARK _HAMILTON_DOWNTOWN_,Potassium,2010-04-20T00:00,0.046,µg/m³,PM2.5,IC
60512,BEASLEY PARK _HAMILTON_DOWNTOWN_,Potassium,2010-04-26T00:00,0.059,µg/m³,PM2.5,IC
60512,BEASLEY PARK _HAMILTON_DOWNTOWN_,Potassium,2010-05-02T00:00,0.042,µg/m³,PM2.5,IC
60512,BEASLEY PARK _HAMILTON_DOWNTOWN_,Potassium,2010-05-08T00:00,0.011,µg/m³,PM2.5,IC
60512,BEASLEY PARK _HAMILTON_DOWNTOWN_,Potassium,2010-05-14T00:00,0.028,µg/m³,PM2.5,IC
60512,BEASLEY PARK _HAMILTON_DOWNTOWN_,Potassium,2010-05-20T00:00,0.161,µg/m³,PM2.5,IC
60512,BEASLEY PARK _HAMILTON_DOWNTOWN_,Potassium,2010-05-26T00:00,0.083,µg/m³,PM2.5,IC
60512,BEASLEY PARK _HAMILTON_DOWNTOWN_,Potassium,2010-06-01T00:00,0.038,µg/m³,PM2.5,IC
60512,BEASLEY PARK _HAMILTON_DOWNTOWN_,Potassium,2010-06-07T00:00,0.021,µg/m³,PM2.5,IC
60512,BEASLEY PARK _HAMILTON_DOWNTOWN_,Potassium,2010-06-19T00:00,0.051,µg/m³,PM2.5,IC
60512,BEASLEY PARK _HAMILTON_DOWNTOWN_,Potassium,2010-07-01T00:00,0.381,µg/m³,PM2.5,IC
60512,BEASLEY PARK _HAMILTON_DOWNTOWN_,Potassium,2010-07-07T00:00,0.133,µg/m³,PM2.5,IC
60512,BEASLEY PARK _HAMILTON_DOWNTOWN_,Potassium,2010-07-13T00:00,0.061,µg/m³,PM2.5,IC
60512,BEASLEY PARK _HAMILTON_DOWNTOWN_,Potassium,2010-07-19T00:00,0.022,µg/m³,PM2.5,IC
60512,BEASLEY PARK _HAMILTON_DOWNTOWN_,Potassium,2010-07-25T00:00,0.030,µg/m³,PM2.5,IC
60512,BEASLEY PARK _HAMILTON_DOWNTOWN_,Potassium,2010-07-31T00:00,0.107,µg/m³,PM2.5,IC
60512,BEASLEY PARK _HAMILTON_DOWNTOWN_,Potassium,2010-08-06T00:00,0.040,µg/m³,PM2.5,IC
60512,BEASLEY PARK _HAMILTON_DOWNTOWN_,Potassium,2010-08-18T00:00,0.049,µg/m³,PM2.5,IC
60512,BEASLEY PARK _HAMILTON_DOWNTOWN_,Potassium,2010-08-24T00:00,0.033,µg/m³,PM2.5,IC
60512,BEASLEY PARK _HAMILTON_DOWNTOWN_,Potassium,2010-08-30T00:00,0.063,µg/m³,PM2.5,IC
60512,BEASLEY PARK _HAMILTON_DOWNTOWN_,Potassium,2010-09-05T00:00,0.024,µg/m³,PM2.5,IC
60512,BEASLEY PARK _HAMILTON_DOWNTOWN_,Potassium,2010-09-11T00:00,0.067,µg/m³,PM2.5,IC
60512,BEASLEY PARK _HAMILTON_DOWNTOWN_,Potassium,2010-09-17T00:00,0.042,µg/m³,PM2.5,IC
60512,BEASLEY PARK _HAMILTON_DOWNTOWN_,Potassium,2010-09-23T00:00,0.047,µg/m³,PM2.5,IC
60512,BEASLEY PARK _HAMILTON_DOWNTOWN_,Potassium,2010-09-29T00:00,0.026,µg/m³,PM2.5,IC
60512,BEASLEY PARK _HAMILTON_DOWNTOWN_,Potassium,2010-10-05T00:00,0.030,µg/m³,PM2.5,IC
60512,BEASLEY PARK _HAMILTON_DOWNTOWN_,Potassium,2010-10-11T00:00,0.042,µg/m³,PM2.5,IC
60512,BEASLEY PARK _HAMILTON_DOWNTOWN_,Potassium,2010-10-17T00:00,0.042,µg/m³,PM2.5,IC
60512,BEASLEY PARK _HAMILTON_DOWNTOWN_,Potassium,2010-10-23T00:00,0.070,µg/m³,PM2.5,IC
60512,BEASLEY PARK _HAMILTON_DOWNTOWN_,Potassium,2010-10-29T00:00,0.016,µg/m³,PM2.5,IC
60512,BEASLEY PARK _HAMILTON_DOWNTOWN_,Potassium,2010-11-04T00:00,0.052,µg/m³,PM2.5,IC
60512,BEASLEY PARK _HAMILTON_DOWNTOWN_,Potassium,2010-11-10T00:00,0.057,µg/m³,PM2.5,IC
60512,BEASLEY PARK _HAMILTON_DOWNTOWN_,Potassium,2010-11-16T00:00,0.090,µg/m³,PM2.5,IC
60512,BEASLEY PARK _HAMILTON_DOWNTOWN_,Potassium,2010-11-22T00:00,0.052,µg/m³,PM2.5,IC
60512,BEASLEY PARK _HAMILTON_DOWNTOWN_,Potassium,2010-11-28T00:00,0.063,µg/m³,PM2.5,IC
60512,BEASLEY PARK _HAMILTON_DOWNTOWN_,Potassium,2010-12-04T00:00,0.019,µg/m³,PM2.5,IC
60512,BEASLEY PARK _HAMILTON_DOWNTOWN_,Potassium,2010-12-10T00:00,0.073,µg/m³,PM2.5,IC
60512,BEASLEY PARK _HAMILTON_DOWNTOWN_,Potassium,2010-12-16T00:00,0.040,µg/m³,PM2.5,IC
60512,BEASLEY PARK _HAMILTON_DOWNTOWN_,Potassium,2010-12-22T00:00,0.021,µg/m³,PM2.5,IC
60512,BEASLEY PARK _HAMILTON_DOWNTOWN_,Potassium,2010-01-02T00:00,0.012,µg/m³,PM2.5-10,ED-XRF
60512,BEASLEY PARK _HAMILTON_DOWNTOWN_,Potassium,2010-01-08T00:00,0.012,µg/m³,PM2.5-10,ED-XRF
60512,BEASLEY PARK _HAMILTON_DOWNTOWN_,Potassium,2010-01-14T00:00,0.019,µg/m³,PM2.5-10,ED-XRF
60512,BEASLEY PARK _HAMILTON_DOWNTOWN_,Potassium,2010-01-20T00:00,0.019,µg/m³,PM2.5-10,ED-XRF
60512,BEASLEY PARK _HAMILTON_DOWNTOWN_,Potassium,2010-01-26T00:00,0.029,µg/m³,PM2.5-10,ED-XRF
60512,BEASLEY PARK _HAMILTON_DOWNTOWN_,Potassium,2010-02-01T00:00,0.031,µg/m³,PM2.5-10,ED-XRF
60512,BEASLEY PARK _HAMILTON_DOWNTOWN_,Potassium,2010-02-13T00:00,0.015,µg/m³,PM2.5-10,ED-XRF
60512,BEASLEY PARK _HAMILTON_DOWNTOWN_,Potassium,2010-02-19T00:00,0.019,µg/m³,PM2.5-10,ED-XRF
60512,BEASLEY PARK _HAMILTON_DOWNTOWN_,Potassium,2010-02-25T00:00,0.011,µg/m³,PM2.5-10,ED-XRF
60512,BEASLEY PARK _HAMILTON_DOWNTOWN_,Potassium,2010-03-03T00:00,0.067,µg/m³,PM2.5-10,ED-XRF
60512,BEASLEY PARK _HAMILTON_DOWNTOWN_,Potassium,2010-03-09T00:00,0.192,µg/m³,PM2.5-10,ED-XRF
60512,BEASLEY PARK _HAMILTON_DOWNTOWN_,Potassium,2010-03-15T00:00,0.041,µg/m³,PM2.5-10,ED-XRF
60512,BEASLEY PARK _HAMILTON_DOWNTOWN_,Potassium,2010-03-21T00:00,0.028,µg/m³,PM2.5-10,ED-XRF
60512,BEASLEY PARK _HAMILTON_DOWNTOWN_,Potassium,2010-03-27T00:00,0.071,µg/m³,PM2.5-10,ED-XRF
60512,BEASLEY PARK _HAMILTON_DOWNTOWN_,Potassium,2010-04-02T00:00,0.132,µg/m³,PM2.5-10,ED-XRF
60512,BEASLEY PARK _HAMILTON_DOWNTOWN_,Potassium,2010-04-08T00:00,0.018,µg/m³,PM2.5-10,ED-XRF
60512,BEASLEY PARK _HAMILTON_DOWNTOWN_,Potassium,2010-04-14T00:00,0.172,µg/m³,PM2.5-10,ED-XRF
60512,BEASLEY PARK _HAMILTON_DOWNTOWN_,Potassium,2010-04-20T00:00,0.089,µg/m³,PM2.5-10,ED-XRF
60512,BEASLEY PARK _HAMILTON_DOWNTOWN_,Potassium,2010-04-26T00:00,0.081,µg/m³,PM2.5-10,ED-XRF
60512,BEASLEY PARK _HAMILTON_DOWNTOWN_,Potassium,2010-05-02T00:00,0.028,µg/m³,PM2.5-10,ED-XRF
60512,BEASLEY PARK _HAMILTON_DOWNTOWN_,Potassium,2010-05-08T00:00,0.014,µg/m³,PM2.5-10,ED-XRF
60512,BEASLEY PARK _HAMILTON_DOWNTOWN_,Potassium,2010-05-14T00:00,0.065,µg/m³,PM2.5-10,ED-XRF
60512,BEASLEY PARK _HAMILTON_DOWNTOWN_,Potassium,2010-05-20T00:00,0.172,µg/m³,PM2.5-10,ED-XRF
60512,BEASLEY PARK _HAMILTON_DOWNTOWN_,Potassium,2010-05-26T00:00,0.191,µg/m³,PM2.5-10,ED-XRF
60512,BEASLEY PARK _HAMILTON_DOWNTOWN_,Potassium,2010-06-01T00:00,0.022,µg/m³,PM2.5-10,ED-XRF
60512,BEASLEY PARK _HAMILTON_DOWNTOWN_,Potassium,2010-06-07T00:00,0.037,µg/m³,PM2.5-10,ED-XRF
60512,BEASLEY PARK _HAMILTON_DOWNTOWN_,Potassium,2010-06-19T00:00,0.071,µg/m³,PM2.5-10,ED-XRF
60512,BEASLEY PARK _HAMILTON_DOWNTOWN_,Potassium,2010-07-01T00:00,0.115,µg/m³,PM2.5-10,ED-XRF
60512,BEASLEY PARK _HAMILTON_DOWNTOWN_,Potassium,2010-07-07T00:00,0.133,µg/m³,PM2.5-10,ED-XRF
60512,BEASLEY PARK _HAMILTON_DOWNTOWN_,Potassium,2010-07-13T00:00,0.054,µg/m³,PM2.5-10,ED-XRF
60512,BEASLEY PARK _HAMILTON_DOWNTOWN_,Potassium,2010-07-19T00:00,0.040,µg/m³,PM2.5-10,ED-XRF
60512,BEASLEY PARK _HAMILTON_DOWNTOWN_,Potassium,2010-07-25T00:00,0.037,µg/m³,PM2.5-10,ED-XRF
60512,BEASLEY PARK _HAMILTON_DOWNTOWN_,Potassium,2010-07-31T00:00,0.066,µg/m³,PM2.5-10,ED-XRF
60512,BEASLEY PARK _HAMILTON_DOWNTOWN_,Potassium,2010-08-06T00:00,0.065,µg/m³,PM2.5-10,ED-XRF
60512,BEASLEY PARK _HAMILTON_DOWNTOWN_,Potassium,2010-08-18T00:00,0.104,µg/m³,PM2.5-10,ED-XRF
60512,BEASLEY PARK _HAMILTON_DOWNTOWN_,Potassium,2010-08-24T00:00,0.039,µg/m³,PM2.5-10,ED-XRF
60512,BEASLEY PARK _HAMILTON_DOWNTOWN_,Potassium,2010-08-30T00:00,0.125,µg/m³,PM2.5-10,ED-XRF
60512,BEASLEY PARK _HAMILTON_DOWNTOWN_,Potassium,2010-09-05T00:00,0.020,µg/m³,PM2.5-10,ED-XRF
60512,BEASLEY PARK _HAMILTON_DOWNTOWN_,Potassium,2010-09-11T00:00,0.120,µg/m³,PM2.5-10,ED-XRF
60512,BEASLEY PARK _HAMILTON_DOWNTOWN_,Potassium,2010-09-17T00:00,0.050,µg/m³,PM2.5-10,ED-XRF
60512,BEASLEY PARK _HAMILTON_DOWNTOWN_,Potassium,2010-09-23T00:00,0.088,µg/m³,PM2.5-10,ED-XRF
60512,BEASLEY PARK _HAMILTON_DOWNTOWN_,Potassium,2010-09-29T00:00,0.076,µg/m³,PM2.5-10,ED-XRF
60512,BEASLEY PARK _HAMILTON_DOWNTOWN_,Potassium,2010-10-05T00:00,0.028,µg/m³,PM2.5-10,ED-XRF
60512,BEASLEY PARK _HAMILTON_DOWNTOWN_,Potassium,2010-10-11T00:00,0.046,µg/m³,PM2.5-10,ED-XRF
60512,BEASLEY PARK _HAMILTON_DOWNTOWN_,Potassium,2010-10-17T00:00,0.059,µg/m³,PM2.5-10,ED-XRF
60512,BEASLEY PARK _HAMILTON_DOWNTOWN_,Potassium,2010-10-23T00:00,0.082,µg/m³,PM2.5-10,ED-XRF
60512,BEASLEY PARK _HAMILTON_DOWNTOWN_,Potassium,2010-10-29T00:00,0.035,µg/m³,PM2.5-10,ED-XRF
60512,BEASLEY PARK _HAMILTON_DOWNTOWN_,Potassium,2010-11-04T00:00,0.043,µg/m³,PM2.5-10,ED-XRF
60512,BEASLEY PARK _HAMILTON_DOWNTOWN_,Potassium,2010-11-10T00:00,0.126,µg/m³,PM2.5-10,ED-XRF
60512,BEASLEY PARK _HAMILTON_DOWNTOWN_,Potassium,2010-11-16T00:00,0.082,µg/m³,PM2.5-10,ED-XRF
60512,BEASLEY PARK _HAMILTON_DOWNTOWN_,Potassium,2010-11-22T00:00,0.036,µg/m³,PM2.5-10,ED-XRF
60512,BEASLEY PARK _HAMILTON_DOWNTOWN_,Potassium,2010-11-28T00:00,0.025,µg/m³,PM2.5-10,ED-XRF
60512,BEASLEY PARK _HAMILTON_DOWNTOWN_,Potassium,2010-12-04T00:00,0.015,µg/m³,PM2.5-10,ED-XRF
60512,BEASLEY PARK _HAMILTON_DOWNTOWN_,Potassium,2010-12-10T00:00,0.021,µg/m³,PM2.5-10,ED-XRF
60512,BEASLEY PARK _HAMILTON_DOWNTOWN_,Potassium,2010-12-16T00:00,0.020,µg/m³,PM2.5-10,ED-XRF
60512,BEASLEY PARK _HAMILTON_DOWNTOWN_,Potassium,2010-12-22T00:00,0.012,µg/m³,PM2.5-10,ED-XRF
60512,BEASLEY PARK _HAMILTON_DOWNTOWN_,Potassium,2010-01-02T00:00,0.008,µg/m³,PM2.5-10,IC
60512,BEASLEY PARK _HAMILTON_DOWNTOWN_,Potassium,2010-01-08T00:00,0.011,µg/m³,PM2.5-10,IC
60512,BEASLEY PARK _HAMILTON_DOWNTOWN_,Potassium,2010-01-14T00:00,0.010,µg/m³,PM2.5-10,IC
60512,BEASLEY PARK _HAMILTON_DOWNTOWN_,Potassium,2010-01-20T00:00,0.006,µg/m³,PM2.5-10,IC
60512,BEASLEY PARK _HAMILTON_DOWNTOWN_,Potassium,2010-01-26T00:00,0.009,µg/m³,PM2.5-10,IC
60512,BEASLEY PARK _HAMILTON_DOWNTOWN_,Potassium,2010-02-01T00:00,0.010,µg/m³,PM2.5-10,IC
60512,BEASLEY PARK _HAMILTON_DOWNTOWN_,Potassium,2010-02-13T00:00,0.010,µg/m³,PM2.5-10,IC
60512,BEASLEY PARK _HAMILTON_DOWNTOWN_,Potassium,2010-02-19T00:00,0.007,µg/m³,PM2.5-10,IC
60512,BEASLEY PARK _HAMILTON_DOWNTOWN_,Potassium,2010-02-25T00:00,0.005,µg/m³,PM2.5-10,IC
60512,BEASLEY PARK _HAMILTON_DOWNTOWN_,Potassium,2010-03-03T00:00,0.014,µg/m³,PM2.5-10,IC
60512,BEASLEY PARK _HAMILTON_DOWNTOWN_,Potassium,2010-03-09T00:00,0.022,µg/m³,PM2.5-10,IC
60512,BEASLEY PARK _HAMILTON_DOWNTOWN_,Potassium,2010-03-15T00:00,0.013,µg/m³,PM2.5-10,IC
60512,BEASLEY PARK _HAMILTON_DOWNTOWN_,Potassium,2010-03-21T00:00,0.017,µg/m³,PM2.5-10,IC
60512,BEASLEY PARK _HAMILTON_DOWNTOWN_,Potassium,2010-03-27T00:00,0.012,µg/m³,PM2.5-10,IC
60512,BEASLEY PARK _HAMILTON_DOWNTOWN_,Potassium,2010-04-02T00:00,0.029,µg/m³,PM2.5-10,IC
60512,BEASLEY PARK _HAMILTON_DOWNTOWN_,Potassium,2010-04-08T00:00,0.014,µg/m³,PM2.5-10,IC
60512,BEASLEY PARK _HAMILTON_DOWNTOWN_,Potassium,2010-04-14T00:00,0.035,µg/m³,PM2.5-10,IC
60512,BEASLEY PARK _HAMILTON_DOWNTOWN_,Potassium,2010-04-20T00:00,0.017,µg/m³,PM2.5-10,IC
60512,BEASLEY PARK _HAMILTON_DOWNTOWN_,Potassium,2010-04-26T00:00,0.020,µg/m³,PM2.5-10,IC
60512,BEASLEY PARK _HAMILTON_DOWNTOWN_,Potassium,2010-05-02T00:00,0.015,µg/m³,PM2.5-10,IC
60512,BEASLEY PARK _HAMILTON_DOWNTOWN_,Potassium,2010-05-08T00:00,0.015,µg/m³,PM2.5-10,IC
60512,BEASLEY PARK _HAMILTON_DOWNTOWN_,Potassium,2010-05-14T00:00,0.031,µg/m³,PM2.5-10,IC
60512,BEASLEY PARK _HAMILTON_DOWNTOWN_,Potassium,2010-05-20T00:00,0.053,µg/m³,PM2.5-10,IC
60512,BEASLEY PARK _HAMILTON_DOWNTOWN_,Potassium,2010-05-26T00:00,0.048,µg/m³,PM2.5-10,IC
60512,BEASLEY PARK _HAMILTON_DOWNTOWN_,Potassium,2010-06-01T00:00,0.025,µg/m³,PM2.5-10,IC
60512,BEASLEY PARK _HAMILTON_DOWNTOWN_,Potassium,2010-06-07T00:00,0.027,µg/m³,PM2.5-10,IC
60512,BEASLEY PARK _HAMILTON_DOWNTOWN_,Potassium,2010-06-19T00:00,0.030,µg/m³,PM2.5-10,IC
60512,BEASLEY PARK _HAMILTON_DOWNTOWN_,Potassium,2010-07-01T00:00,0.051,µg/m³,PM2.5-10,IC
60512,BEASLEY PARK _HAMILTON_DOWNTOWN_,Potassium,2010-07-07T00:00,0.046,µg/m³,PM2.5-10,IC
60512,BEASLEY PARK _HAMILTON_DOWNTOWN_,Potassium,2010-07-13T00:00,0.035,µg/m³,PM2.5-10,IC
60512,BEASLEY PARK _HAMILTON_DOWNTOWN_,Potassium,2010-07-19T00:00,0.031,µg/m³,PM2.5-10,IC
60512,BEASLEY PARK _HAMILTON_DOWNTOWN_,Potassium,2010-07-25T00:00,0.035,µg/m³,PM2.5-10,IC
60512,BEASLEY PARK _HAMILTON_DOWNTOWN_,Potassium,2010-07-31T00:00,0.044,µg/m³,PM2.5-10,IC
60512,BEASLEY PARK _HAMILTON_DOWNTOWN_,Potassium,2010-08-06T00:00,0.029,µg/m³,PM2.5-10,IC
60512,BEASLEY PARK _HAMILTON_DOWNTOWN_,Potassium,2010-08-18T00:00,0.028,µg/m³,PM2.5-10,IC
60512,BEASLEY PARK _HAMILTON_DOWNTOWN_,Potassium,2010-08-24T00:00,0.024,µg/m³,PM2.5-10,IC
60512,BEASLEY PARK _HAMILTON_DOWNTOWN_,Potassium,2010-08-30T00:00,0.032,µg/m³,PM2.5-10,IC
60512,BEASLEY PARK _HAMILTON_DOWNTOWN_,Potassium,2010-09-05T00:00,0.018,µg/m³,PM2.5-10,IC
60512,BEASLEY PARK _HAMILTON_DOWNTOWN_,Potassium,2010-09-11T00:00,0.036,µg/m³,PM2.5-10,IC
60512,BEASLEY PARK _HAMILTON_DOWNTOWN_,Potassium,2010-09-17T00:00,0.026,µg/m³,PM2.5-10,IC
60512,BEASLEY PARK _HAMILTON_DOWNTOWN_,Potassium,2010-09-23T00:00,0.044,µg/m³,PM2.5-10,IC
60512,BEASLEY PARK _HAMILTON_DOWNTOWN_,Potassium,2010-09-29T00:00,0.041,µg/m³,PM2.5-10,IC
60512,BEASLEY PARK _HAMILTON_DOWNTOWN_,Potassium,2010-10-05T00:00,0.016,µg/m³,PM2.5-10,IC
60512,BEASLEY PARK _HAMILTON_DOWNTOWN_,Potassium,2010-10-11T00:00,0.018,µg/m³,PM2.5-10,IC
60512,BEASLEY PARK _HAMILTON_DOWNTOWN_,Potassium,2010-10-17T00:00,0.020,µg/m³,PM2.5-10,IC
60512,BEASLEY PARK _HAMILTON_DOWNTOWN_,Potassium,2010-10-23T00:00,0.024,µg/m³,PM2.5-10,IC
60512,BEASLEY PARK _HAMILTON_DOWNTOWN_,Potassium,2010-10-29T00:00,0.011,µg/m³,PM2.5-10,IC
60512,BEASLEY PARK _HAMILTON_DOWNTOWN_,Potassium,2010-11-04T00:00,0.016,µg/m³,PM2.5-10,IC
60512,BEASLEY PARK _HAMILTON_DOWNTOWN_,Potassium,2010-11-10T00:00,0.030,µg/m³,PM2.5-10,IC
60512,BEASLEY PARK _HAMILTON_DOWNTOWN_,Potassium,2010-11-16T00:00,0.024,µg/m³,PM2.5-10,IC
60512,BEASLEY PARK _HAMILTON_DOWNTOWN_,Potassium,2010-11-22T00:00,0.023,µg/m³,PM2.5-10,IC
60512,BEASLEY PARK _HAMILTON_DOWNTOWN_,Potassium,2010-11-28T00:00,0.007,µg/m³,PM2.5-10,IC
60512,BEASLEY PARK _HAMILTON_DOWNTOWN_,Potassium,2010-12-04T00:00,0.005,µg/m³,PM2.5-10,IC
60512,BEASLEY PARK _HAMILTON_DOWNTOWN_,Potassium,2010-12-10T00:00,0.010,µg/m³,PM2.5-10,IC
60512,BEASLEY PARK _HAMILTON_DOWNTOWN_,Potassium,2010-12-16T00:00,0.010,µg/m³,PM2.5-10,IC
60512,BEASLEY PARK _HAMILTON_DOWNTOWN_,Potassium,2010-12-22T00:00,0.007,µg/m³,PM2.5-10,IC
