﻿NAPS_Site_ID,Station_Name,Pollutant,Date,Value,Units,Report_Type,Method
50104,ONTARIO,Nitrate,2008-01-01T00:00,0.667,µg/m³,IC,
50104,ONTARIO,Nitrate,2008-01-01T00:00,1.384,µg/m³,IC,
50104,ONTARIO,Nitrate,2008-01-04T00:00,0.694,µg/m³,IC,
50104,ONTARIO,Nitrate,2008-01-04T00:00,4.333,µg/m³,IC,
50104,ONTARIO,Nitrate,2008-01-07T00:00,0.328,µg/m³,IC,
50104,ONTARIO,Nitrate,2008-01-07T00:00,5.066,µg/m³,IC,
50104,ONTARIO,Nitrate,2008-01-19T00:00,0.464,µg/m³,IC,
50104,ONTARIO,Nitrate,2008-01-19T00:00,2.330,µg/m³,IC,
50104,ONTARIO,Nitrate,2008-01-22T00:00,0.233,µg/m³,IC,
50104,ONTARIO,Nitrate,2008-01-22T00:00,6.616,µg/m³,IC,
50104,ONTARIO,Nitrate,2008-01-25T00:00,0.352,µg/m³,IC,
50104,ONTARIO,Nitrate,2008-01-25T00:00,2.193,µg/m³,IC,
50104,ONTARIO,Nitrate,2008-01-28T00:00,0.435,µg/m³,IC,
50104,ONTARIO,Nitrate,2008-01-28T00:00,8.206,µg/m³,IC,
50104,ONTARIO,Nitrate,2008-01-31T00:00,0.101,µg/m³,IC,
50104,ONTARIO,Nitrate,2008-01-31T00:00,1.066,µg/m³,IC,
50104,ONTARIO,Nitrate,2008-02-03T00:00,0.326,µg/m³,IC,
50104,ONTARIO,Nitrate,2008-02-03T00:00,5.108,µg/m³,IC,
50104,ONTARIO,Nitrate,2008-02-06T00:00,0.216,µg/m³,IC,
50104,ONTARIO,Nitrate,2008-02-06T00:00,0.341,µg/m³,IC,
50104,ONTARIO,Nitrate,2008-02-09T00:00,0.385,µg/m³,IC,
50104,ONTARIO,Nitrate,2008-02-09T00:00,23.595,µg/m³,IC,
50104,ONTARIO,Nitrate,2008-02-12T00:00,0.220,µg/m³,IC,
50104,ONTARIO,Nitrate,2008-02-12T00:00,2.119,µg/m³,IC,
50104,ONTARIO,Nitrate,2008-02-15T00:00,0.725,µg/m³,IC,
50104,ONTARIO,Nitrate,2008-02-15T00:00,1.296,µg/m³,IC,
50104,ONTARIO,Nitrate,2008-02-18T00:00,0.590,µg/m³,IC,
50104,ONTARIO,Nitrate,2008-02-18T00:00,0.697,µg/m³,IC,
50104,ONTARIO,Nitrate,2008-02-24T00:00,1.039,µg/m³,IC,
50104,ONTARIO,Nitrate,2008-02-24T00:00,3.171,µg/m³,IC,
50104,ONTARIO,Nitrate,2008-02-27T00:00,0.250,µg/m³,IC,
50104,ONTARIO,Nitrate,2008-02-27T00:00,0.561,µg/m³,IC,
50104,ONTARIO,Nitrate,2008-03-01T00:00,1.315,µg/m³,IC,
50104,ONTARIO,Nitrate,2008-03-01T00:00,3.061,µg/m³,IC,
50104,ONTARIO,Nitrate,2008-03-04T00:00,0.255,µg/m³,IC,
50104,ONTARIO,Nitrate,2008-03-04T00:00,0.478,µg/m³,IC,
50104,ONTARIO,Nitrate,2008-01-01T00:00,0.205,µg/m³,NA,
50104,ONTARIO,Nitrate,2008-01-04T00:00,0.154,µg/m³,NA,
50104,ONTARIO,Nitrate,2008-01-07T00:00,0.380,µg/m³,NA,
50104,ONTARIO,Nitrate,2008-01-19T00:00,0.403,µg/m³,NA,
50104,ONTARIO,Nitrate,2008-01-22T00:00,0.416,µg/m³,NA,
50104,ONTARIO,Nitrate,2008-01-25T00:00,0.455,µg/m³,NA,
50104,ONTARIO,Nitrate,2008-01-28T00:00,0.221,µg/m³,NA,
50104,ONTARIO,Nitrate,2008-01-31T00:00,0.235,µg/m³,NA,
50104,ONTARIO,Nitrate,2008-02-03T00:00,0.209,µg/m³,NA,
50104,ONTARIO,Nitrate,2008-02-06T00:00,0.325,µg/m³,NA,
50104,ONTARIO,Nitrate,2008-02-09T00:00,0.562,µg/m³,NA,
50104,ONTARIO,Nitrate,2008-02-12T00:00,0.498,µg/m³,NA,
50104,ONTARIO,Nitrate,2008-02-15T00:00,0.322,µg/m³,NA,
50104,ONTARIO,Nitrate,2008-02-18T00:00,0.414,µg/m³,NA,
50104,ONTARIO,Nitrate,2008-02-24T00:00,0.664,µg/m³,NA,
50104,ONTARIO,Nitrate,2008-02-27T00:00,0.410,µg/m³,NA,
50104,ONTARIO,Nitrate,2008-03-01T00:00,0.374,µg/m³,NA,
50104,ONTARIO,Nitrate,2008-03-04T00:00,0.368,µg/m³,NA,
50104,ONTARIO,Nitrate,2008-01-01T00:00,2.051,µg/m³,SPEC,
50104,ONTARIO,Nitrate,2008-01-04T00:00,5.027,µg/m³,SPEC,
50104,ONTARIO,Nitrate,2008-01-07T00:00,5.394,µg/m³,SPEC,
50104,ONTARIO,Nitrate,2008-01-19T00:00,2.794,µg/m³,SPEC,
50104,ONTARIO,Nitrate,2008-01-22T00:00,6.849,µg/m³,SPEC,
50104,ONTARIO,Nitrate,2008-01-25T00:00,2.546,µg/m³,SPEC,
50104,ONTARIO,Nitrate,2008-01-28T00:00,8.641,µg/m³,SPEC,
50104,ONTARIO,Nitrate,2008-01-31T00:00,1.167,µg/m³,SPEC,
50104,ONTARIO,Nitrate,2008-02-03T00:00,5.434,µg/m³,SPEC,
50104,ONTARIO,Nitrate,2008-02-06T00:00,0.557,µg/m³,SPEC,
50104,ONTARIO,Nitrate,2008-02-09T00:00,23.980,µg/m³,SPEC,
50104,ONTARIO,Nitrate,2008-02-12T00:00,2.339,µg/m³,SPEC,
50104,ONTARIO,Nitrate,2008-02-15T00:00,2.021,µg/m³,SPEC,
50104,ONTARIO,Nitrate,2008-02-18T00:00,1.287,µg/m³,SPEC,
50104,ONTARIO,Nitrate,2008-02-24T00:00,4.210,µg/m³,SPEC,
50104,ONTARIO,Nitrate,2008-02-27T00:00,0.811,µg/m³,SPEC,
50104,ONTARIO,Nitrate,2008-03-01T00:00,4.376,µg/m³,SPEC,
50104,ONTARIO,Nitrate,2008-03-04T00:00,0.733,µg/m³,SPEC,
