﻿NAPS_Site_ID,Station_Name,Pollutant,Date,Value,Units,Report_Type,Method
70119,ELLEN,Potassium,1995-01-03T00:00,0.007,µg/m³,DICHOT,EDXRF
70119,ELLEN,Potassium,1995-01-03T00:00,0.033,µg/m³,DICHOT,EDXRF
70119,ELLEN,Potassium,1995-01-09T00:00,0.023,µg/m³,DICHOT,EDXRF
70119,ELLEN,Potassium,1995-01-09T00:00,0.062,µg/m³,DICHOT,EDXRF
70119,ELLEN,Potassium,1995-01-15T00:00,0.010,µg/m³,DICHOT,EDXRF
70119,ELLEN,Potassium,1995-01-15T00:00,0.113,µg/m³,DICHOT,EDXRF
70119,ELLEN,Potassium,1995-01-21T00:00,0.013,µg/m³,DICHOT,EDXRF
70119,ELLEN,Potassium,1995-01-21T00:00,0.020,µg/m³,DICHOT,EDXRF
70119,ELLEN,Potassium,1995-01-27T00:00,0.037,µg/m³,DICHOT,EDXRF
70119,ELLEN,Potassium,1995-01-27T00:00,0.141,µg/m³,DICHOT,EDXRF
70119,ELLEN,Potassium,1995-02-02T00:00,0.036,µg/m³,DICHOT,EDXRF
70119,ELLEN,Potassium,1995-02-02T00:00,0.078,µg/m³,DICHOT,EDXRF
70119,ELLEN,Potassium,1995-02-08T00:00,0.024,µg/m³,DICHOT,EDXRF
70119,ELLEN,Potassium,1995-02-08T00:00,0.047,µg/m³,DICHOT,EDXRF
70119,ELLEN,Potassium,1995-02-14T00:00,0.018,µg/m³,DICHOT,EDXRF
70119,ELLEN,Potassium,1995-02-14T00:00,0.054,µg/m³,DICHOT,EDXRF
70119,ELLEN,Potassium,1995-02-20T00:00,0.023,µg/m³,DICHOT,EDXRF
70119,ELLEN,Potassium,1995-02-20T00:00,0.045,µg/m³,DICHOT,EDXRF
70119,ELLEN,Potassium,1995-02-26T00:00,0.030,µg/m³,DICHOT,EDXRF
70119,ELLEN,Potassium,1995-02-26T00:00,0.030,µg/m³,DICHOT,EDXRF
70119,ELLEN,Potassium,1995-03-04T00:00,0.033,µg/m³,DICHOT,EDXRF
70119,ELLEN,Potassium,1995-03-04T00:00,0.078,µg/m³,DICHOT,EDXRF
70119,ELLEN,Potassium,1995-03-10T00:00,0.032,µg/m³,DICHOT,EDXRF
70119,ELLEN,Potassium,1995-03-10T00:00,0.067,µg/m³,DICHOT,EDXRF
70119,ELLEN,Potassium,1995-03-16T00:00,0.038,µg/m³,DICHOT,EDXRF
70119,ELLEN,Potassium,1995-03-16T00:00,0.084,µg/m³,DICHOT,EDXRF
70119,ELLEN,Potassium,1995-03-22T00:00,0.026,µg/m³,DICHOT,EDXRF
70119,ELLEN,Potassium,1995-03-22T00:00,0.096,µg/m³,DICHOT,EDXRF
70119,ELLEN,Potassium,1995-03-28T00:00,0.005,µg/m³,DICHOT,EDXRF
70119,ELLEN,Potassium,1995-03-28T00:00,0.130,µg/m³,DICHOT,EDXRF
70119,ELLEN,Potassium,1995-04-03T00:00,0.039,µg/m³,DICHOT,EDXRF
70119,ELLEN,Potassium,1995-04-03T00:00,0.128,µg/m³,DICHOT,EDXRF
70119,ELLEN,Potassium,1995-04-09T00:00,0.042,µg/m³,DICHOT,EDXRF
70119,ELLEN,Potassium,1995-04-09T00:00,0.186,µg/m³,DICHOT,EDXRF
70119,ELLEN,Potassium,1995-04-15T00:00,0.028,µg/m³,DICHOT,EDXRF
70119,ELLEN,Potassium,1995-04-15T00:00,0.180,µg/m³,DICHOT,EDXRF
70119,ELLEN,Potassium,1995-04-21T00:00,0.036,µg/m³,DICHOT,EDXRF
70119,ELLEN,Potassium,1995-04-21T00:00,0.098,µg/m³,DICHOT,EDXRF
70119,ELLEN,Potassium,1995-04-27T00:00,0.000,µg/m³,DICHOT,EDXRF
70119,ELLEN,Potassium,1995-04-27T00:00,0.040,µg/m³,DICHOT,EDXRF
70119,ELLEN,Potassium,1995-05-03T00:00,0.033,µg/m³,DICHOT,EDXRF
70119,ELLEN,Potassium,1995-05-03T00:00,0.119,µg/m³,DICHOT,EDXRF
70119,ELLEN,Potassium,1995-05-09T00:00,0.068,µg/m³,DICHOT,EDXRF
70119,ELLEN,Potassium,1995-05-09T00:00,0.143,µg/m³,DICHOT,EDXRF
70119,ELLEN,Potassium,1995-05-15T00:00,0.040,µg/m³,DICHOT,EDXRF
70119,ELLEN,Potassium,1995-05-15T00:00,0.085,µg/m³,DICHOT,EDXRF
70119,ELLEN,Potassium,1995-05-21T00:00,0.080,µg/m³,DICHOT,EDXRF
70119,ELLEN,Potassium,1995-05-21T00:00,0.081,µg/m³,DICHOT,EDXRF
70119,ELLEN,Potassium,1995-05-27T00:00,0.034,µg/m³,DICHOT,EDXRF
70119,ELLEN,Potassium,1995-05-27T00:00,0.105,µg/m³,DICHOT,EDXRF
70119,ELLEN,Potassium,1995-06-02T00:00,0.088,µg/m³,DICHOT,EDXRF
70119,ELLEN,Potassium,1995-06-02T00:00,0.235,µg/m³,DICHOT,EDXRF
70119,ELLEN,Potassium,1995-06-08T00:00,0.035,µg/m³,DICHOT,EDXRF
70119,ELLEN,Potassium,1995-06-08T00:00,0.036,µg/m³,DICHOT,EDXRF
70119,ELLEN,Potassium,1995-06-14T00:00,0.093,µg/m³,DICHOT,EDXRF
70119,ELLEN,Potassium,1995-06-14T00:00,0.163,µg/m³,DICHOT,EDXRF
70119,ELLEN,Potassium,1995-06-20T00:00,0.081,µg/m³,DICHOT,EDXRF
70119,ELLEN,Potassium,1995-06-20T00:00,0.139,µg/m³,DICHOT,EDXRF
70119,ELLEN,Potassium,1995-06-26T00:00,0.018,µg/m³,DICHOT,EDXRF
70119,ELLEN,Potassium,1995-06-26T00:00,0.046,µg/m³,DICHOT,EDXRF
70119,ELLEN,Potassium,1995-07-02T00:00,0.027,µg/m³,DICHOT,EDXRF
70119,ELLEN,Potassium,1995-07-02T00:00,0.073,µg/m³,DICHOT,EDXRF
70119,ELLEN,Potassium,1995-07-08T00:00,0.022,µg/m³,DICHOT,EDXRF
70119,ELLEN,Potassium,1995-07-08T00:00,0.062,µg/m³,DICHOT,EDXRF
70119,ELLEN,Potassium,1995-07-14T00:00,0.037,µg/m³,DICHOT,EDXRF
70119,ELLEN,Potassium,1995-07-14T00:00,0.064,µg/m³,DICHOT,EDXRF
70119,ELLEN,Potassium,1995-07-20T00:00,0.026,µg/m³,DICHOT,EDXRF
70119,ELLEN,Potassium,1995-07-20T00:00,0.090,µg/m³,DICHOT,EDXRF
70119,ELLEN,Potassium,1995-07-26T00:00,0.023,µg/m³,DICHOT,EDXRF
70119,ELLEN,Potassium,1995-07-26T00:00,0.185,µg/m³,DICHOT,EDXRF
70119,ELLEN,Potassium,1995-08-01T00:00,0.069,µg/m³,DICHOT,EDXRF
70119,ELLEN,Potassium,1995-08-01T00:00,0.082,µg/m³,DICHOT,EDXRF
70119,ELLEN,Potassium,1995-08-07T00:00,0.157,µg/m³,DICHOT,EDXRF
70119,ELLEN,Potassium,1995-08-07T00:00,0.260,µg/m³,DICHOT,EDXRF
70119,ELLEN,Potassium,1995-08-13T00:00,0.044,µg/m³,DICHOT,EDXRF
70119,ELLEN,Potassium,1995-08-13T00:00,0.088,µg/m³,DICHOT,EDXRF
70119,ELLEN,Potassium,1995-08-19T00:00,0.026,µg/m³,DICHOT,EDXRF
70119,ELLEN,Potassium,1995-08-19T00:00,0.128,µg/m³,DICHOT,EDXRF
70119,ELLEN,Potassium,1995-08-25T00:00,0.036,µg/m³,DICHOT,EDXRF
70119,ELLEN,Potassium,1995-08-25T00:00,0.065,µg/m³,DICHOT,EDXRF
70119,ELLEN,Potassium,1995-08-31T00:00,0.052,µg/m³,DICHOT,EDXRF
70119,ELLEN,Potassium,1995-08-31T00:00,0.095,µg/m³,DICHOT,EDXRF
70119,ELLEN,Potassium,1995-09-06T00:00,0.017,µg/m³,DICHOT,EDXRF
70119,ELLEN,Potassium,1995-09-06T00:00,0.026,µg/m³,DICHOT,EDXRF
70119,ELLEN,Potassium,1995-09-12T00:00,0.079,µg/m³,DICHOT,EDXRF
70119,ELLEN,Potassium,1995-09-12T00:00,0.118,µg/m³,DICHOT,EDXRF
70119,ELLEN,Potassium,1995-09-18T00:00,0.022,µg/m³,DICHOT,EDXRF
70119,ELLEN,Potassium,1995-09-18T00:00,0.024,µg/m³,DICHOT,EDXRF
70119,ELLEN,Potassium,1995-09-24T00:00,0.144,µg/m³,DICHOT,EDXRF
70119,ELLEN,Potassium,1995-09-24T00:00,0.331,µg/m³,DICHOT,EDXRF
70119,ELLEN,Potassium,1995-09-30T00:00,0.049,µg/m³,DICHOT,EDXRF
70119,ELLEN,Potassium,1995-09-30T00:00,0.090,µg/m³,DICHOT,EDXRF
70119,ELLEN,Potassium,1995-10-06T00:00,0.037,µg/m³,DICHOT,EDXRF
70119,ELLEN,Potassium,1995-10-06T00:00,0.040,µg/m³,DICHOT,EDXRF
70119,ELLEN,Potassium,1995-10-12T00:00,0.127,µg/m³,DICHOT,EDXRF
70119,ELLEN,Potassium,1995-10-12T00:00,0.249,µg/m³,DICHOT,EDXRF
70119,ELLEN,Potassium,1995-10-18T00:00,0.028,µg/m³,DICHOT,EDXRF
70119,ELLEN,Potassium,1995-10-18T00:00,0.035,µg/m³,DICHOT,EDXRF
70119,ELLEN,Potassium,1995-10-24T00:00,0.110,µg/m³,DICHOT,EDXRF
70119,ELLEN,Potassium,1995-10-24T00:00,0.122,µg/m³,DICHOT,EDXRF
70119,ELLEN,Potassium,1995-10-30T00:00,0.008,µg/m³,DICHOT,EDXRF
70119,ELLEN,Potassium,1995-10-30T00:00,0.012,µg/m³,DICHOT,EDXRF
70119,ELLEN,Potassium,1995-11-05T00:00,0.029,µg/m³,DICHOT,EDXRF
70119,ELLEN,Potassium,1995-11-05T00:00,0.083,µg/m³,DICHOT,EDXRF
70119,ELLEN,Potassium,1995-11-11T00:00,0.021,µg/m³,DICHOT,EDXRF
70119,ELLEN,Potassium,1995-11-11T00:00,0.064,µg/m³,DICHOT,EDXRF
70119,ELLEN,Potassium,1995-11-17T00:00,0.024,µg/m³,DICHOT,EDXRF
70119,ELLEN,Potassium,1995-11-17T00:00,0.040,µg/m³,DICHOT,EDXRF
70119,ELLEN,Potassium,1995-11-23T00:00,0.027,µg/m³,DICHOT,EDXRF
70119,ELLEN,Potassium,1995-11-23T00:00,0.054,µg/m³,DICHOT,EDXRF
70119,ELLEN,Potassium,1995-11-29T00:00,0.031,µg/m³,DICHOT,EDXRF
70119,ELLEN,Potassium,1995-11-29T00:00,0.085,µg/m³,DICHOT,EDXRF
70119,ELLEN,Potassium,1995-12-05T00:00,0.189,µg/m³,DICHOT,EDXRF
70119,ELLEN,Potassium,1995-12-05T00:00,0.201,µg/m³,DICHOT,EDXRF
70119,ELLEN,Potassium,1995-12-11T00:00,0.000,µg/m³,DICHOT,EDXRF
70119,ELLEN,Potassium,1995-12-11T00:00,0.023,µg/m³,DICHOT,EDXRF
