﻿NAPS_Site_ID,Station_Name,Pollutant,Date,Value,Units,Report_Type,Method
60302,KINGSTON,Ethylbenzene,2001-01-07T00:00,0.430,µg/m³,VOC,
60302,KINGSTON,Ethylbenzene,2001-01-13T00:00,0.970,µg/m³,VOC,
60302,KINGSTON,Ethylbenzene,2001-01-19T00:00,0.880,µg/m³,VOC,
60302,KINGSTON,Ethylbenzene,2001-02-06T00:00,1.270,µg/m³,VOC,
60302,KINGSTON,Ethylbenzene,2001-02-12T00:00,1.710,µg/m³,VOC,
60302,KINGSTON,Ethylbenzene,2001-02-18T00:00,0.550,µg/m³,VOC,
60302,KINGSTON,Ethylbenzene,2001-02-24T00:00,0.480,µg/m³,VOC,
60302,KINGSTON,Ethylbenzene,2001-03-14T00:00,0.700,µg/m³,VOC,
60302,KINGSTON,Ethylbenzene,2001-03-20T00:00,1.250,µg/m³,VOC,
60302,KINGSTON,Ethylbenzene,2001-03-26T00:00,0.600,µg/m³,VOC,
60302,KINGSTON,Ethylbenzene,2001-04-07T00:00,0.220,µg/m³,VOC,
60302,KINGSTON,Ethylbenzene,2001-04-13T00:00,0.490,µg/m³,VOC,
60302,KINGSTON,Ethylbenzene,2001-04-19T00:00,0.450,µg/m³,VOC,
60302,KINGSTON,Ethylbenzene,2001-04-25T00:00,0.330,µg/m³,VOC,
60302,KINGSTON,Ethylbenzene,2001-05-07T00:00,0.490,µg/m³,VOC,
60302,KINGSTON,Ethylbenzene,2001-05-13T00:00,0.340,µg/m³,VOC,
60302,KINGSTON,Ethylbenzene,2001-05-25T00:00,0.650,µg/m³,VOC,
60302,KINGSTON,Ethylbenzene,2001-05-31T00:00,0.790,µg/m³,VOC,
60302,KINGSTON,Ethylbenzene,2001-06-06T00:00,0.880,µg/m³,VOC,
60302,KINGSTON,Ethylbenzene,2001-06-12T00:00,1.270,µg/m³,VOC,
60302,KINGSTON,Ethylbenzene,2001-06-18T00:00,0.940,µg/m³,VOC,
60302,KINGSTON,Ethylbenzene,2001-06-24T00:00,1.270,µg/m³,VOC,
60302,KINGSTON,Ethylbenzene,2001-06-30T00:00,1.140,µg/m³,VOC,
60302,KINGSTON,Ethylbenzene,2001-07-06T00:00,0.540,µg/m³,VOC,
60302,KINGSTON,Ethylbenzene,2001-07-12T00:00,0.830,µg/m³,VOC,
60302,KINGSTON,Ethylbenzene,2001-07-18T00:00,0.670,µg/m³,VOC,
60302,KINGSTON,Ethylbenzene,2001-07-24T00:00,0.540,µg/m³,VOC,
60302,KINGSTON,Ethylbenzene,2001-07-30T00:00,1.050,µg/m³,VOC,
60302,KINGSTON,Ethylbenzene,2001-08-05T00:00,1.310,µg/m³,VOC,
60302,KINGSTON,Ethylbenzene,2001-08-11T00:00,0.910,µg/m³,VOC,
60302,KINGSTON,Ethylbenzene,2001-09-10T00:00,0.730,µg/m³,VOC,
60302,KINGSTON,Ethylbenzene,2001-09-16T00:00,0.850,µg/m³,VOC,
60302,KINGSTON,Ethylbenzene,2001-09-22T00:00,0.980,µg/m³,VOC,
60302,KINGSTON,Ethylbenzene,2001-09-28T00:00,0.680,µg/m³,VOC,
60302,KINGSTON,Ethylbenzene,2001-10-04T00:00,0.830,µg/m³,VOC,
60302,KINGSTON,Ethylbenzene,2001-10-10T00:00,0.570,µg/m³,VOC,
60302,KINGSTON,Ethylbenzene,2001-10-16T00:00,0.460,µg/m³,VOC,
60302,KINGSTON,Ethylbenzene,2001-10-22T00:00,1.180,µg/m³,VOC,
60302,KINGSTON,Ethylbenzene,2001-10-28T00:00,0.500,µg/m³,VOC,
60302,KINGSTON,Ethylbenzene,2001-11-03T00:00,0.730,µg/m³,VOC,
60302,KINGSTON,Ethylbenzene,2001-11-09T00:00,0.690,µg/m³,VOC,
60302,KINGSTON,Ethylbenzene,2001-11-15T00:00,0.820,µg/m³,VOC,
60302,KINGSTON,Ethylbenzene,2001-11-21T00:00,0.900,µg/m³,VOC,
60302,KINGSTON,Ethylbenzene,2001-11-27T00:00,0.360,µg/m³,VOC,
60302,KINGSTON,Ethylbenzene,2001-12-03T00:00,1.160,µg/m³,VOC,
60302,KINGSTON,Ethylbenzene,2001-12-09T00:00,1.310,µg/m³,VOC,
60302,KINGSTON,Ethylbenzene,2001-12-15T00:00,0.380,µg/m³,VOC,
60302,KINGSTON,Ethylbenzene,2001-12-21T00:00,0.570,µg/m³,VOC,
