﻿NAPS_Site_ID,Station_Name,Pollutant,Date,Value,Units,Report_Type,Method
20401,SOUTHAMPTON-Eastern District Agriculture And Forestry,Bromine,2016-11-02T00:00,0.000,µg/m³,PM2.5,ED-XRF
20401,SOUTHAMPTON-Eastern District Agriculture And Forestry,Bromine,2016-11-08T00:00,0.000,µg/m³,PM2.5,ED-XRF
20401,SOUTHAMPTON-Eastern District Agriculture And Forestry,Bromine,2016-11-14T00:00,0.001,µg/m³,PM2.5,ED-XRF
20401,SOUTHAMPTON-Eastern District Agriculture And Forestry,Bromine,2016-11-20T00:00,0.000,µg/m³,PM2.5,ED-XRF
20401,SOUTHAMPTON-Eastern District Agriculture And Forestry,Bromine,2016-11-26T00:00,0.000,µg/m³,PM2.5,ED-XRF
20401,SOUTHAMPTON-Eastern District Agriculture And Forestry,Bromine,2016-12-02T00:00,0.000,µg/m³,PM2.5,ED-XRF
20401,SOUTHAMPTON-Eastern District Agriculture And Forestry,Bromine,2016-12-08T00:00,0.000,µg/m³,PM2.5,ED-XRF
20401,SOUTHAMPTON-Eastern District Agriculture And Forestry,Bromine,2016-12-14T00:00,0.001,µg/m³,PM2.5,ED-XRF
20401,SOUTHAMPTON-Eastern District Agriculture And Forestry,Bromine,2016-12-26T00:00,0.001,µg/m³,PM2.5,ED-XRF
