﻿NAPS_Site_ID,Station_Name,Pollutant,Date,Value,Units,Report_Type,Method
101701,QUESNEL SENIOR SECONDARY,Ethylbenzene,2008-01-01T00:00,0.144,µg/m³,VOC,N/A
101701,QUESNEL SENIOR SECONDARY,Ethylbenzene,2008-01-04T00:00,0.322,µg/m³,VOC,N/A
101701,QUESNEL SENIOR SECONDARY,Ethylbenzene,2008-01-07T00:00,0.683,µg/m³,VOC,N/A
101701,QUESNEL SENIOR SECONDARY,Ethylbenzene,2008-01-10T00:00,0.487,µg/m³,VOC,N/A
101701,QUESNEL SENIOR SECONDARY,Ethylbenzene,2008-01-10T00:00,0.502,µg/m³,VOC,N/A
101701,QUESNEL SENIOR SECONDARY,Ethylbenzene,2008-01-13T00:00,0.138,µg/m³,VOC,N/A
101701,QUESNEL SENIOR SECONDARY,Ethylbenzene,2008-01-16T00:00,0.351,µg/m³,VOC,N/A
101701,QUESNEL SENIOR SECONDARY,Ethylbenzene,2008-01-19T00:00,0.283,µg/m³,VOC,N/A
101701,QUESNEL SENIOR SECONDARY,Ethylbenzene,2008-01-22T00:00,0.353,µg/m³,VOC,N/A
101701,QUESNEL SENIOR SECONDARY,Ethylbenzene,2008-01-25T00:00,0.317,µg/m³,VOC,N/A
101701,QUESNEL SENIOR SECONDARY,Ethylbenzene,2008-01-31T00:00,0.153,µg/m³,VOC,N/A
101701,QUESNEL SENIOR SECONDARY,Ethylbenzene,2008-02-06T00:00,0.150,µg/m³,VOC,N/A
101701,QUESNEL SENIOR SECONDARY,Ethylbenzene,2008-02-09T00:00,0.047,µg/m³,VOC,N/A
101701,QUESNEL SENIOR SECONDARY,Ethylbenzene,2008-02-12T00:00,0.557,µg/m³,VOC,N/A
101701,QUESNEL SENIOR SECONDARY,Ethylbenzene,2008-02-15T00:00,0.427,µg/m³,VOC,N/A
101701,QUESNEL SENIOR SECONDARY,Ethylbenzene,2008-02-18T00:00,0.929,µg/m³,VOC,N/A
101701,QUESNEL SENIOR SECONDARY,Ethylbenzene,2008-02-21T00:00,1.116,µg/m³,VOC,N/A
101701,QUESNEL SENIOR SECONDARY,Ethylbenzene,2008-02-24T00:00,0.624,µg/m³,VOC,N/A
101701,QUESNEL SENIOR SECONDARY,Ethylbenzene,2008-02-27T00:00,0.367,µg/m³,VOC,N/A
101701,QUESNEL SENIOR SECONDARY,Ethylbenzene,2008-03-01T00:00,0.145,µg/m³,VOC,N/A
101701,QUESNEL SENIOR SECONDARY,Ethylbenzene,2008-03-04T00:00,0.269,µg/m³,VOC,N/A
101701,QUESNEL SENIOR SECONDARY,Ethylbenzene,2008-03-07T00:00,0.692,µg/m³,VOC,N/A
101701,QUESNEL SENIOR SECONDARY,Ethylbenzene,2008-03-10T00:00,0.401,µg/m³,VOC,N/A
101701,QUESNEL SENIOR SECONDARY,Ethylbenzene,2008-03-13T00:00,0.234,µg/m³,VOC,N/A
101701,QUESNEL SENIOR SECONDARY,Ethylbenzene,2008-03-16T00:00,0.097,µg/m³,VOC,N/A
101701,QUESNEL SENIOR SECONDARY,Ethylbenzene,2008-03-19T00:00,0.255,µg/m³,VOC,N/A
101701,QUESNEL SENIOR SECONDARY,Ethylbenzene,2008-03-22T00:00,0.139,µg/m³,VOC,N/A
101701,QUESNEL SENIOR SECONDARY,Ethylbenzene,2008-03-25T00:00,0.206,µg/m³,VOC,N/A
101701,QUESNEL SENIOR SECONDARY,Ethylbenzene,2008-03-28T00:00,0.109,µg/m³,VOC,N/A
101701,QUESNEL SENIOR SECONDARY,Ethylbenzene,2008-03-31T00:00,0.125,µg/m³,VOC,N/A
101701,QUESNEL SENIOR SECONDARY,Ethylbenzene,2008-04-03T00:00,0.197,µg/m³,VOC,N/A
101701,QUESNEL SENIOR SECONDARY,Ethylbenzene,2008-04-06T00:00,0.112,µg/m³,VOC,N/A
101701,QUESNEL SENIOR SECONDARY,Ethylbenzene,2008-04-09T00:00,0.086,µg/m³,VOC,N/A
101701,QUESNEL SENIOR SECONDARY,Ethylbenzene,2008-04-12T00:00,0.196,µg/m³,VOC,N/A
101701,QUESNEL SENIOR SECONDARY,Ethylbenzene,2008-04-15T00:00,0.064,µg/m³,VOC,N/A
101701,QUESNEL SENIOR SECONDARY,Ethylbenzene,2008-04-18T00:00,0.028,µg/m³,VOC,N/A
101701,QUESNEL SENIOR SECONDARY,Ethylbenzene,2008-04-21T00:00,0.038,µg/m³,VOC,N/A
101701,QUESNEL SENIOR SECONDARY,Ethylbenzene,2008-04-24T00:00,0.049,µg/m³,VOC,N/A
101701,QUESNEL SENIOR SECONDARY,Ethylbenzene,2008-04-27T00:00,0.229,µg/m³,VOC,N/A
101701,QUESNEL SENIOR SECONDARY,Ethylbenzene,2008-04-30T00:00,0.056,µg/m³,VOC,N/A
101701,QUESNEL SENIOR SECONDARY,Ethylbenzene,2008-05-03T00:00,0.079,µg/m³,VOC,N/A
101701,QUESNEL SENIOR SECONDARY,Ethylbenzene,2008-05-06T00:00,0.075,µg/m³,VOC,N/A
101701,QUESNEL SENIOR SECONDARY,Ethylbenzene,2008-05-09T00:00,0.128,µg/m³,VOC,N/A
101701,QUESNEL SENIOR SECONDARY,Ethylbenzene,2008-05-12T00:00,0.090,µg/m³,VOC,N/A
101701,QUESNEL SENIOR SECONDARY,Ethylbenzene,2008-05-15T00:00,0.179,µg/m³,VOC,N/A
101701,QUESNEL SENIOR SECONDARY,Ethylbenzene,2008-05-18T00:00,0.128,µg/m³,VOC,N/A
101701,QUESNEL SENIOR SECONDARY,Ethylbenzene,2008-05-21T00:00,0.070,µg/m³,VOC,N/A
101701,QUESNEL SENIOR SECONDARY,Ethylbenzene,2008-05-24T00:00,0.033,µg/m³,VOC,N/A
101701,QUESNEL SENIOR SECONDARY,Ethylbenzene,2008-05-27T00:00,0.117,µg/m³,VOC,N/A
101701,QUESNEL SENIOR SECONDARY,Ethylbenzene,2008-05-30T00:00,0.186,µg/m³,VOC,N/A
101701,QUESNEL SENIOR SECONDARY,Ethylbenzene,2008-06-02T00:00,0.117,µg/m³,VOC,N/A
101701,QUESNEL SENIOR SECONDARY,Ethylbenzene,2008-06-05T00:00,0.104,µg/m³,VOC,N/A
101701,QUESNEL SENIOR SECONDARY,Ethylbenzene,2008-06-08T00:00,0.059,µg/m³,VOC,N/A
101701,QUESNEL SENIOR SECONDARY,Ethylbenzene,2008-06-11T00:00,0.225,µg/m³,VOC,N/A
101701,QUESNEL SENIOR SECONDARY,Ethylbenzene,2008-06-14T00:00,0.097,µg/m³,VOC,N/A
101701,QUESNEL SENIOR SECONDARY,Ethylbenzene,2008-06-17T00:00,0.100,µg/m³,VOC,N/A
101701,QUESNEL SENIOR SECONDARY,Ethylbenzene,2008-06-20T00:00,0.172,µg/m³,VOC,N/A
101701,QUESNEL SENIOR SECONDARY,Ethylbenzene,2008-06-23T00:00,0.162,µg/m³,VOC,N/A
101701,QUESNEL SENIOR SECONDARY,Ethylbenzene,2008-06-26T00:00,0.113,µg/m³,VOC,N/A
101701,QUESNEL SENIOR SECONDARY,Ethylbenzene,2008-06-29T00:00,0.215,µg/m³,VOC,N/A
101701,QUESNEL SENIOR SECONDARY,Ethylbenzene,2008-07-02T00:00,0.213,µg/m³,VOC,N/A
101701,QUESNEL SENIOR SECONDARY,Ethylbenzene,2008-07-05T00:00,0.079,µg/m³,VOC,N/A
101701,QUESNEL SENIOR SECONDARY,Ethylbenzene,2008-07-08T00:00,0.185,µg/m³,VOC,N/A
101701,QUESNEL SENIOR SECONDARY,Ethylbenzene,2008-07-11T00:00,1.231,µg/m³,VOC,N/A
101701,QUESNEL SENIOR SECONDARY,Ethylbenzene,2008-07-14T00:00,0.128,µg/m³,VOC,N/A
101701,QUESNEL SENIOR SECONDARY,Ethylbenzene,2008-07-17T00:00,0.109,µg/m³,VOC,N/A
101701,QUESNEL SENIOR SECONDARY,Ethylbenzene,2008-07-20T00:00,0.087,µg/m³,VOC,N/A
101701,QUESNEL SENIOR SECONDARY,Ethylbenzene,2008-07-23T00:00,0.118,µg/m³,VOC,N/A
101701,QUESNEL SENIOR SECONDARY,Ethylbenzene,2008-07-26T00:00,0.103,µg/m³,VOC,N/A
101701,QUESNEL SENIOR SECONDARY,Ethylbenzene,2008-07-29T00:00,0.099,µg/m³,VOC,N/A
101701,QUESNEL SENIOR SECONDARY,Ethylbenzene,2008-08-01T00:00,0.119,µg/m³,VOC,N/A
101701,QUESNEL SENIOR SECONDARY,Ethylbenzene,2008-08-01T00:00,0.124,µg/m³,VOC,N/A
101701,QUESNEL SENIOR SECONDARY,Ethylbenzene,2008-08-04T00:00,0.232,µg/m³,VOC,N/A
101701,QUESNEL SENIOR SECONDARY,Ethylbenzene,2008-08-07T00:00,0.244,µg/m³,VOC,N/A
101701,QUESNEL SENIOR SECONDARY,Ethylbenzene,2008-08-10T00:00,0.053,µg/m³,VOC,N/A
101701,QUESNEL SENIOR SECONDARY,Ethylbenzene,2008-08-13T00:00,0.149,µg/m³,VOC,N/A
101701,QUESNEL SENIOR SECONDARY,Ethylbenzene,2008-08-16T00:00,0.249,µg/m³,VOC,N/A
101701,QUESNEL SENIOR SECONDARY,Ethylbenzene,2008-08-19T00:00,0.145,µg/m³,VOC,N/A
101701,QUESNEL SENIOR SECONDARY,Ethylbenzene,2008-08-22T00:00,0.159,µg/m³,VOC,N/A
101701,QUESNEL SENIOR SECONDARY,Ethylbenzene,2008-08-25T00:00,0.096,µg/m³,VOC,N/A
101701,QUESNEL SENIOR SECONDARY,Ethylbenzene,2008-08-28T00:00,0.131,µg/m³,VOC,N/A
101701,QUESNEL SENIOR SECONDARY,Ethylbenzene,2008-08-31T00:00,0.074,µg/m³,VOC,N/A
101701,QUESNEL SENIOR SECONDARY,Ethylbenzene,2008-09-03T00:00,0.111,µg/m³,VOC,N/A
101701,QUESNEL SENIOR SECONDARY,Ethylbenzene,2008-09-06T00:00,0.114,µg/m³,VOC,N/A
101701,QUESNEL SENIOR SECONDARY,Ethylbenzene,2008-09-09T00:00,0.150,µg/m³,VOC,N/A
101701,QUESNEL SENIOR SECONDARY,Ethylbenzene,2008-09-12T00:00,0.126,µg/m³,VOC,N/A
101701,QUESNEL SENIOR SECONDARY,Ethylbenzene,2008-09-15T00:00,0.364,µg/m³,VOC,N/A
101701,QUESNEL SENIOR SECONDARY,Ethylbenzene,2008-09-18T00:00,0.205,µg/m³,VOC,N/A
101701,QUESNEL SENIOR SECONDARY,Ethylbenzene,2008-09-21T00:00,0.118,µg/m³,VOC,N/A
101701,QUESNEL SENIOR SECONDARY,Ethylbenzene,2008-09-24T00:00,0.248,µg/m³,VOC,N/A
101701,QUESNEL SENIOR SECONDARY,Ethylbenzene,2008-09-27T00:00,0.258,µg/m³,VOC,N/A
101701,QUESNEL SENIOR SECONDARY,Ethylbenzene,2008-09-30T00:00,0.651,µg/m³,VOC,N/A
101701,QUESNEL SENIOR SECONDARY,Ethylbenzene,2008-10-03T00:00,0.264,µg/m³,VOC,N/A
101701,QUESNEL SENIOR SECONDARY,Ethylbenzene,2008-10-06T00:00,0.115,µg/m³,VOC,N/A
101701,QUESNEL SENIOR SECONDARY,Ethylbenzene,2008-10-09T00:00,0.149,µg/m³,VOC,N/A
101701,QUESNEL SENIOR SECONDARY,Ethylbenzene,2008-10-12T00:00,0.088,µg/m³,VOC,N/A
101701,QUESNEL SENIOR SECONDARY,Ethylbenzene,2008-10-15T00:00,0.359,µg/m³,VOC,N/A
101701,QUESNEL SENIOR SECONDARY,Ethylbenzene,2008-10-18T00:00,0.284,µg/m³,VOC,N/A
101701,QUESNEL SENIOR SECONDARY,Ethylbenzene,2008-10-21T00:00,0.211,µg/m³,VOC,N/A
101701,QUESNEL SENIOR SECONDARY,Ethylbenzene,2008-10-24T00:00,0.176,µg/m³,VOC,N/A
101701,QUESNEL SENIOR SECONDARY,Ethylbenzene,2008-10-27T00:00,0.405,µg/m³,VOC,N/A
101701,QUESNEL SENIOR SECONDARY,Ethylbenzene,2008-10-30T00:00,0.280,µg/m³,VOC,N/A
101701,QUESNEL SENIOR SECONDARY,Ethylbenzene,2008-11-02T00:00,0.274,µg/m³,VOC,N/A
101701,QUESNEL SENIOR SECONDARY,Ethylbenzene,2008-11-05T00:00,0.176,µg/m³,VOC,N/A
101701,QUESNEL SENIOR SECONDARY,Ethylbenzene,2008-11-08T00:00,0.756,µg/m³,VOC,N/A
101701,QUESNEL SENIOR SECONDARY,Ethylbenzene,2008-11-14T00:00,0.158,µg/m³,VOC,N/A
101701,QUESNEL SENIOR SECONDARY,Ethylbenzene,2008-11-17T00:00,0.486,µg/m³,VOC,N/A
101701,QUESNEL SENIOR SECONDARY,Ethylbenzene,2008-11-20T00:00,0.627,µg/m³,VOC,N/A
101701,QUESNEL SENIOR SECONDARY,Ethylbenzene,2008-11-23T00:00,0.165,µg/m³,VOC,N/A
101701,QUESNEL SENIOR SECONDARY,Ethylbenzene,2008-11-26T00:00,0.763,µg/m³,VOC,N/A
101701,QUESNEL SENIOR SECONDARY,Ethylbenzene,2008-11-29T00:00,0.424,µg/m³,VOC,N/A
101701,QUESNEL SENIOR SECONDARY,Ethylbenzene,2008-12-02T00:00,0.466,µg/m³,VOC,N/A
101701,QUESNEL SENIOR SECONDARY,Ethylbenzene,2008-12-05T00:00,0.154,µg/m³,VOC,N/A
101701,QUESNEL SENIOR SECONDARY,Ethylbenzene,2008-12-08T00:00,0.414,µg/m³,VOC,N/A
101701,QUESNEL SENIOR SECONDARY,Ethylbenzene,2008-12-11T00:00,0.092,µg/m³,VOC,N/A
101701,QUESNEL SENIOR SECONDARY,Ethylbenzene,2008-12-17T00:00,0.202,µg/m³,VOC,N/A
101701,QUESNEL SENIOR SECONDARY,Ethylbenzene,2008-12-20T00:00,0.040,µg/m³,VOC,N/A
101701,QUESNEL SENIOR SECONDARY,Ethylbenzene,2008-12-23T00:00,0.311,µg/m³,VOC,N/A
101701,QUESNEL SENIOR SECONDARY,Ethylbenzene,2008-12-26T00:00,0.164,µg/m³,VOC,N/A
