﻿NAPS_Site_ID,Station_Name,Pollutant,Date,Value,Units,Report_Type,Method
80110,REGINA-2505 11TH. AVENUE,Propane,2012-01-04T00:00,12.257,µg/m³,VOC,
80110,REGINA-2505 11TH. AVENUE,Propane,2012-01-10T00:00,4.159,µg/m³,VOC,
80110,REGINA-2505 11TH. AVENUE,Propane,2012-01-16T00:00,3.076,µg/m³,VOC,
80110,REGINA-2505 11TH. AVENUE,Propane,2012-01-22T00:00,12.332,µg/m³,VOC,
80110,REGINA-2505 11TH. AVENUE,Propane,2012-01-28T00:00,26.375,µg/m³,VOC,
80110,REGINA-2505 11TH. AVENUE,Propane,2012-02-03T00:00,17.493,µg/m³,VOC,
80110,REGINA-2505 11TH. AVENUE,Propane,2012-02-09T00:00,3.469,µg/m³,VOC,
80110,REGINA-2505 11TH. AVENUE,Propane,2012-02-15T00:00,7.146,µg/m³,VOC,
80110,REGINA-2505 11TH. AVENUE,Propane,2012-02-21T00:00,6.411,µg/m³,VOC,
80110,REGINA-2505 11TH. AVENUE,Propane,2012-02-27T00:00,5.453,µg/m³,VOC,
80110,REGINA-2505 11TH. AVENUE,Propane,2012-03-04T00:00,4.462,µg/m³,VOC,
80110,REGINA-2505 11TH. AVENUE,Propane,2012-03-10T00:00,3.465,µg/m³,VOC,
80110,REGINA-2505 11TH. AVENUE,Propane,2012-03-16T00:00,14.897,µg/m³,VOC,
80110,REGINA-2505 11TH. AVENUE,Propane,2012-03-22T00:00,6.951,µg/m³,VOC,
80110,REGINA-2505 11TH. AVENUE,Propane,2012-03-28T00:00,8.082,µg/m³,VOC,
80110,REGINA-2505 11TH. AVENUE,Propane,2012-04-03T00:00,4.351,µg/m³,VOC,
80110,REGINA-2505 11TH. AVENUE,Propane,2012-04-09T00:00,1.596,µg/m³,VOC,
80110,REGINA-2505 11TH. AVENUE,Propane,2012-04-15T00:00,2.498,µg/m³,VOC,
80110,REGINA-2505 11TH. AVENUE,Propane,2012-04-21T00:00,2.786,µg/m³,VOC,
80110,REGINA-2505 11TH. AVENUE,Propane,2012-04-27T00:00,1.675,µg/m³,VOC,
80110,REGINA-2505 11TH. AVENUE,Propane,2012-05-03T00:00,1.312,µg/m³,VOC,
80110,REGINA-2505 11TH. AVENUE,Propane,2012-05-09T00:00,7.416,µg/m³,VOC,
80110,REGINA-2505 11TH. AVENUE,Propane,2012-05-15T00:00,2.198,µg/m³,VOC,
80110,REGINA-2505 11TH. AVENUE,Propane,2012-05-21T00:00,7.441,µg/m³,VOC,
80110,REGINA-2505 11TH. AVENUE,Propane,2012-05-30T00:00,0.965,µg/m³,VOC,
80110,REGINA-2505 11TH. AVENUE,Propane,2012-06-02T00:00,1.377,µg/m³,VOC,
80110,REGINA-2505 11TH. AVENUE,Propane,2012-06-08T00:00,2.559,µg/m³,VOC,
80110,REGINA-2505 11TH. AVENUE,Propane,2012-06-14T00:00,2.428,µg/m³,VOC,
80110,REGINA-2505 11TH. AVENUE,Propane,2012-06-20T00:00,3.711,µg/m³,VOC,
80110,REGINA-2505 11TH. AVENUE,Propane,2012-06-26T00:00,8.528,µg/m³,VOC,
80110,REGINA-2505 11TH. AVENUE,Propane,2012-07-08T00:00,2.772,µg/m³,VOC,
80110,REGINA-2505 11TH. AVENUE,Propane,2012-07-14T00:00,5.670,µg/m³,VOC,
80110,REGINA-2505 11TH. AVENUE,Propane,2012-07-20T00:00,2.171,µg/m³,VOC,
80110,REGINA-2505 11TH. AVENUE,Propane,2012-07-26T00:00,1.862,µg/m³,VOC,
80110,REGINA-2505 11TH. AVENUE,Propane,2012-07-26T00:00,2.909,µg/m³,VOC,
80110,REGINA-2505 11TH. AVENUE,Propane,2012-07-31T00:00,66.756,µg/m³,VOC,
80110,REGINA-2505 11TH. AVENUE,Propane,2012-08-01T00:00,3.611,µg/m³,VOC,
80110,REGINA-2505 11TH. AVENUE,Propane,2012-08-07T00:00,2.566,µg/m³,VOC,
80110,REGINA-2505 11TH. AVENUE,Propane,2012-08-13T00:00,3.827,µg/m³,VOC,
80110,REGINA-2505 11TH. AVENUE,Propane,2012-08-31T00:00,9.145,µg/m³,VOC,
80110,REGINA-2505 11TH. AVENUE,Propane,2012-09-01T00:00,10.087,µg/m³,VOC,
80110,REGINA-2505 11TH. AVENUE,Propane,2012-09-06T00:00,20.672,µg/m³,VOC,
80110,REGINA-2505 11TH. AVENUE,Propane,2012-09-06T00:00,21.121,µg/m³,VOC,
80110,REGINA-2505 11TH. AVENUE,Propane,2012-09-12T00:00,4.040,µg/m³,VOC,
80110,REGINA-2505 11TH. AVENUE,Propane,2012-09-18T00:00,2.444,µg/m³,VOC,
80110,REGINA-2505 11TH. AVENUE,Propane,2012-09-24T00:00,3.756,µg/m³,VOC,
80110,REGINA-2505 11TH. AVENUE,Propane,2012-09-30T00:00,0.912,µg/m³,VOC,
80110,REGINA-2505 11TH. AVENUE,Propane,2012-09-30T00:00,3.791,µg/m³,VOC,
80110,REGINA-2505 11TH. AVENUE,Propane,2012-10-06T00:00,1.763,µg/m³,VOC,
80110,REGINA-2505 11TH. AVENUE,Propane,2012-10-10T00:00,2.063,µg/m³,VOC,
80110,REGINA-2505 11TH. AVENUE,Propane,2012-10-12T00:00,14.234,µg/m³,VOC,
80110,REGINA-2505 11TH. AVENUE,Propane,2012-10-24T00:00,3.419,µg/m³,VOC,
80110,REGINA-2505 11TH. AVENUE,Propane,2012-10-30T00:00,11.766,µg/m³,VOC,
80110,REGINA-2505 11TH. AVENUE,Propane,2012-11-05T00:00,2.293,µg/m³,VOC,
80110,REGINA-2505 11TH. AVENUE,Propane,2012-11-11T00:00,2.979,µg/m³,VOC,
80110,REGINA-2505 11TH. AVENUE,Propane,2012-11-17T00:00,71.981,µg/m³,VOC,
80110,REGINA-2505 11TH. AVENUE,Propane,2012-11-23T00:00,7.756,µg/m³,VOC,
80110,REGINA-2505 11TH. AVENUE,Propane,2012-11-29T00:00,7.647,µg/m³,VOC,
80110,REGINA-2505 11TH. AVENUE,Propane,2012-12-05T00:00,10.431,µg/m³,VOC,
80110,REGINA-2505 11TH. AVENUE,Propane,2012-12-11T00:00,18.859,µg/m³,VOC,
80110,REGINA-2505 11TH. AVENUE,Propane,2012-12-17T00:00,58.986,µg/m³,VOC,
80110,REGINA-2505 11TH. AVENUE,Propane,2012-12-23T00:00,4.339,µg/m³,VOC,
80110,REGINA-2505 11TH. AVENUE,Propane,2012-12-29T00:00,26.390,µg/m³,VOC,
