﻿NAPS_Site_ID,Station_Name,Pollutant,Date,Value,Units,Report_Type,Method
102301,CRANBERRY LAKE,"Indeno(1,2,3-cd)Pyrene",1997-01-03T00:00,0.000,µg/m³,PAH,GC-MS
102301,CRANBERRY LAKE,"Indeno(1,2,3-cd)Pyrene",1997-01-10T00:00,0.000,µg/m³,PAH,GC-MS
102301,CRANBERRY LAKE,"Indeno(1,2,3-cd)Pyrene",1997-01-14T00:00,0.000,µg/m³,PAH,GC-MS
102301,CRANBERRY LAKE,"Indeno(1,2,3-cd)Pyrene",1997-03-14T00:00,0.000,µg/m³,PAH,GC-MS
102301,CRANBERRY LAKE,"Indeno(1,2,3-cd)Pyrene",1997-03-23T00:00,0.000,µg/m³,PAH,GC-MS
102301,CRANBERRY LAKE,"Indeno(1,2,3-cd)Pyrene",1997-09-19T00:00,0.000,µg/m³,PAH,GC-MS
102301,CRANBERRY LAKE,"Indeno(1,2,3-cd)Pyrene",1997-10-01T00:00,0.000,µg/m³,PAH,GC-MS
102301,CRANBERRY LAKE,"Indeno(1,2,3-cd)Pyrene",1997-10-31T00:00,0.000,µg/m³,PAH,GC-MS
