﻿NAPS_Site_ID,Station_Name,Pollutant,Date,Value,Units,Report_Type,Method
50104,ONTARIO,Benzene,1994-01-02T00:00,2.515,µg/m³,VOC,
50104,ONTARIO,Benzene,1994-01-08T00:00,2.904,µg/m³,VOC,
50104,ONTARIO,Benzene,1994-01-14T00:00,5.505,µg/m³,VOC,
50104,ONTARIO,Benzene,1994-01-20T00:00,5.038,µg/m³,VOC,
50104,ONTARIO,Benzene,1994-01-26T00:00,3.885,µg/m³,VOC,
50104,ONTARIO,Benzene,1994-02-01T00:00,4.881,µg/m³,VOC,
50104,ONTARIO,Benzene,1994-02-07T00:00,3.453,µg/m³,VOC,
50104,ONTARIO,Benzene,1994-02-13T00:00,3.276,µg/m³,VOC,
50104,ONTARIO,Benzene,1994-02-19T00:00,9.497,µg/m³,VOC,
50104,ONTARIO,Benzene,1994-02-25T00:00,3.791,µg/m³,VOC,
50104,ONTARIO,Benzene,1994-03-03T00:00,6.297,µg/m³,VOC,
50104,ONTARIO,Benzene,1994-03-09T00:00,3.164,µg/m³,VOC,
50104,ONTARIO,Benzene,1994-03-15T00:00,5.059,µg/m³,VOC,
50104,ONTARIO,Benzene,1994-03-21T00:00,6.764,µg/m³,VOC,
50104,ONTARIO,Benzene,1994-03-27T00:00,2.728,µg/m³,VOC,
50104,ONTARIO,Benzene,1994-04-02T00:00,2.331,µg/m³,VOC,
50104,ONTARIO,Benzene,1994-04-08T00:00,3.975,µg/m³,VOC,
50104,ONTARIO,Benzene,1994-04-14T00:00,2.291,µg/m³,VOC,
50104,ONTARIO,Benzene,1994-04-20T00:00,2.296,µg/m³,VOC,
50104,ONTARIO,Benzene,1994-04-26T00:00,3.258,µg/m³,VOC,
50104,ONTARIO,Benzene,1994-05-02T00:00,1.779,µg/m³,VOC,
50104,ONTARIO,Benzene,1994-05-08T00:00,2.305,µg/m³,VOC,
50104,ONTARIO,Benzene,1994-05-14T00:00,1.940,µg/m³,VOC,
50104,ONTARIO,Benzene,1994-05-20T00:00,2.787,µg/m³,VOC,
50104,ONTARIO,Benzene,1994-05-26T00:00,1.384,µg/m³,VOC,
50104,ONTARIO,Benzene,1994-06-01T00:00,1.162,µg/m³,VOC,
50104,ONTARIO,Benzene,1994-06-07T00:00,4.034,µg/m³,VOC,
50104,ONTARIO,Benzene,1994-06-13T00:00,2.112,µg/m³,VOC,
50104,ONTARIO,Benzene,1994-06-25T00:00,1.984,µg/m³,VOC,
50104,ONTARIO,Benzene,1994-07-01T00:00,2.159,µg/m³,VOC,
50104,ONTARIO,Benzene,1994-07-07T00:00,4.790,µg/m³,VOC,
50104,ONTARIO,Benzene,1994-07-13T00:00,1.796,µg/m³,VOC,
50104,ONTARIO,Benzene,1994-07-25T00:00,2.301,µg/m³,VOC,
50104,ONTARIO,Benzene,1994-07-31T00:00,1.444,µg/m³,VOC,
50104,ONTARIO,Benzene,1994-08-12T00:00,2.067,µg/m³,VOC,
50104,ONTARIO,Benzene,1994-08-18T00:00,3.589,µg/m³,VOC,
50104,ONTARIO,Benzene,1994-08-24T00:00,3.611,µg/m³,VOC,
50104,ONTARIO,Benzene,1994-08-30T00:00,1.773,µg/m³,VOC,
50104,ONTARIO,Benzene,1994-09-05T00:00,5.003,µg/m³,VOC,
50104,ONTARIO,Benzene,1994-09-11T00:00,1.695,µg/m³,VOC,
50104,ONTARIO,Benzene,1994-09-17T00:00,1.821,µg/m³,VOC,
50104,ONTARIO,Benzene,1994-09-23T00:00,2.428,µg/m³,VOC,
50104,ONTARIO,Benzene,1994-09-29T00:00,3.131,µg/m³,VOC,
50104,ONTARIO,Benzene,1994-10-05T00:00,2.543,µg/m³,VOC,
50104,ONTARIO,Benzene,1994-10-11T00:00,2.337,µg/m³,VOC,
50104,ONTARIO,Benzene,1994-10-17T00:00,7.254,µg/m³,VOC,
50104,ONTARIO,Benzene,1994-10-23T00:00,4.768,µg/m³,VOC,
50104,ONTARIO,Benzene,1994-10-29T00:00,2.359,µg/m³,VOC,
50104,ONTARIO,Benzene,1994-11-04T00:00,12.696,µg/m³,VOC,
50104,ONTARIO,Benzene,1994-11-10T00:00,2.480,µg/m³,VOC,
50104,ONTARIO,Benzene,1994-11-16T00:00,3.199,µg/m³,VOC,
50104,ONTARIO,Benzene,1994-11-22T00:00,1.534,µg/m³,VOC,
50104,ONTARIO,Benzene,1994-11-28T00:00,2.381,µg/m³,VOC,
50104,ONTARIO,Benzene,1994-12-04T00:00,3.282,µg/m³,VOC,
50104,ONTARIO,Benzene,1994-12-10T00:00,8.913,µg/m³,VOC,
50104,ONTARIO,Benzene,1994-12-16T00:00,5.933,µg/m³,VOC,
50104,ONTARIO,Benzene,1994-12-22T00:00,2.724,µg/m³,VOC,
50104,ONTARIO,Benzene,1994-12-28T00:00,7.002,µg/m³,VOC,
