﻿NAPS_Site_ID,Station_Name,Pollutant,Date,Value,Units,Report_Type,Method
90806,SYNCRUDE UE1-FORT MCKAY SOUTH,Toluene,2013-01-04T00:00,0.734,µg/m³,VOC,GC-MS
90806,SYNCRUDE UE1-FORT MCKAY SOUTH,Toluene,2013-01-10T00:00,0.813,µg/m³,VOC,GC-MS
90806,SYNCRUDE UE1-FORT MCKAY SOUTH,Toluene,2013-01-16T00:00,0.577,µg/m³,VOC,GC-MS
90806,SYNCRUDE UE1-FORT MCKAY SOUTH,Toluene,2013-01-22T00:00,0.992,µg/m³,VOC,GC-MS
90806,SYNCRUDE UE1-FORT MCKAY SOUTH,Toluene,2013-01-28T00:00,0.401,µg/m³,VOC,GC-MS
90806,SYNCRUDE UE1-FORT MCKAY SOUTH,Toluene,2013-02-03T00:00,0.290,µg/m³,VOC,GC-MS
90806,SYNCRUDE UE1-FORT MCKAY SOUTH,Toluene,2013-02-09T00:00,1.310,µg/m³,VOC,GC-MS
90806,SYNCRUDE UE1-FORT MCKAY SOUTH,Toluene,2013-02-15T00:00,1.537,µg/m³,VOC,GC-MS
90806,SYNCRUDE UE1-FORT MCKAY SOUTH,Toluene,2013-02-21T00:00,1.179,µg/m³,VOC,GC-MS
90806,SYNCRUDE UE1-FORT MCKAY SOUTH,Toluene,2013-02-27T00:00,1.391,µg/m³,VOC,GC-MS
90806,SYNCRUDE UE1-FORT MCKAY SOUTH,Toluene,2013-03-05T00:00,1.671,µg/m³,VOC,GC-MS
90806,SYNCRUDE UE1-FORT MCKAY SOUTH,Toluene,2013-03-11T00:00,0.164,µg/m³,VOC,GC-MS
90806,SYNCRUDE UE1-FORT MCKAY SOUTH,Toluene,2013-03-17T00:00,0.837,µg/m³,VOC,GC-MS
90806,SYNCRUDE UE1-FORT MCKAY SOUTH,Toluene,2013-03-23T00:00,0.854,µg/m³,VOC,GC-MS
90806,SYNCRUDE UE1-FORT MCKAY SOUTH,Toluene,2013-03-29T00:00,0.214,µg/m³,VOC,GC-MS
90806,SYNCRUDE UE1-FORT MCKAY SOUTH,Toluene,2013-04-04T00:00,0.221,µg/m³,VOC,GC-MS
90806,SYNCRUDE UE1-FORT MCKAY SOUTH,Toluene,2013-04-10T00:00,1.018,µg/m³,VOC,GC-MS
90806,SYNCRUDE UE1-FORT MCKAY SOUTH,Toluene,2013-04-17T00:00,0.451,µg/m³,VOC,GC-MS
90806,SYNCRUDE UE1-FORT MCKAY SOUTH,Toluene,2013-04-28T00:00,0.057,µg/m³,VOC,GC-MS
90806,SYNCRUDE UE1-FORT MCKAY SOUTH,Toluene,2013-05-04T00:00,1.807,µg/m³,VOC,GC-MS
90806,SYNCRUDE UE1-FORT MCKAY SOUTH,Toluene,2013-05-10T00:00,0.199,µg/m³,VOC,GC-MS
90806,SYNCRUDE UE1-FORT MCKAY SOUTH,Toluene,2013-05-16T00:00,0.316,µg/m³,VOC,GC-MS
90806,SYNCRUDE UE1-FORT MCKAY SOUTH,Toluene,2013-05-22T00:00,0.066,µg/m³,VOC,GC-MS
90806,SYNCRUDE UE1-FORT MCKAY SOUTH,Toluene,2013-05-28T00:00,0.140,µg/m³,VOC,GC-MS
90806,SYNCRUDE UE1-FORT MCKAY SOUTH,Toluene,2013-06-03T00:00,0.460,µg/m³,VOC,GC-MS
90806,SYNCRUDE UE1-FORT MCKAY SOUTH,Toluene,2013-06-09T00:00,0.032,µg/m³,VOC,GC-MS
90806,SYNCRUDE UE1-FORT MCKAY SOUTH,Toluene,2013-06-15T00:00,0.141,µg/m³,VOC,GC-MS
90806,SYNCRUDE UE1-FORT MCKAY SOUTH,Toluene,2013-06-21T00:00,3.094,µg/m³,VOC,GC-MS
90806,SYNCRUDE UE1-FORT MCKAY SOUTH,Toluene,2013-07-21T00:00,0.114,µg/m³,VOC,GC-MS
90806,SYNCRUDE UE1-FORT MCKAY SOUTH,Toluene,2013-07-27T00:00,1.984,µg/m³,VOC,GC-MS
90806,SYNCRUDE UE1-FORT MCKAY SOUTH,Toluene,2013-08-02T00:00,1.435,µg/m³,VOC,GC-MS
90806,SYNCRUDE UE1-FORT MCKAY SOUTH,Toluene,2013-10-01T00:00,0.300,µg/m³,VOC,GC-MS
90806,SYNCRUDE UE1-FORT MCKAY SOUTH,Toluene,2013-10-07T00:00,0.209,µg/m³,VOC,GC-MS
90806,SYNCRUDE UE1-FORT MCKAY SOUTH,Toluene,2013-10-13T00:00,0.754,µg/m³,VOC,GC-MS
90806,SYNCRUDE UE1-FORT MCKAY SOUTH,Toluene,2013-10-19T00:00,0.838,µg/m³,VOC,GC-MS
90806,SYNCRUDE UE1-FORT MCKAY SOUTH,Toluene,2013-10-25T00:00,0.322,µg/m³,VOC,GC-MS
90806,SYNCRUDE UE1-FORT MCKAY SOUTH,Toluene,2013-10-31T00:00,0.929,µg/m³,VOC,GC-MS
90806,SYNCRUDE UE1-FORT MCKAY SOUTH,Toluene,2013-11-06T00:00,1.637,µg/m³,VOC,GC-MS
90806,SYNCRUDE UE1-FORT MCKAY SOUTH,Toluene,2013-11-12T00:00,3.085,µg/m³,VOC,GC-MS
90806,SYNCRUDE UE1-FORT MCKAY SOUTH,Toluene,2013-11-18T00:00,0.075,µg/m³,VOC,GC-MS
90806,SYNCRUDE UE1-FORT MCKAY SOUTH,Toluene,2013-11-24T00:00,0.403,µg/m³,VOC,GC-MS
90806,SYNCRUDE UE1-FORT MCKAY SOUTH,Toluene,2013-11-30T00:00,0.138,µg/m³,VOC,GC-MS
90806,SYNCRUDE UE1-FORT MCKAY SOUTH,Toluene,2013-12-06T00:00,0.103,µg/m³,VOC,GC-MS
90806,SYNCRUDE UE1-FORT MCKAY SOUTH,Toluene,2013-12-12T00:00,0.068,µg/m³,VOC,GC-MS
90806,SYNCRUDE UE1-FORT MCKAY SOUTH,Toluene,2013-12-18T00:00,0.244,µg/m³,VOC,GC-MS
90806,SYNCRUDE UE1-FORT MCKAY SOUTH,Toluene,2013-12-30T00:00,1.530,µg/m³,VOC,GC-MS
