﻿NAPS_Site_ID,Station_Name,Pollutant,Date,Value,Units,Report_Type,Method
50129,MONTRÉAL-RIVIÈRE-DES-PRAIRIES,2-Methylpentane,2005-01-04T00:00,0.475,µg/m³,VOC,
50129,MONTRÉAL-RIVIÈRE-DES-PRAIRIES,2-Methylpentane,2005-01-10T00:00,0.520,µg/m³,VOC,
50129,MONTRÉAL-RIVIÈRE-DES-PRAIRIES,2-Methylpentane,2005-01-16T00:00,0.371,µg/m³,VOC,
50129,MONTRÉAL-RIVIÈRE-DES-PRAIRIES,2-Methylpentane,2005-01-22T00:00,0.787,µg/m³,VOC,
50129,MONTRÉAL-RIVIÈRE-DES-PRAIRIES,2-Methylpentane,2005-01-28T00:00,1.297,µg/m³,VOC,
50129,MONTRÉAL-RIVIÈRE-DES-PRAIRIES,2-Methylpentane,2005-02-03T00:00,1.825,µg/m³,VOC,
50129,MONTRÉAL-RIVIÈRE-DES-PRAIRIES,2-Methylpentane,2005-02-15T00:00,0.509,µg/m³,VOC,
50129,MONTRÉAL-RIVIÈRE-DES-PRAIRIES,2-Methylpentane,2005-02-21T00:00,0.262,µg/m³,VOC,
50129,MONTRÉAL-RIVIÈRE-DES-PRAIRIES,2-Methylpentane,2005-02-27T00:00,0.184,µg/m³,VOC,
50129,MONTRÉAL-RIVIÈRE-DES-PRAIRIES,2-Methylpentane,2005-03-05T00:00,0.334,µg/m³,VOC,
50129,MONTRÉAL-RIVIÈRE-DES-PRAIRIES,2-Methylpentane,2005-03-11T00:00,1.583,µg/m³,VOC,
50129,MONTRÉAL-RIVIÈRE-DES-PRAIRIES,2-Methylpentane,2005-03-17T00:00,0.453,µg/m³,VOC,
50129,MONTRÉAL-RIVIÈRE-DES-PRAIRIES,2-Methylpentane,2005-03-23T00:00,0.511,µg/m³,VOC,
50129,MONTRÉAL-RIVIÈRE-DES-PRAIRIES,2-Methylpentane,2005-03-29T00:00,0.647,µg/m³,VOC,
50129,MONTRÉAL-RIVIÈRE-DES-PRAIRIES,2-Methylpentane,2005-04-04T00:00,0.407,µg/m³,VOC,
50129,MONTRÉAL-RIVIÈRE-DES-PRAIRIES,2-Methylpentane,2005-04-10T00:00,0.293,µg/m³,VOC,
50129,MONTRÉAL-RIVIÈRE-DES-PRAIRIES,2-Methylpentane,2005-04-16T00:00,1.787,µg/m³,VOC,
50129,MONTRÉAL-RIVIÈRE-DES-PRAIRIES,2-Methylpentane,2005-04-22T00:00,1.587,µg/m³,VOC,
50129,MONTRÉAL-RIVIÈRE-DES-PRAIRIES,2-Methylpentane,2005-04-28T00:00,0.330,µg/m³,VOC,
50129,MONTRÉAL-RIVIÈRE-DES-PRAIRIES,2-Methylpentane,2005-05-04T00:00,0.254,µg/m³,VOC,
50129,MONTRÉAL-RIVIÈRE-DES-PRAIRIES,2-Methylpentane,2005-05-10T00:00,2.836,µg/m³,VOC,
50129,MONTRÉAL-RIVIÈRE-DES-PRAIRIES,2-Methylpentane,2005-05-16T00:00,0.315,µg/m³,VOC,
50129,MONTRÉAL-RIVIÈRE-DES-PRAIRIES,2-Methylpentane,2005-05-22T00:00,0.089,µg/m³,VOC,
50129,MONTRÉAL-RIVIÈRE-DES-PRAIRIES,2-Methylpentane,2005-05-28T00:00,0.912,µg/m³,VOC,
50129,MONTRÉAL-RIVIÈRE-DES-PRAIRIES,2-Methylpentane,2005-06-03T00:00,1.692,µg/m³,VOC,
50129,MONTRÉAL-RIVIÈRE-DES-PRAIRIES,2-Methylpentane,2005-06-09T00:00,0.811,µg/m³,VOC,
50129,MONTRÉAL-RIVIÈRE-DES-PRAIRIES,2-Methylpentane,2005-06-15T00:00,0.600,µg/m³,VOC,
50129,MONTRÉAL-RIVIÈRE-DES-PRAIRIES,2-Methylpentane,2005-06-21T00:00,0.274,µg/m³,VOC,
50129,MONTRÉAL-RIVIÈRE-DES-PRAIRIES,2-Methylpentane,2005-06-27T00:00,1.362,µg/m³,VOC,
50129,MONTRÉAL-RIVIÈRE-DES-PRAIRIES,2-Methylpentane,2005-07-03T00:00,0.381,µg/m³,VOC,
50129,MONTRÉAL-RIVIÈRE-DES-PRAIRIES,2-Methylpentane,2005-07-09T00:00,0.626,µg/m³,VOC,
50129,MONTRÉAL-RIVIÈRE-DES-PRAIRIES,2-Methylpentane,2005-07-15T00:00,1.247,µg/m³,VOC,
50129,MONTRÉAL-RIVIÈRE-DES-PRAIRIES,2-Methylpentane,2005-07-21T00:00,0.405,µg/m³,VOC,
50129,MONTRÉAL-RIVIÈRE-DES-PRAIRIES,2-Methylpentane,2005-07-27T00:00,0.364,µg/m³,VOC,
50129,MONTRÉAL-RIVIÈRE-DES-PRAIRIES,2-Methylpentane,2005-08-02T00:00,1.080,µg/m³,VOC,
50129,MONTRÉAL-RIVIÈRE-DES-PRAIRIES,2-Methylpentane,2005-08-14T00:00,0.986,µg/m³,VOC,
50129,MONTRÉAL-RIVIÈRE-DES-PRAIRIES,2-Methylpentane,2005-08-20T00:00,0.427,µg/m³,VOC,
50129,MONTRÉAL-RIVIÈRE-DES-PRAIRIES,2-Methylpentane,2005-08-26T00:00,0.975,µg/m³,VOC,
50129,MONTRÉAL-RIVIÈRE-DES-PRAIRIES,2-Methylpentane,2005-09-01T00:00,0.209,µg/m³,VOC,
50129,MONTRÉAL-RIVIÈRE-DES-PRAIRIES,2-Methylpentane,2005-09-07T00:00,0.508,µg/m³,VOC,
50129,MONTRÉAL-RIVIÈRE-DES-PRAIRIES,2-Methylpentane,2005-09-13T00:00,0.865,µg/m³,VOC,
50129,MONTRÉAL-RIVIÈRE-DES-PRAIRIES,2-Methylpentane,2005-09-19T00:00,1.935,µg/m³,VOC,
50129,MONTRÉAL-RIVIÈRE-DES-PRAIRIES,2-Methylpentane,2005-09-25T00:00,0.660,µg/m³,VOC,
50129,MONTRÉAL-RIVIÈRE-DES-PRAIRIES,2-Methylpentane,2005-10-01T00:00,1.750,µg/m³,VOC,
50129,MONTRÉAL-RIVIÈRE-DES-PRAIRIES,2-Methylpentane,2005-10-07T00:00,0.547,µg/m³,VOC,
50129,MONTRÉAL-RIVIÈRE-DES-PRAIRIES,2-Methylpentane,2005-10-13T00:00,0.248,µg/m³,VOC,
50129,MONTRÉAL-RIVIÈRE-DES-PRAIRIES,2-Methylpentane,2005-10-19T00:00,0.408,µg/m³,VOC,
50129,MONTRÉAL-RIVIÈRE-DES-PRAIRIES,2-Methylpentane,2005-10-25T00:00,0.065,µg/m³,VOC,
50129,MONTRÉAL-RIVIÈRE-DES-PRAIRIES,2-Methylpentane,2005-10-31T00:00,0.287,µg/m³,VOC,
50129,MONTRÉAL-RIVIÈRE-DES-PRAIRIES,2-Methylpentane,2005-11-06T00:00,0.377,µg/m³,VOC,
50129,MONTRÉAL-RIVIÈRE-DES-PRAIRIES,2-Methylpentane,2005-11-12T00:00,2.164,µg/m³,VOC,
50129,MONTRÉAL-RIVIÈRE-DES-PRAIRIES,2-Methylpentane,2005-11-18T00:00,0.678,µg/m³,VOC,
50129,MONTRÉAL-RIVIÈRE-DES-PRAIRIES,2-Methylpentane,2005-11-24T00:00,1.491,µg/m³,VOC,
50129,MONTRÉAL-RIVIÈRE-DES-PRAIRIES,2-Methylpentane,2005-11-30T00:00,0.438,µg/m³,VOC,
50129,MONTRÉAL-RIVIÈRE-DES-PRAIRIES,2-Methylpentane,2005-12-12T00:00,0.317,µg/m³,VOC,
50129,MONTRÉAL-RIVIÈRE-DES-PRAIRIES,2-Methylpentane,2005-12-18T00:00,0.362,µg/m³,VOC,
50129,MONTRÉAL-RIVIÈRE-DES-PRAIRIES,2-Methylpentane,2005-12-24T00:00,1.942,µg/m³,VOC,
50129,MONTRÉAL-RIVIÈRE-DES-PRAIRIES,2-Methylpentane,2005-12-30T00:00,0.284,µg/m³,VOC,
