﻿NAPS_Site_ID,Station_Name,Pollutant,Date,Value,Units,Report_Type,Method
101101,CHILLIWACK AIRPORT,2-Ethyltoluene,2015-12-31T19:00,0.006,µg/m³,VOC,N/A
101101,CHILLIWACK AIRPORT,2-Ethyltoluene,2016-01-12T19:00,0.065,µg/m³,VOC,N/A
101101,CHILLIWACK AIRPORT,2-Ethyltoluene,2016-01-24T19:00,0.021,µg/m³,VOC,N/A
101101,CHILLIWACK AIRPORT,2-Ethyltoluene,2016-02-05T19:00,0.013,µg/m³,VOC,N/A
101101,CHILLIWACK AIRPORT,2-Ethyltoluene,2016-02-17T19:00,0.021,µg/m³,VOC,N/A
101101,CHILLIWACK AIRPORT,2-Ethyltoluene,2016-02-29T19:00,0.011,µg/m³,VOC,N/A
101101,CHILLIWACK AIRPORT,2-Ethyltoluene,2016-03-12T19:00,0.007,µg/m³,VOC,N/A
101101,CHILLIWACK AIRPORT,2-Ethyltoluene,2016-03-24T20:00,0.019,µg/m³,VOC,N/A
101101,CHILLIWACK AIRPORT,2-Ethyltoluene,2016-04-05T20:00,0.239,µg/m³,VOC,N/A
101101,CHILLIWACK AIRPORT,2-Ethyltoluene,2016-04-17T20:00,0.026,µg/m³,VOC,N/A
101101,CHILLIWACK AIRPORT,2-Ethyltoluene,2016-04-29T20:00,0.032,µg/m³,VOC,N/A
101101,CHILLIWACK AIRPORT,2-Ethyltoluene,2016-05-11T20:00,0.019,µg/m³,VOC,N/A
101101,CHILLIWACK AIRPORT,2-Ethyltoluene,2016-06-04T20:00,0.022,µg/m³,VOC,N/A
101101,CHILLIWACK AIRPORT,2-Ethyltoluene,2016-07-22T20:00,0.013,µg/m³,VOC,N/A
101101,CHILLIWACK AIRPORT,2-Ethyltoluene,2016-08-03T20:00,0.025,µg/m³,VOC,N/A
101101,CHILLIWACK AIRPORT,2-Ethyltoluene,2016-08-15T20:00,0.018,µg/m³,VOC,N/A
101101,CHILLIWACK AIRPORT,2-Ethyltoluene,2016-08-25T20:00,0.014,µg/m³,VOC,N/A
101101,CHILLIWACK AIRPORT,2-Ethyltoluene,2016-09-08T20:00,0.036,µg/m³,VOC,N/A
101101,CHILLIWACK AIRPORT,2-Ethyltoluene,2016-09-20T20:00,0.010,µg/m³,VOC,N/A
101101,CHILLIWACK AIRPORT,2-Ethyltoluene,2016-10-02T20:00,0.024,µg/m³,VOC,N/A
101101,CHILLIWACK AIRPORT,2-Ethyltoluene,2016-10-14T20:00,0.012,µg/m³,VOC,N/A
101101,CHILLIWACK AIRPORT,2-Ethyltoluene,2016-10-26T20:00,0.030,µg/m³,VOC,N/A
101101,CHILLIWACK AIRPORT,2-Ethyltoluene,2016-11-07T19:00,0.029,µg/m³,VOC,N/A
101101,CHILLIWACK AIRPORT,2-Ethyltoluene,2016-11-19T19:00,0.020,µg/m³,VOC,N/A
