﻿NAPS_Site_ID,Station_Name,Pollutant,Date,Value,Units,Report_Type,Method
60101,HYDRO BLDG.,Cyclopentane,1996-01-04T00:00,0.266,µg/m³,VOC,GC-MS
60101,HYDRO BLDG.,Cyclopentane,1996-01-10T00:00,0.269,µg/m³,VOC,GC-MS
60101,HYDRO BLDG.,Cyclopentane,1996-01-28T00:00,0.144,µg/m³,VOC,GC-MS
60101,HYDRO BLDG.,Cyclopentane,1996-02-03T00:00,0.259,µg/m³,VOC,GC-MS
60101,HYDRO BLDG.,Cyclopentane,1996-02-09T00:00,0.473,µg/m³,VOC,GC-MS
60101,HYDRO BLDG.,Cyclopentane,1996-02-15T00:00,0.486,µg/m³,VOC,GC-MS
60101,HYDRO BLDG.,Cyclopentane,1996-02-21T00:00,0.489,µg/m³,VOC,GC-MS
60101,HYDRO BLDG.,Cyclopentane,1996-02-27T00:00,0.225,µg/m³,VOC,GC-MS
60101,HYDRO BLDG.,Cyclopentane,1996-03-04T00:00,0.292,µg/m³,VOC,GC-MS
60101,HYDRO BLDG.,Cyclopentane,1996-03-10T00:00,0.198,µg/m³,VOC,GC-MS
60101,HYDRO BLDG.,Cyclopentane,1996-03-22T00:00,0.255,µg/m³,VOC,GC-MS
60101,HYDRO BLDG.,Cyclopentane,1996-03-28T00:00,0.408,µg/m³,VOC,GC-MS
60101,HYDRO BLDG.,Cyclopentane,1996-04-03T00:00,0.148,µg/m³,VOC,GC-MS
60101,HYDRO BLDG.,Cyclopentane,1996-04-09T00:00,0.412,µg/m³,VOC,GC-MS
60101,HYDRO BLDG.,Cyclopentane,1996-04-15T00:00,0.457,µg/m³,VOC,GC-MS
60101,HYDRO BLDG.,Cyclopentane,1996-04-21T00:00,0.253,µg/m³,VOC,GC-MS
60101,HYDRO BLDG.,Cyclopentane,1996-04-27T00:00,0.141,µg/m³,VOC,GC-MS
60101,HYDRO BLDG.,Cyclopentane,1996-05-03T00:00,0.376,µg/m³,VOC,GC-MS
60101,HYDRO BLDG.,Cyclopentane,1996-05-09T00:00,0.586,µg/m³,VOC,GC-MS
60101,HYDRO BLDG.,Cyclopentane,1996-05-15T00:00,0.676,µg/m³,VOC,GC-MS
60101,HYDRO BLDG.,Cyclopentane,1996-05-21T00:00,0.339,µg/m³,VOC,GC-MS
60101,HYDRO BLDG.,Cyclopentane,1996-05-27T00:00,0.407,µg/m³,VOC,GC-MS
60101,HYDRO BLDG.,Cyclopentane,1996-06-02T00:00,0.366,µg/m³,VOC,GC-MS
60101,HYDRO BLDG.,Cyclopentane,1996-06-14T00:00,0.622,µg/m³,VOC,GC-MS
60101,HYDRO BLDG.,Cyclopentane,1996-06-20T00:00,0.804,µg/m³,VOC,GC-MS
60101,HYDRO BLDG.,Cyclopentane,1996-06-26T00:00,0.403,µg/m³,VOC,GC-MS
60101,HYDRO BLDG.,Cyclopentane,1996-07-02T00:00,0.484,µg/m³,VOC,GC-MS
60101,HYDRO BLDG.,Cyclopentane,1996-07-08T00:00,0.477,µg/m³,VOC,GC-MS
60101,HYDRO BLDG.,Cyclopentane,1996-07-14T00:00,0.371,µg/m³,VOC,GC-MS
60101,HYDRO BLDG.,Cyclopentane,1996-07-20T00:00,0.198,µg/m³,VOC,GC-MS
60101,HYDRO BLDG.,Cyclopentane,1996-07-26T00:00,0.480,µg/m³,VOC,GC-MS
60101,HYDRO BLDG.,Cyclopentane,1996-08-01T00:00,0.651,µg/m³,VOC,GC-MS
60101,HYDRO BLDG.,Cyclopentane,1996-08-07T00:00,0.940,µg/m³,VOC,GC-MS
60101,HYDRO BLDG.,Cyclopentane,1996-08-13T00:00,0.511,µg/m³,VOC,GC-MS
60101,HYDRO BLDG.,Cyclopentane,1996-08-19T00:00,0.509,µg/m³,VOC,GC-MS
60101,HYDRO BLDG.,Cyclopentane,1996-08-25T00:00,0.180,µg/m³,VOC,GC-MS
60101,HYDRO BLDG.,Cyclopentane,1996-08-31T00:00,0.453,µg/m³,VOC,GC-MS
60101,HYDRO BLDG.,Cyclopentane,1996-09-06T00:00,0.423,µg/m³,VOC,GC-MS
60101,HYDRO BLDG.,Cyclopentane,1996-09-12T00:00,0.596,µg/m³,VOC,GC-MS
60101,HYDRO BLDG.,Cyclopentane,1996-09-18T00:00,0.200,µg/m³,VOC,GC-MS
60101,HYDRO BLDG.,Cyclopentane,1996-09-24T00:00,0.635,µg/m³,VOC,GC-MS
60101,HYDRO BLDG.,Cyclopentane,1996-09-30T00:00,0.276,µg/m³,VOC,GC-MS
60101,HYDRO BLDG.,Cyclopentane,1996-10-06T00:00,0.280,µg/m³,VOC,GC-MS
60101,HYDRO BLDG.,Cyclopentane,1996-10-12T00:00,0.452,µg/m³,VOC,GC-MS
60101,HYDRO BLDG.,Cyclopentane,1996-10-18T00:00,0.192,µg/m³,VOC,GC-MS
60101,HYDRO BLDG.,Cyclopentane,1996-10-24T00:00,0.558,µg/m³,VOC,GC-MS
60101,HYDRO BLDG.,Cyclopentane,1996-10-30T00:00,0.390,µg/m³,VOC,GC-MS
60101,HYDRO BLDG.,Cyclopentane,1996-11-05T00:00,0.174,µg/m³,VOC,GC-MS
60101,HYDRO BLDG.,Cyclopentane,1996-11-11T00:00,0.274,µg/m³,VOC,GC-MS
60101,HYDRO BLDG.,Cyclopentane,1996-11-17T00:00,0.170,µg/m³,VOC,GC-MS
60101,HYDRO BLDG.,Cyclopentane,1996-11-23T00:00,0.264,µg/m³,VOC,GC-MS
60101,HYDRO BLDG.,Cyclopentane,1996-11-29T00:00,1.148,µg/m³,VOC,GC-MS
60101,HYDRO BLDG.,Cyclopentane,1996-12-05T00:00,0.480,µg/m³,VOC,GC-MS
60101,HYDRO BLDG.,Cyclopentane,1996-12-11T00:00,0.500,µg/m³,VOC,GC-MS
60101,HYDRO BLDG.,Cyclopentane,1996-12-17T00:00,0.600,µg/m³,VOC,GC-MS
60101,HYDRO BLDG.,Cyclopentane,1996-12-23T00:00,0.440,µg/m³,VOC,GC-MS
60101,HYDRO BLDG.,Cyclopentane,1996-12-29T00:00,0.900,µg/m³,VOC,GC-MS
