﻿NAPS_Site_ID,Station_Name,Pollutant,Date,Value,Units,Report_Type,Method
31201,GRANTON,3-Methylheptane,2013-01-16T00:00,0.011,µg/m³,VOC,N/A
31201,GRANTON,3-Methylheptane,2013-01-28T00:00,0.007,µg/m³,VOC,N/A
31201,GRANTON,3-Methylheptane,2013-02-03T00:00,0.041,µg/m³,VOC,N/A
31201,GRANTON,3-Methylheptane,2013-02-09T00:00,0.009,µg/m³,VOC,N/A
31201,GRANTON,3-Methylheptane,2013-03-11T00:00,0.009,µg/m³,VOC,N/A
31201,GRANTON,3-Methylheptane,2013-04-16T00:00,0.005,µg/m³,VOC,N/A
31201,GRANTON,3-Methylheptane,2013-04-22T00:00,0.007,µg/m³,VOC,N/A
31201,GRANTON,3-Methylheptane,2013-04-28T00:00,0.003,µg/m³,VOC,N/A
31201,GRANTON,3-Methylheptane,2013-05-04T00:00,0.029,µg/m³,VOC,N/A
31201,GRANTON,3-Methylheptane,2013-05-10T00:00,0.009,µg/m³,VOC,N/A
31201,GRANTON,3-Methylheptane,2013-05-16T00:00,0.012,µg/m³,VOC,N/A
31201,GRANTON,3-Methylheptane,2013-05-22T00:00,0.005,µg/m³,VOC,N/A
31201,GRANTON,3-Methylheptane,2013-05-28T00:00,0.003,µg/m³,VOC,N/A
31201,GRANTON,3-Methylheptane,2013-06-03T00:00,0.000,µg/m³,VOC,N/A
31201,GRANTON,3-Methylheptane,2013-06-27T00:00,0.010,µg/m³,VOC,N/A
31201,GRANTON,3-Methylheptane,2013-07-03T00:00,0.015,µg/m³,VOC,N/A
31201,GRANTON,3-Methylheptane,2013-07-09T00:00,0.062,µg/m³,VOC,N/A
31201,GRANTON,3-Methylheptane,2013-07-15T00:00,0.018,µg/m³,VOC,N/A
31201,GRANTON,3-Methylheptane,2013-07-21T00:00,0.010,µg/m³,VOC,N/A
31201,GRANTON,3-Methylheptane,2013-07-27T00:00,0.017,µg/m³,VOC,N/A
31201,GRANTON,3-Methylheptane,2013-08-02T00:00,0.011,µg/m³,VOC,N/A
31201,GRANTON,3-Methylheptane,2013-08-08T00:00,0.017,µg/m³,VOC,N/A
31201,GRANTON,3-Methylheptane,2013-08-14T00:00,0.009,µg/m³,VOC,N/A
31201,GRANTON,3-Methylheptane,2013-08-20T00:00,0.030,µg/m³,VOC,N/A
31201,GRANTON,3-Methylheptane,2013-08-26T00:00,0.020,µg/m³,VOC,N/A
31201,GRANTON,3-Methylheptane,2013-09-01T00:00,0.013,µg/m³,VOC,N/A
31201,GRANTON,3-Methylheptane,2013-09-13T00:00,0.005,µg/m³,VOC,N/A
31201,GRANTON,3-Methylheptane,2013-09-19T00:00,0.018,µg/m³,VOC,N/A
31201,GRANTON,3-Methylheptane,2013-09-25T00:00,0.009,µg/m³,VOC,N/A
31201,GRANTON,3-Methylheptane,2013-10-01T00:00,0.017,µg/m³,VOC,N/A
31201,GRANTON,3-Methylheptane,2013-10-07T00:00,0.024,µg/m³,VOC,N/A
31201,GRANTON,3-Methylheptane,2013-10-13T00:00,0.012,µg/m³,VOC,N/A
31201,GRANTON,3-Methylheptane,2013-10-19T00:00,0.008,µg/m³,VOC,N/A
31201,GRANTON,3-Methylheptane,2013-10-25T00:00,0.006,µg/m³,VOC,N/A
31201,GRANTON,3-Methylheptane,2013-10-31T00:00,0.006,µg/m³,VOC,N/A
31201,GRANTON,3-Methylheptane,2013-11-06T00:00,0.008,µg/m³,VOC,N/A
31201,GRANTON,3-Methylheptane,2013-11-12T00:00,0.006,µg/m³,VOC,N/A
31201,GRANTON,3-Methylheptane,2013-11-18T00:00,0.012,µg/m³,VOC,N/A
31201,GRANTON,3-Methylheptane,2013-11-24T00:00,0.004,µg/m³,VOC,N/A
31201,GRANTON,3-Methylheptane,2013-11-30T00:00,0.007,µg/m³,VOC,N/A
31201,GRANTON,3-Methylheptane,2013-12-06T00:00,0.011,µg/m³,VOC,N/A
31201,GRANTON,3-Methylheptane,2013-12-18T00:00,0.025,µg/m³,VOC,N/A
31201,GRANTON,3-Methylheptane,2013-12-24T00:00,0.009,µg/m³,VOC,N/A
