﻿NAPS_Site_ID,Station_Name,Pollutant,Date,Value,Units,Report_Type,Method
40203,FOREST HILLS,2-Methyl-2-Butene,2018-02-01T00:00,0.175,µg/m³,VOC,GC-MS
40203,FOREST HILLS,2-Methyl-2-Butene,2018-02-13T00:00,0.009,µg/m³,VOC,GC-MS
40203,FOREST HILLS,2-Methyl-2-Butene,2018-02-19T00:00,0.169,µg/m³,VOC,GC-MS
40203,FOREST HILLS,2-Methyl-2-Butene,2018-02-25T00:00,0.007,µg/m³,VOC,GC-MS
40203,FOREST HILLS,2-Methyl-2-Butene,2018-03-03T00:00,0.004,µg/m³,VOC,GC-MS
40203,FOREST HILLS,2-Methyl-2-Butene,2018-03-09T00:00,0.254,µg/m³,VOC,GC-MS
40203,FOREST HILLS,2-Methyl-2-Butene,2018-03-15T00:00,0.079,µg/m³,VOC,GC-MS
40203,FOREST HILLS,2-Methyl-2-Butene,2018-03-21T00:00,0.012,µg/m³,VOC,GC-MS
40203,FOREST HILLS,2-Methyl-2-Butene,2018-03-27T00:00,0.010,µg/m³,VOC,GC-MS
40203,FOREST HILLS,2-Methyl-2-Butene,2018-05-14T00:00,0.139,µg/m³,VOC,GC-MS
40203,FOREST HILLS,2-Methyl-2-Butene,2018-05-20T00:00,0.808,µg/m³,VOC,GC-MS
40203,FOREST HILLS,2-Methyl-2-Butene,2018-05-26T00:00,0.152,µg/m³,VOC,GC-MS
40203,FOREST HILLS,2-Methyl-2-Butene,2018-06-01T00:00,0.355,µg/m³,VOC,GC-MS
40203,FOREST HILLS,2-Methyl-2-Butene,2018-06-07T00:00,0.448,µg/m³,VOC,GC-MS
40203,FOREST HILLS,2-Methyl-2-Butene,2018-06-13T00:00,0.839,µg/m³,VOC,GC-MS
40203,FOREST HILLS,2-Methyl-2-Butene,2018-06-19T00:00,0.146,µg/m³,VOC,GC-MS
40203,FOREST HILLS,2-Methyl-2-Butene,2018-06-25T00:00,0.010,µg/m³,VOC,GC-MS
40203,FOREST HILLS,2-Methyl-2-Butene,2018-07-01T00:00,0.122,µg/m³,VOC,GC-MS
40203,FOREST HILLS,2-Methyl-2-Butene,2018-07-07T00:00,0.315,µg/m³,VOC,GC-MS
40203,FOREST HILLS,2-Methyl-2-Butene,2018-07-13T00:00,0.278,µg/m³,VOC,GC-MS
40203,FOREST HILLS,2-Methyl-2-Butene,2018-07-19T00:00,1.009,µg/m³,VOC,GC-MS
40203,FOREST HILLS,2-Methyl-2-Butene,2018-07-31T00:00,2.452,µg/m³,VOC,GC-MS
40203,FOREST HILLS,2-Methyl-2-Butene,2018-08-06T00:00,1.345,µg/m³,VOC,GC-MS
40203,FOREST HILLS,2-Methyl-2-Butene,2018-08-24T00:00,2.341,µg/m³,VOC,GC-MS
40203,FOREST HILLS,2-Methyl-2-Butene,2018-08-30T00:00,0.563,µg/m³,VOC,GC-MS
40203,FOREST HILLS,2-Methyl-2-Butene,2018-09-11T00:00,0.054,µg/m³,VOC,GC-MS
40203,FOREST HILLS,2-Methyl-2-Butene,2018-09-17T00:00,0.849,µg/m³,VOC,GC-MS
40203,FOREST HILLS,2-Methyl-2-Butene,2018-10-11T00:00,0.007,µg/m³,VOC,GC-MS
40203,FOREST HILLS,2-Methyl-2-Butene,2018-10-17T00:00,0.373,µg/m³,VOC,GC-MS
40203,FOREST HILLS,2-Methyl-2-Butene,2018-10-23T00:00,0.033,µg/m³,VOC,GC-MS
40203,FOREST HILLS,2-Methyl-2-Butene,2018-10-29T00:00,0.081,µg/m³,VOC,GC-MS
40203,FOREST HILLS,2-Methyl-2-Butene,2018-11-28T00:00,0.092,µg/m³,VOC,GC-MS
40203,FOREST HILLS,2-Methyl-2-Butene,2018-12-04T00:00,0.008,µg/m³,VOC,GC-MS
40203,FOREST HILLS,2-Methyl-2-Butene,2018-12-10T00:00,0.024,µg/m³,VOC,GC-MS
40203,FOREST HILLS,2-Methyl-2-Butene,2018-12-16T00:00,0.030,µg/m³,VOC,GC-MS
