﻿NAPS_Site_ID,Station_Name,Pollutant,Date,Value,Units,Report_Type,Method
100137,BURNABY NORTH,"2,5-Dimethylhexane",1999-06-23T00:00,0.300,µg/m³,VOC,N/A
100137,BURNABY NORTH,"2,5-Dimethylhexane",1999-07-11T00:00,0.750,µg/m³,VOC,N/A
100137,BURNABY NORTH,"2,5-Dimethylhexane",1999-08-10T00:00,0.400,µg/m³,VOC,N/A
100137,BURNABY NORTH,"2,5-Dimethylhexane",1999-08-28T00:00,0.560,µg/m³,VOC,N/A
100137,BURNABY NORTH,"2,5-Dimethylhexane",1999-09-15T00:00,1.130,µg/m³,VOC,N/A
100137,BURNABY NORTH,"2,5-Dimethylhexane",1999-10-03T00:00,1.140,µg/m³,VOC,N/A
100137,BURNABY NORTH,"2,5-Dimethylhexane",1999-10-21T00:00,1.080,µg/m³,VOC,N/A
100137,BURNABY NORTH,"2,5-Dimethylhexane",1999-11-08T00:00,0.450,µg/m³,VOC,N/A
100137,BURNABY NORTH,"2,5-Dimethylhexane",1999-12-02T00:00,0.160,µg/m³,VOC,N/A
100137,BURNABY NORTH,"2,5-Dimethylhexane",1999-12-20T00:00,0.350,µg/m³,VOC,N/A
