﻿NAPS_Site_ID,Station_Name,Pollutant,Date,Value,Units,Report_Type,Method
61004,CENTENNIAL PARK _SARNIA_,Dodecane,1991-01-06T00:00,0.027,µg/m³,VOC,GC-MS
61004,CENTENNIAL PARK _SARNIA_,Dodecane,1991-01-12T00:00,0.000,µg/m³,VOC,GC-MS
61004,CENTENNIAL PARK _SARNIA_,Dodecane,1991-01-18T00:00,0.023,µg/m³,VOC,GC-MS
61004,CENTENNIAL PARK _SARNIA_,Dodecane,1991-01-24T00:00,0.046,µg/m³,VOC,GC-MS
61004,CENTENNIAL PARK _SARNIA_,Dodecane,1991-01-30T00:00,0.027,µg/m³,VOC,GC-MS
61004,CENTENNIAL PARK _SARNIA_,Dodecane,1991-02-05T00:00,0.043,µg/m³,VOC,GC-MS
61004,CENTENNIAL PARK _SARNIA_,Dodecane,1991-02-11T00:00,0.000,µg/m³,VOC,GC-MS
61004,CENTENNIAL PARK _SARNIA_,Dodecane,1991-02-17T00:00,0.000,µg/m³,VOC,GC-MS
61004,CENTENNIAL PARK _SARNIA_,Dodecane,1991-02-23T00:00,0.000,µg/m³,VOC,GC-MS
61004,CENTENNIAL PARK _SARNIA_,Dodecane,1991-03-01T00:00,0.129,µg/m³,VOC,GC-MS
61004,CENTENNIAL PARK _SARNIA_,Dodecane,1991-03-07T00:00,0.000,µg/m³,VOC,GC-MS
61004,CENTENNIAL PARK _SARNIA_,Dodecane,1991-03-13T00:00,0.428,µg/m³,VOC,GC-MS
61004,CENTENNIAL PARK _SARNIA_,Dodecane,1991-03-19T00:00,0.000,µg/m³,VOC,GC-MS
61004,CENTENNIAL PARK _SARNIA_,Dodecane,1991-03-25T00:00,0.043,µg/m³,VOC,GC-MS
61004,CENTENNIAL PARK _SARNIA_,Dodecane,1991-03-31T00:00,0.064,µg/m³,VOC,GC-MS
61004,CENTENNIAL PARK _SARNIA_,Dodecane,1991-04-06T00:00,0.175,µg/m³,VOC,GC-MS
61004,CENTENNIAL PARK _SARNIA_,Dodecane,1991-04-12T00:00,0.040,µg/m³,VOC,GC-MS
61004,CENTENNIAL PARK _SARNIA_,Dodecane,1991-04-18T00:00,0.000,µg/m³,VOC,GC-MS
61004,CENTENNIAL PARK _SARNIA_,Dodecane,1991-04-24T00:00,0.269,µg/m³,VOC,GC-MS
61004,CENTENNIAL PARK _SARNIA_,Dodecane,1991-05-06T00:00,0.519,µg/m³,VOC,GC-MS
61004,CENTENNIAL PARK _SARNIA_,Dodecane,1991-05-12T00:00,0.958,µg/m³,VOC,GC-MS
61004,CENTENNIAL PARK _SARNIA_,Dodecane,1991-05-18T00:00,0.082,µg/m³,VOC,GC-MS
61004,CENTENNIAL PARK _SARNIA_,Dodecane,1991-05-24T00:00,0.375,µg/m³,VOC,GC-MS
61004,CENTENNIAL PARK _SARNIA_,Dodecane,1991-05-30T00:00,0.365,µg/m³,VOC,GC-MS
61004,CENTENNIAL PARK _SARNIA_,Dodecane,1991-06-05T00:00,0.139,µg/m³,VOC,GC-MS
61004,CENTENNIAL PARK _SARNIA_,Dodecane,1991-06-11T00:00,0.223,µg/m³,VOC,GC-MS
61004,CENTENNIAL PARK _SARNIA_,Dodecane,1991-06-17T00:00,0.237,µg/m³,VOC,GC-MS
61004,CENTENNIAL PARK _SARNIA_,Dodecane,1991-06-23T00:00,0.180,µg/m³,VOC,GC-MS
61004,CENTENNIAL PARK _SARNIA_,Dodecane,1991-06-29T00:00,0.742,µg/m³,VOC,GC-MS
61004,CENTENNIAL PARK _SARNIA_,Dodecane,1991-07-05T00:00,0.377,µg/m³,VOC,GC-MS
61004,CENTENNIAL PARK _SARNIA_,Dodecane,1991-07-11T00:00,0.172,µg/m³,VOC,GC-MS
61004,CENTENNIAL PARK _SARNIA_,Dodecane,1991-07-17T00:00,0.370,µg/m³,VOC,GC-MS
61004,CENTENNIAL PARK _SARNIA_,Dodecane,1991-07-23T00:00,1.156,µg/m³,VOC,GC-MS
61004,CENTENNIAL PARK _SARNIA_,Dodecane,1991-07-29T00:00,0.207,µg/m³,VOC,GC-MS
61004,CENTENNIAL PARK _SARNIA_,Dodecane,1991-08-04T00:00,0.283,µg/m³,VOC,GC-MS
61004,CENTENNIAL PARK _SARNIA_,Dodecane,1991-08-10T00:00,0.373,µg/m³,VOC,GC-MS
61004,CENTENNIAL PARK _SARNIA_,Dodecane,1991-08-16T00:00,0.279,µg/m³,VOC,GC-MS
61004,CENTENNIAL PARK _SARNIA_,Dodecane,1991-08-22T00:00,0.874,µg/m³,VOC,GC-MS
61004,CENTENNIAL PARK _SARNIA_,Dodecane,1991-08-28T00:00,0.277,µg/m³,VOC,GC-MS
61004,CENTENNIAL PARK _SARNIA_,Dodecane,1991-09-03T00:00,0.826,µg/m³,VOC,GC-MS
61004,CENTENNIAL PARK _SARNIA_,Dodecane,1991-09-09T00:00,0.621,µg/m³,VOC,GC-MS
61004,CENTENNIAL PARK _SARNIA_,Dodecane,1991-09-15T00:00,0.342,µg/m³,VOC,GC-MS
61004,CENTENNIAL PARK _SARNIA_,Dodecane,1991-09-21T00:00,0.244,µg/m³,VOC,GC-MS
61004,CENTENNIAL PARK _SARNIA_,Dodecane,1991-11-20T00:00,0.174,µg/m³,VOC,GC-MS
61004,CENTENNIAL PARK _SARNIA_,Dodecane,1991-11-26T00:00,0.132,µg/m³,VOC,GC-MS
61004,CENTENNIAL PARK _SARNIA_,Dodecane,1991-12-08T00:00,0.407,µg/m³,VOC,GC-MS
61004,CENTENNIAL PARK _SARNIA_,Dodecane,1991-12-14T00:00,0.165,µg/m³,VOC,GC-MS
61004,CENTENNIAL PARK _SARNIA_,Dodecane,1991-12-26T00:00,0.184,µg/m³,VOC,GC-MS
