﻿NAPS_Site_ID,Station_Name,Pollutant,Date,Value,Units,Report_Type,Method
64601,PT. PETRE,23478-P5CDF,2003-03-10T00:00,0.002,pg/m³,PCDD,
64601,PT. PETRE,23478-P5CDF,2003-04-03T00:00,0.002,pg/m³,PCDD,
64601,PT. PETRE,23478-P5CDF,2003-04-27T00:00,0.001,pg/m³,PCDD,
64601,PT. PETRE,23478-P5CDF,2003-05-21T00:00,0.000,pg/m³,PCDD,
64601,PT. PETRE,23478-P5CDF,2003-06-14T00:00,0.003,pg/m³,PCDD,
64601,PT. PETRE,23478-P5CDF,2003-08-01T00:00,0.003,pg/m³,PCDD,
64601,PT. PETRE,23478-P5CDF,2003-09-18T00:00,0.002,pg/m³,PCDD,
64601,PT. PETRE,23478-P5CDF,2003-12-23T00:00,0.011,pg/m³,PCDD,
