﻿NAPS_Site_ID,Station_Name,Pollutant,Date,Value,Units,Report_Type,Method
31201,GRANTON,n-Butylbenzene,2012-01-16T00:00,0.000,µg/m³,VOC,N/A
31201,GRANTON,n-Butylbenzene,2012-01-22T00:00,0.005,µg/m³,VOC,N/A
31201,GRANTON,n-Butylbenzene,2012-01-28T00:00,0.019,µg/m³,VOC,N/A
31201,GRANTON,n-Butylbenzene,2012-02-03T00:00,0.006,µg/m³,VOC,N/A
31201,GRANTON,n-Butylbenzene,2012-02-15T00:00,0.003,µg/m³,VOC,N/A
31201,GRANTON,n-Butylbenzene,2012-04-15T00:00,0.010,µg/m³,VOC,N/A
31201,GRANTON,n-Butylbenzene,2012-04-21T00:00,0.004,µg/m³,VOC,N/A
31201,GRANTON,n-Butylbenzene,2012-04-27T00:00,0.003,µg/m³,VOC,N/A
31201,GRANTON,n-Butylbenzene,2012-05-03T00:00,0.004,µg/m³,VOC,N/A
31201,GRANTON,n-Butylbenzene,2012-05-15T00:00,0.020,µg/m³,VOC,N/A
31201,GRANTON,n-Butylbenzene,2012-05-27T00:00,0.005,µg/m³,VOC,N/A
31201,GRANTON,n-Butylbenzene,2012-06-02T00:00,0.007,µg/m³,VOC,N/A
31201,GRANTON,n-Butylbenzene,2012-06-14T00:00,0.003,µg/m³,VOC,N/A
31201,GRANTON,n-Butylbenzene,2012-07-02T00:00,0.013,µg/m³,VOC,N/A
31201,GRANTON,n-Butylbenzene,2012-07-20T00:00,0.006,µg/m³,VOC,N/A
31201,GRANTON,n-Butylbenzene,2012-08-26T00:00,0.021,µg/m³,VOC,N/A
31201,GRANTON,n-Butylbenzene,2012-09-18T00:00,0.036,µg/m³,VOC,N/A
31201,GRANTON,n-Butylbenzene,2012-09-24T00:00,0.014,µg/m³,VOC,N/A
31201,GRANTON,n-Butylbenzene,2012-09-30T00:00,0.005,µg/m³,VOC,N/A
31201,GRANTON,n-Butylbenzene,2012-10-06T00:00,0.005,µg/m³,VOC,N/A
31201,GRANTON,n-Butylbenzene,2012-10-12T00:00,0.004,µg/m³,VOC,N/A
31201,GRANTON,n-Butylbenzene,2012-10-18T00:00,0.003,µg/m³,VOC,N/A
31201,GRANTON,n-Butylbenzene,2012-10-24T00:00,0.002,µg/m³,VOC,N/A
31201,GRANTON,n-Butylbenzene,2012-10-30T00:00,0.003,µg/m³,VOC,N/A
31201,GRANTON,n-Butylbenzene,2012-11-05T00:00,0.002,µg/m³,VOC,N/A
31201,GRANTON,n-Butylbenzene,2012-11-11T00:00,0.002,µg/m³,VOC,N/A
31201,GRANTON,n-Butylbenzene,2012-11-29T00:00,0.002,µg/m³,VOC,N/A
31201,GRANTON,n-Butylbenzene,2012-12-11T00:00,0.002,µg/m³,VOC,N/A
31201,GRANTON,n-Butylbenzene,2012-12-17T00:00,0.002,µg/m³,VOC,N/A
31201,GRANTON,n-Butylbenzene,2012-12-23T00:00,0.002,µg/m³,VOC,N/A
