﻿NAPS_Site_ID,Station_Name,Pollutant,Date,Value,Units,Report_Type,Method
103202,GOLDEN HOSPITAL HELIPAD,Naphthalene,2006-01-05T00:00,0.101,µg/m³,VOC,
103202,GOLDEN HOSPITAL HELIPAD,Naphthalene,2006-01-11T00:00,0.151,µg/m³,VOC,
103202,GOLDEN HOSPITAL HELIPAD,Naphthalene,2006-01-17T00:00,0.122,µg/m³,VOC,
103202,GOLDEN HOSPITAL HELIPAD,Naphthalene,2006-01-23T00:00,0.305,µg/m³,VOC,
103202,GOLDEN HOSPITAL HELIPAD,Naphthalene,2006-01-29T00:00,0.234,µg/m³,VOC,
103202,GOLDEN HOSPITAL HELIPAD,Naphthalene,2006-02-04T00:00,0.163,µg/m³,VOC,
103202,GOLDEN HOSPITAL HELIPAD,Naphthalene,2006-02-10T00:00,0.264,µg/m³,VOC,
103202,GOLDEN HOSPITAL HELIPAD,Naphthalene,2006-02-16T00:00,0.059,µg/m³,VOC,
103202,GOLDEN HOSPITAL HELIPAD,Naphthalene,2006-02-22T00:00,0.451,µg/m³,VOC,
103202,GOLDEN HOSPITAL HELIPAD,Naphthalene,2006-02-28T00:00,0.215,µg/m³,VOC,
103202,GOLDEN HOSPITAL HELIPAD,Naphthalene,2006-03-06T00:00,0.588,µg/m³,VOC,
103202,GOLDEN HOSPITAL HELIPAD,Naphthalene,2006-03-12T00:00,0.277,µg/m³,VOC,
103202,GOLDEN HOSPITAL HELIPAD,Naphthalene,2006-03-18T00:00,0.327,µg/m³,VOC,
103202,GOLDEN HOSPITAL HELIPAD,Naphthalene,2006-03-24T00:00,0.671,µg/m³,VOC,
103202,GOLDEN HOSPITAL HELIPAD,Naphthalene,2006-03-30T00:00,0.305,µg/m³,VOC,
103202,GOLDEN HOSPITAL HELIPAD,Naphthalene,2006-04-05T00:00,0.291,µg/m³,VOC,
103202,GOLDEN HOSPITAL HELIPAD,Naphthalene,2006-04-11T00:00,0.069,µg/m³,VOC,
103202,GOLDEN HOSPITAL HELIPAD,Naphthalene,2006-04-17T00:00,0.071,µg/m³,VOC,
103202,GOLDEN HOSPITAL HELIPAD,Naphthalene,2006-04-23T00:00,0.076,µg/m³,VOC,
103202,GOLDEN HOSPITAL HELIPAD,Naphthalene,2006-04-29T00:00,0.199,µg/m³,VOC,
103202,GOLDEN HOSPITAL HELIPAD,Naphthalene,2006-05-05T00:00,0.007,µg/m³,VOC,
103202,GOLDEN HOSPITAL HELIPAD,Naphthalene,2006-05-11T00:00,0.090,µg/m³,VOC,
103202,GOLDEN HOSPITAL HELIPAD,Naphthalene,2006-05-29T00:00,0.142,µg/m³,VOC,
103202,GOLDEN HOSPITAL HELIPAD,Naphthalene,2006-08-09T00:00,0.276,µg/m³,VOC,
103202,GOLDEN HOSPITAL HELIPAD,Naphthalene,2006-08-15T00:00,0.158,µg/m³,VOC,
103202,GOLDEN HOSPITAL HELIPAD,Naphthalene,2006-08-21T00:00,0.352,µg/m³,VOC,
103202,GOLDEN HOSPITAL HELIPAD,Naphthalene,2006-08-27T00:00,0.250,µg/m³,VOC,
103202,GOLDEN HOSPITAL HELIPAD,Naphthalene,2006-09-08T00:00,0.634,µg/m³,VOC,
103202,GOLDEN HOSPITAL HELIPAD,Naphthalene,2006-09-14T00:00,0.173,µg/m³,VOC,
103202,GOLDEN HOSPITAL HELIPAD,Naphthalene,2006-09-20T00:00,0.077,µg/m³,VOC,
103202,GOLDEN HOSPITAL HELIPAD,Naphthalene,2006-09-26T00:00,0.205,µg/m³,VOC,
103202,GOLDEN HOSPITAL HELIPAD,Naphthalene,2006-10-02T00:00,0.176,µg/m³,VOC,
103202,GOLDEN HOSPITAL HELIPAD,Naphthalene,2006-10-08T00:00,0.132,µg/m³,VOC,
103202,GOLDEN HOSPITAL HELIPAD,Naphthalene,2006-10-14T00:00,0.388,µg/m³,VOC,
103202,GOLDEN HOSPITAL HELIPAD,Naphthalene,2006-10-20T00:00,0.481,µg/m³,VOC,
103202,GOLDEN HOSPITAL HELIPAD,Naphthalene,2006-10-26T00:00,0.198,µg/m³,VOC,
103202,GOLDEN HOSPITAL HELIPAD,Naphthalene,2006-11-01T00:00,0.508,µg/m³,VOC,
103202,GOLDEN HOSPITAL HELIPAD,Naphthalene,2006-11-07T00:00,0.562,µg/m³,VOC,
103202,GOLDEN HOSPITAL HELIPAD,Naphthalene,2006-11-13T00:00,0.738,µg/m³,VOC,
103202,GOLDEN HOSPITAL HELIPAD,Naphthalene,2006-11-19T00:00,0.210,µg/m³,VOC,
103202,GOLDEN HOSPITAL HELIPAD,Naphthalene,2006-12-13T00:00,0.357,µg/m³,VOC,
