﻿NAPS_Site_ID,Station_Name,Pollutant,Date,Value,Units,Report_Type,Method
100112,DOWNTOWN VANCOUVER,Benzylchloride,2007-02-17T00:00,0.000,µg/m³,VOC,N/A
100112,DOWNTOWN VANCOUVER,Benzylchloride,2007-03-07T00:00,0.000,µg/m³,VOC,N/A
100112,DOWNTOWN VANCOUVER,Benzylchloride,2007-04-12T00:00,0.000,µg/m³,VOC,N/A
100112,DOWNTOWN VANCOUVER,Benzylchloride,2007-04-30T00:00,0.000,µg/m³,VOC,N/A
100112,DOWNTOWN VANCOUVER,Benzylchloride,2007-05-12T00:00,0.000,µg/m³,VOC,N/A
100112,DOWNTOWN VANCOUVER,Benzylchloride,2007-05-24T00:00,0.000,µg/m³,VOC,N/A
100112,DOWNTOWN VANCOUVER,Benzylchloride,2007-06-05T00:00,0.000,µg/m³,VOC,N/A
100112,DOWNTOWN VANCOUVER,Benzylchloride,2007-06-17T00:00,0.000,µg/m³,VOC,N/A
100112,DOWNTOWN VANCOUVER,Benzylchloride,2007-06-29T00:00,0.000,µg/m³,VOC,N/A
100112,DOWNTOWN VANCOUVER,Benzylchloride,2007-07-11T00:00,0.000,µg/m³,VOC,N/A
100112,DOWNTOWN VANCOUVER,Benzylchloride,2007-08-04T00:00,0.000,µg/m³,VOC,N/A
100112,DOWNTOWN VANCOUVER,Benzylchloride,2007-08-16T00:00,0.000,µg/m³,VOC,N/A
100112,DOWNTOWN VANCOUVER,Benzylchloride,2007-09-09T00:00,0.000,µg/m³,VOC,N/A
100112,DOWNTOWN VANCOUVER,Benzylchloride,2007-09-21T00:00,0.006,µg/m³,VOC,N/A
100112,DOWNTOWN VANCOUVER,Benzylchloride,2007-10-03T00:00,0.000,µg/m³,VOC,N/A
100112,DOWNTOWN VANCOUVER,Benzylchloride,2007-11-08T00:00,0.016,µg/m³,VOC,N/A
100112,DOWNTOWN VANCOUVER,Benzylchloride,2007-11-20T00:00,0.000,µg/m³,VOC,N/A
100112,DOWNTOWN VANCOUVER,Benzylchloride,2007-12-02T00:00,0.000,µg/m³,VOC,N/A
100112,DOWNTOWN VANCOUVER,Benzylchloride,2007-12-14T00:00,0.000,µg/m³,VOC,N/A
100112,DOWNTOWN VANCOUVER,Benzylchloride,2007-12-26T00:00,0.000,µg/m³,VOC,N/A
