﻿NAPS_Site_ID,Station_Name,Pollutant,Date,Value,Units,Report_Type,Method
101004,ABBOTSFORD AIRPORT,OC,2009-01-01T00:00,0.620,µg/m³,SPEC,TOR
101004,ABBOTSFORD AIRPORT,OC,2009-01-04T00:00,0.843,µg/m³,SPEC,TOR
101004,ABBOTSFORD AIRPORT,OC,2009-01-07T00:00,0.524,µg/m³,SPEC,TOR
101004,ABBOTSFORD AIRPORT,OC,2009-01-13T00:00,1.865,µg/m³,SPEC,TOR
101004,ABBOTSFORD AIRPORT,OC,2009-01-16T00:00,4.916,µg/m³,SPEC,TOR
101004,ABBOTSFORD AIRPORT,OC,2009-01-19T00:00,2.523,µg/m³,SPEC,TOR
101004,ABBOTSFORD AIRPORT,OC,2009-01-22T00:00,2.251,µg/m³,SPEC,TOR
101004,ABBOTSFORD AIRPORT,OC,2009-01-25T00:00,2.292,µg/m³,SPEC,TOR
101004,ABBOTSFORD AIRPORT,OC,2009-01-28T00:00,4.197,µg/m³,SPEC,TOR
101004,ABBOTSFORD AIRPORT,OC,2009-01-31T00:00,1.426,µg/m³,SPEC,TOR
101004,ABBOTSFORD AIRPORT,OC,2009-02-03T00:00,1.208,µg/m³,SPEC,TOR
101004,ABBOTSFORD AIRPORT,OC,2009-02-06T00:00,3.250,µg/m³,SPEC,TOR
101004,ABBOTSFORD AIRPORT,OC,2009-02-09T00:00,0.591,µg/m³,SPEC,TOR
101004,ABBOTSFORD AIRPORT,OC,2009-02-12T00:00,2.420,µg/m³,SPEC,TOR
101004,ABBOTSFORD AIRPORT,OC,2009-02-18T00:00,3.905,µg/m³,SPEC,TOR
101004,ABBOTSFORD AIRPORT,OC,2009-02-21T00:00,2.586,µg/m³,SPEC,TOR
101004,ABBOTSFORD AIRPORT,OC,2009-02-24T00:00,0.000,µg/m³,SPEC,TOR
101004,ABBOTSFORD AIRPORT,OC,2009-02-27T00:00,1.619,µg/m³,SPEC,TOR
101004,ABBOTSFORD AIRPORT,OC,2009-03-02T00:00,0.000,µg/m³,SPEC,TOR
101004,ABBOTSFORD AIRPORT,OC,2009-03-05T00:00,0.000,µg/m³,SPEC,TOR
101004,ABBOTSFORD AIRPORT,OC,2009-03-08T00:00,1.180,µg/m³,SPEC,TOR
101004,ABBOTSFORD AIRPORT,OC,2009-03-11T00:00,2.539,µg/m³,SPEC,TOR
101004,ABBOTSFORD AIRPORT,OC,2009-03-14T00:00,0.487,µg/m³,SPEC,TOR
101004,ABBOTSFORD AIRPORT,OC,2009-03-20T00:00,0.836,µg/m³,SPEC,TOR
101004,ABBOTSFORD AIRPORT,OC,2009-03-23T00:00,1.410,µg/m³,SPEC,TOR
101004,ABBOTSFORD AIRPORT,OC,2009-03-26T00:00,0.345,µg/m³,SPEC,TOR
101004,ABBOTSFORD AIRPORT,OC,2009-03-29T00:00,0.859,µg/m³,SPEC,TOR
101004,ABBOTSFORD AIRPORT,OC,2009-04-01T00:00,0.174,µg/m³,SPEC,TOR
101004,ABBOTSFORD AIRPORT,OC,2009-04-04T00:00,0.520,µg/m³,SPEC,TOR
101004,ABBOTSFORD AIRPORT,OC,2009-04-10T00:00,1.822,µg/m³,SPEC,TOR
101004,ABBOTSFORD AIRPORT,OC,2009-04-13T00:00,1.007,µg/m³,SPEC,TOR
101004,ABBOTSFORD AIRPORT,OC,2009-04-16T00:00,3.132,µg/m³,SPEC,TOR
101004,ABBOTSFORD AIRPORT,OC,2009-04-22T00:00,0.360,µg/m³,SPEC,TOR
101004,ABBOTSFORD AIRPORT,OC,2009-05-07T00:00,0.046,µg/m³,SPEC,TOR
101004,ABBOTSFORD AIRPORT,OC,2009-05-10T00:00,0.807,µg/m³,SPEC,TOR
101004,ABBOTSFORD AIRPORT,OC,2009-05-13T00:00,1.941,µg/m³,SPEC,TOR
101004,ABBOTSFORD AIRPORT,OC,2009-05-16T00:00,2.709,µg/m³,SPEC,TOR
101004,ABBOTSFORD AIRPORT,OC,2009-05-19T00:00,2.462,µg/m³,SPEC,TOR
101004,ABBOTSFORD AIRPORT,OC,2009-05-22T00:00,1.749,µg/m³,SPEC,TOR
101004,ABBOTSFORD AIRPORT,OC,2009-05-25T00:00,1.145,µg/m³,SPEC,TOR
101004,ABBOTSFORD AIRPORT,OC,2009-05-28T00:00,2.169,µg/m³,SPEC,TOR
101004,ABBOTSFORD AIRPORT,OC,2009-05-31T00:00,2.288,µg/m³,SPEC,TOR
101004,ABBOTSFORD AIRPORT,OC,2009-06-03T00:00,5.348,µg/m³,SPEC,TOR
101004,ABBOTSFORD AIRPORT,OC,2009-06-06T00:00,4.219,µg/m³,SPEC,TOR
101004,ABBOTSFORD AIRPORT,OC,2009-06-09T00:00,2.429,µg/m³,SPEC,TOR
101004,ABBOTSFORD AIRPORT,OC,2009-06-12T00:00,2.277,µg/m³,SPEC,TOR
101004,ABBOTSFORD AIRPORT,OC,2009-06-15T00:00,1.762,µg/m³,SPEC,TOR
101004,ABBOTSFORD AIRPORT,OC,2009-06-18T00:00,0.465,µg/m³,SPEC,TOR
101004,ABBOTSFORD AIRPORT,OC,2009-06-21T00:00,1.397,µg/m³,SPEC,TOR
101004,ABBOTSFORD AIRPORT,OC,2009-06-27T00:00,1.050,µg/m³,SPEC,TOR
101004,ABBOTSFORD AIRPORT,OC,2009-06-30T00:00,1.067,µg/m³,SPEC,TOR
101004,ABBOTSFORD AIRPORT,OC,2009-07-09T00:00,1.372,µg/m³,SPEC,TOR
101004,ABBOTSFORD AIRPORT,OC,2009-07-12T00:00,1.579,µg/m³,SPEC,TOR
101004,ABBOTSFORD AIRPORT,OC,2009-07-15T00:00,2.446,µg/m³,SPEC,TOR
101004,ABBOTSFORD AIRPORT,OC,2009-07-18T00:00,0.408,µg/m³,SPEC,TOR
101004,ABBOTSFORD AIRPORT,OC,2009-07-21T00:00,2.079,µg/m³,SPEC,TOR
101004,ABBOTSFORD AIRPORT,OC,2009-07-24T00:00,0.788,µg/m³,SPEC,TOR
101004,ABBOTSFORD AIRPORT,OC,2009-07-30T00:00,6.383,µg/m³,SPEC,TOR
101004,ABBOTSFORD AIRPORT,OC,2009-08-02T00:00,3.569,µg/m³,SPEC,TOR
101004,ABBOTSFORD AIRPORT,OC,2009-08-05T00:00,3.416,µg/m³,SPEC,TOR
101004,ABBOTSFORD AIRPORT,OC,2009-08-08T00:00,4.501,µg/m³,SPEC,TOR
101004,ABBOTSFORD AIRPORT,OC,2009-08-11T00:00,0.726,µg/m³,SPEC,TOR
101004,ABBOTSFORD AIRPORT,OC,2009-08-14T00:00,0.952,µg/m³,SPEC,TOR
101004,ABBOTSFORD AIRPORT,OC,2009-08-17T00:00,1.878,µg/m³,SPEC,TOR
101004,ABBOTSFORD AIRPORT,OC,2009-08-20T00:00,3.497,µg/m³,SPEC,TOR
101004,ABBOTSFORD AIRPORT,OC,2009-08-23T00:00,0.944,µg/m³,SPEC,TOR
101004,ABBOTSFORD AIRPORT,OC,2009-08-26T00:00,1.400,µg/m³,SPEC,TOR
101004,ABBOTSFORD AIRPORT,OC,2009-08-29T00:00,0.251,µg/m³,SPEC,TOR
101004,ABBOTSFORD AIRPORT,OC,2009-09-01T00:00,1.211,µg/m³,SPEC,TOR
101004,ABBOTSFORD AIRPORT,OC,2009-09-04T00:00,1.402,µg/m³,SPEC,TOR
101004,ABBOTSFORD AIRPORT,OC,2009-09-07T00:00,0.000,µg/m³,SPEC,TOR
101004,ABBOTSFORD AIRPORT,OC,2009-09-10T00:00,3.191,µg/m³,SPEC,TOR
101004,ABBOTSFORD AIRPORT,OC,2009-09-13T00:00,2.982,µg/m³,SPEC,TOR
101004,ABBOTSFORD AIRPORT,OC,2009-09-19T00:00,1.446,µg/m³,SPEC,TOR
101004,ABBOTSFORD AIRPORT,OC,2009-09-22T00:00,2.049,µg/m³,SPEC,TOR
101004,ABBOTSFORD AIRPORT,OC,2009-09-25T00:00,2.119,µg/m³,SPEC,TOR
101004,ABBOTSFORD AIRPORT,OC,2009-09-28T00:00,2.234,µg/m³,SPEC,TOR
101004,ABBOTSFORD AIRPORT,OC,2009-10-01T00:00,0.305,µg/m³,SPEC,TOR
101004,ABBOTSFORD AIRPORT,OC,2009-10-04T00:00,1.062,µg/m³,SPEC,TOR
101004,ABBOTSFORD AIRPORT,OC,2009-10-10T00:00,0.591,µg/m³,SPEC,TOR
101004,ABBOTSFORD AIRPORT,OC,2009-10-16T00:00,1.016,µg/m³,SPEC,TOR
101004,ABBOTSFORD AIRPORT,OC,2009-10-19T00:00,5.783,µg/m³,SPEC,TOR
101004,ABBOTSFORD AIRPORT,OC,2009-10-22T00:00,2.460,µg/m³,SPEC,TOR
101004,ABBOTSFORD AIRPORT,OC,2009-10-25T00:00,2.329,µg/m³,SPEC,TOR
101004,ABBOTSFORD AIRPORT,OC,2009-10-28T00:00,4.376,µg/m³,SPEC,TOR
101004,ABBOTSFORD AIRPORT,OC,2009-10-31T00:00,0.669,µg/m³,SPEC,TOR
101004,ABBOTSFORD AIRPORT,OC,2009-11-09T00:00,1.079,µg/m³,SPEC,TOR
101004,ABBOTSFORD AIRPORT,OC,2009-11-12T00:00,2.445,µg/m³,SPEC,TOR
101004,ABBOTSFORD AIRPORT,OC,2009-11-15T00:00,0.751,µg/m³,SPEC,TOR
101004,ABBOTSFORD AIRPORT,OC,2009-11-18T00:00,0.110,µg/m³,SPEC,TOR
101004,ABBOTSFORD AIRPORT,OC,2009-11-21T00:00,0.377,µg/m³,SPEC,TOR
101004,ABBOTSFORD AIRPORT,OC,2009-11-24T00:00,1.221,µg/m³,SPEC,TOR
101004,ABBOTSFORD AIRPORT,OC,2009-11-27T00:00,1.769,µg/m³,SPEC,TOR
101004,ABBOTSFORD AIRPORT,OC,2009-11-30T00:00,0.796,µg/m³,SPEC,TOR
101004,ABBOTSFORD AIRPORT,OC,2009-12-03T00:00,4.501,µg/m³,SPEC,TOR
101004,ABBOTSFORD AIRPORT,OC,2009-12-06T00:00,0.627,µg/m³,SPEC,TOR
101004,ABBOTSFORD AIRPORT,OC,2009-12-09T00:00,3.009,µg/m³,SPEC,TOR
101004,ABBOTSFORD AIRPORT,OC,2009-12-12T00:00,3.779,µg/m³,SPEC,TOR
101004,ABBOTSFORD AIRPORT,OC,2009-12-15T00:00,1.886,µg/m³,SPEC,TOR
101004,ABBOTSFORD AIRPORT,OC,2009-12-18T00:00,1.709,µg/m³,SPEC,TOR
101004,ABBOTSFORD AIRPORT,OC,2009-12-21T00:00,1.189,µg/m³,SPEC,TOR
101004,ABBOTSFORD AIRPORT,OC,2009-12-24T00:00,1.936,µg/m³,SPEC,TOR
101004,ABBOTSFORD AIRPORT,OC,2009-12-27T00:00,3.437,µg/m³,SPEC,TOR
101004,ABBOTSFORD AIRPORT,OC,2009-12-30T00:00,2.349,µg/m³,SPEC,TOR
