﻿NAPS_Site_ID,Station_Name,Pollutant,Date,Value,Units,Report_Type,Method
91101,ELK ISLAND NATIONAL PARK,Hexylbenzene,2006-08-27T00:00,0.000,µg/m³,VOC,N/A
91101,ELK ISLAND NATIONAL PARK,Hexylbenzene,2006-10-26T00:00,0.000,µg/m³,VOC,N/A
91101,ELK ISLAND NATIONAL PARK,Hexylbenzene,2006-11-01T00:00,0.000,µg/m³,VOC,N/A
91101,ELK ISLAND NATIONAL PARK,Hexylbenzene,2006-11-07T00:00,0.000,µg/m³,VOC,N/A
91101,ELK ISLAND NATIONAL PARK,Hexylbenzene,2006-11-13T00:00,0.000,µg/m³,VOC,N/A
91101,ELK ISLAND NATIONAL PARK,Hexylbenzene,2006-11-19T00:00,0.000,µg/m³,VOC,N/A
91101,ELK ISLAND NATIONAL PARK,Hexylbenzene,2006-11-25T00:00,0.000,µg/m³,VOC,N/A
91101,ELK ISLAND NATIONAL PARK,Hexylbenzene,2006-12-01T00:00,0.014,µg/m³,VOC,N/A
91101,ELK ISLAND NATIONAL PARK,Hexylbenzene,2006-12-07T00:00,0.046,µg/m³,VOC,N/A
91101,ELK ISLAND NATIONAL PARK,Hexylbenzene,2006-12-13T00:00,0.000,µg/m³,VOC,N/A
91101,ELK ISLAND NATIONAL PARK,Hexylbenzene,2006-12-19T00:00,0.012,µg/m³,VOC,N/A
91101,ELK ISLAND NATIONAL PARK,Hexylbenzene,2006-12-25T00:00,0.066,µg/m³,VOC,N/A
91101,ELK ISLAND NATIONAL PARK,Hexylbenzene,2006-12-31T00:00,0.042,µg/m³,VOC,N/A
