﻿NAPS_Site_ID,Station_Name,Pollutant,Date,Value,Units,Report_Type,Method
61007,AAMJIWNAANG,2-Methyl-1-Butene,2009-01-07T00:00,0.137,µg/m³,VOC,GC-MS
61007,AAMJIWNAANG,2-Methyl-1-Butene,2009-01-19T00:00,0.041,µg/m³,VOC,GC-MS
61007,AAMJIWNAANG,2-Methyl-1-Butene,2009-01-31T00:00,0.036,µg/m³,VOC,GC-MS
61007,AAMJIWNAANG,2-Methyl-1-Butene,2009-02-12T00:00,0.085,µg/m³,VOC,GC-MS
61007,AAMJIWNAANG,2-Methyl-1-Butene,2009-02-24T00:00,0.094,µg/m³,VOC,GC-MS
61007,AAMJIWNAANG,2-Methyl-1-Butene,2009-03-08T00:00,0.058,µg/m³,VOC,GC-MS
61007,AAMJIWNAANG,2-Methyl-1-Butene,2009-03-20T00:00,0.026,µg/m³,VOC,GC-MS
61007,AAMJIWNAANG,2-Methyl-1-Butene,2009-04-01T00:00,0.055,µg/m³,VOC,GC-MS
61007,AAMJIWNAANG,2-Methyl-1-Butene,2009-04-13T00:00,0.031,µg/m³,VOC,GC-MS
61007,AAMJIWNAANG,2-Methyl-1-Butene,2009-04-25T00:00,0.057,µg/m³,VOC,GC-MS
61007,AAMJIWNAANG,2-Methyl-1-Butene,2009-05-07T00:00,0.028,µg/m³,VOC,GC-MS
61007,AAMJIWNAANG,2-Methyl-1-Butene,2009-05-19T00:00,0.022,µg/m³,VOC,GC-MS
61007,AAMJIWNAANG,2-Methyl-1-Butene,2009-05-31T00:00,0.102,µg/m³,VOC,GC-MS
61007,AAMJIWNAANG,2-Methyl-1-Butene,2009-06-12T00:00,0.103,µg/m³,VOC,GC-MS
61007,AAMJIWNAANG,2-Methyl-1-Butene,2009-07-06T00:00,0.056,µg/m³,VOC,GC-MS
61007,AAMJIWNAANG,2-Methyl-1-Butene,2009-07-18T00:00,0.046,µg/m³,VOC,GC-MS
61007,AAMJIWNAANG,2-Methyl-1-Butene,2009-07-30T00:00,0.086,µg/m³,VOC,GC-MS
61007,AAMJIWNAANG,2-Methyl-1-Butene,2009-08-11T00:00,0.142,µg/m³,VOC,GC-MS
61007,AAMJIWNAANG,2-Methyl-1-Butene,2009-08-23T00:00,0.057,µg/m³,VOC,GC-MS
61007,AAMJIWNAANG,2-Methyl-1-Butene,2009-09-04T00:00,0.076,µg/m³,VOC,GC-MS
61007,AAMJIWNAANG,2-Methyl-1-Butene,2009-09-16T00:00,0.033,µg/m³,VOC,GC-MS
61007,AAMJIWNAANG,2-Methyl-1-Butene,2009-09-28T00:00,0.082,µg/m³,VOC,GC-MS
61007,AAMJIWNAANG,2-Methyl-1-Butene,2009-10-10T00:00,0.021,µg/m³,VOC,GC-MS
61007,AAMJIWNAANG,2-Methyl-1-Butene,2009-10-22T00:00,0.033,µg/m³,VOC,GC-MS
61007,AAMJIWNAANG,2-Methyl-1-Butene,2009-11-03T00:00,0.041,µg/m³,VOC,GC-MS
61007,AAMJIWNAANG,2-Methyl-1-Butene,2009-11-15T00:00,0.111,µg/m³,VOC,GC-MS
61007,AAMJIWNAANG,2-Methyl-1-Butene,2009-11-27T00:00,0.010,µg/m³,VOC,GC-MS
61007,AAMJIWNAANG,2-Methyl-1-Butene,2009-12-09T00:00,0.026,µg/m³,VOC,GC-MS
61007,AAMJIWNAANG,2-Methyl-1-Butene,2009-12-21T00:00,0.049,µg/m³,VOC,GC-MS
