﻿NAPS_Site_ID,Station_Name,Pollutant,Date,Value,Units,Report_Type,Method
90121,EDMONTON EAST,Toluene,2008-01-07T00:00,2.656,µg/m³,VOC,GC-MS
90121,EDMONTON EAST,Toluene,2008-01-13T00:00,2.264,µg/m³,VOC,GC-MS
90121,EDMONTON EAST,Toluene,2008-01-19T00:00,2.953,µg/m³,VOC,GC-MS
90121,EDMONTON EAST,Toluene,2008-01-25T00:00,2.559,µg/m³,VOC,GC-MS
90121,EDMONTON EAST,Toluene,2008-01-31T00:00,1.607,µg/m³,VOC,GC-MS
90121,EDMONTON EAST,Toluene,2008-02-06T00:00,3.485,µg/m³,VOC,GC-MS
90121,EDMONTON EAST,Toluene,2008-02-12T00:00,4.109,µg/m³,VOC,GC-MS
90121,EDMONTON EAST,Toluene,2008-02-18T00:00,6.575,µg/m³,VOC,GC-MS
90121,EDMONTON EAST,Toluene,2008-02-24T00:00,2.959,µg/m³,VOC,GC-MS
90121,EDMONTON EAST,Toluene,2008-03-13T00:00,3.132,µg/m³,VOC,GC-MS
90121,EDMONTON EAST,Toluene,2008-03-19T00:00,2.802,µg/m³,VOC,GC-MS
90121,EDMONTON EAST,Toluene,2008-03-31T00:00,1.386,µg/m³,VOC,GC-MS
90121,EDMONTON EAST,Toluene,2008-04-06T00:00,0.411,µg/m³,VOC,GC-MS
90121,EDMONTON EAST,Toluene,2008-04-12T00:00,1.523,µg/m³,VOC,GC-MS
90121,EDMONTON EAST,Toluene,2008-04-18T00:00,1.147,µg/m³,VOC,GC-MS
90121,EDMONTON EAST,Toluene,2008-04-24T00:00,0.517,µg/m³,VOC,GC-MS
90121,EDMONTON EAST,Toluene,2008-04-30T00:00,1.806,µg/m³,VOC,GC-MS
90121,EDMONTON EAST,Toluene,2008-05-06T00:00,4.726,µg/m³,VOC,GC-MS
90121,EDMONTON EAST,Toluene,2008-05-12T00:00,1.748,µg/m³,VOC,GC-MS
90121,EDMONTON EAST,Toluene,2008-05-18T00:00,1.688,µg/m³,VOC,GC-MS
90121,EDMONTON EAST,Toluene,2008-05-24T00:00,8.650,µg/m³,VOC,GC-MS
90121,EDMONTON EAST,Toluene,2008-05-30T00:00,2.213,µg/m³,VOC,GC-MS
90121,EDMONTON EAST,Toluene,2008-06-05T00:00,1.062,µg/m³,VOC,GC-MS
90121,EDMONTON EAST,Toluene,2008-06-11T00:00,4.032,µg/m³,VOC,GC-MS
90121,EDMONTON EAST,Toluene,2008-06-17T00:00,3.067,µg/m³,VOC,GC-MS
90121,EDMONTON EAST,Toluene,2008-06-23T00:00,3.110,µg/m³,VOC,GC-MS
90121,EDMONTON EAST,Toluene,2008-06-29T00:00,2.286,µg/m³,VOC,GC-MS
90121,EDMONTON EAST,Toluene,2008-07-05T00:00,3.738,µg/m³,VOC,GC-MS
90121,EDMONTON EAST,Toluene,2008-07-11T00:00,0.716,µg/m³,VOC,GC-MS
90121,EDMONTON EAST,Toluene,2008-07-17T00:00,2.889,µg/m³,VOC,GC-MS
90121,EDMONTON EAST,Toluene,2008-07-23T00:00,1.831,µg/m³,VOC,GC-MS
90121,EDMONTON EAST,Toluene,2008-07-29T00:00,2.358,µg/m³,VOC,GC-MS
90121,EDMONTON EAST,Toluene,2008-08-04T00:00,2.220,µg/m³,VOC,GC-MS
90121,EDMONTON EAST,Toluene,2008-08-10T00:00,3.899,µg/m³,VOC,GC-MS
90121,EDMONTON EAST,Toluene,2008-08-16T00:00,2.637,µg/m³,VOC,GC-MS
90121,EDMONTON EAST,Toluene,2008-08-22T00:00,3.278,µg/m³,VOC,GC-MS
90121,EDMONTON EAST,Toluene,2008-08-28T00:00,4.033,µg/m³,VOC,GC-MS
90121,EDMONTON EAST,Toluene,2008-09-03T00:00,3.333,µg/m³,VOC,GC-MS
90121,EDMONTON EAST,Toluene,2008-09-09T00:00,4.257,µg/m³,VOC,GC-MS
90121,EDMONTON EAST,Toluene,2008-09-15T00:00,2.489,µg/m³,VOC,GC-MS
90121,EDMONTON EAST,Toluene,2008-09-21T00:00,3.407,µg/m³,VOC,GC-MS
90121,EDMONTON EAST,Toluene,2008-09-27T00:00,101.900,µg/m³,VOC,GC-MS
90121,EDMONTON EAST,Toluene,2008-10-03T00:00,12.356,µg/m³,VOC,GC-MS
90121,EDMONTON EAST,Toluene,2008-10-09T00:00,2.528,µg/m³,VOC,GC-MS
90121,EDMONTON EAST,Toluene,2008-10-15T00:00,3.711,µg/m³,VOC,GC-MS
90121,EDMONTON EAST,Toluene,2008-10-21T00:00,1.171,µg/m³,VOC,GC-MS
90121,EDMONTON EAST,Toluene,2008-10-27T00:00,5.805,µg/m³,VOC,GC-MS
90121,EDMONTON EAST,Toluene,2008-11-02T00:00,2.641,µg/m³,VOC,GC-MS
90121,EDMONTON EAST,Toluene,2008-11-08T00:00,1.545,µg/m³,VOC,GC-MS
90121,EDMONTON EAST,Toluene,2008-11-14T00:00,1.228,µg/m³,VOC,GC-MS
90121,EDMONTON EAST,Toluene,2008-11-20T00:00,0.752,µg/m³,VOC,GC-MS
90121,EDMONTON EAST,Toluene,2008-11-26T00:00,3.152,µg/m³,VOC,GC-MS
90121,EDMONTON EAST,Toluene,2008-12-02T00:00,0.407,µg/m³,VOC,GC-MS
90121,EDMONTON EAST,Toluene,2008-12-08T00:00,4.845,µg/m³,VOC,GC-MS
90121,EDMONTON EAST,Toluene,2008-12-14T00:00,1.119,µg/m³,VOC,GC-MS
90121,EDMONTON EAST,Toluene,2008-12-20T00:00,3.489,µg/m³,VOC,GC-MS
90121,EDMONTON EAST,Toluene,2008-12-26T00:00,2.347,µg/m³,VOC,GC-MS
