﻿NAPS_Site_ID,Station_Name,Pollutant,Date,Value,Units,Report_Type,Method
60104,OTTAWA DOWNTOWN,Propylene,2018-01-08T00:00,0.477,µg/m³,VOC,GC-MS
60104,OTTAWA DOWNTOWN,Propylene,2018-01-14T00:00,0.244,µg/m³,VOC,GC-MS
60104,OTTAWA DOWNTOWN,Propylene,2018-01-20T00:00,0.132,µg/m³,VOC,GC-MS
60104,OTTAWA DOWNTOWN,Propylene,2018-01-26T00:00,0.417,µg/m³,VOC,GC-MS
60104,OTTAWA DOWNTOWN,Propylene,2018-02-07T00:00,0.410,µg/m³,VOC,GC-MS
60104,OTTAWA DOWNTOWN,Propylene,2018-02-13T00:00,0.227,µg/m³,VOC,GC-MS
60104,OTTAWA DOWNTOWN,Propylene,2018-02-19T00:00,0.245,µg/m³,VOC,GC-MS
60104,OTTAWA DOWNTOWN,Propylene,2018-02-25T00:00,0.174,µg/m³,VOC,GC-MS
60104,OTTAWA DOWNTOWN,Propylene,2018-03-03T00:00,0.077,µg/m³,VOC,GC-MS
60104,OTTAWA DOWNTOWN,Propylene,2018-03-09T00:00,0.160,µg/m³,VOC,GC-MS
60104,OTTAWA DOWNTOWN,Propylene,2018-03-15T00:00,0.074,µg/m³,VOC,GC-MS
60104,OTTAWA DOWNTOWN,Propylene,2018-03-27T00:00,0.211,µg/m³,VOC,GC-MS
60104,OTTAWA DOWNTOWN,Propylene,2018-04-02T00:00,0.101,µg/m³,VOC,GC-MS
60104,OTTAWA DOWNTOWN,Propylene,2018-04-08T00:00,0.083,µg/m³,VOC,GC-MS
60104,OTTAWA DOWNTOWN,Propylene,2018-04-14T00:00,0.078,µg/m³,VOC,GC-MS
60104,OTTAWA DOWNTOWN,Propylene,2018-04-20T00:00,0.055,µg/m³,VOC,GC-MS
60104,OTTAWA DOWNTOWN,Propylene,2018-04-26T00:00,0.104,µg/m³,VOC,GC-MS
60104,OTTAWA DOWNTOWN,Propylene,2018-05-02T00:00,0.125,µg/m³,VOC,GC-MS
60104,OTTAWA DOWNTOWN,Propylene,2018-05-08T00:00,0.137,µg/m³,VOC,GC-MS
60104,OTTAWA DOWNTOWN,Propylene,2018-05-14T00:00,0.102,µg/m³,VOC,GC-MS
60104,OTTAWA DOWNTOWN,Propylene,2018-05-20T00:00,0.095,µg/m³,VOC,GC-MS
60104,OTTAWA DOWNTOWN,Propylene,2018-05-26T00:00,0.275,µg/m³,VOC,GC-MS
60104,OTTAWA DOWNTOWN,Propylene,2018-06-01T00:00,0.106,µg/m³,VOC,GC-MS
60104,OTTAWA DOWNTOWN,Propylene,2018-07-01T00:00,0.203,µg/m³,VOC,GC-MS
60104,OTTAWA DOWNTOWN,Propylene,2018-07-07T00:00,0.122,µg/m³,VOC,GC-MS
60104,OTTAWA DOWNTOWN,Propylene,2018-07-13T00:00,0.172,µg/m³,VOC,GC-MS
60104,OTTAWA DOWNTOWN,Propylene,2018-07-19T00:00,0.128,µg/m³,VOC,GC-MS
60104,OTTAWA DOWNTOWN,Propylene,2018-07-25T00:00,0.203,µg/m³,VOC,GC-MS
60104,OTTAWA DOWNTOWN,Propylene,2018-07-31T00:00,0.094,µg/m³,VOC,GC-MS
60104,OTTAWA DOWNTOWN,Propylene,2018-08-06T00:00,0.144,µg/m³,VOC,GC-MS
60104,OTTAWA DOWNTOWN,Propylene,2018-08-18T00:00,0.164,µg/m³,VOC,GC-MS
60104,OTTAWA DOWNTOWN,Propylene,2018-08-24T00:00,0.123,µg/m³,VOC,GC-MS
60104,OTTAWA DOWNTOWN,Propylene,2018-09-11T00:00,0.228,µg/m³,VOC,GC-MS
60104,OTTAWA DOWNTOWN,Propylene,2018-09-17T00:00,0.168,µg/m³,VOC,GC-MS
60104,OTTAWA DOWNTOWN,Propylene,2018-10-11T00:00,0.168,µg/m³,VOC,GC-MS
60104,OTTAWA DOWNTOWN,Propylene,2018-10-17T00:00,0.102,µg/m³,VOC,GC-MS
60104,OTTAWA DOWNTOWN,Propylene,2018-10-23T00:00,0.181,µg/m³,VOC,GC-MS
60104,OTTAWA DOWNTOWN,Propylene,2018-10-29T00:00,0.245,µg/m³,VOC,GC-MS
60104,OTTAWA DOWNTOWN,Propylene,2018-11-04T00:00,0.117,µg/m³,VOC,GC-MS
60104,OTTAWA DOWNTOWN,Propylene,2018-11-10T00:00,0.095,µg/m³,VOC,GC-MS
60104,OTTAWA DOWNTOWN,Propylene,2018-11-16T00:00,0.347,µg/m³,VOC,GC-MS
60104,OTTAWA DOWNTOWN,Propylene,2018-11-28T00:00,0.109,µg/m³,VOC,GC-MS
60104,OTTAWA DOWNTOWN,Propylene,2018-12-04T00:00,0.132,µg/m³,VOC,GC-MS
60104,OTTAWA DOWNTOWN,Propylene,2018-12-10T00:00,0.299,µg/m³,VOC,GC-MS
60104,OTTAWA DOWNTOWN,Propylene,2018-12-16T00:00,0.583,µg/m³,VOC,GC-MS
60104,OTTAWA DOWNTOWN,Propylene,2018-12-22T00:00,0.075,µg/m³,VOC,GC-MS
