﻿NAPS_Site_ID,Station_Name,Pollutant,Date,Value,Units,Report_Type,Method
40203,FOREST HILLS,3-Methylhexane,1993-01-01T00:00,0.570,µg/m³,VOC,N/A
40203,FOREST HILLS,3-Methylhexane,1993-01-13T00:00,0.356,µg/m³,VOC,N/A
40203,FOREST HILLS,3-Methylhexane,1993-01-19T00:00,0.325,µg/m³,VOC,N/A
40203,FOREST HILLS,3-Methylhexane,1993-01-25T00:00,0.371,µg/m³,VOC,N/A
40203,FOREST HILLS,3-Methylhexane,1993-01-31T00:00,0.264,µg/m³,VOC,N/A
40203,FOREST HILLS,3-Methylhexane,1993-02-06T00:00,0.355,µg/m³,VOC,N/A
40203,FOREST HILLS,3-Methylhexane,1993-02-12T00:00,0.622,µg/m³,VOC,N/A
40203,FOREST HILLS,3-Methylhexane,1993-02-18T00:00,0.334,µg/m³,VOC,N/A
40203,FOREST HILLS,3-Methylhexane,1993-02-24T00:00,0.438,µg/m³,VOC,N/A
40203,FOREST HILLS,3-Methylhexane,1993-03-08T00:00,0.803,µg/m³,VOC,N/A
40203,FOREST HILLS,3-Methylhexane,1993-03-14T00:00,0.219,µg/m³,VOC,N/A
40203,FOREST HILLS,3-Methylhexane,1993-03-20T00:00,0.954,µg/m³,VOC,N/A
40203,FOREST HILLS,3-Methylhexane,1993-03-26T00:00,2.308,µg/m³,VOC,N/A
40203,FOREST HILLS,3-Methylhexane,1993-04-01T00:00,0.140,µg/m³,VOC,N/A
40203,FOREST HILLS,3-Methylhexane,1993-04-07T00:00,2.477,µg/m³,VOC,N/A
40203,FOREST HILLS,3-Methylhexane,1993-04-13T00:00,0.080,µg/m³,VOC,N/A
40203,FOREST HILLS,3-Methylhexane,1993-04-19T00:00,0.613,µg/m³,VOC,N/A
40203,FOREST HILLS,3-Methylhexane,1993-05-01T00:00,0.657,µg/m³,VOC,N/A
40203,FOREST HILLS,3-Methylhexane,1993-05-07T00:00,0.896,µg/m³,VOC,N/A
40203,FOREST HILLS,3-Methylhexane,1993-05-13T00:00,0.328,µg/m³,VOC,N/A
40203,FOREST HILLS,3-Methylhexane,1993-05-19T00:00,0.737,µg/m³,VOC,N/A
40203,FOREST HILLS,3-Methylhexane,1993-05-25T00:00,0.835,µg/m³,VOC,N/A
40203,FOREST HILLS,3-Methylhexane,1993-05-31T00:00,0.122,µg/m³,VOC,N/A
40203,FOREST HILLS,3-Methylhexane,1993-06-06T00:00,0.317,µg/m³,VOC,N/A
40203,FOREST HILLS,3-Methylhexane,1993-06-12T00:00,0.210,µg/m³,VOC,N/A
40203,FOREST HILLS,3-Methylhexane,1993-06-18T00:00,1.990,µg/m³,VOC,N/A
40203,FOREST HILLS,3-Methylhexane,1993-06-24T00:00,0.402,µg/m³,VOC,N/A
40203,FOREST HILLS,3-Methylhexane,1993-06-30T00:00,1.625,µg/m³,VOC,N/A
40203,FOREST HILLS,3-Methylhexane,1993-07-12T00:00,0.671,µg/m³,VOC,N/A
40203,FOREST HILLS,3-Methylhexane,1993-07-18T00:00,0.273,µg/m³,VOC,N/A
40203,FOREST HILLS,3-Methylhexane,1993-07-24T00:00,0.584,µg/m³,VOC,N/A
40203,FOREST HILLS,3-Methylhexane,1993-08-05T00:00,1.287,µg/m³,VOC,N/A
40203,FOREST HILLS,3-Methylhexane,1993-08-11T00:00,0.856,µg/m³,VOC,N/A
40203,FOREST HILLS,3-Methylhexane,1993-08-17T00:00,1.434,µg/m³,VOC,N/A
40203,FOREST HILLS,3-Methylhexane,1993-08-23T00:00,4.248,µg/m³,VOC,N/A
40203,FOREST HILLS,3-Methylhexane,1993-08-29T00:00,0.359,µg/m³,VOC,N/A
40203,FOREST HILLS,3-Methylhexane,1993-09-10T00:00,1.442,µg/m³,VOC,N/A
40203,FOREST HILLS,3-Methylhexane,1993-09-16T00:00,0.211,µg/m³,VOC,N/A
40203,FOREST HILLS,3-Methylhexane,1993-09-22T00:00,1.233,µg/m³,VOC,N/A
40203,FOREST HILLS,3-Methylhexane,1993-09-28T00:00,0.558,µg/m³,VOC,N/A
40203,FOREST HILLS,3-Methylhexane,1993-10-04T00:00,0.286,µg/m³,VOC,N/A
40203,FOREST HILLS,3-Methylhexane,1993-10-10T00:00,0.287,µg/m³,VOC,N/A
40203,FOREST HILLS,3-Methylhexane,1993-11-15T00:00,0.422,µg/m³,VOC,N/A
40203,FOREST HILLS,3-Methylhexane,1993-11-21T00:00,0.245,µg/m³,VOC,N/A
40203,FOREST HILLS,3-Methylhexane,1993-11-27T00:00,0.920,µg/m³,VOC,N/A
40203,FOREST HILLS,3-Methylhexane,1993-12-03T00:00,1.226,µg/m³,VOC,N/A
40203,FOREST HILLS,3-Methylhexane,1993-12-09T00:00,0.571,µg/m³,VOC,N/A
40203,FOREST HILLS,3-Methylhexane,1993-12-15T00:00,0.222,µg/m³,VOC,N/A
40203,FOREST HILLS,3-Methylhexane,1993-12-21T00:00,0.515,µg/m³,VOC,N/A
40203,FOREST HILLS,3-Methylhexane,1993-12-27T00:00,0.235,µg/m³,VOC,N/A
