﻿NAPS_Site_ID,Station_Name,Pollutant,Date,Value,Units,Report_Type,Method
61502,WEST AVE. & HOMEWOOD _KITCHENER_,Hexane,2012-02-03T00:00,0.449,µg/m³,VOC,N/A
61502,WEST AVE. & HOMEWOOD _KITCHENER_,Hexane,2012-02-09T00:00,0.436,µg/m³,VOC,N/A
61502,WEST AVE. & HOMEWOOD _KITCHENER_,Hexane,2012-02-21T00:00,0.582,µg/m³,VOC,N/A
61502,WEST AVE. & HOMEWOOD _KITCHENER_,Hexane,2012-02-27T00:00,0.292,µg/m³,VOC,N/A
61502,WEST AVE. & HOMEWOOD _KITCHENER_,Hexane,2012-03-04T00:00,0.108,µg/m³,VOC,N/A
61502,WEST AVE. & HOMEWOOD _KITCHENER_,Hexane,2012-03-10T00:00,0.144,µg/m³,VOC,N/A
61502,WEST AVE. & HOMEWOOD _KITCHENER_,Hexane,2012-03-22T00:00,0.374,µg/m³,VOC,N/A
61502,WEST AVE. & HOMEWOOD _KITCHENER_,Hexane,2012-03-28T00:00,0.173,µg/m³,VOC,N/A
61502,WEST AVE. & HOMEWOOD _KITCHENER_,Hexane,2012-04-03T00:00,0.475,µg/m³,VOC,N/A
61502,WEST AVE. & HOMEWOOD _KITCHENER_,Hexane,2012-04-09T00:00,0.078,µg/m³,VOC,N/A
61502,WEST AVE. & HOMEWOOD _KITCHENER_,Hexane,2012-04-15T00:00,0.240,µg/m³,VOC,N/A
61502,WEST AVE. & HOMEWOOD _KITCHENER_,Hexane,2012-04-21T00:00,0.088,µg/m³,VOC,N/A
61502,WEST AVE. & HOMEWOOD _KITCHENER_,Hexane,2012-04-27T00:00,0.084,µg/m³,VOC,N/A
61502,WEST AVE. & HOMEWOOD _KITCHENER_,Hexane,2012-05-03T00:00,0.533,µg/m³,VOC,N/A
61502,WEST AVE. & HOMEWOOD _KITCHENER_,Hexane,2012-05-09T00:00,0.166,µg/m³,VOC,N/A
61502,WEST AVE. & HOMEWOOD _KITCHENER_,Hexane,2012-05-15T00:00,2.714,µg/m³,VOC,N/A
61502,WEST AVE. & HOMEWOOD _KITCHENER_,Hexane,2012-05-21T00:00,0.487,µg/m³,VOC,N/A
61502,WEST AVE. & HOMEWOOD _KITCHENER_,Hexane,2012-05-27T00:00,1.105,µg/m³,VOC,N/A
61502,WEST AVE. & HOMEWOOD _KITCHENER_,Hexane,2012-06-02T00:00,0.092,µg/m³,VOC,N/A
61502,WEST AVE. & HOMEWOOD _KITCHENER_,Hexane,2012-06-08T00:00,0.192,µg/m³,VOC,N/A
61502,WEST AVE. & HOMEWOOD _KITCHENER_,Hexane,2012-06-14T00:00,0.147,µg/m³,VOC,N/A
61502,WEST AVE. & HOMEWOOD _KITCHENER_,Hexane,2012-06-20T00:00,1.582,µg/m³,VOC,N/A
61502,WEST AVE. & HOMEWOOD _KITCHENER_,Hexane,2012-06-26T00:00,0.128,µg/m³,VOC,N/A
61502,WEST AVE. & HOMEWOOD _KITCHENER_,Hexane,2012-07-02T00:00,0.298,µg/m³,VOC,N/A
61502,WEST AVE. & HOMEWOOD _KITCHENER_,Hexane,2012-07-08T00:00,0.107,µg/m³,VOC,N/A
61502,WEST AVE. & HOMEWOOD _KITCHENER_,Hexane,2012-07-14T00:00,0.138,µg/m³,VOC,N/A
61502,WEST AVE. & HOMEWOOD _KITCHENER_,Hexane,2012-07-20T00:00,0.197,µg/m³,VOC,N/A
61502,WEST AVE. & HOMEWOOD _KITCHENER_,Hexane,2012-07-26T00:00,0.173,µg/m³,VOC,N/A
61502,WEST AVE. & HOMEWOOD _KITCHENER_,Hexane,2012-08-01T00:00,0.166,µg/m³,VOC,N/A
61502,WEST AVE. & HOMEWOOD _KITCHENER_,Hexane,2012-08-07T00:00,0.141,µg/m³,VOC,N/A
61502,WEST AVE. & HOMEWOOD _KITCHENER_,Hexane,2012-08-13T00:00,0.247,µg/m³,VOC,N/A
61502,WEST AVE. & HOMEWOOD _KITCHENER_,Hexane,2012-08-19T00:00,1.286,µg/m³,VOC,N/A
61502,WEST AVE. & HOMEWOOD _KITCHENER_,Hexane,2012-08-25T00:00,0.845,µg/m³,VOC,N/A
61502,WEST AVE. & HOMEWOOD _KITCHENER_,Hexane,2012-08-31T00:00,0.266,µg/m³,VOC,N/A
61502,WEST AVE. & HOMEWOOD _KITCHENER_,Hexane,2012-09-06T00:00,0.423,µg/m³,VOC,N/A
61502,WEST AVE. & HOMEWOOD _KITCHENER_,Hexane,2012-09-12T00:00,0.256,µg/m³,VOC,N/A
61502,WEST AVE. & HOMEWOOD _KITCHENER_,Hexane,2012-09-18T00:00,0.203,µg/m³,VOC,N/A
61502,WEST AVE. & HOMEWOOD _KITCHENER_,Hexane,2012-09-24T00:00,0.170,µg/m³,VOC,N/A
61502,WEST AVE. & HOMEWOOD _KITCHENER_,Hexane,2012-09-30T00:00,0.121,µg/m³,VOC,N/A
61502,WEST AVE. & HOMEWOOD _KITCHENER_,Hexane,2012-10-06T00:00,0.120,µg/m³,VOC,N/A
61502,WEST AVE. & HOMEWOOD _KITCHENER_,Hexane,2012-10-12T00:00,0.331,µg/m³,VOC,N/A
61502,WEST AVE. & HOMEWOOD _KITCHENER_,Hexane,2012-10-18T00:00,0.406,µg/m³,VOC,N/A
61502,WEST AVE. & HOMEWOOD _KITCHENER_,Hexane,2012-10-24T00:00,0.258,µg/m³,VOC,N/A
61502,WEST AVE. & HOMEWOOD _KITCHENER_,Hexane,2012-10-30T00:00,0.105,µg/m³,VOC,N/A
61502,WEST AVE. & HOMEWOOD _KITCHENER_,Hexane,2012-11-05T00:00,0.063,µg/m³,VOC,N/A
61502,WEST AVE. & HOMEWOOD _KITCHENER_,Hexane,2012-11-11T00:00,0.266,µg/m³,VOC,N/A
61502,WEST AVE. & HOMEWOOD _KITCHENER_,Hexane,2012-11-17T00:00,1.267,µg/m³,VOC,N/A
61502,WEST AVE. & HOMEWOOD _KITCHENER_,Hexane,2012-11-23T00:00,0.329,µg/m³,VOC,N/A
61502,WEST AVE. & HOMEWOOD _KITCHENER_,Hexane,2012-11-29T00:00,1.039,µg/m³,VOC,N/A
61502,WEST AVE. & HOMEWOOD _KITCHENER_,Hexane,2012-12-05T00:00,0.247,µg/m³,VOC,N/A
61502,WEST AVE. & HOMEWOOD _KITCHENER_,Hexane,2012-12-11T00:00,0.237,µg/m³,VOC,N/A
61502,WEST AVE. & HOMEWOOD _KITCHENER_,Hexane,2012-12-17T00:00,0.433,µg/m³,VOC,N/A
61502,WEST AVE. & HOMEWOOD _KITCHENER_,Hexane,2012-12-23T00:00,0.211,µg/m³,VOC,N/A
61502,WEST AVE. & HOMEWOOD _KITCHENER_,Hexane,2012-12-29T00:00,0.283,µg/m³,VOC,N/A
