﻿NAPS_Site_ID,Station_Name,Pollutant,Date,Value,Units,Report_Type,Method
40203,FOREST HILLS,Dodecane,2015-01-05T19:00,0.003,µg/m³,VOC,GC-MS
40203,FOREST HILLS,Dodecane,2015-01-17T19:00,0.042,µg/m³,VOC,GC-MS
40203,FOREST HILLS,Dodecane,2015-01-23T19:00,0.015,µg/m³,VOC,GC-MS
40203,FOREST HILLS,Dodecane,2015-01-29T19:00,0.022,µg/m³,VOC,GC-MS
40203,FOREST HILLS,Dodecane,2015-02-04T19:00,0.056,µg/m³,VOC,GC-MS
40203,FOREST HILLS,Dodecane,2015-02-10T19:00,0.023,µg/m³,VOC,GC-MS
40203,FOREST HILLS,Dodecane,2015-02-22T19:00,0.024,µg/m³,VOC,GC-MS
40203,FOREST HILLS,Dodecane,2015-02-28T19:00,0.026,µg/m³,VOC,GC-MS
40203,FOREST HILLS,Dodecane,2015-03-06T19:00,0.017,µg/m³,VOC,GC-MS
40203,FOREST HILLS,Dodecane,2015-03-12T20:00,0.011,µg/m³,VOC,GC-MS
40203,FOREST HILLS,Dodecane,2015-03-18T20:00,0.010,µg/m³,VOC,GC-MS
40203,FOREST HILLS,Dodecane,2015-03-24T20:00,0.069,µg/m³,VOC,GC-MS
40203,FOREST HILLS,Dodecane,2015-03-30T20:00,0.061,µg/m³,VOC,GC-MS
40203,FOREST HILLS,Dodecane,2015-04-05T20:00,0.025,µg/m³,VOC,GC-MS
40203,FOREST HILLS,Dodecane,2015-04-11T20:00,0.307,µg/m³,VOC,GC-MS
40203,FOREST HILLS,Dodecane,2015-04-17T20:00,0.069,µg/m³,VOC,GC-MS
40203,FOREST HILLS,Dodecane,2015-04-23T20:00,0.007,µg/m³,VOC,GC-MS
40203,FOREST HILLS,Dodecane,2015-04-29T20:00,0.005,µg/m³,VOC,GC-MS
40203,FOREST HILLS,Dodecane,2015-05-05T20:00,0.016,µg/m³,VOC,GC-MS
40203,FOREST HILLS,Dodecane,2015-05-11T20:00,0.163,µg/m³,VOC,GC-MS
40203,FOREST HILLS,Dodecane,2015-05-17T20:00,0.130,µg/m³,VOC,GC-MS
40203,FOREST HILLS,Dodecane,2015-05-23T20:00,0.282,µg/m³,VOC,GC-MS
40203,FOREST HILLS,Dodecane,2015-05-29T20:00,0.197,µg/m³,VOC,GC-MS
40203,FOREST HILLS,Dodecane,2015-06-04T20:00,0.234,µg/m³,VOC,GC-MS
40203,FOREST HILLS,Dodecane,2015-06-10T20:00,0.184,µg/m³,VOC,GC-MS
40203,FOREST HILLS,Dodecane,2015-06-16T20:00,0.128,µg/m³,VOC,GC-MS
40203,FOREST HILLS,Dodecane,2015-06-22T20:00,0.018,µg/m³,VOC,GC-MS
40203,FOREST HILLS,Dodecane,2015-06-28T20:00,0.238,µg/m³,VOC,GC-MS
40203,FOREST HILLS,Dodecane,2015-07-10T20:00,0.488,µg/m³,VOC,GC-MS
40203,FOREST HILLS,Dodecane,2015-07-16T20:00,0.299,µg/m³,VOC,GC-MS
40203,FOREST HILLS,Dodecane,2015-07-22T20:00,0.295,µg/m³,VOC,GC-MS
40203,FOREST HILLS,Dodecane,2015-07-28T20:00,0.428,µg/m³,VOC,GC-MS
40203,FOREST HILLS,Dodecane,2015-08-03T20:00,0.313,µg/m³,VOC,GC-MS
40203,FOREST HILLS,Dodecane,2015-08-09T20:00,0.322,µg/m³,VOC,GC-MS
40203,FOREST HILLS,Dodecane,2015-08-15T20:00,0.705,µg/m³,VOC,GC-MS
40203,FOREST HILLS,Dodecane,2015-08-21T20:00,0.368,µg/m³,VOC,GC-MS
40203,FOREST HILLS,Dodecane,2015-08-27T20:00,0.188,µg/m³,VOC,GC-MS
40203,FOREST HILLS,Dodecane,2015-09-02T20:00,0.380,µg/m³,VOC,GC-MS
40203,FOREST HILLS,Dodecane,2015-09-08T20:00,0.185,µg/m³,VOC,GC-MS
40203,FOREST HILLS,Dodecane,2015-09-14T20:00,0.037,µg/m³,VOC,GC-MS
40203,FOREST HILLS,Dodecane,2015-09-20T20:00,0.058,µg/m³,VOC,GC-MS
40203,FOREST HILLS,Dodecane,2015-09-26T20:00,0.076,µg/m³,VOC,GC-MS
40203,FOREST HILLS,Dodecane,2015-10-02T20:00,0.006,µg/m³,VOC,GC-MS
40203,FOREST HILLS,Dodecane,2015-10-08T20:00,0.030,µg/m³,VOC,GC-MS
40203,FOREST HILLS,Dodecane,2015-10-14T20:00,0.011,µg/m³,VOC,GC-MS
40203,FOREST HILLS,Dodecane,2015-10-20T20:00,0.008,µg/m³,VOC,GC-MS
40203,FOREST HILLS,Dodecane,2015-10-26T20:00,0.014,µg/m³,VOC,GC-MS
40203,FOREST HILLS,Dodecane,2015-11-01T19:00,0.017,µg/m³,VOC,GC-MS
40203,FOREST HILLS,Dodecane,2015-11-07T19:00,0.007,µg/m³,VOC,GC-MS
40203,FOREST HILLS,Dodecane,2015-11-13T19:00,0.006,µg/m³,VOC,GC-MS
40203,FOREST HILLS,Dodecane,2015-11-19T19:00,0.009,µg/m³,VOC,GC-MS
40203,FOREST HILLS,Dodecane,2015-11-25T19:00,0.052,µg/m³,VOC,GC-MS
40203,FOREST HILLS,Dodecane,2015-12-01T19:00,0.050,µg/m³,VOC,GC-MS
40203,FOREST HILLS,Dodecane,2015-12-07T19:00,0.005,µg/m³,VOC,GC-MS
40203,FOREST HILLS,Dodecane,2015-12-13T19:00,0.008,µg/m³,VOC,GC-MS
40203,FOREST HILLS,Dodecane,2015-12-19T19:00,0.005,µg/m³,VOC,GC-MS
40203,FOREST HILLS,Dodecane,2015-12-25T19:00,0.005,µg/m³,VOC,GC-MS
