﻿NAPS_Site_ID,Station_Name,Pollutant,Date,Value,Units,Report_Type,Method
60429,JUDSON ST. & ETONA CT. _ETOBICOKE_ (moved to kipling),Tetrachloroethylene,2005-01-04T00:00,0.073,µg/m³,VOC,
60429,JUDSON ST. & ETONA CT. _ETOBICOKE_ (moved to kipling),Tetrachloroethylene,2005-01-04T00:00,0.238,µg/m³,VOC,
60429,JUDSON ST. & ETONA CT. _ETOBICOKE_ (moved to kipling),Tetrachloroethylene,2005-01-04T00:00,0.357,µg/m³,VOC,
60429,JUDSON ST. & ETONA CT. _ETOBICOKE_ (moved to kipling),Tetrachloroethylene,2005-01-10T00:00,0.064,µg/m³,VOC,
60429,JUDSON ST. & ETONA CT. _ETOBICOKE_ (moved to kipling),Tetrachloroethylene,2005-01-10T00:00,0.228,µg/m³,VOC,
60429,JUDSON ST. & ETONA CT. _ETOBICOKE_ (moved to kipling),Tetrachloroethylene,2005-01-10T00:00,0.333,µg/m³,VOC,
60429,JUDSON ST. & ETONA CT. _ETOBICOKE_ (moved to kipling),Tetrachloroethylene,2005-01-16T00:00,0.055,µg/m³,VOC,
60429,JUDSON ST. & ETONA CT. _ETOBICOKE_ (moved to kipling),Tetrachloroethylene,2005-01-16T00:00,0.121,µg/m³,VOC,
60429,JUDSON ST. & ETONA CT. _ETOBICOKE_ (moved to kipling),Tetrachloroethylene,2005-01-22T00:00,0.067,µg/m³,VOC,
60429,JUDSON ST. & ETONA CT. _ETOBICOKE_ (moved to kipling),Tetrachloroethylene,2005-01-22T00:00,0.080,µg/m³,VOC,
60429,JUDSON ST. & ETONA CT. _ETOBICOKE_ (moved to kipling),Tetrachloroethylene,2005-01-22T00:00,0.081,µg/m³,VOC,
60429,JUDSON ST. & ETONA CT. _ETOBICOKE_ (moved to kipling),Tetrachloroethylene,2005-01-28T00:00,0.176,µg/m³,VOC,
60429,JUDSON ST. & ETONA CT. _ETOBICOKE_ (moved to kipling),Tetrachloroethylene,2005-01-28T00:00,0.474,µg/m³,VOC,
60429,JUDSON ST. & ETONA CT. _ETOBICOKE_ (moved to kipling),Tetrachloroethylene,2005-02-03T00:00,0.403,µg/m³,VOC,
60429,JUDSON ST. & ETONA CT. _ETOBICOKE_ (moved to kipling),Tetrachloroethylene,2005-02-03T00:00,0.674,µg/m³,VOC,
60429,JUDSON ST. & ETONA CT. _ETOBICOKE_ (moved to kipling),Tetrachloroethylene,2005-02-09T00:00,0.041,µg/m³,VOC,
60429,JUDSON ST. & ETONA CT. _ETOBICOKE_ (moved to kipling),Tetrachloroethylene,2005-02-09T00:00,0.151,µg/m³,VOC,
60429,JUDSON ST. & ETONA CT. _ETOBICOKE_ (moved to kipling),Tetrachloroethylene,2005-02-15T00:00,0.080,µg/m³,VOC,
60429,JUDSON ST. & ETONA CT. _ETOBICOKE_ (moved to kipling),Tetrachloroethylene,2005-02-15T00:00,0.167,µg/m³,VOC,
60429,JUDSON ST. & ETONA CT. _ETOBICOKE_ (moved to kipling),Tetrachloroethylene,2005-02-15T00:00,0.356,µg/m³,VOC,
60429,JUDSON ST. & ETONA CT. _ETOBICOKE_ (moved to kipling),Tetrachloroethylene,2005-02-21T00:00,0.162,µg/m³,VOC,
60429,JUDSON ST. & ETONA CT. _ETOBICOKE_ (moved to kipling),Tetrachloroethylene,2005-02-27T00:00,0.065,µg/m³,VOC,
60429,JUDSON ST. & ETONA CT. _ETOBICOKE_ (moved to kipling),Tetrachloroethylene,2005-02-27T00:00,0.074,µg/m³,VOC,
60429,JUDSON ST. & ETONA CT. _ETOBICOKE_ (moved to kipling),Tetrachloroethylene,2005-02-27T00:00,0.092,µg/m³,VOC,
60429,JUDSON ST. & ETONA CT. _ETOBICOKE_ (moved to kipling),Tetrachloroethylene,2005-03-05T00:00,0.106,µg/m³,VOC,
60429,JUDSON ST. & ETONA CT. _ETOBICOKE_ (moved to kipling),Tetrachloroethylene,2005-03-05T00:00,0.226,µg/m³,VOC,
60429,JUDSON ST. & ETONA CT. _ETOBICOKE_ (moved to kipling),Tetrachloroethylene,2005-03-05T00:00,0.280,µg/m³,VOC,
60429,JUDSON ST. & ETONA CT. _ETOBICOKE_ (moved to kipling),Tetrachloroethylene,2005-03-11T00:00,0.175,µg/m³,VOC,
60429,JUDSON ST. & ETONA CT. _ETOBICOKE_ (moved to kipling),Tetrachloroethylene,2005-03-11T00:00,0.189,µg/m³,VOC,
60429,JUDSON ST. & ETONA CT. _ETOBICOKE_ (moved to kipling),Tetrachloroethylene,2005-03-11T00:00,0.362,µg/m³,VOC,
60429,JUDSON ST. & ETONA CT. _ETOBICOKE_ (moved to kipling),Tetrachloroethylene,2005-03-17T00:00,0.123,µg/m³,VOC,
60429,JUDSON ST. & ETONA CT. _ETOBICOKE_ (moved to kipling),Tetrachloroethylene,2005-03-17T00:00,0.172,µg/m³,VOC,
60429,JUDSON ST. & ETONA CT. _ETOBICOKE_ (moved to kipling),Tetrachloroethylene,2005-03-23T00:00,0.103,µg/m³,VOC,
60429,JUDSON ST. & ETONA CT. _ETOBICOKE_ (moved to kipling),Tetrachloroethylene,2005-03-23T00:00,0.166,µg/m³,VOC,
60429,JUDSON ST. & ETONA CT. _ETOBICOKE_ (moved to kipling),Tetrachloroethylene,2005-03-29T00:00,0.168,µg/m³,VOC,
60429,JUDSON ST. & ETONA CT. _ETOBICOKE_ (moved to kipling),Tetrachloroethylene,2005-03-29T00:00,0.455,µg/m³,VOC,
60429,JUDSON ST. & ETONA CT. _ETOBICOKE_ (moved to kipling),Tetrachloroethylene,2005-04-04T00:00,0.047,µg/m³,VOC,
60429,JUDSON ST. & ETONA CT. _ETOBICOKE_ (moved to kipling),Tetrachloroethylene,2005-04-10T00:00,0.107,µg/m³,VOC,
60429,JUDSON ST. & ETONA CT. _ETOBICOKE_ (moved to kipling),Tetrachloroethylene,2005-04-10T00:00,0.220,µg/m³,VOC,
60429,JUDSON ST. & ETONA CT. _ETOBICOKE_ (moved to kipling),Tetrachloroethylene,2005-04-16T00:00,0.275,µg/m³,VOC,
60429,JUDSON ST. & ETONA CT. _ETOBICOKE_ (moved to kipling),Tetrachloroethylene,2005-04-16T00:00,0.571,µg/m³,VOC,
60429,JUDSON ST. & ETONA CT. _ETOBICOKE_ (moved to kipling),Tetrachloroethylene,2005-04-22T00:00,0.241,µg/m³,VOC,
60429,JUDSON ST. & ETONA CT. _ETOBICOKE_ (moved to kipling),Tetrachloroethylene,2005-04-22T00:00,0.252,µg/m³,VOC,
60429,JUDSON ST. & ETONA CT. _ETOBICOKE_ (moved to kipling),Tetrachloroethylene,2005-04-22T00:00,0.291,µg/m³,VOC,
60429,JUDSON ST. & ETONA CT. _ETOBICOKE_ (moved to kipling),Tetrachloroethylene,2005-04-28T00:00,0.078,µg/m³,VOC,
60429,JUDSON ST. & ETONA CT. _ETOBICOKE_ (moved to kipling),Tetrachloroethylene,2005-04-28T00:00,0.511,µg/m³,VOC,
60429,JUDSON ST. & ETONA CT. _ETOBICOKE_ (moved to kipling),Tetrachloroethylene,2005-05-04T00:00,0.113,µg/m³,VOC,
60429,JUDSON ST. & ETONA CT. _ETOBICOKE_ (moved to kipling),Tetrachloroethylene,2005-05-04T00:00,1.888,µg/m³,VOC,
60429,JUDSON ST. & ETONA CT. _ETOBICOKE_ (moved to kipling),Tetrachloroethylene,2005-05-10T00:00,0.298,µg/m³,VOC,
60429,JUDSON ST. & ETONA CT. _ETOBICOKE_ (moved to kipling),Tetrachloroethylene,2005-05-10T00:00,1.027,µg/m³,VOC,
60429,JUDSON ST. & ETONA CT. _ETOBICOKE_ (moved to kipling),Tetrachloroethylene,2005-05-10T00:00,1.027,µg/m³,VOC,
60429,JUDSON ST. & ETONA CT. _ETOBICOKE_ (moved to kipling),Tetrachloroethylene,2005-05-16T00:00,0.153,µg/m³,VOC,
60429,JUDSON ST. & ETONA CT. _ETOBICOKE_ (moved to kipling),Tetrachloroethylene,2005-05-22T00:00,0.038,µg/m³,VOC,
60429,JUDSON ST. & ETONA CT. _ETOBICOKE_ (moved to kipling),Tetrachloroethylene,2005-05-28T00:00,0.251,µg/m³,VOC,
60429,JUDSON ST. & ETONA CT. _ETOBICOKE_ (moved to kipling),Tetrachloroethylene,2005-06-03T00:00,0.136,µg/m³,VOC,
60429,JUDSON ST. & ETONA CT. _ETOBICOKE_ (moved to kipling),Tetrachloroethylene,2005-06-09T00:00,0.178,µg/m³,VOC,
60429,JUDSON ST. & ETONA CT. _ETOBICOKE_ (moved to kipling),Tetrachloroethylene,2005-06-15T00:00,0.240,µg/m³,VOC,
60429,JUDSON ST. & ETONA CT. _ETOBICOKE_ (moved to kipling),Tetrachloroethylene,2005-06-21T00:00,0.429,µg/m³,VOC,
60429,JUDSON ST. & ETONA CT. _ETOBICOKE_ (moved to kipling),Tetrachloroethylene,2005-06-27T00:00,0.336,µg/m³,VOC,
60429,JUDSON ST. & ETONA CT. _ETOBICOKE_ (moved to kipling),Tetrachloroethylene,2005-07-03T00:00,0.185,µg/m³,VOC,
60429,JUDSON ST. & ETONA CT. _ETOBICOKE_ (moved to kipling),Tetrachloroethylene,2005-07-09T00:00,0.199,µg/m³,VOC,
60429,JUDSON ST. & ETONA CT. _ETOBICOKE_ (moved to kipling),Tetrachloroethylene,2005-07-15T00:00,0.072,µg/m³,VOC,
60429,JUDSON ST. & ETONA CT. _ETOBICOKE_ (moved to kipling),Tetrachloroethylene,2005-07-21T00:00,0.364,µg/m³,VOC,
60429,JUDSON ST. & ETONA CT. _ETOBICOKE_ (moved to kipling),Tetrachloroethylene,2005-07-27T00:00,0.231,µg/m³,VOC,
60429,JUDSON ST. & ETONA CT. _ETOBICOKE_ (moved to kipling),Tetrachloroethylene,2005-08-02T00:00,0.363,µg/m³,VOC,
60429,JUDSON ST. & ETONA CT. _ETOBICOKE_ (moved to kipling),Tetrachloroethylene,2005-08-08T00:00,0.285,µg/m³,VOC,
60429,JUDSON ST. & ETONA CT. _ETOBICOKE_ (moved to kipling),Tetrachloroethylene,2005-08-14T00:00,0.202,µg/m³,VOC,
60429,JUDSON ST. & ETONA CT. _ETOBICOKE_ (moved to kipling),Tetrachloroethylene,2005-08-20T00:00,0.173,µg/m³,VOC,
60429,JUDSON ST. & ETONA CT. _ETOBICOKE_ (moved to kipling),Tetrachloroethylene,2005-08-26T00:00,0.723,µg/m³,VOC,
60429,JUDSON ST. & ETONA CT. _ETOBICOKE_ (moved to kipling),Tetrachloroethylene,2005-09-01T00:00,0.345,µg/m³,VOC,
60429,JUDSON ST. & ETONA CT. _ETOBICOKE_ (moved to kipling),Tetrachloroethylene,2005-09-07T00:00,0.458,µg/m³,VOC,
60429,JUDSON ST. & ETONA CT. _ETOBICOKE_ (moved to kipling),Tetrachloroethylene,2005-09-13T00:00,0.232,µg/m³,VOC,
60429,JUDSON ST. & ETONA CT. _ETOBICOKE_ (moved to kipling),Tetrachloroethylene,2005-09-19T00:00,0.398,µg/m³,VOC,
60429,JUDSON ST. & ETONA CT. _ETOBICOKE_ (moved to kipling),Tetrachloroethylene,2005-09-25T00:00,0.172,µg/m³,VOC,
60429,JUDSON ST. & ETONA CT. _ETOBICOKE_ (moved to kipling),Tetrachloroethylene,2005-10-01T00:00,0.179,µg/m³,VOC,
60429,JUDSON ST. & ETONA CT. _ETOBICOKE_ (moved to kipling),Tetrachloroethylene,2005-10-01T00:00,0.179,µg/m³,VOC,
60429,JUDSON ST. & ETONA CT. _ETOBICOKE_ (moved to kipling),Tetrachloroethylene,2005-10-07T00:00,0.262,µg/m³,VOC,
60429,JUDSON ST. & ETONA CT. _ETOBICOKE_ (moved to kipling),Tetrachloroethylene,2005-10-13T00:00,0.116,µg/m³,VOC,
60429,JUDSON ST. & ETONA CT. _ETOBICOKE_ (moved to kipling),Tetrachloroethylene,2005-10-19T00:00,0.424,µg/m³,VOC,
60429,JUDSON ST. & ETONA CT. _ETOBICOKE_ (moved to kipling),Tetrachloroethylene,2005-10-25T00:00,0.126,µg/m³,VOC,
60429,JUDSON ST. & ETONA CT. _ETOBICOKE_ (moved to kipling),Tetrachloroethylene,2005-10-31T00:00,0.249,µg/m³,VOC,
60429,JUDSON ST. & ETONA CT. _ETOBICOKE_ (moved to kipling),Tetrachloroethylene,2005-11-06T00:00,0.066,µg/m³,VOC,
60429,JUDSON ST. & ETONA CT. _ETOBICOKE_ (moved to kipling),Tetrachloroethylene,2005-11-12T00:00,0.217,µg/m³,VOC,
60429,JUDSON ST. & ETONA CT. _ETOBICOKE_ (moved to kipling),Tetrachloroethylene,2005-11-18T00:00,0.142,µg/m³,VOC,
60429,JUDSON ST. & ETONA CT. _ETOBICOKE_ (moved to kipling),Tetrachloroethylene,2005-11-24T00:00,0.102,µg/m³,VOC,
60429,JUDSON ST. & ETONA CT. _ETOBICOKE_ (moved to kipling),Tetrachloroethylene,2005-12-06T00:00,0.189,µg/m³,VOC,
60429,JUDSON ST. & ETONA CT. _ETOBICOKE_ (moved to kipling),Tetrachloroethylene,2005-12-12T00:00,0.148,µg/m³,VOC,
60429,JUDSON ST. & ETONA CT. _ETOBICOKE_ (moved to kipling),Tetrachloroethylene,2005-12-18T00:00,0.087,µg/m³,VOC,
60429,JUDSON ST. & ETONA CT. _ETOBICOKE_ (moved to kipling),Tetrachloroethylene,2005-12-24T00:00,0.150,µg/m³,VOC,
60429,JUDSON ST. & ETONA CT. _ETOBICOKE_ (moved to kipling),Tetrachloroethylene,2005-12-30T00:00,0.155,µg/m³,VOC,
