﻿NAPS_Site_ID,Station_Name,Pollutant,Date,Value,Units,Report_Type,Method
65101,EAGLE ST. & McCAFFREY RD. _NEWMARKET_,Propane,2019-01-09T00:00,3.145,µg/m³,VOC,GC-MS
65101,EAGLE ST. & McCAFFREY RD. _NEWMARKET_,Propane,2019-01-15T00:00,2.861,µg/m³,VOC,GC-MS
65101,EAGLE ST. & McCAFFREY RD. _NEWMARKET_,Propane,2019-01-21T00:00,2.198,µg/m³,VOC,GC-MS
65101,EAGLE ST. & McCAFFREY RD. _NEWMARKET_,Propane,2019-01-27T00:00,3.725,µg/m³,VOC,GC-MS
65101,EAGLE ST. & McCAFFREY RD. _NEWMARKET_,Propane,2019-02-02T00:00,4.429,µg/m³,VOC,GC-MS
65101,EAGLE ST. & McCAFFREY RD. _NEWMARKET_,Propane,2019-02-08T00:00,2.733,µg/m³,VOC,GC-MS
65101,EAGLE ST. & McCAFFREY RD. _NEWMARKET_,Propane,2019-02-14T00:00,2.433,µg/m³,VOC,GC-MS
65101,EAGLE ST. & McCAFFREY RD. _NEWMARKET_,Propane,2019-02-20T00:00,3.596,µg/m³,VOC,GC-MS
65101,EAGLE ST. & McCAFFREY RD. _NEWMARKET_,Propane,2019-02-26T00:00,2.150,µg/m³,VOC,GC-MS
65101,EAGLE ST. & McCAFFREY RD. _NEWMARKET_,Propane,2019-03-04T00:00,2.534,µg/m³,VOC,GC-MS
65101,EAGLE ST. & McCAFFREY RD. _NEWMARKET_,Propane,2019-03-10T00:00,3.567,µg/m³,VOC,GC-MS
65101,EAGLE ST. & McCAFFREY RD. _NEWMARKET_,Propane,2019-03-16T00:00,1.542,µg/m³,VOC,GC-MS
65101,EAGLE ST. & McCAFFREY RD. _NEWMARKET_,Propane,2019-03-22T00:00,1.707,µg/m³,VOC,GC-MS
65101,EAGLE ST. & McCAFFREY RD. _NEWMARKET_,Propane,2019-03-28T00:00,2.881,µg/m³,VOC,GC-MS
65101,EAGLE ST. & McCAFFREY RD. _NEWMARKET_,Propane,2019-04-03T00:00,1.516,µg/m³,VOC,GC-MS
65101,EAGLE ST. & McCAFFREY RD. _NEWMARKET_,Propane,2019-04-09T00:00,1.408,µg/m³,VOC,GC-MS
65101,EAGLE ST. & McCAFFREY RD. _NEWMARKET_,Propane,2019-04-15T00:00,1.009,µg/m³,VOC,GC-MS
65101,EAGLE ST. & McCAFFREY RD. _NEWMARKET_,Propane,2019-04-21T00:00,1.760,µg/m³,VOC,GC-MS
65101,EAGLE ST. & McCAFFREY RD. _NEWMARKET_,Propane,2019-04-27T00:00,0.562,µg/m³,VOC,GC-MS
65101,EAGLE ST. & McCAFFREY RD. _NEWMARKET_,Propane,2019-05-03T00:00,1.139,µg/m³,VOC,GC-MS
65101,EAGLE ST. & McCAFFREY RD. _NEWMARKET_,Propane,2019-05-09T00:00,1.540,µg/m³,VOC,GC-MS
65101,EAGLE ST. & McCAFFREY RD. _NEWMARKET_,Propane,2019-05-15T00:00,0.829,µg/m³,VOC,GC-MS
65101,EAGLE ST. & McCAFFREY RD. _NEWMARKET_,Propane,2019-05-21T00:00,0.460,µg/m³,VOC,GC-MS
65101,EAGLE ST. & McCAFFREY RD. _NEWMARKET_,Propane,2019-05-27T00:00,0.720,µg/m³,VOC,GC-MS
65101,EAGLE ST. & McCAFFREY RD. _NEWMARKET_,Propane,2019-06-02T00:00,0.501,µg/m³,VOC,GC-MS
65101,EAGLE ST. & McCAFFREY RD. _NEWMARKET_,Propane,2019-06-08T00:00,0.621,µg/m³,VOC,GC-MS
65101,EAGLE ST. & McCAFFREY RD. _NEWMARKET_,Propane,2019-06-14T00:00,0.327,µg/m³,VOC,GC-MS
65101,EAGLE ST. & McCAFFREY RD. _NEWMARKET_,Propane,2019-06-26T00:00,1.156,µg/m³,VOC,GC-MS
65101,EAGLE ST. & McCAFFREY RD. _NEWMARKET_,Propane,2019-07-02T00:00,0.798,µg/m³,VOC,GC-MS
65101,EAGLE ST. & McCAFFREY RD. _NEWMARKET_,Propane,2019-07-08T00:00,0.667,µg/m³,VOC,GC-MS
65101,EAGLE ST. & McCAFFREY RD. _NEWMARKET_,Propane,2019-07-14T00:00,0.295,µg/m³,VOC,GC-MS
65101,EAGLE ST. & McCAFFREY RD. _NEWMARKET_,Propane,2019-07-20T00:00,1.754,µg/m³,VOC,GC-MS
65101,EAGLE ST. & McCAFFREY RD. _NEWMARKET_,Propane,2019-07-26T00:00,1.923,µg/m³,VOC,GC-MS
65101,EAGLE ST. & McCAFFREY RD. _NEWMARKET_,Propane,2019-08-01T00:00,0.831,µg/m³,VOC,GC-MS
65101,EAGLE ST. & McCAFFREY RD. _NEWMARKET_,Propane,2019-08-07T00:00,1.635,µg/m³,VOC,GC-MS
65101,EAGLE ST. & McCAFFREY RD. _NEWMARKET_,Propane,2019-08-13T00:00,1.078,µg/m³,VOC,GC-MS
65101,EAGLE ST. & McCAFFREY RD. _NEWMARKET_,Propane,2019-08-19T00:00,0.898,µg/m³,VOC,GC-MS
65101,EAGLE ST. & McCAFFREY RD. _NEWMARKET_,Propane,2019-08-25T00:00,3.107,µg/m³,VOC,GC-MS
65101,EAGLE ST. & McCAFFREY RD. _NEWMARKET_,Propane,2019-08-31T00:00,0.651,µg/m³,VOC,GC-MS
65101,EAGLE ST. & McCAFFREY RD. _NEWMARKET_,Propane,2019-09-06T00:00,1.781,µg/m³,VOC,GC-MS
65101,EAGLE ST. & McCAFFREY RD. _NEWMARKET_,Propane,2019-09-12T00:00,0.576,µg/m³,VOC,GC-MS
65101,EAGLE ST. & McCAFFREY RD. _NEWMARKET_,Propane,2019-09-18T00:00,1.420,µg/m³,VOC,GC-MS
65101,EAGLE ST. & McCAFFREY RD. _NEWMARKET_,Propane,2019-09-24T00:00,0.771,µg/m³,VOC,GC-MS
65101,EAGLE ST. & McCAFFREY RD. _NEWMARKET_,Propane,2019-10-06T00:00,2.185,µg/m³,VOC,GC-MS
65101,EAGLE ST. & McCAFFREY RD. _NEWMARKET_,Propane,2019-10-12T00:00,1.128,µg/m³,VOC,GC-MS
65101,EAGLE ST. & McCAFFREY RD. _NEWMARKET_,Propane,2019-10-18T00:00,0.588,µg/m³,VOC,GC-MS
65101,EAGLE ST. & McCAFFREY RD. _NEWMARKET_,Propane,2019-10-24T00:00,1.647,µg/m³,VOC,GC-MS
65101,EAGLE ST. & McCAFFREY RD. _NEWMARKET_,Propane,2019-10-30T00:00,1.822,µg/m³,VOC,GC-MS
65101,EAGLE ST. & McCAFFREY RD. _NEWMARKET_,Propane,2019-11-05T00:00,2.360,µg/m³,VOC,GC-MS
65101,EAGLE ST. & McCAFFREY RD. _NEWMARKET_,Propane,2019-11-11T00:00,1.203,µg/m³,VOC,GC-MS
65101,EAGLE ST. & McCAFFREY RD. _NEWMARKET_,Propane,2019-11-17T00:00,1.959,µg/m³,VOC,GC-MS
65101,EAGLE ST. & McCAFFREY RD. _NEWMARKET_,Propane,2019-12-05T00:00,2.949,µg/m³,VOC,GC-MS
65101,EAGLE ST. & McCAFFREY RD. _NEWMARKET_,Propane,2019-12-11T00:00,1.847,µg/m³,VOC,GC-MS
65101,EAGLE ST. & McCAFFREY RD. _NEWMARKET_,Propane,2019-12-23T00:00,4.731,µg/m³,VOC,GC-MS
