﻿NAPS_Site_ID,Station_Name,Pollutant,Date,Value,Units,Report_Type,Method
103202,GOLDEN HOSPITAL HELIPAD,cis-3-Heptene,2005-06-09T00:00,0.008,µg/m³,VOC,
103202,GOLDEN HOSPITAL HELIPAD,cis-3-Heptene,2005-06-15T00:00,0.011,µg/m³,VOC,
103202,GOLDEN HOSPITAL HELIPAD,cis-3-Heptene,2005-06-21T00:00,0.000,µg/m³,VOC,
103202,GOLDEN HOSPITAL HELIPAD,cis-3-Heptene,2005-06-27T00:00,0.000,µg/m³,VOC,
103202,GOLDEN HOSPITAL HELIPAD,cis-3-Heptene,2005-07-03T00:00,0.000,µg/m³,VOC,
103202,GOLDEN HOSPITAL HELIPAD,cis-3-Heptene,2005-07-09T00:00,0.000,µg/m³,VOC,
103202,GOLDEN HOSPITAL HELIPAD,cis-3-Heptene,2005-07-15T00:00,0.000,µg/m³,VOC,
103202,GOLDEN HOSPITAL HELIPAD,cis-3-Heptene,2005-07-21T00:00,0.000,µg/m³,VOC,
103202,GOLDEN HOSPITAL HELIPAD,cis-3-Heptene,2005-07-27T00:00,0.000,µg/m³,VOC,
103202,GOLDEN HOSPITAL HELIPAD,cis-3-Heptene,2005-08-08T00:00,0.000,µg/m³,VOC,
