﻿NAPS_Site_ID,Station_Name,Pollutant,Date,Value,Units,Report_Type,Method
40901,ST. ANDREWS - HUNTSMAN MARINE SCIENCES CTR.,13C12-P5CDD,1998-01-17T00:00,47.000,pg/m³,PCDD,
40901,ST. ANDREWS - HUNTSMAN MARINE SCIENCES CTR.,13C12-P5CDD,1998-02-10T00:00,52.000,pg/m³,PCDD,
40901,ST. ANDREWS - HUNTSMAN MARINE SCIENCES CTR.,13C12-P5CDD,1998-03-18T00:00,50.000,pg/m³,PCDD,
40901,ST. ANDREWS - HUNTSMAN MARINE SCIENCES CTR.,13C12-P5CDD,1998-04-11T00:00,53.000,pg/m³,PCDD,
40901,ST. ANDREWS - HUNTSMAN MARINE SCIENCES CTR.,13C12-P5CDD,1998-05-05T00:00,34.000,pg/m³,PCDD,
40901,ST. ANDREWS - HUNTSMAN MARINE SCIENCES CTR.,13C12-P5CDD,1998-06-10T00:00,43.000,pg/m³,PCDD,
40901,ST. ANDREWS - HUNTSMAN MARINE SCIENCES CTR.,13C12-P5CDD,1998-07-28T00:00,83.000,pg/m³,PCDD,
40901,ST. ANDREWS - HUNTSMAN MARINE SCIENCES CTR.,13C12-P5CDD,1998-08-21T00:00,90.000,pg/m³,PCDD,
40901,ST. ANDREWS - HUNTSMAN MARINE SCIENCES CTR.,13C12-P5CDD,1998-09-14T00:00,81.000,pg/m³,PCDD,
40901,ST. ANDREWS - HUNTSMAN MARINE SCIENCES CTR.,13C12-P5CDD,1998-10-08T00:00,71.000,pg/m³,PCDD,
40901,ST. ANDREWS - HUNTSMAN MARINE SCIENCES CTR.,13C12-P5CDD,1998-11-25T00:00,86.000,pg/m³,PCDD,
40901,ST. ANDREWS - HUNTSMAN MARINE SCIENCES CTR.,13C12-P5CDD,1998-12-19T00:00,71.000,pg/m³,PCDD,
