﻿NAPS_Site_ID,Station_Name,Pollutant,Date,Value,Units,Report_Type,Method
60413,CENTENNIAL PARK _ETOBICOKE WEST_,Methylcyclopentane,2003-01-03T00:00,0.349,µg/m³,VOC,N/A
60413,CENTENNIAL PARK _ETOBICOKE WEST_,Methylcyclopentane,2003-01-09T00:00,0.508,µg/m³,VOC,N/A
60413,CENTENNIAL PARK _ETOBICOKE WEST_,Methylcyclopentane,2003-01-15T00:00,0.232,µg/m³,VOC,N/A
60413,CENTENNIAL PARK _ETOBICOKE WEST_,Methylcyclopentane,2003-01-21T00:00,0.159,µg/m³,VOC,N/A
60413,CENTENNIAL PARK _ETOBICOKE WEST_,Methylcyclopentane,2003-01-27T00:00,0.140,µg/m³,VOC,N/A
60413,CENTENNIAL PARK _ETOBICOKE WEST_,Methylcyclopentane,2003-02-02T00:00,0.109,µg/m³,VOC,N/A
60413,CENTENNIAL PARK _ETOBICOKE WEST_,Methylcyclopentane,2003-02-08T00:00,0.049,µg/m³,VOC,N/A
60413,CENTENNIAL PARK _ETOBICOKE WEST_,Methylcyclopentane,2003-02-14T00:00,0.126,µg/m³,VOC,N/A
60413,CENTENNIAL PARK _ETOBICOKE WEST_,Methylcyclopentane,2003-02-20T00:00,0.119,µg/m³,VOC,N/A
60413,CENTENNIAL PARK _ETOBICOKE WEST_,Methylcyclopentane,2003-02-26T00:00,1.005,µg/m³,VOC,N/A
60413,CENTENNIAL PARK _ETOBICOKE WEST_,Methylcyclopentane,2003-03-04T00:00,0.450,µg/m³,VOC,N/A
60413,CENTENNIAL PARK _ETOBICOKE WEST_,Methylcyclopentane,2003-03-10T00:00,0.190,µg/m³,VOC,N/A
60413,CENTENNIAL PARK _ETOBICOKE WEST_,Methylcyclopentane,2003-03-16T00:00,0.774,µg/m³,VOC,N/A
60413,CENTENNIAL PARK _ETOBICOKE WEST_,Methylcyclopentane,2003-03-22T00:00,0.180,µg/m³,VOC,N/A
60413,CENTENNIAL PARK _ETOBICOKE WEST_,Methylcyclopentane,2003-03-28T00:00,0.170,µg/m³,VOC,N/A
60413,CENTENNIAL PARK _ETOBICOKE WEST_,Methylcyclopentane,2003-04-03T00:00,0.238,µg/m³,VOC,N/A
60413,CENTENNIAL PARK _ETOBICOKE WEST_,Methylcyclopentane,2003-06-02T00:00,0.221,µg/m³,VOC,N/A
60413,CENTENNIAL PARK _ETOBICOKE WEST_,Methylcyclopentane,2003-06-08T00:00,0.438,µg/m³,VOC,N/A
60413,CENTENNIAL PARK _ETOBICOKE WEST_,Methylcyclopentane,2003-06-14T00:00,0.274,µg/m³,VOC,N/A
60413,CENTENNIAL PARK _ETOBICOKE WEST_,Methylcyclopentane,2003-07-02T00:00,1.614,µg/m³,VOC,N/A
60413,CENTENNIAL PARK _ETOBICOKE WEST_,Methylcyclopentane,2003-07-08T00:00,0.192,µg/m³,VOC,N/A
60413,CENTENNIAL PARK _ETOBICOKE WEST_,Methylcyclopentane,2003-07-14T00:00,0.703,µg/m³,VOC,N/A
60413,CENTENNIAL PARK _ETOBICOKE WEST_,Methylcyclopentane,2003-07-20T00:00,0.344,µg/m³,VOC,N/A
60413,CENTENNIAL PARK _ETOBICOKE WEST_,Methylcyclopentane,2003-07-26T00:00,0.202,µg/m³,VOC,N/A
60413,CENTENNIAL PARK _ETOBICOKE WEST_,Methylcyclopentane,2003-08-01T00:00,0.532,µg/m³,VOC,N/A
60413,CENTENNIAL PARK _ETOBICOKE WEST_,Methylcyclopentane,2003-08-07T00:00,0.336,µg/m³,VOC,N/A
60413,CENTENNIAL PARK _ETOBICOKE WEST_,Methylcyclopentane,2003-08-13T00:00,0.585,µg/m³,VOC,N/A
60413,CENTENNIAL PARK _ETOBICOKE WEST_,Methylcyclopentane,2003-08-19T00:00,0.572,µg/m³,VOC,N/A
60413,CENTENNIAL PARK _ETOBICOKE WEST_,Methylcyclopentane,2003-08-25T00:00,0.231,µg/m³,VOC,N/A
60413,CENTENNIAL PARK _ETOBICOKE WEST_,Methylcyclopentane,2003-08-31T00:00,0.526,µg/m³,VOC,N/A
60413,CENTENNIAL PARK _ETOBICOKE WEST_,Methylcyclopentane,2003-09-06T00:00,0.461,µg/m³,VOC,N/A
60413,CENTENNIAL PARK _ETOBICOKE WEST_,Methylcyclopentane,2003-09-12T00:00,0.652,µg/m³,VOC,N/A
60413,CENTENNIAL PARK _ETOBICOKE WEST_,Methylcyclopentane,2003-09-18T00:00,0.538,µg/m³,VOC,N/A
60413,CENTENNIAL PARK _ETOBICOKE WEST_,Methylcyclopentane,2003-09-24T00:00,0.223,µg/m³,VOC,N/A
60413,CENTENNIAL PARK _ETOBICOKE WEST_,Methylcyclopentane,2003-10-24T00:00,0.324,µg/m³,VOC,N/A
60413,CENTENNIAL PARK _ETOBICOKE WEST_,Methylcyclopentane,2003-10-30T00:00,0.422,µg/m³,VOC,N/A
60413,CENTENNIAL PARK _ETOBICOKE WEST_,Methylcyclopentane,2003-11-05T00:00,0.334,µg/m³,VOC,N/A
