﻿NAPS_Site_ID,Station_Name,Pollutant,Date,Value,Units,Report_Type,Method
80211,SASKATOON-CORMAN PARK,Chromium,2002-10-11T00:00,0.000,µg/m³,DICHOT,EDXRF
80211,SASKATOON-CORMAN PARK,Chromium,2002-10-11T00:00,0.000,µg/m³,DICHOT,EDXRF
80211,SASKATOON-CORMAN PARK,Chromium,2002-10-17T00:00,0.000,µg/m³,DICHOT,EDXRF
80211,SASKATOON-CORMAN PARK,Chromium,2002-10-17T00:00,0.000,µg/m³,DICHOT,EDXRF
80211,SASKATOON-CORMAN PARK,Chromium,2002-10-23T00:00,0.000,µg/m³,DICHOT,EDXRF
80211,SASKATOON-CORMAN PARK,Chromium,2002-10-23T00:00,0.000,µg/m³,DICHOT,EDXRF
80211,SASKATOON-CORMAN PARK,Chromium,2002-10-29T00:00,0.000,µg/m³,DICHOT,EDXRF
80211,SASKATOON-CORMAN PARK,Chromium,2002-10-29T00:00,0.000,µg/m³,DICHOT,EDXRF
80211,SASKATOON-CORMAN PARK,Chromium,2002-11-04T00:00,0.000,µg/m³,DICHOT,EDXRF
80211,SASKATOON-CORMAN PARK,Chromium,2002-11-04T00:00,0.000,µg/m³,DICHOT,EDXRF
80211,SASKATOON-CORMAN PARK,Chromium,2002-11-10T00:00,0.000,µg/m³,DICHOT,EDXRF
80211,SASKATOON-CORMAN PARK,Chromium,2002-11-10T00:00,0.000,µg/m³,DICHOT,EDXRF
80211,SASKATOON-CORMAN PARK,Chromium,2002-11-16T00:00,0.000,µg/m³,DICHOT,EDXRF
80211,SASKATOON-CORMAN PARK,Chromium,2002-11-16T00:00,0.000,µg/m³,DICHOT,EDXRF
80211,SASKATOON-CORMAN PARK,Chromium,2002-12-10T00:00,0.000,µg/m³,DICHOT,EDXRF
80211,SASKATOON-CORMAN PARK,Chromium,2002-12-10T00:00,0.000,µg/m³,DICHOT,EDXRF
80211,SASKATOON-CORMAN PARK,Chromium,2002-12-16T00:00,0.000,µg/m³,DICHOT,EDXRF
80211,SASKATOON-CORMAN PARK,Chromium,2002-12-16T00:00,0.000,µg/m³,DICHOT,EDXRF
80211,SASKATOON-CORMAN PARK,Chromium,2002-12-22T00:00,0.000,µg/m³,DICHOT,EDXRF
80211,SASKATOON-CORMAN PARK,Chromium,2002-12-22T00:00,0.000,µg/m³,DICHOT,EDXRF
80211,SASKATOON-CORMAN PARK,Chromium,2002-12-28T00:00,0.000,µg/m³,DICHOT,EDXRF
80211,SASKATOON-CORMAN PARK,Chromium,2002-12-28T00:00,0.000,µg/m³,DICHOT,EDXRF
