﻿NAPS_Site_ID,Station_Name,Pollutant,Date,Value,Units,Report_Type,Method
62601,EXPERIMENTAL FARM _SIMCOE_,Isobutane,2004-01-01T00:00,0.406,µg/m³,VOC,
62601,EXPERIMENTAL FARM _SIMCOE_,Isobutane,2004-01-04T00:00,0.472,µg/m³,VOC,
62601,EXPERIMENTAL FARM _SIMCOE_,Isobutane,2004-01-10T00:00,0.341,µg/m³,VOC,
62601,EXPERIMENTAL FARM _SIMCOE_,Isobutane,2004-01-13T00:00,0.289,µg/m³,VOC,
62601,EXPERIMENTAL FARM _SIMCOE_,Isobutane,2004-01-16T00:00,0.250,µg/m³,VOC,
62601,EXPERIMENTAL FARM _SIMCOE_,Isobutane,2004-01-19T00:00,0.299,µg/m³,VOC,
62601,EXPERIMENTAL FARM _SIMCOE_,Isobutane,2004-01-22T00:00,0.339,µg/m³,VOC,
62601,EXPERIMENTAL FARM _SIMCOE_,Isobutane,2004-01-25T00:00,0.609,µg/m³,VOC,
62601,EXPERIMENTAL FARM _SIMCOE_,Isobutane,2004-01-28T00:00,0.355,µg/m³,VOC,
62601,EXPERIMENTAL FARM _SIMCOE_,Isobutane,2004-01-31T00:00,0.533,µg/m³,VOC,
62601,EXPERIMENTAL FARM _SIMCOE_,Isobutane,2004-02-06T00:00,0.764,µg/m³,VOC,
62601,EXPERIMENTAL FARM _SIMCOE_,Isobutane,2004-02-09T00:00,0.730,µg/m³,VOC,
62601,EXPERIMENTAL FARM _SIMCOE_,Isobutane,2004-02-12T00:00,0.956,µg/m³,VOC,
62601,EXPERIMENTAL FARM _SIMCOE_,Isobutane,2004-02-15T00:00,0.382,µg/m³,VOC,
62601,EXPERIMENTAL FARM _SIMCOE_,Isobutane,2004-02-18T00:00,0.947,µg/m³,VOC,
62601,EXPERIMENTAL FARM _SIMCOE_,Isobutane,2004-02-21T00:00,0.521,µg/m³,VOC,
62601,EXPERIMENTAL FARM _SIMCOE_,Isobutane,2004-02-24T00:00,0.733,µg/m³,VOC,
62601,EXPERIMENTAL FARM _SIMCOE_,Isobutane,2004-02-27T00:00,1.289,µg/m³,VOC,
62601,EXPERIMENTAL FARM _SIMCOE_,Isobutane,2004-03-01T00:00,1.427,µg/m³,VOC,
62601,EXPERIMENTAL FARM _SIMCOE_,Isobutane,2004-03-04T00:00,1.114,µg/m³,VOC,
62601,EXPERIMENTAL FARM _SIMCOE_,Isobutane,2004-03-07T00:00,0.934,µg/m³,VOC,
62601,EXPERIMENTAL FARM _SIMCOE_,Isobutane,2004-03-10T00:00,0.395,µg/m³,VOC,
62601,EXPERIMENTAL FARM _SIMCOE_,Isobutane,2004-03-13T00:00,0.253,µg/m³,VOC,
62601,EXPERIMENTAL FARM _SIMCOE_,Isobutane,2004-03-16T00:00,0.177,µg/m³,VOC,
62601,EXPERIMENTAL FARM _SIMCOE_,Isobutane,2004-03-19T00:00,0.868,µg/m³,VOC,
62601,EXPERIMENTAL FARM _SIMCOE_,Isobutane,2004-05-12T00:00,0.346,µg/m³,VOC,
62601,EXPERIMENTAL FARM _SIMCOE_,Isobutane,2004-05-15T00:00,0.102,µg/m³,VOC,
62601,EXPERIMENTAL FARM _SIMCOE_,Isobutane,2004-05-18T00:00,0.490,µg/m³,VOC,
62601,EXPERIMENTAL FARM _SIMCOE_,Isobutane,2004-05-21T00:00,0.404,µg/m³,VOC,
62601,EXPERIMENTAL FARM _SIMCOE_,Isobutane,2004-05-27T00:00,0.595,µg/m³,VOC,
62601,EXPERIMENTAL FARM _SIMCOE_,Isobutane,2004-05-30T00:00,0.302,µg/m³,VOC,
62601,EXPERIMENTAL FARM _SIMCOE_,Isobutane,2004-06-02T00:00,0.765,µg/m³,VOC,
62601,EXPERIMENTAL FARM _SIMCOE_,Isobutane,2004-06-05T00:00,0.297,µg/m³,VOC,
62601,EXPERIMENTAL FARM _SIMCOE_,Isobutane,2004-06-08T00:00,0.294,µg/m³,VOC,
62601,EXPERIMENTAL FARM _SIMCOE_,Isobutane,2004-06-14T00:00,0.161,µg/m³,VOC,
62601,EXPERIMENTAL FARM _SIMCOE_,Isobutane,2004-06-17T00:00,0.674,µg/m³,VOC,
62601,EXPERIMENTAL FARM _SIMCOE_,Isobutane,2004-06-20T00:00,0.098,µg/m³,VOC,
62601,EXPERIMENTAL FARM _SIMCOE_,Isobutane,2004-06-23T00:00,0.119,µg/m³,VOC,
62601,EXPERIMENTAL FARM _SIMCOE_,Isobutane,2004-06-26T00:00,0.040,µg/m³,VOC,
62601,EXPERIMENTAL FARM _SIMCOE_,Isobutane,2004-06-29T00:00,0.314,µg/m³,VOC,
62601,EXPERIMENTAL FARM _SIMCOE_,Isobutane,2004-07-02T00:00,0.162,µg/m³,VOC,
62601,EXPERIMENTAL FARM _SIMCOE_,Isobutane,2004-07-05T00:00,0.116,µg/m³,VOC,
62601,EXPERIMENTAL FARM _SIMCOE_,Isobutane,2004-07-08T00:00,0.147,µg/m³,VOC,
62601,EXPERIMENTAL FARM _SIMCOE_,Isobutane,2004-07-11T00:00,0.124,µg/m³,VOC,
62601,EXPERIMENTAL FARM _SIMCOE_,Isobutane,2004-07-14T00:00,0.092,µg/m³,VOC,
62601,EXPERIMENTAL FARM _SIMCOE_,Isobutane,2004-07-20T00:00,0.115,µg/m³,VOC,
62601,EXPERIMENTAL FARM _SIMCOE_,Isobutane,2004-07-23T00:00,0.062,µg/m³,VOC,
62601,EXPERIMENTAL FARM _SIMCOE_,Isobutane,2004-07-26T00:00,0.134,µg/m³,VOC,
62601,EXPERIMENTAL FARM _SIMCOE_,Isobutane,2004-07-29T00:00,0.233,µg/m³,VOC,
62601,EXPERIMENTAL FARM _SIMCOE_,Isobutane,2004-08-01T00:00,0.161,µg/m³,VOC,
62601,EXPERIMENTAL FARM _SIMCOE_,Isobutane,2004-08-04T00:00,0.120,µg/m³,VOC,
62601,EXPERIMENTAL FARM _SIMCOE_,Isobutane,2004-08-07T00:00,0.114,µg/m³,VOC,
62601,EXPERIMENTAL FARM _SIMCOE_,Isobutane,2004-08-10T00:00,0.183,µg/m³,VOC,
62601,EXPERIMENTAL FARM _SIMCOE_,Isobutane,2004-08-13T00:00,0.268,µg/m³,VOC,
62601,EXPERIMENTAL FARM _SIMCOE_,Isobutane,2004-08-16T00:00,0.137,µg/m³,VOC,
62601,EXPERIMENTAL FARM _SIMCOE_,Isobutane,2004-08-22T00:00,0.082,µg/m³,VOC,
62601,EXPERIMENTAL FARM _SIMCOE_,Isobutane,2004-08-25T00:00,0.226,µg/m³,VOC,
62601,EXPERIMENTAL FARM _SIMCOE_,Isobutane,2004-08-28T00:00,0.466,µg/m³,VOC,
62601,EXPERIMENTAL FARM _SIMCOE_,Isobutane,2004-08-31T00:00,0.145,µg/m³,VOC,
62601,EXPERIMENTAL FARM _SIMCOE_,Isobutane,2004-09-03T00:00,0.273,µg/m³,VOC,
62601,EXPERIMENTAL FARM _SIMCOE_,Isobutane,2004-09-06T00:00,0.113,µg/m³,VOC,
62601,EXPERIMENTAL FARM _SIMCOE_,Isobutane,2004-09-09T00:00,0.070,µg/m³,VOC,
62601,EXPERIMENTAL FARM _SIMCOE_,Isobutane,2004-09-12T00:00,0.350,µg/m³,VOC,
62601,EXPERIMENTAL FARM _SIMCOE_,Isobutane,2004-09-15T00:00,0.146,µg/m³,VOC,
62601,EXPERIMENTAL FARM _SIMCOE_,Isobutane,2004-09-18T00:00,0.102,µg/m³,VOC,
62601,EXPERIMENTAL FARM _SIMCOE_,Isobutane,2004-09-21T00:00,0.635,µg/m³,VOC,
62601,EXPERIMENTAL FARM _SIMCOE_,Isobutane,2004-09-27T00:00,0.498,µg/m³,VOC,
62601,EXPERIMENTAL FARM _SIMCOE_,Isobutane,2004-09-30T00:00,0.122,µg/m³,VOC,
62601,EXPERIMENTAL FARM _SIMCOE_,Isobutane,2004-10-03T00:00,0.166,µg/m³,VOC,
62601,EXPERIMENTAL FARM _SIMCOE_,Isobutane,2004-10-06T00:00,0.402,µg/m³,VOC,
62601,EXPERIMENTAL FARM _SIMCOE_,Isobutane,2004-10-09T00:00,0.232,µg/m³,VOC,
62601,EXPERIMENTAL FARM _SIMCOE_,Isobutane,2004-10-12T00:00,0.253,µg/m³,VOC,
62601,EXPERIMENTAL FARM _SIMCOE_,Isobutane,2004-10-15T00:00,0.458,µg/m³,VOC,
62601,EXPERIMENTAL FARM _SIMCOE_,Isobutane,2004-10-18T00:00,0.364,µg/m³,VOC,
62601,EXPERIMENTAL FARM _SIMCOE_,Isobutane,2004-10-21T00:00,0.648,µg/m³,VOC,
62601,EXPERIMENTAL FARM _SIMCOE_,Isobutane,2004-10-24T00:00,0.895,µg/m³,VOC,
62601,EXPERIMENTAL FARM _SIMCOE_,Isobutane,2004-10-27T00:00,0.473,µg/m³,VOC,
62601,EXPERIMENTAL FARM _SIMCOE_,Isobutane,2004-10-30T00:00,0.507,µg/m³,VOC,
62601,EXPERIMENTAL FARM _SIMCOE_,Isobutane,2004-11-02T00:00,0.732,µg/m³,VOC,
62601,EXPERIMENTAL FARM _SIMCOE_,Isobutane,2004-11-05T00:00,0.277,µg/m³,VOC,
62601,EXPERIMENTAL FARM _SIMCOE_,Isobutane,2004-11-05T00:00,0.453,µg/m³,VOC,
62601,EXPERIMENTAL FARM _SIMCOE_,Isobutane,2004-11-08T00:00,0.162,µg/m³,VOC,
62601,EXPERIMENTAL FARM _SIMCOE_,Isobutane,2004-11-11T00:00,1.236,µg/m³,VOC,
62601,EXPERIMENTAL FARM _SIMCOE_,Isobutane,2004-11-14T00:00,0.580,µg/m³,VOC,
62601,EXPERIMENTAL FARM _SIMCOE_,Isobutane,2004-11-17T00:00,0.614,µg/m³,VOC,
62601,EXPERIMENTAL FARM _SIMCOE_,Isobutane,2004-11-20T00:00,0.482,µg/m³,VOC,
62601,EXPERIMENTAL FARM _SIMCOE_,Isobutane,2004-11-20T00:00,1.130,µg/m³,VOC,
62601,EXPERIMENTAL FARM _SIMCOE_,Isobutane,2004-11-23T00:00,0.765,µg/m³,VOC,
62601,EXPERIMENTAL FARM _SIMCOE_,Isobutane,2004-11-23T00:00,0.810,µg/m³,VOC,
62601,EXPERIMENTAL FARM _SIMCOE_,Isobutane,2004-11-26T00:00,0.451,µg/m³,VOC,
62601,EXPERIMENTAL FARM _SIMCOE_,Isobutane,2004-11-26T00:00,0.475,µg/m³,VOC,
62601,EXPERIMENTAL FARM _SIMCOE_,Isobutane,2004-11-29T00:00,0.215,µg/m³,VOC,
62601,EXPERIMENTAL FARM _SIMCOE_,Isobutane,2004-11-29T00:00,15.536,µg/m³,VOC,
62601,EXPERIMENTAL FARM _SIMCOE_,Isobutane,2004-12-02T00:00,0.253,µg/m³,VOC,
62601,EXPERIMENTAL FARM _SIMCOE_,Isobutane,2004-12-02T00:00,0.747,µg/m³,VOC,
62601,EXPERIMENTAL FARM _SIMCOE_,Isobutane,2004-12-05T00:00,0.221,µg/m³,VOC,
62601,EXPERIMENTAL FARM _SIMCOE_,Isobutane,2004-12-11T00:00,0.332,µg/m³,VOC,
62601,EXPERIMENTAL FARM _SIMCOE_,Isobutane,2004-12-11T00:00,0.416,µg/m³,VOC,
62601,EXPERIMENTAL FARM _SIMCOE_,Isobutane,2004-12-14T00:00,0.305,µg/m³,VOC,
62601,EXPERIMENTAL FARM _SIMCOE_,Isobutane,2004-12-14T00:00,0.659,µg/m³,VOC,
62601,EXPERIMENTAL FARM _SIMCOE_,Isobutane,2004-12-17T00:00,0.305,µg/m³,VOC,
62601,EXPERIMENTAL FARM _SIMCOE_,Isobutane,2004-12-17T00:00,0.795,µg/m³,VOC,
62601,EXPERIMENTAL FARM _SIMCOE_,Isobutane,2004-12-20T00:00,0.283,µg/m³,VOC,
62601,EXPERIMENTAL FARM _SIMCOE_,Isobutane,2004-12-20T00:00,0.360,µg/m³,VOC,
62601,EXPERIMENTAL FARM _SIMCOE_,Isobutane,2004-12-23T00:00,0.289,µg/m³,VOC,
62601,EXPERIMENTAL FARM _SIMCOE_,Isobutane,2004-12-23T00:00,0.570,µg/m³,VOC,
62601,EXPERIMENTAL FARM _SIMCOE_,Isobutane,2004-12-26T00:00,0.318,µg/m³,VOC,
62601,EXPERIMENTAL FARM _SIMCOE_,Isobutane,2004-12-26T00:00,0.731,µg/m³,VOC,
62601,EXPERIMENTAL FARM _SIMCOE_,Isobutane,2004-12-29T00:00,0.728,µg/m³,VOC,
62601,EXPERIMENTAL FARM _SIMCOE_,Isobutane,2004-12-29T00:00,0.992,µg/m³,VOC,
