﻿NAPS_Site_ID,Station_Name,Pollutant,Date,Value,Units,Report_Type,Method
30118,VOGUE BUILDING,Hexane,2011-01-03T00:00,0.253,µg/m³,VOC,GC-MS
30118,VOGUE BUILDING,Hexane,2011-01-09T00:00,0.114,µg/m³,VOC,GC-MS
30118,VOGUE BUILDING,Hexane,2011-01-15T00:00,0.187,µg/m³,VOC,GC-MS
30118,VOGUE BUILDING,Hexane,2011-01-27T00:00,0.296,µg/m³,VOC,GC-MS
30118,VOGUE BUILDING,Hexane,2011-02-02T00:00,0.214,µg/m³,VOC,GC-MS
30118,VOGUE BUILDING,Hexane,2011-02-08T00:00,0.442,µg/m³,VOC,GC-MS
30118,VOGUE BUILDING,Hexane,2011-02-14T00:00,0.332,µg/m³,VOC,GC-MS
30118,VOGUE BUILDING,Hexane,2011-02-26T00:00,0.100,µg/m³,VOC,GC-MS
30118,VOGUE BUILDING,Hexane,2011-03-04T00:00,0.137,µg/m³,VOC,GC-MS
30118,VOGUE BUILDING,Hexane,2011-03-10T00:00,0.262,µg/m³,VOC,GC-MS
30118,VOGUE BUILDING,Hexane,2011-03-16T00:00,0.212,µg/m³,VOC,GC-MS
30118,VOGUE BUILDING,Hexane,2011-03-22T00:00,0.332,µg/m³,VOC,GC-MS
30118,VOGUE BUILDING,Hexane,2011-04-03T00:00,0.292,µg/m³,VOC,GC-MS
30118,VOGUE BUILDING,Hexane,2011-04-21T00:00,0.237,µg/m³,VOC,GC-MS
30118,VOGUE BUILDING,Hexane,2011-04-27T00:00,0.291,µg/m³,VOC,GC-MS
30118,VOGUE BUILDING,Hexane,2011-05-03T00:00,1.066,µg/m³,VOC,GC-MS
30118,VOGUE BUILDING,Hexane,2011-05-09T00:00,0.160,µg/m³,VOC,GC-MS
30118,VOGUE BUILDING,Hexane,2011-05-15T00:00,0.223,µg/m³,VOC,GC-MS
30118,VOGUE BUILDING,Hexane,2011-05-27T00:00,0.243,µg/m³,VOC,GC-MS
30118,VOGUE BUILDING,Hexane,2011-06-08T00:00,0.346,µg/m³,VOC,GC-MS
30118,VOGUE BUILDING,Hexane,2011-06-14T00:00,0.245,µg/m³,VOC,GC-MS
30118,VOGUE BUILDING,Hexane,2011-06-20T00:00,0.222,µg/m³,VOC,GC-MS
30118,VOGUE BUILDING,Hexane,2011-06-26T00:00,0.508,µg/m³,VOC,GC-MS
30118,VOGUE BUILDING,Hexane,2011-07-02T00:00,0.343,µg/m³,VOC,GC-MS
30118,VOGUE BUILDING,Hexane,2011-07-08T00:00,0.722,µg/m³,VOC,GC-MS
30118,VOGUE BUILDING,Hexane,2011-07-14T00:00,0.762,µg/m³,VOC,GC-MS
30118,VOGUE BUILDING,Hexane,2011-07-20T00:00,0.327,µg/m³,VOC,GC-MS
30118,VOGUE BUILDING,Hexane,2011-07-26T00:00,1.863,µg/m³,VOC,GC-MS
