﻿NAPS_Site_ID,Station_Name,Pollutant,Date,Value,Units,Report_Type,Method
100112,DOWNTOWN VANCOUVER,1-Butene/Isobutene,1999-01-18T00:00,2.214,µg/m³,VOC,GC-MS
100112,DOWNTOWN VANCOUVER,1-Butene/Isobutene,1999-02-05T00:00,1.500,µg/m³,VOC,GC-MS
100112,DOWNTOWN VANCOUVER,1-Butene/Isobutene,1999-02-23T00:00,4.090,µg/m³,VOC,GC-MS
100112,DOWNTOWN VANCOUVER,1-Butene/Isobutene,1999-03-13T00:00,1.240,µg/m³,VOC,GC-MS
100112,DOWNTOWN VANCOUVER,1-Butene/Isobutene,1999-03-31T00:00,1.010,µg/m³,VOC,GC-MS
100112,DOWNTOWN VANCOUVER,1-Butene/Isobutene,1999-04-18T00:00,1.170,µg/m³,VOC,GC-MS
100112,DOWNTOWN VANCOUVER,1-Butene/Isobutene,1999-05-30T00:00,0.840,µg/m³,VOC,GC-MS
100112,DOWNTOWN VANCOUVER,1-Butene/Isobutene,1999-06-23T00:00,1.880,µg/m³,VOC,GC-MS
100112,DOWNTOWN VANCOUVER,1-Butene/Isobutene,1999-07-17T00:00,1.140,µg/m³,VOC,GC-MS
100112,DOWNTOWN VANCOUVER,1-Butene/Isobutene,1999-08-04T00:00,1.380,µg/m³,VOC,GC-MS
100112,DOWNTOWN VANCOUVER,1-Butene/Isobutene,1999-08-22T00:00,1.100,µg/m³,VOC,GC-MS
100112,DOWNTOWN VANCOUVER,1-Butene/Isobutene,1999-09-09T00:00,1.620,µg/m³,VOC,GC-MS
100112,DOWNTOWN VANCOUVER,1-Butene/Isobutene,1999-09-27T00:00,1.090,µg/m³,VOC,GC-MS
100112,DOWNTOWN VANCOUVER,1-Butene/Isobutene,1999-10-15T00:00,1.600,µg/m³,VOC,GC-MS
100112,DOWNTOWN VANCOUVER,1-Butene/Isobutene,1999-11-02T00:00,2.800,µg/m³,VOC,GC-MS
100112,DOWNTOWN VANCOUVER,1-Butene/Isobutene,1999-11-20T00:00,1.250,µg/m³,VOC,GC-MS
100112,DOWNTOWN VANCOUVER,1-Butene/Isobutene,1999-12-08T00:00,3.430,µg/m³,VOC,GC-MS
100112,DOWNTOWN VANCOUVER,1-Butene/Isobutene,1999-12-26T00:00,2.520,µg/m³,VOC,GC-MS
