﻿NAPS_Site_ID,Station_Name,Pollutant,Date,Value,Units,Report_Type,Method
40203,FOREST HILLS,13C12-TCDD,2007-04-06T00:00,104.000,pg/m³,PCDD,N/A
40203,FOREST HILLS,13C12-TCDD,2007-04-30T00:00,99.000,pg/m³,PCDD,N/A
40203,FOREST HILLS,13C12-TCDD,2007-06-17T00:00,95.000,pg/m³,PCDD,N/A
40203,FOREST HILLS,13C12-TCDD,2007-07-11T00:00,79.000,pg/m³,PCDD,N/A
40203,FOREST HILLS,13C12-TCDD,2007-08-28T00:00,107.000,pg/m³,PCDD,N/A
40203,FOREST HILLS,13C12-TCDD,2007-12-02T00:00,58.000,pg/m³,PCDD,N/A
