﻿NAPS_Site_ID,Station_Name,Pollutant,Date,Value,Units,Report_Type,Method
100133,BURMOUNT,A-Pinene,2013-01-04T00:00,0.261,µg/m³,VOC,N/A
100133,BURMOUNT,A-Pinene,2013-01-10T00:00,0.052,µg/m³,VOC,N/A
100133,BURMOUNT,A-Pinene,2013-01-16T00:00,0.082,µg/m³,VOC,N/A
100133,BURMOUNT,A-Pinene,2013-01-22T00:00,0.446,µg/m³,VOC,N/A
100133,BURMOUNT,A-Pinene,2013-01-28T00:00,0.114,µg/m³,VOC,N/A
100133,BURMOUNT,A-Pinene,2013-02-03T00:00,0.212,µg/m³,VOC,N/A
100133,BURMOUNT,A-Pinene,2013-02-09T00:00,0.074,µg/m³,VOC,N/A
100133,BURMOUNT,A-Pinene,2013-02-15T00:00,0.072,µg/m³,VOC,N/A
100133,BURMOUNT,A-Pinene,2013-02-27T00:00,0.023,µg/m³,VOC,N/A
100133,BURMOUNT,A-Pinene,2013-03-05T00:00,0.058,µg/m³,VOC,N/A
100133,BURMOUNT,A-Pinene,2013-03-11T00:00,0.052,µg/m³,VOC,N/A
100133,BURMOUNT,A-Pinene,2013-03-17T00:00,0.014,µg/m³,VOC,N/A
100133,BURMOUNT,A-Pinene,2013-03-23T00:00,0.052,µg/m³,VOC,N/A
100133,BURMOUNT,A-Pinene,2013-03-29T00:00,0.099,µg/m³,VOC,N/A
100133,BURMOUNT,A-Pinene,2013-04-04T00:00,0.245,µg/m³,VOC,N/A
100133,BURMOUNT,A-Pinene,2013-04-10T00:00,0.072,µg/m³,VOC,N/A
100133,BURMOUNT,A-Pinene,2013-04-22T00:00,0.036,µg/m³,VOC,N/A
100133,BURMOUNT,A-Pinene,2013-04-28T00:00,0.041,µg/m³,VOC,N/A
100133,BURMOUNT,A-Pinene,2013-05-04T00:00,0.133,µg/m³,VOC,N/A
100133,BURMOUNT,A-Pinene,2013-05-10T00:00,0.166,µg/m³,VOC,N/A
100133,BURMOUNT,A-Pinene,2013-05-16T00:00,0.080,µg/m³,VOC,N/A
100133,BURMOUNT,A-Pinene,2013-05-22T00:00,0.082,µg/m³,VOC,N/A
100133,BURMOUNT,A-Pinene,2013-05-28T00:00,0.220,µg/m³,VOC,N/A
100133,BURMOUNT,A-Pinene,2013-06-03T00:00,0.117,µg/m³,VOC,N/A
100133,BURMOUNT,A-Pinene,2013-06-09T00:00,0.179,µg/m³,VOC,N/A
100133,BURMOUNT,A-Pinene,2013-06-15T00:00,0.186,µg/m³,VOC,N/A
100133,BURMOUNT,A-Pinene,2013-06-21T00:00,0.232,µg/m³,VOC,N/A
100133,BURMOUNT,A-Pinene,2013-06-27T00:00,0.598,µg/m³,VOC,N/A
100133,BURMOUNT,A-Pinene,2013-07-03T00:00,0.288,µg/m³,VOC,N/A
100133,BURMOUNT,A-Pinene,2013-07-15T00:00,0.191,µg/m³,VOC,N/A
100133,BURMOUNT,A-Pinene,2013-07-21T00:00,0.207,µg/m³,VOC,N/A
100133,BURMOUNT,A-Pinene,2013-07-27T00:00,0.185,µg/m³,VOC,N/A
100133,BURMOUNT,A-Pinene,2013-08-02T00:00,0.291,µg/m³,VOC,N/A
100133,BURMOUNT,A-Pinene,2013-08-08T00:00,0.301,µg/m³,VOC,N/A
100133,BURMOUNT,A-Pinene,2013-08-20T00:00,0.128,µg/m³,VOC,N/A
100133,BURMOUNT,A-Pinene,2013-08-26T00:00,0.074,µg/m³,VOC,N/A
100133,BURMOUNT,A-Pinene,2013-09-01T00:00,0.360,µg/m³,VOC,N/A
100133,BURMOUNT,A-Pinene,2013-09-07T00:00,0.151,µg/m³,VOC,N/A
100133,BURMOUNT,A-Pinene,2013-09-13T00:00,0.194,µg/m³,VOC,N/A
100133,BURMOUNT,A-Pinene,2013-09-19T00:00,0.673,µg/m³,VOC,N/A
100133,BURMOUNT,A-Pinene,2013-09-25T00:00,0.178,µg/m³,VOC,N/A
100133,BURMOUNT,A-Pinene,2013-10-01T00:00,0.109,µg/m³,VOC,N/A
100133,BURMOUNT,A-Pinene,2013-10-07T00:00,0.203,µg/m³,VOC,N/A
100133,BURMOUNT,A-Pinene,2013-10-13T00:00,0.113,µg/m³,VOC,N/A
100133,BURMOUNT,A-Pinene,2013-10-25T00:00,0.456,µg/m³,VOC,N/A
100133,BURMOUNT,A-Pinene,2013-10-31T00:00,0.132,µg/m³,VOC,N/A
100133,BURMOUNT,A-Pinene,2013-11-06T00:00,0.155,µg/m³,VOC,N/A
100133,BURMOUNT,A-Pinene,2013-11-12T00:00,0.177,µg/m³,VOC,N/A
100133,BURMOUNT,A-Pinene,2013-11-18T00:00,0.068,µg/m³,VOC,N/A
100133,BURMOUNT,A-Pinene,2013-11-24T00:00,0.160,µg/m³,VOC,N/A
100133,BURMOUNT,A-Pinene,2013-11-30T00:00,0.100,µg/m³,VOC,N/A
100133,BURMOUNT,A-Pinene,2013-12-06T00:00,0.000,µg/m³,VOC,N/A
100133,BURMOUNT,A-Pinene,2013-12-12T00:00,0.103,µg/m³,VOC,N/A
100133,BURMOUNT,A-Pinene,2013-12-18T00:00,0.057,µg/m³,VOC,N/A
100133,BURMOUNT,A-Pinene,2013-12-24T00:00,0.127,µg/m³,VOC,N/A
100133,BURMOUNT,A-Pinene,2013-12-30T00:00,0.211,µg/m³,VOC,N/A
