﻿NAPS_Site_ID,Station_Name,Pollutant,Date,Value,Units,Report_Type,Method
70301,FLIN FLON,Antimony,2010-02-25T00:00,0.001,µg/m³,PM2.5,ED-XRF
70301,FLIN FLON,Antimony,2010-02-28T00:00,0.001,µg/m³,PM2.5,ED-XRF
70301,FLIN FLON,Antimony,2010-03-03T00:00,0.001,µg/m³,PM2.5,ED-XRF
70301,FLIN FLON,Antimony,2010-03-06T00:00,0.000,µg/m³,PM2.5,ED-XRF
70301,FLIN FLON,Antimony,2010-03-09T00:00,0.000,µg/m³,PM2.5,ED-XRF
70301,FLIN FLON,Antimony,2010-03-12T00:00,0.000,µg/m³,PM2.5,ED-XRF
70301,FLIN FLON,Antimony,2010-03-15T00:00,0.000,µg/m³,PM2.5,ED-XRF
70301,FLIN FLON,Antimony,2010-03-18T00:00,0.001,µg/m³,PM2.5,ED-XRF
70301,FLIN FLON,Antimony,2010-03-21T00:00,0.000,µg/m³,PM2.5,ED-XRF
70301,FLIN FLON,Antimony,2010-03-24T00:00,0.000,µg/m³,PM2.5,ED-XRF
70301,FLIN FLON,Antimony,2010-03-27T00:00,0.000,µg/m³,PM2.5,ED-XRF
70301,FLIN FLON,Antimony,2010-03-30T00:00,0.000,µg/m³,PM2.5,ED-XRF
70301,FLIN FLON,Antimony,2010-04-02T00:00,0.000,µg/m³,PM2.5,ED-XRF
70301,FLIN FLON,Antimony,2010-04-05T00:00,0.000,µg/m³,PM2.5,ED-XRF
70301,FLIN FLON,Antimony,2010-04-08T00:00,0.000,µg/m³,PM2.5,ED-XRF
70301,FLIN FLON,Antimony,2010-04-29T00:00,0.000,µg/m³,PM2.5,ED-XRF
70301,FLIN FLON,Antimony,2010-05-02T00:00,0.000,µg/m³,PM2.5,ED-XRF
70301,FLIN FLON,Antimony,2010-05-08T00:00,0.000,µg/m³,PM2.5,ED-XRF
70301,FLIN FLON,Antimony,2010-05-11T00:00,0.000,µg/m³,PM2.5,ED-XRF
70301,FLIN FLON,Antimony,2010-05-14T00:00,0.000,µg/m³,PM2.5,ED-XRF
70301,FLIN FLON,Antimony,2010-05-17T00:00,0.000,µg/m³,PM2.5,ED-XRF
70301,FLIN FLON,Antimony,2010-05-20T00:00,0.000,µg/m³,PM2.5,ED-XRF
70301,FLIN FLON,Antimony,2010-05-26T00:00,0.000,µg/m³,PM2.5,ED-XRF
70301,FLIN FLON,Antimony,2010-05-29T00:00,0.000,µg/m³,PM2.5,ED-XRF
70301,FLIN FLON,Antimony,2010-06-01T00:00,0.000,µg/m³,PM2.5,ED-XRF
70301,FLIN FLON,Antimony,2010-06-19T00:00,0.000,µg/m³,PM2.5,ED-XRF
70301,FLIN FLON,Antimony,2010-06-22T00:00,0.000,µg/m³,PM2.5,ED-XRF
70301,FLIN FLON,Antimony,2010-07-10T00:00,0.000,µg/m³,PM2.5,ED-XRF
70301,FLIN FLON,Antimony,2010-07-13T00:00,0.000,µg/m³,PM2.5,ED-XRF
70301,FLIN FLON,Antimony,2010-08-03T00:00,0.000,µg/m³,PM2.5,ED-XRF
70301,FLIN FLON,Antimony,2010-08-15T00:00,0.000,µg/m³,PM2.5,ED-XRF
70301,FLIN FLON,Antimony,2010-08-24T00:00,0.000,µg/m³,PM2.5,ED-XRF
70301,FLIN FLON,Antimony,2010-09-11T00:00,0.000,µg/m³,PM2.5,ED-XRF
70301,FLIN FLON,Antimony,2010-09-14T00:00,0.000,µg/m³,PM2.5,ED-XRF
70301,FLIN FLON,Antimony,2010-09-17T00:00,0.000,µg/m³,PM2.5,ED-XRF
70301,FLIN FLON,Antimony,2010-09-20T00:00,0.000,µg/m³,PM2.5,ED-XRF
70301,FLIN FLON,Antimony,2010-09-23T00:00,0.001,µg/m³,PM2.5,ED-XRF
70301,FLIN FLON,Antimony,2010-09-26T00:00,0.000,µg/m³,PM2.5,ED-XRF
70301,FLIN FLON,Antimony,2010-09-29T00:00,0.000,µg/m³,PM2.5,ED-XRF
70301,FLIN FLON,Antimony,2010-10-02T00:00,0.000,µg/m³,PM2.5,ED-XRF
70301,FLIN FLON,Antimony,2010-10-05T00:00,0.000,µg/m³,PM2.5,ED-XRF
70301,FLIN FLON,Antimony,2010-10-08T00:00,0.000,µg/m³,PM2.5,ED-XRF
70301,FLIN FLON,Antimony,2010-10-11T00:00,0.000,µg/m³,PM2.5,ED-XRF
70301,FLIN FLON,Antimony,2010-10-17T00:00,0.000,µg/m³,PM2.5,ED-XRF
70301,FLIN FLON,Antimony,2010-10-20T00:00,0.000,µg/m³,PM2.5,ED-XRF
70301,FLIN FLON,Antimony,2010-10-23T00:00,0.000,µg/m³,PM2.5,ED-XRF
70301,FLIN FLON,Antimony,2010-10-26T00:00,0.000,µg/m³,PM2.5,ED-XRF
70301,FLIN FLON,Antimony,2010-10-29T00:00,0.000,µg/m³,PM2.5,ED-XRF
70301,FLIN FLON,Antimony,2010-11-01T00:00,0.000,µg/m³,PM2.5,ED-XRF
70301,FLIN FLON,Antimony,2010-11-04T00:00,0.000,µg/m³,PM2.5,ED-XRF
70301,FLIN FLON,Antimony,2010-11-07T00:00,0.000,µg/m³,PM2.5,ED-XRF
70301,FLIN FLON,Antimony,2010-11-10T00:00,0.000,µg/m³,PM2.5,ED-XRF
70301,FLIN FLON,Antimony,2010-11-13T00:00,0.000,µg/m³,PM2.5,ED-XRF
70301,FLIN FLON,Antimony,2010-11-16T00:00,0.000,µg/m³,PM2.5,ED-XRF
70301,FLIN FLON,Antimony,2010-12-13T00:00,0.000,µg/m³,PM2.5,ED-XRF
70301,FLIN FLON,Antimony,2010-02-28T00:00,0.000,µg/m³,PM2.5,ICPMS
70301,FLIN FLON,Antimony,2010-03-06T00:00,0.000,µg/m³,PM2.5,ICPMS
70301,FLIN FLON,Antimony,2010-03-12T00:00,0.000,µg/m³,PM2.5,ICPMS
70301,FLIN FLON,Antimony,2010-03-18T00:00,0.000,µg/m³,PM2.5,ICPMS
70301,FLIN FLON,Antimony,2010-03-24T00:00,0.004,µg/m³,PM2.5,ICPMS
70301,FLIN FLON,Antimony,2010-03-30T00:00,0.000,µg/m³,PM2.5,ICPMS
70301,FLIN FLON,Antimony,2010-04-05T00:00,0.001,µg/m³,PM2.5,ICPMS
70301,FLIN FLON,Antimony,2010-04-29T00:00,0.000,µg/m³,PM2.5,ICPMS
70301,FLIN FLON,Antimony,2010-05-11T00:00,0.000,µg/m³,PM2.5,ICPMS
70301,FLIN FLON,Antimony,2010-05-17T00:00,0.000,µg/m³,PM2.5,ICPMS
70301,FLIN FLON,Antimony,2010-05-29T00:00,0.003,µg/m³,PM2.5,ICPMS
70301,FLIN FLON,Antimony,2010-06-22T00:00,0.000,µg/m³,PM2.5,ICPMS
70301,FLIN FLON,Antimony,2010-07-10T00:00,0.000,µg/m³,PM2.5,ICPMS
70301,FLIN FLON,Antimony,2010-08-03T00:00,0.000,µg/m³,PM2.5,ICPMS
70301,FLIN FLON,Antimony,2010-08-15T00:00,0.000,µg/m³,PM2.5,ICPMS
70301,FLIN FLON,Antimony,2010-09-14T00:00,0.000,µg/m³,PM2.5,ICPMS
70301,FLIN FLON,Antimony,2010-09-20T00:00,0.000,µg/m³,PM2.5,ICPMS
70301,FLIN FLON,Antimony,2010-09-26T00:00,0.000,µg/m³,PM2.5,ICPMS
70301,FLIN FLON,Antimony,2010-10-02T00:00,0.000,µg/m³,PM2.5,ICPMS
70301,FLIN FLON,Antimony,2010-10-08T00:00,0.000,µg/m³,PM2.5,ICPMS
70301,FLIN FLON,Antimony,2010-10-20T00:00,0.000,µg/m³,PM2.5,ICPMS
70301,FLIN FLON,Antimony,2010-10-26T00:00,0.000,µg/m³,PM2.5,ICPMS
70301,FLIN FLON,Antimony,2010-11-01T00:00,0.000,µg/m³,PM2.5,ICPMS
70301,FLIN FLON,Antimony,2010-11-07T00:00,0.000,µg/m³,PM2.5,ICPMS
70301,FLIN FLON,Antimony,2010-11-13T00:00,0.000,µg/m³,PM2.5,ICPMS
70301,FLIN FLON,Antimony,2010-12-13T00:00,0.000,µg/m³,PM2.5,ICPMS
70301,FLIN FLON,Antimony,2010-02-25T00:00,0.002,µg/m³,PM2.5-10,ED-XRF
70301,FLIN FLON,Antimony,2010-02-28T00:00,0.000,µg/m³,PM2.5-10,ED-XRF
70301,FLIN FLON,Antimony,2010-03-03T00:00,0.000,µg/m³,PM2.5-10,ED-XRF
70301,FLIN FLON,Antimony,2010-03-06T00:00,0.001,µg/m³,PM2.5-10,ED-XRF
70301,FLIN FLON,Antimony,2010-03-09T00:00,0.000,µg/m³,PM2.5-10,ED-XRF
70301,FLIN FLON,Antimony,2010-03-12T00:00,0.002,µg/m³,PM2.5-10,ED-XRF
70301,FLIN FLON,Antimony,2010-03-15T00:00,0.000,µg/m³,PM2.5-10,ED-XRF
70301,FLIN FLON,Antimony,2010-03-18T00:00,0.000,µg/m³,PM2.5-10,ED-XRF
70301,FLIN FLON,Antimony,2010-03-21T00:00,0.000,µg/m³,PM2.5-10,ED-XRF
70301,FLIN FLON,Antimony,2010-03-24T00:00,0.001,µg/m³,PM2.5-10,ED-XRF
70301,FLIN FLON,Antimony,2010-03-27T00:00,0.000,µg/m³,PM2.5-10,ED-XRF
70301,FLIN FLON,Antimony,2010-03-30T00:00,0.000,µg/m³,PM2.5-10,ED-XRF
70301,FLIN FLON,Antimony,2010-04-02T00:00,0.000,µg/m³,PM2.5-10,ED-XRF
70301,FLIN FLON,Antimony,2010-04-05T00:00,0.003,µg/m³,PM2.5-10,ED-XRF
70301,FLIN FLON,Antimony,2010-04-08T00:00,0.001,µg/m³,PM2.5-10,ED-XRF
70301,FLIN FLON,Antimony,2010-04-29T00:00,0.000,µg/m³,PM2.5-10,ED-XRF
70301,FLIN FLON,Antimony,2010-05-02T00:00,0.000,µg/m³,PM2.5-10,ED-XRF
70301,FLIN FLON,Antimony,2010-05-08T00:00,0.000,µg/m³,PM2.5-10,ED-XRF
70301,FLIN FLON,Antimony,2010-05-11T00:00,0.000,µg/m³,PM2.5-10,ED-XRF
70301,FLIN FLON,Antimony,2010-05-14T00:00,0.000,µg/m³,PM2.5-10,ED-XRF
70301,FLIN FLON,Antimony,2010-05-17T00:00,0.000,µg/m³,PM2.5-10,ED-XRF
70301,FLIN FLON,Antimony,2010-05-20T00:00,0.000,µg/m³,PM2.5-10,ED-XRF
70301,FLIN FLON,Antimony,2010-05-26T00:00,0.000,µg/m³,PM2.5-10,ED-XRF
70301,FLIN FLON,Antimony,2010-05-29T00:00,0.000,µg/m³,PM2.5-10,ED-XRF
70301,FLIN FLON,Antimony,2010-06-01T00:00,0.000,µg/m³,PM2.5-10,ED-XRF
70301,FLIN FLON,Antimony,2010-06-19T00:00,0.000,µg/m³,PM2.5-10,ED-XRF
70301,FLIN FLON,Antimony,2010-06-22T00:00,0.000,µg/m³,PM2.5-10,ED-XRF
70301,FLIN FLON,Antimony,2010-07-10T00:00,0.000,µg/m³,PM2.5-10,ED-XRF
70301,FLIN FLON,Antimony,2010-07-13T00:00,0.000,µg/m³,PM2.5-10,ED-XRF
70301,FLIN FLON,Antimony,2010-08-03T00:00,0.000,µg/m³,PM2.5-10,ED-XRF
70301,FLIN FLON,Antimony,2010-08-15T00:00,0.000,µg/m³,PM2.5-10,ED-XRF
70301,FLIN FLON,Antimony,2010-08-24T00:00,0.000,µg/m³,PM2.5-10,ED-XRF
70301,FLIN FLON,Antimony,2010-09-11T00:00,0.000,µg/m³,PM2.5-10,ED-XRF
70301,FLIN FLON,Antimony,2010-09-14T00:00,0.000,µg/m³,PM2.5-10,ED-XRF
70301,FLIN FLON,Antimony,2010-09-17T00:00,0.000,µg/m³,PM2.5-10,ED-XRF
70301,FLIN FLON,Antimony,2010-09-20T00:00,0.000,µg/m³,PM2.5-10,ED-XRF
70301,FLIN FLON,Antimony,2010-09-23T00:00,0.000,µg/m³,PM2.5-10,ED-XRF
70301,FLIN FLON,Antimony,2010-09-26T00:00,0.000,µg/m³,PM2.5-10,ED-XRF
70301,FLIN FLON,Antimony,2010-09-29T00:00,0.000,µg/m³,PM2.5-10,ED-XRF
70301,FLIN FLON,Antimony,2010-10-02T00:00,0.000,µg/m³,PM2.5-10,ED-XRF
70301,FLIN FLON,Antimony,2010-10-05T00:00,0.000,µg/m³,PM2.5-10,ED-XRF
70301,FLIN FLON,Antimony,2010-10-08T00:00,0.000,µg/m³,PM2.5-10,ED-XRF
70301,FLIN FLON,Antimony,2010-10-11T00:00,0.000,µg/m³,PM2.5-10,ED-XRF
70301,FLIN FLON,Antimony,2010-10-17T00:00,0.000,µg/m³,PM2.5-10,ED-XRF
70301,FLIN FLON,Antimony,2010-10-20T00:00,0.000,µg/m³,PM2.5-10,ED-XRF
70301,FLIN FLON,Antimony,2010-10-23T00:00,0.000,µg/m³,PM2.5-10,ED-XRF
70301,FLIN FLON,Antimony,2010-10-26T00:00,0.000,µg/m³,PM2.5-10,ED-XRF
70301,FLIN FLON,Antimony,2010-10-29T00:00,0.000,µg/m³,PM2.5-10,ED-XRF
70301,FLIN FLON,Antimony,2010-11-01T00:00,0.000,µg/m³,PM2.5-10,ED-XRF
70301,FLIN FLON,Antimony,2010-11-04T00:00,0.000,µg/m³,PM2.5-10,ED-XRF
70301,FLIN FLON,Antimony,2010-11-07T00:00,0.000,µg/m³,PM2.5-10,ED-XRF
70301,FLIN FLON,Antimony,2010-11-10T00:00,0.000,µg/m³,PM2.5-10,ED-XRF
70301,FLIN FLON,Antimony,2010-11-13T00:00,0.000,µg/m³,PM2.5-10,ED-XRF
70301,FLIN FLON,Antimony,2010-11-16T00:00,0.000,µg/m³,PM2.5-10,ED-XRF
70301,FLIN FLON,Antimony,2010-02-28T00:00,0.000,µg/m³,PM2.5-10,ICPMS
70301,FLIN FLON,Antimony,2010-03-06T00:00,0.000,µg/m³,PM2.5-10,ICPMS
70301,FLIN FLON,Antimony,2010-03-12T00:00,0.000,µg/m³,PM2.5-10,ICPMS
70301,FLIN FLON,Antimony,2010-03-18T00:00,0.000,µg/m³,PM2.5-10,ICPMS
70301,FLIN FLON,Antimony,2010-03-24T00:00,0.001,µg/m³,PM2.5-10,ICPMS
70301,FLIN FLON,Antimony,2010-03-30T00:00,0.000,µg/m³,PM2.5-10,ICPMS
70301,FLIN FLON,Antimony,2010-04-05T00:00,0.001,µg/m³,PM2.5-10,ICPMS
70301,FLIN FLON,Antimony,2010-04-29T00:00,0.000,µg/m³,PM2.5-10,ICPMS
70301,FLIN FLON,Antimony,2010-05-11T00:00,0.000,µg/m³,PM2.5-10,ICPMS
70301,FLIN FLON,Antimony,2010-05-17T00:00,0.000,µg/m³,PM2.5-10,ICPMS
70301,FLIN FLON,Antimony,2010-05-29T00:00,0.001,µg/m³,PM2.5-10,ICPMS
70301,FLIN FLON,Antimony,2010-06-22T00:00,0.000,µg/m³,PM2.5-10,ICPMS
70301,FLIN FLON,Antimony,2010-07-10T00:00,0.001,µg/m³,PM2.5-10,ICPMS
70301,FLIN FLON,Antimony,2010-08-03T00:00,0.000,µg/m³,PM2.5-10,ICPMS
70301,FLIN FLON,Antimony,2010-08-15T00:00,0.000,µg/m³,PM2.5-10,ICPMS
70301,FLIN FLON,Antimony,2010-09-14T00:00,0.000,µg/m³,PM2.5-10,ICPMS
70301,FLIN FLON,Antimony,2010-09-20T00:00,0.000,µg/m³,PM2.5-10,ICPMS
70301,FLIN FLON,Antimony,2010-09-26T00:00,0.000,µg/m³,PM2.5-10,ICPMS
70301,FLIN FLON,Antimony,2010-10-02T00:00,0.000,µg/m³,PM2.5-10,ICPMS
70301,FLIN FLON,Antimony,2010-10-08T00:00,0.000,µg/m³,PM2.5-10,ICPMS
70301,FLIN FLON,Antimony,2010-10-20T00:00,0.000,µg/m³,PM2.5-10,ICPMS
70301,FLIN FLON,Antimony,2010-10-26T00:00,0.000,µg/m³,PM2.5-10,ICPMS
70301,FLIN FLON,Antimony,2010-11-01T00:00,0.000,µg/m³,PM2.5-10,ICPMS
70301,FLIN FLON,Antimony,2010-11-07T00:00,0.000,µg/m³,PM2.5-10,ICPMS
70301,FLIN FLON,Antimony,2010-11-13T00:00,0.000,µg/m³,PM2.5-10,ICPMS
