﻿NAPS_Site_ID,Station_Name,Pollutant,Date,Value,Units,Report_Type,Method
100119,BURNABY SOUTH,Nitrate,2011-01-03T00:00,0.351,µg/m³,PM2.5,IC
100119,BURNABY SOUTH,Nitrate,2011-01-03T00:00,2.248,µg/m³,PM2.5,IC
100119,BURNABY SOUTH,Nitrate,2011-01-06T00:00,0.204,µg/m³,PM2.5,IC
100119,BURNABY SOUTH,Nitrate,2011-01-06T00:00,0.688,µg/m³,PM2.5,IC
100119,BURNABY SOUTH,Nitrate,2011-01-09T00:00,0.198,µg/m³,PM2.5,IC
100119,BURNABY SOUTH,Nitrate,2011-01-09T00:00,0.299,µg/m³,PM2.5,IC
100119,BURNABY SOUTH,Nitrate,2011-01-12T00:00,0.179,µg/m³,PM2.5,IC
100119,BURNABY SOUTH,Nitrate,2011-01-12T00:00,0.247,µg/m³,PM2.5,IC
100119,BURNABY SOUTH,Nitrate,2011-01-27T00:00,0.318,µg/m³,PM2.5,IC
100119,BURNABY SOUTH,Nitrate,2011-01-27T00:00,1.093,µg/m³,PM2.5,IC
100119,BURNABY SOUTH,Nitrate,2011-01-30T00:00,0.171,µg/m³,PM2.5,IC
100119,BURNABY SOUTH,Nitrate,2011-01-30T00:00,0.225,µg/m³,PM2.5,IC
100119,BURNABY SOUTH,Nitrate,2011-02-02T00:00,0.674,µg/m³,PM2.5,IC
100119,BURNABY SOUTH,Nitrate,2011-02-02T00:00,1.055,µg/m³,PM2.5,IC
100119,BURNABY SOUTH,Nitrate,2011-02-05T00:00,0.158,µg/m³,PM2.5,IC
100119,BURNABY SOUTH,Nitrate,2011-02-05T00:00,0.444,µg/m³,PM2.5,IC
100119,BURNABY SOUTH,Nitrate,2011-02-08T00:00,0.139,µg/m³,PM2.5,IC
100119,BURNABY SOUTH,Nitrate,2011-02-08T00:00,0.216,µg/m³,PM2.5,IC
100119,BURNABY SOUTH,Nitrate,2011-02-11T00:00,0.117,µg/m³,PM2.5,IC
100119,BURNABY SOUTH,Nitrate,2011-02-11T00:00,0.400,µg/m³,PM2.5,IC
100119,BURNABY SOUTH,Nitrate,2011-02-14T00:00,0.058,µg/m³,PM2.5,IC
100119,BURNABY SOUTH,Nitrate,2011-02-14T00:00,0.085,µg/m³,PM2.5,IC
100119,BURNABY SOUTH,Nitrate,2011-02-17T00:00,0.204,µg/m³,PM2.5,IC
100119,BURNABY SOUTH,Nitrate,2011-02-17T00:00,0.325,µg/m³,PM2.5,IC
100119,BURNABY SOUTH,Nitrate,2011-02-20T00:00,0.132,µg/m³,PM2.5,IC
100119,BURNABY SOUTH,Nitrate,2011-02-20T00:00,0.150,µg/m³,PM2.5,IC
100119,BURNABY SOUTH,Nitrate,2011-02-23T00:00,0.076,µg/m³,PM2.5,IC
100119,BURNABY SOUTH,Nitrate,2011-02-23T00:00,0.130,µg/m³,PM2.5,IC
100119,BURNABY SOUTH,Nitrate,2011-02-26T00:00,0.217,µg/m³,PM2.5,IC
100119,BURNABY SOUTH,Nitrate,2011-02-26T00:00,1.452,µg/m³,PM2.5,IC
100119,BURNABY SOUTH,Nitrate,2011-03-01T00:00,0.308,µg/m³,PM2.5,IC
100119,BURNABY SOUTH,Nitrate,2011-03-01T00:00,0.346,µg/m³,PM2.5,IC
100119,BURNABY SOUTH,Nitrate,2011-03-04T00:00,0.230,µg/m³,PM2.5,IC
100119,BURNABY SOUTH,Nitrate,2011-03-04T00:00,0.243,µg/m³,PM2.5,IC
100119,BURNABY SOUTH,Nitrate,2011-03-07T00:00,0.627,µg/m³,PM2.5,IC
100119,BURNABY SOUTH,Nitrate,2011-03-07T00:00,0.714,µg/m³,PM2.5,IC
100119,BURNABY SOUTH,Nitrate,2011-03-19T00:00,0.107,µg/m³,PM2.5,IC
100119,BURNABY SOUTH,Nitrate,2011-03-19T00:00,0.517,µg/m³,PM2.5,IC
100119,BURNABY SOUTH,Nitrate,2011-03-22T00:00,0.219,µg/m³,PM2.5,IC
100119,BURNABY SOUTH,Nitrate,2011-03-22T00:00,0.277,µg/m³,PM2.5,IC
100119,BURNABY SOUTH,Nitrate,2011-03-25T00:00,0.120,µg/m³,PM2.5,IC
100119,BURNABY SOUTH,Nitrate,2011-03-25T00:00,0.298,µg/m³,PM2.5,IC
100119,BURNABY SOUTH,Nitrate,2011-03-28T00:00,0.202,µg/m³,PM2.5,IC
100119,BURNABY SOUTH,Nitrate,2011-03-28T00:00,0.390,µg/m³,PM2.5,IC
100119,BURNABY SOUTH,Nitrate,2011-03-31T00:00,0.058,µg/m³,PM2.5,IC
100119,BURNABY SOUTH,Nitrate,2011-03-31T00:00,0.121,µg/m³,PM2.5,IC
100119,BURNABY SOUTH,Nitrate,2011-04-03T00:00,0.219,µg/m³,PM2.5,IC
100119,BURNABY SOUTH,Nitrate,2011-04-03T00:00,0.364,µg/m³,PM2.5,IC
100119,BURNABY SOUTH,Nitrate,2011-04-06T00:00,0.074,µg/m³,PM2.5,IC
100119,BURNABY SOUTH,Nitrate,2011-04-06T00:00,0.306,µg/m³,PM2.5,IC
100119,BURNABY SOUTH,Nitrate,2011-04-09T00:00,0.316,µg/m³,PM2.5,IC
100119,BURNABY SOUTH,Nitrate,2011-04-09T00:00,0.358,µg/m³,PM2.5,IC
100119,BURNABY SOUTH,Nitrate,2011-04-12T00:00,0.271,µg/m³,PM2.5,IC
100119,BURNABY SOUTH,Nitrate,2011-04-12T00:00,0.414,µg/m³,PM2.5,IC
100119,BURNABY SOUTH,Nitrate,2011-04-15T00:00,0.298,µg/m³,PM2.5,IC
100119,BURNABY SOUTH,Nitrate,2011-04-15T00:00,0.402,µg/m³,PM2.5,IC
100119,BURNABY SOUTH,Nitrate,2011-04-18T00:00,0.127,µg/m³,PM2.5,IC
100119,BURNABY SOUTH,Nitrate,2011-04-18T00:00,0.463,µg/m³,PM2.5,IC
100119,BURNABY SOUTH,Nitrate,2011-04-21T00:00,0.120,µg/m³,PM2.5,IC
100119,BURNABY SOUTH,Nitrate,2011-04-21T00:00,0.955,µg/m³,PM2.5,IC
100119,BURNABY SOUTH,Nitrate,2011-04-24T00:00,0.364,µg/m³,PM2.5,IC
100119,BURNABY SOUTH,Nitrate,2011-04-24T00:00,0.371,µg/m³,PM2.5,IC
100119,BURNABY SOUTH,Nitrate,2011-04-27T00:00,0.131,µg/m³,PM2.5,IC
100119,BURNABY SOUTH,Nitrate,2011-04-27T00:00,0.177,µg/m³,PM2.5,IC
100119,BURNABY SOUTH,Nitrate,2011-04-30T00:00,0.249,µg/m³,PM2.5,IC
100119,BURNABY SOUTH,Nitrate,2011-04-30T00:00,0.324,µg/m³,PM2.5,IC
100119,BURNABY SOUTH,Nitrate,2011-05-03T00:00,0.203,µg/m³,PM2.5,IC
100119,BURNABY SOUTH,Nitrate,2011-05-03T00:00,0.220,µg/m³,PM2.5,IC
100119,BURNABY SOUTH,Nitrate,2011-05-06T00:00,0.144,µg/m³,PM2.5,IC
100119,BURNABY SOUTH,Nitrate,2011-05-06T00:00,0.480,µg/m³,PM2.5,IC
100119,BURNABY SOUTH,Nitrate,2011-05-09T00:00,0.136,µg/m³,PM2.5,IC
100119,BURNABY SOUTH,Nitrate,2011-05-09T00:00,0.899,µg/m³,PM2.5,IC
100119,BURNABY SOUTH,Nitrate,2011-05-12T00:00,0.159,µg/m³,PM2.5,IC
100119,BURNABY SOUTH,Nitrate,2011-05-12T00:00,0.261,µg/m³,PM2.5,IC
100119,BURNABY SOUTH,Nitrate,2011-05-15T00:00,0.467,µg/m³,PM2.5,IC
100119,BURNABY SOUTH,Nitrate,2011-05-15T00:00,0.559,µg/m³,PM2.5,IC
100119,BURNABY SOUTH,Nitrate,2011-05-18T00:00,0.162,µg/m³,PM2.5,IC
100119,BURNABY SOUTH,Nitrate,2011-05-18T00:00,0.514,µg/m³,PM2.5,IC
100119,BURNABY SOUTH,Nitrate,2011-05-21T00:00,0.397,µg/m³,PM2.5,IC
100119,BURNABY SOUTH,Nitrate,2011-05-21T00:00,0.491,µg/m³,PM2.5,IC
100119,BURNABY SOUTH,Nitrate,2011-05-24T00:00,0.155,µg/m³,PM2.5,IC
100119,BURNABY SOUTH,Nitrate,2011-05-24T00:00,0.783,µg/m³,PM2.5,IC
100119,BURNABY SOUTH,Nitrate,2011-05-27T00:00,0.167,µg/m³,PM2.5,IC
100119,BURNABY SOUTH,Nitrate,2011-05-27T00:00,0.208,µg/m³,PM2.5,IC
100119,BURNABY SOUTH,Nitrate,2011-05-30T00:00,0.190,µg/m³,PM2.5,IC
100119,BURNABY SOUTH,Nitrate,2011-05-30T00:00,0.416,µg/m³,PM2.5,IC
100119,BURNABY SOUTH,Nitrate,2011-06-02T00:00,0.123,µg/m³,PM2.5,IC
100119,BURNABY SOUTH,Nitrate,2011-06-02T00:00,0.545,µg/m³,PM2.5,IC
100119,BURNABY SOUTH,Nitrate,2011-06-05T00:00,0.096,µg/m³,PM2.5,IC
100119,BURNABY SOUTH,Nitrate,2011-06-05T00:00,0.267,µg/m³,PM2.5,IC
100119,BURNABY SOUTH,Nitrate,2011-06-08T00:00,0.474,µg/m³,PM2.5,IC
100119,BURNABY SOUTH,Nitrate,2011-06-08T00:00,0.719,µg/m³,PM2.5,IC
100119,BURNABY SOUTH,Nitrate,2011-06-11T00:00,0.127,µg/m³,PM2.5,IC
100119,BURNABY SOUTH,Nitrate,2011-06-11T00:00,0.666,µg/m³,PM2.5,IC
100119,BURNABY SOUTH,Nitrate,2011-06-14T00:00,0.074,µg/m³,PM2.5,IC
100119,BURNABY SOUTH,Nitrate,2011-06-14T00:00,0.117,µg/m³,PM2.5,IC
100119,BURNABY SOUTH,Nitrate,2011-06-17T00:00,0.197,µg/m³,PM2.5,IC
100119,BURNABY SOUTH,Nitrate,2011-06-17T00:00,0.270,µg/m³,PM2.5,IC
100119,BURNABY SOUTH,Nitrate,2011-06-20T00:00,0.081,µg/m³,PM2.5,IC
100119,BURNABY SOUTH,Nitrate,2011-06-20T00:00,0.325,µg/m³,PM2.5,IC
100119,BURNABY SOUTH,Nitrate,2011-06-23T00:00,0.072,µg/m³,PM2.5,IC
100119,BURNABY SOUTH,Nitrate,2011-06-23T00:00,0.108,µg/m³,PM2.5,IC
100119,BURNABY SOUTH,Nitrate,2011-06-26T00:00,0.073,µg/m³,PM2.5,IC
100119,BURNABY SOUTH,Nitrate,2011-06-26T00:00,0.291,µg/m³,PM2.5,IC
100119,BURNABY SOUTH,Nitrate,2011-06-29T00:00,0.091,µg/m³,PM2.5,IC
100119,BURNABY SOUTH,Nitrate,2011-06-29T00:00,0.131,µg/m³,PM2.5,IC
100119,BURNABY SOUTH,Nitrate,2011-07-02T00:00,0.097,µg/m³,PM2.5,IC
100119,BURNABY SOUTH,Nitrate,2011-07-02T00:00,0.153,µg/m³,PM2.5,IC
100119,BURNABY SOUTH,Nitrate,2011-07-05T00:00,0.249,µg/m³,PM2.5,IC
100119,BURNABY SOUTH,Nitrate,2011-07-05T00:00,0.469,µg/m³,PM2.5,IC
100119,BURNABY SOUTH,Nitrate,2011-07-08T00:00,0.050,µg/m³,PM2.5,IC
100119,BURNABY SOUTH,Nitrate,2011-07-08T00:00,0.136,µg/m³,PM2.5,IC
100119,BURNABY SOUTH,Nitrate,2011-07-11T00:00,0.159,µg/m³,PM2.5,IC
100119,BURNABY SOUTH,Nitrate,2011-07-11T00:00,0.435,µg/m³,PM2.5,IC
100119,BURNABY SOUTH,Nitrate,2011-07-14T00:00,0.079,µg/m³,PM2.5,IC
100119,BURNABY SOUTH,Nitrate,2011-07-14T00:00,0.425,µg/m³,PM2.5,IC
100119,BURNABY SOUTH,Nitrate,2011-07-17T00:00,0.143,µg/m³,PM2.5,IC
100119,BURNABY SOUTH,Nitrate,2011-07-17T00:00,0.239,µg/m³,PM2.5,IC
100119,BURNABY SOUTH,Nitrate,2011-07-20T00:00,0.086,µg/m³,PM2.5,IC
100119,BURNABY SOUTH,Nitrate,2011-07-20T00:00,0.195,µg/m³,PM2.5,IC
100119,BURNABY SOUTH,Nitrate,2011-07-23T00:00,0.093,µg/m³,PM2.5,IC
100119,BURNABY SOUTH,Nitrate,2011-07-23T00:00,0.240,µg/m³,PM2.5,IC
100119,BURNABY SOUTH,Nitrate,2011-07-26T00:00,0.110,µg/m³,PM2.5,IC
100119,BURNABY SOUTH,Nitrate,2011-07-26T00:00,0.161,µg/m³,PM2.5,IC
100119,BURNABY SOUTH,Nitrate,2011-07-29T00:00,0.102,µg/m³,PM2.5,IC
100119,BURNABY SOUTH,Nitrate,2011-07-29T00:00,0.385,µg/m³,PM2.5,IC
100119,BURNABY SOUTH,Nitrate,2011-08-01T00:00,0.070,µg/m³,PM2.5,IC
100119,BURNABY SOUTH,Nitrate,2011-08-01T00:00,0.126,µg/m³,PM2.5,IC
100119,BURNABY SOUTH,Nitrate,2011-08-04T00:00,0.095,µg/m³,PM2.5,IC
100119,BURNABY SOUTH,Nitrate,2011-08-04T00:00,0.866,µg/m³,PM2.5,IC
100119,BURNABY SOUTH,Nitrate,2011-08-07T00:00,0.142,µg/m³,PM2.5,IC
100119,BURNABY SOUTH,Nitrate,2011-08-07T00:00,0.326,µg/m³,PM2.5,IC
100119,BURNABY SOUTH,Nitrate,2011-08-10T00:00,0.071,µg/m³,PM2.5,IC
100119,BURNABY SOUTH,Nitrate,2011-08-10T00:00,0.386,µg/m³,PM2.5,IC
100119,BURNABY SOUTH,Nitrate,2011-08-13T00:00,0.056,µg/m³,PM2.5,IC
100119,BURNABY SOUTH,Nitrate,2011-08-13T00:00,0.291,µg/m³,PM2.5,IC
100119,BURNABY SOUTH,Nitrate,2011-08-19T00:00,0.104,µg/m³,PM2.5,IC
100119,BURNABY SOUTH,Nitrate,2011-08-19T00:00,0.744,µg/m³,PM2.5,IC
100119,BURNABY SOUTH,Nitrate,2011-08-22T00:00,0.065,µg/m³,PM2.5,IC
100119,BURNABY SOUTH,Nitrate,2011-08-22T00:00,0.121,µg/m³,PM2.5,IC
100119,BURNABY SOUTH,Nitrate,2011-08-25T00:00,0.081,µg/m³,PM2.5,IC
100119,BURNABY SOUTH,Nitrate,2011-08-25T00:00,0.850,µg/m³,PM2.5,IC
100119,BURNABY SOUTH,Nitrate,2011-08-28T00:00,0.073,µg/m³,PM2.5,IC
100119,BURNABY SOUTH,Nitrate,2011-08-28T00:00,1.036,µg/m³,PM2.5,IC
100119,BURNABY SOUTH,Nitrate,2011-09-03T00:00,0.080,µg/m³,PM2.5,IC
100119,BURNABY SOUTH,Nitrate,2011-09-03T00:00,0.451,µg/m³,PM2.5,IC
100119,BURNABY SOUTH,Nitrate,2011-09-06T00:00,0.099,µg/m³,PM2.5,IC
100119,BURNABY SOUTH,Nitrate,2011-09-06T00:00,0.268,µg/m³,PM2.5,IC
100119,BURNABY SOUTH,Nitrate,2011-09-12T00:00,0.096,µg/m³,PM2.5,IC
100119,BURNABY SOUTH,Nitrate,2011-09-12T00:00,0.379,µg/m³,PM2.5,IC
100119,BURNABY SOUTH,Nitrate,2011-09-15T00:00,0.163,µg/m³,PM2.5,IC
100119,BURNABY SOUTH,Nitrate,2011-09-15T00:00,0.246,µg/m³,PM2.5,IC
100119,BURNABY SOUTH,Nitrate,2011-09-18T00:00,0.132,µg/m³,PM2.5,IC
100119,BURNABY SOUTH,Nitrate,2011-09-18T00:00,0.190,µg/m³,PM2.5,IC
100119,BURNABY SOUTH,Nitrate,2011-09-21T00:00,0.102,µg/m³,PM2.5,IC
100119,BURNABY SOUTH,Nitrate,2011-09-21T00:00,0.117,µg/m³,PM2.5,IC
100119,BURNABY SOUTH,Nitrate,2011-09-24T00:00,0.099,µg/m³,PM2.5,IC
100119,BURNABY SOUTH,Nitrate,2011-09-24T00:00,0.334,µg/m³,PM2.5,IC
100119,BURNABY SOUTH,Nitrate,2011-09-27T00:00,0.069,µg/m³,PM2.5,IC
100119,BURNABY SOUTH,Nitrate,2011-09-27T00:00,0.255,µg/m³,PM2.5,IC
100119,BURNABY SOUTH,Nitrate,2011-09-30T00:00,0.329,µg/m³,PM2.5,IC
100119,BURNABY SOUTH,Nitrate,2011-09-30T00:00,0.431,µg/m³,PM2.5,IC
100119,BURNABY SOUTH,Nitrate,2011-10-03T00:00,0.152,µg/m³,PM2.5,IC
100119,BURNABY SOUTH,Nitrate,2011-10-03T00:00,0.154,µg/m³,PM2.5,IC
100119,BURNABY SOUTH,Nitrate,2011-10-06T00:00,0.750,µg/m³,PM2.5,IC
100119,BURNABY SOUTH,Nitrate,2011-10-06T00:00,1.077,µg/m³,PM2.5,IC
100119,BURNABY SOUTH,Nitrate,2011-10-09T00:00,0.292,µg/m³,PM2.5,IC
100119,BURNABY SOUTH,Nitrate,2011-10-09T00:00,0.570,µg/m³,PM2.5,IC
100119,BURNABY SOUTH,Nitrate,2011-10-12T00:00,0.111,µg/m³,PM2.5,IC
100119,BURNABY SOUTH,Nitrate,2011-10-12T00:00,0.233,µg/m³,PM2.5,IC
100119,BURNABY SOUTH,Nitrate,2011-10-15T00:00,0.222,µg/m³,PM2.5,IC
100119,BURNABY SOUTH,Nitrate,2011-10-15T00:00,0.613,µg/m³,PM2.5,IC
100119,BURNABY SOUTH,Nitrate,2011-10-18T00:00,0.189,µg/m³,PM2.5,IC
100119,BURNABY SOUTH,Nitrate,2011-10-18T00:00,0.940,µg/m³,PM2.5,IC
100119,BURNABY SOUTH,Nitrate,2011-10-21T00:00,0.163,µg/m³,PM2.5,IC
100119,BURNABY SOUTH,Nitrate,2011-10-21T00:00,0.175,µg/m³,PM2.5,IC
100119,BURNABY SOUTH,Nitrate,2011-10-24T00:00,0.183,µg/m³,PM2.5,IC
100119,BURNABY SOUTH,Nitrate,2011-10-24T00:00,0.202,µg/m³,PM2.5,IC
100119,BURNABY SOUTH,Nitrate,2011-10-27T00:00,0.367,µg/m³,PM2.5,IC
100119,BURNABY SOUTH,Nitrate,2011-10-27T00:00,0.497,µg/m³,PM2.5,IC
100119,BURNABY SOUTH,Nitrate,2011-11-05T00:00,0.327,µg/m³,PM2.5,IC
100119,BURNABY SOUTH,Nitrate,2011-11-05T00:00,0.886,µg/m³,PM2.5,IC
100119,BURNABY SOUTH,Nitrate,2011-11-08T00:00,0.344,µg/m³,PM2.5,IC
100119,BURNABY SOUTH,Nitrate,2011-11-08T00:00,0.390,µg/m³,PM2.5,IC
100119,BURNABY SOUTH,Nitrate,2011-11-11T00:00,0.232,µg/m³,PM2.5,IC
100119,BURNABY SOUTH,Nitrate,2011-11-11T00:00,0.311,µg/m³,PM2.5,IC
100119,BURNABY SOUTH,Nitrate,2011-11-14T00:00,0.041,µg/m³,PM2.5,IC
100119,BURNABY SOUTH,Nitrate,2011-11-14T00:00,0.141,µg/m³,PM2.5,IC
100119,BURNABY SOUTH,Nitrate,2011-11-17T00:00,0.030,µg/m³,PM2.5,IC
100119,BURNABY SOUTH,Nitrate,2011-11-17T00:00,0.169,µg/m³,PM2.5,IC
100119,BURNABY SOUTH,Nitrate,2011-11-20T00:00,0.191,µg/m³,PM2.5,IC
100119,BURNABY SOUTH,Nitrate,2011-11-20T00:00,0.479,µg/m³,PM2.5,IC
100119,BURNABY SOUTH,Nitrate,2011-11-23T00:00,0.219,µg/m³,PM2.5,IC
100119,BURNABY SOUTH,Nitrate,2011-11-23T00:00,0.229,µg/m³,PM2.5,IC
100119,BURNABY SOUTH,Nitrate,2011-11-26T00:00,0.068,µg/m³,PM2.5,IC
100119,BURNABY SOUTH,Nitrate,2011-11-26T00:00,0.094,µg/m³,PM2.5,IC
100119,BURNABY SOUTH,Nitrate,2011-11-29T00:00,0.147,µg/m³,PM2.5,IC
100119,BURNABY SOUTH,Nitrate,2011-11-29T00:00,0.188,µg/m³,PM2.5,IC
100119,BURNABY SOUTH,Nitrate,2011-12-02T00:00,0.447,µg/m³,PM2.5,IC
100119,BURNABY SOUTH,Nitrate,2011-12-02T00:00,1.343,µg/m³,PM2.5,IC
100119,BURNABY SOUTH,Nitrate,2011-12-05T00:00,0.345,µg/m³,PM2.5,IC
100119,BURNABY SOUTH,Nitrate,2011-12-05T00:00,1.258,µg/m³,PM2.5,IC
100119,BURNABY SOUTH,Nitrate,2011-12-08T00:00,0.375,µg/m³,PM2.5,IC
100119,BURNABY SOUTH,Nitrate,2011-12-08T00:00,1.498,µg/m³,PM2.5,IC
100119,BURNABY SOUTH,Nitrate,2011-12-11T00:00,0.258,µg/m³,PM2.5,IC
100119,BURNABY SOUTH,Nitrate,2011-12-11T00:00,0.780,µg/m³,PM2.5,IC
100119,BURNABY SOUTH,Nitrate,2011-12-14T00:00,0.151,µg/m³,PM2.5,IC
100119,BURNABY SOUTH,Nitrate,2011-12-14T00:00,0.286,µg/m³,PM2.5,IC
100119,BURNABY SOUTH,Nitrate,2011-12-17T00:00,0.148,µg/m³,PM2.5,IC
100119,BURNABY SOUTH,Nitrate,2011-12-17T00:00,0.389,µg/m³,PM2.5,IC
100119,BURNABY SOUTH,Nitrate,2011-12-20T00:00,0.290,µg/m³,PM2.5,IC
100119,BURNABY SOUTH,Nitrate,2011-12-20T00:00,0.673,µg/m³,PM2.5,IC
100119,BURNABY SOUTH,Nitrate,2011-12-23T00:00,0.206,µg/m³,PM2.5,IC
100119,BURNABY SOUTH,Nitrate,2011-12-23T00:00,0.226,µg/m³,PM2.5,IC
100119,BURNABY SOUTH,Nitrate,2011-12-26T00:00,0.058,µg/m³,PM2.5,IC
100119,BURNABY SOUTH,Nitrate,2011-12-26T00:00,0.240,µg/m³,PM2.5,IC
100119,BURNABY SOUTH,Nitrate,2011-12-29T00:00,0.060,µg/m³,PM2.5,IC
100119,BURNABY SOUTH,Nitrate,2011-12-29T00:00,0.139,µg/m³,PM2.5,IC
