﻿NAPS_Site_ID,Station_Name,Pollutant,Date,Value,Units,Report_Type,Method
100110,KENSINGTON PARK,"1,4-Dichlorobutane",1996-01-22T00:00,0.000,µg/m³,VOC,N/A
100110,KENSINGTON PARK,"1,4-Dichlorobutane",1996-02-27T00:00,0.000,µg/m³,VOC,N/A
100110,KENSINGTON PARK,"1,4-Dichlorobutane",1996-04-03T00:00,0.000,µg/m³,VOC,N/A
100110,KENSINGTON PARK,"1,4-Dichlorobutane",1996-05-09T00:00,0.000,µg/m³,VOC,N/A
100110,KENSINGTON PARK,"1,4-Dichlorobutane",1996-06-14T00:00,0.000,µg/m³,VOC,N/A
100110,KENSINGTON PARK,"1,4-Dichlorobutane",1996-07-26T00:00,0.000,µg/m³,VOC,N/A
100110,KENSINGTON PARK,"1,4-Dichlorobutane",1996-09-06T00:00,0.000,µg/m³,VOC,N/A
100110,KENSINGTON PARK,"1,4-Dichlorobutane",1996-10-12T00:00,0.000,µg/m³,VOC,N/A
100110,KENSINGTON PARK,"1,4-Dichlorobutane",1996-11-17T00:00,0.000,µg/m³,VOC,N/A
