﻿NAPS_Site_ID,Station_Name,Pollutant,Date,Value,Units,Report_Type,Method
129401,ALERT,"2,3,4-Trimethylpentane",2013-01-09T00:00,0.003,µg/m³,VOC,N/A
129401,ALERT,"2,3,4-Trimethylpentane",2013-01-17T00:00,0.000,µg/m³,VOC,N/A
129401,ALERT,"2,3,4-Trimethylpentane",2013-01-23T00:00,0.000,µg/m³,VOC,N/A
129401,ALERT,"2,3,4-Trimethylpentane",2013-01-30T00:00,0.000,µg/m³,VOC,N/A
129401,ALERT,"2,3,4-Trimethylpentane",2013-02-07T00:00,0.000,µg/m³,VOC,N/A
129401,ALERT,"2,3,4-Trimethylpentane",2013-02-14T00:00,0.000,µg/m³,VOC,N/A
129401,ALERT,"2,3,4-Trimethylpentane",2013-02-20T00:00,0.000,µg/m³,VOC,N/A
129401,ALERT,"2,3,4-Trimethylpentane",2013-02-28T00:00,0.000,µg/m³,VOC,N/A
129401,ALERT,"2,3,4-Trimethylpentane",2013-03-08T00:00,0.002,µg/m³,VOC,N/A
129401,ALERT,"2,3,4-Trimethylpentane",2013-03-13T00:00,0.001,µg/m³,VOC,N/A
129401,ALERT,"2,3,4-Trimethylpentane",2013-03-20T00:00,0.002,µg/m³,VOC,N/A
129401,ALERT,"2,3,4-Trimethylpentane",2013-03-27T00:00,0.000,µg/m³,VOC,N/A
129401,ALERT,"2,3,4-Trimethylpentane",2013-04-03T00:00,0.000,µg/m³,VOC,N/A
129401,ALERT,"2,3,4-Trimethylpentane",2013-04-10T00:00,0.000,µg/m³,VOC,N/A
129401,ALERT,"2,3,4-Trimethylpentane",2013-04-17T00:00,0.000,µg/m³,VOC,N/A
129401,ALERT,"2,3,4-Trimethylpentane",2013-04-24T00:00,0.000,µg/m³,VOC,N/A
