﻿NAPS_Site_ID,Station_Name,Pollutant,Date,Value,Units,Report_Type,Method
100119,BURNABY SOUTH,Molybdenum,2015-01-06T00:00,0.000,µg/m³,PM2.5,ICPMS
100119,BURNABY SOUTH,Molybdenum,2015-01-06T00:00,0.000,µg/m³,PM2.5,ICPMS
100119,BURNABY SOUTH,Molybdenum,2015-01-12T00:00,0.000,µg/m³,PM2.5,ICPMS
100119,BURNABY SOUTH,Molybdenum,2015-01-12T00:00,0.001,µg/m³,PM2.5,ICPMS
100119,BURNABY SOUTH,Molybdenum,2015-01-18T00:00,0.000,µg/m³,PM2.5,ICPMS
100119,BURNABY SOUTH,Molybdenum,2015-01-18T00:00,0.000,µg/m³,PM2.5,ICPMS
100119,BURNABY SOUTH,Molybdenum,2015-01-24T00:00,0.000,µg/m³,PM2.5,ICPMS
100119,BURNABY SOUTH,Molybdenum,2015-01-24T00:00,0.000,µg/m³,PM2.5,ICPMS
100119,BURNABY SOUTH,Molybdenum,2015-01-30T00:00,0.000,µg/m³,PM2.5,ICPMS
100119,BURNABY SOUTH,Molybdenum,2015-01-30T00:00,0.001,µg/m³,PM2.5,ICPMS
100119,BURNABY SOUTH,Molybdenum,2015-02-05T00:00,0.000,µg/m³,PM2.5,ICPMS
100119,BURNABY SOUTH,Molybdenum,2015-02-05T00:00,0.000,µg/m³,PM2.5,ICPMS
100119,BURNABY SOUTH,Molybdenum,2015-02-11T00:00,0.001,µg/m³,PM2.5,ICPMS
100119,BURNABY SOUTH,Molybdenum,2015-02-17T00:00,0.000,µg/m³,PM2.5,ICPMS
100119,BURNABY SOUTH,Molybdenum,2015-02-17T00:00,0.000,µg/m³,PM2.5,ICPMS
100119,BURNABY SOUTH,Molybdenum,2015-02-23T00:00,0.000,µg/m³,PM2.5,ICPMS
100119,BURNABY SOUTH,Molybdenum,2015-02-23T00:00,0.000,µg/m³,PM2.5,ICPMS
100119,BURNABY SOUTH,Molybdenum,2015-03-01T00:00,0.000,µg/m³,PM2.5,ICPMS
100119,BURNABY SOUTH,Molybdenum,2015-03-01T00:00,0.000,µg/m³,PM2.5,ICPMS
100119,BURNABY SOUTH,Molybdenum,2015-03-07T00:00,0.000,µg/m³,PM2.5,ICPMS
100119,BURNABY SOUTH,Molybdenum,2015-03-07T00:00,0.000,µg/m³,PM2.5,ICPMS
100119,BURNABY SOUTH,Molybdenum,2015-03-13T00:00,0.000,µg/m³,PM2.5,ICPMS
100119,BURNABY SOUTH,Molybdenum,2015-03-13T00:00,0.000,µg/m³,PM2.5,ICPMS
100119,BURNABY SOUTH,Molybdenum,2015-03-19T00:00,0.000,µg/m³,PM2.5,ICPMS
100119,BURNABY SOUTH,Molybdenum,2015-03-25T00:00,0.000,µg/m³,PM2.5,ICPMS
100119,BURNABY SOUTH,Molybdenum,2015-03-25T00:00,0.000,µg/m³,PM2.5,ICPMS
100119,BURNABY SOUTH,Molybdenum,2015-03-31T00:00,0.000,µg/m³,PM2.5,ICPMS
100119,BURNABY SOUTH,Molybdenum,2015-04-06T00:00,0.000,µg/m³,PM2.5,ICPMS
100119,BURNABY SOUTH,Molybdenum,2015-04-06T00:00,0.000,µg/m³,PM2.5,ICPMS
100119,BURNABY SOUTH,Molybdenum,2015-04-12T00:00,0.000,µg/m³,PM2.5,ICPMS
100119,BURNABY SOUTH,Molybdenum,2015-04-12T00:00,0.000,µg/m³,PM2.5,ICPMS
100119,BURNABY SOUTH,Molybdenum,2015-04-18T00:00,0.000,µg/m³,PM2.5,ICPMS
100119,BURNABY SOUTH,Molybdenum,2015-04-18T00:00,0.000,µg/m³,PM2.5,ICPMS
100119,BURNABY SOUTH,Molybdenum,2015-04-24T00:00,0.000,µg/m³,PM2.5,ICPMS
100119,BURNABY SOUTH,Molybdenum,2015-04-24T00:00,0.000,µg/m³,PM2.5,ICPMS
100119,BURNABY SOUTH,Molybdenum,2015-04-30T00:00,0.000,µg/m³,PM2.5,ICPMS
100119,BURNABY SOUTH,Molybdenum,2015-04-30T00:00,0.000,µg/m³,PM2.5,ICPMS
100119,BURNABY SOUTH,Molybdenum,2015-05-06T00:00,0.000,µg/m³,PM2.5,ICPMS
100119,BURNABY SOUTH,Molybdenum,2015-05-06T00:00,0.000,µg/m³,PM2.5,ICPMS
100119,BURNABY SOUTH,Molybdenum,2015-05-12T00:00,0.000,µg/m³,PM2.5,ICPMS
100119,BURNABY SOUTH,Molybdenum,2015-05-12T00:00,0.000,µg/m³,PM2.5,ICPMS
100119,BURNABY SOUTH,Molybdenum,2015-05-18T00:00,0.000,µg/m³,PM2.5,ICPMS
100119,BURNABY SOUTH,Molybdenum,2015-05-18T00:00,0.000,µg/m³,PM2.5,ICPMS
100119,BURNABY SOUTH,Molybdenum,2015-05-24T00:00,0.000,µg/m³,PM2.5,ICPMS
100119,BURNABY SOUTH,Molybdenum,2015-05-24T00:00,0.000,µg/m³,PM2.5,ICPMS
100119,BURNABY SOUTH,Molybdenum,2015-05-30T00:00,0.000,µg/m³,PM2.5,ICPMS
100119,BURNABY SOUTH,Molybdenum,2015-05-30T00:00,0.000,µg/m³,PM2.5,ICPMS
100119,BURNABY SOUTH,Molybdenum,2015-06-05T00:00,0.000,µg/m³,PM2.5,ICPMS
100119,BURNABY SOUTH,Molybdenum,2015-06-05T00:00,0.000,µg/m³,PM2.5,ICPMS
100119,BURNABY SOUTH,Molybdenum,2015-06-11T00:00,0.000,µg/m³,PM2.5,ICPMS
100119,BURNABY SOUTH,Molybdenum,2015-06-11T00:00,0.000,µg/m³,PM2.5,ICPMS
100119,BURNABY SOUTH,Molybdenum,2015-06-17T00:00,0.000,µg/m³,PM2.5,ICPMS
100119,BURNABY SOUTH,Molybdenum,2015-06-17T00:00,0.000,µg/m³,PM2.5,ICPMS
100119,BURNABY SOUTH,Molybdenum,2015-06-23T00:00,0.000,µg/m³,PM2.5,ICPMS
100119,BURNABY SOUTH,Molybdenum,2015-06-23T00:00,0.000,µg/m³,PM2.5,ICPMS
100119,BURNABY SOUTH,Molybdenum,2015-06-29T00:00,0.000,µg/m³,PM2.5,ICPMS
100119,BURNABY SOUTH,Molybdenum,2015-06-29T00:00,0.000,µg/m³,PM2.5,ICPMS
100119,BURNABY SOUTH,Molybdenum,2015-07-05T00:00,0.000,µg/m³,PM2.5,ICPMS
100119,BURNABY SOUTH,Molybdenum,2015-07-05T00:00,0.000,µg/m³,PM2.5,ICPMS
100119,BURNABY SOUTH,Molybdenum,2015-07-11T00:00,0.000,µg/m³,PM2.5,ICPMS
100119,BURNABY SOUTH,Molybdenum,2015-07-11T00:00,0.000,µg/m³,PM2.5,ICPMS
100119,BURNABY SOUTH,Molybdenum,2015-07-17T00:00,0.000,µg/m³,PM2.5,ICPMS
100119,BURNABY SOUTH,Molybdenum,2015-07-23T00:00,0.000,µg/m³,PM2.5,ICPMS
100119,BURNABY SOUTH,Molybdenum,2015-07-23T00:00,0.000,µg/m³,PM2.5,ICPMS
100119,BURNABY SOUTH,Molybdenum,2015-08-04T00:00,0.000,µg/m³,PM2.5,ICPMS
100119,BURNABY SOUTH,Molybdenum,2015-08-10T00:00,0.000,µg/m³,PM2.5,ICPMS
100119,BURNABY SOUTH,Molybdenum,2015-08-10T00:00,0.000,µg/m³,PM2.5,ICPMS
100119,BURNABY SOUTH,Molybdenum,2015-08-16T00:00,0.000,µg/m³,PM2.5,ICPMS
100119,BURNABY SOUTH,Molybdenum,2015-08-16T00:00,0.000,µg/m³,PM2.5,ICPMS
100119,BURNABY SOUTH,Molybdenum,2015-08-22T00:00,0.000,µg/m³,PM2.5,ICPMS
100119,BURNABY SOUTH,Molybdenum,2015-08-28T00:00,0.000,µg/m³,PM2.5,ICPMS
100119,BURNABY SOUTH,Molybdenum,2015-09-03T00:00,0.000,µg/m³,PM2.5,ICPMS
100119,BURNABY SOUTH,Molybdenum,2015-09-09T00:00,0.000,µg/m³,PM2.5,ICPMS
100119,BURNABY SOUTH,Molybdenum,2015-09-15T00:00,0.000,µg/m³,PM2.5,ICPMS
100119,BURNABY SOUTH,Molybdenum,2015-09-15T00:00,0.000,µg/m³,PM2.5,ICPMS
100119,BURNABY SOUTH,Molybdenum,2015-09-21T00:00,0.000,µg/m³,PM2.5,ICPMS
100119,BURNABY SOUTH,Molybdenum,2015-09-21T00:00,0.000,µg/m³,PM2.5,ICPMS
100119,BURNABY SOUTH,Molybdenum,2015-09-27T00:00,0.000,µg/m³,PM2.5,ICPMS
100119,BURNABY SOUTH,Molybdenum,2015-09-27T00:00,0.000,µg/m³,PM2.5,ICPMS
100119,BURNABY SOUTH,Molybdenum,2015-10-03T00:00,0.000,µg/m³,PM2.5,ICPMS
100119,BURNABY SOUTH,Molybdenum,2015-10-03T00:00,0.000,µg/m³,PM2.5,ICPMS
100119,BURNABY SOUTH,Molybdenum,2015-10-09T00:00,0.000,µg/m³,PM2.5,ICPMS
100119,BURNABY SOUTH,Molybdenum,2015-10-09T00:00,0.000,µg/m³,PM2.5,ICPMS
100119,BURNABY SOUTH,Molybdenum,2015-10-15T00:00,0.001,µg/m³,PM2.5,ICPMS
100119,BURNABY SOUTH,Molybdenum,2015-10-27T00:00,0.001,µg/m³,PM2.5,ICPMS
100119,BURNABY SOUTH,Molybdenum,2015-11-02T00:00,0.000,µg/m³,PM2.5,ICPMS
100119,BURNABY SOUTH,Molybdenum,2015-11-02T00:00,0.000,µg/m³,PM2.5,ICPMS
100119,BURNABY SOUTH,Molybdenum,2015-11-08T00:00,0.000,µg/m³,PM2.5,ICPMS
100119,BURNABY SOUTH,Molybdenum,2015-11-08T00:00,0.000,µg/m³,PM2.5,ICPMS
100119,BURNABY SOUTH,Molybdenum,2015-11-14T00:00,0.000,µg/m³,PM2.5,ICPMS
100119,BURNABY SOUTH,Molybdenum,2015-11-14T00:00,0.000,µg/m³,PM2.5,ICPMS
100119,BURNABY SOUTH,Molybdenum,2015-11-20T00:00,0.000,µg/m³,PM2.5,ICPMS
100119,BURNABY SOUTH,Molybdenum,2015-11-20T00:00,0.000,µg/m³,PM2.5,ICPMS
100119,BURNABY SOUTH,Molybdenum,2015-11-26T00:00,0.000,µg/m³,PM2.5,ICPMS
100119,BURNABY SOUTH,Molybdenum,2015-11-26T00:00,0.000,µg/m³,PM2.5,ICPMS
100119,BURNABY SOUTH,Molybdenum,2015-12-02T00:00,0.000,µg/m³,PM2.5,ICPMS
100119,BURNABY SOUTH,Molybdenum,2015-12-02T00:00,0.000,µg/m³,PM2.5,ICPMS
100119,BURNABY SOUTH,Molybdenum,2015-12-08T00:00,0.000,µg/m³,PM2.5,ICPMS
100119,BURNABY SOUTH,Molybdenum,2015-12-08T00:00,0.000,µg/m³,PM2.5,ICPMS
100119,BURNABY SOUTH,Molybdenum,2015-12-14T00:00,0.000,µg/m³,PM2.5,ICPMS
100119,BURNABY SOUTH,Molybdenum,2015-12-20T00:00,0.001,µg/m³,PM2.5,ICPMS
100119,BURNABY SOUTH,Molybdenum,2015-12-26T00:00,0.000,µg/m³,PM2.5,ICPMS
