﻿NAPS_Site_ID,Station_Name,Pollutant,Date,Value,Units,Report_Type,Method
61007,AAMJIWNAANG,p-Tolualdehyde,2022-08-03T00:00,1.688,µg/m³,CARB,HPLC
61007,AAMJIWNAANG,p-Tolualdehyde,2022-08-09T00:00,0.375,µg/m³,CARB,HPLC
61007,AAMJIWNAANG,p-Tolualdehyde,2022-08-21T00:00,0.104,µg/m³,CARB,HPLC
61007,AAMJIWNAANG,p-Tolualdehyde,2022-08-27T00:00,0.017,µg/m³,CARB,HPLC
61007,AAMJIWNAANG,p-Tolualdehyde,2022-09-02T00:00,0.017,µg/m³,CARB,HPLC
61007,AAMJIWNAANG,p-Tolualdehyde,2022-09-20T00:00,0.012,µg/m³,CARB,HPLC
61007,AAMJIWNAANG,p-Tolualdehyde,2022-09-26T00:00,0.010,µg/m³,CARB,HPLC
61007,AAMJIWNAANG,p-Tolualdehyde,2022-10-02T00:00,0.016,µg/m³,CARB,HPLC
61007,AAMJIWNAANG,p-Tolualdehyde,2022-10-08T00:00,0.000,µg/m³,CARB,HPLC
61007,AAMJIWNAANG,p-Tolualdehyde,2022-10-14T00:00,0.020,µg/m³,CARB,HPLC
61007,AAMJIWNAANG,p-Tolualdehyde,2022-10-20T00:00,0.011,µg/m³,CARB,HPLC
61007,AAMJIWNAANG,p-Tolualdehyde,2022-10-26T00:00,0.012,µg/m³,CARB,HPLC
61007,AAMJIWNAANG,p-Tolualdehyde,2022-11-01T00:00,0.016,µg/m³,CARB,HPLC
61007,AAMJIWNAANG,p-Tolualdehyde,2022-11-07T00:00,0.012,µg/m³,CARB,HPLC
61007,AAMJIWNAANG,p-Tolualdehyde,2022-11-13T00:00,0.000,µg/m³,CARB,HPLC
61007,AAMJIWNAANG,p-Tolualdehyde,2022-11-19T00:00,0.000,µg/m³,CARB,HPLC
61007,AAMJIWNAANG,p-Tolualdehyde,2022-11-25T00:00,0.000,µg/m³,CARB,HPLC
61007,AAMJIWNAANG,p-Tolualdehyde,2022-12-01T00:00,0.000,µg/m³,CARB,HPLC
61007,AAMJIWNAANG,p-Tolualdehyde,2022-12-07T00:00,0.000,µg/m³,CARB,HPLC
61007,AAMJIWNAANG,p-Tolualdehyde,2022-12-13T00:00,0.000,µg/m³,CARB,HPLC
61007,AAMJIWNAANG,p-Tolualdehyde,2022-12-19T00:00,0.000,µg/m³,CARB,HPLC
61007,AAMJIWNAANG,p-Tolualdehyde,2022-12-25T00:00,0.011,µg/m³,CARB,HPLC
61007,AAMJIWNAANG,p-Tolualdehyde,2022-12-31T00:00,0.027,µg/m³,CARB,HPLC
