﻿NAPS_Site_ID,Station_Name,Pollutant,Date,Value,Units,Report_Type,Method
100111,ROCKY POINT PARK,Nonane,2010-01-02T00:00,0.055,µg/m³,VOC,GC-MS
100111,ROCKY POINT PARK,Nonane,2010-01-08T00:00,0.171,µg/m³,VOC,GC-MS
100111,ROCKY POINT PARK,Nonane,2010-01-14T00:00,0.054,µg/m³,VOC,GC-MS
100111,ROCKY POINT PARK,Nonane,2010-01-20T00:00,0.282,µg/m³,VOC,GC-MS
100111,ROCKY POINT PARK,Nonane,2010-01-26T00:00,0.364,µg/m³,VOC,GC-MS
100111,ROCKY POINT PARK,Nonane,2010-02-01T00:00,0.077,µg/m³,VOC,GC-MS
100111,ROCKY POINT PARK,Nonane,2010-02-07T00:00,0.100,µg/m³,VOC,GC-MS
100111,ROCKY POINT PARK,Nonane,2010-02-13T00:00,0.097,µg/m³,VOC,GC-MS
100111,ROCKY POINT PARK,Nonane,2010-02-19T00:00,0.306,µg/m³,VOC,GC-MS
100111,ROCKY POINT PARK,Nonane,2010-02-25T00:00,0.076,µg/m³,VOC,GC-MS
100111,ROCKY POINT PARK,Nonane,2010-03-03T00:00,0.096,µg/m³,VOC,GC-MS
100111,ROCKY POINT PARK,Nonane,2010-03-09T00:00,0.057,µg/m³,VOC,GC-MS
100111,ROCKY POINT PARK,Nonane,2010-03-15T00:00,0.041,µg/m³,VOC,GC-MS
100111,ROCKY POINT PARK,Nonane,2010-03-21T00:00,0.091,µg/m³,VOC,GC-MS
100111,ROCKY POINT PARK,Nonane,2010-03-27T00:00,0.150,µg/m³,VOC,GC-MS
100111,ROCKY POINT PARK,Nonane,2010-04-03T00:00,0.028,µg/m³,VOC,GC-MS
100111,ROCKY POINT PARK,Nonane,2010-04-08T00:00,0.034,µg/m³,VOC,GC-MS
100111,ROCKY POINT PARK,Nonane,2010-04-20T00:00,0.112,µg/m³,VOC,GC-MS
100111,ROCKY POINT PARK,Nonane,2010-04-26T00:00,0.078,µg/m³,VOC,GC-MS
100111,ROCKY POINT PARK,Nonane,2010-05-02T00:00,0.023,µg/m³,VOC,GC-MS
100111,ROCKY POINT PARK,Nonane,2010-05-08T00:00,0.157,µg/m³,VOC,GC-MS
100111,ROCKY POINT PARK,Nonane,2010-05-14T00:00,0.243,µg/m³,VOC,GC-MS
100111,ROCKY POINT PARK,Nonane,2010-05-20T00:00,0.027,µg/m³,VOC,GC-MS
100111,ROCKY POINT PARK,Nonane,2010-05-26T00:00,0.109,µg/m³,VOC,GC-MS
100111,ROCKY POINT PARK,Nonane,2010-06-07T00:00,0.064,µg/m³,VOC,GC-MS
100111,ROCKY POINT PARK,Nonane,2010-06-13T00:00,0.117,µg/m³,VOC,GC-MS
100111,ROCKY POINT PARK,Nonane,2010-06-19T00:00,0.036,µg/m³,VOC,GC-MS
100111,ROCKY POINT PARK,Nonane,2010-06-25T00:00,0.046,µg/m³,VOC,GC-MS
100111,ROCKY POINT PARK,Nonane,2010-07-01T00:00,0.053,µg/m³,VOC,GC-MS
100111,ROCKY POINT PARK,Nonane,2010-07-07T00:00,0.198,µg/m³,VOC,GC-MS
100111,ROCKY POINT PARK,Nonane,2010-08-18T00:00,0.074,µg/m³,VOC,GC-MS
100111,ROCKY POINT PARK,Nonane,2010-08-24T00:00,0.244,µg/m³,VOC,GC-MS
100111,ROCKY POINT PARK,Nonane,2010-08-30T00:00,0.095,µg/m³,VOC,GC-MS
100111,ROCKY POINT PARK,Nonane,2010-09-05T00:00,0.152,µg/m³,VOC,GC-MS
100111,ROCKY POINT PARK,Nonane,2010-09-11T00:00,0.051,µg/m³,VOC,GC-MS
100111,ROCKY POINT PARK,Nonane,2010-09-17T00:00,0.117,µg/m³,VOC,GC-MS
100111,ROCKY POINT PARK,Nonane,2010-09-23T00:00,0.081,µg/m³,VOC,GC-MS
100111,ROCKY POINT PARK,Nonane,2010-09-29T00:00,0.189,µg/m³,VOC,GC-MS
100111,ROCKY POINT PARK,Nonane,2010-10-05T00:00,0.277,µg/m³,VOC,GC-MS
100111,ROCKY POINT PARK,Nonane,2010-10-11T00:00,0.047,µg/m³,VOC,GC-MS
100111,ROCKY POINT PARK,Nonane,2010-10-17T00:00,0.205,µg/m³,VOC,GC-MS
100111,ROCKY POINT PARK,Nonane,2010-10-23T00:00,0.062,µg/m³,VOC,GC-MS
100111,ROCKY POINT PARK,Nonane,2010-10-29T00:00,0.120,µg/m³,VOC,GC-MS
100111,ROCKY POINT PARK,Nonane,2010-11-04T00:00,0.319,µg/m³,VOC,GC-MS
100111,ROCKY POINT PARK,Nonane,2010-11-10T00:00,0.220,µg/m³,VOC,GC-MS
100111,ROCKY POINT PARK,Nonane,2010-11-16T00:00,0.110,µg/m³,VOC,GC-MS
100111,ROCKY POINT PARK,Nonane,2010-11-22T00:00,0.023,µg/m³,VOC,GC-MS
100111,ROCKY POINT PARK,Nonane,2010-11-28T00:00,0.073,µg/m³,VOC,GC-MS
100111,ROCKY POINT PARK,Nonane,2010-12-04T00:00,0.232,µg/m³,VOC,GC-MS
100111,ROCKY POINT PARK,Nonane,2010-12-10T00:00,0.077,µg/m³,VOC,GC-MS
100111,ROCKY POINT PARK,Nonane,2010-12-16T00:00,0.123,µg/m³,VOC,GC-MS
100111,ROCKY POINT PARK,Nonane,2010-12-22T00:00,0.212,µg/m³,VOC,GC-MS
100111,ROCKY POINT PARK,Nonane,2010-12-28T00:00,0.110,µg/m³,VOC,GC-MS
