﻿NAPS_Site_ID,Station_Name,Pollutant,Date,Value,Units,Report_Type,Method
50308,QUÉBEC-VIEUX-LIMOILOU (DES SABLES),Ammonium,2005-03-05T00:00,0.010,µg/m³,DICHOT,IC
50308,QUÉBEC-VIEUX-LIMOILOU (DES SABLES),Ammonium,2005-03-05T00:00,0.831,µg/m³,DICHOT,IC
50308,QUÉBEC-VIEUX-LIMOILOU (DES SABLES),Ammonium,2005-03-11T00:00,0.000,µg/m³,DICHOT,IC
50308,QUÉBEC-VIEUX-LIMOILOU (DES SABLES),Ammonium,2005-03-11T00:00,0.268,µg/m³,DICHOT,IC
50308,QUÉBEC-VIEUX-LIMOILOU (DES SABLES),Ammonium,2005-03-17T00:00,0.000,µg/m³,DICHOT,IC
50308,QUÉBEC-VIEUX-LIMOILOU (DES SABLES),Ammonium,2005-03-17T00:00,0.521,µg/m³,DICHOT,IC
50308,QUÉBEC-VIEUX-LIMOILOU (DES SABLES),Ammonium,2005-03-23T00:00,0.000,µg/m³,DICHOT,IC
50308,QUÉBEC-VIEUX-LIMOILOU (DES SABLES),Ammonium,2005-03-23T00:00,0.000,µg/m³,DICHOT,IC
50308,QUÉBEC-VIEUX-LIMOILOU (DES SABLES),Ammonium,2005-03-29T00:00,0.000,µg/m³,DICHOT,IC
50308,QUÉBEC-VIEUX-LIMOILOU (DES SABLES),Ammonium,2005-03-29T00:00,0.170,µg/m³,DICHOT,IC
50308,QUÉBEC-VIEUX-LIMOILOU (DES SABLES),Ammonium,2005-04-04T00:00,0.000,µg/m³,DICHOT,IC
50308,QUÉBEC-VIEUX-LIMOILOU (DES SABLES),Ammonium,2005-04-04T00:00,0.000,µg/m³,DICHOT,IC
50308,QUÉBEC-VIEUX-LIMOILOU (DES SABLES),Ammonium,2005-04-16T00:00,0.000,µg/m³,DICHOT,IC
50308,QUÉBEC-VIEUX-LIMOILOU (DES SABLES),Ammonium,2005-04-16T00:00,0.340,µg/m³,DICHOT,IC
50308,QUÉBEC-VIEUX-LIMOILOU (DES SABLES),Ammonium,2005-05-04T00:00,0.019,µg/m³,DICHOT,IC
50308,QUÉBEC-VIEUX-LIMOILOU (DES SABLES),Ammonium,2005-05-04T00:00,0.252,µg/m³,DICHOT,IC
50308,QUÉBEC-VIEUX-LIMOILOU (DES SABLES),Ammonium,2005-05-10T00:00,0.015,µg/m³,DICHOT,IC
50308,QUÉBEC-VIEUX-LIMOILOU (DES SABLES),Ammonium,2005-05-10T00:00,0.634,µg/m³,DICHOT,IC
50308,QUÉBEC-VIEUX-LIMOILOU (DES SABLES),Ammonium,2005-05-22T00:00,0.003,µg/m³,DICHOT,IC
50308,QUÉBEC-VIEUX-LIMOILOU (DES SABLES),Ammonium,2005-05-22T00:00,0.157,µg/m³,DICHOT,IC
50308,QUÉBEC-VIEUX-LIMOILOU (DES SABLES),Ammonium,2005-05-28T00:00,0.000,µg/m³,DICHOT,IC
50308,QUÉBEC-VIEUX-LIMOILOU (DES SABLES),Ammonium,2005-05-28T00:00,0.002,µg/m³,DICHOT,IC
50308,QUÉBEC-VIEUX-LIMOILOU (DES SABLES),Ammonium,2005-06-15T00:00,0.016,µg/m³,DICHOT,IC
50308,QUÉBEC-VIEUX-LIMOILOU (DES SABLES),Ammonium,2005-06-15T00:00,0.345,µg/m³,DICHOT,IC
50308,QUÉBEC-VIEUX-LIMOILOU (DES SABLES),Ammonium,2005-07-03T00:00,0.013,µg/m³,DICHOT,IC
50308,QUÉBEC-VIEUX-LIMOILOU (DES SABLES),Ammonium,2005-07-03T00:00,0.308,µg/m³,DICHOT,IC
50308,QUÉBEC-VIEUX-LIMOILOU (DES SABLES),Ammonium,2005-07-09T00:00,0.015,µg/m³,DICHOT,IC
50308,QUÉBEC-VIEUX-LIMOILOU (DES SABLES),Ammonium,2005-07-09T00:00,0.277,µg/m³,DICHOT,IC
50308,QUÉBEC-VIEUX-LIMOILOU (DES SABLES),Ammonium,2005-07-15T00:00,0.000,µg/m³,DICHOT,IC
50308,QUÉBEC-VIEUX-LIMOILOU (DES SABLES),Ammonium,2005-07-15T00:00,0.213,µg/m³,DICHOT,IC
50308,QUÉBEC-VIEUX-LIMOILOU (DES SABLES),Ammonium,2005-07-21T00:00,0.015,µg/m³,DICHOT,IC
50308,QUÉBEC-VIEUX-LIMOILOU (DES SABLES),Ammonium,2005-07-21T00:00,0.477,µg/m³,DICHOT,IC
50308,QUÉBEC-VIEUX-LIMOILOU (DES SABLES),Ammonium,2005-07-27T00:00,0.012,µg/m³,DICHOT,IC
50308,QUÉBEC-VIEUX-LIMOILOU (DES SABLES),Ammonium,2005-07-27T00:00,0.266,µg/m³,DICHOT,IC
50308,QUÉBEC-VIEUX-LIMOILOU (DES SABLES),Ammonium,2005-08-02T00:00,0.026,µg/m³,DICHOT,IC
50308,QUÉBEC-VIEUX-LIMOILOU (DES SABLES),Ammonium,2005-08-02T00:00,0.998,µg/m³,DICHOT,IC
50308,QUÉBEC-VIEUX-LIMOILOU (DES SABLES),Ammonium,2005-08-08T00:00,0.000,µg/m³,DICHOT,IC
50308,QUÉBEC-VIEUX-LIMOILOU (DES SABLES),Ammonium,2005-08-08T00:00,1.507,µg/m³,DICHOT,IC
50308,QUÉBEC-VIEUX-LIMOILOU (DES SABLES),Ammonium,2005-08-14T00:00,0.003,µg/m³,DICHOT,IC
50308,QUÉBEC-VIEUX-LIMOILOU (DES SABLES),Ammonium,2005-08-14T00:00,0.399,µg/m³,DICHOT,IC
50308,QUÉBEC-VIEUX-LIMOILOU (DES SABLES),Ammonium,2005-10-07T00:00,0.113,µg/m³,DICHOT,IC
50308,QUÉBEC-VIEUX-LIMOILOU (DES SABLES),Ammonium,2005-10-07T00:00,1.105,µg/m³,DICHOT,IC
50308,QUÉBEC-VIEUX-LIMOILOU (DES SABLES),Ammonium,2005-10-13T00:00,0.000,µg/m³,DICHOT,IC
50308,QUÉBEC-VIEUX-LIMOILOU (DES SABLES),Ammonium,2005-10-13T00:00,0.428,µg/m³,DICHOT,IC
50308,QUÉBEC-VIEUX-LIMOILOU (DES SABLES),Ammonium,2005-10-25T00:00,0.004,µg/m³,DICHOT,IC
50308,QUÉBEC-VIEUX-LIMOILOU (DES SABLES),Ammonium,2005-10-25T00:00,0.465,µg/m³,DICHOT,IC
