﻿NAPS_Site_ID,Station_Name,Pollutant,Date,Value,Units,Report_Type,Method
100133,BURMOUNT,"1,2-Dichloroethane",2004-01-10T00:00,0.045,µg/m³,VOC,N/A
100133,BURMOUNT,"1,2-Dichloroethane",2004-01-22T00:00,0.045,µg/m³,VOC,N/A
100133,BURMOUNT,"1,2-Dichloroethane",2004-02-03T00:00,0.049,µg/m³,VOC,N/A
100133,BURMOUNT,"1,2-Dichloroethane",2004-02-15T00:00,0.038,µg/m³,VOC,N/A
100133,BURMOUNT,"1,2-Dichloroethane",2004-03-04T00:00,0.055,µg/m³,VOC,N/A
100133,BURMOUNT,"1,2-Dichloroethane",2004-03-16T00:00,0.040,µg/m³,VOC,N/A
100133,BURMOUNT,"1,2-Dichloroethane",2004-03-28T00:00,0.044,µg/m³,VOC,N/A
100133,BURMOUNT,"1,2-Dichloroethane",2004-04-15T00:00,0.040,µg/m³,VOC,N/A
100133,BURMOUNT,"1,2-Dichloroethane",2004-04-27T00:00,0.045,µg/m³,VOC,N/A
100133,BURMOUNT,"1,2-Dichloroethane",2004-05-27T00:00,0.037,µg/m³,VOC,N/A
100133,BURMOUNT,"1,2-Dichloroethane",2004-06-08T00:00,0.059,µg/m³,VOC,N/A
100133,BURMOUNT,"1,2-Dichloroethane",2004-06-26T00:00,0.029,µg/m³,VOC,N/A
100133,BURMOUNT,"1,2-Dichloroethane",2004-07-14T00:00,0.025,µg/m³,VOC,N/A
100133,BURMOUNT,"1,2-Dichloroethane",2004-07-26T00:00,0.024,µg/m³,VOC,N/A
100133,BURMOUNT,"1,2-Dichloroethane",2004-08-07T00:00,0.046,µg/m³,VOC,N/A
100133,BURMOUNT,"1,2-Dichloroethane",2004-09-18T00:00,0.026,µg/m³,VOC,N/A
100133,BURMOUNT,"1,2-Dichloroethane",2004-09-30T00:00,0.063,µg/m³,VOC,N/A
100133,BURMOUNT,"1,2-Dichloroethane",2004-10-12T00:00,0.048,µg/m³,VOC,N/A
100133,BURMOUNT,"1,2-Dichloroethane",2004-10-24T00:00,0.039,µg/m³,VOC,N/A
100133,BURMOUNT,"1,2-Dichloroethane",2004-11-04T00:00,0.036,µg/m³,VOC,N/A
100133,BURMOUNT,"1,2-Dichloroethane",2004-11-17T00:00,0.034,µg/m³,VOC,N/A
100133,BURMOUNT,"1,2-Dichloroethane",2004-12-05T00:00,0.033,µg/m³,VOC,N/A
100133,BURMOUNT,"1,2-Dichloroethane",2004-12-23T00:00,0.047,µg/m³,VOC,N/A
