﻿NAPS_Site_ID,Station_Name,Pollutant,Date,Value,Units,Report_Type,Method
10301,CREDIT UNION,13C12-H7CDD,2007-01-12T00:00,104.000,pg/m³,PCDD,GC-MS
10301,CREDIT UNION,13C12-H7CDD,2007-02-05T00:00,98.000,pg/m³,PCDD,GC-MS
10301,CREDIT UNION,13C12-H7CDD,2007-03-01T00:00,112.000,pg/m³,PCDD,GC-MS
10301,CREDIT UNION,13C12-H7CDD,2007-03-25T00:00,110.000,pg/m³,PCDD,GC-MS
10301,CREDIT UNION,13C12-H7CDD,2007-06-05T00:00,118.000,pg/m³,PCDD,GC-MS
10301,CREDIT UNION,13C12-H7CDD,2007-07-11T00:00,110.000,pg/m³,PCDD,GC-MS
10301,CREDIT UNION,13C12-H7CDD,2007-07-23T00:00,107.000,pg/m³,PCDD,GC-MS
10301,CREDIT UNION,13C12-H7CDD,2007-08-04T00:00,118.000,pg/m³,PCDD,GC-MS
10301,CREDIT UNION,13C12-H7CDD,2007-08-16T00:00,83.000,pg/m³,PCDD,GC-MS
10301,CREDIT UNION,13C12-H7CDD,2007-08-28T00:00,79.000,pg/m³,PCDD,GC-MS
10301,CREDIT UNION,13C12-H7CDD,2007-10-03T00:00,102.000,pg/m³,PCDD,GC-MS
10301,CREDIT UNION,13C12-H7CDD,2007-10-27T00:00,113.000,pg/m³,PCDD,GC-MS
10301,CREDIT UNION,13C12-H7CDD,2007-11-08T00:00,123.000,pg/m³,PCDD,GC-MS
10301,CREDIT UNION,13C12-H7CDD,2007-11-20T00:00,119.000,pg/m³,PCDD,GC-MS
10301,CREDIT UNION,13C12-H7CDD,2007-12-02T00:00,108.000,pg/m³,PCDD,GC-MS
