﻿NAPS_Site_ID,Station_Name,Pollutant,Date,Value,Units,Report_Type,Method
60211,WINDSOR WEST,OC1(B),2017-01-01T00:00,0.447,µg/m³,PM2.5,TOR(OC/EC)
60211,WINDSOR WEST,OC1(B),2017-01-04T00:00,0.291,µg/m³,PM2.5,TOR(OC/EC)
60211,WINDSOR WEST,OC1(B),2017-01-10T00:00,0.308,µg/m³,PM2.5,TOR(OC/EC)
60211,WINDSOR WEST,OC1(B),2017-01-13T00:00,0.376,µg/m³,PM2.5,TOR(OC/EC)
60211,WINDSOR WEST,OC1(B),2017-01-19T00:00,0.140,µg/m³,PM2.5,TOR(OC/EC)
60211,WINDSOR WEST,OC1(B),2017-01-22T00:00,0.288,µg/m³,PM2.5,TOR(OC/EC)
60211,WINDSOR WEST,OC1(B),2017-01-25T00:00,0.235,µg/m³,PM2.5,TOR(OC/EC)
60211,WINDSOR WEST,OC1(B),2017-01-28T00:00,0.256,µg/m³,PM2.5,TOR(OC/EC)
60211,WINDSOR WEST,OC1(B),2017-01-31T00:00,0.386,µg/m³,PM2.5,TOR(OC/EC)
60211,WINDSOR WEST,OC1(B),2017-02-03T00:00,0.000,µg/m³,PM2.5,TOR(OC/EC)
60211,WINDSOR WEST,OC1(B),2017-02-06T00:00,0.000,µg/m³,PM2.5,TOR(OC/EC)
60211,WINDSOR WEST,OC1(B),2017-02-09T00:00,0.189,µg/m³,PM2.5,TOR(OC/EC)
60211,WINDSOR WEST,OC1(B),2017-02-12T00:00,0.226,µg/m³,PM2.5,TOR(OC/EC)
60211,WINDSOR WEST,OC1(B),2017-02-15T00:00,0.273,µg/m³,PM2.5,TOR(OC/EC)
60211,WINDSOR WEST,OC1(B),2017-02-18T00:00,0.439,µg/m³,PM2.5,TOR(OC/EC)
60211,WINDSOR WEST,OC1(B),2017-02-24T00:00,0.319,µg/m³,PM2.5,TOR(OC/EC)
60211,WINDSOR WEST,OC1(B),2017-02-27T00:00,0.481,µg/m³,PM2.5,TOR(OC/EC)
60211,WINDSOR WEST,OC1(B),2017-03-02T00:00,0.199,µg/m³,PM2.5,TOR(OC/EC)
60211,WINDSOR WEST,OC1(B),2017-03-05T00:00,0.207,µg/m³,PM2.5,TOR(OC/EC)
60211,WINDSOR WEST,OC1(B),2017-03-14T00:00,0.179,µg/m³,PM2.5,TOR(OC/EC)
60211,WINDSOR WEST,OC1(B),2017-03-17T00:00,0.324,µg/m³,PM2.5,TOR(OC/EC)
60211,WINDSOR WEST,OC1(B),2017-03-20T00:00,0.330,µg/m³,PM2.5,TOR(OC/EC)
60211,WINDSOR WEST,OC1(B),2017-03-23T00:00,0.259,µg/m³,PM2.5,TOR(OC/EC)
60211,WINDSOR WEST,OC1(B),2017-03-26T00:00,0.275,µg/m³,PM2.5,TOR(OC/EC)
60211,WINDSOR WEST,OC1(B),2017-03-29T00:00,0.224,µg/m³,PM2.5,TOR(OC/EC)
60211,WINDSOR WEST,OC1(B),2017-04-01T00:00,0.214,µg/m³,PM2.5,TOR(OC/EC)
60211,WINDSOR WEST,OC1(B),2017-04-04T00:00,0.198,µg/m³,PM2.5,TOR(OC/EC)
60211,WINDSOR WEST,OC1(B),2017-04-07T00:00,0.180,µg/m³,PM2.5,TOR(OC/EC)
60211,WINDSOR WEST,OC1(B),2017-04-10T00:00,0.213,µg/m³,PM2.5,TOR(OC/EC)
60211,WINDSOR WEST,OC1(B),2017-04-13T00:00,0.120,µg/m³,PM2.5,TOR(OC/EC)
60211,WINDSOR WEST,OC1(B),2017-04-16T00:00,0.312,µg/m³,PM2.5,TOR(OC/EC)
60211,WINDSOR WEST,OC1(B),2017-04-19T00:00,0.558,µg/m³,PM2.5,TOR(OC/EC)
60211,WINDSOR WEST,OC1(B),2017-04-28T00:00,0.297,µg/m³,PM2.5,TOR(OC/EC)
60211,WINDSOR WEST,OC1(B),2017-05-01T00:00,0.216,µg/m³,PM2.5,TOR(OC/EC)
60211,WINDSOR WEST,OC1(B),2017-05-04T00:00,0.210,µg/m³,PM2.5,TOR(OC/EC)
60211,WINDSOR WEST,OC1(B),2017-05-07T00:00,0.184,µg/m³,PM2.5,TOR(OC/EC)
60211,WINDSOR WEST,OC1(B),2017-05-10T00:00,0.371,µg/m³,PM2.5,TOR(OC/EC)
60211,WINDSOR WEST,OC1(B),2017-05-13T00:00,0.519,µg/m³,PM2.5,TOR(OC/EC)
60211,WINDSOR WEST,OC1(B),2017-05-16T00:00,0.641,µg/m³,PM2.5,TOR(OC/EC)
60211,WINDSOR WEST,OC1(B),2017-05-25T00:00,0.410,µg/m³,PM2.5,TOR(OC/EC)
60211,WINDSOR WEST,OC1(B),2017-05-28T00:00,0.293,µg/m³,PM2.5,TOR(OC/EC)
60211,WINDSOR WEST,OC1(B),2017-05-31T00:00,0.389,µg/m³,PM2.5,TOR(OC/EC)
60211,WINDSOR WEST,OC1(B),2017-06-03T00:00,0.481,µg/m³,PM2.5,TOR(OC/EC)
60211,WINDSOR WEST,OC1(B),2017-06-06T00:00,0.410,µg/m³,PM2.5,TOR(OC/EC)
60211,WINDSOR WEST,OC1(B),2017-06-15T00:00,0.483,µg/m³,PM2.5,TOR(OC/EC)
60211,WINDSOR WEST,OC1(B),2017-06-18T00:00,0.409,µg/m³,PM2.5,TOR(OC/EC)
60211,WINDSOR WEST,OC1(B),2017-06-21T00:00,0.440,µg/m³,PM2.5,TOR(OC/EC)
60211,WINDSOR WEST,OC1(B),2017-06-24T00:00,0.401,µg/m³,PM2.5,TOR(OC/EC)
60211,WINDSOR WEST,OC1(B),2017-06-27T00:00,0.476,µg/m³,PM2.5,TOR(OC/EC)
60211,WINDSOR WEST,OC1(B),2017-06-30T00:00,0.230,µg/m³,PM2.5,TOR(OC/EC)
60211,WINDSOR WEST,OC1(B),2017-07-03T00:00,0.360,µg/m³,PM2.5,TOR(OC/EC)
60211,WINDSOR WEST,OC1(B),2017-07-12T00:00,0.492,µg/m³,PM2.5,TOR(OC/EC)
60211,WINDSOR WEST,OC1(B),2017-07-15T00:00,0.476,µg/m³,PM2.5,TOR(OC/EC)
60211,WINDSOR WEST,OC1(B),2017-07-18T00:00,0.370,µg/m³,PM2.5,TOR(OC/EC)
60211,WINDSOR WEST,OC1(B),2017-07-21T00:00,0.349,µg/m³,PM2.5,TOR(OC/EC)
60211,WINDSOR WEST,OC1(B),2017-07-24T00:00,0.140,µg/m³,PM2.5,TOR(OC/EC)
60211,WINDSOR WEST,OC1(B),2017-08-05T00:00,0.517,µg/m³,PM2.5,TOR(OC/EC)
60211,WINDSOR WEST,OC1(B),2017-08-08T00:00,0.574,µg/m³,PM2.5,TOR(OC/EC)
60211,WINDSOR WEST,OC1(B),2017-08-11T00:00,0.402,µg/m³,PM2.5,TOR(OC/EC)
60211,WINDSOR WEST,OC1(B),2017-08-14T00:00,0.398,µg/m³,PM2.5,TOR(OC/EC)
60211,WINDSOR WEST,OC1(B),2017-08-17T00:00,0.226,µg/m³,PM2.5,TOR(OC/EC)
60211,WINDSOR WEST,OC1(B),2017-08-20T00:00,0.428,µg/m³,PM2.5,TOR(OC/EC)
60211,WINDSOR WEST,OC1(B),2017-08-26T00:00,0.369,µg/m³,PM2.5,TOR(OC/EC)
60211,WINDSOR WEST,OC1(B),2017-08-29T00:00,0.291,µg/m³,PM2.5,TOR(OC/EC)
60211,WINDSOR WEST,OC1(B),2017-09-01T00:00,0.310,µg/m³,PM2.5,TOR(OC/EC)
60211,WINDSOR WEST,OC1(B),2017-09-04T00:00,0.485,µg/m³,PM2.5,TOR(OC/EC)
60211,WINDSOR WEST,OC1(B),2017-09-07T00:00,0.365,µg/m³,PM2.5,TOR(OC/EC)
60211,WINDSOR WEST,OC1(B),2017-09-10T00:00,0.517,µg/m³,PM2.5,TOR(OC/EC)
60211,WINDSOR WEST,OC1(B),2017-09-13T00:00,0.313,µg/m³,PM2.5,TOR(OC/EC)
60211,WINDSOR WEST,OC1(B),2017-09-16T00:00,0.217,µg/m³,PM2.5,TOR(OC/EC)
60211,WINDSOR WEST,OC1(B),2017-09-19T00:00,0.330,µg/m³,PM2.5,TOR(OC/EC)
60211,WINDSOR WEST,OC1(B),2017-09-22T00:00,0.349,µg/m³,PM2.5,TOR(OC/EC)
60211,WINDSOR WEST,OC1(B),2017-09-28T00:00,0.258,µg/m³,PM2.5,TOR(OC/EC)
60211,WINDSOR WEST,OC1(B),2017-10-07T00:00,0.071,µg/m³,PM2.5,TOR(OC/EC)
60211,WINDSOR WEST,OC1(B),2017-10-13T00:00,0.428,µg/m³,PM2.5,TOR(OC/EC)
60211,WINDSOR WEST,OC1(B),2017-10-16T00:00,0.256,µg/m³,PM2.5,TOR(OC/EC)
60211,WINDSOR WEST,OC1(B),2017-10-19T00:00,0.514,µg/m³,PM2.5,TOR(OC/EC)
60211,WINDSOR WEST,OC1(B),2017-10-22T00:00,0.310,µg/m³,PM2.5,TOR(OC/EC)
60211,WINDSOR WEST,OC1(B),2017-10-25T00:00,0.340,µg/m³,PM2.5,TOR(OC/EC)
60211,WINDSOR WEST,OC1(B),2017-10-28T00:00,0.182,µg/m³,PM2.5,TOR(OC/EC)
60211,WINDSOR WEST,OC1(B),2017-10-31T00:00,0.206,µg/m³,PM2.5,TOR(OC/EC)
60211,WINDSOR WEST,OC1(B),2017-11-09T00:00,0.540,µg/m³,PM2.5,TOR(OC/EC)
60211,WINDSOR WEST,OC1(B),2017-11-12T00:00,0.286,µg/m³,PM2.5,TOR(OC/EC)
60211,WINDSOR WEST,OC1(B),2017-11-15T00:00,0.140,µg/m³,PM2.5,TOR(OC/EC)
60211,WINDSOR WEST,OC1(B),2017-11-18T00:00,0.128,µg/m³,PM2.5,TOR(OC/EC)
60211,WINDSOR WEST,OC1(B),2017-11-21T00:00,0.478,µg/m³,PM2.5,TOR(OC/EC)
60211,WINDSOR WEST,OC1(B),2017-11-24T00:00,0.211,µg/m³,PM2.5,TOR(OC/EC)
60211,WINDSOR WEST,OC1(B),2017-11-27T00:00,0.179,µg/m³,PM2.5,TOR(OC/EC)
60211,WINDSOR WEST,OC1(B),2017-11-30T00:00,0.419,µg/m³,PM2.5,TOR(OC/EC)
60211,WINDSOR WEST,OC1(B),2017-12-03T00:00,0.658,µg/m³,PM2.5,TOR(OC/EC)
60211,WINDSOR WEST,OC1(B),2017-12-06T00:00,0.197,µg/m³,PM2.5,TOR(OC/EC)
60211,WINDSOR WEST,OC1(B),2017-12-09T00:00,0.412,µg/m³,PM2.5,TOR(OC/EC)
60211,WINDSOR WEST,OC1(B),2017-12-12T00:00,0.179,µg/m³,PM2.5,TOR(OC/EC)
60211,WINDSOR WEST,OC1(B),2017-12-15T00:00,0.639,µg/m³,PM2.5,TOR(OC/EC)
60211,WINDSOR WEST,OC1(B),2017-12-18T00:00,0.491,µg/m³,PM2.5,TOR(OC/EC)
60211,WINDSOR WEST,OC1(B),2017-12-21T00:00,0.254,µg/m³,PM2.5,TOR(OC/EC)
60211,WINDSOR WEST,OC1(B),2017-12-24T00:00,0.135,µg/m³,PM2.5,TOR(OC/EC)
60211,WINDSOR WEST,OC1(B),2017-12-30T00:00,0.372,µg/m³,PM2.5,TOR(OC/EC)
