﻿NAPS_Site_ID,Station_Name,Pollutant,Date,Value,Units,Report_Type,Method
90132,EDMONTON MCINTYRE,OC2(B),2013-01-10T00:00,0.259,µg/m³,PM2.5,TOR(OC/EC)
90132,EDMONTON MCINTYRE,OC2(B),2013-01-13T00:00,0.332,µg/m³,PM2.5,TOR(OC/EC)
90132,EDMONTON MCINTYRE,OC2(B),2013-01-16T00:00,0.380,µg/m³,PM2.5,TOR(OC/EC)
90132,EDMONTON MCINTYRE,OC2(B),2013-01-19T00:00,0.147,µg/m³,PM2.5,TOR(OC/EC)
90132,EDMONTON MCINTYRE,OC2(B),2013-01-22T00:00,0.286,µg/m³,PM2.5,TOR(OC/EC)
90132,EDMONTON MCINTYRE,OC2(B),2013-01-25T00:00,0.364,µg/m³,PM2.5,TOR(OC/EC)
90132,EDMONTON MCINTYRE,OC2(B),2013-01-28T00:00,0.447,µg/m³,PM2.5,TOR(OC/EC)
90132,EDMONTON MCINTYRE,OC2(B),2013-01-31T00:00,0.244,µg/m³,PM2.5,TOR(OC/EC)
90132,EDMONTON MCINTYRE,OC2(B),2013-02-03T00:00,0.471,µg/m³,PM2.5,TOR(OC/EC)
90132,EDMONTON MCINTYRE,OC2(B),2013-02-06T00:00,0.371,µg/m³,PM2.5,TOR(OC/EC)
90132,EDMONTON MCINTYRE,OC2(B),2013-02-09T00:00,0.298,µg/m³,PM2.5,TOR(OC/EC)
90132,EDMONTON MCINTYRE,OC2(B),2013-02-12T00:00,0.416,µg/m³,PM2.5,TOR(OC/EC)
90132,EDMONTON MCINTYRE,OC2(B),2013-02-15T00:00,0.462,µg/m³,PM2.5,TOR(OC/EC)
90132,EDMONTON MCINTYRE,OC2(B),2013-02-18T00:00,0.239,µg/m³,PM2.5,TOR(OC/EC)
90132,EDMONTON MCINTYRE,OC2(B),2013-02-21T00:00,0.243,µg/m³,PM2.5,TOR(OC/EC)
90132,EDMONTON MCINTYRE,OC2(B),2013-02-24T00:00,0.294,µg/m³,PM2.5,TOR(OC/EC)
90132,EDMONTON MCINTYRE,OC2(B),2013-02-27T00:00,0.280,µg/m³,PM2.5,TOR(OC/EC)
90132,EDMONTON MCINTYRE,OC2(B),2013-03-02T00:00,0.378,µg/m³,PM2.5,TOR(OC/EC)
90132,EDMONTON MCINTYRE,OC2(B),2013-03-05T00:00,0.265,µg/m³,PM2.5,TOR(OC/EC)
90132,EDMONTON MCINTYRE,OC2(B),2013-03-08T00:00,0.335,µg/m³,PM2.5,TOR(OC/EC)
90132,EDMONTON MCINTYRE,OC2(B),2013-03-11T00:00,0.314,µg/m³,PM2.5,TOR(OC/EC)
90132,EDMONTON MCINTYRE,OC2(B),2013-03-14T00:00,0.257,µg/m³,PM2.5,TOR(OC/EC)
90132,EDMONTON MCINTYRE,OC2(B),2013-03-17T00:00,0.404,µg/m³,PM2.5,TOR(OC/EC)
90132,EDMONTON MCINTYRE,OC2(B),2013-03-23T00:00,0.595,µg/m³,PM2.5,TOR(OC/EC)
90132,EDMONTON MCINTYRE,OC2(B),2013-03-26T00:00,0.480,µg/m³,PM2.5,TOR(OC/EC)
90132,EDMONTON MCINTYRE,OC2(B),2013-03-29T00:00,0.644,µg/m³,PM2.5,TOR(OC/EC)
90132,EDMONTON MCINTYRE,OC2(B),2013-04-01T00:00,0.444,µg/m³,PM2.5,TOR(OC/EC)
90132,EDMONTON MCINTYRE,OC2(B),2013-04-04T00:00,0.263,µg/m³,PM2.5,TOR(OC/EC)
90132,EDMONTON MCINTYRE,OC2(B),2013-04-07T00:00,0.466,µg/m³,PM2.5,TOR(OC/EC)
90132,EDMONTON MCINTYRE,OC2(B),2013-04-10T00:00,0.416,µg/m³,PM2.5,TOR(OC/EC)
90132,EDMONTON MCINTYRE,OC2(B),2013-04-13T00:00,0.274,µg/m³,PM2.5,TOR(OC/EC)
90132,EDMONTON MCINTYRE,OC2(B),2013-04-16T00:00,0.494,µg/m³,PM2.5,TOR(OC/EC)
90132,EDMONTON MCINTYRE,OC2(B),2013-04-19T00:00,0.131,µg/m³,PM2.5,TOR(OC/EC)
90132,EDMONTON MCINTYRE,OC2(B),2013-04-22T00:00,0.442,µg/m³,PM2.5,TOR(OC/EC)
90132,EDMONTON MCINTYRE,OC2(B),2013-04-25T00:00,0.446,µg/m³,PM2.5,TOR(OC/EC)
90132,EDMONTON MCINTYRE,OC2(B),2013-05-01T00:00,0.310,µg/m³,PM2.5,TOR(OC/EC)
90132,EDMONTON MCINTYRE,OC2(B),2013-05-04T00:00,0.556,µg/m³,PM2.5,TOR(OC/EC)
90132,EDMONTON MCINTYRE,OC2(B),2013-05-07T00:00,0.379,µg/m³,PM2.5,TOR(OC/EC)
90132,EDMONTON MCINTYRE,OC2(B),2013-05-10T00:00,0.323,µg/m³,PM2.5,TOR(OC/EC)
90132,EDMONTON MCINTYRE,OC2(B),2013-05-13T00:00,0.718,µg/m³,PM2.5,TOR(OC/EC)
90132,EDMONTON MCINTYRE,OC2(B),2013-05-16T00:00,0.618,µg/m³,PM2.5,TOR(OC/EC)
90132,EDMONTON MCINTYRE,OC2(B),2013-05-19T00:00,0.582,µg/m³,PM2.5,TOR(OC/EC)
90132,EDMONTON MCINTYRE,OC2(B),2013-05-22T00:00,0.644,µg/m³,PM2.5,TOR(OC/EC)
90132,EDMONTON MCINTYRE,OC2(B),2013-05-25T00:00,0.685,µg/m³,PM2.5,TOR(OC/EC)
90132,EDMONTON MCINTYRE,OC2(B),2013-05-28T00:00,0.530,µg/m³,PM2.5,TOR(OC/EC)
90132,EDMONTON MCINTYRE,OC2(B),2013-05-31T00:00,0.889,µg/m³,PM2.5,TOR(OC/EC)
90132,EDMONTON MCINTYRE,OC2(B),2013-06-03T00:00,0.639,µg/m³,PM2.5,TOR(OC/EC)
90132,EDMONTON MCINTYRE,OC2(B),2013-06-06T00:00,0.550,µg/m³,PM2.5,TOR(OC/EC)
90132,EDMONTON MCINTYRE,OC2(B),2013-06-09T00:00,0.577,µg/m³,PM2.5,TOR(OC/EC)
90132,EDMONTON MCINTYRE,OC2(B),2013-06-12T00:00,0.596,µg/m³,PM2.5,TOR(OC/EC)
90132,EDMONTON MCINTYRE,OC2(B),2013-06-15T00:00,0.668,µg/m³,PM2.5,TOR(OC/EC)
90132,EDMONTON MCINTYRE,OC2(B),2013-06-18T00:00,0.692,µg/m³,PM2.5,TOR(OC/EC)
90132,EDMONTON MCINTYRE,OC2(B),2013-06-21T00:00,0.545,µg/m³,PM2.5,TOR(OC/EC)
90132,EDMONTON MCINTYRE,OC2(B),2013-06-24T00:00,0.609,µg/m³,PM2.5,TOR(OC/EC)
90132,EDMONTON MCINTYRE,OC2(B),2013-06-27T00:00,0.630,µg/m³,PM2.5,TOR(OC/EC)
90132,EDMONTON MCINTYRE,OC2(B),2013-06-30T00:00,0.821,µg/m³,PM2.5,TOR(OC/EC)
90132,EDMONTON MCINTYRE,OC2(B),2013-07-03T00:00,0.882,µg/m³,PM2.5,TOR(OC/EC)
90132,EDMONTON MCINTYRE,OC2(B),2013-07-06T00:00,0.612,µg/m³,PM2.5,TOR(OC/EC)
90132,EDMONTON MCINTYRE,OC2(B),2013-07-09T00:00,0.461,µg/m³,PM2.5,TOR(OC/EC)
90132,EDMONTON MCINTYRE,OC2(B),2013-07-12T00:00,0.462,µg/m³,PM2.5,TOR(OC/EC)
90132,EDMONTON MCINTYRE,OC2(B),2013-07-15T00:00,0.531,µg/m³,PM2.5,TOR(OC/EC)
90132,EDMONTON MCINTYRE,OC2(B),2013-07-18T00:00,0.729,µg/m³,PM2.5,TOR(OC/EC)
90132,EDMONTON MCINTYRE,OC2(B),2013-07-21T00:00,0.582,µg/m³,PM2.5,TOR(OC/EC)
90132,EDMONTON MCINTYRE,OC2(B),2013-07-24T00:00,0.581,µg/m³,PM2.5,TOR(OC/EC)
90132,EDMONTON MCINTYRE,OC2(B),2013-07-27T00:00,0.614,µg/m³,PM2.5,TOR(OC/EC)
90132,EDMONTON MCINTYRE,OC2(B),2013-07-30T00:00,0.555,µg/m³,PM2.5,TOR(OC/EC)
90132,EDMONTON MCINTYRE,OC2(B),2013-08-02T00:00,0.572,µg/m³,PM2.5,TOR(OC/EC)
90132,EDMONTON MCINTYRE,OC2(B),2013-08-05T00:00,0.743,µg/m³,PM2.5,TOR(OC/EC)
90132,EDMONTON MCINTYRE,OC2(B),2013-08-11T00:00,0.623,µg/m³,PM2.5,TOR(OC/EC)
90132,EDMONTON MCINTYRE,OC2(B),2013-08-14T00:00,0.832,µg/m³,PM2.5,TOR(OC/EC)
90132,EDMONTON MCINTYRE,OC2(B),2013-08-17T00:00,0.825,µg/m³,PM2.5,TOR(OC/EC)
90132,EDMONTON MCINTYRE,OC2(B),2013-08-20T00:00,0.519,µg/m³,PM2.5,TOR(OC/EC)
90132,EDMONTON MCINTYRE,OC2(B),2013-08-23T00:00,0.776,µg/m³,PM2.5,TOR(OC/EC)
90132,EDMONTON MCINTYRE,OC2(B),2013-08-26T00:00,0.731,µg/m³,PM2.5,TOR(OC/EC)
90132,EDMONTON MCINTYRE,OC2(B),2013-08-29T00:00,0.833,µg/m³,PM2.5,TOR(OC/EC)
90132,EDMONTON MCINTYRE,OC2(B),2013-09-01T00:00,0.759,µg/m³,PM2.5,TOR(OC/EC)
90132,EDMONTON MCINTYRE,OC2(B),2013-09-04T00:00,1.007,µg/m³,PM2.5,TOR(OC/EC)
90132,EDMONTON MCINTYRE,OC2(B),2013-09-07T00:00,0.577,µg/m³,PM2.5,TOR(OC/EC)
90132,EDMONTON MCINTYRE,OC2(B),2013-09-10T00:00,0.591,µg/m³,PM2.5,TOR(OC/EC)
90132,EDMONTON MCINTYRE,OC2(B),2013-09-13T00:00,0.679,µg/m³,PM2.5,TOR(OC/EC)
90132,EDMONTON MCINTYRE,OC2(B),2013-09-16T00:00,0.588,µg/m³,PM2.5,TOR(OC/EC)
90132,EDMONTON MCINTYRE,OC2(B),2013-09-19T00:00,0.608,µg/m³,PM2.5,TOR(OC/EC)
90132,EDMONTON MCINTYRE,OC2(B),2013-09-22T00:00,0.462,µg/m³,PM2.5,TOR(OC/EC)
90132,EDMONTON MCINTYRE,OC2(B),2013-09-28T00:00,0.389,µg/m³,PM2.5,TOR(OC/EC)
90132,EDMONTON MCINTYRE,OC2(B),2013-10-01T00:00,0.398,µg/m³,PM2.5,TOR(OC/EC)
90132,EDMONTON MCINTYRE,OC2(B),2013-10-04T00:00,0.344,µg/m³,PM2.5,TOR(OC/EC)
90132,EDMONTON MCINTYRE,OC2(B),2013-10-07T00:00,0.526,µg/m³,PM2.5,TOR(OC/EC)
90132,EDMONTON MCINTYRE,OC2(B),2013-10-10T00:00,0.550,µg/m³,PM2.5,TOR(OC/EC)
90132,EDMONTON MCINTYRE,OC2(B),2013-10-13T00:00,0.526,µg/m³,PM2.5,TOR(OC/EC)
90132,EDMONTON MCINTYRE,OC2(B),2013-10-16T00:00,0.530,µg/m³,PM2.5,TOR(OC/EC)
90132,EDMONTON MCINTYRE,OC2(B),2013-10-19T00:00,0.446,µg/m³,PM2.5,TOR(OC/EC)
90132,EDMONTON MCINTYRE,OC2(B),2013-10-22T00:00,0.523,µg/m³,PM2.5,TOR(OC/EC)
90132,EDMONTON MCINTYRE,OC2(B),2013-10-25T00:00,0.477,µg/m³,PM2.5,TOR(OC/EC)
90132,EDMONTON MCINTYRE,OC2(B),2013-10-28T00:00,0.324,µg/m³,PM2.5,TOR(OC/EC)
90132,EDMONTON MCINTYRE,OC2(B),2013-10-31T00:00,0.548,µg/m³,PM2.5,TOR(OC/EC)
90132,EDMONTON MCINTYRE,OC2(B),2013-11-03T00:00,0.295,µg/m³,PM2.5,TOR(OC/EC)
90132,EDMONTON MCINTYRE,OC2(B),2013-11-06T00:00,0.461,µg/m³,PM2.5,TOR(OC/EC)
90132,EDMONTON MCINTYRE,OC2(B),2013-11-09T00:00,0.250,µg/m³,PM2.5,TOR(OC/EC)
90132,EDMONTON MCINTYRE,OC2(B),2013-11-15T00:00,0.428,µg/m³,PM2.5,TOR(OC/EC)
90132,EDMONTON MCINTYRE,OC2(B),2013-11-18T00:00,0.334,µg/m³,PM2.5,TOR(OC/EC)
90132,EDMONTON MCINTYRE,OC2(B),2013-11-24T00:00,0.521,µg/m³,PM2.5,TOR(OC/EC)
90132,EDMONTON MCINTYRE,OC2(B),2013-11-27T00:00,0.570,µg/m³,PM2.5,TOR(OC/EC)
90132,EDMONTON MCINTYRE,OC2(B),2013-11-30T00:00,0.390,µg/m³,PM2.5,TOR(OC/EC)
90132,EDMONTON MCINTYRE,OC2(B),2013-12-03T00:00,0.264,µg/m³,PM2.5,TOR(OC/EC)
90132,EDMONTON MCINTYRE,OC2(B),2013-12-06T00:00,0.540,µg/m³,PM2.5,TOR(OC/EC)
90132,EDMONTON MCINTYRE,OC2(B),2013-12-09T00:00,0.353,µg/m³,PM2.5,TOR(OC/EC)
90132,EDMONTON MCINTYRE,OC2(B),2013-12-12T00:00,0.318,µg/m³,PM2.5,TOR(OC/EC)
90132,EDMONTON MCINTYRE,OC2(B),2013-12-15T00:00,0.394,µg/m³,PM2.5,TOR(OC/EC)
90132,EDMONTON MCINTYRE,OC2(B),2013-12-18T00:00,0.356,µg/m³,PM2.5,TOR(OC/EC)
90132,EDMONTON MCINTYRE,OC2(B),2013-12-21T00:00,0.465,µg/m³,PM2.5,TOR(OC/EC)
90132,EDMONTON MCINTYRE,OC2(B),2013-12-24T00:00,0.355,µg/m³,PM2.5,TOR(OC/EC)
90132,EDMONTON MCINTYRE,OC2(B),2013-12-27T00:00,0.231,µg/m³,PM2.5,TOR(OC/EC)
90132,EDMONTON MCINTYRE,OC2(B),2013-12-30T00:00,0.306,µg/m³,PM2.5,TOR(OC/EC)
