﻿NAPS_Site_ID,Station_Name,Pollutant,Date,Value,Units,Report_Type,Method
60101,HYDRO BLDG.,Methylcyclohexane,1992-01-07T00:00,0.255,µg/m³,VOC,
60101,HYDRO BLDG.,Methylcyclohexane,1992-01-13T00:00,1.331,µg/m³,VOC,
60101,HYDRO BLDG.,Methylcyclohexane,1992-01-19T00:00,0.293,µg/m³,VOC,
60101,HYDRO BLDG.,Methylcyclohexane,1992-01-25T00:00,0.323,µg/m³,VOC,
60101,HYDRO BLDG.,Methylcyclohexane,1992-01-31T00:00,0.326,µg/m³,VOC,
60101,HYDRO BLDG.,Methylcyclohexane,1992-02-06T00:00,0.381,µg/m³,VOC,
60101,HYDRO BLDG.,Methylcyclohexane,1992-02-12T00:00,0.527,µg/m³,VOC,
60101,HYDRO BLDG.,Methylcyclohexane,1992-02-18T00:00,0.376,µg/m³,VOC,
60101,HYDRO BLDG.,Methylcyclohexane,1992-02-24T00:00,0.261,µg/m³,VOC,
60101,HYDRO BLDG.,Methylcyclohexane,1992-03-01T00:00,0.234,µg/m³,VOC,
60101,HYDRO BLDG.,Methylcyclohexane,1992-03-07T00:00,0.287,µg/m³,VOC,
60101,HYDRO BLDG.,Methylcyclohexane,1992-03-13T00:00,0.257,µg/m³,VOC,
60101,HYDRO BLDG.,Methylcyclohexane,1992-03-19T00:00,0.465,µg/m³,VOC,
60101,HYDRO BLDG.,Methylcyclohexane,1992-03-31T00:00,0.312,µg/m³,VOC,
60101,HYDRO BLDG.,Methylcyclohexane,1992-04-06T00:00,0.255,µg/m³,VOC,
60101,HYDRO BLDG.,Methylcyclohexane,1992-04-12T00:00,0.080,µg/m³,VOC,
60101,HYDRO BLDG.,Methylcyclohexane,1992-04-18T00:00,0.069,µg/m³,VOC,
60101,HYDRO BLDG.,Methylcyclohexane,1992-04-24T00:00,0.215,µg/m³,VOC,
60101,HYDRO BLDG.,Methylcyclohexane,1992-05-06T00:00,0.370,µg/m³,VOC,
60101,HYDRO BLDG.,Methylcyclohexane,1992-05-12T00:00,0.493,µg/m³,VOC,
60101,HYDRO BLDG.,Methylcyclohexane,1992-05-18T00:00,0.076,µg/m³,VOC,
60101,HYDRO BLDG.,Methylcyclohexane,1992-05-24T00:00,0.047,µg/m³,VOC,
60101,HYDRO BLDG.,Methylcyclohexane,1992-05-30T00:00,0.337,µg/m³,VOC,
60101,HYDRO BLDG.,Methylcyclohexane,1992-06-05T00:00,0.377,µg/m³,VOC,
60101,HYDRO BLDG.,Methylcyclohexane,1992-06-11T00:00,0.637,µg/m³,VOC,
60101,HYDRO BLDG.,Methylcyclohexane,1992-06-17T00:00,0.795,µg/m³,VOC,
60101,HYDRO BLDG.,Methylcyclohexane,1992-06-23T00:00,0.099,µg/m³,VOC,
60101,HYDRO BLDG.,Methylcyclohexane,1992-06-29T00:00,0.295,µg/m³,VOC,
60101,HYDRO BLDG.,Methylcyclohexane,1992-07-05T00:00,0.175,µg/m³,VOC,
60101,HYDRO BLDG.,Methylcyclohexane,1992-07-11T00:00,0.102,µg/m³,VOC,
60101,HYDRO BLDG.,Methylcyclohexane,1992-07-17T00:00,0.360,µg/m³,VOC,
60101,HYDRO BLDG.,Methylcyclohexane,1992-07-23T00:00,0.462,µg/m³,VOC,
60101,HYDRO BLDG.,Methylcyclohexane,1992-07-29T00:00,0.306,µg/m³,VOC,
60101,HYDRO BLDG.,Methylcyclohexane,1992-08-10T00:00,0.742,µg/m³,VOC,
60101,HYDRO BLDG.,Methylcyclohexane,1992-08-16T00:00,0.163,µg/m³,VOC,
60101,HYDRO BLDG.,Methylcyclohexane,1992-08-22T00:00,0.196,µg/m³,VOC,
60101,HYDRO BLDG.,Methylcyclohexane,1992-08-28T00:00,0.243,µg/m³,VOC,
60101,HYDRO BLDG.,Methylcyclohexane,1992-09-03T00:00,0.439,µg/m³,VOC,
60101,HYDRO BLDG.,Methylcyclohexane,1992-09-09T00:00,0.367,µg/m³,VOC,
60101,HYDRO BLDG.,Methylcyclohexane,1992-09-15T00:00,0.602,µg/m³,VOC,
60101,HYDRO BLDG.,Methylcyclohexane,1992-09-27T00:00,0.200,µg/m³,VOC,
60101,HYDRO BLDG.,Methylcyclohexane,1992-10-03T00:00,0.121,µg/m³,VOC,
60101,HYDRO BLDG.,Methylcyclohexane,1992-10-09T00:00,0.738,µg/m³,VOC,
60101,HYDRO BLDG.,Methylcyclohexane,1992-10-15T00:00,0.308,µg/m³,VOC,
60101,HYDRO BLDG.,Methylcyclohexane,1992-10-21T00:00,0.264,µg/m³,VOC,
60101,HYDRO BLDG.,Methylcyclohexane,1992-10-27T00:00,0.464,µg/m³,VOC,
60101,HYDRO BLDG.,Methylcyclohexane,1992-11-02T00:00,0.146,µg/m³,VOC,
60101,HYDRO BLDG.,Methylcyclohexane,1992-11-08T00:00,0.102,µg/m³,VOC,
60101,HYDRO BLDG.,Methylcyclohexane,1992-11-14T00:00,0.247,µg/m³,VOC,
60101,HYDRO BLDG.,Methylcyclohexane,1992-11-20T00:00,0.278,µg/m³,VOC,
60101,HYDRO BLDG.,Methylcyclohexane,1992-11-26T00:00,0.555,µg/m³,VOC,
60101,HYDRO BLDG.,Methylcyclohexane,1992-12-02T00:00,0.575,µg/m³,VOC,
60101,HYDRO BLDG.,Methylcyclohexane,1992-12-08T00:00,0.219,µg/m³,VOC,
60101,HYDRO BLDG.,Methylcyclohexane,1992-12-14T00:00,0.839,µg/m³,VOC,
60101,HYDRO BLDG.,Methylcyclohexane,1992-12-26T00:00,0.099,µg/m³,VOC,
