﻿NAPS_Site_ID,Station_Name,Pollutant,Date,Value,Units,Report_Type,Method
100112,DOWNTOWN VANCOUVER,Isobutane,2002-01-08T00:00,4.740,µg/m³,VOC,GC-MS
100112,DOWNTOWN VANCOUVER,Isobutane,2002-01-26T00:00,2.630,µg/m³,VOC,GC-MS
100112,DOWNTOWN VANCOUVER,Isobutane,2002-02-13T00:00,5.250,µg/m³,VOC,GC-MS
100112,DOWNTOWN VANCOUVER,Isobutane,2002-03-09T00:00,2.870,µg/m³,VOC,GC-MS
100112,DOWNTOWN VANCOUVER,Isobutane,2002-03-27T00:00,2.670,µg/m³,VOC,GC-MS
100112,DOWNTOWN VANCOUVER,Isobutane,2002-04-14T00:00,0.978,µg/m³,VOC,GC-MS
100112,DOWNTOWN VANCOUVER,Isobutane,2002-05-02T00:00,1.290,µg/m³,VOC,GC-MS
100112,DOWNTOWN VANCOUVER,Isobutane,2002-05-20T00:00,2.373,µg/m³,VOC,GC-MS
100112,DOWNTOWN VANCOUVER,Isobutane,2002-06-07T00:00,0.936,µg/m³,VOC,GC-MS
100112,DOWNTOWN VANCOUVER,Isobutane,2002-06-25T00:00,1.741,µg/m³,VOC,GC-MS
100112,DOWNTOWN VANCOUVER,Isobutane,2002-07-13T00:00,1.875,µg/m³,VOC,GC-MS
100112,DOWNTOWN VANCOUVER,Isobutane,2002-07-31T00:00,0.908,µg/m³,VOC,GC-MS
100112,DOWNTOWN VANCOUVER,Isobutane,2002-08-18T00:00,1.189,µg/m³,VOC,GC-MS
100112,DOWNTOWN VANCOUVER,Isobutane,2002-09-11T00:00,1.851,µg/m³,VOC,GC-MS
100112,DOWNTOWN VANCOUVER,Isobutane,2002-10-05T00:00,1.535,µg/m³,VOC,GC-MS
100112,DOWNTOWN VANCOUVER,Isobutane,2002-10-13T00:00,9.279,µg/m³,VOC,GC-MS
100112,DOWNTOWN VANCOUVER,Isobutane,2002-11-04T00:00,6.961,µg/m³,VOC,GC-MS
100112,DOWNTOWN VANCOUVER,Isobutane,2002-11-22T00:00,2.923,µg/m³,VOC,GC-MS
100112,DOWNTOWN VANCOUVER,Isobutane,2002-12-10T00:00,2.516,µg/m³,VOC,GC-MS
100112,DOWNTOWN VANCOUVER,Isobutane,2002-12-28T00:00,2.468,µg/m³,VOC,GC-MS
