﻿NAPS_Site_ID,Station_Name,Pollutant,Date,Value,Units,Report_Type,Method
60435,ETOBICOKE SOUTH-2,Pentane,2011-01-03T00:00,0.683,µg/m³,VOC,
60435,ETOBICOKE SOUTH-2,Pentane,2011-01-09T00:00,0.871,µg/m³,VOC,
60435,ETOBICOKE SOUTH-2,Pentane,2011-01-15T00:00,0.789,µg/m³,VOC,
60435,ETOBICOKE SOUTH-2,Pentane,2011-01-21T00:00,0.798,µg/m³,VOC,
60435,ETOBICOKE SOUTH-2,Pentane,2011-01-27T00:00,1.337,µg/m³,VOC,
60435,ETOBICOKE SOUTH-2,Pentane,2011-02-02T00:00,1.285,µg/m³,VOC,
60435,ETOBICOKE SOUTH-2,Pentane,2011-02-08T00:00,0.744,µg/m³,VOC,
60435,ETOBICOKE SOUTH-2,Pentane,2011-02-14T00:00,0.738,µg/m³,VOC,
60435,ETOBICOKE SOUTH-2,Pentane,2011-02-20T00:00,0.594,µg/m³,VOC,
60435,ETOBICOKE SOUTH-2,Pentane,2011-02-26T00:00,1.074,µg/m³,VOC,
60435,ETOBICOKE SOUTH-2,Pentane,2011-03-04T00:00,0.849,µg/m³,VOC,
60435,ETOBICOKE SOUTH-2,Pentane,2011-03-10T00:00,0.554,µg/m³,VOC,
60435,ETOBICOKE SOUTH-2,Pentane,2011-03-16T00:00,2.376,µg/m³,VOC,
60435,ETOBICOKE SOUTH-2,Pentane,2011-03-22T00:00,0.584,µg/m³,VOC,
60435,ETOBICOKE SOUTH-2,Pentane,2011-03-28T00:00,0.588,µg/m³,VOC,
