﻿NAPS_Site_ID,Station_Name,Pollutant,Date,Value,Units,Report_Type,Method
30118,VOGUE BUILDING,3-Methylpentane,2000-10-27T00:00,1.340,µg/m³,VOC,
30118,VOGUE BUILDING,3-Methylpentane,2000-11-02T00:00,0.830,µg/m³,VOC,
30118,VOGUE BUILDING,3-Methylpentane,2000-11-08T00:00,0.740,µg/m³,VOC,
30118,VOGUE BUILDING,3-Methylpentane,2000-11-14T00:00,1.550,µg/m³,VOC,
30118,VOGUE BUILDING,3-Methylpentane,2000-11-20T00:00,1.720,µg/m³,VOC,
30118,VOGUE BUILDING,3-Methylpentane,2000-11-26T00:00,0.630,µg/m³,VOC,
30118,VOGUE BUILDING,3-Methylpentane,2000-12-02T00:00,0.400,µg/m³,VOC,
30118,VOGUE BUILDING,3-Methylpentane,2000-12-08T00:00,0.640,µg/m³,VOC,
30118,VOGUE BUILDING,3-Methylpentane,2000-12-14T00:00,1.070,µg/m³,VOC,
30118,VOGUE BUILDING,3-Methylpentane,2000-12-20T00:00,0.850,µg/m³,VOC,
30118,VOGUE BUILDING,3-Methylpentane,2000-12-26T00:00,0.240,µg/m³,VOC,
