﻿NAPS_Site_ID,Station_Name,Pollutant,Date,Value,Units,Report_Type,Method
100119,BURNABY SOUTH,Freon 11,2002-01-02T00:00,1.580,µg/m³,VOC,N/A
100119,BURNABY SOUTH,Freon 11,2002-01-08T00:00,2.280,µg/m³,VOC,N/A
100119,BURNABY SOUTH,Freon 11,2002-01-14T00:00,2.060,µg/m³,VOC,N/A
100119,BURNABY SOUTH,Freon 11,2002-01-17T00:00,1.980,µg/m³,VOC,N/A
100119,BURNABY SOUTH,Freon 11,2002-01-20T00:00,1.560,µg/m³,VOC,N/A
100119,BURNABY SOUTH,Freon 11,2002-01-23T00:00,1.590,µg/m³,VOC,N/A
100119,BURNABY SOUTH,Freon 11,2002-02-01T00:00,1.860,µg/m³,VOC,N/A
100119,BURNABY SOUTH,Freon 11,2002-02-04T00:00,1.830,µg/m³,VOC,N/A
100119,BURNABY SOUTH,Freon 11,2002-02-07T00:00,1.860,µg/m³,VOC,N/A
100119,BURNABY SOUTH,Freon 11,2002-02-10T00:00,1.800,µg/m³,VOC,N/A
100119,BURNABY SOUTH,Freon 11,2002-02-13T00:00,1.970,µg/m³,VOC,N/A
100119,BURNABY SOUTH,Freon 11,2002-02-16T00:00,2.150,µg/m³,VOC,N/A
100119,BURNABY SOUTH,Freon 11,2002-02-19T00:00,1.720,µg/m³,VOC,N/A
100119,BURNABY SOUTH,Freon 11,2002-02-22T00:00,1.870,µg/m³,VOC,N/A
100119,BURNABY SOUTH,Freon 11,2002-02-25T00:00,1.860,µg/m³,VOC,N/A
100119,BURNABY SOUTH,Freon 11,2002-02-28T00:00,1.830,µg/m³,VOC,N/A
100119,BURNABY SOUTH,Freon 11,2002-03-03T00:00,1.830,µg/m³,VOC,N/A
100119,BURNABY SOUTH,Freon 11,2002-03-06T00:00,1.730,µg/m³,VOC,N/A
100119,BURNABY SOUTH,Freon 11,2002-03-09T00:00,1.700,µg/m³,VOC,N/A
100119,BURNABY SOUTH,Freon 11,2002-03-12T00:00,1.680,µg/m³,VOC,N/A
100119,BURNABY SOUTH,Freon 11,2002-03-15T00:00,1.780,µg/m³,VOC,N/A
100119,BURNABY SOUTH,Freon 11,2002-03-18T00:00,1.850,µg/m³,VOC,N/A
100119,BURNABY SOUTH,Freon 11,2002-03-21T00:00,2.530,µg/m³,VOC,N/A
100119,BURNABY SOUTH,Freon 11,2002-03-24T00:00,2.540,µg/m³,VOC,N/A
100119,BURNABY SOUTH,Freon 11,2002-03-27T00:00,2.430,µg/m³,VOC,N/A
100119,BURNABY SOUTH,Freon 11,2002-03-30T00:00,2.450,µg/m³,VOC,N/A
100119,BURNABY SOUTH,Freon 11,2002-04-02T00:00,2.600,µg/m³,VOC,N/A
100119,BURNABY SOUTH,Freon 11,2002-04-05T00:00,1.764,µg/m³,VOC,N/A
100119,BURNABY SOUTH,Freon 11,2002-04-08T00:00,1.791,µg/m³,VOC,N/A
100119,BURNABY SOUTH,Freon 11,2002-04-11T00:00,1.795,µg/m³,VOC,N/A
100119,BURNABY SOUTH,Freon 11,2002-04-14T00:00,1.714,µg/m³,VOC,N/A
100119,BURNABY SOUTH,Freon 11,2002-04-17T00:00,1.827,µg/m³,VOC,N/A
100119,BURNABY SOUTH,Freon 11,2002-04-20T00:00,1.740,µg/m³,VOC,N/A
100119,BURNABY SOUTH,Freon 11,2002-04-23T00:00,1.778,µg/m³,VOC,N/A
100119,BURNABY SOUTH,Freon 11,2002-04-26T00:00,1.847,µg/m³,VOC,N/A
100119,BURNABY SOUTH,Freon 11,2002-04-29T00:00,1.908,µg/m³,VOC,N/A
100119,BURNABY SOUTH,Freon 11,2002-05-02T00:00,1.803,µg/m³,VOC,N/A
100119,BURNABY SOUTH,Freon 11,2002-05-05T00:00,1.746,µg/m³,VOC,N/A
100119,BURNABY SOUTH,Freon 11,2002-05-08T00:00,1.833,µg/m³,VOC,N/A
100119,BURNABY SOUTH,Freon 11,2002-05-11T00:00,1.930,µg/m³,VOC,N/A
100119,BURNABY SOUTH,Freon 11,2002-05-14T00:00,1.851,µg/m³,VOC,N/A
100119,BURNABY SOUTH,Freon 11,2002-05-17T00:00,1.873,µg/m³,VOC,N/A
100119,BURNABY SOUTH,Freon 11,2002-05-20T00:00,1.868,µg/m³,VOC,N/A
100119,BURNABY SOUTH,Freon 11,2002-05-23T00:00,1.905,µg/m³,VOC,N/A
100119,BURNABY SOUTH,Freon 11,2002-05-26T00:00,1.913,µg/m³,VOC,N/A
100119,BURNABY SOUTH,Freon 11,2002-05-29T00:00,1.796,µg/m³,VOC,N/A
100119,BURNABY SOUTH,Freon 11,2002-06-01T00:00,1.945,µg/m³,VOC,N/A
100119,BURNABY SOUTH,Freon 11,2002-06-04T00:00,1.866,µg/m³,VOC,N/A
100119,BURNABY SOUTH,Freon 11,2002-06-07T00:00,1.891,µg/m³,VOC,N/A
100119,BURNABY SOUTH,Freon 11,2002-06-10T00:00,1.913,µg/m³,VOC,N/A
100119,BURNABY SOUTH,Freon 11,2002-06-13T00:00,2.022,µg/m³,VOC,N/A
100119,BURNABY SOUTH,Freon 11,2002-06-16T00:00,1.880,µg/m³,VOC,N/A
100119,BURNABY SOUTH,Freon 11,2002-06-19T00:00,2.020,µg/m³,VOC,N/A
100119,BURNABY SOUTH,Freon 11,2002-06-22T00:00,2.007,µg/m³,VOC,N/A
100119,BURNABY SOUTH,Freon 11,2002-06-25T00:00,2.222,µg/m³,VOC,N/A
100119,BURNABY SOUTH,Freon 11,2002-06-28T00:00,2.133,µg/m³,VOC,N/A
100119,BURNABY SOUTH,Freon 11,2002-07-01T00:00,2.139,µg/m³,VOC,N/A
100119,BURNABY SOUTH,Freon 11,2002-07-04T00:00,2.287,µg/m³,VOC,N/A
100119,BURNABY SOUTH,Freon 11,2002-07-07T00:00,2.199,µg/m³,VOC,N/A
100119,BURNABY SOUTH,Freon 11,2002-07-10T00:00,2.287,µg/m³,VOC,N/A
100119,BURNABY SOUTH,Freon 11,2002-07-13T00:00,2.269,µg/m³,VOC,N/A
100119,BURNABY SOUTH,Freon 11,2002-07-16T00:00,2.164,µg/m³,VOC,N/A
100119,BURNABY SOUTH,Freon 11,2002-07-19T00:00,2.587,µg/m³,VOC,N/A
100119,BURNABY SOUTH,Freon 11,2002-07-22T00:00,2.926,µg/m³,VOC,N/A
100119,BURNABY SOUTH,Freon 11,2002-07-28T00:00,2.469,µg/m³,VOC,N/A
100119,BURNABY SOUTH,Freon 11,2002-07-31T00:00,2.849,µg/m³,VOC,N/A
100119,BURNABY SOUTH,Freon 11,2002-08-03T00:00,2.716,µg/m³,VOC,N/A
100119,BURNABY SOUTH,Freon 11,2002-08-06T00:00,2.708,µg/m³,VOC,N/A
100119,BURNABY SOUTH,Freon 11,2002-08-09T00:00,3.018,µg/m³,VOC,N/A
100119,BURNABY SOUTH,Freon 11,2002-08-12T00:00,3.002,µg/m³,VOC,N/A
100119,BURNABY SOUTH,Freon 11,2002-08-15T00:00,2.848,µg/m³,VOC,N/A
100119,BURNABY SOUTH,Freon 11,2002-08-18T00:00,2.503,µg/m³,VOC,N/A
100119,BURNABY SOUTH,Freon 11,2002-08-21T00:00,4.006,µg/m³,VOC,N/A
100119,BURNABY SOUTH,Freon 11,2002-08-24T00:00,4.447,µg/m³,VOC,N/A
100119,BURNABY SOUTH,Freon 11,2002-08-27T00:00,15.829,µg/m³,VOC,N/A
100119,BURNABY SOUTH,Freon 11,2002-08-30T00:00,10.239,µg/m³,VOC,N/A
100119,BURNABY SOUTH,Freon 11,2002-09-02T00:00,18.695,µg/m³,VOC,N/A
100119,BURNABY SOUTH,Freon 11,2002-09-05T00:00,60.773,µg/m³,VOC,N/A
100119,BURNABY SOUTH,Freon 11,2002-09-08T00:00,30.391,µg/m³,VOC,N/A
100119,BURNABY SOUTH,Freon 11,2002-09-14T00:00,2.317,µg/m³,VOC,N/A
100119,BURNABY SOUTH,Freon 11,2002-09-17T00:00,2.455,µg/m³,VOC,N/A
100119,BURNABY SOUTH,Freon 11,2002-09-20T00:00,2.662,µg/m³,VOC,N/A
100119,BURNABY SOUTH,Freon 11,2002-09-23T00:00,2.801,µg/m³,VOC,N/A
100119,BURNABY SOUTH,Freon 11,2002-09-26T00:00,2.540,µg/m³,VOC,N/A
100119,BURNABY SOUTH,Freon 11,2002-09-29T00:00,2.383,µg/m³,VOC,N/A
100119,BURNABY SOUTH,Freon 11,2002-10-02T00:00,2.561,µg/m³,VOC,N/A
100119,BURNABY SOUTH,Freon 11,2002-10-05T00:00,2.336,µg/m³,VOC,N/A
100119,BURNABY SOUTH,Freon 11,2002-10-11T00:00,2.470,µg/m³,VOC,N/A
100119,BURNABY SOUTH,Freon 11,2002-10-14T00:00,2.502,µg/m³,VOC,N/A
100119,BURNABY SOUTH,Freon 11,2002-10-17T00:00,2.605,µg/m³,VOC,N/A
100119,BURNABY SOUTH,Freon 11,2002-10-20T00:00,2.237,µg/m³,VOC,N/A
100119,BURNABY SOUTH,Freon 11,2002-10-23T00:00,3.350,µg/m³,VOC,N/A
100119,BURNABY SOUTH,Freon 11,2002-10-26T00:00,2.229,µg/m³,VOC,N/A
100119,BURNABY SOUTH,Freon 11,2002-10-29T00:00,2.532,µg/m³,VOC,N/A
100119,BURNABY SOUTH,Freon 11,2002-11-01T00:00,2.510,µg/m³,VOC,N/A
100119,BURNABY SOUTH,Freon 11,2002-11-04T00:00,2.350,µg/m³,VOC,N/A
100119,BURNABY SOUTH,Freon 11,2002-11-07T00:00,2.643,µg/m³,VOC,N/A
100119,BURNABY SOUTH,Freon 11,2002-11-10T00:00,2.593,µg/m³,VOC,N/A
100119,BURNABY SOUTH,Freon 11,2002-11-13T00:00,2.551,µg/m³,VOC,N/A
100119,BURNABY SOUTH,Freon 11,2002-11-16T00:00,2.674,µg/m³,VOC,N/A
100119,BURNABY SOUTH,Freon 11,2002-11-19T00:00,2.773,µg/m³,VOC,N/A
100119,BURNABY SOUTH,Freon 11,2002-11-22T00:00,2.759,µg/m³,VOC,N/A
100119,BURNABY SOUTH,Freon 11,2002-11-25T00:00,2.807,µg/m³,VOC,N/A
100119,BURNABY SOUTH,Freon 11,2002-11-28T00:00,2.449,µg/m³,VOC,N/A
100119,BURNABY SOUTH,Freon 11,2002-12-01T00:00,2.139,µg/m³,VOC,N/A
100119,BURNABY SOUTH,Freon 11,2002-12-04T00:00,2.255,µg/m³,VOC,N/A
100119,BURNABY SOUTH,Freon 11,2002-12-10T00:00,2.028,µg/m³,VOC,N/A
100119,BURNABY SOUTH,Freon 11,2002-12-13T00:00,1.627,µg/m³,VOC,N/A
100119,BURNABY SOUTH,Freon 11,2002-12-16T00:00,1.695,µg/m³,VOC,N/A
100119,BURNABY SOUTH,Freon 11,2002-12-19T00:00,1.653,µg/m³,VOC,N/A
100119,BURNABY SOUTH,Freon 11,2002-12-22T00:00,1.754,µg/m³,VOC,N/A
100119,BURNABY SOUTH,Freon 11,2002-12-25T00:00,1.603,µg/m³,VOC,N/A
100119,BURNABY SOUTH,Freon 11,2002-12-28T00:00,1.709,µg/m³,VOC,N/A
100119,BURNABY SOUTH,Freon 11,2002-12-31T00:00,1.646,µg/m³,VOC,N/A
