﻿NAPS_Site_ID,Station_Name,Pollutant,Date,Value,Units,Report_Type,Method
50129,MONTRÉAL-RIVIÈRE-DES-PRAIRIES,Isobutane,2013-01-04T00:00,1.580,µg/m³,VOC,N/A
50129,MONTRÉAL-RIVIÈRE-DES-PRAIRIES,Isobutane,2013-01-10T00:00,2.268,µg/m³,VOC,N/A
50129,MONTRÉAL-RIVIÈRE-DES-PRAIRIES,Isobutane,2013-01-16T00:00,2.145,µg/m³,VOC,N/A
50129,MONTRÉAL-RIVIÈRE-DES-PRAIRIES,Isobutane,2013-01-22T00:00,0.891,µg/m³,VOC,N/A
50129,MONTRÉAL-RIVIÈRE-DES-PRAIRIES,Isobutane,2013-01-28T00:00,1.858,µg/m³,VOC,N/A
50129,MONTRÉAL-RIVIÈRE-DES-PRAIRIES,Isobutane,2013-02-03T00:00,1.059,µg/m³,VOC,N/A
50129,MONTRÉAL-RIVIÈRE-DES-PRAIRIES,Isobutane,2013-02-09T00:00,1.142,µg/m³,VOC,N/A
50129,MONTRÉAL-RIVIÈRE-DES-PRAIRIES,Isobutane,2013-02-15T00:00,2.004,µg/m³,VOC,N/A
50129,MONTRÉAL-RIVIÈRE-DES-PRAIRIES,Isobutane,2013-02-21T00:00,1.027,µg/m³,VOC,N/A
50129,MONTRÉAL-RIVIÈRE-DES-PRAIRIES,Isobutane,2013-02-27T00:00,0.743,µg/m³,VOC,N/A
50129,MONTRÉAL-RIVIÈRE-DES-PRAIRIES,Isobutane,2013-03-05T00:00,2.076,µg/m³,VOC,N/A
50129,MONTRÉAL-RIVIÈRE-DES-PRAIRIES,Isobutane,2013-03-11T00:00,1.794,µg/m³,VOC,N/A
50129,MONTRÉAL-RIVIÈRE-DES-PRAIRIES,Isobutane,2013-03-17T00:00,0.465,µg/m³,VOC,N/A
50129,MONTRÉAL-RIVIÈRE-DES-PRAIRIES,Isobutane,2013-03-23T00:00,0.400,µg/m³,VOC,N/A
50129,MONTRÉAL-RIVIÈRE-DES-PRAIRIES,Isobutane,2013-03-29T00:00,0.921,µg/m³,VOC,N/A
50129,MONTRÉAL-RIVIÈRE-DES-PRAIRIES,Isobutane,2013-04-04T00:00,0.518,µg/m³,VOC,N/A
50129,MONTRÉAL-RIVIÈRE-DES-PRAIRIES,Isobutane,2013-04-10T00:00,0.701,µg/m³,VOC,N/A
50129,MONTRÉAL-RIVIÈRE-DES-PRAIRIES,Isobutane,2013-04-16T00:00,0.579,µg/m³,VOC,N/A
50129,MONTRÉAL-RIVIÈRE-DES-PRAIRIES,Isobutane,2013-04-22T00:00,3.742,µg/m³,VOC,N/A
50129,MONTRÉAL-RIVIÈRE-DES-PRAIRIES,Isobutane,2013-04-28T00:00,4.662,µg/m³,VOC,N/A
50129,MONTRÉAL-RIVIÈRE-DES-PRAIRIES,Isobutane,2013-05-04T00:00,1.563,µg/m³,VOC,N/A
50129,MONTRÉAL-RIVIÈRE-DES-PRAIRIES,Isobutane,2013-05-10T00:00,0.309,µg/m³,VOC,N/A
50129,MONTRÉAL-RIVIÈRE-DES-PRAIRIES,Isobutane,2013-05-16T00:00,0.484,µg/m³,VOC,N/A
50129,MONTRÉAL-RIVIÈRE-DES-PRAIRIES,Isobutane,2013-05-22T00:00,0.659,µg/m³,VOC,N/A
50129,MONTRÉAL-RIVIÈRE-DES-PRAIRIES,Isobutane,2013-05-28T00:00,1.985,µg/m³,VOC,N/A
50129,MONTRÉAL-RIVIÈRE-DES-PRAIRIES,Isobutane,2013-06-03T00:00,0.151,µg/m³,VOC,N/A
50129,MONTRÉAL-RIVIÈRE-DES-PRAIRIES,Isobutane,2013-06-09T00:00,0.639,µg/m³,VOC,N/A
50129,MONTRÉAL-RIVIÈRE-DES-PRAIRIES,Isobutane,2013-06-15T00:00,0.327,µg/m³,VOC,N/A
50129,MONTRÉAL-RIVIÈRE-DES-PRAIRIES,Isobutane,2013-06-21T00:00,0.431,µg/m³,VOC,N/A
50129,MONTRÉAL-RIVIÈRE-DES-PRAIRIES,Isobutane,2013-06-27T00:00,1.152,µg/m³,VOC,N/A
50129,MONTRÉAL-RIVIÈRE-DES-PRAIRIES,Isobutane,2013-07-03T00:00,0.923,µg/m³,VOC,N/A
50129,MONTRÉAL-RIVIÈRE-DES-PRAIRIES,Isobutane,2013-07-09T00:00,4.135,µg/m³,VOC,N/A
50129,MONTRÉAL-RIVIÈRE-DES-PRAIRIES,Isobutane,2013-07-15T00:00,1.063,µg/m³,VOC,N/A
50129,MONTRÉAL-RIVIÈRE-DES-PRAIRIES,Isobutane,2013-07-21T00:00,0.438,µg/m³,VOC,N/A
50129,MONTRÉAL-RIVIÈRE-DES-PRAIRIES,Isobutane,2013-07-27T00:00,1.043,µg/m³,VOC,N/A
50129,MONTRÉAL-RIVIÈRE-DES-PRAIRIES,Isobutane,2013-08-02T00:00,0.745,µg/m³,VOC,N/A
50129,MONTRÉAL-RIVIÈRE-DES-PRAIRIES,Isobutane,2013-08-08T00:00,0.672,µg/m³,VOC,N/A
50129,MONTRÉAL-RIVIÈRE-DES-PRAIRIES,Isobutane,2013-08-14T00:00,0.159,µg/m³,VOC,N/A
50129,MONTRÉAL-RIVIÈRE-DES-PRAIRIES,Isobutane,2013-08-20T00:00,0.373,µg/m³,VOC,N/A
50129,MONTRÉAL-RIVIÈRE-DES-PRAIRIES,Isobutane,2013-08-26T00:00,0.689,µg/m³,VOC,N/A
50129,MONTRÉAL-RIVIÈRE-DES-PRAIRIES,Isobutane,2013-08-26T00:00,0.723,µg/m³,VOC,N/A
50129,MONTRÉAL-RIVIÈRE-DES-PRAIRIES,Isobutane,2013-09-01T00:00,0.341,µg/m³,VOC,N/A
50129,MONTRÉAL-RIVIÈRE-DES-PRAIRIES,Isobutane,2013-09-07T00:00,0.254,µg/m³,VOC,N/A
50129,MONTRÉAL-RIVIÈRE-DES-PRAIRIES,Isobutane,2013-09-13T00:00,0.202,µg/m³,VOC,N/A
50129,MONTRÉAL-RIVIÈRE-DES-PRAIRIES,Isobutane,2013-09-19T00:00,1.091,µg/m³,VOC,N/A
50129,MONTRÉAL-RIVIÈRE-DES-PRAIRIES,Isobutane,2013-09-25T00:00,0.957,µg/m³,VOC,N/A
50129,MONTRÉAL-RIVIÈRE-DES-PRAIRIES,Isobutane,2013-10-01T00:00,3.232,µg/m³,VOC,N/A
50129,MONTRÉAL-RIVIÈRE-DES-PRAIRIES,Isobutane,2013-10-07T00:00,0.388,µg/m³,VOC,N/A
50129,MONTRÉAL-RIVIÈRE-DES-PRAIRIES,Isobutane,2013-10-13T00:00,3.912,µg/m³,VOC,N/A
50129,MONTRÉAL-RIVIÈRE-DES-PRAIRIES,Isobutane,2013-10-19T00:00,1.454,µg/m³,VOC,N/A
50129,MONTRÉAL-RIVIÈRE-DES-PRAIRIES,Isobutane,2013-10-25T00:00,0.355,µg/m³,VOC,N/A
50129,MONTRÉAL-RIVIÈRE-DES-PRAIRIES,Isobutane,2013-10-31T00:00,3.009,µg/m³,VOC,N/A
50129,MONTRÉAL-RIVIÈRE-DES-PRAIRIES,Isobutane,2013-11-06T00:00,0.858,µg/m³,VOC,N/A
50129,MONTRÉAL-RIVIÈRE-DES-PRAIRIES,Isobutane,2013-11-12T00:00,0.258,µg/m³,VOC,N/A
50129,MONTRÉAL-RIVIÈRE-DES-PRAIRIES,Isobutane,2013-11-18T00:00,0.847,µg/m³,VOC,N/A
50129,MONTRÉAL-RIVIÈRE-DES-PRAIRIES,Isobutane,2013-11-24T00:00,0.297,µg/m³,VOC,N/A
50129,MONTRÉAL-RIVIÈRE-DES-PRAIRIES,Isobutane,2013-11-30T00:00,1.911,µg/m³,VOC,N/A
50129,MONTRÉAL-RIVIÈRE-DES-PRAIRIES,Isobutane,2013-12-06T00:00,0.819,µg/m³,VOC,N/A
50129,MONTRÉAL-RIVIÈRE-DES-PRAIRIES,Isobutane,2013-12-12T00:00,0.922,µg/m³,VOC,N/A
50129,MONTRÉAL-RIVIÈRE-DES-PRAIRIES,Isobutane,2013-12-18T00:00,1.775,µg/m³,VOC,N/A
50129,MONTRÉAL-RIVIÈRE-DES-PRAIRIES,Isobutane,2013-12-24T00:00,0.744,µg/m³,VOC,N/A
50129,MONTRÉAL-RIVIÈRE-DES-PRAIRIES,Isobutane,2013-12-30T00:00,0.745,µg/m³,VOC,N/A
