﻿NAPS_Site_ID,Station_Name,Pollutant,Date,Value,Units,Report_Type,Method
100128,RICHMOND SOUTH,trans-3-Heptene,2002-01-14T00:00,0.060,µg/m³,VOC,GC-MS
100128,RICHMOND SOUTH,trans-3-Heptene,2002-02-01T00:00,0.040,µg/m³,VOC,GC-MS
100128,RICHMOND SOUTH,trans-3-Heptene,2002-02-19T00:00,0.020,µg/m³,VOC,GC-MS
100128,RICHMOND SOUTH,trans-3-Heptene,2002-03-15T00:00,0.020,µg/m³,VOC,GC-MS
100128,RICHMOND SOUTH,trans-3-Heptene,2002-04-02T00:00,0.060,µg/m³,VOC,GC-MS
100128,RICHMOND SOUTH,trans-3-Heptene,2002-04-20T00:00,0.021,µg/m³,VOC,GC-MS
100128,RICHMOND SOUTH,trans-3-Heptene,2002-05-08T00:00,0.023,µg/m³,VOC,GC-MS
100128,RICHMOND SOUTH,trans-3-Heptene,2002-05-26T00:00,0.024,µg/m³,VOC,GC-MS
100128,RICHMOND SOUTH,trans-3-Heptene,2002-06-13T00:00,0.029,µg/m³,VOC,GC-MS
100128,RICHMOND SOUTH,trans-3-Heptene,2002-07-01T00:00,0.011,µg/m³,VOC,GC-MS
100128,RICHMOND SOUTH,trans-3-Heptene,2002-07-19T00:00,0.014,µg/m³,VOC,GC-MS
100128,RICHMOND SOUTH,trans-3-Heptene,2002-08-06T00:00,0.013,µg/m³,VOC,GC-MS
100128,RICHMOND SOUTH,trans-3-Heptene,2002-08-26T00:00,0.011,µg/m³,VOC,GC-MS
100128,RICHMOND SOUTH,trans-3-Heptene,2002-09-14T00:00,0.019,µg/m³,VOC,GC-MS
100128,RICHMOND SOUTH,trans-3-Heptene,2002-10-05T00:00,0.011,µg/m³,VOC,GC-MS
100128,RICHMOND SOUTH,trans-3-Heptene,2002-10-23T00:00,0.039,µg/m³,VOC,GC-MS
100128,RICHMOND SOUTH,trans-3-Heptene,2002-11-10T00:00,0.015,µg/m³,VOC,GC-MS
100128,RICHMOND SOUTH,trans-3-Heptene,2002-12-16T00:00,0.031,µg/m³,VOC,GC-MS
