﻿NAPS_Site_ID,Station_Name,Pollutant,Date,Value,Units,Report_Type,Method
50133,MONTRÉAL-CHENIER,Ethylbenzene,2013-01-04T00:00,0.259,µg/m³,VOC,
50133,MONTRÉAL-CHENIER,Ethylbenzene,2013-01-10T00:00,0.344,µg/m³,VOC,
50133,MONTRÉAL-CHENIER,Ethylbenzene,2013-01-16T00:00,0.260,µg/m³,VOC,
50133,MONTRÉAL-CHENIER,Ethylbenzene,2013-01-22T00:00,0.300,µg/m³,VOC,
50133,MONTRÉAL-CHENIER,Ethylbenzene,2013-01-28T00:00,0.304,µg/m³,VOC,
50133,MONTRÉAL-CHENIER,Ethylbenzene,2013-02-03T00:00,0.377,µg/m³,VOC,
50133,MONTRÉAL-CHENIER,Ethylbenzene,2013-02-09T00:00,0.247,µg/m³,VOC,
50133,MONTRÉAL-CHENIER,Ethylbenzene,2013-02-15T00:00,0.151,µg/m³,VOC,
50133,MONTRÉAL-CHENIER,Ethylbenzene,2013-02-21T00:00,0.151,µg/m³,VOC,
50133,MONTRÉAL-CHENIER,Ethylbenzene,2013-02-27T00:00,0.117,µg/m³,VOC,
50133,MONTRÉAL-CHENIER,Ethylbenzene,2013-03-05T00:00,0.326,µg/m³,VOC,
50133,MONTRÉAL-CHENIER,Ethylbenzene,2013-03-11T00:00,0.147,µg/m³,VOC,
50133,MONTRÉAL-CHENIER,Ethylbenzene,2013-03-17T00:00,0.086,µg/m³,VOC,
50133,MONTRÉAL-CHENIER,Ethylbenzene,2013-03-23T00:00,0.075,µg/m³,VOC,
50133,MONTRÉAL-CHENIER,Ethylbenzene,2013-03-29T00:00,0.131,µg/m³,VOC,
50133,MONTRÉAL-CHENIER,Ethylbenzene,2013-04-04T00:00,0.099,µg/m³,VOC,
50133,MONTRÉAL-CHENIER,Ethylbenzene,2013-04-10T00:00,0.185,µg/m³,VOC,
50133,MONTRÉAL-CHENIER,Ethylbenzene,2013-04-16T00:00,0.111,µg/m³,VOC,
50133,MONTRÉAL-CHENIER,Ethylbenzene,2013-04-22T00:00,0.180,µg/m³,VOC,
50133,MONTRÉAL-CHENIER,Ethylbenzene,2013-04-28T00:00,0.563,µg/m³,VOC,
50133,MONTRÉAL-CHENIER,Ethylbenzene,2013-05-04T00:00,0.557,µg/m³,VOC,
50133,MONTRÉAL-CHENIER,Ethylbenzene,2013-05-10T00:00,0.172,µg/m³,VOC,
50133,MONTRÉAL-CHENIER,Ethylbenzene,2013-05-16T00:00,0.224,µg/m³,VOC,
50133,MONTRÉAL-CHENIER,Ethylbenzene,2013-05-22T00:00,0.274,µg/m³,VOC,
50133,MONTRÉAL-CHENIER,Ethylbenzene,2013-05-28T00:00,0.332,µg/m³,VOC,
50133,MONTRÉAL-CHENIER,Ethylbenzene,2013-06-03T00:00,0.081,µg/m³,VOC,
50133,MONTRÉAL-CHENIER,Ethylbenzene,2013-06-09T00:00,0.216,µg/m³,VOC,
50133,MONTRÉAL-CHENIER,Ethylbenzene,2013-06-15T00:00,0.156,µg/m³,VOC,
50133,MONTRÉAL-CHENIER,Ethylbenzene,2013-06-21T00:00,0.198,µg/m³,VOC,
50133,MONTRÉAL-CHENIER,Ethylbenzene,2013-06-27T00:00,0.200,µg/m³,VOC,
50133,MONTRÉAL-CHENIER,Ethylbenzene,2013-07-03T00:00,0.500,µg/m³,VOC,
50133,MONTRÉAL-CHENIER,Ethylbenzene,2013-07-09T00:00,0.291,µg/m³,VOC,
50133,MONTRÉAL-CHENIER,Ethylbenzene,2013-07-15T00:00,0.226,µg/m³,VOC,
50133,MONTRÉAL-CHENIER,Ethylbenzene,2013-07-21T00:00,0.137,µg/m³,VOC,
50133,MONTRÉAL-CHENIER,Ethylbenzene,2013-07-27T00:00,0.250,µg/m³,VOC,
50133,MONTRÉAL-CHENIER,Ethylbenzene,2013-08-02T00:00,0.126,µg/m³,VOC,
50133,MONTRÉAL-CHENIER,Ethylbenzene,2013-08-08T00:00,0.215,µg/m³,VOC,
50133,MONTRÉAL-CHENIER,Ethylbenzene,2013-08-14T00:00,0.204,µg/m³,VOC,
50133,MONTRÉAL-CHENIER,Ethylbenzene,2013-08-20T00:00,0.147,µg/m³,VOC,
50133,MONTRÉAL-CHENIER,Ethylbenzene,2013-08-26T00:00,0.232,µg/m³,VOC,
50133,MONTRÉAL-CHENIER,Ethylbenzene,2013-09-01T00:00,0.213,µg/m³,VOC,
50133,MONTRÉAL-CHENIER,Ethylbenzene,2013-09-07T00:00,0.097,µg/m³,VOC,
50133,MONTRÉAL-CHENIER,Ethylbenzene,2013-09-13T00:00,0.161,µg/m³,VOC,
50133,MONTRÉAL-CHENIER,Ethylbenzene,2013-09-19T00:00,0.598,µg/m³,VOC,
50133,MONTRÉAL-CHENIER,Ethylbenzene,2013-09-25T00:00,0.586,µg/m³,VOC,
50133,MONTRÉAL-CHENIER,Ethylbenzene,2013-10-01T00:00,1.036,µg/m³,VOC,
50133,MONTRÉAL-CHENIER,Ethylbenzene,2013-10-07T00:00,0.081,µg/m³,VOC,
50133,MONTRÉAL-CHENIER,Ethylbenzene,2013-10-13T00:00,0.214,µg/m³,VOC,
50133,MONTRÉAL-CHENIER,Ethylbenzene,2013-10-19T00:00,0.133,µg/m³,VOC,
50133,MONTRÉAL-CHENIER,Ethylbenzene,2013-10-25T00:00,0.130,µg/m³,VOC,
50133,MONTRÉAL-CHENIER,Ethylbenzene,2013-10-31T00:00,0.238,µg/m³,VOC,
50133,MONTRÉAL-CHENIER,Ethylbenzene,2013-11-06T00:00,0.168,µg/m³,VOC,
50133,MONTRÉAL-CHENIER,Ethylbenzene,2013-11-12T00:00,0.058,µg/m³,VOC,
50133,MONTRÉAL-CHENIER,Ethylbenzene,2013-11-18T00:00,0.077,µg/m³,VOC,
50133,MONTRÉAL-CHENIER,Ethylbenzene,2013-11-24T00:00,0.032,µg/m³,VOC,
50133,MONTRÉAL-CHENIER,Ethylbenzene,2013-11-30T00:00,0.326,µg/m³,VOC,
50133,MONTRÉAL-CHENIER,Ethylbenzene,2013-12-06T00:00,0.092,µg/m³,VOC,
50133,MONTRÉAL-CHENIER,Ethylbenzene,2013-12-12T00:00,0.128,µg/m³,VOC,
50133,MONTRÉAL-CHENIER,Ethylbenzene,2013-12-18T00:00,0.883,µg/m³,VOC,
50133,MONTRÉAL-CHENIER,Ethylbenzene,2013-12-24T00:00,0.147,µg/m³,VOC,
50133,MONTRÉAL-CHENIER,Ethylbenzene,2013-12-30T00:00,0.102,µg/m³,VOC,
