﻿NAPS_Site_ID,Station_Name,Pollutant,Date,Value,Units,Report_Type,Method
102301,CRANBERRY LAKE,12378-P5CDD,1997-01-03T00:00,0.000,pg/m³,PCDD,N/A
102301,CRANBERRY LAKE,12378-P5CDD,1997-01-14T00:00,0.017,pg/m³,PCDD,N/A
102301,CRANBERRY LAKE,12378-P5CDD,1997-03-14T00:00,0.008,pg/m³,PCDD,N/A
102301,CRANBERRY LAKE,12378-P5CDD,1997-04-04T00:00,0.010,pg/m³,PCDD,N/A
102301,CRANBERRY LAKE,12378-P5CDD,1997-09-19T00:00,0.000,pg/m³,PCDD,N/A
102301,CRANBERRY LAKE,12378-P5CDD,1997-09-19T00:00,0.000,pg/m³,PCDD,N/A
