﻿NAPS_Site_ID,Station_Name,Pollutant,Date,Value,Units,Report_Type,Method
100127,SURREY EAST,cis-3-Methyl-2-Pentene,2000-01-01T00:00,0.020,µg/m³,VOC,
100127,SURREY EAST,cis-3-Methyl-2-Pentene,2000-01-25T00:00,0.060,µg/m³,VOC,
100127,SURREY EAST,cis-3-Methyl-2-Pentene,2000-02-12T00:00,0.040,µg/m³,VOC,
100127,SURREY EAST,cis-3-Methyl-2-Pentene,2000-03-13T00:00,0.050,µg/m³,VOC,
100127,SURREY EAST,cis-3-Methyl-2-Pentene,2000-03-31T00:00,0.040,µg/m³,VOC,
100127,SURREY EAST,cis-3-Methyl-2-Pentene,2000-04-18T00:00,0.040,µg/m³,VOC,
100127,SURREY EAST,cis-3-Methyl-2-Pentene,2000-04-30T00:00,0.040,µg/m³,VOC,
100127,SURREY EAST,cis-3-Methyl-2-Pentene,2000-05-06T00:00,0.020,µg/m³,VOC,
100127,SURREY EAST,cis-3-Methyl-2-Pentene,2000-05-24T00:00,0.030,µg/m³,VOC,
100127,SURREY EAST,cis-3-Methyl-2-Pentene,2000-06-11T00:00,0.020,µg/m³,VOC,
100127,SURREY EAST,cis-3-Methyl-2-Pentene,2000-06-29T00:00,0.020,µg/m³,VOC,
100127,SURREY EAST,cis-3-Methyl-2-Pentene,2000-07-17T00:00,0.040,µg/m³,VOC,
100127,SURREY EAST,cis-3-Methyl-2-Pentene,2000-08-04T00:00,0.030,µg/m³,VOC,
100127,SURREY EAST,cis-3-Methyl-2-Pentene,2000-08-28T00:00,0.040,µg/m³,VOC,
100127,SURREY EAST,cis-3-Methyl-2-Pentene,2000-09-14T00:00,0.040,µg/m³,VOC,
100127,SURREY EAST,cis-3-Methyl-2-Pentene,2000-10-09T00:00,0.060,µg/m³,VOC,
100127,SURREY EAST,cis-3-Methyl-2-Pentene,2000-10-27T00:00,0.070,µg/m³,VOC,
100127,SURREY EAST,cis-3-Methyl-2-Pentene,2000-11-14T00:00,0.080,µg/m³,VOC,
100127,SURREY EAST,cis-3-Methyl-2-Pentene,2000-12-02T00:00,0.040,µg/m³,VOC,
