﻿NAPS_Site_ID,Station_Name,Pollutant,Date,Value,Units,Report_Type,Method
50129,MONTRÉAL-RIVIÈRE-DES-PRAIRIES,Acenaphthene,2007-01-12T00:00,0.001,µg/m³,PAH,N/A
50129,MONTRÉAL-RIVIÈRE-DES-PRAIRIES,Acenaphthene,2007-01-24T00:00,0.001,µg/m³,PAH,N/A
50129,MONTRÉAL-RIVIÈRE-DES-PRAIRIES,Acenaphthene,2007-02-05T00:00,0.001,µg/m³,PAH,N/A
50129,MONTRÉAL-RIVIÈRE-DES-PRAIRIES,Acenaphthene,2007-03-01T00:00,0.001,µg/m³,PAH,N/A
50129,MONTRÉAL-RIVIÈRE-DES-PRAIRIES,Acenaphthene,2007-03-13T00:00,0.004,µg/m³,PAH,N/A
50129,MONTRÉAL-RIVIÈRE-DES-PRAIRIES,Acenaphthene,2007-03-25T00:00,0.001,µg/m³,PAH,N/A
50129,MONTRÉAL-RIVIÈRE-DES-PRAIRIES,Acenaphthene,2007-04-06T00:00,0.000,µg/m³,PAH,N/A
50129,MONTRÉAL-RIVIÈRE-DES-PRAIRIES,Acenaphthene,2007-04-18T00:00,0.000,µg/m³,PAH,N/A
50129,MONTRÉAL-RIVIÈRE-DES-PRAIRIES,Acenaphthene,2007-04-30T00:00,0.000,µg/m³,PAH,N/A
50129,MONTRÉAL-RIVIÈRE-DES-PRAIRIES,Acenaphthene,2007-05-12T00:00,0.000,µg/m³,PAH,N/A
50129,MONTRÉAL-RIVIÈRE-DES-PRAIRIES,Acenaphthene,2007-05-24T00:00,0.000,µg/m³,PAH,N/A
50129,MONTRÉAL-RIVIÈRE-DES-PRAIRIES,Acenaphthene,2007-06-05T00:00,0.000,µg/m³,PAH,N/A
50129,MONTRÉAL-RIVIÈRE-DES-PRAIRIES,Acenaphthene,2007-06-17T00:00,0.000,µg/m³,PAH,N/A
50129,MONTRÉAL-RIVIÈRE-DES-PRAIRIES,Acenaphthene,2007-07-11T00:00,0.000,µg/m³,PAH,N/A
50129,MONTRÉAL-RIVIÈRE-DES-PRAIRIES,Acenaphthene,2007-07-23T00:00,0.001,µg/m³,PAH,N/A
50129,MONTRÉAL-RIVIÈRE-DES-PRAIRIES,Acenaphthene,2007-08-16T00:00,0.000,µg/m³,PAH,N/A
50129,MONTRÉAL-RIVIÈRE-DES-PRAIRIES,Acenaphthene,2007-09-09T00:00,0.000,µg/m³,PAH,N/A
50129,MONTRÉAL-RIVIÈRE-DES-PRAIRIES,Acenaphthene,2007-10-03T00:00,0.000,µg/m³,PAH,N/A
50129,MONTRÉAL-RIVIÈRE-DES-PRAIRIES,Acenaphthene,2007-10-27T00:00,0.000,µg/m³,PAH,N/A
50129,MONTRÉAL-RIVIÈRE-DES-PRAIRIES,Acenaphthene,2007-11-08T00:00,0.001,µg/m³,PAH,N/A
50129,MONTRÉAL-RIVIÈRE-DES-PRAIRIES,Acenaphthene,2007-11-20T00:00,0.002,µg/m³,PAH,N/A
50129,MONTRÉAL-RIVIÈRE-DES-PRAIRIES,Acenaphthene,2007-12-02T00:00,0.001,µg/m³,PAH,N/A
50129,MONTRÉAL-RIVIÈRE-DES-PRAIRIES,Acenaphthene,2007-12-14T00:00,0.001,µg/m³,PAH,N/A
