﻿NAPS_Site_ID,Station_Name,Pollutant,Date,Value,Units,Report_Type,Method
80110,REGINA-2505 11TH. AVENUE,"cis-1,4/t-1,3-Dimethylcyclohexane",2013-01-04T00:00,0.042,µg/m³,VOC,N/A
80110,REGINA-2505 11TH. AVENUE,"cis-1,4/t-1,3-Dimethylcyclohexane",2013-01-10T00:00,0.025,µg/m³,VOC,N/A
80110,REGINA-2505 11TH. AVENUE,"cis-1,4/t-1,3-Dimethylcyclohexane",2013-01-16T00:00,0.034,µg/m³,VOC,N/A
80110,REGINA-2505 11TH. AVENUE,"cis-1,4/t-1,3-Dimethylcyclohexane",2013-01-22T00:00,0.027,µg/m³,VOC,N/A
80110,REGINA-2505 11TH. AVENUE,"cis-1,4/t-1,3-Dimethylcyclohexane",2013-01-28T00:00,0.031,µg/m³,VOC,N/A
80110,REGINA-2505 11TH. AVENUE,"cis-1,4/t-1,3-Dimethylcyclohexane",2013-02-03T00:00,0.023,µg/m³,VOC,N/A
80110,REGINA-2505 11TH. AVENUE,"cis-1,4/t-1,3-Dimethylcyclohexane",2013-02-09T00:00,0.024,µg/m³,VOC,N/A
80110,REGINA-2505 11TH. AVENUE,"cis-1,4/t-1,3-Dimethylcyclohexane",2013-02-15T00:00,0.014,µg/m³,VOC,N/A
80110,REGINA-2505 11TH. AVENUE,"cis-1,4/t-1,3-Dimethylcyclohexane",2013-02-21T00:00,0.026,µg/m³,VOC,N/A
80110,REGINA-2505 11TH. AVENUE,"cis-1,4/t-1,3-Dimethylcyclohexane",2013-02-27T00:00,0.016,µg/m³,VOC,N/A
80110,REGINA-2505 11TH. AVENUE,"cis-1,4/t-1,3-Dimethylcyclohexane",2013-03-05T00:00,0.027,µg/m³,VOC,N/A
80110,REGINA-2505 11TH. AVENUE,"cis-1,4/t-1,3-Dimethylcyclohexane",2013-03-11T00:00,0.019,µg/m³,VOC,N/A
80110,REGINA-2505 11TH. AVENUE,"cis-1,4/t-1,3-Dimethylcyclohexane",2013-03-19T00:00,0.027,µg/m³,VOC,N/A
80110,REGINA-2505 11TH. AVENUE,"cis-1,4/t-1,3-Dimethylcyclohexane",2013-03-23T00:00,0.047,µg/m³,VOC,N/A
80110,REGINA-2505 11TH. AVENUE,"cis-1,4/t-1,3-Dimethylcyclohexane",2013-03-29T00:00,0.035,µg/m³,VOC,N/A
80110,REGINA-2505 11TH. AVENUE,"cis-1,4/t-1,3-Dimethylcyclohexane",2013-04-04T00:00,0.029,µg/m³,VOC,N/A
80110,REGINA-2505 11TH. AVENUE,"cis-1,4/t-1,3-Dimethylcyclohexane",2013-04-10T00:00,0.035,µg/m³,VOC,N/A
80110,REGINA-2505 11TH. AVENUE,"cis-1,4/t-1,3-Dimethylcyclohexane",2013-04-16T00:00,0.039,µg/m³,VOC,N/A
80110,REGINA-2505 11TH. AVENUE,"cis-1,4/t-1,3-Dimethylcyclohexane",2013-04-22T00:00,0.025,µg/m³,VOC,N/A
80110,REGINA-2505 11TH. AVENUE,"cis-1,4/t-1,3-Dimethylcyclohexane",2013-04-28T00:00,0.018,µg/m³,VOC,N/A
80110,REGINA-2505 11TH. AVENUE,"cis-1,4/t-1,3-Dimethylcyclohexane",2013-05-04T00:00,0.018,µg/m³,VOC,N/A
80110,REGINA-2505 11TH. AVENUE,"cis-1,4/t-1,3-Dimethylcyclohexane",2013-05-10T00:00,0.014,µg/m³,VOC,N/A
80110,REGINA-2505 11TH. AVENUE,"cis-1,4/t-1,3-Dimethylcyclohexane",2013-05-16T00:00,0.038,µg/m³,VOC,N/A
80110,REGINA-2505 11TH. AVENUE,"cis-1,4/t-1,3-Dimethylcyclohexane",2013-06-03T00:00,0.030,µg/m³,VOC,N/A
80110,REGINA-2505 11TH. AVENUE,"cis-1,4/t-1,3-Dimethylcyclohexane",2013-06-09T00:00,0.026,µg/m³,VOC,N/A
80110,REGINA-2505 11TH. AVENUE,"cis-1,4/t-1,3-Dimethylcyclohexane",2013-06-15T00:00,3.568,µg/m³,VOC,N/A
80110,REGINA-2505 11TH. AVENUE,"cis-1,4/t-1,3-Dimethylcyclohexane",2013-06-21T00:00,1.456,µg/m³,VOC,N/A
80110,REGINA-2505 11TH. AVENUE,"cis-1,4/t-1,3-Dimethylcyclohexane",2013-06-27T00:00,0.884,µg/m³,VOC,N/A
80110,REGINA-2505 11TH. AVENUE,"cis-1,4/t-1,3-Dimethylcyclohexane",2013-07-03T00:00,0.673,µg/m³,VOC,N/A
80110,REGINA-2505 11TH. AVENUE,"cis-1,4/t-1,3-Dimethylcyclohexane",2013-07-09T00:00,0.430,µg/m³,VOC,N/A
80110,REGINA-2505 11TH. AVENUE,"cis-1,4/t-1,3-Dimethylcyclohexane",2013-07-15T00:00,0.394,µg/m³,VOC,N/A
80110,REGINA-2505 11TH. AVENUE,"cis-1,4/t-1,3-Dimethylcyclohexane",2013-07-21T00:00,0.366,µg/m³,VOC,N/A
80110,REGINA-2505 11TH. AVENUE,"cis-1,4/t-1,3-Dimethylcyclohexane",2013-08-09T00:00,0.168,µg/m³,VOC,N/A
80110,REGINA-2505 11TH. AVENUE,"cis-1,4/t-1,3-Dimethylcyclohexane",2013-08-14T00:00,0.183,µg/m³,VOC,N/A
80110,REGINA-2505 11TH. AVENUE,"cis-1,4/t-1,3-Dimethylcyclohexane",2013-08-20T00:00,0.143,µg/m³,VOC,N/A
80110,REGINA-2505 11TH. AVENUE,"cis-1,4/t-1,3-Dimethylcyclohexane",2013-08-26T00:00,0.050,µg/m³,VOC,N/A
80110,REGINA-2505 11TH. AVENUE,"cis-1,4/t-1,3-Dimethylcyclohexane",2013-09-01T00:00,0.038,µg/m³,VOC,N/A
80110,REGINA-2505 11TH. AVENUE,"cis-1,4/t-1,3-Dimethylcyclohexane",2013-09-07T00:00,0.035,µg/m³,VOC,N/A
80110,REGINA-2505 11TH. AVENUE,"cis-1,4/t-1,3-Dimethylcyclohexane",2013-09-13T00:00,0.045,µg/m³,VOC,N/A
80110,REGINA-2505 11TH. AVENUE,"cis-1,4/t-1,3-Dimethylcyclohexane",2013-09-19T00:00,0.039,µg/m³,VOC,N/A
80110,REGINA-2505 11TH. AVENUE,"cis-1,4/t-1,3-Dimethylcyclohexane",2013-09-25T00:00,0.042,µg/m³,VOC,N/A
80110,REGINA-2505 11TH. AVENUE,"cis-1,4/t-1,3-Dimethylcyclohexane",2013-10-01T00:00,0.024,µg/m³,VOC,N/A
80110,REGINA-2505 11TH. AVENUE,"cis-1,4/t-1,3-Dimethylcyclohexane",2013-10-07T00:00,0.028,µg/m³,VOC,N/A
80110,REGINA-2505 11TH. AVENUE,"cis-1,4/t-1,3-Dimethylcyclohexane",2013-10-13T00:00,0.030,µg/m³,VOC,N/A
80110,REGINA-2505 11TH. AVENUE,"cis-1,4/t-1,3-Dimethylcyclohexane",2013-10-19T00:00,0.021,µg/m³,VOC,N/A
80110,REGINA-2505 11TH. AVENUE,"cis-1,4/t-1,3-Dimethylcyclohexane",2013-10-25T00:00,0.019,µg/m³,VOC,N/A
80110,REGINA-2505 11TH. AVENUE,"cis-1,4/t-1,3-Dimethylcyclohexane",2013-10-31T00:00,0.029,µg/m³,VOC,N/A
80110,REGINA-2505 11TH. AVENUE,"cis-1,4/t-1,3-Dimethylcyclohexane",2013-11-06T00:00,0.046,µg/m³,VOC,N/A
80110,REGINA-2505 11TH. AVENUE,"cis-1,4/t-1,3-Dimethylcyclohexane",2013-11-12T00:00,0.026,µg/m³,VOC,N/A
80110,REGINA-2505 11TH. AVENUE,"cis-1,4/t-1,3-Dimethylcyclohexane",2013-11-18T00:00,0.021,µg/m³,VOC,N/A
80110,REGINA-2505 11TH. AVENUE,"cis-1,4/t-1,3-Dimethylcyclohexane",2013-11-24T00:00,0.021,µg/m³,VOC,N/A
80110,REGINA-2505 11TH. AVENUE,"cis-1,4/t-1,3-Dimethylcyclohexane",2013-11-30T00:00,0.049,µg/m³,VOC,N/A
80110,REGINA-2505 11TH. AVENUE,"cis-1,4/t-1,3-Dimethylcyclohexane",2013-12-06T00:00,0.026,µg/m³,VOC,N/A
80110,REGINA-2505 11TH. AVENUE,"cis-1,4/t-1,3-Dimethylcyclohexane",2013-12-12T00:00,0.039,µg/m³,VOC,N/A
80110,REGINA-2505 11TH. AVENUE,"cis-1,4/t-1,3-Dimethylcyclohexane",2013-12-18T00:00,0.034,µg/m³,VOC,N/A
80110,REGINA-2505 11TH. AVENUE,"cis-1,4/t-1,3-Dimethylcyclohexane",2013-12-24T00:00,0.020,µg/m³,VOC,N/A
80110,REGINA-2505 11TH. AVENUE,"cis-1,4/t-1,3-Dimethylcyclohexane",2013-12-30T00:00,0.024,µg/m³,VOC,N/A
