﻿NAPS_Site_ID,Station_Name,Pollutant,Date,Value,Units,Report_Type,Method
90230,CALGARY CENTRAL - INGLEWOOD,2-Methylpentane,2018-01-02T00:00,0.694,µg/m³,VOC,GC-MS
90230,CALGARY CENTRAL - INGLEWOOD,2-Methylpentane,2018-01-08T00:00,2.335,µg/m³,VOC,GC-MS
90230,CALGARY CENTRAL - INGLEWOOD,2-Methylpentane,2018-01-14T00:00,0.882,µg/m³,VOC,GC-MS
90230,CALGARY CENTRAL - INGLEWOOD,2-Methylpentane,2018-01-20T00:00,0.452,µg/m³,VOC,GC-MS
90230,CALGARY CENTRAL - INGLEWOOD,2-Methylpentane,2018-01-26T00:00,0.999,µg/m³,VOC,GC-MS
90230,CALGARY CENTRAL - INGLEWOOD,2-Methylpentane,2018-02-01T00:00,0.594,µg/m³,VOC,GC-MS
90230,CALGARY CENTRAL - INGLEWOOD,2-Methylpentane,2018-02-19T00:00,0.252,µg/m³,VOC,GC-MS
90230,CALGARY CENTRAL - INGLEWOOD,2-Methylpentane,2018-02-25T00:00,0.473,µg/m³,VOC,GC-MS
90230,CALGARY CENTRAL - INGLEWOOD,2-Methylpentane,2018-03-03T00:00,0.282,µg/m³,VOC,GC-MS
90230,CALGARY CENTRAL - INGLEWOOD,2-Methylpentane,2018-03-09T00:00,0.957,µg/m³,VOC,GC-MS
90230,CALGARY CENTRAL - INGLEWOOD,2-Methylpentane,2018-03-15T00:00,1.083,µg/m³,VOC,GC-MS
90230,CALGARY CENTRAL - INGLEWOOD,2-Methylpentane,2018-03-21T00:00,0.782,µg/m³,VOC,GC-MS
90230,CALGARY CENTRAL - INGLEWOOD,2-Methylpentane,2018-03-27T00:00,0.345,µg/m³,VOC,GC-MS
90230,CALGARY CENTRAL - INGLEWOOD,2-Methylpentane,2018-04-02T00:00,0.158,µg/m³,VOC,GC-MS
90230,CALGARY CENTRAL - INGLEWOOD,2-Methylpentane,2018-04-08T00:00,0.259,µg/m³,VOC,GC-MS
90230,CALGARY CENTRAL - INGLEWOOD,2-Methylpentane,2018-04-14T00:00,0.812,µg/m³,VOC,GC-MS
90230,CALGARY CENTRAL - INGLEWOOD,2-Methylpentane,2018-04-20T00:00,0.412,µg/m³,VOC,GC-MS
90230,CALGARY CENTRAL - INGLEWOOD,2-Methylpentane,2018-04-26T00:00,0.360,µg/m³,VOC,GC-MS
90230,CALGARY CENTRAL - INGLEWOOD,2-Methylpentane,2018-05-02T00:00,0.211,µg/m³,VOC,GC-MS
90230,CALGARY CENTRAL - INGLEWOOD,2-Methylpentane,2018-05-08T00:00,0.104,µg/m³,VOC,GC-MS
90230,CALGARY CENTRAL - INGLEWOOD,2-Methylpentane,2018-05-14T00:00,0.535,µg/m³,VOC,GC-MS
90230,CALGARY CENTRAL - INGLEWOOD,2-Methylpentane,2018-05-20T00:00,0.296,µg/m³,VOC,GC-MS
90230,CALGARY CENTRAL - INGLEWOOD,2-Methylpentane,2018-05-26T00:00,0.181,µg/m³,VOC,GC-MS
90230,CALGARY CENTRAL - INGLEWOOD,2-Methylpentane,2018-06-01T00:00,0.247,µg/m³,VOC,GC-MS
90230,CALGARY CENTRAL - INGLEWOOD,2-Methylpentane,2018-06-07T00:00,0.416,µg/m³,VOC,GC-MS
90230,CALGARY CENTRAL - INGLEWOOD,2-Methylpentane,2018-06-13T00:00,0.138,µg/m³,VOC,GC-MS
90230,CALGARY CENTRAL - INGLEWOOD,2-Methylpentane,2018-06-19T00:00,0.246,µg/m³,VOC,GC-MS
90230,CALGARY CENTRAL - INGLEWOOD,2-Methylpentane,2018-06-25T00:00,0.226,µg/m³,VOC,GC-MS
90230,CALGARY CENTRAL - INGLEWOOD,2-Methylpentane,2018-07-01T00:00,0.164,µg/m³,VOC,GC-MS
90230,CALGARY CENTRAL - INGLEWOOD,2-Methylpentane,2018-07-07T00:00,0.195,µg/m³,VOC,GC-MS
90230,CALGARY CENTRAL - INGLEWOOD,2-Methylpentane,2018-07-13T00:00,0.420,µg/m³,VOC,GC-MS
90230,CALGARY CENTRAL - INGLEWOOD,2-Methylpentane,2018-07-19T00:00,0.758,µg/m³,VOC,GC-MS
90230,CALGARY CENTRAL - INGLEWOOD,2-Methylpentane,2018-07-25T00:00,0.428,µg/m³,VOC,GC-MS
90230,CALGARY CENTRAL - INGLEWOOD,2-Methylpentane,2018-07-31T00:00,0.402,µg/m³,VOC,GC-MS
90230,CALGARY CENTRAL - INGLEWOOD,2-Methylpentane,2018-08-12T00:00,0.321,µg/m³,VOC,GC-MS
90230,CALGARY CENTRAL - INGLEWOOD,2-Methylpentane,2018-08-18T00:00,0.488,µg/m³,VOC,GC-MS
90230,CALGARY CENTRAL - INGLEWOOD,2-Methylpentane,2018-08-24T00:00,0.384,µg/m³,VOC,GC-MS
90230,CALGARY CENTRAL - INGLEWOOD,2-Methylpentane,2018-08-30T00:00,0.252,µg/m³,VOC,GC-MS
90230,CALGARY CENTRAL - INGLEWOOD,2-Methylpentane,2018-09-29T00:00,0.154,µg/m³,VOC,GC-MS
90230,CALGARY CENTRAL - INGLEWOOD,2-Methylpentane,2018-10-05T00:00,0.761,µg/m³,VOC,GC-MS
90230,CALGARY CENTRAL - INGLEWOOD,2-Methylpentane,2018-10-11T00:00,0.503,µg/m³,VOC,GC-MS
90230,CALGARY CENTRAL - INGLEWOOD,2-Methylpentane,2018-10-17T00:00,0.552,µg/m³,VOC,GC-MS
90230,CALGARY CENTRAL - INGLEWOOD,2-Methylpentane,2018-10-23T00:00,1.103,µg/m³,VOC,GC-MS
90230,CALGARY CENTRAL - INGLEWOOD,2-Methylpentane,2018-10-29T00:00,0.523,µg/m³,VOC,GC-MS
90230,CALGARY CENTRAL - INGLEWOOD,2-Methylpentane,2018-11-04T00:00,0.758,µg/m³,VOC,GC-MS
90230,CALGARY CENTRAL - INGLEWOOD,2-Methylpentane,2018-11-10T00:00,0.122,µg/m³,VOC,GC-MS
90230,CALGARY CENTRAL - INGLEWOOD,2-Methylpentane,2018-11-16T00:00,0.429,µg/m³,VOC,GC-MS
90230,CALGARY CENTRAL - INGLEWOOD,2-Methylpentane,2018-11-22T00:00,1.734,µg/m³,VOC,GC-MS
90230,CALGARY CENTRAL - INGLEWOOD,2-Methylpentane,2018-11-28T00:00,0.996,µg/m³,VOC,GC-MS
90230,CALGARY CENTRAL - INGLEWOOD,2-Methylpentane,2018-12-04T00:00,0.763,µg/m³,VOC,GC-MS
90230,CALGARY CENTRAL - INGLEWOOD,2-Methylpentane,2018-12-10T00:00,0.193,µg/m³,VOC,GC-MS
90230,CALGARY CENTRAL - INGLEWOOD,2-Methylpentane,2018-12-16T00:00,0.727,µg/m³,VOC,GC-MS
90230,CALGARY CENTRAL - INGLEWOOD,2-Methylpentane,2018-12-22T00:00,0.340,µg/m³,VOC,GC-MS
