﻿NAPS_Site_ID,Station_Name,Pollutant,Date,Value,Units,Report_Type,Method
70119,ELLEN,Freon 114,2022-10-20T00:00,0.914,µg/m³,VOC,GC-MS
70119,ELLEN,Freon 114,2022-10-26T00:00,0.096,µg/m³,VOC,GC-MS
70119,ELLEN,Freon 114,2022-11-01T00:00,0.096,µg/m³,VOC,GC-MS
70119,ELLEN,Freon 114,2022-11-07T00:00,0.118,µg/m³,VOC,GC-MS
70119,ELLEN,Freon 114,2022-11-13T00:00,0.108,µg/m³,VOC,GC-MS
70119,ELLEN,Freon 114,2022-11-19T00:00,0.108,µg/m³,VOC,GC-MS
70119,ELLEN,Freon 114,2022-12-01T00:00,0.110,µg/m³,VOC,GC-MS
