﻿NAPS_Site_ID,Station_Name,Pollutant,Date,Value,Units,Report_Type,Method
101101,CHILLIWACK AIRPORT,Decane,2006-01-17T00:00,0.133,µg/m³,VOC,N/A
101101,CHILLIWACK AIRPORT,Decane,2006-02-04T00:00,0.052,µg/m³,VOC,N/A
101101,CHILLIWACK AIRPORT,Decane,2006-02-22T00:00,0.117,µg/m³,VOC,N/A
101101,CHILLIWACK AIRPORT,Decane,2006-03-12T00:00,0.143,µg/m³,VOC,N/A
101101,CHILLIWACK AIRPORT,Decane,2006-03-30T00:00,0.056,µg/m³,VOC,N/A
101101,CHILLIWACK AIRPORT,Decane,2006-04-17T00:00,0.100,µg/m³,VOC,N/A
101101,CHILLIWACK AIRPORT,Decane,2006-05-05T00:00,0.116,µg/m³,VOC,N/A
101101,CHILLIWACK AIRPORT,Decane,2006-05-23T00:00,0.042,µg/m³,VOC,N/A
101101,CHILLIWACK AIRPORT,Decane,2006-06-10T00:00,0.038,µg/m³,VOC,N/A
101101,CHILLIWACK AIRPORT,Decane,2006-07-16T00:00,0.075,µg/m³,VOC,N/A
101101,CHILLIWACK AIRPORT,Decane,2006-08-03T00:00,0.136,µg/m³,VOC,N/A
101101,CHILLIWACK AIRPORT,Decane,2006-08-21T00:00,0.163,µg/m³,VOC,N/A
101101,CHILLIWACK AIRPORT,Decane,2006-09-08T00:00,0.174,µg/m³,VOC,N/A
101101,CHILLIWACK AIRPORT,Decane,2006-09-26T00:00,0.259,µg/m³,VOC,N/A
101101,CHILLIWACK AIRPORT,Decane,2006-10-14T00:00,0.228,µg/m³,VOC,N/A
101101,CHILLIWACK AIRPORT,Decane,2006-11-07T00:00,0.153,µg/m³,VOC,N/A
101101,CHILLIWACK AIRPORT,Decane,2006-11-19T00:00,0.042,µg/m³,VOC,N/A
101101,CHILLIWACK AIRPORT,Decane,2006-12-07T00:00,0.068,µg/m³,VOC,N/A
101101,CHILLIWACK AIRPORT,Decane,2006-12-25T00:00,0.106,µg/m³,VOC,N/A
