﻿NAPS_Site_ID,Station_Name,Pollutant,Date,Value,Units,Report_Type,Method
60429,JUDSON ST. & ETONA CT. _ETOBICOKE_ (moved to kipling),PCB-156,2006-07-16T00:00,0.452,pg/m³,PCB,GC-MS
60429,JUDSON ST. & ETONA CT. _ETOBICOKE_ (moved to kipling),PCB-156,2006-09-26T00:00,0.176,pg/m³,PCB,GC-MS
60429,JUDSON ST. & ETONA CT. _ETOBICOKE_ (moved to kipling),PCB-156,2006-10-20T00:00,0.100,pg/m³,PCB,GC-MS
60429,JUDSON ST. & ETONA CT. _ETOBICOKE_ (moved to kipling),PCB-156,2006-11-13T00:00,0.094,pg/m³,PCB,GC-MS
60429,JUDSON ST. & ETONA CT. _ETOBICOKE_ (moved to kipling),PCB-156,2006-12-07T00:00,0.064,pg/m³,PCB,GC-MS
