﻿NAPS_Site_ID,Station_Name,Pollutant,Date,Value,Units,Report_Type,Method
30118,VOGUE BUILDING,Dodecane,1991-01-06T00:00,0.104,µg/m³,VOC,
30118,VOGUE BUILDING,Dodecane,1991-01-12T00:00,0.236,µg/m³,VOC,
30118,VOGUE BUILDING,Dodecane,1991-01-18T00:00,0.210,µg/m³,VOC,
30118,VOGUE BUILDING,Dodecane,1991-01-24T00:00,0.219,µg/m³,VOC,
30118,VOGUE BUILDING,Dodecane,1991-01-30T00:00,1.306,µg/m³,VOC,
30118,VOGUE BUILDING,Dodecane,1991-02-11T00:00,0.118,µg/m³,VOC,
30118,VOGUE BUILDING,Dodecane,1991-02-17T00:00,0.069,µg/m³,VOC,
30118,VOGUE BUILDING,Dodecane,1991-02-23T00:00,0.000,µg/m³,VOC,
30118,VOGUE BUILDING,Dodecane,1991-03-01T00:00,0.642,µg/m³,VOC,
30118,VOGUE BUILDING,Dodecane,1991-03-07T00:00,0.315,µg/m³,VOC,
30118,VOGUE BUILDING,Dodecane,1991-03-13T00:00,0.055,µg/m³,VOC,
30118,VOGUE BUILDING,Dodecane,1991-03-19T00:00,0.096,µg/m³,VOC,
30118,VOGUE BUILDING,Dodecane,1991-03-25T00:00,0.126,µg/m³,VOC,
30118,VOGUE BUILDING,Dodecane,1991-03-31T00:00,0.553,µg/m³,VOC,
30118,VOGUE BUILDING,Dodecane,1991-04-06T00:00,0.106,µg/m³,VOC,
30118,VOGUE BUILDING,Dodecane,1991-04-12T00:00,0.081,µg/m³,VOC,
30118,VOGUE BUILDING,Dodecane,1991-04-18T00:00,0.166,µg/m³,VOC,
30118,VOGUE BUILDING,Dodecane,1991-04-24T00:00,0.149,µg/m³,VOC,
30118,VOGUE BUILDING,Dodecane,1991-04-30T00:00,0.169,µg/m³,VOC,
30118,VOGUE BUILDING,Dodecane,1991-05-06T00:00,0.437,µg/m³,VOC,
30118,VOGUE BUILDING,Dodecane,1991-05-12T00:00,0.048,µg/m³,VOC,
30118,VOGUE BUILDING,Dodecane,1991-05-18T00:00,0.074,µg/m³,VOC,
30118,VOGUE BUILDING,Dodecane,1991-05-24T00:00,0.145,µg/m³,VOC,
30118,VOGUE BUILDING,Dodecane,1991-05-30T00:00,0.192,µg/m³,VOC,
30118,VOGUE BUILDING,Dodecane,1991-06-05T00:00,0.212,µg/m³,VOC,
30118,VOGUE BUILDING,Dodecane,1991-06-11T00:00,0.189,µg/m³,VOC,
30118,VOGUE BUILDING,Dodecane,1991-06-29T00:00,0.155,µg/m³,VOC,
30118,VOGUE BUILDING,Dodecane,1991-07-05T00:00,0.425,µg/m³,VOC,
30118,VOGUE BUILDING,Dodecane,1991-07-11T00:00,0.294,µg/m³,VOC,
30118,VOGUE BUILDING,Dodecane,1991-07-17T00:00,0.188,µg/m³,VOC,
30118,VOGUE BUILDING,Dodecane,1991-07-23T00:00,0.246,µg/m³,VOC,
30118,VOGUE BUILDING,Dodecane,1991-07-29T00:00,0.647,µg/m³,VOC,
30118,VOGUE BUILDING,Dodecane,1991-08-04T00:00,0.807,µg/m³,VOC,
30118,VOGUE BUILDING,Dodecane,1991-08-10T00:00,0.416,µg/m³,VOC,
30118,VOGUE BUILDING,Dodecane,1991-08-16T00:00,0.293,µg/m³,VOC,
30118,VOGUE BUILDING,Dodecane,1991-08-22T00:00,0.423,µg/m³,VOC,
30118,VOGUE BUILDING,Dodecane,1991-08-28T00:00,0.448,µg/m³,VOC,
30118,VOGUE BUILDING,Dodecane,1991-09-03T00:00,0.160,µg/m³,VOC,
30118,VOGUE BUILDING,Dodecane,1991-09-09T00:00,0.224,µg/m³,VOC,
30118,VOGUE BUILDING,Dodecane,1991-10-15T00:00,0.303,µg/m³,VOC,
30118,VOGUE BUILDING,Dodecane,1991-10-21T00:00,0.204,µg/m³,VOC,
30118,VOGUE BUILDING,Dodecane,1991-10-27T00:00,0.139,µg/m³,VOC,
30118,VOGUE BUILDING,Dodecane,1991-11-02T00:00,0.183,µg/m³,VOC,
30118,VOGUE BUILDING,Dodecane,1991-11-08T00:00,0.200,µg/m³,VOC,
30118,VOGUE BUILDING,Dodecane,1991-11-14T00:00,0.215,µg/m³,VOC,
30118,VOGUE BUILDING,Dodecane,1991-11-20T00:00,0.412,µg/m³,VOC,
