﻿NAPS_Site_ID,Station_Name,Pollutant,Date,Value,Units,Report_Type,Method
60429,JUDSON ST. & ETONA CT. _ETOBICOKE_ (moved to kipling),3-Methylhexane,2006-01-05T00:00,0.248,µg/m³,VOC,
60429,JUDSON ST. & ETONA CT. _ETOBICOKE_ (moved to kipling),3-Methylhexane,2006-01-11T00:00,2.668,µg/m³,VOC,
60429,JUDSON ST. & ETONA CT. _ETOBICOKE_ (moved to kipling),3-Methylhexane,2006-01-17T00:00,0.124,µg/m³,VOC,
60429,JUDSON ST. & ETONA CT. _ETOBICOKE_ (moved to kipling),3-Methylhexane,2006-01-23T00:00,0.436,µg/m³,VOC,
60429,JUDSON ST. & ETONA CT. _ETOBICOKE_ (moved to kipling),3-Methylhexane,2006-01-29T00:00,0.235,µg/m³,VOC,
60429,JUDSON ST. & ETONA CT. _ETOBICOKE_ (moved to kipling),3-Methylhexane,2006-02-04T00:00,0.263,µg/m³,VOC,
60429,JUDSON ST. & ETONA CT. _ETOBICOKE_ (moved to kipling),3-Methylhexane,2006-02-10T00:00,0.439,µg/m³,VOC,
60429,JUDSON ST. & ETONA CT. _ETOBICOKE_ (moved to kipling),3-Methylhexane,2006-02-16T00:00,0.209,µg/m³,VOC,
60429,JUDSON ST. & ETONA CT. _ETOBICOKE_ (moved to kipling),3-Methylhexane,2006-02-22T00:00,0.443,µg/m³,VOC,
60429,JUDSON ST. & ETONA CT. _ETOBICOKE_ (moved to kipling),3-Methylhexane,2006-03-06T00:00,0.240,µg/m³,VOC,
60429,JUDSON ST. & ETONA CT. _ETOBICOKE_ (moved to kipling),3-Methylhexane,2006-03-12T00:00,0.421,µg/m³,VOC,
60429,JUDSON ST. & ETONA CT. _ETOBICOKE_ (moved to kipling),3-Methylhexane,2006-03-18T00:00,0.095,µg/m³,VOC,
60429,JUDSON ST. & ETONA CT. _ETOBICOKE_ (moved to kipling),3-Methylhexane,2006-03-24T00:00,0.274,µg/m³,VOC,
60429,JUDSON ST. & ETONA CT. _ETOBICOKE_ (moved to kipling),3-Methylhexane,2006-03-30T00:00,0.706,µg/m³,VOC,
60429,JUDSON ST. & ETONA CT. _ETOBICOKE_ (moved to kipling),3-Methylhexane,2006-06-16T00:00,0.754,µg/m³,VOC,
60429,JUDSON ST. & ETONA CT. _ETOBICOKE_ (moved to kipling),3-Methylhexane,2006-06-22T00:00,0.335,µg/m³,VOC,
60429,JUDSON ST. & ETONA CT. _ETOBICOKE_ (moved to kipling),3-Methylhexane,2006-06-28T00:00,0.521,µg/m³,VOC,
60429,JUDSON ST. & ETONA CT. _ETOBICOKE_ (moved to kipling),3-Methylhexane,2006-07-04T00:00,0.276,µg/m³,VOC,
60429,JUDSON ST. & ETONA CT. _ETOBICOKE_ (moved to kipling),3-Methylhexane,2006-07-10T00:00,0.442,µg/m³,VOC,
60429,JUDSON ST. & ETONA CT. _ETOBICOKE_ (moved to kipling),3-Methylhexane,2006-07-16T00:00,0.353,µg/m³,VOC,
60429,JUDSON ST. & ETONA CT. _ETOBICOKE_ (moved to kipling),3-Methylhexane,2006-07-22T00:00,0.462,µg/m³,VOC,
60429,JUDSON ST. & ETONA CT. _ETOBICOKE_ (moved to kipling),3-Methylhexane,2006-07-28T00:00,0.546,µg/m³,VOC,
60429,JUDSON ST. & ETONA CT. _ETOBICOKE_ (moved to kipling),3-Methylhexane,2006-08-03T00:00,0.411,µg/m³,VOC,
60429,JUDSON ST. & ETONA CT. _ETOBICOKE_ (moved to kipling),3-Methylhexane,2006-08-09T00:00,0.367,µg/m³,VOC,
60429,JUDSON ST. & ETONA CT. _ETOBICOKE_ (moved to kipling),3-Methylhexane,2006-08-15T00:00,0.455,µg/m³,VOC,
60429,JUDSON ST. & ETONA CT. _ETOBICOKE_ (moved to kipling),3-Methylhexane,2006-08-21T00:00,0.497,µg/m³,VOC,
60429,JUDSON ST. & ETONA CT. _ETOBICOKE_ (moved to kipling),3-Methylhexane,2006-08-27T00:00,0.361,µg/m³,VOC,
60429,JUDSON ST. & ETONA CT. _ETOBICOKE_ (moved to kipling),3-Methylhexane,2006-09-02T00:00,0.184,µg/m³,VOC,
60429,JUDSON ST. & ETONA CT. _ETOBICOKE_ (moved to kipling),3-Methylhexane,2006-09-08T00:00,0.544,µg/m³,VOC,
60429,JUDSON ST. & ETONA CT. _ETOBICOKE_ (moved to kipling),3-Methylhexane,2006-09-14T00:00,0.297,µg/m³,VOC,
60429,JUDSON ST. & ETONA CT. _ETOBICOKE_ (moved to kipling),3-Methylhexane,2006-09-20T00:00,0.287,µg/m³,VOC,
60429,JUDSON ST. & ETONA CT. _ETOBICOKE_ (moved to kipling),3-Methylhexane,2006-09-26T00:00,0.371,µg/m³,VOC,
60429,JUDSON ST. & ETONA CT. _ETOBICOKE_ (moved to kipling),3-Methylhexane,2006-10-02T00:00,0.643,µg/m³,VOC,
60429,JUDSON ST. & ETONA CT. _ETOBICOKE_ (moved to kipling),3-Methylhexane,2006-10-08T00:00,0.612,µg/m³,VOC,
60429,JUDSON ST. & ETONA CT. _ETOBICOKE_ (moved to kipling),3-Methylhexane,2006-10-14T00:00,0.119,µg/m³,VOC,
60429,JUDSON ST. & ETONA CT. _ETOBICOKE_ (moved to kipling),3-Methylhexane,2006-10-20T00:00,0.242,µg/m³,VOC,
60429,JUDSON ST. & ETONA CT. _ETOBICOKE_ (moved to kipling),3-Methylhexane,2006-10-26T00:00,0.855,µg/m³,VOC,
60429,JUDSON ST. & ETONA CT. _ETOBICOKE_ (moved to kipling),3-Methylhexane,2006-11-01T00:00,0.437,µg/m³,VOC,
60429,JUDSON ST. & ETONA CT. _ETOBICOKE_ (moved to kipling),3-Methylhexane,2006-11-07T00:00,0.376,µg/m³,VOC,
60429,JUDSON ST. & ETONA CT. _ETOBICOKE_ (moved to kipling),3-Methylhexane,2006-11-13T00:00,0.336,µg/m³,VOC,
60429,JUDSON ST. & ETONA CT. _ETOBICOKE_ (moved to kipling),3-Methylhexane,2006-11-19T00:00,0.126,µg/m³,VOC,
60429,JUDSON ST. & ETONA CT. _ETOBICOKE_ (moved to kipling),3-Methylhexane,2006-11-25T00:00,1.868,µg/m³,VOC,
60429,JUDSON ST. & ETONA CT. _ETOBICOKE_ (moved to kipling),3-Methylhexane,2006-12-01T00:00,0.240,µg/m³,VOC,
60429,JUDSON ST. & ETONA CT. _ETOBICOKE_ (moved to kipling),3-Methylhexane,2006-12-07T00:00,0.259,µg/m³,VOC,
60429,JUDSON ST. & ETONA CT. _ETOBICOKE_ (moved to kipling),3-Methylhexane,2006-12-13T00:00,0.361,µg/m³,VOC,
60429,JUDSON ST. & ETONA CT. _ETOBICOKE_ (moved to kipling),3-Methylhexane,2006-12-19T00:00,0.506,µg/m³,VOC,
60429,JUDSON ST. & ETONA CT. _ETOBICOKE_ (moved to kipling),3-Methylhexane,2006-12-25T00:00,14.526,µg/m³,VOC,
60429,JUDSON ST. & ETONA CT. _ETOBICOKE_ (moved to kipling),3-Methylhexane,2006-12-31T00:00,0.249,µg/m³,VOC,
