﻿NAPS_Site_ID,Station_Name,Pollutant,Date,Value,Units,Report_Type,Method
60440,TORONTO NORTH - DOWNSVIEW,EC2(A),2020-01-04T00:00,0.081,µg/m³,PM2.5,TOR
60440,TORONTO NORTH - DOWNSVIEW,EC2(A),2020-01-07T00:00,0.209,µg/m³,PM2.5,TOR
60440,TORONTO NORTH - DOWNSVIEW,EC2(A),2020-01-10T00:00,0.411,µg/m³,PM2.5,TOR
60440,TORONTO NORTH - DOWNSVIEW,EC2(A),2020-01-13T00:00,0.289,µg/m³,PM2.5,TOR
60440,TORONTO NORTH - DOWNSVIEW,EC2(A),2020-01-16T00:00,0.090,µg/m³,PM2.5,TOR
60440,TORONTO NORTH - DOWNSVIEW,EC2(A),2020-01-19T00:00,0.099,µg/m³,PM2.5,TOR
60440,TORONTO NORTH - DOWNSVIEW,EC2(A),2020-01-22T00:00,0.265,µg/m³,PM2.5,TOR
60440,TORONTO NORTH - DOWNSVIEW,EC2(A),2020-01-25T00:00,0.289,µg/m³,PM2.5,TOR
60440,TORONTO NORTH - DOWNSVIEW,EC2(A),2020-01-28T00:00,0.134,µg/m³,PM2.5,TOR
60440,TORONTO NORTH - DOWNSVIEW,EC2(A),2020-01-31T00:00,0.419,µg/m³,PM2.5,TOR
60440,TORONTO NORTH - DOWNSVIEW,EC2(A),2020-02-03T00:00,0.184,µg/m³,PM2.5,TOR
60440,TORONTO NORTH - DOWNSVIEW,EC2(A),2020-02-06T00:00,0.075,µg/m³,PM2.5,TOR
60440,TORONTO NORTH - DOWNSVIEW,EC2(A),2020-02-09T00:00,0.173,µg/m³,PM2.5,TOR
60440,TORONTO NORTH - DOWNSVIEW,EC2(A),2020-02-12T00:00,0.127,µg/m³,PM2.5,TOR
60440,TORONTO NORTH - DOWNSVIEW,EC2(A),2020-02-15T00:00,0.135,µg/m³,PM2.5,TOR
60440,TORONTO NORTH - DOWNSVIEW,EC2(A),2020-02-18T00:00,0.282,µg/m³,PM2.5,TOR
60440,TORONTO NORTH - DOWNSVIEW,EC2(A),2020-02-21T00:00,0.115,µg/m³,PM2.5,TOR
60440,TORONTO NORTH - DOWNSVIEW,EC2(A),2020-02-24T00:00,0.265,µg/m³,PM2.5,TOR
60440,TORONTO NORTH - DOWNSVIEW,EC2(A),2020-02-27T00:00,0.411,µg/m³,PM2.5,TOR
60440,TORONTO NORTH - DOWNSVIEW,EC2(A),2020-03-01T00:00,0.131,µg/m³,PM2.5,TOR
60440,TORONTO NORTH - DOWNSVIEW,EC2(A),2020-03-04T00:00,0.374,µg/m³,PM2.5,TOR
60440,TORONTO NORTH - DOWNSVIEW,EC2(A),2020-03-07T00:00,0.219,µg/m³,PM2.5,TOR
60440,TORONTO NORTH - DOWNSVIEW,EC2(A),2020-03-10T00:00,0.341,µg/m³,PM2.5,TOR
60440,TORONTO NORTH - DOWNSVIEW,EC2(A),2020-03-13T00:00,0.605,µg/m³,PM2.5,TOR
60440,TORONTO NORTH - DOWNSVIEW,EC2(A),2020-03-16T00:00,0.257,µg/m³,PM2.5,TOR
60440,TORONTO NORTH - DOWNSVIEW,EC2(A),2020-03-19T00:00,0.476,µg/m³,PM2.5,TOR
60440,TORONTO NORTH - DOWNSVIEW,EC2(A),2020-03-22T00:00,0.303,µg/m³,PM2.5,TOR
