﻿NAPS_Site_ID,Station_Name,Pollutant,Date,Value,Units,Report_Type,Method
100133,BURMOUNT,"trans-1,2-Dichloroethylene",1996-01-10T00:00,0.000,µg/m³,VOC,GC-MS
100133,BURMOUNT,"trans-1,2-Dichloroethylene",1996-01-22T00:00,0.000,µg/m³,VOC,GC-MS
100133,BURMOUNT,"trans-1,2-Dichloroethylene",1996-02-03T00:00,0.000,µg/m³,VOC,GC-MS
100133,BURMOUNT,"trans-1,2-Dichloroethylene",1996-02-15T00:00,0.000,µg/m³,VOC,GC-MS
100133,BURMOUNT,"trans-1,2-Dichloroethylene",1996-02-27T00:00,0.000,µg/m³,VOC,GC-MS
100133,BURMOUNT,"trans-1,2-Dichloroethylene",1996-03-10T00:00,0.000,µg/m³,VOC,GC-MS
100133,BURMOUNT,"trans-1,2-Dichloroethylene",1996-03-22T00:00,0.000,µg/m³,VOC,GC-MS
100133,BURMOUNT,"trans-1,2-Dichloroethylene",1996-04-03T00:00,0.000,µg/m³,VOC,GC-MS
100133,BURMOUNT,"trans-1,2-Dichloroethylene",1996-04-15T00:00,0.000,µg/m³,VOC,GC-MS
100133,BURMOUNT,"trans-1,2-Dichloroethylene",1996-04-27T00:00,0.000,µg/m³,VOC,GC-MS
100133,BURMOUNT,"trans-1,2-Dichloroethylene",1996-05-15T00:00,0.000,µg/m³,VOC,GC-MS
100133,BURMOUNT,"trans-1,2-Dichloroethylene",1996-05-27T00:00,0.000,µg/m³,VOC,GC-MS
100133,BURMOUNT,"trans-1,2-Dichloroethylene",1996-06-08T00:00,0.000,µg/m³,VOC,GC-MS
100133,BURMOUNT,"trans-1,2-Dichloroethylene",1996-06-20T00:00,0.012,µg/m³,VOC,GC-MS
100133,BURMOUNT,"trans-1,2-Dichloroethylene",1996-07-14T00:00,0.000,µg/m³,VOC,GC-MS
100133,BURMOUNT,"trans-1,2-Dichloroethylene",1996-07-26T00:00,0.000,µg/m³,VOC,GC-MS
100133,BURMOUNT,"trans-1,2-Dichloroethylene",1996-08-07T00:00,0.000,µg/m³,VOC,GC-MS
100133,BURMOUNT,"trans-1,2-Dichloroethylene",1996-08-19T00:00,0.024,µg/m³,VOC,GC-MS
100133,BURMOUNT,"trans-1,2-Dichloroethylene",1996-08-31T00:00,0.024,µg/m³,VOC,GC-MS
100133,BURMOUNT,"trans-1,2-Dichloroethylene",1996-09-12T00:00,0.023,µg/m³,VOC,GC-MS
100133,BURMOUNT,"trans-1,2-Dichloroethylene",1996-09-30T00:00,0.032,µg/m³,VOC,GC-MS
100133,BURMOUNT,"trans-1,2-Dichloroethylene",1996-10-12T00:00,0.000,µg/m³,VOC,GC-MS
100133,BURMOUNT,"trans-1,2-Dichloroethylene",1996-10-30T00:00,0.011,µg/m³,VOC,GC-MS
100133,BURMOUNT,"trans-1,2-Dichloroethylene",1996-11-11T00:00,0.000,µg/m³,VOC,GC-MS
100133,BURMOUNT,"trans-1,2-Dichloroethylene",1996-11-23T00:00,0.000,µg/m³,VOC,GC-MS
100133,BURMOUNT,"trans-1,2-Dichloroethylene",1996-12-17T00:00,0.000,µg/m³,VOC,GC-MS
