﻿NAPS_Site_ID,Station_Name,Pollutant,Date,Value,Units,Report_Type,Method
60418,JUNCTION TRIANGLE,"2,3,4-Trimethylpentane",1992-01-01T00:00,0.405,µg/m³,VOC,N/A
60418,JUNCTION TRIANGLE,"2,3,4-Trimethylpentane",1992-01-07T00:00,0.290,µg/m³,VOC,N/A
60418,JUNCTION TRIANGLE,"2,3,4-Trimethylpentane",1992-01-13T00:00,0.690,µg/m³,VOC,N/A
60418,JUNCTION TRIANGLE,"2,3,4-Trimethylpentane",1992-01-19T00:00,0.273,µg/m³,VOC,N/A
60418,JUNCTION TRIANGLE,"2,3,4-Trimethylpentane",1992-01-25T00:00,0.998,µg/m³,VOC,N/A
60418,JUNCTION TRIANGLE,"2,3,4-Trimethylpentane",1992-01-31T00:00,0.322,µg/m³,VOC,N/A
60418,JUNCTION TRIANGLE,"2,3,4-Trimethylpentane",1992-02-06T00:00,0.481,µg/m³,VOC,N/A
60418,JUNCTION TRIANGLE,"2,3,4-Trimethylpentane",1992-02-12T00:00,0.371,µg/m³,VOC,N/A
60418,JUNCTION TRIANGLE,"2,3,4-Trimethylpentane",1992-02-18T00:00,0.663,µg/m³,VOC,N/A
60418,JUNCTION TRIANGLE,"2,3,4-Trimethylpentane",1992-02-24T00:00,0.345,µg/m³,VOC,N/A
60418,JUNCTION TRIANGLE,"2,3,4-Trimethylpentane",1992-03-01T00:00,0.317,µg/m³,VOC,N/A
60418,JUNCTION TRIANGLE,"2,3,4-Trimethylpentane",1992-03-13T00:00,0.065,µg/m³,VOC,N/A
60418,JUNCTION TRIANGLE,"2,3,4-Trimethylpentane",1992-03-19T00:00,0.250,µg/m³,VOC,N/A
60418,JUNCTION TRIANGLE,"2,3,4-Trimethylpentane",1992-03-25T00:00,0.262,µg/m³,VOC,N/A
60418,JUNCTION TRIANGLE,"2,3,4-Trimethylpentane",1992-04-06T00:00,0.357,µg/m³,VOC,N/A
60418,JUNCTION TRIANGLE,"2,3,4-Trimethylpentane",1992-04-12T00:00,0.096,µg/m³,VOC,N/A
60418,JUNCTION TRIANGLE,"2,3,4-Trimethylpentane",1992-04-18T00:00,0.257,µg/m³,VOC,N/A
60418,JUNCTION TRIANGLE,"2,3,4-Trimethylpentane",1992-04-24T00:00,0.342,µg/m³,VOC,N/A
60418,JUNCTION TRIANGLE,"2,3,4-Trimethylpentane",1992-04-30T00:00,0.421,µg/m³,VOC,N/A
60418,JUNCTION TRIANGLE,"2,3,4-Trimethylpentane",1992-05-06T00:00,1.380,µg/m³,VOC,N/A
60418,JUNCTION TRIANGLE,"2,3,4-Trimethylpentane",1992-05-12T00:00,0.756,µg/m³,VOC,N/A
60418,JUNCTION TRIANGLE,"2,3,4-Trimethylpentane",1992-05-18T00:00,0.354,µg/m³,VOC,N/A
60418,JUNCTION TRIANGLE,"2,3,4-Trimethylpentane",1992-05-24T00:00,0.130,µg/m³,VOC,N/A
60418,JUNCTION TRIANGLE,"2,3,4-Trimethylpentane",1992-05-30T00:00,0.525,µg/m³,VOC,N/A
60418,JUNCTION TRIANGLE,"2,3,4-Trimethylpentane",1992-06-05T00:00,0.406,µg/m³,VOC,N/A
60418,JUNCTION TRIANGLE,"2,3,4-Trimethylpentane",1992-06-11T00:00,0.795,µg/m³,VOC,N/A
60418,JUNCTION TRIANGLE,"2,3,4-Trimethylpentane",1992-06-17T00:00,0.740,µg/m³,VOC,N/A
60418,JUNCTION TRIANGLE,"2,3,4-Trimethylpentane",1992-06-23T00:00,0.474,µg/m³,VOC,N/A
60418,JUNCTION TRIANGLE,"2,3,4-Trimethylpentane",1992-06-29T00:00,0.347,µg/m³,VOC,N/A
60418,JUNCTION TRIANGLE,"2,3,4-Trimethylpentane",1992-07-05T00:00,2.919,µg/m³,VOC,N/A
60418,JUNCTION TRIANGLE,"2,3,4-Trimethylpentane",1992-07-17T00:00,0.777,µg/m³,VOC,N/A
60418,JUNCTION TRIANGLE,"2,3,4-Trimethylpentane",1992-07-23T00:00,0.630,µg/m³,VOC,N/A
60418,JUNCTION TRIANGLE,"2,3,4-Trimethylpentane",1992-07-29T00:00,0.367,µg/m³,VOC,N/A
60418,JUNCTION TRIANGLE,"2,3,4-Trimethylpentane",1992-08-04T00:00,0.500,µg/m³,VOC,N/A
60418,JUNCTION TRIANGLE,"2,3,4-Trimethylpentane",1992-08-10T00:00,0.527,µg/m³,VOC,N/A
60418,JUNCTION TRIANGLE,"2,3,4-Trimethylpentane",1992-08-16T00:00,0.347,µg/m³,VOC,N/A
60418,JUNCTION TRIANGLE,"2,3,4-Trimethylpentane",1992-08-22T00:00,0.654,µg/m³,VOC,N/A
60418,JUNCTION TRIANGLE,"2,3,4-Trimethylpentane",1992-08-28T00:00,0.470,µg/m³,VOC,N/A
60418,JUNCTION TRIANGLE,"2,3,4-Trimethylpentane",1992-09-03T00:00,0.475,µg/m³,VOC,N/A
60418,JUNCTION TRIANGLE,"2,3,4-Trimethylpentane",1992-09-09T00:00,0.906,µg/m³,VOC,N/A
60418,JUNCTION TRIANGLE,"2,3,4-Trimethylpentane",1992-09-15T00:00,0.914,µg/m³,VOC,N/A
60418,JUNCTION TRIANGLE,"2,3,4-Trimethylpentane",1992-09-21T00:00,0.475,µg/m³,VOC,N/A
60418,JUNCTION TRIANGLE,"2,3,4-Trimethylpentane",1992-11-02T00:00,0.194,µg/m³,VOC,N/A
60418,JUNCTION TRIANGLE,"2,3,4-Trimethylpentane",1992-11-08T00:00,0.291,µg/m³,VOC,N/A
60418,JUNCTION TRIANGLE,"2,3,4-Trimethylpentane",1992-11-14T00:00,0.215,µg/m³,VOC,N/A
60418,JUNCTION TRIANGLE,"2,3,4-Trimethylpentane",1992-11-20T00:00,0.368,µg/m³,VOC,N/A
60418,JUNCTION TRIANGLE,"2,3,4-Trimethylpentane",1992-11-26T00:00,0.398,µg/m³,VOC,N/A
60418,JUNCTION TRIANGLE,"2,3,4-Trimethylpentane",1992-12-02T00:00,0.369,µg/m³,VOC,N/A
60418,JUNCTION TRIANGLE,"2,3,4-Trimethylpentane",1992-12-08T00:00,0.419,µg/m³,VOC,N/A
60418,JUNCTION TRIANGLE,"2,3,4-Trimethylpentane",1992-12-14T00:00,0.856,µg/m³,VOC,N/A
60418,JUNCTION TRIANGLE,"2,3,4-Trimethylpentane",1992-12-26T00:00,0.000,µg/m³,VOC,N/A
