﻿NAPS_Site_ID,Station_Name,Pollutant,Date,Value,Units,Report_Type,Method
101101,CHILLIWACK AIRPORT,Acetylene,2008-01-07T00:00,1.094,µg/m³,VOC,N/A
101101,CHILLIWACK AIRPORT,Acetylene,2008-01-19T00:00,1.130,µg/m³,VOC,N/A
101101,CHILLIWACK AIRPORT,Acetylene,2008-02-24T00:00,0.607,µg/m³,VOC,N/A
101101,CHILLIWACK AIRPORT,Acetylene,2008-03-07T00:00,1.271,µg/m³,VOC,N/A
101101,CHILLIWACK AIRPORT,Acetylene,2008-03-19T00:00,0.951,µg/m³,VOC,N/A
101101,CHILLIWACK AIRPORT,Acetylene,2008-03-31T00:00,0.849,µg/m³,VOC,N/A
101101,CHILLIWACK AIRPORT,Acetylene,2008-04-12T00:00,0.500,µg/m³,VOC,N/A
101101,CHILLIWACK AIRPORT,Acetylene,2008-05-06T00:00,0.696,µg/m³,VOC,N/A
101101,CHILLIWACK AIRPORT,Acetylene,2008-05-18T00:00,0.366,µg/m³,VOC,N/A
101101,CHILLIWACK AIRPORT,Acetylene,2008-05-30T00:00,0.417,µg/m³,VOC,N/A
101101,CHILLIWACK AIRPORT,Acetylene,2008-06-11T00:00,0.451,µg/m³,VOC,N/A
101101,CHILLIWACK AIRPORT,Acetylene,2008-06-23T00:00,0.430,µg/m³,VOC,N/A
101101,CHILLIWACK AIRPORT,Acetylene,2008-07-05T00:00,0.505,µg/m³,VOC,N/A
101101,CHILLIWACK AIRPORT,Acetylene,2008-07-17T00:00,0.366,µg/m³,VOC,N/A
101101,CHILLIWACK AIRPORT,Acetylene,2008-07-29T00:00,0.352,µg/m³,VOC,N/A
101101,CHILLIWACK AIRPORT,Acetylene,2008-08-10T00:00,0.212,µg/m³,VOC,N/A
101101,CHILLIWACK AIRPORT,Acetylene,2008-08-22T00:00,0.417,µg/m³,VOC,N/A
101101,CHILLIWACK AIRPORT,Acetylene,2008-09-03T00:00,0.445,µg/m³,VOC,N/A
101101,CHILLIWACK AIRPORT,Acetylene,2008-09-27T00:00,0.431,µg/m³,VOC,N/A
101101,CHILLIWACK AIRPORT,Acetylene,2008-10-09T00:00,0.864,µg/m³,VOC,N/A
101101,CHILLIWACK AIRPORT,Acetylene,2008-10-21T00:00,0.602,µg/m³,VOC,N/A
101101,CHILLIWACK AIRPORT,Acetylene,2008-11-14T00:00,0.874,µg/m³,VOC,N/A
101101,CHILLIWACK AIRPORT,Acetylene,2008-11-26T00:00,0.803,µg/m³,VOC,N/A
101101,CHILLIWACK AIRPORT,Acetylene,2008-12-08T00:00,1.234,µg/m³,VOC,N/A
101101,CHILLIWACK AIRPORT,Acetylene,2008-12-20T00:00,0.458,µg/m³,VOC,N/A
