﻿NAPS_Site_ID,Station_Name,Pollutant,Date,Value,Units,Report_Type,Method
60427,GAGE INSTITUTE,OCDF,2007-01-24T00:00,0.012,pg/m³,PCDD,
60427,GAGE INSTITUTE,OCDF,2007-03-13T00:00,0.044,pg/m³,PCDD,
60427,GAGE INSTITUTE,OCDF,2007-04-06T00:00,0.009,pg/m³,PCDD,
60427,GAGE INSTITUTE,OCDF,2007-04-30T00:00,0.011,pg/m³,PCDD,
60427,GAGE INSTITUTE,OCDF,2007-05-24T00:00,0.032,pg/m³,PCDD,
60427,GAGE INSTITUTE,OCDF,2007-06-17T00:00,0.025,pg/m³,PCDD,
60427,GAGE INSTITUTE,OCDF,2007-08-04T00:00,0.009,pg/m³,PCDD,
60427,GAGE INSTITUTE,OCDF,2007-09-21T00:00,0.034,pg/m³,PCDD,
60427,GAGE INSTITUTE,OCDF,2007-10-15T00:00,0.024,pg/m³,PCDD,
60427,GAGE INSTITUTE,OCDF,2007-11-08T00:00,0.014,pg/m³,PCDD,
60427,GAGE INSTITUTE,OCDF,2007-12-02T00:00,0.021,pg/m³,PCDD,
60427,GAGE INSTITUTE,OCDF,2007-12-26T00:00,0.015,pg/m³,PCDD,
