﻿NAPS_Site_ID,Station_Name,Pollutant,Date,Value,Units,Report_Type,Method
60424,BAY & WELLESLEY _Toronto Downtown_,2-Ethyl-1-Butene,1993-02-06T00:00,0.102,µg/m³,VOC,GC-MS
60424,BAY & WELLESLEY _Toronto Downtown_,2-Ethyl-1-Butene,1993-02-12T00:00,0.075,µg/m³,VOC,GC-MS
60424,BAY & WELLESLEY _Toronto Downtown_,2-Ethyl-1-Butene,1993-02-18T00:00,0.166,µg/m³,VOC,GC-MS
60424,BAY & WELLESLEY _Toronto Downtown_,2-Ethyl-1-Butene,1993-02-24T00:00,0.116,µg/m³,VOC,GC-MS
60424,BAY & WELLESLEY _Toronto Downtown_,2-Ethyl-1-Butene,1993-03-02T00:00,0.146,µg/m³,VOC,GC-MS
60424,BAY & WELLESLEY _Toronto Downtown_,2-Ethyl-1-Butene,1993-03-08T00:00,0.128,µg/m³,VOC,GC-MS
60424,BAY & WELLESLEY _Toronto Downtown_,2-Ethyl-1-Butene,1993-03-14T00:00,0.000,µg/m³,VOC,GC-MS
60424,BAY & WELLESLEY _Toronto Downtown_,2-Ethyl-1-Butene,1993-03-20T00:00,0.094,µg/m³,VOC,GC-MS
60424,BAY & WELLESLEY _Toronto Downtown_,2-Ethyl-1-Butene,1993-03-29T00:00,0.369,µg/m³,VOC,GC-MS
60424,BAY & WELLESLEY _Toronto Downtown_,2-Ethyl-1-Butene,1993-04-04T00:00,0.056,µg/m³,VOC,GC-MS
60424,BAY & WELLESLEY _Toronto Downtown_,2-Ethyl-1-Butene,1993-06-18T00:00,0.124,µg/m³,VOC,GC-MS
60424,BAY & WELLESLEY _Toronto Downtown_,2-Ethyl-1-Butene,1993-06-24T00:00,0.135,µg/m³,VOC,GC-MS
60424,BAY & WELLESLEY _Toronto Downtown_,2-Ethyl-1-Butene,1993-07-06T00:00,0.097,µg/m³,VOC,GC-MS
60424,BAY & WELLESLEY _Toronto Downtown_,2-Ethyl-1-Butene,1993-07-12T00:00,0.057,µg/m³,VOC,GC-MS
60424,BAY & WELLESLEY _Toronto Downtown_,2-Ethyl-1-Butene,1993-07-18T00:00,0.051,µg/m³,VOC,GC-MS
60424,BAY & WELLESLEY _Toronto Downtown_,2-Ethyl-1-Butene,1993-07-24T00:00,0.125,µg/m³,VOC,GC-MS
60424,BAY & WELLESLEY _Toronto Downtown_,2-Ethyl-1-Butene,1993-07-30T00:00,0.069,µg/m³,VOC,GC-MS
60424,BAY & WELLESLEY _Toronto Downtown_,2-Ethyl-1-Butene,1993-08-11T00:00,0.151,µg/m³,VOC,GC-MS
60424,BAY & WELLESLEY _Toronto Downtown_,2-Ethyl-1-Butene,1993-09-04T00:00,0.066,µg/m³,VOC,GC-MS
60424,BAY & WELLESLEY _Toronto Downtown_,2-Ethyl-1-Butene,1993-09-10T00:00,0.078,µg/m³,VOC,GC-MS
60424,BAY & WELLESLEY _Toronto Downtown_,2-Ethyl-1-Butene,1993-09-16T00:00,0.076,µg/m³,VOC,GC-MS
60424,BAY & WELLESLEY _Toronto Downtown_,2-Ethyl-1-Butene,1993-09-22T00:00,0.129,µg/m³,VOC,GC-MS
60424,BAY & WELLESLEY _Toronto Downtown_,2-Ethyl-1-Butene,1993-09-28T00:00,0.099,µg/m³,VOC,GC-MS
60424,BAY & WELLESLEY _Toronto Downtown_,2-Ethyl-1-Butene,1993-10-10T00:00,0.062,µg/m³,VOC,GC-MS
60424,BAY & WELLESLEY _Toronto Downtown_,2-Ethyl-1-Butene,1993-10-16T00:00,0.169,µg/m³,VOC,GC-MS
60424,BAY & WELLESLEY _Toronto Downtown_,2-Ethyl-1-Butene,1993-10-22T00:00,0.070,µg/m³,VOC,GC-MS
60424,BAY & WELLESLEY _Toronto Downtown_,2-Ethyl-1-Butene,1993-10-28T00:00,0.084,µg/m³,VOC,GC-MS
60424,BAY & WELLESLEY _Toronto Downtown_,2-Ethyl-1-Butene,1993-11-03T00:00,0.088,µg/m³,VOC,GC-MS
60424,BAY & WELLESLEY _Toronto Downtown_,2-Ethyl-1-Butene,1993-11-09T00:00,0.119,µg/m³,VOC,GC-MS
60424,BAY & WELLESLEY _Toronto Downtown_,2-Ethyl-1-Butene,1993-11-15T00:00,0.106,µg/m³,VOC,GC-MS
60424,BAY & WELLESLEY _Toronto Downtown_,2-Ethyl-1-Butene,1993-11-21T00:00,0.047,µg/m³,VOC,GC-MS
60424,BAY & WELLESLEY _Toronto Downtown_,2-Ethyl-1-Butene,1993-11-27T00:00,0.072,µg/m³,VOC,GC-MS
60424,BAY & WELLESLEY _Toronto Downtown_,2-Ethyl-1-Butene,1993-12-03T00:00,0.104,µg/m³,VOC,GC-MS
60424,BAY & WELLESLEY _Toronto Downtown_,2-Ethyl-1-Butene,1993-12-09T00:00,0.089,µg/m³,VOC,GC-MS
60424,BAY & WELLESLEY _Toronto Downtown_,2-Ethyl-1-Butene,1993-12-15T00:00,0.055,µg/m³,VOC,GC-MS
60424,BAY & WELLESLEY _Toronto Downtown_,2-Ethyl-1-Butene,1993-12-21T00:00,0.067,µg/m³,VOC,GC-MS
60424,BAY & WELLESLEY _Toronto Downtown_,2-Ethyl-1-Butene,1993-12-27T00:00,0.049,µg/m³,VOC,GC-MS
