﻿NAPS_Site_ID,Station_Name,Pollutant,Date,Value,Units,Report_Type,Method
100121,SECOND NARROWS,"1,2-Dichloroethane",1994-03-09T00:00,0.066,µg/m³,VOC,
100121,SECOND NARROWS,"1,2-Dichloroethane",1994-03-09T00:00,0.107,µg/m³,VOC,
100121,SECOND NARROWS,"1,2-Dichloroethane",1994-03-09T00:00,0.118,µg/m³,VOC,
100121,SECOND NARROWS,"1,2-Dichloroethane",1994-03-09T00:00,0.148,µg/m³,VOC,
100121,SECOND NARROWS,"1,2-Dichloroethane",1994-03-09T00:00,0.174,µg/m³,VOC,
100121,SECOND NARROWS,"1,2-Dichloroethane",1994-03-09T00:00,0.174,µg/m³,VOC,
100121,SECOND NARROWS,"1,2-Dichloroethane",1994-03-09T00:00,0.179,µg/m³,VOC,
100121,SECOND NARROWS,"1,2-Dichloroethane",1994-03-09T00:00,0.193,µg/m³,VOC,
