﻿NAPS_Site_ID,Station_Name,Pollutant,Date,Value,Units,Report_Type,Method
50121,BROSSARD-PARC OCÉANIE,cis-2-Octene,1998-02-22T00:00,0.000,µg/m³,VOC,
50121,BROSSARD-PARC OCÉANIE,cis-2-Octene,1998-03-24T00:00,0.000,µg/m³,VOC,
50121,BROSSARD-PARC OCÉANIE,cis-2-Octene,1998-04-17T00:00,0.000,µg/m³,VOC,
50121,BROSSARD-PARC OCÉANIE,cis-2-Octene,1998-04-29T00:00,0.000,µg/m³,VOC,
50121,BROSSARD-PARC OCÉANIE,cis-2-Octene,1998-05-05T00:00,0.000,µg/m³,VOC,
50121,BROSSARD-PARC OCÉANIE,cis-2-Octene,1998-05-11T00:00,0.000,µg/m³,VOC,
50121,BROSSARD-PARC OCÉANIE,cis-2-Octene,1998-05-17T00:00,0.000,µg/m³,VOC,
50121,BROSSARD-PARC OCÉANIE,cis-2-Octene,1998-05-23T00:00,0.000,µg/m³,VOC,
50121,BROSSARD-PARC OCÉANIE,cis-2-Octene,1998-05-29T00:00,0.000,µg/m³,VOC,
50121,BROSSARD-PARC OCÉANIE,cis-2-Octene,1998-06-28T00:00,0.000,µg/m³,VOC,
50121,BROSSARD-PARC OCÉANIE,cis-2-Octene,1998-07-03T00:00,0.000,µg/m³,VOC,
50121,BROSSARD-PARC OCÉANIE,cis-2-Octene,1998-07-10T00:00,0.000,µg/m³,VOC,
50121,BROSSARD-PARC OCÉANIE,cis-2-Octene,1998-07-16T00:00,0.000,µg/m³,VOC,
50121,BROSSARD-PARC OCÉANIE,cis-2-Octene,1998-07-22T00:00,0.000,µg/m³,VOC,
50121,BROSSARD-PARC OCÉANIE,cis-2-Octene,1998-08-03T00:00,0.000,µg/m³,VOC,
50121,BROSSARD-PARC OCÉANIE,cis-2-Octene,1998-08-09T00:00,0.000,µg/m³,VOC,
50121,BROSSARD-PARC OCÉANIE,cis-2-Octene,1998-08-21T00:00,0.000,µg/m³,VOC,
50121,BROSSARD-PARC OCÉANIE,cis-2-Octene,1998-08-27T00:00,0.000,µg/m³,VOC,
50121,BROSSARD-PARC OCÉANIE,cis-2-Octene,1998-09-02T00:00,0.000,µg/m³,VOC,
50121,BROSSARD-PARC OCÉANIE,cis-2-Octene,1998-09-08T00:00,0.000,µg/m³,VOC,
50121,BROSSARD-PARC OCÉANIE,cis-2-Octene,1998-09-14T00:00,0.000,µg/m³,VOC,
50121,BROSSARD-PARC OCÉANIE,cis-2-Octene,1998-09-20T00:00,0.000,µg/m³,VOC,
50121,BROSSARD-PARC OCÉANIE,cis-2-Octene,1998-10-02T00:00,0.000,µg/m³,VOC,
50121,BROSSARD-PARC OCÉANIE,cis-2-Octene,1998-10-08T00:00,0.000,µg/m³,VOC,
