﻿NAPS_Site_ID,Station_Name,Pollutant,Date,Value,Units,Report_Type,Method
90130,EDMONTON CENTRAL,Ethylene,2019-01-03T00:00,1.434,µg/m³,VOC,GC-FID
90130,EDMONTON CENTRAL,Ethylene,2019-01-09T00:00,2.105,µg/m³,VOC,GC-FID
90130,EDMONTON CENTRAL,Ethylene,2019-01-15T00:00,2.071,µg/m³,VOC,GC-FID
90130,EDMONTON CENTRAL,Ethylene,2019-01-27T00:00,0.434,µg/m³,VOC,GC-FID
90130,EDMONTON CENTRAL,Ethylene,2019-02-02T00:00,1.217,µg/m³,VOC,GC-FID
90130,EDMONTON CENTRAL,Ethylene,2019-02-08T00:00,1.644,µg/m³,VOC,GC-FID
90130,EDMONTON CENTRAL,Ethylene,2019-02-26T00:00,2.317,µg/m³,VOC,GC-FID
90130,EDMONTON CENTRAL,Ethylene,2019-03-10T00:00,2.069,µg/m³,VOC,GC-FID
90130,EDMONTON CENTRAL,Ethylene,2019-03-16T00:00,1.488,µg/m³,VOC,GC-FID
90130,EDMONTON CENTRAL,Ethylene,2019-03-22T00:00,2.590,µg/m³,VOC,GC-FID
90130,EDMONTON CENTRAL,Ethylene,2019-03-28T00:00,1.252,µg/m³,VOC,GC-FID
90130,EDMONTON CENTRAL,Ethylene,2019-04-03T00:00,1.161,µg/m³,VOC,GC-FID
90130,EDMONTON CENTRAL,Ethylene,2019-04-15T00:00,0.824,µg/m³,VOC,GC-FID
90130,EDMONTON CENTRAL,Ethylene,2019-04-21T00:00,1.014,µg/m³,VOC,GC-FID
90130,EDMONTON CENTRAL,Ethylene,2019-04-27T00:00,0.637,µg/m³,VOC,GC-FID
90130,EDMONTON CENTRAL,Ethylene,2019-05-03T00:00,0.518,µg/m³,VOC,GC-FID
90130,EDMONTON CENTRAL,Ethylene,2019-05-09T00:00,1.014,µg/m³,VOC,GC-FID
90130,EDMONTON CENTRAL,Ethylene,2019-05-15T00:00,1.064,µg/m³,VOC,GC-FID
90130,EDMONTON CENTRAL,Ethylene,2019-05-27T00:00,1.374,µg/m³,VOC,GC-FID
90130,EDMONTON CENTRAL,Ethylene,2019-06-02T00:00,1.192,µg/m³,VOC,GC-FID
90130,EDMONTON CENTRAL,Ethylene,2019-06-08T00:00,1.118,µg/m³,VOC,GC-FID
90130,EDMONTON CENTRAL,Ethylene,2019-06-14T00:00,1.109,µg/m³,VOC,GC-FID
90130,EDMONTON CENTRAL,Ethylene,2019-06-20T00:00,0.841,µg/m³,VOC,GC-FID
90130,EDMONTON CENTRAL,Ethylene,2019-06-26T00:00,2.182,µg/m³,VOC,GC-FID
90130,EDMONTON CENTRAL,Ethylene,2019-07-02T00:00,0.566,µg/m³,VOC,GC-FID
90130,EDMONTON CENTRAL,Ethylene,2019-07-14T00:00,0.594,µg/m³,VOC,GC-FID
90130,EDMONTON CENTRAL,Ethylene,2019-07-20T00:00,1.475,µg/m³,VOC,GC-FID
90130,EDMONTON CENTRAL,Ethylene,2019-07-26T00:00,0.935,µg/m³,VOC,GC-FID
90130,EDMONTON CENTRAL,Ethylene,2019-08-01T00:00,10.160,µg/m³,VOC,GC-FID
90130,EDMONTON CENTRAL,Ethylene,2019-08-07T00:00,0.965,µg/m³,VOC,GC-FID
90130,EDMONTON CENTRAL,Ethylene,2019-08-13T00:00,0.724,µg/m³,VOC,GC-FID
90130,EDMONTON CENTRAL,Ethylene,2019-08-19T00:00,2.216,µg/m³,VOC,GC-FID
90130,EDMONTON CENTRAL,Ethylene,2019-08-25T00:00,0.600,µg/m³,VOC,GC-FID
90130,EDMONTON CENTRAL,Ethylene,2019-08-31T00:00,3.909,µg/m³,VOC,GC-FID
90130,EDMONTON CENTRAL,Ethylene,2019-09-06T00:00,1.321,µg/m³,VOC,GC-FID
90130,EDMONTON CENTRAL,Ethylene,2019-09-12T00:00,1.036,µg/m³,VOC,GC-FID
90130,EDMONTON CENTRAL,Ethylene,2019-09-24T00:00,0.727,µg/m³,VOC,GC-FID
90130,EDMONTON CENTRAL,Ethylene,2019-09-30T00:00,1.202,µg/m³,VOC,GC-FID
90130,EDMONTON CENTRAL,Ethylene,2019-10-06T00:00,0.937,µg/m³,VOC,GC-FID
90130,EDMONTON CENTRAL,Ethylene,2019-10-12T00:00,1.920,µg/m³,VOC,GC-FID
90130,EDMONTON CENTRAL,Ethylene,2019-10-18T00:00,1.952,µg/m³,VOC,GC-FID
90130,EDMONTON CENTRAL,Ethylene,2019-10-24T00:00,1.237,µg/m³,VOC,GC-FID
90130,EDMONTON CENTRAL,Ethylene,2019-10-30T00:00,1.358,µg/m³,VOC,GC-FID
90130,EDMONTON CENTRAL,Ethylene,2019-11-05T00:00,1.139,µg/m³,VOC,GC-FID
90130,EDMONTON CENTRAL,Ethylene,2019-11-11T00:00,2.571,µg/m³,VOC,GC-FID
90130,EDMONTON CENTRAL,Ethylene,2019-11-17T00:00,1.526,µg/m³,VOC,GC-FID
90130,EDMONTON CENTRAL,Ethylene,2019-11-23T00:00,1.050,µg/m³,VOC,GC-FID
90130,EDMONTON CENTRAL,Ethylene,2019-11-29T00:00,1.252,µg/m³,VOC,GC-FID
90130,EDMONTON CENTRAL,Ethylene,2019-12-05T00:00,1.885,µg/m³,VOC,GC-FID
90130,EDMONTON CENTRAL,Ethylene,2019-12-11T00:00,1.437,µg/m³,VOC,GC-FID
90130,EDMONTON CENTRAL,Ethylene,2019-12-17T00:00,2.795,µg/m³,VOC,GC-FID
90130,EDMONTON CENTRAL,Ethylene,2019-12-23T00:00,2.669,µg/m³,VOC,GC-FID
