﻿NAPS_Site_ID,Station_Name,Pollutant,Date,Value,Units,Report_Type,Method
90227,CALGARY CENTRAL,Pentane,2000-01-01T00:00,3.010,µg/m³,VOC,GC-MS
90227,CALGARY CENTRAL,Pentane,2000-01-07T00:00,1.810,µg/m³,VOC,GC-MS
90227,CALGARY CENTRAL,Pentane,2000-01-13T00:00,3.660,µg/m³,VOC,GC-MS
90227,CALGARY CENTRAL,Pentane,2000-01-19T00:00,5.930,µg/m³,VOC,GC-MS
90227,CALGARY CENTRAL,Pentane,2000-01-25T00:00,8.530,µg/m³,VOC,GC-MS
90227,CALGARY CENTRAL,Pentane,2000-01-31T00:00,4.780,µg/m³,VOC,GC-MS
90227,CALGARY CENTRAL,Pentane,2000-02-06T00:00,2.660,µg/m³,VOC,GC-MS
90227,CALGARY CENTRAL,Pentane,2000-02-12T00:00,5.740,µg/m³,VOC,GC-MS
90227,CALGARY CENTRAL,Pentane,2000-02-18T00:00,2.980,µg/m³,VOC,GC-MS
90227,CALGARY CENTRAL,Pentane,2000-02-24T00:00,2.920,µg/m³,VOC,GC-MS
90227,CALGARY CENTRAL,Pentane,2000-03-01T00:00,6.030,µg/m³,VOC,GC-MS
90227,CALGARY CENTRAL,Pentane,2000-03-07T00:00,2.540,µg/m³,VOC,GC-MS
90227,CALGARY CENTRAL,Pentane,2000-03-13T00:00,4.710,µg/m³,VOC,GC-MS
90227,CALGARY CENTRAL,Pentane,2000-03-19T00:00,1.480,µg/m³,VOC,GC-MS
90227,CALGARY CENTRAL,Pentane,2000-03-25T00:00,2.930,µg/m³,VOC,GC-MS
90227,CALGARY CENTRAL,Pentane,2000-03-31T00:00,2.960,µg/m³,VOC,GC-MS
90227,CALGARY CENTRAL,Pentane,2000-04-06T00:00,3.860,µg/m³,VOC,GC-MS
90227,CALGARY CENTRAL,Pentane,2000-04-12T00:00,2.530,µg/m³,VOC,GC-MS
90227,CALGARY CENTRAL,Pentane,2000-04-18T00:00,2.960,µg/m³,VOC,GC-MS
90227,CALGARY CENTRAL,Pentane,2000-04-24T00:00,1.650,µg/m³,VOC,GC-MS
90227,CALGARY CENTRAL,Pentane,2000-04-30T00:00,3.030,µg/m³,VOC,GC-MS
90227,CALGARY CENTRAL,Pentane,2000-05-06T00:00,1.210,µg/m³,VOC,GC-MS
90227,CALGARY CENTRAL,Pentane,2000-05-12T00:00,2.110,µg/m³,VOC,GC-MS
90227,CALGARY CENTRAL,Pentane,2000-05-18T00:00,2.920,µg/m³,VOC,GC-MS
90227,CALGARY CENTRAL,Pentane,2000-05-24T00:00,2.380,µg/m³,VOC,GC-MS
90227,CALGARY CENTRAL,Pentane,2000-05-30T00:00,2.470,µg/m³,VOC,GC-MS
90227,CALGARY CENTRAL,Pentane,2000-06-05T00:00,2.690,µg/m³,VOC,GC-MS
90227,CALGARY CENTRAL,Pentane,2000-06-11T00:00,2.640,µg/m³,VOC,GC-MS
90227,CALGARY CENTRAL,Pentane,2000-06-17T00:00,2.120,µg/m³,VOC,GC-MS
90227,CALGARY CENTRAL,Pentane,2000-06-23T00:00,2.030,µg/m³,VOC,GC-MS
90227,CALGARY CENTRAL,Pentane,2000-07-05T00:00,1.610,µg/m³,VOC,GC-MS
90227,CALGARY CENTRAL,Pentane,2000-07-11T00:00,3.560,µg/m³,VOC,GC-MS
90227,CALGARY CENTRAL,Pentane,2000-07-17T00:00,2.400,µg/m³,VOC,GC-MS
90227,CALGARY CENTRAL,Pentane,2000-07-23T00:00,1.990,µg/m³,VOC,GC-MS
90227,CALGARY CENTRAL,Pentane,2000-07-29T00:00,3.740,µg/m³,VOC,GC-MS
90227,CALGARY CENTRAL,Pentane,2000-08-04T00:00,2.090,µg/m³,VOC,GC-MS
90227,CALGARY CENTRAL,Pentane,2000-08-10T00:00,2.710,µg/m³,VOC,GC-MS
90227,CALGARY CENTRAL,Pentane,2000-08-28T00:00,2.370,µg/m³,VOC,GC-MS
90227,CALGARY CENTRAL,Pentane,2000-09-03T00:00,1.800,µg/m³,VOC,GC-MS
90227,CALGARY CENTRAL,Pentane,2000-09-27T00:00,2.910,µg/m³,VOC,GC-MS
90227,CALGARY CENTRAL,Pentane,2000-10-03T00:00,2.110,µg/m³,VOC,GC-MS
90227,CALGARY CENTRAL,Pentane,2000-10-09T00:00,2.530,µg/m³,VOC,GC-MS
90227,CALGARY CENTRAL,Pentane,2000-10-15T00:00,2.720,µg/m³,VOC,GC-MS
90227,CALGARY CENTRAL,Pentane,2000-10-21T00:00,2.310,µg/m³,VOC,GC-MS
90227,CALGARY CENTRAL,Pentane,2000-10-27T00:00,6.210,µg/m³,VOC,GC-MS
90227,CALGARY CENTRAL,Pentane,2000-11-02T00:00,3.250,µg/m³,VOC,GC-MS
90227,CALGARY CENTRAL,Pentane,2000-11-08T00:00,5.180,µg/m³,VOC,GC-MS
90227,CALGARY CENTRAL,Pentane,2000-11-14T00:00,2.240,µg/m³,VOC,GC-MS
90227,CALGARY CENTRAL,Pentane,2000-11-20T00:00,2.400,µg/m³,VOC,GC-MS
90227,CALGARY CENTRAL,Pentane,2000-11-26T00:00,1.960,µg/m³,VOC,GC-MS
90227,CALGARY CENTRAL,Pentane,2000-12-02T00:00,1.410,µg/m³,VOC,GC-MS
90227,CALGARY CENTRAL,Pentane,2000-12-08T00:00,1.950,µg/m³,VOC,GC-MS
90227,CALGARY CENTRAL,Pentane,2000-12-14T00:00,5.690,µg/m³,VOC,GC-MS
90227,CALGARY CENTRAL,Pentane,2000-12-20T00:00,2.650,µg/m³,VOC,GC-MS
90227,CALGARY CENTRAL,Pentane,2000-12-26T00:00,2.420,µg/m³,VOC,GC-MS
