﻿NAPS_Site_ID,Station_Name,Pollutant,Date,Value,Units,Report_Type,Method
60903,LONDON AQI SITE _LONDON_ 900_HGHBURYAVE,Freon 113,2011-01-03T00:00,0.545,µg/m³,VOC,GC-MS
60903,LONDON AQI SITE _LONDON_ 900_HGHBURYAVE,Freon 113,2011-01-09T00:00,0.533,µg/m³,VOC,GC-MS
60903,LONDON AQI SITE _LONDON_ 900_HGHBURYAVE,Freon 113,2011-01-15T00:00,0.541,µg/m³,VOC,GC-MS
60903,LONDON AQI SITE _LONDON_ 900_HGHBURYAVE,Freon 113,2011-01-27T00:00,0.586,µg/m³,VOC,GC-MS
60903,LONDON AQI SITE _LONDON_ 900_HGHBURYAVE,Freon 113,2011-02-02T00:00,0.561,µg/m³,VOC,GC-MS
60903,LONDON AQI SITE _LONDON_ 900_HGHBURYAVE,Freon 113,2011-02-08T00:00,0.626,µg/m³,VOC,GC-MS
60903,LONDON AQI SITE _LONDON_ 900_HGHBURYAVE,Freon 113,2011-02-14T00:00,0.600,µg/m³,VOC,GC-MS
60903,LONDON AQI SITE _LONDON_ 900_HGHBURYAVE,Freon 113,2011-02-20T00:00,0.659,µg/m³,VOC,GC-MS
60903,LONDON AQI SITE _LONDON_ 900_HGHBURYAVE,Freon 113,2011-02-26T00:00,0.750,µg/m³,VOC,GC-MS
60903,LONDON AQI SITE _LONDON_ 900_HGHBURYAVE,Freon 113,2011-03-04T00:00,0.704,µg/m³,VOC,GC-MS
60903,LONDON AQI SITE _LONDON_ 900_HGHBURYAVE,Freon 113,2011-03-10T00:00,0.712,µg/m³,VOC,GC-MS
60903,LONDON AQI SITE _LONDON_ 900_HGHBURYAVE,Freon 113,2011-03-16T00:00,0.715,µg/m³,VOC,GC-MS
60903,LONDON AQI SITE _LONDON_ 900_HGHBURYAVE,Freon 113,2011-03-22T00:00,0.451,µg/m³,VOC,GC-MS
60903,LONDON AQI SITE _LONDON_ 900_HGHBURYAVE,Freon 113,2011-03-28T00:00,0.411,µg/m³,VOC,GC-MS
