﻿NAPS_Site_ID,Station_Name,Pollutant,Date,Value,Units,Report_Type,Method
100137,BURNABY NORTH,Nonane,2010-01-02T00:00,1.228,µg/m³,VOC,
100137,BURNABY NORTH,Nonane,2010-01-08T00:00,1.832,µg/m³,VOC,
100137,BURNABY NORTH,Nonane,2010-01-14T00:00,0.165,µg/m³,VOC,
100137,BURNABY NORTH,Nonane,2010-01-20T00:00,0.826,µg/m³,VOC,
100137,BURNABY NORTH,Nonane,2010-01-26T00:00,1.136,µg/m³,VOC,
100137,BURNABY NORTH,Nonane,2010-02-01T00:00,0.767,µg/m³,VOC,
100137,BURNABY NORTH,Nonane,2010-02-13T00:00,0.074,µg/m³,VOC,
100137,BURNABY NORTH,Nonane,2010-03-03T00:00,0.666,µg/m³,VOC,
100137,BURNABY NORTH,Nonane,2010-03-09T00:00,0.201,µg/m³,VOC,
100137,BURNABY NORTH,Nonane,2010-03-15T00:00,0.358,µg/m³,VOC,
100137,BURNABY NORTH,Nonane,2010-03-21T00:00,0.213,µg/m³,VOC,
100137,BURNABY NORTH,Nonane,2010-03-27T00:00,0.280,µg/m³,VOC,
100137,BURNABY NORTH,Nonane,2010-04-02T00:00,0.140,µg/m³,VOC,
100137,BURNABY NORTH,Nonane,2010-04-08T00:00,0.027,µg/m³,VOC,
100137,BURNABY NORTH,Nonane,2010-04-14T00:00,0.346,µg/m³,VOC,
100137,BURNABY NORTH,Nonane,2010-04-20T00:00,0.211,µg/m³,VOC,
100137,BURNABY NORTH,Nonane,2010-04-26T00:00,0.454,µg/m³,VOC,
100137,BURNABY NORTH,Nonane,2010-05-02T00:00,0.338,µg/m³,VOC,
100137,BURNABY NORTH,Nonane,2010-05-08T00:00,0.545,µg/m³,VOC,
100137,BURNABY NORTH,Nonane,2010-05-14T00:00,2.356,µg/m³,VOC,
100137,BURNABY NORTH,Nonane,2010-05-20T00:00,0.072,µg/m³,VOC,
100137,BURNABY NORTH,Nonane,2010-05-26T00:00,0.440,µg/m³,VOC,
100137,BURNABY NORTH,Nonane,2010-06-01T00:00,0.281,µg/m³,VOC,
100137,BURNABY NORTH,Nonane,2010-06-07T00:00,0.349,µg/m³,VOC,
100137,BURNABY NORTH,Nonane,2010-06-13T00:00,0.355,µg/m³,VOC,
100137,BURNABY NORTH,Nonane,2010-06-19T00:00,0.184,µg/m³,VOC,
100137,BURNABY NORTH,Nonane,2010-06-25T00:00,0.143,µg/m³,VOC,
100137,BURNABY NORTH,Nonane,2010-07-01T00:00,0.587,µg/m³,VOC,
100137,BURNABY NORTH,Nonane,2010-07-07T00:00,1.901,µg/m³,VOC,
100137,BURNABY NORTH,Nonane,2010-07-13T00:00,0.263,µg/m³,VOC,
100137,BURNABY NORTH,Nonane,2010-07-19T00:00,0.354,µg/m³,VOC,
100137,BURNABY NORTH,Nonane,2010-07-25T00:00,1.452,µg/m³,VOC,
100137,BURNABY NORTH,Nonane,2010-07-31T00:00,0.503,µg/m³,VOC,
100137,BURNABY NORTH,Nonane,2010-08-05T00:00,0.621,µg/m³,VOC,
100137,BURNABY NORTH,Nonane,2010-08-06T00:00,0.099,µg/m³,VOC,
100137,BURNABY NORTH,Nonane,2010-08-12T00:00,1.158,µg/m³,VOC,
100137,BURNABY NORTH,Nonane,2010-08-18T00:00,0.356,µg/m³,VOC,
100137,BURNABY NORTH,Nonane,2010-08-24T00:00,5.402,µg/m³,VOC,
100137,BURNABY NORTH,Nonane,2010-08-30T00:00,0.583,µg/m³,VOC,
100137,BURNABY NORTH,Nonane,2010-09-17T00:00,1.277,µg/m³,VOC,
100137,BURNABY NORTH,Nonane,2010-09-23T00:00,0.151,µg/m³,VOC,
100137,BURNABY NORTH,Nonane,2010-09-29T00:00,1.022,µg/m³,VOC,
100137,BURNABY NORTH,Nonane,2010-10-05T00:00,0.820,µg/m³,VOC,
100137,BURNABY NORTH,Nonane,2010-10-11T00:00,0.755,µg/m³,VOC,
100137,BURNABY NORTH,Nonane,2010-10-17T00:00,0.624,µg/m³,VOC,
100137,BURNABY NORTH,Nonane,2010-10-23T00:00,0.899,µg/m³,VOC,
100137,BURNABY NORTH,Nonane,2010-10-29T00:00,1.763,µg/m³,VOC,
100137,BURNABY NORTH,Nonane,2010-11-04T00:00,1.224,µg/m³,VOC,
100137,BURNABY NORTH,Nonane,2010-11-04T00:00,2.041,µg/m³,VOC,
100137,BURNABY NORTH,Nonane,2010-11-22T00:00,0.766,µg/m³,VOC,
100137,BURNABY NORTH,Nonane,2010-11-28T00:00,0.736,µg/m³,VOC,
100137,BURNABY NORTH,Nonane,2010-12-04T00:00,0.364,µg/m³,VOC,
100137,BURNABY NORTH,Nonane,2010-12-10T00:00,3.109,µg/m³,VOC,
100137,BURNABY NORTH,Nonane,2010-12-16T00:00,0.167,µg/m³,VOC,
100137,BURNABY NORTH,Nonane,2010-12-22T00:00,0.133,µg/m³,VOC,
100137,BURNABY NORTH,Nonane,2010-12-28T00:00,0.825,µg/m³,VOC,
