﻿NAPS_Site_ID,Station_Name,Pollutant,Date,Value,Units,Report_Type,Method
50104,ONTARIO,"1,2,4-Trimethylbenzene",1992-01-07T00:00,1.719,µg/m³,VOC,GC-MS
50104,ONTARIO,"1,2,4-Trimethylbenzene",1992-01-13T00:00,4.296,µg/m³,VOC,GC-MS
50104,ONTARIO,"1,2,4-Trimethylbenzene",1992-01-19T00:00,1.004,µg/m³,VOC,GC-MS
50104,ONTARIO,"1,2,4-Trimethylbenzene",1992-01-25T00:00,0.434,µg/m³,VOC,GC-MS
50104,ONTARIO,"1,2,4-Trimethylbenzene",1992-01-31T00:00,3.032,µg/m³,VOC,GC-MS
50104,ONTARIO,"1,2,4-Trimethylbenzene",1992-02-06T00:00,2.356,µg/m³,VOC,GC-MS
50104,ONTARIO,"1,2,4-Trimethylbenzene",1992-02-12T00:00,0.998,µg/m³,VOC,GC-MS
50104,ONTARIO,"1,2,4-Trimethylbenzene",1992-02-18T00:00,3.677,µg/m³,VOC,GC-MS
50104,ONTARIO,"1,2,4-Trimethylbenzene",1992-02-24T00:00,2.290,µg/m³,VOC,GC-MS
50104,ONTARIO,"1,2,4-Trimethylbenzene",1992-03-01T00:00,3.169,µg/m³,VOC,GC-MS
50104,ONTARIO,"1,2,4-Trimethylbenzene",1992-03-07T00:00,2.650,µg/m³,VOC,GC-MS
50104,ONTARIO,"1,2,4-Trimethylbenzene",1992-03-13T00:00,1.998,µg/m³,VOC,GC-MS
50104,ONTARIO,"1,2,4-Trimethylbenzene",1992-03-19T00:00,4.259,µg/m³,VOC,GC-MS
50104,ONTARIO,"1,2,4-Trimethylbenzene",1992-03-25T00:00,1.661,µg/m³,VOC,GC-MS
50104,ONTARIO,"1,2,4-Trimethylbenzene",1992-03-31T00:00,2.749,µg/m³,VOC,GC-MS
50104,ONTARIO,"1,2,4-Trimethylbenzene",1992-04-06T00:00,2.048,µg/m³,VOC,GC-MS
50104,ONTARIO,"1,2,4-Trimethylbenzene",1992-04-12T00:00,1.556,µg/m³,VOC,GC-MS
50104,ONTARIO,"1,2,4-Trimethylbenzene",1992-04-18T00:00,2.481,µg/m³,VOC,GC-MS
50104,ONTARIO,"1,2,4-Trimethylbenzene",1992-04-24T00:00,5.245,µg/m³,VOC,GC-MS
50104,ONTARIO,"1,2,4-Trimethylbenzene",1992-04-30T00:00,3.644,µg/m³,VOC,GC-MS
50104,ONTARIO,"1,2,4-Trimethylbenzene",1992-05-06T00:00,2.224,µg/m³,VOC,GC-MS
50104,ONTARIO,"1,2,4-Trimethylbenzene",1992-05-12T00:00,2.513,µg/m³,VOC,GC-MS
50104,ONTARIO,"1,2,4-Trimethylbenzene",1992-05-18T00:00,1.496,µg/m³,VOC,GC-MS
50104,ONTARIO,"1,2,4-Trimethylbenzene",1992-05-24T00:00,1.335,µg/m³,VOC,GC-MS
50104,ONTARIO,"1,2,4-Trimethylbenzene",1992-05-30T00:00,1.580,µg/m³,VOC,GC-MS
50104,ONTARIO,"1,2,4-Trimethylbenzene",1992-06-05T00:00,1.226,µg/m³,VOC,GC-MS
50104,ONTARIO,"1,2,4-Trimethylbenzene",1992-06-11T00:00,1.371,µg/m³,VOC,GC-MS
50104,ONTARIO,"1,2,4-Trimethylbenzene",1992-06-17T00:00,1.398,µg/m³,VOC,GC-MS
50104,ONTARIO,"1,2,4-Trimethylbenzene",1992-06-29T00:00,0.524,µg/m³,VOC,GC-MS
50104,ONTARIO,"1,2,4-Trimethylbenzene",1992-07-05T00:00,1.128,µg/m³,VOC,GC-MS
50104,ONTARIO,"1,2,4-Trimethylbenzene",1992-07-11T00:00,1.129,µg/m³,VOC,GC-MS
50104,ONTARIO,"1,2,4-Trimethylbenzene",1992-07-17T00:00,1.444,µg/m³,VOC,GC-MS
50104,ONTARIO,"1,2,4-Trimethylbenzene",1992-07-23T00:00,0.871,µg/m³,VOC,GC-MS
50104,ONTARIO,"1,2,4-Trimethylbenzene",1992-07-29T00:00,1.192,µg/m³,VOC,GC-MS
50104,ONTARIO,"1,2,4-Trimethylbenzene",1992-08-04T00:00,1.827,µg/m³,VOC,GC-MS
50104,ONTARIO,"1,2,4-Trimethylbenzene",1992-08-10T00:00,0.803,µg/m³,VOC,GC-MS
50104,ONTARIO,"1,2,4-Trimethylbenzene",1992-08-16T00:00,1.272,µg/m³,VOC,GC-MS
50104,ONTARIO,"1,2,4-Trimethylbenzene",1992-08-22T00:00,2.184,µg/m³,VOC,GC-MS
50104,ONTARIO,"1,2,4-Trimethylbenzene",1992-09-03T00:00,1.668,µg/m³,VOC,GC-MS
50104,ONTARIO,"1,2,4-Trimethylbenzene",1992-09-09T00:00,1.695,µg/m³,VOC,GC-MS
50104,ONTARIO,"1,2,4-Trimethylbenzene",1992-09-15T00:00,2.113,µg/m³,VOC,GC-MS
50104,ONTARIO,"1,2,4-Trimethylbenzene",1992-09-21T00:00,1.663,µg/m³,VOC,GC-MS
50104,ONTARIO,"1,2,4-Trimethylbenzene",1992-09-27T00:00,0.834,µg/m³,VOC,GC-MS
50104,ONTARIO,"1,2,4-Trimethylbenzene",1992-10-03T00:00,1.167,µg/m³,VOC,GC-MS
50104,ONTARIO,"1,2,4-Trimethylbenzene",1992-10-09T00:00,2.040,µg/m³,VOC,GC-MS
50104,ONTARIO,"1,2,4-Trimethylbenzene",1992-10-15T00:00,1.754,µg/m³,VOC,GC-MS
50104,ONTARIO,"1,2,4-Trimethylbenzene",1992-10-21T00:00,2.094,µg/m³,VOC,GC-MS
50104,ONTARIO,"1,2,4-Trimethylbenzene",1992-10-27T00:00,1.339,µg/m³,VOC,GC-MS
50104,ONTARIO,"1,2,4-Trimethylbenzene",1992-11-02T00:00,0.992,µg/m³,VOC,GC-MS
50104,ONTARIO,"1,2,4-Trimethylbenzene",1992-11-08T00:00,0.626,µg/m³,VOC,GC-MS
50104,ONTARIO,"1,2,4-Trimethylbenzene",1992-11-14T00:00,0.288,µg/m³,VOC,GC-MS
50104,ONTARIO,"1,2,4-Trimethylbenzene",1992-11-20T00:00,3.108,µg/m³,VOC,GC-MS
50104,ONTARIO,"1,2,4-Trimethylbenzene",1992-11-26T00:00,4.307,µg/m³,VOC,GC-MS
50104,ONTARIO,"1,2,4-Trimethylbenzene",1992-12-02T00:00,1.605,µg/m³,VOC,GC-MS
50104,ONTARIO,"1,2,4-Trimethylbenzene",1992-12-08T00:00,1.185,µg/m³,VOC,GC-MS
50104,ONTARIO,"1,2,4-Trimethylbenzene",1992-12-14T00:00,2.473,µg/m³,VOC,GC-MS
50104,ONTARIO,"1,2,4-Trimethylbenzene",1992-12-20T00:00,0.547,µg/m³,VOC,GC-MS
50104,ONTARIO,"1,2,4-Trimethylbenzene",1992-12-26T00:00,0.179,µg/m³,VOC,GC-MS
