﻿NAPS_Site_ID,Station_Name,Pollutant,Date,Value,Units,Report_Type,Method
80110,REGINA-2505 11TH. AVENUE,1-Propyne,2007-01-06T00:00,0.051,µg/m³,VOC,
80110,REGINA-2505 11TH. AVENUE,1-Propyne,2007-01-12T00:00,0.085,µg/m³,VOC,
80110,REGINA-2505 11TH. AVENUE,1-Propyne,2007-01-18T00:00,0.088,µg/m³,VOC,
80110,REGINA-2505 11TH. AVENUE,1-Propyne,2007-01-24T00:00,0.139,µg/m³,VOC,
80110,REGINA-2505 11TH. AVENUE,1-Propyne,2007-01-30T00:00,0.089,µg/m³,VOC,
80110,REGINA-2505 11TH. AVENUE,1-Propyne,2007-02-05T00:00,0.043,µg/m³,VOC,
80110,REGINA-2505 11TH. AVENUE,1-Propyne,2007-02-11T00:00,0.063,µg/m³,VOC,
80110,REGINA-2505 11TH. AVENUE,1-Propyne,2007-02-17T00:00,0.037,µg/m³,VOC,
80110,REGINA-2505 11TH. AVENUE,1-Propyne,2007-02-23T00:00,0.038,µg/m³,VOC,
80110,REGINA-2505 11TH. AVENUE,1-Propyne,2007-03-01T00:00,0.070,µg/m³,VOC,
80110,REGINA-2505 11TH. AVENUE,1-Propyne,2007-03-19T00:00,0.028,µg/m³,VOC,
80110,REGINA-2505 11TH. AVENUE,1-Propyne,2007-03-31T00:00,0.019,µg/m³,VOC,
80110,REGINA-2505 11TH. AVENUE,1-Propyne,2007-04-06T00:00,0.030,µg/m³,VOC,
80110,REGINA-2505 11TH. AVENUE,1-Propyne,2007-04-12T00:00,0.083,µg/m³,VOC,
80110,REGINA-2505 11TH. AVENUE,1-Propyne,2007-04-18T00:00,0.020,µg/m³,VOC,
80110,REGINA-2505 11TH. AVENUE,1-Propyne,2007-04-24T00:00,0.030,µg/m³,VOC,
80110,REGINA-2505 11TH. AVENUE,1-Propyne,2007-05-24T00:00,0.034,µg/m³,VOC,
80110,REGINA-2505 11TH. AVENUE,1-Propyne,2007-06-29T00:00,0.025,µg/m³,VOC,
80110,REGINA-2505 11TH. AVENUE,1-Propyne,2007-07-05T00:00,0.034,µg/m³,VOC,
80110,REGINA-2505 11TH. AVENUE,1-Propyne,2007-07-11T00:00,0.046,µg/m³,VOC,
80110,REGINA-2505 11TH. AVENUE,1-Propyne,2007-07-17T00:00,0.040,µg/m³,VOC,
80110,REGINA-2505 11TH. AVENUE,1-Propyne,2007-07-23T00:00,0.037,µg/m³,VOC,
80110,REGINA-2505 11TH. AVENUE,1-Propyne,2007-07-29T00:00,0.034,µg/m³,VOC,
80110,REGINA-2505 11TH. AVENUE,1-Propyne,2007-08-04T00:00,0.058,µg/m³,VOC,
80110,REGINA-2505 11TH. AVENUE,1-Propyne,2007-08-10T00:00,0.049,µg/m³,VOC,
80110,REGINA-2505 11TH. AVENUE,1-Propyne,2007-08-16T00:00,0.076,µg/m³,VOC,
80110,REGINA-2505 11TH. AVENUE,1-Propyne,2007-08-22T00:00,0.033,µg/m³,VOC,
80110,REGINA-2505 11TH. AVENUE,1-Propyne,2007-08-28T00:00,0.051,µg/m³,VOC,
80110,REGINA-2505 11TH. AVENUE,1-Propyne,2007-09-03T00:00,0.021,µg/m³,VOC,
80110,REGINA-2505 11TH. AVENUE,1-Propyne,2007-09-09T00:00,0.049,µg/m³,VOC,
80110,REGINA-2505 11TH. AVENUE,1-Propyne,2007-09-15T00:00,0.103,µg/m³,VOC,
80110,REGINA-2505 11TH. AVENUE,1-Propyne,2007-09-21T00:00,0.074,µg/m³,VOC,
80110,REGINA-2505 11TH. AVENUE,1-Propyne,2007-09-27T00:00,0.042,µg/m³,VOC,
80110,REGINA-2505 11TH. AVENUE,1-Propyne,2007-10-03T00:00,0.040,µg/m³,VOC,
80110,REGINA-2505 11TH. AVENUE,1-Propyne,2007-10-09T00:00,0.042,µg/m³,VOC,
80110,REGINA-2505 11TH. AVENUE,1-Propyne,2007-10-15T00:00,0.028,µg/m³,VOC,
80110,REGINA-2505 11TH. AVENUE,1-Propyne,2007-10-21T00:00,0.058,µg/m³,VOC,
80110,REGINA-2505 11TH. AVENUE,1-Propyne,2007-10-27T00:00,0.037,µg/m³,VOC,
80110,REGINA-2505 11TH. AVENUE,1-Propyne,2007-11-02T00:00,0.060,µg/m³,VOC,
80110,REGINA-2505 11TH. AVENUE,1-Propyne,2007-11-08T00:00,0.039,µg/m³,VOC,
80110,REGINA-2505 11TH. AVENUE,1-Propyne,2007-11-20T00:00,0.077,µg/m³,VOC,
80110,REGINA-2505 11TH. AVENUE,1-Propyne,2007-11-26T00:00,0.073,µg/m³,VOC,
80110,REGINA-2505 11TH. AVENUE,1-Propyne,2007-12-02T00:00,0.046,µg/m³,VOC,
80110,REGINA-2505 11TH. AVENUE,1-Propyne,2007-12-08T00:00,0.081,µg/m³,VOC,
80110,REGINA-2505 11TH. AVENUE,1-Propyne,2007-12-14T00:00,0.060,µg/m³,VOC,
80110,REGINA-2505 11TH. AVENUE,1-Propyne,2007-12-26T00:00,0.032,µg/m³,VOC,
