﻿NAPS_Site_ID,Station_Name,Pollutant,Date,Value,Units,Report_Type,Method
90227,CALGARY CENTRAL,2-Methylhexane,2007-01-06T00:00,0.132,µg/m³,VOC,
90227,CALGARY CENTRAL,2-Methylhexane,2007-01-12T00:00,0.389,µg/m³,VOC,
90227,CALGARY CENTRAL,2-Methylhexane,2007-01-18T00:00,0.907,µg/m³,VOC,
90227,CALGARY CENTRAL,2-Methylhexane,2007-01-24T00:00,0.734,µg/m³,VOC,
90227,CALGARY CENTRAL,2-Methylhexane,2007-01-30T00:00,0.205,µg/m³,VOC,
90227,CALGARY CENTRAL,2-Methylhexane,2007-02-05T00:00,1.319,µg/m³,VOC,
90227,CALGARY CENTRAL,2-Methylhexane,2007-02-11T00:00,0.473,µg/m³,VOC,
90227,CALGARY CENTRAL,2-Methylhexane,2007-02-17T00:00,0.447,µg/m³,VOC,
90227,CALGARY CENTRAL,2-Methylhexane,2007-02-23T00:00,0.599,µg/m³,VOC,
90227,CALGARY CENTRAL,2-Methylhexane,2007-03-01T00:00,0.720,µg/m³,VOC,
90227,CALGARY CENTRAL,2-Methylhexane,2007-03-13T00:00,0.251,µg/m³,VOC,
90227,CALGARY CENTRAL,2-Methylhexane,2007-03-19T00:00,0.390,µg/m³,VOC,
90227,CALGARY CENTRAL,2-Methylhexane,2007-03-25T00:00,0.180,µg/m³,VOC,
90227,CALGARY CENTRAL,2-Methylhexane,2007-03-31T00:00,0.295,µg/m³,VOC,
90227,CALGARY CENTRAL,2-Methylhexane,2007-04-06T00:00,0.131,µg/m³,VOC,
90227,CALGARY CENTRAL,2-Methylhexane,2007-04-12T00:00,0.398,µg/m³,VOC,
90227,CALGARY CENTRAL,2-Methylhexane,2007-04-18T00:00,0.194,µg/m³,VOC,
90227,CALGARY CENTRAL,2-Methylhexane,2007-04-24T00:00,0.546,µg/m³,VOC,
90227,CALGARY CENTRAL,2-Methylhexane,2007-04-30T00:00,0.256,µg/m³,VOC,
90227,CALGARY CENTRAL,2-Methylhexane,2007-05-12T00:00,0.243,µg/m³,VOC,
90227,CALGARY CENTRAL,2-Methylhexane,2007-05-18T00:00,0.233,µg/m³,VOC,
90227,CALGARY CENTRAL,2-Methylhexane,2007-05-24T00:00,0.188,µg/m³,VOC,
90227,CALGARY CENTRAL,2-Methylhexane,2007-05-30T00:00,1.405,µg/m³,VOC,
90227,CALGARY CENTRAL,2-Methylhexane,2007-06-05T00:00,0.438,µg/m³,VOC,
90227,CALGARY CENTRAL,2-Methylhexane,2007-06-11T00:00,0.415,µg/m³,VOC,
90227,CALGARY CENTRAL,2-Methylhexane,2007-06-17T00:00,0.137,µg/m³,VOC,
90227,CALGARY CENTRAL,2-Methylhexane,2007-06-23T00:00,0.218,µg/m³,VOC,
90227,CALGARY CENTRAL,2-Methylhexane,2007-06-29T00:00,0.759,µg/m³,VOC,
90227,CALGARY CENTRAL,2-Methylhexane,2007-07-05T00:00,1.123,µg/m³,VOC,
90227,CALGARY CENTRAL,2-Methylhexane,2007-07-11T00:00,0.660,µg/m³,VOC,
90227,CALGARY CENTRAL,2-Methylhexane,2007-07-17T00:00,0.718,µg/m³,VOC,
90227,CALGARY CENTRAL,2-Methylhexane,2007-07-23T00:00,0.503,µg/m³,VOC,
90227,CALGARY CENTRAL,2-Methylhexane,2007-07-29T00:00,0.421,µg/m³,VOC,
90227,CALGARY CENTRAL,2-Methylhexane,2007-08-04T00:00,0.153,µg/m³,VOC,
90227,CALGARY CENTRAL,2-Methylhexane,2007-08-10T00:00,0.247,µg/m³,VOC,
90227,CALGARY CENTRAL,2-Methylhexane,2007-08-16T00:00,0.382,µg/m³,VOC,
90227,CALGARY CENTRAL,2-Methylhexane,2007-08-22T00:00,0.221,µg/m³,VOC,
90227,CALGARY CENTRAL,2-Methylhexane,2007-08-28T00:00,0.354,µg/m³,VOC,
90227,CALGARY CENTRAL,2-Methylhexane,2007-09-03T00:00,0.334,µg/m³,VOC,
90227,CALGARY CENTRAL,2-Methylhexane,2007-09-09T00:00,0.137,µg/m³,VOC,
90227,CALGARY CENTRAL,2-Methylhexane,2007-09-15T00:00,0.563,µg/m³,VOC,
90227,CALGARY CENTRAL,2-Methylhexane,2007-09-21T00:00,0.450,µg/m³,VOC,
90227,CALGARY CENTRAL,2-Methylhexane,2007-09-27T00:00,0.492,µg/m³,VOC,
90227,CALGARY CENTRAL,2-Methylhexane,2007-10-03T00:00,0.379,µg/m³,VOC,
90227,CALGARY CENTRAL,2-Methylhexane,2007-10-09T00:00,0.242,µg/m³,VOC,
90227,CALGARY CENTRAL,2-Methylhexane,2007-10-15T00:00,0.772,µg/m³,VOC,
90227,CALGARY CENTRAL,2-Methylhexane,2007-10-21T00:00,0.192,µg/m³,VOC,
90227,CALGARY CENTRAL,2-Methylhexane,2007-10-27T00:00,0.573,µg/m³,VOC,
90227,CALGARY CENTRAL,2-Methylhexane,2007-11-02T00:00,0.526,µg/m³,VOC,
90227,CALGARY CENTRAL,2-Methylhexane,2007-11-08T00:00,0.396,µg/m³,VOC,
90227,CALGARY CENTRAL,2-Methylhexane,2007-11-14T00:00,0.507,µg/m³,VOC,
90227,CALGARY CENTRAL,2-Methylhexane,2007-11-20T00:00,0.257,µg/m³,VOC,
90227,CALGARY CENTRAL,2-Methylhexane,2007-11-26T00:00,0.225,µg/m³,VOC,
90227,CALGARY CENTRAL,2-Methylhexane,2007-12-02T00:00,0.261,µg/m³,VOC,
90227,CALGARY CENTRAL,2-Methylhexane,2007-12-08T00:00,0.393,µg/m³,VOC,
90227,CALGARY CENTRAL,2-Methylhexane,2007-12-14T00:00,0.462,µg/m³,VOC,
90227,CALGARY CENTRAL,2-Methylhexane,2007-12-20T00:00,0.464,µg/m³,VOC,
90227,CALGARY CENTRAL,2-Methylhexane,2007-12-26T00:00,0.078,µg/m³,VOC,
