﻿NAPS_Site_ID,Station_Name,Pollutant,Date,Value,Units,Report_Type,Method
60413,CENTENNIAL PARK _ETOBICOKE WEST_,trans-2-Butene,2010-01-02T00:00,0.015,µg/m³,VOC,
60413,CENTENNIAL PARK _ETOBICOKE WEST_,trans-2-Butene,2010-01-08T00:00,0.030,µg/m³,VOC,
60413,CENTENNIAL PARK _ETOBICOKE WEST_,trans-2-Butene,2010-01-14T00:00,0.074,µg/m³,VOC,
60413,CENTENNIAL PARK _ETOBICOKE WEST_,trans-2-Butene,2010-01-20T00:00,0.023,µg/m³,VOC,
60413,CENTENNIAL PARK _ETOBICOKE WEST_,trans-2-Butene,2010-01-26T00:00,0.025,µg/m³,VOC,
60413,CENTENNIAL PARK _ETOBICOKE WEST_,trans-2-Butene,2010-02-01T00:00,0.024,µg/m³,VOC,
60413,CENTENNIAL PARK _ETOBICOKE WEST_,trans-2-Butene,2010-02-07T00:00,0.083,µg/m³,VOC,
60413,CENTENNIAL PARK _ETOBICOKE WEST_,trans-2-Butene,2010-02-13T00:00,0.055,µg/m³,VOC,
60413,CENTENNIAL PARK _ETOBICOKE WEST_,trans-2-Butene,2010-02-19T00:00,0.025,µg/m³,VOC,
60413,CENTENNIAL PARK _ETOBICOKE WEST_,trans-2-Butene,2010-02-25T00:00,0.024,µg/m³,VOC,
60413,CENTENNIAL PARK _ETOBICOKE WEST_,trans-2-Butene,2010-03-03T00:00,0.045,µg/m³,VOC,
60413,CENTENNIAL PARK _ETOBICOKE WEST_,trans-2-Butene,2010-03-09T00:00,0.128,µg/m³,VOC,
60413,CENTENNIAL PARK _ETOBICOKE WEST_,trans-2-Butene,2010-03-15T00:00,0.081,µg/m³,VOC,
60413,CENTENNIAL PARK _ETOBICOKE WEST_,trans-2-Butene,2010-03-21T00:00,0.057,µg/m³,VOC,
60413,CENTENNIAL PARK _ETOBICOKE WEST_,trans-2-Butene,2010-03-27T00:00,0.055,µg/m³,VOC,
60413,CENTENNIAL PARK _ETOBICOKE WEST_,trans-2-Butene,2010-04-02T00:00,0.243,µg/m³,VOC,
60413,CENTENNIAL PARK _ETOBICOKE WEST_,trans-2-Butene,2010-04-08T00:00,0.041,µg/m³,VOC,
60413,CENTENNIAL PARK _ETOBICOKE WEST_,trans-2-Butene,2010-04-14T00:00,0.098,µg/m³,VOC,
60413,CENTENNIAL PARK _ETOBICOKE WEST_,trans-2-Butene,2010-04-20T00:00,0.058,µg/m³,VOC,
60413,CENTENNIAL PARK _ETOBICOKE WEST_,trans-2-Butene,2010-04-26T00:00,0.042,µg/m³,VOC,
60413,CENTENNIAL PARK _ETOBICOKE WEST_,trans-2-Butene,2010-05-02T00:00,0.066,µg/m³,VOC,
60413,CENTENNIAL PARK _ETOBICOKE WEST_,trans-2-Butene,2010-05-08T00:00,0.013,µg/m³,VOC,
60413,CENTENNIAL PARK _ETOBICOKE WEST_,trans-2-Butene,2010-05-14T00:00,0.023,µg/m³,VOC,
60413,CENTENNIAL PARK _ETOBICOKE WEST_,trans-2-Butene,2010-05-20T00:00,0.070,µg/m³,VOC,
60413,CENTENNIAL PARK _ETOBICOKE WEST_,trans-2-Butene,2010-05-26T00:00,0.124,µg/m³,VOC,
60413,CENTENNIAL PARK _ETOBICOKE WEST_,trans-2-Butene,2010-06-01T00:00,0.039,µg/m³,VOC,
60413,CENTENNIAL PARK _ETOBICOKE WEST_,trans-2-Butene,2010-06-07T00:00,0.017,µg/m³,VOC,
60413,CENTENNIAL PARK _ETOBICOKE WEST_,trans-2-Butene,2010-06-13T00:00,0.053,µg/m³,VOC,
60413,CENTENNIAL PARK _ETOBICOKE WEST_,trans-2-Butene,2010-06-19T00:00,0.046,µg/m³,VOC,
60413,CENTENNIAL PARK _ETOBICOKE WEST_,trans-2-Butene,2010-06-25T00:00,0.065,µg/m³,VOC,
60413,CENTENNIAL PARK _ETOBICOKE WEST_,trans-2-Butene,2010-07-01T00:00,0.024,µg/m³,VOC,
60413,CENTENNIAL PARK _ETOBICOKE WEST_,trans-2-Butene,2010-07-07T00:00,0.052,µg/m³,VOC,
60413,CENTENNIAL PARK _ETOBICOKE WEST_,trans-2-Butene,2010-07-13T00:00,0.061,µg/m³,VOC,
60413,CENTENNIAL PARK _ETOBICOKE WEST_,trans-2-Butene,2010-07-19T00:00,0.027,µg/m³,VOC,
60413,CENTENNIAL PARK _ETOBICOKE WEST_,trans-2-Butene,2010-07-25T00:00,0.022,µg/m³,VOC,
60413,CENTENNIAL PARK _ETOBICOKE WEST_,trans-2-Butene,2010-07-31T00:00,0.065,µg/m³,VOC,
60413,CENTENNIAL PARK _ETOBICOKE WEST_,trans-2-Butene,2010-08-06T00:00,0.038,µg/m³,VOC,
60413,CENTENNIAL PARK _ETOBICOKE WEST_,trans-2-Butene,2010-08-18T00:00,0.059,µg/m³,VOC,
60413,CENTENNIAL PARK _ETOBICOKE WEST_,trans-2-Butene,2010-08-24T00:00,0.062,µg/m³,VOC,
60413,CENTENNIAL PARK _ETOBICOKE WEST_,trans-2-Butene,2010-09-05T00:00,0.033,µg/m³,VOC,
60413,CENTENNIAL PARK _ETOBICOKE WEST_,trans-2-Butene,2010-09-11T00:00,0.053,µg/m³,VOC,
60413,CENTENNIAL PARK _ETOBICOKE WEST_,trans-2-Butene,2010-09-17T00:00,0.042,µg/m³,VOC,
60413,CENTENNIAL PARK _ETOBICOKE WEST_,trans-2-Butene,2010-09-23T00:00,0.139,µg/m³,VOC,
60413,CENTENNIAL PARK _ETOBICOKE WEST_,trans-2-Butene,2010-09-29T00:00,0.049,µg/m³,VOC,
60413,CENTENNIAL PARK _ETOBICOKE WEST_,trans-2-Butene,2010-10-05T00:00,0.118,µg/m³,VOC,
60413,CENTENNIAL PARK _ETOBICOKE WEST_,trans-2-Butene,2010-10-11T00:00,0.069,µg/m³,VOC,
60413,CENTENNIAL PARK _ETOBICOKE WEST_,trans-2-Butene,2010-10-17T00:00,0.043,µg/m³,VOC,
60413,CENTENNIAL PARK _ETOBICOKE WEST_,trans-2-Butene,2010-10-23T00:00,0.168,µg/m³,VOC,
60413,CENTENNIAL PARK _ETOBICOKE WEST_,trans-2-Butene,2010-10-29T00:00,0.026,µg/m³,VOC,
60413,CENTENNIAL PARK _ETOBICOKE WEST_,trans-2-Butene,2010-11-04T00:00,0.236,µg/m³,VOC,
60413,CENTENNIAL PARK _ETOBICOKE WEST_,trans-2-Butene,2010-11-16T00:00,0.445,µg/m³,VOC,
60413,CENTENNIAL PARK _ETOBICOKE WEST_,trans-2-Butene,2010-11-28T00:00,0.099,µg/m³,VOC,
60413,CENTENNIAL PARK _ETOBICOKE WEST_,trans-2-Butene,2010-12-04T00:00,0.026,µg/m³,VOC,
60413,CENTENNIAL PARK _ETOBICOKE WEST_,trans-2-Butene,2010-12-10T00:00,0.066,µg/m³,VOC,
60413,CENTENNIAL PARK _ETOBICOKE WEST_,trans-2-Butene,2010-12-16T00:00,0.036,µg/m³,VOC,
60413,CENTENNIAL PARK _ETOBICOKE WEST_,trans-2-Butene,2010-12-22T00:00,0.024,µg/m³,VOC,
60413,CENTENNIAL PARK _ETOBICOKE WEST_,trans-2-Butene,2010-12-28T00:00,0.017,µg/m³,VOC,
