﻿NAPS_Site_ID,Station_Name,Pollutant,Date,Value,Units,Report_Type,Method
62601,EXPERIMENTAL FARM _SIMCOE_,13C12-P5CDF,1998-01-17T00:00,103.000,pg/m³,PCDD,
62601,EXPERIMENTAL FARM _SIMCOE_,13C12-P5CDF,1998-02-10T00:00,37.000,pg/m³,PCDD,
62601,EXPERIMENTAL FARM _SIMCOE_,13C12-P5CDF,1998-03-18T00:00,90.000,pg/m³,PCDD,
62601,EXPERIMENTAL FARM _SIMCOE_,13C12-P5CDF,1998-04-11T00:00,84.000,pg/m³,PCDD,
62601,EXPERIMENTAL FARM _SIMCOE_,13C12-P5CDF,1998-05-05T00:00,87.000,pg/m³,PCDD,
62601,EXPERIMENTAL FARM _SIMCOE_,13C12-P5CDF,1998-06-10T00:00,52.000,pg/m³,PCDD,
62601,EXPERIMENTAL FARM _SIMCOE_,13C12-P5CDF,1998-07-28T00:00,120.000,pg/m³,PCDD,
62601,EXPERIMENTAL FARM _SIMCOE_,13C12-P5CDF,1998-08-21T00:00,60.000,pg/m³,PCDD,
62601,EXPERIMENTAL FARM _SIMCOE_,13C12-P5CDF,1998-09-14T00:00,67.000,pg/m³,PCDD,
62601,EXPERIMENTAL FARM _SIMCOE_,13C12-P5CDF,1998-10-08T00:00,62.000,pg/m³,PCDD,
62601,EXPERIMENTAL FARM _SIMCOE_,13C12-P5CDF,1998-11-01T00:00,38.000,pg/m³,PCDD,
62601,EXPERIMENTAL FARM _SIMCOE_,13C12-P5CDF,1998-11-25T00:00,71.000,pg/m³,PCDD,
62601,EXPERIMENTAL FARM _SIMCOE_,13C12-P5CDF,1998-12-19T00:00,67.000,pg/m³,PCDD,
