﻿NAPS_Site_ID,Station_Name,Pollutant,Date,Value,Units,Report_Type,Method
40203,FOREST HILLS,Bromide,2003-04-27T00:00,0.000,µg/m³,DICHOT,N/A
40203,FOREST HILLS,Bromide,2003-04-27T00:00,0.000,µg/m³,DICHOT,N/A
40203,FOREST HILLS,Bromide,2003-05-03T00:00,0.000,µg/m³,DICHOT,N/A
40203,FOREST HILLS,Bromide,2003-05-03T00:00,0.000,µg/m³,DICHOT,N/A
40203,FOREST HILLS,Bromide,2003-05-09T00:00,0.000,µg/m³,DICHOT,N/A
40203,FOREST HILLS,Bromide,2003-05-09T00:00,0.000,µg/m³,DICHOT,N/A
40203,FOREST HILLS,Bromide,2003-05-15T00:00,0.000,µg/m³,DICHOT,N/A
40203,FOREST HILLS,Bromide,2003-05-15T00:00,0.000,µg/m³,DICHOT,N/A
40203,FOREST HILLS,Bromide,2003-05-21T00:00,0.000,µg/m³,DICHOT,N/A
40203,FOREST HILLS,Bromide,2003-05-21T00:00,0.000,µg/m³,DICHOT,N/A
40203,FOREST HILLS,Bromide,2003-06-02T00:00,0.000,µg/m³,DICHOT,N/A
40203,FOREST HILLS,Bromide,2003-06-02T00:00,0.000,µg/m³,DICHOT,N/A
40203,FOREST HILLS,Bromide,2003-06-26T00:00,0.000,µg/m³,DICHOT,N/A
40203,FOREST HILLS,Bromide,2003-06-26T00:00,0.000,µg/m³,DICHOT,N/A
40203,FOREST HILLS,Bromide,2003-07-02T00:00,0.000,µg/m³,DICHOT,N/A
40203,FOREST HILLS,Bromide,2003-07-02T00:00,0.000,µg/m³,DICHOT,N/A
40203,FOREST HILLS,Bromide,2003-07-14T00:00,0.000,µg/m³,DICHOT,N/A
40203,FOREST HILLS,Bromide,2003-07-14T00:00,0.000,µg/m³,DICHOT,N/A
40203,FOREST HILLS,Bromide,2003-07-26T00:00,0.000,µg/m³,DICHOT,N/A
40203,FOREST HILLS,Bromide,2003-07-26T00:00,0.000,µg/m³,DICHOT,N/A
40203,FOREST HILLS,Bromide,2003-08-13T00:00,0.000,µg/m³,DICHOT,N/A
40203,FOREST HILLS,Bromide,2003-08-13T00:00,0.000,µg/m³,DICHOT,N/A
40203,FOREST HILLS,Bromide,2003-08-19T00:00,0.000,µg/m³,DICHOT,N/A
40203,FOREST HILLS,Bromide,2003-08-19T00:00,0.000,µg/m³,DICHOT,N/A
40203,FOREST HILLS,Bromide,2003-08-25T00:00,0.000,µg/m³,DICHOT,N/A
40203,FOREST HILLS,Bromide,2003-08-25T00:00,0.000,µg/m³,DICHOT,N/A
40203,FOREST HILLS,Bromide,2003-08-31T00:00,0.000,µg/m³,DICHOT,N/A
40203,FOREST HILLS,Bromide,2003-08-31T00:00,0.000,µg/m³,DICHOT,N/A
40203,FOREST HILLS,Bromide,2003-09-06T00:00,0.000,µg/m³,DICHOT,N/A
40203,FOREST HILLS,Bromide,2003-09-06T00:00,0.000,µg/m³,DICHOT,N/A
40203,FOREST HILLS,Bromide,2003-09-18T00:00,0.000,µg/m³,DICHOT,N/A
40203,FOREST HILLS,Bromide,2003-09-18T00:00,0.000,µg/m³,DICHOT,N/A
40203,FOREST HILLS,Bromide,2003-09-24T00:00,0.000,µg/m³,DICHOT,N/A
40203,FOREST HILLS,Bromide,2003-09-24T00:00,0.000,µg/m³,DICHOT,N/A
40203,FOREST HILLS,Bromide,2003-09-30T00:00,0.000,µg/m³,DICHOT,N/A
40203,FOREST HILLS,Bromide,2003-09-30T00:00,0.000,µg/m³,DICHOT,N/A
40203,FOREST HILLS,Bromide,2003-10-06T00:00,0.000,µg/m³,DICHOT,N/A
40203,FOREST HILLS,Bromide,2003-10-06T00:00,0.000,µg/m³,DICHOT,N/A
40203,FOREST HILLS,Bromide,2003-10-12T00:00,0.000,µg/m³,DICHOT,N/A
40203,FOREST HILLS,Bromide,2003-10-12T00:00,0.000,µg/m³,DICHOT,N/A
40203,FOREST HILLS,Bromide,2003-10-18T00:00,0.000,µg/m³,DICHOT,N/A
40203,FOREST HILLS,Bromide,2003-10-18T00:00,0.000,µg/m³,DICHOT,N/A
40203,FOREST HILLS,Bromide,2003-10-30T00:00,0.000,µg/m³,DICHOT,N/A
40203,FOREST HILLS,Bromide,2003-10-30T00:00,0.000,µg/m³,DICHOT,N/A
