﻿NAPS_Site_ID,Station_Name,Pollutant,Date,Value,Units,Report_Type,Method
50109,MONTRÉAL-ÉCHANGEUR DÉCARIE,Calcium,1986-01-20T00:00,0.100,µg/m³,DICHOT,N/A
50109,MONTRÉAL-ÉCHANGEUR DÉCARIE,Calcium,1986-01-20T00:00,0.473,µg/m³,DICHOT,N/A
50109,MONTRÉAL-ÉCHANGEUR DÉCARIE,Calcium,1986-02-13T00:00,0.152,µg/m³,DICHOT,N/A
50109,MONTRÉAL-ÉCHANGEUR DÉCARIE,Calcium,1986-02-13T00:00,1.700,µg/m³,DICHOT,N/A
50109,MONTRÉAL-ÉCHANGEUR DÉCARIE,Calcium,1986-03-09T00:00,0.059,µg/m³,DICHOT,N/A
50109,MONTRÉAL-ÉCHANGEUR DÉCARIE,Calcium,1986-03-09T00:00,0.295,µg/m³,DICHOT,N/A
50109,MONTRÉAL-ÉCHANGEUR DÉCARIE,Calcium,1986-04-02T00:00,0.068,µg/m³,DICHOT,N/A
50109,MONTRÉAL-ÉCHANGEUR DÉCARIE,Calcium,1986-04-02T00:00,1.850,µg/m³,DICHOT,N/A
50109,MONTRÉAL-ÉCHANGEUR DÉCARIE,Calcium,1986-04-26T00:00,0.087,µg/m³,DICHOT,N/A
50109,MONTRÉAL-ÉCHANGEUR DÉCARIE,Calcium,1986-04-26T00:00,1.120,µg/m³,DICHOT,N/A
50109,MONTRÉAL-ÉCHANGEUR DÉCARIE,Calcium,1986-06-13T00:00,0.057,µg/m³,DICHOT,N/A
50109,MONTRÉAL-ÉCHANGEUR DÉCARIE,Calcium,1986-06-13T00:00,1.950,µg/m³,DICHOT,N/A
50109,MONTRÉAL-ÉCHANGEUR DÉCARIE,Calcium,1986-07-07T00:00,0.083,µg/m³,DICHOT,N/A
50109,MONTRÉAL-ÉCHANGEUR DÉCARIE,Calcium,1986-07-07T00:00,2.350,µg/m³,DICHOT,N/A
50109,MONTRÉAL-ÉCHANGEUR DÉCARIE,Calcium,1986-07-31T00:00,0.077,µg/m³,DICHOT,N/A
50109,MONTRÉAL-ÉCHANGEUR DÉCARIE,Calcium,1986-07-31T00:00,0.926,µg/m³,DICHOT,N/A
50109,MONTRÉAL-ÉCHANGEUR DÉCARIE,Calcium,1986-08-24T00:00,0.000,µg/m³,DICHOT,N/A
50109,MONTRÉAL-ÉCHANGEUR DÉCARIE,Calcium,1986-08-24T00:00,0.000,µg/m³,DICHOT,N/A
50109,MONTRÉAL-ÉCHANGEUR DÉCARIE,Calcium,1986-09-17T00:00,0.011,µg/m³,DICHOT,N/A
50109,MONTRÉAL-ÉCHANGEUR DÉCARIE,Calcium,1986-09-17T00:00,0.082,µg/m³,DICHOT,N/A
50109,MONTRÉAL-ÉCHANGEUR DÉCARIE,Calcium,1986-10-23T00:00,0.085,µg/m³,DICHOT,N/A
50109,MONTRÉAL-ÉCHANGEUR DÉCARIE,Calcium,1986-10-23T00:00,2.060,µg/m³,DICHOT,N/A
50109,MONTRÉAL-ÉCHANGEUR DÉCARIE,Calcium,1986-10-29T00:00,0.076,µg/m³,DICHOT,N/A
50109,MONTRÉAL-ÉCHANGEUR DÉCARIE,Calcium,1986-10-29T00:00,2.020,µg/m³,DICHOT,N/A
50109,MONTRÉAL-ÉCHANGEUR DÉCARIE,Calcium,1986-11-04T00:00,0.051,µg/m³,DICHOT,N/A
50109,MONTRÉAL-ÉCHANGEUR DÉCARIE,Calcium,1986-11-04T00:00,1.360,µg/m³,DICHOT,N/A
50109,MONTRÉAL-ÉCHANGEUR DÉCARIE,Calcium,1986-11-10T00:00,0.086,µg/m³,DICHOT,N/A
50109,MONTRÉAL-ÉCHANGEUR DÉCARIE,Calcium,1986-11-10T00:00,2.300,µg/m³,DICHOT,N/A
50109,MONTRÉAL-ÉCHANGEUR DÉCARIE,Calcium,1986-11-16T00:00,0.078,µg/m³,DICHOT,N/A
50109,MONTRÉAL-ÉCHANGEUR DÉCARIE,Calcium,1986-11-16T00:00,0.535,µg/m³,DICHOT,N/A
