﻿NAPS_Site_ID,Station_Name,Pollutant,Date,Value,Units,Report_Type,Method
61007,AAMJIWNAANG,Dibromomethane,2011-01-09T00:00,0.022,µg/m³,VOC,N/A
61007,AAMJIWNAANG,Dibromomethane,2011-01-21T00:00,0.022,µg/m³,VOC,N/A
61007,AAMJIWNAANG,Dibromomethane,2011-02-02T00:00,0.024,µg/m³,VOC,N/A
61007,AAMJIWNAANG,Dibromomethane,2011-02-14T00:00,0.029,µg/m³,VOC,N/A
61007,AAMJIWNAANG,Dibromomethane,2011-02-26T00:00,0.030,µg/m³,VOC,N/A
61007,AAMJIWNAANG,Dibromomethane,2011-03-10T00:00,0.032,µg/m³,VOC,N/A
61007,AAMJIWNAANG,Dibromomethane,2011-03-22T00:00,0.032,µg/m³,VOC,N/A
61007,AAMJIWNAANG,Dibromomethane,2011-04-03T00:00,0.031,µg/m³,VOC,N/A
61007,AAMJIWNAANG,Dibromomethane,2011-04-15T00:00,0.031,µg/m³,VOC,N/A
61007,AAMJIWNAANG,Dibromomethane,2011-04-27T00:00,0.024,µg/m³,VOC,N/A
61007,AAMJIWNAANG,Dibromomethane,2011-05-09T00:00,0.026,µg/m³,VOC,N/A
61007,AAMJIWNAANG,Dibromomethane,2011-05-21T00:00,0.023,µg/m³,VOC,N/A
61007,AAMJIWNAANG,Dibromomethane,2011-06-02T00:00,0.023,µg/m³,VOC,N/A
61007,AAMJIWNAANG,Dibromomethane,2011-06-14T00:00,0.026,µg/m³,VOC,N/A
61007,AAMJIWNAANG,Dibromomethane,2011-06-26T00:00,0.023,µg/m³,VOC,N/A
61007,AAMJIWNAANG,Dibromomethane,2011-07-08T00:00,0.024,µg/m³,VOC,N/A
61007,AAMJIWNAANG,Dibromomethane,2011-07-20T00:00,0.026,µg/m³,VOC,N/A
61007,AAMJIWNAANG,Dibromomethane,2011-08-01T00:00,0.023,µg/m³,VOC,N/A
61007,AAMJIWNAANG,Dibromomethane,2011-08-13T00:00,0.022,µg/m³,VOC,N/A
61007,AAMJIWNAANG,Dibromomethane,2011-08-25T00:00,0.020,µg/m³,VOC,N/A
61007,AAMJIWNAANG,Dibromomethane,2011-09-06T00:00,0.021,µg/m³,VOC,N/A
61007,AAMJIWNAANG,Dibromomethane,2011-09-18T00:00,0.023,µg/m³,VOC,N/A
61007,AAMJIWNAANG,Dibromomethane,2011-09-30T00:00,0.022,µg/m³,VOC,N/A
61007,AAMJIWNAANG,Dibromomethane,2011-10-12T00:00,0.029,µg/m³,VOC,N/A
61007,AAMJIWNAANG,Dibromomethane,2011-10-24T00:00,0.032,µg/m³,VOC,N/A
61007,AAMJIWNAANG,Dibromomethane,2011-11-05T00:00,0.028,µg/m³,VOC,N/A
61007,AAMJIWNAANG,Dibromomethane,2011-11-17T00:00,0.029,µg/m³,VOC,N/A
61007,AAMJIWNAANG,Dibromomethane,2011-11-29T00:00,0.029,µg/m³,VOC,N/A
61007,AAMJIWNAANG,Dibromomethane,2011-12-11T00:00,0.034,µg/m³,VOC,N/A
61007,AAMJIWNAANG,Dibromomethane,2011-12-28T00:00,0.030,µg/m³,VOC,N/A
