﻿NAPS_Site_ID,Station_Name,Pollutant,Date,Value,Units,Report_Type,Method
100133,BURMOUNT,"1,2-Dichloropropane",2001-01-01T00:00,0.040,µg/m³,VOC,GC-MS
100133,BURMOUNT,"1,2-Dichloropropane",2001-01-13T00:00,0.050,µg/m³,VOC,GC-MS
100133,BURMOUNT,"1,2-Dichloropropane",2001-01-25T00:00,0.040,µg/m³,VOC,GC-MS
100133,BURMOUNT,"1,2-Dichloropropane",2001-02-18T00:00,0.030,µg/m³,VOC,GC-MS
100133,BURMOUNT,"1,2-Dichloropropane",2001-03-02T00:00,0.050,µg/m³,VOC,GC-MS
100133,BURMOUNT,"1,2-Dichloropropane",2001-03-20T00:00,0.000,µg/m³,VOC,GC-MS
100133,BURMOUNT,"1,2-Dichloropropane",2001-04-01T00:00,0.000,µg/m³,VOC,GC-MS
100133,BURMOUNT,"1,2-Dichloropropane",2001-04-13T00:00,0.000,µg/m³,VOC,GC-MS
100133,BURMOUNT,"1,2-Dichloropropane",2001-04-25T00:00,0.050,µg/m³,VOC,GC-MS
100133,BURMOUNT,"1,2-Dichloropropane",2001-10-28T00:00,0.040,µg/m³,VOC,GC-MS
100133,BURMOUNT,"1,2-Dichloropropane",2001-11-09T00:00,0.030,µg/m³,VOC,GC-MS
100133,BURMOUNT,"1,2-Dichloropropane",2001-12-09T00:00,0.030,µg/m³,VOC,GC-MS
100133,BURMOUNT,"1,2-Dichloropropane",2001-12-21T00:00,0.040,µg/m³,VOC,GC-MS
