﻿NAPS_Site_ID,Station_Name,Pollutant,Date,Value,Units,Report_Type,Method
50115,MONTRÉAL-MAISONNEUVE,p-Cymene,2004-01-04T00:00,0.021,µg/m³,VOC,N/A
50115,MONTRÉAL-MAISONNEUVE,p-Cymene,2004-01-10T00:00,0.010,µg/m³,VOC,N/A
50115,MONTRÉAL-MAISONNEUVE,p-Cymene,2004-01-16T00:00,0.017,µg/m³,VOC,N/A
50115,MONTRÉAL-MAISONNEUVE,p-Cymene,2004-01-22T00:00,0.030,µg/m³,VOC,N/A
50115,MONTRÉAL-MAISONNEUVE,p-Cymene,2004-01-28T00:00,0.041,µg/m³,VOC,N/A
50115,MONTRÉAL-MAISONNEUVE,p-Cymene,2004-02-03T00:00,0.054,µg/m³,VOC,N/A
50115,MONTRÉAL-MAISONNEUVE,p-Cymene,2004-02-21T00:00,0.022,µg/m³,VOC,N/A
50115,MONTRÉAL-MAISONNEUVE,p-Cymene,2004-02-27T00:00,0.042,µg/m³,VOC,N/A
50115,MONTRÉAL-MAISONNEUVE,p-Cymene,2004-03-04T00:00,0.043,µg/m³,VOC,N/A
50115,MONTRÉAL-MAISONNEUVE,p-Cymene,2004-03-10T00:00,0.026,µg/m³,VOC,N/A
50115,MONTRÉAL-MAISONNEUVE,p-Cymene,2004-03-16T00:00,0.021,µg/m³,VOC,N/A
50115,MONTRÉAL-MAISONNEUVE,p-Cymene,2004-03-22T00:00,0.013,µg/m³,VOC,N/A
50115,MONTRÉAL-MAISONNEUVE,p-Cymene,2004-03-28T00:00,0.022,µg/m³,VOC,N/A
50115,MONTRÉAL-MAISONNEUVE,p-Cymene,2004-04-03T00:00,0.026,µg/m³,VOC,N/A
50115,MONTRÉAL-MAISONNEUVE,p-Cymene,2004-04-09T00:00,0.025,µg/m³,VOC,N/A
50115,MONTRÉAL-MAISONNEUVE,p-Cymene,2004-04-15T00:00,0.030,µg/m³,VOC,N/A
50115,MONTRÉAL-MAISONNEUVE,p-Cymene,2004-04-21T00:00,0.018,µg/m³,VOC,N/A
50115,MONTRÉAL-MAISONNEUVE,p-Cymene,2004-04-27T00:00,0.036,µg/m³,VOC,N/A
50115,MONTRÉAL-MAISONNEUVE,p-Cymene,2004-05-03T00:00,0.022,µg/m³,VOC,N/A
50115,MONTRÉAL-MAISONNEUVE,p-Cymene,2004-05-09T00:00,0.025,µg/m³,VOC,N/A
50115,MONTRÉAL-MAISONNEUVE,p-Cymene,2004-05-15T00:00,0.043,µg/m³,VOC,N/A
50115,MONTRÉAL-MAISONNEUVE,p-Cymene,2004-05-21T00:00,0.035,µg/m³,VOC,N/A
50115,MONTRÉAL-MAISONNEUVE,p-Cymene,2004-05-27T00:00,0.035,µg/m³,VOC,N/A
50115,MONTRÉAL-MAISONNEUVE,p-Cymene,2004-06-02T00:00,0.032,µg/m³,VOC,N/A
50115,MONTRÉAL-MAISONNEUVE,p-Cymene,2004-06-20T00:00,0.014,µg/m³,VOC,N/A
50115,MONTRÉAL-MAISONNEUVE,p-Cymene,2004-06-26T00:00,0.016,µg/m³,VOC,N/A
50115,MONTRÉAL-MAISONNEUVE,p-Cymene,2004-07-02T00:00,0.054,µg/m³,VOC,N/A
50115,MONTRÉAL-MAISONNEUVE,p-Cymene,2004-07-08T00:00,0.033,µg/m³,VOC,N/A
50115,MONTRÉAL-MAISONNEUVE,p-Cymene,2004-07-14T00:00,0.018,µg/m³,VOC,N/A
50115,MONTRÉAL-MAISONNEUVE,p-Cymene,2004-07-20T00:00,0.044,µg/m³,VOC,N/A
50115,MONTRÉAL-MAISONNEUVE,p-Cymene,2004-07-26T00:00,0.029,µg/m³,VOC,N/A
50115,MONTRÉAL-MAISONNEUVE,p-Cymene,2004-08-07T00:00,0.024,µg/m³,VOC,N/A
50115,MONTRÉAL-MAISONNEUVE,p-Cymene,2004-08-13T00:00,0.031,µg/m³,VOC,N/A
50115,MONTRÉAL-MAISONNEUVE,p-Cymene,2004-08-25T00:00,0.023,µg/m³,VOC,N/A
50115,MONTRÉAL-MAISONNEUVE,p-Cymene,2004-08-31T00:00,0.026,µg/m³,VOC,N/A
50115,MONTRÉAL-MAISONNEUVE,p-Cymene,2004-09-06T00:00,0.017,µg/m³,VOC,N/A
50115,MONTRÉAL-MAISONNEUVE,p-Cymene,2004-09-12T00:00,0.052,µg/m³,VOC,N/A
50115,MONTRÉAL-MAISONNEUVE,p-Cymene,2004-10-18T00:00,0.037,µg/m³,VOC,N/A
50115,MONTRÉAL-MAISONNEUVE,p-Cymene,2004-10-30T00:00,0.063,µg/m³,VOC,N/A
50115,MONTRÉAL-MAISONNEUVE,p-Cymene,2004-11-05T00:00,0.030,µg/m³,VOC,N/A
50115,MONTRÉAL-MAISONNEUVE,p-Cymene,2004-11-11T00:00,0.069,µg/m³,VOC,N/A
50115,MONTRÉAL-MAISONNEUVE,p-Cymene,2004-11-17T00:00,0.067,µg/m³,VOC,N/A
50115,MONTRÉAL-MAISONNEUVE,p-Cymene,2004-11-23T00:00,0.063,µg/m³,VOC,N/A
50115,MONTRÉAL-MAISONNEUVE,p-Cymene,2004-11-29T00:00,0.063,µg/m³,VOC,N/A
50115,MONTRÉAL-MAISONNEUVE,p-Cymene,2004-12-05T00:00,0.014,µg/m³,VOC,N/A
50115,MONTRÉAL-MAISONNEUVE,p-Cymene,2004-12-11T00:00,0.030,µg/m³,VOC,N/A
50115,MONTRÉAL-MAISONNEUVE,p-Cymene,2004-12-17T00:00,0.023,µg/m³,VOC,N/A
50115,MONTRÉAL-MAISONNEUVE,p-Cymene,2004-12-29T00:00,0.026,µg/m³,VOC,N/A
