﻿NAPS_Site_ID,Station_Name,Pollutant,Date,Value,Units,Report_Type,Method
80211,SASKATOON-CORMAN PARK,Selenium,2007-01-06T00:00,0.000,µg/m³,DICHOT,EDXRF
80211,SASKATOON-CORMAN PARK,Selenium,2007-01-06T00:00,0.001,µg/m³,DICHOT,EDXRF
80211,SASKATOON-CORMAN PARK,Selenium,2007-01-12T00:00,0.001,µg/m³,DICHOT,EDXRF
80211,SASKATOON-CORMAN PARK,Selenium,2007-01-12T00:00,0.001,µg/m³,DICHOT,EDXRF
80211,SASKATOON-CORMAN PARK,Selenium,2007-02-23T00:00,0.000,µg/m³,DICHOT,EDXRF
80211,SASKATOON-CORMAN PARK,Selenium,2007-02-23T00:00,0.000,µg/m³,DICHOT,EDXRF
80211,SASKATOON-CORMAN PARK,Selenium,2007-03-13T00:00,0.000,µg/m³,DICHOT,EDXRF
80211,SASKATOON-CORMAN PARK,Selenium,2007-03-13T00:00,0.000,µg/m³,DICHOT,EDXRF
80211,SASKATOON-CORMAN PARK,Selenium,2007-03-25T00:00,0.000,µg/m³,DICHOT,EDXRF
80211,SASKATOON-CORMAN PARK,Selenium,2007-03-25T00:00,0.000,µg/m³,DICHOT,EDXRF
80211,SASKATOON-CORMAN PARK,Selenium,2007-04-06T00:00,0.000,µg/m³,DICHOT,EDXRF
80211,SASKATOON-CORMAN PARK,Selenium,2007-04-06T00:00,0.000,µg/m³,DICHOT,EDXRF
80211,SASKATOON-CORMAN PARK,Selenium,2007-04-12T00:00,0.000,µg/m³,DICHOT,EDXRF
80211,SASKATOON-CORMAN PARK,Selenium,2007-04-12T00:00,0.000,µg/m³,DICHOT,EDXRF
80211,SASKATOON-CORMAN PARK,Selenium,2007-04-18T00:00,0.000,µg/m³,DICHOT,EDXRF
80211,SASKATOON-CORMAN PARK,Selenium,2007-04-18T00:00,0.001,µg/m³,DICHOT,EDXRF
80211,SASKATOON-CORMAN PARK,Selenium,2007-04-24T00:00,0.000,µg/m³,DICHOT,EDXRF
80211,SASKATOON-CORMAN PARK,Selenium,2007-04-24T00:00,0.000,µg/m³,DICHOT,EDXRF
80211,SASKATOON-CORMAN PARK,Selenium,2007-04-30T00:00,0.000,µg/m³,DICHOT,EDXRF
80211,SASKATOON-CORMAN PARK,Selenium,2007-04-30T00:00,0.000,µg/m³,DICHOT,EDXRF
80211,SASKATOON-CORMAN PARK,Selenium,2007-05-06T00:00,0.000,µg/m³,DICHOT,EDXRF
80211,SASKATOON-CORMAN PARK,Selenium,2007-05-06T00:00,0.000,µg/m³,DICHOT,EDXRF
80211,SASKATOON-CORMAN PARK,Selenium,2007-05-18T00:00,0.000,µg/m³,DICHOT,EDXRF
80211,SASKATOON-CORMAN PARK,Selenium,2007-05-18T00:00,0.000,µg/m³,DICHOT,EDXRF
80211,SASKATOON-CORMAN PARK,Selenium,2007-05-24T00:00,0.000,µg/m³,DICHOT,EDXRF
80211,SASKATOON-CORMAN PARK,Selenium,2007-05-24T00:00,0.000,µg/m³,DICHOT,EDXRF
80211,SASKATOON-CORMAN PARK,Selenium,2007-05-30T00:00,0.000,µg/m³,DICHOT,EDXRF
80211,SASKATOON-CORMAN PARK,Selenium,2007-05-30T00:00,0.000,µg/m³,DICHOT,EDXRF
80211,SASKATOON-CORMAN PARK,Selenium,2007-06-05T00:00,0.000,µg/m³,DICHOT,EDXRF
80211,SASKATOON-CORMAN PARK,Selenium,2007-06-05T00:00,0.000,µg/m³,DICHOT,EDXRF
80211,SASKATOON-CORMAN PARK,Selenium,2007-06-11T00:00,0.000,µg/m³,DICHOT,EDXRF
80211,SASKATOON-CORMAN PARK,Selenium,2007-06-11T00:00,0.002,µg/m³,DICHOT,EDXRF
80211,SASKATOON-CORMAN PARK,Selenium,2007-06-17T00:00,0.000,µg/m³,DICHOT,EDXRF
80211,SASKATOON-CORMAN PARK,Selenium,2007-06-17T00:00,0.000,µg/m³,DICHOT,EDXRF
80211,SASKATOON-CORMAN PARK,Selenium,2007-06-23T00:00,0.000,µg/m³,DICHOT,EDXRF
80211,SASKATOON-CORMAN PARK,Selenium,2007-06-23T00:00,0.000,µg/m³,DICHOT,EDXRF
80211,SASKATOON-CORMAN PARK,Selenium,2007-07-05T00:00,0.000,µg/m³,DICHOT,EDXRF
80211,SASKATOON-CORMAN PARK,Selenium,2007-07-05T00:00,0.000,µg/m³,DICHOT,EDXRF
80211,SASKATOON-CORMAN PARK,Selenium,2007-07-11T00:00,0.000,µg/m³,DICHOT,EDXRF
80211,SASKATOON-CORMAN PARK,Selenium,2007-07-11T00:00,0.000,µg/m³,DICHOT,EDXRF
80211,SASKATOON-CORMAN PARK,Selenium,2007-07-17T00:00,0.000,µg/m³,DICHOT,EDXRF
80211,SASKATOON-CORMAN PARK,Selenium,2007-07-17T00:00,0.000,µg/m³,DICHOT,EDXRF
80211,SASKATOON-CORMAN PARK,Selenium,2007-07-23T00:00,0.000,µg/m³,DICHOT,EDXRF
80211,SASKATOON-CORMAN PARK,Selenium,2007-07-23T00:00,0.000,µg/m³,DICHOT,EDXRF
80211,SASKATOON-CORMAN PARK,Selenium,2007-08-04T00:00,0.000,µg/m³,DICHOT,EDXRF
80211,SASKATOON-CORMAN PARK,Selenium,2007-08-04T00:00,0.000,µg/m³,DICHOT,EDXRF
80211,SASKATOON-CORMAN PARK,Selenium,2007-08-16T00:00,0.000,µg/m³,DICHOT,EDXRF
80211,SASKATOON-CORMAN PARK,Selenium,2007-08-16T00:00,0.000,µg/m³,DICHOT,EDXRF
80211,SASKATOON-CORMAN PARK,Selenium,2007-08-22T00:00,0.000,µg/m³,DICHOT,EDXRF
80211,SASKATOON-CORMAN PARK,Selenium,2007-08-22T00:00,0.001,µg/m³,DICHOT,EDXRF
80211,SASKATOON-CORMAN PARK,Selenium,2007-08-28T00:00,0.000,µg/m³,DICHOT,EDXRF
80211,SASKATOON-CORMAN PARK,Selenium,2007-08-28T00:00,0.000,µg/m³,DICHOT,EDXRF
80211,SASKATOON-CORMAN PARK,Selenium,2007-09-03T00:00,0.000,µg/m³,DICHOT,EDXRF
80211,SASKATOON-CORMAN PARK,Selenium,2007-09-03T00:00,0.001,µg/m³,DICHOT,EDXRF
80211,SASKATOON-CORMAN PARK,Selenium,2007-09-09T00:00,0.000,µg/m³,DICHOT,EDXRF
80211,SASKATOON-CORMAN PARK,Selenium,2007-09-09T00:00,0.000,µg/m³,DICHOT,EDXRF
80211,SASKATOON-CORMAN PARK,Selenium,2007-09-21T00:00,0.001,µg/m³,DICHOT,EDXRF
80211,SASKATOON-CORMAN PARK,Selenium,2007-09-21T00:00,0.002,µg/m³,DICHOT,EDXRF
80211,SASKATOON-CORMAN PARK,Selenium,2007-09-27T00:00,0.000,µg/m³,DICHOT,EDXRF
80211,SASKATOON-CORMAN PARK,Selenium,2007-09-27T00:00,0.001,µg/m³,DICHOT,EDXRF
80211,SASKATOON-CORMAN PARK,Selenium,2007-10-03T00:00,0.001,µg/m³,DICHOT,EDXRF
80211,SASKATOON-CORMAN PARK,Selenium,2007-10-03T00:00,0.002,µg/m³,DICHOT,EDXRF
80211,SASKATOON-CORMAN PARK,Selenium,2007-10-09T00:00,0.001,µg/m³,DICHOT,EDXRF
80211,SASKATOON-CORMAN PARK,Selenium,2007-10-09T00:00,0.002,µg/m³,DICHOT,EDXRF
80211,SASKATOON-CORMAN PARK,Selenium,2007-10-15T00:00,0.000,µg/m³,DICHOT,EDXRF
80211,SASKATOON-CORMAN PARK,Selenium,2007-10-15T00:00,0.002,µg/m³,DICHOT,EDXRF
80211,SASKATOON-CORMAN PARK,Selenium,2007-10-21T00:00,0.001,µg/m³,DICHOT,EDXRF
80211,SASKATOON-CORMAN PARK,Selenium,2007-10-21T00:00,0.001,µg/m³,DICHOT,EDXRF
80211,SASKATOON-CORMAN PARK,Selenium,2007-11-02T00:00,0.000,µg/m³,DICHOT,EDXRF
80211,SASKATOON-CORMAN PARK,Selenium,2007-11-02T00:00,0.002,µg/m³,DICHOT,EDXRF
80211,SASKATOON-CORMAN PARK,Selenium,2007-11-08T00:00,0.000,µg/m³,DICHOT,EDXRF
80211,SASKATOON-CORMAN PARK,Selenium,2007-11-08T00:00,0.002,µg/m³,DICHOT,EDXRF
80211,SASKATOON-CORMAN PARK,Selenium,2007-11-14T00:00,0.001,µg/m³,DICHOT,EDXRF
80211,SASKATOON-CORMAN PARK,Selenium,2007-11-14T00:00,0.002,µg/m³,DICHOT,EDXRF
80211,SASKATOON-CORMAN PARK,Selenium,2007-11-20T00:00,0.001,µg/m³,DICHOT,EDXRF
80211,SASKATOON-CORMAN PARK,Selenium,2007-11-20T00:00,0.001,µg/m³,DICHOT,EDXRF
80211,SASKATOON-CORMAN PARK,Selenium,2007-11-26T00:00,0.001,µg/m³,DICHOT,EDXRF
80211,SASKATOON-CORMAN PARK,Selenium,2007-11-26T00:00,0.001,µg/m³,DICHOT,EDXRF
80211,SASKATOON-CORMAN PARK,Selenium,2007-12-08T00:00,0.000,µg/m³,DICHOT,EDXRF
80211,SASKATOON-CORMAN PARK,Selenium,2007-12-08T00:00,0.001,µg/m³,DICHOT,EDXRF
80211,SASKATOON-CORMAN PARK,Selenium,2007-12-14T00:00,0.001,µg/m³,DICHOT,EDXRF
80211,SASKATOON-CORMAN PARK,Selenium,2007-12-14T00:00,0.001,µg/m³,DICHOT,EDXRF
80211,SASKATOON-CORMAN PARK,Selenium,2007-12-20T00:00,0.000,µg/m³,DICHOT,EDXRF
80211,SASKATOON-CORMAN PARK,Selenium,2007-12-20T00:00,0.000,µg/m³,DICHOT,EDXRF
80211,SASKATOON-CORMAN PARK,Selenium,2007-12-26T00:00,0.001,µg/m³,DICHOT,EDXRF
80211,SASKATOON-CORMAN PARK,Selenium,2007-12-26T00:00,0.001,µg/m³,DICHOT,EDXRF
