﻿NAPS_Site_ID,Station_Name,Pollutant,Date,Value,Units,Report_Type,Method
90227,CALGARY CENTRAL,Calcium,2002-01-02T00:00,0.316,µg/m³,PM2.5,N/A
90227,CALGARY CENTRAL,Calcium,2002-01-08T00:00,0.124,µg/m³,PM2.5,N/A
90227,CALGARY CENTRAL,Calcium,2002-01-14T00:00,0.135,µg/m³,PM2.5,N/A
90227,CALGARY CENTRAL,Calcium,2002-01-20T00:00,0.051,µg/m³,PM2.5,N/A
90227,CALGARY CENTRAL,Calcium,2002-01-26T00:00,0.017,µg/m³,PM2.5,N/A
90227,CALGARY CENTRAL,Calcium,2002-02-01T00:00,0.081,µg/m³,PM2.5,N/A
90227,CALGARY CENTRAL,Calcium,2002-02-07T00:00,0.264,µg/m³,PM2.5,N/A
90227,CALGARY CENTRAL,Calcium,2002-02-13T00:00,0.129,µg/m³,PM2.5,N/A
90227,CALGARY CENTRAL,Calcium,2002-02-19T00:00,0.237,µg/m³,PM2.5,N/A
90227,CALGARY CENTRAL,Calcium,2002-02-25T00:00,0.063,µg/m³,PM2.5,N/A
90227,CALGARY CENTRAL,Calcium,2002-03-03T00:00,0.054,µg/m³,PM2.5,N/A
90227,CALGARY CENTRAL,Calcium,2002-03-09T00:00,0.062,µg/m³,PM2.5,N/A
90227,CALGARY CENTRAL,Calcium,2002-03-15T00:00,0.016,µg/m³,PM2.5,N/A
90227,CALGARY CENTRAL,Calcium,2002-03-21T00:00,0.223,µg/m³,PM2.5,N/A
90227,CALGARY CENTRAL,Calcium,2002-03-27T00:00,0.157,µg/m³,PM2.5,N/A
90227,CALGARY CENTRAL,Calcium,2002-04-02T00:00,0.116,µg/m³,PM2.5,N/A
90227,CALGARY CENTRAL,Calcium,2002-04-08T00:00,0.118,µg/m³,PM2.5,N/A
90227,CALGARY CENTRAL,Calcium,2002-04-14T00:00,0.137,µg/m³,PM2.5,N/A
90227,CALGARY CENTRAL,Calcium,2002-04-20T00:00,0.255,µg/m³,PM2.5,N/A
90227,CALGARY CENTRAL,Calcium,2002-04-26T00:00,0.055,µg/m³,PM2.5,N/A
90227,CALGARY CENTRAL,Calcium,2002-05-02T00:00,0.263,µg/m³,PM2.5,N/A
90227,CALGARY CENTRAL,Calcium,2002-05-08T00:00,0.217,µg/m³,PM2.5,N/A
90227,CALGARY CENTRAL,Calcium,2002-05-14T00:00,0.367,µg/m³,PM2.5,N/A
90227,CALGARY CENTRAL,Calcium,2002-05-20T00:00,0.201,µg/m³,PM2.5,N/A
90227,CALGARY CENTRAL,Calcium,2002-05-26T00:00,0.070,µg/m³,PM2.5,N/A
90227,CALGARY CENTRAL,Calcium,2002-06-01T00:00,0.116,µg/m³,PM2.5,N/A
90227,CALGARY CENTRAL,Calcium,2002-06-07T00:00,0.106,µg/m³,PM2.5,N/A
90227,CALGARY CENTRAL,Calcium,2002-06-13T00:00,0.221,µg/m³,PM2.5,N/A
90227,CALGARY CENTRAL,Calcium,2002-06-19T00:00,0.979,µg/m³,PM2.5,N/A
90227,CALGARY CENTRAL,Calcium,2002-06-25T00:00,2.086,µg/m³,PM2.5,N/A
90227,CALGARY CENTRAL,Calcium,2002-07-01T00:00,0.822,µg/m³,PM2.5,N/A
90227,CALGARY CENTRAL,Calcium,2002-07-07T00:00,1.841,µg/m³,PM2.5,N/A
90227,CALGARY CENTRAL,Calcium,2002-07-13T00:00,2.206,µg/m³,PM2.5,N/A
90227,CALGARY CENTRAL,Calcium,2002-07-19T00:00,0.208,µg/m³,PM2.5,N/A
90227,CALGARY CENTRAL,Calcium,2002-07-25T00:00,0.246,µg/m³,PM2.5,N/A
90227,CALGARY CENTRAL,Calcium,2002-07-31T00:00,0.040,µg/m³,PM2.5,N/A
90227,CALGARY CENTRAL,Calcium,2002-08-06T00:00,0.060,µg/m³,PM2.5,N/A
90227,CALGARY CENTRAL,Calcium,2002-08-12T00:00,0.122,µg/m³,PM2.5,N/A
90227,CALGARY CENTRAL,Calcium,2002-08-18T00:00,0.051,µg/m³,PM2.5,N/A
90227,CALGARY CENTRAL,Calcium,2002-08-24T00:00,0.253,µg/m³,PM2.5,N/A
90227,CALGARY CENTRAL,Calcium,2002-08-30T00:00,0.070,µg/m³,PM2.5,N/A
90227,CALGARY CENTRAL,Calcium,2002-09-05T00:00,0.038,µg/m³,PM2.5,N/A
90227,CALGARY CENTRAL,Calcium,2002-09-17T00:00,0.081,µg/m³,PM2.5,N/A
90227,CALGARY CENTRAL,Calcium,2002-09-23T00:00,0.055,µg/m³,PM2.5,N/A
90227,CALGARY CENTRAL,Calcium,2002-09-29T00:00,0.017,µg/m³,PM2.5,N/A
90227,CALGARY CENTRAL,Calcium,2002-10-05T00:00,0.016,µg/m³,PM2.5,N/A
90227,CALGARY CENTRAL,Calcium,2002-10-11T00:00,0.000,µg/m³,PM2.5,N/A
90227,CALGARY CENTRAL,Calcium,2002-10-17T00:00,0.152,µg/m³,PM2.5,N/A
90227,CALGARY CENTRAL,Calcium,2002-10-23T00:00,0.079,µg/m³,PM2.5,N/A
90227,CALGARY CENTRAL,Calcium,2002-10-29T00:00,0.050,µg/m³,PM2.5,N/A
90227,CALGARY CENTRAL,Calcium,2002-11-04T00:00,0.127,µg/m³,PM2.5,N/A
90227,CALGARY CENTRAL,Calcium,2002-11-10T00:00,0.000,µg/m³,PM2.5,N/A
90227,CALGARY CENTRAL,Calcium,2002-11-16T00:00,0.123,µg/m³,PM2.5,N/A
90227,CALGARY CENTRAL,Calcium,2002-11-22T00:00,0.054,µg/m³,PM2.5,N/A
90227,CALGARY CENTRAL,Calcium,2002-11-28T00:00,0.108,µg/m³,PM2.5,N/A
90227,CALGARY CENTRAL,Calcium,2002-12-04T00:00,0.080,µg/m³,PM2.5,N/A
90227,CALGARY CENTRAL,Calcium,2002-12-10T00:00,0.078,µg/m³,PM2.5,N/A
90227,CALGARY CENTRAL,Calcium,2002-12-16T00:00,0.109,µg/m³,PM2.5,N/A
90227,CALGARY CENTRAL,Calcium,2002-12-22T00:00,0.200,µg/m³,PM2.5,N/A
90227,CALGARY CENTRAL,Calcium,2002-12-28T00:00,0.041,µg/m³,PM2.5,N/A
