﻿NAPS_Site_ID,Station_Name,Pollutant,Date,Value,Units,Report_Type,Method
63201,HWY 47 & HWY 48 _YORK_REGION_,Toluene,1989-01-10T00:00,4.122,µg/m³,VOC,N/A
63201,HWY 47 & HWY 48 _YORK_REGION_,Toluene,1989-01-16T00:00,8.051,µg/m³,VOC,N/A
63201,HWY 47 & HWY 48 _YORK_REGION_,Toluene,1989-02-03T00:00,1.697,µg/m³,VOC,N/A
63201,HWY 47 & HWY 48 _YORK_REGION_,Toluene,1989-02-15T00:00,1.938,µg/m³,VOC,N/A
63201,HWY 47 & HWY 48 _YORK_REGION_,Toluene,1989-03-05T00:00,5.836,µg/m³,VOC,N/A
63201,HWY 47 & HWY 48 _YORK_REGION_,Toluene,1989-03-11T00:00,2.594,µg/m³,VOC,N/A
63201,HWY 47 & HWY 48 _YORK_REGION_,Toluene,1989-03-17T00:00,1.124,µg/m³,VOC,N/A
63201,HWY 47 & HWY 48 _YORK_REGION_,Toluene,1989-03-23T00:00,4.406,µg/m³,VOC,N/A
63201,HWY 47 & HWY 48 _YORK_REGION_,Toluene,1989-04-22T00:00,0.392,µg/m³,VOC,N/A
63201,HWY 47 & HWY 48 _YORK_REGION_,Toluene,1989-04-28T00:00,0.620,µg/m³,VOC,N/A
63201,HWY 47 & HWY 48 _YORK_REGION_,Toluene,1989-05-04T00:00,5.642,µg/m³,VOC,N/A
63201,HWY 47 & HWY 48 _YORK_REGION_,Toluene,1989-05-10T00:00,1.219,µg/m³,VOC,N/A
63201,HWY 47 & HWY 48 _YORK_REGION_,Toluene,1989-05-22T00:00,0.694,µg/m³,VOC,N/A
63201,HWY 47 & HWY 48 _YORK_REGION_,Toluene,1989-05-28T00:00,0.874,µg/m³,VOC,N/A
63201,HWY 47 & HWY 48 _YORK_REGION_,Toluene,1989-06-03T00:00,10.667,µg/m³,VOC,N/A
63201,HWY 47 & HWY 48 _YORK_REGION_,Toluene,1989-06-27T00:00,8.067,µg/m³,VOC,N/A
63201,HWY 47 & HWY 48 _YORK_REGION_,Toluene,1989-07-03T00:00,2.725,µg/m³,VOC,N/A
63201,HWY 47 & HWY 48 _YORK_REGION_,Toluene,1989-07-09T00:00,1.690,µg/m³,VOC,N/A
63201,HWY 47 & HWY 48 _YORK_REGION_,Toluene,1989-07-15T00:00,1.027,µg/m³,VOC,N/A
63201,HWY 47 & HWY 48 _YORK_REGION_,Toluene,1989-07-21T00:00,0.838,µg/m³,VOC,N/A
63201,HWY 47 & HWY 48 _YORK_REGION_,Toluene,1989-07-27T00:00,3.092,µg/m³,VOC,N/A
63201,HWY 47 & HWY 48 _YORK_REGION_,Toluene,1989-08-02T00:00,5.709,µg/m³,VOC,N/A
63201,HWY 47 & HWY 48 _YORK_REGION_,Toluene,1989-08-08T00:00,2.414,µg/m³,VOC,N/A
63201,HWY 47 & HWY 48 _YORK_REGION_,Toluene,1989-08-20T00:00,1.972,µg/m³,VOC,N/A
63201,HWY 47 & HWY 48 _YORK_REGION_,Toluene,1989-08-26T00:00,2.437,µg/m³,VOC,N/A
63201,HWY 47 & HWY 48 _YORK_REGION_,Toluene,1989-09-01T00:00,5.283,µg/m³,VOC,N/A
63201,HWY 47 & HWY 48 _YORK_REGION_,Toluene,1989-09-19T00:00,2.416,µg/m³,VOC,N/A
63201,HWY 47 & HWY 48 _YORK_REGION_,Toluene,1989-09-25T00:00,10.327,µg/m³,VOC,N/A
63201,HWY 47 & HWY 48 _YORK_REGION_,Toluene,1989-10-01T00:00,1.597,µg/m³,VOC,N/A
63201,HWY 47 & HWY 48 _YORK_REGION_,Toluene,1989-10-07T00:00,0.567,µg/m³,VOC,N/A
63201,HWY 47 & HWY 48 _YORK_REGION_,Toluene,1989-10-13T00:00,4.093,µg/m³,VOC,N/A
63201,HWY 47 & HWY 48 _YORK_REGION_,Toluene,1989-10-19T00:00,0.860,µg/m³,VOC,N/A
63201,HWY 47 & HWY 48 _YORK_REGION_,Toluene,1989-10-25T00:00,28.249,µg/m³,VOC,N/A
63201,HWY 47 & HWY 48 _YORK_REGION_,Toluene,1989-10-31T00:00,2.608,µg/m³,VOC,N/A
63201,HWY 47 & HWY 48 _YORK_REGION_,Toluene,1989-11-06T00:00,2.419,µg/m³,VOC,N/A
63201,HWY 47 & HWY 48 _YORK_REGION_,Toluene,1989-11-12T00:00,0.710,µg/m³,VOC,N/A
63201,HWY 47 & HWY 48 _YORK_REGION_,Toluene,1989-11-18T00:00,1.633,µg/m³,VOC,N/A
63201,HWY 47 & HWY 48 _YORK_REGION_,Toluene,1989-11-24T00:00,3.831,µg/m³,VOC,N/A
63201,HWY 47 & HWY 48 _YORK_REGION_,Toluene,1989-11-30T00:00,1.565,µg/m³,VOC,N/A
63201,HWY 47 & HWY 48 _YORK_REGION_,Toluene,1989-12-06T00:00,2.541,µg/m³,VOC,N/A
63201,HWY 47 & HWY 48 _YORK_REGION_,Toluene,1989-12-12T00:00,2.549,µg/m³,VOC,N/A
