﻿NAPS_Site_ID,Station_Name,Pollutant,Date,Value,Units,Report_Type,Method
40203,FOREST HILLS,"1,1,1-Trichloroethane",2002-01-20T00:00,0.240,µg/m³,VOC,
40203,FOREST HILLS,"1,1,1-Trichloroethane",2002-01-26T00:00,0.230,µg/m³,VOC,
40203,FOREST HILLS,"1,1,1-Trichloroethane",2002-02-01T00:00,0.240,µg/m³,VOC,
40203,FOREST HILLS,"1,1,1-Trichloroethane",2002-02-07T00:00,0.250,µg/m³,VOC,
40203,FOREST HILLS,"1,1,1-Trichloroethane",2002-02-13T00:00,0.260,µg/m³,VOC,
40203,FOREST HILLS,"1,1,1-Trichloroethane",2002-02-19T00:00,0.250,µg/m³,VOC,
40203,FOREST HILLS,"1,1,1-Trichloroethane",2002-02-25T00:00,0.260,µg/m³,VOC,
40203,FOREST HILLS,"1,1,1-Trichloroethane",2002-03-03T00:00,0.240,µg/m³,VOC,
40203,FOREST HILLS,"1,1,1-Trichloroethane",2002-03-09T00:00,0.230,µg/m³,VOC,
40203,FOREST HILLS,"1,1,1-Trichloroethane",2002-03-15T00:00,0.230,µg/m³,VOC,
40203,FOREST HILLS,"1,1,1-Trichloroethane",2002-03-21T00:00,0.220,µg/m³,VOC,
40203,FOREST HILLS,"1,1,1-Trichloroethane",2002-03-27T00:00,0.210,µg/m³,VOC,
40203,FOREST HILLS,"1,1,1-Trichloroethane",2002-04-08T00:00,0.221,µg/m³,VOC,
40203,FOREST HILLS,"1,1,1-Trichloroethane",2002-04-14T00:00,0.222,µg/m³,VOC,
40203,FOREST HILLS,"1,1,1-Trichloroethane",2002-04-20T00:00,0.214,µg/m³,VOC,
40203,FOREST HILLS,"1,1,1-Trichloroethane",2002-05-02T00:00,0.233,µg/m³,VOC,
40203,FOREST HILLS,"1,1,1-Trichloroethane",2002-05-08T00:00,0.235,µg/m³,VOC,
40203,FOREST HILLS,"1,1,1-Trichloroethane",2002-05-14T00:00,0.198,µg/m³,VOC,
40203,FOREST HILLS,"1,1,1-Trichloroethane",2002-05-20T00:00,0.212,µg/m³,VOC,
40203,FOREST HILLS,"1,1,1-Trichloroethane",2002-05-26T00:00,0.206,µg/m³,VOC,
40203,FOREST HILLS,"1,1,1-Trichloroethane",2002-06-01T00:00,0.204,µg/m³,VOC,
40203,FOREST HILLS,"1,1,1-Trichloroethane",2002-06-25T00:00,0.204,µg/m³,VOC,
40203,FOREST HILLS,"1,1,1-Trichloroethane",2002-07-01T00:00,0.202,µg/m³,VOC,
40203,FOREST HILLS,"1,1,1-Trichloroethane",2002-07-13T00:00,0.206,µg/m³,VOC,
40203,FOREST HILLS,"1,1,1-Trichloroethane",2002-07-25T00:00,0.213,µg/m³,VOC,
40203,FOREST HILLS,"1,1,1-Trichloroethane",2002-08-18T00:00,0.194,µg/m³,VOC,
40203,FOREST HILLS,"1,1,1-Trichloroethane",2002-08-24T00:00,0.184,µg/m³,VOC,
40203,FOREST HILLS,"1,1,1-Trichloroethane",2002-08-30T00:00,0.191,µg/m³,VOC,
40203,FOREST HILLS,"1,1,1-Trichloroethane",2002-09-11T00:00,0.200,µg/m³,VOC,
40203,FOREST HILLS,"1,1,1-Trichloroethane",2002-09-29T00:00,0.220,µg/m³,VOC,
40203,FOREST HILLS,"1,1,1-Trichloroethane",2002-11-16T00:00,0.202,µg/m³,VOC,
40203,FOREST HILLS,"1,1,1-Trichloroethane",2002-11-22T00:00,0.183,µg/m³,VOC,
