﻿NAPS_Site_ID,Station_Name,Pollutant,Date,Value,Units,Report_Type,Method
91201,HIGHTOWER RIDGE,"2,3,4-Trimethylpentane",2004-01-04T00:00,0.000,µg/m³,VOC,N/A
91201,HIGHTOWER RIDGE,"2,3,4-Trimethylpentane",2004-01-10T00:00,0.000,µg/m³,VOC,N/A
91201,HIGHTOWER RIDGE,"2,3,4-Trimethylpentane",2004-01-16T00:00,0.000,µg/m³,VOC,N/A
91201,HIGHTOWER RIDGE,"2,3,4-Trimethylpentane",2004-01-22T00:00,0.000,µg/m³,VOC,N/A
91201,HIGHTOWER RIDGE,"2,3,4-Trimethylpentane",2004-01-28T00:00,0.000,µg/m³,VOC,N/A
91201,HIGHTOWER RIDGE,"2,3,4-Trimethylpentane",2004-02-03T00:00,0.000,µg/m³,VOC,N/A
91201,HIGHTOWER RIDGE,"2,3,4-Trimethylpentane",2004-02-09T00:00,0.000,µg/m³,VOC,N/A
91201,HIGHTOWER RIDGE,"2,3,4-Trimethylpentane",2004-02-15T00:00,0.000,µg/m³,VOC,N/A
91201,HIGHTOWER RIDGE,"2,3,4-Trimethylpentane",2004-02-21T00:00,0.000,µg/m³,VOC,N/A
91201,HIGHTOWER RIDGE,"2,3,4-Trimethylpentane",2004-02-27T00:00,0.030,µg/m³,VOC,N/A
91201,HIGHTOWER RIDGE,"2,3,4-Trimethylpentane",2004-03-04T00:00,0.004,µg/m³,VOC,N/A
91201,HIGHTOWER RIDGE,"2,3,4-Trimethylpentane",2004-03-10T00:00,0.000,µg/m³,VOC,N/A
91201,HIGHTOWER RIDGE,"2,3,4-Trimethylpentane",2004-03-16T00:00,0.006,µg/m³,VOC,N/A
91201,HIGHTOWER RIDGE,"2,3,4-Trimethylpentane",2004-03-22T00:00,0.000,µg/m³,VOC,N/A
91201,HIGHTOWER RIDGE,"2,3,4-Trimethylpentane",2004-03-28T00:00,0.000,µg/m³,VOC,N/A
91201,HIGHTOWER RIDGE,"2,3,4-Trimethylpentane",2004-04-09T00:00,0.000,µg/m³,VOC,N/A
91201,HIGHTOWER RIDGE,"2,3,4-Trimethylpentane",2004-04-15T00:00,0.000,µg/m³,VOC,N/A
91201,HIGHTOWER RIDGE,"2,3,4-Trimethylpentane",2004-04-21T00:00,0.000,µg/m³,VOC,N/A
91201,HIGHTOWER RIDGE,"2,3,4-Trimethylpentane",2004-05-21T00:00,0.000,µg/m³,VOC,N/A
91201,HIGHTOWER RIDGE,"2,3,4-Trimethylpentane",2004-05-27T00:00,0.000,µg/m³,VOC,N/A
91201,HIGHTOWER RIDGE,"2,3,4-Trimethylpentane",2004-06-02T00:00,0.000,µg/m³,VOC,N/A
91201,HIGHTOWER RIDGE,"2,3,4-Trimethylpentane",2004-06-08T00:00,0.000,µg/m³,VOC,N/A
