﻿NAPS_Site_ID,Station_Name,Pollutant,Date,Value,Units,Report_Type,Method
60517,CONFEDERATION PARK,H6CDD,2002-01-08T00:00,0.523,pg/m³,PCDD,
60517,CONFEDERATION PARK,H6CDD,2002-01-20T00:00,0.862,pg/m³,PCDD,
60517,CONFEDERATION PARK,H6CDD,2002-02-01T00:00,1.167,pg/m³,PCDD,
60517,CONFEDERATION PARK,H6CDD,2002-02-25T00:00,0.349,pg/m³,PCDD,
60517,CONFEDERATION PARK,H6CDD,2002-03-21T00:00,0.132,pg/m³,PCDD,
60517,CONFEDERATION PARK,H6CDD,2002-04-02T00:00,0.218,pg/m³,PCDD,
60517,CONFEDERATION PARK,H6CDD,2002-04-14T00:00,0.097,pg/m³,PCDD,
60517,CONFEDERATION PARK,H6CDD,2002-04-26T00:00,0.160,pg/m³,PCDD,
60517,CONFEDERATION PARK,H6CDD,2002-05-08T00:00,0.119,pg/m³,PCDD,
60517,CONFEDERATION PARK,H6CDD,2002-05-20T00:00,0.160,pg/m³,PCDD,
60517,CONFEDERATION PARK,H6CDD,2002-06-01T00:00,1.300,pg/m³,PCDD,
60517,CONFEDERATION PARK,H6CDD,2002-06-13T00:00,0.078,pg/m³,PCDD,
60517,CONFEDERATION PARK,H6CDD,2002-06-25T00:00,0.202,pg/m³,PCDD,
60517,CONFEDERATION PARK,H6CDD,2002-07-07T00:00,0.001,pg/m³,PCDD,
60517,CONFEDERATION PARK,H6CDD,2002-07-19T00:00,0.088,pg/m³,PCDD,
60517,CONFEDERATION PARK,H6CDD,2002-07-31T00:00,0.131,pg/m³,PCDD,
60517,CONFEDERATION PARK,H6CDD,2002-08-24T00:00,0.059,pg/m³,PCDD,
60517,CONFEDERATION PARK,H6CDD,2002-09-05T00:00,0.081,pg/m³,PCDD,
60517,CONFEDERATION PARK,H6CDD,2002-09-17T00:00,0.331,pg/m³,PCDD,
60517,CONFEDERATION PARK,H6CDD,2002-09-29T00:00,0.651,pg/m³,PCDD,
60517,CONFEDERATION PARK,H6CDD,2002-10-23T00:00,0.049,pg/m³,PCDD,
60517,CONFEDERATION PARK,H6CDD,2002-11-04T00:00,1.369,pg/m³,PCDD,
60517,CONFEDERATION PARK,H6CDD,2002-11-16T00:00,0.260,pg/m³,PCDD,
60517,CONFEDERATION PARK,H6CDD,2002-11-28T00:00,0.343,pg/m³,PCDD,
