﻿NAPS_Site_ID,Station_Name,Pollutant,Date,Value,Units,Report_Type,Method
100133,BURMOUNT,Butane,2019-01-03T00:00,3.577,µg/m³,VOC,GC-MS
100133,BURMOUNT,Butane,2019-01-09T00:00,18.377,µg/m³,VOC,GC-MS
100133,BURMOUNT,Butane,2019-01-15T00:00,31.014,µg/m³,VOC,GC-MS
100133,BURMOUNT,Butane,2019-01-21T00:00,32.811,µg/m³,VOC,GC-MS
100133,BURMOUNT,Butane,2019-01-27T00:00,11.416,µg/m³,VOC,GC-MS
100133,BURMOUNT,Butane,2019-02-02T00:00,3.243,µg/m³,VOC,GC-MS
100133,BURMOUNT,Butane,2019-02-08T00:00,11.517,µg/m³,VOC,GC-MS
100133,BURMOUNT,Butane,2019-02-14T00:00,14.601,µg/m³,VOC,GC-MS
100133,BURMOUNT,Butane,2019-02-20T00:00,11.855,µg/m³,VOC,GC-MS
100133,BURMOUNT,Butane,2019-02-26T00:00,4.935,µg/m³,VOC,GC-MS
100133,BURMOUNT,Butane,2019-03-04T00:00,7.453,µg/m³,VOC,GC-MS
100133,BURMOUNT,Butane,2019-03-10T00:00,15.110,µg/m³,VOC,GC-MS
100133,BURMOUNT,Butane,2019-03-16T00:00,22.110,µg/m³,VOC,GC-MS
100133,BURMOUNT,Butane,2019-03-22T00:00,12.400,µg/m³,VOC,GC-MS
100133,BURMOUNT,Butane,2019-03-28T00:00,23.176,µg/m³,VOC,GC-MS
100133,BURMOUNT,Butane,2019-04-03T00:00,5.556,µg/m³,VOC,GC-MS
100133,BURMOUNT,Butane,2019-04-09T00:00,2.803,µg/m³,VOC,GC-MS
100133,BURMOUNT,Butane,2019-04-15T00:00,3.671,µg/m³,VOC,GC-MS
100133,BURMOUNT,Butane,2019-04-21T00:00,3.980,µg/m³,VOC,GC-MS
100133,BURMOUNT,Butane,2019-04-27T00:00,1.565,µg/m³,VOC,GC-MS
100133,BURMOUNT,Butane,2019-05-03T00:00,3.238,µg/m³,VOC,GC-MS
100133,BURMOUNT,Butane,2019-05-15T00:00,7.874,µg/m³,VOC,GC-MS
100133,BURMOUNT,Butane,2019-06-02T00:00,8.818,µg/m³,VOC,GC-MS
100133,BURMOUNT,Butane,2019-06-08T00:00,2.706,µg/m³,VOC,GC-MS
100133,BURMOUNT,Butane,2019-06-14T00:00,2.948,µg/m³,VOC,GC-MS
100133,BURMOUNT,Butane,2019-06-20T00:00,1.796,µg/m³,VOC,GC-MS
100133,BURMOUNT,Butane,2019-06-26T00:00,5.685,µg/m³,VOC,GC-MS
100133,BURMOUNT,Butane,2019-07-02T00:00,1.201,µg/m³,VOC,GC-MS
100133,BURMOUNT,Butane,2019-07-08T00:00,8.108,µg/m³,VOC,GC-MS
100133,BURMOUNT,Butane,2019-07-14T00:00,5.676,µg/m³,VOC,GC-MS
100133,BURMOUNT,Butane,2019-07-20T00:00,5.893,µg/m³,VOC,GC-MS
100133,BURMOUNT,Butane,2019-07-26T00:00,6.738,µg/m³,VOC,GC-MS
100133,BURMOUNT,Butane,2019-08-01T00:00,9.260,µg/m³,VOC,GC-MS
100133,BURMOUNT,Butane,2019-08-07T00:00,5.660,µg/m³,VOC,GC-MS
100133,BURMOUNT,Butane,2019-08-13T00:00,11.225,µg/m³,VOC,GC-MS
100133,BURMOUNT,Butane,2019-08-19T00:00,2.456,µg/m³,VOC,GC-MS
100133,BURMOUNT,Butane,2019-08-25T00:00,2.583,µg/m³,VOC,GC-MS
100133,BURMOUNT,Butane,2019-08-31T00:00,10.290,µg/m³,VOC,GC-MS
100133,BURMOUNT,Butane,2019-09-06T00:00,9.391,µg/m³,VOC,GC-MS
100133,BURMOUNT,Butane,2019-09-12T00:00,8.176,µg/m³,VOC,GC-MS
100133,BURMOUNT,Butane,2019-09-18T00:00,21.850,µg/m³,VOC,GC-MS
100133,BURMOUNT,Butane,2019-09-24T00:00,11.159,µg/m³,VOC,GC-MS
100133,BURMOUNT,Butane,2019-10-06T00:00,15.727,µg/m³,VOC,GC-MS
100133,BURMOUNT,Butane,2019-10-12T00:00,29.737,µg/m³,VOC,GC-MS
100133,BURMOUNT,Butane,2019-10-18T00:00,6.122,µg/m³,VOC,GC-MS
100133,BURMOUNT,Butane,2019-10-24T00:00,31.643,µg/m³,VOC,GC-MS
100133,BURMOUNT,Butane,2019-10-30T00:00,29.763,µg/m³,VOC,GC-MS
100133,BURMOUNT,Butane,2019-11-05T00:00,33.961,µg/m³,VOC,GC-MS
100133,BURMOUNT,Butane,2019-11-11T00:00,45.811,µg/m³,VOC,GC-MS
100133,BURMOUNT,Butane,2019-11-17T00:00,2.360,µg/m³,VOC,GC-MS
100133,BURMOUNT,Butane,2019-11-23T00:00,6.713,µg/m³,VOC,GC-MS
100133,BURMOUNT,Butane,2019-11-29T00:00,21.232,µg/m³,VOC,GC-MS
100133,BURMOUNT,Butane,2019-12-05T00:00,20.364,µg/m³,VOC,GC-MS
100133,BURMOUNT,Butane,2019-12-11T00:00,39.932,µg/m³,VOC,GC-MS
100133,BURMOUNT,Butane,2019-12-17T00:00,44.566,µg/m³,VOC,GC-MS
