﻿NAPS_Site_ID,Station_Name,Pollutant,Date,Value,Units,Report_Type,Method
40208,CHAMPLAIN HEIGHTS SCHOOL,1-Pentene,2011-01-03T00:00,0.020,µg/m³,VOC,N/A
40208,CHAMPLAIN HEIGHTS SCHOOL,1-Pentene,2011-01-09T00:00,0.021,µg/m³,VOC,N/A
40208,CHAMPLAIN HEIGHTS SCHOOL,1-Pentene,2011-01-15T00:00,0.237,µg/m³,VOC,N/A
40208,CHAMPLAIN HEIGHTS SCHOOL,1-Pentene,2011-01-21T00:00,0.042,µg/m³,VOC,N/A
40208,CHAMPLAIN HEIGHTS SCHOOL,1-Pentene,2011-01-27T00:00,0.043,µg/m³,VOC,N/A
40208,CHAMPLAIN HEIGHTS SCHOOL,1-Pentene,2011-02-08T00:00,0.411,µg/m³,VOC,N/A
40208,CHAMPLAIN HEIGHTS SCHOOL,1-Pentene,2011-02-14T00:00,0.254,µg/m³,VOC,N/A
40208,CHAMPLAIN HEIGHTS SCHOOL,1-Pentene,2011-02-20T00:00,0.014,µg/m³,VOC,N/A
40208,CHAMPLAIN HEIGHTS SCHOOL,1-Pentene,2011-02-26T00:00,0.109,µg/m³,VOC,N/A
40208,CHAMPLAIN HEIGHTS SCHOOL,1-Pentene,2011-03-04T00:00,0.578,µg/m³,VOC,N/A
40208,CHAMPLAIN HEIGHTS SCHOOL,1-Pentene,2011-03-10T00:00,0.016,µg/m³,VOC,N/A
40208,CHAMPLAIN HEIGHTS SCHOOL,1-Pentene,2011-03-22T00:00,0.022,µg/m³,VOC,N/A
40208,CHAMPLAIN HEIGHTS SCHOOL,1-Pentene,2011-03-28T00:00,0.015,µg/m³,VOC,N/A
40208,CHAMPLAIN HEIGHTS SCHOOL,1-Pentene,2011-04-03T00:00,0.066,µg/m³,VOC,N/A
40208,CHAMPLAIN HEIGHTS SCHOOL,1-Pentene,2011-04-09T00:00,4.119,µg/m³,VOC,N/A
40208,CHAMPLAIN HEIGHTS SCHOOL,1-Pentene,2011-04-15T00:00,0.197,µg/m³,VOC,N/A
40208,CHAMPLAIN HEIGHTS SCHOOL,1-Pentene,2011-04-21T00:00,0.374,µg/m³,VOC,N/A
40208,CHAMPLAIN HEIGHTS SCHOOL,1-Pentene,2011-04-27T00:00,0.035,µg/m³,VOC,N/A
40208,CHAMPLAIN HEIGHTS SCHOOL,1-Pentene,2011-05-03T00:00,2.000,µg/m³,VOC,N/A
40208,CHAMPLAIN HEIGHTS SCHOOL,1-Pentene,2011-05-09T00:00,0.022,µg/m³,VOC,N/A
40208,CHAMPLAIN HEIGHTS SCHOOL,1-Pentene,2011-05-15T00:00,2.558,µg/m³,VOC,N/A
40208,CHAMPLAIN HEIGHTS SCHOOL,1-Pentene,2011-05-21T00:00,0.897,µg/m³,VOC,N/A
40208,CHAMPLAIN HEIGHTS SCHOOL,1-Pentene,2011-05-27T00:00,1.173,µg/m³,VOC,N/A
40208,CHAMPLAIN HEIGHTS SCHOOL,1-Pentene,2011-05-27T00:00,1.326,µg/m³,VOC,N/A
40208,CHAMPLAIN HEIGHTS SCHOOL,1-Pentene,2011-06-02T00:00,4.434,µg/m³,VOC,N/A
40208,CHAMPLAIN HEIGHTS SCHOOL,1-Pentene,2011-06-14T00:00,0.021,µg/m³,VOC,N/A
40208,CHAMPLAIN HEIGHTS SCHOOL,1-Pentene,2011-06-20T00:00,0.286,µg/m³,VOC,N/A
40208,CHAMPLAIN HEIGHTS SCHOOL,1-Pentene,2011-06-26T00:00,2.018,µg/m³,VOC,N/A
40208,CHAMPLAIN HEIGHTS SCHOOL,1-Pentene,2011-07-02T00:00,1.784,µg/m³,VOC,N/A
40208,CHAMPLAIN HEIGHTS SCHOOL,1-Pentene,2011-08-13T00:00,2.866,µg/m³,VOC,N/A
40208,CHAMPLAIN HEIGHTS SCHOOL,1-Pentene,2011-08-19T00:00,4.390,µg/m³,VOC,N/A
40208,CHAMPLAIN HEIGHTS SCHOOL,1-Pentene,2011-08-25T00:00,3.848,µg/m³,VOC,N/A
40208,CHAMPLAIN HEIGHTS SCHOOL,1-Pentene,2011-08-31T00:00,0.313,µg/m³,VOC,N/A
40208,CHAMPLAIN HEIGHTS SCHOOL,1-Pentene,2011-09-06T00:00,1.042,µg/m³,VOC,N/A
40208,CHAMPLAIN HEIGHTS SCHOOL,1-Pentene,2011-09-12T00:00,3.400,µg/m³,VOC,N/A
40208,CHAMPLAIN HEIGHTS SCHOOL,1-Pentene,2011-09-18T00:00,0.578,µg/m³,VOC,N/A
40208,CHAMPLAIN HEIGHTS SCHOOL,1-Pentene,2011-09-24T00:00,0.547,µg/m³,VOC,N/A
40208,CHAMPLAIN HEIGHTS SCHOOL,1-Pentene,2011-09-30T00:00,2.735,µg/m³,VOC,N/A
40208,CHAMPLAIN HEIGHTS SCHOOL,1-Pentene,2011-10-06T00:00,0.024,µg/m³,VOC,N/A
40208,CHAMPLAIN HEIGHTS SCHOOL,1-Pentene,2011-10-12T00:00,0.116,µg/m³,VOC,N/A
40208,CHAMPLAIN HEIGHTS SCHOOL,1-Pentene,2011-10-18T00:00,1.109,µg/m³,VOC,N/A
40208,CHAMPLAIN HEIGHTS SCHOOL,1-Pentene,2011-10-24T00:00,1.354,µg/m³,VOC,N/A
40208,CHAMPLAIN HEIGHTS SCHOOL,1-Pentene,2011-10-30T00:00,0.024,µg/m³,VOC,N/A
40208,CHAMPLAIN HEIGHTS SCHOOL,1-Pentene,2011-11-05T00:00,0.076,µg/m³,VOC,N/A
40208,CHAMPLAIN HEIGHTS SCHOOL,1-Pentene,2011-11-11T00:00,0.513,µg/m³,VOC,N/A
40208,CHAMPLAIN HEIGHTS SCHOOL,1-Pentene,2011-11-17T00:00,0.267,µg/m³,VOC,N/A
40208,CHAMPLAIN HEIGHTS SCHOOL,1-Pentene,2011-11-29T00:00,0.035,µg/m³,VOC,N/A
40208,CHAMPLAIN HEIGHTS SCHOOL,1-Pentene,2011-12-05T00:00,1.877,µg/m³,VOC,N/A
40208,CHAMPLAIN HEIGHTS SCHOOL,1-Pentene,2011-12-17T00:00,0.053,µg/m³,VOC,N/A
40208,CHAMPLAIN HEIGHTS SCHOOL,1-Pentene,2011-12-23T00:00,0.162,µg/m³,VOC,N/A
40208,CHAMPLAIN HEIGHTS SCHOOL,1-Pentene,2011-12-29T00:00,0.738,µg/m³,VOC,N/A
