﻿NAPS_Site_ID,Station_Name,Pollutant,Date,Value,Units,Report_Type,Method
50104,ONTARIO,Rubidium,2006-01-02T00:00,0.000,µg/m³,DICHOT,N/A
50104,ONTARIO,Rubidium,2006-01-02T00:00,0.000,µg/m³,DICHOT,N/A
50104,ONTARIO,Rubidium,2006-01-05T00:00,0.000,µg/m³,DICHOT,N/A
50104,ONTARIO,Rubidium,2006-01-05T00:00,0.001,µg/m³,DICHOT,N/A
50104,ONTARIO,Rubidium,2006-01-08T00:00,0.000,µg/m³,DICHOT,N/A
50104,ONTARIO,Rubidium,2006-01-08T00:00,0.000,µg/m³,DICHOT,N/A
50104,ONTARIO,Rubidium,2006-01-11T00:00,0.000,µg/m³,DICHOT,N/A
50104,ONTARIO,Rubidium,2006-01-11T00:00,0.000,µg/m³,DICHOT,N/A
50104,ONTARIO,Rubidium,2006-01-14T00:00,0.000,µg/m³,DICHOT,N/A
50104,ONTARIO,Rubidium,2006-01-14T00:00,0.000,µg/m³,DICHOT,N/A
50104,ONTARIO,Rubidium,2006-01-17T00:00,0.000,µg/m³,DICHOT,N/A
50104,ONTARIO,Rubidium,2006-01-17T00:00,0.000,µg/m³,DICHOT,N/A
50104,ONTARIO,Rubidium,2006-01-20T00:00,0.000,µg/m³,DICHOT,N/A
50104,ONTARIO,Rubidium,2006-01-20T00:00,0.001,µg/m³,DICHOT,N/A
50104,ONTARIO,Rubidium,2006-01-23T00:00,0.000,µg/m³,DICHOT,N/A
50104,ONTARIO,Rubidium,2006-01-23T00:00,0.000,µg/m³,DICHOT,N/A
50104,ONTARIO,Rubidium,2006-01-26T00:00,0.000,µg/m³,DICHOT,N/A
50104,ONTARIO,Rubidium,2006-01-26T00:00,0.001,µg/m³,DICHOT,N/A
50104,ONTARIO,Rubidium,2006-02-01T00:00,0.000,µg/m³,DICHOT,N/A
50104,ONTARIO,Rubidium,2006-02-01T00:00,0.001,µg/m³,DICHOT,N/A
50104,ONTARIO,Rubidium,2006-02-04T00:00,0.000,µg/m³,DICHOT,N/A
50104,ONTARIO,Rubidium,2006-02-04T00:00,0.001,µg/m³,DICHOT,N/A
50104,ONTARIO,Rubidium,2006-02-07T00:00,0.000,µg/m³,DICHOT,N/A
50104,ONTARIO,Rubidium,2006-02-07T00:00,0.001,µg/m³,DICHOT,N/A
50104,ONTARIO,Rubidium,2006-02-10T00:00,0.001,µg/m³,DICHOT,N/A
50104,ONTARIO,Rubidium,2006-02-10T00:00,0.001,µg/m³,DICHOT,N/A
50104,ONTARIO,Rubidium,2006-02-16T00:00,0.000,µg/m³,DICHOT,N/A
50104,ONTARIO,Rubidium,2006-02-16T00:00,0.000,µg/m³,DICHOT,N/A
50104,ONTARIO,Rubidium,2006-02-19T00:00,0.000,µg/m³,DICHOT,N/A
50104,ONTARIO,Rubidium,2006-02-22T00:00,0.001,µg/m³,DICHOT,N/A
50104,ONTARIO,Rubidium,2006-02-22T00:00,0.001,µg/m³,DICHOT,N/A
50104,ONTARIO,Rubidium,2006-02-25T00:00,0.000,µg/m³,DICHOT,N/A
50104,ONTARIO,Rubidium,2006-02-25T00:00,0.001,µg/m³,DICHOT,N/A
50104,ONTARIO,Rubidium,2006-02-28T00:00,0.000,µg/m³,DICHOT,N/A
50104,ONTARIO,Rubidium,2006-02-28T00:00,0.001,µg/m³,DICHOT,N/A
50104,ONTARIO,Rubidium,2006-03-09T00:00,0.000,µg/m³,DICHOT,N/A
50104,ONTARIO,Rubidium,2006-03-09T00:00,0.000,µg/m³,DICHOT,N/A
50104,ONTARIO,Rubidium,2006-03-12T00:00,0.000,µg/m³,DICHOT,N/A
50104,ONTARIO,Rubidium,2006-03-12T00:00,0.000,µg/m³,DICHOT,N/A
50104,ONTARIO,Rubidium,2006-03-15T00:00,0.000,µg/m³,DICHOT,N/A
50104,ONTARIO,Rubidium,2006-03-15T00:00,0.001,µg/m³,DICHOT,N/A
50104,ONTARIO,Rubidium,2006-03-18T00:00,0.000,µg/m³,DICHOT,N/A
50104,ONTARIO,Rubidium,2006-03-18T00:00,0.001,µg/m³,DICHOT,N/A
50104,ONTARIO,Rubidium,2006-03-21T00:00,0.000,µg/m³,DICHOT,N/A
50104,ONTARIO,Rubidium,2006-03-21T00:00,0.001,µg/m³,DICHOT,N/A
50104,ONTARIO,Rubidium,2006-03-24T00:00,0.000,µg/m³,DICHOT,N/A
50104,ONTARIO,Rubidium,2006-03-24T00:00,0.000,µg/m³,DICHOT,N/A
50104,ONTARIO,Rubidium,2006-03-27T00:00,0.000,µg/m³,DICHOT,N/A
50104,ONTARIO,Rubidium,2006-03-27T00:00,0.001,µg/m³,DICHOT,N/A
50104,ONTARIO,Rubidium,2006-03-30T00:00,0.001,µg/m³,DICHOT,N/A
50104,ONTARIO,Rubidium,2006-03-30T00:00,0.001,µg/m³,DICHOT,N/A
50104,ONTARIO,Rubidium,2006-04-02T00:00,0.000,µg/m³,DICHOT,N/A
50104,ONTARIO,Rubidium,2006-04-02T00:00,0.001,µg/m³,DICHOT,N/A
50104,ONTARIO,Rubidium,2006-04-05T00:00,0.000,µg/m³,DICHOT,N/A
50104,ONTARIO,Rubidium,2006-04-05T00:00,0.000,µg/m³,DICHOT,N/A
50104,ONTARIO,Rubidium,2006-04-11T00:00,0.000,µg/m³,DICHOT,N/A
50104,ONTARIO,Rubidium,2006-04-11T00:00,0.001,µg/m³,DICHOT,N/A
50104,ONTARIO,Rubidium,2006-04-14T00:00,0.001,µg/m³,DICHOT,N/A
50104,ONTARIO,Rubidium,2006-04-14T00:00,0.001,µg/m³,DICHOT,N/A
50104,ONTARIO,Rubidium,2006-04-17T00:00,0.000,µg/m³,DICHOT,N/A
50104,ONTARIO,Rubidium,2006-04-17T00:00,0.000,µg/m³,DICHOT,N/A
50104,ONTARIO,Rubidium,2006-04-20T00:00,0.000,µg/m³,DICHOT,N/A
50104,ONTARIO,Rubidium,2006-04-20T00:00,0.001,µg/m³,DICHOT,N/A
50104,ONTARIO,Rubidium,2006-04-23T00:00,0.000,µg/m³,DICHOT,N/A
50104,ONTARIO,Rubidium,2006-04-23T00:00,0.000,µg/m³,DICHOT,N/A
50104,ONTARIO,Rubidium,2006-04-26T00:00,0.000,µg/m³,DICHOT,N/A
50104,ONTARIO,Rubidium,2006-04-26T00:00,0.001,µg/m³,DICHOT,N/A
50104,ONTARIO,Rubidium,2006-04-29T00:00,0.000,µg/m³,DICHOT,N/A
50104,ONTARIO,Rubidium,2006-04-29T00:00,0.001,µg/m³,DICHOT,N/A
50104,ONTARIO,Rubidium,2006-05-02T00:00,0.000,µg/m³,DICHOT,N/A
50104,ONTARIO,Rubidium,2006-05-02T00:00,0.000,µg/m³,DICHOT,N/A
50104,ONTARIO,Rubidium,2006-05-05T00:00,0.000,µg/m³,DICHOT,N/A
50104,ONTARIO,Rubidium,2006-05-05T00:00,0.001,µg/m³,DICHOT,N/A
50104,ONTARIO,Rubidium,2006-05-08T00:00,0.000,µg/m³,DICHOT,N/A
50104,ONTARIO,Rubidium,2006-05-08T00:00,0.000,µg/m³,DICHOT,N/A
50104,ONTARIO,Rubidium,2006-05-11T00:00,0.000,µg/m³,DICHOT,N/A
50104,ONTARIO,Rubidium,2006-05-11T00:00,0.000,µg/m³,DICHOT,N/A
50104,ONTARIO,Rubidium,2006-05-14T00:00,0.000,µg/m³,DICHOT,N/A
50104,ONTARIO,Rubidium,2006-05-14T00:00,0.000,µg/m³,DICHOT,N/A
50104,ONTARIO,Rubidium,2006-05-17T00:00,0.000,µg/m³,DICHOT,N/A
50104,ONTARIO,Rubidium,2006-05-17T00:00,0.001,µg/m³,DICHOT,N/A
50104,ONTARIO,Rubidium,2006-05-20T00:00,0.000,µg/m³,DICHOT,N/A
50104,ONTARIO,Rubidium,2006-05-20T00:00,0.001,µg/m³,DICHOT,N/A
50104,ONTARIO,Rubidium,2006-05-23T00:00,0.001,µg/m³,DICHOT,N/A
50104,ONTARIO,Rubidium,2006-05-23T00:00,0.001,µg/m³,DICHOT,N/A
50104,ONTARIO,Rubidium,2006-05-26T00:00,0.001,µg/m³,DICHOT,N/A
50104,ONTARIO,Rubidium,2006-05-26T00:00,0.001,µg/m³,DICHOT,N/A
50104,ONTARIO,Rubidium,2006-05-29T00:00,0.001,µg/m³,DICHOT,N/A
50104,ONTARIO,Rubidium,2006-05-29T00:00,0.001,µg/m³,DICHOT,N/A
50104,ONTARIO,Rubidium,2006-06-01T00:00,0.000,µg/m³,DICHOT,N/A
50104,ONTARIO,Rubidium,2006-06-01T00:00,0.001,µg/m³,DICHOT,N/A
50104,ONTARIO,Rubidium,2006-06-04T00:00,0.000,µg/m³,DICHOT,N/A
50104,ONTARIO,Rubidium,2006-06-04T00:00,0.000,µg/m³,DICHOT,N/A
50104,ONTARIO,Rubidium,2006-06-16T00:00,0.000,µg/m³,DICHOT,N/A
50104,ONTARIO,Rubidium,2006-06-16T00:00,0.001,µg/m³,DICHOT,N/A
50104,ONTARIO,Rubidium,2006-06-19T00:00,0.000,µg/m³,DICHOT,N/A
50104,ONTARIO,Rubidium,2006-06-19T00:00,0.000,µg/m³,DICHOT,N/A
50104,ONTARIO,Rubidium,2006-06-22T00:00,0.000,µg/m³,DICHOT,N/A
50104,ONTARIO,Rubidium,2006-06-22T00:00,0.000,µg/m³,DICHOT,N/A
50104,ONTARIO,Rubidium,2006-06-28T00:00,0.000,µg/m³,DICHOT,N/A
50104,ONTARIO,Rubidium,2006-06-28T00:00,0.000,µg/m³,DICHOT,N/A
50104,ONTARIO,Rubidium,2006-07-10T00:00,0.001,µg/m³,DICHOT,N/A
50104,ONTARIO,Rubidium,2006-07-10T00:00,0.001,µg/m³,DICHOT,N/A
50104,ONTARIO,Rubidium,2006-07-13T00:00,0.000,µg/m³,DICHOT,N/A
50104,ONTARIO,Rubidium,2006-07-13T00:00,0.001,µg/m³,DICHOT,N/A
50104,ONTARIO,Rubidium,2006-07-16T00:00,0.000,µg/m³,DICHOT,N/A
50104,ONTARIO,Rubidium,2006-07-22T00:00,0.000,µg/m³,DICHOT,N/A
50104,ONTARIO,Rubidium,2006-07-31T00:00,0.000,µg/m³,DICHOT,N/A
50104,ONTARIO,Rubidium,2006-07-31T00:00,0.001,µg/m³,DICHOT,N/A
50104,ONTARIO,Rubidium,2006-08-03T00:00,0.000,µg/m³,DICHOT,N/A
50104,ONTARIO,Rubidium,2006-08-03T00:00,0.001,µg/m³,DICHOT,N/A
50104,ONTARIO,Rubidium,2006-08-06T00:00,0.000,µg/m³,DICHOT,N/A
50104,ONTARIO,Rubidium,2006-08-09T00:00,0.000,µg/m³,DICHOT,N/A
50104,ONTARIO,Rubidium,2006-08-09T00:00,0.000,µg/m³,DICHOT,N/A
50104,ONTARIO,Rubidium,2006-08-21T00:00,0.000,µg/m³,DICHOT,N/A
50104,ONTARIO,Rubidium,2006-08-21T00:00,0.001,µg/m³,DICHOT,N/A
50104,ONTARIO,Rubidium,2006-08-24T00:00,0.000,µg/m³,DICHOT,N/A
50104,ONTARIO,Rubidium,2006-08-24T00:00,0.001,µg/m³,DICHOT,N/A
50104,ONTARIO,Rubidium,2006-08-27T00:00,0.000,µg/m³,DICHOT,N/A
50104,ONTARIO,Rubidium,2006-08-27T00:00,0.001,µg/m³,DICHOT,N/A
50104,ONTARIO,Rubidium,2006-08-30T00:00,0.000,µg/m³,DICHOT,N/A
50104,ONTARIO,Rubidium,2006-08-30T00:00,0.000,µg/m³,DICHOT,N/A
50104,ONTARIO,Rubidium,2006-09-02T00:00,0.000,µg/m³,DICHOT,N/A
50104,ONTARIO,Rubidium,2006-09-02T00:00,0.000,µg/m³,DICHOT,N/A
50104,ONTARIO,Rubidium,2006-09-05T00:00,0.000,µg/m³,DICHOT,N/A
50104,ONTARIO,Rubidium,2006-09-05T00:00,0.000,µg/m³,DICHOT,N/A
50104,ONTARIO,Rubidium,2006-09-08T00:00,0.000,µg/m³,DICHOT,N/A
50104,ONTARIO,Rubidium,2006-09-08T00:00,0.001,µg/m³,DICHOT,N/A
50104,ONTARIO,Rubidium,2006-09-11T00:00,0.000,µg/m³,DICHOT,N/A
50104,ONTARIO,Rubidium,2006-09-11T00:00,0.000,µg/m³,DICHOT,N/A
50104,ONTARIO,Rubidium,2006-09-14T00:00,0.000,µg/m³,DICHOT,N/A
50104,ONTARIO,Rubidium,2006-09-14T00:00,0.001,µg/m³,DICHOT,N/A
50104,ONTARIO,Rubidium,2006-09-17T00:00,0.000,µg/m³,DICHOT,N/A
50104,ONTARIO,Rubidium,2006-09-17T00:00,0.001,µg/m³,DICHOT,N/A
50104,ONTARIO,Rubidium,2006-09-20T00:00,0.000,µg/m³,DICHOT,N/A
50104,ONTARIO,Rubidium,2006-09-20T00:00,0.001,µg/m³,DICHOT,N/A
50104,ONTARIO,Rubidium,2006-09-23T00:00,0.000,µg/m³,DICHOT,N/A
50104,ONTARIO,Rubidium,2006-09-23T00:00,0.001,µg/m³,DICHOT,N/A
50104,ONTARIO,Rubidium,2006-09-26T00:00,0.000,µg/m³,DICHOT,N/A
50104,ONTARIO,Rubidium,2006-09-26T00:00,0.001,µg/m³,DICHOT,N/A
50104,ONTARIO,Rubidium,2006-09-29T00:00,0.000,µg/m³,DICHOT,N/A
50104,ONTARIO,Rubidium,2006-09-29T00:00,0.001,µg/m³,DICHOT,N/A
50104,ONTARIO,Rubidium,2006-10-02T00:00,0.000,µg/m³,DICHOT,N/A
50104,ONTARIO,Rubidium,2006-10-02T00:00,0.001,µg/m³,DICHOT,N/A
50104,ONTARIO,Rubidium,2006-10-05T00:00,0.000,µg/m³,DICHOT,N/A
50104,ONTARIO,Rubidium,2006-10-05T00:00,0.001,µg/m³,DICHOT,N/A
50104,ONTARIO,Rubidium,2006-10-11T00:00,0.000,µg/m³,DICHOT,N/A
50104,ONTARIO,Rubidium,2006-10-11T00:00,0.001,µg/m³,DICHOT,N/A
50104,ONTARIO,Rubidium,2006-10-14T00:00,0.000,µg/m³,DICHOT,N/A
50104,ONTARIO,Rubidium,2006-10-14T00:00,0.000,µg/m³,DICHOT,N/A
50104,ONTARIO,Rubidium,2006-10-17T00:00,0.000,µg/m³,DICHOT,N/A
50104,ONTARIO,Rubidium,2006-10-17T00:00,0.000,µg/m³,DICHOT,N/A
50104,ONTARIO,Rubidium,2006-10-20T00:00,0.000,µg/m³,DICHOT,N/A
50104,ONTARIO,Rubidium,2006-10-20T00:00,0.000,µg/m³,DICHOT,N/A
50104,ONTARIO,Rubidium,2006-10-23T00:00,0.000,µg/m³,DICHOT,N/A
50104,ONTARIO,Rubidium,2006-10-23T00:00,0.000,µg/m³,DICHOT,N/A
50104,ONTARIO,Rubidium,2006-10-26T00:00,0.000,µg/m³,DICHOT,N/A
50104,ONTARIO,Rubidium,2006-10-26T00:00,0.001,µg/m³,DICHOT,N/A
50104,ONTARIO,Rubidium,2006-10-29T00:00,0.000,µg/m³,DICHOT,N/A
50104,ONTARIO,Rubidium,2006-10-29T00:00,0.000,µg/m³,DICHOT,N/A
50104,ONTARIO,Rubidium,2006-11-01T00:00,0.000,µg/m³,DICHOT,N/A
50104,ONTARIO,Rubidium,2006-11-01T00:00,0.000,µg/m³,DICHOT,N/A
50104,ONTARIO,Rubidium,2006-11-04T00:00,0.000,µg/m³,DICHOT,N/A
50104,ONTARIO,Rubidium,2006-11-04T00:00,0.000,µg/m³,DICHOT,N/A
50104,ONTARIO,Rubidium,2006-11-07T00:00,0.001,µg/m³,DICHOT,N/A
50104,ONTARIO,Rubidium,2006-11-07T00:00,0.001,µg/m³,DICHOT,N/A
50104,ONTARIO,Rubidium,2006-11-10T00:00,0.000,µg/m³,DICHOT,N/A
50104,ONTARIO,Rubidium,2006-11-10T00:00,0.001,µg/m³,DICHOT,N/A
50104,ONTARIO,Rubidium,2006-11-13T00:00,0.000,µg/m³,DICHOT,N/A
50104,ONTARIO,Rubidium,2006-11-13T00:00,0.000,µg/m³,DICHOT,N/A
50104,ONTARIO,Rubidium,2006-11-16T00:00,0.000,µg/m³,DICHOT,N/A
50104,ONTARIO,Rubidium,2006-11-16T00:00,0.000,µg/m³,DICHOT,N/A
50104,ONTARIO,Rubidium,2006-11-19T00:00,0.000,µg/m³,DICHOT,N/A
50104,ONTARIO,Rubidium,2006-11-19T00:00,0.001,µg/m³,DICHOT,N/A
50104,ONTARIO,Rubidium,2006-11-22T00:00,0.000,µg/m³,DICHOT,N/A
50104,ONTARIO,Rubidium,2006-11-22T00:00,0.000,µg/m³,DICHOT,N/A
50104,ONTARIO,Rubidium,2006-11-25T00:00,0.000,µg/m³,DICHOT,N/A
50104,ONTARIO,Rubidium,2006-11-25T00:00,0.000,µg/m³,DICHOT,N/A
50104,ONTARIO,Rubidium,2006-11-28T00:00,0.000,µg/m³,DICHOT,N/A
50104,ONTARIO,Rubidium,2006-11-28T00:00,0.000,µg/m³,DICHOT,N/A
50104,ONTARIO,Rubidium,2006-12-01T00:00,0.000,µg/m³,DICHOT,N/A
50104,ONTARIO,Rubidium,2006-12-01T00:00,0.000,µg/m³,DICHOT,N/A
50104,ONTARIO,Rubidium,2006-12-04T00:00,0.000,µg/m³,DICHOT,N/A
50104,ONTARIO,Rubidium,2006-12-04T00:00,0.000,µg/m³,DICHOT,N/A
50104,ONTARIO,Rubidium,2006-12-07T00:00,0.000,µg/m³,DICHOT,N/A
50104,ONTARIO,Rubidium,2006-12-07T00:00,0.000,µg/m³,DICHOT,N/A
50104,ONTARIO,Rubidium,2006-12-10T00:00,0.000,µg/m³,DICHOT,N/A
50104,ONTARIO,Rubidium,2006-12-10T00:00,0.000,µg/m³,DICHOT,N/A
50104,ONTARIO,Rubidium,2006-12-13T00:00,0.000,µg/m³,DICHOT,N/A
50104,ONTARIO,Rubidium,2006-12-13T00:00,0.000,µg/m³,DICHOT,N/A
50104,ONTARIO,Rubidium,2006-12-19T00:00,0.000,µg/m³,DICHOT,N/A
50104,ONTARIO,Rubidium,2006-12-19T00:00,0.000,µg/m³,DICHOT,N/A
50104,ONTARIO,Rubidium,2006-12-22T00:00,0.000,µg/m³,DICHOT,N/A
50104,ONTARIO,Rubidium,2006-12-22T00:00,0.000,µg/m³,DICHOT,N/A
50104,ONTARIO,Rubidium,2006-12-25T00:00,0.000,µg/m³,DICHOT,N/A
50104,ONTARIO,Rubidium,2006-12-25T00:00,0.000,µg/m³,DICHOT,N/A
50104,ONTARIO,Rubidium,2006-12-28T00:00,0.000,µg/m³,DICHOT,N/A
50104,ONTARIO,Rubidium,2006-12-28T00:00,0.000,µg/m³,DICHOT,N/A
50104,ONTARIO,Rubidium,2006-12-31T00:00,0.000,µg/m³,DICHOT,N/A
50104,ONTARIO,Rubidium,2006-12-31T00:00,0.000,µg/m³,DICHOT,N/A
