﻿NAPS_Site_ID,Station_Name,Pollutant,Date,Value,Units,Report_Type,Method
90701,ATHABASCA VALLEY-FORT MCMURRAY,Dibromochloromethane,1995-04-03T00:00,0.000,µg/m³,VOC,
90701,ATHABASCA VALLEY-FORT MCMURRAY,Dibromochloromethane,1995-04-09T00:00,0.000,µg/m³,VOC,
90701,ATHABASCA VALLEY-FORT MCMURRAY,Dibromochloromethane,1995-04-12T00:00,0.000,µg/m³,VOC,
90701,ATHABASCA VALLEY-FORT MCMURRAY,Dibromochloromethane,1995-04-28T00:00,0.000,µg/m³,VOC,
90701,ATHABASCA VALLEY-FORT MCMURRAY,Dibromochloromethane,1995-05-02T00:00,0.047,µg/m³,VOC,
90701,ATHABASCA VALLEY-FORT MCMURRAY,Dibromochloromethane,1995-05-09T00:00,0.030,µg/m³,VOC,
90701,ATHABASCA VALLEY-FORT MCMURRAY,Dibromochloromethane,1995-05-15T00:00,0.000,µg/m³,VOC,
90701,ATHABASCA VALLEY-FORT MCMURRAY,Dibromochloromethane,1995-05-21T00:00,0.000,µg/m³,VOC,
90701,ATHABASCA VALLEY-FORT MCMURRAY,Dibromochloromethane,1995-05-27T00:00,0.000,µg/m³,VOC,
90701,ATHABASCA VALLEY-FORT MCMURRAY,Dibromochloromethane,1995-05-31T00:00,0.000,µg/m³,VOC,
