﻿NAPS_Site_ID,Station_Name,Pollutant,Date,Value,Units,Report_Type,Method
60211,WINDSOR WEST,Chloromethane,2015-12-31T19:00,1.134,µg/m³,VOC,
60211,WINDSOR WEST,Chloromethane,2016-01-06T19:00,1.035,µg/m³,VOC,
60211,WINDSOR WEST,Chloromethane,2016-01-12T19:00,1.167,µg/m³,VOC,
60211,WINDSOR WEST,Chloromethane,2016-01-18T19:00,1.152,µg/m³,VOC,
60211,WINDSOR WEST,Chloromethane,2016-01-24T19:00,1.195,µg/m³,VOC,
60211,WINDSOR WEST,Chloromethane,2016-01-30T19:00,1.201,µg/m³,VOC,
60211,WINDSOR WEST,Chloromethane,2016-02-05T19:00,1.055,µg/m³,VOC,
60211,WINDSOR WEST,Chloromethane,2016-02-11T19:00,1.075,µg/m³,VOC,
60211,WINDSOR WEST,Chloromethane,2016-02-17T19:00,1.210,µg/m³,VOC,
60211,WINDSOR WEST,Chloromethane,2016-02-23T19:00,0.996,µg/m³,VOC,
60211,WINDSOR WEST,Chloromethane,2016-02-29T19:00,1.009,µg/m³,VOC,
60211,WINDSOR WEST,Chloromethane,2016-03-06T19:00,1.094,µg/m³,VOC,
60211,WINDSOR WEST,Chloromethane,2016-03-12T19:00,1.199,µg/m³,VOC,
60211,WINDSOR WEST,Chloromethane,2016-03-18T20:00,1.139,µg/m³,VOC,
60211,WINDSOR WEST,Chloromethane,2016-03-24T20:00,1.158,µg/m³,VOC,
60211,WINDSOR WEST,Chloromethane,2016-04-17T20:00,1.130,µg/m³,VOC,
60211,WINDSOR WEST,Chloromethane,2016-04-23T20:00,1.103,µg/m³,VOC,
60211,WINDSOR WEST,Chloromethane,2016-04-29T20:00,1.072,µg/m³,VOC,
60211,WINDSOR WEST,Chloromethane,2016-05-05T20:00,1.025,µg/m³,VOC,
60211,WINDSOR WEST,Chloromethane,2016-05-11T20:00,1.138,µg/m³,VOC,
60211,WINDSOR WEST,Chloromethane,2016-05-17T20:00,1.136,µg/m³,VOC,
60211,WINDSOR WEST,Chloromethane,2016-05-23T20:00,1.030,µg/m³,VOC,
60211,WINDSOR WEST,Chloromethane,2016-05-29T20:00,1.083,µg/m³,VOC,
60211,WINDSOR WEST,Chloromethane,2016-06-04T20:00,1.104,µg/m³,VOC,
60211,WINDSOR WEST,Chloromethane,2016-06-10T20:00,1.121,µg/m³,VOC,
60211,WINDSOR WEST,Chloromethane,2016-06-22T20:00,1.037,µg/m³,VOC,
60211,WINDSOR WEST,Chloromethane,2016-06-28T20:00,1.016,µg/m³,VOC,
60211,WINDSOR WEST,Chloromethane,2016-07-04T20:00,1.207,µg/m³,VOC,
60211,WINDSOR WEST,Chloromethane,2016-07-10T20:00,1.015,µg/m³,VOC,
60211,WINDSOR WEST,Chloromethane,2016-07-16T20:00,1.141,µg/m³,VOC,
60211,WINDSOR WEST,Chloromethane,2016-07-22T20:00,1.200,µg/m³,VOC,
60211,WINDSOR WEST,Chloromethane,2016-07-28T20:00,1.622,µg/m³,VOC,
60211,WINDSOR WEST,Chloromethane,2016-08-03T20:00,1.159,µg/m³,VOC,
60211,WINDSOR WEST,Chloromethane,2016-08-09T20:00,1.161,µg/m³,VOC,
60211,WINDSOR WEST,Chloromethane,2016-08-15T20:00,1.205,µg/m³,VOC,
60211,WINDSOR WEST,Chloromethane,2016-08-21T20:00,1.047,µg/m³,VOC,
60211,WINDSOR WEST,Chloromethane,2016-08-27T20:00,1.192,µg/m³,VOC,
60211,WINDSOR WEST,Chloromethane,2016-09-02T20:00,1.128,µg/m³,VOC,
60211,WINDSOR WEST,Chloromethane,2016-09-08T20:00,1.169,µg/m³,VOC,
60211,WINDSOR WEST,Chloromethane,2016-09-20T20:00,1.100,µg/m³,VOC,
60211,WINDSOR WEST,Chloromethane,2016-09-26T20:00,1.034,µg/m³,VOC,
60211,WINDSOR WEST,Chloromethane,2016-10-02T20:00,1.017,µg/m³,VOC,
60211,WINDSOR WEST,Chloromethane,2016-10-08T20:00,0.931,µg/m³,VOC,
60211,WINDSOR WEST,Chloromethane,2016-10-14T20:00,0.833,µg/m³,VOC,
60211,WINDSOR WEST,Chloromethane,2016-10-20T20:00,0.785,µg/m³,VOC,
60211,WINDSOR WEST,Chloromethane,2016-10-26T20:00,0.874,µg/m³,VOC,
60211,WINDSOR WEST,Chloromethane,2016-11-01T20:00,1.079,µg/m³,VOC,
60211,WINDSOR WEST,Chloromethane,2016-11-07T19:00,0.905,µg/m³,VOC,
60211,WINDSOR WEST,Chloromethane,2016-11-13T19:00,0.814,µg/m³,VOC,
60211,WINDSOR WEST,Chloromethane,2016-11-19T19:00,0.821,µg/m³,VOC,
60211,WINDSOR WEST,Chloromethane,2016-11-25T19:00,0.877,µg/m³,VOC,
60211,WINDSOR WEST,Chloromethane,2016-12-01T19:00,0.977,µg/m³,VOC,
60211,WINDSOR WEST,Chloromethane,2016-12-07T19:00,1.055,µg/m³,VOC,
60211,WINDSOR WEST,Chloromethane,2016-12-13T19:00,0.920,µg/m³,VOC,
60211,WINDSOR WEST,Chloromethane,2016-12-19T19:00,0.894,µg/m³,VOC,
60211,WINDSOR WEST,Chloromethane,2016-12-25T19:00,1.064,µg/m³,VOC,
