﻿NAPS_Site_ID,Station_Name,Pollutant,Date,Value,Units,Report_Type,Method
100133,BURMOUNT,Freon 114,1990-03-18T00:00,0.152,µg/m³,VOC,GC-MS
100133,BURMOUNT,Freon 114,1990-04-23T00:00,0.168,µg/m³,VOC,GC-MS
100133,BURMOUNT,Freon 114,1990-04-29T00:00,0.135,µg/m³,VOC,GC-MS
100133,BURMOUNT,Freon 114,1990-05-05T00:00,0.201,µg/m³,VOC,GC-MS
100133,BURMOUNT,Freon 114,1990-05-11T00:00,0.219,µg/m³,VOC,GC-MS
100133,BURMOUNT,Freon 114,1990-05-17T00:00,0.270,µg/m³,VOC,GC-MS
100133,BURMOUNT,Freon 114,1990-05-23T00:00,0.255,µg/m³,VOC,GC-MS
100133,BURMOUNT,Freon 114,1990-05-29T00:00,0.318,µg/m³,VOC,GC-MS
100133,BURMOUNT,Freon 114,1990-06-10T00:00,0.261,µg/m³,VOC,GC-MS
100133,BURMOUNT,Freon 114,1990-06-16T00:00,0.286,µg/m³,VOC,GC-MS
100133,BURMOUNT,Freon 114,1990-06-28T00:00,0.308,µg/m³,VOC,GC-MS
100133,BURMOUNT,Freon 114,1990-07-10T00:00,2.047,µg/m³,VOC,GC-MS
100133,BURMOUNT,Freon 114,1990-08-03T00:00,1.231,µg/m³,VOC,GC-MS
100133,BURMOUNT,Freon 114,1990-09-20T00:00,0.609,µg/m³,VOC,GC-MS
100133,BURMOUNT,Freon 114,1990-12-13T00:00,0.136,µg/m³,VOC,GC-MS
100133,BURMOUNT,Freon 114,1990-12-19T00:00,0.291,µg/m³,VOC,GC-MS
