﻿NAPS_Site_ID,Station_Name,Pollutant,Date,Value,Units,Report_Type,Method
91101,ELK ISLAND NATIONAL PARK,4-Methyl-1-Pentene,2006-08-27T00:00,0.000,µg/m³,VOC,GC-MS
91101,ELK ISLAND NATIONAL PARK,4-Methyl-1-Pentene,2006-09-02T00:00,0.000,µg/m³,VOC,GC-MS
91101,ELK ISLAND NATIONAL PARK,4-Methyl-1-Pentene,2006-09-08T00:00,0.016,µg/m³,VOC,GC-MS
91101,ELK ISLAND NATIONAL PARK,4-Methyl-1-Pentene,2006-09-14T00:00,0.008,µg/m³,VOC,GC-MS
91101,ELK ISLAND NATIONAL PARK,4-Methyl-1-Pentene,2006-09-20T00:00,0.000,µg/m³,VOC,GC-MS
91101,ELK ISLAND NATIONAL PARK,4-Methyl-1-Pentene,2006-09-26T00:00,0.054,µg/m³,VOC,GC-MS
91101,ELK ISLAND NATIONAL PARK,4-Methyl-1-Pentene,2006-10-14T00:00,0.000,µg/m³,VOC,GC-MS
91101,ELK ISLAND NATIONAL PARK,4-Methyl-1-Pentene,2006-10-20T00:00,0.000,µg/m³,VOC,GC-MS
91101,ELK ISLAND NATIONAL PARK,4-Methyl-1-Pentene,2006-10-26T00:00,0.000,µg/m³,VOC,GC-MS
91101,ELK ISLAND NATIONAL PARK,4-Methyl-1-Pentene,2006-11-01T00:00,0.000,µg/m³,VOC,GC-MS
91101,ELK ISLAND NATIONAL PARK,4-Methyl-1-Pentene,2006-11-07T00:00,0.000,µg/m³,VOC,GC-MS
91101,ELK ISLAND NATIONAL PARK,4-Methyl-1-Pentene,2006-11-13T00:00,0.000,µg/m³,VOC,GC-MS
91101,ELK ISLAND NATIONAL PARK,4-Methyl-1-Pentene,2006-11-19T00:00,0.000,µg/m³,VOC,GC-MS
91101,ELK ISLAND NATIONAL PARK,4-Methyl-1-Pentene,2006-11-25T00:00,0.000,µg/m³,VOC,GC-MS
91101,ELK ISLAND NATIONAL PARK,4-Methyl-1-Pentene,2006-12-01T00:00,0.014,µg/m³,VOC,GC-MS
91101,ELK ISLAND NATIONAL PARK,4-Methyl-1-Pentene,2006-12-07T00:00,0.000,µg/m³,VOC,GC-MS
91101,ELK ISLAND NATIONAL PARK,4-Methyl-1-Pentene,2006-12-13T00:00,0.000,µg/m³,VOC,GC-MS
91101,ELK ISLAND NATIONAL PARK,4-Methyl-1-Pentene,2006-12-19T00:00,0.000,µg/m³,VOC,GC-MS
91101,ELK ISLAND NATIONAL PARK,4-Methyl-1-Pentene,2006-12-25T00:00,0.000,µg/m³,VOC,GC-MS
91101,ELK ISLAND NATIONAL PARK,4-Methyl-1-Pentene,2006-12-31T00:00,0.000,µg/m³,VOC,GC-MS
