﻿NAPS_Site_ID,Station_Name,Pollutant,Date,Value,Units,Report_Type,Method
60403,EVANS & ARNOLD,Selenium,2001-01-01T00:00,0.000,µg/m³,DICHOT,ED-XRF
60403,EVANS & ARNOLD,Selenium,2001-01-01T00:00,0.002,µg/m³,DICHOT,ED-XRF
60403,EVANS & ARNOLD,Selenium,2001-01-07T00:00,0.000,µg/m³,DICHOT,ED-XRF
60403,EVANS & ARNOLD,Selenium,2001-01-07T00:00,0.001,µg/m³,DICHOT,ED-XRF
60403,EVANS & ARNOLD,Selenium,2001-01-13T00:00,0.000,µg/m³,DICHOT,ED-XRF
60403,EVANS & ARNOLD,Selenium,2001-01-13T00:00,0.002,µg/m³,DICHOT,ED-XRF
60403,EVANS & ARNOLD,Selenium,2001-01-19T00:00,0.000,µg/m³,DICHOT,ED-XRF
60403,EVANS & ARNOLD,Selenium,2001-01-19T00:00,0.011,µg/m³,DICHOT,ED-XRF
60403,EVANS & ARNOLD,Selenium,2001-01-25T00:00,0.000,µg/m³,DICHOT,ED-XRF
60403,EVANS & ARNOLD,Selenium,2001-01-25T00:00,0.016,µg/m³,DICHOT,ED-XRF
60403,EVANS & ARNOLD,Selenium,2001-01-31T00:00,0.000,µg/m³,DICHOT,ED-XRF
60403,EVANS & ARNOLD,Selenium,2001-01-31T00:00,0.001,µg/m³,DICHOT,ED-XRF
60403,EVANS & ARNOLD,Selenium,2001-02-06T00:00,0.000,µg/m³,DICHOT,ED-XRF
60403,EVANS & ARNOLD,Selenium,2001-02-06T00:00,0.001,µg/m³,DICHOT,ED-XRF
60403,EVANS & ARNOLD,Selenium,2001-01-01T00:00,0.002,µg/m³,PM2.5,ED-XRF
60403,EVANS & ARNOLD,Selenium,2001-01-07T00:00,0.005,µg/m³,PM2.5,ED-XRF
60403,EVANS & ARNOLD,Selenium,2001-01-13T00:00,0.001,µg/m³,PM2.5,ED-XRF
60403,EVANS & ARNOLD,Selenium,2001-01-19T00:00,0.013,µg/m³,PM2.5,ED-XRF
60403,EVANS & ARNOLD,Selenium,2001-01-25T00:00,0.000,µg/m³,PM2.5,ED-XRF
60403,EVANS & ARNOLD,Selenium,2001-01-31T00:00,0.000,µg/m³,PM2.5,ED-XRF
60403,EVANS & ARNOLD,Selenium,2001-02-06T00:00,0.000,µg/m³,PM2.5,ED-XRF
