﻿NAPS_Site_ID,Station_Name,Pollutant,Date,Value,Units,Report_Type,Method
40103,FREDERICTON-ABERDEEN,Acetate,2017-01-01T00:00,0.000,µg/m³,PM2.5,IC
40103,FREDERICTON-ABERDEEN,Acetate,2017-01-07T00:00,0.000,µg/m³,PM2.5,IC
40103,FREDERICTON-ABERDEEN,Acetate,2017-01-13T00:00,0.000,µg/m³,PM2.5,IC
40103,FREDERICTON-ABERDEEN,Acetate,2017-01-19T00:00,0.000,µg/m³,PM2.5,IC
40103,FREDERICTON-ABERDEEN,Acetate,2017-01-25T00:00,0.000,µg/m³,PM2.5,IC
40103,FREDERICTON-ABERDEEN,Acetate,2017-01-31T00:00,0.000,µg/m³,PM2.5,IC
40103,FREDERICTON-ABERDEEN,Acetate,2017-02-06T00:00,0.000,µg/m³,PM2.5,IC
40103,FREDERICTON-ABERDEEN,Acetate,2017-02-12T00:00,0.000,µg/m³,PM2.5,IC
40103,FREDERICTON-ABERDEEN,Acetate,2017-02-18T00:00,0.000,µg/m³,PM2.5,IC
40103,FREDERICTON-ABERDEEN,Acetate,2017-02-24T00:00,0.000,µg/m³,PM2.5,IC
40103,FREDERICTON-ABERDEEN,Acetate,2017-03-02T00:00,0.000,µg/m³,PM2.5,IC
40103,FREDERICTON-ABERDEEN,Acetate,2017-03-08T00:00,0.000,µg/m³,PM2.5,IC
40103,FREDERICTON-ABERDEEN,Acetate,2017-03-14T00:00,0.000,µg/m³,PM2.5,IC
40103,FREDERICTON-ABERDEEN,Acetate,2017-03-20T00:00,0.000,µg/m³,PM2.5,IC
