﻿NAPS_Site_ID,Station_Name,Pollutant,Date,Value,Units,Report_Type,Method
102001,SATURNA,"2,3,4-Trimethylpentane",2023-01-06T00:00,0.004,µg/m³,VOC,GC-MS
102001,SATURNA,"2,3,4-Trimethylpentane",2023-01-12T00:00,0.004,µg/m³,VOC,GC-MS
102001,SATURNA,"2,3,4-Trimethylpentane",2023-01-18T00:00,0.004,µg/m³,VOC,GC-MS
102001,SATURNA,"2,3,4-Trimethylpentane",2023-01-24T00:00,0.016,µg/m³,VOC,GC-MS
102001,SATURNA,"2,3,4-Trimethylpentane",2023-01-30T00:00,0.012,µg/m³,VOC,GC-MS
102001,SATURNA,"2,3,4-Trimethylpentane",2023-02-05T00:00,0.006,µg/m³,VOC,GC-MS
102001,SATURNA,"2,3,4-Trimethylpentane",2023-02-11T00:00,0.004,µg/m³,VOC,GC-MS
102001,SATURNA,"2,3,4-Trimethylpentane",2023-02-17T00:00,0.006,µg/m³,VOC,GC-MS
102001,SATURNA,"2,3,4-Trimethylpentane",2023-02-23T00:00,0.002,µg/m³,VOC,GC-MS
102001,SATURNA,"2,3,4-Trimethylpentane",2023-04-24T00:00,0.002,µg/m³,VOC,GC-MS
102001,SATURNA,"2,3,4-Trimethylpentane",2023-04-30T00:00,0.004,µg/m³,VOC,GC-MS
102001,SATURNA,"2,3,4-Trimethylpentane",2023-05-06T00:00,0.002,µg/m³,VOC,GC-MS
102001,SATURNA,"2,3,4-Trimethylpentane",2023-05-12T00:00,0.004,µg/m³,VOC,GC-MS
102001,SATURNA,"2,3,4-Trimethylpentane",2023-05-18T00:00,0.008,µg/m³,VOC,GC-MS
102001,SATURNA,"2,3,4-Trimethylpentane",2023-06-11T00:00,0.000,µg/m³,VOC,GC-MS
102001,SATURNA,"2,3,4-Trimethylpentane",2023-06-17T00:00,0.004,µg/m³,VOC,GC-MS
102001,SATURNA,"2,3,4-Trimethylpentane",2023-07-05T00:00,0.000,µg/m³,VOC,GC-MS
102001,SATURNA,"2,3,4-Trimethylpentane",2023-07-11T00:00,0.000,µg/m³,VOC,GC-MS
102001,SATURNA,"2,3,4-Trimethylpentane",2023-07-17T00:00,0.000,µg/m³,VOC,GC-MS
102001,SATURNA,"2,3,4-Trimethylpentane",2023-07-23T00:00,0.000,µg/m³,VOC,GC-MS
102001,SATURNA,"2,3,4-Trimethylpentane",2023-08-28T00:00,0.000,µg/m³,VOC,GC-MS
102001,SATURNA,"2,3,4-Trimethylpentane",2023-09-27T00:00,0.012,µg/m³,VOC,GC-MS
102001,SATURNA,"2,3,4-Trimethylpentane",2023-10-03T00:00,0.006,µg/m³,VOC,GC-MS
102001,SATURNA,"2,3,4-Trimethylpentane",2023-10-09T00:00,0.018,µg/m³,VOC,GC-MS
102001,SATURNA,"2,3,4-Trimethylpentane",2023-10-15T00:00,0.012,µg/m³,VOC,GC-MS
102001,SATURNA,"2,3,4-Trimethylpentane",2023-10-21T00:00,0.002,µg/m³,VOC,GC-MS
102001,SATURNA,"2,3,4-Trimethylpentane",2023-10-27T00:00,0.010,µg/m³,VOC,GC-MS
102001,SATURNA,"2,3,4-Trimethylpentane",2023-11-02T00:00,0.014,µg/m³,VOC,GC-MS
102001,SATURNA,"2,3,4-Trimethylpentane",2023-12-21T00:00,0.012,µg/m³,VOC,GC-MS
