﻿NAPS_Site_ID,Station_Name,Pollutant,Date,Value,Units,Report_Type,Method
100111,ROCKY POINT PARK,Anthanthrene,1996-01-04T00:00,0.000,µg/m³,PAH,N/A
100111,ROCKY POINT PARK,Anthanthrene,1996-01-16T00:00,0.000,µg/m³,PAH,N/A
100111,ROCKY POINT PARK,Anthanthrene,1996-01-28T00:00,0.000,µg/m³,PAH,N/A
100111,ROCKY POINT PARK,Anthanthrene,1996-02-09T00:00,0.000,µg/m³,PAH,N/A
100111,ROCKY POINT PARK,Anthanthrene,1996-03-16T00:00,0.000,µg/m³,PAH,N/A
100111,ROCKY POINT PARK,Anthanthrene,1996-03-28T00:00,0.000,µg/m³,PAH,N/A
100111,ROCKY POINT PARK,Anthanthrene,1996-04-09T00:00,0.000,µg/m³,PAH,N/A
100111,ROCKY POINT PARK,Anthanthrene,1996-04-09T00:00,0.000,µg/m³,PAH,N/A
100111,ROCKY POINT PARK,Anthanthrene,1996-04-21T00:00,0.000,µg/m³,PAH,N/A
100111,ROCKY POINT PARK,Anthanthrene,1996-05-15T00:00,0.000,µg/m³,PAH,N/A
100111,ROCKY POINT PARK,Anthanthrene,1996-05-27T00:00,0.000,µg/m³,PAH,N/A
100111,ROCKY POINT PARK,Anthanthrene,1996-06-08T00:00,0.000,µg/m³,PAH,N/A
