﻿NAPS_Site_ID,Station_Name,Pollutant,Date,Value,Units,Report_Type,Method
30118,VOGUE BUILDING,4-Methyl-1-Pentene,1991-08-22T00:00,0.115,µg/m³,VOC,GC-MS
30118,VOGUE BUILDING,4-Methyl-1-Pentene,1991-08-28T00:00,0.099,µg/m³,VOC,GC-MS
30118,VOGUE BUILDING,4-Methyl-1-Pentene,1991-09-03T00:00,0.000,µg/m³,VOC,GC-MS
30118,VOGUE BUILDING,4-Methyl-1-Pentene,1991-09-09T00:00,0.000,µg/m³,VOC,GC-MS
30118,VOGUE BUILDING,4-Methyl-1-Pentene,1991-10-15T00:00,0.000,µg/m³,VOC,GC-MS
30118,VOGUE BUILDING,4-Methyl-1-Pentene,1991-10-21T00:00,0.000,µg/m³,VOC,GC-MS
30118,VOGUE BUILDING,4-Methyl-1-Pentene,1991-10-27T00:00,0.000,µg/m³,VOC,GC-MS
30118,VOGUE BUILDING,4-Methyl-1-Pentene,1991-11-02T00:00,0.268,µg/m³,VOC,GC-MS
30118,VOGUE BUILDING,4-Methyl-1-Pentene,1991-11-08T00:00,0.000,µg/m³,VOC,GC-MS
30118,VOGUE BUILDING,4-Methyl-1-Pentene,1991-11-14T00:00,0.000,µg/m³,VOC,GC-MS
30118,VOGUE BUILDING,4-Methyl-1-Pentene,1991-11-20T00:00,0.000,µg/m³,VOC,GC-MS
