﻿NAPS_Site_ID,Station_Name,Pollutant,Date,Value,Units,Report_Type,Method
100119,BURNABY SOUTH,4-Ethyltoluene,2004-01-01T00:00,0.079,µg/m³,VOC,
100119,BURNABY SOUTH,4-Ethyltoluene,2004-01-04T00:00,0.052,µg/m³,VOC,
100119,BURNABY SOUTH,4-Ethyltoluene,2004-01-07T00:00,0.179,µg/m³,VOC,
100119,BURNABY SOUTH,4-Ethyltoluene,2004-01-10T00:00,0.239,µg/m³,VOC,
100119,BURNABY SOUTH,4-Ethyltoluene,2004-01-13T00:00,0.434,µg/m³,VOC,
100119,BURNABY SOUTH,4-Ethyltoluene,2004-01-16T00:00,0.628,µg/m³,VOC,
100119,BURNABY SOUTH,4-Ethyltoluene,2004-01-19T00:00,0.334,µg/m³,VOC,
100119,BURNABY SOUTH,4-Ethyltoluene,2004-01-22T00:00,0.335,µg/m³,VOC,
100119,BURNABY SOUTH,4-Ethyltoluene,2004-01-25T00:00,0.156,µg/m³,VOC,
100119,BURNABY SOUTH,4-Ethyltoluene,2004-01-28T00:00,0.186,µg/m³,VOC,
100119,BURNABY SOUTH,4-Ethyltoluene,2004-01-31T00:00,0.145,µg/m³,VOC,
100119,BURNABY SOUTH,4-Ethyltoluene,2004-02-03T00:00,0.317,µg/m³,VOC,
100119,BURNABY SOUTH,4-Ethyltoluene,2004-02-06T00:00,0.090,µg/m³,VOC,
100119,BURNABY SOUTH,4-Ethyltoluene,2004-02-09T00:00,0.324,µg/m³,VOC,
100119,BURNABY SOUTH,4-Ethyltoluene,2004-02-12T00:00,0.529,µg/m³,VOC,
100119,BURNABY SOUTH,4-Ethyltoluene,2004-02-15T00:00,0.085,µg/m³,VOC,
100119,BURNABY SOUTH,4-Ethyltoluene,2004-02-18T00:00,0.122,µg/m³,VOC,
100119,BURNABY SOUTH,4-Ethyltoluene,2004-02-21T00:00,0.362,µg/m³,VOC,
100119,BURNABY SOUTH,4-Ethyltoluene,2004-02-24T00:00,0.094,µg/m³,VOC,
100119,BURNABY SOUTH,4-Ethyltoluene,2004-02-27T00:00,0.274,µg/m³,VOC,
100119,BURNABY SOUTH,4-Ethyltoluene,2004-03-01T00:00,0.187,µg/m³,VOC,
100119,BURNABY SOUTH,4-Ethyltoluene,2004-03-04T00:00,0.161,µg/m³,VOC,
100119,BURNABY SOUTH,4-Ethyltoluene,2004-03-07T00:00,0.184,µg/m³,VOC,
100119,BURNABY SOUTH,4-Ethyltoluene,2004-03-10T00:00,0.195,µg/m³,VOC,
100119,BURNABY SOUTH,4-Ethyltoluene,2004-03-13T00:00,0.185,µg/m³,VOC,
100119,BURNABY SOUTH,4-Ethyltoluene,2004-03-16T00:00,0.054,µg/m³,VOC,
100119,BURNABY SOUTH,4-Ethyltoluene,2004-03-19T00:00,0.060,µg/m³,VOC,
100119,BURNABY SOUTH,4-Ethyltoluene,2004-03-22T00:00,0.219,µg/m³,VOC,
100119,BURNABY SOUTH,4-Ethyltoluene,2004-03-25T00:00,0.100,µg/m³,VOC,
100119,BURNABY SOUTH,4-Ethyltoluene,2004-03-28T00:00,0.080,µg/m³,VOC,
100119,BURNABY SOUTH,4-Ethyltoluene,2004-03-31T00:00,0.148,µg/m³,VOC,
100119,BURNABY SOUTH,4-Ethyltoluene,2004-04-03T00:00,0.155,µg/m³,VOC,
100119,BURNABY SOUTH,4-Ethyltoluene,2004-04-06T00:00,0.183,µg/m³,VOC,
100119,BURNABY SOUTH,4-Ethyltoluene,2004-04-09T00:00,0.144,µg/m³,VOC,
100119,BURNABY SOUTH,4-Ethyltoluene,2004-04-12T00:00,0.058,µg/m³,VOC,
100119,BURNABY SOUTH,4-Ethyltoluene,2004-04-15T00:00,0.117,µg/m³,VOC,
100119,BURNABY SOUTH,4-Ethyltoluene,2004-04-18T00:00,0.047,µg/m³,VOC,
100119,BURNABY SOUTH,4-Ethyltoluene,2004-04-21T00:00,0.068,µg/m³,VOC,
100119,BURNABY SOUTH,4-Ethyltoluene,2004-04-24T00:00,0.049,µg/m³,VOC,
100119,BURNABY SOUTH,4-Ethyltoluene,2004-04-27T00:00,0.116,µg/m³,VOC,
100119,BURNABY SOUTH,4-Ethyltoluene,2004-04-30T00:00,0.225,µg/m³,VOC,
100119,BURNABY SOUTH,4-Ethyltoluene,2004-05-03T00:00,0.112,µg/m³,VOC,
100119,BURNABY SOUTH,4-Ethyltoluene,2004-05-06T00:00,0.114,µg/m³,VOC,
100119,BURNABY SOUTH,4-Ethyltoluene,2004-05-09T00:00,0.048,µg/m³,VOC,
100119,BURNABY SOUTH,4-Ethyltoluene,2004-05-12T00:00,0.074,µg/m³,VOC,
100119,BURNABY SOUTH,4-Ethyltoluene,2004-05-15T00:00,0.061,µg/m³,VOC,
100119,BURNABY SOUTH,4-Ethyltoluene,2004-05-18T00:00,0.159,µg/m³,VOC,
100119,BURNABY SOUTH,4-Ethyltoluene,2004-05-21T00:00,0.081,µg/m³,VOC,
100119,BURNABY SOUTH,4-Ethyltoluene,2004-05-24T00:00,0.100,µg/m³,VOC,
100119,BURNABY SOUTH,4-Ethyltoluene,2004-05-27T00:00,0.092,µg/m³,VOC,
100119,BURNABY SOUTH,4-Ethyltoluene,2004-05-30T00:00,0.043,µg/m³,VOC,
100119,BURNABY SOUTH,4-Ethyltoluene,2004-06-02T00:00,0.110,µg/m³,VOC,
100119,BURNABY SOUTH,4-Ethyltoluene,2004-06-05T00:00,0.066,µg/m³,VOC,
100119,BURNABY SOUTH,4-Ethyltoluene,2004-06-08T00:00,0.186,µg/m³,VOC,
100119,BURNABY SOUTH,4-Ethyltoluene,2004-06-11T00:00,0.068,µg/m³,VOC,
100119,BURNABY SOUTH,4-Ethyltoluene,2004-06-14T00:00,0.041,µg/m³,VOC,
100119,BURNABY SOUTH,4-Ethyltoluene,2004-06-17T00:00,0.128,µg/m³,VOC,
100119,BURNABY SOUTH,4-Ethyltoluene,2004-06-20T00:00,0.066,µg/m³,VOC,
100119,BURNABY SOUTH,4-Ethyltoluene,2004-06-23T00:00,0.035,µg/m³,VOC,
100119,BURNABY SOUTH,4-Ethyltoluene,2004-06-26T00:00,0.036,µg/m³,VOC,
100119,BURNABY SOUTH,4-Ethyltoluene,2004-06-29T00:00,0.111,µg/m³,VOC,
100119,BURNABY SOUTH,4-Ethyltoluene,2004-07-02T00:00,0.052,µg/m³,VOC,
100119,BURNABY SOUTH,4-Ethyltoluene,2004-07-05T00:00,0.057,µg/m³,VOC,
100119,BURNABY SOUTH,4-Ethyltoluene,2004-07-08T00:00,0.048,µg/m³,VOC,
100119,BURNABY SOUTH,4-Ethyltoluene,2004-07-11T00:00,0.040,µg/m³,VOC,
100119,BURNABY SOUTH,4-Ethyltoluene,2004-07-14T00:00,0.120,µg/m³,VOC,
100119,BURNABY SOUTH,4-Ethyltoluene,2004-07-20T00:00,0.036,µg/m³,VOC,
100119,BURNABY SOUTH,4-Ethyltoluene,2004-07-23T00:00,0.206,µg/m³,VOC,
100119,BURNABY SOUTH,4-Ethyltoluene,2004-07-26T00:00,0.079,µg/m³,VOC,
100119,BURNABY SOUTH,4-Ethyltoluene,2004-07-29T00:00,0.082,µg/m³,VOC,
100119,BURNABY SOUTH,4-Ethyltoluene,2004-08-01T00:00,0.074,µg/m³,VOC,
100119,BURNABY SOUTH,4-Ethyltoluene,2004-08-04T00:00,0.097,µg/m³,VOC,
100119,BURNABY SOUTH,4-Ethyltoluene,2004-08-07T00:00,0.043,µg/m³,VOC,
100119,BURNABY SOUTH,4-Ethyltoluene,2004-08-10T00:00,0.087,µg/m³,VOC,
100119,BURNABY SOUTH,4-Ethyltoluene,2004-08-13T00:00,0.134,µg/m³,VOC,
100119,BURNABY SOUTH,4-Ethyltoluene,2004-08-16T00:00,0.043,µg/m³,VOC,
100119,BURNABY SOUTH,4-Ethyltoluene,2004-08-19T00:00,0.100,µg/m³,VOC,
100119,BURNABY SOUTH,4-Ethyltoluene,2004-08-22T00:00,0.030,µg/m³,VOC,
100119,BURNABY SOUTH,4-Ethyltoluene,2004-08-25T00:00,0.038,µg/m³,VOC,
100119,BURNABY SOUTH,4-Ethyltoluene,2004-08-28T00:00,0.040,µg/m³,VOC,
100119,BURNABY SOUTH,4-Ethyltoluene,2004-08-31T00:00,0.100,µg/m³,VOC,
100119,BURNABY SOUTH,4-Ethyltoluene,2004-09-03T00:00,0.129,µg/m³,VOC,
100119,BURNABY SOUTH,4-Ethyltoluene,2004-09-06T00:00,0.078,µg/m³,VOC,
100119,BURNABY SOUTH,4-Ethyltoluene,2004-09-15T00:00,0.108,µg/m³,VOC,
100119,BURNABY SOUTH,4-Ethyltoluene,2004-09-18T00:00,0.129,µg/m³,VOC,
100119,BURNABY SOUTH,4-Ethyltoluene,2004-09-21T00:00,0.160,µg/m³,VOC,
100119,BURNABY SOUTH,4-Ethyltoluene,2004-09-24T00:00,0.396,µg/m³,VOC,
100119,BURNABY SOUTH,4-Ethyltoluene,2004-09-27T00:00,0.473,µg/m³,VOC,
100119,BURNABY SOUTH,4-Ethyltoluene,2004-09-30T00:00,0.260,µg/m³,VOC,
100119,BURNABY SOUTH,4-Ethyltoluene,2004-10-03T00:00,0.224,µg/m³,VOC,
100119,BURNABY SOUTH,4-Ethyltoluene,2004-10-06T00:00,0.189,µg/m³,VOC,
100119,BURNABY SOUTH,4-Ethyltoluene,2004-10-09T00:00,0.091,µg/m³,VOC,
100119,BURNABY SOUTH,4-Ethyltoluene,2004-10-12T00:00,0.331,µg/m³,VOC,
100119,BURNABY SOUTH,4-Ethyltoluene,2004-10-15T00:00,0.233,µg/m³,VOC,
100119,BURNABY SOUTH,4-Ethyltoluene,2004-10-18T00:00,0.111,µg/m³,VOC,
100119,BURNABY SOUTH,4-Ethyltoluene,2004-10-21T00:00,0.191,µg/m³,VOC,
100119,BURNABY SOUTH,4-Ethyltoluene,2004-10-24T00:00,0.146,µg/m³,VOC,
100119,BURNABY SOUTH,4-Ethyltoluene,2004-10-27T00:00,0.453,µg/m³,VOC,
100119,BURNABY SOUTH,4-Ethyltoluene,2004-10-30T00:00,0.073,µg/m³,VOC,
100119,BURNABY SOUTH,4-Ethyltoluene,2004-11-02T00:00,0.209,µg/m³,VOC,
100119,BURNABY SOUTH,4-Ethyltoluene,2004-11-05T00:00,0.153,µg/m³,VOC,
100119,BURNABY SOUTH,4-Ethyltoluene,2004-11-08T00:00,0.179,µg/m³,VOC,
100119,BURNABY SOUTH,4-Ethyltoluene,2004-11-11T00:00,0.387,µg/m³,VOC,
100119,BURNABY SOUTH,4-Ethyltoluene,2004-11-14T00:00,0.079,µg/m³,VOC,
100119,BURNABY SOUTH,4-Ethyltoluene,2004-11-17T00:00,0.176,µg/m³,VOC,
100119,BURNABY SOUTH,4-Ethyltoluene,2004-11-20T00:00,0.278,µg/m³,VOC,
100119,BURNABY SOUTH,4-Ethyltoluene,2004-11-26T00:00,0.181,µg/m³,VOC,
100119,BURNABY SOUTH,4-Ethyltoluene,2004-11-29T00:00,0.118,µg/m³,VOC,
100119,BURNABY SOUTH,4-Ethyltoluene,2004-12-02T00:00,0.208,µg/m³,VOC,
100119,BURNABY SOUTH,4-Ethyltoluene,2004-12-05T00:00,0.082,µg/m³,VOC,
100119,BURNABY SOUTH,4-Ethyltoluene,2004-12-08T00:00,0.041,µg/m³,VOC,
100119,BURNABY SOUTH,4-Ethyltoluene,2004-12-11T00:00,0.082,µg/m³,VOC,
100119,BURNABY SOUTH,4-Ethyltoluene,2004-12-14T00:00,0.079,µg/m³,VOC,
100119,BURNABY SOUTH,4-Ethyltoluene,2004-12-17T00:00,0.585,µg/m³,VOC,
100119,BURNABY SOUTH,4-Ethyltoluene,2004-12-20T00:00,0.129,µg/m³,VOC,
100119,BURNABY SOUTH,4-Ethyltoluene,2004-12-23T00:00,0.315,µg/m³,VOC,
100119,BURNABY SOUTH,4-Ethyltoluene,2004-12-26T00:00,0.062,µg/m³,VOC,
100119,BURNABY SOUTH,4-Ethyltoluene,2004-12-29T00:00,0.208,µg/m³,VOC,
