﻿NAPS_Site_ID,Station_Name,Pollutant,Date,Value,Units,Report_Type,Method
60413,CENTENNIAL PARK _ETOBICOKE WEST_,PM2.5,2013-01-04T00:00,11.000,µg/m³,PM2.5,Microbalance
60413,CENTENNIAL PARK _ETOBICOKE WEST_,PM2.5,2013-01-10T00:00,4.042,µg/m³,PM2.5,Microbalance
60413,CENTENNIAL PARK _ETOBICOKE WEST_,PM2.5,2013-01-16T00:00,11.958,µg/m³,PM2.5,Microbalance
60413,CENTENNIAL PARK _ETOBICOKE WEST_,PM2.5,2013-01-22T00:00,2.833,µg/m³,PM2.5,Microbalance
60413,CENTENNIAL PARK _ETOBICOKE WEST_,PM2.5,2013-01-28T00:00,12.167,µg/m³,PM2.5,Microbalance
60413,CENTENNIAL PARK _ETOBICOKE WEST_,PM2.5,2013-02-03T00:00,6.958,µg/m³,PM2.5,Microbalance
60413,CENTENNIAL PARK _ETOBICOKE WEST_,PM2.5,2013-02-09T00:00,6.292,µg/m³,PM2.5,Microbalance
60413,CENTENNIAL PARK _ETOBICOKE WEST_,PM2.5,2013-02-15T00:00,3.292,µg/m³,PM2.5,Microbalance
60413,CENTENNIAL PARK _ETOBICOKE WEST_,PM2.5,2013-02-21T00:00,2.750,µg/m³,PM2.5,Microbalance
60413,CENTENNIAL PARK _ETOBICOKE WEST_,PM2.5,2013-02-27T00:00,2.667,µg/m³,PM2.5,Microbalance
60413,CENTENNIAL PARK _ETOBICOKE WEST_,PM2.5,2013-03-05T00:00,4.417,µg/m³,PM2.5,Microbalance
60413,CENTENNIAL PARK _ETOBICOKE WEST_,PM2.5,2013-03-11T00:00,8.958,µg/m³,PM2.5,Microbalance
60413,CENTENNIAL PARK _ETOBICOKE WEST_,PM2.5,2013-03-17T00:00,3.000,µg/m³,PM2.5,Microbalance
60413,CENTENNIAL PARK _ETOBICOKE WEST_,PM2.5,2013-03-23T00:00,1.667,µg/m³,PM2.5,Microbalance
60413,CENTENNIAL PARK _ETOBICOKE WEST_,PM2.5,2013-03-29T00:00,1.833,µg/m³,PM2.5,Microbalance
60413,CENTENNIAL PARK _ETOBICOKE WEST_,PM2.5,2013-04-04T00:00,5.042,µg/m³,PM2.5,Microbalance
60413,CENTENNIAL PARK _ETOBICOKE WEST_,PM2.5,2013-04-10T00:00,6.625,µg/m³,PM2.5,Microbalance
60413,CENTENNIAL PARK _ETOBICOKE WEST_,PM2.5,2013-04-16T00:00,4.875,µg/m³,PM2.5,Microbalance
60413,CENTENNIAL PARK _ETOBICOKE WEST_,PM2.5,2013-04-22T00:00,6.083,µg/m³,PM2.5,Microbalance
60413,CENTENNIAL PARK _ETOBICOKE WEST_,PM2.5,2013-04-28T00:00,9.792,µg/m³,PM2.5,Microbalance
60413,CENTENNIAL PARK _ETOBICOKE WEST_,PM2.5,2013-05-04T00:00,7.083,µg/m³,PM2.5,Microbalance
60413,CENTENNIAL PARK _ETOBICOKE WEST_,PM2.5,2013-05-10T00:00,12.208,µg/m³,PM2.5,Microbalance
60413,CENTENNIAL PARK _ETOBICOKE WEST_,PM2.5,2013-05-16T00:00,4.542,µg/m³,PM2.5,Microbalance
60413,CENTENNIAL PARK _ETOBICOKE WEST_,PM2.5,2013-05-22T00:00,12.958,µg/m³,PM2.5,Microbalance
60413,CENTENNIAL PARK _ETOBICOKE WEST_,PM2.5,2013-05-28T00:00,9.333,µg/m³,PM2.5,Microbalance
60413,CENTENNIAL PARK _ETOBICOKE WEST_,PM2.5,2013-06-03T00:00,2.042,µg/m³,PM2.5,Microbalance
60413,CENTENNIAL PARK _ETOBICOKE WEST_,PM2.5,2013-06-09T00:00,7.542,µg/m³,PM2.5,Microbalance
60413,CENTENNIAL PARK _ETOBICOKE WEST_,PM2.5,2013-06-15T00:00,15.542,µg/m³,PM2.5,Microbalance
60413,CENTENNIAL PARK _ETOBICOKE WEST_,PM2.5,2013-06-21T00:00,10.792,µg/m³,PM2.5,Microbalance
60413,CENTENNIAL PARK _ETOBICOKE WEST_,PM2.5,2013-06-27T00:00,16.417,µg/m³,PM2.5,Microbalance
60413,CENTENNIAL PARK _ETOBICOKE WEST_,PM2.5,2013-07-03T00:00,38.333,µg/m³,PM2.5,Microbalance
60413,CENTENNIAL PARK _ETOBICOKE WEST_,PM2.5,2013-07-15T00:00,12.000,µg/m³,PM2.5,Microbalance
60413,CENTENNIAL PARK _ETOBICOKE WEST_,PM2.5,2013-07-21T00:00,4.917,µg/m³,PM2.5,Microbalance
60413,CENTENNIAL PARK _ETOBICOKE WEST_,PM2.5,2013-07-27T00:00,10.667,µg/m³,PM2.5,Microbalance
60413,CENTENNIAL PARK _ETOBICOKE WEST_,PM2.5,2013-08-02T00:00,7.750,µg/m³,PM2.5,Microbalance
60413,CENTENNIAL PARK _ETOBICOKE WEST_,PM2.5,2013-08-08T00:00,7.875,µg/m³,PM2.5,Microbalance
60413,CENTENNIAL PARK _ETOBICOKE WEST_,PM2.5,2013-08-14T00:00,2.000,µg/m³,PM2.5,Microbalance
60413,CENTENNIAL PARK _ETOBICOKE WEST_,PM2.5,2013-08-20T00:00,16.958,µg/m³,PM2.5,Microbalance
60413,CENTENNIAL PARK _ETOBICOKE WEST_,PM2.5,2013-08-26T00:00,18.542,µg/m³,PM2.5,Microbalance
60413,CENTENNIAL PARK _ETOBICOKE WEST_,PM2.5,2013-09-01T00:00,7.667,µg/m³,PM2.5,Microbalance
60413,CENTENNIAL PARK _ETOBICOKE WEST_,PM2.5,2013-09-07T00:00,1.083,µg/m³,PM2.5,Microbalance
60413,CENTENNIAL PARK _ETOBICOKE WEST_,PM2.5,2013-09-13T00:00,21.042,µg/m³,PM2.5,Microbalance
60413,CENTENNIAL PARK _ETOBICOKE WEST_,PM2.5,2013-09-19T00:00,7.167,µg/m³,PM2.5,Microbalance
60413,CENTENNIAL PARK _ETOBICOKE WEST_,PM2.5,2013-09-25T00:00,10.042,µg/m³,PM2.5,Microbalance
60413,CENTENNIAL PARK _ETOBICOKE WEST_,PM2.5,2013-10-01T00:00,3.500,µg/m³,PM2.5,Microbalance
60413,CENTENNIAL PARK _ETOBICOKE WEST_,PM2.5,2013-10-07T00:00,6.667,µg/m³,PM2.5,Microbalance
60413,CENTENNIAL PARK _ETOBICOKE WEST_,PM2.5,2013-10-13T00:00,0.000,µg/m³,PM2.5,Microbalance
60413,CENTENNIAL PARK _ETOBICOKE WEST_,PM2.5,2013-10-19T00:00,0.000,µg/m³,PM2.5,Microbalance
60413,CENTENNIAL PARK _ETOBICOKE WEST_,PM2.5,2013-10-25T00:00,10.833,µg/m³,PM2.5,Microbalance
60413,CENTENNIAL PARK _ETOBICOKE WEST_,PM2.5,2013-10-31T00:00,4.583,µg/m³,PM2.5,Microbalance
60413,CENTENNIAL PARK _ETOBICOKE WEST_,PM2.5,2013-11-06T00:00,1.875,µg/m³,PM2.5,Microbalance
60413,CENTENNIAL PARK _ETOBICOKE WEST_,PM2.5,2013-11-12T00:00,2.167,µg/m³,PM2.5,Microbalance
60413,CENTENNIAL PARK _ETOBICOKE WEST_,PM2.5,2013-11-18T00:00,2.333,µg/m³,PM2.5,Microbalance
60413,CENTENNIAL PARK _ETOBICOKE WEST_,PM2.5,2013-11-24T00:00,8.500,µg/m³,PM2.5,Microbalance
60413,CENTENNIAL PARK _ETOBICOKE WEST_,PM2.5,2013-11-30T00:00,0.083,µg/m³,PM2.5,Microbalance
60413,CENTENNIAL PARK _ETOBICOKE WEST_,PM2.5,2013-12-06T00:00,5.958,µg/m³,PM2.5,Microbalance
60413,CENTENNIAL PARK _ETOBICOKE WEST_,PM2.5,2013-12-12T00:00,16.375,µg/m³,PM2.5,Microbalance
60413,CENTENNIAL PARK _ETOBICOKE WEST_,PM2.5,2013-12-18T00:00,5.042,µg/m³,PM2.5,Microbalance
60413,CENTENNIAL PARK _ETOBICOKE WEST_,PM2.5,2013-12-24T00:00,2.708,µg/m³,PM2.5,Microbalance
60413,CENTENNIAL PARK _ETOBICOKE WEST_,PM2.5,2013-12-30T00:00,15.917,µg/m³,PM2.5,Microbalance
