﻿NAPS_Site_ID,Station_Name,Pollutant,Date,Value,Units,Report_Type,Method
60512,BEASLEY PARK _HAMILTON_DOWNTOWN_,7-Me-Benz(a)Anthracene,2003-01-09T00:00,0.000,µg/m³,PAH,N/A
60512,BEASLEY PARK _HAMILTON_DOWNTOWN_,7-Me-Benz(a)Anthracene,2003-01-21T00:00,0.000,µg/m³,PAH,N/A
60512,BEASLEY PARK _HAMILTON_DOWNTOWN_,7-Me-Benz(a)Anthracene,2003-02-26T00:00,0.000,µg/m³,PAH,N/A
60512,BEASLEY PARK _HAMILTON_DOWNTOWN_,7-Me-Benz(a)Anthracene,2003-08-13T00:00,0.000,µg/m³,PAH,N/A
60512,BEASLEY PARK _HAMILTON_DOWNTOWN_,7-Me-Benz(a)Anthracene,2003-08-25T00:00,0.000,µg/m³,PAH,N/A
60512,BEASLEY PARK _HAMILTON_DOWNTOWN_,7-Me-Benz(a)Anthracene,2003-09-06T00:00,0.000,µg/m³,PAH,N/A
60512,BEASLEY PARK _HAMILTON_DOWNTOWN_,7-Me-Benz(a)Anthracene,2003-09-30T00:00,0.000,µg/m³,PAH,N/A
