﻿NAPS_Site_ID,Station_Name,Pollutant,Date,Value,Units,Report_Type,Method
60211,WINDSOR WEST,Bromomethane,1999-01-06T00:00,0.094,µg/m³,VOC,GC-MS
60211,WINDSOR WEST,Bromomethane,1999-01-12T00:00,0.110,µg/m³,VOC,GC-MS
60211,WINDSOR WEST,Bromomethane,1999-01-18T00:00,0.108,µg/m³,VOC,GC-MS
60211,WINDSOR WEST,Bromomethane,1999-01-24T00:00,0.090,µg/m³,VOC,GC-MS
60211,WINDSOR WEST,Bromomethane,1999-01-30T00:00,0.092,µg/m³,VOC,GC-MS
60211,WINDSOR WEST,Bromomethane,1999-02-05T00:00,0.100,µg/m³,VOC,GC-MS
60211,WINDSOR WEST,Bromomethane,1999-02-11T00:00,0.100,µg/m³,VOC,GC-MS
60211,WINDSOR WEST,Bromomethane,1999-02-17T00:00,0.100,µg/m³,VOC,GC-MS
60211,WINDSOR WEST,Bromomethane,1999-02-23T00:00,0.090,µg/m³,VOC,GC-MS
60211,WINDSOR WEST,Bromomethane,1999-03-01T00:00,0.100,µg/m³,VOC,GC-MS
60211,WINDSOR WEST,Bromomethane,1999-03-13T00:00,0.120,µg/m³,VOC,GC-MS
60211,WINDSOR WEST,Bromomethane,1999-03-19T00:00,0.120,µg/m³,VOC,GC-MS
60211,WINDSOR WEST,Bromomethane,1999-03-25T00:00,0.100,µg/m³,VOC,GC-MS
60211,WINDSOR WEST,Bromomethane,1999-03-31T00:00,0.120,µg/m³,VOC,GC-MS
60211,WINDSOR WEST,Bromomethane,1999-04-06T00:00,0.100,µg/m³,VOC,GC-MS
60211,WINDSOR WEST,Bromomethane,1999-04-12T00:00,0.100,µg/m³,VOC,GC-MS
60211,WINDSOR WEST,Bromomethane,1999-04-18T00:00,0.090,µg/m³,VOC,GC-MS
60211,WINDSOR WEST,Bromomethane,1999-04-24T00:00,0.100,µg/m³,VOC,GC-MS
60211,WINDSOR WEST,Bromomethane,1999-04-30T00:00,0.090,µg/m³,VOC,GC-MS
60211,WINDSOR WEST,Bromomethane,1999-05-06T00:00,0.310,µg/m³,VOC,GC-MS
60211,WINDSOR WEST,Bromomethane,1999-05-12T00:00,0.190,µg/m³,VOC,GC-MS
60211,WINDSOR WEST,Bromomethane,1999-05-18T00:00,0.210,µg/m³,VOC,GC-MS
60211,WINDSOR WEST,Bromomethane,1999-05-24T00:00,0.170,µg/m³,VOC,GC-MS
60211,WINDSOR WEST,Bromomethane,1999-05-30T00:00,0.140,µg/m³,VOC,GC-MS
60211,WINDSOR WEST,Bromomethane,1999-06-05T00:00,0.140,µg/m³,VOC,GC-MS
60211,WINDSOR WEST,Bromomethane,1999-06-11T00:00,0.130,µg/m³,VOC,GC-MS
60211,WINDSOR WEST,Bromomethane,1999-08-16T00:00,0.190,µg/m³,VOC,GC-MS
60211,WINDSOR WEST,Bromomethane,1999-09-27T00:00,0.200,µg/m³,VOC,GC-MS
60211,WINDSOR WEST,Bromomethane,1999-10-09T00:00,0.230,µg/m³,VOC,GC-MS
60211,WINDSOR WEST,Bromomethane,1999-10-21T00:00,0.210,µg/m³,VOC,GC-MS
60211,WINDSOR WEST,Bromomethane,1999-10-27T00:00,0.180,µg/m³,VOC,GC-MS
60211,WINDSOR WEST,Bromomethane,1999-11-02T00:00,0.240,µg/m³,VOC,GC-MS
60211,WINDSOR WEST,Bromomethane,1999-11-08T00:00,0.180,µg/m³,VOC,GC-MS
60211,WINDSOR WEST,Bromomethane,1999-11-14T00:00,0.180,µg/m³,VOC,GC-MS
60211,WINDSOR WEST,Bromomethane,1999-11-20T00:00,0.110,µg/m³,VOC,GC-MS
60211,WINDSOR WEST,Bromomethane,1999-11-26T00:00,0.150,µg/m³,VOC,GC-MS
60211,WINDSOR WEST,Bromomethane,1999-12-02T00:00,0.140,µg/m³,VOC,GC-MS
60211,WINDSOR WEST,Bromomethane,1999-12-08T00:00,0.190,µg/m³,VOC,GC-MS
60211,WINDSOR WEST,Bromomethane,1999-12-14T00:00,0.190,µg/m³,VOC,GC-MS
60211,WINDSOR WEST,Bromomethane,1999-12-20T00:00,0.140,µg/m³,VOC,GC-MS
60211,WINDSOR WEST,Bromomethane,1999-12-26T00:00,0.160,µg/m³,VOC,GC-MS
