﻿NAPS_Site_ID,Station_Name,Pollutant,Date,Value,Units,Report_Type,Method
101401,HOPE AIRPORT,Indane,2002-02-13T00:00,0.030,µg/m³,VOC,
101401,HOPE AIRPORT,Indane,2002-03-27T00:00,0.021,µg/m³,VOC,
101401,HOPE AIRPORT,Indane,2002-05-08T00:00,0.017,µg/m³,VOC,
101401,HOPE AIRPORT,Indane,2002-06-19T00:00,0.014,µg/m³,VOC,
101401,HOPE AIRPORT,Indane,2002-07-25T00:00,0.023,µg/m³,VOC,
101401,HOPE AIRPORT,Indane,2002-09-11T00:00,0.019,µg/m³,VOC,
101401,HOPE AIRPORT,Indane,2002-11-16T00:00,0.017,µg/m³,VOC,
101401,HOPE AIRPORT,Indane,2002-12-16T00:00,0.003,µg/m³,VOC,
