﻿NAPS_Site_ID,Station_Name,Pollutant,Date,Value,Units,Report_Type,Method
90121,EDMONTON EAST,2-Me-Fluorene,1996-01-10T00:00,0.004,µg/m³,PAH,
90121,EDMONTON EAST,2-Me-Fluorene,1996-01-16T00:00,0.000,µg/m³,PAH,
90121,EDMONTON EAST,2-Me-Fluorene,1996-01-28T00:00,0.005,µg/m³,PAH,
90121,EDMONTON EAST,2-Me-Fluorene,1996-02-09T00:00,0.003,µg/m³,PAH,
90121,EDMONTON EAST,2-Me-Fluorene,1996-03-04T00:00,0.004,µg/m³,PAH,
90121,EDMONTON EAST,2-Me-Fluorene,1996-03-17T00:00,0.003,µg/m³,PAH,
90121,EDMONTON EAST,2-Me-Fluorene,1996-03-28T00:00,0.000,µg/m³,PAH,
90121,EDMONTON EAST,2-Me-Fluorene,1996-04-09T00:00,0.001,µg/m³,PAH,
90121,EDMONTON EAST,2-Me-Fluorene,1996-10-06T00:00,0.002,µg/m³,PAH,
90121,EDMONTON EAST,2-Me-Fluorene,1996-10-18T00:00,0.000,µg/m³,PAH,
90121,EDMONTON EAST,2-Me-Fluorene,1996-10-22T00:00,0.004,µg/m³,PAH,
90121,EDMONTON EAST,2-Me-Fluorene,1996-10-30T00:00,0.004,µg/m³,PAH,
90121,EDMONTON EAST,2-Me-Fluorene,1996-11-11T00:00,0.001,µg/m³,PAH,
90121,EDMONTON EAST,2-Me-Fluorene,1996-11-23T00:00,0.000,µg/m³,PAH,
90121,EDMONTON EAST,2-Me-Fluorene,1996-12-05T00:00,0.014,µg/m³,PAH,
90121,EDMONTON EAST,2-Me-Fluorene,1996-12-11T00:00,0.000,µg/m³,PAH,
90121,EDMONTON EAST,2-Me-Fluorene,1996-12-17T00:00,0.022,µg/m³,PAH,
90121,EDMONTON EAST,2-Me-Fluorene,1996-12-29T00:00,0.004,µg/m³,PAH,
