﻿NAPS_Site_ID,Station_Name,Pollutant,Date,Value,Units,Report_Type,Method
90121,EDMONTON EAST,m and p-Xylene,1992-01-13T00:00,1.912,µg/m³,VOC,GC-MS
90121,EDMONTON EAST,m and p-Xylene,1992-01-19T00:00,3.620,µg/m³,VOC,GC-MS
90121,EDMONTON EAST,m and p-Xylene,1992-01-25T00:00,0.895,µg/m³,VOC,GC-MS
90121,EDMONTON EAST,m and p-Xylene,1992-01-31T00:00,6.620,µg/m³,VOC,GC-MS
90121,EDMONTON EAST,m and p-Xylene,1992-02-06T00:00,11.293,µg/m³,VOC,GC-MS
90121,EDMONTON EAST,m and p-Xylene,1992-02-12T00:00,3.555,µg/m³,VOC,GC-MS
90121,EDMONTON EAST,m and p-Xylene,1992-02-18T00:00,3.102,µg/m³,VOC,GC-MS
90121,EDMONTON EAST,m and p-Xylene,1992-02-24T00:00,5.434,µg/m³,VOC,GC-MS
90121,EDMONTON EAST,m and p-Xylene,1992-03-01T00:00,2.182,µg/m³,VOC,GC-MS
90121,EDMONTON EAST,m and p-Xylene,1992-03-07T00:00,0.500,µg/m³,VOC,GC-MS
90121,EDMONTON EAST,m and p-Xylene,1992-03-13T00:00,7.368,µg/m³,VOC,GC-MS
90121,EDMONTON EAST,m and p-Xylene,1992-03-19T00:00,3.472,µg/m³,VOC,GC-MS
90121,EDMONTON EAST,m and p-Xylene,1992-03-25T00:00,4.373,µg/m³,VOC,GC-MS
90121,EDMONTON EAST,m and p-Xylene,1992-03-31T00:00,2.012,µg/m³,VOC,GC-MS
90121,EDMONTON EAST,m and p-Xylene,1992-04-06T00:00,4.850,µg/m³,VOC,GC-MS
90121,EDMONTON EAST,m and p-Xylene,1992-04-12T00:00,0.352,µg/m³,VOC,GC-MS
90121,EDMONTON EAST,m and p-Xylene,1992-04-18T00:00,1.543,µg/m³,VOC,GC-MS
90121,EDMONTON EAST,m and p-Xylene,1992-04-24T00:00,0.978,µg/m³,VOC,GC-MS
90121,EDMONTON EAST,m and p-Xylene,1992-04-30T00:00,3.893,µg/m³,VOC,GC-MS
90121,EDMONTON EAST,m and p-Xylene,1992-05-06T00:00,4.376,µg/m³,VOC,GC-MS
90121,EDMONTON EAST,m and p-Xylene,1992-05-12T00:00,4.913,µg/m³,VOC,GC-MS
90121,EDMONTON EAST,m and p-Xylene,1992-05-18T00:00,2.520,µg/m³,VOC,GC-MS
90121,EDMONTON EAST,m and p-Xylene,1992-05-24T00:00,2.644,µg/m³,VOC,GC-MS
90121,EDMONTON EAST,m and p-Xylene,1992-05-30T00:00,6.607,µg/m³,VOC,GC-MS
90121,EDMONTON EAST,m and p-Xylene,1992-06-05T00:00,5.657,µg/m³,VOC,GC-MS
90121,EDMONTON EAST,m and p-Xylene,1992-06-11T00:00,13.584,µg/m³,VOC,GC-MS
90121,EDMONTON EAST,m and p-Xylene,1992-06-17T00:00,1.243,µg/m³,VOC,GC-MS
90121,EDMONTON EAST,m and p-Xylene,1992-06-23T00:00,3.998,µg/m³,VOC,GC-MS
90121,EDMONTON EAST,m and p-Xylene,1992-07-17T00:00,3.073,µg/m³,VOC,GC-MS
90121,EDMONTON EAST,m and p-Xylene,1992-07-23T00:00,2.820,µg/m³,VOC,GC-MS
90121,EDMONTON EAST,m and p-Xylene,1992-07-29T00:00,2.861,µg/m³,VOC,GC-MS
90121,EDMONTON EAST,m and p-Xylene,1992-08-04T00:00,4.275,µg/m³,VOC,GC-MS
90121,EDMONTON EAST,m and p-Xylene,1992-08-10T00:00,2.450,µg/m³,VOC,GC-MS
90121,EDMONTON EAST,m and p-Xylene,1992-08-22T00:00,1.421,µg/m³,VOC,GC-MS
90121,EDMONTON EAST,m and p-Xylene,1992-08-28T00:00,13.487,µg/m³,VOC,GC-MS
90121,EDMONTON EAST,m and p-Xylene,1992-09-09T00:00,3.019,µg/m³,VOC,GC-MS
90121,EDMONTON EAST,m and p-Xylene,1992-09-27T00:00,2.941,µg/m³,VOC,GC-MS
90121,EDMONTON EAST,m and p-Xylene,1992-10-03T00:00,1.587,µg/m³,VOC,GC-MS
90121,EDMONTON EAST,m and p-Xylene,1992-10-09T00:00,4.106,µg/m³,VOC,GC-MS
90121,EDMONTON EAST,m and p-Xylene,1992-10-15T00:00,2.600,µg/m³,VOC,GC-MS
90121,EDMONTON EAST,m and p-Xylene,1992-10-27T00:00,6.100,µg/m³,VOC,GC-MS
90121,EDMONTON EAST,m and p-Xylene,1992-11-08T00:00,2.113,µg/m³,VOC,GC-MS
90121,EDMONTON EAST,m and p-Xylene,1992-11-14T00:00,0.964,µg/m³,VOC,GC-MS
90121,EDMONTON EAST,m and p-Xylene,1992-11-20T00:00,3.972,µg/m³,VOC,GC-MS
90121,EDMONTON EAST,m and p-Xylene,1992-11-26T00:00,3.983,µg/m³,VOC,GC-MS
90121,EDMONTON EAST,m and p-Xylene,1992-12-02T00:00,2.281,µg/m³,VOC,GC-MS
90121,EDMONTON EAST,m and p-Xylene,1992-12-08T00:00,6.099,µg/m³,VOC,GC-MS
90121,EDMONTON EAST,m and p-Xylene,1992-12-20T00:00,0.922,µg/m³,VOC,GC-MS
90121,EDMONTON EAST,m and p-Xylene,1992-12-26T00:00,0.396,µg/m³,VOC,GC-MS
