﻿NAPS_Site_ID,Station_Name,Pollutant,Date,Value,Units,Report_Type,Method
50104,ONTARIO,Naphthalene,1993-01-01T00:00,0.000,µg/m³,VOC,N/A
50104,ONTARIO,Naphthalene,1993-01-07T00:00,0.000,µg/m³,VOC,N/A
50104,ONTARIO,Naphthalene,1993-01-13T00:00,0.000,µg/m³,VOC,N/A
50104,ONTARIO,Naphthalene,1993-01-19T00:00,0.000,µg/m³,VOC,N/A
50104,ONTARIO,Naphthalene,1993-01-25T00:00,0.000,µg/m³,VOC,N/A
50104,ONTARIO,Naphthalene,1993-01-31T00:00,0.000,µg/m³,VOC,N/A
50104,ONTARIO,Naphthalene,1993-02-06T00:00,0.000,µg/m³,VOC,N/A
50104,ONTARIO,Naphthalene,1993-02-12T00:00,0.000,µg/m³,VOC,N/A
50104,ONTARIO,Naphthalene,1993-02-18T00:00,0.208,µg/m³,VOC,N/A
50104,ONTARIO,Naphthalene,1993-02-24T00:00,0.028,µg/m³,VOC,N/A
50104,ONTARIO,Naphthalene,1993-03-02T00:00,0.663,µg/m³,VOC,N/A
50104,ONTARIO,Naphthalene,1993-03-08T00:00,0.377,µg/m³,VOC,N/A
50104,ONTARIO,Naphthalene,1993-03-14T00:00,0.028,µg/m³,VOC,N/A
50104,ONTARIO,Naphthalene,1993-03-20T00:00,0.179,µg/m³,VOC,N/A
50104,ONTARIO,Naphthalene,1993-03-26T00:00,0.276,µg/m³,VOC,N/A
50104,ONTARIO,Naphthalene,1993-04-01T00:00,0.086,µg/m³,VOC,N/A
50104,ONTARIO,Naphthalene,1993-04-07T00:00,1.177,µg/m³,VOC,N/A
50104,ONTARIO,Naphthalene,1993-04-13T00:00,0.448,µg/m³,VOC,N/A
50104,ONTARIO,Naphthalene,1993-04-19T00:00,0.721,µg/m³,VOC,N/A
50104,ONTARIO,Naphthalene,1993-04-25T00:00,0.481,µg/m³,VOC,N/A
50104,ONTARIO,Naphthalene,1993-05-01T00:00,0.784,µg/m³,VOC,N/A
50104,ONTARIO,Naphthalene,1993-05-07T00:00,0.985,µg/m³,VOC,N/A
50104,ONTARIO,Naphthalene,1993-05-13T00:00,0.274,µg/m³,VOC,N/A
50104,ONTARIO,Naphthalene,1993-05-19T00:00,0.510,µg/m³,VOC,N/A
50104,ONTARIO,Naphthalene,1993-05-25T00:00,0.959,µg/m³,VOC,N/A
50104,ONTARIO,Naphthalene,1993-05-31T00:00,4.064,µg/m³,VOC,N/A
50104,ONTARIO,Naphthalene,1993-06-06T00:00,0.246,µg/m³,VOC,N/A
50104,ONTARIO,Naphthalene,1993-06-12T00:00,0.286,µg/m³,VOC,N/A
50104,ONTARIO,Naphthalene,1993-06-18T00:00,0.549,µg/m³,VOC,N/A
50104,ONTARIO,Naphthalene,1993-06-24T00:00,0.327,µg/m³,VOC,N/A
50104,ONTARIO,Naphthalene,1993-06-30T00:00,0.378,µg/m³,VOC,N/A
50104,ONTARIO,Naphthalene,1993-07-18T00:00,0.210,µg/m³,VOC,N/A
50104,ONTARIO,Naphthalene,1993-07-24T00:00,1.160,µg/m³,VOC,N/A
50104,ONTARIO,Naphthalene,1993-07-30T00:00,0.770,µg/m³,VOC,N/A
50104,ONTARIO,Naphthalene,1993-08-05T00:00,1.139,µg/m³,VOC,N/A
50104,ONTARIO,Naphthalene,1993-08-11T00:00,0.785,µg/m³,VOC,N/A
50104,ONTARIO,Naphthalene,1993-08-17T00:00,0.760,µg/m³,VOC,N/A
50104,ONTARIO,Naphthalene,1993-08-23T00:00,0.810,µg/m³,VOC,N/A
50104,ONTARIO,Naphthalene,1993-09-04T00:00,0.349,µg/m³,VOC,N/A
50104,ONTARIO,Naphthalene,1993-09-16T00:00,0.342,µg/m³,VOC,N/A
50104,ONTARIO,Naphthalene,1993-09-22T00:00,1.278,µg/m³,VOC,N/A
50104,ONTARIO,Naphthalene,1993-09-28T00:00,0.249,µg/m³,VOC,N/A
50104,ONTARIO,Naphthalene,1993-10-04T00:00,0.261,µg/m³,VOC,N/A
50104,ONTARIO,Naphthalene,1993-10-10T00:00,0.199,µg/m³,VOC,N/A
50104,ONTARIO,Naphthalene,1993-10-16T00:00,0.261,µg/m³,VOC,N/A
50104,ONTARIO,Naphthalene,1993-10-22T00:00,0.216,µg/m³,VOC,N/A
50104,ONTARIO,Naphthalene,1993-10-28T00:00,0.306,µg/m³,VOC,N/A
50104,ONTARIO,Naphthalene,1993-11-03T00:00,0.328,µg/m³,VOC,N/A
50104,ONTARIO,Naphthalene,1993-11-09T00:00,0.270,µg/m³,VOC,N/A
50104,ONTARIO,Naphthalene,1993-11-15T00:00,0.308,µg/m³,VOC,N/A
50104,ONTARIO,Naphthalene,1993-11-21T00:00,0.108,µg/m³,VOC,N/A
50104,ONTARIO,Naphthalene,1993-11-27T00:00,0.151,µg/m³,VOC,N/A
50104,ONTARIO,Naphthalene,1993-12-03T00:00,0.757,µg/m³,VOC,N/A
50104,ONTARIO,Naphthalene,1993-12-27T00:00,0.080,µg/m³,VOC,N/A
