﻿NAPS_Site_ID,Station_Name,Pollutant,Date,Value,Units,Report_Type,Method
60302,KINGSTON,Acetylene,2001-01-07T00:00,1.400,µg/m³,VOC,
60302,KINGSTON,Acetylene,2001-01-13T00:00,3.626,µg/m³,VOC,
60302,KINGSTON,Acetylene,2001-01-19T00:00,2.357,µg/m³,VOC,
60302,KINGSTON,Acetylene,2001-02-06T00:00,2.888,µg/m³,VOC,
60302,KINGSTON,Acetylene,2001-02-12T00:00,4.629,µg/m³,VOC,
60302,KINGSTON,Acetylene,2001-02-18T00:00,1.723,µg/m³,VOC,
60302,KINGSTON,Acetylene,2001-02-24T00:00,1.508,µg/m³,VOC,
60302,KINGSTON,Acetylene,2001-03-14T00:00,1.360,µg/m³,VOC,
60302,KINGSTON,Acetylene,2001-03-20T00:00,4.848,µg/m³,VOC,
60302,KINGSTON,Acetylene,2001-03-26T00:00,1.134,µg/m³,VOC,
60302,KINGSTON,Acetylene,2001-04-07T00:00,1.397,µg/m³,VOC,
60302,KINGSTON,Acetylene,2001-04-13T00:00,0.900,µg/m³,VOC,
60302,KINGSTON,Acetylene,2001-04-19T00:00,1.612,µg/m³,VOC,
60302,KINGSTON,Acetylene,2001-04-25T00:00,1.378,µg/m³,VOC,
60302,KINGSTON,Acetylene,2001-05-07T00:00,1.112,µg/m³,VOC,
60302,KINGSTON,Acetylene,2001-05-13T00:00,0.759,µg/m³,VOC,
60302,KINGSTON,Acetylene,2001-05-25T00:00,0.732,µg/m³,VOC,
60302,KINGSTON,Acetylene,2001-05-31T00:00,0.880,µg/m³,VOC,
60302,KINGSTON,Acetylene,2001-06-06T00:00,0.461,µg/m³,VOC,
60302,KINGSTON,Acetylene,2001-06-12T00:00,0.837,µg/m³,VOC,
60302,KINGSTON,Acetylene,2001-06-18T00:00,0.452,µg/m³,VOC,
60302,KINGSTON,Acetylene,2001-06-24T00:00,0.479,µg/m³,VOC,
60302,KINGSTON,Acetylene,2001-06-30T00:00,0.463,µg/m³,VOC,
60302,KINGSTON,Acetylene,2001-07-06T00:00,0.279,µg/m³,VOC,
60302,KINGSTON,Acetylene,2001-07-12T00:00,0.292,µg/m³,VOC,
60302,KINGSTON,Acetylene,2001-07-18T00:00,0.407,µg/m³,VOC,
60302,KINGSTON,Acetylene,2001-07-24T00:00,0.106,µg/m³,VOC,
60302,KINGSTON,Acetylene,2001-07-30T00:00,0.594,µg/m³,VOC,
60302,KINGSTON,Acetylene,2001-08-05T00:00,0.506,µg/m³,VOC,
60302,KINGSTON,Acetylene,2001-08-11T00:00,0.280,µg/m³,VOC,
60302,KINGSTON,Acetylene,2001-09-10T00:00,0.385,µg/m³,VOC,
60302,KINGSTON,Acetylene,2001-09-16T00:00,0.386,µg/m³,VOC,
60302,KINGSTON,Acetylene,2001-09-22T00:00,0.609,µg/m³,VOC,
60302,KINGSTON,Acetylene,2001-09-28T00:00,0.400,µg/m³,VOC,
60302,KINGSTON,Acetylene,2001-10-04T00:00,0.602,µg/m³,VOC,
60302,KINGSTON,Acetylene,2001-10-10T00:00,0.596,µg/m³,VOC,
60302,KINGSTON,Acetylene,2001-10-16T00:00,0.609,µg/m³,VOC,
60302,KINGSTON,Acetylene,2001-10-22T00:00,1.617,µg/m³,VOC,
60302,KINGSTON,Acetylene,2001-10-28T00:00,0.375,µg/m³,VOC,
60302,KINGSTON,Acetylene,2001-11-03T00:00,0.752,µg/m³,VOC,
60302,KINGSTON,Acetylene,2001-11-09T00:00,0.909,µg/m³,VOC,
60302,KINGSTON,Acetylene,2001-11-15T00:00,1.428,µg/m³,VOC,
60302,KINGSTON,Acetylene,2001-11-21T00:00,1.447,µg/m³,VOC,
60302,KINGSTON,Acetylene,2001-11-27T00:00,0.630,µg/m³,VOC,
60302,KINGSTON,Acetylene,2001-12-03T00:00,1.784,µg/m³,VOC,
60302,KINGSTON,Acetylene,2001-12-09T00:00,1.612,µg/m³,VOC,
60302,KINGSTON,Acetylene,2001-12-15T00:00,0.891,µg/m³,VOC,
60302,KINGSTON,Acetylene,2001-12-21T00:00,0.828,µg/m³,VOC,
