﻿NAPS_Site_ID,Station_Name,Pollutant,Date,Value,Units,Report_Type,Method
50902,SAGUENAY-PARC POWELL,Acenaphthene,1995-01-03T00:00,0.026,µg/m³,PAH,
50902,SAGUENAY-PARC POWELL,Acenaphthene,1995-01-15T00:00,0.019,µg/m³,PAH,
50902,SAGUENAY-PARC POWELL,Acenaphthene,1995-01-27T00:00,0.001,µg/m³,PAH,
50902,SAGUENAY-PARC POWELL,Acenaphthene,1995-02-08T00:00,0.001,µg/m³,PAH,
50902,SAGUENAY-PARC POWELL,Acenaphthene,1995-02-20T00:00,0.000,µg/m³,PAH,
50902,SAGUENAY-PARC POWELL,Acenaphthene,1995-04-09T00:00,0.006,µg/m³,PAH,
50902,SAGUENAY-PARC POWELL,Acenaphthene,1995-04-21T00:00,0.078,µg/m³,PAH,
50902,SAGUENAY-PARC POWELL,Acenaphthene,1995-05-03T00:00,0.000,µg/m³,PAH,
50902,SAGUENAY-PARC POWELL,Acenaphthene,1995-05-15T00:00,0.042,µg/m³,PAH,
50902,SAGUENAY-PARC POWELL,Acenaphthene,1995-05-21T00:00,0.001,µg/m³,PAH,
50902,SAGUENAY-PARC POWELL,Acenaphthene,1995-06-08T00:00,0.000,µg/m³,PAH,
50902,SAGUENAY-PARC POWELL,Acenaphthene,1995-06-20T00:00,0.000,µg/m³,PAH,
50902,SAGUENAY-PARC POWELL,Acenaphthene,1995-07-02T00:00,0.000,µg/m³,PAH,
50902,SAGUENAY-PARC POWELL,Acenaphthene,1995-07-14T00:00,0.000,µg/m³,PAH,
50902,SAGUENAY-PARC POWELL,Acenaphthene,1995-07-26T00:00,0.000,µg/m³,PAH,
50902,SAGUENAY-PARC POWELL,Acenaphthene,1995-08-07T00:00,0.002,µg/m³,PAH,
50902,SAGUENAY-PARC POWELL,Acenaphthene,1995-10-06T00:00,0.001,µg/m³,PAH,
50902,SAGUENAY-PARC POWELL,Acenaphthene,1995-10-18T00:00,0.001,µg/m³,PAH,
50902,SAGUENAY-PARC POWELL,Acenaphthene,1995-10-30T00:00,0.001,µg/m³,PAH,
50902,SAGUENAY-PARC POWELL,Acenaphthene,1995-11-11T00:00,0.020,µg/m³,PAH,
50902,SAGUENAY-PARC POWELL,Acenaphthene,1995-11-23T00:00,0.012,µg/m³,PAH,
50902,SAGUENAY-PARC POWELL,Acenaphthene,1995-12-05T00:00,0.081,µg/m³,PAH,
50902,SAGUENAY-PARC POWELL,Acenaphthene,1995-12-17T00:00,0.007,µg/m³,PAH,
