﻿NAPS_Site_ID,Station_Name,Pollutant,Date,Value,Units,Report_Type,Method
63601,LONGWOODS CONS. AUTHORITY,Heptane,2013-01-01T00:00,0.101,µg/m³,VOC,
63601,LONGWOODS CONS. AUTHORITY,Heptane,2013-01-04T00:00,0.160,µg/m³,VOC,
63601,LONGWOODS CONS. AUTHORITY,Heptane,2013-01-07T00:00,0.097,µg/m³,VOC,
63601,LONGWOODS CONS. AUTHORITY,Heptane,2013-01-10T00:00,0.097,µg/m³,VOC,
63601,LONGWOODS CONS. AUTHORITY,Heptane,2013-01-13T00:00,0.153,µg/m³,VOC,
63601,LONGWOODS CONS. AUTHORITY,Heptane,2013-01-16T00:00,0.122,µg/m³,VOC,
63601,LONGWOODS CONS. AUTHORITY,Heptane,2013-01-19T00:00,0.111,µg/m³,VOC,
63601,LONGWOODS CONS. AUTHORITY,Heptane,2013-01-22T00:00,0.040,µg/m³,VOC,
63601,LONGWOODS CONS. AUTHORITY,Heptane,2013-01-25T00:00,0.062,µg/m³,VOC,
63601,LONGWOODS CONS. AUTHORITY,Heptane,2013-01-28T00:00,0.129,µg/m³,VOC,
63601,LONGWOODS CONS. AUTHORITY,Heptane,2013-01-31T00:00,0.059,µg/m³,VOC,
63601,LONGWOODS CONS. AUTHORITY,Heptane,2013-02-03T00:00,0.073,µg/m³,VOC,
63601,LONGWOODS CONS. AUTHORITY,Heptane,2013-02-06T00:00,0.044,µg/m³,VOC,
63601,LONGWOODS CONS. AUTHORITY,Heptane,2013-02-09T00:00,0.050,µg/m³,VOC,
63601,LONGWOODS CONS. AUTHORITY,Heptane,2013-02-15T00:00,0.052,µg/m³,VOC,
63601,LONGWOODS CONS. AUTHORITY,Heptane,2013-02-18T00:00,0.073,µg/m³,VOC,
63601,LONGWOODS CONS. AUTHORITY,Heptane,2013-02-21T00:00,0.043,µg/m³,VOC,
63601,LONGWOODS CONS. AUTHORITY,Heptane,2013-02-24T00:00,0.073,µg/m³,VOC,
63601,LONGWOODS CONS. AUTHORITY,Heptane,2013-02-27T00:00,0.129,µg/m³,VOC,
63601,LONGWOODS CONS. AUTHORITY,Heptane,2013-03-02T00:00,0.039,µg/m³,VOC,
63601,LONGWOODS CONS. AUTHORITY,Heptane,2013-03-05T00:00,0.041,µg/m³,VOC,
63601,LONGWOODS CONS. AUTHORITY,Heptane,2013-03-08T00:00,0.034,µg/m³,VOC,
63601,LONGWOODS CONS. AUTHORITY,Heptane,2013-03-11T00:00,0.147,µg/m³,VOC,
63601,LONGWOODS CONS. AUTHORITY,Heptane,2013-03-14T00:00,0.027,µg/m³,VOC,
63601,LONGWOODS CONS. AUTHORITY,Heptane,2013-03-17T00:00,0.024,µg/m³,VOC,
63601,LONGWOODS CONS. AUTHORITY,Heptane,2013-03-20T00:00,0.047,µg/m³,VOC,
63601,LONGWOODS CONS. AUTHORITY,Heptane,2013-03-26T00:00,0.024,µg/m³,VOC,
63601,LONGWOODS CONS. AUTHORITY,Heptane,2013-04-07T00:00,0.035,µg/m³,VOC,
63601,LONGWOODS CONS. AUTHORITY,Heptane,2013-04-10T00:00,0.105,µg/m³,VOC,
63601,LONGWOODS CONS. AUTHORITY,Heptane,2013-04-13T00:00,0.035,µg/m³,VOC,
63601,LONGWOODS CONS. AUTHORITY,Heptane,2013-04-16T00:00,0.026,µg/m³,VOC,
63601,LONGWOODS CONS. AUTHORITY,Heptane,2013-04-19T00:00,0.019,µg/m³,VOC,
63601,LONGWOODS CONS. AUTHORITY,Heptane,2013-04-22T00:00,0.045,µg/m³,VOC,
63601,LONGWOODS CONS. AUTHORITY,Heptane,2013-04-25T00:00,0.035,µg/m³,VOC,
63601,LONGWOODS CONS. AUTHORITY,Heptane,2013-04-28T00:00,0.058,µg/m³,VOC,
63601,LONGWOODS CONS. AUTHORITY,Heptane,2013-05-01T00:00,0.038,µg/m³,VOC,
63601,LONGWOODS CONS. AUTHORITY,Heptane,2013-05-07T00:00,0.022,µg/m³,VOC,
63601,LONGWOODS CONS. AUTHORITY,Heptane,2013-05-10T00:00,0.057,µg/m³,VOC,
63601,LONGWOODS CONS. AUTHORITY,Heptane,2013-05-13T00:00,0.044,µg/m³,VOC,
63601,LONGWOODS CONS. AUTHORITY,Heptane,2013-05-16T00:00,0.020,µg/m³,VOC,
63601,LONGWOODS CONS. AUTHORITY,Heptane,2013-05-19T00:00,0.048,µg/m³,VOC,
63601,LONGWOODS CONS. AUTHORITY,Heptane,2013-05-22T00:00,0.026,µg/m³,VOC,
63601,LONGWOODS CONS. AUTHORITY,Heptane,2013-05-25T00:00,0.020,µg/m³,VOC,
63601,LONGWOODS CONS. AUTHORITY,Heptane,2013-05-28T00:00,0.085,µg/m³,VOC,
63601,LONGWOODS CONS. AUTHORITY,Heptane,2013-05-31T00:00,0.023,µg/m³,VOC,
63601,LONGWOODS CONS. AUTHORITY,Heptane,2013-06-06T00:00,0.092,µg/m³,VOC,
63601,LONGWOODS CONS. AUTHORITY,Heptane,2013-06-09T00:00,0.014,µg/m³,VOC,
63601,LONGWOODS CONS. AUTHORITY,Heptane,2013-06-12T00:00,0.018,µg/m³,VOC,
63601,LONGWOODS CONS. AUTHORITY,Heptane,2013-06-15T00:00,0.019,µg/m³,VOC,
63601,LONGWOODS CONS. AUTHORITY,Heptane,2013-06-18T00:00,0.019,µg/m³,VOC,
63601,LONGWOODS CONS. AUTHORITY,Heptane,2013-06-21T00:00,0.019,µg/m³,VOC,
63601,LONGWOODS CONS. AUTHORITY,Heptane,2013-06-24T00:00,0.022,µg/m³,VOC,
63601,LONGWOODS CONS. AUTHORITY,Heptane,2013-06-27T00:00,0.044,µg/m³,VOC,
63601,LONGWOODS CONS. AUTHORITY,Heptane,2013-06-30T00:00,0.014,µg/m³,VOC,
63601,LONGWOODS CONS. AUTHORITY,Heptane,2013-07-03T00:00,0.037,µg/m³,VOC,
63601,LONGWOODS CONS. AUTHORITY,Heptane,2013-07-06T00:00,0.037,µg/m³,VOC,
63601,LONGWOODS CONS. AUTHORITY,Heptane,2013-07-09T00:00,0.029,µg/m³,VOC,
63601,LONGWOODS CONS. AUTHORITY,Heptane,2013-07-12T00:00,0.037,µg/m³,VOC,
63601,LONGWOODS CONS. AUTHORITY,Heptane,2013-07-15T00:00,0.027,µg/m³,VOC,
63601,LONGWOODS CONS. AUTHORITY,Heptane,2013-07-18T00:00,0.022,µg/m³,VOC,
63601,LONGWOODS CONS. AUTHORITY,Heptane,2013-07-21T00:00,0.031,µg/m³,VOC,
63601,LONGWOODS CONS. AUTHORITY,Heptane,2013-07-24T00:00,0.035,µg/m³,VOC,
63601,LONGWOODS CONS. AUTHORITY,Heptane,2013-07-27T00:00,0.043,µg/m³,VOC,
63601,LONGWOODS CONS. AUTHORITY,Heptane,2013-07-30T00:00,0.037,µg/m³,VOC,
63601,LONGWOODS CONS. AUTHORITY,Heptane,2013-08-02T00:00,0.043,µg/m³,VOC,
63601,LONGWOODS CONS. AUTHORITY,Heptane,2013-08-05T00:00,0.036,µg/m³,VOC,
63601,LONGWOODS CONS. AUTHORITY,Heptane,2013-08-08T00:00,0.030,µg/m³,VOC,
63601,LONGWOODS CONS. AUTHORITY,Heptane,2013-08-11T00:00,0.022,µg/m³,VOC,
63601,LONGWOODS CONS. AUTHORITY,Heptane,2013-08-14T00:00,0.014,µg/m³,VOC,
63601,LONGWOODS CONS. AUTHORITY,Heptane,2013-08-17T00:00,0.044,µg/m³,VOC,
63601,LONGWOODS CONS. AUTHORITY,Heptane,2013-08-20T00:00,0.032,µg/m³,VOC,
63601,LONGWOODS CONS. AUTHORITY,Heptane,2013-09-04T00:00,0.044,µg/m³,VOC,
63601,LONGWOODS CONS. AUTHORITY,Heptane,2013-09-07T00:00,0.128,µg/m³,VOC,
63601,LONGWOODS CONS. AUTHORITY,Heptane,2013-09-10T00:00,0.074,µg/m³,VOC,
63601,LONGWOODS CONS. AUTHORITY,Heptane,2013-09-13T00:00,0.010,µg/m³,VOC,
63601,LONGWOODS CONS. AUTHORITY,Heptane,2013-09-16T00:00,0.014,µg/m³,VOC,
63601,LONGWOODS CONS. AUTHORITY,Heptane,2013-09-19T00:00,0.080,µg/m³,VOC,
63601,LONGWOODS CONS. AUTHORITY,Heptane,2013-09-22T00:00,0.018,µg/m³,VOC,
63601,LONGWOODS CONS. AUTHORITY,Heptane,2013-09-25T00:00,0.104,µg/m³,VOC,
63601,LONGWOODS CONS. AUTHORITY,Heptane,2013-09-28T00:00,0.020,µg/m³,VOC,
63601,LONGWOODS CONS. AUTHORITY,Heptane,2013-10-01T00:00,0.040,µg/m³,VOC,
63601,LONGWOODS CONS. AUTHORITY,Heptane,2013-10-04T00:00,0.100,µg/m³,VOC,
63601,LONGWOODS CONS. AUTHORITY,Heptane,2013-10-07T00:00,0.100,µg/m³,VOC,
63601,LONGWOODS CONS. AUTHORITY,Heptane,2013-10-10T00:00,0.034,µg/m³,VOC,
63601,LONGWOODS CONS. AUTHORITY,Heptane,2013-10-13T00:00,0.050,µg/m³,VOC,
63601,LONGWOODS CONS. AUTHORITY,Heptane,2013-10-16T00:00,0.076,µg/m³,VOC,
63601,LONGWOODS CONS. AUTHORITY,Heptane,2013-10-19T00:00,0.056,µg/m³,VOC,
63601,LONGWOODS CONS. AUTHORITY,Heptane,2013-10-22T00:00,0.042,µg/m³,VOC,
63601,LONGWOODS CONS. AUTHORITY,Heptane,2013-10-25T00:00,0.046,µg/m³,VOC,
63601,LONGWOODS CONS. AUTHORITY,Heptane,2013-10-28T00:00,0.032,µg/m³,VOC,
63601,LONGWOODS CONS. AUTHORITY,Heptane,2013-10-31T00:00,0.044,µg/m³,VOC,
63601,LONGWOODS CONS. AUTHORITY,Heptane,2013-11-03T00:00,0.022,µg/m³,VOC,
63601,LONGWOODS CONS. AUTHORITY,Heptane,2013-11-06T00:00,0.086,µg/m³,VOC,
63601,LONGWOODS CONS. AUTHORITY,Heptane,2013-11-09T00:00,0.052,µg/m³,VOC,
63601,LONGWOODS CONS. AUTHORITY,Heptane,2013-11-12T00:00,0.048,µg/m³,VOC,
63601,LONGWOODS CONS. AUTHORITY,Heptane,2013-11-15T00:00,0.100,µg/m³,VOC,
63601,LONGWOODS CONS. AUTHORITY,Heptane,2013-11-18T00:00,0.130,µg/m³,VOC,
63601,LONGWOODS CONS. AUTHORITY,Heptane,2013-11-21T00:00,0.232,µg/m³,VOC,
63601,LONGWOODS CONS. AUTHORITY,Heptane,2013-11-24T00:00,0.072,µg/m³,VOC,
63601,LONGWOODS CONS. AUTHORITY,Heptane,2013-11-27T00:00,0.062,µg/m³,VOC,
63601,LONGWOODS CONS. AUTHORITY,Heptane,2013-12-03T00:00,0.064,µg/m³,VOC,
63601,LONGWOODS CONS. AUTHORITY,Heptane,2013-12-12T00:00,0.126,µg/m³,VOC,
63601,LONGWOODS CONS. AUTHORITY,Heptane,2013-12-15T00:00,0.190,µg/m³,VOC,
63601,LONGWOODS CONS. AUTHORITY,Heptane,2013-12-18T00:00,0.236,µg/m³,VOC,
63601,LONGWOODS CONS. AUTHORITY,Heptane,2013-12-21T00:00,0.270,µg/m³,VOC,
63601,LONGWOODS CONS. AUTHORITY,Heptane,2013-12-24T00:00,0.070,µg/m³,VOC,
63601,LONGWOODS CONS. AUTHORITY,Heptane,2013-12-27T00:00,0.128,µg/m³,VOC,
63601,LONGWOODS CONS. AUTHORITY,Heptane,2013-12-30T00:00,0.066,µg/m³,VOC,
