﻿NAPS_Site_ID,Station_Name,Pollutant,Date,Value,Units,Report_Type,Method
63802,SOUTH WALPOLE,3-Methylpentane,1994-01-14T00:00,0.284,µg/m³,VOC,
63802,SOUTH WALPOLE,3-Methylpentane,1994-01-20T00:00,1.830,µg/m³,VOC,
63802,SOUTH WALPOLE,3-Methylpentane,1994-01-26T00:00,0.386,µg/m³,VOC,
63802,SOUTH WALPOLE,3-Methylpentane,1994-02-01T00:00,0.684,µg/m³,VOC,
63802,SOUTH WALPOLE,3-Methylpentane,1994-02-07T00:00,0.327,µg/m³,VOC,
63802,SOUTH WALPOLE,3-Methylpentane,1994-02-19T00:00,0.509,µg/m³,VOC,
63802,SOUTH WALPOLE,3-Methylpentane,1994-02-25T00:00,0.675,µg/m³,VOC,
63802,SOUTH WALPOLE,3-Methylpentane,1994-03-03T00:00,1.225,µg/m³,VOC,
63802,SOUTH WALPOLE,3-Methylpentane,1994-03-09T00:00,0.462,µg/m³,VOC,
63802,SOUTH WALPOLE,3-Methylpentane,1994-03-15T00:00,0.344,µg/m³,VOC,
63802,SOUTH WALPOLE,3-Methylpentane,1994-03-21T00:00,0.332,µg/m³,VOC,
63802,SOUTH WALPOLE,3-Methylpentane,1994-03-27T00:00,0.319,µg/m³,VOC,
63802,SOUTH WALPOLE,3-Methylpentane,1994-04-02T00:00,0.469,µg/m³,VOC,
63802,SOUTH WALPOLE,3-Methylpentane,1994-04-20T00:00,3.157,µg/m³,VOC,
63802,SOUTH WALPOLE,3-Methylpentane,1994-04-26T00:00,0.638,µg/m³,VOC,
63802,SOUTH WALPOLE,3-Methylpentane,1994-05-02T00:00,0.274,µg/m³,VOC,
63802,SOUTH WALPOLE,3-Methylpentane,1994-05-08T00:00,0.289,µg/m³,VOC,
63802,SOUTH WALPOLE,3-Methylpentane,1994-05-09T00:00,0.441,µg/m³,VOC,
