﻿NAPS_Site_ID,Station_Name,Pollutant,Date,Value,Units,Report_Type,Method
50103,MONTRÉAL-SAINT-JEAN-BAPTISTE,Acrolein,1993-01-01T00:00,0.000,µg/m³,VOC,GC-MS
50103,MONTRÉAL-SAINT-JEAN-BAPTISTE,Acrolein,1993-01-31T00:00,0.000,µg/m³,VOC,GC-MS
50103,MONTRÉAL-SAINT-JEAN-BAPTISTE,Acrolein,1993-02-06T00:00,0.000,µg/m³,VOC,GC-MS
50103,MONTRÉAL-SAINT-JEAN-BAPTISTE,Acrolein,1993-02-12T00:00,0.000,µg/m³,VOC,GC-MS
50103,MONTRÉAL-SAINT-JEAN-BAPTISTE,Acrolein,1993-02-18T00:00,0.000,µg/m³,VOC,GC-MS
50103,MONTRÉAL-SAINT-JEAN-BAPTISTE,Acrolein,1993-02-24T00:00,0.000,µg/m³,VOC,GC-MS
50103,MONTRÉAL-SAINT-JEAN-BAPTISTE,Acrolein,1993-04-13T00:00,0.000,µg/m³,VOC,GC-MS
50103,MONTRÉAL-SAINT-JEAN-BAPTISTE,Acrolein,1993-04-19T00:00,0.000,µg/m³,VOC,GC-MS
50103,MONTRÉAL-SAINT-JEAN-BAPTISTE,Acrolein,1993-04-25T00:00,0.000,µg/m³,VOC,GC-MS
50103,MONTRÉAL-SAINT-JEAN-BAPTISTE,Acrolein,1993-05-01T00:00,0.000,µg/m³,VOC,GC-MS
50103,MONTRÉAL-SAINT-JEAN-BAPTISTE,Acrolein,1993-05-07T00:00,0.000,µg/m³,VOC,GC-MS
50103,MONTRÉAL-SAINT-JEAN-BAPTISTE,Acrolein,1993-05-13T00:00,0.000,µg/m³,VOC,GC-MS
50103,MONTRÉAL-SAINT-JEAN-BAPTISTE,Acrolein,1993-05-19T00:00,0.000,µg/m³,VOC,GC-MS
50103,MONTRÉAL-SAINT-JEAN-BAPTISTE,Acrolein,1993-05-25T00:00,0.000,µg/m³,VOC,GC-MS
50103,MONTRÉAL-SAINT-JEAN-BAPTISTE,Acrolein,1993-07-12T00:00,0.000,µg/m³,VOC,GC-MS
50103,MONTRÉAL-SAINT-JEAN-BAPTISTE,Acrolein,1993-07-18T00:00,0.000,µg/m³,VOC,GC-MS
50103,MONTRÉAL-SAINT-JEAN-BAPTISTE,Acrolein,1993-07-24T00:00,0.000,µg/m³,VOC,GC-MS
50103,MONTRÉAL-SAINT-JEAN-BAPTISTE,Acrolein,1993-07-30T00:00,0.000,µg/m³,VOC,GC-MS
50103,MONTRÉAL-SAINT-JEAN-BAPTISTE,Acrolein,1993-08-05T00:00,0.000,µg/m³,VOC,GC-MS
50103,MONTRÉAL-SAINT-JEAN-BAPTISTE,Acrolein,1993-08-11T00:00,0.000,µg/m³,VOC,GC-MS
50103,MONTRÉAL-SAINT-JEAN-BAPTISTE,Acrolein,1993-08-17T00:00,0.000,µg/m³,VOC,GC-MS
50103,MONTRÉAL-SAINT-JEAN-BAPTISTE,Acrolein,1993-08-23T00:00,0.000,µg/m³,VOC,GC-MS
50103,MONTRÉAL-SAINT-JEAN-BAPTISTE,Acrolein,1993-09-16T00:00,0.000,µg/m³,VOC,GC-MS
50103,MONTRÉAL-SAINT-JEAN-BAPTISTE,Acrolein,1993-09-22T00:00,0.000,µg/m³,VOC,GC-MS
50103,MONTRÉAL-SAINT-JEAN-BAPTISTE,Acrolein,1993-09-28T00:00,0.000,µg/m³,VOC,GC-MS
50103,MONTRÉAL-SAINT-JEAN-BAPTISTE,Acrolein,1993-10-04T00:00,0.126,µg/m³,VOC,GC-MS
50103,MONTRÉAL-SAINT-JEAN-BAPTISTE,Acrolein,1993-10-10T00:00,0.036,µg/m³,VOC,GC-MS
50103,MONTRÉAL-SAINT-JEAN-BAPTISTE,Acrolein,1993-10-16T00:00,0.000,µg/m³,VOC,GC-MS
50103,MONTRÉAL-SAINT-JEAN-BAPTISTE,Acrolein,1993-10-22T00:00,0.000,µg/m³,VOC,GC-MS
50103,MONTRÉAL-SAINT-JEAN-BAPTISTE,Acrolein,1993-10-28T00:00,0.065,µg/m³,VOC,GC-MS
50103,MONTRÉAL-SAINT-JEAN-BAPTISTE,Acrolein,1993-11-03T00:00,0.273,µg/m³,VOC,GC-MS
50103,MONTRÉAL-SAINT-JEAN-BAPTISTE,Acrolein,1993-11-09T00:00,0.000,µg/m³,VOC,GC-MS
50103,MONTRÉAL-SAINT-JEAN-BAPTISTE,Acrolein,1993-11-15T00:00,0.178,µg/m³,VOC,GC-MS
50103,MONTRÉAL-SAINT-JEAN-BAPTISTE,Acrolein,1993-11-21T00:00,0.179,µg/m³,VOC,GC-MS
50103,MONTRÉAL-SAINT-JEAN-BAPTISTE,Acrolein,1993-11-27T00:00,0.194,µg/m³,VOC,GC-MS
50103,MONTRÉAL-SAINT-JEAN-BAPTISTE,Acrolein,1993-12-03T00:00,0.000,µg/m³,VOC,GC-MS
50103,MONTRÉAL-SAINT-JEAN-BAPTISTE,Acrolein,1993-12-09T00:00,0.550,µg/m³,VOC,GC-MS
50103,MONTRÉAL-SAINT-JEAN-BAPTISTE,Acrolein,1993-12-15T00:00,0.131,µg/m³,VOC,GC-MS
50103,MONTRÉAL-SAINT-JEAN-BAPTISTE,Acrolein,1993-12-21T00:00,0.212,µg/m³,VOC,GC-MS
50103,MONTRÉAL-SAINT-JEAN-BAPTISTE,Acrolein,1993-12-27T00:00,0.638,µg/m³,VOC,GC-MS
