﻿NAPS_Site_ID,Station_Name,Pollutant,Date,Value,Units,Report_Type,Method
100110,KENSINGTON PARK,"2,3-Dimethylbutane",1991-01-12T00:00,0.561,µg/m³,VOC,N/A
100110,KENSINGTON PARK,"2,3-Dimethylbutane",1991-02-11T00:00,1.435,µg/m³,VOC,N/A
100110,KENSINGTON PARK,"2,3-Dimethylbutane",1991-03-13T00:00,1.584,µg/m³,VOC,N/A
100110,KENSINGTON PARK,"2,3-Dimethylbutane",1991-04-12T00:00,1.375,µg/m³,VOC,N/A
100110,KENSINGTON PARK,"2,3-Dimethylbutane",1991-04-18T00:00,0.174,µg/m³,VOC,N/A
100110,KENSINGTON PARK,"2,3-Dimethylbutane",1991-05-12T00:00,0.352,µg/m³,VOC,N/A
100110,KENSINGTON PARK,"2,3-Dimethylbutane",1991-07-11T00:00,1.594,µg/m³,VOC,N/A
100110,KENSINGTON PARK,"2,3-Dimethylbutane",1991-09-21T00:00,6.030,µg/m³,VOC,N/A
100110,KENSINGTON PARK,"2,3-Dimethylbutane",1991-10-21T00:00,1.700,µg/m³,VOC,N/A
