﻿NAPS_Site_ID,Station_Name,Pollutant,Date,Value,Units,Report_Type,Method
50103,MONTRÉAL-SAINT-JEAN-BAPTISTE,"1,2-Dichlorobenzene",1992-01-07T00:00,0.000,µg/m³,VOC,
50103,MONTRÉAL-SAINT-JEAN-BAPTISTE,"1,2-Dichlorobenzene",1992-01-13T00:00,0.000,µg/m³,VOC,
50103,MONTRÉAL-SAINT-JEAN-BAPTISTE,"1,2-Dichlorobenzene",1992-01-19T00:00,0.000,µg/m³,VOC,
50103,MONTRÉAL-SAINT-JEAN-BAPTISTE,"1,2-Dichlorobenzene",1992-01-25T00:00,0.000,µg/m³,VOC,
50103,MONTRÉAL-SAINT-JEAN-BAPTISTE,"1,2-Dichlorobenzene",1992-01-31T00:00,0.000,µg/m³,VOC,
50103,MONTRÉAL-SAINT-JEAN-BAPTISTE,"1,2-Dichlorobenzene",1992-02-06T00:00,0.000,µg/m³,VOC,
50103,MONTRÉAL-SAINT-JEAN-BAPTISTE,"1,2-Dichlorobenzene",1992-02-12T00:00,0.000,µg/m³,VOC,
50103,MONTRÉAL-SAINT-JEAN-BAPTISTE,"1,2-Dichlorobenzene",1992-02-18T00:00,0.000,µg/m³,VOC,
50103,MONTRÉAL-SAINT-JEAN-BAPTISTE,"1,2-Dichlorobenzene",1992-02-24T00:00,0.000,µg/m³,VOC,
50103,MONTRÉAL-SAINT-JEAN-BAPTISTE,"1,2-Dichlorobenzene",1992-03-01T00:00,0.000,µg/m³,VOC,
50103,MONTRÉAL-SAINT-JEAN-BAPTISTE,"1,2-Dichlorobenzene",1992-03-07T00:00,0.000,µg/m³,VOC,
50103,MONTRÉAL-SAINT-JEAN-BAPTISTE,"1,2-Dichlorobenzene",1992-03-13T00:00,0.000,µg/m³,VOC,
50103,MONTRÉAL-SAINT-JEAN-BAPTISTE,"1,2-Dichlorobenzene",1992-03-19T00:00,0.000,µg/m³,VOC,
50103,MONTRÉAL-SAINT-JEAN-BAPTISTE,"1,2-Dichlorobenzene",1992-03-25T00:00,0.000,µg/m³,VOC,
50103,MONTRÉAL-SAINT-JEAN-BAPTISTE,"1,2-Dichlorobenzene",1992-03-31T00:00,0.000,µg/m³,VOC,
50103,MONTRÉAL-SAINT-JEAN-BAPTISTE,"1,2-Dichlorobenzene",1992-04-06T00:00,0.000,µg/m³,VOC,
50103,MONTRÉAL-SAINT-JEAN-BAPTISTE,"1,2-Dichlorobenzene",1992-04-12T00:00,0.000,µg/m³,VOC,
50103,MONTRÉAL-SAINT-JEAN-BAPTISTE,"1,2-Dichlorobenzene",1992-04-18T00:00,0.000,µg/m³,VOC,
50103,MONTRÉAL-SAINT-JEAN-BAPTISTE,"1,2-Dichlorobenzene",1992-04-24T00:00,0.000,µg/m³,VOC,
50103,MONTRÉAL-SAINT-JEAN-BAPTISTE,"1,2-Dichlorobenzene",1992-04-30T00:00,0.000,µg/m³,VOC,
50103,MONTRÉAL-SAINT-JEAN-BAPTISTE,"1,2-Dichlorobenzene",1992-05-06T00:00,0.009,µg/m³,VOC,
50103,MONTRÉAL-SAINT-JEAN-BAPTISTE,"1,2-Dichlorobenzene",1992-05-12T00:00,0.018,µg/m³,VOC,
50103,MONTRÉAL-SAINT-JEAN-BAPTISTE,"1,2-Dichlorobenzene",1992-05-18T00:00,0.005,µg/m³,VOC,
50103,MONTRÉAL-SAINT-JEAN-BAPTISTE,"1,2-Dichlorobenzene",1992-05-24T00:00,0.000,µg/m³,VOC,
50103,MONTRÉAL-SAINT-JEAN-BAPTISTE,"1,2-Dichlorobenzene",1992-05-30T00:00,0.013,µg/m³,VOC,
50103,MONTRÉAL-SAINT-JEAN-BAPTISTE,"1,2-Dichlorobenzene",1992-06-05T00:00,0.002,µg/m³,VOC,
50103,MONTRÉAL-SAINT-JEAN-BAPTISTE,"1,2-Dichlorobenzene",1992-06-11T00:00,0.019,µg/m³,VOC,
50103,MONTRÉAL-SAINT-JEAN-BAPTISTE,"1,2-Dichlorobenzene",1992-06-17T00:00,0.023,µg/m³,VOC,
50103,MONTRÉAL-SAINT-JEAN-BAPTISTE,"1,2-Dichlorobenzene",1992-06-29T00:00,0.064,µg/m³,VOC,
50103,MONTRÉAL-SAINT-JEAN-BAPTISTE,"1,2-Dichlorobenzene",1992-07-05T00:00,0.025,µg/m³,VOC,
50103,MONTRÉAL-SAINT-JEAN-BAPTISTE,"1,2-Dichlorobenzene",1992-07-11T00:00,0.000,µg/m³,VOC,
50103,MONTRÉAL-SAINT-JEAN-BAPTISTE,"1,2-Dichlorobenzene",1992-07-17T00:00,0.000,µg/m³,VOC,
50103,MONTRÉAL-SAINT-JEAN-BAPTISTE,"1,2-Dichlorobenzene",1992-07-23T00:00,0.065,µg/m³,VOC,
50103,MONTRÉAL-SAINT-JEAN-BAPTISTE,"1,2-Dichlorobenzene",1992-07-29T00:00,0.000,µg/m³,VOC,
50103,MONTRÉAL-SAINT-JEAN-BAPTISTE,"1,2-Dichlorobenzene",1992-08-04T00:00,0.005,µg/m³,VOC,
50103,MONTRÉAL-SAINT-JEAN-BAPTISTE,"1,2-Dichlorobenzene",1992-08-10T00:00,0.017,µg/m³,VOC,
50103,MONTRÉAL-SAINT-JEAN-BAPTISTE,"1,2-Dichlorobenzene",1992-08-16T00:00,0.016,µg/m³,VOC,
50103,MONTRÉAL-SAINT-JEAN-BAPTISTE,"1,2-Dichlorobenzene",1992-08-22T00:00,0.009,µg/m³,VOC,
50103,MONTRÉAL-SAINT-JEAN-BAPTISTE,"1,2-Dichlorobenzene",1992-09-03T00:00,0.011,µg/m³,VOC,
50103,MONTRÉAL-SAINT-JEAN-BAPTISTE,"1,2-Dichlorobenzene",1992-09-09T00:00,0.065,µg/m³,VOC,
50103,MONTRÉAL-SAINT-JEAN-BAPTISTE,"1,2-Dichlorobenzene",1992-09-15T00:00,0.034,µg/m³,VOC,
50103,MONTRÉAL-SAINT-JEAN-BAPTISTE,"1,2-Dichlorobenzene",1992-09-21T00:00,0.030,µg/m³,VOC,
50103,MONTRÉAL-SAINT-JEAN-BAPTISTE,"1,2-Dichlorobenzene",1992-09-27T00:00,0.050,µg/m³,VOC,
50103,MONTRÉAL-SAINT-JEAN-BAPTISTE,"1,2-Dichlorobenzene",1992-10-03T00:00,0.039,µg/m³,VOC,
50103,MONTRÉAL-SAINT-JEAN-BAPTISTE,"1,2-Dichlorobenzene",1992-10-09T00:00,0.042,µg/m³,VOC,
50103,MONTRÉAL-SAINT-JEAN-BAPTISTE,"1,2-Dichlorobenzene",1992-10-15T00:00,0.000,µg/m³,VOC,
50103,MONTRÉAL-SAINT-JEAN-BAPTISTE,"1,2-Dichlorobenzene",1992-10-21T00:00,0.000,µg/m³,VOC,
50103,MONTRÉAL-SAINT-JEAN-BAPTISTE,"1,2-Dichlorobenzene",1992-10-27T00:00,0.000,µg/m³,VOC,
50103,MONTRÉAL-SAINT-JEAN-BAPTISTE,"1,2-Dichlorobenzene",1992-11-02T00:00,0.000,µg/m³,VOC,
50103,MONTRÉAL-SAINT-JEAN-BAPTISTE,"1,2-Dichlorobenzene",1992-11-08T00:00,0.000,µg/m³,VOC,
50103,MONTRÉAL-SAINT-JEAN-BAPTISTE,"1,2-Dichlorobenzene",1992-11-14T00:00,0.000,µg/m³,VOC,
50103,MONTRÉAL-SAINT-JEAN-BAPTISTE,"1,2-Dichlorobenzene",1992-11-20T00:00,0.000,µg/m³,VOC,
50103,MONTRÉAL-SAINT-JEAN-BAPTISTE,"1,2-Dichlorobenzene",1992-11-26T00:00,0.000,µg/m³,VOC,
50103,MONTRÉAL-SAINT-JEAN-BAPTISTE,"1,2-Dichlorobenzene",1992-12-20T00:00,0.000,µg/m³,VOC,
50103,MONTRÉAL-SAINT-JEAN-BAPTISTE,"1,2-Dichlorobenzene",1992-12-26T00:00,0.000,µg/m³,VOC,
