﻿NAPS_Site_ID,Station_Name,Pollutant,Date,Value,Units,Report_Type,Method
100110,KENSINGTON PARK,"2,3-Dimethylpentane",1992-01-07T00:00,2.187,µg/m³,VOC,
100110,KENSINGTON PARK,"2,3-Dimethylpentane",1992-02-12T00:00,1.015,µg/m³,VOC,
100110,KENSINGTON PARK,"2,3-Dimethylpentane",1992-03-13T00:00,2.735,µg/m³,VOC,
100110,KENSINGTON PARK,"2,3-Dimethylpentane",1992-04-18T00:00,0.996,µg/m³,VOC,
100110,KENSINGTON PARK,"2,3-Dimethylpentane",1992-05-24T00:00,2.666,µg/m³,VOC,
100110,KENSINGTON PARK,"2,3-Dimethylpentane",1992-06-23T00:00,1.325,µg/m³,VOC,
100110,KENSINGTON PARK,"2,3-Dimethylpentane",1992-07-29T00:00,1.114,µg/m³,VOC,
100110,KENSINGTON PARK,"2,3-Dimethylpentane",1992-09-09T00:00,1.068,µg/m³,VOC,
100110,KENSINGTON PARK,"2,3-Dimethylpentane",1992-09-10T00:00,1.827,µg/m³,VOC,
100110,KENSINGTON PARK,"2,3-Dimethylpentane",1992-09-11T00:00,0.180,µg/m³,VOC,
