﻿NAPS_Site_ID,Station_Name,Pollutant,Date,Value,Units,Report_Type,Method
90227,CALGARY CENTRAL,"1,4-Diethylbenzene",1997-01-04T00:00,0.740,µg/m³,VOC,
90227,CALGARY CENTRAL,"1,4-Diethylbenzene",1997-01-10T00:00,0.460,µg/m³,VOC,
90227,CALGARY CENTRAL,"1,4-Diethylbenzene",1997-01-16T00:00,1.220,µg/m³,VOC,
90227,CALGARY CENTRAL,"1,4-Diethylbenzene",1997-01-22T00:00,0.460,µg/m³,VOC,
90227,CALGARY CENTRAL,"1,4-Diethylbenzene",1997-01-28T00:00,1.340,µg/m³,VOC,
90227,CALGARY CENTRAL,"1,4-Diethylbenzene",1997-02-03T00:00,0.540,µg/m³,VOC,
90227,CALGARY CENTRAL,"1,4-Diethylbenzene",1997-02-09T00:00,0.120,µg/m³,VOC,
90227,CALGARY CENTRAL,"1,4-Diethylbenzene",1997-02-15T00:00,0.420,µg/m³,VOC,
90227,CALGARY CENTRAL,"1,4-Diethylbenzene",1997-02-21T00:00,0.540,µg/m³,VOC,
90227,CALGARY CENTRAL,"1,4-Diethylbenzene",1997-02-27T00:00,0.160,µg/m³,VOC,
90227,CALGARY CENTRAL,"1,4-Diethylbenzene",1997-03-05T00:00,0.460,µg/m³,VOC,
90227,CALGARY CENTRAL,"1,4-Diethylbenzene",1997-03-11T00:00,0.220,µg/m³,VOC,
90227,CALGARY CENTRAL,"1,4-Diethylbenzene",1997-03-17T00:00,1.620,µg/m³,VOC,
90227,CALGARY CENTRAL,"1,4-Diethylbenzene",1997-03-23T00:00,0.320,µg/m³,VOC,
90227,CALGARY CENTRAL,"1,4-Diethylbenzene",1997-03-29T00:00,0.400,µg/m³,VOC,
90227,CALGARY CENTRAL,"1,4-Diethylbenzene",1997-04-04T00:00,0.480,µg/m³,VOC,
90227,CALGARY CENTRAL,"1,4-Diethylbenzene",1997-04-10T00:00,0.080,µg/m³,VOC,
90227,CALGARY CENTRAL,"1,4-Diethylbenzene",1997-04-16T00:00,0.160,µg/m³,VOC,
90227,CALGARY CENTRAL,"1,4-Diethylbenzene",1997-04-22T00:00,0.160,µg/m³,VOC,
90227,CALGARY CENTRAL,"1,4-Diethylbenzene",1997-04-28T00:00,0.160,µg/m³,VOC,
90227,CALGARY CENTRAL,"1,4-Diethylbenzene",1997-05-04T00:00,0.100,µg/m³,VOC,
90227,CALGARY CENTRAL,"1,4-Diethylbenzene",1997-05-10T00:00,0.240,µg/m³,VOC,
90227,CALGARY CENTRAL,"1,4-Diethylbenzene",1997-05-16T00:00,0.120,µg/m³,VOC,
90227,CALGARY CENTRAL,"1,4-Diethylbenzene",1997-05-22T00:00,0.240,µg/m³,VOC,
90227,CALGARY CENTRAL,"1,4-Diethylbenzene",1997-05-28T00:00,0.324,µg/m³,VOC,
90227,CALGARY CENTRAL,"1,4-Diethylbenzene",1997-06-03T00:00,0.218,µg/m³,VOC,
90227,CALGARY CENTRAL,"1,4-Diethylbenzene",1997-06-09T00:00,0.211,µg/m³,VOC,
90227,CALGARY CENTRAL,"1,4-Diethylbenzene",1997-06-15T00:00,0.192,µg/m³,VOC,
90227,CALGARY CENTRAL,"1,4-Diethylbenzene",1997-06-21T00:00,0.142,µg/m³,VOC,
90227,CALGARY CENTRAL,"1,4-Diethylbenzene",1997-06-27T00:00,0.185,µg/m³,VOC,
90227,CALGARY CENTRAL,"1,4-Diethylbenzene",1997-07-03T00:00,0.252,µg/m³,VOC,
90227,CALGARY CENTRAL,"1,4-Diethylbenzene",1997-07-09T00:00,0.338,µg/m³,VOC,
90227,CALGARY CENTRAL,"1,4-Diethylbenzene",1997-07-15T00:00,0.337,µg/m³,VOC,
90227,CALGARY CENTRAL,"1,4-Diethylbenzene",1997-07-21T00:00,0.265,µg/m³,VOC,
90227,CALGARY CENTRAL,"1,4-Diethylbenzene",1997-07-27T00:00,0.235,µg/m³,VOC,
90227,CALGARY CENTRAL,"1,4-Diethylbenzene",1997-08-02T00:00,1.629,µg/m³,VOC,
90227,CALGARY CENTRAL,"1,4-Diethylbenzene",1997-08-08T00:00,0.218,µg/m³,VOC,
90227,CALGARY CENTRAL,"1,4-Diethylbenzene",1997-10-31T00:00,0.291,µg/m³,VOC,
90227,CALGARY CENTRAL,"1,4-Diethylbenzene",1997-11-06T00:00,0.319,µg/m³,VOC,
90227,CALGARY CENTRAL,"1,4-Diethylbenzene",1997-11-12T00:00,0.404,µg/m³,VOC,
90227,CALGARY CENTRAL,"1,4-Diethylbenzene",1997-11-24T00:00,0.189,µg/m³,VOC,
90227,CALGARY CENTRAL,"1,4-Diethylbenzene",1997-11-30T00:00,0.249,µg/m³,VOC,
90227,CALGARY CENTRAL,"1,4-Diethylbenzene",1997-12-06T00:00,1.651,µg/m³,VOC,
90227,CALGARY CENTRAL,"1,4-Diethylbenzene",1997-12-12T00:00,0.180,µg/m³,VOC,
90227,CALGARY CENTRAL,"1,4-Diethylbenzene",1997-12-18T00:00,0.320,µg/m³,VOC,
90227,CALGARY CENTRAL,"1,4-Diethylbenzene",1997-12-24T00:00,0.220,µg/m³,VOC,
90227,CALGARY CENTRAL,"1,4-Diethylbenzene",1997-12-30T00:00,1.200,µg/m³,VOC,
