﻿NAPS_Site_ID,Station_Name,Pollutant,Date,Value,Units,Report_Type,Method
100134,VANCOUVER INTL. AIRPORT,"1,2,3-Trimethylbenzene",2012-01-22T00:00,0.012,µg/m³,VOC,GC-MS
100134,VANCOUVER INTL. AIRPORT,"1,2,3-Trimethylbenzene",2012-02-03T00:00,0.278,µg/m³,VOC,GC-MS
100134,VANCOUVER INTL. AIRPORT,"1,2,3-Trimethylbenzene",2012-02-15T00:00,0.059,µg/m³,VOC,GC-MS
100134,VANCOUVER INTL. AIRPORT,"1,2,3-Trimethylbenzene",2012-02-27T00:00,0.076,µg/m³,VOC,GC-MS
100134,VANCOUVER INTL. AIRPORT,"1,2,3-Trimethylbenzene",2012-03-10T00:00,0.030,µg/m³,VOC,GC-MS
100134,VANCOUVER INTL. AIRPORT,"1,2,3-Trimethylbenzene",2012-03-22T00:00,0.043,µg/m³,VOC,GC-MS
100134,VANCOUVER INTL. AIRPORT,"1,2,3-Trimethylbenzene",2012-04-03T00:00,0.029,µg/m³,VOC,GC-MS
100134,VANCOUVER INTL. AIRPORT,"1,2,3-Trimethylbenzene",2012-04-15T00:00,0.020,µg/m³,VOC,GC-MS
100134,VANCOUVER INTL. AIRPORT,"1,2,3-Trimethylbenzene",2012-05-09T00:00,0.061,µg/m³,VOC,GC-MS
100134,VANCOUVER INTL. AIRPORT,"1,2,3-Trimethylbenzene",2012-05-21T00:00,0.021,µg/m³,VOC,GC-MS
100134,VANCOUVER INTL. AIRPORT,"1,2,3-Trimethylbenzene",2012-06-02T00:00,0.014,µg/m³,VOC,GC-MS
100134,VANCOUVER INTL. AIRPORT,"1,2,3-Trimethylbenzene",2012-06-14T00:00,0.037,µg/m³,VOC,GC-MS
100134,VANCOUVER INTL. AIRPORT,"1,2,3-Trimethylbenzene",2012-06-26T00:00,0.038,µg/m³,VOC,GC-MS
100134,VANCOUVER INTL. AIRPORT,"1,2,3-Trimethylbenzene",2012-07-08T00:00,0.030,µg/m³,VOC,GC-MS
100134,VANCOUVER INTL. AIRPORT,"1,2,3-Trimethylbenzene",2012-08-01T00:00,0.032,µg/m³,VOC,GC-MS
100134,VANCOUVER INTL. AIRPORT,"1,2,3-Trimethylbenzene",2012-08-13T00:00,0.040,µg/m³,VOC,GC-MS
100134,VANCOUVER INTL. AIRPORT,"1,2,3-Trimethylbenzene",2012-08-25T00:00,0.077,µg/m³,VOC,GC-MS
100134,VANCOUVER INTL. AIRPORT,"1,2,3-Trimethylbenzene",2012-09-06T00:00,0.068,µg/m³,VOC,GC-MS
100134,VANCOUVER INTL. AIRPORT,"1,2,3-Trimethylbenzene",2012-09-18T00:00,0.206,µg/m³,VOC,GC-MS
100134,VANCOUVER INTL. AIRPORT,"1,2,3-Trimethylbenzene",2012-09-30T00:00,0.084,µg/m³,VOC,GC-MS
100134,VANCOUVER INTL. AIRPORT,"1,2,3-Trimethylbenzene",2012-10-12T00:00,0.051,µg/m³,VOC,GC-MS
100134,VANCOUVER INTL. AIRPORT,"1,2,3-Trimethylbenzene",2012-10-24T00:00,0.056,µg/m³,VOC,GC-MS
100134,VANCOUVER INTL. AIRPORT,"1,2,3-Trimethylbenzene",2012-11-05T00:00,0.101,µg/m³,VOC,GC-MS
100134,VANCOUVER INTL. AIRPORT,"1,2,3-Trimethylbenzene",2012-11-17T00:00,0.020,µg/m³,VOC,GC-MS
100134,VANCOUVER INTL. AIRPORT,"1,2,3-Trimethylbenzene",2012-11-29T00:00,0.043,µg/m³,VOC,GC-MS
100134,VANCOUVER INTL. AIRPORT,"1,2,3-Trimethylbenzene",2012-12-11T00:00,0.051,µg/m³,VOC,GC-MS
100134,VANCOUVER INTL. AIRPORT,"1,2,3-Trimethylbenzene",2012-12-23T00:00,0.029,µg/m³,VOC,GC-MS
