﻿NAPS_Site_ID,Station_Name,Pollutant,Date,Value,Units,Report_Type,Method
90121,EDMONTON EAST,Naphthalene,2003-01-03T00:00,0.689,µg/m³,VOC,N/A
90121,EDMONTON EAST,Naphthalene,2003-01-15T00:00,0.384,µg/m³,VOC,N/A
90121,EDMONTON EAST,Naphthalene,2003-01-21T00:00,0.223,µg/m³,VOC,N/A
90121,EDMONTON EAST,Naphthalene,2003-01-27T00:00,0.055,µg/m³,VOC,N/A
90121,EDMONTON EAST,Naphthalene,2003-02-02T00:00,0.081,µg/m³,VOC,N/A
90121,EDMONTON EAST,Naphthalene,2003-02-08T00:00,0.045,µg/m³,VOC,N/A
90121,EDMONTON EAST,Naphthalene,2003-02-14T00:00,0.045,µg/m³,VOC,N/A
90121,EDMONTON EAST,Naphthalene,2003-02-20T00:00,0.025,µg/m³,VOC,N/A
90121,EDMONTON EAST,Naphthalene,2003-02-26T00:00,0.074,µg/m³,VOC,N/A
90121,EDMONTON EAST,Naphthalene,2003-03-04T00:00,0.064,µg/m³,VOC,N/A
90121,EDMONTON EAST,Naphthalene,2003-03-10T00:00,0.017,µg/m³,VOC,N/A
90121,EDMONTON EAST,Naphthalene,2003-03-16T00:00,0.052,µg/m³,VOC,N/A
90121,EDMONTON EAST,Naphthalene,2003-03-22T00:00,0.179,µg/m³,VOC,N/A
90121,EDMONTON EAST,Naphthalene,2003-03-28T00:00,0.054,µg/m³,VOC,N/A
90121,EDMONTON EAST,Naphthalene,2003-04-03T00:00,0.033,µg/m³,VOC,N/A
90121,EDMONTON EAST,Naphthalene,2003-04-09T00:00,0.113,µg/m³,VOC,N/A
90121,EDMONTON EAST,Naphthalene,2003-04-15T00:00,0.144,µg/m³,VOC,N/A
90121,EDMONTON EAST,Naphthalene,2003-04-21T00:00,0.134,µg/m³,VOC,N/A
90121,EDMONTON EAST,Naphthalene,2003-04-27T00:00,0.054,µg/m³,VOC,N/A
90121,EDMONTON EAST,Naphthalene,2003-05-03T00:00,0.028,µg/m³,VOC,N/A
90121,EDMONTON EAST,Naphthalene,2003-05-09T00:00,0.083,µg/m³,VOC,N/A
90121,EDMONTON EAST,Naphthalene,2003-05-15T00:00,0.083,µg/m³,VOC,N/A
90121,EDMONTON EAST,Naphthalene,2003-05-21T00:00,0.129,µg/m³,VOC,N/A
90121,EDMONTON EAST,Naphthalene,2003-05-27T00:00,0.183,µg/m³,VOC,N/A
90121,EDMONTON EAST,Naphthalene,2003-06-02T00:00,0.107,µg/m³,VOC,N/A
90121,EDMONTON EAST,Naphthalene,2003-06-08T00:00,0.116,µg/m³,VOC,N/A
90121,EDMONTON EAST,Naphthalene,2003-06-14T00:00,0.079,µg/m³,VOC,N/A
90121,EDMONTON EAST,Naphthalene,2003-06-20T00:00,0.162,µg/m³,VOC,N/A
90121,EDMONTON EAST,Naphthalene,2003-06-26T00:00,0.111,µg/m³,VOC,N/A
90121,EDMONTON EAST,Naphthalene,2003-07-02T00:00,0.069,µg/m³,VOC,N/A
90121,EDMONTON EAST,Naphthalene,2003-07-08T00:00,0.082,µg/m³,VOC,N/A
90121,EDMONTON EAST,Naphthalene,2003-07-14T00:00,0.152,µg/m³,VOC,N/A
90121,EDMONTON EAST,Naphthalene,2003-07-20T00:00,0.141,µg/m³,VOC,N/A
90121,EDMONTON EAST,Naphthalene,2003-07-26T00:00,0.192,µg/m³,VOC,N/A
90121,EDMONTON EAST,Naphthalene,2003-08-07T00:00,0.143,µg/m³,VOC,N/A
90121,EDMONTON EAST,Naphthalene,2003-08-13T00:00,0.346,µg/m³,VOC,N/A
90121,EDMONTON EAST,Naphthalene,2003-08-19T00:00,0.306,µg/m³,VOC,N/A
90121,EDMONTON EAST,Naphthalene,2003-08-25T00:00,0.231,µg/m³,VOC,N/A
90121,EDMONTON EAST,Naphthalene,2003-08-31T00:00,0.094,µg/m³,VOC,N/A
90121,EDMONTON EAST,Naphthalene,2003-09-18T00:00,0.048,µg/m³,VOC,N/A
90121,EDMONTON EAST,Naphthalene,2003-09-24T00:00,0.114,µg/m³,VOC,N/A
90121,EDMONTON EAST,Naphthalene,2003-09-30T00:00,0.136,µg/m³,VOC,N/A
90121,EDMONTON EAST,Naphthalene,2003-10-06T00:00,0.418,µg/m³,VOC,N/A
90121,EDMONTON EAST,Naphthalene,2003-10-12T00:00,0.194,µg/m³,VOC,N/A
90121,EDMONTON EAST,Naphthalene,2003-10-18T00:00,0.248,µg/m³,VOC,N/A
90121,EDMONTON EAST,Naphthalene,2003-10-24T00:00,0.069,µg/m³,VOC,N/A
90121,EDMONTON EAST,Naphthalene,2003-10-30T00:00,0.027,µg/m³,VOC,N/A
90121,EDMONTON EAST,Naphthalene,2003-11-05T00:00,0.174,µg/m³,VOC,N/A
90121,EDMONTON EAST,Naphthalene,2003-11-11T00:00,0.157,µg/m³,VOC,N/A
90121,EDMONTON EAST,Naphthalene,2003-11-23T00:00,0.039,µg/m³,VOC,N/A
90121,EDMONTON EAST,Naphthalene,2003-11-29T00:00,0.101,µg/m³,VOC,N/A
90121,EDMONTON EAST,Naphthalene,2003-12-05T00:00,0.049,µg/m³,VOC,N/A
90121,EDMONTON EAST,Naphthalene,2003-12-11T00:00,0.090,µg/m³,VOC,N/A
90121,EDMONTON EAST,Naphthalene,2003-12-17T00:00,0.051,µg/m³,VOC,N/A
90121,EDMONTON EAST,Naphthalene,2003-12-23T00:00,0.072,µg/m³,VOC,N/A
90121,EDMONTON EAST,Naphthalene,2003-12-30T00:00,0.067,µg/m³,VOC,N/A
