﻿NAPS_Site_ID,Station_Name,Pollutant,Date,Value,Units,Report_Type,Method
60512,BEASLEY PARK _HAMILTON_DOWNTOWN_,Acetylene,1992-01-01T00:00,8.319,µg/m³,VOC,
60512,BEASLEY PARK _HAMILTON_DOWNTOWN_,Acetylene,1992-01-19T00:00,2.929,µg/m³,VOC,
60512,BEASLEY PARK _HAMILTON_DOWNTOWN_,Acetylene,1992-01-25T00:00,3.660,µg/m³,VOC,
60512,BEASLEY PARK _HAMILTON_DOWNTOWN_,Acetylene,1992-02-06T00:00,6.786,µg/m³,VOC,
60512,BEASLEY PARK _HAMILTON_DOWNTOWN_,Acetylene,1992-02-18T00:00,5.332,µg/m³,VOC,
60512,BEASLEY PARK _HAMILTON_DOWNTOWN_,Acetylene,1992-02-24T00:00,2.269,µg/m³,VOC,
60512,BEASLEY PARK _HAMILTON_DOWNTOWN_,Acetylene,1992-03-01T00:00,2.404,µg/m³,VOC,
60512,BEASLEY PARK _HAMILTON_DOWNTOWN_,Acetylene,1992-03-07T00:00,5.423,µg/m³,VOC,
60512,BEASLEY PARK _HAMILTON_DOWNTOWN_,Acetylene,1992-03-13T00:00,1.584,µg/m³,VOC,
60512,BEASLEY PARK _HAMILTON_DOWNTOWN_,Acetylene,1992-03-19T00:00,1.508,µg/m³,VOC,
60512,BEASLEY PARK _HAMILTON_DOWNTOWN_,Acetylene,1992-03-25T00:00,3.487,µg/m³,VOC,
60512,BEASLEY PARK _HAMILTON_DOWNTOWN_,Acetylene,1992-03-31T00:00,1.284,µg/m³,VOC,
60512,BEASLEY PARK _HAMILTON_DOWNTOWN_,Acetylene,1992-04-06T00:00,1.576,µg/m³,VOC,
60512,BEASLEY PARK _HAMILTON_DOWNTOWN_,Acetylene,1992-04-12T00:00,0.778,µg/m³,VOC,
60512,BEASLEY PARK _HAMILTON_DOWNTOWN_,Acetylene,1992-04-18T00:00,4.290,µg/m³,VOC,
60512,BEASLEY PARK _HAMILTON_DOWNTOWN_,Acetylene,1992-04-24T00:00,6.707,µg/m³,VOC,
60512,BEASLEY PARK _HAMILTON_DOWNTOWN_,Acetylene,1992-04-30T00:00,4.808,µg/m³,VOC,
60512,BEASLEY PARK _HAMILTON_DOWNTOWN_,Acetylene,1992-05-06T00:00,4.994,µg/m³,VOC,
60512,BEASLEY PARK _HAMILTON_DOWNTOWN_,Acetylene,1992-05-12T00:00,5.654,µg/m³,VOC,
60512,BEASLEY PARK _HAMILTON_DOWNTOWN_,Acetylene,1992-05-18T00:00,1.713,µg/m³,VOC,
60512,BEASLEY PARK _HAMILTON_DOWNTOWN_,Acetylene,1992-05-24T00:00,0.801,µg/m³,VOC,
60512,BEASLEY PARK _HAMILTON_DOWNTOWN_,Acetylene,1992-05-30T00:00,3.149,µg/m³,VOC,
60512,BEASLEY PARK _HAMILTON_DOWNTOWN_,Acetylene,1992-06-05T00:00,3.447,µg/m³,VOC,
60512,BEASLEY PARK _HAMILTON_DOWNTOWN_,Acetylene,1992-06-11T00:00,2.305,µg/m³,VOC,
60512,BEASLEY PARK _HAMILTON_DOWNTOWN_,Acetylene,1992-06-17T00:00,0.728,µg/m³,VOC,
60512,BEASLEY PARK _HAMILTON_DOWNTOWN_,Acetylene,1992-07-05T00:00,1.348,µg/m³,VOC,
60512,BEASLEY PARK _HAMILTON_DOWNTOWN_,Acetylene,1992-07-11T00:00,1.833,µg/m³,VOC,
60512,BEASLEY PARK _HAMILTON_DOWNTOWN_,Acetylene,1992-07-23T00:00,1.886,µg/m³,VOC,
60512,BEASLEY PARK _HAMILTON_DOWNTOWN_,Acetylene,1992-07-29T00:00,1.478,µg/m³,VOC,
60512,BEASLEY PARK _HAMILTON_DOWNTOWN_,Acetylene,1992-08-04T00:00,1.623,µg/m³,VOC,
60512,BEASLEY PARK _HAMILTON_DOWNTOWN_,Acetylene,1992-08-10T00:00,1.859,µg/m³,VOC,
60512,BEASLEY PARK _HAMILTON_DOWNTOWN_,Acetylene,1992-08-16T00:00,1.982,µg/m³,VOC,
60512,BEASLEY PARK _HAMILTON_DOWNTOWN_,Acetylene,1992-08-22T00:00,2.284,µg/m³,VOC,
60512,BEASLEY PARK _HAMILTON_DOWNTOWN_,Acetylene,1992-08-28T00:00,3.132,µg/m³,VOC,
60512,BEASLEY PARK _HAMILTON_DOWNTOWN_,Acetylene,1992-09-03T00:00,3.225,µg/m³,VOC,
60512,BEASLEY PARK _HAMILTON_DOWNTOWN_,Acetylene,1992-09-09T00:00,4.292,µg/m³,VOC,
60512,BEASLEY PARK _HAMILTON_DOWNTOWN_,Acetylene,1992-09-21T00:00,3.040,µg/m³,VOC,
60512,BEASLEY PARK _HAMILTON_DOWNTOWN_,Acetylene,1992-09-27T00:00,1.651,µg/m³,VOC,
60512,BEASLEY PARK _HAMILTON_DOWNTOWN_,Acetylene,1992-10-03T00:00,1.512,µg/m³,VOC,
60512,BEASLEY PARK _HAMILTON_DOWNTOWN_,Acetylene,1992-10-09T00:00,2.416,µg/m³,VOC,
60512,BEASLEY PARK _HAMILTON_DOWNTOWN_,Acetylene,1992-10-15T00:00,2.842,µg/m³,VOC,
60512,BEASLEY PARK _HAMILTON_DOWNTOWN_,Acetylene,1992-10-21T00:00,3.585,µg/m³,VOC,
60512,BEASLEY PARK _HAMILTON_DOWNTOWN_,Acetylene,1992-10-27T00:00,3.954,µg/m³,VOC,
60512,BEASLEY PARK _HAMILTON_DOWNTOWN_,Acetylene,1992-11-02T00:00,3.234,µg/m³,VOC,
60512,BEASLEY PARK _HAMILTON_DOWNTOWN_,Acetylene,1992-11-08T00:00,4.488,µg/m³,VOC,
60512,BEASLEY PARK _HAMILTON_DOWNTOWN_,Acetylene,1992-11-20T00:00,5.932,µg/m³,VOC,
60512,BEASLEY PARK _HAMILTON_DOWNTOWN_,Acetylene,1992-11-26T00:00,2.732,µg/m³,VOC,
60512,BEASLEY PARK _HAMILTON_DOWNTOWN_,Acetylene,1992-12-02T00:00,2.694,µg/m³,VOC,
60512,BEASLEY PARK _HAMILTON_DOWNTOWN_,Acetylene,1992-12-08T00:00,2.456,µg/m³,VOC,
60512,BEASLEY PARK _HAMILTON_DOWNTOWN_,Acetylene,1992-12-14T00:00,4.515,µg/m³,VOC,
60512,BEASLEY PARK _HAMILTON_DOWNTOWN_,Acetylene,1992-12-20T00:00,3.020,µg/m³,VOC,
60512,BEASLEY PARK _HAMILTON_DOWNTOWN_,Acetylene,1992-12-26T00:00,1.271,µg/m³,VOC,
