﻿NAPS_Site_ID,Station_Name,Pollutant,Date,Value,Units,Report_Type,Method
100112,DOWNTOWN VANCOUVER,B-Pinene,2005-01-28T00:00,0.219,µg/m³,VOC,GC-MS
100112,DOWNTOWN VANCOUVER,B-Pinene,2005-02-15T00:00,0.227,µg/m³,VOC,GC-MS
100112,DOWNTOWN VANCOUVER,B-Pinene,2005-03-05T00:00,0.040,µg/m³,VOC,GC-MS
100112,DOWNTOWN VANCOUVER,B-Pinene,2005-03-23T00:00,0.077,µg/m³,VOC,GC-MS
100112,DOWNTOWN VANCOUVER,B-Pinene,2005-04-16T00:00,0.054,µg/m³,VOC,GC-MS
100112,DOWNTOWN VANCOUVER,B-Pinene,2005-05-04T00:00,0.330,µg/m³,VOC,GC-MS
100112,DOWNTOWN VANCOUVER,B-Pinene,2005-05-22T00:00,0.053,µg/m³,VOC,GC-MS
100112,DOWNTOWN VANCOUVER,B-Pinene,2005-06-09T00:00,0.168,µg/m³,VOC,GC-MS
100112,DOWNTOWN VANCOUVER,B-Pinene,2005-06-27T00:00,0.056,µg/m³,VOC,GC-MS
100112,DOWNTOWN VANCOUVER,B-Pinene,2005-08-02T00:00,0.146,µg/m³,VOC,GC-MS
100112,DOWNTOWN VANCOUVER,B-Pinene,2005-08-20T00:00,0.231,µg/m³,VOC,GC-MS
100112,DOWNTOWN VANCOUVER,B-Pinene,2005-09-25T00:00,0.604,µg/m³,VOC,GC-MS
100112,DOWNTOWN VANCOUVER,B-Pinene,2005-10-13T00:00,0.085,µg/m³,VOC,GC-MS
100112,DOWNTOWN VANCOUVER,B-Pinene,2005-10-31T00:00,0.111,µg/m³,VOC,GC-MS
100112,DOWNTOWN VANCOUVER,B-Pinene,2005-11-18T00:00,0.685,µg/m³,VOC,GC-MS
100112,DOWNTOWN VANCOUVER,B-Pinene,2005-12-06T00:00,0.213,µg/m³,VOC,GC-MS
