﻿NAPS_Site_ID,Station_Name,Pollutant,Date,Value,Units,Report_Type,Method
60204,WINDSOR DOWNTOWN,TCDD,1989-04-22T00:00,0.005,pg/m³,PCDD,
60204,WINDSOR DOWNTOWN,TCDD,1989-05-16T00:00,1.471,pg/m³,PCDD,
60204,WINDSOR DOWNTOWN,TCDD,1989-06-09T00:00,0.064,pg/m³,PCDD,
60204,WINDSOR DOWNTOWN,TCDD,1989-07-03T00:00,0.040,pg/m³,PCDD,
60204,WINDSOR DOWNTOWN,TCDD,1989-07-27T00:00,0.196,pg/m³,PCDD,
60204,WINDSOR DOWNTOWN,TCDD,1989-08-20T00:00,0.179,pg/m³,PCDD,
60204,WINDSOR DOWNTOWN,TCDD,1989-09-13T00:00,0.433,pg/m³,PCDD,
60204,WINDSOR DOWNTOWN,TCDD,1989-10-07T00:00,0.242,pg/m³,PCDD,
60204,WINDSOR DOWNTOWN,TCDD,1989-10-31T00:00,0.781,pg/m³,PCDD,
60204,WINDSOR DOWNTOWN,TCDD,1989-11-24T00:00,0.000,pg/m³,PCDD,
60204,WINDSOR DOWNTOWN,TCDD,1989-12-18T00:00,1.190,pg/m³,PCDD,
