﻿NAPS_Site_ID,Station_Name,Pollutant,Date,Value,Units,Report_Type,Method
100132,MAHON PARK,3-Ethyltoluene,1996-01-28T00:00,0.279,µg/m³,VOC,N/A
100132,MAHON PARK,3-Ethyltoluene,1996-03-04T00:00,0.397,µg/m³,VOC,N/A
100132,MAHON PARK,3-Ethyltoluene,1996-04-09T00:00,0.458,µg/m³,VOC,N/A
100132,MAHON PARK,3-Ethyltoluene,1996-05-15T00:00,0.268,µg/m³,VOC,N/A
100132,MAHON PARK,3-Ethyltoluene,1996-06-20T00:00,0.425,µg/m³,VOC,N/A
100132,MAHON PARK,3-Ethyltoluene,1996-08-01T00:00,0.295,µg/m³,VOC,N/A
100132,MAHON PARK,3-Ethyltoluene,1996-09-12T00:00,0.435,µg/m³,VOC,N/A
100132,MAHON PARK,3-Ethyltoluene,1996-10-18T00:00,0.310,µg/m³,VOC,N/A
100132,MAHON PARK,3-Ethyltoluene,1996-11-23T00:00,0.707,µg/m³,VOC,N/A
