﻿NAPS_Site_ID,Station_Name,Pollutant,Date,Value,Units,Report_Type,Method
50129,MONTRÉAL-RIVIÈRE-DES-PRAIRIES,Crotonaldehyde,2015-01-05T19:00,0.060,µg/m³,CARB,
50129,MONTRÉAL-RIVIÈRE-DES-PRAIRIES,Crotonaldehyde,2015-01-11T19:00,0.044,µg/m³,CARB,
50129,MONTRÉAL-RIVIÈRE-DES-PRAIRIES,Crotonaldehyde,2015-01-17T19:00,0.055,µg/m³,CARB,
50129,MONTRÉAL-RIVIÈRE-DES-PRAIRIES,Crotonaldehyde,2015-01-29T19:00,0.025,µg/m³,CARB,
50129,MONTRÉAL-RIVIÈRE-DES-PRAIRIES,Crotonaldehyde,2015-02-04T19:00,0.018,µg/m³,CARB,
50129,MONTRÉAL-RIVIÈRE-DES-PRAIRIES,Crotonaldehyde,2015-02-10T19:00,0.021,µg/m³,CARB,
50129,MONTRÉAL-RIVIÈRE-DES-PRAIRIES,Crotonaldehyde,2015-02-16T19:00,0.050,µg/m³,CARB,
50129,MONTRÉAL-RIVIÈRE-DES-PRAIRIES,Crotonaldehyde,2015-02-22T19:00,0.000,µg/m³,CARB,
50129,MONTRÉAL-RIVIÈRE-DES-PRAIRIES,Crotonaldehyde,2015-02-28T19:00,0.019,µg/m³,CARB,
50129,MONTRÉAL-RIVIÈRE-DES-PRAIRIES,Crotonaldehyde,2015-03-06T19:00,0.018,µg/m³,CARB,
50129,MONTRÉAL-RIVIÈRE-DES-PRAIRIES,Crotonaldehyde,2015-03-12T20:00,0.023,µg/m³,CARB,
50129,MONTRÉAL-RIVIÈRE-DES-PRAIRIES,Crotonaldehyde,2015-03-18T20:00,0.009,µg/m³,CARB,
50129,MONTRÉAL-RIVIÈRE-DES-PRAIRIES,Crotonaldehyde,2015-03-24T20:00,0.009,µg/m³,CARB,
50129,MONTRÉAL-RIVIÈRE-DES-PRAIRIES,Crotonaldehyde,2015-03-30T20:00,0.010,µg/m³,CARB,
50129,MONTRÉAL-RIVIÈRE-DES-PRAIRIES,Crotonaldehyde,2015-04-05T20:00,0.018,µg/m³,CARB,
50129,MONTRÉAL-RIVIÈRE-DES-PRAIRIES,Crotonaldehyde,2015-04-11T20:00,0.009,µg/m³,CARB,
50129,MONTRÉAL-RIVIÈRE-DES-PRAIRIES,Crotonaldehyde,2015-04-17T20:00,0.008,µg/m³,CARB,
50129,MONTRÉAL-RIVIÈRE-DES-PRAIRIES,Crotonaldehyde,2015-04-23T20:00,0.028,µg/m³,CARB,
50129,MONTRÉAL-RIVIÈRE-DES-PRAIRIES,Crotonaldehyde,2015-04-29T20:00,0.044,µg/m³,CARB,
50129,MONTRÉAL-RIVIÈRE-DES-PRAIRIES,Crotonaldehyde,2015-05-05T20:00,0.000,µg/m³,CARB,
50129,MONTRÉAL-RIVIÈRE-DES-PRAIRIES,Crotonaldehyde,2015-05-11T20:00,0.018,µg/m³,CARB,
50129,MONTRÉAL-RIVIÈRE-DES-PRAIRIES,Crotonaldehyde,2015-05-23T20:00,0.059,µg/m³,CARB,
50129,MONTRÉAL-RIVIÈRE-DES-PRAIRIES,Crotonaldehyde,2015-05-29T20:00,0.198,µg/m³,CARB,
50129,MONTRÉAL-RIVIÈRE-DES-PRAIRIES,Crotonaldehyde,2015-06-04T20:00,0.118,µg/m³,CARB,
50129,MONTRÉAL-RIVIÈRE-DES-PRAIRIES,Crotonaldehyde,2015-06-10T20:00,0.097,µg/m³,CARB,
50129,MONTRÉAL-RIVIÈRE-DES-PRAIRIES,Crotonaldehyde,2015-06-16T20:00,0.074,µg/m³,CARB,
50129,MONTRÉAL-RIVIÈRE-DES-PRAIRIES,Crotonaldehyde,2015-06-22T20:00,0.173,µg/m³,CARB,
50129,MONTRÉAL-RIVIÈRE-DES-PRAIRIES,Crotonaldehyde,2015-06-28T20:00,0.070,µg/m³,CARB,
50129,MONTRÉAL-RIVIÈRE-DES-PRAIRIES,Crotonaldehyde,2015-07-04T20:00,0.472,µg/m³,CARB,
50129,MONTRÉAL-RIVIÈRE-DES-PRAIRIES,Crotonaldehyde,2015-07-10T20:00,0.531,µg/m³,CARB,
50129,MONTRÉAL-RIVIÈRE-DES-PRAIRIES,Crotonaldehyde,2015-07-16T20:00,0.148,µg/m³,CARB,
50129,MONTRÉAL-RIVIÈRE-DES-PRAIRIES,Crotonaldehyde,2015-07-28T20:00,0.499,µg/m³,CARB,
50129,MONTRÉAL-RIVIÈRE-DES-PRAIRIES,Crotonaldehyde,2015-08-03T20:00,0.262,µg/m³,CARB,
50129,MONTRÉAL-RIVIÈRE-DES-PRAIRIES,Crotonaldehyde,2015-08-09T20:00,0.165,µg/m³,CARB,
50129,MONTRÉAL-RIVIÈRE-DES-PRAIRIES,Crotonaldehyde,2015-08-15T20:00,0.214,µg/m³,CARB,
50129,MONTRÉAL-RIVIÈRE-DES-PRAIRIES,Crotonaldehyde,2015-08-21T20:00,0.165,µg/m³,CARB,
50129,MONTRÉAL-RIVIÈRE-DES-PRAIRIES,Crotonaldehyde,2015-08-27T20:00,0.058,µg/m³,CARB,
50129,MONTRÉAL-RIVIÈRE-DES-PRAIRIES,Crotonaldehyde,2015-09-02T20:00,0.179,µg/m³,CARB,
50129,MONTRÉAL-RIVIÈRE-DES-PRAIRIES,Crotonaldehyde,2015-09-08T20:00,0.114,µg/m³,CARB,
50129,MONTRÉAL-RIVIÈRE-DES-PRAIRIES,Crotonaldehyde,2015-10-08T20:00,0.016,µg/m³,CARB,
50129,MONTRÉAL-RIVIÈRE-DES-PRAIRIES,Crotonaldehyde,2015-10-14T20:00,0.020,µg/m³,CARB,
50129,MONTRÉAL-RIVIÈRE-DES-PRAIRIES,Crotonaldehyde,2015-10-20T20:00,0.022,µg/m³,CARB,
50129,MONTRÉAL-RIVIÈRE-DES-PRAIRIES,Crotonaldehyde,2015-10-26T20:00,0.076,µg/m³,CARB,
50129,MONTRÉAL-RIVIÈRE-DES-PRAIRIES,Crotonaldehyde,2015-11-01T19:00,0.034,µg/m³,CARB,
50129,MONTRÉAL-RIVIÈRE-DES-PRAIRIES,Crotonaldehyde,2015-11-07T19:00,0.008,µg/m³,CARB,
50129,MONTRÉAL-RIVIÈRE-DES-PRAIRIES,Crotonaldehyde,2015-11-13T19:00,0.006,µg/m³,CARB,
50129,MONTRÉAL-RIVIÈRE-DES-PRAIRIES,Crotonaldehyde,2015-11-19T19:00,0.003,µg/m³,CARB,
50129,MONTRÉAL-RIVIÈRE-DES-PRAIRIES,Crotonaldehyde,2015-11-25T19:00,0.011,µg/m³,CARB,
50129,MONTRÉAL-RIVIÈRE-DES-PRAIRIES,Crotonaldehyde,2015-12-01T19:00,0.044,µg/m³,CARB,
50129,MONTRÉAL-RIVIÈRE-DES-PRAIRIES,Crotonaldehyde,2015-12-07T19:00,0.024,µg/m³,CARB,
50129,MONTRÉAL-RIVIÈRE-DES-PRAIRIES,Crotonaldehyde,2015-12-13T19:00,0.018,µg/m³,CARB,
50129,MONTRÉAL-RIVIÈRE-DES-PRAIRIES,Crotonaldehyde,2015-12-19T19:00,0.045,µg/m³,CARB,
50129,MONTRÉAL-RIVIÈRE-DES-PRAIRIES,Crotonaldehyde,2015-12-25T19:00,0.050,µg/m³,CARB,
