﻿NAPS_Site_ID,Station_Name,Pollutant,Date,Value,Units,Report_Type,Method
105001,MEADOW PARK,Cesium,2009-12-02T19:00,0.000,µg/m³,PM2.5,N/A
105001,MEADOW PARK,Cesium,2009-12-05T19:00,0.000,µg/m³,PM2.5,N/A
105001,MEADOW PARK,Cesium,2009-12-08T19:00,0.002,µg/m³,PM2.5,N/A
105001,MEADOW PARK,Cesium,2009-12-11T19:00,0.004,µg/m³,PM2.5,N/A
105001,MEADOW PARK,Cesium,2009-12-14T19:00,0.000,µg/m³,PM2.5,N/A
105001,MEADOW PARK,Cesium,2009-12-17T19:00,0.002,µg/m³,PM2.5,N/A
105001,MEADOW PARK,Cesium,2009-12-20T19:00,0.000,µg/m³,PM2.5,N/A
105001,MEADOW PARK,Cesium,2009-12-23T19:00,0.012,µg/m³,PM2.5,N/A
105001,MEADOW PARK,Cesium,2009-12-26T19:00,0.008,µg/m³,PM2.5,N/A
105001,MEADOW PARK,Cesium,2009-12-29T19:00,0.005,µg/m³,PM2.5,N/A
