﻿NAPS_Site_ID,Station_Name,Pollutant,Date,Value,Units,Report_Type,Method
100112,DOWNTOWN VANCOUVER,"cis-1,2-Dimethylcyclohexane",2008-01-07T00:00,0.017,µg/m³,VOC,N/A
100112,DOWNTOWN VANCOUVER,"cis-1,2-Dimethylcyclohexane",2008-01-19T00:00,0.013,µg/m³,VOC,N/A
100112,DOWNTOWN VANCOUVER,"cis-1,2-Dimethylcyclohexane",2008-01-31T00:00,0.016,µg/m³,VOC,N/A
100112,DOWNTOWN VANCOUVER,"cis-1,2-Dimethylcyclohexane",2008-02-24T00:00,0.010,µg/m³,VOC,N/A
100112,DOWNTOWN VANCOUVER,"cis-1,2-Dimethylcyclohexane",2008-03-07T00:00,0.023,µg/m³,VOC,N/A
100112,DOWNTOWN VANCOUVER,"cis-1,2-Dimethylcyclohexane",2008-03-19T00:00,0.015,µg/m³,VOC,N/A
100112,DOWNTOWN VANCOUVER,"cis-1,2-Dimethylcyclohexane",2008-03-31T00:00,0.000,µg/m³,VOC,N/A
100112,DOWNTOWN VANCOUVER,"cis-1,2-Dimethylcyclohexane",2008-04-12T00:00,0.020,µg/m³,VOC,N/A
100112,DOWNTOWN VANCOUVER,"cis-1,2-Dimethylcyclohexane",2008-04-24T00:00,0.012,µg/m³,VOC,N/A
100112,DOWNTOWN VANCOUVER,"cis-1,2-Dimethylcyclohexane",2008-05-06T00:00,0.015,µg/m³,VOC,N/A
100112,DOWNTOWN VANCOUVER,"cis-1,2-Dimethylcyclohexane",2008-05-18T00:00,0.014,µg/m³,VOC,N/A
100112,DOWNTOWN VANCOUVER,"cis-1,2-Dimethylcyclohexane",2008-05-30T00:00,0.014,µg/m³,VOC,N/A
100112,DOWNTOWN VANCOUVER,"cis-1,2-Dimethylcyclohexane",2008-06-11T00:00,0.018,µg/m³,VOC,N/A
100112,DOWNTOWN VANCOUVER,"cis-1,2-Dimethylcyclohexane",2008-06-23T00:00,0.015,µg/m³,VOC,N/A
100112,DOWNTOWN VANCOUVER,"cis-1,2-Dimethylcyclohexane",2008-07-05T00:00,0.014,µg/m³,VOC,N/A
100112,DOWNTOWN VANCOUVER,"cis-1,2-Dimethylcyclohexane",2008-07-17T00:00,0.013,µg/m³,VOC,N/A
100112,DOWNTOWN VANCOUVER,"cis-1,2-Dimethylcyclohexane",2008-07-29T00:00,0.020,µg/m³,VOC,N/A
100112,DOWNTOWN VANCOUVER,"cis-1,2-Dimethylcyclohexane",2008-08-10T00:00,0.000,µg/m³,VOC,N/A
100112,DOWNTOWN VANCOUVER,"cis-1,2-Dimethylcyclohexane",2008-08-22T00:00,0.016,µg/m³,VOC,N/A
100112,DOWNTOWN VANCOUVER,"cis-1,2-Dimethylcyclohexane",2008-09-03T00:00,0.016,µg/m³,VOC,N/A
100112,DOWNTOWN VANCOUVER,"cis-1,2-Dimethylcyclohexane",2008-09-15T00:00,0.026,µg/m³,VOC,N/A
100112,DOWNTOWN VANCOUVER,"cis-1,2-Dimethylcyclohexane",2008-09-27T00:00,0.013,µg/m³,VOC,N/A
100112,DOWNTOWN VANCOUVER,"cis-1,2-Dimethylcyclohexane",2008-10-09T00:00,0.017,µg/m³,VOC,N/A
100112,DOWNTOWN VANCOUVER,"cis-1,2-Dimethylcyclohexane",2008-10-21T00:00,0.016,µg/m³,VOC,N/A
100112,DOWNTOWN VANCOUVER,"cis-1,2-Dimethylcyclohexane",2008-11-02T00:00,0.013,µg/m³,VOC,N/A
100112,DOWNTOWN VANCOUVER,"cis-1,2-Dimethylcyclohexane",2008-11-14T00:00,0.018,µg/m³,VOC,N/A
100112,DOWNTOWN VANCOUVER,"cis-1,2-Dimethylcyclohexane",2008-11-26T00:00,0.026,µg/m³,VOC,N/A
100112,DOWNTOWN VANCOUVER,"cis-1,2-Dimethylcyclohexane",2008-12-20T00:00,0.016,µg/m³,VOC,N/A
