﻿NAPS_Site_ID,Station_Name,Pollutant,Date,Value,Units,Report_Type,Method
64401,EGBERT,Barium,1995-03-10T00:00,0.000,µg/m³,DICHOT,
64401,EGBERT,Barium,1995-03-10T00:00,0.000,µg/m³,DICHOT,
64401,EGBERT,Barium,1995-03-16T00:00,0.001,µg/m³,DICHOT,
64401,EGBERT,Barium,1995-03-16T00:00,0.003,µg/m³,DICHOT,
64401,EGBERT,Barium,1995-03-28T00:00,0.000,µg/m³,DICHOT,
64401,EGBERT,Barium,1995-03-28T00:00,0.001,µg/m³,DICHOT,
64401,EGBERT,Barium,1995-04-15T00:00,0.000,µg/m³,DICHOT,
64401,EGBERT,Barium,1995-04-15T00:00,0.002,µg/m³,DICHOT,
64401,EGBERT,Barium,1995-04-21T00:00,0.000,µg/m³,DICHOT,
64401,EGBERT,Barium,1995-04-21T00:00,0.000,µg/m³,DICHOT,
64401,EGBERT,Barium,1995-04-27T00:00,0.000,µg/m³,DICHOT,
64401,EGBERT,Barium,1995-04-27T00:00,0.000,µg/m³,DICHOT,
64401,EGBERT,Barium,1995-05-03T00:00,0.000,µg/m³,DICHOT,
64401,EGBERT,Barium,1995-05-03T00:00,0.002,µg/m³,DICHOT,
64401,EGBERT,Barium,1995-05-09T00:00,0.000,µg/m³,DICHOT,
64401,EGBERT,Barium,1995-05-09T00:00,0.001,µg/m³,DICHOT,
64401,EGBERT,Barium,1995-05-15T00:00,0.000,µg/m³,DICHOT,
64401,EGBERT,Barium,1995-05-15T00:00,0.000,µg/m³,DICHOT,
64401,EGBERT,Barium,1995-05-27T00:00,0.000,µg/m³,DICHOT,
64401,EGBERT,Barium,1995-05-27T00:00,0.001,µg/m³,DICHOT,
64401,EGBERT,Barium,1995-06-02T00:00,0.000,µg/m³,DICHOT,
64401,EGBERT,Barium,1995-06-02T00:00,0.000,µg/m³,DICHOT,
64401,EGBERT,Barium,1995-06-14T00:00,0.000,µg/m³,DICHOT,
64401,EGBERT,Barium,1995-06-14T00:00,0.003,µg/m³,DICHOT,
64401,EGBERT,Barium,1995-06-20T00:00,0.000,µg/m³,DICHOT,
64401,EGBERT,Barium,1995-06-20T00:00,0.000,µg/m³,DICHOT,
64401,EGBERT,Barium,1995-06-26T00:00,0.000,µg/m³,DICHOT,
64401,EGBERT,Barium,1995-06-26T00:00,0.000,µg/m³,DICHOT,
64401,EGBERT,Barium,1995-07-02T00:00,0.000,µg/m³,DICHOT,
64401,EGBERT,Barium,1995-07-02T00:00,0.000,µg/m³,DICHOT,
64401,EGBERT,Barium,1995-07-14T00:00,0.000,µg/m³,DICHOT,
64401,EGBERT,Barium,1995-07-14T00:00,0.000,µg/m³,DICHOT,
64401,EGBERT,Barium,1995-07-26T00:00,0.000,µg/m³,DICHOT,
64401,EGBERT,Barium,1995-07-26T00:00,0.000,µg/m³,DICHOT,
64401,EGBERT,Barium,1995-08-01T00:00,0.000,µg/m³,DICHOT,
64401,EGBERT,Barium,1995-08-01T00:00,0.000,µg/m³,DICHOT,
64401,EGBERT,Barium,1995-08-07T00:00,0.000,µg/m³,DICHOT,
64401,EGBERT,Barium,1995-08-07T00:00,0.000,µg/m³,DICHOT,
64401,EGBERT,Barium,1995-08-19T00:00,0.000,µg/m³,DICHOT,
64401,EGBERT,Barium,1995-08-19T00:00,0.000,µg/m³,DICHOT,
64401,EGBERT,Barium,1995-08-25T00:00,0.000,µg/m³,DICHOT,
64401,EGBERT,Barium,1995-08-25T00:00,0.002,µg/m³,DICHOT,
64401,EGBERT,Barium,1995-08-31T00:00,0.000,µg/m³,DICHOT,
64401,EGBERT,Barium,1995-08-31T00:00,0.000,µg/m³,DICHOT,
64401,EGBERT,Barium,1995-09-12T00:00,0.000,µg/m³,DICHOT,
64401,EGBERT,Barium,1995-09-12T00:00,0.003,µg/m³,DICHOT,
64401,EGBERT,Barium,1995-09-18T00:00,0.002,µg/m³,DICHOT,
64401,EGBERT,Barium,1995-09-18T00:00,0.004,µg/m³,DICHOT,
64401,EGBERT,Barium,1995-09-24T00:00,0.000,µg/m³,DICHOT,
64401,EGBERT,Barium,1995-09-24T00:00,0.004,µg/m³,DICHOT,
64401,EGBERT,Barium,1995-09-30T00:00,0.000,µg/m³,DICHOT,
64401,EGBERT,Barium,1995-09-30T00:00,0.002,µg/m³,DICHOT,
64401,EGBERT,Barium,1995-10-12T00:00,0.000,µg/m³,DICHOT,
64401,EGBERT,Barium,1995-10-12T00:00,0.000,µg/m³,DICHOT,
64401,EGBERT,Barium,1995-10-18T00:00,0.000,µg/m³,DICHOT,
64401,EGBERT,Barium,1995-10-18T00:00,0.001,µg/m³,DICHOT,
64401,EGBERT,Barium,1995-10-24T00:00,0.000,µg/m³,DICHOT,
64401,EGBERT,Barium,1995-10-24T00:00,0.000,µg/m³,DICHOT,
64401,EGBERT,Barium,1995-10-30T00:00,0.000,µg/m³,DICHOT,
64401,EGBERT,Barium,1995-10-30T00:00,0.000,µg/m³,DICHOT,
64401,EGBERT,Barium,1995-11-05T00:00,0.000,µg/m³,DICHOT,
64401,EGBERT,Barium,1995-11-05T00:00,0.000,µg/m³,DICHOT,
64401,EGBERT,Barium,1995-11-11T00:00,0.000,µg/m³,DICHOT,
64401,EGBERT,Barium,1995-11-11T00:00,0.002,µg/m³,DICHOT,
64401,EGBERT,Barium,1995-11-17T00:00,0.000,µg/m³,DICHOT,
64401,EGBERT,Barium,1995-11-17T00:00,0.004,µg/m³,DICHOT,
64401,EGBERT,Barium,1995-11-23T00:00,0.000,µg/m³,DICHOT,
64401,EGBERT,Barium,1995-11-23T00:00,0.002,µg/m³,DICHOT,
64401,EGBERT,Barium,1995-11-29T00:00,0.000,µg/m³,DICHOT,
64401,EGBERT,Barium,1995-11-29T00:00,0.000,µg/m³,DICHOT,
64401,EGBERT,Barium,1995-12-05T00:00,0.000,µg/m³,DICHOT,
64401,EGBERT,Barium,1995-12-05T00:00,0.001,µg/m³,DICHOT,
64401,EGBERT,Barium,1995-12-17T00:00,0.000,µg/m³,DICHOT,
64401,EGBERT,Barium,1995-12-17T00:00,0.002,µg/m³,DICHOT,
64401,EGBERT,Barium,1995-12-29T00:00,0.000,µg/m³,DICHOT,
64401,EGBERT,Barium,1995-12-29T00:00,0.002,µg/m³,DICHOT,
