﻿NAPS_Site_ID,Station_Name,Pollutant,Date,Value,Units,Report_Type,Method
50124,MONTRÉAL-CHATEAUNEUF-ANJOU,NH4+,2000-01-19T00:00,0.031,µg/m³,DICHOT,N/A
50124,MONTRÉAL-CHATEAUNEUF-ANJOU,NH4+,2000-01-19T00:00,1.215,µg/m³,DICHOT,N/A
50124,MONTRÉAL-CHATEAUNEUF-ANJOU,NH4+,2000-01-25T00:00,0.045,µg/m³,DICHOT,N/A
50124,MONTRÉAL-CHATEAUNEUF-ANJOU,NH4+,2000-01-25T00:00,1.953,µg/m³,DICHOT,N/A
50124,MONTRÉAL-CHATEAUNEUF-ANJOU,NH4+,2000-02-06T00:00,0.035,µg/m³,DICHOT,N/A
50124,MONTRÉAL-CHATEAUNEUF-ANJOU,NH4+,2000-02-06T00:00,0.175,µg/m³,DICHOT,N/A
50124,MONTRÉAL-CHATEAUNEUF-ANJOU,NH4+,2000-02-24T00:00,0.000,µg/m³,DICHOT,N/A
50124,MONTRÉAL-CHATEAUNEUF-ANJOU,NH4+,2000-02-24T00:00,4.286,µg/m³,DICHOT,N/A
50124,MONTRÉAL-CHATEAUNEUF-ANJOU,NH4+,2000-03-01T00:00,0.000,µg/m³,DICHOT,N/A
50124,MONTRÉAL-CHATEAUNEUF-ANJOU,NH4+,2000-03-01T00:00,1.816,µg/m³,DICHOT,N/A
50124,MONTRÉAL-CHATEAUNEUF-ANJOU,NH4+,2000-03-07T00:00,0.003,µg/m³,DICHOT,N/A
50124,MONTRÉAL-CHATEAUNEUF-ANJOU,NH4+,2000-03-07T00:00,0.468,µg/m³,DICHOT,N/A
50124,MONTRÉAL-CHATEAUNEUF-ANJOU,NH4+,2000-04-06T00:00,0.022,µg/m³,DICHOT,N/A
50124,MONTRÉAL-CHATEAUNEUF-ANJOU,NH4+,2000-04-06T00:00,0.550,µg/m³,DICHOT,N/A
50124,MONTRÉAL-CHATEAUNEUF-ANJOU,NH4+,2000-04-12T00:00,0.011,µg/m³,DICHOT,N/A
50124,MONTRÉAL-CHATEAUNEUF-ANJOU,NH4+,2000-04-12T00:00,0.148,µg/m³,DICHOT,N/A
50124,MONTRÉAL-CHATEAUNEUF-ANJOU,NH4+,2000-04-18T00:00,0.138,µg/m³,DICHOT,N/A
50124,MONTRÉAL-CHATEAUNEUF-ANJOU,NH4+,2000-04-18T00:00,1.263,µg/m³,DICHOT,N/A
50124,MONTRÉAL-CHATEAUNEUF-ANJOU,NH4+,2000-04-24T00:00,0.022,µg/m³,DICHOT,N/A
50124,MONTRÉAL-CHATEAUNEUF-ANJOU,NH4+,2000-04-24T00:00,0.260,µg/m³,DICHOT,N/A
50124,MONTRÉAL-CHATEAUNEUF-ANJOU,NH4+,2000-04-30T00:00,0.085,µg/m³,DICHOT,N/A
50124,MONTRÉAL-CHATEAUNEUF-ANJOU,NH4+,2000-04-30T00:00,0.128,µg/m³,DICHOT,N/A
50124,MONTRÉAL-CHATEAUNEUF-ANJOU,NH4+,2000-05-06T00:00,0.000,µg/m³,DICHOT,N/A
50124,MONTRÉAL-CHATEAUNEUF-ANJOU,NH4+,2000-05-06T00:00,0.873,µg/m³,DICHOT,N/A
50124,MONTRÉAL-CHATEAUNEUF-ANJOU,NH4+,2000-05-12T00:00,0.006,µg/m³,DICHOT,N/A
50124,MONTRÉAL-CHATEAUNEUF-ANJOU,NH4+,2000-05-12T00:00,0.467,µg/m³,DICHOT,N/A
50124,MONTRÉAL-CHATEAUNEUF-ANJOU,NH4+,2000-05-18T00:00,0.037,µg/m³,DICHOT,N/A
50124,MONTRÉAL-CHATEAUNEUF-ANJOU,NH4+,2000-05-18T00:00,0.647,µg/m³,DICHOT,N/A
50124,MONTRÉAL-CHATEAUNEUF-ANJOU,NH4+,2000-05-24T00:00,0.011,µg/m³,DICHOT,N/A
50124,MONTRÉAL-CHATEAUNEUF-ANJOU,NH4+,2000-05-24T00:00,0.497,µg/m³,DICHOT,N/A
50124,MONTRÉAL-CHATEAUNEUF-ANJOU,NH4+,2000-05-30T00:00,0.013,µg/m³,DICHOT,N/A
50124,MONTRÉAL-CHATEAUNEUF-ANJOU,NH4+,2000-05-30T00:00,0.319,µg/m³,DICHOT,N/A
50124,MONTRÉAL-CHATEAUNEUF-ANJOU,NH4+,2000-06-05T00:00,0.047,µg/m³,DICHOT,N/A
50124,MONTRÉAL-CHATEAUNEUF-ANJOU,NH4+,2000-06-05T00:00,0.793,µg/m³,DICHOT,N/A
50124,MONTRÉAL-CHATEAUNEUF-ANJOU,NH4+,2000-06-11T00:00,0.045,µg/m³,DICHOT,N/A
50124,MONTRÉAL-CHATEAUNEUF-ANJOU,NH4+,2000-06-11T00:00,0.670,µg/m³,DICHOT,N/A
50124,MONTRÉAL-CHATEAUNEUF-ANJOU,NH4+,2000-06-17T00:00,0.034,µg/m³,DICHOT,N/A
50124,MONTRÉAL-CHATEAUNEUF-ANJOU,NH4+,2000-06-17T00:00,0.753,µg/m³,DICHOT,N/A
50124,MONTRÉAL-CHATEAUNEUF-ANJOU,NH4+,2000-06-23T00:00,0.004,µg/m³,DICHOT,N/A
50124,MONTRÉAL-CHATEAUNEUF-ANJOU,NH4+,2000-06-23T00:00,0.158,µg/m³,DICHOT,N/A
50124,MONTRÉAL-CHATEAUNEUF-ANJOU,NH4+,2000-06-29T00:00,0.023,µg/m³,DICHOT,N/A
50124,MONTRÉAL-CHATEAUNEUF-ANJOU,NH4+,2000-06-29T00:00,0.468,µg/m³,DICHOT,N/A
50124,MONTRÉAL-CHATEAUNEUF-ANJOU,NH4+,2000-07-05T00:00,0.000,µg/m³,DICHOT,N/A
50124,MONTRÉAL-CHATEAUNEUF-ANJOU,NH4+,2000-07-05T00:00,0.028,µg/m³,DICHOT,N/A
50124,MONTRÉAL-CHATEAUNEUF-ANJOU,NH4+,2000-07-17T00:00,0.033,µg/m³,DICHOT,N/A
50124,MONTRÉAL-CHATEAUNEUF-ANJOU,NH4+,2000-07-17T00:00,0.782,µg/m³,DICHOT,N/A
50124,MONTRÉAL-CHATEAUNEUF-ANJOU,NH4+,2000-07-23T00:00,0.017,µg/m³,DICHOT,N/A
50124,MONTRÉAL-CHATEAUNEUF-ANJOU,NH4+,2000-07-23T00:00,0.213,µg/m³,DICHOT,N/A
50124,MONTRÉAL-CHATEAUNEUF-ANJOU,NH4+,2000-07-29T00:00,0.028,µg/m³,DICHOT,N/A
50124,MONTRÉAL-CHATEAUNEUF-ANJOU,NH4+,2000-07-29T00:00,0.695,µg/m³,DICHOT,N/A
50124,MONTRÉAL-CHATEAUNEUF-ANJOU,NH4+,2000-08-04T00:00,0.009,µg/m³,DICHOT,N/A
50124,MONTRÉAL-CHATEAUNEUF-ANJOU,NH4+,2000-08-04T00:00,0.092,µg/m³,DICHOT,N/A
50124,MONTRÉAL-CHATEAUNEUF-ANJOU,NH4+,2000-08-10T00:00,0.010,µg/m³,DICHOT,N/A
50124,MONTRÉAL-CHATEAUNEUF-ANJOU,NH4+,2000-08-10T00:00,0.219,µg/m³,DICHOT,N/A
50124,MONTRÉAL-CHATEAUNEUF-ANJOU,NH4+,2000-08-16T00:00,0.022,µg/m³,DICHOT,N/A
50124,MONTRÉAL-CHATEAUNEUF-ANJOU,NH4+,2000-08-16T00:00,0.494,µg/m³,DICHOT,N/A
50124,MONTRÉAL-CHATEAUNEUF-ANJOU,NH4+,2000-08-22T00:00,0.004,µg/m³,DICHOT,N/A
50124,MONTRÉAL-CHATEAUNEUF-ANJOU,NH4+,2000-08-22T00:00,0.205,µg/m³,DICHOT,N/A
50124,MONTRÉAL-CHATEAUNEUF-ANJOU,NH4+,2000-08-28T00:00,0.008,µg/m³,DICHOT,N/A
50124,MONTRÉAL-CHATEAUNEUF-ANJOU,NH4+,2000-08-28T00:00,0.219,µg/m³,DICHOT,N/A
50124,MONTRÉAL-CHATEAUNEUF-ANJOU,NH4+,2000-09-03T00:00,0.068,µg/m³,DICHOT,N/A
50124,MONTRÉAL-CHATEAUNEUF-ANJOU,NH4+,2000-09-03T00:00,0.396,µg/m³,DICHOT,N/A
50124,MONTRÉAL-CHATEAUNEUF-ANJOU,NH4+,2000-09-09T00:00,0.019,µg/m³,DICHOT,N/A
50124,MONTRÉAL-CHATEAUNEUF-ANJOU,NH4+,2000-09-09T00:00,0.486,µg/m³,DICHOT,N/A
50124,MONTRÉAL-CHATEAUNEUF-ANJOU,NH4+,2000-09-15T00:00,0.010,µg/m³,DICHOT,N/A
50124,MONTRÉAL-CHATEAUNEUF-ANJOU,NH4+,2000-09-15T00:00,0.283,µg/m³,DICHOT,N/A
50124,MONTRÉAL-CHATEAUNEUF-ANJOU,NH4+,2000-09-21T00:00,0.031,µg/m³,DICHOT,N/A
50124,MONTRÉAL-CHATEAUNEUF-ANJOU,NH4+,2000-09-21T00:00,0.663,µg/m³,DICHOT,N/A
50124,MONTRÉAL-CHATEAUNEUF-ANJOU,NH4+,2000-09-27T00:00,0.020,µg/m³,DICHOT,N/A
50124,MONTRÉAL-CHATEAUNEUF-ANJOU,NH4+,2000-09-27T00:00,0.398,µg/m³,DICHOT,N/A
50124,MONTRÉAL-CHATEAUNEUF-ANJOU,NH4+,2000-10-03T00:00,0.066,µg/m³,DICHOT,N/A
50124,MONTRÉAL-CHATEAUNEUF-ANJOU,NH4+,2000-10-03T00:00,1.319,µg/m³,DICHOT,N/A
50124,MONTRÉAL-CHATEAUNEUF-ANJOU,NH4+,2000-10-09T00:00,0.005,µg/m³,DICHOT,N/A
50124,MONTRÉAL-CHATEAUNEUF-ANJOU,NH4+,2000-10-09T00:00,0.175,µg/m³,DICHOT,N/A
50124,MONTRÉAL-CHATEAUNEUF-ANJOU,NH4+,2000-10-21T00:00,0.038,µg/m³,DICHOT,N/A
50124,MONTRÉAL-CHATEAUNEUF-ANJOU,NH4+,2000-10-21T00:00,0.837,µg/m³,DICHOT,N/A
50124,MONTRÉAL-CHATEAUNEUF-ANJOU,NH4+,2000-10-27T00:00,0.081,µg/m³,DICHOT,N/A
50124,MONTRÉAL-CHATEAUNEUF-ANJOU,NH4+,2000-10-27T00:00,2.660,µg/m³,DICHOT,N/A
50124,MONTRÉAL-CHATEAUNEUF-ANJOU,NH4+,2000-11-02T00:00,0.007,µg/m³,DICHOT,N/A
50124,MONTRÉAL-CHATEAUNEUF-ANJOU,NH4+,2000-11-02T00:00,0.322,µg/m³,DICHOT,N/A
50124,MONTRÉAL-CHATEAUNEUF-ANJOU,NH4+,2000-11-08T00:00,0.041,µg/m³,DICHOT,N/A
50124,MONTRÉAL-CHATEAUNEUF-ANJOU,NH4+,2000-11-08T00:00,0.583,µg/m³,DICHOT,N/A
50124,MONTRÉAL-CHATEAUNEUF-ANJOU,NH4+,2000-11-20T00:00,0.000,µg/m³,DICHOT,N/A
50124,MONTRÉAL-CHATEAUNEUF-ANJOU,NH4+,2000-11-20T00:00,1.830,µg/m³,DICHOT,N/A
50124,MONTRÉAL-CHATEAUNEUF-ANJOU,NH4+,2000-11-26T00:00,0.071,µg/m³,DICHOT,N/A
50124,MONTRÉAL-CHATEAUNEUF-ANJOU,NH4+,2000-11-26T00:00,2.104,µg/m³,DICHOT,N/A
50124,MONTRÉAL-CHATEAUNEUF-ANJOU,NH4+,2000-12-02T00:00,0.000,µg/m³,DICHOT,N/A
50124,MONTRÉAL-CHATEAUNEUF-ANJOU,NH4+,2000-12-02T00:00,0.078,µg/m³,DICHOT,N/A
50124,MONTRÉAL-CHATEAUNEUF-ANJOU,NH4+,2000-12-08T00:00,0.055,µg/m³,DICHOT,N/A
50124,MONTRÉAL-CHATEAUNEUF-ANJOU,NH4+,2000-12-08T00:00,1.186,µg/m³,DICHOT,N/A
50124,MONTRÉAL-CHATEAUNEUF-ANJOU,NH4+,2000-12-14T00:00,0.091,µg/m³,DICHOT,N/A
50124,MONTRÉAL-CHATEAUNEUF-ANJOU,NH4+,2000-12-14T00:00,0.434,µg/m³,DICHOT,N/A
50124,MONTRÉAL-CHATEAUNEUF-ANJOU,NH4+,2000-12-20T00:00,0.000,µg/m³,DICHOT,N/A
50124,MONTRÉAL-CHATEAUNEUF-ANJOU,NH4+,2000-12-20T00:00,0.156,µg/m³,DICHOT,N/A
