﻿NAPS_Site_ID,Station_Name,Pollutant,Date,Value,Units,Report_Type,Method
100127,SURREY EAST,"cis-1,4/t-1,3-Dimethylcyclohexane",1994-02-01T00:00,0.095,µg/m³,VOC,N/A
100127,SURREY EAST,"cis-1,4/t-1,3-Dimethylcyclohexane",1994-03-09T00:00,0.100,µg/m³,VOC,N/A
100127,SURREY EAST,"cis-1,4/t-1,3-Dimethylcyclohexane",1994-04-14T00:00,0.036,µg/m³,VOC,N/A
100127,SURREY EAST,"cis-1,4/t-1,3-Dimethylcyclohexane",1994-05-20T00:00,0.000,µg/m³,VOC,N/A
100127,SURREY EAST,"cis-1,4/t-1,3-Dimethylcyclohexane",1994-07-01T00:00,0.000,µg/m³,VOC,N/A
100127,SURREY EAST,"cis-1,4/t-1,3-Dimethylcyclohexane",1994-08-06T00:00,0.006,µg/m³,VOC,N/A
100127,SURREY EAST,"cis-1,4/t-1,3-Dimethylcyclohexane",1994-09-29T00:00,0.047,µg/m³,VOC,N/A
100127,SURREY EAST,"cis-1,4/t-1,3-Dimethylcyclohexane",1994-11-04T00:00,0.027,µg/m³,VOC,N/A
100127,SURREY EAST,"cis-1,4/t-1,3-Dimethylcyclohexane",1994-12-10T00:00,0.010,µg/m³,VOC,N/A
