﻿NAPS_Site_ID,Station_Name,Pollutant,Date,Value,Units,Report_Type,Method
100119,BURNABY SOUTH,OC3(B),2011-01-03T00:00,0.571,µg/m³,PM2.5,TOR(OC/EC)
100119,BURNABY SOUTH,OC3(B),2011-01-06T00:00,0.586,µg/m³,PM2.5,TOR(OC/EC)
100119,BURNABY SOUTH,OC3(B),2011-01-09T00:00,0.372,µg/m³,PM2.5,TOR(OC/EC)
100119,BURNABY SOUTH,OC3(B),2011-01-12T00:00,0.339,µg/m³,PM2.5,TOR(OC/EC)
100119,BURNABY SOUTH,OC3(B),2011-01-27T00:00,0.444,µg/m³,PM2.5,TOR(OC/EC)
100119,BURNABY SOUTH,OC3(B),2011-01-30T00:00,0.453,µg/m³,PM2.5,TOR(OC/EC)
100119,BURNABY SOUTH,OC3(B),2011-02-02T00:00,0.680,µg/m³,PM2.5,TOR(OC/EC)
100119,BURNABY SOUTH,OC3(B),2011-02-05T00:00,0.975,µg/m³,PM2.5,TOR(OC/EC)
100119,BURNABY SOUTH,OC3(B),2011-02-08T00:00,0.550,µg/m³,PM2.5,TOR(OC/EC)
100119,BURNABY SOUTH,OC3(B),2011-02-11T00:00,0.678,µg/m³,PM2.5,TOR(OC/EC)
100119,BURNABY SOUTH,OC3(B),2011-02-14T00:00,0.520,µg/m³,PM2.5,TOR(OC/EC)
100119,BURNABY SOUTH,OC3(B),2011-02-17T00:00,0.559,µg/m³,PM2.5,TOR(OC/EC)
100119,BURNABY SOUTH,OC3(B),2011-02-20T00:00,0.526,µg/m³,PM2.5,TOR(OC/EC)
100119,BURNABY SOUTH,OC3(B),2011-02-23T00:00,0.425,µg/m³,PM2.5,TOR(OC/EC)
100119,BURNABY SOUTH,OC3(B),2011-02-26T00:00,0.527,µg/m³,PM2.5,TOR(OC/EC)
100119,BURNABY SOUTH,OC3(B),2011-03-01T00:00,0.698,µg/m³,PM2.5,TOR(OC/EC)
100119,BURNABY SOUTH,OC3(B),2011-03-04T00:00,0.485,µg/m³,PM2.5,TOR(OC/EC)
100119,BURNABY SOUTH,OC3(B),2011-03-07T00:00,0.549,µg/m³,PM2.5,TOR(OC/EC)
100119,BURNABY SOUTH,OC3(B),2011-03-19T00:00,0.467,µg/m³,PM2.5,TOR(OC/EC)
100119,BURNABY SOUTH,OC3(B),2011-03-22T00:00,0.529,µg/m³,PM2.5,TOR(OC/EC)
100119,BURNABY SOUTH,OC3(B),2011-03-25T00:00,0.661,µg/m³,PM2.5,TOR(OC/EC)
100119,BURNABY SOUTH,OC3(B),2011-03-28T00:00,0.468,µg/m³,PM2.5,TOR(OC/EC)
100119,BURNABY SOUTH,OC3(B),2011-03-31T00:00,0.962,µg/m³,PM2.5,TOR(OC/EC)
100119,BURNABY SOUTH,OC3(B),2011-04-03T00:00,0.642,µg/m³,PM2.5,TOR(OC/EC)
100119,BURNABY SOUTH,OC3(B),2011-04-06T00:00,0.543,µg/m³,PM2.5,TOR(OC/EC)
100119,BURNABY SOUTH,OC3(B),2011-04-09T00:00,0.748,µg/m³,PM2.5,TOR(OC/EC)
100119,BURNABY SOUTH,OC3(B),2011-04-12T00:00,0.572,µg/m³,PM2.5,TOR(OC/EC)
100119,BURNABY SOUTH,OC3(B),2011-04-15T00:00,0.543,µg/m³,PM2.5,TOR(OC/EC)
100119,BURNABY SOUTH,OC3(B),2011-04-18T00:00,0.666,µg/m³,PM2.5,TOR(OC/EC)
100119,BURNABY SOUTH,OC3(B),2011-04-21T00:00,0.618,µg/m³,PM2.5,TOR(OC/EC)
100119,BURNABY SOUTH,OC3(B),2011-04-24T00:00,0.682,µg/m³,PM2.5,TOR(OC/EC)
100119,BURNABY SOUTH,OC3(B),2011-04-27T00:00,0.675,µg/m³,PM2.5,TOR(OC/EC)
100119,BURNABY SOUTH,OC3(B),2011-04-30T00:00,0.602,µg/m³,PM2.5,TOR(OC/EC)
100119,BURNABY SOUTH,OC3(B),2011-05-03T00:00,1.079,µg/m³,PM2.5,TOR(OC/EC)
100119,BURNABY SOUTH,OC3(B),2011-05-06T00:00,0.490,µg/m³,PM2.5,TOR(OC/EC)
100119,BURNABY SOUTH,OC3(B),2011-05-09T00:00,0.584,µg/m³,PM2.5,TOR(OC/EC)
100119,BURNABY SOUTH,OC3(B),2011-05-12T00:00,0.522,µg/m³,PM2.5,TOR(OC/EC)
100119,BURNABY SOUTH,OC3(B),2011-05-15T00:00,0.676,µg/m³,PM2.5,TOR(OC/EC)
100119,BURNABY SOUTH,OC3(B),2011-05-18T00:00,0.737,µg/m³,PM2.5,TOR(OC/EC)
100119,BURNABY SOUTH,OC3(B),2011-05-21T00:00,0.792,µg/m³,PM2.5,TOR(OC/EC)
100119,BURNABY SOUTH,OC3(B),2011-05-24T00:00,0.682,µg/m³,PM2.5,TOR(OC/EC)
100119,BURNABY SOUTH,OC3(B),2011-05-27T00:00,0.904,µg/m³,PM2.5,TOR(OC/EC)
100119,BURNABY SOUTH,OC3(B),2011-05-30T00:00,0.602,µg/m³,PM2.5,TOR(OC/EC)
100119,BURNABY SOUTH,OC3(B),2011-06-02T00:00,1.888,µg/m³,PM2.5,TOR(OC/EC)
100119,BURNABY SOUTH,OC3(B),2011-06-05T00:00,0.793,µg/m³,PM2.5,TOR(OC/EC)
100119,BURNABY SOUTH,OC3(B),2011-06-08T00:00,0.600,µg/m³,PM2.5,TOR(OC/EC)
100119,BURNABY SOUTH,OC3(B),2011-06-11T00:00,0.597,µg/m³,PM2.5,TOR(OC/EC)
100119,BURNABY SOUTH,OC3(B),2011-06-14T00:00,0.514,µg/m³,PM2.5,TOR(OC/EC)
100119,BURNABY SOUTH,OC3(B),2011-06-17T00:00,0.515,µg/m³,PM2.5,TOR(OC/EC)
100119,BURNABY SOUTH,OC3(B),2011-06-20T00:00,0.608,µg/m³,PM2.5,TOR(OC/EC)
100119,BURNABY SOUTH,OC3(B),2011-06-23T00:00,1.057,µg/m³,PM2.5,TOR(OC/EC)
100119,BURNABY SOUTH,OC3(B),2011-06-26T00:00,0.720,µg/m³,PM2.5,TOR(OC/EC)
100119,BURNABY SOUTH,OC3(B),2011-06-29T00:00,0.551,µg/m³,PM2.5,TOR(OC/EC)
100119,BURNABY SOUTH,OC3(B),2011-07-02T00:00,0.846,µg/m³,PM2.5,TOR(OC/EC)
100119,BURNABY SOUTH,OC3(B),2011-07-05T00:00,0.985,µg/m³,PM2.5,TOR(OC/EC)
100119,BURNABY SOUTH,OC3(B),2011-07-08T00:00,0.694,µg/m³,PM2.5,TOR(OC/EC)
100119,BURNABY SOUTH,OC3(B),2011-07-11T00:00,0.804,µg/m³,PM2.5,TOR(OC/EC)
100119,BURNABY SOUTH,OC3(B),2011-07-14T00:00,0.606,µg/m³,PM2.5,TOR(OC/EC)
100119,BURNABY SOUTH,OC3(B),2011-07-17T00:00,0.690,µg/m³,PM2.5,TOR(OC/EC)
100119,BURNABY SOUTH,OC3(B),2011-07-20T00:00,0.601,µg/m³,PM2.5,TOR(OC/EC)
100119,BURNABY SOUTH,OC3(B),2011-07-23T00:00,0.787,µg/m³,PM2.5,TOR(OC/EC)
100119,BURNABY SOUTH,OC3(B),2011-07-26T00:00,0.764,µg/m³,PM2.5,TOR(OC/EC)
100119,BURNABY SOUTH,OC3(B),2011-07-29T00:00,0.685,µg/m³,PM2.5,TOR(OC/EC)
100119,BURNABY SOUTH,OC3(B),2011-08-01T00:00,0.716,µg/m³,PM2.5,TOR(OC/EC)
100119,BURNABY SOUTH,OC3(B),2011-08-04T00:00,0.761,µg/m³,PM2.5,TOR(OC/EC)
100119,BURNABY SOUTH,OC3(B),2011-08-07T00:00,0.838,µg/m³,PM2.5,TOR(OC/EC)
100119,BURNABY SOUTH,OC3(B),2011-08-10T00:00,0.995,µg/m³,PM2.5,TOR(OC/EC)
100119,BURNABY SOUTH,OC3(B),2011-08-13T00:00,0.807,µg/m³,PM2.5,TOR(OC/EC)
100119,BURNABY SOUTH,OC3(B),2011-08-19T00:00,0.821,µg/m³,PM2.5,TOR(OC/EC)
100119,BURNABY SOUTH,OC3(B),2011-08-22T00:00,0.638,µg/m³,PM2.5,TOR(OC/EC)
100119,BURNABY SOUTH,OC3(B),2011-08-25T00:00,0.941,µg/m³,PM2.5,TOR(OC/EC)
100119,BURNABY SOUTH,OC3(B),2011-08-28T00:00,0.909,µg/m³,PM2.5,TOR(OC/EC)
100119,BURNABY SOUTH,OC3(B),2011-09-03T00:00,0.786,µg/m³,PM2.5,TOR(OC/EC)
100119,BURNABY SOUTH,OC3(B),2011-09-06T00:00,0.894,µg/m³,PM2.5,TOR(OC/EC)
100119,BURNABY SOUTH,OC3(B),2011-09-12T00:00,0.725,µg/m³,PM2.5,TOR(OC/EC)
100119,BURNABY SOUTH,OC3(B),2011-09-15T00:00,0.733,µg/m³,PM2.5,TOR(OC/EC)
100119,BURNABY SOUTH,OC3(B),2011-09-18T00:00,0.407,µg/m³,PM2.5,TOR(OC/EC)
100119,BURNABY SOUTH,OC3(B),2011-09-21T00:00,0.621,µg/m³,PM2.5,TOR(OC/EC)
100119,BURNABY SOUTH,OC3(B),2011-09-24T00:00,0.922,µg/m³,PM2.5,TOR(OC/EC)
100119,BURNABY SOUTH,OC3(B),2011-09-27T00:00,0.510,µg/m³,PM2.5,TOR(OC/EC)
100119,BURNABY SOUTH,OC3(B),2011-09-30T00:00,0.612,µg/m³,PM2.5,TOR(OC/EC)
100119,BURNABY SOUTH,OC3(B),2011-10-03T00:00,0.516,µg/m³,PM2.5,TOR(OC/EC)
100119,BURNABY SOUTH,OC3(B),2011-10-06T00:00,0.762,µg/m³,PM2.5,TOR(OC/EC)
100119,BURNABY SOUTH,OC3(B),2011-10-09T00:00,0.512,µg/m³,PM2.5,TOR(OC/EC)
100119,BURNABY SOUTH,OC3(B),2011-10-12T00:00,0.516,µg/m³,PM2.5,TOR(OC/EC)
100119,BURNABY SOUTH,OC3(B),2011-10-15T00:00,0.626,µg/m³,PM2.5,TOR(OC/EC)
100119,BURNABY SOUTH,OC3(B),2011-10-18T00:00,0.695,µg/m³,PM2.5,TOR(OC/EC)
100119,BURNABY SOUTH,OC3(B),2011-10-21T00:00,0.483,µg/m³,PM2.5,TOR(OC/EC)
100119,BURNABY SOUTH,OC3(B),2011-10-24T00:00,0.527,µg/m³,PM2.5,TOR(OC/EC)
100119,BURNABY SOUTH,OC3(B),2011-10-27T00:00,0.530,µg/m³,PM2.5,TOR(OC/EC)
100119,BURNABY SOUTH,OC3(B),2011-11-05T00:00,0.590,µg/m³,PM2.5,TOR(OC/EC)
100119,BURNABY SOUTH,OC3(B),2011-11-08T00:00,0.414,µg/m³,PM2.5,TOR(OC/EC)
100119,BURNABY SOUTH,OC3(B),2011-11-11T00:00,0.419,µg/m³,PM2.5,TOR(OC/EC)
100119,BURNABY SOUTH,OC3(B),2011-11-14T00:00,0.533,µg/m³,PM2.5,TOR(OC/EC)
100119,BURNABY SOUTH,OC3(B),2011-11-17T00:00,0.550,µg/m³,PM2.5,TOR(OC/EC)
100119,BURNABY SOUTH,OC3(B),2011-11-20T00:00,0.487,µg/m³,PM2.5,TOR(OC/EC)
100119,BURNABY SOUTH,OC3(B),2011-11-23T00:00,0.440,µg/m³,PM2.5,TOR(OC/EC)
100119,BURNABY SOUTH,OC3(B),2011-11-26T00:00,0.354,µg/m³,PM2.5,TOR(OC/EC)
100119,BURNABY SOUTH,OC3(B),2011-11-29T00:00,0.605,µg/m³,PM2.5,TOR(OC/EC)
100119,BURNABY SOUTH,OC3(B),2011-12-02T00:00,0.738,µg/m³,PM2.5,TOR(OC/EC)
100119,BURNABY SOUTH,OC3(B),2011-12-05T00:00,0.708,µg/m³,PM2.5,TOR(OC/EC)
100119,BURNABY SOUTH,OC3(B),2011-12-08T00:00,0.426,µg/m³,PM2.5,TOR(OC/EC)
100119,BURNABY SOUTH,OC3(B),2011-12-11T00:00,0.671,µg/m³,PM2.5,TOR(OC/EC)
100119,BURNABY SOUTH,OC3(B),2011-12-14T00:00,0.601,µg/m³,PM2.5,TOR(OC/EC)
100119,BURNABY SOUTH,OC3(B),2011-12-17T00:00,0.548,µg/m³,PM2.5,TOR(OC/EC)
100119,BURNABY SOUTH,OC3(B),2011-12-20T00:00,0.593,µg/m³,PM2.5,TOR(OC/EC)
100119,BURNABY SOUTH,OC3(B),2011-12-23T00:00,0.535,µg/m³,PM2.5,TOR(OC/EC)
100119,BURNABY SOUTH,OC3(B),2011-12-26T00:00,0.446,µg/m³,PM2.5,TOR(OC/EC)
100119,BURNABY SOUTH,OC3(B),2011-12-29T00:00,0.506,µg/m³,PM2.5,TOR(OC/EC)
