﻿NAPS_Site_ID,Station_Name,Pollutant,Date,Value,Units,Report_Type,Method
100111,ROCKY POINT PARK,trans-2-Octene,2013-01-04T00:00,0.021,µg/m³,VOC,N/A
100111,ROCKY POINT PARK,trans-2-Octene,2013-01-10T00:00,0.026,µg/m³,VOC,N/A
100111,ROCKY POINT PARK,trans-2-Octene,2013-01-16T00:00,0.049,µg/m³,VOC,N/A
100111,ROCKY POINT PARK,trans-2-Octene,2013-01-22T00:00,0.198,µg/m³,VOC,N/A
100111,ROCKY POINT PARK,trans-2-Octene,2013-01-28T00:00,0.025,µg/m³,VOC,N/A
100111,ROCKY POINT PARK,trans-2-Octene,2013-02-03T00:00,0.059,µg/m³,VOC,N/A
100111,ROCKY POINT PARK,trans-2-Octene,2013-02-09T00:00,0.022,µg/m³,VOC,N/A
100111,ROCKY POINT PARK,trans-2-Octene,2013-02-15T00:00,0.076,µg/m³,VOC,N/A
100111,ROCKY POINT PARK,trans-2-Octene,2013-02-21T00:00,0.031,µg/m³,VOC,N/A
100111,ROCKY POINT PARK,trans-2-Octene,2013-02-27T00:00,0.011,µg/m³,VOC,N/A
100111,ROCKY POINT PARK,trans-2-Octene,2013-03-05T00:00,0.018,µg/m³,VOC,N/A
100111,ROCKY POINT PARK,trans-2-Octene,2013-03-11T00:00,0.013,µg/m³,VOC,N/A
100111,ROCKY POINT PARK,trans-2-Octene,2013-03-17T00:00,0.011,µg/m³,VOC,N/A
100111,ROCKY POINT PARK,trans-2-Octene,2013-03-23T00:00,0.017,µg/m³,VOC,N/A
100111,ROCKY POINT PARK,trans-2-Octene,2013-03-29T00:00,0.054,µg/m³,VOC,N/A
100111,ROCKY POINT PARK,trans-2-Octene,2013-04-16T00:00,0.012,µg/m³,VOC,N/A
100111,ROCKY POINT PARK,trans-2-Octene,2013-04-22T00:00,0.025,µg/m³,VOC,N/A
100111,ROCKY POINT PARK,trans-2-Octene,2013-04-28T00:00,0.010,µg/m³,VOC,N/A
100111,ROCKY POINT PARK,trans-2-Octene,2013-05-04T00:00,0.117,µg/m³,VOC,N/A
100111,ROCKY POINT PARK,trans-2-Octene,2013-05-10T00:00,0.050,µg/m³,VOC,N/A
100111,ROCKY POINT PARK,trans-2-Octene,2013-05-16T00:00,0.023,µg/m³,VOC,N/A
100111,ROCKY POINT PARK,trans-2-Octene,2013-05-22T00:00,0.011,µg/m³,VOC,N/A
100111,ROCKY POINT PARK,trans-2-Octene,2013-06-03T00:00,0.020,µg/m³,VOC,N/A
100111,ROCKY POINT PARK,trans-2-Octene,2013-06-09T00:00,0.020,µg/m³,VOC,N/A
100111,ROCKY POINT PARK,trans-2-Octene,2013-06-21T00:00,0.014,µg/m³,VOC,N/A
100111,ROCKY POINT PARK,trans-2-Octene,2013-06-27T00:00,0.039,µg/m³,VOC,N/A
100111,ROCKY POINT PARK,trans-2-Octene,2013-07-09T00:00,0.054,µg/m³,VOC,N/A
100111,ROCKY POINT PARK,trans-2-Octene,2013-07-15T00:00,0.022,µg/m³,VOC,N/A
100111,ROCKY POINT PARK,trans-2-Octene,2013-07-21T00:00,0.011,µg/m³,VOC,N/A
100111,ROCKY POINT PARK,trans-2-Octene,2013-07-27T00:00,0.027,µg/m³,VOC,N/A
100111,ROCKY POINT PARK,trans-2-Octene,2013-08-02T00:00,0.011,µg/m³,VOC,N/A
100111,ROCKY POINT PARK,trans-2-Octene,2013-08-08T00:00,0.042,µg/m³,VOC,N/A
100111,ROCKY POINT PARK,trans-2-Octene,2013-08-14T00:00,0.087,µg/m³,VOC,N/A
100111,ROCKY POINT PARK,trans-2-Octene,2013-08-20T00:00,0.049,µg/m³,VOC,N/A
100111,ROCKY POINT PARK,trans-2-Octene,2013-09-01T00:00,0.066,µg/m³,VOC,N/A
100111,ROCKY POINT PARK,trans-2-Octene,2013-09-13T00:00,0.022,µg/m³,VOC,N/A
100111,ROCKY POINT PARK,trans-2-Octene,2013-09-19T00:00,0.030,µg/m³,VOC,N/A
100111,ROCKY POINT PARK,trans-2-Octene,2013-09-25T00:00,0.030,µg/m³,VOC,N/A
100111,ROCKY POINT PARK,trans-2-Octene,2013-10-01T00:00,0.013,µg/m³,VOC,N/A
100111,ROCKY POINT PARK,trans-2-Octene,2013-10-07T00:00,0.012,µg/m³,VOC,N/A
100111,ROCKY POINT PARK,trans-2-Octene,2013-10-13T00:00,0.054,µg/m³,VOC,N/A
100111,ROCKY POINT PARK,trans-2-Octene,2013-10-25T00:00,0.023,µg/m³,VOC,N/A
100111,ROCKY POINT PARK,trans-2-Octene,2013-11-12T00:00,0.025,µg/m³,VOC,N/A
100111,ROCKY POINT PARK,trans-2-Octene,2013-11-18T00:00,0.013,µg/m³,VOC,N/A
100111,ROCKY POINT PARK,trans-2-Octene,2013-11-24T00:00,0.068,µg/m³,VOC,N/A
100111,ROCKY POINT PARK,trans-2-Octene,2013-11-30T00:00,0.011,µg/m³,VOC,N/A
100111,ROCKY POINT PARK,trans-2-Octene,2013-12-06T00:00,0.032,µg/m³,VOC,N/A
100111,ROCKY POINT PARK,trans-2-Octene,2013-12-12T00:00,0.064,µg/m³,VOC,N/A
100111,ROCKY POINT PARK,trans-2-Octene,2013-12-18T00:00,0.032,µg/m³,VOC,N/A
100111,ROCKY POINT PARK,trans-2-Octene,2013-12-24T00:00,0.040,µg/m³,VOC,N/A
100111,ROCKY POINT PARK,trans-2-Octene,2013-12-30T00:00,0.048,µg/m³,VOC,N/A
