﻿NAPS_Site_ID,Station_Name,Pollutant,Date,Value,Units,Report_Type,Method
129302,WILDLIFE SERVICES GARAGE,Ammonium,2011-01-09T00:00,0.046,µg/m³,PM2.5,IC
129302,WILDLIFE SERVICES GARAGE,Ammonium,2011-01-15T00:00,0.060,µg/m³,PM2.5,IC
129302,WILDLIFE SERVICES GARAGE,Ammonium,2011-01-21T00:00,0.226,µg/m³,PM2.5,IC
129302,WILDLIFE SERVICES GARAGE,Ammonium,2011-01-27T00:00,0.182,µg/m³,PM2.5,IC
129302,WILDLIFE SERVICES GARAGE,Ammonium,2011-02-02T00:00,0.298,µg/m³,PM2.5,IC
129302,WILDLIFE SERVICES GARAGE,Ammonium,2011-02-08T00:00,0.329,µg/m³,PM2.5,IC
129302,WILDLIFE SERVICES GARAGE,Ammonium,2011-02-14T00:00,0.210,µg/m³,PM2.5,IC
129302,WILDLIFE SERVICES GARAGE,Ammonium,2011-02-20T00:00,0.164,µg/m³,PM2.5,IC
129302,WILDLIFE SERVICES GARAGE,Ammonium,2011-02-26T00:00,0.139,µg/m³,PM2.5,IC
129302,WILDLIFE SERVICES GARAGE,Ammonium,2011-03-04T00:00,0.150,µg/m³,PM2.5,IC
129302,WILDLIFE SERVICES GARAGE,Ammonium,2011-03-10T00:00,0.271,µg/m³,PM2.5,IC
129302,WILDLIFE SERVICES GARAGE,Ammonium,2011-03-16T00:00,0.351,µg/m³,PM2.5,IC
129302,WILDLIFE SERVICES GARAGE,Ammonium,2011-03-22T00:00,0.460,µg/m³,PM2.5,IC
129302,WILDLIFE SERVICES GARAGE,Ammonium,2011-03-28T00:00,0.166,µg/m³,PM2.5,IC
129302,WILDLIFE SERVICES GARAGE,Ammonium,2011-04-03T00:00,0.273,µg/m³,PM2.5,IC
129302,WILDLIFE SERVICES GARAGE,Ammonium,2011-04-09T00:00,0.599,µg/m³,PM2.5,IC
129302,WILDLIFE SERVICES GARAGE,Ammonium,2011-04-15T00:00,0.395,µg/m³,PM2.5,IC
129302,WILDLIFE SERVICES GARAGE,Ammonium,2011-04-21T00:00,0.366,µg/m³,PM2.5,IC
129302,WILDLIFE SERVICES GARAGE,Ammonium,2011-05-03T00:00,0.234,µg/m³,PM2.5,IC
129302,WILDLIFE SERVICES GARAGE,Ammonium,2011-05-09T00:00,0.121,µg/m³,PM2.5,IC
129302,WILDLIFE SERVICES GARAGE,Ammonium,2011-05-15T00:00,0.177,µg/m³,PM2.5,IC
129302,WILDLIFE SERVICES GARAGE,Ammonium,2011-05-21T00:00,0.085,µg/m³,PM2.5,IC
129302,WILDLIFE SERVICES GARAGE,Ammonium,2011-06-02T00:00,0.110,µg/m³,PM2.5,IC
129302,WILDLIFE SERVICES GARAGE,Ammonium,2011-06-08T00:00,0.024,µg/m³,PM2.5,IC
129302,WILDLIFE SERVICES GARAGE,Ammonium,2011-06-14T00:00,0.000,µg/m³,PM2.5,IC
129302,WILDLIFE SERVICES GARAGE,Ammonium,2011-06-20T00:00,0.000,µg/m³,PM2.5,IC
129302,WILDLIFE SERVICES GARAGE,Ammonium,2011-06-26T00:00,0.000,µg/m³,PM2.5,IC
129302,WILDLIFE SERVICES GARAGE,Ammonium,2011-07-02T00:00,0.079,µg/m³,PM2.5,IC
129302,WILDLIFE SERVICES GARAGE,Ammonium,2011-07-08T00:00,0.025,µg/m³,PM2.5,IC
129302,WILDLIFE SERVICES GARAGE,Ammonium,2011-07-14T00:00,0.110,µg/m³,PM2.5,IC
129302,WILDLIFE SERVICES GARAGE,Ammonium,2011-07-20T00:00,0.054,µg/m³,PM2.5,IC
129302,WILDLIFE SERVICES GARAGE,Ammonium,2011-07-26T00:00,0.056,µg/m³,PM2.5,IC
129302,WILDLIFE SERVICES GARAGE,Ammonium,2011-08-07T00:00,0.010,µg/m³,PM2.5,IC
129302,WILDLIFE SERVICES GARAGE,Ammonium,2011-08-13T00:00,0.012,µg/m³,PM2.5,IC
129302,WILDLIFE SERVICES GARAGE,Ammonium,2011-08-19T00:00,0.027,µg/m³,PM2.5,IC
129302,WILDLIFE SERVICES GARAGE,Ammonium,2011-08-25T00:00,0.057,µg/m³,PM2.5,IC
129302,WILDLIFE SERVICES GARAGE,Ammonium,2011-08-31T00:00,0.019,µg/m³,PM2.5,IC
129302,WILDLIFE SERVICES GARAGE,Ammonium,2011-09-06T00:00,0.044,µg/m³,PM2.5,IC
129302,WILDLIFE SERVICES GARAGE,Ammonium,2011-09-12T00:00,0.009,µg/m³,PM2.5,IC
129302,WILDLIFE SERVICES GARAGE,Ammonium,2011-09-18T00:00,0.020,µg/m³,PM2.5,IC
129302,WILDLIFE SERVICES GARAGE,Ammonium,2011-09-24T00:00,0.014,µg/m³,PM2.5,IC
129302,WILDLIFE SERVICES GARAGE,Ammonium,2011-09-30T00:00,0.006,µg/m³,PM2.5,IC
129302,WILDLIFE SERVICES GARAGE,Ammonium,2011-10-06T00:00,0.026,µg/m³,PM2.5,IC
129302,WILDLIFE SERVICES GARAGE,Ammonium,2011-10-12T00:00,0.025,µg/m³,PM2.5,IC
129302,WILDLIFE SERVICES GARAGE,Ammonium,2011-10-18T00:00,0.036,µg/m³,PM2.5,IC
129302,WILDLIFE SERVICES GARAGE,Ammonium,2011-10-24T00:00,0.059,µg/m³,PM2.5,IC
129302,WILDLIFE SERVICES GARAGE,Ammonium,2011-10-30T00:00,0.027,µg/m³,PM2.5,IC
129302,WILDLIFE SERVICES GARAGE,Ammonium,2011-11-05T00:00,0.070,µg/m³,PM2.5,IC
129302,WILDLIFE SERVICES GARAGE,Ammonium,2011-11-11T00:00,0.034,µg/m³,PM2.5,IC
129302,WILDLIFE SERVICES GARAGE,Ammonium,2011-11-17T00:00,0.036,µg/m³,PM2.5,IC
129302,WILDLIFE SERVICES GARAGE,Ammonium,2011-11-23T00:00,0.226,µg/m³,PM2.5,IC
129302,WILDLIFE SERVICES GARAGE,Ammonium,2011-11-29T00:00,0.042,µg/m³,PM2.5,IC
129302,WILDLIFE SERVICES GARAGE,Ammonium,2011-12-05T00:00,0.032,µg/m³,PM2.5,IC
129302,WILDLIFE SERVICES GARAGE,Ammonium,2011-12-11T00:00,0.028,µg/m³,PM2.5,IC
129302,WILDLIFE SERVICES GARAGE,Ammonium,2011-12-17T00:00,0.055,µg/m³,PM2.5,IC
129302,WILDLIFE SERVICES GARAGE,Ammonium,2011-12-23T00:00,0.032,µg/m³,PM2.5,IC
