﻿NAPS_Site_ID,Station_Name,Pollutant,Date,Value,Units,Report_Type,Method
63601,LONGWOODS CONS. AUTHORITY,Freon 12,1994-01-14T00:00,5.759,µg/m³,VOC,GC-MS
63601,LONGWOODS CONS. AUTHORITY,Freon 12,1994-01-26T00:00,2.739,µg/m³,VOC,GC-MS
63601,LONGWOODS CONS. AUTHORITY,Freon 12,1994-02-01T00:00,2.791,µg/m³,VOC,GC-MS
63601,LONGWOODS CONS. AUTHORITY,Freon 12,1994-02-07T00:00,2.740,µg/m³,VOC,GC-MS
63601,LONGWOODS CONS. AUTHORITY,Freon 12,1994-02-13T00:00,2.805,µg/m³,VOC,GC-MS
63601,LONGWOODS CONS. AUTHORITY,Freon 12,1994-02-19T00:00,4.898,µg/m³,VOC,GC-MS
63601,LONGWOODS CONS. AUTHORITY,Freon 12,1994-02-25T00:00,4.743,µg/m³,VOC,GC-MS
63601,LONGWOODS CONS. AUTHORITY,Freon 12,1994-03-03T00:00,6.150,µg/m³,VOC,GC-MS
63601,LONGWOODS CONS. AUTHORITY,Freon 12,1994-03-09T00:00,6.166,µg/m³,VOC,GC-MS
63601,LONGWOODS CONS. AUTHORITY,Freon 12,1994-03-15T00:00,5.218,µg/m³,VOC,GC-MS
63601,LONGWOODS CONS. AUTHORITY,Freon 12,1994-03-21T00:00,2.601,µg/m³,VOC,GC-MS
63601,LONGWOODS CONS. AUTHORITY,Freon 12,1994-03-27T00:00,3.596,µg/m³,VOC,GC-MS
63601,LONGWOODS CONS. AUTHORITY,Freon 12,1994-04-02T00:00,6.636,µg/m³,VOC,GC-MS
63601,LONGWOODS CONS. AUTHORITY,Freon 12,1994-04-08T00:00,11.548,µg/m³,VOC,GC-MS
63601,LONGWOODS CONS. AUTHORITY,Freon 12,1994-04-14T00:00,6.280,µg/m³,VOC,GC-MS
63601,LONGWOODS CONS. AUTHORITY,Freon 12,1994-04-20T00:00,5.888,µg/m³,VOC,GC-MS
63601,LONGWOODS CONS. AUTHORITY,Freon 12,1994-04-26T00:00,9.954,µg/m³,VOC,GC-MS
63601,LONGWOODS CONS. AUTHORITY,Freon 12,1994-05-02T00:00,9.321,µg/m³,VOC,GC-MS
63601,LONGWOODS CONS. AUTHORITY,Freon 12,1994-05-26T00:00,7.498,µg/m³,VOC,GC-MS
63601,LONGWOODS CONS. AUTHORITY,Freon 12,1994-06-01T00:00,5.268,µg/m³,VOC,GC-MS
63601,LONGWOODS CONS. AUTHORITY,Freon 12,1994-06-07T00:00,2.558,µg/m³,VOC,GC-MS
63601,LONGWOODS CONS. AUTHORITY,Freon 12,1994-06-13T00:00,2.793,µg/m³,VOC,GC-MS
63601,LONGWOODS CONS. AUTHORITY,Freon 12,1994-06-19T00:00,3.179,µg/m³,VOC,GC-MS
63601,LONGWOODS CONS. AUTHORITY,Freon 12,1994-06-25T00:00,3.465,µg/m³,VOC,GC-MS
63601,LONGWOODS CONS. AUTHORITY,Freon 12,1994-07-01T00:00,7.232,µg/m³,VOC,GC-MS
63601,LONGWOODS CONS. AUTHORITY,Freon 12,1994-07-07T00:00,7.378,µg/m³,VOC,GC-MS
63601,LONGWOODS CONS. AUTHORITY,Freon 12,1994-07-13T00:00,6.905,µg/m³,VOC,GC-MS
63601,LONGWOODS CONS. AUTHORITY,Freon 12,1994-07-19T00:00,5.833,µg/m³,VOC,GC-MS
63601,LONGWOODS CONS. AUTHORITY,Freon 12,1994-07-25T00:00,6.312,µg/m³,VOC,GC-MS
63601,LONGWOODS CONS. AUTHORITY,Freon 12,1994-07-31T00:00,7.456,µg/m³,VOC,GC-MS
63601,LONGWOODS CONS. AUTHORITY,Freon 12,1994-08-06T00:00,5.624,µg/m³,VOC,GC-MS
63601,LONGWOODS CONS. AUTHORITY,Freon 12,1994-08-12T00:00,5.544,µg/m³,VOC,GC-MS
63601,LONGWOODS CONS. AUTHORITY,Freon 12,1994-08-18T00:00,2.994,µg/m³,VOC,GC-MS
63601,LONGWOODS CONS. AUTHORITY,Freon 12,1994-08-24T00:00,2.750,µg/m³,VOC,GC-MS
63601,LONGWOODS CONS. AUTHORITY,Freon 12,1994-08-30T00:00,2.895,µg/m³,VOC,GC-MS
63601,LONGWOODS CONS. AUTHORITY,Freon 12,1994-09-05T00:00,2.764,µg/m³,VOC,GC-MS
63601,LONGWOODS CONS. AUTHORITY,Freon 12,1994-09-11T00:00,3.128,µg/m³,VOC,GC-MS
63601,LONGWOODS CONS. AUTHORITY,Freon 12,1994-09-17T00:00,2.853,µg/m³,VOC,GC-MS
63601,LONGWOODS CONS. AUTHORITY,Freon 12,1994-09-29T00:00,2.560,µg/m³,VOC,GC-MS
63601,LONGWOODS CONS. AUTHORITY,Freon 12,1994-10-05T00:00,2.707,µg/m³,VOC,GC-MS
63601,LONGWOODS CONS. AUTHORITY,Freon 12,1994-10-11T00:00,2.663,µg/m³,VOC,GC-MS
63601,LONGWOODS CONS. AUTHORITY,Freon 12,1994-10-17T00:00,2.622,µg/m³,VOC,GC-MS
63601,LONGWOODS CONS. AUTHORITY,Freon 12,1994-10-23T00:00,2.642,µg/m³,VOC,GC-MS
63601,LONGWOODS CONS. AUTHORITY,Freon 12,1994-10-29T00:00,3.095,µg/m³,VOC,GC-MS
63601,LONGWOODS CONS. AUTHORITY,Freon 12,1994-11-04T00:00,2.858,µg/m³,VOC,GC-MS
63601,LONGWOODS CONS. AUTHORITY,Freon 12,1994-11-10T00:00,2.580,µg/m³,VOC,GC-MS
63601,LONGWOODS CONS. AUTHORITY,Freon 12,1994-11-16T00:00,2.551,µg/m³,VOC,GC-MS
63601,LONGWOODS CONS. AUTHORITY,Freon 12,1994-11-22T00:00,2.524,µg/m³,VOC,GC-MS
63601,LONGWOODS CONS. AUTHORITY,Freon 12,1994-11-28T00:00,3.211,µg/m³,VOC,GC-MS
63601,LONGWOODS CONS. AUTHORITY,Freon 12,1994-12-04T00:00,3.378,µg/m³,VOC,GC-MS
63601,LONGWOODS CONS. AUTHORITY,Freon 12,1994-12-10T00:00,2.814,µg/m³,VOC,GC-MS
63601,LONGWOODS CONS. AUTHORITY,Freon 12,1994-12-16T00:00,2.852,µg/m³,VOC,GC-MS
