﻿NAPS_Site_ID,Station_Name,Pollutant,Date,Value,Units,Report_Type,Method
40501,PT LEPREAU - CHARLOTTE COUNTY,Decane,2011-01-03T00:00,0.013,µg/m³,VOC,
40501,PT LEPREAU - CHARLOTTE COUNTY,Decane,2011-01-06T00:00,0.003,µg/m³,VOC,
40501,PT LEPREAU - CHARLOTTE COUNTY,Decane,2011-01-09T00:00,0.013,µg/m³,VOC,
40501,PT LEPREAU - CHARLOTTE COUNTY,Decane,2011-01-12T00:00,0.015,µg/m³,VOC,
40501,PT LEPREAU - CHARLOTTE COUNTY,Decane,2011-01-15T00:00,0.014,µg/m³,VOC,
40501,PT LEPREAU - CHARLOTTE COUNTY,Decane,2011-01-18T00:00,0.011,µg/m³,VOC,
40501,PT LEPREAU - CHARLOTTE COUNTY,Decane,2011-02-05T00:00,0.074,µg/m³,VOC,
40501,PT LEPREAU - CHARLOTTE COUNTY,Decane,2011-02-08T00:00,0.013,µg/m³,VOC,
40501,PT LEPREAU - CHARLOTTE COUNTY,Decane,2011-02-11T00:00,0.006,µg/m³,VOC,
40501,PT LEPREAU - CHARLOTTE COUNTY,Decane,2011-02-14T00:00,0.011,µg/m³,VOC,
40501,PT LEPREAU - CHARLOTTE COUNTY,Decane,2011-02-17T00:00,0.012,µg/m³,VOC,
40501,PT LEPREAU - CHARLOTTE COUNTY,Decane,2011-02-20T00:00,0.004,µg/m³,VOC,
40501,PT LEPREAU - CHARLOTTE COUNTY,Decane,2011-02-23T00:00,0.004,µg/m³,VOC,
40501,PT LEPREAU - CHARLOTTE COUNTY,Decane,2011-02-26T00:00,0.004,µg/m³,VOC,
40501,PT LEPREAU - CHARLOTTE COUNTY,Decane,2011-03-01T00:00,0.004,µg/m³,VOC,
40501,PT LEPREAU - CHARLOTTE COUNTY,Decane,2011-03-04T00:00,0.008,µg/m³,VOC,
40501,PT LEPREAU - CHARLOTTE COUNTY,Decane,2011-03-07T00:00,0.005,µg/m³,VOC,
40501,PT LEPREAU - CHARLOTTE COUNTY,Decane,2011-03-10T00:00,0.005,µg/m³,VOC,
40501,PT LEPREAU - CHARLOTTE COUNTY,Decane,2011-03-13T00:00,0.023,µg/m³,VOC,
40501,PT LEPREAU - CHARLOTTE COUNTY,Decane,2011-03-16T00:00,0.004,µg/m³,VOC,
40501,PT LEPREAU - CHARLOTTE COUNTY,Decane,2011-03-19T00:00,0.003,µg/m³,VOC,
40501,PT LEPREAU - CHARLOTTE COUNTY,Decane,2011-03-22T00:00,0.003,µg/m³,VOC,
40501,PT LEPREAU - CHARLOTTE COUNTY,Decane,2011-03-25T00:00,0.004,µg/m³,VOC,
40501,PT LEPREAU - CHARLOTTE COUNTY,Decane,2011-03-28T00:00,0.004,µg/m³,VOC,
40501,PT LEPREAU - CHARLOTTE COUNTY,Decane,2011-03-31T00:00,0.006,µg/m³,VOC,
40501,PT LEPREAU - CHARLOTTE COUNTY,Decane,2011-04-03T00:00,0.004,µg/m³,VOC,
40501,PT LEPREAU - CHARLOTTE COUNTY,Decane,2011-04-06T00:00,0.005,µg/m³,VOC,
40501,PT LEPREAU - CHARLOTTE COUNTY,Decane,2011-04-09T00:00,0.008,µg/m³,VOC,
40501,PT LEPREAU - CHARLOTTE COUNTY,Decane,2011-04-12T00:00,0.004,µg/m³,VOC,
40501,PT LEPREAU - CHARLOTTE COUNTY,Decane,2011-04-15T00:00,0.000,µg/m³,VOC,
40501,PT LEPREAU - CHARLOTTE COUNTY,Decane,2011-04-18T00:00,0.009,µg/m³,VOC,
40501,PT LEPREAU - CHARLOTTE COUNTY,Decane,2011-04-21T00:00,0.005,µg/m³,VOC,
40501,PT LEPREAU - CHARLOTTE COUNTY,Decane,2011-04-24T00:00,0.003,µg/m³,VOC,
40501,PT LEPREAU - CHARLOTTE COUNTY,Decane,2011-04-27T00:00,0.005,µg/m³,VOC,
40501,PT LEPREAU - CHARLOTTE COUNTY,Decane,2011-04-30T00:00,0.006,µg/m³,VOC,
40501,PT LEPREAU - CHARLOTTE COUNTY,Decane,2011-05-03T00:00,0.017,µg/m³,VOC,
40501,PT LEPREAU - CHARLOTTE COUNTY,Decane,2011-05-06T00:00,0.005,µg/m³,VOC,
40501,PT LEPREAU - CHARLOTTE COUNTY,Decane,2011-05-09T00:00,0.016,µg/m³,VOC,
40501,PT LEPREAU - CHARLOTTE COUNTY,Decane,2011-05-12T00:00,0.003,µg/m³,VOC,
40501,PT LEPREAU - CHARLOTTE COUNTY,Decane,2011-05-15T00:00,0.016,µg/m³,VOC,
40501,PT LEPREAU - CHARLOTTE COUNTY,Decane,2011-05-18T00:00,0.042,µg/m³,VOC,
40501,PT LEPREAU - CHARLOTTE COUNTY,Decane,2011-05-21T00:00,0.003,µg/m³,VOC,
40501,PT LEPREAU - CHARLOTTE COUNTY,Decane,2011-05-24T00:00,0.005,µg/m³,VOC,
40501,PT LEPREAU - CHARLOTTE COUNTY,Decane,2011-05-27T00:00,0.009,µg/m³,VOC,
40501,PT LEPREAU - CHARLOTTE COUNTY,Decane,2011-05-30T00:00,0.009,µg/m³,VOC,
40501,PT LEPREAU - CHARLOTTE COUNTY,Decane,2011-06-02T00:00,0.011,µg/m³,VOC,
40501,PT LEPREAU - CHARLOTTE COUNTY,Decane,2011-06-05T00:00,0.007,µg/m³,VOC,
40501,PT LEPREAU - CHARLOTTE COUNTY,Decane,2011-06-08T00:00,0.002,µg/m³,VOC,
40501,PT LEPREAU - CHARLOTTE COUNTY,Decane,2011-06-11T00:00,0.005,µg/m³,VOC,
40501,PT LEPREAU - CHARLOTTE COUNTY,Decane,2011-06-14T00:00,0.009,µg/m³,VOC,
40501,PT LEPREAU - CHARLOTTE COUNTY,Decane,2011-06-17T00:00,0.002,µg/m³,VOC,
40501,PT LEPREAU - CHARLOTTE COUNTY,Decane,2011-06-20T00:00,0.004,µg/m³,VOC,
40501,PT LEPREAU - CHARLOTTE COUNTY,Decane,2011-06-23T00:00,0.003,µg/m³,VOC,
40501,PT LEPREAU - CHARLOTTE COUNTY,Decane,2011-06-26T00:00,0.010,µg/m³,VOC,
40501,PT LEPREAU - CHARLOTTE COUNTY,Decane,2011-07-02T00:00,0.007,µg/m³,VOC,
40501,PT LEPREAU - CHARLOTTE COUNTY,Decane,2011-07-05T00:00,0.008,µg/m³,VOC,
40501,PT LEPREAU - CHARLOTTE COUNTY,Decane,2011-07-08T00:00,0.041,µg/m³,VOC,
40501,PT LEPREAU - CHARLOTTE COUNTY,Decane,2011-07-14T00:00,0.000,µg/m³,VOC,
40501,PT LEPREAU - CHARLOTTE COUNTY,Decane,2011-07-17T00:00,0.016,µg/m³,VOC,
40501,PT LEPREAU - CHARLOTTE COUNTY,Decane,2011-07-20T00:00,0.094,µg/m³,VOC,
40501,PT LEPREAU - CHARLOTTE COUNTY,Decane,2011-07-23T00:00,0.024,µg/m³,VOC,
40501,PT LEPREAU - CHARLOTTE COUNTY,Decane,2011-07-26T00:00,0.006,µg/m³,VOC,
40501,PT LEPREAU - CHARLOTTE COUNTY,Decane,2011-07-29T00:00,0.568,µg/m³,VOC,
40501,PT LEPREAU - CHARLOTTE COUNTY,Decane,2011-08-01T00:00,0.017,µg/m³,VOC,
40501,PT LEPREAU - CHARLOTTE COUNTY,Decane,2011-08-07T00:00,0.013,µg/m³,VOC,
40501,PT LEPREAU - CHARLOTTE COUNTY,Decane,2011-08-10T00:00,0.008,µg/m³,VOC,
40501,PT LEPREAU - CHARLOTTE COUNTY,Decane,2011-08-13T00:00,0.026,µg/m³,VOC,
40501,PT LEPREAU - CHARLOTTE COUNTY,Decane,2011-08-16T00:00,0.006,µg/m³,VOC,
40501,PT LEPREAU - CHARLOTTE COUNTY,Decane,2011-08-19T00:00,0.009,µg/m³,VOC,
40501,PT LEPREAU - CHARLOTTE COUNTY,Decane,2011-08-22T00:00,0.003,µg/m³,VOC,
40501,PT LEPREAU - CHARLOTTE COUNTY,Decane,2011-08-25T00:00,0.004,µg/m³,VOC,
40501,PT LEPREAU - CHARLOTTE COUNTY,Decane,2011-08-28T00:00,0.036,µg/m³,VOC,
40501,PT LEPREAU - CHARLOTTE COUNTY,Decane,2011-08-31T00:00,0.005,µg/m³,VOC,
40501,PT LEPREAU - CHARLOTTE COUNTY,Decane,2011-09-03T00:00,0.029,µg/m³,VOC,
40501,PT LEPREAU - CHARLOTTE COUNTY,Decane,2011-09-06T00:00,0.000,µg/m³,VOC,
40501,PT LEPREAU - CHARLOTTE COUNTY,Decane,2011-09-09T00:00,0.007,µg/m³,VOC,
40501,PT LEPREAU - CHARLOTTE COUNTY,Decane,2011-09-12T00:00,0.012,µg/m³,VOC,
40501,PT LEPREAU - CHARLOTTE COUNTY,Decane,2011-09-15T00:00,0.009,µg/m³,VOC,
40501,PT LEPREAU - CHARLOTTE COUNTY,Decane,2011-09-18T00:00,0.024,µg/m³,VOC,
40501,PT LEPREAU - CHARLOTTE COUNTY,Decane,2011-09-21T00:00,0.045,µg/m³,VOC,
40501,PT LEPREAU - CHARLOTTE COUNTY,Decane,2011-09-24T00:00,0.016,µg/m³,VOC,
40501,PT LEPREAU - CHARLOTTE COUNTY,Decane,2011-09-30T00:00,0.022,µg/m³,VOC,
40501,PT LEPREAU - CHARLOTTE COUNTY,Decane,2011-10-03T00:00,0.025,µg/m³,VOC,
40501,PT LEPREAU - CHARLOTTE COUNTY,Decane,2011-10-09T00:00,0.083,µg/m³,VOC,
40501,PT LEPREAU - CHARLOTTE COUNTY,Decane,2011-10-12T00:00,0.003,µg/m³,VOC,
40501,PT LEPREAU - CHARLOTTE COUNTY,Decane,2011-10-15T00:00,0.021,µg/m³,VOC,
40501,PT LEPREAU - CHARLOTTE COUNTY,Decane,2011-10-18T00:00,0.078,µg/m³,VOC,
40501,PT LEPREAU - CHARLOTTE COUNTY,Decane,2011-10-21T00:00,0.031,µg/m³,VOC,
40501,PT LEPREAU - CHARLOTTE COUNTY,Decane,2011-11-17T00:00,0.015,µg/m³,VOC,
40501,PT LEPREAU - CHARLOTTE COUNTY,Decane,2011-11-20T00:00,0.064,µg/m³,VOC,
40501,PT LEPREAU - CHARLOTTE COUNTY,Decane,2011-11-29T00:00,0.012,µg/m³,VOC,
40501,PT LEPREAU - CHARLOTTE COUNTY,Decane,2011-12-02T00:00,0.015,µg/m³,VOC,
40501,PT LEPREAU - CHARLOTTE COUNTY,Decane,2011-12-05T00:00,0.087,µg/m³,VOC,
40501,PT LEPREAU - CHARLOTTE COUNTY,Decane,2011-12-08T00:00,0.020,µg/m³,VOC,
40501,PT LEPREAU - CHARLOTTE COUNTY,Decane,2011-12-11T00:00,0.005,µg/m³,VOC,
40501,PT LEPREAU - CHARLOTTE COUNTY,Decane,2011-12-14T00:00,0.006,µg/m³,VOC,
40501,PT LEPREAU - CHARLOTTE COUNTY,Decane,2011-12-17T00:00,0.009,µg/m³,VOC,
40501,PT LEPREAU - CHARLOTTE COUNTY,Decane,2011-12-20T00:00,0.005,µg/m³,VOC,
40501,PT LEPREAU - CHARLOTTE COUNTY,Decane,2011-12-23T00:00,0.017,µg/m³,VOC,
40501,PT LEPREAU - CHARLOTTE COUNTY,Decane,2011-12-26T00:00,0.011,µg/m³,VOC,
