﻿NAPS_Site_ID,Station_Name,Pollutant,Date,Value,Units,Report_Type,Method
90130,EDMONTON CENTRAL,"2,3-Dimethylpentane",1992-01-13T00:00,2.479,µg/m³,VOC,GC-MS
90130,EDMONTON CENTRAL,"2,3-Dimethylpentane",1992-01-19T00:00,1.730,µg/m³,VOC,GC-MS
90130,EDMONTON CENTRAL,"2,3-Dimethylpentane",1992-01-25T00:00,1.066,µg/m³,VOC,GC-MS
90130,EDMONTON CENTRAL,"2,3-Dimethylpentane",1992-01-31T00:00,3.572,µg/m³,VOC,GC-MS
90130,EDMONTON CENTRAL,"2,3-Dimethylpentane",1992-02-06T00:00,5.413,µg/m³,VOC,GC-MS
90130,EDMONTON CENTRAL,"2,3-Dimethylpentane",1992-02-12T00:00,3.610,µg/m³,VOC,GC-MS
90130,EDMONTON CENTRAL,"2,3-Dimethylpentane",1992-02-18T00:00,1.918,µg/m³,VOC,GC-MS
90130,EDMONTON CENTRAL,"2,3-Dimethylpentane",1992-02-24T00:00,3.065,µg/m³,VOC,GC-MS
90130,EDMONTON CENTRAL,"2,3-Dimethylpentane",1992-03-01T00:00,0.801,µg/m³,VOC,GC-MS
90130,EDMONTON CENTRAL,"2,3-Dimethylpentane",1992-03-07T00:00,0.821,µg/m³,VOC,GC-MS
90130,EDMONTON CENTRAL,"2,3-Dimethylpentane",1992-03-13T00:00,3.096,µg/m³,VOC,GC-MS
90130,EDMONTON CENTRAL,"2,3-Dimethylpentane",1992-03-19T00:00,2.129,µg/m³,VOC,GC-MS
90130,EDMONTON CENTRAL,"2,3-Dimethylpentane",1992-03-25T00:00,2.295,µg/m³,VOC,GC-MS
90130,EDMONTON CENTRAL,"2,3-Dimethylpentane",1992-03-31T00:00,0.000,µg/m³,VOC,GC-MS
90130,EDMONTON CENTRAL,"2,3-Dimethylpentane",1992-04-06T00:00,0.813,µg/m³,VOC,GC-MS
90130,EDMONTON CENTRAL,"2,3-Dimethylpentane",1992-04-12T00:00,0.370,µg/m³,VOC,GC-MS
90130,EDMONTON CENTRAL,"2,3-Dimethylpentane",1992-04-24T00:00,0.469,µg/m³,VOC,GC-MS
90130,EDMONTON CENTRAL,"2,3-Dimethylpentane",1992-04-30T00:00,1.555,µg/m³,VOC,GC-MS
90130,EDMONTON CENTRAL,"2,3-Dimethylpentane",1992-05-06T00:00,1.266,µg/m³,VOC,GC-MS
90130,EDMONTON CENTRAL,"2,3-Dimethylpentane",1992-05-12T00:00,1.223,µg/m³,VOC,GC-MS
90130,EDMONTON CENTRAL,"2,3-Dimethylpentane",1992-05-18T00:00,0.716,µg/m³,VOC,GC-MS
90130,EDMONTON CENTRAL,"2,3-Dimethylpentane",1992-05-24T00:00,0.141,µg/m³,VOC,GC-MS
90130,EDMONTON CENTRAL,"2,3-Dimethylpentane",1992-05-30T00:00,4.307,µg/m³,VOC,GC-MS
90130,EDMONTON CENTRAL,"2,3-Dimethylpentane",1992-06-17T00:00,1.024,µg/m³,VOC,GC-MS
90130,EDMONTON CENTRAL,"2,3-Dimethylpentane",1992-06-23T00:00,1.419,µg/m³,VOC,GC-MS
90130,EDMONTON CENTRAL,"2,3-Dimethylpentane",1992-06-29T00:00,0.912,µg/m³,VOC,GC-MS
90130,EDMONTON CENTRAL,"2,3-Dimethylpentane",1992-07-05T00:00,0.476,µg/m³,VOC,GC-MS
90130,EDMONTON CENTRAL,"2,3-Dimethylpentane",1992-07-11T00:00,0.969,µg/m³,VOC,GC-MS
90130,EDMONTON CENTRAL,"2,3-Dimethylpentane",1992-07-17T00:00,1.255,µg/m³,VOC,GC-MS
90130,EDMONTON CENTRAL,"2,3-Dimethylpentane",1992-07-23T00:00,1.651,µg/m³,VOC,GC-MS
90130,EDMONTON CENTRAL,"2,3-Dimethylpentane",1992-07-29T00:00,1.468,µg/m³,VOC,GC-MS
90130,EDMONTON CENTRAL,"2,3-Dimethylpentane",1992-08-04T00:00,2.619,µg/m³,VOC,GC-MS
90130,EDMONTON CENTRAL,"2,3-Dimethylpentane",1992-08-10T00:00,1.605,µg/m³,VOC,GC-MS
90130,EDMONTON CENTRAL,"2,3-Dimethylpentane",1992-08-16T00:00,0.911,µg/m³,VOC,GC-MS
90130,EDMONTON CENTRAL,"2,3-Dimethylpentane",1992-08-22T00:00,0.694,µg/m³,VOC,GC-MS
90130,EDMONTON CENTRAL,"2,3-Dimethylpentane",1992-08-28T00:00,0.933,µg/m³,VOC,GC-MS
90130,EDMONTON CENTRAL,"2,3-Dimethylpentane",1992-09-03T00:00,1.078,µg/m³,VOC,GC-MS
90130,EDMONTON CENTRAL,"2,3-Dimethylpentane",1992-09-09T00:00,1.089,µg/m³,VOC,GC-MS
90130,EDMONTON CENTRAL,"2,3-Dimethylpentane",1992-09-27T00:00,0.600,µg/m³,VOC,GC-MS
90130,EDMONTON CENTRAL,"2,3-Dimethylpentane",1992-10-03T00:00,1.478,µg/m³,VOC,GC-MS
90130,EDMONTON CENTRAL,"2,3-Dimethylpentane",1992-10-09T00:00,1.418,µg/m³,VOC,GC-MS
90130,EDMONTON CENTRAL,"2,3-Dimethylpentane",1992-10-15T00:00,1.712,µg/m³,VOC,GC-MS
90130,EDMONTON CENTRAL,"2,3-Dimethylpentane",1992-10-27T00:00,3.751,µg/m³,VOC,GC-MS
90130,EDMONTON CENTRAL,"2,3-Dimethylpentane",1992-11-26T00:00,4.270,µg/m³,VOC,GC-MS
90130,EDMONTON CENTRAL,"2,3-Dimethylpentane",1992-12-08T00:00,5.279,µg/m³,VOC,GC-MS
90130,EDMONTON CENTRAL,"2,3-Dimethylpentane",1992-12-20T00:00,1.512,µg/m³,VOC,GC-MS
90130,EDMONTON CENTRAL,"2,3-Dimethylpentane",1992-12-26T00:00,0.805,µg/m³,VOC,GC-MS
