﻿NAPS_Site_ID,Station_Name,Pollutant,Date,Value,Units,Report_Type,Method
40203,FOREST HILLS,Cobalt,2009-04-01T00:00,0.000,µg/m³,WICPMS,N/A
40203,FOREST HILLS,Cobalt,2009-04-04T00:00,0.000,µg/m³,WICPMS,N/A
40203,FOREST HILLS,Cobalt,2009-04-07T00:00,0.000,µg/m³,WICPMS,N/A
40203,FOREST HILLS,Cobalt,2009-04-10T00:00,0.000,µg/m³,WICPMS,N/A
40203,FOREST HILLS,Cobalt,2009-04-22T00:00,0.000,µg/m³,WICPMS,N/A
40203,FOREST HILLS,Cobalt,2009-04-25T00:00,0.000,µg/m³,WICPMS,N/A
40203,FOREST HILLS,Cobalt,2009-04-28T00:00,0.000,µg/m³,WICPMS,N/A
40203,FOREST HILLS,Cobalt,2009-05-01T00:00,0.000,µg/m³,WICPMS,N/A
40203,FOREST HILLS,Cobalt,2009-05-04T00:00,0.000,µg/m³,WICPMS,N/A
40203,FOREST HILLS,Cobalt,2009-05-07T00:00,0.000,µg/m³,WICPMS,N/A
40203,FOREST HILLS,Cobalt,2009-05-10T00:00,0.000,µg/m³,WICPMS,N/A
40203,FOREST HILLS,Cobalt,2009-05-13T00:00,0.000,µg/m³,WICPMS,N/A
40203,FOREST HILLS,Cobalt,2009-05-16T00:00,0.000,µg/m³,WICPMS,N/A
40203,FOREST HILLS,Cobalt,2009-05-19T00:00,0.000,µg/m³,WICPMS,N/A
40203,FOREST HILLS,Cobalt,2009-05-25T00:00,0.000,µg/m³,WICPMS,N/A
40203,FOREST HILLS,Cobalt,2009-06-06T00:00,0.000,µg/m³,WICPMS,N/A
40203,FOREST HILLS,Cobalt,2009-06-09T00:00,0.000,µg/m³,WICPMS,N/A
40203,FOREST HILLS,Cobalt,2009-06-12T00:00,0.000,µg/m³,WICPMS,N/A
40203,FOREST HILLS,Cobalt,2009-06-15T00:00,0.000,µg/m³,WICPMS,N/A
40203,FOREST HILLS,Cobalt,2009-06-18T00:00,0.000,µg/m³,WICPMS,N/A
40203,FOREST HILLS,Cobalt,2009-06-21T00:00,0.000,µg/m³,WICPMS,N/A
40203,FOREST HILLS,Cobalt,2009-06-24T00:00,0.000,µg/m³,WICPMS,N/A
40203,FOREST HILLS,Cobalt,2009-06-27T00:00,0.000,µg/m³,WICPMS,N/A
40203,FOREST HILLS,Cobalt,2009-07-03T00:00,0.000,µg/m³,WICPMS,N/A
40203,FOREST HILLS,Cobalt,2009-07-06T00:00,0.000,µg/m³,WICPMS,N/A
40203,FOREST HILLS,Cobalt,2009-07-09T00:00,0.000,µg/m³,WICPMS,N/A
40203,FOREST HILLS,Cobalt,2009-07-12T00:00,0.000,µg/m³,WICPMS,N/A
40203,FOREST HILLS,Cobalt,2009-07-15T00:00,0.000,µg/m³,WICPMS,N/A
40203,FOREST HILLS,Cobalt,2009-07-18T00:00,0.000,µg/m³,WICPMS,N/A
40203,FOREST HILLS,Cobalt,2009-07-21T00:00,0.000,µg/m³,WICPMS,N/A
40203,FOREST HILLS,Cobalt,2009-07-24T00:00,0.000,µg/m³,WICPMS,N/A
40203,FOREST HILLS,Cobalt,2009-07-27T00:00,0.000,µg/m³,WICPMS,N/A
40203,FOREST HILLS,Cobalt,2009-07-30T00:00,0.000,µg/m³,WICPMS,N/A
40203,FOREST HILLS,Cobalt,2009-08-05T00:00,0.000,µg/m³,WICPMS,N/A
40203,FOREST HILLS,Cobalt,2009-08-08T00:00,0.000,µg/m³,WICPMS,N/A
40203,FOREST HILLS,Cobalt,2009-08-11T00:00,0.000,µg/m³,WICPMS,N/A
40203,FOREST HILLS,Cobalt,2009-08-14T00:00,0.000,µg/m³,WICPMS,N/A
40203,FOREST HILLS,Cobalt,2009-08-26T00:00,0.000,µg/m³,WICPMS,N/A
40203,FOREST HILLS,Cobalt,2009-08-29T00:00,0.000,µg/m³,WICPMS,N/A
40203,FOREST HILLS,Cobalt,2009-09-04T00:00,0.000,µg/m³,WICPMS,N/A
40203,FOREST HILLS,Cobalt,2009-09-07T00:00,0.000,µg/m³,WICPMS,N/A
40203,FOREST HILLS,Cobalt,2009-09-10T00:00,0.000,µg/m³,WICPMS,N/A
40203,FOREST HILLS,Cobalt,2009-09-13T00:00,0.000,µg/m³,WICPMS,N/A
40203,FOREST HILLS,Cobalt,2009-09-19T00:00,0.000,µg/m³,WICPMS,N/A
40203,FOREST HILLS,Cobalt,2009-09-22T00:00,0.000,µg/m³,WICPMS,N/A
40203,FOREST HILLS,Cobalt,2009-09-25T00:00,0.000,µg/m³,WICPMS,N/A
40203,FOREST HILLS,Cobalt,2009-09-28T00:00,0.000,µg/m³,WICPMS,N/A
40203,FOREST HILLS,Cobalt,2009-10-01T00:00,0.000,µg/m³,WICPMS,N/A
40203,FOREST HILLS,Cobalt,2009-10-04T00:00,0.000,µg/m³,WICPMS,N/A
40203,FOREST HILLS,Cobalt,2009-10-07T00:00,0.000,µg/m³,WICPMS,N/A
40203,FOREST HILLS,Cobalt,2009-10-10T00:00,0.000,µg/m³,WICPMS,N/A
40203,FOREST HILLS,Cobalt,2009-10-16T00:00,0.000,µg/m³,WICPMS,N/A
40203,FOREST HILLS,Cobalt,2009-10-19T00:00,0.000,µg/m³,WICPMS,N/A
40203,FOREST HILLS,Cobalt,2009-10-22T00:00,0.000,µg/m³,WICPMS,N/A
40203,FOREST HILLS,Cobalt,2009-10-25T00:00,0.000,µg/m³,WICPMS,N/A
40203,FOREST HILLS,Cobalt,2009-10-28T00:00,0.000,µg/m³,WICPMS,N/A
40203,FOREST HILLS,Cobalt,2009-10-31T00:00,0.000,µg/m³,WICPMS,N/A
40203,FOREST HILLS,Cobalt,2009-11-03T00:00,0.000,µg/m³,WICPMS,N/A
40203,FOREST HILLS,Cobalt,2009-11-06T00:00,0.000,µg/m³,WICPMS,N/A
40203,FOREST HILLS,Cobalt,2009-11-09T00:00,0.000,µg/m³,WICPMS,N/A
40203,FOREST HILLS,Cobalt,2009-11-12T00:00,0.000,µg/m³,WICPMS,N/A
40203,FOREST HILLS,Cobalt,2009-11-18T00:00,0.000,µg/m³,WICPMS,N/A
40203,FOREST HILLS,Cobalt,2009-11-21T00:00,0.000,µg/m³,WICPMS,N/A
40203,FOREST HILLS,Cobalt,2009-11-24T00:00,0.000,µg/m³,WICPMS,N/A
40203,FOREST HILLS,Cobalt,2009-11-27T00:00,0.000,µg/m³,WICPMS,N/A
40203,FOREST HILLS,Cobalt,2009-11-30T00:00,0.000,µg/m³,WICPMS,N/A
40203,FOREST HILLS,Cobalt,2009-12-03T00:00,0.000,µg/m³,WICPMS,N/A
40203,FOREST HILLS,Cobalt,2009-12-06T00:00,0.000,µg/m³,WICPMS,N/A
40203,FOREST HILLS,Cobalt,2009-12-09T00:00,0.000,µg/m³,WICPMS,N/A
40203,FOREST HILLS,Cobalt,2009-12-12T00:00,0.000,µg/m³,WICPMS,N/A
40203,FOREST HILLS,Cobalt,2009-12-15T00:00,0.000,µg/m³,WICPMS,N/A
40203,FOREST HILLS,Cobalt,2009-12-18T00:00,0.000,µg/m³,WICPMS,N/A
40203,FOREST HILLS,Cobalt,2009-12-21T00:00,0.000,µg/m³,WICPMS,N/A
