﻿NAPS_Site_ID,Station_Name,Pollutant,Date,Value,Units,Report_Type,Method
100134,VANCOUVER INTL. AIRPORT,"1,2-Diethylbenzene",2011-01-03T00:00,0.013,µg/m³,VOC,N/A
100134,VANCOUVER INTL. AIRPORT,"1,2-Diethylbenzene",2011-01-15T00:00,0.003,µg/m³,VOC,N/A
100134,VANCOUVER INTL. AIRPORT,"1,2-Diethylbenzene",2011-01-27T00:00,0.016,µg/m³,VOC,N/A
100134,VANCOUVER INTL. AIRPORT,"1,2-Diethylbenzene",2011-02-08T00:00,0.003,µg/m³,VOC,N/A
100134,VANCOUVER INTL. AIRPORT,"1,2-Diethylbenzene",2011-02-20T00:00,0.004,µg/m³,VOC,N/A
100134,VANCOUVER INTL. AIRPORT,"1,2-Diethylbenzene",2011-03-16T00:00,0.001,µg/m³,VOC,N/A
100134,VANCOUVER INTL. AIRPORT,"1,2-Diethylbenzene",2011-03-28T00:00,0.002,µg/m³,VOC,N/A
100134,VANCOUVER INTL. AIRPORT,"1,2-Diethylbenzene",2011-04-09T00:00,0.002,µg/m³,VOC,N/A
100134,VANCOUVER INTL. AIRPORT,"1,2-Diethylbenzene",2011-04-21T00:00,0.001,µg/m³,VOC,N/A
100134,VANCOUVER INTL. AIRPORT,"1,2-Diethylbenzene",2011-05-03T00:00,0.001,µg/m³,VOC,N/A
100134,VANCOUVER INTL. AIRPORT,"1,2-Diethylbenzene",2011-05-15T00:00,0.003,µg/m³,VOC,N/A
100134,VANCOUVER INTL. AIRPORT,"1,2-Diethylbenzene",2011-05-27T00:00,0.002,µg/m³,VOC,N/A
100134,VANCOUVER INTL. AIRPORT,"1,2-Diethylbenzene",2011-06-08T00:00,0.002,µg/m³,VOC,N/A
100134,VANCOUVER INTL. AIRPORT,"1,2-Diethylbenzene",2011-06-20T00:00,0.002,µg/m³,VOC,N/A
100134,VANCOUVER INTL. AIRPORT,"1,2-Diethylbenzene",2011-07-02T00:00,0.010,µg/m³,VOC,N/A
100134,VANCOUVER INTL. AIRPORT,"1,2-Diethylbenzene",2011-07-14T00:00,0.002,µg/m³,VOC,N/A
100134,VANCOUVER INTL. AIRPORT,"1,2-Diethylbenzene",2011-07-26T00:00,0.003,µg/m³,VOC,N/A
100134,VANCOUVER INTL. AIRPORT,"1,2-Diethylbenzene",2011-08-07T00:00,0.008,µg/m³,VOC,N/A
100134,VANCOUVER INTL. AIRPORT,"1,2-Diethylbenzene",2011-08-31T00:00,0.008,µg/m³,VOC,N/A
100134,VANCOUVER INTL. AIRPORT,"1,2-Diethylbenzene",2011-09-12T00:00,0.005,µg/m³,VOC,N/A
100134,VANCOUVER INTL. AIRPORT,"1,2-Diethylbenzene",2011-09-24T00:00,0.009,µg/m³,VOC,N/A
100134,VANCOUVER INTL. AIRPORT,"1,2-Diethylbenzene",2011-10-06T00:00,0.005,µg/m³,VOC,N/A
100134,VANCOUVER INTL. AIRPORT,"1,2-Diethylbenzene",2011-10-18T00:00,0.024,µg/m³,VOC,N/A
100134,VANCOUVER INTL. AIRPORT,"1,2-Diethylbenzene",2011-10-30T00:00,0.007,µg/m³,VOC,N/A
100134,VANCOUVER INTL. AIRPORT,"1,2-Diethylbenzene",2011-11-11T00:00,0.005,µg/m³,VOC,N/A
100134,VANCOUVER INTL. AIRPORT,"1,2-Diethylbenzene",2011-11-23T00:00,0.012,µg/m³,VOC,N/A
100134,VANCOUVER INTL. AIRPORT,"1,2-Diethylbenzene",2011-12-29T00:00,0.007,µg/m³,VOC,N/A
