﻿NAPS_Site_ID,Station_Name,Pollutant,Date,Value,Units,Report_Type,Method
62601,EXPERIMENTAL FARM _SIMCOE_,"cis-1,3-Dimethylcyclohexane",1993-02-06T00:00,0.000,µg/m³,VOC,N/A
62601,EXPERIMENTAL FARM _SIMCOE_,"cis-1,3-Dimethylcyclohexane",1993-03-20T00:00,0.000,µg/m³,VOC,N/A
62601,EXPERIMENTAL FARM _SIMCOE_,"cis-1,3-Dimethylcyclohexane",1993-03-26T00:00,0.000,µg/m³,VOC,N/A
62601,EXPERIMENTAL FARM _SIMCOE_,"cis-1,3-Dimethylcyclohexane",1993-06-06T00:00,0.000,µg/m³,VOC,N/A
62601,EXPERIMENTAL FARM _SIMCOE_,"cis-1,3-Dimethylcyclohexane",1993-06-12T00:00,0.000,µg/m³,VOC,N/A
62601,EXPERIMENTAL FARM _SIMCOE_,"cis-1,3-Dimethylcyclohexane",1993-06-18T00:00,0.029,µg/m³,VOC,N/A
62601,EXPERIMENTAL FARM _SIMCOE_,"cis-1,3-Dimethylcyclohexane",1993-06-24T00:00,0.000,µg/m³,VOC,N/A
62601,EXPERIMENTAL FARM _SIMCOE_,"cis-1,3-Dimethylcyclohexane",1993-06-30T00:00,0.000,µg/m³,VOC,N/A
62601,EXPERIMENTAL FARM _SIMCOE_,"cis-1,3-Dimethylcyclohexane",1993-07-06T00:00,0.037,µg/m³,VOC,N/A
62601,EXPERIMENTAL FARM _SIMCOE_,"cis-1,3-Dimethylcyclohexane",1993-07-18T00:00,0.000,µg/m³,VOC,N/A
62601,EXPERIMENTAL FARM _SIMCOE_,"cis-1,3-Dimethylcyclohexane",1993-07-24T00:00,0.000,µg/m³,VOC,N/A
62601,EXPERIMENTAL FARM _SIMCOE_,"cis-1,3-Dimethylcyclohexane",1993-10-22T00:00,0.000,µg/m³,VOC,N/A
62601,EXPERIMENTAL FARM _SIMCOE_,"cis-1,3-Dimethylcyclohexane",1993-10-28T00:00,0.000,µg/m³,VOC,N/A
62601,EXPERIMENTAL FARM _SIMCOE_,"cis-1,3-Dimethylcyclohexane",1993-11-03T00:00,0.000,µg/m³,VOC,N/A
62601,EXPERIMENTAL FARM _SIMCOE_,"cis-1,3-Dimethylcyclohexane",1993-11-09T00:00,0.051,µg/m³,VOC,N/A
62601,EXPERIMENTAL FARM _SIMCOE_,"cis-1,3-Dimethylcyclohexane",1993-11-15T00:00,0.054,µg/m³,VOC,N/A
62601,EXPERIMENTAL FARM _SIMCOE_,"cis-1,3-Dimethylcyclohexane",1993-11-21T00:00,0.000,µg/m³,VOC,N/A
62601,EXPERIMENTAL FARM _SIMCOE_,"cis-1,3-Dimethylcyclohexane",1993-12-03T00:00,0.000,µg/m³,VOC,N/A
62601,EXPERIMENTAL FARM _SIMCOE_,"cis-1,3-Dimethylcyclohexane",1993-12-09T00:00,0.000,µg/m³,VOC,N/A
62601,EXPERIMENTAL FARM _SIMCOE_,"cis-1,3-Dimethylcyclohexane",1993-12-15T00:00,0.050,µg/m³,VOC,N/A
62601,EXPERIMENTAL FARM _SIMCOE_,"cis-1,3-Dimethylcyclohexane",1993-12-21T00:00,0.000,µg/m³,VOC,N/A
62601,EXPERIMENTAL FARM _SIMCOE_,"cis-1,3-Dimethylcyclohexane",1993-12-27T00:00,0.046,µg/m³,VOC,N/A
