﻿NAPS_Site_ID,Station_Name,Pollutant,Date,Value,Units,Report_Type,Method
90121,EDMONTON EAST,Naphthalene,1997-01-04T00:00,0.060,µg/m³,VOC,GC-MS
90121,EDMONTON EAST,Naphthalene,1997-01-10T00:00,0.000,µg/m³,VOC,GC-MS
90121,EDMONTON EAST,Naphthalene,1997-01-16T00:00,0.140,µg/m³,VOC,GC-MS
90121,EDMONTON EAST,Naphthalene,1997-01-22T00:00,0.060,µg/m³,VOC,GC-MS
90121,EDMONTON EAST,Naphthalene,1997-01-28T00:00,0.040,µg/m³,VOC,GC-MS
90121,EDMONTON EAST,Naphthalene,1997-02-03T00:00,0.700,µg/m³,VOC,GC-MS
90121,EDMONTON EAST,Naphthalene,1997-02-09T00:00,0.340,µg/m³,VOC,GC-MS
90121,EDMONTON EAST,Naphthalene,1997-02-13T00:00,0.200,µg/m³,VOC,GC-MS
90121,EDMONTON EAST,Naphthalene,1997-02-15T00:00,0.080,µg/m³,VOC,GC-MS
90121,EDMONTON EAST,Naphthalene,1997-02-21T00:00,0.280,µg/m³,VOC,GC-MS
90121,EDMONTON EAST,Naphthalene,1997-02-27T00:00,0.440,µg/m³,VOC,GC-MS
90121,EDMONTON EAST,Naphthalene,1997-03-05T00:00,0.360,µg/m³,VOC,GC-MS
90121,EDMONTON EAST,Naphthalene,1997-03-11T00:00,0.540,µg/m³,VOC,GC-MS
90121,EDMONTON EAST,Naphthalene,1997-03-17T00:00,0.040,µg/m³,VOC,GC-MS
90121,EDMONTON EAST,Naphthalene,1997-03-23T00:00,0.120,µg/m³,VOC,GC-MS
90121,EDMONTON EAST,Naphthalene,1997-03-26T00:00,1.540,µg/m³,VOC,GC-MS
90121,EDMONTON EAST,Naphthalene,1997-03-29T00:00,0.260,µg/m³,VOC,GC-MS
90121,EDMONTON EAST,Naphthalene,1997-04-04T00:00,0.120,µg/m³,VOC,GC-MS
90121,EDMONTON EAST,Naphthalene,1997-04-10T00:00,0.840,µg/m³,VOC,GC-MS
90121,EDMONTON EAST,Naphthalene,1997-04-16T00:00,1.120,µg/m³,VOC,GC-MS
90121,EDMONTON EAST,Naphthalene,1997-04-18T00:00,1.200,µg/m³,VOC,GC-MS
90121,EDMONTON EAST,Naphthalene,1997-04-22T00:00,1.620,µg/m³,VOC,GC-MS
90121,EDMONTON EAST,Naphthalene,1997-04-28T00:00,0.130,µg/m³,VOC,GC-MS
90121,EDMONTON EAST,Naphthalene,1997-05-04T00:00,0.100,µg/m³,VOC,GC-MS
90121,EDMONTON EAST,Naphthalene,1997-05-10T00:00,0.060,µg/m³,VOC,GC-MS
90121,EDMONTON EAST,Naphthalene,1997-05-16T00:00,0.080,µg/m³,VOC,GC-MS
90121,EDMONTON EAST,Naphthalene,1997-05-22T00:00,0.180,µg/m³,VOC,GC-MS
90121,EDMONTON EAST,Naphthalene,1997-05-30T00:00,0.240,µg/m³,VOC,GC-MS
90121,EDMONTON EAST,Naphthalene,1997-05-30T00:00,0.580,µg/m³,VOC,GC-MS
90121,EDMONTON EAST,Naphthalene,1997-06-03T00:00,0.210,µg/m³,VOC,GC-MS
90121,EDMONTON EAST,Naphthalene,1997-06-09T00:00,0.424,µg/m³,VOC,GC-MS
90121,EDMONTON EAST,Naphthalene,1997-06-15T00:00,0.328,µg/m³,VOC,GC-MS
90121,EDMONTON EAST,Naphthalene,1997-06-21T00:00,0.145,µg/m³,VOC,GC-MS
90121,EDMONTON EAST,Naphthalene,1997-06-27T00:00,0.271,µg/m³,VOC,GC-MS
90121,EDMONTON EAST,Naphthalene,1997-07-03T00:00,0.351,µg/m³,VOC,GC-MS
90121,EDMONTON EAST,Naphthalene,1997-07-05T00:00,0.186,µg/m³,VOC,GC-MS
90121,EDMONTON EAST,Naphthalene,1997-07-09T00:00,0.531,µg/m³,VOC,GC-MS
90121,EDMONTON EAST,Naphthalene,1997-07-15T00:00,0.512,µg/m³,VOC,GC-MS
90121,EDMONTON EAST,Naphthalene,1997-07-17T00:00,0.883,µg/m³,VOC,GC-MS
90121,EDMONTON EAST,Naphthalene,1997-07-21T00:00,0.296,µg/m³,VOC,GC-MS
90121,EDMONTON EAST,Naphthalene,1997-07-24T00:00,0.469,µg/m³,VOC,GC-MS
90121,EDMONTON EAST,Naphthalene,1997-07-27T00:00,0.183,µg/m³,VOC,GC-MS
90121,EDMONTON EAST,Naphthalene,1997-07-30T00:00,0.394,µg/m³,VOC,GC-MS
90121,EDMONTON EAST,Naphthalene,1997-08-14T00:00,0.508,µg/m³,VOC,GC-MS
90121,EDMONTON EAST,Naphthalene,1997-08-20T00:00,0.769,µg/m³,VOC,GC-MS
90121,EDMONTON EAST,Naphthalene,1997-08-26T00:00,0.485,µg/m³,VOC,GC-MS
90121,EDMONTON EAST,Naphthalene,1997-09-01T00:00,0.295,µg/m³,VOC,GC-MS
90121,EDMONTON EAST,Naphthalene,1997-09-07T00:00,0.195,µg/m³,VOC,GC-MS
90121,EDMONTON EAST,Naphthalene,1997-09-13T00:00,0.134,µg/m³,VOC,GC-MS
90121,EDMONTON EAST,Naphthalene,1997-09-19T00:00,0.344,µg/m³,VOC,GC-MS
90121,EDMONTON EAST,Naphthalene,1997-09-25T00:00,0.286,µg/m³,VOC,GC-MS
90121,EDMONTON EAST,Naphthalene,1997-10-01T00:00,0.251,µg/m³,VOC,GC-MS
90121,EDMONTON EAST,Naphthalene,1997-10-07T00:00,0.165,µg/m³,VOC,GC-MS
90121,EDMONTON EAST,Naphthalene,1997-10-13T00:00,0.171,µg/m³,VOC,GC-MS
90121,EDMONTON EAST,Naphthalene,1997-10-19T00:00,0.186,µg/m³,VOC,GC-MS
90121,EDMONTON EAST,Naphthalene,1997-10-25T00:00,0.166,µg/m³,VOC,GC-MS
90121,EDMONTON EAST,Naphthalene,1997-10-31T00:00,0.810,µg/m³,VOC,GC-MS
90121,EDMONTON EAST,Naphthalene,1997-11-06T00:00,0.366,µg/m³,VOC,GC-MS
90121,EDMONTON EAST,Naphthalene,1997-11-12T00:00,0.263,µg/m³,VOC,GC-MS
90121,EDMONTON EAST,Naphthalene,1997-11-18T00:00,0.377,µg/m³,VOC,GC-MS
90121,EDMONTON EAST,Naphthalene,1997-11-24T00:00,0.421,µg/m³,VOC,GC-MS
90121,EDMONTON EAST,Naphthalene,1997-11-30T00:00,0.605,µg/m³,VOC,GC-MS
90121,EDMONTON EAST,Naphthalene,1997-12-06T00:00,0.000,µg/m³,VOC,GC-MS
90121,EDMONTON EAST,Naphthalene,1997-12-12T00:00,0.320,µg/m³,VOC,GC-MS
90121,EDMONTON EAST,Naphthalene,1997-12-18T00:00,0.940,µg/m³,VOC,GC-MS
90121,EDMONTON EAST,Naphthalene,1997-12-24T00:00,0.200,µg/m³,VOC,GC-MS
90121,EDMONTON EAST,Naphthalene,1997-12-30T00:00,0.220,µg/m³,VOC,GC-MS
