﻿NAPS_Site_ID,Station_Name,Pollutant,Date,Value,Units,Report_Type,Method
60101,HYDRO BLDG.,trans-2-Octene,1994-03-09T00:00,0.000,µg/m³,VOC,
60101,HYDRO BLDG.,trans-2-Octene,1994-03-15T00:00,0.000,µg/m³,VOC,
60101,HYDRO BLDG.,trans-2-Octene,1994-03-27T00:00,0.000,µg/m³,VOC,
60101,HYDRO BLDG.,trans-2-Octene,1994-04-02T00:00,0.000,µg/m³,VOC,
60101,HYDRO BLDG.,trans-2-Octene,1994-04-08T00:00,0.000,µg/m³,VOC,
60101,HYDRO BLDG.,trans-2-Octene,1994-04-14T00:00,0.000,µg/m³,VOC,
60101,HYDRO BLDG.,trans-2-Octene,1994-04-20T00:00,0.000,µg/m³,VOC,
60101,HYDRO BLDG.,trans-2-Octene,1994-04-26T00:00,0.000,µg/m³,VOC,
60101,HYDRO BLDG.,trans-2-Octene,1994-05-02T00:00,0.000,µg/m³,VOC,
60101,HYDRO BLDG.,trans-2-Octene,1994-05-08T00:00,0.000,µg/m³,VOC,
60101,HYDRO BLDG.,trans-2-Octene,1994-05-14T00:00,0.000,µg/m³,VOC,
60101,HYDRO BLDG.,trans-2-Octene,1994-05-20T00:00,0.000,µg/m³,VOC,
60101,HYDRO BLDG.,trans-2-Octene,1994-05-26T00:00,0.000,µg/m³,VOC,
60101,HYDRO BLDG.,trans-2-Octene,1994-06-01T00:00,0.000,µg/m³,VOC,
60101,HYDRO BLDG.,trans-2-Octene,1994-06-07T00:00,0.000,µg/m³,VOC,
60101,HYDRO BLDG.,trans-2-Octene,1994-06-13T00:00,0.153,µg/m³,VOC,
60101,HYDRO BLDG.,trans-2-Octene,1994-06-19T00:00,0.000,µg/m³,VOC,
60101,HYDRO BLDG.,trans-2-Octene,1994-06-25T00:00,0.000,µg/m³,VOC,
60101,HYDRO BLDG.,trans-2-Octene,1994-07-07T00:00,0.000,µg/m³,VOC,
60101,HYDRO BLDG.,trans-2-Octene,1994-07-13T00:00,0.022,µg/m³,VOC,
60101,HYDRO BLDG.,trans-2-Octene,1994-07-19T00:00,0.000,µg/m³,VOC,
60101,HYDRO BLDG.,trans-2-Octene,1994-07-25T00:00,0.000,µg/m³,VOC,
60101,HYDRO BLDG.,trans-2-Octene,1994-08-18T00:00,0.183,µg/m³,VOC,
60101,HYDRO BLDG.,trans-2-Octene,1994-08-24T00:00,0.308,µg/m³,VOC,
60101,HYDRO BLDG.,trans-2-Octene,1994-08-30T00:00,0.166,µg/m³,VOC,
60101,HYDRO BLDG.,trans-2-Octene,1994-09-05T00:00,0.000,µg/m³,VOC,
60101,HYDRO BLDG.,trans-2-Octene,1994-09-11T00:00,0.000,µg/m³,VOC,
60101,HYDRO BLDG.,trans-2-Octene,1994-09-17T00:00,0.000,µg/m³,VOC,
60101,HYDRO BLDG.,trans-2-Octene,1994-09-23T00:00,0.000,µg/m³,VOC,
60101,HYDRO BLDG.,trans-2-Octene,1994-09-29T00:00,0.182,µg/m³,VOC,
60101,HYDRO BLDG.,trans-2-Octene,1994-10-05T00:00,0.159,µg/m³,VOC,
60101,HYDRO BLDG.,trans-2-Octene,1994-10-11T00:00,0.153,µg/m³,VOC,
60101,HYDRO BLDG.,trans-2-Octene,1994-10-17T00:00,0.259,µg/m³,VOC,
60101,HYDRO BLDG.,trans-2-Octene,1994-10-23T00:00,0.099,µg/m³,VOC,
60101,HYDRO BLDG.,trans-2-Octene,1994-11-10T00:00,0.091,µg/m³,VOC,
60101,HYDRO BLDG.,trans-2-Octene,1994-11-16T00:00,0.258,µg/m³,VOC,
60101,HYDRO BLDG.,trans-2-Octene,1994-11-22T00:00,0.153,µg/m³,VOC,
60101,HYDRO BLDG.,trans-2-Octene,1994-11-28T00:00,0.176,µg/m³,VOC,
60101,HYDRO BLDG.,trans-2-Octene,1994-12-04T00:00,0.184,µg/m³,VOC,
60101,HYDRO BLDG.,trans-2-Octene,1994-12-10T00:00,0.062,µg/m³,VOC,
60101,HYDRO BLDG.,trans-2-Octene,1994-12-16T00:00,0.091,µg/m³,VOC,
60101,HYDRO BLDG.,trans-2-Octene,1994-12-22T00:00,0.370,µg/m³,VOC,
60101,HYDRO BLDG.,trans-2-Octene,1994-12-28T00:00,0.152,µg/m³,VOC,
