﻿NAPS_Site_ID,Station_Name,Pollutant,Date,Value,Units,Report_Type,Method
50104,ONTARIO,Cyclohexane,2008-01-01T00:00,0.161,µg/m³,VOC,N/A
50104,ONTARIO,Cyclohexane,2008-01-07T00:00,0.283,µg/m³,VOC,N/A
50104,ONTARIO,Cyclohexane,2008-01-13T00:00,0.086,µg/m³,VOC,N/A
50104,ONTARIO,Cyclohexane,2008-01-19T00:00,0.077,µg/m³,VOC,N/A
50104,ONTARIO,Cyclohexane,2008-01-25T00:00,0.132,µg/m³,VOC,N/A
50104,ONTARIO,Cyclohexane,2008-01-31T00:00,0.103,µg/m³,VOC,N/A
50104,ONTARIO,Cyclohexane,2008-02-06T00:00,0.118,µg/m³,VOC,N/A
50104,ONTARIO,Cyclohexane,2008-02-12T00:00,0.130,µg/m³,VOC,N/A
50104,ONTARIO,Cyclohexane,2008-02-18T00:00,0.119,µg/m³,VOC,N/A
50104,ONTARIO,Cyclohexane,2008-02-24T00:00,0.100,µg/m³,VOC,N/A
50104,ONTARIO,Cyclohexane,2008-03-01T00:00,0.121,µg/m³,VOC,N/A
50104,ONTARIO,Cyclohexane,2008-03-07T00:00,0.266,µg/m³,VOC,N/A
50104,ONTARIO,Cyclohexane,2008-03-13T00:00,0.177,µg/m³,VOC,N/A
50104,ONTARIO,Cyclohexane,2008-03-19T00:00,0.096,µg/m³,VOC,N/A
50104,ONTARIO,Cyclohexane,2008-03-25T00:00,0.089,µg/m³,VOC,N/A
50104,ONTARIO,Cyclohexane,2008-04-06T00:00,0.132,µg/m³,VOC,N/A
50104,ONTARIO,Cyclohexane,2008-04-12T00:00,0.105,µg/m³,VOC,N/A
50104,ONTARIO,Cyclohexane,2008-04-18T00:00,0.542,µg/m³,VOC,N/A
50104,ONTARIO,Cyclohexane,2008-04-24T00:00,0.102,µg/m³,VOC,N/A
50104,ONTARIO,Cyclohexane,2008-04-30T00:00,0.057,µg/m³,VOC,N/A
50104,ONTARIO,Cyclohexane,2008-05-06T00:00,0.104,µg/m³,VOC,N/A
50104,ONTARIO,Cyclohexane,2008-05-12T00:00,0.069,µg/m³,VOC,N/A
50104,ONTARIO,Cyclohexane,2008-05-18T00:00,0.038,µg/m³,VOC,N/A
50104,ONTARIO,Cyclohexane,2008-05-24T00:00,0.080,µg/m³,VOC,N/A
50104,ONTARIO,Cyclohexane,2008-05-30T00:00,0.076,µg/m³,VOC,N/A
50104,ONTARIO,Cyclohexane,2008-06-17T00:00,0.118,µg/m³,VOC,N/A
50104,ONTARIO,Cyclohexane,2008-06-23T00:00,0.178,µg/m³,VOC,N/A
50104,ONTARIO,Cyclohexane,2008-06-29T00:00,0.072,µg/m³,VOC,N/A
50104,ONTARIO,Cyclohexane,2008-07-05T00:00,0.102,µg/m³,VOC,N/A
50104,ONTARIO,Cyclohexane,2008-07-17T00:00,0.185,µg/m³,VOC,N/A
50104,ONTARIO,Cyclohexane,2008-07-23T00:00,0.109,µg/m³,VOC,N/A
50104,ONTARIO,Cyclohexane,2008-07-29T00:00,0.099,µg/m³,VOC,N/A
50104,ONTARIO,Cyclohexane,2008-08-04T00:00,0.134,µg/m³,VOC,N/A
50104,ONTARIO,Cyclohexane,2008-08-10T00:00,0.100,µg/m³,VOC,N/A
50104,ONTARIO,Cyclohexane,2008-08-16T00:00,0.066,µg/m³,VOC,N/A
50104,ONTARIO,Cyclohexane,2008-08-28T00:00,0.347,µg/m³,VOC,N/A
50104,ONTARIO,Cyclohexane,2008-09-03T00:00,0.465,µg/m³,VOC,N/A
50104,ONTARIO,Cyclohexane,2008-09-09T00:00,0.079,µg/m³,VOC,N/A
50104,ONTARIO,Cyclohexane,2008-09-15T00:00,0.071,µg/m³,VOC,N/A
50104,ONTARIO,Cyclohexane,2008-09-21T00:00,0.104,µg/m³,VOC,N/A
50104,ONTARIO,Cyclohexane,2008-09-27T00:00,0.108,µg/m³,VOC,N/A
