﻿NAPS_Site_ID,Station_Name,Pollutant,Date,Value,Units,Report_Type,Method
65101,EAGLE ST. & McCAFFREY RD. _NEWMARKET_,2-Methylheptane,2006-01-05T00:00,0.034,µg/m³,VOC,
65101,EAGLE ST. & McCAFFREY RD. _NEWMARKET_,2-Methylheptane,2006-01-11T00:00,0.135,µg/m³,VOC,
65101,EAGLE ST. & McCAFFREY RD. _NEWMARKET_,2-Methylheptane,2006-01-17T00:00,0.033,µg/m³,VOC,
65101,EAGLE ST. & McCAFFREY RD. _NEWMARKET_,2-Methylheptane,2006-01-23T00:00,0.072,µg/m³,VOC,
65101,EAGLE ST. & McCAFFREY RD. _NEWMARKET_,2-Methylheptane,2006-01-29T00:00,0.105,µg/m³,VOC,
65101,EAGLE ST. & McCAFFREY RD. _NEWMARKET_,2-Methylheptane,2006-02-04T00:00,0.073,µg/m³,VOC,
65101,EAGLE ST. & McCAFFREY RD. _NEWMARKET_,2-Methylheptane,2006-02-10T00:00,0.070,µg/m³,VOC,
65101,EAGLE ST. & McCAFFREY RD. _NEWMARKET_,2-Methylheptane,2006-02-16T00:00,0.049,µg/m³,VOC,
65101,EAGLE ST. & McCAFFREY RD. _NEWMARKET_,2-Methylheptane,2006-02-22T00:00,0.126,µg/m³,VOC,
65101,EAGLE ST. & McCAFFREY RD. _NEWMARKET_,2-Methylheptane,2006-03-12T00:00,0.042,µg/m³,VOC,
65101,EAGLE ST. & McCAFFREY RD. _NEWMARKET_,2-Methylheptane,2006-03-18T00:00,0.014,µg/m³,VOC,
65101,EAGLE ST. & McCAFFREY RD. _NEWMARKET_,2-Methylheptane,2006-03-24T00:00,0.024,µg/m³,VOC,
65101,EAGLE ST. & McCAFFREY RD. _NEWMARKET_,2-Methylheptane,2006-03-30T00:00,0.075,µg/m³,VOC,
65101,EAGLE ST. & McCAFFREY RD. _NEWMARKET_,2-Methylheptane,2006-06-22T00:00,0.041,µg/m³,VOC,
65101,EAGLE ST. & McCAFFREY RD. _NEWMARKET_,2-Methylheptane,2006-06-28T00:00,0.123,µg/m³,VOC,
65101,EAGLE ST. & McCAFFREY RD. _NEWMARKET_,2-Methylheptane,2006-07-04T00:00,0.044,µg/m³,VOC,
65101,EAGLE ST. & McCAFFREY RD. _NEWMARKET_,2-Methylheptane,2006-07-10T00:00,0.045,µg/m³,VOC,
65101,EAGLE ST. & McCAFFREY RD. _NEWMARKET_,2-Methylheptane,2006-07-10T00:00,0.045,µg/m³,VOC,
65101,EAGLE ST. & McCAFFREY RD. _NEWMARKET_,2-Methylheptane,2006-07-16T00:00,0.035,µg/m³,VOC,
65101,EAGLE ST. & McCAFFREY RD. _NEWMARKET_,2-Methylheptane,2006-07-22T00:00,0.033,µg/m³,VOC,
65101,EAGLE ST. & McCAFFREY RD. _NEWMARKET_,2-Methylheptane,2006-07-28T00:00,0.067,µg/m³,VOC,
65101,EAGLE ST. & McCAFFREY RD. _NEWMARKET_,2-Methylheptane,2006-08-03T00:00,0.022,µg/m³,VOC,
65101,EAGLE ST. & McCAFFREY RD. _NEWMARKET_,2-Methylheptane,2006-08-09T00:00,0.051,µg/m³,VOC,
65101,EAGLE ST. & McCAFFREY RD. _NEWMARKET_,2-Methylheptane,2006-08-15T00:00,0.023,µg/m³,VOC,
65101,EAGLE ST. & McCAFFREY RD. _NEWMARKET_,2-Methylheptane,2006-08-21T00:00,0.017,µg/m³,VOC,
65101,EAGLE ST. & McCAFFREY RD. _NEWMARKET_,2-Methylheptane,2006-08-27T00:00,0.087,µg/m³,VOC,
65101,EAGLE ST. & McCAFFREY RD. _NEWMARKET_,2-Methylheptane,2006-09-02T00:00,0.062,µg/m³,VOC,
65101,EAGLE ST. & McCAFFREY RD. _NEWMARKET_,2-Methylheptane,2006-09-08T00:00,0.054,µg/m³,VOC,
65101,EAGLE ST. & McCAFFREY RD. _NEWMARKET_,2-Methylheptane,2006-09-14T00:00,0.130,µg/m³,VOC,
65101,EAGLE ST. & McCAFFREY RD. _NEWMARKET_,2-Methylheptane,2006-09-20T00:00,0.019,µg/m³,VOC,
65101,EAGLE ST. & McCAFFREY RD. _NEWMARKET_,2-Methylheptane,2006-09-26T00:00,0.031,µg/m³,VOC,
65101,EAGLE ST. & McCAFFREY RD. _NEWMARKET_,2-Methylheptane,2006-10-02T00:00,0.078,µg/m³,VOC,
65101,EAGLE ST. & McCAFFREY RD. _NEWMARKET_,2-Methylheptane,2006-10-08T00:00,0.069,µg/m³,VOC,
65101,EAGLE ST. & McCAFFREY RD. _NEWMARKET_,2-Methylheptane,2006-10-14T00:00,0.013,µg/m³,VOC,
65101,EAGLE ST. & McCAFFREY RD. _NEWMARKET_,2-Methylheptane,2006-10-20T00:00,0.034,µg/m³,VOC,
65101,EAGLE ST. & McCAFFREY RD. _NEWMARKET_,2-Methylheptane,2006-10-26T00:00,0.063,µg/m³,VOC,
65101,EAGLE ST. & McCAFFREY RD. _NEWMARKET_,2-Methylheptane,2006-11-01T00:00,0.024,µg/m³,VOC,
65101,EAGLE ST. & McCAFFREY RD. _NEWMARKET_,2-Methylheptane,2006-11-07T00:00,0.185,µg/m³,VOC,
65101,EAGLE ST. & McCAFFREY RD. _NEWMARKET_,2-Methylheptane,2006-11-13T00:00,0.080,µg/m³,VOC,
65101,EAGLE ST. & McCAFFREY RD. _NEWMARKET_,2-Methylheptane,2006-11-19T00:00,0.016,µg/m³,VOC,
65101,EAGLE ST. & McCAFFREY RD. _NEWMARKET_,2-Methylheptane,2006-11-25T00:00,0.200,µg/m³,VOC,
65101,EAGLE ST. & McCAFFREY RD. _NEWMARKET_,2-Methylheptane,2006-12-01T00:00,0.047,µg/m³,VOC,
65101,EAGLE ST. & McCAFFREY RD. _NEWMARKET_,2-Methylheptane,2006-12-07T00:00,0.017,µg/m³,VOC,
65101,EAGLE ST. & McCAFFREY RD. _NEWMARKET_,2-Methylheptane,2006-12-13T00:00,0.101,µg/m³,VOC,
65101,EAGLE ST. & McCAFFREY RD. _NEWMARKET_,2-Methylheptane,2006-12-19T00:00,0.021,µg/m³,VOC,
65101,EAGLE ST. & McCAFFREY RD. _NEWMARKET_,2-Methylheptane,2006-12-25T00:00,0.049,µg/m³,VOC,
65101,EAGLE ST. & McCAFFREY RD. _NEWMARKET_,2-Methylheptane,2006-12-31T00:00,0.075,µg/m³,VOC,
