﻿NAPS_Site_ID,Station_Name,Pollutant,Date,Value,Units,Report_Type,Method
100137,BURNABY NORTH,trans-2-Butene,2007-01-06T00:00,8.759,µg/m³,VOC,GC-MS
100137,BURNABY NORTH,trans-2-Butene,2007-01-12T00:00,4.736,µg/m³,VOC,GC-MS
100137,BURNABY NORTH,trans-2-Butene,2007-01-18T00:00,14.299,µg/m³,VOC,GC-MS
100137,BURNABY NORTH,trans-2-Butene,2007-01-24T00:00,32.463,µg/m³,VOC,GC-MS
100137,BURNABY NORTH,trans-2-Butene,2007-01-30T00:00,33.826,µg/m³,VOC,GC-MS
100137,BURNABY NORTH,trans-2-Butene,2007-02-11T00:00,5.420,µg/m³,VOC,GC-MS
100137,BURNABY NORTH,trans-2-Butene,2007-02-17T00:00,2.674,µg/m³,VOC,GC-MS
100137,BURNABY NORTH,trans-2-Butene,2007-02-23T00:00,0.988,µg/m³,VOC,GC-MS
100137,BURNABY NORTH,trans-2-Butene,2007-03-01T00:00,12.867,µg/m³,VOC,GC-MS
100137,BURNABY NORTH,trans-2-Butene,2007-03-07T00:00,2.433,µg/m³,VOC,GC-MS
100137,BURNABY NORTH,trans-2-Butene,2007-03-13T00:00,13.242,µg/m³,VOC,GC-MS
100137,BURNABY NORTH,trans-2-Butene,2007-03-19T00:00,11.136,µg/m³,VOC,GC-MS
100137,BURNABY NORTH,trans-2-Butene,2007-03-25T00:00,10.707,µg/m³,VOC,GC-MS
100137,BURNABY NORTH,trans-2-Butene,2007-03-31T00:00,1.349,µg/m³,VOC,GC-MS
100137,BURNABY NORTH,trans-2-Butene,2007-04-06T00:00,33.051,µg/m³,VOC,GC-MS
100137,BURNABY NORTH,trans-2-Butene,2007-04-12T00:00,9.449,µg/m³,VOC,GC-MS
100137,BURNABY NORTH,trans-2-Butene,2007-04-18T00:00,15.188,µg/m³,VOC,GC-MS
100137,BURNABY NORTH,trans-2-Butene,2007-04-24T00:00,9.615,µg/m³,VOC,GC-MS
100137,BURNABY NORTH,trans-2-Butene,2007-04-30T00:00,7.657,µg/m³,VOC,GC-MS
100137,BURNABY NORTH,trans-2-Butene,2007-05-06T00:00,7.376,µg/m³,VOC,GC-MS
100137,BURNABY NORTH,trans-2-Butene,2007-05-12T00:00,12.289,µg/m³,VOC,GC-MS
100137,BURNABY NORTH,trans-2-Butene,2007-05-18T00:00,25.749,µg/m³,VOC,GC-MS
100137,BURNABY NORTH,trans-2-Butene,2007-05-24T00:00,23.481,µg/m³,VOC,GC-MS
100137,BURNABY NORTH,trans-2-Butene,2007-05-30T00:00,8.582,µg/m³,VOC,GC-MS
100137,BURNABY NORTH,trans-2-Butene,2007-06-05T00:00,10.758,µg/m³,VOC,GC-MS
100137,BURNABY NORTH,trans-2-Butene,2007-06-11T00:00,7.527,µg/m³,VOC,GC-MS
100137,BURNABY NORTH,trans-2-Butene,2007-06-17T00:00,4.527,µg/m³,VOC,GC-MS
100137,BURNABY NORTH,trans-2-Butene,2007-06-23T00:00,3.033,µg/m³,VOC,GC-MS
100137,BURNABY NORTH,trans-2-Butene,2007-06-29T00:00,4.573,µg/m³,VOC,GC-MS
100137,BURNABY NORTH,trans-2-Butene,2007-07-11T00:00,23.761,µg/m³,VOC,GC-MS
100137,BURNABY NORTH,trans-2-Butene,2007-07-17T00:00,15.732,µg/m³,VOC,GC-MS
100137,BURNABY NORTH,trans-2-Butene,2007-07-23T00:00,4.528,µg/m³,VOC,GC-MS
100137,BURNABY NORTH,trans-2-Butene,2007-07-29T00:00,5.309,µg/m³,VOC,GC-MS
100137,BURNABY NORTH,trans-2-Butene,2007-08-04T00:00,18.055,µg/m³,VOC,GC-MS
100137,BURNABY NORTH,trans-2-Butene,2007-08-10T00:00,8.637,µg/m³,VOC,GC-MS
100137,BURNABY NORTH,trans-2-Butene,2007-08-16T00:00,6.061,µg/m³,VOC,GC-MS
100137,BURNABY NORTH,trans-2-Butene,2007-08-22T00:00,20.269,µg/m³,VOC,GC-MS
100137,BURNABY NORTH,trans-2-Butene,2007-08-28T00:00,16.606,µg/m³,VOC,GC-MS
100137,BURNABY NORTH,trans-2-Butene,2007-09-03T00:00,43.403,µg/m³,VOC,GC-MS
100137,BURNABY NORTH,trans-2-Butene,2007-09-09T00:00,19.782,µg/m³,VOC,GC-MS
100137,BURNABY NORTH,trans-2-Butene,2007-09-15T00:00,0.424,µg/m³,VOC,GC-MS
100137,BURNABY NORTH,trans-2-Butene,2007-09-21T00:00,27.672,µg/m³,VOC,GC-MS
100137,BURNABY NORTH,trans-2-Butene,2007-09-27T00:00,19.257,µg/m³,VOC,GC-MS
100137,BURNABY NORTH,trans-2-Butene,2007-10-03T00:00,13.879,µg/m³,VOC,GC-MS
100137,BURNABY NORTH,trans-2-Butene,2007-10-09T00:00,15.896,µg/m³,VOC,GC-MS
100137,BURNABY NORTH,trans-2-Butene,2007-10-15T00:00,18.423,µg/m³,VOC,GC-MS
100137,BURNABY NORTH,trans-2-Butene,2007-10-21T00:00,8.053,µg/m³,VOC,GC-MS
100137,BURNABY NORTH,trans-2-Butene,2007-10-27T00:00,22.119,µg/m³,VOC,GC-MS
100137,BURNABY NORTH,trans-2-Butene,2007-11-02T00:00,30.169,µg/m³,VOC,GC-MS
100137,BURNABY NORTH,trans-2-Butene,2007-11-08T00:00,71.187,µg/m³,VOC,GC-MS
100137,BURNABY NORTH,trans-2-Butene,2007-11-14T00:00,17.186,µg/m³,VOC,GC-MS
100137,BURNABY NORTH,trans-2-Butene,2007-11-20T00:00,73.909,µg/m³,VOC,GC-MS
100137,BURNABY NORTH,trans-2-Butene,2007-11-26T00:00,28.608,µg/m³,VOC,GC-MS
100137,BURNABY NORTH,trans-2-Butene,2007-12-02T00:00,7.162,µg/m³,VOC,GC-MS
100137,BURNABY NORTH,trans-2-Butene,2007-12-08T00:00,29.120,µg/m³,VOC,GC-MS
100137,BURNABY NORTH,trans-2-Butene,2007-12-14T00:00,40.970,µg/m³,VOC,GC-MS
100137,BURNABY NORTH,trans-2-Butene,2007-12-20T00:00,9.297,µg/m³,VOC,GC-MS
100137,BURNABY NORTH,trans-2-Butene,2007-12-26T00:00,26.118,µg/m³,VOC,GC-MS
