﻿NAPS_Site_ID,Station_Name,Pollutant,Date,Value,Units,Report_Type,Method
100112,DOWNTOWN VANCOUVER,3-Methylpentane,2006-01-11T00:00,0.621,µg/m³,VOC,GC-MS
100112,DOWNTOWN VANCOUVER,3-Methylpentane,2006-01-29T00:00,0.849,µg/m³,VOC,GC-MS
100112,DOWNTOWN VANCOUVER,3-Methylpentane,2006-02-16T00:00,0.468,µg/m³,VOC,GC-MS
100112,DOWNTOWN VANCOUVER,3-Methylpentane,2006-03-06T00:00,0.397,µg/m³,VOC,GC-MS
100112,DOWNTOWN VANCOUVER,3-Methylpentane,2006-03-24T00:00,0.396,µg/m³,VOC,GC-MS
100112,DOWNTOWN VANCOUVER,3-Methylpentane,2006-05-17T00:00,0.642,µg/m³,VOC,GC-MS
100112,DOWNTOWN VANCOUVER,3-Methylpentane,2006-07-10T00:00,0.453,µg/m³,VOC,GC-MS
100112,DOWNTOWN VANCOUVER,3-Methylpentane,2006-09-02T00:00,1.600,µg/m³,VOC,GC-MS
100112,DOWNTOWN VANCOUVER,3-Methylpentane,2006-09-20T00:00,0.750,µg/m³,VOC,GC-MS
100112,DOWNTOWN VANCOUVER,3-Methylpentane,2006-10-08T00:00,0.400,µg/m³,VOC,GC-MS
100112,DOWNTOWN VANCOUVER,3-Methylpentane,2006-10-26T00:00,0.778,µg/m³,VOC,GC-MS
100112,DOWNTOWN VANCOUVER,3-Methylpentane,2006-11-19T00:00,0.377,µg/m³,VOC,GC-MS
100112,DOWNTOWN VANCOUVER,3-Methylpentane,2006-12-07T00:00,2.193,µg/m³,VOC,GC-MS
100112,DOWNTOWN VANCOUVER,3-Methylpentane,2006-12-25T00:00,0.303,µg/m³,VOC,GC-MS
