﻿NAPS_Site_ID,Station_Name,Pollutant,Date,Value,Units,Report_Type,Method
90130,EDMONTON CENTRAL,Silicon,1988-01-04T00:00,0.174,µg/m³,DICHOT,N/A
90130,EDMONTON CENTRAL,Silicon,1988-01-04T00:00,2.397,µg/m³,DICHOT,N/A
90130,EDMONTON CENTRAL,Silicon,1988-01-10T00:00,0.059,µg/m³,DICHOT,N/A
90130,EDMONTON CENTRAL,Silicon,1988-01-10T00:00,0.646,µg/m³,DICHOT,N/A
90130,EDMONTON CENTRAL,Silicon,1988-01-16T00:00,0.074,µg/m³,DICHOT,N/A
90130,EDMONTON CENTRAL,Silicon,1988-01-16T00:00,1.578,µg/m³,DICHOT,N/A
90130,EDMONTON CENTRAL,Silicon,1988-01-22T00:00,0.063,µg/m³,DICHOT,N/A
90130,EDMONTON CENTRAL,Silicon,1988-01-22T00:00,1.146,µg/m³,DICHOT,N/A
90130,EDMONTON CENTRAL,Silicon,1988-01-28T00:00,0.071,µg/m³,DICHOT,N/A
90130,EDMONTON CENTRAL,Silicon,1988-01-28T00:00,2.261,µg/m³,DICHOT,N/A
90130,EDMONTON CENTRAL,Silicon,1988-02-03T00:00,0.048,µg/m³,DICHOT,N/A
90130,EDMONTON CENTRAL,Silicon,1988-02-03T00:00,0.610,µg/m³,DICHOT,N/A
90130,EDMONTON CENTRAL,Silicon,1988-02-09T00:00,0.026,µg/m³,DICHOT,N/A
90130,EDMONTON CENTRAL,Silicon,1988-02-09T00:00,0.558,µg/m³,DICHOT,N/A
90130,EDMONTON CENTRAL,Silicon,1988-02-15T00:00,0.015,µg/m³,DICHOT,N/A
90130,EDMONTON CENTRAL,Silicon,1988-02-15T00:00,0.166,µg/m³,DICHOT,N/A
90130,EDMONTON CENTRAL,Silicon,1988-02-21T00:00,0.133,µg/m³,DICHOT,N/A
90130,EDMONTON CENTRAL,Silicon,1988-02-21T00:00,5.525,µg/m³,DICHOT,N/A
90130,EDMONTON CENTRAL,Silicon,1988-02-27T00:00,0.068,µg/m³,DICHOT,N/A
90130,EDMONTON CENTRAL,Silicon,1988-02-27T00:00,1.989,µg/m³,DICHOT,N/A
90130,EDMONTON CENTRAL,Silicon,1988-03-04T00:00,0.088,µg/m³,DICHOT,N/A
90130,EDMONTON CENTRAL,Silicon,1988-03-04T00:00,2.652,µg/m³,DICHOT,N/A
90130,EDMONTON CENTRAL,Silicon,1988-03-10T00:00,0.038,µg/m³,DICHOT,N/A
90130,EDMONTON CENTRAL,Silicon,1988-03-10T00:00,1.460,µg/m³,DICHOT,N/A
90130,EDMONTON CENTRAL,Silicon,1988-03-16T00:00,0.109,µg/m³,DICHOT,N/A
90130,EDMONTON CENTRAL,Silicon,1988-03-16T00:00,4.369,µg/m³,DICHOT,N/A
90130,EDMONTON CENTRAL,Silicon,1988-03-22T00:00,0.110,µg/m³,DICHOT,N/A
90130,EDMONTON CENTRAL,Silicon,1988-03-22T00:00,3.740,µg/m³,DICHOT,N/A
90130,EDMONTON CENTRAL,Silicon,1988-03-28T00:00,0.054,µg/m³,DICHOT,N/A
90130,EDMONTON CENTRAL,Silicon,1988-03-28T00:00,1.629,µg/m³,DICHOT,N/A
90130,EDMONTON CENTRAL,Silicon,1988-04-03T00:00,0.010,µg/m³,DICHOT,N/A
90130,EDMONTON CENTRAL,Silicon,1988-04-03T00:00,1.360,µg/m³,DICHOT,N/A
90130,EDMONTON CENTRAL,Silicon,1988-04-09T00:00,0.088,µg/m³,DICHOT,N/A
90130,EDMONTON CENTRAL,Silicon,1988-04-09T00:00,4.080,µg/m³,DICHOT,N/A
90130,EDMONTON CENTRAL,Silicon,1988-04-15T00:00,0.235,µg/m³,DICHOT,N/A
90130,EDMONTON CENTRAL,Silicon,1988-04-15T00:00,3.740,µg/m³,DICHOT,N/A
90130,EDMONTON CENTRAL,Silicon,1988-04-21T00:00,0.216,µg/m³,DICHOT,N/A
90130,EDMONTON CENTRAL,Silicon,1988-04-21T00:00,5.049,µg/m³,DICHOT,N/A
90130,EDMONTON CENTRAL,Silicon,1988-04-27T00:00,0.267,µg/m³,DICHOT,N/A
90130,EDMONTON CENTRAL,Silicon,1988-04-27T00:00,5.610,µg/m³,DICHOT,N/A
90130,EDMONTON CENTRAL,Silicon,1988-05-03T00:00,0.147,µg/m³,DICHOT,N/A
90130,EDMONTON CENTRAL,Silicon,1988-05-03T00:00,3.570,µg/m³,DICHOT,N/A
90130,EDMONTON CENTRAL,Silicon,1988-05-09T00:00,0.265,µg/m³,DICHOT,N/A
90130,EDMONTON CENTRAL,Silicon,1988-05-09T00:00,4.947,µg/m³,DICHOT,N/A
90130,EDMONTON CENTRAL,Silicon,1988-05-15T00:00,0.031,µg/m³,DICHOT,N/A
90130,EDMONTON CENTRAL,Silicon,1988-05-15T00:00,0.551,µg/m³,DICHOT,N/A
90130,EDMONTON CENTRAL,Silicon,1988-05-21T00:00,0.131,µg/m³,DICHOT,N/A
90130,EDMONTON CENTRAL,Silicon,1988-05-21T00:00,3.213,µg/m³,DICHOT,N/A
90130,EDMONTON CENTRAL,Silicon,1988-05-27T00:00,0.207,µg/m³,DICHOT,N/A
90130,EDMONTON CENTRAL,Silicon,1988-05-27T00:00,7.123,µg/m³,DICHOT,N/A
90130,EDMONTON CENTRAL,Silicon,1988-06-02T00:00,0.049,µg/m³,DICHOT,N/A
90130,EDMONTON CENTRAL,Silicon,1988-06-02T00:00,1.624,µg/m³,DICHOT,N/A
90130,EDMONTON CENTRAL,Silicon,1988-06-08T00:00,0.049,µg/m³,DICHOT,N/A
90130,EDMONTON CENTRAL,Silicon,1988-06-08T00:00,1.136,µg/m³,DICHOT,N/A
90130,EDMONTON CENTRAL,Silicon,1988-06-14T00:00,0.079,µg/m³,DICHOT,N/A
90130,EDMONTON CENTRAL,Silicon,1988-06-14T00:00,1.972,µg/m³,DICHOT,N/A
90130,EDMONTON CENTRAL,Silicon,1988-06-20T00:00,0.010,µg/m³,DICHOT,N/A
90130,EDMONTON CENTRAL,Silicon,1988-06-20T00:00,2.210,µg/m³,DICHOT,N/A
90130,EDMONTON CENTRAL,Silicon,1988-07-02T00:00,0.000,µg/m³,DICHOT,N/A
90130,EDMONTON CENTRAL,Silicon,1988-07-02T00:00,0.874,µg/m³,DICHOT,N/A
90130,EDMONTON CENTRAL,Silicon,1988-07-08T00:00,0.054,µg/m³,DICHOT,N/A
90130,EDMONTON CENTRAL,Silicon,1988-07-08T00:00,1.280,µg/m³,DICHOT,N/A
90130,EDMONTON CENTRAL,Silicon,1988-07-14T00:00,0.043,µg/m³,DICHOT,N/A
90130,EDMONTON CENTRAL,Silicon,1988-07-14T00:00,1.200,µg/m³,DICHOT,N/A
90130,EDMONTON CENTRAL,Silicon,1988-07-20T00:00,0.139,µg/m³,DICHOT,N/A
90130,EDMONTON CENTRAL,Silicon,1988-07-20T00:00,3.009,µg/m³,DICHOT,N/A
90130,EDMONTON CENTRAL,Silicon,1988-07-26T00:00,0.239,µg/m³,DICHOT,N/A
90130,EDMONTON CENTRAL,Silicon,1988-07-26T00:00,6.800,µg/m³,DICHOT,N/A
90130,EDMONTON CENTRAL,Silicon,1988-08-01T00:00,0.052,µg/m³,DICHOT,N/A
90130,EDMONTON CENTRAL,Silicon,1988-08-01T00:00,0.843,µg/m³,DICHOT,N/A
90130,EDMONTON CENTRAL,Silicon,1988-08-07T00:00,0.006,µg/m³,DICHOT,N/A
90130,EDMONTON CENTRAL,Silicon,1988-08-07T00:00,0.874,µg/m³,DICHOT,N/A
90130,EDMONTON CENTRAL,Silicon,1988-08-13T00:00,0.064,µg/m³,DICHOT,N/A
90130,EDMONTON CENTRAL,Silicon,1988-08-13T00:00,2.159,µg/m³,DICHOT,N/A
90130,EDMONTON CENTRAL,Silicon,1988-08-19T00:00,0.011,µg/m³,DICHOT,N/A
90130,EDMONTON CENTRAL,Silicon,1988-08-19T00:00,0.915,µg/m³,DICHOT,N/A
90130,EDMONTON CENTRAL,Silicon,1988-08-25T00:00,0.076,µg/m³,DICHOT,N/A
90130,EDMONTON CENTRAL,Silicon,1988-08-25T00:00,2.890,µg/m³,DICHOT,N/A
90130,EDMONTON CENTRAL,Silicon,1988-08-31T00:00,0.041,µg/m³,DICHOT,N/A
90130,EDMONTON CENTRAL,Silicon,1988-08-31T00:00,1.549,µg/m³,DICHOT,N/A
90130,EDMONTON CENTRAL,Silicon,1988-09-06T00:00,0.109,µg/m³,DICHOT,N/A
90130,EDMONTON CENTRAL,Silicon,1988-09-06T00:00,2.737,µg/m³,DICHOT,N/A
90130,EDMONTON CENTRAL,Silicon,1988-09-12T00:00,0.093,µg/m³,DICHOT,N/A
90130,EDMONTON CENTRAL,Silicon,1988-09-12T00:00,1.664,µg/m³,DICHOT,N/A
90130,EDMONTON CENTRAL,Silicon,1988-09-18T00:00,0.000,µg/m³,DICHOT,N/A
90130,EDMONTON CENTRAL,Silicon,1988-09-18T00:00,0.328,µg/m³,DICHOT,N/A
90130,EDMONTON CENTRAL,Silicon,1988-09-24T00:00,0.000,µg/m³,DICHOT,N/A
90130,EDMONTON CENTRAL,Silicon,1988-09-24T00:00,0.292,µg/m³,DICHOT,N/A
90130,EDMONTON CENTRAL,Silicon,1988-09-30T00:00,0.055,µg/m³,DICHOT,N/A
90130,EDMONTON CENTRAL,Silicon,1988-09-30T00:00,1.768,µg/m³,DICHOT,N/A
90130,EDMONTON CENTRAL,Silicon,1988-10-06T00:00,0.211,µg/m³,DICHOT,N/A
90130,EDMONTON CENTRAL,Silicon,1988-10-06T00:00,3.995,µg/m³,DICHOT,N/A
90130,EDMONTON CENTRAL,Silicon,1988-10-12T00:00,0.270,µg/m³,DICHOT,N/A
90130,EDMONTON CENTRAL,Silicon,1988-10-12T00:00,8.262,µg/m³,DICHOT,N/A
90130,EDMONTON CENTRAL,Silicon,1988-10-18T00:00,0.090,µg/m³,DICHOT,N/A
90130,EDMONTON CENTRAL,Silicon,1988-10-18T00:00,2.414,µg/m³,DICHOT,N/A
90130,EDMONTON CENTRAL,Silicon,1988-10-24T00:00,0.078,µg/m³,DICHOT,N/A
90130,EDMONTON CENTRAL,Silicon,1988-10-24T00:00,2.380,µg/m³,DICHOT,N/A
90130,EDMONTON CENTRAL,Silicon,1988-10-30T00:00,0.009,µg/m³,DICHOT,N/A
90130,EDMONTON CENTRAL,Silicon,1988-10-30T00:00,3.315,µg/m³,DICHOT,N/A
90130,EDMONTON CENTRAL,Silicon,1988-11-05T00:00,0.037,µg/m³,DICHOT,N/A
90130,EDMONTON CENTRAL,Silicon,1988-11-05T00:00,0.862,µg/m³,DICHOT,N/A
90130,EDMONTON CENTRAL,Silicon,1988-11-11T00:00,0.000,µg/m³,DICHOT,N/A
90130,EDMONTON CENTRAL,Silicon,1988-11-11T00:00,0.488,µg/m³,DICHOT,N/A
90130,EDMONTON CENTRAL,Silicon,1988-11-17T00:00,0.043,µg/m³,DICHOT,N/A
90130,EDMONTON CENTRAL,Silicon,1988-11-17T00:00,0.966,µg/m³,DICHOT,N/A
90130,EDMONTON CENTRAL,Silicon,1988-11-23T00:00,0.000,µg/m³,DICHOT,N/A
90130,EDMONTON CENTRAL,Silicon,1988-11-23T00:00,1.328,µg/m³,DICHOT,N/A
90130,EDMONTON CENTRAL,Silicon,1988-11-29T00:00,0.000,µg/m³,DICHOT,N/A
90130,EDMONTON CENTRAL,Silicon,1988-11-29T00:00,1.768,µg/m³,DICHOT,N/A
90130,EDMONTON CENTRAL,Silicon,1988-12-05T00:00,0.000,µg/m³,DICHOT,N/A
90130,EDMONTON CENTRAL,Silicon,1988-12-05T00:00,1.131,µg/m³,DICHOT,N/A
90130,EDMONTON CENTRAL,Silicon,1988-12-11T00:00,0.010,µg/m³,DICHOT,N/A
90130,EDMONTON CENTRAL,Silicon,1988-12-11T00:00,0.309,µg/m³,DICHOT,N/A
90130,EDMONTON CENTRAL,Silicon,1988-12-17T00:00,0.050,µg/m³,DICHOT,N/A
90130,EDMONTON CENTRAL,Silicon,1988-12-17T00:00,1.426,µg/m³,DICHOT,N/A
90130,EDMONTON CENTRAL,Silicon,1988-12-23T00:00,0.024,µg/m³,DICHOT,N/A
90130,EDMONTON CENTRAL,Silicon,1988-12-23T00:00,0.665,µg/m³,DICHOT,N/A
