﻿NAPS_Site_ID,Station_Name,Pollutant,Date,Value,Units,Report_Type,Method
100133,BURMOUNT,3-Methylheptane,2015-02-16T19:00,0.199,µg/m³,VOC,N/A
100133,BURMOUNT,3-Methylheptane,2015-02-22T19:00,0.369,µg/m³,VOC,N/A
100133,BURMOUNT,3-Methylheptane,2015-02-28T19:00,0.108,µg/m³,VOC,N/A
100133,BURMOUNT,3-Methylheptane,2015-03-06T19:00,0.098,µg/m³,VOC,N/A
100133,BURMOUNT,3-Methylheptane,2015-03-12T20:00,0.257,µg/m³,VOC,N/A
100133,BURMOUNT,3-Methylheptane,2015-03-18T20:00,0.132,µg/m³,VOC,N/A
100133,BURMOUNT,3-Methylheptane,2015-03-24T20:00,0.054,µg/m³,VOC,N/A
100133,BURMOUNT,3-Methylheptane,2015-03-30T20:00,0.023,µg/m³,VOC,N/A
100133,BURMOUNT,3-Methylheptane,2015-04-05T20:00,0.058,µg/m³,VOC,N/A
100133,BURMOUNT,3-Methylheptane,2015-04-11T20:00,0.022,µg/m³,VOC,N/A
100133,BURMOUNT,3-Methylheptane,2015-04-17T20:00,0.054,µg/m³,VOC,N/A
100133,BURMOUNT,3-Methylheptane,2015-04-23T20:00,0.027,µg/m³,VOC,N/A
100133,BURMOUNT,3-Methylheptane,2015-04-29T20:00,0.065,µg/m³,VOC,N/A
100133,BURMOUNT,3-Methylheptane,2015-05-05T20:00,0.072,µg/m³,VOC,N/A
100133,BURMOUNT,3-Methylheptane,2015-05-11T20:00,0.036,µg/m³,VOC,N/A
100133,BURMOUNT,3-Methylheptane,2015-05-17T20:00,0.047,µg/m³,VOC,N/A
100133,BURMOUNT,3-Methylheptane,2015-05-23T20:00,0.037,µg/m³,VOC,N/A
100133,BURMOUNT,3-Methylheptane,2015-06-04T20:00,0.076,µg/m³,VOC,N/A
100133,BURMOUNT,3-Methylheptane,2015-06-10T20:00,0.051,µg/m³,VOC,N/A
100133,BURMOUNT,3-Methylheptane,2015-06-16T20:00,0.046,µg/m³,VOC,N/A
100133,BURMOUNT,3-Methylheptane,2015-07-10T20:00,0.027,µg/m³,VOC,N/A
100133,BURMOUNT,3-Methylheptane,2015-07-16T20:00,0.148,µg/m³,VOC,N/A
100133,BURMOUNT,3-Methylheptane,2015-07-22T20:00,0.088,µg/m³,VOC,N/A
100133,BURMOUNT,3-Methylheptane,2015-07-28T20:00,0.099,µg/m³,VOC,N/A
100133,BURMOUNT,3-Methylheptane,2015-08-03T20:00,0.051,µg/m³,VOC,N/A
100133,BURMOUNT,3-Methylheptane,2015-08-09T20:00,0.116,µg/m³,VOC,N/A
100133,BURMOUNT,3-Methylheptane,2015-08-15T20:00,0.077,µg/m³,VOC,N/A
100133,BURMOUNT,3-Methylheptane,2015-08-21T20:00,0.079,µg/m³,VOC,N/A
100133,BURMOUNT,3-Methylheptane,2015-08-27T20:00,0.079,µg/m³,VOC,N/A
100133,BURMOUNT,3-Methylheptane,2015-09-02T20:00,0.029,µg/m³,VOC,N/A
100133,BURMOUNT,3-Methylheptane,2015-09-08T20:00,0.081,µg/m³,VOC,N/A
100133,BURMOUNT,3-Methylheptane,2015-09-14T20:00,0.042,µg/m³,VOC,N/A
100133,BURMOUNT,3-Methylheptane,2015-09-20T20:00,0.084,µg/m³,VOC,N/A
100133,BURMOUNT,3-Methylheptane,2015-09-26T20:00,0.110,µg/m³,VOC,N/A
100133,BURMOUNT,3-Methylheptane,2015-11-25T19:00,0.132,µg/m³,VOC,N/A
100133,BURMOUNT,3-Methylheptane,2015-12-01T19:00,0.375,µg/m³,VOC,N/A
100133,BURMOUNT,3-Methylheptane,2015-12-07T19:00,0.039,µg/m³,VOC,N/A
100133,BURMOUNT,3-Methylheptane,2015-12-13T19:00,0.052,µg/m³,VOC,N/A
100133,BURMOUNT,3-Methylheptane,2015-12-19T19:00,0.019,µg/m³,VOC,N/A
100133,BURMOUNT,3-Methylheptane,2015-12-25T19:00,0.045,µg/m³,VOC,N/A
