﻿NAPS_Site_ID,Station_Name,Pollutant,Date,Value,Units,Report_Type,Method
100202,PRG PLAZA 400,2-Methyl-2-butene,2006-01-05T00:00,0.558,µg/m³,VOC,N/A
100202,PRG PLAZA 400,2-Methyl-2-butene,2006-01-11T00:00,0.117,µg/m³,VOC,N/A
100202,PRG PLAZA 400,2-Methyl-2-butene,2006-01-17T00:00,0.046,µg/m³,VOC,N/A
100202,PRG PLAZA 400,2-Methyl-2-butene,2006-01-23T00:00,0.059,µg/m³,VOC,N/A
100202,PRG PLAZA 400,2-Methyl-2-butene,2006-01-29T00:00,0.072,µg/m³,VOC,N/A
100202,PRG PLAZA 400,2-Methyl-2-butene,2006-02-04T00:00,0.329,µg/m³,VOC,N/A
100202,PRG PLAZA 400,2-Methyl-2-butene,2006-02-10T00:00,0.993,µg/m³,VOC,N/A
100202,PRG PLAZA 400,2-Methyl-2-butene,2006-02-16T00:00,0.055,µg/m³,VOC,N/A
100202,PRG PLAZA 400,2-Methyl-2-butene,2006-02-22T00:00,0.056,µg/m³,VOC,N/A
100202,PRG PLAZA 400,2-Methyl-2-butene,2006-02-28T00:00,0.778,µg/m³,VOC,N/A
100202,PRG PLAZA 400,2-Methyl-2-butene,2006-03-06T00:00,0.950,µg/m³,VOC,N/A
100202,PRG PLAZA 400,2-Methyl-2-butene,2006-03-12T00:00,0.209,µg/m³,VOC,N/A
100202,PRG PLAZA 400,2-Methyl-2-butene,2006-03-18T00:00,0.027,µg/m³,VOC,N/A
100202,PRG PLAZA 400,2-Methyl-2-butene,2006-03-24T00:00,0.208,µg/m³,VOC,N/A
100202,PRG PLAZA 400,2-Methyl-2-butene,2006-03-30T00:00,0.136,µg/m³,VOC,N/A
100202,PRG PLAZA 400,2-Methyl-2-butene,2006-04-05T00:00,0.823,µg/m³,VOC,N/A
100202,PRG PLAZA 400,2-Methyl-2-butene,2006-04-11T00:00,0.531,µg/m³,VOC,N/A
100202,PRG PLAZA 400,2-Methyl-2-butene,2006-04-17T00:00,0.119,µg/m³,VOC,N/A
100202,PRG PLAZA 400,2-Methyl-2-butene,2006-06-22T00:00,0.049,µg/m³,VOC,N/A
100202,PRG PLAZA 400,2-Methyl-2-butene,2006-08-15T00:00,0.137,µg/m³,VOC,N/A
100202,PRG PLAZA 400,2-Methyl-2-butene,2006-08-21T00:00,0.370,µg/m³,VOC,N/A
100202,PRG PLAZA 400,2-Methyl-2-butene,2006-08-27T00:00,0.650,µg/m³,VOC,N/A
100202,PRG PLAZA 400,2-Methyl-2-butene,2006-09-02T00:00,0.490,µg/m³,VOC,N/A
100202,PRG PLAZA 400,2-Methyl-2-butene,2006-09-08T00:00,0.366,µg/m³,VOC,N/A
100202,PRG PLAZA 400,2-Methyl-2-butene,2006-09-14T00:00,0.040,µg/m³,VOC,N/A
100202,PRG PLAZA 400,2-Methyl-2-butene,2006-09-20T00:00,0.229,µg/m³,VOC,N/A
100202,PRG PLAZA 400,2-Methyl-2-butene,2006-09-26T00:00,0.261,µg/m³,VOC,N/A
100202,PRG PLAZA 400,2-Methyl-2-butene,2006-10-08T00:00,0.359,µg/m³,VOC,N/A
100202,PRG PLAZA 400,2-Methyl-2-butene,2006-10-20T00:00,0.230,µg/m³,VOC,N/A
100202,PRG PLAZA 400,2-Methyl-2-butene,2006-10-26T00:00,0.094,µg/m³,VOC,N/A
100202,PRG PLAZA 400,2-Methyl-2-butene,2006-11-01T00:00,0.069,µg/m³,VOC,N/A
100202,PRG PLAZA 400,2-Methyl-2-butene,2006-11-07T00:00,0.179,µg/m³,VOC,N/A
100202,PRG PLAZA 400,2-Methyl-2-butene,2006-11-13T00:00,0.158,µg/m³,VOC,N/A
100202,PRG PLAZA 400,2-Methyl-2-butene,2006-11-19T00:00,0.046,µg/m³,VOC,N/A
100202,PRG PLAZA 400,2-Methyl-2-butene,2006-11-25T00:00,0.044,µg/m³,VOC,N/A
100202,PRG PLAZA 400,2-Methyl-2-butene,2006-12-01T00:00,0.522,µg/m³,VOC,N/A
100202,PRG PLAZA 400,2-Methyl-2-butene,2006-12-07T00:00,0.277,µg/m³,VOC,N/A
100202,PRG PLAZA 400,2-Methyl-2-butene,2006-12-13T00:00,0.065,µg/m³,VOC,N/A
100202,PRG PLAZA 400,2-Methyl-2-butene,2006-12-25T00:00,0.054,µg/m³,VOC,N/A
100202,PRG PLAZA 400,2-Methyl-2-butene,2006-12-31T00:00,0.107,µg/m³,VOC,N/A
