﻿NAPS_Site_ID,Station_Name,Pollutant,Date,Value,Units,Report_Type,Method
102001,SATURNA,Octane,2011-12-31T19:00,0.016,µg/m³,VOC,N/A
102001,SATURNA,Octane,2011-12-31T19:00,0.024,µg/m³,VOC,N/A
102001,SATURNA,Octane,2012-01-03T19:00,0.008,µg/m³,VOC,N/A
102001,SATURNA,Octane,2012-01-06T19:00,0.014,µg/m³,VOC,N/A
102001,SATURNA,Octane,2012-01-27T19:00,0.026,µg/m³,VOC,N/A
102001,SATURNA,Octane,2012-01-30T19:00,0.012,µg/m³,VOC,N/A
102001,SATURNA,Octane,2012-02-02T19:00,0.028,µg/m³,VOC,N/A
102001,SATURNA,Octane,2012-02-05T19:00,0.026,µg/m³,VOC,N/A
102001,SATURNA,Octane,2012-02-11T19:00,0.015,µg/m³,VOC,N/A
102001,SATURNA,Octane,2012-02-17T19:00,0.017,µg/m³,VOC,N/A
102001,SATURNA,Octane,2012-02-20T19:00,0.007,µg/m³,VOC,N/A
102001,SATURNA,Octane,2012-02-23T19:00,0.017,µg/m³,VOC,N/A
102001,SATURNA,Octane,2012-02-26T19:00,0.019,µg/m³,VOC,N/A
102001,SATURNA,Octane,2012-02-29T19:00,0.014,µg/m³,VOC,N/A
102001,SATURNA,Octane,2012-03-03T19:00,0.006,µg/m³,VOC,N/A
102001,SATURNA,Octane,2012-03-06T19:00,0.017,µg/m³,VOC,N/A
102001,SATURNA,Octane,2012-03-09T19:00,0.010,µg/m³,VOC,N/A
102001,SATURNA,Octane,2012-03-12T20:00,0.008,µg/m³,VOC,N/A
102001,SATURNA,Octane,2012-03-15T20:00,0.010,µg/m³,VOC,N/A
102001,SATURNA,Octane,2012-03-18T20:00,0.015,µg/m³,VOC,N/A
102001,SATURNA,Octane,2012-03-21T20:00,0.024,µg/m³,VOC,N/A
102001,SATURNA,Octane,2012-03-24T20:00,0.010,µg/m³,VOC,N/A
102001,SATURNA,Octane,2012-03-27T20:00,0.008,µg/m³,VOC,N/A
102001,SATURNA,Octane,2012-03-30T20:00,0.012,µg/m³,VOC,N/A
102001,SATURNA,Octane,2012-04-02T20:00,0.015,µg/m³,VOC,N/A
102001,SATURNA,Octane,2012-04-06T20:00,0.007,µg/m³,VOC,N/A
102001,SATURNA,Octane,2012-04-09T20:00,0.008,µg/m³,VOC,N/A
102001,SATURNA,Octane,2012-04-11T20:00,0.011,µg/m³,VOC,N/A
102001,SATURNA,Octane,2012-04-14T20:00,0.037,µg/m³,VOC,N/A
102001,SATURNA,Octane,2012-04-17T20:00,0.020,µg/m³,VOC,N/A
102001,SATURNA,Octane,2012-04-20T20:00,0.017,µg/m³,VOC,N/A
102001,SATURNA,Octane,2012-04-23T20:00,0.010,µg/m³,VOC,N/A
102001,SATURNA,Octane,2012-04-26T20:00,0.010,µg/m³,VOC,N/A
102001,SATURNA,Octane,2012-04-29T20:00,0.000,µg/m³,VOC,N/A
102001,SATURNA,Octane,2012-05-02T20:00,0.010,µg/m³,VOC,N/A
102001,SATURNA,Octane,2012-05-05T20:00,0.000,µg/m³,VOC,N/A
102001,SATURNA,Octane,2012-05-08T20:00,0.011,µg/m³,VOC,N/A
102001,SATURNA,Octane,2012-05-11T20:00,0.014,µg/m³,VOC,N/A
102001,SATURNA,Octane,2012-05-14T20:00,0.012,µg/m³,VOC,N/A
102001,SATURNA,Octane,2012-05-17T20:00,0.014,µg/m³,VOC,N/A
102001,SATURNA,Octane,2012-05-20T20:00,0.016,µg/m³,VOC,N/A
102001,SATURNA,Octane,2012-05-23T20:00,0.018,µg/m³,VOC,N/A
102001,SATURNA,Octane,2012-05-26T20:00,0.011,µg/m³,VOC,N/A
102001,SATURNA,Octane,2012-05-29T20:00,0.018,µg/m³,VOC,N/A
102001,SATURNA,Octane,2012-06-01T20:00,0.010,µg/m³,VOC,N/A
102001,SATURNA,Octane,2012-06-04T20:00,0.007,µg/m³,VOC,N/A
102001,SATURNA,Octane,2012-06-07T20:00,0.007,µg/m³,VOC,N/A
102001,SATURNA,Octane,2012-06-10T20:00,0.015,µg/m³,VOC,N/A
102001,SATURNA,Octane,2012-06-13T20:00,0.007,µg/m³,VOC,N/A
102001,SATURNA,Octane,2012-06-16T20:00,0.005,µg/m³,VOC,N/A
102001,SATURNA,Octane,2012-06-19T20:00,0.011,µg/m³,VOC,N/A
102001,SATURNA,Octane,2012-06-22T20:00,0.006,µg/m³,VOC,N/A
102001,SATURNA,Octane,2012-06-25T20:00,0.007,µg/m³,VOC,N/A
102001,SATURNA,Octane,2012-06-28T20:00,0.009,µg/m³,VOC,N/A
102001,SATURNA,Octane,2012-07-01T20:00,0.011,µg/m³,VOC,N/A
102001,SATURNA,Octane,2012-07-04T20:00,0.007,µg/m³,VOC,N/A
102001,SATURNA,Octane,2012-07-07T20:00,0.012,µg/m³,VOC,N/A
102001,SATURNA,Octane,2012-07-10T20:00,0.011,µg/m³,VOC,N/A
102001,SATURNA,Octane,2012-07-13T20:00,0.011,µg/m³,VOC,N/A
102001,SATURNA,Octane,2012-07-16T20:00,0.012,µg/m³,VOC,N/A
102001,SATURNA,Octane,2012-07-19T20:00,0.010,µg/m³,VOC,N/A
102001,SATURNA,Octane,2012-07-22T20:00,0.009,µg/m³,VOC,N/A
102001,SATURNA,Octane,2012-07-25T20:00,0.015,µg/m³,VOC,N/A
102001,SATURNA,Octane,2012-07-28T20:00,0.011,µg/m³,VOC,N/A
102001,SATURNA,Octane,2012-07-31T20:00,0.008,µg/m³,VOC,N/A
102001,SATURNA,Octane,2012-08-03T20:00,0.005,µg/m³,VOC,N/A
102001,SATURNA,Octane,2012-08-06T20:00,0.011,µg/m³,VOC,N/A
102001,SATURNA,Octane,2012-08-09T20:00,0.050,µg/m³,VOC,N/A
102001,SATURNA,Octane,2012-08-15T20:00,0.009,µg/m³,VOC,N/A
102001,SATURNA,Octane,2012-08-18T20:00,0.010,µg/m³,VOC,N/A
102001,SATURNA,Octane,2012-08-21T20:00,0.006,µg/m³,VOC,N/A
102001,SATURNA,Octane,2012-08-24T20:00,0.008,µg/m³,VOC,N/A
102001,SATURNA,Octane,2012-08-27T20:00,0.008,µg/m³,VOC,N/A
102001,SATURNA,Octane,2012-08-30T20:00,0.005,µg/m³,VOC,N/A
102001,SATURNA,Octane,2012-09-02T20:00,0.006,µg/m³,VOC,N/A
102001,SATURNA,Octane,2012-09-05T20:00,0.007,µg/m³,VOC,N/A
102001,SATURNA,Octane,2012-09-08T20:00,0.008,µg/m³,VOC,N/A
102001,SATURNA,Octane,2012-09-11T20:00,0.004,µg/m³,VOC,N/A
102001,SATURNA,Octane,2012-09-14T20:00,0.008,µg/m³,VOC,N/A
102001,SATURNA,Octane,2012-09-17T20:00,0.008,µg/m³,VOC,N/A
102001,SATURNA,Octane,2012-09-20T20:00,0.010,µg/m³,VOC,N/A
102001,SATURNA,Octane,2012-09-23T20:00,0.019,µg/m³,VOC,N/A
102001,SATURNA,Octane,2012-09-26T20:00,0.035,µg/m³,VOC,N/A
102001,SATURNA,Octane,2012-09-29T20:00,0.006,µg/m³,VOC,N/A
102001,SATURNA,Octane,2012-10-02T20:00,0.013,µg/m³,VOC,N/A
102001,SATURNA,Octane,2012-10-05T20:00,0.012,µg/m³,VOC,N/A
102001,SATURNA,Octane,2012-10-08T20:00,0.011,µg/m³,VOC,N/A
102001,SATURNA,Octane,2012-10-11T20:00,0.022,µg/m³,VOC,N/A
102001,SATURNA,Octane,2012-10-14T20:00,0.014,µg/m³,VOC,N/A
102001,SATURNA,Octane,2012-10-17T20:00,0.022,µg/m³,VOC,N/A
102001,SATURNA,Octane,2012-10-20T20:00,0.007,µg/m³,VOC,N/A
102001,SATURNA,Octane,2012-10-23T20:00,0.015,µg/m³,VOC,N/A
102001,SATURNA,Octane,2012-10-26T20:00,0.012,µg/m³,VOC,N/A
102001,SATURNA,Octane,2012-10-29T20:00,0.014,µg/m³,VOC,N/A
102001,SATURNA,Octane,2012-11-01T20:00,0.020,µg/m³,VOC,N/A
102001,SATURNA,Octane,2012-11-04T19:00,0.008,µg/m³,VOC,N/A
102001,SATURNA,Octane,2012-11-07T19:00,0.024,µg/m³,VOC,N/A
102001,SATURNA,Octane,2012-11-10T19:00,0.025,µg/m³,VOC,N/A
102001,SATURNA,Octane,2012-11-13T19:00,0.011,µg/m³,VOC,N/A
102001,SATURNA,Octane,2012-11-16T19:00,0.010,µg/m³,VOC,N/A
102001,SATURNA,Octane,2012-11-19T19:00,0.017,µg/m³,VOC,N/A
102001,SATURNA,Octane,2012-11-22T19:00,0.010,µg/m³,VOC,N/A
102001,SATURNA,Octane,2012-11-25T19:00,0.014,µg/m³,VOC,N/A
102001,SATURNA,Octane,2012-11-28T19:00,0.018,µg/m³,VOC,N/A
102001,SATURNA,Octane,2012-12-01T19:00,0.008,µg/m³,VOC,N/A
102001,SATURNA,Octane,2012-12-04T19:00,0.019,µg/m³,VOC,N/A
102001,SATURNA,Octane,2012-12-07T19:00,0.012,µg/m³,VOC,N/A
102001,SATURNA,Octane,2012-12-10T19:00,0.027,µg/m³,VOC,N/A
102001,SATURNA,Octane,2012-12-13T19:00,0.011,µg/m³,VOC,N/A
102001,SATURNA,Octane,2012-12-16T19:00,0.013,µg/m³,VOC,N/A
102001,SATURNA,Octane,2012-12-19T19:00,0.011,µg/m³,VOC,N/A
102001,SATURNA,Octane,2012-12-22T19:00,0.019,µg/m³,VOC,N/A
102001,SATURNA,Octane,2012-12-25T19:00,0.029,µg/m³,VOC,N/A
102001,SATURNA,Octane,2012-12-28T19:00,0.027,µg/m³,VOC,N/A
