﻿NAPS_Site_ID,Station_Name,Pollutant,Date,Value,Units,Report_Type,Method
60428,BRAMPTON _BRAMPTON_,2-Methylheptane,2012-01-28T00:00,0.063,µg/m³,VOC,N/A
60428,BRAMPTON _BRAMPTON_,2-Methylheptane,2012-02-03T00:00,0.061,µg/m³,VOC,N/A
60428,BRAMPTON _BRAMPTON_,2-Methylheptane,2012-02-09T00:00,0.073,µg/m³,VOC,N/A
60428,BRAMPTON _BRAMPTON_,2-Methylheptane,2012-02-15T00:00,0.095,µg/m³,VOC,N/A
60428,BRAMPTON _BRAMPTON_,2-Methylheptane,2012-02-21T00:00,0.127,µg/m³,VOC,N/A
60428,BRAMPTON _BRAMPTON_,2-Methylheptane,2012-02-27T00:00,0.041,µg/m³,VOC,N/A
60428,BRAMPTON _BRAMPTON_,2-Methylheptane,2012-03-04T00:00,0.020,µg/m³,VOC,N/A
60428,BRAMPTON _BRAMPTON_,2-Methylheptane,2012-03-10T00:00,0.027,µg/m³,VOC,N/A
60428,BRAMPTON _BRAMPTON_,2-Methylheptane,2012-03-16T00:00,0.127,µg/m³,VOC,N/A
60428,BRAMPTON _BRAMPTON_,2-Methylheptane,2012-03-22T00:00,0.211,µg/m³,VOC,N/A
60428,BRAMPTON _BRAMPTON_,2-Methylheptane,2012-03-28T00:00,0.044,µg/m³,VOC,N/A
60428,BRAMPTON _BRAMPTON_,2-Methylheptane,2012-04-03T00:00,0.119,µg/m³,VOC,N/A
60428,BRAMPTON _BRAMPTON_,2-Methylheptane,2012-04-09T00:00,0.014,µg/m³,VOC,N/A
60428,BRAMPTON _BRAMPTON_,2-Methylheptane,2012-04-15T00:00,0.064,µg/m³,VOC,N/A
60428,BRAMPTON _BRAMPTON_,2-Methylheptane,2012-04-21T00:00,0.017,µg/m³,VOC,N/A
60428,BRAMPTON _BRAMPTON_,2-Methylheptane,2012-04-27T00:00,0.017,µg/m³,VOC,N/A
60428,BRAMPTON _BRAMPTON_,2-Methylheptane,2012-05-03T00:00,0.140,µg/m³,VOC,N/A
60428,BRAMPTON _BRAMPTON_,2-Methylheptane,2012-05-09T00:00,0.019,µg/m³,VOC,N/A
60428,BRAMPTON _BRAMPTON_,2-Methylheptane,2012-05-15T00:00,0.102,µg/m³,VOC,N/A
60428,BRAMPTON _BRAMPTON_,2-Methylheptane,2012-05-21T00:00,0.088,µg/m³,VOC,N/A
60428,BRAMPTON _BRAMPTON_,2-Methylheptane,2012-05-27T00:00,0.059,µg/m³,VOC,N/A
60428,BRAMPTON _BRAMPTON_,2-Methylheptane,2012-06-02T00:00,0.026,µg/m³,VOC,N/A
60428,BRAMPTON _BRAMPTON_,2-Methylheptane,2012-06-08T00:00,0.062,µg/m³,VOC,N/A
60428,BRAMPTON _BRAMPTON_,2-Methylheptane,2012-06-14T00:00,0.064,µg/m³,VOC,N/A
60428,BRAMPTON _BRAMPTON_,2-Methylheptane,2012-06-20T00:00,0.030,µg/m³,VOC,N/A
60428,BRAMPTON _BRAMPTON_,2-Methylheptane,2012-06-26T00:00,0.016,µg/m³,VOC,N/A
60428,BRAMPTON _BRAMPTON_,2-Methylheptane,2012-07-02T00:00,0.032,µg/m³,VOC,N/A
60428,BRAMPTON _BRAMPTON_,2-Methylheptane,2012-07-08T00:00,0.017,µg/m³,VOC,N/A
60428,BRAMPTON _BRAMPTON_,2-Methylheptane,2012-07-14T00:00,0.045,µg/m³,VOC,N/A
60428,BRAMPTON _BRAMPTON_,2-Methylheptane,2012-07-20T00:00,0.054,µg/m³,VOC,N/A
60428,BRAMPTON _BRAMPTON_,2-Methylheptane,2012-07-26T00:00,0.041,µg/m³,VOC,N/A
60428,BRAMPTON _BRAMPTON_,2-Methylheptane,2012-08-01T00:00,0.041,µg/m³,VOC,N/A
60428,BRAMPTON _BRAMPTON_,2-Methylheptane,2012-08-07T00:00,0.044,µg/m³,VOC,N/A
60428,BRAMPTON _BRAMPTON_,2-Methylheptane,2012-08-13T00:00,0.054,µg/m³,VOC,N/A
60428,BRAMPTON _BRAMPTON_,2-Methylheptane,2012-08-25T00:00,0.133,µg/m³,VOC,N/A
60428,BRAMPTON _BRAMPTON_,2-Methylheptane,2012-08-31T00:00,0.039,µg/m³,VOC,N/A
60428,BRAMPTON _BRAMPTON_,2-Methylheptane,2012-09-06T00:00,0.070,µg/m³,VOC,N/A
60428,BRAMPTON _BRAMPTON_,2-Methylheptane,2012-09-12T00:00,0.108,µg/m³,VOC,N/A
60428,BRAMPTON _BRAMPTON_,2-Methylheptane,2012-09-18T00:00,0.045,µg/m³,VOC,N/A
60428,BRAMPTON _BRAMPTON_,2-Methylheptane,2012-09-24T00:00,0.035,µg/m³,VOC,N/A
60428,BRAMPTON _BRAMPTON_,2-Methylheptane,2012-09-30T00:00,0.058,µg/m³,VOC,N/A
60428,BRAMPTON _BRAMPTON_,2-Methylheptane,2012-10-06T00:00,0.033,µg/m³,VOC,N/A
60428,BRAMPTON _BRAMPTON_,2-Methylheptane,2012-10-12T00:00,0.069,µg/m³,VOC,N/A
60428,BRAMPTON _BRAMPTON_,2-Methylheptane,2012-10-18T00:00,0.100,µg/m³,VOC,N/A
60428,BRAMPTON _BRAMPTON_,2-Methylheptane,2012-10-24T00:00,0.076,µg/m³,VOC,N/A
60428,BRAMPTON _BRAMPTON_,2-Methylheptane,2012-10-30T00:00,0.035,µg/m³,VOC,N/A
60428,BRAMPTON _BRAMPTON_,2-Methylheptane,2012-11-05T00:00,0.024,µg/m³,VOC,N/A
60428,BRAMPTON _BRAMPTON_,2-Methylheptane,2012-11-11T00:00,0.141,µg/m³,VOC,N/A
60428,BRAMPTON _BRAMPTON_,2-Methylheptane,2012-11-17T00:00,0.178,µg/m³,VOC,N/A
60428,BRAMPTON _BRAMPTON_,2-Methylheptane,2012-11-23T00:00,0.027,µg/m³,VOC,N/A
60428,BRAMPTON _BRAMPTON_,2-Methylheptane,2012-11-29T00:00,0.030,µg/m³,VOC,N/A
60428,BRAMPTON _BRAMPTON_,2-Methylheptane,2012-12-05T00:00,0.025,µg/m³,VOC,N/A
60428,BRAMPTON _BRAMPTON_,2-Methylheptane,2012-12-11T00:00,0.056,µg/m³,VOC,N/A
60428,BRAMPTON _BRAMPTON_,2-Methylheptane,2012-12-17T00:00,0.110,µg/m³,VOC,N/A
60428,BRAMPTON _BRAMPTON_,2-Methylheptane,2012-12-23T00:00,0.033,µg/m³,VOC,N/A
60428,BRAMPTON _BRAMPTON_,2-Methylheptane,2012-12-29T00:00,0.048,µg/m³,VOC,N/A
