﻿NAPS_Site_ID,Station_Name,Pollutant,Date,Value,Units,Report_Type,Method
60512,BEASLEY PARK _HAMILTON_DOWNTOWN_,2-Methylpentane,2008-01-01T00:00,0.353,µg/m³,VOC,
60512,BEASLEY PARK _HAMILTON_DOWNTOWN_,2-Methylpentane,2008-01-07T00:00,0.403,µg/m³,VOC,
60512,BEASLEY PARK _HAMILTON_DOWNTOWN_,2-Methylpentane,2008-01-13T00:00,1.259,µg/m³,VOC,
60512,BEASLEY PARK _HAMILTON_DOWNTOWN_,2-Methylpentane,2008-01-19T00:00,0.227,µg/m³,VOC,
60512,BEASLEY PARK _HAMILTON_DOWNTOWN_,2-Methylpentane,2008-01-25T00:00,0.379,µg/m³,VOC,
60512,BEASLEY PARK _HAMILTON_DOWNTOWN_,2-Methylpentane,2008-01-31T00:00,0.513,µg/m³,VOC,
60512,BEASLEY PARK _HAMILTON_DOWNTOWN_,2-Methylpentane,2008-02-06T00:00,1.056,µg/m³,VOC,
60512,BEASLEY PARK _HAMILTON_DOWNTOWN_,2-Methylpentane,2008-02-18T00:00,0.281,µg/m³,VOC,
60512,BEASLEY PARK _HAMILTON_DOWNTOWN_,2-Methylpentane,2008-02-24T00:00,0.341,µg/m³,VOC,
60512,BEASLEY PARK _HAMILTON_DOWNTOWN_,2-Methylpentane,2008-03-01T00:00,0.296,µg/m³,VOC,
60512,BEASLEY PARK _HAMILTON_DOWNTOWN_,2-Methylpentane,2008-03-07T00:00,0.418,µg/m³,VOC,
60512,BEASLEY PARK _HAMILTON_DOWNTOWN_,2-Methylpentane,2008-03-13T00:00,1.638,µg/m³,VOC,
60512,BEASLEY PARK _HAMILTON_DOWNTOWN_,2-Methylpentane,2008-03-19T00:00,1.221,µg/m³,VOC,
60512,BEASLEY PARK _HAMILTON_DOWNTOWN_,2-Methylpentane,2008-03-25T00:00,0.390,µg/m³,VOC,
60512,BEASLEY PARK _HAMILTON_DOWNTOWN_,2-Methylpentane,2008-03-31T00:00,2.021,µg/m³,VOC,
60512,BEASLEY PARK _HAMILTON_DOWNTOWN_,2-Methylpentane,2008-06-29T00:00,0.336,µg/m³,VOC,
60512,BEASLEY PARK _HAMILTON_DOWNTOWN_,2-Methylpentane,2008-07-05T00:00,1.939,µg/m³,VOC,
60512,BEASLEY PARK _HAMILTON_DOWNTOWN_,2-Methylpentane,2008-07-11T00:00,0.735,µg/m³,VOC,
60512,BEASLEY PARK _HAMILTON_DOWNTOWN_,2-Methylpentane,2008-07-17T00:00,0.847,µg/m³,VOC,
60512,BEASLEY PARK _HAMILTON_DOWNTOWN_,2-Methylpentane,2008-07-23T00:00,2.707,µg/m³,VOC,
60512,BEASLEY PARK _HAMILTON_DOWNTOWN_,2-Methylpentane,2008-07-29T00:00,1.139,µg/m³,VOC,
60512,BEASLEY PARK _HAMILTON_DOWNTOWN_,2-Methylpentane,2008-08-04T00:00,0.386,µg/m³,VOC,
60512,BEASLEY PARK _HAMILTON_DOWNTOWN_,2-Methylpentane,2008-08-10T00:00,0.597,µg/m³,VOC,
60512,BEASLEY PARK _HAMILTON_DOWNTOWN_,2-Methylpentane,2008-08-16T00:00,0.365,µg/m³,VOC,
60512,BEASLEY PARK _HAMILTON_DOWNTOWN_,2-Methylpentane,2008-08-22T00:00,3.786,µg/m³,VOC,
60512,BEASLEY PARK _HAMILTON_DOWNTOWN_,2-Methylpentane,2008-08-28T00:00,2.101,µg/m³,VOC,
60512,BEASLEY PARK _HAMILTON_DOWNTOWN_,2-Methylpentane,2008-08-28T00:00,2.289,µg/m³,VOC,
60512,BEASLEY PARK _HAMILTON_DOWNTOWN_,2-Methylpentane,2008-09-03T00:00,1.062,µg/m³,VOC,
60512,BEASLEY PARK _HAMILTON_DOWNTOWN_,2-Methylpentane,2008-09-09T00:00,0.468,µg/m³,VOC,
60512,BEASLEY PARK _HAMILTON_DOWNTOWN_,2-Methylpentane,2008-09-15T00:00,0.247,µg/m³,VOC,
60512,BEASLEY PARK _HAMILTON_DOWNTOWN_,2-Methylpentane,2008-09-21T00:00,1.030,µg/m³,VOC,
60512,BEASLEY PARK _HAMILTON_DOWNTOWN_,2-Methylpentane,2008-09-27T00:00,0.808,µg/m³,VOC,
60512,BEASLEY PARK _HAMILTON_DOWNTOWN_,2-Methylpentane,2008-10-03T00:00,0.315,µg/m³,VOC,
60512,BEASLEY PARK _HAMILTON_DOWNTOWN_,2-Methylpentane,2008-10-09T00:00,0.400,µg/m³,VOC,
60512,BEASLEY PARK _HAMILTON_DOWNTOWN_,2-Methylpentane,2008-10-15T00:00,1.075,µg/m³,VOC,
60512,BEASLEY PARK _HAMILTON_DOWNTOWN_,2-Methylpentane,2008-10-21T00:00,0.160,µg/m³,VOC,
60512,BEASLEY PARK _HAMILTON_DOWNTOWN_,2-Methylpentane,2008-10-27T00:00,0.339,µg/m³,VOC,
60512,BEASLEY PARK _HAMILTON_DOWNTOWN_,2-Methylpentane,2008-11-02T00:00,0.762,µg/m³,VOC,
60512,BEASLEY PARK _HAMILTON_DOWNTOWN_,2-Methylpentane,2008-11-08T00:00,0.194,µg/m³,VOC,
60512,BEASLEY PARK _HAMILTON_DOWNTOWN_,2-Methylpentane,2008-11-14T00:00,0.509,µg/m³,VOC,
60512,BEASLEY PARK _HAMILTON_DOWNTOWN_,2-Methylpentane,2008-11-20T00:00,0.546,µg/m³,VOC,
60512,BEASLEY PARK _HAMILTON_DOWNTOWN_,2-Methylpentane,2008-11-26T00:00,0.345,µg/m³,VOC,
60512,BEASLEY PARK _HAMILTON_DOWNTOWN_,2-Methylpentane,2008-12-08T00:00,0.711,µg/m³,VOC,
60512,BEASLEY PARK _HAMILTON_DOWNTOWN_,2-Methylpentane,2008-12-14T00:00,0.458,µg/m³,VOC,
60512,BEASLEY PARK _HAMILTON_DOWNTOWN_,2-Methylpentane,2008-12-20T00:00,0.409,µg/m³,VOC,
