﻿NAPS_Site_ID,Station_Name,Pollutant,Date,Value,Units,Report_Type,Method
60904,LONDON,Ethylene,2023-01-06T00:00,1.091,µg/m³,VOC,GC-FID
60904,LONDON,Ethylene,2023-01-12T00:00,1.565,µg/m³,VOC,GC-FID
60904,LONDON,Ethylene,2023-01-24T00:00,0.637,µg/m³,VOC,GC-FID
60904,LONDON,Ethylene,2023-02-05T00:00,0.613,µg/m³,VOC,GC-FID
60904,LONDON,Ethylene,2023-02-11T00:00,1.003,µg/m³,VOC,GC-FID
60904,LONDON,Ethylene,2023-02-17T00:00,0.414,µg/m³,VOC,GC-FID
60904,LONDON,Ethylene,2023-02-23T00:00,0.583,µg/m³,VOC,GC-FID
60904,LONDON,Ethylene,2023-03-01T00:00,0.776,µg/m³,VOC,GC-FID
60904,LONDON,Ethylene,2023-03-07T00:00,0.491,µg/m³,VOC,GC-FID
60904,LONDON,Ethylene,2023-03-13T00:00,0.998,µg/m³,VOC,GC-FID
60904,LONDON,Ethylene,2023-03-19T00:00,0.331,µg/m³,VOC,GC-FID
60904,LONDON,Ethylene,2023-03-25T00:00,0.435,µg/m³,VOC,GC-FID
60904,LONDON,Ethylene,2023-03-31T00:00,0.507,µg/m³,VOC,GC-FID
60904,LONDON,Ethylene,2023-04-06T00:00,0.385,µg/m³,VOC,GC-FID
60904,LONDON,Ethylene,2023-04-12T00:00,0.459,µg/m³,VOC,GC-FID
60904,LONDON,Ethylene,2023-04-18T00:00,0.290,µg/m³,VOC,GC-FID
60904,LONDON,Ethylene,2023-05-06T00:00,0.490,µg/m³,VOC,GC-FID
60904,LONDON,Ethylene,2023-05-12T00:00,0.885,µg/m³,VOC,GC-FID
60904,LONDON,Ethylene,2023-05-18T00:00,0.437,µg/m³,VOC,GC-FID
60904,LONDON,Ethylene,2023-06-05T00:00,0.667,µg/m³,VOC,GC-FID
60904,LONDON,Ethylene,2023-06-11T00:00,0.350,µg/m³,VOC,GC-FID
60904,LONDON,Ethylene,2023-06-17T00:00,0.613,µg/m³,VOC,GC-FID
60904,LONDON,Ethylene,2023-06-23T00:00,0.445,µg/m³,VOC,GC-FID
60904,LONDON,Ethylene,2023-07-17T00:00,0.742,µg/m³,VOC,GC-FID
60904,LONDON,Ethylene,2023-07-23T00:00,0.595,µg/m³,VOC,GC-FID
60904,LONDON,Ethylene,2023-07-29T00:00,0.580,µg/m³,VOC,GC-FID
60904,LONDON,Ethylene,2023-08-10T00:00,0.440,µg/m³,VOC,GC-FID
60904,LONDON,Ethylene,2023-08-16T00:00,0.444,µg/m³,VOC,GC-FID
60904,LONDON,Ethylene,2023-08-22T00:00,0.353,µg/m³,VOC,GC-FID
60904,LONDON,Ethylene,2023-08-28T00:00,0.602,µg/m³,VOC,GC-FID
60904,LONDON,Ethylene,2023-09-03T00:00,0.513,µg/m³,VOC,GC-FID
60904,LONDON,Ethylene,2023-09-09T00:00,0.517,µg/m³,VOC,GC-FID
60904,LONDON,Ethylene,2023-09-15T00:00,0.938,µg/m³,VOC,GC-FID
60904,LONDON,Ethylene,2023-09-21T00:00,0.382,µg/m³,VOC,GC-FID
60904,LONDON,Ethylene,2023-09-27T00:00,0.385,µg/m³,VOC,GC-FID
60904,LONDON,Ethylene,2023-10-15T00:00,0.284,µg/m³,VOC,GC-FID
60904,LONDON,Ethylene,2023-10-21T00:00,0.315,µg/m³,VOC,GC-FID
60904,LONDON,Ethylene,2023-10-27T00:00,0.415,µg/m³,VOC,GC-FID
60904,LONDON,Ethylene,2023-11-14T00:00,0.707,µg/m³,VOC,GC-FID
60904,LONDON,Ethylene,2023-11-20T00:00,0.851,µg/m³,VOC,GC-FID
60904,LONDON,Ethylene,2023-11-26T00:00,1.168,µg/m³,VOC,GC-FID
60904,LONDON,Ethylene,2023-12-02T00:00,1.051,µg/m³,VOC,GC-FID
60904,LONDON,Ethylene,2023-12-08T00:00,1.087,µg/m³,VOC,GC-FID
60904,LONDON,Ethylene,2023-12-20T00:00,0.903,µg/m³,VOC,GC-FID
