﻿NAPS_Site_ID,Station_Name,Pollutant,Date,Value,Units,Report_Type,Method
54401,SAINT-ANICET,Bromine,2009-07-08T20:00,0.004,µg/m³,PM2.5,N/A
54401,SAINT-ANICET,Bromine,2009-07-11T20:00,0.002,µg/m³,PM2.5,N/A
54401,SAINT-ANICET,Bromine,2009-07-14T20:00,0.001,µg/m³,PM2.5,N/A
54401,SAINT-ANICET,Bromine,2009-07-17T20:00,0.003,µg/m³,PM2.5,N/A
54401,SAINT-ANICET,Bromine,2009-07-20T20:00,0.003,µg/m³,PM2.5,N/A
54401,SAINT-ANICET,Bromine,2009-07-23T20:00,0.003,µg/m³,PM2.5,N/A
54401,SAINT-ANICET,Bromine,2009-07-26T20:00,0.003,µg/m³,PM2.5,N/A
54401,SAINT-ANICET,Bromine,2009-07-29T20:00,0.004,µg/m³,PM2.5,N/A
54401,SAINT-ANICET,Bromine,2009-08-01T20:00,0.005,µg/m³,PM2.5,N/A
54401,SAINT-ANICET,Bromine,2009-08-04T20:00,0.002,µg/m³,PM2.5,N/A
54401,SAINT-ANICET,Bromine,2009-08-07T20:00,0.002,µg/m³,PM2.5,N/A
54401,SAINT-ANICET,Bromine,2009-08-10T20:00,0.002,µg/m³,PM2.5,N/A
54401,SAINT-ANICET,Bromine,2009-08-13T20:00,0.001,µg/m³,PM2.5,N/A
54401,SAINT-ANICET,Bromine,2009-08-16T20:00,0.003,µg/m³,PM2.5,N/A
54401,SAINT-ANICET,Bromine,2009-08-19T20:00,0.002,µg/m³,PM2.5,N/A
54401,SAINT-ANICET,Bromine,2009-08-22T20:00,0.003,µg/m³,PM2.5,N/A
54401,SAINT-ANICET,Bromine,2009-08-25T20:00,0.001,µg/m³,PM2.5,N/A
54401,SAINT-ANICET,Bromine,2009-08-28T20:00,0.002,µg/m³,PM2.5,N/A
54401,SAINT-ANICET,Bromine,2009-08-31T20:00,0.003,µg/m³,PM2.5,N/A
54401,SAINT-ANICET,Bromine,2009-09-03T20:00,0.005,µg/m³,PM2.5,N/A
54401,SAINT-ANICET,Bromine,2009-09-06T20:00,0.002,µg/m³,PM2.5,N/A
54401,SAINT-ANICET,Bromine,2009-09-09T20:00,0.002,µg/m³,PM2.5,N/A
54401,SAINT-ANICET,Bromine,2009-09-12T20:00,0.003,µg/m³,PM2.5,N/A
54401,SAINT-ANICET,Bromine,2009-09-15T20:00,0.002,µg/m³,PM2.5,N/A
54401,SAINT-ANICET,Bromine,2009-09-18T20:00,0.002,µg/m³,PM2.5,N/A
54401,SAINT-ANICET,Bromine,2009-09-21T20:00,0.002,µg/m³,PM2.5,N/A
54401,SAINT-ANICET,Bromine,2009-09-24T20:00,0.002,µg/m³,PM2.5,N/A
54401,SAINT-ANICET,Bromine,2009-09-27T20:00,0.001,µg/m³,PM2.5,N/A
54401,SAINT-ANICET,Bromine,2009-09-30T20:00,0.001,µg/m³,PM2.5,N/A
54401,SAINT-ANICET,Bromine,2009-10-03T20:00,0.004,µg/m³,PM2.5,N/A
54401,SAINT-ANICET,Bromine,2009-10-06T20:00,0.003,µg/m³,PM2.5,N/A
54401,SAINT-ANICET,Bromine,2009-10-09T20:00,0.001,µg/m³,PM2.5,N/A
54401,SAINT-ANICET,Bromine,2009-10-12T20:00,0.002,µg/m³,PM2.5,N/A
54401,SAINT-ANICET,Bromine,2009-10-15T20:00,0.002,µg/m³,PM2.5,N/A
54401,SAINT-ANICET,Bromine,2009-10-18T20:00,0.003,µg/m³,PM2.5,N/A
54401,SAINT-ANICET,Bromine,2009-10-21T20:00,0.003,µg/m³,PM2.5,N/A
54401,SAINT-ANICET,Bromine,2009-10-24T20:00,0.001,µg/m³,PM2.5,N/A
54401,SAINT-ANICET,Bromine,2009-10-27T20:00,0.004,µg/m³,PM2.5,N/A
54401,SAINT-ANICET,Bromine,2009-10-30T20:00,0.002,µg/m³,PM2.5,N/A
54401,SAINT-ANICET,Bromine,2009-11-02T19:00,0.002,µg/m³,PM2.5,N/A
54401,SAINT-ANICET,Bromine,2009-11-05T19:00,0.003,µg/m³,PM2.5,N/A
54401,SAINT-ANICET,Bromine,2009-11-08T19:00,0.005,µg/m³,PM2.5,N/A
54401,SAINT-ANICET,Bromine,2009-11-11T19:00,0.005,µg/m³,PM2.5,N/A
54401,SAINT-ANICET,Bromine,2009-11-14T19:00,0.005,µg/m³,PM2.5,N/A
54401,SAINT-ANICET,Bromine,2009-11-17T19:00,0.002,µg/m³,PM2.5,N/A
54401,SAINT-ANICET,Bromine,2009-11-20T19:00,0.001,µg/m³,PM2.5,N/A
54401,SAINT-ANICET,Bromine,2009-11-23T19:00,0.014,µg/m³,PM2.5,N/A
54401,SAINT-ANICET,Bromine,2009-11-26T19:00,0.002,µg/m³,PM2.5,N/A
54401,SAINT-ANICET,Bromine,2009-11-29T19:00,0.004,µg/m³,PM2.5,N/A
54401,SAINT-ANICET,Bromine,2009-12-02T19:00,0.002,µg/m³,PM2.5,N/A
54401,SAINT-ANICET,Bromine,2009-12-05T19:00,0.002,µg/m³,PM2.5,N/A
54401,SAINT-ANICET,Bromine,2009-12-08T19:00,0.002,µg/m³,PM2.5,N/A
54401,SAINT-ANICET,Bromine,2009-12-11T19:00,0.004,µg/m³,PM2.5,N/A
54401,SAINT-ANICET,Bromine,2009-12-14T19:00,0.007,µg/m³,PM2.5,N/A
54401,SAINT-ANICET,Bromine,2009-12-17T19:00,0.003,µg/m³,PM2.5,N/A
54401,SAINT-ANICET,Bromine,2009-12-20T19:00,0.002,µg/m³,PM2.5,N/A
54401,SAINT-ANICET,Bromine,2009-12-23T19:00,0.002,µg/m³,PM2.5,N/A
54401,SAINT-ANICET,Bromine,2009-12-26T19:00,0.003,µg/m³,PM2.5,N/A
54401,SAINT-ANICET,Bromine,2009-12-29T19:00,0.003,µg/m³,PM2.5,N/A
