﻿NAPS_Site_ID,Station_Name,Pollutant,Date,Value,Units,Report_Type,Method
30113,JOHNSTON BUILDING,EC(A),2019-01-03T00:00,0.809,µg/m³,PM2.5,TOR(OC/EC)
30113,JOHNSTON BUILDING,EC(A),2019-01-06T00:00,0.185,µg/m³,PM2.5,TOR(OC/EC)
30113,JOHNSTON BUILDING,EC(A),2019-01-09T00:00,0.119,µg/m³,PM2.5,TOR(OC/EC)
30113,JOHNSTON BUILDING,EC(A),2019-01-12T00:00,0.110,µg/m³,PM2.5,TOR(OC/EC)
30113,JOHNSTON BUILDING,EC(A),2019-01-15T00:00,0.293,µg/m³,PM2.5,TOR(OC/EC)
30113,JOHNSTON BUILDING,EC(A),2019-01-18T00:00,0.193,µg/m³,PM2.5,TOR(OC/EC)
30113,JOHNSTON BUILDING,EC(A),2019-01-21T00:00,0.095,µg/m³,PM2.5,TOR(OC/EC)
30113,JOHNSTON BUILDING,EC(A),2019-01-24T00:00,0.000,µg/m³,PM2.5,TOR(OC/EC)
30113,JOHNSTON BUILDING,EC(A),2019-01-27T00:00,0.325,µg/m³,PM2.5,TOR(OC/EC)
30113,JOHNSTON BUILDING,EC(A),2019-01-30T00:00,0.117,µg/m³,PM2.5,TOR(OC/EC)
30113,JOHNSTON BUILDING,EC(A),2019-02-02T00:00,0.128,µg/m³,PM2.5,TOR(OC/EC)
30113,JOHNSTON BUILDING,EC(A),2019-02-05T00:00,0.595,µg/m³,PM2.5,TOR(OC/EC)
30113,JOHNSTON BUILDING,EC(A),2019-02-08T00:00,0.334,µg/m³,PM2.5,TOR(OC/EC)
30113,JOHNSTON BUILDING,EC(A),2019-02-11T00:00,0.063,µg/m³,PM2.5,TOR(OC/EC)
30113,JOHNSTON BUILDING,EC(A),2019-02-14T00:00,0.245,µg/m³,PM2.5,TOR(OC/EC)
30113,JOHNSTON BUILDING,EC(A),2019-02-17T00:00,0.203,µg/m³,PM2.5,TOR(OC/EC)
30113,JOHNSTON BUILDING,EC(A),2019-02-20T00:00,0.096,µg/m³,PM2.5,TOR(OC/EC)
30113,JOHNSTON BUILDING,EC(A),2019-02-23T00:00,0.158,µg/m³,PM2.5,TOR(OC/EC)
30113,JOHNSTON BUILDING,EC(A),2019-02-26T00:00,0.000,µg/m³,PM2.5,TOR(OC/EC)
30113,JOHNSTON BUILDING,EC(A),2019-03-01T00:00,0.156,µg/m³,PM2.5,TOR(OC/EC)
30113,JOHNSTON BUILDING,EC(A),2019-03-04T00:00,0.167,µg/m³,PM2.5,TOR(OC/EC)
30113,JOHNSTON BUILDING,EC(A),2019-03-07T00:00,0.130,µg/m³,PM2.5,TOR(OC/EC)
30113,JOHNSTON BUILDING,EC(A),2019-03-10T00:00,0.178,µg/m³,PM2.5,TOR(OC/EC)
30113,JOHNSTON BUILDING,EC(A),2019-03-13T00:00,0.421,µg/m³,PM2.5,TOR(OC/EC)
30113,JOHNSTON BUILDING,EC(A),2019-03-16T00:00,0.372,µg/m³,PM2.5,TOR(OC/EC)
30113,JOHNSTON BUILDING,EC(A),2019-03-19T00:00,0.345,µg/m³,PM2.5,TOR(OC/EC)
30113,JOHNSTON BUILDING,EC(A),2019-03-22T00:00,0.298,µg/m³,PM2.5,TOR(OC/EC)
30113,JOHNSTON BUILDING,EC(A),2019-03-25T00:00,0.133,µg/m³,PM2.5,TOR(OC/EC)
30113,JOHNSTON BUILDING,EC(A),2019-03-28T00:00,0.076,µg/m³,PM2.5,TOR(OC/EC)
30113,JOHNSTON BUILDING,EC(A),2019-03-31T00:00,0.183,µg/m³,PM2.5,TOR(OC/EC)
30113,JOHNSTON BUILDING,EC(A),2019-04-03T00:00,0.044,µg/m³,PM2.5,TOR(OC/EC)
30113,JOHNSTON BUILDING,EC(A),2019-04-06T00:00,0.171,µg/m³,PM2.5,TOR(OC/EC)
30113,JOHNSTON BUILDING,EC(A),2019-04-09T00:00,0.199,µg/m³,PM2.5,TOR(OC/EC)
30113,JOHNSTON BUILDING,EC(A),2019-04-12T00:00,0.635,µg/m³,PM2.5,TOR(OC/EC)
30113,JOHNSTON BUILDING,EC(A),2019-04-15T00:00,0.195,µg/m³,PM2.5,TOR(OC/EC)
30113,JOHNSTON BUILDING,EC(A),2019-04-18T00:00,0.514,µg/m³,PM2.5,TOR(OC/EC)
30113,JOHNSTON BUILDING,EC(A),2019-04-21T00:00,0.059,µg/m³,PM2.5,TOR(OC/EC)
30113,JOHNSTON BUILDING,EC(A),2019-04-24T00:00,0.211,µg/m³,PM2.5,TOR(OC/EC)
30113,JOHNSTON BUILDING,EC(A),2019-04-27T00:00,0.057,µg/m³,PM2.5,TOR(OC/EC)
30113,JOHNSTON BUILDING,EC(A),2019-04-30T00:00,0.116,µg/m³,PM2.5,TOR(OC/EC)
30113,JOHNSTON BUILDING,EC(A),2019-05-03T00:00,0.381,µg/m³,PM2.5,TOR(OC/EC)
30113,JOHNSTON BUILDING,EC(A),2019-05-06T00:00,0.277,µg/m³,PM2.5,TOR(OC/EC)
30113,JOHNSTON BUILDING,EC(A),2019-05-09T00:00,0.058,µg/m³,PM2.5,TOR(OC/EC)
30113,JOHNSTON BUILDING,EC(A),2019-05-12T00:00,0.042,µg/m³,PM2.5,TOR(OC/EC)
30113,JOHNSTON BUILDING,EC(A),2019-05-15T00:00,0.112,µg/m³,PM2.5,TOR(OC/EC)
30113,JOHNSTON BUILDING,EC(A),2019-05-18T00:00,0.140,µg/m³,PM2.5,TOR(OC/EC)
30113,JOHNSTON BUILDING,EC(A),2019-05-21T00:00,0.177,µg/m³,PM2.5,TOR(OC/EC)
30113,JOHNSTON BUILDING,EC(A),2019-05-24T00:00,0.219,µg/m³,PM2.5,TOR(OC/EC)
30113,JOHNSTON BUILDING,EC(A),2019-05-27T00:00,0.341,µg/m³,PM2.5,TOR(OC/EC)
30113,JOHNSTON BUILDING,EC(A),2019-05-30T00:00,0.229,µg/m³,PM2.5,TOR(OC/EC)
30113,JOHNSTON BUILDING,EC(A),2019-06-02T00:00,0.063,µg/m³,PM2.5,TOR(OC/EC)
30113,JOHNSTON BUILDING,EC(A),2019-06-05T00:00,0.233,µg/m³,PM2.5,TOR(OC/EC)
30113,JOHNSTON BUILDING,EC(A),2019-06-08T00:00,0.292,µg/m³,PM2.5,TOR(OC/EC)
30113,JOHNSTON BUILDING,EC(A),2019-06-14T00:00,0.390,µg/m³,PM2.5,TOR(OC/EC)
30113,JOHNSTON BUILDING,EC(A),2019-06-17T00:00,0.998,µg/m³,PM2.5,TOR(OC/EC)
30113,JOHNSTON BUILDING,EC(A),2019-06-20T00:00,0.567,µg/m³,PM2.5,TOR(OC/EC)
30113,JOHNSTON BUILDING,EC(A),2019-06-23T00:00,0.312,µg/m³,PM2.5,TOR(OC/EC)
30113,JOHNSTON BUILDING,EC(A),2019-06-26T00:00,0.717,µg/m³,PM2.5,TOR(OC/EC)
30113,JOHNSTON BUILDING,EC(A),2019-06-29T00:00,0.488,µg/m³,PM2.5,TOR(OC/EC)
30113,JOHNSTON BUILDING,EC(A),2019-07-02T00:00,0.343,µg/m³,PM2.5,TOR(OC/EC)
30113,JOHNSTON BUILDING,EC(A),2019-07-05T00:00,1.126,µg/m³,PM2.5,TOR(OC/EC)
30113,JOHNSTON BUILDING,EC(A),2019-07-08T00:00,0.412,µg/m³,PM2.5,TOR(OC/EC)
30113,JOHNSTON BUILDING,EC(A),2019-07-11T00:00,0.332,µg/m³,PM2.5,TOR(OC/EC)
30113,JOHNSTON BUILDING,EC(A),2019-07-14T00:00,0.308,µg/m³,PM2.5,TOR(OC/EC)
30113,JOHNSTON BUILDING,EC(A),2019-07-17T00:00,0.411,µg/m³,PM2.5,TOR(OC/EC)
30113,JOHNSTON BUILDING,EC(A),2019-07-20T00:00,0.402,µg/m³,PM2.5,TOR(OC/EC)
30113,JOHNSTON BUILDING,EC(A),2019-07-23T00:00,0.359,µg/m³,PM2.5,TOR(OC/EC)
30113,JOHNSTON BUILDING,EC(A),2019-07-26T00:00,0.629,µg/m³,PM2.5,TOR(OC/EC)
30113,JOHNSTON BUILDING,EC(A),2019-07-29T00:00,0.383,µg/m³,PM2.5,TOR(OC/EC)
30113,JOHNSTON BUILDING,EC(A),2019-08-01T00:00,0.548,µg/m³,PM2.5,TOR(OC/EC)
30113,JOHNSTON BUILDING,EC(A),2019-08-04T00:00,0.258,µg/m³,PM2.5,TOR(OC/EC)
30113,JOHNSTON BUILDING,EC(A),2019-08-07T00:00,0.301,µg/m³,PM2.5,TOR(OC/EC)
30113,JOHNSTON BUILDING,EC(A),2019-08-10T00:00,0.354,µg/m³,PM2.5,TOR(OC/EC)
30113,JOHNSTON BUILDING,EC(A),2019-08-13T00:00,0.367,µg/m³,PM2.5,TOR(OC/EC)
30113,JOHNSTON BUILDING,EC(A),2019-08-16T00:00,0.455,µg/m³,PM2.5,TOR(OC/EC)
30113,JOHNSTON BUILDING,EC(A),2019-08-19T00:00,0.512,µg/m³,PM2.5,TOR(OC/EC)
30113,JOHNSTON BUILDING,EC(A),2019-08-22T00:00,0.384,µg/m³,PM2.5,TOR(OC/EC)
30113,JOHNSTON BUILDING,EC(A),2019-08-25T00:00,0.117,µg/m³,PM2.5,TOR(OC/EC)
30113,JOHNSTON BUILDING,EC(A),2019-08-28T00:00,0.504,µg/m³,PM2.5,TOR(OC/EC)
30113,JOHNSTON BUILDING,EC(A),2019-08-31T00:00,0.401,µg/m³,PM2.5,TOR(OC/EC)
30113,JOHNSTON BUILDING,EC(A),2019-09-03T00:00,0.273,µg/m³,PM2.5,TOR(OC/EC)
30113,JOHNSTON BUILDING,EC(A),2019-09-06T00:00,0.673,µg/m³,PM2.5,TOR(OC/EC)
30113,JOHNSTON BUILDING,EC(A),2019-09-09T00:00,0.789,µg/m³,PM2.5,TOR(OC/EC)
30113,JOHNSTON BUILDING,EC(A),2019-09-12T00:00,0.236,µg/m³,PM2.5,TOR(OC/EC)
30113,JOHNSTON BUILDING,EC(A),2019-09-15T00:00,0.147,µg/m³,PM2.5,TOR(OC/EC)
30113,JOHNSTON BUILDING,EC(A),2019-09-18T00:00,0.195,µg/m³,PM2.5,TOR(OC/EC)
30113,JOHNSTON BUILDING,EC(A),2019-09-21T00:00,0.371,µg/m³,PM2.5,TOR(OC/EC)
30113,JOHNSTON BUILDING,EC(A),2019-09-24T00:00,0.304,µg/m³,PM2.5,TOR(OC/EC)
30113,JOHNSTON BUILDING,EC(A),2019-09-27T00:00,0.303,µg/m³,PM2.5,TOR(OC/EC)
30113,JOHNSTON BUILDING,EC(A),2019-09-30T00:00,0.226,µg/m³,PM2.5,TOR(OC/EC)
30113,JOHNSTON BUILDING,EC(A),2019-10-03T00:00,0.097,µg/m³,PM2.5,TOR(OC/EC)
30113,JOHNSTON BUILDING,EC(A),2019-10-06T00:00,0.104,µg/m³,PM2.5,TOR(OC/EC)
30113,JOHNSTON BUILDING,EC(A),2019-10-09T00:00,0.228,µg/m³,PM2.5,TOR(OC/EC)
30113,JOHNSTON BUILDING,EC(A),2019-10-12T00:00,0.095,µg/m³,PM2.5,TOR(OC/EC)
30113,JOHNSTON BUILDING,EC(A),2019-10-15T00:00,0.195,µg/m³,PM2.5,TOR(OC/EC)
30113,JOHNSTON BUILDING,EC(A),2019-10-18T00:00,0.050,µg/m³,PM2.5,TOR(OC/EC)
30113,JOHNSTON BUILDING,EC(A),2019-10-21T00:00,0.816,µg/m³,PM2.5,TOR(OC/EC)
30113,JOHNSTON BUILDING,EC(A),2019-10-24T00:00,0.113,µg/m³,PM2.5,TOR(OC/EC)
30113,JOHNSTON BUILDING,EC(A),2019-10-27T00:00,0.083,µg/m³,PM2.5,TOR(OC/EC)
30113,JOHNSTON BUILDING,EC(A),2019-10-30T00:00,0.280,µg/m³,PM2.5,TOR(OC/EC)
30113,JOHNSTON BUILDING,EC(A),2019-11-02T00:00,0.206,µg/m³,PM2.5,TOR(OC/EC)
30113,JOHNSTON BUILDING,EC(A),2019-11-05T00:00,0.790,µg/m³,PM2.5,TOR(OC/EC)
30113,JOHNSTON BUILDING,EC(A),2019-11-08T00:00,0.240,µg/m³,PM2.5,TOR(OC/EC)
30113,JOHNSTON BUILDING,EC(A),2019-11-11T00:00,0.209,µg/m³,PM2.5,TOR(OC/EC)
30113,JOHNSTON BUILDING,EC(A),2019-11-14T00:00,0.199,µg/m³,PM2.5,TOR(OC/EC)
30113,JOHNSTON BUILDING,EC(A),2019-11-17T00:00,0.198,µg/m³,PM2.5,TOR(OC/EC)
30113,JOHNSTON BUILDING,EC(A),2019-11-20T00:00,0.120,µg/m³,PM2.5,TOR(OC/EC)
30113,JOHNSTON BUILDING,EC(A),2019-11-23T00:00,0.060,µg/m³,PM2.5,TOR(OC/EC)
30113,JOHNSTON BUILDING,EC(A),2019-11-26T00:00,0.311,µg/m³,PM2.5,TOR(OC/EC)
30113,JOHNSTON BUILDING,EC(A),2019-11-29T00:00,0.045,µg/m³,PM2.5,TOR(OC/EC)
30113,JOHNSTON BUILDING,EC(A),2019-12-02T00:00,0.094,µg/m³,PM2.5,TOR(OC/EC)
30113,JOHNSTON BUILDING,EC(A),2019-12-05T00:00,0.879,µg/m³,PM2.5,TOR(OC/EC)
30113,JOHNSTON BUILDING,EC(A),2019-12-08T00:00,0.192,µg/m³,PM2.5,TOR(OC/EC)
30113,JOHNSTON BUILDING,EC(A),2019-12-11T00:00,0.243,µg/m³,PM2.5,TOR(OC/EC)
30113,JOHNSTON BUILDING,EC(A),2019-12-14T00:00,0.110,µg/m³,PM2.5,TOR(OC/EC)
30113,JOHNSTON BUILDING,EC(A),2019-12-17T00:00,0.235,µg/m³,PM2.5,TOR(OC/EC)
30113,JOHNSTON BUILDING,EC(A),2019-12-20T00:00,0.069,µg/m³,PM2.5,TOR(OC/EC)
30113,JOHNSTON BUILDING,EC(A),2019-12-23T00:00,0.493,µg/m³,PM2.5,TOR(OC/EC)
30113,JOHNSTON BUILDING,EC(A),2019-12-26T00:00,0.093,µg/m³,PM2.5,TOR(OC/EC)
30113,JOHNSTON BUILDING,EC(A),2019-12-29T00:00,0.119,µg/m³,PM2.5,TOR(OC/EC)
