﻿NAPS_Site_ID,Station_Name,Pollutant,Date,Value,Units,Report_Type,Method
60427,GAGE INSTITUTE,Fluoranthene,2014-01-17T00:00,0.001,µg/m³,PAH,GC-MS TP+G
60427,GAGE INSTITUTE,Fluoranthene,2014-01-23T00:00,0.001,µg/m³,PAH,GC-MS TP+G
60427,GAGE INSTITUTE,Fluoranthene,2014-01-29T00:00,0.001,µg/m³,PAH,GC-MS TP+G
60427,GAGE INSTITUTE,Fluoranthene,2014-02-04T00:00,0.001,µg/m³,PAH,GC-MS TP+G
60427,GAGE INSTITUTE,Fluoranthene,2014-02-16T00:00,0.000,µg/m³,PAH,GC-MS TP+G
60427,GAGE INSTITUTE,Fluoranthene,2014-02-22T00:00,0.001,µg/m³,PAH,GC-MS TP+G
60427,GAGE INSTITUTE,Fluoranthene,2014-02-28T00:00,0.001,µg/m³,PAH,GC-MS TP+G
60427,GAGE INSTITUTE,Fluoranthene,2014-03-06T00:00,0.000,µg/m³,PAH,GC-MS TP+G
60427,GAGE INSTITUTE,Fluoranthene,2014-03-12T00:00,0.000,µg/m³,PAH,GC-MS TP+G
60427,GAGE INSTITUTE,Fluoranthene,2014-03-18T00:00,0.001,µg/m³,PAH,GC-MS TP+G
60427,GAGE INSTITUTE,Fluoranthene,2014-03-24T00:00,0.001,µg/m³,PAH,GC-MS TP+G
60427,GAGE INSTITUTE,Fluoranthene,2014-04-05T00:00,0.001,µg/m³,PAH,GC-MS TP+G
60427,GAGE INSTITUTE,Fluoranthene,2014-04-11T00:00,0.001,µg/m³,PAH,GC-MS TP+G
60427,GAGE INSTITUTE,Fluoranthene,2014-05-11T00:00,0.002,µg/m³,PAH,GC-MS TP+G
60427,GAGE INSTITUTE,Fluoranthene,2014-05-23T00:00,0.001,µg/m³,PAH,GC-MS TP+G
60427,GAGE INSTITUTE,Fluoranthene,2014-05-29T00:00,0.001,µg/m³,PAH,GC-MS TP+G
60427,GAGE INSTITUTE,Fluoranthene,2014-06-04T00:00,0.002,µg/m³,PAH,GC-MS TP+G
60427,GAGE INSTITUTE,Fluoranthene,2014-06-10T00:00,0.002,µg/m³,PAH,GC-MS TP+G
60427,GAGE INSTITUTE,Fluoranthene,2014-06-16T00:00,0.003,µg/m³,PAH,GC-MS TP+G
