﻿NAPS_Site_ID,Station_Name,Pollutant,Date,Value,Units,Report_Type,Method
50308,QUÉBEC-VIEUX-LIMOILOU (DES SABLES),OC1(A),2022-07-16T00:00,0.402,µg/m³,PM2.5,TOR
50308,QUÉBEC-VIEUX-LIMOILOU (DES SABLES),OC1(A),2022-07-19T00:00,0.391,µg/m³,PM2.5,TOR
50308,QUÉBEC-VIEUX-LIMOILOU (DES SABLES),OC1(A),2022-07-22T00:00,0.498,µg/m³,PM2.5,TOR
50308,QUÉBEC-VIEUX-LIMOILOU (DES SABLES),OC1(A),2022-07-25T00:00,0.453,µg/m³,PM2.5,TOR
50308,QUÉBEC-VIEUX-LIMOILOU (DES SABLES),OC1(A),2022-07-28T00:00,0.475,µg/m³,PM2.5,TOR
50308,QUÉBEC-VIEUX-LIMOILOU (DES SABLES),OC1(A),2022-07-31T00:00,0.497,µg/m³,PM2.5,TOR
50308,QUÉBEC-VIEUX-LIMOILOU (DES SABLES),OC1(A),2022-08-03T00:00,0.556,µg/m³,PM2.5,TOR
50308,QUÉBEC-VIEUX-LIMOILOU (DES SABLES),OC1(A),2022-08-06T00:00,0.602,µg/m³,PM2.5,TOR
50308,QUÉBEC-VIEUX-LIMOILOU (DES SABLES),OC1(A),2022-08-21T00:00,0.548,µg/m³,PM2.5,TOR
50308,QUÉBEC-VIEUX-LIMOILOU (DES SABLES),OC1(A),2022-08-24T00:00,0.526,µg/m³,PM2.5,TOR
50308,QUÉBEC-VIEUX-LIMOILOU (DES SABLES),OC1(A),2022-08-27T00:00,0.661,µg/m³,PM2.5,TOR
50308,QUÉBEC-VIEUX-LIMOILOU (DES SABLES),OC1(A),2022-08-30T00:00,0.577,µg/m³,PM2.5,TOR
50308,QUÉBEC-VIEUX-LIMOILOU (DES SABLES),OC1(A),2022-09-02T00:00,0.618,µg/m³,PM2.5,TOR
50308,QUÉBEC-VIEUX-LIMOILOU (DES SABLES),OC1(A),2022-09-05T00:00,0.659,µg/m³,PM2.5,TOR
50308,QUÉBEC-VIEUX-LIMOILOU (DES SABLES),OC1(A),2022-09-08T00:00,0.551,µg/m³,PM2.5,TOR
50308,QUÉBEC-VIEUX-LIMOILOU (DES SABLES),OC1(A),2022-09-11T00:00,0.662,µg/m³,PM2.5,TOR
50308,QUÉBEC-VIEUX-LIMOILOU (DES SABLES),OC1(A),2022-09-14T00:00,0.419,µg/m³,PM2.5,TOR
50308,QUÉBEC-VIEUX-LIMOILOU (DES SABLES),OC1(A),2022-09-17T00:00,0.611,µg/m³,PM2.5,TOR
50308,QUÉBEC-VIEUX-LIMOILOU (DES SABLES),OC1(A),2022-09-20T00:00,0.532,µg/m³,PM2.5,TOR
50308,QUÉBEC-VIEUX-LIMOILOU (DES SABLES),OC1(A),2022-09-23T00:00,0.581,µg/m³,PM2.5,TOR
50308,QUÉBEC-VIEUX-LIMOILOU (DES SABLES),OC1(A),2022-09-26T00:00,0.536,µg/m³,PM2.5,TOR
50308,QUÉBEC-VIEUX-LIMOILOU (DES SABLES),OC1(A),2022-09-29T00:00,0.448,µg/m³,PM2.5,TOR
50308,QUÉBEC-VIEUX-LIMOILOU (DES SABLES),OC1(A),2022-10-02T00:00,0.471,µg/m³,PM2.5,TOR
50308,QUÉBEC-VIEUX-LIMOILOU (DES SABLES),OC1(A),2022-10-05T00:00,0.581,µg/m³,PM2.5,TOR
50308,QUÉBEC-VIEUX-LIMOILOU (DES SABLES),OC1(A),2022-10-08T00:00,0.312,µg/m³,PM2.5,TOR
50308,QUÉBEC-VIEUX-LIMOILOU (DES SABLES),OC1(A),2022-10-11T00:00,0.562,µg/m³,PM2.5,TOR
50308,QUÉBEC-VIEUX-LIMOILOU (DES SABLES),OC1(A),2022-10-14T00:00,0.538,µg/m³,PM2.5,TOR
50308,QUÉBEC-VIEUX-LIMOILOU (DES SABLES),OC1(A),2022-10-17T00:00,0.506,µg/m³,PM2.5,TOR
50308,QUÉBEC-VIEUX-LIMOILOU (DES SABLES),OC1(A),2022-10-20T00:00,0.693,µg/m³,PM2.5,TOR
50308,QUÉBEC-VIEUX-LIMOILOU (DES SABLES),OC1(A),2022-10-23T00:00,1.052,µg/m³,PM2.5,TOR
50308,QUÉBEC-VIEUX-LIMOILOU (DES SABLES),OC1(A),2022-10-26T00:00,0.593,µg/m³,PM2.5,TOR
50308,QUÉBEC-VIEUX-LIMOILOU (DES SABLES),OC1(A),2022-11-02T00:00,0.534,µg/m³,PM2.5,TOR
50308,QUÉBEC-VIEUX-LIMOILOU (DES SABLES),OC1(A),2022-11-05T00:00,1.032,µg/m³,PM2.5,TOR
50308,QUÉBEC-VIEUX-LIMOILOU (DES SABLES),OC1(A),2022-11-08T00:00,0.448,µg/m³,PM2.5,TOR
50308,QUÉBEC-VIEUX-LIMOILOU (DES SABLES),OC1(A),2022-11-13T00:00,0.573,µg/m³,PM2.5,TOR
50308,QUÉBEC-VIEUX-LIMOILOU (DES SABLES),OC1(A),2022-11-16T00:00,0.475,µg/m³,PM2.5,TOR
50308,QUÉBEC-VIEUX-LIMOILOU (DES SABLES),OC1(A),2022-11-19T00:00,0.720,µg/m³,PM2.5,TOR
50308,QUÉBEC-VIEUX-LIMOILOU (DES SABLES),OC1(A),2022-11-25T00:00,0.693,µg/m³,PM2.5,TOR
50308,QUÉBEC-VIEUX-LIMOILOU (DES SABLES),OC1(A),2022-11-28T00:00,0.559,µg/m³,PM2.5,TOR
50308,QUÉBEC-VIEUX-LIMOILOU (DES SABLES),OC1(A),2022-12-01T00:00,0.524,µg/m³,PM2.5,TOR
50308,QUÉBEC-VIEUX-LIMOILOU (DES SABLES),OC1(A),2022-12-07T00:00,0.533,µg/m³,PM2.5,TOR
50308,QUÉBEC-VIEUX-LIMOILOU (DES SABLES),OC1(A),2022-12-10T00:00,0.503,µg/m³,PM2.5,TOR
50308,QUÉBEC-VIEUX-LIMOILOU (DES SABLES),OC1(A),2022-12-13T00:00,0.518,µg/m³,PM2.5,TOR
50308,QUÉBEC-VIEUX-LIMOILOU (DES SABLES),OC1(A),2022-12-16T00:00,0.604,µg/m³,PM2.5,TOR
50308,QUÉBEC-VIEUX-LIMOILOU (DES SABLES),OC1(A),2022-12-19T00:00,0.525,µg/m³,PM2.5,TOR
50308,QUÉBEC-VIEUX-LIMOILOU (DES SABLES),OC1(A),2022-12-25T00:00,0.386,µg/m³,PM2.5,TOR
50308,QUÉBEC-VIEUX-LIMOILOU (DES SABLES),OC1(A),2022-12-28T00:00,0.498,µg/m³,PM2.5,TOR
50308,QUÉBEC-VIEUX-LIMOILOU (DES SABLES),OC1(A),2022-12-31T00:00,0.962,µg/m³,PM2.5,TOR
