﻿NAPS_Site_ID,Station_Name,Pollutant,Date,Value,Units,Report_Type,Method
60418,JUNCTION TRIANGLE,Undecane,1992-01-01T00:00,0.266,µg/m³,VOC,N/A
60418,JUNCTION TRIANGLE,Undecane,1992-01-07T00:00,0.314,µg/m³,VOC,N/A
60418,JUNCTION TRIANGLE,Undecane,1992-01-13T00:00,0.558,µg/m³,VOC,N/A
60418,JUNCTION TRIANGLE,Undecane,1992-01-19T00:00,0.099,µg/m³,VOC,N/A
60418,JUNCTION TRIANGLE,Undecane,1992-01-25T00:00,0.384,µg/m³,VOC,N/A
60418,JUNCTION TRIANGLE,Undecane,1992-01-31T00:00,0.421,µg/m³,VOC,N/A
60418,JUNCTION TRIANGLE,Undecane,1992-02-06T00:00,0.585,µg/m³,VOC,N/A
60418,JUNCTION TRIANGLE,Undecane,1992-02-12T00:00,0.485,µg/m³,VOC,N/A
60418,JUNCTION TRIANGLE,Undecane,1992-02-18T00:00,0.545,µg/m³,VOC,N/A
60418,JUNCTION TRIANGLE,Undecane,1992-02-24T00:00,0.349,µg/m³,VOC,N/A
60418,JUNCTION TRIANGLE,Undecane,1992-03-01T00:00,0.327,µg/m³,VOC,N/A
60418,JUNCTION TRIANGLE,Undecane,1992-03-13T00:00,0.361,µg/m³,VOC,N/A
60418,JUNCTION TRIANGLE,Undecane,1992-03-19T00:00,0.753,µg/m³,VOC,N/A
60418,JUNCTION TRIANGLE,Undecane,1992-03-25T00:00,0.000,µg/m³,VOC,N/A
60418,JUNCTION TRIANGLE,Undecane,1992-04-06T00:00,1.301,µg/m³,VOC,N/A
60418,JUNCTION TRIANGLE,Undecane,1992-04-12T00:00,0.000,µg/m³,VOC,N/A
60418,JUNCTION TRIANGLE,Undecane,1992-04-18T00:00,0.306,µg/m³,VOC,N/A
60418,JUNCTION TRIANGLE,Undecane,1992-04-24T00:00,0.788,µg/m³,VOC,N/A
60418,JUNCTION TRIANGLE,Undecane,1992-04-30T00:00,0.000,µg/m³,VOC,N/A
60418,JUNCTION TRIANGLE,Undecane,1992-05-06T00:00,5.416,µg/m³,VOC,N/A
60418,JUNCTION TRIANGLE,Undecane,1992-05-12T00:00,3.087,µg/m³,VOC,N/A
60418,JUNCTION TRIANGLE,Undecane,1992-05-18T00:00,1.415,µg/m³,VOC,N/A
60418,JUNCTION TRIANGLE,Undecane,1992-05-24T00:00,0.357,µg/m³,VOC,N/A
60418,JUNCTION TRIANGLE,Undecane,1992-05-30T00:00,0.673,µg/m³,VOC,N/A
60418,JUNCTION TRIANGLE,Undecane,1992-06-05T00:00,0.773,µg/m³,VOC,N/A
60418,JUNCTION TRIANGLE,Undecane,1992-06-11T00:00,1.082,µg/m³,VOC,N/A
60418,JUNCTION TRIANGLE,Undecane,1992-06-17T00:00,0.904,µg/m³,VOC,N/A
60418,JUNCTION TRIANGLE,Undecane,1992-06-23T00:00,1.152,µg/m³,VOC,N/A
60418,JUNCTION TRIANGLE,Undecane,1992-06-29T00:00,0.836,µg/m³,VOC,N/A
60418,JUNCTION TRIANGLE,Undecane,1992-07-05T00:00,0.183,µg/m³,VOC,N/A
60418,JUNCTION TRIANGLE,Undecane,1992-07-17T00:00,1.406,µg/m³,VOC,N/A
60418,JUNCTION TRIANGLE,Undecane,1992-07-23T00:00,0.860,µg/m³,VOC,N/A
60418,JUNCTION TRIANGLE,Undecane,1992-07-29T00:00,0.870,µg/m³,VOC,N/A
60418,JUNCTION TRIANGLE,Undecane,1992-08-04T00:00,0.662,µg/m³,VOC,N/A
60418,JUNCTION TRIANGLE,Undecane,1992-08-10T00:00,0.572,µg/m³,VOC,N/A
60418,JUNCTION TRIANGLE,Undecane,1992-08-16T00:00,0.574,µg/m³,VOC,N/A
60418,JUNCTION TRIANGLE,Undecane,1992-08-22T00:00,1.217,µg/m³,VOC,N/A
60418,JUNCTION TRIANGLE,Undecane,1992-08-28T00:00,0.549,µg/m³,VOC,N/A
60418,JUNCTION TRIANGLE,Undecane,1992-09-03T00:00,0.688,µg/m³,VOC,N/A
60418,JUNCTION TRIANGLE,Undecane,1992-09-09T00:00,0.000,µg/m³,VOC,N/A
60418,JUNCTION TRIANGLE,Undecane,1992-09-15T00:00,1.333,µg/m³,VOC,N/A
60418,JUNCTION TRIANGLE,Undecane,1992-09-21T00:00,0.728,µg/m³,VOC,N/A
60418,JUNCTION TRIANGLE,Undecane,1992-11-02T00:00,0.229,µg/m³,VOC,N/A
60418,JUNCTION TRIANGLE,Undecane,1992-11-08T00:00,0.289,µg/m³,VOC,N/A
60418,JUNCTION TRIANGLE,Undecane,1992-11-14T00:00,0.261,µg/m³,VOC,N/A
60418,JUNCTION TRIANGLE,Undecane,1992-11-20T00:00,0.000,µg/m³,VOC,N/A
60418,JUNCTION TRIANGLE,Undecane,1992-11-26T00:00,0.000,µg/m³,VOC,N/A
60418,JUNCTION TRIANGLE,Undecane,1992-12-02T00:00,0.000,µg/m³,VOC,N/A
60418,JUNCTION TRIANGLE,Undecane,1992-12-08T00:00,0.000,µg/m³,VOC,N/A
60418,JUNCTION TRIANGLE,Undecane,1992-12-14T00:00,0.312,µg/m³,VOC,N/A
60418,JUNCTION TRIANGLE,Undecane,1992-12-26T00:00,0.000,µg/m³,VOC,N/A
