﻿NAPS_Site_ID,Station_Name,Pollutant,Date,Value,Units,Report_Type,Method
50133,MONTRÉAL-CHENIER,Freon 11,2016-12-31T19:00,1.473,µg/m³,VOC,GC-MS
50133,MONTRÉAL-CHENIER,Freon 11,2017-01-06T19:00,1.574,µg/m³,VOC,GC-MS
50133,MONTRÉAL-CHENIER,Freon 11,2017-01-12T19:00,1.460,µg/m³,VOC,GC-MS
50133,MONTRÉAL-CHENIER,Freon 11,2017-01-18T19:00,1.565,µg/m³,VOC,GC-MS
50133,MONTRÉAL-CHENIER,Freon 11,2017-01-24T19:00,1.482,µg/m³,VOC,GC-MS
50133,MONTRÉAL-CHENIER,Freon 11,2017-01-30T19:00,1.642,µg/m³,VOC,GC-MS
50133,MONTRÉAL-CHENIER,Freon 11,2017-02-05T19:00,1.611,µg/m³,VOC,GC-MS
50133,MONTRÉAL-CHENIER,Freon 11,2017-02-17T19:00,1.794,µg/m³,VOC,GC-MS
50133,MONTRÉAL-CHENIER,Freon 11,2017-02-23T19:00,1.823,µg/m³,VOC,GC-MS
50133,MONTRÉAL-CHENIER,Freon 11,2017-03-01T19:00,1.912,µg/m³,VOC,GC-MS
50133,MONTRÉAL-CHENIER,Freon 11,2017-03-07T19:00,1.861,µg/m³,VOC,GC-MS
50133,MONTRÉAL-CHENIER,Freon 11,2017-03-13T20:00,1.961,µg/m³,VOC,GC-MS
50133,MONTRÉAL-CHENIER,Freon 11,2017-03-19T20:00,2.060,µg/m³,VOC,GC-MS
50133,MONTRÉAL-CHENIER,Freon 11,2017-03-25T20:00,1.904,µg/m³,VOC,GC-MS
50133,MONTRÉAL-CHENIER,Freon 11,2017-03-31T20:00,1.872,µg/m³,VOC,GC-MS
50133,MONTRÉAL-CHENIER,Freon 11,2017-04-06T20:00,1.951,µg/m³,VOC,GC-MS
50133,MONTRÉAL-CHENIER,Freon 11,2017-04-12T20:00,1.744,µg/m³,VOC,GC-MS
50133,MONTRÉAL-CHENIER,Freon 11,2017-04-18T20:00,1.664,µg/m³,VOC,GC-MS
50133,MONTRÉAL-CHENIER,Freon 11,2017-04-24T20:00,1.869,µg/m³,VOC,GC-MS
50133,MONTRÉAL-CHENIER,Freon 11,2017-04-30T20:00,1.889,µg/m³,VOC,GC-MS
50133,MONTRÉAL-CHENIER,Freon 11,2017-05-06T20:00,1.501,µg/m³,VOC,GC-MS
50133,MONTRÉAL-CHENIER,Freon 11,2017-05-12T20:00,1.719,µg/m³,VOC,GC-MS
50133,MONTRÉAL-CHENIER,Freon 11,2017-05-18T20:00,1.765,µg/m³,VOC,GC-MS
50133,MONTRÉAL-CHENIER,Freon 11,2017-05-24T20:00,2.004,µg/m³,VOC,GC-MS
50133,MONTRÉAL-CHENIER,Freon 11,2017-05-30T20:00,1.947,µg/m³,VOC,GC-MS
50133,MONTRÉAL-CHENIER,Freon 11,2017-06-05T20:00,1.980,µg/m³,VOC,GC-MS
50133,MONTRÉAL-CHENIER,Freon 11,2017-06-11T20:00,1.935,µg/m³,VOC,GC-MS
50133,MONTRÉAL-CHENIER,Freon 11,2017-06-17T20:00,1.541,µg/m³,VOC,GC-MS
50133,MONTRÉAL-CHENIER,Freon 11,2017-06-23T20:00,1.557,µg/m³,VOC,GC-MS
50133,MONTRÉAL-CHENIER,Freon 11,2017-06-29T20:00,1.534,µg/m³,VOC,GC-MS
50133,MONTRÉAL-CHENIER,Freon 11,2017-07-05T20:00,1.521,µg/m³,VOC,GC-MS
50133,MONTRÉAL-CHENIER,Freon 11,2017-07-11T20:00,1.872,µg/m³,VOC,GC-MS
50133,MONTRÉAL-CHENIER,Freon 11,2017-07-17T20:00,1.551,µg/m³,VOC,GC-MS
50133,MONTRÉAL-CHENIER,Freon 11,2017-07-23T20:00,1.528,µg/m³,VOC,GC-MS
50133,MONTRÉAL-CHENIER,Freon 11,2017-07-29T20:00,1.611,µg/m³,VOC,GC-MS
50133,MONTRÉAL-CHENIER,Freon 11,2017-08-04T20:00,1.418,µg/m³,VOC,GC-MS
50133,MONTRÉAL-CHENIER,Freon 11,2017-08-10T20:00,1.572,µg/m³,VOC,GC-MS
50133,MONTRÉAL-CHENIER,Freon 11,2017-08-16T20:00,1.413,µg/m³,VOC,GC-MS
50133,MONTRÉAL-CHENIER,Freon 11,2017-08-22T20:00,1.394,µg/m³,VOC,GC-MS
50133,MONTRÉAL-CHENIER,Freon 11,2017-08-28T20:00,1.511,µg/m³,VOC,GC-MS
50133,MONTRÉAL-CHENIER,Freon 11,2017-09-03T20:00,1.471,µg/m³,VOC,GC-MS
50133,MONTRÉAL-CHENIER,Freon 11,2017-09-09T20:00,1.765,µg/m³,VOC,GC-MS
50133,MONTRÉAL-CHENIER,Freon 11,2017-09-15T20:00,1.576,µg/m³,VOC,GC-MS
50133,MONTRÉAL-CHENIER,Freon 11,2017-09-21T20:00,1.741,µg/m³,VOC,GC-MS
50133,MONTRÉAL-CHENIER,Freon 11,2017-09-27T20:00,1.672,µg/m³,VOC,GC-MS
50133,MONTRÉAL-CHENIER,Freon 11,2017-10-03T20:00,1.664,µg/m³,VOC,GC-MS
50133,MONTRÉAL-CHENIER,Freon 11,2017-10-09T20:00,1.637,µg/m³,VOC,GC-MS
50133,MONTRÉAL-CHENIER,Freon 11,2017-10-15T20:00,1.528,µg/m³,VOC,GC-MS
50133,MONTRÉAL-CHENIER,Freon 11,2017-10-21T20:00,1.376,µg/m³,VOC,GC-MS
50133,MONTRÉAL-CHENIER,Freon 11,2017-10-27T20:00,1.508,µg/m³,VOC,GC-MS
50133,MONTRÉAL-CHENIER,Freon 11,2017-11-02T20:00,1.485,µg/m³,VOC,GC-MS
50133,MONTRÉAL-CHENIER,Freon 11,2017-11-14T19:00,2.164,µg/m³,VOC,GC-MS
50133,MONTRÉAL-CHENIER,Freon 11,2017-11-20T19:00,1.548,µg/m³,VOC,GC-MS
50133,MONTRÉAL-CHENIER,Freon 11,2017-11-26T19:00,1.614,µg/m³,VOC,GC-MS
50133,MONTRÉAL-CHENIER,Freon 11,2017-12-02T19:00,1.622,µg/m³,VOC,GC-MS
50133,MONTRÉAL-CHENIER,Freon 11,2017-12-08T19:00,1.593,µg/m³,VOC,GC-MS
50133,MONTRÉAL-CHENIER,Freon 11,2017-12-14T19:00,1.566,µg/m³,VOC,GC-MS
