﻿NAPS_Site_ID,Station_Name,Pollutant,Date,Value,Units,Report_Type,Method
54301,VILLEROY,Acetylene,1994-01-20T00:00,1.955,µg/m³,VOC,GC-FID
54301,VILLEROY,Acetylene,1994-01-26T00:00,1.058,µg/m³,VOC,GC-FID
54301,VILLEROY,Acetylene,1994-02-01T00:00,1.749,µg/m³,VOC,GC-FID
54301,VILLEROY,Acetylene,1994-02-07T00:00,1.116,µg/m³,VOC,GC-FID
54301,VILLEROY,Acetylene,1994-02-13T00:00,1.129,µg/m³,VOC,GC-FID
54301,VILLEROY,Acetylene,1994-02-19T00:00,1.937,µg/m³,VOC,GC-FID
54301,VILLEROY,Acetylene,1994-02-25T00:00,0.903,µg/m³,VOC,GC-FID
54301,VILLEROY,Acetylene,1994-03-03T00:00,1.246,µg/m³,VOC,GC-FID
54301,VILLEROY,Acetylene,1994-03-09T00:00,0.999,µg/m³,VOC,GC-FID
54301,VILLEROY,Acetylene,1994-03-15T00:00,1.759,µg/m³,VOC,GC-FID
54301,VILLEROY,Acetylene,1994-03-21T00:00,1.147,µg/m³,VOC,GC-FID
54301,VILLEROY,Acetylene,1994-04-02T00:00,0.977,µg/m³,VOC,GC-FID
54301,VILLEROY,Acetylene,1994-04-08T00:00,1.013,µg/m³,VOC,GC-FID
54301,VILLEROY,Acetylene,1994-04-14T00:00,1.222,µg/m³,VOC,GC-FID
54301,VILLEROY,Acetylene,1994-04-20T00:00,0.606,µg/m³,VOC,GC-FID
54301,VILLEROY,Acetylene,1994-05-02T00:00,0.454,µg/m³,VOC,GC-FID
54301,VILLEROY,Acetylene,1994-05-08T00:00,0.462,µg/m³,VOC,GC-FID
54301,VILLEROY,Acetylene,1994-05-26T00:00,0.304,µg/m³,VOC,GC-FID
54301,VILLEROY,Acetylene,1994-06-01T00:00,0.296,µg/m³,VOC,GC-FID
54301,VILLEROY,Acetylene,1994-06-19T00:00,0.178,µg/m³,VOC,GC-FID
54301,VILLEROY,Acetylene,1994-06-25T00:00,0.349,µg/m³,VOC,GC-FID
54301,VILLEROY,Acetylene,1994-07-01T00:00,0.600,µg/m³,VOC,GC-FID
54301,VILLEROY,Acetylene,1994-07-07T00:00,0.394,µg/m³,VOC,GC-FID
54301,VILLEROY,Acetylene,1994-07-13T00:00,0.310,µg/m³,VOC,GC-FID
54301,VILLEROY,Acetylene,1994-07-19T00:00,0.496,µg/m³,VOC,GC-FID
54301,VILLEROY,Acetylene,1994-07-25T00:00,0.566,µg/m³,VOC,GC-FID
54301,VILLEROY,Acetylene,1994-08-30T00:00,0.406,µg/m³,VOC,GC-FID
54301,VILLEROY,Acetylene,1994-09-17T00:00,0.670,µg/m³,VOC,GC-FID
54301,VILLEROY,Acetylene,1994-09-23T00:00,0.632,µg/m³,VOC,GC-FID
54301,VILLEROY,Acetylene,1994-09-29T00:00,0.619,µg/m³,VOC,GC-FID
54301,VILLEROY,Acetylene,1994-10-05T00:00,0.261,µg/m³,VOC,GC-FID
54301,VILLEROY,Acetylene,1994-10-17T00:00,0.618,µg/m³,VOC,GC-FID
54301,VILLEROY,Acetylene,1994-10-23T00:00,0.465,µg/m³,VOC,GC-FID
54301,VILLEROY,Acetylene,1994-10-29T00:00,1.086,µg/m³,VOC,GC-FID
54301,VILLEROY,Acetylene,1994-11-04T00:00,1.250,µg/m³,VOC,GC-FID
54301,VILLEROY,Acetylene,1994-11-10T00:00,0.551,µg/m³,VOC,GC-FID
54301,VILLEROY,Acetylene,1994-11-16T00:00,1.033,µg/m³,VOC,GC-FID
54301,VILLEROY,Acetylene,1994-11-28T00:00,0.818,µg/m³,VOC,GC-FID
54301,VILLEROY,Acetylene,1994-12-04T00:00,2.014,µg/m³,VOC,GC-FID
54301,VILLEROY,Acetylene,1994-12-16T00:00,1.188,µg/m³,VOC,GC-FID
54301,VILLEROY,Acetylene,1994-12-22T00:00,2.148,µg/m³,VOC,GC-FID
54301,VILLEROY,Acetylene,1994-12-28T00:00,1.196,µg/m³,VOC,GC-FID
