﻿NAPS_Site_ID,Station_Name,Pollutant,Date,Value,Units,Report_Type,Method
101005,ABBOTSFORD AIRPORT-2,"2,4-Dimethylhexane",2018-01-02T00:00,0.022,µg/m³,VOC,GC-MS
101005,ABBOTSFORD AIRPORT-2,"2,4-Dimethylhexane",2018-01-14T00:00,0.013,µg/m³,VOC,GC-MS
101005,ABBOTSFORD AIRPORT-2,"2,4-Dimethylhexane",2018-01-26T00:00,0.009,µg/m³,VOC,GC-MS
101005,ABBOTSFORD AIRPORT-2,"2,4-Dimethylhexane",2018-02-01T00:00,0.017,µg/m³,VOC,GC-MS
101005,ABBOTSFORD AIRPORT-2,"2,4-Dimethylhexane",2018-02-07T00:00,0.011,µg/m³,VOC,GC-MS
101005,ABBOTSFORD AIRPORT-2,"2,4-Dimethylhexane",2018-02-19T00:00,0.013,µg/m³,VOC,GC-MS
101005,ABBOTSFORD AIRPORT-2,"2,4-Dimethylhexane",2018-02-25T00:00,0.004,µg/m³,VOC,GC-MS
101005,ABBOTSFORD AIRPORT-2,"2,4-Dimethylhexane",2018-03-03T00:00,0.013,µg/m³,VOC,GC-MS
101005,ABBOTSFORD AIRPORT-2,"2,4-Dimethylhexane",2018-03-09T00:00,0.018,µg/m³,VOC,GC-MS
101005,ABBOTSFORD AIRPORT-2,"2,4-Dimethylhexane",2018-03-15T00:00,0.020,µg/m³,VOC,GC-MS
101005,ABBOTSFORD AIRPORT-2,"2,4-Dimethylhexane",2018-03-21T00:00,0.016,µg/m³,VOC,GC-MS
101005,ABBOTSFORD AIRPORT-2,"2,4-Dimethylhexane",2018-03-27T00:00,0.004,µg/m³,VOC,GC-MS
101005,ABBOTSFORD AIRPORT-2,"2,4-Dimethylhexane",2018-04-02T00:00,0.006,µg/m³,VOC,GC-MS
101005,ABBOTSFORD AIRPORT-2,"2,4-Dimethylhexane",2018-04-08T00:00,0.004,µg/m³,VOC,GC-MS
101005,ABBOTSFORD AIRPORT-2,"2,4-Dimethylhexane",2018-04-14T00:00,0.012,µg/m³,VOC,GC-MS
101005,ABBOTSFORD AIRPORT-2,"2,4-Dimethylhexane",2018-04-20T00:00,0.026,µg/m³,VOC,GC-MS
101005,ABBOTSFORD AIRPORT-2,"2,4-Dimethylhexane",2018-05-02T00:00,0.029,µg/m³,VOC,GC-MS
101005,ABBOTSFORD AIRPORT-2,"2,4-Dimethylhexane",2018-05-08T00:00,0.023,µg/m³,VOC,GC-MS
101005,ABBOTSFORD AIRPORT-2,"2,4-Dimethylhexane",2018-05-14T00:00,0.034,µg/m³,VOC,GC-MS
101005,ABBOTSFORD AIRPORT-2,"2,4-Dimethylhexane",2018-05-20T00:00,0.006,µg/m³,VOC,GC-MS
101005,ABBOTSFORD AIRPORT-2,"2,4-Dimethylhexane",2018-05-26T00:00,0.007,µg/m³,VOC,GC-MS
101005,ABBOTSFORD AIRPORT-2,"2,4-Dimethylhexane",2018-06-01T00:00,0.006,µg/m³,VOC,GC-MS
101005,ABBOTSFORD AIRPORT-2,"2,4-Dimethylhexane",2018-06-07T00:00,0.021,µg/m³,VOC,GC-MS
101005,ABBOTSFORD AIRPORT-2,"2,4-Dimethylhexane",2018-06-13T00:00,0.013,µg/m³,VOC,GC-MS
101005,ABBOTSFORD AIRPORT-2,"2,4-Dimethylhexane",2018-06-19T00:00,0.015,µg/m³,VOC,GC-MS
101005,ABBOTSFORD AIRPORT-2,"2,4-Dimethylhexane",2018-06-25T00:00,0.004,µg/m³,VOC,GC-MS
101005,ABBOTSFORD AIRPORT-2,"2,4-Dimethylhexane",2018-07-01T00:00,0.004,µg/m³,VOC,GC-MS
101005,ABBOTSFORD AIRPORT-2,"2,4-Dimethylhexane",2018-07-07T00:00,0.014,µg/m³,VOC,GC-MS
101005,ABBOTSFORD AIRPORT-2,"2,4-Dimethylhexane",2018-07-13T00:00,0.013,µg/m³,VOC,GC-MS
101005,ABBOTSFORD AIRPORT-2,"2,4-Dimethylhexane",2018-07-19T00:00,0.010,µg/m³,VOC,GC-MS
101005,ABBOTSFORD AIRPORT-2,"2,4-Dimethylhexane",2018-07-25T00:00,0.028,µg/m³,VOC,GC-MS
101005,ABBOTSFORD AIRPORT-2,"2,4-Dimethylhexane",2018-07-31T00:00,0.020,µg/m³,VOC,GC-MS
101005,ABBOTSFORD AIRPORT-2,"2,4-Dimethylhexane",2018-08-06T00:00,0.022,µg/m³,VOC,GC-MS
101005,ABBOTSFORD AIRPORT-2,"2,4-Dimethylhexane",2018-08-12T00:00,0.013,µg/m³,VOC,GC-MS
101005,ABBOTSFORD AIRPORT-2,"2,4-Dimethylhexane",2018-08-18T00:00,0.042,µg/m³,VOC,GC-MS
101005,ABBOTSFORD AIRPORT-2,"2,4-Dimethylhexane",2018-08-24T00:00,0.015,µg/m³,VOC,GC-MS
101005,ABBOTSFORD AIRPORT-2,"2,4-Dimethylhexane",2018-09-05T00:00,0.034,µg/m³,VOC,GC-MS
101005,ABBOTSFORD AIRPORT-2,"2,4-Dimethylhexane",2018-09-11T00:00,0.023,µg/m³,VOC,GC-MS
101005,ABBOTSFORD AIRPORT-2,"2,4-Dimethylhexane",2018-09-23T00:00,0.017,µg/m³,VOC,GC-MS
101005,ABBOTSFORD AIRPORT-2,"2,4-Dimethylhexane",2018-09-29T00:00,0.006,µg/m³,VOC,GC-MS
101005,ABBOTSFORD AIRPORT-2,"2,4-Dimethylhexane",2018-10-17T00:00,0.042,µg/m³,VOC,GC-MS
101005,ABBOTSFORD AIRPORT-2,"2,4-Dimethylhexane",2018-10-23T00:00,0.070,µg/m³,VOC,GC-MS
101005,ABBOTSFORD AIRPORT-2,"2,4-Dimethylhexane",2018-10-29T00:00,0.045,µg/m³,VOC,GC-MS
101005,ABBOTSFORD AIRPORT-2,"2,4-Dimethylhexane",2018-11-04T00:00,0.004,µg/m³,VOC,GC-MS
101005,ABBOTSFORD AIRPORT-2,"2,4-Dimethylhexane",2018-11-10T00:00,0.038,µg/m³,VOC,GC-MS
101005,ABBOTSFORD AIRPORT-2,"2,4-Dimethylhexane",2018-11-16T00:00,0.010,µg/m³,VOC,GC-MS
101005,ABBOTSFORD AIRPORT-2,"2,4-Dimethylhexane",2018-11-22T00:00,0.012,µg/m³,VOC,GC-MS
101005,ABBOTSFORD AIRPORT-2,"2,4-Dimethylhexane",2018-11-28T00:00,0.030,µg/m³,VOC,GC-MS
101005,ABBOTSFORD AIRPORT-2,"2,4-Dimethylhexane",2018-12-04T00:00,0.012,µg/m³,VOC,GC-MS
101005,ABBOTSFORD AIRPORT-2,"2,4-Dimethylhexane",2018-12-16T00:00,0.004,µg/m³,VOC,GC-MS
