﻿NAPS_Site_ID,Station_Name,Pollutant,Date,Value,Units,Report_Type,Method
54401,SAINT-ANICET,m-Tolualdehyde,2015-12-31T19:00,0.000,µg/m³,CARB,
54401,SAINT-ANICET,m-Tolualdehyde,2016-01-24T19:00,0.000,µg/m³,CARB,
54401,SAINT-ANICET,m-Tolualdehyde,2016-01-30T19:00,0.000,µg/m³,CARB,
54401,SAINT-ANICET,m-Tolualdehyde,2016-02-05T19:00,0.000,µg/m³,CARB,
54401,SAINT-ANICET,m-Tolualdehyde,2016-02-11T19:00,0.000,µg/m³,CARB,
54401,SAINT-ANICET,m-Tolualdehyde,2016-02-17T19:00,0.000,µg/m³,CARB,
54401,SAINT-ANICET,m-Tolualdehyde,2016-02-29T19:00,0.000,µg/m³,CARB,
54401,SAINT-ANICET,m-Tolualdehyde,2016-03-06T19:00,0.000,µg/m³,CARB,
54401,SAINT-ANICET,m-Tolualdehyde,2016-03-12T19:00,0.000,µg/m³,CARB,
54401,SAINT-ANICET,m-Tolualdehyde,2016-03-18T20:00,0.000,µg/m³,CARB,
54401,SAINT-ANICET,m-Tolualdehyde,2016-03-30T20:00,0.000,µg/m³,CARB,
54401,SAINT-ANICET,m-Tolualdehyde,2016-04-05T20:00,0.000,µg/m³,CARB,
54401,SAINT-ANICET,m-Tolualdehyde,2016-04-11T20:00,0.000,µg/m³,CARB,
54401,SAINT-ANICET,m-Tolualdehyde,2016-04-23T20:00,0.000,µg/m³,CARB,
54401,SAINT-ANICET,m-Tolualdehyde,2016-04-29T20:00,0.000,µg/m³,CARB,
54401,SAINT-ANICET,m-Tolualdehyde,2016-05-05T20:00,0.000,µg/m³,CARB,
54401,SAINT-ANICET,m-Tolualdehyde,2016-05-11T20:00,0.000,µg/m³,CARB,
54401,SAINT-ANICET,m-Tolualdehyde,2016-05-17T20:00,0.106,µg/m³,CARB,
54401,SAINT-ANICET,m-Tolualdehyde,2016-05-23T20:00,0.000,µg/m³,CARB,
54401,SAINT-ANICET,m-Tolualdehyde,2016-05-29T20:00,0.000,µg/m³,CARB,
54401,SAINT-ANICET,m-Tolualdehyde,2016-06-10T20:00,0.000,µg/m³,CARB,
54401,SAINT-ANICET,m-Tolualdehyde,2016-06-16T20:00,0.000,µg/m³,CARB,
54401,SAINT-ANICET,m-Tolualdehyde,2016-06-22T20:00,0.000,µg/m³,CARB,
54401,SAINT-ANICET,m-Tolualdehyde,2016-06-28T20:00,0.088,µg/m³,CARB,
54401,SAINT-ANICET,m-Tolualdehyde,2016-07-16T20:00,0.000,µg/m³,CARB,
54401,SAINT-ANICET,m-Tolualdehyde,2016-08-09T20:00,0.000,µg/m³,CARB,
54401,SAINT-ANICET,m-Tolualdehyde,2016-08-21T20:00,0.000,µg/m³,CARB,
54401,SAINT-ANICET,m-Tolualdehyde,2016-09-02T20:00,0.000,µg/m³,CARB,
