﻿NAPS_Site_ID,Station_Name,Pollutant,Date,Value,Units,Report_Type,Method
100112,DOWNTOWN VANCOUVER,cis-3-Methyl-2-Pentene,2004-01-10T00:00,0.136,µg/m³,VOC,
100112,DOWNTOWN VANCOUVER,cis-3-Methyl-2-Pentene,2004-01-28T00:00,0.231,µg/m³,VOC,
100112,DOWNTOWN VANCOUVER,cis-3-Methyl-2-Pentene,2004-02-15T00:00,0.132,µg/m³,VOC,
100112,DOWNTOWN VANCOUVER,cis-3-Methyl-2-Pentene,2004-03-04T00:00,0.058,µg/m³,VOC,
100112,DOWNTOWN VANCOUVER,cis-3-Methyl-2-Pentene,2004-03-28T00:00,0.057,µg/m³,VOC,
100112,DOWNTOWN VANCOUVER,cis-3-Methyl-2-Pentene,2004-04-15T00:00,0.065,µg/m³,VOC,
100112,DOWNTOWN VANCOUVER,cis-3-Methyl-2-Pentene,2004-05-03T00:00,0.077,µg/m³,VOC,
100112,DOWNTOWN VANCOUVER,cis-3-Methyl-2-Pentene,2004-05-21T00:00,0.105,µg/m³,VOC,
100112,DOWNTOWN VANCOUVER,cis-3-Methyl-2-Pentene,2004-06-08T00:00,0.108,µg/m³,VOC,
100112,DOWNTOWN VANCOUVER,cis-3-Methyl-2-Pentene,2004-07-14T00:00,0.067,µg/m³,VOC,
100112,DOWNTOWN VANCOUVER,cis-3-Methyl-2-Pentene,2004-08-07T00:00,0.053,µg/m³,VOC,
100112,DOWNTOWN VANCOUVER,cis-3-Methyl-2-Pentene,2004-08-25T00:00,0.091,µg/m³,VOC,
100112,DOWNTOWN VANCOUVER,cis-3-Methyl-2-Pentene,2004-09-12T00:00,0.051,µg/m³,VOC,
100112,DOWNTOWN VANCOUVER,cis-3-Methyl-2-Pentene,2004-09-30T00:00,0.094,µg/m³,VOC,
100112,DOWNTOWN VANCOUVER,cis-3-Methyl-2-Pentene,2004-10-18T00:00,0.107,µg/m³,VOC,
100112,DOWNTOWN VANCOUVER,cis-3-Methyl-2-Pentene,2004-11-05T00:00,0.121,µg/m³,VOC,
100112,DOWNTOWN VANCOUVER,cis-3-Methyl-2-Pentene,2004-11-23T00:00,0.103,µg/m³,VOC,
100112,DOWNTOWN VANCOUVER,cis-3-Methyl-2-Pentene,2004-12-11T00:00,0.039,µg/m³,VOC,
