﻿NAPS_Site_ID,Station_Name,Pollutant,Date,Value,Units,Report_Type,Method
10102,WATER STREET POST OFFICE,cis-4-Methyl-2-pentene,2002-01-02T00:00,0.000,µg/m³,VOC,GC-MS
10102,WATER STREET POST OFFICE,cis-4-Methyl-2-pentene,2002-01-08T00:00,0.000,µg/m³,VOC,GC-MS
10102,WATER STREET POST OFFICE,cis-4-Methyl-2-pentene,2002-01-14T00:00,0.030,µg/m³,VOC,GC-MS
10102,WATER STREET POST OFFICE,cis-4-Methyl-2-pentene,2002-01-20T00:00,0.060,µg/m³,VOC,GC-MS
10102,WATER STREET POST OFFICE,cis-4-Methyl-2-pentene,2002-01-26T00:00,0.040,µg/m³,VOC,GC-MS
10102,WATER STREET POST OFFICE,cis-4-Methyl-2-pentene,2002-02-01T00:00,0.050,µg/m³,VOC,GC-MS
10102,WATER STREET POST OFFICE,cis-4-Methyl-2-pentene,2002-02-07T00:00,0.020,µg/m³,VOC,GC-MS
10102,WATER STREET POST OFFICE,cis-4-Methyl-2-pentene,2002-02-13T00:00,0.040,µg/m³,VOC,GC-MS
10102,WATER STREET POST OFFICE,cis-4-Methyl-2-pentene,2002-02-25T00:00,0.070,µg/m³,VOC,GC-MS
10102,WATER STREET POST OFFICE,cis-4-Methyl-2-pentene,2002-03-03T00:00,0.050,µg/m³,VOC,GC-MS
10102,WATER STREET POST OFFICE,cis-4-Methyl-2-pentene,2002-03-21T00:00,0.050,µg/m³,VOC,GC-MS
10102,WATER STREET POST OFFICE,cis-4-Methyl-2-pentene,2002-03-27T00:00,0.050,µg/m³,VOC,GC-MS
10102,WATER STREET POST OFFICE,cis-4-Methyl-2-pentene,2002-04-02T00:00,0.042,µg/m³,VOC,GC-MS
10102,WATER STREET POST OFFICE,cis-4-Methyl-2-pentene,2002-04-08T00:00,0.046,µg/m³,VOC,GC-MS
10102,WATER STREET POST OFFICE,cis-4-Methyl-2-pentene,2002-04-14T00:00,0.037,µg/m³,VOC,GC-MS
10102,WATER STREET POST OFFICE,cis-4-Methyl-2-pentene,2002-04-20T00:00,0.031,µg/m³,VOC,GC-MS
10102,WATER STREET POST OFFICE,cis-4-Methyl-2-pentene,2002-04-26T00:00,0.031,µg/m³,VOC,GC-MS
10102,WATER STREET POST OFFICE,cis-4-Methyl-2-pentene,2002-05-02T00:00,0.081,µg/m³,VOC,GC-MS
10102,WATER STREET POST OFFICE,cis-4-Methyl-2-pentene,2002-05-08T00:00,0.044,µg/m³,VOC,GC-MS
10102,WATER STREET POST OFFICE,cis-4-Methyl-2-pentene,2002-05-20T00:00,0.032,µg/m³,VOC,GC-MS
10102,WATER STREET POST OFFICE,cis-4-Methyl-2-pentene,2002-05-26T00:00,0.028,µg/m³,VOC,GC-MS
10102,WATER STREET POST OFFICE,cis-4-Methyl-2-pentene,2002-06-07T00:00,0.067,µg/m³,VOC,GC-MS
10102,WATER STREET POST OFFICE,cis-4-Methyl-2-pentene,2002-06-13T00:00,0.064,µg/m³,VOC,GC-MS
10102,WATER STREET POST OFFICE,cis-4-Methyl-2-pentene,2002-06-19T00:00,0.064,µg/m³,VOC,GC-MS
10102,WATER STREET POST OFFICE,cis-4-Methyl-2-pentene,2002-06-25T00:00,0.040,µg/m³,VOC,GC-MS
10102,WATER STREET POST OFFICE,cis-4-Methyl-2-pentene,2002-07-01T00:00,0.068,µg/m³,VOC,GC-MS
10102,WATER STREET POST OFFICE,cis-4-Methyl-2-pentene,2002-07-13T00:00,0.029,µg/m³,VOC,GC-MS
10102,WATER STREET POST OFFICE,cis-4-Methyl-2-pentene,2002-07-19T00:00,0.069,µg/m³,VOC,GC-MS
10102,WATER STREET POST OFFICE,cis-4-Methyl-2-pentene,2002-08-06T00:00,0.052,µg/m³,VOC,GC-MS
10102,WATER STREET POST OFFICE,cis-4-Methyl-2-pentene,2002-08-12T00:00,0.071,µg/m³,VOC,GC-MS
10102,WATER STREET POST OFFICE,cis-4-Methyl-2-pentene,2002-08-18T00:00,0.065,µg/m³,VOC,GC-MS
10102,WATER STREET POST OFFICE,cis-4-Methyl-2-pentene,2002-08-24T00:00,0.063,µg/m³,VOC,GC-MS
10102,WATER STREET POST OFFICE,cis-4-Methyl-2-pentene,2002-08-30T00:00,0.098,µg/m³,VOC,GC-MS
10102,WATER STREET POST OFFICE,cis-4-Methyl-2-pentene,2002-09-05T00:00,0.086,µg/m³,VOC,GC-MS
10102,WATER STREET POST OFFICE,cis-4-Methyl-2-pentene,2002-09-11T00:00,0.094,µg/m³,VOC,GC-MS
10102,WATER STREET POST OFFICE,cis-4-Methyl-2-pentene,2002-09-17T00:00,0.068,µg/m³,VOC,GC-MS
10102,WATER STREET POST OFFICE,cis-4-Methyl-2-pentene,2002-09-23T00:00,0.063,µg/m³,VOC,GC-MS
10102,WATER STREET POST OFFICE,cis-4-Methyl-2-pentene,2002-10-17T00:00,0.070,µg/m³,VOC,GC-MS
10102,WATER STREET POST OFFICE,cis-4-Methyl-2-pentene,2002-11-04T00:00,0.040,µg/m³,VOC,GC-MS
10102,WATER STREET POST OFFICE,cis-4-Methyl-2-pentene,2002-11-10T00:00,0.063,µg/m³,VOC,GC-MS
10102,WATER STREET POST OFFICE,cis-4-Methyl-2-pentene,2002-11-16T00:00,0.047,µg/m³,VOC,GC-MS
10102,WATER STREET POST OFFICE,cis-4-Methyl-2-pentene,2002-11-22T00:00,0.167,µg/m³,VOC,GC-MS
10102,WATER STREET POST OFFICE,cis-4-Methyl-2-pentene,2002-11-28T00:00,0.046,µg/m³,VOC,GC-MS
10102,WATER STREET POST OFFICE,cis-4-Methyl-2-pentene,2002-12-04T00:00,0.026,µg/m³,VOC,GC-MS
10102,WATER STREET POST OFFICE,cis-4-Methyl-2-pentene,2002-12-10T00:00,0.000,µg/m³,VOC,GC-MS
10102,WATER STREET POST OFFICE,cis-4-Methyl-2-pentene,2002-12-16T00:00,0.000,µg/m³,VOC,GC-MS
10102,WATER STREET POST OFFICE,cis-4-Methyl-2-pentene,2002-12-22T00:00,0.000,µg/m³,VOC,GC-MS
10102,WATER STREET POST OFFICE,cis-4-Methyl-2-pentene,2002-12-28T00:00,0.000,µg/m³,VOC,GC-MS
