﻿NAPS_Site_ID,Station_Name,Pollutant,Date,Value,Units,Report_Type,Method
100134,VANCOUVER INTL. AIRPORT,"2,2,4-Trimethylpentane",2001-01-13T00:00,1.190,µg/m³,VOC,
100134,VANCOUVER INTL. AIRPORT,"2,2,4-Trimethylpentane",2001-01-31T00:00,1.310,µg/m³,VOC,
100134,VANCOUVER INTL. AIRPORT,"2,2,4-Trimethylpentane",2001-02-24T00:00,2.050,µg/m³,VOC,
100134,VANCOUVER INTL. AIRPORT,"2,2,4-Trimethylpentane",2001-03-14T00:00,0.840,µg/m³,VOC,
100134,VANCOUVER INTL. AIRPORT,"2,2,4-Trimethylpentane",2001-04-19T00:00,0.510,µg/m³,VOC,
100134,VANCOUVER INTL. AIRPORT,"2,2,4-Trimethylpentane",2001-05-07T00:00,0.750,µg/m³,VOC,
100134,VANCOUVER INTL. AIRPORT,"2,2,4-Trimethylpentane",2001-05-31T00:00,0.860,µg/m³,VOC,
100134,VANCOUVER INTL. AIRPORT,"2,2,4-Trimethylpentane",2001-06-18T00:00,0.360,µg/m³,VOC,
100134,VANCOUVER INTL. AIRPORT,"2,2,4-Trimethylpentane",2001-07-06T00:00,0.330,µg/m³,VOC,
100134,VANCOUVER INTL. AIRPORT,"2,2,4-Trimethylpentane",2001-07-24T00:00,0.170,µg/m³,VOC,
100134,VANCOUVER INTL. AIRPORT,"2,2,4-Trimethylpentane",2001-09-22T00:00,0.870,µg/m³,VOC,
100134,VANCOUVER INTL. AIRPORT,"2,2,4-Trimethylpentane",2001-10-10T00:00,0.620,µg/m³,VOC,
100134,VANCOUVER INTL. AIRPORT,"2,2,4-Trimethylpentane",2001-10-28T00:00,0.610,µg/m³,VOC,
100134,VANCOUVER INTL. AIRPORT,"2,2,4-Trimethylpentane",2001-11-21T00:00,0.370,µg/m³,VOC,
100134,VANCOUVER INTL. AIRPORT,"2,2,4-Trimethylpentane",2001-12-09T00:00,0.360,µg/m³,VOC,
