﻿NAPS_Site_ID,Station_Name,Pollutant,Date,Value,Units,Report_Type,Method
30119,HARBOURVIEW SCHOOL,Vanadium,1993-10-10T00:00,0.015,µg/m³,DICHOT,
30119,HARBOURVIEW SCHOOL,Vanadium,1993-10-10T00:00,0.030,µg/m³,DICHOT,
30119,HARBOURVIEW SCHOOL,Vanadium,1993-10-16T00:00,0.032,µg/m³,DICHOT,
30119,HARBOURVIEW SCHOOL,Vanadium,1993-10-16T00:00,0.078,µg/m³,DICHOT,
30119,HARBOURVIEW SCHOOL,Vanadium,1993-10-22T00:00,0.000,µg/m³,DICHOT,
30119,HARBOURVIEW SCHOOL,Vanadium,1993-10-22T00:00,0.016,µg/m³,DICHOT,
30119,HARBOURVIEW SCHOOL,Vanadium,1993-10-28T00:00,0.003,µg/m³,DICHOT,
30119,HARBOURVIEW SCHOOL,Vanadium,1993-10-28T00:00,0.011,µg/m³,DICHOT,
30119,HARBOURVIEW SCHOOL,Vanadium,1993-11-03T00:00,0.015,µg/m³,DICHOT,
30119,HARBOURVIEW SCHOOL,Vanadium,1993-11-03T00:00,0.035,µg/m³,DICHOT,
30119,HARBOURVIEW SCHOOL,Vanadium,1993-11-09T00:00,0.003,µg/m³,DICHOT,
30119,HARBOURVIEW SCHOOL,Vanadium,1993-11-09T00:00,0.023,µg/m³,DICHOT,
30119,HARBOURVIEW SCHOOL,Vanadium,1993-11-15T00:00,0.004,µg/m³,DICHOT,
30119,HARBOURVIEW SCHOOL,Vanadium,1993-11-15T00:00,0.010,µg/m³,DICHOT,
30119,HARBOURVIEW SCHOOL,Vanadium,1993-11-21T00:00,0.000,µg/m³,DICHOT,
30119,HARBOURVIEW SCHOOL,Vanadium,1993-11-21T00:00,0.004,µg/m³,DICHOT,
30119,HARBOURVIEW SCHOOL,Vanadium,1993-11-27T00:00,0.011,µg/m³,DICHOT,
30119,HARBOURVIEW SCHOOL,Vanadium,1993-11-27T00:00,0.027,µg/m³,DICHOT,
30119,HARBOURVIEW SCHOOL,Vanadium,1993-12-03T00:00,0.009,µg/m³,DICHOT,
30119,HARBOURVIEW SCHOOL,Vanadium,1993-12-03T00:00,0.028,µg/m³,DICHOT,
30119,HARBOURVIEW SCHOOL,Vanadium,1993-12-09T00:00,0.000,µg/m³,DICHOT,
30119,HARBOURVIEW SCHOOL,Vanadium,1993-12-09T00:00,0.005,µg/m³,DICHOT,
30119,HARBOURVIEW SCHOOL,Vanadium,1993-12-15T00:00,0.000,µg/m³,DICHOT,
30119,HARBOURVIEW SCHOOL,Vanadium,1993-12-15T00:00,0.000,µg/m³,DICHOT,
30119,HARBOURVIEW SCHOOL,Vanadium,1993-12-21T00:00,0.003,µg/m³,DICHOT,
30119,HARBOURVIEW SCHOOL,Vanadium,1993-12-21T00:00,0.014,µg/m³,DICHOT,
30119,HARBOURVIEW SCHOOL,Vanadium,1993-12-27T00:00,0.003,µg/m³,DICHOT,
30119,HARBOURVIEW SCHOOL,Vanadium,1993-12-27T00:00,0.010,µg/m³,DICHOT,
