﻿NAPS_Site_ID,Station_Name,Pollutant,Date,Value,Units,Report_Type,Method
100112,DOWNTOWN VANCOUVER,"1,1-Dichloroethylene",1991-03-07T00:00,0.000,µg/m³,VOC,GC-MS
100112,DOWNTOWN VANCOUVER,"1,1-Dichloroethylene",1991-05-06T00:00,0.188,µg/m³,VOC,GC-MS
100112,DOWNTOWN VANCOUVER,"1,1-Dichloroethylene",1991-06-05T00:00,0.000,µg/m³,VOC,GC-MS
100112,DOWNTOWN VANCOUVER,"1,1-Dichloroethylene",1991-07-05T00:00,0.000,µg/m³,VOC,GC-MS
100112,DOWNTOWN VANCOUVER,"1,1-Dichloroethylene",1991-09-15T00:00,0.036,µg/m³,VOC,GC-MS
100112,DOWNTOWN VANCOUVER,"1,1-Dichloroethylene",1991-10-15T00:00,0.000,µg/m³,VOC,GC-MS
100112,DOWNTOWN VANCOUVER,"1,1-Dichloroethylene",1991-12-26T00:00,0.000,µg/m³,VOC,GC-MS
