﻿NAPS_Site_ID,Station_Name,Pollutant,Date,Value,Units,Report_Type,Method
10102,WATER STREET POST OFFICE,"1,2,4-Trimethylbenzene",2002-01-02T00:00,0.350,µg/m³,VOC,
10102,WATER STREET POST OFFICE,"1,2,4-Trimethylbenzene",2002-01-08T00:00,0.540,µg/m³,VOC,
10102,WATER STREET POST OFFICE,"1,2,4-Trimethylbenzene",2002-01-14T00:00,0.160,µg/m³,VOC,
10102,WATER STREET POST OFFICE,"1,2,4-Trimethylbenzene",2002-01-20T00:00,0.340,µg/m³,VOC,
10102,WATER STREET POST OFFICE,"1,2,4-Trimethylbenzene",2002-01-26T00:00,0.130,µg/m³,VOC,
10102,WATER STREET POST OFFICE,"1,2,4-Trimethylbenzene",2002-02-01T00:00,0.400,µg/m³,VOC,
10102,WATER STREET POST OFFICE,"1,2,4-Trimethylbenzene",2002-02-07T00:00,0.280,µg/m³,VOC,
10102,WATER STREET POST OFFICE,"1,2,4-Trimethylbenzene",2002-02-13T00:00,0.380,µg/m³,VOC,
10102,WATER STREET POST OFFICE,"1,2,4-Trimethylbenzene",2002-02-25T00:00,0.680,µg/m³,VOC,
10102,WATER STREET POST OFFICE,"1,2,4-Trimethylbenzene",2002-03-03T00:00,0.300,µg/m³,VOC,
10102,WATER STREET POST OFFICE,"1,2,4-Trimethylbenzene",2002-03-21T00:00,0.230,µg/m³,VOC,
10102,WATER STREET POST OFFICE,"1,2,4-Trimethylbenzene",2002-03-27T00:00,0.340,µg/m³,VOC,
10102,WATER STREET POST OFFICE,"1,2,4-Trimethylbenzene",2002-04-02T00:00,0.190,µg/m³,VOC,
10102,WATER STREET POST OFFICE,"1,2,4-Trimethylbenzene",2002-04-08T00:00,0.328,µg/m³,VOC,
10102,WATER STREET POST OFFICE,"1,2,4-Trimethylbenzene",2002-04-14T00:00,0.356,µg/m³,VOC,
10102,WATER STREET POST OFFICE,"1,2,4-Trimethylbenzene",2002-04-20T00:00,0.242,µg/m³,VOC,
10102,WATER STREET POST OFFICE,"1,2,4-Trimethylbenzene",2002-04-26T00:00,0.320,µg/m³,VOC,
10102,WATER STREET POST OFFICE,"1,2,4-Trimethylbenzene",2002-05-02T00:00,0.712,µg/m³,VOC,
10102,WATER STREET POST OFFICE,"1,2,4-Trimethylbenzene",2002-05-08T00:00,0.175,µg/m³,VOC,
10102,WATER STREET POST OFFICE,"1,2,4-Trimethylbenzene",2002-05-20T00:00,0.091,µg/m³,VOC,
10102,WATER STREET POST OFFICE,"1,2,4-Trimethylbenzene",2002-05-26T00:00,0.133,µg/m³,VOC,
10102,WATER STREET POST OFFICE,"1,2,4-Trimethylbenzene",2002-06-07T00:00,0.590,µg/m³,VOC,
10102,WATER STREET POST OFFICE,"1,2,4-Trimethylbenzene",2002-06-13T00:00,0.859,µg/m³,VOC,
10102,WATER STREET POST OFFICE,"1,2,4-Trimethylbenzene",2002-06-19T00:00,0.492,µg/m³,VOC,
10102,WATER STREET POST OFFICE,"1,2,4-Trimethylbenzene",2002-06-25T00:00,0.194,µg/m³,VOC,
10102,WATER STREET POST OFFICE,"1,2,4-Trimethylbenzene",2002-07-01T00:00,0.316,µg/m³,VOC,
10102,WATER STREET POST OFFICE,"1,2,4-Trimethylbenzene",2002-07-13T00:00,0.106,µg/m³,VOC,
10102,WATER STREET POST OFFICE,"1,2,4-Trimethylbenzene",2002-07-19T00:00,0.238,µg/m³,VOC,
10102,WATER STREET POST OFFICE,"1,2,4-Trimethylbenzene",2002-08-06T00:00,0.098,µg/m³,VOC,
10102,WATER STREET POST OFFICE,"1,2,4-Trimethylbenzene",2002-08-12T00:00,0.242,µg/m³,VOC,
10102,WATER STREET POST OFFICE,"1,2,4-Trimethylbenzene",2002-08-18T00:00,0.188,µg/m³,VOC,
10102,WATER STREET POST OFFICE,"1,2,4-Trimethylbenzene",2002-08-24T00:00,0.175,µg/m³,VOC,
10102,WATER STREET POST OFFICE,"1,2,4-Trimethylbenzene",2002-08-30T00:00,0.182,µg/m³,VOC,
10102,WATER STREET POST OFFICE,"1,2,4-Trimethylbenzene",2002-09-05T00:00,0.148,µg/m³,VOC,
10102,WATER STREET POST OFFICE,"1,2,4-Trimethylbenzene",2002-09-11T00:00,0.328,µg/m³,VOC,
10102,WATER STREET POST OFFICE,"1,2,4-Trimethylbenzene",2002-09-17T00:00,0.167,µg/m³,VOC,
10102,WATER STREET POST OFFICE,"1,2,4-Trimethylbenzene",2002-09-23T00:00,0.177,µg/m³,VOC,
10102,WATER STREET POST OFFICE,"1,2,4-Trimethylbenzene",2002-10-17T00:00,0.374,µg/m³,VOC,
10102,WATER STREET POST OFFICE,"1,2,4-Trimethylbenzene",2002-11-04T00:00,0.135,µg/m³,VOC,
10102,WATER STREET POST OFFICE,"1,2,4-Trimethylbenzene",2002-11-10T00:00,0.367,µg/m³,VOC,
10102,WATER STREET POST OFFICE,"1,2,4-Trimethylbenzene",2002-11-16T00:00,0.109,µg/m³,VOC,
10102,WATER STREET POST OFFICE,"1,2,4-Trimethylbenzene",2002-11-22T00:00,1.132,µg/m³,VOC,
10102,WATER STREET POST OFFICE,"1,2,4-Trimethylbenzene",2002-11-28T00:00,0.130,µg/m³,VOC,
10102,WATER STREET POST OFFICE,"1,2,4-Trimethylbenzene",2002-12-04T00:00,0.086,µg/m³,VOC,
10102,WATER STREET POST OFFICE,"1,2,4-Trimethylbenzene",2002-12-10T00:00,0.348,µg/m³,VOC,
10102,WATER STREET POST OFFICE,"1,2,4-Trimethylbenzene",2002-12-16T00:00,0.296,µg/m³,VOC,
10102,WATER STREET POST OFFICE,"1,2,4-Trimethylbenzene",2002-12-22T00:00,0.282,µg/m³,VOC,
10102,WATER STREET POST OFFICE,"1,2,4-Trimethylbenzene",2002-12-28T00:00,0.113,µg/m³,VOC,
