﻿NAPS_Site_ID,Station_Name,Pollutant,Date,Value,Units,Report_Type,Method
30113,JOHNSTON BUILDING,OC(A),2013-01-01T00:00,1.760,µg/m³,PM2.5,TOR
30113,JOHNSTON BUILDING,OC(A),2013-01-04T00:00,2.084,µg/m³,PM2.5,TOR
30113,JOHNSTON BUILDING,OC(A),2013-01-13T00:00,2.521,µg/m³,PM2.5,TOR
30113,JOHNSTON BUILDING,OC(A),2013-01-16T00:00,1.516,µg/m³,PM2.5,TOR
30113,JOHNSTON BUILDING,OC(A),2013-01-19T00:00,2.200,µg/m³,PM2.5,TOR
30113,JOHNSTON BUILDING,OC(A),2013-01-22T00:00,1.374,µg/m³,PM2.5,TOR
30113,JOHNSTON BUILDING,OC(A),2013-01-25T00:00,1.633,µg/m³,PM2.5,TOR
30113,JOHNSTON BUILDING,OC(A),2013-01-28T00:00,1.337,µg/m³,PM2.5,TOR
30113,JOHNSTON BUILDING,OC(A),2013-01-31T00:00,1.810,µg/m³,PM2.5,TOR
30113,JOHNSTON BUILDING,OC(A),2013-02-03T00:00,2.458,µg/m³,PM2.5,TOR
30113,JOHNSTON BUILDING,OC(A),2013-02-06T00:00,2.181,µg/m³,PM2.5,TOR
30113,JOHNSTON BUILDING,OC(A),2013-02-09T00:00,0.761,µg/m³,PM2.5,TOR
30113,JOHNSTON BUILDING,OC(A),2013-02-12T00:00,1.750,µg/m³,PM2.5,TOR
30113,JOHNSTON BUILDING,OC(A),2013-02-15T00:00,2.464,µg/m³,PM2.5,TOR
30113,JOHNSTON BUILDING,OC(A),2013-02-18T00:00,1.106,µg/m³,PM2.5,TOR
30113,JOHNSTON BUILDING,OC(A),2013-02-21T00:00,1.453,µg/m³,PM2.5,TOR
30113,JOHNSTON BUILDING,OC(A),2013-02-24T00:00,1.516,µg/m³,PM2.5,TOR
30113,JOHNSTON BUILDING,OC(A),2013-02-27T00:00,2.816,µg/m³,PM2.5,TOR
30113,JOHNSTON BUILDING,OC(A),2013-03-02T00:00,0.939,µg/m³,PM2.5,TOR
30113,JOHNSTON BUILDING,OC(A),2013-03-05T00:00,0.741,µg/m³,PM2.5,TOR
30113,JOHNSTON BUILDING,OC(A),2013-03-08T00:00,0.625,µg/m³,PM2.5,TOR
30113,JOHNSTON BUILDING,OC(A),2013-03-11T00:00,1.672,µg/m³,PM2.5,TOR
30113,JOHNSTON BUILDING,OC(A),2013-03-14T00:00,1.969,µg/m³,PM2.5,TOR
30113,JOHNSTON BUILDING,OC(A),2013-03-17T00:00,1.803,µg/m³,PM2.5,TOR
30113,JOHNSTON BUILDING,OC(A),2013-03-20T00:00,1.415,µg/m³,PM2.5,TOR
30113,JOHNSTON BUILDING,OC(A),2013-03-23T00:00,2.568,µg/m³,PM2.5,TOR
30113,JOHNSTON BUILDING,OC(A),2013-03-26T00:00,1.045,µg/m³,PM2.5,TOR
30113,JOHNSTON BUILDING,OC(A),2013-03-29T00:00,1.704,µg/m³,PM2.5,TOR
30113,JOHNSTON BUILDING,OC(A),2013-04-01T00:00,2.156,µg/m³,PM2.5,TOR
30113,JOHNSTON BUILDING,OC(A),2013-04-04T00:00,1.755,µg/m³,PM2.5,TOR
30113,JOHNSTON BUILDING,OC(A),2013-04-10T00:00,2.804,µg/m³,PM2.5,TOR
30113,JOHNSTON BUILDING,OC(A),2013-04-13T00:00,1.022,µg/m³,PM2.5,TOR
30113,JOHNSTON BUILDING,OC(A),2013-04-16T00:00,2.476,µg/m³,PM2.5,TOR
30113,JOHNSTON BUILDING,OC(A),2013-04-19T00:00,1.816,µg/m³,PM2.5,TOR
30113,JOHNSTON BUILDING,OC(A),2013-04-22T00:00,1.303,µg/m³,PM2.5,TOR
30113,JOHNSTON BUILDING,OC(A),2013-04-25T00:00,1.738,µg/m³,PM2.5,TOR
30113,JOHNSTON BUILDING,OC(A),2013-04-28T00:00,1.871,µg/m³,PM2.5,TOR
30113,JOHNSTON BUILDING,OC(A),2013-05-01T00:00,1.920,µg/m³,PM2.5,TOR
30113,JOHNSTON BUILDING,OC(A),2013-05-04T00:00,1.535,µg/m³,PM2.5,TOR
30113,JOHNSTON BUILDING,OC(A),2013-05-07T00:00,1.787,µg/m³,PM2.5,TOR
30113,JOHNSTON BUILDING,OC(A),2013-05-10T00:00,2.510,µg/m³,PM2.5,TOR
30113,JOHNSTON BUILDING,OC(A),2013-05-13T00:00,2.191,µg/m³,PM2.5,TOR
30113,JOHNSTON BUILDING,OC(A),2013-05-16T00:00,2.708,µg/m³,PM2.5,TOR
30113,JOHNSTON BUILDING,OC(A),2013-05-19T00:00,1.598,µg/m³,PM2.5,TOR
30113,JOHNSTON BUILDING,OC(A),2013-05-22T00:00,2.206,µg/m³,PM2.5,TOR
30113,JOHNSTON BUILDING,OC(A),2013-05-25T00:00,1.428,µg/m³,PM2.5,TOR
30113,JOHNSTON BUILDING,OC(A),2013-05-28T00:00,2.367,µg/m³,PM2.5,TOR
30113,JOHNSTON BUILDING,OC(A),2013-05-31T00:00,4.750,µg/m³,PM2.5,TOR
30113,JOHNSTON BUILDING,OC(A),2013-06-03T00:00,1.656,µg/m³,PM2.5,TOR
30113,JOHNSTON BUILDING,OC(A),2013-06-06T00:00,3.358,µg/m³,PM2.5,TOR
30113,JOHNSTON BUILDING,OC(A),2013-06-09T00:00,1.788,µg/m³,PM2.5,TOR
30113,JOHNSTON BUILDING,OC(A),2013-06-15T00:00,5.092,µg/m³,PM2.5,TOR
30113,JOHNSTON BUILDING,OC(A),2013-06-18T00:00,4.151,µg/m³,PM2.5,TOR
30113,JOHNSTON BUILDING,OC(A),2013-06-21T00:00,4.928,µg/m³,PM2.5,TOR
30113,JOHNSTON BUILDING,OC(A),2013-06-24T00:00,4.098,µg/m³,PM2.5,TOR
30113,JOHNSTON BUILDING,OC(A),2013-06-27T00:00,4.028,µg/m³,PM2.5,TOR
30113,JOHNSTON BUILDING,OC(A),2013-06-30T00:00,1.752,µg/m³,PM2.5,TOR
30113,JOHNSTON BUILDING,OC(A),2013-07-03T00:00,5.656,µg/m³,PM2.5,TOR
30113,JOHNSTON BUILDING,OC(A),2013-07-09T00:00,4.818,µg/m³,PM2.5,TOR
30113,JOHNSTON BUILDING,OC(A),2013-07-12T00:00,3.564,µg/m³,PM2.5,TOR
30113,JOHNSTON BUILDING,OC(A),2013-07-15T00:00,6.943,µg/m³,PM2.5,TOR
30113,JOHNSTON BUILDING,OC(A),2013-07-18T00:00,3.069,µg/m³,PM2.5,TOR
30113,JOHNSTON BUILDING,OC(A),2013-07-21T00:00,3.807,µg/m³,PM2.5,TOR
30113,JOHNSTON BUILDING,OC(A),2013-07-24T00:00,2.260,µg/m³,PM2.5,TOR
30113,JOHNSTON BUILDING,OC(A),2013-07-27T00:00,2.804,µg/m³,PM2.5,TOR
30113,JOHNSTON BUILDING,OC(A),2013-07-30T00:00,3.024,µg/m³,PM2.5,TOR
30113,JOHNSTON BUILDING,OC(A),2013-08-02T00:00,2.540,µg/m³,PM2.5,TOR
30113,JOHNSTON BUILDING,OC(A),2013-08-05T00:00,3.725,µg/m³,PM2.5,TOR
30113,JOHNSTON BUILDING,OC(A),2013-08-08T00:00,3.521,µg/m³,PM2.5,TOR
30113,JOHNSTON BUILDING,OC(A),2013-08-11T00:00,2.560,µg/m³,PM2.5,TOR
30113,JOHNSTON BUILDING,OC(A),2013-08-14T00:00,3.423,µg/m³,PM2.5,TOR
30113,JOHNSTON BUILDING,OC(A),2013-08-17T00:00,3.653,µg/m³,PM2.5,TOR
30113,JOHNSTON BUILDING,OC(A),2013-08-23T00:00,2.419,µg/m³,PM2.5,TOR
30113,JOHNSTON BUILDING,OC(A),2013-08-26T00:00,3.184,µg/m³,PM2.5,TOR
30113,JOHNSTON BUILDING,OC(A),2013-08-29T00:00,1.908,µg/m³,PM2.5,TOR
30113,JOHNSTON BUILDING,OC(A),2013-09-01T00:00,2.420,µg/m³,PM2.5,TOR
30113,JOHNSTON BUILDING,OC(A),2013-09-07T00:00,2.169,µg/m³,PM2.5,TOR
30113,JOHNSTON BUILDING,OC(A),2013-09-10T00:00,1.907,µg/m³,PM2.5,TOR
30113,JOHNSTON BUILDING,OC(A),2013-09-13T00:00,1.373,µg/m³,PM2.5,TOR
30113,JOHNSTON BUILDING,OC(A),2013-09-16T00:00,2.368,µg/m³,PM2.5,TOR
30113,JOHNSTON BUILDING,OC(A),2013-09-19T00:00,4.235,µg/m³,PM2.5,TOR
30113,JOHNSTON BUILDING,OC(A),2013-09-22T00:00,2.048,µg/m³,PM2.5,TOR
30113,JOHNSTON BUILDING,OC(A),2013-09-25T00:00,2.392,µg/m³,PM2.5,TOR
30113,JOHNSTON BUILDING,OC(A),2013-09-28T00:00,3.995,µg/m³,PM2.5,TOR
30113,JOHNSTON BUILDING,OC(A),2013-10-01T00:00,1.730,µg/m³,PM2.5,TOR
30113,JOHNSTON BUILDING,OC(A),2013-10-04T00:00,2.621,µg/m³,PM2.5,TOR
30113,JOHNSTON BUILDING,OC(A),2013-10-07T00:00,1.126,µg/m³,PM2.5,TOR
30113,JOHNSTON BUILDING,OC(A),2013-10-10T00:00,3.025,µg/m³,PM2.5,TOR
30113,JOHNSTON BUILDING,OC(A),2013-10-13T00:00,2.213,µg/m³,PM2.5,TOR
30113,JOHNSTON BUILDING,OC(A),2013-10-16T00:00,2.119,µg/m³,PM2.5,TOR
30113,JOHNSTON BUILDING,OC(A),2013-10-19T00:00,2.866,µg/m³,PM2.5,TOR
30113,JOHNSTON BUILDING,OC(A),2013-10-22T00:00,2.696,µg/m³,PM2.5,TOR
30113,JOHNSTON BUILDING,OC(A),2013-10-25T00:00,2.546,µg/m³,PM2.5,TOR
30113,JOHNSTON BUILDING,OC(A),2013-10-28T00:00,1.682,µg/m³,PM2.5,TOR
30113,JOHNSTON BUILDING,OC(A),2013-10-31T00:00,2.024,µg/m³,PM2.5,TOR
30113,JOHNSTON BUILDING,OC(A),2013-11-03T00:00,1.298,µg/m³,PM2.5,TOR
30113,JOHNSTON BUILDING,OC(A),2013-11-06T00:00,1.944,µg/m³,PM2.5,TOR
30113,JOHNSTON BUILDING,OC(A),2013-11-09T00:00,2.084,µg/m³,PM2.5,TOR
30113,JOHNSTON BUILDING,OC(A),2013-11-12T00:00,1.214,µg/m³,PM2.5,TOR
30113,JOHNSTON BUILDING,OC(A),2013-11-15T00:00,3.238,µg/m³,PM2.5,TOR
30113,JOHNSTON BUILDING,OC(A),2013-11-18T00:00,1.951,µg/m³,PM2.5,TOR
30113,JOHNSTON BUILDING,OC(A),2013-11-21T00:00,1.199,µg/m³,PM2.5,TOR
30113,JOHNSTON BUILDING,OC(A),2013-11-24T00:00,1.243,µg/m³,PM2.5,TOR
30113,JOHNSTON BUILDING,OC(A),2013-11-27T00:00,2.433,µg/m³,PM2.5,TOR
30113,JOHNSTON BUILDING,OC(A),2013-11-30T00:00,1.757,µg/m³,PM2.5,TOR
30113,JOHNSTON BUILDING,OC(A),2013-12-03T00:00,1.321,µg/m³,PM2.5,TOR
30113,JOHNSTON BUILDING,OC(A),2013-12-06T00:00,2.067,µg/m³,PM2.5,TOR
30113,JOHNSTON BUILDING,OC(A),2013-12-09T00:00,2.006,µg/m³,PM2.5,TOR
30113,JOHNSTON BUILDING,OC(A),2013-12-12T00:00,1.249,µg/m³,PM2.5,TOR
30113,JOHNSTON BUILDING,OC(A),2013-12-15T00:00,1.446,µg/m³,PM2.5,TOR
30113,JOHNSTON BUILDING,OC(A),2013-12-21T00:00,3.298,µg/m³,PM2.5,TOR
30113,JOHNSTON BUILDING,OC(A),2013-12-27T00:00,1.766,µg/m³,PM2.5,TOR
30113,JOHNSTON BUILDING,OC(A),2013-12-30T00:00,1.955,µg/m³,PM2.5,TOR
