﻿NAPS_Site_ID,Station_Name,Pollutant,Date,Value,Units,Report_Type,Method
40901,ST. ANDREWS - HUNTSMAN MARINE SCIENCES CTR.,"1,2-Dichlorobenzene",2020-01-10T00:00,0.003,µg/m³,VOC,GC-MS
40901,ST. ANDREWS - HUNTSMAN MARINE SCIENCES CTR.,"1,2-Dichlorobenzene",2020-01-16T00:00,0.002,µg/m³,VOC,GC-MS
40901,ST. ANDREWS - HUNTSMAN MARINE SCIENCES CTR.,"1,2-Dichlorobenzene",2020-01-22T00:00,0.001,µg/m³,VOC,GC-MS
40901,ST. ANDREWS - HUNTSMAN MARINE SCIENCES CTR.,"1,2-Dichlorobenzene",2020-01-28T00:00,0.003,µg/m³,VOC,GC-MS
40901,ST. ANDREWS - HUNTSMAN MARINE SCIENCES CTR.,"1,2-Dichlorobenzene",2020-02-03T00:00,0.002,µg/m³,VOC,GC-MS
40901,ST. ANDREWS - HUNTSMAN MARINE SCIENCES CTR.,"1,2-Dichlorobenzene",2020-02-09T00:00,0.002,µg/m³,VOC,GC-MS
40901,ST. ANDREWS - HUNTSMAN MARINE SCIENCES CTR.,"1,2-Dichlorobenzene",2020-02-15T00:00,0.001,µg/m³,VOC,GC-MS
40901,ST. ANDREWS - HUNTSMAN MARINE SCIENCES CTR.,"1,2-Dichlorobenzene",2020-02-21T00:00,0.002,µg/m³,VOC,GC-MS
40901,ST. ANDREWS - HUNTSMAN MARINE SCIENCES CTR.,"1,2-Dichlorobenzene",2020-02-27T00:00,0.002,µg/m³,VOC,GC-MS
