﻿NAPS_Site_ID,Station_Name,Pollutant,Date,Value,Units,Report_Type,Method
60211,WINDSOR WEST,12378-P5CDF,2007-01-24T00:00,0.006,pg/m³,PCDD,GC-MS
60211,WINDSOR WEST,12378-P5CDF,2007-04-06T00:00,0.002,pg/m³,PCDD,GC-MS
60211,WINDSOR WEST,12378-P5CDF,2007-04-30T00:00,0.005,pg/m³,PCDD,GC-MS
60211,WINDSOR WEST,12378-P5CDF,2007-06-17T00:00,0.005,pg/m³,PCDD,GC-MS
60211,WINDSOR WEST,12378-P5CDF,2007-07-11T00:00,0.003,pg/m³,PCDD,GC-MS
60211,WINDSOR WEST,12378-P5CDF,2007-08-04T00:00,0.005,pg/m³,PCDD,GC-MS
60211,WINDSOR WEST,12378-P5CDF,2007-08-28T00:00,0.007,pg/m³,PCDD,GC-MS
60211,WINDSOR WEST,12378-P5CDF,2007-09-21T00:00,0.005,pg/m³,PCDD,GC-MS
60211,WINDSOR WEST,12378-P5CDF,2007-10-15T00:00,0.005,pg/m³,PCDD,GC-MS
60211,WINDSOR WEST,12378-P5CDF,2007-11-08T00:00,0.010,pg/m³,PCDD,GC-MS
60211,WINDSOR WEST,12378-P5CDF,2007-12-02T00:00,0.008,pg/m³,PCDD,GC-MS
