﻿NAPS_Site_ID,Station_Name,Pollutant,Date,Value,Units,Report_Type,Method
50129,MONTRÉAL-RIVIÈRE-DES-PRAIRIES,13C12-H6CDD,2004-03-04T00:00,77.000,pg/m³,PCDD,N/A
50129,MONTRÉAL-RIVIÈRE-DES-PRAIRIES,13C12-H6CDD,2004-03-28T00:00,60.000,pg/m³,PCDD,N/A
50129,MONTRÉAL-RIVIÈRE-DES-PRAIRIES,13C12-H6CDD,2004-04-21T00:00,77.000,pg/m³,PCDD,N/A
50129,MONTRÉAL-RIVIÈRE-DES-PRAIRIES,13C12-H6CDD,2004-05-15T00:00,77.000,pg/m³,PCDD,N/A
50129,MONTRÉAL-RIVIÈRE-DES-PRAIRIES,13C12-H6CDD,2004-06-08T00:00,75.000,pg/m³,PCDD,N/A
50129,MONTRÉAL-RIVIÈRE-DES-PRAIRIES,13C12-H6CDD,2004-07-26T00:00,81.000,pg/m³,PCDD,N/A
50129,MONTRÉAL-RIVIÈRE-DES-PRAIRIES,13C12-H6CDD,2004-08-19T00:00,77.000,pg/m³,PCDD,N/A
50129,MONTRÉAL-RIVIÈRE-DES-PRAIRIES,13C12-H6CDD,2004-09-12T00:00,80.000,pg/m³,PCDD,N/A
50129,MONTRÉAL-RIVIÈRE-DES-PRAIRIES,13C12-H6CDD,2004-11-23T00:00,80.000,pg/m³,PCDD,N/A
50129,MONTRÉAL-RIVIÈRE-DES-PRAIRIES,13C12-H6CDD,2004-12-17T00:00,64.000,pg/m³,PCDD,N/A
