﻿NAPS_Site_ID,Station_Name,Pollutant,Date,Value,Units,Report_Type,Method
60512,BEASLEY PARK _HAMILTON_DOWNTOWN_,"Indeno(1,2,3-cd)Pyrene",2014-01-05T00:00,0.000,µg/m³,PAH,GC-MS TP+G
60512,BEASLEY PARK _HAMILTON_DOWNTOWN_,"Indeno(1,2,3-cd)Pyrene",2014-01-17T00:00,0.000,µg/m³,PAH,GC-MS TP+G
60512,BEASLEY PARK _HAMILTON_DOWNTOWN_,"Indeno(1,2,3-cd)Pyrene",2014-01-23T00:00,0.000,µg/m³,PAH,GC-MS TP+G
60512,BEASLEY PARK _HAMILTON_DOWNTOWN_,"Indeno(1,2,3-cd)Pyrene",2014-02-04T00:00,0.000,µg/m³,PAH,GC-MS TP+G
60512,BEASLEY PARK _HAMILTON_DOWNTOWN_,"Indeno(1,2,3-cd)Pyrene",2014-02-22T00:00,0.000,µg/m³,PAH,GC-MS TP+G
60512,BEASLEY PARK _HAMILTON_DOWNTOWN_,"Indeno(1,2,3-cd)Pyrene",2014-02-28T00:00,0.000,µg/m³,PAH,GC-MS TP+G
60512,BEASLEY PARK _HAMILTON_DOWNTOWN_,"Indeno(1,2,3-cd)Pyrene",2014-03-06T00:00,0.000,µg/m³,PAH,GC-MS TP+G
60512,BEASLEY PARK _HAMILTON_DOWNTOWN_,"Indeno(1,2,3-cd)Pyrene",2014-03-12T00:00,0.000,µg/m³,PAH,GC-MS TP+G
60512,BEASLEY PARK _HAMILTON_DOWNTOWN_,"Indeno(1,2,3-cd)Pyrene",2014-03-18T00:00,0.001,µg/m³,PAH,GC-MS TP+G
60512,BEASLEY PARK _HAMILTON_DOWNTOWN_,"Indeno(1,2,3-cd)Pyrene",2014-03-24T00:00,0.000,µg/m³,PAH,GC-MS TP+G
60512,BEASLEY PARK _HAMILTON_DOWNTOWN_,"Indeno(1,2,3-cd)Pyrene",2014-04-05T00:00,0.000,µg/m³,PAH,GC-MS TP+G
60512,BEASLEY PARK _HAMILTON_DOWNTOWN_,"Indeno(1,2,3-cd)Pyrene",2014-04-11T00:00,0.001,µg/m³,PAH,GC-MS TP+G
60512,BEASLEY PARK _HAMILTON_DOWNTOWN_,"Indeno(1,2,3-cd)Pyrene",2014-04-17T00:00,0.001,µg/m³,PAH,GC-MS TP+G
60512,BEASLEY PARK _HAMILTON_DOWNTOWN_,"Indeno(1,2,3-cd)Pyrene",2014-04-23T00:00,0.000,µg/m³,PAH,GC-MS TP+G
60512,BEASLEY PARK _HAMILTON_DOWNTOWN_,"Indeno(1,2,3-cd)Pyrene",2014-04-30T00:00,0.001,µg/m³,PAH,GC-MS TP+G
60512,BEASLEY PARK _HAMILTON_DOWNTOWN_,"Indeno(1,2,3-cd)Pyrene",2014-05-05T00:00,0.000,µg/m³,PAH,GC-MS TP+G
60512,BEASLEY PARK _HAMILTON_DOWNTOWN_,"Indeno(1,2,3-cd)Pyrene",2014-05-11T00:00,0.003,µg/m³,PAH,GC-MS TP+G
60512,BEASLEY PARK _HAMILTON_DOWNTOWN_,"Indeno(1,2,3-cd)Pyrene",2014-05-23T00:00,0.000,µg/m³,PAH,GC-MS TP+G
60512,BEASLEY PARK _HAMILTON_DOWNTOWN_,"Indeno(1,2,3-cd)Pyrene",2014-05-29T00:00,0.003,µg/m³,PAH,GC-MS TP+G
60512,BEASLEY PARK _HAMILTON_DOWNTOWN_,"Indeno(1,2,3-cd)Pyrene",2014-06-04T00:00,0.000,µg/m³,PAH,GC-MS TP+G
60512,BEASLEY PARK _HAMILTON_DOWNTOWN_,"Indeno(1,2,3-cd)Pyrene",2014-06-10T00:00,0.002,µg/m³,PAH,GC-MS TP+G
60512,BEASLEY PARK _HAMILTON_DOWNTOWN_,"Indeno(1,2,3-cd)Pyrene",2014-06-16T00:00,0.004,µg/m³,PAH,GC-MS TP+G
60512,BEASLEY PARK _HAMILTON_DOWNTOWN_,"Indeno(1,2,3-cd)Pyrene",2014-06-22T00:00,0.004,µg/m³,PAH,GC-MS TP+G
60512,BEASLEY PARK _HAMILTON_DOWNTOWN_,"Indeno(1,2,3-cd)Pyrene",2014-06-28T00:00,0.002,µg/m³,PAH,GC-MS TP+G
60512,BEASLEY PARK _HAMILTON_DOWNTOWN_,"Indeno(1,2,3-cd)Pyrene",2014-07-10T00:00,0.001,µg/m³,PAH,GC-MS TP+G
60512,BEASLEY PARK _HAMILTON_DOWNTOWN_,"Indeno(1,2,3-cd)Pyrene",2014-07-16T00:00,0.000,µg/m³,PAH,GC-MS TP+G
60512,BEASLEY PARK _HAMILTON_DOWNTOWN_,"Indeno(1,2,3-cd)Pyrene",2014-07-22T00:00,0.000,µg/m³,PAH,GC-MS TP+G
60512,BEASLEY PARK _HAMILTON_DOWNTOWN_,"Indeno(1,2,3-cd)Pyrene",2014-07-28T00:00,0.000,µg/m³,PAH,GC-MS TP+G
60512,BEASLEY PARK _HAMILTON_DOWNTOWN_,"Indeno(1,2,3-cd)Pyrene",2014-08-03T00:00,0.001,µg/m³,PAH,GC-MS TP+G
60512,BEASLEY PARK _HAMILTON_DOWNTOWN_,"Indeno(1,2,3-cd)Pyrene",2014-08-09T00:00,0.001,µg/m³,PAH,GC-MS TP+G
60512,BEASLEY PARK _HAMILTON_DOWNTOWN_,"Indeno(1,2,3-cd)Pyrene",2014-08-15T00:00,0.000,µg/m³,PAH,GC-MS TP+G
60512,BEASLEY PARK _HAMILTON_DOWNTOWN_,"Indeno(1,2,3-cd)Pyrene",2014-08-27T00:00,0.000,µg/m³,PAH,GC-MS TP+G
60512,BEASLEY PARK _HAMILTON_DOWNTOWN_,"Indeno(1,2,3-cd)Pyrene",2014-09-02T00:00,0.000,µg/m³,PAH,GC-MS TP+G
60512,BEASLEY PARK _HAMILTON_DOWNTOWN_,"Indeno(1,2,3-cd)Pyrene",2014-09-08T00:00,0.001,µg/m³,PAH,GC-MS TP+G
60512,BEASLEY PARK _HAMILTON_DOWNTOWN_,"Indeno(1,2,3-cd)Pyrene",2014-09-14T00:00,0.001,µg/m³,PAH,GC-MS TP+G
60512,BEASLEY PARK _HAMILTON_DOWNTOWN_,"Indeno(1,2,3-cd)Pyrene",2014-09-20T00:00,0.000,µg/m³,PAH,GC-MS TP+G
60512,BEASLEY PARK _HAMILTON_DOWNTOWN_,"Indeno(1,2,3-cd)Pyrene",2014-09-26T00:00,0.001,µg/m³,PAH,GC-MS TP+G
60512,BEASLEY PARK _HAMILTON_DOWNTOWN_,"Indeno(1,2,3-cd)Pyrene",2014-10-02T00:00,0.000,µg/m³,PAH,GC-MS TP+G
60512,BEASLEY PARK _HAMILTON_DOWNTOWN_,"Indeno(1,2,3-cd)Pyrene",2014-10-14T00:00,0.001,µg/m³,PAH,GC-MS TP+G
60512,BEASLEY PARK _HAMILTON_DOWNTOWN_,"Indeno(1,2,3-cd)Pyrene",2014-10-20T00:00,0.000,µg/m³,PAH,GC-MS TP+G
60512,BEASLEY PARK _HAMILTON_DOWNTOWN_,"Indeno(1,2,3-cd)Pyrene",2014-10-26T00:00,0.000,µg/m³,PAH,GC-MS TP+G
60512,BEASLEY PARK _HAMILTON_DOWNTOWN_,"Indeno(1,2,3-cd)Pyrene",2014-11-01T00:00,0.000,µg/m³,PAH,GC-MS TP+G
60512,BEASLEY PARK _HAMILTON_DOWNTOWN_,"Indeno(1,2,3-cd)Pyrene",2014-11-07T00:00,0.000,µg/m³,PAH,GC-MS TP+G
60512,BEASLEY PARK _HAMILTON_DOWNTOWN_,"Indeno(1,2,3-cd)Pyrene",2014-11-13T00:00,0.000,µg/m³,PAH,GC-MS TP+G
60512,BEASLEY PARK _HAMILTON_DOWNTOWN_,"Indeno(1,2,3-cd)Pyrene",2014-11-19T00:00,0.000,µg/m³,PAH,GC-MS TP+G
60512,BEASLEY PARK _HAMILTON_DOWNTOWN_,"Indeno(1,2,3-cd)Pyrene",2014-12-01T00:00,0.000,µg/m³,PAH,GC-MS TP+G
60512,BEASLEY PARK _HAMILTON_DOWNTOWN_,"Indeno(1,2,3-cd)Pyrene",2014-12-07T00:00,0.000,µg/m³,PAH,GC-MS TP+G
60512,BEASLEY PARK _HAMILTON_DOWNTOWN_,"Indeno(1,2,3-cd)Pyrene",2014-12-13T00:00,0.000,µg/m³,PAH,GC-MS TP+G
60512,BEASLEY PARK _HAMILTON_DOWNTOWN_,"Indeno(1,2,3-cd)Pyrene",2014-12-19T00:00,0.000,µg/m³,PAH,GC-MS TP+G
60512,BEASLEY PARK _HAMILTON_DOWNTOWN_,"Indeno(1,2,3-cd)Pyrene",2014-12-25T00:00,0.000,µg/m³,PAH,GC-MS TP+G
