﻿NAPS_Site_ID,Station_Name,Pollutant,Date,Value,Units,Report_Type,Method
60413,CENTENNIAL PARK _ETOBICOKE WEST_,cis-4-Methyl-2-pentene,2015-01-05T19:00,0.000,µg/m³,VOC,
60413,CENTENNIAL PARK _ETOBICOKE WEST_,cis-4-Methyl-2-pentene,2015-01-11T19:00,0.014,µg/m³,VOC,
60413,CENTENNIAL PARK _ETOBICOKE WEST_,cis-4-Methyl-2-pentene,2015-01-17T19:00,0.000,µg/m³,VOC,
60413,CENTENNIAL PARK _ETOBICOKE WEST_,cis-4-Methyl-2-pentene,2015-01-23T19:00,0.000,µg/m³,VOC,
60413,CENTENNIAL PARK _ETOBICOKE WEST_,cis-4-Methyl-2-pentene,2015-01-29T19:00,0.006,µg/m³,VOC,
60413,CENTENNIAL PARK _ETOBICOKE WEST_,cis-4-Methyl-2-pentene,2015-02-04T19:00,0.002,µg/m³,VOC,
60413,CENTENNIAL PARK _ETOBICOKE WEST_,cis-4-Methyl-2-pentene,2015-02-16T19:00,0.000,µg/m³,VOC,
60413,CENTENNIAL PARK _ETOBICOKE WEST_,cis-4-Methyl-2-pentene,2015-02-22T19:00,0.000,µg/m³,VOC,
60413,CENTENNIAL PARK _ETOBICOKE WEST_,cis-4-Methyl-2-pentene,2015-02-28T19:00,0.008,µg/m³,VOC,
60413,CENTENNIAL PARK _ETOBICOKE WEST_,cis-4-Methyl-2-pentene,2015-03-06T19:00,0.000,µg/m³,VOC,
60413,CENTENNIAL PARK _ETOBICOKE WEST_,cis-4-Methyl-2-pentene,2015-03-12T20:00,0.003,µg/m³,VOC,
60413,CENTENNIAL PARK _ETOBICOKE WEST_,cis-4-Methyl-2-pentene,2015-03-18T20:00,0.003,µg/m³,VOC,
60413,CENTENNIAL PARK _ETOBICOKE WEST_,cis-4-Methyl-2-pentene,2015-03-24T20:00,0.009,µg/m³,VOC,
60413,CENTENNIAL PARK _ETOBICOKE WEST_,cis-4-Methyl-2-pentene,2015-03-30T20:00,0.006,µg/m³,VOC,
60413,CENTENNIAL PARK _ETOBICOKE WEST_,cis-4-Methyl-2-pentene,2015-04-05T20:00,0.001,µg/m³,VOC,
60413,CENTENNIAL PARK _ETOBICOKE WEST_,cis-4-Methyl-2-pentene,2015-04-11T20:00,0.004,µg/m³,VOC,
60413,CENTENNIAL PARK _ETOBICOKE WEST_,cis-4-Methyl-2-pentene,2015-04-17T20:00,0.003,µg/m³,VOC,
60413,CENTENNIAL PARK _ETOBICOKE WEST_,cis-4-Methyl-2-pentene,2015-04-23T20:00,0.000,µg/m³,VOC,
60413,CENTENNIAL PARK _ETOBICOKE WEST_,cis-4-Methyl-2-pentene,2015-05-05T20:00,0.011,µg/m³,VOC,
60413,CENTENNIAL PARK _ETOBICOKE WEST_,cis-4-Methyl-2-pentene,2015-06-28T20:00,0.008,µg/m³,VOC,
60413,CENTENNIAL PARK _ETOBICOKE WEST_,cis-4-Methyl-2-pentene,2015-07-04T20:00,0.007,µg/m³,VOC,
60413,CENTENNIAL PARK _ETOBICOKE WEST_,cis-4-Methyl-2-pentene,2015-07-10T20:00,0.011,µg/m³,VOC,
60413,CENTENNIAL PARK _ETOBICOKE WEST_,cis-4-Methyl-2-pentene,2015-07-16T20:00,0.012,µg/m³,VOC,
60413,CENTENNIAL PARK _ETOBICOKE WEST_,cis-4-Methyl-2-pentene,2015-07-22T20:00,0.006,µg/m³,VOC,
60413,CENTENNIAL PARK _ETOBICOKE WEST_,cis-4-Methyl-2-pentene,2015-07-28T20:00,0.010,µg/m³,VOC,
60413,CENTENNIAL PARK _ETOBICOKE WEST_,cis-4-Methyl-2-pentene,2015-08-03T20:00,0.000,µg/m³,VOC,
60413,CENTENNIAL PARK _ETOBICOKE WEST_,cis-4-Methyl-2-pentene,2015-08-09T20:00,0.013,µg/m³,VOC,
60413,CENTENNIAL PARK _ETOBICOKE WEST_,cis-4-Methyl-2-pentene,2015-08-15T20:00,0.006,µg/m³,VOC,
60413,CENTENNIAL PARK _ETOBICOKE WEST_,cis-4-Methyl-2-pentene,2015-08-21T20:00,0.019,µg/m³,VOC,
60413,CENTENNIAL PARK _ETOBICOKE WEST_,cis-4-Methyl-2-pentene,2015-08-27T20:00,0.009,µg/m³,VOC,
60413,CENTENNIAL PARK _ETOBICOKE WEST_,cis-4-Methyl-2-pentene,2015-09-02T20:00,0.010,µg/m³,VOC,
60413,CENTENNIAL PARK _ETOBICOKE WEST_,cis-4-Methyl-2-pentene,2015-09-08T20:00,0.021,µg/m³,VOC,
60413,CENTENNIAL PARK _ETOBICOKE WEST_,cis-4-Methyl-2-pentene,2015-09-14T20:00,0.007,µg/m³,VOC,
60413,CENTENNIAL PARK _ETOBICOKE WEST_,cis-4-Methyl-2-pentene,2015-09-20T20:00,0.016,µg/m³,VOC,
60413,CENTENNIAL PARK _ETOBICOKE WEST_,cis-4-Methyl-2-pentene,2015-09-26T20:00,0.012,µg/m³,VOC,
60413,CENTENNIAL PARK _ETOBICOKE WEST_,cis-4-Methyl-2-pentene,2015-10-02T20:00,0.002,µg/m³,VOC,
60413,CENTENNIAL PARK _ETOBICOKE WEST_,cis-4-Methyl-2-pentene,2015-10-08T20:00,0.006,µg/m³,VOC,
60413,CENTENNIAL PARK _ETOBICOKE WEST_,cis-4-Methyl-2-pentene,2015-10-20T20:00,0.014,µg/m³,VOC,
60413,CENTENNIAL PARK _ETOBICOKE WEST_,cis-4-Methyl-2-pentene,2015-10-26T20:00,0.016,µg/m³,VOC,
60413,CENTENNIAL PARK _ETOBICOKE WEST_,cis-4-Methyl-2-pentene,2015-11-01T19:00,0.007,µg/m³,VOC,
60413,CENTENNIAL PARK _ETOBICOKE WEST_,cis-4-Methyl-2-pentene,2015-11-07T19:00,0.003,µg/m³,VOC,
60413,CENTENNIAL PARK _ETOBICOKE WEST_,cis-4-Methyl-2-pentene,2015-11-13T19:00,0.001,µg/m³,VOC,
60413,CENTENNIAL PARK _ETOBICOKE WEST_,cis-4-Methyl-2-pentene,2015-11-19T19:00,0.000,µg/m³,VOC,
60413,CENTENNIAL PARK _ETOBICOKE WEST_,cis-4-Methyl-2-pentene,2015-11-25T19:00,0.000,µg/m³,VOC,
60413,CENTENNIAL PARK _ETOBICOKE WEST_,cis-4-Methyl-2-pentene,2015-12-01T19:00,0.008,µg/m³,VOC,
60413,CENTENNIAL PARK _ETOBICOKE WEST_,cis-4-Methyl-2-pentene,2015-12-07T19:00,0.000,µg/m³,VOC,
60413,CENTENNIAL PARK _ETOBICOKE WEST_,cis-4-Methyl-2-pentene,2015-12-13T19:00,0.007,µg/m³,VOC,
60413,CENTENNIAL PARK _ETOBICOKE WEST_,cis-4-Methyl-2-pentene,2015-12-19T19:00,0.002,µg/m³,VOC,
60413,CENTENNIAL PARK _ETOBICOKE WEST_,cis-4-Methyl-2-pentene,2015-12-25T19:00,0.000,µg/m³,VOC,
