﻿NAPS_Site_ID,Station_Name,Pollutant,Date,Value,Units,Report_Type,Method
100304,VICTORIA TOPAZ,Sulphur,2014-01-05T00:00,0.257,µg/m³,PM2.5,ED-XRF
100304,VICTORIA TOPAZ,Sulphur,2014-01-11T00:00,0.066,µg/m³,PM2.5,ED-XRF
100304,VICTORIA TOPAZ,Sulphur,2014-01-17T00:00,0.546,µg/m³,PM2.5,ED-XRF
100304,VICTORIA TOPAZ,Sulphur,2014-01-23T00:00,0.455,µg/m³,PM2.5,ED-XRF
100304,VICTORIA TOPAZ,Sulphur,2014-01-29T00:00,0.162,µg/m³,PM2.5,ED-XRF
100304,VICTORIA TOPAZ,Sulphur,2014-02-04T00:00,0.152,µg/m³,PM2.5,ED-XRF
100304,VICTORIA TOPAZ,Sulphur,2014-02-10T00:00,0.135,µg/m³,PM2.5,ED-XRF
100304,VICTORIA TOPAZ,Sulphur,2014-02-16T00:00,0.059,µg/m³,PM2.5,ED-XRF
100304,VICTORIA TOPAZ,Sulphur,2014-02-22T00:00,0.111,µg/m³,PM2.5,ED-XRF
100304,VICTORIA TOPAZ,Sulphur,2014-02-28T00:00,0.239,µg/m³,PM2.5,ED-XRF
100304,VICTORIA TOPAZ,Sulphur,2014-03-06T00:00,0.075,µg/m³,PM2.5,ED-XRF
100304,VICTORIA TOPAZ,Sulphur,2014-03-12T00:00,0.254,µg/m³,PM2.5,ED-XRF
100304,VICTORIA TOPAZ,Sulphur,2014-03-18T00:00,0.154,µg/m³,PM2.5,ED-XRF
100304,VICTORIA TOPAZ,Sulphur,2014-03-24T00:00,0.325,µg/m³,PM2.5,ED-XRF
100304,VICTORIA TOPAZ,Sulphur,2014-03-30T00:00,0.134,µg/m³,PM2.5,ED-XRF
100304,VICTORIA TOPAZ,Sulphur,2014-04-17T00:00,0.212,µg/m³,PM2.5,ED-XRF
100304,VICTORIA TOPAZ,Sulphur,2014-04-23T00:00,0.083,µg/m³,PM2.5,ED-XRF
100304,VICTORIA TOPAZ,Sulphur,2014-04-29T00:00,0.182,µg/m³,PM2.5,ED-XRF
100304,VICTORIA TOPAZ,Sulphur,2014-05-05T00:00,0.180,µg/m³,PM2.5,ED-XRF
100304,VICTORIA TOPAZ,Sulphur,2014-05-11T00:00,0.238,µg/m³,PM2.5,ED-XRF
100304,VICTORIA TOPAZ,Sulphur,2014-05-17T00:00,0.236,µg/m³,PM2.5,ED-XRF
100304,VICTORIA TOPAZ,Sulphur,2014-05-23T00:00,0.163,µg/m³,PM2.5,ED-XRF
100304,VICTORIA TOPAZ,Sulphur,2014-05-29T00:00,0.555,µg/m³,PM2.5,ED-XRF
100304,VICTORIA TOPAZ,Sulphur,2014-06-04T00:00,0.527,µg/m³,PM2.5,ED-XRF
100304,VICTORIA TOPAZ,Sulphur,2014-06-10T00:00,0.174,µg/m³,PM2.5,ED-XRF
100304,VICTORIA TOPAZ,Sulphur,2014-06-28T00:00,0.222,µg/m³,PM2.5,ED-XRF
100304,VICTORIA TOPAZ,Sulphur,2014-07-04T00:00,0.253,µg/m³,PM2.5,ED-XRF
100304,VICTORIA TOPAZ,Sulphur,2014-07-10T00:00,0.379,µg/m³,PM2.5,ED-XRF
100304,VICTORIA TOPAZ,Sulphur,2014-07-16T00:00,0.371,µg/m³,PM2.5,ED-XRF
100304,VICTORIA TOPAZ,Sulphur,2014-07-22T00:00,0.495,µg/m³,PM2.5,ED-XRF
100304,VICTORIA TOPAZ,Sulphur,2014-07-28T00:00,0.305,µg/m³,PM2.5,ED-XRF
100304,VICTORIA TOPAZ,Sulphur,2014-08-03T00:00,0.486,µg/m³,PM2.5,ED-XRF
100304,VICTORIA TOPAZ,Sulphur,2014-08-09T00:00,0.614,µg/m³,PM2.5,ED-XRF
100304,VICTORIA TOPAZ,Sulphur,2014-08-15T00:00,0.298,µg/m³,PM2.5,ED-XRF
100304,VICTORIA TOPAZ,Sulphur,2014-08-21T00:00,0.829,µg/m³,PM2.5,ED-XRF
100304,VICTORIA TOPAZ,Sulphur,2014-08-27T00:00,0.231,µg/m³,PM2.5,ED-XRF
100304,VICTORIA TOPAZ,Sulphur,2014-09-02T00:00,0.254,µg/m³,PM2.5,ED-XRF
100304,VICTORIA TOPAZ,Sulphur,2014-09-08T00:00,0.203,µg/m³,PM2.5,ED-XRF
100304,VICTORIA TOPAZ,Sulphur,2014-09-14T00:00,0.224,µg/m³,PM2.5,ED-XRF
100304,VICTORIA TOPAZ,Sulphur,2014-09-20T00:00,0.312,µg/m³,PM2.5,ED-XRF
100304,VICTORIA TOPAZ,Sulphur,2014-09-26T00:00,0.233,µg/m³,PM2.5,ED-XRF
100304,VICTORIA TOPAZ,Sulphur,2014-10-02T00:00,0.443,µg/m³,PM2.5,ED-XRF
100304,VICTORIA TOPAZ,Sulphur,2014-10-08T00:00,0.348,µg/m³,PM2.5,ED-XRF
100304,VICTORIA TOPAZ,Sulphur,2014-10-14T00:00,0.095,µg/m³,PM2.5,ED-XRF
100304,VICTORIA TOPAZ,Sulphur,2014-10-20T00:00,0.098,µg/m³,PM2.5,ED-XRF
100304,VICTORIA TOPAZ,Sulphur,2014-10-26T00:00,0.044,µg/m³,PM2.5,ED-XRF
100304,VICTORIA TOPAZ,Sulphur,2014-11-01T00:00,0.288,µg/m³,PM2.5,ED-XRF
100304,VICTORIA TOPAZ,Sulphur,2014-11-13T00:00,0.097,µg/m³,PM2.5,ED-XRF
100304,VICTORIA TOPAZ,Sulphur,2014-11-19T00:00,0.299,µg/m³,PM2.5,ED-XRF
100304,VICTORIA TOPAZ,Sulphur,2014-11-25T00:00,0.092,µg/m³,PM2.5,ED-XRF
100304,VICTORIA TOPAZ,Sulphur,2014-12-01T00:00,0.300,µg/m³,PM2.5,ED-XRF
100304,VICTORIA TOPAZ,Sulphur,2014-12-07T00:00,0.067,µg/m³,PM2.5,ED-XRF
100304,VICTORIA TOPAZ,Sulphur,2014-12-13T00:00,0.200,µg/m³,PM2.5,ED-XRF
100304,VICTORIA TOPAZ,Sulphur,2014-12-19T00:00,0.067,µg/m³,PM2.5,ED-XRF
100304,VICTORIA TOPAZ,Sulphur,2014-12-25T00:00,0.061,µg/m³,PM2.5,ED-XRF
100304,VICTORIA TOPAZ,Sulphur,2014-12-31T00:00,0.145,µg/m³,PM2.5,ED-XRF
