﻿NAPS_Site_ID,Station_Name,Pollutant,Date,Value,Units,Report_Type,Method
60427,GAGE INSTITUTE,1234678-H7CDF,2006-01-29T00:00,0.079,pg/m³,PCDD,GC-MS
60427,GAGE INSTITUTE,1234678-H7CDF,2006-03-18T00:00,0.015,pg/m³,PCDD,GC-MS
60427,GAGE INSTITUTE,1234678-H7CDF,2006-04-11T00:00,0.030,pg/m³,PCDD,GC-MS
60427,GAGE INSTITUTE,1234678-H7CDF,2006-05-05T00:00,0.027,pg/m³,PCDD,GC-MS
60427,GAGE INSTITUTE,1234678-H7CDF,2006-05-29T00:00,0.041,pg/m³,PCDD,GC-MS
60427,GAGE INSTITUTE,1234678-H7CDF,2006-06-22T00:00,0.024,pg/m³,PCDD,GC-MS
60427,GAGE INSTITUTE,1234678-H7CDF,2006-07-16T00:00,0.029,pg/m³,PCDD,GC-MS
60427,GAGE INSTITUTE,1234678-H7CDF,2006-08-09T00:00,0.026,pg/m³,PCDD,GC-MS
60427,GAGE INSTITUTE,1234678-H7CDF,2006-09-02T00:00,0.014,pg/m³,PCDD,GC-MS
60427,GAGE INSTITUTE,1234678-H7CDF,2006-09-26T00:00,0.024,pg/m³,PCDD,GC-MS
60427,GAGE INSTITUTE,1234678-H7CDF,2006-10-20T00:00,0.018,pg/m³,PCDD,GC-MS
60427,GAGE INSTITUTE,1234678-H7CDF,2006-12-07T00:00,0.014,pg/m³,PCDD,GC-MS
