﻿NAPS_Site_ID,Station_Name,Pollutant,Date,Value,Units,Report_Type,Method
30118,VOGUE BUILDING,Tin,1996-01-04T00:00,0.000,µg/m³,DICHOT,EDXRF
30118,VOGUE BUILDING,Tin,1996-01-04T00:00,0.000,µg/m³,DICHOT,EDXRF
30118,VOGUE BUILDING,Tin,1996-01-10T00:00,0.000,µg/m³,DICHOT,EDXRF
30118,VOGUE BUILDING,Tin,1996-01-10T00:00,0.000,µg/m³,DICHOT,EDXRF
30118,VOGUE BUILDING,Tin,1996-01-16T00:00,0.000,µg/m³,DICHOT,EDXRF
30118,VOGUE BUILDING,Tin,1996-01-16T00:00,0.000,µg/m³,DICHOT,EDXRF
30118,VOGUE BUILDING,Tin,1996-01-22T00:00,0.000,µg/m³,DICHOT,EDXRF
30118,VOGUE BUILDING,Tin,1996-01-22T00:00,0.000,µg/m³,DICHOT,EDXRF
30118,VOGUE BUILDING,Tin,1996-01-28T00:00,0.000,µg/m³,DICHOT,EDXRF
30118,VOGUE BUILDING,Tin,1996-01-28T00:00,0.000,µg/m³,DICHOT,EDXRF
30118,VOGUE BUILDING,Tin,1996-02-03T00:00,0.000,µg/m³,DICHOT,EDXRF
30118,VOGUE BUILDING,Tin,1996-02-03T00:00,0.000,µg/m³,DICHOT,EDXRF
30118,VOGUE BUILDING,Tin,1996-02-09T00:00,0.000,µg/m³,DICHOT,EDXRF
30118,VOGUE BUILDING,Tin,1996-02-09T00:00,0.000,µg/m³,DICHOT,EDXRF
30118,VOGUE BUILDING,Tin,1996-02-15T00:00,0.000,µg/m³,DICHOT,EDXRF
30118,VOGUE BUILDING,Tin,1996-02-15T00:00,0.000,µg/m³,DICHOT,EDXRF
30118,VOGUE BUILDING,Tin,1996-02-21T00:00,0.000,µg/m³,DICHOT,EDXRF
30118,VOGUE BUILDING,Tin,1996-02-21T00:00,0.000,µg/m³,DICHOT,EDXRF
30118,VOGUE BUILDING,Tin,1996-02-27T00:00,0.000,µg/m³,DICHOT,EDXRF
30118,VOGUE BUILDING,Tin,1996-02-27T00:00,0.000,µg/m³,DICHOT,EDXRF
30118,VOGUE BUILDING,Tin,1996-03-04T00:00,0.000,µg/m³,DICHOT,EDXRF
30118,VOGUE BUILDING,Tin,1996-03-04T00:00,0.000,µg/m³,DICHOT,EDXRF
30118,VOGUE BUILDING,Tin,1996-03-10T00:00,0.000,µg/m³,DICHOT,EDXRF
30118,VOGUE BUILDING,Tin,1996-03-10T00:00,0.000,µg/m³,DICHOT,EDXRF
30118,VOGUE BUILDING,Tin,1996-03-16T00:00,0.000,µg/m³,DICHOT,EDXRF
30118,VOGUE BUILDING,Tin,1996-03-16T00:00,0.000,µg/m³,DICHOT,EDXRF
30118,VOGUE BUILDING,Tin,1996-03-28T00:00,0.000,µg/m³,DICHOT,EDXRF
30118,VOGUE BUILDING,Tin,1996-03-28T00:00,0.000,µg/m³,DICHOT,EDXRF
30118,VOGUE BUILDING,Tin,1996-04-03T00:00,0.000,µg/m³,DICHOT,EDXRF
30118,VOGUE BUILDING,Tin,1996-04-03T00:00,0.000,µg/m³,DICHOT,EDXRF
30118,VOGUE BUILDING,Tin,1996-04-09T00:00,0.000,µg/m³,DICHOT,EDXRF
30118,VOGUE BUILDING,Tin,1996-04-09T00:00,0.000,µg/m³,DICHOT,EDXRF
30118,VOGUE BUILDING,Tin,1996-04-15T00:00,0.000,µg/m³,DICHOT,EDXRF
30118,VOGUE BUILDING,Tin,1996-04-15T00:00,0.000,µg/m³,DICHOT,EDXRF
30118,VOGUE BUILDING,Tin,1996-04-27T00:00,0.000,µg/m³,DICHOT,EDXRF
30118,VOGUE BUILDING,Tin,1996-04-27T00:00,0.000,µg/m³,DICHOT,EDXRF
30118,VOGUE BUILDING,Tin,1996-05-03T00:00,0.000,µg/m³,DICHOT,EDXRF
30118,VOGUE BUILDING,Tin,1996-05-03T00:00,0.000,µg/m³,DICHOT,EDXRF
30118,VOGUE BUILDING,Tin,1996-05-09T00:00,0.000,µg/m³,DICHOT,EDXRF
30118,VOGUE BUILDING,Tin,1996-05-09T00:00,0.000,µg/m³,DICHOT,EDXRF
30118,VOGUE BUILDING,Tin,1996-05-15T00:00,0.000,µg/m³,DICHOT,EDXRF
30118,VOGUE BUILDING,Tin,1996-05-15T00:00,0.000,µg/m³,DICHOT,EDXRF
30118,VOGUE BUILDING,Tin,1996-05-21T00:00,0.000,µg/m³,DICHOT,EDXRF
30118,VOGUE BUILDING,Tin,1996-05-21T00:00,0.000,µg/m³,DICHOT,EDXRF
30118,VOGUE BUILDING,Tin,1996-05-27T00:00,0.000,µg/m³,DICHOT,EDXRF
30118,VOGUE BUILDING,Tin,1996-05-27T00:00,0.000,µg/m³,DICHOT,EDXRF
30118,VOGUE BUILDING,Tin,1996-06-02T00:00,0.000,µg/m³,DICHOT,EDXRF
30118,VOGUE BUILDING,Tin,1996-06-02T00:00,0.001,µg/m³,DICHOT,EDXRF
30118,VOGUE BUILDING,Tin,1996-06-08T00:00,0.000,µg/m³,DICHOT,EDXRF
30118,VOGUE BUILDING,Tin,1996-06-08T00:00,0.000,µg/m³,DICHOT,EDXRF
30118,VOGUE BUILDING,Tin,1996-06-14T00:00,0.000,µg/m³,DICHOT,EDXRF
30118,VOGUE BUILDING,Tin,1996-06-14T00:00,0.000,µg/m³,DICHOT,EDXRF
30118,VOGUE BUILDING,Tin,1996-06-20T00:00,0.000,µg/m³,DICHOT,EDXRF
30118,VOGUE BUILDING,Tin,1996-06-20T00:00,0.000,µg/m³,DICHOT,EDXRF
30118,VOGUE BUILDING,Tin,1996-06-26T00:00,0.000,µg/m³,DICHOT,EDXRF
30118,VOGUE BUILDING,Tin,1996-06-26T00:00,0.000,µg/m³,DICHOT,EDXRF
30118,VOGUE BUILDING,Tin,1996-07-02T00:00,0.000,µg/m³,DICHOT,EDXRF
30118,VOGUE BUILDING,Tin,1996-07-02T00:00,0.000,µg/m³,DICHOT,EDXRF
30118,VOGUE BUILDING,Tin,1996-07-08T00:00,0.000,µg/m³,DICHOT,EDXRF
30118,VOGUE BUILDING,Tin,1996-07-08T00:00,0.000,µg/m³,DICHOT,EDXRF
30118,VOGUE BUILDING,Tin,1996-07-14T00:00,0.000,µg/m³,DICHOT,EDXRF
30118,VOGUE BUILDING,Tin,1996-07-14T00:00,0.000,µg/m³,DICHOT,EDXRF
30118,VOGUE BUILDING,Tin,1996-07-26T00:00,0.000,µg/m³,DICHOT,EDXRF
30118,VOGUE BUILDING,Tin,1996-07-26T00:00,0.000,µg/m³,DICHOT,EDXRF
30118,VOGUE BUILDING,Tin,1996-08-01T00:00,0.000,µg/m³,DICHOT,EDXRF
30118,VOGUE BUILDING,Tin,1996-08-01T00:00,0.000,µg/m³,DICHOT,EDXRF
30118,VOGUE BUILDING,Tin,1996-08-07T00:00,0.000,µg/m³,DICHOT,EDXRF
30118,VOGUE BUILDING,Tin,1996-08-07T00:00,0.000,µg/m³,DICHOT,EDXRF
30118,VOGUE BUILDING,Tin,1996-08-13T00:00,0.000,µg/m³,DICHOT,EDXRF
30118,VOGUE BUILDING,Tin,1996-08-13T00:00,0.000,µg/m³,DICHOT,EDXRF
30118,VOGUE BUILDING,Tin,1996-08-19T00:00,0.000,µg/m³,DICHOT,EDXRF
30118,VOGUE BUILDING,Tin,1996-08-19T00:00,0.000,µg/m³,DICHOT,EDXRF
30118,VOGUE BUILDING,Tin,1996-08-25T00:00,0.000,µg/m³,DICHOT,EDXRF
30118,VOGUE BUILDING,Tin,1996-08-25T00:00,0.000,µg/m³,DICHOT,EDXRF
30118,VOGUE BUILDING,Tin,1996-08-31T00:00,0.000,µg/m³,DICHOT,EDXRF
30118,VOGUE BUILDING,Tin,1996-08-31T00:00,0.000,µg/m³,DICHOT,EDXRF
30118,VOGUE BUILDING,Tin,1996-09-06T00:00,0.000,µg/m³,DICHOT,EDXRF
30118,VOGUE BUILDING,Tin,1996-09-06T00:00,0.000,µg/m³,DICHOT,EDXRF
30118,VOGUE BUILDING,Tin,1996-09-24T00:00,0.000,µg/m³,DICHOT,EDXRF
30118,VOGUE BUILDING,Tin,1996-09-24T00:00,0.000,µg/m³,DICHOT,EDXRF
30118,VOGUE BUILDING,Tin,1996-09-30T00:00,0.000,µg/m³,DICHOT,EDXRF
30118,VOGUE BUILDING,Tin,1996-09-30T00:00,0.000,µg/m³,DICHOT,EDXRF
30118,VOGUE BUILDING,Tin,1996-10-06T00:00,0.000,µg/m³,DICHOT,EDXRF
30118,VOGUE BUILDING,Tin,1996-10-06T00:00,0.000,µg/m³,DICHOT,EDXRF
30118,VOGUE BUILDING,Tin,1996-10-18T00:00,0.000,µg/m³,DICHOT,EDXRF
30118,VOGUE BUILDING,Tin,1996-10-18T00:00,0.000,µg/m³,DICHOT,EDXRF
30118,VOGUE BUILDING,Tin,1996-10-24T00:00,0.000,µg/m³,DICHOT,EDXRF
30118,VOGUE BUILDING,Tin,1996-10-24T00:00,0.000,µg/m³,DICHOT,EDXRF
30118,VOGUE BUILDING,Tin,1996-10-30T00:00,0.000,µg/m³,DICHOT,EDXRF
30118,VOGUE BUILDING,Tin,1996-10-30T00:00,0.000,µg/m³,DICHOT,EDXRF
30118,VOGUE BUILDING,Tin,1996-11-05T00:00,0.000,µg/m³,DICHOT,EDXRF
30118,VOGUE BUILDING,Tin,1996-11-05T00:00,0.000,µg/m³,DICHOT,EDXRF
30118,VOGUE BUILDING,Tin,1996-11-11T00:00,0.000,µg/m³,DICHOT,EDXRF
30118,VOGUE BUILDING,Tin,1996-11-11T00:00,0.001,µg/m³,DICHOT,EDXRF
30118,VOGUE BUILDING,Tin,1996-11-17T00:00,0.000,µg/m³,DICHOT,EDXRF
30118,VOGUE BUILDING,Tin,1996-11-17T00:00,0.000,µg/m³,DICHOT,EDXRF
30118,VOGUE BUILDING,Tin,1996-11-23T00:00,0.000,µg/m³,DICHOT,EDXRF
30118,VOGUE BUILDING,Tin,1996-11-23T00:00,0.000,µg/m³,DICHOT,EDXRF
30118,VOGUE BUILDING,Tin,1996-11-29T00:00,0.000,µg/m³,DICHOT,EDXRF
30118,VOGUE BUILDING,Tin,1996-11-29T00:00,0.000,µg/m³,DICHOT,EDXRF
