﻿NAPS_Site_ID,Station_Name,Pollutant,Date,Value,Units,Report_Type,Method
61009,SARNIA,"1,2-Dichloroethane",2021-02-03T00:00,0.067,µg/m³,VOC,GC-MS
61009,SARNIA,"1,2-Dichloroethane",2021-02-09T00:00,0.072,µg/m³,VOC,GC-MS
61009,SARNIA,"1,2-Dichloroethane",2021-02-27T00:00,0.080,µg/m³,VOC,GC-MS
61009,SARNIA,"1,2-Dichloroethane",2021-03-05T00:00,0.073,µg/m³,VOC,GC-MS
61009,SARNIA,"1,2-Dichloroethane",2021-03-11T00:00,0.076,µg/m³,VOC,GC-MS
61009,SARNIA,"1,2-Dichloroethane",2021-03-17T00:00,0.077,µg/m³,VOC,GC-MS
61009,SARNIA,"1,2-Dichloroethane",2021-03-23T00:00,0.070,µg/m³,VOC,GC-MS
61009,SARNIA,"1,2-Dichloroethane",2021-03-29T00:00,0.086,µg/m³,VOC,GC-MS
61009,SARNIA,"1,2-Dichloroethane",2021-04-04T00:00,0.071,µg/m³,VOC,GC-MS
61009,SARNIA,"1,2-Dichloroethane",2021-04-10T00:00,0.075,µg/m³,VOC,GC-MS
61009,SARNIA,"1,2-Dichloroethane",2021-04-16T00:00,0.065,µg/m³,VOC,GC-MS
61009,SARNIA,"1,2-Dichloroethane",2021-04-22T00:00,0.074,µg/m³,VOC,GC-MS
61009,SARNIA,"1,2-Dichloroethane",2021-04-28T00:00,0.079,µg/m³,VOC,GC-MS
61009,SARNIA,"1,2-Dichloroethane",2021-05-04T00:00,0.069,µg/m³,VOC,GC-MS
61009,SARNIA,"1,2-Dichloroethane",2021-05-10T00:00,0.069,µg/m³,VOC,GC-MS
61009,SARNIA,"1,2-Dichloroethane",2021-05-16T00:00,0.067,µg/m³,VOC,GC-MS
61009,SARNIA,"1,2-Dichloroethane",2021-05-22T00:00,0.066,µg/m³,VOC,GC-MS
61009,SARNIA,"1,2-Dichloroethane",2021-05-28T00:00,0.065,µg/m³,VOC,GC-MS
61009,SARNIA,"1,2-Dichloroethane",2021-06-03T00:00,0.065,µg/m³,VOC,GC-MS
61009,SARNIA,"1,2-Dichloroethane",2021-06-09T00:00,0.056,µg/m³,VOC,GC-MS
61009,SARNIA,"1,2-Dichloroethane",2021-06-15T00:00,0.051,µg/m³,VOC,GC-MS
61009,SARNIA,"1,2-Dichloroethane",2021-06-21T00:00,0.056,µg/m³,VOC,GC-MS
61009,SARNIA,"1,2-Dichloroethane",2021-06-27T00:00,0.049,µg/m³,VOC,GC-MS
61009,SARNIA,"1,2-Dichloroethane",2021-07-03T00:00,0.046,µg/m³,VOC,GC-MS
61009,SARNIA,"1,2-Dichloroethane",2021-07-09T00:00,0.041,µg/m³,VOC,GC-MS
61009,SARNIA,"1,2-Dichloroethane",2021-07-15T00:00,0.051,µg/m³,VOC,GC-MS
61009,SARNIA,"1,2-Dichloroethane",2021-07-21T00:00,0.039,µg/m³,VOC,GC-MS
61009,SARNIA,"1,2-Dichloroethane",2021-07-27T00:00,0.040,µg/m³,VOC,GC-MS
61009,SARNIA,"1,2-Dichloroethane",2021-08-02T00:00,0.039,µg/m³,VOC,GC-MS
61009,SARNIA,"1,2-Dichloroethane",2021-08-08T00:00,0.063,µg/m³,VOC,GC-MS
61009,SARNIA,"1,2-Dichloroethane",2021-08-14T00:00,0.033,µg/m³,VOC,GC-MS
61009,SARNIA,"1,2-Dichloroethane",2021-08-20T00:00,0.040,µg/m³,VOC,GC-MS
61009,SARNIA,"1,2-Dichloroethane",2021-08-26T00:00,0.046,µg/m³,VOC,GC-MS
61009,SARNIA,"1,2-Dichloroethane",2021-09-01T00:00,0.037,µg/m³,VOC,GC-MS
61009,SARNIA,"1,2-Dichloroethane",2021-09-07T00:00,0.071,µg/m³,VOC,GC-MS
61009,SARNIA,"1,2-Dichloroethane",2021-09-13T00:00,0.043,µg/m³,VOC,GC-MS
61009,SARNIA,"1,2-Dichloroethane",2021-09-19T00:00,0.040,µg/m³,VOC,GC-MS
61009,SARNIA,"1,2-Dichloroethane",2021-09-25T00:00,0.034,µg/m³,VOC,GC-MS
61009,SARNIA,"1,2-Dichloroethane",2021-10-01T00:00,0.054,µg/m³,VOC,GC-MS
61009,SARNIA,"1,2-Dichloroethane",2021-10-07T00:00,0.042,µg/m³,VOC,GC-MS
61009,SARNIA,"1,2-Dichloroethane",2021-10-19T00:00,0.043,µg/m³,VOC,GC-MS
61009,SARNIA,"1,2-Dichloroethane",2021-10-25T00:00,0.040,µg/m³,VOC,GC-MS
61009,SARNIA,"1,2-Dichloroethane",2021-10-31T00:00,0.066,µg/m³,VOC,GC-MS
61009,SARNIA,"1,2-Dichloroethane",2021-11-06T00:00,0.060,µg/m³,VOC,GC-MS
61009,SARNIA,"1,2-Dichloroethane",2021-11-12T00:00,0.048,µg/m³,VOC,GC-MS
61009,SARNIA,"1,2-Dichloroethane",2021-11-18T00:00,0.043,µg/m³,VOC,GC-MS
61009,SARNIA,"1,2-Dichloroethane",2021-11-24T00:00,0.069,µg/m³,VOC,GC-MS
61009,SARNIA,"1,2-Dichloroethane",2021-11-30T00:00,0.061,µg/m³,VOC,GC-MS
61009,SARNIA,"1,2-Dichloroethane",2021-12-06T00:00,0.057,µg/m³,VOC,GC-MS
61009,SARNIA,"1,2-Dichloroethane",2021-12-12T00:00,0.059,µg/m³,VOC,GC-MS
61009,SARNIA,"1,2-Dichloroethane",2021-12-18T00:00,0.057,µg/m³,VOC,GC-MS
61009,SARNIA,"1,2-Dichloroethane",2021-12-24T00:00,0.084,µg/m³,VOC,GC-MS
