﻿NAPS_Site_ID,Station_Name,Pollutant,Date,Value,Units,Report_Type,Method
60903,LONDON AQI SITE _LONDON_ 900_HGHBURYAVE,cis-2-Hexene,2006-01-05T00:00,0.000,µg/m³,VOC,N/A
60903,LONDON AQI SITE _LONDON_ 900_HGHBURYAVE,cis-2-Hexene,2006-01-17T00:00,0.000,µg/m³,VOC,N/A
60903,LONDON AQI SITE _LONDON_ 900_HGHBURYAVE,cis-2-Hexene,2006-01-23T00:00,0.000,µg/m³,VOC,N/A
60903,LONDON AQI SITE _LONDON_ 900_HGHBURYAVE,cis-2-Hexene,2006-01-29T00:00,0.000,µg/m³,VOC,N/A
60903,LONDON AQI SITE _LONDON_ 900_HGHBURYAVE,cis-2-Hexene,2006-02-04T00:00,0.009,µg/m³,VOC,N/A
60903,LONDON AQI SITE _LONDON_ 900_HGHBURYAVE,cis-2-Hexene,2006-02-10T00:00,0.019,µg/m³,VOC,N/A
60903,LONDON AQI SITE _LONDON_ 900_HGHBURYAVE,cis-2-Hexene,2006-02-16T00:00,0.000,µg/m³,VOC,N/A
60903,LONDON AQI SITE _LONDON_ 900_HGHBURYAVE,cis-2-Hexene,2006-02-22T00:00,0.039,µg/m³,VOC,N/A
60903,LONDON AQI SITE _LONDON_ 900_HGHBURYAVE,cis-2-Hexene,2006-02-28T00:00,0.008,µg/m³,VOC,N/A
60903,LONDON AQI SITE _LONDON_ 900_HGHBURYAVE,cis-2-Hexene,2006-03-12T00:00,0.008,µg/m³,VOC,N/A
60903,LONDON AQI SITE _LONDON_ 900_HGHBURYAVE,cis-2-Hexene,2006-03-18T00:00,0.000,µg/m³,VOC,N/A
60903,LONDON AQI SITE _LONDON_ 900_HGHBURYAVE,cis-2-Hexene,2006-03-24T00:00,0.010,µg/m³,VOC,N/A
60903,LONDON AQI SITE _LONDON_ 900_HGHBURYAVE,cis-2-Hexene,2006-03-30T00:00,0.034,µg/m³,VOC,N/A
60903,LONDON AQI SITE _LONDON_ 900_HGHBURYAVE,cis-2-Hexene,2006-07-04T00:00,0.000,µg/m³,VOC,N/A
60903,LONDON AQI SITE _LONDON_ 900_HGHBURYAVE,cis-2-Hexene,2006-07-10T00:00,0.014,µg/m³,VOC,N/A
60903,LONDON AQI SITE _LONDON_ 900_HGHBURYAVE,cis-2-Hexene,2006-07-22T00:00,0.000,µg/m³,VOC,N/A
60903,LONDON AQI SITE _LONDON_ 900_HGHBURYAVE,cis-2-Hexene,2006-07-28T00:00,0.017,µg/m³,VOC,N/A
60903,LONDON AQI SITE _LONDON_ 900_HGHBURYAVE,cis-2-Hexene,2006-08-09T00:00,0.000,µg/m³,VOC,N/A
60903,LONDON AQI SITE _LONDON_ 900_HGHBURYAVE,cis-2-Hexene,2006-08-15T00:00,0.026,µg/m³,VOC,N/A
60903,LONDON AQI SITE _LONDON_ 900_HGHBURYAVE,cis-2-Hexene,2006-08-21T00:00,0.023,µg/m³,VOC,N/A
60903,LONDON AQI SITE _LONDON_ 900_HGHBURYAVE,cis-2-Hexene,2006-08-27T00:00,0.016,µg/m³,VOC,N/A
60903,LONDON AQI SITE _LONDON_ 900_HGHBURYAVE,cis-2-Hexene,2006-09-02T00:00,0.015,µg/m³,VOC,N/A
60903,LONDON AQI SITE _LONDON_ 900_HGHBURYAVE,cis-2-Hexene,2006-09-08T00:00,0.016,µg/m³,VOC,N/A
60903,LONDON AQI SITE _LONDON_ 900_HGHBURYAVE,cis-2-Hexene,2006-09-14T00:00,0.018,µg/m³,VOC,N/A
60903,LONDON AQI SITE _LONDON_ 900_HGHBURYAVE,cis-2-Hexene,2006-09-20T00:00,0.015,µg/m³,VOC,N/A
60903,LONDON AQI SITE _LONDON_ 900_HGHBURYAVE,cis-2-Hexene,2006-09-26T00:00,0.016,µg/m³,VOC,N/A
60903,LONDON AQI SITE _LONDON_ 900_HGHBURYAVE,cis-2-Hexene,2006-10-02T00:00,0.065,µg/m³,VOC,N/A
60903,LONDON AQI SITE _LONDON_ 900_HGHBURYAVE,cis-2-Hexene,2006-10-14T00:00,0.010,µg/m³,VOC,N/A
60903,LONDON AQI SITE _LONDON_ 900_HGHBURYAVE,cis-2-Hexene,2006-10-20T00:00,0.019,µg/m³,VOC,N/A
60903,LONDON AQI SITE _LONDON_ 900_HGHBURYAVE,cis-2-Hexene,2006-10-26T00:00,0.042,µg/m³,VOC,N/A
60903,LONDON AQI SITE _LONDON_ 900_HGHBURYAVE,cis-2-Hexene,2006-11-07T00:00,0.000,µg/m³,VOC,N/A
60903,LONDON AQI SITE _LONDON_ 900_HGHBURYAVE,cis-2-Hexene,2006-11-13T00:00,0.009,µg/m³,VOC,N/A
60903,LONDON AQI SITE _LONDON_ 900_HGHBURYAVE,cis-2-Hexene,2006-11-25T00:00,0.103,µg/m³,VOC,N/A
60903,LONDON AQI SITE _LONDON_ 900_HGHBURYAVE,cis-2-Hexene,2006-12-01T00:00,0.000,µg/m³,VOC,N/A
60903,LONDON AQI SITE _LONDON_ 900_HGHBURYAVE,cis-2-Hexene,2006-12-07T00:00,0.000,µg/m³,VOC,N/A
60903,LONDON AQI SITE _LONDON_ 900_HGHBURYAVE,cis-2-Hexene,2006-12-13T00:00,0.000,µg/m³,VOC,N/A
60903,LONDON AQI SITE _LONDON_ 900_HGHBURYAVE,cis-2-Hexene,2006-12-19T00:00,0.018,µg/m³,VOC,N/A
60903,LONDON AQI SITE _LONDON_ 900_HGHBURYAVE,cis-2-Hexene,2006-12-25T00:00,0.000,µg/m³,VOC,N/A
60903,LONDON AQI SITE _LONDON_ 900_HGHBURYAVE,cis-2-Hexene,2006-12-31T00:00,0.000,µg/m³,VOC,N/A
