﻿NAPS_Site_ID,Station_Name,Pollutant,Date,Value,Units,Report_Type,Method
60211,WINDSOR WEST,PM2.5,2020-01-01T00:00,5.899,µg/m³,PM2.5,Microbalance
60211,WINDSOR WEST,PM2.5,2020-01-01T00:00,7.006,µg/m³,PM2.5,Microbalance
60211,WINDSOR WEST,PM2.5,2020-01-04T00:00,3.009,µg/m³,PM2.5,Microbalance
60211,WINDSOR WEST,PM2.5,2020-01-04T00:00,5.271,µg/m³,PM2.5,Microbalance
60211,WINDSOR WEST,PM2.5,2020-01-07T00:00,5.622,µg/m³,PM2.5,Microbalance
60211,WINDSOR WEST,PM2.5,2020-01-07T00:00,8.810,µg/m³,PM2.5,Microbalance
60211,WINDSOR WEST,PM2.5,2020-01-10T00:00,4.815,µg/m³,PM2.5,Microbalance
60211,WINDSOR WEST,PM2.5,2020-01-10T00:00,37.585,µg/m³,PM2.5,Microbalance
60211,WINDSOR WEST,PM2.5,2020-01-13T00:00,5.926,µg/m³,PM2.5,Microbalance
60211,WINDSOR WEST,PM2.5,2020-01-13T00:00,9.025,µg/m³,PM2.5,Microbalance
60211,WINDSOR WEST,PM2.5,2020-01-16T00:00,4.630,µg/m³,PM2.5,Microbalance
60211,WINDSOR WEST,PM2.5,2020-01-16T00:00,5.345,µg/m³,PM2.5,Microbalance
60211,WINDSOR WEST,PM2.5,2020-01-19T00:00,6.498,µg/m³,PM2.5,Microbalance
60211,WINDSOR WEST,PM2.5,2020-01-19T00:00,8.049,µg/m³,PM2.5,Microbalance
60211,WINDSOR WEST,PM2.5,2020-01-22T00:00,12.315,µg/m³,PM2.5,Microbalance
60211,WINDSOR WEST,PM2.5,2020-01-22T00:00,12.913,µg/m³,PM2.5,Microbalance
60211,WINDSOR WEST,PM2.5,2020-01-25T00:00,4.491,µg/m³,PM2.5,Microbalance
60211,WINDSOR WEST,PM2.5,2020-01-25T00:00,5.204,µg/m³,PM2.5,Microbalance
60211,WINDSOR WEST,PM2.5,2020-01-28T00:00,2.593,µg/m³,PM2.5,Microbalance
60211,WINDSOR WEST,PM2.5,2020-01-28T00:00,3.332,µg/m³,PM2.5,Microbalance
60211,WINDSOR WEST,PM2.5,2020-01-31T00:00,10.230,µg/m³,PM2.5,Microbalance
60211,WINDSOR WEST,PM2.5,2020-01-31T00:00,11.930,µg/m³,PM2.5,Microbalance
60211,WINDSOR WEST,PM2.5,2020-02-06T00:00,4.055,µg/m³,PM2.5,Microbalance
60211,WINDSOR WEST,PM2.5,2020-02-06T00:00,5.616,µg/m³,PM2.5,Microbalance
60211,WINDSOR WEST,PM2.5,2020-02-09T00:00,10.880,µg/m³,PM2.5,Microbalance
60211,WINDSOR WEST,PM2.5,2020-02-09T00:00,12.974,µg/m³,PM2.5,Microbalance
60211,WINDSOR WEST,PM2.5,2020-02-12T00:00,10.139,µg/m³,PM2.5,Microbalance
60211,WINDSOR WEST,PM2.5,2020-02-12T00:00,14.362,µg/m³,PM2.5,Microbalance
60211,WINDSOR WEST,PM2.5,2020-02-15T00:00,8.657,µg/m³,PM2.5,Microbalance
60211,WINDSOR WEST,PM2.5,2020-02-15T00:00,11.244,µg/m³,PM2.5,Microbalance
60211,WINDSOR WEST,PM2.5,2020-02-18T00:00,6.806,µg/m³,PM2.5,Microbalance
60211,WINDSOR WEST,PM2.5,2020-02-18T00:00,6.939,µg/m³,PM2.5,Microbalance
60211,WINDSOR WEST,PM2.5,2020-02-21T00:00,7.176,µg/m³,PM2.5,Microbalance
60211,WINDSOR WEST,PM2.5,2020-02-21T00:00,10.826,µg/m³,PM2.5,Microbalance
60211,WINDSOR WEST,PM2.5,2020-02-27T00:00,2.593,µg/m³,PM2.5,Microbalance
60211,WINDSOR WEST,PM2.5,2020-02-27T00:00,3.122,µg/m³,PM2.5,Microbalance
60211,WINDSOR WEST,PM2.5,2020-03-01T00:00,5.463,µg/m³,PM2.5,Microbalance
60211,WINDSOR WEST,PM2.5,2020-03-01T00:00,6.879,µg/m³,PM2.5,Microbalance
60211,WINDSOR WEST,PM2.5,2020-03-04T00:00,6.250,µg/m³,PM2.5,Microbalance
60211,WINDSOR WEST,PM2.5,2020-03-04T00:00,8.750,µg/m³,PM2.5,Microbalance
60211,WINDSOR WEST,PM2.5,2020-03-07T00:00,2.290,µg/m³,PM2.5,Microbalance
60211,WINDSOR WEST,PM2.5,2020-03-07T00:00,14.352,µg/m³,PM2.5,Microbalance
60211,WINDSOR WEST,PM2.5,2020-03-13T00:00,4.445,µg/m³,PM2.5,Microbalance
60211,WINDSOR WEST,PM2.5,2020-03-13T00:00,4.769,µg/m³,PM2.5,Microbalance
60211,WINDSOR WEST,PM2.5,2020-03-16T00:00,4.676,µg/m³,PM2.5,Microbalance
60211,WINDSOR WEST,PM2.5,2020-03-16T00:00,4.720,µg/m³,PM2.5,Microbalance
60211,WINDSOR WEST,PM2.5,2020-03-19T00:00,11.255,µg/m³,PM2.5,Microbalance
60211,WINDSOR WEST,PM2.5,2020-03-22T00:00,3.192,µg/m³,PM2.5,Microbalance
60211,WINDSOR WEST,PM2.5,2020-03-25T00:00,7.498,µg/m³,PM2.5,Microbalance
60211,WINDSOR WEST,PM2.5,2020-03-25T00:00,10.509,µg/m³,PM2.5,Microbalance
60211,WINDSOR WEST,PM2.5,2020-03-28T00:00,12.575,µg/m³,PM2.5,Microbalance
