﻿NAPS_Site_ID,Station_Name,Pollutant,Date,Value,Units,Report_Type,Method
50115,MONTRÉAL-MAISONNEUVE,"1,4-Diethylbenzene",1998-01-05T00:00,0.500,µg/m³,VOC,GC-MS
50115,MONTRÉAL-MAISONNEUVE,"1,4-Diethylbenzene",1998-01-17T00:00,0.300,µg/m³,VOC,GC-MS
50115,MONTRÉAL-MAISONNEUVE,"1,4-Diethylbenzene",1998-01-23T00:00,0.500,µg/m³,VOC,GC-MS
50115,MONTRÉAL-MAISONNEUVE,"1,4-Diethylbenzene",1998-01-29T00:00,0.880,µg/m³,VOC,GC-MS
50115,MONTRÉAL-MAISONNEUVE,"1,4-Diethylbenzene",1998-02-04T00:00,0.840,µg/m³,VOC,GC-MS
50115,MONTRÉAL-MAISONNEUVE,"1,4-Diethylbenzene",1998-02-16T00:00,0.820,µg/m³,VOC,GC-MS
50115,MONTRÉAL-MAISONNEUVE,"1,4-Diethylbenzene",1998-02-22T00:00,0.320,µg/m³,VOC,GC-MS
50115,MONTRÉAL-MAISONNEUVE,"1,4-Diethylbenzene",1998-02-28T00:00,0.460,µg/m³,VOC,GC-MS
50115,MONTRÉAL-MAISONNEUVE,"1,4-Diethylbenzene",1998-03-06T00:00,0.520,µg/m³,VOC,GC-MS
50115,MONTRÉAL-MAISONNEUVE,"1,4-Diethylbenzene",1998-03-12T00:00,0.300,µg/m³,VOC,GC-MS
50115,MONTRÉAL-MAISONNEUVE,"1,4-Diethylbenzene",1998-03-18T00:00,1.060,µg/m³,VOC,GC-MS
50115,MONTRÉAL-MAISONNEUVE,"1,4-Diethylbenzene",1998-03-24T00:00,0.460,µg/m³,VOC,GC-MS
50115,MONTRÉAL-MAISONNEUVE,"1,4-Diethylbenzene",1998-03-30T00:00,0.680,µg/m³,VOC,GC-MS
50115,MONTRÉAL-MAISONNEUVE,"1,4-Diethylbenzene",1998-04-05T00:00,0.660,µg/m³,VOC,GC-MS
50115,MONTRÉAL-MAISONNEUVE,"1,4-Diethylbenzene",1998-04-11T00:00,1.100,µg/m³,VOC,GC-MS
50115,MONTRÉAL-MAISONNEUVE,"1,4-Diethylbenzene",1998-04-17T00:00,0.230,µg/m³,VOC,GC-MS
50115,MONTRÉAL-MAISONNEUVE,"1,4-Diethylbenzene",1998-04-23T00:00,1.100,µg/m³,VOC,GC-MS
50115,MONTRÉAL-MAISONNEUVE,"1,4-Diethylbenzene",1998-04-29T00:00,0.640,µg/m³,VOC,GC-MS
50115,MONTRÉAL-MAISONNEUVE,"1,4-Diethylbenzene",1998-05-05T00:00,0.460,µg/m³,VOC,GC-MS
50115,MONTRÉAL-MAISONNEUVE,"1,4-Diethylbenzene",1998-05-11T00:00,0.460,µg/m³,VOC,GC-MS
50115,MONTRÉAL-MAISONNEUVE,"1,4-Diethylbenzene",1998-05-17T00:00,0.430,µg/m³,VOC,GC-MS
50115,MONTRÉAL-MAISONNEUVE,"1,4-Diethylbenzene",1998-05-23T00:00,0.597,µg/m³,VOC,GC-MS
50115,MONTRÉAL-MAISONNEUVE,"1,4-Diethylbenzene",1998-06-04T00:00,0.558,µg/m³,VOC,GC-MS
50115,MONTRÉAL-MAISONNEUVE,"1,4-Diethylbenzene",1998-07-04T00:00,0.579,µg/m³,VOC,GC-MS
50115,MONTRÉAL-MAISONNEUVE,"1,4-Diethylbenzene",1998-07-10T00:00,0.702,µg/m³,VOC,GC-MS
50115,MONTRÉAL-MAISONNEUVE,"1,4-Diethylbenzene",1998-07-16T00:00,0.467,µg/m³,VOC,GC-MS
50115,MONTRÉAL-MAISONNEUVE,"1,4-Diethylbenzene",1998-07-22T00:00,0.365,µg/m³,VOC,GC-MS
50115,MONTRÉAL-MAISONNEUVE,"1,4-Diethylbenzene",1998-07-28T00:00,0.535,µg/m³,VOC,GC-MS
50115,MONTRÉAL-MAISONNEUVE,"1,4-Diethylbenzene",1998-08-03T00:00,0.612,µg/m³,VOC,GC-MS
50115,MONTRÉAL-MAISONNEUVE,"1,4-Diethylbenzene",1998-08-09T00:00,0.439,µg/m³,VOC,GC-MS
50115,MONTRÉAL-MAISONNEUVE,"1,4-Diethylbenzene",1998-08-16T00:00,0.422,µg/m³,VOC,GC-MS
50115,MONTRÉAL-MAISONNEUVE,"1,4-Diethylbenzene",1998-08-22T00:00,0.813,µg/m³,VOC,GC-MS
50115,MONTRÉAL-MAISONNEUVE,"1,4-Diethylbenzene",1998-08-27T00:00,0.638,µg/m³,VOC,GC-MS
50115,MONTRÉAL-MAISONNEUVE,"1,4-Diethylbenzene",1998-09-02T00:00,0.540,µg/m³,VOC,GC-MS
50115,MONTRÉAL-MAISONNEUVE,"1,4-Diethylbenzene",1998-09-08T00:00,0.562,µg/m³,VOC,GC-MS
50115,MONTRÉAL-MAISONNEUVE,"1,4-Diethylbenzene",1998-09-14T00:00,0.752,µg/m³,VOC,GC-MS
50115,MONTRÉAL-MAISONNEUVE,"1,4-Diethylbenzene",1998-09-20T00:00,0.348,µg/m³,VOC,GC-MS
50115,MONTRÉAL-MAISONNEUVE,"1,4-Diethylbenzene",1998-11-19T00:00,0.436,µg/m³,VOC,GC-MS
50115,MONTRÉAL-MAISONNEUVE,"1,4-Diethylbenzene",1998-11-25T00:00,0.354,µg/m³,VOC,GC-MS
50115,MONTRÉAL-MAISONNEUVE,"1,4-Diethylbenzene",1998-12-01T00:00,0.212,µg/m³,VOC,GC-MS
50115,MONTRÉAL-MAISONNEUVE,"1,4-Diethylbenzene",1998-12-07T00:00,0.354,µg/m³,VOC,GC-MS
50115,MONTRÉAL-MAISONNEUVE,"1,4-Diethylbenzene",1998-12-13T00:00,0.281,µg/m³,VOC,GC-MS
50115,MONTRÉAL-MAISONNEUVE,"1,4-Diethylbenzene",1998-12-19T00:00,0.272,µg/m³,VOC,GC-MS
50115,MONTRÉAL-MAISONNEUVE,"1,4-Diethylbenzene",1998-12-25T00:00,0.084,µg/m³,VOC,GC-MS
50115,MONTRÉAL-MAISONNEUVE,"1,4-Diethylbenzene",1998-12-31T00:00,0.134,µg/m³,VOC,GC-MS
