﻿NAPS_Site_ID,Station_Name,Pollutant,Date,Value,Units,Report_Type,Method
61004,CENTENNIAL PARK _SARNIA_,3-Methylhexane,1989-01-10T00:00,0.000,µg/m³,VOC,GC-MS
61004,CENTENNIAL PARK _SARNIA_,3-Methylhexane,1989-01-16T00:00,0.000,µg/m³,VOC,GC-MS
61004,CENTENNIAL PARK _SARNIA_,3-Methylhexane,1989-01-22T00:00,0.000,µg/m³,VOC,GC-MS
61004,CENTENNIAL PARK _SARNIA_,3-Methylhexane,1989-01-28T00:00,0.000,µg/m³,VOC,GC-MS
61004,CENTENNIAL PARK _SARNIA_,3-Methylhexane,1989-02-03T00:00,0.192,µg/m³,VOC,GC-MS
61004,CENTENNIAL PARK _SARNIA_,3-Methylhexane,1989-02-09T00:00,0.577,µg/m³,VOC,GC-MS
61004,CENTENNIAL PARK _SARNIA_,3-Methylhexane,1989-02-15T00:00,0.546,µg/m³,VOC,GC-MS
61004,CENTENNIAL PARK _SARNIA_,3-Methylhexane,1989-02-27T00:00,0.577,µg/m³,VOC,GC-MS
61004,CENTENNIAL PARK _SARNIA_,3-Methylhexane,1989-03-05T00:00,0.087,µg/m³,VOC,GC-MS
61004,CENTENNIAL PARK _SARNIA_,3-Methylhexane,1989-03-11T00:00,1.276,µg/m³,VOC,GC-MS
61004,CENTENNIAL PARK _SARNIA_,3-Methylhexane,1989-03-17T00:00,0.065,µg/m³,VOC,GC-MS
61004,CENTENNIAL PARK _SARNIA_,3-Methylhexane,1989-03-23T00:00,0.211,µg/m³,VOC,GC-MS
61004,CENTENNIAL PARK _SARNIA_,3-Methylhexane,1989-03-29T00:00,0.992,µg/m³,VOC,GC-MS
61004,CENTENNIAL PARK _SARNIA_,3-Methylhexane,1989-04-04T00:00,1.003,µg/m³,VOC,GC-MS
61004,CENTENNIAL PARK _SARNIA_,3-Methylhexane,1989-04-10T00:00,0.398,µg/m³,VOC,GC-MS
61004,CENTENNIAL PARK _SARNIA_,3-Methylhexane,1989-04-16T00:00,0.944,µg/m³,VOC,GC-MS
61004,CENTENNIAL PARK _SARNIA_,3-Methylhexane,1989-04-22T00:00,0.470,µg/m³,VOC,GC-MS
61004,CENTENNIAL PARK _SARNIA_,3-Methylhexane,1989-04-28T00:00,0.780,µg/m³,VOC,GC-MS
61004,CENTENNIAL PARK _SARNIA_,3-Methylhexane,1989-05-04T00:00,0.623,µg/m³,VOC,GC-MS
61004,CENTENNIAL PARK _SARNIA_,3-Methylhexane,1989-05-16T00:00,0.103,µg/m³,VOC,GC-MS
61004,CENTENNIAL PARK _SARNIA_,3-Methylhexane,1989-05-22T00:00,1.122,µg/m³,VOC,GC-MS
61004,CENTENNIAL PARK _SARNIA_,3-Methylhexane,1989-05-28T00:00,0.141,µg/m³,VOC,GC-MS
61004,CENTENNIAL PARK _SARNIA_,3-Methylhexane,1989-06-15T00:00,0.069,µg/m³,VOC,GC-MS
61004,CENTENNIAL PARK _SARNIA_,3-Methylhexane,1989-06-21T00:00,0.063,µg/m³,VOC,GC-MS
61004,CENTENNIAL PARK _SARNIA_,3-Methylhexane,1989-06-27T00:00,0.107,µg/m³,VOC,GC-MS
61004,CENTENNIAL PARK _SARNIA_,3-Methylhexane,1989-07-21T00:00,0.824,µg/m³,VOC,GC-MS
61004,CENTENNIAL PARK _SARNIA_,3-Methylhexane,1989-07-27T00:00,1.531,µg/m³,VOC,GC-MS
61004,CENTENNIAL PARK _SARNIA_,3-Methylhexane,1989-08-08T00:00,1.811,µg/m³,VOC,GC-MS
61004,CENTENNIAL PARK _SARNIA_,3-Methylhexane,1989-08-14T00:00,2.364,µg/m³,VOC,GC-MS
61004,CENTENNIAL PARK _SARNIA_,3-Methylhexane,1989-08-20T00:00,5.169,µg/m³,VOC,GC-MS
61004,CENTENNIAL PARK _SARNIA_,3-Methylhexane,1989-08-26T00:00,2.062,µg/m³,VOC,GC-MS
61004,CENTENNIAL PARK _SARNIA_,3-Methylhexane,1989-09-01T00:00,0.791,µg/m³,VOC,GC-MS
61004,CENTENNIAL PARK _SARNIA_,3-Methylhexane,1989-09-07T00:00,2.948,µg/m³,VOC,GC-MS
61004,CENTENNIAL PARK _SARNIA_,3-Methylhexane,1989-09-13T00:00,0.000,µg/m³,VOC,GC-MS
61004,CENTENNIAL PARK _SARNIA_,3-Methylhexane,1989-09-19T00:00,2.564,µg/m³,VOC,GC-MS
61004,CENTENNIAL PARK _SARNIA_,3-Methylhexane,1989-09-25T00:00,0.000,µg/m³,VOC,GC-MS
61004,CENTENNIAL PARK _SARNIA_,3-Methylhexane,1989-10-01T00:00,0.661,µg/m³,VOC,GC-MS
61004,CENTENNIAL PARK _SARNIA_,3-Methylhexane,1989-10-07T00:00,0.277,µg/m³,VOC,GC-MS
61004,CENTENNIAL PARK _SARNIA_,3-Methylhexane,1989-10-25T00:00,3.434,µg/m³,VOC,GC-MS
61004,CENTENNIAL PARK _SARNIA_,3-Methylhexane,1989-10-31T00:00,0.865,µg/m³,VOC,GC-MS
61004,CENTENNIAL PARK _SARNIA_,3-Methylhexane,1989-11-06T00:00,0.244,µg/m³,VOC,GC-MS
61004,CENTENNIAL PARK _SARNIA_,3-Methylhexane,1989-11-12T00:00,1.552,µg/m³,VOC,GC-MS
61004,CENTENNIAL PARK _SARNIA_,3-Methylhexane,1989-11-18T00:00,0.258,µg/m³,VOC,GC-MS
61004,CENTENNIAL PARK _SARNIA_,3-Methylhexane,1989-11-24T00:00,0.722,µg/m³,VOC,GC-MS
61004,CENTENNIAL PARK _SARNIA_,3-Methylhexane,1989-11-30T00:00,0.297,µg/m³,VOC,GC-MS
61004,CENTENNIAL PARK _SARNIA_,3-Methylhexane,1989-12-06T00:00,0.610,µg/m³,VOC,GC-MS
61004,CENTENNIAL PARK _SARNIA_,3-Methylhexane,1989-12-12T00:00,0.000,µg/m³,VOC,GC-MS
61004,CENTENNIAL PARK _SARNIA_,3-Methylhexane,1989-12-18T00:00,0.000,µg/m³,VOC,GC-MS
61004,CENTENNIAL PARK _SARNIA_,3-Methylhexane,1989-12-30T00:00,0.724,µg/m³,VOC,GC-MS
