﻿NAPS_Site_ID,Station_Name,Pollutant,Date,Value,Units,Report_Type,Method
100119,BURNABY SOUTH,Propionaldehyde,2023-01-06T00:00,0.132,µg/m³,CARBONYLS,HPLC
100119,BURNABY SOUTH,Propionaldehyde,2023-01-12T00:00,0.103,µg/m³,CARBONYLS,HPLC
100119,BURNABY SOUTH,Propionaldehyde,2023-01-18T00:00,0.130,µg/m³,CARBONYLS,HPLC
100119,BURNABY SOUTH,Propionaldehyde,2023-01-24T00:00,0.147,µg/m³,CARBONYLS,HPLC
100119,BURNABY SOUTH,Propionaldehyde,2023-02-05T00:00,0.127,µg/m³,CARBONYLS,HPLC
100119,BURNABY SOUTH,Propionaldehyde,2023-02-11T00:00,0.169,µg/m³,CARBONYLS,HPLC
100119,BURNABY SOUTH,Propionaldehyde,2023-02-17T00:00,0.155,µg/m³,CARBONYLS,HPLC
100119,BURNABY SOUTH,Propionaldehyde,2023-02-23T00:00,0.122,µg/m³,CARBONYLS,HPLC
100119,BURNABY SOUTH,Propionaldehyde,2023-03-01T00:00,0.158,µg/m³,CARBONYLS,HPLC
100119,BURNABY SOUTH,Propionaldehyde,2023-03-07T00:00,0.159,µg/m³,CARBONYLS,HPLC
100119,BURNABY SOUTH,Propionaldehyde,2023-03-13T00:00,0.110,µg/m³,CARBONYLS,HPLC
100119,BURNABY SOUTH,Propionaldehyde,2023-03-19T00:00,0.339,µg/m³,CARBONYLS,HPLC
100119,BURNABY SOUTH,Propionaldehyde,2023-03-25T00:00,0.151,µg/m³,CARBONYLS,HPLC
100119,BURNABY SOUTH,Propionaldehyde,2023-03-31T00:00,0.126,µg/m³,CARBONYLS,HPLC
100119,BURNABY SOUTH,Propionaldehyde,2023-04-06T00:00,0.119,µg/m³,CARBONYLS,HPLC
100119,BURNABY SOUTH,Propionaldehyde,2023-04-12T00:00,0.191,µg/m³,CARBONYLS,HPLC
100119,BURNABY SOUTH,Propionaldehyde,2023-04-18T00:00,0.083,µg/m³,CARBONYLS,HPLC
100119,BURNABY SOUTH,Propionaldehyde,2023-04-24T00:00,0.141,µg/m³,CARBONYLS,HPLC
100119,BURNABY SOUTH,Propionaldehyde,2023-04-30T00:00,0.231,µg/m³,CARBONYLS,HPLC
100119,BURNABY SOUTH,Propionaldehyde,2023-05-06T00:00,0.158,µg/m³,CARBONYLS,HPLC
100119,BURNABY SOUTH,Propionaldehyde,2023-05-12T00:00,0.409,µg/m³,CARBONYLS,HPLC
100119,BURNABY SOUTH,Propionaldehyde,2023-05-18T00:00,0.469,µg/m³,CARBONYLS,HPLC
100119,BURNABY SOUTH,Propionaldehyde,2023-05-24T00:00,0.362,µg/m³,CARBONYLS,HPLC
100119,BURNABY SOUTH,Propionaldehyde,2023-05-30T00:00,0.239,µg/m³,CARBONYLS,HPLC
100119,BURNABY SOUTH,Propionaldehyde,2023-06-05T00:00,0.193,µg/m³,CARBONYLS,HPLC
100119,BURNABY SOUTH,Propionaldehyde,2023-06-11T00:00,0.290,µg/m³,CARBONYLS,HPLC
100119,BURNABY SOUTH,Propionaldehyde,2023-06-17T00:00,0.183,µg/m³,CARBONYLS,HPLC
100119,BURNABY SOUTH,Propionaldehyde,2023-06-23T00:00,0.403,µg/m³,CARBONYLS,HPLC
100119,BURNABY SOUTH,Propionaldehyde,2023-06-29T00:00,0.250,µg/m³,CARBONYLS,HPLC
100119,BURNABY SOUTH,Propionaldehyde,2023-07-05T00:00,0.621,µg/m³,CARBONYLS,HPLC
100119,BURNABY SOUTH,Propionaldehyde,2023-07-11T00:00,0.257,µg/m³,CARBONYLS,HPLC
100119,BURNABY SOUTH,Propionaldehyde,2023-07-17T00:00,0.202,µg/m³,CARBONYLS,HPLC
100119,BURNABY SOUTH,Propionaldehyde,2023-07-23T00:00,0.356,µg/m³,CARBONYLS,HPLC
100119,BURNABY SOUTH,Propionaldehyde,2023-07-29T00:00,0.269,µg/m³,CARBONYLS,HPLC
100119,BURNABY SOUTH,Propionaldehyde,2023-08-04T00:00,0.457,µg/m³,CARBONYLS,HPLC
100119,BURNABY SOUTH,Propionaldehyde,2023-08-10T00:00,0.251,µg/m³,CARBONYLS,HPLC
100119,BURNABY SOUTH,Propionaldehyde,2023-08-16T00:00,0.536,µg/m³,CARBONYLS,HPLC
100119,BURNABY SOUTH,Propionaldehyde,2023-08-22T00:00,0.254,µg/m³,CARBONYLS,HPLC
100119,BURNABY SOUTH,Propionaldehyde,2023-08-28T00:00,0.313,µg/m³,CARBONYLS,HPLC
100119,BURNABY SOUTH,Propionaldehyde,2023-09-03T00:00,0.263,µg/m³,CARBONYLS,HPLC
100119,BURNABY SOUTH,Propionaldehyde,2023-09-09T00:00,0.533,µg/m³,CARBONYLS,HPLC
100119,BURNABY SOUTH,Propionaldehyde,2023-09-15T00:00,0.622,µg/m³,CARBONYLS,HPLC
100119,BURNABY SOUTH,Propionaldehyde,2023-09-21T00:00,0.401,µg/m³,CARBONYLS,HPLC
100119,BURNABY SOUTH,Propionaldehyde,2023-09-27T00:00,0.161,µg/m³,CARBONYLS,HPLC
100119,BURNABY SOUTH,Propionaldehyde,2023-10-03T00:00,0.189,µg/m³,CARBONYLS,HPLC
100119,BURNABY SOUTH,Propionaldehyde,2023-10-09T00:00,0.178,µg/m³,CARBONYLS,HPLC
100119,BURNABY SOUTH,Propionaldehyde,2023-10-15T00:00,0.174,µg/m³,CARBONYLS,HPLC
100119,BURNABY SOUTH,Propionaldehyde,2023-10-21T00:00,0.137,µg/m³,CARBONYLS,HPLC
100119,BURNABY SOUTH,Propionaldehyde,2023-10-27T00:00,0.254,µg/m³,CARBONYLS,HPLC
100119,BURNABY SOUTH,Propionaldehyde,2023-11-02T00:00,0.168,µg/m³,CARBONYLS,HPLC
100119,BURNABY SOUTH,Propionaldehyde,2023-11-08T00:00,0.168,µg/m³,CARBONYLS,HPLC
100119,BURNABY SOUTH,Propionaldehyde,2023-11-14T00:00,0.101,µg/m³,CARBONYLS,HPLC
100119,BURNABY SOUTH,Propionaldehyde,2023-11-20T00:00,0.107,µg/m³,CARBONYLS,HPLC
100119,BURNABY SOUTH,Propionaldehyde,2023-12-14T00:00,0.077,µg/m³,CARBONYLS,HPLC
100119,BURNABY SOUTH,Propionaldehyde,2023-12-20T00:00,0.085,µg/m³,CARBONYLS,HPLC
100119,BURNABY SOUTH,Propionaldehyde,2023-12-26T00:00,0.081,µg/m³,CARBONYLS,HPLC
