﻿NAPS_Site_ID,Station_Name,Pollutant,Date,Value,Units,Report_Type,Method
60422,33 EDGAR AVE.,"1,2-Diethylbenzene",1991-01-06T00:00,0.078,µg/m³,VOC,GC-MS
60422,33 EDGAR AVE.,"1,2-Diethylbenzene",1991-01-11T00:00,0.000,µg/m³,VOC,GC-MS
60422,33 EDGAR AVE.,"1,2-Diethylbenzene",1991-01-18T00:00,0.000,µg/m³,VOC,GC-MS
60422,33 EDGAR AVE.,"1,2-Diethylbenzene",1991-01-30T00:00,0.084,µg/m³,VOC,GC-MS
60422,33 EDGAR AVE.,"1,2-Diethylbenzene",1991-02-05T00:00,0.000,µg/m³,VOC,GC-MS
60422,33 EDGAR AVE.,"1,2-Diethylbenzene",1991-02-11T00:00,0.000,µg/m³,VOC,GC-MS
60422,33 EDGAR AVE.,"1,2-Diethylbenzene",1991-02-17T00:00,0.096,µg/m³,VOC,GC-MS
60422,33 EDGAR AVE.,"1,2-Diethylbenzene",1991-02-23T00:00,0.000,µg/m³,VOC,GC-MS
60422,33 EDGAR AVE.,"1,2-Diethylbenzene",1991-03-07T00:00,0.000,µg/m³,VOC,GC-MS
60422,33 EDGAR AVE.,"1,2-Diethylbenzene",1991-03-19T00:00,0.054,µg/m³,VOC,GC-MS
60422,33 EDGAR AVE.,"1,2-Diethylbenzene",1991-03-25T00:00,0.000,µg/m³,VOC,GC-MS
60422,33 EDGAR AVE.,"1,2-Diethylbenzene",1991-03-31T00:00,0.093,µg/m³,VOC,GC-MS
60422,33 EDGAR AVE.,"1,2-Diethylbenzene",1991-04-06T00:00,0.000,µg/m³,VOC,GC-MS
60422,33 EDGAR AVE.,"1,2-Diethylbenzene",1991-04-12T00:00,0.079,µg/m³,VOC,GC-MS
60422,33 EDGAR AVE.,"1,2-Diethylbenzene",1991-04-18T00:00,0.000,µg/m³,VOC,GC-MS
60422,33 EDGAR AVE.,"1,2-Diethylbenzene",1991-04-24T00:00,0.000,µg/m³,VOC,GC-MS
60422,33 EDGAR AVE.,"1,2-Diethylbenzene",1991-04-30T00:00,0.147,µg/m³,VOC,GC-MS
60422,33 EDGAR AVE.,"1,2-Diethylbenzene",1991-05-06T00:00,0.099,µg/m³,VOC,GC-MS
60422,33 EDGAR AVE.,"1,2-Diethylbenzene",1991-05-12T00:00,0.056,µg/m³,VOC,GC-MS
60422,33 EDGAR AVE.,"1,2-Diethylbenzene",1991-05-24T00:00,0.084,µg/m³,VOC,GC-MS
60422,33 EDGAR AVE.,"1,2-Diethylbenzene",1991-05-30T00:00,0.000,µg/m³,VOC,GC-MS
60422,33 EDGAR AVE.,"1,2-Diethylbenzene",1991-06-05T00:00,0.000,µg/m³,VOC,GC-MS
60422,33 EDGAR AVE.,"1,2-Diethylbenzene",1991-06-11T00:00,0.129,µg/m³,VOC,GC-MS
60422,33 EDGAR AVE.,"1,2-Diethylbenzene",1991-06-17T00:00,0.087,µg/m³,VOC,GC-MS
60422,33 EDGAR AVE.,"1,2-Diethylbenzene",1991-09-21T00:00,0.074,µg/m³,VOC,GC-MS
