﻿NAPS_Site_ID,Station_Name,Pollutant,Date,Value,Units,Report_Type,Method
54501,L'ASSOMPTION,Freon 11,1999-01-12T00:00,1.671,µg/m³,VOC,N/A
54501,L'ASSOMPTION,Freon 11,1999-01-15T00:00,1.682,µg/m³,VOC,N/A
54501,L'ASSOMPTION,Freon 11,1999-01-18T00:00,1.562,µg/m³,VOC,N/A
54501,L'ASSOMPTION,Freon 11,1999-01-21T00:00,1.479,µg/m³,VOC,N/A
54501,L'ASSOMPTION,Freon 11,1999-01-24T00:00,1.795,µg/m³,VOC,N/A
54501,L'ASSOMPTION,Freon 11,1999-01-27T00:00,1.796,µg/m³,VOC,N/A
54501,L'ASSOMPTION,Freon 11,1999-01-30T00:00,1.577,µg/m³,VOC,N/A
54501,L'ASSOMPTION,Freon 11,1999-02-02T00:00,1.598,µg/m³,VOC,N/A
54501,L'ASSOMPTION,Freon 11,1999-02-05T00:00,1.652,µg/m³,VOC,N/A
54501,L'ASSOMPTION,Freon 11,1999-02-08T00:00,1.724,µg/m³,VOC,N/A
54501,L'ASSOMPTION,Freon 11,1999-02-11T00:00,1.453,µg/m³,VOC,N/A
54501,L'ASSOMPTION,Freon 11,1999-02-14T00:00,1.467,µg/m³,VOC,N/A
54501,L'ASSOMPTION,Freon 11,1999-02-17T00:00,1.741,µg/m³,VOC,N/A
54501,L'ASSOMPTION,Freon 11,1999-02-20T00:00,1.672,µg/m³,VOC,N/A
54501,L'ASSOMPTION,Freon 11,1999-02-23T00:00,1.508,µg/m³,VOC,N/A
54501,L'ASSOMPTION,Freon 11,1999-02-26T00:00,1.541,µg/m³,VOC,N/A
54501,L'ASSOMPTION,Freon 11,1999-03-01T00:00,1.528,µg/m³,VOC,N/A
54501,L'ASSOMPTION,Freon 11,1999-03-04T00:00,1.526,µg/m³,VOC,N/A
54501,L'ASSOMPTION,Freon 11,1999-03-07T00:00,1.556,µg/m³,VOC,N/A
54501,L'ASSOMPTION,Freon 11,1999-03-10T00:00,1.736,µg/m³,VOC,N/A
54501,L'ASSOMPTION,Freon 11,1999-03-13T00:00,1.725,µg/m³,VOC,N/A
54501,L'ASSOMPTION,Freon 11,1999-03-16T00:00,1.757,µg/m³,VOC,N/A
54501,L'ASSOMPTION,Freon 11,1999-03-19T00:00,1.767,µg/m³,VOC,N/A
54501,L'ASSOMPTION,Freon 11,1999-03-22T00:00,1.470,µg/m³,VOC,N/A
54501,L'ASSOMPTION,Freon 11,1999-03-25T00:00,1.456,µg/m³,VOC,N/A
54501,L'ASSOMPTION,Freon 11,1999-03-28T00:00,1.791,µg/m³,VOC,N/A
54501,L'ASSOMPTION,Freon 11,1999-03-31T00:00,1.819,µg/m³,VOC,N/A
54501,L'ASSOMPTION,Freon 11,1999-04-03T00:00,1.833,µg/m³,VOC,N/A
54501,L'ASSOMPTION,Freon 11,1999-04-06T00:00,1.494,µg/m³,VOC,N/A
54501,L'ASSOMPTION,Freon 11,1999-04-09T00:00,1.537,µg/m³,VOC,N/A
54501,L'ASSOMPTION,Freon 11,1999-04-12T00:00,1.915,µg/m³,VOC,N/A
54501,L'ASSOMPTION,Freon 11,1999-04-15T00:00,1.577,µg/m³,VOC,N/A
54501,L'ASSOMPTION,Freon 11,1999-04-18T00:00,1.599,µg/m³,VOC,N/A
54501,L'ASSOMPTION,Freon 11,1999-04-21T00:00,1.597,µg/m³,VOC,N/A
54501,L'ASSOMPTION,Freon 11,1999-04-24T00:00,1.623,µg/m³,VOC,N/A
54501,L'ASSOMPTION,Freon 11,1999-04-27T00:00,1.560,µg/m³,VOC,N/A
54501,L'ASSOMPTION,Freon 11,1999-04-30T00:00,1.643,µg/m³,VOC,N/A
54501,L'ASSOMPTION,Freon 11,1999-05-03T00:00,1.729,µg/m³,VOC,N/A
54501,L'ASSOMPTION,Freon 11,1999-05-06T00:00,1.571,µg/m³,VOC,N/A
54501,L'ASSOMPTION,Freon 11,1999-05-09T00:00,1.582,µg/m³,VOC,N/A
54501,L'ASSOMPTION,Freon 11,1999-05-12T00:00,1.576,µg/m³,VOC,N/A
54501,L'ASSOMPTION,Freon 11,1999-05-15T00:00,2.025,µg/m³,VOC,N/A
54501,L'ASSOMPTION,Freon 11,1999-05-18T00:00,1.830,µg/m³,VOC,N/A
54501,L'ASSOMPTION,Freon 11,1999-05-21T00:00,1.493,µg/m³,VOC,N/A
54501,L'ASSOMPTION,Freon 11,1999-05-24T00:00,1.644,µg/m³,VOC,N/A
54501,L'ASSOMPTION,Freon 11,1999-05-27T00:00,1.396,µg/m³,VOC,N/A
54501,L'ASSOMPTION,Freon 11,1999-05-30T00:00,1.022,µg/m³,VOC,N/A
54501,L'ASSOMPTION,Freon 11,1999-06-02T00:00,1.620,µg/m³,VOC,N/A
54501,L'ASSOMPTION,Freon 11,1999-06-05T00:00,1.346,µg/m³,VOC,N/A
54501,L'ASSOMPTION,Freon 11,1999-06-08T00:00,1.343,µg/m³,VOC,N/A
54501,L'ASSOMPTION,Freon 11,1999-06-11T00:00,1.174,µg/m³,VOC,N/A
54501,L'ASSOMPTION,Freon 11,1999-06-14T00:00,1.373,µg/m³,VOC,N/A
54501,L'ASSOMPTION,Freon 11,1999-06-17T00:00,1.557,µg/m³,VOC,N/A
54501,L'ASSOMPTION,Freon 11,1999-06-20T00:00,1.297,µg/m³,VOC,N/A
54501,L'ASSOMPTION,Freon 11,1999-06-23T00:00,1.281,µg/m³,VOC,N/A
54501,L'ASSOMPTION,Freon 11,1999-06-26T00:00,1.443,µg/m³,VOC,N/A
54501,L'ASSOMPTION,Freon 11,1999-06-29T00:00,1.625,µg/m³,VOC,N/A
54501,L'ASSOMPTION,Freon 11,1999-07-02T00:00,1.537,µg/m³,VOC,N/A
54501,L'ASSOMPTION,Freon 11,1999-07-05T00:00,1.029,µg/m³,VOC,N/A
54501,L'ASSOMPTION,Freon 11,1999-07-08T00:00,0.994,µg/m³,VOC,N/A
54501,L'ASSOMPTION,Freon 11,1999-07-11T00:00,1.572,µg/m³,VOC,N/A
54501,L'ASSOMPTION,Freon 11,1999-07-14T00:00,1.403,µg/m³,VOC,N/A
54501,L'ASSOMPTION,Freon 11,1999-07-17T00:00,1.100,µg/m³,VOC,N/A
54501,L'ASSOMPTION,Freon 11,1999-07-20T00:00,1.539,µg/m³,VOC,N/A
54501,L'ASSOMPTION,Freon 11,1999-07-23T00:00,1.330,µg/m³,VOC,N/A
54501,L'ASSOMPTION,Freon 11,1999-07-26T00:00,1.300,µg/m³,VOC,N/A
54501,L'ASSOMPTION,Freon 11,1999-07-29T00:00,1.333,µg/m³,VOC,N/A
54501,L'ASSOMPTION,Freon 11,1999-08-01T00:00,1.614,µg/m³,VOC,N/A
54501,L'ASSOMPTION,Freon 11,1999-08-04T00:00,1.548,µg/m³,VOC,N/A
54501,L'ASSOMPTION,Freon 11,1999-08-07T00:00,1.394,µg/m³,VOC,N/A
54501,L'ASSOMPTION,Freon 11,1999-09-03T00:00,2.078,µg/m³,VOC,N/A
54501,L'ASSOMPTION,Freon 11,1999-09-06T00:00,2.210,µg/m³,VOC,N/A
54501,L'ASSOMPTION,Freon 11,1999-09-09T00:00,2.026,µg/m³,VOC,N/A
54501,L'ASSOMPTION,Freon 11,1999-09-12T00:00,2.132,µg/m³,VOC,N/A
54501,L'ASSOMPTION,Freon 11,1999-09-21T00:00,1.715,µg/m³,VOC,N/A
54501,L'ASSOMPTION,Freon 11,1999-09-24T00:00,1.699,µg/m³,VOC,N/A
54501,L'ASSOMPTION,Freon 11,1999-09-27T00:00,1.731,µg/m³,VOC,N/A
54501,L'ASSOMPTION,Freon 11,1999-09-30T00:00,1.686,µg/m³,VOC,N/A
54501,L'ASSOMPTION,Freon 11,1999-10-03T00:00,1.594,µg/m³,VOC,N/A
54501,L'ASSOMPTION,Freon 11,1999-10-06T00:00,1.583,µg/m³,VOC,N/A
54501,L'ASSOMPTION,Freon 11,1999-10-09T00:00,1.593,µg/m³,VOC,N/A
54501,L'ASSOMPTION,Freon 11,1999-10-12T00:00,1.635,µg/m³,VOC,N/A
54501,L'ASSOMPTION,Freon 11,1999-10-15T00:00,1.679,µg/m³,VOC,N/A
54501,L'ASSOMPTION,Freon 11,1999-10-18T00:00,1.610,µg/m³,VOC,N/A
54501,L'ASSOMPTION,Freon 11,1999-10-21T00:00,1.675,µg/m³,VOC,N/A
54501,L'ASSOMPTION,Freon 11,1999-10-24T00:00,1.571,µg/m³,VOC,N/A
54501,L'ASSOMPTION,Freon 11,1999-10-27T00:00,1.196,µg/m³,VOC,N/A
54501,L'ASSOMPTION,Freon 11,1999-10-30T00:00,1.655,µg/m³,VOC,N/A
54501,L'ASSOMPTION,Freon 11,1999-11-02T00:00,1.633,µg/m³,VOC,N/A
54501,L'ASSOMPTION,Freon 11,1999-11-05T00:00,1.657,µg/m³,VOC,N/A
54501,L'ASSOMPTION,Freon 11,1999-11-08T00:00,1.678,µg/m³,VOC,N/A
54501,L'ASSOMPTION,Freon 11,1999-11-11T00:00,1.645,µg/m³,VOC,N/A
54501,L'ASSOMPTION,Freon 11,1999-11-17T00:00,1.656,µg/m³,VOC,N/A
54501,L'ASSOMPTION,Freon 11,1999-11-20T00:00,1.734,µg/m³,VOC,N/A
54501,L'ASSOMPTION,Freon 11,1999-11-23T00:00,1.689,µg/m³,VOC,N/A
54501,L'ASSOMPTION,Freon 11,1999-11-26T00:00,1.675,µg/m³,VOC,N/A
54501,L'ASSOMPTION,Freon 11,1999-11-29T00:00,1.684,µg/m³,VOC,N/A
54501,L'ASSOMPTION,Freon 11,1999-12-02T00:00,1.718,µg/m³,VOC,N/A
54501,L'ASSOMPTION,Freon 11,1999-12-05T00:00,1.733,µg/m³,VOC,N/A
54501,L'ASSOMPTION,Freon 11,1999-12-08T00:00,1.690,µg/m³,VOC,N/A
54501,L'ASSOMPTION,Freon 11,1999-12-11T00:00,1.758,µg/m³,VOC,N/A
54501,L'ASSOMPTION,Freon 11,1999-12-14T00:00,1.641,µg/m³,VOC,N/A
54501,L'ASSOMPTION,Freon 11,1999-12-17T00:00,1.576,µg/m³,VOC,N/A
54501,L'ASSOMPTION,Freon 11,1999-12-20T00:00,1.597,µg/m³,VOC,N/A
54501,L'ASSOMPTION,Freon 11,1999-12-23T00:00,1.636,µg/m³,VOC,N/A
54501,L'ASSOMPTION,Freon 11,1999-12-26T00:00,1.669,µg/m³,VOC,N/A
54501,L'ASSOMPTION,Freon 11,1999-12-29T00:00,1.649,µg/m³,VOC,N/A
