﻿NAPS_Site_ID,Station_Name,Pollutant,Date,Value,Units,Report_Type,Method
60512,BEASLEY PARK _HAMILTON_DOWNTOWN_,3-Methyloctane,1989-01-28T00:00,0.000,µg/m³,VOC,
60512,BEASLEY PARK _HAMILTON_DOWNTOWN_,3-Methyloctane,1989-02-03T00:00,0.000,µg/m³,VOC,
60512,BEASLEY PARK _HAMILTON_DOWNTOWN_,3-Methyloctane,1989-02-15T00:00,0.000,µg/m³,VOC,
60512,BEASLEY PARK _HAMILTON_DOWNTOWN_,3-Methyloctane,1989-02-21T00:00,0.000,µg/m³,VOC,
60512,BEASLEY PARK _HAMILTON_DOWNTOWN_,3-Methyloctane,1989-02-27T00:00,0.154,µg/m³,VOC,
60512,BEASLEY PARK _HAMILTON_DOWNTOWN_,3-Methyloctane,1989-03-05T00:00,0.000,µg/m³,VOC,
60512,BEASLEY PARK _HAMILTON_DOWNTOWN_,3-Methyloctane,1989-03-11T00:00,0.000,µg/m³,VOC,
60512,BEASLEY PARK _HAMILTON_DOWNTOWN_,3-Methyloctane,1989-03-17T00:00,0.000,µg/m³,VOC,
60512,BEASLEY PARK _HAMILTON_DOWNTOWN_,3-Methyloctane,1989-03-23T00:00,0.000,µg/m³,VOC,
60512,BEASLEY PARK _HAMILTON_DOWNTOWN_,3-Methyloctane,1989-03-29T00:00,0.000,µg/m³,VOC,
60512,BEASLEY PARK _HAMILTON_DOWNTOWN_,3-Methyloctane,1989-04-22T00:00,0.000,µg/m³,VOC,
60512,BEASLEY PARK _HAMILTON_DOWNTOWN_,3-Methyloctane,1989-04-28T00:00,0.000,µg/m³,VOC,
60512,BEASLEY PARK _HAMILTON_DOWNTOWN_,3-Methyloctane,1989-05-10T00:00,0.000,µg/m³,VOC,
60512,BEASLEY PARK _HAMILTON_DOWNTOWN_,3-Methyloctane,1989-05-16T00:00,0.000,µg/m³,VOC,
60512,BEASLEY PARK _HAMILTON_DOWNTOWN_,3-Methyloctane,1989-05-22T00:00,0.000,µg/m³,VOC,
60512,BEASLEY PARK _HAMILTON_DOWNTOWN_,3-Methyloctane,1989-05-28T00:00,0.000,µg/m³,VOC,
60512,BEASLEY PARK _HAMILTON_DOWNTOWN_,3-Methyloctane,1989-06-03T00:00,0.000,µg/m³,VOC,
60512,BEASLEY PARK _HAMILTON_DOWNTOWN_,3-Methyloctane,1989-06-15T00:00,0.000,µg/m³,VOC,
60512,BEASLEY PARK _HAMILTON_DOWNTOWN_,3-Methyloctane,1989-06-21T00:00,0.000,µg/m³,VOC,
60512,BEASLEY PARK _HAMILTON_DOWNTOWN_,3-Methyloctane,1989-06-27T00:00,0.048,µg/m³,VOC,
60512,BEASLEY PARK _HAMILTON_DOWNTOWN_,3-Methyloctane,1989-07-09T00:00,0.000,µg/m³,VOC,
60512,BEASLEY PARK _HAMILTON_DOWNTOWN_,3-Methyloctane,1989-07-27T00:00,0.000,µg/m³,VOC,
60512,BEASLEY PARK _HAMILTON_DOWNTOWN_,3-Methyloctane,1989-09-01T00:00,0.000,µg/m³,VOC,
60512,BEASLEY PARK _HAMILTON_DOWNTOWN_,3-Methyloctane,1989-09-07T00:00,0.000,µg/m³,VOC,
60512,BEASLEY PARK _HAMILTON_DOWNTOWN_,3-Methyloctane,1989-09-13T00:00,0.000,µg/m³,VOC,
60512,BEASLEY PARK _HAMILTON_DOWNTOWN_,3-Methyloctane,1989-09-19T00:00,0.055,µg/m³,VOC,
60512,BEASLEY PARK _HAMILTON_DOWNTOWN_,3-Methyloctane,1989-09-25T00:00,0.064,µg/m³,VOC,
60512,BEASLEY PARK _HAMILTON_DOWNTOWN_,3-Methyloctane,1989-10-07T00:00,0.000,µg/m³,VOC,
60512,BEASLEY PARK _HAMILTON_DOWNTOWN_,3-Methyloctane,1989-10-13T00:00,0.000,µg/m³,VOC,
60512,BEASLEY PARK _HAMILTON_DOWNTOWN_,3-Methyloctane,1989-10-19T00:00,0.000,µg/m³,VOC,
60512,BEASLEY PARK _HAMILTON_DOWNTOWN_,3-Methyloctane,1989-10-25T00:00,0.000,µg/m³,VOC,
60512,BEASLEY PARK _HAMILTON_DOWNTOWN_,3-Methyloctane,1989-10-31T00:00,0.101,µg/m³,VOC,
60512,BEASLEY PARK _HAMILTON_DOWNTOWN_,3-Methyloctane,1989-11-06T00:00,0.000,µg/m³,VOC,
60512,BEASLEY PARK _HAMILTON_DOWNTOWN_,3-Methyloctane,1989-11-12T00:00,0.000,µg/m³,VOC,
60512,BEASLEY PARK _HAMILTON_DOWNTOWN_,3-Methyloctane,1989-11-18T00:00,0.000,µg/m³,VOC,
60512,BEASLEY PARK _HAMILTON_DOWNTOWN_,3-Methyloctane,1989-11-24T00:00,0.233,µg/m³,VOC,
60512,BEASLEY PARK _HAMILTON_DOWNTOWN_,3-Methyloctane,1989-11-30T00:00,0.000,µg/m³,VOC,
60512,BEASLEY PARK _HAMILTON_DOWNTOWN_,3-Methyloctane,1989-12-06T00:00,0.445,µg/m³,VOC,
60512,BEASLEY PARK _HAMILTON_DOWNTOWN_,3-Methyloctane,1989-12-12T00:00,0.000,µg/m³,VOC,
60512,BEASLEY PARK _HAMILTON_DOWNTOWN_,3-Methyloctane,1989-12-18T00:00,0.000,µg/m³,VOC,
60512,BEASLEY PARK _HAMILTON_DOWNTOWN_,3-Methyloctane,1989-12-24T00:00,0.000,µg/m³,VOC,
