﻿NAPS_Site_ID,Station_Name,Pollutant,Date,Value,Units,Report_Type,Method
100111,ROCKY POINT PARK,MEK,1999-01-30T00:00,0.410,µg/m³,VOC,GC-MS
100111,ROCKY POINT PARK,MEK,1999-02-05T00:00,0.309,µg/m³,VOC,GC-MS
100111,ROCKY POINT PARK,MEK,1999-02-11T00:00,1.176,µg/m³,VOC,GC-MS
100111,ROCKY POINT PARK,MEK,1999-02-17T00:00,0.721,µg/m³,VOC,GC-MS
100111,ROCKY POINT PARK,MEK,1999-02-23T00:00,0.925,µg/m³,VOC,GC-MS
100111,ROCKY POINT PARK,MEK,1999-03-01T00:00,0.391,µg/m³,VOC,GC-MS
100111,ROCKY POINT PARK,MEK,1999-03-31T00:00,0.871,µg/m³,VOC,GC-MS
100111,ROCKY POINT PARK,MEK,1999-04-06T00:00,0.894,µg/m³,VOC,GC-MS
100111,ROCKY POINT PARK,MEK,1999-05-30T00:00,1.302,µg/m³,VOC,GC-MS
100111,ROCKY POINT PARK,MEK,1999-06-05T00:00,0.302,µg/m³,VOC,GC-MS
100111,ROCKY POINT PARK,MEK,1999-06-11T00:00,1.549,µg/m³,VOC,GC-MS
100111,ROCKY POINT PARK,MEK,1999-06-17T00:00,1.168,µg/m³,VOC,GC-MS
100111,ROCKY POINT PARK,MEK,1999-06-23T00:00,0.638,µg/m³,VOC,GC-MS
100111,ROCKY POINT PARK,MEK,1999-06-29T00:00,0.466,µg/m³,VOC,GC-MS
100111,ROCKY POINT PARK,MEK,1999-07-05T00:00,1.135,µg/m³,VOC,GC-MS
100111,ROCKY POINT PARK,MEK,1999-07-11T00:00,2.247,µg/m³,VOC,GC-MS
100111,ROCKY POINT PARK,MEK,1999-07-17T00:00,0.726,µg/m³,VOC,GC-MS
100111,ROCKY POINT PARK,MEK,1999-07-23T00:00,1.088,µg/m³,VOC,GC-MS
100111,ROCKY POINT PARK,MEK,1999-07-29T00:00,0.819,µg/m³,VOC,GC-MS
100111,ROCKY POINT PARK,MEK,1999-08-10T00:00,1.415,µg/m³,VOC,GC-MS
100111,ROCKY POINT PARK,MEK,1999-08-16T00:00,0.519,µg/m³,VOC,GC-MS
100111,ROCKY POINT PARK,MEK,1999-08-22T00:00,1.286,µg/m³,VOC,GC-MS
100111,ROCKY POINT PARK,MEK,1999-08-28T00:00,1.174,µg/m³,VOC,GC-MS
100111,ROCKY POINT PARK,MEK,1999-09-03T00:00,2.150,µg/m³,VOC,GC-MS
100111,ROCKY POINT PARK,MEK,1999-09-09T00:00,2.111,µg/m³,VOC,GC-MS
100111,ROCKY POINT PARK,MEK,1999-09-15T00:00,2.431,µg/m³,VOC,GC-MS
100111,ROCKY POINT PARK,MEK,1999-09-21T00:00,2.846,µg/m³,VOC,GC-MS
100111,ROCKY POINT PARK,MEK,1999-09-27T00:00,1.191,µg/m³,VOC,GC-MS
100111,ROCKY POINT PARK,MEK,1999-10-03T00:00,1.615,µg/m³,VOC,GC-MS
100111,ROCKY POINT PARK,MEK,1999-10-09T00:00,0.425,µg/m³,VOC,GC-MS
100111,ROCKY POINT PARK,MEK,1999-10-15T00:00,0.970,µg/m³,VOC,GC-MS
100111,ROCKY POINT PARK,MEK,1999-10-21T00:00,2.785,µg/m³,VOC,GC-MS
100111,ROCKY POINT PARK,MEK,1999-10-27T00:00,0.945,µg/m³,VOC,GC-MS
100111,ROCKY POINT PARK,MEK,1999-11-02T00:00,1.903,µg/m³,VOC,GC-MS
100111,ROCKY POINT PARK,MEK,1999-11-08T00:00,0.829,µg/m³,VOC,GC-MS
100111,ROCKY POINT PARK,MEK,1999-11-14T00:00,0.720,µg/m³,VOC,GC-MS
100111,ROCKY POINT PARK,MEK,1999-11-20T00:00,0.678,µg/m³,VOC,GC-MS
100111,ROCKY POINT PARK,MEK,1999-11-26T00:00,0.871,µg/m³,VOC,GC-MS
100111,ROCKY POINT PARK,MEK,1999-12-02T00:00,0.376,µg/m³,VOC,GC-MS
100111,ROCKY POINT PARK,MEK,1999-12-08T00:00,1.039,µg/m³,VOC,GC-MS
100111,ROCKY POINT PARK,MEK,1999-12-14T00:00,0.741,µg/m³,VOC,GC-MS
100111,ROCKY POINT PARK,MEK,1999-12-20T00:00,0.388,µg/m³,VOC,GC-MS
100111,ROCKY POINT PARK,MEK,1999-12-26T00:00,0.687,µg/m³,VOC,GC-MS
