﻿NAPS_Site_ID,Station_Name,Pollutant,Date,Value,Units,Report_Type,Method
60101,HYDRO BLDG.,"2,4-Dimethylhexane",1990-01-05T00:00,0.729,µg/m³,VOC,N/A
60101,HYDRO BLDG.,"2,4-Dimethylhexane",1990-01-11T00:00,0.809,µg/m³,VOC,N/A
60101,HYDRO BLDG.,"2,4-Dimethylhexane",1990-01-17T00:00,1.189,µg/m³,VOC,N/A
60101,HYDRO BLDG.,"2,4-Dimethylhexane",1990-01-23T00:00,1.476,µg/m³,VOC,N/A
60101,HYDRO BLDG.,"2,4-Dimethylhexane",1990-01-29T00:00,0.681,µg/m³,VOC,N/A
60101,HYDRO BLDG.,"2,4-Dimethylhexane",1990-02-04T00:00,0.307,µg/m³,VOC,N/A
60101,HYDRO BLDG.,"2,4-Dimethylhexane",1990-02-10T00:00,0.403,µg/m³,VOC,N/A
60101,HYDRO BLDG.,"2,4-Dimethylhexane",1990-02-16T00:00,0.367,µg/m³,VOC,N/A
60101,HYDRO BLDG.,"2,4-Dimethylhexane",1990-02-22T00:00,1.176,µg/m³,VOC,N/A
60101,HYDRO BLDG.,"2,4-Dimethylhexane",1990-02-28T00:00,0.571,µg/m³,VOC,N/A
60101,HYDRO BLDG.,"2,4-Dimethylhexane",1990-03-06T00:00,0.362,µg/m³,VOC,N/A
60101,HYDRO BLDG.,"2,4-Dimethylhexane",1990-03-12T00:00,0.455,µg/m³,VOC,N/A
60101,HYDRO BLDG.,"2,4-Dimethylhexane",1990-03-18T00:00,0.267,µg/m³,VOC,N/A
60101,HYDRO BLDG.,"2,4-Dimethylhexane",1990-03-24T00:00,0.320,µg/m³,VOC,N/A
60101,HYDRO BLDG.,"2,4-Dimethylhexane",1990-03-30T00:00,0.568,µg/m³,VOC,N/A
60101,HYDRO BLDG.,"2,4-Dimethylhexane",1990-04-05T00:00,0.589,µg/m³,VOC,N/A
60101,HYDRO BLDG.,"2,4-Dimethylhexane",1990-04-11T00:00,0.366,µg/m³,VOC,N/A
60101,HYDRO BLDG.,"2,4-Dimethylhexane",1990-04-17T00:00,0.538,µg/m³,VOC,N/A
60101,HYDRO BLDG.,"2,4-Dimethylhexane",1990-04-23T00:00,0.394,µg/m³,VOC,N/A
60101,HYDRO BLDG.,"2,4-Dimethylhexane",1990-04-29T00:00,0.213,µg/m³,VOC,N/A
60101,HYDRO BLDG.,"2,4-Dimethylhexane",1990-05-05T00:00,0.237,µg/m³,VOC,N/A
60101,HYDRO BLDG.,"2,4-Dimethylhexane",1990-05-11T00:00,0.753,µg/m³,VOC,N/A
60101,HYDRO BLDG.,"2,4-Dimethylhexane",1990-05-17T00:00,0.538,µg/m³,VOC,N/A
60101,HYDRO BLDG.,"2,4-Dimethylhexane",1990-05-23T00:00,0.458,µg/m³,VOC,N/A
60101,HYDRO BLDG.,"2,4-Dimethylhexane",1990-05-29T00:00,0.345,µg/m³,VOC,N/A
60101,HYDRO BLDG.,"2,4-Dimethylhexane",1990-06-04T00:00,0.158,µg/m³,VOC,N/A
60101,HYDRO BLDG.,"2,4-Dimethylhexane",1990-06-10T00:00,0.000,µg/m³,VOC,N/A
60101,HYDRO BLDG.,"2,4-Dimethylhexane",1990-06-16T00:00,0.175,µg/m³,VOC,N/A
60101,HYDRO BLDG.,"2,4-Dimethylhexane",1990-06-22T00:00,0.387,µg/m³,VOC,N/A
60101,HYDRO BLDG.,"2,4-Dimethylhexane",1990-06-28T00:00,0.184,µg/m³,VOC,N/A
60101,HYDRO BLDG.,"2,4-Dimethylhexane",1990-07-10T00:00,0.207,µg/m³,VOC,N/A
60101,HYDRO BLDG.,"2,4-Dimethylhexane",1990-07-28T00:00,0.181,µg/m³,VOC,N/A
60101,HYDRO BLDG.,"2,4-Dimethylhexane",1990-08-03T00:00,0.221,µg/m³,VOC,N/A
60101,HYDRO BLDG.,"2,4-Dimethylhexane",1990-08-09T00:00,0.365,µg/m³,VOC,N/A
60101,HYDRO BLDG.,"2,4-Dimethylhexane",1990-08-15T00:00,0.360,µg/m³,VOC,N/A
60101,HYDRO BLDG.,"2,4-Dimethylhexane",1990-08-21T00:00,0.204,µg/m³,VOC,N/A
60101,HYDRO BLDG.,"2,4-Dimethylhexane",1990-08-27T00:00,0.278,µg/m³,VOC,N/A
60101,HYDRO BLDG.,"2,4-Dimethylhexane",1990-09-02T00:00,0.074,µg/m³,VOC,N/A
60101,HYDRO BLDG.,"2,4-Dimethylhexane",1990-09-08T00:00,0.132,µg/m³,VOC,N/A
60101,HYDRO BLDG.,"2,4-Dimethylhexane",1990-09-14T00:00,0.331,µg/m³,VOC,N/A
60101,HYDRO BLDG.,"2,4-Dimethylhexane",1990-09-26T00:00,0.342,µg/m³,VOC,N/A
60101,HYDRO BLDG.,"2,4-Dimethylhexane",1990-10-08T00:00,0.076,µg/m³,VOC,N/A
60101,HYDRO BLDG.,"2,4-Dimethylhexane",1990-10-14T00:00,0.063,µg/m³,VOC,N/A
60101,HYDRO BLDG.,"2,4-Dimethylhexane",1990-10-20T00:00,0.152,µg/m³,VOC,N/A
60101,HYDRO BLDG.,"2,4-Dimethylhexane",1990-10-26T00:00,0.118,µg/m³,VOC,N/A
60101,HYDRO BLDG.,"2,4-Dimethylhexane",1990-11-01T00:00,0.297,µg/m³,VOC,N/A
60101,HYDRO BLDG.,"2,4-Dimethylhexane",1990-11-07T00:00,0.163,µg/m³,VOC,N/A
60101,HYDRO BLDG.,"2,4-Dimethylhexane",1990-11-19T00:00,0.000,µg/m³,VOC,N/A
60101,HYDRO BLDG.,"2,4-Dimethylhexane",1990-11-25T00:00,0.000,µg/m³,VOC,N/A
60101,HYDRO BLDG.,"2,4-Dimethylhexane",1990-12-01T00:00,0.000,µg/m³,VOC,N/A
60101,HYDRO BLDG.,"2,4-Dimethylhexane",1990-12-07T00:00,0.000,µg/m³,VOC,N/A
60101,HYDRO BLDG.,"2,4-Dimethylhexane",1990-12-13T00:00,0.000,µg/m³,VOC,N/A
60101,HYDRO BLDG.,"2,4-Dimethylhexane",1990-12-19T00:00,0.000,µg/m³,VOC,N/A
60101,HYDRO BLDG.,"2,4-Dimethylhexane",1990-12-25T00:00,0.000,µg/m³,VOC,N/A
60101,HYDRO BLDG.,"2,4-Dimethylhexane",1990-12-31T00:00,0.000,µg/m³,VOC,N/A
