﻿NAPS_Site_ID,Station_Name,Pollutant,Date,Value,Units,Report_Type,Method
80111,REGINA,Isopentane,2015-12-31T19:00,1.518,µg/m³,VOC,GC-MS
80111,REGINA,Isopentane,2016-01-06T19:00,3.108,µg/m³,VOC,GC-MS
80111,REGINA,Isopentane,2016-01-12T19:00,4.310,µg/m³,VOC,GC-MS
80111,REGINA,Isopentane,2016-01-18T19:00,1.811,µg/m³,VOC,GC-MS
80111,REGINA,Isopentane,2016-01-24T19:00,2.586,µg/m³,VOC,GC-MS
80111,REGINA,Isopentane,2016-01-30T19:00,2.822,µg/m³,VOC,GC-MS
80111,REGINA,Isopentane,2016-02-05T19:00,0.672,µg/m³,VOC,GC-MS
80111,REGINA,Isopentane,2016-02-11T19:00,1.348,µg/m³,VOC,GC-MS
80111,REGINA,Isopentane,2016-02-17T19:00,1.932,µg/m³,VOC,GC-MS
80111,REGINA,Isopentane,2016-02-23T19:00,1.085,µg/m³,VOC,GC-MS
80111,REGINA,Isopentane,2016-02-29T19:00,2.443,µg/m³,VOC,GC-MS
80111,REGINA,Isopentane,2016-03-06T19:00,1.537,µg/m³,VOC,GC-MS
80111,REGINA,Isopentane,2016-03-12T19:00,0.981,µg/m³,VOC,GC-MS
80111,REGINA,Isopentane,2016-03-18T20:00,0.385,µg/m³,VOC,GC-MS
80111,REGINA,Isopentane,2016-03-30T20:00,0.729,µg/m³,VOC,GC-MS
80111,REGINA,Isopentane,2016-04-05T20:00,0.719,µg/m³,VOC,GC-MS
80111,REGINA,Isopentane,2016-04-11T20:00,2.504,µg/m³,VOC,GC-MS
80111,REGINA,Isopentane,2016-04-17T20:00,1.394,µg/m³,VOC,GC-MS
80111,REGINA,Isopentane,2016-04-23T20:00,0.466,µg/m³,VOC,GC-MS
80111,REGINA,Isopentane,2016-04-29T20:00,0.496,µg/m³,VOC,GC-MS
80111,REGINA,Isopentane,2016-05-05T20:00,1.112,µg/m³,VOC,GC-MS
80111,REGINA,Isopentane,2016-05-11T20:00,0.507,µg/m³,VOC,GC-MS
80111,REGINA,Isopentane,2016-05-17T20:00,1.307,µg/m³,VOC,GC-MS
80111,REGINA,Isopentane,2016-05-23T20:00,1.001,µg/m³,VOC,GC-MS
80111,REGINA,Isopentane,2016-05-29T20:00,3.557,µg/m³,VOC,GC-MS
80111,REGINA,Isopentane,2016-06-04T20:00,1.082,µg/m³,VOC,GC-MS
80111,REGINA,Isopentane,2016-06-16T20:00,0.611,µg/m³,VOC,GC-MS
80111,REGINA,Isopentane,2016-06-22T20:00,0.948,µg/m³,VOC,GC-MS
80111,REGINA,Isopentane,2016-06-28T20:00,3.135,µg/m³,VOC,GC-MS
80111,REGINA,Isopentane,2016-07-04T20:00,1.246,µg/m³,VOC,GC-MS
80111,REGINA,Isopentane,2016-07-10T20:00,3.806,µg/m³,VOC,GC-MS
80111,REGINA,Isopentane,2016-07-16T20:00,0.957,µg/m³,VOC,GC-MS
80111,REGINA,Isopentane,2016-07-22T20:00,1.246,µg/m³,VOC,GC-MS
80111,REGINA,Isopentane,2016-07-28T20:00,1.182,µg/m³,VOC,GC-MS
80111,REGINA,Isopentane,2016-08-03T20:00,0.831,µg/m³,VOC,GC-MS
80111,REGINA,Isopentane,2016-08-09T20:00,0.760,µg/m³,VOC,GC-MS
80111,REGINA,Isopentane,2016-08-15T20:00,3.636,µg/m³,VOC,GC-MS
80111,REGINA,Isopentane,2016-09-02T20:00,0.995,µg/m³,VOC,GC-MS
80111,REGINA,Isopentane,2016-09-08T20:00,0.712,µg/m³,VOC,GC-MS
80111,REGINA,Isopentane,2016-09-14T20:00,5.367,µg/m³,VOC,GC-MS
80111,REGINA,Isopentane,2016-09-20T20:00,2.105,µg/m³,VOC,GC-MS
80111,REGINA,Isopentane,2016-09-26T20:00,1.360,µg/m³,VOC,GC-MS
80111,REGINA,Isopentane,2016-10-02T20:00,11.981,µg/m³,VOC,GC-MS
80111,REGINA,Isopentane,2016-10-08T20:00,0.895,µg/m³,VOC,GC-MS
80111,REGINA,Isopentane,2016-10-14T20:00,0.905,µg/m³,VOC,GC-MS
80111,REGINA,Isopentane,2016-10-20T20:00,1.556,µg/m³,VOC,GC-MS
80111,REGINA,Isopentane,2016-10-26T20:00,5.109,µg/m³,VOC,GC-MS
80111,REGINA,Isopentane,2016-11-01T20:00,0.901,µg/m³,VOC,GC-MS
80111,REGINA,Isopentane,2016-11-07T19:00,0.613,µg/m³,VOC,GC-MS
80111,REGINA,Isopentane,2016-11-13T19:00,0.850,µg/m³,VOC,GC-MS
80111,REGINA,Isopentane,2016-11-19T19:00,1.238,µg/m³,VOC,GC-MS
80111,REGINA,Isopentane,2016-12-01T19:00,1.667,µg/m³,VOC,GC-MS
80111,REGINA,Isopentane,2016-12-18T19:00,0.683,µg/m³,VOC,GC-MS
80111,REGINA,Isopentane,2016-12-25T19:00,0.672,µg/m³,VOC,GC-MS
