﻿NAPS_Site_ID,Station_Name,Pollutant,Date,Value,Units,Report_Type,Method
90228,CALGARY CENTRAL-2,Trichloroethylene,2015-01-05T19:00,0.020,µg/m³,VOC,N/A
90228,CALGARY CENTRAL-2,Trichloroethylene,2015-01-11T19:00,0.017,µg/m³,VOC,N/A
90228,CALGARY CENTRAL-2,Trichloroethylene,2015-01-17T19:00,0.012,µg/m³,VOC,N/A
90228,CALGARY CENTRAL-2,Trichloroethylene,2015-01-23T19:00,0.012,µg/m³,VOC,N/A
90228,CALGARY CENTRAL-2,Trichloroethylene,2015-01-29T19:00,0.035,µg/m³,VOC,N/A
90228,CALGARY CENTRAL-2,Trichloroethylene,2015-02-04T19:00,0.032,µg/m³,VOC,N/A
90228,CALGARY CENTRAL-2,Trichloroethylene,2015-02-10T19:00,0.018,µg/m³,VOC,N/A
90228,CALGARY CENTRAL-2,Trichloroethylene,2015-02-16T19:00,0.018,µg/m³,VOC,N/A
90228,CALGARY CENTRAL-2,Trichloroethylene,2015-02-22T19:00,1.395,µg/m³,VOC,N/A
90228,CALGARY CENTRAL-2,Trichloroethylene,2015-02-28T19:00,0.151,µg/m³,VOC,N/A
90228,CALGARY CENTRAL-2,Trichloroethylene,2015-03-06T19:00,0.106,µg/m³,VOC,N/A
90228,CALGARY CENTRAL-2,Trichloroethylene,2015-03-12T20:00,0.118,µg/m³,VOC,N/A
90228,CALGARY CENTRAL-2,Trichloroethylene,2015-03-18T20:00,0.043,µg/m³,VOC,N/A
90228,CALGARY CENTRAL-2,Trichloroethylene,2015-03-24T20:00,0.026,µg/m³,VOC,N/A
