﻿NAPS_Site_ID,Station_Name,Pollutant,Date,Value,Units,Report_Type,Method
100141,ROADSIDE - CLARK DRIVE,p-Cymene,2019-01-03T00:00,0.022,µg/m³,VOC,GC-MS
100141,ROADSIDE - CLARK DRIVE,p-Cymene,2019-01-09T00:00,0.038,µg/m³,VOC,GC-MS
100141,ROADSIDE - CLARK DRIVE,p-Cymene,2019-01-15T00:00,0.153,µg/m³,VOC,GC-MS
100141,ROADSIDE - CLARK DRIVE,p-Cymene,2019-01-21T00:00,0.066,µg/m³,VOC,GC-MS
100141,ROADSIDE - CLARK DRIVE,p-Cymene,2019-01-27T00:00,0.097,µg/m³,VOC,GC-MS
100141,ROADSIDE - CLARK DRIVE,p-Cymene,2019-02-02T00:00,0.028,µg/m³,VOC,GC-MS
100141,ROADSIDE - CLARK DRIVE,p-Cymene,2019-02-08T00:00,0.036,µg/m³,VOC,GC-MS
100141,ROADSIDE - CLARK DRIVE,p-Cymene,2019-02-14T00:00,0.122,µg/m³,VOC,GC-MS
100141,ROADSIDE - CLARK DRIVE,p-Cymene,2019-02-20T00:00,0.029,µg/m³,VOC,GC-MS
100141,ROADSIDE - CLARK DRIVE,p-Cymene,2019-02-26T00:00,0.010,µg/m³,VOC,GC-MS
100141,ROADSIDE - CLARK DRIVE,p-Cymene,2019-03-04T00:00,0.023,µg/m³,VOC,GC-MS
100141,ROADSIDE - CLARK DRIVE,p-Cymene,2019-03-10T00:00,0.061,µg/m³,VOC,GC-MS
100141,ROADSIDE - CLARK DRIVE,p-Cymene,2019-03-16T00:00,0.043,µg/m³,VOC,GC-MS
100141,ROADSIDE - CLARK DRIVE,p-Cymene,2019-03-22T00:00,0.033,µg/m³,VOC,GC-MS
100141,ROADSIDE - CLARK DRIVE,p-Cymene,2019-03-28T00:00,0.080,µg/m³,VOC,GC-MS
100141,ROADSIDE - CLARK DRIVE,p-Cymene,2019-04-03T00:00,0.032,µg/m³,VOC,GC-MS
100141,ROADSIDE - CLARK DRIVE,p-Cymene,2019-04-09T00:00,0.027,µg/m³,VOC,GC-MS
100141,ROADSIDE - CLARK DRIVE,p-Cymene,2019-04-15T00:00,0.018,µg/m³,VOC,GC-MS
100141,ROADSIDE - CLARK DRIVE,p-Cymene,2019-04-21T00:00,0.061,µg/m³,VOC,GC-MS
100141,ROADSIDE - CLARK DRIVE,p-Cymene,2019-04-27T00:00,0.015,µg/m³,VOC,GC-MS
100141,ROADSIDE - CLARK DRIVE,p-Cymene,2019-05-03T00:00,0.037,µg/m³,VOC,GC-MS
100141,ROADSIDE - CLARK DRIVE,p-Cymene,2019-05-09T00:00,0.139,µg/m³,VOC,GC-MS
100141,ROADSIDE - CLARK DRIVE,p-Cymene,2019-05-15T00:00,0.038,µg/m³,VOC,GC-MS
100141,ROADSIDE - CLARK DRIVE,p-Cymene,2019-05-21T00:00,0.048,µg/m³,VOC,GC-MS
100141,ROADSIDE - CLARK DRIVE,p-Cymene,2019-05-27T00:00,0.099,µg/m³,VOC,GC-MS
100141,ROADSIDE - CLARK DRIVE,p-Cymene,2019-06-02T00:00,0.083,µg/m³,VOC,GC-MS
100141,ROADSIDE - CLARK DRIVE,p-Cymene,2019-06-08T00:00,0.036,µg/m³,VOC,GC-MS
100141,ROADSIDE - CLARK DRIVE,p-Cymene,2019-06-14T00:00,0.047,µg/m³,VOC,GC-MS
100141,ROADSIDE - CLARK DRIVE,p-Cymene,2019-06-20T00:00,0.373,µg/m³,VOC,GC-MS
100141,ROADSIDE - CLARK DRIVE,p-Cymene,2019-06-26T00:00,0.061,µg/m³,VOC,GC-MS
100141,ROADSIDE - CLARK DRIVE,p-Cymene,2019-07-02T00:00,0.028,µg/m³,VOC,GC-MS
100141,ROADSIDE - CLARK DRIVE,p-Cymene,2019-07-08T00:00,0.070,µg/m³,VOC,GC-MS
100141,ROADSIDE - CLARK DRIVE,p-Cymene,2019-07-14T00:00,0.073,µg/m³,VOC,GC-MS
100141,ROADSIDE - CLARK DRIVE,p-Cymene,2019-07-20T00:00,0.137,µg/m³,VOC,GC-MS
100141,ROADSIDE - CLARK DRIVE,p-Cymene,2019-07-26T00:00,0.111,µg/m³,VOC,GC-MS
100141,ROADSIDE - CLARK DRIVE,p-Cymene,2019-08-01T00:00,0.079,µg/m³,VOC,GC-MS
100141,ROADSIDE - CLARK DRIVE,p-Cymene,2019-08-07T00:00,0.079,µg/m³,VOC,GC-MS
100141,ROADSIDE - CLARK DRIVE,p-Cymene,2019-08-13T00:00,0.086,µg/m³,VOC,GC-MS
100141,ROADSIDE - CLARK DRIVE,p-Cymene,2019-08-19T00:00,0.050,µg/m³,VOC,GC-MS
100141,ROADSIDE - CLARK DRIVE,p-Cymene,2019-08-25T00:00,0.023,µg/m³,VOC,GC-MS
100141,ROADSIDE - CLARK DRIVE,p-Cymene,2019-08-31T00:00,0.078,µg/m³,VOC,GC-MS
100141,ROADSIDE - CLARK DRIVE,p-Cymene,2019-09-06T00:00,0.136,µg/m³,VOC,GC-MS
100141,ROADSIDE - CLARK DRIVE,p-Cymene,2019-09-12T00:00,0.034,µg/m³,VOC,GC-MS
100141,ROADSIDE - CLARK DRIVE,p-Cymene,2019-09-18T00:00,0.036,µg/m³,VOC,GC-MS
100141,ROADSIDE - CLARK DRIVE,p-Cymene,2019-09-24T00:00,0.019,µg/m³,VOC,GC-MS
100141,ROADSIDE - CLARK DRIVE,p-Cymene,2019-09-30T00:00,0.070,µg/m³,VOC,GC-MS
100141,ROADSIDE - CLARK DRIVE,p-Cymene,2019-10-06T00:00,0.079,µg/m³,VOC,GC-MS
100141,ROADSIDE - CLARK DRIVE,p-Cymene,2019-10-12T00:00,0.250,µg/m³,VOC,GC-MS
100141,ROADSIDE - CLARK DRIVE,p-Cymene,2019-10-18T00:00,0.025,µg/m³,VOC,GC-MS
100141,ROADSIDE - CLARK DRIVE,p-Cymene,2019-10-24T00:00,0.072,µg/m³,VOC,GC-MS
100141,ROADSIDE - CLARK DRIVE,p-Cymene,2019-10-30T00:00,0.105,µg/m³,VOC,GC-MS
100141,ROADSIDE - CLARK DRIVE,p-Cymene,2019-11-05T00:00,0.123,µg/m³,VOC,GC-MS
100141,ROADSIDE - CLARK DRIVE,p-Cymene,2019-11-17T00:00,0.045,µg/m³,VOC,GC-MS
100141,ROADSIDE - CLARK DRIVE,p-Cymene,2019-11-23T00:00,0.043,µg/m³,VOC,GC-MS
100141,ROADSIDE - CLARK DRIVE,p-Cymene,2019-11-29T00:00,0.144,µg/m³,VOC,GC-MS
100141,ROADSIDE - CLARK DRIVE,p-Cymene,2019-12-05T00:00,0.119,µg/m³,VOC,GC-MS
100141,ROADSIDE - CLARK DRIVE,p-Cymene,2019-12-11T00:00,0.064,µg/m³,VOC,GC-MS
100141,ROADSIDE - CLARK DRIVE,p-Cymene,2019-12-17T00:00,0.024,µg/m³,VOC,GC-MS
100141,ROADSIDE - CLARK DRIVE,p-Cymene,2019-12-23T00:00,0.035,µg/m³,VOC,GC-MS
