﻿NAPS_Site_ID,Station_Name,Pollutant,Date,Value,Units,Report_Type,Method
129003,YELLOWKNIFE,Cesium,2009-01-18T19:00,0.003,µg/m³,DICHOT,ED-XRF
129003,YELLOWKNIFE,Cesium,2009-01-18T19:00,0.006,µg/m³,DICHOT,ED-XRF
129003,YELLOWKNIFE,Cesium,2009-01-24T19:00,0.007,µg/m³,DICHOT,ED-XRF
129003,YELLOWKNIFE,Cesium,2009-01-24T19:00,0.009,µg/m³,DICHOT,ED-XRF
129003,YELLOWKNIFE,Cesium,2009-01-30T19:00,0.008,µg/m³,DICHOT,ED-XRF
129003,YELLOWKNIFE,Cesium,2009-01-30T19:00,0.010,µg/m³,DICHOT,ED-XRF
129003,YELLOWKNIFE,Cesium,2009-02-05T19:00,0.002,µg/m³,DICHOT,ED-XRF
129003,YELLOWKNIFE,Cesium,2009-02-05T19:00,0.007,µg/m³,DICHOT,ED-XRF
129003,YELLOWKNIFE,Cesium,2009-02-11T19:00,0.000,µg/m³,DICHOT,ED-XRF
129003,YELLOWKNIFE,Cesium,2009-02-11T19:00,0.009,µg/m³,DICHOT,ED-XRF
129003,YELLOWKNIFE,Cesium,2009-02-17T19:00,0.009,µg/m³,DICHOT,ED-XRF
129003,YELLOWKNIFE,Cesium,2009-02-17T19:00,0.010,µg/m³,DICHOT,ED-XRF
129003,YELLOWKNIFE,Cesium,2009-02-23T19:00,0.007,µg/m³,DICHOT,ED-XRF
129003,YELLOWKNIFE,Cesium,2009-02-23T19:00,0.007,µg/m³,DICHOT,ED-XRF
129003,YELLOWKNIFE,Cesium,2009-03-01T19:00,0.004,µg/m³,DICHOT,ED-XRF
129003,YELLOWKNIFE,Cesium,2009-03-01T19:00,0.006,µg/m³,DICHOT,ED-XRF
129003,YELLOWKNIFE,Cesium,2009-03-07T19:00,0.004,µg/m³,DICHOT,ED-XRF
129003,YELLOWKNIFE,Cesium,2009-03-07T19:00,0.007,µg/m³,DICHOT,ED-XRF
129003,YELLOWKNIFE,Cesium,2009-03-13T20:00,0.006,µg/m³,DICHOT,ED-XRF
129003,YELLOWKNIFE,Cesium,2009-03-13T20:00,0.007,µg/m³,DICHOT,ED-XRF
129003,YELLOWKNIFE,Cesium,2009-03-19T20:00,0.002,µg/m³,DICHOT,ED-XRF
129003,YELLOWKNIFE,Cesium,2009-03-19T20:00,0.010,µg/m³,DICHOT,ED-XRF
129003,YELLOWKNIFE,Cesium,2009-03-25T20:00,0.010,µg/m³,DICHOT,ED-XRF
129003,YELLOWKNIFE,Cesium,2009-03-25T20:00,0.014,µg/m³,DICHOT,ED-XRF
129003,YELLOWKNIFE,Cesium,2009-03-31T20:00,0.006,µg/m³,DICHOT,ED-XRF
129003,YELLOWKNIFE,Cesium,2009-03-31T20:00,0.011,µg/m³,DICHOT,ED-XRF
129003,YELLOWKNIFE,Cesium,2009-04-06T20:00,0.000,µg/m³,DICHOT,ED-XRF
129003,YELLOWKNIFE,Cesium,2009-04-06T20:00,0.014,µg/m³,DICHOT,ED-XRF
129003,YELLOWKNIFE,Cesium,2009-04-18T20:00,0.005,µg/m³,DICHOT,ED-XRF
129003,YELLOWKNIFE,Cesium,2009-04-18T20:00,0.008,µg/m³,DICHOT,ED-XRF
129003,YELLOWKNIFE,Cesium,2009-04-24T20:00,0.004,µg/m³,DICHOT,ED-XRF
129003,YELLOWKNIFE,Cesium,2009-04-24T20:00,0.012,µg/m³,DICHOT,ED-XRF
129003,YELLOWKNIFE,Cesium,2009-04-30T20:00,0.000,µg/m³,DICHOT,ED-XRF
129003,YELLOWKNIFE,Cesium,2009-04-30T20:00,0.014,µg/m³,DICHOT,ED-XRF
129003,YELLOWKNIFE,Cesium,2009-05-06T20:00,0.002,µg/m³,DICHOT,ED-XRF
129003,YELLOWKNIFE,Cesium,2009-05-06T20:00,0.004,µg/m³,DICHOT,ED-XRF
129003,YELLOWKNIFE,Cesium,2009-05-12T20:00,0.001,µg/m³,DICHOT,ED-XRF
129003,YELLOWKNIFE,Cesium,2009-05-12T20:00,0.005,µg/m³,DICHOT,ED-XRF
129003,YELLOWKNIFE,Cesium,2009-05-18T20:00,0.003,µg/m³,DICHOT,ED-XRF
129003,YELLOWKNIFE,Cesium,2009-05-18T20:00,0.012,µg/m³,DICHOT,ED-XRF
129003,YELLOWKNIFE,Cesium,2009-05-24T20:00,0.001,µg/m³,DICHOT,ED-XRF
129003,YELLOWKNIFE,Cesium,2009-05-24T20:00,0.012,µg/m³,DICHOT,ED-XRF
129003,YELLOWKNIFE,Cesium,2009-05-30T20:00,0.005,µg/m³,DICHOT,ED-XRF
129003,YELLOWKNIFE,Cesium,2009-05-30T20:00,0.008,µg/m³,DICHOT,ED-XRF
129003,YELLOWKNIFE,Cesium,2009-06-05T20:00,0.006,µg/m³,DICHOT,ED-XRF
129003,YELLOWKNIFE,Cesium,2009-06-05T20:00,0.008,µg/m³,DICHOT,ED-XRF
129003,YELLOWKNIFE,Cesium,2009-07-17T20:00,0.000,µg/m³,DICHOT,ED-XRF
129003,YELLOWKNIFE,Cesium,2009-07-17T20:00,0.001,µg/m³,DICHOT,ED-XRF
129003,YELLOWKNIFE,Cesium,2009-07-23T20:00,0.000,µg/m³,DICHOT,ED-XRF
129003,YELLOWKNIFE,Cesium,2009-07-23T20:00,0.003,µg/m³,DICHOT,ED-XRF
129003,YELLOWKNIFE,Cesium,2009-07-29T20:00,0.000,µg/m³,DICHOT,ED-XRF
129003,YELLOWKNIFE,Cesium,2009-07-29T20:00,0.000,µg/m³,DICHOT,ED-XRF
129003,YELLOWKNIFE,Cesium,2009-08-04T20:00,0.000,µg/m³,DICHOT,ED-XRF
129003,YELLOWKNIFE,Cesium,2009-08-04T20:00,0.000,µg/m³,DICHOT,ED-XRF
129003,YELLOWKNIFE,Cesium,2009-08-10T20:00,0.000,µg/m³,DICHOT,ED-XRF
129003,YELLOWKNIFE,Cesium,2009-08-10T20:00,0.000,µg/m³,DICHOT,ED-XRF
129003,YELLOWKNIFE,Cesium,2009-08-16T20:00,0.001,µg/m³,DICHOT,ED-XRF
129003,YELLOWKNIFE,Cesium,2009-08-16T20:00,0.001,µg/m³,DICHOT,ED-XRF
129003,YELLOWKNIFE,Cesium,2009-08-22T20:00,0.000,µg/m³,DICHOT,ED-XRF
129003,YELLOWKNIFE,Cesium,2009-08-22T20:00,0.000,µg/m³,DICHOT,ED-XRF
129003,YELLOWKNIFE,Cesium,2009-08-28T20:00,0.000,µg/m³,DICHOT,ED-XRF
129003,YELLOWKNIFE,Cesium,2009-08-28T20:00,0.000,µg/m³,DICHOT,ED-XRF
129003,YELLOWKNIFE,Cesium,2009-09-03T20:00,0.000,µg/m³,DICHOT,ED-XRF
129003,YELLOWKNIFE,Cesium,2009-09-03T20:00,0.002,µg/m³,DICHOT,ED-XRF
129003,YELLOWKNIFE,Cesium,2009-09-09T20:00,0.000,µg/m³,DICHOT,ED-XRF
129003,YELLOWKNIFE,Cesium,2009-09-09T20:00,0.009,µg/m³,DICHOT,ED-XRF
129003,YELLOWKNIFE,Cesium,2009-09-15T20:00,0.000,µg/m³,DICHOT,ED-XRF
129003,YELLOWKNIFE,Cesium,2009-09-15T20:00,0.010,µg/m³,DICHOT,ED-XRF
129003,YELLOWKNIFE,Cesium,2009-09-21T20:00,0.000,µg/m³,DICHOT,ED-XRF
129003,YELLOWKNIFE,Cesium,2009-09-21T20:00,0.000,µg/m³,DICHOT,ED-XRF
129003,YELLOWKNIFE,Cesium,2009-09-27T20:00,0.000,µg/m³,DICHOT,ED-XRF
129003,YELLOWKNIFE,Cesium,2009-09-27T20:00,0.000,µg/m³,DICHOT,ED-XRF
129003,YELLOWKNIFE,Cesium,2009-10-03T20:00,0.000,µg/m³,DICHOT,ED-XRF
129003,YELLOWKNIFE,Cesium,2009-10-03T20:00,0.005,µg/m³,DICHOT,ED-XRF
129003,YELLOWKNIFE,Cesium,2009-10-09T20:00,0.001,µg/m³,DICHOT,ED-XRF
129003,YELLOWKNIFE,Cesium,2009-10-09T20:00,0.007,µg/m³,DICHOT,ED-XRF
129003,YELLOWKNIFE,Cesium,2009-10-15T20:00,0.000,µg/m³,DICHOT,ED-XRF
129003,YELLOWKNIFE,Cesium,2009-10-15T20:00,0.000,µg/m³,DICHOT,ED-XRF
