﻿NAPS_Site_ID,Station_Name,Pollutant,Date,Value,Units,Report_Type,Method
62601,EXPERIMENTAL FARM _SIMCOE_,trans-2-Pentene,2001-01-01T00:00,0.014,µg/m³,VOC,N/A
62601,EXPERIMENTAL FARM _SIMCOE_,trans-2-Pentene,2001-01-04T00:00,0.010,µg/m³,VOC,N/A
62601,EXPERIMENTAL FARM _SIMCOE_,trans-2-Pentene,2001-01-07T00:00,0.020,µg/m³,VOC,N/A
62601,EXPERIMENTAL FARM _SIMCOE_,trans-2-Pentene,2001-01-13T00:00,0.045,µg/m³,VOC,N/A
62601,EXPERIMENTAL FARM _SIMCOE_,trans-2-Pentene,2001-01-16T00:00,0.021,µg/m³,VOC,N/A
62601,EXPERIMENTAL FARM _SIMCOE_,trans-2-Pentene,2001-01-19T00:00,0.008,µg/m³,VOC,N/A
62601,EXPERIMENTAL FARM _SIMCOE_,trans-2-Pentene,2001-01-25T00:00,0.004,µg/m³,VOC,N/A
62601,EXPERIMENTAL FARM _SIMCOE_,trans-2-Pentene,2001-01-28T00:00,0.009,µg/m³,VOC,N/A
62601,EXPERIMENTAL FARM _SIMCOE_,trans-2-Pentene,2001-02-03T00:00,0.009,µg/m³,VOC,N/A
62601,EXPERIMENTAL FARM _SIMCOE_,trans-2-Pentene,2001-02-06T00:00,0.008,µg/m³,VOC,N/A
62601,EXPERIMENTAL FARM _SIMCOE_,trans-2-Pentene,2001-02-09T00:00,0.010,µg/m³,VOC,N/A
62601,EXPERIMENTAL FARM _SIMCOE_,trans-2-Pentene,2001-02-12T00:00,0.005,µg/m³,VOC,N/A
62601,EXPERIMENTAL FARM _SIMCOE_,trans-2-Pentene,2001-02-15T00:00,0.005,µg/m³,VOC,N/A
62601,EXPERIMENTAL FARM _SIMCOE_,trans-2-Pentene,2001-02-18T00:00,0.010,µg/m³,VOC,N/A
62601,EXPERIMENTAL FARM _SIMCOE_,trans-2-Pentene,2001-02-24T00:00,0.010,µg/m³,VOC,N/A
62601,EXPERIMENTAL FARM _SIMCOE_,trans-2-Pentene,2001-02-27T00:00,0.004,µg/m³,VOC,N/A
62601,EXPERIMENTAL FARM _SIMCOE_,trans-2-Pentene,2001-03-02T00:00,0.019,µg/m³,VOC,N/A
62601,EXPERIMENTAL FARM _SIMCOE_,trans-2-Pentene,2001-03-08T00:00,0.012,µg/m³,VOC,N/A
62601,EXPERIMENTAL FARM _SIMCOE_,trans-2-Pentene,2001-03-11T00:00,0.003,µg/m³,VOC,N/A
62601,EXPERIMENTAL FARM _SIMCOE_,trans-2-Pentene,2001-03-14T00:00,0.014,µg/m³,VOC,N/A
62601,EXPERIMENTAL FARM _SIMCOE_,trans-2-Pentene,2001-03-17T00:00,0.008,µg/m³,VOC,N/A
62601,EXPERIMENTAL FARM _SIMCOE_,trans-2-Pentene,2001-03-20T00:00,0.006,µg/m³,VOC,N/A
62601,EXPERIMENTAL FARM _SIMCOE_,trans-2-Pentene,2001-03-23T00:00,0.006,µg/m³,VOC,N/A
62601,EXPERIMENTAL FARM _SIMCOE_,trans-2-Pentene,2001-03-26T00:00,0.005,µg/m³,VOC,N/A
62601,EXPERIMENTAL FARM _SIMCOE_,trans-2-Pentene,2001-03-29T00:00,0.006,µg/m³,VOC,N/A
62601,EXPERIMENTAL FARM _SIMCOE_,trans-2-Pentene,2001-04-01T00:00,0.005,µg/m³,VOC,N/A
62601,EXPERIMENTAL FARM _SIMCOE_,trans-2-Pentene,2001-04-04T00:00,0.007,µg/m³,VOC,N/A
62601,EXPERIMENTAL FARM _SIMCOE_,trans-2-Pentene,2001-04-07T00:00,0.014,µg/m³,VOC,N/A
62601,EXPERIMENTAL FARM _SIMCOE_,trans-2-Pentene,2001-04-13T00:00,0.000,µg/m³,VOC,N/A
62601,EXPERIMENTAL FARM _SIMCOE_,trans-2-Pentene,2001-04-16T00:00,0.011,µg/m³,VOC,N/A
62601,EXPERIMENTAL FARM _SIMCOE_,trans-2-Pentene,2001-04-19T00:00,0.000,µg/m³,VOC,N/A
62601,EXPERIMENTAL FARM _SIMCOE_,trans-2-Pentene,2001-04-22T00:00,0.003,µg/m³,VOC,N/A
62601,EXPERIMENTAL FARM _SIMCOE_,trans-2-Pentene,2001-04-25T00:00,0.000,µg/m³,VOC,N/A
62601,EXPERIMENTAL FARM _SIMCOE_,trans-2-Pentene,2001-04-28T00:00,0.000,µg/m³,VOC,N/A
62601,EXPERIMENTAL FARM _SIMCOE_,trans-2-Pentene,2001-05-01T00:00,0.011,µg/m³,VOC,N/A
62601,EXPERIMENTAL FARM _SIMCOE_,trans-2-Pentene,2001-05-04T00:00,0.004,µg/m³,VOC,N/A
62601,EXPERIMENTAL FARM _SIMCOE_,trans-2-Pentene,2001-05-07T00:00,0.000,µg/m³,VOC,N/A
62601,EXPERIMENTAL FARM _SIMCOE_,trans-2-Pentene,2001-05-10T00:00,0.014,µg/m³,VOC,N/A
62601,EXPERIMENTAL FARM _SIMCOE_,trans-2-Pentene,2001-05-13T00:00,0.000,µg/m³,VOC,N/A
62601,EXPERIMENTAL FARM _SIMCOE_,trans-2-Pentene,2001-05-16T00:00,0.000,µg/m³,VOC,N/A
62601,EXPERIMENTAL FARM _SIMCOE_,trans-2-Pentene,2001-05-19T00:00,0.000,µg/m³,VOC,N/A
62601,EXPERIMENTAL FARM _SIMCOE_,trans-2-Pentene,2001-05-28T00:00,0.015,µg/m³,VOC,N/A
62601,EXPERIMENTAL FARM _SIMCOE_,trans-2-Pentene,2001-05-31T00:00,0.000,µg/m³,VOC,N/A
62601,EXPERIMENTAL FARM _SIMCOE_,trans-2-Pentene,2001-06-06T00:00,0.000,µg/m³,VOC,N/A
62601,EXPERIMENTAL FARM _SIMCOE_,trans-2-Pentene,2001-06-09T00:00,0.010,µg/m³,VOC,N/A
62601,EXPERIMENTAL FARM _SIMCOE_,trans-2-Pentene,2001-06-12T00:00,0.011,µg/m³,VOC,N/A
62601,EXPERIMENTAL FARM _SIMCOE_,trans-2-Pentene,2001-06-15T00:00,0.000,µg/m³,VOC,N/A
62601,EXPERIMENTAL FARM _SIMCOE_,trans-2-Pentene,2001-06-18T00:00,0.007,µg/m³,VOC,N/A
62601,EXPERIMENTAL FARM _SIMCOE_,trans-2-Pentene,2001-06-21T00:00,0.000,µg/m³,VOC,N/A
62601,EXPERIMENTAL FARM _SIMCOE_,trans-2-Pentene,2001-06-24T00:00,0.000,µg/m³,VOC,N/A
62601,EXPERIMENTAL FARM _SIMCOE_,trans-2-Pentene,2001-06-27T00:00,0.000,µg/m³,VOC,N/A
62601,EXPERIMENTAL FARM _SIMCOE_,trans-2-Pentene,2001-06-30T00:00,0.000,µg/m³,VOC,N/A
62601,EXPERIMENTAL FARM _SIMCOE_,trans-2-Pentene,2001-07-06T00:00,0.000,µg/m³,VOC,N/A
62601,EXPERIMENTAL FARM _SIMCOE_,trans-2-Pentene,2001-07-09T00:00,0.000,µg/m³,VOC,N/A
62601,EXPERIMENTAL FARM _SIMCOE_,trans-2-Pentene,2001-07-12T00:00,0.000,µg/m³,VOC,N/A
62601,EXPERIMENTAL FARM _SIMCOE_,trans-2-Pentene,2001-07-18T00:00,0.000,µg/m³,VOC,N/A
62601,EXPERIMENTAL FARM _SIMCOE_,trans-2-Pentene,2001-07-21T00:00,0.012,µg/m³,VOC,N/A
62601,EXPERIMENTAL FARM _SIMCOE_,trans-2-Pentene,2001-07-24T00:00,0.020,µg/m³,VOC,N/A
62601,EXPERIMENTAL FARM _SIMCOE_,trans-2-Pentene,2001-07-27T00:00,0.000,µg/m³,VOC,N/A
62601,EXPERIMENTAL FARM _SIMCOE_,trans-2-Pentene,2001-07-30T00:00,0.000,µg/m³,VOC,N/A
62601,EXPERIMENTAL FARM _SIMCOE_,trans-2-Pentene,2001-08-02T00:00,0.017,µg/m³,VOC,N/A
62601,EXPERIMENTAL FARM _SIMCOE_,trans-2-Pentene,2001-08-05T00:00,0.000,µg/m³,VOC,N/A
62601,EXPERIMENTAL FARM _SIMCOE_,trans-2-Pentene,2001-08-14T00:00,0.000,µg/m³,VOC,N/A
62601,EXPERIMENTAL FARM _SIMCOE_,trans-2-Pentene,2001-09-10T00:00,0.015,µg/m³,VOC,N/A
62601,EXPERIMENTAL FARM _SIMCOE_,trans-2-Pentene,2001-09-13T00:00,0.009,µg/m³,VOC,N/A
62601,EXPERIMENTAL FARM _SIMCOE_,trans-2-Pentene,2001-09-16T00:00,0.010,µg/m³,VOC,N/A
62601,EXPERIMENTAL FARM _SIMCOE_,trans-2-Pentene,2001-09-19T00:00,0.024,µg/m³,VOC,N/A
62601,EXPERIMENTAL FARM _SIMCOE_,trans-2-Pentene,2001-09-22T00:00,0.025,µg/m³,VOC,N/A
62601,EXPERIMENTAL FARM _SIMCOE_,trans-2-Pentene,2001-09-25T00:00,0.000,µg/m³,VOC,N/A
62601,EXPERIMENTAL FARM _SIMCOE_,trans-2-Pentene,2001-09-28T00:00,0.013,µg/m³,VOC,N/A
62601,EXPERIMENTAL FARM _SIMCOE_,trans-2-Pentene,2001-10-04T00:00,0.015,µg/m³,VOC,N/A
62601,EXPERIMENTAL FARM _SIMCOE_,trans-2-Pentene,2001-10-07T00:00,0.000,µg/m³,VOC,N/A
62601,EXPERIMENTAL FARM _SIMCOE_,trans-2-Pentene,2001-10-10T00:00,0.007,µg/m³,VOC,N/A
62601,EXPERIMENTAL FARM _SIMCOE_,trans-2-Pentene,2001-10-13T00:00,0.006,µg/m³,VOC,N/A
62601,EXPERIMENTAL FARM _SIMCOE_,trans-2-Pentene,2001-10-16T00:00,0.006,µg/m³,VOC,N/A
62601,EXPERIMENTAL FARM _SIMCOE_,trans-2-Pentene,2001-10-19T00:00,0.014,µg/m³,VOC,N/A
62601,EXPERIMENTAL FARM _SIMCOE_,trans-2-Pentene,2001-10-22T00:00,0.011,µg/m³,VOC,N/A
62601,EXPERIMENTAL FARM _SIMCOE_,trans-2-Pentene,2001-10-25T00:00,0.012,µg/m³,VOC,N/A
62601,EXPERIMENTAL FARM _SIMCOE_,trans-2-Pentene,2001-10-28T00:00,0.008,µg/m³,VOC,N/A
62601,EXPERIMENTAL FARM _SIMCOE_,trans-2-Pentene,2001-10-31T00:00,0.016,µg/m³,VOC,N/A
62601,EXPERIMENTAL FARM _SIMCOE_,trans-2-Pentene,2001-11-03T00:00,0.008,µg/m³,VOC,N/A
62601,EXPERIMENTAL FARM _SIMCOE_,trans-2-Pentene,2001-11-06T00:00,0.026,µg/m³,VOC,N/A
62601,EXPERIMENTAL FARM _SIMCOE_,trans-2-Pentene,2001-11-09T00:00,0.018,µg/m³,VOC,N/A
62601,EXPERIMENTAL FARM _SIMCOE_,trans-2-Pentene,2001-11-18T00:00,0.017,µg/m³,VOC,N/A
62601,EXPERIMENTAL FARM _SIMCOE_,trans-2-Pentene,2001-11-21T00:00,0.010,µg/m³,VOC,N/A
62601,EXPERIMENTAL FARM _SIMCOE_,trans-2-Pentene,2001-11-24T00:00,0.000,µg/m³,VOC,N/A
62601,EXPERIMENTAL FARM _SIMCOE_,trans-2-Pentene,2001-11-27T00:00,0.032,µg/m³,VOC,N/A
62601,EXPERIMENTAL FARM _SIMCOE_,trans-2-Pentene,2001-11-30T00:00,0.022,µg/m³,VOC,N/A
62601,EXPERIMENTAL FARM _SIMCOE_,trans-2-Pentene,2001-12-06T00:00,0.022,µg/m³,VOC,N/A
62601,EXPERIMENTAL FARM _SIMCOE_,trans-2-Pentene,2001-12-09T00:00,0.031,µg/m³,VOC,N/A
62601,EXPERIMENTAL FARM _SIMCOE_,trans-2-Pentene,2001-12-12T00:00,0.000,µg/m³,VOC,N/A
62601,EXPERIMENTAL FARM _SIMCOE_,trans-2-Pentene,2001-12-21T00:00,0.009,µg/m³,VOC,N/A
62601,EXPERIMENTAL FARM _SIMCOE_,trans-2-Pentene,2001-12-24T00:00,0.024,µg/m³,VOC,N/A
62601,EXPERIMENTAL FARM _SIMCOE_,trans-2-Pentene,2001-12-27T00:00,0.007,µg/m³,VOC,N/A
