﻿NAPS_Site_ID,Station_Name,Pollutant,Date,Value,Units,Report_Type,Method
61004,CENTENNIAL PARK _SARNIA_,Bromodichloromethane,2004-01-04T00:00,0.010,µg/m³,VOC,GC-MS
61004,CENTENNIAL PARK _SARNIA_,Bromodichloromethane,2004-02-03T00:00,0.029,µg/m³,VOC,GC-MS
61004,CENTENNIAL PARK _SARNIA_,Bromodichloromethane,2004-02-09T00:00,0.056,µg/m³,VOC,GC-MS
61004,CENTENNIAL PARK _SARNIA_,Bromodichloromethane,2004-02-15T00:00,0.011,µg/m³,VOC,GC-MS
61004,CENTENNIAL PARK _SARNIA_,Bromodichloromethane,2004-02-21T00:00,0.000,µg/m³,VOC,GC-MS
61004,CENTENNIAL PARK _SARNIA_,Bromodichloromethane,2004-02-27T00:00,0.017,µg/m³,VOC,GC-MS
61004,CENTENNIAL PARK _SARNIA_,Bromodichloromethane,2004-03-04T00:00,0.035,µg/m³,VOC,GC-MS
61004,CENTENNIAL PARK _SARNIA_,Bromodichloromethane,2004-03-10T00:00,0.039,µg/m³,VOC,GC-MS
61004,CENTENNIAL PARK _SARNIA_,Bromodichloromethane,2004-03-16T00:00,0.006,µg/m³,VOC,GC-MS
61004,CENTENNIAL PARK _SARNIA_,Bromodichloromethane,2004-03-22T00:00,0.011,µg/m³,VOC,GC-MS
61004,CENTENNIAL PARK _SARNIA_,Bromodichloromethane,2004-03-28T00:00,0.020,µg/m³,VOC,GC-MS
61004,CENTENNIAL PARK _SARNIA_,Bromodichloromethane,2004-08-19T00:00,0.000,µg/m³,VOC,GC-MS
61004,CENTENNIAL PARK _SARNIA_,Bromodichloromethane,2004-08-31T00:00,0.000,µg/m³,VOC,GC-MS
61004,CENTENNIAL PARK _SARNIA_,Bromodichloromethane,2004-09-06T00:00,0.000,µg/m³,VOC,GC-MS
61004,CENTENNIAL PARK _SARNIA_,Bromodichloromethane,2004-09-12T00:00,0.000,µg/m³,VOC,GC-MS
61004,CENTENNIAL PARK _SARNIA_,Bromodichloromethane,2004-09-18T00:00,0.000,µg/m³,VOC,GC-MS
61004,CENTENNIAL PARK _SARNIA_,Bromodichloromethane,2004-09-24T00:00,0.000,µg/m³,VOC,GC-MS
61004,CENTENNIAL PARK _SARNIA_,Bromodichloromethane,2004-09-30T00:00,0.000,µg/m³,VOC,GC-MS
61004,CENTENNIAL PARK _SARNIA_,Bromodichloromethane,2004-10-06T00:00,0.000,µg/m³,VOC,GC-MS
61004,CENTENNIAL PARK _SARNIA_,Bromodichloromethane,2004-10-18T00:00,0.000,µg/m³,VOC,GC-MS
61004,CENTENNIAL PARK _SARNIA_,Bromodichloromethane,2004-10-24T00:00,0.000,µg/m³,VOC,GC-MS
61004,CENTENNIAL PARK _SARNIA_,Bromodichloromethane,2004-10-30T00:00,0.000,µg/m³,VOC,GC-MS
61004,CENTENNIAL PARK _SARNIA_,Bromodichloromethane,2004-11-05T00:00,0.000,µg/m³,VOC,GC-MS
61004,CENTENNIAL PARK _SARNIA_,Bromodichloromethane,2004-11-11T00:00,0.000,µg/m³,VOC,GC-MS
61004,CENTENNIAL PARK _SARNIA_,Bromodichloromethane,2004-11-23T00:00,0.000,µg/m³,VOC,GC-MS
61004,CENTENNIAL PARK _SARNIA_,Bromodichloromethane,2004-11-29T00:00,0.000,µg/m³,VOC,GC-MS
61004,CENTENNIAL PARK _SARNIA_,Bromodichloromethane,2004-12-05T00:00,0.000,µg/m³,VOC,GC-MS
61004,CENTENNIAL PARK _SARNIA_,Bromodichloromethane,2004-12-17T00:00,0.000,µg/m³,VOC,GC-MS
61004,CENTENNIAL PARK _SARNIA_,Bromodichloromethane,2004-12-23T00:00,0.000,µg/m³,VOC,GC-MS
61004,CENTENNIAL PARK _SARNIA_,Bromodichloromethane,2004-12-29T00:00,0.000,µg/m³,VOC,GC-MS
