﻿NAPS_Site_ID,Station_Name,Pollutant,Date,Value,Units,Report_Type,Method
100304,VICTORIA TOPAZ,Nickel,2003-01-02T19:00,0.000,µg/m³,DICHOT,EDXRF
100304,VICTORIA TOPAZ,Nickel,2003-01-02T19:00,0.000,µg/m³,DICHOT,EDXRF
100304,VICTORIA TOPAZ,Nickel,2003-01-08T19:00,0.000,µg/m³,DICHOT,EDXRF
100304,VICTORIA TOPAZ,Nickel,2003-01-08T19:00,0.000,µg/m³,DICHOT,EDXRF
100304,VICTORIA TOPAZ,Nickel,2003-01-14T19:00,0.000,µg/m³,DICHOT,EDXRF
100304,VICTORIA TOPAZ,Nickel,2003-01-14T19:00,0.001,µg/m³,DICHOT,EDXRF
100304,VICTORIA TOPAZ,Nickel,2003-01-20T19:00,0.000,µg/m³,DICHOT,EDXRF
100304,VICTORIA TOPAZ,Nickel,2003-01-20T19:00,0.000,µg/m³,DICHOT,EDXRF
100304,VICTORIA TOPAZ,Nickel,2003-01-26T19:00,0.000,µg/m³,DICHOT,EDXRF
100304,VICTORIA TOPAZ,Nickel,2003-01-26T19:00,0.002,µg/m³,DICHOT,EDXRF
100304,VICTORIA TOPAZ,Nickel,2003-02-01T19:00,0.000,µg/m³,DICHOT,EDXRF
100304,VICTORIA TOPAZ,Nickel,2003-02-01T19:00,0.000,µg/m³,DICHOT,EDXRF
100304,VICTORIA TOPAZ,Nickel,2003-02-07T19:00,0.000,µg/m³,DICHOT,EDXRF
100304,VICTORIA TOPAZ,Nickel,2003-02-07T19:00,0.000,µg/m³,DICHOT,EDXRF
100304,VICTORIA TOPAZ,Nickel,2003-02-13T19:00,0.001,µg/m³,DICHOT,EDXRF
100304,VICTORIA TOPAZ,Nickel,2003-02-13T19:00,0.002,µg/m³,DICHOT,EDXRF
100304,VICTORIA TOPAZ,Nickel,2003-02-19T19:00,0.000,µg/m³,DICHOT,EDXRF
100304,VICTORIA TOPAZ,Nickel,2003-02-19T19:00,0.001,µg/m³,DICHOT,EDXRF
100304,VICTORIA TOPAZ,Nickel,2003-02-25T19:00,0.000,µg/m³,DICHOT,EDXRF
100304,VICTORIA TOPAZ,Nickel,2003-02-25T19:00,0.000,µg/m³,DICHOT,EDXRF
100304,VICTORIA TOPAZ,Nickel,2003-03-03T19:00,0.000,µg/m³,DICHOT,EDXRF
100304,VICTORIA TOPAZ,Nickel,2003-03-03T19:00,0.000,µg/m³,DICHOT,EDXRF
100304,VICTORIA TOPAZ,Nickel,2003-03-09T19:00,0.000,µg/m³,DICHOT,EDXRF
100304,VICTORIA TOPAZ,Nickel,2003-03-09T19:00,0.000,µg/m³,DICHOT,EDXRF
100304,VICTORIA TOPAZ,Nickel,2003-03-15T19:00,0.000,µg/m³,DICHOT,EDXRF
100304,VICTORIA TOPAZ,Nickel,2003-03-15T19:00,0.001,µg/m³,DICHOT,EDXRF
100304,VICTORIA TOPAZ,Nickel,2003-03-21T19:00,0.000,µg/m³,DICHOT,EDXRF
100304,VICTORIA TOPAZ,Nickel,2003-03-21T19:00,0.000,µg/m³,DICHOT,EDXRF
100304,VICTORIA TOPAZ,Nickel,2003-03-27T19:00,0.000,µg/m³,DICHOT,EDXRF
100304,VICTORIA TOPAZ,Nickel,2003-03-27T19:00,0.000,µg/m³,DICHOT,EDXRF
100304,VICTORIA TOPAZ,Nickel,2003-04-02T19:00,0.000,µg/m³,DICHOT,EDXRF
100304,VICTORIA TOPAZ,Nickel,2003-04-02T19:00,0.001,µg/m³,DICHOT,EDXRF
100304,VICTORIA TOPAZ,Nickel,2003-04-08T20:00,0.000,µg/m³,DICHOT,EDXRF
100304,VICTORIA TOPAZ,Nickel,2003-04-08T20:00,0.001,µg/m³,DICHOT,EDXRF
100304,VICTORIA TOPAZ,Nickel,2003-04-14T20:00,0.000,µg/m³,DICHOT,EDXRF
100304,VICTORIA TOPAZ,Nickel,2003-04-14T20:00,0.001,µg/m³,DICHOT,EDXRF
100304,VICTORIA TOPAZ,Nickel,2003-04-20T20:00,0.000,µg/m³,DICHOT,EDXRF
100304,VICTORIA TOPAZ,Nickel,2003-04-20T20:00,0.000,µg/m³,DICHOT,EDXRF
100304,VICTORIA TOPAZ,Nickel,2003-04-26T20:00,0.000,µg/m³,DICHOT,EDXRF
100304,VICTORIA TOPAZ,Nickel,2003-04-26T20:00,0.001,µg/m³,DICHOT,EDXRF
100304,VICTORIA TOPAZ,Nickel,2003-05-02T20:00,0.001,µg/m³,DICHOT,EDXRF
100304,VICTORIA TOPAZ,Nickel,2003-05-02T20:00,0.002,µg/m³,DICHOT,EDXRF
100304,VICTORIA TOPAZ,Nickel,2003-05-08T20:00,0.000,µg/m³,DICHOT,EDXRF
100304,VICTORIA TOPAZ,Nickel,2003-05-08T20:00,0.003,µg/m³,DICHOT,EDXRF
100304,VICTORIA TOPAZ,Nickel,2003-05-14T20:00,0.001,µg/m³,DICHOT,EDXRF
100304,VICTORIA TOPAZ,Nickel,2003-05-14T20:00,0.003,µg/m³,DICHOT,EDXRF
100304,VICTORIA TOPAZ,Nickel,2003-05-26T20:00,0.000,µg/m³,DICHOT,EDXRF
100304,VICTORIA TOPAZ,Nickel,2003-05-26T20:00,0.003,µg/m³,DICHOT,EDXRF
100304,VICTORIA TOPAZ,Nickel,2003-06-01T20:00,0.000,µg/m³,DICHOT,EDXRF
100304,VICTORIA TOPAZ,Nickel,2003-06-01T20:00,0.003,µg/m³,DICHOT,EDXRF
100304,VICTORIA TOPAZ,Nickel,2003-06-13T20:00,0.000,µg/m³,DICHOT,EDXRF
100304,VICTORIA TOPAZ,Nickel,2003-06-13T20:00,0.000,µg/m³,DICHOT,EDXRF
100304,VICTORIA TOPAZ,Nickel,2003-06-19T20:00,0.000,µg/m³,DICHOT,EDXRF
100304,VICTORIA TOPAZ,Nickel,2003-06-19T20:00,0.000,µg/m³,DICHOT,EDXRF
100304,VICTORIA TOPAZ,Nickel,2003-06-25T20:00,0.000,µg/m³,DICHOT,EDXRF
100304,VICTORIA TOPAZ,Nickel,2003-06-25T20:00,0.002,µg/m³,DICHOT,EDXRF
100304,VICTORIA TOPAZ,Nickel,2003-07-01T20:00,0.000,µg/m³,DICHOT,EDXRF
100304,VICTORIA TOPAZ,Nickel,2003-07-01T20:00,0.002,µg/m³,DICHOT,EDXRF
100304,VICTORIA TOPAZ,Nickel,2003-07-07T20:00,0.002,µg/m³,DICHOT,EDXRF
100304,VICTORIA TOPAZ,Nickel,2003-07-07T20:00,0.003,µg/m³,DICHOT,EDXRF
100304,VICTORIA TOPAZ,Nickel,2003-07-13T20:00,0.000,µg/m³,DICHOT,EDXRF
100304,VICTORIA TOPAZ,Nickel,2003-07-13T20:00,0.000,µg/m³,DICHOT,EDXRF
100304,VICTORIA TOPAZ,Nickel,2003-07-19T20:00,0.002,µg/m³,DICHOT,EDXRF
100304,VICTORIA TOPAZ,Nickel,2003-07-19T20:00,0.003,µg/m³,DICHOT,EDXRF
100304,VICTORIA TOPAZ,Nickel,2003-07-25T20:00,0.001,µg/m³,DICHOT,EDXRF
100304,VICTORIA TOPAZ,Nickel,2003-07-25T20:00,0.004,µg/m³,DICHOT,EDXRF
100304,VICTORIA TOPAZ,Nickel,2003-07-31T20:00,0.003,µg/m³,DICHOT,EDXRF
100304,VICTORIA TOPAZ,Nickel,2003-07-31T20:00,0.003,µg/m³,DICHOT,EDXRF
100304,VICTORIA TOPAZ,Nickel,2003-08-06T20:00,0.002,µg/m³,DICHOT,EDXRF
100304,VICTORIA TOPAZ,Nickel,2003-08-06T20:00,0.004,µg/m³,DICHOT,EDXRF
100304,VICTORIA TOPAZ,Nickel,2003-08-12T20:00,0.000,µg/m³,DICHOT,EDXRF
100304,VICTORIA TOPAZ,Nickel,2003-08-12T20:00,0.001,µg/m³,DICHOT,EDXRF
100304,VICTORIA TOPAZ,Nickel,2003-08-18T20:00,0.000,µg/m³,DICHOT,EDXRF
100304,VICTORIA TOPAZ,Nickel,2003-08-18T20:00,0.003,µg/m³,DICHOT,EDXRF
100304,VICTORIA TOPAZ,Nickel,2003-08-24T20:00,0.000,µg/m³,DICHOT,EDXRF
100304,VICTORIA TOPAZ,Nickel,2003-08-24T20:00,0.002,µg/m³,DICHOT,EDXRF
100304,VICTORIA TOPAZ,Nickel,2003-08-30T20:00,0.000,µg/m³,DICHOT,EDXRF
100304,VICTORIA TOPAZ,Nickel,2003-08-30T20:00,0.004,µg/m³,DICHOT,EDXRF
100304,VICTORIA TOPAZ,Nickel,2003-09-05T20:00,0.000,µg/m³,DICHOT,EDXRF
100304,VICTORIA TOPAZ,Nickel,2003-09-05T20:00,0.007,µg/m³,DICHOT,EDXRF
100304,VICTORIA TOPAZ,Nickel,2003-09-11T20:00,0.000,µg/m³,DICHOT,EDXRF
100304,VICTORIA TOPAZ,Nickel,2003-09-11T20:00,0.002,µg/m³,DICHOT,EDXRF
100304,VICTORIA TOPAZ,Nickel,2003-09-17T20:00,0.001,µg/m³,DICHOT,EDXRF
100304,VICTORIA TOPAZ,Nickel,2003-09-17T20:00,0.002,µg/m³,DICHOT,EDXRF
100304,VICTORIA TOPAZ,Nickel,2003-09-23T20:00,0.000,µg/m³,DICHOT,EDXRF
100304,VICTORIA TOPAZ,Nickel,2003-09-23T20:00,0.000,µg/m³,DICHOT,EDXRF
100304,VICTORIA TOPAZ,Nickel,2003-09-29T20:00,0.002,µg/m³,DICHOT,EDXRF
100304,VICTORIA TOPAZ,Nickel,2003-09-29T20:00,0.002,µg/m³,DICHOT,EDXRF
100304,VICTORIA TOPAZ,Nickel,2003-10-05T20:00,0.000,µg/m³,DICHOT,EDXRF
100304,VICTORIA TOPAZ,Nickel,2003-10-05T20:00,0.000,µg/m³,DICHOT,EDXRF
100304,VICTORIA TOPAZ,Nickel,2003-10-11T20:00,0.000,µg/m³,DICHOT,EDXRF
100304,VICTORIA TOPAZ,Nickel,2003-10-11T20:00,0.000,µg/m³,DICHOT,EDXRF
100304,VICTORIA TOPAZ,Nickel,2003-10-29T19:00,0.000,µg/m³,DICHOT,EDXRF
100304,VICTORIA TOPAZ,Nickel,2003-10-29T19:00,0.000,µg/m³,DICHOT,EDXRF
100304,VICTORIA TOPAZ,Nickel,2003-11-04T19:00,0.000,µg/m³,DICHOT,EDXRF
100304,VICTORIA TOPAZ,Nickel,2003-11-04T19:00,0.002,µg/m³,DICHOT,EDXRF
100304,VICTORIA TOPAZ,Nickel,2003-11-10T19:00,0.001,µg/m³,DICHOT,EDXRF
100304,VICTORIA TOPAZ,Nickel,2003-11-10T19:00,0.002,µg/m³,DICHOT,EDXRF
100304,VICTORIA TOPAZ,Nickel,2003-11-16T19:00,0.000,µg/m³,DICHOT,EDXRF
100304,VICTORIA TOPAZ,Nickel,2003-11-16T19:00,0.000,µg/m³,DICHOT,EDXRF
100304,VICTORIA TOPAZ,Nickel,2003-11-22T19:00,0.000,µg/m³,DICHOT,EDXRF
100304,VICTORIA TOPAZ,Nickel,2003-11-22T19:00,0.000,µg/m³,DICHOT,EDXRF
100304,VICTORIA TOPAZ,Nickel,2003-11-28T19:00,0.001,µg/m³,DICHOT,EDXRF
100304,VICTORIA TOPAZ,Nickel,2003-11-28T19:00,0.001,µg/m³,DICHOT,EDXRF
100304,VICTORIA TOPAZ,Nickel,2003-12-10T19:00,0.000,µg/m³,DICHOT,EDXRF
100304,VICTORIA TOPAZ,Nickel,2003-12-10T19:00,0.001,µg/m³,DICHOT,EDXRF
100304,VICTORIA TOPAZ,Nickel,2003-12-16T19:00,0.000,µg/m³,DICHOT,EDXRF
100304,VICTORIA TOPAZ,Nickel,2003-12-16T19:00,0.000,µg/m³,DICHOT,EDXRF
100304,VICTORIA TOPAZ,Nickel,2003-12-22T19:00,0.000,µg/m³,DICHOT,EDXRF
100304,VICTORIA TOPAZ,Nickel,2003-12-22T19:00,0.000,µg/m³,DICHOT,EDXRF
100304,VICTORIA TOPAZ,Nickel,2003-12-28T19:00,0.000,µg/m³,DICHOT,EDXRF
100304,VICTORIA TOPAZ,Nickel,2003-12-28T19:00,0.000,µg/m³,DICHOT,EDXRF
