﻿NAPS_Site_ID,Station_Name,Pollutant,Date,Value,Units,Report_Type,Method
100128,RICHMOND SOUTH,Trichloroethylene,2000-01-01T00:00,0.100,µg/m³,VOC,
100128,RICHMOND SOUTH,Trichloroethylene,2000-01-25T00:00,0.710,µg/m³,VOC,
100128,RICHMOND SOUTH,Trichloroethylene,2000-02-12T00:00,0.280,µg/m³,VOC,
100128,RICHMOND SOUTH,Trichloroethylene,2000-03-01T00:00,0.070,µg/m³,VOC,
100128,RICHMOND SOUTH,Trichloroethylene,2000-03-19T00:00,0.080,µg/m³,VOC,
100128,RICHMOND SOUTH,Trichloroethylene,2000-04-06T00:00,0.090,µg/m³,VOC,
100128,RICHMOND SOUTH,Trichloroethylene,2000-04-24T00:00,0.120,µg/m³,VOC,
100128,RICHMOND SOUTH,Trichloroethylene,2000-05-06T00:00,0.080,µg/m³,VOC,
100128,RICHMOND SOUTH,Trichloroethylene,2000-05-30T00:00,0.110,µg/m³,VOC,
100128,RICHMOND SOUTH,Trichloroethylene,2000-06-17T00:00,0.130,µg/m³,VOC,
100128,RICHMOND SOUTH,Trichloroethylene,2000-07-05T00:00,0.200,µg/m³,VOC,
100128,RICHMOND SOUTH,Trichloroethylene,2000-07-23T00:00,0.090,µg/m³,VOC,
100128,RICHMOND SOUTH,Trichloroethylene,2000-08-10T00:00,0.140,µg/m³,VOC,
100128,RICHMOND SOUTH,Trichloroethylene,2000-08-28T00:00,0.120,µg/m³,VOC,
100128,RICHMOND SOUTH,Trichloroethylene,2000-09-15T00:00,0.090,µg/m³,VOC,
100128,RICHMOND SOUTH,Trichloroethylene,2000-10-03T00:00,0.120,µg/m³,VOC,
100128,RICHMOND SOUTH,Trichloroethylene,2000-10-21T00:00,0.110,µg/m³,VOC,
100128,RICHMOND SOUTH,Trichloroethylene,2000-11-08T00:00,0.250,µg/m³,VOC,
100128,RICHMOND SOUTH,Trichloroethylene,2000-11-26T00:00,0.100,µg/m³,VOC,
100128,RICHMOND SOUTH,Trichloroethylene,2000-12-14T00:00,0.140,µg/m³,VOC,
