﻿NAPS_Site_ID,Station_Name,Pollutant,Date,Value,Units,Report_Type,Method
61004,CENTENNIAL PARK _SARNIA_,Styrene,2002-01-02T00:00,0.050,µg/m³,VOC,
61004,CENTENNIAL PARK _SARNIA_,Styrene,2002-01-08T00:00,0.090,µg/m³,VOC,
61004,CENTENNIAL PARK _SARNIA_,Styrene,2002-01-14T00:00,0.200,µg/m³,VOC,
61004,CENTENNIAL PARK _SARNIA_,Styrene,2002-01-20T00:00,0.030,µg/m³,VOC,
61004,CENTENNIAL PARK _SARNIA_,Styrene,2002-01-26T00:00,0.310,µg/m³,VOC,
61004,CENTENNIAL PARK _SARNIA_,Styrene,2002-02-01T00:00,0.110,µg/m³,VOC,
61004,CENTENNIAL PARK _SARNIA_,Styrene,2002-02-07T00:00,0.030,µg/m³,VOC,
61004,CENTENNIAL PARK _SARNIA_,Styrene,2002-02-13T00:00,0.020,µg/m³,VOC,
61004,CENTENNIAL PARK _SARNIA_,Styrene,2002-02-19T00:00,0.160,µg/m³,VOC,
61004,CENTENNIAL PARK _SARNIA_,Styrene,2002-02-25T00:00,0.220,µg/m³,VOC,
61004,CENTENNIAL PARK _SARNIA_,Styrene,2002-03-03T00:00,0.040,µg/m³,VOC,
61004,CENTENNIAL PARK _SARNIA_,Styrene,2002-03-09T00:00,0.080,µg/m³,VOC,
61004,CENTENNIAL PARK _SARNIA_,Styrene,2002-05-26T00:00,0.047,µg/m³,VOC,
61004,CENTENNIAL PARK _SARNIA_,Styrene,2002-06-01T00:00,0.051,µg/m³,VOC,
61004,CENTENNIAL PARK _SARNIA_,Styrene,2002-06-07T00:00,0.164,µg/m³,VOC,
61004,CENTENNIAL PARK _SARNIA_,Styrene,2002-06-13T00:00,0.030,µg/m³,VOC,
61004,CENTENNIAL PARK _SARNIA_,Styrene,2002-06-19T00:00,0.094,µg/m³,VOC,
61004,CENTENNIAL PARK _SARNIA_,Styrene,2002-06-25T00:00,0.228,µg/m³,VOC,
61004,CENTENNIAL PARK _SARNIA_,Styrene,2002-07-01T00:00,0.087,µg/m³,VOC,
61004,CENTENNIAL PARK _SARNIA_,Styrene,2002-07-07T00:00,0.157,µg/m³,VOC,
61004,CENTENNIAL PARK _SARNIA_,Styrene,2002-07-13T00:00,0.373,µg/m³,VOC,
61004,CENTENNIAL PARK _SARNIA_,Styrene,2002-07-19T00:00,0.084,µg/m³,VOC,
61004,CENTENNIAL PARK _SARNIA_,Styrene,2002-07-25T00:00,0.047,µg/m³,VOC,
61004,CENTENNIAL PARK _SARNIA_,Styrene,2002-07-31T00:00,0.112,µg/m³,VOC,
61004,CENTENNIAL PARK _SARNIA_,Styrene,2002-08-06T00:00,0.022,µg/m³,VOC,
61004,CENTENNIAL PARK _SARNIA_,Styrene,2002-08-12T00:00,0.205,µg/m³,VOC,
61004,CENTENNIAL PARK _SARNIA_,Styrene,2002-08-18T00:00,0.028,µg/m³,VOC,
61004,CENTENNIAL PARK _SARNIA_,Styrene,2002-08-24T00:00,0.071,µg/m³,VOC,
61004,CENTENNIAL PARK _SARNIA_,Styrene,2002-09-11T00:00,0.022,µg/m³,VOC,
61004,CENTENNIAL PARK _SARNIA_,Styrene,2002-09-17T00:00,0.044,µg/m³,VOC,
61004,CENTENNIAL PARK _SARNIA_,Styrene,2002-09-23T00:00,0.051,µg/m³,VOC,
61004,CENTENNIAL PARK _SARNIA_,Styrene,2002-09-29T00:00,0.219,µg/m³,VOC,
61004,CENTENNIAL PARK _SARNIA_,Styrene,2002-10-05T00:00,0.030,µg/m³,VOC,
61004,CENTENNIAL PARK _SARNIA_,Styrene,2002-10-11T00:00,0.217,µg/m³,VOC,
61004,CENTENNIAL PARK _SARNIA_,Styrene,2002-10-17T00:00,0.027,µg/m³,VOC,
61004,CENTENNIAL PARK _SARNIA_,Styrene,2002-11-04T00:00,0.041,µg/m³,VOC,
61004,CENTENNIAL PARK _SARNIA_,Styrene,2002-11-10T00:00,0.181,µg/m³,VOC,
61004,CENTENNIAL PARK _SARNIA_,Styrene,2002-11-16T00:00,0.034,µg/m³,VOC,
61004,CENTENNIAL PARK _SARNIA_,Styrene,2002-11-22T00:00,0.022,µg/m³,VOC,
61004,CENTENNIAL PARK _SARNIA_,Styrene,2002-11-28T00:00,0.100,µg/m³,VOC,
61004,CENTENNIAL PARK _SARNIA_,Styrene,2002-12-04T00:00,0.034,µg/m³,VOC,
61004,CENTENNIAL PARK _SARNIA_,Styrene,2002-12-16T00:00,0.031,µg/m³,VOC,
61004,CENTENNIAL PARK _SARNIA_,Styrene,2002-12-22T00:00,0.033,µg/m³,VOC,
61004,CENTENNIAL PARK _SARNIA_,Styrene,2002-12-28T00:00,0.075,µg/m³,VOC,
