﻿NAPS_Site_ID,Station_Name,Pollutant,Date,Value,Units,Report_Type,Method
40203,FOREST HILLS,"1,1,1-Trichloroethane",2009-01-01T00:00,0.057,µg/m³,VOC,GC-MS
40203,FOREST HILLS,"1,1,1-Trichloroethane",2009-01-25T00:00,0.065,µg/m³,VOC,GC-MS
40203,FOREST HILLS,"1,1,1-Trichloroethane",2009-01-31T00:00,0.043,µg/m³,VOC,GC-MS
40203,FOREST HILLS,"1,1,1-Trichloroethane",2009-02-06T00:00,0.043,µg/m³,VOC,GC-MS
40203,FOREST HILLS,"1,1,1-Trichloroethane",2009-02-12T00:00,0.043,µg/m³,VOC,GC-MS
40203,FOREST HILLS,"1,1,1-Trichloroethane",2009-03-02T00:00,0.043,µg/m³,VOC,GC-MS
40203,FOREST HILLS,"1,1,1-Trichloroethane",2009-03-08T00:00,0.041,µg/m³,VOC,GC-MS
40203,FOREST HILLS,"1,1,1-Trichloroethane",2009-03-14T00:00,0.053,µg/m³,VOC,GC-MS
40203,FOREST HILLS,"1,1,1-Trichloroethane",2009-03-20T00:00,0.052,µg/m³,VOC,GC-MS
40203,FOREST HILLS,"1,1,1-Trichloroethane",2009-03-26T00:00,0.053,µg/m³,VOC,GC-MS
40203,FOREST HILLS,"1,1,1-Trichloroethane",2009-04-01T00:00,0.056,µg/m³,VOC,GC-MS
40203,FOREST HILLS,"1,1,1-Trichloroethane",2009-04-13T00:00,0.054,µg/m³,VOC,GC-MS
40203,FOREST HILLS,"1,1,1-Trichloroethane",2009-04-19T00:00,0.053,µg/m³,VOC,GC-MS
40203,FOREST HILLS,"1,1,1-Trichloroethane",2009-04-25T00:00,0.055,µg/m³,VOC,GC-MS
40203,FOREST HILLS,"1,1,1-Trichloroethane",2009-05-01T00:00,0.051,µg/m³,VOC,GC-MS
40203,FOREST HILLS,"1,1,1-Trichloroethane",2009-05-07T00:00,0.052,µg/m³,VOC,GC-MS
40203,FOREST HILLS,"1,1,1-Trichloroethane",2009-05-13T00:00,0.053,µg/m³,VOC,GC-MS
40203,FOREST HILLS,"1,1,1-Trichloroethane",2009-05-19T00:00,0.054,µg/m³,VOC,GC-MS
40203,FOREST HILLS,"1,1,1-Trichloroethane",2009-05-25T00:00,0.048,µg/m³,VOC,GC-MS
40203,FOREST HILLS,"1,1,1-Trichloroethane",2009-05-31T00:00,0.049,µg/m³,VOC,GC-MS
40203,FOREST HILLS,"1,1,1-Trichloroethane",2009-06-06T00:00,0.049,µg/m³,VOC,GC-MS
40203,FOREST HILLS,"1,1,1-Trichloroethane",2009-06-12T00:00,0.052,µg/m³,VOC,GC-MS
40203,FOREST HILLS,"1,1,1-Trichloroethane",2009-06-18T00:00,0.054,µg/m³,VOC,GC-MS
40203,FOREST HILLS,"1,1,1-Trichloroethane",2009-06-24T00:00,0.053,µg/m³,VOC,GC-MS
40203,FOREST HILLS,"1,1,1-Trichloroethane",2009-06-30T00:00,0.061,µg/m³,VOC,GC-MS
40203,FOREST HILLS,"1,1,1-Trichloroethane",2009-07-06T00:00,0.060,µg/m³,VOC,GC-MS
40203,FOREST HILLS,"1,1,1-Trichloroethane",2009-07-12T00:00,0.054,µg/m³,VOC,GC-MS
40203,FOREST HILLS,"1,1,1-Trichloroethane",2009-07-18T00:00,0.052,µg/m³,VOC,GC-MS
40203,FOREST HILLS,"1,1,1-Trichloroethane",2009-07-24T00:00,0.056,µg/m³,VOC,GC-MS
40203,FOREST HILLS,"1,1,1-Trichloroethane",2009-07-30T00:00,0.052,µg/m³,VOC,GC-MS
40203,FOREST HILLS,"1,1,1-Trichloroethane",2009-08-05T00:00,0.058,µg/m³,VOC,GC-MS
40203,FOREST HILLS,"1,1,1-Trichloroethane",2009-08-11T00:00,0.059,µg/m³,VOC,GC-MS
40203,FOREST HILLS,"1,1,1-Trichloroethane",2009-08-17T00:00,0.062,µg/m³,VOC,GC-MS
40203,FOREST HILLS,"1,1,1-Trichloroethane",2009-08-23T00:00,0.058,µg/m³,VOC,GC-MS
40203,FOREST HILLS,"1,1,1-Trichloroethane",2009-08-29T00:00,0.058,µg/m³,VOC,GC-MS
40203,FOREST HILLS,"1,1,1-Trichloroethane",2009-09-04T00:00,0.056,µg/m³,VOC,GC-MS
40203,FOREST HILLS,"1,1,1-Trichloroethane",2009-09-10T00:00,0.058,µg/m³,VOC,GC-MS
40203,FOREST HILLS,"1,1,1-Trichloroethane",2009-11-27T00:00,0.055,µg/m³,VOC,GC-MS
40203,FOREST HILLS,"1,1,1-Trichloroethane",2009-12-03T00:00,0.051,µg/m³,VOC,GC-MS
40203,FOREST HILLS,"1,1,1-Trichloroethane",2009-12-21T00:00,0.053,µg/m³,VOC,GC-MS
40203,FOREST HILLS,"1,1,1-Trichloroethane",2009-12-27T00:00,0.053,µg/m³,VOC,GC-MS
