﻿NAPS_Site_ID,Station_Name,Pollutant,Date,Value,Units,Report_Type,Method
100127,SURREY EAST,"2,4-Dimethylpentane",2001-01-07T00:00,0.290,µg/m³,VOC,N/A
100127,SURREY EAST,"2,4-Dimethylpentane",2001-02-06T00:00,0.180,µg/m³,VOC,N/A
100127,SURREY EAST,"2,4-Dimethylpentane",2001-02-24T00:00,0.130,µg/m³,VOC,N/A
100127,SURREY EAST,"2,4-Dimethylpentane",2001-03-14T00:00,0.100,µg/m³,VOC,N/A
100127,SURREY EAST,"2,4-Dimethylpentane",2001-04-01T00:00,0.090,µg/m³,VOC,N/A
100127,SURREY EAST,"2,4-Dimethylpentane",2001-04-25T00:00,0.160,µg/m³,VOC,N/A
100127,SURREY EAST,"2,4-Dimethylpentane",2001-05-13T00:00,0.100,µg/m³,VOC,N/A
100127,SURREY EAST,"2,4-Dimethylpentane",2001-05-31T00:00,0.170,µg/m³,VOC,N/A
100127,SURREY EAST,"2,4-Dimethylpentane",2001-07-06T00:00,0.120,µg/m³,VOC,N/A
100127,SURREY EAST,"2,4-Dimethylpentane",2001-08-05T00:00,0.100,µg/m³,VOC,N/A
100127,SURREY EAST,"2,4-Dimethylpentane",2001-08-23T00:00,0.120,µg/m³,VOC,N/A
100127,SURREY EAST,"2,4-Dimethylpentane",2001-09-16T00:00,0.220,µg/m³,VOC,N/A
100127,SURREY EAST,"2,4-Dimethylpentane",2001-10-04T00:00,0.100,µg/m³,VOC,N/A
100127,SURREY EAST,"2,4-Dimethylpentane",2001-10-28T00:00,0.150,µg/m³,VOC,N/A
100127,SURREY EAST,"2,4-Dimethylpentane",2001-11-21T00:00,0.110,µg/m³,VOC,N/A
100127,SURREY EAST,"2,4-Dimethylpentane",2001-12-09T00:00,0.100,µg/m³,VOC,N/A
100127,SURREY EAST,"2,4-Dimethylpentane",2001-12-21T00:00,0.180,µg/m³,VOC,N/A
