﻿NAPS_Site_ID,Station_Name,Pollutant,Date,Value,Units,Report_Type,Method
61004,CENTENNIAL PARK _SARNIA_,2-Methyl-1-butene,2003-01-15T00:00,0.042,µg/m³,VOC,
61004,CENTENNIAL PARK _SARNIA_,2-Methyl-1-butene,2003-01-21T00:00,0.029,µg/m³,VOC,
61004,CENTENNIAL PARK _SARNIA_,2-Methyl-1-butene,2003-01-27T00:00,0.029,µg/m³,VOC,
61004,CENTENNIAL PARK _SARNIA_,2-Methyl-1-butene,2003-02-02T00:00,0.060,µg/m³,VOC,
61004,CENTENNIAL PARK _SARNIA_,2-Methyl-1-butene,2003-02-08T00:00,0.040,µg/m³,VOC,
61004,CENTENNIAL PARK _SARNIA_,2-Methyl-1-butene,2003-02-14T00:00,0.084,µg/m³,VOC,
61004,CENTENNIAL PARK _SARNIA_,2-Methyl-1-butene,2003-02-20T00:00,0.233,µg/m³,VOC,
61004,CENTENNIAL PARK _SARNIA_,2-Methyl-1-butene,2003-02-26T00:00,0.114,µg/m³,VOC,
61004,CENTENNIAL PARK _SARNIA_,2-Methyl-1-butene,2003-03-04T00:00,0.153,µg/m³,VOC,
61004,CENTENNIAL PARK _SARNIA_,2-Methyl-1-butene,2003-03-10T00:00,0.025,µg/m³,VOC,
61004,CENTENNIAL PARK _SARNIA_,2-Methyl-1-butene,2003-03-16T00:00,0.203,µg/m³,VOC,
61004,CENTENNIAL PARK _SARNIA_,2-Methyl-1-butene,2003-03-22T00:00,0.162,µg/m³,VOC,
61004,CENTENNIAL PARK _SARNIA_,2-Methyl-1-butene,2003-04-15T00:00,0.408,µg/m³,VOC,
61004,CENTENNIAL PARK _SARNIA_,2-Methyl-1-butene,2003-04-21T00:00,0.350,µg/m³,VOC,
61004,CENTENNIAL PARK _SARNIA_,2-Methyl-1-butene,2003-08-25T00:00,0.184,µg/m³,VOC,
61004,CENTENNIAL PARK _SARNIA_,2-Methyl-1-butene,2003-08-31T00:00,0.325,µg/m³,VOC,
61004,CENTENNIAL PARK _SARNIA_,2-Methyl-1-butene,2003-09-06T00:00,0.408,µg/m³,VOC,
61004,CENTENNIAL PARK _SARNIA_,2-Methyl-1-butene,2003-09-12T00:00,0.216,µg/m³,VOC,
61004,CENTENNIAL PARK _SARNIA_,2-Methyl-1-butene,2003-09-18T00:00,0.295,µg/m³,VOC,
61004,CENTENNIAL PARK _SARNIA_,2-Methyl-1-butene,2003-09-24T00:00,0.271,µg/m³,VOC,
61004,CENTENNIAL PARK _SARNIA_,2-Methyl-1-butene,2003-09-30T00:00,0.093,µg/m³,VOC,
61004,CENTENNIAL PARK _SARNIA_,2-Methyl-1-butene,2003-10-06T00:00,0.210,µg/m³,VOC,
61004,CENTENNIAL PARK _SARNIA_,2-Methyl-1-butene,2003-10-12T00:00,0.270,µg/m³,VOC,
61004,CENTENNIAL PARK _SARNIA_,2-Methyl-1-butene,2003-10-18T00:00,0.231,µg/m³,VOC,
61004,CENTENNIAL PARK _SARNIA_,2-Methyl-1-butene,2003-10-24T00:00,0.251,µg/m³,VOC,
61004,CENTENNIAL PARK _SARNIA_,2-Methyl-1-butene,2003-10-30T00:00,0.254,µg/m³,VOC,
61004,CENTENNIAL PARK _SARNIA_,2-Methyl-1-butene,2003-11-05T00:00,0.213,µg/m³,VOC,
61004,CENTENNIAL PARK _SARNIA_,2-Methyl-1-butene,2003-11-11T00:00,0.440,µg/m³,VOC,
61004,CENTENNIAL PARK _SARNIA_,2-Methyl-1-butene,2003-11-17T00:00,0.185,µg/m³,VOC,
61004,CENTENNIAL PARK _SARNIA_,2-Methyl-1-butene,2003-11-23T00:00,0.313,µg/m³,VOC,
61004,CENTENNIAL PARK _SARNIA_,2-Methyl-1-butene,2003-11-29T00:00,0.030,µg/m³,VOC,
61004,CENTENNIAL PARK _SARNIA_,2-Methyl-1-butene,2003-12-05T00:00,0.060,µg/m³,VOC,
61004,CENTENNIAL PARK _SARNIA_,2-Methyl-1-butene,2003-12-11T00:00,0.070,µg/m³,VOC,
61004,CENTENNIAL PARK _SARNIA_,2-Methyl-1-butene,2003-12-17T00:00,0.055,µg/m³,VOC,
61004,CENTENNIAL PARK _SARNIA_,2-Methyl-1-butene,2003-12-23T00:00,0.127,µg/m³,VOC,
61004,CENTENNIAL PARK _SARNIA_,2-Methyl-1-butene,2003-12-29T00:00,0.375,µg/m³,VOC,
