﻿NAPS_Site_ID,Station_Name,Pollutant,Date,Value,Units,Report_Type,Method
60413,CENTENNIAL PARK _ETOBICOKE WEST_,2-Methylhexane,1999-01-06T00:00,0.446,µg/m³,VOC,GC-MS
60413,CENTENNIAL PARK _ETOBICOKE WEST_,2-Methylhexane,1999-01-12T00:00,1.220,µg/m³,VOC,GC-MS
60413,CENTENNIAL PARK _ETOBICOKE WEST_,2-Methylhexane,1999-01-18T00:00,0.500,µg/m³,VOC,GC-MS
60413,CENTENNIAL PARK _ETOBICOKE WEST_,2-Methylhexane,1999-01-24T00:00,0.188,µg/m³,VOC,GC-MS
60413,CENTENNIAL PARK _ETOBICOKE WEST_,2-Methylhexane,1999-01-30T00:00,0.626,µg/m³,VOC,GC-MS
60413,CENTENNIAL PARK _ETOBICOKE WEST_,2-Methylhexane,1999-02-05T00:00,0.380,µg/m³,VOC,GC-MS
60413,CENTENNIAL PARK _ETOBICOKE WEST_,2-Methylhexane,1999-02-11T00:00,1.280,µg/m³,VOC,GC-MS
60413,CENTENNIAL PARK _ETOBICOKE WEST_,2-Methylhexane,1999-02-17T00:00,0.480,µg/m³,VOC,GC-MS
60413,CENTENNIAL PARK _ETOBICOKE WEST_,2-Methylhexane,1999-02-23T00:00,0.610,µg/m³,VOC,GC-MS
60413,CENTENNIAL PARK _ETOBICOKE WEST_,2-Methylhexane,1999-03-01T00:00,0.270,µg/m³,VOC,GC-MS
60413,CENTENNIAL PARK _ETOBICOKE WEST_,2-Methylhexane,1999-03-07T00:00,0.190,µg/m³,VOC,GC-MS
60413,CENTENNIAL PARK _ETOBICOKE WEST_,2-Methylhexane,1999-03-13T00:00,0.210,µg/m³,VOC,GC-MS
60413,CENTENNIAL PARK _ETOBICOKE WEST_,2-Methylhexane,1999-03-19T00:00,0.150,µg/m³,VOC,GC-MS
60413,CENTENNIAL PARK _ETOBICOKE WEST_,2-Methylhexane,1999-03-25T00:00,0.170,µg/m³,VOC,GC-MS
60413,CENTENNIAL PARK _ETOBICOKE WEST_,2-Methylhexane,1999-03-31T00:00,0.590,µg/m³,VOC,GC-MS
60413,CENTENNIAL PARK _ETOBICOKE WEST_,2-Methylhexane,1999-04-06T00:00,0.440,µg/m³,VOC,GC-MS
60413,CENTENNIAL PARK _ETOBICOKE WEST_,2-Methylhexane,1999-04-12T00:00,0.240,µg/m³,VOC,GC-MS
60413,CENTENNIAL PARK _ETOBICOKE WEST_,2-Methylhexane,1999-04-18T00:00,0.170,µg/m³,VOC,GC-MS
60413,CENTENNIAL PARK _ETOBICOKE WEST_,2-Methylhexane,1999-04-24T00:00,0.150,µg/m³,VOC,GC-MS
60413,CENTENNIAL PARK _ETOBICOKE WEST_,2-Methylhexane,1999-04-30T00:00,0.250,µg/m³,VOC,GC-MS
60413,CENTENNIAL PARK _ETOBICOKE WEST_,2-Methylhexane,1999-05-06T00:00,0.600,µg/m³,VOC,GC-MS
60413,CENTENNIAL PARK _ETOBICOKE WEST_,2-Methylhexane,1999-05-12T00:00,0.620,µg/m³,VOC,GC-MS
60413,CENTENNIAL PARK _ETOBICOKE WEST_,2-Methylhexane,1999-05-18T00:00,0.640,µg/m³,VOC,GC-MS
60413,CENTENNIAL PARK _ETOBICOKE WEST_,2-Methylhexane,1999-05-24T00:00,0.310,µg/m³,VOC,GC-MS
60413,CENTENNIAL PARK _ETOBICOKE WEST_,2-Methylhexane,1999-12-14T00:00,0.440,µg/m³,VOC,GC-MS
60413,CENTENNIAL PARK _ETOBICOKE WEST_,2-Methylhexane,1999-12-20T00:00,0.510,µg/m³,VOC,GC-MS
60413,CENTENNIAL PARK _ETOBICOKE WEST_,2-Methylhexane,1999-12-26T00:00,0.140,µg/m³,VOC,GC-MS
