﻿NAPS_Site_ID,Station_Name,Pollutant,Date,Value,Units,Report_Type,Method
100127,SURREY EAST,trans-2-Octene,1998-01-11T00:00,0.000,µg/m³,VOC,
100127,SURREY EAST,trans-2-Octene,1998-02-22T00:00,0.000,µg/m³,VOC,
100127,SURREY EAST,trans-2-Octene,1998-03-30T00:00,0.000,µg/m³,VOC,
100127,SURREY EAST,trans-2-Octene,1998-06-10T00:00,0.000,µg/m³,VOC,
100127,SURREY EAST,trans-2-Octene,1998-06-22T00:00,0.000,µg/m³,VOC,
100127,SURREY EAST,trans-2-Octene,1998-07-10T00:00,0.000,µg/m³,VOC,
100127,SURREY EAST,trans-2-Octene,1998-08-15T00:00,0.000,µg/m³,VOC,
100127,SURREY EAST,trans-2-Octene,1998-09-08T00:00,0.000,µg/m³,VOC,
100127,SURREY EAST,trans-2-Octene,1998-10-02T00:00,0.000,µg/m³,VOC,
100127,SURREY EAST,trans-2-Octene,1998-10-14T00:00,0.000,µg/m³,VOC,
100127,SURREY EAST,trans-2-Octene,1998-10-26T00:00,0.000,µg/m³,VOC,
100127,SURREY EAST,trans-2-Octene,1998-11-25T00:00,0.000,µg/m³,VOC,
100127,SURREY EAST,trans-2-Octene,1998-12-07T00:00,0.000,µg/m³,VOC,
100127,SURREY EAST,trans-2-Octene,1998-12-19T00:00,0.000,µg/m³,VOC,
100127,SURREY EAST,trans-2-Octene,1998-12-31T00:00,0.000,µg/m³,VOC,
