﻿NAPS_Site_ID,Station_Name,Pollutant,Date,Value,Units,Report_Type,Method
100141,ROADSIDE - CLARK DRIVE,Chloromethane,2021-02-03T00:00,0.996,µg/m³,VOC,GC-MS
100141,ROADSIDE - CLARK DRIVE,Chloromethane,2021-02-15T00:00,0.981,µg/m³,VOC,GC-MS
100141,ROADSIDE - CLARK DRIVE,Chloromethane,2021-02-21T00:00,1.041,µg/m³,VOC,GC-MS
100141,ROADSIDE - CLARK DRIVE,Chloromethane,2021-02-27T00:00,1.096,µg/m³,VOC,GC-MS
100141,ROADSIDE - CLARK DRIVE,Chloromethane,2021-03-06T00:00,1.064,µg/m³,VOC,GC-MS
100141,ROADSIDE - CLARK DRIVE,Chloromethane,2021-03-11T00:00,1.011,µg/m³,VOC,GC-MS
100141,ROADSIDE - CLARK DRIVE,Chloromethane,2021-03-17T00:00,0.983,µg/m³,VOC,GC-MS
100141,ROADSIDE - CLARK DRIVE,Chloromethane,2021-03-23T00:00,1.041,µg/m³,VOC,GC-MS
100141,ROADSIDE - CLARK DRIVE,Chloromethane,2021-04-04T00:00,1.003,µg/m³,VOC,GC-MS
100141,ROADSIDE - CLARK DRIVE,Chloromethane,2021-04-11T00:00,0.855,µg/m³,VOC,GC-MS
100141,ROADSIDE - CLARK DRIVE,Chloromethane,2021-04-16T00:00,1.000,µg/m³,VOC,GC-MS
100141,ROADSIDE - CLARK DRIVE,Chloromethane,2021-04-22T00:00,0.891,µg/m³,VOC,GC-MS
100141,ROADSIDE - CLARK DRIVE,Chloromethane,2021-04-28T00:00,0.935,µg/m³,VOC,GC-MS
100141,ROADSIDE - CLARK DRIVE,Chloromethane,2021-05-04T00:00,1.007,µg/m³,VOC,GC-MS
100141,ROADSIDE - CLARK DRIVE,Chloromethane,2021-05-10T00:00,0.994,µg/m³,VOC,GC-MS
100141,ROADSIDE - CLARK DRIVE,Chloromethane,2021-05-16T00:00,1.132,µg/m³,VOC,GC-MS
100141,ROADSIDE - CLARK DRIVE,Chloromethane,2021-05-22T00:00,1.133,µg/m³,VOC,GC-MS
100141,ROADSIDE - CLARK DRIVE,Chloromethane,2021-05-28T00:00,1.192,µg/m³,VOC,GC-MS
100141,ROADSIDE - CLARK DRIVE,Chloromethane,2021-06-03T00:00,1.180,µg/m³,VOC,GC-MS
100141,ROADSIDE - CLARK DRIVE,Chloromethane,2021-06-09T00:00,1.064,µg/m³,VOC,GC-MS
100141,ROADSIDE - CLARK DRIVE,Chloromethane,2021-06-15T00:00,1.089,µg/m³,VOC,GC-MS
100141,ROADSIDE - CLARK DRIVE,Chloromethane,2021-06-21T00:00,1.036,µg/m³,VOC,GC-MS
100141,ROADSIDE - CLARK DRIVE,Chloromethane,2021-06-27T00:00,1.129,µg/m³,VOC,GC-MS
100141,ROADSIDE - CLARK DRIVE,Chloromethane,2021-07-03T00:00,0.973,µg/m³,VOC,GC-MS
100141,ROADSIDE - CLARK DRIVE,Chloromethane,2021-07-15T00:00,0.999,µg/m³,VOC,GC-MS
100141,ROADSIDE - CLARK DRIVE,Chloromethane,2021-07-21T00:00,0.937,µg/m³,VOC,GC-MS
100141,ROADSIDE - CLARK DRIVE,Chloromethane,2021-07-27T00:00,0.968,µg/m³,VOC,GC-MS
100141,ROADSIDE - CLARK DRIVE,Chloromethane,2021-08-02T00:00,1.023,µg/m³,VOC,GC-MS
100141,ROADSIDE - CLARK DRIVE,Chloromethane,2021-08-08T00:00,1.000,µg/m³,VOC,GC-MS
100141,ROADSIDE - CLARK DRIVE,Chloromethane,2021-08-14T00:00,1.104,µg/m³,VOC,GC-MS
100141,ROADSIDE - CLARK DRIVE,Chloromethane,2021-08-20T00:00,0.996,µg/m³,VOC,GC-MS
100141,ROADSIDE - CLARK DRIVE,Chloromethane,2021-08-26T00:00,0.953,µg/m³,VOC,GC-MS
100141,ROADSIDE - CLARK DRIVE,Chloromethane,2021-09-01T00:00,0.911,µg/m³,VOC,GC-MS
100141,ROADSIDE - CLARK DRIVE,Chloromethane,2021-09-07T00:00,1.075,µg/m³,VOC,GC-MS
100141,ROADSIDE - CLARK DRIVE,Chloromethane,2021-09-19T00:00,1.014,µg/m³,VOC,GC-MS
100141,ROADSIDE - CLARK DRIVE,Chloromethane,2021-09-25T00:00,1.035,µg/m³,VOC,GC-MS
100141,ROADSIDE - CLARK DRIVE,Chloromethane,2021-10-02T00:00,0.929,µg/m³,VOC,GC-MS
100141,ROADSIDE - CLARK DRIVE,Chloromethane,2021-10-07T00:00,0.913,µg/m³,VOC,GC-MS
100141,ROADSIDE - CLARK DRIVE,Chloromethane,2021-10-13T00:00,0.906,µg/m³,VOC,GC-MS
100141,ROADSIDE - CLARK DRIVE,Chloromethane,2021-10-19T00:00,0.889,µg/m³,VOC,GC-MS
100141,ROADSIDE - CLARK DRIVE,Chloromethane,2021-10-25T00:00,0.889,µg/m³,VOC,GC-MS
100141,ROADSIDE - CLARK DRIVE,Chloromethane,2021-10-31T00:00,0.946,µg/m³,VOC,GC-MS
100141,ROADSIDE - CLARK DRIVE,Chloromethane,2021-11-06T00:00,0.997,µg/m³,VOC,GC-MS
100141,ROADSIDE - CLARK DRIVE,Chloromethane,2021-11-12T00:00,1.078,µg/m³,VOC,GC-MS
100141,ROADSIDE - CLARK DRIVE,Chloromethane,2021-11-24T00:00,0.954,µg/m³,VOC,GC-MS
100141,ROADSIDE - CLARK DRIVE,Chloromethane,2021-11-30T00:00,1.156,µg/m³,VOC,GC-MS
100141,ROADSIDE - CLARK DRIVE,Chloromethane,2021-12-06T00:00,0.906,µg/m³,VOC,GC-MS
100141,ROADSIDE - CLARK DRIVE,Chloromethane,2021-12-12T00:00,1.014,µg/m³,VOC,GC-MS
100141,ROADSIDE - CLARK DRIVE,Chloromethane,2021-12-18T00:00,1.174,µg/m³,VOC,GC-MS
100141,ROADSIDE - CLARK DRIVE,Chloromethane,2021-12-24T00:00,0.968,µg/m³,VOC,GC-MS
