﻿NAPS_Site_ID,Station_Name,Pollutant,Date,Value,Units,Report_Type,Method
100112,DOWNTOWN VANCOUVER,3-Methyl-1-pentene,2005-01-28T00:00,0.021,µg/m³,VOC,N/A
100112,DOWNTOWN VANCOUVER,3-Methyl-1-pentene,2005-02-15T00:00,0.009,µg/m³,VOC,N/A
100112,DOWNTOWN VANCOUVER,3-Methyl-1-pentene,2005-03-05T00:00,0.010,µg/m³,VOC,N/A
100112,DOWNTOWN VANCOUVER,3-Methyl-1-pentene,2005-03-23T00:00,0.011,µg/m³,VOC,N/A
100112,DOWNTOWN VANCOUVER,3-Methyl-1-pentene,2005-04-16T00:00,0.009,µg/m³,VOC,N/A
100112,DOWNTOWN VANCOUVER,3-Methyl-1-pentene,2005-05-04T00:00,0.021,µg/m³,VOC,N/A
100112,DOWNTOWN VANCOUVER,3-Methyl-1-pentene,2005-05-22T00:00,0.011,µg/m³,VOC,N/A
100112,DOWNTOWN VANCOUVER,3-Methyl-1-pentene,2005-06-09T00:00,0.012,µg/m³,VOC,N/A
100112,DOWNTOWN VANCOUVER,3-Methyl-1-pentene,2005-06-27T00:00,0.021,µg/m³,VOC,N/A
100112,DOWNTOWN VANCOUVER,3-Methyl-1-pentene,2005-08-02T00:00,0.000,µg/m³,VOC,N/A
100112,DOWNTOWN VANCOUVER,3-Methyl-1-pentene,2005-08-20T00:00,0.012,µg/m³,VOC,N/A
100112,DOWNTOWN VANCOUVER,3-Methyl-1-pentene,2005-09-25T00:00,0.009,µg/m³,VOC,N/A
100112,DOWNTOWN VANCOUVER,3-Methyl-1-pentene,2005-10-13T00:00,0.011,µg/m³,VOC,N/A
100112,DOWNTOWN VANCOUVER,3-Methyl-1-pentene,2005-10-31T00:00,0.014,µg/m³,VOC,N/A
100112,DOWNTOWN VANCOUVER,3-Methyl-1-pentene,2005-11-18T00:00,0.033,µg/m³,VOC,N/A
100112,DOWNTOWN VANCOUVER,3-Methyl-1-pentene,2005-12-06T00:00,0.019,µg/m³,VOC,N/A
