﻿NAPS_Site_ID,Station_Name,Pollutant,Date,Value,Units,Report_Type,Method
101005,ABBOTSFORD AIRPORT-2,Ethane,2012-03-28T00:00,2.416,µg/m³,VOC,
101005,ABBOTSFORD AIRPORT-2,Ethane,2012-04-03T00:00,2.504,µg/m³,VOC,
101005,ABBOTSFORD AIRPORT-2,Ethane,2012-04-09T00:00,2.682,µg/m³,VOC,
101005,ABBOTSFORD AIRPORT-2,Ethane,2012-04-15T00:00,2.290,µg/m³,VOC,
101005,ABBOTSFORD AIRPORT-2,Ethane,2012-04-21T00:00,2.650,µg/m³,VOC,
101005,ABBOTSFORD AIRPORT-2,Ethane,2012-04-27T00:00,1.764,µg/m³,VOC,
101005,ABBOTSFORD AIRPORT-2,Ethane,2012-05-03T00:00,2.028,µg/m³,VOC,
101005,ABBOTSFORD AIRPORT-2,Ethane,2012-05-15T00:00,2.012,µg/m³,VOC,
101005,ABBOTSFORD AIRPORT-2,Ethane,2012-05-21T00:00,1.544,µg/m³,VOC,
101005,ABBOTSFORD AIRPORT-2,Ethane,2012-05-28T00:00,1.527,µg/m³,VOC,
101005,ABBOTSFORD AIRPORT-2,Ethane,2012-06-08T00:00,1.532,µg/m³,VOC,
101005,ABBOTSFORD AIRPORT-2,Ethane,2012-06-14T00:00,1.484,µg/m³,VOC,
101005,ABBOTSFORD AIRPORT-2,Ethane,2012-06-26T00:00,1.357,µg/m³,VOC,
101005,ABBOTSFORD AIRPORT-2,Ethane,2012-07-02T00:00,1.348,µg/m³,VOC,
101005,ABBOTSFORD AIRPORT-2,Ethane,2012-07-08T00:00,2.759,µg/m³,VOC,
101005,ABBOTSFORD AIRPORT-2,Ethane,2012-07-20T00:00,1.280,µg/m³,VOC,
101005,ABBOTSFORD AIRPORT-2,Ethane,2012-07-26T00:00,1.778,µg/m³,VOC,
101005,ABBOTSFORD AIRPORT-2,Ethane,2012-08-01T00:00,1.536,µg/m³,VOC,
101005,ABBOTSFORD AIRPORT-2,Ethane,2012-08-07T00:00,0.955,µg/m³,VOC,
101005,ABBOTSFORD AIRPORT-2,Ethane,2012-08-13T00:00,1.566,µg/m³,VOC,
101005,ABBOTSFORD AIRPORT-2,Ethane,2012-08-19T00:00,1.158,µg/m³,VOC,
101005,ABBOTSFORD AIRPORT-2,Ethane,2012-08-25T00:00,1.640,µg/m³,VOC,
101005,ABBOTSFORD AIRPORT-2,Ethane,2012-08-31T00:00,1.592,µg/m³,VOC,
101005,ABBOTSFORD AIRPORT-2,Ethane,2012-09-06T00:00,1.425,µg/m³,VOC,
101005,ABBOTSFORD AIRPORT-2,Ethane,2012-09-12T00:00,2.008,µg/m³,VOC,
101005,ABBOTSFORD AIRPORT-2,Ethane,2012-09-18T00:00,3.133,µg/m³,VOC,
101005,ABBOTSFORD AIRPORT-2,Ethane,2012-09-24T00:00,2.649,µg/m³,VOC,
101005,ABBOTSFORD AIRPORT-2,Ethane,2012-09-30T00:00,2.338,µg/m³,VOC,
101005,ABBOTSFORD AIRPORT-2,Ethane,2012-10-06T00:00,2.343,µg/m³,VOC,
101005,ABBOTSFORD AIRPORT-2,Ethane,2012-10-12T00:00,1.768,µg/m³,VOC,
101005,ABBOTSFORD AIRPORT-2,Ethane,2012-10-18T00:00,2.310,µg/m³,VOC,
101005,ABBOTSFORD AIRPORT-2,Ethane,2012-10-24T00:00,1.858,µg/m³,VOC,
101005,ABBOTSFORD AIRPORT-2,Ethane,2012-10-30T00:00,1.692,µg/m³,VOC,
101005,ABBOTSFORD AIRPORT-2,Ethane,2012-11-05T00:00,2.391,µg/m³,VOC,
101005,ABBOTSFORD AIRPORT-2,Ethane,2012-11-11T00:00,4.652,µg/m³,VOC,
101005,ABBOTSFORD AIRPORT-2,Ethane,2012-11-17T00:00,1.963,µg/m³,VOC,
101005,ABBOTSFORD AIRPORT-2,Ethane,2012-11-23T00:00,2.467,µg/m³,VOC,
101005,ABBOTSFORD AIRPORT-2,Ethane,2012-11-29T00:00,2.277,µg/m³,VOC,
101005,ABBOTSFORD AIRPORT-2,Ethane,2012-12-05T00:00,2.100,µg/m³,VOC,
101005,ABBOTSFORD AIRPORT-2,Ethane,2012-12-11T00:00,2.314,µg/m³,VOC,
101005,ABBOTSFORD AIRPORT-2,Ethane,2012-12-23T00:00,2.886,µg/m³,VOC,
101005,ABBOTSFORD AIRPORT-2,Ethane,2012-12-29T00:00,3.300,µg/m³,VOC,
