﻿NAPS_Site_ID,Station_Name,Pollutant,Date,Value,Units,Report_Type,Method
129401,ALERT,3-Methylpentane,2012-01-04T00:00,0.078,µg/m³,VOC,
129401,ALERT,3-Methylpentane,2012-01-11T00:00,0.046,µg/m³,VOC,
129401,ALERT,3-Methylpentane,2012-01-20T00:00,0.060,µg/m³,VOC,
129401,ALERT,3-Methylpentane,2012-01-25T00:00,0.030,µg/m³,VOC,
129401,ALERT,3-Methylpentane,2012-02-01T00:00,0.019,µg/m³,VOC,
129401,ALERT,3-Methylpentane,2012-02-09T00:00,0.034,µg/m³,VOC,
129401,ALERT,3-Methylpentane,2012-02-15T00:00,0.022,µg/m³,VOC,
129401,ALERT,3-Methylpentane,2012-02-23T00:00,0.055,µg/m³,VOC,
129401,ALERT,3-Methylpentane,2012-03-02T00:00,0.018,µg/m³,VOC,
129401,ALERT,3-Methylpentane,2012-03-07T00:00,0.019,µg/m³,VOC,
129401,ALERT,3-Methylpentane,2012-03-16T00:00,0.020,µg/m³,VOC,
129401,ALERT,3-Methylpentane,2012-03-22T00:00,0.025,µg/m³,VOC,
129401,ALERT,3-Methylpentane,2012-03-28T00:00,0.014,µg/m³,VOC,
129401,ALERT,3-Methylpentane,2012-04-04T00:00,0.007,µg/m³,VOC,
129401,ALERT,3-Methylpentane,2012-04-13T00:00,0.004,µg/m³,VOC,
129401,ALERT,3-Methylpentane,2012-04-20T00:00,0.000,µg/m³,VOC,
129401,ALERT,3-Methylpentane,2012-04-27T00:00,0.003,µg/m³,VOC,
129401,ALERT,3-Methylpentane,2012-05-02T00:00,0.001,µg/m³,VOC,
129401,ALERT,3-Methylpentane,2012-05-09T00:00,0.009,µg/m³,VOC,
129401,ALERT,3-Methylpentane,2012-05-18T00:00,0.000,µg/m³,VOC,
129401,ALERT,3-Methylpentane,2012-05-25T00:00,0.000,µg/m³,VOC,
129401,ALERT,3-Methylpentane,2012-06-01T00:00,0.000,µg/m³,VOC,
129401,ALERT,3-Methylpentane,2012-06-13T00:00,0.000,µg/m³,VOC,
129401,ALERT,3-Methylpentane,2012-06-22T00:00,0.000,µg/m³,VOC,
129401,ALERT,3-Methylpentane,2012-06-27T00:00,0.006,µg/m³,VOC,
129401,ALERT,3-Methylpentane,2012-07-04T00:00,0.006,µg/m³,VOC,
129401,ALERT,3-Methylpentane,2012-07-11T00:00,0.001,µg/m³,VOC,
129401,ALERT,3-Methylpentane,2012-07-18T00:00,0.002,µg/m³,VOC,
129401,ALERT,3-Methylpentane,2012-07-25T00:00,0.000,µg/m³,VOC,
129401,ALERT,3-Methylpentane,2012-08-01T00:00,0.001,µg/m³,VOC,
129401,ALERT,3-Methylpentane,2012-08-08T00:00,0.002,µg/m³,VOC,
129401,ALERT,3-Methylpentane,2012-08-15T00:00,0.000,µg/m³,VOC,
129401,ALERT,3-Methylpentane,2012-08-23T00:00,0.002,µg/m³,VOC,
129401,ALERT,3-Methylpentane,2012-08-31T00:00,0.003,µg/m³,VOC,
129401,ALERT,3-Methylpentane,2012-09-05T00:00,0.002,µg/m³,VOC,
129401,ALERT,3-Methylpentane,2012-09-09T00:00,0.003,µg/m³,VOC,
129401,ALERT,3-Methylpentane,2012-09-14T00:00,0.011,µg/m³,VOC,
129401,ALERT,3-Methylpentane,2012-09-26T00:00,0.005,µg/m³,VOC,
129401,ALERT,3-Methylpentane,2012-10-03T00:00,0.020,µg/m³,VOC,
129401,ALERT,3-Methylpentane,2012-10-10T00:00,0.004,µg/m³,VOC,
129401,ALERT,3-Methylpentane,2012-10-17T00:00,0.006,µg/m³,VOC,
