﻿NAPS_Site_ID,Station_Name,Pollutant,Date,Value,Units,Report_Type,Method
60512,BEASLEY PARK _HAMILTON_DOWNTOWN_,Triphenylene,2005-01-16T00:00,0.000,µg/m³,PAH,
60512,BEASLEY PARK _HAMILTON_DOWNTOWN_,Triphenylene,2005-01-22T00:00,0.000,µg/m³,PAH,
60512,BEASLEY PARK _HAMILTON_DOWNTOWN_,Triphenylene,2005-02-09T00:00,0.000,µg/m³,PAH,
60512,BEASLEY PARK _HAMILTON_DOWNTOWN_,Triphenylene,2005-02-15T00:00,0.000,µg/m³,PAH,
60512,BEASLEY PARK _HAMILTON_DOWNTOWN_,Triphenylene,2005-03-05T00:00,0.000,µg/m³,PAH,
60512,BEASLEY PARK _HAMILTON_DOWNTOWN_,Triphenylene,2005-03-11T00:00,0.000,µg/m³,PAH,
60512,BEASLEY PARK _HAMILTON_DOWNTOWN_,Triphenylene,2005-03-29T00:00,0.000,µg/m³,PAH,
60512,BEASLEY PARK _HAMILTON_DOWNTOWN_,Triphenylene,2005-04-04T00:00,0.000,µg/m³,PAH,
60512,BEASLEY PARK _HAMILTON_DOWNTOWN_,Triphenylene,2005-04-22T00:00,0.000,µg/m³,PAH,
60512,BEASLEY PARK _HAMILTON_DOWNTOWN_,Triphenylene,2005-04-28T00:00,0.000,µg/m³,PAH,
60512,BEASLEY PARK _HAMILTON_DOWNTOWN_,Triphenylene,2005-05-16T00:00,0.000,µg/m³,PAH,
60512,BEASLEY PARK _HAMILTON_DOWNTOWN_,Triphenylene,2005-05-22T00:00,0.001,µg/m³,PAH,
60512,BEASLEY PARK _HAMILTON_DOWNTOWN_,Triphenylene,2005-06-09T00:00,0.001,µg/m³,PAH,
60512,BEASLEY PARK _HAMILTON_DOWNTOWN_,Triphenylene,2005-06-15T00:00,0.000,µg/m³,PAH,
60512,BEASLEY PARK _HAMILTON_DOWNTOWN_,Triphenylene,2005-07-03T00:00,0.001,µg/m³,PAH,
60512,BEASLEY PARK _HAMILTON_DOWNTOWN_,Triphenylene,2005-07-27T00:00,0.000,µg/m³,PAH,
60512,BEASLEY PARK _HAMILTON_DOWNTOWN_,Triphenylene,2005-08-02T00:00,0.000,µg/m³,PAH,
60512,BEASLEY PARK _HAMILTON_DOWNTOWN_,Triphenylene,2005-08-20T00:00,0.000,µg/m³,PAH,
60512,BEASLEY PARK _HAMILTON_DOWNTOWN_,Triphenylene,2005-08-26T00:00,0.000,µg/m³,PAH,
60512,BEASLEY PARK _HAMILTON_DOWNTOWN_,Triphenylene,2005-09-19T00:00,0.000,µg/m³,PAH,
60512,BEASLEY PARK _HAMILTON_DOWNTOWN_,Triphenylene,2005-10-07T00:00,0.000,µg/m³,PAH,
60512,BEASLEY PARK _HAMILTON_DOWNTOWN_,Triphenylene,2005-10-13T00:00,0.000,µg/m³,PAH,
60512,BEASLEY PARK _HAMILTON_DOWNTOWN_,Triphenylene,2005-10-31T00:00,0.000,µg/m³,PAH,
60512,BEASLEY PARK _HAMILTON_DOWNTOWN_,Triphenylene,2005-11-06T00:00,0.000,µg/m³,PAH,
60512,BEASLEY PARK _HAMILTON_DOWNTOWN_,Triphenylene,2005-11-24T00:00,0.000,µg/m³,PAH,
60512,BEASLEY PARK _HAMILTON_DOWNTOWN_,Triphenylene,2005-11-30T00:00,0.000,µg/m³,PAH,
60512,BEASLEY PARK _HAMILTON_DOWNTOWN_,Triphenylene,2005-12-18T00:00,0.000,µg/m³,PAH,
60512,BEASLEY PARK _HAMILTON_DOWNTOWN_,Triphenylene,2005-12-24T00:00,0.000,µg/m³,PAH,
