﻿NAPS_Site_ID,Station_Name,Pollutant,Date,Value,Units,Report_Type,Method
54401,SAINT-ANICET,Freon 114,2011-01-03T00:00,0.108,µg/m³,VOC,GC-MS
54401,SAINT-ANICET,Freon 114,2011-01-06T00:00,0.110,µg/m³,VOC,GC-MS
54401,SAINT-ANICET,Freon 114,2011-01-09T00:00,0.111,µg/m³,VOC,GC-MS
54401,SAINT-ANICET,Freon 114,2011-01-12T00:00,0.110,µg/m³,VOC,GC-MS
54401,SAINT-ANICET,Freon 114,2011-01-15T00:00,0.112,µg/m³,VOC,GC-MS
54401,SAINT-ANICET,Freon 114,2011-01-18T00:00,0.253,µg/m³,VOC,GC-MS
54401,SAINT-ANICET,Freon 114,2011-01-21T00:00,0.114,µg/m³,VOC,GC-MS
54401,SAINT-ANICET,Freon 114,2011-01-24T00:00,0.105,µg/m³,VOC,GC-MS
54401,SAINT-ANICET,Freon 114,2011-01-27T00:00,0.115,µg/m³,VOC,GC-MS
54401,SAINT-ANICET,Freon 114,2011-01-30T00:00,0.121,µg/m³,VOC,GC-MS
54401,SAINT-ANICET,Freon 114,2011-02-02T00:00,0.110,µg/m³,VOC,GC-MS
54401,SAINT-ANICET,Freon 114,2011-02-05T00:00,0.110,µg/m³,VOC,GC-MS
54401,SAINT-ANICET,Freon 114,2011-02-08T00:00,0.112,µg/m³,VOC,GC-MS
54401,SAINT-ANICET,Freon 114,2011-02-11T00:00,0.111,µg/m³,VOC,GC-MS
54401,SAINT-ANICET,Freon 114,2011-02-20T00:00,0.111,µg/m³,VOC,GC-MS
54401,SAINT-ANICET,Freon 114,2011-02-23T00:00,0.110,µg/m³,VOC,GC-MS
54401,SAINT-ANICET,Freon 114,2011-02-26T00:00,0.113,µg/m³,VOC,GC-MS
54401,SAINT-ANICET,Freon 114,2011-03-01T00:00,0.107,µg/m³,VOC,GC-MS
54401,SAINT-ANICET,Freon 114,2011-03-04T00:00,0.105,µg/m³,VOC,GC-MS
54401,SAINT-ANICET,Freon 114,2011-03-07T00:00,0.112,µg/m³,VOC,GC-MS
54401,SAINT-ANICET,Freon 114,2011-03-10T00:00,0.113,µg/m³,VOC,GC-MS
54401,SAINT-ANICET,Freon 114,2011-03-13T00:00,0.113,µg/m³,VOC,GC-MS
54401,SAINT-ANICET,Freon 114,2011-03-16T00:00,0.117,µg/m³,VOC,GC-MS
54401,SAINT-ANICET,Freon 114,2011-03-19T00:00,0.186,µg/m³,VOC,GC-MS
54401,SAINT-ANICET,Freon 114,2011-03-22T00:00,0.111,µg/m³,VOC,GC-MS
54401,SAINT-ANICET,Freon 114,2011-03-25T00:00,0.113,µg/m³,VOC,GC-MS
54401,SAINT-ANICET,Freon 114,2011-03-28T00:00,0.127,µg/m³,VOC,GC-MS
54401,SAINT-ANICET,Freon 114,2011-03-31T00:00,0.112,µg/m³,VOC,GC-MS
54401,SAINT-ANICET,Freon 114,2011-04-03T00:00,0.121,µg/m³,VOC,GC-MS
54401,SAINT-ANICET,Freon 114,2011-04-06T00:00,0.120,µg/m³,VOC,GC-MS
54401,SAINT-ANICET,Freon 114,2011-04-09T00:00,0.126,µg/m³,VOC,GC-MS
54401,SAINT-ANICET,Freon 114,2011-04-12T00:00,0.115,µg/m³,VOC,GC-MS
54401,SAINT-ANICET,Freon 114,2011-04-15T00:00,0.116,µg/m³,VOC,GC-MS
54401,SAINT-ANICET,Freon 114,2011-04-18T00:00,0.112,µg/m³,VOC,GC-MS
54401,SAINT-ANICET,Freon 114,2011-04-21T00:00,0.123,µg/m³,VOC,GC-MS
54401,SAINT-ANICET,Freon 114,2011-04-24T00:00,0.117,µg/m³,VOC,GC-MS
54401,SAINT-ANICET,Freon 114,2011-04-27T00:00,0.119,µg/m³,VOC,GC-MS
54401,SAINT-ANICET,Freon 114,2011-04-30T00:00,0.122,µg/m³,VOC,GC-MS
54401,SAINT-ANICET,Freon 114,2011-05-03T00:00,0.113,µg/m³,VOC,GC-MS
54401,SAINT-ANICET,Freon 114,2011-05-06T00:00,0.123,µg/m³,VOC,GC-MS
54401,SAINT-ANICET,Freon 114,2011-05-09T00:00,0.136,µg/m³,VOC,GC-MS
54401,SAINT-ANICET,Freon 114,2011-05-12T00:00,0.130,µg/m³,VOC,GC-MS
54401,SAINT-ANICET,Freon 114,2011-05-15T00:00,0.120,µg/m³,VOC,GC-MS
54401,SAINT-ANICET,Freon 114,2011-05-18T00:00,0.125,µg/m³,VOC,GC-MS
54401,SAINT-ANICET,Freon 114,2011-05-21T00:00,0.128,µg/m³,VOC,GC-MS
54401,SAINT-ANICET,Freon 114,2011-05-24T00:00,0.113,µg/m³,VOC,GC-MS
54401,SAINT-ANICET,Freon 114,2011-05-27T00:00,0.116,µg/m³,VOC,GC-MS
54401,SAINT-ANICET,Freon 114,2011-05-30T00:00,0.115,µg/m³,VOC,GC-MS
54401,SAINT-ANICET,Freon 114,2011-06-02T00:00,0.121,µg/m³,VOC,GC-MS
54401,SAINT-ANICET,Freon 114,2011-06-20T00:00,0.119,µg/m³,VOC,GC-MS
54401,SAINT-ANICET,Freon 114,2011-06-26T00:00,0.114,µg/m³,VOC,GC-MS
54401,SAINT-ANICET,Freon 114,2011-06-29T00:00,0.116,µg/m³,VOC,GC-MS
54401,SAINT-ANICET,Freon 114,2011-07-02T00:00,0.111,µg/m³,VOC,GC-MS
54401,SAINT-ANICET,Freon 114,2011-07-05T00:00,0.106,µg/m³,VOC,GC-MS
54401,SAINT-ANICET,Freon 114,2011-07-08T00:00,0.108,µg/m³,VOC,GC-MS
54401,SAINT-ANICET,Freon 114,2011-07-11T00:00,0.105,µg/m³,VOC,GC-MS
54401,SAINT-ANICET,Freon 114,2011-07-14T00:00,0.108,µg/m³,VOC,GC-MS
54401,SAINT-ANICET,Freon 114,2011-07-17T00:00,0.103,µg/m³,VOC,GC-MS
54401,SAINT-ANICET,Freon 114,2011-07-20T00:00,0.104,µg/m³,VOC,GC-MS
54401,SAINT-ANICET,Freon 114,2011-07-23T00:00,0.101,µg/m³,VOC,GC-MS
54401,SAINT-ANICET,Freon 114,2011-07-26T00:00,0.102,µg/m³,VOC,GC-MS
54401,SAINT-ANICET,Freon 114,2011-07-29T00:00,0.102,µg/m³,VOC,GC-MS
54401,SAINT-ANICET,Freon 114,2011-08-01T00:00,0.110,µg/m³,VOC,GC-MS
54401,SAINT-ANICET,Freon 114,2011-08-04T00:00,0.120,µg/m³,VOC,GC-MS
54401,SAINT-ANICET,Freon 114,2011-08-07T00:00,0.123,µg/m³,VOC,GC-MS
54401,SAINT-ANICET,Freon 114,2011-08-10T00:00,0.108,µg/m³,VOC,GC-MS
54401,SAINT-ANICET,Freon 114,2011-08-13T00:00,0.104,µg/m³,VOC,GC-MS
54401,SAINT-ANICET,Freon 114,2011-08-16T00:00,0.107,µg/m³,VOC,GC-MS
54401,SAINT-ANICET,Freon 114,2011-08-19T00:00,0.096,µg/m³,VOC,GC-MS
54401,SAINT-ANICET,Freon 114,2011-08-22T00:00,0.099,µg/m³,VOC,GC-MS
54401,SAINT-ANICET,Freon 114,2011-08-25T00:00,0.096,µg/m³,VOC,GC-MS
54401,SAINT-ANICET,Freon 114,2011-08-28T00:00,0.096,µg/m³,VOC,GC-MS
54401,SAINT-ANICET,Freon 114,2011-09-03T00:00,0.101,µg/m³,VOC,GC-MS
54401,SAINT-ANICET,Freon 114,2011-09-06T00:00,0.102,µg/m³,VOC,GC-MS
54401,SAINT-ANICET,Freon 114,2011-09-09T00:00,0.097,µg/m³,VOC,GC-MS
54401,SAINT-ANICET,Freon 114,2011-09-12T00:00,0.100,µg/m³,VOC,GC-MS
54401,SAINT-ANICET,Freon 114,2011-09-15T00:00,0.101,µg/m³,VOC,GC-MS
54401,SAINT-ANICET,Freon 114,2011-09-18T00:00,0.096,µg/m³,VOC,GC-MS
54401,SAINT-ANICET,Freon 114,2011-09-21T00:00,0.099,µg/m³,VOC,GC-MS
54401,SAINT-ANICET,Freon 114,2011-09-24T00:00,0.099,µg/m³,VOC,GC-MS
54401,SAINT-ANICET,Freon 114,2011-09-27T00:00,0.105,µg/m³,VOC,GC-MS
54401,SAINT-ANICET,Freon 114,2011-09-30T00:00,0.101,µg/m³,VOC,GC-MS
54401,SAINT-ANICET,Freon 114,2011-10-03T00:00,0.102,µg/m³,VOC,GC-MS
54401,SAINT-ANICET,Freon 114,2011-10-06T00:00,0.107,µg/m³,VOC,GC-MS
54401,SAINT-ANICET,Freon 114,2011-10-09T00:00,0.101,µg/m³,VOC,GC-MS
54401,SAINT-ANICET,Freon 114,2011-10-12T00:00,0.101,µg/m³,VOC,GC-MS
54401,SAINT-ANICET,Freon 114,2011-10-15T00:00,0.100,µg/m³,VOC,GC-MS
54401,SAINT-ANICET,Freon 114,2011-10-18T00:00,0.102,µg/m³,VOC,GC-MS
54401,SAINT-ANICET,Freon 114,2011-10-21T00:00,0.095,µg/m³,VOC,GC-MS
54401,SAINT-ANICET,Freon 114,2011-10-24T00:00,0.108,µg/m³,VOC,GC-MS
54401,SAINT-ANICET,Freon 114,2011-10-27T00:00,0.110,µg/m³,VOC,GC-MS
54401,SAINT-ANICET,Freon 114,2011-10-30T00:00,0.092,µg/m³,VOC,GC-MS
54401,SAINT-ANICET,Freon 114,2011-11-02T00:00,0.096,µg/m³,VOC,GC-MS
54401,SAINT-ANICET,Freon 114,2011-11-05T00:00,0.096,µg/m³,VOC,GC-MS
54401,SAINT-ANICET,Freon 114,2011-11-08T00:00,0.095,µg/m³,VOC,GC-MS
54401,SAINT-ANICET,Freon 114,2011-11-11T00:00,0.096,µg/m³,VOC,GC-MS
54401,SAINT-ANICET,Freon 114,2011-11-14T00:00,0.096,µg/m³,VOC,GC-MS
54401,SAINT-ANICET,Freon 114,2011-11-17T00:00,0.100,µg/m³,VOC,GC-MS
54401,SAINT-ANICET,Freon 114,2011-11-20T00:00,0.100,µg/m³,VOC,GC-MS
54401,SAINT-ANICET,Freon 114,2011-11-23T00:00,0.104,µg/m³,VOC,GC-MS
54401,SAINT-ANICET,Freon 114,2011-11-26T00:00,0.102,µg/m³,VOC,GC-MS
54401,SAINT-ANICET,Freon 114,2011-12-05T00:00,0.124,µg/m³,VOC,GC-MS
54401,SAINT-ANICET,Freon 114,2011-12-08T00:00,0.108,µg/m³,VOC,GC-MS
54401,SAINT-ANICET,Freon 114,2011-12-11T00:00,0.088,µg/m³,VOC,GC-MS
54401,SAINT-ANICET,Freon 114,2011-12-14T00:00,0.106,µg/m³,VOC,GC-MS
54401,SAINT-ANICET,Freon 114,2011-12-20T00:00,0.107,µg/m³,VOC,GC-MS
54401,SAINT-ANICET,Freon 114,2011-12-23T00:00,0.103,µg/m³,VOC,GC-MS
54401,SAINT-ANICET,Freon 114,2011-12-26T00:00,0.101,µg/m³,VOC,GC-MS
