﻿NAPS_Site_ID,Station_Name,Pollutant,Date,Value,Units,Report_Type,Method
50103,MONTRÉAL-SAINT-JEAN-BAPTISTE,"3,6-Dimethyloctane",2003-01-03T00:00,0.000,µg/m³,VOC,GC-MS
50103,MONTRÉAL-SAINT-JEAN-BAPTISTE,"3,6-Dimethyloctane",2003-01-09T00:00,0.002,µg/m³,VOC,GC-MS
50103,MONTRÉAL-SAINT-JEAN-BAPTISTE,"3,6-Dimethyloctane",2003-01-15T00:00,0.020,µg/m³,VOC,GC-MS
50103,MONTRÉAL-SAINT-JEAN-BAPTISTE,"3,6-Dimethyloctane",2003-01-21T00:00,0.004,µg/m³,VOC,GC-MS
50103,MONTRÉAL-SAINT-JEAN-BAPTISTE,"3,6-Dimethyloctane",2003-01-27T00:00,0.002,µg/m³,VOC,GC-MS
50103,MONTRÉAL-SAINT-JEAN-BAPTISTE,"3,6-Dimethyloctane",2003-02-02T00:00,0.031,µg/m³,VOC,GC-MS
50103,MONTRÉAL-SAINT-JEAN-BAPTISTE,"3,6-Dimethyloctane",2003-02-08T00:00,0.014,µg/m³,VOC,GC-MS
50103,MONTRÉAL-SAINT-JEAN-BAPTISTE,"3,6-Dimethyloctane",2003-02-14T00:00,0.001,µg/m³,VOC,GC-MS
50103,MONTRÉAL-SAINT-JEAN-BAPTISTE,"3,6-Dimethyloctane",2003-02-20T00:00,0.034,µg/m³,VOC,GC-MS
50103,MONTRÉAL-SAINT-JEAN-BAPTISTE,"3,6-Dimethyloctane",2003-03-04T00:00,0.047,µg/m³,VOC,GC-MS
50103,MONTRÉAL-SAINT-JEAN-BAPTISTE,"3,6-Dimethyloctane",2003-03-10T00:00,0.005,µg/m³,VOC,GC-MS
50103,MONTRÉAL-SAINT-JEAN-BAPTISTE,"3,6-Dimethyloctane",2003-03-16T00:00,0.037,µg/m³,VOC,GC-MS
50103,MONTRÉAL-SAINT-JEAN-BAPTISTE,"3,6-Dimethyloctane",2003-03-22T00:00,0.033,µg/m³,VOC,GC-MS
50103,MONTRÉAL-SAINT-JEAN-BAPTISTE,"3,6-Dimethyloctane",2003-03-26T00:00,0.000,µg/m³,VOC,GC-MS
50103,MONTRÉAL-SAINT-JEAN-BAPTISTE,"3,6-Dimethyloctane",2003-03-28T00:00,0.028,µg/m³,VOC,GC-MS
50103,MONTRÉAL-SAINT-JEAN-BAPTISTE,"3,6-Dimethyloctane",2003-03-30T00:00,0.000,µg/m³,VOC,GC-MS
50103,MONTRÉAL-SAINT-JEAN-BAPTISTE,"3,6-Dimethyloctane",2003-04-03T00:00,0.000,µg/m³,VOC,GC-MS
50103,MONTRÉAL-SAINT-JEAN-BAPTISTE,"3,6-Dimethyloctane",2003-04-09T00:00,0.012,µg/m³,VOC,GC-MS
50103,MONTRÉAL-SAINT-JEAN-BAPTISTE,"3,6-Dimethyloctane",2003-04-15T00:00,0.040,µg/m³,VOC,GC-MS
50103,MONTRÉAL-SAINT-JEAN-BAPTISTE,"3,6-Dimethyloctane",2003-04-21T00:00,0.027,µg/m³,VOC,GC-MS
50103,MONTRÉAL-SAINT-JEAN-BAPTISTE,"3,6-Dimethyloctane",2003-04-23T00:00,0.000,µg/m³,VOC,GC-MS
50103,MONTRÉAL-SAINT-JEAN-BAPTISTE,"3,6-Dimethyloctane",2003-04-25T00:00,0.000,µg/m³,VOC,GC-MS
50103,MONTRÉAL-SAINT-JEAN-BAPTISTE,"3,6-Dimethyloctane",2003-04-27T00:00,0.015,µg/m³,VOC,GC-MS
50103,MONTRÉAL-SAINT-JEAN-BAPTISTE,"3,6-Dimethyloctane",2003-04-29T00:00,0.000,µg/m³,VOC,GC-MS
50103,MONTRÉAL-SAINT-JEAN-BAPTISTE,"3,6-Dimethyloctane",2003-05-01T00:00,0.000,µg/m³,VOC,GC-MS
50103,MONTRÉAL-SAINT-JEAN-BAPTISTE,"3,6-Dimethyloctane",2003-05-03T00:00,0.008,µg/m³,VOC,GC-MS
50103,MONTRÉAL-SAINT-JEAN-BAPTISTE,"3,6-Dimethyloctane",2003-05-05T00:00,0.000,µg/m³,VOC,GC-MS
50103,MONTRÉAL-SAINT-JEAN-BAPTISTE,"3,6-Dimethyloctane",2003-05-07T00:00,0.000,µg/m³,VOC,GC-MS
50103,MONTRÉAL-SAINT-JEAN-BAPTISTE,"3,6-Dimethyloctane",2003-05-09T00:00,0.036,µg/m³,VOC,GC-MS
50103,MONTRÉAL-SAINT-JEAN-BAPTISTE,"3,6-Dimethyloctane",2003-05-11T00:00,0.000,µg/m³,VOC,GC-MS
50103,MONTRÉAL-SAINT-JEAN-BAPTISTE,"3,6-Dimethyloctane",2003-05-13T00:00,0.000,µg/m³,VOC,GC-MS
50103,MONTRÉAL-SAINT-JEAN-BAPTISTE,"3,6-Dimethyloctane",2003-05-15T00:00,0.028,µg/m³,VOC,GC-MS
50103,MONTRÉAL-SAINT-JEAN-BAPTISTE,"3,6-Dimethyloctane",2003-05-17T00:00,0.000,µg/m³,VOC,GC-MS
50103,MONTRÉAL-SAINT-JEAN-BAPTISTE,"3,6-Dimethyloctane",2003-05-19T00:00,0.000,µg/m³,VOC,GC-MS
50103,MONTRÉAL-SAINT-JEAN-BAPTISTE,"3,6-Dimethyloctane",2003-05-27T00:00,0.059,µg/m³,VOC,GC-MS
50103,MONTRÉAL-SAINT-JEAN-BAPTISTE,"3,6-Dimethyloctane",2003-05-31T00:00,0.000,µg/m³,VOC,GC-MS
50103,MONTRÉAL-SAINT-JEAN-BAPTISTE,"3,6-Dimethyloctane",2003-06-04T00:00,0.000,µg/m³,VOC,GC-MS
50103,MONTRÉAL-SAINT-JEAN-BAPTISTE,"3,6-Dimethyloctane",2003-06-06T00:00,0.000,µg/m³,VOC,GC-MS
50103,MONTRÉAL-SAINT-JEAN-BAPTISTE,"3,6-Dimethyloctane",2003-06-08T00:00,0.071,µg/m³,VOC,GC-MS
50103,MONTRÉAL-SAINT-JEAN-BAPTISTE,"3,6-Dimethyloctane",2003-06-18T00:00,0.000,µg/m³,VOC,GC-MS
50103,MONTRÉAL-SAINT-JEAN-BAPTISTE,"3,6-Dimethyloctane",2003-06-20T00:00,0.034,µg/m³,VOC,GC-MS
50103,MONTRÉAL-SAINT-JEAN-BAPTISTE,"3,6-Dimethyloctane",2003-06-22T00:00,0.000,µg/m³,VOC,GC-MS
50103,MONTRÉAL-SAINT-JEAN-BAPTISTE,"3,6-Dimethyloctane",2003-06-24T00:00,0.000,µg/m³,VOC,GC-MS
50103,MONTRÉAL-SAINT-JEAN-BAPTISTE,"3,6-Dimethyloctane",2003-06-28T00:00,0.000,µg/m³,VOC,GC-MS
50103,MONTRÉAL-SAINT-JEAN-BAPTISTE,"3,6-Dimethyloctane",2003-06-30T00:00,0.000,µg/m³,VOC,GC-MS
50103,MONTRÉAL-SAINT-JEAN-BAPTISTE,"3,6-Dimethyloctane",2003-07-02T00:00,0.017,µg/m³,VOC,GC-MS
50103,MONTRÉAL-SAINT-JEAN-BAPTISTE,"3,6-Dimethyloctane",2003-07-04T00:00,0.000,µg/m³,VOC,GC-MS
50103,MONTRÉAL-SAINT-JEAN-BAPTISTE,"3,6-Dimethyloctane",2003-07-08T00:00,0.053,µg/m³,VOC,GC-MS
50103,MONTRÉAL-SAINT-JEAN-BAPTISTE,"3,6-Dimethyloctane",2003-07-14T00:00,0.051,µg/m³,VOC,GC-MS
50103,MONTRÉAL-SAINT-JEAN-BAPTISTE,"3,6-Dimethyloctane",2003-07-16T00:00,0.000,µg/m³,VOC,GC-MS
50103,MONTRÉAL-SAINT-JEAN-BAPTISTE,"3,6-Dimethyloctane",2003-07-18T00:00,0.000,µg/m³,VOC,GC-MS
50103,MONTRÉAL-SAINT-JEAN-BAPTISTE,"3,6-Dimethyloctane",2003-07-20T00:00,0.036,µg/m³,VOC,GC-MS
50103,MONTRÉAL-SAINT-JEAN-BAPTISTE,"3,6-Dimethyloctane",2003-07-22T00:00,0.000,µg/m³,VOC,GC-MS
50103,MONTRÉAL-SAINT-JEAN-BAPTISTE,"3,6-Dimethyloctane",2003-07-26T00:00,0.032,µg/m³,VOC,GC-MS
50103,MONTRÉAL-SAINT-JEAN-BAPTISTE,"3,6-Dimethyloctane",2003-07-28T00:00,0.000,µg/m³,VOC,GC-MS
50103,MONTRÉAL-SAINT-JEAN-BAPTISTE,"3,6-Dimethyloctane",2003-07-30T00:00,0.000,µg/m³,VOC,GC-MS
50103,MONTRÉAL-SAINT-JEAN-BAPTISTE,"3,6-Dimethyloctane",2003-08-01T00:00,0.013,µg/m³,VOC,GC-MS
50103,MONTRÉAL-SAINT-JEAN-BAPTISTE,"3,6-Dimethyloctane",2003-08-03T00:00,0.000,µg/m³,VOC,GC-MS
50103,MONTRÉAL-SAINT-JEAN-BAPTISTE,"3,6-Dimethyloctane",2003-08-05T00:00,0.000,µg/m³,VOC,GC-MS
50103,MONTRÉAL-SAINT-JEAN-BAPTISTE,"3,6-Dimethyloctane",2003-08-07T00:00,0.027,µg/m³,VOC,GC-MS
50103,MONTRÉAL-SAINT-JEAN-BAPTISTE,"3,6-Dimethyloctane",2003-08-09T00:00,0.000,µg/m³,VOC,GC-MS
50103,MONTRÉAL-SAINT-JEAN-BAPTISTE,"3,6-Dimethyloctane",2003-08-11T00:00,0.000,µg/m³,VOC,GC-MS
50103,MONTRÉAL-SAINT-JEAN-BAPTISTE,"3,6-Dimethyloctane",2003-08-13T00:00,0.024,µg/m³,VOC,GC-MS
50103,MONTRÉAL-SAINT-JEAN-BAPTISTE,"3,6-Dimethyloctane",2003-08-15T00:00,0.000,µg/m³,VOC,GC-MS
50103,MONTRÉAL-SAINT-JEAN-BAPTISTE,"3,6-Dimethyloctane",2003-08-17T00:00,0.000,µg/m³,VOC,GC-MS
50103,MONTRÉAL-SAINT-JEAN-BAPTISTE,"3,6-Dimethyloctane",2003-08-19T00:00,0.071,µg/m³,VOC,GC-MS
50103,MONTRÉAL-SAINT-JEAN-BAPTISTE,"3,6-Dimethyloctane",2003-08-21T00:00,0.000,µg/m³,VOC,GC-MS
50103,MONTRÉAL-SAINT-JEAN-BAPTISTE,"3,6-Dimethyloctane",2003-08-23T00:00,0.022,µg/m³,VOC,GC-MS
50103,MONTRÉAL-SAINT-JEAN-BAPTISTE,"3,6-Dimethyloctane",2003-08-27T00:00,0.000,µg/m³,VOC,GC-MS
50103,MONTRÉAL-SAINT-JEAN-BAPTISTE,"3,6-Dimethyloctane",2003-08-29T00:00,0.000,µg/m³,VOC,GC-MS
50103,MONTRÉAL-SAINT-JEAN-BAPTISTE,"3,6-Dimethyloctane",2003-08-31T00:00,0.033,µg/m³,VOC,GC-MS
50103,MONTRÉAL-SAINT-JEAN-BAPTISTE,"3,6-Dimethyloctane",2003-09-03T00:00,0.000,µg/m³,VOC,GC-MS
50103,MONTRÉAL-SAINT-JEAN-BAPTISTE,"3,6-Dimethyloctane",2003-09-04T00:00,0.000,µg/m³,VOC,GC-MS
50103,MONTRÉAL-SAINT-JEAN-BAPTISTE,"3,6-Dimethyloctane",2003-09-06T00:00,0.063,µg/m³,VOC,GC-MS
50103,MONTRÉAL-SAINT-JEAN-BAPTISTE,"3,6-Dimethyloctane",2003-09-08T00:00,0.000,µg/m³,VOC,GC-MS
50103,MONTRÉAL-SAINT-JEAN-BAPTISTE,"3,6-Dimethyloctane",2003-09-10T00:00,0.000,µg/m³,VOC,GC-MS
50103,MONTRÉAL-SAINT-JEAN-BAPTISTE,"3,6-Dimethyloctane",2003-09-12T00:00,0.012,µg/m³,VOC,GC-MS
50103,MONTRÉAL-SAINT-JEAN-BAPTISTE,"3,6-Dimethyloctane",2003-09-14T00:00,0.000,µg/m³,VOC,GC-MS
50103,MONTRÉAL-SAINT-JEAN-BAPTISTE,"3,6-Dimethyloctane",2003-09-16T00:00,0.000,µg/m³,VOC,GC-MS
50103,MONTRÉAL-SAINT-JEAN-BAPTISTE,"3,6-Dimethyloctane",2003-09-17T00:00,0.000,µg/m³,VOC,GC-MS
50103,MONTRÉAL-SAINT-JEAN-BAPTISTE,"3,6-Dimethyloctane",2003-09-18T00:00,0.024,µg/m³,VOC,GC-MS
50103,MONTRÉAL-SAINT-JEAN-BAPTISTE,"3,6-Dimethyloctane",2003-09-19T00:00,0.000,µg/m³,VOC,GC-MS
50103,MONTRÉAL-SAINT-JEAN-BAPTISTE,"3,6-Dimethyloctane",2003-09-20T00:00,0.000,µg/m³,VOC,GC-MS
50103,MONTRÉAL-SAINT-JEAN-BAPTISTE,"3,6-Dimethyloctane",2003-09-21T00:00,0.000,µg/m³,VOC,GC-MS
50103,MONTRÉAL-SAINT-JEAN-BAPTISTE,"3,6-Dimethyloctane",2003-09-22T00:00,0.000,µg/m³,VOC,GC-MS
50103,MONTRÉAL-SAINT-JEAN-BAPTISTE,"3,6-Dimethyloctane",2003-09-24T00:00,0.030,µg/m³,VOC,GC-MS
50103,MONTRÉAL-SAINT-JEAN-BAPTISTE,"3,6-Dimethyloctane",2003-09-25T00:00,0.000,µg/m³,VOC,GC-MS
50103,MONTRÉAL-SAINT-JEAN-BAPTISTE,"3,6-Dimethyloctane",2003-09-26T00:00,0.000,µg/m³,VOC,GC-MS
50103,MONTRÉAL-SAINT-JEAN-BAPTISTE,"3,6-Dimethyloctane",2003-09-27T00:00,0.000,µg/m³,VOC,GC-MS
50103,MONTRÉAL-SAINT-JEAN-BAPTISTE,"3,6-Dimethyloctane",2003-09-28T00:00,0.042,µg/m³,VOC,GC-MS
50103,MONTRÉAL-SAINT-JEAN-BAPTISTE,"3,6-Dimethyloctane",2003-09-29T00:00,0.000,µg/m³,VOC,GC-MS
50103,MONTRÉAL-SAINT-JEAN-BAPTISTE,"3,6-Dimethyloctane",2003-09-30T00:00,0.042,µg/m³,VOC,GC-MS
50103,MONTRÉAL-SAINT-JEAN-BAPTISTE,"3,6-Dimethyloctane",2003-10-02T00:00,0.000,µg/m³,VOC,GC-MS
50103,MONTRÉAL-SAINT-JEAN-BAPTISTE,"3,6-Dimethyloctane",2003-10-03T00:00,0.000,µg/m³,VOC,GC-MS
50103,MONTRÉAL-SAINT-JEAN-BAPTISTE,"3,6-Dimethyloctane",2003-10-04T00:00,0.000,µg/m³,VOC,GC-MS
50103,MONTRÉAL-SAINT-JEAN-BAPTISTE,"3,6-Dimethyloctane",2003-10-05T00:00,0.000,µg/m³,VOC,GC-MS
50103,MONTRÉAL-SAINT-JEAN-BAPTISTE,"3,6-Dimethyloctane",2003-10-06T00:00,0.051,µg/m³,VOC,GC-MS
50103,MONTRÉAL-SAINT-JEAN-BAPTISTE,"3,6-Dimethyloctane",2003-10-07T00:00,0.000,µg/m³,VOC,GC-MS
50103,MONTRÉAL-SAINT-JEAN-BAPTISTE,"3,6-Dimethyloctane",2003-10-08T00:00,0.000,µg/m³,VOC,GC-MS
50103,MONTRÉAL-SAINT-JEAN-BAPTISTE,"3,6-Dimethyloctane",2003-10-09T00:00,0.000,µg/m³,VOC,GC-MS
50103,MONTRÉAL-SAINT-JEAN-BAPTISTE,"3,6-Dimethyloctane",2003-10-10T00:00,0.000,µg/m³,VOC,GC-MS
50103,MONTRÉAL-SAINT-JEAN-BAPTISTE,"3,6-Dimethyloctane",2003-10-11T00:00,0.000,µg/m³,VOC,GC-MS
50103,MONTRÉAL-SAINT-JEAN-BAPTISTE,"3,6-Dimethyloctane",2003-10-12T00:00,0.061,µg/m³,VOC,GC-MS
50103,MONTRÉAL-SAINT-JEAN-BAPTISTE,"3,6-Dimethyloctane",2003-10-13T00:00,0.000,µg/m³,VOC,GC-MS
50103,MONTRÉAL-SAINT-JEAN-BAPTISTE,"3,6-Dimethyloctane",2003-10-14T00:00,0.000,µg/m³,VOC,GC-MS
50103,MONTRÉAL-SAINT-JEAN-BAPTISTE,"3,6-Dimethyloctane",2003-10-15T00:00,0.000,µg/m³,VOC,GC-MS
50103,MONTRÉAL-SAINT-JEAN-BAPTISTE,"3,6-Dimethyloctane",2003-10-16T00:00,0.000,µg/m³,VOC,GC-MS
50103,MONTRÉAL-SAINT-JEAN-BAPTISTE,"3,6-Dimethyloctane",2003-10-17T00:00,0.000,µg/m³,VOC,GC-MS
50103,MONTRÉAL-SAINT-JEAN-BAPTISTE,"3,6-Dimethyloctane",2003-10-18T00:00,0.044,µg/m³,VOC,GC-MS
50103,MONTRÉAL-SAINT-JEAN-BAPTISTE,"3,6-Dimethyloctane",2003-10-19T00:00,0.000,µg/m³,VOC,GC-MS
50103,MONTRÉAL-SAINT-JEAN-BAPTISTE,"3,6-Dimethyloctane",2003-10-20T00:00,0.000,µg/m³,VOC,GC-MS
50103,MONTRÉAL-SAINT-JEAN-BAPTISTE,"3,6-Dimethyloctane",2003-10-21T00:00,0.000,µg/m³,VOC,GC-MS
50103,MONTRÉAL-SAINT-JEAN-BAPTISTE,"3,6-Dimethyloctane",2003-10-24T00:00,0.131,µg/m³,VOC,GC-MS
50103,MONTRÉAL-SAINT-JEAN-BAPTISTE,"3,6-Dimethyloctane",2003-10-25T00:00,0.000,µg/m³,VOC,GC-MS
50103,MONTRÉAL-SAINT-JEAN-BAPTISTE,"3,6-Dimethyloctane",2003-10-26T00:00,0.000,µg/m³,VOC,GC-MS
50103,MONTRÉAL-SAINT-JEAN-BAPTISTE,"3,6-Dimethyloctane",2003-10-27T00:00,0.000,µg/m³,VOC,GC-MS
50103,MONTRÉAL-SAINT-JEAN-BAPTISTE,"3,6-Dimethyloctane",2003-10-28T00:00,0.000,µg/m³,VOC,GC-MS
50103,MONTRÉAL-SAINT-JEAN-BAPTISTE,"3,6-Dimethyloctane",2003-10-29T00:00,0.000,µg/m³,VOC,GC-MS
50103,MONTRÉAL-SAINT-JEAN-BAPTISTE,"3,6-Dimethyloctane",2003-10-30T00:00,0.000,µg/m³,VOC,GC-MS
50103,MONTRÉAL-SAINT-JEAN-BAPTISTE,"3,6-Dimethyloctane",2003-11-25T00:00,0.000,µg/m³,VOC,GC-MS
50103,MONTRÉAL-SAINT-JEAN-BAPTISTE,"3,6-Dimethyloctane",2003-11-26T00:00,0.000,µg/m³,VOC,GC-MS
50103,MONTRÉAL-SAINT-JEAN-BAPTISTE,"3,6-Dimethyloctane",2003-11-27T00:00,0.000,µg/m³,VOC,GC-MS
50103,MONTRÉAL-SAINT-JEAN-BAPTISTE,"3,6-Dimethyloctane",2003-11-28T00:00,0.000,µg/m³,VOC,GC-MS
50103,MONTRÉAL-SAINT-JEAN-BAPTISTE,"3,6-Dimethyloctane",2003-11-29T00:00,0.030,µg/m³,VOC,GC-MS
50103,MONTRÉAL-SAINT-JEAN-BAPTISTE,"3,6-Dimethyloctane",2003-11-30T00:00,0.000,µg/m³,VOC,GC-MS
50103,MONTRÉAL-SAINT-JEAN-BAPTISTE,"3,6-Dimethyloctane",2003-12-01T00:00,0.000,µg/m³,VOC,GC-MS
50103,MONTRÉAL-SAINT-JEAN-BAPTISTE,"3,6-Dimethyloctane",2003-12-02T00:00,0.000,µg/m³,VOC,GC-MS
50103,MONTRÉAL-SAINT-JEAN-BAPTISTE,"3,6-Dimethyloctane",2003-12-03T00:00,0.000,µg/m³,VOC,GC-MS
50103,MONTRÉAL-SAINT-JEAN-BAPTISTE,"3,6-Dimethyloctane",2003-12-04T00:00,0.000,µg/m³,VOC,GC-MS
50103,MONTRÉAL-SAINT-JEAN-BAPTISTE,"3,6-Dimethyloctane",2003-12-05T00:00,0.000,µg/m³,VOC,GC-MS
50103,MONTRÉAL-SAINT-JEAN-BAPTISTE,"3,6-Dimethyloctane",2003-12-06T00:00,0.000,µg/m³,VOC,GC-MS
50103,MONTRÉAL-SAINT-JEAN-BAPTISTE,"3,6-Dimethyloctane",2003-12-07T00:00,0.000,µg/m³,VOC,GC-MS
50103,MONTRÉAL-SAINT-JEAN-BAPTISTE,"3,6-Dimethyloctane",2003-12-08T00:00,0.000,µg/m³,VOC,GC-MS
50103,MONTRÉAL-SAINT-JEAN-BAPTISTE,"3,6-Dimethyloctane",2003-12-09T00:00,0.000,µg/m³,VOC,GC-MS
50103,MONTRÉAL-SAINT-JEAN-BAPTISTE,"3,6-Dimethyloctane",2003-12-10T00:00,0.000,µg/m³,VOC,GC-MS
50103,MONTRÉAL-SAINT-JEAN-BAPTISTE,"3,6-Dimethyloctane",2003-12-11T00:00,0.012,µg/m³,VOC,GC-MS
50103,MONTRÉAL-SAINT-JEAN-BAPTISTE,"3,6-Dimethyloctane",2003-12-12T00:00,0.000,µg/m³,VOC,GC-MS
50103,MONTRÉAL-SAINT-JEAN-BAPTISTE,"3,6-Dimethyloctane",2003-12-13T00:00,0.000,µg/m³,VOC,GC-MS
50103,MONTRÉAL-SAINT-JEAN-BAPTISTE,"3,6-Dimethyloctane",2003-12-14T00:00,0.000,µg/m³,VOC,GC-MS
50103,MONTRÉAL-SAINT-JEAN-BAPTISTE,"3,6-Dimethyloctane",2003-12-15T00:00,0.000,µg/m³,VOC,GC-MS
50103,MONTRÉAL-SAINT-JEAN-BAPTISTE,"3,6-Dimethyloctane",2003-12-16T00:00,0.000,µg/m³,VOC,GC-MS
50103,MONTRÉAL-SAINT-JEAN-BAPTISTE,"3,6-Dimethyloctane",2003-12-17T00:00,0.038,µg/m³,VOC,GC-MS
50103,MONTRÉAL-SAINT-JEAN-BAPTISTE,"3,6-Dimethyloctane",2003-12-18T00:00,0.000,µg/m³,VOC,GC-MS
50103,MONTRÉAL-SAINT-JEAN-BAPTISTE,"3,6-Dimethyloctane",2003-12-23T00:00,0.000,µg/m³,VOC,GC-MS
50103,MONTRÉAL-SAINT-JEAN-BAPTISTE,"3,6-Dimethyloctane",2003-12-29T00:00,0.000,µg/m³,VOC,GC-MS
