﻿NAPS_Site_ID,Station_Name,Pollutant,Date,Value,Units,Report_Type,Method
101401,HOPE AIRPORT,cis-3-Methyl-2-Pentene,2002-02-13T00:00,0.010,µg/m³,VOC,
101401,HOPE AIRPORT,cis-3-Methyl-2-Pentene,2002-03-27T00:00,0.007,µg/m³,VOC,
101401,HOPE AIRPORT,cis-3-Methyl-2-Pentene,2002-05-08T00:00,0.009,µg/m³,VOC,
101401,HOPE AIRPORT,cis-3-Methyl-2-Pentene,2002-06-19T00:00,0.013,µg/m³,VOC,
101401,HOPE AIRPORT,cis-3-Methyl-2-Pentene,2002-07-25T00:00,0.010,µg/m³,VOC,
101401,HOPE AIRPORT,cis-3-Methyl-2-Pentene,2002-09-11T00:00,0.013,µg/m³,VOC,
101401,HOPE AIRPORT,cis-3-Methyl-2-Pentene,2002-11-16T00:00,0.011,µg/m³,VOC,
101401,HOPE AIRPORT,cis-3-Methyl-2-Pentene,2002-12-16T00:00,0.002,µg/m³,VOC,
