﻿NAPS_Site_ID,Station_Name,Pollutant,Date,Value,Units,Report_Type,Method
60413,CENTENNIAL PARK _ETOBICOKE WEST_,Freon 12,2009-01-01T00:00,2.415,µg/m³,VOC,
60413,CENTENNIAL PARK _ETOBICOKE WEST_,Freon 12,2009-01-13T00:00,2.492,µg/m³,VOC,
60413,CENTENNIAL PARK _ETOBICOKE WEST_,Freon 12,2009-01-19T00:00,2.700,µg/m³,VOC,
60413,CENTENNIAL PARK _ETOBICOKE WEST_,Freon 12,2009-01-25T00:00,2.500,µg/m³,VOC,
60413,CENTENNIAL PARK _ETOBICOKE WEST_,Freon 12,2009-01-31T00:00,2.464,µg/m³,VOC,
60413,CENTENNIAL PARK _ETOBICOKE WEST_,Freon 12,2009-02-06T00:00,2.454,µg/m³,VOC,
60413,CENTENNIAL PARK _ETOBICOKE WEST_,Freon 12,2009-02-12T00:00,2.487,µg/m³,VOC,
60413,CENTENNIAL PARK _ETOBICOKE WEST_,Freon 12,2009-02-18T00:00,2.266,µg/m³,VOC,
60413,CENTENNIAL PARK _ETOBICOKE WEST_,Freon 12,2009-02-24T00:00,2.239,µg/m³,VOC,
60413,CENTENNIAL PARK _ETOBICOKE WEST_,Freon 12,2009-03-02T00:00,2.571,µg/m³,VOC,
60413,CENTENNIAL PARK _ETOBICOKE WEST_,Freon 12,2009-03-08T00:00,2.663,µg/m³,VOC,
60413,CENTENNIAL PARK _ETOBICOKE WEST_,Freon 12,2009-03-14T00:00,2.433,µg/m³,VOC,
60413,CENTENNIAL PARK _ETOBICOKE WEST_,Freon 12,2009-03-20T00:00,2.484,µg/m³,VOC,
60413,CENTENNIAL PARK _ETOBICOKE WEST_,Freon 12,2009-03-26T00:00,2.642,µg/m³,VOC,
60413,CENTENNIAL PARK _ETOBICOKE WEST_,Freon 12,2009-04-01T00:00,2.485,µg/m³,VOC,
60413,CENTENNIAL PARK _ETOBICOKE WEST_,Freon 12,2009-04-07T00:00,2.536,µg/m³,VOC,
60413,CENTENNIAL PARK _ETOBICOKE WEST_,Freon 12,2009-04-13T00:00,2.501,µg/m³,VOC,
60413,CENTENNIAL PARK _ETOBICOKE WEST_,Freon 12,2009-04-19T00:00,2.456,µg/m³,VOC,
60413,CENTENNIAL PARK _ETOBICOKE WEST_,Freon 12,2009-04-25T00:00,2.336,µg/m³,VOC,
60413,CENTENNIAL PARK _ETOBICOKE WEST_,Freon 12,2009-05-01T00:00,2.358,µg/m³,VOC,
60413,CENTENNIAL PARK _ETOBICOKE WEST_,Freon 12,2009-05-07T00:00,2.305,µg/m³,VOC,
60413,CENTENNIAL PARK _ETOBICOKE WEST_,Freon 12,2009-05-13T00:00,2.653,µg/m³,VOC,
60413,CENTENNIAL PARK _ETOBICOKE WEST_,Freon 12,2009-05-19T00:00,2.309,µg/m³,VOC,
60413,CENTENNIAL PARK _ETOBICOKE WEST_,Freon 12,2009-05-25T00:00,2.539,µg/m³,VOC,
60413,CENTENNIAL PARK _ETOBICOKE WEST_,Freon 12,2009-05-25T00:00,2.606,µg/m³,VOC,
60413,CENTENNIAL PARK _ETOBICOKE WEST_,Freon 12,2009-05-31T00:00,2.541,µg/m³,VOC,
60413,CENTENNIAL PARK _ETOBICOKE WEST_,Freon 12,2009-06-06T00:00,2.494,µg/m³,VOC,
60413,CENTENNIAL PARK _ETOBICOKE WEST_,Freon 12,2009-06-12T00:00,2.454,µg/m³,VOC,
60413,CENTENNIAL PARK _ETOBICOKE WEST_,Freon 12,2009-06-18T00:00,2.569,µg/m³,VOC,
60413,CENTENNIAL PARK _ETOBICOKE WEST_,Freon 12,2009-06-24T00:00,2.307,µg/m³,VOC,
60413,CENTENNIAL PARK _ETOBICOKE WEST_,Freon 12,2009-06-30T00:00,2.355,µg/m³,VOC,
60413,CENTENNIAL PARK _ETOBICOKE WEST_,Freon 12,2009-07-06T00:00,2.376,µg/m³,VOC,
60413,CENTENNIAL PARK _ETOBICOKE WEST_,Freon 12,2009-07-12T00:00,2.470,µg/m³,VOC,
60413,CENTENNIAL PARK _ETOBICOKE WEST_,Freon 12,2009-07-18T00:00,2.520,µg/m³,VOC,
60413,CENTENNIAL PARK _ETOBICOKE WEST_,Freon 12,2009-07-24T00:00,2.491,µg/m³,VOC,
60413,CENTENNIAL PARK _ETOBICOKE WEST_,Freon 12,2009-08-05T00:00,2.580,µg/m³,VOC,
60413,CENTENNIAL PARK _ETOBICOKE WEST_,Freon 12,2009-08-11T00:00,2.584,µg/m³,VOC,
60413,CENTENNIAL PARK _ETOBICOKE WEST_,Freon 12,2009-08-17T00:00,2.734,µg/m³,VOC,
60413,CENTENNIAL PARK _ETOBICOKE WEST_,Freon 12,2009-08-23T00:00,2.602,µg/m³,VOC,
60413,CENTENNIAL PARK _ETOBICOKE WEST_,Freon 12,2009-08-29T00:00,2.573,µg/m³,VOC,
60413,CENTENNIAL PARK _ETOBICOKE WEST_,Freon 12,2009-09-04T00:00,2.724,µg/m³,VOC,
60413,CENTENNIAL PARK _ETOBICOKE WEST_,Freon 12,2009-09-10T00:00,2.583,µg/m³,VOC,
60413,CENTENNIAL PARK _ETOBICOKE WEST_,Freon 12,2009-09-16T00:00,2.435,µg/m³,VOC,
60413,CENTENNIAL PARK _ETOBICOKE WEST_,Freon 12,2009-09-22T00:00,2.477,µg/m³,VOC,
60413,CENTENNIAL PARK _ETOBICOKE WEST_,Freon 12,2009-09-28T00:00,2.813,µg/m³,VOC,
60413,CENTENNIAL PARK _ETOBICOKE WEST_,Freon 12,2009-10-04T00:00,2.810,µg/m³,VOC,
60413,CENTENNIAL PARK _ETOBICOKE WEST_,Freon 12,2009-10-10T00:00,2.677,µg/m³,VOC,
60413,CENTENNIAL PARK _ETOBICOKE WEST_,Freon 12,2009-10-16T00:00,2.842,µg/m³,VOC,
60413,CENTENNIAL PARK _ETOBICOKE WEST_,Freon 12,2009-10-22T00:00,3.095,µg/m³,VOC,
60413,CENTENNIAL PARK _ETOBICOKE WEST_,Freon 12,2009-10-28T00:00,2.600,µg/m³,VOC,
60413,CENTENNIAL PARK _ETOBICOKE WEST_,Freon 12,2009-11-03T00:00,2.690,µg/m³,VOC,
60413,CENTENNIAL PARK _ETOBICOKE WEST_,Freon 12,2009-11-09T00:00,2.725,µg/m³,VOC,
60413,CENTENNIAL PARK _ETOBICOKE WEST_,Freon 12,2009-11-15T00:00,2.732,µg/m³,VOC,
60413,CENTENNIAL PARK _ETOBICOKE WEST_,Freon 12,2009-11-21T00:00,2.644,µg/m³,VOC,
60413,CENTENNIAL PARK _ETOBICOKE WEST_,Freon 12,2009-11-27T00:00,2.613,µg/m³,VOC,
60413,CENTENNIAL PARK _ETOBICOKE WEST_,Freon 12,2009-12-03T00:00,2.704,µg/m³,VOC,
60413,CENTENNIAL PARK _ETOBICOKE WEST_,Freon 12,2009-12-09T00:00,2.666,µg/m³,VOC,
60413,CENTENNIAL PARK _ETOBICOKE WEST_,Freon 12,2009-12-09T00:00,2.911,µg/m³,VOC,
60413,CENTENNIAL PARK _ETOBICOKE WEST_,Freon 12,2009-12-15T00:00,2.801,µg/m³,VOC,
60413,CENTENNIAL PARK _ETOBICOKE WEST_,Freon 12,2009-12-21T00:00,2.469,µg/m³,VOC,
60413,CENTENNIAL PARK _ETOBICOKE WEST_,Freon 12,2009-12-27T00:00,2.514,µg/m³,VOC,
