﻿NAPS_Site_ID,Station_Name,Pollutant,Date,Value,Units,Report_Type,Method
61009,SARNIA,cis-2-Pentene,2016-04-23T20:00,0.023,µg/m³,VOC,GC-MS
61009,SARNIA,cis-2-Pentene,2016-04-29T20:00,0.004,µg/m³,VOC,GC-MS
61009,SARNIA,cis-2-Pentene,2016-05-05T20:00,0.008,µg/m³,VOC,GC-MS
61009,SARNIA,cis-2-Pentene,2016-05-11T20:00,0.126,µg/m³,VOC,GC-MS
61009,SARNIA,cis-2-Pentene,2016-05-17T20:00,0.005,µg/m³,VOC,GC-MS
61009,SARNIA,cis-2-Pentene,2016-05-23T20:00,0.020,µg/m³,VOC,GC-MS
61009,SARNIA,cis-2-Pentene,2016-06-04T20:00,0.006,µg/m³,VOC,GC-MS
61009,SARNIA,cis-2-Pentene,2016-06-10T20:00,0.012,µg/m³,VOC,GC-MS
61009,SARNIA,cis-2-Pentene,2016-06-16T20:00,0.008,µg/m³,VOC,GC-MS
61009,SARNIA,cis-2-Pentene,2016-06-22T20:00,0.007,µg/m³,VOC,GC-MS
61009,SARNIA,cis-2-Pentene,2016-06-28T20:00,0.019,µg/m³,VOC,GC-MS
61009,SARNIA,cis-2-Pentene,2016-07-04T20:00,0.018,µg/m³,VOC,GC-MS
61009,SARNIA,cis-2-Pentene,2016-07-10T20:00,0.057,µg/m³,VOC,GC-MS
61009,SARNIA,cis-2-Pentene,2016-07-16T20:00,0.046,µg/m³,VOC,GC-MS
61009,SARNIA,cis-2-Pentene,2016-07-22T20:00,0.020,µg/m³,VOC,GC-MS
61009,SARNIA,cis-2-Pentene,2016-07-28T20:00,0.007,µg/m³,VOC,GC-MS
61009,SARNIA,cis-2-Pentene,2016-08-03T20:00,0.029,µg/m³,VOC,GC-MS
61009,SARNIA,cis-2-Pentene,2016-08-09T20:00,0.014,µg/m³,VOC,GC-MS
61009,SARNIA,cis-2-Pentene,2016-08-15T20:00,0.020,µg/m³,VOC,GC-MS
61009,SARNIA,cis-2-Pentene,2016-08-21T20:00,0.026,µg/m³,VOC,GC-MS
61009,SARNIA,cis-2-Pentene,2016-08-27T20:00,0.014,µg/m³,VOC,GC-MS
61009,SARNIA,cis-2-Pentene,2016-09-02T20:00,0.028,µg/m³,VOC,GC-MS
61009,SARNIA,cis-2-Pentene,2016-09-08T20:00,0.012,µg/m³,VOC,GC-MS
61009,SARNIA,cis-2-Pentene,2016-09-14T20:00,0.037,µg/m³,VOC,GC-MS
61009,SARNIA,cis-2-Pentene,2016-09-20T20:00,0.218,µg/m³,VOC,GC-MS
61009,SARNIA,cis-2-Pentene,2016-09-26T20:00,0.015,µg/m³,VOC,GC-MS
61009,SARNIA,cis-2-Pentene,2016-10-02T20:00,0.021,µg/m³,VOC,GC-MS
61009,SARNIA,cis-2-Pentene,2016-10-08T20:00,0.003,µg/m³,VOC,GC-MS
61009,SARNIA,cis-2-Pentene,2016-10-14T20:00,0.019,µg/m³,VOC,GC-MS
61009,SARNIA,cis-2-Pentene,2016-10-20T20:00,0.002,µg/m³,VOC,GC-MS
61009,SARNIA,cis-2-Pentene,2016-10-26T20:00,0.005,µg/m³,VOC,GC-MS
61009,SARNIA,cis-2-Pentene,2016-11-01T20:00,0.012,µg/m³,VOC,GC-MS
61009,SARNIA,cis-2-Pentene,2016-11-07T19:00,0.043,µg/m³,VOC,GC-MS
61009,SARNIA,cis-2-Pentene,2016-11-13T19:00,0.030,µg/m³,VOC,GC-MS
61009,SARNIA,cis-2-Pentene,2016-11-19T19:00,0.002,µg/m³,VOC,GC-MS
61009,SARNIA,cis-2-Pentene,2016-11-25T19:00,0.012,µg/m³,VOC,GC-MS
61009,SARNIA,cis-2-Pentene,2016-12-01T19:00,0.006,µg/m³,VOC,GC-MS
61009,SARNIA,cis-2-Pentene,2016-12-07T19:00,0.005,µg/m³,VOC,GC-MS
61009,SARNIA,cis-2-Pentene,2016-12-13T19:00,0.005,µg/m³,VOC,GC-MS
61009,SARNIA,cis-2-Pentene,2016-12-19T19:00,0.052,µg/m³,VOC,GC-MS
61009,SARNIA,cis-2-Pentene,2016-12-25T19:00,0.013,µg/m³,VOC,GC-MS
