﻿NAPS_Site_ID,Station_Name,Pollutant,Date,Value,Units,Report_Type,Method
50103,MONTRÉAL-SAINT-JEAN-BAPTISTE,4-Methyloctane,1990-01-11T00:00,0.375,µg/m³,VOC,N/A
50103,MONTRÉAL-SAINT-JEAN-BAPTISTE,4-Methyloctane,1990-01-23T00:00,0.650,µg/m³,VOC,N/A
50103,MONTRÉAL-SAINT-JEAN-BAPTISTE,4-Methyloctane,1990-01-29T00:00,0.323,µg/m³,VOC,N/A
50103,MONTRÉAL-SAINT-JEAN-BAPTISTE,4-Methyloctane,1990-02-04T00:00,0.113,µg/m³,VOC,N/A
50103,MONTRÉAL-SAINT-JEAN-BAPTISTE,4-Methyloctane,1990-02-10T00:00,0.285,µg/m³,VOC,N/A
50103,MONTRÉAL-SAINT-JEAN-BAPTISTE,4-Methyloctane,1990-02-22T00:00,0.450,µg/m³,VOC,N/A
50103,MONTRÉAL-SAINT-JEAN-BAPTISTE,4-Methyloctane,1990-02-28T00:00,0.288,µg/m³,VOC,N/A
50103,MONTRÉAL-SAINT-JEAN-BAPTISTE,4-Methyloctane,1990-03-06T00:00,0.219,µg/m³,VOC,N/A
50103,MONTRÉAL-SAINT-JEAN-BAPTISTE,4-Methyloctane,1990-03-12T00:00,0.504,µg/m³,VOC,N/A
50103,MONTRÉAL-SAINT-JEAN-BAPTISTE,4-Methyloctane,1990-03-18T00:00,0.000,µg/m³,VOC,N/A
50103,MONTRÉAL-SAINT-JEAN-BAPTISTE,4-Methyloctane,1990-03-24T00:00,0.000,µg/m³,VOC,N/A
50103,MONTRÉAL-SAINT-JEAN-BAPTISTE,4-Methyloctane,1990-03-30T00:00,0.000,µg/m³,VOC,N/A
50103,MONTRÉAL-SAINT-JEAN-BAPTISTE,4-Methyloctane,1990-04-05T00:00,0.000,µg/m³,VOC,N/A
50103,MONTRÉAL-SAINT-JEAN-BAPTISTE,4-Methyloctane,1990-04-11T00:00,0.000,µg/m³,VOC,N/A
50103,MONTRÉAL-SAINT-JEAN-BAPTISTE,4-Methyloctane,1990-04-23T00:00,0.000,µg/m³,VOC,N/A
50103,MONTRÉAL-SAINT-JEAN-BAPTISTE,4-Methyloctane,1990-04-29T00:00,0.000,µg/m³,VOC,N/A
50103,MONTRÉAL-SAINT-JEAN-BAPTISTE,4-Methyloctane,1990-05-05T00:00,0.000,µg/m³,VOC,N/A
50103,MONTRÉAL-SAINT-JEAN-BAPTISTE,4-Methyloctane,1990-05-11T00:00,0.000,µg/m³,VOC,N/A
50103,MONTRÉAL-SAINT-JEAN-BAPTISTE,4-Methyloctane,1990-05-29T00:00,0.000,µg/m³,VOC,N/A
50103,MONTRÉAL-SAINT-JEAN-BAPTISTE,4-Methyloctane,1990-06-04T00:00,0.411,µg/m³,VOC,N/A
50103,MONTRÉAL-SAINT-JEAN-BAPTISTE,4-Methyloctane,1990-06-10T00:00,0.000,µg/m³,VOC,N/A
50103,MONTRÉAL-SAINT-JEAN-BAPTISTE,4-Methyloctane,1990-06-16T00:00,0.000,µg/m³,VOC,N/A
50103,MONTRÉAL-SAINT-JEAN-BAPTISTE,4-Methyloctane,1990-06-22T00:00,0.484,µg/m³,VOC,N/A
50103,MONTRÉAL-SAINT-JEAN-BAPTISTE,4-Methyloctane,1990-06-28T00:00,0.300,µg/m³,VOC,N/A
50103,MONTRÉAL-SAINT-JEAN-BAPTISTE,4-Methyloctane,1990-07-10T00:00,0.565,µg/m³,VOC,N/A
50103,MONTRÉAL-SAINT-JEAN-BAPTISTE,4-Methyloctane,1990-07-16T00:00,0.587,µg/m³,VOC,N/A
50103,MONTRÉAL-SAINT-JEAN-BAPTISTE,4-Methyloctane,1990-07-22T00:00,0.638,µg/m³,VOC,N/A
50103,MONTRÉAL-SAINT-JEAN-BAPTISTE,4-Methyloctane,1990-08-03T00:00,0.000,µg/m³,VOC,N/A
50103,MONTRÉAL-SAINT-JEAN-BAPTISTE,4-Methyloctane,1990-08-09T00:00,0.000,µg/m³,VOC,N/A
50103,MONTRÉAL-SAINT-JEAN-BAPTISTE,4-Methyloctane,1990-08-15T00:00,0.569,µg/m³,VOC,N/A
50103,MONTRÉAL-SAINT-JEAN-BAPTISTE,4-Methyloctane,1990-08-21T00:00,0.288,µg/m³,VOC,N/A
50103,MONTRÉAL-SAINT-JEAN-BAPTISTE,4-Methyloctane,1990-09-02T00:00,0.291,µg/m³,VOC,N/A
50103,MONTRÉAL-SAINT-JEAN-BAPTISTE,4-Methyloctane,1990-09-08T00:00,0.158,µg/m³,VOC,N/A
50103,MONTRÉAL-SAINT-JEAN-BAPTISTE,4-Methyloctane,1990-09-20T00:00,0.155,µg/m³,VOC,N/A
50103,MONTRÉAL-SAINT-JEAN-BAPTISTE,4-Methyloctane,1990-09-26T00:00,0.000,µg/m³,VOC,N/A
50103,MONTRÉAL-SAINT-JEAN-BAPTISTE,4-Methyloctane,1990-10-02T00:00,0.102,µg/m³,VOC,N/A
50103,MONTRÉAL-SAINT-JEAN-BAPTISTE,4-Methyloctane,1990-10-08T00:00,0.000,µg/m³,VOC,N/A
50103,MONTRÉAL-SAINT-JEAN-BAPTISTE,4-Methyloctane,1990-10-14T00:00,0.000,µg/m³,VOC,N/A
50103,MONTRÉAL-SAINT-JEAN-BAPTISTE,4-Methyloctane,1990-10-20T00:00,0.000,µg/m³,VOC,N/A
50103,MONTRÉAL-SAINT-JEAN-BAPTISTE,4-Methyloctane,1990-10-26T00:00,0.000,µg/m³,VOC,N/A
50103,MONTRÉAL-SAINT-JEAN-BAPTISTE,4-Methyloctane,1990-11-01T00:00,0.000,µg/m³,VOC,N/A
50103,MONTRÉAL-SAINT-JEAN-BAPTISTE,4-Methyloctane,1990-11-07T00:00,0.000,µg/m³,VOC,N/A
50103,MONTRÉAL-SAINT-JEAN-BAPTISTE,4-Methyloctane,1990-11-13T00:00,0.000,µg/m³,VOC,N/A
50103,MONTRÉAL-SAINT-JEAN-BAPTISTE,4-Methyloctane,1990-11-19T00:00,0.000,µg/m³,VOC,N/A
50103,MONTRÉAL-SAINT-JEAN-BAPTISTE,4-Methyloctane,1990-11-25T00:00,0.000,µg/m³,VOC,N/A
50103,MONTRÉAL-SAINT-JEAN-BAPTISTE,4-Methyloctane,1990-12-01T00:00,0.000,µg/m³,VOC,N/A
50103,MONTRÉAL-SAINT-JEAN-BAPTISTE,4-Methyloctane,1990-12-07T00:00,0.000,µg/m³,VOC,N/A
50103,MONTRÉAL-SAINT-JEAN-BAPTISTE,4-Methyloctane,1990-12-13T00:00,0.000,µg/m³,VOC,N/A
50103,MONTRÉAL-SAINT-JEAN-BAPTISTE,4-Methyloctane,1990-12-19T00:00,0.000,µg/m³,VOC,N/A
50103,MONTRÉAL-SAINT-JEAN-BAPTISTE,4-Methyloctane,1990-12-25T00:00,0.000,µg/m³,VOC,N/A
50103,MONTRÉAL-SAINT-JEAN-BAPTISTE,4-Methyloctane,1990-12-31T00:00,0.000,µg/m³,VOC,N/A
