﻿NAPS_Site_ID,Station_Name,Pollutant,Date,Value,Units,Report_Type,Method
55201,LEMIEUX,Toluene,2004-01-04T00:00,0.250,µg/m³,VOC,
55201,LEMIEUX,Toluene,2004-01-07T00:00,0.361,µg/m³,VOC,
55201,LEMIEUX,Toluene,2004-01-10T00:00,0.194,µg/m³,VOC,
55201,LEMIEUX,Toluene,2004-01-13T00:00,0.689,µg/m³,VOC,
55201,LEMIEUX,Toluene,2004-01-16T00:00,0.241,µg/m³,VOC,
55201,LEMIEUX,Toluene,2004-01-19T00:00,0.715,µg/m³,VOC,
55201,LEMIEUX,Toluene,2004-01-22T00:00,0.564,µg/m³,VOC,
55201,LEMIEUX,Toluene,2004-01-25T00:00,0.234,µg/m³,VOC,
55201,LEMIEUX,Toluene,2004-01-28T00:00,0.715,µg/m³,VOC,
55201,LEMIEUX,Toluene,2004-01-31T00:00,0.427,µg/m³,VOC,
55201,LEMIEUX,Toluene,2004-02-03T00:00,0.736,µg/m³,VOC,
55201,LEMIEUX,Toluene,2004-02-09T00:00,0.387,µg/m³,VOC,
55201,LEMIEUX,Toluene,2004-02-12T00:00,0.250,µg/m³,VOC,
55201,LEMIEUX,Toluene,2004-02-15T00:00,0.333,µg/m³,VOC,
55201,LEMIEUX,Toluene,2004-02-18T00:00,1.194,µg/m³,VOC,
55201,LEMIEUX,Toluene,2004-02-21T00:00,0.601,µg/m³,VOC,
55201,LEMIEUX,Toluene,2004-02-24T00:00,0.380,µg/m³,VOC,
55201,LEMIEUX,Toluene,2004-02-27T00:00,0.184,µg/m³,VOC,
55201,LEMIEUX,Toluene,2004-03-01T00:00,0.585,µg/m³,VOC,
55201,LEMIEUX,Toluene,2004-03-04T00:00,1.060,µg/m³,VOC,
55201,LEMIEUX,Toluene,2004-03-07T00:00,0.162,µg/m³,VOC,
55201,LEMIEUX,Toluene,2004-03-10T00:00,0.503,µg/m³,VOC,
55201,LEMIEUX,Toluene,2004-03-13T00:00,0.299,µg/m³,VOC,
55201,LEMIEUX,Toluene,2004-03-16T00:00,0.080,µg/m³,VOC,
55201,LEMIEUX,Toluene,2004-03-19T00:00,0.229,µg/m³,VOC,
55201,LEMIEUX,Toluene,2004-03-22T00:00,0.123,µg/m³,VOC,
55201,LEMIEUX,Toluene,2004-03-25T00:00,0.754,µg/m³,VOC,
55201,LEMIEUX,Toluene,2004-03-28T00:00,0.165,µg/m³,VOC,
55201,LEMIEUX,Toluene,2004-03-31T00:00,0.816,µg/m³,VOC,
55201,LEMIEUX,Toluene,2004-04-03T00:00,0.248,µg/m³,VOC,
55201,LEMIEUX,Toluene,2004-04-06T00:00,0.046,µg/m³,VOC,
55201,LEMIEUX,Toluene,2004-04-09T00:00,0.084,µg/m³,VOC,
55201,LEMIEUX,Toluene,2004-04-12T00:00,0.069,µg/m³,VOC,
55201,LEMIEUX,Toluene,2004-04-15T00:00,0.034,µg/m³,VOC,
55201,LEMIEUX,Toluene,2004-04-18T00:00,0.066,µg/m³,VOC,
55201,LEMIEUX,Toluene,2004-04-21T00:00,0.178,µg/m³,VOC,
55201,LEMIEUX,Toluene,2004-04-24T00:00,0.041,µg/m³,VOC,
55201,LEMIEUX,Toluene,2004-04-30T00:00,0.207,µg/m³,VOC,
55201,LEMIEUX,Toluene,2004-05-03T00:00,0.238,µg/m³,VOC,
55201,LEMIEUX,Toluene,2004-05-06T00:00,0.437,µg/m³,VOC,
55201,LEMIEUX,Toluene,2004-05-09T00:00,0.086,µg/m³,VOC,
55201,LEMIEUX,Toluene,2004-05-12T00:00,0.076,µg/m³,VOC,
55201,LEMIEUX,Toluene,2004-05-15T00:00,0.153,µg/m³,VOC,
55201,LEMIEUX,Toluene,2004-05-18T00:00,0.453,µg/m³,VOC,
55201,LEMIEUX,Toluene,2004-05-21T00:00,0.031,µg/m³,VOC,
55201,LEMIEUX,Toluene,2004-05-24T00:00,0.174,µg/m³,VOC,
55201,LEMIEUX,Toluene,2004-05-27T00:00,0.274,µg/m³,VOC,
55201,LEMIEUX,Toluene,2004-05-30T00:00,0.031,µg/m³,VOC,
55201,LEMIEUX,Toluene,2004-06-02T00:00,0.262,µg/m³,VOC,
55201,LEMIEUX,Toluene,2004-06-05T00:00,0.103,µg/m³,VOC,
55201,LEMIEUX,Toluene,2004-06-08T00:00,0.709,µg/m³,VOC,
55201,LEMIEUX,Toluene,2004-06-11T00:00,0.020,µg/m³,VOC,
55201,LEMIEUX,Toluene,2004-06-14T00:00,2.429,µg/m³,VOC,
55201,LEMIEUX,Toluene,2004-06-17T00:00,0.210,µg/m³,VOC,
55201,LEMIEUX,Toluene,2004-06-20T00:00,0.052,µg/m³,VOC,
55201,LEMIEUX,Toluene,2004-06-23T00:00,0.106,µg/m³,VOC,
55201,LEMIEUX,Toluene,2004-06-29T00:00,0.164,µg/m³,VOC,
55201,LEMIEUX,Toluene,2004-07-02T00:00,0.126,µg/m³,VOC,
55201,LEMIEUX,Toluene,2004-07-05T00:00,0.195,µg/m³,VOC,
55201,LEMIEUX,Toluene,2004-07-08T00:00,0.826,µg/m³,VOC,
55201,LEMIEUX,Toluene,2004-07-11T00:00,0.094,µg/m³,VOC,
55201,LEMIEUX,Toluene,2004-07-14T00:00,0.174,µg/m³,VOC,
55201,LEMIEUX,Toluene,2004-07-17T00:00,0.158,µg/m³,VOC,
55201,LEMIEUX,Toluene,2004-07-20T00:00,0.250,µg/m³,VOC,
55201,LEMIEUX,Toluene,2004-07-23T00:00,0.055,µg/m³,VOC,
55201,LEMIEUX,Toluene,2004-07-26T00:00,0.164,µg/m³,VOC,
55201,LEMIEUX,Toluene,2004-07-29T00:00,0.168,µg/m³,VOC,
55201,LEMIEUX,Toluene,2004-08-01T00:00,0.114,µg/m³,VOC,
55201,LEMIEUX,Toluene,2004-08-04T00:00,0.205,µg/m³,VOC,
55201,LEMIEUX,Toluene,2004-08-07T00:00,0.086,µg/m³,VOC,
55201,LEMIEUX,Toluene,2004-08-10T00:00,0.261,µg/m³,VOC,
55201,LEMIEUX,Toluene,2004-08-13T00:00,0.202,µg/m³,VOC,
55201,LEMIEUX,Toluene,2004-08-16T00:00,0.136,µg/m³,VOC,
55201,LEMIEUX,Toluene,2004-08-19T00:00,0.605,µg/m³,VOC,
55201,LEMIEUX,Toluene,2004-08-22T00:00,0.040,µg/m³,VOC,
55201,LEMIEUX,Toluene,2004-08-25T00:00,0.172,µg/m³,VOC,
55201,LEMIEUX,Toluene,2004-08-28T00:00,0.089,µg/m³,VOC,
55201,LEMIEUX,Toluene,2004-08-31T00:00,0.173,µg/m³,VOC,
55201,LEMIEUX,Toluene,2004-09-03T00:00,1.423,µg/m³,VOC,
55201,LEMIEUX,Toluene,2004-09-06T00:00,0.209,µg/m³,VOC,
55201,LEMIEUX,Toluene,2004-09-09T00:00,0.187,µg/m³,VOC,
55201,LEMIEUX,Toluene,2004-09-12T00:00,0.451,µg/m³,VOC,
55201,LEMIEUX,Toluene,2004-09-15T00:00,0.387,µg/m³,VOC,
55201,LEMIEUX,Toluene,2004-09-18T00:00,0.048,µg/m³,VOC,
55201,LEMIEUX,Toluene,2004-09-21T00:00,0.683,µg/m³,VOC,
55201,LEMIEUX,Toluene,2004-09-24T00:00,0.738,µg/m³,VOC,
55201,LEMIEUX,Toluene,2004-09-27T00:00,0.337,µg/m³,VOC,
55201,LEMIEUX,Toluene,2004-09-30T00:00,0.236,µg/m³,VOC,
55201,LEMIEUX,Toluene,2004-10-03T00:00,0.143,µg/m³,VOC,
55201,LEMIEUX,Toluene,2004-10-06T00:00,0.562,µg/m³,VOC,
55201,LEMIEUX,Toluene,2004-10-09T00:00,0.338,µg/m³,VOC,
55201,LEMIEUX,Toluene,2004-10-12T00:00,0.081,µg/m³,VOC,
55201,LEMIEUX,Toluene,2004-10-15T00:00,0.373,µg/m³,VOC,
55201,LEMIEUX,Toluene,2004-10-18T00:00,0.149,µg/m³,VOC,
55201,LEMIEUX,Toluene,2004-10-21T00:00,0.114,µg/m³,VOC,
55201,LEMIEUX,Toluene,2004-10-24T00:00,0.091,µg/m³,VOC,
55201,LEMIEUX,Toluene,2004-10-27T00:00,0.084,µg/m³,VOC,
55201,LEMIEUX,Toluene,2004-10-30T00:00,0.526,µg/m³,VOC,
55201,LEMIEUX,Toluene,2004-11-02T00:00,0.050,µg/m³,VOC,
55201,LEMIEUX,Toluene,2004-11-05T00:00,0.677,µg/m³,VOC,
55201,LEMIEUX,Toluene,2004-11-08T00:00,0.069,µg/m³,VOC,
55201,LEMIEUX,Toluene,2004-11-11T00:00,0.091,µg/m³,VOC,
55201,LEMIEUX,Toluene,2004-11-14T00:00,0.501,µg/m³,VOC,
55201,LEMIEUX,Toluene,2004-11-17T00:00,0.640,µg/m³,VOC,
55201,LEMIEUX,Toluene,2004-11-20T00:00,0.191,µg/m³,VOC,
55201,LEMIEUX,Toluene,2004-11-23T00:00,0.524,µg/m³,VOC,
55201,LEMIEUX,Toluene,2004-11-26T00:00,0.120,µg/m³,VOC,
55201,LEMIEUX,Toluene,2004-11-29T00:00,0.147,µg/m³,VOC,
55201,LEMIEUX,Toluene,2004-12-02T00:00,0.112,µg/m³,VOC,
55201,LEMIEUX,Toluene,2004-12-05T00:00,0.096,µg/m³,VOC,
55201,LEMIEUX,Toluene,2004-12-08T00:00,0.267,µg/m³,VOC,
55201,LEMIEUX,Toluene,2004-12-11T00:00,0.173,µg/m³,VOC,
55201,LEMIEUX,Toluene,2004-12-14T00:00,0.097,µg/m³,VOC,
55201,LEMIEUX,Toluene,2004-12-17T00:00,0.122,µg/m³,VOC,
55201,LEMIEUX,Toluene,2004-12-20T00:00,0.499,µg/m³,VOC,
55201,LEMIEUX,Toluene,2004-12-23T00:00,0.607,µg/m³,VOC,
55201,LEMIEUX,Toluene,2004-12-26T00:00,0.197,µg/m³,VOC,
55201,LEMIEUX,Toluene,2004-12-29T00:00,0.169,µg/m³,VOC,
