﻿NAPS_Site_ID,Station_Name,Pollutant,Date,Value,Units,Report_Type,Method
54401,SAINT-ANICET,cis-2-Butene,2013-01-01T00:00,0.003,µg/m³,VOC,GC-MS
54401,SAINT-ANICET,cis-2-Butene,2013-01-04T00:00,0.004,µg/m³,VOC,GC-MS
54401,SAINT-ANICET,cis-2-Butene,2013-01-07T00:00,0.003,µg/m³,VOC,GC-MS
54401,SAINT-ANICET,cis-2-Butene,2013-01-10T00:00,0.003,µg/m³,VOC,GC-MS
54401,SAINT-ANICET,cis-2-Butene,2013-01-13T00:00,0.010,µg/m³,VOC,GC-MS
54401,SAINT-ANICET,cis-2-Butene,2013-01-19T00:00,0.000,µg/m³,VOC,GC-MS
54401,SAINT-ANICET,cis-2-Butene,2013-01-22T00:00,0.000,µg/m³,VOC,GC-MS
54401,SAINT-ANICET,cis-2-Butene,2013-01-25T00:00,0.002,µg/m³,VOC,GC-MS
54401,SAINT-ANICET,cis-2-Butene,2013-01-28T00:00,0.004,µg/m³,VOC,GC-MS
54401,SAINT-ANICET,cis-2-Butene,2013-01-31T00:00,0.005,µg/m³,VOC,GC-MS
54401,SAINT-ANICET,cis-2-Butene,2013-02-03T00:00,0.008,µg/m³,VOC,GC-MS
54401,SAINT-ANICET,cis-2-Butene,2013-02-06T00:00,0.003,µg/m³,VOC,GC-MS
54401,SAINT-ANICET,cis-2-Butene,2013-02-09T00:00,0.002,µg/m³,VOC,GC-MS
54401,SAINT-ANICET,cis-2-Butene,2013-02-12T00:00,0.004,µg/m³,VOC,GC-MS
54401,SAINT-ANICET,cis-2-Butene,2013-02-15T00:00,0.003,µg/m³,VOC,GC-MS
54401,SAINT-ANICET,cis-2-Butene,2013-02-21T00:00,0.003,µg/m³,VOC,GC-MS
54401,SAINT-ANICET,cis-2-Butene,2013-02-24T00:00,0.006,µg/m³,VOC,GC-MS
54401,SAINT-ANICET,cis-2-Butene,2013-02-27T00:00,0.006,µg/m³,VOC,GC-MS
54401,SAINT-ANICET,cis-2-Butene,2013-03-02T00:00,0.003,µg/m³,VOC,GC-MS
54401,SAINT-ANICET,cis-2-Butene,2013-03-05T00:00,0.002,µg/m³,VOC,GC-MS
54401,SAINT-ANICET,cis-2-Butene,2013-03-08T00:00,0.000,µg/m³,VOC,GC-MS
54401,SAINT-ANICET,cis-2-Butene,2013-03-11T00:00,0.005,µg/m³,VOC,GC-MS
54401,SAINT-ANICET,cis-2-Butene,2013-03-14T00:00,0.002,µg/m³,VOC,GC-MS
54401,SAINT-ANICET,cis-2-Butene,2013-03-17T00:00,0.000,µg/m³,VOC,GC-MS
54401,SAINT-ANICET,cis-2-Butene,2013-03-20T00:00,0.003,µg/m³,VOC,GC-MS
54401,SAINT-ANICET,cis-2-Butene,2013-03-23T00:00,0.002,µg/m³,VOC,GC-MS
54401,SAINT-ANICET,cis-2-Butene,2013-03-26T00:00,0.002,µg/m³,VOC,GC-MS
54401,SAINT-ANICET,cis-2-Butene,2013-03-29T00:00,0.003,µg/m³,VOC,GC-MS
54401,SAINT-ANICET,cis-2-Butene,2013-04-01T00:00,0.002,µg/m³,VOC,GC-MS
54401,SAINT-ANICET,cis-2-Butene,2013-04-04T00:00,0.002,µg/m³,VOC,GC-MS
54401,SAINT-ANICET,cis-2-Butene,2013-04-07T00:00,0.003,µg/m³,VOC,GC-MS
54401,SAINT-ANICET,cis-2-Butene,2013-04-10T00:00,0.000,µg/m³,VOC,GC-MS
54401,SAINT-ANICET,cis-2-Butene,2013-04-13T00:00,0.003,µg/m³,VOC,GC-MS
54401,SAINT-ANICET,cis-2-Butene,2013-04-16T00:00,0.003,µg/m³,VOC,GC-MS
54401,SAINT-ANICET,cis-2-Butene,2013-04-19T00:00,0.004,µg/m³,VOC,GC-MS
54401,SAINT-ANICET,cis-2-Butene,2013-04-22T00:00,0.000,µg/m³,VOC,GC-MS
54401,SAINT-ANICET,cis-2-Butene,2013-04-28T00:00,0.003,µg/m³,VOC,GC-MS
54401,SAINT-ANICET,cis-2-Butene,2013-07-03T00:00,0.006,µg/m³,VOC,GC-MS
54401,SAINT-ANICET,cis-2-Butene,2013-07-06T00:00,0.006,µg/m³,VOC,GC-MS
54401,SAINT-ANICET,cis-2-Butene,2013-07-12T00:00,0.003,µg/m³,VOC,GC-MS
54401,SAINT-ANICET,cis-2-Butene,2013-07-15T00:00,0.005,µg/m³,VOC,GC-MS
54401,SAINT-ANICET,cis-2-Butene,2013-07-18T00:00,0.004,µg/m³,VOC,GC-MS
54401,SAINT-ANICET,cis-2-Butene,2013-07-21T00:00,0.005,µg/m³,VOC,GC-MS
54401,SAINT-ANICET,cis-2-Butene,2013-07-24T00:00,0.004,µg/m³,VOC,GC-MS
54401,SAINT-ANICET,cis-2-Butene,2013-07-27T00:00,0.004,µg/m³,VOC,GC-MS
54401,SAINT-ANICET,cis-2-Butene,2013-07-30T00:00,0.006,µg/m³,VOC,GC-MS
54401,SAINT-ANICET,cis-2-Butene,2013-08-02T00:00,0.004,µg/m³,VOC,GC-MS
54401,SAINT-ANICET,cis-2-Butene,2013-08-05T00:00,0.004,µg/m³,VOC,GC-MS
54401,SAINT-ANICET,cis-2-Butene,2013-08-08T00:00,0.006,µg/m³,VOC,GC-MS
54401,SAINT-ANICET,cis-2-Butene,2013-08-17T00:00,0.003,µg/m³,VOC,GC-MS
54401,SAINT-ANICET,cis-2-Butene,2013-08-20T00:00,0.005,µg/m³,VOC,GC-MS
54401,SAINT-ANICET,cis-2-Butene,2013-08-23T00:00,0.005,µg/m³,VOC,GC-MS
54401,SAINT-ANICET,cis-2-Butene,2013-08-26T00:00,0.004,µg/m³,VOC,GC-MS
54401,SAINT-ANICET,cis-2-Butene,2013-08-29T00:00,0.004,µg/m³,VOC,GC-MS
54401,SAINT-ANICET,cis-2-Butene,2013-09-01T00:00,0.000,µg/m³,VOC,GC-MS
54401,SAINT-ANICET,cis-2-Butene,2013-09-04T00:00,0.004,µg/m³,VOC,GC-MS
54401,SAINT-ANICET,cis-2-Butene,2013-09-07T00:00,0.004,µg/m³,VOC,GC-MS
54401,SAINT-ANICET,cis-2-Butene,2013-09-16T00:00,0.000,µg/m³,VOC,GC-MS
54401,SAINT-ANICET,cis-2-Butene,2013-09-22T00:00,0.002,µg/m³,VOC,GC-MS
54401,SAINT-ANICET,cis-2-Butene,2013-09-25T00:00,0.002,µg/m³,VOC,GC-MS
54401,SAINT-ANICET,cis-2-Butene,2013-09-28T00:00,0.006,µg/m³,VOC,GC-MS
54401,SAINT-ANICET,cis-2-Butene,2013-10-01T00:00,0.004,µg/m³,VOC,GC-MS
54401,SAINT-ANICET,cis-2-Butene,2013-10-04T00:00,0.004,µg/m³,VOC,GC-MS
54401,SAINT-ANICET,cis-2-Butene,2013-10-07T00:00,0.004,µg/m³,VOC,GC-MS
54401,SAINT-ANICET,cis-2-Butene,2013-10-10T00:00,0.004,µg/m³,VOC,GC-MS
54401,SAINT-ANICET,cis-2-Butene,2013-10-13T00:00,0.004,µg/m³,VOC,GC-MS
54401,SAINT-ANICET,cis-2-Butene,2013-10-16T00:00,0.002,µg/m³,VOC,GC-MS
54401,SAINT-ANICET,cis-2-Butene,2013-10-19T00:00,0.004,µg/m³,VOC,GC-MS
54401,SAINT-ANICET,cis-2-Butene,2013-10-22T00:00,0.002,µg/m³,VOC,GC-MS
54401,SAINT-ANICET,cis-2-Butene,2013-10-25T00:00,0.002,µg/m³,VOC,GC-MS
54401,SAINT-ANICET,cis-2-Butene,2013-10-28T00:00,0.000,µg/m³,VOC,GC-MS
54401,SAINT-ANICET,cis-2-Butene,2013-10-31T00:00,0.004,µg/m³,VOC,GC-MS
54401,SAINT-ANICET,cis-2-Butene,2013-11-03T00:00,0.002,µg/m³,VOC,GC-MS
54401,SAINT-ANICET,cis-2-Butene,2013-11-06T00:00,0.002,µg/m³,VOC,GC-MS
54401,SAINT-ANICET,cis-2-Butene,2013-11-09T00:00,0.000,µg/m³,VOC,GC-MS
54401,SAINT-ANICET,cis-2-Butene,2013-11-12T00:00,0.000,µg/m³,VOC,GC-MS
54401,SAINT-ANICET,cis-2-Butene,2013-11-15T00:00,0.000,µg/m³,VOC,GC-MS
54401,SAINT-ANICET,cis-2-Butene,2013-11-18T00:00,0.000,µg/m³,VOC,GC-MS
54401,SAINT-ANICET,cis-2-Butene,2013-11-21T00:00,0.000,µg/m³,VOC,GC-MS
54401,SAINT-ANICET,cis-2-Butene,2013-11-24T00:00,0.004,µg/m³,VOC,GC-MS
54401,SAINT-ANICET,cis-2-Butene,2013-11-27T00:00,0.004,µg/m³,VOC,GC-MS
54401,SAINT-ANICET,cis-2-Butene,2013-11-30T00:00,0.006,µg/m³,VOC,GC-MS
54401,SAINT-ANICET,cis-2-Butene,2013-12-03T00:00,0.012,µg/m³,VOC,GC-MS
54401,SAINT-ANICET,cis-2-Butene,2013-12-06T00:00,0.004,µg/m³,VOC,GC-MS
54401,SAINT-ANICET,cis-2-Butene,2013-12-09T00:00,0.006,µg/m³,VOC,GC-MS
54401,SAINT-ANICET,cis-2-Butene,2013-12-12T00:00,0.006,µg/m³,VOC,GC-MS
54401,SAINT-ANICET,cis-2-Butene,2013-12-15T00:00,0.014,µg/m³,VOC,GC-MS
54401,SAINT-ANICET,cis-2-Butene,2013-12-18T00:00,0.024,µg/m³,VOC,GC-MS
54401,SAINT-ANICET,cis-2-Butene,2013-12-21T00:00,0.026,µg/m³,VOC,GC-MS
54401,SAINT-ANICET,cis-2-Butene,2013-12-24T00:00,0.004,µg/m³,VOC,GC-MS
54401,SAINT-ANICET,cis-2-Butene,2013-12-27T00:00,0.004,µg/m³,VOC,GC-MS
54401,SAINT-ANICET,cis-2-Butene,2013-12-30T00:00,0.008,µg/m³,VOC,GC-MS
