﻿NAPS_Site_ID,Station_Name,Pollutant,Date,Value,Units,Report_Type,Method
60417,26 BREADALBANE STREET,Silicon,1989-01-04T00:00,0.020,µg/m³,DICHOT,N/A
60417,26 BREADALBANE STREET,Silicon,1989-01-04T00:00,0.115,µg/m³,DICHOT,N/A
60417,26 BREADALBANE STREET,Silicon,1989-01-10T00:00,0.090,µg/m³,DICHOT,N/A
60417,26 BREADALBANE STREET,Silicon,1989-01-10T00:00,0.840,µg/m³,DICHOT,N/A
60417,26 BREADALBANE STREET,Silicon,1989-01-16T00:00,0.012,µg/m³,DICHOT,N/A
60417,26 BREADALBANE STREET,Silicon,1989-01-16T00:00,0.364,µg/m³,DICHOT,N/A
60417,26 BREADALBANE STREET,Silicon,1989-01-22T00:00,0.107,µg/m³,DICHOT,N/A
60417,26 BREADALBANE STREET,Silicon,1989-01-22T00:00,0.585,µg/m³,DICHOT,N/A
60417,26 BREADALBANE STREET,Silicon,1989-01-28T00:00,0.000,µg/m³,DICHOT,N/A
60417,26 BREADALBANE STREET,Silicon,1989-01-28T00:00,0.743,µg/m³,DICHOT,N/A
60417,26 BREADALBANE STREET,Silicon,1989-02-03T00:00,0.000,µg/m³,DICHOT,N/A
60417,26 BREADALBANE STREET,Silicon,1989-02-03T00:00,0.125,µg/m³,DICHOT,N/A
60417,26 BREADALBANE STREET,Silicon,1989-02-09T00:00,0.054,µg/m³,DICHOT,N/A
60417,26 BREADALBANE STREET,Silicon,1989-02-09T00:00,1.537,µg/m³,DICHOT,N/A
60417,26 BREADALBANE STREET,Silicon,1989-02-15T00:00,0.043,µg/m³,DICHOT,N/A
60417,26 BREADALBANE STREET,Silicon,1989-02-15T00:00,0.566,µg/m³,DICHOT,N/A
60417,26 BREADALBANE STREET,Silicon,1989-02-21T00:00,0.042,µg/m³,DICHOT,N/A
60417,26 BREADALBANE STREET,Silicon,1989-02-21T00:00,0.079,µg/m³,DICHOT,N/A
60417,26 BREADALBANE STREET,Silicon,1989-02-27T00:00,0.013,µg/m³,DICHOT,N/A
60417,26 BREADALBANE STREET,Silicon,1989-02-27T00:00,0.160,µg/m³,DICHOT,N/A
60417,26 BREADALBANE STREET,Silicon,1989-03-05T00:00,0.008,µg/m³,DICHOT,N/A
60417,26 BREADALBANE STREET,Silicon,1989-03-05T00:00,0.079,µg/m³,DICHOT,N/A
60417,26 BREADALBANE STREET,Silicon,1989-03-11T00:00,0.040,µg/m³,DICHOT,N/A
60417,26 BREADALBANE STREET,Silicon,1989-03-11T00:00,0.376,µg/m³,DICHOT,N/A
60417,26 BREADALBANE STREET,Silicon,1989-03-17T00:00,0.055,µg/m³,DICHOT,N/A
60417,26 BREADALBANE STREET,Silicon,1989-03-17T00:00,0.151,µg/m³,DICHOT,N/A
60417,26 BREADALBANE STREET,Silicon,1989-03-23T00:00,0.100,µg/m³,DICHOT,N/A
60417,26 BREADALBANE STREET,Silicon,1989-03-23T00:00,0.381,µg/m³,DICHOT,N/A
60417,26 BREADALBANE STREET,Silicon,1989-03-29T00:00,0.044,µg/m³,DICHOT,N/A
60417,26 BREADALBANE STREET,Silicon,1989-03-29T00:00,0.655,µg/m³,DICHOT,N/A
60417,26 BREADALBANE STREET,Silicon,1989-04-04T00:00,0.076,µg/m³,DICHOT,N/A
60417,26 BREADALBANE STREET,Silicon,1989-04-04T00:00,1.183,µg/m³,DICHOT,N/A
60417,26 BREADALBANE STREET,Silicon,1989-04-16T00:00,0.000,µg/m³,DICHOT,N/A
60417,26 BREADALBANE STREET,Silicon,1989-04-16T00:00,0.751,µg/m³,DICHOT,N/A
60417,26 BREADALBANE STREET,Silicon,1989-04-22T00:00,0.000,µg/m³,DICHOT,N/A
60417,26 BREADALBANE STREET,Silicon,1989-04-22T00:00,0.653,µg/m³,DICHOT,N/A
60417,26 BREADALBANE STREET,Silicon,1989-04-28T00:00,0.000,µg/m³,DICHOT,N/A
60417,26 BREADALBANE STREET,Silicon,1989-04-28T00:00,0.882,µg/m³,DICHOT,N/A
60417,26 BREADALBANE STREET,Silicon,1989-05-04T00:00,0.004,µg/m³,DICHOT,N/A
60417,26 BREADALBANE STREET,Silicon,1989-05-04T00:00,1.887,µg/m³,DICHOT,N/A
60417,26 BREADALBANE STREET,Silicon,1989-05-10T00:00,0.012,µg/m³,DICHOT,N/A
60417,26 BREADALBANE STREET,Silicon,1989-05-10T00:00,0.558,µg/m³,DICHOT,N/A
60417,26 BREADALBANE STREET,Silicon,1989-05-16T00:00,0.131,µg/m³,DICHOT,N/A
60417,26 BREADALBANE STREET,Silicon,1989-05-16T00:00,1.107,µg/m³,DICHOT,N/A
60417,26 BREADALBANE STREET,Silicon,1989-05-22T00:00,0.311,µg/m³,DICHOT,N/A
60417,26 BREADALBANE STREET,Silicon,1989-05-22T00:00,5.746,µg/m³,DICHOT,N/A
60417,26 BREADALBANE STREET,Silicon,1989-05-28T00:00,0.026,µg/m³,DICHOT,N/A
60417,26 BREADALBANE STREET,Silicon,1989-05-28T00:00,0.801,µg/m³,DICHOT,N/A
60417,26 BREADALBANE STREET,Silicon,1989-06-03T00:00,0.063,µg/m³,DICHOT,N/A
60417,26 BREADALBANE STREET,Silicon,1989-06-03T00:00,0.515,µg/m³,DICHOT,N/A
60417,26 BREADALBANE STREET,Silicon,1989-06-09T00:00,0.072,µg/m³,DICHOT,N/A
60417,26 BREADALBANE STREET,Silicon,1989-06-09T00:00,0.349,µg/m³,DICHOT,N/A
60417,26 BREADALBANE STREET,Silicon,1989-06-15T00:00,0.000,µg/m³,DICHOT,N/A
60417,26 BREADALBANE STREET,Silicon,1989-06-15T00:00,0.323,µg/m³,DICHOT,N/A
60417,26 BREADALBANE STREET,Silicon,1989-06-21T00:00,0.060,µg/m³,DICHOT,N/A
60417,26 BREADALBANE STREET,Silicon,1989-06-21T00:00,0.430,µg/m³,DICHOT,N/A
60417,26 BREADALBANE STREET,Silicon,1989-06-27T00:00,0.000,µg/m³,DICHOT,N/A
60417,26 BREADALBANE STREET,Silicon,1989-06-27T00:00,1.700,µg/m³,DICHOT,N/A
60417,26 BREADALBANE STREET,Silicon,1989-07-03T00:00,0.152,µg/m³,DICHOT,N/A
60417,26 BREADALBANE STREET,Silicon,1989-07-03T00:00,2.006,µg/m³,DICHOT,N/A
60417,26 BREADALBANE STREET,Silicon,1989-07-09T00:00,0.074,µg/m³,DICHOT,N/A
60417,26 BREADALBANE STREET,Silicon,1989-07-09T00:00,1.054,µg/m³,DICHOT,N/A
60417,26 BREADALBANE STREET,Silicon,1989-07-15T00:00,0.028,µg/m³,DICHOT,N/A
60417,26 BREADALBANE STREET,Silicon,1989-07-15T00:00,1.047,µg/m³,DICHOT,N/A
60417,26 BREADALBANE STREET,Silicon,1989-07-21T00:00,0.019,µg/m³,DICHOT,N/A
60417,26 BREADALBANE STREET,Silicon,1989-07-21T00:00,0.454,µg/m³,DICHOT,N/A
60417,26 BREADALBANE STREET,Silicon,1989-07-27T00:00,0.075,µg/m³,DICHOT,N/A
60417,26 BREADALBANE STREET,Silicon,1989-07-27T00:00,1.006,µg/m³,DICHOT,N/A
60417,26 BREADALBANE STREET,Silicon,1989-08-02T00:00,0.048,µg/m³,DICHOT,N/A
60417,26 BREADALBANE STREET,Silicon,1989-08-02T00:00,1.227,µg/m³,DICHOT,N/A
60417,26 BREADALBANE STREET,Silicon,1989-08-08T00:00,0.000,µg/m³,DICHOT,N/A
60417,26 BREADALBANE STREET,Silicon,1989-08-08T00:00,0.374,µg/m³,DICHOT,N/A
60417,26 BREADALBANE STREET,Silicon,1989-08-14T00:00,0.035,µg/m³,DICHOT,N/A
60417,26 BREADALBANE STREET,Silicon,1989-08-14T00:00,0.401,µg/m³,DICHOT,N/A
60417,26 BREADALBANE STREET,Silicon,1989-08-20T00:00,0.006,µg/m³,DICHOT,N/A
60417,26 BREADALBANE STREET,Silicon,1989-08-20T00:00,0.146,µg/m³,DICHOT,N/A
60417,26 BREADALBANE STREET,Silicon,1989-08-26T00:00,0.000,µg/m³,DICHOT,N/A
60417,26 BREADALBANE STREET,Silicon,1989-08-26T00:00,0.209,µg/m³,DICHOT,N/A
60417,26 BREADALBANE STREET,Silicon,1989-09-01T00:00,0.021,µg/m³,DICHOT,N/A
60417,26 BREADALBANE STREET,Silicon,1989-09-01T00:00,0.156,µg/m³,DICHOT,N/A
60417,26 BREADALBANE STREET,Silicon,1989-09-07T00:00,0.124,µg/m³,DICHOT,N/A
60417,26 BREADALBANE STREET,Silicon,1989-09-07T00:00,1.244,µg/m³,DICHOT,N/A
60417,26 BREADALBANE STREET,Silicon,1989-09-13T00:00,0.027,µg/m³,DICHOT,N/A
60417,26 BREADALBANE STREET,Silicon,1989-09-13T00:00,0.678,µg/m³,DICHOT,N/A
60417,26 BREADALBANE STREET,Silicon,1989-09-19T00:00,0.032,µg/m³,DICHOT,N/A
60417,26 BREADALBANE STREET,Silicon,1989-09-19T00:00,0.530,µg/m³,DICHOT,N/A
60417,26 BREADALBANE STREET,Silicon,1989-09-25T00:00,0.039,µg/m³,DICHOT,N/A
60417,26 BREADALBANE STREET,Silicon,1989-09-25T00:00,0.447,µg/m³,DICHOT,N/A
60417,26 BREADALBANE STREET,Silicon,1989-10-01T00:00,0.071,µg/m³,DICHOT,N/A
60417,26 BREADALBANE STREET,Silicon,1989-10-01T00:00,0.292,µg/m³,DICHOT,N/A
60417,26 BREADALBANE STREET,Silicon,1989-10-07T00:00,0.000,µg/m³,DICHOT,N/A
60417,26 BREADALBANE STREET,Silicon,1989-10-07T00:00,0.155,µg/m³,DICHOT,N/A
60417,26 BREADALBANE STREET,Silicon,1989-10-13T00:00,0.047,µg/m³,DICHOT,N/A
60417,26 BREADALBANE STREET,Silicon,1989-10-13T00:00,1.175,µg/m³,DICHOT,N/A
60417,26 BREADALBANE STREET,Silicon,1989-10-19T00:00,0.000,µg/m³,DICHOT,N/A
60417,26 BREADALBANE STREET,Silicon,1989-10-19T00:00,0.165,µg/m³,DICHOT,N/A
60417,26 BREADALBANE STREET,Silicon,1989-10-25T00:00,0.066,µg/m³,DICHOT,N/A
60417,26 BREADALBANE STREET,Silicon,1989-10-25T00:00,1.168,µg/m³,DICHOT,N/A
60417,26 BREADALBANE STREET,Silicon,1989-10-31T00:00,0.000,µg/m³,DICHOT,N/A
60417,26 BREADALBANE STREET,Silicon,1989-10-31T00:00,0.311,µg/m³,DICHOT,N/A
60417,26 BREADALBANE STREET,Silicon,1989-11-06T00:00,0.000,µg/m³,DICHOT,N/A
60417,26 BREADALBANE STREET,Silicon,1989-11-06T00:00,0.150,µg/m³,DICHOT,N/A
60417,26 BREADALBANE STREET,Silicon,1989-11-12T00:00,0.000,µg/m³,DICHOT,N/A
60417,26 BREADALBANE STREET,Silicon,1989-11-12T00:00,0.017,µg/m³,DICHOT,N/A
60417,26 BREADALBANE STREET,Silicon,1989-11-18T00:00,0.000,µg/m³,DICHOT,N/A
60417,26 BREADALBANE STREET,Silicon,1989-11-18T00:00,0.279,µg/m³,DICHOT,N/A
60417,26 BREADALBANE STREET,Silicon,1989-11-24T00:00,0.000,µg/m³,DICHOT,N/A
60417,26 BREADALBANE STREET,Silicon,1989-11-24T00:00,0.452,µg/m³,DICHOT,N/A
60417,26 BREADALBANE STREET,Silicon,1989-11-30T00:00,0.000,µg/m³,DICHOT,N/A
60417,26 BREADALBANE STREET,Silicon,1989-11-30T00:00,0.123,µg/m³,DICHOT,N/A
60417,26 BREADALBANE STREET,Silicon,1989-12-06T00:00,0.000,µg/m³,DICHOT,N/A
60417,26 BREADALBANE STREET,Silicon,1989-12-06T00:00,0.422,µg/m³,DICHOT,N/A
60417,26 BREADALBANE STREET,Silicon,1989-12-12T00:00,0.025,µg/m³,DICHOT,N/A
60417,26 BREADALBANE STREET,Silicon,1989-12-12T00:00,0.253,µg/m³,DICHOT,N/A
60417,26 BREADALBANE STREET,Silicon,1989-12-18T00:00,0.070,µg/m³,DICHOT,N/A
60417,26 BREADALBANE STREET,Silicon,1989-12-18T00:00,0.401,µg/m³,DICHOT,N/A
60417,26 BREADALBANE STREET,Silicon,1989-12-24T00:00,0.000,µg/m³,DICHOT,N/A
60417,26 BREADALBANE STREET,Silicon,1989-12-24T00:00,0.284,µg/m³,DICHOT,N/A
60417,26 BREADALBANE STREET,Silicon,1989-12-30T00:00,0.027,µg/m³,DICHOT,N/A
60417,26 BREADALBANE STREET,Silicon,1989-12-30T00:00,0.048,µg/m³,DICHOT,N/A
