﻿NAPS_Site_ID,Station_Name,Pollutant,Date,Value,Units,Report_Type,Method
90132,EDMONTON MCINTYRE,Chloride,2010-01-05T00:00,0.069,µg/m³,PM2.5,IC
90132,EDMONTON MCINTYRE,Chloride,2010-01-08T00:00,0.516,µg/m³,PM2.5,IC
90132,EDMONTON MCINTYRE,Chloride,2010-01-11T00:00,0.098,µg/m³,PM2.5,IC
90132,EDMONTON MCINTYRE,Chloride,2010-01-14T00:00,0.173,µg/m³,PM2.5,IC
90132,EDMONTON MCINTYRE,Chloride,2010-01-17T00:00,0.483,µg/m³,PM2.5,IC
90132,EDMONTON MCINTYRE,Chloride,2010-01-20T00:00,0.086,µg/m³,PM2.5,IC
90132,EDMONTON MCINTYRE,Chloride,2010-01-23T00:00,0.058,µg/m³,PM2.5,IC
90132,EDMONTON MCINTYRE,Chloride,2010-01-26T00:00,0.102,µg/m³,PM2.5,IC
90132,EDMONTON MCINTYRE,Chloride,2010-01-29T00:00,1.057,µg/m³,PM2.5,IC
90132,EDMONTON MCINTYRE,Chloride,2010-02-01T00:00,0.222,µg/m³,PM2.5,IC
90132,EDMONTON MCINTYRE,Chloride,2010-02-04T00:00,0.116,µg/m³,PM2.5,IC
90132,EDMONTON MCINTYRE,Chloride,2010-02-07T00:00,0.051,µg/m³,PM2.5,IC
90132,EDMONTON MCINTYRE,Chloride,2010-02-10T00:00,0.087,µg/m³,PM2.5,IC
90132,EDMONTON MCINTYRE,Chloride,2010-02-13T00:00,0.024,µg/m³,PM2.5,IC
90132,EDMONTON MCINTYRE,Chloride,2010-02-16T00:00,0.112,µg/m³,PM2.5,IC
90132,EDMONTON MCINTYRE,Chloride,2010-02-19T00:00,0.133,µg/m³,PM2.5,IC
90132,EDMONTON MCINTYRE,Chloride,2010-02-25T00:00,0.129,µg/m³,PM2.5,IC
90132,EDMONTON MCINTYRE,Chloride,2010-02-28T00:00,0.073,µg/m³,PM2.5,IC
90132,EDMONTON MCINTYRE,Chloride,2010-03-03T00:00,0.253,µg/m³,PM2.5,IC
90132,EDMONTON MCINTYRE,Chloride,2010-03-06T00:00,0.451,µg/m³,PM2.5,IC
90132,EDMONTON MCINTYRE,Chloride,2010-03-12T00:00,0.083,µg/m³,PM2.5,IC
90132,EDMONTON MCINTYRE,Chloride,2010-03-15T00:00,0.071,µg/m³,PM2.5,IC
90132,EDMONTON MCINTYRE,Chloride,2010-03-18T00:00,0.101,µg/m³,PM2.5,IC
90132,EDMONTON MCINTYRE,Chloride,2010-03-21T00:00,0.116,µg/m³,PM2.5,IC
90132,EDMONTON MCINTYRE,Chloride,2010-03-24T00:00,0.069,µg/m³,PM2.5,IC
90132,EDMONTON MCINTYRE,Chloride,2010-03-27T00:00,0.050,µg/m³,PM2.5,IC
90132,EDMONTON MCINTYRE,Chloride,2010-03-30T00:00,0.076,µg/m³,PM2.5,IC
90132,EDMONTON MCINTYRE,Chloride,2010-04-02T00:00,0.052,µg/m³,PM2.5,IC
90132,EDMONTON MCINTYRE,Chloride,2010-04-05T00:00,0.065,µg/m³,PM2.5,IC
90132,EDMONTON MCINTYRE,Chloride,2010-04-08T00:00,0.061,µg/m³,PM2.5,IC
90132,EDMONTON MCINTYRE,Chloride,2010-04-11T00:00,0.033,µg/m³,PM2.5,IC
90132,EDMONTON MCINTYRE,Chloride,2010-04-14T00:00,0.072,µg/m³,PM2.5,IC
90132,EDMONTON MCINTYRE,Chloride,2010-04-17T00:00,0.054,µg/m³,PM2.5,IC
90132,EDMONTON MCINTYRE,Chloride,2010-04-20T00:00,0.052,µg/m³,PM2.5,IC
90132,EDMONTON MCINTYRE,Chloride,2010-04-23T00:00,0.052,µg/m³,PM2.5,IC
90132,EDMONTON MCINTYRE,Chloride,2010-04-26T00:00,0.044,µg/m³,PM2.5,IC
90132,EDMONTON MCINTYRE,Chloride,2010-04-29T00:00,0.061,µg/m³,PM2.5,IC
90132,EDMONTON MCINTYRE,Chloride,2010-05-02T00:00,0.055,µg/m³,PM2.5,IC
90132,EDMONTON MCINTYRE,Chloride,2010-05-05T00:00,0.039,µg/m³,PM2.5,IC
90132,EDMONTON MCINTYRE,Chloride,2010-05-08T00:00,0.038,µg/m³,PM2.5,IC
90132,EDMONTON MCINTYRE,Chloride,2010-05-11T00:00,0.044,µg/m³,PM2.5,IC
90132,EDMONTON MCINTYRE,Chloride,2010-05-14T00:00,0.045,µg/m³,PM2.5,IC
90132,EDMONTON MCINTYRE,Chloride,2010-05-17T00:00,0.048,µg/m³,PM2.5,IC
90132,EDMONTON MCINTYRE,Chloride,2010-05-20T00:00,0.049,µg/m³,PM2.5,IC
90132,EDMONTON MCINTYRE,Chloride,2010-05-23T00:00,0.040,µg/m³,PM2.5,IC
90132,EDMONTON MCINTYRE,Chloride,2010-05-26T00:00,0.047,µg/m³,PM2.5,IC
90132,EDMONTON MCINTYRE,Chloride,2010-05-29T00:00,0.064,µg/m³,PM2.5,IC
90132,EDMONTON MCINTYRE,Chloride,2010-06-01T00:00,0.041,µg/m³,PM2.5,IC
90132,EDMONTON MCINTYRE,Chloride,2010-06-04T00:00,0.024,µg/m³,PM2.5,IC
90132,EDMONTON MCINTYRE,Chloride,2010-06-07T00:00,0.017,µg/m³,PM2.5,IC
90132,EDMONTON MCINTYRE,Chloride,2010-06-10T00:00,0.022,µg/m³,PM2.5,IC
90132,EDMONTON MCINTYRE,Chloride,2010-06-13T00:00,0.020,µg/m³,PM2.5,IC
90132,EDMONTON MCINTYRE,Chloride,2010-06-16T00:00,0.022,µg/m³,PM2.5,IC
90132,EDMONTON MCINTYRE,Chloride,2010-06-19T00:00,0.016,µg/m³,PM2.5,IC
90132,EDMONTON MCINTYRE,Chloride,2010-06-22T00:00,0.027,µg/m³,PM2.5,IC
90132,EDMONTON MCINTYRE,Chloride,2010-06-25T00:00,0.036,µg/m³,PM2.5,IC
90132,EDMONTON MCINTYRE,Chloride,2010-06-28T00:00,0.031,µg/m³,PM2.5,IC
90132,EDMONTON MCINTYRE,Chloride,2010-07-01T00:00,0.033,µg/m³,PM2.5,IC
90132,EDMONTON MCINTYRE,Chloride,2010-07-04T00:00,0.041,µg/m³,PM2.5,IC
90132,EDMONTON MCINTYRE,Chloride,2010-07-07T00:00,0.048,µg/m³,PM2.5,IC
90132,EDMONTON MCINTYRE,Chloride,2010-07-10T00:00,0.062,µg/m³,PM2.5,IC
90132,EDMONTON MCINTYRE,Chloride,2010-07-13T00:00,0.031,µg/m³,PM2.5,IC
90132,EDMONTON MCINTYRE,Chloride,2010-07-16T00:00,0.027,µg/m³,PM2.5,IC
90132,EDMONTON MCINTYRE,Chloride,2010-07-19T00:00,0.029,µg/m³,PM2.5,IC
90132,EDMONTON MCINTYRE,Chloride,2010-07-22T00:00,0.032,µg/m³,PM2.5,IC
90132,EDMONTON MCINTYRE,Chloride,2010-07-25T00:00,0.060,µg/m³,PM2.5,IC
90132,EDMONTON MCINTYRE,Chloride,2010-07-31T00:00,0.014,µg/m³,PM2.5,IC
90132,EDMONTON MCINTYRE,Chloride,2010-08-03T00:00,0.024,µg/m³,PM2.5,IC
90132,EDMONTON MCINTYRE,Chloride,2010-08-06T00:00,0.025,µg/m³,PM2.5,IC
90132,EDMONTON MCINTYRE,Chloride,2010-08-09T00:00,0.015,µg/m³,PM2.5,IC
90132,EDMONTON MCINTYRE,Chloride,2010-08-12T00:00,0.028,µg/m³,PM2.5,IC
90132,EDMONTON MCINTYRE,Chloride,2010-08-15T00:00,0.018,µg/m³,PM2.5,IC
90132,EDMONTON MCINTYRE,Chloride,2010-08-18T00:00,0.012,µg/m³,PM2.5,IC
90132,EDMONTON MCINTYRE,Chloride,2010-08-21T00:00,0.041,µg/m³,PM2.5,IC
90132,EDMONTON MCINTYRE,Chloride,2010-08-24T00:00,0.058,µg/m³,PM2.5,IC
90132,EDMONTON MCINTYRE,Chloride,2010-08-27T00:00,0.531,µg/m³,PM2.5,IC
90132,EDMONTON MCINTYRE,Chloride,2010-08-30T00:00,0.070,µg/m³,PM2.5,IC
90132,EDMONTON MCINTYRE,Chloride,2010-09-02T00:00,0.065,µg/m³,PM2.5,IC
90132,EDMONTON MCINTYRE,Chloride,2010-09-05T00:00,0.062,µg/m³,PM2.5,IC
90132,EDMONTON MCINTYRE,Chloride,2010-09-08T00:00,0.088,µg/m³,PM2.5,IC
90132,EDMONTON MCINTYRE,Chloride,2010-09-17T00:00,0.072,µg/m³,PM2.5,IC
90132,EDMONTON MCINTYRE,Chloride,2010-09-20T00:00,0.066,µg/m³,PM2.5,IC
90132,EDMONTON MCINTYRE,Chloride,2010-09-23T00:00,0.071,µg/m³,PM2.5,IC
90132,EDMONTON MCINTYRE,Chloride,2010-09-26T00:00,0.058,µg/m³,PM2.5,IC
90132,EDMONTON MCINTYRE,Chloride,2010-09-29T00:00,0.065,µg/m³,PM2.5,IC
90132,EDMONTON MCINTYRE,Chloride,2010-10-02T00:00,0.061,µg/m³,PM2.5,IC
90132,EDMONTON MCINTYRE,Chloride,2010-10-05T00:00,0.064,µg/m³,PM2.5,IC
90132,EDMONTON MCINTYRE,Chloride,2010-10-08T00:00,0.072,µg/m³,PM2.5,IC
90132,EDMONTON MCINTYRE,Chloride,2010-10-11T00:00,0.075,µg/m³,PM2.5,IC
90132,EDMONTON MCINTYRE,Chloride,2010-10-14T00:00,0.073,µg/m³,PM2.5,IC
90132,EDMONTON MCINTYRE,Chloride,2010-10-17T00:00,0.056,µg/m³,PM2.5,IC
90132,EDMONTON MCINTYRE,Chloride,2010-10-20T00:00,0.057,µg/m³,PM2.5,IC
90132,EDMONTON MCINTYRE,Chloride,2010-10-23T00:00,0.083,µg/m³,PM2.5,IC
90132,EDMONTON MCINTYRE,Chloride,2010-10-26T00:00,0.060,µg/m³,PM2.5,IC
90132,EDMONTON MCINTYRE,Chloride,2010-10-29T00:00,0.104,µg/m³,PM2.5,IC
90132,EDMONTON MCINTYRE,Chloride,2010-11-01T00:00,0.095,µg/m³,PM2.5,IC
90132,EDMONTON MCINTYRE,Chloride,2010-11-04T00:00,0.064,µg/m³,PM2.5,IC
90132,EDMONTON MCINTYRE,Chloride,2010-11-07T00:00,0.081,µg/m³,PM2.5,IC
90132,EDMONTON MCINTYRE,Chloride,2010-11-10T00:00,0.117,µg/m³,PM2.5,IC
90132,EDMONTON MCINTYRE,Chloride,2010-11-13T00:00,0.090,µg/m³,PM2.5,IC
90132,EDMONTON MCINTYRE,Chloride,2010-11-16T00:00,0.130,µg/m³,PM2.5,IC
90132,EDMONTON MCINTYRE,Chloride,2010-11-19T00:00,0.120,µg/m³,PM2.5,IC
90132,EDMONTON MCINTYRE,Chloride,2010-11-22T00:00,0.124,µg/m³,PM2.5,IC
90132,EDMONTON MCINTYRE,Chloride,2010-11-25T00:00,0.087,µg/m³,PM2.5,IC
90132,EDMONTON MCINTYRE,Chloride,2010-11-28T00:00,0.058,µg/m³,PM2.5,IC
90132,EDMONTON MCINTYRE,Chloride,2010-12-01T00:00,0.195,µg/m³,PM2.5,IC
90132,EDMONTON MCINTYRE,Chloride,2010-12-04T00:00,0.129,µg/m³,PM2.5,IC
90132,EDMONTON MCINTYRE,Chloride,2010-12-07T00:00,0.323,µg/m³,PM2.5,IC
90132,EDMONTON MCINTYRE,Chloride,2010-12-10T00:00,0.045,µg/m³,PM2.5,IC
90132,EDMONTON MCINTYRE,Chloride,2010-12-13T00:00,0.047,µg/m³,PM2.5,IC
90132,EDMONTON MCINTYRE,Chloride,2010-12-16T00:00,0.043,µg/m³,PM2.5,IC
90132,EDMONTON MCINTYRE,Chloride,2010-12-19T00:00,0.039,µg/m³,PM2.5,IC
90132,EDMONTON MCINTYRE,Chloride,2010-12-22T00:00,0.132,µg/m³,PM2.5,IC
90132,EDMONTON MCINTYRE,Chloride,2010-12-25T00:00,0.224,µg/m³,PM2.5,IC
90132,EDMONTON MCINTYRE,Chloride,2010-12-28T00:00,0.089,µg/m³,PM2.5,IC
90132,EDMONTON MCINTYRE,Chloride,2010-12-31T00:00,0.152,µg/m³,PM2.5,IC
