﻿NAPS_Site_ID,Station_Name,Pollutant,Date,Value,Units,Report_Type,Method
52601,VARENNES-CHEMIN DE LA BARONNIE,cis-3-Heptene,1994-11-28T00:00,0.000,µg/m³,VOC,N/A
52601,VARENNES-CHEMIN DE LA BARONNIE,cis-3-Heptene,1994-12-04T00:00,0.000,µg/m³,VOC,N/A
52601,VARENNES-CHEMIN DE LA BARONNIE,cis-3-Heptene,1994-12-10T00:00,0.000,µg/m³,VOC,N/A
52601,VARENNES-CHEMIN DE LA BARONNIE,cis-3-Heptene,1994-12-16T00:00,0.000,µg/m³,VOC,N/A
52601,VARENNES-CHEMIN DE LA BARONNIE,cis-3-Heptene,1994-12-22T00:00,0.000,µg/m³,VOC,N/A
52601,VARENNES-CHEMIN DE LA BARONNIE,cis-3-Heptene,1994-12-28T00:00,0.000,µg/m³,VOC,N/A
