﻿NAPS_Site_ID,Station_Name,Pollutant,Date,Value,Units,Report_Type,Method
30118,VOGUE BUILDING,D-Limonene,2014-01-10T19:00,0.128,µg/m³,VOC,N/A
30118,VOGUE BUILDING,D-Limonene,2014-01-16T19:00,0.236,µg/m³,VOC,N/A
30118,VOGUE BUILDING,D-Limonene,2014-01-22T19:00,0.029,µg/m³,VOC,N/A
30118,VOGUE BUILDING,D-Limonene,2014-01-28T19:00,0.000,µg/m³,VOC,N/A
30118,VOGUE BUILDING,D-Limonene,2014-02-03T19:00,0.050,µg/m³,VOC,N/A
30118,VOGUE BUILDING,D-Limonene,2014-02-09T19:00,0.113,µg/m³,VOC,N/A
30118,VOGUE BUILDING,D-Limonene,2014-02-21T19:00,0.074,µg/m³,VOC,N/A
30118,VOGUE BUILDING,D-Limonene,2014-05-10T20:00,0.956,µg/m³,VOC,N/A
30118,VOGUE BUILDING,D-Limonene,2014-05-22T20:00,0.294,µg/m³,VOC,N/A
30118,VOGUE BUILDING,D-Limonene,2014-05-28T20:00,0.590,µg/m³,VOC,N/A
30118,VOGUE BUILDING,D-Limonene,2014-06-03T20:00,0.352,µg/m³,VOC,N/A
30118,VOGUE BUILDING,D-Limonene,2014-06-09T20:00,0.918,µg/m³,VOC,N/A
30118,VOGUE BUILDING,D-Limonene,2014-06-15T20:00,0.216,µg/m³,VOC,N/A
30118,VOGUE BUILDING,D-Limonene,2014-06-21T20:00,0.206,µg/m³,VOC,N/A
30118,VOGUE BUILDING,D-Limonene,2014-07-03T20:00,2.550,µg/m³,VOC,N/A
30118,VOGUE BUILDING,D-Limonene,2014-07-09T20:00,1.236,µg/m³,VOC,N/A
30118,VOGUE BUILDING,D-Limonene,2014-07-15T20:00,0.244,µg/m³,VOC,N/A
30118,VOGUE BUILDING,D-Limonene,2014-07-21T20:00,0.340,µg/m³,VOC,N/A
30118,VOGUE BUILDING,D-Limonene,2014-07-27T20:00,0.378,µg/m³,VOC,N/A
30118,VOGUE BUILDING,D-Limonene,2014-08-08T20:00,0.226,µg/m³,VOC,N/A
30118,VOGUE BUILDING,D-Limonene,2014-08-14T20:00,0.228,µg/m³,VOC,N/A
30118,VOGUE BUILDING,D-Limonene,2014-08-20T20:00,0.192,µg/m³,VOC,N/A
30118,VOGUE BUILDING,D-Limonene,2014-08-26T20:00,0.278,µg/m³,VOC,N/A
30118,VOGUE BUILDING,D-Limonene,2014-09-01T20:00,0.272,µg/m³,VOC,N/A
30118,VOGUE BUILDING,D-Limonene,2014-09-07T20:00,0.186,µg/m³,VOC,N/A
30118,VOGUE BUILDING,D-Limonene,2014-09-25T20:00,0.468,µg/m³,VOC,N/A
30118,VOGUE BUILDING,D-Limonene,2014-10-01T20:00,0.084,µg/m³,VOC,N/A
30118,VOGUE BUILDING,D-Limonene,2014-10-07T20:00,0.334,µg/m³,VOC,N/A
30118,VOGUE BUILDING,D-Limonene,2014-10-19T20:00,0.168,µg/m³,VOC,N/A
30118,VOGUE BUILDING,D-Limonene,2014-10-25T20:00,0.286,µg/m³,VOC,N/A
30118,VOGUE BUILDING,D-Limonene,2014-10-31T20:00,0.104,µg/m³,VOC,N/A
30118,VOGUE BUILDING,D-Limonene,2014-11-12T19:00,0.394,µg/m³,VOC,N/A
30118,VOGUE BUILDING,D-Limonene,2014-11-18T19:00,0.120,µg/m³,VOC,N/A
30118,VOGUE BUILDING,D-Limonene,2014-11-24T19:00,0.350,µg/m³,VOC,N/A
30118,VOGUE BUILDING,D-Limonene,2014-11-30T19:00,0.306,µg/m³,VOC,N/A
30118,VOGUE BUILDING,D-Limonene,2014-12-06T19:00,0.160,µg/m³,VOC,N/A
30118,VOGUE BUILDING,D-Limonene,2014-12-12T19:00,0.260,µg/m³,VOC,N/A
30118,VOGUE BUILDING,D-Limonene,2014-12-18T19:00,0.084,µg/m³,VOC,N/A
30118,VOGUE BUILDING,D-Limonene,2014-12-24T19:00,0.138,µg/m³,VOC,N/A
30118,VOGUE BUILDING,D-Limonene,2014-12-30T19:00,0.164,µg/m³,VOC,N/A
