﻿NAPS_Site_ID,Station_Name,Pollutant,Date,Value,Units,Report_Type,Method
100119,BURNABY SOUTH,Acetylene,2015-01-05T19:00,1.259,µg/m³,VOC,N/A
100119,BURNABY SOUTH,Acetylene,2015-01-11T19:00,1.882,µg/m³,VOC,N/A
100119,BURNABY SOUTH,Acetylene,2015-01-29T19:00,1.938,µg/m³,VOC,N/A
100119,BURNABY SOUTH,Acetylene,2015-02-04T19:00,0.567,µg/m³,VOC,N/A
100119,BURNABY SOUTH,Acetylene,2015-02-10T19:00,1.560,µg/m³,VOC,N/A
100119,BURNABY SOUTH,Acetylene,2015-02-16T19:00,1.548,µg/m³,VOC,N/A
100119,BURNABY SOUTH,Acetylene,2015-02-22T19:00,1.224,µg/m³,VOC,N/A
100119,BURNABY SOUTH,Acetylene,2015-02-28T19:00,0.777,µg/m³,VOC,N/A
100119,BURNABY SOUTH,Acetylene,2015-03-12T20:00,1.149,µg/m³,VOC,N/A
100119,BURNABY SOUTH,Acetylene,2015-03-18T20:00,0.846,µg/m³,VOC,N/A
100119,BURNABY SOUTH,Acetylene,2015-03-30T20:00,0.579,µg/m³,VOC,N/A
100119,BURNABY SOUTH,Acetylene,2015-04-05T20:00,0.746,µg/m³,VOC,N/A
100119,BURNABY SOUTH,Acetylene,2015-04-11T20:00,0.517,µg/m³,VOC,N/A
100119,BURNABY SOUTH,Acetylene,2015-04-23T20:00,0.567,µg/m³,VOC,N/A
100119,BURNABY SOUTH,Acetylene,2015-04-29T20:00,0.527,µg/m³,VOC,N/A
100119,BURNABY SOUTH,Acetylene,2015-05-05T20:00,0.928,µg/m³,VOC,N/A
100119,BURNABY SOUTH,Acetylene,2015-05-11T20:00,0.347,µg/m³,VOC,N/A
100119,BURNABY SOUTH,Acetylene,2015-05-17T20:00,0.562,µg/m³,VOC,N/A
100119,BURNABY SOUTH,Acetylene,2015-05-23T20:00,0.241,µg/m³,VOC,N/A
100119,BURNABY SOUTH,Acetylene,2015-05-29T20:00,0.337,µg/m³,VOC,N/A
100119,BURNABY SOUTH,Acetylene,2015-06-04T20:00,0.426,µg/m³,VOC,N/A
100119,BURNABY SOUTH,Acetylene,2015-06-10T20:00,0.214,µg/m³,VOC,N/A
100119,BURNABY SOUTH,Acetylene,2015-06-16T20:00,0.187,µg/m³,VOC,N/A
100119,BURNABY SOUTH,Acetylene,2015-06-22T20:00,0.212,µg/m³,VOC,N/A
100119,BURNABY SOUTH,Acetylene,2015-06-28T20:00,0.286,µg/m³,VOC,N/A
100119,BURNABY SOUTH,Acetylene,2015-07-04T20:00,0.972,µg/m³,VOC,N/A
100119,BURNABY SOUTH,Acetylene,2015-07-10T20:00,0.339,µg/m³,VOC,N/A
100119,BURNABY SOUTH,Acetylene,2015-07-16T20:00,0.315,µg/m³,VOC,N/A
100119,BURNABY SOUTH,Acetylene,2015-07-22T20:00,0.259,µg/m³,VOC,N/A
100119,BURNABY SOUTH,Acetylene,2015-07-28T20:00,0.450,µg/m³,VOC,N/A
100119,BURNABY SOUTH,Acetylene,2015-08-03T20:00,0.203,µg/m³,VOC,N/A
100119,BURNABY SOUTH,Acetylene,2015-08-09T20:00,0.486,µg/m³,VOC,N/A
100119,BURNABY SOUTH,Acetylene,2015-08-15T20:00,0.284,µg/m³,VOC,N/A
100119,BURNABY SOUTH,Acetylene,2015-08-21T20:00,0.390,µg/m³,VOC,N/A
100119,BURNABY SOUTH,Acetylene,2015-08-27T20:00,0.313,µg/m³,VOC,N/A
100119,BURNABY SOUTH,Acetylene,2015-09-02T20:00,0.326,µg/m³,VOC,N/A
100119,BURNABY SOUTH,Acetylene,2015-09-08T20:00,0.278,µg/m³,VOC,N/A
100119,BURNABY SOUTH,Acetylene,2015-09-20T20:00,0.481,µg/m³,VOC,N/A
100119,BURNABY SOUTH,Acetylene,2015-09-26T20:00,0.490,µg/m³,VOC,N/A
100119,BURNABY SOUTH,Acetylene,2015-10-02T20:00,0.616,µg/m³,VOC,N/A
100119,BURNABY SOUTH,Acetylene,2015-10-14T20:00,1.686,µg/m³,VOC,N/A
100119,BURNABY SOUTH,Acetylene,2015-10-20T20:00,0.789,µg/m³,VOC,N/A
100119,BURNABY SOUTH,Acetylene,2015-10-26T20:00,0.920,µg/m³,VOC,N/A
100119,BURNABY SOUTH,Acetylene,2015-11-01T19:00,1.049,µg/m³,VOC,N/A
100119,BURNABY SOUTH,Acetylene,2015-11-07T19:00,0.808,µg/m³,VOC,N/A
100119,BURNABY SOUTH,Acetylene,2015-11-13T19:00,0.790,µg/m³,VOC,N/A
100119,BURNABY SOUTH,Acetylene,2015-11-19T19:00,1.596,µg/m³,VOC,N/A
100119,BURNABY SOUTH,Acetylene,2015-11-25T19:00,2.069,µg/m³,VOC,N/A
100119,BURNABY SOUTH,Acetylene,2015-12-01T19:00,0.810,µg/m³,VOC,N/A
100119,BURNABY SOUTH,Acetylene,2015-12-07T19:00,0.596,µg/m³,VOC,N/A
100119,BURNABY SOUTH,Acetylene,2015-12-13T19:00,0.950,µg/m³,VOC,N/A
100119,BURNABY SOUTH,Acetylene,2015-12-19T19:00,0.568,µg/m³,VOC,N/A
100119,BURNABY SOUTH,Acetylene,2015-12-25T19:00,1.084,µg/m³,VOC,N/A
