﻿NAPS_Site_ID,Station_Name,Pollutant,Date,Value,Units,Report_Type,Method
100112,DOWNTOWN VANCOUVER,2-Methylheptane,1996-02-03T00:00,0.863,µg/m³,VOC,GC-MS
100112,DOWNTOWN VANCOUVER,2-Methylheptane,1996-03-10T00:00,0.338,µg/m³,VOC,GC-MS
100112,DOWNTOWN VANCOUVER,2-Methylheptane,1996-04-15T00:00,0.443,µg/m³,VOC,GC-MS
100112,DOWNTOWN VANCOUVER,2-Methylheptane,1996-05-21T00:00,0.266,µg/m³,VOC,GC-MS
100112,DOWNTOWN VANCOUVER,2-Methylheptane,1996-06-26T00:00,0.332,µg/m³,VOC,GC-MS
100112,DOWNTOWN VANCOUVER,2-Methylheptane,1996-08-07T00:00,0.358,µg/m³,VOC,GC-MS
100112,DOWNTOWN VANCOUVER,2-Methylheptane,1996-09-18T00:00,0.302,µg/m³,VOC,GC-MS
100112,DOWNTOWN VANCOUVER,2-Methylheptane,1996-10-24T00:00,0.403,µg/m³,VOC,GC-MS
