﻿NAPS_Site_ID,Station_Name,Pollutant,Date,Value,Units,Report_Type,Method
90121,EDMONTON EAST,"2,3,4-Trimethylpentane",2022-01-05T00:00,0.032,µg/m³,VOC,GC-MS
90121,EDMONTON EAST,"2,3,4-Trimethylpentane",2022-01-11T00:00,0.246,µg/m³,VOC,GC-MS
90121,EDMONTON EAST,"2,3,4-Trimethylpentane",2022-01-17T00:00,0.074,µg/m³,VOC,GC-MS
90121,EDMONTON EAST,"2,3,4-Trimethylpentane",2022-01-23T00:00,0.106,µg/m³,VOC,GC-MS
90121,EDMONTON EAST,"2,3,4-Trimethylpentane",2022-01-29T00:00,0.406,µg/m³,VOC,GC-MS
90121,EDMONTON EAST,"2,3,4-Trimethylpentane",2022-02-04T00:00,0.146,µg/m³,VOC,GC-MS
90121,EDMONTON EAST,"2,3,4-Trimethylpentane",2022-02-10T00:00,0.088,µg/m³,VOC,GC-MS
90121,EDMONTON EAST,"2,3,4-Trimethylpentane",2022-02-22T00:00,0.082,µg/m³,VOC,GC-MS
90121,EDMONTON EAST,"2,3,4-Trimethylpentane",2022-02-28T00:00,0.292,µg/m³,VOC,GC-MS
90121,EDMONTON EAST,"2,3,4-Trimethylpentane",2022-03-06T00:00,0.108,µg/m³,VOC,GC-MS
90121,EDMONTON EAST,"2,3,4-Trimethylpentane",2022-03-12T00:00,0.094,µg/m³,VOC,GC-MS
90121,EDMONTON EAST,"2,3,4-Trimethylpentane",2022-03-18T00:00,0.220,µg/m³,VOC,GC-MS
90121,EDMONTON EAST,"2,3,4-Trimethylpentane",2022-03-24T00:00,0.096,µg/m³,VOC,GC-MS
90121,EDMONTON EAST,"2,3,4-Trimethylpentane",2022-03-31T00:00,0.098,µg/m³,VOC,GC-MS
90121,EDMONTON EAST,"2,3,4-Trimethylpentane",2022-04-05T00:00,0.016,µg/m³,VOC,GC-MS
90121,EDMONTON EAST,"2,3,4-Trimethylpentane",2022-04-11T00:00,0.020,µg/m³,VOC,GC-MS
90121,EDMONTON EAST,"2,3,4-Trimethylpentane",2022-04-17T00:00,0.036,µg/m³,VOC,GC-MS
90121,EDMONTON EAST,"2,3,4-Trimethylpentane",2022-04-23T00:00,0.036,µg/m³,VOC,GC-MS
90121,EDMONTON EAST,"2,3,4-Trimethylpentane",2022-04-29T00:00,0.096,µg/m³,VOC,GC-MS
90121,EDMONTON EAST,"2,3,4-Trimethylpentane",2022-05-05T00:00,0.160,µg/m³,VOC,GC-MS
90121,EDMONTON EAST,"2,3,4-Trimethylpentane",2022-05-11T00:00,0.042,µg/m³,VOC,GC-MS
90121,EDMONTON EAST,"2,3,4-Trimethylpentane",2022-05-17T00:00,0.042,µg/m³,VOC,GC-MS
90121,EDMONTON EAST,"2,3,4-Trimethylpentane",2022-05-23T00:00,0.072,µg/m³,VOC,GC-MS
90121,EDMONTON EAST,"2,3,4-Trimethylpentane",2022-05-29T00:00,0.024,µg/m³,VOC,GC-MS
90121,EDMONTON EAST,"2,3,4-Trimethylpentane",2022-06-04T00:00,0.024,µg/m³,VOC,GC-MS
90121,EDMONTON EAST,"2,3,4-Trimethylpentane",2022-06-10T00:00,0.032,µg/m³,VOC,GC-MS
90121,EDMONTON EAST,"2,3,4-Trimethylpentane",2022-06-16T00:00,0.124,µg/m³,VOC,GC-MS
90121,EDMONTON EAST,"2,3,4-Trimethylpentane",2022-06-22T00:00,0.046,µg/m³,VOC,GC-MS
90121,EDMONTON EAST,"2,3,4-Trimethylpentane",2022-06-28T00:00,0.036,µg/m³,VOC,GC-MS
90121,EDMONTON EAST,"2,3,4-Trimethylpentane",2022-07-04T00:00,0.112,µg/m³,VOC,GC-MS
90121,EDMONTON EAST,"2,3,4-Trimethylpentane",2022-07-10T00:00,0.170,µg/m³,VOC,GC-MS
90121,EDMONTON EAST,"2,3,4-Trimethylpentane",2022-07-16T00:00,0.048,µg/m³,VOC,GC-MS
90121,EDMONTON EAST,"2,3,4-Trimethylpentane",2022-07-22T00:00,0.084,µg/m³,VOC,GC-MS
90121,EDMONTON EAST,"2,3,4-Trimethylpentane",2022-07-28T00:00,0.082,µg/m³,VOC,GC-MS
90121,EDMONTON EAST,"2,3,4-Trimethylpentane",2022-08-03T00:00,0.088,µg/m³,VOC,GC-MS
90121,EDMONTON EAST,"2,3,4-Trimethylpentane",2022-08-09T00:00,0.166,µg/m³,VOC,GC-MS
90121,EDMONTON EAST,"2,3,4-Trimethylpentane",2022-08-15T00:00,0.128,µg/m³,VOC,GC-MS
90121,EDMONTON EAST,"2,3,4-Trimethylpentane",2022-08-21T00:00,0.050,µg/m³,VOC,GC-MS
90121,EDMONTON EAST,"2,3,4-Trimethylpentane",2022-08-27T00:00,0.072,µg/m³,VOC,GC-MS
90121,EDMONTON EAST,"2,3,4-Trimethylpentane",2022-09-02T00:00,0.062,µg/m³,VOC,GC-MS
90121,EDMONTON EAST,"2,3,4-Trimethylpentane",2022-09-08T00:00,0.508,µg/m³,VOC,GC-MS
90121,EDMONTON EAST,"2,3,4-Trimethylpentane",2022-09-14T00:00,0.510,µg/m³,VOC,GC-MS
90121,EDMONTON EAST,"2,3,4-Trimethylpentane",2022-09-20T00:00,0.046,µg/m³,VOC,GC-MS
90121,EDMONTON EAST,"2,3,4-Trimethylpentane",2022-09-26T00:00,0.160,µg/m³,VOC,GC-MS
90121,EDMONTON EAST,"2,3,4-Trimethylpentane",2022-10-02T00:00,0.082,µg/m³,VOC,GC-MS
90121,EDMONTON EAST,"2,3,4-Trimethylpentane",2022-10-08T00:00,0.278,µg/m³,VOC,GC-MS
90121,EDMONTON EAST,"2,3,4-Trimethylpentane",2022-10-14T00:00,0.248,µg/m³,VOC,GC-MS
90121,EDMONTON EAST,"2,3,4-Trimethylpentane",2022-10-20T00:00,0.072,µg/m³,VOC,GC-MS
90121,EDMONTON EAST,"2,3,4-Trimethylpentane",2022-10-26T00:00,0.092,µg/m³,VOC,GC-MS
90121,EDMONTON EAST,"2,3,4-Trimethylpentane",2022-11-01T00:00,0.046,µg/m³,VOC,GC-MS
90121,EDMONTON EAST,"2,3,4-Trimethylpentane",2022-11-07T00:00,0.104,µg/m³,VOC,GC-MS
90121,EDMONTON EAST,"2,3,4-Trimethylpentane",2022-11-13T00:00,0.114,µg/m³,VOC,GC-MS
90121,EDMONTON EAST,"2,3,4-Trimethylpentane",2022-11-19T00:00,0.158,µg/m³,VOC,GC-MS
90121,EDMONTON EAST,"2,3,4-Trimethylpentane",2022-11-25T00:00,0.310,µg/m³,VOC,GC-MS
90121,EDMONTON EAST,"2,3,4-Trimethylpentane",2022-12-01T00:00,0.082,µg/m³,VOC,GC-MS
90121,EDMONTON EAST,"2,3,4-Trimethylpentane",2022-12-07T00:00,0.106,µg/m³,VOC,GC-MS
90121,EDMONTON EAST,"2,3,4-Trimethylpentane",2022-12-13T00:00,0.080,µg/m³,VOC,GC-MS
90121,EDMONTON EAST,"2,3,4-Trimethylpentane",2022-12-19T00:00,0.038,µg/m³,VOC,GC-MS
90121,EDMONTON EAST,"2,3,4-Trimethylpentane",2022-12-25T00:00,0.074,µg/m³,VOC,GC-MS
