﻿NAPS_Site_ID,Station_Name,Pollutant,Date,Value,Units,Report_Type,Method
40501,PT LEPREAU - CHARLOTTE COUNTY,"2,3,4-Trimethylpentane",1992-07-05T00:00,0.000,µg/m³,VOC,
40501,PT LEPREAU - CHARLOTTE COUNTY,"2,3,4-Trimethylpentane",1992-07-07T00:00,0.071,µg/m³,VOC,
40501,PT LEPREAU - CHARLOTTE COUNTY,"2,3,4-Trimethylpentane",1992-07-11T00:00,0.000,µg/m³,VOC,
40501,PT LEPREAU - CHARLOTTE COUNTY,"2,3,4-Trimethylpentane",1992-07-14T00:00,0.000,µg/m³,VOC,
40501,PT LEPREAU - CHARLOTTE COUNTY,"2,3,4-Trimethylpentane",1992-07-18T00:00,0.000,µg/m³,VOC,
40501,PT LEPREAU - CHARLOTTE COUNTY,"2,3,4-Trimethylpentane",1992-07-21T00:00,0.000,µg/m³,VOC,
40501,PT LEPREAU - CHARLOTTE COUNTY,"2,3,4-Trimethylpentane",1992-07-23T00:00,0.000,µg/m³,VOC,
40501,PT LEPREAU - CHARLOTTE COUNTY,"2,3,4-Trimethylpentane",1992-07-26T00:00,0.000,µg/m³,VOC,
40501,PT LEPREAU - CHARLOTTE COUNTY,"2,3,4-Trimethylpentane",1992-07-29T00:00,0.000,µg/m³,VOC,
40501,PT LEPREAU - CHARLOTTE COUNTY,"2,3,4-Trimethylpentane",1992-08-01T00:00,0.000,µg/m³,VOC,
40501,PT LEPREAU - CHARLOTTE COUNTY,"2,3,4-Trimethylpentane",1992-08-04T00:00,0.000,µg/m³,VOC,
40501,PT LEPREAU - CHARLOTTE COUNTY,"2,3,4-Trimethylpentane",1992-08-07T00:00,0.000,µg/m³,VOC,
40501,PT LEPREAU - CHARLOTTE COUNTY,"2,3,4-Trimethylpentane",1992-08-09T00:00,0.000,µg/m³,VOC,
40501,PT LEPREAU - CHARLOTTE COUNTY,"2,3,4-Trimethylpentane",1992-08-13T00:00,0.000,µg/m³,VOC,
40501,PT LEPREAU - CHARLOTTE COUNTY,"2,3,4-Trimethylpentane",1992-08-14T00:00,0.000,µg/m³,VOC,
40501,PT LEPREAU - CHARLOTTE COUNTY,"2,3,4-Trimethylpentane",1992-08-17T00:00,0.000,µg/m³,VOC,
40501,PT LEPREAU - CHARLOTTE COUNTY,"2,3,4-Trimethylpentane",1992-08-22T00:00,0.000,µg/m³,VOC,
40501,PT LEPREAU - CHARLOTTE COUNTY,"2,3,4-Trimethylpentane",1992-08-25T00:00,0.000,µg/m³,VOC,
40501,PT LEPREAU - CHARLOTTE COUNTY,"2,3,4-Trimethylpentane",1992-09-03T00:00,0.000,µg/m³,VOC,
40501,PT LEPREAU - CHARLOTTE COUNTY,"2,3,4-Trimethylpentane",1992-09-09T00:00,0.000,µg/m³,VOC,
40501,PT LEPREAU - CHARLOTTE COUNTY,"2,3,4-Trimethylpentane",1992-09-14T00:00,0.000,µg/m³,VOC,
40501,PT LEPREAU - CHARLOTTE COUNTY,"2,3,4-Trimethylpentane",1992-09-17T00:00,0.000,µg/m³,VOC,
40501,PT LEPREAU - CHARLOTTE COUNTY,"2,3,4-Trimethylpentane",1992-09-27T00:00,0.000,µg/m³,VOC,
40501,PT LEPREAU - CHARLOTTE COUNTY,"2,3,4-Trimethylpentane",1992-10-03T00:00,0.000,µg/m³,VOC,
40501,PT LEPREAU - CHARLOTTE COUNTY,"2,3,4-Trimethylpentane",1992-10-09T00:00,0.000,µg/m³,VOC,
40501,PT LEPREAU - CHARLOTTE COUNTY,"2,3,4-Trimethylpentane",1992-10-15T00:00,0.000,µg/m³,VOC,
40501,PT LEPREAU - CHARLOTTE COUNTY,"2,3,4-Trimethylpentane",1992-10-21T00:00,0.000,µg/m³,VOC,
40501,PT LEPREAU - CHARLOTTE COUNTY,"2,3,4-Trimethylpentane",1992-10-27T00:00,0.000,µg/m³,VOC,
40501,PT LEPREAU - CHARLOTTE COUNTY,"2,3,4-Trimethylpentane",1992-11-02T00:00,0.000,µg/m³,VOC,
40501,PT LEPREAU - CHARLOTTE COUNTY,"2,3,4-Trimethylpentane",1992-11-08T00:00,0.000,µg/m³,VOC,
40501,PT LEPREAU - CHARLOTTE COUNTY,"2,3,4-Trimethylpentane",1992-11-14T00:00,0.000,µg/m³,VOC,
40501,PT LEPREAU - CHARLOTTE COUNTY,"2,3,4-Trimethylpentane",1992-11-20T00:00,0.000,µg/m³,VOC,
40501,PT LEPREAU - CHARLOTTE COUNTY,"2,3,4-Trimethylpentane",1992-11-26T00:00,0.000,µg/m³,VOC,
40501,PT LEPREAU - CHARLOTTE COUNTY,"2,3,4-Trimethylpentane",1992-12-02T00:00,0.000,µg/m³,VOC,
40501,PT LEPREAU - CHARLOTTE COUNTY,"2,3,4-Trimethylpentane",1992-12-08T00:00,0.000,µg/m³,VOC,
40501,PT LEPREAU - CHARLOTTE COUNTY,"2,3,4-Trimethylpentane",1992-12-14T00:00,0.000,µg/m³,VOC,
40501,PT LEPREAU - CHARLOTTE COUNTY,"2,3,4-Trimethylpentane",1992-12-20T00:00,0.000,µg/m³,VOC,
