﻿NAPS_Site_ID,Station_Name,Pollutant,Date,Value,Units,Report_Type,Method
100133,BURMOUNT,Cyclopentane,2019-01-03T00:00,0.050,µg/m³,VOC,GC-MS
100133,BURMOUNT,Cyclopentane,2019-01-09T00:00,0.137,µg/m³,VOC,GC-MS
100133,BURMOUNT,Cyclopentane,2019-01-15T00:00,0.490,µg/m³,VOC,GC-MS
100133,BURMOUNT,Cyclopentane,2019-01-21T00:00,0.241,µg/m³,VOC,GC-MS
100133,BURMOUNT,Cyclopentane,2019-01-27T00:00,0.167,µg/m³,VOC,GC-MS
100133,BURMOUNT,Cyclopentane,2019-02-02T00:00,0.061,µg/m³,VOC,GC-MS
100133,BURMOUNT,Cyclopentane,2019-02-08T00:00,0.122,µg/m³,VOC,GC-MS
100133,BURMOUNT,Cyclopentane,2019-02-14T00:00,0.196,µg/m³,VOC,GC-MS
100133,BURMOUNT,Cyclopentane,2019-02-20T00:00,0.143,µg/m³,VOC,GC-MS
100133,BURMOUNT,Cyclopentane,2019-02-26T00:00,0.066,µg/m³,VOC,GC-MS
100133,BURMOUNT,Cyclopentane,2019-03-04T00:00,0.077,µg/m³,VOC,GC-MS
100133,BURMOUNT,Cyclopentane,2019-03-10T00:00,0.183,µg/m³,VOC,GC-MS
100133,BURMOUNT,Cyclopentane,2019-03-16T00:00,0.259,µg/m³,VOC,GC-MS
100133,BURMOUNT,Cyclopentane,2019-03-22T00:00,0.101,µg/m³,VOC,GC-MS
100133,BURMOUNT,Cyclopentane,2019-03-28T00:00,0.181,µg/m³,VOC,GC-MS
100133,BURMOUNT,Cyclopentane,2019-04-03T00:00,0.066,µg/m³,VOC,GC-MS
100133,BURMOUNT,Cyclopentane,2019-04-09T00:00,0.048,µg/m³,VOC,GC-MS
100133,BURMOUNT,Cyclopentane,2019-04-15T00:00,0.054,µg/m³,VOC,GC-MS
100133,BURMOUNT,Cyclopentane,2019-04-21T00:00,0.078,µg/m³,VOC,GC-MS
100133,BURMOUNT,Cyclopentane,2019-04-27T00:00,0.028,µg/m³,VOC,GC-MS
100133,BURMOUNT,Cyclopentane,2019-05-03T00:00,0.073,µg/m³,VOC,GC-MS
100133,BURMOUNT,Cyclopentane,2019-05-15T00:00,0.206,µg/m³,VOC,GC-MS
100133,BURMOUNT,Cyclopentane,2019-06-02T00:00,0.159,µg/m³,VOC,GC-MS
100133,BURMOUNT,Cyclopentane,2019-06-08T00:00,0.078,µg/m³,VOC,GC-MS
100133,BURMOUNT,Cyclopentane,2019-06-14T00:00,0.096,µg/m³,VOC,GC-MS
100133,BURMOUNT,Cyclopentane,2019-06-20T00:00,0.065,µg/m³,VOC,GC-MS
100133,BURMOUNT,Cyclopentane,2019-06-26T00:00,0.163,µg/m³,VOC,GC-MS
100133,BURMOUNT,Cyclopentane,2019-07-02T00:00,0.043,µg/m³,VOC,GC-MS
100133,BURMOUNT,Cyclopentane,2019-07-08T00:00,0.190,µg/m³,VOC,GC-MS
100133,BURMOUNT,Cyclopentane,2019-07-14T00:00,0.204,µg/m³,VOC,GC-MS
100133,BURMOUNT,Cyclopentane,2019-07-20T00:00,0.158,µg/m³,VOC,GC-MS
100133,BURMOUNT,Cyclopentane,2019-07-26T00:00,0.139,µg/m³,VOC,GC-MS
100133,BURMOUNT,Cyclopentane,2019-08-01T00:00,0.176,µg/m³,VOC,GC-MS
100133,BURMOUNT,Cyclopentane,2019-08-07T00:00,0.190,µg/m³,VOC,GC-MS
100133,BURMOUNT,Cyclopentane,2019-08-13T00:00,0.281,µg/m³,VOC,GC-MS
100133,BURMOUNT,Cyclopentane,2019-08-19T00:00,0.091,µg/m³,VOC,GC-MS
100133,BURMOUNT,Cyclopentane,2019-08-25T00:00,0.088,µg/m³,VOC,GC-MS
100133,BURMOUNT,Cyclopentane,2019-08-31T00:00,0.204,µg/m³,VOC,GC-MS
100133,BURMOUNT,Cyclopentane,2019-09-06T00:00,0.220,µg/m³,VOC,GC-MS
100133,BURMOUNT,Cyclopentane,2019-09-12T00:00,0.591,µg/m³,VOC,GC-MS
100133,BURMOUNT,Cyclopentane,2019-09-18T00:00,0.431,µg/m³,VOC,GC-MS
100133,BURMOUNT,Cyclopentane,2019-09-24T00:00,0.119,µg/m³,VOC,GC-MS
100133,BURMOUNT,Cyclopentane,2019-10-06T00:00,0.217,µg/m³,VOC,GC-MS
100133,BURMOUNT,Cyclopentane,2019-10-12T00:00,0.331,µg/m³,VOC,GC-MS
100133,BURMOUNT,Cyclopentane,2019-10-18T00:00,0.048,µg/m³,VOC,GC-MS
100133,BURMOUNT,Cyclopentane,2019-10-24T00:00,0.194,µg/m³,VOC,GC-MS
100133,BURMOUNT,Cyclopentane,2019-10-30T00:00,0.380,µg/m³,VOC,GC-MS
100133,BURMOUNT,Cyclopentane,2019-11-05T00:00,0.235,µg/m³,VOC,GC-MS
100133,BURMOUNT,Cyclopentane,2019-11-11T00:00,0.309,µg/m³,VOC,GC-MS
100133,BURMOUNT,Cyclopentane,2019-11-17T00:00,0.036,µg/m³,VOC,GC-MS
100133,BURMOUNT,Cyclopentane,2019-11-23T00:00,0.064,µg/m³,VOC,GC-MS
100133,BURMOUNT,Cyclopentane,2019-11-29T00:00,0.246,µg/m³,VOC,GC-MS
100133,BURMOUNT,Cyclopentane,2019-12-05T00:00,0.151,µg/m³,VOC,GC-MS
100133,BURMOUNT,Cyclopentane,2019-12-11T00:00,0.294,µg/m³,VOC,GC-MS
100133,BURMOUNT,Cyclopentane,2019-12-17T00:00,0.359,µg/m³,VOC,GC-MS
