﻿NAPS_Site_ID,Station_Name,Pollutant,Date,Value,Units,Report_Type,Method
100141,ROADSIDE - CLARK DRIVE,Cyclohexane,2019-01-03T00:00,0.108,µg/m³,VOC,GC-MS
100141,ROADSIDE - CLARK DRIVE,Cyclohexane,2019-01-09T00:00,0.229,µg/m³,VOC,GC-MS
100141,ROADSIDE - CLARK DRIVE,Cyclohexane,2019-01-15T00:00,0.867,µg/m³,VOC,GC-MS
100141,ROADSIDE - CLARK DRIVE,Cyclohexane,2019-01-21T00:00,2.715,µg/m³,VOC,GC-MS
100141,ROADSIDE - CLARK DRIVE,Cyclohexane,2019-01-27T00:00,0.346,µg/m³,VOC,GC-MS
100141,ROADSIDE - CLARK DRIVE,Cyclohexane,2019-02-02T00:00,0.102,µg/m³,VOC,GC-MS
100141,ROADSIDE - CLARK DRIVE,Cyclohexane,2019-02-08T00:00,0.212,µg/m³,VOC,GC-MS
100141,ROADSIDE - CLARK DRIVE,Cyclohexane,2019-02-14T00:00,0.496,µg/m³,VOC,GC-MS
100141,ROADSIDE - CLARK DRIVE,Cyclohexane,2019-02-20T00:00,0.143,µg/m³,VOC,GC-MS
100141,ROADSIDE - CLARK DRIVE,Cyclohexane,2019-02-26T00:00,0.115,µg/m³,VOC,GC-MS
100141,ROADSIDE - CLARK DRIVE,Cyclohexane,2019-03-04T00:00,0.167,µg/m³,VOC,GC-MS
100141,ROADSIDE - CLARK DRIVE,Cyclohexane,2019-03-10T00:00,0.410,µg/m³,VOC,GC-MS
100141,ROADSIDE - CLARK DRIVE,Cyclohexane,2019-03-16T00:00,0.215,µg/m³,VOC,GC-MS
100141,ROADSIDE - CLARK DRIVE,Cyclohexane,2019-03-22T00:00,0.364,µg/m³,VOC,GC-MS
100141,ROADSIDE - CLARK DRIVE,Cyclohexane,2019-03-28T00:00,0.258,µg/m³,VOC,GC-MS
100141,ROADSIDE - CLARK DRIVE,Cyclohexane,2019-04-03T00:00,0.157,µg/m³,VOC,GC-MS
100141,ROADSIDE - CLARK DRIVE,Cyclohexane,2019-04-09T00:00,0.087,µg/m³,VOC,GC-MS
100141,ROADSIDE - CLARK DRIVE,Cyclohexane,2019-04-15T00:00,0.063,µg/m³,VOC,GC-MS
100141,ROADSIDE - CLARK DRIVE,Cyclohexane,2019-04-21T00:00,0.323,µg/m³,VOC,GC-MS
100141,ROADSIDE - CLARK DRIVE,Cyclohexane,2019-04-27T00:00,0.085,µg/m³,VOC,GC-MS
100141,ROADSIDE - CLARK DRIVE,Cyclohexane,2019-05-03T00:00,0.183,µg/m³,VOC,GC-MS
100141,ROADSIDE - CLARK DRIVE,Cyclohexane,2019-05-09T00:00,0.327,µg/m³,VOC,GC-MS
100141,ROADSIDE - CLARK DRIVE,Cyclohexane,2019-05-15T00:00,0.322,µg/m³,VOC,GC-MS
100141,ROADSIDE - CLARK DRIVE,Cyclohexane,2019-05-21T00:00,0.104,µg/m³,VOC,GC-MS
100141,ROADSIDE - CLARK DRIVE,Cyclohexane,2019-05-27T00:00,0.270,µg/m³,VOC,GC-MS
100141,ROADSIDE - CLARK DRIVE,Cyclohexane,2019-06-02T00:00,0.887,µg/m³,VOC,GC-MS
100141,ROADSIDE - CLARK DRIVE,Cyclohexane,2019-06-08T00:00,0.209,µg/m³,VOC,GC-MS
100141,ROADSIDE - CLARK DRIVE,Cyclohexane,2019-06-14T00:00,0.475,µg/m³,VOC,GC-MS
100141,ROADSIDE - CLARK DRIVE,Cyclohexane,2019-06-20T00:00,0.217,µg/m³,VOC,GC-MS
100141,ROADSIDE - CLARK DRIVE,Cyclohexane,2019-06-26T00:00,0.365,µg/m³,VOC,GC-MS
100141,ROADSIDE - CLARK DRIVE,Cyclohexane,2019-07-02T00:00,0.376,µg/m³,VOC,GC-MS
100141,ROADSIDE - CLARK DRIVE,Cyclohexane,2019-07-08T00:00,0.269,µg/m³,VOC,GC-MS
100141,ROADSIDE - CLARK DRIVE,Cyclohexane,2019-07-14T00:00,0.341,µg/m³,VOC,GC-MS
100141,ROADSIDE - CLARK DRIVE,Cyclohexane,2019-07-20T00:00,0.263,µg/m³,VOC,GC-MS
100141,ROADSIDE - CLARK DRIVE,Cyclohexane,2019-07-26T00:00,0.501,µg/m³,VOC,GC-MS
100141,ROADSIDE - CLARK DRIVE,Cyclohexane,2019-08-01T00:00,0.516,µg/m³,VOC,GC-MS
100141,ROADSIDE - CLARK DRIVE,Cyclohexane,2019-08-07T00:00,0.696,µg/m³,VOC,GC-MS
100141,ROADSIDE - CLARK DRIVE,Cyclohexane,2019-08-13T00:00,0.580,µg/m³,VOC,GC-MS
100141,ROADSIDE - CLARK DRIVE,Cyclohexane,2019-08-19T00:00,0.291,µg/m³,VOC,GC-MS
100141,ROADSIDE - CLARK DRIVE,Cyclohexane,2019-08-25T00:00,0.279,µg/m³,VOC,GC-MS
100141,ROADSIDE - CLARK DRIVE,Cyclohexane,2019-08-31T00:00,2.183,µg/m³,VOC,GC-MS
100141,ROADSIDE - CLARK DRIVE,Cyclohexane,2019-09-06T00:00,0.678,µg/m³,VOC,GC-MS
100141,ROADSIDE - CLARK DRIVE,Cyclohexane,2019-09-12T00:00,0.317,µg/m³,VOC,GC-MS
100141,ROADSIDE - CLARK DRIVE,Cyclohexane,2019-09-18T00:00,0.209,µg/m³,VOC,GC-MS
100141,ROADSIDE - CLARK DRIVE,Cyclohexane,2019-09-24T00:00,0.173,µg/m³,VOC,GC-MS
100141,ROADSIDE - CLARK DRIVE,Cyclohexane,2019-09-30T00:00,0.459,µg/m³,VOC,GC-MS
100141,ROADSIDE - CLARK DRIVE,Cyclohexane,2019-10-06T00:00,0.380,µg/m³,VOC,GC-MS
100141,ROADSIDE - CLARK DRIVE,Cyclohexane,2019-10-12T00:00,0.440,µg/m³,VOC,GC-MS
100141,ROADSIDE - CLARK DRIVE,Cyclohexane,2019-10-18T00:00,0.255,µg/m³,VOC,GC-MS
100141,ROADSIDE - CLARK DRIVE,Cyclohexane,2019-10-24T00:00,0.703,µg/m³,VOC,GC-MS
100141,ROADSIDE - CLARK DRIVE,Cyclohexane,2019-10-30T00:00,1.973,µg/m³,VOC,GC-MS
100141,ROADSIDE - CLARK DRIVE,Cyclohexane,2019-11-05T00:00,0.502,µg/m³,VOC,GC-MS
100141,ROADSIDE - CLARK DRIVE,Cyclohexane,2019-11-17T00:00,0.174,µg/m³,VOC,GC-MS
100141,ROADSIDE - CLARK DRIVE,Cyclohexane,2019-11-23T00:00,0.194,µg/m³,VOC,GC-MS
100141,ROADSIDE - CLARK DRIVE,Cyclohexane,2019-11-29T00:00,0.618,µg/m³,VOC,GC-MS
100141,ROADSIDE - CLARK DRIVE,Cyclohexane,2019-12-05T00:00,0.571,µg/m³,VOC,GC-MS
100141,ROADSIDE - CLARK DRIVE,Cyclohexane,2019-12-11T00:00,0.236,µg/m³,VOC,GC-MS
100141,ROADSIDE - CLARK DRIVE,Cyclohexane,2019-12-17T00:00,0.438,µg/m³,VOC,GC-MS
100141,ROADSIDE - CLARK DRIVE,Cyclohexane,2019-12-23T00:00,0.603,µg/m³,VOC,GC-MS
