﻿NAPS_Site_ID,Station_Name,Pollutant,Date,Value,Units,Report_Type,Method
50104,ONTARIO,Strontium,1998-01-11T00:00,0.000,µg/m³,DICHOT,
50104,ONTARIO,Strontium,1998-01-11T00:00,0.000,µg/m³,DICHOT,
50104,ONTARIO,Strontium,1998-02-10T00:00,0.001,µg/m³,DICHOT,
50104,ONTARIO,Strontium,1998-02-10T00:00,0.006,µg/m³,DICHOT,
50104,ONTARIO,Strontium,1998-02-16T00:00,0.001,µg/m³,DICHOT,
50104,ONTARIO,Strontium,1998-02-16T00:00,0.010,µg/m³,DICHOT,
50104,ONTARIO,Strontium,1998-02-22T00:00,0.000,µg/m³,DICHOT,
50104,ONTARIO,Strontium,1998-02-22T00:00,0.003,µg/m³,DICHOT,
50104,ONTARIO,Strontium,1998-03-06T00:00,0.000,µg/m³,DICHOT,
50104,ONTARIO,Strontium,1998-03-06T00:00,0.011,µg/m³,DICHOT,
50104,ONTARIO,Strontium,1998-03-12T00:00,0.000,µg/m³,DICHOT,
50104,ONTARIO,Strontium,1998-03-12T00:00,0.002,µg/m³,DICHOT,
50104,ONTARIO,Strontium,1998-03-18T00:00,0.001,µg/m³,DICHOT,
50104,ONTARIO,Strontium,1998-03-18T00:00,0.012,µg/m³,DICHOT,
50104,ONTARIO,Strontium,1998-03-24T00:00,0.000,µg/m³,DICHOT,
50104,ONTARIO,Strontium,1998-03-24T00:00,0.002,µg/m³,DICHOT,
50104,ONTARIO,Strontium,1998-03-30T00:00,0.001,µg/m³,DICHOT,
50104,ONTARIO,Strontium,1998-03-30T00:00,0.009,µg/m³,DICHOT,
50104,ONTARIO,Strontium,1998-04-17T00:00,0.000,µg/m³,DICHOT,
50104,ONTARIO,Strontium,1998-04-17T00:00,0.004,µg/m³,DICHOT,
50104,ONTARIO,Strontium,1998-04-23T00:00,0.000,µg/m³,DICHOT,
50104,ONTARIO,Strontium,1998-04-23T00:00,0.006,µg/m³,DICHOT,
50104,ONTARIO,Strontium,1998-04-29T00:00,0.001,µg/m³,DICHOT,
50104,ONTARIO,Strontium,1998-04-29T00:00,0.008,µg/m³,DICHOT,
50104,ONTARIO,Strontium,1998-05-05T00:00,0.000,µg/m³,DICHOT,
50104,ONTARIO,Strontium,1998-05-05T00:00,0.003,µg/m³,DICHOT,
50104,ONTARIO,Strontium,1998-05-11T00:00,0.000,µg/m³,DICHOT,
50104,ONTARIO,Strontium,1998-05-11T00:00,0.003,µg/m³,DICHOT,
50104,ONTARIO,Strontium,1998-05-17T00:00,0.000,µg/m³,DICHOT,
50104,ONTARIO,Strontium,1998-05-17T00:00,0.004,µg/m³,DICHOT,
50104,ONTARIO,Strontium,1998-05-23T00:00,0.000,µg/m³,DICHOT,
50104,ONTARIO,Strontium,1998-05-23T00:00,0.002,µg/m³,DICHOT,
50104,ONTARIO,Strontium,1998-05-29T00:00,0.001,µg/m³,DICHOT,
50104,ONTARIO,Strontium,1998-05-29T00:00,0.005,µg/m³,DICHOT,
50104,ONTARIO,Strontium,1998-12-01T00:00,0.000,µg/m³,DICHOT,
50104,ONTARIO,Strontium,1998-12-01T00:00,0.001,µg/m³,DICHOT,
50104,ONTARIO,Strontium,1998-12-07T00:00,0.000,µg/m³,DICHOT,
50104,ONTARIO,Strontium,1998-12-07T00:00,0.002,µg/m³,DICHOT,
50104,ONTARIO,Strontium,1998-12-13T00:00,0.000,µg/m³,DICHOT,
50104,ONTARIO,Strontium,1998-12-13T00:00,0.002,µg/m³,DICHOT,
50104,ONTARIO,Strontium,1998-12-25T00:00,0.000,µg/m³,DICHOT,
50104,ONTARIO,Strontium,1998-12-25T00:00,0.001,µg/m³,DICHOT,
50104,ONTARIO,Strontium,1998-12-31T00:00,0.000,µg/m³,DICHOT,
50104,ONTARIO,Strontium,1998-12-31T00:00,0.001,µg/m³,DICHOT,
