﻿NAPS_Site_ID,Station_Name,Pollutant,Date,Value,Units,Report_Type,Method
50104,ONTARIO,cis-3-Methyl-2-Pentene,1989-05-10T00:00,0.241,µg/m³,VOC,N/A
50104,ONTARIO,cis-3-Methyl-2-Pentene,1989-05-22T00:00,0.195,µg/m³,VOC,N/A
50104,ONTARIO,cis-3-Methyl-2-Pentene,1989-05-28T00:00,0.217,µg/m³,VOC,N/A
50104,ONTARIO,cis-3-Methyl-2-Pentene,1989-06-09T00:00,0.119,µg/m³,VOC,N/A
50104,ONTARIO,cis-3-Methyl-2-Pentene,1989-06-15T00:00,0.273,µg/m³,VOC,N/A
50104,ONTARIO,cis-3-Methyl-2-Pentene,1989-06-27T00:00,0.227,µg/m³,VOC,N/A
50104,ONTARIO,cis-3-Methyl-2-Pentene,1989-07-03T00:00,0.196,µg/m³,VOC,N/A
50104,ONTARIO,cis-3-Methyl-2-Pentene,1989-07-15T00:00,0.240,µg/m³,VOC,N/A
50104,ONTARIO,cis-3-Methyl-2-Pentene,1989-07-21T00:00,0.266,µg/m³,VOC,N/A
50104,ONTARIO,cis-3-Methyl-2-Pentene,1989-07-27T00:00,0.132,µg/m³,VOC,N/A
50104,ONTARIO,cis-3-Methyl-2-Pentene,1989-08-02T00:00,0.217,µg/m³,VOC,N/A
50104,ONTARIO,cis-3-Methyl-2-Pentene,1989-08-14T00:00,0.271,µg/m³,VOC,N/A
50104,ONTARIO,cis-3-Methyl-2-Pentene,1989-09-07T00:00,0.294,µg/m³,VOC,N/A
50104,ONTARIO,cis-3-Methyl-2-Pentene,1989-09-19T00:00,0.287,µg/m³,VOC,N/A
50104,ONTARIO,cis-3-Methyl-2-Pentene,1989-09-25T00:00,0.194,µg/m³,VOC,N/A
50104,ONTARIO,cis-3-Methyl-2-Pentene,1989-10-01T00:00,0.181,µg/m³,VOC,N/A
50104,ONTARIO,cis-3-Methyl-2-Pentene,1989-10-07T00:00,0.144,µg/m³,VOC,N/A
50104,ONTARIO,cis-3-Methyl-2-Pentene,1989-11-12T00:00,0.163,µg/m³,VOC,N/A
50104,ONTARIO,cis-3-Methyl-2-Pentene,1989-11-18T00:00,0.220,µg/m³,VOC,N/A
