﻿NAPS_Site_ID,Station_Name,Pollutant,Date,Value,Units,Report_Type,Method
30113,JOHNSTON BUILDING,OC2,2008-01-10T00:00,0.486,µg/m³,CARB,N/A
30113,JOHNSTON BUILDING,OC2,2008-01-10T00:00,0.676,µg/m³,CARB,N/A
30113,JOHNSTON BUILDING,OC2,2008-01-13T00:00,0.485,µg/m³,CARB,N/A
30113,JOHNSTON BUILDING,OC2,2008-01-13T00:00,0.682,µg/m³,CARB,N/A
30113,JOHNSTON BUILDING,OC2,2008-01-16T00:00,0.666,µg/m³,CARB,N/A
30113,JOHNSTON BUILDING,OC2,2008-01-16T00:00,0.897,µg/m³,CARB,N/A
30113,JOHNSTON BUILDING,OC2,2008-01-19T00:00,0.486,µg/m³,CARB,N/A
30113,JOHNSTON BUILDING,OC2,2008-01-19T00:00,0.662,µg/m³,CARB,N/A
30113,JOHNSTON BUILDING,OC2,2008-01-25T00:00,0.751,µg/m³,CARB,N/A
30113,JOHNSTON BUILDING,OC2,2008-01-25T00:00,0.851,µg/m³,CARB,N/A
30113,JOHNSTON BUILDING,OC2,2008-01-28T00:00,0.610,µg/m³,CARB,N/A
30113,JOHNSTON BUILDING,OC2,2008-01-28T00:00,0.719,µg/m³,CARB,N/A
30113,JOHNSTON BUILDING,OC2,2008-05-13T00:00,0.691,µg/m³,CARB,N/A
30113,JOHNSTON BUILDING,OC2,2008-05-13T00:00,1.250,µg/m³,CARB,N/A
30113,JOHNSTON BUILDING,OC2,2008-05-16T00:00,0.700,µg/m³,CARB,N/A
30113,JOHNSTON BUILDING,OC2,2008-05-16T00:00,1.330,µg/m³,CARB,N/A
30113,JOHNSTON BUILDING,OC2,2008-05-31T00:00,0.961,µg/m³,CARB,N/A
30113,JOHNSTON BUILDING,OC2,2008-05-31T00:00,1.601,µg/m³,CARB,N/A
30113,JOHNSTON BUILDING,OC2,2008-06-03T00:00,0.733,µg/m³,CARB,N/A
30113,JOHNSTON BUILDING,OC2,2008-06-03T00:00,1.372,µg/m³,CARB,N/A
30113,JOHNSTON BUILDING,OC2,2008-07-18T00:00,0.965,µg/m³,CARB,N/A
30113,JOHNSTON BUILDING,OC2,2008-07-18T00:00,1.577,µg/m³,CARB,N/A
30113,JOHNSTON BUILDING,OC2,2008-07-21T00:00,1.002,µg/m³,CARB,N/A
30113,JOHNSTON BUILDING,OC2,2008-07-21T00:00,1.255,µg/m³,CARB,N/A
30113,JOHNSTON BUILDING,OC2,2008-07-24T00:00,0.752,µg/m³,CARB,N/A
30113,JOHNSTON BUILDING,OC2,2008-07-24T00:00,1.128,µg/m³,CARB,N/A
