﻿NAPS_Site_ID,Station_Name,Pollutant,Date,Value,Units,Report_Type,Method
60211,WINDSOR WEST,H6CDD,1998-01-17T00:00,0.404,pg/m³,PCDD,GC-MS
60211,WINDSOR WEST,H6CDD,1998-03-18T00:00,0.259,pg/m³,PCDD,GC-MS
60211,WINDSOR WEST,H6CDD,1998-04-11T00:00,1.153,pg/m³,PCDD,GC-MS
60211,WINDSOR WEST,H6CDD,1998-06-10T00:00,0.194,pg/m³,PCDD,GC-MS
60211,WINDSOR WEST,H6CDD,1998-07-04T00:00,0.214,pg/m³,PCDD,GC-MS
60211,WINDSOR WEST,H6CDD,1998-07-28T00:00,0.470,pg/m³,PCDD,GC-MS
60211,WINDSOR WEST,H6CDD,1998-08-21T00:00,0.834,pg/m³,PCDD,GC-MS
60211,WINDSOR WEST,H6CDD,1998-09-14T00:00,0.333,pg/m³,PCDD,GC-MS
60211,WINDSOR WEST,H6CDD,1998-10-08T00:00,0.064,pg/m³,PCDD,GC-MS
60211,WINDSOR WEST,H6CDD,1998-11-01T00:00,0.119,pg/m³,PCDD,GC-MS
60211,WINDSOR WEST,H6CDD,1998-11-25T00:00,0.636,pg/m³,PCDD,GC-MS
60211,WINDSOR WEST,H6CDD,1998-12-19T00:00,0.244,pg/m³,PCDD,GC-MS
