﻿NAPS_Site_ID,Station_Name,Pollutant,Date,Value,Units,Report_Type,Method
40208,CHAMPLAIN HEIGHTS SCHOOL,Benzaldehyde,2003-04-15T00:00,0.056,µg/m³,VOC,GC-MS
40208,CHAMPLAIN HEIGHTS SCHOOL,Benzaldehyde,2003-04-21T00:00,0.059,µg/m³,VOC,GC-MS
40208,CHAMPLAIN HEIGHTS SCHOOL,Benzaldehyde,2003-04-27T00:00,0.025,µg/m³,VOC,GC-MS
40208,CHAMPLAIN HEIGHTS SCHOOL,Benzaldehyde,2003-05-09T00:00,0.032,µg/m³,VOC,GC-MS
40208,CHAMPLAIN HEIGHTS SCHOOL,Benzaldehyde,2003-05-21T00:00,0.094,µg/m³,VOC,GC-MS
40208,CHAMPLAIN HEIGHTS SCHOOL,Benzaldehyde,2003-05-27T00:00,0.085,µg/m³,VOC,GC-MS
40208,CHAMPLAIN HEIGHTS SCHOOL,Benzaldehyde,2003-06-02T00:00,0.100,µg/m³,VOC,GC-MS
40208,CHAMPLAIN HEIGHTS SCHOOL,Benzaldehyde,2003-06-08T00:00,0.112,µg/m³,VOC,GC-MS
40208,CHAMPLAIN HEIGHTS SCHOOL,Benzaldehyde,2003-06-14T00:00,0.147,µg/m³,VOC,GC-MS
40208,CHAMPLAIN HEIGHTS SCHOOL,Benzaldehyde,2003-06-20T00:00,0.273,µg/m³,VOC,GC-MS
40208,CHAMPLAIN HEIGHTS SCHOOL,Benzaldehyde,2003-07-08T00:00,0.149,µg/m³,VOC,GC-MS
40208,CHAMPLAIN HEIGHTS SCHOOL,Benzaldehyde,2003-07-14T00:00,0.204,µg/m³,VOC,GC-MS
40208,CHAMPLAIN HEIGHTS SCHOOL,Benzaldehyde,2003-07-20T00:00,0.172,µg/m³,VOC,GC-MS
40208,CHAMPLAIN HEIGHTS SCHOOL,Benzaldehyde,2003-08-01T00:00,0.261,µg/m³,VOC,GC-MS
40208,CHAMPLAIN HEIGHTS SCHOOL,Benzaldehyde,2003-08-07T00:00,0.198,µg/m³,VOC,GC-MS
40208,CHAMPLAIN HEIGHTS SCHOOL,Benzaldehyde,2003-08-13T00:00,0.202,µg/m³,VOC,GC-MS
40208,CHAMPLAIN HEIGHTS SCHOOL,Benzaldehyde,2003-08-19T00:00,0.167,µg/m³,VOC,GC-MS
40208,CHAMPLAIN HEIGHTS SCHOOL,Benzaldehyde,2003-08-25T00:00,0.139,µg/m³,VOC,GC-MS
40208,CHAMPLAIN HEIGHTS SCHOOL,Benzaldehyde,2003-08-31T00:00,0.097,µg/m³,VOC,GC-MS
40208,CHAMPLAIN HEIGHTS SCHOOL,Benzaldehyde,2003-09-06T00:00,0.177,µg/m³,VOC,GC-MS
40208,CHAMPLAIN HEIGHTS SCHOOL,Benzaldehyde,2003-09-12T00:00,0.124,µg/m³,VOC,GC-MS
40208,CHAMPLAIN HEIGHTS SCHOOL,Benzaldehyde,2003-09-18T00:00,0.180,µg/m³,VOC,GC-MS
40208,CHAMPLAIN HEIGHTS SCHOOL,Benzaldehyde,2003-09-24T00:00,0.244,µg/m³,VOC,GC-MS
40208,CHAMPLAIN HEIGHTS SCHOOL,Benzaldehyde,2003-10-06T00:00,0.130,µg/m³,VOC,GC-MS
40208,CHAMPLAIN HEIGHTS SCHOOL,Benzaldehyde,2003-10-12T00:00,0.222,µg/m³,VOC,GC-MS
40208,CHAMPLAIN HEIGHTS SCHOOL,Benzaldehyde,2003-10-18T00:00,0.082,µg/m³,VOC,GC-MS
40208,CHAMPLAIN HEIGHTS SCHOOL,Benzaldehyde,2003-10-24T00:00,0.104,µg/m³,VOC,GC-MS
40208,CHAMPLAIN HEIGHTS SCHOOL,Benzaldehyde,2003-10-30T00:00,0.183,µg/m³,VOC,GC-MS
40208,CHAMPLAIN HEIGHTS SCHOOL,Benzaldehyde,2003-11-11T00:00,0.083,µg/m³,VOC,GC-MS
40208,CHAMPLAIN HEIGHTS SCHOOL,Benzaldehyde,2003-11-17T00:00,0.069,µg/m³,VOC,GC-MS
40208,CHAMPLAIN HEIGHTS SCHOOL,Benzaldehyde,2003-11-23T00:00,0.047,µg/m³,VOC,GC-MS
40208,CHAMPLAIN HEIGHTS SCHOOL,Benzaldehyde,2003-11-29T00:00,0.054,µg/m³,VOC,GC-MS
40208,CHAMPLAIN HEIGHTS SCHOOL,Benzaldehyde,2003-12-05T00:00,0.314,µg/m³,VOC,GC-MS
40208,CHAMPLAIN HEIGHTS SCHOOL,Benzaldehyde,2003-12-11T00:00,0.360,µg/m³,VOC,GC-MS
40208,CHAMPLAIN HEIGHTS SCHOOL,Benzaldehyde,2003-12-17T00:00,0.299,µg/m³,VOC,GC-MS
40208,CHAMPLAIN HEIGHTS SCHOOL,Benzaldehyde,2003-12-23T00:00,0.165,µg/m³,VOC,GC-MS
