﻿NAPS_Site_ID,Station_Name,Pollutant,Date,Value,Units,Report_Type,Method
60211,WINDSOR WEST,Beryllium,2006-07-07T00:00,0.000,µg/m³,ICPMS,N/A
60211,WINDSOR WEST,Beryllium,2006-07-10T00:00,0.000,µg/m³,ICPMS,N/A
60211,WINDSOR WEST,Beryllium,2006-07-13T00:00,0.000,µg/m³,ICPMS,N/A
60211,WINDSOR WEST,Beryllium,2006-07-16T00:00,0.000,µg/m³,ICPMS,N/A
60211,WINDSOR WEST,Beryllium,2006-07-19T00:00,0.000,µg/m³,ICPMS,N/A
60211,WINDSOR WEST,Beryllium,2006-07-22T00:00,0.000,µg/m³,ICPMS,N/A
60211,WINDSOR WEST,Beryllium,2006-07-25T00:00,0.000,µg/m³,ICPMS,N/A
60211,WINDSOR WEST,Beryllium,2006-07-28T00:00,0.000,µg/m³,ICPMS,N/A
60211,WINDSOR WEST,Beryllium,2006-07-31T00:00,0.000,µg/m³,ICPMS,N/A
60211,WINDSOR WEST,Beryllium,2006-08-03T00:00,0.000,µg/m³,ICPMS,N/A
60211,WINDSOR WEST,Beryllium,2006-08-06T00:00,0.000,µg/m³,ICPMS,N/A
60211,WINDSOR WEST,Beryllium,2006-08-09T00:00,0.000,µg/m³,ICPMS,N/A
60211,WINDSOR WEST,Beryllium,2006-08-15T00:00,0.000,µg/m³,ICPMS,N/A
60211,WINDSOR WEST,Beryllium,2006-08-18T00:00,0.000,µg/m³,ICPMS,N/A
60211,WINDSOR WEST,Beryllium,2006-10-11T00:00,0.000,µg/m³,ICPMS,N/A
60211,WINDSOR WEST,Beryllium,2006-10-14T00:00,0.000,µg/m³,ICPMS,N/A
60211,WINDSOR WEST,Beryllium,2006-10-17T00:00,0.000,µg/m³,ICPMS,N/A
60211,WINDSOR WEST,Beryllium,2006-10-20T00:00,0.000,µg/m³,ICPMS,N/A
60211,WINDSOR WEST,Beryllium,2006-10-23T00:00,0.000,µg/m³,ICPMS,N/A
60211,WINDSOR WEST,Beryllium,2006-10-26T00:00,0.000,µg/m³,ICPMS,N/A
60211,WINDSOR WEST,Beryllium,2006-10-29T00:00,0.000,µg/m³,ICPMS,N/A
60211,WINDSOR WEST,Beryllium,2006-11-01T00:00,0.000,µg/m³,ICPMS,N/A
60211,WINDSOR WEST,Beryllium,2006-11-07T00:00,0.000,µg/m³,ICPMS,N/A
60211,WINDSOR WEST,Beryllium,2006-11-10T00:00,0.000,µg/m³,ICPMS,N/A
60211,WINDSOR WEST,Beryllium,2006-11-13T00:00,0.000,µg/m³,ICPMS,N/A
60211,WINDSOR WEST,Beryllium,2006-11-16T00:00,0.000,µg/m³,ICPMS,N/A
60211,WINDSOR WEST,Beryllium,2006-11-19T00:00,0.000,µg/m³,ICPMS,N/A
60211,WINDSOR WEST,Beryllium,2006-11-22T00:00,0.000,µg/m³,ICPMS,N/A
60211,WINDSOR WEST,Beryllium,2006-11-25T00:00,0.000,µg/m³,ICPMS,N/A
60211,WINDSOR WEST,Beryllium,2006-11-28T00:00,0.000,µg/m³,ICPMS,N/A
60211,WINDSOR WEST,Beryllium,2006-12-01T00:00,0.000,µg/m³,ICPMS,N/A
60211,WINDSOR WEST,Beryllium,2006-12-04T00:00,0.000,µg/m³,ICPMS,N/A
60211,WINDSOR WEST,Beryllium,2006-12-07T00:00,0.000,µg/m³,ICPMS,N/A
60211,WINDSOR WEST,Beryllium,2006-12-10T00:00,0.000,µg/m³,ICPMS,N/A
60211,WINDSOR WEST,Beryllium,2006-12-13T00:00,0.000,µg/m³,ICPMS,N/A
60211,WINDSOR WEST,Beryllium,2006-12-16T00:00,0.000,µg/m³,ICPMS,N/A
60211,WINDSOR WEST,Beryllium,2006-12-19T00:00,0.000,µg/m³,ICPMS,N/A
60211,WINDSOR WEST,Beryllium,2006-12-22T00:00,0.000,µg/m³,ICPMS,N/A
60211,WINDSOR WEST,Beryllium,2006-12-28T00:00,0.000,µg/m³,ICPMS,N/A
60211,WINDSOR WEST,Beryllium,2006-12-31T00:00,0.000,µg/m³,ICPMS,N/A
60211,WINDSOR WEST,Beryllium,2006-03-21T00:00,0.000,µg/m³,WICPMS,N/A
60211,WINDSOR WEST,Beryllium,2006-03-24T00:00,0.000,µg/m³,WICPMS,N/A
60211,WINDSOR WEST,Beryllium,2006-03-27T00:00,0.000,µg/m³,WICPMS,N/A
60211,WINDSOR WEST,Beryllium,2006-03-30T00:00,0.000,µg/m³,WICPMS,N/A
60211,WINDSOR WEST,Beryllium,2006-06-28T00:00,0.000,µg/m³,WICPMS,N/A
60211,WINDSOR WEST,Beryllium,2006-07-01T00:00,0.000,µg/m³,WICPMS,N/A
60211,WINDSOR WEST,Beryllium,2006-07-04T00:00,0.000,µg/m³,WICPMS,N/A
60211,WINDSOR WEST,Beryllium,2006-07-07T00:00,0.000,µg/m³,WICPMS,N/A
60211,WINDSOR WEST,Beryllium,2006-07-10T00:00,0.000,µg/m³,WICPMS,N/A
60211,WINDSOR WEST,Beryllium,2006-07-13T00:00,0.000,µg/m³,WICPMS,N/A
60211,WINDSOR WEST,Beryllium,2006-07-22T00:00,0.000,µg/m³,WICPMS,N/A
60211,WINDSOR WEST,Beryllium,2006-07-25T00:00,0.000,µg/m³,WICPMS,N/A
60211,WINDSOR WEST,Beryllium,2006-08-03T00:00,0.000,µg/m³,WICPMS,N/A
60211,WINDSOR WEST,Beryllium,2006-08-06T00:00,0.000,µg/m³,WICPMS,N/A
60211,WINDSOR WEST,Beryllium,2006-08-09T00:00,0.000,µg/m³,WICPMS,N/A
60211,WINDSOR WEST,Beryllium,2006-08-12T00:00,0.000,µg/m³,WICPMS,N/A
60211,WINDSOR WEST,Beryllium,2006-08-15T00:00,0.000,µg/m³,WICPMS,N/A
60211,WINDSOR WEST,Beryllium,2006-08-18T00:00,0.000,µg/m³,WICPMS,N/A
60211,WINDSOR WEST,Beryllium,2006-08-27T00:00,0.000,µg/m³,WICPMS,N/A
60211,WINDSOR WEST,Beryllium,2006-08-30T00:00,0.000,µg/m³,WICPMS,N/A
60211,WINDSOR WEST,Beryllium,2006-09-02T00:00,0.000,µg/m³,WICPMS,N/A
60211,WINDSOR WEST,Beryllium,2006-09-05T00:00,0.000,µg/m³,WICPMS,N/A
60211,WINDSOR WEST,Beryllium,2006-09-08T00:00,0.000,µg/m³,WICPMS,N/A
60211,WINDSOR WEST,Beryllium,2006-09-11T00:00,0.000,µg/m³,WICPMS,N/A
60211,WINDSOR WEST,Beryllium,2006-09-14T00:00,0.000,µg/m³,WICPMS,N/A
60211,WINDSOR WEST,Beryllium,2006-09-17T00:00,0.000,µg/m³,WICPMS,N/A
60211,WINDSOR WEST,Beryllium,2006-09-26T00:00,0.000,µg/m³,WICPMS,N/A
60211,WINDSOR WEST,Beryllium,2006-09-29T00:00,0.000,µg/m³,WICPMS,N/A
60211,WINDSOR WEST,Beryllium,2006-10-02T00:00,0.000,µg/m³,WICPMS,N/A
60211,WINDSOR WEST,Beryllium,2006-10-05T00:00,0.000,µg/m³,WICPMS,N/A
60211,WINDSOR WEST,Beryllium,2006-10-08T00:00,0.000,µg/m³,WICPMS,N/A
60211,WINDSOR WEST,Beryllium,2006-10-11T00:00,0.000,µg/m³,WICPMS,N/A
60211,WINDSOR WEST,Beryllium,2006-10-17T00:00,0.000,µg/m³,WICPMS,N/A
60211,WINDSOR WEST,Beryllium,2006-10-20T00:00,0.000,µg/m³,WICPMS,N/A
60211,WINDSOR WEST,Beryllium,2006-10-23T00:00,0.000,µg/m³,WICPMS,N/A
60211,WINDSOR WEST,Beryllium,2006-10-26T00:00,0.000,µg/m³,WICPMS,N/A
60211,WINDSOR WEST,Beryllium,2006-10-29T00:00,0.000,µg/m³,WICPMS,N/A
60211,WINDSOR WEST,Beryllium,2006-11-01T00:00,0.000,µg/m³,WICPMS,N/A
60211,WINDSOR WEST,Beryllium,2006-11-04T00:00,0.000,µg/m³,WICPMS,N/A
60211,WINDSOR WEST,Beryllium,2006-11-07T00:00,0.000,µg/m³,WICPMS,N/A
60211,WINDSOR WEST,Beryllium,2006-11-10T00:00,0.000,µg/m³,WICPMS,N/A
60211,WINDSOR WEST,Beryllium,2006-11-13T00:00,0.000,µg/m³,WICPMS,N/A
60211,WINDSOR WEST,Beryllium,2006-11-16T00:00,0.000,µg/m³,WICPMS,N/A
60211,WINDSOR WEST,Beryllium,2006-11-19T00:00,0.000,µg/m³,WICPMS,N/A
60211,WINDSOR WEST,Beryllium,2006-11-22T00:00,0.000,µg/m³,WICPMS,N/A
60211,WINDSOR WEST,Beryllium,2006-11-25T00:00,0.000,µg/m³,WICPMS,N/A
60211,WINDSOR WEST,Beryllium,2006-11-28T00:00,0.000,µg/m³,WICPMS,N/A
60211,WINDSOR WEST,Beryllium,2006-12-01T00:00,0.000,µg/m³,WICPMS,N/A
60211,WINDSOR WEST,Beryllium,2006-12-07T00:00,0.000,µg/m³,WICPMS,N/A
60211,WINDSOR WEST,Beryllium,2006-12-19T00:00,0.000,µg/m³,WICPMS,N/A
60211,WINDSOR WEST,Beryllium,2006-12-22T00:00,0.000,µg/m³,WICPMS,N/A
60211,WINDSOR WEST,Beryllium,2006-12-25T00:00,0.000,µg/m³,WICPMS,N/A
60211,WINDSOR WEST,Beryllium,2006-12-28T00:00,0.000,µg/m³,WICPMS,N/A
