﻿NAPS_Site_ID,Station_Name,Pollutant,Date,Value,Units,Report_Type,Method
70119,ELLEN,Silicon,1991-01-06T00:00,0.031,µg/m³,DICHOT,
70119,ELLEN,Silicon,1991-01-06T00:00,0.094,µg/m³,DICHOT,
70119,ELLEN,Silicon,1991-01-12T00:00,0.057,µg/m³,DICHOT,
70119,ELLEN,Silicon,1991-01-12T00:00,0.116,µg/m³,DICHOT,
70119,ELLEN,Silicon,1991-01-18T00:00,0.028,µg/m³,DICHOT,
70119,ELLEN,Silicon,1991-01-18T00:00,0.190,µg/m³,DICHOT,
70119,ELLEN,Silicon,1991-01-24T00:00,0.040,µg/m³,DICHOT,
70119,ELLEN,Silicon,1991-01-24T00:00,0.086,µg/m³,DICHOT,
70119,ELLEN,Silicon,1991-01-30T00:00,0.042,µg/m³,DICHOT,
70119,ELLEN,Silicon,1991-01-30T00:00,0.264,µg/m³,DICHOT,
70119,ELLEN,Silicon,1991-02-05T00:00,0.042,µg/m³,DICHOT,
70119,ELLEN,Silicon,1991-02-05T00:00,0.067,µg/m³,DICHOT,
70119,ELLEN,Silicon,1991-02-11T00:00,0.034,µg/m³,DICHOT,
70119,ELLEN,Silicon,1991-02-11T00:00,1.061,µg/m³,DICHOT,
70119,ELLEN,Silicon,1991-02-17T00:00,0.000,µg/m³,DICHOT,
70119,ELLEN,Silicon,1991-02-17T00:00,0.138,µg/m³,DICHOT,
70119,ELLEN,Silicon,1991-02-23T00:00,0.000,µg/m³,DICHOT,
70119,ELLEN,Silicon,1991-02-23T00:00,0.177,µg/m³,DICHOT,
70119,ELLEN,Silicon,1991-03-01T00:00,0.000,µg/m³,DICHOT,
70119,ELLEN,Silicon,1991-03-01T00:00,0.068,µg/m³,DICHOT,
70119,ELLEN,Silicon,1991-03-07T00:00,0.011,µg/m³,DICHOT,
70119,ELLEN,Silicon,1991-03-07T00:00,0.335,µg/m³,DICHOT,
70119,ELLEN,Silicon,1991-03-13T00:00,0.007,µg/m³,DICHOT,
70119,ELLEN,Silicon,1991-03-13T00:00,0.111,µg/m³,DICHOT,
70119,ELLEN,Silicon,1991-03-19T00:00,0.042,µg/m³,DICHOT,
70119,ELLEN,Silicon,1991-03-19T00:00,1.294,µg/m³,DICHOT,
70119,ELLEN,Silicon,1991-03-25T00:00,0.061,µg/m³,DICHOT,
70119,ELLEN,Silicon,1991-03-25T00:00,1.131,µg/m³,DICHOT,
70119,ELLEN,Silicon,1991-03-31T00:00,0.000,µg/m³,DICHOT,
70119,ELLEN,Silicon,1991-03-31T00:00,0.257,µg/m³,DICHOT,
70119,ELLEN,Silicon,1991-04-06T00:00,0.222,µg/m³,DICHOT,
70119,ELLEN,Silicon,1991-04-06T00:00,1.493,µg/m³,DICHOT,
70119,ELLEN,Silicon,1991-04-12T00:00,0.100,µg/m³,DICHOT,
70119,ELLEN,Silicon,1991-04-12T00:00,1.265,µg/m³,DICHOT,
70119,ELLEN,Silicon,1991-04-18T00:00,0.000,µg/m³,DICHOT,
70119,ELLEN,Silicon,1991-04-18T00:00,0.609,µg/m³,DICHOT,
70119,ELLEN,Silicon,1991-04-24T00:00,0.071,µg/m³,DICHOT,
70119,ELLEN,Silicon,1991-04-24T00:00,1.066,µg/m³,DICHOT,
70119,ELLEN,Silicon,1991-04-30T00:00,0.000,µg/m³,DICHOT,
70119,ELLEN,Silicon,1991-04-30T00:00,0.071,µg/m³,DICHOT,
70119,ELLEN,Silicon,1991-05-06T00:00,0.000,µg/m³,DICHOT,
70119,ELLEN,Silicon,1991-05-06T00:00,0.091,µg/m³,DICHOT,
70119,ELLEN,Silicon,1991-05-12T00:00,0.087,µg/m³,DICHOT,
70119,ELLEN,Silicon,1991-05-12T00:00,0.957,µg/m³,DICHOT,
70119,ELLEN,Silicon,1991-05-30T00:00,0.058,µg/m³,DICHOT,
70119,ELLEN,Silicon,1991-05-30T00:00,1.462,µg/m³,DICHOT,
70119,ELLEN,Silicon,1991-06-05T00:00,0.058,µg/m³,DICHOT,
70119,ELLEN,Silicon,1991-06-05T00:00,0.840,µg/m³,DICHOT,
70119,ELLEN,Silicon,1991-06-11T00:00,0.014,µg/m³,DICHOT,
70119,ELLEN,Silicon,1991-06-11T00:00,0.437,µg/m³,DICHOT,
70119,ELLEN,Silicon,1991-06-17T00:00,0.036,µg/m³,DICHOT,
70119,ELLEN,Silicon,1991-06-17T00:00,0.699,µg/m³,DICHOT,
70119,ELLEN,Silicon,1991-06-23T00:00,0.021,µg/m³,DICHOT,
70119,ELLEN,Silicon,1991-06-23T00:00,0.561,µg/m³,DICHOT,
70119,ELLEN,Silicon,1991-06-29T00:00,0.019,µg/m³,DICHOT,
70119,ELLEN,Silicon,1991-06-29T00:00,0.206,µg/m³,DICHOT,
70119,ELLEN,Silicon,1991-07-05T00:00,0.021,µg/m³,DICHOT,
70119,ELLEN,Silicon,1991-07-05T00:00,0.418,µg/m³,DICHOT,
70119,ELLEN,Silicon,1991-07-11T00:00,0.037,µg/m³,DICHOT,
70119,ELLEN,Silicon,1991-07-11T00:00,0.405,µg/m³,DICHOT,
70119,ELLEN,Silicon,1991-07-17T00:00,0.066,µg/m³,DICHOT,
70119,ELLEN,Silicon,1991-07-17T00:00,1.853,µg/m³,DICHOT,
70119,ELLEN,Silicon,1991-07-23T00:00,0.041,µg/m³,DICHOT,
70119,ELLEN,Silicon,1991-07-23T00:00,0.371,µg/m³,DICHOT,
70119,ELLEN,Silicon,1991-07-29T00:00,0.026,µg/m³,DICHOT,
70119,ELLEN,Silicon,1991-07-29T00:00,0.911,µg/m³,DICHOT,
70119,ELLEN,Silicon,1991-08-04T00:00,0.008,µg/m³,DICHOT,
70119,ELLEN,Silicon,1991-08-04T00:00,0.219,µg/m³,DICHOT,
70119,ELLEN,Silicon,1991-08-10T00:00,0.055,µg/m³,DICHOT,
70119,ELLEN,Silicon,1991-08-10T00:00,0.950,µg/m³,DICHOT,
70119,ELLEN,Silicon,1991-08-16T00:00,0.025,µg/m³,DICHOT,
70119,ELLEN,Silicon,1991-08-16T00:00,0.612,µg/m³,DICHOT,
70119,ELLEN,Silicon,1991-08-22T00:00,0.181,µg/m³,DICHOT,
70119,ELLEN,Silicon,1991-08-22T00:00,1.127,µg/m³,DICHOT,
70119,ELLEN,Silicon,1991-08-28T00:00,0.241,µg/m³,DICHOT,
70119,ELLEN,Silicon,1991-08-28T00:00,3.349,µg/m³,DICHOT,
70119,ELLEN,Silicon,1991-09-03T00:00,0.126,µg/m³,DICHOT,
70119,ELLEN,Silicon,1991-09-03T00:00,1.391,µg/m³,DICHOT,
70119,ELLEN,Silicon,1991-09-09T00:00,0.112,µg/m³,DICHOT,
70119,ELLEN,Silicon,1991-09-09T00:00,0.733,µg/m³,DICHOT,
70119,ELLEN,Silicon,1991-09-15T00:00,0.062,µg/m³,DICHOT,
70119,ELLEN,Silicon,1991-09-15T00:00,0.464,µg/m³,DICHOT,
70119,ELLEN,Silicon,1991-09-21T00:00,0.146,µg/m³,DICHOT,
70119,ELLEN,Silicon,1991-09-21T00:00,2.057,µg/m³,DICHOT,
70119,ELLEN,Silicon,1991-09-27T00:00,0.066,µg/m³,DICHOT,
70119,ELLEN,Silicon,1991-09-27T00:00,0.587,µg/m³,DICHOT,
70119,ELLEN,Silicon,1991-10-03T00:00,0.047,µg/m³,DICHOT,
70119,ELLEN,Silicon,1991-10-03T00:00,0.420,µg/m³,DICHOT,
70119,ELLEN,Silicon,1991-10-15T00:00,0.027,µg/m³,DICHOT,
70119,ELLEN,Silicon,1991-10-15T00:00,0.563,µg/m³,DICHOT,
70119,ELLEN,Silicon,1991-10-27T00:00,0.024,µg/m³,DICHOT,
70119,ELLEN,Silicon,1991-10-27T00:00,0.134,µg/m³,DICHOT,
70119,ELLEN,Silicon,1991-11-02T00:00,0.058,µg/m³,DICHOT,
70119,ELLEN,Silicon,1991-11-02T00:00,0.306,µg/m³,DICHOT,
70119,ELLEN,Silicon,1991-11-08T00:00,0.031,µg/m³,DICHOT,
70119,ELLEN,Silicon,1991-11-08T00:00,0.422,µg/m³,DICHOT,
70119,ELLEN,Silicon,1991-11-14T00:00,0.047,µg/m³,DICHOT,
70119,ELLEN,Silicon,1991-11-14T00:00,0.151,µg/m³,DICHOT,
70119,ELLEN,Silicon,1991-11-20T00:00,0.060,µg/m³,DICHOT,
70119,ELLEN,Silicon,1991-11-20T00:00,0.899,µg/m³,DICHOT,
70119,ELLEN,Silicon,1991-11-26T00:00,0.028,µg/m³,DICHOT,
70119,ELLEN,Silicon,1991-11-26T00:00,0.223,µg/m³,DICHOT,
70119,ELLEN,Silicon,1991-12-02T00:00,0.054,µg/m³,DICHOT,
70119,ELLEN,Silicon,1991-12-02T00:00,0.194,µg/m³,DICHOT,
70119,ELLEN,Silicon,1991-12-08T00:00,0.052,µg/m³,DICHOT,
70119,ELLEN,Silicon,1991-12-08T00:00,0.093,µg/m³,DICHOT,
70119,ELLEN,Silicon,1991-12-14T00:00,0.047,µg/m³,DICHOT,
70119,ELLEN,Silicon,1991-12-14T00:00,0.196,µg/m³,DICHOT,
70119,ELLEN,Silicon,1991-12-20T00:00,0.055,µg/m³,DICHOT,
70119,ELLEN,Silicon,1991-12-20T00:00,0.219,µg/m³,DICHOT,
70119,ELLEN,Silicon,1991-12-26T00:00,0.033,µg/m³,DICHOT,
70119,ELLEN,Silicon,1991-12-26T00:00,0.098,µg/m³,DICHOT,
