﻿NAPS_Site_ID,Station_Name,Pollutant,Date,Value,Units,Report_Type,Method
100111,ROCKY POINT PARK,"1,2-Dichloroethane",2018-01-08T00:00,0.081,µg/m³,VOC,GC-MS
100111,ROCKY POINT PARK,"1,2-Dichloroethane",2018-01-14T00:00,0.113,µg/m³,VOC,GC-MS
100111,ROCKY POINT PARK,"1,2-Dichloroethane",2018-01-20T00:00,0.102,µg/m³,VOC,GC-MS
100111,ROCKY POINT PARK,"1,2-Dichloroethane",2018-01-26T00:00,0.089,µg/m³,VOC,GC-MS
100111,ROCKY POINT PARK,"1,2-Dichloroethane",2018-02-19T00:00,0.093,µg/m³,VOC,GC-MS
100111,ROCKY POINT PARK,"1,2-Dichloroethane",2018-02-25T00:00,0.095,µg/m³,VOC,GC-MS
100111,ROCKY POINT PARK,"1,2-Dichloroethane",2018-03-03T00:00,0.087,µg/m³,VOC,GC-MS
100111,ROCKY POINT PARK,"1,2-Dichloroethane",2018-03-09T00:00,0.091,µg/m³,VOC,GC-MS
100111,ROCKY POINT PARK,"1,2-Dichloroethane",2018-03-15T00:00,0.096,µg/m³,VOC,GC-MS
100111,ROCKY POINT PARK,"1,2-Dichloroethane",2018-03-21T00:00,0.089,µg/m³,VOC,GC-MS
100111,ROCKY POINT PARK,"1,2-Dichloroethane",2018-03-27T00:00,0.091,µg/m³,VOC,GC-MS
100111,ROCKY POINT PARK,"1,2-Dichloroethane",2018-04-02T00:00,0.090,µg/m³,VOC,GC-MS
100111,ROCKY POINT PARK,"1,2-Dichloroethane",2018-04-08T00:00,0.100,µg/m³,VOC,GC-MS
100111,ROCKY POINT PARK,"1,2-Dichloroethane",2018-04-14T00:00,0.121,µg/m³,VOC,GC-MS
100111,ROCKY POINT PARK,"1,2-Dichloroethane",2018-04-20T00:00,0.107,µg/m³,VOC,GC-MS
100111,ROCKY POINT PARK,"1,2-Dichloroethane",2018-04-26T00:00,0.127,µg/m³,VOC,GC-MS
100111,ROCKY POINT PARK,"1,2-Dichloroethane",2018-05-02T00:00,0.102,µg/m³,VOC,GC-MS
100111,ROCKY POINT PARK,"1,2-Dichloroethane",2018-05-08T00:00,0.098,µg/m³,VOC,GC-MS
100111,ROCKY POINT PARK,"1,2-Dichloroethane",2018-05-14T00:00,0.102,µg/m³,VOC,GC-MS
100111,ROCKY POINT PARK,"1,2-Dichloroethane",2018-05-20T00:00,0.089,µg/m³,VOC,GC-MS
100111,ROCKY POINT PARK,"1,2-Dichloroethane",2018-05-26T00:00,0.096,µg/m³,VOC,GC-MS
100111,ROCKY POINT PARK,"1,2-Dichloroethane",2018-06-01T00:00,0.092,µg/m³,VOC,GC-MS
100111,ROCKY POINT PARK,"1,2-Dichloroethane",2018-06-07T00:00,0.078,µg/m³,VOC,GC-MS
100111,ROCKY POINT PARK,"1,2-Dichloroethane",2018-06-13T00:00,0.078,µg/m³,VOC,GC-MS
100111,ROCKY POINT PARK,"1,2-Dichloroethane",2018-06-19T00:00,0.086,µg/m³,VOC,GC-MS
100111,ROCKY POINT PARK,"1,2-Dichloroethane",2018-06-25T00:00,0.068,µg/m³,VOC,GC-MS
100111,ROCKY POINT PARK,"1,2-Dichloroethane",2018-07-01T00:00,0.075,µg/m³,VOC,GC-MS
100111,ROCKY POINT PARK,"1,2-Dichloroethane",2018-07-07T00:00,0.070,µg/m³,VOC,GC-MS
100111,ROCKY POINT PARK,"1,2-Dichloroethane",2018-07-13T00:00,0.080,µg/m³,VOC,GC-MS
100111,ROCKY POINT PARK,"1,2-Dichloroethane",2018-07-19T00:00,0.060,µg/m³,VOC,GC-MS
100111,ROCKY POINT PARK,"1,2-Dichloroethane",2018-07-25T00:00,0.070,µg/m³,VOC,GC-MS
100111,ROCKY POINT PARK,"1,2-Dichloroethane",2018-08-12T00:00,0.050,µg/m³,VOC,GC-MS
100111,ROCKY POINT PARK,"1,2-Dichloroethane",2018-08-18T00:00,0.060,µg/m³,VOC,GC-MS
100111,ROCKY POINT PARK,"1,2-Dichloroethane",2018-09-17T00:00,0.060,µg/m³,VOC,GC-MS
100111,ROCKY POINT PARK,"1,2-Dichloroethane",2018-09-29T00:00,0.111,µg/m³,VOC,GC-MS
100111,ROCKY POINT PARK,"1,2-Dichloroethane",2018-10-17T00:00,0.156,µg/m³,VOC,GC-MS
100111,ROCKY POINT PARK,"1,2-Dichloroethane",2018-10-23T00:00,0.099,µg/m³,VOC,GC-MS
100111,ROCKY POINT PARK,"1,2-Dichloroethane",2018-10-29T00:00,0.074,µg/m³,VOC,GC-MS
100111,ROCKY POINT PARK,"1,2-Dichloroethane",2018-11-04T00:00,0.093,µg/m³,VOC,GC-MS
100111,ROCKY POINT PARK,"1,2-Dichloroethane",2018-11-10T00:00,0.099,µg/m³,VOC,GC-MS
100111,ROCKY POINT PARK,"1,2-Dichloroethane",2018-11-16T00:00,0.077,µg/m³,VOC,GC-MS
100111,ROCKY POINT PARK,"1,2-Dichloroethane",2018-11-22T00:00,0.094,µg/m³,VOC,GC-MS
100111,ROCKY POINT PARK,"1,2-Dichloroethane",2018-11-28T00:00,0.092,µg/m³,VOC,GC-MS
100111,ROCKY POINT PARK,"1,2-Dichloroethane",2018-12-04T00:00,0.091,µg/m³,VOC,GC-MS
100111,ROCKY POINT PARK,"1,2-Dichloroethane",2018-12-10T00:00,0.091,µg/m³,VOC,GC-MS
100111,ROCKY POINT PARK,"1,2-Dichloroethane",2018-12-16T00:00,0.100,µg/m³,VOC,GC-MS
100111,ROCKY POINT PARK,"1,2-Dichloroethane",2018-12-22T00:00,0.091,µg/m³,VOC,GC-MS
