﻿NAPS_Site_ID,Station_Name,Pollutant,Date,Value,Units,Report_Type,Method
100133,BURMOUNT,cis-2-Hexene,2006-03-12T00:00,0.017,µg/m³,VOC,N/A
100133,BURMOUNT,cis-2-Hexene,2006-05-11T00:00,0.011,µg/m³,VOC,N/A
100133,BURMOUNT,cis-2-Hexene,2006-05-17T00:00,0.000,µg/m³,VOC,N/A
100133,BURMOUNT,cis-2-Hexene,2006-05-29T00:00,0.010,µg/m³,VOC,N/A
100133,BURMOUNT,cis-2-Hexene,2006-06-04T00:00,0.031,µg/m³,VOC,N/A
100133,BURMOUNT,cis-2-Hexene,2006-06-10T00:00,0.011,µg/m³,VOC,N/A
100133,BURMOUNT,cis-2-Hexene,2006-06-16T00:00,0.006,µg/m³,VOC,N/A
100133,BURMOUNT,cis-2-Hexene,2006-06-22T00:00,0.008,µg/m³,VOC,N/A
100133,BURMOUNT,cis-2-Hexene,2006-06-28T00:00,0.009,µg/m³,VOC,N/A
100133,BURMOUNT,cis-2-Hexene,2006-07-04T00:00,0.020,µg/m³,VOC,N/A
100133,BURMOUNT,cis-2-Hexene,2006-07-10T00:00,0.013,µg/m³,VOC,N/A
100133,BURMOUNT,cis-2-Hexene,2006-07-22T00:00,0.079,µg/m³,VOC,N/A
100133,BURMOUNT,cis-2-Hexene,2006-07-28T00:00,0.013,µg/m³,VOC,N/A
100133,BURMOUNT,cis-2-Hexene,2006-08-03T00:00,0.000,µg/m³,VOC,N/A
100133,BURMOUNT,cis-2-Hexene,2006-08-09T00:00,0.013,µg/m³,VOC,N/A
100133,BURMOUNT,cis-2-Hexene,2006-08-15T00:00,0.000,µg/m³,VOC,N/A
100133,BURMOUNT,cis-2-Hexene,2006-08-27T00:00,0.019,µg/m³,VOC,N/A
100133,BURMOUNT,cis-2-Hexene,2006-09-02T00:00,0.027,µg/m³,VOC,N/A
100133,BURMOUNT,cis-2-Hexene,2006-09-08T00:00,0.000,µg/m³,VOC,N/A
100133,BURMOUNT,cis-2-Hexene,2006-09-14T00:00,0.028,µg/m³,VOC,N/A
100133,BURMOUNT,cis-2-Hexene,2006-09-20T00:00,0.037,µg/m³,VOC,N/A
100133,BURMOUNT,cis-2-Hexene,2006-09-26T00:00,0.114,µg/m³,VOC,N/A
100133,BURMOUNT,cis-2-Hexene,2006-10-02T00:00,0.073,µg/m³,VOC,N/A
100133,BURMOUNT,cis-2-Hexene,2006-10-08T00:00,0.048,µg/m³,VOC,N/A
100133,BURMOUNT,cis-2-Hexene,2006-10-20T00:00,0.033,µg/m³,VOC,N/A
100133,BURMOUNT,cis-2-Hexene,2006-11-07T00:00,0.000,µg/m³,VOC,N/A
100133,BURMOUNT,cis-2-Hexene,2006-11-13T00:00,0.000,µg/m³,VOC,N/A
100133,BURMOUNT,cis-2-Hexene,2006-11-19T00:00,0.055,µg/m³,VOC,N/A
100133,BURMOUNT,cis-2-Hexene,2006-11-25T00:00,0.018,µg/m³,VOC,N/A
100133,BURMOUNT,cis-2-Hexene,2006-12-07T00:00,0.236,µg/m³,VOC,N/A
100133,BURMOUNT,cis-2-Hexene,2006-12-13T00:00,0.007,µg/m³,VOC,N/A
100133,BURMOUNT,cis-2-Hexene,2006-12-25T00:00,0.000,µg/m³,VOC,N/A
100133,BURMOUNT,cis-2-Hexene,2006-12-31T00:00,0.046,µg/m³,VOC,N/A
