﻿NAPS_Site_ID,Station_Name,Pollutant,Date,Value,Units,Report_Type,Method
30113,JOHNSTON BUILDING,"1,2,4-Trimethylbenzene",2022-01-05T00:00,0.027,µg/m³,VOC,GC-MS
30113,JOHNSTON BUILDING,"1,2,4-Trimethylbenzene",2022-01-11T00:00,0.001,µg/m³,VOC,GC-MS
30113,JOHNSTON BUILDING,"1,2,4-Trimethylbenzene",2022-01-17T00:00,0.034,µg/m³,VOC,GC-MS
30113,JOHNSTON BUILDING,"1,2,4-Trimethylbenzene",2022-01-23T00:00,0.030,µg/m³,VOC,GC-MS
30113,JOHNSTON BUILDING,"1,2,4-Trimethylbenzene",2022-01-29T00:00,0.022,µg/m³,VOC,GC-MS
30113,JOHNSTON BUILDING,"1,2,4-Trimethylbenzene",2022-02-04T00:00,0.026,µg/m³,VOC,GC-MS
30113,JOHNSTON BUILDING,"1,2,4-Trimethylbenzene",2022-02-10T00:00,0.112,µg/m³,VOC,GC-MS
30113,JOHNSTON BUILDING,"1,2,4-Trimethylbenzene",2022-02-16T00:00,0.010,µg/m³,VOC,GC-MS
30113,JOHNSTON BUILDING,"1,2,4-Trimethylbenzene",2022-02-22T00:00,0.038,µg/m³,VOC,GC-MS
30113,JOHNSTON BUILDING,"1,2,4-Trimethylbenzene",2022-03-03T00:00,0.018,µg/m³,VOC,GC-MS
30113,JOHNSTON BUILDING,"1,2,4-Trimethylbenzene",2022-03-24T00:00,0.014,µg/m³,VOC,GC-MS
30113,JOHNSTON BUILDING,"1,2,4-Trimethylbenzene",2022-03-30T00:00,0.008,µg/m³,VOC,GC-MS
30113,JOHNSTON BUILDING,"1,2,4-Trimethylbenzene",2022-04-05T00:00,0.006,µg/m³,VOC,GC-MS
30113,JOHNSTON BUILDING,"1,2,4-Trimethylbenzene",2022-04-11T00:00,0.024,µg/m³,VOC,GC-MS
30113,JOHNSTON BUILDING,"1,2,4-Trimethylbenzene",2022-04-17T00:00,0.010,µg/m³,VOC,GC-MS
30113,JOHNSTON BUILDING,"1,2,4-Trimethylbenzene",2022-04-29T00:00,0.028,µg/m³,VOC,GC-MS
30113,JOHNSTON BUILDING,"1,2,4-Trimethylbenzene",2022-05-05T00:00,0.050,µg/m³,VOC,GC-MS
30113,JOHNSTON BUILDING,"1,2,4-Trimethylbenzene",2022-05-11T00:00,0.042,µg/m³,VOC,GC-MS
30113,JOHNSTON BUILDING,"1,2,4-Trimethylbenzene",2022-05-17T00:00,0.048,µg/m³,VOC,GC-MS
30113,JOHNSTON BUILDING,"1,2,4-Trimethylbenzene",2022-05-23T00:00,0.060,µg/m³,VOC,GC-MS
30113,JOHNSTON BUILDING,"1,2,4-Trimethylbenzene",2022-05-29T00:00,0.086,µg/m³,VOC,GC-MS
30113,JOHNSTON BUILDING,"1,2,4-Trimethylbenzene",2022-06-04T00:00,0.100,µg/m³,VOC,GC-MS
30113,JOHNSTON BUILDING,"1,2,4-Trimethylbenzene",2022-06-10T00:00,0.076,µg/m³,VOC,GC-MS
30113,JOHNSTON BUILDING,"1,2,4-Trimethylbenzene",2022-06-16T00:00,0.190,µg/m³,VOC,GC-MS
30113,JOHNSTON BUILDING,"1,2,4-Trimethylbenzene",2022-06-22T00:00,0.084,µg/m³,VOC,GC-MS
30113,JOHNSTON BUILDING,"1,2,4-Trimethylbenzene",2022-06-28T00:00,0.056,µg/m³,VOC,GC-MS
30113,JOHNSTON BUILDING,"1,2,4-Trimethylbenzene",2022-07-04T00:00,0.062,µg/m³,VOC,GC-MS
30113,JOHNSTON BUILDING,"1,2,4-Trimethylbenzene",2022-07-10T00:00,0.082,µg/m³,VOC,GC-MS
30113,JOHNSTON BUILDING,"1,2,4-Trimethylbenzene",2022-07-16T00:00,0.072,µg/m³,VOC,GC-MS
30113,JOHNSTON BUILDING,"1,2,4-Trimethylbenzene",2022-07-22T00:00,0.132,µg/m³,VOC,GC-MS
30113,JOHNSTON BUILDING,"1,2,4-Trimethylbenzene",2022-07-28T00:00,0.168,µg/m³,VOC,GC-MS
30113,JOHNSTON BUILDING,"1,2,4-Trimethylbenzene",2022-08-09T00:00,0.084,µg/m³,VOC,GC-MS
30113,JOHNSTON BUILDING,"1,2,4-Trimethylbenzene",2022-08-15T00:00,0.194,µg/m³,VOC,GC-MS
30113,JOHNSTON BUILDING,"1,2,4-Trimethylbenzene",2022-08-21T00:00,0.260,µg/m³,VOC,GC-MS
30113,JOHNSTON BUILDING,"1,2,4-Trimethylbenzene",2022-08-27T00:00,0.084,µg/m³,VOC,GC-MS
30113,JOHNSTON BUILDING,"1,2,4-Trimethylbenzene",2022-09-02T00:00,0.052,µg/m³,VOC,GC-MS
30113,JOHNSTON BUILDING,"1,2,4-Trimethylbenzene",2022-09-08T00:00,0.128,µg/m³,VOC,GC-MS
30113,JOHNSTON BUILDING,"1,2,4-Trimethylbenzene",2022-09-14T00:00,0.088,µg/m³,VOC,GC-MS
30113,JOHNSTON BUILDING,"1,2,4-Trimethylbenzene",2022-09-20T00:00,0.066,µg/m³,VOC,GC-MS
30113,JOHNSTON BUILDING,"1,2,4-Trimethylbenzene",2022-09-26T00:00,0.036,µg/m³,VOC,GC-MS
30113,JOHNSTON BUILDING,"1,2,4-Trimethylbenzene",2022-10-02T00:00,0.182,µg/m³,VOC,GC-MS
30113,JOHNSTON BUILDING,"1,2,4-Trimethylbenzene",2022-10-08T00:00,0.086,µg/m³,VOC,GC-MS
30113,JOHNSTON BUILDING,"1,2,4-Trimethylbenzene",2022-10-14T00:00,0.266,µg/m³,VOC,GC-MS
30113,JOHNSTON BUILDING,"1,2,4-Trimethylbenzene",2022-10-20T00:00,0.032,µg/m³,VOC,GC-MS
30113,JOHNSTON BUILDING,"1,2,4-Trimethylbenzene",2022-10-26T00:00,0.050,µg/m³,VOC,GC-MS
30113,JOHNSTON BUILDING,"1,2,4-Trimethylbenzene",2022-11-01T00:00,0.042,µg/m³,VOC,GC-MS
30113,JOHNSTON BUILDING,"1,2,4-Trimethylbenzene",2022-11-07T00:00,0.020,µg/m³,VOC,GC-MS
30113,JOHNSTON BUILDING,"1,2,4-Trimethylbenzene",2022-11-13T00:00,0.022,µg/m³,VOC,GC-MS
30113,JOHNSTON BUILDING,"1,2,4-Trimethylbenzene",2022-11-19T00:00,0.122,µg/m³,VOC,GC-MS
30113,JOHNSTON BUILDING,"1,2,4-Trimethylbenzene",2022-11-25T00:00,0.052,µg/m³,VOC,GC-MS
30113,JOHNSTON BUILDING,"1,2,4-Trimethylbenzene",2022-12-01T00:00,0.018,µg/m³,VOC,GC-MS
30113,JOHNSTON BUILDING,"1,2,4-Trimethylbenzene",2022-12-07T00:00,0.034,µg/m³,VOC,GC-MS
30113,JOHNSTON BUILDING,"1,2,4-Trimethylbenzene",2022-12-13T00:00,0.014,µg/m³,VOC,GC-MS
30113,JOHNSTON BUILDING,"1,2,4-Trimethylbenzene",2022-12-19T00:00,0.040,µg/m³,VOC,GC-MS
30113,JOHNSTON BUILDING,"1,2,4-Trimethylbenzene",2022-12-25T00:00,0.008,µg/m³,VOC,GC-MS
