﻿NAPS_Site_ID,Station_Name,Pollutant,Date,Value,Units,Report_Type,Method
63201,HWY 47 & HWY 48 _YORK_REGION_,2-Methylpentane,1990-01-05T00:00,2.626,µg/m³,VOC,
63201,HWY 47 & HWY 48 _YORK_REGION_,2-Methylpentane,1990-01-11T00:00,1.331,µg/m³,VOC,
63201,HWY 47 & HWY 48 _YORK_REGION_,2-Methylpentane,1990-01-17T00:00,3.220,µg/m³,VOC,
63201,HWY 47 & HWY 48 _YORK_REGION_,2-Methylpentane,1990-01-23T00:00,2.352,µg/m³,VOC,
63201,HWY 47 & HWY 48 _YORK_REGION_,2-Methylpentane,1990-02-04T00:00,1.041,µg/m³,VOC,
63201,HWY 47 & HWY 48 _YORK_REGION_,2-Methylpentane,1990-02-10T00:00,2.646,µg/m³,VOC,
63201,HWY 47 & HWY 48 _YORK_REGION_,2-Methylpentane,1990-02-16T00:00,2.056,µg/m³,VOC,
63201,HWY 47 & HWY 48 _YORK_REGION_,2-Methylpentane,1990-02-22T00:00,5.037,µg/m³,VOC,
63201,HWY 47 & HWY 48 _YORK_REGION_,2-Methylpentane,1990-02-28T00:00,1.386,µg/m³,VOC,
63201,HWY 47 & HWY 48 _YORK_REGION_,2-Methylpentane,1990-03-06T00:00,2.215,µg/m³,VOC,
63201,HWY 47 & HWY 48 _YORK_REGION_,2-Methylpentane,1990-03-18T00:00,2.304,µg/m³,VOC,
63201,HWY 47 & HWY 48 _YORK_REGION_,2-Methylpentane,1990-03-24T00:00,5.113,µg/m³,VOC,
63201,HWY 47 & HWY 48 _YORK_REGION_,2-Methylpentane,1990-03-30T00:00,2.176,µg/m³,VOC,
63201,HWY 47 & HWY 48 _YORK_REGION_,2-Methylpentane,1990-04-05T00:00,3.060,µg/m³,VOC,
63201,HWY 47 & HWY 48 _YORK_REGION_,2-Methylpentane,1990-04-11T00:00,1.727,µg/m³,VOC,
63201,HWY 47 & HWY 48 _YORK_REGION_,2-Methylpentane,1990-04-17T00:00,0.929,µg/m³,VOC,
63201,HWY 47 & HWY 48 _YORK_REGION_,2-Methylpentane,1990-04-23T00:00,1.580,µg/m³,VOC,
63201,HWY 47 & HWY 48 _YORK_REGION_,2-Methylpentane,1990-05-05T00:00,3.144,µg/m³,VOC,
63201,HWY 47 & HWY 48 _YORK_REGION_,2-Methylpentane,1990-05-11T00:00,1.287,µg/m³,VOC,
63201,HWY 47 & HWY 48 _YORK_REGION_,2-Methylpentane,1990-05-17T00:00,1.268,µg/m³,VOC,
63201,HWY 47 & HWY 48 _YORK_REGION_,2-Methylpentane,1990-05-23T00:00,2.175,µg/m³,VOC,
63201,HWY 47 & HWY 48 _YORK_REGION_,2-Methylpentane,1990-05-29T00:00,1.425,µg/m³,VOC,
63201,HWY 47 & HWY 48 _YORK_REGION_,2-Methylpentane,1990-06-04T00:00,0.891,µg/m³,VOC,
63201,HWY 47 & HWY 48 _YORK_REGION_,2-Methylpentane,1990-06-16T00:00,2.504,µg/m³,VOC,
63201,HWY 47 & HWY 48 _YORK_REGION_,2-Methylpentane,1990-06-22T00:00,2.390,µg/m³,VOC,
63201,HWY 47 & HWY 48 _YORK_REGION_,2-Methylpentane,1990-07-04T00:00,1.468,µg/m³,VOC,
63201,HWY 47 & HWY 48 _YORK_REGION_,2-Methylpentane,1990-07-10T00:00,1.139,µg/m³,VOC,
63201,HWY 47 & HWY 48 _YORK_REGION_,2-Methylpentane,1990-07-16T00:00,1.621,µg/m³,VOC,
63201,HWY 47 & HWY 48 _YORK_REGION_,2-Methylpentane,1990-07-22T00:00,0.999,µg/m³,VOC,
63201,HWY 47 & HWY 48 _YORK_REGION_,2-Methylpentane,1990-07-28T00:00,2.205,µg/m³,VOC,
63201,HWY 47 & HWY 48 _YORK_REGION_,2-Methylpentane,1990-08-03T00:00,6.113,µg/m³,VOC,
63201,HWY 47 & HWY 48 _YORK_REGION_,2-Methylpentane,1990-08-09T00:00,3.904,µg/m³,VOC,
63201,HWY 47 & HWY 48 _YORK_REGION_,2-Methylpentane,1990-08-15T00:00,4.288,µg/m³,VOC,
63201,HWY 47 & HWY 48 _YORK_REGION_,2-Methylpentane,1990-08-21T00:00,3.014,µg/m³,VOC,
63201,HWY 47 & HWY 48 _YORK_REGION_,2-Methylpentane,1990-08-27T00:00,3.411,µg/m³,VOC,
63201,HWY 47 & HWY 48 _YORK_REGION_,2-Methylpentane,1990-09-02T00:00,3.348,µg/m³,VOC,
63201,HWY 47 & HWY 48 _YORK_REGION_,2-Methylpentane,1990-09-08T00:00,0.993,µg/m³,VOC,
63201,HWY 47 & HWY 48 _YORK_REGION_,2-Methylpentane,1990-09-14T00:00,2.314,µg/m³,VOC,
63201,HWY 47 & HWY 48 _YORK_REGION_,2-Methylpentane,1990-09-20T00:00,1.634,µg/m³,VOC,
63201,HWY 47 & HWY 48 _YORK_REGION_,2-Methylpentane,1990-09-26T00:00,1.809,µg/m³,VOC,
63201,HWY 47 & HWY 48 _YORK_REGION_,2-Methylpentane,1990-10-02T00:00,3.555,µg/m³,VOC,
63201,HWY 47 & HWY 48 _YORK_REGION_,2-Methylpentane,1990-10-08T00:00,1.125,µg/m³,VOC,
63201,HWY 47 & HWY 48 _YORK_REGION_,2-Methylpentane,1990-10-14T00:00,0.916,µg/m³,VOC,
63201,HWY 47 & HWY 48 _YORK_REGION_,2-Methylpentane,1990-10-20T00:00,10.220,µg/m³,VOC,
63201,HWY 47 & HWY 48 _YORK_REGION_,2-Methylpentane,1990-10-26T00:00,0.694,µg/m³,VOC,
63201,HWY 47 & HWY 48 _YORK_REGION_,2-Methylpentane,1990-11-01T00:00,3.096,µg/m³,VOC,
63201,HWY 47 & HWY 48 _YORK_REGION_,2-Methylpentane,1990-11-13T00:00,0.522,µg/m³,VOC,
63201,HWY 47 & HWY 48 _YORK_REGION_,2-Methylpentane,1990-11-19T00:00,2.182,µg/m³,VOC,
63201,HWY 47 & HWY 48 _YORK_REGION_,2-Methylpentane,1990-11-25T00:00,0.653,µg/m³,VOC,
63201,HWY 47 & HWY 48 _YORK_REGION_,2-Methylpentane,1990-12-01T00:00,0.542,µg/m³,VOC,
63201,HWY 47 & HWY 48 _YORK_REGION_,2-Methylpentane,1990-12-13T00:00,0.954,µg/m³,VOC,
63201,HWY 47 & HWY 48 _YORK_REGION_,2-Methylpentane,1990-12-19T00:00,1.114,µg/m³,VOC,
63201,HWY 47 & HWY 48 _YORK_REGION_,2-Methylpentane,1990-12-25T00:00,0.947,µg/m³,VOC,
63201,HWY 47 & HWY 48 _YORK_REGION_,2-Methylpentane,1990-12-31T00:00,0.704,µg/m³,VOC,
