﻿NAPS_Site_ID,Station_Name,Pollutant,Date,Value,Units,Report_Type,Method
50129,MONTRÉAL-RIVIÈRE-DES-PRAIRIES,Nitric Acid,2022-01-08T00:00,0.349,µg/m³,PM2.5,IC
50129,MONTRÉAL-RIVIÈRE-DES-PRAIRIES,Nitric Acid,2022-01-11T00:00,0.434,µg/m³,PM2.5,IC
50129,MONTRÉAL-RIVIÈRE-DES-PRAIRIES,Nitric Acid,2022-01-14T00:00,0.471,µg/m³,PM2.5,IC
50129,MONTRÉAL-RIVIÈRE-DES-PRAIRIES,Nitric Acid,2022-01-17T00:00,0.379,µg/m³,PM2.5,IC
50129,MONTRÉAL-RIVIÈRE-DES-PRAIRIES,Nitric Acid,2022-01-20T00:00,0.315,µg/m³,PM2.5,IC
50129,MONTRÉAL-RIVIÈRE-DES-PRAIRIES,Nitric Acid,2022-01-23T00:00,0.537,µg/m³,PM2.5,IC
50129,MONTRÉAL-RIVIÈRE-DES-PRAIRIES,Nitric Acid,2022-01-26T00:00,0.240,µg/m³,PM2.5,IC
50129,MONTRÉAL-RIVIÈRE-DES-PRAIRIES,Nitric Acid,2022-01-29T00:00,0.231,µg/m³,PM2.5,IC
50129,MONTRÉAL-RIVIÈRE-DES-PRAIRIES,Nitric Acid,2022-02-01T00:00,0.541,µg/m³,PM2.5,IC
50129,MONTRÉAL-RIVIÈRE-DES-PRAIRIES,Nitric Acid,2022-02-04T00:00,0.481,µg/m³,PM2.5,IC
50129,MONTRÉAL-RIVIÈRE-DES-PRAIRIES,Nitric Acid,2022-02-07T00:00,0.377,µg/m³,PM2.5,IC
50129,MONTRÉAL-RIVIÈRE-DES-PRAIRIES,Nitric Acid,2022-02-10T00:00,0.657,µg/m³,PM2.5,IC
50129,MONTRÉAL-RIVIÈRE-DES-PRAIRIES,Nitric Acid,2022-02-13T00:00,0.200,µg/m³,PM2.5,IC
50129,MONTRÉAL-RIVIÈRE-DES-PRAIRIES,Nitric Acid,2022-02-16T00:00,0.703,µg/m³,PM2.5,IC
50129,MONTRÉAL-RIVIÈRE-DES-PRAIRIES,Nitric Acid,2022-02-19T00:00,0.303,µg/m³,PM2.5,IC
50129,MONTRÉAL-RIVIÈRE-DES-PRAIRIES,Nitric Acid,2022-02-25T00:00,0.712,µg/m³,PM2.5,IC
50129,MONTRÉAL-RIVIÈRE-DES-PRAIRIES,Nitric Acid,2022-02-28T00:00,0.195,µg/m³,PM2.5,IC
50129,MONTRÉAL-RIVIÈRE-DES-PRAIRIES,Nitric Acid,2022-03-03T00:00,0.230,µg/m³,PM2.5,IC
50129,MONTRÉAL-RIVIÈRE-DES-PRAIRIES,Nitric Acid,2022-03-06T00:00,0.442,µg/m³,PM2.5,IC
50129,MONTRÉAL-RIVIÈRE-DES-PRAIRIES,Nitric Acid,2022-03-09T00:00,0.664,µg/m³,PM2.5,IC
50129,MONTRÉAL-RIVIÈRE-DES-PRAIRIES,Nitric Acid,2022-03-12T00:00,0.263,µg/m³,PM2.5,IC
50129,MONTRÉAL-RIVIÈRE-DES-PRAIRIES,Nitric Acid,2022-03-15T00:00,0.307,µg/m³,PM2.5,IC
50129,MONTRÉAL-RIVIÈRE-DES-PRAIRIES,Nitric Acid,2022-03-18T00:00,0.450,µg/m³,PM2.5,IC
50129,MONTRÉAL-RIVIÈRE-DES-PRAIRIES,Nitric Acid,2022-03-21T00:00,0.160,µg/m³,PM2.5,IC
50129,MONTRÉAL-RIVIÈRE-DES-PRAIRIES,Nitric Acid,2022-03-27T00:00,0.086,µg/m³,PM2.5,IC
50129,MONTRÉAL-RIVIÈRE-DES-PRAIRIES,Nitric Acid,2022-03-30T00:00,0.257,µg/m³,PM2.5,IC
50129,MONTRÉAL-RIVIÈRE-DES-PRAIRIES,Nitric Acid,2022-04-02T00:00,0.126,µg/m³,PM2.5,IC
50129,MONTRÉAL-RIVIÈRE-DES-PRAIRIES,Nitric Acid,2022-04-05T00:00,0.349,µg/m³,PM2.5,IC
50129,MONTRÉAL-RIVIÈRE-DES-PRAIRIES,Nitric Acid,2022-04-08T00:00,0.185,µg/m³,PM2.5,IC
50129,MONTRÉAL-RIVIÈRE-DES-PRAIRIES,Nitric Acid,2022-04-11T00:00,0.206,µg/m³,PM2.5,IC
50129,MONTRÉAL-RIVIÈRE-DES-PRAIRIES,Nitric Acid,2022-04-14T00:00,0.304,µg/m³,PM2.5,IC
50129,MONTRÉAL-RIVIÈRE-DES-PRAIRIES,Nitric Acid,2022-04-17T00:00,0.128,µg/m³,PM2.5,IC
50129,MONTRÉAL-RIVIÈRE-DES-PRAIRIES,Nitric Acid,2022-04-20T00:00,0.160,µg/m³,PM2.5,IC
50129,MONTRÉAL-RIVIÈRE-DES-PRAIRIES,Nitric Acid,2022-04-23T00:00,0.162,µg/m³,PM2.5,IC
50129,MONTRÉAL-RIVIÈRE-DES-PRAIRIES,Nitric Acid,2022-04-26T00:00,0.176,µg/m³,PM2.5,IC
50129,MONTRÉAL-RIVIÈRE-DES-PRAIRIES,Nitric Acid,2022-04-29T00:00,0.150,µg/m³,PM2.5,IC
50129,MONTRÉAL-RIVIÈRE-DES-PRAIRIES,Nitric Acid,2022-05-02T00:00,0.340,µg/m³,PM2.5,IC
50129,MONTRÉAL-RIVIÈRE-DES-PRAIRIES,Nitric Acid,2022-05-05T00:00,0.240,µg/m³,PM2.5,IC
50129,MONTRÉAL-RIVIÈRE-DES-PRAIRIES,Nitric Acid,2022-05-08T00:00,0.355,µg/m³,PM2.5,IC
50129,MONTRÉAL-RIVIÈRE-DES-PRAIRIES,Nitric Acid,2022-05-11T00:00,0.709,µg/m³,PM2.5,IC
50129,MONTRÉAL-RIVIÈRE-DES-PRAIRIES,Nitric Acid,2022-05-14T00:00,0.472,µg/m³,PM2.5,IC
50129,MONTRÉAL-RIVIÈRE-DES-PRAIRIES,Nitric Acid,2022-05-17T00:00,0.114,µg/m³,PM2.5,IC
50129,MONTRÉAL-RIVIÈRE-DES-PRAIRIES,Nitric Acid,2022-05-20T00:00,0.298,µg/m³,PM2.5,IC
50129,MONTRÉAL-RIVIÈRE-DES-PRAIRIES,Nitric Acid,2022-05-23T00:00,0.162,µg/m³,PM2.5,IC
50129,MONTRÉAL-RIVIÈRE-DES-PRAIRIES,Nitric Acid,2022-05-26T00:00,0.577,µg/m³,PM2.5,IC
50129,MONTRÉAL-RIVIÈRE-DES-PRAIRIES,Nitric Acid,2022-05-29T00:00,0.310,µg/m³,PM2.5,IC
50129,MONTRÉAL-RIVIÈRE-DES-PRAIRIES,Nitric Acid,2022-06-01T00:00,0.249,µg/m³,PM2.5,IC
50129,MONTRÉAL-RIVIÈRE-DES-PRAIRIES,Nitric Acid,2022-06-04T00:00,0.338,µg/m³,PM2.5,IC
50129,MONTRÉAL-RIVIÈRE-DES-PRAIRIES,Nitric Acid,2022-06-07T00:00,0.648,µg/m³,PM2.5,IC
50129,MONTRÉAL-RIVIÈRE-DES-PRAIRIES,Nitric Acid,2022-06-10T00:00,0.168,µg/m³,PM2.5,IC
50129,MONTRÉAL-RIVIÈRE-DES-PRAIRIES,Nitric Acid,2022-06-13T00:00,0.216,µg/m³,PM2.5,IC
50129,MONTRÉAL-RIVIÈRE-DES-PRAIRIES,Nitric Acid,2022-06-16T00:00,0.441,µg/m³,PM2.5,IC
50129,MONTRÉAL-RIVIÈRE-DES-PRAIRIES,Nitric Acid,2022-06-19T00:00,0.157,µg/m³,PM2.5,IC
50129,MONTRÉAL-RIVIÈRE-DES-PRAIRIES,Nitric Acid,2022-06-22T00:00,0.238,µg/m³,PM2.5,IC
50129,MONTRÉAL-RIVIÈRE-DES-PRAIRIES,Nitric Acid,2022-06-25T00:00,0.397,µg/m³,PM2.5,IC
50129,MONTRÉAL-RIVIÈRE-DES-PRAIRIES,Nitric Acid,2022-06-28T00:00,0.237,µg/m³,PM2.5,IC
50129,MONTRÉAL-RIVIÈRE-DES-PRAIRIES,Nitric Acid,2022-07-01T00:00,0.639,µg/m³,PM2.5,IC
50129,MONTRÉAL-RIVIÈRE-DES-PRAIRIES,Nitric Acid,2022-07-04T00:00,0.201,µg/m³,PM2.5,IC
50129,MONTRÉAL-RIVIÈRE-DES-PRAIRIES,Nitric Acid,2022-07-10T00:00,0.238,µg/m³,PM2.5,IC
50129,MONTRÉAL-RIVIÈRE-DES-PRAIRIES,Nitric Acid,2022-07-13T00:00,0.147,µg/m³,PM2.5,IC
50129,MONTRÉAL-RIVIÈRE-DES-PRAIRIES,Nitric Acid,2022-07-16T00:00,0.378,µg/m³,PM2.5,IC
50129,MONTRÉAL-RIVIÈRE-DES-PRAIRIES,Nitric Acid,2022-07-19T00:00,0.229,µg/m³,PM2.5,IC
50129,MONTRÉAL-RIVIÈRE-DES-PRAIRIES,Nitric Acid,2022-07-22T00:00,0.307,µg/m³,PM2.5,IC
50129,MONTRÉAL-RIVIÈRE-DES-PRAIRIES,Nitric Acid,2022-07-25T00:00,0.267,µg/m³,PM2.5,IC
50129,MONTRÉAL-RIVIÈRE-DES-PRAIRIES,Nitric Acid,2022-07-28T00:00,0.680,µg/m³,PM2.5,IC
50129,MONTRÉAL-RIVIÈRE-DES-PRAIRIES,Nitric Acid,2022-07-31T00:00,0.197,µg/m³,PM2.5,IC
50129,MONTRÉAL-RIVIÈRE-DES-PRAIRIES,Nitric Acid,2022-08-21T00:00,0.512,µg/m³,PM2.5,IC
50129,MONTRÉAL-RIVIÈRE-DES-PRAIRIES,Nitric Acid,2022-08-24T00:00,0.200,µg/m³,PM2.5,IC
50129,MONTRÉAL-RIVIÈRE-DES-PRAIRIES,Nitric Acid,2022-08-27T00:00,0.150,µg/m³,PM2.5,IC
50129,MONTRÉAL-RIVIÈRE-DES-PRAIRIES,Nitric Acid,2022-08-30T00:00,0.370,µg/m³,PM2.5,IC
50129,MONTRÉAL-RIVIÈRE-DES-PRAIRIES,Nitric Acid,2022-09-02T00:00,0.244,µg/m³,PM2.5,IC
50129,MONTRÉAL-RIVIÈRE-DES-PRAIRIES,Nitric Acid,2022-09-05T00:00,0.119,µg/m³,PM2.5,IC
50129,MONTRÉAL-RIVIÈRE-DES-PRAIRIES,Nitric Acid,2022-09-08T00:00,0.388,µg/m³,PM2.5,IC
50129,MONTRÉAL-RIVIÈRE-DES-PRAIRIES,Nitric Acid,2022-09-11T00:00,0.569,µg/m³,PM2.5,IC
50129,MONTRÉAL-RIVIÈRE-DES-PRAIRIES,Nitric Acid,2022-09-14T00:00,0.066,µg/m³,PM2.5,IC
50129,MONTRÉAL-RIVIÈRE-DES-PRAIRIES,Nitric Acid,2022-09-17T00:00,0.107,µg/m³,PM2.5,IC
50129,MONTRÉAL-RIVIÈRE-DES-PRAIRIES,Nitric Acid,2022-09-20T00:00,0.136,µg/m³,PM2.5,IC
50129,MONTRÉAL-RIVIÈRE-DES-PRAIRIES,Nitric Acid,2022-09-23T00:00,0.073,µg/m³,PM2.5,IC
50129,MONTRÉAL-RIVIÈRE-DES-PRAIRIES,Nitric Acid,2022-09-26T00:00,0.212,µg/m³,PM2.5,IC
50129,MONTRÉAL-RIVIÈRE-DES-PRAIRIES,Nitric Acid,2022-09-29T00:00,0.154,µg/m³,PM2.5,IC
50129,MONTRÉAL-RIVIÈRE-DES-PRAIRIES,Nitric Acid,2022-10-02T00:00,0.087,µg/m³,PM2.5,IC
50129,MONTRÉAL-RIVIÈRE-DES-PRAIRIES,Nitric Acid,2022-10-05T00:00,0.246,µg/m³,PM2.5,IC
50129,MONTRÉAL-RIVIÈRE-DES-PRAIRIES,Nitric Acid,2022-10-08T00:00,0.112,µg/m³,PM2.5,IC
50129,MONTRÉAL-RIVIÈRE-DES-PRAIRIES,Nitric Acid,2022-10-11T00:00,0.148,µg/m³,PM2.5,IC
50129,MONTRÉAL-RIVIÈRE-DES-PRAIRIES,Nitric Acid,2022-10-14T00:00,0.182,µg/m³,PM2.5,IC
50129,MONTRÉAL-RIVIÈRE-DES-PRAIRIES,Nitric Acid,2022-10-17T00:00,0.247,µg/m³,PM2.5,IC
50129,MONTRÉAL-RIVIÈRE-DES-PRAIRIES,Nitric Acid,2022-10-20T00:00,0.190,µg/m³,PM2.5,IC
50129,MONTRÉAL-RIVIÈRE-DES-PRAIRIES,Nitric Acid,2022-10-23T00:00,0.302,µg/m³,PM2.5,IC
50129,MONTRÉAL-RIVIÈRE-DES-PRAIRIES,Nitric Acid,2022-10-26T00:00,0.325,µg/m³,PM2.5,IC
50129,MONTRÉAL-RIVIÈRE-DES-PRAIRIES,Nitric Acid,2022-10-29T00:00,0.211,µg/m³,PM2.5,IC
50129,MONTRÉAL-RIVIÈRE-DES-PRAIRIES,Nitric Acid,2022-11-01T00:00,0.445,µg/m³,PM2.5,IC
50129,MONTRÉAL-RIVIÈRE-DES-PRAIRIES,Nitric Acid,2022-11-07T00:00,0.168,µg/m³,PM2.5,IC
50129,MONTRÉAL-RIVIÈRE-DES-PRAIRIES,Nitric Acid,2022-11-10T00:00,0.254,µg/m³,PM2.5,IC
50129,MONTRÉAL-RIVIÈRE-DES-PRAIRIES,Nitric Acid,2022-11-13T00:00,0.105,µg/m³,PM2.5,IC
50129,MONTRÉAL-RIVIÈRE-DES-PRAIRIES,Nitric Acid,2022-11-16T00:00,0.201,µg/m³,PM2.5,IC
50129,MONTRÉAL-RIVIÈRE-DES-PRAIRIES,Nitric Acid,2022-11-19T00:00,0.184,µg/m³,PM2.5,IC
50129,MONTRÉAL-RIVIÈRE-DES-PRAIRIES,Nitric Acid,2022-11-22T00:00,0.188,µg/m³,PM2.5,IC
50129,MONTRÉAL-RIVIÈRE-DES-PRAIRIES,Nitric Acid,2022-11-25T00:00,0.196,µg/m³,PM2.5,IC
50129,MONTRÉAL-RIVIÈRE-DES-PRAIRIES,Nitric Acid,2022-11-28T00:00,0.122,µg/m³,PM2.5,IC
50129,MONTRÉAL-RIVIÈRE-DES-PRAIRIES,Nitric Acid,2022-12-01T00:00,0.107,µg/m³,PM2.5,IC
50129,MONTRÉAL-RIVIÈRE-DES-PRAIRIES,Nitric Acid,2022-12-04T00:00,0.148,µg/m³,PM2.5,IC
50129,MONTRÉAL-RIVIÈRE-DES-PRAIRIES,Nitric Acid,2022-12-07T00:00,0.300,µg/m³,PM2.5,IC
50129,MONTRÉAL-RIVIÈRE-DES-PRAIRIES,Nitric Acid,2022-12-10T00:00,0.077,µg/m³,PM2.5,IC
50129,MONTRÉAL-RIVIÈRE-DES-PRAIRIES,Nitric Acid,2022-12-13T00:00,0.129,µg/m³,PM2.5,IC
50129,MONTRÉAL-RIVIÈRE-DES-PRAIRIES,Nitric Acid,2022-12-16T00:00,0.160,µg/m³,PM2.5,IC
50129,MONTRÉAL-RIVIÈRE-DES-PRAIRIES,Nitric Acid,2022-12-19T00:00,0.121,µg/m³,PM2.5,IC
