﻿NAPS_Site_ID,Station_Name,Pollutant,Date,Value,Units,Report_Type,Method
50104,ONTARIO,Decane,2002-01-02T00:00,0.080,µg/m³,VOC,
50104,ONTARIO,Decane,2002-01-08T00:00,0.930,µg/m³,VOC,
50104,ONTARIO,Decane,2002-01-14T00:00,0.240,µg/m³,VOC,
50104,ONTARIO,Decane,2002-01-20T00:00,0.410,µg/m³,VOC,
50104,ONTARIO,Decane,2002-01-26T00:00,0.230,µg/m³,VOC,
50104,ONTARIO,Decane,2002-02-01T00:00,0.220,µg/m³,VOC,
50104,ONTARIO,Decane,2002-02-07T00:00,0.700,µg/m³,VOC,
50104,ONTARIO,Decane,2002-02-13T00:00,0.170,µg/m³,VOC,
50104,ONTARIO,Decane,2002-02-19T00:00,0.570,µg/m³,VOC,
50104,ONTARIO,Decane,2002-02-25T00:00,0.660,µg/m³,VOC,
50104,ONTARIO,Decane,2002-03-03T00:00,0.160,µg/m³,VOC,
50104,ONTARIO,Decane,2002-03-09T00:00,0.440,µg/m³,VOC,
50104,ONTARIO,Decane,2002-03-15T00:00,0.150,µg/m³,VOC,
50104,ONTARIO,Decane,2002-03-21T00:00,0.230,µg/m³,VOC,
50104,ONTARIO,Decane,2002-03-27T00:00,0.300,µg/m³,VOC,
50104,ONTARIO,Decane,2002-04-02T00:00,0.190,µg/m³,VOC,
50104,ONTARIO,Decane,2002-04-08T00:00,0.530,µg/m³,VOC,
50104,ONTARIO,Decane,2002-04-14T00:00,0.360,µg/m³,VOC,
50104,ONTARIO,Decane,2002-04-20T00:00,0.119,µg/m³,VOC,
50104,ONTARIO,Decane,2002-04-26T00:00,0.223,µg/m³,VOC,
50104,ONTARIO,Decane,2002-05-02T00:00,0.268,µg/m³,VOC,
50104,ONTARIO,Decane,2002-05-08T00:00,0.259,µg/m³,VOC,
50104,ONTARIO,Decane,2002-05-14T00:00,0.193,µg/m³,VOC,
50104,ONTARIO,Decane,2002-05-20T00:00,0.195,µg/m³,VOC,
50104,ONTARIO,Decane,2002-05-26T00:00,0.140,µg/m³,VOC,
50104,ONTARIO,Decane,2002-06-01T00:00,0.256,µg/m³,VOC,
50104,ONTARIO,Decane,2002-06-07T00:00,0.401,µg/m³,VOC,
50104,ONTARIO,Decane,2002-06-13T00:00,0.454,µg/m³,VOC,
50104,ONTARIO,Decane,2002-06-19T00:00,1.031,µg/m³,VOC,
50104,ONTARIO,Decane,2002-06-25T00:00,0.833,µg/m³,VOC,
50104,ONTARIO,Decane,2002-07-01T00:00,0.256,µg/m³,VOC,
50104,ONTARIO,Decane,2002-07-07T00:00,1.199,µg/m³,VOC,
50104,ONTARIO,Decane,2002-07-13T00:00,0.191,µg/m³,VOC,
50104,ONTARIO,Decane,2002-07-19T00:00,0.847,µg/m³,VOC,
50104,ONTARIO,Decane,2002-07-25T00:00,0.500,µg/m³,VOC,
50104,ONTARIO,Decane,2002-07-31T00:00,0.327,µg/m³,VOC,
50104,ONTARIO,Decane,2002-08-06T00:00,0.146,µg/m³,VOC,
50104,ONTARIO,Decane,2002-08-12T00:00,0.330,µg/m³,VOC,
50104,ONTARIO,Decane,2002-08-24T00:00,0.193,µg/m³,VOC,
50104,ONTARIO,Decane,2002-08-30T00:00,0.370,µg/m³,VOC,
50104,ONTARIO,Decane,2002-09-05T00:00,0.149,µg/m³,VOC,
50104,ONTARIO,Decane,2002-09-11T00:00,0.161,µg/m³,VOC,
50104,ONTARIO,Decane,2002-09-17T00:00,0.230,µg/m³,VOC,
50104,ONTARIO,Decane,2002-09-23T00:00,0.187,µg/m³,VOC,
50104,ONTARIO,Decane,2002-09-29T00:00,0.208,µg/m³,VOC,
50104,ONTARIO,Decane,2002-10-05T00:00,0.098,µg/m³,VOC,
50104,ONTARIO,Decane,2002-10-11T00:00,0.158,µg/m³,VOC,
50104,ONTARIO,Decane,2002-10-17T00:00,0.151,µg/m³,VOC,
50104,ONTARIO,Decane,2002-10-23T00:00,0.614,µg/m³,VOC,
50104,ONTARIO,Decane,2002-10-29T00:00,0.277,µg/m³,VOC,
50104,ONTARIO,Decane,2002-11-10T00:00,0.261,µg/m³,VOC,
50104,ONTARIO,Decane,2002-11-16T00:00,0.070,µg/m³,VOC,
50104,ONTARIO,Decane,2002-11-22T00:00,0.526,µg/m³,VOC,
50104,ONTARIO,Decane,2002-11-28T00:00,0.142,µg/m³,VOC,
50104,ONTARIO,Decane,2002-12-04T00:00,0.105,µg/m³,VOC,
50104,ONTARIO,Decane,2002-12-10T00:00,0.094,µg/m³,VOC,
50104,ONTARIO,Decane,2002-12-16T00:00,0.277,µg/m³,VOC,
50104,ONTARIO,Decane,2002-12-22T00:00,0.126,µg/m³,VOC,
50104,ONTARIO,Decane,2002-12-28T00:00,0.162,µg/m³,VOC,
