﻿NAPS_Site_ID,Station_Name,Pollutant,Date,Value,Units,Report_Type,Method
90132,EDMONTON MCINTYRE,Potassium,2020-01-01T00:00,0.129,µg/m³,PM2.5,ED-XRF
90132,EDMONTON MCINTYRE,Potassium,2020-01-04T00:00,0.023,µg/m³,PM2.5,ED-XRF
90132,EDMONTON MCINTYRE,Potassium,2020-01-07T00:00,0.035,µg/m³,PM2.5,ED-XRF
90132,EDMONTON MCINTYRE,Potassium,2020-01-10T00:00,0.045,µg/m³,PM2.5,ED-XRF
90132,EDMONTON MCINTYRE,Potassium,2020-01-13T00:00,0.030,µg/m³,PM2.5,ED-XRF
90132,EDMONTON MCINTYRE,Potassium,2020-01-16T00:00,0.054,µg/m³,PM2.5,ED-XRF
90132,EDMONTON MCINTYRE,Potassium,2020-01-19T00:00,0.042,µg/m³,PM2.5,ED-XRF
90132,EDMONTON MCINTYRE,Potassium,2020-01-22T00:00,0.054,µg/m³,PM2.5,ED-XRF
90132,EDMONTON MCINTYRE,Potassium,2020-01-25T00:00,0.155,µg/m³,PM2.5,ED-XRF
90132,EDMONTON MCINTYRE,Potassium,2020-01-28T00:00,0.094,µg/m³,PM2.5,ED-XRF
90132,EDMONTON MCINTYRE,Potassium,2020-01-31T00:00,0.034,µg/m³,PM2.5,ED-XRF
90132,EDMONTON MCINTYRE,Potassium,2020-02-03T00:00,0.078,µg/m³,PM2.5,ED-XRF
90132,EDMONTON MCINTYRE,Potassium,2020-02-06T00:00,0.026,µg/m³,PM2.5,ED-XRF
90132,EDMONTON MCINTYRE,Potassium,2020-02-09T00:00,0.016,µg/m³,PM2.5,ED-XRF
90132,EDMONTON MCINTYRE,Potassium,2020-02-12T00:00,0.022,µg/m³,PM2.5,ED-XRF
90132,EDMONTON MCINTYRE,Potassium,2020-02-15T00:00,0.040,µg/m³,PM2.5,ED-XRF
90132,EDMONTON MCINTYRE,Potassium,2020-02-18T00:00,0.040,µg/m³,PM2.5,ED-XRF
90132,EDMONTON MCINTYRE,Potassium,2020-02-21T00:00,0.076,µg/m³,PM2.5,ED-XRF
90132,EDMONTON MCINTYRE,Potassium,2020-02-24T00:00,0.068,µg/m³,PM2.5,ED-XRF
90132,EDMONTON MCINTYRE,Potassium,2020-02-27T00:00,0.037,µg/m³,PM2.5,ED-XRF
90132,EDMONTON MCINTYRE,Potassium,2020-03-01T00:00,0.030,µg/m³,PM2.5,ED-XRF
90132,EDMONTON MCINTYRE,Potassium,2020-03-04T00:00,0.032,µg/m³,PM2.5,ED-XRF
90132,EDMONTON MCINTYRE,Potassium,2020-03-07T00:00,0.034,µg/m³,PM2.5,ED-XRF
90132,EDMONTON MCINTYRE,Potassium,2020-03-10T00:00,0.036,µg/m³,PM2.5,ED-XRF
90132,EDMONTON MCINTYRE,Potassium,2020-03-13T00:00,0.061,µg/m³,PM2.5,ED-XRF
90132,EDMONTON MCINTYRE,Potassium,2020-03-16T00:00,0.046,µg/m³,PM2.5,ED-XRF
90132,EDMONTON MCINTYRE,Potassium,2020-03-19T00:00,0.050,µg/m³,PM2.5,ED-XRF
90132,EDMONTON MCINTYRE,Potassium,2020-03-22T00:00,0.028,µg/m³,PM2.5,ED-XRF
90132,EDMONTON MCINTYRE,Potassium,2020-03-25T00:00,0.029,µg/m³,PM2.5,ED-XRF
90132,EDMONTON MCINTYRE,Potassium,2020-03-28T00:00,0.037,µg/m³,PM2.5,ED-XRF
90132,EDMONTON MCINTYRE,Potassium,2020-03-31T00:00,0.037,µg/m³,PM2.5,ED-XRF
90132,EDMONTON MCINTYRE,Potassium,2020-04-03T00:00,0.025,µg/m³,PM2.5,ED-XRF
90132,EDMONTON MCINTYRE,Potassium,2020-04-06T00:00,0.037,µg/m³,PM2.5,ED-XRF
90132,EDMONTON MCINTYRE,Potassium,2020-05-06T00:00,0.023,µg/m³,PM2.5,ED-XRF
90132,EDMONTON MCINTYRE,Potassium,2020-05-09T00:00,0.038,µg/m³,PM2.5,ED-XRF
90132,EDMONTON MCINTYRE,Potassium,2020-05-12T00:00,0.040,µg/m³,PM2.5,ED-XRF
90132,EDMONTON MCINTYRE,Potassium,2020-05-15T00:00,0.053,µg/m³,PM2.5,ED-XRF
90132,EDMONTON MCINTYRE,Potassium,2020-05-18T00:00,0.035,µg/m³,PM2.5,ED-XRF
90132,EDMONTON MCINTYRE,Potassium,2020-05-21T00:00,0.019,µg/m³,PM2.5,ED-XRF
90132,EDMONTON MCINTYRE,Potassium,2020-05-24T00:00,0.041,µg/m³,PM2.5,ED-XRF
90132,EDMONTON MCINTYRE,Potassium,2020-05-27T00:00,0.025,µg/m³,PM2.5,ED-XRF
90132,EDMONTON MCINTYRE,Potassium,2020-05-30T00:00,0.044,µg/m³,PM2.5,ED-XRF
90132,EDMONTON MCINTYRE,Potassium,2020-06-02T00:00,0.038,µg/m³,PM2.5,ED-XRF
90132,EDMONTON MCINTYRE,Potassium,2020-06-05T00:00,0.051,µg/m³,PM2.5,ED-XRF
90132,EDMONTON MCINTYRE,Potassium,2020-06-08T00:00,0.020,µg/m³,PM2.5,ED-XRF
90132,EDMONTON MCINTYRE,Potassium,2020-06-11T00:00,0.045,µg/m³,PM2.5,ED-XRF
90132,EDMONTON MCINTYRE,Potassium,2020-06-14T00:00,0.015,µg/m³,PM2.5,ED-XRF
90132,EDMONTON MCINTYRE,Potassium,2020-06-17T00:00,0.032,µg/m³,PM2.5,ED-XRF
90132,EDMONTON MCINTYRE,Potassium,2020-06-20T00:00,0.056,µg/m³,PM2.5,ED-XRF
90132,EDMONTON MCINTYRE,Potassium,2020-07-14T00:00,0.025,µg/m³,PM2.5,ED-XRF
90132,EDMONTON MCINTYRE,Potassium,2020-07-17T00:00,0.016,µg/m³,PM2.5,ED-XRF
90132,EDMONTON MCINTYRE,Potassium,2020-07-20T00:00,0.023,µg/m³,PM2.5,ED-XRF
90132,EDMONTON MCINTYRE,Potassium,2020-07-23T00:00,0.025,µg/m³,PM2.5,ED-XRF
90132,EDMONTON MCINTYRE,Potassium,2020-07-26T00:00,0.032,µg/m³,PM2.5,ED-XRF
90132,EDMONTON MCINTYRE,Potassium,2020-07-29T00:00,0.038,µg/m³,PM2.5,ED-XRF
90132,EDMONTON MCINTYRE,Potassium,2020-08-01T00:00,0.032,µg/m³,PM2.5,ED-XRF
90132,EDMONTON MCINTYRE,Potassium,2020-08-04T00:00,0.022,µg/m³,PM2.5,ED-XRF
90132,EDMONTON MCINTYRE,Potassium,2020-08-07T00:00,0.018,µg/m³,PM2.5,ED-XRF
90132,EDMONTON MCINTYRE,Potassium,2020-08-10T00:00,0.021,µg/m³,PM2.5,ED-XRF
90132,EDMONTON MCINTYRE,Potassium,2020-08-13T00:00,0.024,µg/m³,PM2.5,ED-XRF
90132,EDMONTON MCINTYRE,Potassium,2020-08-16T00:00,0.058,µg/m³,PM2.5,ED-XRF
90132,EDMONTON MCINTYRE,Potassium,2020-08-19T00:00,0.050,µg/m³,PM2.5,ED-XRF
90132,EDMONTON MCINTYRE,Potassium,2020-08-22T00:00,0.023,µg/m³,PM2.5,ED-XRF
90132,EDMONTON MCINTYRE,Potassium,2020-08-25T00:00,0.023,µg/m³,PM2.5,ED-XRF
90132,EDMONTON MCINTYRE,Potassium,2020-08-28T00:00,0.032,µg/m³,PM2.5,ED-XRF
90132,EDMONTON MCINTYRE,Potassium,2020-08-31T00:00,0.023,µg/m³,PM2.5,ED-XRF
90132,EDMONTON MCINTYRE,Potassium,2020-09-03T00:00,0.038,µg/m³,PM2.5,ED-XRF
90132,EDMONTON MCINTYRE,Potassium,2020-09-06T00:00,0.038,µg/m³,PM2.5,ED-XRF
90132,EDMONTON MCINTYRE,Potassium,2020-09-09T00:00,0.041,µg/m³,PM2.5,ED-XRF
90132,EDMONTON MCINTYRE,Potassium,2020-09-12T00:00,0.027,µg/m³,PM2.5,ED-XRF
90132,EDMONTON MCINTYRE,Potassium,2020-09-15T00:00,0.037,µg/m³,PM2.5,ED-XRF
90132,EDMONTON MCINTYRE,Potassium,2020-09-18T00:00,0.154,µg/m³,PM2.5,ED-XRF
90132,EDMONTON MCINTYRE,Potassium,2020-09-21T00:00,0.060,µg/m³,PM2.5,ED-XRF
90132,EDMONTON MCINTYRE,Potassium,2020-09-24T00:00,0.065,µg/m³,PM2.5,ED-XRF
90132,EDMONTON MCINTYRE,Potassium,2020-09-27T00:00,0.042,µg/m³,PM2.5,ED-XRF
90132,EDMONTON MCINTYRE,Potassium,2020-09-30T00:00,0.081,µg/m³,PM2.5,ED-XRF
90132,EDMONTON MCINTYRE,Potassium,2020-10-03T00:00,0.144,µg/m³,PM2.5,ED-XRF
90132,EDMONTON MCINTYRE,Potassium,2020-10-06T00:00,0.086,µg/m³,PM2.5,ED-XRF
90132,EDMONTON MCINTYRE,Potassium,2020-10-09T00:00,0.023,µg/m³,PM2.5,ED-XRF
90132,EDMONTON MCINTYRE,Potassium,2020-10-12T00:00,0.030,µg/m³,PM2.5,ED-XRF
90132,EDMONTON MCINTYRE,Potassium,2020-10-15T00:00,0.044,µg/m³,PM2.5,ED-XRF
90132,EDMONTON MCINTYRE,Potassium,2020-10-21T00:00,0.057,µg/m³,PM2.5,ED-XRF
90132,EDMONTON MCINTYRE,Potassium,2020-10-24T00:00,0.030,µg/m³,PM2.5,ED-XRF
90132,EDMONTON MCINTYRE,Potassium,2020-10-27T00:00,0.025,µg/m³,PM2.5,ED-XRF
90132,EDMONTON MCINTYRE,Potassium,2020-10-30T00:00,0.032,µg/m³,PM2.5,ED-XRF
90132,EDMONTON MCINTYRE,Potassium,2020-11-02T00:00,0.058,µg/m³,PM2.5,ED-XRF
90132,EDMONTON MCINTYRE,Potassium,2020-11-05T00:00,0.041,µg/m³,PM2.5,ED-XRF
90132,EDMONTON MCINTYRE,Potassium,2020-11-08T00:00,0.067,µg/m³,PM2.5,ED-XRF
90132,EDMONTON MCINTYRE,Potassium,2020-11-11T00:00,0.048,µg/m³,PM2.5,ED-XRF
90132,EDMONTON MCINTYRE,Potassium,2020-11-14T00:00,0.209,µg/m³,PM2.5,ED-XRF
90132,EDMONTON MCINTYRE,Potassium,2020-11-17T00:00,0.049,µg/m³,PM2.5,ED-XRF
90132,EDMONTON MCINTYRE,Potassium,2020-11-20T00:00,0.098,µg/m³,PM2.5,ED-XRF
90132,EDMONTON MCINTYRE,Potassium,2020-11-23T00:00,0.072,µg/m³,PM2.5,ED-XRF
90132,EDMONTON MCINTYRE,Potassium,2020-11-26T00:00,0.041,µg/m³,PM2.5,ED-XRF
90132,EDMONTON MCINTYRE,Potassium,2020-11-29T00:00,0.057,µg/m³,PM2.5,ED-XRF
90132,EDMONTON MCINTYRE,Potassium,2020-12-02T00:00,0.063,µg/m³,PM2.5,ED-XRF
90132,EDMONTON MCINTYRE,Potassium,2020-12-11T00:00,0.032,µg/m³,PM2.5,ED-XRF
90132,EDMONTON MCINTYRE,Potassium,2020-12-14T00:00,0.131,µg/m³,PM2.5,ED-XRF
90132,EDMONTON MCINTYRE,Potassium,2020-12-17T00:00,0.131,µg/m³,PM2.5,ED-XRF
90132,EDMONTON MCINTYRE,Potassium,2020-12-20T00:00,0.022,µg/m³,PM2.5,ED-XRF
90132,EDMONTON MCINTYRE,Potassium,2020-12-23T00:00,0.039,µg/m³,PM2.5,ED-XRF
90132,EDMONTON MCINTYRE,Potassium,2020-12-26T00:00,0.065,µg/m³,PM2.5,ED-XRF
90132,EDMONTON MCINTYRE,Potassium,2020-12-29T00:00,0.036,µg/m³,PM2.5,ED-XRF
90132,EDMONTON MCINTYRE,Potassium,2020-01-01T00:00,0.112,µg/m³,PM2.5,IC
90132,EDMONTON MCINTYRE,Potassium,2020-01-04T00:00,0.017,µg/m³,PM2.5,IC
90132,EDMONTON MCINTYRE,Potassium,2020-01-07T00:00,0.025,µg/m³,PM2.5,IC
90132,EDMONTON MCINTYRE,Potassium,2020-01-10T00:00,0.023,µg/m³,PM2.5,IC
90132,EDMONTON MCINTYRE,Potassium,2020-01-22T00:00,0.040,µg/m³,PM2.5,IC
90132,EDMONTON MCINTYRE,Potassium,2020-01-25T00:00,0.126,µg/m³,PM2.5,IC
90132,EDMONTON MCINTYRE,Potassium,2020-01-28T00:00,0.068,µg/m³,PM2.5,IC
90132,EDMONTON MCINTYRE,Potassium,2020-01-31T00:00,0.025,µg/m³,PM2.5,IC
90132,EDMONTON MCINTYRE,Potassium,2020-02-03T00:00,0.056,µg/m³,PM2.5,IC
90132,EDMONTON MCINTYRE,Potassium,2020-02-06T00:00,0.025,µg/m³,PM2.5,IC
90132,EDMONTON MCINTYRE,Potassium,2020-02-09T00:00,0.019,µg/m³,PM2.5,IC
90132,EDMONTON MCINTYRE,Potassium,2020-02-12T00:00,0.019,µg/m³,PM2.5,IC
90132,EDMONTON MCINTYRE,Potassium,2020-02-15T00:00,0.031,µg/m³,PM2.5,IC
90132,EDMONTON MCINTYRE,Potassium,2020-02-18T00:00,0.006,µg/m³,PM2.5,IC
90132,EDMONTON MCINTYRE,Potassium,2020-02-21T00:00,0.055,µg/m³,PM2.5,IC
90132,EDMONTON MCINTYRE,Potassium,2020-02-24T00:00,0.045,µg/m³,PM2.5,IC
90132,EDMONTON MCINTYRE,Potassium,2020-02-27T00:00,0.023,µg/m³,PM2.5,IC
90132,EDMONTON MCINTYRE,Potassium,2020-03-01T00:00,0.020,µg/m³,PM2.5,IC
90132,EDMONTON MCINTYRE,Potassium,2020-03-04T00:00,0.023,µg/m³,PM2.5,IC
90132,EDMONTON MCINTYRE,Potassium,2020-03-07T00:00,0.022,µg/m³,PM2.5,IC
90132,EDMONTON MCINTYRE,Potassium,2020-03-10T00:00,0.022,µg/m³,PM2.5,IC
90132,EDMONTON MCINTYRE,Potassium,2020-03-13T00:00,0.048,µg/m³,PM2.5,IC
90132,EDMONTON MCINTYRE,Potassium,2020-03-16T00:00,0.026,µg/m³,PM2.5,IC
90132,EDMONTON MCINTYRE,Potassium,2020-03-19T00:00,0.031,µg/m³,PM2.5,IC
90132,EDMONTON MCINTYRE,Potassium,2020-03-22T00:00,0.017,µg/m³,PM2.5,IC
90132,EDMONTON MCINTYRE,Potassium,2020-03-25T00:00,0.005,µg/m³,PM2.5,IC
90132,EDMONTON MCINTYRE,Potassium,2020-03-28T00:00,0.020,µg/m³,PM2.5,IC
