﻿NAPS_Site_ID,Station_Name,Pollutant,Date,Value,Units,Report_Type,Method
101101,CHILLIWACK AIRPORT,"1,2-Dichloropropane",2010-01-08T00:00,0.023,µg/m³,VOC,N/A
101101,CHILLIWACK AIRPORT,"1,2-Dichloropropane",2010-01-20T00:00,0.020,µg/m³,VOC,N/A
101101,CHILLIWACK AIRPORT,"1,2-Dichloropropane",2010-02-01T00:00,0.022,µg/m³,VOC,N/A
101101,CHILLIWACK AIRPORT,"1,2-Dichloropropane",2010-02-13T00:00,0.022,µg/m³,VOC,N/A
101101,CHILLIWACK AIRPORT,"1,2-Dichloropropane",2010-02-25T00:00,0.023,µg/m³,VOC,N/A
101101,CHILLIWACK AIRPORT,"1,2-Dichloropropane",2010-03-09T00:00,0.028,µg/m³,VOC,N/A
101101,CHILLIWACK AIRPORT,"1,2-Dichloropropane",2010-03-21T00:00,0.026,µg/m³,VOC,N/A
101101,CHILLIWACK AIRPORT,"1,2-Dichloropropane",2010-04-02T00:00,0.027,µg/m³,VOC,N/A
101101,CHILLIWACK AIRPORT,"1,2-Dichloropropane",2010-04-14T00:00,0.026,µg/m³,VOC,N/A
101101,CHILLIWACK AIRPORT,"1,2-Dichloropropane",2010-04-26T00:00,0.020,µg/m³,VOC,N/A
101101,CHILLIWACK AIRPORT,"1,2-Dichloropropane",2010-05-08T00:00,0.020,µg/m³,VOC,N/A
101101,CHILLIWACK AIRPORT,"1,2-Dichloropropane",2010-05-20T00:00,0.021,µg/m³,VOC,N/A
101101,CHILLIWACK AIRPORT,"1,2-Dichloropropane",2010-06-01T00:00,0.014,µg/m³,VOC,N/A
101101,CHILLIWACK AIRPORT,"1,2-Dichloropropane",2010-06-13T00:00,0.000,µg/m³,VOC,N/A
101101,CHILLIWACK AIRPORT,"1,2-Dichloropropane",2010-06-25T00:00,0.000,µg/m³,VOC,N/A
101101,CHILLIWACK AIRPORT,"1,2-Dichloropropane",2010-07-07T00:00,0.010,µg/m³,VOC,N/A
101101,CHILLIWACK AIRPORT,"1,2-Dichloropropane",2010-07-19T00:00,0.009,µg/m³,VOC,N/A
101101,CHILLIWACK AIRPORT,"1,2-Dichloropropane",2010-07-31T00:00,0.000,µg/m³,VOC,N/A
101101,CHILLIWACK AIRPORT,"1,2-Dichloropropane",2010-08-12T00:00,0.000,µg/m³,VOC,N/A
101101,CHILLIWACK AIRPORT,"1,2-Dichloropropane",2010-08-24T00:00,0.005,µg/m³,VOC,N/A
101101,CHILLIWACK AIRPORT,"1,2-Dichloropropane",2010-09-05T00:00,0.000,µg/m³,VOC,N/A
101101,CHILLIWACK AIRPORT,"1,2-Dichloropropane",2010-09-17T00:00,0.000,µg/m³,VOC,N/A
101101,CHILLIWACK AIRPORT,"1,2-Dichloropropane",2010-09-29T00:00,0.000,µg/m³,VOC,N/A
101101,CHILLIWACK AIRPORT,"1,2-Dichloropropane",2010-10-11T00:00,0.000,µg/m³,VOC,N/A
101101,CHILLIWACK AIRPORT,"1,2-Dichloropropane",2010-10-23T00:00,0.015,µg/m³,VOC,N/A
101101,CHILLIWACK AIRPORT,"1,2-Dichloropropane",2010-11-04T00:00,0.013,µg/m³,VOC,N/A
101101,CHILLIWACK AIRPORT,"1,2-Dichloropropane",2010-11-16T00:00,0.026,µg/m³,VOC,N/A
101101,CHILLIWACK AIRPORT,"1,2-Dichloropropane",2010-12-10T00:00,0.026,µg/m³,VOC,N/A
101101,CHILLIWACK AIRPORT,"1,2-Dichloropropane",2010-12-22T00:00,0.023,µg/m³,VOC,N/A
