﻿NAPS_Site_ID,Station_Name,Pollutant,Date,Value,Units,Report_Type,Method
52601,VARENNES-CHEMIN DE LA BARONNIE,1-Hexene,1994-06-17T00:00,0.000,µg/m³,VOC,
52601,VARENNES-CHEMIN DE LA BARONNIE,1-Hexene,1994-06-17T00:00,0.000,µg/m³,VOC,
52601,VARENNES-CHEMIN DE LA BARONNIE,1-Hexene,1994-06-17T00:00,0.000,µg/m³,VOC,
52601,VARENNES-CHEMIN DE LA BARONNIE,1-Hexene,1994-06-17T00:00,0.000,µg/m³,VOC,
52601,VARENNES-CHEMIN DE LA BARONNIE,1-Hexene,1994-06-17T00:00,0.000,µg/m³,VOC,
52601,VARENNES-CHEMIN DE LA BARONNIE,1-Hexene,1994-06-17T00:00,0.000,µg/m³,VOC,
52601,VARENNES-CHEMIN DE LA BARONNIE,1-Hexene,1994-06-17T00:00,0.000,µg/m³,VOC,
52601,VARENNES-CHEMIN DE LA BARONNIE,1-Hexene,1994-06-17T00:00,0.000,µg/m³,VOC,
52601,VARENNES-CHEMIN DE LA BARONNIE,1-Hexene,1994-06-19T00:00,0.000,µg/m³,VOC,
52601,VARENNES-CHEMIN DE LA BARONNIE,1-Hexene,1994-06-22T00:00,0.000,µg/m³,VOC,
52601,VARENNES-CHEMIN DE LA BARONNIE,1-Hexene,1994-06-25T00:00,0.047,µg/m³,VOC,
52601,VARENNES-CHEMIN DE LA BARONNIE,1-Hexene,1994-06-28T00:00,0.030,µg/m³,VOC,
52601,VARENNES-CHEMIN DE LA BARONNIE,1-Hexene,1994-07-01T00:00,0.135,µg/m³,VOC,
52601,VARENNES-CHEMIN DE LA BARONNIE,1-Hexene,1994-07-05T00:00,0.000,µg/m³,VOC,
52601,VARENNES-CHEMIN DE LA BARONNIE,1-Hexene,1994-07-07T00:00,0.000,µg/m³,VOC,
52601,VARENNES-CHEMIN DE LA BARONNIE,1-Hexene,1994-07-13T00:00,0.000,µg/m³,VOC,
52601,VARENNES-CHEMIN DE LA BARONNIE,1-Hexene,1994-07-19T00:00,0.087,µg/m³,VOC,
52601,VARENNES-CHEMIN DE LA BARONNIE,1-Hexene,1994-07-26T00:00,0.044,µg/m³,VOC,
52601,VARENNES-CHEMIN DE LA BARONNIE,1-Hexene,1994-07-28T00:00,0.032,µg/m³,VOC,
52601,VARENNES-CHEMIN DE LA BARONNIE,1-Hexene,1994-07-31T00:00,0.030,µg/m³,VOC,
52601,VARENNES-CHEMIN DE LA BARONNIE,1-Hexene,1994-08-06T00:00,0.022,µg/m³,VOC,
52601,VARENNES-CHEMIN DE LA BARONNIE,1-Hexene,1994-08-12T00:00,0.027,µg/m³,VOC,
52601,VARENNES-CHEMIN DE LA BARONNIE,1-Hexene,1994-08-18T00:00,0.040,µg/m³,VOC,
52601,VARENNES-CHEMIN DE LA BARONNIE,1-Hexene,1994-08-24T00:00,0.121,µg/m³,VOC,
52601,VARENNES-CHEMIN DE LA BARONNIE,1-Hexene,1994-08-30T00:00,0.000,µg/m³,VOC,
52601,VARENNES-CHEMIN DE LA BARONNIE,1-Hexene,1994-09-05T00:00,0.032,µg/m³,VOC,
52601,VARENNES-CHEMIN DE LA BARONNIE,1-Hexene,1994-09-11T00:00,0.028,µg/m³,VOC,
52601,VARENNES-CHEMIN DE LA BARONNIE,1-Hexene,1994-09-17T00:00,0.000,µg/m³,VOC,
52601,VARENNES-CHEMIN DE LA BARONNIE,1-Hexene,1994-09-23T00:00,0.000,µg/m³,VOC,
52601,VARENNES-CHEMIN DE LA BARONNIE,1-Hexene,1994-09-29T00:00,0.068,µg/m³,VOC,
52601,VARENNES-CHEMIN DE LA BARONNIE,1-Hexene,1994-10-05T00:00,0.000,µg/m³,VOC,
52601,VARENNES-CHEMIN DE LA BARONNIE,1-Hexene,1994-10-11T00:00,0.062,µg/m³,VOC,
52601,VARENNES-CHEMIN DE LA BARONNIE,1-Hexene,1994-10-17T00:00,0.076,µg/m³,VOC,
52601,VARENNES-CHEMIN DE LA BARONNIE,1-Hexene,1994-10-23T00:00,0.140,µg/m³,VOC,
52601,VARENNES-CHEMIN DE LA BARONNIE,1-Hexene,1994-10-29T00:00,0.072,µg/m³,VOC,
52601,VARENNES-CHEMIN DE LA BARONNIE,1-Hexene,1994-11-04T00:00,0.072,µg/m³,VOC,
52601,VARENNES-CHEMIN DE LA BARONNIE,1-Hexene,1994-11-10T00:00,0.000,µg/m³,VOC,
52601,VARENNES-CHEMIN DE LA BARONNIE,1-Hexene,1994-11-16T00:00,0.140,µg/m³,VOC,
52601,VARENNES-CHEMIN DE LA BARONNIE,1-Hexene,1994-11-22T00:00,0.000,µg/m³,VOC,
52601,VARENNES-CHEMIN DE LA BARONNIE,1-Hexene,1994-11-28T00:00,0.000,µg/m³,VOC,
52601,VARENNES-CHEMIN DE LA BARONNIE,1-Hexene,1994-12-04T00:00,0.113,µg/m³,VOC,
52601,VARENNES-CHEMIN DE LA BARONNIE,1-Hexene,1994-12-10T00:00,0.614,µg/m³,VOC,
52601,VARENNES-CHEMIN DE LA BARONNIE,1-Hexene,1994-12-16T00:00,0.051,µg/m³,VOC,
52601,VARENNES-CHEMIN DE LA BARONNIE,1-Hexene,1994-12-22T00:00,0.273,µg/m³,VOC,
52601,VARENNES-CHEMIN DE LA BARONNIE,1-Hexene,1994-12-28T00:00,0.127,µg/m³,VOC,
