﻿NAPS_Site_ID,Station_Name,Pollutant,Date,Value,Units,Report_Type,Method
60104,OTTAWA DOWNTOWN,Methylcyclopentane,2002-01-02T00:00,0.250,µg/m³,VOC,
60104,OTTAWA DOWNTOWN,Methylcyclopentane,2002-01-08T00:00,0.510,µg/m³,VOC,
60104,OTTAWA DOWNTOWN,Methylcyclopentane,2002-01-14T00:00,0.280,µg/m³,VOC,
60104,OTTAWA DOWNTOWN,Methylcyclopentane,2002-01-20T00:00,0.470,µg/m³,VOC,
60104,OTTAWA DOWNTOWN,Methylcyclopentane,2002-01-26T00:00,0.280,µg/m³,VOC,
60104,OTTAWA DOWNTOWN,Methylcyclopentane,2002-02-01T00:00,0.300,µg/m³,VOC,
60104,OTTAWA DOWNTOWN,Methylcyclopentane,2002-02-07T00:00,0.640,µg/m³,VOC,
60104,OTTAWA DOWNTOWN,Methylcyclopentane,2002-02-13T00:00,0.400,µg/m³,VOC,
60104,OTTAWA DOWNTOWN,Methylcyclopentane,2002-02-19T00:00,0.880,µg/m³,VOC,
60104,OTTAWA DOWNTOWN,Methylcyclopentane,2002-02-25T00:00,0.720,µg/m³,VOC,
60104,OTTAWA DOWNTOWN,Methylcyclopentane,2002-03-03T00:00,0.360,µg/m³,VOC,
60104,OTTAWA DOWNTOWN,Methylcyclopentane,2002-03-09T00:00,0.480,µg/m³,VOC,
60104,OTTAWA DOWNTOWN,Methylcyclopentane,2002-03-15T00:00,0.180,µg/m³,VOC,
60104,OTTAWA DOWNTOWN,Methylcyclopentane,2002-03-21T00:00,0.110,µg/m³,VOC,
60104,OTTAWA DOWNTOWN,Methylcyclopentane,2002-03-27T00:00,0.290,µg/m³,VOC,
60104,OTTAWA DOWNTOWN,Methylcyclopentane,2002-04-02T00:00,0.140,µg/m³,VOC,
60104,OTTAWA DOWNTOWN,Methylcyclopentane,2002-04-08T00:00,0.590,µg/m³,VOC,
60104,OTTAWA DOWNTOWN,Methylcyclopentane,2002-04-14T00:00,0.287,µg/m³,VOC,
60104,OTTAWA DOWNTOWN,Methylcyclopentane,2002-04-20T00:00,0.063,µg/m³,VOC,
60104,OTTAWA DOWNTOWN,Methylcyclopentane,2002-04-26T00:00,0.129,µg/m³,VOC,
60104,OTTAWA DOWNTOWN,Methylcyclopentane,2002-05-02T00:00,0.457,µg/m³,VOC,
60104,OTTAWA DOWNTOWN,Methylcyclopentane,2002-05-08T00:00,0.195,µg/m³,VOC,
60104,OTTAWA DOWNTOWN,Methylcyclopentane,2002-05-14T00:00,0.090,µg/m³,VOC,
60104,OTTAWA DOWNTOWN,Methylcyclopentane,2002-05-20T00:00,0.078,µg/m³,VOC,
60104,OTTAWA DOWNTOWN,Methylcyclopentane,2002-05-26T00:00,0.105,µg/m³,VOC,
60104,OTTAWA DOWNTOWN,Methylcyclopentane,2002-06-01T00:00,0.161,µg/m³,VOC,
60104,OTTAWA DOWNTOWN,Methylcyclopentane,2002-06-07T00:00,0.284,µg/m³,VOC,
60104,OTTAWA DOWNTOWN,Methylcyclopentane,2002-06-13T00:00,0.311,µg/m³,VOC,
60104,OTTAWA DOWNTOWN,Methylcyclopentane,2002-06-19T00:00,0.531,µg/m³,VOC,
60104,OTTAWA DOWNTOWN,Methylcyclopentane,2002-06-25T00:00,0.726,µg/m³,VOC,
60104,OTTAWA DOWNTOWN,Methylcyclopentane,2002-07-01T00:00,0.407,µg/m³,VOC,
60104,OTTAWA DOWNTOWN,Methylcyclopentane,2002-07-07T00:00,0.228,µg/m³,VOC,
60104,OTTAWA DOWNTOWN,Methylcyclopentane,2002-07-13T00:00,0.272,µg/m³,VOC,
