﻿NAPS_Site_ID,Station_Name,Pollutant,Date,Value,Units,Report_Type,Method
62601,EXPERIMENTAL FARM _SIMCOE_,Isopentane,2015-01-05T19:00,0.865,µg/m³,VOC,GC-MS
62601,EXPERIMENTAL FARM _SIMCOE_,Isopentane,2015-01-11T19:00,0.733,µg/m³,VOC,GC-MS
62601,EXPERIMENTAL FARM _SIMCOE_,Isopentane,2015-01-23T19:00,1.196,µg/m³,VOC,GC-MS
62601,EXPERIMENTAL FARM _SIMCOE_,Isopentane,2015-01-29T19:00,0.538,µg/m³,VOC,GC-MS
62601,EXPERIMENTAL FARM _SIMCOE_,Isopentane,2015-02-04T19:00,0.416,µg/m³,VOC,GC-MS
62601,EXPERIMENTAL FARM _SIMCOE_,Isopentane,2015-02-10T19:00,1.055,µg/m³,VOC,GC-MS
62601,EXPERIMENTAL FARM _SIMCOE_,Isopentane,2015-02-16T19:00,0.825,µg/m³,VOC,GC-MS
62601,EXPERIMENTAL FARM _SIMCOE_,Isopentane,2015-02-22T19:00,0.534,µg/m³,VOC,GC-MS
62601,EXPERIMENTAL FARM _SIMCOE_,Isopentane,2015-03-06T19:00,0.728,µg/m³,VOC,GC-MS
62601,EXPERIMENTAL FARM _SIMCOE_,Isopentane,2015-03-12T20:00,1.883,µg/m³,VOC,GC-MS
62601,EXPERIMENTAL FARM _SIMCOE_,Isopentane,2015-03-18T20:00,0.322,µg/m³,VOC,GC-MS
62601,EXPERIMENTAL FARM _SIMCOE_,Isopentane,2015-03-24T20:00,1.670,µg/m³,VOC,GC-MS
62601,EXPERIMENTAL FARM _SIMCOE_,Isopentane,2015-03-30T20:00,0.399,µg/m³,VOC,GC-MS
62601,EXPERIMENTAL FARM _SIMCOE_,Isopentane,2015-04-05T20:00,0.392,µg/m³,VOC,GC-MS
62601,EXPERIMENTAL FARM _SIMCOE_,Isopentane,2015-04-11T20:00,1.562,µg/m³,VOC,GC-MS
62601,EXPERIMENTAL FARM _SIMCOE_,Isopentane,2015-04-17T20:00,0.672,µg/m³,VOC,GC-MS
62601,EXPERIMENTAL FARM _SIMCOE_,Isopentane,2015-04-23T20:00,0.368,µg/m³,VOC,GC-MS
62601,EXPERIMENTAL FARM _SIMCOE_,Isopentane,2015-04-29T20:00,0.956,µg/m³,VOC,GC-MS
62601,EXPERIMENTAL FARM _SIMCOE_,Isopentane,2015-05-05T20:00,0.705,µg/m³,VOC,GC-MS
62601,EXPERIMENTAL FARM _SIMCOE_,Isopentane,2015-06-16T20:00,0.459,µg/m³,VOC,GC-MS
62601,EXPERIMENTAL FARM _SIMCOE_,Isopentane,2015-06-22T20:00,0.396,µg/m³,VOC,GC-MS
62601,EXPERIMENTAL FARM _SIMCOE_,Isopentane,2015-06-28T20:00,0.853,µg/m³,VOC,GC-MS
62601,EXPERIMENTAL FARM _SIMCOE_,Isopentane,2015-07-04T20:00,1.078,µg/m³,VOC,GC-MS
62601,EXPERIMENTAL FARM _SIMCOE_,Isopentane,2015-07-10T20:00,0.702,µg/m³,VOC,GC-MS
62601,EXPERIMENTAL FARM _SIMCOE_,Isopentane,2015-07-16T20:00,1.237,µg/m³,VOC,GC-MS
62601,EXPERIMENTAL FARM _SIMCOE_,Isopentane,2015-07-22T20:00,0.777,µg/m³,VOC,GC-MS
62601,EXPERIMENTAL FARM _SIMCOE_,Isopentane,2015-07-28T20:00,1.060,µg/m³,VOC,GC-MS
62601,EXPERIMENTAL FARM _SIMCOE_,Isopentane,2015-08-03T20:00,1.129,µg/m³,VOC,GC-MS
62601,EXPERIMENTAL FARM _SIMCOE_,Isopentane,2015-08-09T20:00,0.894,µg/m³,VOC,GC-MS
62601,EXPERIMENTAL FARM _SIMCOE_,Isopentane,2015-08-15T20:00,1.313,µg/m³,VOC,GC-MS
62601,EXPERIMENTAL FARM _SIMCOE_,Isopentane,2015-08-21T20:00,0.921,µg/m³,VOC,GC-MS
62601,EXPERIMENTAL FARM _SIMCOE_,Isopentane,2015-08-27T20:00,0.968,µg/m³,VOC,GC-MS
62601,EXPERIMENTAL FARM _SIMCOE_,Isopentane,2015-09-02T20:00,1.232,µg/m³,VOC,GC-MS
62601,EXPERIMENTAL FARM _SIMCOE_,Isopentane,2015-09-08T20:00,0.572,µg/m³,VOC,GC-MS
62601,EXPERIMENTAL FARM _SIMCOE_,Isopentane,2015-09-14T20:00,1.105,µg/m³,VOC,GC-MS
62601,EXPERIMENTAL FARM _SIMCOE_,Isopentane,2015-09-20T20:00,0.493,µg/m³,VOC,GC-MS
62601,EXPERIMENTAL FARM _SIMCOE_,Isopentane,2015-09-26T20:00,0.580,µg/m³,VOC,GC-MS
62601,EXPERIMENTAL FARM _SIMCOE_,Isopentane,2015-10-02T20:00,0.145,µg/m³,VOC,GC-MS
62601,EXPERIMENTAL FARM _SIMCOE_,Isopentane,2015-10-14T20:00,0.783,µg/m³,VOC,GC-MS
62601,EXPERIMENTAL FARM _SIMCOE_,Isopentane,2015-10-20T20:00,1.119,µg/m³,VOC,GC-MS
62601,EXPERIMENTAL FARM _SIMCOE_,Isopentane,2015-10-26T20:00,0.660,µg/m³,VOC,GC-MS
62601,EXPERIMENTAL FARM _SIMCOE_,Isopentane,2015-11-01T19:00,0.766,µg/m³,VOC,GC-MS
62601,EXPERIMENTAL FARM _SIMCOE_,Isopentane,2015-11-07T19:00,0.733,µg/m³,VOC,GC-MS
62601,EXPERIMENTAL FARM _SIMCOE_,Isopentane,2015-11-13T19:00,0.676,µg/m³,VOC,GC-MS
62601,EXPERIMENTAL FARM _SIMCOE_,Isopentane,2015-11-19T19:00,0.878,µg/m³,VOC,GC-MS
62601,EXPERIMENTAL FARM _SIMCOE_,Isopentane,2015-11-25T19:00,0.826,µg/m³,VOC,GC-MS
62601,EXPERIMENTAL FARM _SIMCOE_,Isopentane,2015-12-01T19:00,1.350,µg/m³,VOC,GC-MS
62601,EXPERIMENTAL FARM _SIMCOE_,Isopentane,2015-12-07T19:00,1.680,µg/m³,VOC,GC-MS
62601,EXPERIMENTAL FARM _SIMCOE_,Isopentane,2015-12-13T19:00,1.096,µg/m³,VOC,GC-MS
62601,EXPERIMENTAL FARM _SIMCOE_,Isopentane,2015-12-19T19:00,0.902,µg/m³,VOC,GC-MS
62601,EXPERIMENTAL FARM _SIMCOE_,Isopentane,2015-12-25T19:00,0.785,µg/m³,VOC,GC-MS
62601,EXPERIMENTAL FARM _SIMCOE_,Isopentane,2015-01-02T19:00,0.998,µg/m³,VOC_4HR,GC-MS
62601,EXPERIMENTAL FARM _SIMCOE_,Isopentane,2015-01-05T19:00,0.998,µg/m³,VOC_4HR,GC-MS
62601,EXPERIMENTAL FARM _SIMCOE_,Isopentane,2015-01-08T19:00,0.967,µg/m³,VOC_4HR,GC-MS
62601,EXPERIMENTAL FARM _SIMCOE_,Isopentane,2015-01-11T19:00,1.022,µg/m³,VOC_4HR,GC-MS
62601,EXPERIMENTAL FARM _SIMCOE_,Isopentane,2015-01-14T19:00,0.639,µg/m³,VOC_4HR,GC-MS
62601,EXPERIMENTAL FARM _SIMCOE_,Isopentane,2015-01-17T19:00,0.950,µg/m³,VOC_4HR,GC-MS
62601,EXPERIMENTAL FARM _SIMCOE_,Isopentane,2015-01-20T19:00,0.431,µg/m³,VOC_4HR,GC-MS
62601,EXPERIMENTAL FARM _SIMCOE_,Isopentane,2015-01-23T19:00,1.002,µg/m³,VOC_4HR,GC-MS
62601,EXPERIMENTAL FARM _SIMCOE_,Isopentane,2015-01-26T19:00,0.454,µg/m³,VOC_4HR,GC-MS
62601,EXPERIMENTAL FARM _SIMCOE_,Isopentane,2015-01-29T19:00,0.237,µg/m³,VOC_4HR,GC-MS
62601,EXPERIMENTAL FARM _SIMCOE_,Isopentane,2015-02-01T19:00,0.339,µg/m³,VOC_4HR,GC-MS
62601,EXPERIMENTAL FARM _SIMCOE_,Isopentane,2015-02-04T19:00,0.410,µg/m³,VOC_4HR,GC-MS
62601,EXPERIMENTAL FARM _SIMCOE_,Isopentane,2015-02-07T19:00,1.863,µg/m³,VOC_4HR,GC-MS
62601,EXPERIMENTAL FARM _SIMCOE_,Isopentane,2015-02-10T19:00,1.511,µg/m³,VOC_4HR,GC-MS
62601,EXPERIMENTAL FARM _SIMCOE_,Isopentane,2015-02-13T19:00,0.582,µg/m³,VOC_4HR,GC-MS
62601,EXPERIMENTAL FARM _SIMCOE_,Isopentane,2015-02-16T19:00,0.581,µg/m³,VOC_4HR,GC-MS
62601,EXPERIMENTAL FARM _SIMCOE_,Isopentane,2015-02-19T19:00,0.539,µg/m³,VOC_4HR,GC-MS
62601,EXPERIMENTAL FARM _SIMCOE_,Isopentane,2015-02-22T19:00,0.449,µg/m³,VOC_4HR,GC-MS
62601,EXPERIMENTAL FARM _SIMCOE_,Isopentane,2015-02-25T19:00,0.473,µg/m³,VOC_4HR,GC-MS
62601,EXPERIMENTAL FARM _SIMCOE_,Isopentane,2015-02-28T19:00,0.824,µg/m³,VOC_4HR,GC-MS
62601,EXPERIMENTAL FARM _SIMCOE_,Isopentane,2015-03-03T19:00,0.619,µg/m³,VOC_4HR,GC-MS
62601,EXPERIMENTAL FARM _SIMCOE_,Isopentane,2015-03-06T19:00,0.676,µg/m³,VOC_4HR,GC-MS
62601,EXPERIMENTAL FARM _SIMCOE_,Isopentane,2015-03-09T20:00,8.794,µg/m³,VOC_4HR,GC-MS
62601,EXPERIMENTAL FARM _SIMCOE_,Isopentane,2015-03-12T20:00,0.532,µg/m³,VOC_4HR,GC-MS
62601,EXPERIMENTAL FARM _SIMCOE_,Isopentane,2015-03-15T20:00,1.345,µg/m³,VOC_4HR,GC-MS
62601,EXPERIMENTAL FARM _SIMCOE_,Isopentane,2015-03-18T20:00,0.391,µg/m³,VOC_4HR,GC-MS
62601,EXPERIMENTAL FARM _SIMCOE_,Isopentane,2015-03-21T20:00,0.418,µg/m³,VOC_4HR,GC-MS
62601,EXPERIMENTAL FARM _SIMCOE_,Isopentane,2015-03-24T20:00,0.855,µg/m³,VOC_4HR,GC-MS
62601,EXPERIMENTAL FARM _SIMCOE_,Isopentane,2015-03-27T20:00,0.195,µg/m³,VOC_4HR,GC-MS
62601,EXPERIMENTAL FARM _SIMCOE_,Isopentane,2015-03-30T20:00,0.409,µg/m³,VOC_4HR,GC-MS
62601,EXPERIMENTAL FARM _SIMCOE_,Isopentane,2015-04-02T20:00,0.614,µg/m³,VOC_4HR,GC-MS
62601,EXPERIMENTAL FARM _SIMCOE_,Isopentane,2015-04-05T20:00,0.416,µg/m³,VOC_4HR,GC-MS
62601,EXPERIMENTAL FARM _SIMCOE_,Isopentane,2015-04-08T20:00,0.656,µg/m³,VOC_4HR,GC-MS
62601,EXPERIMENTAL FARM _SIMCOE_,Isopentane,2015-04-11T20:00,0.661,µg/m³,VOC_4HR,GC-MS
62601,EXPERIMENTAL FARM _SIMCOE_,Isopentane,2015-04-14T20:00,0.378,µg/m³,VOC_4HR,GC-MS
62601,EXPERIMENTAL FARM _SIMCOE_,Isopentane,2015-04-17T20:00,0.244,µg/m³,VOC_4HR,GC-MS
62601,EXPERIMENTAL FARM _SIMCOE_,Isopentane,2015-04-20T20:00,0.819,µg/m³,VOC_4HR,GC-MS
62601,EXPERIMENTAL FARM _SIMCOE_,Isopentane,2015-04-23T20:00,0.241,µg/m³,VOC_4HR,GC-MS
62601,EXPERIMENTAL FARM _SIMCOE_,Isopentane,2015-04-26T20:00,0.119,µg/m³,VOC_4HR,GC-MS
62601,EXPERIMENTAL FARM _SIMCOE_,Isopentane,2015-04-29T20:00,1.215,µg/m³,VOC_4HR,GC-MS
62601,EXPERIMENTAL FARM _SIMCOE_,Isopentane,2015-05-02T20:00,1.592,µg/m³,VOC_4HR,GC-MS
62601,EXPERIMENTAL FARM _SIMCOE_,Isopentane,2015-05-05T20:00,0.303,µg/m³,VOC_4HR,GC-MS
62601,EXPERIMENTAL FARM _SIMCOE_,Isopentane,2015-05-08T20:00,1.803,µg/m³,VOC_4HR,GC-MS
62601,EXPERIMENTAL FARM _SIMCOE_,Isopentane,2015-05-14T20:00,0.802,µg/m³,VOC_4HR,GC-MS
62601,EXPERIMENTAL FARM _SIMCOE_,Isopentane,2015-05-17T20:00,1.457,µg/m³,VOC_4HR,GC-MS
62601,EXPERIMENTAL FARM _SIMCOE_,Isopentane,2015-05-20T20:00,0.968,µg/m³,VOC_4HR,GC-MS
62601,EXPERIMENTAL FARM _SIMCOE_,Isopentane,2015-05-23T20:00,1.723,µg/m³,VOC_4HR,GC-MS
62601,EXPERIMENTAL FARM _SIMCOE_,Isopentane,2015-05-26T20:00,1.460,µg/m³,VOC_4HR,GC-MS
62601,EXPERIMENTAL FARM _SIMCOE_,Isopentane,2015-05-29T20:00,1.884,µg/m³,VOC_4HR,GC-MS
62601,EXPERIMENTAL FARM _SIMCOE_,Isopentane,2015-06-19T20:00,0.523,µg/m³,VOC_4HR,GC-MS
62601,EXPERIMENTAL FARM _SIMCOE_,Isopentane,2015-06-22T20:00,0.183,µg/m³,VOC_4HR,GC-MS
62601,EXPERIMENTAL FARM _SIMCOE_,Isopentane,2015-06-25T20:00,0.135,µg/m³,VOC_4HR,GC-MS
62601,EXPERIMENTAL FARM _SIMCOE_,Isopentane,2015-06-28T20:00,0.726,µg/m³,VOC_4HR,GC-MS
62601,EXPERIMENTAL FARM _SIMCOE_,Isopentane,2015-07-01T20:00,0.471,µg/m³,VOC_4HR,GC-MS
62601,EXPERIMENTAL FARM _SIMCOE_,Isopentane,2015-07-04T20:00,2.148,µg/m³,VOC_4HR,GC-MS
62601,EXPERIMENTAL FARM _SIMCOE_,Isopentane,2015-07-07T20:00,0.186,µg/m³,VOC_4HR,GC-MS
62601,EXPERIMENTAL FARM _SIMCOE_,Isopentane,2015-07-10T20:00,0.363,µg/m³,VOC_4HR,GC-MS
62601,EXPERIMENTAL FARM _SIMCOE_,Isopentane,2015-07-13T20:00,0.526,µg/m³,VOC_4HR,GC-MS
62601,EXPERIMENTAL FARM _SIMCOE_,Isopentane,2015-07-16T20:00,1.107,µg/m³,VOC_4HR,GC-MS
62601,EXPERIMENTAL FARM _SIMCOE_,Isopentane,2015-07-19T20:00,2.776,µg/m³,VOC_4HR,GC-MS
62601,EXPERIMENTAL FARM _SIMCOE_,Isopentane,2015-07-22T20:00,0.772,µg/m³,VOC_4HR,GC-MS
62601,EXPERIMENTAL FARM _SIMCOE_,Isopentane,2015-07-25T20:00,0.285,µg/m³,VOC_4HR,GC-MS
62601,EXPERIMENTAL FARM _SIMCOE_,Isopentane,2015-07-28T20:00,0.497,µg/m³,VOC_4HR,GC-MS
62601,EXPERIMENTAL FARM _SIMCOE_,Isopentane,2015-07-31T20:00,1.389,µg/m³,VOC_4HR,GC-MS
62601,EXPERIMENTAL FARM _SIMCOE_,Isopentane,2015-08-03T20:00,1.578,µg/m³,VOC_4HR,GC-MS
62601,EXPERIMENTAL FARM _SIMCOE_,Isopentane,2015-08-09T20:00,0.771,µg/m³,VOC_4HR,GC-MS
62601,EXPERIMENTAL FARM _SIMCOE_,Isopentane,2015-08-12T20:00,2.212,µg/m³,VOC_4HR,GC-MS
62601,EXPERIMENTAL FARM _SIMCOE_,Isopentane,2015-08-15T20:00,1.063,µg/m³,VOC_4HR,GC-MS
62601,EXPERIMENTAL FARM _SIMCOE_,Isopentane,2015-08-18T20:00,0.642,µg/m³,VOC_4HR,GC-MS
62601,EXPERIMENTAL FARM _SIMCOE_,Isopentane,2015-08-27T20:00,0.977,µg/m³,VOC_4HR,GC-MS
62601,EXPERIMENTAL FARM _SIMCOE_,Isopentane,2015-08-30T20:00,3.137,µg/m³,VOC_4HR,GC-MS
62601,EXPERIMENTAL FARM _SIMCOE_,Isopentane,2015-09-02T20:00,1.029,µg/m³,VOC_4HR,GC-MS
62601,EXPERIMENTAL FARM _SIMCOE_,Isopentane,2015-09-05T20:00,1.263,µg/m³,VOC_4HR,GC-MS
62601,EXPERIMENTAL FARM _SIMCOE_,Isopentane,2015-09-08T20:00,0.270,µg/m³,VOC_4HR,GC-MS
62601,EXPERIMENTAL FARM _SIMCOE_,Isopentane,2015-09-20T20:00,0.350,µg/m³,VOC_4HR,GC-MS
62601,EXPERIMENTAL FARM _SIMCOE_,Isopentane,2015-09-20T20:00,0.834,µg/m³,VOC_4HR,GC-MS
62601,EXPERIMENTAL FARM _SIMCOE_,Isopentane,2015-09-23T20:00,0.648,µg/m³,VOC_4HR,GC-MS
62601,EXPERIMENTAL FARM _SIMCOE_,Isopentane,2015-09-26T20:00,0.424,µg/m³,VOC_4HR,GC-MS
62601,EXPERIMENTAL FARM _SIMCOE_,Isopentane,2015-09-29T20:00,0.824,µg/m³,VOC_4HR,GC-MS
62601,EXPERIMENTAL FARM _SIMCOE_,Isopentane,2015-10-02T20:00,0.187,µg/m³,VOC_4HR,GC-MS
62601,EXPERIMENTAL FARM _SIMCOE_,Isopentane,2015-10-05T20:00,1.350,µg/m³,VOC_4HR,GC-MS
62601,EXPERIMENTAL FARM _SIMCOE_,Isopentane,2015-10-08T20:00,0.534,µg/m³,VOC_4HR,GC-MS
62601,EXPERIMENTAL FARM _SIMCOE_,Isopentane,2015-10-11T20:00,0.968,µg/m³,VOC_4HR,GC-MS
62601,EXPERIMENTAL FARM _SIMCOE_,Isopentane,2015-10-14T20:00,1.011,µg/m³,VOC_4HR,GC-MS
62601,EXPERIMENTAL FARM _SIMCOE_,Isopentane,2015-10-17T20:00,0.227,µg/m³,VOC_4HR,GC-MS
62601,EXPERIMENTAL FARM _SIMCOE_,Isopentane,2015-10-20T20:00,1.349,µg/m³,VOC_4HR,GC-MS
62601,EXPERIMENTAL FARM _SIMCOE_,Isopentane,2015-10-23T20:00,0.959,µg/m³,VOC_4HR,GC-MS
62601,EXPERIMENTAL FARM _SIMCOE_,Isopentane,2015-10-26T20:00,0.465,µg/m³,VOC_4HR,GC-MS
62601,EXPERIMENTAL FARM _SIMCOE_,Isopentane,2015-10-29T20:00,0.479,µg/m³,VOC_4HR,GC-MS
62601,EXPERIMENTAL FARM _SIMCOE_,Isopentane,2015-11-01T19:00,0.501,µg/m³,VOC_4HR,GC-MS
62601,EXPERIMENTAL FARM _SIMCOE_,Isopentane,2015-11-04T19:00,1.228,µg/m³,VOC_4HR,GC-MS
62601,EXPERIMENTAL FARM _SIMCOE_,Isopentane,2015-11-07T19:00,0.936,µg/m³,VOC_4HR,GC-MS
62601,EXPERIMENTAL FARM _SIMCOE_,Isopentane,2015-11-10T19:00,1.562,µg/m³,VOC_4HR,GC-MS
62601,EXPERIMENTAL FARM _SIMCOE_,Isopentane,2015-11-13T19:00,0.686,µg/m³,VOC_4HR,GC-MS
62601,EXPERIMENTAL FARM _SIMCOE_,Isopentane,2015-11-16T19:00,0.741,µg/m³,VOC_4HR,GC-MS
62601,EXPERIMENTAL FARM _SIMCOE_,Isopentane,2015-11-19T19:00,1.202,µg/m³,VOC_4HR,GC-MS
62601,EXPERIMENTAL FARM _SIMCOE_,Isopentane,2015-11-22T19:00,0.421,µg/m³,VOC_4HR,GC-MS
62601,EXPERIMENTAL FARM _SIMCOE_,Isopentane,2015-11-25T19:00,0.942,µg/m³,VOC_4HR,GC-MS
62601,EXPERIMENTAL FARM _SIMCOE_,Isopentane,2015-11-28T19:00,0.523,µg/m³,VOC_4HR,GC-MS
62601,EXPERIMENTAL FARM _SIMCOE_,Isopentane,2015-12-01T19:00,0.953,µg/m³,VOC_4HR,GC-MS
62601,EXPERIMENTAL FARM _SIMCOE_,Isopentane,2015-12-04T19:00,0.957,µg/m³,VOC_4HR,GC-MS
62601,EXPERIMENTAL FARM _SIMCOE_,Isopentane,2015-12-07T19:00,1.514,µg/m³,VOC_4HR,GC-MS
62601,EXPERIMENTAL FARM _SIMCOE_,Isopentane,2015-12-10T19:00,1.977,µg/m³,VOC_4HR,GC-MS
62601,EXPERIMENTAL FARM _SIMCOE_,Isopentane,2015-12-13T19:00,0.709,µg/m³,VOC_4HR,GC-MS
62601,EXPERIMENTAL FARM _SIMCOE_,Isopentane,2015-12-16T19:00,1.475,µg/m³,VOC_4HR,GC-MS
62601,EXPERIMENTAL FARM _SIMCOE_,Isopentane,2015-12-19T19:00,0.674,µg/m³,VOC_4HR,GC-MS
62601,EXPERIMENTAL FARM _SIMCOE_,Isopentane,2015-12-22T19:00,0.778,µg/m³,VOC_4HR,GC-MS
62601,EXPERIMENTAL FARM _SIMCOE_,Isopentane,2015-12-25T19:00,0.612,µg/m³,VOC_4HR,GC-MS
62601,EXPERIMENTAL FARM _SIMCOE_,Isopentane,2015-12-28T19:00,1.639,µg/m³,VOC_4HR,GC-MS
