﻿NAPS_Site_ID,Station_Name,Pollutant,Date,Value,Units,Report_Type,Method
100134,VANCOUVER INTL. AIRPORT,Cyclohexane,2013-01-04T00:00,0.168,µg/m³,VOC,
100134,VANCOUVER INTL. AIRPORT,Cyclohexane,2013-01-16T00:00,0.334,µg/m³,VOC,
100134,VANCOUVER INTL. AIRPORT,Cyclohexane,2013-01-28T00:00,0.044,µg/m³,VOC,
100134,VANCOUVER INTL. AIRPORT,Cyclohexane,2013-02-09T00:00,0.155,µg/m³,VOC,
100134,VANCOUVER INTL. AIRPORT,Cyclohexane,2013-03-05T00:00,0.192,µg/m³,VOC,
100134,VANCOUVER INTL. AIRPORT,Cyclohexane,2013-03-17T00:00,0.014,µg/m³,VOC,
100134,VANCOUVER INTL. AIRPORT,Cyclohexane,2013-03-29T00:00,0.211,µg/m³,VOC,
100134,VANCOUVER INTL. AIRPORT,Cyclohexane,2013-04-10T00:00,0.038,µg/m³,VOC,
100134,VANCOUVER INTL. AIRPORT,Cyclohexane,2013-04-22T00:00,0.129,µg/m³,VOC,
100134,VANCOUVER INTL. AIRPORT,Cyclohexane,2013-05-04T00:00,0.039,µg/m³,VOC,
100134,VANCOUVER INTL. AIRPORT,Cyclohexane,2013-05-28T00:00,0.048,µg/m³,VOC,
100134,VANCOUVER INTL. AIRPORT,Cyclohexane,2013-06-09T00:00,0.089,µg/m³,VOC,
100134,VANCOUVER INTL. AIRPORT,Cyclohexane,2013-06-21T00:00,0.054,µg/m³,VOC,
100134,VANCOUVER INTL. AIRPORT,Cyclohexane,2013-07-03T00:00,0.058,µg/m³,VOC,
100134,VANCOUVER INTL. AIRPORT,Cyclohexane,2013-07-15T00:00,0.036,µg/m³,VOC,
100134,VANCOUVER INTL. AIRPORT,Cyclohexane,2013-07-27T00:00,0.037,µg/m³,VOC,
100134,VANCOUVER INTL. AIRPORT,Cyclohexane,2013-07-27T00:00,0.039,µg/m³,VOC,
100134,VANCOUVER INTL. AIRPORT,Cyclohexane,2013-09-01T00:00,0.143,µg/m³,VOC,
100134,VANCOUVER INTL. AIRPORT,Cyclohexane,2013-09-13T00:00,0.081,µg/m³,VOC,
100134,VANCOUVER INTL. AIRPORT,Cyclohexane,2013-09-25T00:00,0.117,µg/m³,VOC,
100134,VANCOUVER INTL. AIRPORT,Cyclohexane,2013-10-07T00:00,0.027,µg/m³,VOC,
100134,VANCOUVER INTL. AIRPORT,Cyclohexane,2013-10-31T00:00,0.290,µg/m³,VOC,
100134,VANCOUVER INTL. AIRPORT,Cyclohexane,2013-11-12T00:00,0.113,µg/m³,VOC,
100134,VANCOUVER INTL. AIRPORT,Cyclohexane,2013-11-24T00:00,0.453,µg/m³,VOC,
100134,VANCOUVER INTL. AIRPORT,Cyclohexane,2013-12-06T00:00,0.056,µg/m³,VOC,
100134,VANCOUVER INTL. AIRPORT,Cyclohexane,2013-12-18T00:00,0.149,µg/m³,VOC,
100134,VANCOUVER INTL. AIRPORT,Cyclohexane,2013-12-30T00:00,0.159,µg/m³,VOC,
