﻿NAPS_Site_ID,Station_Name,Pollutant,Date,Value,Units,Report_Type,Method
50115,MONTRÉAL-MAISONNEUVE,Undecane,2008-01-01T00:00,0.151,µg/m³,VOC,GC-MS
50115,MONTRÉAL-MAISONNEUVE,Undecane,2008-01-07T00:00,0.656,µg/m³,VOC,GC-MS
50115,MONTRÉAL-MAISONNEUVE,Undecane,2008-01-13T00:00,0.138,µg/m³,VOC,GC-MS
50115,MONTRÉAL-MAISONNEUVE,Undecane,2008-01-19T00:00,0.205,µg/m³,VOC,GC-MS
50115,MONTRÉAL-MAISONNEUVE,Undecane,2008-01-25T00:00,0.188,µg/m³,VOC,GC-MS
50115,MONTRÉAL-MAISONNEUVE,Undecane,2008-01-31T00:00,0.166,µg/m³,VOC,GC-MS
50115,MONTRÉAL-MAISONNEUVE,Undecane,2008-02-06T00:00,0.235,µg/m³,VOC,GC-MS
50115,MONTRÉAL-MAISONNEUVE,Undecane,2008-02-12T00:00,0.129,µg/m³,VOC,GC-MS
50115,MONTRÉAL-MAISONNEUVE,Undecane,2008-02-18T00:00,0.315,µg/m³,VOC,GC-MS
50115,MONTRÉAL-MAISONNEUVE,Undecane,2008-02-24T00:00,0.116,µg/m³,VOC,GC-MS
50115,MONTRÉAL-MAISONNEUVE,Undecane,2008-03-01T00:00,0.089,µg/m³,VOC,GC-MS
50115,MONTRÉAL-MAISONNEUVE,Undecane,2008-03-07T00:00,0.472,µg/m³,VOC,GC-MS
50115,MONTRÉAL-MAISONNEUVE,Undecane,2008-03-13T00:00,0.452,µg/m³,VOC,GC-MS
50115,MONTRÉAL-MAISONNEUVE,Undecane,2008-03-19T00:00,0.291,µg/m³,VOC,GC-MS
50115,MONTRÉAL-MAISONNEUVE,Undecane,2008-03-25T00:00,0.233,µg/m³,VOC,GC-MS
50115,MONTRÉAL-MAISONNEUVE,Undecane,2008-03-31T00:00,0.310,µg/m³,VOC,GC-MS
50115,MONTRÉAL-MAISONNEUVE,Undecane,2008-04-06T00:00,0.345,µg/m³,VOC,GC-MS
50115,MONTRÉAL-MAISONNEUVE,Undecane,2008-04-12T00:00,0.174,µg/m³,VOC,GC-MS
50115,MONTRÉAL-MAISONNEUVE,Undecane,2008-04-18T00:00,1.138,µg/m³,VOC,GC-MS
50115,MONTRÉAL-MAISONNEUVE,Undecane,2008-04-24T00:00,0.386,µg/m³,VOC,GC-MS
50115,MONTRÉAL-MAISONNEUVE,Undecane,2008-04-29T00:00,0.336,µg/m³,VOC,GC-MS
50115,MONTRÉAL-MAISONNEUVE,Undecane,2008-05-06T00:00,0.375,µg/m³,VOC,GC-MS
50115,MONTRÉAL-MAISONNEUVE,Undecane,2008-05-12T00:00,0.308,µg/m³,VOC,GC-MS
50115,MONTRÉAL-MAISONNEUVE,Undecane,2008-05-18T00:00,0.187,µg/m³,VOC,GC-MS
50115,MONTRÉAL-MAISONNEUVE,Undecane,2008-05-24T00:00,0.274,µg/m³,VOC,GC-MS
50115,MONTRÉAL-MAISONNEUVE,Undecane,2008-05-30T00:00,0.357,µg/m³,VOC,GC-MS
50115,MONTRÉAL-MAISONNEUVE,Undecane,2008-06-05T00:00,0.480,µg/m³,VOC,GC-MS
50115,MONTRÉAL-MAISONNEUVE,Undecane,2008-06-11T00:00,0.384,µg/m³,VOC,GC-MS
50115,MONTRÉAL-MAISONNEUVE,Undecane,2008-06-17T00:00,0.591,µg/m³,VOC,GC-MS
50115,MONTRÉAL-MAISONNEUVE,Undecane,2008-06-23T00:00,1.034,µg/m³,VOC,GC-MS
50115,MONTRÉAL-MAISONNEUVE,Undecane,2008-06-29T00:00,0.394,µg/m³,VOC,GC-MS
50115,MONTRÉAL-MAISONNEUVE,Undecane,2008-07-05T00:00,0.422,µg/m³,VOC,GC-MS
50115,MONTRÉAL-MAISONNEUVE,Undecane,2008-07-11T00:00,0.435,µg/m³,VOC,GC-MS
50115,MONTRÉAL-MAISONNEUVE,Undecane,2008-07-17T00:00,0.597,µg/m³,VOC,GC-MS
50115,MONTRÉAL-MAISONNEUVE,Undecane,2008-07-23T00:00,0.346,µg/m³,VOC,GC-MS
50115,MONTRÉAL-MAISONNEUVE,Undecane,2008-07-29T00:00,0.309,µg/m³,VOC,GC-MS
50115,MONTRÉAL-MAISONNEUVE,Undecane,2008-08-04T00:00,0.360,µg/m³,VOC,GC-MS
50115,MONTRÉAL-MAISONNEUVE,Undecane,2008-08-10T00:00,0.330,µg/m³,VOC,GC-MS
50115,MONTRÉAL-MAISONNEUVE,Undecane,2008-08-16T00:00,0.223,µg/m³,VOC,GC-MS
50115,MONTRÉAL-MAISONNEUVE,Undecane,2008-08-22T00:00,0.624,µg/m³,VOC,GC-MS
50115,MONTRÉAL-MAISONNEUVE,Undecane,2008-08-28T00:00,0.757,µg/m³,VOC,GC-MS
50115,MONTRÉAL-MAISONNEUVE,Undecane,2008-08-28T00:00,0.911,µg/m³,VOC,GC-MS
50115,MONTRÉAL-MAISONNEUVE,Undecane,2008-09-03T00:00,1.066,µg/m³,VOC,GC-MS
50115,MONTRÉAL-MAISONNEUVE,Undecane,2008-09-09T00:00,0.391,µg/m³,VOC,GC-MS
50115,MONTRÉAL-MAISONNEUVE,Undecane,2008-09-15T00:00,0.499,µg/m³,VOC,GC-MS
50115,MONTRÉAL-MAISONNEUVE,Undecane,2008-09-21T00:00,0.242,µg/m³,VOC,GC-MS
50115,MONTRÉAL-MAISONNEUVE,Undecane,2008-09-27T00:00,0.576,µg/m³,VOC,GC-MS
50115,MONTRÉAL-MAISONNEUVE,Undecane,2008-10-03T00:00,0.246,µg/m³,VOC,GC-MS
50115,MONTRÉAL-MAISONNEUVE,Undecane,2008-10-09T00:00,0.250,µg/m³,VOC,GC-MS
50115,MONTRÉAL-MAISONNEUVE,Undecane,2008-10-15T00:00,0.406,µg/m³,VOC,GC-MS
50115,MONTRÉAL-MAISONNEUVE,Undecane,2008-10-21T00:00,0.342,µg/m³,VOC,GC-MS
50115,MONTRÉAL-MAISONNEUVE,Undecane,2008-10-27T00:00,0.217,µg/m³,VOC,GC-MS
50115,MONTRÉAL-MAISONNEUVE,Undecane,2008-11-02T00:00,0.129,µg/m³,VOC,GC-MS
50115,MONTRÉAL-MAISONNEUVE,Undecane,2008-11-08T00:00,0.379,µg/m³,VOC,GC-MS
50115,MONTRÉAL-MAISONNEUVE,Undecane,2008-11-14T00:00,0.455,µg/m³,VOC,GC-MS
50115,MONTRÉAL-MAISONNEUVE,Undecane,2008-11-20T00:00,0.144,µg/m³,VOC,GC-MS
50115,MONTRÉAL-MAISONNEUVE,Undecane,2008-11-26T00:00,0.321,µg/m³,VOC,GC-MS
50115,MONTRÉAL-MAISONNEUVE,Undecane,2008-12-02T00:00,0.784,µg/m³,VOC,GC-MS
50115,MONTRÉAL-MAISONNEUVE,Undecane,2008-12-08T00:00,0.075,µg/m³,VOC,GC-MS
50115,MONTRÉAL-MAISONNEUVE,Undecane,2008-12-14T00:00,0.131,µg/m³,VOC,GC-MS
50115,MONTRÉAL-MAISONNEUVE,Undecane,2008-12-20T00:00,0.114,µg/m³,VOC,GC-MS
50115,MONTRÉAL-MAISONNEUVE,Undecane,2008-12-26T00:00,0.226,µg/m³,VOC,GC-MS
