﻿NAPS_Site_ID,Station_Name,Pollutant,Date,Value,Units,Report_Type,Method
52601,VARENNES-CHEMIN DE LA BARONNIE,"2,3,4-Trimethylpentane",1997-01-04T00:00,0.140,µg/m³,VOC,N/A
52601,VARENNES-CHEMIN DE LA BARONNIE,"2,3,4-Trimethylpentane",1997-01-10T00:00,0.100,µg/m³,VOC,N/A
52601,VARENNES-CHEMIN DE LA BARONNIE,"2,3,4-Trimethylpentane",1997-01-16T00:00,0.120,µg/m³,VOC,N/A
52601,VARENNES-CHEMIN DE LA BARONNIE,"2,3,4-Trimethylpentane",1997-01-22T00:00,0.120,µg/m³,VOC,N/A
52601,VARENNES-CHEMIN DE LA BARONNIE,"2,3,4-Trimethylpentane",1997-01-28T00:00,0.120,µg/m³,VOC,N/A
52601,VARENNES-CHEMIN DE LA BARONNIE,"2,3,4-Trimethylpentane",1997-02-03T00:00,0.180,µg/m³,VOC,N/A
52601,VARENNES-CHEMIN DE LA BARONNIE,"2,3,4-Trimethylpentane",1997-02-09T00:00,0.160,µg/m³,VOC,N/A
52601,VARENNES-CHEMIN DE LA BARONNIE,"2,3,4-Trimethylpentane",1997-02-15T00:00,0.140,µg/m³,VOC,N/A
52601,VARENNES-CHEMIN DE LA BARONNIE,"2,3,4-Trimethylpentane",1997-02-21T00:00,0.080,µg/m³,VOC,N/A
52601,VARENNES-CHEMIN DE LA BARONNIE,"2,3,4-Trimethylpentane",1997-02-27T00:00,0.060,µg/m³,VOC,N/A
52601,VARENNES-CHEMIN DE LA BARONNIE,"2,3,4-Trimethylpentane",1997-03-05T00:00,0.120,µg/m³,VOC,N/A
52601,VARENNES-CHEMIN DE LA BARONNIE,"2,3,4-Trimethylpentane",1997-03-17T00:00,0.120,µg/m³,VOC,N/A
52601,VARENNES-CHEMIN DE LA BARONNIE,"2,3,4-Trimethylpentane",1997-03-23T00:00,0.100,µg/m³,VOC,N/A
52601,VARENNES-CHEMIN DE LA BARONNIE,"2,3,4-Trimethylpentane",1997-03-29T00:00,0.080,µg/m³,VOC,N/A
52601,VARENNES-CHEMIN DE LA BARONNIE,"2,3,4-Trimethylpentane",1997-04-04T00:00,0.140,µg/m³,VOC,N/A
52601,VARENNES-CHEMIN DE LA BARONNIE,"2,3,4-Trimethylpentane",1997-04-10T00:00,0.000,µg/m³,VOC,N/A
52601,VARENNES-CHEMIN DE LA BARONNIE,"2,3,4-Trimethylpentane",1997-04-16T00:00,0.120,µg/m³,VOC,N/A
52601,VARENNES-CHEMIN DE LA BARONNIE,"2,3,4-Trimethylpentane",1997-04-22T00:00,0.080,µg/m³,VOC,N/A
52601,VARENNES-CHEMIN DE LA BARONNIE,"2,3,4-Trimethylpentane",1997-04-28T00:00,0.000,µg/m³,VOC,N/A
52601,VARENNES-CHEMIN DE LA BARONNIE,"2,3,4-Trimethylpentane",1997-05-04T00:00,0.000,µg/m³,VOC,N/A
52601,VARENNES-CHEMIN DE LA BARONNIE,"2,3,4-Trimethylpentane",1997-05-10T00:00,0.000,µg/m³,VOC,N/A
52601,VARENNES-CHEMIN DE LA BARONNIE,"2,3,4-Trimethylpentane",1997-05-28T00:00,0.050,µg/m³,VOC,N/A
52601,VARENNES-CHEMIN DE LA BARONNIE,"2,3,4-Trimethylpentane",1997-06-03T00:00,0.000,µg/m³,VOC,N/A
52601,VARENNES-CHEMIN DE LA BARONNIE,"2,3,4-Trimethylpentane",1997-06-09T00:00,0.142,µg/m³,VOC,N/A
52601,VARENNES-CHEMIN DE LA BARONNIE,"2,3,4-Trimethylpentane",1997-06-15T00:00,0.051,µg/m³,VOC,N/A
52601,VARENNES-CHEMIN DE LA BARONNIE,"2,3,4-Trimethylpentane",1997-06-21T00:00,0.135,µg/m³,VOC,N/A
52601,VARENNES-CHEMIN DE LA BARONNIE,"2,3,4-Trimethylpentane",1997-06-27T00:00,0.048,µg/m³,VOC,N/A
52601,VARENNES-CHEMIN DE LA BARONNIE,"2,3,4-Trimethylpentane",1997-07-09T00:00,0.059,µg/m³,VOC,N/A
52601,VARENNES-CHEMIN DE LA BARONNIE,"2,3,4-Trimethylpentane",1997-07-15T00:00,0.028,µg/m³,VOC,N/A
52601,VARENNES-CHEMIN DE LA BARONNIE,"2,3,4-Trimethylpentane",1997-07-21T00:00,0.046,µg/m³,VOC,N/A
52601,VARENNES-CHEMIN DE LA BARONNIE,"2,3,4-Trimethylpentane",1997-07-27T00:00,0.160,µg/m³,VOC,N/A
52601,VARENNES-CHEMIN DE LA BARONNIE,"2,3,4-Trimethylpentane",1997-08-02T00:00,0.049,µg/m³,VOC,N/A
52601,VARENNES-CHEMIN DE LA BARONNIE,"2,3,4-Trimethylpentane",1997-08-08T00:00,0.153,µg/m³,VOC,N/A
52601,VARENNES-CHEMIN DE LA BARONNIE,"2,3,4-Trimethylpentane",1997-08-14T00:00,0.029,µg/m³,VOC,N/A
52601,VARENNES-CHEMIN DE LA BARONNIE,"2,3,4-Trimethylpentane",1997-08-20T00:00,0.050,µg/m³,VOC,N/A
52601,VARENNES-CHEMIN DE LA BARONNIE,"2,3,4-Trimethylpentane",1997-08-26T00:00,0.121,µg/m³,VOC,N/A
52601,VARENNES-CHEMIN DE LA BARONNIE,"2,3,4-Trimethylpentane",1997-09-01T00:00,0.093,µg/m³,VOC,N/A
52601,VARENNES-CHEMIN DE LA BARONNIE,"2,3,4-Trimethylpentane",1997-09-13T00:00,0.148,µg/m³,VOC,N/A
52601,VARENNES-CHEMIN DE LA BARONNIE,"2,3,4-Trimethylpentane",1997-09-19T00:00,0.079,µg/m³,VOC,N/A
52601,VARENNES-CHEMIN DE LA BARONNIE,"2,3,4-Trimethylpentane",1997-09-25T00:00,0.065,µg/m³,VOC,N/A
52601,VARENNES-CHEMIN DE LA BARONNIE,"2,3,4-Trimethylpentane",1997-10-01T00:00,0.000,µg/m³,VOC,N/A
52601,VARENNES-CHEMIN DE LA BARONNIE,"2,3,4-Trimethylpentane",1997-10-07T00:00,0.060,µg/m³,VOC,N/A
52601,VARENNES-CHEMIN DE LA BARONNIE,"2,3,4-Trimethylpentane",1997-10-13T00:00,0.085,µg/m³,VOC,N/A
52601,VARENNES-CHEMIN DE LA BARONNIE,"2,3,4-Trimethylpentane",1997-10-19T00:00,0.145,µg/m³,VOC,N/A
52601,VARENNES-CHEMIN DE LA BARONNIE,"2,3,4-Trimethylpentane",1997-10-25T00:00,0.091,µg/m³,VOC,N/A
52601,VARENNES-CHEMIN DE LA BARONNIE,"2,3,4-Trimethylpentane",1997-10-31T00:00,0.053,µg/m³,VOC,N/A
52601,VARENNES-CHEMIN DE LA BARONNIE,"2,3,4-Trimethylpentane",1997-11-12T00:00,0.030,µg/m³,VOC,N/A
52601,VARENNES-CHEMIN DE LA BARONNIE,"2,3,4-Trimethylpentane",1997-11-18T00:00,0.029,µg/m³,VOC,N/A
52601,VARENNES-CHEMIN DE LA BARONNIE,"2,3,4-Trimethylpentane",1997-11-24T00:00,0.049,µg/m³,VOC,N/A
52601,VARENNES-CHEMIN DE LA BARONNIE,"2,3,4-Trimethylpentane",1997-11-30T00:00,0.100,µg/m³,VOC,N/A
52601,VARENNES-CHEMIN DE LA BARONNIE,"2,3,4-Trimethylpentane",1997-12-06T00:00,0.080,µg/m³,VOC,N/A
52601,VARENNES-CHEMIN DE LA BARONNIE,"2,3,4-Trimethylpentane",1997-12-18T00:00,0.140,µg/m³,VOC,N/A
