﻿NAPS_Site_ID,Station_Name,Pollutant,Date,Value,Units,Report_Type,Method
80110,REGINA-2505 11TH. AVENUE,Freon 11,2009-01-01T00:00,1.739,µg/m³,VOC,
80110,REGINA-2505 11TH. AVENUE,Freon 11,2009-01-07T00:00,1.584,µg/m³,VOC,
80110,REGINA-2505 11TH. AVENUE,Freon 11,2009-01-13T00:00,1.535,µg/m³,VOC,
80110,REGINA-2505 11TH. AVENUE,Freon 11,2009-01-16T00:00,1.530,µg/m³,VOC,
80110,REGINA-2505 11TH. AVENUE,Freon 11,2009-01-25T00:00,1.361,µg/m³,VOC,
80110,REGINA-2505 11TH. AVENUE,Freon 11,2009-01-31T00:00,1.600,µg/m³,VOC,
80110,REGINA-2505 11TH. AVENUE,Freon 11,2009-02-06T00:00,1.652,µg/m³,VOC,
80110,REGINA-2505 11TH. AVENUE,Freon 11,2009-02-12T00:00,1.572,µg/m³,VOC,
80110,REGINA-2505 11TH. AVENUE,Freon 11,2009-02-18T00:00,1.513,µg/m³,VOC,
80110,REGINA-2505 11TH. AVENUE,Freon 11,2009-02-24T00:00,1.518,µg/m³,VOC,
80110,REGINA-2505 11TH. AVENUE,Freon 11,2009-03-02T00:00,1.522,µg/m³,VOC,
80110,REGINA-2505 11TH. AVENUE,Freon 11,2009-03-08T00:00,1.525,µg/m³,VOC,
80110,REGINA-2505 11TH. AVENUE,Freon 11,2009-03-14T00:00,1.458,µg/m³,VOC,
80110,REGINA-2505 11TH. AVENUE,Freon 11,2009-03-20T00:00,1.435,µg/m³,VOC,
80110,REGINA-2505 11TH. AVENUE,Freon 11,2009-03-26T00:00,1.414,µg/m³,VOC,
80110,REGINA-2505 11TH. AVENUE,Freon 11,2009-04-01T00:00,1.458,µg/m³,VOC,
80110,REGINA-2505 11TH. AVENUE,Freon 11,2009-04-07T00:00,1.701,µg/m³,VOC,
80110,REGINA-2505 11TH. AVENUE,Freon 11,2009-04-19T00:00,1.653,µg/m³,VOC,
80110,REGINA-2505 11TH. AVENUE,Freon 11,2009-04-25T00:00,1.649,µg/m³,VOC,
80110,REGINA-2505 11TH. AVENUE,Freon 11,2009-05-01T00:00,1.510,µg/m³,VOC,
80110,REGINA-2505 11TH. AVENUE,Freon 11,2009-05-13T00:00,1.365,µg/m³,VOC,
80110,REGINA-2505 11TH. AVENUE,Freon 11,2009-05-19T00:00,1.441,µg/m³,VOC,
80110,REGINA-2505 11TH. AVENUE,Freon 11,2009-05-25T00:00,1.331,µg/m³,VOC,
80110,REGINA-2505 11TH. AVENUE,Freon 11,2009-05-31T00:00,1.417,µg/m³,VOC,
80110,REGINA-2505 11TH. AVENUE,Freon 11,2009-06-06T00:00,1.394,µg/m³,VOC,
80110,REGINA-2505 11TH. AVENUE,Freon 11,2009-06-12T00:00,1.418,µg/m³,VOC,
80110,REGINA-2505 11TH. AVENUE,Freon 11,2009-06-18T00:00,1.567,µg/m³,VOC,
80110,REGINA-2505 11TH. AVENUE,Freon 11,2009-06-24T00:00,1.536,µg/m³,VOC,
80110,REGINA-2505 11TH. AVENUE,Freon 11,2009-06-30T00:00,1.553,µg/m³,VOC,
80110,REGINA-2505 11TH. AVENUE,Freon 11,2009-07-06T00:00,1.603,µg/m³,VOC,
80110,REGINA-2505 11TH. AVENUE,Freon 11,2009-07-12T00:00,1.719,µg/m³,VOC,
80110,REGINA-2505 11TH. AVENUE,Freon 11,2009-07-18T00:00,1.676,µg/m³,VOC,
80110,REGINA-2505 11TH. AVENUE,Freon 11,2009-07-24T00:00,1.665,µg/m³,VOC,
80110,REGINA-2505 11TH. AVENUE,Freon 11,2009-07-30T00:00,1.575,µg/m³,VOC,
80110,REGINA-2505 11TH. AVENUE,Freon 11,2009-08-05T00:00,1.709,µg/m³,VOC,
80110,REGINA-2505 11TH. AVENUE,Freon 11,2009-08-11T00:00,1.721,µg/m³,VOC,
80110,REGINA-2505 11TH. AVENUE,Freon 11,2009-08-17T00:00,1.594,µg/m³,VOC,
80110,REGINA-2505 11TH. AVENUE,Freon 11,2009-08-23T00:00,1.566,µg/m³,VOC,
80110,REGINA-2505 11TH. AVENUE,Freon 11,2009-08-29T00:00,1.573,µg/m³,VOC,
80110,REGINA-2505 11TH. AVENUE,Freon 11,2009-09-04T00:00,1.569,µg/m³,VOC,
80110,REGINA-2505 11TH. AVENUE,Freon 11,2009-09-10T00:00,1.621,µg/m³,VOC,
80110,REGINA-2505 11TH. AVENUE,Freon 11,2009-09-16T00:00,1.614,µg/m³,VOC,
80110,REGINA-2505 11TH. AVENUE,Freon 11,2009-09-22T00:00,1.795,µg/m³,VOC,
80110,REGINA-2505 11TH. AVENUE,Freon 11,2009-09-28T00:00,1.703,µg/m³,VOC,
80110,REGINA-2505 11TH. AVENUE,Freon 11,2009-10-04T00:00,1.784,µg/m³,VOC,
80110,REGINA-2505 11TH. AVENUE,Freon 11,2009-10-10T00:00,1.733,µg/m³,VOC,
80110,REGINA-2505 11TH. AVENUE,Freon 11,2009-10-16T00:00,1.543,µg/m³,VOC,
80110,REGINA-2505 11TH. AVENUE,Freon 11,2009-10-22T00:00,1.526,µg/m³,VOC,
80110,REGINA-2505 11TH. AVENUE,Freon 11,2009-10-28T00:00,1.671,µg/m³,VOC,
80110,REGINA-2505 11TH. AVENUE,Freon 11,2009-11-03T00:00,1.551,µg/m³,VOC,
80110,REGINA-2505 11TH. AVENUE,Freon 11,2009-11-09T00:00,1.555,µg/m³,VOC,
80110,REGINA-2505 11TH. AVENUE,Freon 11,2009-11-15T00:00,1.440,µg/m³,VOC,
80110,REGINA-2505 11TH. AVENUE,Freon 11,2009-11-21T00:00,1.646,µg/m³,VOC,
80110,REGINA-2505 11TH. AVENUE,Freon 11,2009-11-27T00:00,1.634,µg/m³,VOC,
80110,REGINA-2505 11TH. AVENUE,Freon 11,2009-12-03T00:00,1.643,µg/m³,VOC,
80110,REGINA-2505 11TH. AVENUE,Freon 11,2009-12-09T00:00,1.588,µg/m³,VOC,
80110,REGINA-2505 11TH. AVENUE,Freon 11,2009-12-15T00:00,1.573,µg/m³,VOC,
80110,REGINA-2505 11TH. AVENUE,Freon 11,2009-12-21T00:00,1.495,µg/m³,VOC,
80110,REGINA-2505 11TH. AVENUE,Freon 11,2009-12-27T00:00,1.499,µg/m³,VOC,
