﻿NAPS_Site_ID,Station_Name,Pollutant,Date,Value,Units,Report_Type,Method
40203,FOREST HILLS,Chloromethane,2010-01-02T00:00,1.228,µg/m³,VOC,N/A
40203,FOREST HILLS,Chloromethane,2010-01-08T00:00,1.162,µg/m³,VOC,N/A
40203,FOREST HILLS,Chloromethane,2010-02-08T00:00,1.417,µg/m³,VOC,N/A
40203,FOREST HILLS,Chloromethane,2010-02-13T00:00,1.251,µg/m³,VOC,N/A
40203,FOREST HILLS,Chloromethane,2010-02-19T00:00,1.210,µg/m³,VOC,N/A
40203,FOREST HILLS,Chloromethane,2010-02-25T00:00,1.282,µg/m³,VOC,N/A
40203,FOREST HILLS,Chloromethane,2010-03-03T00:00,1.299,µg/m³,VOC,N/A
40203,FOREST HILLS,Chloromethane,2010-03-09T00:00,1.381,µg/m³,VOC,N/A
40203,FOREST HILLS,Chloromethane,2010-03-15T00:00,1.258,µg/m³,VOC,N/A
40203,FOREST HILLS,Chloromethane,2010-03-21T00:00,1.137,µg/m³,VOC,N/A
40203,FOREST HILLS,Chloromethane,2010-03-27T00:00,1.056,µg/m³,VOC,N/A
40203,FOREST HILLS,Chloromethane,2010-04-02T00:00,1.144,µg/m³,VOC,N/A
40203,FOREST HILLS,Chloromethane,2010-04-08T00:00,1.061,µg/m³,VOC,N/A
40203,FOREST HILLS,Chloromethane,2010-04-14T00:00,1.081,µg/m³,VOC,N/A
40203,FOREST HILLS,Chloromethane,2010-04-20T00:00,1.116,µg/m³,VOC,N/A
40203,FOREST HILLS,Chloromethane,2010-04-26T00:00,1.139,µg/m³,VOC,N/A
40203,FOREST HILLS,Chloromethane,2010-05-02T00:00,1.235,µg/m³,VOC,N/A
40203,FOREST HILLS,Chloromethane,2010-05-08T00:00,1.153,µg/m³,VOC,N/A
40203,FOREST HILLS,Chloromethane,2010-05-14T00:00,1.092,µg/m³,VOC,N/A
40203,FOREST HILLS,Chloromethane,2010-05-20T00:00,1.109,µg/m³,VOC,N/A
40203,FOREST HILLS,Chloromethane,2010-05-26T00:00,1.842,µg/m³,VOC,N/A
40203,FOREST HILLS,Chloromethane,2010-06-01T00:00,1.510,µg/m³,VOC,N/A
40203,FOREST HILLS,Chloromethane,2010-06-19T00:00,1.293,µg/m³,VOC,N/A
40203,FOREST HILLS,Chloromethane,2010-06-25T00:00,1.287,µg/m³,VOC,N/A
40203,FOREST HILLS,Chloromethane,2010-07-01T00:00,1.317,µg/m³,VOC,N/A
40203,FOREST HILLS,Chloromethane,2010-07-07T00:00,1.225,µg/m³,VOC,N/A
40203,FOREST HILLS,Chloromethane,2010-07-07T00:00,1.225,µg/m³,VOC,N/A
40203,FOREST HILLS,Chloromethane,2010-07-07T00:00,1.334,µg/m³,VOC,N/A
40203,FOREST HILLS,Chloromethane,2010-07-13T00:00,1.337,µg/m³,VOC,N/A
40203,FOREST HILLS,Chloromethane,2010-07-13T00:00,1.424,µg/m³,VOC,N/A
40203,FOREST HILLS,Chloromethane,2010-07-19T00:00,1.417,µg/m³,VOC,N/A
40203,FOREST HILLS,Chloromethane,2010-07-25T00:00,1.274,µg/m³,VOC,N/A
40203,FOREST HILLS,Chloromethane,2010-07-31T00:00,1.042,µg/m³,VOC,N/A
40203,FOREST HILLS,Chloromethane,2010-08-06T00:00,1.253,µg/m³,VOC,N/A
40203,FOREST HILLS,Chloromethane,2010-08-12T00:00,1.187,µg/m³,VOC,N/A
40203,FOREST HILLS,Chloromethane,2010-08-18T00:00,1.326,µg/m³,VOC,N/A
40203,FOREST HILLS,Chloromethane,2010-10-11T00:00,1.037,µg/m³,VOC,N/A
40203,FOREST HILLS,Chloromethane,2010-11-10T00:00,1.087,µg/m³,VOC,N/A
40203,FOREST HILLS,Chloromethane,2010-11-16T00:00,1.179,µg/m³,VOC,N/A
40203,FOREST HILLS,Chloromethane,2010-11-22T00:00,1.061,µg/m³,VOC,N/A
40203,FOREST HILLS,Chloromethane,2010-11-28T00:00,1.080,µg/m³,VOC,N/A
40203,FOREST HILLS,Chloromethane,2010-12-04T00:00,1.211,µg/m³,VOC,N/A
40203,FOREST HILLS,Chloromethane,2010-12-10T00:00,1.260,µg/m³,VOC,N/A
40203,FOREST HILLS,Chloromethane,2010-12-16T00:00,1.169,µg/m³,VOC,N/A
40203,FOREST HILLS,Chloromethane,2010-12-22T00:00,1.179,µg/m³,VOC,N/A
40203,FOREST HILLS,Chloromethane,2010-12-28T00:00,1.193,µg/m³,VOC,N/A
