﻿NAPS_Site_ID,Station_Name,Pollutant,Date,Value,Units,Report_Type,Method
80110,REGINA-2505 11TH. AVENUE,Chloromethane,2006-01-05T00:00,1.045,µg/m³,VOC,
80110,REGINA-2505 11TH. AVENUE,Chloromethane,2006-02-10T00:00,1.193,µg/m³,VOC,
80110,REGINA-2505 11TH. AVENUE,Chloromethane,2006-02-16T00:00,1.114,µg/m³,VOC,
80110,REGINA-2505 11TH. AVENUE,Chloromethane,2006-02-22T00:00,1.183,µg/m³,VOC,
80110,REGINA-2505 11TH. AVENUE,Chloromethane,2006-02-28T00:00,1.205,µg/m³,VOC,
80110,REGINA-2505 11TH. AVENUE,Chloromethane,2006-03-06T00:00,1.131,µg/m³,VOC,
80110,REGINA-2505 11TH. AVENUE,Chloromethane,2006-03-12T00:00,1.164,µg/m³,VOC,
80110,REGINA-2505 11TH. AVENUE,Chloromethane,2006-03-18T00:00,1.260,µg/m³,VOC,
80110,REGINA-2505 11TH. AVENUE,Chloromethane,2006-03-24T00:00,1.151,µg/m³,VOC,
80110,REGINA-2505 11TH. AVENUE,Chloromethane,2006-03-30T00:00,1.142,µg/m³,VOC,
80110,REGINA-2505 11TH. AVENUE,Chloromethane,2006-04-05T00:00,1.135,µg/m³,VOC,
80110,REGINA-2505 11TH. AVENUE,Chloromethane,2006-04-11T00:00,1.178,µg/m³,VOC,
80110,REGINA-2505 11TH. AVENUE,Chloromethane,2006-04-17T00:00,1.247,µg/m³,VOC,
80110,REGINA-2505 11TH. AVENUE,Chloromethane,2006-04-23T00:00,1.071,µg/m³,VOC,
80110,REGINA-2505 11TH. AVENUE,Chloromethane,2006-04-29T00:00,1.276,µg/m³,VOC,
80110,REGINA-2505 11TH. AVENUE,Chloromethane,2006-05-05T00:00,1.368,µg/m³,VOC,
80110,REGINA-2505 11TH. AVENUE,Chloromethane,2006-05-11T00:00,1.276,µg/m³,VOC,
80110,REGINA-2505 11TH. AVENUE,Chloromethane,2006-05-17T00:00,1.248,µg/m³,VOC,
80110,REGINA-2505 11TH. AVENUE,Chloromethane,2006-05-23T00:00,1.280,µg/m³,VOC,
80110,REGINA-2505 11TH. AVENUE,Chloromethane,2006-05-29T00:00,1.108,µg/m³,VOC,
80110,REGINA-2505 11TH. AVENUE,Chloromethane,2006-06-04T00:00,1.030,µg/m³,VOC,
80110,REGINA-2505 11TH. AVENUE,Chloromethane,2006-06-10T00:00,0.978,µg/m³,VOC,
80110,REGINA-2505 11TH. AVENUE,Chloromethane,2006-06-16T00:00,1.324,µg/m³,VOC,
80110,REGINA-2505 11TH. AVENUE,Chloromethane,2006-07-10T00:00,1.369,µg/m³,VOC,
80110,REGINA-2505 11TH. AVENUE,Chloromethane,2006-07-16T00:00,1.190,µg/m³,VOC,
80110,REGINA-2505 11TH. AVENUE,Chloromethane,2006-08-15T00:00,1.114,µg/m³,VOC,
80110,REGINA-2505 11TH. AVENUE,Chloromethane,2006-08-27T00:00,1.415,µg/m³,VOC,
80110,REGINA-2505 11TH. AVENUE,Chloromethane,2006-09-02T00:00,1.060,µg/m³,VOC,
80110,REGINA-2505 11TH. AVENUE,Chloromethane,2006-09-08T00:00,0.907,µg/m³,VOC,
80110,REGINA-2505 11TH. AVENUE,Chloromethane,2006-09-14T00:00,1.159,µg/m³,VOC,
80110,REGINA-2505 11TH. AVENUE,Chloromethane,2006-09-20T00:00,1.049,µg/m³,VOC,
80110,REGINA-2505 11TH. AVENUE,Chloromethane,2006-09-26T00:00,1.163,µg/m³,VOC,
80110,REGINA-2505 11TH. AVENUE,Chloromethane,2006-10-02T00:00,0.985,µg/m³,VOC,
80110,REGINA-2505 11TH. AVENUE,Chloromethane,2006-10-08T00:00,1.120,µg/m³,VOC,
80110,REGINA-2505 11TH. AVENUE,Chloromethane,2006-10-14T00:00,1.012,µg/m³,VOC,
80110,REGINA-2505 11TH. AVENUE,Chloromethane,2006-10-20T00:00,0.924,µg/m³,VOC,
80110,REGINA-2505 11TH. AVENUE,Chloromethane,2006-10-26T00:00,0.891,µg/m³,VOC,
80110,REGINA-2505 11TH. AVENUE,Chloromethane,2006-11-01T00:00,0.892,µg/m³,VOC,
80110,REGINA-2505 11TH. AVENUE,Chloromethane,2006-11-07T00:00,0.849,µg/m³,VOC,
80110,REGINA-2505 11TH. AVENUE,Chloromethane,2006-11-13T00:00,0.900,µg/m³,VOC,
80110,REGINA-2505 11TH. AVENUE,Chloromethane,2006-11-19T00:00,0.902,µg/m³,VOC,
80110,REGINA-2505 11TH. AVENUE,Chloromethane,2006-11-25T00:00,0.979,µg/m³,VOC,
80110,REGINA-2505 11TH. AVENUE,Chloromethane,2006-12-01T00:00,0.963,µg/m³,VOC,
80110,REGINA-2505 11TH. AVENUE,Chloromethane,2006-12-07T00:00,0.959,µg/m³,VOC,
80110,REGINA-2505 11TH. AVENUE,Chloromethane,2006-12-13T00:00,1.065,µg/m³,VOC,
80110,REGINA-2505 11TH. AVENUE,Chloromethane,2006-12-19T00:00,1.148,µg/m³,VOC,
80110,REGINA-2505 11TH. AVENUE,Chloromethane,2006-12-25T00:00,1.087,µg/m³,VOC,
80110,REGINA-2505 11TH. AVENUE,Chloromethane,2006-12-31T00:00,1.083,µg/m³,VOC,
