﻿NAPS_Site_ID,Station_Name,Pollutant,Date,Value,Units,Report_Type,Method
60904,LONDON,Benzene,2015-12-31T19:00,0.377,µg/m³,VOC,GC-MS
60904,LONDON,Benzene,2016-01-06T19:00,0.815,µg/m³,VOC,GC-MS
60904,LONDON,Benzene,2016-01-12T19:00,0.472,µg/m³,VOC,GC-MS
60904,LONDON,Benzene,2016-01-18T19:00,0.290,µg/m³,VOC,GC-MS
60904,LONDON,Benzene,2016-01-24T19:00,0.631,µg/m³,VOC,GC-MS
60904,LONDON,Benzene,2016-01-30T19:00,0.601,µg/m³,VOC,GC-MS
60904,LONDON,Benzene,2016-02-05T19:00,0.581,µg/m³,VOC,GC-MS
60904,LONDON,Benzene,2016-02-11T19:00,0.499,µg/m³,VOC,GC-MS
60904,LONDON,Benzene,2016-02-17T19:00,0.552,µg/m³,VOC,GC-MS
60904,LONDON,Benzene,2016-02-23T19:00,0.569,µg/m³,VOC,GC-MS
60904,LONDON,Benzene,2016-02-29T19:00,0.413,µg/m³,VOC,GC-MS
60904,LONDON,Benzene,2016-03-06T19:00,0.464,µg/m³,VOC,GC-MS
60904,LONDON,Benzene,2016-03-12T19:00,0.525,µg/m³,VOC,GC-MS
60904,LONDON,Benzene,2016-03-18T20:00,0.448,µg/m³,VOC,GC-MS
60904,LONDON,Benzene,2016-03-24T20:00,0.397,µg/m³,VOC,GC-MS
60904,LONDON,Benzene,2016-04-29T20:00,0.382,µg/m³,VOC,GC-MS
60904,LONDON,Benzene,2016-05-05T20:00,0.324,µg/m³,VOC,GC-MS
60904,LONDON,Benzene,2016-05-11T20:00,0.332,µg/m³,VOC,GC-MS
60904,LONDON,Benzene,2016-05-17T20:00,0.184,µg/m³,VOC,GC-MS
60904,LONDON,Benzene,2016-05-23T20:00,0.321,µg/m³,VOC,GC-MS
60904,LONDON,Benzene,2016-06-04T20:00,0.159,µg/m³,VOC,GC-MS
60904,LONDON,Benzene,2016-06-10T20:00,0.187,µg/m³,VOC,GC-MS
60904,LONDON,Benzene,2016-06-16T20:00,0.255,µg/m³,VOC,GC-MS
60904,LONDON,Benzene,2016-06-28T20:00,0.137,µg/m³,VOC,GC-MS
60904,LONDON,Benzene,2016-07-04T20:00,0.229,µg/m³,VOC,GC-MS
60904,LONDON,Benzene,2016-07-10T20:00,0.239,µg/m³,VOC,GC-MS
60904,LONDON,Benzene,2016-07-16T20:00,0.336,µg/m³,VOC,GC-MS
60904,LONDON,Benzene,2016-07-28T20:00,0.164,µg/m³,VOC,GC-MS
60904,LONDON,Benzene,2016-08-03T20:00,0.214,µg/m³,VOC,GC-MS
60904,LONDON,Benzene,2016-08-09T20:00,0.314,µg/m³,VOC,GC-MS
60904,LONDON,Benzene,2016-08-15T20:00,0.122,µg/m³,VOC,GC-MS
60904,LONDON,Benzene,2016-08-21T20:00,0.149,µg/m³,VOC,GC-MS
60904,LONDON,Benzene,2016-08-27T20:00,0.283,µg/m³,VOC,GC-MS
60904,LONDON,Benzene,2016-09-02T20:00,0.272,µg/m³,VOC,GC-MS
60904,LONDON,Benzene,2016-09-08T20:00,0.181,µg/m³,VOC,GC-MS
60904,LONDON,Benzene,2016-09-14T20:00,0.155,µg/m³,VOC,GC-MS
60904,LONDON,Benzene,2016-09-26T20:00,0.187,µg/m³,VOC,GC-MS
60904,LONDON,Benzene,2016-10-02T20:00,0.351,µg/m³,VOC,GC-MS
60904,LONDON,Benzene,2016-10-08T20:00,0.172,µg/m³,VOC,GC-MS
60904,LONDON,Benzene,2016-10-14T20:00,0.373,µg/m³,VOC,GC-MS
60904,LONDON,Benzene,2016-10-20T20:00,0.226,µg/m³,VOC,GC-MS
60904,LONDON,Benzene,2016-10-26T20:00,0.248,µg/m³,VOC,GC-MS
60904,LONDON,Benzene,2016-11-01T20:00,0.644,µg/m³,VOC,GC-MS
60904,LONDON,Benzene,2016-11-07T19:00,0.748,µg/m³,VOC,GC-MS
60904,LONDON,Benzene,2016-11-13T19:00,0.381,µg/m³,VOC,GC-MS
60904,LONDON,Benzene,2016-11-19T19:00,0.181,µg/m³,VOC,GC-MS
60904,LONDON,Benzene,2016-11-25T19:00,0.348,µg/m³,VOC,GC-MS
60904,LONDON,Benzene,2016-12-01T19:00,0.251,µg/m³,VOC,GC-MS
60904,LONDON,Benzene,2016-12-07T19:00,0.369,µg/m³,VOC,GC-MS
60904,LONDON,Benzene,2016-12-13T19:00,0.465,µg/m³,VOC,GC-MS
60904,LONDON,Benzene,2016-12-19T19:00,0.545,µg/m³,VOC,GC-MS
60904,LONDON,Benzene,2016-12-25T19:00,0.424,µg/m³,VOC,GC-MS
