﻿NAPS_Site_ID,Station_Name,Pollutant,Date,Value,Units,Report_Type,Method
50104,ONTARIO,n-Propylbenzene,2003-01-03T00:00,0.058,µg/m³,VOC,N/A
50104,ONTARIO,n-Propylbenzene,2003-01-09T00:00,0.067,µg/m³,VOC,N/A
50104,ONTARIO,n-Propylbenzene,2003-01-15T00:00,0.104,µg/m³,VOC,N/A
50104,ONTARIO,n-Propylbenzene,2003-01-21T00:00,0.034,µg/m³,VOC,N/A
50104,ONTARIO,n-Propylbenzene,2003-01-27T00:00,0.054,µg/m³,VOC,N/A
50104,ONTARIO,n-Propylbenzene,2003-02-02T00:00,0.198,µg/m³,VOC,N/A
50104,ONTARIO,n-Propylbenzene,2003-02-08T00:00,0.056,µg/m³,VOC,N/A
50104,ONTARIO,n-Propylbenzene,2003-02-14T00:00,0.030,µg/m³,VOC,N/A
50104,ONTARIO,n-Propylbenzene,2003-02-20T00:00,0.054,µg/m³,VOC,N/A
50104,ONTARIO,n-Propylbenzene,2003-02-26T00:00,0.195,µg/m³,VOC,N/A
50104,ONTARIO,n-Propylbenzene,2003-03-04T00:00,0.127,µg/m³,VOC,N/A
50104,ONTARIO,n-Propylbenzene,2003-03-10T00:00,0.054,µg/m³,VOC,N/A
50104,ONTARIO,n-Propylbenzene,2003-03-16T00:00,0.263,µg/m³,VOC,N/A
50104,ONTARIO,n-Propylbenzene,2003-03-22T00:00,0.286,µg/m³,VOC,N/A
50104,ONTARIO,n-Propylbenzene,2003-03-28T00:00,0.192,µg/m³,VOC,N/A
50104,ONTARIO,n-Propylbenzene,2003-04-03T00:00,0.017,µg/m³,VOC,N/A
50104,ONTARIO,n-Propylbenzene,2003-04-09T00:00,0.171,µg/m³,VOC,N/A
50104,ONTARIO,n-Propylbenzene,2003-04-15T00:00,0.220,µg/m³,VOC,N/A
50104,ONTARIO,n-Propylbenzene,2003-04-21T00:00,0.154,µg/m³,VOC,N/A
50104,ONTARIO,n-Propylbenzene,2003-04-27T00:00,0.119,µg/m³,VOC,N/A
50104,ONTARIO,n-Propylbenzene,2003-05-03T00:00,0.099,µg/m³,VOC,N/A
50104,ONTARIO,n-Propylbenzene,2003-05-09T00:00,0.173,µg/m³,VOC,N/A
50104,ONTARIO,n-Propylbenzene,2003-05-15T00:00,0.168,µg/m³,VOC,N/A
50104,ONTARIO,n-Propylbenzene,2003-05-27T00:00,0.130,µg/m³,VOC,N/A
50104,ONTARIO,n-Propylbenzene,2003-06-02T00:00,0.148,µg/m³,VOC,N/A
50104,ONTARIO,n-Propylbenzene,2003-06-08T00:00,0.177,µg/m³,VOC,N/A
50104,ONTARIO,n-Propylbenzene,2003-06-14T00:00,0.139,µg/m³,VOC,N/A
50104,ONTARIO,n-Propylbenzene,2003-07-08T00:00,0.063,µg/m³,VOC,N/A
50104,ONTARIO,n-Propylbenzene,2003-07-14T00:00,0.079,µg/m³,VOC,N/A
50104,ONTARIO,n-Propylbenzene,2003-07-26T00:00,0.057,µg/m³,VOC,N/A
50104,ONTARIO,n-Propylbenzene,2003-08-01T00:00,0.088,µg/m³,VOC,N/A
50104,ONTARIO,n-Propylbenzene,2003-09-18T00:00,0.196,µg/m³,VOC,N/A
50104,ONTARIO,n-Propylbenzene,2003-09-24T00:00,0.085,µg/m³,VOC,N/A
50104,ONTARIO,n-Propylbenzene,2003-09-30T00:00,0.071,µg/m³,VOC,N/A
50104,ONTARIO,n-Propylbenzene,2003-10-06T00:00,0.196,µg/m³,VOC,N/A
50104,ONTARIO,n-Propylbenzene,2003-10-12T00:00,0.333,µg/m³,VOC,N/A
50104,ONTARIO,n-Propylbenzene,2003-10-18T00:00,0.134,µg/m³,VOC,N/A
50104,ONTARIO,n-Propylbenzene,2003-10-24T00:00,0.150,µg/m³,VOC,N/A
50104,ONTARIO,n-Propylbenzene,2003-10-30T00:00,0.108,µg/m³,VOC,N/A
50104,ONTARIO,n-Propylbenzene,2003-11-05T00:00,0.224,µg/m³,VOC,N/A
50104,ONTARIO,n-Propylbenzene,2003-11-11T00:00,0.102,µg/m³,VOC,N/A
50104,ONTARIO,n-Propylbenzene,2003-11-17T00:00,0.253,µg/m³,VOC,N/A
50104,ONTARIO,n-Propylbenzene,2003-11-29T00:00,0.056,µg/m³,VOC,N/A
50104,ONTARIO,n-Propylbenzene,2003-12-05T00:00,0.055,µg/m³,VOC,N/A
50104,ONTARIO,n-Propylbenzene,2003-12-11T00:00,0.285,µg/m³,VOC,N/A
50104,ONTARIO,n-Propylbenzene,2003-12-17T00:00,0.684,µg/m³,VOC,N/A
50104,ONTARIO,n-Propylbenzene,2003-12-23T00:00,0.608,µg/m³,VOC,N/A
50104,ONTARIO,n-Propylbenzene,2003-12-29T00:00,0.868,µg/m³,VOC,N/A
