﻿NAPS_Site_ID,Station_Name,Pollutant,Date,Value,Units,Report_Type,Method
50129,MONTRÉAL-RIVIÈRE-DES-PRAIRIES,Benzo(a)Fluorene,2002-01-08T00:00,0.000,µg/m³,PAH,
50129,MONTRÉAL-RIVIÈRE-DES-PRAIRIES,Benzo(a)Fluorene,2002-01-20T00:00,0.002,µg/m³,PAH,
50129,MONTRÉAL-RIVIÈRE-DES-PRAIRIES,Benzo(a)Fluorene,2002-02-25T00:00,0.000,µg/m³,PAH,
50129,MONTRÉAL-RIVIÈRE-DES-PRAIRIES,Benzo(a)Fluorene,2002-03-09T00:00,0.000,µg/m³,PAH,
50129,MONTRÉAL-RIVIÈRE-DES-PRAIRIES,Benzo(a)Fluorene,2002-03-21T00:00,0.000,µg/m³,PAH,
50129,MONTRÉAL-RIVIÈRE-DES-PRAIRIES,Benzo(a)Fluorene,2002-04-02T00:00,0.000,µg/m³,PAH,
50129,MONTRÉAL-RIVIÈRE-DES-PRAIRIES,Benzo(a)Fluorene,2002-04-14T00:00,0.000,µg/m³,PAH,
50129,MONTRÉAL-RIVIÈRE-DES-PRAIRIES,Benzo(a)Fluorene,2002-04-26T00:00,0.000,µg/m³,PAH,
50129,MONTRÉAL-RIVIÈRE-DES-PRAIRIES,Benzo(a)Fluorene,2002-05-08T00:00,0.000,µg/m³,PAH,
50129,MONTRÉAL-RIVIÈRE-DES-PRAIRIES,Benzo(a)Fluorene,2002-05-20T00:00,0.000,µg/m³,PAH,
50129,MONTRÉAL-RIVIÈRE-DES-PRAIRIES,Benzo(a)Fluorene,2002-06-01T00:00,0.000,µg/m³,PAH,
50129,MONTRÉAL-RIVIÈRE-DES-PRAIRIES,Benzo(a)Fluorene,2002-06-13T00:00,0.000,µg/m³,PAH,
50129,MONTRÉAL-RIVIÈRE-DES-PRAIRIES,Benzo(a)Fluorene,2002-06-25T00:00,0.000,µg/m³,PAH,
50129,MONTRÉAL-RIVIÈRE-DES-PRAIRIES,Benzo(a)Fluorene,2002-07-19T00:00,0.000,µg/m³,PAH,
50129,MONTRÉAL-RIVIÈRE-DES-PRAIRIES,Benzo(a)Fluorene,2002-08-12T00:00,0.000,µg/m³,PAH,
50129,MONTRÉAL-RIVIÈRE-DES-PRAIRIES,Benzo(a)Fluorene,2002-08-24T00:00,0.000,µg/m³,PAH,
50129,MONTRÉAL-RIVIÈRE-DES-PRAIRIES,Benzo(a)Fluorene,2002-09-05T00:00,0.000,µg/m³,PAH,
50129,MONTRÉAL-RIVIÈRE-DES-PRAIRIES,Benzo(a)Fluorene,2002-09-17T00:00,0.000,µg/m³,PAH,
50129,MONTRÉAL-RIVIÈRE-DES-PRAIRIES,Benzo(a)Fluorene,2002-09-29T00:00,0.000,µg/m³,PAH,
