﻿NAPS_Site_ID,Station_Name,Pollutant,Date,Value,Units,Report_Type,Method
60403,EVANS & ARNOLD,Strontium,1995-06-02T00:00,0.000,µg/m³,DICHOT,EDXRF
60403,EVANS & ARNOLD,Strontium,1995-06-02T00:00,0.002,µg/m³,DICHOT,EDXRF
60403,EVANS & ARNOLD,Strontium,1995-06-08T00:00,0.000,µg/m³,DICHOT,EDXRF
60403,EVANS & ARNOLD,Strontium,1995-06-08T00:00,0.001,µg/m³,DICHOT,EDXRF
60403,EVANS & ARNOLD,Strontium,1995-06-14T00:00,0.000,µg/m³,DICHOT,EDXRF
60403,EVANS & ARNOLD,Strontium,1995-06-14T00:00,0.002,µg/m³,DICHOT,EDXRF
60403,EVANS & ARNOLD,Strontium,1995-06-20T00:00,0.000,µg/m³,DICHOT,EDXRF
60403,EVANS & ARNOLD,Strontium,1995-06-20T00:00,0.003,µg/m³,DICHOT,EDXRF
60403,EVANS & ARNOLD,Strontium,1995-06-26T00:00,0.000,µg/m³,DICHOT,EDXRF
60403,EVANS & ARNOLD,Strontium,1995-06-26T00:00,0.003,µg/m³,DICHOT,EDXRF
60403,EVANS & ARNOLD,Strontium,1995-07-02T00:00,0.001,µg/m³,DICHOT,EDXRF
60403,EVANS & ARNOLD,Strontium,1995-07-02T00:00,0.001,µg/m³,DICHOT,EDXRF
60403,EVANS & ARNOLD,Strontium,1995-07-14T00:00,0.001,µg/m³,DICHOT,EDXRF
60403,EVANS & ARNOLD,Strontium,1995-07-14T00:00,0.003,µg/m³,DICHOT,EDXRF
60403,EVANS & ARNOLD,Strontium,1995-07-20T00:00,0.000,µg/m³,DICHOT,EDXRF
60403,EVANS & ARNOLD,Strontium,1995-07-20T00:00,0.001,µg/m³,DICHOT,EDXRF
60403,EVANS & ARNOLD,Strontium,1995-07-26T00:00,0.000,µg/m³,DICHOT,EDXRF
60403,EVANS & ARNOLD,Strontium,1995-07-26T00:00,0.002,µg/m³,DICHOT,EDXRF
60403,EVANS & ARNOLD,Strontium,1995-08-19T00:00,0.001,µg/m³,DICHOT,EDXRF
60403,EVANS & ARNOLD,Strontium,1995-08-19T00:00,0.002,µg/m³,DICHOT,EDXRF
60403,EVANS & ARNOLD,Strontium,1995-08-28T00:00,0.002,µg/m³,DICHOT,EDXRF
60403,EVANS & ARNOLD,Strontium,1995-08-28T00:00,0.004,µg/m³,DICHOT,EDXRF
60403,EVANS & ARNOLD,Strontium,1995-08-29T00:00,0.000,µg/m³,DICHOT,EDXRF
60403,EVANS & ARNOLD,Strontium,1995-08-29T00:00,0.002,µg/m³,DICHOT,EDXRF
60403,EVANS & ARNOLD,Strontium,1995-08-30T00:00,0.000,µg/m³,DICHOT,EDXRF
60403,EVANS & ARNOLD,Strontium,1995-08-30T00:00,0.001,µg/m³,DICHOT,EDXRF
60403,EVANS & ARNOLD,Strontium,1995-08-31T00:00,0.000,µg/m³,DICHOT,EDXRF
60403,EVANS & ARNOLD,Strontium,1995-08-31T00:00,0.003,µg/m³,DICHOT,EDXRF
60403,EVANS & ARNOLD,Strontium,1995-09-01T00:00,0.000,µg/m³,DICHOT,EDXRF
60403,EVANS & ARNOLD,Strontium,1995-09-01T00:00,0.001,µg/m³,DICHOT,EDXRF
60403,EVANS & ARNOLD,Strontium,1995-09-02T00:00,0.000,µg/m³,DICHOT,EDXRF
60403,EVANS & ARNOLD,Strontium,1995-09-02T00:00,0.001,µg/m³,DICHOT,EDXRF
60403,EVANS & ARNOLD,Strontium,1995-09-03T00:00,0.000,µg/m³,DICHOT,EDXRF
60403,EVANS & ARNOLD,Strontium,1995-09-03T00:00,0.001,µg/m³,DICHOT,EDXRF
60403,EVANS & ARNOLD,Strontium,1995-09-16T00:00,0.000,µg/m³,DICHOT,EDXRF
60403,EVANS & ARNOLD,Strontium,1995-09-16T00:00,0.001,µg/m³,DICHOT,EDXRF
60403,EVANS & ARNOLD,Strontium,1995-09-17T00:00,0.000,µg/m³,DICHOT,EDXRF
60403,EVANS & ARNOLD,Strontium,1995-09-17T00:00,0.001,µg/m³,DICHOT,EDXRF
60403,EVANS & ARNOLD,Strontium,1995-09-18T00:00,0.000,µg/m³,DICHOT,EDXRF
60403,EVANS & ARNOLD,Strontium,1995-09-18T00:00,0.002,µg/m³,DICHOT,EDXRF
60403,EVANS & ARNOLD,Strontium,1995-09-19T00:00,0.000,µg/m³,DICHOT,EDXRF
60403,EVANS & ARNOLD,Strontium,1995-09-19T00:00,0.002,µg/m³,DICHOT,EDXRF
60403,EVANS & ARNOLD,Strontium,1995-09-20T00:00,0.000,µg/m³,DICHOT,EDXRF
60403,EVANS & ARNOLD,Strontium,1995-09-20T00:00,0.001,µg/m³,DICHOT,EDXRF
60403,EVANS & ARNOLD,Strontium,1995-09-21T00:00,0.000,µg/m³,DICHOT,EDXRF
60403,EVANS & ARNOLD,Strontium,1995-09-21T00:00,0.001,µg/m³,DICHOT,EDXRF
60403,EVANS & ARNOLD,Strontium,1995-09-22T00:00,0.000,µg/m³,DICHOT,EDXRF
60403,EVANS & ARNOLD,Strontium,1995-09-22T00:00,0.001,µg/m³,DICHOT,EDXRF
60403,EVANS & ARNOLD,Strontium,1995-09-23T00:00,0.000,µg/m³,DICHOT,EDXRF
60403,EVANS & ARNOLD,Strontium,1995-09-23T00:00,0.000,µg/m³,DICHOT,EDXRF
60403,EVANS & ARNOLD,Strontium,1995-09-24T00:00,0.000,µg/m³,DICHOT,EDXRF
60403,EVANS & ARNOLD,Strontium,1995-09-24T00:00,0.001,µg/m³,DICHOT,EDXRF
60403,EVANS & ARNOLD,Strontium,1995-09-25T00:00,0.000,µg/m³,DICHOT,EDXRF
60403,EVANS & ARNOLD,Strontium,1995-09-25T00:00,0.003,µg/m³,DICHOT,EDXRF
60403,EVANS & ARNOLD,Strontium,1995-09-26T00:00,0.000,µg/m³,DICHOT,EDXRF
60403,EVANS & ARNOLD,Strontium,1995-09-26T00:00,0.003,µg/m³,DICHOT,EDXRF
60403,EVANS & ARNOLD,Strontium,1995-09-27T00:00,0.000,µg/m³,DICHOT,EDXRF
60403,EVANS & ARNOLD,Strontium,1995-09-27T00:00,0.003,µg/m³,DICHOT,EDXRF
60403,EVANS & ARNOLD,Strontium,1995-09-28T00:00,0.001,µg/m³,DICHOT,EDXRF
60403,EVANS & ARNOLD,Strontium,1995-09-28T00:00,0.002,µg/m³,DICHOT,EDXRF
60403,EVANS & ARNOLD,Strontium,1995-09-29T00:00,0.001,µg/m³,DICHOT,EDXRF
60403,EVANS & ARNOLD,Strontium,1995-09-29T00:00,0.003,µg/m³,DICHOT,EDXRF
60403,EVANS & ARNOLD,Strontium,1995-09-30T00:00,0.000,µg/m³,DICHOT,EDXRF
60403,EVANS & ARNOLD,Strontium,1995-09-30T00:00,0.001,µg/m³,DICHOT,EDXRF
60403,EVANS & ARNOLD,Strontium,1995-10-01T00:00,0.000,µg/m³,DICHOT,EDXRF
60403,EVANS & ARNOLD,Strontium,1995-10-01T00:00,0.001,µg/m³,DICHOT,EDXRF
60403,EVANS & ARNOLD,Strontium,1995-10-02T00:00,0.000,µg/m³,DICHOT,EDXRF
60403,EVANS & ARNOLD,Strontium,1995-10-02T00:00,0.002,µg/m³,DICHOT,EDXRF
60403,EVANS & ARNOLD,Strontium,1995-10-03T00:00,0.000,µg/m³,DICHOT,EDXRF
60403,EVANS & ARNOLD,Strontium,1995-10-03T00:00,0.002,µg/m³,DICHOT,EDXRF
60403,EVANS & ARNOLD,Strontium,1995-10-04T00:00,0.000,µg/m³,DICHOT,EDXRF
60403,EVANS & ARNOLD,Strontium,1995-10-04T00:00,0.002,µg/m³,DICHOT,EDXRF
60403,EVANS & ARNOLD,Strontium,1995-10-05T00:00,0.000,µg/m³,DICHOT,EDXRF
60403,EVANS & ARNOLD,Strontium,1995-10-05T00:00,0.001,µg/m³,DICHOT,EDXRF
60403,EVANS & ARNOLD,Strontium,1995-10-06T00:00,0.000,µg/m³,DICHOT,EDXRF
60403,EVANS & ARNOLD,Strontium,1995-10-06T00:00,0.001,µg/m³,DICHOT,EDXRF
60403,EVANS & ARNOLD,Strontium,1995-11-11T00:00,0.000,µg/m³,DICHOT,EDXRF
60403,EVANS & ARNOLD,Strontium,1995-11-11T00:00,0.000,µg/m³,DICHOT,EDXRF
60403,EVANS & ARNOLD,Strontium,1995-11-17T00:00,0.000,µg/m³,DICHOT,EDXRF
60403,EVANS & ARNOLD,Strontium,1995-11-17T00:00,0.002,µg/m³,DICHOT,EDXRF
60403,EVANS & ARNOLD,Strontium,1995-11-23T00:00,0.000,µg/m³,DICHOT,EDXRF
60403,EVANS & ARNOLD,Strontium,1995-11-23T00:00,0.003,µg/m³,DICHOT,EDXRF
60403,EVANS & ARNOLD,Strontium,1995-11-29T00:00,0.000,µg/m³,DICHOT,EDXRF
60403,EVANS & ARNOLD,Strontium,1995-11-29T00:00,0.002,µg/m³,DICHOT,EDXRF
60403,EVANS & ARNOLD,Strontium,1995-12-05T00:00,0.000,µg/m³,DICHOT,EDXRF
60403,EVANS & ARNOLD,Strontium,1995-12-05T00:00,0.003,µg/m³,DICHOT,EDXRF
60403,EVANS & ARNOLD,Strontium,1995-12-11T00:00,0.000,µg/m³,DICHOT,EDXRF
60403,EVANS & ARNOLD,Strontium,1995-12-11T00:00,0.002,µg/m³,DICHOT,EDXRF
60403,EVANS & ARNOLD,Strontium,1995-12-17T00:00,0.000,µg/m³,DICHOT,EDXRF
60403,EVANS & ARNOLD,Strontium,1995-12-17T00:00,0.001,µg/m³,DICHOT,EDXRF
60403,EVANS & ARNOLD,Strontium,1995-12-23T00:00,0.000,µg/m³,DICHOT,EDXRF
60403,EVANS & ARNOLD,Strontium,1995-12-23T00:00,0.001,µg/m³,DICHOT,EDXRF
60403,EVANS & ARNOLD,Strontium,1995-12-29T00:00,0.000,µg/m³,DICHOT,EDXRF
60403,EVANS & ARNOLD,Strontium,1995-12-29T00:00,0.001,µg/m³,DICHOT,EDXRF
