﻿NAPS_Site_ID,Station_Name,Pollutant,Date,Value,Units,Report_Type,Method
63601,LONGWOODS CONS. AUTHORITY,Cyclopentane,2005-01-01T00:00,0.026,µg/m³,VOC,
63601,LONGWOODS CONS. AUTHORITY,Cyclopentane,2005-01-04T00:00,0.027,µg/m³,VOC,
63601,LONGWOODS CONS. AUTHORITY,Cyclopentane,2005-01-07T00:00,0.034,µg/m³,VOC,
63601,LONGWOODS CONS. AUTHORITY,Cyclopentane,2005-01-10T00:00,0.055,µg/m³,VOC,
63601,LONGWOODS CONS. AUTHORITY,Cyclopentane,2005-01-13T00:00,0.021,µg/m³,VOC,
63601,LONGWOODS CONS. AUTHORITY,Cyclopentane,2005-01-16T00:00,0.023,µg/m³,VOC,
63601,LONGWOODS CONS. AUTHORITY,Cyclopentane,2005-01-22T00:00,0.035,µg/m³,VOC,
63601,LONGWOODS CONS. AUTHORITY,Cyclopentane,2005-01-28T00:00,0.020,µg/m³,VOC,
63601,LONGWOODS CONS. AUTHORITY,Cyclopentane,2005-02-06T00:00,0.048,µg/m³,VOC,
63601,LONGWOODS CONS. AUTHORITY,Cyclopentane,2005-02-12T00:00,0.042,µg/m³,VOC,
63601,LONGWOODS CONS. AUTHORITY,Cyclopentane,2005-03-23T00:00,0.012,µg/m³,VOC,
63601,LONGWOODS CONS. AUTHORITY,Cyclopentane,2005-03-26T00:00,0.019,µg/m³,VOC,
63601,LONGWOODS CONS. AUTHORITY,Cyclopentane,2005-07-06T00:00,0.020,µg/m³,VOC,
63601,LONGWOODS CONS. AUTHORITY,Cyclopentane,2005-07-09T00:00,0.016,µg/m³,VOC,
63601,LONGWOODS CONS. AUTHORITY,Cyclopentane,2005-07-12T00:00,0.016,µg/m³,VOC,
63601,LONGWOODS CONS. AUTHORITY,Cyclopentane,2005-07-18T00:00,0.018,µg/m³,VOC,
63601,LONGWOODS CONS. AUTHORITY,Cyclopentane,2005-07-21T00:00,0.027,µg/m³,VOC,
63601,LONGWOODS CONS. AUTHORITY,Cyclopentane,2005-07-24T00:00,0.017,µg/m³,VOC,
63601,LONGWOODS CONS. AUTHORITY,Cyclopentane,2005-07-27T00:00,0.012,µg/m³,VOC,
63601,LONGWOODS CONS. AUTHORITY,Cyclopentane,2005-07-30T00:00,0.008,µg/m³,VOC,
63601,LONGWOODS CONS. AUTHORITY,Cyclopentane,2005-08-05T00:00,0.057,µg/m³,VOC,
63601,LONGWOODS CONS. AUTHORITY,Cyclopentane,2005-08-11T00:00,0.011,µg/m³,VOC,
63601,LONGWOODS CONS. AUTHORITY,Cyclopentane,2005-08-14T00:00,0.023,µg/m³,VOC,
63601,LONGWOODS CONS. AUTHORITY,Cyclopentane,2005-08-23T00:00,0.008,µg/m³,VOC,
63601,LONGWOODS CONS. AUTHORITY,Cyclopentane,2005-08-26T00:00,0.012,µg/m³,VOC,
63601,LONGWOODS CONS. AUTHORITY,Cyclopentane,2005-08-29T00:00,0.017,µg/m³,VOC,
63601,LONGWOODS CONS. AUTHORITY,Cyclopentane,2005-09-01T00:00,0.019,µg/m³,VOC,
63601,LONGWOODS CONS. AUTHORITY,Cyclopentane,2005-09-25T00:00,0.037,µg/m³,VOC,
63601,LONGWOODS CONS. AUTHORITY,Cyclopentane,2005-09-28T00:00,0.015,µg/m³,VOC,
63601,LONGWOODS CONS. AUTHORITY,Cyclopentane,2005-10-01T00:00,0.012,µg/m³,VOC,
63601,LONGWOODS CONS. AUTHORITY,Cyclopentane,2005-10-04T00:00,0.019,µg/m³,VOC,
63601,LONGWOODS CONS. AUTHORITY,Cyclopentane,2005-10-07T00:00,0.010,µg/m³,VOC,
63601,LONGWOODS CONS. AUTHORITY,Cyclopentane,2005-10-10T00:00,0.040,µg/m³,VOC,
63601,LONGWOODS CONS. AUTHORITY,Cyclopentane,2005-10-13T00:00,0.033,µg/m³,VOC,
63601,LONGWOODS CONS. AUTHORITY,Cyclopentane,2005-10-16T00:00,0.006,µg/m³,VOC,
63601,LONGWOODS CONS. AUTHORITY,Cyclopentane,2005-10-19T00:00,0.012,µg/m³,VOC,
63601,LONGWOODS CONS. AUTHORITY,Cyclopentane,2005-10-22T00:00,0.024,µg/m³,VOC,
63601,LONGWOODS CONS. AUTHORITY,Cyclopentane,2005-11-15T00:00,0.013,µg/m³,VOC,
63601,LONGWOODS CONS. AUTHORITY,Cyclopentane,2005-11-18T00:00,0.018,µg/m³,VOC,
63601,LONGWOODS CONS. AUTHORITY,Cyclopentane,2005-11-21T00:00,0.008,µg/m³,VOC,
63601,LONGWOODS CONS. AUTHORITY,Cyclopentane,2005-11-24T00:00,0.078,µg/m³,VOC,
63601,LONGWOODS CONS. AUTHORITY,Cyclopentane,2005-11-27T00:00,0.028,µg/m³,VOC,
63601,LONGWOODS CONS. AUTHORITY,Cyclopentane,2005-11-30T00:00,0.044,µg/m³,VOC,
63601,LONGWOODS CONS. AUTHORITY,Cyclopentane,2005-12-03T00:00,0.021,µg/m³,VOC,
63601,LONGWOODS CONS. AUTHORITY,Cyclopentane,2005-12-06T00:00,0.050,µg/m³,VOC,
63601,LONGWOODS CONS. AUTHORITY,Cyclopentane,2005-12-09T00:00,0.032,µg/m³,VOC,
63601,LONGWOODS CONS. AUTHORITY,Cyclopentane,2005-12-12T00:00,0.022,µg/m³,VOC,
63601,LONGWOODS CONS. AUTHORITY,Cyclopentane,2005-12-15T00:00,0.047,µg/m³,VOC,
63601,LONGWOODS CONS. AUTHORITY,Cyclopentane,2005-12-18T00:00,0.046,µg/m³,VOC,
63601,LONGWOODS CONS. AUTHORITY,Cyclopentane,2005-12-21T00:00,0.049,µg/m³,VOC,
63601,LONGWOODS CONS. AUTHORITY,Cyclopentane,2005-12-24T00:00,0.048,µg/m³,VOC,
63601,LONGWOODS CONS. AUTHORITY,Cyclopentane,2005-12-27T00:00,0.067,µg/m³,VOC,
63601,LONGWOODS CONS. AUTHORITY,Cyclopentane,2005-12-30T00:00,0.048,µg/m³,VOC,
