﻿NAPS_Site_ID,Station_Name,Pollutant,Date,Value,Units,Report_Type,Method
60211,WINDSOR WEST,2-Methylhexane,2000-01-01T00:00,0.430,µg/m³,VOC,GC-MS
60211,WINDSOR WEST,2-Methylhexane,2000-01-07T00:00,0.400,µg/m³,VOC,GC-MS
60211,WINDSOR WEST,2-Methylhexane,2000-01-13T00:00,0.300,µg/m³,VOC,GC-MS
60211,WINDSOR WEST,2-Methylhexane,2000-01-19T00:00,0.690,µg/m³,VOC,GC-MS
60211,WINDSOR WEST,2-Methylhexane,2000-01-25T00:00,1.330,µg/m³,VOC,GC-MS
60211,WINDSOR WEST,2-Methylhexane,2000-01-31T00:00,0.430,µg/m³,VOC,GC-MS
60211,WINDSOR WEST,2-Methylhexane,2000-02-06T00:00,0.630,µg/m³,VOC,GC-MS
60211,WINDSOR WEST,2-Methylhexane,2000-02-12T00:00,0.740,µg/m³,VOC,GC-MS
60211,WINDSOR WEST,2-Methylhexane,2000-02-18T00:00,0.450,µg/m³,VOC,GC-MS
60211,WINDSOR WEST,2-Methylhexane,2000-02-24T00:00,0.320,µg/m³,VOC,GC-MS
60211,WINDSOR WEST,2-Methylhexane,2000-03-01T00:00,0.250,µg/m³,VOC,GC-MS
60211,WINDSOR WEST,2-Methylhexane,2000-03-07T00:00,0.800,µg/m³,VOC,GC-MS
60211,WINDSOR WEST,2-Methylhexane,2000-03-13T00:00,0.400,µg/m³,VOC,GC-MS
60211,WINDSOR WEST,2-Methylhexane,2000-03-19T00:00,0.200,µg/m³,VOC,GC-MS
60211,WINDSOR WEST,2-Methylhexane,2000-03-25T00:00,0.340,µg/m³,VOC,GC-MS
60211,WINDSOR WEST,2-Methylhexane,2000-03-31T00:00,0.790,µg/m³,VOC,GC-MS
60211,WINDSOR WEST,2-Methylhexane,2000-04-06T00:00,0.220,µg/m³,VOC,GC-MS
60211,WINDSOR WEST,2-Methylhexane,2000-04-12T00:00,0.710,µg/m³,VOC,GC-MS
60211,WINDSOR WEST,2-Methylhexane,2000-04-18T00:00,0.590,µg/m³,VOC,GC-MS
60211,WINDSOR WEST,2-Methylhexane,2000-04-24T00:00,0.290,µg/m³,VOC,GC-MS
60211,WINDSOR WEST,2-Methylhexane,2000-04-30T00:00,0.240,µg/m³,VOC,GC-MS
60211,WINDSOR WEST,2-Methylhexane,2000-05-06T00:00,0.350,µg/m³,VOC,GC-MS
60211,WINDSOR WEST,2-Methylhexane,2000-05-18T00:00,0.370,µg/m³,VOC,GC-MS
60211,WINDSOR WEST,2-Methylhexane,2000-05-30T00:00,0.360,µg/m³,VOC,GC-MS
60211,WINDSOR WEST,2-Methylhexane,2000-07-29T00:00,0.450,µg/m³,VOC,GC-MS
60211,WINDSOR WEST,2-Methylhexane,2000-08-10T00:00,1.040,µg/m³,VOC,GC-MS
60211,WINDSOR WEST,2-Methylhexane,2000-08-22T00:00,1.340,µg/m³,VOC,GC-MS
60211,WINDSOR WEST,2-Methylhexane,2000-09-09T00:00,1.370,µg/m³,VOC,GC-MS
60211,WINDSOR WEST,2-Methylhexane,2000-11-02T00:00,1.140,µg/m³,VOC,GC-MS
60211,WINDSOR WEST,2-Methylhexane,2000-11-08T00:00,0.540,µg/m³,VOC,GC-MS
60211,WINDSOR WEST,2-Methylhexane,2000-11-26T00:00,0.420,µg/m³,VOC,GC-MS
60211,WINDSOR WEST,2-Methylhexane,2000-12-02T00:00,0.310,µg/m³,VOC,GC-MS
60211,WINDSOR WEST,2-Methylhexane,2000-12-08T00:00,0.520,µg/m³,VOC,GC-MS
60211,WINDSOR WEST,2-Methylhexane,2000-12-14T00:00,1.150,µg/m³,VOC,GC-MS
60211,WINDSOR WEST,2-Methylhexane,2000-12-20T00:00,0.790,µg/m³,VOC,GC-MS
