﻿NAPS_Site_ID,Station_Name,Pollutant,Date,Value,Units,Report_Type,Method
40203,FOREST HILLS,OC2(A),2013-01-01T00:00,0.361,µg/m³,PM2.5,TOR(OC/EC)
40203,FOREST HILLS,OC2(A),2013-01-04T00:00,0.535,µg/m³,PM2.5,TOR(OC/EC)
40203,FOREST HILLS,OC2(A),2013-01-07T00:00,0.402,µg/m³,PM2.5,TOR(OC/EC)
40203,FOREST HILLS,OC2(A),2013-01-10T00:00,0.373,µg/m³,PM2.5,TOR(OC/EC)
40203,FOREST HILLS,OC2(A),2013-01-13T00:00,0.360,µg/m³,PM2.5,TOR(OC/EC)
40203,FOREST HILLS,OC2(A),2013-01-16T00:00,0.341,µg/m³,PM2.5,TOR(OC/EC)
40203,FOREST HILLS,OC2(A),2013-01-19T00:00,0.414,µg/m³,PM2.5,TOR(OC/EC)
40203,FOREST HILLS,OC2(A),2013-01-22T00:00,0.320,µg/m³,PM2.5,TOR(OC/EC)
40203,FOREST HILLS,OC2(A),2013-01-25T00:00,0.209,µg/m³,PM2.5,TOR(OC/EC)
40203,FOREST HILLS,OC2(A),2013-01-28T00:00,0.274,µg/m³,PM2.5,TOR(OC/EC)
40203,FOREST HILLS,OC2(A),2013-01-31T00:00,0.532,µg/m³,PM2.5,TOR(OC/EC)
40203,FOREST HILLS,OC2(A),2013-02-03T00:00,0.465,µg/m³,PM2.5,TOR(OC/EC)
40203,FOREST HILLS,OC2(A),2013-02-06T00:00,0.555,µg/m³,PM2.5,TOR(OC/EC)
40203,FOREST HILLS,OC2(A),2013-02-09T00:00,0.234,µg/m³,PM2.5,TOR(OC/EC)
40203,FOREST HILLS,OC2(A),2013-02-12T00:00,0.284,µg/m³,PM2.5,TOR(OC/EC)
40203,FOREST HILLS,OC2(A),2013-02-15T00:00,0.500,µg/m³,PM2.5,TOR(OC/EC)
40203,FOREST HILLS,OC2(A),2013-02-18T00:00,0.230,µg/m³,PM2.5,TOR(OC/EC)
40203,FOREST HILLS,OC2(A),2013-02-21T00:00,0.390,µg/m³,PM2.5,TOR(OC/EC)
40203,FOREST HILLS,OC2(A),2013-02-24T00:00,0.413,µg/m³,PM2.5,TOR(OC/EC)
40203,FOREST HILLS,OC2(A),2013-03-05T00:00,0.320,µg/m³,PM2.5,TOR(OC/EC)
40203,FOREST HILLS,OC2(A),2013-03-11T00:00,0.530,µg/m³,PM2.5,TOR(OC/EC)
40203,FOREST HILLS,OC2(A),2013-03-14T00:00,0.611,µg/m³,PM2.5,TOR(OC/EC)
40203,FOREST HILLS,OC2(A),2013-03-17T00:00,0.265,µg/m³,PM2.5,TOR(OC/EC)
40203,FOREST HILLS,OC2(A),2013-03-20T00:00,0.440,µg/m³,PM2.5,TOR(OC/EC)
40203,FOREST HILLS,OC2(A),2013-03-23T00:00,0.418,µg/m³,PM2.5,TOR(OC/EC)
40203,FOREST HILLS,OC2(A),2013-03-26T00:00,0.548,µg/m³,PM2.5,TOR(OC/EC)
40203,FOREST HILLS,OC2(A),2013-03-29T00:00,0.401,µg/m³,PM2.5,TOR(OC/EC)
40203,FOREST HILLS,OC2(A),2013-04-01T00:00,0.712,µg/m³,PM2.5,TOR(OC/EC)
40203,FOREST HILLS,OC2(A),2013-04-04T00:00,0.314,µg/m³,PM2.5,TOR(OC/EC)
40203,FOREST HILLS,OC2(A),2013-04-07T00:00,0.480,µg/m³,PM2.5,TOR(OC/EC)
40203,FOREST HILLS,OC2(A),2013-04-10T00:00,0.479,µg/m³,PM2.5,TOR(OC/EC)
40203,FOREST HILLS,OC2(A),2013-04-16T00:00,0.637,µg/m³,PM2.5,TOR(OC/EC)
40203,FOREST HILLS,OC2(A),2013-04-19T00:00,0.468,µg/m³,PM2.5,TOR(OC/EC)
40203,FOREST HILLS,OC2(A),2013-04-25T00:00,0.623,µg/m³,PM2.5,TOR(OC/EC)
40203,FOREST HILLS,OC2(A),2013-04-28T00:00,0.712,µg/m³,PM2.5,TOR(OC/EC)
40203,FOREST HILLS,OC2(A),2013-05-01T00:00,1.039,µg/m³,PM2.5,TOR(OC/EC)
40203,FOREST HILLS,OC2(A),2013-05-04T00:00,0.540,µg/m³,PM2.5,TOR(OC/EC)
40203,FOREST HILLS,OC2(A),2013-05-07T00:00,0.553,µg/m³,PM2.5,TOR(OC/EC)
40203,FOREST HILLS,OC2(A),2013-05-10T00:00,0.742,µg/m³,PM2.5,TOR(OC/EC)
40203,FOREST HILLS,OC2(A),2013-05-13T00:00,0.613,µg/m³,PM2.5,TOR(OC/EC)
40203,FOREST HILLS,OC2(A),2013-05-22T00:00,0.380,µg/m³,PM2.5,TOR(OC/EC)
40203,FOREST HILLS,OC2(A),2013-06-06T00:00,0.750,µg/m³,PM2.5,TOR(OC/EC)
40203,FOREST HILLS,OC2(A),2013-06-09T00:00,0.504,µg/m³,PM2.5,TOR(OC/EC)
40203,FOREST HILLS,OC2(A),2013-06-12T00:00,0.486,µg/m³,PM2.5,TOR(OC/EC)
40203,FOREST HILLS,OC2(A),2013-06-15T00:00,0.659,µg/m³,PM2.5,TOR(OC/EC)
40203,FOREST HILLS,OC2(A),2013-06-18T00:00,0.959,µg/m³,PM2.5,TOR(OC/EC)
40203,FOREST HILLS,OC2(A),2013-06-21T00:00,0.915,µg/m³,PM2.5,TOR(OC/EC)
40203,FOREST HILLS,OC2(A),2013-06-24T00:00,1.351,µg/m³,PM2.5,TOR(OC/EC)
40203,FOREST HILLS,OC2(A),2013-06-27T00:00,0.520,µg/m³,PM2.5,TOR(OC/EC)
40203,FOREST HILLS,OC2(A),2013-06-29T00:00,0.630,µg/m³,PM2.5,TOR(OC/EC)
40203,FOREST HILLS,OC2(A),2013-07-03T00:00,1.804,µg/m³,PM2.5,TOR(OC/EC)
40203,FOREST HILLS,OC2(A),2013-07-06T00:00,2.171,µg/m³,PM2.5,TOR(OC/EC)
40203,FOREST HILLS,OC2(A),2013-07-09T00:00,1.081,µg/m³,PM2.5,TOR(OC/EC)
40203,FOREST HILLS,OC2(A),2013-07-12T00:00,0.924,µg/m³,PM2.5,TOR(OC/EC)
40203,FOREST HILLS,OC2(A),2013-07-15T00:00,1.936,µg/m³,PM2.5,TOR(OC/EC)
40203,FOREST HILLS,OC2(A),2013-07-24T00:00,0.924,µg/m³,PM2.5,TOR(OC/EC)
40203,FOREST HILLS,OC2(A),2013-07-27T00:00,0.671,µg/m³,PM2.5,TOR(OC/EC)
40203,FOREST HILLS,OC2(A),2013-07-30T00:00,0.908,µg/m³,PM2.5,TOR(OC/EC)
40203,FOREST HILLS,OC2(A),2013-08-02T00:00,0.709,µg/m³,PM2.5,TOR(OC/EC)
40203,FOREST HILLS,OC2(A),2013-08-05T00:00,0.582,µg/m³,PM2.5,TOR(OC/EC)
40203,FOREST HILLS,OC2(A),2013-08-08T00:00,0.770,µg/m³,PM2.5,TOR(OC/EC)
40203,FOREST HILLS,OC2(A),2013-08-11T00:00,0.711,µg/m³,PM2.5,TOR(OC/EC)
40203,FOREST HILLS,OC2(A),2013-08-14T00:00,0.612,µg/m³,PM2.5,TOR(OC/EC)
40203,FOREST HILLS,OC2(A),2013-08-23T00:00,0.587,µg/m³,PM2.5,TOR(OC/EC)
40203,FOREST HILLS,OC2(A),2013-08-26T00:00,0.758,µg/m³,PM2.5,TOR(OC/EC)
40203,FOREST HILLS,OC2(A),2013-08-29T00:00,0.413,µg/m³,PM2.5,TOR(OC/EC)
40203,FOREST HILLS,OC2(A),2013-09-01T00:00,1.008,µg/m³,PM2.5,TOR(OC/EC)
40203,FOREST HILLS,OC2(A),2013-09-04T00:00,0.948,µg/m³,PM2.5,TOR(OC/EC)
40203,FOREST HILLS,OC2(A),2013-09-07T00:00,0.788,µg/m³,PM2.5,TOR(OC/EC)
40203,FOREST HILLS,OC2(A),2013-09-10T00:00,0.469,µg/m³,PM2.5,TOR(OC/EC)
40203,FOREST HILLS,OC2(A),2013-09-13T00:00,0.468,µg/m³,PM2.5,TOR(OC/EC)
40203,FOREST HILLS,OC2(A),2013-09-16T00:00,0.505,µg/m³,PM2.5,TOR(OC/EC)
40203,FOREST HILLS,OC2(A),2013-09-19T00:00,0.633,µg/m³,PM2.5,TOR(OC/EC)
40203,FOREST HILLS,OC2(A),2013-09-22T00:00,0.671,µg/m³,PM2.5,TOR(OC/EC)
40203,FOREST HILLS,OC2(A),2013-09-25T00:00,0.505,µg/m³,PM2.5,TOR(OC/EC)
40203,FOREST HILLS,OC2(A),2013-09-28T00:00,1.171,µg/m³,PM2.5,TOR(OC/EC)
40203,FOREST HILLS,OC2(A),2013-10-01T00:00,0.760,µg/m³,PM2.5,TOR(OC/EC)
40203,FOREST HILLS,OC2(A),2013-10-04T00:00,0.554,µg/m³,PM2.5,TOR(OC/EC)
40203,FOREST HILLS,OC2(A),2013-10-07T00:00,0.569,µg/m³,PM2.5,TOR(OC/EC)
40203,FOREST HILLS,OC2(A),2013-10-10T00:00,0.758,µg/m³,PM2.5,TOR(OC/EC)
40203,FOREST HILLS,OC2(A),2013-10-13T00:00,0.586,µg/m³,PM2.5,TOR(OC/EC)
40203,FOREST HILLS,OC2(A),2013-10-16T00:00,0.446,µg/m³,PM2.5,TOR(OC/EC)
40203,FOREST HILLS,OC2(A),2013-10-19T00:00,0.580,µg/m³,PM2.5,TOR(OC/EC)
40203,FOREST HILLS,OC2(A),2013-10-22T00:00,0.558,µg/m³,PM2.5,TOR(OC/EC)
40203,FOREST HILLS,OC2(A),2013-10-25T00:00,0.467,µg/m³,PM2.5,TOR(OC/EC)
40203,FOREST HILLS,OC2(A),2013-10-28T00:00,0.335,µg/m³,PM2.5,TOR(OC/EC)
40203,FOREST HILLS,OC2(A),2013-10-31T00:00,0.586,µg/m³,PM2.5,TOR(OC/EC)
40203,FOREST HILLS,OC2(A),2013-11-03T00:00,0.339,µg/m³,PM2.5,TOR(OC/EC)
40203,FOREST HILLS,OC2(A),2013-11-06T00:00,0.596,µg/m³,PM2.5,TOR(OC/EC)
40203,FOREST HILLS,OC2(A),2013-11-09T00:00,0.338,µg/m³,PM2.5,TOR(OC/EC)
40203,FOREST HILLS,OC2(A),2013-11-12T00:00,0.305,µg/m³,PM2.5,TOR(OC/EC)
40203,FOREST HILLS,OC2(A),2013-11-15T00:00,0.770,µg/m³,PM2.5,TOR(OC/EC)
40203,FOREST HILLS,OC2(A),2013-11-18T00:00,0.496,µg/m³,PM2.5,TOR(OC/EC)
40203,FOREST HILLS,OC2(A),2013-11-21T00:00,0.448,µg/m³,PM2.5,TOR(OC/EC)
40203,FOREST HILLS,OC2(A),2013-11-24T00:00,0.208,µg/m³,PM2.5,TOR(OC/EC)
40203,FOREST HILLS,OC2(A),2013-11-27T00:00,0.457,µg/m³,PM2.5,TOR(OC/EC)
40203,FOREST HILLS,OC2(A),2013-11-30T00:00,0.440,µg/m³,PM2.5,TOR(OC/EC)
40203,FOREST HILLS,OC2(A),2013-12-03T00:00,0.415,µg/m³,PM2.5,TOR(OC/EC)
40203,FOREST HILLS,OC2(A),2013-12-06T00:00,0.560,µg/m³,PM2.5,TOR(OC/EC)
40203,FOREST HILLS,OC2(A),2013-12-12T00:00,0.346,µg/m³,PM2.5,TOR(OC/EC)
40203,FOREST HILLS,OC2(A),2013-12-15T00:00,0.278,µg/m³,PM2.5,TOR(OC/EC)
40203,FOREST HILLS,OC2(A),2013-12-18T00:00,0.495,µg/m³,PM2.5,TOR(OC/EC)
40203,FOREST HILLS,OC2(A),2013-12-21T00:00,0.757,µg/m³,PM2.5,TOR(OC/EC)
40203,FOREST HILLS,OC2(A),2013-12-24T00:00,0.447,µg/m³,PM2.5,TOR(OC/EC)
40203,FOREST HILLS,OC2(A),2013-12-27T00:00,0.542,µg/m³,PM2.5,TOR(OC/EC)
40203,FOREST HILLS,OC2(A),2013-12-30T00:00,0.281,µg/m³,PM2.5,TOR(OC/EC)
