﻿NAPS_Site_ID,Station_Name,Pollutant,Date,Value,Units,Report_Type,Method
70119,ELLEN,"1,1-Dichloroethane",2020-01-04T00:00,0.006,µg/m³,VOC,GC-MS
70119,ELLEN,"1,1-Dichloroethane",2020-01-10T00:00,0.006,µg/m³,VOC,GC-MS
70119,ELLEN,"1,1-Dichloroethane",2020-01-16T00:00,0.007,µg/m³,VOC,GC-MS
70119,ELLEN,"1,1-Dichloroethane",2020-01-22T00:00,0.006,µg/m³,VOC,GC-MS
70119,ELLEN,"1,1-Dichloroethane",2020-01-28T00:00,0.005,µg/m³,VOC,GC-MS
70119,ELLEN,"1,1-Dichloroethane",2020-02-03T00:00,0.006,µg/m³,VOC,GC-MS
70119,ELLEN,"1,1-Dichloroethane",2020-02-09T00:00,0.006,µg/m³,VOC,GC-MS
70119,ELLEN,"1,1-Dichloroethane",2020-02-15T00:00,0.005,µg/m³,VOC,GC-MS
70119,ELLEN,"1,1-Dichloroethane",2020-02-21T00:00,0.004,µg/m³,VOC,GC-MS
70119,ELLEN,"1,1-Dichloroethane",2020-02-27T00:00,0.005,µg/m³,VOC,GC-MS
70119,ELLEN,"1,1-Dichloroethane",2020-03-04T00:00,0.004,µg/m³,VOC,GC-MS
