﻿NAPS_Site_ID,Station_Name,Pollutant,Date,Value,Units,Report_Type,Method
100111,ROCKY POINT PARK,Carbontetrachloride,1994-01-02T00:00,0.761,µg/m³,VOC,N/A
100111,ROCKY POINT PARK,Carbontetrachloride,1994-01-08T00:00,0.756,µg/m³,VOC,N/A
100111,ROCKY POINT PARK,Carbontetrachloride,1994-01-14T00:00,0.778,µg/m³,VOC,N/A
100111,ROCKY POINT PARK,Carbontetrachloride,1994-01-20T00:00,0.890,µg/m³,VOC,N/A
100111,ROCKY POINT PARK,Carbontetrachloride,1994-01-26T00:00,0.808,µg/m³,VOC,N/A
100111,ROCKY POINT PARK,Carbontetrachloride,1994-02-01T00:00,0.810,µg/m³,VOC,N/A
100111,ROCKY POINT PARK,Carbontetrachloride,1994-02-07T00:00,0.804,µg/m³,VOC,N/A
100111,ROCKY POINT PARK,Carbontetrachloride,1994-02-13T00:00,0.749,µg/m³,VOC,N/A
100111,ROCKY POINT PARK,Carbontetrachloride,1994-02-19T00:00,0.867,µg/m³,VOC,N/A
100111,ROCKY POINT PARK,Carbontetrachloride,1994-02-25T00:00,0.789,µg/m³,VOC,N/A
100111,ROCKY POINT PARK,Carbontetrachloride,1994-03-03T00:00,0.928,µg/m³,VOC,N/A
100111,ROCKY POINT PARK,Carbontetrachloride,1994-03-09T00:00,0.711,µg/m³,VOC,N/A
100111,ROCKY POINT PARK,Carbontetrachloride,1994-03-15T00:00,0.735,µg/m³,VOC,N/A
100111,ROCKY POINT PARK,Carbontetrachloride,1994-03-21T00:00,0.800,µg/m³,VOC,N/A
100111,ROCKY POINT PARK,Carbontetrachloride,1994-03-27T00:00,0.772,µg/m³,VOC,N/A
100111,ROCKY POINT PARK,Carbontetrachloride,1994-04-02T00:00,0.817,µg/m³,VOC,N/A
100111,ROCKY POINT PARK,Carbontetrachloride,1994-04-14T00:00,0.892,µg/m³,VOC,N/A
100111,ROCKY POINT PARK,Carbontetrachloride,1994-04-20T00:00,0.954,µg/m³,VOC,N/A
100111,ROCKY POINT PARK,Carbontetrachloride,1994-04-26T00:00,0.930,µg/m³,VOC,N/A
100111,ROCKY POINT PARK,Carbontetrachloride,1994-05-02T00:00,0.940,µg/m³,VOC,N/A
100111,ROCKY POINT PARK,Carbontetrachloride,1994-05-08T00:00,0.999,µg/m³,VOC,N/A
100111,ROCKY POINT PARK,Carbontetrachloride,1994-05-14T00:00,1.038,µg/m³,VOC,N/A
100111,ROCKY POINT PARK,Carbontetrachloride,1994-05-20T00:00,0.788,µg/m³,VOC,N/A
100111,ROCKY POINT PARK,Carbontetrachloride,1994-05-26T00:00,0.767,µg/m³,VOC,N/A
100111,ROCKY POINT PARK,Carbontetrachloride,1994-06-01T00:00,0.768,µg/m³,VOC,N/A
100111,ROCKY POINT PARK,Carbontetrachloride,1994-07-31T00:00,0.702,µg/m³,VOC,N/A
100111,ROCKY POINT PARK,Carbontetrachloride,1994-08-06T00:00,0.668,µg/m³,VOC,N/A
100111,ROCKY POINT PARK,Carbontetrachloride,1994-08-12T00:00,0.679,µg/m³,VOC,N/A
100111,ROCKY POINT PARK,Carbontetrachloride,1994-08-18T00:00,0.710,µg/m³,VOC,N/A
100111,ROCKY POINT PARK,Carbontetrachloride,1994-08-30T00:00,0.719,µg/m³,VOC,N/A
100111,ROCKY POINT PARK,Carbontetrachloride,1994-09-05T00:00,0.700,µg/m³,VOC,N/A
100111,ROCKY POINT PARK,Carbontetrachloride,1994-10-05T00:00,0.673,µg/m³,VOC,N/A
100111,ROCKY POINT PARK,Carbontetrachloride,1994-10-11T00:00,0.707,µg/m³,VOC,N/A
100111,ROCKY POINT PARK,Carbontetrachloride,1994-10-17T00:00,0.719,µg/m³,VOC,N/A
100111,ROCKY POINT PARK,Carbontetrachloride,1994-10-23T00:00,0.698,µg/m³,VOC,N/A
100111,ROCKY POINT PARK,Carbontetrachloride,1994-10-29T00:00,0.719,µg/m³,VOC,N/A
100111,ROCKY POINT PARK,Carbontetrachloride,1994-11-04T00:00,0.547,µg/m³,VOC,N/A
100111,ROCKY POINT PARK,Carbontetrachloride,1994-11-10T00:00,0.527,µg/m³,VOC,N/A
100111,ROCKY POINT PARK,Carbontetrachloride,1994-11-16T00:00,0.540,µg/m³,VOC,N/A
100111,ROCKY POINT PARK,Carbontetrachloride,1994-11-22T00:00,0.550,µg/m³,VOC,N/A
100111,ROCKY POINT PARK,Carbontetrachloride,1994-11-28T00:00,0.548,µg/m³,VOC,N/A
100111,ROCKY POINT PARK,Carbontetrachloride,1994-12-04T00:00,0.558,µg/m³,VOC,N/A
100111,ROCKY POINT PARK,Carbontetrachloride,1994-12-10T00:00,0.557,µg/m³,VOC,N/A
100111,ROCKY POINT PARK,Carbontetrachloride,1994-12-16T00:00,0.543,µg/m³,VOC,N/A
100111,ROCKY POINT PARK,Carbontetrachloride,1994-12-22T00:00,0.539,µg/m³,VOC,N/A
