﻿NAPS_Site_ID,Station_Name,Pollutant,Date,Value,Units,Report_Type,Method
60418,JUNCTION TRIANGLE,Pyrene,2002-01-14T00:00,0.001,µg/m³,PAH,GC-MS
60418,JUNCTION TRIANGLE,Pyrene,2002-01-26T00:00,0.003,µg/m³,PAH,GC-MS
60418,JUNCTION TRIANGLE,Pyrene,2002-02-07T00:00,0.002,µg/m³,PAH,GC-MS
60418,JUNCTION TRIANGLE,Pyrene,2002-03-03T00:00,0.001,µg/m³,PAH,GC-MS
60418,JUNCTION TRIANGLE,Pyrene,2002-03-15T00:00,0.002,µg/m³,PAH,GC-MS
60418,JUNCTION TRIANGLE,Pyrene,2002-03-27T00:00,0.001,µg/m³,PAH,GC-MS
60418,JUNCTION TRIANGLE,Pyrene,2002-04-08T00:00,0.001,µg/m³,PAH,GC-MS
60418,JUNCTION TRIANGLE,Pyrene,2002-04-20T00:00,0.001,µg/m³,PAH,GC-MS
60418,JUNCTION TRIANGLE,Pyrene,2002-05-02T00:00,0.001,µg/m³,PAH,GC-MS
60418,JUNCTION TRIANGLE,Pyrene,2002-05-14T00:00,0.003,µg/m³,PAH,GC-MS
60418,JUNCTION TRIANGLE,Pyrene,2002-05-26T00:00,0.001,µg/m³,PAH,GC-MS
60418,JUNCTION TRIANGLE,Pyrene,2002-06-07T00:00,0.002,µg/m³,PAH,GC-MS
60418,JUNCTION TRIANGLE,Pyrene,2002-06-19T00:00,0.003,µg/m³,PAH,GC-MS
60418,JUNCTION TRIANGLE,Pyrene,2002-07-01T00:00,0.004,µg/m³,PAH,GC-MS
60418,JUNCTION TRIANGLE,Pyrene,2002-07-13T00:00,0.004,µg/m³,PAH,GC-MS
60418,JUNCTION TRIANGLE,Pyrene,2002-07-25T00:00,0.002,µg/m³,PAH,GC-MS
60418,JUNCTION TRIANGLE,Pyrene,2002-08-06T00:00,0.001,µg/m³,PAH,GC-MS
60418,JUNCTION TRIANGLE,Pyrene,2002-08-18T00:00,0.002,µg/m³,PAH,GC-MS
60418,JUNCTION TRIANGLE,Pyrene,2002-08-30T00:00,0.004,µg/m³,PAH,GC-MS
60418,JUNCTION TRIANGLE,Pyrene,2002-09-11T00:00,0.001,µg/m³,PAH,GC-MS
60418,JUNCTION TRIANGLE,Pyrene,2002-09-23T00:00,0.002,µg/m³,PAH,GC-MS
60418,JUNCTION TRIANGLE,Pyrene,2002-10-05T00:00,0.001,µg/m³,PAH,GC-MS
60418,JUNCTION TRIANGLE,Pyrene,2002-10-17T00:00,0.001,µg/m³,PAH,GC-MS
60418,JUNCTION TRIANGLE,Pyrene,2002-10-29T00:00,0.003,µg/m³,PAH,GC-MS
60418,JUNCTION TRIANGLE,Pyrene,2002-11-10T00:00,0.002,µg/m³,PAH,GC-MS
60418,JUNCTION TRIANGLE,Pyrene,2002-11-22T00:00,0.002,µg/m³,PAH,GC-MS
60418,JUNCTION TRIANGLE,Pyrene,2002-12-04T00:00,0.003,µg/m³,PAH,GC-MS
60418,JUNCTION TRIANGLE,Pyrene,2002-12-16T00:00,0.002,µg/m³,PAH,GC-MS
60418,JUNCTION TRIANGLE,Pyrene,2002-12-28T00:00,0.002,µg/m³,PAH,GC-MS
