﻿NAPS_Site_ID,Station_Name,Pollutant,Date,Value,Units,Report_Type,Method
60104,OTTAWA DOWNTOWN,Rubidium,2008-01-01T00:00,0.000,µg/m³,DICHOT,ED-XRF
60104,OTTAWA DOWNTOWN,Rubidium,2008-01-01T00:00,0.000,µg/m³,DICHOT,ED-XRF
60104,OTTAWA DOWNTOWN,Rubidium,2008-01-04T00:00,0.000,µg/m³,DICHOT,ED-XRF
60104,OTTAWA DOWNTOWN,Rubidium,2008-01-04T00:00,0.000,µg/m³,DICHOT,ED-XRF
60104,OTTAWA DOWNTOWN,Rubidium,2008-01-07T00:00,0.000,µg/m³,DICHOT,ED-XRF
60104,OTTAWA DOWNTOWN,Rubidium,2008-01-07T00:00,0.000,µg/m³,DICHOT,ED-XRF
60104,OTTAWA DOWNTOWN,Rubidium,2008-01-10T00:00,0.000,µg/m³,DICHOT,ED-XRF
60104,OTTAWA DOWNTOWN,Rubidium,2008-01-10T00:00,0.000,µg/m³,DICHOT,ED-XRF
60104,OTTAWA DOWNTOWN,Rubidium,2008-01-13T00:00,0.000,µg/m³,DICHOT,ED-XRF
60104,OTTAWA DOWNTOWN,Rubidium,2008-01-13T00:00,0.000,µg/m³,DICHOT,ED-XRF
60104,OTTAWA DOWNTOWN,Rubidium,2008-01-16T00:00,0.000,µg/m³,DICHOT,ED-XRF
60104,OTTAWA DOWNTOWN,Rubidium,2008-01-16T00:00,0.000,µg/m³,DICHOT,ED-XRF
60104,OTTAWA DOWNTOWN,Rubidium,2008-01-19T00:00,0.000,µg/m³,DICHOT,ED-XRF
60104,OTTAWA DOWNTOWN,Rubidium,2008-01-19T00:00,0.000,µg/m³,DICHOT,ED-XRF
60104,OTTAWA DOWNTOWN,Rubidium,2008-01-22T00:00,0.000,µg/m³,DICHOT,ED-XRF
60104,OTTAWA DOWNTOWN,Rubidium,2008-01-22T00:00,0.000,µg/m³,DICHOT,ED-XRF
60104,OTTAWA DOWNTOWN,Rubidium,2008-01-25T00:00,0.000,µg/m³,DICHOT,ED-XRF
60104,OTTAWA DOWNTOWN,Rubidium,2008-01-25T00:00,0.000,µg/m³,DICHOT,ED-XRF
60104,OTTAWA DOWNTOWN,Rubidium,2008-01-28T00:00,0.000,µg/m³,DICHOT,ED-XRF
60104,OTTAWA DOWNTOWN,Rubidium,2008-01-28T00:00,0.000,µg/m³,DICHOT,ED-XRF
60104,OTTAWA DOWNTOWN,Rubidium,2008-01-31T00:00,0.000,µg/m³,DICHOT,ED-XRF
60104,OTTAWA DOWNTOWN,Rubidium,2008-01-31T00:00,0.000,µg/m³,DICHOT,ED-XRF
60104,OTTAWA DOWNTOWN,Rubidium,2008-02-03T00:00,0.000,µg/m³,DICHOT,ED-XRF
60104,OTTAWA DOWNTOWN,Rubidium,2008-02-03T00:00,0.000,µg/m³,DICHOT,ED-XRF
60104,OTTAWA DOWNTOWN,Rubidium,2008-02-06T00:00,0.000,µg/m³,DICHOT,ED-XRF
60104,OTTAWA DOWNTOWN,Rubidium,2008-02-06T00:00,0.000,µg/m³,DICHOT,ED-XRF
60104,OTTAWA DOWNTOWN,Rubidium,2008-02-09T00:00,0.000,µg/m³,DICHOT,ED-XRF
60104,OTTAWA DOWNTOWN,Rubidium,2008-02-09T00:00,0.000,µg/m³,DICHOT,ED-XRF
60104,OTTAWA DOWNTOWN,Rubidium,2008-02-12T00:00,0.000,µg/m³,DICHOT,ED-XRF
60104,OTTAWA DOWNTOWN,Rubidium,2008-02-12T00:00,0.000,µg/m³,DICHOT,ED-XRF
60104,OTTAWA DOWNTOWN,Rubidium,2008-02-15T00:00,0.000,µg/m³,DICHOT,ED-XRF
60104,OTTAWA DOWNTOWN,Rubidium,2008-02-15T00:00,0.000,µg/m³,DICHOT,ED-XRF
60104,OTTAWA DOWNTOWN,Rubidium,2008-02-18T00:00,0.000,µg/m³,DICHOT,ED-XRF
60104,OTTAWA DOWNTOWN,Rubidium,2008-02-18T00:00,0.000,µg/m³,DICHOT,ED-XRF
60104,OTTAWA DOWNTOWN,Rubidium,2008-02-21T00:00,0.000,µg/m³,DICHOT,ED-XRF
60104,OTTAWA DOWNTOWN,Rubidium,2008-02-21T00:00,0.000,µg/m³,DICHOT,ED-XRF
60104,OTTAWA DOWNTOWN,Rubidium,2008-02-24T00:00,0.000,µg/m³,DICHOT,ED-XRF
60104,OTTAWA DOWNTOWN,Rubidium,2008-02-24T00:00,0.000,µg/m³,DICHOT,ED-XRF
60104,OTTAWA DOWNTOWN,Rubidium,2008-02-27T00:00,0.000,µg/m³,DICHOT,ED-XRF
60104,OTTAWA DOWNTOWN,Rubidium,2008-02-27T00:00,0.000,µg/m³,DICHOT,ED-XRF
60104,OTTAWA DOWNTOWN,Rubidium,2008-03-01T00:00,0.000,µg/m³,DICHOT,ED-XRF
60104,OTTAWA DOWNTOWN,Rubidium,2008-03-01T00:00,0.000,µg/m³,DICHOT,ED-XRF
60104,OTTAWA DOWNTOWN,Rubidium,2008-03-04T00:00,0.000,µg/m³,DICHOT,ED-XRF
60104,OTTAWA DOWNTOWN,Rubidium,2008-03-04T00:00,0.000,µg/m³,DICHOT,ED-XRF
60104,OTTAWA DOWNTOWN,Rubidium,2008-03-07T00:00,0.000,µg/m³,DICHOT,ED-XRF
60104,OTTAWA DOWNTOWN,Rubidium,2008-03-07T00:00,0.000,µg/m³,DICHOT,ED-XRF
60104,OTTAWA DOWNTOWN,Rubidium,2008-03-13T00:00,0.000,µg/m³,DICHOT,ED-XRF
60104,OTTAWA DOWNTOWN,Rubidium,2008-03-13T00:00,0.000,µg/m³,DICHOT,ED-XRF
60104,OTTAWA DOWNTOWN,Rubidium,2008-03-16T00:00,0.000,µg/m³,DICHOT,ED-XRF
60104,OTTAWA DOWNTOWN,Rubidium,2008-03-16T00:00,0.000,µg/m³,DICHOT,ED-XRF
60104,OTTAWA DOWNTOWN,Rubidium,2008-03-19T00:00,0.000,µg/m³,DICHOT,ED-XRF
60104,OTTAWA DOWNTOWN,Rubidium,2008-03-19T00:00,0.000,µg/m³,DICHOT,ED-XRF
60104,OTTAWA DOWNTOWN,Rubidium,2008-03-22T00:00,0.000,µg/m³,DICHOT,ED-XRF
60104,OTTAWA DOWNTOWN,Rubidium,2008-03-22T00:00,0.000,µg/m³,DICHOT,ED-XRF
60104,OTTAWA DOWNTOWN,Rubidium,2008-03-25T00:00,0.000,µg/m³,DICHOT,ED-XRF
60104,OTTAWA DOWNTOWN,Rubidium,2008-03-25T00:00,0.000,µg/m³,DICHOT,ED-XRF
60104,OTTAWA DOWNTOWN,Rubidium,2008-03-28T00:00,0.000,µg/m³,DICHOT,ED-XRF
60104,OTTAWA DOWNTOWN,Rubidium,2008-03-28T00:00,0.000,µg/m³,DICHOT,ED-XRF
60104,OTTAWA DOWNTOWN,Rubidium,2008-03-31T00:00,0.000,µg/m³,DICHOT,ED-XRF
60104,OTTAWA DOWNTOWN,Rubidium,2008-03-31T00:00,0.000,µg/m³,DICHOT,ED-XRF
60104,OTTAWA DOWNTOWN,Rubidium,2008-04-03T00:00,0.000,µg/m³,DICHOT,ED-XRF
60104,OTTAWA DOWNTOWN,Rubidium,2008-04-03T00:00,0.000,µg/m³,DICHOT,ED-XRF
60104,OTTAWA DOWNTOWN,Rubidium,2008-04-06T00:00,0.000,µg/m³,DICHOT,ED-XRF
60104,OTTAWA DOWNTOWN,Rubidium,2008-04-06T00:00,0.000,µg/m³,DICHOT,ED-XRF
60104,OTTAWA DOWNTOWN,Rubidium,2008-04-09T00:00,0.000,µg/m³,DICHOT,ED-XRF
60104,OTTAWA DOWNTOWN,Rubidium,2008-04-09T00:00,0.000,µg/m³,DICHOT,ED-XRF
60104,OTTAWA DOWNTOWN,Rubidium,2008-04-12T00:00,0.000,µg/m³,DICHOT,ED-XRF
60104,OTTAWA DOWNTOWN,Rubidium,2008-04-12T00:00,0.000,µg/m³,DICHOT,ED-XRF
60104,OTTAWA DOWNTOWN,Rubidium,2008-04-15T00:00,0.000,µg/m³,DICHOT,ED-XRF
60104,OTTAWA DOWNTOWN,Rubidium,2008-04-15T00:00,0.000,µg/m³,DICHOT,ED-XRF
60104,OTTAWA DOWNTOWN,Rubidium,2008-04-18T00:00,0.000,µg/m³,DICHOT,ED-XRF
60104,OTTAWA DOWNTOWN,Rubidium,2008-04-18T00:00,0.001,µg/m³,DICHOT,ED-XRF
60104,OTTAWA DOWNTOWN,Rubidium,2008-04-21T00:00,0.000,µg/m³,DICHOT,ED-XRF
60104,OTTAWA DOWNTOWN,Rubidium,2008-04-21T00:00,0.001,µg/m³,DICHOT,ED-XRF
60104,OTTAWA DOWNTOWN,Rubidium,2008-04-24T00:00,0.000,µg/m³,DICHOT,ED-XRF
60104,OTTAWA DOWNTOWN,Rubidium,2008-04-24T00:00,0.000,µg/m³,DICHOT,ED-XRF
60104,OTTAWA DOWNTOWN,Rubidium,2008-04-27T00:00,0.000,µg/m³,DICHOT,ED-XRF
60104,OTTAWA DOWNTOWN,Rubidium,2008-04-27T00:00,0.001,µg/m³,DICHOT,ED-XRF
60104,OTTAWA DOWNTOWN,Rubidium,2008-04-30T00:00,0.000,µg/m³,DICHOT,ED-XRF
60104,OTTAWA DOWNTOWN,Rubidium,2008-04-30T00:00,0.000,µg/m³,DICHOT,ED-XRF
60104,OTTAWA DOWNTOWN,Rubidium,2008-05-03T00:00,0.001,µg/m³,DICHOT,ED-XRF
60104,OTTAWA DOWNTOWN,Rubidium,2008-05-03T00:00,0.001,µg/m³,DICHOT,ED-XRF
60104,OTTAWA DOWNTOWN,Rubidium,2008-05-06T00:00,0.000,µg/m³,DICHOT,ED-XRF
60104,OTTAWA DOWNTOWN,Rubidium,2008-05-06T00:00,0.000,µg/m³,DICHOT,ED-XRF
60104,OTTAWA DOWNTOWN,Rubidium,2008-05-09T00:00,0.000,µg/m³,DICHOT,ED-XRF
60104,OTTAWA DOWNTOWN,Rubidium,2008-05-09T00:00,0.001,µg/m³,DICHOT,ED-XRF
60104,OTTAWA DOWNTOWN,Rubidium,2008-05-12T00:00,0.000,µg/m³,DICHOT,ED-XRF
60104,OTTAWA DOWNTOWN,Rubidium,2008-05-12T00:00,0.001,µg/m³,DICHOT,ED-XRF
60104,OTTAWA DOWNTOWN,Rubidium,2008-05-15T00:00,0.001,µg/m³,DICHOT,ED-XRF
60104,OTTAWA DOWNTOWN,Rubidium,2008-05-15T00:00,0.001,µg/m³,DICHOT,ED-XRF
60104,OTTAWA DOWNTOWN,Rubidium,2008-05-18T00:00,0.000,µg/m³,DICHOT,ED-XRF
60104,OTTAWA DOWNTOWN,Rubidium,2008-05-18T00:00,0.001,µg/m³,DICHOT,ED-XRF
60104,OTTAWA DOWNTOWN,Rubidium,2008-05-21T00:00,0.000,µg/m³,DICHOT,ED-XRF
60104,OTTAWA DOWNTOWN,Rubidium,2008-05-21T00:00,0.001,µg/m³,DICHOT,ED-XRF
60104,OTTAWA DOWNTOWN,Rubidium,2008-05-24T00:00,0.000,µg/m³,DICHOT,ED-XRF
60104,OTTAWA DOWNTOWN,Rubidium,2008-05-24T00:00,0.000,µg/m³,DICHOT,ED-XRF
60104,OTTAWA DOWNTOWN,Rubidium,2008-05-27T00:00,0.001,µg/m³,DICHOT,ED-XRF
60104,OTTAWA DOWNTOWN,Rubidium,2008-05-27T00:00,0.001,µg/m³,DICHOT,ED-XRF
60104,OTTAWA DOWNTOWN,Rubidium,2008-05-30T00:00,0.000,µg/m³,DICHOT,ED-XRF
60104,OTTAWA DOWNTOWN,Rubidium,2008-05-30T00:00,0.001,µg/m³,DICHOT,ED-XRF
60104,OTTAWA DOWNTOWN,Rubidium,2008-07-23T00:00,0.000,µg/m³,DICHOT,ED-XRF
60104,OTTAWA DOWNTOWN,Rubidium,2008-07-23T00:00,0.000,µg/m³,DICHOT,ED-XRF
60104,OTTAWA DOWNTOWN,Rubidium,2008-07-26T00:00,0.000,µg/m³,DICHOT,ED-XRF
60104,OTTAWA DOWNTOWN,Rubidium,2008-07-26T00:00,0.000,µg/m³,DICHOT,ED-XRF
60104,OTTAWA DOWNTOWN,Rubidium,2008-07-29T00:00,0.000,µg/m³,DICHOT,ED-XRF
60104,OTTAWA DOWNTOWN,Rubidium,2008-07-29T00:00,0.000,µg/m³,DICHOT,ED-XRF
60104,OTTAWA DOWNTOWN,Rubidium,2008-08-01T00:00,0.000,µg/m³,DICHOT,ED-XRF
60104,OTTAWA DOWNTOWN,Rubidium,2008-08-01T00:00,0.000,µg/m³,DICHOT,ED-XRF
60104,OTTAWA DOWNTOWN,Rubidium,2008-08-04T00:00,0.000,µg/m³,DICHOT,ED-XRF
60104,OTTAWA DOWNTOWN,Rubidium,2008-08-04T00:00,0.000,µg/m³,DICHOT,ED-XRF
60104,OTTAWA DOWNTOWN,Rubidium,2008-08-07T00:00,0.000,µg/m³,DICHOT,ED-XRF
60104,OTTAWA DOWNTOWN,Rubidium,2008-08-07T00:00,0.000,µg/m³,DICHOT,ED-XRF
60104,OTTAWA DOWNTOWN,Rubidium,2008-08-10T00:00,0.000,µg/m³,DICHOT,ED-XRF
60104,OTTAWA DOWNTOWN,Rubidium,2008-08-10T00:00,0.000,µg/m³,DICHOT,ED-XRF
60104,OTTAWA DOWNTOWN,Rubidium,2008-08-19T00:00,0.001,µg/m³,DICHOT,ED-XRF
60104,OTTAWA DOWNTOWN,Rubidium,2008-08-19T00:00,0.001,µg/m³,DICHOT,ED-XRF
60104,OTTAWA DOWNTOWN,Rubidium,2008-08-22T00:00,0.000,µg/m³,DICHOT,ED-XRF
60104,OTTAWA DOWNTOWN,Rubidium,2008-08-22T00:00,0.001,µg/m³,DICHOT,ED-XRF
60104,OTTAWA DOWNTOWN,Rubidium,2008-08-25T00:00,0.000,µg/m³,DICHOT,ED-XRF
60104,OTTAWA DOWNTOWN,Rubidium,2008-08-25T00:00,0.000,µg/m³,DICHOT,ED-XRF
60104,OTTAWA DOWNTOWN,Rubidium,2008-08-28T00:00,0.001,µg/m³,DICHOT,ED-XRF
60104,OTTAWA DOWNTOWN,Rubidium,2008-08-28T00:00,0.001,µg/m³,DICHOT,ED-XRF
60104,OTTAWA DOWNTOWN,Rubidium,2008-08-31T00:00,0.000,µg/m³,DICHOT,ED-XRF
60104,OTTAWA DOWNTOWN,Rubidium,2008-08-31T00:00,0.001,µg/m³,DICHOT,ED-XRF
60104,OTTAWA DOWNTOWN,Rubidium,2008-09-03T00:00,0.000,µg/m³,DICHOT,ED-XRF
60104,OTTAWA DOWNTOWN,Rubidium,2008-09-03T00:00,0.001,µg/m³,DICHOT,ED-XRF
60104,OTTAWA DOWNTOWN,Rubidium,2008-09-06T00:00,0.001,µg/m³,DICHOT,ED-XRF
60104,OTTAWA DOWNTOWN,Rubidium,2008-09-06T00:00,0.001,µg/m³,DICHOT,ED-XRF
60104,OTTAWA DOWNTOWN,Rubidium,2008-09-09T00:00,0.000,µg/m³,DICHOT,ED-XRF
60104,OTTAWA DOWNTOWN,Rubidium,2008-09-09T00:00,0.001,µg/m³,DICHOT,ED-XRF
60104,OTTAWA DOWNTOWN,Rubidium,2008-09-12T00:00,0.000,µg/m³,DICHOT,ED-XRF
60104,OTTAWA DOWNTOWN,Rubidium,2008-09-12T00:00,0.001,µg/m³,DICHOT,ED-XRF
60104,OTTAWA DOWNTOWN,Rubidium,2008-09-15T00:00,0.000,µg/m³,DICHOT,ED-XRF
60104,OTTAWA DOWNTOWN,Rubidium,2008-09-15T00:00,0.000,µg/m³,DICHOT,ED-XRF
60104,OTTAWA DOWNTOWN,Rubidium,2008-09-18T00:00,0.000,µg/m³,DICHOT,ED-XRF
60104,OTTAWA DOWNTOWN,Rubidium,2008-09-18T00:00,0.000,µg/m³,DICHOT,ED-XRF
60104,OTTAWA DOWNTOWN,Rubidium,2008-09-21T00:00,0.000,µg/m³,DICHOT,ED-XRF
60104,OTTAWA DOWNTOWN,Rubidium,2008-09-21T00:00,0.000,µg/m³,DICHOT,ED-XRF
60104,OTTAWA DOWNTOWN,Rubidium,2008-09-24T00:00,0.000,µg/m³,DICHOT,ED-XRF
60104,OTTAWA DOWNTOWN,Rubidium,2008-09-24T00:00,0.000,µg/m³,DICHOT,ED-XRF
60104,OTTAWA DOWNTOWN,Rubidium,2008-09-27T00:00,0.000,µg/m³,DICHOT,ED-XRF
60104,OTTAWA DOWNTOWN,Rubidium,2008-09-27T00:00,0.002,µg/m³,DICHOT,ED-XRF
60104,OTTAWA DOWNTOWN,Rubidium,2008-09-30T00:00,0.000,µg/m³,DICHOT,ED-XRF
60104,OTTAWA DOWNTOWN,Rubidium,2008-09-30T00:00,0.000,µg/m³,DICHOT,ED-XRF
60104,OTTAWA DOWNTOWN,Rubidium,2008-10-03T00:00,0.000,µg/m³,DICHOT,ED-XRF
60104,OTTAWA DOWNTOWN,Rubidium,2008-10-03T00:00,0.001,µg/m³,DICHOT,ED-XRF
60104,OTTAWA DOWNTOWN,Rubidium,2008-10-06T00:00,0.000,µg/m³,DICHOT,ED-XRF
60104,OTTAWA DOWNTOWN,Rubidium,2008-10-06T00:00,0.000,µg/m³,DICHOT,ED-XRF
60104,OTTAWA DOWNTOWN,Rubidium,2008-10-15T00:00,0.000,µg/m³,DICHOT,ED-XRF
60104,OTTAWA DOWNTOWN,Rubidium,2008-10-15T00:00,0.000,µg/m³,DICHOT,ED-XRF
60104,OTTAWA DOWNTOWN,Rubidium,2008-10-18T00:00,0.000,µg/m³,DICHOT,ED-XRF
60104,OTTAWA DOWNTOWN,Rubidium,2008-10-18T00:00,0.001,µg/m³,DICHOT,ED-XRF
60104,OTTAWA DOWNTOWN,Rubidium,2008-10-21T00:00,0.000,µg/m³,DICHOT,ED-XRF
60104,OTTAWA DOWNTOWN,Rubidium,2008-10-21T00:00,0.000,µg/m³,DICHOT,ED-XRF
60104,OTTAWA DOWNTOWN,Rubidium,2008-10-24T00:00,0.001,µg/m³,DICHOT,ED-XRF
60104,OTTAWA DOWNTOWN,Rubidium,2008-10-24T00:00,0.001,µg/m³,DICHOT,ED-XRF
60104,OTTAWA DOWNTOWN,Rubidium,2008-10-27T00:00,0.000,µg/m³,DICHOT,ED-XRF
60104,OTTAWA DOWNTOWN,Rubidium,2008-10-27T00:00,0.001,µg/m³,DICHOT,ED-XRF
60104,OTTAWA DOWNTOWN,Rubidium,2008-10-30T00:00,0.000,µg/m³,DICHOT,ED-XRF
60104,OTTAWA DOWNTOWN,Rubidium,2008-10-30T00:00,0.000,µg/m³,DICHOT,ED-XRF
60104,OTTAWA DOWNTOWN,Rubidium,2008-11-02T00:00,0.000,µg/m³,DICHOT,ED-XRF
60104,OTTAWA DOWNTOWN,Rubidium,2008-11-02T00:00,0.000,µg/m³,DICHOT,ED-XRF
60104,OTTAWA DOWNTOWN,Rubidium,2008-11-05T00:00,0.000,µg/m³,DICHOT,ED-XRF
60104,OTTAWA DOWNTOWN,Rubidium,2008-11-05T00:00,0.000,µg/m³,DICHOT,ED-XRF
60104,OTTAWA DOWNTOWN,Rubidium,2008-11-08T00:00,0.000,µg/m³,DICHOT,ED-XRF
60104,OTTAWA DOWNTOWN,Rubidium,2008-11-08T00:00,0.000,µg/m³,DICHOT,ED-XRF
60104,OTTAWA DOWNTOWN,Rubidium,2008-11-11T00:00,0.000,µg/m³,DICHOT,ED-XRF
60104,OTTAWA DOWNTOWN,Rubidium,2008-11-11T00:00,0.000,µg/m³,DICHOT,ED-XRF
60104,OTTAWA DOWNTOWN,Rubidium,2008-11-14T00:00,0.000,µg/m³,DICHOT,ED-XRF
60104,OTTAWA DOWNTOWN,Rubidium,2008-11-14T00:00,0.000,µg/m³,DICHOT,ED-XRF
60104,OTTAWA DOWNTOWN,Rubidium,2008-11-17T00:00,0.000,µg/m³,DICHOT,ED-XRF
60104,OTTAWA DOWNTOWN,Rubidium,2008-11-17T00:00,0.000,µg/m³,DICHOT,ED-XRF
60104,OTTAWA DOWNTOWN,Rubidium,2008-11-20T00:00,0.000,µg/m³,DICHOT,ED-XRF
60104,OTTAWA DOWNTOWN,Rubidium,2008-11-20T00:00,0.000,µg/m³,DICHOT,ED-XRF
