﻿NAPS_Site_ID,Station_Name,Pollutant,Date,Value,Units,Report_Type,Method
90227,CALGARY CENTRAL,Ethylbenzene,1999-01-06T00:00,0.822,µg/m³,VOC,N/A
90227,CALGARY CENTRAL,Ethylbenzene,1999-01-12T00:00,2.344,µg/m³,VOC,N/A
90227,CALGARY CENTRAL,Ethylbenzene,1999-01-18T00:00,2.264,µg/m³,VOC,N/A
90227,CALGARY CENTRAL,Ethylbenzene,1999-01-24T00:00,0.660,µg/m³,VOC,N/A
90227,CALGARY CENTRAL,Ethylbenzene,1999-01-30T00:00,0.970,µg/m³,VOC,N/A
90227,CALGARY CENTRAL,Ethylbenzene,1999-02-05T00:00,1.900,µg/m³,VOC,N/A
90227,CALGARY CENTRAL,Ethylbenzene,1999-02-11T00:00,2.000,µg/m³,VOC,N/A
90227,CALGARY CENTRAL,Ethylbenzene,1999-02-17T00:00,1.800,µg/m³,VOC,N/A
90227,CALGARY CENTRAL,Ethylbenzene,1999-02-23T00:00,0.510,µg/m³,VOC,N/A
90227,CALGARY CENTRAL,Ethylbenzene,1999-03-01T00:00,0.950,µg/m³,VOC,N/A
90227,CALGARY CENTRAL,Ethylbenzene,1999-03-07T00:00,0.640,µg/m³,VOC,N/A
90227,CALGARY CENTRAL,Ethylbenzene,1999-03-13T00:00,2.140,µg/m³,VOC,N/A
90227,CALGARY CENTRAL,Ethylbenzene,1999-03-19T00:00,0.710,µg/m³,VOC,N/A
90227,CALGARY CENTRAL,Ethylbenzene,1999-03-25T00:00,0.650,µg/m³,VOC,N/A
90227,CALGARY CENTRAL,Ethylbenzene,1999-03-31T00:00,0.820,µg/m³,VOC,N/A
90227,CALGARY CENTRAL,Ethylbenzene,1999-04-06T00:00,0.970,µg/m³,VOC,N/A
90227,CALGARY CENTRAL,Ethylbenzene,1999-04-12T00:00,0.690,µg/m³,VOC,N/A
90227,CALGARY CENTRAL,Ethylbenzene,1999-04-18T00:00,0.630,µg/m³,VOC,N/A
90227,CALGARY CENTRAL,Ethylbenzene,1999-04-24T00:00,0.570,µg/m³,VOC,N/A
90227,CALGARY CENTRAL,Ethylbenzene,1999-04-30T00:00,1.170,µg/m³,VOC,N/A
90227,CALGARY CENTRAL,Ethylbenzene,1999-05-06T00:00,1.010,µg/m³,VOC,N/A
90227,CALGARY CENTRAL,Ethylbenzene,1999-05-12T00:00,0.960,µg/m³,VOC,N/A
90227,CALGARY CENTRAL,Ethylbenzene,1999-05-18T00:00,1.730,µg/m³,VOC,N/A
90227,CALGARY CENTRAL,Ethylbenzene,1999-05-24T00:00,0.550,µg/m³,VOC,N/A
90227,CALGARY CENTRAL,Ethylbenzene,1999-05-30T00:00,0.380,µg/m³,VOC,N/A
90227,CALGARY CENTRAL,Ethylbenzene,1999-06-05T00:00,0.620,µg/m³,VOC,N/A
90227,CALGARY CENTRAL,Ethylbenzene,1999-06-11T00:00,0.940,µg/m³,VOC,N/A
90227,CALGARY CENTRAL,Ethylbenzene,1999-06-17T00:00,1.250,µg/m³,VOC,N/A
90227,CALGARY CENTRAL,Ethylbenzene,1999-06-23T00:00,0.930,µg/m³,VOC,N/A
90227,CALGARY CENTRAL,Ethylbenzene,1999-06-29T00:00,1.130,µg/m³,VOC,N/A
90227,CALGARY CENTRAL,Ethylbenzene,1999-07-05T00:00,0.690,µg/m³,VOC,N/A
90227,CALGARY CENTRAL,Ethylbenzene,1999-07-11T00:00,0.860,µg/m³,VOC,N/A
90227,CALGARY CENTRAL,Ethylbenzene,1999-07-17T00:00,1.680,µg/m³,VOC,N/A
90227,CALGARY CENTRAL,Ethylbenzene,1999-07-23T00:00,0.910,µg/m³,VOC,N/A
90227,CALGARY CENTRAL,Ethylbenzene,1999-07-29T00:00,1.860,µg/m³,VOC,N/A
90227,CALGARY CENTRAL,Ethylbenzene,1999-08-04T00:00,1.850,µg/m³,VOC,N/A
90227,CALGARY CENTRAL,Ethylbenzene,1999-08-10T00:00,0.920,µg/m³,VOC,N/A
90227,CALGARY CENTRAL,Ethylbenzene,1999-08-16T00:00,1.210,µg/m³,VOC,N/A
90227,CALGARY CENTRAL,Ethylbenzene,1999-08-22T00:00,0.700,µg/m³,VOC,N/A
90227,CALGARY CENTRAL,Ethylbenzene,1999-08-28T00:00,1.180,µg/m³,VOC,N/A
90227,CALGARY CENTRAL,Ethylbenzene,1999-09-03T00:00,1.030,µg/m³,VOC,N/A
90227,CALGARY CENTRAL,Ethylbenzene,1999-09-09T00:00,1.580,µg/m³,VOC,N/A
90227,CALGARY CENTRAL,Ethylbenzene,1999-09-15T00:00,2.440,µg/m³,VOC,N/A
90227,CALGARY CENTRAL,Ethylbenzene,1999-09-21T00:00,2.630,µg/m³,VOC,N/A
90227,CALGARY CENTRAL,Ethylbenzene,1999-09-27T00:00,0.850,µg/m³,VOC,N/A
90227,CALGARY CENTRAL,Ethylbenzene,1999-10-03T00:00,0.700,µg/m³,VOC,N/A
90227,CALGARY CENTRAL,Ethylbenzene,1999-10-09T00:00,0.490,µg/m³,VOC,N/A
90227,CALGARY CENTRAL,Ethylbenzene,1999-10-15T00:00,1.080,µg/m³,VOC,N/A
90227,CALGARY CENTRAL,Ethylbenzene,1999-10-21T00:00,1.600,µg/m³,VOC,N/A
90227,CALGARY CENTRAL,Ethylbenzene,1999-10-27T00:00,0.920,µg/m³,VOC,N/A
90227,CALGARY CENTRAL,Ethylbenzene,1999-11-02T00:00,1.070,µg/m³,VOC,N/A
90227,CALGARY CENTRAL,Ethylbenzene,1999-11-08T00:00,2.870,µg/m³,VOC,N/A
90227,CALGARY CENTRAL,Ethylbenzene,1999-11-14T00:00,2.050,µg/m³,VOC,N/A
90227,CALGARY CENTRAL,Ethylbenzene,1999-11-20T00:00,0.720,µg/m³,VOC,N/A
90227,CALGARY CENTRAL,Ethylbenzene,1999-11-26T00:00,1.820,µg/m³,VOC,N/A
90227,CALGARY CENTRAL,Ethylbenzene,1999-12-02T00:00,1.400,µg/m³,VOC,N/A
90227,CALGARY CENTRAL,Ethylbenzene,1999-12-08T00:00,2.120,µg/m³,VOC,N/A
90227,CALGARY CENTRAL,Ethylbenzene,1999-12-14T00:00,2.320,µg/m³,VOC,N/A
90227,CALGARY CENTRAL,Ethylbenzene,1999-12-20T00:00,1.130,µg/m³,VOC,N/A
90227,CALGARY CENTRAL,Ethylbenzene,1999-12-26T00:00,0.560,µg/m³,VOC,N/A
