﻿NAPS_Site_ID,Station_Name,Pollutant,Date,Value,Units,Report_Type,Method
60211,WINDSOR WEST,Pentane,2009-01-01T00:00,0.842,µg/m³,VOC,
60211,WINDSOR WEST,Pentane,2009-01-07T00:00,1.277,µg/m³,VOC,
60211,WINDSOR WEST,Pentane,2009-01-13T00:00,0.954,µg/m³,VOC,
60211,WINDSOR WEST,Pentane,2009-01-19T00:00,1.807,µg/m³,VOC,
60211,WINDSOR WEST,Pentane,2009-01-25T00:00,1.110,µg/m³,VOC,
60211,WINDSOR WEST,Pentane,2009-01-31T00:00,0.956,µg/m³,VOC,
60211,WINDSOR WEST,Pentane,2009-02-06T00:00,1.399,µg/m³,VOC,
60211,WINDSOR WEST,Pentane,2009-02-12T00:00,0.967,µg/m³,VOC,
60211,WINDSOR WEST,Pentane,2009-02-18T00:00,0.894,µg/m³,VOC,
60211,WINDSOR WEST,Pentane,2009-02-24T00:00,1.508,µg/m³,VOC,
60211,WINDSOR WEST,Pentane,2009-03-02T00:00,0.889,µg/m³,VOC,
60211,WINDSOR WEST,Pentane,2009-03-14T00:00,1.398,µg/m³,VOC,
60211,WINDSOR WEST,Pentane,2009-03-20T00:00,0.440,µg/m³,VOC,
60211,WINDSOR WEST,Pentane,2009-03-26T00:00,1.420,µg/m³,VOC,
60211,WINDSOR WEST,Pentane,2009-04-01T00:00,0.440,µg/m³,VOC,
60211,WINDSOR WEST,Pentane,2009-04-07T00:00,0.653,µg/m³,VOC,
60211,WINDSOR WEST,Pentane,2009-04-13T00:00,0.385,µg/m³,VOC,
60211,WINDSOR WEST,Pentane,2009-04-19T00:00,0.437,µg/m³,VOC,
60211,WINDSOR WEST,Pentane,2009-04-25T00:00,1.019,µg/m³,VOC,
60211,WINDSOR WEST,Pentane,2009-05-01T00:00,1.068,µg/m³,VOC,
60211,WINDSOR WEST,Pentane,2009-05-07T00:00,1.280,µg/m³,VOC,
60211,WINDSOR WEST,Pentane,2009-05-13T00:00,0.764,µg/m³,VOC,
60211,WINDSOR WEST,Pentane,2009-05-19T00:00,0.522,µg/m³,VOC,
60211,WINDSOR WEST,Pentane,2009-05-25T00:00,0.597,µg/m³,VOC,
60211,WINDSOR WEST,Pentane,2009-05-31T00:00,0.625,µg/m³,VOC,
60211,WINDSOR WEST,Pentane,2009-06-06T00:00,1.022,µg/m³,VOC,
60211,WINDSOR WEST,Pentane,2009-06-12T00:00,1.690,µg/m³,VOC,
60211,WINDSOR WEST,Pentane,2009-06-18T00:00,0.984,µg/m³,VOC,
60211,WINDSOR WEST,Pentane,2009-06-24T00:00,3.915,µg/m³,VOC,
60211,WINDSOR WEST,Pentane,2009-06-30T00:00,0.815,µg/m³,VOC,
60211,WINDSOR WEST,Pentane,2009-07-06T00:00,1.183,µg/m³,VOC,
60211,WINDSOR WEST,Pentane,2009-07-18T00:00,0.743,µg/m³,VOC,
60211,WINDSOR WEST,Pentane,2009-07-24T00:00,1.146,µg/m³,VOC,
60211,WINDSOR WEST,Pentane,2009-07-30T00:00,2.246,µg/m³,VOC,
60211,WINDSOR WEST,Pentane,2009-08-05T00:00,0.834,µg/m³,VOC,
60211,WINDSOR WEST,Pentane,2009-08-11T00:00,1.748,µg/m³,VOC,
60211,WINDSOR WEST,Pentane,2009-08-17T00:00,0.678,µg/m³,VOC,
60211,WINDSOR WEST,Pentane,2009-08-23T00:00,1.105,µg/m³,VOC,
60211,WINDSOR WEST,Pentane,2009-08-29T00:00,0.813,µg/m³,VOC,
60211,WINDSOR WEST,Pentane,2009-09-04T00:00,5.893,µg/m³,VOC,
60211,WINDSOR WEST,Pentane,2009-09-10T00:00,1.230,µg/m³,VOC,
60211,WINDSOR WEST,Pentane,2009-09-16T00:00,0.488,µg/m³,VOC,
60211,WINDSOR WEST,Pentane,2009-09-22T00:00,0.665,µg/m³,VOC,
60211,WINDSOR WEST,Pentane,2009-09-28T00:00,0.554,µg/m³,VOC,
60211,WINDSOR WEST,Pentane,2009-10-04T00:00,0.788,µg/m³,VOC,
60211,WINDSOR WEST,Pentane,2009-10-10T00:00,0.703,µg/m³,VOC,
60211,WINDSOR WEST,Pentane,2009-10-16T00:00,1.127,µg/m³,VOC,
60211,WINDSOR WEST,Pentane,2009-10-22T00:00,0.861,µg/m³,VOC,
60211,WINDSOR WEST,Pentane,2009-10-28T00:00,6.189,µg/m³,VOC,
60211,WINDSOR WEST,Pentane,2009-11-03T00:00,4.349,µg/m³,VOC,
60211,WINDSOR WEST,Pentane,2009-11-09T00:00,3.669,µg/m³,VOC,
60211,WINDSOR WEST,Pentane,2009-11-15T00:00,2.334,µg/m³,VOC,
60211,WINDSOR WEST,Pentane,2009-11-21T00:00,3.779,µg/m³,VOC,
60211,WINDSOR WEST,Pentane,2009-12-03T00:00,0.852,µg/m³,VOC,
60211,WINDSOR WEST,Pentane,2009-12-21T00:00,1.214,µg/m³,VOC,
60211,WINDSOR WEST,Pentane,2009-12-27T00:00,0.821,µg/m³,VOC,
