﻿NAPS_Site_ID,Station_Name,Pollutant,Date,Value,Units,Report_Type,Method
40203,FOREST HILLS,Propionaldehyde,2014-04-10T20:00,0.118,µg/m³,CARBONYLS,HPLC
40203,FOREST HILLS,Propionaldehyde,2014-04-16T20:00,0.134,µg/m³,CARBONYLS,HPLC
40203,FOREST HILLS,Propionaldehyde,2014-04-22T20:00,0.109,µg/m³,CARBONYLS,HPLC
40203,FOREST HILLS,Propionaldehyde,2014-04-28T20:00,0.000,µg/m³,CARBONYLS,HPLC
40203,FOREST HILLS,Propionaldehyde,2014-05-04T20:00,0.000,µg/m³,CARBONYLS,HPLC
40203,FOREST HILLS,Propionaldehyde,2014-05-10T20:00,0.291,µg/m³,CARBONYLS,HPLC
40203,FOREST HILLS,Propionaldehyde,2014-05-16T20:00,0.031,µg/m³,CARBONYLS,HPLC
40203,FOREST HILLS,Propionaldehyde,2014-05-22T20:00,0.046,µg/m³,CARBONYLS,HPLC
40203,FOREST HILLS,Propionaldehyde,2014-05-28T20:00,0.223,µg/m³,CARBONYLS,HPLC
40203,FOREST HILLS,Propionaldehyde,2014-06-09T20:00,0.195,µg/m³,CARBONYLS,HPLC
40203,FOREST HILLS,Propionaldehyde,2014-06-21T20:00,0.559,µg/m³,CARBONYLS,HPLC
40203,FOREST HILLS,Propionaldehyde,2014-06-27T20:00,0.353,µg/m³,CARBONYLS,HPLC
40203,FOREST HILLS,Propionaldehyde,2014-07-03T20:00,0.150,µg/m³,CARBONYLS,HPLC
40203,FOREST HILLS,Propionaldehyde,2014-07-09T20:00,0.339,µg/m³,CARBONYLS,HPLC
40203,FOREST HILLS,Propionaldehyde,2014-07-15T20:00,0.055,µg/m³,CARBONYLS,HPLC
40203,FOREST HILLS,Propionaldehyde,2014-07-27T20:00,0.134,µg/m³,CARBONYLS,HPLC
40203,FOREST HILLS,Propionaldehyde,2014-08-02T20:00,0.328,µg/m³,CARBONYLS,HPLC
40203,FOREST HILLS,Propionaldehyde,2014-08-26T20:00,0.282,µg/m³,CARBONYLS,HPLC
40203,FOREST HILLS,Propionaldehyde,2014-09-01T20:00,0.153,µg/m³,CARBONYLS,HPLC
40203,FOREST HILLS,Propionaldehyde,2014-09-07T20:00,0.156,µg/m³,CARBONYLS,HPLC
40203,FOREST HILLS,Propionaldehyde,2014-09-13T20:00,0.044,µg/m³,CARBONYLS,HPLC
40203,FOREST HILLS,Propionaldehyde,2014-09-19T20:00,0.022,µg/m³,CARBONYLS,HPLC
40203,FOREST HILLS,Propionaldehyde,2014-09-25T20:00,0.374,µg/m³,CARBONYLS,HPLC
40203,FOREST HILLS,Propionaldehyde,2014-10-01T20:00,0.121,µg/m³,CARBONYLS,HPLC
40203,FOREST HILLS,Propionaldehyde,2014-10-13T20:00,0.199,µg/m³,CARBONYLS,HPLC
40203,FOREST HILLS,Propionaldehyde,2014-10-19T20:00,0.024,µg/m³,CARBONYLS,HPLC
40203,FOREST HILLS,Propionaldehyde,2014-10-25T20:00,0.002,µg/m³,CARBONYLS,HPLC
40203,FOREST HILLS,Propionaldehyde,2014-10-31T20:00,0.042,µg/m³,CARBONYLS,HPLC
40203,FOREST HILLS,Propionaldehyde,2014-11-06T19:00,0.099,µg/m³,CARBONYLS,HPLC
40203,FOREST HILLS,Propionaldehyde,2014-11-18T19:00,0.126,µg/m³,CARBONYLS,HPLC
40203,FOREST HILLS,Propionaldehyde,2014-11-24T19:00,0.068,µg/m³,CARBONYLS,HPLC
40203,FOREST HILLS,Propionaldehyde,2014-11-30T19:00,0.127,µg/m³,CARBONYLS,HPLC
40203,FOREST HILLS,Propionaldehyde,2014-12-06T19:00,0.000,µg/m³,CARBONYLS,HPLC
40203,FOREST HILLS,Propionaldehyde,2014-12-12T19:00,0.000,µg/m³,CARBONYLS,HPLC
40203,FOREST HILLS,Propionaldehyde,2014-12-24T19:00,0.019,µg/m³,CARBONYLS,HPLC
40203,FOREST HILLS,Propionaldehyde,2014-12-30T19:00,0.087,µg/m³,CARBONYLS,HPLC
