﻿NAPS_Site_ID,Station_Name,Pollutant,Date,Value,Units,Report_Type,Method
70119,ELLEN,Heptane,2004-01-04T00:00,0.269,µg/m³,VOC,GC-MS
70119,ELLEN,Heptane,2004-01-10T00:00,0.333,µg/m³,VOC,GC-MS
70119,ELLEN,Heptane,2004-01-16T00:00,0.405,µg/m³,VOC,GC-MS
70119,ELLEN,Heptane,2004-01-22T00:00,0.461,µg/m³,VOC,GC-MS
70119,ELLEN,Heptane,2004-01-28T00:00,3.775,µg/m³,VOC,GC-MS
70119,ELLEN,Heptane,2004-02-03T00:00,0.491,µg/m³,VOC,GC-MS
70119,ELLEN,Heptane,2004-02-09T00:00,0.266,µg/m³,VOC,GC-MS
70119,ELLEN,Heptane,2004-02-15T00:00,0.324,µg/m³,VOC,GC-MS
70119,ELLEN,Heptane,2004-02-22T00:00,0.218,µg/m³,VOC,GC-MS
70119,ELLEN,Heptane,2004-02-27T00:00,0.178,µg/m³,VOC,GC-MS
70119,ELLEN,Heptane,2004-03-04T00:00,0.293,µg/m³,VOC,GC-MS
70119,ELLEN,Heptane,2004-03-10T00:00,0.159,µg/m³,VOC,GC-MS
70119,ELLEN,Heptane,2004-03-16T00:00,0.197,µg/m³,VOC,GC-MS
70119,ELLEN,Heptane,2004-03-22T00:00,0.196,µg/m³,VOC,GC-MS
70119,ELLEN,Heptane,2004-03-28T00:00,0.164,µg/m³,VOC,GC-MS
70119,ELLEN,Heptane,2004-04-09T00:00,0.133,µg/m³,VOC,GC-MS
70119,ELLEN,Heptane,2004-04-15T00:00,0.226,µg/m³,VOC,GC-MS
70119,ELLEN,Heptane,2004-04-21T00:00,0.129,µg/m³,VOC,GC-MS
70119,ELLEN,Heptane,2004-04-27T00:00,0.209,µg/m³,VOC,GC-MS
70119,ELLEN,Heptane,2004-05-03T00:00,0.190,µg/m³,VOC,GC-MS
70119,ELLEN,Heptane,2004-05-09T00:00,0.159,µg/m³,VOC,GC-MS
70119,ELLEN,Heptane,2004-05-15T00:00,0.136,µg/m³,VOC,GC-MS
70119,ELLEN,Heptane,2004-05-21T00:00,0.207,µg/m³,VOC,GC-MS
70119,ELLEN,Heptane,2004-05-27T00:00,0.341,µg/m³,VOC,GC-MS
70119,ELLEN,Heptane,2004-06-02T00:00,0.583,µg/m³,VOC,GC-MS
70119,ELLEN,Heptane,2004-06-08T00:00,0.147,µg/m³,VOC,GC-MS
70119,ELLEN,Heptane,2004-06-15T00:00,0.333,µg/m³,VOC,GC-MS
70119,ELLEN,Heptane,2004-06-20T00:00,0.110,µg/m³,VOC,GC-MS
70119,ELLEN,Heptane,2004-06-26T00:00,0.117,µg/m³,VOC,GC-MS
70119,ELLEN,Heptane,2004-07-02T00:00,0.226,µg/m³,VOC,GC-MS
70119,ELLEN,Heptane,2004-07-08T00:00,0.260,µg/m³,VOC,GC-MS
70119,ELLEN,Heptane,2004-07-14T00:00,0.402,µg/m³,VOC,GC-MS
70119,ELLEN,Heptane,2004-07-20T00:00,0.246,µg/m³,VOC,GC-MS
70119,ELLEN,Heptane,2004-07-26T00:00,0.241,µg/m³,VOC,GC-MS
70119,ELLEN,Heptane,2004-08-01T00:00,0.138,µg/m³,VOC,GC-MS
70119,ELLEN,Heptane,2004-08-07T00:00,0.087,µg/m³,VOC,GC-MS
70119,ELLEN,Heptane,2004-08-13T00:00,0.516,µg/m³,VOC,GC-MS
70119,ELLEN,Heptane,2004-08-19T00:00,0.124,µg/m³,VOC,GC-MS
70119,ELLEN,Heptane,2004-08-25T00:00,0.261,µg/m³,VOC,GC-MS
70119,ELLEN,Heptane,2004-08-31T00:00,0.124,µg/m³,VOC,GC-MS
70119,ELLEN,Heptane,2004-09-06T00:00,0.193,µg/m³,VOC,GC-MS
70119,ELLEN,Heptane,2004-09-12T00:00,0.251,µg/m³,VOC,GC-MS
70119,ELLEN,Heptane,2004-09-18T00:00,0.248,µg/m³,VOC,GC-MS
70119,ELLEN,Heptane,2004-09-24T00:00,0.449,µg/m³,VOC,GC-MS
70119,ELLEN,Heptane,2004-09-30T00:00,1.520,µg/m³,VOC,GC-MS
70119,ELLEN,Heptane,2004-10-06T00:00,0.733,µg/m³,VOC,GC-MS
70119,ELLEN,Heptane,2004-10-12T00:00,0.765,µg/m³,VOC,GC-MS
70119,ELLEN,Heptane,2004-10-18T00:00,0.248,µg/m³,VOC,GC-MS
70119,ELLEN,Heptane,2004-10-24T00:00,0.245,µg/m³,VOC,GC-MS
70119,ELLEN,Heptane,2004-10-30T00:00,0.214,µg/m³,VOC,GC-MS
70119,ELLEN,Heptane,2004-11-05T00:00,0.270,µg/m³,VOC,GC-MS
70119,ELLEN,Heptane,2004-11-11T00:00,0.247,µg/m³,VOC,GC-MS
70119,ELLEN,Heptane,2004-11-17T00:00,1.706,µg/m³,VOC,GC-MS
70119,ELLEN,Heptane,2004-11-23T00:00,0.396,µg/m³,VOC,GC-MS
70119,ELLEN,Heptane,2004-11-29T00:00,0.289,µg/m³,VOC,GC-MS
70119,ELLEN,Heptane,2004-12-05T00:00,0.161,µg/m³,VOC,GC-MS
70119,ELLEN,Heptane,2004-12-11T00:00,0.199,µg/m³,VOC,GC-MS
70119,ELLEN,Heptane,2004-12-17T00:00,0.259,µg/m³,VOC,GC-MS
70119,ELLEN,Heptane,2004-12-23T00:00,0.436,µg/m³,VOC,GC-MS
70119,ELLEN,Heptane,2004-12-29T00:00,0.772,µg/m³,VOC,GC-MS
