﻿NAPS_Site_ID,Station_Name,Pollutant,Date,Value,Units,Report_Type,Method
30113,JOHNSTON BUILDING,SO2,2007-01-18T00:00,8.751,µg/m³,SPEC,N/A
30113,JOHNSTON BUILDING,SO2,2007-01-21T00:00,3.369,µg/m³,SPEC,N/A
30113,JOHNSTON BUILDING,SO2,2007-01-24T00:00,16.733,µg/m³,SPEC,N/A
30113,JOHNSTON BUILDING,SO2,2007-01-27T00:00,3.231,µg/m³,SPEC,N/A
30113,JOHNSTON BUILDING,SO2,2007-01-30T00:00,4.574,µg/m³,SPEC,N/A
30113,JOHNSTON BUILDING,SO2,2007-02-02T00:00,6.318,µg/m³,SPEC,N/A
30113,JOHNSTON BUILDING,SO2,2007-02-05T00:00,5.717,µg/m³,SPEC,N/A
30113,JOHNSTON BUILDING,SO2,2007-02-08T00:00,6.336,µg/m³,SPEC,N/A
30113,JOHNSTON BUILDING,SO2,2007-02-14T00:00,14.689,µg/m³,SPEC,N/A
30113,JOHNSTON BUILDING,SO2,2007-02-17T00:00,4.342,µg/m³,SPEC,N/A
30113,JOHNSTON BUILDING,SO2,2007-02-20T00:00,7.935,µg/m³,SPEC,N/A
30113,JOHNSTON BUILDING,SO2,2007-02-23T00:00,12.220,µg/m³,SPEC,N/A
30113,JOHNSTON BUILDING,SO2,2007-02-26T00:00,9.092,µg/m³,SPEC,N/A
30113,JOHNSTON BUILDING,SO2,2007-03-01T00:00,6.261,µg/m³,SPEC,N/A
30113,JOHNSTON BUILDING,SO2,2007-03-07T00:00,4.018,µg/m³,SPEC,N/A
30113,JOHNSTON BUILDING,SO2,2007-03-10T00:00,9.453,µg/m³,SPEC,N/A
30113,JOHNSTON BUILDING,SO2,2007-04-09T00:00,6.344,µg/m³,SPEC,N/A
30113,JOHNSTON BUILDING,SO2,2007-04-12T00:00,7.661,µg/m³,SPEC,N/A
30113,JOHNSTON BUILDING,SO2,2007-04-21T00:00,7.130,µg/m³,SPEC,N/A
30113,JOHNSTON BUILDING,SO2,2007-04-24T00:00,6.066,µg/m³,SPEC,N/A
30113,JOHNSTON BUILDING,SO2,2007-04-27T00:00,9.333,µg/m³,SPEC,N/A
30113,JOHNSTON BUILDING,SO2,2007-04-30T00:00,1.393,µg/m³,SPEC,N/A
30113,JOHNSTON BUILDING,SO2,2007-05-03T00:00,6.467,µg/m³,SPEC,N/A
30113,JOHNSTON BUILDING,SO2,2007-05-06T00:00,0.034,µg/m³,SPEC,N/A
30113,JOHNSTON BUILDING,SO2,2007-05-12T00:00,4.691,µg/m³,SPEC,N/A
30113,JOHNSTON BUILDING,SO2,2007-05-15T00:00,6.997,µg/m³,SPEC,N/A
30113,JOHNSTON BUILDING,SO2,2007-05-24T00:00,16.608,µg/m³,SPEC,N/A
30113,JOHNSTON BUILDING,SO2,2007-05-27T00:00,14.898,µg/m³,SPEC,N/A
30113,JOHNSTON BUILDING,SO2,2007-05-30T00:00,12.960,µg/m³,SPEC,N/A
30113,JOHNSTON BUILDING,SO2,2007-06-02T00:00,5.438,µg/m³,SPEC,N/A
30113,JOHNSTON BUILDING,SO2,2007-07-05T00:00,12.221,µg/m³,SPEC,N/A
30113,JOHNSTON BUILDING,SO2,2007-07-08T00:00,8.735,µg/m³,SPEC,N/A
30113,JOHNSTON BUILDING,SO2,2007-07-11T00:00,3.365,µg/m³,SPEC,N/A
30113,JOHNSTON BUILDING,SO2,2007-07-20T00:00,8.268,µg/m³,SPEC,N/A
30113,JOHNSTON BUILDING,SO2,2007-07-23T00:00,15.328,µg/m³,SPEC,N/A
30113,JOHNSTON BUILDING,SO2,2007-08-16T00:00,9.358,µg/m³,SPEC,N/A
30113,JOHNSTON BUILDING,SO2,2007-08-19T00:00,3.076,µg/m³,SPEC,N/A
30113,JOHNSTON BUILDING,SO2,2007-08-28T00:00,12.604,µg/m³,SPEC,N/A
30113,JOHNSTON BUILDING,SO2,2007-08-31T00:00,4.024,µg/m³,SPEC,N/A
30113,JOHNSTON BUILDING,SO2,2007-09-15T00:00,2.289,µg/m³,SPEC,N/A
30113,JOHNSTON BUILDING,SO2,2007-09-18T00:00,4.878,µg/m³,SPEC,N/A
30113,JOHNSTON BUILDING,SO2,2007-09-21T00:00,3.858,µg/m³,SPEC,N/A
30113,JOHNSTON BUILDING,SO2,2007-09-24T00:00,2.230,µg/m³,SPEC,N/A
30113,JOHNSTON BUILDING,SO2,2007-09-27T00:00,8.238,µg/m³,SPEC,N/A
30113,JOHNSTON BUILDING,SO2,2007-09-30T00:00,5.113,µg/m³,SPEC,N/A
30113,JOHNSTON BUILDING,SO2,2007-10-03T00:00,11.016,µg/m³,SPEC,N/A
30113,JOHNSTON BUILDING,SO2,2007-10-18T00:00,2.826,µg/m³,SPEC,N/A
30113,JOHNSTON BUILDING,SO2,2007-10-21T00:00,0.000,µg/m³,SPEC,N/A
30113,JOHNSTON BUILDING,SO2,2007-10-24T00:00,6.835,µg/m³,SPEC,N/A
30113,JOHNSTON BUILDING,SO2,2007-11-02T00:00,2.654,µg/m³,SPEC,N/A
30113,JOHNSTON BUILDING,SO2,2007-11-11T00:00,2.286,µg/m³,SPEC,N/A
30113,JOHNSTON BUILDING,SO2,2007-11-14T00:00,8.245,µg/m³,SPEC,N/A
30113,JOHNSTON BUILDING,SO2,2007-11-17T00:00,5.740,µg/m³,SPEC,N/A
30113,JOHNSTON BUILDING,SO2,2007-11-20T00:00,3.139,µg/m³,SPEC,N/A
30113,JOHNSTON BUILDING,SO2,2007-11-23T00:00,3.987,µg/m³,SPEC,N/A
30113,JOHNSTON BUILDING,SO2,2007-11-26T00:00,14.731,µg/m³,SPEC,N/A
30113,JOHNSTON BUILDING,SO2,2007-11-29T00:00,11.031,µg/m³,SPEC,N/A
30113,JOHNSTON BUILDING,SO2,2007-12-02T00:00,7.392,µg/m³,SPEC,N/A
30113,JOHNSTON BUILDING,SO2,2007-12-05T00:00,24.180,µg/m³,SPEC,N/A
30113,JOHNSTON BUILDING,SO2,2007-12-08T00:00,16.163,µg/m³,SPEC,N/A
30113,JOHNSTON BUILDING,SO2,2007-12-20T00:00,6.426,µg/m³,SPEC,N/A
30113,JOHNSTON BUILDING,SO2,2007-12-23T00:00,21.036,µg/m³,SPEC,N/A
30113,JOHNSTON BUILDING,SO2,2007-12-26T00:00,12.335,µg/m³,SPEC,N/A
30113,JOHNSTON BUILDING,SO2,2007-12-29T00:00,11.623,µg/m³,SPEC,N/A
