﻿NAPS_Site_ID,Station_Name,Pollutant,Date,Value,Units,Report_Type,Method
100121,SECOND NARROWS,"1,1,1-Trichloroethane",2008-10-21T00:00,0.062,µg/m³,VOC,GC-MS
100121,SECOND NARROWS,"1,1,1-Trichloroethane",2008-11-02T00:00,0.105,µg/m³,VOC,GC-MS
100121,SECOND NARROWS,"1,1,1-Trichloroethane",2008-11-08T00:00,0.240,µg/m³,VOC,GC-MS
100121,SECOND NARROWS,"1,1,1-Trichloroethane",2008-11-14T00:00,0.074,µg/m³,VOC,GC-MS
100121,SECOND NARROWS,"1,1,1-Trichloroethane",2008-11-20T00:00,0.102,µg/m³,VOC,GC-MS
100121,SECOND NARROWS,"1,1,1-Trichloroethane",2008-11-26T00:00,0.068,µg/m³,VOC,GC-MS
100121,SECOND NARROWS,"1,1,1-Trichloroethane",2008-12-02T00:00,0.061,µg/m³,VOC,GC-MS
100121,SECOND NARROWS,"1,1,1-Trichloroethane",2008-12-08T00:00,0.054,µg/m³,VOC,GC-MS
100121,SECOND NARROWS,"1,1,1-Trichloroethane",2008-12-14T00:00,0.066,µg/m³,VOC,GC-MS
100121,SECOND NARROWS,"1,1,1-Trichloroethane",2008-12-20T00:00,0.054,µg/m³,VOC,GC-MS
100121,SECOND NARROWS,"1,1,1-Trichloroethane",2008-12-26T00:00,0.066,µg/m³,VOC,GC-MS
