﻿NAPS_Site_ID,Station_Name,Pollutant,Date,Value,Units,Report_Type,Method
50103,MONTRÉAL-SAINT-JEAN-BAPTISTE,3-Ethyltoluene,2013-01-10T00:00,0.269,µg/m³,VOC,GC-MS
50103,MONTRÉAL-SAINT-JEAN-BAPTISTE,3-Ethyltoluene,2013-01-16T00:00,0.152,µg/m³,VOC,GC-MS
50103,MONTRÉAL-SAINT-JEAN-BAPTISTE,3-Ethyltoluene,2013-01-22T00:00,0.055,µg/m³,VOC,GC-MS
50103,MONTRÉAL-SAINT-JEAN-BAPTISTE,3-Ethyltoluene,2013-01-28T00:00,0.104,µg/m³,VOC,GC-MS
50103,MONTRÉAL-SAINT-JEAN-BAPTISTE,3-Ethyltoluene,2013-02-03T00:00,0.080,µg/m³,VOC,GC-MS
50103,MONTRÉAL-SAINT-JEAN-BAPTISTE,3-Ethyltoluene,2013-02-09T00:00,0.179,µg/m³,VOC,GC-MS
50103,MONTRÉAL-SAINT-JEAN-BAPTISTE,3-Ethyltoluene,2013-02-15T00:00,0.083,µg/m³,VOC,GC-MS
50103,MONTRÉAL-SAINT-JEAN-BAPTISTE,3-Ethyltoluene,2013-02-21T00:00,0.076,µg/m³,VOC,GC-MS
50103,MONTRÉAL-SAINT-JEAN-BAPTISTE,3-Ethyltoluene,2013-02-27T00:00,0.030,µg/m³,VOC,GC-MS
50103,MONTRÉAL-SAINT-JEAN-BAPTISTE,3-Ethyltoluene,2013-03-05T00:00,0.211,µg/m³,VOC,GC-MS
50103,MONTRÉAL-SAINT-JEAN-BAPTISTE,3-Ethyltoluene,2013-03-11T00:00,0.072,µg/m³,VOC,GC-MS
50103,MONTRÉAL-SAINT-JEAN-BAPTISTE,3-Ethyltoluene,2013-03-17T00:00,0.050,µg/m³,VOC,GC-MS
50103,MONTRÉAL-SAINT-JEAN-BAPTISTE,3-Ethyltoluene,2013-03-23T00:00,0.091,µg/m³,VOC,GC-MS
50103,MONTRÉAL-SAINT-JEAN-BAPTISTE,3-Ethyltoluene,2013-03-29T00:00,0.156,µg/m³,VOC,GC-MS
50103,MONTRÉAL-SAINT-JEAN-BAPTISTE,3-Ethyltoluene,2013-04-04T00:00,0.124,µg/m³,VOC,GC-MS
50103,MONTRÉAL-SAINT-JEAN-BAPTISTE,3-Ethyltoluene,2013-04-10T00:00,0.112,µg/m³,VOC,GC-MS
50103,MONTRÉAL-SAINT-JEAN-BAPTISTE,3-Ethyltoluene,2013-04-16T00:00,0.116,µg/m³,VOC,GC-MS
50103,MONTRÉAL-SAINT-JEAN-BAPTISTE,3-Ethyltoluene,2013-04-22T00:00,0.112,µg/m³,VOC,GC-MS
50103,MONTRÉAL-SAINT-JEAN-BAPTISTE,3-Ethyltoluene,2013-04-28T00:00,0.146,µg/m³,VOC,GC-MS
50103,MONTRÉAL-SAINT-JEAN-BAPTISTE,3-Ethyltoluene,2013-05-04T00:00,0.160,µg/m³,VOC,GC-MS
50103,MONTRÉAL-SAINT-JEAN-BAPTISTE,3-Ethyltoluene,2013-05-10T00:00,0.037,µg/m³,VOC,GC-MS
50103,MONTRÉAL-SAINT-JEAN-BAPTISTE,3-Ethyltoluene,2013-05-16T00:00,0.215,µg/m³,VOC,GC-MS
50103,MONTRÉAL-SAINT-JEAN-BAPTISTE,3-Ethyltoluene,2013-05-22T00:00,0.065,µg/m³,VOC,GC-MS
50103,MONTRÉAL-SAINT-JEAN-BAPTISTE,3-Ethyltoluene,2013-05-28T00:00,0.202,µg/m³,VOC,GC-MS
50103,MONTRÉAL-SAINT-JEAN-BAPTISTE,3-Ethyltoluene,2013-06-03T00:00,0.224,µg/m³,VOC,GC-MS
50103,MONTRÉAL-SAINT-JEAN-BAPTISTE,3-Ethyltoluene,2013-06-09T00:00,0.184,µg/m³,VOC,GC-MS
50103,MONTRÉAL-SAINT-JEAN-BAPTISTE,3-Ethyltoluene,2013-06-15T00:00,0.246,µg/m³,VOC,GC-MS
50103,MONTRÉAL-SAINT-JEAN-BAPTISTE,3-Ethyltoluene,2013-06-21T00:00,0.258,µg/m³,VOC,GC-MS
50103,MONTRÉAL-SAINT-JEAN-BAPTISTE,3-Ethyltoluene,2013-06-27T00:00,0.064,µg/m³,VOC,GC-MS
50103,MONTRÉAL-SAINT-JEAN-BAPTISTE,3-Ethyltoluene,2013-07-03T00:00,0.187,µg/m³,VOC,GC-MS
50103,MONTRÉAL-SAINT-JEAN-BAPTISTE,3-Ethyltoluene,2013-07-09T00:00,0.053,µg/m³,VOC,GC-MS
50103,MONTRÉAL-SAINT-JEAN-BAPTISTE,3-Ethyltoluene,2013-07-15T00:00,0.347,µg/m³,VOC,GC-MS
50103,MONTRÉAL-SAINT-JEAN-BAPTISTE,3-Ethyltoluene,2013-07-21T00:00,0.051,µg/m³,VOC,GC-MS
50103,MONTRÉAL-SAINT-JEAN-BAPTISTE,3-Ethyltoluene,2013-07-27T00:00,0.059,µg/m³,VOC,GC-MS
50103,MONTRÉAL-SAINT-JEAN-BAPTISTE,3-Ethyltoluene,2013-08-02T00:00,0.251,µg/m³,VOC,GC-MS
50103,MONTRÉAL-SAINT-JEAN-BAPTISTE,3-Ethyltoluene,2013-08-08T00:00,0.205,µg/m³,VOC,GC-MS
50103,MONTRÉAL-SAINT-JEAN-BAPTISTE,3-Ethyltoluene,2013-08-14T00:00,0.140,µg/m³,VOC,GC-MS
50103,MONTRÉAL-SAINT-JEAN-BAPTISTE,3-Ethyltoluene,2013-08-20T00:00,0.351,µg/m³,VOC,GC-MS
50103,MONTRÉAL-SAINT-JEAN-BAPTISTE,3-Ethyltoluene,2013-08-26T00:00,0.227,µg/m³,VOC,GC-MS
50103,MONTRÉAL-SAINT-JEAN-BAPTISTE,3-Ethyltoluene,2013-09-01T00:00,0.056,µg/m³,VOC,GC-MS
50103,MONTRÉAL-SAINT-JEAN-BAPTISTE,3-Ethyltoluene,2013-09-07T00:00,0.204,µg/m³,VOC,GC-MS
50103,MONTRÉAL-SAINT-JEAN-BAPTISTE,3-Ethyltoluene,2013-09-13T00:00,0.085,µg/m³,VOC,GC-MS
50103,MONTRÉAL-SAINT-JEAN-BAPTISTE,3-Ethyltoluene,2013-09-19T00:00,0.310,µg/m³,VOC,GC-MS
50103,MONTRÉAL-SAINT-JEAN-BAPTISTE,3-Ethyltoluene,2013-09-25T00:00,0.191,µg/m³,VOC,GC-MS
50103,MONTRÉAL-SAINT-JEAN-BAPTISTE,3-Ethyltoluene,2013-10-01T00:00,0.405,µg/m³,VOC,GC-MS
50103,MONTRÉAL-SAINT-JEAN-BAPTISTE,3-Ethyltoluene,2013-10-07T00:00,0.080,µg/m³,VOC,GC-MS
50103,MONTRÉAL-SAINT-JEAN-BAPTISTE,3-Ethyltoluene,2013-10-13T00:00,0.097,µg/m³,VOC,GC-MS
50103,MONTRÉAL-SAINT-JEAN-BAPTISTE,3-Ethyltoluene,2013-10-19T00:00,0.148,µg/m³,VOC,GC-MS
50103,MONTRÉAL-SAINT-JEAN-BAPTISTE,3-Ethyltoluene,2013-10-25T00:00,0.149,µg/m³,VOC,GC-MS
50103,MONTRÉAL-SAINT-JEAN-BAPTISTE,3-Ethyltoluene,2013-10-31T00:00,0.083,µg/m³,VOC,GC-MS
50103,MONTRÉAL-SAINT-JEAN-BAPTISTE,3-Ethyltoluene,2013-11-06T00:00,0.061,µg/m³,VOC,GC-MS
50103,MONTRÉAL-SAINT-JEAN-BAPTISTE,3-Ethyltoluene,2013-11-12T00:00,0.098,µg/m³,VOC,GC-MS
50103,MONTRÉAL-SAINT-JEAN-BAPTISTE,3-Ethyltoluene,2013-11-18T00:00,0.104,µg/m³,VOC,GC-MS
50103,MONTRÉAL-SAINT-JEAN-BAPTISTE,3-Ethyltoluene,2013-11-24T00:00,0.058,µg/m³,VOC,GC-MS
50103,MONTRÉAL-SAINT-JEAN-BAPTISTE,3-Ethyltoluene,2013-11-30T00:00,0.089,µg/m³,VOC,GC-MS
50103,MONTRÉAL-SAINT-JEAN-BAPTISTE,3-Ethyltoluene,2013-12-06T00:00,0.109,µg/m³,VOC,GC-MS
50103,MONTRÉAL-SAINT-JEAN-BAPTISTE,3-Ethyltoluene,2013-12-12T00:00,0.039,µg/m³,VOC,GC-MS
50103,MONTRÉAL-SAINT-JEAN-BAPTISTE,3-Ethyltoluene,2013-12-18T00:00,0.100,µg/m³,VOC,GC-MS
50103,MONTRÉAL-SAINT-JEAN-BAPTISTE,3-Ethyltoluene,2013-12-24T00:00,0.154,µg/m³,VOC,GC-MS
50103,MONTRÉAL-SAINT-JEAN-BAPTISTE,3-Ethyltoluene,2013-12-30T00:00,0.050,µg/m³,VOC,GC-MS
