﻿NAPS_Site_ID,Station_Name,Pollutant,Date,Value,Units,Report_Type,Method
60104,OTTAWA DOWNTOWN,Butane,1993-09-22T00:00,5.015,µg/m³,VOC,
60104,OTTAWA DOWNTOWN,Butane,1993-10-04T00:00,3.962,µg/m³,VOC,
60104,OTTAWA DOWNTOWN,Butane,1993-10-10T00:00,2.790,µg/m³,VOC,
60104,OTTAWA DOWNTOWN,Butane,1993-10-16T00:00,9.194,µg/m³,VOC,
60104,OTTAWA DOWNTOWN,Butane,1993-10-22T00:00,1.342,µg/m³,VOC,
60104,OTTAWA DOWNTOWN,Butane,1993-10-28T00:00,4.299,µg/m³,VOC,
60104,OTTAWA DOWNTOWN,Butane,1993-11-03T00:00,9.408,µg/m³,VOC,
60104,OTTAWA DOWNTOWN,Butane,1993-11-09T00:00,8.282,µg/m³,VOC,
60104,OTTAWA DOWNTOWN,Butane,1993-11-15T00:00,4.047,µg/m³,VOC,
60104,OTTAWA DOWNTOWN,Butane,1993-11-21T00:00,3.914,µg/m³,VOC,
60104,OTTAWA DOWNTOWN,Butane,1993-11-27T00:00,6.915,µg/m³,VOC,
60104,OTTAWA DOWNTOWN,Butane,1993-12-03T00:00,11.340,µg/m³,VOC,
60104,OTTAWA DOWNTOWN,Butane,1993-12-09T00:00,15.689,µg/m³,VOC,
60104,OTTAWA DOWNTOWN,Butane,1993-12-15T00:00,3.871,µg/m³,VOC,
60104,OTTAWA DOWNTOWN,Butane,1993-12-27T00:00,5.401,µg/m³,VOC,
