﻿NAPS_Site_ID,Station_Name,Pollutant,Date,Value,Units,Report_Type,Method
30118,VOGUE BUILDING,Dodecane,1997-01-04T00:00,0.120,µg/m³,VOC,N/A
30118,VOGUE BUILDING,Dodecane,1997-01-10T00:00,0.180,µg/m³,VOC,N/A
30118,VOGUE BUILDING,Dodecane,1997-01-16T00:00,0.160,µg/m³,VOC,N/A
30118,VOGUE BUILDING,Dodecane,1997-01-22T00:00,0.140,µg/m³,VOC,N/A
30118,VOGUE BUILDING,Dodecane,1997-02-03T00:00,0.420,µg/m³,VOC,N/A
30118,VOGUE BUILDING,Dodecane,1997-02-09T00:00,0.000,µg/m³,VOC,N/A
30118,VOGUE BUILDING,Dodecane,1997-02-15T00:00,0.180,µg/m³,VOC,N/A
30118,VOGUE BUILDING,Dodecane,1997-02-21T00:00,0.140,µg/m³,VOC,N/A
30118,VOGUE BUILDING,Dodecane,1997-02-27T00:00,0.300,µg/m³,VOC,N/A
30118,VOGUE BUILDING,Dodecane,1997-03-05T00:00,0.220,µg/m³,VOC,N/A
30118,VOGUE BUILDING,Dodecane,1997-03-11T00:00,0.220,µg/m³,VOC,N/A
30118,VOGUE BUILDING,Dodecane,1997-03-17T00:00,0.120,µg/m³,VOC,N/A
30118,VOGUE BUILDING,Dodecane,1997-03-23T00:00,0.040,µg/m³,VOC,N/A
30118,VOGUE BUILDING,Dodecane,1997-03-29T00:00,0.280,µg/m³,VOC,N/A
30118,VOGUE BUILDING,Dodecane,1997-04-04T00:00,0.360,µg/m³,VOC,N/A
30118,VOGUE BUILDING,Dodecane,1997-04-10T00:00,0.340,µg/m³,VOC,N/A
30118,VOGUE BUILDING,Dodecane,1997-04-16T00:00,0.160,µg/m³,VOC,N/A
30118,VOGUE BUILDING,Dodecane,1997-05-04T00:00,0.160,µg/m³,VOC,N/A
30118,VOGUE BUILDING,Dodecane,1997-05-10T00:00,0.200,µg/m³,VOC,N/A
30118,VOGUE BUILDING,Dodecane,1997-05-16T00:00,0.260,µg/m³,VOC,N/A
30118,VOGUE BUILDING,Dodecane,1997-05-28T00:00,0.400,µg/m³,VOC,N/A
30118,VOGUE BUILDING,Dodecane,1997-06-03T00:00,0.420,µg/m³,VOC,N/A
30118,VOGUE BUILDING,Dodecane,1997-06-09T00:00,0.459,µg/m³,VOC,N/A
30118,VOGUE BUILDING,Dodecane,1997-06-15T00:00,0.141,µg/m³,VOC,N/A
30118,VOGUE BUILDING,Dodecane,1997-06-21T00:00,0.296,µg/m³,VOC,N/A
30118,VOGUE BUILDING,Dodecane,1997-06-27T00:00,0.286,µg/m³,VOC,N/A
30118,VOGUE BUILDING,Dodecane,1997-07-09T00:00,1.184,µg/m³,VOC,N/A
30118,VOGUE BUILDING,Dodecane,1997-07-15T00:00,0.560,µg/m³,VOC,N/A
30118,VOGUE BUILDING,Dodecane,1997-07-21T00:00,0.259,µg/m³,VOC,N/A
30118,VOGUE BUILDING,Dodecane,1997-07-27T00:00,0.609,µg/m³,VOC,N/A
30118,VOGUE BUILDING,Dodecane,1997-08-02T00:00,0.220,µg/m³,VOC,N/A
30118,VOGUE BUILDING,Dodecane,1997-08-08T00:00,0.689,µg/m³,VOC,N/A
30118,VOGUE BUILDING,Dodecane,1997-08-20T00:00,0.551,µg/m³,VOC,N/A
30118,VOGUE BUILDING,Dodecane,1997-09-07T00:00,0.358,µg/m³,VOC,N/A
30118,VOGUE BUILDING,Dodecane,1997-09-13T00:00,0.457,µg/m³,VOC,N/A
30118,VOGUE BUILDING,Dodecane,1997-09-25T00:00,0.348,µg/m³,VOC,N/A
30118,VOGUE BUILDING,Dodecane,1997-10-25T00:00,0.181,µg/m³,VOC,N/A
30118,VOGUE BUILDING,Dodecane,1997-10-31T00:00,0.373,µg/m³,VOC,N/A
30118,VOGUE BUILDING,Dodecane,1997-11-06T00:00,0.293,µg/m³,VOC,N/A
30118,VOGUE BUILDING,Dodecane,1997-11-12T00:00,0.059,µg/m³,VOC,N/A
30118,VOGUE BUILDING,Dodecane,1997-11-18T00:00,0.091,µg/m³,VOC,N/A
30118,VOGUE BUILDING,Dodecane,1997-11-24T00:00,0.274,µg/m³,VOC,N/A
30118,VOGUE BUILDING,Dodecane,1997-11-30T00:00,0.039,µg/m³,VOC,N/A
30118,VOGUE BUILDING,Dodecane,1997-12-06T00:00,0.080,µg/m³,VOC,N/A
30118,VOGUE BUILDING,Dodecane,1997-12-12T00:00,0.120,µg/m³,VOC,N/A
30118,VOGUE BUILDING,Dodecane,1997-12-18T00:00,0.220,µg/m³,VOC,N/A
