﻿NAPS_Site_ID,Station_Name,Pollutant,Date,Value,Units,Report_Type,Method
90140,EDMONTON MCCAULEY,"2,2,4-Trimethylpentane",2022-01-05T00:00,0.212,µg/m³,VOC,GC-MS
90140,EDMONTON MCCAULEY,"2,2,4-Trimethylpentane",2022-01-11T00:00,0.510,µg/m³,VOC,GC-MS
90140,EDMONTON MCCAULEY,"2,2,4-Trimethylpentane",2022-01-17T00:00,0.094,µg/m³,VOC,GC-MS
90140,EDMONTON MCCAULEY,"2,2,4-Trimethylpentane",2022-01-23T00:00,0.050,µg/m³,VOC,GC-MS
90140,EDMONTON MCCAULEY,"2,2,4-Trimethylpentane",2022-01-29T00:00,0.236,µg/m³,VOC,GC-MS
90140,EDMONTON MCCAULEY,"2,2,4-Trimethylpentane",2022-02-04T00:00,0.290,µg/m³,VOC,GC-MS
90140,EDMONTON MCCAULEY,"2,2,4-Trimethylpentane",2022-02-10T00:00,0.054,µg/m³,VOC,GC-MS
90140,EDMONTON MCCAULEY,"2,2,4-Trimethylpentane",2022-02-28T00:00,0.448,µg/m³,VOC,GC-MS
90140,EDMONTON MCCAULEY,"2,2,4-Trimethylpentane",2022-03-06T00:00,0.088,µg/m³,VOC,GC-MS
90140,EDMONTON MCCAULEY,"2,2,4-Trimethylpentane",2022-03-12T00:00,0.072,µg/m³,VOC,GC-MS
90140,EDMONTON MCCAULEY,"2,2,4-Trimethylpentane",2022-03-18T00:00,0.106,µg/m³,VOC,GC-MS
90140,EDMONTON MCCAULEY,"2,2,4-Trimethylpentane",2022-03-24T00:00,0.106,µg/m³,VOC,GC-MS
90140,EDMONTON MCCAULEY,"2,2,4-Trimethylpentane",2022-03-31T00:00,0.040,µg/m³,VOC,GC-MS
90140,EDMONTON MCCAULEY,"2,2,4-Trimethylpentane",2022-04-05T00:00,0.048,µg/m³,VOC,GC-MS
90140,EDMONTON MCCAULEY,"2,2,4-Trimethylpentane",2022-04-11T00:00,0.024,µg/m³,VOC,GC-MS
90140,EDMONTON MCCAULEY,"2,2,4-Trimethylpentane",2022-04-17T00:00,0.106,µg/m³,VOC,GC-MS
90140,EDMONTON MCCAULEY,"2,2,4-Trimethylpentane",2022-04-23T00:00,0.178,µg/m³,VOC,GC-MS
90140,EDMONTON MCCAULEY,"2,2,4-Trimethylpentane",2022-04-29T00:00,0.082,µg/m³,VOC,GC-MS
90140,EDMONTON MCCAULEY,"2,2,4-Trimethylpentane",2022-05-05T00:00,0.276,µg/m³,VOC,GC-MS
90140,EDMONTON MCCAULEY,"2,2,4-Trimethylpentane",2022-05-11T00:00,0.128,µg/m³,VOC,GC-MS
90140,EDMONTON MCCAULEY,"2,2,4-Trimethylpentane",2022-05-29T00:00,0.060,µg/m³,VOC,GC-MS
90140,EDMONTON MCCAULEY,"2,2,4-Trimethylpentane",2022-06-04T00:00,0.084,µg/m³,VOC,GC-MS
90140,EDMONTON MCCAULEY,"2,2,4-Trimethylpentane",2022-06-10T00:00,0.230,µg/m³,VOC,GC-MS
90140,EDMONTON MCCAULEY,"2,2,4-Trimethylpentane",2022-06-16T00:00,0.196,µg/m³,VOC,GC-MS
90140,EDMONTON MCCAULEY,"2,2,4-Trimethylpentane",2022-06-22T00:00,0.206,µg/m³,VOC,GC-MS
90140,EDMONTON MCCAULEY,"2,2,4-Trimethylpentane",2022-06-28T00:00,0.172,µg/m³,VOC,GC-MS
90140,EDMONTON MCCAULEY,"2,2,4-Trimethylpentane",2022-07-04T00:00,0.852,µg/m³,VOC,GC-MS
90140,EDMONTON MCCAULEY,"2,2,4-Trimethylpentane",2022-07-10T00:00,0.100,µg/m³,VOC,GC-MS
90140,EDMONTON MCCAULEY,"2,2,4-Trimethylpentane",2022-07-16T00:00,0.640,µg/m³,VOC,GC-MS
90140,EDMONTON MCCAULEY,"2,2,4-Trimethylpentane",2022-07-22T00:00,0.128,µg/m³,VOC,GC-MS
90140,EDMONTON MCCAULEY,"2,2,4-Trimethylpentane",2022-07-28T00:00,0.194,µg/m³,VOC,GC-MS
90140,EDMONTON MCCAULEY,"2,2,4-Trimethylpentane",2022-08-03T00:00,0.714,µg/m³,VOC,GC-MS
90140,EDMONTON MCCAULEY,"2,2,4-Trimethylpentane",2022-08-09T00:00,0.276,µg/m³,VOC,GC-MS
90140,EDMONTON MCCAULEY,"2,2,4-Trimethylpentane",2022-08-15T00:00,0.446,µg/m³,VOC,GC-MS
90140,EDMONTON MCCAULEY,"2,2,4-Trimethylpentane",2022-08-21T00:00,0.344,µg/m³,VOC,GC-MS
90140,EDMONTON MCCAULEY,"2,2,4-Trimethylpentane",2022-08-27T00:00,0.056,µg/m³,VOC,GC-MS
90140,EDMONTON MCCAULEY,"2,2,4-Trimethylpentane",2022-09-02T00:00,0.106,µg/m³,VOC,GC-MS
90140,EDMONTON MCCAULEY,"2,2,4-Trimethylpentane",2022-09-08T00:00,0.100,µg/m³,VOC,GC-MS
90140,EDMONTON MCCAULEY,"2,2,4-Trimethylpentane",2022-09-14T00:00,0.516,µg/m³,VOC,GC-MS
90140,EDMONTON MCCAULEY,"2,2,4-Trimethylpentane",2022-09-20T00:00,0.192,µg/m³,VOC,GC-MS
90140,EDMONTON MCCAULEY,"2,2,4-Trimethylpentane",2022-09-26T00:00,0.450,µg/m³,VOC,GC-MS
90140,EDMONTON MCCAULEY,"2,2,4-Trimethylpentane",2022-10-02T00:00,0.188,µg/m³,VOC,GC-MS
90140,EDMONTON MCCAULEY,"2,2,4-Trimethylpentane",2022-10-08T00:00,0.506,µg/m³,VOC,GC-MS
90140,EDMONTON MCCAULEY,"2,2,4-Trimethylpentane",2022-10-14T00:00,0.154,µg/m³,VOC,GC-MS
90140,EDMONTON MCCAULEY,"2,2,4-Trimethylpentane",2022-10-20T00:00,0.132,µg/m³,VOC,GC-MS
90140,EDMONTON MCCAULEY,"2,2,4-Trimethylpentane",2022-10-26T00:00,0.306,µg/m³,VOC,GC-MS
90140,EDMONTON MCCAULEY,"2,2,4-Trimethylpentane",2022-11-01T00:00,0.084,µg/m³,VOC,GC-MS
90140,EDMONTON MCCAULEY,"2,2,4-Trimethylpentane",2022-11-13T00:00,0.240,µg/m³,VOC,GC-MS
90140,EDMONTON MCCAULEY,"2,2,4-Trimethylpentane",2022-11-19T00:00,0.166,µg/m³,VOC,GC-MS
90140,EDMONTON MCCAULEY,"2,2,4-Trimethylpentane",2022-11-25T00:00,0.502,µg/m³,VOC,GC-MS
90140,EDMONTON MCCAULEY,"2,2,4-Trimethylpentane",2022-12-01T00:00,0.324,µg/m³,VOC,GC-MS
90140,EDMONTON MCCAULEY,"2,2,4-Trimethylpentane",2022-12-07T00:00,0.554,µg/m³,VOC,GC-MS
90140,EDMONTON MCCAULEY,"2,2,4-Trimethylpentane",2022-12-13T00:00,0.496,µg/m³,VOC,GC-MS
90140,EDMONTON MCCAULEY,"2,2,4-Trimethylpentane",2022-12-19T00:00,0.226,µg/m³,VOC,GC-MS
90140,EDMONTON MCCAULEY,"2,2,4-Trimethylpentane",2022-12-25T00:00,0.312,µg/m³,VOC,GC-MS
