﻿NAPS_Site_ID,Station_Name,Pollutant,Date,Value,Units,Report_Type,Method
100119,BURNABY SOUTH,Copper,2020-01-04T00:00,0.001,µg/m³,PM2.5,ED-XRF
100119,BURNABY SOUTH,Copper,2020-01-16T00:00,0.001,µg/m³,PM2.5,ED-XRF
100119,BURNABY SOUTH,Copper,2020-01-22T00:00,0.002,µg/m³,PM2.5,ED-XRF
100119,BURNABY SOUTH,Copper,2020-01-28T00:00,0.004,µg/m³,PM2.5,ED-XRF
100119,BURNABY SOUTH,Copper,2020-02-03T00:00,0.006,µg/m³,PM2.5,ED-XRF
100119,BURNABY SOUTH,Copper,2020-02-09T00:00,0.004,µg/m³,PM2.5,ED-XRF
100119,BURNABY SOUTH,Copper,2020-02-15T00:00,0.004,µg/m³,PM2.5,ED-XRF
100119,BURNABY SOUTH,Copper,2020-02-21T00:00,0.004,µg/m³,PM2.5,ED-XRF
100119,BURNABY SOUTH,Copper,2020-02-27T00:00,0.002,µg/m³,PM2.5,ED-XRF
100119,BURNABY SOUTH,Copper,2020-03-04T00:00,0.008,µg/m³,PM2.5,ED-XRF
100119,BURNABY SOUTH,Copper,2020-03-10T00:00,0.002,µg/m³,PM2.5,ED-XRF
100119,BURNABY SOUTH,Copper,2020-03-16T00:00,0.001,µg/m³,PM2.5,ED-XRF
100119,BURNABY SOUTH,Copper,2020-03-22T00:00,0.001,µg/m³,PM2.5,ED-XRF
100119,BURNABY SOUTH,Copper,2020-03-28T00:00,0.000,µg/m³,PM2.5,ED-XRF
100119,BURNABY SOUTH,Copper,2020-05-15T00:00,0.000,µg/m³,PM2.5,ED-XRF
100119,BURNABY SOUTH,Copper,2020-05-21T00:00,0.000,µg/m³,PM2.5,ED-XRF
100119,BURNABY SOUTH,Copper,2020-05-27T00:00,0.001,µg/m³,PM2.5,ED-XRF
100119,BURNABY SOUTH,Copper,2020-06-02T00:00,0.000,µg/m³,PM2.5,ED-XRF
100119,BURNABY SOUTH,Copper,2020-06-08T00:00,0.000,µg/m³,PM2.5,ED-XRF
100119,BURNABY SOUTH,Copper,2020-06-14T00:00,0.000,µg/m³,PM2.5,ED-XRF
100119,BURNABY SOUTH,Copper,2020-06-20T00:00,0.000,µg/m³,PM2.5,ED-XRF
100119,BURNABY SOUTH,Copper,2020-06-26T00:00,0.000,µg/m³,PM2.5,ED-XRF
100119,BURNABY SOUTH,Copper,2020-01-04T00:00,0.000,µg/m³,PM2.5,ICPMS
100119,BURNABY SOUTH,Copper,2020-01-04T00:00,0.001,µg/m³,PM2.5,ICPMS
100119,BURNABY SOUTH,Copper,2020-01-10T00:00,0.001,µg/m³,PM2.5,ICPMS
100119,BURNABY SOUTH,Copper,2020-01-16T00:00,0.001,µg/m³,PM2.5,ICPMS
100119,BURNABY SOUTH,Copper,2020-01-22T00:00,0.001,µg/m³,PM2.5,ICPMS
100119,BURNABY SOUTH,Copper,2020-01-22T00:00,0.002,µg/m³,PM2.5,ICPMS
100119,BURNABY SOUTH,Copper,2020-01-28T00:00,0.002,µg/m³,PM2.5,ICPMS
100119,BURNABY SOUTH,Copper,2020-01-28T00:00,0.003,µg/m³,PM2.5,ICPMS
100119,BURNABY SOUTH,Copper,2020-02-03T00:00,0.003,µg/m³,PM2.5,ICPMS
100119,BURNABY SOUTH,Copper,2020-02-03T00:00,0.005,µg/m³,PM2.5,ICPMS
100119,BURNABY SOUTH,Copper,2020-02-09T00:00,0.002,µg/m³,PM2.5,ICPMS
100119,BURNABY SOUTH,Copper,2020-02-09T00:00,0.003,µg/m³,PM2.5,ICPMS
100119,BURNABY SOUTH,Copper,2020-02-15T00:00,0.001,µg/m³,PM2.5,ICPMS
100119,BURNABY SOUTH,Copper,2020-02-15T00:00,0.002,µg/m³,PM2.5,ICPMS
100119,BURNABY SOUTH,Copper,2020-02-21T00:00,0.003,µg/m³,PM2.5,ICPMS
100119,BURNABY SOUTH,Copper,2020-02-21T00:00,0.005,µg/m³,PM2.5,ICPMS
100119,BURNABY SOUTH,Copper,2020-02-27T00:00,0.002,µg/m³,PM2.5,ICPMS
100119,BURNABY SOUTH,Copper,2020-02-27T00:00,0.003,µg/m³,PM2.5,ICPMS
100119,BURNABY SOUTH,Copper,2020-03-04T00:00,0.003,µg/m³,PM2.5,ICPMS
100119,BURNABY SOUTH,Copper,2020-03-04T00:00,0.007,µg/m³,PM2.5,ICPMS
100119,BURNABY SOUTH,Copper,2020-03-10T00:00,0.001,µg/m³,PM2.5,ICPMS
100119,BURNABY SOUTH,Copper,2020-03-10T00:00,0.002,µg/m³,PM2.5,ICPMS
100119,BURNABY SOUTH,Copper,2020-03-16T00:00,0.001,µg/m³,PM2.5,ICPMS
100119,BURNABY SOUTH,Copper,2020-03-16T00:00,0.003,µg/m³,PM2.5,ICPMS
100119,BURNABY SOUTH,Copper,2020-03-22T00:00,0.001,µg/m³,PM2.5,ICPMS
100119,BURNABY SOUTH,Copper,2020-03-22T00:00,0.002,µg/m³,PM2.5,ICPMS
100119,BURNABY SOUTH,Copper,2020-03-28T00:00,0.000,µg/m³,PM2.5,ICPMS
100119,BURNABY SOUTH,Copper,2020-03-28T00:00,0.001,µg/m³,PM2.5,ICPMS
100119,BURNABY SOUTH,Copper,2020-05-15T00:00,0.000,µg/m³,PM2.5,ICPMS
100119,BURNABY SOUTH,Copper,2020-05-21T00:00,0.001,µg/m³,PM2.5,ICPMS
100119,BURNABY SOUTH,Copper,2020-05-27T00:00,0.001,µg/m³,PM2.5,ICPMS
100119,BURNABY SOUTH,Copper,2020-06-02T00:00,0.001,µg/m³,PM2.5,ICPMS
100119,BURNABY SOUTH,Copper,2020-06-08T00:00,0.000,µg/m³,PM2.5,ICPMS
100119,BURNABY SOUTH,Copper,2020-06-14T00:00,0.000,µg/m³,PM2.5,ICPMS
100119,BURNABY SOUTH,Copper,2020-06-20T00:00,0.000,µg/m³,PM2.5,ICPMS
100119,BURNABY SOUTH,Copper,2020-06-26T00:00,0.000,µg/m³,PM2.5,ICPMS
