﻿NAPS_Site_ID,Station_Name,Pollutant,Date,Value,Units,Report_Type,Method
100137,BURNABY NORTH,"1,4-Dichlorobutane",2003-01-09T00:00,0.000,µg/m³,VOC,
100137,BURNABY NORTH,"1,4-Dichlorobutane",2003-01-21T00:00,0.000,µg/m³,VOC,
100137,BURNABY NORTH,"1,4-Dichlorobutane",2003-02-02T00:00,0.000,µg/m³,VOC,
100137,BURNABY NORTH,"1,4-Dichlorobutane",2003-02-20T00:00,0.000,µg/m³,VOC,
100137,BURNABY NORTH,"1,4-Dichlorobutane",2003-03-16T00:00,0.000,µg/m³,VOC,
100137,BURNABY NORTH,"1,4-Dichlorobutane",2003-03-28T00:00,0.000,µg/m³,VOC,
100137,BURNABY NORTH,"1,4-Dichlorobutane",2003-04-09T00:00,0.000,µg/m³,VOC,
100137,BURNABY NORTH,"1,4-Dichlorobutane",2003-04-21T00:00,0.000,µg/m³,VOC,
100137,BURNABY NORTH,"1,4-Dichlorobutane",2003-05-03T00:00,0.000,µg/m³,VOC,
100137,BURNABY NORTH,"1,4-Dichlorobutane",2003-05-15T00:00,0.000,µg/m³,VOC,
100137,BURNABY NORTH,"1,4-Dichlorobutane",2003-05-27T00:00,0.000,µg/m³,VOC,
100137,BURNABY NORTH,"1,4-Dichlorobutane",2003-06-08T00:00,0.000,µg/m³,VOC,
100137,BURNABY NORTH,"1,4-Dichlorobutane",2003-06-20T00:00,0.000,µg/m³,VOC,
100137,BURNABY NORTH,"1,4-Dichlorobutane",2003-07-02T00:00,0.000,µg/m³,VOC,
100137,BURNABY NORTH,"1,4-Dichlorobutane",2003-07-20T00:00,0.000,µg/m³,VOC,
100137,BURNABY NORTH,"1,4-Dichlorobutane",2003-08-01T00:00,0.000,µg/m³,VOC,
100137,BURNABY NORTH,"1,4-Dichlorobutane",2003-08-13T00:00,0.000,µg/m³,VOC,
100137,BURNABY NORTH,"1,4-Dichlorobutane",2003-08-25T00:00,0.000,µg/m³,VOC,
100137,BURNABY NORTH,"1,4-Dichlorobutane",2003-09-06T00:00,0.000,µg/m³,VOC,
100137,BURNABY NORTH,"1,4-Dichlorobutane",2003-11-23T00:00,0.000,µg/m³,VOC,
100137,BURNABY NORTH,"1,4-Dichlorobutane",2003-12-05T00:00,0.000,µg/m³,VOC,
