﻿NAPS_Site_ID,Station_Name,Pollutant,Date,Value,Units,Report_Type,Method
50103,MONTRÉAL-SAINT-JEAN-BAPTISTE,Benzaldehyde,1990-01-11T00:00,0.531,µg/m³,VOC,GC-MS
50103,MONTRÉAL-SAINT-JEAN-BAPTISTE,Benzaldehyde,1990-01-23T00:00,1.130,µg/m³,VOC,GC-MS
50103,MONTRÉAL-SAINT-JEAN-BAPTISTE,Benzaldehyde,1990-01-29T00:00,0.743,µg/m³,VOC,GC-MS
50103,MONTRÉAL-SAINT-JEAN-BAPTISTE,Benzaldehyde,1990-02-04T00:00,0.301,µg/m³,VOC,GC-MS
50103,MONTRÉAL-SAINT-JEAN-BAPTISTE,Benzaldehyde,1990-02-10T00:00,0.470,µg/m³,VOC,GC-MS
50103,MONTRÉAL-SAINT-JEAN-BAPTISTE,Benzaldehyde,1990-02-16T00:00,0.212,µg/m³,VOC,GC-MS
50103,MONTRÉAL-SAINT-JEAN-BAPTISTE,Benzaldehyde,1990-02-22T00:00,0.542,µg/m³,VOC,GC-MS
50103,MONTRÉAL-SAINT-JEAN-BAPTISTE,Benzaldehyde,1990-02-28T00:00,0.379,µg/m³,VOC,GC-MS
50103,MONTRÉAL-SAINT-JEAN-BAPTISTE,Benzaldehyde,1990-03-06T00:00,0.242,µg/m³,VOC,GC-MS
50103,MONTRÉAL-SAINT-JEAN-BAPTISTE,Benzaldehyde,1990-03-12T00:00,0.832,µg/m³,VOC,GC-MS
50103,MONTRÉAL-SAINT-JEAN-BAPTISTE,Benzaldehyde,1990-03-18T00:00,0.312,µg/m³,VOC,GC-MS
50103,MONTRÉAL-SAINT-JEAN-BAPTISTE,Benzaldehyde,1990-03-24T00:00,0.228,µg/m³,VOC,GC-MS
50103,MONTRÉAL-SAINT-JEAN-BAPTISTE,Benzaldehyde,1990-03-30T00:00,0.073,µg/m³,VOC,GC-MS
50103,MONTRÉAL-SAINT-JEAN-BAPTISTE,Benzaldehyde,1990-04-11T00:00,0.580,µg/m³,VOC,GC-MS
50103,MONTRÉAL-SAINT-JEAN-BAPTISTE,Benzaldehyde,1990-04-23T00:00,0.430,µg/m³,VOC,GC-MS
50103,MONTRÉAL-SAINT-JEAN-BAPTISTE,Benzaldehyde,1990-04-29T00:00,0.581,µg/m³,VOC,GC-MS
50103,MONTRÉAL-SAINT-JEAN-BAPTISTE,Benzaldehyde,1990-05-05T00:00,0.250,µg/m³,VOC,GC-MS
50103,MONTRÉAL-SAINT-JEAN-BAPTISTE,Benzaldehyde,1990-05-11T00:00,0.426,µg/m³,VOC,GC-MS
50103,MONTRÉAL-SAINT-JEAN-BAPTISTE,Benzaldehyde,1990-05-17T00:00,0.349,µg/m³,VOC,GC-MS
50103,MONTRÉAL-SAINT-JEAN-BAPTISTE,Benzaldehyde,1990-05-29T00:00,0.000,µg/m³,VOC,GC-MS
50103,MONTRÉAL-SAINT-JEAN-BAPTISTE,Benzaldehyde,1990-06-04T00:00,0.626,µg/m³,VOC,GC-MS
50103,MONTRÉAL-SAINT-JEAN-BAPTISTE,Benzaldehyde,1990-06-10T00:00,0.485,µg/m³,VOC,GC-MS
50103,MONTRÉAL-SAINT-JEAN-BAPTISTE,Benzaldehyde,1990-06-16T00:00,0.739,µg/m³,VOC,GC-MS
50103,MONTRÉAL-SAINT-JEAN-BAPTISTE,Benzaldehyde,1990-06-22T00:00,0.656,µg/m³,VOC,GC-MS
50103,MONTRÉAL-SAINT-JEAN-BAPTISTE,Benzaldehyde,1990-06-28T00:00,0.089,µg/m³,VOC,GC-MS
50103,MONTRÉAL-SAINT-JEAN-BAPTISTE,Benzaldehyde,1990-07-10T00:00,0.584,µg/m³,VOC,GC-MS
50103,MONTRÉAL-SAINT-JEAN-BAPTISTE,Benzaldehyde,1990-07-16T00:00,0.000,µg/m³,VOC,GC-MS
50103,MONTRÉAL-SAINT-JEAN-BAPTISTE,Benzaldehyde,1990-07-22T00:00,0.725,µg/m³,VOC,GC-MS
50103,MONTRÉAL-SAINT-JEAN-BAPTISTE,Benzaldehyde,1990-08-03T00:00,1.212,µg/m³,VOC,GC-MS
50103,MONTRÉAL-SAINT-JEAN-BAPTISTE,Benzaldehyde,1990-08-09T00:00,0.873,µg/m³,VOC,GC-MS
50103,MONTRÉAL-SAINT-JEAN-BAPTISTE,Benzaldehyde,1990-08-15T00:00,0.394,µg/m³,VOC,GC-MS
50103,MONTRÉAL-SAINT-JEAN-BAPTISTE,Benzaldehyde,1990-08-21T00:00,0.354,µg/m³,VOC,GC-MS
50103,MONTRÉAL-SAINT-JEAN-BAPTISTE,Benzaldehyde,1990-09-02T00:00,0.607,µg/m³,VOC,GC-MS
50103,MONTRÉAL-SAINT-JEAN-BAPTISTE,Benzaldehyde,1990-09-08T00:00,1.668,µg/m³,VOC,GC-MS
50103,MONTRÉAL-SAINT-JEAN-BAPTISTE,Benzaldehyde,1990-09-20T00:00,1.169,µg/m³,VOC,GC-MS
50103,MONTRÉAL-SAINT-JEAN-BAPTISTE,Benzaldehyde,1990-09-26T00:00,0.683,µg/m³,VOC,GC-MS
50103,MONTRÉAL-SAINT-JEAN-BAPTISTE,Benzaldehyde,1990-10-02T00:00,0.036,µg/m³,VOC,GC-MS
50103,MONTRÉAL-SAINT-JEAN-BAPTISTE,Benzaldehyde,1990-10-08T00:00,0.523,µg/m³,VOC,GC-MS
50103,MONTRÉAL-SAINT-JEAN-BAPTISTE,Benzaldehyde,1990-10-14T00:00,0.437,µg/m³,VOC,GC-MS
50103,MONTRÉAL-SAINT-JEAN-BAPTISTE,Benzaldehyde,1990-10-20T00:00,0.318,µg/m³,VOC,GC-MS
50103,MONTRÉAL-SAINT-JEAN-BAPTISTE,Benzaldehyde,1990-10-26T00:00,0.193,µg/m³,VOC,GC-MS
50103,MONTRÉAL-SAINT-JEAN-BAPTISTE,Benzaldehyde,1990-11-01T00:00,0.054,µg/m³,VOC,GC-MS
50103,MONTRÉAL-SAINT-JEAN-BAPTISTE,Benzaldehyde,1990-11-07T00:00,0.483,µg/m³,VOC,GC-MS
50103,MONTRÉAL-SAINT-JEAN-BAPTISTE,Benzaldehyde,1990-11-13T00:00,0.362,µg/m³,VOC,GC-MS
50103,MONTRÉAL-SAINT-JEAN-BAPTISTE,Benzaldehyde,1990-11-19T00:00,0.205,µg/m³,VOC,GC-MS
50103,MONTRÉAL-SAINT-JEAN-BAPTISTE,Benzaldehyde,1990-11-25T00:00,0.302,µg/m³,VOC,GC-MS
50103,MONTRÉAL-SAINT-JEAN-BAPTISTE,Benzaldehyde,1990-12-01T00:00,0.000,µg/m³,VOC,GC-MS
50103,MONTRÉAL-SAINT-JEAN-BAPTISTE,Benzaldehyde,1990-12-07T00:00,0.616,µg/m³,VOC,GC-MS
50103,MONTRÉAL-SAINT-JEAN-BAPTISTE,Benzaldehyde,1990-12-13T00:00,0.552,µg/m³,VOC,GC-MS
50103,MONTRÉAL-SAINT-JEAN-BAPTISTE,Benzaldehyde,1990-12-19T00:00,0.189,µg/m³,VOC,GC-MS
50103,MONTRÉAL-SAINT-JEAN-BAPTISTE,Benzaldehyde,1990-12-25T00:00,0.531,µg/m³,VOC,GC-MS
50103,MONTRÉAL-SAINT-JEAN-BAPTISTE,Benzaldehyde,1990-12-31T00:00,0.767,µg/m³,VOC,GC-MS
