﻿NAPS_Site_ID,Station_Name,Pollutant,Date,Value,Units,Report_Type,Method
91101,ELK ISLAND NATIONAL PARK,tert-Butylbenzene,2005-01-04T00:00,0.000,µg/m³,VOC,GC-MS
91101,ELK ISLAND NATIONAL PARK,tert-Butylbenzene,2005-01-10T00:00,0.000,µg/m³,VOC,GC-MS
91101,ELK ISLAND NATIONAL PARK,tert-Butylbenzene,2005-01-16T00:00,0.000,µg/m³,VOC,GC-MS
91101,ELK ISLAND NATIONAL PARK,tert-Butylbenzene,2005-01-22T00:00,0.000,µg/m³,VOC,GC-MS
91101,ELK ISLAND NATIONAL PARK,tert-Butylbenzene,2005-01-28T00:00,0.000,µg/m³,VOC,GC-MS
91101,ELK ISLAND NATIONAL PARK,tert-Butylbenzene,2005-02-03T00:00,0.000,µg/m³,VOC,GC-MS
91101,ELK ISLAND NATIONAL PARK,tert-Butylbenzene,2005-02-09T00:00,0.000,µg/m³,VOC,GC-MS
91101,ELK ISLAND NATIONAL PARK,tert-Butylbenzene,2005-02-15T00:00,0.000,µg/m³,VOC,GC-MS
91101,ELK ISLAND NATIONAL PARK,tert-Butylbenzene,2005-02-21T00:00,0.000,µg/m³,VOC,GC-MS
91101,ELK ISLAND NATIONAL PARK,tert-Butylbenzene,2005-02-27T00:00,0.000,µg/m³,VOC,GC-MS
91101,ELK ISLAND NATIONAL PARK,tert-Butylbenzene,2005-03-05T00:00,0.000,µg/m³,VOC,GC-MS
91101,ELK ISLAND NATIONAL PARK,tert-Butylbenzene,2005-03-11T00:00,0.000,µg/m³,VOC,GC-MS
91101,ELK ISLAND NATIONAL PARK,tert-Butylbenzene,2005-03-17T00:00,0.000,µg/m³,VOC,GC-MS
91101,ELK ISLAND NATIONAL PARK,tert-Butylbenzene,2005-03-23T00:00,0.000,µg/m³,VOC,GC-MS
91101,ELK ISLAND NATIONAL PARK,tert-Butylbenzene,2005-03-29T00:00,0.010,µg/m³,VOC,GC-MS
91101,ELK ISLAND NATIONAL PARK,tert-Butylbenzene,2005-04-04T00:00,0.000,µg/m³,VOC,GC-MS
91101,ELK ISLAND NATIONAL PARK,tert-Butylbenzene,2005-04-10T00:00,0.000,µg/m³,VOC,GC-MS
91101,ELK ISLAND NATIONAL PARK,tert-Butylbenzene,2005-04-16T00:00,0.000,µg/m³,VOC,GC-MS
91101,ELK ISLAND NATIONAL PARK,tert-Butylbenzene,2005-04-22T00:00,0.000,µg/m³,VOC,GC-MS
91101,ELK ISLAND NATIONAL PARK,tert-Butylbenzene,2005-04-28T00:00,0.000,µg/m³,VOC,GC-MS
91101,ELK ISLAND NATIONAL PARK,tert-Butylbenzene,2005-05-04T00:00,0.000,µg/m³,VOC,GC-MS
91101,ELK ISLAND NATIONAL PARK,tert-Butylbenzene,2005-05-10T00:00,0.000,µg/m³,VOC,GC-MS
91101,ELK ISLAND NATIONAL PARK,tert-Butylbenzene,2005-05-16T00:00,0.000,µg/m³,VOC,GC-MS
91101,ELK ISLAND NATIONAL PARK,tert-Butylbenzene,2005-05-28T00:00,0.000,µg/m³,VOC,GC-MS
91101,ELK ISLAND NATIONAL PARK,tert-Butylbenzene,2005-06-03T00:00,0.000,µg/m³,VOC,GC-MS
91101,ELK ISLAND NATIONAL PARK,tert-Butylbenzene,2005-06-21T00:00,0.000,µg/m³,VOC,GC-MS
91101,ELK ISLAND NATIONAL PARK,tert-Butylbenzene,2005-06-27T00:00,0.000,µg/m³,VOC,GC-MS
91101,ELK ISLAND NATIONAL PARK,tert-Butylbenzene,2005-07-09T00:00,0.000,µg/m³,VOC,GC-MS
91101,ELK ISLAND NATIONAL PARK,tert-Butylbenzene,2005-07-15T00:00,0.000,µg/m³,VOC,GC-MS
91101,ELK ISLAND NATIONAL PARK,tert-Butylbenzene,2005-08-08T00:00,0.000,µg/m³,VOC,GC-MS
91101,ELK ISLAND NATIONAL PARK,tert-Butylbenzene,2005-08-11T00:00,0.000,µg/m³,VOC,GC-MS
91101,ELK ISLAND NATIONAL PARK,tert-Butylbenzene,2005-08-14T00:00,0.000,µg/m³,VOC,GC-MS
91101,ELK ISLAND NATIONAL PARK,tert-Butylbenzene,2005-08-17T00:00,0.000,µg/m³,VOC,GC-MS
91101,ELK ISLAND NATIONAL PARK,tert-Butylbenzene,2005-08-20T00:00,0.000,µg/m³,VOC,GC-MS
91101,ELK ISLAND NATIONAL PARK,tert-Butylbenzene,2005-08-23T00:00,0.000,µg/m³,VOC,GC-MS
91101,ELK ISLAND NATIONAL PARK,tert-Butylbenzene,2005-08-26T00:00,0.000,µg/m³,VOC,GC-MS
91101,ELK ISLAND NATIONAL PARK,tert-Butylbenzene,2005-08-29T00:00,0.000,µg/m³,VOC,GC-MS
91101,ELK ISLAND NATIONAL PARK,tert-Butylbenzene,2005-09-01T00:00,0.000,µg/m³,VOC,GC-MS
91101,ELK ISLAND NATIONAL PARK,tert-Butylbenzene,2005-09-04T00:00,0.000,µg/m³,VOC,GC-MS
91101,ELK ISLAND NATIONAL PARK,tert-Butylbenzene,2005-09-07T00:00,0.000,µg/m³,VOC,GC-MS
91101,ELK ISLAND NATIONAL PARK,tert-Butylbenzene,2005-09-13T00:00,0.000,µg/m³,VOC,GC-MS
91101,ELK ISLAND NATIONAL PARK,tert-Butylbenzene,2005-09-19T00:00,0.000,µg/m³,VOC,GC-MS
91101,ELK ISLAND NATIONAL PARK,tert-Butylbenzene,2005-09-25T00:00,0.000,µg/m³,VOC,GC-MS
91101,ELK ISLAND NATIONAL PARK,tert-Butylbenzene,2005-10-01T00:00,0.000,µg/m³,VOC,GC-MS
91101,ELK ISLAND NATIONAL PARK,tert-Butylbenzene,2005-10-07T00:00,0.000,µg/m³,VOC,GC-MS
91101,ELK ISLAND NATIONAL PARK,tert-Butylbenzene,2005-10-13T00:00,0.000,µg/m³,VOC,GC-MS
91101,ELK ISLAND NATIONAL PARK,tert-Butylbenzene,2005-10-19T00:00,0.000,µg/m³,VOC,GC-MS
91101,ELK ISLAND NATIONAL PARK,tert-Butylbenzene,2005-10-25T00:00,0.000,µg/m³,VOC,GC-MS
91101,ELK ISLAND NATIONAL PARK,tert-Butylbenzene,2005-10-31T00:00,0.000,µg/m³,VOC,GC-MS
91101,ELK ISLAND NATIONAL PARK,tert-Butylbenzene,2005-11-06T00:00,0.000,µg/m³,VOC,GC-MS
91101,ELK ISLAND NATIONAL PARK,tert-Butylbenzene,2005-11-12T00:00,0.000,µg/m³,VOC,GC-MS
91101,ELK ISLAND NATIONAL PARK,tert-Butylbenzene,2005-11-18T00:00,0.000,µg/m³,VOC,GC-MS
91101,ELK ISLAND NATIONAL PARK,tert-Butylbenzene,2005-11-24T00:00,0.000,µg/m³,VOC,GC-MS
91101,ELK ISLAND NATIONAL PARK,tert-Butylbenzene,2005-11-30T00:00,0.000,µg/m³,VOC,GC-MS
91101,ELK ISLAND NATIONAL PARK,tert-Butylbenzene,2005-12-06T00:00,0.000,µg/m³,VOC,GC-MS
91101,ELK ISLAND NATIONAL PARK,tert-Butylbenzene,2005-12-12T00:00,0.000,µg/m³,VOC,GC-MS
91101,ELK ISLAND NATIONAL PARK,tert-Butylbenzene,2005-12-18T00:00,0.000,µg/m³,VOC,GC-MS
91101,ELK ISLAND NATIONAL PARK,tert-Butylbenzene,2005-12-22T00:00,0.000,µg/m³,VOC,GC-MS
91101,ELK ISLAND NATIONAL PARK,tert-Butylbenzene,2005-12-30T00:00,0.000,µg/m³,VOC,GC-MS
