﻿NAPS_Site_ID,Station_Name,Pollutant,Date,Value,Units,Report_Type,Method
61009,SARNIA,D-Limonene,2023-01-06T00:00,0.016,µg/m³,VOC,GC-MS
61009,SARNIA,D-Limonene,2023-01-12T00:00,0.006,µg/m³,VOC,GC-MS
61009,SARNIA,D-Limonene,2023-01-24T00:00,0.004,µg/m³,VOC,GC-MS
61009,SARNIA,D-Limonene,2023-01-30T00:00,0.000,µg/m³,VOC,GC-MS
61009,SARNIA,D-Limonene,2023-02-05T00:00,0.000,µg/m³,VOC,GC-MS
61009,SARNIA,D-Limonene,2023-02-11T00:00,0.000,µg/m³,VOC,GC-MS
61009,SARNIA,D-Limonene,2023-02-17T00:00,0.000,µg/m³,VOC,GC-MS
61009,SARNIA,D-Limonene,2023-02-23T00:00,0.000,µg/m³,VOC,GC-MS
61009,SARNIA,D-Limonene,2023-03-01T00:00,0.000,µg/m³,VOC,GC-MS
61009,SARNIA,D-Limonene,2023-03-07T00:00,0.000,µg/m³,VOC,GC-MS
61009,SARNIA,D-Limonene,2023-03-13T00:00,0.000,µg/m³,VOC,GC-MS
61009,SARNIA,D-Limonene,2023-03-19T00:00,0.000,µg/m³,VOC,GC-MS
61009,SARNIA,D-Limonene,2023-03-25T00:00,0.002,µg/m³,VOC,GC-MS
61009,SARNIA,D-Limonene,2023-03-31T00:00,0.008,µg/m³,VOC,GC-MS
61009,SARNIA,D-Limonene,2023-04-06T00:00,0.002,µg/m³,VOC,GC-MS
61009,SARNIA,D-Limonene,2023-04-18T00:00,0.000,µg/m³,VOC,GC-MS
61009,SARNIA,D-Limonene,2023-04-24T00:00,0.002,µg/m³,VOC,GC-MS
61009,SARNIA,D-Limonene,2023-04-30T00:00,0.006,µg/m³,VOC,GC-MS
61009,SARNIA,D-Limonene,2023-05-06T00:00,0.006,µg/m³,VOC,GC-MS
61009,SARNIA,D-Limonene,2023-05-12T00:00,0.000,µg/m³,VOC,GC-MS
61009,SARNIA,D-Limonene,2023-05-30T00:00,0.014,µg/m³,VOC,GC-MS
61009,SARNIA,D-Limonene,2023-06-05T00:00,0.012,µg/m³,VOC,GC-MS
61009,SARNIA,D-Limonene,2023-06-11T00:00,0.012,µg/m³,VOC,GC-MS
61009,SARNIA,D-Limonene,2023-06-23T00:00,0.022,µg/m³,VOC,GC-MS
61009,SARNIA,D-Limonene,2023-06-29T00:00,0.026,µg/m³,VOC,GC-MS
61009,SARNIA,D-Limonene,2023-07-05T00:00,0.078,µg/m³,VOC,GC-MS
61009,SARNIA,D-Limonene,2023-07-11T00:00,0.050,µg/m³,VOC,GC-MS
61009,SARNIA,D-Limonene,2023-07-17T00:00,0.024,µg/m³,VOC,GC-MS
61009,SARNIA,D-Limonene,2023-07-23T00:00,0.056,µg/m³,VOC,GC-MS
61009,SARNIA,D-Limonene,2023-07-29T00:00,0.038,µg/m³,VOC,GC-MS
61009,SARNIA,D-Limonene,2023-08-04T00:00,0.084,µg/m³,VOC,GC-MS
61009,SARNIA,D-Limonene,2023-08-10T00:00,0.048,µg/m³,VOC,GC-MS
61009,SARNIA,D-Limonene,2023-08-16T00:00,0.030,µg/m³,VOC,GC-MS
61009,SARNIA,D-Limonene,2023-08-22T00:00,0.026,µg/m³,VOC,GC-MS
61009,SARNIA,D-Limonene,2023-08-28T00:00,0.046,µg/m³,VOC,GC-MS
61009,SARNIA,D-Limonene,2023-09-03T00:00,0.030,µg/m³,VOC,GC-MS
61009,SARNIA,D-Limonene,2023-09-09T00:00,0.022,µg/m³,VOC,GC-MS
61009,SARNIA,D-Limonene,2023-09-15T00:00,0.038,µg/m³,VOC,GC-MS
61009,SARNIA,D-Limonene,2023-09-21T00:00,0.044,µg/m³,VOC,GC-MS
61009,SARNIA,D-Limonene,2023-09-27T00:00,0.018,µg/m³,VOC,GC-MS
61009,SARNIA,D-Limonene,2023-10-03T00:00,0.074,µg/m³,VOC,GC-MS
61009,SARNIA,D-Limonene,2023-10-09T00:00,0.004,µg/m³,VOC,GC-MS
61009,SARNIA,D-Limonene,2023-10-15T00:00,0.006,µg/m³,VOC,GC-MS
61009,SARNIA,D-Limonene,2023-10-21T00:00,0.010,µg/m³,VOC,GC-MS
61009,SARNIA,D-Limonene,2023-10-27T00:00,0.014,µg/m³,VOC,GC-MS
61009,SARNIA,D-Limonene,2023-11-02T00:00,0.010,µg/m³,VOC,GC-MS
61009,SARNIA,D-Limonene,2023-11-08T00:00,0.020,µg/m³,VOC,GC-MS
61009,SARNIA,D-Limonene,2023-11-14T00:00,0.008,µg/m³,VOC,GC-MS
61009,SARNIA,D-Limonene,2023-11-20T00:00,0.004,µg/m³,VOC,GC-MS
61009,SARNIA,D-Limonene,2023-11-26T00:00,0.024,µg/m³,VOC,GC-MS
61009,SARNIA,D-Limonene,2023-12-02T00:00,0.010,µg/m³,VOC,GC-MS
61009,SARNIA,D-Limonene,2023-12-08T00:00,0.012,µg/m³,VOC,GC-MS
61009,SARNIA,D-Limonene,2023-12-14T00:00,0.010,µg/m³,VOC,GC-MS
61009,SARNIA,D-Limonene,2023-12-20T00:00,0.028,µg/m³,VOC,GC-MS
