﻿NAPS_Site_ID,Station_Name,Pollutant,Date,Value,Units,Report_Type,Method
50129,MONTRÉAL-RIVIÈRE-DES-PRAIRIES,TCDD,2002-01-08T00:00,0.087,pg/m³,PCDD,N/A
50129,MONTRÉAL-RIVIÈRE-DES-PRAIRIES,TCDD,2002-01-20T00:00,0.112,pg/m³,PCDD,N/A
50129,MONTRÉAL-RIVIÈRE-DES-PRAIRIES,TCDD,2002-02-25T00:00,0.055,pg/m³,PCDD,N/A
50129,MONTRÉAL-RIVIÈRE-DES-PRAIRIES,TCDD,2002-03-09T00:00,0.037,pg/m³,PCDD,N/A
50129,MONTRÉAL-RIVIÈRE-DES-PRAIRIES,TCDD,2002-03-21T00:00,0.025,pg/m³,PCDD,N/A
50129,MONTRÉAL-RIVIÈRE-DES-PRAIRIES,TCDD,2002-04-02T00:00,0.012,pg/m³,PCDD,N/A
50129,MONTRÉAL-RIVIÈRE-DES-PRAIRIES,TCDD,2002-04-26T00:00,0.042,pg/m³,PCDD,N/A
50129,MONTRÉAL-RIVIÈRE-DES-PRAIRIES,TCDD,2002-05-20T00:00,0.027,pg/m³,PCDD,N/A
50129,MONTRÉAL-RIVIÈRE-DES-PRAIRIES,TCDD,2002-06-13T00:00,0.046,pg/m³,PCDD,N/A
50129,MONTRÉAL-RIVIÈRE-DES-PRAIRIES,TCDD,2002-08-24T00:00,0.034,pg/m³,PCDD,N/A
50129,MONTRÉAL-RIVIÈRE-DES-PRAIRIES,TCDD,2002-09-17T00:00,0.060,pg/m³,PCDD,N/A
