﻿NAPS_Site_ID,Station_Name,Pollutant,Date,Value,Units,Report_Type,Method
101004,ABBOTSFORD AIRPORT,Isobutane,2010-01-02T00:00,0.310,µg/m³,VOC,
101004,ABBOTSFORD AIRPORT,Isobutane,2010-01-08T00:00,0.761,µg/m³,VOC,
101004,ABBOTSFORD AIRPORT,Isobutane,2010-01-14T00:00,0.597,µg/m³,VOC,
101004,ABBOTSFORD AIRPORT,Isobutane,2010-01-20T00:00,0.853,µg/m³,VOC,
101004,ABBOTSFORD AIRPORT,Isobutane,2010-01-26T00:00,0.994,µg/m³,VOC,
101004,ABBOTSFORD AIRPORT,Isobutane,2010-02-01T00:00,1.053,µg/m³,VOC,
101004,ABBOTSFORD AIRPORT,Isobutane,2010-02-07T00:00,1.172,µg/m³,VOC,
101004,ABBOTSFORD AIRPORT,Isobutane,2010-02-13T00:00,0.544,µg/m³,VOC,
101004,ABBOTSFORD AIRPORT,Isobutane,2010-02-19T00:00,0.615,µg/m³,VOC,
101004,ABBOTSFORD AIRPORT,Isobutane,2010-02-25T00:00,0.348,µg/m³,VOC,
101004,ABBOTSFORD AIRPORT,Isobutane,2010-03-03T00:00,1.051,µg/m³,VOC,
101004,ABBOTSFORD AIRPORT,Isobutane,2010-03-09T00:00,0.974,µg/m³,VOC,
101004,ABBOTSFORD AIRPORT,Isobutane,2010-03-15T00:00,0.970,µg/m³,VOC,
101004,ABBOTSFORD AIRPORT,Isobutane,2010-03-21T00:00,0.342,µg/m³,VOC,
101004,ABBOTSFORD AIRPORT,Isobutane,2010-03-27T00:00,0.578,µg/m³,VOC,
101004,ABBOTSFORD AIRPORT,Isobutane,2010-04-02T00:00,0.270,µg/m³,VOC,
101004,ABBOTSFORD AIRPORT,Isobutane,2010-04-08T00:00,0.211,µg/m³,VOC,
101004,ABBOTSFORD AIRPORT,Isobutane,2010-04-14T00:00,0.547,µg/m³,VOC,
