﻿NAPS_Site_ID,Station_Name,Pollutant,Date,Value,Units,Report_Type,Method
101005,ABBOTSFORD AIRPORT-2,2-Ethyltoluene,2020-01-04T00:00,0.003,µg/m³,VOC,GC-MS
101005,ABBOTSFORD AIRPORT-2,2-Ethyltoluene,2020-01-10T00:00,0.011,µg/m³,VOC,GC-MS
101005,ABBOTSFORD AIRPORT-2,2-Ethyltoluene,2020-01-22T00:00,0.147,µg/m³,VOC,GC-MS
101005,ABBOTSFORD AIRPORT-2,2-Ethyltoluene,2020-01-28T00:00,0.014,µg/m³,VOC,GC-MS
101005,ABBOTSFORD AIRPORT-2,2-Ethyltoluene,2020-02-03T00:00,0.006,µg/m³,VOC,GC-MS
101005,ABBOTSFORD AIRPORT-2,2-Ethyltoluene,2020-02-15T00:00,0.004,µg/m³,VOC,GC-MS
