﻿NAPS_Site_ID,Station_Name,Pollutant,Date,Value,Units,Report_Type,Method
101101,CHILLIWACK AIRPORT,Indane,2006-01-17T00:00,0.028,µg/m³,VOC,
101101,CHILLIWACK AIRPORT,Indane,2006-02-04T00:00,0.015,µg/m³,VOC,
101101,CHILLIWACK AIRPORT,Indane,2006-02-22T00:00,0.018,µg/m³,VOC,
101101,CHILLIWACK AIRPORT,Indane,2006-03-12T00:00,0.018,µg/m³,VOC,
101101,CHILLIWACK AIRPORT,Indane,2006-03-30T00:00,0.014,µg/m³,VOC,
101101,CHILLIWACK AIRPORT,Indane,2006-04-17T00:00,0.023,µg/m³,VOC,
101101,CHILLIWACK AIRPORT,Indane,2006-05-05T00:00,0.023,µg/m³,VOC,
101101,CHILLIWACK AIRPORT,Indane,2006-05-23T00:00,0.015,µg/m³,VOC,
101101,CHILLIWACK AIRPORT,Indane,2006-06-10T00:00,0.010,µg/m³,VOC,
101101,CHILLIWACK AIRPORT,Indane,2006-07-16T00:00,0.018,µg/m³,VOC,
101101,CHILLIWACK AIRPORT,Indane,2006-08-03T00:00,0.027,µg/m³,VOC,
101101,CHILLIWACK AIRPORT,Indane,2006-08-21T00:00,0.049,µg/m³,VOC,
101101,CHILLIWACK AIRPORT,Indane,2006-09-08T00:00,0.040,µg/m³,VOC,
101101,CHILLIWACK AIRPORT,Indane,2006-09-26T00:00,0.068,µg/m³,VOC,
101101,CHILLIWACK AIRPORT,Indane,2006-10-14T00:00,0.059,µg/m³,VOC,
101101,CHILLIWACK AIRPORT,Indane,2006-11-07T00:00,0.015,µg/m³,VOC,
101101,CHILLIWACK AIRPORT,Indane,2006-11-19T00:00,0.012,µg/m³,VOC,
101101,CHILLIWACK AIRPORT,Indane,2006-12-07T00:00,0.028,µg/m³,VOC,
101101,CHILLIWACK AIRPORT,Indane,2006-12-25T00:00,0.036,µg/m³,VOC,
