﻿NAPS_Site_ID,Station_Name,Pollutant,Date,Value,Units,Report_Type,Method
90130,EDMONTON CENTRAL,2-Ethyltoluene,1994-01-02T00:00,0.390,µg/m³,VOC,
90130,EDMONTON CENTRAL,2-Ethyltoluene,1994-01-08T00:00,0.174,µg/m³,VOC,
90130,EDMONTON CENTRAL,2-Ethyltoluene,1994-01-14T00:00,0.197,µg/m³,VOC,
90130,EDMONTON CENTRAL,2-Ethyltoluene,1994-01-20T00:00,1.545,µg/m³,VOC,
90130,EDMONTON CENTRAL,2-Ethyltoluene,1994-01-26T00:00,0.782,µg/m³,VOC,
90130,EDMONTON CENTRAL,2-Ethyltoluene,1994-02-01T00:00,0.339,µg/m³,VOC,
90130,EDMONTON CENTRAL,2-Ethyltoluene,1994-02-07T00:00,0.567,µg/m³,VOC,
90130,EDMONTON CENTRAL,2-Ethyltoluene,1994-02-13T00:00,0.199,µg/m³,VOC,
90130,EDMONTON CENTRAL,2-Ethyltoluene,1994-02-19T00:00,0.142,µg/m³,VOC,
90130,EDMONTON CENTRAL,2-Ethyltoluene,1994-02-25T00:00,0.871,µg/m³,VOC,
90130,EDMONTON CENTRAL,2-Ethyltoluene,1994-03-03T00:00,0.778,µg/m³,VOC,
90130,EDMONTON CENTRAL,2-Ethyltoluene,1994-03-09T00:00,1.000,µg/m³,VOC,
90130,EDMONTON CENTRAL,2-Ethyltoluene,1994-03-15T00:00,0.421,µg/m³,VOC,
90130,EDMONTON CENTRAL,2-Ethyltoluene,1994-03-21T00:00,0.425,µg/m³,VOC,
90130,EDMONTON CENTRAL,2-Ethyltoluene,1994-03-27T00:00,0.238,µg/m³,VOC,
90130,EDMONTON CENTRAL,2-Ethyltoluene,1994-04-02T00:00,0.331,µg/m³,VOC,
90130,EDMONTON CENTRAL,2-Ethyltoluene,1994-04-08T00:00,0.719,µg/m³,VOC,
90130,EDMONTON CENTRAL,2-Ethyltoluene,1994-04-14T00:00,0.387,µg/m³,VOC,
90130,EDMONTON CENTRAL,2-Ethyltoluene,1994-04-20T00:00,0.474,µg/m³,VOC,
90130,EDMONTON CENTRAL,2-Ethyltoluene,1994-04-26T00:00,0.349,µg/m³,VOC,
90130,EDMONTON CENTRAL,2-Ethyltoluene,1994-05-08T00:00,0.194,µg/m³,VOC,
90130,EDMONTON CENTRAL,2-Ethyltoluene,1994-05-20T00:00,0.507,µg/m³,VOC,
90130,EDMONTON CENTRAL,2-Ethyltoluene,1994-05-26T00:00,0.383,µg/m³,VOC,
90130,EDMONTON CENTRAL,2-Ethyltoluene,1994-06-01T00:00,0.409,µg/m³,VOC,
90130,EDMONTON CENTRAL,2-Ethyltoluene,1994-06-07T00:00,0.289,µg/m³,VOC,
90130,EDMONTON CENTRAL,2-Ethyltoluene,1994-06-13T00:00,0.308,µg/m³,VOC,
90130,EDMONTON CENTRAL,2-Ethyltoluene,1994-06-19T00:00,0.160,µg/m³,VOC,
90130,EDMONTON CENTRAL,2-Ethyltoluene,1994-06-25T00:00,0.251,µg/m³,VOC,
90130,EDMONTON CENTRAL,2-Ethyltoluene,1994-07-01T00:00,0.167,µg/m³,VOC,
90130,EDMONTON CENTRAL,2-Ethyltoluene,1994-07-07T00:00,0.429,µg/m³,VOC,
90130,EDMONTON CENTRAL,2-Ethyltoluene,1994-07-13T00:00,0.340,µg/m³,VOC,
90130,EDMONTON CENTRAL,2-Ethyltoluene,1994-07-19T00:00,0.357,µg/m³,VOC,
90130,EDMONTON CENTRAL,2-Ethyltoluene,1994-07-25T00:00,0.255,µg/m³,VOC,
90130,EDMONTON CENTRAL,2-Ethyltoluene,1994-07-31T00:00,0.153,µg/m³,VOC,
90130,EDMONTON CENTRAL,2-Ethyltoluene,1994-08-06T00:00,0.289,µg/m³,VOC,
90130,EDMONTON CENTRAL,2-Ethyltoluene,1994-08-12T00:00,0.455,µg/m³,VOC,
90130,EDMONTON CENTRAL,2-Ethyltoluene,1994-08-18T00:00,0.498,µg/m³,VOC,
90130,EDMONTON CENTRAL,2-Ethyltoluene,1994-08-24T00:00,0.455,µg/m³,VOC,
90130,EDMONTON CENTRAL,2-Ethyltoluene,1994-08-30T00:00,0.308,µg/m³,VOC,
90130,EDMONTON CENTRAL,2-Ethyltoluene,1994-09-05T00:00,0.456,µg/m³,VOC,
90130,EDMONTON CENTRAL,2-Ethyltoluene,1994-09-11T00:00,0.253,µg/m³,VOC,
90130,EDMONTON CENTRAL,2-Ethyltoluene,1994-09-17T00:00,0.577,µg/m³,VOC,
90130,EDMONTON CENTRAL,2-Ethyltoluene,1994-09-23T00:00,0.636,µg/m³,VOC,
90130,EDMONTON CENTRAL,2-Ethyltoluene,1994-09-29T00:00,0.344,µg/m³,VOC,
90130,EDMONTON CENTRAL,2-Ethyltoluene,1994-10-05T00:00,0.447,µg/m³,VOC,
90130,EDMONTON CENTRAL,2-Ethyltoluene,1994-10-11T00:00,0.525,µg/m³,VOC,
90130,EDMONTON CENTRAL,2-Ethyltoluene,1994-10-17T00:00,0.410,µg/m³,VOC,
90130,EDMONTON CENTRAL,2-Ethyltoluene,1994-10-23T00:00,0.346,µg/m³,VOC,
90130,EDMONTON CENTRAL,2-Ethyltoluene,1994-10-29T00:00,0.356,µg/m³,VOC,
90130,EDMONTON CENTRAL,2-Ethyltoluene,1994-11-04T00:00,0.692,µg/m³,VOC,
90130,EDMONTON CENTRAL,2-Ethyltoluene,1994-11-10T00:00,0.778,µg/m³,VOC,
90130,EDMONTON CENTRAL,2-Ethyltoluene,1994-11-16T00:00,0.300,µg/m³,VOC,
90130,EDMONTON CENTRAL,2-Ethyltoluene,1994-11-22T00:00,0.383,µg/m³,VOC,
90130,EDMONTON CENTRAL,2-Ethyltoluene,1994-11-28T00:00,0.408,µg/m³,VOC,
90130,EDMONTON CENTRAL,2-Ethyltoluene,1994-12-04T00:00,0.068,µg/m³,VOC,
90130,EDMONTON CENTRAL,2-Ethyltoluene,1994-12-10T00:00,0.405,µg/m³,VOC,
90130,EDMONTON CENTRAL,2-Ethyltoluene,1994-12-16T00:00,1.124,µg/m³,VOC,
90130,EDMONTON CENTRAL,2-Ethyltoluene,1994-12-22T00:00,2.217,µg/m³,VOC,
