﻿NAPS_Site_ID,Station_Name,Pollutant,Date,Value,Units,Report_Type,Method
61502,WEST AVE. & HOMEWOOD _KITCHENER_,cis-2-Butene,2013-01-03T19:00,0.024,µg/m³,VOC,GC-MS
61502,WEST AVE. & HOMEWOOD _KITCHENER_,cis-2-Butene,2013-01-09T19:00,0.149,µg/m³,VOC,GC-MS
61502,WEST AVE. & HOMEWOOD _KITCHENER_,cis-2-Butene,2013-01-15T19:00,0.059,µg/m³,VOC,GC-MS
61502,WEST AVE. & HOMEWOOD _KITCHENER_,cis-2-Butene,2013-01-21T19:00,0.015,µg/m³,VOC,GC-MS
61502,WEST AVE. & HOMEWOOD _KITCHENER_,cis-2-Butene,2013-01-27T19:00,0.045,µg/m³,VOC,GC-MS
61502,WEST AVE. & HOMEWOOD _KITCHENER_,cis-2-Butene,2013-02-02T19:00,0.082,µg/m³,VOC,GC-MS
61502,WEST AVE. & HOMEWOOD _KITCHENER_,cis-2-Butene,2013-02-08T19:00,0.121,µg/m³,VOC,GC-MS
61502,WEST AVE. & HOMEWOOD _KITCHENER_,cis-2-Butene,2013-02-14T19:00,0.017,µg/m³,VOC,GC-MS
61502,WEST AVE. & HOMEWOOD _KITCHENER_,cis-2-Butene,2013-02-20T19:00,0.041,µg/m³,VOC,GC-MS
61502,WEST AVE. & HOMEWOOD _KITCHENER_,cis-2-Butene,2013-02-26T19:00,0.027,µg/m³,VOC,GC-MS
61502,WEST AVE. & HOMEWOOD _KITCHENER_,cis-2-Butene,2013-03-04T19:00,0.028,µg/m³,VOC,GC-MS
61502,WEST AVE. & HOMEWOOD _KITCHENER_,cis-2-Butene,2013-03-10T20:00,0.026,µg/m³,VOC,GC-MS
61502,WEST AVE. & HOMEWOOD _KITCHENER_,cis-2-Butene,2013-03-16T20:00,0.010,µg/m³,VOC,GC-MS
61502,WEST AVE. & HOMEWOOD _KITCHENER_,cis-2-Butene,2013-03-22T20:00,0.009,µg/m³,VOC,GC-MS
61502,WEST AVE. & HOMEWOOD _KITCHENER_,cis-2-Butene,2013-03-28T20:00,0.011,µg/m³,VOC,GC-MS
61502,WEST AVE. & HOMEWOOD _KITCHENER_,cis-2-Butene,2013-04-03T20:00,0.022,µg/m³,VOC,GC-MS
61502,WEST AVE. & HOMEWOOD _KITCHENER_,cis-2-Butene,2013-04-09T20:00,0.017,µg/m³,VOC,GC-MS
61502,WEST AVE. & HOMEWOOD _KITCHENER_,cis-2-Butene,2013-04-15T20:00,0.014,µg/m³,VOC,GC-MS
61502,WEST AVE. & HOMEWOOD _KITCHENER_,cis-2-Butene,2013-04-21T20:00,0.017,µg/m³,VOC,GC-MS
61502,WEST AVE. & HOMEWOOD _KITCHENER_,cis-2-Butene,2013-04-27T20:00,0.017,µg/m³,VOC,GC-MS
61502,WEST AVE. & HOMEWOOD _KITCHENER_,cis-2-Butene,2013-05-03T20:00,0.028,µg/m³,VOC,GC-MS
61502,WEST AVE. & HOMEWOOD _KITCHENER_,cis-2-Butene,2013-05-09T20:00,0.062,µg/m³,VOC,GC-MS
61502,WEST AVE. & HOMEWOOD _KITCHENER_,cis-2-Butene,2013-05-15T20:00,0.027,µg/m³,VOC,GC-MS
61502,WEST AVE. & HOMEWOOD _KITCHENER_,cis-2-Butene,2013-05-21T20:00,0.041,µg/m³,VOC,GC-MS
61502,WEST AVE. & HOMEWOOD _KITCHENER_,cis-2-Butene,2013-05-27T20:00,0.025,µg/m³,VOC,GC-MS
61502,WEST AVE. & HOMEWOOD _KITCHENER_,cis-2-Butene,2013-06-02T20:00,0.014,µg/m³,VOC,GC-MS
61502,WEST AVE. & HOMEWOOD _KITCHENER_,cis-2-Butene,2013-06-08T20:00,0.032,µg/m³,VOC,GC-MS
61502,WEST AVE. & HOMEWOOD _KITCHENER_,cis-2-Butene,2013-06-14T20:00,0.599,µg/m³,VOC,GC-MS
61502,WEST AVE. & HOMEWOOD _KITCHENER_,cis-2-Butene,2013-06-20T20:00,0.073,µg/m³,VOC,GC-MS
61502,WEST AVE. & HOMEWOOD _KITCHENER_,cis-2-Butene,2013-06-26T20:00,0.059,µg/m³,VOC,GC-MS
61502,WEST AVE. & HOMEWOOD _KITCHENER_,cis-2-Butene,2013-07-02T20:00,0.022,µg/m³,VOC,GC-MS
61502,WEST AVE. & HOMEWOOD _KITCHENER_,cis-2-Butene,2013-07-08T20:00,0.019,µg/m³,VOC,GC-MS
61502,WEST AVE. & HOMEWOOD _KITCHENER_,cis-2-Butene,2013-07-14T20:00,0.048,µg/m³,VOC,GC-MS
61502,WEST AVE. & HOMEWOOD _KITCHENER_,cis-2-Butene,2013-07-20T20:00,0.026,µg/m³,VOC,GC-MS
61502,WEST AVE. & HOMEWOOD _KITCHENER_,cis-2-Butene,2013-07-26T20:00,0.025,µg/m³,VOC,GC-MS
61502,WEST AVE. & HOMEWOOD _KITCHENER_,cis-2-Butene,2013-08-01T20:00,0.045,µg/m³,VOC,GC-MS
61502,WEST AVE. & HOMEWOOD _KITCHENER_,cis-2-Butene,2013-08-07T20:00,0.029,µg/m³,VOC,GC-MS
61502,WEST AVE. & HOMEWOOD _KITCHENER_,cis-2-Butene,2013-08-13T20:00,0.017,µg/m³,VOC,GC-MS
61502,WEST AVE. & HOMEWOOD _KITCHENER_,cis-2-Butene,2013-08-19T20:00,0.022,µg/m³,VOC,GC-MS
61502,WEST AVE. & HOMEWOOD _KITCHENER_,cis-2-Butene,2013-08-25T20:00,0.031,µg/m³,VOC,GC-MS
61502,WEST AVE. & HOMEWOOD _KITCHENER_,cis-2-Butene,2013-08-31T20:00,0.018,µg/m³,VOC,GC-MS
61502,WEST AVE. & HOMEWOOD _KITCHENER_,cis-2-Butene,2013-09-06T20:00,0.035,µg/m³,VOC,GC-MS
61502,WEST AVE. & HOMEWOOD _KITCHENER_,cis-2-Butene,2013-09-12T20:00,0.013,µg/m³,VOC,GC-MS
61502,WEST AVE. & HOMEWOOD _KITCHENER_,cis-2-Butene,2013-09-18T20:00,0.130,µg/m³,VOC,GC-MS
61502,WEST AVE. & HOMEWOOD _KITCHENER_,cis-2-Butene,2013-09-24T20:00,0.103,µg/m³,VOC,GC-MS
61502,WEST AVE. & HOMEWOOD _KITCHENER_,cis-2-Butene,2013-09-30T20:00,0.028,µg/m³,VOC,GC-MS
61502,WEST AVE. & HOMEWOOD _KITCHENER_,cis-2-Butene,2013-10-06T20:00,0.018,µg/m³,VOC,GC-MS
61502,WEST AVE. & HOMEWOOD _KITCHENER_,cis-2-Butene,2013-10-12T20:00,0.024,µg/m³,VOC,GC-MS
61502,WEST AVE. & HOMEWOOD _KITCHENER_,cis-2-Butene,2013-10-18T20:00,0.035,µg/m³,VOC,GC-MS
61502,WEST AVE. & HOMEWOOD _KITCHENER_,cis-2-Butene,2013-10-24T20:00,0.020,µg/m³,VOC,GC-MS
61502,WEST AVE. & HOMEWOOD _KITCHENER_,cis-2-Butene,2013-11-05T19:00,0.019,µg/m³,VOC,GC-MS
61502,WEST AVE. & HOMEWOOD _KITCHENER_,cis-2-Butene,2013-11-11T19:00,0.014,µg/m³,VOC,GC-MS
61502,WEST AVE. & HOMEWOOD _KITCHENER_,cis-2-Butene,2013-11-17T19:00,0.012,µg/m³,VOC,GC-MS
61502,WEST AVE. & HOMEWOOD _KITCHENER_,cis-2-Butene,2013-11-23T19:00,0.014,µg/m³,VOC,GC-MS
61502,WEST AVE. & HOMEWOOD _KITCHENER_,cis-2-Butene,2013-11-29T19:00,0.102,µg/m³,VOC,GC-MS
61502,WEST AVE. & HOMEWOOD _KITCHENER_,cis-2-Butene,2013-12-05T19:00,0.018,µg/m³,VOC,GC-MS
61502,WEST AVE. & HOMEWOOD _KITCHENER_,cis-2-Butene,2013-12-17T19:00,0.024,µg/m³,VOC,GC-MS
61502,WEST AVE. & HOMEWOOD _KITCHENER_,cis-2-Butene,2013-12-23T19:00,0.020,µg/m³,VOC,GC-MS
61502,WEST AVE. & HOMEWOOD _KITCHENER_,cis-2-Butene,2013-12-29T19:00,0.013,µg/m³,VOC,GC-MS
