﻿NAPS_Site_ID,Station_Name,Pollutant,Date,Value,Units,Report_Type,Method
60438,ROADSIDE - 401W-TORONTO,"1,2-Dichloroethane",2016-12-31T19:00,0.061,µg/m³,VOC,N/A
60438,ROADSIDE - 401W-TORONTO,"1,2-Dichloroethane",2017-01-06T19:00,0.057,µg/m³,VOC,N/A
60438,ROADSIDE - 401W-TORONTO,"1,2-Dichloroethane",2017-01-12T19:00,0.067,µg/m³,VOC,N/A
60438,ROADSIDE - 401W-TORONTO,"1,2-Dichloroethane",2017-02-05T19:00,0.073,µg/m³,VOC,N/A
60438,ROADSIDE - 401W-TORONTO,"1,2-Dichloroethane",2017-02-11T19:00,0.074,µg/m³,VOC,N/A
60438,ROADSIDE - 401W-TORONTO,"1,2-Dichloroethane",2017-02-17T19:00,0.077,µg/m³,VOC,N/A
60438,ROADSIDE - 401W-TORONTO,"1,2-Dichloroethane",2017-02-23T19:00,0.067,µg/m³,VOC,N/A
60438,ROADSIDE - 401W-TORONTO,"1,2-Dichloroethane",2017-03-01T19:00,0.068,µg/m³,VOC,N/A
60438,ROADSIDE - 401W-TORONTO,"1,2-Dichloroethane",2017-03-07T19:00,0.070,µg/m³,VOC,N/A
60438,ROADSIDE - 401W-TORONTO,"1,2-Dichloroethane",2017-03-13T20:00,0.068,µg/m³,VOC,N/A
60438,ROADSIDE - 401W-TORONTO,"1,2-Dichloroethane",2017-03-19T20:00,0.073,µg/m³,VOC,N/A
60438,ROADSIDE - 401W-TORONTO,"1,2-Dichloroethane",2017-03-25T20:00,0.064,µg/m³,VOC,N/A
60438,ROADSIDE - 401W-TORONTO,"1,2-Dichloroethane",2017-03-31T20:00,0.060,µg/m³,VOC,N/A
60438,ROADSIDE - 401W-TORONTO,"1,2-Dichloroethane",2017-04-06T20:00,0.060,µg/m³,VOC,N/A
60438,ROADSIDE - 401W-TORONTO,"1,2-Dichloroethane",2017-04-12T20:00,0.074,µg/m³,VOC,N/A
60438,ROADSIDE - 401W-TORONTO,"1,2-Dichloroethane",2017-04-18T20:00,0.069,µg/m³,VOC,N/A
60438,ROADSIDE - 401W-TORONTO,"1,2-Dichloroethane",2017-04-30T20:00,0.065,µg/m³,VOC,N/A
60438,ROADSIDE - 401W-TORONTO,"1,2-Dichloroethane",2017-05-06T20:00,0.061,µg/m³,VOC,N/A
60438,ROADSIDE - 401W-TORONTO,"1,2-Dichloroethane",2017-05-18T20:00,0.074,µg/m³,VOC,N/A
60438,ROADSIDE - 401W-TORONTO,"1,2-Dichloroethane",2017-06-11T20:00,0.057,µg/m³,VOC,N/A
60438,ROADSIDE - 401W-TORONTO,"1,2-Dichloroethane",2017-06-17T20:00,0.057,µg/m³,VOC,N/A
60438,ROADSIDE - 401W-TORONTO,"1,2-Dichloroethane",2017-06-29T20:00,0.053,µg/m³,VOC,N/A
60438,ROADSIDE - 401W-TORONTO,"1,2-Dichloroethane",2017-07-05T20:00,0.061,µg/m³,VOC,N/A
60438,ROADSIDE - 401W-TORONTO,"1,2-Dichloroethane",2017-07-29T20:00,0.051,µg/m³,VOC,N/A
60438,ROADSIDE - 401W-TORONTO,"1,2-Dichloroethane",2017-08-04T20:00,0.044,µg/m³,VOC,N/A
60438,ROADSIDE - 401W-TORONTO,"1,2-Dichloroethane",2017-08-10T20:00,0.047,µg/m³,VOC,N/A
60438,ROADSIDE - 401W-TORONTO,"1,2-Dichloroethane",2017-08-16T20:00,0.049,µg/m³,VOC,N/A
60438,ROADSIDE - 401W-TORONTO,"1,2-Dichloroethane",2017-08-22T20:00,0.041,µg/m³,VOC,N/A
60438,ROADSIDE - 401W-TORONTO,"1,2-Dichloroethane",2017-08-28T20:00,0.042,µg/m³,VOC,N/A
60438,ROADSIDE - 401W-TORONTO,"1,2-Dichloroethane",2017-09-03T20:00,0.046,µg/m³,VOC,N/A
60438,ROADSIDE - 401W-TORONTO,"1,2-Dichloroethane",2017-09-09T20:00,0.045,µg/m³,VOC,N/A
60438,ROADSIDE - 401W-TORONTO,"1,2-Dichloroethane",2017-09-15T20:00,0.064,µg/m³,VOC,N/A
60438,ROADSIDE - 401W-TORONTO,"1,2-Dichloroethane",2017-09-21T20:00,0.078,µg/m³,VOC,N/A
60438,ROADSIDE - 401W-TORONTO,"1,2-Dichloroethane",2017-09-27T20:00,0.048,µg/m³,VOC,N/A
60438,ROADSIDE - 401W-TORONTO,"1,2-Dichloroethane",2017-10-03T20:00,0.053,µg/m³,VOC,N/A
60438,ROADSIDE - 401W-TORONTO,"1,2-Dichloroethane",2017-10-09T20:00,0.068,µg/m³,VOC,N/A
60438,ROADSIDE - 401W-TORONTO,"1,2-Dichloroethane",2017-10-15T20:00,0.055,µg/m³,VOC,N/A
60438,ROADSIDE - 401W-TORONTO,"1,2-Dichloroethane",2017-10-21T20:00,0.089,µg/m³,VOC,N/A
60438,ROADSIDE - 401W-TORONTO,"1,2-Dichloroethane",2017-10-27T20:00,0.065,µg/m³,VOC,N/A
60438,ROADSIDE - 401W-TORONTO,"1,2-Dichloroethane",2017-11-02T20:00,0.058,µg/m³,VOC,N/A
60438,ROADSIDE - 401W-TORONTO,"1,2-Dichloroethane",2017-11-08T19:00,0.069,µg/m³,VOC,N/A
60438,ROADSIDE - 401W-TORONTO,"1,2-Dichloroethane",2017-11-14T19:00,0.069,µg/m³,VOC,N/A
60438,ROADSIDE - 401W-TORONTO,"1,2-Dichloroethane",2017-11-20T19:00,0.092,µg/m³,VOC,N/A
60438,ROADSIDE - 401W-TORONTO,"1,2-Dichloroethane",2017-11-26T19:00,0.074,µg/m³,VOC,N/A
60438,ROADSIDE - 401W-TORONTO,"1,2-Dichloroethane",2017-12-02T19:00,0.095,µg/m³,VOC,N/A
60438,ROADSIDE - 401W-TORONTO,"1,2-Dichloroethane",2017-12-08T19:00,0.068,µg/m³,VOC,N/A
60438,ROADSIDE - 401W-TORONTO,"1,2-Dichloroethane",2017-12-14T19:00,0.068,µg/m³,VOC,N/A
