﻿NAPS_Site_ID,Station_Name,Pollutant,Date,Value,Units,Report_Type,Method
61602,BRONTE RD. & WOBURN CRES. _OAKVILLE_,"cis-1,3-Dimethylcyclohexane",2004-01-04T00:00,0.015,µg/m³,VOC,N/A
61602,BRONTE RD. & WOBURN CRES. _OAKVILLE_,"cis-1,3-Dimethylcyclohexane",2004-02-21T00:00,0.133,µg/m³,VOC,N/A
61602,BRONTE RD. & WOBURN CRES. _OAKVILLE_,"cis-1,3-Dimethylcyclohexane",2004-03-10T00:00,0.077,µg/m³,VOC,N/A
61602,BRONTE RD. & WOBURN CRES. _OAKVILLE_,"cis-1,3-Dimethylcyclohexane",2004-03-16T00:00,0.027,µg/m³,VOC,N/A
61602,BRONTE RD. & WOBURN CRES. _OAKVILLE_,"cis-1,3-Dimethylcyclohexane",2004-03-22T00:00,0.042,µg/m³,VOC,N/A
61602,BRONTE RD. & WOBURN CRES. _OAKVILLE_,"cis-1,3-Dimethylcyclohexane",2004-05-09T00:00,0.035,µg/m³,VOC,N/A
61602,BRONTE RD. & WOBURN CRES. _OAKVILLE_,"cis-1,3-Dimethylcyclohexane",2004-05-15T00:00,0.011,µg/m³,VOC,N/A
61602,BRONTE RD. & WOBURN CRES. _OAKVILLE_,"cis-1,3-Dimethylcyclohexane",2004-05-21T00:00,0.066,µg/m³,VOC,N/A
61602,BRONTE RD. & WOBURN CRES. _OAKVILLE_,"cis-1,3-Dimethylcyclohexane",2004-05-27T00:00,0.055,µg/m³,VOC,N/A
61602,BRONTE RD. & WOBURN CRES. _OAKVILLE_,"cis-1,3-Dimethylcyclohexane",2004-06-02T00:00,0.101,µg/m³,VOC,N/A
61602,BRONTE RD. & WOBURN CRES. _OAKVILLE_,"cis-1,3-Dimethylcyclohexane",2004-06-08T00:00,0.238,µg/m³,VOC,N/A
61602,BRONTE RD. & WOBURN CRES. _OAKVILLE_,"cis-1,3-Dimethylcyclohexane",2004-06-14T00:00,0.225,µg/m³,VOC,N/A
61602,BRONTE RD. & WOBURN CRES. _OAKVILLE_,"cis-1,3-Dimethylcyclohexane",2004-06-20T00:00,0.067,µg/m³,VOC,N/A
61602,BRONTE RD. & WOBURN CRES. _OAKVILLE_,"cis-1,3-Dimethylcyclohexane",2004-06-26T00:00,0.101,µg/m³,VOC,N/A
61602,BRONTE RD. & WOBURN CRES. _OAKVILLE_,"cis-1,3-Dimethylcyclohexane",2004-07-02T00:00,0.024,µg/m³,VOC,N/A
61602,BRONTE RD. & WOBURN CRES. _OAKVILLE_,"cis-1,3-Dimethylcyclohexane",2004-07-08T00:00,0.135,µg/m³,VOC,N/A
61602,BRONTE RD. & WOBURN CRES. _OAKVILLE_,"cis-1,3-Dimethylcyclohexane",2004-07-20T00:00,0.247,µg/m³,VOC,N/A
61602,BRONTE RD. & WOBURN CRES. _OAKVILLE_,"cis-1,3-Dimethylcyclohexane",2004-07-26T00:00,0.032,µg/m³,VOC,N/A
61602,BRONTE RD. & WOBURN CRES. _OAKVILLE_,"cis-1,3-Dimethylcyclohexane",2004-08-01T00:00,0.084,µg/m³,VOC,N/A
61602,BRONTE RD. & WOBURN CRES. _OAKVILLE_,"cis-1,3-Dimethylcyclohexane",2004-08-07T00:00,0.037,µg/m³,VOC,N/A
61602,BRONTE RD. & WOBURN CRES. _OAKVILLE_,"cis-1,3-Dimethylcyclohexane",2004-08-13T00:00,0.056,µg/m³,VOC,N/A
61602,BRONTE RD. & WOBURN CRES. _OAKVILLE_,"cis-1,3-Dimethylcyclohexane",2004-08-19T00:00,0.122,µg/m³,VOC,N/A
61602,BRONTE RD. & WOBURN CRES. _OAKVILLE_,"cis-1,3-Dimethylcyclohexane",2004-08-25T00:00,0.049,µg/m³,VOC,N/A
61602,BRONTE RD. & WOBURN CRES. _OAKVILLE_,"cis-1,3-Dimethylcyclohexane",2004-08-31T00:00,0.069,µg/m³,VOC,N/A
61602,BRONTE RD. & WOBURN CRES. _OAKVILLE_,"cis-1,3-Dimethylcyclohexane",2004-09-06T00:00,0.007,µg/m³,VOC,N/A
61602,BRONTE RD. & WOBURN CRES. _OAKVILLE_,"cis-1,3-Dimethylcyclohexane",2004-09-24T00:00,0.182,µg/m³,VOC,N/A
61602,BRONTE RD. & WOBURN CRES. _OAKVILLE_,"cis-1,3-Dimethylcyclohexane",2004-09-30T00:00,0.071,µg/m³,VOC,N/A
61602,BRONTE RD. & WOBURN CRES. _OAKVILLE_,"cis-1,3-Dimethylcyclohexane",2004-10-06T00:00,0.264,µg/m³,VOC,N/A
61602,BRONTE RD. & WOBURN CRES. _OAKVILLE_,"cis-1,3-Dimethylcyclohexane",2004-10-12T00:00,0.093,µg/m³,VOC,N/A
61602,BRONTE RD. & WOBURN CRES. _OAKVILLE_,"cis-1,3-Dimethylcyclohexane",2004-10-18T00:00,0.146,µg/m³,VOC,N/A
61602,BRONTE RD. & WOBURN CRES. _OAKVILLE_,"cis-1,3-Dimethylcyclohexane",2004-10-24T00:00,0.030,µg/m³,VOC,N/A
61602,BRONTE RD. & WOBURN CRES. _OAKVILLE_,"cis-1,3-Dimethylcyclohexane",2004-10-30T00:00,0.098,µg/m³,VOC,N/A
61602,BRONTE RD. & WOBURN CRES. _OAKVILLE_,"cis-1,3-Dimethylcyclohexane",2004-11-05T00:00,0.063,µg/m³,VOC,N/A
61602,BRONTE RD. & WOBURN CRES. _OAKVILLE_,"cis-1,3-Dimethylcyclohexane",2004-11-11T00:00,0.139,µg/m³,VOC,N/A
61602,BRONTE RD. & WOBURN CRES. _OAKVILLE_,"cis-1,3-Dimethylcyclohexane",2004-11-17T00:00,0.236,µg/m³,VOC,N/A
61602,BRONTE RD. & WOBURN CRES. _OAKVILLE_,"cis-1,3-Dimethylcyclohexane",2004-11-23T00:00,0.164,µg/m³,VOC,N/A
61602,BRONTE RD. & WOBURN CRES. _OAKVILLE_,"cis-1,3-Dimethylcyclohexane",2004-11-29T00:00,0.120,µg/m³,VOC,N/A
61602,BRONTE RD. & WOBURN CRES. _OAKVILLE_,"cis-1,3-Dimethylcyclohexane",2004-12-05T00:00,0.004,µg/m³,VOC,N/A
61602,BRONTE RD. & WOBURN CRES. _OAKVILLE_,"cis-1,3-Dimethylcyclohexane",2004-12-11T00:00,0.023,µg/m³,VOC,N/A
61602,BRONTE RD. & WOBURN CRES. _OAKVILLE_,"cis-1,3-Dimethylcyclohexane",2004-12-17T00:00,0.041,µg/m³,VOC,N/A
61602,BRONTE RD. & WOBURN CRES. _OAKVILLE_,"cis-1,3-Dimethylcyclohexane",2004-12-23T00:00,0.042,µg/m³,VOC,N/A
61602,BRONTE RD. & WOBURN CRES. _OAKVILLE_,"cis-1,3-Dimethylcyclohexane",2004-12-29T00:00,0.144,µg/m³,VOC,N/A
