﻿NAPS_Site_ID,Station_Name,Pollutant,Date,Value,Units,Report_Type,Method
60903,LONDON AQI SITE _LONDON_ 900_HGHBURYAVE,Propane,2009-06-18T00:00,1.599,µg/m³,VOC,GC-MS
60903,LONDON AQI SITE _LONDON_ 900_HGHBURYAVE,Propane,2009-06-24T00:00,3.081,µg/m³,VOC,GC-MS
60903,LONDON AQI SITE _LONDON_ 900_HGHBURYAVE,Propane,2009-06-30T00:00,1.001,µg/m³,VOC,GC-MS
60903,LONDON AQI SITE _LONDON_ 900_HGHBURYAVE,Propane,2009-07-06T00:00,2.669,µg/m³,VOC,GC-MS
60903,LONDON AQI SITE _LONDON_ 900_HGHBURYAVE,Propane,2009-07-18T00:00,0.881,µg/m³,VOC,GC-MS
60903,LONDON AQI SITE _LONDON_ 900_HGHBURYAVE,Propane,2009-07-24T00:00,1.660,µg/m³,VOC,GC-MS
60903,LONDON AQI SITE _LONDON_ 900_HGHBURYAVE,Propane,2009-07-30T00:00,5.765,µg/m³,VOC,GC-MS
60903,LONDON AQI SITE _LONDON_ 900_HGHBURYAVE,Propane,2009-08-05T00:00,1.377,µg/m³,VOC,GC-MS
60903,LONDON AQI SITE _LONDON_ 900_HGHBURYAVE,Propane,2009-08-11T00:00,2.986,µg/m³,VOC,GC-MS
60903,LONDON AQI SITE _LONDON_ 900_HGHBURYAVE,Propane,2009-08-17T00:00,3.286,µg/m³,VOC,GC-MS
60903,LONDON AQI SITE _LONDON_ 900_HGHBURYAVE,Propane,2009-08-23T00:00,1.484,µg/m³,VOC,GC-MS
60903,LONDON AQI SITE _LONDON_ 900_HGHBURYAVE,Propane,2009-08-29T00:00,1.346,µg/m³,VOC,GC-MS
60903,LONDON AQI SITE _LONDON_ 900_HGHBURYAVE,Propane,2009-09-04T00:00,1.869,µg/m³,VOC,GC-MS
60903,LONDON AQI SITE _LONDON_ 900_HGHBURYAVE,Propane,2009-09-10T00:00,1.676,µg/m³,VOC,GC-MS
60903,LONDON AQI SITE _LONDON_ 900_HGHBURYAVE,Propane,2009-09-16T00:00,0.980,µg/m³,VOC,GC-MS
60903,LONDON AQI SITE _LONDON_ 900_HGHBURYAVE,Propane,2009-09-22T00:00,6.531,µg/m³,VOC,GC-MS
60903,LONDON AQI SITE _LONDON_ 900_HGHBURYAVE,Propane,2009-09-28T00:00,1.635,µg/m³,VOC,GC-MS
60903,LONDON AQI SITE _LONDON_ 900_HGHBURYAVE,Propane,2009-10-04T00:00,1.629,µg/m³,VOC,GC-MS
60903,LONDON AQI SITE _LONDON_ 900_HGHBURYAVE,Propane,2009-10-10T00:00,1.052,µg/m³,VOC,GC-MS
60903,LONDON AQI SITE _LONDON_ 900_HGHBURYAVE,Propane,2009-10-16T00:00,0.913,µg/m³,VOC,GC-MS
60903,LONDON AQI SITE _LONDON_ 900_HGHBURYAVE,Propane,2009-10-22T00:00,2.011,µg/m³,VOC,GC-MS
60903,LONDON AQI SITE _LONDON_ 900_HGHBURYAVE,Propane,2009-10-28T00:00,3.920,µg/m³,VOC,GC-MS
60903,LONDON AQI SITE _LONDON_ 900_HGHBURYAVE,Propane,2009-11-03T00:00,2.584,µg/m³,VOC,GC-MS
60903,LONDON AQI SITE _LONDON_ 900_HGHBURYAVE,Propane,2009-11-09T00:00,5.597,µg/m³,VOC,GC-MS
60903,LONDON AQI SITE _LONDON_ 900_HGHBURYAVE,Propane,2009-11-15T00:00,11.163,µg/m³,VOC,GC-MS
60903,LONDON AQI SITE _LONDON_ 900_HGHBURYAVE,Propane,2009-11-21T00:00,4.903,µg/m³,VOC,GC-MS
60903,LONDON AQI SITE _LONDON_ 900_HGHBURYAVE,Propane,2009-11-27T00:00,2.727,µg/m³,VOC,GC-MS
60903,LONDON AQI SITE _LONDON_ 900_HGHBURYAVE,Propane,2009-12-03T00:00,3.153,µg/m³,VOC,GC-MS
60903,LONDON AQI SITE _LONDON_ 900_HGHBURYAVE,Propane,2009-12-21T00:00,2.669,µg/m³,VOC,GC-MS
60903,LONDON AQI SITE _LONDON_ 900_HGHBURYAVE,Propane,2009-12-27T00:00,3.861,µg/m³,VOC,GC-MS
