﻿NAPS_Site_ID,Station_Name,Pollutant,Date,Value,Units,Report_Type,Method
55201,LEMIEUX,Isobutane,2011-01-03T00:00,0.487,µg/m³,VOC,GC-MS
55201,LEMIEUX,Isobutane,2011-01-06T00:00,0.436,µg/m³,VOC,GC-MS
55201,LEMIEUX,Isobutane,2011-01-09T00:00,0.311,µg/m³,VOC,GC-MS
55201,LEMIEUX,Isobutane,2011-01-12T00:00,0.381,µg/m³,VOC,GC-MS
55201,LEMIEUX,Isobutane,2011-01-15T00:00,0.321,µg/m³,VOC,GC-MS
55201,LEMIEUX,Isobutane,2011-01-18T00:00,0.800,µg/m³,VOC,GC-MS
55201,LEMIEUX,Isobutane,2011-01-21T00:00,0.345,µg/m³,VOC,GC-MS
55201,LEMIEUX,Isobutane,2011-01-24T00:00,0.649,µg/m³,VOC,GC-MS
55201,LEMIEUX,Isobutane,2011-01-27T00:00,0.672,µg/m³,VOC,GC-MS
55201,LEMIEUX,Isobutane,2011-01-30T00:00,0.627,µg/m³,VOC,GC-MS
55201,LEMIEUX,Isobutane,2011-02-02T00:00,0.532,µg/m³,VOC,GC-MS
55201,LEMIEUX,Isobutane,2011-02-05T00:00,0.581,µg/m³,VOC,GC-MS
55201,LEMIEUX,Isobutane,2011-02-08T00:00,0.457,µg/m³,VOC,GC-MS
55201,LEMIEUX,Isobutane,2011-02-11T00:00,0.771,µg/m³,VOC,GC-MS
55201,LEMIEUX,Isobutane,2011-02-14T00:00,0.734,µg/m³,VOC,GC-MS
55201,LEMIEUX,Isobutane,2011-02-17T00:00,0.983,µg/m³,VOC,GC-MS
55201,LEMIEUX,Isobutane,2011-02-20T00:00,0.389,µg/m³,VOC,GC-MS
55201,LEMIEUX,Isobutane,2011-02-23T00:00,0.388,µg/m³,VOC,GC-MS
55201,LEMIEUX,Isobutane,2011-02-26T00:00,0.449,µg/m³,VOC,GC-MS
55201,LEMIEUX,Isobutane,2011-03-01T00:00,0.566,µg/m³,VOC,GC-MS
55201,LEMIEUX,Isobutane,2011-03-04T00:00,0.354,µg/m³,VOC,GC-MS
55201,LEMIEUX,Isobutane,2011-03-07T00:00,0.392,µg/m³,VOC,GC-MS
55201,LEMIEUX,Isobutane,2011-03-10T00:00,0.243,µg/m³,VOC,GC-MS
55201,LEMIEUX,Isobutane,2011-03-13T00:00,0.226,µg/m³,VOC,GC-MS
55201,LEMIEUX,Isobutane,2011-03-16T00:00,0.612,µg/m³,VOC,GC-MS
55201,LEMIEUX,Isobutane,2011-03-19T00:00,0.298,µg/m³,VOC,GC-MS
55201,LEMIEUX,Isobutane,2011-03-22T00:00,0.258,µg/m³,VOC,GC-MS
55201,LEMIEUX,Isobutane,2011-03-25T00:00,0.242,µg/m³,VOC,GC-MS
55201,LEMIEUX,Isobutane,2011-03-28T00:00,0.217,µg/m³,VOC,GC-MS
55201,LEMIEUX,Isobutane,2011-03-31T00:00,0.305,µg/m³,VOC,GC-MS
55201,LEMIEUX,Isobutane,2011-04-03T00:00,0.148,µg/m³,VOC,GC-MS
55201,LEMIEUX,Isobutane,2011-04-06T00:00,0.200,µg/m³,VOC,GC-MS
55201,LEMIEUX,Isobutane,2011-04-09T00:00,0.220,µg/m³,VOC,GC-MS
55201,LEMIEUX,Isobutane,2011-04-12T00:00,0.100,µg/m³,VOC,GC-MS
55201,LEMIEUX,Isobutane,2011-04-15T00:00,0.149,µg/m³,VOC,GC-MS
55201,LEMIEUX,Isobutane,2011-04-18T00:00,0.232,µg/m³,VOC,GC-MS
55201,LEMIEUX,Isobutane,2011-04-21T00:00,0.139,µg/m³,VOC,GC-MS
55201,LEMIEUX,Isobutane,2011-04-24T00:00,0.147,µg/m³,VOC,GC-MS
55201,LEMIEUX,Isobutane,2011-04-27T00:00,0.297,µg/m³,VOC,GC-MS
55201,LEMIEUX,Isobutane,2011-04-30T00:00,0.085,µg/m³,VOC,GC-MS
55201,LEMIEUX,Isobutane,2011-05-03T00:00,0.208,µg/m³,VOC,GC-MS
55201,LEMIEUX,Isobutane,2011-05-06T00:00,0.200,µg/m³,VOC,GC-MS
55201,LEMIEUX,Isobutane,2011-05-09T00:00,0.345,µg/m³,VOC,GC-MS
55201,LEMIEUX,Isobutane,2011-05-12T00:00,0.409,µg/m³,VOC,GC-MS
55201,LEMIEUX,Isobutane,2011-05-15T00:00,0.274,µg/m³,VOC,GC-MS
55201,LEMIEUX,Isobutane,2011-05-18T00:00,0.750,µg/m³,VOC,GC-MS
55201,LEMIEUX,Isobutane,2011-05-21T00:00,0.604,µg/m³,VOC,GC-MS
55201,LEMIEUX,Isobutane,2011-05-24T00:00,0.148,µg/m³,VOC,GC-MS
55201,LEMIEUX,Isobutane,2011-05-27T00:00,0.327,µg/m³,VOC,GC-MS
55201,LEMIEUX,Isobutane,2011-05-30T00:00,0.040,µg/m³,VOC,GC-MS
55201,LEMIEUX,Isobutane,2011-06-02T00:00,0.022,µg/m³,VOC,GC-MS
55201,LEMIEUX,Isobutane,2011-06-05T00:00,0.093,µg/m³,VOC,GC-MS
55201,LEMIEUX,Isobutane,2011-06-08T00:00,0.226,µg/m³,VOC,GC-MS
55201,LEMIEUX,Isobutane,2011-06-11T00:00,0.060,µg/m³,VOC,GC-MS
55201,LEMIEUX,Isobutane,2011-06-14T00:00,0.039,µg/m³,VOC,GC-MS
55201,LEMIEUX,Isobutane,2011-06-17T00:00,0.088,µg/m³,VOC,GC-MS
55201,LEMIEUX,Isobutane,2011-06-20T00:00,0.015,µg/m³,VOC,GC-MS
55201,LEMIEUX,Isobutane,2011-06-23T00:00,0.050,µg/m³,VOC,GC-MS
55201,LEMIEUX,Isobutane,2011-06-26T00:00,0.131,µg/m³,VOC,GC-MS
55201,LEMIEUX,Isobutane,2011-06-29T00:00,0.141,µg/m³,VOC,GC-MS
55201,LEMIEUX,Isobutane,2011-07-02T00:00,0.069,µg/m³,VOC,GC-MS
55201,LEMIEUX,Isobutane,2011-07-05T00:00,0.053,µg/m³,VOC,GC-MS
55201,LEMIEUX,Isobutane,2011-07-08T00:00,0.085,µg/m³,VOC,GC-MS
55201,LEMIEUX,Isobutane,2011-07-11T00:00,0.200,µg/m³,VOC,GC-MS
55201,LEMIEUX,Isobutane,2011-07-14T00:00,0.017,µg/m³,VOC,GC-MS
55201,LEMIEUX,Isobutane,2011-07-17T00:00,0.139,µg/m³,VOC,GC-MS
55201,LEMIEUX,Isobutane,2011-08-07T00:00,0.377,µg/m³,VOC,GC-MS
55201,LEMIEUX,Isobutane,2011-08-10T00:00,0.131,µg/m³,VOC,GC-MS
55201,LEMIEUX,Isobutane,2011-08-13T00:00,0.096,µg/m³,VOC,GC-MS
55201,LEMIEUX,Isobutane,2011-08-16T00:00,0.128,µg/m³,VOC,GC-MS
55201,LEMIEUX,Isobutane,2011-08-19T00:00,0.186,µg/m³,VOC,GC-MS
55201,LEMIEUX,Isobutane,2011-08-22T00:00,0.031,µg/m³,VOC,GC-MS
55201,LEMIEUX,Isobutane,2011-08-25T00:00,0.188,µg/m³,VOC,GC-MS
55201,LEMIEUX,Isobutane,2011-08-28T00:00,0.164,µg/m³,VOC,GC-MS
55201,LEMIEUX,Isobutane,2011-08-31T00:00,0.050,µg/m³,VOC,GC-MS
55201,LEMIEUX,Isobutane,2011-09-03T00:00,0.157,µg/m³,VOC,GC-MS
55201,LEMIEUX,Isobutane,2011-09-06T00:00,0.023,µg/m³,VOC,GC-MS
55201,LEMIEUX,Isobutane,2011-09-09T00:00,0.078,µg/m³,VOC,GC-MS
55201,LEMIEUX,Isobutane,2011-09-12T00:00,0.116,µg/m³,VOC,GC-MS
55201,LEMIEUX,Isobutane,2011-09-15T00:00,0.056,µg/m³,VOC,GC-MS
55201,LEMIEUX,Isobutane,2011-09-18T00:00,0.069,µg/m³,VOC,GC-MS
55201,LEMIEUX,Isobutane,2011-09-21T00:00,0.296,µg/m³,VOC,GC-MS
55201,LEMIEUX,Isobutane,2011-09-24T00:00,0.471,µg/m³,VOC,GC-MS
55201,LEMIEUX,Isobutane,2011-09-27T00:00,0.398,µg/m³,VOC,GC-MS
55201,LEMIEUX,Isobutane,2011-09-30T00:00,0.356,µg/m³,VOC,GC-MS
55201,LEMIEUX,Isobutane,2011-10-03T00:00,0.343,µg/m³,VOC,GC-MS
55201,LEMIEUX,Isobutane,2011-10-06T00:00,0.063,µg/m³,VOC,GC-MS
55201,LEMIEUX,Isobutane,2011-10-09T00:00,0.641,µg/m³,VOC,GC-MS
55201,LEMIEUX,Isobutane,2011-10-12T00:00,0.255,µg/m³,VOC,GC-MS
55201,LEMIEUX,Isobutane,2011-10-15T00:00,0.270,µg/m³,VOC,GC-MS
55201,LEMIEUX,Isobutane,2011-10-18T00:00,0.304,µg/m³,VOC,GC-MS
55201,LEMIEUX,Isobutane,2011-10-21T00:00,0.391,µg/m³,VOC,GC-MS
55201,LEMIEUX,Isobutane,2011-10-24T00:00,0.217,µg/m³,VOC,GC-MS
55201,LEMIEUX,Isobutane,2011-10-27T00:00,0.110,µg/m³,VOC,GC-MS
55201,LEMIEUX,Isobutane,2011-10-30T00:00,0.105,µg/m³,VOC,GC-MS
55201,LEMIEUX,Isobutane,2011-11-02T00:00,0.313,µg/m³,VOC,GC-MS
55201,LEMIEUX,Isobutane,2011-11-05T00:00,0.214,µg/m³,VOC,GC-MS
55201,LEMIEUX,Isobutane,2011-11-08T00:00,0.337,µg/m³,VOC,GC-MS
55201,LEMIEUX,Isobutane,2011-11-11T00:00,0.650,µg/m³,VOC,GC-MS
55201,LEMIEUX,Isobutane,2011-11-14T00:00,0.765,µg/m³,VOC,GC-MS
55201,LEMIEUX,Isobutane,2011-11-17T00:00,0.387,µg/m³,VOC,GC-MS
55201,LEMIEUX,Isobutane,2011-11-20T00:00,0.465,µg/m³,VOC,GC-MS
55201,LEMIEUX,Isobutane,2011-11-23T00:00,0.596,µg/m³,VOC,GC-MS
55201,LEMIEUX,Isobutane,2011-11-26T00:00,0.533,µg/m³,VOC,GC-MS
55201,LEMIEUX,Isobutane,2011-11-29T00:00,0.658,µg/m³,VOC,GC-MS
55201,LEMIEUX,Isobutane,2011-12-02T00:00,0.619,µg/m³,VOC,GC-MS
55201,LEMIEUX,Isobutane,2011-12-05T00:00,0.561,µg/m³,VOC,GC-MS
55201,LEMIEUX,Isobutane,2011-12-08T00:00,0.300,µg/m³,VOC,GC-MS
55201,LEMIEUX,Isobutane,2011-12-11T00:00,0.385,µg/m³,VOC,GC-MS
55201,LEMIEUX,Isobutane,2011-12-14T00:00,0.703,µg/m³,VOC,GC-MS
55201,LEMIEUX,Isobutane,2011-12-17T00:00,0.344,µg/m³,VOC,GC-MS
55201,LEMIEUX,Isobutane,2011-12-20T00:00,0.721,µg/m³,VOC,GC-MS
55201,LEMIEUX,Isobutane,2011-12-23T00:00,0.394,µg/m³,VOC,GC-MS
55201,LEMIEUX,Isobutane,2011-12-26T00:00,0.657,µg/m³,VOC,GC-MS
