﻿NAPS_Site_ID,Station_Name,Pollutant,Date,Value,Units,Report_Type,Method
63802,SOUTH WALPOLE,2-Methylheptane,1994-01-14T00:00,0.065,µg/m³,VOC,
63802,SOUTH WALPOLE,2-Methylheptane,1994-01-20T00:00,0.287,µg/m³,VOC,
63802,SOUTH WALPOLE,2-Methylheptane,1994-01-26T00:00,0.043,µg/m³,VOC,
63802,SOUTH WALPOLE,2-Methylheptane,1994-02-01T00:00,0.134,µg/m³,VOC,
63802,SOUTH WALPOLE,2-Methylheptane,1994-02-07T00:00,0.046,µg/m³,VOC,
63802,SOUTH WALPOLE,2-Methylheptane,1994-02-19T00:00,0.107,µg/m³,VOC,
63802,SOUTH WALPOLE,2-Methylheptane,1994-02-25T00:00,0.101,µg/m³,VOC,
63802,SOUTH WALPOLE,2-Methylheptane,1994-03-03T00:00,0.284,µg/m³,VOC,
63802,SOUTH WALPOLE,2-Methylheptane,1994-03-09T00:00,0.086,µg/m³,VOC,
63802,SOUTH WALPOLE,2-Methylheptane,1994-03-15T00:00,0.112,µg/m³,VOC,
63802,SOUTH WALPOLE,2-Methylheptane,1994-03-21T00:00,0.055,µg/m³,VOC,
63802,SOUTH WALPOLE,2-Methylheptane,1994-03-27T00:00,0.000,µg/m³,VOC,
63802,SOUTH WALPOLE,2-Methylheptane,1994-04-02T00:00,0.112,µg/m³,VOC,
63802,SOUTH WALPOLE,2-Methylheptane,1994-04-20T00:00,0.201,µg/m³,VOC,
63802,SOUTH WALPOLE,2-Methylheptane,1994-04-26T00:00,0.118,µg/m³,VOC,
63802,SOUTH WALPOLE,2-Methylheptane,1994-05-02T00:00,0.000,µg/m³,VOC,
63802,SOUTH WALPOLE,2-Methylheptane,1994-05-08T00:00,0.000,µg/m³,VOC,
63802,SOUTH WALPOLE,2-Methylheptane,1994-05-09T00:00,0.246,µg/m³,VOC,
