﻿NAPS_Site_ID,Station_Name,Pollutant,Date,Value,Units,Report_Type,Method
90228,CALGARY CENTRAL-2,4-Methylheptane,2015-01-05T19:00,0.038,µg/m³,VOC,N/A
90228,CALGARY CENTRAL-2,4-Methylheptane,2015-01-11T19:00,0.046,µg/m³,VOC,N/A
90228,CALGARY CENTRAL-2,4-Methylheptane,2015-01-17T19:00,0.025,µg/m³,VOC,N/A
90228,CALGARY CENTRAL-2,4-Methylheptane,2015-01-23T19:00,0.010,µg/m³,VOC,N/A
90228,CALGARY CENTRAL-2,4-Methylheptane,2015-01-29T19:00,0.031,µg/m³,VOC,N/A
90228,CALGARY CENTRAL-2,4-Methylheptane,2015-02-04T19:00,0.031,µg/m³,VOC,N/A
90228,CALGARY CENTRAL-2,4-Methylheptane,2015-02-10T19:00,0.032,µg/m³,VOC,N/A
90228,CALGARY CENTRAL-2,4-Methylheptane,2015-02-16T19:00,0.030,µg/m³,VOC,N/A
90228,CALGARY CENTRAL-2,4-Methylheptane,2015-02-22T19:00,0.021,µg/m³,VOC,N/A
90228,CALGARY CENTRAL-2,4-Methylheptane,2015-02-28T19:00,0.013,µg/m³,VOC,N/A
90228,CALGARY CENTRAL-2,4-Methylheptane,2015-03-06T19:00,0.022,µg/m³,VOC,N/A
90228,CALGARY CENTRAL-2,4-Methylheptane,2015-03-12T20:00,0.021,µg/m³,VOC,N/A
90228,CALGARY CENTRAL-2,4-Methylheptane,2015-03-18T20:00,0.030,µg/m³,VOC,N/A
90228,CALGARY CENTRAL-2,4-Methylheptane,2015-03-24T20:00,0.022,µg/m³,VOC,N/A
