﻿NAPS_Site_ID,Station_Name,Pollutant,Date,Value,Units,Report_Type,Method
64401,EGBERT,Heptane,2004-01-01T00:00,0.025,µg/m³,VOC,N/A
64401,EGBERT,Heptane,2004-01-04T00:00,0.020,µg/m³,VOC,N/A
64401,EGBERT,Heptane,2004-01-07T00:00,0.028,µg/m³,VOC,N/A
64401,EGBERT,Heptane,2004-01-10T00:00,0.066,µg/m³,VOC,N/A
64401,EGBERT,Heptane,2004-01-13T00:00,0.018,µg/m³,VOC,N/A
64401,EGBERT,Heptane,2004-01-16T00:00,0.018,µg/m³,VOC,N/A
64401,EGBERT,Heptane,2004-01-19T00:00,0.021,µg/m³,VOC,N/A
64401,EGBERT,Heptane,2004-01-22T00:00,0.023,µg/m³,VOC,N/A
64401,EGBERT,Heptane,2004-01-25T00:00,0.048,µg/m³,VOC,N/A
64401,EGBERT,Heptane,2004-01-28T00:00,0.023,µg/m³,VOC,N/A
64401,EGBERT,Heptane,2004-01-31T00:00,0.041,µg/m³,VOC,N/A
64401,EGBERT,Heptane,2004-02-03T00:00,0.266,µg/m³,VOC,N/A
64401,EGBERT,Heptane,2004-02-06T00:00,0.104,µg/m³,VOC,N/A
64401,EGBERT,Heptane,2004-02-09T00:00,0.091,µg/m³,VOC,N/A
64401,EGBERT,Heptane,2004-02-12T00:00,0.147,µg/m³,VOC,N/A
64401,EGBERT,Heptane,2004-02-15T00:00,0.049,µg/m³,VOC,N/A
64401,EGBERT,Heptane,2004-02-18T00:00,0.055,µg/m³,VOC,N/A
64401,EGBERT,Heptane,2004-02-21T00:00,0.082,µg/m³,VOC,N/A
64401,EGBERT,Heptane,2004-02-24T00:00,0.038,µg/m³,VOC,N/A
64401,EGBERT,Heptane,2004-02-27T00:00,0.074,µg/m³,VOC,N/A
64401,EGBERT,Heptane,2004-03-01T00:00,0.279,µg/m³,VOC,N/A
64401,EGBERT,Heptane,2004-03-04T00:00,0.088,µg/m³,VOC,N/A
64401,EGBERT,Heptane,2004-03-10T00:00,0.075,µg/m³,VOC,N/A
64401,EGBERT,Heptane,2004-03-13T00:00,0.021,µg/m³,VOC,N/A
64401,EGBERT,Heptane,2004-03-16T00:00,0.018,µg/m³,VOC,N/A
64401,EGBERT,Heptane,2004-03-19T00:00,0.027,µg/m³,VOC,N/A
64401,EGBERT,Heptane,2004-03-22T00:00,0.022,µg/m³,VOC,N/A
64401,EGBERT,Heptane,2004-03-25T00:00,0.080,µg/m³,VOC,N/A
64401,EGBERT,Heptane,2004-03-28T00:00,0.039,µg/m³,VOC,N/A
64401,EGBERT,Heptane,2004-03-31T00:00,0.033,µg/m³,VOC,N/A
64401,EGBERT,Heptane,2004-04-03T00:00,0.058,µg/m³,VOC,N/A
64401,EGBERT,Heptane,2004-04-06T00:00,0.014,µg/m³,VOC,N/A
64401,EGBERT,Heptane,2004-04-09T00:00,0.011,µg/m³,VOC,N/A
64401,EGBERT,Heptane,2004-04-12T00:00,0.015,µg/m³,VOC,N/A
64401,EGBERT,Heptane,2004-04-15T00:00,0.013,µg/m³,VOC,N/A
64401,EGBERT,Heptane,2004-04-18T00:00,0.054,µg/m³,VOC,N/A
64401,EGBERT,Heptane,2004-04-21T00:00,0.112,µg/m³,VOC,N/A
64401,EGBERT,Heptane,2004-04-24T00:00,0.010,µg/m³,VOC,N/A
64401,EGBERT,Heptane,2004-04-27T00:00,0.013,µg/m³,VOC,N/A
64401,EGBERT,Heptane,2004-04-30T00:00,0.057,µg/m³,VOC,N/A
64401,EGBERT,Heptane,2004-05-03T00:00,0.013,µg/m³,VOC,N/A
64401,EGBERT,Heptane,2004-05-06T00:00,0.044,µg/m³,VOC,N/A
64401,EGBERT,Heptane,2004-05-09T00:00,0.047,µg/m³,VOC,N/A
64401,EGBERT,Heptane,2004-05-12T00:00,0.119,µg/m³,VOC,N/A
64401,EGBERT,Heptane,2004-05-15T00:00,0.011,µg/m³,VOC,N/A
64401,EGBERT,Heptane,2004-05-18T00:00,0.029,µg/m³,VOC,N/A
64401,EGBERT,Heptane,2004-05-21T00:00,0.042,µg/m³,VOC,N/A
64401,EGBERT,Heptane,2004-05-24T00:00,0.067,µg/m³,VOC,N/A
64401,EGBERT,Heptane,2004-05-27T00:00,0.150,µg/m³,VOC,N/A
64401,EGBERT,Heptane,2004-05-30T00:00,0.021,µg/m³,VOC,N/A
64401,EGBERT,Heptane,2004-06-02T00:00,0.029,µg/m³,VOC,N/A
64401,EGBERT,Heptane,2004-06-05T00:00,0.168,µg/m³,VOC,N/A
64401,EGBERT,Heptane,2004-06-08T00:00,0.022,µg/m³,VOC,N/A
64401,EGBERT,Heptane,2004-06-11T00:00,0.026,µg/m³,VOC,N/A
64401,EGBERT,Heptane,2004-06-14T00:00,0.236,µg/m³,VOC,N/A
64401,EGBERT,Heptane,2004-06-17T00:00,0.058,µg/m³,VOC,N/A
64401,EGBERT,Heptane,2004-06-20T00:00,0.013,µg/m³,VOC,N/A
64401,EGBERT,Heptane,2004-06-23T00:00,0.013,µg/m³,VOC,N/A
64401,EGBERT,Heptane,2004-07-02T00:00,0.016,µg/m³,VOC,N/A
64401,EGBERT,Heptane,2004-07-05T00:00,0.019,µg/m³,VOC,N/A
64401,EGBERT,Heptane,2004-07-08T00:00,0.021,µg/m³,VOC,N/A
64401,EGBERT,Heptane,2004-07-11T00:00,0.017,µg/m³,VOC,N/A
64401,EGBERT,Heptane,2004-07-14T00:00,0.010,µg/m³,VOC,N/A
64401,EGBERT,Heptane,2004-07-17T00:00,0.028,µg/m³,VOC,N/A
64401,EGBERT,Heptane,2004-07-20T00:00,0.024,µg/m³,VOC,N/A
64401,EGBERT,Heptane,2004-07-23T00:00,0.011,µg/m³,VOC,N/A
64401,EGBERT,Heptane,2004-07-26T00:00,0.024,µg/m³,VOC,N/A
64401,EGBERT,Heptane,2004-07-29T00:00,0.059,µg/m³,VOC,N/A
64401,EGBERT,Heptane,2004-08-01T00:00,0.012,µg/m³,VOC,N/A
64401,EGBERT,Heptane,2004-08-04T00:00,0.020,µg/m³,VOC,N/A
64401,EGBERT,Heptane,2004-08-07T00:00,0.007,µg/m³,VOC,N/A
64401,EGBERT,Heptane,2004-08-10T00:00,0.012,µg/m³,VOC,N/A
64401,EGBERT,Heptane,2004-08-13T00:00,0.029,µg/m³,VOC,N/A
64401,EGBERT,Heptane,2004-08-16T00:00,0.013,µg/m³,VOC,N/A
64401,EGBERT,Heptane,2004-08-19T00:00,0.013,µg/m³,VOC,N/A
64401,EGBERT,Heptane,2004-08-22T00:00,0.027,µg/m³,VOC,N/A
64401,EGBERT,Heptane,2004-08-25T00:00,0.071,µg/m³,VOC,N/A
64401,EGBERT,Heptane,2004-08-28T00:00,0.015,µg/m³,VOC,N/A
64401,EGBERT,Heptane,2004-08-31T00:00,0.013,µg/m³,VOC,N/A
64401,EGBERT,Heptane,2004-09-03T00:00,0.022,µg/m³,VOC,N/A
64401,EGBERT,Heptane,2004-09-06T00:00,0.046,µg/m³,VOC,N/A
64401,EGBERT,Heptane,2004-09-09T00:00,0.015,µg/m³,VOC,N/A
64401,EGBERT,Heptane,2004-09-12T00:00,0.034,µg/m³,VOC,N/A
64401,EGBERT,Heptane,2004-09-15T00:00,0.022,µg/m³,VOC,N/A
64401,EGBERT,Heptane,2004-09-18T00:00,0.008,µg/m³,VOC,N/A
64401,EGBERT,Heptane,2004-09-21T00:00,0.245,µg/m³,VOC,N/A
64401,EGBERT,Heptane,2004-09-24T00:00,0.078,µg/m³,VOC,N/A
64401,EGBERT,Heptane,2004-09-27T00:00,0.113,µg/m³,VOC,N/A
64401,EGBERT,Heptane,2004-09-30T00:00,0.021,µg/m³,VOC,N/A
64401,EGBERT,Heptane,2004-10-03T00:00,0.029,µg/m³,VOC,N/A
64401,EGBERT,Heptane,2004-10-06T00:00,0.051,µg/m³,VOC,N/A
64401,EGBERT,Heptane,2004-10-09T00:00,0.016,µg/m³,VOC,N/A
64401,EGBERT,Heptane,2004-10-12T00:00,0.021,µg/m³,VOC,N/A
64401,EGBERT,Heptane,2004-10-15T00:00,0.130,µg/m³,VOC,N/A
64401,EGBERT,Heptane,2004-10-18T00:00,0.036,µg/m³,VOC,N/A
64401,EGBERT,Heptane,2004-10-21T00:00,0.079,µg/m³,VOC,N/A
64401,EGBERT,Heptane,2004-10-24T00:00,0.099,µg/m³,VOC,N/A
64401,EGBERT,Heptane,2004-10-27T00:00,0.052,µg/m³,VOC,N/A
64401,EGBERT,Heptane,2004-10-30T00:00,0.080,µg/m³,VOC,N/A
64401,EGBERT,Heptane,2004-11-02T00:00,0.045,µg/m³,VOC,N/A
64401,EGBERT,Heptane,2004-11-05T00:00,0.022,µg/m³,VOC,N/A
64401,EGBERT,Heptane,2004-11-08T00:00,0.019,µg/m³,VOC,N/A
64401,EGBERT,Heptane,2004-11-11T00:00,0.026,µg/m³,VOC,N/A
64401,EGBERT,Heptane,2004-11-14T00:00,0.128,µg/m³,VOC,N/A
64401,EGBERT,Heptane,2004-11-17T00:00,0.122,µg/m³,VOC,N/A
64401,EGBERT,Heptane,2004-11-20T00:00,0.100,µg/m³,VOC,N/A
64401,EGBERT,Heptane,2004-11-23T00:00,0.121,µg/m³,VOC,N/A
64401,EGBERT,Heptane,2004-11-26T00:00,0.045,µg/m³,VOC,N/A
64401,EGBERT,Heptane,2004-11-29T00:00,0.035,µg/m³,VOC,N/A
64401,EGBERT,Heptane,2004-12-02T00:00,0.021,µg/m³,VOC,N/A
64401,EGBERT,Heptane,2004-12-05T00:00,0.020,µg/m³,VOC,N/A
64401,EGBERT,Heptane,2004-12-08T00:00,0.026,µg/m³,VOC,N/A
64401,EGBERT,Heptane,2004-12-11T00:00,0.037,µg/m³,VOC,N/A
64401,EGBERT,Heptane,2004-12-14T00:00,0.033,µg/m³,VOC,N/A
64401,EGBERT,Heptane,2004-12-17T00:00,0.033,µg/m³,VOC,N/A
64401,EGBERT,Heptane,2004-12-20T00:00,0.056,µg/m³,VOC,N/A
64401,EGBERT,Heptane,2004-12-23T00:00,0.035,µg/m³,VOC,N/A
64401,EGBERT,Heptane,2004-12-26T00:00,0.038,µg/m³,VOC,N/A
64401,EGBERT,Heptane,2004-12-29T00:00,0.069,µg/m³,VOC,N/A
