﻿NAPS_Site_ID,Station_Name,Pollutant,Date,Value,Units,Report_Type,Method
100111,ROCKY POINT PARK,2-Ethyl-1-Butene,1998-01-05T00:00,0.040,µg/m³,VOC,GC-MS
100111,ROCKY POINT PARK,2-Ethyl-1-Butene,1998-01-11T00:00,0.040,µg/m³,VOC,GC-MS
100111,ROCKY POINT PARK,2-Ethyl-1-Butene,1998-01-17T00:00,0.040,µg/m³,VOC,GC-MS
100111,ROCKY POINT PARK,2-Ethyl-1-Butene,1998-01-23T00:00,0.020,µg/m³,VOC,GC-MS
100111,ROCKY POINT PARK,2-Ethyl-1-Butene,1998-01-29T00:00,0.040,µg/m³,VOC,GC-MS
100111,ROCKY POINT PARK,2-Ethyl-1-Butene,1998-02-04T00:00,0.080,µg/m³,VOC,GC-MS
100111,ROCKY POINT PARK,2-Ethyl-1-Butene,1998-02-10T00:00,0.040,µg/m³,VOC,GC-MS
100111,ROCKY POINT PARK,2-Ethyl-1-Butene,1998-02-16T00:00,0.060,µg/m³,VOC,GC-MS
100111,ROCKY POINT PARK,2-Ethyl-1-Butene,1998-02-22T00:00,0.020,µg/m³,VOC,GC-MS
100111,ROCKY POINT PARK,2-Ethyl-1-Butene,1998-02-28T00:00,0.020,µg/m³,VOC,GC-MS
100111,ROCKY POINT PARK,2-Ethyl-1-Butene,1998-03-06T00:00,0.060,µg/m³,VOC,GC-MS
100111,ROCKY POINT PARK,2-Ethyl-1-Butene,1998-03-12T00:00,0.060,µg/m³,VOC,GC-MS
100111,ROCKY POINT PARK,2-Ethyl-1-Butene,1998-03-18T00:00,0.080,µg/m³,VOC,GC-MS
100111,ROCKY POINT PARK,2-Ethyl-1-Butene,1998-03-24T00:00,0.020,µg/m³,VOC,GC-MS
100111,ROCKY POINT PARK,2-Ethyl-1-Butene,1998-03-30T00:00,0.020,µg/m³,VOC,GC-MS
100111,ROCKY POINT PARK,2-Ethyl-1-Butene,1998-04-05T00:00,0.020,µg/m³,VOC,GC-MS
100111,ROCKY POINT PARK,2-Ethyl-1-Butene,1998-04-11T00:00,0.020,µg/m³,VOC,GC-MS
100111,ROCKY POINT PARK,2-Ethyl-1-Butene,1998-04-17T00:00,0.040,µg/m³,VOC,GC-MS
100111,ROCKY POINT PARK,2-Ethyl-1-Butene,1998-04-23T00:00,0.040,µg/m³,VOC,GC-MS
100111,ROCKY POINT PARK,2-Ethyl-1-Butene,1998-05-05T00:00,0.032,µg/m³,VOC,GC-MS
100111,ROCKY POINT PARK,2-Ethyl-1-Butene,1998-05-11T00:00,0.026,µg/m³,VOC,GC-MS
100111,ROCKY POINT PARK,2-Ethyl-1-Butene,1998-05-17T00:00,0.068,µg/m³,VOC,GC-MS
100111,ROCKY POINT PARK,2-Ethyl-1-Butene,1998-05-23T00:00,0.062,µg/m³,VOC,GC-MS
100111,ROCKY POINT PARK,2-Ethyl-1-Butene,1998-06-10T00:00,0.024,µg/m³,VOC,GC-MS
100111,ROCKY POINT PARK,2-Ethyl-1-Butene,1998-06-16T00:00,0.005,µg/m³,VOC,GC-MS
100111,ROCKY POINT PARK,2-Ethyl-1-Butene,1998-06-22T00:00,0.036,µg/m³,VOC,GC-MS
100111,ROCKY POINT PARK,2-Ethyl-1-Butene,1998-06-28T00:00,0.150,µg/m³,VOC,GC-MS
100111,ROCKY POINT PARK,2-Ethyl-1-Butene,1998-07-16T00:00,0.051,µg/m³,VOC,GC-MS
100111,ROCKY POINT PARK,2-Ethyl-1-Butene,1998-07-22T00:00,0.119,µg/m³,VOC,GC-MS
100111,ROCKY POINT PARK,2-Ethyl-1-Butene,1998-07-28T00:00,0.095,µg/m³,VOC,GC-MS
100111,ROCKY POINT PARK,2-Ethyl-1-Butene,1998-08-03T00:00,0.102,µg/m³,VOC,GC-MS
100111,ROCKY POINT PARK,2-Ethyl-1-Butene,1998-08-15T00:00,0.012,µg/m³,VOC,GC-MS
100111,ROCKY POINT PARK,2-Ethyl-1-Butene,1998-08-21T00:00,0.034,µg/m³,VOC,GC-MS
100111,ROCKY POINT PARK,2-Ethyl-1-Butene,1998-08-27T00:00,0.102,µg/m³,VOC,GC-MS
100111,ROCKY POINT PARK,2-Ethyl-1-Butene,1998-09-08T00:00,0.052,µg/m³,VOC,GC-MS
100111,ROCKY POINT PARK,2-Ethyl-1-Butene,1998-09-26T00:00,0.158,µg/m³,VOC,GC-MS
100111,ROCKY POINT PARK,2-Ethyl-1-Butene,1998-10-02T00:00,0.034,µg/m³,VOC,GC-MS
100111,ROCKY POINT PARK,2-Ethyl-1-Butene,1998-10-14T00:00,0.042,µg/m³,VOC,GC-MS
100111,ROCKY POINT PARK,2-Ethyl-1-Butene,1998-10-20T00:00,0.196,µg/m³,VOC,GC-MS
100111,ROCKY POINT PARK,2-Ethyl-1-Butene,1998-10-26T00:00,0.128,µg/m³,VOC,GC-MS
100111,ROCKY POINT PARK,2-Ethyl-1-Butene,1998-12-01T00:00,0.028,µg/m³,VOC,GC-MS
