﻿NAPS_Site_ID,Station_Name,Pollutant,Date,Value,Units,Report_Type,Method
50126,MONTRÉAL-SAINTE-ANNE DE BELLEVUE,Acrolein,2009-01-01T00:00,0.042,µg/m³,VOC,
50126,MONTRÉAL-SAINTE-ANNE DE BELLEVUE,Acrolein,2009-01-07T00:00,0.069,µg/m³,VOC,
50126,MONTRÉAL-SAINTE-ANNE DE BELLEVUE,Acrolein,2009-01-13T00:00,0.035,µg/m³,VOC,
50126,MONTRÉAL-SAINTE-ANNE DE BELLEVUE,Acrolein,2009-01-19T00:00,0.063,µg/m³,VOC,
50126,MONTRÉAL-SAINTE-ANNE DE BELLEVUE,Acrolein,2009-01-31T00:00,0.063,µg/m³,VOC,
50126,MONTRÉAL-SAINTE-ANNE DE BELLEVUE,Acrolein,2009-02-06T00:00,0.104,µg/m³,VOC,
50126,MONTRÉAL-SAINTE-ANNE DE BELLEVUE,Acrolein,2009-02-12T00:00,0.000,µg/m³,VOC,
50126,MONTRÉAL-SAINTE-ANNE DE BELLEVUE,Acrolein,2009-02-18T00:00,0.035,µg/m³,VOC,
50126,MONTRÉAL-SAINTE-ANNE DE BELLEVUE,Acrolein,2009-02-24T00:00,0.000,µg/m³,VOC,
50126,MONTRÉAL-SAINTE-ANNE DE BELLEVUE,Acrolein,2009-03-02T00:00,0.000,µg/m³,VOC,
50126,MONTRÉAL-SAINTE-ANNE DE BELLEVUE,Acrolein,2009-03-14T00:00,0.000,µg/m³,VOC,
50126,MONTRÉAL-SAINTE-ANNE DE BELLEVUE,Acrolein,2009-03-20T00:00,0.014,µg/m³,VOC,
50126,MONTRÉAL-SAINTE-ANNE DE BELLEVUE,Acrolein,2009-03-26T00:00,0.076,µg/m³,VOC,
50126,MONTRÉAL-SAINTE-ANNE DE BELLEVUE,Acrolein,2009-04-07T00:00,0.000,µg/m³,VOC,
50126,MONTRÉAL-SAINTE-ANNE DE BELLEVUE,Acrolein,2009-04-13T00:00,0.000,µg/m³,VOC,
50126,MONTRÉAL-SAINTE-ANNE DE BELLEVUE,Acrolein,2009-04-19T00:00,0.000,µg/m³,VOC,
50126,MONTRÉAL-SAINTE-ANNE DE BELLEVUE,Acrolein,2009-04-25T00:00,0.000,µg/m³,VOC,
50126,MONTRÉAL-SAINTE-ANNE DE BELLEVUE,Acrolein,2009-05-01T00:00,0.000,µg/m³,VOC,
50126,MONTRÉAL-SAINTE-ANNE DE BELLEVUE,Acrolein,2009-05-07T00:00,0.000,µg/m³,VOC,
50126,MONTRÉAL-SAINTE-ANNE DE BELLEVUE,Acrolein,2009-05-13T00:00,0.000,µg/m³,VOC,
50126,MONTRÉAL-SAINTE-ANNE DE BELLEVUE,Acrolein,2009-05-19T00:00,0.000,µg/m³,VOC,
50126,MONTRÉAL-SAINTE-ANNE DE BELLEVUE,Acrolein,2009-05-25T00:00,0.000,µg/m³,VOC,
50126,MONTRÉAL-SAINTE-ANNE DE BELLEVUE,Acrolein,2009-05-31T00:00,0.000,µg/m³,VOC,
50126,MONTRÉAL-SAINTE-ANNE DE BELLEVUE,Acrolein,2009-07-12T00:00,0.000,µg/m³,VOC,
50126,MONTRÉAL-SAINTE-ANNE DE BELLEVUE,Acrolein,2009-07-18T00:00,0.000,µg/m³,VOC,
50126,MONTRÉAL-SAINTE-ANNE DE BELLEVUE,Acrolein,2009-07-24T00:00,0.000,µg/m³,VOC,
50126,MONTRÉAL-SAINTE-ANNE DE BELLEVUE,Acrolein,2009-07-30T00:00,0.021,µg/m³,VOC,
50126,MONTRÉAL-SAINTE-ANNE DE BELLEVUE,Acrolein,2009-08-05T00:00,0.000,µg/m³,VOC,
50126,MONTRÉAL-SAINTE-ANNE DE BELLEVUE,Acrolein,2009-08-11T00:00,0.028,µg/m³,VOC,
50126,MONTRÉAL-SAINTE-ANNE DE BELLEVUE,Acrolein,2009-08-17T00:00,0.035,µg/m³,VOC,
50126,MONTRÉAL-SAINTE-ANNE DE BELLEVUE,Acrolein,2009-08-23T00:00,0.035,µg/m³,VOC,
50126,MONTRÉAL-SAINTE-ANNE DE BELLEVUE,Acrolein,2009-08-29T00:00,0.021,µg/m³,VOC,
50126,MONTRÉAL-SAINTE-ANNE DE BELLEVUE,Acrolein,2009-09-10T00:00,0.028,µg/m³,VOC,
50126,MONTRÉAL-SAINTE-ANNE DE BELLEVUE,Acrolein,2009-09-16T00:00,0.000,µg/m³,VOC,
50126,MONTRÉAL-SAINTE-ANNE DE BELLEVUE,Acrolein,2009-09-22T00:00,0.035,µg/m³,VOC,
50126,MONTRÉAL-SAINTE-ANNE DE BELLEVUE,Acrolein,2009-09-28T00:00,0.000,µg/m³,VOC,
50126,MONTRÉAL-SAINTE-ANNE DE BELLEVUE,Acrolein,2009-10-04T00:00,0.000,µg/m³,VOC,
50126,MONTRÉAL-SAINTE-ANNE DE BELLEVUE,Acrolein,2009-10-10T00:00,0.014,µg/m³,VOC,
50126,MONTRÉAL-SAINTE-ANNE DE BELLEVUE,Acrolein,2009-10-16T00:00,0.076,µg/m³,VOC,
50126,MONTRÉAL-SAINTE-ANNE DE BELLEVUE,Acrolein,2009-10-22T00:00,0.021,µg/m³,VOC,
50126,MONTRÉAL-SAINTE-ANNE DE BELLEVUE,Acrolein,2009-10-28T00:00,0.035,µg/m³,VOC,
50126,MONTRÉAL-SAINTE-ANNE DE BELLEVUE,Acrolein,2009-11-03T00:00,0.021,µg/m³,VOC,
50126,MONTRÉAL-SAINTE-ANNE DE BELLEVUE,Acrolein,2009-11-09T00:00,0.035,µg/m³,VOC,
50126,MONTRÉAL-SAINTE-ANNE DE BELLEVUE,Acrolein,2009-11-15T00:00,0.035,µg/m³,VOC,
50126,MONTRÉAL-SAINTE-ANNE DE BELLEVUE,Acrolein,2009-11-27T00:00,0.000,µg/m³,VOC,
50126,MONTRÉAL-SAINTE-ANNE DE BELLEVUE,Acrolein,2009-12-03T00:00,0.021,µg/m³,VOC,
50126,MONTRÉAL-SAINTE-ANNE DE BELLEVUE,Acrolein,2009-12-09T00:00,0.063,µg/m³,VOC,
50126,MONTRÉAL-SAINTE-ANNE DE BELLEVUE,Acrolein,2009-12-15T00:00,0.021,µg/m³,VOC,
50126,MONTRÉAL-SAINTE-ANNE DE BELLEVUE,Acrolein,2009-12-21T00:00,0.000,µg/m³,VOC,
50126,MONTRÉAL-SAINTE-ANNE DE BELLEVUE,Acrolein,2009-12-27T00:00,0.021,µg/m³,VOC,
