﻿NAPS_Site_ID,Station_Name,Pollutant,Date,Value,Units,Report_Type,Method
61901,WALPOLE ISLAND,cis-2-Butene,1989-02-03T00:00,0.000,µg/m³,VOC,
61901,WALPOLE ISLAND,cis-2-Butene,1989-04-04T00:00,0.000,µg/m³,VOC,
61901,WALPOLE ISLAND,cis-2-Butene,1989-04-10T00:00,0.000,µg/m³,VOC,
61901,WALPOLE ISLAND,cis-2-Butene,1989-04-22T00:00,0.116,µg/m³,VOC,
61901,WALPOLE ISLAND,cis-2-Butene,1989-05-10T00:00,0.157,µg/m³,VOC,
61901,WALPOLE ISLAND,cis-2-Butene,1989-05-16T00:00,0.140,µg/m³,VOC,
61901,WALPOLE ISLAND,cis-2-Butene,1989-05-22T00:00,0.000,µg/m³,VOC,
61901,WALPOLE ISLAND,cis-2-Butene,1989-05-28T00:00,0.000,µg/m³,VOC,
61901,WALPOLE ISLAND,cis-2-Butene,1989-06-03T00:00,0.000,µg/m³,VOC,
61901,WALPOLE ISLAND,cis-2-Butene,1989-06-09T00:00,0.000,µg/m³,VOC,
61901,WALPOLE ISLAND,cis-2-Butene,1989-06-15T00:00,0.136,µg/m³,VOC,
61901,WALPOLE ISLAND,cis-2-Butene,1989-06-21T00:00,0.000,µg/m³,VOC,
61901,WALPOLE ISLAND,cis-2-Butene,1989-06-27T00:00,0.085,µg/m³,VOC,
61901,WALPOLE ISLAND,cis-2-Butene,1989-07-09T00:00,0.000,µg/m³,VOC,
61901,WALPOLE ISLAND,cis-2-Butene,1989-07-15T00:00,0.000,µg/m³,VOC,
61901,WALPOLE ISLAND,cis-2-Butene,1989-10-13T00:00,0.172,µg/m³,VOC,
61901,WALPOLE ISLAND,cis-2-Butene,1989-11-24T00:00,0.000,µg/m³,VOC,
61901,WALPOLE ISLAND,cis-2-Butene,1989-11-30T00:00,0.000,µg/m³,VOC,
61901,WALPOLE ISLAND,cis-2-Butene,1989-12-06T00:00,0.110,µg/m³,VOC,
