﻿NAPS_Site_ID,Station_Name,Pollutant,Date,Value,Units,Report_Type,Method
90132,EDMONTON MCINTYRE,OC4(A),2012-01-01T00:00,0.492,µg/m³,PM2.5,TOR(OC/EC)
90132,EDMONTON MCINTYRE,OC4(A),2012-01-04T00:00,0.379,µg/m³,PM2.5,TOR(OC/EC)
90132,EDMONTON MCINTYRE,OC4(A),2012-01-07T00:00,0.650,µg/m³,PM2.5,TOR(OC/EC)
90132,EDMONTON MCINTYRE,OC4(A),2012-01-10T00:00,0.191,µg/m³,PM2.5,TOR(OC/EC)
90132,EDMONTON MCINTYRE,OC4(A),2012-01-13T00:00,0.355,µg/m³,PM2.5,TOR(OC/EC)
90132,EDMONTON MCINTYRE,OC4(A),2012-01-16T00:00,0.473,µg/m³,PM2.5,TOR(OC/EC)
90132,EDMONTON MCINTYRE,OC4(A),2012-01-19T00:00,0.950,µg/m³,PM2.5,TOR(OC/EC)
90132,EDMONTON MCINTYRE,OC4(A),2012-01-22T00:00,0.154,µg/m³,PM2.5,TOR(OC/EC)
90132,EDMONTON MCINTYRE,OC4(A),2012-01-25T00:00,0.416,µg/m³,PM2.5,TOR(OC/EC)
90132,EDMONTON MCINTYRE,OC4(A),2012-01-28T00:00,0.223,µg/m³,PM2.5,TOR(OC/EC)
90132,EDMONTON MCINTYRE,OC4(A),2012-01-31T00:00,0.826,µg/m³,PM2.5,TOR(OC/EC)
90132,EDMONTON MCINTYRE,OC4(A),2012-02-03T00:00,0.730,µg/m³,PM2.5,TOR(OC/EC)
90132,EDMONTON MCINTYRE,OC4(A),2012-02-06T00:00,0.633,µg/m³,PM2.5,TOR(OC/EC)
90132,EDMONTON MCINTYRE,OC4(A),2012-02-09T00:00,0.860,µg/m³,PM2.5,TOR(OC/EC)
90132,EDMONTON MCINTYRE,OC4(A),2012-02-12T00:00,0.687,µg/m³,PM2.5,TOR(OC/EC)
90132,EDMONTON MCINTYRE,OC4(A),2012-02-15T00:00,0.493,µg/m³,PM2.5,TOR(OC/EC)
90132,EDMONTON MCINTYRE,OC4(A),2012-02-18T00:00,0.423,µg/m³,PM2.5,TOR(OC/EC)
90132,EDMONTON MCINTYRE,OC4(A),2012-02-21T00:00,0.296,µg/m³,PM2.5,TOR(OC/EC)
90132,EDMONTON MCINTYRE,OC4(A),2012-02-24T00:00,0.150,µg/m³,PM2.5,TOR(OC/EC)
90132,EDMONTON MCINTYRE,OC4(A),2012-02-27T00:00,0.819,µg/m³,PM2.5,TOR(OC/EC)
90132,EDMONTON MCINTYRE,OC4(A),2012-03-01T00:00,0.367,µg/m³,PM2.5,TOR(OC/EC)
90132,EDMONTON MCINTYRE,OC4(A),2012-03-04T00:00,0.091,µg/m³,PM2.5,TOR(OC/EC)
90132,EDMONTON MCINTYRE,OC4(A),2012-03-07T00:00,0.318,µg/m³,PM2.5,TOR(OC/EC)
90132,EDMONTON MCINTYRE,OC4(A),2012-03-10T00:00,0.472,µg/m³,PM2.5,TOR(OC/EC)
90132,EDMONTON MCINTYRE,OC4(A),2012-03-13T00:00,0.274,µg/m³,PM2.5,TOR(OC/EC)
90132,EDMONTON MCINTYRE,OC4(A),2012-03-16T00:00,0.430,µg/m³,PM2.5,TOR(OC/EC)
90132,EDMONTON MCINTYRE,OC4(A),2012-03-19T00:00,0.289,µg/m³,PM2.5,TOR(OC/EC)
90132,EDMONTON MCINTYRE,OC4(A),2012-03-22T00:00,0.199,µg/m³,PM2.5,TOR(OC/EC)
90132,EDMONTON MCINTYRE,OC4(A),2012-03-25T00:00,0.089,µg/m³,PM2.5,TOR(OC/EC)
90132,EDMONTON MCINTYRE,OC4(A),2012-03-28T00:00,0.206,µg/m³,PM2.5,TOR(OC/EC)
90132,EDMONTON MCINTYRE,OC4(A),2012-03-31T00:00,0.173,µg/m³,PM2.5,TOR(OC/EC)
90132,EDMONTON MCINTYRE,OC4(A),2012-04-03T00:00,0.127,µg/m³,PM2.5,TOR(OC/EC)
90132,EDMONTON MCINTYRE,OC4(A),2012-04-06T00:00,0.127,µg/m³,PM2.5,TOR(OC/EC)
90132,EDMONTON MCINTYRE,OC4(A),2012-04-09T00:00,0.270,µg/m³,PM2.5,TOR(OC/EC)
90132,EDMONTON MCINTYRE,OC4(A),2012-04-12T00:00,0.674,µg/m³,PM2.5,TOR(OC/EC)
90132,EDMONTON MCINTYRE,OC4(A),2012-04-15T00:00,0.133,µg/m³,PM2.5,TOR(OC/EC)
90132,EDMONTON MCINTYRE,OC4(A),2012-04-18T00:00,0.426,µg/m³,PM2.5,TOR(OC/EC)
90132,EDMONTON MCINTYRE,OC4(A),2012-04-21T00:00,0.294,µg/m³,PM2.5,TOR(OC/EC)
90132,EDMONTON MCINTYRE,OC4(A),2012-04-24T00:00,0.557,µg/m³,PM2.5,TOR(OC/EC)
90132,EDMONTON MCINTYRE,OC4(A),2012-04-27T00:00,0.427,µg/m³,PM2.5,TOR(OC/EC)
90132,EDMONTON MCINTYRE,OC4(A),2012-04-30T00:00,0.537,µg/m³,PM2.5,TOR(OC/EC)
90132,EDMONTON MCINTYRE,OC4(A),2012-05-03T00:00,0.076,µg/m³,PM2.5,TOR(OC/EC)
90132,EDMONTON MCINTYRE,OC4(A),2012-05-06T00:00,0.308,µg/m³,PM2.5,TOR(OC/EC)
90132,EDMONTON MCINTYRE,OC4(A),2012-05-09T00:00,0.295,µg/m³,PM2.5,TOR(OC/EC)
90132,EDMONTON MCINTYRE,OC4(A),2012-05-12T00:00,0.517,µg/m³,PM2.5,TOR(OC/EC)
90132,EDMONTON MCINTYRE,OC4(A),2012-05-15T00:00,0.453,µg/m³,PM2.5,TOR(OC/EC)
90132,EDMONTON MCINTYRE,OC4(A),2012-05-18T00:00,0.299,µg/m³,PM2.5,TOR(OC/EC)
90132,EDMONTON MCINTYRE,OC4(A),2012-05-21T00:00,0.319,µg/m³,PM2.5,TOR(OC/EC)
90132,EDMONTON MCINTYRE,OC4(A),2012-05-24T00:00,0.361,µg/m³,PM2.5,TOR(OC/EC)
90132,EDMONTON MCINTYRE,OC4(A),2012-05-27T00:00,0.317,µg/m³,PM2.5,TOR(OC/EC)
90132,EDMONTON MCINTYRE,OC4(A),2012-05-30T00:00,0.744,µg/m³,PM2.5,TOR(OC/EC)
90132,EDMONTON MCINTYRE,OC4(A),2012-06-02T00:00,0.728,µg/m³,PM2.5,TOR(OC/EC)
90132,EDMONTON MCINTYRE,OC4(A),2012-06-05T00:00,0.694,µg/m³,PM2.5,TOR(OC/EC)
90132,EDMONTON MCINTYRE,OC4(A),2012-06-08T00:00,0.408,µg/m³,PM2.5,TOR(OC/EC)
90132,EDMONTON MCINTYRE,OC4(A),2012-06-11T00:00,0.508,µg/m³,PM2.5,TOR(OC/EC)
90132,EDMONTON MCINTYRE,OC4(A),2012-06-14T00:00,0.468,µg/m³,PM2.5,TOR(OC/EC)
90132,EDMONTON MCINTYRE,OC4(A),2012-06-17T00:00,0.355,µg/m³,PM2.5,TOR(OC/EC)
90132,EDMONTON MCINTYRE,OC4(A),2012-06-20T00:00,0.455,µg/m³,PM2.5,TOR(OC/EC)
90132,EDMONTON MCINTYRE,OC4(A),2012-06-23T00:00,0.663,µg/m³,PM2.5,TOR(OC/EC)
90132,EDMONTON MCINTYRE,OC4(A),2012-06-26T00:00,0.548,µg/m³,PM2.5,TOR(OC/EC)
90132,EDMONTON MCINTYRE,OC4(A),2012-06-29T00:00,0.466,µg/m³,PM2.5,TOR(OC/EC)
90132,EDMONTON MCINTYRE,OC4(A),2012-07-02T00:00,0.400,µg/m³,PM2.5,TOR(OC/EC)
90132,EDMONTON MCINTYRE,OC4(A),2012-07-05T00:00,0.376,µg/m³,PM2.5,TOR(OC/EC)
90132,EDMONTON MCINTYRE,OC4(A),2012-07-08T00:00,0.690,µg/m³,PM2.5,TOR(OC/EC)
90132,EDMONTON MCINTYRE,OC4(A),2012-07-11T00:00,0.782,µg/m³,PM2.5,TOR(OC/EC)
90132,EDMONTON MCINTYRE,OC4(A),2012-07-14T00:00,2.614,µg/m³,PM2.5,TOR(OC/EC)
90132,EDMONTON MCINTYRE,OC4(A),2012-07-17T00:00,0.707,µg/m³,PM2.5,TOR(OC/EC)
90132,EDMONTON MCINTYRE,OC4(A),2012-07-20T00:00,0.420,µg/m³,PM2.5,TOR(OC/EC)
90132,EDMONTON MCINTYRE,OC4(A),2012-07-23T00:00,0.344,µg/m³,PM2.5,TOR(OC/EC)
90132,EDMONTON MCINTYRE,OC4(A),2012-07-26T00:00,0.907,µg/m³,PM2.5,TOR(OC/EC)
90132,EDMONTON MCINTYRE,OC4(A),2012-07-29T00:00,0.682,µg/m³,PM2.5,TOR(OC/EC)
90132,EDMONTON MCINTYRE,OC4(A),2012-08-01T00:00,0.482,µg/m³,PM2.5,TOR(OC/EC)
90132,EDMONTON MCINTYRE,OC4(A),2012-08-04T00:00,0.579,µg/m³,PM2.5,TOR(OC/EC)
90132,EDMONTON MCINTYRE,OC4(A),2012-08-07T00:00,0.722,µg/m³,PM2.5,TOR(OC/EC)
90132,EDMONTON MCINTYRE,OC4(A),2012-08-10T00:00,0.732,µg/m³,PM2.5,TOR(OC/EC)
90132,EDMONTON MCINTYRE,OC4(A),2012-08-13T00:00,0.579,µg/m³,PM2.5,TOR(OC/EC)
90132,EDMONTON MCINTYRE,OC4(A),2012-08-16T00:00,0.528,µg/m³,PM2.5,TOR(OC/EC)
90132,EDMONTON MCINTYRE,OC4(A),2012-08-19T00:00,0.745,µg/m³,PM2.5,TOR(OC/EC)
90132,EDMONTON MCINTYRE,OC4(A),2012-08-22T00:00,0.665,µg/m³,PM2.5,TOR(OC/EC)
90132,EDMONTON MCINTYRE,OC4(A),2012-08-25T00:00,0.348,µg/m³,PM2.5,TOR(OC/EC)
90132,EDMONTON MCINTYRE,OC4(A),2012-08-28T00:00,1.154,µg/m³,PM2.5,TOR(OC/EC)
90132,EDMONTON MCINTYRE,OC4(A),2012-08-31T00:00,0.304,µg/m³,PM2.5,TOR(OC/EC)
90132,EDMONTON MCINTYRE,OC4(A),2012-09-03T00:00,0.119,µg/m³,PM2.5,TOR(OC/EC)
90132,EDMONTON MCINTYRE,OC4(A),2012-09-06T00:00,0.268,µg/m³,PM2.5,TOR(OC/EC)
90132,EDMONTON MCINTYRE,OC4(A),2012-09-09T00:00,0.801,µg/m³,PM2.5,TOR(OC/EC)
90132,EDMONTON MCINTYRE,OC4(A),2012-09-15T00:00,0.373,µg/m³,PM2.5,TOR(OC/EC)
90132,EDMONTON MCINTYRE,OC4(A),2012-09-21T00:00,0.608,µg/m³,PM2.5,TOR(OC/EC)
90132,EDMONTON MCINTYRE,OC4(A),2012-09-24T00:00,1.193,µg/m³,PM2.5,TOR(OC/EC)
90132,EDMONTON MCINTYRE,OC4(A),2012-09-27T00:00,1.145,µg/m³,PM2.5,TOR(OC/EC)
90132,EDMONTON MCINTYRE,OC4(A),2012-09-30T00:00,0.431,µg/m³,PM2.5,TOR(OC/EC)
90132,EDMONTON MCINTYRE,OC4(A),2012-10-03T00:00,0.258,µg/m³,PM2.5,TOR(OC/EC)
90132,EDMONTON MCINTYRE,OC4(A),2012-10-06T00:00,0.686,µg/m³,PM2.5,TOR(OC/EC)
90132,EDMONTON MCINTYRE,OC4(A),2012-10-09T00:00,1.122,µg/m³,PM2.5,TOR(OC/EC)
90132,EDMONTON MCINTYRE,OC4(A),2012-10-12T00:00,0.363,µg/m³,PM2.5,TOR(OC/EC)
90132,EDMONTON MCINTYRE,OC4(A),2012-10-15T00:00,0.347,µg/m³,PM2.5,TOR(OC/EC)
90132,EDMONTON MCINTYRE,OC4(A),2012-10-18T00:00,0.323,µg/m³,PM2.5,TOR(OC/EC)
90132,EDMONTON MCINTYRE,OC4(A),2012-10-21T00:00,0.140,µg/m³,PM2.5,TOR(OC/EC)
90132,EDMONTON MCINTYRE,OC4(A),2012-10-24T00:00,0.115,µg/m³,PM2.5,TOR(OC/EC)
90132,EDMONTON MCINTYRE,OC4(A),2012-10-27T00:00,0.185,µg/m³,PM2.5,TOR(OC/EC)
90132,EDMONTON MCINTYRE,OC4(A),2012-10-30T00:00,0.459,µg/m³,PM2.5,TOR(OC/EC)
90132,EDMONTON MCINTYRE,OC4(A),2012-11-02T00:00,0.652,µg/m³,PM2.5,TOR(OC/EC)
90132,EDMONTON MCINTYRE,OC4(A),2012-11-05T00:00,0.344,µg/m³,PM2.5,TOR(OC/EC)
90132,EDMONTON MCINTYRE,OC4(A),2012-11-08T00:00,0.081,µg/m³,PM2.5,TOR(OC/EC)
90132,EDMONTON MCINTYRE,OC4(A),2012-11-11T00:00,0.593,µg/m³,PM2.5,TOR(OC/EC)
90132,EDMONTON MCINTYRE,OC4(A),2012-11-14T00:00,0.430,µg/m³,PM2.5,TOR(OC/EC)
90132,EDMONTON MCINTYRE,OC4(A),2012-11-17T00:00,0.567,µg/m³,PM2.5,TOR(OC/EC)
90132,EDMONTON MCINTYRE,OC4(A),2012-11-20T00:00,0.545,µg/m³,PM2.5,TOR(OC/EC)
90132,EDMONTON MCINTYRE,OC4(A),2012-11-23T00:00,0.436,µg/m³,PM2.5,TOR(OC/EC)
90132,EDMONTON MCINTYRE,OC4(A),2012-11-26T00:00,0.811,µg/m³,PM2.5,TOR(OC/EC)
90132,EDMONTON MCINTYRE,OC4(A),2012-11-29T00:00,0.109,µg/m³,PM2.5,TOR(OC/EC)
90132,EDMONTON MCINTYRE,OC4(A),2012-12-02T00:00,0.293,µg/m³,PM2.5,TOR(OC/EC)
90132,EDMONTON MCINTYRE,OC4(A),2012-12-05T00:00,0.661,µg/m³,PM2.5,TOR(OC/EC)
90132,EDMONTON MCINTYRE,OC4(A),2012-12-08T00:00,0.574,µg/m³,PM2.5,TOR(OC/EC)
90132,EDMONTON MCINTYRE,OC4(A),2012-12-11T00:00,0.376,µg/m³,PM2.5,TOR(OC/EC)
90132,EDMONTON MCINTYRE,OC4(A),2012-12-14T00:00,0.844,µg/m³,PM2.5,TOR(OC/EC)
90132,EDMONTON MCINTYRE,OC4(A),2012-12-17T00:00,0.520,µg/m³,PM2.5,TOR(OC/EC)
90132,EDMONTON MCINTYRE,OC4(A),2012-12-20T00:00,0.370,µg/m³,PM2.5,TOR(OC/EC)
90132,EDMONTON MCINTYRE,OC4(A),2012-12-23T00:00,0.100,µg/m³,PM2.5,TOR(OC/EC)
90132,EDMONTON MCINTYRE,OC4(A),2012-12-26T00:00,0.165,µg/m³,PM2.5,TOR(OC/EC)
90132,EDMONTON MCINTYRE,OC4(A),2012-12-29T00:00,0.213,µg/m³,PM2.5,TOR(OC/EC)
