﻿NAPS_Site_ID,Station_Name,Pollutant,Date,Value,Units,Report_Type,Method
50902,SAGUENAY-PARC POWELL,"Dibenz(a,c)&(a,h)Anthracene",2003-01-03T00:00,0.001,µg/m³,PAH,GC-MS
50902,SAGUENAY-PARC POWELL,"Dibenz(a,c)&(a,h)Anthracene",2003-01-21T00:00,0.000,µg/m³,PAH,GC-MS
50902,SAGUENAY-PARC POWELL,"Dibenz(a,c)&(a,h)Anthracene",2003-02-02T00:00,0.001,µg/m³,PAH,GC-MS
50902,SAGUENAY-PARC POWELL,"Dibenz(a,c)&(a,h)Anthracene",2003-02-26T00:00,0.001,µg/m³,PAH,GC-MS
50902,SAGUENAY-PARC POWELL,"Dibenz(a,c)&(a,h)Anthracene",2003-03-10T00:00,0.001,µg/m³,PAH,GC-MS
50902,SAGUENAY-PARC POWELL,"Dibenz(a,c)&(a,h)Anthracene",2003-03-22T00:00,0.000,µg/m³,PAH,GC-MS
50902,SAGUENAY-PARC POWELL,"Dibenz(a,c)&(a,h)Anthracene",2003-04-03T00:00,0.000,µg/m³,PAH,GC-MS
50902,SAGUENAY-PARC POWELL,"Dibenz(a,c)&(a,h)Anthracene",2003-04-15T00:00,0.000,µg/m³,PAH,GC-MS
50902,SAGUENAY-PARC POWELL,"Dibenz(a,c)&(a,h)Anthracene",2003-04-27T00:00,0.005,µg/m³,PAH,GC-MS
50902,SAGUENAY-PARC POWELL,"Dibenz(a,c)&(a,h)Anthracene",2003-05-09T00:00,0.001,µg/m³,PAH,GC-MS
50902,SAGUENAY-PARC POWELL,"Dibenz(a,c)&(a,h)Anthracene",2003-05-21T00:00,0.000,µg/m³,PAH,GC-MS
50902,SAGUENAY-PARC POWELL,"Dibenz(a,c)&(a,h)Anthracene",2003-06-02T00:00,0.000,µg/m³,PAH,GC-MS
50902,SAGUENAY-PARC POWELL,"Dibenz(a,c)&(a,h)Anthracene",2003-06-14T00:00,0.007,µg/m³,PAH,GC-MS
50902,SAGUENAY-PARC POWELL,"Dibenz(a,c)&(a,h)Anthracene",2003-06-26T00:00,0.000,µg/m³,PAH,GC-MS
50902,SAGUENAY-PARC POWELL,"Dibenz(a,c)&(a,h)Anthracene",2003-07-20T00:00,0.000,µg/m³,PAH,GC-MS
50902,SAGUENAY-PARC POWELL,"Dibenz(a,c)&(a,h)Anthracene",2003-08-01T00:00,0.001,µg/m³,PAH,GC-MS
50902,SAGUENAY-PARC POWELL,"Dibenz(a,c)&(a,h)Anthracene",2003-08-25T00:00,0.000,µg/m³,PAH,GC-MS
50902,SAGUENAY-PARC POWELL,"Dibenz(a,c)&(a,h)Anthracene",2003-09-06T00:00,0.000,µg/m³,PAH,GC-MS
50902,SAGUENAY-PARC POWELL,"Dibenz(a,c)&(a,h)Anthracene",2003-09-18T00:00,0.002,µg/m³,PAH,GC-MS
50902,SAGUENAY-PARC POWELL,"Dibenz(a,c)&(a,h)Anthracene",2003-09-30T00:00,0.000,µg/m³,PAH,GC-MS
50902,SAGUENAY-PARC POWELL,"Dibenz(a,c)&(a,h)Anthracene",2003-10-24T00:00,0.000,µg/m³,PAH,GC-MS
50902,SAGUENAY-PARC POWELL,"Dibenz(a,c)&(a,h)Anthracene",2003-11-05T00:00,0.018,µg/m³,PAH,GC-MS
50902,SAGUENAY-PARC POWELL,"Dibenz(a,c)&(a,h)Anthracene",2003-11-17T00:00,0.000,µg/m³,PAH,GC-MS
50902,SAGUENAY-PARC POWELL,"Dibenz(a,c)&(a,h)Anthracene",2003-11-29T00:00,0.005,µg/m³,PAH,GC-MS
50902,SAGUENAY-PARC POWELL,"Dibenz(a,c)&(a,h)Anthracene",2003-12-11T00:00,0.028,µg/m³,PAH,GC-MS
50902,SAGUENAY-PARC POWELL,"Dibenz(a,c)&(a,h)Anthracene",2003-12-23T00:00,0.002,µg/m³,PAH,GC-MS
