﻿NAPS_Site_ID,Station_Name,Pollutant,Date,Value,Units,Report_Type,Method
61004,CENTENNIAL PARK _SARNIA_,cis-2-Pentene,2015-01-05T19:00,0.006,µg/m³,VOC,GC-MS
61004,CENTENNIAL PARK _SARNIA_,cis-2-Pentene,2015-01-11T19:00,0.009,µg/m³,VOC,GC-MS
61004,CENTENNIAL PARK _SARNIA_,cis-2-Pentene,2015-01-17T19:00,0.035,µg/m³,VOC,GC-MS
61004,CENTENNIAL PARK _SARNIA_,cis-2-Pentene,2015-01-23T19:00,0.052,µg/m³,VOC,GC-MS
61004,CENTENNIAL PARK _SARNIA_,cis-2-Pentene,2015-01-29T19:00,0.004,µg/m³,VOC,GC-MS
61004,CENTENNIAL PARK _SARNIA_,cis-2-Pentene,2015-02-04T19:00,0.006,µg/m³,VOC,GC-MS
61004,CENTENNIAL PARK _SARNIA_,cis-2-Pentene,2015-02-10T19:00,0.018,µg/m³,VOC,GC-MS
61004,CENTENNIAL PARK _SARNIA_,cis-2-Pentene,2015-02-16T19:00,0.043,µg/m³,VOC,GC-MS
61004,CENTENNIAL PARK _SARNIA_,cis-2-Pentene,2015-02-22T19:00,0.004,µg/m³,VOC,GC-MS
61004,CENTENNIAL PARK _SARNIA_,cis-2-Pentene,2015-02-28T19:00,0.016,µg/m³,VOC,GC-MS
61004,CENTENNIAL PARK _SARNIA_,cis-2-Pentene,2015-03-06T19:00,0.006,µg/m³,VOC,GC-MS
61004,CENTENNIAL PARK _SARNIA_,cis-2-Pentene,2015-03-12T20:00,0.087,µg/m³,VOC,GC-MS
61004,CENTENNIAL PARK _SARNIA_,cis-2-Pentene,2015-03-18T20:00,0.026,µg/m³,VOC,GC-MS
61004,CENTENNIAL PARK _SARNIA_,cis-2-Pentene,2015-03-24T20:00,0.009,µg/m³,VOC,GC-MS
61004,CENTENNIAL PARK _SARNIA_,cis-2-Pentene,2015-03-30T20:00,0.010,µg/m³,VOC,GC-MS
61004,CENTENNIAL PARK _SARNIA_,cis-2-Pentene,2015-04-05T20:00,0.019,µg/m³,VOC,GC-MS
61004,CENTENNIAL PARK _SARNIA_,cis-2-Pentene,2015-04-11T20:00,0.054,µg/m³,VOC,GC-MS
61004,CENTENNIAL PARK _SARNIA_,cis-2-Pentene,2015-04-17T20:00,0.010,µg/m³,VOC,GC-MS
61004,CENTENNIAL PARK _SARNIA_,cis-2-Pentene,2015-04-23T20:00,0.007,µg/m³,VOC,GC-MS
61004,CENTENNIAL PARK _SARNIA_,cis-2-Pentene,2015-04-29T20:00,0.004,µg/m³,VOC,GC-MS
61004,CENTENNIAL PARK _SARNIA_,cis-2-Pentene,2015-06-22T20:00,0.028,µg/m³,VOC,GC-MS
61004,CENTENNIAL PARK _SARNIA_,cis-2-Pentene,2015-06-28T20:00,0.178,µg/m³,VOC,GC-MS
61004,CENTENNIAL PARK _SARNIA_,cis-2-Pentene,2015-07-10T20:00,0.052,µg/m³,VOC,GC-MS
61004,CENTENNIAL PARK _SARNIA_,cis-2-Pentene,2015-07-16T20:00,0.060,µg/m³,VOC,GC-MS
61004,CENTENNIAL PARK _SARNIA_,cis-2-Pentene,2015-07-28T20:00,0.314,µg/m³,VOC,GC-MS
61004,CENTENNIAL PARK _SARNIA_,cis-2-Pentene,2015-08-09T20:00,0.040,µg/m³,VOC,GC-MS
61004,CENTENNIAL PARK _SARNIA_,cis-2-Pentene,2015-08-15T20:00,0.056,µg/m³,VOC,GC-MS
61004,CENTENNIAL PARK _SARNIA_,cis-2-Pentene,2015-08-21T20:00,0.118,µg/m³,VOC,GC-MS
61004,CENTENNIAL PARK _SARNIA_,cis-2-Pentene,2015-08-27T20:00,0.233,µg/m³,VOC,GC-MS
61004,CENTENNIAL PARK _SARNIA_,cis-2-Pentene,2015-09-02T20:00,0.030,µg/m³,VOC,GC-MS
61004,CENTENNIAL PARK _SARNIA_,cis-2-Pentene,2015-09-08T20:00,0.167,µg/m³,VOC,GC-MS
61004,CENTENNIAL PARK _SARNIA_,cis-2-Pentene,2015-09-14T20:00,0.146,µg/m³,VOC,GC-MS
61004,CENTENNIAL PARK _SARNIA_,cis-2-Pentene,2015-09-20T20:00,0.035,µg/m³,VOC,GC-MS
61004,CENTENNIAL PARK _SARNIA_,cis-2-Pentene,2015-09-26T20:00,0.028,µg/m³,VOC,GC-MS
61004,CENTENNIAL PARK _SARNIA_,cis-2-Pentene,2015-10-08T20:00,0.010,µg/m³,VOC,GC-MS
61004,CENTENNIAL PARK _SARNIA_,cis-2-Pentene,2015-10-14T20:00,0.008,µg/m³,VOC,GC-MS
61004,CENTENNIAL PARK _SARNIA_,cis-2-Pentene,2015-10-20T20:00,0.061,µg/m³,VOC,GC-MS
61004,CENTENNIAL PARK _SARNIA_,cis-2-Pentene,2015-10-26T20:00,0.018,µg/m³,VOC,GC-MS
61004,CENTENNIAL PARK _SARNIA_,cis-2-Pentene,2015-11-01T19:00,0.174,µg/m³,VOC,GC-MS
61004,CENTENNIAL PARK _SARNIA_,cis-2-Pentene,2015-11-07T19:00,0.009,µg/m³,VOC,GC-MS
