﻿NAPS_Site_ID,Station_Name,Pollutant,Date,Value,Units,Report_Type,Method
40208,CHAMPLAIN HEIGHTS SCHOOL,2-Ethyltoluene,2015-01-05T19:00,0.000,µg/m³,VOC,GC-MS
40208,CHAMPLAIN HEIGHTS SCHOOL,2-Ethyltoluene,2015-01-17T19:00,0.263,µg/m³,VOC,GC-MS
40208,CHAMPLAIN HEIGHTS SCHOOL,2-Ethyltoluene,2015-01-23T19:00,0.087,µg/m³,VOC,GC-MS
40208,CHAMPLAIN HEIGHTS SCHOOL,2-Ethyltoluene,2015-02-10T19:00,0.001,µg/m³,VOC,GC-MS
40208,CHAMPLAIN HEIGHTS SCHOOL,2-Ethyltoluene,2015-02-22T19:00,0.006,µg/m³,VOC,GC-MS
40208,CHAMPLAIN HEIGHTS SCHOOL,2-Ethyltoluene,2015-02-28T19:00,0.373,µg/m³,VOC,GC-MS
40208,CHAMPLAIN HEIGHTS SCHOOL,2-Ethyltoluene,2015-03-06T19:00,0.106,µg/m³,VOC,GC-MS
40208,CHAMPLAIN HEIGHTS SCHOOL,2-Ethyltoluene,2015-03-12T20:00,0.000,µg/m³,VOC,GC-MS
40208,CHAMPLAIN HEIGHTS SCHOOL,2-Ethyltoluene,2015-03-24T20:00,0.398,µg/m³,VOC,GC-MS
40208,CHAMPLAIN HEIGHTS SCHOOL,2-Ethyltoluene,2015-03-30T20:00,0.252,µg/m³,VOC,GC-MS
40208,CHAMPLAIN HEIGHTS SCHOOL,2-Ethyltoluene,2015-04-17T20:00,0.013,µg/m³,VOC,GC-MS
40208,CHAMPLAIN HEIGHTS SCHOOL,2-Ethyltoluene,2015-04-23T20:00,0.080,µg/m³,VOC,GC-MS
40208,CHAMPLAIN HEIGHTS SCHOOL,2-Ethyltoluene,2015-04-29T20:00,0.001,µg/m³,VOC,GC-MS
40208,CHAMPLAIN HEIGHTS SCHOOL,2-Ethyltoluene,2015-05-05T20:00,0.040,µg/m³,VOC,GC-MS
40208,CHAMPLAIN HEIGHTS SCHOOL,2-Ethyltoluene,2015-05-11T20:00,0.312,µg/m³,VOC,GC-MS
40208,CHAMPLAIN HEIGHTS SCHOOL,2-Ethyltoluene,2015-05-17T20:00,0.150,µg/m³,VOC,GC-MS
40208,CHAMPLAIN HEIGHTS SCHOOL,2-Ethyltoluene,2015-05-23T20:00,0.612,µg/m³,VOC,GC-MS
40208,CHAMPLAIN HEIGHTS SCHOOL,2-Ethyltoluene,2015-05-29T20:00,1.002,µg/m³,VOC,GC-MS
40208,CHAMPLAIN HEIGHTS SCHOOL,2-Ethyltoluene,2015-06-04T20:00,0.680,µg/m³,VOC,GC-MS
40208,CHAMPLAIN HEIGHTS SCHOOL,2-Ethyltoluene,2015-06-10T20:00,0.875,µg/m³,VOC,GC-MS
40208,CHAMPLAIN HEIGHTS SCHOOL,2-Ethyltoluene,2015-06-16T20:00,0.532,µg/m³,VOC,GC-MS
40208,CHAMPLAIN HEIGHTS SCHOOL,2-Ethyltoluene,2015-06-22T20:00,0.027,µg/m³,VOC,GC-MS
40208,CHAMPLAIN HEIGHTS SCHOOL,2-Ethyltoluene,2015-06-28T20:00,0.515,µg/m³,VOC,GC-MS
40208,CHAMPLAIN HEIGHTS SCHOOL,2-Ethyltoluene,2015-07-04T20:00,0.637,µg/m³,VOC,GC-MS
40208,CHAMPLAIN HEIGHTS SCHOOL,2-Ethyltoluene,2015-07-10T20:00,0.597,µg/m³,VOC,GC-MS
40208,CHAMPLAIN HEIGHTS SCHOOL,2-Ethyltoluene,2015-07-16T20:00,0.577,µg/m³,VOC,GC-MS
40208,CHAMPLAIN HEIGHTS SCHOOL,2-Ethyltoluene,2015-08-09T20:00,0.237,µg/m³,VOC,GC-MS
40208,CHAMPLAIN HEIGHTS SCHOOL,2-Ethyltoluene,2015-08-15T20:00,1.201,µg/m³,VOC,GC-MS
40208,CHAMPLAIN HEIGHTS SCHOOL,2-Ethyltoluene,2015-08-27T20:00,0.085,µg/m³,VOC,GC-MS
40208,CHAMPLAIN HEIGHTS SCHOOL,2-Ethyltoluene,2015-09-02T20:00,0.621,µg/m³,VOC,GC-MS
40208,CHAMPLAIN HEIGHTS SCHOOL,2-Ethyltoluene,2015-09-08T20:00,0.616,µg/m³,VOC,GC-MS
40208,CHAMPLAIN HEIGHTS SCHOOL,2-Ethyltoluene,2015-09-14T20:00,0.097,µg/m³,VOC,GC-MS
40208,CHAMPLAIN HEIGHTS SCHOOL,2-Ethyltoluene,2015-09-20T20:00,0.136,µg/m³,VOC,GC-MS
40208,CHAMPLAIN HEIGHTS SCHOOL,2-Ethyltoluene,2015-09-26T20:00,0.705,µg/m³,VOC,GC-MS
40208,CHAMPLAIN HEIGHTS SCHOOL,2-Ethyltoluene,2015-10-02T20:00,0.007,µg/m³,VOC,GC-MS
40208,CHAMPLAIN HEIGHTS SCHOOL,2-Ethyltoluene,2015-10-08T20:00,0.044,µg/m³,VOC,GC-MS
40208,CHAMPLAIN HEIGHTS SCHOOL,2-Ethyltoluene,2015-10-14T20:00,0.286,µg/m³,VOC,GC-MS
40208,CHAMPLAIN HEIGHTS SCHOOL,2-Ethyltoluene,2015-10-20T20:00,0.018,µg/m³,VOC,GC-MS
40208,CHAMPLAIN HEIGHTS SCHOOL,2-Ethyltoluene,2015-10-26T20:00,0.041,µg/m³,VOC,GC-MS
40208,CHAMPLAIN HEIGHTS SCHOOL,2-Ethyltoluene,2015-11-01T19:00,0.027,µg/m³,VOC,GC-MS
40208,CHAMPLAIN HEIGHTS SCHOOL,2-Ethyltoluene,2015-11-07T19:00,0.030,µg/m³,VOC,GC-MS
40208,CHAMPLAIN HEIGHTS SCHOOL,2-Ethyltoluene,2015-11-13T19:00,0.021,µg/m³,VOC,GC-MS
40208,CHAMPLAIN HEIGHTS SCHOOL,2-Ethyltoluene,2015-11-19T19:00,0.005,µg/m³,VOC,GC-MS
40208,CHAMPLAIN HEIGHTS SCHOOL,2-Ethyltoluene,2015-11-25T19:00,0.634,µg/m³,VOC,GC-MS
40208,CHAMPLAIN HEIGHTS SCHOOL,2-Ethyltoluene,2015-12-01T19:00,0.290,µg/m³,VOC,GC-MS
40208,CHAMPLAIN HEIGHTS SCHOOL,2-Ethyltoluene,2015-12-07T19:00,0.011,µg/m³,VOC,GC-MS
40208,CHAMPLAIN HEIGHTS SCHOOL,2-Ethyltoluene,2015-12-13T19:00,0.010,µg/m³,VOC,GC-MS
40208,CHAMPLAIN HEIGHTS SCHOOL,2-Ethyltoluene,2015-12-19T19:00,0.009,µg/m³,VOC,GC-MS
40208,CHAMPLAIN HEIGHTS SCHOOL,2-Ethyltoluene,2015-12-25T19:00,0.035,µg/m³,VOC,GC-MS
