﻿NAPS_Site_ID,Station_Name,Pollutant,Date,Value,Units,Report_Type,Method
101101,CHILLIWACK AIRPORT,"2,3,4-Trimethylpentane",2017-01-06T19:00,0.008,µg/m³,VOC,GC-MS
101101,CHILLIWACK AIRPORT,"2,3,4-Trimethylpentane",2017-01-24T19:00,0.076,µg/m³,VOC,GC-MS
101101,CHILLIWACK AIRPORT,"2,3,4-Trimethylpentane",2017-02-05T19:00,0.007,µg/m³,VOC,GC-MS
101101,CHILLIWACK AIRPORT,"2,3,4-Trimethylpentane",2017-02-17T19:00,0.050,µg/m³,VOC,GC-MS
101101,CHILLIWACK AIRPORT,"2,3,4-Trimethylpentane",2017-03-01T19:00,0.129,µg/m³,VOC,GC-MS
101101,CHILLIWACK AIRPORT,"2,3,4-Trimethylpentane",2017-03-13T20:00,0.036,µg/m³,VOC,GC-MS
101101,CHILLIWACK AIRPORT,"2,3,4-Trimethylpentane",2017-03-25T20:00,0.025,µg/m³,VOC,GC-MS
101101,CHILLIWACK AIRPORT,"2,3,4-Trimethylpentane",2017-04-06T20:00,0.053,µg/m³,VOC,GC-MS
101101,CHILLIWACK AIRPORT,"2,3,4-Trimethylpentane",2017-04-18T20:00,0.034,µg/m³,VOC,GC-MS
101101,CHILLIWACK AIRPORT,"2,3,4-Trimethylpentane",2017-04-30T20:00,0.180,µg/m³,VOC,GC-MS
101101,CHILLIWACK AIRPORT,"2,3,4-Trimethylpentane",2017-05-12T20:00,0.114,µg/m³,VOC,GC-MS
101101,CHILLIWACK AIRPORT,"2,3,4-Trimethylpentane",2017-05-24T20:00,0.165,µg/m³,VOC,GC-MS
101101,CHILLIWACK AIRPORT,"2,3,4-Trimethylpentane",2017-06-05T20:00,0.186,µg/m³,VOC,GC-MS
101101,CHILLIWACK AIRPORT,"2,3,4-Trimethylpentane",2017-06-17T20:00,0.061,µg/m³,VOC,GC-MS
101101,CHILLIWACK AIRPORT,"2,3,4-Trimethylpentane",2017-06-29T20:00,0.262,µg/m³,VOC,GC-MS
101101,CHILLIWACK AIRPORT,"2,3,4-Trimethylpentane",2017-07-11T20:00,0.199,µg/m³,VOC,GC-MS
101101,CHILLIWACK AIRPORT,"2,3,4-Trimethylpentane",2017-07-23T20:00,0.179,µg/m³,VOC,GC-MS
101101,CHILLIWACK AIRPORT,"2,3,4-Trimethylpentane",2017-08-04T20:00,0.304,µg/m³,VOC,GC-MS
101101,CHILLIWACK AIRPORT,"2,3,4-Trimethylpentane",2017-08-16T20:00,0.186,µg/m³,VOC,GC-MS
101101,CHILLIWACK AIRPORT,"2,3,4-Trimethylpentane",2017-08-28T20:00,0.159,µg/m³,VOC,GC-MS
101101,CHILLIWACK AIRPORT,"2,3,4-Trimethylpentane",2017-09-09T20:00,0.127,µg/m³,VOC,GC-MS
101101,CHILLIWACK AIRPORT,"2,3,4-Trimethylpentane",2017-09-21T20:00,0.116,µg/m³,VOC,GC-MS
101101,CHILLIWACK AIRPORT,"2,3,4-Trimethylpentane",2017-10-03T20:00,0.139,µg/m³,VOC,GC-MS
101101,CHILLIWACK AIRPORT,"2,3,4-Trimethylpentane",2017-10-15T20:00,0.242,µg/m³,VOC,GC-MS
101101,CHILLIWACK AIRPORT,"2,3,4-Trimethylpentane",2017-10-27T20:00,0.091,µg/m³,VOC,GC-MS
101101,CHILLIWACK AIRPORT,"2,3,4-Trimethylpentane",2017-11-08T19:00,0.021,µg/m³,VOC,GC-MS
101101,CHILLIWACK AIRPORT,"2,3,4-Trimethylpentane",2017-12-01T19:00,0.151,µg/m³,VOC,GC-MS
101101,CHILLIWACK AIRPORT,"2,3,4-Trimethylpentane",2017-12-14T19:00,0.202,µg/m³,VOC,GC-MS
101101,CHILLIWACK AIRPORT,"2,3,4-Trimethylpentane",2017-12-26T19:00,0.014,µg/m³,VOC,GC-MS
