﻿NAPS_Site_ID,Station_Name,Pollutant,Date,Value,Units,Report_Type,Method
60413,CENTENNIAL PARK _ETOBICOKE WEST_,Freon 12,2007-01-06T00:00,2.565,µg/m³,VOC,N/A
60413,CENTENNIAL PARK _ETOBICOKE WEST_,Freon 12,2007-01-12T00:00,2.780,µg/m³,VOC,N/A
60413,CENTENNIAL PARK _ETOBICOKE WEST_,Freon 12,2007-01-18T00:00,3.024,µg/m³,VOC,N/A
60413,CENTENNIAL PARK _ETOBICOKE WEST_,Freon 12,2007-01-30T00:00,3.113,µg/m³,VOC,N/A
60413,CENTENNIAL PARK _ETOBICOKE WEST_,Freon 12,2007-02-05T00:00,2.903,µg/m³,VOC,N/A
60413,CENTENNIAL PARK _ETOBICOKE WEST_,Freon 12,2007-02-11T00:00,2.755,µg/m³,VOC,N/A
60413,CENTENNIAL PARK _ETOBICOKE WEST_,Freon 12,2007-02-17T00:00,2.687,µg/m³,VOC,N/A
60413,CENTENNIAL PARK _ETOBICOKE WEST_,Freon 12,2007-02-23T00:00,3.016,µg/m³,VOC,N/A
60413,CENTENNIAL PARK _ETOBICOKE WEST_,Freon 12,2007-03-01T00:00,2.754,µg/m³,VOC,N/A
60413,CENTENNIAL PARK _ETOBICOKE WEST_,Freon 12,2007-03-07T00:00,2.920,µg/m³,VOC,N/A
60413,CENTENNIAL PARK _ETOBICOKE WEST_,Freon 12,2007-03-13T00:00,2.566,µg/m³,VOC,N/A
60413,CENTENNIAL PARK _ETOBICOKE WEST_,Freon 12,2007-03-19T00:00,2.523,µg/m³,VOC,N/A
60413,CENTENNIAL PARK _ETOBICOKE WEST_,Freon 12,2007-03-25T00:00,2.503,µg/m³,VOC,N/A
60413,CENTENNIAL PARK _ETOBICOKE WEST_,Freon 12,2007-03-31T00:00,2.216,µg/m³,VOC,N/A
60413,CENTENNIAL PARK _ETOBICOKE WEST_,Freon 12,2007-04-06T00:00,2.365,µg/m³,VOC,N/A
60413,CENTENNIAL PARK _ETOBICOKE WEST_,Freon 12,2007-04-12T00:00,2.327,µg/m³,VOC,N/A
60413,CENTENNIAL PARK _ETOBICOKE WEST_,Freon 12,2007-04-18T00:00,2.487,µg/m³,VOC,N/A
60413,CENTENNIAL PARK _ETOBICOKE WEST_,Freon 12,2007-04-24T00:00,2.379,µg/m³,VOC,N/A
60413,CENTENNIAL PARK _ETOBICOKE WEST_,Freon 12,2007-04-30T00:00,2.598,µg/m³,VOC,N/A
60413,CENTENNIAL PARK _ETOBICOKE WEST_,Freon 12,2007-05-06T00:00,2.573,µg/m³,VOC,N/A
60413,CENTENNIAL PARK _ETOBICOKE WEST_,Freon 12,2007-05-12T00:00,2.610,µg/m³,VOC,N/A
60413,CENTENNIAL PARK _ETOBICOKE WEST_,Freon 12,2007-05-18T00:00,2.590,µg/m³,VOC,N/A
60413,CENTENNIAL PARK _ETOBICOKE WEST_,Freon 12,2007-05-24T00:00,2.820,µg/m³,VOC,N/A
60413,CENTENNIAL PARK _ETOBICOKE WEST_,Freon 12,2007-05-30T00:00,2.852,µg/m³,VOC,N/A
60413,CENTENNIAL PARK _ETOBICOKE WEST_,Freon 12,2007-06-05T00:00,2.592,µg/m³,VOC,N/A
60413,CENTENNIAL PARK _ETOBICOKE WEST_,Freon 12,2007-06-11T00:00,2.552,µg/m³,VOC,N/A
60413,CENTENNIAL PARK _ETOBICOKE WEST_,Freon 12,2007-06-17T00:00,2.574,µg/m³,VOC,N/A
60413,CENTENNIAL PARK _ETOBICOKE WEST_,Freon 12,2007-06-23T00:00,2.654,µg/m³,VOC,N/A
60413,CENTENNIAL PARK _ETOBICOKE WEST_,Freon 12,2007-06-29T00:00,2.511,µg/m³,VOC,N/A
60413,CENTENNIAL PARK _ETOBICOKE WEST_,Freon 12,2007-07-05T00:00,2.749,µg/m³,VOC,N/A
60413,CENTENNIAL PARK _ETOBICOKE WEST_,Freon 12,2007-08-04T00:00,2.733,µg/m³,VOC,N/A
60413,CENTENNIAL PARK _ETOBICOKE WEST_,Freon 12,2007-08-10T00:00,2.558,µg/m³,VOC,N/A
60413,CENTENNIAL PARK _ETOBICOKE WEST_,Freon 12,2007-08-16T00:00,2.225,µg/m³,VOC,N/A
60413,CENTENNIAL PARK _ETOBICOKE WEST_,Freon 12,2007-08-22T00:00,2.431,µg/m³,VOC,N/A
60413,CENTENNIAL PARK _ETOBICOKE WEST_,Freon 12,2007-08-28T00:00,2.533,µg/m³,VOC,N/A
60413,CENTENNIAL PARK _ETOBICOKE WEST_,Freon 12,2007-09-03T00:00,2.521,µg/m³,VOC,N/A
60413,CENTENNIAL PARK _ETOBICOKE WEST_,Freon 12,2007-09-09T00:00,2.573,µg/m³,VOC,N/A
60413,CENTENNIAL PARK _ETOBICOKE WEST_,Freon 12,2007-09-15T00:00,2.363,µg/m³,VOC,N/A
60413,CENTENNIAL PARK _ETOBICOKE WEST_,Freon 12,2007-09-21T00:00,2.611,µg/m³,VOC,N/A
60413,CENTENNIAL PARK _ETOBICOKE WEST_,Freon 12,2007-09-27T00:00,2.340,µg/m³,VOC,N/A
60413,CENTENNIAL PARK _ETOBICOKE WEST_,Freon 12,2007-10-03T00:00,2.560,µg/m³,VOC,N/A
60413,CENTENNIAL PARK _ETOBICOKE WEST_,Freon 12,2007-10-09T00:00,2.204,µg/m³,VOC,N/A
60413,CENTENNIAL PARK _ETOBICOKE WEST_,Freon 12,2007-10-15T00:00,2.411,µg/m³,VOC,N/A
60413,CENTENNIAL PARK _ETOBICOKE WEST_,Freon 12,2007-10-21T00:00,2.416,µg/m³,VOC,N/A
60413,CENTENNIAL PARK _ETOBICOKE WEST_,Freon 12,2007-10-27T00:00,2.313,µg/m³,VOC,N/A
60413,CENTENNIAL PARK _ETOBICOKE WEST_,Freon 12,2007-11-02T00:00,2.600,µg/m³,VOC,N/A
60413,CENTENNIAL PARK _ETOBICOKE WEST_,Freon 12,2007-11-08T00:00,2.255,µg/m³,VOC,N/A
60413,CENTENNIAL PARK _ETOBICOKE WEST_,Freon 12,2007-11-14T00:00,2.920,µg/m³,VOC,N/A
60413,CENTENNIAL PARK _ETOBICOKE WEST_,Freon 12,2007-11-20T00:00,3.024,µg/m³,VOC,N/A
60413,CENTENNIAL PARK _ETOBICOKE WEST_,Freon 12,2007-11-26T00:00,3.000,µg/m³,VOC,N/A
60413,CENTENNIAL PARK _ETOBICOKE WEST_,Freon 12,2007-12-02T00:00,3.032,µg/m³,VOC,N/A
60413,CENTENNIAL PARK _ETOBICOKE WEST_,Freon 12,2007-12-08T00:00,3.430,µg/m³,VOC,N/A
60413,CENTENNIAL PARK _ETOBICOKE WEST_,Freon 12,2007-12-14T00:00,2.622,µg/m³,VOC,N/A
60413,CENTENNIAL PARK _ETOBICOKE WEST_,Freon 12,2007-12-20T00:00,2.489,µg/m³,VOC,N/A
60413,CENTENNIAL PARK _ETOBICOKE WEST_,Freon 12,2007-12-26T00:00,2.620,µg/m³,VOC,N/A
