﻿NAPS_Site_ID,Station_Name,Pollutant,Date,Value,Units,Report_Type,Method
50103,MONTRÉAL-SAINT-JEAN-BAPTISTE,cis-2-Octene,1995-01-03T00:00,0.039,µg/m³,VOC,N/A
50103,MONTRÉAL-SAINT-JEAN-BAPTISTE,cis-2-Octene,1995-01-09T00:00,0.000,µg/m³,VOC,N/A
50103,MONTRÉAL-SAINT-JEAN-BAPTISTE,cis-2-Octene,1995-01-15T00:00,0.000,µg/m³,VOC,N/A
50103,MONTRÉAL-SAINT-JEAN-BAPTISTE,cis-2-Octene,1995-01-21T00:00,0.000,µg/m³,VOC,N/A
50103,MONTRÉAL-SAINT-JEAN-BAPTISTE,cis-2-Octene,1995-01-27T00:00,0.027,µg/m³,VOC,N/A
50103,MONTRÉAL-SAINT-JEAN-BAPTISTE,cis-2-Octene,1995-02-02T00:00,0.029,µg/m³,VOC,N/A
50103,MONTRÉAL-SAINT-JEAN-BAPTISTE,cis-2-Octene,1995-02-08T00:00,0.070,µg/m³,VOC,N/A
50103,MONTRÉAL-SAINT-JEAN-BAPTISTE,cis-2-Octene,1995-02-14T00:00,0.000,µg/m³,VOC,N/A
50103,MONTRÉAL-SAINT-JEAN-BAPTISTE,cis-2-Octene,1995-02-20T00:00,0.000,µg/m³,VOC,N/A
50103,MONTRÉAL-SAINT-JEAN-BAPTISTE,cis-2-Octene,1995-02-26T00:00,0.000,µg/m³,VOC,N/A
50103,MONTRÉAL-SAINT-JEAN-BAPTISTE,cis-2-Octene,1995-03-04T00:00,0.079,µg/m³,VOC,N/A
50103,MONTRÉAL-SAINT-JEAN-BAPTISTE,cis-2-Octene,1995-03-10T00:00,0.000,µg/m³,VOC,N/A
50103,MONTRÉAL-SAINT-JEAN-BAPTISTE,cis-2-Octene,1995-03-16T00:00,0.000,µg/m³,VOC,N/A
50103,MONTRÉAL-SAINT-JEAN-BAPTISTE,cis-2-Octene,1995-03-22T00:00,0.000,µg/m³,VOC,N/A
50103,MONTRÉAL-SAINT-JEAN-BAPTISTE,cis-2-Octene,1995-04-21T00:00,0.000,µg/m³,VOC,N/A
50103,MONTRÉAL-SAINT-JEAN-BAPTISTE,cis-2-Octene,1995-04-27T00:00,0.000,µg/m³,VOC,N/A
50103,MONTRÉAL-SAINT-JEAN-BAPTISTE,cis-2-Octene,1995-05-03T00:00,0.000,µg/m³,VOC,N/A
50103,MONTRÉAL-SAINT-JEAN-BAPTISTE,cis-2-Octene,1995-05-09T00:00,0.000,µg/m³,VOC,N/A
50103,MONTRÉAL-SAINT-JEAN-BAPTISTE,cis-2-Octene,1995-05-15T00:00,0.000,µg/m³,VOC,N/A
50103,MONTRÉAL-SAINT-JEAN-BAPTISTE,cis-2-Octene,1995-05-21T00:00,0.000,µg/m³,VOC,N/A
50103,MONTRÉAL-SAINT-JEAN-BAPTISTE,cis-2-Octene,1995-05-27T00:00,0.000,µg/m³,VOC,N/A
50103,MONTRÉAL-SAINT-JEAN-BAPTISTE,cis-2-Octene,1995-06-02T00:00,0.021,µg/m³,VOC,N/A
50103,MONTRÉAL-SAINT-JEAN-BAPTISTE,cis-2-Octene,1995-07-08T00:00,0.000,µg/m³,VOC,N/A
50103,MONTRÉAL-SAINT-JEAN-BAPTISTE,cis-2-Octene,1995-07-20T00:00,0.000,µg/m³,VOC,N/A
50103,MONTRÉAL-SAINT-JEAN-BAPTISTE,cis-2-Octene,1995-08-01T00:00,0.000,µg/m³,VOC,N/A
50103,MONTRÉAL-SAINT-JEAN-BAPTISTE,cis-2-Octene,1995-08-13T00:00,0.078,µg/m³,VOC,N/A
50103,MONTRÉAL-SAINT-JEAN-BAPTISTE,cis-2-Octene,1995-08-25T00:00,1.213,µg/m³,VOC,N/A
50103,MONTRÉAL-SAINT-JEAN-BAPTISTE,cis-2-Octene,1995-09-12T00:00,0.000,µg/m³,VOC,N/A
50103,MONTRÉAL-SAINT-JEAN-BAPTISTE,cis-2-Octene,1995-09-18T00:00,0.057,µg/m³,VOC,N/A
50103,MONTRÉAL-SAINT-JEAN-BAPTISTE,cis-2-Octene,1995-09-24T00:00,0.054,µg/m³,VOC,N/A
50103,MONTRÉAL-SAINT-JEAN-BAPTISTE,cis-2-Octene,1995-10-06T00:00,0.000,µg/m³,VOC,N/A
50103,MONTRÉAL-SAINT-JEAN-BAPTISTE,cis-2-Octene,1995-10-12T00:00,0.000,µg/m³,VOC,N/A
50103,MONTRÉAL-SAINT-JEAN-BAPTISTE,cis-2-Octene,1995-10-18T00:00,0.000,µg/m³,VOC,N/A
50103,MONTRÉAL-SAINT-JEAN-BAPTISTE,cis-2-Octene,1995-10-24T00:00,0.302,µg/m³,VOC,N/A
50103,MONTRÉAL-SAINT-JEAN-BAPTISTE,cis-2-Octene,1995-10-30T00:00,0.708,µg/m³,VOC,N/A
50103,MONTRÉAL-SAINT-JEAN-BAPTISTE,cis-2-Octene,1995-11-05T00:00,0.464,µg/m³,VOC,N/A
50103,MONTRÉAL-SAINT-JEAN-BAPTISTE,cis-2-Octene,1995-11-11T00:00,0.047,µg/m³,VOC,N/A
50103,MONTRÉAL-SAINT-JEAN-BAPTISTE,cis-2-Octene,1995-11-17T00:00,1.175,µg/m³,VOC,N/A
50103,MONTRÉAL-SAINT-JEAN-BAPTISTE,cis-2-Octene,1995-11-23T00:00,0.203,µg/m³,VOC,N/A
50103,MONTRÉAL-SAINT-JEAN-BAPTISTE,cis-2-Octene,1995-11-29T00:00,0.000,µg/m³,VOC,N/A
50103,MONTRÉAL-SAINT-JEAN-BAPTISTE,cis-2-Octene,1995-12-05T00:00,0.000,µg/m³,VOC,N/A
50103,MONTRÉAL-SAINT-JEAN-BAPTISTE,cis-2-Octene,1995-12-11T00:00,0.000,µg/m³,VOC,N/A
50103,MONTRÉAL-SAINT-JEAN-BAPTISTE,cis-2-Octene,1995-12-17T00:00,0.000,µg/m³,VOC,N/A
50103,MONTRÉAL-SAINT-JEAN-BAPTISTE,cis-2-Octene,1995-12-23T00:00,0.000,µg/m³,VOC,N/A
50103,MONTRÉAL-SAINT-JEAN-BAPTISTE,cis-2-Octene,1995-12-29T00:00,0.000,µg/m³,VOC,N/A
