﻿NAPS_Site_ID,Station_Name,Pollutant,Date,Value,Units,Report_Type,Method
30501,KEJIMKUJIK NATIONAL PARK,Trichloroethylene,1996-01-04T00:00,0.025,µg/m³,VOC,N/A
30501,KEJIMKUJIK NATIONAL PARK,Trichloroethylene,1996-01-04T00:00,0.027,µg/m³,VOC,N/A
30501,KEJIMKUJIK NATIONAL PARK,Trichloroethylene,1996-01-10T00:00,0.021,µg/m³,VOC,N/A
30501,KEJIMKUJIK NATIONAL PARK,Trichloroethylene,1996-01-10T00:00,0.027,µg/m³,VOC,N/A
30501,KEJIMKUJIK NATIONAL PARK,Trichloroethylene,1996-01-16T00:00,0.019,µg/m³,VOC,N/A
30501,KEJIMKUJIK NATIONAL PARK,Trichloroethylene,1996-01-16T00:00,0.026,µg/m³,VOC,N/A
30501,KEJIMKUJIK NATIONAL PARK,Trichloroethylene,1996-01-28T00:00,0.028,µg/m³,VOC,N/A
30501,KEJIMKUJIK NATIONAL PARK,Trichloroethylene,1996-01-28T00:00,0.061,µg/m³,VOC,N/A
30501,KEJIMKUJIK NATIONAL PARK,Trichloroethylene,1996-02-03T00:00,0.023,µg/m³,VOC,N/A
30501,KEJIMKUJIK NATIONAL PARK,Trichloroethylene,1996-02-03T00:00,0.029,µg/m³,VOC,N/A
30501,KEJIMKUJIK NATIONAL PARK,Trichloroethylene,1996-02-09T00:00,0.036,µg/m³,VOC,N/A
30501,KEJIMKUJIK NATIONAL PARK,Trichloroethylene,1996-02-09T00:00,0.083,µg/m³,VOC,N/A
30501,KEJIMKUJIK NATIONAL PARK,Trichloroethylene,1996-02-15T00:00,0.030,µg/m³,VOC,N/A
30501,KEJIMKUJIK NATIONAL PARK,Trichloroethylene,1996-02-15T00:00,0.032,µg/m³,VOC,N/A
30501,KEJIMKUJIK NATIONAL PARK,Trichloroethylene,1996-02-21T00:00,0.036,µg/m³,VOC,N/A
30501,KEJIMKUJIK NATIONAL PARK,Trichloroethylene,1996-02-21T00:00,0.037,µg/m³,VOC,N/A
30501,KEJIMKUJIK NATIONAL PARK,Trichloroethylene,1996-02-27T00:00,0.030,µg/m³,VOC,N/A
30501,KEJIMKUJIK NATIONAL PARK,Trichloroethylene,1996-02-27T00:00,0.032,µg/m³,VOC,N/A
30501,KEJIMKUJIK NATIONAL PARK,Trichloroethylene,1996-03-04T00:00,0.032,µg/m³,VOC,N/A
30501,KEJIMKUJIK NATIONAL PARK,Trichloroethylene,1996-03-10T00:00,0.019,µg/m³,VOC,N/A
30501,KEJIMKUJIK NATIONAL PARK,Trichloroethylene,1996-03-10T00:00,0.021,µg/m³,VOC,N/A
30501,KEJIMKUJIK NATIONAL PARK,Trichloroethylene,1996-03-18T00:00,0.029,µg/m³,VOC,N/A
30501,KEJIMKUJIK NATIONAL PARK,Trichloroethylene,1996-03-18T00:00,0.045,µg/m³,VOC,N/A
30501,KEJIMKUJIK NATIONAL PARK,Trichloroethylene,1996-03-22T00:00,0.043,µg/m³,VOC,N/A
30501,KEJIMKUJIK NATIONAL PARK,Trichloroethylene,1996-03-22T00:00,0.078,µg/m³,VOC,N/A
30501,KEJIMKUJIK NATIONAL PARK,Trichloroethylene,1996-03-28T00:00,0.000,µg/m³,VOC,N/A
30501,KEJIMKUJIK NATIONAL PARK,Trichloroethylene,1996-03-28T00:00,0.024,µg/m³,VOC,N/A
30501,KEJIMKUJIK NATIONAL PARK,Trichloroethylene,1996-04-03T00:00,0.000,µg/m³,VOC,N/A
30501,KEJIMKUJIK NATIONAL PARK,Trichloroethylene,1996-04-03T00:00,0.021,µg/m³,VOC,N/A
30501,KEJIMKUJIK NATIONAL PARK,Trichloroethylene,1996-04-09T00:00,0.020,µg/m³,VOC,N/A
30501,KEJIMKUJIK NATIONAL PARK,Trichloroethylene,1996-04-15T00:00,0.020,µg/m³,VOC,N/A
30501,KEJIMKUJIK NATIONAL PARK,Trichloroethylene,1996-04-15T00:00,0.022,µg/m³,VOC,N/A
30501,KEJIMKUJIK NATIONAL PARK,Trichloroethylene,1996-04-21T00:00,0.027,µg/m³,VOC,N/A
30501,KEJIMKUJIK NATIONAL PARK,Trichloroethylene,1996-04-21T00:00,0.035,µg/m³,VOC,N/A
30501,KEJIMKUJIK NATIONAL PARK,Trichloroethylene,1996-04-27T00:00,0.082,µg/m³,VOC,N/A
30501,KEJIMKUJIK NATIONAL PARK,Trichloroethylene,1996-04-27T00:00,0.082,µg/m³,VOC,N/A
30501,KEJIMKUJIK NATIONAL PARK,Trichloroethylene,1996-05-03T00:00,0.056,µg/m³,VOC,N/A
30501,KEJIMKUJIK NATIONAL PARK,Trichloroethylene,1996-05-03T00:00,0.079,µg/m³,VOC,N/A
30501,KEJIMKUJIK NATIONAL PARK,Trichloroethylene,1996-05-09T00:00,0.022,µg/m³,VOC,N/A
30501,KEJIMKUJIK NATIONAL PARK,Trichloroethylene,1996-05-09T00:00,0.031,µg/m³,VOC,N/A
30501,KEJIMKUJIK NATIONAL PARK,Trichloroethylene,1996-06-10T00:00,0.054,µg/m³,VOC,N/A
30501,KEJIMKUJIK NATIONAL PARK,Trichloroethylene,1996-06-11T00:00,0.063,µg/m³,VOC,N/A
30501,KEJIMKUJIK NATIONAL PARK,Trichloroethylene,1996-06-12T00:00,0.085,µg/m³,VOC,N/A
30501,KEJIMKUJIK NATIONAL PARK,Trichloroethylene,1996-06-13T00:00,0.051,µg/m³,VOC,N/A
30501,KEJIMKUJIK NATIONAL PARK,Trichloroethylene,1996-06-14T00:00,0.039,µg/m³,VOC,N/A
30501,KEJIMKUJIK NATIONAL PARK,Trichloroethylene,1996-06-15T00:00,0.033,µg/m³,VOC,N/A
30501,KEJIMKUJIK NATIONAL PARK,Trichloroethylene,1996-06-18T00:00,0.022,µg/m³,VOC,N/A
30501,KEJIMKUJIK NATIONAL PARK,Trichloroethylene,1996-06-19T00:00,0.029,µg/m³,VOC,N/A
30501,KEJIMKUJIK NATIONAL PARK,Trichloroethylene,1996-06-20T00:00,0.028,µg/m³,VOC,N/A
30501,KEJIMKUJIK NATIONAL PARK,Trichloroethylene,1996-06-21T00:00,0.023,µg/m³,VOC,N/A
30501,KEJIMKUJIK NATIONAL PARK,Trichloroethylene,1996-06-22T00:00,0.025,µg/m³,VOC,N/A
30501,KEJIMKUJIK NATIONAL PARK,Trichloroethylene,1996-06-23T00:00,0.026,µg/m³,VOC,N/A
30501,KEJIMKUJIK NATIONAL PARK,Trichloroethylene,1996-06-24T00:00,0.025,µg/m³,VOC,N/A
30501,KEJIMKUJIK NATIONAL PARK,Trichloroethylene,1996-06-25T00:00,0.023,µg/m³,VOC,N/A
30501,KEJIMKUJIK NATIONAL PARK,Trichloroethylene,1996-06-26T00:00,0.021,µg/m³,VOC,N/A
30501,KEJIMKUJIK NATIONAL PARK,Trichloroethylene,1996-06-27T00:00,0.019,µg/m³,VOC,N/A
30501,KEJIMKUJIK NATIONAL PARK,Trichloroethylene,1996-06-28T00:00,0.029,µg/m³,VOC,N/A
30501,KEJIMKUJIK NATIONAL PARK,Trichloroethylene,1996-06-29T00:00,0.019,µg/m³,VOC,N/A
30501,KEJIMKUJIK NATIONAL PARK,Trichloroethylene,1996-06-30T00:00,0.019,µg/m³,VOC,N/A
30501,KEJIMKUJIK NATIONAL PARK,Trichloroethylene,1996-07-01T00:00,0.022,µg/m³,VOC,N/A
30501,KEJIMKUJIK NATIONAL PARK,Trichloroethylene,1996-07-02T00:00,0.033,µg/m³,VOC,N/A
30501,KEJIMKUJIK NATIONAL PARK,Trichloroethylene,1996-07-03T00:00,0.013,µg/m³,VOC,N/A
30501,KEJIMKUJIK NATIONAL PARK,Trichloroethylene,1996-07-04T00:00,0.026,µg/m³,VOC,N/A
30501,KEJIMKUJIK NATIONAL PARK,Trichloroethylene,1996-07-05T00:00,0.028,µg/m³,VOC,N/A
30501,KEJIMKUJIK NATIONAL PARK,Trichloroethylene,1996-07-06T00:00,0.029,µg/m³,VOC,N/A
30501,KEJIMKUJIK NATIONAL PARK,Trichloroethylene,1996-07-07T00:00,0.028,µg/m³,VOC,N/A
30501,KEJIMKUJIK NATIONAL PARK,Trichloroethylene,1996-07-08T00:00,0.000,µg/m³,VOC,N/A
30501,KEJIMKUJIK NATIONAL PARK,Trichloroethylene,1996-07-09T00:00,0.027,µg/m³,VOC,N/A
30501,KEJIMKUJIK NATIONAL PARK,Trichloroethylene,1996-07-10T00:00,0.029,µg/m³,VOC,N/A
30501,KEJIMKUJIK NATIONAL PARK,Trichloroethylene,1996-07-11T00:00,0.023,µg/m³,VOC,N/A
30501,KEJIMKUJIK NATIONAL PARK,Trichloroethylene,1996-07-12T00:00,0.023,µg/m³,VOC,N/A
30501,KEJIMKUJIK NATIONAL PARK,Trichloroethylene,1996-07-13T00:00,0.000,µg/m³,VOC,N/A
30501,KEJIMKUJIK NATIONAL PARK,Trichloroethylene,1996-07-14T00:00,0.000,µg/m³,VOC,N/A
30501,KEJIMKUJIK NATIONAL PARK,Trichloroethylene,1996-07-15T00:00,0.019,µg/m³,VOC,N/A
30501,KEJIMKUJIK NATIONAL PARK,Trichloroethylene,1996-07-16T00:00,0.017,µg/m³,VOC,N/A
30501,KEJIMKUJIK NATIONAL PARK,Trichloroethylene,1996-07-17T00:00,0.019,µg/m³,VOC,N/A
30501,KEJIMKUJIK NATIONAL PARK,Trichloroethylene,1996-07-18T00:00,0.000,µg/m³,VOC,N/A
30501,KEJIMKUJIK NATIONAL PARK,Trichloroethylene,1996-07-20T00:00,0.000,µg/m³,VOC,N/A
30501,KEJIMKUJIK NATIONAL PARK,Trichloroethylene,1996-07-21T00:00,0.000,µg/m³,VOC,N/A
30501,KEJIMKUJIK NATIONAL PARK,Trichloroethylene,1996-07-22T00:00,0.012,µg/m³,VOC,N/A
30501,KEJIMKUJIK NATIONAL PARK,Trichloroethylene,1996-07-23T00:00,0.011,µg/m³,VOC,N/A
30501,KEJIMKUJIK NATIONAL PARK,Trichloroethylene,1996-07-24T00:00,0.014,µg/m³,VOC,N/A
30501,KEJIMKUJIK NATIONAL PARK,Trichloroethylene,1996-07-25T00:00,0.021,µg/m³,VOC,N/A
30501,KEJIMKUJIK NATIONAL PARK,Trichloroethylene,1996-07-26T00:00,0.000,µg/m³,VOC,N/A
30501,KEJIMKUJIK NATIONAL PARK,Trichloroethylene,1996-07-27T00:00,0.022,µg/m³,VOC,N/A
30501,KEJIMKUJIK NATIONAL PARK,Trichloroethylene,1996-07-28T00:00,0.025,µg/m³,VOC,N/A
30501,KEJIMKUJIK NATIONAL PARK,Trichloroethylene,1996-07-29T00:00,0.019,µg/m³,VOC,N/A
30501,KEJIMKUJIK NATIONAL PARK,Trichloroethylene,1996-07-30T00:00,0.018,µg/m³,VOC,N/A
30501,KEJIMKUJIK NATIONAL PARK,Trichloroethylene,1996-07-31T00:00,0.018,µg/m³,VOC,N/A
30501,KEJIMKUJIK NATIONAL PARK,Trichloroethylene,1996-08-01T00:00,0.000,µg/m³,VOC,N/A
30501,KEJIMKUJIK NATIONAL PARK,Trichloroethylene,1996-08-02T00:00,0.000,µg/m³,VOC,N/A
30501,KEJIMKUJIK NATIONAL PARK,Trichloroethylene,1996-08-03T00:00,0.011,µg/m³,VOC,N/A
30501,KEJIMKUJIK NATIONAL PARK,Trichloroethylene,1996-08-04T00:00,0.016,µg/m³,VOC,N/A
30501,KEJIMKUJIK NATIONAL PARK,Trichloroethylene,1996-08-05T00:00,0.012,µg/m³,VOC,N/A
30501,KEJIMKUJIK NATIONAL PARK,Trichloroethylene,1996-08-06T00:00,0.000,µg/m³,VOC,N/A
30501,KEJIMKUJIK NATIONAL PARK,Trichloroethylene,1996-08-07T00:00,0.000,µg/m³,VOC,N/A
30501,KEJIMKUJIK NATIONAL PARK,Trichloroethylene,1996-08-08T00:00,0.021,µg/m³,VOC,N/A
30501,KEJIMKUJIK NATIONAL PARK,Trichloroethylene,1996-08-09T00:00,0.000,µg/m³,VOC,N/A
30501,KEJIMKUJIK NATIONAL PARK,Trichloroethylene,1996-08-10T00:00,0.019,µg/m³,VOC,N/A
30501,KEJIMKUJIK NATIONAL PARK,Trichloroethylene,1996-08-11T00:00,0.000,µg/m³,VOC,N/A
30501,KEJIMKUJIK NATIONAL PARK,Trichloroethylene,1996-08-12T00:00,0.000,µg/m³,VOC,N/A
30501,KEJIMKUJIK NATIONAL PARK,Trichloroethylene,1996-08-13T00:00,0.000,µg/m³,VOC,N/A
30501,KEJIMKUJIK NATIONAL PARK,Trichloroethylene,1996-08-14T00:00,0.021,µg/m³,VOC,N/A
30501,KEJIMKUJIK NATIONAL PARK,Trichloroethylene,1996-08-15T00:00,0.000,µg/m³,VOC,N/A
30501,KEJIMKUJIK NATIONAL PARK,Trichloroethylene,1996-08-16T00:00,0.011,µg/m³,VOC,N/A
30501,KEJIMKUJIK NATIONAL PARK,Trichloroethylene,1996-08-17T00:00,0.019,µg/m³,VOC,N/A
30501,KEJIMKUJIK NATIONAL PARK,Trichloroethylene,1996-08-18T00:00,0.015,µg/m³,VOC,N/A
30501,KEJIMKUJIK NATIONAL PARK,Trichloroethylene,1996-08-19T00:00,0.000,µg/m³,VOC,N/A
30501,KEJIMKUJIK NATIONAL PARK,Trichloroethylene,1996-08-20T00:00,0.000,µg/m³,VOC,N/A
30501,KEJIMKUJIK NATIONAL PARK,Trichloroethylene,1996-08-21T00:00,0.020,µg/m³,VOC,N/A
30501,KEJIMKUJIK NATIONAL PARK,Trichloroethylene,1996-08-22T00:00,0.016,µg/m³,VOC,N/A
30501,KEJIMKUJIK NATIONAL PARK,Trichloroethylene,1996-08-23T00:00,0.016,µg/m³,VOC,N/A
30501,KEJIMKUJIK NATIONAL PARK,Trichloroethylene,1996-08-24T00:00,0.026,µg/m³,VOC,N/A
30501,KEJIMKUJIK NATIONAL PARK,Trichloroethylene,1996-08-25T00:00,0.020,µg/m³,VOC,N/A
30501,KEJIMKUJIK NATIONAL PARK,Trichloroethylene,1996-08-26T00:00,0.013,µg/m³,VOC,N/A
30501,KEJIMKUJIK NATIONAL PARK,Trichloroethylene,1996-08-27T00:00,0.012,µg/m³,VOC,N/A
30501,KEJIMKUJIK NATIONAL PARK,Trichloroethylene,1996-08-28T00:00,0.000,µg/m³,VOC,N/A
30501,KEJIMKUJIK NATIONAL PARK,Trichloroethylene,1996-08-29T00:00,0.017,µg/m³,VOC,N/A
30501,KEJIMKUJIK NATIONAL PARK,Trichloroethylene,1996-08-30T00:00,0.009,µg/m³,VOC,N/A
30501,KEJIMKUJIK NATIONAL PARK,Trichloroethylene,1996-08-31T00:00,0.000,µg/m³,VOC,N/A
30501,KEJIMKUJIK NATIONAL PARK,Trichloroethylene,1996-09-01T00:00,0.015,µg/m³,VOC,N/A
30501,KEJIMKUJIK NATIONAL PARK,Trichloroethylene,1996-09-02T00:00,0.014,µg/m³,VOC,N/A
30501,KEJIMKUJIK NATIONAL PARK,Trichloroethylene,1996-09-03T00:00,0.014,µg/m³,VOC,N/A
30501,KEJIMKUJIK NATIONAL PARK,Trichloroethylene,1996-09-04T00:00,0.000,µg/m³,VOC,N/A
30501,KEJIMKUJIK NATIONAL PARK,Trichloroethylene,1996-09-05T00:00,0.015,µg/m³,VOC,N/A
30501,KEJIMKUJIK NATIONAL PARK,Trichloroethylene,1996-09-06T00:00,0.000,µg/m³,VOC,N/A
30501,KEJIMKUJIK NATIONAL PARK,Trichloroethylene,1996-09-07T00:00,0.014,µg/m³,VOC,N/A
30501,KEJIMKUJIK NATIONAL PARK,Trichloroethylene,1996-09-08T00:00,0.010,µg/m³,VOC,N/A
30501,KEJIMKUJIK NATIONAL PARK,Trichloroethylene,1996-09-09T00:00,0.012,µg/m³,VOC,N/A
30501,KEJIMKUJIK NATIONAL PARK,Trichloroethylene,1996-09-10T00:00,0.024,µg/m³,VOC,N/A
30501,KEJIMKUJIK NATIONAL PARK,Trichloroethylene,1996-09-11T00:00,0.000,µg/m³,VOC,N/A
30501,KEJIMKUJIK NATIONAL PARK,Trichloroethylene,1996-09-12T00:00,0.000,µg/m³,VOC,N/A
30501,KEJIMKUJIK NATIONAL PARK,Trichloroethylene,1996-09-13T00:00,0.011,µg/m³,VOC,N/A
30501,KEJIMKUJIK NATIONAL PARK,Trichloroethylene,1996-09-14T00:00,0.000,µg/m³,VOC,N/A
30501,KEJIMKUJIK NATIONAL PARK,Trichloroethylene,1996-09-15T00:00,0.000,µg/m³,VOC,N/A
30501,KEJIMKUJIK NATIONAL PARK,Trichloroethylene,1996-09-16T00:00,0.000,µg/m³,VOC,N/A
30501,KEJIMKUJIK NATIONAL PARK,Trichloroethylene,1996-09-17T00:00,0.000,µg/m³,VOC,N/A
30501,KEJIMKUJIK NATIONAL PARK,Trichloroethylene,1996-09-18T00:00,0.019,µg/m³,VOC,N/A
30501,KEJIMKUJIK NATIONAL PARK,Trichloroethylene,1996-09-18T00:00,0.030,µg/m³,VOC,N/A
30501,KEJIMKUJIK NATIONAL PARK,Trichloroethylene,1996-09-24T00:00,0.049,µg/m³,VOC,N/A
30501,KEJIMKUJIK NATIONAL PARK,Trichloroethylene,1996-09-24T00:00,0.118,µg/m³,VOC,N/A
30501,KEJIMKUJIK NATIONAL PARK,Trichloroethylene,1996-09-30T00:00,0.045,µg/m³,VOC,N/A
30501,KEJIMKUJIK NATIONAL PARK,Trichloroethylene,1996-09-30T00:00,0.125,µg/m³,VOC,N/A
30501,KEJIMKUJIK NATIONAL PARK,Trichloroethylene,1996-10-06T00:00,0.056,µg/m³,VOC,N/A
30501,KEJIMKUJIK NATIONAL PARK,Trichloroethylene,1996-10-06T00:00,0.083,µg/m³,VOC,N/A
30501,KEJIMKUJIK NATIONAL PARK,Trichloroethylene,1996-10-18T00:00,0.057,µg/m³,VOC,N/A
30501,KEJIMKUJIK NATIONAL PARK,Trichloroethylene,1996-10-18T00:00,0.074,µg/m³,VOC,N/A
30501,KEJIMKUJIK NATIONAL PARK,Trichloroethylene,1996-10-24T00:00,0.089,µg/m³,VOC,N/A
30501,KEJIMKUJIK NATIONAL PARK,Trichloroethylene,1996-10-24T00:00,0.131,µg/m³,VOC,N/A
30501,KEJIMKUJIK NATIONAL PARK,Trichloroethylene,1996-10-30T00:00,0.049,µg/m³,VOC,N/A
30501,KEJIMKUJIK NATIONAL PARK,Trichloroethylene,1996-10-30T00:00,0.066,µg/m³,VOC,N/A
30501,KEJIMKUJIK NATIONAL PARK,Trichloroethylene,1996-11-05T00:00,0.101,µg/m³,VOC,N/A
30501,KEJIMKUJIK NATIONAL PARK,Trichloroethylene,1996-11-05T00:00,0.110,µg/m³,VOC,N/A
30501,KEJIMKUJIK NATIONAL PARK,Trichloroethylene,1996-11-11T00:00,0.104,µg/m³,VOC,N/A
30501,KEJIMKUJIK NATIONAL PARK,Trichloroethylene,1996-11-11T00:00,0.170,µg/m³,VOC,N/A
30501,KEJIMKUJIK NATIONAL PARK,Trichloroethylene,1996-11-17T00:00,0.143,µg/m³,VOC,N/A
30501,KEJIMKUJIK NATIONAL PARK,Trichloroethylene,1996-11-17T00:00,0.153,µg/m³,VOC,N/A
30501,KEJIMKUJIK NATIONAL PARK,Trichloroethylene,1996-11-23T00:00,0.109,µg/m³,VOC,N/A
30501,KEJIMKUJIK NATIONAL PARK,Trichloroethylene,1996-11-23T00:00,0.210,µg/m³,VOC,N/A
30501,KEJIMKUJIK NATIONAL PARK,Trichloroethylene,1996-11-29T00:00,0.058,µg/m³,VOC,N/A
30501,KEJIMKUJIK NATIONAL PARK,Trichloroethylene,1996-11-29T00:00,0.070,µg/m³,VOC,N/A
30501,KEJIMKUJIK NATIONAL PARK,Trichloroethylene,1996-12-05T00:00,0.055,µg/m³,VOC,N/A
30501,KEJIMKUJIK NATIONAL PARK,Trichloroethylene,1996-12-05T00:00,0.060,µg/m³,VOC,N/A
30501,KEJIMKUJIK NATIONAL PARK,Trichloroethylene,1996-12-11T00:00,0.094,µg/m³,VOC,N/A
30501,KEJIMKUJIK NATIONAL PARK,Trichloroethylene,1996-12-11T00:00,0.094,µg/m³,VOC,N/A
30501,KEJIMKUJIK NATIONAL PARK,Trichloroethylene,1996-12-17T00:00,0.090,µg/m³,VOC,N/A
30501,KEJIMKUJIK NATIONAL PARK,Trichloroethylene,1996-12-17T00:00,0.103,µg/m³,VOC,N/A
30501,KEJIMKUJIK NATIONAL PARK,Trichloroethylene,1996-12-23T00:00,0.112,µg/m³,VOC,N/A
30501,KEJIMKUJIK NATIONAL PARK,Trichloroethylene,1996-12-23T00:00,0.136,µg/m³,VOC,N/A
30501,KEJIMKUJIK NATIONAL PARK,Trichloroethylene,1996-12-29T00:00,0.076,µg/m³,VOC,N/A
