﻿NAPS_Site_ID,Station_Name,Pollutant,Date,Value,Units,Report_Type,Method
50103,MONTRÉAL-SAINT-JEAN-BAPTISTE,Freon 11,1995-01-03T00:00,1.892,µg/m³,VOC,N/A
50103,MONTRÉAL-SAINT-JEAN-BAPTISTE,Freon 11,1995-01-09T00:00,1.864,µg/m³,VOC,N/A
50103,MONTRÉAL-SAINT-JEAN-BAPTISTE,Freon 11,1995-01-15T00:00,1.984,µg/m³,VOC,N/A
50103,MONTRÉAL-SAINT-JEAN-BAPTISTE,Freon 11,1995-01-21T00:00,1.850,µg/m³,VOC,N/A
50103,MONTRÉAL-SAINT-JEAN-BAPTISTE,Freon 11,1995-01-27T00:00,1.965,µg/m³,VOC,N/A
50103,MONTRÉAL-SAINT-JEAN-BAPTISTE,Freon 11,1995-02-02T00:00,2.138,µg/m³,VOC,N/A
50103,MONTRÉAL-SAINT-JEAN-BAPTISTE,Freon 11,1995-02-08T00:00,2.282,µg/m³,VOC,N/A
50103,MONTRÉAL-SAINT-JEAN-BAPTISTE,Freon 11,1995-02-14T00:00,2.238,µg/m³,VOC,N/A
50103,MONTRÉAL-SAINT-JEAN-BAPTISTE,Freon 11,1995-02-20T00:00,2.264,µg/m³,VOC,N/A
50103,MONTRÉAL-SAINT-JEAN-BAPTISTE,Freon 11,1995-02-26T00:00,2.520,µg/m³,VOC,N/A
50103,MONTRÉAL-SAINT-JEAN-BAPTISTE,Freon 11,1995-03-04T00:00,2.779,µg/m³,VOC,N/A
50103,MONTRÉAL-SAINT-JEAN-BAPTISTE,Freon 11,1995-03-10T00:00,2.494,µg/m³,VOC,N/A
50103,MONTRÉAL-SAINT-JEAN-BAPTISTE,Freon 11,1995-03-16T00:00,2.372,µg/m³,VOC,N/A
50103,MONTRÉAL-SAINT-JEAN-BAPTISTE,Freon 11,1995-03-22T00:00,2.606,µg/m³,VOC,N/A
50103,MONTRÉAL-SAINT-JEAN-BAPTISTE,Freon 11,1995-04-21T00:00,2.353,µg/m³,VOC,N/A
50103,MONTRÉAL-SAINT-JEAN-BAPTISTE,Freon 11,1995-04-27T00:00,2.607,µg/m³,VOC,N/A
50103,MONTRÉAL-SAINT-JEAN-BAPTISTE,Freon 11,1995-05-03T00:00,2.711,µg/m³,VOC,N/A
50103,MONTRÉAL-SAINT-JEAN-BAPTISTE,Freon 11,1995-05-09T00:00,2.535,µg/m³,VOC,N/A
50103,MONTRÉAL-SAINT-JEAN-BAPTISTE,Freon 11,1995-05-15T00:00,2.176,µg/m³,VOC,N/A
50103,MONTRÉAL-SAINT-JEAN-BAPTISTE,Freon 11,1995-05-21T00:00,2.341,µg/m³,VOC,N/A
50103,MONTRÉAL-SAINT-JEAN-BAPTISTE,Freon 11,1995-05-27T00:00,2.554,µg/m³,VOC,N/A
50103,MONTRÉAL-SAINT-JEAN-BAPTISTE,Freon 11,1995-06-02T00:00,2.826,µg/m³,VOC,N/A
50103,MONTRÉAL-SAINT-JEAN-BAPTISTE,Freon 11,1995-07-08T00:00,2.874,µg/m³,VOC,N/A
50103,MONTRÉAL-SAINT-JEAN-BAPTISTE,Freon 11,1995-07-20T00:00,2.738,µg/m³,VOC,N/A
50103,MONTRÉAL-SAINT-JEAN-BAPTISTE,Freon 11,1995-08-01T00:00,2.609,µg/m³,VOC,N/A
50103,MONTRÉAL-SAINT-JEAN-BAPTISTE,Freon 11,1995-08-13T00:00,2.137,µg/m³,VOC,N/A
50103,MONTRÉAL-SAINT-JEAN-BAPTISTE,Freon 11,1995-08-25T00:00,4.339,µg/m³,VOC,N/A
50103,MONTRÉAL-SAINT-JEAN-BAPTISTE,Freon 11,1995-09-12T00:00,2.320,µg/m³,VOC,N/A
50103,MONTRÉAL-SAINT-JEAN-BAPTISTE,Freon 11,1995-09-18T00:00,2.531,µg/m³,VOC,N/A
50103,MONTRÉAL-SAINT-JEAN-BAPTISTE,Freon 11,1995-09-24T00:00,2.764,µg/m³,VOC,N/A
50103,MONTRÉAL-SAINT-JEAN-BAPTISTE,Freon 11,1995-10-06T00:00,2.007,µg/m³,VOC,N/A
50103,MONTRÉAL-SAINT-JEAN-BAPTISTE,Freon 11,1995-10-12T00:00,2.271,µg/m³,VOC,N/A
50103,MONTRÉAL-SAINT-JEAN-BAPTISTE,Freon 11,1995-10-18T00:00,2.753,µg/m³,VOC,N/A
50103,MONTRÉAL-SAINT-JEAN-BAPTISTE,Freon 11,1995-10-24T00:00,2.386,µg/m³,VOC,N/A
50103,MONTRÉAL-SAINT-JEAN-BAPTISTE,Freon 11,1995-10-30T00:00,2.420,µg/m³,VOC,N/A
50103,MONTRÉAL-SAINT-JEAN-BAPTISTE,Freon 11,1995-11-05T00:00,2.598,µg/m³,VOC,N/A
50103,MONTRÉAL-SAINT-JEAN-BAPTISTE,Freon 11,1995-11-11T00:00,2.987,µg/m³,VOC,N/A
50103,MONTRÉAL-SAINT-JEAN-BAPTISTE,Freon 11,1995-11-17T00:00,2.451,µg/m³,VOC,N/A
50103,MONTRÉAL-SAINT-JEAN-BAPTISTE,Freon 11,1995-11-23T00:00,2.544,µg/m³,VOC,N/A
50103,MONTRÉAL-SAINT-JEAN-BAPTISTE,Freon 11,1995-11-29T00:00,2.543,µg/m³,VOC,N/A
50103,MONTRÉAL-SAINT-JEAN-BAPTISTE,Freon 11,1995-12-05T00:00,2.482,µg/m³,VOC,N/A
50103,MONTRÉAL-SAINT-JEAN-BAPTISTE,Freon 11,1995-12-11T00:00,2.762,µg/m³,VOC,N/A
50103,MONTRÉAL-SAINT-JEAN-BAPTISTE,Freon 11,1995-12-17T00:00,2.566,µg/m³,VOC,N/A
50103,MONTRÉAL-SAINT-JEAN-BAPTISTE,Freon 11,1995-12-23T00:00,1.834,µg/m³,VOC,N/A
50103,MONTRÉAL-SAINT-JEAN-BAPTISTE,Freon 11,1995-12-29T00:00,2.072,µg/m³,VOC,N/A
