﻿NAPS_Site_ID,Station_Name,Pollutant,Date,Value,Units,Report_Type,Method
90121,EDMONTON EAST,A-Pinene,2015-12-31T19:00,0.085,µg/m³,VOC,N/A
90121,EDMONTON EAST,A-Pinene,2016-01-06T19:00,0.010,µg/m³,VOC,N/A
90121,EDMONTON EAST,A-Pinene,2016-01-12T19:00,0.359,µg/m³,VOC,N/A
90121,EDMONTON EAST,A-Pinene,2016-01-18T19:00,0.094,µg/m³,VOC,N/A
90121,EDMONTON EAST,A-Pinene,2016-01-24T19:00,1.174,µg/m³,VOC,N/A
90121,EDMONTON EAST,A-Pinene,2016-01-30T19:00,0.640,µg/m³,VOC,N/A
90121,EDMONTON EAST,A-Pinene,2016-02-05T19:00,0.039,µg/m³,VOC,N/A
90121,EDMONTON EAST,A-Pinene,2016-02-11T19:00,0.002,µg/m³,VOC,N/A
90121,EDMONTON EAST,A-Pinene,2016-02-17T19:00,0.024,µg/m³,VOC,N/A
90121,EDMONTON EAST,A-Pinene,2016-02-23T19:00,0.227,µg/m³,VOC,N/A
90121,EDMONTON EAST,A-Pinene,2016-02-29T19:00,0.614,µg/m³,VOC,N/A
90121,EDMONTON EAST,A-Pinene,2016-03-06T19:00,0.051,µg/m³,VOC,N/A
90121,EDMONTON EAST,A-Pinene,2016-03-12T19:00,0.031,µg/m³,VOC,N/A
90121,EDMONTON EAST,A-Pinene,2016-03-18T20:00,0.006,µg/m³,VOC,N/A
90121,EDMONTON EAST,A-Pinene,2016-03-24T20:00,0.274,µg/m³,VOC,N/A
90121,EDMONTON EAST,A-Pinene,2016-03-30T20:00,0.038,µg/m³,VOC,N/A
90121,EDMONTON EAST,A-Pinene,2016-04-05T20:00,0.081,µg/m³,VOC,N/A
90121,EDMONTON EAST,A-Pinene,2016-04-11T20:00,0.386,µg/m³,VOC,N/A
90121,EDMONTON EAST,A-Pinene,2016-04-17T20:00,0.057,µg/m³,VOC,N/A
90121,EDMONTON EAST,A-Pinene,2016-04-23T20:00,0.014,µg/m³,VOC,N/A
90121,EDMONTON EAST,A-Pinene,2016-04-29T20:00,0.365,µg/m³,VOC,N/A
90121,EDMONTON EAST,A-Pinene,2016-05-05T20:00,0.678,µg/m³,VOC,N/A
90121,EDMONTON EAST,A-Pinene,2016-05-17T20:00,0.967,µg/m³,VOC,N/A
90121,EDMONTON EAST,A-Pinene,2016-05-23T20:00,0.127,µg/m³,VOC,N/A
90121,EDMONTON EAST,A-Pinene,2016-05-29T20:00,0.043,µg/m³,VOC,N/A
90121,EDMONTON EAST,A-Pinene,2016-06-04T20:00,0.281,µg/m³,VOC,N/A
90121,EDMONTON EAST,A-Pinene,2016-06-10T20:00,0.090,µg/m³,VOC,N/A
90121,EDMONTON EAST,A-Pinene,2016-06-16T20:00,0.189,µg/m³,VOC,N/A
90121,EDMONTON EAST,A-Pinene,2016-06-22T20:00,0.200,µg/m³,VOC,N/A
90121,EDMONTON EAST,A-Pinene,2016-06-28T20:00,0.892,µg/m³,VOC,N/A
90121,EDMONTON EAST,A-Pinene,2016-07-04T20:00,0.160,µg/m³,VOC,N/A
90121,EDMONTON EAST,A-Pinene,2016-07-10T20:00,0.203,µg/m³,VOC,N/A
90121,EDMONTON EAST,A-Pinene,2016-07-16T20:00,0.178,µg/m³,VOC,N/A
90121,EDMONTON EAST,A-Pinene,2016-07-22T20:00,0.186,µg/m³,VOC,N/A
90121,EDMONTON EAST,A-Pinene,2016-07-28T20:00,0.507,µg/m³,VOC,N/A
90121,EDMONTON EAST,A-Pinene,2016-08-03T20:00,0.252,µg/m³,VOC,N/A
90121,EDMONTON EAST,A-Pinene,2016-08-09T20:00,0.356,µg/m³,VOC,N/A
90121,EDMONTON EAST,A-Pinene,2016-08-15T20:00,0.895,µg/m³,VOC,N/A
90121,EDMONTON EAST,A-Pinene,2016-08-21T20:00,0.238,µg/m³,VOC,N/A
90121,EDMONTON EAST,A-Pinene,2016-08-27T20:00,0.084,µg/m³,VOC,N/A
90121,EDMONTON EAST,A-Pinene,2016-09-02T20:00,0.076,µg/m³,VOC,N/A
90121,EDMONTON EAST,A-Pinene,2016-09-08T20:00,0.108,µg/m³,VOC,N/A
90121,EDMONTON EAST,A-Pinene,2016-09-14T20:00,0.104,µg/m³,VOC,N/A
90121,EDMONTON EAST,A-Pinene,2016-09-20T20:00,0.309,µg/m³,VOC,N/A
90121,EDMONTON EAST,A-Pinene,2016-09-26T20:00,0.169,µg/m³,VOC,N/A
90121,EDMONTON EAST,A-Pinene,2016-10-08T20:00,0.018,µg/m³,VOC,N/A
90121,EDMONTON EAST,A-Pinene,2016-10-14T20:00,0.038,µg/m³,VOC,N/A
90121,EDMONTON EAST,A-Pinene,2016-10-20T20:00,0.181,µg/m³,VOC,N/A
90121,EDMONTON EAST,A-Pinene,2016-10-26T20:00,0.045,µg/m³,VOC,N/A
90121,EDMONTON EAST,A-Pinene,2016-11-01T20:00,0.149,µg/m³,VOC,N/A
90121,EDMONTON EAST,A-Pinene,2016-11-07T19:00,1.077,µg/m³,VOC,N/A
90121,EDMONTON EAST,A-Pinene,2016-11-13T19:00,0.240,µg/m³,VOC,N/A
90121,EDMONTON EAST,A-Pinene,2016-11-19T19:00,0.006,µg/m³,VOC,N/A
90121,EDMONTON EAST,A-Pinene,2016-11-25T19:00,0.060,µg/m³,VOC,N/A
90121,EDMONTON EAST,A-Pinene,2016-12-01T19:00,0.158,µg/m³,VOC,N/A
90121,EDMONTON EAST,A-Pinene,2016-12-07T19:00,0.012,µg/m³,VOC,N/A
90121,EDMONTON EAST,A-Pinene,2016-12-13T19:00,0.258,µg/m³,VOC,N/A
90121,EDMONTON EAST,A-Pinene,2016-12-19T19:00,0.701,µg/m³,VOC,N/A
90121,EDMONTON EAST,A-Pinene,2016-12-25T19:00,0.146,µg/m³,VOC,N/A
