﻿NAPS_Site_ID,Station_Name,Pollutant,Date,Value,Units,Report_Type,Method
100133,BURMOUNT,Ethane,2016-12-31T19:00,2.684,µg/m³,VOC,N/A
100133,BURMOUNT,Ethane,2017-01-06T19:00,5.219,µg/m³,VOC,N/A
100133,BURMOUNT,Ethane,2017-01-12T19:00,4.888,µg/m³,VOC,N/A
100133,BURMOUNT,Ethane,2017-01-18T19:00,2.417,µg/m³,VOC,N/A
100133,BURMOUNT,Ethane,2017-01-24T19:00,5.031,µg/m³,VOC,N/A
100133,BURMOUNT,Ethane,2017-01-30T19:00,3.013,µg/m³,VOC,N/A
100133,BURMOUNT,Ethane,2017-02-05T19:00,3.323,µg/m³,VOC,N/A
100133,BURMOUNT,Ethane,2017-02-11T19:00,4.257,µg/m³,VOC,N/A
100133,BURMOUNT,Ethane,2017-02-17T19:00,6.258,µg/m³,VOC,N/A
100133,BURMOUNT,Ethane,2017-02-23T19:00,3.886,µg/m³,VOC,N/A
100133,BURMOUNT,Ethane,2017-03-01T19:00,3.029,µg/m³,VOC,N/A
100133,BURMOUNT,Ethane,2017-03-07T19:00,3.193,µg/m³,VOC,N/A
100133,BURMOUNT,Ethane,2017-03-13T20:00,2.559,µg/m³,VOC,N/A
100133,BURMOUNT,Ethane,2017-03-19T20:00,3.597,µg/m³,VOC,N/A
100133,BURMOUNT,Ethane,2017-03-25T20:00,2.347,µg/m³,VOC,N/A
100133,BURMOUNT,Ethane,2017-03-31T20:00,2.897,µg/m³,VOC,N/A
100133,BURMOUNT,Ethane,2017-04-06T20:00,2.854,µg/m³,VOC,N/A
100133,BURMOUNT,Ethane,2017-04-12T20:00,2.085,µg/m³,VOC,N/A
100133,BURMOUNT,Ethane,2017-04-18T20:00,2.561,µg/m³,VOC,N/A
100133,BURMOUNT,Ethane,2017-04-30T20:00,2.720,µg/m³,VOC,N/A
100133,BURMOUNT,Ethane,2017-05-06T20:00,2.148,µg/m³,VOC,N/A
100133,BURMOUNT,Ethane,2017-05-12T20:00,3.683,µg/m³,VOC,N/A
100133,BURMOUNT,Ethane,2017-05-24T20:00,2.901,µg/m³,VOC,N/A
100133,BURMOUNT,Ethane,2017-05-30T20:00,1.806,µg/m³,VOC,N/A
100133,BURMOUNT,Ethane,2017-06-05T20:00,3.935,µg/m³,VOC,N/A
100133,BURMOUNT,Ethane,2017-06-11T20:00,2.202,µg/m³,VOC,N/A
100133,BURMOUNT,Ethane,2017-06-17T20:00,1.736,µg/m³,VOC,N/A
100133,BURMOUNT,Ethane,2017-06-23T20:00,3.651,µg/m³,VOC,N/A
100133,BURMOUNT,Ethane,2017-06-29T20:00,3.030,µg/m³,VOC,N/A
100133,BURMOUNT,Ethane,2017-07-05T20:00,3.407,µg/m³,VOC,N/A
100133,BURMOUNT,Ethane,2017-07-23T20:00,2.590,µg/m³,VOC,N/A
100133,BURMOUNT,Ethane,2017-07-29T20:00,1.524,µg/m³,VOC,N/A
100133,BURMOUNT,Ethane,2017-08-04T20:00,2.939,µg/m³,VOC,N/A
100133,BURMOUNT,Ethane,2017-08-10T20:00,3.382,µg/m³,VOC,N/A
100133,BURMOUNT,Ethane,2017-08-16T20:00,1.554,µg/m³,VOC,N/A
100133,BURMOUNT,Ethane,2017-08-23T20:00,1.338,µg/m³,VOC,N/A
100133,BURMOUNT,Ethane,2017-08-28T20:00,2.798,µg/m³,VOC,N/A
100133,BURMOUNT,Ethane,2017-09-03T20:00,3.398,µg/m³,VOC,N/A
100133,BURMOUNT,Ethane,2017-09-09T20:00,1.414,µg/m³,VOC,N/A
100133,BURMOUNT,Ethane,2017-09-15T20:00,2.394,µg/m³,VOC,N/A
100133,BURMOUNT,Ethane,2017-09-21T20:00,2.517,µg/m³,VOC,N/A
100133,BURMOUNT,Ethane,2017-10-15T20:00,1.930,µg/m³,VOC,N/A
100133,BURMOUNT,Ethane,2017-10-21T20:00,2.470,µg/m³,VOC,N/A
100133,BURMOUNT,Ethane,2017-10-27T20:00,4.490,µg/m³,VOC,N/A
100133,BURMOUNT,Ethane,2017-11-02T20:00,4.758,µg/m³,VOC,N/A
100133,BURMOUNT,Ethane,2017-11-08T19:00,3.170,µg/m³,VOC,N/A
100133,BURMOUNT,Ethane,2017-11-14T19:00,1.944,µg/m³,VOC,N/A
100133,BURMOUNT,Ethane,2017-11-20T19:00,3.255,µg/m³,VOC,N/A
100133,BURMOUNT,Ethane,2017-11-26T19:00,2.637,µg/m³,VOC,N/A
100133,BURMOUNT,Ethane,2017-12-02T19:00,3.228,µg/m³,VOC,N/A
100133,BURMOUNT,Ethane,2017-12-08T19:00,9.268,µg/m³,VOC,N/A
100133,BURMOUNT,Ethane,2017-12-14T19:00,5.234,µg/m³,VOC,N/A
100133,BURMOUNT,Ethane,2017-12-20T19:00,3.193,µg/m³,VOC,N/A
100133,BURMOUNT,Ethane,2017-12-26T19:00,6.834,µg/m³,VOC,N/A
