﻿NAPS_Site_ID,Station_Name,Pollutant,Date,Value,Units,Report_Type,Method
54501,L'ASSOMPTION,"cis-1,3-Dimethylcyclohexane",1999-01-12T00:00,0.051,µg/m³,VOC,
54501,L'ASSOMPTION,"cis-1,3-Dimethylcyclohexane",1999-01-15T00:00,0.043,µg/m³,VOC,
54501,L'ASSOMPTION,"cis-1,3-Dimethylcyclohexane",1999-01-18T00:00,0.038,µg/m³,VOC,
54501,L'ASSOMPTION,"cis-1,3-Dimethylcyclohexane",1999-01-21T00:00,0.028,µg/m³,VOC,
54501,L'ASSOMPTION,"cis-1,3-Dimethylcyclohexane",1999-01-24T00:00,0.037,µg/m³,VOC,
54501,L'ASSOMPTION,"cis-1,3-Dimethylcyclohexane",1999-01-27T00:00,0.019,µg/m³,VOC,
54501,L'ASSOMPTION,"cis-1,3-Dimethylcyclohexane",1999-01-30T00:00,0.027,µg/m³,VOC,
54501,L'ASSOMPTION,"cis-1,3-Dimethylcyclohexane",1999-02-02T00:00,0.048,µg/m³,VOC,
54501,L'ASSOMPTION,"cis-1,3-Dimethylcyclohexane",1999-02-05T00:00,0.023,µg/m³,VOC,
54501,L'ASSOMPTION,"cis-1,3-Dimethylcyclohexane",1999-02-08T00:00,0.032,µg/m³,VOC,
54501,L'ASSOMPTION,"cis-1,3-Dimethylcyclohexane",1999-02-11T00:00,0.049,µg/m³,VOC,
54501,L'ASSOMPTION,"cis-1,3-Dimethylcyclohexane",1999-02-14T00:00,0.037,µg/m³,VOC,
54501,L'ASSOMPTION,"cis-1,3-Dimethylcyclohexane",1999-02-17T00:00,0.058,µg/m³,VOC,
54501,L'ASSOMPTION,"cis-1,3-Dimethylcyclohexane",1999-02-20T00:00,0.016,µg/m³,VOC,
54501,L'ASSOMPTION,"cis-1,3-Dimethylcyclohexane",1999-02-23T00:00,0.015,µg/m³,VOC,
54501,L'ASSOMPTION,"cis-1,3-Dimethylcyclohexane",1999-02-26T00:00,0.018,µg/m³,VOC,
54501,L'ASSOMPTION,"cis-1,3-Dimethylcyclohexane",1999-03-01T00:00,0.024,µg/m³,VOC,
54501,L'ASSOMPTION,"cis-1,3-Dimethylcyclohexane",1999-03-04T00:00,0.036,µg/m³,VOC,
54501,L'ASSOMPTION,"cis-1,3-Dimethylcyclohexane",1999-03-07T00:00,0.011,µg/m³,VOC,
54501,L'ASSOMPTION,"cis-1,3-Dimethylcyclohexane",1999-03-10T00:00,0.021,µg/m³,VOC,
54501,L'ASSOMPTION,"cis-1,3-Dimethylcyclohexane",1999-03-13T00:00,0.017,µg/m³,VOC,
54501,L'ASSOMPTION,"cis-1,3-Dimethylcyclohexane",1999-03-16T00:00,0.000,µg/m³,VOC,
54501,L'ASSOMPTION,"cis-1,3-Dimethylcyclohexane",1999-03-19T00:00,0.044,µg/m³,VOC,
54501,L'ASSOMPTION,"cis-1,3-Dimethylcyclohexane",1999-03-22T00:00,0.018,µg/m³,VOC,
54501,L'ASSOMPTION,"cis-1,3-Dimethylcyclohexane",1999-03-25T00:00,0.000,µg/m³,VOC,
54501,L'ASSOMPTION,"cis-1,3-Dimethylcyclohexane",1999-03-28T00:00,0.018,µg/m³,VOC,
54501,L'ASSOMPTION,"cis-1,3-Dimethylcyclohexane",1999-03-31T00:00,0.000,µg/m³,VOC,
54501,L'ASSOMPTION,"cis-1,3-Dimethylcyclohexane",1999-04-03T00:00,0.021,µg/m³,VOC,
54501,L'ASSOMPTION,"cis-1,3-Dimethylcyclohexane",1999-04-06T00:00,0.018,µg/m³,VOC,
54501,L'ASSOMPTION,"cis-1,3-Dimethylcyclohexane",1999-04-09T00:00,0.000,µg/m³,VOC,
54501,L'ASSOMPTION,"cis-1,3-Dimethylcyclohexane",1999-04-12T00:00,0.000,µg/m³,VOC,
54501,L'ASSOMPTION,"cis-1,3-Dimethylcyclohexane",1999-04-15T00:00,0.000,µg/m³,VOC,
54501,L'ASSOMPTION,"cis-1,3-Dimethylcyclohexane",1999-04-18T00:00,0.000,µg/m³,VOC,
54501,L'ASSOMPTION,"cis-1,3-Dimethylcyclohexane",1999-04-21T00:00,0.045,µg/m³,VOC,
54501,L'ASSOMPTION,"cis-1,3-Dimethylcyclohexane",1999-04-24T00:00,0.000,µg/m³,VOC,
54501,L'ASSOMPTION,"cis-1,3-Dimethylcyclohexane",1999-04-27T00:00,0.000,µg/m³,VOC,
54501,L'ASSOMPTION,"cis-1,3-Dimethylcyclohexane",1999-04-30T00:00,0.000,µg/m³,VOC,
54501,L'ASSOMPTION,"cis-1,3-Dimethylcyclohexane",1999-05-03T00:00,0.043,µg/m³,VOC,
54501,L'ASSOMPTION,"cis-1,3-Dimethylcyclohexane",1999-05-06T00:00,0.000,µg/m³,VOC,
54501,L'ASSOMPTION,"cis-1,3-Dimethylcyclohexane",1999-05-09T00:00,0.017,µg/m³,VOC,
54501,L'ASSOMPTION,"cis-1,3-Dimethylcyclohexane",1999-05-12T00:00,0.000,µg/m³,VOC,
54501,L'ASSOMPTION,"cis-1,3-Dimethylcyclohexane",1999-05-15T00:00,0.000,µg/m³,VOC,
54501,L'ASSOMPTION,"cis-1,3-Dimethylcyclohexane",1999-05-18T00:00,0.032,µg/m³,VOC,
54501,L'ASSOMPTION,"cis-1,3-Dimethylcyclohexane",1999-05-21T00:00,0.019,µg/m³,VOC,
54501,L'ASSOMPTION,"cis-1,3-Dimethylcyclohexane",1999-05-24T00:00,0.024,µg/m³,VOC,
54501,L'ASSOMPTION,"cis-1,3-Dimethylcyclohexane",1999-05-27T00:00,0.000,µg/m³,VOC,
54501,L'ASSOMPTION,"cis-1,3-Dimethylcyclohexane",1999-05-30T00:00,0.000,µg/m³,VOC,
54501,L'ASSOMPTION,"cis-1,3-Dimethylcyclohexane",1999-06-02T00:00,0.024,µg/m³,VOC,
54501,L'ASSOMPTION,"cis-1,3-Dimethylcyclohexane",1999-06-05T00:00,0.059,µg/m³,VOC,
54501,L'ASSOMPTION,"cis-1,3-Dimethylcyclohexane",1999-06-08T00:00,0.000,µg/m³,VOC,
54501,L'ASSOMPTION,"cis-1,3-Dimethylcyclohexane",1999-06-11T00:00,0.044,µg/m³,VOC,
54501,L'ASSOMPTION,"cis-1,3-Dimethylcyclohexane",1999-06-14T00:00,0.033,µg/m³,VOC,
54501,L'ASSOMPTION,"cis-1,3-Dimethylcyclohexane",1999-06-17T00:00,0.000,µg/m³,VOC,
54501,L'ASSOMPTION,"cis-1,3-Dimethylcyclohexane",1999-06-20T00:00,0.000,µg/m³,VOC,
54501,L'ASSOMPTION,"cis-1,3-Dimethylcyclohexane",1999-06-23T00:00,0.028,µg/m³,VOC,
54501,L'ASSOMPTION,"cis-1,3-Dimethylcyclohexane",1999-06-26T00:00,0.000,µg/m³,VOC,
54501,L'ASSOMPTION,"cis-1,3-Dimethylcyclohexane",1999-06-29T00:00,0.044,µg/m³,VOC,
54501,L'ASSOMPTION,"cis-1,3-Dimethylcyclohexane",1999-07-02T00:00,0.000,µg/m³,VOC,
54501,L'ASSOMPTION,"cis-1,3-Dimethylcyclohexane",1999-07-05T00:00,0.000,µg/m³,VOC,
54501,L'ASSOMPTION,"cis-1,3-Dimethylcyclohexane",1999-07-08T00:00,0.000,µg/m³,VOC,
54501,L'ASSOMPTION,"cis-1,3-Dimethylcyclohexane",1999-07-11T00:00,0.000,µg/m³,VOC,
54501,L'ASSOMPTION,"cis-1,3-Dimethylcyclohexane",1999-07-14T00:00,0.000,µg/m³,VOC,
54501,L'ASSOMPTION,"cis-1,3-Dimethylcyclohexane",1999-07-17T00:00,0.000,µg/m³,VOC,
54501,L'ASSOMPTION,"cis-1,3-Dimethylcyclohexane",1999-07-20T00:00,0.000,µg/m³,VOC,
54501,L'ASSOMPTION,"cis-1,3-Dimethylcyclohexane",1999-07-23T00:00,0.000,µg/m³,VOC,
54501,L'ASSOMPTION,"cis-1,3-Dimethylcyclohexane",1999-07-26T00:00,0.000,µg/m³,VOC,
54501,L'ASSOMPTION,"cis-1,3-Dimethylcyclohexane",1999-07-29T00:00,0.036,µg/m³,VOC,
54501,L'ASSOMPTION,"cis-1,3-Dimethylcyclohexane",1999-08-01T00:00,0.000,µg/m³,VOC,
54501,L'ASSOMPTION,"cis-1,3-Dimethylcyclohexane",1999-08-04T00:00,0.029,µg/m³,VOC,
54501,L'ASSOMPTION,"cis-1,3-Dimethylcyclohexane",1999-08-07T00:00,0.000,µg/m³,VOC,
54501,L'ASSOMPTION,"cis-1,3-Dimethylcyclohexane",1999-09-03T00:00,0.012,µg/m³,VOC,
54501,L'ASSOMPTION,"cis-1,3-Dimethylcyclohexane",1999-09-06T00:00,0.018,µg/m³,VOC,
54501,L'ASSOMPTION,"cis-1,3-Dimethylcyclohexane",1999-09-09T00:00,0.035,µg/m³,VOC,
54501,L'ASSOMPTION,"cis-1,3-Dimethylcyclohexane",1999-09-12T00:00,0.013,µg/m³,VOC,
54501,L'ASSOMPTION,"cis-1,3-Dimethylcyclohexane",1999-09-21T00:00,0.014,µg/m³,VOC,
54501,L'ASSOMPTION,"cis-1,3-Dimethylcyclohexane",1999-09-24T00:00,0.020,µg/m³,VOC,
54501,L'ASSOMPTION,"cis-1,3-Dimethylcyclohexane",1999-09-27T00:00,0.026,µg/m³,VOC,
54501,L'ASSOMPTION,"cis-1,3-Dimethylcyclohexane",1999-09-30T00:00,0.016,µg/m³,VOC,
54501,L'ASSOMPTION,"cis-1,3-Dimethylcyclohexane",1999-10-03T00:00,0.018,µg/m³,VOC,
54501,L'ASSOMPTION,"cis-1,3-Dimethylcyclohexane",1999-10-06T00:00,0.020,µg/m³,VOC,
54501,L'ASSOMPTION,"cis-1,3-Dimethylcyclohexane",1999-10-09T00:00,0.033,µg/m³,VOC,
54501,L'ASSOMPTION,"cis-1,3-Dimethylcyclohexane",1999-10-12T00:00,0.017,µg/m³,VOC,
54501,L'ASSOMPTION,"cis-1,3-Dimethylcyclohexane",1999-10-15T00:00,0.757,µg/m³,VOC,
54501,L'ASSOMPTION,"cis-1,3-Dimethylcyclohexane",1999-10-18T00:00,0.035,µg/m³,VOC,
54501,L'ASSOMPTION,"cis-1,3-Dimethylcyclohexane",1999-10-21T00:00,0.036,µg/m³,VOC,
54501,L'ASSOMPTION,"cis-1,3-Dimethylcyclohexane",1999-10-24T00:00,0.018,µg/m³,VOC,
54501,L'ASSOMPTION,"cis-1,3-Dimethylcyclohexane",1999-10-27T00:00,0.060,µg/m³,VOC,
54501,L'ASSOMPTION,"cis-1,3-Dimethylcyclohexane",1999-10-30T00:00,0.054,µg/m³,VOC,
54501,L'ASSOMPTION,"cis-1,3-Dimethylcyclohexane",1999-11-02T00:00,0.056,µg/m³,VOC,
54501,L'ASSOMPTION,"cis-1,3-Dimethylcyclohexane",1999-11-05T00:00,0.102,µg/m³,VOC,
54501,L'ASSOMPTION,"cis-1,3-Dimethylcyclohexane",1999-11-08T00:00,0.015,µg/m³,VOC,
54501,L'ASSOMPTION,"cis-1,3-Dimethylcyclohexane",1999-11-11T00:00,0.016,µg/m³,VOC,
54501,L'ASSOMPTION,"cis-1,3-Dimethylcyclohexane",1999-11-17T00:00,0.031,µg/m³,VOC,
54501,L'ASSOMPTION,"cis-1,3-Dimethylcyclohexane",1999-11-20T00:00,0.075,µg/m³,VOC,
54501,L'ASSOMPTION,"cis-1,3-Dimethylcyclohexane",1999-11-23T00:00,0.022,µg/m³,VOC,
54501,L'ASSOMPTION,"cis-1,3-Dimethylcyclohexane",1999-11-26T00:00,0.016,µg/m³,VOC,
54501,L'ASSOMPTION,"cis-1,3-Dimethylcyclohexane",1999-11-29T00:00,0.014,µg/m³,VOC,
54501,L'ASSOMPTION,"cis-1,3-Dimethylcyclohexane",1999-12-02T00:00,0.052,µg/m³,VOC,
54501,L'ASSOMPTION,"cis-1,3-Dimethylcyclohexane",1999-12-05T00:00,0.052,µg/m³,VOC,
54501,L'ASSOMPTION,"cis-1,3-Dimethylcyclohexane",1999-12-08T00:00,0.017,µg/m³,VOC,
54501,L'ASSOMPTION,"cis-1,3-Dimethylcyclohexane",1999-12-11T00:00,0.017,µg/m³,VOC,
54501,L'ASSOMPTION,"cis-1,3-Dimethylcyclohexane",1999-12-14T00:00,0.024,µg/m³,VOC,
54501,L'ASSOMPTION,"cis-1,3-Dimethylcyclohexane",1999-12-17T00:00,0.019,µg/m³,VOC,
54501,L'ASSOMPTION,"cis-1,3-Dimethylcyclohexane",1999-12-20T00:00,0.036,µg/m³,VOC,
54501,L'ASSOMPTION,"cis-1,3-Dimethylcyclohexane",1999-12-23T00:00,0.029,µg/m³,VOC,
54501,L'ASSOMPTION,"cis-1,3-Dimethylcyclohexane",1999-12-26T00:00,0.036,µg/m³,VOC,
54501,L'ASSOMPTION,"cis-1,3-Dimethylcyclohexane",1999-12-29T00:00,0.027,µg/m³,VOC,
