﻿NAPS_Site_ID,Station_Name,Pollutant,Date,Value,Units,Report_Type,Method
63201,HWY 47 & HWY 48 _YORK_REGION_,Camphene,2005-01-04T00:00,0.016,µg/m³,VOC,GC-MS
63201,HWY 47 & HWY 48 _YORK_REGION_,Camphene,2005-01-10T00:00,0.006,µg/m³,VOC,GC-MS
63201,HWY 47 & HWY 48 _YORK_REGION_,Camphene,2005-01-16T00:00,0.005,µg/m³,VOC,GC-MS
63201,HWY 47 & HWY 48 _YORK_REGION_,Camphene,2005-01-22T00:00,0.003,µg/m³,VOC,GC-MS
63201,HWY 47 & HWY 48 _YORK_REGION_,Camphene,2005-01-28T00:00,0.013,µg/m³,VOC,GC-MS
63201,HWY 47 & HWY 48 _YORK_REGION_,Camphene,2005-02-03T00:00,0.017,µg/m³,VOC,GC-MS
63201,HWY 47 & HWY 48 _YORK_REGION_,Camphene,2005-02-09T00:00,0.019,µg/m³,VOC,GC-MS
63201,HWY 47 & HWY 48 _YORK_REGION_,Camphene,2005-02-15T00:00,0.007,µg/m³,VOC,GC-MS
63201,HWY 47 & HWY 48 _YORK_REGION_,Camphene,2005-02-21T00:00,0.005,µg/m³,VOC,GC-MS
63201,HWY 47 & HWY 48 _YORK_REGION_,Camphene,2005-02-27T00:00,0.002,µg/m³,VOC,GC-MS
63201,HWY 47 & HWY 48 _YORK_REGION_,Camphene,2005-03-05T00:00,0.015,µg/m³,VOC,GC-MS
63201,HWY 47 & HWY 48 _YORK_REGION_,Camphene,2005-03-11T00:00,0.009,µg/m³,VOC,GC-MS
63201,HWY 47 & HWY 48 _YORK_REGION_,Camphene,2005-03-23T00:00,0.009,µg/m³,VOC,GC-MS
63201,HWY 47 & HWY 48 _YORK_REGION_,Camphene,2005-04-04T00:00,0.028,µg/m³,VOC,GC-MS
63201,HWY 47 & HWY 48 _YORK_REGION_,Camphene,2005-04-10T00:00,0.024,µg/m³,VOC,GC-MS
63201,HWY 47 & HWY 48 _YORK_REGION_,Camphene,2005-04-16T00:00,0.022,µg/m³,VOC,GC-MS
63201,HWY 47 & HWY 48 _YORK_REGION_,Camphene,2005-04-22T00:00,0.016,µg/m³,VOC,GC-MS
63201,HWY 47 & HWY 48 _YORK_REGION_,Camphene,2005-04-28T00:00,0.015,µg/m³,VOC,GC-MS
63201,HWY 47 & HWY 48 _YORK_REGION_,Camphene,2005-05-04T00:00,0.035,µg/m³,VOC,GC-MS
63201,HWY 47 & HWY 48 _YORK_REGION_,Camphene,2005-05-22T00:00,0.010,µg/m³,VOC,GC-MS
63201,HWY 47 & HWY 48 _YORK_REGION_,Camphene,2005-05-28T00:00,0.024,µg/m³,VOC,GC-MS
63201,HWY 47 & HWY 48 _YORK_REGION_,Camphene,2005-06-03T00:00,0.013,µg/m³,VOC,GC-MS
63201,HWY 47 & HWY 48 _YORK_REGION_,Camphene,2005-06-09T00:00,0.014,µg/m³,VOC,GC-MS
63201,HWY 47 & HWY 48 _YORK_REGION_,Camphene,2005-06-15T00:00,0.037,µg/m³,VOC,GC-MS
63201,HWY 47 & HWY 48 _YORK_REGION_,Camphene,2005-06-21T00:00,0.058,µg/m³,VOC,GC-MS
63201,HWY 47 & HWY 48 _YORK_REGION_,Camphene,2005-06-27T00:00,0.069,µg/m³,VOC,GC-MS
63201,HWY 47 & HWY 48 _YORK_REGION_,Camphene,2005-07-03T00:00,0.039,µg/m³,VOC,GC-MS
63201,HWY 47 & HWY 48 _YORK_REGION_,Camphene,2005-07-09T00:00,0.049,µg/m³,VOC,GC-MS
63201,HWY 47 & HWY 48 _YORK_REGION_,Camphene,2005-07-15T00:00,0.045,µg/m³,VOC,GC-MS
63201,HWY 47 & HWY 48 _YORK_REGION_,Camphene,2005-07-21T00:00,0.050,µg/m³,VOC,GC-MS
63201,HWY 47 & HWY 48 _YORK_REGION_,Camphene,2005-07-27T00:00,0.065,µg/m³,VOC,GC-MS
63201,HWY 47 & HWY 48 _YORK_REGION_,Camphene,2005-08-02T00:00,0.051,µg/m³,VOC,GC-MS
63201,HWY 47 & HWY 48 _YORK_REGION_,Camphene,2005-08-08T00:00,0.034,µg/m³,VOC,GC-MS
63201,HWY 47 & HWY 48 _YORK_REGION_,Camphene,2005-08-14T00:00,0.027,µg/m³,VOC,GC-MS
63201,HWY 47 & HWY 48 _YORK_REGION_,Camphene,2005-08-20T00:00,0.035,µg/m³,VOC,GC-MS
63201,HWY 47 & HWY 48 _YORK_REGION_,Camphene,2005-08-26T00:00,0.034,µg/m³,VOC,GC-MS
63201,HWY 47 & HWY 48 _YORK_REGION_,Camphene,2005-09-01T00:00,0.043,µg/m³,VOC,GC-MS
63201,HWY 47 & HWY 48 _YORK_REGION_,Camphene,2005-09-07T00:00,0.052,µg/m³,VOC,GC-MS
63201,HWY 47 & HWY 48 _YORK_REGION_,Camphene,2005-09-13T00:00,0.065,µg/m³,VOC,GC-MS
63201,HWY 47 & HWY 48 _YORK_REGION_,Camphene,2005-09-19T00:00,0.034,µg/m³,VOC,GC-MS
63201,HWY 47 & HWY 48 _YORK_REGION_,Camphene,2005-09-25T00:00,0.016,µg/m³,VOC,GC-MS
63201,HWY 47 & HWY 48 _YORK_REGION_,Camphene,2005-10-01T00:00,0.031,µg/m³,VOC,GC-MS
63201,HWY 47 & HWY 48 _YORK_REGION_,Camphene,2005-10-07T00:00,0.024,µg/m³,VOC,GC-MS
63201,HWY 47 & HWY 48 _YORK_REGION_,Camphene,2005-10-13T00:00,0.015,µg/m³,VOC,GC-MS
63201,HWY 47 & HWY 48 _YORK_REGION_,Camphene,2005-10-19T00:00,0.032,µg/m³,VOC,GC-MS
63201,HWY 47 & HWY 48 _YORK_REGION_,Camphene,2005-10-25T00:00,0.122,µg/m³,VOC,GC-MS
63201,HWY 47 & HWY 48 _YORK_REGION_,Camphene,2005-10-31T00:00,0.062,µg/m³,VOC,GC-MS
63201,HWY 47 & HWY 48 _YORK_REGION_,Camphene,2005-11-06T00:00,0.075,µg/m³,VOC,GC-MS
63201,HWY 47 & HWY 48 _YORK_REGION_,Camphene,2005-11-12T00:00,0.039,µg/m³,VOC,GC-MS
63201,HWY 47 & HWY 48 _YORK_REGION_,Camphene,2005-11-24T00:00,0.019,µg/m³,VOC,GC-MS
63201,HWY 47 & HWY 48 _YORK_REGION_,Camphene,2005-11-30T00:00,0.019,µg/m³,VOC,GC-MS
63201,HWY 47 & HWY 48 _YORK_REGION_,Camphene,2005-12-06T00:00,0.009,µg/m³,VOC,GC-MS
63201,HWY 47 & HWY 48 _YORK_REGION_,Camphene,2005-12-12T00:00,0.003,µg/m³,VOC,GC-MS
63201,HWY 47 & HWY 48 _YORK_REGION_,Camphene,2005-12-18T00:00,0.009,µg/m³,VOC,GC-MS
63201,HWY 47 & HWY 48 _YORK_REGION_,Camphene,2005-12-24T00:00,0.018,µg/m³,VOC,GC-MS
63201,HWY 47 & HWY 48 _YORK_REGION_,Camphene,2005-12-30T00:00,0.041,µg/m³,VOC,GC-MS
