﻿NAPS_Site_ID,Station_Name,Pollutant,Date,Value,Units,Report_Type,Method
60418,JUNCTION TRIANGLE,Hexanal,1992-01-01T00:00,0.118,µg/m³,VOC,GC-MS
60418,JUNCTION TRIANGLE,Hexanal,1992-01-19T00:00,0.000,µg/m³,VOC,GC-MS
60418,JUNCTION TRIANGLE,Hexanal,1992-01-25T00:00,0.000,µg/m³,VOC,GC-MS
60418,JUNCTION TRIANGLE,Hexanal,1992-01-31T00:00,0.098,µg/m³,VOC,GC-MS
60418,JUNCTION TRIANGLE,Hexanal,1992-02-06T00:00,0.171,µg/m³,VOC,GC-MS
60418,JUNCTION TRIANGLE,Hexanal,1992-02-12T00:00,0.000,µg/m³,VOC,GC-MS
60418,JUNCTION TRIANGLE,Hexanal,1992-02-18T00:00,0.000,µg/m³,VOC,GC-MS
60418,JUNCTION TRIANGLE,Hexanal,1992-02-24T00:00,0.000,µg/m³,VOC,GC-MS
60418,JUNCTION TRIANGLE,Hexanal,1992-03-01T00:00,0.000,µg/m³,VOC,GC-MS
60418,JUNCTION TRIANGLE,Hexanal,1992-03-13T00:00,0.000,µg/m³,VOC,GC-MS
60418,JUNCTION TRIANGLE,Hexanal,1992-03-19T00:00,0.000,µg/m³,VOC,GC-MS
60418,JUNCTION TRIANGLE,Hexanal,1992-03-25T00:00,1.016,µg/m³,VOC,GC-MS
60418,JUNCTION TRIANGLE,Hexanal,1992-04-06T00:00,0.693,µg/m³,VOC,GC-MS
60418,JUNCTION TRIANGLE,Hexanal,1992-04-12T00:00,0.438,µg/m³,VOC,GC-MS
60418,JUNCTION TRIANGLE,Hexanal,1992-04-18T00:00,0.000,µg/m³,VOC,GC-MS
60418,JUNCTION TRIANGLE,Hexanal,1992-04-24T00:00,0.606,µg/m³,VOC,GC-MS
60418,JUNCTION TRIANGLE,Hexanal,1992-04-30T00:00,1.191,µg/m³,VOC,GC-MS
60418,JUNCTION TRIANGLE,Hexanal,1992-05-06T00:00,1.169,µg/m³,VOC,GC-MS
60418,JUNCTION TRIANGLE,Hexanal,1992-05-12T00:00,0.268,µg/m³,VOC,GC-MS
60418,JUNCTION TRIANGLE,Hexanal,1992-05-18T00:00,0.123,µg/m³,VOC,GC-MS
60418,JUNCTION TRIANGLE,Hexanal,1992-05-24T00:00,0.000,µg/m³,VOC,GC-MS
60418,JUNCTION TRIANGLE,Hexanal,1992-05-30T00:00,0.212,µg/m³,VOC,GC-MS
60418,JUNCTION TRIANGLE,Hexanal,1992-06-05T00:00,0.134,µg/m³,VOC,GC-MS
60418,JUNCTION TRIANGLE,Hexanal,1992-06-11T00:00,0.360,µg/m³,VOC,GC-MS
60418,JUNCTION TRIANGLE,Hexanal,1992-06-17T00:00,0.317,µg/m³,VOC,GC-MS
60418,JUNCTION TRIANGLE,Hexanal,1992-06-23T00:00,0.162,µg/m³,VOC,GC-MS
60418,JUNCTION TRIANGLE,Hexanal,1992-06-29T00:00,0.258,µg/m³,VOC,GC-MS
60418,JUNCTION TRIANGLE,Hexanal,1992-07-05T00:00,0.174,µg/m³,VOC,GC-MS
60418,JUNCTION TRIANGLE,Hexanal,1992-07-17T00:00,0.247,µg/m³,VOC,GC-MS
60418,JUNCTION TRIANGLE,Hexanal,1992-07-23T00:00,0.278,µg/m³,VOC,GC-MS
60418,JUNCTION TRIANGLE,Hexanal,1992-07-29T00:00,0.095,µg/m³,VOC,GC-MS
60418,JUNCTION TRIANGLE,Hexanal,1992-08-04T00:00,0.127,µg/m³,VOC,GC-MS
60418,JUNCTION TRIANGLE,Hexanal,1992-08-10T00:00,0.308,µg/m³,VOC,GC-MS
60418,JUNCTION TRIANGLE,Hexanal,1992-08-22T00:00,0.228,µg/m³,VOC,GC-MS
60418,JUNCTION TRIANGLE,Hexanal,1992-09-03T00:00,0.198,µg/m³,VOC,GC-MS
60418,JUNCTION TRIANGLE,Hexanal,1992-09-09T00:00,0.266,µg/m³,VOC,GC-MS
60418,JUNCTION TRIANGLE,Hexanal,1992-09-15T00:00,0.293,µg/m³,VOC,GC-MS
60418,JUNCTION TRIANGLE,Hexanal,1992-09-21T00:00,0.000,µg/m³,VOC,GC-MS
60418,JUNCTION TRIANGLE,Hexanal,1992-11-02T00:00,0.176,µg/m³,VOC,GC-MS
60418,JUNCTION TRIANGLE,Hexanal,1992-11-08T00:00,0.141,µg/m³,VOC,GC-MS
60418,JUNCTION TRIANGLE,Hexanal,1992-11-14T00:00,0.310,µg/m³,VOC,GC-MS
60418,JUNCTION TRIANGLE,Hexanal,1992-11-20T00:00,0.103,µg/m³,VOC,GC-MS
60418,JUNCTION TRIANGLE,Hexanal,1992-11-26T00:00,0.158,µg/m³,VOC,GC-MS
60418,JUNCTION TRIANGLE,Hexanal,1992-12-02T00:00,0.000,µg/m³,VOC,GC-MS
60418,JUNCTION TRIANGLE,Hexanal,1992-12-08T00:00,0.117,µg/m³,VOC,GC-MS
