﻿NAPS_Site_ID,Station_Name,Pollutant,Date,Value,Units,Report_Type,Method
60418,JUNCTION TRIANGLE,Pyrene,1993-03-26T00:00,0.005,µg/m³,PAH,N/A
60418,JUNCTION TRIANGLE,Pyrene,1993-04-07T00:00,0.003,µg/m³,PAH,N/A
60418,JUNCTION TRIANGLE,Pyrene,1993-04-19T00:00,0.002,µg/m³,PAH,N/A
60418,JUNCTION TRIANGLE,Pyrene,1993-05-01T00:00,0.002,µg/m³,PAH,N/A
60418,JUNCTION TRIANGLE,Pyrene,1993-05-13T00:00,0.002,µg/m³,PAH,N/A
60418,JUNCTION TRIANGLE,Pyrene,1993-06-18T00:00,0.004,µg/m³,PAH,N/A
60418,JUNCTION TRIANGLE,Pyrene,1993-07-24T00:00,0.009,µg/m³,PAH,N/A
60418,JUNCTION TRIANGLE,Pyrene,1993-08-05T00:00,0.002,µg/m³,PAH,N/A
60418,JUNCTION TRIANGLE,Pyrene,1993-08-17T00:00,0.004,µg/m³,PAH,N/A
60418,JUNCTION TRIANGLE,Pyrene,1993-08-29T00:00,0.003,µg/m³,PAH,N/A
60418,JUNCTION TRIANGLE,Pyrene,1993-09-10T00:00,0.002,µg/m³,PAH,N/A
60418,JUNCTION TRIANGLE,Pyrene,1993-09-22T00:00,0.004,µg/m³,PAH,N/A
60418,JUNCTION TRIANGLE,Pyrene,1993-10-28T00:00,0.002,µg/m³,PAH,N/A
60418,JUNCTION TRIANGLE,Pyrene,1993-11-09T00:00,0.003,µg/m³,PAH,N/A
60418,JUNCTION TRIANGLE,Pyrene,1993-12-15T00:00,0.005,µg/m³,PAH,N/A
