﻿NAPS_Site_ID,Station_Name,Pollutant,Date,Value,Units,Report_Type,Method
60211,WINDSOR WEST,"2,2-Dimethylpropane",2011-01-03T00:00,0.017,µg/m³,VOC,N/A
60211,WINDSOR WEST,"2,2-Dimethylpropane",2011-01-09T00:00,0.019,µg/m³,VOC,N/A
60211,WINDSOR WEST,"2,2-Dimethylpropane",2011-01-15T00:00,0.021,µg/m³,VOC,N/A
60211,WINDSOR WEST,"2,2-Dimethylpropane",2011-01-21T00:00,0.020,µg/m³,VOC,N/A
60211,WINDSOR WEST,"2,2-Dimethylpropane",2011-01-27T00:00,0.020,µg/m³,VOC,N/A
60211,WINDSOR WEST,"2,2-Dimethylpropane",2011-02-02T00:00,0.018,µg/m³,VOC,N/A
60211,WINDSOR WEST,"2,2-Dimethylpropane",2011-02-14T00:00,0.019,µg/m³,VOC,N/A
60211,WINDSOR WEST,"2,2-Dimethylpropane",2011-02-20T00:00,0.015,µg/m³,VOC,N/A
60211,WINDSOR WEST,"2,2-Dimethylpropane",2011-02-26T00:00,0.026,µg/m³,VOC,N/A
60211,WINDSOR WEST,"2,2-Dimethylpropane",2011-03-04T00:00,0.017,µg/m³,VOC,N/A
60211,WINDSOR WEST,"2,2-Dimethylpropane",2011-03-10T00:00,0.020,µg/m³,VOC,N/A
60211,WINDSOR WEST,"2,2-Dimethylpropane",2011-03-16T00:00,0.037,µg/m³,VOC,N/A
60211,WINDSOR WEST,"2,2-Dimethylpropane",2011-03-22T00:00,0.013,µg/m³,VOC,N/A
60211,WINDSOR WEST,"2,2-Dimethylpropane",2011-03-28T00:00,0.019,µg/m³,VOC,N/A
