﻿NAPS_Site_ID,Station_Name,Pollutant,Date,Value,Units,Report_Type,Method
40801,CANTERBURY,Silicon,2009-05-12T20:00,0.024,µg/m³,PM2.5,N/A
40801,CANTERBURY,Silicon,2009-05-18T20:00,0.013,µg/m³,PM2.5,N/A
40801,CANTERBURY,Silicon,2009-05-24T20:00,0.005,µg/m³,PM2.5,N/A
40801,CANTERBURY,Silicon,2009-05-30T20:00,0.000,µg/m³,PM2.5,N/A
40801,CANTERBURY,Silicon,2009-06-05T20:00,0.030,µg/m³,PM2.5,N/A
40801,CANTERBURY,Silicon,2009-06-11T20:00,0.000,µg/m³,PM2.5,N/A
40801,CANTERBURY,Silicon,2009-06-17T20:00,0.014,µg/m³,PM2.5,N/A
40801,CANTERBURY,Silicon,2009-06-23T20:00,0.000,µg/m³,PM2.5,N/A
40801,CANTERBURY,Silicon,2009-06-29T20:00,0.000,µg/m³,PM2.5,N/A
40801,CANTERBURY,Silicon,2009-07-05T20:00,0.000,µg/m³,PM2.5,N/A
40801,CANTERBURY,Silicon,2009-07-11T20:00,0.000,µg/m³,PM2.5,N/A
40801,CANTERBURY,Silicon,2009-07-17T20:00,0.000,µg/m³,PM2.5,N/A
40801,CANTERBURY,Silicon,2009-07-23T20:00,0.000,µg/m³,PM2.5,N/A
40801,CANTERBURY,Silicon,2009-07-29T20:00,0.002,µg/m³,PM2.5,N/A
40801,CANTERBURY,Silicon,2009-08-04T20:00,0.000,µg/m³,PM2.5,N/A
40801,CANTERBURY,Silicon,2009-08-10T20:00,0.000,µg/m³,PM2.5,N/A
40801,CANTERBURY,Silicon,2009-08-16T20:00,0.005,µg/m³,PM2.5,N/A
40801,CANTERBURY,Silicon,2009-08-22T20:00,0.051,µg/m³,PM2.5,N/A
40801,CANTERBURY,Silicon,2009-08-28T20:00,0.026,µg/m³,PM2.5,N/A
40801,CANTERBURY,Silicon,2009-09-09T20:00,0.016,µg/m³,PM2.5,N/A
40801,CANTERBURY,Silicon,2009-09-15T20:00,0.000,µg/m³,PM2.5,N/A
40801,CANTERBURY,Silicon,2009-09-21T20:00,0.015,µg/m³,PM2.5,N/A
40801,CANTERBURY,Silicon,2009-09-27T20:00,0.000,µg/m³,PM2.5,N/A
40801,CANTERBURY,Silicon,2009-10-03T20:00,0.000,µg/m³,PM2.5,N/A
40801,CANTERBURY,Silicon,2009-10-09T20:00,0.000,µg/m³,PM2.5,N/A
40801,CANTERBURY,Silicon,2009-10-15T20:00,0.000,µg/m³,PM2.5,N/A
40801,CANTERBURY,Silicon,2009-10-21T20:00,0.000,µg/m³,PM2.5,N/A
40801,CANTERBURY,Silicon,2009-10-27T20:00,0.000,µg/m³,PM2.5,N/A
40801,CANTERBURY,Silicon,2009-11-02T19:00,0.000,µg/m³,PM2.5,N/A
40801,CANTERBURY,Silicon,2009-11-08T19:00,0.028,µg/m³,PM2.5,N/A
40801,CANTERBURY,Silicon,2009-11-14T19:00,0.000,µg/m³,PM2.5,N/A
40801,CANTERBURY,Silicon,2009-11-20T19:00,0.006,µg/m³,PM2.5,N/A
40801,CANTERBURY,Silicon,2009-11-26T19:00,0.078,µg/m³,PM2.5,N/A
40801,CANTERBURY,Silicon,2009-12-02T19:00,0.004,µg/m³,PM2.5,N/A
40801,CANTERBURY,Silicon,2009-12-08T19:00,0.000,µg/m³,PM2.5,N/A
40801,CANTERBURY,Silicon,2009-12-14T19:00,0.000,µg/m³,PM2.5,N/A
40801,CANTERBURY,Silicon,2009-12-20T19:00,0.000,µg/m³,PM2.5,N/A
40801,CANTERBURY,Silicon,2009-12-26T19:00,0.000,µg/m³,PM2.5,N/A
