﻿NAPS_Site_ID,Station_Name,Pollutant,Date,Value,Units,Report_Type,Method
70301,FLIN FLON,Zinc,2002-09-11T00:00,0.720,µg/m³,DICHOT,
70301,FLIN FLON,Zinc,2002-09-11T00:00,0.967,µg/m³,DICHOT,
70301,FLIN FLON,Zinc,2002-09-17T00:00,0.119,µg/m³,DICHOT,
70301,FLIN FLON,Zinc,2002-09-17T00:00,0.173,µg/m³,DICHOT,
70301,FLIN FLON,Zinc,2002-09-23T00:00,0.089,µg/m³,DICHOT,
70301,FLIN FLON,Zinc,2002-09-23T00:00,0.194,µg/m³,DICHOT,
70301,FLIN FLON,Zinc,2002-09-29T00:00,0.017,µg/m³,DICHOT,
70301,FLIN FLON,Zinc,2002-09-29T00:00,0.026,µg/m³,DICHOT,
70301,FLIN FLON,Zinc,2002-10-05T00:00,0.050,µg/m³,DICHOT,
70301,FLIN FLON,Zinc,2002-10-05T00:00,0.092,µg/m³,DICHOT,
70301,FLIN FLON,Zinc,2002-10-11T00:00,0.067,µg/m³,DICHOT,
70301,FLIN FLON,Zinc,2002-10-11T00:00,0.156,µg/m³,DICHOT,
