﻿NAPS_Site_ID,Station_Name,Pollutant,Date,Value,Units,Report_Type,Method
100127,SURREY EAST,Bromodichloromethane,2002-01-08T00:00,0.070,µg/m³,VOC,
100127,SURREY EAST,Bromodichloromethane,2002-02-19T00:00,0.040,µg/m³,VOC,
100127,SURREY EAST,Bromodichloromethane,2002-03-09T00:00,0.060,µg/m³,VOC,
100127,SURREY EAST,Bromodichloromethane,2002-04-08T00:00,0.055,µg/m³,VOC,
100127,SURREY EAST,Bromodichloromethane,2002-04-26T00:00,0.059,µg/m³,VOC,
100127,SURREY EAST,Bromodichloromethane,2002-05-14T00:00,0.034,µg/m³,VOC,
100127,SURREY EAST,Bromodichloromethane,2002-06-07T00:00,0.038,µg/m³,VOC,
100127,SURREY EAST,Bromodichloromethane,2002-06-25T00:00,0.048,µg/m³,VOC,
100127,SURREY EAST,Bromodichloromethane,2002-07-13T00:00,0.052,µg/m³,VOC,
100127,SURREY EAST,Bromodichloromethane,2002-07-31T00:00,0.044,µg/m³,VOC,
100127,SURREY EAST,Bromodichloromethane,2002-08-18T00:00,0.044,µg/m³,VOC,
100127,SURREY EAST,Bromodichloromethane,2002-09-17T00:00,0.045,µg/m³,VOC,
100127,SURREY EAST,Bromodichloromethane,2002-11-04T00:00,0.066,µg/m³,VOC,
100127,SURREY EAST,Bromodichloromethane,2002-11-28T00:00,0.161,µg/m³,VOC,
100127,SURREY EAST,Bromodichloromethane,2002-12-22T00:00,0.000,µg/m³,VOC,
