﻿NAPS_Site_ID,Station_Name,Pollutant,Date,Value,Units,Report_Type,Method
100137,BURNABY NORTH,Methylcyclohexane,2010-01-02T00:00,0.583,µg/m³,VOC,N/A
100137,BURNABY NORTH,Methylcyclohexane,2010-01-08T00:00,0.943,µg/m³,VOC,N/A
100137,BURNABY NORTH,Methylcyclohexane,2010-01-14T00:00,0.213,µg/m³,VOC,N/A
100137,BURNABY NORTH,Methylcyclohexane,2010-01-20T00:00,1.303,µg/m³,VOC,N/A
100137,BURNABY NORTH,Methylcyclohexane,2010-01-26T00:00,2.023,µg/m³,VOC,N/A
100137,BURNABY NORTH,Methylcyclohexane,2010-02-01T00:00,1.350,µg/m³,VOC,N/A
100137,BURNABY NORTH,Methylcyclohexane,2010-02-13T00:00,0.163,µg/m³,VOC,N/A
100137,BURNABY NORTH,Methylcyclohexane,2010-03-03T00:00,1.539,µg/m³,VOC,N/A
100137,BURNABY NORTH,Methylcyclohexane,2010-03-09T00:00,0.540,µg/m³,VOC,N/A
100137,BURNABY NORTH,Methylcyclohexane,2010-03-15T00:00,1.066,µg/m³,VOC,N/A
100137,BURNABY NORTH,Methylcyclohexane,2010-03-21T00:00,0.421,µg/m³,VOC,N/A
100137,BURNABY NORTH,Methylcyclohexane,2010-03-27T00:00,0.661,µg/m³,VOC,N/A
100137,BURNABY NORTH,Methylcyclohexane,2010-04-02T00:00,0.137,µg/m³,VOC,N/A
100137,BURNABY NORTH,Methylcyclohexane,2010-04-08T00:00,0.027,µg/m³,VOC,N/A
100137,BURNABY NORTH,Methylcyclohexane,2010-04-14T00:00,0.517,µg/m³,VOC,N/A
100137,BURNABY NORTH,Methylcyclohexane,2010-04-20T00:00,0.351,µg/m³,VOC,N/A
100137,BURNABY NORTH,Methylcyclohexane,2010-04-26T00:00,0.999,µg/m³,VOC,N/A
100137,BURNABY NORTH,Methylcyclohexane,2010-05-02T00:00,0.393,µg/m³,VOC,N/A
100137,BURNABY NORTH,Methylcyclohexane,2010-05-08T00:00,1.602,µg/m³,VOC,N/A
100137,BURNABY NORTH,Methylcyclohexane,2010-05-14T00:00,5.278,µg/m³,VOC,N/A
100137,BURNABY NORTH,Methylcyclohexane,2010-05-20T00:00,0.080,µg/m³,VOC,N/A
100137,BURNABY NORTH,Methylcyclohexane,2010-05-26T00:00,0.851,µg/m³,VOC,N/A
100137,BURNABY NORTH,Methylcyclohexane,2010-06-01T00:00,0.611,µg/m³,VOC,N/A
100137,BURNABY NORTH,Methylcyclohexane,2010-06-07T00:00,0.633,µg/m³,VOC,N/A
100137,BURNABY NORTH,Methylcyclohexane,2010-06-13T00:00,0.872,µg/m³,VOC,N/A
100137,BURNABY NORTH,Methylcyclohexane,2010-06-19T00:00,0.392,µg/m³,VOC,N/A
100137,BURNABY NORTH,Methylcyclohexane,2010-06-25T00:00,0.282,µg/m³,VOC,N/A
100137,BURNABY NORTH,Methylcyclohexane,2010-07-01T00:00,1.419,µg/m³,VOC,N/A
100137,BURNABY NORTH,Methylcyclohexane,2010-07-07T00:00,4.141,µg/m³,VOC,N/A
100137,BURNABY NORTH,Methylcyclohexane,2010-07-13T00:00,0.527,µg/m³,VOC,N/A
100137,BURNABY NORTH,Methylcyclohexane,2010-07-19T00:00,0.914,µg/m³,VOC,N/A
100137,BURNABY NORTH,Methylcyclohexane,2010-07-25T00:00,3.071,µg/m³,VOC,N/A
100137,BURNABY NORTH,Methylcyclohexane,2010-07-31T00:00,1.149,µg/m³,VOC,N/A
100137,BURNABY NORTH,Methylcyclohexane,2010-08-05T00:00,1.260,µg/m³,VOC,N/A
100137,BURNABY NORTH,Methylcyclohexane,2010-08-06T00:00,0.225,µg/m³,VOC,N/A
100137,BURNABY NORTH,Methylcyclohexane,2010-08-12T00:00,2.131,µg/m³,VOC,N/A
100137,BURNABY NORTH,Methylcyclohexane,2010-08-18T00:00,0.681,µg/m³,VOC,N/A
100137,BURNABY NORTH,Methylcyclohexane,2010-08-24T00:00,8.321,µg/m³,VOC,N/A
100137,BURNABY NORTH,Methylcyclohexane,2010-08-30T00:00,1.158,µg/m³,VOC,N/A
100137,BURNABY NORTH,Methylcyclohexane,2010-09-17T00:00,3.326,µg/m³,VOC,N/A
100137,BURNABY NORTH,Methylcyclohexane,2010-09-23T00:00,0.461,µg/m³,VOC,N/A
100137,BURNABY NORTH,Methylcyclohexane,2010-09-29T00:00,2.062,µg/m³,VOC,N/A
100137,BURNABY NORTH,Methylcyclohexane,2010-10-05T00:00,2.558,µg/m³,VOC,N/A
100137,BURNABY NORTH,Methylcyclohexane,2010-10-11T00:00,1.869,µg/m³,VOC,N/A
100137,BURNABY NORTH,Methylcyclohexane,2010-10-17T00:00,2.220,µg/m³,VOC,N/A
100137,BURNABY NORTH,Methylcyclohexane,2010-10-23T00:00,2.683,µg/m³,VOC,N/A
100137,BURNABY NORTH,Methylcyclohexane,2010-10-29T00:00,4.673,µg/m³,VOC,N/A
100137,BURNABY NORTH,Methylcyclohexane,2010-11-04T00:00,11.403,µg/m³,VOC,N/A
100137,BURNABY NORTH,Methylcyclohexane,2010-11-04T00:00,15.286,µg/m³,VOC,N/A
100137,BURNABY NORTH,Methylcyclohexane,2010-11-22T00:00,0.995,µg/m³,VOC,N/A
100137,BURNABY NORTH,Methylcyclohexane,2010-11-28T00:00,1.466,µg/m³,VOC,N/A
100137,BURNABY NORTH,Methylcyclohexane,2010-12-04T00:00,0.637,µg/m³,VOC,N/A
100137,BURNABY NORTH,Methylcyclohexane,2010-12-10T00:00,3.009,µg/m³,VOC,N/A
100137,BURNABY NORTH,Methylcyclohexane,2010-12-16T00:00,0.305,µg/m³,VOC,N/A
100137,BURNABY NORTH,Methylcyclohexane,2010-12-22T00:00,0.236,µg/m³,VOC,N/A
100137,BURNABY NORTH,Methylcyclohexane,2010-12-28T00:00,1.419,µg/m³,VOC,N/A
