﻿NAPS_Site_ID,Station_Name,Pollutant,Date,Value,Units,Report_Type,Method
50133,MONTRÉAL-CHENIER,"1,3,5-Trimethylbenzene",2011-01-03T00:00,0.020,µg/m³,VOC,N/A
50133,MONTRÉAL-CHENIER,"1,3,5-Trimethylbenzene",2011-01-09T00:00,0.001,µg/m³,VOC,N/A
50133,MONTRÉAL-CHENIER,"1,3,5-Trimethylbenzene",2011-01-15T00:00,0.100,µg/m³,VOC,N/A
50133,MONTRÉAL-CHENIER,"1,3,5-Trimethylbenzene",2011-01-21T00:00,0.038,µg/m³,VOC,N/A
50133,MONTRÉAL-CHENIER,"1,3,5-Trimethylbenzene",2011-01-27T00:00,0.064,µg/m³,VOC,N/A
50133,MONTRÉAL-CHENIER,"1,3,5-Trimethylbenzene",2011-02-02T00:00,0.025,µg/m³,VOC,N/A
50133,MONTRÉAL-CHENIER,"1,3,5-Trimethylbenzene",2011-02-08T00:00,0.048,µg/m³,VOC,N/A
50133,MONTRÉAL-CHENIER,"1,3,5-Trimethylbenzene",2011-02-14T00:00,0.143,µg/m³,VOC,N/A
50133,MONTRÉAL-CHENIER,"1,3,5-Trimethylbenzene",2011-02-20T00:00,0.010,µg/m³,VOC,N/A
50133,MONTRÉAL-CHENIER,"1,3,5-Trimethylbenzene",2011-02-26T00:00,0.024,µg/m³,VOC,N/A
50133,MONTRÉAL-CHENIER,"1,3,5-Trimethylbenzene",2011-03-04T00:00,0.057,µg/m³,VOC,N/A
50133,MONTRÉAL-CHENIER,"1,3,5-Trimethylbenzene",2011-03-10T00:00,0.042,µg/m³,VOC,N/A
50133,MONTRÉAL-CHENIER,"1,3,5-Trimethylbenzene",2011-03-16T00:00,0.053,µg/m³,VOC,N/A
50133,MONTRÉAL-CHENIER,"1,3,5-Trimethylbenzene",2011-03-22T00:00,0.045,µg/m³,VOC,N/A
50133,MONTRÉAL-CHENIER,"1,3,5-Trimethylbenzene",2011-03-28T00:00,0.019,µg/m³,VOC,N/A
50133,MONTRÉAL-CHENIER,"1,3,5-Trimethylbenzene",2011-04-03T00:00,0.010,µg/m³,VOC,N/A
50133,MONTRÉAL-CHENIER,"1,3,5-Trimethylbenzene",2011-04-09T00:00,0.044,µg/m³,VOC,N/A
50133,MONTRÉAL-CHENIER,"1,3,5-Trimethylbenzene",2011-04-15T00:00,0.014,µg/m³,VOC,N/A
50133,MONTRÉAL-CHENIER,"1,3,5-Trimethylbenzene",2011-04-21T00:00,0.037,µg/m³,VOC,N/A
50133,MONTRÉAL-CHENIER,"1,3,5-Trimethylbenzene",2011-04-27T00:00,0.140,µg/m³,VOC,N/A
50133,MONTRÉAL-CHENIER,"1,3,5-Trimethylbenzene",2011-05-03T00:00,0.095,µg/m³,VOC,N/A
50133,MONTRÉAL-CHENIER,"1,3,5-Trimethylbenzene",2011-05-09T00:00,0.053,µg/m³,VOC,N/A
50133,MONTRÉAL-CHENIER,"1,3,5-Trimethylbenzene",2011-05-15T00:00,0.040,µg/m³,VOC,N/A
50133,MONTRÉAL-CHENIER,"1,3,5-Trimethylbenzene",2011-05-21T00:00,0.098,µg/m³,VOC,N/A
50133,MONTRÉAL-CHENIER,"1,3,5-Trimethylbenzene",2011-05-27T00:00,0.045,µg/m³,VOC,N/A
50133,MONTRÉAL-CHENIER,"1,3,5-Trimethylbenzene",2011-06-02T00:00,0.021,µg/m³,VOC,N/A
50133,MONTRÉAL-CHENIER,"1,3,5-Trimethylbenzene",2011-06-08T00:00,0.066,µg/m³,VOC,N/A
50133,MONTRÉAL-CHENIER,"1,3,5-Trimethylbenzene",2011-06-14T00:00,0.070,µg/m³,VOC,N/A
50133,MONTRÉAL-CHENIER,"1,3,5-Trimethylbenzene",2011-06-20T00:00,0.175,µg/m³,VOC,N/A
50133,MONTRÉAL-CHENIER,"1,3,5-Trimethylbenzene",2011-06-26T00:00,0.105,µg/m³,VOC,N/A
50133,MONTRÉAL-CHENIER,"1,3,5-Trimethylbenzene",2011-07-02T00:00,0.078,µg/m³,VOC,N/A
50133,MONTRÉAL-CHENIER,"1,3,5-Trimethylbenzene",2011-07-08T00:00,0.155,µg/m³,VOC,N/A
50133,MONTRÉAL-CHENIER,"1,3,5-Trimethylbenzene",2011-07-14T00:00,0.118,µg/m³,VOC,N/A
50133,MONTRÉAL-CHENIER,"1,3,5-Trimethylbenzene",2011-07-20T00:00,0.100,µg/m³,VOC,N/A
50133,MONTRÉAL-CHENIER,"1,3,5-Trimethylbenzene",2011-07-26T00:00,0.058,µg/m³,VOC,N/A
50133,MONTRÉAL-CHENIER,"1,3,5-Trimethylbenzene",2011-08-01T00:00,0.069,µg/m³,VOC,N/A
50133,MONTRÉAL-CHENIER,"1,3,5-Trimethylbenzene",2011-08-07T00:00,0.066,µg/m³,VOC,N/A
50133,MONTRÉAL-CHENIER,"1,3,5-Trimethylbenzene",2011-08-13T00:00,0.062,µg/m³,VOC,N/A
50133,MONTRÉAL-CHENIER,"1,3,5-Trimethylbenzene",2011-08-19T00:00,0.083,µg/m³,VOC,N/A
50133,MONTRÉAL-CHENIER,"1,3,5-Trimethylbenzene",2011-08-25T00:00,0.059,µg/m³,VOC,N/A
50133,MONTRÉAL-CHENIER,"1,3,5-Trimethylbenzene",2011-08-31T00:00,0.109,µg/m³,VOC,N/A
50133,MONTRÉAL-CHENIER,"1,3,5-Trimethylbenzene",2011-09-06T00:00,0.123,µg/m³,VOC,N/A
50133,MONTRÉAL-CHENIER,"1,3,5-Trimethylbenzene",2011-09-13T00:00,0.093,µg/m³,VOC,N/A
50133,MONTRÉAL-CHENIER,"1,3,5-Trimethylbenzene",2011-09-18T00:00,0.397,µg/m³,VOC,N/A
50133,MONTRÉAL-CHENIER,"1,3,5-Trimethylbenzene",2011-09-24T00:00,0.068,µg/m³,VOC,N/A
50133,MONTRÉAL-CHENIER,"1,3,5-Trimethylbenzene",2011-09-30T00:00,0.045,µg/m³,VOC,N/A
50133,MONTRÉAL-CHENIER,"1,3,5-Trimethylbenzene",2011-10-06T00:00,0.124,µg/m³,VOC,N/A
50133,MONTRÉAL-CHENIER,"1,3,5-Trimethylbenzene",2011-10-12T00:00,0.100,µg/m³,VOC,N/A
50133,MONTRÉAL-CHENIER,"1,3,5-Trimethylbenzene",2011-10-18T00:00,0.074,µg/m³,VOC,N/A
50133,MONTRÉAL-CHENIER,"1,3,5-Trimethylbenzene",2011-10-30T00:00,0.040,µg/m³,VOC,N/A
50133,MONTRÉAL-CHENIER,"1,3,5-Trimethylbenzene",2011-11-05T00:00,0.112,µg/m³,VOC,N/A
50133,MONTRÉAL-CHENIER,"1,3,5-Trimethylbenzene",2011-11-11T00:00,0.038,µg/m³,VOC,N/A
50133,MONTRÉAL-CHENIER,"1,3,5-Trimethylbenzene",2011-11-17T00:00,0.056,µg/m³,VOC,N/A
50133,MONTRÉAL-CHENIER,"1,3,5-Trimethylbenzene",2011-11-23T00:00,0.058,µg/m³,VOC,N/A
50133,MONTRÉAL-CHENIER,"1,3,5-Trimethylbenzene",2011-11-29T00:00,0.122,µg/m³,VOC,N/A
50133,MONTRÉAL-CHENIER,"1,3,5-Trimethylbenzene",2011-12-05T00:00,0.116,µg/m³,VOC,N/A
50133,MONTRÉAL-CHENIER,"1,3,5-Trimethylbenzene",2011-12-11T00:00,0.040,µg/m³,VOC,N/A
50133,MONTRÉAL-CHENIER,"1,3,5-Trimethylbenzene",2011-12-17T00:00,0.024,µg/m³,VOC,N/A
50133,MONTRÉAL-CHENIER,"1,3,5-Trimethylbenzene",2011-12-23T00:00,0.095,µg/m³,VOC,N/A
