﻿NAPS_Site_ID,Station_Name,Pollutant,Date,Value,Units,Report_Type,Method
100137,BURNABY NORTH,Indane,2006-01-05T00:00,0.041,µg/m³,VOC,GC-MS
100137,BURNABY NORTH,Indane,2006-01-11T00:00,0.110,µg/m³,VOC,GC-MS
100137,BURNABY NORTH,Indane,2006-01-17T00:00,0.069,µg/m³,VOC,GC-MS
100137,BURNABY NORTH,Indane,2006-01-29T00:00,0.097,µg/m³,VOC,GC-MS
100137,BURNABY NORTH,Indane,2006-02-04T00:00,0.028,µg/m³,VOC,GC-MS
100137,BURNABY NORTH,Indane,2006-02-10T00:00,0.198,µg/m³,VOC,GC-MS
100137,BURNABY NORTH,Indane,2006-02-16T00:00,0.164,µg/m³,VOC,GC-MS
100137,BURNABY NORTH,Indane,2006-02-22T00:00,0.109,µg/m³,VOC,GC-MS
100137,BURNABY NORTH,Indane,2006-02-28T00:00,0.047,µg/m³,VOC,GC-MS
100137,BURNABY NORTH,Indane,2006-03-06T00:00,0.014,µg/m³,VOC,GC-MS
100137,BURNABY NORTH,Indane,2006-03-12T00:00,0.095,µg/m³,VOC,GC-MS
100137,BURNABY NORTH,Indane,2006-03-18T00:00,0.097,µg/m³,VOC,GC-MS
100137,BURNABY NORTH,Indane,2006-03-24T00:00,0.050,µg/m³,VOC,GC-MS
100137,BURNABY NORTH,Indane,2006-04-05T00:00,0.197,µg/m³,VOC,GC-MS
100137,BURNABY NORTH,Indane,2006-04-11T00:00,0.144,µg/m³,VOC,GC-MS
100137,BURNABY NORTH,Indane,2006-04-17T00:00,0.076,µg/m³,VOC,GC-MS
100137,BURNABY NORTH,Indane,2006-04-23T00:00,0.065,µg/m³,VOC,GC-MS
100137,BURNABY NORTH,Indane,2006-04-29T00:00,0.076,µg/m³,VOC,GC-MS
100137,BURNABY NORTH,Indane,2006-05-05T00:00,0.141,µg/m³,VOC,GC-MS
100137,BURNABY NORTH,Indane,2006-05-11T00:00,0.078,µg/m³,VOC,GC-MS
100137,BURNABY NORTH,Indane,2006-05-17T00:00,0.135,µg/m³,VOC,GC-MS
100137,BURNABY NORTH,Indane,2006-05-23T00:00,0.052,µg/m³,VOC,GC-MS
100137,BURNABY NORTH,Indane,2006-05-29T00:00,0.096,µg/m³,VOC,GC-MS
100137,BURNABY NORTH,Indane,2006-06-04T00:00,0.078,µg/m³,VOC,GC-MS
100137,BURNABY NORTH,Indane,2006-06-10T00:00,0.099,µg/m³,VOC,GC-MS
100137,BURNABY NORTH,Indane,2006-06-16T00:00,0.027,µg/m³,VOC,GC-MS
100137,BURNABY NORTH,Indane,2006-06-28T00:00,0.087,µg/m³,VOC,GC-MS
100137,BURNABY NORTH,Indane,2006-07-04T00:00,0.079,µg/m³,VOC,GC-MS
100137,BURNABY NORTH,Indane,2006-07-10T00:00,0.052,µg/m³,VOC,GC-MS
100137,BURNABY NORTH,Indane,2006-07-16T00:00,0.146,µg/m³,VOC,GC-MS
100137,BURNABY NORTH,Indane,2006-07-22T00:00,0.240,µg/m³,VOC,GC-MS
100137,BURNABY NORTH,Indane,2006-07-28T00:00,0.051,µg/m³,VOC,GC-MS
100137,BURNABY NORTH,Indane,2006-08-03T00:00,0.167,µg/m³,VOC,GC-MS
100137,BURNABY NORTH,Indane,2006-08-09T00:00,0.128,µg/m³,VOC,GC-MS
100137,BURNABY NORTH,Indane,2006-10-26T00:00,0.041,µg/m³,VOC,GC-MS
100137,BURNABY NORTH,Indane,2006-11-01T00:00,0.191,µg/m³,VOC,GC-MS
100137,BURNABY NORTH,Indane,2006-11-07T00:00,0.184,µg/m³,VOC,GC-MS
100137,BURNABY NORTH,Indane,2006-11-13T00:00,0.218,µg/m³,VOC,GC-MS
100137,BURNABY NORTH,Indane,2006-11-19T00:00,0.103,µg/m³,VOC,GC-MS
100137,BURNABY NORTH,Indane,2006-11-25T00:00,0.078,µg/m³,VOC,GC-MS
100137,BURNABY NORTH,Indane,2006-12-01T00:00,0.286,µg/m³,VOC,GC-MS
100137,BURNABY NORTH,Indane,2006-12-07T00:00,0.245,µg/m³,VOC,GC-MS
100137,BURNABY NORTH,Indane,2006-12-13T00:00,0.056,µg/m³,VOC,GC-MS
100137,BURNABY NORTH,Indane,2006-12-19T00:00,0.090,µg/m³,VOC,GC-MS
100137,BURNABY NORTH,Indane,2006-12-25T00:00,0.069,µg/m³,VOC,GC-MS
100137,BURNABY NORTH,Indane,2006-12-31T00:00,0.247,µg/m³,VOC,GC-MS
