﻿NAPS_Site_ID,Station_Name,Pollutant,Date,Value,Units,Report_Type,Method
50103,MONTRÉAL-SAINT-JEAN-BAPTISTE,Carbontetrachloride,2002-01-02T00:00,0.640,µg/m³,VOC,GC-MS
50103,MONTRÉAL-SAINT-JEAN-BAPTISTE,Carbontetrachloride,2002-01-14T00:00,0.650,µg/m³,VOC,GC-MS
50103,MONTRÉAL-SAINT-JEAN-BAPTISTE,Carbontetrachloride,2002-01-20T00:00,0.600,µg/m³,VOC,GC-MS
50103,MONTRÉAL-SAINT-JEAN-BAPTISTE,Carbontetrachloride,2002-01-26T00:00,0.530,µg/m³,VOC,GC-MS
50103,MONTRÉAL-SAINT-JEAN-BAPTISTE,Carbontetrachloride,2002-02-01T00:00,0.640,µg/m³,VOC,GC-MS
50103,MONTRÉAL-SAINT-JEAN-BAPTISTE,Carbontetrachloride,2002-02-07T00:00,0.650,µg/m³,VOC,GC-MS
50103,MONTRÉAL-SAINT-JEAN-BAPTISTE,Carbontetrachloride,2002-02-13T00:00,0.730,µg/m³,VOC,GC-MS
50103,MONTRÉAL-SAINT-JEAN-BAPTISTE,Carbontetrachloride,2002-02-19T00:00,0.710,µg/m³,VOC,GC-MS
50103,MONTRÉAL-SAINT-JEAN-BAPTISTE,Carbontetrachloride,2002-02-25T00:00,0.710,µg/m³,VOC,GC-MS
50103,MONTRÉAL-SAINT-JEAN-BAPTISTE,Carbontetrachloride,2002-03-03T00:00,0.720,µg/m³,VOC,GC-MS
50103,MONTRÉAL-SAINT-JEAN-BAPTISTE,Carbontetrachloride,2002-03-09T00:00,0.650,µg/m³,VOC,GC-MS
50103,MONTRÉAL-SAINT-JEAN-BAPTISTE,Carbontetrachloride,2002-03-15T00:00,0.640,µg/m³,VOC,GC-MS
50103,MONTRÉAL-SAINT-JEAN-BAPTISTE,Carbontetrachloride,2002-03-21T00:00,0.620,µg/m³,VOC,GC-MS
50103,MONTRÉAL-SAINT-JEAN-BAPTISTE,Carbontetrachloride,2002-04-02T00:00,0.650,µg/m³,VOC,GC-MS
50103,MONTRÉAL-SAINT-JEAN-BAPTISTE,Carbontetrachloride,2002-04-08T00:00,0.541,µg/m³,VOC,GC-MS
50103,MONTRÉAL-SAINT-JEAN-BAPTISTE,Carbontetrachloride,2002-04-14T00:00,0.660,µg/m³,VOC,GC-MS
50103,MONTRÉAL-SAINT-JEAN-BAPTISTE,Carbontetrachloride,2002-04-20T00:00,0.680,µg/m³,VOC,GC-MS
50103,MONTRÉAL-SAINT-JEAN-BAPTISTE,Carbontetrachloride,2002-04-26T00:00,0.666,µg/m³,VOC,GC-MS
50103,MONTRÉAL-SAINT-JEAN-BAPTISTE,Carbontetrachloride,2002-05-02T00:00,0.672,µg/m³,VOC,GC-MS
50103,MONTRÉAL-SAINT-JEAN-BAPTISTE,Carbontetrachloride,2002-06-19T00:00,0.596,µg/m³,VOC,GC-MS
50103,MONTRÉAL-SAINT-JEAN-BAPTISTE,Carbontetrachloride,2002-07-01T00:00,0.595,µg/m³,VOC,GC-MS
50103,MONTRÉAL-SAINT-JEAN-BAPTISTE,Carbontetrachloride,2002-07-07T00:00,0.606,µg/m³,VOC,GC-MS
50103,MONTRÉAL-SAINT-JEAN-BAPTISTE,Carbontetrachloride,2002-07-13T00:00,0.630,µg/m³,VOC,GC-MS
50103,MONTRÉAL-SAINT-JEAN-BAPTISTE,Carbontetrachloride,2002-07-25T00:00,0.716,µg/m³,VOC,GC-MS
50103,MONTRÉAL-SAINT-JEAN-BAPTISTE,Carbontetrachloride,2002-07-31T00:00,0.649,µg/m³,VOC,GC-MS
50103,MONTRÉAL-SAINT-JEAN-BAPTISTE,Carbontetrachloride,2002-08-06T00:00,0.663,µg/m³,VOC,GC-MS
50103,MONTRÉAL-SAINT-JEAN-BAPTISTE,Carbontetrachloride,2002-08-12T00:00,0.596,µg/m³,VOC,GC-MS
50103,MONTRÉAL-SAINT-JEAN-BAPTISTE,Carbontetrachloride,2002-08-18T00:00,0.607,µg/m³,VOC,GC-MS
50103,MONTRÉAL-SAINT-JEAN-BAPTISTE,Carbontetrachloride,2002-08-24T00:00,0.675,µg/m³,VOC,GC-MS
50103,MONTRÉAL-SAINT-JEAN-BAPTISTE,Carbontetrachloride,2002-08-30T00:00,0.596,µg/m³,VOC,GC-MS
50103,MONTRÉAL-SAINT-JEAN-BAPTISTE,Carbontetrachloride,2002-09-05T00:00,0.598,µg/m³,VOC,GC-MS
50103,MONTRÉAL-SAINT-JEAN-BAPTISTE,Carbontetrachloride,2002-09-11T00:00,0.628,µg/m³,VOC,GC-MS
50103,MONTRÉAL-SAINT-JEAN-BAPTISTE,Carbontetrachloride,2002-09-17T00:00,0.585,µg/m³,VOC,GC-MS
50103,MONTRÉAL-SAINT-JEAN-BAPTISTE,Carbontetrachloride,2002-09-23T00:00,0.604,µg/m³,VOC,GC-MS
50103,MONTRÉAL-SAINT-JEAN-BAPTISTE,Carbontetrachloride,2002-09-29T00:00,0.660,µg/m³,VOC,GC-MS
50103,MONTRÉAL-SAINT-JEAN-BAPTISTE,Carbontetrachloride,2002-10-05T00:00,0.581,µg/m³,VOC,GC-MS
50103,MONTRÉAL-SAINT-JEAN-BAPTISTE,Carbontetrachloride,2002-10-11T00:00,0.675,µg/m³,VOC,GC-MS
50103,MONTRÉAL-SAINT-JEAN-BAPTISTE,Carbontetrachloride,2002-10-17T00:00,0.571,µg/m³,VOC,GC-MS
50103,MONTRÉAL-SAINT-JEAN-BAPTISTE,Carbontetrachloride,2002-10-23T00:00,0.614,µg/m³,VOC,GC-MS
50103,MONTRÉAL-SAINT-JEAN-BAPTISTE,Carbontetrachloride,2002-10-29T00:00,0.702,µg/m³,VOC,GC-MS
50103,MONTRÉAL-SAINT-JEAN-BAPTISTE,Carbontetrachloride,2002-11-04T00:00,0.664,µg/m³,VOC,GC-MS
50103,MONTRÉAL-SAINT-JEAN-BAPTISTE,Carbontetrachloride,2002-11-10T00:00,0.736,µg/m³,VOC,GC-MS
50103,MONTRÉAL-SAINT-JEAN-BAPTISTE,Carbontetrachloride,2002-11-16T00:00,0.796,µg/m³,VOC,GC-MS
50103,MONTRÉAL-SAINT-JEAN-BAPTISTE,Carbontetrachloride,2002-11-22T00:00,0.721,µg/m³,VOC,GC-MS
50103,MONTRÉAL-SAINT-JEAN-BAPTISTE,Carbontetrachloride,2002-11-28T00:00,0.616,µg/m³,VOC,GC-MS
50103,MONTRÉAL-SAINT-JEAN-BAPTISTE,Carbontetrachloride,2002-12-04T00:00,0.567,µg/m³,VOC,GC-MS
50103,MONTRÉAL-SAINT-JEAN-BAPTISTE,Carbontetrachloride,2002-12-10T00:00,0.681,µg/m³,VOC,GC-MS
50103,MONTRÉAL-SAINT-JEAN-BAPTISTE,Carbontetrachloride,2002-12-16T00:00,0.469,µg/m³,VOC,GC-MS
50103,MONTRÉAL-SAINT-JEAN-BAPTISTE,Carbontetrachloride,2002-12-22T00:00,0.486,µg/m³,VOC,GC-MS
50103,MONTRÉAL-SAINT-JEAN-BAPTISTE,Carbontetrachloride,2002-12-28T00:00,0.516,µg/m³,VOC,GC-MS
