﻿NAPS_Site_ID,Station_Name,Pollutant,Date,Value,Units,Report_Type,Method
60211,WINDSOR WEST,2-Methyl-1-butene,1996-01-04T00:00,0.360,µg/m³,VOC,
60211,WINDSOR WEST,2-Methyl-1-butene,1996-01-10T00:00,0.337,µg/m³,VOC,
60211,WINDSOR WEST,2-Methyl-1-butene,1996-01-16T00:00,0.066,µg/m³,VOC,
60211,WINDSOR WEST,2-Methyl-1-butene,1996-01-22T00:00,0.066,µg/m³,VOC,
60211,WINDSOR WEST,2-Methyl-1-butene,1996-01-28T00:00,0.075,µg/m³,VOC,
60211,WINDSOR WEST,2-Methyl-1-butene,1996-02-03T00:00,0.086,µg/m³,VOC,
60211,WINDSOR WEST,2-Methyl-1-butene,1996-02-09T00:00,0.231,µg/m³,VOC,
60211,WINDSOR WEST,2-Methyl-1-butene,1996-02-15T00:00,0.212,µg/m³,VOC,
60211,WINDSOR WEST,2-Methyl-1-butene,1996-02-21T00:00,0.225,µg/m³,VOC,
60211,WINDSOR WEST,2-Methyl-1-butene,1996-02-27T00:00,0.301,µg/m³,VOC,
60211,WINDSOR WEST,2-Methyl-1-butene,1996-03-04T00:00,0.093,µg/m³,VOC,
60211,WINDSOR WEST,2-Methyl-1-butene,1996-03-16T00:00,0.000,µg/m³,VOC,
60211,WINDSOR WEST,2-Methyl-1-butene,1996-03-22T00:00,0.055,µg/m³,VOC,
60211,WINDSOR WEST,2-Methyl-1-butene,1996-03-28T00:00,0.055,µg/m³,VOC,
60211,WINDSOR WEST,2-Methyl-1-butene,1996-04-03T00:00,0.351,µg/m³,VOC,
60211,WINDSOR WEST,2-Methyl-1-butene,1996-04-09T00:00,0.212,µg/m³,VOC,
60211,WINDSOR WEST,2-Methyl-1-butene,1996-04-15T00:00,0.053,µg/m³,VOC,
60211,WINDSOR WEST,2-Methyl-1-butene,1996-04-21T00:00,0.061,µg/m³,VOC,
60211,WINDSOR WEST,2-Methyl-1-butene,1996-04-27T00:00,0.069,µg/m³,VOC,
60211,WINDSOR WEST,2-Methyl-1-butene,1996-05-03T00:00,0.141,µg/m³,VOC,
60211,WINDSOR WEST,2-Methyl-1-butene,1996-05-09T00:00,0.133,µg/m³,VOC,
60211,WINDSOR WEST,2-Methyl-1-butene,1996-05-15T00:00,0.038,µg/m³,VOC,
60211,WINDSOR WEST,2-Methyl-1-butene,1996-05-27T00:00,0.075,µg/m³,VOC,
60211,WINDSOR WEST,2-Methyl-1-butene,1996-06-02T00:00,0.000,µg/m³,VOC,
60211,WINDSOR WEST,2-Methyl-1-butene,1996-06-08T00:00,0.220,µg/m³,VOC,
60211,WINDSOR WEST,2-Methyl-1-butene,1996-06-14T00:00,0.179,µg/m³,VOC,
60211,WINDSOR WEST,2-Methyl-1-butene,1996-06-26T00:00,0.227,µg/m³,VOC,
60211,WINDSOR WEST,2-Methyl-1-butene,1996-07-02T00:00,0.409,µg/m³,VOC,
60211,WINDSOR WEST,2-Methyl-1-butene,1996-07-20T00:00,0.112,µg/m³,VOC,
60211,WINDSOR WEST,2-Methyl-1-butene,1996-07-26T00:00,0.188,µg/m³,VOC,
60211,WINDSOR WEST,2-Methyl-1-butene,1996-08-01T00:00,0.252,µg/m³,VOC,
60211,WINDSOR WEST,2-Methyl-1-butene,1996-08-07T00:00,0.046,µg/m³,VOC,
60211,WINDSOR WEST,2-Methyl-1-butene,1996-08-13T00:00,0.197,µg/m³,VOC,
60211,WINDSOR WEST,2-Methyl-1-butene,1996-08-19T00:00,0.154,µg/m³,VOC,
60211,WINDSOR WEST,2-Methyl-1-butene,1996-08-25T00:00,0.457,µg/m³,VOC,
60211,WINDSOR WEST,2-Methyl-1-butene,1996-08-31T00:00,0.519,µg/m³,VOC,
60211,WINDSOR WEST,2-Methyl-1-butene,1996-09-06T00:00,0.210,µg/m³,VOC,
60211,WINDSOR WEST,2-Methyl-1-butene,1996-09-12T00:00,0.251,µg/m³,VOC,
60211,WINDSOR WEST,2-Methyl-1-butene,1996-09-18T00:00,0.340,µg/m³,VOC,
60211,WINDSOR WEST,2-Methyl-1-butene,1996-10-06T00:00,0.105,µg/m³,VOC,
60211,WINDSOR WEST,2-Methyl-1-butene,1996-10-12T00:00,0.063,µg/m³,VOC,
60211,WINDSOR WEST,2-Methyl-1-butene,1996-10-18T00:00,0.118,µg/m³,VOC,
60211,WINDSOR WEST,2-Methyl-1-butene,1996-10-24T00:00,0.106,µg/m³,VOC,
60211,WINDSOR WEST,2-Methyl-1-butene,1996-12-05T00:00,0.200,µg/m³,VOC,
60211,WINDSOR WEST,2-Methyl-1-butene,1996-12-11T00:00,0.220,µg/m³,VOC,
60211,WINDSOR WEST,2-Methyl-1-butene,1996-12-17T00:00,0.360,µg/m³,VOC,
60211,WINDSOR WEST,2-Methyl-1-butene,1996-12-23T00:00,0.140,µg/m³,VOC,
60211,WINDSOR WEST,2-Methyl-1-butene,1996-12-29T00:00,0.360,µg/m³,VOC,
