﻿NAPS_Site_ID,Station_Name,Pollutant,Date,Value,Units,Report_Type,Method
50133,MONTRÉAL-CHENIER,Chloroform,2008-01-25T00:00,0.092,µg/m³,VOC,
50133,MONTRÉAL-CHENIER,Chloroform,2008-02-06T00:00,0.126,µg/m³,VOC,
50133,MONTRÉAL-CHENIER,Chloroform,2008-02-24T00:00,0.085,µg/m³,VOC,
50133,MONTRÉAL-CHENIER,Chloroform,2008-03-01T00:00,0.092,µg/m³,VOC,
50133,MONTRÉAL-CHENIER,Chloroform,2008-03-07T00:00,0.172,µg/m³,VOC,
50133,MONTRÉAL-CHENIER,Chloroform,2008-03-13T00:00,0.126,µg/m³,VOC,
50133,MONTRÉAL-CHENIER,Chloroform,2008-03-19T00:00,0.075,µg/m³,VOC,
50133,MONTRÉAL-CHENIER,Chloroform,2008-03-25T00:00,0.110,µg/m³,VOC,
50133,MONTRÉAL-CHENIER,Chloroform,2008-03-31T00:00,0.123,µg/m³,VOC,
50133,MONTRÉAL-CHENIER,Chloroform,2008-04-06T00:00,0.127,µg/m³,VOC,
50133,MONTRÉAL-CHENIER,Chloroform,2008-04-18T00:00,0.164,µg/m³,VOC,
50133,MONTRÉAL-CHENIER,Chloroform,2008-06-05T00:00,0.141,µg/m³,VOC,
50133,MONTRÉAL-CHENIER,Chloroform,2008-06-11T00:00,0.125,µg/m³,VOC,
50133,MONTRÉAL-CHENIER,Chloroform,2008-06-17T00:00,0.279,µg/m³,VOC,
50133,MONTRÉAL-CHENIER,Chloroform,2008-06-23T00:00,0.323,µg/m³,VOC,
50133,MONTRÉAL-CHENIER,Chloroform,2008-07-05T00:00,0.245,µg/m³,VOC,
50133,MONTRÉAL-CHENIER,Chloroform,2008-07-11T00:00,0.202,µg/m³,VOC,
50133,MONTRÉAL-CHENIER,Chloroform,2008-07-17T00:00,0.185,µg/m³,VOC,
50133,MONTRÉAL-CHENIER,Chloroform,2008-07-23T00:00,0.133,µg/m³,VOC,
50133,MONTRÉAL-CHENIER,Chloroform,2008-08-10T00:00,0.338,µg/m³,VOC,
50133,MONTRÉAL-CHENIER,Chloroform,2008-08-16T00:00,0.169,µg/m³,VOC,
50133,MONTRÉAL-CHENIER,Chloroform,2008-08-22T00:00,0.333,µg/m³,VOC,
50133,MONTRÉAL-CHENIER,Chloroform,2008-08-28T00:00,0.431,µg/m³,VOC,
50133,MONTRÉAL-CHENIER,Chloroform,2008-09-03T00:00,0.317,µg/m³,VOC,
50133,MONTRÉAL-CHENIER,Chloroform,2008-09-09T00:00,0.123,µg/m³,VOC,
50133,MONTRÉAL-CHENIER,Chloroform,2008-09-15T00:00,0.098,µg/m³,VOC,
50133,MONTRÉAL-CHENIER,Chloroform,2008-09-21T00:00,0.114,µg/m³,VOC,
50133,MONTRÉAL-CHENIER,Chloroform,2008-09-27T00:00,0.145,µg/m³,VOC,
50133,MONTRÉAL-CHENIER,Chloroform,2008-10-03T00:00,0.089,µg/m³,VOC,
50133,MONTRÉAL-CHENIER,Chloroform,2008-10-09T00:00,0.087,µg/m³,VOC,
50133,MONTRÉAL-CHENIER,Chloroform,2008-10-21T00:00,0.144,µg/m³,VOC,
50133,MONTRÉAL-CHENIER,Chloroform,2008-10-27T00:00,0.088,µg/m³,VOC,
50133,MONTRÉAL-CHENIER,Chloroform,2008-11-02T00:00,0.137,µg/m³,VOC,
50133,MONTRÉAL-CHENIER,Chloroform,2008-11-08T00:00,0.133,µg/m³,VOC,
50133,MONTRÉAL-CHENIER,Chloroform,2008-11-14T00:00,0.106,µg/m³,VOC,
50133,MONTRÉAL-CHENIER,Chloroform,2008-11-20T00:00,0.069,µg/m³,VOC,
50133,MONTRÉAL-CHENIER,Chloroform,2008-11-26T00:00,0.102,µg/m³,VOC,
50133,MONTRÉAL-CHENIER,Chloroform,2008-12-02T00:00,0.078,µg/m³,VOC,
50133,MONTRÉAL-CHENIER,Chloroform,2008-12-08T00:00,0.082,µg/m³,VOC,
50133,MONTRÉAL-CHENIER,Chloroform,2008-12-14T00:00,0.132,µg/m³,VOC,
50133,MONTRÉAL-CHENIER,Chloroform,2008-12-20T00:00,0.105,µg/m³,VOC,
50133,MONTRÉAL-CHENIER,Chloroform,2008-12-26T00:00,0.103,µg/m³,VOC,
