﻿NAPS_Site_ID,Station_Name,Pollutant,Date,Value,Units,Report_Type,Method
60204,WINDSOR DOWNTOWN,1-Octene,1994-01-02T00:00,0.000,µg/m³,VOC,N/A
60204,WINDSOR DOWNTOWN,1-Octene,1994-01-08T00:00,0.000,µg/m³,VOC,N/A
60204,WINDSOR DOWNTOWN,1-Octene,1994-01-14T00:00,0.000,µg/m³,VOC,N/A
60204,WINDSOR DOWNTOWN,1-Octene,1994-01-20T00:00,0.000,µg/m³,VOC,N/A
60204,WINDSOR DOWNTOWN,1-Octene,1994-01-26T00:00,0.000,µg/m³,VOC,N/A
60204,WINDSOR DOWNTOWN,1-Octene,1994-02-01T00:00,0.000,µg/m³,VOC,N/A
60204,WINDSOR DOWNTOWN,1-Octene,1994-02-07T00:00,0.000,µg/m³,VOC,N/A
60204,WINDSOR DOWNTOWN,1-Octene,1994-02-13T00:00,0.000,µg/m³,VOC,N/A
60204,WINDSOR DOWNTOWN,1-Octene,1994-02-19T00:00,0.000,µg/m³,VOC,N/A
60204,WINDSOR DOWNTOWN,1-Octene,1994-02-25T00:00,0.000,µg/m³,VOC,N/A
60204,WINDSOR DOWNTOWN,1-Octene,1994-03-03T00:00,0.000,µg/m³,VOC,N/A
60204,WINDSOR DOWNTOWN,1-Octene,1994-03-09T00:00,0.000,µg/m³,VOC,N/A
