﻿NAPS_Site_ID,Station_Name,Pollutant,Date,Value,Units,Report_Type,Method
61901,WALPOLE ISLAND,Chloride,1992-04-24T00:00,0.015,µg/m³,DICHOT,IC
61901,WALPOLE ISLAND,Chloride,1992-04-24T00:00,0.018,µg/m³,DICHOT,IC
61901,WALPOLE ISLAND,Chloride,1992-04-30T00:00,0.006,µg/m³,DICHOT,IC
61901,WALPOLE ISLAND,Chloride,1992-04-30T00:00,0.048,µg/m³,DICHOT,IC
61901,WALPOLE ISLAND,Chloride,1992-05-06T00:00,0.008,µg/m³,DICHOT,IC
61901,WALPOLE ISLAND,Chloride,1992-05-06T00:00,0.088,µg/m³,DICHOT,IC
61901,WALPOLE ISLAND,Chloride,1992-05-12T00:00,0.018,µg/m³,DICHOT,IC
61901,WALPOLE ISLAND,Chloride,1992-05-12T00:00,0.066,µg/m³,DICHOT,IC
61901,WALPOLE ISLAND,Chloride,1992-05-24T00:00,0.010,µg/m³,DICHOT,IC
61901,WALPOLE ISLAND,Chloride,1992-05-24T00:00,0.021,µg/m³,DICHOT,IC
61901,WALPOLE ISLAND,Chloride,1992-05-30T00:00,0.012,µg/m³,DICHOT,IC
61901,WALPOLE ISLAND,Chloride,1992-05-30T00:00,0.032,µg/m³,DICHOT,IC
61901,WALPOLE ISLAND,Chloride,1992-06-05T00:00,0.017,µg/m³,DICHOT,IC
61901,WALPOLE ISLAND,Chloride,1992-06-05T00:00,0.030,µg/m³,DICHOT,IC
61901,WALPOLE ISLAND,Chloride,1992-06-11T00:00,0.024,µg/m³,DICHOT,IC
61901,WALPOLE ISLAND,Chloride,1992-06-11T00:00,0.030,µg/m³,DICHOT,IC
61901,WALPOLE ISLAND,Chloride,1992-06-17T00:00,0.036,µg/m³,DICHOT,IC
61901,WALPOLE ISLAND,Chloride,1992-06-17T00:00,0.394,µg/m³,DICHOT,IC
61901,WALPOLE ISLAND,Chloride,1992-06-23T00:00,0.006,µg/m³,DICHOT,IC
61901,WALPOLE ISLAND,Chloride,1992-06-23T00:00,0.063,µg/m³,DICHOT,IC
61901,WALPOLE ISLAND,Chloride,1992-06-29T00:00,0.011,µg/m³,DICHOT,IC
61901,WALPOLE ISLAND,Chloride,1992-06-29T00:00,0.040,µg/m³,DICHOT,IC
61901,WALPOLE ISLAND,Chloride,1992-07-05T00:00,0.010,µg/m³,DICHOT,IC
61901,WALPOLE ISLAND,Chloride,1992-07-05T00:00,0.023,µg/m³,DICHOT,IC
61901,WALPOLE ISLAND,Chloride,1992-07-11T00:00,0.012,µg/m³,DICHOT,IC
61901,WALPOLE ISLAND,Chloride,1992-07-11T00:00,0.012,µg/m³,DICHOT,IC
61901,WALPOLE ISLAND,Chloride,1992-07-17T00:00,0.009,µg/m³,DICHOT,IC
61901,WALPOLE ISLAND,Chloride,1992-07-17T00:00,0.021,µg/m³,DICHOT,IC
61901,WALPOLE ISLAND,Chloride,1992-07-23T00:00,0.011,µg/m³,DICHOT,IC
61901,WALPOLE ISLAND,Chloride,1992-07-23T00:00,0.014,µg/m³,DICHOT,IC
61901,WALPOLE ISLAND,Chloride,1992-07-29T00:00,0.010,µg/m³,DICHOT,IC
61901,WALPOLE ISLAND,Chloride,1992-07-29T00:00,0.032,µg/m³,DICHOT,IC
61901,WALPOLE ISLAND,Chloride,1992-08-04T00:00,0.014,µg/m³,DICHOT,IC
61901,WALPOLE ISLAND,Chloride,1992-08-04T00:00,0.020,µg/m³,DICHOT,IC
61901,WALPOLE ISLAND,Chloride,1992-08-10T00:00,0.000,µg/m³,DICHOT,IC
61901,WALPOLE ISLAND,Chloride,1992-08-10T00:00,0.010,µg/m³,DICHOT,IC
61901,WALPOLE ISLAND,Chloride,1992-08-16T00:00,0.000,µg/m³,DICHOT,IC
61901,WALPOLE ISLAND,Chloride,1992-08-16T00:00,0.000,µg/m³,DICHOT,IC
61901,WALPOLE ISLAND,Chloride,1992-08-22T00:00,0.000,µg/m³,DICHOT,IC
61901,WALPOLE ISLAND,Chloride,1992-08-22T00:00,0.018,µg/m³,DICHOT,IC
61901,WALPOLE ISLAND,Chloride,1992-08-28T00:00,0.000,µg/m³,DICHOT,IC
61901,WALPOLE ISLAND,Chloride,1992-08-28T00:00,0.063,µg/m³,DICHOT,IC
61901,WALPOLE ISLAND,Chloride,1992-09-03T00:00,0.000,µg/m³,DICHOT,IC
61901,WALPOLE ISLAND,Chloride,1992-09-03T00:00,0.000,µg/m³,DICHOT,IC
61901,WALPOLE ISLAND,Chloride,1992-09-09T00:00,0.000,µg/m³,DICHOT,IC
61901,WALPOLE ISLAND,Chloride,1992-09-09T00:00,0.010,µg/m³,DICHOT,IC
61901,WALPOLE ISLAND,Chloride,1992-09-15T00:00,0.000,µg/m³,DICHOT,IC
61901,WALPOLE ISLAND,Chloride,1992-09-15T00:00,0.012,µg/m³,DICHOT,IC
61901,WALPOLE ISLAND,Chloride,1992-09-21T00:00,0.000,µg/m³,DICHOT,IC
61901,WALPOLE ISLAND,Chloride,1992-09-21T00:00,0.000,µg/m³,DICHOT,IC
61901,WALPOLE ISLAND,Chloride,1992-09-27T00:00,0.000,µg/m³,DICHOT,IC
61901,WALPOLE ISLAND,Chloride,1992-09-27T00:00,0.000,µg/m³,DICHOT,IC
61901,WALPOLE ISLAND,Chloride,1992-10-03T00:00,0.000,µg/m³,DICHOT,IC
61901,WALPOLE ISLAND,Chloride,1992-10-03T00:00,0.079,µg/m³,DICHOT,IC
61901,WALPOLE ISLAND,Chloride,1992-10-09T00:00,0.017,µg/m³,DICHOT,IC
61901,WALPOLE ISLAND,Chloride,1992-10-09T00:00,0.032,µg/m³,DICHOT,IC
61901,WALPOLE ISLAND,Chloride,1992-10-15T00:00,0.045,µg/m³,DICHOT,IC
61901,WALPOLE ISLAND,Chloride,1992-10-15T00:00,0.128,µg/m³,DICHOT,IC
61901,WALPOLE ISLAND,Chloride,1992-10-21T00:00,0.011,µg/m³,DICHOT,IC
61901,WALPOLE ISLAND,Chloride,1992-10-21T00:00,0.046,µg/m³,DICHOT,IC
61901,WALPOLE ISLAND,Chloride,1992-10-27T00:00,0.010,µg/m³,DICHOT,IC
61901,WALPOLE ISLAND,Chloride,1992-10-27T00:00,0.015,µg/m³,DICHOT,IC
61901,WALPOLE ISLAND,Chloride,1992-11-08T00:00,0.016,µg/m³,DICHOT,IC
61901,WALPOLE ISLAND,Chloride,1992-11-08T00:00,0.102,µg/m³,DICHOT,IC
61901,WALPOLE ISLAND,Chloride,1992-11-14T00:00,0.012,µg/m³,DICHOT,IC
61901,WALPOLE ISLAND,Chloride,1992-11-14T00:00,0.028,µg/m³,DICHOT,IC
61901,WALPOLE ISLAND,Chloride,1992-11-20T00:00,0.013,µg/m³,DICHOT,IC
61901,WALPOLE ISLAND,Chloride,1992-11-20T00:00,0.023,µg/m³,DICHOT,IC
61901,WALPOLE ISLAND,Chloride,1992-11-26T00:00,0.009,µg/m³,DICHOT,IC
61901,WALPOLE ISLAND,Chloride,1992-11-26T00:00,0.022,µg/m³,DICHOT,IC
61901,WALPOLE ISLAND,Chloride,1992-12-02T00:00,0.015,µg/m³,DICHOT,IC
61901,WALPOLE ISLAND,Chloride,1992-12-02T00:00,0.018,µg/m³,DICHOT,IC
61901,WALPOLE ISLAND,Chloride,1992-12-08T00:00,0.010,µg/m³,DICHOT,IC
61901,WALPOLE ISLAND,Chloride,1992-12-08T00:00,0.053,µg/m³,DICHOT,IC
