﻿NAPS_Site_ID,Station_Name,Pollutant,Date,Value,Units,Report_Type,Method
40208,CHAMPLAIN HEIGHTS SCHOOL,Nonane,2006-01-05T00:00,0.096,µg/m³,VOC,GC-MS
40208,CHAMPLAIN HEIGHTS SCHOOL,Nonane,2006-01-11T00:00,1.200,µg/m³,VOC,GC-MS
40208,CHAMPLAIN HEIGHTS SCHOOL,Nonane,2006-01-17T00:00,0.070,µg/m³,VOC,GC-MS
40208,CHAMPLAIN HEIGHTS SCHOOL,Nonane,2006-01-23T00:00,0.165,µg/m³,VOC,GC-MS
40208,CHAMPLAIN HEIGHTS SCHOOL,Nonane,2006-01-29T00:00,0.052,µg/m³,VOC,GC-MS
40208,CHAMPLAIN HEIGHTS SCHOOL,Nonane,2006-02-04T00:00,0.678,µg/m³,VOC,GC-MS
40208,CHAMPLAIN HEIGHTS SCHOOL,Nonane,2006-02-10T00:00,0.073,µg/m³,VOC,GC-MS
40208,CHAMPLAIN HEIGHTS SCHOOL,Nonane,2006-02-16T00:00,0.306,µg/m³,VOC,GC-MS
40208,CHAMPLAIN HEIGHTS SCHOOL,Nonane,2006-02-22T00:00,0.107,µg/m³,VOC,GC-MS
40208,CHAMPLAIN HEIGHTS SCHOOL,Nonane,2006-02-28T00:00,0.133,µg/m³,VOC,GC-MS
40208,CHAMPLAIN HEIGHTS SCHOOL,Nonane,2006-03-06T00:00,0.066,µg/m³,VOC,GC-MS
40208,CHAMPLAIN HEIGHTS SCHOOL,Nonane,2006-03-12T00:00,0.615,µg/m³,VOC,GC-MS
40208,CHAMPLAIN HEIGHTS SCHOOL,Nonane,2006-03-30T00:00,0.122,µg/m³,VOC,GC-MS
40208,CHAMPLAIN HEIGHTS SCHOOL,Nonane,2006-04-05T00:00,0.229,µg/m³,VOC,GC-MS
40208,CHAMPLAIN HEIGHTS SCHOOL,Nonane,2006-04-11T00:00,0.285,µg/m³,VOC,GC-MS
40208,CHAMPLAIN HEIGHTS SCHOOL,Nonane,2006-04-17T00:00,0.057,µg/m³,VOC,GC-MS
40208,CHAMPLAIN HEIGHTS SCHOOL,Nonane,2006-04-29T00:00,0.057,µg/m³,VOC,GC-MS
40208,CHAMPLAIN HEIGHTS SCHOOL,Nonane,2006-05-05T00:00,1.097,µg/m³,VOC,GC-MS
40208,CHAMPLAIN HEIGHTS SCHOOL,Nonane,2006-05-11T00:00,0.016,µg/m³,VOC,GC-MS
40208,CHAMPLAIN HEIGHTS SCHOOL,Nonane,2006-05-17T00:00,0.463,µg/m³,VOC,GC-MS
40208,CHAMPLAIN HEIGHTS SCHOOL,Nonane,2006-05-23T00:00,0.117,µg/m³,VOC,GC-MS
40208,CHAMPLAIN HEIGHTS SCHOOL,Nonane,2006-05-29T00:00,1.106,µg/m³,VOC,GC-MS
40208,CHAMPLAIN HEIGHTS SCHOOL,Nonane,2006-06-04T00:00,0.011,µg/m³,VOC,GC-MS
40208,CHAMPLAIN HEIGHTS SCHOOL,Nonane,2006-06-10T00:00,0.093,µg/m³,VOC,GC-MS
40208,CHAMPLAIN HEIGHTS SCHOOL,Nonane,2006-06-16T00:00,0.456,µg/m³,VOC,GC-MS
40208,CHAMPLAIN HEIGHTS SCHOOL,Nonane,2006-06-22T00:00,0.934,µg/m³,VOC,GC-MS
40208,CHAMPLAIN HEIGHTS SCHOOL,Nonane,2006-06-28T00:00,1.173,µg/m³,VOC,GC-MS
40208,CHAMPLAIN HEIGHTS SCHOOL,Nonane,2006-07-04T00:00,0.888,µg/m³,VOC,GC-MS
40208,CHAMPLAIN HEIGHTS SCHOOL,Nonane,2006-07-10T00:00,1.019,µg/m³,VOC,GC-MS
40208,CHAMPLAIN HEIGHTS SCHOOL,Nonane,2006-07-16T00:00,1.257,µg/m³,VOC,GC-MS
40208,CHAMPLAIN HEIGHTS SCHOOL,Nonane,2006-07-22T00:00,1.056,µg/m³,VOC,GC-MS
40208,CHAMPLAIN HEIGHTS SCHOOL,Nonane,2006-07-28T00:00,1.667,µg/m³,VOC,GC-MS
40208,CHAMPLAIN HEIGHTS SCHOOL,Nonane,2006-08-03T00:00,0.688,µg/m³,VOC,GC-MS
40208,CHAMPLAIN HEIGHTS SCHOOL,Nonane,2006-08-09T00:00,0.289,µg/m³,VOC,GC-MS
40208,CHAMPLAIN HEIGHTS SCHOOL,Nonane,2006-08-15T00:00,0.969,µg/m³,VOC,GC-MS
40208,CHAMPLAIN HEIGHTS SCHOOL,Nonane,2006-08-21T00:00,0.514,µg/m³,VOC,GC-MS
40208,CHAMPLAIN HEIGHTS SCHOOL,Nonane,2006-08-27T00:00,0.171,µg/m³,VOC,GC-MS
40208,CHAMPLAIN HEIGHTS SCHOOL,Nonane,2006-09-02T00:00,0.457,µg/m³,VOC,GC-MS
40208,CHAMPLAIN HEIGHTS SCHOOL,Nonane,2006-09-08T00:00,3.079,µg/m³,VOC,GC-MS
40208,CHAMPLAIN HEIGHTS SCHOOL,Nonane,2006-09-14T00:00,2.059,µg/m³,VOC,GC-MS
40208,CHAMPLAIN HEIGHTS SCHOOL,Nonane,2006-09-20T00:00,0.571,µg/m³,VOC,GC-MS
40208,CHAMPLAIN HEIGHTS SCHOOL,Nonane,2006-09-26T00:00,1.189,µg/m³,VOC,GC-MS
40208,CHAMPLAIN HEIGHTS SCHOOL,Nonane,2006-10-02T00:00,0.010,µg/m³,VOC,GC-MS
40208,CHAMPLAIN HEIGHTS SCHOOL,Nonane,2006-10-08T00:00,1.018,µg/m³,VOC,GC-MS
40208,CHAMPLAIN HEIGHTS SCHOOL,Nonane,2006-10-14T00:00,0.085,µg/m³,VOC,GC-MS
40208,CHAMPLAIN HEIGHTS SCHOOL,Nonane,2006-10-20T00:00,0.037,µg/m³,VOC,GC-MS
40208,CHAMPLAIN HEIGHTS SCHOOL,Nonane,2006-10-26T00:00,0.026,µg/m³,VOC,GC-MS
40208,CHAMPLAIN HEIGHTS SCHOOL,Nonane,2006-11-01T00:00,0.322,µg/m³,VOC,GC-MS
40208,CHAMPLAIN HEIGHTS SCHOOL,Nonane,2006-11-07T00:00,0.997,µg/m³,VOC,GC-MS
40208,CHAMPLAIN HEIGHTS SCHOOL,Nonane,2006-11-13T00:00,0.027,µg/m³,VOC,GC-MS
40208,CHAMPLAIN HEIGHTS SCHOOL,Nonane,2006-11-19T00:00,0.017,µg/m³,VOC,GC-MS
40208,CHAMPLAIN HEIGHTS SCHOOL,Nonane,2006-11-25T00:00,0.746,µg/m³,VOC,GC-MS
40208,CHAMPLAIN HEIGHTS SCHOOL,Nonane,2006-12-01T00:00,0.258,µg/m³,VOC,GC-MS
40208,CHAMPLAIN HEIGHTS SCHOOL,Nonane,2006-12-07T00:00,1.383,µg/m³,VOC,GC-MS
40208,CHAMPLAIN HEIGHTS SCHOOL,Nonane,2006-12-13T00:00,0.499,µg/m³,VOC,GC-MS
40208,CHAMPLAIN HEIGHTS SCHOOL,Nonane,2006-12-19T00:00,0.043,µg/m³,VOC,GC-MS
40208,CHAMPLAIN HEIGHTS SCHOOL,Nonane,2006-12-25T00:00,0.080,µg/m³,VOC,GC-MS
40208,CHAMPLAIN HEIGHTS SCHOOL,Nonane,2006-12-31T00:00,0.026,µg/m³,VOC,GC-MS
