﻿NAPS_Site_ID,Station_Name,Pollutant,Date,Value,Units,Report_Type,Method
100112,DOWNTOWN VANCOUVER,Acetylene,1995-02-02T00:00,7.714,µg/m³,VOC,
100112,DOWNTOWN VANCOUVER,Acetylene,1995-03-10T00:00,6.080,µg/m³,VOC,
100112,DOWNTOWN VANCOUVER,Acetylene,1995-05-21T00:00,3.266,µg/m³,VOC,
100112,DOWNTOWN VANCOUVER,Acetylene,1995-06-26T00:00,2.691,µg/m³,VOC,
100112,DOWNTOWN VANCOUVER,Acetylene,1995-10-12T00:00,4.837,µg/m³,VOC,
100112,DOWNTOWN VANCOUVER,Acetylene,1995-10-30T00:00,5.592,µg/m³,VOC,
100112,DOWNTOWN VANCOUVER,Acetylene,1995-12-23T00:00,11.660,µg/m³,VOC,
