﻿NAPS_Site_ID,Station_Name,Pollutant,Date,Value,Units,Report_Type,Method
61502,WEST AVE. & HOMEWOOD _KITCHENER_,Naphthalene,2009-01-01T00:00,0.078,µg/m³,VOC,N/A
61502,WEST AVE. & HOMEWOOD _KITCHENER_,Naphthalene,2009-01-07T00:00,0.071,µg/m³,VOC,N/A
61502,WEST AVE. & HOMEWOOD _KITCHENER_,Naphthalene,2009-01-13T00:00,0.010,µg/m³,VOC,N/A
61502,WEST AVE. & HOMEWOOD _KITCHENER_,Naphthalene,2009-01-19T00:00,0.045,µg/m³,VOC,N/A
61502,WEST AVE. & HOMEWOOD _KITCHENER_,Naphthalene,2009-01-25T00:00,0.035,µg/m³,VOC,N/A
61502,WEST AVE. & HOMEWOOD _KITCHENER_,Naphthalene,2009-01-31T00:00,0.056,µg/m³,VOC,N/A
61502,WEST AVE. & HOMEWOOD _KITCHENER_,Naphthalene,2009-02-06T00:00,0.115,µg/m³,VOC,N/A
61502,WEST AVE. & HOMEWOOD _KITCHENER_,Naphthalene,2009-02-12T00:00,0.057,µg/m³,VOC,N/A
61502,WEST AVE. & HOMEWOOD _KITCHENER_,Naphthalene,2009-02-18T00:00,0.216,µg/m³,VOC,N/A
61502,WEST AVE. & HOMEWOOD _KITCHENER_,Naphthalene,2009-02-24T00:00,0.081,µg/m³,VOC,N/A
61502,WEST AVE. & HOMEWOOD _KITCHENER_,Naphthalene,2009-03-02T00:00,0.027,µg/m³,VOC,N/A
61502,WEST AVE. & HOMEWOOD _KITCHENER_,Naphthalene,2009-03-08T00:00,0.087,µg/m³,VOC,N/A
61502,WEST AVE. & HOMEWOOD _KITCHENER_,Naphthalene,2009-03-14T00:00,0.217,µg/m³,VOC,N/A
61502,WEST AVE. & HOMEWOOD _KITCHENER_,Naphthalene,2009-03-20T00:00,0.044,µg/m³,VOC,N/A
61502,WEST AVE. & HOMEWOOD _KITCHENER_,Naphthalene,2009-03-26T00:00,0.073,µg/m³,VOC,N/A
61502,WEST AVE. & HOMEWOOD _KITCHENER_,Naphthalene,2009-04-01T00:00,0.087,µg/m³,VOC,N/A
61502,WEST AVE. & HOMEWOOD _KITCHENER_,Naphthalene,2009-04-07T00:00,0.033,µg/m³,VOC,N/A
61502,WEST AVE. & HOMEWOOD _KITCHENER_,Naphthalene,2009-04-13T00:00,0.047,µg/m³,VOC,N/A
61502,WEST AVE. & HOMEWOOD _KITCHENER_,Naphthalene,2009-04-19T00:00,0.028,µg/m³,VOC,N/A
61502,WEST AVE. & HOMEWOOD _KITCHENER_,Naphthalene,2009-04-25T00:00,0.098,µg/m³,VOC,N/A
61502,WEST AVE. & HOMEWOOD _KITCHENER_,Naphthalene,2009-05-01T00:00,0.048,µg/m³,VOC,N/A
61502,WEST AVE. & HOMEWOOD _KITCHENER_,Naphthalene,2009-05-07T00:00,0.111,µg/m³,VOC,N/A
61502,WEST AVE. & HOMEWOOD _KITCHENER_,Naphthalene,2009-05-13T00:00,0.227,µg/m³,VOC,N/A
61502,WEST AVE. & HOMEWOOD _KITCHENER_,Naphthalene,2009-05-19T00:00,0.076,µg/m³,VOC,N/A
61502,WEST AVE. & HOMEWOOD _KITCHENER_,Naphthalene,2009-05-25T00:00,0.078,µg/m³,VOC,N/A
61502,WEST AVE. & HOMEWOOD _KITCHENER_,Naphthalene,2009-05-31T00:00,0.021,µg/m³,VOC,N/A
61502,WEST AVE. & HOMEWOOD _KITCHENER_,Naphthalene,2009-06-06T00:00,0.102,µg/m³,VOC,N/A
61502,WEST AVE. & HOMEWOOD _KITCHENER_,Naphthalene,2009-06-12T00:00,0.063,µg/m³,VOC,N/A
61502,WEST AVE. & HOMEWOOD _KITCHENER_,Naphthalene,2009-06-18T00:00,0.164,µg/m³,VOC,N/A
61502,WEST AVE. & HOMEWOOD _KITCHENER_,Naphthalene,2009-06-24T00:00,0.432,µg/m³,VOC,N/A
61502,WEST AVE. & HOMEWOOD _KITCHENER_,Naphthalene,2009-06-30T00:00,0.106,µg/m³,VOC,N/A
61502,WEST AVE. & HOMEWOOD _KITCHENER_,Naphthalene,2009-07-06T00:00,0.189,µg/m³,VOC,N/A
61502,WEST AVE. & HOMEWOOD _KITCHENER_,Naphthalene,2009-07-12T00:00,0.102,µg/m³,VOC,N/A
61502,WEST AVE. & HOMEWOOD _KITCHENER_,Naphthalene,2009-07-18T00:00,0.059,µg/m³,VOC,N/A
61502,WEST AVE. & HOMEWOOD _KITCHENER_,Naphthalene,2009-07-24T00:00,0.102,µg/m³,VOC,N/A
61502,WEST AVE. & HOMEWOOD _KITCHENER_,Naphthalene,2009-07-30T00:00,0.371,µg/m³,VOC,N/A
61502,WEST AVE. & HOMEWOOD _KITCHENER_,Naphthalene,2009-08-05T00:00,0.109,µg/m³,VOC,N/A
61502,WEST AVE. & HOMEWOOD _KITCHENER_,Naphthalene,2009-08-11T00:00,0.196,µg/m³,VOC,N/A
61502,WEST AVE. & HOMEWOOD _KITCHENER_,Naphthalene,2009-08-17T00:00,0.219,µg/m³,VOC,N/A
61502,WEST AVE. & HOMEWOOD _KITCHENER_,Naphthalene,2009-08-23T00:00,0.044,µg/m³,VOC,N/A
61502,WEST AVE. & HOMEWOOD _KITCHENER_,Naphthalene,2009-08-29T00:00,0.052,µg/m³,VOC,N/A
61502,WEST AVE. & HOMEWOOD _KITCHENER_,Naphthalene,2009-09-04T00:00,0.175,µg/m³,VOC,N/A
61502,WEST AVE. & HOMEWOOD _KITCHENER_,Naphthalene,2009-09-10T00:00,0.104,µg/m³,VOC,N/A
61502,WEST AVE. & HOMEWOOD _KITCHENER_,Naphthalene,2009-09-16T00:00,0.052,µg/m³,VOC,N/A
61502,WEST AVE. & HOMEWOOD _KITCHENER_,Naphthalene,2009-09-22T00:00,0.118,µg/m³,VOC,N/A
61502,WEST AVE. & HOMEWOOD _KITCHENER_,Naphthalene,2009-09-28T00:00,0.061,µg/m³,VOC,N/A
61502,WEST AVE. & HOMEWOOD _KITCHENER_,Naphthalene,2009-10-04T00:00,0.059,µg/m³,VOC,N/A
61502,WEST AVE. & HOMEWOOD _KITCHENER_,Naphthalene,2009-10-10T00:00,0.032,µg/m³,VOC,N/A
61502,WEST AVE. & HOMEWOOD _KITCHENER_,Naphthalene,2009-10-16T00:00,0.039,µg/m³,VOC,N/A
61502,WEST AVE. & HOMEWOOD _KITCHENER_,Naphthalene,2009-10-22T00:00,0.207,µg/m³,VOC,N/A
61502,WEST AVE. & HOMEWOOD _KITCHENER_,Naphthalene,2009-10-28T00:00,0.147,µg/m³,VOC,N/A
61502,WEST AVE. & HOMEWOOD _KITCHENER_,Naphthalene,2009-11-03T00:00,0.058,µg/m³,VOC,N/A
61502,WEST AVE. & HOMEWOOD _KITCHENER_,Naphthalene,2009-11-09T00:00,0.174,µg/m³,VOC,N/A
61502,WEST AVE. & HOMEWOOD _KITCHENER_,Naphthalene,2009-11-15T00:00,0.196,µg/m³,VOC,N/A
61502,WEST AVE. & HOMEWOOD _KITCHENER_,Naphthalene,2009-11-21T00:00,0.078,µg/m³,VOC,N/A
61502,WEST AVE. & HOMEWOOD _KITCHENER_,Naphthalene,2009-11-27T00:00,0.053,µg/m³,VOC,N/A
61502,WEST AVE. & HOMEWOOD _KITCHENER_,Naphthalene,2009-12-03T00:00,0.065,µg/m³,VOC,N/A
61502,WEST AVE. & HOMEWOOD _KITCHENER_,Naphthalene,2009-12-09T00:00,0.078,µg/m³,VOC,N/A
61502,WEST AVE. & HOMEWOOD _KITCHENER_,Naphthalene,2009-12-15T00:00,0.041,µg/m³,VOC,N/A
61502,WEST AVE. & HOMEWOOD _KITCHENER_,Naphthalene,2009-12-21T00:00,0.072,µg/m³,VOC,N/A
61502,WEST AVE. & HOMEWOOD _KITCHENER_,Naphthalene,2009-12-27T00:00,0.056,µg/m³,VOC,N/A
