﻿NAPS_Site_ID,Station_Name,Pollutant,Date,Value,Units,Report_Type,Method
31201,GRANTON,Cyclopentane,2010-01-08T00:00,0.044,µg/m³,VOC,N/A
31201,GRANTON,Cyclopentane,2010-01-14T00:00,0.044,µg/m³,VOC,N/A
31201,GRANTON,Cyclopentane,2010-01-20T00:00,0.105,µg/m³,VOC,N/A
31201,GRANTON,Cyclopentane,2010-01-26T00:00,0.065,µg/m³,VOC,N/A
31201,GRANTON,Cyclopentane,2010-02-13T00:00,0.079,µg/m³,VOC,N/A
31201,GRANTON,Cyclopentane,2010-02-19T00:00,0.046,µg/m³,VOC,N/A
31201,GRANTON,Cyclopentane,2010-03-15T00:00,0.100,µg/m³,VOC,N/A
31201,GRANTON,Cyclopentane,2010-03-27T00:00,0.191,µg/m³,VOC,N/A
31201,GRANTON,Cyclopentane,2010-04-02T00:00,0.178,µg/m³,VOC,N/A
31201,GRANTON,Cyclopentane,2010-04-08T00:00,0.018,µg/m³,VOC,N/A
31201,GRANTON,Cyclopentane,2010-04-14T00:00,0.168,µg/m³,VOC,N/A
31201,GRANTON,Cyclopentane,2010-04-20T00:00,0.080,µg/m³,VOC,N/A
31201,GRANTON,Cyclopentane,2010-04-20T00:00,0.085,µg/m³,VOC,N/A
31201,GRANTON,Cyclopentane,2010-05-02T00:00,0.032,µg/m³,VOC,N/A
31201,GRANTON,Cyclopentane,2010-05-08T00:00,0.018,µg/m³,VOC,N/A
31201,GRANTON,Cyclopentane,2010-05-26T00:00,0.013,µg/m³,VOC,N/A
31201,GRANTON,Cyclopentane,2010-06-01T00:00,0.012,µg/m³,VOC,N/A
31201,GRANTON,Cyclopentane,2010-06-07T00:00,0.018,µg/m³,VOC,N/A
31201,GRANTON,Cyclopentane,2010-06-19T00:00,0.018,µg/m³,VOC,N/A
31201,GRANTON,Cyclopentane,2010-06-25T00:00,0.021,µg/m³,VOC,N/A
31201,GRANTON,Cyclopentane,2010-07-31T00:00,0.028,µg/m³,VOC,N/A
31201,GRANTON,Cyclopentane,2010-08-12T00:00,0.013,µg/m³,VOC,N/A
31201,GRANTON,Cyclopentane,2010-10-05T00:00,0.026,µg/m³,VOC,N/A
31201,GRANTON,Cyclopentane,2010-10-11T00:00,0.010,µg/m³,VOC,N/A
31201,GRANTON,Cyclopentane,2010-10-17T00:00,0.019,µg/m³,VOC,N/A
31201,GRANTON,Cyclopentane,2010-10-23T00:00,0.007,µg/m³,VOC,N/A
31201,GRANTON,Cyclopentane,2010-10-29T00:00,0.045,µg/m³,VOC,N/A
31201,GRANTON,Cyclopentane,2010-11-28T00:00,0.022,µg/m³,VOC,N/A
31201,GRANTON,Cyclopentane,2010-12-04T00:00,0.016,µg/m³,VOC,N/A
31201,GRANTON,Cyclopentane,2010-12-10T00:00,0.015,µg/m³,VOC,N/A
31201,GRANTON,Cyclopentane,2010-12-16T00:00,0.030,µg/m³,VOC,N/A
31201,GRANTON,Cyclopentane,2010-12-22T00:00,0.017,µg/m³,VOC,N/A
31201,GRANTON,Cyclopentane,2010-12-28T00:00,0.017,µg/m³,VOC,N/A
