﻿NAPS_Site_ID,Station_Name,Pollutant,Date,Value,Units,Report_Type,Method
62601,EXPERIMENTAL FARM _SIMCOE_,Benzene,2012-01-28T00:00,0.472,µg/m³,VOC,GC-MS
62601,EXPERIMENTAL FARM _SIMCOE_,Benzene,2012-01-31T00:00,0.454,µg/m³,VOC,GC-MS
62601,EXPERIMENTAL FARM _SIMCOE_,Benzene,2012-02-03T00:00,0.481,µg/m³,VOC,GC-MS
62601,EXPERIMENTAL FARM _SIMCOE_,Benzene,2012-02-06T00:00,0.474,µg/m³,VOC,GC-MS
62601,EXPERIMENTAL FARM _SIMCOE_,Benzene,2012-02-09T00:00,0.488,µg/m³,VOC,GC-MS
62601,EXPERIMENTAL FARM _SIMCOE_,Benzene,2012-02-12T00:00,0.344,µg/m³,VOC,GC-MS
62601,EXPERIMENTAL FARM _SIMCOE_,Benzene,2012-02-15T00:00,0.424,µg/m³,VOC,GC-MS
62601,EXPERIMENTAL FARM _SIMCOE_,Benzene,2012-02-18T00:00,0.438,µg/m³,VOC,GC-MS
62601,EXPERIMENTAL FARM _SIMCOE_,Benzene,2012-02-21T00:00,0.553,µg/m³,VOC,GC-MS
62601,EXPERIMENTAL FARM _SIMCOE_,Benzene,2012-02-21T00:00,0.555,µg/m³,VOC,GC-MS
62601,EXPERIMENTAL FARM _SIMCOE_,Benzene,2012-02-24T00:00,0.458,µg/m³,VOC,GC-MS
62601,EXPERIMENTAL FARM _SIMCOE_,Benzene,2012-02-27T00:00,0.402,µg/m³,VOC,GC-MS
62601,EXPERIMENTAL FARM _SIMCOE_,Benzene,2012-02-27T00:00,0.467,µg/m³,VOC,GC-MS
62601,EXPERIMENTAL FARM _SIMCOE_,Benzene,2012-03-01T00:00,0.489,µg/m³,VOC,GC-MS
62601,EXPERIMENTAL FARM _SIMCOE_,Benzene,2012-03-04T00:00,0.424,µg/m³,VOC,GC-MS
62601,EXPERIMENTAL FARM _SIMCOE_,Benzene,2012-03-04T00:00,0.435,µg/m³,VOC,GC-MS
62601,EXPERIMENTAL FARM _SIMCOE_,Benzene,2012-03-07T00:00,0.356,µg/m³,VOC,GC-MS
62601,EXPERIMENTAL FARM _SIMCOE_,Benzene,2012-03-10T00:00,0.331,µg/m³,VOC,GC-MS
62601,EXPERIMENTAL FARM _SIMCOE_,Benzene,2012-03-10T00:00,0.457,µg/m³,VOC,GC-MS
62601,EXPERIMENTAL FARM _SIMCOE_,Benzene,2012-03-13T00:00,0.343,µg/m³,VOC,GC-MS
62601,EXPERIMENTAL FARM _SIMCOE_,Benzene,2012-03-16T00:00,0.357,µg/m³,VOC,GC-MS
62601,EXPERIMENTAL FARM _SIMCOE_,Benzene,2012-03-16T00:00,0.364,µg/m³,VOC,GC-MS
62601,EXPERIMENTAL FARM _SIMCOE_,Benzene,2012-03-19T00:00,0.235,µg/m³,VOC,GC-MS
62601,EXPERIMENTAL FARM _SIMCOE_,Benzene,2012-03-22T00:00,0.262,µg/m³,VOC,GC-MS
62601,EXPERIMENTAL FARM _SIMCOE_,Benzene,2012-03-22T00:00,0.405,µg/m³,VOC,GC-MS
62601,EXPERIMENTAL FARM _SIMCOE_,Benzene,2012-03-25T00:00,0.294,µg/m³,VOC,GC-MS
62601,EXPERIMENTAL FARM _SIMCOE_,Benzene,2012-03-28T00:00,0.333,µg/m³,VOC,GC-MS
62601,EXPERIMENTAL FARM _SIMCOE_,Benzene,2012-03-28T00:00,0.382,µg/m³,VOC,GC-MS
62601,EXPERIMENTAL FARM _SIMCOE_,Benzene,2012-03-31T00:00,0.345,µg/m³,VOC,GC-MS
62601,EXPERIMENTAL FARM _SIMCOE_,Benzene,2012-04-03T00:00,0.294,µg/m³,VOC,GC-MS
62601,EXPERIMENTAL FARM _SIMCOE_,Benzene,2012-04-03T00:00,0.377,µg/m³,VOC,GC-MS
62601,EXPERIMENTAL FARM _SIMCOE_,Benzene,2012-04-06T00:00,0.244,µg/m³,VOC,GC-MS
62601,EXPERIMENTAL FARM _SIMCOE_,Benzene,2012-04-09T00:00,0.255,µg/m³,VOC,GC-MS
62601,EXPERIMENTAL FARM _SIMCOE_,Benzene,2012-04-09T00:00,0.337,µg/m³,VOC,GC-MS
62601,EXPERIMENTAL FARM _SIMCOE_,Benzene,2012-04-12T00:00,0.187,µg/m³,VOC,GC-MS
62601,EXPERIMENTAL FARM _SIMCOE_,Benzene,2012-04-15T00:00,0.335,µg/m³,VOC,GC-MS
62601,EXPERIMENTAL FARM _SIMCOE_,Benzene,2012-04-15T00:00,0.426,µg/m³,VOC,GC-MS
62601,EXPERIMENTAL FARM _SIMCOE_,Benzene,2012-04-18T00:00,0.315,µg/m³,VOC,GC-MS
62601,EXPERIMENTAL FARM _SIMCOE_,Benzene,2012-04-21T00:00,0.217,µg/m³,VOC,GC-MS
62601,EXPERIMENTAL FARM _SIMCOE_,Benzene,2012-04-21T00:00,0.295,µg/m³,VOC,GC-MS
62601,EXPERIMENTAL FARM _SIMCOE_,Benzene,2012-04-24T00:00,0.219,µg/m³,VOC,GC-MS
62601,EXPERIMENTAL FARM _SIMCOE_,Benzene,2012-04-27T00:00,0.220,µg/m³,VOC,GC-MS
62601,EXPERIMENTAL FARM _SIMCOE_,Benzene,2012-04-27T00:00,0.225,µg/m³,VOC,GC-MS
62601,EXPERIMENTAL FARM _SIMCOE_,Benzene,2012-04-30T00:00,0.311,µg/m³,VOC,GC-MS
62601,EXPERIMENTAL FARM _SIMCOE_,Benzene,2012-05-03T00:00,0.350,µg/m³,VOC,GC-MS
62601,EXPERIMENTAL FARM _SIMCOE_,Benzene,2012-05-03T00:00,0.380,µg/m³,VOC,GC-MS
62601,EXPERIMENTAL FARM _SIMCOE_,Benzene,2012-05-06T00:00,0.171,µg/m³,VOC,GC-MS
62601,EXPERIMENTAL FARM _SIMCOE_,Benzene,2012-05-09T00:00,0.189,µg/m³,VOC,GC-MS
62601,EXPERIMENTAL FARM _SIMCOE_,Benzene,2012-05-09T00:00,0.252,µg/m³,VOC,GC-MS
62601,EXPERIMENTAL FARM _SIMCOE_,Benzene,2012-05-12T00:00,0.154,µg/m³,VOC,GC-MS
62601,EXPERIMENTAL FARM _SIMCOE_,Benzene,2012-05-15T00:00,0.204,µg/m³,VOC,GC-MS
62601,EXPERIMENTAL FARM _SIMCOE_,Benzene,2012-05-15T00:00,0.256,µg/m³,VOC,GC-MS
62601,EXPERIMENTAL FARM _SIMCOE_,Benzene,2012-05-18T00:00,0.192,µg/m³,VOC,GC-MS
62601,EXPERIMENTAL FARM _SIMCOE_,Benzene,2012-05-21T00:00,0.132,µg/m³,VOC,GC-MS
62601,EXPERIMENTAL FARM _SIMCOE_,Benzene,2012-05-21T00:00,0.230,µg/m³,VOC,GC-MS
62601,EXPERIMENTAL FARM _SIMCOE_,Benzene,2012-05-24T00:00,0.118,µg/m³,VOC,GC-MS
62601,EXPERIMENTAL FARM _SIMCOE_,Benzene,2012-05-27T00:00,0.246,µg/m³,VOC,GC-MS
62601,EXPERIMENTAL FARM _SIMCOE_,Benzene,2012-05-27T00:00,0.376,µg/m³,VOC,GC-MS
62601,EXPERIMENTAL FARM _SIMCOE_,Benzene,2012-05-30T00:00,0.120,µg/m³,VOC,GC-MS
62601,EXPERIMENTAL FARM _SIMCOE_,Benzene,2012-06-02T00:00,0.138,µg/m³,VOC,GC-MS
62601,EXPERIMENTAL FARM _SIMCOE_,Benzene,2012-06-02T00:00,0.140,µg/m³,VOC,GC-MS
62601,EXPERIMENTAL FARM _SIMCOE_,Benzene,2012-06-05T00:00,0.109,µg/m³,VOC,GC-MS
62601,EXPERIMENTAL FARM _SIMCOE_,Benzene,2012-06-08T00:00,0.085,µg/m³,VOC,GC-MS
62601,EXPERIMENTAL FARM _SIMCOE_,Benzene,2012-06-08T00:00,0.167,µg/m³,VOC,GC-MS
62601,EXPERIMENTAL FARM _SIMCOE_,Benzene,2012-06-11T00:00,0.149,µg/m³,VOC,GC-MS
62601,EXPERIMENTAL FARM _SIMCOE_,Benzene,2012-06-14T00:00,0.085,µg/m³,VOC,GC-MS
62601,EXPERIMENTAL FARM _SIMCOE_,Benzene,2012-06-14T00:00,0.194,µg/m³,VOC,GC-MS
62601,EXPERIMENTAL FARM _SIMCOE_,Benzene,2012-06-17T00:00,0.189,µg/m³,VOC,GC-MS
62601,EXPERIMENTAL FARM _SIMCOE_,Benzene,2012-06-20T00:00,0.132,µg/m³,VOC,GC-MS
62601,EXPERIMENTAL FARM _SIMCOE_,Benzene,2012-06-20T00:00,0.187,µg/m³,VOC,GC-MS
62601,EXPERIMENTAL FARM _SIMCOE_,Benzene,2012-06-26T00:00,0.054,µg/m³,VOC,GC-MS
62601,EXPERIMENTAL FARM _SIMCOE_,Benzene,2012-06-26T00:00,0.075,µg/m³,VOC,GC-MS
62601,EXPERIMENTAL FARM _SIMCOE_,Benzene,2012-06-29T00:00,0.182,µg/m³,VOC,GC-MS
62601,EXPERIMENTAL FARM _SIMCOE_,Benzene,2012-07-02T00:00,0.120,µg/m³,VOC,GC-MS
62601,EXPERIMENTAL FARM _SIMCOE_,Benzene,2012-07-02T00:00,0.156,µg/m³,VOC,GC-MS
62601,EXPERIMENTAL FARM _SIMCOE_,Benzene,2012-07-05T00:00,0.257,µg/m³,VOC,GC-MS
62601,EXPERIMENTAL FARM _SIMCOE_,Benzene,2012-07-08T00:00,0.145,µg/m³,VOC,GC-MS
62601,EXPERIMENTAL FARM _SIMCOE_,Benzene,2012-07-08T00:00,0.165,µg/m³,VOC,GC-MS
62601,EXPERIMENTAL FARM _SIMCOE_,Benzene,2012-07-11T00:00,0.068,µg/m³,VOC,GC-MS
62601,EXPERIMENTAL FARM _SIMCOE_,Benzene,2012-07-14T00:00,0.097,µg/m³,VOC,GC-MS
62601,EXPERIMENTAL FARM _SIMCOE_,Benzene,2012-07-14T00:00,0.158,µg/m³,VOC,GC-MS
62601,EXPERIMENTAL FARM _SIMCOE_,Benzene,2012-07-17T00:00,0.214,µg/m³,VOC,GC-MS
62601,EXPERIMENTAL FARM _SIMCOE_,Benzene,2012-07-20T00:00,0.091,µg/m³,VOC,GC-MS
62601,EXPERIMENTAL FARM _SIMCOE_,Benzene,2012-07-20T00:00,0.112,µg/m³,VOC,GC-MS
62601,EXPERIMENTAL FARM _SIMCOE_,Benzene,2012-07-23T00:00,0.155,µg/m³,VOC,GC-MS
62601,EXPERIMENTAL FARM _SIMCOE_,Benzene,2012-07-26T00:00,0.138,µg/m³,VOC,GC-MS
62601,EXPERIMENTAL FARM _SIMCOE_,Benzene,2012-07-26T00:00,0.165,µg/m³,VOC,GC-MS
62601,EXPERIMENTAL FARM _SIMCOE_,Benzene,2012-07-29T00:00,0.160,µg/m³,VOC,GC-MS
62601,EXPERIMENTAL FARM _SIMCOE_,Benzene,2012-08-01T00:00,0.105,µg/m³,VOC,GC-MS
62601,EXPERIMENTAL FARM _SIMCOE_,Benzene,2012-08-01T00:00,0.162,µg/m³,VOC,GC-MS
62601,EXPERIMENTAL FARM _SIMCOE_,Benzene,2012-08-04T00:00,0.203,µg/m³,VOC,GC-MS
62601,EXPERIMENTAL FARM _SIMCOE_,Benzene,2012-08-07T00:00,0.128,µg/m³,VOC,GC-MS
62601,EXPERIMENTAL FARM _SIMCOE_,Benzene,2012-08-07T00:00,0.168,µg/m³,VOC,GC-MS
62601,EXPERIMENTAL FARM _SIMCOE_,Benzene,2012-08-10T00:00,0.210,µg/m³,VOC,GC-MS
62601,EXPERIMENTAL FARM _SIMCOE_,Benzene,2012-08-13T00:00,0.172,µg/m³,VOC,GC-MS
62601,EXPERIMENTAL FARM _SIMCOE_,Benzene,2012-08-13T00:00,0.214,µg/m³,VOC,GC-MS
62601,EXPERIMENTAL FARM _SIMCOE_,Benzene,2012-08-16T00:00,0.258,µg/m³,VOC,GC-MS
62601,EXPERIMENTAL FARM _SIMCOE_,Benzene,2012-08-19T00:00,0.234,µg/m³,VOC,GC-MS
62601,EXPERIMENTAL FARM _SIMCOE_,Benzene,2012-08-19T00:00,0.310,µg/m³,VOC,GC-MS
62601,EXPERIMENTAL FARM _SIMCOE_,Benzene,2012-08-22T00:00,0.186,µg/m³,VOC,GC-MS
62601,EXPERIMENTAL FARM _SIMCOE_,Benzene,2012-08-25T00:00,0.210,µg/m³,VOC,GC-MS
62601,EXPERIMENTAL FARM _SIMCOE_,Benzene,2012-08-25T00:00,0.386,µg/m³,VOC,GC-MS
62601,EXPERIMENTAL FARM _SIMCOE_,Benzene,2012-08-28T00:00,0.211,µg/m³,VOC,GC-MS
62601,EXPERIMENTAL FARM _SIMCOE_,Benzene,2012-08-31T00:00,0.310,µg/m³,VOC,GC-MS
62601,EXPERIMENTAL FARM _SIMCOE_,Benzene,2012-08-31T00:00,0.349,µg/m³,VOC,GC-MS
62601,EXPERIMENTAL FARM _SIMCOE_,Benzene,2012-09-03T00:00,0.189,µg/m³,VOC,GC-MS
62601,EXPERIMENTAL FARM _SIMCOE_,Benzene,2012-09-06T00:00,0.242,µg/m³,VOC,GC-MS
62601,EXPERIMENTAL FARM _SIMCOE_,Benzene,2012-09-06T00:00,0.275,µg/m³,VOC,GC-MS
62601,EXPERIMENTAL FARM _SIMCOE_,Benzene,2012-09-09T00:00,0.112,µg/m³,VOC,GC-MS
62601,EXPERIMENTAL FARM _SIMCOE_,Benzene,2012-09-12T00:00,0.129,µg/m³,VOC,GC-MS
62601,EXPERIMENTAL FARM _SIMCOE_,Benzene,2012-09-12T00:00,0.247,µg/m³,VOC,GC-MS
62601,EXPERIMENTAL FARM _SIMCOE_,Benzene,2012-09-15T00:00,0.131,µg/m³,VOC,GC-MS
62601,EXPERIMENTAL FARM _SIMCOE_,Benzene,2012-09-18T00:00,0.161,µg/m³,VOC,GC-MS
62601,EXPERIMENTAL FARM _SIMCOE_,Benzene,2012-09-18T00:00,0.203,µg/m³,VOC,GC-MS
62601,EXPERIMENTAL FARM _SIMCOE_,Benzene,2012-09-21T00:00,0.256,µg/m³,VOC,GC-MS
62601,EXPERIMENTAL FARM _SIMCOE_,Benzene,2012-09-24T00:00,0.130,µg/m³,VOC,GC-MS
62601,EXPERIMENTAL FARM _SIMCOE_,Benzene,2012-09-24T00:00,0.165,µg/m³,VOC,GC-MS
62601,EXPERIMENTAL FARM _SIMCOE_,Benzene,2012-09-27T00:00,0.103,µg/m³,VOC,GC-MS
62601,EXPERIMENTAL FARM _SIMCOE_,Benzene,2012-09-30T00:00,0.129,µg/m³,VOC,GC-MS
62601,EXPERIMENTAL FARM _SIMCOE_,Benzene,2012-09-30T00:00,0.205,µg/m³,VOC,GC-MS
62601,EXPERIMENTAL FARM _SIMCOE_,Benzene,2012-10-03T00:00,0.251,µg/m³,VOC,GC-MS
62601,EXPERIMENTAL FARM _SIMCOE_,Benzene,2012-10-06T00:00,0.165,µg/m³,VOC,GC-MS
62601,EXPERIMENTAL FARM _SIMCOE_,Benzene,2012-10-06T00:00,0.191,µg/m³,VOC,GC-MS
62601,EXPERIMENTAL FARM _SIMCOE_,Benzene,2012-10-09T00:00,0.237,µg/m³,VOC,GC-MS
62601,EXPERIMENTAL FARM _SIMCOE_,Benzene,2012-10-12T00:00,0.126,µg/m³,VOC,GC-MS
62601,EXPERIMENTAL FARM _SIMCOE_,Benzene,2012-10-12T00:00,0.137,µg/m³,VOC,GC-MS
62601,EXPERIMENTAL FARM _SIMCOE_,Benzene,2012-10-15T00:00,0.228,µg/m³,VOC,GC-MS
62601,EXPERIMENTAL FARM _SIMCOE_,Benzene,2012-10-18T00:00,0.143,µg/m³,VOC,GC-MS
62601,EXPERIMENTAL FARM _SIMCOE_,Benzene,2012-10-18T00:00,0.212,µg/m³,VOC,GC-MS
62601,EXPERIMENTAL FARM _SIMCOE_,Benzene,2012-10-21T00:00,0.219,µg/m³,VOC,GC-MS
62601,EXPERIMENTAL FARM _SIMCOE_,Benzene,2012-10-24T00:00,0.267,µg/m³,VOC,GC-MS
62601,EXPERIMENTAL FARM _SIMCOE_,Benzene,2012-10-24T00:00,0.281,µg/m³,VOC,GC-MS
62601,EXPERIMENTAL FARM _SIMCOE_,Benzene,2012-10-27T00:00,0.192,µg/m³,VOC,GC-MS
62601,EXPERIMENTAL FARM _SIMCOE_,Benzene,2012-10-30T00:00,0.187,µg/m³,VOC,GC-MS
62601,EXPERIMENTAL FARM _SIMCOE_,Benzene,2012-10-30T00:00,0.210,µg/m³,VOC,GC-MS
62601,EXPERIMENTAL FARM _SIMCOE_,Benzene,2012-11-02T00:00,0.199,µg/m³,VOC,GC-MS
62601,EXPERIMENTAL FARM _SIMCOE_,Benzene,2012-11-05T00:00,0.131,µg/m³,VOC,GC-MS
62601,EXPERIMENTAL FARM _SIMCOE_,Benzene,2012-11-05T00:00,0.184,µg/m³,VOC,GC-MS
62601,EXPERIMENTAL FARM _SIMCOE_,Benzene,2012-11-08T00:00,0.321,µg/m³,VOC,GC-MS
62601,EXPERIMENTAL FARM _SIMCOE_,Benzene,2012-11-11T00:00,0.414,µg/m³,VOC,GC-MS
62601,EXPERIMENTAL FARM _SIMCOE_,Benzene,2012-11-11T00:00,0.417,µg/m³,VOC,GC-MS
62601,EXPERIMENTAL FARM _SIMCOE_,Benzene,2012-11-14T00:00,0.263,µg/m³,VOC,GC-MS
62601,EXPERIMENTAL FARM _SIMCOE_,Benzene,2012-11-17T00:00,0.632,µg/m³,VOC,GC-MS
62601,EXPERIMENTAL FARM _SIMCOE_,Benzene,2012-11-17T00:00,0.743,µg/m³,VOC,GC-MS
62601,EXPERIMENTAL FARM _SIMCOE_,Benzene,2012-11-20T00:00,0.317,µg/m³,VOC,GC-MS
62601,EXPERIMENTAL FARM _SIMCOE_,Benzene,2012-11-20T00:00,0.877,µg/m³,VOC,GC-MS
62601,EXPERIMENTAL FARM _SIMCOE_,Benzene,2012-11-23T00:00,0.300,µg/m³,VOC,GC-MS
62601,EXPERIMENTAL FARM _SIMCOE_,Benzene,2012-11-23T00:00,0.528,µg/m³,VOC,GC-MS
62601,EXPERIMENTAL FARM _SIMCOE_,Benzene,2012-11-26T00:00,0.253,µg/m³,VOC,GC-MS
62601,EXPERIMENTAL FARM _SIMCOE_,Benzene,2012-11-29T00:00,0.425,µg/m³,VOC,GC-MS
62601,EXPERIMENTAL FARM _SIMCOE_,Benzene,2012-12-02T00:00,0.372,µg/m³,VOC,GC-MS
62601,EXPERIMENTAL FARM _SIMCOE_,Benzene,2012-12-05T00:00,0.280,µg/m³,VOC,GC-MS
62601,EXPERIMENTAL FARM _SIMCOE_,Benzene,2012-12-05T00:00,0.323,µg/m³,VOC,GC-MS
62601,EXPERIMENTAL FARM _SIMCOE_,Benzene,2012-12-08T00:00,1.214,µg/m³,VOC,GC-MS
62601,EXPERIMENTAL FARM _SIMCOE_,Benzene,2012-12-11T00:00,0.298,µg/m³,VOC,GC-MS
62601,EXPERIMENTAL FARM _SIMCOE_,Benzene,2012-12-11T00:00,0.353,µg/m³,VOC,GC-MS
62601,EXPERIMENTAL FARM _SIMCOE_,Benzene,2012-12-14T00:00,0.470,µg/m³,VOC,GC-MS
62601,EXPERIMENTAL FARM _SIMCOE_,Benzene,2012-12-17T00:00,0.538,µg/m³,VOC,GC-MS
62601,EXPERIMENTAL FARM _SIMCOE_,Benzene,2012-12-17T00:00,0.792,µg/m³,VOC,GC-MS
62601,EXPERIMENTAL FARM _SIMCOE_,Benzene,2012-12-20T00:00,0.429,µg/m³,VOC,GC-MS
62601,EXPERIMENTAL FARM _SIMCOE_,Benzene,2012-12-23T00:00,0.411,µg/m³,VOC,GC-MS
62601,EXPERIMENTAL FARM _SIMCOE_,Benzene,2012-12-23T00:00,0.413,µg/m³,VOC,GC-MS
62601,EXPERIMENTAL FARM _SIMCOE_,Benzene,2012-12-23T00:00,0.494,µg/m³,VOC,GC-MS
62601,EXPERIMENTAL FARM _SIMCOE_,Benzene,2012-12-26T00:00,0.263,µg/m³,VOC,GC-MS
62601,EXPERIMENTAL FARM _SIMCOE_,Benzene,2012-12-29T00:00,0.700,µg/m³,VOC,GC-MS
62601,EXPERIMENTAL FARM _SIMCOE_,Benzene,2012-12-29T00:00,0.769,µg/m³,VOC,GC-MS
