﻿NAPS_Site_ID,Station_Name,Pollutant,Date,Value,Units,Report_Type,Method
50902,SAGUENAY-PARC POWELL,Fluoranthene,2001-01-01T00:00,0.003,µg/m³,PAH,GC-MS
50902,SAGUENAY-PARC POWELL,Fluoranthene,2001-01-13T00:00,0.054,µg/m³,PAH,GC-MS
50902,SAGUENAY-PARC POWELL,Fluoranthene,2001-01-25T00:00,0.010,µg/m³,PAH,GC-MS
50902,SAGUENAY-PARC POWELL,Fluoranthene,2001-02-06T00:00,0.057,µg/m³,PAH,GC-MS
50902,SAGUENAY-PARC POWELL,Fluoranthene,2001-03-02T00:00,0.016,µg/m³,PAH,GC-MS
50902,SAGUENAY-PARC POWELL,Fluoranthene,2001-03-14T00:00,0.031,µg/m³,PAH,GC-MS
50902,SAGUENAY-PARC POWELL,Fluoranthene,2001-03-26T00:00,0.002,µg/m³,PAH,GC-MS
50902,SAGUENAY-PARC POWELL,Fluoranthene,2001-04-07T00:00,0.262,µg/m³,PAH,GC-MS
50902,SAGUENAY-PARC POWELL,Fluoranthene,2001-04-19T00:00,0.007,µg/m³,PAH,GC-MS
50902,SAGUENAY-PARC POWELL,Fluoranthene,2001-05-01T00:00,0.205,µg/m³,PAH,GC-MS
50902,SAGUENAY-PARC POWELL,Fluoranthene,2001-05-13T00:00,0.004,µg/m³,PAH,GC-MS
50902,SAGUENAY-PARC POWELL,Fluoranthene,2001-05-25T00:00,0.263,µg/m³,PAH,GC-MS
50902,SAGUENAY-PARC POWELL,Fluoranthene,2001-06-06T00:00,0.024,µg/m³,PAH,GC-MS
50902,SAGUENAY-PARC POWELL,Fluoranthene,2001-06-18T00:00,0.008,µg/m³,PAH,GC-MS
50902,SAGUENAY-PARC POWELL,Fluoranthene,2001-06-30T00:00,0.018,µg/m³,PAH,GC-MS
50902,SAGUENAY-PARC POWELL,Fluoranthene,2001-07-24T00:00,0.010,µg/m³,PAH,GC-MS
50902,SAGUENAY-PARC POWELL,Fluoranthene,2001-08-05T00:00,0.037,µg/m³,PAH,GC-MS
50902,SAGUENAY-PARC POWELL,Fluoranthene,2001-08-17T00:00,0.074,µg/m³,PAH,GC-MS
50902,SAGUENAY-PARC POWELL,Fluoranthene,2001-09-10T00:00,0.142,µg/m³,PAH,GC-MS
50902,SAGUENAY-PARC POWELL,Fluoranthene,2001-09-22T00:00,0.091,µg/m³,PAH,GC-MS
50902,SAGUENAY-PARC POWELL,Fluoranthene,2001-10-04T00:00,0.070,µg/m³,PAH,GC-MS
50902,SAGUENAY-PARC POWELL,Fluoranthene,2001-12-03T00:00,0.044,µg/m³,PAH,GC-MS
50902,SAGUENAY-PARC POWELL,Fluoranthene,2001-12-15T00:00,0.002,µg/m³,PAH,GC-MS
50902,SAGUENAY-PARC POWELL,Fluoranthene,2001-12-27T00:00,0.032,µg/m³,PAH,GC-MS
