﻿NAPS_Site_ID,Station_Name,Pollutant,Date,Value,Units,Report_Type,Method
100110,KENSINGTON PARK,"1,2,4-Trichlorobenzene",1991-01-12T00:00,0.000,µg/m³,VOC,GC-MS
100110,KENSINGTON PARK,"1,2,4-Trichlorobenzene",1991-02-11T00:00,0.000,µg/m³,VOC,GC-MS
100110,KENSINGTON PARK,"1,2,4-Trichlorobenzene",1991-03-13T00:00,0.000,µg/m³,VOC,GC-MS
100110,KENSINGTON PARK,"1,2,4-Trichlorobenzene",1991-04-12T00:00,0.000,µg/m³,VOC,GC-MS
100110,KENSINGTON PARK,"1,2,4-Trichlorobenzene",1991-04-18T00:00,0.000,µg/m³,VOC,GC-MS
100110,KENSINGTON PARK,"1,2,4-Trichlorobenzene",1991-05-12T00:00,0.000,µg/m³,VOC,GC-MS
100110,KENSINGTON PARK,"1,2,4-Trichlorobenzene",1991-07-11T00:00,0.000,µg/m³,VOC,GC-MS
100110,KENSINGTON PARK,"1,2,4-Trichlorobenzene",1991-09-21T00:00,0.000,µg/m³,VOC,GC-MS
100110,KENSINGTON PARK,"1,2,4-Trichlorobenzene",1991-10-21T00:00,0.000,µg/m³,VOC,GC-MS
