﻿NAPS_Site_ID,Station_Name,Pollutant,Date,Value,Units,Report_Type,Method
60104,OTTAWA DOWNTOWN,iso-Propylbenzene,1993-09-22T00:00,0.140,µg/m³,VOC,GC-MS
60104,OTTAWA DOWNTOWN,iso-Propylbenzene,1993-10-04T00:00,0.135,µg/m³,VOC,GC-MS
60104,OTTAWA DOWNTOWN,iso-Propylbenzene,1993-10-10T00:00,0.119,µg/m³,VOC,GC-MS
60104,OTTAWA DOWNTOWN,iso-Propylbenzene,1993-10-16T00:00,0.149,µg/m³,VOC,GC-MS
60104,OTTAWA DOWNTOWN,iso-Propylbenzene,1993-10-22T00:00,0.000,µg/m³,VOC,GC-MS
60104,OTTAWA DOWNTOWN,iso-Propylbenzene,1993-10-28T00:00,0.087,µg/m³,VOC,GC-MS
60104,OTTAWA DOWNTOWN,iso-Propylbenzene,1993-11-03T00:00,0.146,µg/m³,VOC,GC-MS
60104,OTTAWA DOWNTOWN,iso-Propylbenzene,1993-11-09T00:00,0.150,µg/m³,VOC,GC-MS
60104,OTTAWA DOWNTOWN,iso-Propylbenzene,1993-11-15T00:00,0.082,µg/m³,VOC,GC-MS
60104,OTTAWA DOWNTOWN,iso-Propylbenzene,1993-11-21T00:00,0.081,µg/m³,VOC,GC-MS
60104,OTTAWA DOWNTOWN,iso-Propylbenzene,1993-11-27T00:00,0.307,µg/m³,VOC,GC-MS
60104,OTTAWA DOWNTOWN,iso-Propylbenzene,1993-12-03T00:00,0.255,µg/m³,VOC,GC-MS
60104,OTTAWA DOWNTOWN,iso-Propylbenzene,1993-12-09T00:00,0.267,µg/m³,VOC,GC-MS
60104,OTTAWA DOWNTOWN,iso-Propylbenzene,1993-12-15T00:00,0.109,µg/m³,VOC,GC-MS
60104,OTTAWA DOWNTOWN,iso-Propylbenzene,1993-12-27T00:00,0.000,µg/m³,VOC,GC-MS
