﻿NAPS_Site_ID,Station_Name,Pollutant,Date,Value,Units,Report_Type,Method
40501,PT LEPREAU - CHARLOTTE COUNTY,p-Cymene,2007-01-06T00:00,0.059,µg/m³,VOC,N/A
40501,PT LEPREAU - CHARLOTTE COUNTY,p-Cymene,2007-01-12T00:00,0.008,µg/m³,VOC,N/A
40501,PT LEPREAU - CHARLOTTE COUNTY,p-Cymene,2007-01-15T00:00,0.010,µg/m³,VOC,N/A
40501,PT LEPREAU - CHARLOTTE COUNTY,p-Cymene,2007-01-18T00:00,0.004,µg/m³,VOC,N/A
40501,PT LEPREAU - CHARLOTTE COUNTY,p-Cymene,2007-01-21T00:00,0.007,µg/m³,VOC,N/A
40501,PT LEPREAU - CHARLOTTE COUNTY,p-Cymene,2007-01-24T00:00,0.005,µg/m³,VOC,N/A
40501,PT LEPREAU - CHARLOTTE COUNTY,p-Cymene,2007-01-27T00:00,0.005,µg/m³,VOC,N/A
40501,PT LEPREAU - CHARLOTTE COUNTY,p-Cymene,2007-01-30T00:00,0.004,µg/m³,VOC,N/A
40501,PT LEPREAU - CHARLOTTE COUNTY,p-Cymene,2007-02-02T00:00,0.018,µg/m³,VOC,N/A
40501,PT LEPREAU - CHARLOTTE COUNTY,p-Cymene,2007-02-05T00:00,0.010,µg/m³,VOC,N/A
40501,PT LEPREAU - CHARLOTTE COUNTY,p-Cymene,2007-02-08T00:00,0.005,µg/m³,VOC,N/A
40501,PT LEPREAU - CHARLOTTE COUNTY,p-Cymene,2007-02-11T00:00,0.005,µg/m³,VOC,N/A
40501,PT LEPREAU - CHARLOTTE COUNTY,p-Cymene,2007-02-14T00:00,0.005,µg/m³,VOC,N/A
40501,PT LEPREAU - CHARLOTTE COUNTY,p-Cymene,2007-02-17T00:00,0.008,µg/m³,VOC,N/A
40501,PT LEPREAU - CHARLOTTE COUNTY,p-Cymene,2007-02-20T00:00,0.008,µg/m³,VOC,N/A
40501,PT LEPREAU - CHARLOTTE COUNTY,p-Cymene,2007-02-23T00:00,0.008,µg/m³,VOC,N/A
40501,PT LEPREAU - CHARLOTTE COUNTY,p-Cymene,2007-02-26T00:00,0.005,µg/m³,VOC,N/A
40501,PT LEPREAU - CHARLOTTE COUNTY,p-Cymene,2007-03-01T00:00,0.011,µg/m³,VOC,N/A
40501,PT LEPREAU - CHARLOTTE COUNTY,p-Cymene,2007-03-04T00:00,0.014,µg/m³,VOC,N/A
40501,PT LEPREAU - CHARLOTTE COUNTY,p-Cymene,2007-03-07T00:00,0.008,µg/m³,VOC,N/A
40501,PT LEPREAU - CHARLOTTE COUNTY,p-Cymene,2007-03-10T00:00,0.007,µg/m³,VOC,N/A
40501,PT LEPREAU - CHARLOTTE COUNTY,p-Cymene,2007-03-13T00:00,0.013,µg/m³,VOC,N/A
40501,PT LEPREAU - CHARLOTTE COUNTY,p-Cymene,2007-03-16T00:00,0.010,µg/m³,VOC,N/A
40501,PT LEPREAU - CHARLOTTE COUNTY,p-Cymene,2007-03-19T00:00,0.008,µg/m³,VOC,N/A
40501,PT LEPREAU - CHARLOTTE COUNTY,p-Cymene,2007-03-22T00:00,0.010,µg/m³,VOC,N/A
40501,PT LEPREAU - CHARLOTTE COUNTY,p-Cymene,2007-03-25T00:00,0.006,µg/m³,VOC,N/A
40501,PT LEPREAU - CHARLOTTE COUNTY,p-Cymene,2007-03-28T00:00,0.007,µg/m³,VOC,N/A
40501,PT LEPREAU - CHARLOTTE COUNTY,p-Cymene,2007-03-31T00:00,0.012,µg/m³,VOC,N/A
40501,PT LEPREAU - CHARLOTTE COUNTY,p-Cymene,2007-04-03T00:00,0.190,µg/m³,VOC,N/A
40501,PT LEPREAU - CHARLOTTE COUNTY,p-Cymene,2007-04-06T00:00,0.017,µg/m³,VOC,N/A
40501,PT LEPREAU - CHARLOTTE COUNTY,p-Cymene,2007-04-09T00:00,0.017,µg/m³,VOC,N/A
40501,PT LEPREAU - CHARLOTTE COUNTY,p-Cymene,2007-04-12T00:00,0.007,µg/m³,VOC,N/A
40501,PT LEPREAU - CHARLOTTE COUNTY,p-Cymene,2007-04-15T00:00,0.015,µg/m³,VOC,N/A
40501,PT LEPREAU - CHARLOTTE COUNTY,p-Cymene,2007-04-18T00:00,0.004,µg/m³,VOC,N/A
40501,PT LEPREAU - CHARLOTTE COUNTY,p-Cymene,2007-04-21T00:00,0.018,µg/m³,VOC,N/A
40501,PT LEPREAU - CHARLOTTE COUNTY,p-Cymene,2007-04-24T00:00,0.006,µg/m³,VOC,N/A
40501,PT LEPREAU - CHARLOTTE COUNTY,p-Cymene,2007-04-27T00:00,0.029,µg/m³,VOC,N/A
40501,PT LEPREAU - CHARLOTTE COUNTY,p-Cymene,2007-04-30T00:00,0.005,µg/m³,VOC,N/A
40501,PT LEPREAU - CHARLOTTE COUNTY,p-Cymene,2007-05-03T00:00,0.023,µg/m³,VOC,N/A
40501,PT LEPREAU - CHARLOTTE COUNTY,p-Cymene,2007-05-06T00:00,0.013,µg/m³,VOC,N/A
40501,PT LEPREAU - CHARLOTTE COUNTY,p-Cymene,2007-05-09T00:00,0.036,µg/m³,VOC,N/A
40501,PT LEPREAU - CHARLOTTE COUNTY,p-Cymene,2007-05-15T00:00,0.008,µg/m³,VOC,N/A
40501,PT LEPREAU - CHARLOTTE COUNTY,p-Cymene,2007-05-18T00:00,0.091,µg/m³,VOC,N/A
40501,PT LEPREAU - CHARLOTTE COUNTY,p-Cymene,2007-05-21T00:00,0.121,µg/m³,VOC,N/A
40501,PT LEPREAU - CHARLOTTE COUNTY,p-Cymene,2007-05-24T00:00,0.012,µg/m³,VOC,N/A
40501,PT LEPREAU - CHARLOTTE COUNTY,p-Cymene,2007-05-27T00:00,0.033,µg/m³,VOC,N/A
40501,PT LEPREAU - CHARLOTTE COUNTY,p-Cymene,2007-05-30T00:00,0.020,µg/m³,VOC,N/A
40501,PT LEPREAU - CHARLOTTE COUNTY,p-Cymene,2007-06-02T00:00,0.051,µg/m³,VOC,N/A
40501,PT LEPREAU - CHARLOTTE COUNTY,p-Cymene,2007-06-05T00:00,0.004,µg/m³,VOC,N/A
40501,PT LEPREAU - CHARLOTTE COUNTY,p-Cymene,2007-06-08T00:00,0.036,µg/m³,VOC,N/A
40501,PT LEPREAU - CHARLOTTE COUNTY,p-Cymene,2007-06-11T00:00,0.017,µg/m³,VOC,N/A
40501,PT LEPREAU - CHARLOTTE COUNTY,p-Cymene,2007-06-17T00:00,0.113,µg/m³,VOC,N/A
40501,PT LEPREAU - CHARLOTTE COUNTY,p-Cymene,2007-06-20T00:00,0.037,µg/m³,VOC,N/A
40501,PT LEPREAU - CHARLOTTE COUNTY,p-Cymene,2007-06-26T00:00,0.011,µg/m³,VOC,N/A
40501,PT LEPREAU - CHARLOTTE COUNTY,p-Cymene,2007-06-29T00:00,0.145,µg/m³,VOC,N/A
40501,PT LEPREAU - CHARLOTTE COUNTY,p-Cymene,2007-07-02T00:00,0.142,µg/m³,VOC,N/A
40501,PT LEPREAU - CHARLOTTE COUNTY,p-Cymene,2007-07-05T00:00,0.068,µg/m³,VOC,N/A
40501,PT LEPREAU - CHARLOTTE COUNTY,p-Cymene,2007-07-08T00:00,0.115,µg/m³,VOC,N/A
40501,PT LEPREAU - CHARLOTTE COUNTY,p-Cymene,2007-07-11T00:00,0.075,µg/m³,VOC,N/A
40501,PT LEPREAU - CHARLOTTE COUNTY,p-Cymene,2007-07-14T00:00,0.120,µg/m³,VOC,N/A
40501,PT LEPREAU - CHARLOTTE COUNTY,p-Cymene,2007-07-17T00:00,0.038,µg/m³,VOC,N/A
40501,PT LEPREAU - CHARLOTTE COUNTY,p-Cymene,2007-07-20T00:00,0.132,µg/m³,VOC,N/A
40501,PT LEPREAU - CHARLOTTE COUNTY,p-Cymene,2007-07-23T00:00,0.211,µg/m³,VOC,N/A
40501,PT LEPREAU - CHARLOTTE COUNTY,p-Cymene,2007-07-26T00:00,0.181,µg/m³,VOC,N/A
40501,PT LEPREAU - CHARLOTTE COUNTY,p-Cymene,2007-07-29T00:00,0.280,µg/m³,VOC,N/A
40501,PT LEPREAU - CHARLOTTE COUNTY,p-Cymene,2007-08-01T00:00,0.362,µg/m³,VOC,N/A
40501,PT LEPREAU - CHARLOTTE COUNTY,p-Cymene,2007-08-04T00:00,0.169,µg/m³,VOC,N/A
40501,PT LEPREAU - CHARLOTTE COUNTY,p-Cymene,2007-08-07T00:00,0.365,µg/m³,VOC,N/A
40501,PT LEPREAU - CHARLOTTE COUNTY,p-Cymene,2007-08-10T00:00,0.111,µg/m³,VOC,N/A
40501,PT LEPREAU - CHARLOTTE COUNTY,p-Cymene,2007-08-13T00:00,0.156,µg/m³,VOC,N/A
40501,PT LEPREAU - CHARLOTTE COUNTY,p-Cymene,2007-08-16T00:00,0.100,µg/m³,VOC,N/A
40501,PT LEPREAU - CHARLOTTE COUNTY,p-Cymene,2007-08-19T00:00,0.076,µg/m³,VOC,N/A
40501,PT LEPREAU - CHARLOTTE COUNTY,p-Cymene,2007-08-22T00:00,0.110,µg/m³,VOC,N/A
40501,PT LEPREAU - CHARLOTTE COUNTY,p-Cymene,2007-08-25T00:00,0.166,µg/m³,VOC,N/A
40501,PT LEPREAU - CHARLOTTE COUNTY,p-Cymene,2007-08-28T00:00,0.216,µg/m³,VOC,N/A
40501,PT LEPREAU - CHARLOTTE COUNTY,p-Cymene,2007-08-31T00:00,0.252,µg/m³,VOC,N/A
40501,PT LEPREAU - CHARLOTTE COUNTY,p-Cymene,2007-09-03T00:00,0.226,µg/m³,VOC,N/A
40501,PT LEPREAU - CHARLOTTE COUNTY,p-Cymene,2007-09-06T00:00,0.029,µg/m³,VOC,N/A
40501,PT LEPREAU - CHARLOTTE COUNTY,p-Cymene,2007-09-09T00:00,0.067,µg/m³,VOC,N/A
40501,PT LEPREAU - CHARLOTTE COUNTY,p-Cymene,2007-09-12T00:00,0.130,µg/m³,VOC,N/A
40501,PT LEPREAU - CHARLOTTE COUNTY,p-Cymene,2007-09-15T00:00,0.191,µg/m³,VOC,N/A
40501,PT LEPREAU - CHARLOTTE COUNTY,p-Cymene,2007-09-18T00:00,0.037,µg/m³,VOC,N/A
40501,PT LEPREAU - CHARLOTTE COUNTY,p-Cymene,2007-09-21T00:00,0.192,µg/m³,VOC,N/A
40501,PT LEPREAU - CHARLOTTE COUNTY,p-Cymene,2007-09-24T00:00,0.451,µg/m³,VOC,N/A
40501,PT LEPREAU - CHARLOTTE COUNTY,p-Cymene,2007-09-27T00:00,0.094,µg/m³,VOC,N/A
40501,PT LEPREAU - CHARLOTTE COUNTY,p-Cymene,2007-09-30T00:00,0.103,µg/m³,VOC,N/A
40501,PT LEPREAU - CHARLOTTE COUNTY,p-Cymene,2007-10-03T00:00,0.036,µg/m³,VOC,N/A
40501,PT LEPREAU - CHARLOTTE COUNTY,p-Cymene,2007-10-06T00:00,0.093,µg/m³,VOC,N/A
40501,PT LEPREAU - CHARLOTTE COUNTY,p-Cymene,2007-10-09T00:00,0.076,µg/m³,VOC,N/A
40501,PT LEPREAU - CHARLOTTE COUNTY,p-Cymene,2007-10-12T00:00,0.067,µg/m³,VOC,N/A
40501,PT LEPREAU - CHARLOTTE COUNTY,p-Cymene,2007-10-15T00:00,0.079,µg/m³,VOC,N/A
40501,PT LEPREAU - CHARLOTTE COUNTY,p-Cymene,2007-10-18T00:00,0.036,µg/m³,VOC,N/A
40501,PT LEPREAU - CHARLOTTE COUNTY,p-Cymene,2007-10-21T00:00,0.062,µg/m³,VOC,N/A
40501,PT LEPREAU - CHARLOTTE COUNTY,p-Cymene,2007-10-24T00:00,0.130,µg/m³,VOC,N/A
40501,PT LEPREAU - CHARLOTTE COUNTY,p-Cymene,2007-10-27T00:00,0.056,µg/m³,VOC,N/A
40501,PT LEPREAU - CHARLOTTE COUNTY,p-Cymene,2007-10-30T00:00,0.023,µg/m³,VOC,N/A
40501,PT LEPREAU - CHARLOTTE COUNTY,p-Cymene,2007-11-02T00:00,0.037,µg/m³,VOC,N/A
40501,PT LEPREAU - CHARLOTTE COUNTY,p-Cymene,2007-11-05T00:00,0.012,µg/m³,VOC,N/A
40501,PT LEPREAU - CHARLOTTE COUNTY,p-Cymene,2007-11-08T00:00,0.033,µg/m³,VOC,N/A
40501,PT LEPREAU - CHARLOTTE COUNTY,p-Cymene,2007-11-11T00:00,0.018,µg/m³,VOC,N/A
40501,PT LEPREAU - CHARLOTTE COUNTY,p-Cymene,2007-11-14T00:00,0.017,µg/m³,VOC,N/A
40501,PT LEPREAU - CHARLOTTE COUNTY,p-Cymene,2007-11-17T00:00,0.024,µg/m³,VOC,N/A
40501,PT LEPREAU - CHARLOTTE COUNTY,p-Cymene,2007-11-20T00:00,0.014,µg/m³,VOC,N/A
40501,PT LEPREAU - CHARLOTTE COUNTY,p-Cymene,2007-11-23T00:00,0.038,µg/m³,VOC,N/A
40501,PT LEPREAU - CHARLOTTE COUNTY,p-Cymene,2007-11-26T00:00,0.032,µg/m³,VOC,N/A
40501,PT LEPREAU - CHARLOTTE COUNTY,p-Cymene,2007-11-29T00:00,0.017,µg/m³,VOC,N/A
40501,PT LEPREAU - CHARLOTTE COUNTY,p-Cymene,2007-12-02T00:00,0.016,µg/m³,VOC,N/A
40501,PT LEPREAU - CHARLOTTE COUNTY,p-Cymene,2007-12-05T00:00,0.014,µg/m³,VOC,N/A
40501,PT LEPREAU - CHARLOTTE COUNTY,p-Cymene,2007-12-08T00:00,0.016,µg/m³,VOC,N/A
40501,PT LEPREAU - CHARLOTTE COUNTY,p-Cymene,2007-12-11T00:00,0.021,µg/m³,VOC,N/A
40501,PT LEPREAU - CHARLOTTE COUNTY,p-Cymene,2007-12-14T00:00,0.010,µg/m³,VOC,N/A
40501,PT LEPREAU - CHARLOTTE COUNTY,p-Cymene,2007-12-17T00:00,0.006,µg/m³,VOC,N/A
40501,PT LEPREAU - CHARLOTTE COUNTY,p-Cymene,2007-12-20T00:00,0.010,µg/m³,VOC,N/A
40501,PT LEPREAU - CHARLOTTE COUNTY,p-Cymene,2007-12-23T00:00,0.010,µg/m³,VOC,N/A
40501,PT LEPREAU - CHARLOTTE COUNTY,p-Cymene,2007-12-26T00:00,0.018,µg/m³,VOC,N/A
40501,PT LEPREAU - CHARLOTTE COUNTY,p-Cymene,2007-12-29T00:00,0.009,µg/m³,VOC,N/A
