﻿NAPS_Site_ID,Station_Name,Pollutant,Date,Value,Units,Report_Type,Method
50104,ONTARIO,123678-H6CDD,1999-03-01T00:00,0.009,pg/m³,PCDD,N/A
50104,ONTARIO,123678-H6CDD,1999-03-25T00:00,0.007,pg/m³,PCDD,N/A
50104,ONTARIO,123678-H6CDD,1999-04-18T00:00,0.015,pg/m³,PCDD,N/A
50104,ONTARIO,123678-H6CDD,1999-05-12T00:00,0.000,pg/m³,PCDD,N/A
50104,ONTARIO,123678-H6CDD,1999-06-05T00:00,0.014,pg/m³,PCDD,N/A
50104,ONTARIO,123678-H6CDD,1999-06-29T00:00,0.011,pg/m³,PCDD,N/A
50104,ONTARIO,123678-H6CDD,1999-09-09T00:00,0.005,pg/m³,PCDD,N/A
50104,ONTARIO,123678-H6CDD,1999-10-03T00:00,0.008,pg/m³,PCDD,N/A
50104,ONTARIO,123678-H6CDD,1999-11-20T00:00,0.011,pg/m³,PCDD,N/A
50104,ONTARIO,123678-H6CDD,1999-12-02T00:00,0.022,pg/m³,PCDD,N/A
50104,ONTARIO,123678-H6CDD,1999-12-14T00:00,0.053,pg/m³,PCDD,N/A
50104,ONTARIO,123678-H6CDD,1999-12-26T00:00,0.013,pg/m³,PCDD,N/A
