﻿NAPS_Site_ID,Station_Name,Pollutant,Date,Value,Units,Report_Type,Method
60413,CENTENNIAL PARK _ETOBICOKE WEST_,Chloroform,2007-01-06T00:00,0.097,µg/m³,VOC,GC-MS
60413,CENTENNIAL PARK _ETOBICOKE WEST_,Chloroform,2007-01-12T00:00,0.089,µg/m³,VOC,GC-MS
60413,CENTENNIAL PARK _ETOBICOKE WEST_,Chloroform,2007-01-18T00:00,0.110,µg/m³,VOC,GC-MS
60413,CENTENNIAL PARK _ETOBICOKE WEST_,Chloroform,2007-01-30T00:00,0.104,µg/m³,VOC,GC-MS
60413,CENTENNIAL PARK _ETOBICOKE WEST_,Chloroform,2007-02-05T00:00,0.074,µg/m³,VOC,GC-MS
60413,CENTENNIAL PARK _ETOBICOKE WEST_,Chloroform,2007-02-11T00:00,0.070,µg/m³,VOC,GC-MS
60413,CENTENNIAL PARK _ETOBICOKE WEST_,Chloroform,2007-02-17T00:00,0.069,µg/m³,VOC,GC-MS
60413,CENTENNIAL PARK _ETOBICOKE WEST_,Chloroform,2007-02-23T00:00,0.069,µg/m³,VOC,GC-MS
60413,CENTENNIAL PARK _ETOBICOKE WEST_,Chloroform,2007-03-01T00:00,0.112,µg/m³,VOC,GC-MS
60413,CENTENNIAL PARK _ETOBICOKE WEST_,Chloroform,2007-03-07T00:00,0.074,µg/m³,VOC,GC-MS
60413,CENTENNIAL PARK _ETOBICOKE WEST_,Chloroform,2007-03-13T00:00,0.090,µg/m³,VOC,GC-MS
60413,CENTENNIAL PARK _ETOBICOKE WEST_,Chloroform,2007-03-19T00:00,0.078,µg/m³,VOC,GC-MS
60413,CENTENNIAL PARK _ETOBICOKE WEST_,Chloroform,2007-03-25T00:00,0.088,µg/m³,VOC,GC-MS
60413,CENTENNIAL PARK _ETOBICOKE WEST_,Chloroform,2007-03-31T00:00,0.099,µg/m³,VOC,GC-MS
60413,CENTENNIAL PARK _ETOBICOKE WEST_,Chloroform,2007-04-06T00:00,0.066,µg/m³,VOC,GC-MS
60413,CENTENNIAL PARK _ETOBICOKE WEST_,Chloroform,2007-04-12T00:00,0.087,µg/m³,VOC,GC-MS
60413,CENTENNIAL PARK _ETOBICOKE WEST_,Chloroform,2007-04-18T00:00,0.075,µg/m³,VOC,GC-MS
60413,CENTENNIAL PARK _ETOBICOKE WEST_,Chloroform,2007-04-24T00:00,0.062,µg/m³,VOC,GC-MS
60413,CENTENNIAL PARK _ETOBICOKE WEST_,Chloroform,2007-04-30T00:00,0.062,µg/m³,VOC,GC-MS
60413,CENTENNIAL PARK _ETOBICOKE WEST_,Chloroform,2007-05-06T00:00,0.073,µg/m³,VOC,GC-MS
60413,CENTENNIAL PARK _ETOBICOKE WEST_,Chloroform,2007-05-12T00:00,0.073,µg/m³,VOC,GC-MS
60413,CENTENNIAL PARK _ETOBICOKE WEST_,Chloroform,2007-05-18T00:00,0.115,µg/m³,VOC,GC-MS
60413,CENTENNIAL PARK _ETOBICOKE WEST_,Chloroform,2007-05-24T00:00,0.229,µg/m³,VOC,GC-MS
60413,CENTENNIAL PARK _ETOBICOKE WEST_,Chloroform,2007-05-30T00:00,0.239,µg/m³,VOC,GC-MS
60413,CENTENNIAL PARK _ETOBICOKE WEST_,Chloroform,2007-06-05T00:00,0.102,µg/m³,VOC,GC-MS
60413,CENTENNIAL PARK _ETOBICOKE WEST_,Chloroform,2007-06-11T00:00,0.090,µg/m³,VOC,GC-MS
60413,CENTENNIAL PARK _ETOBICOKE WEST_,Chloroform,2007-06-17T00:00,0.113,µg/m³,VOC,GC-MS
60413,CENTENNIAL PARK _ETOBICOKE WEST_,Chloroform,2007-06-23T00:00,0.081,µg/m³,VOC,GC-MS
60413,CENTENNIAL PARK _ETOBICOKE WEST_,Chloroform,2007-06-29T00:00,0.091,µg/m³,VOC,GC-MS
60413,CENTENNIAL PARK _ETOBICOKE WEST_,Chloroform,2007-07-05T00:00,0.140,µg/m³,VOC,GC-MS
60413,CENTENNIAL PARK _ETOBICOKE WEST_,Chloroform,2007-08-04T00:00,0.093,µg/m³,VOC,GC-MS
60413,CENTENNIAL PARK _ETOBICOKE WEST_,Chloroform,2007-08-10T00:00,0.094,µg/m³,VOC,GC-MS
60413,CENTENNIAL PARK _ETOBICOKE WEST_,Chloroform,2007-08-16T00:00,0.130,µg/m³,VOC,GC-MS
60413,CENTENNIAL PARK _ETOBICOKE WEST_,Chloroform,2007-08-22T00:00,0.121,µg/m³,VOC,GC-MS
60413,CENTENNIAL PARK _ETOBICOKE WEST_,Chloroform,2007-08-28T00:00,0.238,µg/m³,VOC,GC-MS
60413,CENTENNIAL PARK _ETOBICOKE WEST_,Chloroform,2007-09-03T00:00,0.103,µg/m³,VOC,GC-MS
60413,CENTENNIAL PARK _ETOBICOKE WEST_,Chloroform,2007-09-09T00:00,0.156,µg/m³,VOC,GC-MS
60413,CENTENNIAL PARK _ETOBICOKE WEST_,Chloroform,2007-09-15T00:00,0.080,µg/m³,VOC,GC-MS
60413,CENTENNIAL PARK _ETOBICOKE WEST_,Chloroform,2007-09-21T00:00,0.186,µg/m³,VOC,GC-MS
60413,CENTENNIAL PARK _ETOBICOKE WEST_,Chloroform,2007-09-27T00:00,0.110,µg/m³,VOC,GC-MS
60413,CENTENNIAL PARK _ETOBICOKE WEST_,Chloroform,2007-10-03T00:00,0.111,µg/m³,VOC,GC-MS
60413,CENTENNIAL PARK _ETOBICOKE WEST_,Chloroform,2007-10-09T00:00,0.161,µg/m³,VOC,GC-MS
60413,CENTENNIAL PARK _ETOBICOKE WEST_,Chloroform,2007-10-15T00:00,0.126,µg/m³,VOC,GC-MS
60413,CENTENNIAL PARK _ETOBICOKE WEST_,Chloroform,2007-10-21T00:00,0.089,µg/m³,VOC,GC-MS
60413,CENTENNIAL PARK _ETOBICOKE WEST_,Chloroform,2007-10-27T00:00,0.084,µg/m³,VOC,GC-MS
60413,CENTENNIAL PARK _ETOBICOKE WEST_,Chloroform,2007-11-02T00:00,0.131,µg/m³,VOC,GC-MS
60413,CENTENNIAL PARK _ETOBICOKE WEST_,Chloroform,2007-11-08T00:00,0.081,µg/m³,VOC,GC-MS
60413,CENTENNIAL PARK _ETOBICOKE WEST_,Chloroform,2007-11-14T00:00,0.084,µg/m³,VOC,GC-MS
60413,CENTENNIAL PARK _ETOBICOKE WEST_,Chloroform,2007-11-20T00:00,0.114,µg/m³,VOC,GC-MS
60413,CENTENNIAL PARK _ETOBICOKE WEST_,Chloroform,2007-11-26T00:00,0.094,µg/m³,VOC,GC-MS
60413,CENTENNIAL PARK _ETOBICOKE WEST_,Chloroform,2007-12-02T00:00,0.081,µg/m³,VOC,GC-MS
60413,CENTENNIAL PARK _ETOBICOKE WEST_,Chloroform,2007-12-08T00:00,0.080,µg/m³,VOC,GC-MS
60413,CENTENNIAL PARK _ETOBICOKE WEST_,Chloroform,2007-12-14T00:00,0.065,µg/m³,VOC,GC-MS
60413,CENTENNIAL PARK _ETOBICOKE WEST_,Chloroform,2007-12-20T00:00,0.090,µg/m³,VOC,GC-MS
60413,CENTENNIAL PARK _ETOBICOKE WEST_,Chloroform,2007-12-26T00:00,0.086,µg/m³,VOC,GC-MS
