﻿NAPS_Site_ID,Station_Name,Pollutant,Date,Value,Units,Report_Type,Method
50103,MONTRÉAL-SAINT-JEAN-BAPTISTE,Pentane,2015-12-31T19:00,1.979,µg/m³,VOC,
50103,MONTRÉAL-SAINT-JEAN-BAPTISTE,Pentane,2016-01-06T19:00,2.889,µg/m³,VOC,
50103,MONTRÉAL-SAINT-JEAN-BAPTISTE,Pentane,2016-01-12T19:00,1.756,µg/m³,VOC,
50103,MONTRÉAL-SAINT-JEAN-BAPTISTE,Pentane,2016-01-18T19:00,2.013,µg/m³,VOC,
50103,MONTRÉAL-SAINT-JEAN-BAPTISTE,Pentane,2016-01-24T19:00,2.063,µg/m³,VOC,
50103,MONTRÉAL-SAINT-JEAN-BAPTISTE,Pentane,2016-01-30T19:00,4.308,µg/m³,VOC,
50103,MONTRÉAL-SAINT-JEAN-BAPTISTE,Pentane,2016-02-05T19:00,1.514,µg/m³,VOC,
50103,MONTRÉAL-SAINT-JEAN-BAPTISTE,Pentane,2016-02-11T19:00,1.584,µg/m³,VOC,
50103,MONTRÉAL-SAINT-JEAN-BAPTISTE,Pentane,2016-02-17T19:00,1.027,µg/m³,VOC,
50103,MONTRÉAL-SAINT-JEAN-BAPTISTE,Pentane,2016-02-23T19:00,0.680,µg/m³,VOC,
50103,MONTRÉAL-SAINT-JEAN-BAPTISTE,Pentane,2016-02-29T19:00,1.169,µg/m³,VOC,
50103,MONTRÉAL-SAINT-JEAN-BAPTISTE,Pentane,2016-03-06T19:00,2.154,µg/m³,VOC,
50103,MONTRÉAL-SAINT-JEAN-BAPTISTE,Pentane,2016-03-12T19:00,0.661,µg/m³,VOC,
50103,MONTRÉAL-SAINT-JEAN-BAPTISTE,Pentane,2016-03-18T20:00,0.865,µg/m³,VOC,
50103,MONTRÉAL-SAINT-JEAN-BAPTISTE,Pentane,2016-03-24T20:00,0.751,µg/m³,VOC,
50103,MONTRÉAL-SAINT-JEAN-BAPTISTE,Pentane,2016-03-30T20:00,4.649,µg/m³,VOC,
50103,MONTRÉAL-SAINT-JEAN-BAPTISTE,Pentane,2016-04-05T20:00,0.792,µg/m³,VOC,
50103,MONTRÉAL-SAINT-JEAN-BAPTISTE,Pentane,2016-04-11T20:00,1.650,µg/m³,VOC,
50103,MONTRÉAL-SAINT-JEAN-BAPTISTE,Pentane,2016-04-17T20:00,0.271,µg/m³,VOC,
50103,MONTRÉAL-SAINT-JEAN-BAPTISTE,Pentane,2016-04-23T20:00,0.830,µg/m³,VOC,
50103,MONTRÉAL-SAINT-JEAN-BAPTISTE,Pentane,2016-04-29T20:00,0.358,µg/m³,VOC,
50103,MONTRÉAL-SAINT-JEAN-BAPTISTE,Pentane,2016-05-05T20:00,0.364,µg/m³,VOC,
50103,MONTRÉAL-SAINT-JEAN-BAPTISTE,Pentane,2016-05-11T20:00,1.691,µg/m³,VOC,
50103,MONTRÉAL-SAINT-JEAN-BAPTISTE,Pentane,2016-05-17T20:00,1.375,µg/m³,VOC,
50103,MONTRÉAL-SAINT-JEAN-BAPTISTE,Pentane,2016-05-23T20:00,3.179,µg/m³,VOC,
50103,MONTRÉAL-SAINT-JEAN-BAPTISTE,Pentane,2016-05-29T20:00,0.824,µg/m³,VOC,
50103,MONTRÉAL-SAINT-JEAN-BAPTISTE,Pentane,2016-06-04T20:00,2.139,µg/m³,VOC,
50103,MONTRÉAL-SAINT-JEAN-BAPTISTE,Pentane,2016-06-10T20:00,10.878,µg/m³,VOC,
50103,MONTRÉAL-SAINT-JEAN-BAPTISTE,Pentane,2016-06-16T20:00,1.474,µg/m³,VOC,
50103,MONTRÉAL-SAINT-JEAN-BAPTISTE,Pentane,2016-06-22T20:00,3.233,µg/m³,VOC,
50103,MONTRÉAL-SAINT-JEAN-BAPTISTE,Pentane,2016-06-28T20:00,1.316,µg/m³,VOC,
50103,MONTRÉAL-SAINT-JEAN-BAPTISTE,Pentane,2016-07-10T20:00,5.561,µg/m³,VOC,
50103,MONTRÉAL-SAINT-JEAN-BAPTISTE,Pentane,2016-07-16T20:00,1.886,µg/m³,VOC,
50103,MONTRÉAL-SAINT-JEAN-BAPTISTE,Pentane,2016-07-22T20:00,3.660,µg/m³,VOC,
50103,MONTRÉAL-SAINT-JEAN-BAPTISTE,Pentane,2016-08-03T20:00,1.382,µg/m³,VOC,
50103,MONTRÉAL-SAINT-JEAN-BAPTISTE,Pentane,2016-08-09T20:00,1.238,µg/m³,VOC,
50103,MONTRÉAL-SAINT-JEAN-BAPTISTE,Pentane,2016-08-15T20:00,0.861,µg/m³,VOC,
50103,MONTRÉAL-SAINT-JEAN-BAPTISTE,Pentane,2016-08-21T20:00,3.157,µg/m³,VOC,
50103,MONTRÉAL-SAINT-JEAN-BAPTISTE,Pentane,2016-08-27T20:00,1.248,µg/m³,VOC,
50103,MONTRÉAL-SAINT-JEAN-BAPTISTE,Pentane,2016-09-02T20:00,1.180,µg/m³,VOC,
50103,MONTRÉAL-SAINT-JEAN-BAPTISTE,Pentane,2016-09-08T20:00,3.348,µg/m³,VOC,
50103,MONTRÉAL-SAINT-JEAN-BAPTISTE,Pentane,2016-09-14T20:00,1.227,µg/m³,VOC,
50103,MONTRÉAL-SAINT-JEAN-BAPTISTE,Pentane,2016-09-20T20:00,5.155,µg/m³,VOC,
50103,MONTRÉAL-SAINT-JEAN-BAPTISTE,Pentane,2016-09-26T20:00,5.016,µg/m³,VOC,
50103,MONTRÉAL-SAINT-JEAN-BAPTISTE,Pentane,2016-10-02T20:00,0.441,µg/m³,VOC,
50103,MONTRÉAL-SAINT-JEAN-BAPTISTE,Pentane,2016-10-08T20:00,1.578,µg/m³,VOC,
50103,MONTRÉAL-SAINT-JEAN-BAPTISTE,Pentane,2016-10-14T20:00,0.700,µg/m³,VOC,
50103,MONTRÉAL-SAINT-JEAN-BAPTISTE,Pentane,2016-10-20T20:00,0.231,µg/m³,VOC,
50103,MONTRÉAL-SAINT-JEAN-BAPTISTE,Pentane,2016-10-26T20:00,0.288,µg/m³,VOC,
50103,MONTRÉAL-SAINT-JEAN-BAPTISTE,Pentane,2016-11-01T20:00,3.077,µg/m³,VOC,
50103,MONTRÉAL-SAINT-JEAN-BAPTISTE,Pentane,2016-11-07T19:00,2.488,µg/m³,VOC,
50103,MONTRÉAL-SAINT-JEAN-BAPTISTE,Pentane,2016-11-13T19:00,1.788,µg/m³,VOC,
50103,MONTRÉAL-SAINT-JEAN-BAPTISTE,Pentane,2016-11-19T19:00,3.052,µg/m³,VOC,
50103,MONTRÉAL-SAINT-JEAN-BAPTISTE,Pentane,2016-11-25T19:00,2.369,µg/m³,VOC,
50103,MONTRÉAL-SAINT-JEAN-BAPTISTE,Pentane,2016-12-01T19:00,1.533,µg/m³,VOC,
50103,MONTRÉAL-SAINT-JEAN-BAPTISTE,Pentane,2016-12-07T19:00,1.751,µg/m³,VOC,
50103,MONTRÉAL-SAINT-JEAN-BAPTISTE,Pentane,2016-12-13T19:00,1.266,µg/m³,VOC,
50103,MONTRÉAL-SAINT-JEAN-BAPTISTE,Pentane,2016-12-19T19:00,0.848,µg/m³,VOC,
50103,MONTRÉAL-SAINT-JEAN-BAPTISTE,Pentane,2016-12-25T19:00,0.373,µg/m³,VOC,
