﻿NAPS_Site_ID,Station_Name,Pollutant,Date,Value,Units,Report_Type,Method
64401,EGBERT,SO4,1995-03-10T00:00,0.227,µg/m³,DICHOT,
64401,EGBERT,SO4,1995-03-10T00:00,2.705,µg/m³,DICHOT,
64401,EGBERT,SO4,1995-03-16T00:00,0.094,µg/m³,DICHOT,
64401,EGBERT,SO4,1995-03-16T00:00,1.380,µg/m³,DICHOT,
64401,EGBERT,SO4,1995-03-28T00:00,0.085,µg/m³,DICHOT,
64401,EGBERT,SO4,1995-03-28T00:00,0.681,µg/m³,DICHOT,
64401,EGBERT,SO4,1995-04-15T00:00,0.054,µg/m³,DICHOT,
64401,EGBERT,SO4,1995-04-15T00:00,1.249,µg/m³,DICHOT,
64401,EGBERT,SO4,1995-04-21T00:00,0.134,µg/m³,DICHOT,
64401,EGBERT,SO4,1995-04-21T00:00,2.386,µg/m³,DICHOT,
64401,EGBERT,SO4,1995-04-27T00:00,0.109,µg/m³,DICHOT,
64401,EGBERT,SO4,1995-04-27T00:00,2.953,µg/m³,DICHOT,
64401,EGBERT,SO4,1995-05-03T00:00,0.056,µg/m³,DICHOT,
64401,EGBERT,SO4,1995-05-03T00:00,1.040,µg/m³,DICHOT,
64401,EGBERT,SO4,1995-05-09T00:00,0.236,µg/m³,DICHOT,
64401,EGBERT,SO4,1995-05-09T00:00,1.539,µg/m³,DICHOT,
64401,EGBERT,SO4,1995-05-15T00:00,0.115,µg/m³,DICHOT,
64401,EGBERT,SO4,1995-05-15T00:00,1.036,µg/m³,DICHOT,
64401,EGBERT,SO4,1995-05-27T00:00,0.044,µg/m³,DICHOT,
64401,EGBERT,SO4,1995-05-27T00:00,0.639,µg/m³,DICHOT,
64401,EGBERT,SO4,1995-06-02T00:00,1.147,µg/m³,DICHOT,
64401,EGBERT,SO4,1995-06-02T00:00,7.484,µg/m³,DICHOT,
64401,EGBERT,SO4,1995-06-14T00:00,0.040,µg/m³,DICHOT,
64401,EGBERT,SO4,1995-06-14T00:00,0.727,µg/m³,DICHOT,
64401,EGBERT,SO4,1995-06-20T00:00,0.071,µg/m³,DICHOT,
64401,EGBERT,SO4,1995-06-20T00:00,0.978,µg/m³,DICHOT,
64401,EGBERT,SO4,1995-06-26T00:00,0.150,µg/m³,DICHOT,
64401,EGBERT,SO4,1995-06-26T00:00,3.755,µg/m³,DICHOT,
64401,EGBERT,SO4,1995-07-02T00:00,0.023,µg/m³,DICHOT,
64401,EGBERT,SO4,1995-07-02T00:00,0.371,µg/m³,DICHOT,
64401,EGBERT,SO4,1995-07-14T00:00,0.320,µg/m³,DICHOT,
64401,EGBERT,SO4,1995-07-14T00:00,7.374,µg/m³,DICHOT,
64401,EGBERT,SO4,1995-07-26T00:00,0.177,µg/m³,DICHOT,
64401,EGBERT,SO4,1995-07-26T00:00,1.647,µg/m³,DICHOT,
64401,EGBERT,SO4,1995-08-01T00:00,0.244,µg/m³,DICHOT,
64401,EGBERT,SO4,1995-08-01T00:00,4.914,µg/m³,DICHOT,
64401,EGBERT,SO4,1995-08-07T00:00,0.096,µg/m³,DICHOT,
64401,EGBERT,SO4,1995-08-07T00:00,1.612,µg/m³,DICHOT,
64401,EGBERT,SO4,1995-08-19T00:00,0.363,µg/m³,DICHOT,
64401,EGBERT,SO4,1995-08-19T00:00,4.488,µg/m³,DICHOT,
64401,EGBERT,SO4,1995-08-25T00:00,0.000,µg/m³,DICHOT,
64401,EGBERT,SO4,1995-08-25T00:00,0.238,µg/m³,DICHOT,
64401,EGBERT,SO4,1995-08-31T00:00,0.317,µg/m³,DICHOT,
64401,EGBERT,SO4,1995-08-31T00:00,5.200,µg/m³,DICHOT,
64401,EGBERT,SO4,1995-09-12T00:00,0.646,µg/m³,DICHOT,
64401,EGBERT,SO4,1995-09-12T00:00,14.125,µg/m³,DICHOT,
64401,EGBERT,SO4,1995-09-18T00:00,0.031,µg/m³,DICHOT,
64401,EGBERT,SO4,1995-09-18T00:00,0.762,µg/m³,DICHOT,
64401,EGBERT,SO4,1995-09-24T00:00,0.053,µg/m³,DICHOT,
64401,EGBERT,SO4,1995-09-24T00:00,1.511,µg/m³,DICHOT,
64401,EGBERT,SO4,1995-09-30T00:00,0.229,µg/m³,DICHOT,
64401,EGBERT,SO4,1995-09-30T00:00,6.199,µg/m³,DICHOT,
64401,EGBERT,SO4,1995-10-12T00:00,0.224,µg/m³,DICHOT,
64401,EGBERT,SO4,1995-10-12T00:00,6.424,µg/m³,DICHOT,
64401,EGBERT,SO4,1995-10-18T00:00,0.048,µg/m³,DICHOT,
64401,EGBERT,SO4,1995-10-18T00:00,0.736,µg/m³,DICHOT,
64401,EGBERT,SO4,1995-10-24T00:00,0.148,µg/m³,DICHOT,
64401,EGBERT,SO4,1995-10-24T00:00,1.206,µg/m³,DICHOT,
64401,EGBERT,SO4,1995-10-30T00:00,0.049,µg/m³,DICHOT,
64401,EGBERT,SO4,1995-10-30T00:00,0.526,µg/m³,DICHOT,
64401,EGBERT,SO4,1995-11-05T00:00,0.187,µg/m³,DICHOT,
64401,EGBERT,SO4,1995-11-05T00:00,2.829,µg/m³,DICHOT,
64401,EGBERT,SO4,1995-11-11T00:00,0.075,µg/m³,DICHOT,
64401,EGBERT,SO4,1995-11-11T00:00,0.999,µg/m³,DICHOT,
64401,EGBERT,SO4,1995-11-17T00:00,0.125,µg/m³,DICHOT,
64401,EGBERT,SO4,1995-11-17T00:00,1.782,µg/m³,DICHOT,
64401,EGBERT,SO4,1995-11-23T00:00,0.094,µg/m³,DICHOT,
64401,EGBERT,SO4,1995-11-23T00:00,0.575,µg/m³,DICHOT,
64401,EGBERT,SO4,1995-11-29T00:00,0.232,µg/m³,DICHOT,
64401,EGBERT,SO4,1995-11-29T00:00,1.899,µg/m³,DICHOT,
64401,EGBERT,SO4,1995-12-05T00:00,0.129,µg/m³,DICHOT,
64401,EGBERT,SO4,1995-12-05T00:00,0.849,µg/m³,DICHOT,
64401,EGBERT,SO4,1995-12-17T00:00,0.255,µg/m³,DICHOT,
64401,EGBERT,SO4,1995-12-17T00:00,4.210,µg/m³,DICHOT,
64401,EGBERT,SO4,1995-12-29T00:00,0.272,µg/m³,DICHOT,
64401,EGBERT,SO4,1995-12-29T00:00,3.404,µg/m³,DICHOT,
