﻿NAPS_Site_ID,Station_Name,Pollutant,Date,Value,Units,Report_Type,Method
63601,LONGWOODS CONS. AUTHORITY,Decane,1994-01-14T00:00,10.201,µg/m³,VOC,
63601,LONGWOODS CONS. AUTHORITY,Decane,1994-01-26T00:00,4.547,µg/m³,VOC,
63601,LONGWOODS CONS. AUTHORITY,Decane,1994-02-01T00:00,4.970,µg/m³,VOC,
63601,LONGWOODS CONS. AUTHORITY,Decane,1994-02-07T00:00,5.182,µg/m³,VOC,
63601,LONGWOODS CONS. AUTHORITY,Decane,1994-02-13T00:00,4.954,µg/m³,VOC,
63601,LONGWOODS CONS. AUTHORITY,Decane,1994-02-19T00:00,5.553,µg/m³,VOC,
63601,LONGWOODS CONS. AUTHORITY,Decane,1994-02-25T00:00,5.861,µg/m³,VOC,
63601,LONGWOODS CONS. AUTHORITY,Decane,1994-03-03T00:00,4.631,µg/m³,VOC,
63601,LONGWOODS CONS. AUTHORITY,Decane,1994-03-09T00:00,5.724,µg/m³,VOC,
63601,LONGWOODS CONS. AUTHORITY,Decane,1994-03-15T00:00,5.958,µg/m³,VOC,
63601,LONGWOODS CONS. AUTHORITY,Decane,1994-03-21T00:00,5.650,µg/m³,VOC,
63601,LONGWOODS CONS. AUTHORITY,Decane,1994-03-27T00:00,6.694,µg/m³,VOC,
63601,LONGWOODS CONS. AUTHORITY,Decane,1994-04-02T00:00,5.422,µg/m³,VOC,
63601,LONGWOODS CONS. AUTHORITY,Decane,1994-04-08T00:00,6.577,µg/m³,VOC,
63601,LONGWOODS CONS. AUTHORITY,Decane,1994-04-14T00:00,5.529,µg/m³,VOC,
63601,LONGWOODS CONS. AUTHORITY,Decane,1994-04-20T00:00,4.943,µg/m³,VOC,
63601,LONGWOODS CONS. AUTHORITY,Decane,1994-04-26T00:00,5.867,µg/m³,VOC,
63601,LONGWOODS CONS. AUTHORITY,Decane,1994-05-02T00:00,4.854,µg/m³,VOC,
63601,LONGWOODS CONS. AUTHORITY,Decane,1994-05-26T00:00,11.976,µg/m³,VOC,
63601,LONGWOODS CONS. AUTHORITY,Decane,1994-06-01T00:00,5.741,µg/m³,VOC,
63601,LONGWOODS CONS. AUTHORITY,Decane,1994-06-07T00:00,5.667,µg/m³,VOC,
63601,LONGWOODS CONS. AUTHORITY,Decane,1994-06-13T00:00,5.369,µg/m³,VOC,
63601,LONGWOODS CONS. AUTHORITY,Decane,1994-06-19T00:00,5.235,µg/m³,VOC,
63601,LONGWOODS CONS. AUTHORITY,Decane,1994-06-25T00:00,5.328,µg/m³,VOC,
63601,LONGWOODS CONS. AUTHORITY,Decane,1994-07-01T00:00,5.623,µg/m³,VOC,
63601,LONGWOODS CONS. AUTHORITY,Decane,1994-07-07T00:00,5.652,µg/m³,VOC,
63601,LONGWOODS CONS. AUTHORITY,Decane,1994-07-13T00:00,5.595,µg/m³,VOC,
63601,LONGWOODS CONS. AUTHORITY,Decane,1994-07-19T00:00,5.125,µg/m³,VOC,
63601,LONGWOODS CONS. AUTHORITY,Decane,1994-07-25T00:00,4.820,µg/m³,VOC,
63601,LONGWOODS CONS. AUTHORITY,Decane,1994-07-31T00:00,5.622,µg/m³,VOC,
63601,LONGWOODS CONS. AUTHORITY,Decane,1994-08-06T00:00,5.545,µg/m³,VOC,
63601,LONGWOODS CONS. AUTHORITY,Decane,1994-08-12T00:00,5.381,µg/m³,VOC,
63601,LONGWOODS CONS. AUTHORITY,Decane,1994-08-18T00:00,4.788,µg/m³,VOC,
63601,LONGWOODS CONS. AUTHORITY,Decane,1994-08-24T00:00,4.225,µg/m³,VOC,
63601,LONGWOODS CONS. AUTHORITY,Decane,1994-08-30T00:00,4.046,µg/m³,VOC,
63601,LONGWOODS CONS. AUTHORITY,Decane,1994-09-05T00:00,4.382,µg/m³,VOC,
63601,LONGWOODS CONS. AUTHORITY,Decane,1994-09-11T00:00,4.392,µg/m³,VOC,
63601,LONGWOODS CONS. AUTHORITY,Decane,1994-09-17T00:00,4.133,µg/m³,VOC,
63601,LONGWOODS CONS. AUTHORITY,Decane,1994-09-29T00:00,3.772,µg/m³,VOC,
63601,LONGWOODS CONS. AUTHORITY,Decane,1994-10-05T00:00,4.640,µg/m³,VOC,
63601,LONGWOODS CONS. AUTHORITY,Decane,1994-10-11T00:00,4.479,µg/m³,VOC,
63601,LONGWOODS CONS. AUTHORITY,Decane,1994-10-17T00:00,4.443,µg/m³,VOC,
63601,LONGWOODS CONS. AUTHORITY,Decane,1994-10-23T00:00,4.273,µg/m³,VOC,
63601,LONGWOODS CONS. AUTHORITY,Decane,1994-10-29T00:00,4.290,µg/m³,VOC,
63601,LONGWOODS CONS. AUTHORITY,Decane,1994-11-04T00:00,4.590,µg/m³,VOC,
63601,LONGWOODS CONS. AUTHORITY,Decane,1994-11-10T00:00,4.702,µg/m³,VOC,
63601,LONGWOODS CONS. AUTHORITY,Decane,1994-11-16T00:00,4.358,µg/m³,VOC,
63601,LONGWOODS CONS. AUTHORITY,Decane,1994-11-22T00:00,4.476,µg/m³,VOC,
63601,LONGWOODS CONS. AUTHORITY,Decane,1994-11-28T00:00,4.015,µg/m³,VOC,
63601,LONGWOODS CONS. AUTHORITY,Decane,1994-12-04T00:00,4.438,µg/m³,VOC,
63601,LONGWOODS CONS. AUTHORITY,Decane,1994-12-10T00:00,3.668,µg/m³,VOC,
63601,LONGWOODS CONS. AUTHORITY,Decane,1994-12-16T00:00,3.920,µg/m³,VOC,
