﻿NAPS_Site_ID,Station_Name,Pollutant,Date,Value,Units,Report_Type,Method
40208,CHAMPLAIN HEIGHTS SCHOOL,Isobutane,2019-01-03T00:00,0.526,µg/m³,VOC,GC-MS
40208,CHAMPLAIN HEIGHTS SCHOOL,Isobutane,2019-01-09T00:00,2.350,µg/m³,VOC,GC-MS
40208,CHAMPLAIN HEIGHTS SCHOOL,Isobutane,2019-01-15T00:00,0.524,µg/m³,VOC,GC-MS
40208,CHAMPLAIN HEIGHTS SCHOOL,Isobutane,2019-01-21T00:00,1.356,µg/m³,VOC,GC-MS
40208,CHAMPLAIN HEIGHTS SCHOOL,Isobutane,2019-01-27T00:00,0.512,µg/m³,VOC,GC-MS
40208,CHAMPLAIN HEIGHTS SCHOOL,Isobutane,2019-02-02T00:00,10.085,µg/m³,VOC,GC-MS
40208,CHAMPLAIN HEIGHTS SCHOOL,Isobutane,2019-02-20T00:00,0.513,µg/m³,VOC,GC-MS
40208,CHAMPLAIN HEIGHTS SCHOOL,Isobutane,2019-02-26T00:00,0.503,µg/m³,VOC,GC-MS
40208,CHAMPLAIN HEIGHTS SCHOOL,Isobutane,2019-03-04T00:00,0.561,µg/m³,VOC,GC-MS
40208,CHAMPLAIN HEIGHTS SCHOOL,Isobutane,2019-03-10T00:00,0.430,µg/m³,VOC,GC-MS
40208,CHAMPLAIN HEIGHTS SCHOOL,Isobutane,2019-03-16T00:00,5.684,µg/m³,VOC,GC-MS
40208,CHAMPLAIN HEIGHTS SCHOOL,Isobutane,2019-03-22T00:00,0.646,µg/m³,VOC,GC-MS
40208,CHAMPLAIN HEIGHTS SCHOOL,Isobutane,2019-03-28T00:00,15.935,µg/m³,VOC,GC-MS
40208,CHAMPLAIN HEIGHTS SCHOOL,Isobutane,2019-04-03T00:00,0.333,µg/m³,VOC,GC-MS
40208,CHAMPLAIN HEIGHTS SCHOOL,Isobutane,2019-04-09T00:00,0.174,µg/m³,VOC,GC-MS
40208,CHAMPLAIN HEIGHTS SCHOOL,Isobutane,2019-04-15T00:00,3.072,µg/m³,VOC,GC-MS
40208,CHAMPLAIN HEIGHTS SCHOOL,Isobutane,2019-04-21T00:00,3.000,µg/m³,VOC,GC-MS
40208,CHAMPLAIN HEIGHTS SCHOOL,Isobutane,2019-04-27T00:00,1.218,µg/m³,VOC,GC-MS
40208,CHAMPLAIN HEIGHTS SCHOOL,Isobutane,2019-05-03T00:00,3.771,µg/m³,VOC,GC-MS
40208,CHAMPLAIN HEIGHTS SCHOOL,Isobutane,2019-05-09T00:00,0.853,µg/m³,VOC,GC-MS
40208,CHAMPLAIN HEIGHTS SCHOOL,Isobutane,2019-05-15T00:00,0.077,µg/m³,VOC,GC-MS
40208,CHAMPLAIN HEIGHTS SCHOOL,Isobutane,2019-05-21T00:00,0.197,µg/m³,VOC,GC-MS
40208,CHAMPLAIN HEIGHTS SCHOOL,Isobutane,2019-05-27T00:00,3.957,µg/m³,VOC,GC-MS
40208,CHAMPLAIN HEIGHTS SCHOOL,Isobutane,2019-06-02T00:00,0.127,µg/m³,VOC,GC-MS
40208,CHAMPLAIN HEIGHTS SCHOOL,Isobutane,2019-06-08T00:00,1.905,µg/m³,VOC,GC-MS
40208,CHAMPLAIN HEIGHTS SCHOOL,Isobutane,2019-06-14T00:00,8.882,µg/m³,VOC,GC-MS
40208,CHAMPLAIN HEIGHTS SCHOOL,Isobutane,2019-06-26T00:00,0.074,µg/m³,VOC,GC-MS
40208,CHAMPLAIN HEIGHTS SCHOOL,Isobutane,2019-07-02T00:00,2.767,µg/m³,VOC,GC-MS
40208,CHAMPLAIN HEIGHTS SCHOOL,Isobutane,2019-07-08T00:00,9.960,µg/m³,VOC,GC-MS
40208,CHAMPLAIN HEIGHTS SCHOOL,Isobutane,2019-07-14T00:00,15.652,µg/m³,VOC,GC-MS
40208,CHAMPLAIN HEIGHTS SCHOOL,Isobutane,2019-07-20T00:00,11.281,µg/m³,VOC,GC-MS
40208,CHAMPLAIN HEIGHTS SCHOOL,Isobutane,2019-07-26T00:00,10.988,µg/m³,VOC,GC-MS
40208,CHAMPLAIN HEIGHTS SCHOOL,Isobutane,2019-08-01T00:00,7.066,µg/m³,VOC,GC-MS
40208,CHAMPLAIN HEIGHTS SCHOOL,Isobutane,2019-08-07T00:00,6.980,µg/m³,VOC,GC-MS
40208,CHAMPLAIN HEIGHTS SCHOOL,Isobutane,2019-08-13T00:00,8.861,µg/m³,VOC,GC-MS
40208,CHAMPLAIN HEIGHTS SCHOOL,Isobutane,2019-08-19T00:00,11.733,µg/m³,VOC,GC-MS
40208,CHAMPLAIN HEIGHTS SCHOOL,Isobutane,2019-08-25T00:00,0.563,µg/m³,VOC,GC-MS
40208,CHAMPLAIN HEIGHTS SCHOOL,Isobutane,2019-08-31T00:00,1.917,µg/m³,VOC,GC-MS
40208,CHAMPLAIN HEIGHTS SCHOOL,Isobutane,2019-09-06T00:00,2.142,µg/m³,VOC,GC-MS
40208,CHAMPLAIN HEIGHTS SCHOOL,Isobutane,2019-09-12T00:00,1.973,µg/m³,VOC,GC-MS
40208,CHAMPLAIN HEIGHTS SCHOOL,Isobutane,2019-09-18T00:00,1.051,µg/m³,VOC,GC-MS
40208,CHAMPLAIN HEIGHTS SCHOOL,Isobutane,2019-09-24T00:00,14.558,µg/m³,VOC,GC-MS
40208,CHAMPLAIN HEIGHTS SCHOOL,Isobutane,2019-09-30T00:00,5.974,µg/m³,VOC,GC-MS
40208,CHAMPLAIN HEIGHTS SCHOOL,Isobutane,2019-10-06T00:00,20.369,µg/m³,VOC,GC-MS
40208,CHAMPLAIN HEIGHTS SCHOOL,Isobutane,2019-10-12T00:00,0.360,µg/m³,VOC,GC-MS
40208,CHAMPLAIN HEIGHTS SCHOOL,Isobutane,2019-10-18T00:00,13.512,µg/m³,VOC,GC-MS
40208,CHAMPLAIN HEIGHTS SCHOOL,Isobutane,2019-10-24T00:00,25.624,µg/m³,VOC,GC-MS
40208,CHAMPLAIN HEIGHTS SCHOOL,Isobutane,2019-10-30T00:00,60.031,µg/m³,VOC,GC-MS
40208,CHAMPLAIN HEIGHTS SCHOOL,Isobutane,2019-11-05T00:00,24.196,µg/m³,VOC,GC-MS
40208,CHAMPLAIN HEIGHTS SCHOOL,Isobutane,2019-11-11T00:00,3.069,µg/m³,VOC,GC-MS
40208,CHAMPLAIN HEIGHTS SCHOOL,Isobutane,2019-11-17T00:00,0.726,µg/m³,VOC,GC-MS
40208,CHAMPLAIN HEIGHTS SCHOOL,Isobutane,2019-11-23T00:00,3.964,µg/m³,VOC,GC-MS
40208,CHAMPLAIN HEIGHTS SCHOOL,Isobutane,2019-11-29T00:00,0.754,µg/m³,VOC,GC-MS
40208,CHAMPLAIN HEIGHTS SCHOOL,Isobutane,2019-12-05T00:00,3.013,µg/m³,VOC,GC-MS
40208,CHAMPLAIN HEIGHTS SCHOOL,Isobutane,2019-12-11T00:00,2.243,µg/m³,VOC,GC-MS
40208,CHAMPLAIN HEIGHTS SCHOOL,Isobutane,2019-12-17T00:00,2.999,µg/m³,VOC,GC-MS
40208,CHAMPLAIN HEIGHTS SCHOOL,Isobutane,2019-12-23T00:00,30.403,µg/m³,VOC,GC-MS
