﻿NAPS_Site_ID,Station_Name,Pollutant,Date,Value,Units,Report_Type,Method
60427,GAGE INSTITUTE,1-Methylpyrene,2010-01-14T00:00,0.000,µg/m³,PAH,GC-MS TP+G
60427,GAGE INSTITUTE,1-Methylpyrene,2010-01-20T00:00,0.000,µg/m³,PAH,GC-MS TP+G
60427,GAGE INSTITUTE,1-Methylpyrene,2010-04-20T00:00,0.000,µg/m³,PAH,GC-MS TP+G
60427,GAGE INSTITUTE,1-Methylpyrene,2010-04-26T00:00,0.000,µg/m³,PAH,GC-MS TP+G
60427,GAGE INSTITUTE,1-Methylpyrene,2010-05-14T00:00,0.000,µg/m³,PAH,GC-MS TP+G
60427,GAGE INSTITUTE,1-Methylpyrene,2010-05-20T00:00,0.000,µg/m³,PAH,GC-MS TP+G
60427,GAGE INSTITUTE,1-Methylpyrene,2010-06-07T00:00,0.000,µg/m³,PAH,GC-MS TP+G
60427,GAGE INSTITUTE,1-Methylpyrene,2010-06-13T00:00,0.000,µg/m³,PAH,GC-MS TP+G
60427,GAGE INSTITUTE,1-Methylpyrene,2010-06-25T00:00,0.000,µg/m³,PAH,GC-MS TP+G
60427,GAGE INSTITUTE,1-Methylpyrene,2010-07-07T00:00,0.000,µg/m³,PAH,GC-MS TP+G
60427,GAGE INSTITUTE,1-Methylpyrene,2010-07-25T00:00,0.000,µg/m³,PAH,GC-MS TP+G
60427,GAGE INSTITUTE,1-Methylpyrene,2010-07-31T00:00,0.000,µg/m³,PAH,GC-MS TP+G
60427,GAGE INSTITUTE,1-Methylpyrene,2010-08-18T00:00,0.000,µg/m³,PAH,GC-MS TP+G
60427,GAGE INSTITUTE,1-Methylpyrene,2010-08-24T00:00,0.000,µg/m³,PAH,GC-MS TP+G
60427,GAGE INSTITUTE,1-Methylpyrene,2010-09-11T00:00,0.000,µg/m³,PAH,GC-MS TP+G
60427,GAGE INSTITUTE,1-Methylpyrene,2010-09-17T00:00,0.000,µg/m³,PAH,GC-MS TP+G
60427,GAGE INSTITUTE,1-Methylpyrene,2010-10-05T00:00,0.000,µg/m³,PAH,GC-MS TP+G
60427,GAGE INSTITUTE,1-Methylpyrene,2010-10-11T00:00,0.000,µg/m³,PAH,GC-MS TP+G
60427,GAGE INSTITUTE,1-Methylpyrene,2010-10-29T00:00,0.000,µg/m³,PAH,GC-MS TP+G
60427,GAGE INSTITUTE,1-Methylpyrene,2010-11-04T00:00,0.000,µg/m³,PAH,GC-MS TP+G
60427,GAGE INSTITUTE,1-Methylpyrene,2010-11-22T00:00,0.000,µg/m³,PAH,GC-MS TP+G
60427,GAGE INSTITUTE,1-Methylpyrene,2010-11-28T00:00,0.000,µg/m³,PAH,GC-MS TP+G
