﻿NAPS_Site_ID,Station_Name,Pollutant,Date,Value,Units,Report_Type,Method
60428,BRAMPTON _BRAMPTON_,Isobutane,2010-01-02T00:00,0.887,µg/m³,VOC,GC-MS
60428,BRAMPTON _BRAMPTON_,Isobutane,2010-01-08T00:00,0.460,µg/m³,VOC,GC-MS
60428,BRAMPTON _BRAMPTON_,Isobutane,2010-01-14T00:00,1.616,µg/m³,VOC,GC-MS
60428,BRAMPTON _BRAMPTON_,Isobutane,2010-01-20T00:00,2.427,µg/m³,VOC,GC-MS
60428,BRAMPTON _BRAMPTON_,Isobutane,2010-01-26T00:00,0.951,µg/m³,VOC,GC-MS
60428,BRAMPTON _BRAMPTON_,Isobutane,2010-02-01T00:00,3.537,µg/m³,VOC,GC-MS
60428,BRAMPTON _BRAMPTON_,Isobutane,2010-02-07T00:00,3.242,µg/m³,VOC,GC-MS
60428,BRAMPTON _BRAMPTON_,Isobutane,2010-02-13T00:00,7.308,µg/m³,VOC,GC-MS
60428,BRAMPTON _BRAMPTON_,Isobutane,2010-02-19T00:00,8.325,µg/m³,VOC,GC-MS
60428,BRAMPTON _BRAMPTON_,Isobutane,2010-02-25T00:00,5.895,µg/m³,VOC,GC-MS
60428,BRAMPTON _BRAMPTON_,Isobutane,2010-03-03T00:00,0.726,µg/m³,VOC,GC-MS
60428,BRAMPTON _BRAMPTON_,Isobutane,2010-03-09T00:00,3.661,µg/m³,VOC,GC-MS
60428,BRAMPTON _BRAMPTON_,Isobutane,2010-03-15T00:00,1.643,µg/m³,VOC,GC-MS
60428,BRAMPTON _BRAMPTON_,Isobutane,2010-03-21T00:00,0.766,µg/m³,VOC,GC-MS
60428,BRAMPTON _BRAMPTON_,Isobutane,2010-03-27T00:00,1.275,µg/m³,VOC,GC-MS
60428,BRAMPTON _BRAMPTON_,Isobutane,2010-04-02T00:00,13.075,µg/m³,VOC,GC-MS
60428,BRAMPTON _BRAMPTON_,Isobutane,2010-04-08T00:00,1.222,µg/m³,VOC,GC-MS
60428,BRAMPTON _BRAMPTON_,Isobutane,2010-04-14T00:00,14.462,µg/m³,VOC,GC-MS
60428,BRAMPTON _BRAMPTON_,Isobutane,2010-04-20T00:00,0.889,µg/m³,VOC,GC-MS
60428,BRAMPTON _BRAMPTON_,Isobutane,2010-04-26T00:00,0.382,µg/m³,VOC,GC-MS
60428,BRAMPTON _BRAMPTON_,Isobutane,2010-05-02T00:00,0.686,µg/m³,VOC,GC-MS
60428,BRAMPTON _BRAMPTON_,Isobutane,2010-05-08T00:00,0.860,µg/m³,VOC,GC-MS
60428,BRAMPTON _BRAMPTON_,Isobutane,2010-05-14T00:00,1.248,µg/m³,VOC,GC-MS
60428,BRAMPTON _BRAMPTON_,Isobutane,2010-05-20T00:00,22.288,µg/m³,VOC,GC-MS
60428,BRAMPTON _BRAMPTON_,Isobutane,2010-05-26T00:00,8.183,µg/m³,VOC,GC-MS
60428,BRAMPTON _BRAMPTON_,Isobutane,2010-06-01T00:00,3.217,µg/m³,VOC,GC-MS
60428,BRAMPTON _BRAMPTON_,Isobutane,2010-06-07T00:00,0.445,µg/m³,VOC,GC-MS
60428,BRAMPTON _BRAMPTON_,Isobutane,2010-06-13T00:00,1.529,µg/m³,VOC,GC-MS
60428,BRAMPTON _BRAMPTON_,Isobutane,2010-06-19T00:00,1.093,µg/m³,VOC,GC-MS
60428,BRAMPTON _BRAMPTON_,Isobutane,2010-06-25T00:00,0.897,µg/m³,VOC,GC-MS
60428,BRAMPTON _BRAMPTON_,Isobutane,2010-07-01T00:00,1.271,µg/m³,VOC,GC-MS
60428,BRAMPTON _BRAMPTON_,Isobutane,2010-07-13T00:00,2.913,µg/m³,VOC,GC-MS
60428,BRAMPTON _BRAMPTON_,Isobutane,2010-07-19T00:00,1.605,µg/m³,VOC,GC-MS
60428,BRAMPTON _BRAMPTON_,Isobutane,2010-07-25T00:00,1.947,µg/m³,VOC,GC-MS
60428,BRAMPTON _BRAMPTON_,Isobutane,2010-07-31T00:00,0.666,µg/m³,VOC,GC-MS
60428,BRAMPTON _BRAMPTON_,Isobutane,2010-08-06T00:00,1.670,µg/m³,VOC,GC-MS
60428,BRAMPTON _BRAMPTON_,Isobutane,2010-08-12T00:00,0.968,µg/m³,VOC,GC-MS
60428,BRAMPTON _BRAMPTON_,Isobutane,2010-08-18T00:00,4.139,µg/m³,VOC,GC-MS
60428,BRAMPTON _BRAMPTON_,Isobutane,2010-08-24T00:00,5.116,µg/m³,VOC,GC-MS
60428,BRAMPTON _BRAMPTON_,Isobutane,2010-08-30T00:00,0.494,µg/m³,VOC,GC-MS
60428,BRAMPTON _BRAMPTON_,Isobutane,2010-09-05T00:00,0.330,µg/m³,VOC,GC-MS
60428,BRAMPTON _BRAMPTON_,Isobutane,2010-09-11T00:00,0.750,µg/m³,VOC,GC-MS
60428,BRAMPTON _BRAMPTON_,Isobutane,2010-09-23T00:00,9.870,µg/m³,VOC,GC-MS
60428,BRAMPTON _BRAMPTON_,Isobutane,2010-09-29T00:00,0.528,µg/m³,VOC,GC-MS
60428,BRAMPTON _BRAMPTON_,Isobutane,2010-10-05T00:00,14.399,µg/m³,VOC,GC-MS
60428,BRAMPTON _BRAMPTON_,Isobutane,2010-10-11T00:00,0.800,µg/m³,VOC,GC-MS
60428,BRAMPTON _BRAMPTON_,Isobutane,2010-10-17T00:00,2.647,µg/m³,VOC,GC-MS
60428,BRAMPTON _BRAMPTON_,Isobutane,2010-10-23T00:00,2.293,µg/m³,VOC,GC-MS
60428,BRAMPTON _BRAMPTON_,Isobutane,2010-10-29T00:00,1.948,µg/m³,VOC,GC-MS
60428,BRAMPTON _BRAMPTON_,Isobutane,2010-11-04T00:00,1.716,µg/m³,VOC,GC-MS
60428,BRAMPTON _BRAMPTON_,Isobutane,2010-11-10T00:00,1.672,µg/m³,VOC,GC-MS
60428,BRAMPTON _BRAMPTON_,Isobutane,2010-11-16T00:00,6.674,µg/m³,VOC,GC-MS
60428,BRAMPTON _BRAMPTON_,Isobutane,2010-11-22T00:00,1.768,µg/m³,VOC,GC-MS
60428,BRAMPTON _BRAMPTON_,Isobutane,2010-11-28T00:00,2.361,µg/m³,VOC,GC-MS
60428,BRAMPTON _BRAMPTON_,Isobutane,2010-12-04T00:00,2.932,µg/m³,VOC,GC-MS
60428,BRAMPTON _BRAMPTON_,Isobutane,2010-12-10T00:00,3.490,µg/m³,VOC,GC-MS
60428,BRAMPTON _BRAMPTON_,Isobutane,2010-12-16T00:00,3.477,µg/m³,VOC,GC-MS
60428,BRAMPTON _BRAMPTON_,Isobutane,2010-12-22T00:00,0.593,µg/m³,VOC,GC-MS
60428,BRAMPTON _BRAMPTON_,Isobutane,2010-12-28T00:00,0.723,µg/m³,VOC,GC-MS
