﻿NAPS_Site_ID,Station_Name,Pollutant,Date,Value,Units,Report_Type,Method
100119,BURNABY SOUTH,"1,2,3-Trimethylbenzene",2006-01-05T00:00,0.069,µg/m³,VOC,
100119,BURNABY SOUTH,"1,2,3-Trimethylbenzene",2006-01-11T00:00,0.042,µg/m³,VOC,
100119,BURNABY SOUTH,"1,2,3-Trimethylbenzene",2006-01-23T00:00,0.114,µg/m³,VOC,
100119,BURNABY SOUTH,"1,2,3-Trimethylbenzene",2006-01-29T00:00,0.076,µg/m³,VOC,
100119,BURNABY SOUTH,"1,2,3-Trimethylbenzene",2006-02-04T00:00,0.029,µg/m³,VOC,
100119,BURNABY SOUTH,"1,2,3-Trimethylbenzene",2006-02-10T00:00,0.217,µg/m³,VOC,
100119,BURNABY SOUTH,"1,2,3-Trimethylbenzene",2006-02-16T00:00,0.078,µg/m³,VOC,
100119,BURNABY SOUTH,"1,2,3-Trimethylbenzene",2006-02-22T00:00,0.112,µg/m³,VOC,
100119,BURNABY SOUTH,"1,2,3-Trimethylbenzene",2006-02-28T00:00,0.038,µg/m³,VOC,
100119,BURNABY SOUTH,"1,2,3-Trimethylbenzene",2006-03-06T00:00,0.027,µg/m³,VOC,
100119,BURNABY SOUTH,"1,2,3-Trimethylbenzene",2006-03-12T00:00,0.074,µg/m³,VOC,
100119,BURNABY SOUTH,"1,2,3-Trimethylbenzene",2006-03-18T00:00,0.025,µg/m³,VOC,
100119,BURNABY SOUTH,"1,2,3-Trimethylbenzene",2006-03-24T00:00,0.042,µg/m³,VOC,
100119,BURNABY SOUTH,"1,2,3-Trimethylbenzene",2006-03-30T00:00,0.077,µg/m³,VOC,
100119,BURNABY SOUTH,"1,2,3-Trimethylbenzene",2006-04-05T00:00,0.132,µg/m³,VOC,
100119,BURNABY SOUTH,"1,2,3-Trimethylbenzene",2006-04-11T00:00,0.086,µg/m³,VOC,
100119,BURNABY SOUTH,"1,2,3-Trimethylbenzene",2006-04-17T00:00,0.045,µg/m³,VOC,
100119,BURNABY SOUTH,"1,2,3-Trimethylbenzene",2006-04-23T00:00,0.072,µg/m³,VOC,
100119,BURNABY SOUTH,"1,2,3-Trimethylbenzene",2006-04-29T00:00,0.050,µg/m³,VOC,
100119,BURNABY SOUTH,"1,2,3-Trimethylbenzene",2006-05-05T00:00,0.099,µg/m³,VOC,
100119,BURNABY SOUTH,"1,2,3-Trimethylbenzene",2006-05-11T00:00,0.083,µg/m³,VOC,
100119,BURNABY SOUTH,"1,2,3-Trimethylbenzene",2006-05-17T00:00,0.096,µg/m³,VOC,
100119,BURNABY SOUTH,"1,2,3-Trimethylbenzene",2006-05-23T00:00,0.072,µg/m³,VOC,
100119,BURNABY SOUTH,"1,2,3-Trimethylbenzene",2006-05-29T00:00,0.058,µg/m³,VOC,
100119,BURNABY SOUTH,"1,2,3-Trimethylbenzene",2006-06-04T00:00,0.050,µg/m³,VOC,
100119,BURNABY SOUTH,"1,2,3-Trimethylbenzene",2006-06-10T00:00,0.086,µg/m³,VOC,
100119,BURNABY SOUTH,"1,2,3-Trimethylbenzene",2006-06-16T00:00,0.042,µg/m³,VOC,
100119,BURNABY SOUTH,"1,2,3-Trimethylbenzene",2006-06-22T00:00,0.111,µg/m³,VOC,
100119,BURNABY SOUTH,"1,2,3-Trimethylbenzene",2006-08-15T00:00,0.195,µg/m³,VOC,
100119,BURNABY SOUTH,"1,2,3-Trimethylbenzene",2006-08-21T00:00,0.247,µg/m³,VOC,
100119,BURNABY SOUTH,"1,2,3-Trimethylbenzene",2006-08-27T00:00,0.266,µg/m³,VOC,
100119,BURNABY SOUTH,"1,2,3-Trimethylbenzene",2006-09-02T00:00,0.178,µg/m³,VOC,
100119,BURNABY SOUTH,"1,2,3-Trimethylbenzene",2006-09-08T00:00,0.123,µg/m³,VOC,
100119,BURNABY SOUTH,"1,2,3-Trimethylbenzene",2006-09-14T00:00,0.141,µg/m³,VOC,
100119,BURNABY SOUTH,"1,2,3-Trimethylbenzene",2006-09-20T00:00,0.074,µg/m³,VOC,
100119,BURNABY SOUTH,"1,2,3-Trimethylbenzene",2006-09-26T00:00,0.524,µg/m³,VOC,
100119,BURNABY SOUTH,"1,2,3-Trimethylbenzene",2006-10-02T00:00,0.228,µg/m³,VOC,
100119,BURNABY SOUTH,"1,2,3-Trimethylbenzene",2006-10-08T00:00,0.062,µg/m³,VOC,
100119,BURNABY SOUTH,"1,2,3-Trimethylbenzene",2006-10-14T00:00,0.139,µg/m³,VOC,
100119,BURNABY SOUTH,"1,2,3-Trimethylbenzene",2006-10-20T00:00,0.153,µg/m³,VOC,
100119,BURNABY SOUTH,"1,2,3-Trimethylbenzene",2006-10-26T00:00,0.047,µg/m³,VOC,
100119,BURNABY SOUTH,"1,2,3-Trimethylbenzene",2006-11-01T00:00,0.263,µg/m³,VOC,
100119,BURNABY SOUTH,"1,2,3-Trimethylbenzene",2006-11-07T00:00,0.035,µg/m³,VOC,
100119,BURNABY SOUTH,"1,2,3-Trimethylbenzene",2006-11-13T00:00,0.042,µg/m³,VOC,
100119,BURNABY SOUTH,"1,2,3-Trimethylbenzene",2006-11-19T00:00,0.052,µg/m³,VOC,
100119,BURNABY SOUTH,"1,2,3-Trimethylbenzene",2006-11-25T00:00,0.102,µg/m³,VOC,
100119,BURNABY SOUTH,"1,2,3-Trimethylbenzene",2006-12-01T00:00,0.387,µg/m³,VOC,
100119,BURNABY SOUTH,"1,2,3-Trimethylbenzene",2006-12-07T00:00,0.583,µg/m³,VOC,
100119,BURNABY SOUTH,"1,2,3-Trimethylbenzene",2006-12-13T00:00,0.035,µg/m³,VOC,
100119,BURNABY SOUTH,"1,2,3-Trimethylbenzene",2006-12-19T00:00,0.148,µg/m³,VOC,
100119,BURNABY SOUTH,"1,2,3-Trimethylbenzene",2006-12-25T00:00,0.026,µg/m³,VOC,
100119,BURNABY SOUTH,"1,2,3-Trimethylbenzene",2006-12-31T00:00,0.109,µg/m³,VOC,
