﻿NAPS_Site_ID,Station_Name,Pollutant,Date,Value,Units,Report_Type,Method
60422,33 EDGAR AVE.,Octane,1992-01-01T00:00,0.200,µg/m³,VOC,
60422,33 EDGAR AVE.,Octane,1992-01-07T00:00,0.219,µg/m³,VOC,
60422,33 EDGAR AVE.,Octane,1992-01-13T00:00,0.278,µg/m³,VOC,
60422,33 EDGAR AVE.,Octane,1992-01-19T00:00,0.181,µg/m³,VOC,
60422,33 EDGAR AVE.,Octane,1992-01-25T00:00,0.391,µg/m³,VOC,
60422,33 EDGAR AVE.,Octane,1992-01-31T00:00,0.202,µg/m³,VOC,
60422,33 EDGAR AVE.,Octane,1992-02-06T00:00,0.413,µg/m³,VOC,
60422,33 EDGAR AVE.,Octane,1992-02-12T00:00,0.328,µg/m³,VOC,
60422,33 EDGAR AVE.,Octane,1992-02-18T00:00,0.459,µg/m³,VOC,
60422,33 EDGAR AVE.,Octane,1992-02-24T00:00,0.220,µg/m³,VOC,
60422,33 EDGAR AVE.,Octane,1992-03-01T00:00,0.149,µg/m³,VOC,
60422,33 EDGAR AVE.,Octane,1992-03-13T00:00,0.081,µg/m³,VOC,
60422,33 EDGAR AVE.,Octane,1992-03-19T00:00,0.060,µg/m³,VOC,
60422,33 EDGAR AVE.,Octane,1992-03-25T00:00,0.854,µg/m³,VOC,
60422,33 EDGAR AVE.,Octane,1992-03-31T00:00,0.260,µg/m³,VOC,
60422,33 EDGAR AVE.,Octane,1992-04-06T00:00,0.168,µg/m³,VOC,
60422,33 EDGAR AVE.,Octane,1992-04-12T00:00,0.028,µg/m³,VOC,
60422,33 EDGAR AVE.,Octane,1992-04-18T00:00,0.234,µg/m³,VOC,
60422,33 EDGAR AVE.,Octane,1992-04-24T00:00,0.176,µg/m³,VOC,
60422,33 EDGAR AVE.,Octane,1992-04-30T00:00,0.422,µg/m³,VOC,
60422,33 EDGAR AVE.,Octane,1992-05-06T00:00,0.331,µg/m³,VOC,
60422,33 EDGAR AVE.,Octane,1992-05-12T00:00,0.681,µg/m³,VOC,
60422,33 EDGAR AVE.,Octane,1992-05-18T00:00,0.037,µg/m³,VOC,
60422,33 EDGAR AVE.,Octane,1992-05-24T00:00,0.019,µg/m³,VOC,
60422,33 EDGAR AVE.,Octane,1992-05-30T00:00,0.446,µg/m³,VOC,
60422,33 EDGAR AVE.,Octane,1992-06-05T00:00,0.460,µg/m³,VOC,
60422,33 EDGAR AVE.,Octane,1992-06-11T00:00,0.212,µg/m³,VOC,
60422,33 EDGAR AVE.,Octane,1992-06-17T00:00,0.500,µg/m³,VOC,
60422,33 EDGAR AVE.,Octane,1992-06-23T00:00,0.289,µg/m³,VOC,
60422,33 EDGAR AVE.,Octane,1992-06-29T00:00,0.317,µg/m³,VOC,
60422,33 EDGAR AVE.,Octane,1992-07-05T00:00,0.442,µg/m³,VOC,
60422,33 EDGAR AVE.,Octane,1992-07-11T00:00,0.166,µg/m³,VOC,
60422,33 EDGAR AVE.,Octane,1992-07-17T00:00,1.075,µg/m³,VOC,
60422,33 EDGAR AVE.,Octane,1992-07-23T00:00,0.281,µg/m³,VOC,
60422,33 EDGAR AVE.,Octane,1992-07-29T00:00,0.149,µg/m³,VOC,
60422,33 EDGAR AVE.,Octane,1992-08-04T00:00,0.253,µg/m³,VOC,
60422,33 EDGAR AVE.,Octane,1992-08-16T00:00,0.252,µg/m³,VOC,
60422,33 EDGAR AVE.,Octane,1992-08-22T00:00,0.616,µg/m³,VOC,
60422,33 EDGAR AVE.,Octane,1992-09-09T00:00,0.316,µg/m³,VOC,
60422,33 EDGAR AVE.,Octane,1992-09-15T00:00,0.982,µg/m³,VOC,
60422,33 EDGAR AVE.,Octane,1992-09-21T00:00,0.581,µg/m³,VOC,
60422,33 EDGAR AVE.,Octane,1992-09-27T00:00,0.166,µg/m³,VOC,
60422,33 EDGAR AVE.,Octane,1992-10-03T00:00,0.297,µg/m³,VOC,
60422,33 EDGAR AVE.,Octane,1992-10-09T00:00,0.854,µg/m³,VOC,
60422,33 EDGAR AVE.,Octane,1992-10-15T00:00,0.409,µg/m³,VOC,
60422,33 EDGAR AVE.,Octane,1992-10-21T00:00,1.866,µg/m³,VOC,
60422,33 EDGAR AVE.,Octane,1992-10-27T00:00,0.307,µg/m³,VOC,
60422,33 EDGAR AVE.,Octane,1992-11-02T00:00,0.164,µg/m³,VOC,
60422,33 EDGAR AVE.,Octane,1992-11-08T00:00,0.213,µg/m³,VOC,
60422,33 EDGAR AVE.,Octane,1992-11-14T00:00,0.319,µg/m³,VOC,
60422,33 EDGAR AVE.,Octane,1992-11-20T00:00,0.304,µg/m³,VOC,
60422,33 EDGAR AVE.,Octane,1992-11-26T00:00,0.430,µg/m³,VOC,
60422,33 EDGAR AVE.,Octane,1992-12-02T00:00,0.629,µg/m³,VOC,
60422,33 EDGAR AVE.,Octane,1992-12-08T00:00,0.249,µg/m³,VOC,
60422,33 EDGAR AVE.,Octane,1992-12-14T00:00,0.714,µg/m³,VOC,
60422,33 EDGAR AVE.,Octane,1992-12-20T00:00,0.102,µg/m³,VOC,
60422,33 EDGAR AVE.,Octane,1992-12-26T00:00,0.117,µg/m³,VOC,
