﻿NAPS_Site_ID,Station_Name,Pollutant,Date,Value,Units,Report_Type,Method
50308,QUÉBEC-VIEUX-LIMOILOU (DES SABLES),PM2.5,1996-02-15T00:00,15.235,µg/m³,DICHOT,Microbalance
50308,QUÉBEC-VIEUX-LIMOILOU (DES SABLES),PM2.5,1996-02-21T00:00,6.131,µg/m³,DICHOT,Microbalance
50308,QUÉBEC-VIEUX-LIMOILOU (DES SABLES),PM2.5,1996-02-27T00:00,7.188,µg/m³,DICHOT,Microbalance
50308,QUÉBEC-VIEUX-LIMOILOU (DES SABLES),PM2.5,1996-03-04T00:00,4.294,µg/m³,DICHOT,Microbalance
50308,QUÉBEC-VIEUX-LIMOILOU (DES SABLES),PM2.5,1996-03-10T00:00,8.029,µg/m³,DICHOT,Microbalance
50308,QUÉBEC-VIEUX-LIMOILOU (DES SABLES),PM2.5,1996-03-16T00:00,3.993,µg/m³,DICHOT,Microbalance
50308,QUÉBEC-VIEUX-LIMOILOU (DES SABLES),PM2.5,1996-03-22T00:00,6.754,µg/m³,DICHOT,Microbalance
50308,QUÉBEC-VIEUX-LIMOILOU (DES SABLES),PM2.5,1996-03-28T00:00,7.994,µg/m³,DICHOT,Microbalance
50308,QUÉBEC-VIEUX-LIMOILOU (DES SABLES),PM2.5,1996-04-15T00:00,7.367,µg/m³,DICHOT,Microbalance
50308,QUÉBEC-VIEUX-LIMOILOU (DES SABLES),PM2.5,1996-04-21T00:00,10.326,µg/m³,DICHOT,Microbalance
50308,QUÉBEC-VIEUX-LIMOILOU (DES SABLES),PM2.5,1996-04-27T00:00,4.355,µg/m³,DICHOT,Microbalance
50308,QUÉBEC-VIEUX-LIMOILOU (DES SABLES),PM2.5,1996-05-03T00:00,8.663,µg/m³,DICHOT,Microbalance
50308,QUÉBEC-VIEUX-LIMOILOU (DES SABLES),PM2.5,1996-05-09T00:00,7.518,µg/m³,DICHOT,Microbalance
50308,QUÉBEC-VIEUX-LIMOILOU (DES SABLES),PM2.5,1996-05-15T00:00,7.190,µg/m³,DICHOT,Microbalance
50308,QUÉBEC-VIEUX-LIMOILOU (DES SABLES),PM2.5,1996-05-21T00:00,9.678,µg/m³,DICHOT,Microbalance
50308,QUÉBEC-VIEUX-LIMOILOU (DES SABLES),PM2.5,1996-05-27T00:00,5.811,µg/m³,DICHOT,Microbalance
50308,QUÉBEC-VIEUX-LIMOILOU (DES SABLES),PM2.5,1996-06-02T00:00,16.068,µg/m³,DICHOT,Microbalance
50308,QUÉBEC-VIEUX-LIMOILOU (DES SABLES),PM2.5,1996-06-08T00:00,6.259,µg/m³,DICHOT,Microbalance
50308,QUÉBEC-VIEUX-LIMOILOU (DES SABLES),PM2.5,1996-06-14T00:00,19.750,µg/m³,DICHOT,Microbalance
50308,QUÉBEC-VIEUX-LIMOILOU (DES SABLES),PM2.5,1996-06-20T00:00,7.330,µg/m³,DICHOT,Microbalance
50308,QUÉBEC-VIEUX-LIMOILOU (DES SABLES),PM2.5,1996-06-26T00:00,3.505,µg/m³,DICHOT,Microbalance
50308,QUÉBEC-VIEUX-LIMOILOU (DES SABLES),PM2.5,1996-07-02T00:00,9.227,µg/m³,DICHOT,Microbalance
50308,QUÉBEC-VIEUX-LIMOILOU (DES SABLES),PM2.5,1996-07-08T00:00,7.394,µg/m³,DICHOT,Microbalance
50308,QUÉBEC-VIEUX-LIMOILOU (DES SABLES),PM2.5,1996-07-14T00:00,19.190,µg/m³,DICHOT,Microbalance
50308,QUÉBEC-VIEUX-LIMOILOU (DES SABLES),PM2.5,1996-07-20T00:00,0.846,µg/m³,DICHOT,Microbalance
50308,QUÉBEC-VIEUX-LIMOILOU (DES SABLES),PM2.5,1996-07-26T00:00,13.970,µg/m³,DICHOT,Microbalance
50308,QUÉBEC-VIEUX-LIMOILOU (DES SABLES),PM2.5,1996-08-01T00:00,5.828,µg/m³,DICHOT,Microbalance
50308,QUÉBEC-VIEUX-LIMOILOU (DES SABLES),PM2.5,1996-08-07T00:00,24.498,µg/m³,DICHOT,Microbalance
50308,QUÉBEC-VIEUX-LIMOILOU (DES SABLES),PM2.5,1996-08-13T00:00,17.249,µg/m³,DICHOT,Microbalance
50308,QUÉBEC-VIEUX-LIMOILOU (DES SABLES),PM2.5,1996-08-25T00:00,8.978,µg/m³,DICHOT,Microbalance
50308,QUÉBEC-VIEUX-LIMOILOU (DES SABLES),PM2.5,1996-08-31T00:00,8.001,µg/m³,DICHOT,Microbalance
50308,QUÉBEC-VIEUX-LIMOILOU (DES SABLES),PM2.5,1996-09-06T00:00,9.198,µg/m³,DICHOT,Microbalance
50308,QUÉBEC-VIEUX-LIMOILOU (DES SABLES),PM2.5,1996-09-12T00:00,5.123,µg/m³,DICHOT,Microbalance
50308,QUÉBEC-VIEUX-LIMOILOU (DES SABLES),PM2.5,1996-09-18T00:00,9.733,µg/m³,DICHOT,Microbalance
50308,QUÉBEC-VIEUX-LIMOILOU (DES SABLES),PM2.5,1996-09-24T00:00,5.696,µg/m³,DICHOT,Microbalance
50308,QUÉBEC-VIEUX-LIMOILOU (DES SABLES),PM2.5,1996-09-30T00:00,3.099,µg/m³,DICHOT,Microbalance
50308,QUÉBEC-VIEUX-LIMOILOU (DES SABLES),PM2.5,1996-10-06T00:00,11.224,µg/m³,DICHOT,Microbalance
50308,QUÉBEC-VIEUX-LIMOILOU (DES SABLES),PM2.5,1996-10-12T00:00,11.656,µg/m³,DICHOT,Microbalance
50308,QUÉBEC-VIEUX-LIMOILOU (DES SABLES),PM2.5,1996-10-18T00:00,8.796,µg/m³,DICHOT,Microbalance
50308,QUÉBEC-VIEUX-LIMOILOU (DES SABLES),PM2.5,1996-10-24T00:00,7.887,µg/m³,DICHOT,Microbalance
50308,QUÉBEC-VIEUX-LIMOILOU (DES SABLES),PM2.5,1996-10-30T00:00,10.821,µg/m³,DICHOT,Microbalance
50308,QUÉBEC-VIEUX-LIMOILOU (DES SABLES),PM2.5,1996-11-05T00:00,5.976,µg/m³,DICHOT,Microbalance
50308,QUÉBEC-VIEUX-LIMOILOU (DES SABLES),PM2.5,1996-11-17T00:00,24.085,µg/m³,DICHOT,Microbalance
50308,QUÉBEC-VIEUX-LIMOILOU (DES SABLES),PM2.5,1996-11-23T00:00,4.091,µg/m³,DICHOT,Microbalance
50308,QUÉBEC-VIEUX-LIMOILOU (DES SABLES),PM2.5,1996-11-29T00:00,13.509,µg/m³,DICHOT,Microbalance
50308,QUÉBEC-VIEUX-LIMOILOU (DES SABLES),PM2.5,1996-12-05T00:00,4.174,µg/m³,DICHOT,Microbalance
50308,QUÉBEC-VIEUX-LIMOILOU (DES SABLES),PM2.5,1996-12-11T00:00,11.224,µg/m³,DICHOT,Microbalance
