﻿NAPS_Site_ID,Station_Name,Pollutant,Date,Value,Units,Report_Type,Method
90121,EDMONTON EAST,Pyrene,2006-01-05T00:00,0.001,µg/m³,PAH,
90121,EDMONTON EAST,Pyrene,2006-01-17T00:00,0.002,µg/m³,PAH,
90121,EDMONTON EAST,Pyrene,2006-01-29T00:00,0.001,µg/m³,PAH,
90121,EDMONTON EAST,Pyrene,2006-02-10T00:00,0.001,µg/m³,PAH,
90121,EDMONTON EAST,Pyrene,2006-03-06T00:00,0.001,µg/m³,PAH,
90121,EDMONTON EAST,Pyrene,2006-03-18T00:00,0.000,µg/m³,PAH,
90121,EDMONTON EAST,Pyrene,2006-03-30T00:00,0.000,µg/m³,PAH,
90121,EDMONTON EAST,Pyrene,2006-04-11T00:00,0.001,µg/m³,PAH,
90121,EDMONTON EAST,Pyrene,2006-04-23T00:00,0.000,µg/m³,PAH,
90121,EDMONTON EAST,Pyrene,2006-05-05T00:00,0.001,µg/m³,PAH,
90121,EDMONTON EAST,Pyrene,2006-05-17T00:00,0.001,µg/m³,PAH,
90121,EDMONTON EAST,Pyrene,2006-05-29T00:00,0.000,µg/m³,PAH,
90121,EDMONTON EAST,Pyrene,2006-06-10T00:00,0.001,µg/m³,PAH,
90121,EDMONTON EAST,Pyrene,2006-06-22T00:00,0.001,µg/m³,PAH,
90121,EDMONTON EAST,Pyrene,2006-07-04T00:00,0.002,µg/m³,PAH,
90121,EDMONTON EAST,Pyrene,2006-07-16T00:00,0.001,µg/m³,PAH,
90121,EDMONTON EAST,Pyrene,2006-08-09T00:00,0.001,µg/m³,PAH,
90121,EDMONTON EAST,Pyrene,2006-08-21T00:00,0.005,µg/m³,PAH,
90121,EDMONTON EAST,Pyrene,2006-09-02T00:00,0.002,µg/m³,PAH,
90121,EDMONTON EAST,Pyrene,2006-09-14T00:00,0.001,µg/m³,PAH,
90121,EDMONTON EAST,Pyrene,2006-09-26T00:00,0.001,µg/m³,PAH,
90121,EDMONTON EAST,Pyrene,2006-11-13T00:00,0.000,µg/m³,PAH,
90121,EDMONTON EAST,Pyrene,2006-11-25T00:00,0.001,µg/m³,PAH,
90121,EDMONTON EAST,Pyrene,2006-12-07T00:00,0.001,µg/m³,PAH,
90121,EDMONTON EAST,Pyrene,2006-12-19T00:00,0.002,µg/m³,PAH,
90121,EDMONTON EAST,Pyrene,2006-12-31T00:00,0.001,µg/m³,PAH,
