﻿NAPS_Site_ID,Station_Name,Pollutant,Date,Value,Units,Report_Type,Method
40208,CHAMPLAIN HEIGHTS SCHOOL,Acetaldehyde,2004-01-22T00:00,0.948,µg/m³,VOC,GC-MS
40208,CHAMPLAIN HEIGHTS SCHOOL,Acetaldehyde,2004-01-28T00:00,0.564,µg/m³,VOC,GC-MS
40208,CHAMPLAIN HEIGHTS SCHOOL,Acetaldehyde,2004-02-03T00:00,1.745,µg/m³,VOC,GC-MS
40208,CHAMPLAIN HEIGHTS SCHOOL,Acetaldehyde,2004-02-09T00:00,4.016,µg/m³,VOC,GC-MS
40208,CHAMPLAIN HEIGHTS SCHOOL,Acetaldehyde,2004-02-21T00:00,0.254,µg/m³,VOC,GC-MS
40208,CHAMPLAIN HEIGHTS SCHOOL,Acetaldehyde,2004-02-27T00:00,0.321,µg/m³,VOC,GC-MS
40208,CHAMPLAIN HEIGHTS SCHOOL,Acetaldehyde,2004-03-04T00:00,1.713,µg/m³,VOC,GC-MS
40208,CHAMPLAIN HEIGHTS SCHOOL,Acetaldehyde,2004-03-10T00:00,1.458,µg/m³,VOC,GC-MS
40208,CHAMPLAIN HEIGHTS SCHOOL,Acetaldehyde,2004-03-16T00:00,0.362,µg/m³,VOC,GC-MS
40208,CHAMPLAIN HEIGHTS SCHOOL,Acetaldehyde,2004-03-22T00:00,1.172,µg/m³,VOC,GC-MS
40208,CHAMPLAIN HEIGHTS SCHOOL,Acetaldehyde,2004-03-28T00:00,0.260,µg/m³,VOC,GC-MS
40208,CHAMPLAIN HEIGHTS SCHOOL,Acetaldehyde,2004-04-03T00:00,0.283,µg/m³,VOC,GC-MS
40208,CHAMPLAIN HEIGHTS SCHOOL,Acetaldehyde,2004-04-09T00:00,0.937,µg/m³,VOC,GC-MS
40208,CHAMPLAIN HEIGHTS SCHOOL,Acetaldehyde,2004-04-15T00:00,0.275,µg/m³,VOC,GC-MS
40208,CHAMPLAIN HEIGHTS SCHOOL,Acetaldehyde,2004-04-21T00:00,0.897,µg/m³,VOC,GC-MS
40208,CHAMPLAIN HEIGHTS SCHOOL,Acetaldehyde,2004-04-27T00:00,1.020,µg/m³,VOC,GC-MS
40208,CHAMPLAIN HEIGHTS SCHOOL,Acetaldehyde,2004-05-03T00:00,1.432,µg/m³,VOC,GC-MS
40208,CHAMPLAIN HEIGHTS SCHOOL,Acetaldehyde,2004-05-15T00:00,0.839,µg/m³,VOC,GC-MS
40208,CHAMPLAIN HEIGHTS SCHOOL,Acetaldehyde,2004-05-21T00:00,1.034,µg/m³,VOC,GC-MS
40208,CHAMPLAIN HEIGHTS SCHOOL,Acetaldehyde,2004-05-27T00:00,1.768,µg/m³,VOC,GC-MS
40208,CHAMPLAIN HEIGHTS SCHOOL,Acetaldehyde,2004-06-02T00:00,0.880,µg/m³,VOC,GC-MS
40208,CHAMPLAIN HEIGHTS SCHOOL,Acetaldehyde,2004-06-08T00:00,0.869,µg/m³,VOC,GC-MS
40208,CHAMPLAIN HEIGHTS SCHOOL,Acetaldehyde,2004-06-14T00:00,1.186,µg/m³,VOC,GC-MS
40208,CHAMPLAIN HEIGHTS SCHOOL,Acetaldehyde,2004-06-20T00:00,0.891,µg/m³,VOC,GC-MS
40208,CHAMPLAIN HEIGHTS SCHOOL,Acetaldehyde,2004-06-26T00:00,1.224,µg/m³,VOC,GC-MS
40208,CHAMPLAIN HEIGHTS SCHOOL,Acetaldehyde,2004-07-26T00:00,1.787,µg/m³,VOC,GC-MS
40208,CHAMPLAIN HEIGHTS SCHOOL,Acetaldehyde,2004-08-01T00:00,1.503,µg/m³,VOC,GC-MS
40208,CHAMPLAIN HEIGHTS SCHOOL,Acetaldehyde,2004-08-07T00:00,0.986,µg/m³,VOC,GC-MS
40208,CHAMPLAIN HEIGHTS SCHOOL,Acetaldehyde,2004-08-13T00:00,1.260,µg/m³,VOC,GC-MS
40208,CHAMPLAIN HEIGHTS SCHOOL,Acetaldehyde,2004-08-19T00:00,1.301,µg/m³,VOC,GC-MS
40208,CHAMPLAIN HEIGHTS SCHOOL,Acetaldehyde,2004-08-25T00:00,1.199,µg/m³,VOC,GC-MS
40208,CHAMPLAIN HEIGHTS SCHOOL,Acetaldehyde,2004-08-31T00:00,1.714,µg/m³,VOC,GC-MS
40208,CHAMPLAIN HEIGHTS SCHOOL,Acetaldehyde,2004-09-06T00:00,2.343,µg/m³,VOC,GC-MS
40208,CHAMPLAIN HEIGHTS SCHOOL,Acetaldehyde,2004-09-12T00:00,1.788,µg/m³,VOC,GC-MS
40208,CHAMPLAIN HEIGHTS SCHOOL,Acetaldehyde,2004-09-18T00:00,1.101,µg/m³,VOC,GC-MS
40208,CHAMPLAIN HEIGHTS SCHOOL,Acetaldehyde,2004-09-30T00:00,0.982,µg/m³,VOC,GC-MS
40208,CHAMPLAIN HEIGHTS SCHOOL,Acetaldehyde,2004-10-06T00:00,5.014,µg/m³,VOC,GC-MS
40208,CHAMPLAIN HEIGHTS SCHOOL,Acetaldehyde,2004-10-12T00:00,0.734,µg/m³,VOC,GC-MS
40208,CHAMPLAIN HEIGHTS SCHOOL,Acetaldehyde,2004-10-18T00:00,4.266,µg/m³,VOC,GC-MS
40208,CHAMPLAIN HEIGHTS SCHOOL,Acetaldehyde,2004-10-24T00:00,0.686,µg/m³,VOC,GC-MS
40208,CHAMPLAIN HEIGHTS SCHOOL,Acetaldehyde,2004-10-30T00:00,2.951,µg/m³,VOC,GC-MS
40208,CHAMPLAIN HEIGHTS SCHOOL,Acetaldehyde,2004-11-05T00:00,2.306,µg/m³,VOC,GC-MS
40208,CHAMPLAIN HEIGHTS SCHOOL,Acetaldehyde,2004-11-11T00:00,3.202,µg/m³,VOC,GC-MS
40208,CHAMPLAIN HEIGHTS SCHOOL,Acetaldehyde,2004-11-17T00:00,1.671,µg/m³,VOC,GC-MS
40208,CHAMPLAIN HEIGHTS SCHOOL,Acetaldehyde,2004-11-23T00:00,2.293,µg/m³,VOC,GC-MS
40208,CHAMPLAIN HEIGHTS SCHOOL,Acetaldehyde,2004-11-29T00:00,0.643,µg/m³,VOC,GC-MS
40208,CHAMPLAIN HEIGHTS SCHOOL,Acetaldehyde,2004-12-05T00:00,1.038,µg/m³,VOC,GC-MS
40208,CHAMPLAIN HEIGHTS SCHOOL,Acetaldehyde,2004-12-11T00:00,0.533,µg/m³,VOC,GC-MS
40208,CHAMPLAIN HEIGHTS SCHOOL,Acetaldehyde,2004-12-17T00:00,1.767,µg/m³,VOC,GC-MS
40208,CHAMPLAIN HEIGHTS SCHOOL,Acetaldehyde,2004-12-23T00:00,0.765,µg/m³,VOC,GC-MS
