﻿NAPS_Site_ID,Station_Name,Pollutant,Date,Value,Units,Report_Type,Method
60413,CENTENNIAL PARK _ETOBICOKE WEST_,Freon 12,2015-01-05T19:00,2.660,µg/m³,VOC,N/A
60413,CENTENNIAL PARK _ETOBICOKE WEST_,Freon 12,2015-01-11T19:00,2.973,µg/m³,VOC,N/A
60413,CENTENNIAL PARK _ETOBICOKE WEST_,Freon 12,2015-01-17T19:00,2.796,µg/m³,VOC,N/A
60413,CENTENNIAL PARK _ETOBICOKE WEST_,Freon 12,2015-01-23T19:00,2.605,µg/m³,VOC,N/A
60413,CENTENNIAL PARK _ETOBICOKE WEST_,Freon 12,2015-01-29T19:00,2.839,µg/m³,VOC,N/A
60413,CENTENNIAL PARK _ETOBICOKE WEST_,Freon 12,2015-02-04T19:00,2.659,µg/m³,VOC,N/A
60413,CENTENNIAL PARK _ETOBICOKE WEST_,Freon 12,2015-02-16T19:00,2.371,µg/m³,VOC,N/A
60413,CENTENNIAL PARK _ETOBICOKE WEST_,Freon 12,2015-02-22T19:00,2.432,µg/m³,VOC,N/A
60413,CENTENNIAL PARK _ETOBICOKE WEST_,Freon 12,2015-02-28T19:00,2.791,µg/m³,VOC,N/A
60413,CENTENNIAL PARK _ETOBICOKE WEST_,Freon 12,2015-03-06T19:00,2.648,µg/m³,VOC,N/A
60413,CENTENNIAL PARK _ETOBICOKE WEST_,Freon 12,2015-03-12T20:00,2.711,µg/m³,VOC,N/A
60413,CENTENNIAL PARK _ETOBICOKE WEST_,Freon 12,2015-03-18T20:00,2.764,µg/m³,VOC,N/A
60413,CENTENNIAL PARK _ETOBICOKE WEST_,Freon 12,2015-03-24T20:00,2.546,µg/m³,VOC,N/A
60413,CENTENNIAL PARK _ETOBICOKE WEST_,Freon 12,2015-03-30T20:00,2.473,µg/m³,VOC,N/A
60413,CENTENNIAL PARK _ETOBICOKE WEST_,Freon 12,2015-04-05T20:00,2.828,µg/m³,VOC,N/A
60413,CENTENNIAL PARK _ETOBICOKE WEST_,Freon 12,2015-04-11T20:00,2.500,µg/m³,VOC,N/A
60413,CENTENNIAL PARK _ETOBICOKE WEST_,Freon 12,2015-04-17T20:00,2.720,µg/m³,VOC,N/A
60413,CENTENNIAL PARK _ETOBICOKE WEST_,Freon 12,2015-04-23T20:00,2.952,µg/m³,VOC,N/A
60413,CENTENNIAL PARK _ETOBICOKE WEST_,Freon 12,2015-05-05T20:00,2.613,µg/m³,VOC,N/A
60413,CENTENNIAL PARK _ETOBICOKE WEST_,Freon 12,2015-06-28T20:00,2.475,µg/m³,VOC,N/A
60413,CENTENNIAL PARK _ETOBICOKE WEST_,Freon 12,2015-07-04T20:00,2.512,µg/m³,VOC,N/A
60413,CENTENNIAL PARK _ETOBICOKE WEST_,Freon 12,2015-07-10T20:00,2.607,µg/m³,VOC,N/A
60413,CENTENNIAL PARK _ETOBICOKE WEST_,Freon 12,2015-07-16T20:00,2.359,µg/m³,VOC,N/A
60413,CENTENNIAL PARK _ETOBICOKE WEST_,Freon 12,2015-07-22T20:00,2.298,µg/m³,VOC,N/A
60413,CENTENNIAL PARK _ETOBICOKE WEST_,Freon 12,2015-07-28T20:00,2.454,µg/m³,VOC,N/A
60413,CENTENNIAL PARK _ETOBICOKE WEST_,Freon 12,2015-08-03T20:00,2.326,µg/m³,VOC,N/A
60413,CENTENNIAL PARK _ETOBICOKE WEST_,Freon 12,2015-08-09T20:00,2.649,µg/m³,VOC,N/A
60413,CENTENNIAL PARK _ETOBICOKE WEST_,Freon 12,2015-08-15T20:00,2.616,µg/m³,VOC,N/A
60413,CENTENNIAL PARK _ETOBICOKE WEST_,Freon 12,2015-08-21T20:00,2.640,µg/m³,VOC,N/A
60413,CENTENNIAL PARK _ETOBICOKE WEST_,Freon 12,2015-08-27T20:00,2.757,µg/m³,VOC,N/A
60413,CENTENNIAL PARK _ETOBICOKE WEST_,Freon 12,2015-09-02T20:00,2.720,µg/m³,VOC,N/A
60413,CENTENNIAL PARK _ETOBICOKE WEST_,Freon 12,2015-09-08T20:00,3.196,µg/m³,VOC,N/A
60413,CENTENNIAL PARK _ETOBICOKE WEST_,Freon 12,2015-09-14T20:00,2.881,µg/m³,VOC,N/A
60413,CENTENNIAL PARK _ETOBICOKE WEST_,Freon 12,2015-09-20T20:00,2.702,µg/m³,VOC,N/A
60413,CENTENNIAL PARK _ETOBICOKE WEST_,Freon 12,2015-09-26T20:00,3.103,µg/m³,VOC,N/A
60413,CENTENNIAL PARK _ETOBICOKE WEST_,Freon 12,2015-10-02T20:00,2.831,µg/m³,VOC,N/A
60413,CENTENNIAL PARK _ETOBICOKE WEST_,Freon 12,2015-10-08T20:00,2.391,µg/m³,VOC,N/A
60413,CENTENNIAL PARK _ETOBICOKE WEST_,Freon 12,2015-10-20T20:00,2.418,µg/m³,VOC,N/A
60413,CENTENNIAL PARK _ETOBICOKE WEST_,Freon 12,2015-10-26T20:00,2.939,µg/m³,VOC,N/A
60413,CENTENNIAL PARK _ETOBICOKE WEST_,Freon 12,2015-11-01T19:00,2.200,µg/m³,VOC,N/A
60413,CENTENNIAL PARK _ETOBICOKE WEST_,Freon 12,2015-11-07T19:00,2.337,µg/m³,VOC,N/A
60413,CENTENNIAL PARK _ETOBICOKE WEST_,Freon 12,2015-11-13T19:00,2.322,µg/m³,VOC,N/A
60413,CENTENNIAL PARK _ETOBICOKE WEST_,Freon 12,2015-11-19T19:00,2.413,µg/m³,VOC,N/A
60413,CENTENNIAL PARK _ETOBICOKE WEST_,Freon 12,2015-11-25T19:00,2.483,µg/m³,VOC,N/A
60413,CENTENNIAL PARK _ETOBICOKE WEST_,Freon 12,2015-12-01T19:00,2.508,µg/m³,VOC,N/A
60413,CENTENNIAL PARK _ETOBICOKE WEST_,Freon 12,2015-12-07T19:00,2.497,µg/m³,VOC,N/A
60413,CENTENNIAL PARK _ETOBICOKE WEST_,Freon 12,2015-12-13T19:00,2.452,µg/m³,VOC,N/A
60413,CENTENNIAL PARK _ETOBICOKE WEST_,Freon 12,2015-12-19T19:00,2.525,µg/m³,VOC,N/A
60413,CENTENNIAL PARK _ETOBICOKE WEST_,Freon 12,2015-12-25T19:00,2.487,µg/m³,VOC,N/A
