﻿NAPS_Site_ID,Station_Name,Pollutant,Date,Value,Units,Report_Type,Method
90121,EDMONTON EAST,"2,3-Dimethylbutane",1999-01-06T00:00,1.766,µg/m³,VOC,N/A
90121,EDMONTON EAST,"2,3-Dimethylbutane",1999-01-18T00:00,0.626,µg/m³,VOC,N/A
90121,EDMONTON EAST,"2,3-Dimethylbutane",1999-01-24T00:00,0.456,µg/m³,VOC,N/A
90121,EDMONTON EAST,"2,3-Dimethylbutane",1999-01-30T00:00,0.990,µg/m³,VOC,N/A
90121,EDMONTON EAST,"2,3-Dimethylbutane",1999-02-05T00:00,1.330,µg/m³,VOC,N/A
90121,EDMONTON EAST,"2,3-Dimethylbutane",1999-02-11T00:00,3.050,µg/m³,VOC,N/A
90121,EDMONTON EAST,"2,3-Dimethylbutane",1999-02-17T00:00,0.540,µg/m³,VOC,N/A
90121,EDMONTON EAST,"2,3-Dimethylbutane",1999-02-23T00:00,1.240,µg/m³,VOC,N/A
90121,EDMONTON EAST,"2,3-Dimethylbutane",1999-03-01T00:00,1.400,µg/m³,VOC,N/A
90121,EDMONTON EAST,"2,3-Dimethylbutane",1999-03-07T00:00,0.540,µg/m³,VOC,N/A
90121,EDMONTON EAST,"2,3-Dimethylbutane",1999-03-13T00:00,1.340,µg/m³,VOC,N/A
90121,EDMONTON EAST,"2,3-Dimethylbutane",1999-03-19T00:00,0.560,µg/m³,VOC,N/A
90121,EDMONTON EAST,"2,3-Dimethylbutane",1999-03-25T00:00,1.420,µg/m³,VOC,N/A
90121,EDMONTON EAST,"2,3-Dimethylbutane",1999-03-31T00:00,0.650,µg/m³,VOC,N/A
90121,EDMONTON EAST,"2,3-Dimethylbutane",1999-04-06T00:00,0.540,µg/m³,VOC,N/A
90121,EDMONTON EAST,"2,3-Dimethylbutane",1999-04-12T00:00,1.330,µg/m³,VOC,N/A
90121,EDMONTON EAST,"2,3-Dimethylbutane",1999-04-18T00:00,0.650,µg/m³,VOC,N/A
90121,EDMONTON EAST,"2,3-Dimethylbutane",1999-04-24T00:00,0.840,µg/m³,VOC,N/A
90121,EDMONTON EAST,"2,3-Dimethylbutane",1999-04-30T00:00,0.510,µg/m³,VOC,N/A
90121,EDMONTON EAST,"2,3-Dimethylbutane",1999-05-06T00:00,0.710,µg/m³,VOC,N/A
90121,EDMONTON EAST,"2,3-Dimethylbutane",1999-05-12T00:00,0.780,µg/m³,VOC,N/A
90121,EDMONTON EAST,"2,3-Dimethylbutane",1999-05-18T00:00,0.610,µg/m³,VOC,N/A
90121,EDMONTON EAST,"2,3-Dimethylbutane",1999-05-24T00:00,0.940,µg/m³,VOC,N/A
90121,EDMONTON EAST,"2,3-Dimethylbutane",1999-05-30T00:00,1.280,µg/m³,VOC,N/A
90121,EDMONTON EAST,"2,3-Dimethylbutane",1999-06-05T00:00,1.480,µg/m³,VOC,N/A
90121,EDMONTON EAST,"2,3-Dimethylbutane",1999-06-11T00:00,1.070,µg/m³,VOC,N/A
90121,EDMONTON EAST,"2,3-Dimethylbutane",1999-06-17T00:00,1.400,µg/m³,VOC,N/A
90121,EDMONTON EAST,"2,3-Dimethylbutane",1999-06-23T00:00,0.690,µg/m³,VOC,N/A
90121,EDMONTON EAST,"2,3-Dimethylbutane",1999-06-29T00:00,0.870,µg/m³,VOC,N/A
90121,EDMONTON EAST,"2,3-Dimethylbutane",1999-07-05T00:00,0.430,µg/m³,VOC,N/A
90121,EDMONTON EAST,"2,3-Dimethylbutane",1999-07-11T00:00,1.930,µg/m³,VOC,N/A
90121,EDMONTON EAST,"2,3-Dimethylbutane",1999-07-17T00:00,0.980,µg/m³,VOC,N/A
90121,EDMONTON EAST,"2,3-Dimethylbutane",1999-07-23T00:00,1.680,µg/m³,VOC,N/A
90121,EDMONTON EAST,"2,3-Dimethylbutane",1999-07-29T00:00,0.710,µg/m³,VOC,N/A
90121,EDMONTON EAST,"2,3-Dimethylbutane",1999-08-04T00:00,2.210,µg/m³,VOC,N/A
90121,EDMONTON EAST,"2,3-Dimethylbutane",1999-08-10T00:00,2.090,µg/m³,VOC,N/A
90121,EDMONTON EAST,"2,3-Dimethylbutane",1999-08-22T00:00,1.390,µg/m³,VOC,N/A
90121,EDMONTON EAST,"2,3-Dimethylbutane",1999-08-28T00:00,1.330,µg/m³,VOC,N/A
90121,EDMONTON EAST,"2,3-Dimethylbutane",1999-09-03T00:00,1.000,µg/m³,VOC,N/A
90121,EDMONTON EAST,"2,3-Dimethylbutane",1999-09-09T00:00,1.220,µg/m³,VOC,N/A
90121,EDMONTON EAST,"2,3-Dimethylbutane",1999-09-15T00:00,3.360,µg/m³,VOC,N/A
90121,EDMONTON EAST,"2,3-Dimethylbutane",1999-09-21T00:00,4.020,µg/m³,VOC,N/A
90121,EDMONTON EAST,"2,3-Dimethylbutane",1999-09-27T00:00,1.190,µg/m³,VOC,N/A
90121,EDMONTON EAST,"2,3-Dimethylbutane",1999-10-03T00:00,1.680,µg/m³,VOC,N/A
90121,EDMONTON EAST,"2,3-Dimethylbutane",1999-10-09T00:00,1.110,µg/m³,VOC,N/A
90121,EDMONTON EAST,"2,3-Dimethylbutane",1999-10-15T00:00,0.530,µg/m³,VOC,N/A
90121,EDMONTON EAST,"2,3-Dimethylbutane",1999-10-21T00:00,1.500,µg/m³,VOC,N/A
90121,EDMONTON EAST,"2,3-Dimethylbutane",1999-10-27T00:00,0.950,µg/m³,VOC,N/A
90121,EDMONTON EAST,"2,3-Dimethylbutane",1999-11-02T00:00,0.700,µg/m³,VOC,N/A
90121,EDMONTON EAST,"2,3-Dimethylbutane",1999-11-08T00:00,3.820,µg/m³,VOC,N/A
90121,EDMONTON EAST,"2,3-Dimethylbutane",1999-11-14T00:00,0.780,µg/m³,VOC,N/A
90121,EDMONTON EAST,"2,3-Dimethylbutane",1999-11-20T00:00,1.920,µg/m³,VOC,N/A
90121,EDMONTON EAST,"2,3-Dimethylbutane",1999-11-26T00:00,2.560,µg/m³,VOC,N/A
90121,EDMONTON EAST,"2,3-Dimethylbutane",1999-12-02T00:00,3.910,µg/m³,VOC,N/A
90121,EDMONTON EAST,"2,3-Dimethylbutane",1999-12-08T00:00,1.590,µg/m³,VOC,N/A
90121,EDMONTON EAST,"2,3-Dimethylbutane",1999-12-14T00:00,1.790,µg/m³,VOC,N/A
90121,EDMONTON EAST,"2,3-Dimethylbutane",1999-12-20T00:00,0.870,µg/m³,VOC,N/A
90121,EDMONTON EAST,"2,3-Dimethylbutane",1999-12-26T00:00,1.270,µg/m³,VOC,N/A
