﻿NAPS_Site_ID,Station_Name,Pollutant,Date,Value,Units,Report_Type,Method
100128,RICHMOND SOUTH,cis-3-Methyl-2-Pentene,2003-01-15T00:00,0.140,µg/m³,VOC,N/A
100128,RICHMOND SOUTH,cis-3-Methyl-2-Pentene,2003-02-02T00:00,0.063,µg/m³,VOC,N/A
100128,RICHMOND SOUTH,cis-3-Methyl-2-Pentene,2003-02-20T00:00,0.037,µg/m³,VOC,N/A
100128,RICHMOND SOUTH,cis-3-Methyl-2-Pentene,2003-03-10T00:00,0.020,µg/m³,VOC,N/A
100128,RICHMOND SOUTH,cis-3-Methyl-2-Pentene,2003-03-28T00:00,0.106,µg/m³,VOC,N/A
100128,RICHMOND SOUTH,cis-3-Methyl-2-Pentene,2003-04-15T00:00,0.049,µg/m³,VOC,N/A
100128,RICHMOND SOUTH,cis-3-Methyl-2-Pentene,2003-05-03T00:00,0.018,µg/m³,VOC,N/A
100128,RICHMOND SOUTH,cis-3-Methyl-2-Pentene,2003-05-21T00:00,0.036,µg/m³,VOC,N/A
100128,RICHMOND SOUTH,cis-3-Methyl-2-Pentene,2003-06-08T00:00,0.025,µg/m³,VOC,N/A
100128,RICHMOND SOUTH,cis-3-Methyl-2-Pentene,2003-06-26T00:00,0.026,µg/m³,VOC,N/A
100128,RICHMOND SOUTH,cis-3-Methyl-2-Pentene,2003-07-14T00:00,0.037,µg/m³,VOC,N/A
100128,RICHMOND SOUTH,cis-3-Methyl-2-Pentene,2003-08-13T00:00,0.077,µg/m³,VOC,N/A
100128,RICHMOND SOUTH,cis-3-Methyl-2-Pentene,2003-08-31T00:00,0.024,µg/m³,VOC,N/A
100128,RICHMOND SOUTH,cis-3-Methyl-2-Pentene,2003-09-18T00:00,0.045,µg/m³,VOC,N/A
100128,RICHMOND SOUTH,cis-3-Methyl-2-Pentene,2003-10-06T00:00,0.100,µg/m³,VOC,N/A
100128,RICHMOND SOUTH,cis-3-Methyl-2-Pentene,2003-10-24T00:00,0.314,µg/m³,VOC,N/A
100128,RICHMOND SOUTH,cis-3-Methyl-2-Pentene,2003-12-05T00:00,0.000,µg/m³,VOC,N/A
100128,RICHMOND SOUTH,cis-3-Methyl-2-Pentene,2003-12-23T00:00,0.149,µg/m³,VOC,N/A
