﻿NAPS_Site_ID,Station_Name,Pollutant,Date,Value,Units,Report_Type,Method
61007,AAMJIWNAANG,"1,2-Dichloropropane",2021-02-27T00:00,0.021,µg/m³,VOC,GC-MS
61007,AAMJIWNAANG,"1,2-Dichloropropane",2021-03-05T00:00,0.021,µg/m³,VOC,GC-MS
61007,AAMJIWNAANG,"1,2-Dichloropropane",2021-03-11T00:00,0.017,µg/m³,VOC,GC-MS
61007,AAMJIWNAANG,"1,2-Dichloropropane",2021-03-17T00:00,0.024,µg/m³,VOC,GC-MS
61007,AAMJIWNAANG,"1,2-Dichloropropane",2021-03-23T00:00,0.019,µg/m³,VOC,GC-MS
61007,AAMJIWNAANG,"1,2-Dichloropropane",2021-03-29T00:00,0.029,µg/m³,VOC,GC-MS
61007,AAMJIWNAANG,"1,2-Dichloropropane",2021-04-04T00:00,0.023,µg/m³,VOC,GC-MS
61007,AAMJIWNAANG,"1,2-Dichloropropane",2021-04-10T00:00,0.021,µg/m³,VOC,GC-MS
61007,AAMJIWNAANG,"1,2-Dichloropropane",2021-04-16T00:00,0.024,µg/m³,VOC,GC-MS
61007,AAMJIWNAANG,"1,2-Dichloropropane",2021-04-22T00:00,0.021,µg/m³,VOC,GC-MS
61007,AAMJIWNAANG,"1,2-Dichloropropane",2021-04-28T00:00,0.020,µg/m³,VOC,GC-MS
61007,AAMJIWNAANG,"1,2-Dichloropropane",2021-05-04T00:00,0.017,µg/m³,VOC,GC-MS
61007,AAMJIWNAANG,"1,2-Dichloropropane",2021-05-10T00:00,0.016,µg/m³,VOC,GC-MS
61007,AAMJIWNAANG,"1,2-Dichloropropane",2021-05-16T00:00,0.015,µg/m³,VOC,GC-MS
61007,AAMJIWNAANG,"1,2-Dichloropropane",2021-05-22T00:00,0.016,µg/m³,VOC,GC-MS
61007,AAMJIWNAANG,"1,2-Dichloropropane",2021-05-28T00:00,0.018,µg/m³,VOC,GC-MS
61007,AAMJIWNAANG,"1,2-Dichloropropane",2021-06-03T00:00,0.016,µg/m³,VOC,GC-MS
61007,AAMJIWNAANG,"1,2-Dichloropropane",2021-06-09T00:00,0.025,µg/m³,VOC,GC-MS
61007,AAMJIWNAANG,"1,2-Dichloropropane",2021-06-21T00:00,0.018,µg/m³,VOC,GC-MS
61007,AAMJIWNAANG,"1,2-Dichloropropane",2021-06-27T00:00,0.009,µg/m³,VOC,GC-MS
61007,AAMJIWNAANG,"1,2-Dichloropropane",2021-07-03T00:00,0.008,µg/m³,VOC,GC-MS
61007,AAMJIWNAANG,"1,2-Dichloropropane",2021-07-09T00:00,0.008,µg/m³,VOC,GC-MS
61007,AAMJIWNAANG,"1,2-Dichloropropane",2021-07-15T00:00,0.007,µg/m³,VOC,GC-MS
61007,AAMJIWNAANG,"1,2-Dichloropropane",2021-07-21T00:00,0.008,µg/m³,VOC,GC-MS
61007,AAMJIWNAANG,"1,2-Dichloropropane",2021-07-27T00:00,0.009,µg/m³,VOC,GC-MS
61007,AAMJIWNAANG,"1,2-Dichloropropane",2021-08-02T00:00,0.007,µg/m³,VOC,GC-MS
61007,AAMJIWNAANG,"1,2-Dichloropropane",2021-08-08T00:00,0.008,µg/m³,VOC,GC-MS
61007,AAMJIWNAANG,"1,2-Dichloropropane",2021-08-14T00:00,0.007,µg/m³,VOC,GC-MS
61007,AAMJIWNAANG,"1,2-Dichloropropane",2021-08-20T00:00,0.008,µg/m³,VOC,GC-MS
61007,AAMJIWNAANG,"1,2-Dichloropropane",2021-08-26T00:00,0.006,µg/m³,VOC,GC-MS
61007,AAMJIWNAANG,"1,2-Dichloropropane",2021-09-01T00:00,0.006,µg/m³,VOC,GC-MS
61007,AAMJIWNAANG,"1,2-Dichloropropane",2021-09-07T00:00,0.013,µg/m³,VOC,GC-MS
61007,AAMJIWNAANG,"1,2-Dichloropropane",2021-09-13T00:00,0.014,µg/m³,VOC,GC-MS
61007,AAMJIWNAANG,"1,2-Dichloropropane",2021-09-19T00:00,0.009,µg/m³,VOC,GC-MS
61007,AAMJIWNAANG,"1,2-Dichloropropane",2021-09-25T00:00,0.013,µg/m³,VOC,GC-MS
61007,AAMJIWNAANG,"1,2-Dichloropropane",2021-10-01T00:00,0.017,µg/m³,VOC,GC-MS
61007,AAMJIWNAANG,"1,2-Dichloropropane",2021-10-07T00:00,0.012,µg/m³,VOC,GC-MS
61007,AAMJIWNAANG,"1,2-Dichloropropane",2021-10-19T00:00,0.013,µg/m³,VOC,GC-MS
61007,AAMJIWNAANG,"1,2-Dichloropropane",2021-10-25T00:00,0.015,µg/m³,VOC,GC-MS
61007,AAMJIWNAANG,"1,2-Dichloropropane",2021-10-31T00:00,0.015,µg/m³,VOC,GC-MS
61007,AAMJIWNAANG,"1,2-Dichloropropane",2021-11-06T00:00,0.015,µg/m³,VOC,GC-MS
61007,AAMJIWNAANG,"1,2-Dichloropropane",2021-11-12T00:00,0.014,µg/m³,VOC,GC-MS
61007,AAMJIWNAANG,"1,2-Dichloropropane",2021-11-18T00:00,0.017,µg/m³,VOC,GC-MS
61007,AAMJIWNAANG,"1,2-Dichloropropane",2021-11-24T00:00,0.020,µg/m³,VOC,GC-MS
61007,AAMJIWNAANG,"1,2-Dichloropropane",2021-11-30T00:00,0.021,µg/m³,VOC,GC-MS
61007,AAMJIWNAANG,"1,2-Dichloropropane",2021-12-06T00:00,0.022,µg/m³,VOC,GC-MS
61007,AAMJIWNAANG,"1,2-Dichloropropane",2021-12-12T00:00,0.022,µg/m³,VOC,GC-MS
61007,AAMJIWNAANG,"1,2-Dichloropropane",2021-12-18T00:00,0.024,µg/m³,VOC,GC-MS
61007,AAMJIWNAANG,"1,2-Dichloropropane",2021-12-24T00:00,0.027,µg/m³,VOC,GC-MS
