﻿NAPS_Site_ID,Station_Name,Pollutant,Date,Value,Units,Report_Type,Method
62601,EXPERIMENTAL FARM _SIMCOE_,"Dibenz(a,c)&(a,h)Anthracene",2002-01-08T00:00,0.000,µg/m³,PAH,GC-MS
62601,EXPERIMENTAL FARM _SIMCOE_,"Dibenz(a,c)&(a,h)Anthracene",2002-01-20T00:00,0.000,µg/m³,PAH,GC-MS
62601,EXPERIMENTAL FARM _SIMCOE_,"Dibenz(a,c)&(a,h)Anthracene",2002-02-25T00:00,0.000,µg/m³,PAH,GC-MS
62601,EXPERIMENTAL FARM _SIMCOE_,"Dibenz(a,c)&(a,h)Anthracene",2002-03-09T00:00,0.000,µg/m³,PAH,GC-MS
62601,EXPERIMENTAL FARM _SIMCOE_,"Dibenz(a,c)&(a,h)Anthracene",2002-03-21T00:00,0.000,µg/m³,PAH,GC-MS
62601,EXPERIMENTAL FARM _SIMCOE_,"Dibenz(a,c)&(a,h)Anthracene",2002-04-02T00:00,0.000,µg/m³,PAH,GC-MS
62601,EXPERIMENTAL FARM _SIMCOE_,"Dibenz(a,c)&(a,h)Anthracene",2002-04-14T00:00,0.000,µg/m³,PAH,GC-MS
62601,EXPERIMENTAL FARM _SIMCOE_,"Dibenz(a,c)&(a,h)Anthracene",2002-04-26T00:00,0.000,µg/m³,PAH,GC-MS
62601,EXPERIMENTAL FARM _SIMCOE_,"Dibenz(a,c)&(a,h)Anthracene",2002-05-08T00:00,0.000,µg/m³,PAH,GC-MS
62601,EXPERIMENTAL FARM _SIMCOE_,"Dibenz(a,c)&(a,h)Anthracene",2002-05-20T00:00,0.000,µg/m³,PAH,GC-MS
62601,EXPERIMENTAL FARM _SIMCOE_,"Dibenz(a,c)&(a,h)Anthracene",2002-06-01T00:00,0.000,µg/m³,PAH,GC-MS
62601,EXPERIMENTAL FARM _SIMCOE_,"Dibenz(a,c)&(a,h)Anthracene",2002-06-13T00:00,0.000,µg/m³,PAH,GC-MS
62601,EXPERIMENTAL FARM _SIMCOE_,"Dibenz(a,c)&(a,h)Anthracene",2002-06-25T00:00,0.000,µg/m³,PAH,GC-MS
