﻿NAPS_Site_ID,Station_Name,Pollutant,Date,Value,Units,Report_Type,Method
63201,HWY 47 & HWY 48 _YORK_REGION_,Octane,2002-01-02T00:00,0.090,µg/m³,VOC,N/A
63201,HWY 47 & HWY 48 _YORK_REGION_,Octane,2002-01-08T00:00,0.140,µg/m³,VOC,N/A
63201,HWY 47 & HWY 48 _YORK_REGION_,Octane,2002-01-14T00:00,0.060,µg/m³,VOC,N/A
63201,HWY 47 & HWY 48 _YORK_REGION_,Octane,2002-01-20T00:00,0.100,µg/m³,VOC,N/A
63201,HWY 47 & HWY 48 _YORK_REGION_,Octane,2002-02-07T00:00,0.130,µg/m³,VOC,N/A
63201,HWY 47 & HWY 48 _YORK_REGION_,Octane,2002-02-13T00:00,0.080,µg/m³,VOC,N/A
63201,HWY 47 & HWY 48 _YORK_REGION_,Octane,2002-02-19T00:00,0.260,µg/m³,VOC,N/A
63201,HWY 47 & HWY 48 _YORK_REGION_,Octane,2002-02-25T00:00,0.150,µg/m³,VOC,N/A
63201,HWY 47 & HWY 48 _YORK_REGION_,Octane,2002-03-03T00:00,0.090,µg/m³,VOC,N/A
63201,HWY 47 & HWY 48 _YORK_REGION_,Octane,2002-03-09T00:00,0.180,µg/m³,VOC,N/A
63201,HWY 47 & HWY 48 _YORK_REGION_,Octane,2002-03-15T00:00,0.070,µg/m³,VOC,N/A
63201,HWY 47 & HWY 48 _YORK_REGION_,Octane,2002-03-21T00:00,0.070,µg/m³,VOC,N/A
63201,HWY 47 & HWY 48 _YORK_REGION_,Octane,2002-03-27T00:00,0.050,µg/m³,VOC,N/A
63201,HWY 47 & HWY 48 _YORK_REGION_,Octane,2002-04-02T00:00,0.080,µg/m³,VOC,N/A
63201,HWY 47 & HWY 48 _YORK_REGION_,Octane,2002-04-08T00:00,0.116,µg/m³,VOC,N/A
63201,HWY 47 & HWY 48 _YORK_REGION_,Octane,2002-04-14T00:00,0.090,µg/m³,VOC,N/A
63201,HWY 47 & HWY 48 _YORK_REGION_,Octane,2002-04-20T00:00,0.039,µg/m³,VOC,N/A
63201,HWY 47 & HWY 48 _YORK_REGION_,Octane,2002-04-26T00:00,0.068,µg/m³,VOC,N/A
63201,HWY 47 & HWY 48 _YORK_REGION_,Octane,2002-05-02T00:00,0.042,µg/m³,VOC,N/A
63201,HWY 47 & HWY 48 _YORK_REGION_,Octane,2002-05-08T00:00,0.040,µg/m³,VOC,N/A
63201,HWY 47 & HWY 48 _YORK_REGION_,Octane,2002-05-14T00:00,0.031,µg/m³,VOC,N/A
63201,HWY 47 & HWY 48 _YORK_REGION_,Octane,2002-05-20T00:00,0.026,µg/m³,VOC,N/A
63201,HWY 47 & HWY 48 _YORK_REGION_,Octane,2002-05-26T00:00,0.050,µg/m³,VOC,N/A
63201,HWY 47 & HWY 48 _YORK_REGION_,Octane,2002-11-04T00:00,0.108,µg/m³,VOC,N/A
63201,HWY 47 & HWY 48 _YORK_REGION_,Octane,2002-11-10T00:00,0.069,µg/m³,VOC,N/A
63201,HWY 47 & HWY 48 _YORK_REGION_,Octane,2002-11-16T00:00,0.037,µg/m³,VOC,N/A
63201,HWY 47 & HWY 48 _YORK_REGION_,Octane,2002-11-22T00:00,0.026,µg/m³,VOC,N/A
63201,HWY 47 & HWY 48 _YORK_REGION_,Octane,2002-11-28T00:00,0.060,µg/m³,VOC,N/A
63201,HWY 47 & HWY 48 _YORK_REGION_,Octane,2002-12-04T00:00,0.083,µg/m³,VOC,N/A
63201,HWY 47 & HWY 48 _YORK_REGION_,Octane,2002-12-10T00:00,0.168,µg/m³,VOC,N/A
63201,HWY 47 & HWY 48 _YORK_REGION_,Octane,2002-12-16T00:00,0.055,µg/m³,VOC,N/A
63201,HWY 47 & HWY 48 _YORK_REGION_,Octane,2002-12-22T00:00,0.044,µg/m³,VOC,N/A
63201,HWY 47 & HWY 48 _YORK_REGION_,Octane,2002-12-28T00:00,0.146,µg/m³,VOC,N/A
