﻿NAPS_Site_ID,Station_Name,Pollutant,Date,Value,Units,Report_Type,Method
100137,BURNABY NORTH,2-Methylheptane,2020-01-04T00:00,0.097,µg/m³,VOC,GC-MS
100137,BURNABY NORTH,2-Methylheptane,2020-01-10T00:00,0.092,µg/m³,VOC,GC-MS
100137,BURNABY NORTH,2-Methylheptane,2020-01-28T00:00,0.239,µg/m³,VOC,GC-MS
100137,BURNABY NORTH,2-Methylheptane,2020-02-03T00:00,0.249,µg/m³,VOC,GC-MS
100137,BURNABY NORTH,2-Methylheptane,2020-02-09T00:00,0.397,µg/m³,VOC,GC-MS
100137,BURNABY NORTH,2-Methylheptane,2020-02-15T00:00,0.133,µg/m³,VOC,GC-MS
