﻿NAPS_Site_ID,Station_Name,Pollutant,Date,Value,Units,Report_Type,Method
90121,EDMONTON EAST,MTBE,1996-01-16T00:00,2.495,µg/m³,VOC,
90121,EDMONTON EAST,MTBE,1996-05-15T00:00,0.050,µg/m³,VOC,
90121,EDMONTON EAST,MTBE,1996-05-21T00:00,0.830,µg/m³,VOC,
90121,EDMONTON EAST,MTBE,1996-05-27T00:00,3.395,µg/m³,VOC,
90121,EDMONTON EAST,MTBE,1996-06-14T00:00,2.975,µg/m³,VOC,
90121,EDMONTON EAST,MTBE,1996-07-08T00:00,1.315,µg/m³,VOC,
90121,EDMONTON EAST,MTBE,1996-07-14T00:00,1.930,µg/m³,VOC,
90121,EDMONTON EAST,MTBE,1996-07-20T00:00,0.415,µg/m³,VOC,
90121,EDMONTON EAST,MTBE,1996-07-26T00:00,0.815,µg/m³,VOC,
90121,EDMONTON EAST,MTBE,1996-08-01T00:00,0.855,µg/m³,VOC,
90121,EDMONTON EAST,MTBE,1996-08-07T00:00,2.495,µg/m³,VOC,
90121,EDMONTON EAST,MTBE,1996-08-13T00:00,2.440,µg/m³,VOC,
90121,EDMONTON EAST,MTBE,1996-08-19T00:00,1.110,µg/m³,VOC,
90121,EDMONTON EAST,MTBE,1996-08-25T00:00,3.980,µg/m³,VOC,
90121,EDMONTON EAST,MTBE,1996-08-31T00:00,0.000,µg/m³,VOC,
90121,EDMONTON EAST,MTBE,1996-09-06T00:00,1.530,µg/m³,VOC,
90121,EDMONTON EAST,MTBE,1996-09-12T00:00,2.435,µg/m³,VOC,
90121,EDMONTON EAST,MTBE,1996-09-18T00:00,0.405,µg/m³,VOC,
90121,EDMONTON EAST,MTBE,1996-09-24T00:00,6.405,µg/m³,VOC,
90121,EDMONTON EAST,MTBE,1996-10-06T00:00,0.705,µg/m³,VOC,
90121,EDMONTON EAST,MTBE,1996-10-12T00:00,0.445,µg/m³,VOC,
90121,EDMONTON EAST,MTBE,1996-10-18T00:00,0.295,µg/m³,VOC,
90121,EDMONTON EAST,MTBE,1996-10-24T00:00,1.510,µg/m³,VOC,
90121,EDMONTON EAST,MTBE,1996-10-30T00:00,2.410,µg/m³,VOC,
90121,EDMONTON EAST,MTBE,1996-11-05T00:00,0.035,µg/m³,VOC,
90121,EDMONTON EAST,MTBE,1996-11-23T00:00,1.785,µg/m³,VOC,
90121,EDMONTON EAST,MTBE,1996-11-29T00:00,28.500,µg/m³,VOC,
90121,EDMONTON EAST,MTBE,1996-12-05T00:00,0.085,µg/m³,VOC,
90121,EDMONTON EAST,MTBE,1996-12-11T00:00,1.150,µg/m³,VOC,
90121,EDMONTON EAST,MTBE,1996-12-17T00:00,2.695,µg/m³,VOC,
90121,EDMONTON EAST,MTBE,1996-12-23T00:00,1.785,µg/m³,VOC,
90121,EDMONTON EAST,MTBE,1996-12-29T00:00,0.044,µg/m³,VOC,
