﻿NAPS_Site_ID,Station_Name,Pollutant,Date,Value,Units,Report_Type,Method
100118,KITSILANO,Aluminum,1997-01-04T00:00,0.013,µg/m³,DICHOT,N/A
100118,KITSILANO,Aluminum,1997-01-04T00:00,0.028,µg/m³,DICHOT,N/A
100118,KITSILANO,Aluminum,1997-01-16T00:00,0.034,µg/m³,DICHOT,N/A
100118,KITSILANO,Aluminum,1997-01-16T00:00,0.234,µg/m³,DICHOT,N/A
100118,KITSILANO,Aluminum,1997-02-09T00:00,0.037,µg/m³,DICHOT,N/A
100118,KITSILANO,Aluminum,1997-02-09T00:00,0.144,µg/m³,DICHOT,N/A
100118,KITSILANO,Aluminum,1997-02-15T00:00,0.005,µg/m³,DICHOT,N/A
100118,KITSILANO,Aluminum,1997-02-15T00:00,0.106,µg/m³,DICHOT,N/A
100118,KITSILANO,Aluminum,1997-02-21T00:00,0.010,µg/m³,DICHOT,N/A
100118,KITSILANO,Aluminum,1997-02-21T00:00,0.203,µg/m³,DICHOT,N/A
100118,KITSILANO,Aluminum,1997-02-27T00:00,0.013,µg/m³,DICHOT,N/A
100118,KITSILANO,Aluminum,1997-02-27T00:00,0.154,µg/m³,DICHOT,N/A
100118,KITSILANO,Aluminum,1997-03-05T00:00,0.030,µg/m³,DICHOT,N/A
100118,KITSILANO,Aluminum,1997-03-05T00:00,0.141,µg/m³,DICHOT,N/A
100118,KITSILANO,Aluminum,1997-03-11T00:00,0.003,µg/m³,DICHOT,N/A
100118,KITSILANO,Aluminum,1997-03-11T00:00,0.272,µg/m³,DICHOT,N/A
100118,KITSILANO,Aluminum,1997-03-17T00:00,0.078,µg/m³,DICHOT,N/A
100118,KITSILANO,Aluminum,1997-03-17T00:00,0.192,µg/m³,DICHOT,N/A
100118,KITSILANO,Aluminum,1997-03-23T00:00,0.005,µg/m³,DICHOT,N/A
100118,KITSILANO,Aluminum,1997-03-23T00:00,0.106,µg/m³,DICHOT,N/A
100118,KITSILANO,Aluminum,1997-03-29T00:00,0.061,µg/m³,DICHOT,N/A
100118,KITSILANO,Aluminum,1997-03-29T00:00,0.062,µg/m³,DICHOT,N/A
100118,KITSILANO,Aluminum,1997-04-04T00:00,0.009,µg/m³,DICHOT,N/A
100118,KITSILANO,Aluminum,1997-04-04T00:00,0.247,µg/m³,DICHOT,N/A
100118,KITSILANO,Aluminum,1997-04-10T00:00,0.079,µg/m³,DICHOT,N/A
100118,KITSILANO,Aluminum,1997-04-10T00:00,0.365,µg/m³,DICHOT,N/A
100118,KITSILANO,Aluminum,1997-04-16T00:00,0.006,µg/m³,DICHOT,N/A
100118,KITSILANO,Aluminum,1997-04-16T00:00,0.044,µg/m³,DICHOT,N/A
100118,KITSILANO,Aluminum,1997-04-22T00:00,0.009,µg/m³,DICHOT,N/A
100118,KITSILANO,Aluminum,1997-04-22T00:00,0.308,µg/m³,DICHOT,N/A
100118,KITSILANO,Aluminum,1997-04-28T00:00,0.011,µg/m³,DICHOT,N/A
100118,KITSILANO,Aluminum,1997-04-28T00:00,0.068,µg/m³,DICHOT,N/A
100118,KITSILANO,Aluminum,1997-05-04T00:00,0.024,µg/m³,DICHOT,N/A
100118,KITSILANO,Aluminum,1997-05-04T00:00,0.065,µg/m³,DICHOT,N/A
100118,KITSILANO,Aluminum,1997-05-10T00:00,0.018,µg/m³,DICHOT,N/A
100118,KITSILANO,Aluminum,1997-05-10T00:00,0.298,µg/m³,DICHOT,N/A
100118,KITSILANO,Aluminum,1997-05-22T00:00,0.000,µg/m³,DICHOT,N/A
100118,KITSILANO,Aluminum,1997-05-22T00:00,0.147,µg/m³,DICHOT,N/A
100118,KITSILANO,Aluminum,1997-05-28T00:00,0.045,µg/m³,DICHOT,N/A
100118,KITSILANO,Aluminum,1997-05-28T00:00,0.124,µg/m³,DICHOT,N/A
100118,KITSILANO,Aluminum,1997-06-03T00:00,0.041,µg/m³,DICHOT,N/A
100118,KITSILANO,Aluminum,1997-06-03T00:00,0.120,µg/m³,DICHOT,N/A
100118,KITSILANO,Aluminum,1997-06-09T00:00,0.006,µg/m³,DICHOT,N/A
100118,KITSILANO,Aluminum,1997-06-09T00:00,0.075,µg/m³,DICHOT,N/A
100118,KITSILANO,Aluminum,1997-06-15T00:00,0.043,µg/m³,DICHOT,N/A
100118,KITSILANO,Aluminum,1997-06-15T00:00,0.209,µg/m³,DICHOT,N/A
100118,KITSILANO,Aluminum,1997-06-21T00:00,0.024,µg/m³,DICHOT,N/A
100118,KITSILANO,Aluminum,1997-06-21T00:00,0.055,µg/m³,DICHOT,N/A
100118,KITSILANO,Aluminum,1997-06-27T00:00,0.064,µg/m³,DICHOT,N/A
100118,KITSILANO,Aluminum,1997-06-27T00:00,0.198,µg/m³,DICHOT,N/A
100118,KITSILANO,Aluminum,1997-07-03T00:00,0.052,µg/m³,DICHOT,N/A
100118,KITSILANO,Aluminum,1997-07-03T00:00,0.131,µg/m³,DICHOT,N/A
100118,KITSILANO,Aluminum,1997-07-09T00:00,0.000,µg/m³,DICHOT,N/A
100118,KITSILANO,Aluminum,1997-07-09T00:00,0.094,µg/m³,DICHOT,N/A
100118,KITSILANO,Aluminum,1997-07-15T00:00,0.037,µg/m³,DICHOT,N/A
100118,KITSILANO,Aluminum,1997-07-15T00:00,0.367,µg/m³,DICHOT,N/A
100118,KITSILANO,Aluminum,1997-07-21T00:00,0.020,µg/m³,DICHOT,N/A
100118,KITSILANO,Aluminum,1997-07-21T00:00,0.323,µg/m³,DICHOT,N/A
100118,KITSILANO,Aluminum,1997-07-27T00:00,0.018,µg/m³,DICHOT,N/A
100118,KITSILANO,Aluminum,1997-07-27T00:00,0.272,µg/m³,DICHOT,N/A
100118,KITSILANO,Aluminum,1997-08-02T00:00,0.032,µg/m³,DICHOT,N/A
100118,KITSILANO,Aluminum,1997-08-02T00:00,0.384,µg/m³,DICHOT,N/A
100118,KITSILANO,Aluminum,1997-08-08T00:00,0.010,µg/m³,DICHOT,N/A
100118,KITSILANO,Aluminum,1997-08-08T00:00,0.165,µg/m³,DICHOT,N/A
100118,KITSILANO,Aluminum,1997-08-14T00:00,0.017,µg/m³,DICHOT,N/A
100118,KITSILANO,Aluminum,1997-08-14T00:00,0.323,µg/m³,DICHOT,N/A
100118,KITSILANO,Aluminum,1997-08-20T00:00,0.041,µg/m³,DICHOT,N/A
100118,KITSILANO,Aluminum,1997-08-20T00:00,0.203,µg/m³,DICHOT,N/A
100118,KITSILANO,Aluminum,1997-09-13T00:00,0.018,µg/m³,DICHOT,N/A
100118,KITSILANO,Aluminum,1997-09-13T00:00,0.130,µg/m³,DICHOT,N/A
100118,KITSILANO,Aluminum,1997-09-19T00:00,0.000,µg/m³,DICHOT,N/A
100118,KITSILANO,Aluminum,1997-09-19T00:00,0.144,µg/m³,DICHOT,N/A
100118,KITSILANO,Aluminum,1997-09-25T00:00,0.048,µg/m³,DICHOT,N/A
100118,KITSILANO,Aluminum,1997-09-25T00:00,0.553,µg/m³,DICHOT,N/A
100118,KITSILANO,Aluminum,1997-10-01T00:00,0.056,µg/m³,DICHOT,N/A
100118,KITSILANO,Aluminum,1997-10-01T00:00,0.093,µg/m³,DICHOT,N/A
100118,KITSILANO,Aluminum,1997-10-13T00:00,0.020,µg/m³,DICHOT,N/A
100118,KITSILANO,Aluminum,1997-10-13T00:00,0.123,µg/m³,DICHOT,N/A
100118,KITSILANO,Aluminum,1997-10-19T00:00,0.000,µg/m³,DICHOT,N/A
100118,KITSILANO,Aluminum,1997-10-19T00:00,0.082,µg/m³,DICHOT,N/A
100118,KITSILANO,Aluminum,1997-10-25T00:00,0.028,µg/m³,DICHOT,N/A
100118,KITSILANO,Aluminum,1997-10-25T00:00,0.279,µg/m³,DICHOT,N/A
100118,KITSILANO,Aluminum,1997-10-31T00:00,0.010,µg/m³,DICHOT,N/A
100118,KITSILANO,Aluminum,1997-10-31T00:00,0.014,µg/m³,DICHOT,N/A
100118,KITSILANO,Aluminum,1997-11-06T00:00,0.000,µg/m³,DICHOT,N/A
100118,KITSILANO,Aluminum,1997-11-06T00:00,0.000,µg/m³,DICHOT,N/A
100118,KITSILANO,Aluminum,1997-11-18T00:00,0.000,µg/m³,DICHOT,N/A
100118,KITSILANO,Aluminum,1997-11-18T00:00,0.135,µg/m³,DICHOT,N/A
100118,KITSILANO,Aluminum,1997-11-24T00:00,0.000,µg/m³,DICHOT,N/A
100118,KITSILANO,Aluminum,1997-11-24T00:00,0.000,µg/m³,DICHOT,N/A
100118,KITSILANO,Aluminum,1997-11-30T00:00,0.000,µg/m³,DICHOT,N/A
100118,KITSILANO,Aluminum,1997-11-30T00:00,0.008,µg/m³,DICHOT,N/A
100118,KITSILANO,Aluminum,1997-12-06T00:00,0.000,µg/m³,DICHOT,N/A
100118,KITSILANO,Aluminum,1997-12-06T00:00,0.124,µg/m³,DICHOT,N/A
100118,KITSILANO,Aluminum,1997-12-12T00:00,0.030,µg/m³,DICHOT,N/A
100118,KITSILANO,Aluminum,1997-12-12T00:00,0.754,µg/m³,DICHOT,N/A
100118,KITSILANO,Aluminum,1997-12-18T00:00,0.002,µg/m³,DICHOT,N/A
100118,KITSILANO,Aluminum,1997-12-18T00:00,0.205,µg/m³,DICHOT,N/A
100118,KITSILANO,Aluminum,1997-12-24T00:00,0.010,µg/m³,DICHOT,N/A
100118,KITSILANO,Aluminum,1997-12-24T00:00,0.154,µg/m³,DICHOT,N/A
