﻿NAPS_Site_ID,Station_Name,Pollutant,Date,Value,Units,Report_Type,Method
90228,CALGARY CENTRAL-2,H6CDF,2011-01-02T19:00,0.015,pg/m³,PCDD,GC-MS
90228,CALGARY CENTRAL-2,H6CDF,2011-01-26T19:00,0.022,pg/m³,PCDD,GC-MS
90228,CALGARY CENTRAL-2,H6CDF,2011-03-15T20:00,0.076,pg/m³,PCDD,GC-MS
90228,CALGARY CENTRAL-2,H6CDF,2011-04-08T20:00,0.028,pg/m³,PCDD,GC-MS
90228,CALGARY CENTRAL-2,H6CDF,2011-07-13T20:00,0.016,pg/m³,PCDD,GC-MS
90228,CALGARY CENTRAL-2,H6CDF,2011-08-06T20:00,0.017,pg/m³,PCDD,GC-MS
90228,CALGARY CENTRAL-2,H6CDF,2011-08-30T20:00,0.026,pg/m³,PCDD,GC-MS
