﻿NAPS_Site_ID,Station_Name,Pollutant,Date,Value,Units,Report_Type,Method
129003,YELLOWKNIFE,Nitrite,2011-09-06T00:00,0.000,µg/m³,PM2.5,IC
129003,YELLOWKNIFE,Nitrite,2011-09-12T00:00,0.000,µg/m³,PM2.5,IC
129003,YELLOWKNIFE,Nitrite,2011-09-18T00:00,0.000,µg/m³,PM2.5,IC
129003,YELLOWKNIFE,Nitrite,2011-09-24T00:00,0.000,µg/m³,PM2.5,IC
129003,YELLOWKNIFE,Nitrite,2011-09-30T00:00,0.000,µg/m³,PM2.5,IC
129003,YELLOWKNIFE,Nitrite,2011-10-06T00:00,0.000,µg/m³,PM2.5,IC
129003,YELLOWKNIFE,Nitrite,2011-10-12T00:00,0.000,µg/m³,PM2.5,IC
129003,YELLOWKNIFE,Nitrite,2011-10-18T00:00,0.000,µg/m³,PM2.5,IC
129003,YELLOWKNIFE,Nitrite,2011-11-05T00:00,0.000,µg/m³,PM2.5,IC
129003,YELLOWKNIFE,Nitrite,2011-11-11T00:00,0.000,µg/m³,PM2.5,IC
129003,YELLOWKNIFE,Nitrite,2011-11-17T00:00,0.000,µg/m³,PM2.5,IC
129003,YELLOWKNIFE,Nitrite,2011-11-23T00:00,0.000,µg/m³,PM2.5,IC
129003,YELLOWKNIFE,Nitrite,2011-11-29T00:00,0.000,µg/m³,PM2.5,IC
129003,YELLOWKNIFE,Nitrite,2011-09-06T00:00,0.000,µg/m³,PM2.5-10,IC
129003,YELLOWKNIFE,Nitrite,2011-09-12T00:00,0.000,µg/m³,PM2.5-10,IC
129003,YELLOWKNIFE,Nitrite,2011-09-18T00:00,0.000,µg/m³,PM2.5-10,IC
129003,YELLOWKNIFE,Nitrite,2011-09-24T00:00,0.000,µg/m³,PM2.5-10,IC
129003,YELLOWKNIFE,Nitrite,2011-09-30T00:00,0.000,µg/m³,PM2.5-10,IC
129003,YELLOWKNIFE,Nitrite,2011-10-06T00:00,0.000,µg/m³,PM2.5-10,IC
129003,YELLOWKNIFE,Nitrite,2011-10-12T00:00,0.000,µg/m³,PM2.5-10,IC
129003,YELLOWKNIFE,Nitrite,2011-10-18T00:00,0.000,µg/m³,PM2.5-10,IC
129003,YELLOWKNIFE,Nitrite,2011-11-05T00:00,0.000,µg/m³,PM2.5-10,IC
129003,YELLOWKNIFE,Nitrite,2011-11-11T00:00,0.000,µg/m³,PM2.5-10,IC
129003,YELLOWKNIFE,Nitrite,2011-11-17T00:00,0.000,µg/m³,PM2.5-10,IC
129003,YELLOWKNIFE,Nitrite,2011-11-23T00:00,0.000,µg/m³,PM2.5-10,IC
129003,YELLOWKNIFE,Nitrite,2011-11-29T00:00,0.000,µg/m³,PM2.5-10,IC
