﻿NAPS_Site_ID,Station_Name,Pollutant,Date,Value,Units,Report_Type,Method
90121,EDMONTON EAST,Freon 12,2015-12-31T19:00,2.539,µg/m³,VOC,
90121,EDMONTON EAST,Freon 12,2016-01-06T19:00,2.438,µg/m³,VOC,
90121,EDMONTON EAST,Freon 12,2016-01-12T19:00,2.394,µg/m³,VOC,
90121,EDMONTON EAST,Freon 12,2016-01-18T19:00,2.580,µg/m³,VOC,
90121,EDMONTON EAST,Freon 12,2016-01-24T19:00,2.740,µg/m³,VOC,
90121,EDMONTON EAST,Freon 12,2016-01-30T19:00,2.664,µg/m³,VOC,
90121,EDMONTON EAST,Freon 12,2016-02-05T19:00,2.356,µg/m³,VOC,
90121,EDMONTON EAST,Freon 12,2016-02-11T19:00,2.340,µg/m³,VOC,
90121,EDMONTON EAST,Freon 12,2016-02-17T19:00,2.650,µg/m³,VOC,
90121,EDMONTON EAST,Freon 12,2016-02-23T19:00,2.648,µg/m³,VOC,
90121,EDMONTON EAST,Freon 12,2016-02-29T19:00,2.776,µg/m³,VOC,
90121,EDMONTON EAST,Freon 12,2016-03-06T19:00,2.633,µg/m³,VOC,
90121,EDMONTON EAST,Freon 12,2016-03-12T19:00,2.458,µg/m³,VOC,
90121,EDMONTON EAST,Freon 12,2016-03-18T20:00,2.457,µg/m³,VOC,
90121,EDMONTON EAST,Freon 12,2016-03-24T20:00,2.602,µg/m³,VOC,
90121,EDMONTON EAST,Freon 12,2016-03-30T20:00,2.617,µg/m³,VOC,
90121,EDMONTON EAST,Freon 12,2016-04-05T20:00,2.404,µg/m³,VOC,
90121,EDMONTON EAST,Freon 12,2016-04-11T20:00,2.406,µg/m³,VOC,
90121,EDMONTON EAST,Freon 12,2016-04-17T20:00,2.538,µg/m³,VOC,
90121,EDMONTON EAST,Freon 12,2016-04-23T20:00,2.259,µg/m³,VOC,
90121,EDMONTON EAST,Freon 12,2016-04-29T20:00,2.278,µg/m³,VOC,
90121,EDMONTON EAST,Freon 12,2016-05-05T20:00,2.271,µg/m³,VOC,
90121,EDMONTON EAST,Freon 12,2016-05-17T20:00,2.482,µg/m³,VOC,
90121,EDMONTON EAST,Freon 12,2016-05-23T20:00,2.536,µg/m³,VOC,
90121,EDMONTON EAST,Freon 12,2016-05-29T20:00,2.565,µg/m³,VOC,
90121,EDMONTON EAST,Freon 12,2016-06-04T20:00,2.459,µg/m³,VOC,
90121,EDMONTON EAST,Freon 12,2016-06-10T20:00,2.350,µg/m³,VOC,
90121,EDMONTON EAST,Freon 12,2016-06-16T20:00,2.229,µg/m³,VOC,
90121,EDMONTON EAST,Freon 12,2016-06-22T20:00,2.222,µg/m³,VOC,
90121,EDMONTON EAST,Freon 12,2016-06-28T20:00,2.123,µg/m³,VOC,
90121,EDMONTON EAST,Freon 12,2016-07-04T20:00,2.455,µg/m³,VOC,
90121,EDMONTON EAST,Freon 12,2016-07-10T20:00,2.547,µg/m³,VOC,
90121,EDMONTON EAST,Freon 12,2016-07-16T20:00,2.541,µg/m³,VOC,
90121,EDMONTON EAST,Freon 12,2016-07-22T20:00,2.414,µg/m³,VOC,
90121,EDMONTON EAST,Freon 12,2016-07-28T20:00,2.562,µg/m³,VOC,
90121,EDMONTON EAST,Freon 12,2016-08-03T20:00,2.584,µg/m³,VOC,
90121,EDMONTON EAST,Freon 12,2016-08-09T20:00,2.621,µg/m³,VOC,
90121,EDMONTON EAST,Freon 12,2016-08-15T20:00,2.316,µg/m³,VOC,
90121,EDMONTON EAST,Freon 12,2016-08-21T20:00,2.256,µg/m³,VOC,
90121,EDMONTON EAST,Freon 12,2016-08-27T20:00,2.423,µg/m³,VOC,
90121,EDMONTON EAST,Freon 12,2016-09-02T20:00,2.445,µg/m³,VOC,
90121,EDMONTON EAST,Freon 12,2016-09-08T20:00,2.412,µg/m³,VOC,
90121,EDMONTON EAST,Freon 12,2016-09-14T20:00,2.551,µg/m³,VOC,
90121,EDMONTON EAST,Freon 12,2016-09-20T20:00,2.496,µg/m³,VOC,
90121,EDMONTON EAST,Freon 12,2016-09-26T20:00,2.457,µg/m³,VOC,
90121,EDMONTON EAST,Freon 12,2016-10-08T20:00,2.360,µg/m³,VOC,
90121,EDMONTON EAST,Freon 12,2016-10-14T20:00,2.362,µg/m³,VOC,
90121,EDMONTON EAST,Freon 12,2016-10-20T20:00,2.362,µg/m³,VOC,
90121,EDMONTON EAST,Freon 12,2016-10-26T20:00,2.331,µg/m³,VOC,
90121,EDMONTON EAST,Freon 12,2016-11-01T20:00,2.508,µg/m³,VOC,
90121,EDMONTON EAST,Freon 12,2016-11-07T19:00,2.561,µg/m³,VOC,
90121,EDMONTON EAST,Freon 12,2016-11-13T19:00,2.560,µg/m³,VOC,
90121,EDMONTON EAST,Freon 12,2016-11-19T19:00,2.474,µg/m³,VOC,
90121,EDMONTON EAST,Freon 12,2016-11-25T19:00,2.573,µg/m³,VOC,
90121,EDMONTON EAST,Freon 12,2016-12-01T19:00,2.552,µg/m³,VOC,
90121,EDMONTON EAST,Freon 12,2016-12-07T19:00,2.362,µg/m³,VOC,
90121,EDMONTON EAST,Freon 12,2016-12-13T19:00,2.334,µg/m³,VOC,
90121,EDMONTON EAST,Freon 12,2016-12-19T19:00,2.410,µg/m³,VOC,
90121,EDMONTON EAST,Freon 12,2016-12-25T19:00,2.470,µg/m³,VOC,
