﻿NAPS_Site_ID,Station_Name,Pollutant,Date,Value,Units,Report_Type,Method
31001,SABLE ISLAND,Strontium,2010-06-25T00:00,0.008,µg/m³,PM2.5,IC
31001,SABLE ISLAND,Strontium,2010-07-01T00:00,0.008,µg/m³,PM2.5,IC
31001,SABLE ISLAND,Strontium,2010-07-07T00:00,0.008,µg/m³,PM2.5,IC
31001,SABLE ISLAND,Strontium,2010-07-13T00:00,0.008,µg/m³,PM2.5,IC
31001,SABLE ISLAND,Strontium,2010-07-19T00:00,0.008,µg/m³,PM2.5,IC
31001,SABLE ISLAND,Strontium,2010-07-31T00:00,0.008,µg/m³,PM2.5,IC
31001,SABLE ISLAND,Strontium,2010-08-06T00:00,0.008,µg/m³,PM2.5,IC
31001,SABLE ISLAND,Strontium,2010-08-12T00:00,0.008,µg/m³,PM2.5,IC
31001,SABLE ISLAND,Strontium,2010-08-18T00:00,0.008,µg/m³,PM2.5,IC
31001,SABLE ISLAND,Strontium,2010-08-24T00:00,0.008,µg/m³,PM2.5,IC
31001,SABLE ISLAND,Strontium,2010-08-30T00:00,0.008,µg/m³,PM2.5,IC
31001,SABLE ISLAND,Strontium,2010-09-05T00:00,0.009,µg/m³,PM2.5,IC
31001,SABLE ISLAND,Strontium,2010-09-11T00:00,0.008,µg/m³,PM2.5,IC
31001,SABLE ISLAND,Strontium,2010-09-17T00:00,0.008,µg/m³,PM2.5,IC
31001,SABLE ISLAND,Strontium,2010-09-23T00:00,0.008,µg/m³,PM2.5,IC
31001,SABLE ISLAND,Strontium,2010-09-29T00:00,0.008,µg/m³,PM2.5,IC
31001,SABLE ISLAND,Strontium,2010-10-05T00:00,0.007,µg/m³,PM2.5,IC
31001,SABLE ISLAND,Strontium,2010-10-11T00:00,0.008,µg/m³,PM2.5,IC
31001,SABLE ISLAND,Strontium,2010-10-17T00:00,0.008,µg/m³,PM2.5,IC
31001,SABLE ISLAND,Strontium,2010-10-23T00:00,0.008,µg/m³,PM2.5,IC
31001,SABLE ISLAND,Strontium,2010-10-29T00:00,0.008,µg/m³,PM2.5,IC
31001,SABLE ISLAND,Strontium,2010-11-04T00:00,0.000,µg/m³,PM2.5,IC
31001,SABLE ISLAND,Strontium,2010-11-10T00:00,0.008,µg/m³,PM2.5,IC
31001,SABLE ISLAND,Strontium,2010-11-16T00:00,0.008,µg/m³,PM2.5,IC
31001,SABLE ISLAND,Strontium,2010-11-22T00:00,0.008,µg/m³,PM2.5,IC
31001,SABLE ISLAND,Strontium,2010-11-28T00:00,0.008,µg/m³,PM2.5,IC
31001,SABLE ISLAND,Strontium,2010-12-04T00:00,0.008,µg/m³,PM2.5,IC
31001,SABLE ISLAND,Strontium,2010-12-16T00:00,0.008,µg/m³,PM2.5,IC
31001,SABLE ISLAND,Strontium,2010-12-22T00:00,0.009,µg/m³,PM2.5,IC
