﻿NAPS_Site_ID,Station_Name,Pollutant,Date,Value,Units,Report_Type,Method
100119,BURNABY SOUTH,Acetylene,2010-01-02T00:00,0.634,µg/m³,VOC,N/A
100119,BURNABY SOUTH,Acetylene,2010-01-08T00:00,1.744,µg/m³,VOC,N/A
100119,BURNABY SOUTH,Acetylene,2010-01-14T00:00,0.883,µg/m³,VOC,N/A
100119,BURNABY SOUTH,Acetylene,2010-01-20T00:00,1.055,µg/m³,VOC,N/A
100119,BURNABY SOUTH,Acetylene,2010-01-26T00:00,2.010,µg/m³,VOC,N/A
100119,BURNABY SOUTH,Acetylene,2010-02-01T00:00,1.103,µg/m³,VOC,N/A
100119,BURNABY SOUTH,Acetylene,2010-02-13T00:00,0.628,µg/m³,VOC,N/A
100119,BURNABY SOUTH,Acetylene,2010-02-19T00:00,1.550,µg/m³,VOC,N/A
100119,BURNABY SOUTH,Acetylene,2010-02-25T00:00,0.679,µg/m³,VOC,N/A
100119,BURNABY SOUTH,Acetylene,2010-03-03T00:00,0.931,µg/m³,VOC,N/A
100119,BURNABY SOUTH,Acetylene,2010-03-09T00:00,1.126,µg/m³,VOC,N/A
100119,BURNABY SOUTH,Acetylene,2010-03-15T00:00,1.129,µg/m³,VOC,N/A
100119,BURNABY SOUTH,Acetylene,2010-03-21T00:00,0.697,µg/m³,VOC,N/A
100119,BURNABY SOUTH,Acetylene,2010-03-27T00:00,0.867,µg/m³,VOC,N/A
100119,BURNABY SOUTH,Acetylene,2010-04-02T00:00,0.428,µg/m³,VOC,N/A
100119,BURNABY SOUTH,Acetylene,2010-04-08T00:00,0.513,µg/m³,VOC,N/A
100119,BURNABY SOUTH,Acetylene,2010-04-14T00:00,0.916,µg/m³,VOC,N/A
100119,BURNABY SOUTH,Acetylene,2010-04-20T00:00,0.503,µg/m³,VOC,N/A
100119,BURNABY SOUTH,Acetylene,2010-04-26T00:00,0.581,µg/m³,VOC,N/A
100119,BURNABY SOUTH,Acetylene,2010-05-02T00:00,0.412,µg/m³,VOC,N/A
100119,BURNABY SOUTH,Acetylene,2010-05-08T00:00,0.651,µg/m³,VOC,N/A
100119,BURNABY SOUTH,Acetylene,2010-05-14T00:00,0.581,µg/m³,VOC,N/A
100119,BURNABY SOUTH,Acetylene,2010-05-20T00:00,0.282,µg/m³,VOC,N/A
100119,BURNABY SOUTH,Acetylene,2010-05-26T00:00,0.607,µg/m³,VOC,N/A
100119,BURNABY SOUTH,Acetylene,2010-06-01T00:00,0.325,µg/m³,VOC,N/A
100119,BURNABY SOUTH,Acetylene,2010-06-07T00:00,0.408,µg/m³,VOC,N/A
100119,BURNABY SOUTH,Acetylene,2010-06-13T00:00,0.392,µg/m³,VOC,N/A
100119,BURNABY SOUTH,Acetylene,2010-06-19T00:00,0.403,µg/m³,VOC,N/A
100119,BURNABY SOUTH,Acetylene,2010-06-25T00:00,0.214,µg/m³,VOC,N/A
100119,BURNABY SOUTH,Acetylene,2010-07-01T00:00,0.412,µg/m³,VOC,N/A
100119,BURNABY SOUTH,Acetylene,2010-07-07T00:00,0.669,µg/m³,VOC,N/A
100119,BURNABY SOUTH,Acetylene,2010-07-13T00:00,0.222,µg/m³,VOC,N/A
100119,BURNABY SOUTH,Acetylene,2010-07-19T00:00,0.279,µg/m³,VOC,N/A
100119,BURNABY SOUTH,Acetylene,2010-07-25T00:00,0.363,µg/m³,VOC,N/A
100119,BURNABY SOUTH,Acetylene,2010-07-31T00:00,0.304,µg/m³,VOC,N/A
100119,BURNABY SOUTH,Acetylene,2010-08-06T00:00,0.311,µg/m³,VOC,N/A
100119,BURNABY SOUTH,Acetylene,2010-08-12T00:00,0.631,µg/m³,VOC,N/A
100119,BURNABY SOUTH,Acetylene,2010-08-18T00:00,0.331,µg/m³,VOC,N/A
100119,BURNABY SOUTH,Acetylene,2010-08-24T00:00,0.646,µg/m³,VOC,N/A
100119,BURNABY SOUTH,Acetylene,2010-08-30T00:00,0.424,µg/m³,VOC,N/A
100119,BURNABY SOUTH,Acetylene,2010-09-05T00:00,0.282,µg/m³,VOC,N/A
100119,BURNABY SOUTH,Acetylene,2010-09-11T00:00,0.433,µg/m³,VOC,N/A
100119,BURNABY SOUTH,Acetylene,2010-09-17T00:00,0.819,µg/m³,VOC,N/A
100119,BURNABY SOUTH,Acetylene,2010-09-23T00:00,0.518,µg/m³,VOC,N/A
100119,BURNABY SOUTH,Acetylene,2010-09-29T00:00,0.842,µg/m³,VOC,N/A
100119,BURNABY SOUTH,Acetylene,2010-10-05T00:00,1.014,µg/m³,VOC,N/A
100119,BURNABY SOUTH,Acetylene,2010-10-11T00:00,0.434,µg/m³,VOC,N/A
100119,BURNABY SOUTH,Acetylene,2010-10-17T00:00,1.004,µg/m³,VOC,N/A
100119,BURNABY SOUTH,Acetylene,2010-10-23T00:00,0.533,µg/m³,VOC,N/A
100119,BURNABY SOUTH,Acetylene,2010-10-29T00:00,1.206,µg/m³,VOC,N/A
100119,BURNABY SOUTH,Acetylene,2010-11-04T00:00,1.546,µg/m³,VOC,N/A
100119,BURNABY SOUTH,Acetylene,2010-11-10T00:00,1.171,µg/m³,VOC,N/A
100119,BURNABY SOUTH,Acetylene,2010-11-16T00:00,0.551,µg/m³,VOC,N/A
100119,BURNABY SOUTH,Acetylene,2010-11-22T00:00,0.564,µg/m³,VOC,N/A
100119,BURNABY SOUTH,Acetylene,2010-11-28T00:00,1.406,µg/m³,VOC,N/A
100119,BURNABY SOUTH,Acetylene,2010-12-04T00:00,1.512,µg/m³,VOC,N/A
100119,BURNABY SOUTH,Acetylene,2010-12-22T00:00,0.815,µg/m³,VOC,N/A
100119,BURNABY SOUTH,Acetylene,2010-12-28T00:00,1.539,µg/m³,VOC,N/A
