﻿NAPS_Site_ID,Station_Name,Pollutant,Date,Value,Units,Report_Type,Method
90121,EDMONTON EAST,Fluoranthene,2009-01-01T00:00,0.001,µg/m³,PAH,N/A
90121,EDMONTON EAST,Fluoranthene,2009-01-13T00:00,0.001,µg/m³,PAH,N/A
90121,EDMONTON EAST,Fluoranthene,2009-01-25T00:00,0.003,µg/m³,PAH,N/A
90121,EDMONTON EAST,Fluoranthene,2009-02-06T00:00,0.001,µg/m³,PAH,N/A
90121,EDMONTON EAST,Fluoranthene,2009-02-18T00:00,0.001,µg/m³,PAH,N/A
90121,EDMONTON EAST,Fluoranthene,2009-03-02T00:00,0.001,µg/m³,PAH,N/A
90121,EDMONTON EAST,Fluoranthene,2009-03-26T00:00,0.001,µg/m³,PAH,N/A
90121,EDMONTON EAST,Fluoranthene,2009-04-07T00:00,0.001,µg/m³,PAH,N/A
90121,EDMONTON EAST,Fluoranthene,2009-04-19T00:00,0.002,µg/m³,PAH,N/A
90121,EDMONTON EAST,Fluoranthene,2009-05-01T00:00,0.002,µg/m³,PAH,N/A
90121,EDMONTON EAST,Fluoranthene,2009-05-13T00:00,0.000,µg/m³,PAH,N/A
90121,EDMONTON EAST,Fluoranthene,2009-05-25T00:00,0.001,µg/m³,PAH,N/A
90121,EDMONTON EAST,Fluoranthene,2009-06-06T00:00,0.000,µg/m³,PAH,N/A
90121,EDMONTON EAST,Fluoranthene,2009-06-18T00:00,0.001,µg/m³,PAH,N/A
90121,EDMONTON EAST,Fluoranthene,2009-06-30T00:00,0.001,µg/m³,PAH,N/A
90121,EDMONTON EAST,Fluoranthene,2009-07-12T00:00,0.002,µg/m³,PAH,N/A
90121,EDMONTON EAST,Fluoranthene,2009-08-05T00:00,0.001,µg/m³,PAH,N/A
90121,EDMONTON EAST,Fluoranthene,2009-08-17T00:00,0.001,µg/m³,PAH,N/A
90121,EDMONTON EAST,Fluoranthene,2009-08-29T00:00,0.002,µg/m³,PAH,N/A
90121,EDMONTON EAST,Fluoranthene,2009-09-10T00:00,0.000,µg/m³,PAH,N/A
90121,EDMONTON EAST,Fluoranthene,2009-09-22T00:00,0.002,µg/m³,PAH,N/A
90121,EDMONTON EAST,Fluoranthene,2009-10-04T00:00,0.000,µg/m³,PAH,N/A
90121,EDMONTON EAST,Fluoranthene,2009-10-16T00:00,0.002,µg/m³,PAH,N/A
90121,EDMONTON EAST,Fluoranthene,2009-10-28T00:00,0.001,µg/m³,PAH,N/A
90121,EDMONTON EAST,Fluoranthene,2009-11-09T00:00,0.002,µg/m³,PAH,N/A
90121,EDMONTON EAST,Fluoranthene,2009-11-21T00:00,0.001,µg/m³,PAH,N/A
90121,EDMONTON EAST,Fluoranthene,2009-12-03T00:00,0.001,µg/m³,PAH,N/A
90121,EDMONTON EAST,Fluoranthene,2009-12-15T00:00,0.002,µg/m³,PAH,N/A
90121,EDMONTON EAST,Fluoranthene,2009-12-27T00:00,0.003,µg/m³,PAH,N/A
