﻿NAPS_Site_ID,Station_Name,Pollutant,Date,Value,Units,Report_Type,Method
30118,VOGUE BUILDING,"Benzo(g,h,i)Fluoranthene",1995-06-02T00:00,0.000,µg/m³,PAH,N/A
30118,VOGUE BUILDING,"Benzo(g,h,i)Fluoranthene",1995-06-26T00:00,0.000,µg/m³,PAH,N/A
30118,VOGUE BUILDING,"Benzo(g,h,i)Fluoranthene",1995-07-20T00:00,0.000,µg/m³,PAH,N/A
30118,VOGUE BUILDING,"Benzo(g,h,i)Fluoranthene",1995-08-13T00:00,0.000,µg/m³,PAH,N/A
30118,VOGUE BUILDING,"Benzo(g,h,i)Fluoranthene",1995-09-06T00:00,0.000,µg/m³,PAH,N/A
30118,VOGUE BUILDING,"Benzo(g,h,i)Fluoranthene",1995-09-18T00:00,0.000,µg/m³,PAH,N/A
