﻿NAPS_Site_ID,Station_Name,Pollutant,Date,Value,Units,Report_Type,Method
61901,WALPOLE ISLAND,"1,2,3-Trimethylbenzene",1994-01-08T00:00,0.107,µg/m³,VOC,GC-MS
61901,WALPOLE ISLAND,"1,2,3-Trimethylbenzene",1994-01-26T00:00,0.077,µg/m³,VOC,GC-MS
61901,WALPOLE ISLAND,"1,2,3-Trimethylbenzene",1994-02-01T00:00,0.073,µg/m³,VOC,GC-MS
61901,WALPOLE ISLAND,"1,2,3-Trimethylbenzene",1994-02-07T00:00,0.037,µg/m³,VOC,GC-MS
61901,WALPOLE ISLAND,"1,2,3-Trimethylbenzene",1994-02-13T00:00,0.052,µg/m³,VOC,GC-MS
61901,WALPOLE ISLAND,"1,2,3-Trimethylbenzene",1994-02-19T00:00,0.089,µg/m³,VOC,GC-MS
61901,WALPOLE ISLAND,"1,2,3-Trimethylbenzene",1994-02-25T00:00,0.024,µg/m³,VOC,GC-MS
61901,WALPOLE ISLAND,"1,2,3-Trimethylbenzene",1994-03-03T00:00,0.079,µg/m³,VOC,GC-MS
61901,WALPOLE ISLAND,"1,2,3-Trimethylbenzene",1994-03-09T00:00,0.000,µg/m³,VOC,GC-MS
61901,WALPOLE ISLAND,"1,2,3-Trimethylbenzene",1994-03-15T00:00,0.000,µg/m³,VOC,GC-MS
61901,WALPOLE ISLAND,"1,2,3-Trimethylbenzene",1994-03-21T00:00,0.060,µg/m³,VOC,GC-MS
61901,WALPOLE ISLAND,"1,2,3-Trimethylbenzene",1994-03-27T00:00,0.000,µg/m³,VOC,GC-MS
61901,WALPOLE ISLAND,"1,2,3-Trimethylbenzene",1994-04-02T00:00,0.046,µg/m³,VOC,GC-MS
61901,WALPOLE ISLAND,"1,2,3-Trimethylbenzene",1994-04-08T00:00,0.087,µg/m³,VOC,GC-MS
61901,WALPOLE ISLAND,"1,2,3-Trimethylbenzene",1994-04-14T00:00,0.043,µg/m³,VOC,GC-MS
61901,WALPOLE ISLAND,"1,2,3-Trimethylbenzene",1994-04-20T00:00,0.000,µg/m³,VOC,GC-MS
61901,WALPOLE ISLAND,"1,2,3-Trimethylbenzene",1994-04-26T00:00,0.000,µg/m³,VOC,GC-MS
61901,WALPOLE ISLAND,"1,2,3-Trimethylbenzene",1994-05-02T00:00,0.039,µg/m³,VOC,GC-MS
61901,WALPOLE ISLAND,"1,2,3-Trimethylbenzene",1994-05-08T00:00,0.032,µg/m³,VOC,GC-MS
61901,WALPOLE ISLAND,"1,2,3-Trimethylbenzene",1994-05-14T00:00,0.000,µg/m³,VOC,GC-MS
61901,WALPOLE ISLAND,"1,2,3-Trimethylbenzene",1994-05-20T00:00,0.000,µg/m³,VOC,GC-MS
61901,WALPOLE ISLAND,"1,2,3-Trimethylbenzene",1994-05-26T00:00,0.065,µg/m³,VOC,GC-MS
61901,WALPOLE ISLAND,"1,2,3-Trimethylbenzene",1994-06-01T00:00,0.041,µg/m³,VOC,GC-MS
61901,WALPOLE ISLAND,"1,2,3-Trimethylbenzene",1994-06-07T00:00,0.013,µg/m³,VOC,GC-MS
61901,WALPOLE ISLAND,"1,2,3-Trimethylbenzene",1994-06-13T00:00,0.023,µg/m³,VOC,GC-MS
61901,WALPOLE ISLAND,"1,2,3-Trimethylbenzene",1994-06-19T00:00,0.016,µg/m³,VOC,GC-MS
61901,WALPOLE ISLAND,"1,2,3-Trimethylbenzene",1994-06-25T00:00,0.021,µg/m³,VOC,GC-MS
61901,WALPOLE ISLAND,"1,2,3-Trimethylbenzene",1994-07-01T00:00,0.021,µg/m³,VOC,GC-MS
61901,WALPOLE ISLAND,"1,2,3-Trimethylbenzene",1994-07-19T00:00,0.099,µg/m³,VOC,GC-MS
61901,WALPOLE ISLAND,"1,2,3-Trimethylbenzene",1994-07-25T00:00,0.087,µg/m³,VOC,GC-MS
61901,WALPOLE ISLAND,"1,2,3-Trimethylbenzene",1994-07-31T00:00,0.021,µg/m³,VOC,GC-MS
61901,WALPOLE ISLAND,"1,2,3-Trimethylbenzene",1994-08-06T00:00,0.029,µg/m³,VOC,GC-MS
61901,WALPOLE ISLAND,"1,2,3-Trimethylbenzene",1994-08-12T00:00,0.045,µg/m³,VOC,GC-MS
61901,WALPOLE ISLAND,"1,2,3-Trimethylbenzene",1994-08-18T00:00,0.073,µg/m³,VOC,GC-MS
61901,WALPOLE ISLAND,"1,2,3-Trimethylbenzene",1994-09-05T00:00,0.052,µg/m³,VOC,GC-MS
61901,WALPOLE ISLAND,"1,2,3-Trimethylbenzene",1994-09-17T00:00,0.047,µg/m³,VOC,GC-MS
61901,WALPOLE ISLAND,"1,2,3-Trimethylbenzene",1994-09-23T00:00,0.224,µg/m³,VOC,GC-MS
61901,WALPOLE ISLAND,"1,2,3-Trimethylbenzene",1994-09-29T00:00,0.028,µg/m³,VOC,GC-MS
61901,WALPOLE ISLAND,"1,2,3-Trimethylbenzene",1994-10-11T00:00,0.031,µg/m³,VOC,GC-MS
61901,WALPOLE ISLAND,"1,2,3-Trimethylbenzene",1994-10-17T00:00,0.049,µg/m³,VOC,GC-MS
61901,WALPOLE ISLAND,"1,2,3-Trimethylbenzene",1994-10-29T00:00,0.061,µg/m³,VOC,GC-MS
61901,WALPOLE ISLAND,"1,2,3-Trimethylbenzene",1994-11-04T00:00,0.033,µg/m³,VOC,GC-MS
61901,WALPOLE ISLAND,"1,2,3-Trimethylbenzene",1994-11-10T00:00,0.111,µg/m³,VOC,GC-MS
61901,WALPOLE ISLAND,"1,2,3-Trimethylbenzene",1994-11-16T00:00,0.043,µg/m³,VOC,GC-MS
61901,WALPOLE ISLAND,"1,2,3-Trimethylbenzene",1994-11-22T00:00,0.022,µg/m³,VOC,GC-MS
61901,WALPOLE ISLAND,"1,2,3-Trimethylbenzene",1994-11-28T00:00,0.028,µg/m³,VOC,GC-MS
61901,WALPOLE ISLAND,"1,2,3-Trimethylbenzene",1994-12-04T00:00,0.071,µg/m³,VOC,GC-MS
61901,WALPOLE ISLAND,"1,2,3-Trimethylbenzene",1994-12-22T00:00,0.207,µg/m³,VOC,GC-MS
61901,WALPOLE ISLAND,"1,2,3-Trimethylbenzene",1994-12-28T00:00,0.058,µg/m³,VOC,GC-MS
