﻿NAPS_Site_ID,Station_Name,Pollutant,Date,Value,Units,Report_Type,Method
90227,CALGARY CENTRAL,Cyclohexane,2006-01-05T00:00,0.250,µg/m³,VOC,
90227,CALGARY CENTRAL,Cyclohexane,2006-01-11T00:00,0.419,µg/m³,VOC,
90227,CALGARY CENTRAL,Cyclohexane,2006-01-17T00:00,0.092,µg/m³,VOC,
90227,CALGARY CENTRAL,Cyclohexane,2006-01-23T00:00,0.051,µg/m³,VOC,
90227,CALGARY CENTRAL,Cyclohexane,2006-01-29T00:00,0.117,µg/m³,VOC,
90227,CALGARY CENTRAL,Cyclohexane,2006-02-04T00:00,0.065,µg/m³,VOC,
90227,CALGARY CENTRAL,Cyclohexane,2006-02-10T00:00,0.071,µg/m³,VOC,
90227,CALGARY CENTRAL,Cyclohexane,2006-02-16T00:00,0.101,µg/m³,VOC,
90227,CALGARY CENTRAL,Cyclohexane,2006-02-22T00:00,0.211,µg/m³,VOC,
90227,CALGARY CENTRAL,Cyclohexane,2006-02-28T00:00,0.174,µg/m³,VOC,
90227,CALGARY CENTRAL,Cyclohexane,2006-03-06T00:00,0.257,µg/m³,VOC,
90227,CALGARY CENTRAL,Cyclohexane,2006-03-12T00:00,0.082,µg/m³,VOC,
90227,CALGARY CENTRAL,Cyclohexane,2006-03-18T00:00,0.169,µg/m³,VOC,
90227,CALGARY CENTRAL,Cyclohexane,2006-03-24T00:00,0.140,µg/m³,VOC,
90227,CALGARY CENTRAL,Cyclohexane,2006-03-30T00:00,0.079,µg/m³,VOC,
90227,CALGARY CENTRAL,Cyclohexane,2006-04-05T00:00,0.149,µg/m³,VOC,
90227,CALGARY CENTRAL,Cyclohexane,2006-04-11T00:00,0.095,µg/m³,VOC,
90227,CALGARY CENTRAL,Cyclohexane,2006-04-17T00:00,0.070,µg/m³,VOC,
90227,CALGARY CENTRAL,Cyclohexane,2006-04-23T00:00,0.054,µg/m³,VOC,
90227,CALGARY CENTRAL,Cyclohexane,2006-04-29T00:00,0.079,µg/m³,VOC,
90227,CALGARY CENTRAL,Cyclohexane,2006-05-05T00:00,0.103,µg/m³,VOC,
90227,CALGARY CENTRAL,Cyclohexane,2006-05-11T00:00,0.107,µg/m³,VOC,
90227,CALGARY CENTRAL,Cyclohexane,2006-05-17T00:00,0.255,µg/m³,VOC,
90227,CALGARY CENTRAL,Cyclohexane,2006-05-23T00:00,0.045,µg/m³,VOC,
90227,CALGARY CENTRAL,Cyclohexane,2006-05-29T00:00,0.082,µg/m³,VOC,
90227,CALGARY CENTRAL,Cyclohexane,2006-06-04T00:00,0.043,µg/m³,VOC,
90227,CALGARY CENTRAL,Cyclohexane,2006-06-10T00:00,0.055,µg/m³,VOC,
90227,CALGARY CENTRAL,Cyclohexane,2006-06-16T00:00,0.063,µg/m³,VOC,
90227,CALGARY CENTRAL,Cyclohexane,2006-06-22T00:00,0.099,µg/m³,VOC,
90227,CALGARY CENTRAL,Cyclohexane,2006-06-28T00:00,0.228,µg/m³,VOC,
90227,CALGARY CENTRAL,Cyclohexane,2006-07-04T00:00,0.392,µg/m³,VOC,
90227,CALGARY CENTRAL,Cyclohexane,2006-07-10T00:00,0.138,µg/m³,VOC,
90227,CALGARY CENTRAL,Cyclohexane,2006-07-16T00:00,0.057,µg/m³,VOC,
90227,CALGARY CENTRAL,Cyclohexane,2006-07-28T00:00,0.169,µg/m³,VOC,
90227,CALGARY CENTRAL,Cyclohexane,2006-08-03T00:00,0.140,µg/m³,VOC,
90227,CALGARY CENTRAL,Cyclohexane,2006-08-09T00:00,0.182,µg/m³,VOC,
90227,CALGARY CENTRAL,Cyclohexane,2006-08-15T00:00,0.185,µg/m³,VOC,
90227,CALGARY CENTRAL,Cyclohexane,2006-08-21T00:00,0.223,µg/m³,VOC,
90227,CALGARY CENTRAL,Cyclohexane,2006-08-26T00:00,0.123,µg/m³,VOC,
90227,CALGARY CENTRAL,Cyclohexane,2006-09-02T00:00,0.214,µg/m³,VOC,
90227,CALGARY CENTRAL,Cyclohexane,2006-09-08T00:00,0.358,µg/m³,VOC,
90227,CALGARY CENTRAL,Cyclohexane,2006-09-14T00:00,0.169,µg/m³,VOC,
90227,CALGARY CENTRAL,Cyclohexane,2006-09-26T00:00,0.079,µg/m³,VOC,
90227,CALGARY CENTRAL,Cyclohexane,2006-10-02T00:00,0.095,µg/m³,VOC,
90227,CALGARY CENTRAL,Cyclohexane,2006-10-08T00:00,0.076,µg/m³,VOC,
90227,CALGARY CENTRAL,Cyclohexane,2006-11-13T00:00,0.436,µg/m³,VOC,
90227,CALGARY CENTRAL,Cyclohexane,2006-11-19T00:00,0.154,µg/m³,VOC,
90227,CALGARY CENTRAL,Cyclohexane,2006-11-25T00:00,0.228,µg/m³,VOC,
90227,CALGARY CENTRAL,Cyclohexane,2006-12-01T00:00,0.090,µg/m³,VOC,
90227,CALGARY CENTRAL,Cyclohexane,2006-12-07T00:00,0.156,µg/m³,VOC,
90227,CALGARY CENTRAL,Cyclohexane,2006-12-13T00:00,0.206,µg/m³,VOC,
90227,CALGARY CENTRAL,Cyclohexane,2006-12-19T00:00,0.142,µg/m³,VOC,
90227,CALGARY CENTRAL,Cyclohexane,2006-12-25T00:00,0.041,µg/m³,VOC,
