﻿NAPS_Site_ID,Station_Name,Pollutant,Date,Value,Units,Report_Type,Method
91101,ELK ISLAND NATIONAL PARK,Freon 11,2006-08-27T00:00,1.318,µg/m³,VOC,
91101,ELK ISLAND NATIONAL PARK,Freon 11,2006-09-02T00:00,1.208,µg/m³,VOC,
91101,ELK ISLAND NATIONAL PARK,Freon 11,2006-09-08T00:00,1.350,µg/m³,VOC,
91101,ELK ISLAND NATIONAL PARK,Freon 11,2006-09-14T00:00,1.416,µg/m³,VOC,
91101,ELK ISLAND NATIONAL PARK,Freon 11,2006-09-20T00:00,1.422,µg/m³,VOC,
91101,ELK ISLAND NATIONAL PARK,Freon 11,2006-09-26T00:00,1.360,µg/m³,VOC,
91101,ELK ISLAND NATIONAL PARK,Freon 11,2006-10-14T00:00,1.314,µg/m³,VOC,
91101,ELK ISLAND NATIONAL PARK,Freon 11,2006-10-20T00:00,1.310,µg/m³,VOC,
91101,ELK ISLAND NATIONAL PARK,Freon 11,2006-10-26T00:00,1.458,µg/m³,VOC,
91101,ELK ISLAND NATIONAL PARK,Freon 11,2006-11-01T00:00,1.516,µg/m³,VOC,
91101,ELK ISLAND NATIONAL PARK,Freon 11,2006-11-07T00:00,1.470,µg/m³,VOC,
91101,ELK ISLAND NATIONAL PARK,Freon 11,2006-11-13T00:00,1.438,µg/m³,VOC,
91101,ELK ISLAND NATIONAL PARK,Freon 11,2006-11-19T00:00,1.418,µg/m³,VOC,
91101,ELK ISLAND NATIONAL PARK,Freon 11,2006-11-25T00:00,1.378,µg/m³,VOC,
91101,ELK ISLAND NATIONAL PARK,Freon 11,2006-12-01T00:00,1.566,µg/m³,VOC,
91101,ELK ISLAND NATIONAL PARK,Freon 11,2006-12-07T00:00,1.508,µg/m³,VOC,
91101,ELK ISLAND NATIONAL PARK,Freon 11,2006-12-13T00:00,1.750,µg/m³,VOC,
91101,ELK ISLAND NATIONAL PARK,Freon 11,2006-12-19T00:00,1.450,µg/m³,VOC,
91101,ELK ISLAND NATIONAL PARK,Freon 11,2006-12-25T00:00,1.622,µg/m³,VOC,
91101,ELK ISLAND NATIONAL PARK,Freon 11,2006-12-31T00:00,1.620,µg/m³,VOC,
