﻿NAPS_Site_ID,Station_Name,Pollutant,Date,Value,Units,Report_Type,Method
100133,BURMOUNT,"2,2-Dimethylbutane",1990-03-18T00:00,0.297,µg/m³,VOC,GC-MS
100133,BURMOUNT,"2,2-Dimethylbutane",1990-04-23T00:00,0.095,µg/m³,VOC,GC-MS
100133,BURMOUNT,"2,2-Dimethylbutane",1990-04-29T00:00,0.150,µg/m³,VOC,GC-MS
100133,BURMOUNT,"2,2-Dimethylbutane",1990-05-05T00:00,0.366,µg/m³,VOC,GC-MS
100133,BURMOUNT,"2,2-Dimethylbutane",1990-05-11T00:00,0.121,µg/m³,VOC,GC-MS
100133,BURMOUNT,"2,2-Dimethylbutane",1990-05-17T00:00,0.183,µg/m³,VOC,GC-MS
100133,BURMOUNT,"2,2-Dimethylbutane",1990-05-23T00:00,0.233,µg/m³,VOC,GC-MS
100133,BURMOUNT,"2,2-Dimethylbutane",1990-05-29T00:00,0.096,µg/m³,VOC,GC-MS
100133,BURMOUNT,"2,2-Dimethylbutane",1990-06-16T00:00,0.105,µg/m³,VOC,GC-MS
100133,BURMOUNT,"2,2-Dimethylbutane",1990-06-28T00:00,0.176,µg/m³,VOC,GC-MS
100133,BURMOUNT,"2,2-Dimethylbutane",1990-07-10T00:00,0.261,µg/m³,VOC,GC-MS
100133,BURMOUNT,"2,2-Dimethylbutane",1990-08-03T00:00,0.536,µg/m³,VOC,GC-MS
100133,BURMOUNT,"2,2-Dimethylbutane",1990-09-20T00:00,0.289,µg/m³,VOC,GC-MS
100133,BURMOUNT,"2,2-Dimethylbutane",1990-12-13T00:00,0.190,µg/m³,VOC,GC-MS
100133,BURMOUNT,"2,2-Dimethylbutane",1990-12-19T00:00,0.000,µg/m³,VOC,GC-MS
