﻿NAPS_Site_ID,Station_Name,Pollutant,Date,Value,Units,Report_Type,Method
60104,OTTAWA DOWNTOWN,Aluminum,2003-01-03T00:00,0.000,µg/m³,DICHOT,ED-XRF
60104,OTTAWA DOWNTOWN,Aluminum,2003-01-03T00:00,0.010,µg/m³,DICHOT,ED-XRF
60104,OTTAWA DOWNTOWN,Aluminum,2003-01-09T00:00,0.000,µg/m³,DICHOT,ED-XRF
60104,OTTAWA DOWNTOWN,Aluminum,2003-01-09T00:00,0.051,µg/m³,DICHOT,ED-XRF
60104,OTTAWA DOWNTOWN,Aluminum,2003-01-15T00:00,0.074,µg/m³,DICHOT,ED-XRF
60104,OTTAWA DOWNTOWN,Aluminum,2003-01-15T00:00,0.225,µg/m³,DICHOT,ED-XRF
60104,OTTAWA DOWNTOWN,Aluminum,2003-01-21T00:00,0.000,µg/m³,DICHOT,ED-XRF
60104,OTTAWA DOWNTOWN,Aluminum,2003-01-21T00:00,0.000,µg/m³,DICHOT,ED-XRF
60104,OTTAWA DOWNTOWN,Aluminum,2003-01-27T00:00,0.000,µg/m³,DICHOT,ED-XRF
60104,OTTAWA DOWNTOWN,Aluminum,2003-01-27T00:00,0.037,µg/m³,DICHOT,ED-XRF
60104,OTTAWA DOWNTOWN,Aluminum,2003-02-02T00:00,0.000,µg/m³,DICHOT,ED-XRF
60104,OTTAWA DOWNTOWN,Aluminum,2003-02-02T00:00,0.005,µg/m³,DICHOT,ED-XRF
60104,OTTAWA DOWNTOWN,Aluminum,2003-02-08T00:00,0.000,µg/m³,DICHOT,ED-XRF
60104,OTTAWA DOWNTOWN,Aluminum,2003-02-08T00:00,0.190,µg/m³,DICHOT,ED-XRF
60104,OTTAWA DOWNTOWN,Aluminum,2003-02-14T00:00,0.000,µg/m³,DICHOT,ED-XRF
60104,OTTAWA DOWNTOWN,Aluminum,2003-02-14T00:00,0.055,µg/m³,DICHOT,ED-XRF
60104,OTTAWA DOWNTOWN,Aluminum,2003-02-20T00:00,0.000,µg/m³,DICHOT,ED-XRF
60104,OTTAWA DOWNTOWN,Aluminum,2003-02-20T00:00,0.045,µg/m³,DICHOT,ED-XRF
60104,OTTAWA DOWNTOWN,Aluminum,2003-02-26T00:00,0.000,µg/m³,DICHOT,ED-XRF
60104,OTTAWA DOWNTOWN,Aluminum,2003-02-26T00:00,0.061,µg/m³,DICHOT,ED-XRF
60104,OTTAWA DOWNTOWN,Aluminum,2003-03-10T00:00,0.004,µg/m³,DICHOT,ED-XRF
60104,OTTAWA DOWNTOWN,Aluminum,2003-03-10T00:00,0.092,µg/m³,DICHOT,ED-XRF
60104,OTTAWA DOWNTOWN,Aluminum,2003-03-22T00:00,0.040,µg/m³,DICHOT,ED-XRF
60104,OTTAWA DOWNTOWN,Aluminum,2003-03-22T00:00,0.048,µg/m³,DICHOT,ED-XRF
60104,OTTAWA DOWNTOWN,Aluminum,2003-04-03T00:00,0.008,µg/m³,DICHOT,ED-XRF
60104,OTTAWA DOWNTOWN,Aluminum,2003-04-03T00:00,0.019,µg/m³,DICHOT,ED-XRF
60104,OTTAWA DOWNTOWN,Aluminum,2003-04-09T00:00,0.040,µg/m³,DICHOT,ED-XRF
60104,OTTAWA DOWNTOWN,Aluminum,2003-04-09T00:00,0.222,µg/m³,DICHOT,ED-XRF
60104,OTTAWA DOWNTOWN,Aluminum,2003-04-15T00:00,0.109,µg/m³,DICHOT,ED-XRF
60104,OTTAWA DOWNTOWN,Aluminum,2003-04-15T00:00,0.521,µg/m³,DICHOT,ED-XRF
60104,OTTAWA DOWNTOWN,Aluminum,2003-04-27T00:00,0.068,µg/m³,DICHOT,ED-XRF
60104,OTTAWA DOWNTOWN,Aluminum,2003-04-27T00:00,0.190,µg/m³,DICHOT,ED-XRF
60104,OTTAWA DOWNTOWN,Aluminum,2003-05-03T00:00,0.008,µg/m³,DICHOT,ED-XRF
60104,OTTAWA DOWNTOWN,Aluminum,2003-05-03T00:00,0.020,µg/m³,DICHOT,ED-XRF
60104,OTTAWA DOWNTOWN,Aluminum,2003-05-09T00:00,0.033,µg/m³,DICHOT,ED-XRF
60104,OTTAWA DOWNTOWN,Aluminum,2003-05-09T00:00,0.114,µg/m³,DICHOT,ED-XRF
60104,OTTAWA DOWNTOWN,Aluminum,2003-05-15T00:00,0.023,µg/m³,DICHOT,ED-XRF
60104,OTTAWA DOWNTOWN,Aluminum,2003-05-15T00:00,0.247,µg/m³,DICHOT,ED-XRF
60104,OTTAWA DOWNTOWN,Aluminum,2003-05-21T00:00,0.095,µg/m³,DICHOT,ED-XRF
60104,OTTAWA DOWNTOWN,Aluminum,2003-05-21T00:00,0.097,µg/m³,DICHOT,ED-XRF
60104,OTTAWA DOWNTOWN,Aluminum,2003-05-27T00:00,0.000,µg/m³,DICHOT,ED-XRF
60104,OTTAWA DOWNTOWN,Aluminum,2003-05-27T00:00,0.068,µg/m³,DICHOT,ED-XRF
60104,OTTAWA DOWNTOWN,Aluminum,2003-06-02T00:00,0.010,µg/m³,DICHOT,ED-XRF
60104,OTTAWA DOWNTOWN,Aluminum,2003-06-02T00:00,0.082,µg/m³,DICHOT,ED-XRF
60104,OTTAWA DOWNTOWN,Aluminum,2003-06-08T00:00,0.000,µg/m³,DICHOT,ED-XRF
60104,OTTAWA DOWNTOWN,Aluminum,2003-06-08T00:00,0.062,µg/m³,DICHOT,ED-XRF
60104,OTTAWA DOWNTOWN,Aluminum,2003-06-14T00:00,0.000,µg/m³,DICHOT,ED-XRF
60104,OTTAWA DOWNTOWN,Aluminum,2003-06-14T00:00,0.008,µg/m³,DICHOT,ED-XRF
60104,OTTAWA DOWNTOWN,Aluminum,2003-06-20T00:00,0.045,µg/m³,DICHOT,ED-XRF
60104,OTTAWA DOWNTOWN,Aluminum,2003-06-20T00:00,0.127,µg/m³,DICHOT,ED-XRF
60104,OTTAWA DOWNTOWN,Aluminum,2003-06-26T00:00,0.055,µg/m³,DICHOT,ED-XRF
60104,OTTAWA DOWNTOWN,Aluminum,2003-06-26T00:00,0.587,µg/m³,DICHOT,ED-XRF
60104,OTTAWA DOWNTOWN,Aluminum,2003-07-02T00:00,0.000,µg/m³,DICHOT,ED-XRF
60104,OTTAWA DOWNTOWN,Aluminum,2003-07-02T00:00,0.301,µg/m³,DICHOT,ED-XRF
60104,OTTAWA DOWNTOWN,Aluminum,2003-07-08T00:00,0.005,µg/m³,DICHOT,ED-XRF
60104,OTTAWA DOWNTOWN,Aluminum,2003-07-08T00:00,0.305,µg/m³,DICHOT,ED-XRF
60104,OTTAWA DOWNTOWN,Aluminum,2003-07-14T00:00,0.042,µg/m³,DICHOT,ED-XRF
60104,OTTAWA DOWNTOWN,Aluminum,2003-07-14T00:00,0.305,µg/m³,DICHOT,ED-XRF
60104,OTTAWA DOWNTOWN,Aluminum,2003-07-20T00:00,0.010,µg/m³,DICHOT,ED-XRF
60104,OTTAWA DOWNTOWN,Aluminum,2003-07-20T00:00,0.097,µg/m³,DICHOT,ED-XRF
60104,OTTAWA DOWNTOWN,Aluminum,2003-07-26T00:00,0.058,µg/m³,DICHOT,ED-XRF
60104,OTTAWA DOWNTOWN,Aluminum,2003-07-26T00:00,0.124,µg/m³,DICHOT,ED-XRF
60104,OTTAWA DOWNTOWN,Aluminum,2003-08-13T00:00,0.096,µg/m³,DICHOT,ED-XRF
60104,OTTAWA DOWNTOWN,Aluminum,2003-08-13T00:00,0.461,µg/m³,DICHOT,ED-XRF
60104,OTTAWA DOWNTOWN,Aluminum,2003-08-19T00:00,0.067,µg/m³,DICHOT,ED-XRF
60104,OTTAWA DOWNTOWN,Aluminum,2003-08-19T00:00,0.259,µg/m³,DICHOT,ED-XRF
60104,OTTAWA DOWNTOWN,Aluminum,2003-08-31T00:00,0.004,µg/m³,DICHOT,ED-XRF
60104,OTTAWA DOWNTOWN,Aluminum,2003-08-31T00:00,0.094,µg/m³,DICHOT,ED-XRF
60104,OTTAWA DOWNTOWN,Aluminum,2003-09-06T00:00,0.047,µg/m³,DICHOT,ED-XRF
60104,OTTAWA DOWNTOWN,Aluminum,2003-09-06T00:00,0.291,µg/m³,DICHOT,ED-XRF
60104,OTTAWA DOWNTOWN,Aluminum,2003-09-12T00:00,0.093,µg/m³,DICHOT,ED-XRF
60104,OTTAWA DOWNTOWN,Aluminum,2003-09-12T00:00,0.551,µg/m³,DICHOT,ED-XRF
60104,OTTAWA DOWNTOWN,Aluminum,2003-09-18T00:00,0.033,µg/m³,DICHOT,ED-XRF
60104,OTTAWA DOWNTOWN,Aluminum,2003-09-18T00:00,0.303,µg/m³,DICHOT,ED-XRF
60104,OTTAWA DOWNTOWN,Aluminum,2003-09-24T00:00,0.056,µg/m³,DICHOT,ED-XRF
60104,OTTAWA DOWNTOWN,Aluminum,2003-09-24T00:00,0.200,µg/m³,DICHOT,ED-XRF
60104,OTTAWA DOWNTOWN,Aluminum,2003-09-30T00:00,0.000,µg/m³,DICHOT,ED-XRF
60104,OTTAWA DOWNTOWN,Aluminum,2003-09-30T00:00,0.157,µg/m³,DICHOT,ED-XRF
60104,OTTAWA DOWNTOWN,Aluminum,2003-10-06T00:00,0.038,µg/m³,DICHOT,ED-XRF
60104,OTTAWA DOWNTOWN,Aluminum,2003-10-06T00:00,0.096,µg/m³,DICHOT,ED-XRF
60104,OTTAWA DOWNTOWN,Aluminum,2003-10-12T00:00,0.012,µg/m³,DICHOT,ED-XRF
60104,OTTAWA DOWNTOWN,Aluminum,2003-10-12T00:00,0.185,µg/m³,DICHOT,ED-XRF
60104,OTTAWA DOWNTOWN,Aluminum,2003-10-18T00:00,0.000,µg/m³,DICHOT,ED-XRF
60104,OTTAWA DOWNTOWN,Aluminum,2003-10-18T00:00,0.148,µg/m³,DICHOT,ED-XRF
60104,OTTAWA DOWNTOWN,Aluminum,2003-10-24T00:00,0.000,µg/m³,DICHOT,ED-XRF
60104,OTTAWA DOWNTOWN,Aluminum,2003-10-24T00:00,0.128,µg/m³,DICHOT,ED-XRF
60104,OTTAWA DOWNTOWN,Aluminum,2003-10-30T00:00,0.025,µg/m³,DICHOT,ED-XRF
60104,OTTAWA DOWNTOWN,Aluminum,2003-10-30T00:00,0.246,µg/m³,DICHOT,ED-XRF
60104,OTTAWA DOWNTOWN,Aluminum,2003-11-17T00:00,0.024,µg/m³,DICHOT,ED-XRF
60104,OTTAWA DOWNTOWN,Aluminum,2003-11-17T00:00,0.395,µg/m³,DICHOT,ED-XRF
60104,OTTAWA DOWNTOWN,Aluminum,2003-11-23T00:00,0.033,µg/m³,DICHOT,ED-XRF
60104,OTTAWA DOWNTOWN,Aluminum,2003-11-23T00:00,0.142,µg/m³,DICHOT,ED-XRF
60104,OTTAWA DOWNTOWN,Aluminum,2003-12-05T00:00,0.025,µg/m³,DICHOT,ED-XRF
60104,OTTAWA DOWNTOWN,Aluminum,2003-12-05T00:00,0.229,µg/m³,DICHOT,ED-XRF
60104,OTTAWA DOWNTOWN,Aluminum,2003-12-11T00:00,0.014,µg/m³,DICHOT,ED-XRF
60104,OTTAWA DOWNTOWN,Aluminum,2003-12-11T00:00,0.171,µg/m³,DICHOT,ED-XRF
60104,OTTAWA DOWNTOWN,Aluminum,2003-12-17T00:00,0.053,µg/m³,DICHOT,ED-XRF
60104,OTTAWA DOWNTOWN,Aluminum,2003-12-17T00:00,0.088,µg/m³,DICHOT,ED-XRF
60104,OTTAWA DOWNTOWN,Aluminum,2003-12-23T00:00,0.096,µg/m³,DICHOT,ED-XRF
60104,OTTAWA DOWNTOWN,Aluminum,2003-12-23T00:00,0.098,µg/m³,DICHOT,ED-XRF
60104,OTTAWA DOWNTOWN,Aluminum,2003-12-29T00:00,0.029,µg/m³,DICHOT,ED-XRF
60104,OTTAWA DOWNTOWN,Aluminum,2003-12-29T00:00,0.173,µg/m³,DICHOT,ED-XRF
