﻿NAPS_Site_ID,Station_Name,Pollutant,Date,Value,Units,Report_Type,Method
60104,OTTAWA DOWNTOWN,"2,2,4-Trimethylpentane",1997-01-04T00:00,0.380,µg/m³,VOC,N/A
60104,OTTAWA DOWNTOWN,"2,2,4-Trimethylpentane",1997-01-10T00:00,0.520,µg/m³,VOC,N/A
60104,OTTAWA DOWNTOWN,"2,2,4-Trimethylpentane",1997-01-16T00:00,0.340,µg/m³,VOC,N/A
60104,OTTAWA DOWNTOWN,"2,2,4-Trimethylpentane",1997-01-22T00:00,0.440,µg/m³,VOC,N/A
60104,OTTAWA DOWNTOWN,"2,2,4-Trimethylpentane",1997-02-03T00:00,0.600,µg/m³,VOC,N/A
60104,OTTAWA DOWNTOWN,"2,2,4-Trimethylpentane",1997-02-09T00:00,0.840,µg/m³,VOC,N/A
60104,OTTAWA DOWNTOWN,"2,2,4-Trimethylpentane",1997-02-15T00:00,0.680,µg/m³,VOC,N/A
60104,OTTAWA DOWNTOWN,"2,2,4-Trimethylpentane",1997-02-21T00:00,0.800,µg/m³,VOC,N/A
60104,OTTAWA DOWNTOWN,"2,2,4-Trimethylpentane",1997-02-27T00:00,0.460,µg/m³,VOC,N/A
60104,OTTAWA DOWNTOWN,"2,2,4-Trimethylpentane",1997-03-05T00:00,1.040,µg/m³,VOC,N/A
60104,OTTAWA DOWNTOWN,"2,2,4-Trimethylpentane",1997-03-11T00:00,0.200,µg/m³,VOC,N/A
60104,OTTAWA DOWNTOWN,"2,2,4-Trimethylpentane",1997-03-17T00:00,0.340,µg/m³,VOC,N/A
60104,OTTAWA DOWNTOWN,"2,2,4-Trimethylpentane",1997-03-23T00:00,0.140,µg/m³,VOC,N/A
60104,OTTAWA DOWNTOWN,"2,2,4-Trimethylpentane",1997-03-29T00:00,0.460,µg/m³,VOC,N/A
60104,OTTAWA DOWNTOWN,"2,2,4-Trimethylpentane",1997-04-04T00:00,0.540,µg/m³,VOC,N/A
60104,OTTAWA DOWNTOWN,"2,2,4-Trimethylpentane",1997-04-10T00:00,0.100,µg/m³,VOC,N/A
60104,OTTAWA DOWNTOWN,"2,2,4-Trimethylpentane",1997-04-16T00:00,0.420,µg/m³,VOC,N/A
60104,OTTAWA DOWNTOWN,"2,2,4-Trimethylpentane",1997-04-22T00:00,0.440,µg/m³,VOC,N/A
60104,OTTAWA DOWNTOWN,"2,2,4-Trimethylpentane",1997-04-28T00:00,0.280,µg/m³,VOC,N/A
60104,OTTAWA DOWNTOWN,"2,2,4-Trimethylpentane",1997-05-04T00:00,0.080,µg/m³,VOC,N/A
60104,OTTAWA DOWNTOWN,"2,2,4-Trimethylpentane",1997-05-10T00:00,0.220,µg/m³,VOC,N/A
60104,OTTAWA DOWNTOWN,"2,2,4-Trimethylpentane",1997-05-16T00:00,0.220,µg/m³,VOC,N/A
60104,OTTAWA DOWNTOWN,"2,2,4-Trimethylpentane",1997-05-22T00:00,0.100,µg/m³,VOC,N/A
60104,OTTAWA DOWNTOWN,"2,2,4-Trimethylpentane",1997-05-28T00:00,0.486,µg/m³,VOC,N/A
60104,OTTAWA DOWNTOWN,"2,2,4-Trimethylpentane",1997-06-03T00:00,0.472,µg/m³,VOC,N/A
60104,OTTAWA DOWNTOWN,"2,2,4-Trimethylpentane",1997-06-09T00:00,0.262,µg/m³,VOC,N/A
60104,OTTAWA DOWNTOWN,"2,2,4-Trimethylpentane",1997-06-15T00:00,0.298,µg/m³,VOC,N/A
60104,OTTAWA DOWNTOWN,"2,2,4-Trimethylpentane",1997-06-21T00:00,0.644,µg/m³,VOC,N/A
60104,OTTAWA DOWNTOWN,"2,2,4-Trimethylpentane",1997-06-27T00:00,0.502,µg/m³,VOC,N/A
60104,OTTAWA DOWNTOWN,"2,2,4-Trimethylpentane",1997-07-03T00:00,0.799,µg/m³,VOC,N/A
60104,OTTAWA DOWNTOWN,"2,2,4-Trimethylpentane",1997-07-09T00:00,0.352,µg/m³,VOC,N/A
60104,OTTAWA DOWNTOWN,"2,2,4-Trimethylpentane",1997-07-15T00:00,0.439,µg/m³,VOC,N/A
60104,OTTAWA DOWNTOWN,"2,2,4-Trimethylpentane",1997-07-21T00:00,0.230,µg/m³,VOC,N/A
60104,OTTAWA DOWNTOWN,"2,2,4-Trimethylpentane",1997-08-02T00:00,0.263,µg/m³,VOC,N/A
60104,OTTAWA DOWNTOWN,"2,2,4-Trimethylpentane",1997-08-08T00:00,0.265,µg/m³,VOC,N/A
60104,OTTAWA DOWNTOWN,"2,2,4-Trimethylpentane",1997-08-14T00:00,0.315,µg/m³,VOC,N/A
60104,OTTAWA DOWNTOWN,"2,2,4-Trimethylpentane",1997-08-20T00:00,0.380,µg/m³,VOC,N/A
60104,OTTAWA DOWNTOWN,"2,2,4-Trimethylpentane",1997-08-26T00:00,0.709,µg/m³,VOC,N/A
60104,OTTAWA DOWNTOWN,"2,2,4-Trimethylpentane",1997-09-01T00:00,0.320,µg/m³,VOC,N/A
60104,OTTAWA DOWNTOWN,"2,2,4-Trimethylpentane",1997-09-07T00:00,0.216,µg/m³,VOC,N/A
60104,OTTAWA DOWNTOWN,"2,2,4-Trimethylpentane",1997-09-13T00:00,0.280,µg/m³,VOC,N/A
60104,OTTAWA DOWNTOWN,"2,2,4-Trimethylpentane",1997-09-19T00:00,0.881,µg/m³,VOC,N/A
60104,OTTAWA DOWNTOWN,"2,2,4-Trimethylpentane",1997-09-25T00:00,0.709,µg/m³,VOC,N/A
60104,OTTAWA DOWNTOWN,"2,2,4-Trimethylpentane",1997-10-01T00:00,0.173,µg/m³,VOC,N/A
60104,OTTAWA DOWNTOWN,"2,2,4-Trimethylpentane",1997-10-07T00:00,0.699,µg/m³,VOC,N/A
60104,OTTAWA DOWNTOWN,"2,2,4-Trimethylpentane",1997-10-13T00:00,0.641,µg/m³,VOC,N/A
60104,OTTAWA DOWNTOWN,"2,2,4-Trimethylpentane",1997-10-19T00:00,1.063,µg/m³,VOC,N/A
60104,OTTAWA DOWNTOWN,"2,2,4-Trimethylpentane",1997-10-25T00:00,0.356,µg/m³,VOC,N/A
60104,OTTAWA DOWNTOWN,"2,2,4-Trimethylpentane",1997-10-31T00:00,0.896,µg/m³,VOC,N/A
60104,OTTAWA DOWNTOWN,"2,2,4-Trimethylpentane",1997-11-06T00:00,1.241,µg/m³,VOC,N/A
60104,OTTAWA DOWNTOWN,"2,2,4-Trimethylpentane",1997-11-12T00:00,0.412,µg/m³,VOC,N/A
60104,OTTAWA DOWNTOWN,"2,2,4-Trimethylpentane",1997-11-18T00:00,0.455,µg/m³,VOC,N/A
60104,OTTAWA DOWNTOWN,"2,2,4-Trimethylpentane",1997-11-24T00:00,0.277,µg/m³,VOC,N/A
60104,OTTAWA DOWNTOWN,"2,2,4-Trimethylpentane",1997-11-30T00:00,0.877,µg/m³,VOC,N/A
60104,OTTAWA DOWNTOWN,"2,2,4-Trimethylpentane",1997-12-06T00:00,0.269,µg/m³,VOC,N/A
60104,OTTAWA DOWNTOWN,"2,2,4-Trimethylpentane",1997-12-12T00:00,0.511,µg/m³,VOC,N/A
60104,OTTAWA DOWNTOWN,"2,2,4-Trimethylpentane",1997-12-18T00:00,1.300,µg/m³,VOC,N/A
60104,OTTAWA DOWNTOWN,"2,2,4-Trimethylpentane",1997-12-24T00:00,1.060,µg/m³,VOC,N/A
60104,OTTAWA DOWNTOWN,"2,2,4-Trimethylpentane",1997-12-30T00:00,0.260,µg/m³,VOC,N/A
