﻿NAPS_Site_ID,Station_Name,Pollutant,Date,Value,Units,Report_Type,Method
90901,ROYAL PARK _RLPK_,Naphthalene,1996-08-01T00:00,0.051,µg/m³,VOC,GC-MS
90901,ROYAL PARK _RLPK_,Naphthalene,1996-08-01T00:00,0.236,µg/m³,VOC,GC-MS
90901,ROYAL PARK _RLPK_,Naphthalene,1996-08-08T00:00,0.058,µg/m³,VOC,GC-MS
90901,ROYAL PARK _RLPK_,Naphthalene,1996-08-08T00:00,0.124,µg/m³,VOC,GC-MS
90901,ROYAL PARK _RLPK_,Naphthalene,1996-08-09T00:00,0.129,µg/m³,VOC,GC-MS
90901,ROYAL PARK _RLPK_,Naphthalene,1996-09-12T00:00,0.098,µg/m³,VOC,GC-MS
90901,ROYAL PARK _RLPK_,Naphthalene,1996-09-12T00:00,0.115,µg/m³,VOC,GC-MS
90901,ROYAL PARK _RLPK_,Naphthalene,1996-09-14T00:00,0.062,µg/m³,VOC,GC-MS
90901,ROYAL PARK _RLPK_,Naphthalene,1996-09-14T00:00,0.075,µg/m³,VOC,GC-MS
90901,ROYAL PARK _RLPK_,Naphthalene,1996-09-16T00:00,0.036,µg/m³,VOC,GC-MS
90901,ROYAL PARK _RLPK_,Naphthalene,1996-09-16T00:00,0.036,µg/m³,VOC,GC-MS
90901,ROYAL PARK _RLPK_,Naphthalene,1996-09-23T00:00,0.042,µg/m³,VOC,GC-MS
90901,ROYAL PARK _RLPK_,Naphthalene,1996-09-23T00:00,0.059,µg/m³,VOC,GC-MS
90901,ROYAL PARK _RLPK_,Naphthalene,1996-10-22T00:00,0.050,µg/m³,VOC,GC-MS
90901,ROYAL PARK _RLPK_,Naphthalene,1996-10-22T00:00,0.133,µg/m³,VOC,GC-MS
90901,ROYAL PARK _RLPK_,Naphthalene,1996-10-27T00:00,0.044,µg/m³,VOC,GC-MS
90901,ROYAL PARK _RLPK_,Naphthalene,1996-10-27T00:00,0.060,µg/m³,VOC,GC-MS
90901,ROYAL PARK _RLPK_,Naphthalene,1996-10-30T00:00,0.061,µg/m³,VOC,GC-MS
90901,ROYAL PARK _RLPK_,Naphthalene,1996-10-31T00:00,0.024,µg/m³,VOC,GC-MS
90901,ROYAL PARK _RLPK_,Naphthalene,1996-10-31T00:00,0.025,µg/m³,VOC,GC-MS
90901,ROYAL PARK _RLPK_,Naphthalene,1996-10-31T00:00,0.029,µg/m³,VOC,GC-MS
90901,ROYAL PARK _RLPK_,Naphthalene,1996-11-02T00:00,0.052,µg/m³,VOC,GC-MS
90901,ROYAL PARK _RLPK_,Naphthalene,1996-11-02T00:00,0.076,µg/m³,VOC,GC-MS
