﻿NAPS_Site_ID,Station_Name,Pollutant,Date,Value,Units,Report_Type,Method
40208,CHAMPLAIN HEIGHTS SCHOOL,Benzylchloride,2009-03-02T00:00,0.000,µg/m³,VOC,GC-MS
40208,CHAMPLAIN HEIGHTS SCHOOL,Benzylchloride,2009-03-08T00:00,0.000,µg/m³,VOC,GC-MS
40208,CHAMPLAIN HEIGHTS SCHOOL,Benzylchloride,2009-03-14T00:00,0.000,µg/m³,VOC,GC-MS
40208,CHAMPLAIN HEIGHTS SCHOOL,Benzylchloride,2009-03-20T00:00,0.000,µg/m³,VOC,GC-MS
40208,CHAMPLAIN HEIGHTS SCHOOL,Benzylchloride,2009-03-26T00:00,0.000,µg/m³,VOC,GC-MS
40208,CHAMPLAIN HEIGHTS SCHOOL,Benzylchloride,2009-04-01T00:00,0.000,µg/m³,VOC,GC-MS
40208,CHAMPLAIN HEIGHTS SCHOOL,Benzylchloride,2009-04-07T00:00,0.000,µg/m³,VOC,GC-MS
40208,CHAMPLAIN HEIGHTS SCHOOL,Benzylchloride,2009-04-13T00:00,0.000,µg/m³,VOC,GC-MS
40208,CHAMPLAIN HEIGHTS SCHOOL,Benzylchloride,2009-04-19T00:00,0.000,µg/m³,VOC,GC-MS
40208,CHAMPLAIN HEIGHTS SCHOOL,Benzylchloride,2009-04-25T00:00,0.000,µg/m³,VOC,GC-MS
40208,CHAMPLAIN HEIGHTS SCHOOL,Benzylchloride,2009-05-01T00:00,0.000,µg/m³,VOC,GC-MS
40208,CHAMPLAIN HEIGHTS SCHOOL,Benzylchloride,2009-05-07T00:00,0.000,µg/m³,VOC,GC-MS
40208,CHAMPLAIN HEIGHTS SCHOOL,Benzylchloride,2009-05-13T00:00,0.000,µg/m³,VOC,GC-MS
40208,CHAMPLAIN HEIGHTS SCHOOL,Benzylchloride,2009-05-19T00:00,0.000,µg/m³,VOC,GC-MS
40208,CHAMPLAIN HEIGHTS SCHOOL,Benzylchloride,2009-05-25T00:00,0.000,µg/m³,VOC,GC-MS
40208,CHAMPLAIN HEIGHTS SCHOOL,Benzylchloride,2009-05-31T00:00,0.000,µg/m³,VOC,GC-MS
40208,CHAMPLAIN HEIGHTS SCHOOL,Benzylchloride,2009-06-06T00:00,0.000,µg/m³,VOC,GC-MS
40208,CHAMPLAIN HEIGHTS SCHOOL,Benzylchloride,2009-06-12T00:00,0.000,µg/m³,VOC,GC-MS
40208,CHAMPLAIN HEIGHTS SCHOOL,Benzylchloride,2009-06-18T00:00,2.626,µg/m³,VOC,GC-MS
40208,CHAMPLAIN HEIGHTS SCHOOL,Benzylchloride,2009-06-24T00:00,0.631,µg/m³,VOC,GC-MS
40208,CHAMPLAIN HEIGHTS SCHOOL,Benzylchloride,2009-06-30T00:00,0.280,µg/m³,VOC,GC-MS
40208,CHAMPLAIN HEIGHTS SCHOOL,Benzylchloride,2009-07-06T00:00,0.145,µg/m³,VOC,GC-MS
40208,CHAMPLAIN HEIGHTS SCHOOL,Benzylchloride,2009-07-12T00:00,3.246,µg/m³,VOC,GC-MS
40208,CHAMPLAIN HEIGHTS SCHOOL,Benzylchloride,2009-07-18T00:00,0.945,µg/m³,VOC,GC-MS
40208,CHAMPLAIN HEIGHTS SCHOOL,Benzylchloride,2009-07-24T00:00,0.022,µg/m³,VOC,GC-MS
40208,CHAMPLAIN HEIGHTS SCHOOL,Benzylchloride,2009-07-30T00:00,3.822,µg/m³,VOC,GC-MS
40208,CHAMPLAIN HEIGHTS SCHOOL,Benzylchloride,2009-08-05T00:00,3.618,µg/m³,VOC,GC-MS
40208,CHAMPLAIN HEIGHTS SCHOOL,Benzylchloride,2009-08-11T00:00,0.305,µg/m³,VOC,GC-MS
40208,CHAMPLAIN HEIGHTS SCHOOL,Benzylchloride,2009-08-17T00:00,4.130,µg/m³,VOC,GC-MS
40208,CHAMPLAIN HEIGHTS SCHOOL,Benzylchloride,2009-08-23T00:00,0.193,µg/m³,VOC,GC-MS
40208,CHAMPLAIN HEIGHTS SCHOOL,Benzylchloride,2009-08-29T00:00,0.038,µg/m³,VOC,GC-MS
40208,CHAMPLAIN HEIGHTS SCHOOL,Benzylchloride,2009-09-04T00:00,2.240,µg/m³,VOC,GC-MS
40208,CHAMPLAIN HEIGHTS SCHOOL,Benzylchloride,2009-09-10T00:00,0.698,µg/m³,VOC,GC-MS
40208,CHAMPLAIN HEIGHTS SCHOOL,Benzylchloride,2009-09-16T00:00,0.058,µg/m³,VOC,GC-MS
40208,CHAMPLAIN HEIGHTS SCHOOL,Benzylchloride,2009-09-22T00:00,1.297,µg/m³,VOC,GC-MS
40208,CHAMPLAIN HEIGHTS SCHOOL,Benzylchloride,2009-10-04T00:00,0.013,µg/m³,VOC,GC-MS
40208,CHAMPLAIN HEIGHTS SCHOOL,Benzylchloride,2009-10-10T00:00,0.050,µg/m³,VOC,GC-MS
40208,CHAMPLAIN HEIGHTS SCHOOL,Benzylchloride,2009-10-16T00:00,0.050,µg/m³,VOC,GC-MS
40208,CHAMPLAIN HEIGHTS SCHOOL,Benzylchloride,2009-10-22T00:00,0.078,µg/m³,VOC,GC-MS
40208,CHAMPLAIN HEIGHTS SCHOOL,Benzylchloride,2009-10-28T00:00,0.103,µg/m³,VOC,GC-MS
40208,CHAMPLAIN HEIGHTS SCHOOL,Benzylchloride,2009-11-03T00:00,0.288,µg/m³,VOC,GC-MS
40208,CHAMPLAIN HEIGHTS SCHOOL,Benzylchloride,2009-11-09T00:00,1.439,µg/m³,VOC,GC-MS
40208,CHAMPLAIN HEIGHTS SCHOOL,Benzylchloride,2009-11-15T00:00,0.751,µg/m³,VOC,GC-MS
40208,CHAMPLAIN HEIGHTS SCHOOL,Benzylchloride,2009-11-21T00:00,0.411,µg/m³,VOC,GC-MS
40208,CHAMPLAIN HEIGHTS SCHOOL,Benzylchloride,2009-11-27T00:00,0.069,µg/m³,VOC,GC-MS
40208,CHAMPLAIN HEIGHTS SCHOOL,Benzylchloride,2009-12-03T00:00,0.937,µg/m³,VOC,GC-MS
40208,CHAMPLAIN HEIGHTS SCHOOL,Benzylchloride,2009-12-21T00:00,0.039,µg/m³,VOC,GC-MS
40208,CHAMPLAIN HEIGHTS SCHOOL,Benzylchloride,2009-12-27T00:00,0.010,µg/m³,VOC,GC-MS
