﻿NAPS_Site_ID,Station_Name,Pollutant,Date,Value,Units,Report_Type,Method
54401,SAINT-ANICET,Pentane,2010-01-02T00:00,0.375,µg/m³,VOC,GC-MS
54401,SAINT-ANICET,Pentane,2010-01-05T00:00,0.274,µg/m³,VOC,GC-MS
54401,SAINT-ANICET,Pentane,2010-01-08T00:00,0.292,µg/m³,VOC,GC-MS
54401,SAINT-ANICET,Pentane,2010-01-11T00:00,0.625,µg/m³,VOC,GC-MS
54401,SAINT-ANICET,Pentane,2010-01-14T00:00,0.684,µg/m³,VOC,GC-MS
54401,SAINT-ANICET,Pentane,2010-01-17T00:00,0.906,µg/m³,VOC,GC-MS
54401,SAINT-ANICET,Pentane,2010-01-20T00:00,1.092,µg/m³,VOC,GC-MS
54401,SAINT-ANICET,Pentane,2010-01-23T00:00,0.240,µg/m³,VOC,GC-MS
54401,SAINT-ANICET,Pentane,2010-01-26T00:00,0.685,µg/m³,VOC,GC-MS
54401,SAINT-ANICET,Pentane,2010-01-29T00:00,0.271,µg/m³,VOC,GC-MS
54401,SAINT-ANICET,Pentane,2010-02-01T00:00,0.227,µg/m³,VOC,GC-MS
54401,SAINT-ANICET,Pentane,2010-02-04T00:00,0.285,µg/m³,VOC,GC-MS
54401,SAINT-ANICET,Pentane,2010-02-07T00:00,0.232,µg/m³,VOC,GC-MS
54401,SAINT-ANICET,Pentane,2010-02-10T00:00,0.660,µg/m³,VOC,GC-MS
54401,SAINT-ANICET,Pentane,2010-02-13T00:00,0.215,µg/m³,VOC,GC-MS
54401,SAINT-ANICET,Pentane,2010-02-16T00:00,0.481,µg/m³,VOC,GC-MS
54401,SAINT-ANICET,Pentane,2010-02-19T00:00,0.182,µg/m³,VOC,GC-MS
54401,SAINT-ANICET,Pentane,2010-02-22T00:00,0.187,µg/m³,VOC,GC-MS
54401,SAINT-ANICET,Pentane,2010-02-25T00:00,0.348,µg/m³,VOC,GC-MS
54401,SAINT-ANICET,Pentane,2010-02-28T00:00,0.195,µg/m³,VOC,GC-MS
54401,SAINT-ANICET,Pentane,2010-03-03T00:00,0.322,µg/m³,VOC,GC-MS
54401,SAINT-ANICET,Pentane,2010-03-06T00:00,0.158,µg/m³,VOC,GC-MS
54401,SAINT-ANICET,Pentane,2010-03-09T00:00,0.087,µg/m³,VOC,GC-MS
54401,SAINT-ANICET,Pentane,2010-03-12T00:00,0.307,µg/m³,VOC,GC-MS
54401,SAINT-ANICET,Pentane,2010-03-15T00:00,0.523,µg/m³,VOC,GC-MS
54401,SAINT-ANICET,Pentane,2010-03-18T00:00,0.142,µg/m³,VOC,GC-MS
54401,SAINT-ANICET,Pentane,2010-03-21T00:00,0.136,µg/m³,VOC,GC-MS
54401,SAINT-ANICET,Pentane,2010-03-24T00:00,0.082,µg/m³,VOC,GC-MS
54401,SAINT-ANICET,Pentane,2010-04-02T00:00,0.494,µg/m³,VOC,GC-MS
54401,SAINT-ANICET,Pentane,2010-04-05T00:00,0.215,µg/m³,VOC,GC-MS
54401,SAINT-ANICET,Pentane,2010-04-08T00:00,0.213,µg/m³,VOC,GC-MS
54401,SAINT-ANICET,Pentane,2010-04-11T00:00,0.076,µg/m³,VOC,GC-MS
54401,SAINT-ANICET,Pentane,2010-04-17T00:00,0.111,µg/m³,VOC,GC-MS
54401,SAINT-ANICET,Pentane,2010-04-20T00:00,0.083,µg/m³,VOC,GC-MS
54401,SAINT-ANICET,Pentane,2010-04-23T00:00,0.042,µg/m³,VOC,GC-MS
54401,SAINT-ANICET,Pentane,2010-04-26T00:00,0.156,µg/m³,VOC,GC-MS
54401,SAINT-ANICET,Pentane,2010-04-29T00:00,0.037,µg/m³,VOC,GC-MS
54401,SAINT-ANICET,Pentane,2010-05-02T00:00,0.198,µg/m³,VOC,GC-MS
54401,SAINT-ANICET,Pentane,2010-05-05T00:00,0.099,µg/m³,VOC,GC-MS
54401,SAINT-ANICET,Pentane,2010-05-08T00:00,0.136,µg/m³,VOC,GC-MS
54401,SAINT-ANICET,Pentane,2010-05-11T00:00,0.049,µg/m³,VOC,GC-MS
54401,SAINT-ANICET,Pentane,2010-05-14T00:00,0.176,µg/m³,VOC,GC-MS
54401,SAINT-ANICET,Pentane,2010-05-17T00:00,0.063,µg/m³,VOC,GC-MS
54401,SAINT-ANICET,Pentane,2010-05-20T00:00,0.227,µg/m³,VOC,GC-MS
54401,SAINT-ANICET,Pentane,2010-05-23T00:00,0.101,µg/m³,VOC,GC-MS
54401,SAINT-ANICET,Pentane,2010-05-26T00:00,0.100,µg/m³,VOC,GC-MS
54401,SAINT-ANICET,Pentane,2010-05-29T00:00,0.190,µg/m³,VOC,GC-MS
54401,SAINT-ANICET,Pentane,2010-06-01T00:00,0.617,µg/m³,VOC,GC-MS
54401,SAINT-ANICET,Pentane,2010-06-04T00:00,0.089,µg/m³,VOC,GC-MS
54401,SAINT-ANICET,Pentane,2010-06-07T00:00,0.027,µg/m³,VOC,GC-MS
54401,SAINT-ANICET,Pentane,2010-06-10T00:00,0.192,µg/m³,VOC,GC-MS
54401,SAINT-ANICET,Pentane,2010-06-13T00:00,0.124,µg/m³,VOC,GC-MS
54401,SAINT-ANICET,Pentane,2010-06-16T00:00,0.169,µg/m³,VOC,GC-MS
54401,SAINT-ANICET,Pentane,2010-06-19T00:00,0.176,µg/m³,VOC,GC-MS
54401,SAINT-ANICET,Pentane,2010-06-22T00:00,0.073,µg/m³,VOC,GC-MS
54401,SAINT-ANICET,Pentane,2010-06-25T00:00,0.099,µg/m³,VOC,GC-MS
54401,SAINT-ANICET,Pentane,2010-06-28T00:00,0.134,µg/m³,VOC,GC-MS
54401,SAINT-ANICET,Pentane,2010-07-01T00:00,0.227,µg/m³,VOC,GC-MS
54401,SAINT-ANICET,Pentane,2010-07-04T00:00,0.038,µg/m³,VOC,GC-MS
54401,SAINT-ANICET,Pentane,2010-07-07T00:00,0.214,µg/m³,VOC,GC-MS
54401,SAINT-ANICET,Pentane,2010-07-10T00:00,0.086,µg/m³,VOC,GC-MS
54401,SAINT-ANICET,Pentane,2010-07-13T00:00,0.179,µg/m³,VOC,GC-MS
54401,SAINT-ANICET,Pentane,2010-07-16T00:00,0.164,µg/m³,VOC,GC-MS
54401,SAINT-ANICET,Pentane,2010-07-19T00:00,0.284,µg/m³,VOC,GC-MS
54401,SAINT-ANICET,Pentane,2010-07-22T00:00,0.049,µg/m³,VOC,GC-MS
54401,SAINT-ANICET,Pentane,2010-07-25T00:00,0.034,µg/m³,VOC,GC-MS
54401,SAINT-ANICET,Pentane,2010-07-28T00:00,0.154,µg/m³,VOC,GC-MS
54401,SAINT-ANICET,Pentane,2010-07-31T00:00,0.086,µg/m³,VOC,GC-MS
54401,SAINT-ANICET,Pentane,2010-08-03T00:00,0.224,µg/m³,VOC,GC-MS
54401,SAINT-ANICET,Pentane,2010-08-06T00:00,0.040,µg/m³,VOC,GC-MS
54401,SAINT-ANICET,Pentane,2010-08-09T00:00,0.127,µg/m³,VOC,GC-MS
54401,SAINT-ANICET,Pentane,2010-08-15T00:00,0.263,µg/m³,VOC,GC-MS
54401,SAINT-ANICET,Pentane,2010-08-18T00:00,0.063,µg/m³,VOC,GC-MS
54401,SAINT-ANICET,Pentane,2010-08-21T00:00,0.125,µg/m³,VOC,GC-MS
54401,SAINT-ANICET,Pentane,2010-08-24T00:00,0.069,µg/m³,VOC,GC-MS
54401,SAINT-ANICET,Pentane,2010-08-27T00:00,0.100,µg/m³,VOC,GC-MS
54401,SAINT-ANICET,Pentane,2010-08-30T00:00,0.277,µg/m³,VOC,GC-MS
54401,SAINT-ANICET,Pentane,2010-09-02T00:00,0.331,µg/m³,VOC,GC-MS
54401,SAINT-ANICET,Pentane,2010-09-05T00:00,0.037,µg/m³,VOC,GC-MS
54401,SAINT-ANICET,Pentane,2010-09-08T00:00,0.099,µg/m³,VOC,GC-MS
54401,SAINT-ANICET,Pentane,2010-09-11T00:00,0.093,µg/m³,VOC,GC-MS
54401,SAINT-ANICET,Pentane,2010-09-14T00:00,0.068,µg/m³,VOC,GC-MS
54401,SAINT-ANICET,Pentane,2010-09-17T00:00,0.046,µg/m³,VOC,GC-MS
54401,SAINT-ANICET,Pentane,2010-09-20T00:00,0.033,µg/m³,VOC,GC-MS
54401,SAINT-ANICET,Pentane,2010-09-23T00:00,0.298,µg/m³,VOC,GC-MS
54401,SAINT-ANICET,Pentane,2010-09-26T00:00,0.484,µg/m³,VOC,GC-MS
54401,SAINT-ANICET,Pentane,2010-09-29T00:00,0.107,µg/m³,VOC,GC-MS
54401,SAINT-ANICET,Pentane,2010-10-02T00:00,0.035,µg/m³,VOC,GC-MS
54401,SAINT-ANICET,Pentane,2010-10-05T00:00,0.528,µg/m³,VOC,GC-MS
54401,SAINT-ANICET,Pentane,2010-10-08T00:00,0.138,µg/m³,VOC,GC-MS
54401,SAINT-ANICET,Pentane,2010-10-11T00:00,0.058,µg/m³,VOC,GC-MS
54401,SAINT-ANICET,Pentane,2010-10-14T00:00,0.105,µg/m³,VOC,GC-MS
54401,SAINT-ANICET,Pentane,2010-10-17T00:00,0.116,µg/m³,VOC,GC-MS
54401,SAINT-ANICET,Pentane,2010-10-20T00:00,0.143,µg/m³,VOC,GC-MS
54401,SAINT-ANICET,Pentane,2010-10-23T00:00,0.069,µg/m³,VOC,GC-MS
54401,SAINT-ANICET,Pentane,2010-10-26T00:00,1.940,µg/m³,VOC,GC-MS
54401,SAINT-ANICET,Pentane,2010-10-29T00:00,0.065,µg/m³,VOC,GC-MS
54401,SAINT-ANICET,Pentane,2010-11-01T00:00,0.071,µg/m³,VOC,GC-MS
54401,SAINT-ANICET,Pentane,2010-11-04T00:00,0.552,µg/m³,VOC,GC-MS
54401,SAINT-ANICET,Pentane,2010-11-07T00:00,0.146,µg/m³,VOC,GC-MS
54401,SAINT-ANICET,Pentane,2010-11-10T00:00,0.542,µg/m³,VOC,GC-MS
54401,SAINT-ANICET,Pentane,2010-11-13T00:00,0.589,µg/m³,VOC,GC-MS
54401,SAINT-ANICET,Pentane,2010-11-16T00:00,0.325,µg/m³,VOC,GC-MS
54401,SAINT-ANICET,Pentane,2010-11-19T00:00,0.227,µg/m³,VOC,GC-MS
54401,SAINT-ANICET,Pentane,2010-11-22T00:00,1.686,µg/m³,VOC,GC-MS
54401,SAINT-ANICET,Pentane,2010-11-25T00:00,0.185,µg/m³,VOC,GC-MS
54401,SAINT-ANICET,Pentane,2010-11-28T00:00,0.178,µg/m³,VOC,GC-MS
54401,SAINT-ANICET,Pentane,2010-12-04T00:00,0.167,µg/m³,VOC,GC-MS
54401,SAINT-ANICET,Pentane,2010-12-07T00:00,0.182,µg/m³,VOC,GC-MS
54401,SAINT-ANICET,Pentane,2010-12-13T00:00,0.290,µg/m³,VOC,GC-MS
54401,SAINT-ANICET,Pentane,2010-12-16T00:00,0.211,µg/m³,VOC,GC-MS
54401,SAINT-ANICET,Pentane,2010-12-22T00:00,0.372,µg/m³,VOC,GC-MS
54401,SAINT-ANICET,Pentane,2010-12-25T00:00,0.242,µg/m³,VOC,GC-MS
54401,SAINT-ANICET,Pentane,2010-12-28T00:00,0.141,µg/m³,VOC,GC-MS
54401,SAINT-ANICET,Pentane,2010-12-31T00:00,0.440,µg/m³,VOC,GC-MS
