﻿NAPS_Site_ID,Station_Name,Pollutant,Date,Value,Units,Report_Type,Method
30501,KEJIMKUJIK NATIONAL PARK,Isobutane,1997-01-04T00:00,0.546,µg/m³,VOC,GC-MS
30501,KEJIMKUJIK NATIONAL PARK,Isobutane,1997-01-04T00:00,0.745,µg/m³,VOC,GC-MS
30501,KEJIMKUJIK NATIONAL PARK,Isobutane,1997-01-10T00:00,0.610,µg/m³,VOC,GC-MS
30501,KEJIMKUJIK NATIONAL PARK,Isobutane,1997-01-10T00:00,1.115,µg/m³,VOC,GC-MS
30501,KEJIMKUJIK NATIONAL PARK,Isobutane,1997-01-16T00:00,0.456,µg/m³,VOC,GC-MS
30501,KEJIMKUJIK NATIONAL PARK,Isobutane,1997-01-16T00:00,0.546,µg/m³,VOC,GC-MS
30501,KEJIMKUJIK NATIONAL PARK,Isobutane,1997-01-22T00:00,0.412,µg/m³,VOC,GC-MS
30501,KEJIMKUJIK NATIONAL PARK,Isobutane,1997-01-22T00:00,0.559,µg/m³,VOC,GC-MS
30501,KEJIMKUJIK NATIONAL PARK,Isobutane,1997-01-28T00:00,0.537,µg/m³,VOC,GC-MS
30501,KEJIMKUJIK NATIONAL PARK,Isobutane,1997-01-28T00:00,0.787,µg/m³,VOC,GC-MS
30501,KEJIMKUJIK NATIONAL PARK,Isobutane,1997-02-03T00:00,1.079,µg/m³,VOC,GC-MS
30501,KEJIMKUJIK NATIONAL PARK,Isobutane,1997-02-03T00:00,1.244,µg/m³,VOC,GC-MS
30501,KEJIMKUJIK NATIONAL PARK,Isobutane,1997-02-09T00:00,0.525,µg/m³,VOC,GC-MS
30501,KEJIMKUJIK NATIONAL PARK,Isobutane,1997-02-09T00:00,0.647,µg/m³,VOC,GC-MS
30501,KEJIMKUJIK NATIONAL PARK,Isobutane,1997-02-15T00:00,0.596,µg/m³,VOC,GC-MS
30501,KEJIMKUJIK NATIONAL PARK,Isobutane,1997-02-15T00:00,0.710,µg/m³,VOC,GC-MS
30501,KEJIMKUJIK NATIONAL PARK,Isobutane,1997-02-21T00:00,0.260,µg/m³,VOC,GC-MS
30501,KEJIMKUJIK NATIONAL PARK,Isobutane,1997-02-21T00:00,0.497,µg/m³,VOC,GC-MS
30501,KEJIMKUJIK NATIONAL PARK,Isobutane,1997-02-27T00:00,0.886,µg/m³,VOC,GC-MS
30501,KEJIMKUJIK NATIONAL PARK,Isobutane,1997-02-27T00:00,1.043,µg/m³,VOC,GC-MS
30501,KEJIMKUJIK NATIONAL PARK,Isobutane,1997-03-05T00:00,0.426,µg/m³,VOC,GC-MS
30501,KEJIMKUJIK NATIONAL PARK,Isobutane,1997-03-05T00:00,0.522,µg/m³,VOC,GC-MS
30501,KEJIMKUJIK NATIONAL PARK,Isobutane,1997-03-11T00:00,0.529,µg/m³,VOC,GC-MS
30501,KEJIMKUJIK NATIONAL PARK,Isobutane,1997-03-11T00:00,0.685,µg/m³,VOC,GC-MS
30501,KEJIMKUJIK NATIONAL PARK,Isobutane,1997-03-17T00:00,0.422,µg/m³,VOC,GC-MS
30501,KEJIMKUJIK NATIONAL PARK,Isobutane,1997-03-17T00:00,0.542,µg/m³,VOC,GC-MS
30501,KEJIMKUJIK NATIONAL PARK,Isobutane,1997-03-23T00:00,0.380,µg/m³,VOC,GC-MS
30501,KEJIMKUJIK NATIONAL PARK,Isobutane,1997-03-23T00:00,0.391,µg/m³,VOC,GC-MS
30501,KEJIMKUJIK NATIONAL PARK,Isobutane,1997-03-29T00:00,0.194,µg/m³,VOC,GC-MS
30501,KEJIMKUJIK NATIONAL PARK,Isobutane,1997-03-29T00:00,0.313,µg/m³,VOC,GC-MS
30501,KEJIMKUJIK NATIONAL PARK,Isobutane,1997-04-04T00:00,0.236,µg/m³,VOC,GC-MS
30501,KEJIMKUJIK NATIONAL PARK,Isobutane,1997-04-04T00:00,0.310,µg/m³,VOC,GC-MS
30501,KEJIMKUJIK NATIONAL PARK,Isobutane,1997-04-10T00:00,0.254,µg/m³,VOC,GC-MS
30501,KEJIMKUJIK NATIONAL PARK,Isobutane,1997-04-10T00:00,0.255,µg/m³,VOC,GC-MS
30501,KEJIMKUJIK NATIONAL PARK,Isobutane,1997-04-16T00:00,0.212,µg/m³,VOC,GC-MS
30501,KEJIMKUJIK NATIONAL PARK,Isobutane,1997-04-16T00:00,0.328,µg/m³,VOC,GC-MS
30501,KEJIMKUJIK NATIONAL PARK,Isobutane,1997-04-22T00:00,0.141,µg/m³,VOC,GC-MS
30501,KEJIMKUJIK NATIONAL PARK,Isobutane,1997-04-22T00:00,0.188,µg/m³,VOC,GC-MS
30501,KEJIMKUJIK NATIONAL PARK,Isobutane,1997-04-28T00:00,0.137,µg/m³,VOC,GC-MS
30501,KEJIMKUJIK NATIONAL PARK,Isobutane,1997-04-28T00:00,0.152,µg/m³,VOC,GC-MS
30501,KEJIMKUJIK NATIONAL PARK,Isobutane,1997-05-04T00:00,0.112,µg/m³,VOC,GC-MS
30501,KEJIMKUJIK NATIONAL PARK,Isobutane,1997-05-04T00:00,0.200,µg/m³,VOC,GC-MS
30501,KEJIMKUJIK NATIONAL PARK,Isobutane,1997-05-10T00:00,0.163,µg/m³,VOC,GC-MS
30501,KEJIMKUJIK NATIONAL PARK,Isobutane,1997-05-10T00:00,0.179,µg/m³,VOC,GC-MS
30501,KEJIMKUJIK NATIONAL PARK,Isobutane,1997-05-16T00:00,0.122,µg/m³,VOC,GC-MS
30501,KEJIMKUJIK NATIONAL PARK,Isobutane,1997-05-16T00:00,0.277,µg/m³,VOC,GC-MS
30501,KEJIMKUJIK NATIONAL PARK,Isobutane,1997-05-22T00:00,0.081,µg/m³,VOC,GC-MS
30501,KEJIMKUJIK NATIONAL PARK,Isobutane,1997-05-22T00:00,0.085,µg/m³,VOC,GC-MS
30501,KEJIMKUJIK NATIONAL PARK,Isobutane,1997-05-28T00:00,0.086,µg/m³,VOC,GC-MS
30501,KEJIMKUJIK NATIONAL PARK,Isobutane,1997-05-28T00:00,0.092,µg/m³,VOC,GC-MS
30501,KEJIMKUJIK NATIONAL PARK,Isobutane,1997-06-03T00:00,0.087,µg/m³,VOC,GC-MS
30501,KEJIMKUJIK NATIONAL PARK,Isobutane,1997-06-03T00:00,0.089,µg/m³,VOC,GC-MS
30501,KEJIMKUJIK NATIONAL PARK,Isobutane,1997-06-09T00:00,0.076,µg/m³,VOC,GC-MS
30501,KEJIMKUJIK NATIONAL PARK,Isobutane,1997-06-09T00:00,0.236,µg/m³,VOC,GC-MS
30501,KEJIMKUJIK NATIONAL PARK,Isobutane,1997-06-15T00:00,0.116,µg/m³,VOC,GC-MS
30501,KEJIMKUJIK NATIONAL PARK,Isobutane,1997-06-15T00:00,0.120,µg/m³,VOC,GC-MS
30501,KEJIMKUJIK NATIONAL PARK,Isobutane,1997-06-21T00:00,0.080,µg/m³,VOC,GC-MS
30501,KEJIMKUJIK NATIONAL PARK,Isobutane,1997-06-21T00:00,0.439,µg/m³,VOC,GC-MS
30501,KEJIMKUJIK NATIONAL PARK,Isobutane,1997-06-27T00:00,0.243,µg/m³,VOC,GC-MS
30501,KEJIMKUJIK NATIONAL PARK,Isobutane,1997-06-27T00:00,4.894,µg/m³,VOC,GC-MS
30501,KEJIMKUJIK NATIONAL PARK,Isobutane,1997-07-03T00:00,0.072,µg/m³,VOC,GC-MS
30501,KEJIMKUJIK NATIONAL PARK,Isobutane,1997-07-03T00:00,0.155,µg/m³,VOC,GC-MS
30501,KEJIMKUJIK NATIONAL PARK,Isobutane,1997-07-09T00:00,0.086,µg/m³,VOC,GC-MS
30501,KEJIMKUJIK NATIONAL PARK,Isobutane,1997-07-09T00:00,0.153,µg/m³,VOC,GC-MS
30501,KEJIMKUJIK NATIONAL PARK,Isobutane,1997-07-15T00:00,0.060,µg/m³,VOC,GC-MS
30501,KEJIMKUJIK NATIONAL PARK,Isobutane,1997-07-15T00:00,0.711,µg/m³,VOC,GC-MS
30501,KEJIMKUJIK NATIONAL PARK,Isobutane,1997-07-21T00:00,0.099,µg/m³,VOC,GC-MS
30501,KEJIMKUJIK NATIONAL PARK,Isobutane,1997-07-21T00:00,0.855,µg/m³,VOC,GC-MS
30501,KEJIMKUJIK NATIONAL PARK,Isobutane,1997-07-27T00:00,0.122,µg/m³,VOC,GC-MS
30501,KEJIMKUJIK NATIONAL PARK,Isobutane,1997-07-27T00:00,0.734,µg/m³,VOC,GC-MS
30501,KEJIMKUJIK NATIONAL PARK,Isobutane,1997-08-02T00:00,0.151,µg/m³,VOC,GC-MS
30501,KEJIMKUJIK NATIONAL PARK,Isobutane,1997-08-02T00:00,0.796,µg/m³,VOC,GC-MS
30501,KEJIMKUJIK NATIONAL PARK,Isobutane,1997-08-08T00:00,0.099,µg/m³,VOC,GC-MS
30501,KEJIMKUJIK NATIONAL PARK,Isobutane,1997-08-08T00:00,0.216,µg/m³,VOC,GC-MS
30501,KEJIMKUJIK NATIONAL PARK,Isobutane,1997-08-14T00:00,0.000,µg/m³,VOC,GC-MS
30501,KEJIMKUJIK NATIONAL PARK,Isobutane,1997-08-14T00:00,0.155,µg/m³,VOC,GC-MS
30501,KEJIMKUJIK NATIONAL PARK,Isobutane,1997-08-20T00:00,0.065,µg/m³,VOC,GC-MS
30501,KEJIMKUJIK NATIONAL PARK,Isobutane,1997-08-20T00:00,0.103,µg/m³,VOC,GC-MS
30501,KEJIMKUJIK NATIONAL PARK,Isobutane,1997-08-26T00:00,0.085,µg/m³,VOC,GC-MS
30501,KEJIMKUJIK NATIONAL PARK,Isobutane,1997-08-26T00:00,0.167,µg/m³,VOC,GC-MS
30501,KEJIMKUJIK NATIONAL PARK,Isobutane,1997-09-01T00:00,0.064,µg/m³,VOC,GC-MS
30501,KEJIMKUJIK NATIONAL PARK,Isobutane,1997-09-01T00:00,0.252,µg/m³,VOC,GC-MS
30501,KEJIMKUJIK NATIONAL PARK,Isobutane,1997-09-07T00:00,0.171,µg/m³,VOC,GC-MS
30501,KEJIMKUJIK NATIONAL PARK,Isobutane,1997-09-07T00:00,0.191,µg/m³,VOC,GC-MS
