﻿NAPS_Site_ID,Station_Name,Pollutant,Date,Value,Units,Report_Type,Method
60418,JUNCTION TRIANGLE,Benzo(b)&(k)Fluoranthene,1990-01-17T00:00,0.002,µg/m³,PAH,
60418,JUNCTION TRIANGLE,Benzo(b)&(k)Fluoranthene,1990-01-29T00:00,0.000,µg/m³,PAH,
60418,JUNCTION TRIANGLE,Benzo(b)&(k)Fluoranthene,1990-02-10T00:00,0.001,µg/m³,PAH,
60418,JUNCTION TRIANGLE,Benzo(b)&(k)Fluoranthene,1990-02-22T00:00,0.001,µg/m³,PAH,
60418,JUNCTION TRIANGLE,Benzo(b)&(k)Fluoranthene,1990-03-06T00:00,0.001,µg/m³,PAH,
60418,JUNCTION TRIANGLE,Benzo(b)&(k)Fluoranthene,1990-03-18T00:00,0.001,µg/m³,PAH,
60418,JUNCTION TRIANGLE,Benzo(b)&(k)Fluoranthene,1990-03-30T00:00,0.000,µg/m³,PAH,
60418,JUNCTION TRIANGLE,Benzo(b)&(k)Fluoranthene,1990-04-11T00:00,0.001,µg/m³,PAH,
60418,JUNCTION TRIANGLE,Benzo(b)&(k)Fluoranthene,1990-04-23T00:00,0.001,µg/m³,PAH,
60418,JUNCTION TRIANGLE,Benzo(b)&(k)Fluoranthene,1990-05-05T00:00,0.001,µg/m³,PAH,
60418,JUNCTION TRIANGLE,Benzo(b)&(k)Fluoranthene,1990-05-22T00:00,0.000,µg/m³,PAH,
60418,JUNCTION TRIANGLE,Benzo(b)&(k)Fluoranthene,1990-05-29T00:00,0.000,µg/m³,PAH,
60418,JUNCTION TRIANGLE,Benzo(b)&(k)Fluoranthene,1990-06-10T00:00,0.000,µg/m³,PAH,
60418,JUNCTION TRIANGLE,Benzo(b)&(k)Fluoranthene,1990-06-22T00:00,0.001,µg/m³,PAH,
60418,JUNCTION TRIANGLE,Benzo(b)&(k)Fluoranthene,1990-07-04T00:00,0.000,µg/m³,PAH,
60418,JUNCTION TRIANGLE,Benzo(b)&(k)Fluoranthene,1990-07-16T00:00,0.000,µg/m³,PAH,
60418,JUNCTION TRIANGLE,Benzo(b)&(k)Fluoranthene,1990-08-09T00:00,0.001,µg/m³,PAH,
60418,JUNCTION TRIANGLE,Benzo(b)&(k)Fluoranthene,1990-09-14T00:00,0.000,µg/m³,PAH,
60418,JUNCTION TRIANGLE,Benzo(b)&(k)Fluoranthene,1990-09-26T00:00,0.001,µg/m³,PAH,
60418,JUNCTION TRIANGLE,Benzo(b)&(k)Fluoranthene,1990-10-08T00:00,0.001,µg/m³,PAH,
60418,JUNCTION TRIANGLE,Benzo(b)&(k)Fluoranthene,1990-11-01T00:00,0.002,µg/m³,PAH,
60418,JUNCTION TRIANGLE,Benzo(b)&(k)Fluoranthene,1990-11-13T00:00,0.000,µg/m³,PAH,
60418,JUNCTION TRIANGLE,Benzo(b)&(k)Fluoranthene,1990-11-25T00:00,0.001,µg/m³,PAH,
60418,JUNCTION TRIANGLE,Benzo(b)&(k)Fluoranthene,1990-12-07T00:00,0.001,µg/m³,PAH,
60418,JUNCTION TRIANGLE,Benzo(b)&(k)Fluoranthene,1990-12-19T00:00,0.001,µg/m³,PAH,
60418,JUNCTION TRIANGLE,Benzo(b)&(k)Fluoranthene,1990-12-31T00:00,0.001,µg/m³,PAH,
