﻿NAPS_Site_ID,Station_Name,Pollutant,Date,Value,Units,Report_Type,Method
101301,LANGLEY CENTRAL,Cyclohexane,1994-01-26T00:00,0.175,µg/m³,VOC,N/A
101301,LANGLEY CENTRAL,Cyclohexane,1994-03-03T00:00,0.226,µg/m³,VOC,N/A
101301,LANGLEY CENTRAL,Cyclohexane,1994-04-08T00:00,0.116,µg/m³,VOC,N/A
101301,LANGLEY CENTRAL,Cyclohexane,1994-05-14T00:00,0.183,µg/m³,VOC,N/A
101301,LANGLEY CENTRAL,Cyclohexane,1994-06-25T00:00,0.040,µg/m³,VOC,N/A
101301,LANGLEY CENTRAL,Cyclohexane,1994-07-31T00:00,0.054,µg/m³,VOC,N/A
101301,LANGLEY CENTRAL,Cyclohexane,1994-09-23T00:00,0.288,µg/m³,VOC,N/A
101301,LANGLEY CENTRAL,Cyclohexane,1994-10-23T00:00,0.041,µg/m³,VOC,N/A
101301,LANGLEY CENTRAL,Cyclohexane,1994-12-04T00:00,0.062,µg/m³,VOC,N/A
