﻿NAPS_Site_ID,Station_Name,Pollutant,Date,Value,Units,Report_Type,Method
50103,MONTRÉAL-SAINT-JEAN-BAPTISTE,sec-Butylbenzene,1992-01-07T00:00,0.016,µg/m³,VOC,GC-MS
50103,MONTRÉAL-SAINT-JEAN-BAPTISTE,sec-Butylbenzene,1992-01-13T00:00,0.107,µg/m³,VOC,GC-MS
50103,MONTRÉAL-SAINT-JEAN-BAPTISTE,sec-Butylbenzene,1992-01-19T00:00,0.014,µg/m³,VOC,GC-MS
50103,MONTRÉAL-SAINT-JEAN-BAPTISTE,sec-Butylbenzene,1992-01-25T00:00,0.015,µg/m³,VOC,GC-MS
50103,MONTRÉAL-SAINT-JEAN-BAPTISTE,sec-Butylbenzene,1992-01-31T00:00,0.018,µg/m³,VOC,GC-MS
50103,MONTRÉAL-SAINT-JEAN-BAPTISTE,sec-Butylbenzene,1992-02-06T00:00,0.033,µg/m³,VOC,GC-MS
50103,MONTRÉAL-SAINT-JEAN-BAPTISTE,sec-Butylbenzene,1992-02-12T00:00,0.012,µg/m³,VOC,GC-MS
50103,MONTRÉAL-SAINT-JEAN-BAPTISTE,sec-Butylbenzene,1992-02-18T00:00,0.022,µg/m³,VOC,GC-MS
50103,MONTRÉAL-SAINT-JEAN-BAPTISTE,sec-Butylbenzene,1992-02-24T00:00,0.000,µg/m³,VOC,GC-MS
50103,MONTRÉAL-SAINT-JEAN-BAPTISTE,sec-Butylbenzene,1992-03-01T00:00,0.025,µg/m³,VOC,GC-MS
50103,MONTRÉAL-SAINT-JEAN-BAPTISTE,sec-Butylbenzene,1992-03-07T00:00,0.018,µg/m³,VOC,GC-MS
50103,MONTRÉAL-SAINT-JEAN-BAPTISTE,sec-Butylbenzene,1992-03-13T00:00,0.009,µg/m³,VOC,GC-MS
50103,MONTRÉAL-SAINT-JEAN-BAPTISTE,sec-Butylbenzene,1992-03-19T00:00,0.023,µg/m³,VOC,GC-MS
50103,MONTRÉAL-SAINT-JEAN-BAPTISTE,sec-Butylbenzene,1992-03-25T00:00,0.020,µg/m³,VOC,GC-MS
50103,MONTRÉAL-SAINT-JEAN-BAPTISTE,sec-Butylbenzene,1992-03-31T00:00,0.074,µg/m³,VOC,GC-MS
50103,MONTRÉAL-SAINT-JEAN-BAPTISTE,sec-Butylbenzene,1992-04-06T00:00,0.022,µg/m³,VOC,GC-MS
50103,MONTRÉAL-SAINT-JEAN-BAPTISTE,sec-Butylbenzene,1992-04-12T00:00,0.000,µg/m³,VOC,GC-MS
50103,MONTRÉAL-SAINT-JEAN-BAPTISTE,sec-Butylbenzene,1992-04-18T00:00,0.021,µg/m³,VOC,GC-MS
50103,MONTRÉAL-SAINT-JEAN-BAPTISTE,sec-Butylbenzene,1992-04-24T00:00,0.031,µg/m³,VOC,GC-MS
50103,MONTRÉAL-SAINT-JEAN-BAPTISTE,sec-Butylbenzene,1992-04-30T00:00,0.048,µg/m³,VOC,GC-MS
50103,MONTRÉAL-SAINT-JEAN-BAPTISTE,sec-Butylbenzene,1992-05-06T00:00,0.024,µg/m³,VOC,GC-MS
50103,MONTRÉAL-SAINT-JEAN-BAPTISTE,sec-Butylbenzene,1992-05-12T00:00,0.048,µg/m³,VOC,GC-MS
50103,MONTRÉAL-SAINT-JEAN-BAPTISTE,sec-Butylbenzene,1992-05-18T00:00,0.054,µg/m³,VOC,GC-MS
50103,MONTRÉAL-SAINT-JEAN-BAPTISTE,sec-Butylbenzene,1992-05-24T00:00,0.014,µg/m³,VOC,GC-MS
50103,MONTRÉAL-SAINT-JEAN-BAPTISTE,sec-Butylbenzene,1992-05-30T00:00,0.041,µg/m³,VOC,GC-MS
50103,MONTRÉAL-SAINT-JEAN-BAPTISTE,sec-Butylbenzene,1992-06-05T00:00,0.013,µg/m³,VOC,GC-MS
50103,MONTRÉAL-SAINT-JEAN-BAPTISTE,sec-Butylbenzene,1992-06-11T00:00,0.086,µg/m³,VOC,GC-MS
50103,MONTRÉAL-SAINT-JEAN-BAPTISTE,sec-Butylbenzene,1992-06-17T00:00,0.040,µg/m³,VOC,GC-MS
50103,MONTRÉAL-SAINT-JEAN-BAPTISTE,sec-Butylbenzene,1992-06-29T00:00,0.052,µg/m³,VOC,GC-MS
50103,MONTRÉAL-SAINT-JEAN-BAPTISTE,sec-Butylbenzene,1992-07-05T00:00,0.016,µg/m³,VOC,GC-MS
50103,MONTRÉAL-SAINT-JEAN-BAPTISTE,sec-Butylbenzene,1992-07-11T00:00,0.021,µg/m³,VOC,GC-MS
50103,MONTRÉAL-SAINT-JEAN-BAPTISTE,sec-Butylbenzene,1992-07-17T00:00,0.000,µg/m³,VOC,GC-MS
50103,MONTRÉAL-SAINT-JEAN-BAPTISTE,sec-Butylbenzene,1992-07-23T00:00,0.000,µg/m³,VOC,GC-MS
50103,MONTRÉAL-SAINT-JEAN-BAPTISTE,sec-Butylbenzene,1992-07-29T00:00,0.000,µg/m³,VOC,GC-MS
50103,MONTRÉAL-SAINT-JEAN-BAPTISTE,sec-Butylbenzene,1992-08-04T00:00,0.000,µg/m³,VOC,GC-MS
50103,MONTRÉAL-SAINT-JEAN-BAPTISTE,sec-Butylbenzene,1992-08-10T00:00,0.019,µg/m³,VOC,GC-MS
50103,MONTRÉAL-SAINT-JEAN-BAPTISTE,sec-Butylbenzene,1992-08-16T00:00,0.032,µg/m³,VOC,GC-MS
50103,MONTRÉAL-SAINT-JEAN-BAPTISTE,sec-Butylbenzene,1992-08-22T00:00,0.026,µg/m³,VOC,GC-MS
50103,MONTRÉAL-SAINT-JEAN-BAPTISTE,sec-Butylbenzene,1992-09-03T00:00,0.014,µg/m³,VOC,GC-MS
50103,MONTRÉAL-SAINT-JEAN-BAPTISTE,sec-Butylbenzene,1992-09-09T00:00,0.035,µg/m³,VOC,GC-MS
50103,MONTRÉAL-SAINT-JEAN-BAPTISTE,sec-Butylbenzene,1992-09-15T00:00,0.068,µg/m³,VOC,GC-MS
50103,MONTRÉAL-SAINT-JEAN-BAPTISTE,sec-Butylbenzene,1992-09-21T00:00,0.032,µg/m³,VOC,GC-MS
50103,MONTRÉAL-SAINT-JEAN-BAPTISTE,sec-Butylbenzene,1992-09-27T00:00,0.035,µg/m³,VOC,GC-MS
50103,MONTRÉAL-SAINT-JEAN-BAPTISTE,sec-Butylbenzene,1992-10-03T00:00,0.039,µg/m³,VOC,GC-MS
50103,MONTRÉAL-SAINT-JEAN-BAPTISTE,sec-Butylbenzene,1992-10-09T00:00,0.023,µg/m³,VOC,GC-MS
50103,MONTRÉAL-SAINT-JEAN-BAPTISTE,sec-Butylbenzene,1992-10-15T00:00,0.000,µg/m³,VOC,GC-MS
50103,MONTRÉAL-SAINT-JEAN-BAPTISTE,sec-Butylbenzene,1992-10-21T00:00,0.000,µg/m³,VOC,GC-MS
50103,MONTRÉAL-SAINT-JEAN-BAPTISTE,sec-Butylbenzene,1992-10-27T00:00,0.022,µg/m³,VOC,GC-MS
50103,MONTRÉAL-SAINT-JEAN-BAPTISTE,sec-Butylbenzene,1992-11-02T00:00,0.000,µg/m³,VOC,GC-MS
50103,MONTRÉAL-SAINT-JEAN-BAPTISTE,sec-Butylbenzene,1992-11-08T00:00,0.000,µg/m³,VOC,GC-MS
50103,MONTRÉAL-SAINT-JEAN-BAPTISTE,sec-Butylbenzene,1992-11-14T00:00,0.000,µg/m³,VOC,GC-MS
50103,MONTRÉAL-SAINT-JEAN-BAPTISTE,sec-Butylbenzene,1992-11-20T00:00,0.054,µg/m³,VOC,GC-MS
50103,MONTRÉAL-SAINT-JEAN-BAPTISTE,sec-Butylbenzene,1992-11-26T00:00,0.023,µg/m³,VOC,GC-MS
50103,MONTRÉAL-SAINT-JEAN-BAPTISTE,sec-Butylbenzene,1992-12-20T00:00,0.023,µg/m³,VOC,GC-MS
50103,MONTRÉAL-SAINT-JEAN-BAPTISTE,sec-Butylbenzene,1992-12-26T00:00,0.000,µg/m³,VOC,GC-MS
