﻿NAPS_Site_ID,Station_Name,Pollutant,Date,Value,Units,Report_Type,Method
63601,LONGWOODS CONS. AUTHORITY,"2,3-Dimethylbutane",1999-03-13T00:00,0.044,µg/m³,VOC,GC-MS
63601,LONGWOODS CONS. AUTHORITY,"2,3-Dimethylbutane",1999-03-16T00:00,0.063,µg/m³,VOC,GC-MS
63601,LONGWOODS CONS. AUTHORITY,"2,3-Dimethylbutane",1999-03-22T00:00,0.000,µg/m³,VOC,GC-MS
63601,LONGWOODS CONS. AUTHORITY,"2,3-Dimethylbutane",1999-03-25T00:00,0.000,µg/m³,VOC,GC-MS
63601,LONGWOODS CONS. AUTHORITY,"2,3-Dimethylbutane",1999-03-28T00:00,0.000,µg/m³,VOC,GC-MS
63601,LONGWOODS CONS. AUTHORITY,"2,3-Dimethylbutane",1999-09-24T00:00,0.016,µg/m³,VOC,GC-MS
63601,LONGWOODS CONS. AUTHORITY,"2,3-Dimethylbutane",1999-09-27T00:00,0.265,µg/m³,VOC,GC-MS
63601,LONGWOODS CONS. AUTHORITY,"2,3-Dimethylbutane",1999-09-30T00:00,0.018,µg/m³,VOC,GC-MS
63601,LONGWOODS CONS. AUTHORITY,"2,3-Dimethylbutane",1999-10-03T00:00,0.020,µg/m³,VOC,GC-MS
63601,LONGWOODS CONS. AUTHORITY,"2,3-Dimethylbutane",1999-10-06T00:00,0.046,µg/m³,VOC,GC-MS
63601,LONGWOODS CONS. AUTHORITY,"2,3-Dimethylbutane",1999-10-09T00:00,0.057,µg/m³,VOC,GC-MS
63601,LONGWOODS CONS. AUTHORITY,"2,3-Dimethylbutane",1999-10-12T00:00,0.025,µg/m³,VOC,GC-MS
63601,LONGWOODS CONS. AUTHORITY,"2,3-Dimethylbutane",1999-10-15T00:00,0.039,µg/m³,VOC,GC-MS
63601,LONGWOODS CONS. AUTHORITY,"2,3-Dimethylbutane",1999-10-18T00:00,0.023,µg/m³,VOC,GC-MS
63601,LONGWOODS CONS. AUTHORITY,"2,3-Dimethylbutane",1999-10-24T00:00,0.011,µg/m³,VOC,GC-MS
63601,LONGWOODS CONS. AUTHORITY,"2,3-Dimethylbutane",1999-10-27T00:00,0.050,µg/m³,VOC,GC-MS
63601,LONGWOODS CONS. AUTHORITY,"2,3-Dimethylbutane",1999-10-30T00:00,0.187,µg/m³,VOC,GC-MS
63601,LONGWOODS CONS. AUTHORITY,"2,3-Dimethylbutane",1999-11-02T00:00,0.070,µg/m³,VOC,GC-MS
63601,LONGWOODS CONS. AUTHORITY,"2,3-Dimethylbutane",1999-11-05T00:00,0.120,µg/m³,VOC,GC-MS
63601,LONGWOODS CONS. AUTHORITY,"2,3-Dimethylbutane",1999-11-08T00:00,0.110,µg/m³,VOC,GC-MS
63601,LONGWOODS CONS. AUTHORITY,"2,3-Dimethylbutane",1999-11-11T00:00,0.096,µg/m³,VOC,GC-MS
63601,LONGWOODS CONS. AUTHORITY,"2,3-Dimethylbutane",1999-11-14T00:00,0.070,µg/m³,VOC,GC-MS
63601,LONGWOODS CONS. AUTHORITY,"2,3-Dimethylbutane",1999-11-17T00:00,0.078,µg/m³,VOC,GC-MS
63601,LONGWOODS CONS. AUTHORITY,"2,3-Dimethylbutane",1999-11-20T00:00,0.286,µg/m³,VOC,GC-MS
63601,LONGWOODS CONS. AUTHORITY,"2,3-Dimethylbutane",1999-11-23T00:00,0.223,µg/m³,VOC,GC-MS
63601,LONGWOODS CONS. AUTHORITY,"2,3-Dimethylbutane",1999-11-26T00:00,0.204,µg/m³,VOC,GC-MS
63601,LONGWOODS CONS. AUTHORITY,"2,3-Dimethylbutane",1999-11-29T00:00,0.094,µg/m³,VOC,GC-MS
63601,LONGWOODS CONS. AUTHORITY,"2,3-Dimethylbutane",1999-12-02T00:00,0.155,µg/m³,VOC,GC-MS
63601,LONGWOODS CONS. AUTHORITY,"2,3-Dimethylbutane",1999-12-05T00:00,0.141,µg/m³,VOC,GC-MS
63601,LONGWOODS CONS. AUTHORITY,"2,3-Dimethylbutane",1999-12-08T00:00,0.174,µg/m³,VOC,GC-MS
63601,LONGWOODS CONS. AUTHORITY,"2,3-Dimethylbutane",1999-12-11T00:00,0.070,µg/m³,VOC,GC-MS
63601,LONGWOODS CONS. AUTHORITY,"2,3-Dimethylbutane",1999-12-14T00:00,0.107,µg/m³,VOC,GC-MS
63601,LONGWOODS CONS. AUTHORITY,"2,3-Dimethylbutane",1999-12-17T00:00,0.134,µg/m³,VOC,GC-MS
63601,LONGWOODS CONS. AUTHORITY,"2,3-Dimethylbutane",1999-12-20T00:00,0.208,µg/m³,VOC,GC-MS
63601,LONGWOODS CONS. AUTHORITY,"2,3-Dimethylbutane",1999-12-23T00:00,0.094,µg/m³,VOC,GC-MS
63601,LONGWOODS CONS. AUTHORITY,"2,3-Dimethylbutane",1999-12-26T00:00,0.082,µg/m³,VOC,GC-MS
63601,LONGWOODS CONS. AUTHORITY,"2,3-Dimethylbutane",1999-12-29T00:00,0.071,µg/m³,VOC,GC-MS
