﻿NAPS_Site_ID,Station_Name,Pollutant,Date,Value,Units,Report_Type,Method
61602,BRONTE RD. & WOBURN CRES. _OAKVILLE_,"1,2-Diethylbenzene",2004-01-04T00:00,0.002,µg/m³,VOC,GC-MS
61602,BRONTE RD. & WOBURN CRES. _OAKVILLE_,"1,2-Diethylbenzene",2004-02-21T00:00,0.034,µg/m³,VOC,GC-MS
61602,BRONTE RD. & WOBURN CRES. _OAKVILLE_,"1,2-Diethylbenzene",2004-03-10T00:00,0.012,µg/m³,VOC,GC-MS
61602,BRONTE RD. & WOBURN CRES. _OAKVILLE_,"1,2-Diethylbenzene",2004-03-16T00:00,0.002,µg/m³,VOC,GC-MS
61602,BRONTE RD. & WOBURN CRES. _OAKVILLE_,"1,2-Diethylbenzene",2004-03-22T00:00,0.002,µg/m³,VOC,GC-MS
61602,BRONTE RD. & WOBURN CRES. _OAKVILLE_,"1,2-Diethylbenzene",2004-05-09T00:00,0.003,µg/m³,VOC,GC-MS
61602,BRONTE RD. & WOBURN CRES. _OAKVILLE_,"1,2-Diethylbenzene",2004-05-15T00:00,0.002,µg/m³,VOC,GC-MS
61602,BRONTE RD. & WOBURN CRES. _OAKVILLE_,"1,2-Diethylbenzene",2004-05-21T00:00,0.009,µg/m³,VOC,GC-MS
61602,BRONTE RD. & WOBURN CRES. _OAKVILLE_,"1,2-Diethylbenzene",2004-05-27T00:00,0.008,µg/m³,VOC,GC-MS
61602,BRONTE RD. & WOBURN CRES. _OAKVILLE_,"1,2-Diethylbenzene",2004-06-02T00:00,0.019,µg/m³,VOC,GC-MS
61602,BRONTE RD. & WOBURN CRES. _OAKVILLE_,"1,2-Diethylbenzene",2004-06-08T00:00,0.029,µg/m³,VOC,GC-MS
61602,BRONTE RD. & WOBURN CRES. _OAKVILLE_,"1,2-Diethylbenzene",2004-06-14T00:00,0.033,µg/m³,VOC,GC-MS
61602,BRONTE RD. & WOBURN CRES. _OAKVILLE_,"1,2-Diethylbenzene",2004-06-20T00:00,0.006,µg/m³,VOC,GC-MS
61602,BRONTE RD. & WOBURN CRES. _OAKVILLE_,"1,2-Diethylbenzene",2004-06-26T00:00,0.008,µg/m³,VOC,GC-MS
61602,BRONTE RD. & WOBURN CRES. _OAKVILLE_,"1,2-Diethylbenzene",2004-07-02T00:00,0.004,µg/m³,VOC,GC-MS
61602,BRONTE RD. & WOBURN CRES. _OAKVILLE_,"1,2-Diethylbenzene",2004-07-08T00:00,0.024,µg/m³,VOC,GC-MS
61602,BRONTE RD. & WOBURN CRES. _OAKVILLE_,"1,2-Diethylbenzene",2004-07-20T00:00,0.019,µg/m³,VOC,GC-MS
61602,BRONTE RD. & WOBURN CRES. _OAKVILLE_,"1,2-Diethylbenzene",2004-07-26T00:00,0.004,µg/m³,VOC,GC-MS
61602,BRONTE RD. & WOBURN CRES. _OAKVILLE_,"1,2-Diethylbenzene",2004-08-01T00:00,0.009,µg/m³,VOC,GC-MS
61602,BRONTE RD. & WOBURN CRES. _OAKVILLE_,"1,2-Diethylbenzene",2004-08-07T00:00,0.006,µg/m³,VOC,GC-MS
61602,BRONTE RD. & WOBURN CRES. _OAKVILLE_,"1,2-Diethylbenzene",2004-08-13T00:00,0.008,µg/m³,VOC,GC-MS
61602,BRONTE RD. & WOBURN CRES. _OAKVILLE_,"1,2-Diethylbenzene",2004-08-19T00:00,0.006,µg/m³,VOC,GC-MS
61602,BRONTE RD. & WOBURN CRES. _OAKVILLE_,"1,2-Diethylbenzene",2004-08-25T00:00,0.006,µg/m³,VOC,GC-MS
61602,BRONTE RD. & WOBURN CRES. _OAKVILLE_,"1,2-Diethylbenzene",2004-08-31T00:00,0.010,µg/m³,VOC,GC-MS
61602,BRONTE RD. & WOBURN CRES. _OAKVILLE_,"1,2-Diethylbenzene",2004-09-06T00:00,0.002,µg/m³,VOC,GC-MS
61602,BRONTE RD. & WOBURN CRES. _OAKVILLE_,"1,2-Diethylbenzene",2004-09-24T00:00,0.022,µg/m³,VOC,GC-MS
61602,BRONTE RD. & WOBURN CRES. _OAKVILLE_,"1,2-Diethylbenzene",2004-09-30T00:00,0.011,µg/m³,VOC,GC-MS
61602,BRONTE RD. & WOBURN CRES. _OAKVILLE_,"1,2-Diethylbenzene",2004-10-06T00:00,0.028,µg/m³,VOC,GC-MS
61602,BRONTE RD. & WOBURN CRES. _OAKVILLE_,"1,2-Diethylbenzene",2004-10-12T00:00,0.017,µg/m³,VOC,GC-MS
61602,BRONTE RD. & WOBURN CRES. _OAKVILLE_,"1,2-Diethylbenzene",2004-10-18T00:00,0.018,µg/m³,VOC,GC-MS
61602,BRONTE RD. & WOBURN CRES. _OAKVILLE_,"1,2-Diethylbenzene",2004-10-24T00:00,0.004,µg/m³,VOC,GC-MS
61602,BRONTE RD. & WOBURN CRES. _OAKVILLE_,"1,2-Diethylbenzene",2004-10-30T00:00,0.014,µg/m³,VOC,GC-MS
61602,BRONTE RD. & WOBURN CRES. _OAKVILLE_,"1,2-Diethylbenzene",2004-11-05T00:00,0.005,µg/m³,VOC,GC-MS
61602,BRONTE RD. & WOBURN CRES. _OAKVILLE_,"1,2-Diethylbenzene",2004-11-11T00:00,0.011,µg/m³,VOC,GC-MS
61602,BRONTE RD. & WOBURN CRES. _OAKVILLE_,"1,2-Diethylbenzene",2004-11-17T00:00,0.015,µg/m³,VOC,GC-MS
61602,BRONTE RD. & WOBURN CRES. _OAKVILLE_,"1,2-Diethylbenzene",2004-11-23T00:00,0.020,µg/m³,VOC,GC-MS
61602,BRONTE RD. & WOBURN CRES. _OAKVILLE_,"1,2-Diethylbenzene",2004-11-29T00:00,0.008,µg/m³,VOC,GC-MS
61602,BRONTE RD. & WOBURN CRES. _OAKVILLE_,"1,2-Diethylbenzene",2004-12-05T00:00,0.001,µg/m³,VOC,GC-MS
61602,BRONTE RD. & WOBURN CRES. _OAKVILLE_,"1,2-Diethylbenzene",2004-12-11T00:00,0.003,µg/m³,VOC,GC-MS
61602,BRONTE RD. & WOBURN CRES. _OAKVILLE_,"1,2-Diethylbenzene",2004-12-17T00:00,0.003,µg/m³,VOC,GC-MS
61602,BRONTE RD. & WOBURN CRES. _OAKVILLE_,"1,2-Diethylbenzene",2004-12-23T00:00,0.004,µg/m³,VOC,GC-MS
61602,BRONTE RD. & WOBURN CRES. _OAKVILLE_,"1,2-Diethylbenzene",2004-12-29T00:00,0.009,µg/m³,VOC,GC-MS
