﻿NAPS_Site_ID,Station_Name,Pollutant,Date,Value,Units,Report_Type,Method
61901,WALPOLE ISLAND,OCDD,1991-02-23T00:00,0.108,pg/m³,PCDD,
61901,WALPOLE ISLAND,OCDD,1991-03-19T00:00,0.494,pg/m³,PCDD,
61901,WALPOLE ISLAND,OCDD,1991-04-12T00:00,0.156,pg/m³,PCDD,
61901,WALPOLE ISLAND,OCDD,1991-05-06T00:00,0.231,pg/m³,PCDD,
61901,WALPOLE ISLAND,OCDD,1991-05-30T00:00,0.117,pg/m³,PCDD,
61901,WALPOLE ISLAND,OCDD,1991-06-23T00:00,0.151,pg/m³,PCDD,
61901,WALPOLE ISLAND,OCDD,1991-07-17T00:00,0.224,pg/m³,PCDD,
61901,WALPOLE ISLAND,OCDD,1991-09-09T00:00,0.253,pg/m³,PCDD,
61901,WALPOLE ISLAND,OCDD,1991-09-27T00:00,0.267,pg/m³,PCDD,
61901,WALPOLE ISLAND,OCDD,1991-10-21T00:00,0.485,pg/m³,PCDD,
61901,WALPOLE ISLAND,OCDD,1991-11-14T00:00,1.361,pg/m³,PCDD,
