﻿NAPS_Site_ID,Station_Name,Pollutant,Date,Value,Units,Report_Type,Method
100133,BURMOUNT,"2,5-Dimethylhexane",1991-02-11T00:00,0.108,µg/m³,VOC,
100133,BURMOUNT,"2,5-Dimethylhexane",1991-02-23T00:00,0.122,µg/m³,VOC,
100133,BURMOUNT,"2,5-Dimethylhexane",1991-03-13T00:00,0.110,µg/m³,VOC,
100133,BURMOUNT,"2,5-Dimethylhexane",1991-03-25T00:00,0.000,µg/m³,VOC,
100133,BURMOUNT,"2,5-Dimethylhexane",1991-04-06T00:00,0.000,µg/m³,VOC,
100133,BURMOUNT,"2,5-Dimethylhexane",1991-06-29T00:00,0.148,µg/m³,VOC,
100133,BURMOUNT,"2,5-Dimethylhexane",1991-07-23T00:00,0.103,µg/m³,VOC,
100133,BURMOUNT,"2,5-Dimethylhexane",1991-08-16T00:00,0.117,µg/m³,VOC,
100133,BURMOUNT,"2,5-Dimethylhexane",1991-08-28T00:00,0.074,µg/m³,VOC,
100133,BURMOUNT,"2,5-Dimethylhexane",1991-09-15T00:00,0.204,µg/m³,VOC,
100133,BURMOUNT,"2,5-Dimethylhexane",1991-10-15T00:00,0.279,µg/m³,VOC,
100133,BURMOUNT,"2,5-Dimethylhexane",1991-12-14T00:00,0.177,µg/m³,VOC,
