﻿NAPS_Site_ID,Station_Name,Pollutant,Date,Value,Units,Report_Type,Method
55201,LEMIEUX,Acetylene,2013-01-01T00:00,0.399,µg/m³,VOC,N/A
55201,LEMIEUX,Acetylene,2013-01-04T00:00,0.652,µg/m³,VOC,N/A
55201,LEMIEUX,Acetylene,2013-01-07T00:00,0.612,µg/m³,VOC,N/A
55201,LEMIEUX,Acetylene,2013-01-13T00:00,0.802,µg/m³,VOC,N/A
55201,LEMIEUX,Acetylene,2013-01-28T00:00,0.469,µg/m³,VOC,N/A
55201,LEMIEUX,Acetylene,2013-01-31T00:00,0.582,µg/m³,VOC,N/A
55201,LEMIEUX,Acetylene,2013-02-03T00:00,0.662,µg/m³,VOC,N/A
55201,LEMIEUX,Acetylene,2013-02-06T00:00,0.673,µg/m³,VOC,N/A
55201,LEMIEUX,Acetylene,2013-02-09T00:00,0.465,µg/m³,VOC,N/A
55201,LEMIEUX,Acetylene,2013-02-12T00:00,0.735,µg/m³,VOC,N/A
55201,LEMIEUX,Acetylene,2013-02-15T00:00,0.628,µg/m³,VOC,N/A
55201,LEMIEUX,Acetylene,2013-02-18T00:00,0.432,µg/m³,VOC,N/A
55201,LEMIEUX,Acetylene,2013-02-21T00:00,0.633,µg/m³,VOC,N/A
55201,LEMIEUX,Acetylene,2013-02-24T00:00,0.551,µg/m³,VOC,N/A
55201,LEMIEUX,Acetylene,2013-02-27T00:00,0.410,µg/m³,VOC,N/A
55201,LEMIEUX,Acetylene,2013-03-02T00:00,0.406,µg/m³,VOC,N/A
55201,LEMIEUX,Acetylene,2013-03-05T00:00,0.419,µg/m³,VOC,N/A
55201,LEMIEUX,Acetylene,2013-03-08T00:00,0.378,µg/m³,VOC,N/A
55201,LEMIEUX,Acetylene,2013-03-29T00:00,0.394,µg/m³,VOC,N/A
55201,LEMIEUX,Acetylene,2013-04-01T00:00,0.404,µg/m³,VOC,N/A
55201,LEMIEUX,Acetylene,2013-04-04T00:00,0.350,µg/m³,VOC,N/A
55201,LEMIEUX,Acetylene,2013-04-07T00:00,0.490,µg/m³,VOC,N/A
55201,LEMIEUX,Acetylene,2013-04-10T00:00,0.302,µg/m³,VOC,N/A
55201,LEMIEUX,Acetylene,2013-04-13T00:00,0.448,µg/m³,VOC,N/A
55201,LEMIEUX,Acetylene,2013-04-16T00:00,0.357,µg/m³,VOC,N/A
55201,LEMIEUX,Acetylene,2013-04-19T00:00,0.178,µg/m³,VOC,N/A
55201,LEMIEUX,Acetylene,2013-04-22T00:00,0.299,µg/m³,VOC,N/A
55201,LEMIEUX,Acetylene,2013-04-28T00:00,0.260,µg/m³,VOC,N/A
55201,LEMIEUX,Acetylene,2013-05-01T00:00,0.186,µg/m³,VOC,N/A
55201,LEMIEUX,Acetylene,2013-05-04T00:00,0.117,µg/m³,VOC,N/A
55201,LEMIEUX,Acetylene,2013-05-07T00:00,0.179,µg/m³,VOC,N/A
55201,LEMIEUX,Acetylene,2013-05-10T00:00,0.143,µg/m³,VOC,N/A
55201,LEMIEUX,Acetylene,2013-05-13T00:00,0.171,µg/m³,VOC,N/A
55201,LEMIEUX,Acetylene,2013-05-16T00:00,0.199,µg/m³,VOC,N/A
55201,LEMIEUX,Acetylene,2013-05-19T00:00,0.155,µg/m³,VOC,N/A
55201,LEMIEUX,Acetylene,2013-05-22T00:00,0.185,µg/m³,VOC,N/A
55201,LEMIEUX,Acetylene,2013-05-25T00:00,0.121,µg/m³,VOC,N/A
55201,LEMIEUX,Acetylene,2013-05-28T00:00,0.125,µg/m³,VOC,N/A
55201,LEMIEUX,Acetylene,2013-05-31T00:00,0.199,µg/m³,VOC,N/A
55201,LEMIEUX,Acetylene,2013-06-03T00:00,0.098,µg/m³,VOC,N/A
55201,LEMIEUX,Acetylene,2013-06-06T00:00,0.113,µg/m³,VOC,N/A
55201,LEMIEUX,Acetylene,2013-06-09T00:00,0.137,µg/m³,VOC,N/A
55201,LEMIEUX,Acetylene,2013-06-12T00:00,0.144,µg/m³,VOC,N/A
55201,LEMIEUX,Acetylene,2013-06-15T00:00,0.081,µg/m³,VOC,N/A
55201,LEMIEUX,Acetylene,2013-06-18T00:00,0.062,µg/m³,VOC,N/A
55201,LEMIEUX,Acetylene,2013-06-21T00:00,0.053,µg/m³,VOC,N/A
55201,LEMIEUX,Acetylene,2013-06-24T00:00,0.122,µg/m³,VOC,N/A
55201,LEMIEUX,Acetylene,2013-06-27T00:00,0.061,µg/m³,VOC,N/A
55201,LEMIEUX,Acetylene,2013-06-30T00:00,0.067,µg/m³,VOC,N/A
55201,LEMIEUX,Acetylene,2013-07-03T00:00,0.252,µg/m³,VOC,N/A
55201,LEMIEUX,Acetylene,2013-07-06T00:00,0.200,µg/m³,VOC,N/A
55201,LEMIEUX,Acetylene,2013-07-09T00:00,0.139,µg/m³,VOC,N/A
55201,LEMIEUX,Acetylene,2013-07-12T00:00,0.101,µg/m³,VOC,N/A
55201,LEMIEUX,Acetylene,2013-07-15T00:00,0.146,µg/m³,VOC,N/A
55201,LEMIEUX,Acetylene,2013-07-18T00:00,0.141,µg/m³,VOC,N/A
55201,LEMIEUX,Acetylene,2013-07-21T00:00,0.056,µg/m³,VOC,N/A
55201,LEMIEUX,Acetylene,2013-07-24T00:00,0.088,µg/m³,VOC,N/A
55201,LEMIEUX,Acetylene,2013-07-27T00:00,0.092,µg/m³,VOC,N/A
55201,LEMIEUX,Acetylene,2013-07-30T00:00,0.111,µg/m³,VOC,N/A
55201,LEMIEUX,Acetylene,2013-08-02T00:00,0.117,µg/m³,VOC,N/A
55201,LEMIEUX,Acetylene,2013-08-05T00:00,0.183,µg/m³,VOC,N/A
55201,LEMIEUX,Acetylene,2013-08-08T00:00,0.186,µg/m³,VOC,N/A
55201,LEMIEUX,Acetylene,2013-08-11T00:00,0.084,µg/m³,VOC,N/A
55201,LEMIEUX,Acetylene,2013-08-14T00:00,0.105,µg/m³,VOC,N/A
55201,LEMIEUX,Acetylene,2013-08-17T00:00,0.126,µg/m³,VOC,N/A
55201,LEMIEUX,Acetylene,2013-08-20T00:00,0.222,µg/m³,VOC,N/A
55201,LEMIEUX,Acetylene,2013-08-23T00:00,0.095,µg/m³,VOC,N/A
55201,LEMIEUX,Acetylene,2013-08-26T00:00,0.198,µg/m³,VOC,N/A
55201,LEMIEUX,Acetylene,2013-08-29T00:00,0.093,µg/m³,VOC,N/A
55201,LEMIEUX,Acetylene,2013-09-01T00:00,0.108,µg/m³,VOC,N/A
55201,LEMIEUX,Acetylene,2013-09-04T00:00,0.109,µg/m³,VOC,N/A
55201,LEMIEUX,Acetylene,2013-09-07T00:00,0.441,µg/m³,VOC,N/A
55201,LEMIEUX,Acetylene,2013-09-10T00:00,0.189,µg/m³,VOC,N/A
55201,LEMIEUX,Acetylene,2013-09-13T00:00,0.080,µg/m³,VOC,N/A
55201,LEMIEUX,Acetylene,2013-09-16T00:00,0.077,µg/m³,VOC,N/A
55201,LEMIEUX,Acetylene,2013-09-19T00:00,0.155,µg/m³,VOC,N/A
55201,LEMIEUX,Acetylene,2013-09-22T00:00,0.076,µg/m³,VOC,N/A
55201,LEMIEUX,Acetylene,2013-09-25T00:00,0.081,µg/m³,VOC,N/A
55201,LEMIEUX,Acetylene,2013-09-28T00:00,0.155,µg/m³,VOC,N/A
55201,LEMIEUX,Acetylene,2013-10-01T00:00,0.176,µg/m³,VOC,N/A
55201,LEMIEUX,Acetylene,2013-10-04T00:00,0.094,µg/m³,VOC,N/A
55201,LEMIEUX,Acetylene,2013-10-10T00:00,0.182,µg/m³,VOC,N/A
55201,LEMIEUX,Acetylene,2013-10-13T00:00,0.235,µg/m³,VOC,N/A
55201,LEMIEUX,Acetylene,2013-10-16T00:00,0.178,µg/m³,VOC,N/A
55201,LEMIEUX,Acetylene,2013-10-19T00:00,0.279,µg/m³,VOC,N/A
55201,LEMIEUX,Acetylene,2013-10-22T00:00,0.235,µg/m³,VOC,N/A
55201,LEMIEUX,Acetylene,2013-10-25T00:00,0.179,µg/m³,VOC,N/A
55201,LEMIEUX,Acetylene,2013-10-28T00:00,0.379,µg/m³,VOC,N/A
55201,LEMIEUX,Acetylene,2013-10-31T00:00,0.367,µg/m³,VOC,N/A
55201,LEMIEUX,Acetylene,2013-11-03T00:00,0.147,µg/m³,VOC,N/A
55201,LEMIEUX,Acetylene,2013-11-06T00:00,0.362,µg/m³,VOC,N/A
55201,LEMIEUX,Acetylene,2013-11-09T00:00,0.419,µg/m³,VOC,N/A
55201,LEMIEUX,Acetylene,2013-11-12T00:00,0.192,µg/m³,VOC,N/A
55201,LEMIEUX,Acetylene,2013-11-15T00:00,0.476,µg/m³,VOC,N/A
55201,LEMIEUX,Acetylene,2013-11-18T00:00,0.408,µg/m³,VOC,N/A
55201,LEMIEUX,Acetylene,2013-11-21T00:00,0.404,µg/m³,VOC,N/A
55201,LEMIEUX,Acetylene,2013-11-27T00:00,0.477,µg/m³,VOC,N/A
55201,LEMIEUX,Acetylene,2013-11-30T00:00,0.400,µg/m³,VOC,N/A
55201,LEMIEUX,Acetylene,2013-12-03T00:00,0.655,µg/m³,VOC,N/A
55201,LEMIEUX,Acetylene,2013-12-06T00:00,0.401,µg/m³,VOC,N/A
55201,LEMIEUX,Acetylene,2013-12-09T00:00,0.329,µg/m³,VOC,N/A
55201,LEMIEUX,Acetylene,2013-12-12T00:00,0.390,µg/m³,VOC,N/A
55201,LEMIEUX,Acetylene,2013-12-15T00:00,0.422,µg/m³,VOC,N/A
55201,LEMIEUX,Acetylene,2013-12-18T00:00,0.702,µg/m³,VOC,N/A
55201,LEMIEUX,Acetylene,2013-12-21T00:00,0.300,µg/m³,VOC,N/A
55201,LEMIEUX,Acetylene,2013-12-24T00:00,0.430,µg/m³,VOC,N/A
55201,LEMIEUX,Acetylene,2013-12-27T00:00,0.394,µg/m³,VOC,N/A
55201,LEMIEUX,Acetylene,2013-12-30T00:00,0.463,µg/m³,VOC,N/A
