﻿NAPS_Site_ID,Station_Name,Pollutant,Date,Value,Units,Report_Type,Method
64601,PT. PETRE,HCB,2005-01-23T00:00,0.000,µg/m³,HCB,
64601,PT. PETRE,HCB,2005-02-21T00:00,0.000,µg/m³,HCB,
64601,PT. PETRE,HCB,2005-03-17T00:00,0.000,µg/m³,HCB,
64601,PT. PETRE,HCB,2005-04-10T00:00,0.000,µg/m³,HCB,
64601,PT. PETRE,HCB,2005-05-04T00:00,0.000,µg/m³,HCB,
64601,PT. PETRE,HCB,2005-05-28T00:00,0.000,µg/m³,HCB,
64601,PT. PETRE,HCB,2005-06-21T00:00,0.000,µg/m³,HCB,
64601,PT. PETRE,HCB,2005-07-15T00:00,0.000,µg/m³,HCB,
64601,PT. PETRE,HCB,2005-08-08T00:00,0.000,µg/m³,HCB,
64601,PT. PETRE,HCB,2005-09-25T00:00,0.000,µg/m³,HCB,
64601,PT. PETRE,HCB,2005-11-12T00:00,0.000,µg/m³,HCB,
64601,PT. PETRE,HCB,2005-12-06T00:00,0.000,µg/m³,HCB,
