﻿NAPS_Site_ID,Station_Name,Pollutant,Date,Value,Units,Report_Type,Method
10301,CREDIT UNION,Benzo(b)Chrysene,2010-01-06T00:00,0.000,µg/m³,PAH,GC-MS TP+G
10301,CREDIT UNION,Benzo(b)Chrysene,2010-01-20T00:00,0.000,µg/m³,PAH,GC-MS TP+G
10301,CREDIT UNION,Benzo(b)Chrysene,2010-03-09T00:00,0.000,µg/m³,PAH,GC-MS TP+G
10301,CREDIT UNION,Benzo(b)Chrysene,2010-03-21T00:00,0.000,µg/m³,PAH,GC-MS TP+G
10301,CREDIT UNION,Benzo(b)Chrysene,2010-04-02T00:00,0.000,µg/m³,PAH,GC-MS TP+G
10301,CREDIT UNION,Benzo(b)Chrysene,2010-04-14T00:00,0.000,µg/m³,PAH,GC-MS TP+G
10301,CREDIT UNION,Benzo(b)Chrysene,2010-04-26T00:00,0.000,µg/m³,PAH,GC-MS TP+G
10301,CREDIT UNION,Benzo(b)Chrysene,2010-05-08T00:00,0.000,µg/m³,PAH,GC-MS TP+G
10301,CREDIT UNION,Benzo(b)Chrysene,2010-06-13T00:00,0.000,µg/m³,PAH,GC-MS TP+G
10301,CREDIT UNION,Benzo(b)Chrysene,2010-08-24T00:00,0.000,µg/m³,PAH,GC-MS TP+G
10301,CREDIT UNION,Benzo(b)Chrysene,2010-09-17T00:00,0.000,µg/m³,PAH,GC-MS TP+G
10301,CREDIT UNION,Benzo(b)Chrysene,2010-09-29T00:00,0.000,µg/m³,PAH,GC-MS TP+G
10301,CREDIT UNION,Benzo(b)Chrysene,2010-11-28T00:00,0.000,µg/m³,PAH,GC-MS TP+G
10301,CREDIT UNION,Benzo(b)Chrysene,2010-12-10T00:00,0.000,µg/m³,PAH,GC-MS TP+G
10301,CREDIT UNION,Benzo(b)Chrysene,2010-12-22T00:00,0.000,µg/m³,PAH,GC-MS TP+G
