﻿NAPS_Site_ID,Station_Name,Pollutant,Date,Value,Units,Report_Type,Method
50115,MONTRÉAL-MAISONNEUVE,"2,3-Dimethylpentane",2012-01-04T00:00,0.163,µg/m³,VOC,
50115,MONTRÉAL-MAISONNEUVE,"2,3-Dimethylpentane",2012-01-10T00:00,0.174,µg/m³,VOC,
50115,MONTRÉAL-MAISONNEUVE,"2,3-Dimethylpentane",2012-01-16T00:00,0.333,µg/m³,VOC,
50115,MONTRÉAL-MAISONNEUVE,"2,3-Dimethylpentane",2012-01-22T00:00,0.355,µg/m³,VOC,
50115,MONTRÉAL-MAISONNEUVE,"2,3-Dimethylpentane",2012-01-28T00:00,0.100,µg/m³,VOC,
50115,MONTRÉAL-MAISONNEUVE,"2,3-Dimethylpentane",2012-02-03T00:00,0.280,µg/m³,VOC,
50115,MONTRÉAL-MAISONNEUVE,"2,3-Dimethylpentane",2012-02-09T00:00,0.154,µg/m³,VOC,
50115,MONTRÉAL-MAISONNEUVE,"2,3-Dimethylpentane",2012-02-15T00:00,0.248,µg/m³,VOC,
50115,MONTRÉAL-MAISONNEUVE,"2,3-Dimethylpentane",2012-02-21T00:00,0.148,µg/m³,VOC,
50115,MONTRÉAL-MAISONNEUVE,"2,3-Dimethylpentane",2012-02-27T00:00,0.242,µg/m³,VOC,
50115,MONTRÉAL-MAISONNEUVE,"2,3-Dimethylpentane",2012-03-04T00:00,0.077,µg/m³,VOC,
50115,MONTRÉAL-MAISONNEUVE,"2,3-Dimethylpentane",2012-03-10T00:00,0.128,µg/m³,VOC,
50115,MONTRÉAL-MAISONNEUVE,"2,3-Dimethylpentane",2012-03-16T00:00,0.313,µg/m³,VOC,
50115,MONTRÉAL-MAISONNEUVE,"2,3-Dimethylpentane",2012-03-22T00:00,0.157,µg/m³,VOC,
50115,MONTRÉAL-MAISONNEUVE,"2,3-Dimethylpentane",2012-03-28T00:00,0.159,µg/m³,VOC,
50115,MONTRÉAL-MAISONNEUVE,"2,3-Dimethylpentane",2012-04-03T00:00,0.112,µg/m³,VOC,
50115,MONTRÉAL-MAISONNEUVE,"2,3-Dimethylpentane",2012-04-09T00:00,0.086,µg/m³,VOC,
50115,MONTRÉAL-MAISONNEUVE,"2,3-Dimethylpentane",2012-04-15T00:00,0.084,µg/m³,VOC,
50115,MONTRÉAL-MAISONNEUVE,"2,3-Dimethylpentane",2012-04-21T00:00,0.182,µg/m³,VOC,
50115,MONTRÉAL-MAISONNEUVE,"2,3-Dimethylpentane",2012-04-27T00:00,0.200,µg/m³,VOC,
50115,MONTRÉAL-MAISONNEUVE,"2,3-Dimethylpentane",2012-05-09T00:00,0.273,µg/m³,VOC,
50115,MONTRÉAL-MAISONNEUVE,"2,3-Dimethylpentane",2012-05-15T00:00,0.222,µg/m³,VOC,
50115,MONTRÉAL-MAISONNEUVE,"2,3-Dimethylpentane",2012-05-21T00:00,0.116,µg/m³,VOC,
50115,MONTRÉAL-MAISONNEUVE,"2,3-Dimethylpentane",2012-05-27T00:00,0.242,µg/m³,VOC,
50115,MONTRÉAL-MAISONNEUVE,"2,3-Dimethylpentane",2012-06-02T00:00,0.114,µg/m³,VOC,
50115,MONTRÉAL-MAISONNEUVE,"2,3-Dimethylpentane",2012-06-08T00:00,0.405,µg/m³,VOC,
50115,MONTRÉAL-MAISONNEUVE,"2,3-Dimethylpentane",2012-06-14T00:00,0.256,µg/m³,VOC,
50115,MONTRÉAL-MAISONNEUVE,"2,3-Dimethylpentane",2012-06-20T00:00,0.247,µg/m³,VOC,
50115,MONTRÉAL-MAISONNEUVE,"2,3-Dimethylpentane",2012-06-26T00:00,0.204,µg/m³,VOC,
50115,MONTRÉAL-MAISONNEUVE,"2,3-Dimethylpentane",2012-07-02T00:00,0.193,µg/m³,VOC,
50115,MONTRÉAL-MAISONNEUVE,"2,3-Dimethylpentane",2012-07-08T00:00,0.093,µg/m³,VOC,
50115,MONTRÉAL-MAISONNEUVE,"2,3-Dimethylpentane",2012-07-14T00:00,0.204,µg/m³,VOC,
50115,MONTRÉAL-MAISONNEUVE,"2,3-Dimethylpentane",2012-07-20T00:00,0.322,µg/m³,VOC,
50115,MONTRÉAL-MAISONNEUVE,"2,3-Dimethylpentane",2012-07-26T00:00,0.213,µg/m³,VOC,
50115,MONTRÉAL-MAISONNEUVE,"2,3-Dimethylpentane",2012-08-01T00:00,0.234,µg/m³,VOC,
50115,MONTRÉAL-MAISONNEUVE,"2,3-Dimethylpentane",2012-08-07T00:00,0.143,µg/m³,VOC,
50115,MONTRÉAL-MAISONNEUVE,"2,3-Dimethylpentane",2012-08-13T00:00,0.160,µg/m³,VOC,
50115,MONTRÉAL-MAISONNEUVE,"2,3-Dimethylpentane",2012-08-19T00:00,0.156,µg/m³,VOC,
50115,MONTRÉAL-MAISONNEUVE,"2,3-Dimethylpentane",2012-08-25T00:00,0.162,µg/m³,VOC,
50115,MONTRÉAL-MAISONNEUVE,"2,3-Dimethylpentane",2012-08-31T00:00,0.231,µg/m³,VOC,
50115,MONTRÉAL-MAISONNEUVE,"2,3-Dimethylpentane",2012-09-06T00:00,0.239,µg/m³,VOC,
50115,MONTRÉAL-MAISONNEUVE,"2,3-Dimethylpentane",2012-09-12T00:00,0.283,µg/m³,VOC,
50115,MONTRÉAL-MAISONNEUVE,"2,3-Dimethylpentane",2012-09-18T00:00,0.089,µg/m³,VOC,
50115,MONTRÉAL-MAISONNEUVE,"2,3-Dimethylpentane",2012-09-24T00:00,0.126,µg/m³,VOC,
50115,MONTRÉAL-MAISONNEUVE,"2,3-Dimethylpentane",2012-09-30T00:00,0.154,µg/m³,VOC,
50115,MONTRÉAL-MAISONNEUVE,"2,3-Dimethylpentane",2012-10-06T00:00,0.095,µg/m³,VOC,
50115,MONTRÉAL-MAISONNEUVE,"2,3-Dimethylpentane",2012-10-12T00:00,0.141,µg/m³,VOC,
50115,MONTRÉAL-MAISONNEUVE,"2,3-Dimethylpentane",2012-10-18T00:00,0.138,µg/m³,VOC,
50115,MONTRÉAL-MAISONNEUVE,"2,3-Dimethylpentane",2012-10-24T00:00,0.136,µg/m³,VOC,
50115,MONTRÉAL-MAISONNEUVE,"2,3-Dimethylpentane",2012-10-30T00:00,0.116,µg/m³,VOC,
50115,MONTRÉAL-MAISONNEUVE,"2,3-Dimethylpentane",2012-11-11T00:00,0.144,µg/m³,VOC,
50115,MONTRÉAL-MAISONNEUVE,"2,3-Dimethylpentane",2012-11-17T00:00,0.166,µg/m³,VOC,
50115,MONTRÉAL-MAISONNEUVE,"2,3-Dimethylpentane",2012-11-23T00:00,0.156,µg/m³,VOC,
50115,MONTRÉAL-MAISONNEUVE,"2,3-Dimethylpentane",2012-12-17T00:00,0.134,µg/m³,VOC,
50115,MONTRÉAL-MAISONNEUVE,"2,3-Dimethylpentane",2012-12-23T00:00,0.061,µg/m³,VOC,
50115,MONTRÉAL-MAISONNEUVE,"2,3-Dimethylpentane",2012-12-29T00:00,0.165,µg/m³,VOC,
