﻿NAPS_Site_ID,Station_Name,Pollutant,Date,Value,Units,Report_Type,Method
60403,EVANS & ARNOLD,"2,2,4-Trimethylpentane",1995-06-18T00:00,0.587,µg/m³,VOC,GC-MS
60403,EVANS & ARNOLD,"2,2,4-Trimethylpentane",1995-07-08T00:00,0.339,µg/m³,VOC,GC-MS
60403,EVANS & ARNOLD,"2,2,4-Trimethylpentane",1995-08-01T00:00,0.669,µg/m³,VOC,GC-MS
60403,EVANS & ARNOLD,"2,2,4-Trimethylpentane",1995-08-13T00:00,0.685,µg/m³,VOC,GC-MS
60403,EVANS & ARNOLD,"2,2,4-Trimethylpentane",1995-09-18T00:00,0.953,µg/m³,VOC,GC-MS
60403,EVANS & ARNOLD,"2,2,4-Trimethylpentane",1995-09-24T00:00,0.451,µg/m³,VOC,GC-MS
60403,EVANS & ARNOLD,"2,2,4-Trimethylpentane",1995-09-30T00:00,2.444,µg/m³,VOC,GC-MS
60403,EVANS & ARNOLD,"2,2,4-Trimethylpentane",1995-10-06T00:00,0.732,µg/m³,VOC,GC-MS
60403,EVANS & ARNOLD,"2,2,4-Trimethylpentane",1995-10-12T00:00,1.212,µg/m³,VOC,GC-MS
60403,EVANS & ARNOLD,"2,2,4-Trimethylpentane",1995-10-18T00:00,0.671,µg/m³,VOC,GC-MS
60403,EVANS & ARNOLD,"2,2,4-Trimethylpentane",1995-10-24T00:00,0.849,µg/m³,VOC,GC-MS
60403,EVANS & ARNOLD,"2,2,4-Trimethylpentane",1995-11-11T00:00,0.331,µg/m³,VOC,GC-MS
60403,EVANS & ARNOLD,"2,2,4-Trimethylpentane",1995-11-17T00:00,1.148,µg/m³,VOC,GC-MS
60403,EVANS & ARNOLD,"2,2,4-Trimethylpentane",1995-11-23T00:00,0.412,µg/m³,VOC,GC-MS
60403,EVANS & ARNOLD,"2,2,4-Trimethylpentane",1995-11-29T00:00,1.161,µg/m³,VOC,GC-MS
60403,EVANS & ARNOLD,"2,2,4-Trimethylpentane",1995-12-05T00:00,0.554,µg/m³,VOC,GC-MS
60403,EVANS & ARNOLD,"2,2,4-Trimethylpentane",1995-12-11T00:00,0.804,µg/m³,VOC,GC-MS
60403,EVANS & ARNOLD,"2,2,4-Trimethylpentane",1995-12-17T00:00,0.499,µg/m³,VOC,GC-MS
60403,EVANS & ARNOLD,"2,2,4-Trimethylpentane",1995-12-23T00:00,0.558,µg/m³,VOC,GC-MS
60403,EVANS & ARNOLD,"2,2,4-Trimethylpentane",1995-12-29T00:00,0.532,µg/m³,VOC,GC-MS
