﻿NAPS_Site_ID,Station_Name,Pollutant,Date,Value,Units,Report_Type,Method
60211,WINDSOR WEST,OC3,2008-01-01T00:00,0.466,µg/m³,CARB,N/A
60211,WINDSOR WEST,OC3,2008-01-01T00:00,0.730,µg/m³,CARB,N/A
60211,WINDSOR WEST,OC3,2008-01-19T00:00,0.356,µg/m³,CARB,N/A
60211,WINDSOR WEST,OC3,2008-01-19T00:00,0.469,µg/m³,CARB,N/A
60211,WINDSOR WEST,OC3,2008-01-22T00:00,0.326,µg/m³,CARB,N/A
60211,WINDSOR WEST,OC3,2008-01-22T00:00,0.770,µg/m³,CARB,N/A
60211,WINDSOR WEST,OC3,2008-01-25T00:00,0.522,µg/m³,CARB,N/A
60211,WINDSOR WEST,OC3,2008-01-25T00:00,0.941,µg/m³,CARB,N/A
60211,WINDSOR WEST,OC3,2008-01-28T00:00,0.394,µg/m³,CARB,N/A
60211,WINDSOR WEST,OC3,2008-01-28T00:00,1.052,µg/m³,CARB,N/A
60211,WINDSOR WEST,OC3,2008-01-31T00:00,0.328,µg/m³,CARB,N/A
60211,WINDSOR WEST,OC3,2008-01-31T00:00,0.839,µg/m³,CARB,N/A
60211,WINDSOR WEST,OC3,2008-02-03T00:00,0.313,µg/m³,CARB,N/A
60211,WINDSOR WEST,OC3,2008-02-03T00:00,0.659,µg/m³,CARB,N/A
60211,WINDSOR WEST,OC3,2008-02-12T00:00,0.494,µg/m³,CARB,N/A
60211,WINDSOR WEST,OC3,2008-02-12T00:00,0.858,µg/m³,CARB,N/A
60211,WINDSOR WEST,OC3,2008-02-15T00:00,0.489,µg/m³,CARB,N/A
60211,WINDSOR WEST,OC3,2008-02-15T00:00,0.682,µg/m³,CARB,N/A
60211,WINDSOR WEST,OC3,2008-02-21T00:00,0.721,µg/m³,CARB,N/A
60211,WINDSOR WEST,OC3,2008-02-21T00:00,0.755,µg/m³,CARB,N/A
60211,WINDSOR WEST,OC3,2008-02-24T00:00,0.691,µg/m³,CARB,N/A
60211,WINDSOR WEST,OC3,2008-02-24T00:00,1.558,µg/m³,CARB,N/A
60211,WINDSOR WEST,OC3,2008-02-27T00:00,0.458,µg/m³,CARB,N/A
60211,WINDSOR WEST,OC3,2008-02-27T00:00,0.921,µg/m³,CARB,N/A
60211,WINDSOR WEST,OC3,2008-03-01T00:00,0.672,µg/m³,CARB,N/A
60211,WINDSOR WEST,OC3,2008-03-01T00:00,0.958,µg/m³,CARB,N/A
60211,WINDSOR WEST,OC3,2008-03-04T00:00,0.548,µg/m³,CARB,N/A
60211,WINDSOR WEST,OC3,2008-03-04T00:00,0.673,µg/m³,CARB,N/A
60211,WINDSOR WEST,OC3,2008-08-25T00:00,0.602,µg/m³,CARB,N/A
60211,WINDSOR WEST,OC3,2008-08-25T00:00,0.962,µg/m³,CARB,N/A
60211,WINDSOR WEST,OC3,2008-08-28T00:00,0.607,µg/m³,CARB,N/A
60211,WINDSOR WEST,OC3,2008-08-28T00:00,0.718,µg/m³,CARB,N/A
60211,WINDSOR WEST,OC3,2008-08-31T00:00,0.850,µg/m³,CARB,N/A
60211,WINDSOR WEST,OC3,2008-08-31T00:00,1.616,µg/m³,CARB,N/A
60211,WINDSOR WEST,OC3,2008-09-03T00:00,0.973,µg/m³,CARB,N/A
60211,WINDSOR WEST,OC3,2008-09-03T00:00,1.293,µg/m³,CARB,N/A
60211,WINDSOR WEST,OC3,2008-09-12T00:00,0.870,µg/m³,CARB,N/A
60211,WINDSOR WEST,OC3,2008-09-12T00:00,1.306,µg/m³,CARB,N/A
60211,WINDSOR WEST,OC3,2008-09-15T00:00,0.643,µg/m³,CARB,N/A
60211,WINDSOR WEST,OC3,2008-09-15T00:00,0.848,µg/m³,CARB,N/A
60211,WINDSOR WEST,OC3,2008-09-21T00:00,0.657,µg/m³,CARB,N/A
60211,WINDSOR WEST,OC3,2008-09-21T00:00,1.243,µg/m³,CARB,N/A
60211,WINDSOR WEST,OC3,2008-09-24T00:00,0.569,µg/m³,CARB,N/A
60211,WINDSOR WEST,OC3,2008-09-24T00:00,0.643,µg/m³,CARB,N/A
60211,WINDSOR WEST,OC3,2008-09-27T00:00,0.538,µg/m³,CARB,N/A
60211,WINDSOR WEST,OC3,2008-09-27T00:00,0.826,µg/m³,CARB,N/A
60211,WINDSOR WEST,OC3,2008-09-30T00:00,0.563,µg/m³,CARB,N/A
60211,WINDSOR WEST,OC3,2008-09-30T00:00,0.861,µg/m³,CARB,N/A
60211,WINDSOR WEST,OC3,2008-10-12T00:00,0.813,µg/m³,CARB,N/A
60211,WINDSOR WEST,OC3,2008-10-12T00:00,1.439,µg/m³,CARB,N/A
60211,WINDSOR WEST,OC3,2008-10-15T00:00,0.868,µg/m³,CARB,N/A
60211,WINDSOR WEST,OC3,2008-10-15T00:00,1.654,µg/m³,CARB,N/A
60211,WINDSOR WEST,OC3,2008-10-18T00:00,0.436,µg/m³,CARB,N/A
60211,WINDSOR WEST,OC3,2008-10-18T00:00,1.098,µg/m³,CARB,N/A
60211,WINDSOR WEST,OC3,2008-10-21T00:00,0.455,µg/m³,CARB,N/A
60211,WINDSOR WEST,OC3,2008-10-21T00:00,1.108,µg/m³,CARB,N/A
