﻿NAPS_Site_ID,Station_Name,Pollutant,Date,Value,Units,Report_Type,Method
100134,VANCOUVER INTL. AIRPORT,trans-2-Hexene,2010-01-08T00:00,0.035,µg/m³,VOC,N/A
100134,VANCOUVER INTL. AIRPORT,trans-2-Hexene,2010-01-20T00:00,0.046,µg/m³,VOC,N/A
100134,VANCOUVER INTL. AIRPORT,trans-2-Hexene,2010-02-13T00:00,0.010,µg/m³,VOC,N/A
100134,VANCOUVER INTL. AIRPORT,trans-2-Hexene,2010-02-25T00:00,0.012,µg/m³,VOC,N/A
100134,VANCOUVER INTL. AIRPORT,trans-2-Hexene,2010-03-09T00:00,0.014,µg/m³,VOC,N/A
100134,VANCOUVER INTL. AIRPORT,trans-2-Hexene,2010-03-21T00:00,0.004,µg/m³,VOC,N/A
100134,VANCOUVER INTL. AIRPORT,trans-2-Hexene,2010-04-02T00:00,0.000,µg/m³,VOC,N/A
100134,VANCOUVER INTL. AIRPORT,trans-2-Hexene,2010-04-14T00:00,0.007,µg/m³,VOC,N/A
100134,VANCOUVER INTL. AIRPORT,trans-2-Hexene,2010-04-26T00:00,0.010,µg/m³,VOC,N/A
100134,VANCOUVER INTL. AIRPORT,trans-2-Hexene,2010-05-08T00:00,0.014,µg/m³,VOC,N/A
100134,VANCOUVER INTL. AIRPORT,trans-2-Hexene,2010-05-20T00:00,0.000,µg/m³,VOC,N/A
100134,VANCOUVER INTL. AIRPORT,trans-2-Hexene,2010-06-01T00:00,0.004,µg/m³,VOC,N/A
100134,VANCOUVER INTL. AIRPORT,trans-2-Hexene,2010-06-13T00:00,0.004,µg/m³,VOC,N/A
100134,VANCOUVER INTL. AIRPORT,trans-2-Hexene,2010-06-25T00:00,0.005,µg/m³,VOC,N/A
100134,VANCOUVER INTL. AIRPORT,trans-2-Hexene,2010-07-07T00:00,0.021,µg/m³,VOC,N/A
100134,VANCOUVER INTL. AIRPORT,trans-2-Hexene,2010-07-19T00:00,0.005,µg/m³,VOC,N/A
100134,VANCOUVER INTL. AIRPORT,trans-2-Hexene,2010-07-31T00:00,0.012,µg/m³,VOC,N/A
100134,VANCOUVER INTL. AIRPORT,trans-2-Hexene,2010-08-12T00:00,0.000,µg/m³,VOC,N/A
100134,VANCOUVER INTL. AIRPORT,trans-2-Hexene,2010-08-24T00:00,0.000,µg/m³,VOC,N/A
100134,VANCOUVER INTL. AIRPORT,trans-2-Hexene,2010-09-05T00:00,0.000,µg/m³,VOC,N/A
100134,VANCOUVER INTL. AIRPORT,trans-2-Hexene,2010-09-17T00:00,0.010,µg/m³,VOC,N/A
100134,VANCOUVER INTL. AIRPORT,trans-2-Hexene,2010-09-29T00:00,0.025,µg/m³,VOC,N/A
100134,VANCOUVER INTL. AIRPORT,trans-2-Hexene,2010-10-11T00:00,0.026,µg/m³,VOC,N/A
100134,VANCOUVER INTL. AIRPORT,trans-2-Hexene,2010-10-23T00:00,0.013,µg/m³,VOC,N/A
100134,VANCOUVER INTL. AIRPORT,trans-2-Hexene,2010-11-04T00:00,0.097,µg/m³,VOC,N/A
