﻿NAPS_Site_ID,Station_Name,Pollutant,Date,Value,Units,Report_Type,Method
90132,EDMONTON MCINTYRE,Thallium,2019-01-03T00:00,0.000,µg/m³,PM2.5,ICPMS
90132,EDMONTON MCINTYRE,Thallium,2019-01-03T00:00,0.000,µg/m³,PM2.5,ICPMS
90132,EDMONTON MCINTYRE,Thallium,2019-01-06T00:00,0.000,µg/m³,PM2.5,ICPMS
90132,EDMONTON MCINTYRE,Thallium,2019-01-06T00:00,0.000,µg/m³,PM2.5,ICPMS
90132,EDMONTON MCINTYRE,Thallium,2019-01-09T00:00,0.000,µg/m³,PM2.5,ICPMS
90132,EDMONTON MCINTYRE,Thallium,2019-01-09T00:00,0.000,µg/m³,PM2.5,ICPMS
90132,EDMONTON MCINTYRE,Thallium,2019-01-15T00:00,0.000,µg/m³,PM2.5,ICPMS
90132,EDMONTON MCINTYRE,Thallium,2019-01-15T00:00,0.000,µg/m³,PM2.5,ICPMS
90132,EDMONTON MCINTYRE,Thallium,2019-01-18T00:00,0.000,µg/m³,PM2.5,ICPMS
90132,EDMONTON MCINTYRE,Thallium,2019-01-18T00:00,0.000,µg/m³,PM2.5,ICPMS
90132,EDMONTON MCINTYRE,Thallium,2019-01-21T00:00,0.000,µg/m³,PM2.5,ICPMS
90132,EDMONTON MCINTYRE,Thallium,2019-01-21T00:00,0.000,µg/m³,PM2.5,ICPMS
90132,EDMONTON MCINTYRE,Thallium,2019-01-24T00:00,0.000,µg/m³,PM2.5,ICPMS
90132,EDMONTON MCINTYRE,Thallium,2019-01-24T00:00,0.000,µg/m³,PM2.5,ICPMS
90132,EDMONTON MCINTYRE,Thallium,2019-01-27T00:00,0.000,µg/m³,PM2.5,ICPMS
90132,EDMONTON MCINTYRE,Thallium,2019-01-30T00:00,0.000,µg/m³,PM2.5,ICPMS
90132,EDMONTON MCINTYRE,Thallium,2019-01-30T00:00,0.000,µg/m³,PM2.5,ICPMS
90132,EDMONTON MCINTYRE,Thallium,2019-02-02T00:00,0.000,µg/m³,PM2.5,ICPMS
90132,EDMONTON MCINTYRE,Thallium,2019-02-02T00:00,0.000,µg/m³,PM2.5,ICPMS
90132,EDMONTON MCINTYRE,Thallium,2019-02-05T00:00,0.000,µg/m³,PM2.5,ICPMS
90132,EDMONTON MCINTYRE,Thallium,2019-02-08T00:00,0.000,µg/m³,PM2.5,ICPMS
90132,EDMONTON MCINTYRE,Thallium,2019-02-11T00:00,0.000,µg/m³,PM2.5,ICPMS
90132,EDMONTON MCINTYRE,Thallium,2019-02-14T00:00,0.000,µg/m³,PM2.5,ICPMS
90132,EDMONTON MCINTYRE,Thallium,2019-02-17T00:00,0.000,µg/m³,PM2.5,ICPMS
90132,EDMONTON MCINTYRE,Thallium,2019-02-17T00:00,0.000,µg/m³,PM2.5,ICPMS
90132,EDMONTON MCINTYRE,Thallium,2019-02-20T00:00,0.000,µg/m³,PM2.5,ICPMS
90132,EDMONTON MCINTYRE,Thallium,2019-02-23T00:00,0.000,µg/m³,PM2.5,ICPMS
90132,EDMONTON MCINTYRE,Thallium,2019-02-23T00:00,0.000,µg/m³,PM2.5,ICPMS
90132,EDMONTON MCINTYRE,Thallium,2019-03-04T00:00,0.000,µg/m³,PM2.5,ICPMS
90132,EDMONTON MCINTYRE,Thallium,2019-03-07T00:00,0.000,µg/m³,PM2.5,ICPMS
90132,EDMONTON MCINTYRE,Thallium,2019-03-07T00:00,0.000,µg/m³,PM2.5,ICPMS
90132,EDMONTON MCINTYRE,Thallium,2019-03-10T00:00,0.000,µg/m³,PM2.5,ICPMS
90132,EDMONTON MCINTYRE,Thallium,2019-03-10T00:00,0.000,µg/m³,PM2.5,ICPMS
90132,EDMONTON MCINTYRE,Thallium,2019-03-13T00:00,0.000,µg/m³,PM2.5,ICPMS
90132,EDMONTON MCINTYRE,Thallium,2019-03-13T00:00,0.000,µg/m³,PM2.5,ICPMS
90132,EDMONTON MCINTYRE,Thallium,2019-03-16T00:00,0.000,µg/m³,PM2.5,ICPMS
90132,EDMONTON MCINTYRE,Thallium,2019-03-16T00:00,0.000,µg/m³,PM2.5,ICPMS
90132,EDMONTON MCINTYRE,Thallium,2019-03-19T00:00,0.000,µg/m³,PM2.5,ICPMS
90132,EDMONTON MCINTYRE,Thallium,2019-03-19T00:00,0.000,µg/m³,PM2.5,ICPMS
90132,EDMONTON MCINTYRE,Thallium,2019-03-22T00:00,0.000,µg/m³,PM2.5,ICPMS
90132,EDMONTON MCINTYRE,Thallium,2019-03-25T00:00,0.000,µg/m³,PM2.5,ICPMS
90132,EDMONTON MCINTYRE,Thallium,2019-03-28T00:00,0.000,µg/m³,PM2.5,ICPMS
90132,EDMONTON MCINTYRE,Thallium,2019-03-31T00:00,0.000,µg/m³,PM2.5,ICPMS
90132,EDMONTON MCINTYRE,Thallium,2019-04-03T00:00,0.000,µg/m³,PM2.5,ICPMS
90132,EDMONTON MCINTYRE,Thallium,2019-04-06T00:00,0.000,µg/m³,PM2.5,ICPMS
90132,EDMONTON MCINTYRE,Thallium,2019-04-09T00:00,0.000,µg/m³,PM2.5,ICPMS
90132,EDMONTON MCINTYRE,Thallium,2019-04-09T00:00,0.000,µg/m³,PM2.5,ICPMS
90132,EDMONTON MCINTYRE,Thallium,2019-04-12T00:00,0.000,µg/m³,PM2.5,ICPMS
90132,EDMONTON MCINTYRE,Thallium,2019-04-12T00:00,0.000,µg/m³,PM2.5,ICPMS
90132,EDMONTON MCINTYRE,Thallium,2019-04-15T00:00,0.000,µg/m³,PM2.5,ICPMS
90132,EDMONTON MCINTYRE,Thallium,2019-04-15T00:00,0.000,µg/m³,PM2.5,ICPMS
90132,EDMONTON MCINTYRE,Thallium,2019-04-18T00:00,0.000,µg/m³,PM2.5,ICPMS
90132,EDMONTON MCINTYRE,Thallium,2019-04-18T00:00,0.000,µg/m³,PM2.5,ICPMS
90132,EDMONTON MCINTYRE,Thallium,2019-04-21T00:00,0.000,µg/m³,PM2.5,ICPMS
90132,EDMONTON MCINTYRE,Thallium,2019-04-24T00:00,0.000,µg/m³,PM2.5,ICPMS
90132,EDMONTON MCINTYRE,Thallium,2019-04-24T00:00,0.000,µg/m³,PM2.5,ICPMS
90132,EDMONTON MCINTYRE,Thallium,2019-04-27T00:00,0.000,µg/m³,PM2.5,ICPMS
90132,EDMONTON MCINTYRE,Thallium,2019-04-27T00:00,0.000,µg/m³,PM2.5,ICPMS
90132,EDMONTON MCINTYRE,Thallium,2019-04-30T00:00,0.000,µg/m³,PM2.5,ICPMS
90132,EDMONTON MCINTYRE,Thallium,2019-05-03T00:00,0.000,µg/m³,PM2.5,ICPMS
90132,EDMONTON MCINTYRE,Thallium,2019-05-03T00:00,0.000,µg/m³,PM2.5,ICPMS
90132,EDMONTON MCINTYRE,Thallium,2019-05-06T00:00,0.000,µg/m³,PM2.5,ICPMS
90132,EDMONTON MCINTYRE,Thallium,2019-05-09T00:00,0.000,µg/m³,PM2.5,ICPMS
90132,EDMONTON MCINTYRE,Thallium,2019-05-12T00:00,0.000,µg/m³,PM2.5,ICPMS
90132,EDMONTON MCINTYRE,Thallium,2019-05-12T00:00,0.000,µg/m³,PM2.5,ICPMS
90132,EDMONTON MCINTYRE,Thallium,2019-05-15T00:00,0.000,µg/m³,PM2.5,ICPMS
90132,EDMONTON MCINTYRE,Thallium,2019-05-15T00:00,0.000,µg/m³,PM2.5,ICPMS
90132,EDMONTON MCINTYRE,Thallium,2019-05-18T00:00,0.000,µg/m³,PM2.5,ICPMS
90132,EDMONTON MCINTYRE,Thallium,2019-05-21T00:00,0.000,µg/m³,PM2.5,ICPMS
90132,EDMONTON MCINTYRE,Thallium,2019-05-24T00:00,0.000,µg/m³,PM2.5,ICPMS
90132,EDMONTON MCINTYRE,Thallium,2019-06-08T00:00,0.000,µg/m³,PM2.5,ICPMS
90132,EDMONTON MCINTYRE,Thallium,2019-06-11T00:00,0.000,µg/m³,PM2.5,ICPMS
90132,EDMONTON MCINTYRE,Thallium,2019-06-14T00:00,0.000,µg/m³,PM2.5,ICPMS
90132,EDMONTON MCINTYRE,Thallium,2019-06-17T00:00,0.000,µg/m³,PM2.5,ICPMS
90132,EDMONTON MCINTYRE,Thallium,2019-06-20T00:00,0.000,µg/m³,PM2.5,ICPMS
90132,EDMONTON MCINTYRE,Thallium,2019-06-23T00:00,0.000,µg/m³,PM2.5,ICPMS
90132,EDMONTON MCINTYRE,Thallium,2019-06-26T00:00,0.000,µg/m³,PM2.5,ICPMS
90132,EDMONTON MCINTYRE,Thallium,2019-06-29T00:00,0.000,µg/m³,PM2.5,ICPMS
90132,EDMONTON MCINTYRE,Thallium,2019-07-02T00:00,0.000,µg/m³,PM2.5,ICPMS
90132,EDMONTON MCINTYRE,Thallium,2019-07-05T00:00,0.000,µg/m³,PM2.5,ICPMS
90132,EDMONTON MCINTYRE,Thallium,2019-07-08T00:00,0.000,µg/m³,PM2.5,ICPMS
90132,EDMONTON MCINTYRE,Thallium,2019-07-11T00:00,0.000,µg/m³,PM2.5,ICPMS
90132,EDMONTON MCINTYRE,Thallium,2019-07-14T00:00,0.000,µg/m³,PM2.5,ICPMS
90132,EDMONTON MCINTYRE,Thallium,2019-07-17T00:00,0.000,µg/m³,PM2.5,ICPMS
90132,EDMONTON MCINTYRE,Thallium,2019-07-20T00:00,0.000,µg/m³,PM2.5,ICPMS
90132,EDMONTON MCINTYRE,Thallium,2019-07-23T00:00,0.000,µg/m³,PM2.5,ICPMS
90132,EDMONTON MCINTYRE,Thallium,2019-07-26T00:00,0.000,µg/m³,PM2.5,ICPMS
90132,EDMONTON MCINTYRE,Thallium,2019-07-29T00:00,0.000,µg/m³,PM2.5,ICPMS
90132,EDMONTON MCINTYRE,Thallium,2019-08-04T00:00,0.000,µg/m³,PM2.5,ICPMS
90132,EDMONTON MCINTYRE,Thallium,2019-08-07T00:00,0.000,µg/m³,PM2.5,ICPMS
90132,EDMONTON MCINTYRE,Thallium,2019-08-10T00:00,0.000,µg/m³,PM2.5,ICPMS
90132,EDMONTON MCINTYRE,Thallium,2019-08-13T00:00,0.000,µg/m³,PM2.5,ICPMS
90132,EDMONTON MCINTYRE,Thallium,2019-08-16T00:00,0.000,µg/m³,PM2.5,ICPMS
90132,EDMONTON MCINTYRE,Thallium,2019-08-19T00:00,0.000,µg/m³,PM2.5,ICPMS
90132,EDMONTON MCINTYRE,Thallium,2019-08-25T00:00,0.000,µg/m³,PM2.5,ICPMS
90132,EDMONTON MCINTYRE,Thallium,2019-08-28T00:00,0.000,µg/m³,PM2.5,ICPMS
90132,EDMONTON MCINTYRE,Thallium,2019-08-31T00:00,0.000,µg/m³,PM2.5,ICPMS
90132,EDMONTON MCINTYRE,Thallium,2019-09-12T00:00,0.000,µg/m³,PM2.5,ICPMS
90132,EDMONTON MCINTYRE,Thallium,2019-09-15T00:00,0.000,µg/m³,PM2.5,ICPMS
90132,EDMONTON MCINTYRE,Thallium,2019-09-18T00:00,0.000,µg/m³,PM2.5,ICPMS
90132,EDMONTON MCINTYRE,Thallium,2019-09-21T00:00,0.000,µg/m³,PM2.5,ICPMS
90132,EDMONTON MCINTYRE,Thallium,2019-09-24T00:00,0.000,µg/m³,PM2.5,ICPMS
90132,EDMONTON MCINTYRE,Thallium,2019-09-27T00:00,0.000,µg/m³,PM2.5,ICPMS
90132,EDMONTON MCINTYRE,Thallium,2019-09-30T00:00,0.000,µg/m³,PM2.5,ICPMS
90132,EDMONTON MCINTYRE,Thallium,2019-10-03T00:00,0.000,µg/m³,PM2.5,ICPMS
90132,EDMONTON MCINTYRE,Thallium,2019-10-06T00:00,0.000,µg/m³,PM2.5,ICPMS
90132,EDMONTON MCINTYRE,Thallium,2019-10-09T00:00,0.000,µg/m³,PM2.5,ICPMS
90132,EDMONTON MCINTYRE,Thallium,2019-10-12T00:00,0.000,µg/m³,PM2.5,ICPMS
90132,EDMONTON MCINTYRE,Thallium,2019-10-15T00:00,0.000,µg/m³,PM2.5,ICPMS
90132,EDMONTON MCINTYRE,Thallium,2019-10-18T00:00,0.000,µg/m³,PM2.5,ICPMS
90132,EDMONTON MCINTYRE,Thallium,2019-10-21T00:00,0.000,µg/m³,PM2.5,ICPMS
90132,EDMONTON MCINTYRE,Thallium,2019-10-24T00:00,0.000,µg/m³,PM2.5,ICPMS
90132,EDMONTON MCINTYRE,Thallium,2019-11-20T00:00,0.000,µg/m³,PM2.5,ICPMS
90132,EDMONTON MCINTYRE,Thallium,2019-11-23T00:00,0.000,µg/m³,PM2.5,ICPMS
90132,EDMONTON MCINTYRE,Thallium,2019-11-26T00:00,0.000,µg/m³,PM2.5,ICPMS
90132,EDMONTON MCINTYRE,Thallium,2019-11-29T00:00,0.000,µg/m³,PM2.5,ICPMS
90132,EDMONTON MCINTYRE,Thallium,2019-12-02T00:00,0.000,µg/m³,PM2.5,ICPMS
90132,EDMONTON MCINTYRE,Thallium,2019-12-05T00:00,0.000,µg/m³,PM2.5,ICPMS
90132,EDMONTON MCINTYRE,Thallium,2019-12-08T00:00,0.000,µg/m³,PM2.5,ICPMS
90132,EDMONTON MCINTYRE,Thallium,2019-12-11T00:00,0.000,µg/m³,PM2.5,ICPMS
