﻿NAPS_Site_ID,Station_Name,Pollutant,Date,Value,Units,Report_Type,Method
60211,WINDSOR WEST,trans-2-Pentene,2003-01-03T00:00,0.167,µg/m³,VOC,GC-MS
60211,WINDSOR WEST,trans-2-Pentene,2003-01-09T00:00,0.160,µg/m³,VOC,GC-MS
60211,WINDSOR WEST,trans-2-Pentene,2003-01-15T00:00,0.094,µg/m³,VOC,GC-MS
60211,WINDSOR WEST,trans-2-Pentene,2003-01-21T00:00,0.076,µg/m³,VOC,GC-MS
60211,WINDSOR WEST,trans-2-Pentene,2003-01-27T00:00,0.071,µg/m³,VOC,GC-MS
60211,WINDSOR WEST,trans-2-Pentene,2003-02-02T00:00,0.056,µg/m³,VOC,GC-MS
60211,WINDSOR WEST,trans-2-Pentene,2003-02-08T00:00,0.020,µg/m³,VOC,GC-MS
60211,WINDSOR WEST,trans-2-Pentene,2003-02-14T00:00,0.126,µg/m³,VOC,GC-MS
60211,WINDSOR WEST,trans-2-Pentene,2003-02-20T00:00,0.072,µg/m³,VOC,GC-MS
60211,WINDSOR WEST,trans-2-Pentene,2003-02-26T00:00,0.192,µg/m³,VOC,GC-MS
60211,WINDSOR WEST,trans-2-Pentene,2003-03-04T00:00,0.082,µg/m³,VOC,GC-MS
60211,WINDSOR WEST,trans-2-Pentene,2003-03-10T00:00,0.048,µg/m³,VOC,GC-MS
60211,WINDSOR WEST,trans-2-Pentene,2003-03-16T00:00,0.104,µg/m³,VOC,GC-MS
60211,WINDSOR WEST,trans-2-Pentene,2003-03-22T00:00,0.058,µg/m³,VOC,GC-MS
60211,WINDSOR WEST,trans-2-Pentene,2003-03-28T00:00,0.097,µg/m³,VOC,GC-MS
60211,WINDSOR WEST,trans-2-Pentene,2003-04-15T00:00,0.083,µg/m³,VOC,GC-MS
60211,WINDSOR WEST,trans-2-Pentene,2003-04-21T00:00,0.070,µg/m³,VOC,GC-MS
60211,WINDSOR WEST,trans-2-Pentene,2003-06-02T00:00,0.141,µg/m³,VOC,GC-MS
60211,WINDSOR WEST,trans-2-Pentene,2003-06-14T00:00,0.257,µg/m³,VOC,GC-MS
60211,WINDSOR WEST,trans-2-Pentene,2003-06-20T00:00,0.081,µg/m³,VOC,GC-MS
60211,WINDSOR WEST,trans-2-Pentene,2003-07-02T00:00,0.137,µg/m³,VOC,GC-MS
60211,WINDSOR WEST,trans-2-Pentene,2003-07-08T00:00,0.437,µg/m³,VOC,GC-MS
60211,WINDSOR WEST,trans-2-Pentene,2003-08-19T00:00,0.518,µg/m³,VOC,GC-MS
60211,WINDSOR WEST,trans-2-Pentene,2003-09-30T00:00,0.141,µg/m³,VOC,GC-MS
60211,WINDSOR WEST,trans-2-Pentene,2003-10-06T00:00,0.762,µg/m³,VOC,GC-MS
60211,WINDSOR WEST,trans-2-Pentene,2003-10-30T00:00,0.046,µg/m³,VOC,GC-MS
60211,WINDSOR WEST,trans-2-Pentene,2003-11-05T00:00,0.119,µg/m³,VOC,GC-MS
60211,WINDSOR WEST,trans-2-Pentene,2003-11-11T00:00,0.106,µg/m³,VOC,GC-MS
60211,WINDSOR WEST,trans-2-Pentene,2003-11-17T00:00,0.167,µg/m³,VOC,GC-MS
60211,WINDSOR WEST,trans-2-Pentene,2003-11-23T00:00,0.016,µg/m³,VOC,GC-MS
60211,WINDSOR WEST,trans-2-Pentene,2003-11-29T00:00,0.030,µg/m³,VOC,GC-MS
60211,WINDSOR WEST,trans-2-Pentene,2003-12-05T00:00,0.031,µg/m³,VOC,GC-MS
60211,WINDSOR WEST,trans-2-Pentene,2003-12-11T00:00,0.049,µg/m³,VOC,GC-MS
60211,WINDSOR WEST,trans-2-Pentene,2003-12-17T00:00,0.060,µg/m³,VOC,GC-MS
60211,WINDSOR WEST,trans-2-Pentene,2003-12-23T00:00,0.281,µg/m³,VOC,GC-MS
60211,WINDSOR WEST,trans-2-Pentene,2003-12-29T00:00,0.051,µg/m³,VOC,GC-MS
