﻿NAPS_Site_ID,Station_Name,Pollutant,Date,Value,Units,Report_Type,Method
50104,ONTARIO,Dodecane,1992-01-07T00:00,0.201,µg/m³,VOC,
50104,ONTARIO,Dodecane,1992-01-13T00:00,0.376,µg/m³,VOC,
50104,ONTARIO,Dodecane,1992-01-19T00:00,0.071,µg/m³,VOC,
50104,ONTARIO,Dodecane,1992-01-25T00:00,0.000,µg/m³,VOC,
50104,ONTARIO,Dodecane,1992-01-31T00:00,0.290,µg/m³,VOC,
50104,ONTARIO,Dodecane,1992-02-06T00:00,0.219,µg/m³,VOC,
50104,ONTARIO,Dodecane,1992-02-12T00:00,0.000,µg/m³,VOC,
50104,ONTARIO,Dodecane,1992-02-18T00:00,0.740,µg/m³,VOC,
50104,ONTARIO,Dodecane,1992-02-24T00:00,0.000,µg/m³,VOC,
50104,ONTARIO,Dodecane,1992-03-01T00:00,0.000,µg/m³,VOC,
50104,ONTARIO,Dodecane,1992-03-07T00:00,0.488,µg/m³,VOC,
50104,ONTARIO,Dodecane,1992-03-13T00:00,0.134,µg/m³,VOC,
50104,ONTARIO,Dodecane,1992-03-19T00:00,0.719,µg/m³,VOC,
50104,ONTARIO,Dodecane,1992-03-25T00:00,0.412,µg/m³,VOC,
50104,ONTARIO,Dodecane,1992-03-31T00:00,0.981,µg/m³,VOC,
50104,ONTARIO,Dodecane,1992-04-06T00:00,0.923,µg/m³,VOC,
50104,ONTARIO,Dodecane,1992-04-12T00:00,0.762,µg/m³,VOC,
50104,ONTARIO,Dodecane,1992-04-18T00:00,0.909,µg/m³,VOC,
50104,ONTARIO,Dodecane,1992-04-24T00:00,3.274,µg/m³,VOC,
50104,ONTARIO,Dodecane,1992-04-30T00:00,2.458,µg/m³,VOC,
50104,ONTARIO,Dodecane,1992-05-06T00:00,0.243,µg/m³,VOC,
50104,ONTARIO,Dodecane,1992-05-12T00:00,0.308,µg/m³,VOC,
50104,ONTARIO,Dodecane,1992-05-18T00:00,0.204,µg/m³,VOC,
50104,ONTARIO,Dodecane,1992-05-24T00:00,0.052,µg/m³,VOC,
50104,ONTARIO,Dodecane,1992-05-30T00:00,0.461,µg/m³,VOC,
50104,ONTARIO,Dodecane,1992-06-05T00:00,0.272,µg/m³,VOC,
50104,ONTARIO,Dodecane,1992-06-11T00:00,0.298,µg/m³,VOC,
50104,ONTARIO,Dodecane,1992-06-17T00:00,0.174,µg/m³,VOC,
50104,ONTARIO,Dodecane,1992-06-29T00:00,0.103,µg/m³,VOC,
50104,ONTARIO,Dodecane,1992-07-05T00:00,0.000,µg/m³,VOC,
50104,ONTARIO,Dodecane,1992-07-11T00:00,0.291,µg/m³,VOC,
50104,ONTARIO,Dodecane,1992-07-17T00:00,0.468,µg/m³,VOC,
50104,ONTARIO,Dodecane,1992-07-23T00:00,0.100,µg/m³,VOC,
50104,ONTARIO,Dodecane,1992-07-29T00:00,0.120,µg/m³,VOC,
50104,ONTARIO,Dodecane,1992-08-04T00:00,0.133,µg/m³,VOC,
50104,ONTARIO,Dodecane,1992-08-10T00:00,0.179,µg/m³,VOC,
50104,ONTARIO,Dodecane,1992-08-16T00:00,0.163,µg/m³,VOC,
50104,ONTARIO,Dodecane,1992-08-22T00:00,0.309,µg/m³,VOC,
50104,ONTARIO,Dodecane,1992-09-03T00:00,0.152,µg/m³,VOC,
50104,ONTARIO,Dodecane,1992-09-09T00:00,0.000,µg/m³,VOC,
50104,ONTARIO,Dodecane,1992-09-15T00:00,0.312,µg/m³,VOC,
50104,ONTARIO,Dodecane,1992-09-21T00:00,0.000,µg/m³,VOC,
50104,ONTARIO,Dodecane,1992-09-27T00:00,0.000,µg/m³,VOC,
50104,ONTARIO,Dodecane,1992-10-03T00:00,0.000,µg/m³,VOC,
50104,ONTARIO,Dodecane,1992-10-09T00:00,0.089,µg/m³,VOC,
50104,ONTARIO,Dodecane,1992-10-15T00:00,0.189,µg/m³,VOC,
50104,ONTARIO,Dodecane,1992-10-21T00:00,0.095,µg/m³,VOC,
50104,ONTARIO,Dodecane,1992-10-27T00:00,0.000,µg/m³,VOC,
50104,ONTARIO,Dodecane,1992-11-02T00:00,0.079,µg/m³,VOC,
50104,ONTARIO,Dodecane,1992-11-08T00:00,0.000,µg/m³,VOC,
50104,ONTARIO,Dodecane,1992-11-14T00:00,0.000,µg/m³,VOC,
50104,ONTARIO,Dodecane,1992-11-20T00:00,0.616,µg/m³,VOC,
50104,ONTARIO,Dodecane,1992-11-26T00:00,0.173,µg/m³,VOC,
50104,ONTARIO,Dodecane,1992-12-02T00:00,0.000,µg/m³,VOC,
50104,ONTARIO,Dodecane,1992-12-08T00:00,0.000,µg/m³,VOC,
50104,ONTARIO,Dodecane,1992-12-14T00:00,0.000,µg/m³,VOC,
50104,ONTARIO,Dodecane,1992-12-20T00:00,0.000,µg/m³,VOC,
50104,ONTARIO,Dodecane,1992-12-26T00:00,0.000,µg/m³,VOC,
