﻿NAPS_Site_ID,Station_Name,Pollutant,Date,Value,Units,Report_Type,Method
60512,BEASLEY PARK _HAMILTON_DOWNTOWN_,Carbontetrachloride,2005-01-04T00:00,0.585,µg/m³,VOC,N/A
60512,BEASLEY PARK _HAMILTON_DOWNTOWN_,Carbontetrachloride,2005-01-22T00:00,0.597,µg/m³,VOC,N/A
60512,BEASLEY PARK _HAMILTON_DOWNTOWN_,Carbontetrachloride,2005-02-03T00:00,0.595,µg/m³,VOC,N/A
60512,BEASLEY PARK _HAMILTON_DOWNTOWN_,Carbontetrachloride,2005-02-09T00:00,0.592,µg/m³,VOC,N/A
60512,BEASLEY PARK _HAMILTON_DOWNTOWN_,Carbontetrachloride,2005-02-15T00:00,0.629,µg/m³,VOC,N/A
60512,BEASLEY PARK _HAMILTON_DOWNTOWN_,Carbontetrachloride,2005-02-21T00:00,0.650,µg/m³,VOC,N/A
60512,BEASLEY PARK _HAMILTON_DOWNTOWN_,Carbontetrachloride,2005-03-05T00:00,0.621,µg/m³,VOC,N/A
60512,BEASLEY PARK _HAMILTON_DOWNTOWN_,Carbontetrachloride,2005-03-11T00:00,0.636,µg/m³,VOC,N/A
60512,BEASLEY PARK _HAMILTON_DOWNTOWN_,Carbontetrachloride,2005-03-23T00:00,0.646,µg/m³,VOC,N/A
60512,BEASLEY PARK _HAMILTON_DOWNTOWN_,Carbontetrachloride,2005-03-29T00:00,0.597,µg/m³,VOC,N/A
60512,BEASLEY PARK _HAMILTON_DOWNTOWN_,Carbontetrachloride,2005-04-04T00:00,0.620,µg/m³,VOC,N/A
60512,BEASLEY PARK _HAMILTON_DOWNTOWN_,Carbontetrachloride,2005-04-10T00:00,0.685,µg/m³,VOC,N/A
60512,BEASLEY PARK _HAMILTON_DOWNTOWN_,Carbontetrachloride,2005-04-16T00:00,0.603,µg/m³,VOC,N/A
60512,BEASLEY PARK _HAMILTON_DOWNTOWN_,Carbontetrachloride,2005-04-22T00:00,0.643,µg/m³,VOC,N/A
60512,BEASLEY PARK _HAMILTON_DOWNTOWN_,Carbontetrachloride,2005-04-28T00:00,0.611,µg/m³,VOC,N/A
60512,BEASLEY PARK _HAMILTON_DOWNTOWN_,Carbontetrachloride,2005-05-04T00:00,0.627,µg/m³,VOC,N/A
60512,BEASLEY PARK _HAMILTON_DOWNTOWN_,Carbontetrachloride,2005-05-16T00:00,0.610,µg/m³,VOC,N/A
60512,BEASLEY PARK _HAMILTON_DOWNTOWN_,Carbontetrachloride,2005-05-22T00:00,0.624,µg/m³,VOC,N/A
60512,BEASLEY PARK _HAMILTON_DOWNTOWN_,Carbontetrachloride,2005-05-28T00:00,0.590,µg/m³,VOC,N/A
60512,BEASLEY PARK _HAMILTON_DOWNTOWN_,Carbontetrachloride,2005-06-03T00:00,0.610,µg/m³,VOC,N/A
60512,BEASLEY PARK _HAMILTON_DOWNTOWN_,Carbontetrachloride,2005-06-09T00:00,0.581,µg/m³,VOC,N/A
60512,BEASLEY PARK _HAMILTON_DOWNTOWN_,Carbontetrachloride,2005-06-15T00:00,0.592,µg/m³,VOC,N/A
60512,BEASLEY PARK _HAMILTON_DOWNTOWN_,Carbontetrachloride,2005-06-21T00:00,0.626,µg/m³,VOC,N/A
60512,BEASLEY PARK _HAMILTON_DOWNTOWN_,Carbontetrachloride,2005-07-03T00:00,0.585,µg/m³,VOC,N/A
60512,BEASLEY PARK _HAMILTON_DOWNTOWN_,Carbontetrachloride,2005-07-09T00:00,0.608,µg/m³,VOC,N/A
60512,BEASLEY PARK _HAMILTON_DOWNTOWN_,Carbontetrachloride,2005-07-15T00:00,0.609,µg/m³,VOC,N/A
60512,BEASLEY PARK _HAMILTON_DOWNTOWN_,Carbontetrachloride,2005-07-21T00:00,0.561,µg/m³,VOC,N/A
60512,BEASLEY PARK _HAMILTON_DOWNTOWN_,Carbontetrachloride,2005-07-27T00:00,0.553,µg/m³,VOC,N/A
60512,BEASLEY PARK _HAMILTON_DOWNTOWN_,Carbontetrachloride,2005-08-02T00:00,0.571,µg/m³,VOC,N/A
60512,BEASLEY PARK _HAMILTON_DOWNTOWN_,Carbontetrachloride,2005-08-08T00:00,0.563,µg/m³,VOC,N/A
60512,BEASLEY PARK _HAMILTON_DOWNTOWN_,Carbontetrachloride,2005-08-14T00:00,0.558,µg/m³,VOC,N/A
60512,BEASLEY PARK _HAMILTON_DOWNTOWN_,Carbontetrachloride,2005-08-20T00:00,0.550,µg/m³,VOC,N/A
60512,BEASLEY PARK _HAMILTON_DOWNTOWN_,Carbontetrachloride,2005-08-26T00:00,0.571,µg/m³,VOC,N/A
60512,BEASLEY PARK _HAMILTON_DOWNTOWN_,Carbontetrachloride,2005-09-01T00:00,0.609,µg/m³,VOC,N/A
60512,BEASLEY PARK _HAMILTON_DOWNTOWN_,Carbontetrachloride,2005-09-07T00:00,0.610,µg/m³,VOC,N/A
60512,BEASLEY PARK _HAMILTON_DOWNTOWN_,Carbontetrachloride,2005-09-13T00:00,0.624,µg/m³,VOC,N/A
60512,BEASLEY PARK _HAMILTON_DOWNTOWN_,Carbontetrachloride,2005-09-19T00:00,0.616,µg/m³,VOC,N/A
60512,BEASLEY PARK _HAMILTON_DOWNTOWN_,Carbontetrachloride,2005-09-25T00:00,0.596,µg/m³,VOC,N/A
60512,BEASLEY PARK _HAMILTON_DOWNTOWN_,Carbontetrachloride,2005-10-01T00:00,0.587,µg/m³,VOC,N/A
60512,BEASLEY PARK _HAMILTON_DOWNTOWN_,Carbontetrachloride,2005-10-07T00:00,0.582,µg/m³,VOC,N/A
60512,BEASLEY PARK _HAMILTON_DOWNTOWN_,Carbontetrachloride,2005-10-13T00:00,0.599,µg/m³,VOC,N/A
60512,BEASLEY PARK _HAMILTON_DOWNTOWN_,Carbontetrachloride,2005-10-19T00:00,0.582,µg/m³,VOC,N/A
60512,BEASLEY PARK _HAMILTON_DOWNTOWN_,Carbontetrachloride,2005-10-25T00:00,0.594,µg/m³,VOC,N/A
60512,BEASLEY PARK _HAMILTON_DOWNTOWN_,Carbontetrachloride,2005-10-31T00:00,0.482,µg/m³,VOC,N/A
60512,BEASLEY PARK _HAMILTON_DOWNTOWN_,Carbontetrachloride,2005-11-03T00:00,0.494,µg/m³,VOC,N/A
60512,BEASLEY PARK _HAMILTON_DOWNTOWN_,Carbontetrachloride,2005-11-09T00:00,0.547,µg/m³,VOC,N/A
60512,BEASLEY PARK _HAMILTON_DOWNTOWN_,Carbontetrachloride,2005-11-12T00:00,0.537,µg/m³,VOC,N/A
60512,BEASLEY PARK _HAMILTON_DOWNTOWN_,Carbontetrachloride,2005-11-15T00:00,0.532,µg/m³,VOC,N/A
60512,BEASLEY PARK _HAMILTON_DOWNTOWN_,Carbontetrachloride,2005-11-18T00:00,0.527,µg/m³,VOC,N/A
60512,BEASLEY PARK _HAMILTON_DOWNTOWN_,Carbontetrachloride,2005-11-21T00:00,0.526,µg/m³,VOC,N/A
60512,BEASLEY PARK _HAMILTON_DOWNTOWN_,Carbontetrachloride,2005-11-24T00:00,0.545,µg/m³,VOC,N/A
60512,BEASLEY PARK _HAMILTON_DOWNTOWN_,Carbontetrachloride,2005-11-27T00:00,0.530,µg/m³,VOC,N/A
60512,BEASLEY PARK _HAMILTON_DOWNTOWN_,Carbontetrachloride,2005-11-30T00:00,0.534,µg/m³,VOC,N/A
60512,BEASLEY PARK _HAMILTON_DOWNTOWN_,Carbontetrachloride,2005-12-03T00:00,0.526,µg/m³,VOC,N/A
60512,BEASLEY PARK _HAMILTON_DOWNTOWN_,Carbontetrachloride,2005-12-06T00:00,0.554,µg/m³,VOC,N/A
60512,BEASLEY PARK _HAMILTON_DOWNTOWN_,Carbontetrachloride,2005-12-09T00:00,0.555,µg/m³,VOC,N/A
60512,BEASLEY PARK _HAMILTON_DOWNTOWN_,Carbontetrachloride,2005-12-12T00:00,0.551,µg/m³,VOC,N/A
60512,BEASLEY PARK _HAMILTON_DOWNTOWN_,Carbontetrachloride,2005-12-15T00:00,0.558,µg/m³,VOC,N/A
60512,BEASLEY PARK _HAMILTON_DOWNTOWN_,Carbontetrachloride,2005-12-18T00:00,0.557,µg/m³,VOC,N/A
60512,BEASLEY PARK _HAMILTON_DOWNTOWN_,Carbontetrachloride,2005-12-21T00:00,0.544,µg/m³,VOC,N/A
60512,BEASLEY PARK _HAMILTON_DOWNTOWN_,Carbontetrachloride,2005-12-24T00:00,0.546,µg/m³,VOC,N/A
60512,BEASLEY PARK _HAMILTON_DOWNTOWN_,Carbontetrachloride,2005-12-27T00:00,0.561,µg/m³,VOC,N/A
60512,BEASLEY PARK _HAMILTON_DOWNTOWN_,Carbontetrachloride,2005-12-30T00:00,0.543,µg/m³,VOC,N/A
