﻿NAPS_Site_ID,Station_Name,Pollutant,Date,Value,Units,Report_Type,Method
70119,ELLEN,Pentane,2006-01-05T00:00,0.932,µg/m³,VOC,N/A
70119,ELLEN,Pentane,2006-01-11T00:00,1.163,µg/m³,VOC,N/A
70119,ELLEN,Pentane,2006-01-17T00:00,0.782,µg/m³,VOC,N/A
70119,ELLEN,Pentane,2006-01-23T00:00,0.818,µg/m³,VOC,N/A
70119,ELLEN,Pentane,2006-01-29T00:00,0.560,µg/m³,VOC,N/A
70119,ELLEN,Pentane,2006-02-04T00:00,1.437,µg/m³,VOC,N/A
70119,ELLEN,Pentane,2006-02-10T00:00,0.676,µg/m³,VOC,N/A
70119,ELLEN,Pentane,2006-02-16T00:00,0.686,µg/m³,VOC,N/A
70119,ELLEN,Pentane,2006-02-22T00:00,0.857,µg/m³,VOC,N/A
70119,ELLEN,Pentane,2006-02-28T00:00,1.013,µg/m³,VOC,N/A
70119,ELLEN,Pentane,2006-03-06T00:00,0.595,µg/m³,VOC,N/A
70119,ELLEN,Pentane,2006-03-12T00:00,0.278,µg/m³,VOC,N/A
70119,ELLEN,Pentane,2006-03-18T00:00,0.693,µg/m³,VOC,N/A
70119,ELLEN,Pentane,2006-03-24T00:00,0.662,µg/m³,VOC,N/A
70119,ELLEN,Pentane,2006-03-30T00:00,0.829,µg/m³,VOC,N/A
70119,ELLEN,Pentane,2006-04-05T00:00,0.788,µg/m³,VOC,N/A
70119,ELLEN,Pentane,2006-04-11T00:00,0.829,µg/m³,VOC,N/A
70119,ELLEN,Pentane,2006-04-17T00:00,0.436,µg/m³,VOC,N/A
70119,ELLEN,Pentane,2006-04-23T00:00,1.188,µg/m³,VOC,N/A
70119,ELLEN,Pentane,2006-05-11T00:00,0.381,µg/m³,VOC,N/A
70119,ELLEN,Pentane,2006-05-17T00:00,0.898,µg/m³,VOC,N/A
70119,ELLEN,Pentane,2006-05-23T00:00,0.950,µg/m³,VOC,N/A
70119,ELLEN,Pentane,2006-05-29T00:00,0.625,µg/m³,VOC,N/A
70119,ELLEN,Pentane,2006-06-04T00:00,0.650,µg/m³,VOC,N/A
70119,ELLEN,Pentane,2006-06-10T00:00,0.974,µg/m³,VOC,N/A
70119,ELLEN,Pentane,2006-06-16T00:00,1.566,µg/m³,VOC,N/A
70119,ELLEN,Pentane,2006-06-22T00:00,0.961,µg/m³,VOC,N/A
70119,ELLEN,Pentane,2006-06-28T00:00,1.015,µg/m³,VOC,N/A
70119,ELLEN,Pentane,2006-07-04T00:00,1.749,µg/m³,VOC,N/A
70119,ELLEN,Pentane,2006-07-10T00:00,1.013,µg/m³,VOC,N/A
70119,ELLEN,Pentane,2006-07-16T00:00,1.756,µg/m³,VOC,N/A
70119,ELLEN,Pentane,2006-07-22T00:00,1.297,µg/m³,VOC,N/A
70119,ELLEN,Pentane,2006-07-28T00:00,0.651,µg/m³,VOC,N/A
70119,ELLEN,Pentane,2006-08-03T00:00,1.510,µg/m³,VOC,N/A
70119,ELLEN,Pentane,2006-08-09T00:00,0.906,µg/m³,VOC,N/A
70119,ELLEN,Pentane,2006-08-15T00:00,1.355,µg/m³,VOC,N/A
70119,ELLEN,Pentane,2006-08-21T00:00,0.784,µg/m³,VOC,N/A
70119,ELLEN,Pentane,2006-08-27T00:00,2.762,µg/m³,VOC,N/A
70119,ELLEN,Pentane,2006-09-02T00:00,2.636,µg/m³,VOC,N/A
70119,ELLEN,Pentane,2006-09-08T00:00,0.738,µg/m³,VOC,N/A
70119,ELLEN,Pentane,2006-09-14T00:00,1.253,µg/m³,VOC,N/A
70119,ELLEN,Pentane,2006-09-20T00:00,1.128,µg/m³,VOC,N/A
70119,ELLEN,Pentane,2006-09-26T00:00,0.676,µg/m³,VOC,N/A
70119,ELLEN,Pentane,2006-10-02T00:00,1.108,µg/m³,VOC,N/A
70119,ELLEN,Pentane,2006-10-08T00:00,0.330,µg/m³,VOC,N/A
70119,ELLEN,Pentane,2006-10-14T00:00,0.708,µg/m³,VOC,N/A
70119,ELLEN,Pentane,2006-10-20T00:00,0.647,µg/m³,VOC,N/A
70119,ELLEN,Pentane,2006-10-26T00:00,1.067,µg/m³,VOC,N/A
70119,ELLEN,Pentane,2006-11-01T00:00,0.583,µg/m³,VOC,N/A
70119,ELLEN,Pentane,2006-11-07T00:00,1.375,µg/m³,VOC,N/A
70119,ELLEN,Pentane,2006-11-13T00:00,0.676,µg/m³,VOC,N/A
70119,ELLEN,Pentane,2006-11-19T00:00,0.946,µg/m³,VOC,N/A
70119,ELLEN,Pentane,2006-11-25T00:00,0.649,µg/m³,VOC,N/A
70119,ELLEN,Pentane,2006-12-01T00:00,0.856,µg/m³,VOC,N/A
70119,ELLEN,Pentane,2006-12-07T00:00,0.753,µg/m³,VOC,N/A
70119,ELLEN,Pentane,2006-12-13T00:00,1.398,µg/m³,VOC,N/A
70119,ELLEN,Pentane,2006-12-19T00:00,1.291,µg/m³,VOC,N/A
70119,ELLEN,Pentane,2006-12-25T00:00,1.055,µg/m³,VOC,N/A
70119,ELLEN,Pentane,2006-12-31T00:00,1.155,µg/m³,VOC,N/A
