﻿NAPS_Site_ID,Station_Name,Pollutant,Date,Value,Units,Report_Type,Method
101401,HOPE AIRPORT,trans-2-Octene,2002-02-13T00:00,0.010,µg/m³,VOC,N/A
101401,HOPE AIRPORT,trans-2-Octene,2002-03-27T00:00,0.008,µg/m³,VOC,N/A
101401,HOPE AIRPORT,trans-2-Octene,2002-05-08T00:00,0.009,µg/m³,VOC,N/A
101401,HOPE AIRPORT,trans-2-Octene,2002-06-19T00:00,0.008,µg/m³,VOC,N/A
101401,HOPE AIRPORT,trans-2-Octene,2002-07-25T00:00,0.011,µg/m³,VOC,N/A
101401,HOPE AIRPORT,trans-2-Octene,2002-09-11T00:00,0.015,µg/m³,VOC,N/A
101401,HOPE AIRPORT,trans-2-Octene,2002-11-16T00:00,0.006,µg/m³,VOC,N/A
101401,HOPE AIRPORT,trans-2-Octene,2002-12-16T00:00,0.003,µg/m³,VOC,N/A
