﻿NAPS_Site_ID,Station_Name,Pollutant,Date,Value,Units,Report_Type,Method
61602,BRONTE RD. & WOBURN CRES. _OAKVILLE_,"cis-1,3-Dimethylcyclohexane",1996-01-24T00:00,0.125,µg/m³,VOC,GC-MS
61602,BRONTE RD. & WOBURN CRES. _OAKVILLE_,"cis-1,3-Dimethylcyclohexane",1996-01-28T00:00,0.080,µg/m³,VOC,GC-MS
61602,BRONTE RD. & WOBURN CRES. _OAKVILLE_,"cis-1,3-Dimethylcyclohexane",1996-02-03T00:00,0.045,µg/m³,VOC,GC-MS
61602,BRONTE RD. & WOBURN CRES. _OAKVILLE_,"cis-1,3-Dimethylcyclohexane",1996-02-09T00:00,0.104,µg/m³,VOC,GC-MS
61602,BRONTE RD. & WOBURN CRES. _OAKVILLE_,"cis-1,3-Dimethylcyclohexane",1996-04-21T00:00,0.349,µg/m³,VOC,GC-MS
61602,BRONTE RD. & WOBURN CRES. _OAKVILLE_,"cis-1,3-Dimethylcyclohexane",1996-04-27T00:00,0.414,µg/m³,VOC,GC-MS
61602,BRONTE RD. & WOBURN CRES. _OAKVILLE_,"cis-1,3-Dimethylcyclohexane",1996-05-03T00:00,0.214,µg/m³,VOC,GC-MS
61602,BRONTE RD. & WOBURN CRES. _OAKVILLE_,"cis-1,3-Dimethylcyclohexane",1996-05-09T00:00,0.049,µg/m³,VOC,GC-MS
61602,BRONTE RD. & WOBURN CRES. _OAKVILLE_,"cis-1,3-Dimethylcyclohexane",1996-05-15T00:00,0.149,µg/m³,VOC,GC-MS
61602,BRONTE RD. & WOBURN CRES. _OAKVILLE_,"cis-1,3-Dimethylcyclohexane",1996-05-21T00:00,0.323,µg/m³,VOC,GC-MS
61602,BRONTE RD. & WOBURN CRES. _OAKVILLE_,"cis-1,3-Dimethylcyclohexane",1996-05-27T00:00,0.361,µg/m³,VOC,GC-MS
61602,BRONTE RD. & WOBURN CRES. _OAKVILLE_,"cis-1,3-Dimethylcyclohexane",1996-06-02T00:00,0.096,µg/m³,VOC,GC-MS
