﻿NAPS_Site_ID,Station_Name,Pollutant,Date,Value,Units,Report_Type,Method
31001,SABLE ISLAND,Formate,2012-01-04T00:00,0.010,µg/m³,PM2.5,IC
31001,SABLE ISLAND,Formate,2012-01-10T00:00,0.021,µg/m³,PM2.5,IC
31001,SABLE ISLAND,Formate,2012-01-16T00:00,0.010,µg/m³,PM2.5,IC
31001,SABLE ISLAND,Formate,2012-01-22T00:00,0.011,µg/m³,PM2.5,IC
31001,SABLE ISLAND,Formate,2012-01-28T00:00,0.009,µg/m³,PM2.5,IC
31001,SABLE ISLAND,Formate,2012-02-02T00:00,0.011,µg/m³,PM2.5,IC
31001,SABLE ISLAND,Formate,2012-02-08T00:00,0.000,µg/m³,PM2.5,IC
31001,SABLE ISLAND,Formate,2012-02-20T00:00,0.013,µg/m³,PM2.5,IC
31001,SABLE ISLAND,Formate,2012-02-26T00:00,0.013,µg/m³,PM2.5,IC
31001,SABLE ISLAND,Formate,2012-03-03T00:00,0.014,µg/m³,PM2.5,IC
31001,SABLE ISLAND,Formate,2012-03-09T00:00,0.024,µg/m³,PM2.5,IC
31001,SABLE ISLAND,Formate,2012-03-15T00:00,0.020,µg/m³,PM2.5,IC
31001,SABLE ISLAND,Formate,2012-03-21T00:00,0.013,µg/m³,PM2.5,IC
31001,SABLE ISLAND,Formate,2012-03-27T00:00,0.012,µg/m³,PM2.5,IC
31001,SABLE ISLAND,Formate,2012-04-02T00:00,0.011,µg/m³,PM2.5,IC
31001,SABLE ISLAND,Formate,2012-04-08T00:00,0.015,µg/m³,PM2.5,IC
31001,SABLE ISLAND,Formate,2012-04-14T00:00,0.014,µg/m³,PM2.5,IC
31001,SABLE ISLAND,Formate,2012-04-20T00:00,0.014,µg/m³,PM2.5,IC
31001,SABLE ISLAND,Formate,2012-04-26T00:00,0.035,µg/m³,PM2.5,IC
31001,SABLE ISLAND,Formate,2012-05-02T00:00,0.012,µg/m³,PM2.5,IC
31001,SABLE ISLAND,Formate,2012-05-08T00:00,0.010,µg/m³,PM2.5,IC
31001,SABLE ISLAND,Formate,2012-05-14T00:00,0.015,µg/m³,PM2.5,IC
31001,SABLE ISLAND,Formate,2012-05-20T00:00,0.012,µg/m³,PM2.5,IC
31001,SABLE ISLAND,Formate,2012-05-26T00:00,0.009,µg/m³,PM2.5,IC
31001,SABLE ISLAND,Formate,2012-06-01T00:00,0.012,µg/m³,PM2.5,IC
31001,SABLE ISLAND,Formate,2012-06-07T00:00,0.012,µg/m³,PM2.5,IC
31001,SABLE ISLAND,Formate,2012-06-13T00:00,0.014,µg/m³,PM2.5,IC
31001,SABLE ISLAND,Formate,2012-06-19T00:00,0.012,µg/m³,PM2.5,IC
31001,SABLE ISLAND,Formate,2012-06-25T00:00,0.016,µg/m³,PM2.5,IC
31001,SABLE ISLAND,Formate,2012-07-01T00:00,0.016,µg/m³,PM2.5,IC
31001,SABLE ISLAND,Formate,2012-07-07T00:00,0.012,µg/m³,PM2.5,IC
31001,SABLE ISLAND,Formate,2012-07-13T00:00,0.012,µg/m³,PM2.5,IC
31001,SABLE ISLAND,Formate,2012-07-19T00:00,0.020,µg/m³,PM2.5,IC
31001,SABLE ISLAND,Formate,2012-07-25T00:00,0.012,µg/m³,PM2.5,IC
31001,SABLE ISLAND,Formate,2012-07-31T00:00,0.005,µg/m³,PM2.5,IC
31001,SABLE ISLAND,Formate,2012-08-06T00:00,0.005,µg/m³,PM2.5,IC
31001,SABLE ISLAND,Formate,2012-08-12T00:00,0.005,µg/m³,PM2.5,IC
31001,SABLE ISLAND,Formate,2012-08-18T00:00,0.006,µg/m³,PM2.5,IC
31001,SABLE ISLAND,Formate,2012-08-24T00:00,0.006,µg/m³,PM2.5,IC
31001,SABLE ISLAND,Formate,2012-08-30T00:00,0.006,µg/m³,PM2.5,IC
31001,SABLE ISLAND,Formate,2012-09-05T00:00,0.006,µg/m³,PM2.5,IC
31001,SABLE ISLAND,Formate,2012-09-13T00:00,0.010,µg/m³,PM2.5,IC
31001,SABLE ISLAND,Formate,2012-09-17T00:00,0.007,µg/m³,PM2.5,IC
31001,SABLE ISLAND,Formate,2012-09-23T00:00,0.014,µg/m³,PM2.5,IC
31001,SABLE ISLAND,Formate,2012-09-29T00:00,0.007,µg/m³,PM2.5,IC
31001,SABLE ISLAND,Formate,2012-10-06T00:00,0.007,µg/m³,PM2.5,IC
31001,SABLE ISLAND,Formate,2012-10-12T00:00,0.009,µg/m³,PM2.5,IC
31001,SABLE ISLAND,Formate,2012-10-18T00:00,0.008,µg/m³,PM2.5,IC
31001,SABLE ISLAND,Formate,2012-10-24T00:00,0.006,µg/m³,PM2.5,IC
31001,SABLE ISLAND,Formate,2012-10-30T00:00,0.022,µg/m³,PM2.5,IC
31001,SABLE ISLAND,Formate,2012-11-05T00:00,0.007,µg/m³,PM2.5,IC
31001,SABLE ISLAND,Formate,2012-11-11T00:00,0.009,µg/m³,PM2.5,IC
31001,SABLE ISLAND,Formate,2012-11-17T00:00,0.006,µg/m³,PM2.5,IC
31001,SABLE ISLAND,Formate,2012-11-29T00:00,0.008,µg/m³,PM2.5,IC
31001,SABLE ISLAND,Formate,2012-12-05T00:00,0.006,µg/m³,PM2.5,IC
31001,SABLE ISLAND,Formate,2012-12-11T00:00,0.009,µg/m³,PM2.5,IC
31001,SABLE ISLAND,Formate,2012-12-17T00:00,0.008,µg/m³,PM2.5,IC
