﻿NAPS_Site_ID,Station_Name,Pollutant,Date,Value,Units,Report_Type,Method
40203,FOREST HILLS,2-Methyl-1-butene,1993-02-12T00:00,0.081,µg/m³,VOC,
40203,FOREST HILLS,2-Methyl-1-butene,1993-02-18T00:00,0.083,µg/m³,VOC,
40203,FOREST HILLS,2-Methyl-1-butene,1993-02-24T00:00,0.069,µg/m³,VOC,
40203,FOREST HILLS,2-Methyl-1-butene,1993-03-14T00:00,0.080,µg/m³,VOC,
40203,FOREST HILLS,2-Methyl-1-butene,1993-03-20T00:00,0.291,µg/m³,VOC,
40203,FOREST HILLS,2-Methyl-1-butene,1993-03-26T00:00,1.662,µg/m³,VOC,
40203,FOREST HILLS,2-Methyl-1-butene,1993-04-01T00:00,0.101,µg/m³,VOC,
40203,FOREST HILLS,2-Methyl-1-butene,1993-04-07T00:00,1.330,µg/m³,VOC,
40203,FOREST HILLS,2-Methyl-1-butene,1993-04-13T00:00,0.073,µg/m³,VOC,
40203,FOREST HILLS,2-Methyl-1-butene,1993-04-19T00:00,0.257,µg/m³,VOC,
40203,FOREST HILLS,2-Methyl-1-butene,1993-05-01T00:00,0.292,µg/m³,VOC,
40203,FOREST HILLS,2-Methyl-1-butene,1993-05-07T00:00,0.324,µg/m³,VOC,
40203,FOREST HILLS,2-Methyl-1-butene,1993-05-13T00:00,0.187,µg/m³,VOC,
40203,FOREST HILLS,2-Methyl-1-butene,1993-05-19T00:00,0.296,µg/m³,VOC,
40203,FOREST HILLS,2-Methyl-1-butene,1993-05-25T00:00,0.454,µg/m³,VOC,
40203,FOREST HILLS,2-Methyl-1-butene,1993-05-31T00:00,0.122,µg/m³,VOC,
40203,FOREST HILLS,2-Methyl-1-butene,1993-06-18T00:00,0.978,µg/m³,VOC,
40203,FOREST HILLS,2-Methyl-1-butene,1993-07-12T00:00,0.167,µg/m³,VOC,
40203,FOREST HILLS,2-Methyl-1-butene,1993-07-18T00:00,0.171,µg/m³,VOC,
40203,FOREST HILLS,2-Methyl-1-butene,1993-07-24T00:00,0.268,µg/m³,VOC,
40203,FOREST HILLS,2-Methyl-1-butene,1993-08-05T00:00,0.469,µg/m³,VOC,
40203,FOREST HILLS,2-Methyl-1-butene,1993-08-11T00:00,0.294,µg/m³,VOC,
40203,FOREST HILLS,2-Methyl-1-butene,1993-08-17T00:00,0.504,µg/m³,VOC,
40203,FOREST HILLS,2-Methyl-1-butene,1993-08-23T00:00,0.878,µg/m³,VOC,
40203,FOREST HILLS,2-Methyl-1-butene,1993-08-29T00:00,0.215,µg/m³,VOC,
40203,FOREST HILLS,2-Methyl-1-butene,1993-09-10T00:00,0.628,µg/m³,VOC,
40203,FOREST HILLS,2-Methyl-1-butene,1993-09-16T00:00,0.000,µg/m³,VOC,
40203,FOREST HILLS,2-Methyl-1-butene,1993-09-22T00:00,0.756,µg/m³,VOC,
40203,FOREST HILLS,2-Methyl-1-butene,1993-09-28T00:00,0.000,µg/m³,VOC,
40203,FOREST HILLS,2-Methyl-1-butene,1993-10-04T00:00,0.197,µg/m³,VOC,
40203,FOREST HILLS,2-Methyl-1-butene,1993-10-10T00:00,0.153,µg/m³,VOC,
40203,FOREST HILLS,2-Methyl-1-butene,1993-11-15T00:00,0.000,µg/m³,VOC,
40203,FOREST HILLS,2-Methyl-1-butene,1993-11-21T00:00,0.000,µg/m³,VOC,
40203,FOREST HILLS,2-Methyl-1-butene,1993-11-27T00:00,0.210,µg/m³,VOC,
40203,FOREST HILLS,2-Methyl-1-butene,1993-12-03T00:00,0.000,µg/m³,VOC,
40203,FOREST HILLS,2-Methyl-1-butene,1993-12-09T00:00,0.077,µg/m³,VOC,
40203,FOREST HILLS,2-Methyl-1-butene,1993-12-15T00:00,0.000,µg/m³,VOC,
40203,FOREST HILLS,2-Methyl-1-butene,1993-12-21T00:00,0.000,µg/m³,VOC,
40203,FOREST HILLS,2-Methyl-1-butene,1993-12-27T00:00,0.000,µg/m³,VOC,
