﻿NAPS_Site_ID,Station_Name,Pollutant,Date,Value,Units,Report_Type,Method
65101,EAGLE ST. & McCAFFREY RD. _NEWMARKET_,"2,2,4-Trimethylpentane",2016-12-31T19:00,0.110,µg/m³,VOC,
65101,EAGLE ST. & McCAFFREY RD. _NEWMARKET_,"2,2,4-Trimethylpentane",2017-01-06T19:00,0.156,µg/m³,VOC,
65101,EAGLE ST. & McCAFFREY RD. _NEWMARKET_,"2,2,4-Trimethylpentane",2017-01-18T19:00,0.139,µg/m³,VOC,
65101,EAGLE ST. & McCAFFREY RD. _NEWMARKET_,"2,2,4-Trimethylpentane",2017-01-24T19:00,0.146,µg/m³,VOC,
65101,EAGLE ST. & McCAFFREY RD. _NEWMARKET_,"2,2,4-Trimethylpentane",2017-01-30T19:00,0.078,µg/m³,VOC,
65101,EAGLE ST. & McCAFFREY RD. _NEWMARKET_,"2,2,4-Trimethylpentane",2017-02-05T19:00,0.432,µg/m³,VOC,
65101,EAGLE ST. & McCAFFREY RD. _NEWMARKET_,"2,2,4-Trimethylpentane",2017-02-11T19:00,0.236,µg/m³,VOC,
65101,EAGLE ST. & McCAFFREY RD. _NEWMARKET_,"2,2,4-Trimethylpentane",2017-02-17T19:00,0.148,µg/m³,VOC,
65101,EAGLE ST. & McCAFFREY RD. _NEWMARKET_,"2,2,4-Trimethylpentane",2017-02-23T19:00,0.125,µg/m³,VOC,
65101,EAGLE ST. & McCAFFREY RD. _NEWMARKET_,"2,2,4-Trimethylpentane",2017-03-01T19:00,0.018,µg/m³,VOC,
65101,EAGLE ST. & McCAFFREY RD. _NEWMARKET_,"2,2,4-Trimethylpentane",2017-03-13T20:00,0.023,µg/m³,VOC,
65101,EAGLE ST. & McCAFFREY RD. _NEWMARKET_,"2,2,4-Trimethylpentane",2017-03-19T20:00,0.266,µg/m³,VOC,
65101,EAGLE ST. & McCAFFREY RD. _NEWMARKET_,"2,2,4-Trimethylpentane",2017-03-25T20:00,0.093,µg/m³,VOC,
65101,EAGLE ST. & McCAFFREY RD. _NEWMARKET_,"2,2,4-Trimethylpentane",2017-03-31T20:00,0.041,µg/m³,VOC,
65101,EAGLE ST. & McCAFFREY RD. _NEWMARKET_,"2,2,4-Trimethylpentane",2017-04-12T20:00,0.065,µg/m³,VOC,
65101,EAGLE ST. & McCAFFREY RD. _NEWMARKET_,"2,2,4-Trimethylpentane",2017-04-18T20:00,0.109,µg/m³,VOC,
65101,EAGLE ST. & McCAFFREY RD. _NEWMARKET_,"2,2,4-Trimethylpentane",2017-04-24T20:00,0.201,µg/m³,VOC,
65101,EAGLE ST. & McCAFFREY RD. _NEWMARKET_,"2,2,4-Trimethylpentane",2017-05-06T20:00,0.013,µg/m³,VOC,
65101,EAGLE ST. & McCAFFREY RD. _NEWMARKET_,"2,2,4-Trimethylpentane",2017-05-12T20:00,0.111,µg/m³,VOC,
65101,EAGLE ST. & McCAFFREY RD. _NEWMARKET_,"2,2,4-Trimethylpentane",2017-05-18T20:00,0.043,µg/m³,VOC,
65101,EAGLE ST. & McCAFFREY RD. _NEWMARKET_,"2,2,4-Trimethylpentane",2017-05-24T20:00,0.110,µg/m³,VOC,
65101,EAGLE ST. & McCAFFREY RD. _NEWMARKET_,"2,2,4-Trimethylpentane",2017-05-30T20:00,0.057,µg/m³,VOC,
65101,EAGLE ST. & McCAFFREY RD. _NEWMARKET_,"2,2,4-Trimethylpentane",2017-06-05T20:00,0.073,µg/m³,VOC,
65101,EAGLE ST. & McCAFFREY RD. _NEWMARKET_,"2,2,4-Trimethylpentane",2017-06-11T20:00,0.154,µg/m³,VOC,
65101,EAGLE ST. & McCAFFREY RD. _NEWMARKET_,"2,2,4-Trimethylpentane",2017-06-17T20:00,0.124,µg/m³,VOC,
65101,EAGLE ST. & McCAFFREY RD. _NEWMARKET_,"2,2,4-Trimethylpentane",2017-06-23T20:00,0.042,µg/m³,VOC,
65101,EAGLE ST. & McCAFFREY RD. _NEWMARKET_,"2,2,4-Trimethylpentane",2017-06-29T20:00,0.108,µg/m³,VOC,
65101,EAGLE ST. & McCAFFREY RD. _NEWMARKET_,"2,2,4-Trimethylpentane",2017-07-17T20:00,0.080,µg/m³,VOC,
65101,EAGLE ST. & McCAFFREY RD. _NEWMARKET_,"2,2,4-Trimethylpentane",2017-07-23T20:00,0.068,µg/m³,VOC,
65101,EAGLE ST. & McCAFFREY RD. _NEWMARKET_,"2,2,4-Trimethylpentane",2017-07-29T20:00,0.045,µg/m³,VOC,
65101,EAGLE ST. & McCAFFREY RD. _NEWMARKET_,"2,2,4-Trimethylpentane",2017-08-04T20:00,0.028,µg/m³,VOC,
65101,EAGLE ST. & McCAFFREY RD. _NEWMARKET_,"2,2,4-Trimethylpentane",2017-08-10T20:00,0.162,µg/m³,VOC,
65101,EAGLE ST. & McCAFFREY RD. _NEWMARKET_,"2,2,4-Trimethylpentane",2017-08-16T20:00,0.090,µg/m³,VOC,
65101,EAGLE ST. & McCAFFREY RD. _NEWMARKET_,"2,2,4-Trimethylpentane",2017-08-22T20:00,0.026,µg/m³,VOC,
65101,EAGLE ST. & McCAFFREY RD. _NEWMARKET_,"2,2,4-Trimethylpentane",2017-08-28T20:00,0.122,µg/m³,VOC,
65101,EAGLE ST. & McCAFFREY RD. _NEWMARKET_,"2,2,4-Trimethylpentane",2017-09-03T20:00,0.145,µg/m³,VOC,
65101,EAGLE ST. & McCAFFREY RD. _NEWMARKET_,"2,2,4-Trimethylpentane",2017-09-09T20:00,0.141,µg/m³,VOC,
65101,EAGLE ST. & McCAFFREY RD. _NEWMARKET_,"2,2,4-Trimethylpentane",2017-09-15T20:00,0.336,µg/m³,VOC,
65101,EAGLE ST. & McCAFFREY RD. _NEWMARKET_,"2,2,4-Trimethylpentane",2017-09-21T20:00,0.281,µg/m³,VOC,
65101,EAGLE ST. & McCAFFREY RD. _NEWMARKET_,"2,2,4-Trimethylpentane",2017-09-27T20:00,0.024,µg/m³,VOC,
65101,EAGLE ST. & McCAFFREY RD. _NEWMARKET_,"2,2,4-Trimethylpentane",2017-10-03T20:00,0.059,µg/m³,VOC,
65101,EAGLE ST. & McCAFFREY RD. _NEWMARKET_,"2,2,4-Trimethylpentane",2017-10-09T20:00,0.170,µg/m³,VOC,
65101,EAGLE ST. & McCAFFREY RD. _NEWMARKET_,"2,2,4-Trimethylpentane",2017-10-15T20:00,0.071,µg/m³,VOC,
65101,EAGLE ST. & McCAFFREY RD. _NEWMARKET_,"2,2,4-Trimethylpentane",2017-10-21T20:00,0.123,µg/m³,VOC,
65101,EAGLE ST. & McCAFFREY RD. _NEWMARKET_,"2,2,4-Trimethylpentane",2017-10-27T20:00,0.124,µg/m³,VOC,
65101,EAGLE ST. & McCAFFREY RD. _NEWMARKET_,"2,2,4-Trimethylpentane",2017-11-02T20:00,0.066,µg/m³,VOC,
65101,EAGLE ST. & McCAFFREY RD. _NEWMARKET_,"2,2,4-Trimethylpentane",2017-11-08T19:00,0.063,µg/m³,VOC,
65101,EAGLE ST. & McCAFFREY RD. _NEWMARKET_,"2,2,4-Trimethylpentane",2017-11-14T19:00,0.167,µg/m³,VOC,
65101,EAGLE ST. & McCAFFREY RD. _NEWMARKET_,"2,2,4-Trimethylpentane",2017-11-20T19:00,0.069,µg/m³,VOC,
65101,EAGLE ST. & McCAFFREY RD. _NEWMARKET_,"2,2,4-Trimethylpentane",2017-11-26T19:00,0.057,µg/m³,VOC,
65101,EAGLE ST. & McCAFFREY RD. _NEWMARKET_,"2,2,4-Trimethylpentane",2017-12-02T19:00,0.299,µg/m³,VOC,
65101,EAGLE ST. & McCAFFREY RD. _NEWMARKET_,"2,2,4-Trimethylpentane",2017-12-08T19:00,0.193,µg/m³,VOC,
65101,EAGLE ST. & McCAFFREY RD. _NEWMARKET_,"2,2,4-Trimethylpentane",2017-12-14T19:00,0.161,µg/m³,VOC,
65101,EAGLE ST. & McCAFFREY RD. _NEWMARKET_,"2,2,4-Trimethylpentane",2017-12-20T19:00,0.086,µg/m³,VOC,
65101,EAGLE ST. & McCAFFREY RD. _NEWMARKET_,"2,2,4-Trimethylpentane",2017-12-26T19:00,0.163,µg/m³,VOC,
