﻿NAPS_Site_ID,Station_Name,Pollutant,Date,Value,Units,Report_Type,Method
102001,SATURNA,Acetylene,2007-01-03T00:00,0.415,µg/m³,VOC,GC-FID
102001,SATURNA,Acetylene,2007-01-06T00:00,0.474,µg/m³,VOC,GC-FID
102001,SATURNA,Acetylene,2007-01-09T00:00,0.410,µg/m³,VOC,GC-FID
102001,SATURNA,Acetylene,2007-01-12T00:00,0.505,µg/m³,VOC,GC-FID
102001,SATURNA,Acetylene,2007-01-15T00:00,0.548,µg/m³,VOC,GC-FID
102001,SATURNA,Acetylene,2007-01-18T00:00,0.466,µg/m³,VOC,GC-FID
102001,SATURNA,Acetylene,2007-01-21T00:00,0.480,µg/m³,VOC,GC-FID
102001,SATURNA,Acetylene,2007-01-24T00:00,0.409,µg/m³,VOC,GC-FID
102001,SATURNA,Acetylene,2007-01-27T00:00,0.457,µg/m³,VOC,GC-FID
102001,SATURNA,Acetylene,2007-01-30T00:00,0.417,µg/m³,VOC,GC-FID
102001,SATURNA,Acetylene,2007-02-02T00:00,0.655,µg/m³,VOC,GC-FID
102001,SATURNA,Acetylene,2007-02-08T00:00,0.609,µg/m³,VOC,GC-FID
102001,SATURNA,Acetylene,2007-02-14T00:00,0.577,µg/m³,VOC,GC-FID
102001,SATURNA,Acetylene,2007-03-01T00:00,0.489,µg/m³,VOC,GC-FID
102001,SATURNA,Acetylene,2007-03-04T00:00,0.571,µg/m³,VOC,GC-FID
102001,SATURNA,Acetylene,2007-03-07T00:00,0.464,µg/m³,VOC,GC-FID
102001,SATURNA,Acetylene,2007-03-10T00:00,0.502,µg/m³,VOC,GC-FID
102001,SATURNA,Acetylene,2007-03-13T00:00,0.509,µg/m³,VOC,GC-FID
102001,SATURNA,Acetylene,2007-03-25T00:00,0.377,µg/m³,VOC,GC-FID
102001,SATURNA,Acetylene,2007-03-28T00:00,0.416,µg/m³,VOC,GC-FID
102001,SATURNA,Acetylene,2007-04-03T00:00,0.529,µg/m³,VOC,GC-FID
102001,SATURNA,Acetylene,2007-04-06T00:00,0.494,µg/m³,VOC,GC-FID
102001,SATURNA,Acetylene,2007-04-09T00:00,0.353,µg/m³,VOC,GC-FID
102001,SATURNA,Acetylene,2007-04-12T00:00,0.408,µg/m³,VOC,GC-FID
102001,SATURNA,Acetylene,2007-04-15T00:00,0.334,µg/m³,VOC,GC-FID
102001,SATURNA,Acetylene,2007-04-18T00:00,0.349,µg/m³,VOC,GC-FID
102001,SATURNA,Acetylene,2007-04-21T00:00,0.407,µg/m³,VOC,GC-FID
102001,SATURNA,Acetylene,2007-04-24T00:00,0.351,µg/m³,VOC,GC-FID
102001,SATURNA,Acetylene,2007-04-27T00:00,0.288,µg/m³,VOC,GC-FID
102001,SATURNA,Acetylene,2007-04-30T00:00,0.318,µg/m³,VOC,GC-FID
102001,SATURNA,Acetylene,2007-05-03T00:00,0.285,µg/m³,VOC,GC-FID
102001,SATURNA,Acetylene,2007-05-06T00:00,0.407,µg/m³,VOC,GC-FID
102001,SATURNA,Acetylene,2007-05-09T00:00,0.245,µg/m³,VOC,GC-FID
102001,SATURNA,Acetylene,2007-05-12T00:00,0.262,µg/m³,VOC,GC-FID
102001,SATURNA,Acetylene,2007-05-15T00:00,0.296,µg/m³,VOC,GC-FID
102001,SATURNA,Acetylene,2007-05-18T00:00,0.316,µg/m³,VOC,GC-FID
102001,SATURNA,Acetylene,2007-05-21T00:00,0.263,µg/m³,VOC,GC-FID
102001,SATURNA,Acetylene,2007-05-24T00:00,0.176,µg/m³,VOC,GC-FID
102001,SATURNA,Acetylene,2007-05-27T00:00,0.157,µg/m³,VOC,GC-FID
102001,SATURNA,Acetylene,2007-05-30T00:00,0.214,µg/m³,VOC,GC-FID
102001,SATURNA,Acetylene,2007-06-02T00:00,0.237,µg/m³,VOC,GC-FID
102001,SATURNA,Acetylene,2007-06-05T00:00,0.170,µg/m³,VOC,GC-FID
102001,SATURNA,Acetylene,2007-06-08T00:00,0.176,µg/m³,VOC,GC-FID
102001,SATURNA,Acetylene,2007-06-11T00:00,0.176,µg/m³,VOC,GC-FID
102001,SATURNA,Acetylene,2007-06-14T00:00,0.149,µg/m³,VOC,GC-FID
102001,SATURNA,Acetylene,2007-06-17T00:00,0.160,µg/m³,VOC,GC-FID
102001,SATURNA,Acetylene,2007-06-20T00:00,0.119,µg/m³,VOC,GC-FID
102001,SATURNA,Acetylene,2007-06-23T00:00,0.169,µg/m³,VOC,GC-FID
102001,SATURNA,Acetylene,2007-06-26T00:00,0.168,µg/m³,VOC,GC-FID
102001,SATURNA,Acetylene,2007-06-29T00:00,0.089,µg/m³,VOC,GC-FID
102001,SATURNA,Acetylene,2007-07-02T00:00,0.118,µg/m³,VOC,GC-FID
102001,SATURNA,Acetylene,2007-07-05T00:00,0.097,µg/m³,VOC,GC-FID
102001,SATURNA,Acetylene,2007-07-08T00:00,0.090,µg/m³,VOC,GC-FID
102001,SATURNA,Acetylene,2007-07-11T00:00,0.041,µg/m³,VOC,GC-FID
102001,SATURNA,Acetylene,2007-07-14T00:00,0.103,µg/m³,VOC,GC-FID
102001,SATURNA,Acetylene,2007-07-20T00:00,0.195,µg/m³,VOC,GC-FID
102001,SATURNA,Acetylene,2007-07-23T00:00,0.091,µg/m³,VOC,GC-FID
102001,SATURNA,Acetylene,2007-07-26T00:00,0.064,µg/m³,VOC,GC-FID
102001,SATURNA,Acetylene,2007-07-29T00:00,0.090,µg/m³,VOC,GC-FID
102001,SATURNA,Acetylene,2007-08-01T00:00,0.041,µg/m³,VOC,GC-FID
102001,SATURNA,Acetylene,2007-08-04T00:00,0.073,µg/m³,VOC,GC-FID
102001,SATURNA,Acetylene,2007-08-07T00:00,0.098,µg/m³,VOC,GC-FID
102001,SATURNA,Acetylene,2007-08-10T00:00,0.118,µg/m³,VOC,GC-FID
102001,SATURNA,Acetylene,2007-08-13T00:00,0.059,µg/m³,VOC,GC-FID
102001,SATURNA,Acetylene,2007-08-16T00:00,0.075,µg/m³,VOC,GC-FID
102001,SATURNA,Acetylene,2007-08-19T00:00,0.137,µg/m³,VOC,GC-FID
102001,SATURNA,Acetylene,2007-08-22T00:00,0.089,µg/m³,VOC,GC-FID
102001,SATURNA,Acetylene,2007-08-25T00:00,0.110,µg/m³,VOC,GC-FID
102001,SATURNA,Acetylene,2007-08-28T00:00,0.081,µg/m³,VOC,GC-FID
102001,SATURNA,Acetylene,2007-08-31T00:00,0.180,µg/m³,VOC,GC-FID
102001,SATURNA,Acetylene,2007-09-03T00:00,0.350,µg/m³,VOC,GC-FID
102001,SATURNA,Acetylene,2007-09-06T00:00,0.086,µg/m³,VOC,GC-FID
102001,SATURNA,Acetylene,2007-09-09T00:00,0.081,µg/m³,VOC,GC-FID
102001,SATURNA,Acetylene,2007-09-12T00:00,0.106,µg/m³,VOC,GC-FID
102001,SATURNA,Acetylene,2007-09-15T00:00,0.127,µg/m³,VOC,GC-FID
102001,SATURNA,Acetylene,2007-09-18T00:00,0.119,µg/m³,VOC,GC-FID
102001,SATURNA,Acetylene,2007-09-21T00:00,0.433,µg/m³,VOC,GC-FID
102001,SATURNA,Acetylene,2007-09-24T00:00,0.394,µg/m³,VOC,GC-FID
102001,SATURNA,Acetylene,2007-09-27T00:00,0.183,µg/m³,VOC,GC-FID
102001,SATURNA,Acetylene,2007-09-30T00:00,0.170,µg/m³,VOC,GC-FID
102001,SATURNA,Acetylene,2007-10-03T00:00,0.237,µg/m³,VOC,GC-FID
102001,SATURNA,Acetylene,2007-10-06T00:00,0.263,µg/m³,VOC,GC-FID
102001,SATURNA,Acetylene,2007-10-09T00:00,0.276,µg/m³,VOC,GC-FID
102001,SATURNA,Acetylene,2007-10-12T00:00,0.218,µg/m³,VOC,GC-FID
102001,SATURNA,Acetylene,2007-10-15T00:00,0.710,µg/m³,VOC,GC-FID
102001,SATURNA,Acetylene,2007-10-18T00:00,0.290,µg/m³,VOC,GC-FID
102001,SATURNA,Acetylene,2007-10-21T00:00,0.254,µg/m³,VOC,GC-FID
102001,SATURNA,Acetylene,2007-10-24T00:00,0.180,µg/m³,VOC,GC-FID
102001,SATURNA,Acetylene,2007-10-27T00:00,0.403,µg/m³,VOC,GC-FID
102001,SATURNA,Acetylene,2007-10-30T00:00,0.473,µg/m³,VOC,GC-FID
102001,SATURNA,Acetylene,2007-11-02T00:00,0.495,µg/m³,VOC,GC-FID
102001,SATURNA,Acetylene,2007-11-05T00:00,0.342,µg/m³,VOC,GC-FID
102001,SATURNA,Acetylene,2007-11-08T00:00,0.342,µg/m³,VOC,GC-FID
102001,SATURNA,Acetylene,2007-11-11T00:00,0.286,µg/m³,VOC,GC-FID
102001,SATURNA,Acetylene,2007-11-14T00:00,0.306,µg/m³,VOC,GC-FID
102001,SATURNA,Acetylene,2007-11-17T00:00,0.514,µg/m³,VOC,GC-FID
102001,SATURNA,Acetylene,2007-11-20T00:00,0.573,µg/m³,VOC,GC-FID
102001,SATURNA,Acetylene,2007-11-23T00:00,0.761,µg/m³,VOC,GC-FID
102001,SATURNA,Acetylene,2007-11-26T00:00,0.771,µg/m³,VOC,GC-FID
102001,SATURNA,Acetylene,2007-11-29T00:00,0.353,µg/m³,VOC,GC-FID
102001,SATURNA,Acetylene,2007-12-02T00:00,0.384,µg/m³,VOC,GC-FID
102001,SATURNA,Acetylene,2007-12-05T00:00,0.258,µg/m³,VOC,GC-FID
102001,SATURNA,Acetylene,2007-12-08T00:00,0.319,µg/m³,VOC,GC-FID
102001,SATURNA,Acetylene,2007-12-14T00:00,0.567,µg/m³,VOC,GC-FID
102001,SATURNA,Acetylene,2007-12-17T00:00,0.470,µg/m³,VOC,GC-FID
102001,SATURNA,Acetylene,2007-12-20T00:00,0.312,µg/m³,VOC,GC-FID
102001,SATURNA,Acetylene,2007-12-23T00:00,0.417,µg/m³,VOC,GC-FID
102001,SATURNA,Acetylene,2007-12-26T00:00,0.356,µg/m³,VOC,GC-FID
102001,SATURNA,Acetylene,2007-12-29T00:00,0.470,µg/m³,VOC,GC-FID
