﻿NAPS_Site_ID,Station_Name,Pollutant,Date,Value,Units,Report_Type,Method
60512,BEASLEY PARK _HAMILTON_DOWNTOWN_,Bromomethane,2006-01-02T00:00,0.048,µg/m³,VOC,N/A
60512,BEASLEY PARK _HAMILTON_DOWNTOWN_,Bromomethane,2006-01-05T00:00,0.047,µg/m³,VOC,N/A
60512,BEASLEY PARK _HAMILTON_DOWNTOWN_,Bromomethane,2006-01-08T00:00,0.047,µg/m³,VOC,N/A
60512,BEASLEY PARK _HAMILTON_DOWNTOWN_,Bromomethane,2006-01-11T00:00,0.047,µg/m³,VOC,N/A
60512,BEASLEY PARK _HAMILTON_DOWNTOWN_,Bromomethane,2006-01-17T00:00,0.059,µg/m³,VOC,N/A
60512,BEASLEY PARK _HAMILTON_DOWNTOWN_,Bromomethane,2006-01-20T00:00,0.064,µg/m³,VOC,N/A
60512,BEASLEY PARK _HAMILTON_DOWNTOWN_,Bromomethane,2006-01-23T00:00,0.052,µg/m³,VOC,N/A
60512,BEASLEY PARK _HAMILTON_DOWNTOWN_,Bromomethane,2006-01-26T00:00,0.052,µg/m³,VOC,N/A
60512,BEASLEY PARK _HAMILTON_DOWNTOWN_,Bromomethane,2006-01-29T00:00,0.055,µg/m³,VOC,N/A
60512,BEASLEY PARK _HAMILTON_DOWNTOWN_,Bromomethane,2006-02-01T00:00,0.069,µg/m³,VOC,N/A
60512,BEASLEY PARK _HAMILTON_DOWNTOWN_,Bromomethane,2006-02-04T00:00,0.050,µg/m³,VOC,N/A
60512,BEASLEY PARK _HAMILTON_DOWNTOWN_,Bromomethane,2006-02-07T00:00,0.051,µg/m³,VOC,N/A
60512,BEASLEY PARK _HAMILTON_DOWNTOWN_,Bromomethane,2006-02-10T00:00,0.056,µg/m³,VOC,N/A
60512,BEASLEY PARK _HAMILTON_DOWNTOWN_,Bromomethane,2006-02-13T00:00,0.050,µg/m³,VOC,N/A
60512,BEASLEY PARK _HAMILTON_DOWNTOWN_,Bromomethane,2006-02-16T00:00,0.047,µg/m³,VOC,N/A
60512,BEASLEY PARK _HAMILTON_DOWNTOWN_,Bromomethane,2006-02-19T00:00,0.052,µg/m³,VOC,N/A
60512,BEASLEY PARK _HAMILTON_DOWNTOWN_,Bromomethane,2006-02-22T00:00,0.049,µg/m³,VOC,N/A
60512,BEASLEY PARK _HAMILTON_DOWNTOWN_,Bromomethane,2006-02-25T00:00,0.051,µg/m³,VOC,N/A
60512,BEASLEY PARK _HAMILTON_DOWNTOWN_,Bromomethane,2006-02-28T00:00,0.057,µg/m³,VOC,N/A
60512,BEASLEY PARK _HAMILTON_DOWNTOWN_,Bromomethane,2006-03-03T00:00,0.050,µg/m³,VOC,N/A
60512,BEASLEY PARK _HAMILTON_DOWNTOWN_,Bromomethane,2006-03-06T00:00,0.054,µg/m³,VOC,N/A
60512,BEASLEY PARK _HAMILTON_DOWNTOWN_,Bromomethane,2006-03-09T00:00,0.068,µg/m³,VOC,N/A
60512,BEASLEY PARK _HAMILTON_DOWNTOWN_,Bromomethane,2006-03-12T00:00,0.061,µg/m³,VOC,N/A
60512,BEASLEY PARK _HAMILTON_DOWNTOWN_,Bromomethane,2006-03-15T00:00,0.053,µg/m³,VOC,N/A
60512,BEASLEY PARK _HAMILTON_DOWNTOWN_,Bromomethane,2006-03-18T00:00,0.055,µg/m³,VOC,N/A
60512,BEASLEY PARK _HAMILTON_DOWNTOWN_,Bromomethane,2006-03-21T00:00,0.053,µg/m³,VOC,N/A
60512,BEASLEY PARK _HAMILTON_DOWNTOWN_,Bromomethane,2006-03-24T00:00,0.053,µg/m³,VOC,N/A
60512,BEASLEY PARK _HAMILTON_DOWNTOWN_,Bromomethane,2006-03-27T00:00,0.056,µg/m³,VOC,N/A
60512,BEASLEY PARK _HAMILTON_DOWNTOWN_,Bromomethane,2006-03-30T00:00,0.053,µg/m³,VOC,N/A
60512,BEASLEY PARK _HAMILTON_DOWNTOWN_,Bromomethane,2006-03-30T00:00,0.057,µg/m³,VOC,N/A
60512,BEASLEY PARK _HAMILTON_DOWNTOWN_,Bromomethane,2006-04-02T00:00,0.121,µg/m³,VOC,N/A
60512,BEASLEY PARK _HAMILTON_DOWNTOWN_,Bromomethane,2006-04-05T00:00,0.056,µg/m³,VOC,N/A
60512,BEASLEY PARK _HAMILTON_DOWNTOWN_,Bromomethane,2006-04-08T00:00,0.059,µg/m³,VOC,N/A
60512,BEASLEY PARK _HAMILTON_DOWNTOWN_,Bromomethane,2006-04-11T00:00,0.055,µg/m³,VOC,N/A
60512,BEASLEY PARK _HAMILTON_DOWNTOWN_,Bromomethane,2006-06-16T00:00,0.052,µg/m³,VOC,N/A
60512,BEASLEY PARK _HAMILTON_DOWNTOWN_,Bromomethane,2006-06-22T00:00,0.059,µg/m³,VOC,N/A
60512,BEASLEY PARK _HAMILTON_DOWNTOWN_,Bromomethane,2006-06-28T00:00,0.071,µg/m³,VOC,N/A
60512,BEASLEY PARK _HAMILTON_DOWNTOWN_,Bromomethane,2006-07-04T00:00,0.078,µg/m³,VOC,N/A
60512,BEASLEY PARK _HAMILTON_DOWNTOWN_,Bromomethane,2006-07-10T00:00,0.062,µg/m³,VOC,N/A
60512,BEASLEY PARK _HAMILTON_DOWNTOWN_,Bromomethane,2006-07-16T00:00,0.059,µg/m³,VOC,N/A
60512,BEASLEY PARK _HAMILTON_DOWNTOWN_,Bromomethane,2006-07-22T00:00,0.054,µg/m³,VOC,N/A
60512,BEASLEY PARK _HAMILTON_DOWNTOWN_,Bromomethane,2006-08-03T00:00,0.063,µg/m³,VOC,N/A
60512,BEASLEY PARK _HAMILTON_DOWNTOWN_,Bromomethane,2006-08-09T00:00,0.042,µg/m³,VOC,N/A
60512,BEASLEY PARK _HAMILTON_DOWNTOWN_,Bromomethane,2006-08-15T00:00,0.050,µg/m³,VOC,N/A
60512,BEASLEY PARK _HAMILTON_DOWNTOWN_,Bromomethane,2006-08-21T00:00,0.055,µg/m³,VOC,N/A
60512,BEASLEY PARK _HAMILTON_DOWNTOWN_,Bromomethane,2006-08-27T00:00,0.080,µg/m³,VOC,N/A
60512,BEASLEY PARK _HAMILTON_DOWNTOWN_,Bromomethane,2006-09-02T00:00,0.054,µg/m³,VOC,N/A
60512,BEASLEY PARK _HAMILTON_DOWNTOWN_,Bromomethane,2006-09-08T00:00,0.050,µg/m³,VOC,N/A
60512,BEASLEY PARK _HAMILTON_DOWNTOWN_,Bromomethane,2006-09-14T00:00,0.056,µg/m³,VOC,N/A
60512,BEASLEY PARK _HAMILTON_DOWNTOWN_,Bromomethane,2006-09-20T00:00,0.046,µg/m³,VOC,N/A
60512,BEASLEY PARK _HAMILTON_DOWNTOWN_,Bromomethane,2006-09-26T00:00,0.046,µg/m³,VOC,N/A
60512,BEASLEY PARK _HAMILTON_DOWNTOWN_,Bromomethane,2006-10-02T00:00,0.045,µg/m³,VOC,N/A
60512,BEASLEY PARK _HAMILTON_DOWNTOWN_,Bromomethane,2006-10-08T00:00,0.049,µg/m³,VOC,N/A
60512,BEASLEY PARK _HAMILTON_DOWNTOWN_,Bromomethane,2006-10-14T00:00,0.047,µg/m³,VOC,N/A
60512,BEASLEY PARK _HAMILTON_DOWNTOWN_,Bromomethane,2006-10-20T00:00,0.043,µg/m³,VOC,N/A
60512,BEASLEY PARK _HAMILTON_DOWNTOWN_,Bromomethane,2006-10-26T00:00,0.045,µg/m³,VOC,N/A
60512,BEASLEY PARK _HAMILTON_DOWNTOWN_,Bromomethane,2006-11-01T00:00,0.047,µg/m³,VOC,N/A
60512,BEASLEY PARK _HAMILTON_DOWNTOWN_,Bromomethane,2006-11-07T00:00,0.050,µg/m³,VOC,N/A
60512,BEASLEY PARK _HAMILTON_DOWNTOWN_,Bromomethane,2006-11-13T00:00,0.049,µg/m³,VOC,N/A
60512,BEASLEY PARK _HAMILTON_DOWNTOWN_,Bromomethane,2006-11-19T00:00,0.053,µg/m³,VOC,N/A
60512,BEASLEY PARK _HAMILTON_DOWNTOWN_,Bromomethane,2006-11-25T00:00,0.098,µg/m³,VOC,N/A
60512,BEASLEY PARK _HAMILTON_DOWNTOWN_,Bromomethane,2006-12-01T00:00,0.049,µg/m³,VOC,N/A
60512,BEASLEY PARK _HAMILTON_DOWNTOWN_,Bromomethane,2006-12-07T00:00,0.053,µg/m³,VOC,N/A
60512,BEASLEY PARK _HAMILTON_DOWNTOWN_,Bromomethane,2006-12-13T00:00,0.054,µg/m³,VOC,N/A
60512,BEASLEY PARK _HAMILTON_DOWNTOWN_,Bromomethane,2006-12-19T00:00,0.048,µg/m³,VOC,N/A
60512,BEASLEY PARK _HAMILTON_DOWNTOWN_,Bromomethane,2006-12-25T00:00,0.048,µg/m³,VOC,N/A
60512,BEASLEY PARK _HAMILTON_DOWNTOWN_,Bromomethane,2006-12-31T00:00,0.053,µg/m³,VOC,N/A
