﻿NAPS_Site_ID,Station_Name,Pollutant,Date,Value,Units,Report_Type,Method
100112,DOWNTOWN VANCOUVER,"1,3-Butadiene",1998-02-04T00:00,1.700,µg/m³,VOC,
100112,DOWNTOWN VANCOUVER,"1,3-Butadiene",1998-03-12T00:00,0.600,µg/m³,VOC,
100112,DOWNTOWN VANCOUVER,"1,3-Butadiene",1998-04-17T00:00,0.400,µg/m³,VOC,
100112,DOWNTOWN VANCOUVER,"1,3-Butadiene",1998-05-11T00:00,0.350,µg/m³,VOC,
100112,DOWNTOWN VANCOUVER,"1,3-Butadiene",1998-05-29T00:00,0.576,µg/m³,VOC,
100112,DOWNTOWN VANCOUVER,"1,3-Butadiene",1998-06-16T00:00,0.315,µg/m³,VOC,
100112,DOWNTOWN VANCOUVER,"1,3-Butadiene",1998-07-04T00:00,0.472,µg/m³,VOC,
100112,DOWNTOWN VANCOUVER,"1,3-Butadiene",1998-07-22T00:00,0.443,µg/m³,VOC,
100112,DOWNTOWN VANCOUVER,"1,3-Butadiene",1998-08-21T00:00,0.558,µg/m³,VOC,
100112,DOWNTOWN VANCOUVER,"1,3-Butadiene",1998-09-26T00:00,0.528,µg/m³,VOC,
100112,DOWNTOWN VANCOUVER,"1,3-Butadiene",1998-10-14T00:00,0.378,µg/m³,VOC,
100112,DOWNTOWN VANCOUVER,"1,3-Butadiene",1998-11-19T00:00,0.588,µg/m³,VOC,
100112,DOWNTOWN VANCOUVER,"1,3-Butadiene",1998-12-07T00:00,0.483,µg/m³,VOC,
100112,DOWNTOWN VANCOUVER,"1,3-Butadiene",1998-12-31T00:00,0.298,µg/m³,VOC,
