﻿NAPS_Site_ID,Station_Name,Pollutant,Date,Value,Units,Report_Type,Method
60429,JUDSON ST. & ETONA CT. _ETOBICOKE_ (moved to kipling),Methylcyclohexane,2004-01-04T00:00,0.090,µg/m³,VOC,
60429,JUDSON ST. & ETONA CT. _ETOBICOKE_ (moved to kipling),Methylcyclohexane,2004-01-16T00:00,0.250,µg/m³,VOC,
60429,JUDSON ST. & ETONA CT. _ETOBICOKE_ (moved to kipling),Methylcyclohexane,2004-01-22T00:00,0.168,µg/m³,VOC,
60429,JUDSON ST. & ETONA CT. _ETOBICOKE_ (moved to kipling),Methylcyclohexane,2004-01-28T00:00,0.152,µg/m³,VOC,
60429,JUDSON ST. & ETONA CT. _ETOBICOKE_ (moved to kipling),Methylcyclohexane,2004-02-03T00:00,0.248,µg/m³,VOC,
60429,JUDSON ST. & ETONA CT. _ETOBICOKE_ (moved to kipling),Methylcyclohexane,2004-02-09T00:00,0.219,µg/m³,VOC,
60429,JUDSON ST. & ETONA CT. _ETOBICOKE_ (moved to kipling),Methylcyclohexane,2004-02-15T00:00,0.073,µg/m³,VOC,
60429,JUDSON ST. & ETONA CT. _ETOBICOKE_ (moved to kipling),Methylcyclohexane,2004-02-27T00:00,0.576,µg/m³,VOC,
60429,JUDSON ST. & ETONA CT. _ETOBICOKE_ (moved to kipling),Methylcyclohexane,2004-03-04T00:00,0.070,µg/m³,VOC,
60429,JUDSON ST. & ETONA CT. _ETOBICOKE_ (moved to kipling),Methylcyclohexane,2004-03-10T00:00,0.294,µg/m³,VOC,
60429,JUDSON ST. & ETONA CT. _ETOBICOKE_ (moved to kipling),Methylcyclohexane,2004-03-16T00:00,0.090,µg/m³,VOC,
60429,JUDSON ST. & ETONA CT. _ETOBICOKE_ (moved to kipling),Methylcyclohexane,2004-03-22T00:00,0.066,µg/m³,VOC,
60429,JUDSON ST. & ETONA CT. _ETOBICOKE_ (moved to kipling),Methylcyclohexane,2004-03-28T00:00,0.075,µg/m³,VOC,
60429,JUDSON ST. & ETONA CT. _ETOBICOKE_ (moved to kipling),Methylcyclohexane,2004-05-03T00:00,0.079,µg/m³,VOC,
60429,JUDSON ST. & ETONA CT. _ETOBICOKE_ (moved to kipling),Methylcyclohexane,2004-05-09T00:00,0.118,µg/m³,VOC,
60429,JUDSON ST. & ETONA CT. _ETOBICOKE_ (moved to kipling),Methylcyclohexane,2004-05-15T00:00,0.076,µg/m³,VOC,
60429,JUDSON ST. & ETONA CT. _ETOBICOKE_ (moved to kipling),Methylcyclohexane,2004-05-21T00:00,0.312,µg/m³,VOC,
60429,JUDSON ST. & ETONA CT. _ETOBICOKE_ (moved to kipling),Methylcyclohexane,2004-06-02T00:00,0.224,µg/m³,VOC,
60429,JUDSON ST. & ETONA CT. _ETOBICOKE_ (moved to kipling),Methylcyclohexane,2004-06-08T00:00,0.183,µg/m³,VOC,
60429,JUDSON ST. & ETONA CT. _ETOBICOKE_ (moved to kipling),Methylcyclohexane,2004-07-20T00:00,0.500,µg/m³,VOC,
60429,JUDSON ST. & ETONA CT. _ETOBICOKE_ (moved to kipling),Methylcyclohexane,2004-07-26T00:00,0.340,µg/m³,VOC,
60429,JUDSON ST. & ETONA CT. _ETOBICOKE_ (moved to kipling),Methylcyclohexane,2004-08-01T00:00,0.063,µg/m³,VOC,
60429,JUDSON ST. & ETONA CT. _ETOBICOKE_ (moved to kipling),Methylcyclohexane,2004-08-07T00:00,0.090,µg/m³,VOC,
60429,JUDSON ST. & ETONA CT. _ETOBICOKE_ (moved to kipling),Methylcyclohexane,2004-08-13T00:00,0.257,µg/m³,VOC,
60429,JUDSON ST. & ETONA CT. _ETOBICOKE_ (moved to kipling),Methylcyclohexane,2004-08-19T00:00,0.166,µg/m³,VOC,
60429,JUDSON ST. & ETONA CT. _ETOBICOKE_ (moved to kipling),Methylcyclohexane,2004-08-25T00:00,0.159,µg/m³,VOC,
60429,JUDSON ST. & ETONA CT. _ETOBICOKE_ (moved to kipling),Methylcyclohexane,2004-08-31T00:00,0.206,µg/m³,VOC,
60429,JUDSON ST. & ETONA CT. _ETOBICOKE_ (moved to kipling),Methylcyclohexane,2004-09-06T00:00,0.078,µg/m³,VOC,
60429,JUDSON ST. & ETONA CT. _ETOBICOKE_ (moved to kipling),Methylcyclohexane,2004-09-12T00:00,0.224,µg/m³,VOC,
60429,JUDSON ST. & ETONA CT. _ETOBICOKE_ (moved to kipling),Methylcyclohexane,2004-09-18T00:00,0.075,µg/m³,VOC,
60429,JUDSON ST. & ETONA CT. _ETOBICOKE_ (moved to kipling),Methylcyclohexane,2004-09-24T00:00,0.852,µg/m³,VOC,
60429,JUDSON ST. & ETONA CT. _ETOBICOKE_ (moved to kipling),Methylcyclohexane,2004-09-30T00:00,0.266,µg/m³,VOC,
60429,JUDSON ST. & ETONA CT. _ETOBICOKE_ (moved to kipling),Methylcyclohexane,2004-10-06T00:00,0.208,µg/m³,VOC,
60429,JUDSON ST. & ETONA CT. _ETOBICOKE_ (moved to kipling),Methylcyclohexane,2004-10-18T00:00,0.154,µg/m³,VOC,
60429,JUDSON ST. & ETONA CT. _ETOBICOKE_ (moved to kipling),Methylcyclohexane,2004-10-24T00:00,0.135,µg/m³,VOC,
60429,JUDSON ST. & ETONA CT. _ETOBICOKE_ (moved to kipling),Methylcyclohexane,2004-10-30T00:00,0.149,µg/m³,VOC,
60429,JUDSON ST. & ETONA CT. _ETOBICOKE_ (moved to kipling),Methylcyclohexane,2004-11-05T00:00,0.094,µg/m³,VOC,
60429,JUDSON ST. & ETONA CT. _ETOBICOKE_ (moved to kipling),Methylcyclohexane,2004-11-11T00:00,0.136,µg/m³,VOC,
60429,JUDSON ST. & ETONA CT. _ETOBICOKE_ (moved to kipling),Methylcyclohexane,2004-11-17T00:00,0.263,µg/m³,VOC,
60429,JUDSON ST. & ETONA CT. _ETOBICOKE_ (moved to kipling),Methylcyclohexane,2004-11-23T00:00,0.375,µg/m³,VOC,
60429,JUDSON ST. & ETONA CT. _ETOBICOKE_ (moved to kipling),Methylcyclohexane,2004-11-29T00:00,0.114,µg/m³,VOC,
60429,JUDSON ST. & ETONA CT. _ETOBICOKE_ (moved to kipling),Methylcyclohexane,2004-12-05T00:00,0.056,µg/m³,VOC,
60429,JUDSON ST. & ETONA CT. _ETOBICOKE_ (moved to kipling),Methylcyclohexane,2004-12-11T00:00,0.054,µg/m³,VOC,
60429,JUDSON ST. & ETONA CT. _ETOBICOKE_ (moved to kipling),Methylcyclohexane,2004-12-11T00:00,0.056,µg/m³,VOC,
60429,JUDSON ST. & ETONA CT. _ETOBICOKE_ (moved to kipling),Methylcyclohexane,2004-12-11T00:00,0.056,µg/m³,VOC,
60429,JUDSON ST. & ETONA CT. _ETOBICOKE_ (moved to kipling),Methylcyclohexane,2004-12-17T00:00,0.097,µg/m³,VOC,
60429,JUDSON ST. & ETONA CT. _ETOBICOKE_ (moved to kipling),Methylcyclohexane,2004-12-17T00:00,0.277,µg/m³,VOC,
60429,JUDSON ST. & ETONA CT. _ETOBICOKE_ (moved to kipling),Methylcyclohexane,2004-12-17T00:00,0.277,µg/m³,VOC,
60429,JUDSON ST. & ETONA CT. _ETOBICOKE_ (moved to kipling),Methylcyclohexane,2004-12-23T00:00,0.044,µg/m³,VOC,
60429,JUDSON ST. & ETONA CT. _ETOBICOKE_ (moved to kipling),Methylcyclohexane,2004-12-23T00:00,0.044,µg/m³,VOC,
60429,JUDSON ST. & ETONA CT. _ETOBICOKE_ (moved to kipling),Methylcyclohexane,2004-12-23T00:00,0.076,µg/m³,VOC,
60429,JUDSON ST. & ETONA CT. _ETOBICOKE_ (moved to kipling),Methylcyclohexane,2004-12-23T00:00,0.076,µg/m³,VOC,
60429,JUDSON ST. & ETONA CT. _ETOBICOKE_ (moved to kipling),Methylcyclohexane,2004-12-29T00:00,0.093,µg/m³,VOC,
60429,JUDSON ST. & ETONA CT. _ETOBICOKE_ (moved to kipling),Methylcyclohexane,2004-12-29T00:00,0.093,µg/m³,VOC,
