﻿NAPS_Site_ID,Station_Name,Pollutant,Date,Value,Units,Report_Type,Method
54102,ROUND TOP RIDGE,Trichloroethylene,1998-02-04T00:00,0.056,µg/m³,VOC,
54102,ROUND TOP RIDGE,Trichloroethylene,1998-02-10T00:00,0.039,µg/m³,VOC,
54102,ROUND TOP RIDGE,Trichloroethylene,1998-02-16T00:00,0.048,µg/m³,VOC,
54102,ROUND TOP RIDGE,Trichloroethylene,1998-02-22T00:00,0.046,µg/m³,VOC,
54102,ROUND TOP RIDGE,Trichloroethylene,1998-02-28T00:00,0.055,µg/m³,VOC,
54102,ROUND TOP RIDGE,Trichloroethylene,1998-03-06T00:00,0.048,µg/m³,VOC,
54102,ROUND TOP RIDGE,Trichloroethylene,1998-03-12T00:00,0.053,µg/m³,VOC,
54102,ROUND TOP RIDGE,Trichloroethylene,1998-03-18T00:00,0.081,µg/m³,VOC,
54102,ROUND TOP RIDGE,Trichloroethylene,1998-03-24T00:00,0.051,µg/m³,VOC,
54102,ROUND TOP RIDGE,Trichloroethylene,1998-03-30T00:00,0.052,µg/m³,VOC,
54102,ROUND TOP RIDGE,Trichloroethylene,1998-04-05T00:00,0.067,µg/m³,VOC,
54102,ROUND TOP RIDGE,Trichloroethylene,1998-04-11T00:00,0.046,µg/m³,VOC,
54102,ROUND TOP RIDGE,Trichloroethylene,1998-04-17T00:00,0.092,µg/m³,VOC,
54102,ROUND TOP RIDGE,Trichloroethylene,1998-04-23T00:00,0.086,µg/m³,VOC,
54102,ROUND TOP RIDGE,Trichloroethylene,1998-04-29T00:00,0.058,µg/m³,VOC,
54102,ROUND TOP RIDGE,Trichloroethylene,1998-05-05T00:00,0.068,µg/m³,VOC,
54102,ROUND TOP RIDGE,Trichloroethylene,1998-05-11T00:00,0.065,µg/m³,VOC,
54102,ROUND TOP RIDGE,Trichloroethylene,1998-05-17T00:00,0.047,µg/m³,VOC,
54102,ROUND TOP RIDGE,Trichloroethylene,1998-05-20T00:00,0.054,µg/m³,VOC,
54102,ROUND TOP RIDGE,Trichloroethylene,1998-05-23T00:00,0.047,µg/m³,VOC,
54102,ROUND TOP RIDGE,Trichloroethylene,1998-05-26T00:00,0.067,µg/m³,VOC,
54102,ROUND TOP RIDGE,Trichloroethylene,1998-05-29T00:00,0.046,µg/m³,VOC,
54102,ROUND TOP RIDGE,Trichloroethylene,1998-06-01T00:00,0.056,µg/m³,VOC,
54102,ROUND TOP RIDGE,Trichloroethylene,1998-06-04T00:00,0.053,µg/m³,VOC,
54102,ROUND TOP RIDGE,Trichloroethylene,1998-06-13T00:00,0.036,µg/m³,VOC,
54102,ROUND TOP RIDGE,Trichloroethylene,1998-06-16T00:00,0.054,µg/m³,VOC,
54102,ROUND TOP RIDGE,Trichloroethylene,1998-06-22T00:00,0.055,µg/m³,VOC,
54102,ROUND TOP RIDGE,Trichloroethylene,1998-06-25T00:00,0.055,µg/m³,VOC,
54102,ROUND TOP RIDGE,Trichloroethylene,1998-06-28T00:00,0.048,µg/m³,VOC,
54102,ROUND TOP RIDGE,Trichloroethylene,1998-07-01T00:00,0.051,µg/m³,VOC,
54102,ROUND TOP RIDGE,Trichloroethylene,1998-07-04T00:00,0.053,µg/m³,VOC,
54102,ROUND TOP RIDGE,Trichloroethylene,1998-07-07T00:00,0.052,µg/m³,VOC,
54102,ROUND TOP RIDGE,Trichloroethylene,1998-07-10T00:00,0.056,µg/m³,VOC,
54102,ROUND TOP RIDGE,Trichloroethylene,1998-07-13T00:00,0.034,µg/m³,VOC,
54102,ROUND TOP RIDGE,Trichloroethylene,1998-07-13T00:00,0.037,µg/m³,VOC,
54102,ROUND TOP RIDGE,Trichloroethylene,1998-07-13T00:00,0.039,µg/m³,VOC,
54102,ROUND TOP RIDGE,Trichloroethylene,1998-07-13T00:00,0.041,µg/m³,VOC,
54102,ROUND TOP RIDGE,Trichloroethylene,1998-07-14T00:00,0.044,µg/m³,VOC,
54102,ROUND TOP RIDGE,Trichloroethylene,1998-07-14T00:00,0.047,µg/m³,VOC,
54102,ROUND TOP RIDGE,Trichloroethylene,1998-07-15T00:00,0.054,µg/m³,VOC,
54102,ROUND TOP RIDGE,Trichloroethylene,1998-07-15T00:00,0.071,µg/m³,VOC,
54102,ROUND TOP RIDGE,Trichloroethylene,1998-07-15T00:00,0.078,µg/m³,VOC,
54102,ROUND TOP RIDGE,Trichloroethylene,1998-07-15T00:00,0.087,µg/m³,VOC,
54102,ROUND TOP RIDGE,Trichloroethylene,1998-07-15T00:00,0.087,µg/m³,VOC,
54102,ROUND TOP RIDGE,Trichloroethylene,1998-07-16T00:00,0.056,µg/m³,VOC,
54102,ROUND TOP RIDGE,Trichloroethylene,1998-07-16T00:00,0.062,µg/m³,VOC,
54102,ROUND TOP RIDGE,Trichloroethylene,1998-07-16T00:00,0.063,µg/m³,VOC,
54102,ROUND TOP RIDGE,Trichloroethylene,1998-07-16T00:00,0.076,µg/m³,VOC,
54102,ROUND TOP RIDGE,Trichloroethylene,1998-07-16T00:00,0.082,µg/m³,VOC,
54102,ROUND TOP RIDGE,Trichloroethylene,1998-07-17T00:00,0.051,µg/m³,VOC,
54102,ROUND TOP RIDGE,Trichloroethylene,1998-07-17T00:00,0.053,µg/m³,VOC,
54102,ROUND TOP RIDGE,Trichloroethylene,1998-07-17T00:00,0.058,µg/m³,VOC,
54102,ROUND TOP RIDGE,Trichloroethylene,1998-07-17T00:00,0.062,µg/m³,VOC,
54102,ROUND TOP RIDGE,Trichloroethylene,1998-07-17T00:00,0.064,µg/m³,VOC,
54102,ROUND TOP RIDGE,Trichloroethylene,1998-07-17T00:00,0.079,µg/m³,VOC,
54102,ROUND TOP RIDGE,Trichloroethylene,1998-07-18T00:00,0.043,µg/m³,VOC,
54102,ROUND TOP RIDGE,Trichloroethylene,1998-07-18T00:00,0.047,µg/m³,VOC,
54102,ROUND TOP RIDGE,Trichloroethylene,1998-07-18T00:00,0.057,µg/m³,VOC,
54102,ROUND TOP RIDGE,Trichloroethylene,1998-07-18T00:00,0.064,µg/m³,VOC,
54102,ROUND TOP RIDGE,Trichloroethylene,1998-07-18T00:00,0.065,µg/m³,VOC,
54102,ROUND TOP RIDGE,Trichloroethylene,1998-07-18T00:00,0.100,µg/m³,VOC,
54102,ROUND TOP RIDGE,Trichloroethylene,1998-07-19T00:00,0.036,µg/m³,VOC,
54102,ROUND TOP RIDGE,Trichloroethylene,1998-07-19T00:00,0.043,µg/m³,VOC,
54102,ROUND TOP RIDGE,Trichloroethylene,1998-07-19T00:00,0.045,µg/m³,VOC,
54102,ROUND TOP RIDGE,Trichloroethylene,1998-07-19T00:00,0.045,µg/m³,VOC,
54102,ROUND TOP RIDGE,Trichloroethylene,1998-07-19T00:00,0.046,µg/m³,VOC,
54102,ROUND TOP RIDGE,Trichloroethylene,1998-07-19T00:00,0.048,µg/m³,VOC,
54102,ROUND TOP RIDGE,Trichloroethylene,1998-07-20T00:00,0.050,µg/m³,VOC,
54102,ROUND TOP RIDGE,Trichloroethylene,1998-07-20T00:00,0.050,µg/m³,VOC,
54102,ROUND TOP RIDGE,Trichloroethylene,1998-07-20T00:00,0.051,µg/m³,VOC,
54102,ROUND TOP RIDGE,Trichloroethylene,1998-07-20T00:00,0.051,µg/m³,VOC,
54102,ROUND TOP RIDGE,Trichloroethylene,1998-07-20T00:00,0.054,µg/m³,VOC,
54102,ROUND TOP RIDGE,Trichloroethylene,1998-07-20T00:00,0.059,µg/m³,VOC,
54102,ROUND TOP RIDGE,Trichloroethylene,1998-07-21T00:00,0.047,µg/m³,VOC,
54102,ROUND TOP RIDGE,Trichloroethylene,1998-07-21T00:00,0.050,µg/m³,VOC,
54102,ROUND TOP RIDGE,Trichloroethylene,1998-07-21T00:00,0.056,µg/m³,VOC,
54102,ROUND TOP RIDGE,Trichloroethylene,1998-07-21T00:00,0.058,µg/m³,VOC,
54102,ROUND TOP RIDGE,Trichloroethylene,1998-07-21T00:00,0.060,µg/m³,VOC,
54102,ROUND TOP RIDGE,Trichloroethylene,1998-07-21T00:00,0.069,µg/m³,VOC,
54102,ROUND TOP RIDGE,Trichloroethylene,1998-07-22T00:00,0.047,µg/m³,VOC,
54102,ROUND TOP RIDGE,Trichloroethylene,1998-07-22T00:00,0.050,µg/m³,VOC,
54102,ROUND TOP RIDGE,Trichloroethylene,1998-07-22T00:00,0.053,µg/m³,VOC,
54102,ROUND TOP RIDGE,Trichloroethylene,1998-07-22T00:00,0.067,µg/m³,VOC,
54102,ROUND TOP RIDGE,Trichloroethylene,1998-07-22T00:00,0.068,µg/m³,VOC,
54102,ROUND TOP RIDGE,Trichloroethylene,1998-07-22T00:00,0.071,µg/m³,VOC,
54102,ROUND TOP RIDGE,Trichloroethylene,1998-07-23T00:00,0.041,µg/m³,VOC,
54102,ROUND TOP RIDGE,Trichloroethylene,1998-07-23T00:00,0.041,µg/m³,VOC,
54102,ROUND TOP RIDGE,Trichloroethylene,1998-07-23T00:00,0.047,µg/m³,VOC,
54102,ROUND TOP RIDGE,Trichloroethylene,1998-07-23T00:00,0.050,µg/m³,VOC,
54102,ROUND TOP RIDGE,Trichloroethylene,1998-07-23T00:00,0.059,µg/m³,VOC,
54102,ROUND TOP RIDGE,Trichloroethylene,1998-07-23T00:00,0.062,µg/m³,VOC,
54102,ROUND TOP RIDGE,Trichloroethylene,1998-07-24T00:00,0.042,µg/m³,VOC,
54102,ROUND TOP RIDGE,Trichloroethylene,1998-07-24T00:00,0.045,µg/m³,VOC,
54102,ROUND TOP RIDGE,Trichloroethylene,1998-07-24T00:00,0.060,µg/m³,VOC,
54102,ROUND TOP RIDGE,Trichloroethylene,1998-07-24T00:00,0.063,µg/m³,VOC,
54102,ROUND TOP RIDGE,Trichloroethylene,1998-07-24T00:00,0.064,µg/m³,VOC,
54102,ROUND TOP RIDGE,Trichloroethylene,1998-07-24T00:00,0.070,µg/m³,VOC,
54102,ROUND TOP RIDGE,Trichloroethylene,1998-07-25T00:00,0.042,µg/m³,VOC,
54102,ROUND TOP RIDGE,Trichloroethylene,1998-07-25T00:00,0.043,µg/m³,VOC,
54102,ROUND TOP RIDGE,Trichloroethylene,1998-07-25T00:00,0.058,µg/m³,VOC,
54102,ROUND TOP RIDGE,Trichloroethylene,1998-07-25T00:00,0.061,µg/m³,VOC,
54102,ROUND TOP RIDGE,Trichloroethylene,1998-07-25T00:00,0.064,µg/m³,VOC,
54102,ROUND TOP RIDGE,Trichloroethylene,1998-07-25T00:00,0.066,µg/m³,VOC,
54102,ROUND TOP RIDGE,Trichloroethylene,1998-07-26T00:00,0.044,µg/m³,VOC,
54102,ROUND TOP RIDGE,Trichloroethylene,1998-07-26T00:00,0.046,µg/m³,VOC,
54102,ROUND TOP RIDGE,Trichloroethylene,1998-07-26T00:00,0.047,µg/m³,VOC,
54102,ROUND TOP RIDGE,Trichloroethylene,1998-07-26T00:00,0.049,µg/m³,VOC,
54102,ROUND TOP RIDGE,Trichloroethylene,1998-07-26T00:00,0.052,µg/m³,VOC,
54102,ROUND TOP RIDGE,Trichloroethylene,1998-07-26T00:00,0.062,µg/m³,VOC,
54102,ROUND TOP RIDGE,Trichloroethylene,1998-07-27T00:00,0.044,µg/m³,VOC,
54102,ROUND TOP RIDGE,Trichloroethylene,1998-07-27T00:00,0.045,µg/m³,VOC,
54102,ROUND TOP RIDGE,Trichloroethylene,1998-07-27T00:00,0.046,µg/m³,VOC,
54102,ROUND TOP RIDGE,Trichloroethylene,1998-07-27T00:00,0.049,µg/m³,VOC,
54102,ROUND TOP RIDGE,Trichloroethylene,1998-07-27T00:00,0.052,µg/m³,VOC,
54102,ROUND TOP RIDGE,Trichloroethylene,1998-07-27T00:00,0.055,µg/m³,VOC,
54102,ROUND TOP RIDGE,Trichloroethylene,1998-07-28T00:00,0.043,µg/m³,VOC,
54102,ROUND TOP RIDGE,Trichloroethylene,1998-07-28T00:00,0.048,µg/m³,VOC,
54102,ROUND TOP RIDGE,Trichloroethylene,1998-07-28T00:00,0.048,µg/m³,VOC,
54102,ROUND TOP RIDGE,Trichloroethylene,1998-07-28T00:00,0.053,µg/m³,VOC,
54102,ROUND TOP RIDGE,Trichloroethylene,1998-07-28T00:00,0.059,µg/m³,VOC,
54102,ROUND TOP RIDGE,Trichloroethylene,1998-07-28T00:00,0.067,µg/m³,VOC,
54102,ROUND TOP RIDGE,Trichloroethylene,1998-07-29T00:00,0.050,µg/m³,VOC,
54102,ROUND TOP RIDGE,Trichloroethylene,1998-07-29T00:00,0.059,µg/m³,VOC,
54102,ROUND TOP RIDGE,Trichloroethylene,1998-08-03T00:00,0.068,µg/m³,VOC,
54102,ROUND TOP RIDGE,Trichloroethylene,1998-08-09T00:00,0.054,µg/m³,VOC,
54102,ROUND TOP RIDGE,Trichloroethylene,1998-08-12T00:00,0.044,µg/m³,VOC,
54102,ROUND TOP RIDGE,Trichloroethylene,1998-08-15T00:00,0.055,µg/m³,VOC,
54102,ROUND TOP RIDGE,Trichloroethylene,1998-08-18T00:00,0.057,µg/m³,VOC,
54102,ROUND TOP RIDGE,Trichloroethylene,1998-08-21T00:00,0.092,µg/m³,VOC,
54102,ROUND TOP RIDGE,Trichloroethylene,1998-08-24T00:00,0.040,µg/m³,VOC,
54102,ROUND TOP RIDGE,Trichloroethylene,1998-08-27T00:00,0.050,µg/m³,VOC,
54102,ROUND TOP RIDGE,Trichloroethylene,1998-08-30T00:00,0.037,µg/m³,VOC,
54102,ROUND TOP RIDGE,Trichloroethylene,1998-09-02T00:00,0.070,µg/m³,VOC,
54102,ROUND TOP RIDGE,Trichloroethylene,1998-09-05T00:00,0.050,µg/m³,VOC,
54102,ROUND TOP RIDGE,Trichloroethylene,1998-09-08T00:00,0.045,µg/m³,VOC,
54102,ROUND TOP RIDGE,Trichloroethylene,1998-09-11T00:00,0.039,µg/m³,VOC,
54102,ROUND TOP RIDGE,Trichloroethylene,1998-09-14T00:00,0.037,µg/m³,VOC,
54102,ROUND TOP RIDGE,Trichloroethylene,1998-09-17T00:00,0.057,µg/m³,VOC,
54102,ROUND TOP RIDGE,Trichloroethylene,1998-09-20T00:00,0.055,µg/m³,VOC,
54102,ROUND TOP RIDGE,Trichloroethylene,1998-09-26T00:00,0.071,µg/m³,VOC,
54102,ROUND TOP RIDGE,Trichloroethylene,1998-09-29T00:00,0.053,µg/m³,VOC,
54102,ROUND TOP RIDGE,Trichloroethylene,1998-10-02T00:00,0.055,µg/m³,VOC,
54102,ROUND TOP RIDGE,Trichloroethylene,1998-10-05T00:00,0.079,µg/m³,VOC,
54102,ROUND TOP RIDGE,Trichloroethylene,1998-10-11T00:00,0.051,µg/m³,VOC,
54102,ROUND TOP RIDGE,Trichloroethylene,1998-10-14T00:00,0.070,µg/m³,VOC,
54102,ROUND TOP RIDGE,Trichloroethylene,1998-10-17T00:00,0.053,µg/m³,VOC,
54102,ROUND TOP RIDGE,Trichloroethylene,1998-10-20T00:00,0.053,µg/m³,VOC,
54102,ROUND TOP RIDGE,Trichloroethylene,1998-10-23T00:00,0.047,µg/m³,VOC,
54102,ROUND TOP RIDGE,Trichloroethylene,1998-10-26T00:00,0.042,µg/m³,VOC,
54102,ROUND TOP RIDGE,Trichloroethylene,1998-10-29T00:00,0.042,µg/m³,VOC,
54102,ROUND TOP RIDGE,Trichloroethylene,1998-11-01T00:00,0.052,µg/m³,VOC,
54102,ROUND TOP RIDGE,Trichloroethylene,1998-11-13T00:00,0.035,µg/m³,VOC,
54102,ROUND TOP RIDGE,Trichloroethylene,1998-11-16T00:00,0.044,µg/m³,VOC,
54102,ROUND TOP RIDGE,Trichloroethylene,1998-11-19T00:00,0.042,µg/m³,VOC,
54102,ROUND TOP RIDGE,Trichloroethylene,1998-11-22T00:00,0.039,µg/m³,VOC,
54102,ROUND TOP RIDGE,Trichloroethylene,1998-11-25T00:00,0.054,µg/m³,VOC,
54102,ROUND TOP RIDGE,Trichloroethylene,1998-11-28T00:00,0.058,µg/m³,VOC,
54102,ROUND TOP RIDGE,Trichloroethylene,1998-12-01T00:00,0.040,µg/m³,VOC,
54102,ROUND TOP RIDGE,Trichloroethylene,1998-12-10T00:00,0.061,µg/m³,VOC,
54102,ROUND TOP RIDGE,Trichloroethylene,1998-12-13T00:00,0.061,µg/m³,VOC,
54102,ROUND TOP RIDGE,Trichloroethylene,1998-12-16T00:00,0.060,µg/m³,VOC,
54102,ROUND TOP RIDGE,Trichloroethylene,1998-12-19T00:00,0.058,µg/m³,VOC,
54102,ROUND TOP RIDGE,Trichloroethylene,1998-12-22T00:00,0.048,µg/m³,VOC,
54102,ROUND TOP RIDGE,Trichloroethylene,1998-12-25T00:00,0.037,µg/m³,VOC,
54102,ROUND TOP RIDGE,Trichloroethylene,1998-12-28T00:00,0.058,µg/m³,VOC,
54102,ROUND TOP RIDGE,Trichloroethylene,1998-12-31T00:00,0.042,µg/m³,VOC,
