﻿NAPS_Site_ID,Station_Name,Pollutant,Date,Value,Units,Report_Type,Method
100132,MAHON PARK,trans-2-Pentene,1994-01-08T00:00,0.045,µg/m³,VOC,
100132,MAHON PARK,trans-2-Pentene,1994-02-19T00:00,0.116,µg/m³,VOC,
100132,MAHON PARK,trans-2-Pentene,1994-03-21T00:00,0.110,µg/m³,VOC,
100132,MAHON PARK,trans-2-Pentene,1994-04-26T00:00,0.273,µg/m³,VOC,
100132,MAHON PARK,trans-2-Pentene,1994-06-01T00:00,0.097,µg/m³,VOC,
100132,MAHON PARK,trans-2-Pentene,1994-07-13T00:00,0.436,µg/m³,VOC,
100132,MAHON PARK,trans-2-Pentene,1994-10-11T00:00,0.555,µg/m³,VOC,
100132,MAHON PARK,trans-2-Pentene,1994-11-16T00:00,0.230,µg/m³,VOC,
100132,MAHON PARK,trans-2-Pentene,1994-12-22T00:00,0.129,µg/m³,VOC,
