﻿NAPS_Site_ID,Station_Name,Pollutant,Date,Value,Units,Report_Type,Method
54301,VILLEROY,Freon 22,1996-01-16T00:00,0.472,µg/m³,VOC,N/A
54301,VILLEROY,Freon 22,1996-01-22T00:00,0.407,µg/m³,VOC,N/A
54301,VILLEROY,Freon 22,1996-01-28T00:00,0.336,µg/m³,VOC,N/A
54301,VILLEROY,Freon 22,1996-02-03T00:00,0.324,µg/m³,VOC,N/A
54301,VILLEROY,Freon 22,1996-02-09T00:00,0.253,µg/m³,VOC,N/A
54301,VILLEROY,Freon 22,1996-02-21T00:00,0.258,µg/m³,VOC,N/A
54301,VILLEROY,Freon 22,1996-03-10T00:00,0.339,µg/m³,VOC,N/A
54301,VILLEROY,Freon 22,1996-03-16T00:00,0.315,µg/m³,VOC,N/A
54301,VILLEROY,Freon 22,1996-03-22T00:00,0.375,µg/m³,VOC,N/A
54301,VILLEROY,Freon 22,1996-03-28T00:00,0.325,µg/m³,VOC,N/A
54301,VILLEROY,Freon 22,1996-04-09T00:00,0.335,µg/m³,VOC,N/A
54301,VILLEROY,Freon 22,1996-04-15T00:00,0.409,µg/m³,VOC,N/A
54301,VILLEROY,Freon 22,1996-04-21T00:00,0.312,µg/m³,VOC,N/A
54301,VILLEROY,Freon 22,1996-04-27T00:00,0.298,µg/m³,VOC,N/A
54301,VILLEROY,Freon 22,1996-05-03T00:00,0.323,µg/m³,VOC,N/A
54301,VILLEROY,Freon 22,1996-05-09T00:00,0.307,µg/m³,VOC,N/A
54301,VILLEROY,Freon 22,1996-05-15T00:00,0.292,µg/m³,VOC,N/A
54301,VILLEROY,Freon 22,1996-05-21T00:00,0.310,µg/m³,VOC,N/A
54301,VILLEROY,Freon 22,1996-05-27T00:00,0.291,µg/m³,VOC,N/A
54301,VILLEROY,Freon 22,1996-06-02T00:00,0.406,µg/m³,VOC,N/A
54301,VILLEROY,Freon 22,1996-06-08T00:00,0.392,µg/m³,VOC,N/A
54301,VILLEROY,Freon 22,1996-06-14T00:00,0.439,µg/m³,VOC,N/A
54301,VILLEROY,Freon 22,1996-06-20T00:00,0.348,µg/m³,VOC,N/A
54301,VILLEROY,Freon 22,1996-06-26T00:00,0.356,µg/m³,VOC,N/A
54301,VILLEROY,Freon 22,1996-07-02T00:00,0.363,µg/m³,VOC,N/A
54301,VILLEROY,Freon 22,1996-07-08T00:00,0.425,µg/m³,VOC,N/A
54301,VILLEROY,Freon 22,1996-07-14T00:00,0.454,µg/m³,VOC,N/A
54301,VILLEROY,Freon 22,1996-07-20T00:00,0.229,µg/m³,VOC,N/A
54301,VILLEROY,Freon 22,1996-07-26T00:00,0.291,µg/m³,VOC,N/A
54301,VILLEROY,Freon 22,1996-08-01T00:00,0.600,µg/m³,VOC,N/A
54301,VILLEROY,Freon 22,1996-08-07T00:00,0.328,µg/m³,VOC,N/A
54301,VILLEROY,Freon 22,1996-08-19T00:00,0.260,µg/m³,VOC,N/A
54301,VILLEROY,Freon 22,1996-08-25T00:00,0.304,µg/m³,VOC,N/A
54301,VILLEROY,Freon 22,1996-08-31T00:00,0.402,µg/m³,VOC,N/A
54301,VILLEROY,Freon 22,1996-09-06T00:00,0.374,µg/m³,VOC,N/A
54301,VILLEROY,Freon 22,1996-09-12T00:00,0.369,µg/m³,VOC,N/A
54301,VILLEROY,Freon 22,1996-09-18T00:00,0.403,µg/m³,VOC,N/A
54301,VILLEROY,Freon 22,1996-09-30T00:00,0.428,µg/m³,VOC,N/A
54301,VILLEROY,Freon 22,1996-10-06T00:00,0.458,µg/m³,VOC,N/A
54301,VILLEROY,Freon 22,1996-10-12T00:00,0.424,µg/m³,VOC,N/A
54301,VILLEROY,Freon 22,1996-10-18T00:00,0.257,µg/m³,VOC,N/A
54301,VILLEROY,Freon 22,1996-10-24T00:00,0.351,µg/m³,VOC,N/A
54301,VILLEROY,Freon 22,1996-10-30T00:00,0.263,µg/m³,VOC,N/A
54301,VILLEROY,Freon 22,1996-11-05T00:00,0.300,µg/m³,VOC,N/A
54301,VILLEROY,Freon 22,1996-11-11T00:00,0.340,µg/m³,VOC,N/A
54301,VILLEROY,Freon 22,1996-11-17T00:00,0.540,µg/m³,VOC,N/A
54301,VILLEROY,Freon 22,1996-11-23T00:00,0.360,µg/m³,VOC,N/A
54301,VILLEROY,Freon 22,1996-11-29T00:00,0.440,µg/m³,VOC,N/A
54301,VILLEROY,Freon 22,1996-12-17T00:00,0.480,µg/m³,VOC,N/A
54301,VILLEROY,Freon 22,1996-12-23T00:00,0.440,µg/m³,VOC,N/A
54301,VILLEROY,Freon 22,1996-12-29T00:00,0.380,µg/m³,VOC,N/A
