﻿NAPS_Site_ID,Station_Name,Pollutant,Date,Value,Units,Report_Type,Method
60204,WINDSOR DOWNTOWN,12378-P5CDF,1991-01-06T00:00,0.618,pg/m³,PCDD,GC-MS
60204,WINDSOR DOWNTOWN,12378-P5CDF,1991-01-30T00:00,0.128,pg/m³,PCDD,GC-MS
60204,WINDSOR DOWNTOWN,12378-P5CDF,1991-03-19T00:00,0.030,pg/m³,PCDD,GC-MS
60204,WINDSOR DOWNTOWN,12378-P5CDF,1991-04-12T00:00,0.012,pg/m³,PCDD,GC-MS
60204,WINDSOR DOWNTOWN,12378-P5CDF,1991-05-06T00:00,0.000,pg/m³,PCDD,GC-MS
60204,WINDSOR DOWNTOWN,12378-P5CDF,1991-05-30T00:00,0.026,pg/m³,PCDD,GC-MS
60204,WINDSOR DOWNTOWN,12378-P5CDF,1991-08-10T00:00,0.095,pg/m³,PCDD,GC-MS
60204,WINDSOR DOWNTOWN,12378-P5CDF,1991-09-03T00:00,0.754,pg/m³,PCDD,GC-MS
60204,WINDSOR DOWNTOWN,12378-P5CDF,1991-09-27T00:00,0.027,pg/m³,PCDD,GC-MS
60204,WINDSOR DOWNTOWN,12378-P5CDF,1991-10-21T00:00,0.020,pg/m³,PCDD,GC-MS
60204,WINDSOR DOWNTOWN,12378-P5CDF,1991-11-14T00:00,0.043,pg/m³,PCDD,GC-MS
60204,WINDSOR DOWNTOWN,12378-P5CDF,1991-11-26T00:00,0.009,pg/m³,PCDD,GC-MS
60204,WINDSOR DOWNTOWN,12378-P5CDF,1991-12-08T00:00,0.023,pg/m³,PCDD,GC-MS
