﻿NAPS_Site_ID,Station_Name,Pollutant,Date,Value,Units,Report_Type,Method
60418,JUNCTION TRIANGLE,2-Methyl-2-butene,1997-01-04T00:00,0.780,µg/m³,VOC,
60418,JUNCTION TRIANGLE,2-Methyl-2-butene,1997-01-10T00:00,0.240,µg/m³,VOC,
60418,JUNCTION TRIANGLE,2-Methyl-2-butene,1997-01-16T00:00,0.200,µg/m³,VOC,
60418,JUNCTION TRIANGLE,2-Methyl-2-butene,1997-01-22T00:00,0.520,µg/m³,VOC,
60418,JUNCTION TRIANGLE,2-Methyl-2-butene,1997-01-28T00:00,0.280,µg/m³,VOC,
60418,JUNCTION TRIANGLE,2-Methyl-2-butene,1997-02-03T00:00,0.600,µg/m³,VOC,
60418,JUNCTION TRIANGLE,2-Methyl-2-butene,1997-02-09T00:00,0.580,µg/m³,VOC,
60418,JUNCTION TRIANGLE,2-Methyl-2-butene,1997-02-15T00:00,0.280,µg/m³,VOC,
60418,JUNCTION TRIANGLE,2-Methyl-2-butene,1997-02-21T00:00,1.680,µg/m³,VOC,
60418,JUNCTION TRIANGLE,2-Methyl-2-butene,1997-02-27T00:00,0.360,µg/m³,VOC,
60418,JUNCTION TRIANGLE,2-Methyl-2-butene,1997-03-05T00:00,0.440,µg/m³,VOC,
60418,JUNCTION TRIANGLE,2-Methyl-2-butene,1997-03-11T00:00,0.280,µg/m³,VOC,
60418,JUNCTION TRIANGLE,2-Methyl-2-butene,1997-03-17T00:00,0.300,µg/m³,VOC,
60418,JUNCTION TRIANGLE,2-Methyl-2-butene,1997-03-23T00:00,0.280,µg/m³,VOC,
60418,JUNCTION TRIANGLE,2-Methyl-2-butene,1997-03-29T00:00,1.160,µg/m³,VOC,
60418,JUNCTION TRIANGLE,2-Methyl-2-butene,1997-04-04T00:00,0.580,µg/m³,VOC,
60418,JUNCTION TRIANGLE,2-Methyl-2-butene,1997-04-10T00:00,0.300,µg/m³,VOC,
60418,JUNCTION TRIANGLE,2-Methyl-2-butene,1997-04-16T00:00,0.400,µg/m³,VOC,
60418,JUNCTION TRIANGLE,2-Methyl-2-butene,1997-04-22T00:00,1.020,µg/m³,VOC,
60418,JUNCTION TRIANGLE,2-Methyl-2-butene,1997-04-28T00:00,0.480,µg/m³,VOC,
60418,JUNCTION TRIANGLE,2-Methyl-2-butene,1997-05-04T00:00,0.280,µg/m³,VOC,
60418,JUNCTION TRIANGLE,2-Methyl-2-butene,1997-05-10T00:00,0.260,µg/m³,VOC,
60418,JUNCTION TRIANGLE,2-Methyl-2-butene,1997-05-16T00:00,0.220,µg/m³,VOC,
60418,JUNCTION TRIANGLE,2-Methyl-2-butene,1997-05-22T00:00,0.240,µg/m³,VOC,
60418,JUNCTION TRIANGLE,2-Methyl-2-butene,1997-05-28T00:00,1.924,µg/m³,VOC,
60418,JUNCTION TRIANGLE,2-Methyl-2-butene,1997-06-09T00:00,0.744,µg/m³,VOC,
60418,JUNCTION TRIANGLE,2-Methyl-2-butene,1997-06-15T00:00,0.394,µg/m³,VOC,
60418,JUNCTION TRIANGLE,2-Methyl-2-butene,1997-06-21T00:00,0.720,µg/m³,VOC,
60418,JUNCTION TRIANGLE,2-Methyl-2-butene,1997-06-27T00:00,0.497,µg/m³,VOC,
60418,JUNCTION TRIANGLE,2-Methyl-2-butene,1997-07-03T00:00,0.191,µg/m³,VOC,
60418,JUNCTION TRIANGLE,2-Methyl-2-butene,1997-07-09T00:00,0.436,µg/m³,VOC,
60418,JUNCTION TRIANGLE,2-Methyl-2-butene,1997-07-15T00:00,0.490,µg/m³,VOC,
60418,JUNCTION TRIANGLE,2-Methyl-2-butene,1997-07-21T00:00,0.558,µg/m³,VOC,
60418,JUNCTION TRIANGLE,2-Methyl-2-butene,1997-07-27T00:00,0.511,µg/m³,VOC,
60418,JUNCTION TRIANGLE,2-Methyl-2-butene,1997-08-02T00:00,0.400,µg/m³,VOC,
60418,JUNCTION TRIANGLE,2-Methyl-2-butene,1997-08-08T00:00,0.827,µg/m³,VOC,
60418,JUNCTION TRIANGLE,2-Methyl-2-butene,1997-08-14T00:00,0.586,µg/m³,VOC,
60418,JUNCTION TRIANGLE,2-Methyl-2-butene,1997-08-20T00:00,0.487,µg/m³,VOC,
60418,JUNCTION TRIANGLE,2-Methyl-2-butene,1997-08-26T00:00,0.858,µg/m³,VOC,
60418,JUNCTION TRIANGLE,2-Methyl-2-butene,1997-09-01T00:00,0.889,µg/m³,VOC,
60418,JUNCTION TRIANGLE,2-Methyl-2-butene,1997-09-07T00:00,0.489,µg/m³,VOC,
60418,JUNCTION TRIANGLE,2-Methyl-2-butene,1997-09-13T00:00,11.456,µg/m³,VOC,
60418,JUNCTION TRIANGLE,2-Methyl-2-butene,1997-09-25T00:00,0.607,µg/m³,VOC,
60418,JUNCTION TRIANGLE,2-Methyl-2-butene,1997-10-01T00:00,0.323,µg/m³,VOC,
60418,JUNCTION TRIANGLE,2-Methyl-2-butene,1997-10-07T00:00,1.948,µg/m³,VOC,
60418,JUNCTION TRIANGLE,2-Methyl-2-butene,1997-10-13T00:00,2.047,µg/m³,VOC,
60418,JUNCTION TRIANGLE,2-Methyl-2-butene,1997-10-19T00:00,3.979,µg/m³,VOC,
60418,JUNCTION TRIANGLE,2-Methyl-2-butene,1997-11-12T00:00,0.737,µg/m³,VOC,
60418,JUNCTION TRIANGLE,2-Methyl-2-butene,1997-11-18T00:00,0.507,µg/m³,VOC,
60418,JUNCTION TRIANGLE,2-Methyl-2-butene,1997-11-24T00:00,0.306,µg/m³,VOC,
60418,JUNCTION TRIANGLE,2-Methyl-2-butene,1997-11-30T00:00,0.392,µg/m³,VOC,
60418,JUNCTION TRIANGLE,2-Methyl-2-butene,1997-12-06T00:00,0.326,µg/m³,VOC,
60418,JUNCTION TRIANGLE,2-Methyl-2-butene,1997-12-12T00:00,0.260,µg/m³,VOC,
60418,JUNCTION TRIANGLE,2-Methyl-2-butene,1997-12-18T00:00,1.000,µg/m³,VOC,
60418,JUNCTION TRIANGLE,2-Methyl-2-butene,1997-12-24T00:00,0.460,µg/m³,VOC,
60418,JUNCTION TRIANGLE,2-Methyl-2-butene,1997-12-30T00:00,0.240,µg/m³,VOC,
