﻿NAPS_Site_ID,Station_Name,Pollutant,Date,Value,Units,Report_Type,Method
60428,BRAMPTON _BRAMPTON_,Acetylene,2003-01-03T00:00,1.824,µg/m³,VOC,GC-FID
60428,BRAMPTON _BRAMPTON_,Acetylene,2003-01-09T00:00,1.562,µg/m³,VOC,GC-FID
60428,BRAMPTON _BRAMPTON_,Acetylene,2003-01-15T00:00,0.754,µg/m³,VOC,GC-FID
60428,BRAMPTON _BRAMPTON_,Acetylene,2003-01-21T00:00,1.511,µg/m³,VOC,GC-FID
60428,BRAMPTON _BRAMPTON_,Acetylene,2003-01-27T00:00,1.998,µg/m³,VOC,GC-FID
60428,BRAMPTON _BRAMPTON_,Acetylene,2003-02-02T00:00,2.380,µg/m³,VOC,GC-FID
60428,BRAMPTON _BRAMPTON_,Acetylene,2003-02-08T00:00,0.835,µg/m³,VOC,GC-FID
60428,BRAMPTON _BRAMPTON_,Acetylene,2003-02-14T00:00,2.276,µg/m³,VOC,GC-FID
60428,BRAMPTON _BRAMPTON_,Acetylene,2003-02-20T00:00,1.360,µg/m³,VOC,GC-FID
60428,BRAMPTON _BRAMPTON_,Acetylene,2003-02-26T00:00,3.499,µg/m³,VOC,GC-FID
60428,BRAMPTON _BRAMPTON_,Acetylene,2003-03-04T00:00,1.982,µg/m³,VOC,GC-FID
60428,BRAMPTON _BRAMPTON_,Acetylene,2003-03-10T00:00,1.097,µg/m³,VOC,GC-FID
60428,BRAMPTON _BRAMPTON_,Acetylene,2003-03-16T00:00,3.355,µg/m³,VOC,GC-FID
60428,BRAMPTON _BRAMPTON_,Acetylene,2003-03-22T00:00,1.217,µg/m³,VOC,GC-FID
60428,BRAMPTON _BRAMPTON_,Acetylene,2003-03-28T00:00,1.433,µg/m³,VOC,GC-FID
60428,BRAMPTON _BRAMPTON_,Acetylene,2003-04-03T00:00,0.856,µg/m³,VOC,GC-FID
60428,BRAMPTON _BRAMPTON_,Acetylene,2003-07-02T00:00,1.036,µg/m³,VOC,GC-FID
60428,BRAMPTON _BRAMPTON_,Acetylene,2003-07-08T00:00,0.386,µg/m³,VOC,GC-FID
60428,BRAMPTON _BRAMPTON_,Acetylene,2003-07-14T00:00,0.755,µg/m³,VOC,GC-FID
60428,BRAMPTON _BRAMPTON_,Acetylene,2003-07-20T00:00,0.789,µg/m³,VOC,GC-FID
60428,BRAMPTON _BRAMPTON_,Acetylene,2003-07-26T00:00,0.507,µg/m³,VOC,GC-FID
60428,BRAMPTON _BRAMPTON_,Acetylene,2003-08-01T00:00,1.044,µg/m³,VOC,GC-FID
60428,BRAMPTON _BRAMPTON_,Acetylene,2003-08-07T00:00,0.391,µg/m³,VOC,GC-FID
60428,BRAMPTON _BRAMPTON_,Acetylene,2003-08-13T00:00,0.730,µg/m³,VOC,GC-FID
60428,BRAMPTON _BRAMPTON_,Acetylene,2003-08-19T00:00,0.503,µg/m³,VOC,GC-FID
60428,BRAMPTON _BRAMPTON_,Acetylene,2003-08-25T00:00,0.471,µg/m³,VOC,GC-FID
60428,BRAMPTON _BRAMPTON_,Acetylene,2003-08-31T00:00,0.440,µg/m³,VOC,GC-FID
60428,BRAMPTON _BRAMPTON_,Acetylene,2003-09-06T00:00,1.494,µg/m³,VOC,GC-FID
60428,BRAMPTON _BRAMPTON_,Acetylene,2003-09-12T00:00,1.003,µg/m³,VOC,GC-FID
60428,BRAMPTON _BRAMPTON_,Acetylene,2003-09-18T00:00,0.623,µg/m³,VOC,GC-FID
60428,BRAMPTON _BRAMPTON_,Acetylene,2003-09-24T00:00,0.567,µg/m³,VOC,GC-FID
60428,BRAMPTON _BRAMPTON_,Acetylene,2003-09-30T00:00,1.115,µg/m³,VOC,GC-FID
60428,BRAMPTON _BRAMPTON_,Acetylene,2003-10-06T00:00,1.747,µg/m³,VOC,GC-FID
60428,BRAMPTON _BRAMPTON_,Acetylene,2003-10-12T00:00,0.998,µg/m³,VOC,GC-FID
60428,BRAMPTON _BRAMPTON_,Acetylene,2003-10-24T00:00,1.269,µg/m³,VOC,GC-FID
60428,BRAMPTON _BRAMPTON_,Acetylene,2003-10-30T00:00,1.567,µg/m³,VOC,GC-FID
60428,BRAMPTON _BRAMPTON_,Acetylene,2003-11-05T00:00,1.231,µg/m³,VOC,GC-FID
60428,BRAMPTON _BRAMPTON_,Acetylene,2003-11-11T00:00,2.214,µg/m³,VOC,GC-FID
60428,BRAMPTON _BRAMPTON_,Acetylene,2003-11-17T00:00,1.483,µg/m³,VOC,GC-FID
60428,BRAMPTON _BRAMPTON_,Acetylene,2003-11-23T00:00,2.212,µg/m³,VOC,GC-FID
60428,BRAMPTON _BRAMPTON_,Acetylene,2003-11-29T00:00,0.426,µg/m³,VOC,GC-FID
60428,BRAMPTON _BRAMPTON_,Acetylene,2003-12-05T00:00,1.042,µg/m³,VOC,GC-FID
60428,BRAMPTON _BRAMPTON_,Acetylene,2003-12-11T00:00,0.955,µg/m³,VOC,GC-FID
60428,BRAMPTON _BRAMPTON_,Acetylene,2003-12-17T00:00,0.887,µg/m³,VOC,GC-FID
60428,BRAMPTON _BRAMPTON_,Acetylene,2003-12-23T00:00,1.769,µg/m³,VOC,GC-FID
