﻿NAPS_Site_ID,Station_Name,Pollutant,Date,Value,Units,Report_Type,Method
63201,HWY 47 & HWY 48 _YORK_REGION_,Octane,2005-01-04T00:00,0.031,µg/m³,VOC,
63201,HWY 47 & HWY 48 _YORK_REGION_,Octane,2005-01-10T00:00,0.045,µg/m³,VOC,
63201,HWY 47 & HWY 48 _YORK_REGION_,Octane,2005-01-16T00:00,0.028,µg/m³,VOC,
63201,HWY 47 & HWY 48 _YORK_REGION_,Octane,2005-01-22T00:00,0.018,µg/m³,VOC,
63201,HWY 47 & HWY 48 _YORK_REGION_,Octane,2005-01-28T00:00,0.067,µg/m³,VOC,
63201,HWY 47 & HWY 48 _YORK_REGION_,Octane,2005-02-03T00:00,0.142,µg/m³,VOC,
63201,HWY 47 & HWY 48 _YORK_REGION_,Octane,2005-02-09T00:00,0.021,µg/m³,VOC,
63201,HWY 47 & HWY 48 _YORK_REGION_,Octane,2005-02-15T00:00,0.041,µg/m³,VOC,
63201,HWY 47 & HWY 48 _YORK_REGION_,Octane,2005-02-21T00:00,0.026,µg/m³,VOC,
63201,HWY 47 & HWY 48 _YORK_REGION_,Octane,2005-02-27T00:00,0.010,µg/m³,VOC,
63201,HWY 47 & HWY 48 _YORK_REGION_,Octane,2005-03-05T00:00,0.045,µg/m³,VOC,
63201,HWY 47 & HWY 48 _YORK_REGION_,Octane,2005-03-11T00:00,0.090,µg/m³,VOC,
63201,HWY 47 & HWY 48 _YORK_REGION_,Octane,2005-03-23T00:00,0.023,µg/m³,VOC,
63201,HWY 47 & HWY 48 _YORK_REGION_,Octane,2005-04-04T00:00,0.030,µg/m³,VOC,
63201,HWY 47 & HWY 48 _YORK_REGION_,Octane,2005-04-10T00:00,0.043,µg/m³,VOC,
63201,HWY 47 & HWY 48 _YORK_REGION_,Octane,2005-04-16T00:00,0.102,µg/m³,VOC,
63201,HWY 47 & HWY 48 _YORK_REGION_,Octane,2005-04-22T00:00,0.055,µg/m³,VOC,
63201,HWY 47 & HWY 48 _YORK_REGION_,Octane,2005-04-28T00:00,0.034,µg/m³,VOC,
63201,HWY 47 & HWY 48 _YORK_REGION_,Octane,2005-05-04T00:00,0.068,µg/m³,VOC,
63201,HWY 47 & HWY 48 _YORK_REGION_,Octane,2005-05-22T00:00,0.017,µg/m³,VOC,
63201,HWY 47 & HWY 48 _YORK_REGION_,Octane,2005-05-28T00:00,0.057,µg/m³,VOC,
63201,HWY 47 & HWY 48 _YORK_REGION_,Octane,2005-06-03T00:00,0.055,µg/m³,VOC,
63201,HWY 47 & HWY 48 _YORK_REGION_,Octane,2005-06-09T00:00,0.057,µg/m³,VOC,
63201,HWY 47 & HWY 48 _YORK_REGION_,Octane,2005-06-15T00:00,0.045,µg/m³,VOC,
63201,HWY 47 & HWY 48 _YORK_REGION_,Octane,2005-06-21T00:00,0.133,µg/m³,VOC,
63201,HWY 47 & HWY 48 _YORK_REGION_,Octane,2005-06-27T00:00,0.130,µg/m³,VOC,
63201,HWY 47 & HWY 48 _YORK_REGION_,Octane,2005-07-03T00:00,0.079,µg/m³,VOC,
63201,HWY 47 & HWY 48 _YORK_REGION_,Octane,2005-07-09T00:00,0.062,µg/m³,VOC,
63201,HWY 47 & HWY 48 _YORK_REGION_,Octane,2005-07-15T00:00,0.034,µg/m³,VOC,
63201,HWY 47 & HWY 48 _YORK_REGION_,Octane,2005-07-21T00:00,0.104,µg/m³,VOC,
63201,HWY 47 & HWY 48 _YORK_REGION_,Octane,2005-07-27T00:00,0.063,µg/m³,VOC,
63201,HWY 47 & HWY 48 _YORK_REGION_,Octane,2005-08-02T00:00,0.075,µg/m³,VOC,
63201,HWY 47 & HWY 48 _YORK_REGION_,Octane,2005-08-08T00:00,0.121,µg/m³,VOC,
63201,HWY 47 & HWY 48 _YORK_REGION_,Octane,2005-08-14T00:00,0.025,µg/m³,VOC,
63201,HWY 47 & HWY 48 _YORK_REGION_,Octane,2005-08-20T00:00,0.032,µg/m³,VOC,
63201,HWY 47 & HWY 48 _YORK_REGION_,Octane,2005-08-26T00:00,0.105,µg/m³,VOC,
63201,HWY 47 & HWY 48 _YORK_REGION_,Octane,2005-09-01T00:00,0.053,µg/m³,VOC,
63201,HWY 47 & HWY 48 _YORK_REGION_,Octane,2005-09-07T00:00,0.320,µg/m³,VOC,
63201,HWY 47 & HWY 48 _YORK_REGION_,Octane,2005-09-13T00:00,0.253,µg/m³,VOC,
63201,HWY 47 & HWY 48 _YORK_REGION_,Octane,2005-09-19T00:00,0.141,µg/m³,VOC,
63201,HWY 47 & HWY 48 _YORK_REGION_,Octane,2005-09-25T00:00,0.079,µg/m³,VOC,
63201,HWY 47 & HWY 48 _YORK_REGION_,Octane,2005-10-01T00:00,0.297,µg/m³,VOC,
63201,HWY 47 & HWY 48 _YORK_REGION_,Octane,2005-10-07T00:00,0.023,µg/m³,VOC,
63201,HWY 47 & HWY 48 _YORK_REGION_,Octane,2005-10-13T00:00,0.019,µg/m³,VOC,
63201,HWY 47 & HWY 48 _YORK_REGION_,Octane,2005-10-19T00:00,0.068,µg/m³,VOC,
63201,HWY 47 & HWY 48 _YORK_REGION_,Octane,2005-10-25T00:00,0.013,µg/m³,VOC,
63201,HWY 47 & HWY 48 _YORK_REGION_,Octane,2005-10-31T00:00,0.167,µg/m³,VOC,
63201,HWY 47 & HWY 48 _YORK_REGION_,Octane,2005-11-06T00:00,0.045,µg/m³,VOC,
63201,HWY 47 & HWY 48 _YORK_REGION_,Octane,2005-11-12T00:00,0.186,µg/m³,VOC,
63201,HWY 47 & HWY 48 _YORK_REGION_,Octane,2005-11-24T00:00,0.033,µg/m³,VOC,
63201,HWY 47 & HWY 48 _YORK_REGION_,Octane,2005-11-30T00:00,0.065,µg/m³,VOC,
63201,HWY 47 & HWY 48 _YORK_REGION_,Octane,2005-12-06T00:00,0.032,µg/m³,VOC,
63201,HWY 47 & HWY 48 _YORK_REGION_,Octane,2005-12-12T00:00,0.135,µg/m³,VOC,
63201,HWY 47 & HWY 48 _YORK_REGION_,Octane,2005-12-18T00:00,0.048,µg/m³,VOC,
63201,HWY 47 & HWY 48 _YORK_REGION_,Octane,2005-12-24T00:00,0.184,µg/m³,VOC,
63201,HWY 47 & HWY 48 _YORK_REGION_,Octane,2005-12-30T00:00,0.022,µg/m³,VOC,
