﻿NAPS_Site_ID,Station_Name,Pollutant,Date,Value,Units,Report_Type,Method
55201,LEMIEUX,Methylcyclohexane,1999-09-09T00:00,0.016,µg/m³,VOC,N/A
55201,LEMIEUX,Methylcyclohexane,1999-09-15T00:00,0.024,µg/m³,VOC,N/A
55201,LEMIEUX,Methylcyclohexane,1999-09-21T00:00,0.021,µg/m³,VOC,N/A
55201,LEMIEUX,Methylcyclohexane,1999-09-27T00:00,0.020,µg/m³,VOC,N/A
55201,LEMIEUX,Methylcyclohexane,1999-10-03T00:00,0.018,µg/m³,VOC,N/A
55201,LEMIEUX,Methylcyclohexane,1999-10-09T00:00,0.032,µg/m³,VOC,N/A
55201,LEMIEUX,Methylcyclohexane,1999-10-15T00:00,0.312,µg/m³,VOC,N/A
55201,LEMIEUX,Methylcyclohexane,1999-10-21T00:00,0.071,µg/m³,VOC,N/A
55201,LEMIEUX,Methylcyclohexane,1999-11-02T00:00,0.043,µg/m³,VOC,N/A
55201,LEMIEUX,Methylcyclohexane,1999-11-08T00:00,0.028,µg/m³,VOC,N/A
55201,LEMIEUX,Methylcyclohexane,1999-11-14T00:00,0.098,µg/m³,VOC,N/A
55201,LEMIEUX,Methylcyclohexane,1999-11-20T00:00,0.083,µg/m³,VOC,N/A
55201,LEMIEUX,Methylcyclohexane,1999-11-26T00:00,0.047,µg/m³,VOC,N/A
55201,LEMIEUX,Methylcyclohexane,1999-12-02T00:00,0.153,µg/m³,VOC,N/A
55201,LEMIEUX,Methylcyclohexane,1999-12-08T00:00,0.048,µg/m³,VOC,N/A
55201,LEMIEUX,Methylcyclohexane,1999-12-14T00:00,0.045,µg/m³,VOC,N/A
55201,LEMIEUX,Methylcyclohexane,1999-12-20T00:00,0.039,µg/m³,VOC,N/A
55201,LEMIEUX,Methylcyclohexane,1999-12-26T00:00,0.063,µg/m³,VOC,N/A
