﻿NAPS_Site_ID,Station_Name,Pollutant,Date,Value,Units,Report_Type,Method
100133,BURMOUNT,Dodecane,1996-01-10T00:00,0.095,µg/m³,VOC,GC-MS
100133,BURMOUNT,Dodecane,1996-01-22T00:00,0.096,µg/m³,VOC,GC-MS
100133,BURMOUNT,Dodecane,1996-02-03T00:00,0.193,µg/m³,VOC,GC-MS
100133,BURMOUNT,Dodecane,1996-02-15T00:00,0.382,µg/m³,VOC,GC-MS
100133,BURMOUNT,Dodecane,1996-02-27T00:00,0.084,µg/m³,VOC,GC-MS
100133,BURMOUNT,Dodecane,1996-03-10T00:00,0.064,µg/m³,VOC,GC-MS
100133,BURMOUNT,Dodecane,1996-03-22T00:00,0.091,µg/m³,VOC,GC-MS
100133,BURMOUNT,Dodecane,1996-04-03T00:00,0.081,µg/m³,VOC,GC-MS
100133,BURMOUNT,Dodecane,1996-04-15T00:00,0.063,µg/m³,VOC,GC-MS
100133,BURMOUNT,Dodecane,1996-04-27T00:00,0.052,µg/m³,VOC,GC-MS
100133,BURMOUNT,Dodecane,1996-05-15T00:00,0.040,µg/m³,VOC,GC-MS
100133,BURMOUNT,Dodecane,1996-05-27T00:00,0.037,µg/m³,VOC,GC-MS
100133,BURMOUNT,Dodecane,1996-06-08T00:00,0.044,µg/m³,VOC,GC-MS
100133,BURMOUNT,Dodecane,1996-06-20T00:00,0.096,µg/m³,VOC,GC-MS
100133,BURMOUNT,Dodecane,1996-07-14T00:00,0.189,µg/m³,VOC,GC-MS
100133,BURMOUNT,Dodecane,1996-07-26T00:00,0.194,µg/m³,VOC,GC-MS
100133,BURMOUNT,Dodecane,1996-08-07T00:00,0.186,µg/m³,VOC,GC-MS
100133,BURMOUNT,Dodecane,1996-08-19T00:00,0.106,µg/m³,VOC,GC-MS
100133,BURMOUNT,Dodecane,1996-08-31T00:00,0.054,µg/m³,VOC,GC-MS
100133,BURMOUNT,Dodecane,1996-09-12T00:00,0.105,µg/m³,VOC,GC-MS
100133,BURMOUNT,Dodecane,1996-09-30T00:00,0.120,µg/m³,VOC,GC-MS
100133,BURMOUNT,Dodecane,1996-10-12T00:00,0.070,µg/m³,VOC,GC-MS
100133,BURMOUNT,Dodecane,1996-10-30T00:00,0.121,µg/m³,VOC,GC-MS
100133,BURMOUNT,Dodecane,1996-11-11T00:00,0.115,µg/m³,VOC,GC-MS
100133,BURMOUNT,Dodecane,1996-11-23T00:00,0.092,µg/m³,VOC,GC-MS
100133,BURMOUNT,Dodecane,1996-12-17T00:00,0.280,µg/m³,VOC,GC-MS
