﻿NAPS_Site_ID,Station_Name,Pollutant,Date,Value,Units,Report_Type,Method
80110,REGINA-2505 11TH. AVENUE,Freon 22,2007-01-06T00:00,0.654,µg/m³,VOC,N/A
80110,REGINA-2505 11TH. AVENUE,Freon 22,2007-01-12T00:00,0.839,µg/m³,VOC,N/A
80110,REGINA-2505 11TH. AVENUE,Freon 22,2007-01-18T00:00,0.681,µg/m³,VOC,N/A
80110,REGINA-2505 11TH. AVENUE,Freon 22,2007-01-24T00:00,0.835,µg/m³,VOC,N/A
80110,REGINA-2505 11TH. AVENUE,Freon 22,2007-01-30T00:00,0.879,µg/m³,VOC,N/A
80110,REGINA-2505 11TH. AVENUE,Freon 22,2007-02-05T00:00,0.735,µg/m³,VOC,N/A
80110,REGINA-2505 11TH. AVENUE,Freon 22,2007-02-11T00:00,0.787,µg/m³,VOC,N/A
80110,REGINA-2505 11TH. AVENUE,Freon 22,2007-02-17T00:00,0.582,µg/m³,VOC,N/A
80110,REGINA-2505 11TH. AVENUE,Freon 22,2007-02-23T00:00,0.602,µg/m³,VOC,N/A
80110,REGINA-2505 11TH. AVENUE,Freon 22,2007-03-01T00:00,0.589,µg/m³,VOC,N/A
80110,REGINA-2505 11TH. AVENUE,Freon 22,2007-03-19T00:00,0.572,µg/m³,VOC,N/A
80110,REGINA-2505 11TH. AVENUE,Freon 22,2007-03-31T00:00,0.576,µg/m³,VOC,N/A
80110,REGINA-2505 11TH. AVENUE,Freon 22,2007-04-06T00:00,0.551,µg/m³,VOC,N/A
80110,REGINA-2505 11TH. AVENUE,Freon 22,2007-04-12T00:00,0.742,µg/m³,VOC,N/A
80110,REGINA-2505 11TH. AVENUE,Freon 22,2007-04-18T00:00,0.725,µg/m³,VOC,N/A
80110,REGINA-2505 11TH. AVENUE,Freon 22,2007-04-24T00:00,0.748,µg/m³,VOC,N/A
80110,REGINA-2505 11TH. AVENUE,Freon 22,2007-05-24T00:00,0.601,µg/m³,VOC,N/A
80110,REGINA-2505 11TH. AVENUE,Freon 22,2007-06-29T00:00,0.917,µg/m³,VOC,N/A
80110,REGINA-2505 11TH. AVENUE,Freon 22,2007-07-05T00:00,0.988,µg/m³,VOC,N/A
80110,REGINA-2505 11TH. AVENUE,Freon 22,2007-07-11T00:00,0.688,µg/m³,VOC,N/A
80110,REGINA-2505 11TH. AVENUE,Freon 22,2007-07-17T00:00,0.754,µg/m³,VOC,N/A
80110,REGINA-2505 11TH. AVENUE,Freon 22,2007-07-23T00:00,0.871,µg/m³,VOC,N/A
80110,REGINA-2505 11TH. AVENUE,Freon 22,2007-07-29T00:00,0.789,µg/m³,VOC,N/A
80110,REGINA-2505 11TH. AVENUE,Freon 22,2007-08-04T00:00,0.633,µg/m³,VOC,N/A
80110,REGINA-2505 11TH. AVENUE,Freon 22,2007-08-10T00:00,21.806,µg/m³,VOC,N/A
80110,REGINA-2505 11TH. AVENUE,Freon 22,2007-08-16T00:00,0.988,µg/m³,VOC,N/A
80110,REGINA-2505 11TH. AVENUE,Freon 22,2007-08-22T00:00,0.643,µg/m³,VOC,N/A
80110,REGINA-2505 11TH. AVENUE,Freon 22,2007-08-28T00:00,5.313,µg/m³,VOC,N/A
80110,REGINA-2505 11TH. AVENUE,Freon 22,2007-09-03T00:00,3.324,µg/m³,VOC,N/A
80110,REGINA-2505 11TH. AVENUE,Freon 22,2007-09-09T00:00,0.749,µg/m³,VOC,N/A
80110,REGINA-2505 11TH. AVENUE,Freon 22,2007-09-15T00:00,1.566,µg/m³,VOC,N/A
80110,REGINA-2505 11TH. AVENUE,Freon 22,2007-09-21T00:00,0.615,µg/m³,VOC,N/A
80110,REGINA-2505 11TH. AVENUE,Freon 22,2007-09-27T00:00,0.574,µg/m³,VOC,N/A
80110,REGINA-2505 11TH. AVENUE,Freon 22,2007-10-03T00:00,0.590,µg/m³,VOC,N/A
80110,REGINA-2505 11TH. AVENUE,Freon 22,2007-10-09T00:00,0.627,µg/m³,VOC,N/A
80110,REGINA-2505 11TH. AVENUE,Freon 22,2007-10-15T00:00,0.590,µg/m³,VOC,N/A
80110,REGINA-2505 11TH. AVENUE,Freon 22,2007-10-21T00:00,0.691,µg/m³,VOC,N/A
80110,REGINA-2505 11TH. AVENUE,Freon 22,2007-10-27T00:00,0.758,µg/m³,VOC,N/A
80110,REGINA-2505 11TH. AVENUE,Freon 22,2007-11-02T00:00,0.709,µg/m³,VOC,N/A
80110,REGINA-2505 11TH. AVENUE,Freon 22,2007-11-08T00:00,0.746,µg/m³,VOC,N/A
80110,REGINA-2505 11TH. AVENUE,Freon 22,2007-11-20T00:00,0.654,µg/m³,VOC,N/A
80110,REGINA-2505 11TH. AVENUE,Freon 22,2007-11-26T00:00,0.755,µg/m³,VOC,N/A
80110,REGINA-2505 11TH. AVENUE,Freon 22,2007-12-02T00:00,5.744,µg/m³,VOC,N/A
80110,REGINA-2505 11TH. AVENUE,Freon 22,2007-12-08T00:00,6.251,µg/m³,VOC,N/A
80110,REGINA-2505 11TH. AVENUE,Freon 22,2007-12-14T00:00,0.740,µg/m³,VOC,N/A
80110,REGINA-2505 11TH. AVENUE,Freon 22,2007-12-26T00:00,0.940,µg/m³,VOC,N/A
