﻿NAPS_Site_ID,Station_Name,Pollutant,Date,Value,Units,Report_Type,Method
60440,TORONTO NORTH - DOWNSVIEW,Methylcyclopentane,2020-01-10T00:00,0.359,µg/m³,VOC,GC-MS
60440,TORONTO NORTH - DOWNSVIEW,Methylcyclopentane,2020-01-16T00:00,0.190,µg/m³,VOC,GC-MS
60440,TORONTO NORTH - DOWNSVIEW,Methylcyclopentane,2020-01-22T00:00,0.474,µg/m³,VOC,GC-MS
60440,TORONTO NORTH - DOWNSVIEW,Methylcyclopentane,2020-01-28T00:00,0.309,µg/m³,VOC,GC-MS
60440,TORONTO NORTH - DOWNSVIEW,Methylcyclopentane,2020-02-03T00:00,0.084,µg/m³,VOC,GC-MS
60440,TORONTO NORTH - DOWNSVIEW,Methylcyclopentane,2020-02-09T00:00,0.075,µg/m³,VOC,GC-MS
60440,TORONTO NORTH - DOWNSVIEW,Methylcyclopentane,2020-02-15T00:00,0.271,µg/m³,VOC,GC-MS
