﻿NAPS_Site_ID,Station_Name,Pollutant,Date,Value,Units,Report_Type,Method
60904,LONDON,3-Methylpentane,2015-01-05T19:00,0.154,µg/m³,VOC,GC-MS
60904,LONDON,3-Methylpentane,2015-01-11T19:00,0.220,µg/m³,VOC,GC-MS
60904,LONDON,3-Methylpentane,2015-01-17T19:00,0.175,µg/m³,VOC,GC-MS
60904,LONDON,3-Methylpentane,2015-01-23T19:00,0.190,µg/m³,VOC,GC-MS
60904,LONDON,3-Methylpentane,2015-01-29T19:00,0.092,µg/m³,VOC,GC-MS
60904,LONDON,3-Methylpentane,2015-02-04T19:00,0.104,µg/m³,VOC,GC-MS
60904,LONDON,3-Methylpentane,2015-02-10T19:00,0.226,µg/m³,VOC,GC-MS
60904,LONDON,3-Methylpentane,2015-02-16T19:00,0.360,µg/m³,VOC,GC-MS
60904,LONDON,3-Methylpentane,2015-03-12T20:00,0.149,µg/m³,VOC,GC-MS
60904,LONDON,3-Methylpentane,2015-03-18T20:00,0.264,µg/m³,VOC,GC-MS
60904,LONDON,3-Methylpentane,2015-03-24T20:00,0.135,µg/m³,VOC,GC-MS
60904,LONDON,3-Methylpentane,2015-03-30T20:00,0.100,µg/m³,VOC,GC-MS
60904,LONDON,3-Methylpentane,2015-04-05T20:00,0.112,µg/m³,VOC,GC-MS
60904,LONDON,3-Methylpentane,2015-04-11T20:00,0.505,µg/m³,VOC,GC-MS
60904,LONDON,3-Methylpentane,2015-04-17T20:00,0.133,µg/m³,VOC,GC-MS
60904,LONDON,3-Methylpentane,2015-04-23T20:00,0.098,µg/m³,VOC,GC-MS
60904,LONDON,3-Methylpentane,2015-04-29T20:00,0.115,µg/m³,VOC,GC-MS
60904,LONDON,3-Methylpentane,2015-06-22T20:00,0.111,µg/m³,VOC,GC-MS
60904,LONDON,3-Methylpentane,2015-06-28T20:00,0.161,µg/m³,VOC,GC-MS
60904,LONDON,3-Methylpentane,2015-07-04T20:00,0.202,µg/m³,VOC,GC-MS
60904,LONDON,3-Methylpentane,2015-07-10T20:00,0.757,µg/m³,VOC,GC-MS
60904,LONDON,3-Methylpentane,2015-07-16T20:00,0.175,µg/m³,VOC,GC-MS
60904,LONDON,3-Methylpentane,2015-07-22T20:00,0.650,µg/m³,VOC,GC-MS
60904,LONDON,3-Methylpentane,2015-07-28T20:00,0.357,µg/m³,VOC,GC-MS
60904,LONDON,3-Methylpentane,2015-08-03T20:00,0.214,µg/m³,VOC,GC-MS
60904,LONDON,3-Methylpentane,2015-08-09T20:00,0.210,µg/m³,VOC,GC-MS
60904,LONDON,3-Methylpentane,2015-08-15T20:00,0.186,µg/m³,VOC,GC-MS
60904,LONDON,3-Methylpentane,2015-08-21T20:00,0.701,µg/m³,VOC,GC-MS
60904,LONDON,3-Methylpentane,2015-08-27T20:00,0.406,µg/m³,VOC,GC-MS
60904,LONDON,3-Methylpentane,2015-09-02T20:00,0.477,µg/m³,VOC,GC-MS
60904,LONDON,3-Methylpentane,2015-09-08T20:00,0.350,µg/m³,VOC,GC-MS
60904,LONDON,3-Methylpentane,2015-09-14T20:00,0.280,µg/m³,VOC,GC-MS
60904,LONDON,3-Methylpentane,2015-09-20T20:00,0.267,µg/m³,VOC,GC-MS
60904,LONDON,3-Methylpentane,2015-09-26T20:00,0.090,µg/m³,VOC,GC-MS
60904,LONDON,3-Methylpentane,2015-10-02T20:00,0.249,µg/m³,VOC,GC-MS
60904,LONDON,3-Methylpentane,2015-10-08T20:00,0.168,µg/m³,VOC,GC-MS
60904,LONDON,3-Methylpentane,2015-10-14T20:00,0.140,µg/m³,VOC,GC-MS
60904,LONDON,3-Methylpentane,2015-10-20T20:00,0.291,µg/m³,VOC,GC-MS
60904,LONDON,3-Methylpentane,2015-10-26T20:00,0.162,µg/m³,VOC,GC-MS
60904,LONDON,3-Methylpentane,2015-11-01T19:00,0.440,µg/m³,VOC,GC-MS
60904,LONDON,3-Methylpentane,2015-11-07T19:00,0.153,µg/m³,VOC,GC-MS
60904,LONDON,3-Methylpentane,2015-11-13T19:00,0.054,µg/m³,VOC,GC-MS
60904,LONDON,3-Methylpentane,2015-11-19T19:00,0.300,µg/m³,VOC,GC-MS
60904,LONDON,3-Methylpentane,2015-11-25T19:00,0.136,µg/m³,VOC,GC-MS
60904,LONDON,3-Methylpentane,2015-12-01T19:00,0.450,µg/m³,VOC,GC-MS
60904,LONDON,3-Methylpentane,2015-12-07T19:00,0.187,µg/m³,VOC,GC-MS
60904,LONDON,3-Methylpentane,2015-12-13T19:00,0.158,µg/m³,VOC,GC-MS
60904,LONDON,3-Methylpentane,2015-12-19T19:00,0.170,µg/m³,VOC,GC-MS
60904,LONDON,3-Methylpentane,2015-12-25T19:00,0.200,µg/m³,VOC,GC-MS
