﻿NAPS_Site_ID,Station_Name,Pollutant,Date,Value,Units,Report_Type,Method
40208,CHAMPLAIN HEIGHTS SCHOOL,Cyclohexane,2008-01-13T00:00,2.620,µg/m³,VOC,
40208,CHAMPLAIN HEIGHTS SCHOOL,Cyclohexane,2008-01-19T00:00,2.100,µg/m³,VOC,
40208,CHAMPLAIN HEIGHTS SCHOOL,Cyclohexane,2008-01-25T00:00,1.597,µg/m³,VOC,
40208,CHAMPLAIN HEIGHTS SCHOOL,Cyclohexane,2008-01-31T00:00,2.186,µg/m³,VOC,
40208,CHAMPLAIN HEIGHTS SCHOOL,Cyclohexane,2008-02-06T00:00,0.076,µg/m³,VOC,
40208,CHAMPLAIN HEIGHTS SCHOOL,Cyclohexane,2008-03-07T00:00,2.000,µg/m³,VOC,
40208,CHAMPLAIN HEIGHTS SCHOOL,Cyclohexane,2008-03-19T00:00,0.284,µg/m³,VOC,
40208,CHAMPLAIN HEIGHTS SCHOOL,Cyclohexane,2008-03-25T00:00,0.598,µg/m³,VOC,
40208,CHAMPLAIN HEIGHTS SCHOOL,Cyclohexane,2008-03-31T00:00,3.648,µg/m³,VOC,
40208,CHAMPLAIN HEIGHTS SCHOOL,Cyclohexane,2008-04-06T00:00,0.182,µg/m³,VOC,
40208,CHAMPLAIN HEIGHTS SCHOOL,Cyclohexane,2008-04-12T00:00,0.441,µg/m³,VOC,
40208,CHAMPLAIN HEIGHTS SCHOOL,Cyclohexane,2008-04-24T00:00,0.032,µg/m³,VOC,
40208,CHAMPLAIN HEIGHTS SCHOOL,Cyclohexane,2008-04-30T00:00,0.873,µg/m³,VOC,
40208,CHAMPLAIN HEIGHTS SCHOOL,Cyclohexane,2008-05-06T00:00,2.269,µg/m³,VOC,
40208,CHAMPLAIN HEIGHTS SCHOOL,Cyclohexane,2008-05-18T00:00,14.344,µg/m³,VOC,
40208,CHAMPLAIN HEIGHTS SCHOOL,Cyclohexane,2008-05-24T00:00,3.994,µg/m³,VOC,
40208,CHAMPLAIN HEIGHTS SCHOOL,Cyclohexane,2008-05-30T00:00,7.312,µg/m³,VOC,
40208,CHAMPLAIN HEIGHTS SCHOOL,Cyclohexane,2008-06-05T00:00,0.045,µg/m³,VOC,
40208,CHAMPLAIN HEIGHTS SCHOOL,Cyclohexane,2008-06-11T00:00,7.140,µg/m³,VOC,
40208,CHAMPLAIN HEIGHTS SCHOOL,Cyclohexane,2008-06-17T00:00,1.079,µg/m³,VOC,
40208,CHAMPLAIN HEIGHTS SCHOOL,Cyclohexane,2008-06-23T00:00,15.026,µg/m³,VOC,
40208,CHAMPLAIN HEIGHTS SCHOOL,Cyclohexane,2008-06-29T00:00,0.020,µg/m³,VOC,
40208,CHAMPLAIN HEIGHTS SCHOOL,Cyclohexane,2008-07-05T00:00,9.438,µg/m³,VOC,
40208,CHAMPLAIN HEIGHTS SCHOOL,Cyclohexane,2008-07-11T00:00,2.144,µg/m³,VOC,
40208,CHAMPLAIN HEIGHTS SCHOOL,Cyclohexane,2008-07-17T00:00,12.769,µg/m³,VOC,
40208,CHAMPLAIN HEIGHTS SCHOOL,Cyclohexane,2008-07-23T00:00,2.656,µg/m³,VOC,
40208,CHAMPLAIN HEIGHTS SCHOOL,Cyclohexane,2008-07-29T00:00,9.712,µg/m³,VOC,
40208,CHAMPLAIN HEIGHTS SCHOOL,Cyclohexane,2008-08-04T00:00,0.025,µg/m³,VOC,
40208,CHAMPLAIN HEIGHTS SCHOOL,Cyclohexane,2008-08-10T00:00,5.299,µg/m³,VOC,
40208,CHAMPLAIN HEIGHTS SCHOOL,Cyclohexane,2008-08-16T00:00,6.526,µg/m³,VOC,
40208,CHAMPLAIN HEIGHTS SCHOOL,Cyclohexane,2008-08-28T00:00,0.067,µg/m³,VOC,
40208,CHAMPLAIN HEIGHTS SCHOOL,Cyclohexane,2008-09-03T00:00,0.053,µg/m³,VOC,
40208,CHAMPLAIN HEIGHTS SCHOOL,Cyclohexane,2008-09-09T00:00,14.778,µg/m³,VOC,
40208,CHAMPLAIN HEIGHTS SCHOOL,Cyclohexane,2008-09-15T00:00,7.565,µg/m³,VOC,
40208,CHAMPLAIN HEIGHTS SCHOOL,Cyclohexane,2008-09-21T00:00,0.752,µg/m³,VOC,
40208,CHAMPLAIN HEIGHTS SCHOOL,Cyclohexane,2008-09-27T00:00,0.055,µg/m³,VOC,
40208,CHAMPLAIN HEIGHTS SCHOOL,Cyclohexane,2008-10-03T00:00,13.573,µg/m³,VOC,
40208,CHAMPLAIN HEIGHTS SCHOOL,Cyclohexane,2008-10-09T00:00,14.208,µg/m³,VOC,
40208,CHAMPLAIN HEIGHTS SCHOOL,Cyclohexane,2008-10-15T00:00,3.136,µg/m³,VOC,
40208,CHAMPLAIN HEIGHTS SCHOOL,Cyclohexane,2008-10-21T00:00,0.045,µg/m³,VOC,
40208,CHAMPLAIN HEIGHTS SCHOOL,Cyclohexane,2008-10-27T00:00,7.460,µg/m³,VOC,
40208,CHAMPLAIN HEIGHTS SCHOOL,Cyclohexane,2008-11-02T00:00,0.547,µg/m³,VOC,
40208,CHAMPLAIN HEIGHTS SCHOOL,Cyclohexane,2008-11-08T00:00,0.147,µg/m³,VOC,
40208,CHAMPLAIN HEIGHTS SCHOOL,Cyclohexane,2008-11-14T00:00,0.049,µg/m³,VOC,
40208,CHAMPLAIN HEIGHTS SCHOOL,Cyclohexane,2008-11-20T00:00,0.582,µg/m³,VOC,
40208,CHAMPLAIN HEIGHTS SCHOOL,Cyclohexane,2008-11-26T00:00,0.061,µg/m³,VOC,
40208,CHAMPLAIN HEIGHTS SCHOOL,Cyclohexane,2008-12-02T00:00,11.360,µg/m³,VOC,
40208,CHAMPLAIN HEIGHTS SCHOOL,Cyclohexane,2008-12-08T00:00,0.058,µg/m³,VOC,
40208,CHAMPLAIN HEIGHTS SCHOOL,Cyclohexane,2008-12-14T00:00,2.839,µg/m³,VOC,
