﻿NAPS_Site_ID,Station_Name,Pollutant,Date,Value,Units,Report_Type,Method
63601,LONGWOODS CONS. AUTHORITY,Methylcyclopentane,2020-01-04T00:00,0.048,µg/m³,VOC,GC-MS
63601,LONGWOODS CONS. AUTHORITY,Methylcyclopentane,2020-01-10T00:00,0.034,µg/m³,VOC,GC-MS
63601,LONGWOODS CONS. AUTHORITY,Methylcyclopentane,2020-01-16T00:00,0.031,µg/m³,VOC,GC-MS
63601,LONGWOODS CONS. AUTHORITY,Methylcyclopentane,2020-01-22T00:00,0.030,µg/m³,VOC,GC-MS
63601,LONGWOODS CONS. AUTHORITY,Methylcyclopentane,2020-01-28T00:00,0.025,µg/m³,VOC,GC-MS
63601,LONGWOODS CONS. AUTHORITY,Methylcyclopentane,2020-02-03T00:00,0.066,µg/m³,VOC,GC-MS
63601,LONGWOODS CONS. AUTHORITY,Methylcyclopentane,2020-02-09T00:00,0.031,µg/m³,VOC,GC-MS
63601,LONGWOODS CONS. AUTHORITY,Methylcyclopentane,2020-02-15T00:00,0.030,µg/m³,VOC,GC-MS
63601,LONGWOODS CONS. AUTHORITY,Methylcyclopentane,2020-02-27T00:00,0.023,µg/m³,VOC,GC-MS
