﻿NAPS_Site_ID,Station_Name,Pollutant,Date,Value,Units,Report_Type,Method
50902,SAGUENAY-PARC POWELL,H6CDD,2005-01-10T00:00,0.082,pg/m³,PCDD,GC-MS
50902,SAGUENAY-PARC POWELL,H6CDD,2005-02-03T00:00,0.100,pg/m³,PCDD,GC-MS
50902,SAGUENAY-PARC POWELL,H6CDD,2005-03-23T00:00,0.023,pg/m³,PCDD,GC-MS
50902,SAGUENAY-PARC POWELL,H6CDD,2005-04-16T00:00,0.036,pg/m³,PCDD,GC-MS
50902,SAGUENAY-PARC POWELL,H6CDD,2005-05-10T00:00,0.056,pg/m³,PCDD,GC-MS
50902,SAGUENAY-PARC POWELL,H6CDD,2005-06-27T00:00,0.093,pg/m³,PCDD,GC-MS
50902,SAGUENAY-PARC POWELL,H6CDD,2005-07-21T00:00,0.060,pg/m³,PCDD,GC-MS
50902,SAGUENAY-PARC POWELL,H6CDD,2005-08-14T00:00,0.045,pg/m³,PCDD,GC-MS
50902,SAGUENAY-PARC POWELL,H6CDD,2005-09-07T00:00,0.067,pg/m³,PCDD,GC-MS
50902,SAGUENAY-PARC POWELL,H6CDD,2005-10-01T00:00,0.053,pg/m³,PCDD,GC-MS
50902,SAGUENAY-PARC POWELL,H6CDD,2005-12-12T00:00,0.033,pg/m³,PCDD,GC-MS
