﻿NAPS_Site_ID,Station_Name,Pollutant,Date,Value,Units,Report_Type,Method
100132,MAHON PARK,3-Methylpentane,1991-01-06T00:00,5.440,µg/m³,VOC,
100132,MAHON PARK,3-Methylpentane,1991-01-30T00:00,4.146,µg/m³,VOC,
100132,MAHON PARK,3-Methylpentane,1991-03-01T00:00,2.004,µg/m³,VOC,
100132,MAHON PARK,3-Methylpentane,1991-03-31T00:00,2.073,µg/m³,VOC,
100132,MAHON PARK,3-Methylpentane,1991-04-30T00:00,1.659,µg/m³,VOC,
100132,MAHON PARK,3-Methylpentane,1991-05-30T00:00,1.842,µg/m³,VOC,
100132,MAHON PARK,3-Methylpentane,1991-06-29T00:00,1.287,µg/m³,VOC,
100132,MAHON PARK,3-Methylpentane,1991-08-04T00:00,1.978,µg/m³,VOC,
100132,MAHON PARK,3-Methylpentane,1991-09-09T00:00,4.311,µg/m³,VOC,
100132,MAHON PARK,3-Methylpentane,1991-12-20T00:00,0.560,µg/m³,VOC,
