﻿NAPS_Site_ID,Station_Name,Pollutant,Date,Value,Units,Report_Type,Method
90121,EDMONTON EAST,Octane,1996-01-04T00:00,0.446,µg/m³,VOC,
90121,EDMONTON EAST,Octane,1996-01-10T00:00,0.906,µg/m³,VOC,
90121,EDMONTON EAST,Octane,1996-01-16T00:00,0.362,µg/m³,VOC,
90121,EDMONTON EAST,Octane,1996-01-22T00:00,1.408,µg/m³,VOC,
90121,EDMONTON EAST,Octane,1996-01-28T00:00,0.419,µg/m³,VOC,
90121,EDMONTON EAST,Octane,1996-02-03T00:00,0.891,µg/m³,VOC,
90121,EDMONTON EAST,Octane,1996-02-09T00:00,1.317,µg/m³,VOC,
90121,EDMONTON EAST,Octane,1996-02-15T00:00,0.302,µg/m³,VOC,
90121,EDMONTON EAST,Octane,1996-02-21T00:00,1.551,µg/m³,VOC,
90121,EDMONTON EAST,Octane,1996-02-27T00:00,1.040,µg/m³,VOC,
90121,EDMONTON EAST,Octane,1996-03-04T00:00,0.464,µg/m³,VOC,
90121,EDMONTON EAST,Octane,1996-03-10T00:00,0.562,µg/m³,VOC,
90121,EDMONTON EAST,Octane,1996-03-16T00:00,0.295,µg/m³,VOC,
90121,EDMONTON EAST,Octane,1996-03-22T00:00,0.551,µg/m³,VOC,
90121,EDMONTON EAST,Octane,1996-03-28T00:00,0.596,µg/m³,VOC,
90121,EDMONTON EAST,Octane,1996-04-03T00:00,0.446,µg/m³,VOC,
90121,EDMONTON EAST,Octane,1996-04-09T00:00,0.559,µg/m³,VOC,
90121,EDMONTON EAST,Octane,1996-04-15T00:00,0.247,µg/m³,VOC,
90121,EDMONTON EAST,Octane,1996-04-21T00:00,0.541,µg/m³,VOC,
90121,EDMONTON EAST,Octane,1996-04-27T00:00,0.209,µg/m³,VOC,
90121,EDMONTON EAST,Octane,1996-05-03T00:00,0.658,µg/m³,VOC,
90121,EDMONTON EAST,Octane,1996-05-09T00:00,1.985,µg/m³,VOC,
90121,EDMONTON EAST,Octane,1996-05-15T00:00,0.842,µg/m³,VOC,
90121,EDMONTON EAST,Octane,1996-05-21T00:00,0.294,µg/m³,VOC,
90121,EDMONTON EAST,Octane,1996-05-27T00:00,0.498,µg/m³,VOC,
90121,EDMONTON EAST,Octane,1996-06-02T00:00,0.954,µg/m³,VOC,
90121,EDMONTON EAST,Octane,1996-06-08T00:00,0.363,µg/m³,VOC,
90121,EDMONTON EAST,Octane,1996-06-14T00:00,0.763,µg/m³,VOC,
90121,EDMONTON EAST,Octane,1996-06-20T00:00,0.084,µg/m³,VOC,
90121,EDMONTON EAST,Octane,1996-06-26T00:00,0.207,µg/m³,VOC,
90121,EDMONTON EAST,Octane,1996-07-02T00:00,0.395,µg/m³,VOC,
90121,EDMONTON EAST,Octane,1996-07-08T00:00,0.489,µg/m³,VOC,
90121,EDMONTON EAST,Octane,1996-07-14T00:00,0.582,µg/m³,VOC,
90121,EDMONTON EAST,Octane,1996-07-20T00:00,0.328,µg/m³,VOC,
90121,EDMONTON EAST,Octane,1996-07-26T00:00,0.782,µg/m³,VOC,
90121,EDMONTON EAST,Octane,1996-08-01T00:00,0.768,µg/m³,VOC,
90121,EDMONTON EAST,Octane,1996-08-07T00:00,0.554,µg/m³,VOC,
90121,EDMONTON EAST,Octane,1996-08-13T00:00,0.511,µg/m³,VOC,
90121,EDMONTON EAST,Octane,1996-08-19T00:00,0.433,µg/m³,VOC,
90121,EDMONTON EAST,Octane,1996-08-25T00:00,0.929,µg/m³,VOC,
90121,EDMONTON EAST,Octane,1996-08-31T00:00,0.389,µg/m³,VOC,
90121,EDMONTON EAST,Octane,1996-09-06T00:00,0.669,µg/m³,VOC,
90121,EDMONTON EAST,Octane,1996-09-12T00:00,0.281,µg/m³,VOC,
90121,EDMONTON EAST,Octane,1996-09-18T00:00,0.473,µg/m³,VOC,
90121,EDMONTON EAST,Octane,1996-09-24T00:00,0.231,µg/m³,VOC,
90121,EDMONTON EAST,Octane,1996-09-30T00:00,0.381,µg/m³,VOC,
90121,EDMONTON EAST,Octane,1996-10-06T00:00,0.823,µg/m³,VOC,
90121,EDMONTON EAST,Octane,1996-10-12T00:00,0.451,µg/m³,VOC,
90121,EDMONTON EAST,Octane,1996-10-18T00:00,0.353,µg/m³,VOC,
90121,EDMONTON EAST,Octane,1996-10-24T00:00,0.551,µg/m³,VOC,
90121,EDMONTON EAST,Octane,1996-10-30T00:00,0.373,µg/m³,VOC,
90121,EDMONTON EAST,Octane,1996-11-05T00:00,0.694,µg/m³,VOC,
90121,EDMONTON EAST,Octane,1996-11-11T00:00,0.336,µg/m³,VOC,
90121,EDMONTON EAST,Octane,1996-11-17T00:00,0.529,µg/m³,VOC,
90121,EDMONTON EAST,Octane,1996-11-23T00:00,0.806,µg/m³,VOC,
90121,EDMONTON EAST,Octane,1996-11-29T00:00,0.729,µg/m³,VOC,
90121,EDMONTON EAST,Octane,1996-12-05T00:00,1.566,µg/m³,VOC,
90121,EDMONTON EAST,Octane,1996-12-11T00:00,2.673,µg/m³,VOC,
90121,EDMONTON EAST,Octane,1996-12-17T00:00,0.960,µg/m³,VOC,
90121,EDMONTON EAST,Octane,1996-12-23T00:00,0.680,µg/m³,VOC,
90121,EDMONTON EAST,Octane,1996-12-29T00:00,0.540,µg/m³,VOC,
