﻿NAPS_Site_ID,Station_Name,Pollutant,Date,Value,Units,Report_Type,Method
100133,BURMOUNT,"2,2,3-Trimethylbutane",2007-01-18T00:00,0.033,µg/m³,VOC,GC-MS
100133,BURMOUNT,"2,2,3-Trimethylbutane",2007-01-24T00:00,0.029,µg/m³,VOC,GC-MS
100133,BURMOUNT,"2,2,3-Trimethylbutane",2007-01-30T00:00,0.026,µg/m³,VOC,GC-MS
100133,BURMOUNT,"2,2,3-Trimethylbutane",2007-02-11T00:00,0.008,µg/m³,VOC,GC-MS
100133,BURMOUNT,"2,2,3-Trimethylbutane",2007-02-17T00:00,0.008,µg/m³,VOC,GC-MS
100133,BURMOUNT,"2,2,3-Trimethylbutane",2007-03-25T00:00,0.005,µg/m³,VOC,GC-MS
100133,BURMOUNT,"2,2,3-Trimethylbutane",2007-03-31T00:00,0.006,µg/m³,VOC,GC-MS
100133,BURMOUNT,"2,2,3-Trimethylbutane",2007-04-06T00:00,0.029,µg/m³,VOC,GC-MS
100133,BURMOUNT,"2,2,3-Trimethylbutane",2007-04-12T00:00,0.020,µg/m³,VOC,GC-MS
100133,BURMOUNT,"2,2,3-Trimethylbutane",2007-04-30T00:00,0.012,µg/m³,VOC,GC-MS
100133,BURMOUNT,"2,2,3-Trimethylbutane",2007-05-12T00:00,0.009,µg/m³,VOC,GC-MS
100133,BURMOUNT,"2,2,3-Trimethylbutane",2007-06-29T00:00,0.012,µg/m³,VOC,GC-MS
100133,BURMOUNT,"2,2,3-Trimethylbutane",2007-07-29T00:00,0.010,µg/m³,VOC,GC-MS
100133,BURMOUNT,"2,2,3-Trimethylbutane",2007-08-04T00:00,0.011,µg/m³,VOC,GC-MS
100133,BURMOUNT,"2,2,3-Trimethylbutane",2007-08-10T00:00,0.027,µg/m³,VOC,GC-MS
100133,BURMOUNT,"2,2,3-Trimethylbutane",2007-08-16T00:00,0.021,µg/m³,VOC,GC-MS
100133,BURMOUNT,"2,2,3-Trimethylbutane",2007-09-03T00:00,0.009,µg/m³,VOC,GC-MS
100133,BURMOUNT,"2,2,3-Trimethylbutane",2007-09-27T00:00,0.018,µg/m³,VOC,GC-MS
100133,BURMOUNT,"2,2,3-Trimethylbutane",2007-11-02T00:00,0.016,µg/m³,VOC,GC-MS
100133,BURMOUNT,"2,2,3-Trimethylbutane",2007-11-08T00:00,0.029,µg/m³,VOC,GC-MS
100133,BURMOUNT,"2,2,3-Trimethylbutane",2007-11-14T00:00,0.043,µg/m³,VOC,GC-MS
100133,BURMOUNT,"2,2,3-Trimethylbutane",2007-11-26T00:00,0.020,µg/m³,VOC,GC-MS
100133,BURMOUNT,"2,2,3-Trimethylbutane",2007-12-02T00:00,0.012,µg/m³,VOC,GC-MS
100133,BURMOUNT,"2,2,3-Trimethylbutane",2007-12-08T00:00,0.015,µg/m³,VOC,GC-MS
100133,BURMOUNT,"2,2,3-Trimethylbutane",2007-12-14T00:00,0.022,µg/m³,VOC,GC-MS
100133,BURMOUNT,"2,2,3-Trimethylbutane",2007-12-20T00:00,0.007,µg/m³,VOC,GC-MS
100133,BURMOUNT,"2,2,3-Trimethylbutane",2007-12-26T00:00,0.008,µg/m³,VOC,GC-MS
