﻿NAPS_Site_ID,Station_Name,Pollutant,Date,Value,Units,Report_Type,Method
50134,MONTRÉAL-MOLSON or MONTRÉAL-SAINT-JOSEPH,Cyclopentane,2016-12-31T19:00,0.125,µg/m³,VOC,N/A
50134,MONTRÉAL-MOLSON or MONTRÉAL-SAINT-JOSEPH,Cyclopentane,2017-01-06T19:00,0.309,µg/m³,VOC,N/A
50134,MONTRÉAL-MOLSON or MONTRÉAL-SAINT-JOSEPH,Cyclopentane,2017-01-12T19:00,0.048,µg/m³,VOC,N/A
50134,MONTRÉAL-MOLSON or MONTRÉAL-SAINT-JOSEPH,Cyclopentane,2017-01-18T19:00,0.089,µg/m³,VOC,N/A
50134,MONTRÉAL-MOLSON or MONTRÉAL-SAINT-JOSEPH,Cyclopentane,2017-01-24T19:00,0.059,µg/m³,VOC,N/A
50134,MONTRÉAL-MOLSON or MONTRÉAL-SAINT-JOSEPH,Cyclopentane,2017-01-30T19:00,0.145,µg/m³,VOC,N/A
50134,MONTRÉAL-MOLSON or MONTRÉAL-SAINT-JOSEPH,Cyclopentane,2017-02-05T19:00,0.051,µg/m³,VOC,N/A
50134,MONTRÉAL-MOLSON or MONTRÉAL-SAINT-JOSEPH,Cyclopentane,2017-02-11T19:00,0.085,µg/m³,VOC,N/A
50134,MONTRÉAL-MOLSON or MONTRÉAL-SAINT-JOSEPH,Cyclopentane,2017-02-17T19:00,0.095,µg/m³,VOC,N/A
50134,MONTRÉAL-MOLSON or MONTRÉAL-SAINT-JOSEPH,Cyclopentane,2017-02-23T19:00,0.094,µg/m³,VOC,N/A
50134,MONTRÉAL-MOLSON or MONTRÉAL-SAINT-JOSEPH,Cyclopentane,2017-03-01T19:00,0.042,µg/m³,VOC,N/A
50134,MONTRÉAL-MOLSON or MONTRÉAL-SAINT-JOSEPH,Cyclopentane,2017-03-07T19:00,0.046,µg/m³,VOC,N/A
50134,MONTRÉAL-MOLSON or MONTRÉAL-SAINT-JOSEPH,Cyclopentane,2017-03-19T20:00,0.122,µg/m³,VOC,N/A
50134,MONTRÉAL-MOLSON or MONTRÉAL-SAINT-JOSEPH,Cyclopentane,2017-03-25T20:00,0.062,µg/m³,VOC,N/A
50134,MONTRÉAL-MOLSON or MONTRÉAL-SAINT-JOSEPH,Cyclopentane,2017-03-31T20:00,0.080,µg/m³,VOC,N/A
50134,MONTRÉAL-MOLSON or MONTRÉAL-SAINT-JOSEPH,Cyclopentane,2017-04-06T20:00,0.050,µg/m³,VOC,N/A
50134,MONTRÉAL-MOLSON or MONTRÉAL-SAINT-JOSEPH,Cyclopentane,2017-04-12T20:00,0.040,µg/m³,VOC,N/A
50134,MONTRÉAL-MOLSON or MONTRÉAL-SAINT-JOSEPH,Cyclopentane,2017-04-24T20:00,0.046,µg/m³,VOC,N/A
50134,MONTRÉAL-MOLSON or MONTRÉAL-SAINT-JOSEPH,Cyclopentane,2017-04-30T20:00,0.061,µg/m³,VOC,N/A
50134,MONTRÉAL-MOLSON or MONTRÉAL-SAINT-JOSEPH,Cyclopentane,2017-05-12T20:00,0.093,µg/m³,VOC,N/A
50134,MONTRÉAL-MOLSON or MONTRÉAL-SAINT-JOSEPH,Cyclopentane,2017-05-18T20:00,0.035,µg/m³,VOC,N/A
50134,MONTRÉAL-MOLSON or MONTRÉAL-SAINT-JOSEPH,Cyclopentane,2017-05-24T20:00,0.048,µg/m³,VOC,N/A
50134,MONTRÉAL-MOLSON or MONTRÉAL-SAINT-JOSEPH,Cyclopentane,2017-05-30T20:00,0.073,µg/m³,VOC,N/A
50134,MONTRÉAL-MOLSON or MONTRÉAL-SAINT-JOSEPH,Cyclopentane,2017-06-05T20:00,0.103,µg/m³,VOC,N/A
50134,MONTRÉAL-MOLSON or MONTRÉAL-SAINT-JOSEPH,Cyclopentane,2017-06-11T20:00,0.094,µg/m³,VOC,N/A
50134,MONTRÉAL-MOLSON or MONTRÉAL-SAINT-JOSEPH,Cyclopentane,2017-06-17T20:00,0.197,µg/m³,VOC,N/A
50134,MONTRÉAL-MOLSON or MONTRÉAL-SAINT-JOSEPH,Cyclopentane,2017-06-23T20:00,0.045,µg/m³,VOC,N/A
50134,MONTRÉAL-MOLSON or MONTRÉAL-SAINT-JOSEPH,Cyclopentane,2017-07-11T20:00,0.111,µg/m³,VOC,N/A
50134,MONTRÉAL-MOLSON or MONTRÉAL-SAINT-JOSEPH,Cyclopentane,2017-07-15T20:00,0.056,µg/m³,VOC,N/A
50134,MONTRÉAL-MOLSON or MONTRÉAL-SAINT-JOSEPH,Cyclopentane,2017-07-17T20:00,0.149,µg/m³,VOC,N/A
50134,MONTRÉAL-MOLSON or MONTRÉAL-SAINT-JOSEPH,Cyclopentane,2017-07-23T20:00,0.082,µg/m³,VOC,N/A
50134,MONTRÉAL-MOLSON or MONTRÉAL-SAINT-JOSEPH,Cyclopentane,2017-07-29T20:00,0.105,µg/m³,VOC,N/A
50134,MONTRÉAL-MOLSON or MONTRÉAL-SAINT-JOSEPH,Cyclopentane,2017-08-04T20:00,0.038,µg/m³,VOC,N/A
50134,MONTRÉAL-MOLSON or MONTRÉAL-SAINT-JOSEPH,Cyclopentane,2017-08-10T20:00,0.149,µg/m³,VOC,N/A
50134,MONTRÉAL-MOLSON or MONTRÉAL-SAINT-JOSEPH,Cyclopentane,2017-08-16T20:00,0.123,µg/m³,VOC,N/A
50134,MONTRÉAL-MOLSON or MONTRÉAL-SAINT-JOSEPH,Cyclopentane,2017-08-22T20:00,0.067,µg/m³,VOC,N/A
50134,MONTRÉAL-MOLSON or MONTRÉAL-SAINT-JOSEPH,Cyclopentane,2017-08-28T20:00,0.110,µg/m³,VOC,N/A
50134,MONTRÉAL-MOLSON or MONTRÉAL-SAINT-JOSEPH,Cyclopentane,2017-09-03T20:00,0.046,µg/m³,VOC,N/A
50134,MONTRÉAL-MOLSON or MONTRÉAL-SAINT-JOSEPH,Cyclopentane,2017-09-09T20:00,0.070,µg/m³,VOC,N/A
50134,MONTRÉAL-MOLSON or MONTRÉAL-SAINT-JOSEPH,Cyclopentane,2017-09-15T20:00,0.187,µg/m³,VOC,N/A
50134,MONTRÉAL-MOLSON or MONTRÉAL-SAINT-JOSEPH,Cyclopentane,2017-09-21T20:00,0.495,µg/m³,VOC,N/A
50134,MONTRÉAL-MOLSON or MONTRÉAL-SAINT-JOSEPH,Cyclopentane,2017-09-27T20:00,0.034,µg/m³,VOC,N/A
50134,MONTRÉAL-MOLSON or MONTRÉAL-SAINT-JOSEPH,Cyclopentane,2017-10-03T20:00,0.076,µg/m³,VOC,N/A
50134,MONTRÉAL-MOLSON or MONTRÉAL-SAINT-JOSEPH,Cyclopentane,2017-10-09T20:00,0.219,µg/m³,VOC,N/A
50134,MONTRÉAL-MOLSON or MONTRÉAL-SAINT-JOSEPH,Cyclopentane,2017-10-21T20:00,0.577,µg/m³,VOC,N/A
50134,MONTRÉAL-MOLSON or MONTRÉAL-SAINT-JOSEPH,Cyclopentane,2017-10-27T20:00,0.236,µg/m³,VOC,N/A
50134,MONTRÉAL-MOLSON or MONTRÉAL-SAINT-JOSEPH,Cyclopentane,2017-11-02T20:00,0.083,µg/m³,VOC,N/A
50134,MONTRÉAL-MOLSON or MONTRÉAL-SAINT-JOSEPH,Cyclopentane,2017-11-08T19:00,0.133,µg/m³,VOC,N/A
50134,MONTRÉAL-MOLSON or MONTRÉAL-SAINT-JOSEPH,Cyclopentane,2017-11-14T19:00,0.294,µg/m³,VOC,N/A
50134,MONTRÉAL-MOLSON or MONTRÉAL-SAINT-JOSEPH,Cyclopentane,2017-11-20T19:00,0.093,µg/m³,VOC,N/A
50134,MONTRÉAL-MOLSON or MONTRÉAL-SAINT-JOSEPH,Cyclopentane,2017-11-26T19:00,0.051,µg/m³,VOC,N/A
50134,MONTRÉAL-MOLSON or MONTRÉAL-SAINT-JOSEPH,Cyclopentane,2017-12-02T19:00,0.095,µg/m³,VOC,N/A
50134,MONTRÉAL-MOLSON or MONTRÉAL-SAINT-JOSEPH,Cyclopentane,2017-12-08T19:00,0.075,µg/m³,VOC,N/A
50134,MONTRÉAL-MOLSON or MONTRÉAL-SAINT-JOSEPH,Cyclopentane,2017-12-14T19:00,0.144,µg/m³,VOC,N/A
50134,MONTRÉAL-MOLSON or MONTRÉAL-SAINT-JOSEPH,Cyclopentane,2017-12-20T19:00,0.067,µg/m³,VOC,N/A
