﻿NAPS_Site_ID,Station_Name,Pollutant,Date,Value,Units,Report_Type,Method
40203,FOREST HILLS,Propylene,2013-01-04T00:00,0.524,µg/m³,VOC,N/A
40203,FOREST HILLS,Propylene,2013-01-10T00:00,0.135,µg/m³,VOC,N/A
40203,FOREST HILLS,Propylene,2013-01-16T00:00,0.181,µg/m³,VOC,N/A
40203,FOREST HILLS,Propylene,2013-01-22T00:00,0.147,µg/m³,VOC,N/A
40203,FOREST HILLS,Propylene,2013-01-28T00:00,0.185,µg/m³,VOC,N/A
40203,FOREST HILLS,Propylene,2013-02-03T00:00,0.269,µg/m³,VOC,N/A
40203,FOREST HILLS,Propylene,2013-02-15T00:00,1.492,µg/m³,VOC,N/A
40203,FOREST HILLS,Propylene,2013-02-21T00:00,0.093,µg/m³,VOC,N/A
40203,FOREST HILLS,Propylene,2013-02-27T00:00,0.353,µg/m³,VOC,N/A
40203,FOREST HILLS,Propylene,2013-03-05T00:00,0.103,µg/m³,VOC,N/A
40203,FOREST HILLS,Propylene,2013-03-11T00:00,1.107,µg/m³,VOC,N/A
40203,FOREST HILLS,Propylene,2013-03-17T00:00,0.082,µg/m³,VOC,N/A
40203,FOREST HILLS,Propylene,2013-03-23T00:00,0.224,µg/m³,VOC,N/A
40203,FOREST HILLS,Propylene,2013-03-29T00:00,5.093,µg/m³,VOC,N/A
40203,FOREST HILLS,Propylene,2013-04-04T00:00,0.108,µg/m³,VOC,N/A
40203,FOREST HILLS,Propylene,2013-04-10T00:00,6.586,µg/m³,VOC,N/A
40203,FOREST HILLS,Propylene,2013-04-16T00:00,4.030,µg/m³,VOC,N/A
40203,FOREST HILLS,Propylene,2013-04-22T00:00,0.157,µg/m³,VOC,N/A
40203,FOREST HILLS,Propylene,2013-04-28T00:00,6.262,µg/m³,VOC,N/A
40203,FOREST HILLS,Propylene,2013-05-04T00:00,0.206,µg/m³,VOC,N/A
40203,FOREST HILLS,Propylene,2013-05-10T00:00,11.741,µg/m³,VOC,N/A
40203,FOREST HILLS,Propylene,2013-05-16T00:00,7.445,µg/m³,VOC,N/A
40203,FOREST HILLS,Propylene,2013-05-22T00:00,3.540,µg/m³,VOC,N/A
40203,FOREST HILLS,Propylene,2013-05-28T00:00,1.515,µg/m³,VOC,N/A
40203,FOREST HILLS,Propylene,2013-06-03T00:00,2.597,µg/m³,VOC,N/A
40203,FOREST HILLS,Propylene,2013-06-09T00:00,5.099,µg/m³,VOC,N/A
40203,FOREST HILLS,Propylene,2013-06-15T00:00,0.554,µg/m³,VOC,N/A
40203,FOREST HILLS,Propylene,2013-06-21T00:00,1.994,µg/m³,VOC,N/A
40203,FOREST HILLS,Propylene,2013-06-27T00:00,0.091,µg/m³,VOC,N/A
40203,FOREST HILLS,Propylene,2013-07-03T00:00,13.815,µg/m³,VOC,N/A
40203,FOREST HILLS,Propylene,2013-07-08T00:00,8.762,µg/m³,VOC,N/A
40203,FOREST HILLS,Propylene,2013-07-21T00:00,0.884,µg/m³,VOC,N/A
40203,FOREST HILLS,Propylene,2013-08-02T00:00,0.640,µg/m³,VOC,N/A
40203,FOREST HILLS,Propylene,2013-08-08T00:00,2.273,µg/m³,VOC,N/A
40203,FOREST HILLS,Propylene,2013-08-14T00:00,1.861,µg/m³,VOC,N/A
40203,FOREST HILLS,Propylene,2013-08-20T00:00,58.611,µg/m³,VOC,N/A
40203,FOREST HILLS,Propylene,2013-08-26T00:00,1.101,µg/m³,VOC,N/A
40203,FOREST HILLS,Propylene,2013-09-01T00:00,0.312,µg/m³,VOC,N/A
40203,FOREST HILLS,Propylene,2013-09-25T00:00,0.084,µg/m³,VOC,N/A
40203,FOREST HILLS,Propylene,2013-10-01T00:00,0.254,µg/m³,VOC,N/A
40203,FOREST HILLS,Propylene,2013-10-13T00:00,4.403,µg/m³,VOC,N/A
40203,FOREST HILLS,Propylene,2013-10-19T00:00,3.875,µg/m³,VOC,N/A
40203,FOREST HILLS,Propylene,2013-10-25T00:00,0.174,µg/m³,VOC,N/A
40203,FOREST HILLS,Propylene,2013-10-31T00:00,1.027,µg/m³,VOC,N/A
40203,FOREST HILLS,Propylene,2013-11-06T00:00,0.195,µg/m³,VOC,N/A
40203,FOREST HILLS,Propylene,2013-11-12T00:00,1.664,µg/m³,VOC,N/A
40203,FOREST HILLS,Propylene,2013-11-18T00:00,1.361,µg/m³,VOC,N/A
40203,FOREST HILLS,Propylene,2013-11-24T00:00,0.067,µg/m³,VOC,N/A
40203,FOREST HILLS,Propylene,2013-11-30T00:00,0.267,µg/m³,VOC,N/A
40203,FOREST HILLS,Propylene,2013-12-12T00:00,0.183,µg/m³,VOC,N/A
40203,FOREST HILLS,Propylene,2013-12-18T00:00,0.262,µg/m³,VOC,N/A
40203,FOREST HILLS,Propylene,2013-12-24T00:00,0.130,µg/m³,VOC,N/A
