﻿NAPS_Site_ID,Station_Name,Pollutant,Date,Value,Units,Report_Type,Method
60211,WINDSOR WEST,Mannitol,2009-09-28T00:00,0.008,µg/m³,LEV,IC
60211,WINDSOR WEST,Mannitol,2009-10-01T00:00,0.005,µg/m³,LEV,IC
60211,WINDSOR WEST,Mannitol,2009-10-04T00:00,0.000,µg/m³,LEV,IC
60211,WINDSOR WEST,Mannitol,2009-10-10T00:00,0.002,µg/m³,LEV,IC
60211,WINDSOR WEST,Mannitol,2009-10-16T00:00,0.000,µg/m³,LEV,IC
60211,WINDSOR WEST,Mannitol,2009-10-19T00:00,0.004,µg/m³,LEV,IC
60211,WINDSOR WEST,Mannitol,2009-10-22T00:00,0.003,µg/m³,LEV,IC
60211,WINDSOR WEST,Mannitol,2009-10-25T00:00,0.004,µg/m³,LEV,IC
60211,WINDSOR WEST,Mannitol,2009-10-28T00:00,0.000,µg/m³,LEV,IC
60211,WINDSOR WEST,Mannitol,2009-10-31T00:00,0.003,µg/m³,LEV,IC
60211,WINDSOR WEST,Mannitol,2009-11-03T00:00,0.000,µg/m³,LEV,IC
60211,WINDSOR WEST,Mannitol,2009-11-06T00:00,0.000,µg/m³,LEV,IC
60211,WINDSOR WEST,Mannitol,2009-11-21T00:00,0.000,µg/m³,LEV,IC
60211,WINDSOR WEST,Mannitol,2009-11-24T00:00,0.000,µg/m³,LEV,IC
60211,WINDSOR WEST,Mannitol,2009-11-27T00:00,0.000,µg/m³,LEV,IC
60211,WINDSOR WEST,Mannitol,2009-11-30T00:00,0.000,µg/m³,LEV,IC
60211,WINDSOR WEST,Mannitol,2009-12-03T00:00,0.000,µg/m³,LEV,IC
60211,WINDSOR WEST,Mannitol,2009-12-06T00:00,0.000,µg/m³,LEV,IC
60211,WINDSOR WEST,Mannitol,2009-12-12T00:00,0.000,µg/m³,LEV,IC
60211,WINDSOR WEST,Mannitol,2009-12-15T00:00,0.000,µg/m³,LEV,IC
60211,WINDSOR WEST,Mannitol,2009-12-21T00:00,0.000,µg/m³,LEV,IC
60211,WINDSOR WEST,Mannitol,2009-12-24T00:00,0.000,µg/m³,LEV,IC
60211,WINDSOR WEST,Mannitol,2009-12-27T00:00,0.000,µg/m³,LEV,IC
60211,WINDSOR WEST,Mannitol,2009-12-30T00:00,0.000,µg/m³,LEV,IC
