﻿NAPS_Site_ID,Station_Name,Pollutant,Date,Value,Units,Report_Type,Method
60903,LONDON AQI SITE _LONDON_ 900_HGHBURYAVE,Ethylbenzene,2008-01-01T00:00,0.096,µg/m³,VOC,
60903,LONDON AQI SITE _LONDON_ 900_HGHBURYAVE,Ethylbenzene,2008-01-07T00:00,0.193,µg/m³,VOC,
60903,LONDON AQI SITE _LONDON_ 900_HGHBURYAVE,Ethylbenzene,2008-01-13T00:00,0.157,µg/m³,VOC,
60903,LONDON AQI SITE _LONDON_ 900_HGHBURYAVE,Ethylbenzene,2008-01-19T00:00,0.087,µg/m³,VOC,
60903,LONDON AQI SITE _LONDON_ 900_HGHBURYAVE,Ethylbenzene,2008-01-25T00:00,0.201,µg/m³,VOC,
60903,LONDON AQI SITE _LONDON_ 900_HGHBURYAVE,Ethylbenzene,2008-01-31T00:00,0.210,µg/m³,VOC,
60903,LONDON AQI SITE _LONDON_ 900_HGHBURYAVE,Ethylbenzene,2008-02-06T00:00,0.271,µg/m³,VOC,
60903,LONDON AQI SITE _LONDON_ 900_HGHBURYAVE,Ethylbenzene,2008-02-12T00:00,0.271,µg/m³,VOC,
60903,LONDON AQI SITE _LONDON_ 900_HGHBURYAVE,Ethylbenzene,2008-02-18T00:00,0.156,µg/m³,VOC,
60903,LONDON AQI SITE _LONDON_ 900_HGHBURYAVE,Ethylbenzene,2008-02-24T00:00,0.217,µg/m³,VOC,
60903,LONDON AQI SITE _LONDON_ 900_HGHBURYAVE,Ethylbenzene,2008-03-01T00:00,0.217,µg/m³,VOC,
60903,LONDON AQI SITE _LONDON_ 900_HGHBURYAVE,Ethylbenzene,2008-03-07T00:00,0.052,µg/m³,VOC,
60903,LONDON AQI SITE _LONDON_ 900_HGHBURYAVE,Ethylbenzene,2008-03-13T00:00,0.349,µg/m³,VOC,
60903,LONDON AQI SITE _LONDON_ 900_HGHBURYAVE,Ethylbenzene,2008-03-20T00:00,0.086,µg/m³,VOC,
60903,LONDON AQI SITE _LONDON_ 900_HGHBURYAVE,Ethylbenzene,2008-03-25T00:00,0.207,µg/m³,VOC,
60903,LONDON AQI SITE _LONDON_ 900_HGHBURYAVE,Ethylbenzene,2008-03-31T00:00,0.223,µg/m³,VOC,
