﻿NAPS_Site_ID,Station_Name,Pollutant,Date,Value,Units,Report_Type,Method
61004,CENTENNIAL PARK _SARNIA_,Isobutane,2003-01-15T00:00,0.465,µg/m³,VOC,N/A
61004,CENTENNIAL PARK _SARNIA_,Isobutane,2003-01-21T00:00,0.414,µg/m³,VOC,N/A
61004,CENTENNIAL PARK _SARNIA_,Isobutane,2003-01-27T00:00,0.437,µg/m³,VOC,N/A
61004,CENTENNIAL PARK _SARNIA_,Isobutane,2003-02-02T00:00,0.791,µg/m³,VOC,N/A
61004,CENTENNIAL PARK _SARNIA_,Isobutane,2003-02-08T00:00,0.904,µg/m³,VOC,N/A
61004,CENTENNIAL PARK _SARNIA_,Isobutane,2003-02-14T00:00,1.305,µg/m³,VOC,N/A
61004,CENTENNIAL PARK _SARNIA_,Isobutane,2003-02-20T00:00,5.795,µg/m³,VOC,N/A
61004,CENTENNIAL PARK _SARNIA_,Isobutane,2003-02-26T00:00,10.490,µg/m³,VOC,N/A
61004,CENTENNIAL PARK _SARNIA_,Isobutane,2003-03-04T00:00,5.612,µg/m³,VOC,N/A
61004,CENTENNIAL PARK _SARNIA_,Isobutane,2003-03-10T00:00,0.757,µg/m³,VOC,N/A
61004,CENTENNIAL PARK _SARNIA_,Isobutane,2003-03-16T00:00,13.170,µg/m³,VOC,N/A
61004,CENTENNIAL PARK _SARNIA_,Isobutane,2003-03-22T00:00,3.505,µg/m³,VOC,N/A
61004,CENTENNIAL PARK _SARNIA_,Isobutane,2003-04-15T00:00,12.131,µg/m³,VOC,N/A
61004,CENTENNIAL PARK _SARNIA_,Isobutane,2003-04-21T00:00,2.375,µg/m³,VOC,N/A
61004,CENTENNIAL PARK _SARNIA_,Isobutane,2003-08-25T00:00,2.078,µg/m³,VOC,N/A
61004,CENTENNIAL PARK _SARNIA_,Isobutane,2003-08-31T00:00,5.051,µg/m³,VOC,N/A
61004,CENTENNIAL PARK _SARNIA_,Isobutane,2003-09-06T00:00,5.732,µg/m³,VOC,N/A
61004,CENTENNIAL PARK _SARNIA_,Isobutane,2003-09-12T00:00,3.225,µg/m³,VOC,N/A
61004,CENTENNIAL PARK _SARNIA_,Isobutane,2003-09-18T00:00,3.802,µg/m³,VOC,N/A
61004,CENTENNIAL PARK _SARNIA_,Isobutane,2003-09-24T00:00,5.627,µg/m³,VOC,N/A
61004,CENTENNIAL PARK _SARNIA_,Isobutane,2003-09-30T00:00,1.425,µg/m³,VOC,N/A
61004,CENTENNIAL PARK _SARNIA_,Isobutane,2003-10-06T00:00,2.407,µg/m³,VOC,N/A
61004,CENTENNIAL PARK _SARNIA_,Isobutane,2003-10-12T00:00,2.568,µg/m³,VOC,N/A
61004,CENTENNIAL PARK _SARNIA_,Isobutane,2003-10-18T00:00,3.679,µg/m³,VOC,N/A
61004,CENTENNIAL PARK _SARNIA_,Isobutane,2003-10-24T00:00,3.580,µg/m³,VOC,N/A
61004,CENTENNIAL PARK _SARNIA_,Isobutane,2003-10-30T00:00,4.428,µg/m³,VOC,N/A
61004,CENTENNIAL PARK _SARNIA_,Isobutane,2003-11-05T00:00,2.935,µg/m³,VOC,N/A
61004,CENTENNIAL PARK _SARNIA_,Isobutane,2003-11-11T00:00,5.456,µg/m³,VOC,N/A
61004,CENTENNIAL PARK _SARNIA_,Isobutane,2003-11-17T00:00,4.401,µg/m³,VOC,N/A
61004,CENTENNIAL PARK _SARNIA_,Isobutane,2003-11-23T00:00,3.250,µg/m³,VOC,N/A
61004,CENTENNIAL PARK _SARNIA_,Isobutane,2003-11-29T00:00,0.701,µg/m³,VOC,N/A
61004,CENTENNIAL PARK _SARNIA_,Isobutane,2003-12-05T00:00,1.190,µg/m³,VOC,N/A
61004,CENTENNIAL PARK _SARNIA_,Isobutane,2003-12-11T00:00,1.272,µg/m³,VOC,N/A
61004,CENTENNIAL PARK _SARNIA_,Isobutane,2003-12-17T00:00,1.161,µg/m³,VOC,N/A
61004,CENTENNIAL PARK _SARNIA_,Isobutane,2003-12-23T00:00,2.178,µg/m³,VOC,N/A
61004,CENTENNIAL PARK _SARNIA_,Isobutane,2003-12-29T00:00,5.361,µg/m³,VOC,N/A
