﻿NAPS_Site_ID,Station_Name,Pollutant,Date,Value,Units,Report_Type,Method
60418,JUNCTION TRIANGLE,3-Methylhexane,1996-01-04T00:00,0.952,µg/m³,VOC,
60418,JUNCTION TRIANGLE,3-Methylhexane,1996-01-10T00:00,0.833,µg/m³,VOC,
60418,JUNCTION TRIANGLE,3-Methylhexane,1996-01-16T00:00,0.837,µg/m³,VOC,
60418,JUNCTION TRIANGLE,3-Methylhexane,1996-01-22T00:00,0.664,µg/m³,VOC,
60418,JUNCTION TRIANGLE,3-Methylhexane,1996-01-28T00:00,0.302,µg/m³,VOC,
60418,JUNCTION TRIANGLE,3-Methylhexane,1996-02-03T00:00,0.347,µg/m³,VOC,
60418,JUNCTION TRIANGLE,3-Methylhexane,1996-02-09T00:00,0.575,µg/m³,VOC,
60418,JUNCTION TRIANGLE,3-Methylhexane,1996-02-15T00:00,0.769,µg/m³,VOC,
60418,JUNCTION TRIANGLE,3-Methylhexane,1996-02-21T00:00,2.293,µg/m³,VOC,
60418,JUNCTION TRIANGLE,3-Methylhexane,1996-02-27T00:00,0.648,µg/m³,VOC,
60418,JUNCTION TRIANGLE,3-Methylhexane,1996-03-04T00:00,0.368,µg/m³,VOC,
60418,JUNCTION TRIANGLE,3-Methylhexane,1996-03-10T00:00,0.397,µg/m³,VOC,
60418,JUNCTION TRIANGLE,3-Methylhexane,1996-03-16T00:00,0.365,µg/m³,VOC,
60418,JUNCTION TRIANGLE,3-Methylhexane,1996-03-22T00:00,0.771,µg/m³,VOC,
60418,JUNCTION TRIANGLE,3-Methylhexane,1996-03-28T00:00,0.646,µg/m³,VOC,
60418,JUNCTION TRIANGLE,3-Methylhexane,1996-04-03T00:00,0.641,µg/m³,VOC,
60418,JUNCTION TRIANGLE,3-Methylhexane,1996-04-09T00:00,0.951,µg/m³,VOC,
60418,JUNCTION TRIANGLE,3-Methylhexane,1996-04-15T00:00,0.866,µg/m³,VOC,
60418,JUNCTION TRIANGLE,3-Methylhexane,1996-04-21T00:00,0.307,µg/m³,VOC,
60418,JUNCTION TRIANGLE,3-Methylhexane,1996-04-27T00:00,0.338,µg/m³,VOC,
60418,JUNCTION TRIANGLE,3-Methylhexane,1996-05-03T00:00,1.173,µg/m³,VOC,
60418,JUNCTION TRIANGLE,3-Methylhexane,1996-05-09T00:00,0.781,µg/m³,VOC,
60418,JUNCTION TRIANGLE,3-Methylhexane,1996-05-15T00:00,1.040,µg/m³,VOC,
60418,JUNCTION TRIANGLE,3-Methylhexane,1996-05-21T00:00,0.480,µg/m³,VOC,
60418,JUNCTION TRIANGLE,3-Methylhexane,1996-05-27T00:00,1.614,µg/m³,VOC,
60418,JUNCTION TRIANGLE,3-Methylhexane,1996-06-02T00:00,0.548,µg/m³,VOC,
60418,JUNCTION TRIANGLE,3-Methylhexane,1996-06-08T00:00,0.971,µg/m³,VOC,
60418,JUNCTION TRIANGLE,3-Methylhexane,1996-06-14T00:00,1.969,µg/m³,VOC,
60418,JUNCTION TRIANGLE,3-Methylhexane,1996-06-20T00:00,0.996,µg/m³,VOC,
60418,JUNCTION TRIANGLE,3-Methylhexane,1996-06-26T00:00,0.731,µg/m³,VOC,
60418,JUNCTION TRIANGLE,3-Methylhexane,1996-07-02T00:00,1.064,µg/m³,VOC,
60418,JUNCTION TRIANGLE,3-Methylhexane,1996-07-08T00:00,0.637,µg/m³,VOC,
60418,JUNCTION TRIANGLE,3-Methylhexane,1996-07-14T00:00,0.682,µg/m³,VOC,
60418,JUNCTION TRIANGLE,3-Methylhexane,1996-07-20T00:00,0.266,µg/m³,VOC,
60418,JUNCTION TRIANGLE,3-Methylhexane,1996-07-26T00:00,0.502,µg/m³,VOC,
60418,JUNCTION TRIANGLE,3-Methylhexane,1996-08-01T00:00,0.653,µg/m³,VOC,
60418,JUNCTION TRIANGLE,3-Methylhexane,1996-08-07T00:00,1.217,µg/m³,VOC,
60418,JUNCTION TRIANGLE,3-Methylhexane,1996-08-13T00:00,0.664,µg/m³,VOC,
60418,JUNCTION TRIANGLE,3-Methylhexane,1996-08-19T00:00,1.221,µg/m³,VOC,
60418,JUNCTION TRIANGLE,3-Methylhexane,1996-08-25T00:00,0.467,µg/m³,VOC,
60418,JUNCTION TRIANGLE,3-Methylhexane,1996-08-31T00:00,1.497,µg/m³,VOC,
60418,JUNCTION TRIANGLE,3-Methylhexane,1996-09-06T00:00,0.876,µg/m³,VOC,
60418,JUNCTION TRIANGLE,3-Methylhexane,1996-09-12T00:00,0.959,µg/m³,VOC,
60418,JUNCTION TRIANGLE,3-Methylhexane,1996-09-18T00:00,0.828,µg/m³,VOC,
60418,JUNCTION TRIANGLE,3-Methylhexane,1996-09-24T00:00,2.588,µg/m³,VOC,
60418,JUNCTION TRIANGLE,3-Methylhexane,1996-09-30T00:00,0.957,µg/m³,VOC,
60418,JUNCTION TRIANGLE,3-Methylhexane,1996-10-06T00:00,0.649,µg/m³,VOC,
60418,JUNCTION TRIANGLE,3-Methylhexane,1996-10-12T00:00,0.869,µg/m³,VOC,
60418,JUNCTION TRIANGLE,3-Methylhexane,1996-10-18T00:00,1.248,µg/m³,VOC,
60418,JUNCTION TRIANGLE,3-Methylhexane,1996-10-24T00:00,0.463,µg/m³,VOC,
60418,JUNCTION TRIANGLE,3-Methylhexane,1996-10-30T00:00,0.302,µg/m³,VOC,
60418,JUNCTION TRIANGLE,3-Methylhexane,1996-11-05T00:00,0.574,µg/m³,VOC,
60418,JUNCTION TRIANGLE,3-Methylhexane,1996-11-11T00:00,0.369,µg/m³,VOC,
60418,JUNCTION TRIANGLE,3-Methylhexane,1996-11-17T00:00,1.037,µg/m³,VOC,
60418,JUNCTION TRIANGLE,3-Methylhexane,1996-11-23T00:00,0.487,µg/m³,VOC,
60418,JUNCTION TRIANGLE,3-Methylhexane,1996-11-29T00:00,0.780,µg/m³,VOC,
60418,JUNCTION TRIANGLE,3-Methylhexane,1996-12-05T00:00,1.380,µg/m³,VOC,
60418,JUNCTION TRIANGLE,3-Methylhexane,1996-12-11T00:00,0.820,µg/m³,VOC,
60418,JUNCTION TRIANGLE,3-Methylhexane,1996-12-17T00:00,0.680,µg/m³,VOC,
60418,JUNCTION TRIANGLE,3-Methylhexane,1996-12-23T00:00,1.020,µg/m³,VOC,
60418,JUNCTION TRIANGLE,3-Methylhexane,1996-12-29T00:00,0.740,µg/m³,VOC,
