﻿NAPS_Site_ID,Station_Name,Pollutant,Date,Value,Units,Report_Type,Method
100134,VANCOUVER INTL. AIRPORT,"1,2,4-Trichlorobenzene",2000-01-07T00:00,0.000,µg/m³,VOC,
100134,VANCOUVER INTL. AIRPORT,"1,2,4-Trichlorobenzene",2000-01-31T00:00,0.000,µg/m³,VOC,
100134,VANCOUVER INTL. AIRPORT,"1,2,4-Trichlorobenzene",2000-02-18T00:00,0.000,µg/m³,VOC,
100134,VANCOUVER INTL. AIRPORT,"1,2,4-Trichlorobenzene",2000-03-07T00:00,0.000,µg/m³,VOC,
100134,VANCOUVER INTL. AIRPORT,"1,2,4-Trichlorobenzene",2000-03-25T00:00,0.000,µg/m³,VOC,
100134,VANCOUVER INTL. AIRPORT,"1,2,4-Trichlorobenzene",2000-04-12T00:00,0.000,µg/m³,VOC,
100134,VANCOUVER INTL. AIRPORT,"1,2,4-Trichlorobenzene",2000-04-30T00:00,0.000,µg/m³,VOC,
100134,VANCOUVER INTL. AIRPORT,"1,2,4-Trichlorobenzene",2000-05-18T00:00,0.000,µg/m³,VOC,
100134,VANCOUVER INTL. AIRPORT,"1,2,4-Trichlorobenzene",2000-06-05T00:00,0.000,µg/m³,VOC,
100134,VANCOUVER INTL. AIRPORT,"1,2,4-Trichlorobenzene",2000-06-23T00:00,0.000,µg/m³,VOC,
100134,VANCOUVER INTL. AIRPORT,"1,2,4-Trichlorobenzene",2000-07-11T00:00,0.000,µg/m³,VOC,
100134,VANCOUVER INTL. AIRPORT,"1,2,4-Trichlorobenzene",2000-07-29T00:00,0.000,µg/m³,VOC,
100134,VANCOUVER INTL. AIRPORT,"1,2,4-Trichlorobenzene",2000-08-16T00:00,0.000,µg/m³,VOC,
100134,VANCOUVER INTL. AIRPORT,"1,2,4-Trichlorobenzene",2000-09-03T00:00,0.000,µg/m³,VOC,
100134,VANCOUVER INTL. AIRPORT,"1,2,4-Trichlorobenzene",2000-09-21T00:00,0.000,µg/m³,VOC,
100134,VANCOUVER INTL. AIRPORT,"1,2,4-Trichlorobenzene",2000-10-09T00:00,0.000,µg/m³,VOC,
100134,VANCOUVER INTL. AIRPORT,"1,2,4-Trichlorobenzene",2000-10-27T00:00,0.000,µg/m³,VOC,
100134,VANCOUVER INTL. AIRPORT,"1,2,4-Trichlorobenzene",2000-11-14T00:00,0.000,µg/m³,VOC,
100134,VANCOUVER INTL. AIRPORT,"1,2,4-Trichlorobenzene",2000-12-02T00:00,0.000,µg/m³,VOC,
100134,VANCOUVER INTL. AIRPORT,"1,2,4-Trichlorobenzene",2000-12-20T00:00,0.000,µg/m³,VOC,
