﻿NAPS_Site_ID,Station_Name,Pollutant,Date,Value,Units,Report_Type,Method
55201,LEMIEUX,B-Pinene,2010-01-14T00:00,0.115,µg/m³,VOC,N/A
55201,LEMIEUX,B-Pinene,2010-01-17T00:00,0.001,µg/m³,VOC,N/A
55201,LEMIEUX,B-Pinene,2010-01-20T00:00,0.027,µg/m³,VOC,N/A
55201,LEMIEUX,B-Pinene,2010-01-23T00:00,0.000,µg/m³,VOC,N/A
55201,LEMIEUX,B-Pinene,2010-01-26T00:00,0.037,µg/m³,VOC,N/A
55201,LEMIEUX,B-Pinene,2010-01-29T00:00,0.003,µg/m³,VOC,N/A
55201,LEMIEUX,B-Pinene,2010-02-01T00:00,0.000,µg/m³,VOC,N/A
55201,LEMIEUX,B-Pinene,2010-02-04T00:00,0.000,µg/m³,VOC,N/A
55201,LEMIEUX,B-Pinene,2010-02-07T00:00,0.002,µg/m³,VOC,N/A
55201,LEMIEUX,B-Pinene,2010-02-10T00:00,0.003,µg/m³,VOC,N/A
55201,LEMIEUX,B-Pinene,2010-02-13T00:00,0.008,µg/m³,VOC,N/A
55201,LEMIEUX,B-Pinene,2010-02-16T00:00,0.000,µg/m³,VOC,N/A
55201,LEMIEUX,B-Pinene,2010-02-19T00:00,0.008,µg/m³,VOC,N/A
55201,LEMIEUX,B-Pinene,2010-02-22T00:00,0.008,µg/m³,VOC,N/A
55201,LEMIEUX,B-Pinene,2010-02-25T00:00,0.048,µg/m³,VOC,N/A
55201,LEMIEUX,B-Pinene,2010-02-28T00:00,0.049,µg/m³,VOC,N/A
55201,LEMIEUX,B-Pinene,2010-03-03T00:00,0.004,µg/m³,VOC,N/A
55201,LEMIEUX,B-Pinene,2010-03-06T00:00,0.000,µg/m³,VOC,N/A
55201,LEMIEUX,B-Pinene,2010-03-09T00:00,0.002,µg/m³,VOC,N/A
55201,LEMIEUX,B-Pinene,2010-03-12T00:00,0.001,µg/m³,VOC,N/A
55201,LEMIEUX,B-Pinene,2010-03-15T00:00,0.000,µg/m³,VOC,N/A
55201,LEMIEUX,B-Pinene,2010-03-18T00:00,0.016,µg/m³,VOC,N/A
55201,LEMIEUX,B-Pinene,2010-03-21T00:00,0.000,µg/m³,VOC,N/A
55201,LEMIEUX,B-Pinene,2010-03-24T00:00,0.009,µg/m³,VOC,N/A
55201,LEMIEUX,B-Pinene,2010-03-27T00:00,0.000,µg/m³,VOC,N/A
55201,LEMIEUX,B-Pinene,2010-03-30T00:00,0.015,µg/m³,VOC,N/A
55201,LEMIEUX,B-Pinene,2010-04-02T00:00,0.097,µg/m³,VOC,N/A
55201,LEMIEUX,B-Pinene,2010-04-05T00:00,0.084,µg/m³,VOC,N/A
55201,LEMIEUX,B-Pinene,2010-04-08T00:00,0.049,µg/m³,VOC,N/A
55201,LEMIEUX,B-Pinene,2010-04-11T00:00,0.022,µg/m³,VOC,N/A
55201,LEMIEUX,B-Pinene,2010-04-14T00:00,0.000,µg/m³,VOC,N/A
55201,LEMIEUX,B-Pinene,2010-04-17T00:00,0.061,µg/m³,VOC,N/A
55201,LEMIEUX,B-Pinene,2010-04-20T00:00,0.053,µg/m³,VOC,N/A
55201,LEMIEUX,B-Pinene,2010-04-23T00:00,0.021,µg/m³,VOC,N/A
55201,LEMIEUX,B-Pinene,2010-04-29T00:00,0.012,µg/m³,VOC,N/A
55201,LEMIEUX,B-Pinene,2010-05-02T00:00,0.074,µg/m³,VOC,N/A
55201,LEMIEUX,B-Pinene,2010-05-05T00:00,0.040,µg/m³,VOC,N/A
55201,LEMIEUX,B-Pinene,2010-05-08T00:00,0.143,µg/m³,VOC,N/A
55201,LEMIEUX,B-Pinene,2010-05-11T00:00,0.001,µg/m³,VOC,N/A
55201,LEMIEUX,B-Pinene,2010-05-14T00:00,0.035,µg/m³,VOC,N/A
55201,LEMIEUX,B-Pinene,2010-05-17T00:00,0.021,µg/m³,VOC,N/A
55201,LEMIEUX,B-Pinene,2010-05-20T00:00,0.072,µg/m³,VOC,N/A
55201,LEMIEUX,B-Pinene,2010-05-23T00:00,0.059,µg/m³,VOC,N/A
55201,LEMIEUX,B-Pinene,2010-05-26T00:00,0.199,µg/m³,VOC,N/A
55201,LEMIEUX,B-Pinene,2010-05-29T00:00,0.203,µg/m³,VOC,N/A
55201,LEMIEUX,B-Pinene,2010-06-01T00:00,0.312,µg/m³,VOC,N/A
55201,LEMIEUX,B-Pinene,2010-06-04T00:00,0.215,µg/m³,VOC,N/A
55201,LEMIEUX,B-Pinene,2010-06-07T00:00,0.148,µg/m³,VOC,N/A
55201,LEMIEUX,B-Pinene,2010-06-10T00:00,0.188,µg/m³,VOC,N/A
55201,LEMIEUX,B-Pinene,2010-06-13T00:00,0.115,µg/m³,VOC,N/A
55201,LEMIEUX,B-Pinene,2010-06-16T00:00,0.131,µg/m³,VOC,N/A
55201,LEMIEUX,B-Pinene,2010-06-19T00:00,0.236,µg/m³,VOC,N/A
55201,LEMIEUX,B-Pinene,2010-06-22T00:00,0.124,µg/m³,VOC,N/A
55201,LEMIEUX,B-Pinene,2010-06-25T00:00,0.096,µg/m³,VOC,N/A
55201,LEMIEUX,B-Pinene,2010-06-28T00:00,0.470,µg/m³,VOC,N/A
55201,LEMIEUX,B-Pinene,2010-07-01T00:00,0.199,µg/m³,VOC,N/A
55201,LEMIEUX,B-Pinene,2010-07-04T00:00,0.182,µg/m³,VOC,N/A
55201,LEMIEUX,B-Pinene,2010-07-07T00:00,0.201,µg/m³,VOC,N/A
55201,LEMIEUX,B-Pinene,2010-07-10T00:00,0.237,µg/m³,VOC,N/A
55201,LEMIEUX,B-Pinene,2010-07-13T00:00,0.467,µg/m³,VOC,N/A
55201,LEMIEUX,B-Pinene,2010-07-19T00:00,0.324,µg/m³,VOC,N/A
55201,LEMIEUX,B-Pinene,2010-07-22T00:00,0.241,µg/m³,VOC,N/A
55201,LEMIEUX,B-Pinene,2010-07-25T00:00,0.289,µg/m³,VOC,N/A
55201,LEMIEUX,B-Pinene,2010-07-28T00:00,0.309,µg/m³,VOC,N/A
55201,LEMIEUX,B-Pinene,2010-07-31T00:00,0.098,µg/m³,VOC,N/A
55201,LEMIEUX,B-Pinene,2010-08-03T00:00,0.362,µg/m³,VOC,N/A
55201,LEMIEUX,B-Pinene,2010-08-06T00:00,0.253,µg/m³,VOC,N/A
55201,LEMIEUX,B-Pinene,2010-08-09T00:00,0.148,µg/m³,VOC,N/A
55201,LEMIEUX,B-Pinene,2010-08-12T00:00,0.096,µg/m³,VOC,N/A
55201,LEMIEUX,B-Pinene,2010-08-15T00:00,0.117,µg/m³,VOC,N/A
55201,LEMIEUX,B-Pinene,2010-08-18T00:00,0.083,µg/m³,VOC,N/A
55201,LEMIEUX,B-Pinene,2010-08-21T00:00,0.083,µg/m³,VOC,N/A
55201,LEMIEUX,B-Pinene,2010-08-24T00:00,0.061,µg/m³,VOC,N/A
55201,LEMIEUX,B-Pinene,2010-08-27T00:00,0.042,µg/m³,VOC,N/A
55201,LEMIEUX,B-Pinene,2010-08-30T00:00,0.115,µg/m³,VOC,N/A
55201,LEMIEUX,B-Pinene,2010-09-02T00:00,0.147,µg/m³,VOC,N/A
55201,LEMIEUX,B-Pinene,2010-09-05T00:00,0.049,µg/m³,VOC,N/A
55201,LEMIEUX,B-Pinene,2010-09-08T00:00,0.162,µg/m³,VOC,N/A
55201,LEMIEUX,B-Pinene,2010-09-11T00:00,0.048,µg/m³,VOC,N/A
55201,LEMIEUX,B-Pinene,2010-09-14T00:00,0.151,µg/m³,VOC,N/A
55201,LEMIEUX,B-Pinene,2010-09-20T00:00,0.060,µg/m³,VOC,N/A
55201,LEMIEUX,B-Pinene,2010-09-23T00:00,0.062,µg/m³,VOC,N/A
55201,LEMIEUX,B-Pinene,2010-09-26T00:00,0.211,µg/m³,VOC,N/A
55201,LEMIEUX,B-Pinene,2010-09-29T00:00,0.309,µg/m³,VOC,N/A
55201,LEMIEUX,B-Pinene,2010-10-02T00:00,0.421,µg/m³,VOC,N/A
55201,LEMIEUX,B-Pinene,2010-10-05T00:00,0.177,µg/m³,VOC,N/A
55201,LEMIEUX,B-Pinene,2010-10-08T00:00,0.283,µg/m³,VOC,N/A
55201,LEMIEUX,B-Pinene,2010-10-11T00:00,0.066,µg/m³,VOC,N/A
55201,LEMIEUX,B-Pinene,2010-10-14T00:00,0.514,µg/m³,VOC,N/A
55201,LEMIEUX,B-Pinene,2010-10-17T00:00,0.287,µg/m³,VOC,N/A
55201,LEMIEUX,B-Pinene,2010-10-20T00:00,0.070,µg/m³,VOC,N/A
55201,LEMIEUX,B-Pinene,2010-10-23T00:00,0.079,µg/m³,VOC,N/A
55201,LEMIEUX,B-Pinene,2010-10-26T00:00,0.458,µg/m³,VOC,N/A
55201,LEMIEUX,B-Pinene,2010-10-29T00:00,0.501,µg/m³,VOC,N/A
55201,LEMIEUX,B-Pinene,2010-11-01T00:00,0.169,µg/m³,VOC,N/A
55201,LEMIEUX,B-Pinene,2010-11-04T00:00,0.315,µg/m³,VOC,N/A
55201,LEMIEUX,B-Pinene,2010-11-07T00:00,0.222,µg/m³,VOC,N/A
55201,LEMIEUX,B-Pinene,2010-11-10T00:00,0.010,µg/m³,VOC,N/A
55201,LEMIEUX,B-Pinene,2010-11-13T00:00,0.603,µg/m³,VOC,N/A
55201,LEMIEUX,B-Pinene,2010-11-16T00:00,0.099,µg/m³,VOC,N/A
55201,LEMIEUX,B-Pinene,2010-11-19T00:00,0.004,µg/m³,VOC,N/A
55201,LEMIEUX,B-Pinene,2010-11-22T00:00,0.693,µg/m³,VOC,N/A
55201,LEMIEUX,B-Pinene,2010-11-25T00:00,0.027,µg/m³,VOC,N/A
55201,LEMIEUX,B-Pinene,2010-11-28T00:00,0.027,µg/m³,VOC,N/A
55201,LEMIEUX,B-Pinene,2010-12-01T00:00,0.119,µg/m³,VOC,N/A
55201,LEMIEUX,B-Pinene,2010-12-04T00:00,0.151,µg/m³,VOC,N/A
55201,LEMIEUX,B-Pinene,2010-12-10T00:00,0.116,µg/m³,VOC,N/A
55201,LEMIEUX,B-Pinene,2010-12-13T00:00,0.005,µg/m³,VOC,N/A
55201,LEMIEUX,B-Pinene,2010-12-16T00:00,0.015,µg/m³,VOC,N/A
55201,LEMIEUX,B-Pinene,2010-12-19T00:00,0.023,µg/m³,VOC,N/A
55201,LEMIEUX,B-Pinene,2010-12-22T00:00,0.088,µg/m³,VOC,N/A
55201,LEMIEUX,B-Pinene,2010-12-25T00:00,0.002,µg/m³,VOC,N/A
55201,LEMIEUX,B-Pinene,2010-12-28T00:00,0.001,µg/m³,VOC,N/A
55201,LEMIEUX,B-Pinene,2010-12-31T00:00,0.178,µg/m³,VOC,N/A
