﻿NAPS_Site_ID,Station_Name,Pollutant,Date,Value,Units,Report_Type,Method
100202,PRG PLAZA 400,"cis-1,3-Dimethylcyclohexane",2009-01-07T00:00,0.082,µg/m³,VOC,N/A
100202,PRG PLAZA 400,"cis-1,3-Dimethylcyclohexane",2009-01-13T00:00,0.033,µg/m³,VOC,N/A
100202,PRG PLAZA 400,"cis-1,3-Dimethylcyclohexane",2009-01-19T00:00,0.186,µg/m³,VOC,N/A
100202,PRG PLAZA 400,"cis-1,3-Dimethylcyclohexane",2009-01-25T00:00,0.071,µg/m³,VOC,N/A
100202,PRG PLAZA 400,"cis-1,3-Dimethylcyclohexane",2009-02-06T00:00,0.039,µg/m³,VOC,N/A
100202,PRG PLAZA 400,"cis-1,3-Dimethylcyclohexane",2009-02-18T00:00,0.258,µg/m³,VOC,N/A
100202,PRG PLAZA 400,"cis-1,3-Dimethylcyclohexane",2009-02-24T00:00,0.012,µg/m³,VOC,N/A
100202,PRG PLAZA 400,"cis-1,3-Dimethylcyclohexane",2009-03-02T00:00,0.175,µg/m³,VOC,N/A
100202,PRG PLAZA 400,"cis-1,3-Dimethylcyclohexane",2009-03-08T00:00,0.005,µg/m³,VOC,N/A
100202,PRG PLAZA 400,"cis-1,3-Dimethylcyclohexane",2009-03-14T00:00,0.046,µg/m³,VOC,N/A
100202,PRG PLAZA 400,"cis-1,3-Dimethylcyclohexane",2009-03-20T00:00,0.081,µg/m³,VOC,N/A
100202,PRG PLAZA 400,"cis-1,3-Dimethylcyclohexane",2009-03-26T00:00,0.066,µg/m³,VOC,N/A
100202,PRG PLAZA 400,"cis-1,3-Dimethylcyclohexane",2009-04-01T00:00,0.050,µg/m³,VOC,N/A
100202,PRG PLAZA 400,"cis-1,3-Dimethylcyclohexane",2009-04-07T00:00,0.073,µg/m³,VOC,N/A
100202,PRG PLAZA 400,"cis-1,3-Dimethylcyclohexane",2009-04-13T00:00,0.028,µg/m³,VOC,N/A
100202,PRG PLAZA 400,"cis-1,3-Dimethylcyclohexane",2009-04-19T00:00,0.037,µg/m³,VOC,N/A
100202,PRG PLAZA 400,"cis-1,3-Dimethylcyclohexane",2009-04-25T00:00,0.025,µg/m³,VOC,N/A
100202,PRG PLAZA 400,"cis-1,3-Dimethylcyclohexane",2009-05-07T00:00,0.044,µg/m³,VOC,N/A
100202,PRG PLAZA 400,"cis-1,3-Dimethylcyclohexane",2009-05-13T00:00,0.048,µg/m³,VOC,N/A
100202,PRG PLAZA 400,"cis-1,3-Dimethylcyclohexane",2009-05-19T00:00,0.028,µg/m³,VOC,N/A
100202,PRG PLAZA 400,"cis-1,3-Dimethylcyclohexane",2009-05-25T00:00,0.054,µg/m³,VOC,N/A
100202,PRG PLAZA 400,"cis-1,3-Dimethylcyclohexane",2009-05-31T00:00,0.047,µg/m³,VOC,N/A
100202,PRG PLAZA 400,"cis-1,3-Dimethylcyclohexane",2009-06-06T00:00,0.037,µg/m³,VOC,N/A
100202,PRG PLAZA 400,"cis-1,3-Dimethylcyclohexane",2009-06-12T00:00,0.074,µg/m³,VOC,N/A
100202,PRG PLAZA 400,"cis-1,3-Dimethylcyclohexane",2009-06-18T00:00,0.043,µg/m³,VOC,N/A
100202,PRG PLAZA 400,"cis-1,3-Dimethylcyclohexane",2009-06-30T00:00,0.035,µg/m³,VOC,N/A
100202,PRG PLAZA 400,"cis-1,3-Dimethylcyclohexane",2009-07-06T00:00,0.023,µg/m³,VOC,N/A
100202,PRG PLAZA 400,"cis-1,3-Dimethylcyclohexane",2009-07-12T00:00,0.060,µg/m³,VOC,N/A
100202,PRG PLAZA 400,"cis-1,3-Dimethylcyclohexane",2009-07-18T00:00,0.064,µg/m³,VOC,N/A
100202,PRG PLAZA 400,"cis-1,3-Dimethylcyclohexane",2009-07-30T00:00,0.073,µg/m³,VOC,N/A
100202,PRG PLAZA 400,"cis-1,3-Dimethylcyclohexane",2009-08-05T00:00,0.048,µg/m³,VOC,N/A
100202,PRG PLAZA 400,"cis-1,3-Dimethylcyclohexane",2009-08-11T00:00,0.037,µg/m³,VOC,N/A
100202,PRG PLAZA 400,"cis-1,3-Dimethylcyclohexane",2009-08-17T00:00,0.030,µg/m³,VOC,N/A
100202,PRG PLAZA 400,"cis-1,3-Dimethylcyclohexane",2009-08-23T00:00,0.049,µg/m³,VOC,N/A
100202,PRG PLAZA 400,"cis-1,3-Dimethylcyclohexane",2009-09-04T00:00,0.027,µg/m³,VOC,N/A
100202,PRG PLAZA 400,"cis-1,3-Dimethylcyclohexane",2009-09-10T00:00,0.040,µg/m³,VOC,N/A
100202,PRG PLAZA 400,"cis-1,3-Dimethylcyclohexane",2009-09-16T00:00,0.194,µg/m³,VOC,N/A
100202,PRG PLAZA 400,"cis-1,3-Dimethylcyclohexane",2009-09-22T00:00,0.193,µg/m³,VOC,N/A
100202,PRG PLAZA 400,"cis-1,3-Dimethylcyclohexane",2009-09-28T00:00,0.038,µg/m³,VOC,N/A
100202,PRG PLAZA 400,"cis-1,3-Dimethylcyclohexane",2009-10-28T00:00,0.056,µg/m³,VOC,N/A
100202,PRG PLAZA 400,"cis-1,3-Dimethylcyclohexane",2009-11-06T00:00,0.027,µg/m³,VOC,N/A
100202,PRG PLAZA 400,"cis-1,3-Dimethylcyclohexane",2009-11-09T00:00,0.025,µg/m³,VOC,N/A
100202,PRG PLAZA 400,"cis-1,3-Dimethylcyclohexane",2009-11-15T00:00,0.027,µg/m³,VOC,N/A
100202,PRG PLAZA 400,"cis-1,3-Dimethylcyclohexane",2009-11-21T00:00,0.034,µg/m³,VOC,N/A
100202,PRG PLAZA 400,"cis-1,3-Dimethylcyclohexane",2009-11-27T00:00,0.018,µg/m³,VOC,N/A
100202,PRG PLAZA 400,"cis-1,3-Dimethylcyclohexane",2009-12-15T00:00,0.061,µg/m³,VOC,N/A
100202,PRG PLAZA 400,"cis-1,3-Dimethylcyclohexane",2009-12-21T00:00,0.014,µg/m³,VOC,N/A
100202,PRG PLAZA 400,"cis-1,3-Dimethylcyclohexane",2009-12-27T00:00,0.040,µg/m³,VOC,N/A
