﻿NAPS_Site_ID,Station_Name,Pollutant,Date,Value,Units,Report_Type,Method
60204,WINDSOR DOWNTOWN,234678-H6CDF,1991-01-06T00:00,0.744,pg/m³,PCDD,
60204,WINDSOR DOWNTOWN,234678-H6CDF,1991-01-30T00:00,0.241,pg/m³,PCDD,
60204,WINDSOR DOWNTOWN,234678-H6CDF,1991-03-19T00:00,0.025,pg/m³,PCDD,
60204,WINDSOR DOWNTOWN,234678-H6CDF,1991-04-12T00:00,0.008,pg/m³,PCDD,
60204,WINDSOR DOWNTOWN,234678-H6CDF,1991-05-06T00:00,0.000,pg/m³,PCDD,
60204,WINDSOR DOWNTOWN,234678-H6CDF,1991-05-30T00:00,0.016,pg/m³,PCDD,
60204,WINDSOR DOWNTOWN,234678-H6CDF,1991-08-10T00:00,0.077,pg/m³,PCDD,
60204,WINDSOR DOWNTOWN,234678-H6CDF,1991-09-03T00:00,0.573,pg/m³,PCDD,
60204,WINDSOR DOWNTOWN,234678-H6CDF,1991-09-27T00:00,0.056,pg/m³,PCDD,
60204,WINDSOR DOWNTOWN,234678-H6CDF,1991-10-21T00:00,0.000,pg/m³,PCDD,
60204,WINDSOR DOWNTOWN,234678-H6CDF,1991-11-14T00:00,0.042,pg/m³,PCDD,
60204,WINDSOR DOWNTOWN,234678-H6CDF,1991-11-26T00:00,0.027,pg/m³,PCDD,
60204,WINDSOR DOWNTOWN,234678-H6CDF,1991-12-08T00:00,0.025,pg/m³,PCDD,
