﻿NAPS_Site_ID,Station_Name,Pollutant,Date,Value,Units,Report_Type,Method
60427,GAGE INSTITUTE,Acetate,2005-01-10T00:00,0.000,µg/m³,IC,
60427,GAGE INSTITUTE,Acetate,2005-01-13T00:00,0.000,µg/m³,IC,
60427,GAGE INSTITUTE,Acetate,2005-01-16T00:00,0.000,µg/m³,IC,
60427,GAGE INSTITUTE,Acetate,2005-01-19T00:00,0.000,µg/m³,IC,
60427,GAGE INSTITUTE,Acetate,2005-01-22T00:00,0.000,µg/m³,IC,
60427,GAGE INSTITUTE,Acetate,2005-01-25T00:00,0.000,µg/m³,IC,
60427,GAGE INSTITUTE,Acetate,2005-01-28T00:00,0.000,µg/m³,IC,
60427,GAGE INSTITUTE,Acetate,2005-01-31T00:00,0.000,µg/m³,IC,
60427,GAGE INSTITUTE,Acetate,2005-02-03T00:00,0.000,µg/m³,IC,
60427,GAGE INSTITUTE,Acetate,2005-02-06T00:00,0.000,µg/m³,IC,
60427,GAGE INSTITUTE,Acetate,2005-02-09T00:00,0.017,µg/m³,IC,
60427,GAGE INSTITUTE,Acetate,2005-02-12T00:00,0.000,µg/m³,IC,
60427,GAGE INSTITUTE,Acetate,2005-02-15T00:00,0.000,µg/m³,IC,
60427,GAGE INSTITUTE,Acetate,2005-02-18T00:00,0.000,µg/m³,IC,
60427,GAGE INSTITUTE,Acetate,2005-02-21T00:00,0.000,µg/m³,IC,
60427,GAGE INSTITUTE,Acetate,2005-02-24T00:00,0.000,µg/m³,IC,
60427,GAGE INSTITUTE,Acetate,2005-02-27T00:00,0.001,µg/m³,IC,
60427,GAGE INSTITUTE,Acetate,2005-03-02T00:00,0.000,µg/m³,IC,
60427,GAGE INSTITUTE,Acetate,2005-03-05T00:00,0.000,µg/m³,IC,
60427,GAGE INSTITUTE,Acetate,2005-03-08T00:00,0.000,µg/m³,IC,
60427,GAGE INSTITUTE,Acetate,2005-03-11T00:00,0.000,µg/m³,IC,
60427,GAGE INSTITUTE,Acetate,2005-03-14T00:00,0.005,µg/m³,IC,
60427,GAGE INSTITUTE,Acetate,2005-03-17T00:00,0.090,µg/m³,IC,
60427,GAGE INSTITUTE,Acetate,2005-03-20T00:00,0.000,µg/m³,IC,
60427,GAGE INSTITUTE,Acetate,2005-03-23T00:00,0.000,µg/m³,IC,
60427,GAGE INSTITUTE,Acetate,2005-03-26T00:00,0.000,µg/m³,IC,
60427,GAGE INSTITUTE,Acetate,2005-03-29T00:00,0.000,µg/m³,IC,
60427,GAGE INSTITUTE,Acetate,2005-04-04T00:00,0.012,µg/m³,IC,
60427,GAGE INSTITUTE,Acetate,2005-04-07T00:00,0.000,µg/m³,IC,
60427,GAGE INSTITUTE,Acetate,2005-04-13T00:00,0.038,µg/m³,IC,
60427,GAGE INSTITUTE,Acetate,2005-04-22T00:00,0.000,µg/m³,IC,
60427,GAGE INSTITUTE,Acetate,2005-04-25T00:00,0.000,µg/m³,IC,
60427,GAGE INSTITUTE,Acetate,2005-04-28T00:00,0.000,µg/m³,IC,
60427,GAGE INSTITUTE,Acetate,2005-05-01T00:00,0.000,µg/m³,IC,
60427,GAGE INSTITUTE,Acetate,2005-05-04T00:00,0.000,µg/m³,IC,
60427,GAGE INSTITUTE,Acetate,2005-05-07T00:00,0.000,µg/m³,IC,
60427,GAGE INSTITUTE,Acetate,2005-05-10T00:00,0.000,µg/m³,IC,
60427,GAGE INSTITUTE,Acetate,2005-05-13T00:00,0.003,µg/m³,IC,
60427,GAGE INSTITUTE,Acetate,2005-05-16T00:00,0.000,µg/m³,IC,
60427,GAGE INSTITUTE,Acetate,2005-05-19T00:00,0.000,µg/m³,IC,
60427,GAGE INSTITUTE,Acetate,2005-05-22T00:00,0.000,µg/m³,IC,
60427,GAGE INSTITUTE,Acetate,2005-05-25T00:00,0.024,µg/m³,IC,
60427,GAGE INSTITUTE,Acetate,2005-05-28T00:00,0.000,µg/m³,IC,
60427,GAGE INSTITUTE,Acetate,2005-05-31T00:00,0.000,µg/m³,IC,
60427,GAGE INSTITUTE,Acetate,2005-06-03T00:00,0.000,µg/m³,IC,
60427,GAGE INSTITUTE,Acetate,2005-06-06T00:00,0.000,µg/m³,IC,
60427,GAGE INSTITUTE,Acetate,2005-06-09T00:00,0.030,µg/m³,IC,
60427,GAGE INSTITUTE,Acetate,2005-06-12T00:00,0.000,µg/m³,IC,
60427,GAGE INSTITUTE,Acetate,2005-06-15T00:00,0.000,µg/m³,IC,
60427,GAGE INSTITUTE,Acetate,2005-06-18T00:00,0.000,µg/m³,IC,
60427,GAGE INSTITUTE,Acetate,2005-06-21T00:00,0.000,µg/m³,IC,
60427,GAGE INSTITUTE,Acetate,2005-06-24T00:00,0.001,µg/m³,IC,
60427,GAGE INSTITUTE,Acetate,2005-06-27T00:00,0.000,µg/m³,IC,
60427,GAGE INSTITUTE,Acetate,2005-06-30T00:00,0.000,µg/m³,IC,
60427,GAGE INSTITUTE,Acetate,2005-07-03T00:00,0.000,µg/m³,IC,
60427,GAGE INSTITUTE,Acetate,2005-08-02T00:00,0.018,µg/m³,IC,
60427,GAGE INSTITUTE,Acetate,2005-08-05T00:00,0.000,µg/m³,IC,
60427,GAGE INSTITUTE,Acetate,2005-08-08T00:00,0.009,µg/m³,IC,
60427,GAGE INSTITUTE,Acetate,2005-08-11T00:00,0.027,µg/m³,IC,
60427,GAGE INSTITUTE,Acetate,2005-08-14T00:00,0.000,µg/m³,IC,
60427,GAGE INSTITUTE,Acetate,2005-08-17T00:00,0.000,µg/m³,IC,
60427,GAGE INSTITUTE,Acetate,2005-08-20T00:00,0.000,µg/m³,IC,
60427,GAGE INSTITUTE,Acetate,2005-08-23T00:00,0.000,µg/m³,IC,
60427,GAGE INSTITUTE,Acetate,2005-08-26T00:00,0.000,µg/m³,IC,
60427,GAGE INSTITUTE,Acetate,2005-08-29T00:00,0.086,µg/m³,IC,
60427,GAGE INSTITUTE,Acetate,2005-09-01T00:00,0.000,µg/m³,IC,
60427,GAGE INSTITUTE,Acetate,2005-09-04T00:00,0.000,µg/m³,IC,
60427,GAGE INSTITUTE,Acetate,2005-09-07T00:00,0.000,µg/m³,IC,
60427,GAGE INSTITUTE,Acetate,2005-09-10T00:00,0.000,µg/m³,IC,
60427,GAGE INSTITUTE,Acetate,2005-09-13T00:00,0.000,µg/m³,IC,
60427,GAGE INSTITUTE,Acetate,2005-09-16T00:00,0.042,µg/m³,IC,
60427,GAGE INSTITUTE,Acetate,2005-10-04T00:00,0.000,µg/m³,IC,
60427,GAGE INSTITUTE,Acetate,2005-10-07T00:00,0.126,µg/m³,IC,
60427,GAGE INSTITUTE,Acetate,2005-10-10T00:00,0.000,µg/m³,IC,
60427,GAGE INSTITUTE,Acetate,2005-10-13T00:00,0.032,µg/m³,IC,
60427,GAGE INSTITUTE,Acetate,2005-10-16T00:00,0.000,µg/m³,IC,
60427,GAGE INSTITUTE,Acetate,2005-10-25T00:00,0.068,µg/m³,IC,
60427,GAGE INSTITUTE,Acetate,2005-10-28T00:00,0.098,µg/m³,IC,
60427,GAGE INSTITUTE,Acetate,2005-10-31T00:00,0.080,µg/m³,IC,
60427,GAGE INSTITUTE,Acetate,2005-11-15T00:00,0.040,µg/m³,IC,
60427,GAGE INSTITUTE,Acetate,2005-11-18T00:00,0.047,µg/m³,IC,
60427,GAGE INSTITUTE,Acetate,2005-11-21T00:00,0.047,µg/m³,IC,
60427,GAGE INSTITUTE,Acetate,2005-11-24T00:00,0.083,µg/m³,IC,
60427,GAGE INSTITUTE,Acetate,2005-11-27T00:00,0.073,µg/m³,IC,
60427,GAGE INSTITUTE,Acetate,2005-11-30T00:00,0.035,µg/m³,IC,
60427,GAGE INSTITUTE,Acetate,2005-12-03T00:00,0.061,µg/m³,IC,
60427,GAGE INSTITUTE,Acetate,2005-12-06T00:00,0.064,µg/m³,IC,
60427,GAGE INSTITUTE,Acetate,2005-12-09T00:00,0.045,µg/m³,IC,
60427,GAGE INSTITUTE,Acetate,2005-12-12T00:00,0.114,µg/m³,IC,
60427,GAGE INSTITUTE,Acetate,2005-12-15T00:00,0.069,µg/m³,IC,
60427,GAGE INSTITUTE,Acetate,2005-12-18T00:00,0.047,µg/m³,IC,
60427,GAGE INSTITUTE,Acetate,2005-12-21T00:00,0.000,µg/m³,IC,
60427,GAGE INSTITUTE,Acetate,2005-12-24T00:00,0.000,µg/m³,IC,
60427,GAGE INSTITUTE,Acetate,2005-12-30T00:00,0.016,µg/m³,IC,
