﻿NAPS_Site_ID,Station_Name,Pollutant,Date,Value,Units,Report_Type,Method
50134,MONTRÉAL-MOLSON or MONTRÉAL-SAINT-JOSEPH,13C12-OCDD,2010-03-20T20:00,88.000,pg/m³,PCDD,GC-MS
50134,MONTRÉAL-MOLSON or MONTRÉAL-SAINT-JOSEPH,13C12-OCDD,2010-04-13T20:00,92.000,pg/m³,PCDD,GC-MS
50134,MONTRÉAL-MOLSON or MONTRÉAL-SAINT-JOSEPH,13C12-OCDD,2010-05-07T20:00,120.000,pg/m³,PCDD,GC-MS
50134,MONTRÉAL-MOLSON or MONTRÉAL-SAINT-JOSEPH,13C12-OCDD,2010-05-31T20:00,123.000,pg/m³,PCDD,GC-MS
50134,MONTRÉAL-MOLSON or MONTRÉAL-SAINT-JOSEPH,13C12-OCDD,2010-07-18T20:00,113.000,pg/m³,PCDD,GC-MS
50134,MONTRÉAL-MOLSON or MONTRÉAL-SAINT-JOSEPH,13C12-OCDD,2010-09-28T20:00,95.000,pg/m³,PCDD,GC-MS
50134,MONTRÉAL-MOLSON or MONTRÉAL-SAINT-JOSEPH,13C12-OCDD,2010-11-15T19:00,99.000,pg/m³,PCDD,GC-MS
50134,MONTRÉAL-MOLSON or MONTRÉAL-SAINT-JOSEPH,13C12-OCDD,2010-12-09T19:00,95.000,pg/m³,PCDD,GC-MS
