﻿NAPS_Site_ID,Station_Name,Pollutant,Date,Value,Units,Report_Type,Method
10102,WATER STREET POST OFFICE,Ethane,2011-01-03T00:00,3.071,µg/m³,VOC,N/A
10102,WATER STREET POST OFFICE,Ethane,2011-01-09T00:00,2.707,µg/m³,VOC,N/A
10102,WATER STREET POST OFFICE,Ethane,2011-01-15T00:00,2.833,µg/m³,VOC,N/A
10102,WATER STREET POST OFFICE,Ethane,2011-01-21T00:00,3.191,µg/m³,VOC,N/A
10102,WATER STREET POST OFFICE,Ethane,2011-01-27T00:00,3.185,µg/m³,VOC,N/A
10102,WATER STREET POST OFFICE,Ethane,2011-02-02T00:00,3.204,µg/m³,VOC,N/A
10102,WATER STREET POST OFFICE,Ethane,2011-02-08T00:00,2.568,µg/m³,VOC,N/A
10102,WATER STREET POST OFFICE,Ethane,2011-02-14T00:00,3.014,µg/m³,VOC,N/A
10102,WATER STREET POST OFFICE,Ethane,2011-02-20T00:00,2.845,µg/m³,VOC,N/A
10102,WATER STREET POST OFFICE,Ethane,2011-02-26T00:00,3.138,µg/m³,VOC,N/A
10102,WATER STREET POST OFFICE,Ethane,2011-03-04T00:00,3.313,µg/m³,VOC,N/A
10102,WATER STREET POST OFFICE,Ethane,2011-03-10T00:00,3.060,µg/m³,VOC,N/A
10102,WATER STREET POST OFFICE,Ethane,2011-03-16T00:00,2.780,µg/m³,VOC,N/A
10102,WATER STREET POST OFFICE,Ethane,2011-03-22T00:00,2.968,µg/m³,VOC,N/A
10102,WATER STREET POST OFFICE,Ethane,2011-03-28T00:00,1.875,µg/m³,VOC,N/A
10102,WATER STREET POST OFFICE,Ethane,2011-04-03T00:00,2.043,µg/m³,VOC,N/A
10102,WATER STREET POST OFFICE,Ethane,2011-04-09T00:00,2.328,µg/m³,VOC,N/A
10102,WATER STREET POST OFFICE,Ethane,2011-04-15T00:00,1.956,µg/m³,VOC,N/A
10102,WATER STREET POST OFFICE,Ethane,2011-04-21T00:00,1.601,µg/m³,VOC,N/A
10102,WATER STREET POST OFFICE,Ethane,2011-04-27T00:00,1.120,µg/m³,VOC,N/A
10102,WATER STREET POST OFFICE,Ethane,2011-05-03T00:00,1.649,µg/m³,VOC,N/A
10102,WATER STREET POST OFFICE,Ethane,2011-05-09T00:00,1.768,µg/m³,VOC,N/A
10102,WATER STREET POST OFFICE,Ethane,2011-05-21T00:00,1.708,µg/m³,VOC,N/A
10102,WATER STREET POST OFFICE,Ethane,2011-05-27T00:00,0.923,µg/m³,VOC,N/A
10102,WATER STREET POST OFFICE,Ethane,2011-06-02T00:00,1.401,µg/m³,VOC,N/A
10102,WATER STREET POST OFFICE,Ethane,2011-06-08T00:00,1.617,µg/m³,VOC,N/A
10102,WATER STREET POST OFFICE,Ethane,2011-06-14T00:00,1.183,µg/m³,VOC,N/A
10102,WATER STREET POST OFFICE,Ethane,2011-06-20T00:00,1.024,µg/m³,VOC,N/A
10102,WATER STREET POST OFFICE,Ethane,2011-06-26T00:00,1.035,µg/m³,VOC,N/A
10102,WATER STREET POST OFFICE,Ethane,2011-07-02T00:00,1.205,µg/m³,VOC,N/A
10102,WATER STREET POST OFFICE,Ethane,2011-07-08T00:00,1.663,µg/m³,VOC,N/A
10102,WATER STREET POST OFFICE,Ethane,2011-07-14T00:00,1.372,µg/m³,VOC,N/A
10102,WATER STREET POST OFFICE,Ethane,2011-07-20T00:00,1.488,µg/m³,VOC,N/A
10102,WATER STREET POST OFFICE,Ethane,2011-07-26T00:00,1.041,µg/m³,VOC,N/A
10102,WATER STREET POST OFFICE,Ethane,2011-08-01T00:00,1.234,µg/m³,VOC,N/A
10102,WATER STREET POST OFFICE,Ethane,2011-08-07T00:00,1.129,µg/m³,VOC,N/A
10102,WATER STREET POST OFFICE,Ethane,2011-08-13T00:00,1.589,µg/m³,VOC,N/A
10102,WATER STREET POST OFFICE,Ethane,2011-08-19T00:00,1.173,µg/m³,VOC,N/A
10102,WATER STREET POST OFFICE,Ethane,2011-08-25T00:00,0.976,µg/m³,VOC,N/A
10102,WATER STREET POST OFFICE,Ethane,2011-08-31T00:00,1.026,µg/m³,VOC,N/A
10102,WATER STREET POST OFFICE,Ethane,2011-09-06T00:00,0.891,µg/m³,VOC,N/A
10102,WATER STREET POST OFFICE,Ethane,2011-09-12T00:00,0.896,µg/m³,VOC,N/A
10102,WATER STREET POST OFFICE,Ethane,2011-09-18T00:00,1.009,µg/m³,VOC,N/A
10102,WATER STREET POST OFFICE,Ethane,2011-09-24T00:00,1.312,µg/m³,VOC,N/A
10102,WATER STREET POST OFFICE,Ethane,2011-09-30T00:00,1.029,µg/m³,VOC,N/A
10102,WATER STREET POST OFFICE,Ethane,2011-10-06T00:00,1.031,µg/m³,VOC,N/A
10102,WATER STREET POST OFFICE,Ethane,2011-10-12T00:00,1.618,µg/m³,VOC,N/A
10102,WATER STREET POST OFFICE,Ethane,2011-10-18T00:00,1.977,µg/m³,VOC,N/A
10102,WATER STREET POST OFFICE,Ethane,2011-10-24T00:00,1.775,µg/m³,VOC,N/A
10102,WATER STREET POST OFFICE,Ethane,2011-10-30T00:00,1.939,µg/m³,VOC,N/A
10102,WATER STREET POST OFFICE,Ethane,2011-11-05T00:00,1.800,µg/m³,VOC,N/A
10102,WATER STREET POST OFFICE,Ethane,2011-11-11T00:00,3.117,µg/m³,VOC,N/A
10102,WATER STREET POST OFFICE,Ethane,2011-11-17T00:00,2.814,µg/m³,VOC,N/A
10102,WATER STREET POST OFFICE,Ethane,2011-11-23T00:00,2.243,µg/m³,VOC,N/A
10102,WATER STREET POST OFFICE,Ethane,2011-11-29T00:00,2.528,µg/m³,VOC,N/A
10102,WATER STREET POST OFFICE,Ethane,2011-12-05T00:00,2.217,µg/m³,VOC,N/A
10102,WATER STREET POST OFFICE,Ethane,2011-12-11T00:00,2.191,µg/m³,VOC,N/A
10102,WATER STREET POST OFFICE,Ethane,2011-12-17T00:00,4.436,µg/m³,VOC,N/A
10102,WATER STREET POST OFFICE,Ethane,2011-12-23T00:00,2.337,µg/m³,VOC,N/A
10102,WATER STREET POST OFFICE,Ethane,2011-12-29T00:00,2.817,µg/m³,VOC,N/A
