﻿NAPS_Site_ID,Station_Name,Pollutant,Date,Value,Units,Report_Type,Method
70119,ELLEN,Propionaldehyde,2008-05-30T00:00,0.242,µg/m³,VOC,GC-MS
70119,ELLEN,Propionaldehyde,2008-06-05T00:00,0.184,µg/m³,VOC,GC-MS
70119,ELLEN,Propionaldehyde,2008-06-11T00:00,0.144,µg/m³,VOC,GC-MS
70119,ELLEN,Propionaldehyde,2008-06-23T00:00,0.385,µg/m³,VOC,GC-MS
70119,ELLEN,Propionaldehyde,2008-06-29T00:00,0.267,µg/m³,VOC,GC-MS
70119,ELLEN,Propionaldehyde,2008-07-23T00:00,0.190,µg/m³,VOC,GC-MS
70119,ELLEN,Propionaldehyde,2008-07-29T00:00,0.230,µg/m³,VOC,GC-MS
70119,ELLEN,Propionaldehyde,2008-08-04T00:00,0.192,µg/m³,VOC,GC-MS
70119,ELLEN,Propionaldehyde,2008-08-10T00:00,0.348,µg/m³,VOC,GC-MS
70119,ELLEN,Propionaldehyde,2008-08-16T00:00,0.360,µg/m³,VOC,GC-MS
70119,ELLEN,Propionaldehyde,2008-08-22T00:00,0.265,µg/m³,VOC,GC-MS
70119,ELLEN,Propionaldehyde,2008-08-28T00:00,0.210,µg/m³,VOC,GC-MS
70119,ELLEN,Propionaldehyde,2008-09-09T00:00,0.188,µg/m³,VOC,GC-MS
70119,ELLEN,Propionaldehyde,2008-09-15T00:00,0.175,µg/m³,VOC,GC-MS
70119,ELLEN,Propionaldehyde,2008-09-21T00:00,0.265,µg/m³,VOC,GC-MS
70119,ELLEN,Propionaldehyde,2008-09-27T00:00,0.156,µg/m³,VOC,GC-MS
70119,ELLEN,Propionaldehyde,2008-10-03T00:00,0.205,µg/m³,VOC,GC-MS
70119,ELLEN,Propionaldehyde,2008-10-15T00:00,0.106,µg/m³,VOC,GC-MS
70119,ELLEN,Propionaldehyde,2008-10-21T00:00,0.124,µg/m³,VOC,GC-MS
70119,ELLEN,Propionaldehyde,2008-10-27T00:00,0.053,µg/m³,VOC,GC-MS
70119,ELLEN,Propionaldehyde,2008-11-02T00:00,0.139,µg/m³,VOC,GC-MS
70119,ELLEN,Propionaldehyde,2008-11-08T00:00,0.048,µg/m³,VOC,GC-MS
70119,ELLEN,Propionaldehyde,2008-11-14T00:00,0.065,µg/m³,VOC,GC-MS
70119,ELLEN,Propionaldehyde,2008-11-26T00:00,0.281,µg/m³,VOC,GC-MS
70119,ELLEN,Propionaldehyde,2008-12-02T00:00,0.094,µg/m³,VOC,GC-MS
70119,ELLEN,Propionaldehyde,2008-12-08T00:00,0.187,µg/m³,VOC,GC-MS
70119,ELLEN,Propionaldehyde,2008-12-14T00:00,0.059,µg/m³,VOC,GC-MS
70119,ELLEN,Propionaldehyde,2008-12-20T00:00,0.116,µg/m³,VOC,GC-MS
70119,ELLEN,Propionaldehyde,2008-12-26T00:00,0.200,µg/m³,VOC,GC-MS
