﻿NAPS_Site_ID,Station_Name,Pollutant,Date,Value,Units,Report_Type,Method
100127,SURREY EAST,3-Methylhexane,2001-01-07T00:00,0.420,µg/m³,VOC,N/A
100127,SURREY EAST,3-Methylhexane,2001-02-06T00:00,0.300,µg/m³,VOC,N/A
100127,SURREY EAST,3-Methylhexane,2001-02-24T00:00,0.200,µg/m³,VOC,N/A
100127,SURREY EAST,3-Methylhexane,2001-03-14T00:00,0.160,µg/m³,VOC,N/A
100127,SURREY EAST,3-Methylhexane,2001-04-01T00:00,0.110,µg/m³,VOC,N/A
100127,SURREY EAST,3-Methylhexane,2001-04-25T00:00,0.310,µg/m³,VOC,N/A
100127,SURREY EAST,3-Methylhexane,2001-05-13T00:00,0.140,µg/m³,VOC,N/A
100127,SURREY EAST,3-Methylhexane,2001-05-31T00:00,0.320,µg/m³,VOC,N/A
100127,SURREY EAST,3-Methylhexane,2001-07-06T00:00,0.190,µg/m³,VOC,N/A
100127,SURREY EAST,3-Methylhexane,2001-08-05T00:00,0.190,µg/m³,VOC,N/A
100127,SURREY EAST,3-Methylhexane,2001-08-23T00:00,0.190,µg/m³,VOC,N/A
100127,SURREY EAST,3-Methylhexane,2001-09-16T00:00,0.290,µg/m³,VOC,N/A
100127,SURREY EAST,3-Methylhexane,2001-10-04T00:00,0.170,µg/m³,VOC,N/A
100127,SURREY EAST,3-Methylhexane,2001-10-28T00:00,0.180,µg/m³,VOC,N/A
100127,SURREY EAST,3-Methylhexane,2001-11-21T00:00,0.230,µg/m³,VOC,N/A
100127,SURREY EAST,3-Methylhexane,2001-12-09T00:00,0.170,µg/m³,VOC,N/A
100127,SURREY EAST,3-Methylhexane,2001-12-21T00:00,0.280,µg/m³,VOC,N/A
