﻿NAPS_Site_ID,Station_Name,Pollutant,Date,Value,Units,Report_Type,Method
50308,QUÉBEC-VIEUX-LIMOILOU (DES SABLES),Barium,2011-01-03T00:00,0.008,µg/m³,PM2.5,ED-XRF
50308,QUÉBEC-VIEUX-LIMOILOU (DES SABLES),Barium,2011-01-09T00:00,0.022,µg/m³,PM2.5,ED-XRF
50308,QUÉBEC-VIEUX-LIMOILOU (DES SABLES),Barium,2011-01-15T00:00,0.001,µg/m³,PM2.5,ED-XRF
50308,QUÉBEC-VIEUX-LIMOILOU (DES SABLES),Barium,2011-01-21T00:00,0.032,µg/m³,PM2.5,ED-XRF
50308,QUÉBEC-VIEUX-LIMOILOU (DES SABLES),Barium,2011-01-27T00:00,0.011,µg/m³,PM2.5,ED-XRF
50308,QUÉBEC-VIEUX-LIMOILOU (DES SABLES),Barium,2011-02-02T00:00,0.006,µg/m³,PM2.5,ED-XRF
50308,QUÉBEC-VIEUX-LIMOILOU (DES SABLES),Barium,2011-02-08T00:00,0.010,µg/m³,PM2.5,ED-XRF
50308,QUÉBEC-VIEUX-LIMOILOU (DES SABLES),Barium,2011-02-14T00:00,0.005,µg/m³,PM2.5,ED-XRF
50308,QUÉBEC-VIEUX-LIMOILOU (DES SABLES),Barium,2011-02-20T00:00,0.002,µg/m³,PM2.5,ED-XRF
50308,QUÉBEC-VIEUX-LIMOILOU (DES SABLES),Barium,2011-02-26T00:00,0.004,µg/m³,PM2.5,ED-XRF
50308,QUÉBEC-VIEUX-LIMOILOU (DES SABLES),Barium,2011-03-04T00:00,0.010,µg/m³,PM2.5,ED-XRF
50308,QUÉBEC-VIEUX-LIMOILOU (DES SABLES),Barium,2011-03-10T00:00,0.017,µg/m³,PM2.5,ED-XRF
50308,QUÉBEC-VIEUX-LIMOILOU (DES SABLES),Barium,2011-03-16T00:00,0.017,µg/m³,PM2.5,ED-XRF
50308,QUÉBEC-VIEUX-LIMOILOU (DES SABLES),Barium,2011-03-22T00:00,0.012,µg/m³,PM2.5,ED-XRF
50308,QUÉBEC-VIEUX-LIMOILOU (DES SABLES),Barium,2011-03-28T00:00,0.013,µg/m³,PM2.5,ED-XRF
50308,QUÉBEC-VIEUX-LIMOILOU (DES SABLES),Barium,2011-04-03T00:00,0.032,µg/m³,PM2.5,ED-XRF
50308,QUÉBEC-VIEUX-LIMOILOU (DES SABLES),Barium,2011-04-09T00:00,0.012,µg/m³,PM2.5,ED-XRF
50308,QUÉBEC-VIEUX-LIMOILOU (DES SABLES),Barium,2011-04-15T00:00,0.008,µg/m³,PM2.5,ED-XRF
50308,QUÉBEC-VIEUX-LIMOILOU (DES SABLES),Barium,2011-04-21T00:00,0.006,µg/m³,PM2.5,ED-XRF
50308,QUÉBEC-VIEUX-LIMOILOU (DES SABLES),Barium,2011-04-27T00:00,0.009,µg/m³,PM2.5,ED-XRF
50308,QUÉBEC-VIEUX-LIMOILOU (DES SABLES),Barium,2011-05-03T00:00,0.014,µg/m³,PM2.5,ED-XRF
50308,QUÉBEC-VIEUX-LIMOILOU (DES SABLES),Barium,2011-05-09T00:00,0.008,µg/m³,PM2.5,ED-XRF
50308,QUÉBEC-VIEUX-LIMOILOU (DES SABLES),Barium,2011-05-15T00:00,0.018,µg/m³,PM2.5,ED-XRF
50308,QUÉBEC-VIEUX-LIMOILOU (DES SABLES),Barium,2011-05-21T00:00,0.019,µg/m³,PM2.5,ED-XRF
50308,QUÉBEC-VIEUX-LIMOILOU (DES SABLES),Barium,2011-05-27T00:00,0.008,µg/m³,PM2.5,ED-XRF
50308,QUÉBEC-VIEUX-LIMOILOU (DES SABLES),Barium,2011-06-02T00:00,0.021,µg/m³,PM2.5,ED-XRF
50308,QUÉBEC-VIEUX-LIMOILOU (DES SABLES),Barium,2011-06-08T00:00,0.060,µg/m³,PM2.5,ED-XRF
50308,QUÉBEC-VIEUX-LIMOILOU (DES SABLES),Barium,2011-06-14T00:00,0.027,µg/m³,PM2.5,ED-XRF
50308,QUÉBEC-VIEUX-LIMOILOU (DES SABLES),Barium,2011-06-20T00:00,0.033,µg/m³,PM2.5,ED-XRF
50308,QUÉBEC-VIEUX-LIMOILOU (DES SABLES),Barium,2011-06-27T00:00,0.010,µg/m³,PM2.5,ED-XRF
50308,QUÉBEC-VIEUX-LIMOILOU (DES SABLES),Barium,2011-06-28T00:00,0.002,µg/m³,PM2.5,ED-XRF
50308,QUÉBEC-VIEUX-LIMOILOU (DES SABLES),Barium,2011-06-29T00:00,0.001,µg/m³,PM2.5,ED-XRF
50308,QUÉBEC-VIEUX-LIMOILOU (DES SABLES),Barium,2011-07-08T00:00,0.006,µg/m³,PM2.5,ED-XRF
50308,QUÉBEC-VIEUX-LIMOILOU (DES SABLES),Barium,2011-07-14T00:00,0.013,µg/m³,PM2.5,ED-XRF
50308,QUÉBEC-VIEUX-LIMOILOU (DES SABLES),Barium,2011-07-20T00:00,0.003,µg/m³,PM2.5,ED-XRF
50308,QUÉBEC-VIEUX-LIMOILOU (DES SABLES),Barium,2011-07-26T00:00,0.007,µg/m³,PM2.5,ED-XRF
50308,QUÉBEC-VIEUX-LIMOILOU (DES SABLES),Barium,2011-08-01T00:00,0.007,µg/m³,PM2.5,ED-XRF
50308,QUÉBEC-VIEUX-LIMOILOU (DES SABLES),Barium,2011-08-07T00:00,0.004,µg/m³,PM2.5,ED-XRF
50308,QUÉBEC-VIEUX-LIMOILOU (DES SABLES),Barium,2011-08-13T00:00,0.005,µg/m³,PM2.5,ED-XRF
50308,QUÉBEC-VIEUX-LIMOILOU (DES SABLES),Barium,2011-08-19T00:00,0.007,µg/m³,PM2.5,ED-XRF
50308,QUÉBEC-VIEUX-LIMOILOU (DES SABLES),Barium,2011-08-25T00:00,0.000,µg/m³,PM2.5,ED-XRF
50308,QUÉBEC-VIEUX-LIMOILOU (DES SABLES),Barium,2011-08-31T00:00,0.005,µg/m³,PM2.5,ED-XRF
50308,QUÉBEC-VIEUX-LIMOILOU (DES SABLES),Barium,2011-09-06T00:00,0.000,µg/m³,PM2.5,ED-XRF
50308,QUÉBEC-VIEUX-LIMOILOU (DES SABLES),Barium,2011-09-12T00:00,0.016,µg/m³,PM2.5,ED-XRF
50308,QUÉBEC-VIEUX-LIMOILOU (DES SABLES),Barium,2011-09-18T00:00,0.005,µg/m³,PM2.5,ED-XRF
50308,QUÉBEC-VIEUX-LIMOILOU (DES SABLES),Barium,2011-09-24T00:00,0.013,µg/m³,PM2.5,ED-XRF
50308,QUÉBEC-VIEUX-LIMOILOU (DES SABLES),Barium,2011-09-30T00:00,0.000,µg/m³,PM2.5,ED-XRF
50308,QUÉBEC-VIEUX-LIMOILOU (DES SABLES),Barium,2011-10-06T00:00,0.000,µg/m³,PM2.5,ED-XRF
50308,QUÉBEC-VIEUX-LIMOILOU (DES SABLES),Barium,2011-10-12T00:00,0.000,µg/m³,PM2.5,ED-XRF
50308,QUÉBEC-VIEUX-LIMOILOU (DES SABLES),Barium,2011-10-18T00:00,0.000,µg/m³,PM2.5,ED-XRF
50308,QUÉBEC-VIEUX-LIMOILOU (DES SABLES),Barium,2011-10-24T00:00,0.000,µg/m³,PM2.5,ED-XRF
50308,QUÉBEC-VIEUX-LIMOILOU (DES SABLES),Barium,2011-10-30T00:00,0.000,µg/m³,PM2.5,ED-XRF
50308,QUÉBEC-VIEUX-LIMOILOU (DES SABLES),Barium,2011-11-05T00:00,0.000,µg/m³,PM2.5,ED-XRF
50308,QUÉBEC-VIEUX-LIMOILOU (DES SABLES),Barium,2011-11-11T00:00,0.000,µg/m³,PM2.5,ED-XRF
50308,QUÉBEC-VIEUX-LIMOILOU (DES SABLES),Barium,2011-11-17T00:00,0.003,µg/m³,PM2.5,ED-XRF
50308,QUÉBEC-VIEUX-LIMOILOU (DES SABLES),Barium,2011-11-23T00:00,0.009,µg/m³,PM2.5,ED-XRF
50308,QUÉBEC-VIEUX-LIMOILOU (DES SABLES),Barium,2011-11-29T00:00,0.015,µg/m³,PM2.5,ED-XRF
50308,QUÉBEC-VIEUX-LIMOILOU (DES SABLES),Barium,2011-12-05T00:00,0.010,µg/m³,PM2.5,ED-XRF
50308,QUÉBEC-VIEUX-LIMOILOU (DES SABLES),Barium,2011-12-11T00:00,0.006,µg/m³,PM2.5,ED-XRF
50308,QUÉBEC-VIEUX-LIMOILOU (DES SABLES),Barium,2011-12-17T00:00,0.000,µg/m³,PM2.5,ED-XRF
50308,QUÉBEC-VIEUX-LIMOILOU (DES SABLES),Barium,2011-12-23T00:00,0.010,µg/m³,PM2.5,ED-XRF
50308,QUÉBEC-VIEUX-LIMOILOU (DES SABLES),Barium,2011-01-03T00:00,0.000,µg/m³,PM2.5,IC
50308,QUÉBEC-VIEUX-LIMOILOU (DES SABLES),Barium,2011-01-09T00:00,0.000,µg/m³,PM2.5,IC
50308,QUÉBEC-VIEUX-LIMOILOU (DES SABLES),Barium,2011-01-15T00:00,0.007,µg/m³,PM2.5,IC
50308,QUÉBEC-VIEUX-LIMOILOU (DES SABLES),Barium,2011-01-21T00:00,0.007,µg/m³,PM2.5,IC
50308,QUÉBEC-VIEUX-LIMOILOU (DES SABLES),Barium,2011-01-27T00:00,0.008,µg/m³,PM2.5,IC
50308,QUÉBEC-VIEUX-LIMOILOU (DES SABLES),Barium,2011-02-02T00:00,0.000,µg/m³,PM2.5,IC
50308,QUÉBEC-VIEUX-LIMOILOU (DES SABLES),Barium,2011-02-08T00:00,0.000,µg/m³,PM2.5,IC
50308,QUÉBEC-VIEUX-LIMOILOU (DES SABLES),Barium,2011-02-14T00:00,0.000,µg/m³,PM2.5,IC
50308,QUÉBEC-VIEUX-LIMOILOU (DES SABLES),Barium,2011-02-20T00:00,0.000,µg/m³,PM2.5,IC
50308,QUÉBEC-VIEUX-LIMOILOU (DES SABLES),Barium,2011-02-26T00:00,0.000,µg/m³,PM2.5,IC
50308,QUÉBEC-VIEUX-LIMOILOU (DES SABLES),Barium,2011-03-04T00:00,0.003,µg/m³,PM2.5,IC
50308,QUÉBEC-VIEUX-LIMOILOU (DES SABLES),Barium,2011-03-10T00:00,0.012,µg/m³,PM2.5,IC
50308,QUÉBEC-VIEUX-LIMOILOU (DES SABLES),Barium,2011-03-16T00:00,0.012,µg/m³,PM2.5,IC
50308,QUÉBEC-VIEUX-LIMOILOU (DES SABLES),Barium,2011-03-22T00:00,0.006,µg/m³,PM2.5,IC
50308,QUÉBEC-VIEUX-LIMOILOU (DES SABLES),Barium,2011-03-28T00:00,0.000,µg/m³,PM2.5,IC
50308,QUÉBEC-VIEUX-LIMOILOU (DES SABLES),Barium,2011-04-03T00:00,0.003,µg/m³,PM2.5,IC
50308,QUÉBEC-VIEUX-LIMOILOU (DES SABLES),Barium,2011-04-09T00:00,0.004,µg/m³,PM2.5,IC
50308,QUÉBEC-VIEUX-LIMOILOU (DES SABLES),Barium,2011-04-15T00:00,0.002,µg/m³,PM2.5,IC
50308,QUÉBEC-VIEUX-LIMOILOU (DES SABLES),Barium,2011-04-21T00:00,0.003,µg/m³,PM2.5,IC
50308,QUÉBEC-VIEUX-LIMOILOU (DES SABLES),Barium,2011-04-27T00:00,0.003,µg/m³,PM2.5,IC
50308,QUÉBEC-VIEUX-LIMOILOU (DES SABLES),Barium,2011-05-03T00:00,0.022,µg/m³,PM2.5,IC
50308,QUÉBEC-VIEUX-LIMOILOU (DES SABLES),Barium,2011-05-09T00:00,0.007,µg/m³,PM2.5,IC
50308,QUÉBEC-VIEUX-LIMOILOU (DES SABLES),Barium,2011-05-15T00:00,0.000,µg/m³,PM2.5,IC
50308,QUÉBEC-VIEUX-LIMOILOU (DES SABLES),Barium,2011-05-21T00:00,0.000,µg/m³,PM2.5,IC
50308,QUÉBEC-VIEUX-LIMOILOU (DES SABLES),Barium,2011-05-27T00:00,0.003,µg/m³,PM2.5,IC
50308,QUÉBEC-VIEUX-LIMOILOU (DES SABLES),Barium,2011-06-02T00:00,0.000,µg/m³,PM2.5,IC
50308,QUÉBEC-VIEUX-LIMOILOU (DES SABLES),Barium,2011-06-08T00:00,0.051,µg/m³,PM2.5,IC
50308,QUÉBEC-VIEUX-LIMOILOU (DES SABLES),Barium,2011-06-14T00:00,0.004,µg/m³,PM2.5,IC
50308,QUÉBEC-VIEUX-LIMOILOU (DES SABLES),Barium,2011-06-20T00:00,0.003,µg/m³,PM2.5,IC
50308,QUÉBEC-VIEUX-LIMOILOU (DES SABLES),Barium,2011-06-27T00:00,0.000,µg/m³,PM2.5,IC
50308,QUÉBEC-VIEUX-LIMOILOU (DES SABLES),Barium,2011-06-28T00:00,0.004,µg/m³,PM2.5,IC
50308,QUÉBEC-VIEUX-LIMOILOU (DES SABLES),Barium,2011-06-29T00:00,0.007,µg/m³,PM2.5,IC
50308,QUÉBEC-VIEUX-LIMOILOU (DES SABLES),Barium,2011-07-08T00:00,0.008,µg/m³,PM2.5,IC
50308,QUÉBEC-VIEUX-LIMOILOU (DES SABLES),Barium,2011-07-14T00:00,0.005,µg/m³,PM2.5,IC
50308,QUÉBEC-VIEUX-LIMOILOU (DES SABLES),Barium,2011-07-20T00:00,0.004,µg/m³,PM2.5,IC
50308,QUÉBEC-VIEUX-LIMOILOU (DES SABLES),Barium,2011-07-26T00:00,0.006,µg/m³,PM2.5,IC
50308,QUÉBEC-VIEUX-LIMOILOU (DES SABLES),Barium,2011-08-01T00:00,0.000,µg/m³,PM2.5,IC
50308,QUÉBEC-VIEUX-LIMOILOU (DES SABLES),Barium,2011-08-07T00:00,0.003,µg/m³,PM2.5,IC
50308,QUÉBEC-VIEUX-LIMOILOU (DES SABLES),Barium,2011-08-13T00:00,0.000,µg/m³,PM2.5,IC
50308,QUÉBEC-VIEUX-LIMOILOU (DES SABLES),Barium,2011-08-19T00:00,0.006,µg/m³,PM2.5,IC
50308,QUÉBEC-VIEUX-LIMOILOU (DES SABLES),Barium,2011-08-25T00:00,0.005,µg/m³,PM2.5,IC
50308,QUÉBEC-VIEUX-LIMOILOU (DES SABLES),Barium,2011-08-31T00:00,0.004,µg/m³,PM2.5,IC
50308,QUÉBEC-VIEUX-LIMOILOU (DES SABLES),Barium,2011-09-06T00:00,0.000,µg/m³,PM2.5,IC
50308,QUÉBEC-VIEUX-LIMOILOU (DES SABLES),Barium,2011-09-12T00:00,0.005,µg/m³,PM2.5,IC
50308,QUÉBEC-VIEUX-LIMOILOU (DES SABLES),Barium,2011-09-18T00:00,0.004,µg/m³,PM2.5,IC
50308,QUÉBEC-VIEUX-LIMOILOU (DES SABLES),Barium,2011-09-24T00:00,0.000,µg/m³,PM2.5,IC
50308,QUÉBEC-VIEUX-LIMOILOU (DES SABLES),Barium,2011-09-30T00:00,0.000,µg/m³,PM2.5,IC
50308,QUÉBEC-VIEUX-LIMOILOU (DES SABLES),Barium,2011-10-06T00:00,0.000,µg/m³,PM2.5,IC
50308,QUÉBEC-VIEUX-LIMOILOU (DES SABLES),Barium,2011-10-12T00:00,0.001,µg/m³,PM2.5,IC
50308,QUÉBEC-VIEUX-LIMOILOU (DES SABLES),Barium,2011-10-18T00:00,0.000,µg/m³,PM2.5,IC
50308,QUÉBEC-VIEUX-LIMOILOU (DES SABLES),Barium,2011-10-24T00:00,0.001,µg/m³,PM2.5,IC
50308,QUÉBEC-VIEUX-LIMOILOU (DES SABLES),Barium,2011-10-30T00:00,0.000,µg/m³,PM2.5,IC
50308,QUÉBEC-VIEUX-LIMOILOU (DES SABLES),Barium,2011-11-05T00:00,0.000,µg/m³,PM2.5,IC
50308,QUÉBEC-VIEUX-LIMOILOU (DES SABLES),Barium,2011-11-11T00:00,0.000,µg/m³,PM2.5,IC
50308,QUÉBEC-VIEUX-LIMOILOU (DES SABLES),Barium,2011-11-17T00:00,0.001,µg/m³,PM2.5,IC
50308,QUÉBEC-VIEUX-LIMOILOU (DES SABLES),Barium,2011-11-23T00:00,0.001,µg/m³,PM2.5,IC
50308,QUÉBEC-VIEUX-LIMOILOU (DES SABLES),Barium,2011-11-29T00:00,0.000,µg/m³,PM2.5,IC
50308,QUÉBEC-VIEUX-LIMOILOU (DES SABLES),Barium,2011-12-05T00:00,0.004,µg/m³,PM2.5,IC
50308,QUÉBEC-VIEUX-LIMOILOU (DES SABLES),Barium,2011-12-11T00:00,0.000,µg/m³,PM2.5,IC
50308,QUÉBEC-VIEUX-LIMOILOU (DES SABLES),Barium,2011-12-17T00:00,0.000,µg/m³,PM2.5,IC
50308,QUÉBEC-VIEUX-LIMOILOU (DES SABLES),Barium,2011-12-23T00:00,0.000,µg/m³,PM2.5,IC
50308,QUÉBEC-VIEUX-LIMOILOU (DES SABLES),Barium,2011-01-03T00:00,0.000,µg/m³,PM2.5-10,ED-XRF
50308,QUÉBEC-VIEUX-LIMOILOU (DES SABLES),Barium,2011-01-09T00:00,0.009,µg/m³,PM2.5-10,ED-XRF
50308,QUÉBEC-VIEUX-LIMOILOU (DES SABLES),Barium,2011-01-15T00:00,0.005,µg/m³,PM2.5-10,ED-XRF
50308,QUÉBEC-VIEUX-LIMOILOU (DES SABLES),Barium,2011-01-21T00:00,0.003,µg/m³,PM2.5-10,ED-XRF
50308,QUÉBEC-VIEUX-LIMOILOU (DES SABLES),Barium,2011-01-27T00:00,0.000,µg/m³,PM2.5-10,ED-XRF
50308,QUÉBEC-VIEUX-LIMOILOU (DES SABLES),Barium,2011-02-02T00:00,0.000,µg/m³,PM2.5-10,ED-XRF
50308,QUÉBEC-VIEUX-LIMOILOU (DES SABLES),Barium,2011-02-08T00:00,0.000,µg/m³,PM2.5-10,ED-XRF
50308,QUÉBEC-VIEUX-LIMOILOU (DES SABLES),Barium,2011-02-14T00:00,0.011,µg/m³,PM2.5-10,ED-XRF
50308,QUÉBEC-VIEUX-LIMOILOU (DES SABLES),Barium,2011-02-20T00:00,0.004,µg/m³,PM2.5-10,ED-XRF
50308,QUÉBEC-VIEUX-LIMOILOU (DES SABLES),Barium,2011-02-26T00:00,0.006,µg/m³,PM2.5-10,ED-XRF
50308,QUÉBEC-VIEUX-LIMOILOU (DES SABLES),Barium,2011-03-04T00:00,0.020,µg/m³,PM2.5-10,ED-XRF
50308,QUÉBEC-VIEUX-LIMOILOU (DES SABLES),Barium,2011-03-10T00:00,0.000,µg/m³,PM2.5-10,ED-XRF
50308,QUÉBEC-VIEUX-LIMOILOU (DES SABLES),Barium,2011-03-16T00:00,0.039,µg/m³,PM2.5-10,ED-XRF
50308,QUÉBEC-VIEUX-LIMOILOU (DES SABLES),Barium,2011-03-22T00:00,0.026,µg/m³,PM2.5-10,ED-XRF
50308,QUÉBEC-VIEUX-LIMOILOU (DES SABLES),Barium,2011-03-28T00:00,0.008,µg/m³,PM2.5-10,ED-XRF
50308,QUÉBEC-VIEUX-LIMOILOU (DES SABLES),Barium,2011-04-03T00:00,0.003,µg/m³,PM2.5-10,ED-XRF
50308,QUÉBEC-VIEUX-LIMOILOU (DES SABLES),Barium,2011-04-09T00:00,0.019,µg/m³,PM2.5-10,ED-XRF
50308,QUÉBEC-VIEUX-LIMOILOU (DES SABLES),Barium,2011-04-15T00:00,0.024,µg/m³,PM2.5-10,ED-XRF
50308,QUÉBEC-VIEUX-LIMOILOU (DES SABLES),Barium,2011-04-21T00:00,0.006,µg/m³,PM2.5-10,ED-XRF
50308,QUÉBEC-VIEUX-LIMOILOU (DES SABLES),Barium,2011-04-27T00:00,0.013,µg/m³,PM2.5-10,ED-XRF
50308,QUÉBEC-VIEUX-LIMOILOU (DES SABLES),Barium,2011-05-03T00:00,0.035,µg/m³,PM2.5-10,ED-XRF
50308,QUÉBEC-VIEUX-LIMOILOU (DES SABLES),Barium,2011-05-09T00:00,0.031,µg/m³,PM2.5-10,ED-XRF
50308,QUÉBEC-VIEUX-LIMOILOU (DES SABLES),Barium,2011-05-15T00:00,0.007,µg/m³,PM2.5-10,ED-XRF
50308,QUÉBEC-VIEUX-LIMOILOU (DES SABLES),Barium,2011-05-21T00:00,0.015,µg/m³,PM2.5-10,ED-XRF
50308,QUÉBEC-VIEUX-LIMOILOU (DES SABLES),Barium,2011-05-27T00:00,0.010,µg/m³,PM2.5-10,ED-XRF
50308,QUÉBEC-VIEUX-LIMOILOU (DES SABLES),Barium,2011-06-02T00:00,0.000,µg/m³,PM2.5-10,ED-XRF
50308,QUÉBEC-VIEUX-LIMOILOU (DES SABLES),Barium,2011-06-08T00:00,0.006,µg/m³,PM2.5-10,ED-XRF
50308,QUÉBEC-VIEUX-LIMOILOU (DES SABLES),Barium,2011-06-14T00:00,0.020,µg/m³,PM2.5-10,ED-XRF
50308,QUÉBEC-VIEUX-LIMOILOU (DES SABLES),Barium,2011-06-20T00:00,0.003,µg/m³,PM2.5-10,ED-XRF
50308,QUÉBEC-VIEUX-LIMOILOU (DES SABLES),Barium,2011-06-27T00:00,0.014,µg/m³,PM2.5-10,ED-XRF
50308,QUÉBEC-VIEUX-LIMOILOU (DES SABLES),Barium,2011-06-28T00:00,0.015,µg/m³,PM2.5-10,ED-XRF
50308,QUÉBEC-VIEUX-LIMOILOU (DES SABLES),Barium,2011-06-29T00:00,0.022,µg/m³,PM2.5-10,ED-XRF
50308,QUÉBEC-VIEUX-LIMOILOU (DES SABLES),Barium,2011-07-08T00:00,0.026,µg/m³,PM2.5-10,ED-XRF
50308,QUÉBEC-VIEUX-LIMOILOU (DES SABLES),Barium,2011-07-14T00:00,0.007,µg/m³,PM2.5-10,ED-XRF
50308,QUÉBEC-VIEUX-LIMOILOU (DES SABLES),Barium,2011-07-20T00:00,0.007,µg/m³,PM2.5-10,ED-XRF
50308,QUÉBEC-VIEUX-LIMOILOU (DES SABLES),Barium,2011-07-26T00:00,0.012,µg/m³,PM2.5-10,ED-XRF
50308,QUÉBEC-VIEUX-LIMOILOU (DES SABLES),Barium,2011-08-01T00:00,0.006,µg/m³,PM2.5-10,ED-XRF
50308,QUÉBEC-VIEUX-LIMOILOU (DES SABLES),Barium,2011-08-07T00:00,0.003,µg/m³,PM2.5-10,ED-XRF
50308,QUÉBEC-VIEUX-LIMOILOU (DES SABLES),Barium,2011-08-13T00:00,0.008,µg/m³,PM2.5-10,ED-XRF
50308,QUÉBEC-VIEUX-LIMOILOU (DES SABLES),Barium,2011-08-19T00:00,0.014,µg/m³,PM2.5-10,ED-XRF
50308,QUÉBEC-VIEUX-LIMOILOU (DES SABLES),Barium,2011-08-25T00:00,0.008,µg/m³,PM2.5-10,ED-XRF
50308,QUÉBEC-VIEUX-LIMOILOU (DES SABLES),Barium,2011-08-31T00:00,0.009,µg/m³,PM2.5-10,ED-XRF
50308,QUÉBEC-VIEUX-LIMOILOU (DES SABLES),Barium,2011-09-06T00:00,0.006,µg/m³,PM2.5-10,ED-XRF
50308,QUÉBEC-VIEUX-LIMOILOU (DES SABLES),Barium,2011-09-12T00:00,0.013,µg/m³,PM2.5-10,ED-XRF
50308,QUÉBEC-VIEUX-LIMOILOU (DES SABLES),Barium,2011-09-18T00:00,0.023,µg/m³,PM2.5-10,ED-XRF
50308,QUÉBEC-VIEUX-LIMOILOU (DES SABLES),Barium,2011-09-30T00:00,0.006,µg/m³,PM2.5-10,ED-XRF
50308,QUÉBEC-VIEUX-LIMOILOU (DES SABLES),Barium,2011-10-06T00:00,0.001,µg/m³,PM2.5-10,ED-XRF
50308,QUÉBEC-VIEUX-LIMOILOU (DES SABLES),Barium,2011-10-12T00:00,0.000,µg/m³,PM2.5-10,ED-XRF
50308,QUÉBEC-VIEUX-LIMOILOU (DES SABLES),Barium,2011-10-18T00:00,0.000,µg/m³,PM2.5-10,ED-XRF
50308,QUÉBEC-VIEUX-LIMOILOU (DES SABLES),Barium,2011-10-24T00:00,0.000,µg/m³,PM2.5-10,ED-XRF
50308,QUÉBEC-VIEUX-LIMOILOU (DES SABLES),Barium,2011-10-30T00:00,0.023,µg/m³,PM2.5-10,ED-XRF
50308,QUÉBEC-VIEUX-LIMOILOU (DES SABLES),Barium,2011-11-05T00:00,0.013,µg/m³,PM2.5-10,ED-XRF
50308,QUÉBEC-VIEUX-LIMOILOU (DES SABLES),Barium,2011-11-11T00:00,0.001,µg/m³,PM2.5-10,ED-XRF
50308,QUÉBEC-VIEUX-LIMOILOU (DES SABLES),Barium,2011-11-17T00:00,0.022,µg/m³,PM2.5-10,ED-XRF
50308,QUÉBEC-VIEUX-LIMOILOU (DES SABLES),Barium,2011-11-23T00:00,0.011,µg/m³,PM2.5-10,ED-XRF
50308,QUÉBEC-VIEUX-LIMOILOU (DES SABLES),Barium,2011-11-29T00:00,0.006,µg/m³,PM2.5-10,ED-XRF
50308,QUÉBEC-VIEUX-LIMOILOU (DES SABLES),Barium,2011-12-05T00:00,0.027,µg/m³,PM2.5-10,ED-XRF
50308,QUÉBEC-VIEUX-LIMOILOU (DES SABLES),Barium,2011-12-11T00:00,0.016,µg/m³,PM2.5-10,ED-XRF
50308,QUÉBEC-VIEUX-LIMOILOU (DES SABLES),Barium,2011-12-17T00:00,0.001,µg/m³,PM2.5-10,ED-XRF
50308,QUÉBEC-VIEUX-LIMOILOU (DES SABLES),Barium,2011-12-23T00:00,0.000,µg/m³,PM2.5-10,ED-XRF
50308,QUÉBEC-VIEUX-LIMOILOU (DES SABLES),Barium,2011-01-03T00:00,0.000,µg/m³,PM2.5-10,IC
50308,QUÉBEC-VIEUX-LIMOILOU (DES SABLES),Barium,2011-01-09T00:00,0.000,µg/m³,PM2.5-10,IC
50308,QUÉBEC-VIEUX-LIMOILOU (DES SABLES),Barium,2011-01-15T00:00,0.000,µg/m³,PM2.5-10,IC
50308,QUÉBEC-VIEUX-LIMOILOU (DES SABLES),Barium,2011-01-21T00:00,0.005,µg/m³,PM2.5-10,IC
50308,QUÉBEC-VIEUX-LIMOILOU (DES SABLES),Barium,2011-01-27T00:00,0.006,µg/m³,PM2.5-10,IC
50308,QUÉBEC-VIEUX-LIMOILOU (DES SABLES),Barium,2011-02-02T00:00,0.003,µg/m³,PM2.5-10,IC
50308,QUÉBEC-VIEUX-LIMOILOU (DES SABLES),Barium,2011-02-08T00:00,0.000,µg/m³,PM2.5-10,IC
50308,QUÉBEC-VIEUX-LIMOILOU (DES SABLES),Barium,2011-02-14T00:00,0.000,µg/m³,PM2.5-10,IC
50308,QUÉBEC-VIEUX-LIMOILOU (DES SABLES),Barium,2011-02-20T00:00,0.000,µg/m³,PM2.5-10,IC
50308,QUÉBEC-VIEUX-LIMOILOU (DES SABLES),Barium,2011-02-26T00:00,0.000,µg/m³,PM2.5-10,IC
50308,QUÉBEC-VIEUX-LIMOILOU (DES SABLES),Barium,2011-03-04T00:00,0.004,µg/m³,PM2.5-10,IC
50308,QUÉBEC-VIEUX-LIMOILOU (DES SABLES),Barium,2011-03-10T00:00,0.002,µg/m³,PM2.5-10,IC
50308,QUÉBEC-VIEUX-LIMOILOU (DES SABLES),Barium,2011-03-16T00:00,0.014,µg/m³,PM2.5-10,IC
50308,QUÉBEC-VIEUX-LIMOILOU (DES SABLES),Barium,2011-03-22T00:00,0.003,µg/m³,PM2.5-10,IC
50308,QUÉBEC-VIEUX-LIMOILOU (DES SABLES),Barium,2011-03-28T00:00,0.003,µg/m³,PM2.5-10,IC
50308,QUÉBEC-VIEUX-LIMOILOU (DES SABLES),Barium,2011-04-03T00:00,0.003,µg/m³,PM2.5-10,IC
50308,QUÉBEC-VIEUX-LIMOILOU (DES SABLES),Barium,2011-04-09T00:00,0.004,µg/m³,PM2.5-10,IC
50308,QUÉBEC-VIEUX-LIMOILOU (DES SABLES),Barium,2011-04-15T00:00,0.003,µg/m³,PM2.5-10,IC
50308,QUÉBEC-VIEUX-LIMOILOU (DES SABLES),Barium,2011-04-21T00:00,0.004,µg/m³,PM2.5-10,IC
50308,QUÉBEC-VIEUX-LIMOILOU (DES SABLES),Barium,2011-04-27T00:00,0.003,µg/m³,PM2.5-10,IC
50308,QUÉBEC-VIEUX-LIMOILOU (DES SABLES),Barium,2011-05-03T00:00,0.004,µg/m³,PM2.5-10,IC
50308,QUÉBEC-VIEUX-LIMOILOU (DES SABLES),Barium,2011-05-09T00:00,0.003,µg/m³,PM2.5-10,IC
50308,QUÉBEC-VIEUX-LIMOILOU (DES SABLES),Barium,2011-05-15T00:00,0.000,µg/m³,PM2.5-10,IC
50308,QUÉBEC-VIEUX-LIMOILOU (DES SABLES),Barium,2011-05-21T00:00,0.000,µg/m³,PM2.5-10,IC
50308,QUÉBEC-VIEUX-LIMOILOU (DES SABLES),Barium,2011-05-27T00:00,0.002,µg/m³,PM2.5-10,IC
50308,QUÉBEC-VIEUX-LIMOILOU (DES SABLES),Barium,2011-06-02T00:00,0.000,µg/m³,PM2.5-10,IC
50308,QUÉBEC-VIEUX-LIMOILOU (DES SABLES),Barium,2011-06-08T00:00,0.001,µg/m³,PM2.5-10,IC
50308,QUÉBEC-VIEUX-LIMOILOU (DES SABLES),Barium,2011-06-14T00:00,0.004,µg/m³,PM2.5-10,IC
50308,QUÉBEC-VIEUX-LIMOILOU (DES SABLES),Barium,2011-06-20T00:00,0.004,µg/m³,PM2.5-10,IC
50308,QUÉBEC-VIEUX-LIMOILOU (DES SABLES),Barium,2011-06-27T00:00,0.004,µg/m³,PM2.5-10,IC
50308,QUÉBEC-VIEUX-LIMOILOU (DES SABLES),Barium,2011-06-28T00:00,0.005,µg/m³,PM2.5-10,IC
50308,QUÉBEC-VIEUX-LIMOILOU (DES SABLES),Barium,2011-06-29T00:00,0.005,µg/m³,PM2.5-10,IC
50308,QUÉBEC-VIEUX-LIMOILOU (DES SABLES),Barium,2011-07-08T00:00,0.008,µg/m³,PM2.5-10,IC
50308,QUÉBEC-VIEUX-LIMOILOU (DES SABLES),Barium,2011-07-14T00:00,0.006,µg/m³,PM2.5-10,IC
50308,QUÉBEC-VIEUX-LIMOILOU (DES SABLES),Barium,2011-07-20T00:00,0.005,µg/m³,PM2.5-10,IC
50308,QUÉBEC-VIEUX-LIMOILOU (DES SABLES),Barium,2011-07-26T00:00,0.007,µg/m³,PM2.5-10,IC
50308,QUÉBEC-VIEUX-LIMOILOU (DES SABLES),Barium,2011-08-01T00:00,0.000,µg/m³,PM2.5-10,IC
50308,QUÉBEC-VIEUX-LIMOILOU (DES SABLES),Barium,2011-08-07T00:00,0.002,µg/m³,PM2.5-10,IC
50308,QUÉBEC-VIEUX-LIMOILOU (DES SABLES),Barium,2011-08-13T00:00,0.005,µg/m³,PM2.5-10,IC
50308,QUÉBEC-VIEUX-LIMOILOU (DES SABLES),Barium,2011-08-19T00:00,0.007,µg/m³,PM2.5-10,IC
50308,QUÉBEC-VIEUX-LIMOILOU (DES SABLES),Barium,2011-08-25T00:00,0.006,µg/m³,PM2.5-10,IC
50308,QUÉBEC-VIEUX-LIMOILOU (DES SABLES),Barium,2011-08-31T00:00,0.005,µg/m³,PM2.5-10,IC
50308,QUÉBEC-VIEUX-LIMOILOU (DES SABLES),Barium,2011-09-06T00:00,0.005,µg/m³,PM2.5-10,IC
50308,QUÉBEC-VIEUX-LIMOILOU (DES SABLES),Barium,2011-09-12T00:00,0.008,µg/m³,PM2.5-10,IC
50308,QUÉBEC-VIEUX-LIMOILOU (DES SABLES),Barium,2011-09-18T00:00,0.007,µg/m³,PM2.5-10,IC
50308,QUÉBEC-VIEUX-LIMOILOU (DES SABLES),Barium,2011-09-24T00:00,0.002,µg/m³,PM2.5-10,IC
50308,QUÉBEC-VIEUX-LIMOILOU (DES SABLES),Barium,2011-09-30T00:00,0.000,µg/m³,PM2.5-10,IC
50308,QUÉBEC-VIEUX-LIMOILOU (DES SABLES),Barium,2011-10-06T00:00,0.002,µg/m³,PM2.5-10,IC
50308,QUÉBEC-VIEUX-LIMOILOU (DES SABLES),Barium,2011-10-12T00:00,0.002,µg/m³,PM2.5-10,IC
50308,QUÉBEC-VIEUX-LIMOILOU (DES SABLES),Barium,2011-10-18T00:00,0.000,µg/m³,PM2.5-10,IC
50308,QUÉBEC-VIEUX-LIMOILOU (DES SABLES),Barium,2011-10-24T00:00,0.003,µg/m³,PM2.5-10,IC
50308,QUÉBEC-VIEUX-LIMOILOU (DES SABLES),Barium,2011-10-30T00:00,0.001,µg/m³,PM2.5-10,IC
50308,QUÉBEC-VIEUX-LIMOILOU (DES SABLES),Barium,2011-11-05T00:00,0.002,µg/m³,PM2.5-10,IC
50308,QUÉBEC-VIEUX-LIMOILOU (DES SABLES),Barium,2011-11-11T00:00,0.001,µg/m³,PM2.5-10,IC
50308,QUÉBEC-VIEUX-LIMOILOU (DES SABLES),Barium,2011-11-17T00:00,0.004,µg/m³,PM2.5-10,IC
50308,QUÉBEC-VIEUX-LIMOILOU (DES SABLES),Barium,2011-11-23T00:00,0.001,µg/m³,PM2.5-10,IC
50308,QUÉBEC-VIEUX-LIMOILOU (DES SABLES),Barium,2011-11-29T00:00,0.001,µg/m³,PM2.5-10,IC
50308,QUÉBEC-VIEUX-LIMOILOU (DES SABLES),Barium,2011-12-05T00:00,0.010,µg/m³,PM2.5-10,IC
50308,QUÉBEC-VIEUX-LIMOILOU (DES SABLES),Barium,2011-12-11T00:00,0.002,µg/m³,PM2.5-10,IC
50308,QUÉBEC-VIEUX-LIMOILOU (DES SABLES),Barium,2011-12-17T00:00,0.000,µg/m³,PM2.5-10,IC
50308,QUÉBEC-VIEUX-LIMOILOU (DES SABLES),Barium,2011-12-23T00:00,0.000,µg/m³,PM2.5-10,IC
