﻿NAPS_Site_ID,Station_Name,Pollutant,Date,Value,Units,Report_Type,Method
60422,33 EDGAR AVE.,Freon 114,1989-02-27T00:00,0.182,µg/m³,VOC,GC-MS
60422,33 EDGAR AVE.,Freon 114,1989-03-11T00:00,0.601,µg/m³,VOC,GC-MS
60422,33 EDGAR AVE.,Freon 114,1989-03-17T00:00,0.433,µg/m³,VOC,GC-MS
60422,33 EDGAR AVE.,Freon 114,1989-03-23T00:00,0.647,µg/m³,VOC,GC-MS
60422,33 EDGAR AVE.,Freon 114,1989-03-29T00:00,0.296,µg/m³,VOC,GC-MS
60422,33 EDGAR AVE.,Freon 114,1989-04-10T00:00,0.433,µg/m³,VOC,GC-MS
60422,33 EDGAR AVE.,Freon 114,1989-04-16T00:00,0.285,µg/m³,VOC,GC-MS
60422,33 EDGAR AVE.,Freon 114,1989-04-22T00:00,0.256,µg/m³,VOC,GC-MS
60422,33 EDGAR AVE.,Freon 114,1989-04-28T00:00,0.340,µg/m³,VOC,GC-MS
60422,33 EDGAR AVE.,Freon 114,1989-05-04T00:00,0.669,µg/m³,VOC,GC-MS
60422,33 EDGAR AVE.,Freon 114,1989-05-16T00:00,0.396,µg/m³,VOC,GC-MS
60422,33 EDGAR AVE.,Freon 114,1989-05-22T00:00,0.356,µg/m³,VOC,GC-MS
60422,33 EDGAR AVE.,Freon 114,1989-05-28T00:00,0.302,µg/m³,VOC,GC-MS
60422,33 EDGAR AVE.,Freon 114,1989-06-03T00:00,0.320,µg/m³,VOC,GC-MS
60422,33 EDGAR AVE.,Freon 114,1989-06-15T00:00,0.241,µg/m³,VOC,GC-MS
60422,33 EDGAR AVE.,Freon 114,1989-06-21T00:00,0.331,µg/m³,VOC,GC-MS
60422,33 EDGAR AVE.,Freon 114,1989-06-27T00:00,0.266,µg/m³,VOC,GC-MS
60422,33 EDGAR AVE.,Freon 114,1989-07-15T00:00,0.241,µg/m³,VOC,GC-MS
60422,33 EDGAR AVE.,Freon 114,1989-10-07T00:00,0.232,µg/m³,VOC,GC-MS
60422,33 EDGAR AVE.,Freon 114,1989-10-19T00:00,0.393,µg/m³,VOC,GC-MS
60422,33 EDGAR AVE.,Freon 114,1989-10-25T00:00,0.725,µg/m³,VOC,GC-MS
60422,33 EDGAR AVE.,Freon 114,1989-10-31T00:00,0.445,µg/m³,VOC,GC-MS
60422,33 EDGAR AVE.,Freon 114,1989-11-06T00:00,0.214,µg/m³,VOC,GC-MS
60422,33 EDGAR AVE.,Freon 114,1989-11-18T00:00,0.213,µg/m³,VOC,GC-MS
60422,33 EDGAR AVE.,Freon 114,1989-11-30T00:00,0.252,µg/m³,VOC,GC-MS
60422,33 EDGAR AVE.,Freon 114,1989-12-06T00:00,0.179,µg/m³,VOC,GC-MS
60422,33 EDGAR AVE.,Freon 114,1989-12-12T00:00,1.631,µg/m³,VOC,GC-MS
60422,33 EDGAR AVE.,Freon 114,1989-12-18T00:00,0.316,µg/m³,VOC,GC-MS
60422,33 EDGAR AVE.,Freon 114,1989-12-24T00:00,0.330,µg/m³,VOC,GC-MS
