﻿NAPS_Site_ID,Station_Name,Pollutant,Date,Value,Units,Report_Type,Method
90227,CALGARY CENTRAL,"2,3-Dimethylbutane",1992-01-25T00:00,0.471,µg/m³,VOC,
90227,CALGARY CENTRAL,"2,3-Dimethylbutane",1992-01-31T00:00,3.858,µg/m³,VOC,
90227,CALGARY CENTRAL,"2,3-Dimethylbutane",1992-02-06T00:00,1.299,µg/m³,VOC,
90227,CALGARY CENTRAL,"2,3-Dimethylbutane",1992-02-12T00:00,1.715,µg/m³,VOC,
90227,CALGARY CENTRAL,"2,3-Dimethylbutane",1992-02-18T00:00,1.301,µg/m³,VOC,
90227,CALGARY CENTRAL,"2,3-Dimethylbutane",1992-02-24T00:00,0.760,µg/m³,VOC,
90227,CALGARY CENTRAL,"2,3-Dimethylbutane",1992-03-01T00:00,0.339,µg/m³,VOC,
90227,CALGARY CENTRAL,"2,3-Dimethylbutane",1992-03-07T00:00,1.002,µg/m³,VOC,
90227,CALGARY CENTRAL,"2,3-Dimethylbutane",1992-03-13T00:00,1.299,µg/m³,VOC,
90227,CALGARY CENTRAL,"2,3-Dimethylbutane",1992-03-19T00:00,0.789,µg/m³,VOC,
90227,CALGARY CENTRAL,"2,3-Dimethylbutane",1992-03-25T00:00,1.108,µg/m³,VOC,
90227,CALGARY CENTRAL,"2,3-Dimethylbutane",1992-03-31T00:00,1.771,µg/m³,VOC,
90227,CALGARY CENTRAL,"2,3-Dimethylbutane",1992-04-06T00:00,0.685,µg/m³,VOC,
90227,CALGARY CENTRAL,"2,3-Dimethylbutane",1992-04-12T00:00,0.731,µg/m³,VOC,
90227,CALGARY CENTRAL,"2,3-Dimethylbutane",1992-04-18T00:00,0.345,µg/m³,VOC,
90227,CALGARY CENTRAL,"2,3-Dimethylbutane",1992-04-24T00:00,0.644,µg/m³,VOC,
90227,CALGARY CENTRAL,"2,3-Dimethylbutane",1992-04-30T00:00,0.000,µg/m³,VOC,
90227,CALGARY CENTRAL,"2,3-Dimethylbutane",1992-05-06T00:00,0.886,µg/m³,VOC,
90227,CALGARY CENTRAL,"2,3-Dimethylbutane",1992-05-12T00:00,0.697,µg/m³,VOC,
90227,CALGARY CENTRAL,"2,3-Dimethylbutane",1992-05-18T00:00,0.468,µg/m³,VOC,
90227,CALGARY CENTRAL,"2,3-Dimethylbutane",1992-05-24T00:00,0.340,µg/m³,VOC,
90227,CALGARY CENTRAL,"2,3-Dimethylbutane",1992-05-30T00:00,0.419,µg/m³,VOC,
90227,CALGARY CENTRAL,"2,3-Dimethylbutane",1992-06-05T00:00,0.534,µg/m³,VOC,
90227,CALGARY CENTRAL,"2,3-Dimethylbutane",1992-06-11T00:00,0.687,µg/m³,VOC,
90227,CALGARY CENTRAL,"2,3-Dimethylbutane",1992-06-17T00:00,0.747,µg/m³,VOC,
90227,CALGARY CENTRAL,"2,3-Dimethylbutane",1992-06-23T00:00,0.992,µg/m³,VOC,
90227,CALGARY CENTRAL,"2,3-Dimethylbutane",1992-06-29T00:00,1.146,µg/m³,VOC,
90227,CALGARY CENTRAL,"2,3-Dimethylbutane",1992-07-05T00:00,0.449,µg/m³,VOC,
90227,CALGARY CENTRAL,"2,3-Dimethylbutane",1992-07-11T00:00,0.505,µg/m³,VOC,
90227,CALGARY CENTRAL,"2,3-Dimethylbutane",1992-07-17T00:00,0.763,µg/m³,VOC,
90227,CALGARY CENTRAL,"2,3-Dimethylbutane",1992-07-23T00:00,0.761,µg/m³,VOC,
90227,CALGARY CENTRAL,"2,3-Dimethylbutane",1992-07-29T00:00,0.697,µg/m³,VOC,
90227,CALGARY CENTRAL,"2,3-Dimethylbutane",1992-08-04T00:00,1.046,µg/m³,VOC,
90227,CALGARY CENTRAL,"2,3-Dimethylbutane",1992-08-10T00:00,0.779,µg/m³,VOC,
90227,CALGARY CENTRAL,"2,3-Dimethylbutane",1992-08-16T00:00,0.473,µg/m³,VOC,
90227,CALGARY CENTRAL,"2,3-Dimethylbutane",1992-08-22T00:00,0.367,µg/m³,VOC,
90227,CALGARY CENTRAL,"2,3-Dimethylbutane",1992-08-28T00:00,0.707,µg/m³,VOC,
90227,CALGARY CENTRAL,"2,3-Dimethylbutane",1992-09-03T00:00,0.833,µg/m³,VOC,
90227,CALGARY CENTRAL,"2,3-Dimethylbutane",1992-09-09T00:00,0.916,µg/m³,VOC,
90227,CALGARY CENTRAL,"2,3-Dimethylbutane",1992-09-15T00:00,0.965,µg/m³,VOC,
90227,CALGARY CENTRAL,"2,3-Dimethylbutane",1992-09-21T00:00,0.727,µg/m³,VOC,
90227,CALGARY CENTRAL,"2,3-Dimethylbutane",1992-09-27T00:00,0.285,µg/m³,VOC,
90227,CALGARY CENTRAL,"2,3-Dimethylbutane",1992-10-03T00:00,1.671,µg/m³,VOC,
90227,CALGARY CENTRAL,"2,3-Dimethylbutane",1992-10-09T00:00,1.010,µg/m³,VOC,
90227,CALGARY CENTRAL,"2,3-Dimethylbutane",1992-10-15T00:00,0.811,µg/m³,VOC,
90227,CALGARY CENTRAL,"2,3-Dimethylbutane",1992-10-21T00:00,1.554,µg/m³,VOC,
90227,CALGARY CENTRAL,"2,3-Dimethylbutane",1992-10-27T00:00,0.973,µg/m³,VOC,
90227,CALGARY CENTRAL,"2,3-Dimethylbutane",1992-11-02T00:00,0.652,µg/m³,VOC,
90227,CALGARY CENTRAL,"2,3-Dimethylbutane",1992-11-08T00:00,0.521,µg/m³,VOC,
90227,CALGARY CENTRAL,"2,3-Dimethylbutane",1992-11-14T00:00,1.444,µg/m³,VOC,
90227,CALGARY CENTRAL,"2,3-Dimethylbutane",1992-11-20T00:00,1.452,µg/m³,VOC,
90227,CALGARY CENTRAL,"2,3-Dimethylbutane",1992-11-26T00:00,1.694,µg/m³,VOC,
90227,CALGARY CENTRAL,"2,3-Dimethylbutane",1992-12-02T00:00,0.926,µg/m³,VOC,
90227,CALGARY CENTRAL,"2,3-Dimethylbutane",1992-12-08T00:00,2.428,µg/m³,VOC,
90227,CALGARY CENTRAL,"2,3-Dimethylbutane",1992-12-20T00:00,0.891,µg/m³,VOC,
90227,CALGARY CENTRAL,"2,3-Dimethylbutane",1992-12-26T00:00,0.461,µg/m³,VOC,
