﻿NAPS_Site_ID,Station_Name,Pollutant,Date,Value,Units,Report_Type,Method
60413,CENTENNIAL PARK _ETOBICOKE WEST_,2-Methylhexane,2006-01-05T00:00,0.198,µg/m³,VOC,GC-MS
60413,CENTENNIAL PARK _ETOBICOKE WEST_,2-Methylhexane,2006-01-11T00:00,0.469,µg/m³,VOC,GC-MS
60413,CENTENNIAL PARK _ETOBICOKE WEST_,2-Methylhexane,2006-01-17T00:00,0.188,µg/m³,VOC,GC-MS
60413,CENTENNIAL PARK _ETOBICOKE WEST_,2-Methylhexane,2006-01-23T00:00,0.418,µg/m³,VOC,GC-MS
60413,CENTENNIAL PARK _ETOBICOKE WEST_,2-Methylhexane,2006-01-29T00:00,0.348,µg/m³,VOC,GC-MS
60413,CENTENNIAL PARK _ETOBICOKE WEST_,2-Methylhexane,2006-02-04T00:00,0.317,µg/m³,VOC,GC-MS
60413,CENTENNIAL PARK _ETOBICOKE WEST_,2-Methylhexane,2006-02-10T00:00,0.396,µg/m³,VOC,GC-MS
60413,CENTENNIAL PARK _ETOBICOKE WEST_,2-Methylhexane,2006-02-16T00:00,0.236,µg/m³,VOC,GC-MS
60413,CENTENNIAL PARK _ETOBICOKE WEST_,2-Methylhexane,2006-02-22T00:00,0.384,µg/m³,VOC,GC-MS
60413,CENTENNIAL PARK _ETOBICOKE WEST_,2-Methylhexane,2006-02-28T00:00,0.128,µg/m³,VOC,GC-MS
60413,CENTENNIAL PARK _ETOBICOKE WEST_,2-Methylhexane,2006-03-06T00:00,0.172,µg/m³,VOC,GC-MS
60413,CENTENNIAL PARK _ETOBICOKE WEST_,2-Methylhexane,2006-03-12T00:00,0.369,µg/m³,VOC,GC-MS
60413,CENTENNIAL PARK _ETOBICOKE WEST_,2-Methylhexane,2006-03-18T00:00,0.053,µg/m³,VOC,GC-MS
60413,CENTENNIAL PARK _ETOBICOKE WEST_,2-Methylhexane,2006-03-24T00:00,0.195,µg/m³,VOC,GC-MS
60413,CENTENNIAL PARK _ETOBICOKE WEST_,2-Methylhexane,2006-06-22T00:00,0.167,µg/m³,VOC,GC-MS
60413,CENTENNIAL PARK _ETOBICOKE WEST_,2-Methylhexane,2006-06-28T00:00,0.505,µg/m³,VOC,GC-MS
60413,CENTENNIAL PARK _ETOBICOKE WEST_,2-Methylhexane,2006-07-04T00:00,0.184,µg/m³,VOC,GC-MS
60413,CENTENNIAL PARK _ETOBICOKE WEST_,2-Methylhexane,2006-07-10T00:00,0.260,µg/m³,VOC,GC-MS
60413,CENTENNIAL PARK _ETOBICOKE WEST_,2-Methylhexane,2006-07-16T00:00,0.224,µg/m³,VOC,GC-MS
60413,CENTENNIAL PARK _ETOBICOKE WEST_,2-Methylhexane,2006-07-22T00:00,0.293,µg/m³,VOC,GC-MS
60413,CENTENNIAL PARK _ETOBICOKE WEST_,2-Methylhexane,2006-07-28T00:00,0.445,µg/m³,VOC,GC-MS
60413,CENTENNIAL PARK _ETOBICOKE WEST_,2-Methylhexane,2006-08-03T00:00,0.363,µg/m³,VOC,GC-MS
60413,CENTENNIAL PARK _ETOBICOKE WEST_,2-Methylhexane,2006-08-09T00:00,0.559,µg/m³,VOC,GC-MS
60413,CENTENNIAL PARK _ETOBICOKE WEST_,2-Methylhexane,2006-08-15T00:00,0.318,µg/m³,VOC,GC-MS
60413,CENTENNIAL PARK _ETOBICOKE WEST_,2-Methylhexane,2006-08-21T00:00,0.268,µg/m³,VOC,GC-MS
60413,CENTENNIAL PARK _ETOBICOKE WEST_,2-Methylhexane,2006-08-27T00:00,0.325,µg/m³,VOC,GC-MS
60413,CENTENNIAL PARK _ETOBICOKE WEST_,2-Methylhexane,2006-09-02T00:00,0.196,µg/m³,VOC,GC-MS
60413,CENTENNIAL PARK _ETOBICOKE WEST_,2-Methylhexane,2006-09-08T00:00,0.271,µg/m³,VOC,GC-MS
60413,CENTENNIAL PARK _ETOBICOKE WEST_,2-Methylhexane,2006-09-14T00:00,0.190,µg/m³,VOC,GC-MS
60413,CENTENNIAL PARK _ETOBICOKE WEST_,2-Methylhexane,2006-09-20T00:00,0.147,µg/m³,VOC,GC-MS
60413,CENTENNIAL PARK _ETOBICOKE WEST_,2-Methylhexane,2006-09-26T00:00,0.166,µg/m³,VOC,GC-MS
60413,CENTENNIAL PARK _ETOBICOKE WEST_,2-Methylhexane,2006-10-02T00:00,0.443,µg/m³,VOC,GC-MS
60413,CENTENNIAL PARK _ETOBICOKE WEST_,2-Methylhexane,2006-10-08T00:00,0.665,µg/m³,VOC,GC-MS
60413,CENTENNIAL PARK _ETOBICOKE WEST_,2-Methylhexane,2006-10-14T00:00,0.062,µg/m³,VOC,GC-MS
60413,CENTENNIAL PARK _ETOBICOKE WEST_,2-Methylhexane,2006-10-20T00:00,0.118,µg/m³,VOC,GC-MS
60413,CENTENNIAL PARK _ETOBICOKE WEST_,2-Methylhexane,2006-10-26T00:00,0.434,µg/m³,VOC,GC-MS
60413,CENTENNIAL PARK _ETOBICOKE WEST_,2-Methylhexane,2006-11-01T00:00,0.338,µg/m³,VOC,GC-MS
60413,CENTENNIAL PARK _ETOBICOKE WEST_,2-Methylhexane,2006-11-07T00:00,0.532,µg/m³,VOC,GC-MS
60413,CENTENNIAL PARK _ETOBICOKE WEST_,2-Methylhexane,2006-11-13T00:00,0.227,µg/m³,VOC,GC-MS
60413,CENTENNIAL PARK _ETOBICOKE WEST_,2-Methylhexane,2006-11-19T00:00,0.048,µg/m³,VOC,GC-MS
60413,CENTENNIAL PARK _ETOBICOKE WEST_,2-Methylhexane,2006-11-25T00:00,1.681,µg/m³,VOC,GC-MS
60413,CENTENNIAL PARK _ETOBICOKE WEST_,2-Methylhexane,2006-12-01T00:00,0.180,µg/m³,VOC,GC-MS
60413,CENTENNIAL PARK _ETOBICOKE WEST_,2-Methylhexane,2006-12-07T00:00,0.112,µg/m³,VOC,GC-MS
60413,CENTENNIAL PARK _ETOBICOKE WEST_,2-Methylhexane,2006-12-13T00:00,0.636,µg/m³,VOC,GC-MS
60413,CENTENNIAL PARK _ETOBICOKE WEST_,2-Methylhexane,2006-12-19T00:00,0.149,µg/m³,VOC,GC-MS
60413,CENTENNIAL PARK _ETOBICOKE WEST_,2-Methylhexane,2006-12-25T00:00,6.441,µg/m³,VOC,GC-MS
60413,CENTENNIAL PARK _ETOBICOKE WEST_,2-Methylhexane,2006-12-31T00:00,0.220,µg/m³,VOC,GC-MS
