﻿NAPS_Site_ID,Station_Name,Pollutant,Date,Value,Units,Report_Type,Method
90121,EDMONTON EAST,"1,3-Butadiene",2002-01-02T00:00,0.560,µg/m³,VOC,
90121,EDMONTON EAST,"1,3-Butadiene",2002-01-08T00:00,0.250,µg/m³,VOC,
90121,EDMONTON EAST,"1,3-Butadiene",2002-01-14T00:00,0.490,µg/m³,VOC,
90121,EDMONTON EAST,"1,3-Butadiene",2002-01-20T00:00,0.150,µg/m³,VOC,
90121,EDMONTON EAST,"1,3-Butadiene",2002-01-26T00:00,0.250,µg/m³,VOC,
90121,EDMONTON EAST,"1,3-Butadiene",2002-02-01T00:00,0.580,µg/m³,VOC,
90121,EDMONTON EAST,"1,3-Butadiene",2002-02-07T00:00,0.370,µg/m³,VOC,
90121,EDMONTON EAST,"1,3-Butadiene",2002-02-13T00:00,0.210,µg/m³,VOC,
90121,EDMONTON EAST,"1,3-Butadiene",2002-02-19T00:00,0.050,µg/m³,VOC,
90121,EDMONTON EAST,"1,3-Butadiene",2002-02-25T00:00,0.150,µg/m³,VOC,
90121,EDMONTON EAST,"1,3-Butadiene",2002-03-03T00:00,0.090,µg/m³,VOC,
90121,EDMONTON EAST,"1,3-Butadiene",2002-03-09T00:00,0.120,µg/m³,VOC,
90121,EDMONTON EAST,"1,3-Butadiene",2002-03-15T00:00,0.100,µg/m³,VOC,
90121,EDMONTON EAST,"1,3-Butadiene",2002-03-21T00:00,0.210,µg/m³,VOC,
90121,EDMONTON EAST,"1,3-Butadiene",2002-03-27T00:00,0.140,µg/m³,VOC,
90121,EDMONTON EAST,"1,3-Butadiene",2002-04-02T00:00,0.120,µg/m³,VOC,
90121,EDMONTON EAST,"1,3-Butadiene",2002-04-08T00:00,0.110,µg/m³,VOC,
90121,EDMONTON EAST,"1,3-Butadiene",2002-04-14T00:00,0.073,µg/m³,VOC,
90121,EDMONTON EAST,"1,3-Butadiene",2002-04-20T00:00,0.049,µg/m³,VOC,
90121,EDMONTON EAST,"1,3-Butadiene",2002-04-26T00:00,0.058,µg/m³,VOC,
90121,EDMONTON EAST,"1,3-Butadiene",2002-05-02T00:00,0.097,µg/m³,VOC,
90121,EDMONTON EAST,"1,3-Butadiene",2002-05-08T00:00,0.190,µg/m³,VOC,
90121,EDMONTON EAST,"1,3-Butadiene",2002-05-14T00:00,0.096,µg/m³,VOC,
90121,EDMONTON EAST,"1,3-Butadiene",2002-05-20T00:00,0.073,µg/m³,VOC,
90121,EDMONTON EAST,"1,3-Butadiene",2002-05-26T00:00,0.085,µg/m³,VOC,
90121,EDMONTON EAST,"1,3-Butadiene",2002-06-01T00:00,0.083,µg/m³,VOC,
90121,EDMONTON EAST,"1,3-Butadiene",2002-06-07T00:00,0.088,µg/m³,VOC,
90121,EDMONTON EAST,"1,3-Butadiene",2002-06-13T00:00,0.104,µg/m³,VOC,
90121,EDMONTON EAST,"1,3-Butadiene",2002-06-19T00:00,0.118,µg/m³,VOC,
90121,EDMONTON EAST,"1,3-Butadiene",2002-06-25T00:00,0.061,µg/m³,VOC,
90121,EDMONTON EAST,"1,3-Butadiene",2002-07-01T00:00,0.036,µg/m³,VOC,
90121,EDMONTON EAST,"1,3-Butadiene",2002-07-07T00:00,0.068,µg/m³,VOC,
90121,EDMONTON EAST,"1,3-Butadiene",2002-07-13T00:00,0.059,µg/m³,VOC,
90121,EDMONTON EAST,"1,3-Butadiene",2002-07-19T00:00,0.079,µg/m³,VOC,
90121,EDMONTON EAST,"1,3-Butadiene",2002-07-25T00:00,0.112,µg/m³,VOC,
90121,EDMONTON EAST,"1,3-Butadiene",2002-07-31T00:00,0.075,µg/m³,VOC,
90121,EDMONTON EAST,"1,3-Butadiene",2002-08-06T00:00,0.174,µg/m³,VOC,
90121,EDMONTON EAST,"1,3-Butadiene",2002-08-12T00:00,0.117,µg/m³,VOC,
90121,EDMONTON EAST,"1,3-Butadiene",2002-08-18T00:00,0.075,µg/m³,VOC,
90121,EDMONTON EAST,"1,3-Butadiene",2002-08-24T00:00,0.082,µg/m³,VOC,
90121,EDMONTON EAST,"1,3-Butadiene",2002-08-30T00:00,0.083,µg/m³,VOC,
90121,EDMONTON EAST,"1,3-Butadiene",2002-09-05T00:00,0.122,µg/m³,VOC,
90121,EDMONTON EAST,"1,3-Butadiene",2002-09-11T00:00,0.114,µg/m³,VOC,
90121,EDMONTON EAST,"1,3-Butadiene",2002-09-17T00:00,0.132,µg/m³,VOC,
90121,EDMONTON EAST,"1,3-Butadiene",2002-09-23T00:00,0.090,µg/m³,VOC,
90121,EDMONTON EAST,"1,3-Butadiene",2002-09-29T00:00,0.061,µg/m³,VOC,
90121,EDMONTON EAST,"1,3-Butadiene",2002-10-05T00:00,0.093,µg/m³,VOC,
90121,EDMONTON EAST,"1,3-Butadiene",2002-10-11T00:00,0.119,µg/m³,VOC,
90121,EDMONTON EAST,"1,3-Butadiene",2002-10-17T00:00,0.074,µg/m³,VOC,
90121,EDMONTON EAST,"1,3-Butadiene",2002-10-23T00:00,0.160,µg/m³,VOC,
90121,EDMONTON EAST,"1,3-Butadiene",2002-10-29T00:00,0.298,µg/m³,VOC,
90121,EDMONTON EAST,"1,3-Butadiene",2002-11-04T00:00,0.308,µg/m³,VOC,
90121,EDMONTON EAST,"1,3-Butadiene",2002-11-10T00:00,0.091,µg/m³,VOC,
90121,EDMONTON EAST,"1,3-Butadiene",2002-11-16T00:00,0.209,µg/m³,VOC,
90121,EDMONTON EAST,"1,3-Butadiene",2002-11-22T00:00,0.094,µg/m³,VOC,
90121,EDMONTON EAST,"1,3-Butadiene",2002-11-28T00:00,0.110,µg/m³,VOC,
90121,EDMONTON EAST,"1,3-Butadiene",2002-12-04T00:00,0.412,µg/m³,VOC,
90121,EDMONTON EAST,"1,3-Butadiene",2002-12-10T00:00,0.742,µg/m³,VOC,
90121,EDMONTON EAST,"1,3-Butadiene",2002-12-16T00:00,0.066,µg/m³,VOC,
90121,EDMONTON EAST,"1,3-Butadiene",2002-12-22T00:00,0.277,µg/m³,VOC,
