﻿NAPS_Site_ID,Station_Name,Pollutant,Date,Value,Units,Report_Type,Method
61007,AAMJIWNAANG,Toluene,2010-01-02T00:00,0.273,µg/m³,VOC,
61007,AAMJIWNAANG,Toluene,2010-01-14T00:00,0.889,µg/m³,VOC,
61007,AAMJIWNAANG,Toluene,2010-01-26T00:00,2.663,µg/m³,VOC,
61007,AAMJIWNAANG,Toluene,2010-02-07T00:00,0.476,µg/m³,VOC,
61007,AAMJIWNAANG,Toluene,2010-02-19T00:00,1.143,µg/m³,VOC,
61007,AAMJIWNAANG,Toluene,2010-03-03T00:00,0.627,µg/m³,VOC,
61007,AAMJIWNAANG,Toluene,2010-03-15T00:00,1.398,µg/m³,VOC,
61007,AAMJIWNAANG,Toluene,2010-03-27T00:00,0.341,µg/m³,VOC,
61007,AAMJIWNAANG,Toluene,2010-04-08T00:00,2.514,µg/m³,VOC,
61007,AAMJIWNAANG,Toluene,2010-04-20T00:00,2.461,µg/m³,VOC,
61007,AAMJIWNAANG,Toluene,2010-05-02T00:00,0.553,µg/m³,VOC,
61007,AAMJIWNAANG,Toluene,2010-05-14T00:00,2.061,µg/m³,VOC,
61007,AAMJIWNAANG,Toluene,2010-05-26T00:00,4.138,µg/m³,VOC,
61007,AAMJIWNAANG,Toluene,2010-06-07T00:00,0.794,µg/m³,VOC,
61007,AAMJIWNAANG,Toluene,2010-06-19T00:00,0.965,µg/m³,VOC,
61007,AAMJIWNAANG,Toluene,2010-07-01T00:00,1.705,µg/m³,VOC,
61007,AAMJIWNAANG,Toluene,2010-07-13T00:00,1.540,µg/m³,VOC,
61007,AAMJIWNAANG,Toluene,2010-07-25T00:00,1.278,µg/m³,VOC,
61007,AAMJIWNAANG,Toluene,2010-08-06T00:00,1.052,µg/m³,VOC,
61007,AAMJIWNAANG,Toluene,2010-08-18T00:00,1.456,µg/m³,VOC,
61007,AAMJIWNAANG,Toluene,2010-09-11T00:00,0.483,µg/m³,VOC,
61007,AAMJIWNAANG,Toluene,2010-09-23T00:00,1.037,µg/m³,VOC,
61007,AAMJIWNAANG,Toluene,2010-10-05T00:00,0.844,µg/m³,VOC,
61007,AAMJIWNAANG,Toluene,2010-10-17T00:00,1.674,µg/m³,VOC,
61007,AAMJIWNAANG,Toluene,2010-10-29T00:00,1.467,µg/m³,VOC,
61007,AAMJIWNAANG,Toluene,2010-11-10T00:00,2.183,µg/m³,VOC,
61007,AAMJIWNAANG,Toluene,2010-11-22T00:00,0.403,µg/m³,VOC,
61007,AAMJIWNAANG,Toluene,2010-12-04T00:00,0.294,µg/m³,VOC,
61007,AAMJIWNAANG,Toluene,2010-12-10T00:00,1.391,µg/m³,VOC,
61007,AAMJIWNAANG,Toluene,2010-12-16T00:00,5.084,µg/m³,VOC,
61007,AAMJIWNAANG,Toluene,2010-12-28T00:00,0.936,µg/m³,VOC,
