﻿NAPS_Site_ID,Station_Name,Pollutant,Date,Value,Units,Report_Type,Method
100134,VANCOUVER INTL. AIRPORT,1-Hexene,2005-01-16T00:00,0.070,µg/m³,VOC,N/A
100134,VANCOUVER INTL. AIRPORT,1-Hexene,2005-02-03T00:00,0.090,µg/m³,VOC,N/A
100134,VANCOUVER INTL. AIRPORT,1-Hexene,2005-02-21T00:00,0.152,µg/m³,VOC,N/A
100134,VANCOUVER INTL. AIRPORT,1-Hexene,2005-03-11T00:00,0.061,µg/m³,VOC,N/A
100134,VANCOUVER INTL. AIRPORT,1-Hexene,2005-03-29T00:00,0.103,µg/m³,VOC,N/A
100134,VANCOUVER INTL. AIRPORT,1-Hexene,2005-04-22T00:00,0.125,µg/m³,VOC,N/A
100134,VANCOUVER INTL. AIRPORT,1-Hexene,2005-05-10T00:00,0.018,µg/m³,VOC,N/A
100134,VANCOUVER INTL. AIRPORT,1-Hexene,2005-05-28T00:00,0.066,µg/m³,VOC,N/A
100134,VANCOUVER INTL. AIRPORT,1-Hexene,2005-06-15T00:00,0.125,µg/m³,VOC,N/A
100134,VANCOUVER INTL. AIRPORT,1-Hexene,2005-07-03T00:00,0.029,µg/m³,VOC,N/A
100134,VANCOUVER INTL. AIRPORT,1-Hexene,2005-08-08T00:00,0.029,µg/m³,VOC,N/A
100134,VANCOUVER INTL. AIRPORT,1-Hexene,2005-08-26T00:00,0.114,µg/m³,VOC,N/A
100134,VANCOUVER INTL. AIRPORT,1-Hexene,2005-09-13T00:00,0.200,µg/m³,VOC,N/A
100134,VANCOUVER INTL. AIRPORT,1-Hexene,2005-10-19T00:00,0.033,µg/m³,VOC,N/A
100134,VANCOUVER INTL. AIRPORT,1-Hexene,2005-11-06T00:00,0.028,µg/m³,VOC,N/A
100134,VANCOUVER INTL. AIRPORT,1-Hexene,2005-11-24T00:00,0.170,µg/m³,VOC,N/A
100134,VANCOUVER INTL. AIRPORT,1-Hexene,2005-12-12T00:00,0.119,µg/m³,VOC,N/A
100134,VANCOUVER INTL. AIRPORT,1-Hexene,2005-12-30T00:00,0.048,µg/m³,VOC,N/A
