﻿NAPS_Site_ID,Station_Name,Pollutant,Date,Value,Units,Report_Type,Method
90701,ATHABASCA VALLEY-FORT MCMURRAY,Benzo(b)&(k)Fluoranthene,1995-04-09T00:00,0.000,µg/m³,PAH,N/A
90701,ATHABASCA VALLEY-FORT MCMURRAY,Benzo(b)&(k)Fluoranthene,1995-04-21T00:00,0.000,µg/m³,PAH,N/A
90701,ATHABASCA VALLEY-FORT MCMURRAY,Benzo(b)&(k)Fluoranthene,1995-05-02T00:00,0.000,µg/m³,PAH,N/A
90701,ATHABASCA VALLEY-FORT MCMURRAY,Benzo(b)&(k)Fluoranthene,1995-05-15T00:00,0.000,µg/m³,PAH,N/A
90701,ATHABASCA VALLEY-FORT MCMURRAY,Benzo(b)&(k)Fluoranthene,1995-05-27T00:00,0.000,µg/m³,PAH,N/A
