﻿NAPS_Site_ID,Station_Name,Pollutant,Date,Value,Units,Report_Type,Method
40501,PT LEPREAU - CHARLOTTE COUNTY,"1,1,1-Trichloroethane",2007-01-06T00:00,0.096,µg/m³,VOC,GC-MS
40501,PT LEPREAU - CHARLOTTE COUNTY,"1,1,1-Trichloroethane",2007-01-12T00:00,0.085,µg/m³,VOC,GC-MS
40501,PT LEPREAU - CHARLOTTE COUNTY,"1,1,1-Trichloroethane",2007-01-15T00:00,0.083,µg/m³,VOC,GC-MS
40501,PT LEPREAU - CHARLOTTE COUNTY,"1,1,1-Trichloroethane",2007-01-18T00:00,0.081,µg/m³,VOC,GC-MS
40501,PT LEPREAU - CHARLOTTE COUNTY,"1,1,1-Trichloroethane",2007-01-21T00:00,0.081,µg/m³,VOC,GC-MS
40501,PT LEPREAU - CHARLOTTE COUNTY,"1,1,1-Trichloroethane",2007-01-24T00:00,0.080,µg/m³,VOC,GC-MS
40501,PT LEPREAU - CHARLOTTE COUNTY,"1,1,1-Trichloroethane",2007-01-27T00:00,0.078,µg/m³,VOC,GC-MS
40501,PT LEPREAU - CHARLOTTE COUNTY,"1,1,1-Trichloroethane",2007-01-30T00:00,0.084,µg/m³,VOC,GC-MS
40501,PT LEPREAU - CHARLOTTE COUNTY,"1,1,1-Trichloroethane",2007-02-02T00:00,0.083,µg/m³,VOC,GC-MS
40501,PT LEPREAU - CHARLOTTE COUNTY,"1,1,1-Trichloroethane",2007-02-05T00:00,0.083,µg/m³,VOC,GC-MS
40501,PT LEPREAU - CHARLOTTE COUNTY,"1,1,1-Trichloroethane",2007-02-08T00:00,0.082,µg/m³,VOC,GC-MS
40501,PT LEPREAU - CHARLOTTE COUNTY,"1,1,1-Trichloroethane",2007-02-11T00:00,0.083,µg/m³,VOC,GC-MS
40501,PT LEPREAU - CHARLOTTE COUNTY,"1,1,1-Trichloroethane",2007-02-14T00:00,0.084,µg/m³,VOC,GC-MS
40501,PT LEPREAU - CHARLOTTE COUNTY,"1,1,1-Trichloroethane",2007-02-17T00:00,0.091,µg/m³,VOC,GC-MS
40501,PT LEPREAU - CHARLOTTE COUNTY,"1,1,1-Trichloroethane",2007-02-20T00:00,0.086,µg/m³,VOC,GC-MS
40501,PT LEPREAU - CHARLOTTE COUNTY,"1,1,1-Trichloroethane",2007-02-23T00:00,0.087,µg/m³,VOC,GC-MS
40501,PT LEPREAU - CHARLOTTE COUNTY,"1,1,1-Trichloroethane",2007-02-26T00:00,0.089,µg/m³,VOC,GC-MS
40501,PT LEPREAU - CHARLOTTE COUNTY,"1,1,1-Trichloroethane",2007-03-01T00:00,0.074,µg/m³,VOC,GC-MS
40501,PT LEPREAU - CHARLOTTE COUNTY,"1,1,1-Trichloroethane",2007-03-04T00:00,0.082,µg/m³,VOC,GC-MS
40501,PT LEPREAU - CHARLOTTE COUNTY,"1,1,1-Trichloroethane",2007-03-07T00:00,0.076,µg/m³,VOC,GC-MS
40501,PT LEPREAU - CHARLOTTE COUNTY,"1,1,1-Trichloroethane",2007-03-10T00:00,0.081,µg/m³,VOC,GC-MS
40501,PT LEPREAU - CHARLOTTE COUNTY,"1,1,1-Trichloroethane",2007-03-13T00:00,0.077,µg/m³,VOC,GC-MS
40501,PT LEPREAU - CHARLOTTE COUNTY,"1,1,1-Trichloroethane",2007-03-16T00:00,0.079,µg/m³,VOC,GC-MS
40501,PT LEPREAU - CHARLOTTE COUNTY,"1,1,1-Trichloroethane",2007-03-19T00:00,0.086,µg/m³,VOC,GC-MS
40501,PT LEPREAU - CHARLOTTE COUNTY,"1,1,1-Trichloroethane",2007-03-22T00:00,0.089,µg/m³,VOC,GC-MS
40501,PT LEPREAU - CHARLOTTE COUNTY,"1,1,1-Trichloroethane",2007-03-25T00:00,0.088,µg/m³,VOC,GC-MS
40501,PT LEPREAU - CHARLOTTE COUNTY,"1,1,1-Trichloroethane",2007-03-28T00:00,0.088,µg/m³,VOC,GC-MS
40501,PT LEPREAU - CHARLOTTE COUNTY,"1,1,1-Trichloroethane",2007-03-31T00:00,0.085,µg/m³,VOC,GC-MS
40501,PT LEPREAU - CHARLOTTE COUNTY,"1,1,1-Trichloroethane",2007-04-03T00:00,0.087,µg/m³,VOC,GC-MS
40501,PT LEPREAU - CHARLOTTE COUNTY,"1,1,1-Trichloroethane",2007-04-06T00:00,0.088,µg/m³,VOC,GC-MS
40501,PT LEPREAU - CHARLOTTE COUNTY,"1,1,1-Trichloroethane",2007-04-09T00:00,0.086,µg/m³,VOC,GC-MS
40501,PT LEPREAU - CHARLOTTE COUNTY,"1,1,1-Trichloroethane",2007-04-12T00:00,0.086,µg/m³,VOC,GC-MS
40501,PT LEPREAU - CHARLOTTE COUNTY,"1,1,1-Trichloroethane",2007-04-15T00:00,0.087,µg/m³,VOC,GC-MS
40501,PT LEPREAU - CHARLOTTE COUNTY,"1,1,1-Trichloroethane",2007-04-18T00:00,0.087,µg/m³,VOC,GC-MS
40501,PT LEPREAU - CHARLOTTE COUNTY,"1,1,1-Trichloroethane",2007-04-21T00:00,0.084,µg/m³,VOC,GC-MS
40501,PT LEPREAU - CHARLOTTE COUNTY,"1,1,1-Trichloroethane",2007-04-24T00:00,0.074,µg/m³,VOC,GC-MS
40501,PT LEPREAU - CHARLOTTE COUNTY,"1,1,1-Trichloroethane",2007-04-27T00:00,0.074,µg/m³,VOC,GC-MS
40501,PT LEPREAU - CHARLOTTE COUNTY,"1,1,1-Trichloroethane",2007-04-30T00:00,0.075,µg/m³,VOC,GC-MS
40501,PT LEPREAU - CHARLOTTE COUNTY,"1,1,1-Trichloroethane",2007-05-03T00:00,0.077,µg/m³,VOC,GC-MS
40501,PT LEPREAU - CHARLOTTE COUNTY,"1,1,1-Trichloroethane",2007-05-06T00:00,0.077,µg/m³,VOC,GC-MS
40501,PT LEPREAU - CHARLOTTE COUNTY,"1,1,1-Trichloroethane",2007-05-09T00:00,0.076,µg/m³,VOC,GC-MS
40501,PT LEPREAU - CHARLOTTE COUNTY,"1,1,1-Trichloroethane",2007-05-15T00:00,0.075,µg/m³,VOC,GC-MS
40501,PT LEPREAU - CHARLOTTE COUNTY,"1,1,1-Trichloroethane",2007-05-18T00:00,0.076,µg/m³,VOC,GC-MS
40501,PT LEPREAU - CHARLOTTE COUNTY,"1,1,1-Trichloroethane",2007-05-21T00:00,0.069,µg/m³,VOC,GC-MS
40501,PT LEPREAU - CHARLOTTE COUNTY,"1,1,1-Trichloroethane",2007-05-24T00:00,0.072,µg/m³,VOC,GC-MS
40501,PT LEPREAU - CHARLOTTE COUNTY,"1,1,1-Trichloroethane",2007-05-27T00:00,0.071,µg/m³,VOC,GC-MS
40501,PT LEPREAU - CHARLOTTE COUNTY,"1,1,1-Trichloroethane",2007-05-30T00:00,0.070,µg/m³,VOC,GC-MS
40501,PT LEPREAU - CHARLOTTE COUNTY,"1,1,1-Trichloroethane",2007-06-02T00:00,0.079,µg/m³,VOC,GC-MS
40501,PT LEPREAU - CHARLOTTE COUNTY,"1,1,1-Trichloroethane",2007-06-05T00:00,0.077,µg/m³,VOC,GC-MS
40501,PT LEPREAU - CHARLOTTE COUNTY,"1,1,1-Trichloroethane",2007-06-08T00:00,0.079,µg/m³,VOC,GC-MS
40501,PT LEPREAU - CHARLOTTE COUNTY,"1,1,1-Trichloroethane",2007-06-11T00:00,0.076,µg/m³,VOC,GC-MS
40501,PT LEPREAU - CHARLOTTE COUNTY,"1,1,1-Trichloroethane",2007-06-17T00:00,0.077,µg/m³,VOC,GC-MS
40501,PT LEPREAU - CHARLOTTE COUNTY,"1,1,1-Trichloroethane",2007-06-20T00:00,0.069,µg/m³,VOC,GC-MS
40501,PT LEPREAU - CHARLOTTE COUNTY,"1,1,1-Trichloroethane",2007-06-26T00:00,0.073,µg/m³,VOC,GC-MS
40501,PT LEPREAU - CHARLOTTE COUNTY,"1,1,1-Trichloroethane",2007-06-29T00:00,0.072,µg/m³,VOC,GC-MS
40501,PT LEPREAU - CHARLOTTE COUNTY,"1,1,1-Trichloroethane",2007-07-02T00:00,0.071,µg/m³,VOC,GC-MS
40501,PT LEPREAU - CHARLOTTE COUNTY,"1,1,1-Trichloroethane",2007-07-05T00:00,0.075,µg/m³,VOC,GC-MS
40501,PT LEPREAU - CHARLOTTE COUNTY,"1,1,1-Trichloroethane",2007-07-08T00:00,0.076,µg/m³,VOC,GC-MS
40501,PT LEPREAU - CHARLOTTE COUNTY,"1,1,1-Trichloroethane",2007-07-11T00:00,0.071,µg/m³,VOC,GC-MS
40501,PT LEPREAU - CHARLOTTE COUNTY,"1,1,1-Trichloroethane",2007-07-14T00:00,0.074,µg/m³,VOC,GC-MS
40501,PT LEPREAU - CHARLOTTE COUNTY,"1,1,1-Trichloroethane",2007-07-17T00:00,0.075,µg/m³,VOC,GC-MS
40501,PT LEPREAU - CHARLOTTE COUNTY,"1,1,1-Trichloroethane",2007-07-20T00:00,0.073,µg/m³,VOC,GC-MS
40501,PT LEPREAU - CHARLOTTE COUNTY,"1,1,1-Trichloroethane",2007-07-23T00:00,0.078,µg/m³,VOC,GC-MS
40501,PT LEPREAU - CHARLOTTE COUNTY,"1,1,1-Trichloroethane",2007-07-26T00:00,0.079,µg/m³,VOC,GC-MS
40501,PT LEPREAU - CHARLOTTE COUNTY,"1,1,1-Trichloroethane",2007-07-29T00:00,0.075,µg/m³,VOC,GC-MS
40501,PT LEPREAU - CHARLOTTE COUNTY,"1,1,1-Trichloroethane",2007-08-01T00:00,0.079,µg/m³,VOC,GC-MS
40501,PT LEPREAU - CHARLOTTE COUNTY,"1,1,1-Trichloroethane",2007-08-04T00:00,0.078,µg/m³,VOC,GC-MS
40501,PT LEPREAU - CHARLOTTE COUNTY,"1,1,1-Trichloroethane",2007-08-07T00:00,0.063,µg/m³,VOC,GC-MS
40501,PT LEPREAU - CHARLOTTE COUNTY,"1,1,1-Trichloroethane",2007-08-10T00:00,0.059,µg/m³,VOC,GC-MS
40501,PT LEPREAU - CHARLOTTE COUNTY,"1,1,1-Trichloroethane",2007-08-13T00:00,0.065,µg/m³,VOC,GC-MS
40501,PT LEPREAU - CHARLOTTE COUNTY,"1,1,1-Trichloroethane",2007-08-16T00:00,0.062,µg/m³,VOC,GC-MS
40501,PT LEPREAU - CHARLOTTE COUNTY,"1,1,1-Trichloroethane",2007-08-19T00:00,0.064,µg/m³,VOC,GC-MS
40501,PT LEPREAU - CHARLOTTE COUNTY,"1,1,1-Trichloroethane",2007-08-22T00:00,0.063,µg/m³,VOC,GC-MS
40501,PT LEPREAU - CHARLOTTE COUNTY,"1,1,1-Trichloroethane",2007-08-25T00:00,0.072,µg/m³,VOC,GC-MS
40501,PT LEPREAU - CHARLOTTE COUNTY,"1,1,1-Trichloroethane",2007-08-28T00:00,0.070,µg/m³,VOC,GC-MS
40501,PT LEPREAU - CHARLOTTE COUNTY,"1,1,1-Trichloroethane",2007-08-31T00:00,0.066,µg/m³,VOC,GC-MS
40501,PT LEPREAU - CHARLOTTE COUNTY,"1,1,1-Trichloroethane",2007-09-03T00:00,0.078,µg/m³,VOC,GC-MS
40501,PT LEPREAU - CHARLOTTE COUNTY,"1,1,1-Trichloroethane",2007-09-06T00:00,0.077,µg/m³,VOC,GC-MS
40501,PT LEPREAU - CHARLOTTE COUNTY,"1,1,1-Trichloroethane",2007-09-09T00:00,0.072,µg/m³,VOC,GC-MS
40501,PT LEPREAU - CHARLOTTE COUNTY,"1,1,1-Trichloroethane",2007-09-12T00:00,0.069,µg/m³,VOC,GC-MS
40501,PT LEPREAU - CHARLOTTE COUNTY,"1,1,1-Trichloroethane",2007-09-15T00:00,0.069,µg/m³,VOC,GC-MS
40501,PT LEPREAU - CHARLOTTE COUNTY,"1,1,1-Trichloroethane",2007-09-18T00:00,0.069,µg/m³,VOC,GC-MS
40501,PT LEPREAU - CHARLOTTE COUNTY,"1,1,1-Trichloroethane",2007-09-21T00:00,0.071,µg/m³,VOC,GC-MS
40501,PT LEPREAU - CHARLOTTE COUNTY,"1,1,1-Trichloroethane",2007-09-24T00:00,0.067,µg/m³,VOC,GC-MS
40501,PT LEPREAU - CHARLOTTE COUNTY,"1,1,1-Trichloroethane",2007-09-27T00:00,0.069,µg/m³,VOC,GC-MS
40501,PT LEPREAU - CHARLOTTE COUNTY,"1,1,1-Trichloroethane",2007-09-30T00:00,0.073,µg/m³,VOC,GC-MS
40501,PT LEPREAU - CHARLOTTE COUNTY,"1,1,1-Trichloroethane",2007-10-03T00:00,0.073,µg/m³,VOC,GC-MS
40501,PT LEPREAU - CHARLOTTE COUNTY,"1,1,1-Trichloroethane",2007-10-06T00:00,0.074,µg/m³,VOC,GC-MS
40501,PT LEPREAU - CHARLOTTE COUNTY,"1,1,1-Trichloroethane",2007-10-09T00:00,0.074,µg/m³,VOC,GC-MS
40501,PT LEPREAU - CHARLOTTE COUNTY,"1,1,1-Trichloroethane",2007-10-12T00:00,0.074,µg/m³,VOC,GC-MS
40501,PT LEPREAU - CHARLOTTE COUNTY,"1,1,1-Trichloroethane",2007-10-15T00:00,0.075,µg/m³,VOC,GC-MS
40501,PT LEPREAU - CHARLOTTE COUNTY,"1,1,1-Trichloroethane",2007-10-18T00:00,0.068,µg/m³,VOC,GC-MS
40501,PT LEPREAU - CHARLOTTE COUNTY,"1,1,1-Trichloroethane",2007-10-21T00:00,0.069,µg/m³,VOC,GC-MS
40501,PT LEPREAU - CHARLOTTE COUNTY,"1,1,1-Trichloroethane",2007-10-24T00:00,0.068,µg/m³,VOC,GC-MS
40501,PT LEPREAU - CHARLOTTE COUNTY,"1,1,1-Trichloroethane",2007-10-27T00:00,0.069,µg/m³,VOC,GC-MS
40501,PT LEPREAU - CHARLOTTE COUNTY,"1,1,1-Trichloroethane",2007-10-30T00:00,0.070,µg/m³,VOC,GC-MS
40501,PT LEPREAU - CHARLOTTE COUNTY,"1,1,1-Trichloroethane",2007-11-02T00:00,0.070,µg/m³,VOC,GC-MS
40501,PT LEPREAU - CHARLOTTE COUNTY,"1,1,1-Trichloroethane",2007-11-05T00:00,0.069,µg/m³,VOC,GC-MS
40501,PT LEPREAU - CHARLOTTE COUNTY,"1,1,1-Trichloroethane",2007-11-08T00:00,0.070,µg/m³,VOC,GC-MS
40501,PT LEPREAU - CHARLOTTE COUNTY,"1,1,1-Trichloroethane",2007-11-11T00:00,0.070,µg/m³,VOC,GC-MS
40501,PT LEPREAU - CHARLOTTE COUNTY,"1,1,1-Trichloroethane",2007-11-14T00:00,0.072,µg/m³,VOC,GC-MS
40501,PT LEPREAU - CHARLOTTE COUNTY,"1,1,1-Trichloroethane",2007-11-17T00:00,0.072,µg/m³,VOC,GC-MS
40501,PT LEPREAU - CHARLOTTE COUNTY,"1,1,1-Trichloroethane",2007-11-20T00:00,0.072,µg/m³,VOC,GC-MS
40501,PT LEPREAU - CHARLOTTE COUNTY,"1,1,1-Trichloroethane",2007-11-23T00:00,0.049,µg/m³,VOC,GC-MS
40501,PT LEPREAU - CHARLOTTE COUNTY,"1,1,1-Trichloroethane",2007-11-26T00:00,0.050,µg/m³,VOC,GC-MS
40501,PT LEPREAU - CHARLOTTE COUNTY,"1,1,1-Trichloroethane",2007-11-29T00:00,0.050,µg/m³,VOC,GC-MS
40501,PT LEPREAU - CHARLOTTE COUNTY,"1,1,1-Trichloroethane",2007-12-02T00:00,0.051,µg/m³,VOC,GC-MS
40501,PT LEPREAU - CHARLOTTE COUNTY,"1,1,1-Trichloroethane",2007-12-05T00:00,0.052,µg/m³,VOC,GC-MS
40501,PT LEPREAU - CHARLOTTE COUNTY,"1,1,1-Trichloroethane",2007-12-08T00:00,0.048,µg/m³,VOC,GC-MS
40501,PT LEPREAU - CHARLOTTE COUNTY,"1,1,1-Trichloroethane",2007-12-11T00:00,0.065,µg/m³,VOC,GC-MS
40501,PT LEPREAU - CHARLOTTE COUNTY,"1,1,1-Trichloroethane",2007-12-14T00:00,0.068,µg/m³,VOC,GC-MS
40501,PT LEPREAU - CHARLOTTE COUNTY,"1,1,1-Trichloroethane",2007-12-17T00:00,0.067,µg/m³,VOC,GC-MS
40501,PT LEPREAU - CHARLOTTE COUNTY,"1,1,1-Trichloroethane",2007-12-20T00:00,0.064,µg/m³,VOC,GC-MS
40501,PT LEPREAU - CHARLOTTE COUNTY,"1,1,1-Trichloroethane",2007-12-23T00:00,0.065,µg/m³,VOC,GC-MS
40501,PT LEPREAU - CHARLOTTE COUNTY,"1,1,1-Trichloroethane",2007-12-26T00:00,0.065,µg/m³,VOC,GC-MS
40501,PT LEPREAU - CHARLOTTE COUNTY,"1,1,1-Trichloroethane",2007-12-29T00:00,0.068,µg/m³,VOC,GC-MS
