﻿NAPS_Site_ID,Station_Name,Pollutant,Date,Value,Units,Report_Type,Method
65101,EAGLE ST. & McCAFFREY RD. _NEWMARKET_,Ethylbenzene,2009-01-07T00:00,0.173,µg/m³,VOC,N/A
65101,EAGLE ST. & McCAFFREY RD. _NEWMARKET_,Ethylbenzene,2009-01-13T00:00,0.178,µg/m³,VOC,N/A
65101,EAGLE ST. & McCAFFREY RD. _NEWMARKET_,Ethylbenzene,2009-01-19T00:00,0.465,µg/m³,VOC,N/A
65101,EAGLE ST. & McCAFFREY RD. _NEWMARKET_,Ethylbenzene,2009-01-25T00:00,0.081,µg/m³,VOC,N/A
65101,EAGLE ST. & McCAFFREY RD. _NEWMARKET_,Ethylbenzene,2009-01-31T00:00,0.286,µg/m³,VOC,N/A
65101,EAGLE ST. & McCAFFREY RD. _NEWMARKET_,Ethylbenzene,2009-02-06T00:00,0.416,µg/m³,VOC,N/A
65101,EAGLE ST. & McCAFFREY RD. _NEWMARKET_,Ethylbenzene,2009-02-12T00:00,0.120,µg/m³,VOC,N/A
65101,EAGLE ST. & McCAFFREY RD. _NEWMARKET_,Ethylbenzene,2009-02-18T00:00,0.192,µg/m³,VOC,N/A
65101,EAGLE ST. & McCAFFREY RD. _NEWMARKET_,Ethylbenzene,2009-02-24T00:00,0.186,µg/m³,VOC,N/A
65101,EAGLE ST. & McCAFFREY RD. _NEWMARKET_,Ethylbenzene,2009-03-02T00:00,0.032,µg/m³,VOC,N/A
65101,EAGLE ST. & McCAFFREY RD. _NEWMARKET_,Ethylbenzene,2009-03-08T00:00,0.102,µg/m³,VOC,N/A
65101,EAGLE ST. & McCAFFREY RD. _NEWMARKET_,Ethylbenzene,2009-03-14T00:00,0.227,µg/m³,VOC,N/A
65101,EAGLE ST. & McCAFFREY RD. _NEWMARKET_,Ethylbenzene,2009-03-20T00:00,0.114,µg/m³,VOC,N/A
65101,EAGLE ST. & McCAFFREY RD. _NEWMARKET_,Ethylbenzene,2009-03-26T00:00,0.263,µg/m³,VOC,N/A
65101,EAGLE ST. & McCAFFREY RD. _NEWMARKET_,Ethylbenzene,2009-04-01T00:00,0.120,µg/m³,VOC,N/A
65101,EAGLE ST. & McCAFFREY RD. _NEWMARKET_,Ethylbenzene,2009-04-07T00:00,0.028,µg/m³,VOC,N/A
65101,EAGLE ST. & McCAFFREY RD. _NEWMARKET_,Ethylbenzene,2009-04-13T00:00,0.151,µg/m³,VOC,N/A
65101,EAGLE ST. & McCAFFREY RD. _NEWMARKET_,Ethylbenzene,2009-04-19T00:00,0.039,µg/m³,VOC,N/A
65101,EAGLE ST. & McCAFFREY RD. _NEWMARKET_,Ethylbenzene,2009-04-25T00:00,0.152,µg/m³,VOC,N/A
65101,EAGLE ST. & McCAFFREY RD. _NEWMARKET_,Ethylbenzene,2009-05-01T00:00,0.067,µg/m³,VOC,N/A
65101,EAGLE ST. & McCAFFREY RD. _NEWMARKET_,Ethylbenzene,2009-05-07T00:00,0.270,µg/m³,VOC,N/A
65101,EAGLE ST. & McCAFFREY RD. _NEWMARKET_,Ethylbenzene,2009-05-13T00:00,0.270,µg/m³,VOC,N/A
65101,EAGLE ST. & McCAFFREY RD. _NEWMARKET_,Ethylbenzene,2009-05-19T00:00,0.108,µg/m³,VOC,N/A
65101,EAGLE ST. & McCAFFREY RD. _NEWMARKET_,Ethylbenzene,2009-05-25T00:00,0.098,µg/m³,VOC,N/A
65101,EAGLE ST. & McCAFFREY RD. _NEWMARKET_,Ethylbenzene,2009-05-31T00:00,0.065,µg/m³,VOC,N/A
65101,EAGLE ST. & McCAFFREY RD. _NEWMARKET_,Ethylbenzene,2009-06-12T00:00,0.060,µg/m³,VOC,N/A
65101,EAGLE ST. & McCAFFREY RD. _NEWMARKET_,Ethylbenzene,2009-06-18T00:00,0.212,µg/m³,VOC,N/A
65101,EAGLE ST. & McCAFFREY RD. _NEWMARKET_,Ethylbenzene,2009-06-24T00:00,0.366,µg/m³,VOC,N/A
65101,EAGLE ST. & McCAFFREY RD. _NEWMARKET_,Ethylbenzene,2009-06-30T00:00,0.257,µg/m³,VOC,N/A
65101,EAGLE ST. & McCAFFREY RD. _NEWMARKET_,Ethylbenzene,2009-07-06T00:00,0.086,µg/m³,VOC,N/A
65101,EAGLE ST. & McCAFFREY RD. _NEWMARKET_,Ethylbenzene,2009-07-12T00:00,0.089,µg/m³,VOC,N/A
65101,EAGLE ST. & McCAFFREY RD. _NEWMARKET_,Ethylbenzene,2009-07-18T00:00,0.057,µg/m³,VOC,N/A
65101,EAGLE ST. & McCAFFREY RD. _NEWMARKET_,Ethylbenzene,2009-07-24T00:00,0.172,µg/m³,VOC,N/A
65101,EAGLE ST. & McCAFFREY RD. _NEWMARKET_,Ethylbenzene,2009-07-30T00:00,0.247,µg/m³,VOC,N/A
65101,EAGLE ST. & McCAFFREY RD. _NEWMARKET_,Ethylbenzene,2009-08-05T00:00,0.125,µg/m³,VOC,N/A
65101,EAGLE ST. & McCAFFREY RD. _NEWMARKET_,Ethylbenzene,2009-08-11T00:00,0.171,µg/m³,VOC,N/A
65101,EAGLE ST. & McCAFFREY RD. _NEWMARKET_,Ethylbenzene,2009-08-17T00:00,0.163,µg/m³,VOC,N/A
65101,EAGLE ST. & McCAFFREY RD. _NEWMARKET_,Ethylbenzene,2009-08-29T00:00,0.062,µg/m³,VOC,N/A
65101,EAGLE ST. & McCAFFREY RD. _NEWMARKET_,Ethylbenzene,2009-09-04T00:00,0.235,µg/m³,VOC,N/A
65101,EAGLE ST. & McCAFFREY RD. _NEWMARKET_,Ethylbenzene,2009-09-10T00:00,0.198,µg/m³,VOC,N/A
65101,EAGLE ST. & McCAFFREY RD. _NEWMARKET_,Ethylbenzene,2009-09-16T00:00,0.098,µg/m³,VOC,N/A
65101,EAGLE ST. & McCAFFREY RD. _NEWMARKET_,Ethylbenzene,2009-09-22T00:00,0.156,µg/m³,VOC,N/A
65101,EAGLE ST. & McCAFFREY RD. _NEWMARKET_,Ethylbenzene,2009-09-28T00:00,0.100,µg/m³,VOC,N/A
65101,EAGLE ST. & McCAFFREY RD. _NEWMARKET_,Ethylbenzene,2009-10-04T00:00,0.138,µg/m³,VOC,N/A
65101,EAGLE ST. & McCAFFREY RD. _NEWMARKET_,Ethylbenzene,2009-10-10T00:00,0.046,µg/m³,VOC,N/A
65101,EAGLE ST. & McCAFFREY RD. _NEWMARKET_,Ethylbenzene,2009-10-16T00:00,0.210,µg/m³,VOC,N/A
65101,EAGLE ST. & McCAFFREY RD. _NEWMARKET_,Ethylbenzene,2009-10-22T00:00,0.221,µg/m³,VOC,N/A
65101,EAGLE ST. & McCAFFREY RD. _NEWMARKET_,Ethylbenzene,2009-10-28T00:00,0.235,µg/m³,VOC,N/A
65101,EAGLE ST. & McCAFFREY RD. _NEWMARKET_,Ethylbenzene,2009-11-03T00:00,0.104,µg/m³,VOC,N/A
65101,EAGLE ST. & McCAFFREY RD. _NEWMARKET_,Ethylbenzene,2009-11-09T00:00,0.242,µg/m³,VOC,N/A
65101,EAGLE ST. & McCAFFREY RD. _NEWMARKET_,Ethylbenzene,2009-11-15T00:00,0.162,µg/m³,VOC,N/A
65101,EAGLE ST. & McCAFFREY RD. _NEWMARKET_,Ethylbenzene,2009-11-21T00:00,0.154,µg/m³,VOC,N/A
65101,EAGLE ST. & McCAFFREY RD. _NEWMARKET_,Ethylbenzene,2009-11-27T00:00,0.403,µg/m³,VOC,N/A
65101,EAGLE ST. & McCAFFREY RD. _NEWMARKET_,Ethylbenzene,2009-12-03T00:00,0.075,µg/m³,VOC,N/A
65101,EAGLE ST. & McCAFFREY RD. _NEWMARKET_,Ethylbenzene,2009-12-09T00:00,0.147,µg/m³,VOC,N/A
65101,EAGLE ST. & McCAFFREY RD. _NEWMARKET_,Ethylbenzene,2009-12-15T00:00,0.101,µg/m³,VOC,N/A
65101,EAGLE ST. & McCAFFREY RD. _NEWMARKET_,Ethylbenzene,2009-12-21T00:00,0.068,µg/m³,VOC,N/A
