﻿NAPS_Site_ID,Station_Name,Pollutant,Date,Value,Units,Report_Type,Method
70119,ELLEN,EDB,1998-01-05T00:00,0.000,µg/m³,VOC,GC-MS
70119,ELLEN,EDB,1998-01-11T00:00,0.000,µg/m³,VOC,GC-MS
70119,ELLEN,EDB,1998-01-17T00:00,0.000,µg/m³,VOC,GC-MS
70119,ELLEN,EDB,1998-01-23T00:00,0.000,µg/m³,VOC,GC-MS
70119,ELLEN,EDB,1998-01-29T00:00,0.000,µg/m³,VOC,GC-MS
70119,ELLEN,EDB,1998-02-04T00:00,0.000,µg/m³,VOC,GC-MS
70119,ELLEN,EDB,1998-02-10T00:00,0.000,µg/m³,VOC,GC-MS
70119,ELLEN,EDB,1998-02-16T00:00,0.000,µg/m³,VOC,GC-MS
70119,ELLEN,EDB,1998-02-22T00:00,0.000,µg/m³,VOC,GC-MS
70119,ELLEN,EDB,1998-02-28T00:00,0.000,µg/m³,VOC,GC-MS
70119,ELLEN,EDB,1998-03-06T00:00,0.000,µg/m³,VOC,GC-MS
70119,ELLEN,EDB,1998-03-12T00:00,0.000,µg/m³,VOC,GC-MS
70119,ELLEN,EDB,1998-03-18T00:00,0.000,µg/m³,VOC,GC-MS
70119,ELLEN,EDB,1998-03-24T00:00,0.000,µg/m³,VOC,GC-MS
70119,ELLEN,EDB,1998-03-30T00:00,0.000,µg/m³,VOC,GC-MS
70119,ELLEN,EDB,1998-04-05T00:00,0.000,µg/m³,VOC,GC-MS
70119,ELLEN,EDB,1998-04-11T00:00,0.000,µg/m³,VOC,GC-MS
70119,ELLEN,EDB,1998-04-17T00:00,0.000,µg/m³,VOC,GC-MS
70119,ELLEN,EDB,1998-04-29T00:00,0.000,µg/m³,VOC,GC-MS
70119,ELLEN,EDB,1998-05-05T00:00,0.000,µg/m³,VOC,GC-MS
70119,ELLEN,EDB,1998-05-11T00:00,0.000,µg/m³,VOC,GC-MS
70119,ELLEN,EDB,1998-05-17T00:00,0.000,µg/m³,VOC,GC-MS
70119,ELLEN,EDB,1998-05-23T00:00,0.000,µg/m³,VOC,GC-MS
70119,ELLEN,EDB,1998-05-29T00:00,0.000,µg/m³,VOC,GC-MS
70119,ELLEN,EDB,1998-06-04T00:00,0.000,µg/m³,VOC,GC-MS
70119,ELLEN,EDB,1998-06-10T00:00,0.000,µg/m³,VOC,GC-MS
70119,ELLEN,EDB,1998-06-16T00:00,0.016,µg/m³,VOC,GC-MS
70119,ELLEN,EDB,1998-06-22T00:00,0.000,µg/m³,VOC,GC-MS
70119,ELLEN,EDB,1998-06-28T00:00,0.012,µg/m³,VOC,GC-MS
70119,ELLEN,EDB,1998-07-04T00:00,0.023,µg/m³,VOC,GC-MS
70119,ELLEN,EDB,1998-07-16T00:00,0.034,µg/m³,VOC,GC-MS
70119,ELLEN,EDB,1998-07-22T00:00,0.020,µg/m³,VOC,GC-MS
70119,ELLEN,EDB,1998-07-28T00:00,0.025,µg/m³,VOC,GC-MS
70119,ELLEN,EDB,1998-08-03T00:00,0.000,µg/m³,VOC,GC-MS
70119,ELLEN,EDB,1998-08-09T00:00,0.000,µg/m³,VOC,GC-MS
70119,ELLEN,EDB,1998-08-21T00:00,0.000,µg/m³,VOC,GC-MS
70119,ELLEN,EDB,1998-08-27T00:00,0.000,µg/m³,VOC,GC-MS
70119,ELLEN,EDB,1998-09-02T00:00,0.000,µg/m³,VOC,GC-MS
70119,ELLEN,EDB,1998-09-08T00:00,0.000,µg/m³,VOC,GC-MS
70119,ELLEN,EDB,1998-09-14T00:00,0.000,µg/m³,VOC,GC-MS
70119,ELLEN,EDB,1998-09-20T00:00,0.000,µg/m³,VOC,GC-MS
70119,ELLEN,EDB,1998-09-26T00:00,0.000,µg/m³,VOC,GC-MS
70119,ELLEN,EDB,1998-10-02T00:00,0.000,µg/m³,VOC,GC-MS
70119,ELLEN,EDB,1998-10-08T00:00,0.000,µg/m³,VOC,GC-MS
70119,ELLEN,EDB,1998-10-14T00:00,0.000,µg/m³,VOC,GC-MS
70119,ELLEN,EDB,1998-10-20T00:00,0.000,µg/m³,VOC,GC-MS
70119,ELLEN,EDB,1998-10-26T00:00,0.000,µg/m³,VOC,GC-MS
70119,ELLEN,EDB,1998-11-01T00:00,0.000,µg/m³,VOC,GC-MS
70119,ELLEN,EDB,1998-11-07T00:00,0.000,µg/m³,VOC,GC-MS
70119,ELLEN,EDB,1998-11-13T00:00,0.000,µg/m³,VOC,GC-MS
70119,ELLEN,EDB,1998-11-19T00:00,0.000,µg/m³,VOC,GC-MS
70119,ELLEN,EDB,1998-11-25T00:00,0.000,µg/m³,VOC,GC-MS
70119,ELLEN,EDB,1998-12-01T00:00,0.000,µg/m³,VOC,GC-MS
70119,ELLEN,EDB,1998-12-07T00:00,0.000,µg/m³,VOC,GC-MS
70119,ELLEN,EDB,1998-12-13T00:00,0.000,µg/m³,VOC,GC-MS
70119,ELLEN,EDB,1998-12-19T00:00,0.000,µg/m³,VOC,GC-MS
70119,ELLEN,EDB,1998-12-25T00:00,0.000,µg/m³,VOC,GC-MS
70119,ELLEN,EDB,1998-12-31T00:00,0.000,µg/m³,VOC,GC-MS
