﻿NAPS_Site_ID,Station_Name,Pollutant,Date,Value,Units,Report_Type,Method
60428,BRAMPTON _BRAMPTON_,3-Methylpentane,2012-01-28T00:00,0.271,µg/m³,VOC,
60428,BRAMPTON _BRAMPTON_,3-Methylpentane,2012-02-03T00:00,0.315,µg/m³,VOC,
60428,BRAMPTON _BRAMPTON_,3-Methylpentane,2012-02-09T00:00,0.308,µg/m³,VOC,
60428,BRAMPTON _BRAMPTON_,3-Methylpentane,2012-02-15T00:00,0.505,µg/m³,VOC,
60428,BRAMPTON _BRAMPTON_,3-Methylpentane,2012-02-21T00:00,0.530,µg/m³,VOC,
60428,BRAMPTON _BRAMPTON_,3-Methylpentane,2012-02-27T00:00,0.221,µg/m³,VOC,
60428,BRAMPTON _BRAMPTON_,3-Methylpentane,2012-03-04T00:00,0.113,µg/m³,VOC,
60428,BRAMPTON _BRAMPTON_,3-Methylpentane,2012-03-10T00:00,0.154,µg/m³,VOC,
60428,BRAMPTON _BRAMPTON_,3-Methylpentane,2012-03-16T00:00,0.699,µg/m³,VOC,
60428,BRAMPTON _BRAMPTON_,3-Methylpentane,2012-03-22T00:00,1.918,µg/m³,VOC,
60428,BRAMPTON _BRAMPTON_,3-Methylpentane,2012-03-28T00:00,0.243,µg/m³,VOC,
60428,BRAMPTON _BRAMPTON_,3-Methylpentane,2012-04-03T00:00,0.584,µg/m³,VOC,
60428,BRAMPTON _BRAMPTON_,3-Methylpentane,2012-04-09T00:00,0.071,µg/m³,VOC,
60428,BRAMPTON _BRAMPTON_,3-Methylpentane,2012-04-15T00:00,0.374,µg/m³,VOC,
60428,BRAMPTON _BRAMPTON_,3-Methylpentane,2012-04-21T00:00,0.078,µg/m³,VOC,
60428,BRAMPTON _BRAMPTON_,3-Methylpentane,2012-04-27T00:00,0.197,µg/m³,VOC,
60428,BRAMPTON _BRAMPTON_,3-Methylpentane,2012-05-03T00:00,0.800,µg/m³,VOC,
60428,BRAMPTON _BRAMPTON_,3-Methylpentane,2012-05-09T00:00,0.103,µg/m³,VOC,
60428,BRAMPTON _BRAMPTON_,3-Methylpentane,2012-05-15T00:00,0.467,µg/m³,VOC,
60428,BRAMPTON _BRAMPTON_,3-Methylpentane,2012-05-21T00:00,0.461,µg/m³,VOC,
60428,BRAMPTON _BRAMPTON_,3-Methylpentane,2012-05-27T00:00,0.312,µg/m³,VOC,
60428,BRAMPTON _BRAMPTON_,3-Methylpentane,2012-06-02T00:00,0.127,µg/m³,VOC,
60428,BRAMPTON _BRAMPTON_,3-Methylpentane,2012-06-08T00:00,0.121,µg/m³,VOC,
60428,BRAMPTON _BRAMPTON_,3-Methylpentane,2012-06-14T00:00,0.252,µg/m³,VOC,
60428,BRAMPTON _BRAMPTON_,3-Methylpentane,2012-06-20T00:00,0.213,µg/m³,VOC,
60428,BRAMPTON _BRAMPTON_,3-Methylpentane,2012-06-26T00:00,0.096,µg/m³,VOC,
60428,BRAMPTON _BRAMPTON_,3-Methylpentane,2012-07-02T00:00,0.165,µg/m³,VOC,
60428,BRAMPTON _BRAMPTON_,3-Methylpentane,2012-07-08T00:00,0.121,µg/m³,VOC,
60428,BRAMPTON _BRAMPTON_,3-Methylpentane,2012-07-14T00:00,0.241,µg/m³,VOC,
60428,BRAMPTON _BRAMPTON_,3-Methylpentane,2012-07-20T00:00,0.509,µg/m³,VOC,
60428,BRAMPTON _BRAMPTON_,3-Methylpentane,2012-07-26T00:00,0.258,µg/m³,VOC,
60428,BRAMPTON _BRAMPTON_,3-Methylpentane,2012-08-01T00:00,0.172,µg/m³,VOC,
60428,BRAMPTON _BRAMPTON_,3-Methylpentane,2012-08-07T00:00,0.313,µg/m³,VOC,
60428,BRAMPTON _BRAMPTON_,3-Methylpentane,2012-08-13T00:00,0.282,µg/m³,VOC,
60428,BRAMPTON _BRAMPTON_,3-Methylpentane,2012-08-25T00:00,1.206,µg/m³,VOC,
60428,BRAMPTON _BRAMPTON_,3-Methylpentane,2012-08-31T00:00,0.274,µg/m³,VOC,
60428,BRAMPTON _BRAMPTON_,3-Methylpentane,2012-09-06T00:00,0.677,µg/m³,VOC,
60428,BRAMPTON _BRAMPTON_,3-Methylpentane,2012-09-12T00:00,0.659,µg/m³,VOC,
60428,BRAMPTON _BRAMPTON_,3-Methylpentane,2012-09-18T00:00,0.314,µg/m³,VOC,
60428,BRAMPTON _BRAMPTON_,3-Methylpentane,2012-09-24T00:00,0.569,µg/m³,VOC,
60428,BRAMPTON _BRAMPTON_,3-Methylpentane,2012-09-30T00:00,0.354,µg/m³,VOC,
60428,BRAMPTON _BRAMPTON_,3-Methylpentane,2012-10-06T00:00,0.478,µg/m³,VOC,
60428,BRAMPTON _BRAMPTON_,3-Methylpentane,2012-10-12T00:00,0.378,µg/m³,VOC,
60428,BRAMPTON _BRAMPTON_,3-Methylpentane,2012-10-18T00:00,0.492,µg/m³,VOC,
60428,BRAMPTON _BRAMPTON_,3-Methylpentane,2012-10-24T00:00,0.373,µg/m³,VOC,
60428,BRAMPTON _BRAMPTON_,3-Methylpentane,2012-10-30T00:00,0.185,µg/m³,VOC,
60428,BRAMPTON _BRAMPTON_,3-Methylpentane,2012-11-05T00:00,0.122,µg/m³,VOC,
60428,BRAMPTON _BRAMPTON_,3-Methylpentane,2012-11-11T00:00,0.705,µg/m³,VOC,
60428,BRAMPTON _BRAMPTON_,3-Methylpentane,2012-11-17T00:00,1.918,µg/m³,VOC,
60428,BRAMPTON _BRAMPTON_,3-Methylpentane,2012-11-23T00:00,0.172,µg/m³,VOC,
60428,BRAMPTON _BRAMPTON_,3-Methylpentane,2012-11-29T00:00,0.261,µg/m³,VOC,
60428,BRAMPTON _BRAMPTON_,3-Methylpentane,2012-12-05T00:00,0.137,µg/m³,VOC,
60428,BRAMPTON _BRAMPTON_,3-Methylpentane,2012-12-11T00:00,0.296,µg/m³,VOC,
60428,BRAMPTON _BRAMPTON_,3-Methylpentane,2012-12-17T00:00,0.671,µg/m³,VOC,
60428,BRAMPTON _BRAMPTON_,3-Methylpentane,2012-12-23T00:00,0.156,µg/m³,VOC,
60428,BRAMPTON _BRAMPTON_,3-Methylpentane,2012-12-29T00:00,0.197,µg/m³,VOC,
