﻿NAPS_Site_ID,Station_Name,Pollutant,Date,Value,Units,Report_Type,Method
30113,JOHNSTON BUILDING,"2,2,4-Trimethylpentane",2020-01-04T00:00,0.161,µg/m³,VOC,GC-MS
30113,JOHNSTON BUILDING,"2,2,4-Trimethylpentane",2020-01-10T00:00,0.072,µg/m³,VOC,GC-MS
30113,JOHNSTON BUILDING,"2,2,4-Trimethylpentane",2020-01-16T00:00,0.073,µg/m³,VOC,GC-MS
30113,JOHNSTON BUILDING,"2,2,4-Trimethylpentane",2020-01-22T00:00,0.178,µg/m³,VOC,GC-MS
30113,JOHNSTON BUILDING,"2,2,4-Trimethylpentane",2020-01-28T00:00,0.051,µg/m³,VOC,GC-MS
30113,JOHNSTON BUILDING,"2,2,4-Trimethylpentane",2020-02-03T00:00,0.058,µg/m³,VOC,GC-MS
30113,JOHNSTON BUILDING,"2,2,4-Trimethylpentane",2020-02-09T00:00,0.042,µg/m³,VOC,GC-MS
30113,JOHNSTON BUILDING,"2,2,4-Trimethylpentane",2020-02-15T00:00,0.058,µg/m³,VOC,GC-MS
30113,JOHNSTON BUILDING,"2,2,4-Trimethylpentane",2020-02-21T00:00,0.045,µg/m³,VOC,GC-MS
30113,JOHNSTON BUILDING,"2,2,4-Trimethylpentane",2020-02-27T00:00,0.080,µg/m³,VOC,GC-MS
30113,JOHNSTON BUILDING,"2,2,4-Trimethylpentane",2020-03-04T00:00,0.083,µg/m³,VOC,GC-MS
