﻿NAPS_Site_ID,Station_Name,Pollutant,Date,Value,Units,Report_Type,Method
30113,JOHNSTON BUILDING,Freon 22,2018-01-20T00:00,1.246,µg/m³,VOC,GC-MS
30113,JOHNSTON BUILDING,Freon 22,2018-01-26T00:00,0.844,µg/m³,VOC,GC-MS
30113,JOHNSTON BUILDING,Freon 22,2018-02-01T00:00,0.853,µg/m³,VOC,GC-MS
30113,JOHNSTON BUILDING,Freon 22,2018-02-13T00:00,0.933,µg/m³,VOC,GC-MS
30113,JOHNSTON BUILDING,Freon 22,2018-02-19T00:00,1.101,µg/m³,VOC,GC-MS
30113,JOHNSTON BUILDING,Freon 22,2018-02-25T00:00,0.993,µg/m³,VOC,GC-MS
30113,JOHNSTON BUILDING,Freon 22,2018-03-03T00:00,0.847,µg/m³,VOC,GC-MS
30113,JOHNSTON BUILDING,Freon 22,2018-03-09T00:00,101.118,µg/m³,VOC,GC-MS
30113,JOHNSTON BUILDING,Freon 22,2018-03-15T00:00,1.100,µg/m³,VOC,GC-MS
30113,JOHNSTON BUILDING,Freon 22,2018-03-21T00:00,1.457,µg/m³,VOC,GC-MS
30113,JOHNSTON BUILDING,Freon 22,2018-03-27T00:00,3.110,µg/m³,VOC,GC-MS
30113,JOHNSTON BUILDING,Freon 22,2018-04-02T00:00,1.012,µg/m³,VOC,GC-MS
30113,JOHNSTON BUILDING,Freon 22,2018-04-14T00:00,1.158,µg/m³,VOC,GC-MS
30113,JOHNSTON BUILDING,Freon 22,2018-04-20T00:00,0.937,µg/m³,VOC,GC-MS
30113,JOHNSTON BUILDING,Freon 22,2018-04-26T00:00,0.868,µg/m³,VOC,GC-MS
30113,JOHNSTON BUILDING,Freon 22,2018-05-08T00:00,0.904,µg/m³,VOC,GC-MS
30113,JOHNSTON BUILDING,Freon 22,2018-05-14T00:00,0.932,µg/m³,VOC,GC-MS
30113,JOHNSTON BUILDING,Freon 22,2018-05-20T00:00,0.896,µg/m³,VOC,GC-MS
30113,JOHNSTON BUILDING,Freon 22,2018-05-26T00:00,1.061,µg/m³,VOC,GC-MS
30113,JOHNSTON BUILDING,Freon 22,2018-06-01T00:00,1.111,µg/m³,VOC,GC-MS
30113,JOHNSTON BUILDING,Freon 22,2018-06-07T00:00,1.404,µg/m³,VOC,GC-MS
30113,JOHNSTON BUILDING,Freon 22,2018-06-13T00:00,1.205,µg/m³,VOC,GC-MS
30113,JOHNSTON BUILDING,Freon 22,2018-06-19T00:00,1.026,µg/m³,VOC,GC-MS
30113,JOHNSTON BUILDING,Freon 22,2018-06-25T00:00,0.910,µg/m³,VOC,GC-MS
30113,JOHNSTON BUILDING,Freon 22,2018-07-01T00:00,0.994,µg/m³,VOC,GC-MS
30113,JOHNSTON BUILDING,Freon 22,2018-07-07T00:00,0.963,µg/m³,VOC,GC-MS
30113,JOHNSTON BUILDING,Freon 22,2018-07-13T00:00,0.888,µg/m³,VOC,GC-MS
30113,JOHNSTON BUILDING,Freon 22,2018-07-25T00:00,1.012,µg/m³,VOC,GC-MS
30113,JOHNSTON BUILDING,Freon 22,2018-08-06T00:00,1.067,µg/m³,VOC,GC-MS
30113,JOHNSTON BUILDING,Freon 22,2018-08-12T00:00,1.057,µg/m³,VOC,GC-MS
30113,JOHNSTON BUILDING,Freon 22,2018-08-18T00:00,1.035,µg/m³,VOC,GC-MS
30113,JOHNSTON BUILDING,Freon 22,2018-09-11T00:00,0.951,µg/m³,VOC,GC-MS
30113,JOHNSTON BUILDING,Freon 22,2018-09-17T00:00,1.054,µg/m³,VOC,GC-MS
30113,JOHNSTON BUILDING,Freon 22,2018-10-17T00:00,0.897,µg/m³,VOC,GC-MS
30113,JOHNSTON BUILDING,Freon 22,2018-10-23T00:00,0.919,µg/m³,VOC,GC-MS
30113,JOHNSTON BUILDING,Freon 22,2018-10-29T00:00,1.031,µg/m³,VOC,GC-MS
30113,JOHNSTON BUILDING,Freon 22,2018-11-04T00:00,0.913,µg/m³,VOC,GC-MS
30113,JOHNSTON BUILDING,Freon 22,2018-11-10T00:00,0.863,µg/m³,VOC,GC-MS
30113,JOHNSTON BUILDING,Freon 22,2018-11-16T00:00,0.878,µg/m³,VOC,GC-MS
30113,JOHNSTON BUILDING,Freon 22,2018-11-22T00:00,0.915,µg/m³,VOC,GC-MS
30113,JOHNSTON BUILDING,Freon 22,2018-11-28T00:00,0.988,µg/m³,VOC,GC-MS
30113,JOHNSTON BUILDING,Freon 22,2018-12-04T00:00,0.908,µg/m³,VOC,GC-MS
30113,JOHNSTON BUILDING,Freon 22,2018-12-10T00:00,1.022,µg/m³,VOC,GC-MS
30113,JOHNSTON BUILDING,Freon 22,2018-12-16T00:00,0.933,µg/m³,VOC,GC-MS
30113,JOHNSTON BUILDING,Freon 22,2018-12-22T00:00,0.842,µg/m³,VOC,GC-MS
30113,JOHNSTON BUILDING,Freon 22,2018-12-28T00:00,1.146,µg/m³,VOC,GC-MS
