﻿NAPS_Site_ID,Station_Name,Pollutant,Date,Value,Units,Report_Type,Method
40203,FOREST HILLS,"2,2,3-Trimethylbutane",1994-01-14T00:00,0.000,µg/m³,VOC,N/A
40203,FOREST HILLS,"2,2,3-Trimethylbutane",1994-01-20T00:00,0.000,µg/m³,VOC,N/A
40203,FOREST HILLS,"2,2,3-Trimethylbutane",1994-01-26T00:00,0.000,µg/m³,VOC,N/A
40203,FOREST HILLS,"2,2,3-Trimethylbutane",1994-02-07T00:00,0.000,µg/m³,VOC,N/A
40203,FOREST HILLS,"2,2,3-Trimethylbutane",1994-02-13T00:00,0.000,µg/m³,VOC,N/A
40203,FOREST HILLS,"2,2,3-Trimethylbutane",1994-02-19T00:00,0.000,µg/m³,VOC,N/A
40203,FOREST HILLS,"2,2,3-Trimethylbutane",1994-02-25T00:00,0.000,µg/m³,VOC,N/A
40203,FOREST HILLS,"2,2,3-Trimethylbutane",1994-03-03T00:00,0.000,µg/m³,VOC,N/A
40203,FOREST HILLS,"2,2,3-Trimethylbutane",1994-03-09T00:00,0.000,µg/m³,VOC,N/A
40203,FOREST HILLS,"2,2,3-Trimethylbutane",1994-03-15T00:00,0.000,µg/m³,VOC,N/A
40203,FOREST HILLS,"2,2,3-Trimethylbutane",1994-03-21T00:00,0.000,µg/m³,VOC,N/A
40203,FOREST HILLS,"2,2,3-Trimethylbutane",1994-03-27T00:00,0.000,µg/m³,VOC,N/A
40203,FOREST HILLS,"2,2,3-Trimethylbutane",1994-04-02T00:00,0.000,µg/m³,VOC,N/A
40203,FOREST HILLS,"2,2,3-Trimethylbutane",1994-04-08T00:00,0.000,µg/m³,VOC,N/A
40203,FOREST HILLS,"2,2,3-Trimethylbutane",1994-04-14T00:00,0.069,µg/m³,VOC,N/A
40203,FOREST HILLS,"2,2,3-Trimethylbutane",1994-04-20T00:00,0.000,µg/m³,VOC,N/A
40203,FOREST HILLS,"2,2,3-Trimethylbutane",1994-04-26T00:00,0.000,µg/m³,VOC,N/A
40203,FOREST HILLS,"2,2,3-Trimethylbutane",1994-05-02T00:00,0.000,µg/m³,VOC,N/A
40203,FOREST HILLS,"2,2,3-Trimethylbutane",1994-05-08T00:00,0.000,µg/m³,VOC,N/A
40203,FOREST HILLS,"2,2,3-Trimethylbutane",1994-05-14T00:00,0.000,µg/m³,VOC,N/A
40203,FOREST HILLS,"2,2,3-Trimethylbutane",1994-05-20T00:00,0.000,µg/m³,VOC,N/A
40203,FOREST HILLS,"2,2,3-Trimethylbutane",1994-05-26T00:00,0.000,µg/m³,VOC,N/A
40203,FOREST HILLS,"2,2,3-Trimethylbutane",1994-06-01T00:00,0.000,µg/m³,VOC,N/A
40203,FOREST HILLS,"2,2,3-Trimethylbutane",1994-06-07T00:00,0.000,µg/m³,VOC,N/A
40203,FOREST HILLS,"2,2,3-Trimethylbutane",1994-06-13T00:00,0.056,µg/m³,VOC,N/A
40203,FOREST HILLS,"2,2,3-Trimethylbutane",1994-06-19T00:00,0.039,µg/m³,VOC,N/A
40203,FOREST HILLS,"2,2,3-Trimethylbutane",1994-06-25T00:00,0.018,µg/m³,VOC,N/A
40203,FOREST HILLS,"2,2,3-Trimethylbutane",1994-07-01T00:00,0.022,µg/m³,VOC,N/A
40203,FOREST HILLS,"2,2,3-Trimethylbutane",1994-07-07T00:00,0.000,µg/m³,VOC,N/A
40203,FOREST HILLS,"2,2,3-Trimethylbutane",1994-07-13T00:00,0.000,µg/m³,VOC,N/A
40203,FOREST HILLS,"2,2,3-Trimethylbutane",1994-07-19T00:00,0.000,µg/m³,VOC,N/A
40203,FOREST HILLS,"2,2,3-Trimethylbutane",1994-07-25T00:00,0.000,µg/m³,VOC,N/A
40203,FOREST HILLS,"2,2,3-Trimethylbutane",1994-07-31T00:00,0.024,µg/m³,VOC,N/A
40203,FOREST HILLS,"2,2,3-Trimethylbutane",1994-08-06T00:00,0.000,µg/m³,VOC,N/A
40203,FOREST HILLS,"2,2,3-Trimethylbutane",1994-08-12T00:00,0.023,µg/m³,VOC,N/A
40203,FOREST HILLS,"2,2,3-Trimethylbutane",1994-08-18T00:00,0.040,µg/m³,VOC,N/A
40203,FOREST HILLS,"2,2,3-Trimethylbutane",1994-08-24T00:00,0.054,µg/m³,VOC,N/A
40203,FOREST HILLS,"2,2,3-Trimethylbutane",1994-08-30T00:00,0.000,µg/m³,VOC,N/A
40203,FOREST HILLS,"2,2,3-Trimethylbutane",1994-09-05T00:00,0.000,µg/m³,VOC,N/A
40203,FOREST HILLS,"2,2,3-Trimethylbutane",1994-09-11T00:00,0.000,µg/m³,VOC,N/A
40203,FOREST HILLS,"2,2,3-Trimethylbutane",1994-09-17T00:00,0.028,µg/m³,VOC,N/A
40203,FOREST HILLS,"2,2,3-Trimethylbutane",1994-09-23T00:00,0.000,µg/m³,VOC,N/A
40203,FOREST HILLS,"2,2,3-Trimethylbutane",1994-09-29T00:00,0.000,µg/m³,VOC,N/A
40203,FOREST HILLS,"2,2,3-Trimethylbutane",1994-10-05T00:00,0.000,µg/m³,VOC,N/A
40203,FOREST HILLS,"2,2,3-Trimethylbutane",1994-10-11T00:00,0.000,µg/m³,VOC,N/A
40203,FOREST HILLS,"2,2,3-Trimethylbutane",1994-10-17T00:00,0.000,µg/m³,VOC,N/A
40203,FOREST HILLS,"2,2,3-Trimethylbutane",1994-10-23T00:00,0.000,µg/m³,VOC,N/A
40203,FOREST HILLS,"2,2,3-Trimethylbutane",1994-10-29T00:00,0.000,µg/m³,VOC,N/A
40203,FOREST HILLS,"2,2,3-Trimethylbutane",1994-11-04T00:00,0.000,µg/m³,VOC,N/A
40203,FOREST HILLS,"2,2,3-Trimethylbutane",1994-11-10T00:00,0.000,µg/m³,VOC,N/A
40203,FOREST HILLS,"2,2,3-Trimethylbutane",1994-11-16T00:00,0.000,µg/m³,VOC,N/A
40203,FOREST HILLS,"2,2,3-Trimethylbutane",1994-11-22T00:00,0.000,µg/m³,VOC,N/A
40203,FOREST HILLS,"2,2,3-Trimethylbutane",1994-11-28T00:00,0.000,µg/m³,VOC,N/A
40203,FOREST HILLS,"2,2,3-Trimethylbutane",1994-12-10T00:00,0.000,µg/m³,VOC,N/A
40203,FOREST HILLS,"2,2,3-Trimethylbutane",1994-12-16T00:00,0.000,µg/m³,VOC,N/A
40203,FOREST HILLS,"2,2,3-Trimethylbutane",1994-12-22T00:00,0.031,µg/m³,VOC,N/A
