﻿NAPS_Site_ID,Station_Name,Pollutant,Date,Value,Units,Report_Type,Method
50134,MONTRÉAL-MOLSON or MONTRÉAL-SAINT-JOSEPH,Fluoride,2017-01-01T00:00,0.002,µg/m³,PM2.5,IC
50134,MONTRÉAL-MOLSON or MONTRÉAL-SAINT-JOSEPH,Fluoride,2017-01-07T00:00,0.001,µg/m³,PM2.5,IC
50134,MONTRÉAL-MOLSON or MONTRÉAL-SAINT-JOSEPH,Fluoride,2017-01-13T00:00,0.000,µg/m³,PM2.5,IC
50134,MONTRÉAL-MOLSON or MONTRÉAL-SAINT-JOSEPH,Fluoride,2017-01-19T00:00,0.000,µg/m³,PM2.5,IC
50134,MONTRÉAL-MOLSON or MONTRÉAL-SAINT-JOSEPH,Fluoride,2017-01-25T00:00,0.000,µg/m³,PM2.5,IC
50134,MONTRÉAL-MOLSON or MONTRÉAL-SAINT-JOSEPH,Fluoride,2017-01-31T00:00,0.001,µg/m³,PM2.5,IC
50134,MONTRÉAL-MOLSON or MONTRÉAL-SAINT-JOSEPH,Fluoride,2017-02-06T00:00,0.001,µg/m³,PM2.5,IC
50134,MONTRÉAL-MOLSON or MONTRÉAL-SAINT-JOSEPH,Fluoride,2017-02-12T00:00,0.006,µg/m³,PM2.5,IC
50134,MONTRÉAL-MOLSON or MONTRÉAL-SAINT-JOSEPH,Fluoride,2017-02-18T00:00,0.001,µg/m³,PM2.5,IC
50134,MONTRÉAL-MOLSON or MONTRÉAL-SAINT-JOSEPH,Fluoride,2017-02-24T00:00,0.000,µg/m³,PM2.5,IC
50134,MONTRÉAL-MOLSON or MONTRÉAL-SAINT-JOSEPH,Fluoride,2017-03-02T00:00,0.000,µg/m³,PM2.5,IC
50134,MONTRÉAL-MOLSON or MONTRÉAL-SAINT-JOSEPH,Fluoride,2017-03-08T00:00,0.000,µg/m³,PM2.5,IC
50134,MONTRÉAL-MOLSON or MONTRÉAL-SAINT-JOSEPH,Fluoride,2017-03-14T00:00,0.004,µg/m³,PM2.5,IC
50134,MONTRÉAL-MOLSON or MONTRÉAL-SAINT-JOSEPH,Fluoride,2017-03-20T00:00,0.000,µg/m³,PM2.5,IC
50134,MONTRÉAL-MOLSON or MONTRÉAL-SAINT-JOSEPH,Fluoride,2017-03-26T00:00,0.012,µg/m³,PM2.5,IC
50134,MONTRÉAL-MOLSON or MONTRÉAL-SAINT-JOSEPH,Fluoride,2017-04-01T00:00,0.000,µg/m³,PM2.5,IC
50134,MONTRÉAL-MOLSON or MONTRÉAL-SAINT-JOSEPH,Fluoride,2017-04-07T00:00,0.000,µg/m³,PM2.5,IC
50134,MONTRÉAL-MOLSON or MONTRÉAL-SAINT-JOSEPH,Fluoride,2017-04-13T00:00,0.000,µg/m³,PM2.5,IC
50134,MONTRÉAL-MOLSON or MONTRÉAL-SAINT-JOSEPH,Fluoride,2017-04-19T00:00,0.000,µg/m³,PM2.5,IC
50134,MONTRÉAL-MOLSON or MONTRÉAL-SAINT-JOSEPH,Fluoride,2017-04-25T00:00,0.004,µg/m³,PM2.5,IC
50134,MONTRÉAL-MOLSON or MONTRÉAL-SAINT-JOSEPH,Fluoride,2017-05-01T00:00,0.000,µg/m³,PM2.5,IC
50134,MONTRÉAL-MOLSON or MONTRÉAL-SAINT-JOSEPH,Fluoride,2017-05-07T00:00,0.001,µg/m³,PM2.5,IC
50134,MONTRÉAL-MOLSON or MONTRÉAL-SAINT-JOSEPH,Fluoride,2017-05-13T00:00,0.001,µg/m³,PM2.5,IC
50134,MONTRÉAL-MOLSON or MONTRÉAL-SAINT-JOSEPH,Fluoride,2017-05-19T00:00,0.000,µg/m³,PM2.5,IC
50134,MONTRÉAL-MOLSON or MONTRÉAL-SAINT-JOSEPH,Fluoride,2017-06-06T00:00,0.002,µg/m³,PM2.5,IC
50134,MONTRÉAL-MOLSON or MONTRÉAL-SAINT-JOSEPH,Fluoride,2017-06-12T00:00,0.004,µg/m³,PM2.5,IC
50134,MONTRÉAL-MOLSON or MONTRÉAL-SAINT-JOSEPH,Fluoride,2017-06-18T00:00,0.001,µg/m³,PM2.5,IC
50134,MONTRÉAL-MOLSON or MONTRÉAL-SAINT-JOSEPH,Fluoride,2017-06-24T00:00,0.001,µg/m³,PM2.5,IC
50134,MONTRÉAL-MOLSON or MONTRÉAL-SAINT-JOSEPH,Fluoride,2017-06-30T00:00,0.001,µg/m³,PM2.5,IC
50134,MONTRÉAL-MOLSON or MONTRÉAL-SAINT-JOSEPH,Fluoride,2017-07-06T00:00,0.001,µg/m³,PM2.5,IC
50134,MONTRÉAL-MOLSON or MONTRÉAL-SAINT-JOSEPH,Fluoride,2017-07-12T00:00,0.002,µg/m³,PM2.5,IC
50134,MONTRÉAL-MOLSON or MONTRÉAL-SAINT-JOSEPH,Fluoride,2017-07-18T00:00,0.000,µg/m³,PM2.5,IC
50134,MONTRÉAL-MOLSON or MONTRÉAL-SAINT-JOSEPH,Fluoride,2017-07-24T00:00,0.002,µg/m³,PM2.5,IC
50134,MONTRÉAL-MOLSON or MONTRÉAL-SAINT-JOSEPH,Fluoride,2017-07-30T00:00,0.003,µg/m³,PM2.5,IC
50134,MONTRÉAL-MOLSON or MONTRÉAL-SAINT-JOSEPH,Fluoride,2017-08-05T00:00,0.000,µg/m³,PM2.5,IC
50134,MONTRÉAL-MOLSON or MONTRÉAL-SAINT-JOSEPH,Fluoride,2017-08-11T00:00,0.000,µg/m³,PM2.5,IC
50134,MONTRÉAL-MOLSON or MONTRÉAL-SAINT-JOSEPH,Fluoride,2017-08-17T00:00,0.001,µg/m³,PM2.5,IC
50134,MONTRÉAL-MOLSON or MONTRÉAL-SAINT-JOSEPH,Fluoride,2017-08-23T00:00,0.000,µg/m³,PM2.5,IC
50134,MONTRÉAL-MOLSON or MONTRÉAL-SAINT-JOSEPH,Fluoride,2017-08-29T00:00,0.000,µg/m³,PM2.5,IC
50134,MONTRÉAL-MOLSON or MONTRÉAL-SAINT-JOSEPH,Fluoride,2017-09-04T00:00,0.001,µg/m³,PM2.5,IC
50134,MONTRÉAL-MOLSON or MONTRÉAL-SAINT-JOSEPH,Fluoride,2017-09-10T00:00,0.001,µg/m³,PM2.5,IC
50134,MONTRÉAL-MOLSON or MONTRÉAL-SAINT-JOSEPH,Fluoride,2017-09-16T00:00,0.005,µg/m³,PM2.5,IC
50134,MONTRÉAL-MOLSON or MONTRÉAL-SAINT-JOSEPH,Fluoride,2017-09-22T00:00,0.013,µg/m³,PM2.5,IC
50134,MONTRÉAL-MOLSON or MONTRÉAL-SAINT-JOSEPH,Fluoride,2017-09-28T00:00,0.001,µg/m³,PM2.5,IC
50134,MONTRÉAL-MOLSON or MONTRÉAL-SAINT-JOSEPH,Fluoride,2017-10-04T00:00,0.003,µg/m³,PM2.5,IC
50134,MONTRÉAL-MOLSON or MONTRÉAL-SAINT-JOSEPH,Fluoride,2017-10-10T00:00,0.001,µg/m³,PM2.5,IC
50134,MONTRÉAL-MOLSON or MONTRÉAL-SAINT-JOSEPH,Fluoride,2017-10-16T00:00,0.001,µg/m³,PM2.5,IC
50134,MONTRÉAL-MOLSON or MONTRÉAL-SAINT-JOSEPH,Fluoride,2017-10-22T00:00,0.024,µg/m³,PM2.5,IC
50134,MONTRÉAL-MOLSON or MONTRÉAL-SAINT-JOSEPH,Fluoride,2017-10-28T00:00,0.001,µg/m³,PM2.5,IC
50134,MONTRÉAL-MOLSON or MONTRÉAL-SAINT-JOSEPH,Fluoride,2017-11-03T00:00,0.000,µg/m³,PM2.5,IC
50134,MONTRÉAL-MOLSON or MONTRÉAL-SAINT-JOSEPH,Fluoride,2017-11-09T00:00,0.001,µg/m³,PM2.5,IC
50134,MONTRÉAL-MOLSON or MONTRÉAL-SAINT-JOSEPH,Fluoride,2017-11-15T00:00,0.013,µg/m³,PM2.5,IC
50134,MONTRÉAL-MOLSON or MONTRÉAL-SAINT-JOSEPH,Fluoride,2017-11-21T00:00,0.002,µg/m³,PM2.5,IC
50134,MONTRÉAL-MOLSON or MONTRÉAL-SAINT-JOSEPH,Fluoride,2017-11-27T00:00,0.001,µg/m³,PM2.5,IC
50134,MONTRÉAL-MOLSON or MONTRÉAL-SAINT-JOSEPH,Fluoride,2017-12-03T00:00,0.021,µg/m³,PM2.5,IC
50134,MONTRÉAL-MOLSON or MONTRÉAL-SAINT-JOSEPH,Fluoride,2017-12-09T00:00,0.002,µg/m³,PM2.5,IC
50134,MONTRÉAL-MOLSON or MONTRÉAL-SAINT-JOSEPH,Fluoride,2017-12-15T00:00,0.001,µg/m³,PM2.5,IC
50134,MONTRÉAL-MOLSON or MONTRÉAL-SAINT-JOSEPH,Fluoride,2017-12-21T00:00,0.002,µg/m³,PM2.5,IC
50134,MONTRÉAL-MOLSON or MONTRÉAL-SAINT-JOSEPH,Fluoride,2017-12-27T00:00,0.001,µg/m³,PM2.5,IC
