﻿NAPS_Site_ID,Station_Name,Pollutant,Date,Value,Units,Report_Type,Method
60610,SUDBURY,Fluoride,2020-01-04T00:00,0.001,µg/m³,PM2.5,IC
60610,SUDBURY,Fluoride,2020-01-10T00:00,0.002,µg/m³,PM2.5,IC
60610,SUDBURY,Fluoride,2020-01-16T00:00,0.001,µg/m³,PM2.5,IC
60610,SUDBURY,Fluoride,2020-01-22T00:00,0.001,µg/m³,PM2.5,IC
60610,SUDBURY,Fluoride,2020-01-28T00:00,0.001,µg/m³,PM2.5,IC
60610,SUDBURY,Fluoride,2020-02-03T00:00,0.001,µg/m³,PM2.5,IC
60610,SUDBURY,Fluoride,2020-02-09T00:00,0.001,µg/m³,PM2.5,IC
60610,SUDBURY,Fluoride,2020-02-15T00:00,0.001,µg/m³,PM2.5,IC
60610,SUDBURY,Fluoride,2020-02-21T00:00,0.001,µg/m³,PM2.5,IC
60610,SUDBURY,Fluoride,2020-02-27T00:00,0.001,µg/m³,PM2.5,IC
60610,SUDBURY,Fluoride,2020-03-04T00:00,0.001,µg/m³,PM2.5,IC
60610,SUDBURY,Fluoride,2020-03-10T00:00,0.001,µg/m³,PM2.5,IC
60610,SUDBURY,Fluoride,2020-03-16T00:00,0.001,µg/m³,PM2.5,IC
60610,SUDBURY,Fluoride,2020-03-22T00:00,0.001,µg/m³,PM2.5,IC
60610,SUDBURY,Fluoride,2020-03-28T00:00,0.001,µg/m³,PM2.5,IC
60610,SUDBURY,Fluoride,2020-04-03T00:00,0.001,µg/m³,PM2.5,IC
60610,SUDBURY,Fluoride,2020-04-09T00:00,0.001,µg/m³,PM2.5,IC
60610,SUDBURY,Fluoride,2020-04-15T00:00,0.001,µg/m³,PM2.5,IC
60610,SUDBURY,Fluoride,2020-04-21T00:00,0.001,µg/m³,PM2.5,IC
60610,SUDBURY,Fluoride,2020-04-27T00:00,0.001,µg/m³,PM2.5,IC
60610,SUDBURY,Fluoride,2020-05-03T00:00,0.001,µg/m³,PM2.5,IC
60610,SUDBURY,Fluoride,2020-05-09T00:00,0.001,µg/m³,PM2.5,IC
60610,SUDBURY,Fluoride,2020-05-15T00:00,0.001,µg/m³,PM2.5,IC
60610,SUDBURY,Fluoride,2020-05-21T00:00,0.001,µg/m³,PM2.5,IC
60610,SUDBURY,Fluoride,2020-05-27T00:00,0.000,µg/m³,PM2.5,IC
60610,SUDBURY,Fluoride,2020-06-02T00:00,0.001,µg/m³,PM2.5,IC
60610,SUDBURY,Fluoride,2020-06-08T00:00,0.001,µg/m³,PM2.5,IC
60610,SUDBURY,Fluoride,2020-06-14T00:00,0.002,µg/m³,PM2.5,IC
60610,SUDBURY,Fluoride,2020-09-12T00:00,0.001,µg/m³,PM2.5,IC
60610,SUDBURY,Fluoride,2020-09-18T00:00,0.004,µg/m³,PM2.5,IC
60610,SUDBURY,Fluoride,2020-09-24T00:00,0.000,µg/m³,PM2.5,IC
60610,SUDBURY,Fluoride,2020-09-30T00:00,0.000,µg/m³,PM2.5,IC
60610,SUDBURY,Fluoride,2020-10-06T00:00,0.000,µg/m³,PM2.5,IC
60610,SUDBURY,Fluoride,2020-10-12T00:00,0.000,µg/m³,PM2.5,IC
60610,SUDBURY,Fluoride,2020-10-18T00:00,0.000,µg/m³,PM2.5,IC
60610,SUDBURY,Fluoride,2020-10-24T00:00,0.001,µg/m³,PM2.5,IC
60610,SUDBURY,Fluoride,2020-10-30T00:00,0.001,µg/m³,PM2.5,IC
60610,SUDBURY,Fluoride,2020-11-11T00:00,0.000,µg/m³,PM2.5,IC
60610,SUDBURY,Fluoride,2020-11-17T00:00,0.000,µg/m³,PM2.5,IC
60610,SUDBURY,Fluoride,2020-11-23T00:00,0.000,µg/m³,PM2.5,IC
60610,SUDBURY,Fluoride,2020-11-29T00:00,0.001,µg/m³,PM2.5,IC
60610,SUDBURY,Fluoride,2020-12-05T00:00,0.000,µg/m³,PM2.5,IC
60610,SUDBURY,Fluoride,2020-12-11T00:00,0.000,µg/m³,PM2.5,IC
60610,SUDBURY,Fluoride,2020-12-17T00:00,0.001,µg/m³,PM2.5,IC
60610,SUDBURY,Fluoride,2020-12-23T00:00,0.000,µg/m³,PM2.5,IC
60610,SUDBURY,Fluoride,2020-12-29T00:00,0.001,µg/m³,PM2.5,IC
