﻿NAPS_Site_ID,Station_Name,Pollutant,Date,Value,Units,Report_Type,Method
100128,RICHMOND SOUTH,Butane,1990-05-05T00:00,10.236,µg/m³,VOC,N/A
100128,RICHMOND SOUTH,Butane,1990-06-04T00:00,2.052,µg/m³,VOC,N/A
100128,RICHMOND SOUTH,Butane,1990-06-28T00:00,5.967,µg/m³,VOC,N/A
100128,RICHMOND SOUTH,Butane,1990-07-16T00:00,1.507,µg/m³,VOC,N/A
100128,RICHMOND SOUTH,Butane,1990-08-15T00:00,4.677,µg/m³,VOC,N/A
100128,RICHMOND SOUTH,Butane,1990-09-20T00:00,10.639,µg/m³,VOC,N/A
100128,RICHMOND SOUTH,Butane,1990-10-14T00:00,7.063,µg/m³,VOC,N/A
100128,RICHMOND SOUTH,Butane,1990-11-13T00:00,3.139,µg/m³,VOC,N/A
100128,RICHMOND SOUTH,Butane,1990-12-13T00:00,9.267,µg/m³,VOC,N/A
