﻿NAPS_Site_ID,Station_Name,Pollutant,Date,Value,Units,Report_Type,Method
61004,CENTENNIAL PARK _SARNIA_,2-Ethyl-1-Butene,2002-01-02T00:00,0.050,µg/m³,VOC,GC-MS
61004,CENTENNIAL PARK _SARNIA_,2-Ethyl-1-Butene,2002-01-08T00:00,0.060,µg/m³,VOC,GC-MS
61004,CENTENNIAL PARK _SARNIA_,2-Ethyl-1-Butene,2002-01-14T00:00,0.060,µg/m³,VOC,GC-MS
61004,CENTENNIAL PARK _SARNIA_,2-Ethyl-1-Butene,2002-01-20T00:00,0.020,µg/m³,VOC,GC-MS
61004,CENTENNIAL PARK _SARNIA_,2-Ethyl-1-Butene,2002-01-26T00:00,0.130,µg/m³,VOC,GC-MS
61004,CENTENNIAL PARK _SARNIA_,2-Ethyl-1-Butene,2002-02-01T00:00,0.050,µg/m³,VOC,GC-MS
61004,CENTENNIAL PARK _SARNIA_,2-Ethyl-1-Butene,2002-02-07T00:00,0.030,µg/m³,VOC,GC-MS
61004,CENTENNIAL PARK _SARNIA_,2-Ethyl-1-Butene,2002-02-13T00:00,0.000,µg/m³,VOC,GC-MS
61004,CENTENNIAL PARK _SARNIA_,2-Ethyl-1-Butene,2002-02-19T00:00,0.130,µg/m³,VOC,GC-MS
61004,CENTENNIAL PARK _SARNIA_,2-Ethyl-1-Butene,2002-02-25T00:00,0.070,µg/m³,VOC,GC-MS
61004,CENTENNIAL PARK _SARNIA_,2-Ethyl-1-Butene,2002-03-03T00:00,0.040,µg/m³,VOC,GC-MS
61004,CENTENNIAL PARK _SARNIA_,2-Ethyl-1-Butene,2002-03-09T00:00,0.040,µg/m³,VOC,GC-MS
61004,CENTENNIAL PARK _SARNIA_,2-Ethyl-1-Butene,2002-05-26T00:00,0.027,µg/m³,VOC,GC-MS
61004,CENTENNIAL PARK _SARNIA_,2-Ethyl-1-Butene,2002-06-01T00:00,0.064,µg/m³,VOC,GC-MS
61004,CENTENNIAL PARK _SARNIA_,2-Ethyl-1-Butene,2002-06-07T00:00,0.096,µg/m³,VOC,GC-MS
61004,CENTENNIAL PARK _SARNIA_,2-Ethyl-1-Butene,2002-06-13T00:00,0.013,µg/m³,VOC,GC-MS
61004,CENTENNIAL PARK _SARNIA_,2-Ethyl-1-Butene,2002-06-19T00:00,0.044,µg/m³,VOC,GC-MS
61004,CENTENNIAL PARK _SARNIA_,2-Ethyl-1-Butene,2002-06-25T00:00,0.072,µg/m³,VOC,GC-MS
61004,CENTENNIAL PARK _SARNIA_,2-Ethyl-1-Butene,2002-07-01T00:00,0.103,µg/m³,VOC,GC-MS
61004,CENTENNIAL PARK _SARNIA_,2-Ethyl-1-Butene,2002-07-07T00:00,0.156,µg/m³,VOC,GC-MS
61004,CENTENNIAL PARK _SARNIA_,2-Ethyl-1-Butene,2002-07-13T00:00,0.363,µg/m³,VOC,GC-MS
61004,CENTENNIAL PARK _SARNIA_,2-Ethyl-1-Butene,2002-07-19T00:00,0.050,µg/m³,VOC,GC-MS
61004,CENTENNIAL PARK _SARNIA_,2-Ethyl-1-Butene,2002-07-25T00:00,0.031,µg/m³,VOC,GC-MS
61004,CENTENNIAL PARK _SARNIA_,2-Ethyl-1-Butene,2002-07-31T00:00,0.071,µg/m³,VOC,GC-MS
61004,CENTENNIAL PARK _SARNIA_,2-Ethyl-1-Butene,2002-08-06T00:00,0.019,µg/m³,VOC,GC-MS
61004,CENTENNIAL PARK _SARNIA_,2-Ethyl-1-Butene,2002-08-12T00:00,0.096,µg/m³,VOC,GC-MS
61004,CENTENNIAL PARK _SARNIA_,2-Ethyl-1-Butene,2002-08-18T00:00,0.046,µg/m³,VOC,GC-MS
61004,CENTENNIAL PARK _SARNIA_,2-Ethyl-1-Butene,2002-08-24T00:00,0.110,µg/m³,VOC,GC-MS
61004,CENTENNIAL PARK _SARNIA_,2-Ethyl-1-Butene,2002-09-11T00:00,0.027,µg/m³,VOC,GC-MS
61004,CENTENNIAL PARK _SARNIA_,2-Ethyl-1-Butene,2002-09-17T00:00,0.077,µg/m³,VOC,GC-MS
61004,CENTENNIAL PARK _SARNIA_,2-Ethyl-1-Butene,2002-09-23T00:00,0.060,µg/m³,VOC,GC-MS
61004,CENTENNIAL PARK _SARNIA_,2-Ethyl-1-Butene,2002-09-29T00:00,0.133,µg/m³,VOC,GC-MS
61004,CENTENNIAL PARK _SARNIA_,2-Ethyl-1-Butene,2002-10-05T00:00,0.030,µg/m³,VOC,GC-MS
61004,CENTENNIAL PARK _SARNIA_,2-Ethyl-1-Butene,2002-10-11T00:00,0.187,µg/m³,VOC,GC-MS
61004,CENTENNIAL PARK _SARNIA_,2-Ethyl-1-Butene,2002-10-17T00:00,0.036,µg/m³,VOC,GC-MS
61004,CENTENNIAL PARK _SARNIA_,2-Ethyl-1-Butene,2002-11-04T00:00,0.040,µg/m³,VOC,GC-MS
61004,CENTENNIAL PARK _SARNIA_,2-Ethyl-1-Butene,2002-11-10T00:00,0.120,µg/m³,VOC,GC-MS
61004,CENTENNIAL PARK _SARNIA_,2-Ethyl-1-Butene,2002-11-16T00:00,0.026,µg/m³,VOC,GC-MS
61004,CENTENNIAL PARK _SARNIA_,2-Ethyl-1-Butene,2002-11-22T00:00,0.011,µg/m³,VOC,GC-MS
61004,CENTENNIAL PARK _SARNIA_,2-Ethyl-1-Butene,2002-11-28T00:00,0.043,µg/m³,VOC,GC-MS
61004,CENTENNIAL PARK _SARNIA_,2-Ethyl-1-Butene,2002-12-04T00:00,0.054,µg/m³,VOC,GC-MS
61004,CENTENNIAL PARK _SARNIA_,2-Ethyl-1-Butene,2002-12-16T00:00,0.023,µg/m³,VOC,GC-MS
61004,CENTENNIAL PARK _SARNIA_,2-Ethyl-1-Butene,2002-12-22T00:00,0.018,µg/m³,VOC,GC-MS
61004,CENTENNIAL PARK _SARNIA_,2-Ethyl-1-Butene,2002-12-28T00:00,0.046,µg/m³,VOC,GC-MS
