﻿NAPS_Site_ID,Station_Name,Pollutant,Date,Value,Units,Report_Type,Method
100111,ROCKY POINT PARK,"1,1-Dichloroethane",1994-01-02T00:00,0.000,µg/m³,VOC,
100111,ROCKY POINT PARK,"1,1-Dichloroethane",1994-01-08T00:00,0.000,µg/m³,VOC,
100111,ROCKY POINT PARK,"1,1-Dichloroethane",1994-01-14T00:00,0.000,µg/m³,VOC,
100111,ROCKY POINT PARK,"1,1-Dichloroethane",1994-01-20T00:00,0.000,µg/m³,VOC,
100111,ROCKY POINT PARK,"1,1-Dichloroethane",1994-01-26T00:00,0.000,µg/m³,VOC,
100111,ROCKY POINT PARK,"1,1-Dichloroethane",1994-02-01T00:00,0.000,µg/m³,VOC,
100111,ROCKY POINT PARK,"1,1-Dichloroethane",1994-02-07T00:00,0.000,µg/m³,VOC,
100111,ROCKY POINT PARK,"1,1-Dichloroethane",1994-02-13T00:00,0.000,µg/m³,VOC,
100111,ROCKY POINT PARK,"1,1-Dichloroethane",1994-02-19T00:00,0.000,µg/m³,VOC,
100111,ROCKY POINT PARK,"1,1-Dichloroethane",1994-02-25T00:00,0.000,µg/m³,VOC,
100111,ROCKY POINT PARK,"1,1-Dichloroethane",1994-03-03T00:00,0.000,µg/m³,VOC,
100111,ROCKY POINT PARK,"1,1-Dichloroethane",1994-03-09T00:00,0.000,µg/m³,VOC,
100111,ROCKY POINT PARK,"1,1-Dichloroethane",1994-03-15T00:00,0.000,µg/m³,VOC,
100111,ROCKY POINT PARK,"1,1-Dichloroethane",1994-03-21T00:00,0.000,µg/m³,VOC,
100111,ROCKY POINT PARK,"1,1-Dichloroethane",1994-03-27T00:00,0.000,µg/m³,VOC,
100111,ROCKY POINT PARK,"1,1-Dichloroethane",1994-04-02T00:00,0.000,µg/m³,VOC,
100111,ROCKY POINT PARK,"1,1-Dichloroethane",1994-04-14T00:00,0.000,µg/m³,VOC,
100111,ROCKY POINT PARK,"1,1-Dichloroethane",1994-04-20T00:00,0.000,µg/m³,VOC,
100111,ROCKY POINT PARK,"1,1-Dichloroethane",1994-04-26T00:00,0.000,µg/m³,VOC,
100111,ROCKY POINT PARK,"1,1-Dichloroethane",1994-05-02T00:00,0.000,µg/m³,VOC,
100111,ROCKY POINT PARK,"1,1-Dichloroethane",1994-05-08T00:00,0.000,µg/m³,VOC,
100111,ROCKY POINT PARK,"1,1-Dichloroethane",1994-05-14T00:00,0.000,µg/m³,VOC,
100111,ROCKY POINT PARK,"1,1-Dichloroethane",1994-05-20T00:00,0.000,µg/m³,VOC,
100111,ROCKY POINT PARK,"1,1-Dichloroethane",1994-05-26T00:00,0.000,µg/m³,VOC,
100111,ROCKY POINT PARK,"1,1-Dichloroethane",1994-06-01T00:00,0.000,µg/m³,VOC,
100111,ROCKY POINT PARK,"1,1-Dichloroethane",1994-07-31T00:00,0.000,µg/m³,VOC,
100111,ROCKY POINT PARK,"1,1-Dichloroethane",1994-08-06T00:00,0.000,µg/m³,VOC,
100111,ROCKY POINT PARK,"1,1-Dichloroethane",1994-08-12T00:00,0.000,µg/m³,VOC,
100111,ROCKY POINT PARK,"1,1-Dichloroethane",1994-08-18T00:00,0.000,µg/m³,VOC,
100111,ROCKY POINT PARK,"1,1-Dichloroethane",1994-08-30T00:00,0.000,µg/m³,VOC,
100111,ROCKY POINT PARK,"1,1-Dichloroethane",1994-09-05T00:00,0.000,µg/m³,VOC,
100111,ROCKY POINT PARK,"1,1-Dichloroethane",1994-10-05T00:00,0.000,µg/m³,VOC,
100111,ROCKY POINT PARK,"1,1-Dichloroethane",1994-10-11T00:00,0.000,µg/m³,VOC,
100111,ROCKY POINT PARK,"1,1-Dichloroethane",1994-10-17T00:00,0.000,µg/m³,VOC,
100111,ROCKY POINT PARK,"1,1-Dichloroethane",1994-10-23T00:00,0.000,µg/m³,VOC,
100111,ROCKY POINT PARK,"1,1-Dichloroethane",1994-10-29T00:00,0.000,µg/m³,VOC,
100111,ROCKY POINT PARK,"1,1-Dichloroethane",1994-11-04T00:00,0.006,µg/m³,VOC,
100111,ROCKY POINT PARK,"1,1-Dichloroethane",1994-11-10T00:00,0.012,µg/m³,VOC,
100111,ROCKY POINT PARK,"1,1-Dichloroethane",1994-11-16T00:00,0.000,µg/m³,VOC,
100111,ROCKY POINT PARK,"1,1-Dichloroethane",1994-11-22T00:00,0.011,µg/m³,VOC,
100111,ROCKY POINT PARK,"1,1-Dichloroethane",1994-11-28T00:00,0.009,µg/m³,VOC,
100111,ROCKY POINT PARK,"1,1-Dichloroethane",1994-12-04T00:00,0.008,µg/m³,VOC,
100111,ROCKY POINT PARK,"1,1-Dichloroethane",1994-12-10T00:00,0.011,µg/m³,VOC,
100111,ROCKY POINT PARK,"1,1-Dichloroethane",1994-12-16T00:00,0.000,µg/m³,VOC,
100111,ROCKY POINT PARK,"1,1-Dichloroethane",1994-12-22T00:00,0.024,µg/m³,VOC,
