﻿NAPS_Site_ID,Station_Name,Pollutant,Date,Value,Units,Report_Type,Method
100111,ROCKY POINT PARK,Methylcyclohexane,1998-01-05T00:00,0.320,µg/m³,VOC,GC-MS
100111,ROCKY POINT PARK,Methylcyclohexane,1998-01-11T00:00,0.860,µg/m³,VOC,GC-MS
100111,ROCKY POINT PARK,Methylcyclohexane,1998-01-17T00:00,0.300,µg/m³,VOC,GC-MS
100111,ROCKY POINT PARK,Methylcyclohexane,1998-01-23T00:00,0.260,µg/m³,VOC,GC-MS
100111,ROCKY POINT PARK,Methylcyclohexane,1998-01-29T00:00,0.480,µg/m³,VOC,GC-MS
100111,ROCKY POINT PARK,Methylcyclohexane,1998-02-04T00:00,0.820,µg/m³,VOC,GC-MS
100111,ROCKY POINT PARK,Methylcyclohexane,1998-02-10T00:00,0.360,µg/m³,VOC,GC-MS
100111,ROCKY POINT PARK,Methylcyclohexane,1998-02-16T00:00,0.460,µg/m³,VOC,GC-MS
100111,ROCKY POINT PARK,Methylcyclohexane,1998-02-22T00:00,0.160,µg/m³,VOC,GC-MS
100111,ROCKY POINT PARK,Methylcyclohexane,1998-02-28T00:00,0.240,µg/m³,VOC,GC-MS
100111,ROCKY POINT PARK,Methylcyclohexane,1998-03-06T00:00,0.820,µg/m³,VOC,GC-MS
100111,ROCKY POINT PARK,Methylcyclohexane,1998-03-12T00:00,0.680,µg/m³,VOC,GC-MS
100111,ROCKY POINT PARK,Methylcyclohexane,1998-03-18T00:00,0.960,µg/m³,VOC,GC-MS
100111,ROCKY POINT PARK,Methylcyclohexane,1998-03-24T00:00,0.240,µg/m³,VOC,GC-MS
100111,ROCKY POINT PARK,Methylcyclohexane,1998-03-30T00:00,0.160,µg/m³,VOC,GC-MS
100111,ROCKY POINT PARK,Methylcyclohexane,1998-04-05T00:00,0.220,µg/m³,VOC,GC-MS
100111,ROCKY POINT PARK,Methylcyclohexane,1998-04-11T00:00,0.160,µg/m³,VOC,GC-MS
100111,ROCKY POINT PARK,Methylcyclohexane,1998-04-17T00:00,0.400,µg/m³,VOC,GC-MS
100111,ROCKY POINT PARK,Methylcyclohexane,1998-04-23T00:00,0.320,µg/m³,VOC,GC-MS
100111,ROCKY POINT PARK,Methylcyclohexane,1998-05-05T00:00,0.368,µg/m³,VOC,GC-MS
100111,ROCKY POINT PARK,Methylcyclohexane,1998-05-11T00:00,0.196,µg/m³,VOC,GC-MS
100111,ROCKY POINT PARK,Methylcyclohexane,1998-05-17T00:00,0.361,µg/m³,VOC,GC-MS
100111,ROCKY POINT PARK,Methylcyclohexane,1998-05-23T00:00,0.317,µg/m³,VOC,GC-MS
100111,ROCKY POINT PARK,Methylcyclohexane,1998-06-10T00:00,0.359,µg/m³,VOC,GC-MS
100111,ROCKY POINT PARK,Methylcyclohexane,1998-06-16T00:00,0.281,µg/m³,VOC,GC-MS
100111,ROCKY POINT PARK,Methylcyclohexane,1998-06-22T00:00,0.395,µg/m³,VOC,GC-MS
100111,ROCKY POINT PARK,Methylcyclohexane,1998-06-28T00:00,1.152,µg/m³,VOC,GC-MS
100111,ROCKY POINT PARK,Methylcyclohexane,1998-07-16T00:00,0.564,µg/m³,VOC,GC-MS
100111,ROCKY POINT PARK,Methylcyclohexane,1998-07-22T00:00,1.363,µg/m³,VOC,GC-MS
100111,ROCKY POINT PARK,Methylcyclohexane,1998-07-28T00:00,6.458,µg/m³,VOC,GC-MS
100111,ROCKY POINT PARK,Methylcyclohexane,1998-08-03T00:00,1.104,µg/m³,VOC,GC-MS
100111,ROCKY POINT PARK,Methylcyclohexane,1998-08-15T00:00,0.207,µg/m³,VOC,GC-MS
100111,ROCKY POINT PARK,Methylcyclohexane,1998-08-21T00:00,0.316,µg/m³,VOC,GC-MS
100111,ROCKY POINT PARK,Methylcyclohexane,1998-08-27T00:00,0.870,µg/m³,VOC,GC-MS
100111,ROCKY POINT PARK,Methylcyclohexane,1998-09-08T00:00,0.338,µg/m³,VOC,GC-MS
100111,ROCKY POINT PARK,Methylcyclohexane,1998-09-26T00:00,0.896,µg/m³,VOC,GC-MS
100111,ROCKY POINT PARK,Methylcyclohexane,1998-10-02T00:00,0.212,µg/m³,VOC,GC-MS
100111,ROCKY POINT PARK,Methylcyclohexane,1998-10-14T00:00,0.490,µg/m³,VOC,GC-MS
100111,ROCKY POINT PARK,Methylcyclohexane,1998-10-20T00:00,1.438,µg/m³,VOC,GC-MS
100111,ROCKY POINT PARK,Methylcyclohexane,1998-10-26T00:00,0.760,µg/m³,VOC,GC-MS
100111,ROCKY POINT PARK,Methylcyclohexane,1998-12-01T00:00,0.285,µg/m³,VOC,GC-MS
