﻿NAPS_Site_ID,Station_Name,Pollutant,Date,Value,Units,Report_Type,Method
54301,VILLEROY,Chloromethane,1998-01-05T00:00,1.000,µg/m³,VOC,N/A
54301,VILLEROY,Chloromethane,1998-01-11T00:00,0.980,µg/m³,VOC,N/A
54301,VILLEROY,Chloromethane,1998-01-17T00:00,0.960,µg/m³,VOC,N/A
54301,VILLEROY,Chloromethane,1998-01-23T00:00,1.000,µg/m³,VOC,N/A
54301,VILLEROY,Chloromethane,1998-02-04T00:00,0.960,µg/m³,VOC,N/A
54301,VILLEROY,Chloromethane,1998-02-10T00:00,1.020,µg/m³,VOC,N/A
54301,VILLEROY,Chloromethane,1998-02-16T00:00,1.020,µg/m³,VOC,N/A
54301,VILLEROY,Chloromethane,1998-02-28T00:00,1.060,µg/m³,VOC,N/A
54301,VILLEROY,Chloromethane,1998-04-05T00:00,1.100,µg/m³,VOC,N/A
54301,VILLEROY,Chloromethane,1998-04-11T00:00,1.080,µg/m³,VOC,N/A
54301,VILLEROY,Chloromethane,1998-04-17T00:00,1.160,µg/m³,VOC,N/A
54301,VILLEROY,Chloromethane,1998-04-23T00:00,1.120,µg/m³,VOC,N/A
54301,VILLEROY,Chloromethane,1998-04-29T00:00,1.060,µg/m³,VOC,N/A
54301,VILLEROY,Chloromethane,1998-05-05T00:00,1.120,µg/m³,VOC,N/A
54301,VILLEROY,Chloromethane,1998-06-13T00:00,1.141,µg/m³,VOC,N/A
54301,VILLEROY,Chloromethane,1998-06-16T00:00,1.166,µg/m³,VOC,N/A
54301,VILLEROY,Chloromethane,1998-06-19T00:00,1.207,µg/m³,VOC,N/A
54301,VILLEROY,Chloromethane,1998-06-22T00:00,1.082,µg/m³,VOC,N/A
54301,VILLEROY,Chloromethane,1998-06-25T00:00,1.117,µg/m³,VOC,N/A
54301,VILLEROY,Chloromethane,1998-06-28T00:00,0.928,µg/m³,VOC,N/A
54301,VILLEROY,Chloromethane,1998-07-01T00:00,0.901,µg/m³,VOC,N/A
54301,VILLEROY,Chloromethane,1998-07-04T00:00,0.939,µg/m³,VOC,N/A
54301,VILLEROY,Chloromethane,1998-07-07T00:00,0.858,µg/m³,VOC,N/A
54301,VILLEROY,Chloromethane,1998-07-10T00:00,1.097,µg/m³,VOC,N/A
54301,VILLEROY,Chloromethane,1998-07-22T00:00,1.069,µg/m³,VOC,N/A
54301,VILLEROY,Chloromethane,1998-07-25T00:00,0.927,µg/m³,VOC,N/A
54301,VILLEROY,Chloromethane,1998-07-28T00:00,0.882,µg/m³,VOC,N/A
54301,VILLEROY,Chloromethane,1998-07-31T00:00,0.871,µg/m³,VOC,N/A
54301,VILLEROY,Chloromethane,1998-08-03T00:00,0.869,µg/m³,VOC,N/A
54301,VILLEROY,Chloromethane,1998-08-06T00:00,1.096,µg/m³,VOC,N/A
54301,VILLEROY,Chloromethane,1998-08-09T00:00,1.068,µg/m³,VOC,N/A
54301,VILLEROY,Chloromethane,1998-08-12T00:00,1.117,µg/m³,VOC,N/A
54301,VILLEROY,Chloromethane,1998-08-15T00:00,1.171,µg/m³,VOC,N/A
54301,VILLEROY,Chloromethane,1998-08-21T00:00,0.983,µg/m³,VOC,N/A
54301,VILLEROY,Chloromethane,1998-08-27T00:00,1.276,µg/m³,VOC,N/A
54301,VILLEROY,Chloromethane,1998-08-30T00:00,1.237,µg/m³,VOC,N/A
54301,VILLEROY,Chloromethane,1998-09-02T00:00,1.227,µg/m³,VOC,N/A
54301,VILLEROY,Chloromethane,1998-09-05T00:00,1.047,µg/m³,VOC,N/A
54301,VILLEROY,Chloromethane,1998-09-08T00:00,1.194,µg/m³,VOC,N/A
54301,VILLEROY,Chloromethane,1998-09-11T00:00,1.253,µg/m³,VOC,N/A
54301,VILLEROY,Chloromethane,1998-09-14T00:00,1.052,µg/m³,VOC,N/A
54301,VILLEROY,Chloromethane,1998-09-20T00:00,1.063,µg/m³,VOC,N/A
54301,VILLEROY,Chloromethane,1998-09-26T00:00,1.092,µg/m³,VOC,N/A
54301,VILLEROY,Chloromethane,1998-10-02T00:00,0.950,µg/m³,VOC,N/A
54301,VILLEROY,Chloromethane,1998-10-14T00:00,1.183,µg/m³,VOC,N/A
54301,VILLEROY,Chloromethane,1998-10-20T00:00,0.935,µg/m³,VOC,N/A
54301,VILLEROY,Chloromethane,1998-11-07T00:00,1.051,µg/m³,VOC,N/A
54301,VILLEROY,Chloromethane,1998-11-13T00:00,1.116,µg/m³,VOC,N/A
54301,VILLEROY,Chloromethane,1998-11-19T00:00,0.949,µg/m³,VOC,N/A
54301,VILLEROY,Chloromethane,1998-11-25T00:00,1.022,µg/m³,VOC,N/A
