﻿NAPS_Site_ID,Station_Name,Pollutant,Date,Value,Units,Report_Type,Method
40208,CHAMPLAIN HEIGHTS SCHOOL,B-Pinene,2023-01-06T00:00,0.054,µg/m³,VOC,GC-MS
40208,CHAMPLAIN HEIGHTS SCHOOL,B-Pinene,2023-01-12T00:00,0.004,µg/m³,VOC,GC-MS
40208,CHAMPLAIN HEIGHTS SCHOOL,B-Pinene,2023-01-18T00:00,0.078,µg/m³,VOC,GC-MS
40208,CHAMPLAIN HEIGHTS SCHOOL,B-Pinene,2023-01-30T00:00,0.072,µg/m³,VOC,GC-MS
40208,CHAMPLAIN HEIGHTS SCHOOL,B-Pinene,2023-02-05T00:00,0.216,µg/m³,VOC,GC-MS
40208,CHAMPLAIN HEIGHTS SCHOOL,B-Pinene,2023-02-11T00:00,0.000,µg/m³,VOC,GC-MS
40208,CHAMPLAIN HEIGHTS SCHOOL,B-Pinene,2023-02-17T00:00,0.010,µg/m³,VOC,GC-MS
40208,CHAMPLAIN HEIGHTS SCHOOL,B-Pinene,2023-02-23T00:00,0.000,µg/m³,VOC,GC-MS
40208,CHAMPLAIN HEIGHTS SCHOOL,B-Pinene,2023-03-01T00:00,0.004,µg/m³,VOC,GC-MS
40208,CHAMPLAIN HEIGHTS SCHOOL,B-Pinene,2023-03-07T00:00,0.002,µg/m³,VOC,GC-MS
40208,CHAMPLAIN HEIGHTS SCHOOL,B-Pinene,2023-03-13T00:00,0.018,µg/m³,VOC,GC-MS
40208,CHAMPLAIN HEIGHTS SCHOOL,B-Pinene,2023-03-19T00:00,0.010,µg/m³,VOC,GC-MS
40208,CHAMPLAIN HEIGHTS SCHOOL,B-Pinene,2023-03-25T00:00,0.000,µg/m³,VOC,GC-MS
40208,CHAMPLAIN HEIGHTS SCHOOL,B-Pinene,2023-03-31T00:00,0.046,µg/m³,VOC,GC-MS
40208,CHAMPLAIN HEIGHTS SCHOOL,B-Pinene,2023-04-06T00:00,0.030,µg/m³,VOC,GC-MS
40208,CHAMPLAIN HEIGHTS SCHOOL,B-Pinene,2023-04-12T00:00,0.020,µg/m³,VOC,GC-MS
40208,CHAMPLAIN HEIGHTS SCHOOL,B-Pinene,2023-04-18T00:00,0.056,µg/m³,VOC,GC-MS
40208,CHAMPLAIN HEIGHTS SCHOOL,B-Pinene,2023-04-24T00:00,0.028,µg/m³,VOC,GC-MS
40208,CHAMPLAIN HEIGHTS SCHOOL,B-Pinene,2023-04-30T00:00,0.018,µg/m³,VOC,GC-MS
40208,CHAMPLAIN HEIGHTS SCHOOL,B-Pinene,2023-05-06T00:00,0.158,µg/m³,VOC,GC-MS
40208,CHAMPLAIN HEIGHTS SCHOOL,B-Pinene,2023-05-18T00:00,0.064,µg/m³,VOC,GC-MS
40208,CHAMPLAIN HEIGHTS SCHOOL,B-Pinene,2023-05-24T00:00,0.066,µg/m³,VOC,GC-MS
40208,CHAMPLAIN HEIGHTS SCHOOL,B-Pinene,2023-05-30T00:00,0.182,µg/m³,VOC,GC-MS
40208,CHAMPLAIN HEIGHTS SCHOOL,B-Pinene,2023-06-05T00:00,0.112,µg/m³,VOC,GC-MS
40208,CHAMPLAIN HEIGHTS SCHOOL,B-Pinene,2023-06-11T00:00,0.702,µg/m³,VOC,GC-MS
40208,CHAMPLAIN HEIGHTS SCHOOL,B-Pinene,2023-06-17T00:00,0.498,µg/m³,VOC,GC-MS
40208,CHAMPLAIN HEIGHTS SCHOOL,B-Pinene,2023-06-29T00:00,0.118,µg/m³,VOC,GC-MS
40208,CHAMPLAIN HEIGHTS SCHOOL,B-Pinene,2023-07-11T00:00,0.338,µg/m³,VOC,GC-MS
40208,CHAMPLAIN HEIGHTS SCHOOL,B-Pinene,2023-07-29T00:00,0.440,µg/m³,VOC,GC-MS
40208,CHAMPLAIN HEIGHTS SCHOOL,B-Pinene,2023-08-04T00:00,0.130,µg/m³,VOC,GC-MS
40208,CHAMPLAIN HEIGHTS SCHOOL,B-Pinene,2023-08-10T00:00,0.314,µg/m³,VOC,GC-MS
40208,CHAMPLAIN HEIGHTS SCHOOL,B-Pinene,2023-08-16T00:00,0.758,µg/m³,VOC,GC-MS
40208,CHAMPLAIN HEIGHTS SCHOOL,B-Pinene,2023-08-22T00:00,0.382,µg/m³,VOC,GC-MS
40208,CHAMPLAIN HEIGHTS SCHOOL,B-Pinene,2023-08-28T00:00,0.612,µg/m³,VOC,GC-MS
40208,CHAMPLAIN HEIGHTS SCHOOL,B-Pinene,2023-09-03T00:00,0.110,µg/m³,VOC,GC-MS
40208,CHAMPLAIN HEIGHTS SCHOOL,B-Pinene,2023-09-09T00:00,0.084,µg/m³,VOC,GC-MS
40208,CHAMPLAIN HEIGHTS SCHOOL,B-Pinene,2023-09-15T00:00,0.294,µg/m³,VOC,GC-MS
40208,CHAMPLAIN HEIGHTS SCHOOL,B-Pinene,2023-09-27T00:00,1.282,µg/m³,VOC,GC-MS
40208,CHAMPLAIN HEIGHTS SCHOOL,B-Pinene,2023-10-03T00:00,0.826,µg/m³,VOC,GC-MS
40208,CHAMPLAIN HEIGHTS SCHOOL,B-Pinene,2023-10-21T00:00,0.406,µg/m³,VOC,GC-MS
40208,CHAMPLAIN HEIGHTS SCHOOL,B-Pinene,2023-10-27T00:00,1.016,µg/m³,VOC,GC-MS
40208,CHAMPLAIN HEIGHTS SCHOOL,B-Pinene,2023-11-08T00:00,0.182,µg/m³,VOC,GC-MS
40208,CHAMPLAIN HEIGHTS SCHOOL,B-Pinene,2023-11-14T00:00,0.482,µg/m³,VOC,GC-MS
40208,CHAMPLAIN HEIGHTS SCHOOL,B-Pinene,2023-12-02T00:00,0.506,µg/m³,VOC,GC-MS
40208,CHAMPLAIN HEIGHTS SCHOOL,B-Pinene,2023-12-08T00:00,0.054,µg/m³,VOC,GC-MS
40208,CHAMPLAIN HEIGHTS SCHOOL,B-Pinene,2023-12-14T00:00,0.030,µg/m³,VOC,GC-MS
40208,CHAMPLAIN HEIGHTS SCHOOL,B-Pinene,2023-12-20T00:00,0.192,µg/m³,VOC,GC-MS
