﻿NAPS_Site_ID,Station_Name,Pollutant,Date,Value,Units,Report_Type,Method
60211,WINDSOR WEST,n-Butylbenzene,1992-01-07T00:00,0.051,µg/m³,VOC,N/A
60211,WINDSOR WEST,n-Butylbenzene,1992-01-13T00:00,0.049,µg/m³,VOC,N/A
60211,WINDSOR WEST,n-Butylbenzene,1992-01-19T00:00,0.026,µg/m³,VOC,N/A
60211,WINDSOR WEST,n-Butylbenzene,1992-01-25T00:00,0.034,µg/m³,VOC,N/A
60211,WINDSOR WEST,n-Butylbenzene,1992-01-31T00:00,0.064,µg/m³,VOC,N/A
60211,WINDSOR WEST,n-Butylbenzene,1992-02-06T00:00,0.039,µg/m³,VOC,N/A
60211,WINDSOR WEST,n-Butylbenzene,1992-02-12T00:00,0.064,µg/m³,VOC,N/A
60211,WINDSOR WEST,n-Butylbenzene,1992-02-24T00:00,0.041,µg/m³,VOC,N/A
60211,WINDSOR WEST,n-Butylbenzene,1992-03-01T00:00,0.069,µg/m³,VOC,N/A
60211,WINDSOR WEST,n-Butylbenzene,1992-03-07T00:00,0.209,µg/m³,VOC,N/A
60211,WINDSOR WEST,n-Butylbenzene,1992-03-13T00:00,0.045,µg/m³,VOC,N/A
60211,WINDSOR WEST,n-Butylbenzene,1992-03-19T00:00,0.057,µg/m³,VOC,N/A
60211,WINDSOR WEST,n-Butylbenzene,1992-03-25T00:00,0.058,µg/m³,VOC,N/A
60211,WINDSOR WEST,n-Butylbenzene,1992-03-31T00:00,0.089,µg/m³,VOC,N/A
60211,WINDSOR WEST,n-Butylbenzene,1992-04-06T00:00,0.121,µg/m³,VOC,N/A
60211,WINDSOR WEST,n-Butylbenzene,1992-04-12T00:00,0.062,µg/m³,VOC,N/A
60211,WINDSOR WEST,n-Butylbenzene,1992-04-18T00:00,0.108,µg/m³,VOC,N/A
60211,WINDSOR WEST,n-Butylbenzene,1992-04-24T00:00,0.181,µg/m³,VOC,N/A
60211,WINDSOR WEST,n-Butylbenzene,1992-04-30T00:00,0.087,µg/m³,VOC,N/A
60211,WINDSOR WEST,n-Butylbenzene,1992-05-06T00:00,0.127,µg/m³,VOC,N/A
60211,WINDSOR WEST,n-Butylbenzene,1992-05-12T00:00,0.087,µg/m³,VOC,N/A
60211,WINDSOR WEST,n-Butylbenzene,1992-05-18T00:00,0.085,µg/m³,VOC,N/A
60211,WINDSOR WEST,n-Butylbenzene,1992-05-24T00:00,0.044,µg/m³,VOC,N/A
60211,WINDSOR WEST,n-Butylbenzene,1992-05-30T00:00,0.000,µg/m³,VOC,N/A
60211,WINDSOR WEST,n-Butylbenzene,1992-06-05T00:00,0.052,µg/m³,VOC,N/A
60211,WINDSOR WEST,n-Butylbenzene,1992-06-11T00:00,0.164,µg/m³,VOC,N/A
60211,WINDSOR WEST,n-Butylbenzene,1992-06-15T00:00,0.000,µg/m³,VOC,N/A
60211,WINDSOR WEST,n-Butylbenzene,1992-06-16T00:00,0.007,µg/m³,VOC,N/A
60211,WINDSOR WEST,n-Butylbenzene,1992-06-17T00:00,0.039,µg/m³,VOC,N/A
60211,WINDSOR WEST,n-Butylbenzene,1992-06-18T00:00,0.075,µg/m³,VOC,N/A
60211,WINDSOR WEST,n-Butylbenzene,1992-06-19T00:00,0.053,µg/m³,VOC,N/A
60211,WINDSOR WEST,n-Butylbenzene,1992-06-20T00:00,0.034,µg/m³,VOC,N/A
60211,WINDSOR WEST,n-Butylbenzene,1992-06-21T00:00,0.052,µg/m³,VOC,N/A
60211,WINDSOR WEST,n-Butylbenzene,1992-06-22T00:00,0.041,µg/m³,VOC,N/A
60211,WINDSOR WEST,n-Butylbenzene,1992-06-23T00:00,0.039,µg/m³,VOC,N/A
60211,WINDSOR WEST,n-Butylbenzene,1992-06-24T00:00,0.000,µg/m³,VOC,N/A
60211,WINDSOR WEST,n-Butylbenzene,1992-06-25T00:00,0.060,µg/m³,VOC,N/A
60211,WINDSOR WEST,n-Butylbenzene,1992-06-26T00:00,0.108,µg/m³,VOC,N/A
60211,WINDSOR WEST,n-Butylbenzene,1992-06-27T00:00,0.000,µg/m³,VOC,N/A
60211,WINDSOR WEST,n-Butylbenzene,1992-06-28T00:00,0.022,µg/m³,VOC,N/A
60211,WINDSOR WEST,n-Butylbenzene,1992-06-29T00:00,0.008,µg/m³,VOC,N/A
60211,WINDSOR WEST,n-Butylbenzene,1992-06-30T00:00,0.000,µg/m³,VOC,N/A
60211,WINDSOR WEST,n-Butylbenzene,1992-07-01T00:00,0.051,µg/m³,VOC,N/A
60211,WINDSOR WEST,n-Butylbenzene,1992-07-02T00:00,0.007,µg/m³,VOC,N/A
60211,WINDSOR WEST,n-Butylbenzene,1992-07-03T00:00,0.025,µg/m³,VOC,N/A
60211,WINDSOR WEST,n-Butylbenzene,1992-07-04T00:00,0.012,µg/m³,VOC,N/A
60211,WINDSOR WEST,n-Butylbenzene,1992-07-05T00:00,0.011,µg/m³,VOC,N/A
60211,WINDSOR WEST,n-Butylbenzene,1992-07-07T00:00,0.005,µg/m³,VOC,N/A
60211,WINDSOR WEST,n-Butylbenzene,1992-07-08T00:00,0.042,µg/m³,VOC,N/A
60211,WINDSOR WEST,n-Butylbenzene,1992-07-09T00:00,0.096,µg/m³,VOC,N/A
60211,WINDSOR WEST,n-Butylbenzene,1992-07-10T00:00,0.036,µg/m³,VOC,N/A
60211,WINDSOR WEST,n-Butylbenzene,1992-07-11T00:00,0.022,µg/m³,VOC,N/A
60211,WINDSOR WEST,n-Butylbenzene,1992-07-12T00:00,0.000,µg/m³,VOC,N/A
60211,WINDSOR WEST,n-Butylbenzene,1992-07-13T00:00,0.047,µg/m³,VOC,N/A
60211,WINDSOR WEST,n-Butylbenzene,1992-07-14T00:00,0.000,µg/m³,VOC,N/A
60211,WINDSOR WEST,n-Butylbenzene,1992-07-15T00:00,0.000,µg/m³,VOC,N/A
60211,WINDSOR WEST,n-Butylbenzene,1992-07-16T00:00,0.000,µg/m³,VOC,N/A
60211,WINDSOR WEST,n-Butylbenzene,1992-07-17T00:00,0.000,µg/m³,VOC,N/A
60211,WINDSOR WEST,n-Butylbenzene,1992-07-18T00:00,0.000,µg/m³,VOC,N/A
60211,WINDSOR WEST,n-Butylbenzene,1992-07-19T00:00,0.000,µg/m³,VOC,N/A
60211,WINDSOR WEST,n-Butylbenzene,1992-07-20T00:00,0.000,µg/m³,VOC,N/A
60211,WINDSOR WEST,n-Butylbenzene,1992-07-21T00:00,0.000,µg/m³,VOC,N/A
60211,WINDSOR WEST,n-Butylbenzene,1992-07-22T00:00,0.000,µg/m³,VOC,N/A
60211,WINDSOR WEST,n-Butylbenzene,1992-07-23T00:00,0.000,µg/m³,VOC,N/A
60211,WINDSOR WEST,n-Butylbenzene,1992-07-24T00:00,0.000,µg/m³,VOC,N/A
60211,WINDSOR WEST,n-Butylbenzene,1992-07-25T00:00,0.000,µg/m³,VOC,N/A
60211,WINDSOR WEST,n-Butylbenzene,1992-07-26T00:00,0.042,µg/m³,VOC,N/A
60211,WINDSOR WEST,n-Butylbenzene,1992-07-27T00:00,0.000,µg/m³,VOC,N/A
60211,WINDSOR WEST,n-Butylbenzene,1992-07-28T00:00,0.000,µg/m³,VOC,N/A
60211,WINDSOR WEST,n-Butylbenzene,1992-07-29T00:00,0.034,µg/m³,VOC,N/A
60211,WINDSOR WEST,n-Butylbenzene,1992-07-31T00:00,0.000,µg/m³,VOC,N/A
60211,WINDSOR WEST,n-Butylbenzene,1992-08-01T00:00,0.053,µg/m³,VOC,N/A
60211,WINDSOR WEST,n-Butylbenzene,1992-08-02T00:00,0.021,µg/m³,VOC,N/A
60211,WINDSOR WEST,n-Butylbenzene,1992-08-03T00:00,0.000,µg/m³,VOC,N/A
60211,WINDSOR WEST,n-Butylbenzene,1992-08-04T00:00,0.014,µg/m³,VOC,N/A
60211,WINDSOR WEST,n-Butylbenzene,1992-08-05T00:00,0.159,µg/m³,VOC,N/A
60211,WINDSOR WEST,n-Butylbenzene,1992-08-06T00:00,0.078,µg/m³,VOC,N/A
60211,WINDSOR WEST,n-Butylbenzene,1992-08-07T00:00,0.055,µg/m³,VOC,N/A
60211,WINDSOR WEST,n-Butylbenzene,1992-08-08T00:00,0.047,µg/m³,VOC,N/A
60211,WINDSOR WEST,n-Butylbenzene,1992-08-09T00:00,0.043,µg/m³,VOC,N/A
60211,WINDSOR WEST,n-Butylbenzene,1992-08-10T00:00,0.044,µg/m³,VOC,N/A
60211,WINDSOR WEST,n-Butylbenzene,1992-08-11T00:00,0.056,µg/m³,VOC,N/A
60211,WINDSOR WEST,n-Butylbenzene,1992-08-14T00:00,0.036,µg/m³,VOC,N/A
60211,WINDSOR WEST,n-Butylbenzene,1992-08-15T00:00,0.029,µg/m³,VOC,N/A
60211,WINDSOR WEST,n-Butylbenzene,1992-08-16T00:00,0.042,µg/m³,VOC,N/A
60211,WINDSOR WEST,n-Butylbenzene,1992-08-22T00:00,0.068,µg/m³,VOC,N/A
60211,WINDSOR WEST,n-Butylbenzene,1992-08-23T00:00,0.034,µg/m³,VOC,N/A
60211,WINDSOR WEST,n-Butylbenzene,1992-08-24T00:00,1.312,µg/m³,VOC,N/A
60211,WINDSOR WEST,n-Butylbenzene,1992-09-03T00:00,0.054,µg/m³,VOC,N/A
60211,WINDSOR WEST,n-Butylbenzene,1992-09-09T00:00,0.042,µg/m³,VOC,N/A
60211,WINDSOR WEST,n-Butylbenzene,1992-09-15T00:00,0.046,µg/m³,VOC,N/A
60211,WINDSOR WEST,n-Butylbenzene,1992-09-21T00:00,0.032,µg/m³,VOC,N/A
60211,WINDSOR WEST,n-Butylbenzene,1992-09-27T00:00,0.030,µg/m³,VOC,N/A
60211,WINDSOR WEST,n-Butylbenzene,1992-10-03T00:00,0.035,µg/m³,VOC,N/A
60211,WINDSOR WEST,n-Butylbenzene,1992-10-09T00:00,0.000,µg/m³,VOC,N/A
60211,WINDSOR WEST,n-Butylbenzene,1992-10-15T00:00,0.052,µg/m³,VOC,N/A
60211,WINDSOR WEST,n-Butylbenzene,1992-10-21T00:00,0.065,µg/m³,VOC,N/A
60211,WINDSOR WEST,n-Butylbenzene,1992-10-27T00:00,0.214,µg/m³,VOC,N/A
60211,WINDSOR WEST,n-Butylbenzene,1992-11-02T00:00,0.000,µg/m³,VOC,N/A
60211,WINDSOR WEST,n-Butylbenzene,1992-11-08T00:00,0.046,µg/m³,VOC,N/A
60211,WINDSOR WEST,n-Butylbenzene,1992-11-14T00:00,0.000,µg/m³,VOC,N/A
60211,WINDSOR WEST,n-Butylbenzene,1992-11-20T00:00,0.000,µg/m³,VOC,N/A
60211,WINDSOR WEST,n-Butylbenzene,1992-11-26T00:00,0.000,µg/m³,VOC,N/A
60211,WINDSOR WEST,n-Butylbenzene,1992-12-02T00:00,0.000,µg/m³,VOC,N/A
60211,WINDSOR WEST,n-Butylbenzene,1992-12-08T00:00,0.000,µg/m³,VOC,N/A
60211,WINDSOR WEST,n-Butylbenzene,1992-12-14T00:00,0.000,µg/m³,VOC,N/A
60211,WINDSOR WEST,n-Butylbenzene,1992-12-20T00:00,0.000,µg/m³,VOC,N/A
60211,WINDSOR WEST,n-Butylbenzene,1992-12-26T00:00,0.000,µg/m³,VOC,N/A
