﻿NAPS_Site_ID,Station_Name,Pollutant,Date,Value,Units,Report_Type,Method
50115,MONTRÉAL-MAISONNEUVE,1-Hexene,1997-01-04T00:00,0.460,µg/m³,VOC,N/A
50115,MONTRÉAL-MAISONNEUVE,1-Hexene,1997-01-10T00:00,0.680,µg/m³,VOC,N/A
50115,MONTRÉAL-MAISONNEUVE,1-Hexene,1997-01-16T00:00,0.460,µg/m³,VOC,N/A
50115,MONTRÉAL-MAISONNEUVE,1-Hexene,1997-01-22T00:00,0.640,µg/m³,VOC,N/A
50115,MONTRÉAL-MAISONNEUVE,1-Hexene,1997-01-28T00:00,0.520,µg/m³,VOC,N/A
50115,MONTRÉAL-MAISONNEUVE,1-Hexene,1997-02-03T00:00,0.980,µg/m³,VOC,N/A
50115,MONTRÉAL-MAISONNEUVE,1-Hexene,1997-02-09T00:00,0.440,µg/m³,VOC,N/A
50115,MONTRÉAL-MAISONNEUVE,1-Hexene,1997-02-15T00:00,0.480,µg/m³,VOC,N/A
50115,MONTRÉAL-MAISONNEUVE,1-Hexene,1997-02-21T00:00,0.760,µg/m³,VOC,N/A
50115,MONTRÉAL-MAISONNEUVE,1-Hexene,1997-02-27T00:00,0.680,µg/m³,VOC,N/A
50115,MONTRÉAL-MAISONNEUVE,1-Hexene,1997-03-05T00:00,0.600,µg/m³,VOC,N/A
50115,MONTRÉAL-MAISONNEUVE,1-Hexene,1997-03-11T00:00,0.640,µg/m³,VOC,N/A
50115,MONTRÉAL-MAISONNEUVE,1-Hexene,1997-03-17T00:00,0.560,µg/m³,VOC,N/A
50115,MONTRÉAL-MAISONNEUVE,1-Hexene,1997-03-23T00:00,0.200,µg/m³,VOC,N/A
50115,MONTRÉAL-MAISONNEUVE,1-Hexene,1997-03-29T00:00,0.560,µg/m³,VOC,N/A
50115,MONTRÉAL-MAISONNEUVE,1-Hexene,1997-04-04T00:00,0.600,µg/m³,VOC,N/A
50115,MONTRÉAL-MAISONNEUVE,1-Hexene,1997-04-10T00:00,0.480,µg/m³,VOC,N/A
50115,MONTRÉAL-MAISONNEUVE,1-Hexene,1997-04-16T00:00,0.420,µg/m³,VOC,N/A
50115,MONTRÉAL-MAISONNEUVE,1-Hexene,1997-04-22T00:00,0.940,µg/m³,VOC,N/A
50115,MONTRÉAL-MAISONNEUVE,1-Hexene,1997-04-28T00:00,0.460,µg/m³,VOC,N/A
50115,MONTRÉAL-MAISONNEUVE,1-Hexene,1997-05-04T00:00,0.300,µg/m³,VOC,N/A
50115,MONTRÉAL-MAISONNEUVE,1-Hexene,1997-05-10T00:00,0.420,µg/m³,VOC,N/A
50115,MONTRÉAL-MAISONNEUVE,1-Hexene,1997-05-16T00:00,0.360,µg/m³,VOC,N/A
50115,MONTRÉAL-MAISONNEUVE,1-Hexene,1997-05-22T00:00,0.440,µg/m³,VOC,N/A
50115,MONTRÉAL-MAISONNEUVE,1-Hexene,1997-05-28T00:00,0.820,µg/m³,VOC,N/A
50115,MONTRÉAL-MAISONNEUVE,1-Hexene,1997-06-03T00:00,0.648,µg/m³,VOC,N/A
50115,MONTRÉAL-MAISONNEUVE,1-Hexene,1997-06-09T00:00,0.477,µg/m³,VOC,N/A
50115,MONTRÉAL-MAISONNEUVE,1-Hexene,1997-06-15T00:00,0.234,µg/m³,VOC,N/A
50115,MONTRÉAL-MAISONNEUVE,1-Hexene,1997-06-21T00:00,0.350,µg/m³,VOC,N/A
50115,MONTRÉAL-MAISONNEUVE,1-Hexene,1997-08-26T00:00,0.822,µg/m³,VOC,N/A
50115,MONTRÉAL-MAISONNEUVE,1-Hexene,1997-09-01T00:00,0.338,µg/m³,VOC,N/A
50115,MONTRÉAL-MAISONNEUVE,1-Hexene,1997-09-07T00:00,0.570,µg/m³,VOC,N/A
50115,MONTRÉAL-MAISONNEUVE,1-Hexene,1997-09-13T00:00,0.693,µg/m³,VOC,N/A
50115,MONTRÉAL-MAISONNEUVE,1-Hexene,1997-09-19T00:00,0.421,µg/m³,VOC,N/A
50115,MONTRÉAL-MAISONNEUVE,1-Hexene,1997-09-25T00:00,0.962,µg/m³,VOC,N/A
50115,MONTRÉAL-MAISONNEUVE,1-Hexene,1997-10-01T00:00,0.596,µg/m³,VOC,N/A
50115,MONTRÉAL-MAISONNEUVE,1-Hexene,1997-10-07T00:00,1.219,µg/m³,VOC,N/A
50115,MONTRÉAL-MAISONNEUVE,1-Hexene,1997-10-13T00:00,0.665,µg/m³,VOC,N/A
50115,MONTRÉAL-MAISONNEUVE,1-Hexene,1997-10-19T00:00,0.679,µg/m³,VOC,N/A
50115,MONTRÉAL-MAISONNEUVE,1-Hexene,1997-10-25T00:00,1.152,µg/m³,VOC,N/A
50115,MONTRÉAL-MAISONNEUVE,1-Hexene,1997-10-31T00:00,0.801,µg/m³,VOC,N/A
50115,MONTRÉAL-MAISONNEUVE,1-Hexene,1997-11-06T00:00,1.283,µg/m³,VOC,N/A
50115,MONTRÉAL-MAISONNEUVE,1-Hexene,1997-11-12T00:00,1.405,µg/m³,VOC,N/A
50115,MONTRÉAL-MAISONNEUVE,1-Hexene,1997-11-18T00:00,5.860,µg/m³,VOC,N/A
50115,MONTRÉAL-MAISONNEUVE,1-Hexene,1997-11-24T00:00,0.663,µg/m³,VOC,N/A
50115,MONTRÉAL-MAISONNEUVE,1-Hexene,1997-11-30T00:00,0.683,µg/m³,VOC,N/A
50115,MONTRÉAL-MAISONNEUVE,1-Hexene,1997-12-06T00:00,0.565,µg/m³,VOC,N/A
50115,MONTRÉAL-MAISONNEUVE,1-Hexene,1997-12-12T00:00,1.664,µg/m³,VOC,N/A
50115,MONTRÉAL-MAISONNEUVE,1-Hexene,1997-12-18T00:00,0.800,µg/m³,VOC,N/A
50115,MONTRÉAL-MAISONNEUVE,1-Hexene,1997-12-24T00:00,0.460,µg/m³,VOC,N/A
50115,MONTRÉAL-MAISONNEUVE,1-Hexene,1997-12-30T00:00,0.600,µg/m³,VOC,N/A
