﻿NAPS_Site_ID,Station_Name,Pollutant,Date,Value,Units,Report_Type,Method
50134,MONTRÉAL-MOLSON or MONTRÉAL-SAINT-JOSEPH,Chloromethane,2015-01-05T19:00,1.187,µg/m³,VOC,
50134,MONTRÉAL-MOLSON or MONTRÉAL-SAINT-JOSEPH,Chloromethane,2015-01-11T19:00,1.163,µg/m³,VOC,
50134,MONTRÉAL-MOLSON or MONTRÉAL-SAINT-JOSEPH,Chloromethane,2015-01-17T19:00,1.180,µg/m³,VOC,
50134,MONTRÉAL-MOLSON or MONTRÉAL-SAINT-JOSEPH,Chloromethane,2015-01-23T19:00,1.179,µg/m³,VOC,
50134,MONTRÉAL-MOLSON or MONTRÉAL-SAINT-JOSEPH,Chloromethane,2015-01-29T19:00,1.149,µg/m³,VOC,
50134,MONTRÉAL-MOLSON or MONTRÉAL-SAINT-JOSEPH,Chloromethane,2015-02-04T19:00,1.156,µg/m³,VOC,
50134,MONTRÉAL-MOLSON or MONTRÉAL-SAINT-JOSEPH,Chloromethane,2015-02-10T19:00,1.118,µg/m³,VOC,
50134,MONTRÉAL-MOLSON or MONTRÉAL-SAINT-JOSEPH,Chloromethane,2015-02-16T19:00,1.150,µg/m³,VOC,
50134,MONTRÉAL-MOLSON or MONTRÉAL-SAINT-JOSEPH,Chloromethane,2015-02-22T19:00,1.220,µg/m³,VOC,
50134,MONTRÉAL-MOLSON or MONTRÉAL-SAINT-JOSEPH,Chloromethane,2015-02-28T19:00,1.249,µg/m³,VOC,
50134,MONTRÉAL-MOLSON or MONTRÉAL-SAINT-JOSEPH,Chloromethane,2015-03-06T19:00,1.251,µg/m³,VOC,
50134,MONTRÉAL-MOLSON or MONTRÉAL-SAINT-JOSEPH,Chloromethane,2015-03-12T20:00,1.263,µg/m³,VOC,
50134,MONTRÉAL-MOLSON or MONTRÉAL-SAINT-JOSEPH,Chloromethane,2015-03-18T20:00,1.283,µg/m³,VOC,
50134,MONTRÉAL-MOLSON or MONTRÉAL-SAINT-JOSEPH,Chloromethane,2015-03-24T20:00,1.193,µg/m³,VOC,
50134,MONTRÉAL-MOLSON or MONTRÉAL-SAINT-JOSEPH,Chloromethane,2015-03-30T20:00,1.431,µg/m³,VOC,
50134,MONTRÉAL-MOLSON or MONTRÉAL-SAINT-JOSEPH,Chloromethane,2015-04-05T20:00,1.245,µg/m³,VOC,
50134,MONTRÉAL-MOLSON or MONTRÉAL-SAINT-JOSEPH,Chloromethane,2015-04-17T20:00,1.450,µg/m³,VOC,
50134,MONTRÉAL-MOLSON or MONTRÉAL-SAINT-JOSEPH,Chloromethane,2015-04-23T20:00,1.480,µg/m³,VOC,
50134,MONTRÉAL-MOLSON or MONTRÉAL-SAINT-JOSEPH,Chloromethane,2015-04-29T20:00,1.249,µg/m³,VOC,
50134,MONTRÉAL-MOLSON or MONTRÉAL-SAINT-JOSEPH,Chloromethane,2015-05-05T20:00,1.199,µg/m³,VOC,
50134,MONTRÉAL-MOLSON or MONTRÉAL-SAINT-JOSEPH,Chloromethane,2015-05-11T20:00,1.238,µg/m³,VOC,
50134,MONTRÉAL-MOLSON or MONTRÉAL-SAINT-JOSEPH,Chloromethane,2015-05-17T20:00,1.217,µg/m³,VOC,
50134,MONTRÉAL-MOLSON or MONTRÉAL-SAINT-JOSEPH,Chloromethane,2015-05-23T20:00,1.254,µg/m³,VOC,
50134,MONTRÉAL-MOLSON or MONTRÉAL-SAINT-JOSEPH,Chloromethane,2015-05-29T20:00,1.256,µg/m³,VOC,
50134,MONTRÉAL-MOLSON or MONTRÉAL-SAINT-JOSEPH,Chloromethane,2015-06-04T20:00,1.221,µg/m³,VOC,
50134,MONTRÉAL-MOLSON or MONTRÉAL-SAINT-JOSEPH,Chloromethane,2015-06-10T20:00,1.233,µg/m³,VOC,
50134,MONTRÉAL-MOLSON or MONTRÉAL-SAINT-JOSEPH,Chloromethane,2015-06-16T20:00,1.176,µg/m³,VOC,
50134,MONTRÉAL-MOLSON or MONTRÉAL-SAINT-JOSEPH,Chloromethane,2015-06-22T20:00,1.153,µg/m³,VOC,
50134,MONTRÉAL-MOLSON or MONTRÉAL-SAINT-JOSEPH,Chloromethane,2015-06-28T20:00,1.168,µg/m³,VOC,
50134,MONTRÉAL-MOLSON or MONTRÉAL-SAINT-JOSEPH,Chloromethane,2015-07-04T20:00,1.172,µg/m³,VOC,
50134,MONTRÉAL-MOLSON or MONTRÉAL-SAINT-JOSEPH,Chloromethane,2015-07-10T20:00,1.224,µg/m³,VOC,
50134,MONTRÉAL-MOLSON or MONTRÉAL-SAINT-JOSEPH,Chloromethane,2015-07-16T20:00,1.184,µg/m³,VOC,
50134,MONTRÉAL-MOLSON or MONTRÉAL-SAINT-JOSEPH,Chloromethane,2015-07-22T20:00,1.140,µg/m³,VOC,
50134,MONTRÉAL-MOLSON or MONTRÉAL-SAINT-JOSEPH,Chloromethane,2015-07-28T20:00,1.255,µg/m³,VOC,
50134,MONTRÉAL-MOLSON or MONTRÉAL-SAINT-JOSEPH,Chloromethane,2015-08-03T20:00,1.147,µg/m³,VOC,
50134,MONTRÉAL-MOLSON or MONTRÉAL-SAINT-JOSEPH,Chloromethane,2015-08-09T20:00,1.103,µg/m³,VOC,
50134,MONTRÉAL-MOLSON or MONTRÉAL-SAINT-JOSEPH,Chloromethane,2015-08-15T20:00,1.287,µg/m³,VOC,
50134,MONTRÉAL-MOLSON or MONTRÉAL-SAINT-JOSEPH,Chloromethane,2015-08-21T20:00,1.182,µg/m³,VOC,
50134,MONTRÉAL-MOLSON or MONTRÉAL-SAINT-JOSEPH,Chloromethane,2015-08-27T20:00,1.020,µg/m³,VOC,
50134,MONTRÉAL-MOLSON or MONTRÉAL-SAINT-JOSEPH,Chloromethane,2015-09-02T20:00,1.148,µg/m³,VOC,
50134,MONTRÉAL-MOLSON or MONTRÉAL-SAINT-JOSEPH,Chloromethane,2015-09-08T20:00,1.096,µg/m³,VOC,
50134,MONTRÉAL-MOLSON or MONTRÉAL-SAINT-JOSEPH,Chloromethane,2015-09-14T20:00,1.058,µg/m³,VOC,
50134,MONTRÉAL-MOLSON or MONTRÉAL-SAINT-JOSEPH,Chloromethane,2015-09-20T20:00,0.924,µg/m³,VOC,
50134,MONTRÉAL-MOLSON or MONTRÉAL-SAINT-JOSEPH,Chloromethane,2015-09-26T20:00,0.913,µg/m³,VOC,
50134,MONTRÉAL-MOLSON or MONTRÉAL-SAINT-JOSEPH,Chloromethane,2015-10-02T20:00,0.940,µg/m³,VOC,
50134,MONTRÉAL-MOLSON or MONTRÉAL-SAINT-JOSEPH,Chloromethane,2015-10-08T20:00,0.934,µg/m³,VOC,
50134,MONTRÉAL-MOLSON or MONTRÉAL-SAINT-JOSEPH,Chloromethane,2015-10-14T20:00,0.892,µg/m³,VOC,
50134,MONTRÉAL-MOLSON or MONTRÉAL-SAINT-JOSEPH,Chloromethane,2015-10-21T20:00,0.918,µg/m³,VOC,
50134,MONTRÉAL-MOLSON or MONTRÉAL-SAINT-JOSEPH,Chloromethane,2015-10-26T20:00,0.898,µg/m³,VOC,
50134,MONTRÉAL-MOLSON or MONTRÉAL-SAINT-JOSEPH,Chloromethane,2015-11-01T19:00,0.961,µg/m³,VOC,
50134,MONTRÉAL-MOLSON or MONTRÉAL-SAINT-JOSEPH,Chloromethane,2015-11-07T19:00,0.939,µg/m³,VOC,
50134,MONTRÉAL-MOLSON or MONTRÉAL-SAINT-JOSEPH,Chloromethane,2015-11-13T19:00,0.943,µg/m³,VOC,
50134,MONTRÉAL-MOLSON or MONTRÉAL-SAINT-JOSEPH,Chloromethane,2015-11-19T19:00,0.949,µg/m³,VOC,
50134,MONTRÉAL-MOLSON or MONTRÉAL-SAINT-JOSEPH,Chloromethane,2015-11-25T19:00,0.965,µg/m³,VOC,
50134,MONTRÉAL-MOLSON or MONTRÉAL-SAINT-JOSEPH,Chloromethane,2015-12-01T19:00,1.016,µg/m³,VOC,
50134,MONTRÉAL-MOLSON or MONTRÉAL-SAINT-JOSEPH,Chloromethane,2015-12-07T19:00,0.938,µg/m³,VOC,
50134,MONTRÉAL-MOLSON or MONTRÉAL-SAINT-JOSEPH,Chloromethane,2015-12-13T19:00,0.993,µg/m³,VOC,
50134,MONTRÉAL-MOLSON or MONTRÉAL-SAINT-JOSEPH,Chloromethane,2015-12-19T19:00,0.959,µg/m³,VOC,
50134,MONTRÉAL-MOLSON or MONTRÉAL-SAINT-JOSEPH,Chloromethane,2015-12-25T19:00,0.958,µg/m³,VOC,
