﻿NAPS_Site_ID,Station_Name,Pollutant,Date,Value,Units,Report_Type,Method
50308,QUÉBEC-VIEUX-LIMOILOU (DES SABLES),Formate,2018-01-02T00:00,0.004,µg/m³,PM2.5,IC
50308,QUÉBEC-VIEUX-LIMOILOU (DES SABLES),Formate,2018-01-08T00:00,0.004,µg/m³,PM2.5,IC
50308,QUÉBEC-VIEUX-LIMOILOU (DES SABLES),Formate,2018-01-14T00:00,0.003,µg/m³,PM2.5,IC
50308,QUÉBEC-VIEUX-LIMOILOU (DES SABLES),Formate,2018-01-20T00:00,0.002,µg/m³,PM2.5,IC
50308,QUÉBEC-VIEUX-LIMOILOU (DES SABLES),Formate,2018-01-26T00:00,0.006,µg/m³,PM2.5,IC
50308,QUÉBEC-VIEUX-LIMOILOU (DES SABLES),Formate,2018-01-02T00:00,0.001,µg/m³,PM2.5-10,IC
50308,QUÉBEC-VIEUX-LIMOILOU (DES SABLES),Formate,2018-01-08T00:00,0.001,µg/m³,PM2.5-10,IC
50308,QUÉBEC-VIEUX-LIMOILOU (DES SABLES),Formate,2018-01-14T00:00,0.001,µg/m³,PM2.5-10,IC
50308,QUÉBEC-VIEUX-LIMOILOU (DES SABLES),Formate,2018-01-20T00:00,0.002,µg/m³,PM2.5-10,IC
50308,QUÉBEC-VIEUX-LIMOILOU (DES SABLES),Formate,2018-01-26T00:00,0.002,µg/m³,PM2.5-10,IC
