﻿NAPS_Site_ID,Station_Name,Pollutant,Date,Value,Units,Report_Type,Method
60211,WINDSOR WEST,Calcium,1995-01-03T00:00,0.101,µg/m³,DICHOT,N/A
60211,WINDSOR WEST,Calcium,1995-01-03T00:00,3.460,µg/m³,DICHOT,N/A
60211,WINDSOR WEST,Calcium,1995-01-09T00:00,0.030,µg/m³,DICHOT,N/A
60211,WINDSOR WEST,Calcium,1995-01-09T00:00,0.507,µg/m³,DICHOT,N/A
60211,WINDSOR WEST,Calcium,1995-01-15T00:00,0.000,µg/m³,DICHOT,N/A
60211,WINDSOR WEST,Calcium,1995-01-15T00:00,0.149,µg/m³,DICHOT,N/A
60211,WINDSOR WEST,Calcium,1995-01-21T00:00,0.021,µg/m³,DICHOT,N/A
60211,WINDSOR WEST,Calcium,1995-01-21T00:00,0.427,µg/m³,DICHOT,N/A
60211,WINDSOR WEST,Calcium,1995-01-27T00:00,0.078,µg/m³,DICHOT,N/A
60211,WINDSOR WEST,Calcium,1995-01-27T00:00,1.790,µg/m³,DICHOT,N/A
60211,WINDSOR WEST,Calcium,1995-02-02T00:00,0.063,µg/m³,DICHOT,N/A
60211,WINDSOR WEST,Calcium,1995-02-02T00:00,0.896,µg/m³,DICHOT,N/A
60211,WINDSOR WEST,Calcium,1995-02-08T00:00,0.074,µg/m³,DICHOT,N/A
60211,WINDSOR WEST,Calcium,1995-02-08T00:00,2.390,µg/m³,DICHOT,N/A
60211,WINDSOR WEST,Calcium,1995-02-14T00:00,0.054,µg/m³,DICHOT,N/A
60211,WINDSOR WEST,Calcium,1995-02-14T00:00,1.300,µg/m³,DICHOT,N/A
60211,WINDSOR WEST,Calcium,1995-02-20T00:00,0.011,µg/m³,DICHOT,N/A
60211,WINDSOR WEST,Calcium,1995-02-20T00:00,0.626,µg/m³,DICHOT,N/A
60211,WINDSOR WEST,Calcium,1995-02-26T00:00,0.024,µg/m³,DICHOT,N/A
60211,WINDSOR WEST,Calcium,1995-02-26T00:00,0.329,µg/m³,DICHOT,N/A
60211,WINDSOR WEST,Calcium,1995-03-04T00:00,0.048,µg/m³,DICHOT,N/A
60211,WINDSOR WEST,Calcium,1995-03-04T00:00,0.689,µg/m³,DICHOT,N/A
60211,WINDSOR WEST,Calcium,1995-03-10T00:00,0.024,µg/m³,DICHOT,N/A
60211,WINDSOR WEST,Calcium,1995-03-10T00:00,0.538,µg/m³,DICHOT,N/A
60211,WINDSOR WEST,Calcium,1995-03-16T00:00,0.057,µg/m³,DICHOT,N/A
60211,WINDSOR WEST,Calcium,1995-03-16T00:00,1.640,µg/m³,DICHOT,N/A
60211,WINDSOR WEST,Calcium,1995-03-22T00:00,0.023,µg/m³,DICHOT,N/A
60211,WINDSOR WEST,Calcium,1995-03-22T00:00,0.643,µg/m³,DICHOT,N/A
60211,WINDSOR WEST,Calcium,1995-03-28T00:00,0.088,µg/m³,DICHOT,N/A
60211,WINDSOR WEST,Calcium,1995-03-28T00:00,1.890,µg/m³,DICHOT,N/A
60211,WINDSOR WEST,Calcium,1995-04-03T00:00,0.065,µg/m³,DICHOT,N/A
60211,WINDSOR WEST,Calcium,1995-04-03T00:00,1.480,µg/m³,DICHOT,N/A
60211,WINDSOR WEST,Calcium,1995-04-15T00:00,0.035,µg/m³,DICHOT,N/A
60211,WINDSOR WEST,Calcium,1995-04-15T00:00,0.288,µg/m³,DICHOT,N/A
60211,WINDSOR WEST,Calcium,1995-04-21T00:00,0.052,µg/m³,DICHOT,N/A
60211,WINDSOR WEST,Calcium,1995-04-21T00:00,0.992,µg/m³,DICHOT,N/A
60211,WINDSOR WEST,Calcium,1995-04-27T00:00,0.097,µg/m³,DICHOT,N/A
60211,WINDSOR WEST,Calcium,1995-04-27T00:00,1.490,µg/m³,DICHOT,N/A
60211,WINDSOR WEST,Calcium,1995-05-03T00:00,0.665,µg/m³,DICHOT,N/A
60211,WINDSOR WEST,Calcium,1995-05-03T00:00,8.860,µg/m³,DICHOT,N/A
60211,WINDSOR WEST,Calcium,1995-05-09T00:00,0.032,µg/m³,DICHOT,N/A
60211,WINDSOR WEST,Calcium,1995-05-09T00:00,0.362,µg/m³,DICHOT,N/A
60211,WINDSOR WEST,Calcium,1995-05-15T00:00,0.079,µg/m³,DICHOT,N/A
60211,WINDSOR WEST,Calcium,1995-05-15T00:00,1.840,µg/m³,DICHOT,N/A
60211,WINDSOR WEST,Calcium,1995-05-21T00:00,0.061,µg/m³,DICHOT,N/A
60211,WINDSOR WEST,Calcium,1995-05-21T00:00,1.350,µg/m³,DICHOT,N/A
60211,WINDSOR WEST,Calcium,1995-05-27T00:00,0.025,µg/m³,DICHOT,N/A
60211,WINDSOR WEST,Calcium,1995-05-27T00:00,0.471,µg/m³,DICHOT,N/A
60211,WINDSOR WEST,Calcium,1995-06-02T00:00,0.038,µg/m³,DICHOT,N/A
60211,WINDSOR WEST,Calcium,1995-06-02T00:00,0.790,µg/m³,DICHOT,N/A
60211,WINDSOR WEST,Calcium,1995-06-08T00:00,0.057,µg/m³,DICHOT,N/A
60211,WINDSOR WEST,Calcium,1995-06-08T00:00,0.900,µg/m³,DICHOT,N/A
60211,WINDSOR WEST,Calcium,1995-06-14T00:00,0.067,µg/m³,DICHOT,N/A
60211,WINDSOR WEST,Calcium,1995-06-14T00:00,1.490,µg/m³,DICHOT,N/A
60211,WINDSOR WEST,Calcium,1995-06-20T00:00,0.070,µg/m³,DICHOT,N/A
60211,WINDSOR WEST,Calcium,1995-06-20T00:00,1.660,µg/m³,DICHOT,N/A
60211,WINDSOR WEST,Calcium,1995-06-26T00:00,0.014,µg/m³,DICHOT,N/A
60211,WINDSOR WEST,Calcium,1995-06-26T00:00,0.424,µg/m³,DICHOT,N/A
60211,WINDSOR WEST,Calcium,1995-07-02T00:00,0.043,µg/m³,DICHOT,N/A
60211,WINDSOR WEST,Calcium,1995-07-02T00:00,0.502,µg/m³,DICHOT,N/A
60211,WINDSOR WEST,Calcium,1995-07-08T00:00,0.016,µg/m³,DICHOT,N/A
60211,WINDSOR WEST,Calcium,1995-07-08T00:00,0.475,µg/m³,DICHOT,N/A
60211,WINDSOR WEST,Calcium,1995-07-14T00:00,0.131,µg/m³,DICHOT,N/A
60211,WINDSOR WEST,Calcium,1995-07-14T00:00,0.991,µg/m³,DICHOT,N/A
60211,WINDSOR WEST,Calcium,1995-07-20T00:00,0.058,µg/m³,DICHOT,N/A
60211,WINDSOR WEST,Calcium,1995-07-20T00:00,0.460,µg/m³,DICHOT,N/A
60211,WINDSOR WEST,Calcium,1995-07-26T00:00,0.042,µg/m³,DICHOT,N/A
60211,WINDSOR WEST,Calcium,1995-07-26T00:00,0.443,µg/m³,DICHOT,N/A
60211,WINDSOR WEST,Calcium,1995-08-01T00:00,0.046,µg/m³,DICHOT,N/A
60211,WINDSOR WEST,Calcium,1995-08-01T00:00,0.539,µg/m³,DICHOT,N/A
60211,WINDSOR WEST,Calcium,1995-08-07T00:00,0.000,µg/m³,DICHOT,N/A
60211,WINDSOR WEST,Calcium,1995-08-07T00:00,0.163,µg/m³,DICHOT,N/A
60211,WINDSOR WEST,Calcium,1995-08-13T00:00,0.089,µg/m³,DICHOT,N/A
60211,WINDSOR WEST,Calcium,1995-08-13T00:00,0.328,µg/m³,DICHOT,N/A
60211,WINDSOR WEST,Calcium,1995-08-19T00:00,0.007,µg/m³,DICHOT,N/A
60211,WINDSOR WEST,Calcium,1995-08-19T00:00,0.457,µg/m³,DICHOT,N/A
60211,WINDSOR WEST,Calcium,1995-08-25T00:00,0.017,µg/m³,DICHOT,N/A
60211,WINDSOR WEST,Calcium,1995-08-25T00:00,0.367,µg/m³,DICHOT,N/A
60211,WINDSOR WEST,Calcium,1995-08-31T00:00,0.093,µg/m³,DICHOT,N/A
60211,WINDSOR WEST,Calcium,1995-08-31T00:00,2.560,µg/m³,DICHOT,N/A
60211,WINDSOR WEST,Calcium,1995-09-06T00:00,0.090,µg/m³,DICHOT,N/A
60211,WINDSOR WEST,Calcium,1995-09-06T00:00,2.030,µg/m³,DICHOT,N/A
60211,WINDSOR WEST,Calcium,1995-09-12T00:00,0.055,µg/m³,DICHOT,N/A
60211,WINDSOR WEST,Calcium,1995-09-12T00:00,0.773,µg/m³,DICHOT,N/A
60211,WINDSOR WEST,Calcium,1995-09-18T00:00,0.041,µg/m³,DICHOT,N/A
60211,WINDSOR WEST,Calcium,1995-09-18T00:00,1.000,µg/m³,DICHOT,N/A
60211,WINDSOR WEST,Calcium,1995-09-24T00:00,0.044,µg/m³,DICHOT,N/A
60211,WINDSOR WEST,Calcium,1995-09-24T00:00,0.804,µg/m³,DICHOT,N/A
60211,WINDSOR WEST,Calcium,1995-09-30T00:00,0.045,µg/m³,DICHOT,N/A
60211,WINDSOR WEST,Calcium,1995-09-30T00:00,0.586,µg/m³,DICHOT,N/A
60211,WINDSOR WEST,Calcium,1995-10-12T00:00,0.087,µg/m³,DICHOT,N/A
60211,WINDSOR WEST,Calcium,1995-10-12T00:00,2.160,µg/m³,DICHOT,N/A
60211,WINDSOR WEST,Calcium,1995-10-18T00:00,0.099,µg/m³,DICHOT,N/A
60211,WINDSOR WEST,Calcium,1995-10-18T00:00,2.620,µg/m³,DICHOT,N/A
60211,WINDSOR WEST,Calcium,1995-10-24T00:00,0.186,µg/m³,DICHOT,N/A
60211,WINDSOR WEST,Calcium,1995-10-24T00:00,2.060,µg/m³,DICHOT,N/A
60211,WINDSOR WEST,Calcium,1995-10-30T00:00,0.070,µg/m³,DICHOT,N/A
60211,WINDSOR WEST,Calcium,1995-10-30T00:00,1.560,µg/m³,DICHOT,N/A
60211,WINDSOR WEST,Calcium,1995-11-05T00:00,0.027,µg/m³,DICHOT,N/A
60211,WINDSOR WEST,Calcium,1995-11-05T00:00,0.729,µg/m³,DICHOT,N/A
60211,WINDSOR WEST,Calcium,1995-11-11T00:00,0.010,µg/m³,DICHOT,N/A
60211,WINDSOR WEST,Calcium,1995-11-11T00:00,0.338,µg/m³,DICHOT,N/A
60211,WINDSOR WEST,Calcium,1995-11-17T00:00,0.016,µg/m³,DICHOT,N/A
60211,WINDSOR WEST,Calcium,1995-11-17T00:00,0.301,µg/m³,DICHOT,N/A
60211,WINDSOR WEST,Calcium,1995-11-29T00:00,0.068,µg/m³,DICHOT,N/A
60211,WINDSOR WEST,Calcium,1995-11-29T00:00,1.440,µg/m³,DICHOT,N/A
60211,WINDSOR WEST,Calcium,1995-12-11T00:00,0.059,µg/m³,DICHOT,N/A
60211,WINDSOR WEST,Calcium,1995-12-11T00:00,0.350,µg/m³,DICHOT,N/A
