﻿NAPS_Site_ID,Station_Name,Pollutant,Date,Value,Units,Report_Type,Method
50104,ONTARIO,Cyclohexane,1994-01-02T00:00,0.262,µg/m³,VOC,N/A
50104,ONTARIO,Cyclohexane,1994-01-08T00:00,0.317,µg/m³,VOC,N/A
50104,ONTARIO,Cyclohexane,1994-01-14T00:00,0.646,µg/m³,VOC,N/A
50104,ONTARIO,Cyclohexane,1994-01-20T00:00,0.651,µg/m³,VOC,N/A
50104,ONTARIO,Cyclohexane,1994-01-26T00:00,0.453,µg/m³,VOC,N/A
50104,ONTARIO,Cyclohexane,1994-02-01T00:00,0.586,µg/m³,VOC,N/A
50104,ONTARIO,Cyclohexane,1994-02-07T00:00,0.302,µg/m³,VOC,N/A
50104,ONTARIO,Cyclohexane,1994-02-13T00:00,0.332,µg/m³,VOC,N/A
50104,ONTARIO,Cyclohexane,1994-02-19T00:00,1.569,µg/m³,VOC,N/A
50104,ONTARIO,Cyclohexane,1994-02-25T00:00,0.448,µg/m³,VOC,N/A
50104,ONTARIO,Cyclohexane,1994-03-03T00:00,0.835,µg/m³,VOC,N/A
50104,ONTARIO,Cyclohexane,1994-03-09T00:00,0.435,µg/m³,VOC,N/A
50104,ONTARIO,Cyclohexane,1994-03-15T00:00,0.671,µg/m³,VOC,N/A
50104,ONTARIO,Cyclohexane,1994-03-21T00:00,0.990,µg/m³,VOC,N/A
50104,ONTARIO,Cyclohexane,1994-03-27T00:00,0.428,µg/m³,VOC,N/A
50104,ONTARIO,Cyclohexane,1994-04-02T00:00,0.282,µg/m³,VOC,N/A
50104,ONTARIO,Cyclohexane,1994-04-08T00:00,0.423,µg/m³,VOC,N/A
50104,ONTARIO,Cyclohexane,1994-04-14T00:00,0.314,µg/m³,VOC,N/A
50104,ONTARIO,Cyclohexane,1994-04-20T00:00,0.238,µg/m³,VOC,N/A
50104,ONTARIO,Cyclohexane,1994-04-26T00:00,0.316,µg/m³,VOC,N/A
50104,ONTARIO,Cyclohexane,1994-05-02T00:00,0.129,µg/m³,VOC,N/A
50104,ONTARIO,Cyclohexane,1994-05-08T00:00,0.299,µg/m³,VOC,N/A
50104,ONTARIO,Cyclohexane,1994-05-14T00:00,0.236,µg/m³,VOC,N/A
50104,ONTARIO,Cyclohexane,1994-05-20T00:00,0.449,µg/m³,VOC,N/A
50104,ONTARIO,Cyclohexane,1994-05-26T00:00,0.220,µg/m³,VOC,N/A
50104,ONTARIO,Cyclohexane,1994-06-01T00:00,0.108,µg/m³,VOC,N/A
50104,ONTARIO,Cyclohexane,1994-06-07T00:00,0.527,µg/m³,VOC,N/A
50104,ONTARIO,Cyclohexane,1994-06-13T00:00,0.215,µg/m³,VOC,N/A
50104,ONTARIO,Cyclohexane,1994-06-25T00:00,0.140,µg/m³,VOC,N/A
50104,ONTARIO,Cyclohexane,1994-07-01T00:00,0.171,µg/m³,VOC,N/A
50104,ONTARIO,Cyclohexane,1994-07-07T00:00,0.553,µg/m³,VOC,N/A
50104,ONTARIO,Cyclohexane,1994-07-13T00:00,0.180,µg/m³,VOC,N/A
50104,ONTARIO,Cyclohexane,1994-07-25T00:00,0.220,µg/m³,VOC,N/A
50104,ONTARIO,Cyclohexane,1994-07-31T00:00,0.111,µg/m³,VOC,N/A
50104,ONTARIO,Cyclohexane,1994-08-12T00:00,0.175,µg/m³,VOC,N/A
50104,ONTARIO,Cyclohexane,1994-08-18T00:00,0.538,µg/m³,VOC,N/A
50104,ONTARIO,Cyclohexane,1994-08-24T00:00,0.399,µg/m³,VOC,N/A
50104,ONTARIO,Cyclohexane,1994-08-30T00:00,0.166,µg/m³,VOC,N/A
50104,ONTARIO,Cyclohexane,1994-09-05T00:00,0.515,µg/m³,VOC,N/A
50104,ONTARIO,Cyclohexane,1994-09-11T00:00,0.138,µg/m³,VOC,N/A
50104,ONTARIO,Cyclohexane,1994-09-17T00:00,0.131,µg/m³,VOC,N/A
50104,ONTARIO,Cyclohexane,1994-09-23T00:00,0.706,µg/m³,VOC,N/A
50104,ONTARIO,Cyclohexane,1994-09-29T00:00,0.388,µg/m³,VOC,N/A
50104,ONTARIO,Cyclohexane,1994-10-05T00:00,0.285,µg/m³,VOC,N/A
50104,ONTARIO,Cyclohexane,1994-10-11T00:00,0.249,µg/m³,VOC,N/A
50104,ONTARIO,Cyclohexane,1994-10-17T00:00,0.870,µg/m³,VOC,N/A
50104,ONTARIO,Cyclohexane,1994-10-23T00:00,0.560,µg/m³,VOC,N/A
50104,ONTARIO,Cyclohexane,1994-10-29T00:00,0.307,µg/m³,VOC,N/A
50104,ONTARIO,Cyclohexane,1994-11-04T00:00,1.900,µg/m³,VOC,N/A
50104,ONTARIO,Cyclohexane,1994-11-10T00:00,0.319,µg/m³,VOC,N/A
50104,ONTARIO,Cyclohexane,1994-11-16T00:00,0.413,µg/m³,VOC,N/A
50104,ONTARIO,Cyclohexane,1994-11-22T00:00,0.158,µg/m³,VOC,N/A
50104,ONTARIO,Cyclohexane,1994-11-28T00:00,0.339,µg/m³,VOC,N/A
50104,ONTARIO,Cyclohexane,1994-12-04T00:00,0.354,µg/m³,VOC,N/A
50104,ONTARIO,Cyclohexane,1994-12-10T00:00,0.940,µg/m³,VOC,N/A
50104,ONTARIO,Cyclohexane,1994-12-16T00:00,0.700,µg/m³,VOC,N/A
50104,ONTARIO,Cyclohexane,1994-12-22T00:00,0.393,µg/m³,VOC,N/A
50104,ONTARIO,Cyclohexane,1994-12-28T00:00,1.069,µg/m³,VOC,N/A
