﻿NAPS_Site_ID,Station_Name,Pollutant,Date,Value,Units,Report_Type,Method
100128,RICHMOND SOUTH,"2,5-Dimethylhexane",1997-01-22T00:00,0.080,µg/m³,VOC,
100128,RICHMOND SOUTH,"2,5-Dimethylhexane",1997-03-05T00:00,0.080,µg/m³,VOC,
100128,RICHMOND SOUTH,"2,5-Dimethylhexane",1997-04-10T00:00,0.166,µg/m³,VOC,
100128,RICHMOND SOUTH,"2,5-Dimethylhexane",1997-05-22T00:00,0.132,µg/m³,VOC,
100128,RICHMOND SOUTH,"2,5-Dimethylhexane",1997-07-27T00:00,0.068,µg/m³,VOC,
100128,RICHMOND SOUTH,"2,5-Dimethylhexane",1997-08-02T00:00,0.098,µg/m³,VOC,
100128,RICHMOND SOUTH,"2,5-Dimethylhexane",1997-10-19T00:00,0.187,µg/m³,VOC,
100128,RICHMOND SOUTH,"2,5-Dimethylhexane",1997-12-30T00:00,0.400,µg/m³,VOC,
