﻿NAPS_Site_ID,Station_Name,Pollutant,Date,Value,Units,Report_Type,Method
55201,LEMIEUX,Propane,2010-01-14T00:00,2.130,µg/m³,VOC,N/A
55201,LEMIEUX,Propane,2010-01-17T00:00,2.070,µg/m³,VOC,N/A
55201,LEMIEUX,Propane,2010-01-20T00:00,2.963,µg/m³,VOC,N/A
55201,LEMIEUX,Propane,2010-01-23T00:00,1.444,µg/m³,VOC,N/A
55201,LEMIEUX,Propane,2010-01-26T00:00,4.921,µg/m³,VOC,N/A
55201,LEMIEUX,Propane,2010-01-29T00:00,1.717,µg/m³,VOC,N/A
55201,LEMIEUX,Propane,2010-02-01T00:00,1.590,µg/m³,VOC,N/A
55201,LEMIEUX,Propane,2010-02-04T00:00,1.918,µg/m³,VOC,N/A
55201,LEMIEUX,Propane,2010-02-07T00:00,1.592,µg/m³,VOC,N/A
55201,LEMIEUX,Propane,2010-02-10T00:00,1.752,µg/m³,VOC,N/A
55201,LEMIEUX,Propane,2010-02-13T00:00,2.164,µg/m³,VOC,N/A
55201,LEMIEUX,Propane,2010-02-16T00:00,1.607,µg/m³,VOC,N/A
55201,LEMIEUX,Propane,2010-02-19T00:00,1.445,µg/m³,VOC,N/A
55201,LEMIEUX,Propane,2010-02-22T00:00,1.736,µg/m³,VOC,N/A
55201,LEMIEUX,Propane,2010-02-25T00:00,1.377,µg/m³,VOC,N/A
55201,LEMIEUX,Propane,2010-02-28T00:00,1.524,µg/m³,VOC,N/A
55201,LEMIEUX,Propane,2010-03-03T00:00,1.509,µg/m³,VOC,N/A
55201,LEMIEUX,Propane,2010-03-06T00:00,1.374,µg/m³,VOC,N/A
55201,LEMIEUX,Propane,2010-03-09T00:00,2.657,µg/m³,VOC,N/A
55201,LEMIEUX,Propane,2010-03-12T00:00,1.551,µg/m³,VOC,N/A
55201,LEMIEUX,Propane,2010-03-15T00:00,1.377,µg/m³,VOC,N/A
55201,LEMIEUX,Propane,2010-03-18T00:00,1.265,µg/m³,VOC,N/A
55201,LEMIEUX,Propane,2010-03-21T00:00,1.238,µg/m³,VOC,N/A
55201,LEMIEUX,Propane,2010-03-24T00:00,1.155,µg/m³,VOC,N/A
55201,LEMIEUX,Propane,2010-03-27T00:00,1.389,µg/m³,VOC,N/A
55201,LEMIEUX,Propane,2010-03-30T00:00,1.318,µg/m³,VOC,N/A
55201,LEMIEUX,Propane,2010-04-02T00:00,1.404,µg/m³,VOC,N/A
55201,LEMIEUX,Propane,2010-04-05T00:00,1.387,µg/m³,VOC,N/A
55201,LEMIEUX,Propane,2010-04-08T00:00,1.178,µg/m³,VOC,N/A
55201,LEMIEUX,Propane,2010-04-11T00:00,0.783,µg/m³,VOC,N/A
55201,LEMIEUX,Propane,2010-04-14T00:00,0.849,µg/m³,VOC,N/A
55201,LEMIEUX,Propane,2010-04-17T00:00,1.016,µg/m³,VOC,N/A
55201,LEMIEUX,Propane,2010-04-20T00:00,1.275,µg/m³,VOC,N/A
55201,LEMIEUX,Propane,2010-04-23T00:00,0.658,µg/m³,VOC,N/A
55201,LEMIEUX,Propane,2010-04-29T00:00,0.590,µg/m³,VOC,N/A
55201,LEMIEUX,Propane,2010-05-02T00:00,0.860,µg/m³,VOC,N/A
55201,LEMIEUX,Propane,2010-05-05T00:00,0.899,µg/m³,VOC,N/A
55201,LEMIEUX,Propane,2010-05-08T00:00,0.989,µg/m³,VOC,N/A
55201,LEMIEUX,Propane,2010-05-11T00:00,0.571,µg/m³,VOC,N/A
55201,LEMIEUX,Propane,2010-05-14T00:00,0.529,µg/m³,VOC,N/A
55201,LEMIEUX,Propane,2010-05-17T00:00,0.401,µg/m³,VOC,N/A
55201,LEMIEUX,Propane,2010-05-20T00:00,0.523,µg/m³,VOC,N/A
55201,LEMIEUX,Propane,2010-05-23T00:00,0.486,µg/m³,VOC,N/A
55201,LEMIEUX,Propane,2010-05-26T00:00,0.518,µg/m³,VOC,N/A
55201,LEMIEUX,Propane,2010-05-29T00:00,1.011,µg/m³,VOC,N/A
55201,LEMIEUX,Propane,2010-06-01T00:00,1.165,µg/m³,VOC,N/A
55201,LEMIEUX,Propane,2010-06-04T00:00,0.565,µg/m³,VOC,N/A
55201,LEMIEUX,Propane,2010-06-07T00:00,0.189,µg/m³,VOC,N/A
55201,LEMIEUX,Propane,2010-06-10T00:00,0.338,µg/m³,VOC,N/A
55201,LEMIEUX,Propane,2010-06-13T00:00,0.504,µg/m³,VOC,N/A
55201,LEMIEUX,Propane,2010-06-16T00:00,0.288,µg/m³,VOC,N/A
55201,LEMIEUX,Propane,2010-06-19T00:00,0.928,µg/m³,VOC,N/A
55201,LEMIEUX,Propane,2010-06-22T00:00,0.308,µg/m³,VOC,N/A
55201,LEMIEUX,Propane,2010-06-25T00:00,0.173,µg/m³,VOC,N/A
55201,LEMIEUX,Propane,2010-06-28T00:00,0.494,µg/m³,VOC,N/A
55201,LEMIEUX,Propane,2010-07-01T00:00,0.146,µg/m³,VOC,N/A
55201,LEMIEUX,Propane,2010-07-04T00:00,0.656,µg/m³,VOC,N/A
55201,LEMIEUX,Propane,2010-07-07T00:00,1.130,µg/m³,VOC,N/A
55201,LEMIEUX,Propane,2010-07-10T00:00,0.509,µg/m³,VOC,N/A
55201,LEMIEUX,Propane,2010-07-13T00:00,1.190,µg/m³,VOC,N/A
55201,LEMIEUX,Propane,2010-07-19T00:00,1.218,µg/m³,VOC,N/A
55201,LEMIEUX,Propane,2010-07-22T00:00,0.216,µg/m³,VOC,N/A
55201,LEMIEUX,Propane,2010-07-25T00:00,0.198,µg/m³,VOC,N/A
55201,LEMIEUX,Propane,2010-07-28T00:00,0.894,µg/m³,VOC,N/A
55201,LEMIEUX,Propane,2010-07-31T00:00,0.183,µg/m³,VOC,N/A
55201,LEMIEUX,Propane,2010-08-03T00:00,1.092,µg/m³,VOC,N/A
55201,LEMIEUX,Propane,2010-08-06T00:00,0.224,µg/m³,VOC,N/A
55201,LEMIEUX,Propane,2010-08-09T00:00,0.833,µg/m³,VOC,N/A
55201,LEMIEUX,Propane,2010-08-12T00:00,0.570,µg/m³,VOC,N/A
55201,LEMIEUX,Propane,2010-08-15T00:00,0.671,µg/m³,VOC,N/A
55201,LEMIEUX,Propane,2010-08-18T00:00,0.389,µg/m³,VOC,N/A
55201,LEMIEUX,Propane,2010-08-21T00:00,0.584,µg/m³,VOC,N/A
55201,LEMIEUX,Propane,2010-08-24T00:00,0.363,µg/m³,VOC,N/A
55201,LEMIEUX,Propane,2010-08-27T00:00,0.268,µg/m³,VOC,N/A
55201,LEMIEUX,Propane,2010-08-30T00:00,1.350,µg/m³,VOC,N/A
55201,LEMIEUX,Propane,2010-09-02T00:00,0.786,µg/m³,VOC,N/A
55201,LEMIEUX,Propane,2010-09-05T00:00,0.224,µg/m³,VOC,N/A
55201,LEMIEUX,Propane,2010-09-08T00:00,0.837,µg/m³,VOC,N/A
55201,LEMIEUX,Propane,2010-09-11T00:00,0.429,µg/m³,VOC,N/A
55201,LEMIEUX,Propane,2010-09-14T00:00,0.531,µg/m³,VOC,N/A
55201,LEMIEUX,Propane,2010-09-20T00:00,0.306,µg/m³,VOC,N/A
55201,LEMIEUX,Propane,2010-09-23T00:00,0.385,µg/m³,VOC,N/A
55201,LEMIEUX,Propane,2010-09-26T00:00,2.009,µg/m³,VOC,N/A
55201,LEMIEUX,Propane,2010-09-29T00:00,0.824,µg/m³,VOC,N/A
55201,LEMIEUX,Propane,2010-10-02T00:00,0.450,µg/m³,VOC,N/A
55201,LEMIEUX,Propane,2010-10-05T00:00,0.439,µg/m³,VOC,N/A
55201,LEMIEUX,Propane,2010-10-08T00:00,0.479,µg/m³,VOC,N/A
55201,LEMIEUX,Propane,2010-10-11T00:00,0.347,µg/m³,VOC,N/A
55201,LEMIEUX,Propane,2010-10-14T00:00,2.027,µg/m³,VOC,N/A
55201,LEMIEUX,Propane,2010-10-17T00:00,0.771,µg/m³,VOC,N/A
55201,LEMIEUX,Propane,2010-10-20T00:00,0.821,µg/m³,VOC,N/A
55201,LEMIEUX,Propane,2010-10-23T00:00,0.387,µg/m³,VOC,N/A
55201,LEMIEUX,Propane,2010-10-26T00:00,4.234,µg/m³,VOC,N/A
55201,LEMIEUX,Propane,2010-10-29T00:00,0.525,µg/m³,VOC,N/A
55201,LEMIEUX,Propane,2010-11-01T00:00,0.541,µg/m³,VOC,N/A
55201,LEMIEUX,Propane,2010-11-04T00:00,1.268,µg/m³,VOC,N/A
55201,LEMIEUX,Propane,2010-11-07T00:00,0.998,µg/m³,VOC,N/A
55201,LEMIEUX,Propane,2010-11-10T00:00,1.144,µg/m³,VOC,N/A
55201,LEMIEUX,Propane,2010-11-13T00:00,4.639,µg/m³,VOC,N/A
55201,LEMIEUX,Propane,2010-11-16T00:00,1.824,µg/m³,VOC,N/A
55201,LEMIEUX,Propane,2010-11-19T00:00,0.993,µg/m³,VOC,N/A
55201,LEMIEUX,Propane,2010-11-22T00:00,2.060,µg/m³,VOC,N/A
55201,LEMIEUX,Propane,2010-11-25T00:00,1.157,µg/m³,VOC,N/A
55201,LEMIEUX,Propane,2010-11-28T00:00,1.353,µg/m³,VOC,N/A
55201,LEMIEUX,Propane,2010-12-01T00:00,0.975,µg/m³,VOC,N/A
55201,LEMIEUX,Propane,2010-12-04T00:00,1.251,µg/m³,VOC,N/A
55201,LEMIEUX,Propane,2010-12-10T00:00,3.832,µg/m³,VOC,N/A
55201,LEMIEUX,Propane,2010-12-13T00:00,1.415,µg/m³,VOC,N/A
55201,LEMIEUX,Propane,2010-12-16T00:00,1.518,µg/m³,VOC,N/A
55201,LEMIEUX,Propane,2010-12-19T00:00,1.950,µg/m³,VOC,N/A
55201,LEMIEUX,Propane,2010-12-22T00:00,1.063,µg/m³,VOC,N/A
55201,LEMIEUX,Propane,2010-12-25T00:00,0.980,µg/m³,VOC,N/A
55201,LEMIEUX,Propane,2010-12-28T00:00,1.027,µg/m³,VOC,N/A
55201,LEMIEUX,Propane,2010-12-31T00:00,2.569,µg/m³,VOC,N/A
