﻿NAPS_Site_ID,Station_Name,Pollutant,Date,Value,Units,Report_Type,Method
10102,WATER STREET POST OFFICE,Sulphate,2021-01-10T00:00,0.272,µg/m³,PM2.5,IC
10102,WATER STREET POST OFFICE,Sulphate,2021-01-16T00:00,0.508,µg/m³,PM2.5,IC
10102,WATER STREET POST OFFICE,Sulphate,2021-01-22T00:00,0.388,µg/m³,PM2.5,IC
10102,WATER STREET POST OFFICE,Sulphate,2021-01-28T00:00,1.034,µg/m³,PM2.5,IC
10102,WATER STREET POST OFFICE,Sulphate,2021-02-03T00:00,0.336,µg/m³,PM2.5,IC
10102,WATER STREET POST OFFICE,Sulphate,2021-02-09T00:00,0.110,µg/m³,PM2.5,IC
10102,WATER STREET POST OFFICE,Sulphate,2021-02-15T00:00,2.110,µg/m³,PM2.5,IC
10102,WATER STREET POST OFFICE,Sulphate,2021-03-05T00:00,1.418,µg/m³,PM2.5,IC
10102,WATER STREET POST OFFICE,Sulphate,2021-03-11T00:00,1.565,µg/m³,PM2.5,IC
10102,WATER STREET POST OFFICE,Sulphate,2021-03-17T00:00,1.463,µg/m³,PM2.5,IC
10102,WATER STREET POST OFFICE,Sulphate,2021-03-29T00:00,0.923,µg/m³,PM2.5,IC
10102,WATER STREET POST OFFICE,Sulphate,2021-04-04T00:00,0.673,µg/m³,PM2.5,IC
10102,WATER STREET POST OFFICE,Sulphate,2021-04-10T00:00,0.085,µg/m³,PM2.5,IC
10102,WATER STREET POST OFFICE,Sulphate,2021-04-16T00:00,0.758,µg/m³,PM2.5,IC
10102,WATER STREET POST OFFICE,Sulphate,2021-04-22T00:00,1.367,µg/m³,PM2.5,IC
10102,WATER STREET POST OFFICE,Sulphate,2021-04-28T00:00,0.979,µg/m³,PM2.5,IC
10102,WATER STREET POST OFFICE,Sulphate,2021-05-10T00:00,0.780,µg/m³,PM2.5,IC
10102,WATER STREET POST OFFICE,Sulphate,2021-05-16T00:00,2.588,µg/m³,PM2.5,IC
10102,WATER STREET POST OFFICE,Sulphate,2021-05-22T00:00,1.635,µg/m³,PM2.5,IC
10102,WATER STREET POST OFFICE,Sulphate,2021-05-28T00:00,0.994,µg/m³,PM2.5,IC
10102,WATER STREET POST OFFICE,Sulphate,2021-06-03T00:00,1.112,µg/m³,PM2.5,IC
10102,WATER STREET POST OFFICE,Sulphate,2021-06-09T00:00,0.582,µg/m³,PM2.5,IC
10102,WATER STREET POST OFFICE,Sulphate,2021-06-15T00:00,1.737,µg/m³,PM2.5,IC
10102,WATER STREET POST OFFICE,Sulphate,2021-06-27T00:00,0.004,µg/m³,PM2.5,IC
10102,WATER STREET POST OFFICE,Sulphate,2021-07-03T00:00,0.392,µg/m³,PM2.5,IC
10102,WATER STREET POST OFFICE,Sulphate,2021-07-15T00:00,0.502,µg/m³,PM2.5,IC
10102,WATER STREET POST OFFICE,Sulphate,2021-07-21T00:00,0.372,µg/m³,PM2.5,IC
10102,WATER STREET POST OFFICE,Sulphate,2021-07-27T00:00,0.679,µg/m³,PM2.5,IC
10102,WATER STREET POST OFFICE,Sulphate,2021-08-02T00:00,0.561,µg/m³,PM2.5,IC
10102,WATER STREET POST OFFICE,Sulphate,2021-08-08T00:00,0.410,µg/m³,PM2.5,IC
10102,WATER STREET POST OFFICE,Sulphate,2021-08-14T00:00,1.513,µg/m³,PM2.5,IC
10102,WATER STREET POST OFFICE,Sulphate,2021-08-26T00:00,0.313,µg/m³,PM2.5,IC
10102,WATER STREET POST OFFICE,Sulphate,2021-09-01T00:00,0.220,µg/m³,PM2.5,IC
10102,WATER STREET POST OFFICE,Sulphate,2021-09-07T00:00,0.353,µg/m³,PM2.5,IC
10102,WATER STREET POST OFFICE,Sulphate,2021-09-19T00:00,0.561,µg/m³,PM2.5,IC
10102,WATER STREET POST OFFICE,Sulphate,2021-09-25T00:00,0.567,µg/m³,PM2.5,IC
10102,WATER STREET POST OFFICE,Sulphate,2021-10-01T00:00,0.340,µg/m³,PM2.5,IC
10102,WATER STREET POST OFFICE,Sulphate,2021-10-07T00:00,0.500,µg/m³,PM2.5,IC
10102,WATER STREET POST OFFICE,Sulphate,2021-10-19T00:00,0.513,µg/m³,PM2.5,IC
10102,WATER STREET POST OFFICE,Sulphate,2021-10-25T00:00,0.313,µg/m³,PM2.5,IC
10102,WATER STREET POST OFFICE,Sulphate,2021-10-31T00:00,0.683,µg/m³,PM2.5,IC
10102,WATER STREET POST OFFICE,Sulphate,2021-11-06T00:00,0.360,µg/m³,PM2.5,IC
10102,WATER STREET POST OFFICE,Sulphate,2021-11-12T00:00,0.217,µg/m³,PM2.5,IC
10102,WATER STREET POST OFFICE,Sulphate,2021-11-18T00:00,0.433,µg/m³,PM2.5,IC
10102,WATER STREET POST OFFICE,Sulphate,2021-11-24T00:00,0.207,µg/m³,PM2.5,IC
10102,WATER STREET POST OFFICE,Sulphate,2021-11-30T00:00,0.259,µg/m³,PM2.5,IC
10102,WATER STREET POST OFFICE,Sulphate,2021-12-06T00:00,0.803,µg/m³,PM2.5,IC
