﻿NAPS_Site_ID,Station_Name,Pollutant,Date,Value,Units,Report_Type,Method
40208,CHAMPLAIN HEIGHTS SCHOOL,n-Propylbenzene,2008-01-13T00:00,0.117,µg/m³,VOC,N/A
40208,CHAMPLAIN HEIGHTS SCHOOL,n-Propylbenzene,2008-01-19T00:00,0.080,µg/m³,VOC,N/A
40208,CHAMPLAIN HEIGHTS SCHOOL,n-Propylbenzene,2008-01-25T00:00,0.062,µg/m³,VOC,N/A
40208,CHAMPLAIN HEIGHTS SCHOOL,n-Propylbenzene,2008-01-31T00:00,0.074,µg/m³,VOC,N/A
40208,CHAMPLAIN HEIGHTS SCHOOL,n-Propylbenzene,2008-02-06T00:00,0.027,µg/m³,VOC,N/A
40208,CHAMPLAIN HEIGHTS SCHOOL,n-Propylbenzene,2008-03-07T00:00,0.132,µg/m³,VOC,N/A
40208,CHAMPLAIN HEIGHTS SCHOOL,n-Propylbenzene,2008-03-19T00:00,0.046,µg/m³,VOC,N/A
40208,CHAMPLAIN HEIGHTS SCHOOL,n-Propylbenzene,2008-03-25T00:00,0.041,µg/m³,VOC,N/A
40208,CHAMPLAIN HEIGHTS SCHOOL,n-Propylbenzene,2008-03-31T00:00,0.257,µg/m³,VOC,N/A
40208,CHAMPLAIN HEIGHTS SCHOOL,n-Propylbenzene,2008-04-06T00:00,0.024,µg/m³,VOC,N/A
40208,CHAMPLAIN HEIGHTS SCHOOL,n-Propylbenzene,2008-04-12T00:00,0.028,µg/m³,VOC,N/A
40208,CHAMPLAIN HEIGHTS SCHOOL,n-Propylbenzene,2008-04-24T00:00,0.021,µg/m³,VOC,N/A
40208,CHAMPLAIN HEIGHTS SCHOOL,n-Propylbenzene,2008-04-30T00:00,0.091,µg/m³,VOC,N/A
40208,CHAMPLAIN HEIGHTS SCHOOL,n-Propylbenzene,2008-05-06T00:00,0.212,µg/m³,VOC,N/A
40208,CHAMPLAIN HEIGHTS SCHOOL,n-Propylbenzene,2008-05-18T00:00,0.723,µg/m³,VOC,N/A
40208,CHAMPLAIN HEIGHTS SCHOOL,n-Propylbenzene,2008-05-24T00:00,0.303,µg/m³,VOC,N/A
40208,CHAMPLAIN HEIGHTS SCHOOL,n-Propylbenzene,2008-05-30T00:00,0.454,µg/m³,VOC,N/A
40208,CHAMPLAIN HEIGHTS SCHOOL,n-Propylbenzene,2008-06-05T00:00,0.020,µg/m³,VOC,N/A
40208,CHAMPLAIN HEIGHTS SCHOOL,n-Propylbenzene,2008-06-11T00:00,0.811,µg/m³,VOC,N/A
40208,CHAMPLAIN HEIGHTS SCHOOL,n-Propylbenzene,2008-06-17T00:00,0.140,µg/m³,VOC,N/A
40208,CHAMPLAIN HEIGHTS SCHOOL,n-Propylbenzene,2008-06-23T00:00,1.318,µg/m³,VOC,N/A
40208,CHAMPLAIN HEIGHTS SCHOOL,n-Propylbenzene,2008-06-29T00:00,0.009,µg/m³,VOC,N/A
40208,CHAMPLAIN HEIGHTS SCHOOL,n-Propylbenzene,2008-07-05T00:00,0.860,µg/m³,VOC,N/A
40208,CHAMPLAIN HEIGHTS SCHOOL,n-Propylbenzene,2008-07-11T00:00,0.135,µg/m³,VOC,N/A
40208,CHAMPLAIN HEIGHTS SCHOOL,n-Propylbenzene,2008-07-17T00:00,0.991,µg/m³,VOC,N/A
40208,CHAMPLAIN HEIGHTS SCHOOL,n-Propylbenzene,2008-07-23T00:00,0.264,µg/m³,VOC,N/A
40208,CHAMPLAIN HEIGHTS SCHOOL,n-Propylbenzene,2008-07-29T00:00,0.605,µg/m³,VOC,N/A
40208,CHAMPLAIN HEIGHTS SCHOOL,n-Propylbenzene,2008-08-04T00:00,0.022,µg/m³,VOC,N/A
40208,CHAMPLAIN HEIGHTS SCHOOL,n-Propylbenzene,2008-08-10T00:00,0.592,µg/m³,VOC,N/A
40208,CHAMPLAIN HEIGHTS SCHOOL,n-Propylbenzene,2008-08-16T00:00,0.940,µg/m³,VOC,N/A
40208,CHAMPLAIN HEIGHTS SCHOOL,n-Propylbenzene,2008-08-28T00:00,0.031,µg/m³,VOC,N/A
40208,CHAMPLAIN HEIGHTS SCHOOL,n-Propylbenzene,2008-09-03T00:00,0.022,µg/m³,VOC,N/A
40208,CHAMPLAIN HEIGHTS SCHOOL,n-Propylbenzene,2008-09-09T00:00,0.726,µg/m³,VOC,N/A
40208,CHAMPLAIN HEIGHTS SCHOOL,n-Propylbenzene,2008-09-15T00:00,0.380,µg/m³,VOC,N/A
40208,CHAMPLAIN HEIGHTS SCHOOL,n-Propylbenzene,2008-09-21T00:00,0.090,µg/m³,VOC,N/A
40208,CHAMPLAIN HEIGHTS SCHOOL,n-Propylbenzene,2008-09-27T00:00,0.025,µg/m³,VOC,N/A
40208,CHAMPLAIN HEIGHTS SCHOOL,n-Propylbenzene,2008-10-03T00:00,0.762,µg/m³,VOC,N/A
40208,CHAMPLAIN HEIGHTS SCHOOL,n-Propylbenzene,2008-10-09T00:00,0.711,µg/m³,VOC,N/A
40208,CHAMPLAIN HEIGHTS SCHOOL,n-Propylbenzene,2008-10-15T00:00,0.225,µg/m³,VOC,N/A
40208,CHAMPLAIN HEIGHTS SCHOOL,n-Propylbenzene,2008-10-21T00:00,0.018,µg/m³,VOC,N/A
40208,CHAMPLAIN HEIGHTS SCHOOL,n-Propylbenzene,2008-10-27T00:00,0.504,µg/m³,VOC,N/A
40208,CHAMPLAIN HEIGHTS SCHOOL,n-Propylbenzene,2008-11-02T00:00,0.053,µg/m³,VOC,N/A
40208,CHAMPLAIN HEIGHTS SCHOOL,n-Propylbenzene,2008-11-08T00:00,0.037,µg/m³,VOC,N/A
40208,CHAMPLAIN HEIGHTS SCHOOL,n-Propylbenzene,2008-11-14T00:00,0.020,µg/m³,VOC,N/A
40208,CHAMPLAIN HEIGHTS SCHOOL,n-Propylbenzene,2008-11-20T00:00,0.055,µg/m³,VOC,N/A
40208,CHAMPLAIN HEIGHTS SCHOOL,n-Propylbenzene,2008-11-26T00:00,0.021,µg/m³,VOC,N/A
40208,CHAMPLAIN HEIGHTS SCHOOL,n-Propylbenzene,2008-12-02T00:00,0.723,µg/m³,VOC,N/A
40208,CHAMPLAIN HEIGHTS SCHOOL,n-Propylbenzene,2008-12-08T00:00,0.019,µg/m³,VOC,N/A
40208,CHAMPLAIN HEIGHTS SCHOOL,n-Propylbenzene,2008-12-14T00:00,0.157,µg/m³,VOC,N/A
