﻿NAPS_Site_ID,Station_Name,Pollutant,Date,Value,Units,Report_Type,Method
64401,EGBERT,trans-2-Pentene,1996-01-04T00:00,0.010,µg/m³,VOC,
64401,EGBERT,trans-2-Pentene,1996-01-04T00:00,0.011,µg/m³,VOC,
64401,EGBERT,trans-2-Pentene,1996-01-10T00:00,0.000,µg/m³,VOC,
64401,EGBERT,trans-2-Pentene,1996-01-10T00:00,0.011,µg/m³,VOC,
64401,EGBERT,trans-2-Pentene,1996-01-16T00:00,0.036,µg/m³,VOC,
64401,EGBERT,trans-2-Pentene,1996-01-16T00:00,0.044,µg/m³,VOC,
64401,EGBERT,trans-2-Pentene,1996-01-22T00:00,0.011,µg/m³,VOC,
64401,EGBERT,trans-2-Pentene,1996-01-22T00:00,0.023,µg/m³,VOC,
64401,EGBERT,trans-2-Pentene,1996-01-28T00:00,0.000,µg/m³,VOC,
64401,EGBERT,trans-2-Pentene,1996-01-28T00:00,0.021,µg/m³,VOC,
64401,EGBERT,trans-2-Pentene,1996-02-03T00:00,0.000,µg/m³,VOC,
64401,EGBERT,trans-2-Pentene,1996-02-03T00:00,0.000,µg/m³,VOC,
64401,EGBERT,trans-2-Pentene,1996-02-09T00:00,0.000,µg/m³,VOC,
64401,EGBERT,trans-2-Pentene,1996-02-09T00:00,0.000,µg/m³,VOC,
64401,EGBERT,trans-2-Pentene,1996-02-15T00:00,0.000,µg/m³,VOC,
64401,EGBERT,trans-2-Pentene,1996-02-16T00:00,0.000,µg/m³,VOC,
64401,EGBERT,trans-2-Pentene,1996-02-21T00:00,0.000,µg/m³,VOC,
64401,EGBERT,trans-2-Pentene,1996-02-21T00:00,0.057,µg/m³,VOC,
64401,EGBERT,trans-2-Pentene,1996-02-27T00:00,0.014,µg/m³,VOC,
64401,EGBERT,trans-2-Pentene,1996-02-27T00:00,0.036,µg/m³,VOC,
64401,EGBERT,trans-2-Pentene,1996-03-04T00:00,0.000,µg/m³,VOC,
64401,EGBERT,trans-2-Pentene,1996-03-04T00:00,0.013,µg/m³,VOC,
64401,EGBERT,trans-2-Pentene,1996-03-10T00:00,0.000,µg/m³,VOC,
64401,EGBERT,trans-2-Pentene,1996-03-10T00:00,0.000,µg/m³,VOC,
64401,EGBERT,trans-2-Pentene,1996-03-16T00:00,0.000,µg/m³,VOC,
64401,EGBERT,trans-2-Pentene,1996-03-16T00:00,0.000,µg/m³,VOC,
64401,EGBERT,trans-2-Pentene,1996-03-22T00:00,0.000,µg/m³,VOC,
64401,EGBERT,trans-2-Pentene,1996-03-22T00:00,0.000,µg/m³,VOC,
64401,EGBERT,trans-2-Pentene,1996-03-28T00:00,0.000,µg/m³,VOC,
64401,EGBERT,trans-2-Pentene,1996-03-28T00:00,0.015,µg/m³,VOC,
64401,EGBERT,trans-2-Pentene,1996-04-03T00:00,0.012,µg/m³,VOC,
64401,EGBERT,trans-2-Pentene,1996-04-09T00:00,0.000,µg/m³,VOC,
64401,EGBERT,trans-2-Pentene,1996-04-09T00:00,0.021,µg/m³,VOC,
64401,EGBERT,trans-2-Pentene,1996-04-15T00:00,0.000,µg/m³,VOC,
64401,EGBERT,trans-2-Pentene,1996-04-15T00:00,0.000,µg/m³,VOC,
64401,EGBERT,trans-2-Pentene,1996-04-21T00:00,0.000,µg/m³,VOC,
64401,EGBERT,trans-2-Pentene,1996-04-21T00:00,0.021,µg/m³,VOC,
64401,EGBERT,trans-2-Pentene,1996-04-27T00:00,0.000,µg/m³,VOC,
64401,EGBERT,trans-2-Pentene,1996-04-27T00:00,0.000,µg/m³,VOC,
64401,EGBERT,trans-2-Pentene,1996-05-03T00:00,0.000,µg/m³,VOC,
64401,EGBERT,trans-2-Pentene,1996-05-03T00:00,0.000,µg/m³,VOC,
64401,EGBERT,trans-2-Pentene,1996-05-09T00:00,0.000,µg/m³,VOC,
64401,EGBERT,trans-2-Pentene,1996-05-09T00:00,0.024,µg/m³,VOC,
64401,EGBERT,trans-2-Pentene,1996-05-15T00:00,0.000,µg/m³,VOC,
64401,EGBERT,trans-2-Pentene,1996-05-15T00:00,0.000,µg/m³,VOC,
64401,EGBERT,trans-2-Pentene,1996-05-21T00:00,0.000,µg/m³,VOC,
64401,EGBERT,trans-2-Pentene,1996-05-21T00:00,0.013,µg/m³,VOC,
64401,EGBERT,trans-2-Pentene,1996-05-27T00:00,0.000,µg/m³,VOC,
64401,EGBERT,trans-2-Pentene,1996-05-27T00:00,1.027,µg/m³,VOC,
64401,EGBERT,trans-2-Pentene,1996-06-01T00:00,0.000,µg/m³,VOC,
64401,EGBERT,trans-2-Pentene,1996-06-03T00:00,0.000,µg/m³,VOC,
64401,EGBERT,trans-2-Pentene,1996-06-07T00:00,0.000,µg/m³,VOC,
64401,EGBERT,trans-2-Pentene,1996-06-09T00:00,0.000,µg/m³,VOC,
64401,EGBERT,trans-2-Pentene,1996-06-11T00:00,0.000,µg/m³,VOC,
64401,EGBERT,trans-2-Pentene,1996-06-13T00:00,0.000,µg/m³,VOC,
64401,EGBERT,trans-2-Pentene,1996-06-17T00:00,0.000,µg/m³,VOC,
64401,EGBERT,trans-2-Pentene,1996-06-19T00:00,0.000,µg/m³,VOC,
64401,EGBERT,trans-2-Pentene,1996-06-21T00:00,0.000,µg/m³,VOC,
64401,EGBERT,trans-2-Pentene,1996-06-25T00:00,0.000,µg/m³,VOC,
64401,EGBERT,trans-2-Pentene,1996-06-27T00:00,0.000,µg/m³,VOC,
64401,EGBERT,trans-2-Pentene,1996-06-29T00:00,0.000,µg/m³,VOC,
64401,EGBERT,trans-2-Pentene,1996-07-01T00:00,0.000,µg/m³,VOC,
64401,EGBERT,trans-2-Pentene,1996-07-03T00:00,0.000,µg/m³,VOC,
64401,EGBERT,trans-2-Pentene,1996-07-05T00:00,0.000,µg/m³,VOC,
64401,EGBERT,trans-2-Pentene,1996-07-07T00:00,0.000,µg/m³,VOC,
64401,EGBERT,trans-2-Pentene,1996-07-09T00:00,0.000,µg/m³,VOC,
64401,EGBERT,trans-2-Pentene,1996-07-11T00:00,0.000,µg/m³,VOC,
64401,EGBERT,trans-2-Pentene,1996-07-15T00:00,0.000,µg/m³,VOC,
64401,EGBERT,trans-2-Pentene,1996-07-17T00:00,0.000,µg/m³,VOC,
64401,EGBERT,trans-2-Pentene,1996-07-19T00:00,0.000,µg/m³,VOC,
64401,EGBERT,trans-2-Pentene,1996-07-21T00:00,0.000,µg/m³,VOC,
64401,EGBERT,trans-2-Pentene,1996-07-23T00:00,0.000,µg/m³,VOC,
64401,EGBERT,trans-2-Pentene,1996-07-25T00:00,0.000,µg/m³,VOC,
64401,EGBERT,trans-2-Pentene,1996-07-27T00:00,0.000,µg/m³,VOC,
64401,EGBERT,trans-2-Pentene,1996-07-29T00:00,0.000,µg/m³,VOC,
64401,EGBERT,trans-2-Pentene,1996-07-31T00:00,0.000,µg/m³,VOC,
64401,EGBERT,trans-2-Pentene,1996-08-02T00:00,0.000,µg/m³,VOC,
64401,EGBERT,trans-2-Pentene,1996-08-04T00:00,0.356,µg/m³,VOC,
64401,EGBERT,trans-2-Pentene,1996-08-06T00:00,0.000,µg/m³,VOC,
64401,EGBERT,trans-2-Pentene,1996-08-08T00:00,0.000,µg/m³,VOC,
64401,EGBERT,trans-2-Pentene,1996-08-10T00:00,0.000,µg/m³,VOC,
64401,EGBERT,trans-2-Pentene,1996-08-12T00:00,0.000,µg/m³,VOC,
64401,EGBERT,trans-2-Pentene,1996-08-14T00:00,0.000,µg/m³,VOC,
64401,EGBERT,trans-2-Pentene,1996-08-16T00:00,0.000,µg/m³,VOC,
64401,EGBERT,trans-2-Pentene,1996-08-18T00:00,0.000,µg/m³,VOC,
64401,EGBERT,trans-2-Pentene,1996-08-20T00:00,0.000,µg/m³,VOC,
64401,EGBERT,trans-2-Pentene,1996-08-22T00:00,0.000,µg/m³,VOC,
64401,EGBERT,trans-2-Pentene,1996-08-24T00:00,0.000,µg/m³,VOC,
64401,EGBERT,trans-2-Pentene,1996-08-26T00:00,0.000,µg/m³,VOC,
64401,EGBERT,trans-2-Pentene,1996-08-28T00:00,0.000,µg/m³,VOC,
64401,EGBERT,trans-2-Pentene,1996-08-30T00:00,0.000,µg/m³,VOC,
64401,EGBERT,trans-2-Pentene,1996-09-01T00:00,0.000,µg/m³,VOC,
64401,EGBERT,trans-2-Pentene,1996-09-03T00:00,0.000,µg/m³,VOC,
64401,EGBERT,trans-2-Pentene,1996-09-05T00:00,0.000,µg/m³,VOC,
64401,EGBERT,trans-2-Pentene,1996-09-07T00:00,0.000,µg/m³,VOC,
64401,EGBERT,trans-2-Pentene,1996-09-09T00:00,0.000,µg/m³,VOC,
64401,EGBERT,trans-2-Pentene,1996-09-11T00:00,0.000,µg/m³,VOC,
64401,EGBERT,trans-2-Pentene,1996-09-13T00:00,0.000,µg/m³,VOC,
64401,EGBERT,trans-2-Pentene,1996-09-15T00:00,0.000,µg/m³,VOC,
64401,EGBERT,trans-2-Pentene,1996-09-18T00:00,0.000,µg/m³,VOC,
64401,EGBERT,trans-2-Pentene,1996-09-18T00:00,0.526,µg/m³,VOC,
64401,EGBERT,trans-2-Pentene,1996-09-30T00:00,0.000,µg/m³,VOC,
64401,EGBERT,trans-2-Pentene,1996-09-30T00:00,0.172,µg/m³,VOC,
64401,EGBERT,trans-2-Pentene,1996-10-06T00:00,0.000,µg/m³,VOC,
64401,EGBERT,trans-2-Pentene,1996-10-06T00:00,0.000,µg/m³,VOC,
64401,EGBERT,trans-2-Pentene,1996-10-12T00:00,0.000,µg/m³,VOC,
64401,EGBERT,trans-2-Pentene,1996-10-12T00:00,0.000,µg/m³,VOC,
64401,EGBERT,trans-2-Pentene,1996-10-18T00:00,0.000,µg/m³,VOC,
64401,EGBERT,trans-2-Pentene,1996-10-18T00:00,0.000,µg/m³,VOC,
64401,EGBERT,trans-2-Pentene,1996-10-24T00:00,0.000,µg/m³,VOC,
64401,EGBERT,trans-2-Pentene,1996-10-24T00:00,0.000,µg/m³,VOC,
64401,EGBERT,trans-2-Pentene,1996-10-30T00:00,0.000,µg/m³,VOC,
64401,EGBERT,trans-2-Pentene,1996-10-30T00:00,0.000,µg/m³,VOC,
64401,EGBERT,trans-2-Pentene,1996-11-05T00:00,0.054,µg/m³,VOC,
64401,EGBERT,trans-2-Pentene,1996-11-05T00:00,0.063,µg/m³,VOC,
64401,EGBERT,trans-2-Pentene,1996-11-11T00:00,0.000,µg/m³,VOC,
64401,EGBERT,trans-2-Pentene,1996-11-11T00:00,0.000,µg/m³,VOC,
64401,EGBERT,trans-2-Pentene,1996-11-17T00:00,0.069,µg/m³,VOC,
64401,EGBERT,trans-2-Pentene,1996-11-17T00:00,0.125,µg/m³,VOC,
64401,EGBERT,trans-2-Pentene,1996-11-23T00:00,0.000,µg/m³,VOC,
64401,EGBERT,trans-2-Pentene,1996-11-23T00:00,0.019,µg/m³,VOC,
64401,EGBERT,trans-2-Pentene,1996-12-05T00:00,0.040,µg/m³,VOC,
64401,EGBERT,trans-2-Pentene,1996-12-05T00:00,0.050,µg/m³,VOC,
64401,EGBERT,trans-2-Pentene,1996-12-11T00:00,0.000,µg/m³,VOC,
64401,EGBERT,trans-2-Pentene,1996-12-11T00:00,0.000,µg/m³,VOC,
64401,EGBERT,trans-2-Pentene,1996-12-17T00:00,0.000,µg/m³,VOC,
64401,EGBERT,trans-2-Pentene,1996-12-17T00:00,0.049,µg/m³,VOC,
64401,EGBERT,trans-2-Pentene,1996-12-23T00:00,0.117,µg/m³,VOC,
64401,EGBERT,trans-2-Pentene,1996-12-23T00:00,0.130,µg/m³,VOC,
64401,EGBERT,trans-2-Pentene,1996-12-29T00:00,0.000,µg/m³,VOC,
64401,EGBERT,trans-2-Pentene,1996-12-29T00:00,0.000,µg/m³,VOC,
