﻿NAPS_Site_ID,Station_Name,Pollutant,Date,Value,Units,Report_Type,Method
101101,CHILLIWACK AIRPORT,cis-2-Butene,2019-01-03T00:00,0.023,µg/m³,VOC,GC-MS
101101,CHILLIWACK AIRPORT,cis-2-Butene,2019-01-09T00:00,0.013,µg/m³,VOC,GC-MS
101101,CHILLIWACK AIRPORT,cis-2-Butene,2019-01-21T00:00,0.073,µg/m³,VOC,GC-MS
101101,CHILLIWACK AIRPORT,cis-2-Butene,2019-02-02T00:00,0.014,µg/m³,VOC,GC-MS
101101,CHILLIWACK AIRPORT,cis-2-Butene,2019-02-14T00:00,0.005,µg/m³,VOC,GC-MS
101101,CHILLIWACK AIRPORT,cis-2-Butene,2019-02-26T00:00,0.005,µg/m³,VOC,GC-MS
101101,CHILLIWACK AIRPORT,cis-2-Butene,2019-03-10T00:00,0.048,µg/m³,VOC,GC-MS
101101,CHILLIWACK AIRPORT,cis-2-Butene,2019-04-15T00:00,0.033,µg/m³,VOC,GC-MS
101101,CHILLIWACK AIRPORT,cis-2-Butene,2019-04-27T00:00,0.011,µg/m³,VOC,GC-MS
101101,CHILLIWACK AIRPORT,cis-2-Butene,2019-05-09T00:00,0.021,µg/m³,VOC,GC-MS
101101,CHILLIWACK AIRPORT,cis-2-Butene,2019-05-21T00:00,0.018,µg/m³,VOC,GC-MS
101101,CHILLIWACK AIRPORT,cis-2-Butene,2019-06-02T00:00,0.016,µg/m³,VOC,GC-MS
101101,CHILLIWACK AIRPORT,cis-2-Butene,2019-06-14T00:00,0.013,µg/m³,VOC,GC-MS
101101,CHILLIWACK AIRPORT,cis-2-Butene,2019-06-26T00:00,0.017,µg/m³,VOC,GC-MS
101101,CHILLIWACK AIRPORT,cis-2-Butene,2019-07-08T00:00,0.019,µg/m³,VOC,GC-MS
101101,CHILLIWACK AIRPORT,cis-2-Butene,2019-07-20T00:00,0.021,µg/m³,VOC,GC-MS
101101,CHILLIWACK AIRPORT,cis-2-Butene,2019-08-01T00:00,0.023,µg/m³,VOC,GC-MS
101101,CHILLIWACK AIRPORT,cis-2-Butene,2019-08-13T00:00,0.021,µg/m³,VOC,GC-MS
101101,CHILLIWACK AIRPORT,cis-2-Butene,2019-08-25T00:00,0.018,µg/m³,VOC,GC-MS
101101,CHILLIWACK AIRPORT,cis-2-Butene,2019-09-18T00:00,0.026,µg/m³,VOC,GC-MS
101101,CHILLIWACK AIRPORT,cis-2-Butene,2019-09-30T00:00,0.030,µg/m³,VOC,GC-MS
101101,CHILLIWACK AIRPORT,cis-2-Butene,2019-10-12T00:00,0.036,µg/m³,VOC,GC-MS
101101,CHILLIWACK AIRPORT,cis-2-Butene,2019-10-24T00:00,0.070,µg/m³,VOC,GC-MS
101101,CHILLIWACK AIRPORT,cis-2-Butene,2019-11-05T00:00,0.055,µg/m³,VOC,GC-MS
101101,CHILLIWACK AIRPORT,cis-2-Butene,2019-11-17T00:00,0.029,µg/m³,VOC,GC-MS
101101,CHILLIWACK AIRPORT,cis-2-Butene,2019-11-29T00:00,0.009,µg/m³,VOC,GC-MS
101101,CHILLIWACK AIRPORT,cis-2-Butene,2019-12-11T00:00,0.023,µg/m³,VOC,GC-MS
