﻿NAPS_Site_ID,Station_Name,Pollutant,Date,Value,Units,Report_Type,Method
70119,ELLEN,123678-H6CDD,2010-01-31T19:00,0.007,pg/m³,PCDD,
70119,ELLEN,123678-H6CDD,2010-02-24T19:00,0.005,pg/m³,PCDD,
70119,ELLEN,123678-H6CDD,2010-03-20T20:00,0.004,pg/m³,PCDD,
70119,ELLEN,123678-H6CDD,2010-04-13T20:00,0.002,pg/m³,PCDD,
70119,ELLEN,123678-H6CDD,2010-05-07T20:00,0.002,pg/m³,PCDD,
70119,ELLEN,123678-H6CDD,2010-05-31T20:00,0.000,pg/m³,PCDD,
70119,ELLEN,123678-H6CDD,2010-07-18T20:00,0.003,pg/m³,PCDD,
70119,ELLEN,123678-H6CDD,2010-08-11T20:00,0.005,pg/m³,PCDD,
70119,ELLEN,123678-H6CDD,2010-09-04T20:00,0.040,pg/m³,PCDD,
70119,ELLEN,123678-H6CDD,2010-09-28T20:00,0.005,pg/m³,PCDD,
70119,ELLEN,123678-H6CDD,2010-10-22T20:00,0.057,pg/m³,PCDD,
70119,ELLEN,123678-H6CDD,2010-12-09T19:00,0.003,pg/m³,PCDD,
