﻿NAPS_Site_ID,Station_Name,Pollutant,Date,Value,Units,Report_Type,Method
100127,SURREY EAST,4-Ethyltoluene,1991-01-18T00:00,0.255,µg/m³,VOC,N/A
100127,SURREY EAST,4-Ethyltoluene,1991-02-17T00:00,0.576,µg/m³,VOC,N/A
100127,SURREY EAST,4-Ethyltoluene,1991-03-19T00:00,0.186,µg/m³,VOC,N/A
100127,SURREY EAST,4-Ethyltoluene,1991-05-18T00:00,0.110,µg/m³,VOC,N/A
100127,SURREY EAST,4-Ethyltoluene,1991-08-22T00:00,0.087,µg/m³,VOC,N/A
100127,SURREY EAST,4-Ethyltoluene,1991-09-27T00:00,0.108,µg/m³,VOC,N/A
100127,SURREY EAST,4-Ethyltoluene,1991-10-27T00:00,0.000,µg/m³,VOC,N/A
