﻿NAPS_Site_ID,Station_Name,Pollutant,Date,Value,Units,Report_Type,Method
60427,GAGE INSTITUTE,PM2.5,2014-01-05T00:00,9.907,µg/m³,PM2.5,Microbalance
60427,GAGE INSTITUTE,PM2.5,2014-01-08T00:00,10.324,µg/m³,PM2.5,Microbalance
60427,GAGE INSTITUTE,PM2.5,2014-01-11T00:00,6.991,µg/m³,PM2.5,Microbalance
60427,GAGE INSTITUTE,PM2.5,2014-01-14T00:00,11.991,µg/m³,PM2.5,Microbalance
60427,GAGE INSTITUTE,PM2.5,2014-01-17T00:00,7.639,µg/m³,PM2.5,Microbalance
60427,GAGE INSTITUTE,PM2.5,2014-01-17T00:00,10.622,µg/m³,PM2.5,Microbalance
60427,GAGE INSTITUTE,PM2.5,2014-01-20T00:00,4.074,µg/m³,PM2.5,Microbalance
60427,GAGE INSTITUTE,PM2.5,2014-01-20T00:00,5.691,µg/m³,PM2.5,Microbalance
60427,GAGE INSTITUTE,PM2.5,2014-01-23T00:00,5.926,µg/m³,PM2.5,Microbalance
60427,GAGE INSTITUTE,PM2.5,2014-01-23T00:00,8.264,µg/m³,PM2.5,Microbalance
60427,GAGE INSTITUTE,PM2.5,2014-01-26T00:00,5.741,µg/m³,PM2.5,Microbalance
60427,GAGE INSTITUTE,PM2.5,2014-01-26T00:00,7.224,µg/m³,PM2.5,Microbalance
60427,GAGE INSTITUTE,PM2.5,2014-01-29T00:00,8.472,µg/m³,PM2.5,Microbalance
60427,GAGE INSTITUTE,PM2.5,2014-01-29T00:00,9.513,µg/m³,PM2.5,Microbalance
60427,GAGE INSTITUTE,PM2.5,2014-02-01T00:00,2.685,µg/m³,PM2.5,Microbalance
60427,GAGE INSTITUTE,PM2.5,2014-02-01T00:00,20.476,µg/m³,PM2.5,Microbalance
60427,GAGE INSTITUTE,PM2.5,2014-02-04T00:00,17.570,µg/m³,PM2.5,Microbalance
60427,GAGE INSTITUTE,PM2.5,2014-02-04T00:00,22.779,µg/m³,PM2.5,Microbalance
60427,GAGE INSTITUTE,PM2.5,2014-02-07T00:00,0.141,µg/m³,PM2.5,Microbalance
60427,GAGE INSTITUTE,PM2.5,2014-02-07T00:00,15.138,µg/m³,PM2.5,Microbalance
60427,GAGE INSTITUTE,PM2.5,2014-02-10T00:00,1.596,µg/m³,PM2.5,Microbalance
60427,GAGE INSTITUTE,PM2.5,2014-02-10T00:00,12.639,µg/m³,PM2.5,Microbalance
60427,GAGE INSTITUTE,PM2.5,2014-02-13T00:00,1.455,µg/m³,PM2.5,Microbalance
60427,GAGE INSTITUTE,PM2.5,2014-02-13T00:00,20.829,µg/m³,PM2.5,Microbalance
60427,GAGE INSTITUTE,PM2.5,2014-02-16T00:00,3.971,µg/m³,PM2.5,Microbalance
60427,GAGE INSTITUTE,PM2.5,2014-02-16T00:00,6.458,µg/m³,PM2.5,Microbalance
60427,GAGE INSTITUTE,PM2.5,2014-02-19T00:00,21.362,µg/m³,PM2.5,Microbalance
60427,GAGE INSTITUTE,PM2.5,2014-02-19T00:00,25.630,µg/m³,PM2.5,Microbalance
60427,GAGE INSTITUTE,PM2.5,2014-02-22T00:00,5.208,µg/m³,PM2.5,Microbalance
60427,GAGE INSTITUTE,PM2.5,2014-02-25T00:00,7.499,µg/m³,PM2.5,Microbalance
60427,GAGE INSTITUTE,PM2.5,2014-02-28T00:00,6.250,µg/m³,PM2.5,Microbalance
60427,GAGE INSTITUTE,PM2.5,2014-03-03T00:00,6.527,µg/m³,PM2.5,Microbalance
60427,GAGE INSTITUTE,PM2.5,2014-03-06T00:00,7.082,µg/m³,PM2.5,Microbalance
60427,GAGE INSTITUTE,PM2.5,2014-03-09T00:00,7.200,µg/m³,PM2.5,Microbalance
60427,GAGE INSTITUTE,PM2.5,2014-03-09T00:00,9.514,µg/m³,PM2.5,Microbalance
60427,GAGE INSTITUTE,PM2.5,2014-03-12T00:00,3.713,µg/m³,PM2.5,Microbalance
60427,GAGE INSTITUTE,PM2.5,2014-03-12T00:00,4.512,µg/m³,PM2.5,Microbalance
60427,GAGE INSTITUTE,PM2.5,2014-03-15T00:00,9.511,µg/m³,PM2.5,Microbalance
60427,GAGE INSTITUTE,PM2.5,2014-03-18T00:00,6.181,µg/m³,PM2.5,Microbalance
60427,GAGE INSTITUTE,PM2.5,2014-03-21T00:00,6.388,µg/m³,PM2.5,Microbalance
60427,GAGE INSTITUTE,PM2.5,2014-03-24T00:00,1.171,µg/m³,PM2.5,Microbalance
60427,GAGE INSTITUTE,PM2.5,2014-03-24T00:00,7.292,µg/m³,PM2.5,Microbalance
60427,GAGE INSTITUTE,PM2.5,2014-03-27T00:00,5.865,µg/m³,PM2.5,Microbalance
60427,GAGE INSTITUTE,PM2.5,2014-03-27T00:00,9.794,µg/m³,PM2.5,Microbalance
60427,GAGE INSTITUTE,PM2.5,2014-03-30T00:00,1.736,µg/m³,PM2.5,Microbalance
60427,GAGE INSTITUTE,PM2.5,2014-03-30T00:00,13.081,µg/m³,PM2.5,Microbalance
60427,GAGE INSTITUTE,PM2.5,2014-04-02T00:00,6.459,µg/m³,PM2.5,Microbalance
60427,GAGE INSTITUTE,PM2.5,2014-04-02T00:00,7.223,µg/m³,PM2.5,Microbalance
60427,GAGE INSTITUTE,PM2.5,2014-04-05T00:00,3.426,µg/m³,PM2.5,Microbalance
60427,GAGE INSTITUTE,PM2.5,2014-04-05T00:00,5.414,µg/m³,PM2.5,Microbalance
60427,GAGE INSTITUTE,PM2.5,2014-04-08T00:00,4.861,µg/m³,PM2.5,Microbalance
60427,GAGE INSTITUTE,PM2.5,2014-04-08T00:00,6.737,µg/m³,PM2.5,Microbalance
60427,GAGE INSTITUTE,PM2.5,2014-04-11T00:00,6.019,µg/m³,PM2.5,Microbalance
60427,GAGE INSTITUTE,PM2.5,2014-04-11T00:00,8.541,µg/m³,PM2.5,Microbalance
60427,GAGE INSTITUTE,PM2.5,2014-04-14T00:00,8.657,µg/m³,PM2.5,Microbalance
60427,GAGE INSTITUTE,PM2.5,2014-04-14T00:00,9.315,µg/m³,PM2.5,Microbalance
60427,GAGE INSTITUTE,PM2.5,2014-04-17T00:00,5.880,µg/m³,PM2.5,Microbalance
60427,GAGE INSTITUTE,PM2.5,2014-04-17T00:00,6.527,µg/m³,PM2.5,Microbalance
60427,GAGE INSTITUTE,PM2.5,2014-04-20T00:00,8.148,µg/m³,PM2.5,Microbalance
60427,GAGE INSTITUTE,PM2.5,2014-04-20T00:00,9.653,µg/m³,PM2.5,Microbalance
60427,GAGE INSTITUTE,PM2.5,2014-04-23T00:00,2.963,µg/m³,PM2.5,Microbalance
60427,GAGE INSTITUTE,PM2.5,2014-04-23T00:00,3.892,µg/m³,PM2.5,Microbalance
60427,GAGE INSTITUTE,PM2.5,2014-04-26T00:00,2.501,µg/m³,PM2.5,Microbalance
60427,GAGE INSTITUTE,PM2.5,2014-04-26T00:00,5.278,µg/m³,PM2.5,Microbalance
60427,GAGE INSTITUTE,PM2.5,2014-04-29T00:00,3.056,µg/m³,PM2.5,Microbalance
60427,GAGE INSTITUTE,PM2.5,2014-04-29T00:00,3.262,µg/m³,PM2.5,Microbalance
60427,GAGE INSTITUTE,PM2.5,2014-05-02T00:00,6.435,µg/m³,PM2.5,Microbalance
60427,GAGE INSTITUTE,PM2.5,2014-05-02T00:00,7.436,µg/m³,PM2.5,Microbalance
60427,GAGE INSTITUTE,PM2.5,2014-05-05T00:00,3.519,µg/m³,PM2.5,Microbalance
60427,GAGE INSTITUTE,PM2.5,2014-05-05T00:00,5.418,µg/m³,PM2.5,Microbalance
60427,GAGE INSTITUTE,PM2.5,2014-05-08T00:00,5.185,µg/m³,PM2.5,Microbalance
60427,GAGE INSTITUTE,PM2.5,2014-05-08T00:00,9.028,µg/m³,PM2.5,Microbalance
60427,GAGE INSTITUTE,PM2.5,2014-05-11T00:00,0.926,µg/m³,PM2.5,Microbalance
60427,GAGE INSTITUTE,PM2.5,2014-05-11T00:00,7.298,µg/m³,PM2.5,Microbalance
60427,GAGE INSTITUTE,PM2.5,2014-05-14T00:00,9.932,µg/m³,PM2.5,Microbalance
60427,GAGE INSTITUTE,PM2.5,2014-05-17T00:00,4.444,µg/m³,PM2.5,Microbalance
60427,GAGE INSTITUTE,PM2.5,2014-05-17T00:00,5.907,µg/m³,PM2.5,Microbalance
60427,GAGE INSTITUTE,PM2.5,2014-05-20T00:00,12.546,µg/m³,PM2.5,Microbalance
60427,GAGE INSTITUTE,PM2.5,2014-05-20T00:00,14.586,µg/m³,PM2.5,Microbalance
60427,GAGE INSTITUTE,PM2.5,2014-05-23T00:00,3.981,µg/m³,PM2.5,Microbalance
60427,GAGE INSTITUTE,PM2.5,2014-05-23T00:00,5.557,µg/m³,PM2.5,Microbalance
60427,GAGE INSTITUTE,PM2.5,2014-05-26T00:00,2.685,µg/m³,PM2.5,Microbalance
60427,GAGE INSTITUTE,PM2.5,2014-05-26T00:00,12.930,µg/m³,PM2.5,Microbalance
60427,GAGE INSTITUTE,PM2.5,2014-05-29T00:00,4.954,µg/m³,PM2.5,Microbalance
60427,GAGE INSTITUTE,PM2.5,2014-06-01T00:00,6.343,µg/m³,PM2.5,Microbalance
60427,GAGE INSTITUTE,PM2.5,2014-06-04T00:00,3.194,µg/m³,PM2.5,Microbalance
60427,GAGE INSTITUTE,PM2.5,2014-06-07T00:00,8.333,µg/m³,PM2.5,Microbalance
60427,GAGE INSTITUTE,PM2.5,2014-06-10T00:00,8.102,µg/m³,PM2.5,Microbalance
60427,GAGE INSTITUTE,PM2.5,2014-06-13T00:00,5.880,µg/m³,PM2.5,Microbalance
