﻿NAPS_Site_ID,Station_Name,Pollutant,Date,Value,Units,Report_Type,Method
40203,FOREST HILLS,o-Xylene,1992-07-08T00:00,0.242,µg/m³,VOC,
40203,FOREST HILLS,o-Xylene,1992-07-08T00:00,0.641,µg/m³,VOC,
40203,FOREST HILLS,o-Xylene,1992-07-08T00:00,0.667,µg/m³,VOC,
40203,FOREST HILLS,o-Xylene,1992-07-08T00:00,1.222,µg/m³,VOC,
40203,FOREST HILLS,o-Xylene,1992-07-08T00:00,1.416,µg/m³,VOC,
40203,FOREST HILLS,o-Xylene,1992-07-08T00:00,2.606,µg/m³,VOC,
40203,FOREST HILLS,o-Xylene,1992-07-08T00:00,2.753,µg/m³,VOC,
40203,FOREST HILLS,o-Xylene,1992-07-09T00:00,1.357,µg/m³,VOC,
40203,FOREST HILLS,o-Xylene,1992-07-11T00:00,0.212,µg/m³,VOC,
40203,FOREST HILLS,o-Xylene,1992-07-11T00:00,0.496,µg/m³,VOC,
40203,FOREST HILLS,o-Xylene,1992-07-11T00:00,0.498,µg/m³,VOC,
40203,FOREST HILLS,o-Xylene,1992-07-11T00:00,0.541,µg/m³,VOC,
40203,FOREST HILLS,o-Xylene,1992-07-11T00:00,1.089,µg/m³,VOC,
40203,FOREST HILLS,o-Xylene,1992-07-11T00:00,1.240,µg/m³,VOC,
40203,FOREST HILLS,o-Xylene,1992-07-11T00:00,2.390,µg/m³,VOC,
40203,FOREST HILLS,o-Xylene,1992-07-11T00:00,2.642,µg/m³,VOC,
40203,FOREST HILLS,o-Xylene,1992-07-17T00:00,1.266,µg/m³,VOC,
40203,FOREST HILLS,o-Xylene,1992-07-17T00:00,1.358,µg/m³,VOC,
40203,FOREST HILLS,o-Xylene,1992-07-17T00:00,1.474,µg/m³,VOC,
40203,FOREST HILLS,o-Xylene,1992-07-17T00:00,1.651,µg/m³,VOC,
40203,FOREST HILLS,o-Xylene,1992-07-17T00:00,1.796,µg/m³,VOC,
40203,FOREST HILLS,o-Xylene,1992-07-17T00:00,2.472,µg/m³,VOC,
40203,FOREST HILLS,o-Xylene,1992-07-17T00:00,2.682,µg/m³,VOC,
40203,FOREST HILLS,o-Xylene,1992-07-23T00:00,0.965,µg/m³,VOC,
40203,FOREST HILLS,o-Xylene,1992-07-23T00:00,1.004,µg/m³,VOC,
40203,FOREST HILLS,o-Xylene,1992-07-23T00:00,1.009,µg/m³,VOC,
40203,FOREST HILLS,o-Xylene,1992-07-23T00:00,1.869,µg/m³,VOC,
40203,FOREST HILLS,o-Xylene,1992-07-23T00:00,1.963,µg/m³,VOC,
40203,FOREST HILLS,o-Xylene,1992-07-23T00:00,3.337,µg/m³,VOC,
40203,FOREST HILLS,o-Xylene,1992-07-23T00:00,4.996,µg/m³,VOC,
40203,FOREST HILLS,o-Xylene,1992-07-26T00:00,0.207,µg/m³,VOC,
40203,FOREST HILLS,o-Xylene,1992-07-26T00:00,0.212,µg/m³,VOC,
40203,FOREST HILLS,o-Xylene,1992-07-26T00:00,0.226,µg/m³,VOC,
40203,FOREST HILLS,o-Xylene,1992-07-26T00:00,0.363,µg/m³,VOC,
40203,FOREST HILLS,o-Xylene,1992-07-26T00:00,0.436,µg/m³,VOC,
40203,FOREST HILLS,o-Xylene,1992-07-26T00:00,0.452,µg/m³,VOC,
40203,FOREST HILLS,o-Xylene,1992-07-26T00:00,0.456,µg/m³,VOC,
40203,FOREST HILLS,o-Xylene,1992-07-26T00:00,0.498,µg/m³,VOC,
40203,FOREST HILLS,o-Xylene,1992-07-29T00:00,0.171,µg/m³,VOC,
40203,FOREST HILLS,o-Xylene,1992-07-29T00:00,0.326,µg/m³,VOC,
40203,FOREST HILLS,o-Xylene,1992-07-29T00:00,0.714,µg/m³,VOC,
40203,FOREST HILLS,o-Xylene,1992-07-29T00:00,0.723,µg/m³,VOC,
40203,FOREST HILLS,o-Xylene,1992-07-29T00:00,0.759,µg/m³,VOC,
40203,FOREST HILLS,o-Xylene,1992-07-29T00:00,0.968,µg/m³,VOC,
40203,FOREST HILLS,o-Xylene,1992-08-01T00:00,0.069,µg/m³,VOC,
40203,FOREST HILLS,o-Xylene,1992-08-01T00:00,0.116,µg/m³,VOC,
40203,FOREST HILLS,o-Xylene,1992-08-01T00:00,0.331,µg/m³,VOC,
40203,FOREST HILLS,o-Xylene,1992-08-01T00:00,0.424,µg/m³,VOC,
40203,FOREST HILLS,o-Xylene,1992-08-01T00:00,0.460,µg/m³,VOC,
40203,FOREST HILLS,o-Xylene,1992-08-01T00:00,0.702,µg/m³,VOC,
40203,FOREST HILLS,o-Xylene,1992-08-01T00:00,1.113,µg/m³,VOC,
40203,FOREST HILLS,o-Xylene,1992-08-07T00:00,0.670,µg/m³,VOC,
40203,FOREST HILLS,o-Xylene,1992-08-07T00:00,1.051,µg/m³,VOC,
40203,FOREST HILLS,o-Xylene,1992-08-07T00:00,1.210,µg/m³,VOC,
40203,FOREST HILLS,o-Xylene,1992-08-07T00:00,1.228,µg/m³,VOC,
40203,FOREST HILLS,o-Xylene,1992-08-07T00:00,1.906,µg/m³,VOC,
40203,FOREST HILLS,o-Xylene,1992-08-07T00:00,2.618,µg/m³,VOC,
40203,FOREST HILLS,o-Xylene,1992-08-07T00:00,5.417,µg/m³,VOC,
40203,FOREST HILLS,o-Xylene,1992-08-13T00:00,0.312,µg/m³,VOC,
40203,FOREST HILLS,o-Xylene,1992-08-13T00:00,0.324,µg/m³,VOC,
40203,FOREST HILLS,o-Xylene,1992-08-13T00:00,0.544,µg/m³,VOC,
40203,FOREST HILLS,o-Xylene,1992-08-13T00:00,0.568,µg/m³,VOC,
40203,FOREST HILLS,o-Xylene,1992-08-13T00:00,0.821,µg/m³,VOC,
40203,FOREST HILLS,o-Xylene,1992-08-13T00:00,0.878,µg/m³,VOC,
40203,FOREST HILLS,o-Xylene,1992-08-13T00:00,0.978,µg/m³,VOC,
40203,FOREST HILLS,o-Xylene,1992-08-13T00:00,1.424,µg/m³,VOC,
40203,FOREST HILLS,o-Xylene,1992-08-19T00:00,0.553,µg/m³,VOC,
40203,FOREST HILLS,o-Xylene,1992-08-19T00:00,0.664,µg/m³,VOC,
40203,FOREST HILLS,o-Xylene,1992-08-19T00:00,0.702,µg/m³,VOC,
40203,FOREST HILLS,o-Xylene,1992-08-19T00:00,1.146,µg/m³,VOC,
40203,FOREST HILLS,o-Xylene,1992-08-19T00:00,2.224,µg/m³,VOC,
40203,FOREST HILLS,o-Xylene,1992-08-19T00:00,2.273,µg/m³,VOC,
40203,FOREST HILLS,o-Xylene,1992-08-19T00:00,2.560,µg/m³,VOC,
40203,FOREST HILLS,o-Xylene,1992-08-19T00:00,3.654,µg/m³,VOC,
40203,FOREST HILLS,o-Xylene,1992-08-25T00:00,0.773,µg/m³,VOC,
40203,FOREST HILLS,o-Xylene,1992-08-25T00:00,2.127,µg/m³,VOC,
40203,FOREST HILLS,o-Xylene,1992-08-25T00:00,2.128,µg/m³,VOC,
40203,FOREST HILLS,o-Xylene,1992-08-25T00:00,2.301,µg/m³,VOC,
40203,FOREST HILLS,o-Xylene,1992-08-25T00:00,2.461,µg/m³,VOC,
40203,FOREST HILLS,o-Xylene,1992-08-25T00:00,2.484,µg/m³,VOC,
40203,FOREST HILLS,o-Xylene,1992-08-25T00:00,2.904,µg/m³,VOC,
40203,FOREST HILLS,o-Xylene,1992-08-25T00:00,4.590,µg/m³,VOC,
40203,FOREST HILLS,o-Xylene,1992-09-03T00:00,0.000,µg/m³,VOC,
40203,FOREST HILLS,o-Xylene,1992-09-03T00:00,0.044,µg/m³,VOC,
40203,FOREST HILLS,o-Xylene,1992-09-03T00:00,0.062,µg/m³,VOC,
40203,FOREST HILLS,o-Xylene,1992-09-03T00:00,0.062,µg/m³,VOC,
40203,FOREST HILLS,o-Xylene,1992-09-03T00:00,0.075,µg/m³,VOC,
40203,FOREST HILLS,o-Xylene,1992-09-03T00:00,0.113,µg/m³,VOC,
40203,FOREST HILLS,o-Xylene,1992-09-03T00:00,0.133,µg/m³,VOC,
40203,FOREST HILLS,o-Xylene,1992-09-03T00:00,0.215,µg/m³,VOC,
40203,FOREST HILLS,o-Xylene,1992-09-09T00:00,0.303,µg/m³,VOC,
40203,FOREST HILLS,o-Xylene,1992-09-09T00:00,0.425,µg/m³,VOC,
40203,FOREST HILLS,o-Xylene,1992-09-09T00:00,0.466,µg/m³,VOC,
40203,FOREST HILLS,o-Xylene,1992-09-09T00:00,0.611,µg/m³,VOC,
40203,FOREST HILLS,o-Xylene,1992-09-09T00:00,0.668,µg/m³,VOC,
40203,FOREST HILLS,o-Xylene,1992-09-09T00:00,0.914,µg/m³,VOC,
40203,FOREST HILLS,o-Xylene,1992-09-09T00:00,0.950,µg/m³,VOC,
40203,FOREST HILLS,o-Xylene,1992-09-09T00:00,1.766,µg/m³,VOC,
40203,FOREST HILLS,o-Xylene,1992-09-21T00:00,0.608,µg/m³,VOC,
40203,FOREST HILLS,o-Xylene,1992-09-21T00:00,0.871,µg/m³,VOC,
40203,FOREST HILLS,o-Xylene,1992-09-21T00:00,0.885,µg/m³,VOC,
40203,FOREST HILLS,o-Xylene,1992-09-21T00:00,0.918,µg/m³,VOC,
40203,FOREST HILLS,o-Xylene,1992-09-21T00:00,1.193,µg/m³,VOC,
40203,FOREST HILLS,o-Xylene,1992-09-21T00:00,1.324,µg/m³,VOC,
40203,FOREST HILLS,o-Xylene,1992-09-21T00:00,2.059,µg/m³,VOC,
40203,FOREST HILLS,o-Xylene,1992-09-21T00:00,2.318,µg/m³,VOC,
40203,FOREST HILLS,o-Xylene,1992-09-27T00:00,0.075,µg/m³,VOC,
40203,FOREST HILLS,o-Xylene,1992-09-27T00:00,0.085,µg/m³,VOC,
40203,FOREST HILLS,o-Xylene,1992-09-27T00:00,0.150,µg/m³,VOC,
40203,FOREST HILLS,o-Xylene,1992-09-27T00:00,0.348,µg/m³,VOC,
40203,FOREST HILLS,o-Xylene,1992-09-27T00:00,0.697,µg/m³,VOC,
40203,FOREST HILLS,o-Xylene,1992-09-27T00:00,0.757,µg/m³,VOC,
40203,FOREST HILLS,o-Xylene,1992-09-27T00:00,0.792,µg/m³,VOC,
40203,FOREST HILLS,o-Xylene,1992-09-27T00:00,1.390,µg/m³,VOC,
40203,FOREST HILLS,o-Xylene,1992-10-03T00:00,0.117,µg/m³,VOC,
40203,FOREST HILLS,o-Xylene,1992-10-03T00:00,0.578,µg/m³,VOC,
40203,FOREST HILLS,o-Xylene,1992-10-03T00:00,0.708,µg/m³,VOC,
40203,FOREST HILLS,o-Xylene,1992-10-03T00:00,0.888,µg/m³,VOC,
40203,FOREST HILLS,o-Xylene,1992-10-03T00:00,0.923,µg/m³,VOC,
40203,FOREST HILLS,o-Xylene,1992-10-03T00:00,0.975,µg/m³,VOC,
40203,FOREST HILLS,o-Xylene,1992-10-03T00:00,1.033,µg/m³,VOC,
40203,FOREST HILLS,o-Xylene,1992-10-03T00:00,1.233,µg/m³,VOC,
40203,FOREST HILLS,o-Xylene,1992-10-09T00:00,0.348,µg/m³,VOC,
40203,FOREST HILLS,o-Xylene,1992-10-09T00:00,0.356,µg/m³,VOC,
40203,FOREST HILLS,o-Xylene,1992-10-09T00:00,0.426,µg/m³,VOC,
40203,FOREST HILLS,o-Xylene,1992-10-09T00:00,0.574,µg/m³,VOC,
40203,FOREST HILLS,o-Xylene,1992-10-09T00:00,0.877,µg/m³,VOC,
40203,FOREST HILLS,o-Xylene,1992-10-09T00:00,1.512,µg/m³,VOC,
40203,FOREST HILLS,o-Xylene,1992-10-09T00:00,1.636,µg/m³,VOC,
40203,FOREST HILLS,o-Xylene,1992-10-09T00:00,1.951,µg/m³,VOC,
40203,FOREST HILLS,o-Xylene,1992-10-15T00:00,0.177,µg/m³,VOC,
40203,FOREST HILLS,o-Xylene,1992-10-15T00:00,0.273,µg/m³,VOC,
40203,FOREST HILLS,o-Xylene,1992-10-15T00:00,0.309,µg/m³,VOC,
40203,FOREST HILLS,o-Xylene,1992-10-15T00:00,0.485,µg/m³,VOC,
40203,FOREST HILLS,o-Xylene,1992-10-15T00:00,0.594,µg/m³,VOC,
40203,FOREST HILLS,o-Xylene,1992-10-15T00:00,0.827,µg/m³,VOC,
40203,FOREST HILLS,o-Xylene,1992-10-15T00:00,1.292,µg/m³,VOC,
40203,FOREST HILLS,o-Xylene,1992-10-15T00:00,1.826,µg/m³,VOC,
40203,FOREST HILLS,o-Xylene,1992-10-21T00:00,0.044,µg/m³,VOC,
40203,FOREST HILLS,o-Xylene,1992-10-21T00:00,0.058,µg/m³,VOC,
40203,FOREST HILLS,o-Xylene,1992-10-21T00:00,0.121,µg/m³,VOC,
40203,FOREST HILLS,o-Xylene,1992-10-21T00:00,0.165,µg/m³,VOC,
40203,FOREST HILLS,o-Xylene,1992-10-21T00:00,0.345,µg/m³,VOC,
40203,FOREST HILLS,o-Xylene,1992-10-21T00:00,0.474,µg/m³,VOC,
40203,FOREST HILLS,o-Xylene,1992-10-21T00:00,0.529,µg/m³,VOC,
40203,FOREST HILLS,o-Xylene,1992-10-21T00:00,0.848,µg/m³,VOC,
40203,FOREST HILLS,o-Xylene,1992-10-27T00:00,0.079,µg/m³,VOC,
40203,FOREST HILLS,o-Xylene,1992-10-27T00:00,0.123,µg/m³,VOC,
40203,FOREST HILLS,o-Xylene,1992-10-27T00:00,0.231,µg/m³,VOC,
40203,FOREST HILLS,o-Xylene,1992-10-27T00:00,0.252,µg/m³,VOC,
40203,FOREST HILLS,o-Xylene,1992-10-27T00:00,0.258,µg/m³,VOC,
40203,FOREST HILLS,o-Xylene,1992-10-27T00:00,0.322,µg/m³,VOC,
40203,FOREST HILLS,o-Xylene,1992-10-27T00:00,0.357,µg/m³,VOC,
40203,FOREST HILLS,o-Xylene,1992-10-27T00:00,0.380,µg/m³,VOC,
