﻿NAPS_Site_ID,Station_Name,Pollutant,Date,Value,Units
80211,SASKATOON-CORMAN PARK,NO2,1992-11-10T14:00,11.000,ppb
80211,SASKATOON-CORMAN PARK,NO2,1992-11-10T15:00,14.000,ppb
80211,SASKATOON-CORMAN PARK,NO2,1992-11-10T16:00,18.000,ppb
80211,SASKATOON-CORMAN PARK,NO2,1992-11-10T17:00,17.000,ppb
80211,SASKATOON-CORMAN PARK,NO2,1992-11-10T18:00,18.000,ppb
80211,SASKATOON-CORMAN PARK,NO2,1992-11-10T19:00,16.000,ppb
80211,SASKATOON-CORMAN PARK,NO2,1992-11-10T20:00,16.000,ppb
80211,SASKATOON-CORMAN PARK,NO2,1992-11-10T21:00,15.000,ppb
80211,SASKATOON-CORMAN PARK,NO2,1992-11-10T22:00,12.000,ppb
80211,SASKATOON-CORMAN PARK,NO2,1992-11-10T23:00,12.000,ppb
80211,SASKATOON-CORMAN PARK,NO2,1992-11-11T00:00,12.000,ppb
80211,SASKATOON-CORMAN PARK,NO2,1992-11-11T01:00,32.000,ppb
80211,SASKATOON-CORMAN PARK,NO2,1992-11-11T02:00,28.000,ppb
80211,SASKATOON-CORMAN PARK,NO2,1992-11-11T03:00,14.000,ppb
80211,SASKATOON-CORMAN PARK,NO2,1992-11-11T04:00,0.000,ppb
80211,SASKATOON-CORMAN PARK,NO2,1992-11-11T05:00,0.000,ppb
80211,SASKATOON-CORMAN PARK,NO2,1992-11-11T06:00,9.000,ppb
80211,SASKATOON-CORMAN PARK,NO2,1992-11-11T07:00,17.000,ppb
80211,SASKATOON-CORMAN PARK,NO2,1992-11-11T08:00,13.000,ppb
80211,SASKATOON-CORMAN PARK,NO2,1992-11-11T09:00,12.000,ppb
80211,SASKATOON-CORMAN PARK,NO2,1992-11-11T10:00,11.000,ppb
80211,SASKATOON-CORMAN PARK,NO2,1992-11-11T11:00,9.000,ppb
80211,SASKATOON-CORMAN PARK,NO2,1992-11-11T12:00,6.000,ppb
80211,SASKATOON-CORMAN PARK,NO2,1992-11-11T13:00,6.000,ppb
80211,SASKATOON-CORMAN PARK,NO2,1992-11-11T14:00,6.000,ppb
80211,SASKATOON-CORMAN PARK,NO2,1992-11-11T15:00,6.000,ppb
80211,SASKATOON-CORMAN PARK,NO2,1992-11-11T16:00,7.000,ppb
80211,SASKATOON-CORMAN PARK,NO2,1992-11-11T17:00,11.000,ppb
80211,SASKATOON-CORMAN PARK,NO2,1992-11-11T18:00,10.000,ppb
80211,SASKATOON-CORMAN PARK,NO2,1992-11-11T19:00,13.000,ppb
80211,SASKATOON-CORMAN PARK,NO2,1992-11-11T20:00,12.000,ppb
80211,SASKATOON-CORMAN PARK,NO2,1992-11-11T21:00,11.000,ppb
80211,SASKATOON-CORMAN PARK,NO2,1992-11-11T22:00,10.000,ppb
80211,SASKATOON-CORMAN PARK,NO2,1992-11-11T23:00,7.000,ppb
80211,SASKATOON-CORMAN PARK,NO2,1992-11-12T00:00,7.000,ppb
80211,SASKATOON-CORMAN PARK,NO2,1992-11-12T01:00,12.000,ppb
80211,SASKATOON-CORMAN PARK,NO2,1992-11-12T02:00,10.000,ppb
80211,SASKATOON-CORMAN PARK,NO2,1992-11-12T03:00,6.000,ppb
80211,SASKATOON-CORMAN PARK,NO2,1992-11-12T04:00,8.000,ppb
80211,SASKATOON-CORMAN PARK,NO2,1992-11-12T05:00,7.000,ppb
80211,SASKATOON-CORMAN PARK,NO2,1992-11-12T06:00,8.000,ppb
80211,SASKATOON-CORMAN PARK,NO2,1992-11-12T07:00,13.000,ppb
80211,SASKATOON-CORMAN PARK,NO2,1992-11-12T08:00,14.000,ppb
80211,SASKATOON-CORMAN PARK,NO2,1992-11-12T09:00,13.000,ppb
80211,SASKATOON-CORMAN PARK,NO2,1992-11-12T10:00,9.000,ppb
80211,SASKATOON-CORMAN PARK,NO2,1992-11-12T11:00,8.000,ppb
80211,SASKATOON-CORMAN PARK,NO2,1992-11-12T12:00,6.000,ppb
80211,SASKATOON-CORMAN PARK,NO2,1992-11-12T14:00,6.000,ppb
80211,SASKATOON-CORMAN PARK,NO2,1992-11-12T15:00,7.000,ppb
80211,SASKATOON-CORMAN PARK,NO2,1992-11-12T16:00,9.000,ppb
80211,SASKATOON-CORMAN PARK,NO2,1992-11-12T17:00,12.000,ppb
80211,SASKATOON-CORMAN PARK,NO2,1992-11-12T18:00,13.000,ppb
80211,SASKATOON-CORMAN PARK,NO2,1992-11-12T19:00,12.000,ppb
80211,SASKATOON-CORMAN PARK,NO2,1992-11-12T20:00,15.000,ppb
80211,SASKATOON-CORMAN PARK,NO2,1992-11-12T21:00,14.000,ppb
80211,SASKATOON-CORMAN PARK,NO2,1992-11-12T22:00,11.000,ppb
80211,SASKATOON-CORMAN PARK,NO2,1992-11-12T23:00,10.000,ppb
80211,SASKATOON-CORMAN PARK,NO2,1992-11-13T00:00,12.000,ppb
80211,SASKATOON-CORMAN PARK,NO2,1992-11-13T01:00,14.000,ppb
80211,SASKATOON-CORMAN PARK,NO2,1992-11-13T02:00,13.000,ppb
80211,SASKATOON-CORMAN PARK,NO2,1992-11-13T03:00,12.000,ppb
80211,SASKATOON-CORMAN PARK,NO2,1992-11-13T04:00,22.000,ppb
80211,SASKATOON-CORMAN PARK,NO2,1992-11-13T05:00,23.000,ppb
80211,SASKATOON-CORMAN PARK,NO2,1992-11-13T06:00,19.000,ppb
80211,SASKATOON-CORMAN PARK,NO2,1992-11-13T07:00,25.000,ppb
80211,SASKATOON-CORMAN PARK,NO2,1992-11-13T08:00,23.000,ppb
80211,SASKATOON-CORMAN PARK,NO2,1992-11-13T09:00,26.000,ppb
80211,SASKATOON-CORMAN PARK,NO2,1992-11-13T10:00,21.000,ppb
80211,SASKATOON-CORMAN PARK,NO2,1992-11-13T11:00,21.000,ppb
80211,SASKATOON-CORMAN PARK,NO2,1992-11-13T12:00,19.000,ppb
80211,SASKATOON-CORMAN PARK,NO2,1992-11-13T13:00,21.000,ppb
80211,SASKATOON-CORMAN PARK,NO2,1992-11-13T14:00,25.000,ppb
80211,SASKATOON-CORMAN PARK,NO2,1992-11-13T15:00,25.000,ppb
80211,SASKATOON-CORMAN PARK,NO2,1992-11-13T16:00,24.000,ppb
80211,SASKATOON-CORMAN PARK,NO2,1992-11-13T17:00,29.000,ppb
80211,SASKATOON-CORMAN PARK,NO2,1992-11-13T18:00,16.000,ppb
80211,SASKATOON-CORMAN PARK,NO2,1992-11-13T19:00,17.000,ppb
80211,SASKATOON-CORMAN PARK,NO2,1992-11-13T20:00,18.000,ppb
80211,SASKATOON-CORMAN PARK,NO2,1992-11-13T21:00,16.000,ppb
80211,SASKATOON-CORMAN PARK,NO2,1992-11-13T22:00,13.000,ppb
80211,SASKATOON-CORMAN PARK,NO2,1992-11-13T23:00,10.000,ppb
80211,SASKATOON-CORMAN PARK,NO2,1992-11-14T00:00,12.000,ppb
80211,SASKATOON-CORMAN PARK,NO2,1992-11-14T01:00,12.000,ppb
80211,SASKATOON-CORMAN PARK,NO2,1992-11-14T02:00,12.000,ppb
80211,SASKATOON-CORMAN PARK,NO2,1992-11-14T03:00,11.000,ppb
80211,SASKATOON-CORMAN PARK,NO2,1992-11-14T04:00,9.000,ppb
80211,SASKATOON-CORMAN PARK,NO2,1992-11-14T05:00,9.000,ppb
80211,SASKATOON-CORMAN PARK,NO2,1992-11-14T06:00,8.000,ppb
80211,SASKATOON-CORMAN PARK,NO2,1992-11-14T07:00,12.000,ppb
80211,SASKATOON-CORMAN PARK,NO2,1992-11-14T08:00,18.000,ppb
80211,SASKATOON-CORMAN PARK,NO2,1992-11-14T09:00,24.000,ppb
80211,SASKATOON-CORMAN PARK,NO2,1992-11-14T10:00,20.000,ppb
80211,SASKATOON-CORMAN PARK,NO2,1992-11-14T11:00,26.000,ppb
80211,SASKATOON-CORMAN PARK,NO2,1992-11-14T12:00,23.000,ppb
80211,SASKATOON-CORMAN PARK,NO2,1992-11-14T13:00,14.000,ppb
80211,SASKATOON-CORMAN PARK,NO2,1992-11-14T14:00,10.000,ppb
80211,SASKATOON-CORMAN PARK,NO2,1992-11-14T15:00,14.000,ppb
80211,SASKATOON-CORMAN PARK,NO2,1992-11-14T16:00,14.000,ppb
80211,SASKATOON-CORMAN PARK,NO2,1992-11-14T17:00,18.000,ppb
80211,SASKATOON-CORMAN PARK,NO2,1992-11-14T18:00,13.000,ppb
80211,SASKATOON-CORMAN PARK,NO2,1992-11-14T19:00,10.000,ppb
80211,SASKATOON-CORMAN PARK,NO2,1992-11-14T20:00,11.000,ppb
80211,SASKATOON-CORMAN PARK,NO2,1992-11-14T21:00,14.000,ppb
80211,SASKATOON-CORMAN PARK,NO2,1992-11-14T22:00,14.000,ppb
80211,SASKATOON-CORMAN PARK,NO2,1992-11-14T23:00,12.000,ppb
80211,SASKATOON-CORMAN PARK,NO2,1992-11-15T00:00,15.000,ppb
80211,SASKATOON-CORMAN PARK,NO2,1992-11-15T01:00,11.000,ppb
80211,SASKATOON-CORMAN PARK,NO2,1992-11-15T02:00,12.000,ppb
80211,SASKATOON-CORMAN PARK,NO2,1992-11-15T03:00,12.000,ppb
80211,SASKATOON-CORMAN PARK,NO2,1992-11-15T04:00,11.000,ppb
80211,SASKATOON-CORMAN PARK,NO2,1992-11-15T05:00,12.000,ppb
80211,SASKATOON-CORMAN PARK,NO2,1992-11-15T06:00,11.000,ppb
80211,SASKATOON-CORMAN PARK,NO2,1992-11-15T07:00,13.000,ppb
80211,SASKATOON-CORMAN PARK,NO2,1992-11-15T08:00,11.000,ppb
80211,SASKATOON-CORMAN PARK,NO2,1992-11-15T09:00,14.000,ppb
80211,SASKATOON-CORMAN PARK,NO2,1992-11-15T10:00,13.000,ppb
80211,SASKATOON-CORMAN PARK,NO2,1992-11-15T11:00,12.000,ppb
80211,SASKATOON-CORMAN PARK,NO2,1992-11-15T12:00,11.000,ppb
80211,SASKATOON-CORMAN PARK,NO2,1992-11-15T13:00,10.000,ppb
80211,SASKATOON-CORMAN PARK,NO2,1992-11-15T14:00,12.000,ppb
80211,SASKATOON-CORMAN PARK,NO2,1992-11-15T15:00,14.000,ppb
80211,SASKATOON-CORMAN PARK,NO2,1992-11-15T16:00,16.000,ppb
80211,SASKATOON-CORMAN PARK,NO2,1992-11-15T17:00,19.000,ppb
80211,SASKATOON-CORMAN PARK,NO2,1992-11-15T18:00,19.000,ppb
80211,SASKATOON-CORMAN PARK,NO2,1992-11-15T19:00,15.000,ppb
80211,SASKATOON-CORMAN PARK,NO2,1992-11-15T20:00,19.000,ppb
80211,SASKATOON-CORMAN PARK,NO2,1992-11-15T21:00,19.000,ppb
80211,SASKATOON-CORMAN PARK,NO2,1992-11-15T22:00,19.000,ppb
80211,SASKATOON-CORMAN PARK,NO2,1992-11-15T23:00,19.000,ppb
80211,SASKATOON-CORMAN PARK,NO2,1992-11-16T00:00,22.000,ppb
80211,SASKATOON-CORMAN PARK,NO2,1992-11-16T01:00,22.000,ppb
80211,SASKATOON-CORMAN PARK,NO2,1992-11-16T02:00,18.000,ppb
80211,SASKATOON-CORMAN PARK,NO2,1992-11-16T03:00,16.000,ppb
80211,SASKATOON-CORMAN PARK,NO2,1992-11-16T04:00,11.000,ppb
80211,SASKATOON-CORMAN PARK,NO2,1992-11-16T05:00,12.000,ppb
80211,SASKATOON-CORMAN PARK,NO2,1992-11-16T06:00,15.000,ppb
80211,SASKATOON-CORMAN PARK,NO2,1992-11-16T07:00,20.000,ppb
80211,SASKATOON-CORMAN PARK,NO2,1992-11-16T08:00,20.000,ppb
80211,SASKATOON-CORMAN PARK,NO2,1992-11-16T09:00,20.000,ppb
80211,SASKATOON-CORMAN PARK,NO2,1992-11-16T10:00,22.000,ppb
80211,SASKATOON-CORMAN PARK,NO2,1992-11-16T11:00,19.000,ppb
80211,SASKATOON-CORMAN PARK,NO2,1992-11-16T12:00,18.000,ppb
80211,SASKATOON-CORMAN PARK,NO2,1992-11-16T13:00,16.000,ppb
80211,SASKATOON-CORMAN PARK,NO2,1992-11-16T14:00,18.000,ppb
80211,SASKATOON-CORMAN PARK,NO2,1992-11-16T15:00,21.000,ppb
80211,SASKATOON-CORMAN PARK,NO2,1992-11-16T16:00,23.000,ppb
80211,SASKATOON-CORMAN PARK,NO2,1992-11-16T17:00,26.000,ppb
80211,SASKATOON-CORMAN PARK,NO2,1992-11-16T18:00,19.000,ppb
80211,SASKATOON-CORMAN PARK,NO2,1992-11-16T19:00,21.000,ppb
80211,SASKATOON-CORMAN PARK,NO2,1992-11-16T20:00,17.000,ppb
80211,SASKATOON-CORMAN PARK,NO2,1992-11-16T21:00,16.000,ppb
80211,SASKATOON-CORMAN PARK,NO2,1992-11-16T22:00,9.000,ppb
80211,SASKATOON-CORMAN PARK,NO2,1992-11-16T23:00,12.000,ppb
80211,SASKATOON-CORMAN PARK,NO2,1992-11-17T00:00,9.000,ppb
80211,SASKATOON-CORMAN PARK,NO2,1992-11-17T01:00,10.000,ppb
80211,SASKATOON-CORMAN PARK,NO2,1992-11-17T02:00,11.000,ppb
80211,SASKATOON-CORMAN PARK,NO2,1992-11-17T03:00,8.000,ppb
80211,SASKATOON-CORMAN PARK,NO2,1992-11-17T04:00,8.000,ppb
80211,SASKATOON-CORMAN PARK,NO2,1992-11-17T05:00,9.000,ppb
80211,SASKATOON-CORMAN PARK,NO2,1992-11-17T06:00,9.000,ppb
80211,SASKATOON-CORMAN PARK,NO2,1992-11-17T07:00,13.000,ppb
80211,SASKATOON-CORMAN PARK,NO2,1992-11-17T08:00,16.000,ppb
80211,SASKATOON-CORMAN PARK,NO2,1992-11-17T09:00,16.000,ppb
80211,SASKATOON-CORMAN PARK,NO2,1992-11-17T10:00,11.000,ppb
80211,SASKATOON-CORMAN PARK,NO2,1992-11-17T11:00,11.000,ppb
80211,SASKATOON-CORMAN PARK,NO2,1992-11-17T12:00,13.000,ppb
80211,SASKATOON-CORMAN PARK,NO2,1992-11-17T14:00,11.000,ppb
80211,SASKATOON-CORMAN PARK,NO2,1992-11-17T15:00,12.000,ppb
80211,SASKATOON-CORMAN PARK,NO2,1992-11-17T16:00,15.000,ppb
80211,SASKATOON-CORMAN PARK,NO2,1992-11-17T17:00,18.000,ppb
80211,SASKATOON-CORMAN PARK,NO2,1992-11-17T18:00,20.000,ppb
80211,SASKATOON-CORMAN PARK,NO2,1992-11-17T19:00,15.000,ppb
80211,SASKATOON-CORMAN PARK,NO2,1992-11-17T20:00,13.000,ppb
80211,SASKATOON-CORMAN PARK,NO2,1992-11-17T21:00,11.000,ppb
80211,SASKATOON-CORMAN PARK,NO2,1992-11-17T22:00,12.000,ppb
80211,SASKATOON-CORMAN PARK,NO2,1992-11-17T23:00,12.000,ppb
80211,SASKATOON-CORMAN PARK,NO2,1992-11-18T00:00,9.000,ppb
80211,SASKATOON-CORMAN PARK,NO2,1992-11-18T01:00,8.000,ppb
80211,SASKATOON-CORMAN PARK,NO2,1992-11-18T02:00,7.000,ppb
80211,SASKATOON-CORMAN PARK,NO2,1992-11-18T03:00,5.000,ppb
80211,SASKATOON-CORMAN PARK,NO2,1992-11-18T04:00,5.000,ppb
80211,SASKATOON-CORMAN PARK,NO2,1992-11-18T05:00,7.000,ppb
80211,SASKATOON-CORMAN PARK,NO2,1992-11-18T06:00,9.000,ppb
80211,SASKATOON-CORMAN PARK,NO2,1992-11-18T07:00,16.000,ppb
80211,SASKATOON-CORMAN PARK,NO2,1992-11-18T08:00,16.000,ppb
80211,SASKATOON-CORMAN PARK,NO2,1992-11-18T09:00,12.000,ppb
80211,SASKATOON-CORMAN PARK,NO2,1992-11-18T10:00,16.000,ppb
80211,SASKATOON-CORMAN PARK,NO2,1992-11-18T11:00,13.000,ppb
80211,SASKATOON-CORMAN PARK,NO2,1992-11-18T12:00,15.000,ppb
80211,SASKATOON-CORMAN PARK,NO2,1992-11-18T13:00,17.000,ppb
80211,SASKATOON-CORMAN PARK,NO2,1992-11-18T14:00,17.000,ppb
80211,SASKATOON-CORMAN PARK,NO2,1992-11-18T15:00,19.000,ppb
80211,SASKATOON-CORMAN PARK,NO2,1992-11-18T16:00,19.000,ppb
80211,SASKATOON-CORMAN PARK,NO2,1992-11-18T17:00,20.000,ppb
80211,SASKATOON-CORMAN PARK,NO2,1992-11-18T18:00,18.000,ppb
80211,SASKATOON-CORMAN PARK,NO2,1992-11-18T19:00,15.000,ppb
80211,SASKATOON-CORMAN PARK,NO2,1992-11-18T20:00,13.000,ppb
80211,SASKATOON-CORMAN PARK,NO2,1992-11-18T21:00,14.000,ppb
80211,SASKATOON-CORMAN PARK,NO2,1992-11-18T22:00,12.000,ppb
80211,SASKATOON-CORMAN PARK,NO2,1992-11-18T23:00,12.000,ppb
80211,SASKATOON-CORMAN PARK,NO2,1992-11-19T00:00,12.000,ppb
80211,SASKATOON-CORMAN PARK,NO2,1992-11-19T01:00,9.000,ppb
80211,SASKATOON-CORMAN PARK,NO2,1992-11-19T02:00,10.000,ppb
80211,SASKATOON-CORMAN PARK,NO2,1992-11-19T03:00,10.000,ppb
80211,SASKATOON-CORMAN PARK,NO2,1992-11-19T04:00,9.000,ppb
80211,SASKATOON-CORMAN PARK,NO2,1992-11-19T05:00,9.000,ppb
80211,SASKATOON-CORMAN PARK,NO2,1992-11-19T06:00,10.000,ppb
80211,SASKATOON-CORMAN PARK,NO2,1992-11-19T07:00,12.000,ppb
80211,SASKATOON-CORMAN PARK,NO2,1992-11-19T08:00,14.000,ppb
80211,SASKATOON-CORMAN PARK,NO2,1992-11-19T09:00,16.000,ppb
80211,SASKATOON-CORMAN PARK,NO2,1992-11-19T10:00,11.000,ppb
80211,SASKATOON-CORMAN PARK,NO2,1992-11-19T11:00,13.000,ppb
80211,SASKATOON-CORMAN PARK,NO2,1992-11-19T12:00,10.000,ppb
80211,SASKATOON-CORMAN PARK,NO2,1992-11-19T14:00,15.000,ppb
80211,SASKATOON-CORMAN PARK,NO2,1992-11-19T15:00,14.000,ppb
80211,SASKATOON-CORMAN PARK,NO2,1992-11-19T16:00,17.000,ppb
80211,SASKATOON-CORMAN PARK,NO2,1992-11-19T17:00,18.000,ppb
80211,SASKATOON-CORMAN PARK,NO2,1992-11-19T18:00,16.000,ppb
80211,SASKATOON-CORMAN PARK,NO2,1992-11-19T19:00,17.000,ppb
80211,SASKATOON-CORMAN PARK,NO2,1992-11-19T20:00,15.000,ppb
80211,SASKATOON-CORMAN PARK,NO2,1992-11-19T21:00,11.000,ppb
80211,SASKATOON-CORMAN PARK,NO2,1992-11-19T22:00,13.000,ppb
80211,SASKATOON-CORMAN PARK,NO2,1992-11-19T23:00,12.000,ppb
80211,SASKATOON-CORMAN PARK,NO2,1992-11-20T00:00,13.000,ppb
80211,SASKATOON-CORMAN PARK,NO2,1992-11-20T01:00,12.000,ppb
80211,SASKATOON-CORMAN PARK,NO2,1992-11-20T02:00,10.000,ppb
80211,SASKATOON-CORMAN PARK,NO2,1992-11-20T03:00,10.000,ppb
80211,SASKATOON-CORMAN PARK,NO2,1992-11-20T04:00,10.000,ppb
80211,SASKATOON-CORMAN PARK,NO2,1992-11-20T05:00,8.000,ppb
80211,SASKATOON-CORMAN PARK,NO2,1992-11-20T06:00,12.000,ppb
80211,SASKATOON-CORMAN PARK,NO2,1992-11-20T07:00,16.000,ppb
80211,SASKATOON-CORMAN PARK,NO2,1992-11-20T08:00,17.000,ppb
80211,SASKATOON-CORMAN PARK,NO2,1992-11-20T09:00,18.000,ppb
80211,SASKATOON-CORMAN PARK,NO2,1992-11-20T10:00,16.000,ppb
80211,SASKATOON-CORMAN PARK,NO2,1992-11-20T11:00,17.000,ppb
80211,SASKATOON-CORMAN PARK,NO2,1992-11-20T12:00,18.000,ppb
80211,SASKATOON-CORMAN PARK,NO2,1992-11-20T13:00,19.000,ppb
80211,SASKATOON-CORMAN PARK,NO2,1992-11-20T14:00,16.000,ppb
80211,SASKATOON-CORMAN PARK,NO2,1992-11-20T15:00,19.000,ppb
80211,SASKATOON-CORMAN PARK,NO2,1992-11-20T16:00,17.000,ppb
80211,SASKATOON-CORMAN PARK,NO2,1992-11-20T17:00,15.000,ppb
80211,SASKATOON-CORMAN PARK,NO2,1992-11-20T18:00,15.000,ppb
80211,SASKATOON-CORMAN PARK,NO2,1992-11-20T19:00,18.000,ppb
80211,SASKATOON-CORMAN PARK,NO2,1992-11-20T20:00,16.000,ppb
80211,SASKATOON-CORMAN PARK,NO2,1992-11-20T21:00,14.000,ppb
80211,SASKATOON-CORMAN PARK,NO2,1992-11-20T22:00,12.000,ppb
80211,SASKATOON-CORMAN PARK,NO2,1992-11-20T23:00,13.000,ppb
80211,SASKATOON-CORMAN PARK,NO2,1992-11-21T00:00,8.000,ppb
80211,SASKATOON-CORMAN PARK,NO2,1992-11-21T01:00,15.000,ppb
80211,SASKATOON-CORMAN PARK,NO2,1992-11-21T02:00,14.000,ppb
80211,SASKATOON-CORMAN PARK,NO2,1992-11-21T03:00,1.000,ppb
80211,SASKATOON-CORMAN PARK,NO2,1992-11-21T04:00,10.000,ppb
80211,SASKATOON-CORMAN PARK,NO2,1992-11-21T05:00,7.000,ppb
80211,SASKATOON-CORMAN PARK,NO2,1992-11-21T06:00,8.000,ppb
80211,SASKATOON-CORMAN PARK,NO2,1992-11-21T07:00,9.000,ppb
80211,SASKATOON-CORMAN PARK,NO2,1992-11-21T08:00,12.000,ppb
80211,SASKATOON-CORMAN PARK,NO2,1992-11-21T09:00,13.000,ppb
80211,SASKATOON-CORMAN PARK,NO2,1992-11-21T10:00,12.000,ppb
80211,SASKATOON-CORMAN PARK,NO2,1992-11-21T11:00,15.000,ppb
80211,SASKATOON-CORMAN PARK,NO2,1992-11-21T12:00,15.000,ppb
80211,SASKATOON-CORMAN PARK,NO2,1992-11-21T13:00,17.000,ppb
80211,SASKATOON-CORMAN PARK,NO2,1992-11-21T14:00,18.000,ppb
80211,SASKATOON-CORMAN PARK,NO2,1992-11-21T15:00,19.000,ppb
80211,SASKATOON-CORMAN PARK,NO2,1992-11-21T16:00,20.000,ppb
80211,SASKATOON-CORMAN PARK,NO2,1992-11-21T17:00,24.000,ppb
80211,SASKATOON-CORMAN PARK,NO2,1992-11-21T18:00,26.000,ppb
80211,SASKATOON-CORMAN PARK,NO2,1992-11-21T19:00,21.000,ppb
80211,SASKATOON-CORMAN PARK,NO2,1992-11-21T20:00,20.000,ppb
80211,SASKATOON-CORMAN PARK,NO2,1992-11-21T21:00,23.000,ppb
80211,SASKATOON-CORMAN PARK,NO2,1992-11-21T22:00,21.000,ppb
80211,SASKATOON-CORMAN PARK,NO2,1992-11-21T23:00,19.000,ppb
80211,SASKATOON-CORMAN PARK,NO2,1992-11-22T00:00,16.000,ppb
80211,SASKATOON-CORMAN PARK,NO2,1992-11-22T01:00,11.000,ppb
80211,SASKATOON-CORMAN PARK,NO2,1992-11-22T02:00,10.000,ppb
80211,SASKATOON-CORMAN PARK,NO2,1992-11-22T03:00,10.000,ppb
80211,SASKATOON-CORMAN PARK,NO2,1992-11-22T04:00,8.000,ppb
80211,SASKATOON-CORMAN PARK,NO2,1992-11-22T05:00,8.000,ppb
80211,SASKATOON-CORMAN PARK,NO2,1992-11-22T06:00,7.000,ppb
80211,SASKATOON-CORMAN PARK,NO2,1992-11-22T07:00,6.000,ppb
80211,SASKATOON-CORMAN PARK,NO2,1992-11-22T08:00,7.000,ppb
80211,SASKATOON-CORMAN PARK,NO2,1992-11-22T09:00,12.000,ppb
80211,SASKATOON-CORMAN PARK,NO2,1992-11-22T10:00,11.000,ppb
80211,SASKATOON-CORMAN PARK,NO2,1992-11-22T11:00,9.000,ppb
80211,SASKATOON-CORMAN PARK,NO2,1992-11-22T12:00,9.000,ppb
80211,SASKATOON-CORMAN PARK,NO2,1992-11-22T13:00,12.000,ppb
80211,SASKATOON-CORMAN PARK,NO2,1992-11-22T14:00,16.000,ppb
80211,SASKATOON-CORMAN PARK,NO2,1992-11-22T15:00,15.000,ppb
80211,SASKATOON-CORMAN PARK,NO2,1992-11-22T16:00,17.000,ppb
80211,SASKATOON-CORMAN PARK,NO2,1992-11-22T17:00,14.000,ppb
80211,SASKATOON-CORMAN PARK,NO2,1992-11-22T18:00,12.000,ppb
80211,SASKATOON-CORMAN PARK,NO2,1992-11-22T19:00,13.000,ppb
80211,SASKATOON-CORMAN PARK,NO2,1992-11-22T20:00,11.000,ppb
80211,SASKATOON-CORMAN PARK,NO2,1992-11-22T21:00,10.000,ppb
80211,SASKATOON-CORMAN PARK,NO2,1992-11-22T22:00,9.000,ppb
80211,SASKATOON-CORMAN PARK,NO2,1992-11-22T23:00,7.000,ppb
80211,SASKATOON-CORMAN PARK,NO2,1992-11-23T00:00,6.000,ppb
80211,SASKATOON-CORMAN PARK,NO2,1992-11-23T01:00,6.000,ppb
80211,SASKATOON-CORMAN PARK,NO2,1992-11-23T02:00,6.000,ppb
80211,SASKATOON-CORMAN PARK,NO2,1992-11-23T03:00,6.000,ppb
80211,SASKATOON-CORMAN PARK,NO2,1992-11-23T04:00,7.000,ppb
80211,SASKATOON-CORMAN PARK,NO2,1992-11-23T05:00,9.000,ppb
80211,SASKATOON-CORMAN PARK,NO2,1992-11-23T06:00,9.000,ppb
80211,SASKATOON-CORMAN PARK,NO2,1992-11-23T07:00,17.000,ppb
80211,SASKATOON-CORMAN PARK,NO2,1992-11-23T08:00,21.000,ppb
80211,SASKATOON-CORMAN PARK,NO2,1992-11-23T09:00,18.000,ppb
80211,SASKATOON-CORMAN PARK,NO2,1992-11-23T10:00,15.000,ppb
80211,SASKATOON-CORMAN PARK,NO2,1992-11-23T11:00,13.000,ppb
80211,SASKATOON-CORMAN PARK,NO2,1992-11-23T12:00,13.000,ppb
80211,SASKATOON-CORMAN PARK,NO2,1992-11-23T13:00,14.000,ppb
80211,SASKATOON-CORMAN PARK,NO2,1992-11-23T14:00,17.000,ppb
80211,SASKATOON-CORMAN PARK,NO2,1992-11-23T15:00,24.000,ppb
80211,SASKATOON-CORMAN PARK,NO2,1992-11-23T16:00,28.000,ppb
80211,SASKATOON-CORMAN PARK,NO2,1992-11-23T17:00,25.000,ppb
80211,SASKATOON-CORMAN PARK,NO2,1992-11-23T18:00,25.000,ppb
80211,SASKATOON-CORMAN PARK,NO2,1992-11-23T19:00,27.000,ppb
80211,SASKATOON-CORMAN PARK,NO2,1992-11-23T20:00,22.000,ppb
80211,SASKATOON-CORMAN PARK,NO2,1992-11-23T21:00,17.000,ppb
80211,SASKATOON-CORMAN PARK,NO2,1992-11-23T22:00,18.000,ppb
80211,SASKATOON-CORMAN PARK,NO2,1992-11-23T23:00,21.000,ppb
80211,SASKATOON-CORMAN PARK,NO2,1992-11-24T00:00,23.000,ppb
80211,SASKATOON-CORMAN PARK,NO2,1992-11-24T01:00,34.000,ppb
80211,SASKATOON-CORMAN PARK,NO2,1992-11-24T02:00,35.000,ppb
80211,SASKATOON-CORMAN PARK,NO2,1992-11-24T03:00,36.000,ppb
80211,SASKATOON-CORMAN PARK,NO2,1992-11-24T04:00,22.000,ppb
80211,SASKATOON-CORMAN PARK,NO2,1992-11-24T05:00,11.000,ppb
80211,SASKATOON-CORMAN PARK,NO2,1992-11-24T06:00,16.000,ppb
80211,SASKATOON-CORMAN PARK,NO2,1992-11-24T07:00,22.000,ppb
80211,SASKATOON-CORMAN PARK,NO2,1992-11-24T08:00,21.000,ppb
80211,SASKATOON-CORMAN PARK,NO2,1992-11-24T09:00,20.000,ppb
80211,SASKATOON-CORMAN PARK,NO2,1992-11-24T10:00,19.000,ppb
80211,SASKATOON-CORMAN PARK,NO2,1992-11-24T11:00,17.000,ppb
80211,SASKATOON-CORMAN PARK,NO2,1992-11-24T12:00,15.000,ppb
80211,SASKATOON-CORMAN PARK,NO2,1992-11-24T14:00,16.000,ppb
80211,SASKATOON-CORMAN PARK,NO2,1992-11-24T15:00,20.000,ppb
80211,SASKATOON-CORMAN PARK,NO2,1992-11-24T16:00,28.000,ppb
80211,SASKATOON-CORMAN PARK,NO2,1992-11-24T17:00,35.000,ppb
80211,SASKATOON-CORMAN PARK,NO2,1992-11-24T18:00,32.000,ppb
80211,SASKATOON-CORMAN PARK,NO2,1992-11-24T19:00,21.000,ppb
80211,SASKATOON-CORMAN PARK,NO2,1992-11-24T20:00,21.000,ppb
80211,SASKATOON-CORMAN PARK,NO2,1992-11-24T21:00,24.000,ppb
80211,SASKATOON-CORMAN PARK,NO2,1992-11-24T22:00,21.000,ppb
80211,SASKATOON-CORMAN PARK,NO2,1992-11-24T23:00,19.000,ppb
80211,SASKATOON-CORMAN PARK,NO2,1992-11-25T00:00,20.000,ppb
80211,SASKATOON-CORMAN PARK,NO2,1992-11-25T01:00,17.000,ppb
80211,SASKATOON-CORMAN PARK,NO2,1992-11-25T02:00,28.000,ppb
80211,SASKATOON-CORMAN PARK,NO2,1992-11-25T03:00,23.000,ppb
80211,SASKATOON-CORMAN PARK,NO2,1992-11-25T04:00,12.000,ppb
80211,SASKATOON-CORMAN PARK,NO2,1992-11-25T05:00,15.000,ppb
80211,SASKATOON-CORMAN PARK,NO2,1992-11-25T06:00,19.000,ppb
80211,SASKATOON-CORMAN PARK,NO2,1992-11-25T07:00,25.000,ppb
80211,SASKATOON-CORMAN PARK,NO2,1992-11-25T08:00,26.000,ppb
80211,SASKATOON-CORMAN PARK,NO2,1992-11-25T09:00,25.000,ppb
80211,SASKATOON-CORMAN PARK,NO2,1992-11-25T10:00,20.000,ppb
80211,SASKATOON-CORMAN PARK,NO2,1992-11-25T11:00,19.000,ppb
80211,SASKATOON-CORMAN PARK,NO2,1992-11-25T12:00,18.000,ppb
80211,SASKATOON-CORMAN PARK,NO2,1992-11-25T13:00,18.000,ppb
80211,SASKATOON-CORMAN PARK,NO2,1992-11-25T14:00,22.000,ppb
80211,SASKATOON-CORMAN PARK,NO2,1992-11-25T15:00,23.000,ppb
80211,SASKATOON-CORMAN PARK,NO2,1992-11-25T16:00,32.000,ppb
80211,SASKATOON-CORMAN PARK,NO2,1992-11-25T17:00,35.000,ppb
80211,SASKATOON-CORMAN PARK,NO2,1992-11-25T18:00,35.000,ppb
80211,SASKATOON-CORMAN PARK,NO2,1992-11-25T19:00,34.000,ppb
80211,SASKATOON-CORMAN PARK,NO2,1992-11-25T20:00,32.000,ppb
80211,SASKATOON-CORMAN PARK,NO2,1992-11-25T21:00,34.000,ppb
80211,SASKATOON-CORMAN PARK,NO2,1992-11-25T22:00,32.000,ppb
80211,SASKATOON-CORMAN PARK,NO2,1992-11-25T23:00,25.000,ppb
80211,SASKATOON-CORMAN PARK,NO2,1992-11-26T00:00,28.000,ppb
80211,SASKATOON-CORMAN PARK,NO2,1992-11-26T01:00,27.000,ppb
80211,SASKATOON-CORMAN PARK,NO2,1992-11-26T02:00,31.000,ppb
80211,SASKATOON-CORMAN PARK,NO2,1992-11-26T03:00,26.000,ppb
80211,SASKATOON-CORMAN PARK,NO2,1992-11-26T04:00,21.000,ppb
80211,SASKATOON-CORMAN PARK,NO2,1992-11-26T05:00,26.000,ppb
80211,SASKATOON-CORMAN PARK,NO2,1992-11-26T06:00,37.000,ppb
80211,SASKATOON-CORMAN PARK,NO2,1992-11-26T07:00,36.000,ppb
80211,SASKATOON-CORMAN PARK,NO2,1992-11-26T08:00,41.000,ppb
80211,SASKATOON-CORMAN PARK,NO2,1992-11-26T09:00,33.000,ppb
80211,SASKATOON-CORMAN PARK,NO2,1992-11-26T10:00,27.000,ppb
80211,SASKATOON-CORMAN PARK,NO2,1992-11-26T11:00,25.000,ppb
80211,SASKATOON-CORMAN PARK,NO2,1992-11-26T12:00,28.000,ppb
80211,SASKATOON-CORMAN PARK,NO2,1992-11-26T14:00,27.000,ppb
80211,SASKATOON-CORMAN PARK,NO2,1992-11-26T15:00,30.000,ppb
80211,SASKATOON-CORMAN PARK,NO2,1992-11-26T16:00,40.000,ppb
80211,SASKATOON-CORMAN PARK,NO2,1992-11-26T17:00,41.000,ppb
80211,SASKATOON-CORMAN PARK,NO2,1992-11-26T18:00,32.000,ppb
80211,SASKATOON-CORMAN PARK,NO2,1992-11-26T19:00,29.000,ppb
80211,SASKATOON-CORMAN PARK,NO2,1992-11-26T20:00,28.000,ppb
80211,SASKATOON-CORMAN PARK,NO2,1992-11-26T21:00,25.000,ppb
80211,SASKATOON-CORMAN PARK,NO2,1992-11-26T22:00,22.000,ppb
80211,SASKATOON-CORMAN PARK,NO2,1992-11-26T23:00,22.000,ppb
80211,SASKATOON-CORMAN PARK,NO2,1992-11-27T00:00,22.000,ppb
80211,SASKATOON-CORMAN PARK,NO2,1992-11-27T01:00,21.000,ppb
80211,SASKATOON-CORMAN PARK,NO2,1992-11-27T02:00,42.000,ppb
80211,SASKATOON-CORMAN PARK,NO2,1992-11-27T03:00,28.000,ppb
80211,SASKATOON-CORMAN PARK,NO2,1992-11-27T04:00,19.000,ppb
80211,SASKATOON-CORMAN PARK,NO2,1992-11-27T05:00,17.000,ppb
80211,SASKATOON-CORMAN PARK,NO2,1992-11-27T06:00,26.000,ppb
80211,SASKATOON-CORMAN PARK,NO2,1992-11-27T07:00,32.000,ppb
80211,SASKATOON-CORMAN PARK,NO2,1992-11-27T08:00,38.000,ppb
80211,SASKATOON-CORMAN PARK,NO2,1992-11-27T09:00,32.000,ppb
80211,SASKATOON-CORMAN PARK,NO2,1992-11-27T10:00,26.000,ppb
80211,SASKATOON-CORMAN PARK,NO2,1992-11-27T11:00,22.000,ppb
80211,SASKATOON-CORMAN PARK,NO2,1992-11-27T12:00,19.000,ppb
80211,SASKATOON-CORMAN PARK,NO2,1992-11-27T13:00,21.000,ppb
80211,SASKATOON-CORMAN PARK,NO2,1992-11-27T14:00,20.000,ppb
80211,SASKATOON-CORMAN PARK,NO2,1992-11-27T15:00,35.000,ppb
80211,SASKATOON-CORMAN PARK,NO2,1992-11-27T16:00,38.000,ppb
80211,SASKATOON-CORMAN PARK,NO2,1992-11-27T17:00,38.000,ppb
80211,SASKATOON-CORMAN PARK,NO2,1992-11-27T18:00,34.000,ppb
80211,SASKATOON-CORMAN PARK,NO2,1992-11-27T19:00,34.000,ppb
80211,SASKATOON-CORMAN PARK,NO2,1992-11-27T20:00,26.000,ppb
80211,SASKATOON-CORMAN PARK,NO2,1992-11-27T21:00,29.000,ppb
80211,SASKATOON-CORMAN PARK,NO2,1992-11-27T22:00,31.000,ppb
80211,SASKATOON-CORMAN PARK,NO2,1992-11-27T23:00,23.000,ppb
80211,SASKATOON-CORMAN PARK,NO2,1992-11-28T00:00,31.000,ppb
80211,SASKATOON-CORMAN PARK,NO2,1992-11-28T01:00,24.000,ppb
80211,SASKATOON-CORMAN PARK,NO2,1992-11-28T02:00,18.000,ppb
80211,SASKATOON-CORMAN PARK,NO2,1992-11-28T03:00,7.000,ppb
80211,SASKATOON-CORMAN PARK,NO2,1992-11-28T04:00,9.000,ppb
80211,SASKATOON-CORMAN PARK,NO2,1992-11-28T05:00,10.000,ppb
80211,SASKATOON-CORMAN PARK,NO2,1992-11-28T06:00,2.000,ppb
80211,SASKATOON-CORMAN PARK,NO2,1992-11-28T07:00,7.000,ppb
80211,SASKATOON-CORMAN PARK,NO2,1992-11-28T08:00,7.000,ppb
80211,SASKATOON-CORMAN PARK,NO2,1992-11-28T09:00,8.000,ppb
80211,SASKATOON-CORMAN PARK,NO2,1992-11-28T10:00,7.000,ppb
80211,SASKATOON-CORMAN PARK,NO2,1992-11-28T11:00,8.000,ppb
80211,SASKATOON-CORMAN PARK,NO2,1992-11-28T12:00,7.000,ppb
80211,SASKATOON-CORMAN PARK,NO2,1992-11-28T13:00,7.000,ppb
80211,SASKATOON-CORMAN PARK,NO2,1992-11-28T14:00,7.000,ppb
80211,SASKATOON-CORMAN PARK,NO2,1992-11-28T15:00,8.000,ppb
80211,SASKATOON-CORMAN PARK,NO2,1992-11-28T16:00,8.000,ppb
80211,SASKATOON-CORMAN PARK,NO2,1992-11-28T17:00,9.000,ppb
80211,SASKATOON-CORMAN PARK,NO2,1992-11-28T18:00,10.000,ppb
80211,SASKATOON-CORMAN PARK,NO2,1992-11-28T19:00,9.000,ppb
80211,SASKATOON-CORMAN PARK,NO2,1992-11-28T20:00,9.000,ppb
80211,SASKATOON-CORMAN PARK,NO2,1992-11-28T21:00,12.000,ppb
80211,SASKATOON-CORMAN PARK,NO2,1992-11-28T22:00,10.000,ppb
80211,SASKATOON-CORMAN PARK,NO2,1992-11-28T23:00,9.000,ppb
80211,SASKATOON-CORMAN PARK,NO2,1992-11-29T00:00,11.000,ppb
80211,SASKATOON-CORMAN PARK,NO2,1992-11-29T01:00,21.000,ppb
80211,SASKATOON-CORMAN PARK,NO2,1992-11-29T02:00,27.000,ppb
80211,SASKATOON-CORMAN PARK,NO2,1992-11-29T03:00,17.000,ppb
80211,SASKATOON-CORMAN PARK,NO2,1992-11-29T04:00,16.000,ppb
80211,SASKATOON-CORMAN PARK,NO2,1992-11-29T05:00,12.000,ppb
80211,SASKATOON-CORMAN PARK,NO2,1992-11-29T06:00,11.000,ppb
80211,SASKATOON-CORMAN PARK,NO2,1992-11-29T07:00,12.000,ppb
80211,SASKATOON-CORMAN PARK,NO2,1992-11-29T08:00,12.000,ppb
80211,SASKATOON-CORMAN PARK,NO2,1992-11-29T09:00,16.000,ppb
80211,SASKATOON-CORMAN PARK,NO2,1992-11-29T10:00,12.000,ppb
80211,SASKATOON-CORMAN PARK,NO2,1992-11-29T11:00,11.000,ppb
80211,SASKATOON-CORMAN PARK,NO2,1992-11-29T12:00,11.000,ppb
80211,SASKATOON-CORMAN PARK,NO2,1992-11-29T13:00,11.000,ppb
80211,SASKATOON-CORMAN PARK,NO2,1992-11-29T14:00,15.000,ppb
80211,SASKATOON-CORMAN PARK,NO2,1992-11-29T15:00,15.000,ppb
80211,SASKATOON-CORMAN PARK,NO2,1992-11-29T16:00,20.000,ppb
80211,SASKATOON-CORMAN PARK,NO2,1992-11-29T17:00,26.000,ppb
80211,SASKATOON-CORMAN PARK,NO2,1992-11-29T18:00,21.000,ppb
80211,SASKATOON-CORMAN PARK,NO2,1992-11-29T19:00,15.000,ppb
80211,SASKATOON-CORMAN PARK,NO2,1992-11-29T20:00,19.000,ppb
80211,SASKATOON-CORMAN PARK,NO2,1992-11-29T21:00,17.000,ppb
80211,SASKATOON-CORMAN PARK,NO2,1992-11-29T22:00,18.000,ppb
80211,SASKATOON-CORMAN PARK,NO2,1992-11-29T23:00,24.000,ppb
80211,SASKATOON-CORMAN PARK,NO2,1992-11-30T00:00,19.000,ppb
80211,SASKATOON-CORMAN PARK,NO2,1992-11-30T01:00,17.000,ppb
80211,SASKATOON-CORMAN PARK,NO2,1992-11-30T02:00,19.000,ppb
80211,SASKATOON-CORMAN PARK,NO2,1992-11-30T03:00,20.000,ppb
80211,SASKATOON-CORMAN PARK,NO2,1992-11-30T04:00,20.000,ppb
80211,SASKATOON-CORMAN PARK,NO2,1992-11-30T05:00,27.000,ppb
80211,SASKATOON-CORMAN PARK,NO2,1992-11-30T06:00,20.000,ppb
80211,SASKATOON-CORMAN PARK,NO2,1992-11-30T07:00,34.000,ppb
80211,SASKATOON-CORMAN PARK,NO2,1992-11-30T08:00,36.000,ppb
80211,SASKATOON-CORMAN PARK,NO2,1992-11-30T09:00,30.000,ppb
80211,SASKATOON-CORMAN PARK,NO2,1992-11-30T10:00,22.000,ppb
80211,SASKATOON-CORMAN PARK,NO2,1992-11-30T11:00,22.000,ppb
80211,SASKATOON-CORMAN PARK,NO2,1992-11-30T12:00,21.000,ppb
80211,SASKATOON-CORMAN PARK,NO2,1992-11-30T13:00,21.000,ppb
80211,SASKATOON-CORMAN PARK,NO2,1992-11-30T14:00,23.000,ppb
80211,SASKATOON-CORMAN PARK,NO2,1992-11-30T15:00,29.000,ppb
80211,SASKATOON-CORMAN PARK,NO2,1992-11-30T16:00,27.000,ppb
80211,SASKATOON-CORMAN PARK,NO2,1992-11-30T17:00,22.000,ppb
80211,SASKATOON-CORMAN PARK,NO2,1992-11-30T18:00,17.000,ppb
80211,SASKATOON-CORMAN PARK,NO2,1992-11-30T19:00,24.000,ppb
80211,SASKATOON-CORMAN PARK,NO2,1992-11-30T20:00,11.000,ppb
80211,SASKATOON-CORMAN PARK,NO2,1992-11-30T21:00,10.000,ppb
80211,SASKATOON-CORMAN PARK,NO2,1992-11-30T22:00,6.000,ppb
80211,SASKATOON-CORMAN PARK,NO2,1992-11-30T23:00,5.000,ppb
80211,SASKATOON-CORMAN PARK,NO2,1992-12-01T00:00,5.000,ppb
80211,SASKATOON-CORMAN PARK,NO2,1992-12-01T01:00,6.000,ppb
80211,SASKATOON-CORMAN PARK,NO2,1992-12-01T02:00,11.000,ppb
80211,SASKATOON-CORMAN PARK,NO2,1992-12-01T03:00,6.000,ppb
80211,SASKATOON-CORMAN PARK,NO2,1992-12-01T04:00,5.000,ppb
80211,SASKATOON-CORMAN PARK,NO2,1992-12-01T05:00,2.000,ppb
80211,SASKATOON-CORMAN PARK,NO2,1992-12-01T06:00,5.000,ppb
80211,SASKATOON-CORMAN PARK,NO2,1992-12-01T07:00,8.000,ppb
80211,SASKATOON-CORMAN PARK,NO2,1992-12-01T08:00,14.000,ppb
80211,SASKATOON-CORMAN PARK,NO2,1992-12-01T09:00,9.000,ppb
80211,SASKATOON-CORMAN PARK,NO2,1992-12-01T10:00,8.000,ppb
80211,SASKATOON-CORMAN PARK,NO2,1992-12-01T11:00,10.000,ppb
80211,SASKATOON-CORMAN PARK,NO2,1992-12-01T12:00,9.000,ppb
80211,SASKATOON-CORMAN PARK,NO2,1992-12-01T14:00,10.000,ppb
80211,SASKATOON-CORMAN PARK,NO2,1992-12-01T15:00,15.000,ppb
80211,SASKATOON-CORMAN PARK,NO2,1992-12-01T16:00,18.000,ppb
80211,SASKATOON-CORMAN PARK,NO2,1992-12-01T17:00,28.000,ppb
80211,SASKATOON-CORMAN PARK,NO2,1992-12-01T18:00,38.000,ppb
80211,SASKATOON-CORMAN PARK,NO2,1992-12-01T19:00,26.000,ppb
80211,SASKATOON-CORMAN PARK,NO2,1992-12-01T20:00,29.000,ppb
80211,SASKATOON-CORMAN PARK,NO2,1992-12-01T21:00,28.000,ppb
80211,SASKATOON-CORMAN PARK,NO2,1992-12-01T22:00,33.000,ppb
80211,SASKATOON-CORMAN PARK,NO2,1992-12-01T23:00,27.000,ppb
80211,SASKATOON-CORMAN PARK,NO2,1992-12-02T00:00,23.000,ppb
80211,SASKATOON-CORMAN PARK,NO2,1992-12-02T01:00,18.000,ppb
80211,SASKATOON-CORMAN PARK,NO2,1992-12-02T02:00,29.000,ppb
80211,SASKATOON-CORMAN PARK,NO2,1992-12-02T03:00,18.000,ppb
80211,SASKATOON-CORMAN PARK,NO2,1992-12-02T04:00,22.000,ppb
80211,SASKATOON-CORMAN PARK,NO2,1992-12-02T05:00,19.000,ppb
80211,SASKATOON-CORMAN PARK,NO2,1992-12-02T06:00,20.000,ppb
80211,SASKATOON-CORMAN PARK,NO2,1992-12-02T07:00,30.000,ppb
80211,SASKATOON-CORMAN PARK,NO2,1992-12-02T08:00,29.000,ppb
80211,SASKATOON-CORMAN PARK,NO2,1992-12-02T09:00,28.000,ppb
80211,SASKATOON-CORMAN PARK,NO2,1992-12-02T10:00,17.000,ppb
80211,SASKATOON-CORMAN PARK,NO2,1992-12-02T11:00,12.000,ppb
80211,SASKATOON-CORMAN PARK,NO2,1992-12-02T12:00,10.000,ppb
80211,SASKATOON-CORMAN PARK,NO2,1992-12-02T13:00,9.000,ppb
80211,SASKATOON-CORMAN PARK,NO2,1992-12-02T14:00,13.000,ppb
80211,SASKATOON-CORMAN PARK,NO2,1992-12-02T15:00,16.000,ppb
80211,SASKATOON-CORMAN PARK,NO2,1992-12-02T16:00,25.000,ppb
80211,SASKATOON-CORMAN PARK,NO2,1992-12-02T17:00,21.000,ppb
80211,SASKATOON-CORMAN PARK,NO2,1992-12-02T18:00,16.000,ppb
80211,SASKATOON-CORMAN PARK,NO2,1992-12-02T19:00,15.000,ppb
80211,SASKATOON-CORMAN PARK,NO2,1992-12-02T20:00,14.000,ppb
80211,SASKATOON-CORMAN PARK,NO2,1992-12-02T21:00,15.000,ppb
80211,SASKATOON-CORMAN PARK,NO2,1992-12-02T22:00,16.000,ppb
80211,SASKATOON-CORMAN PARK,NO2,1992-12-02T23:00,13.000,ppb
80211,SASKATOON-CORMAN PARK,NO2,1992-12-03T00:00,12.000,ppb
80211,SASKATOON-CORMAN PARK,NO2,1992-12-03T01:00,24.000,ppb
80211,SASKATOON-CORMAN PARK,NO2,1992-12-03T02:00,30.000,ppb
80211,SASKATOON-CORMAN PARK,NO2,1992-12-03T03:00,0.000,ppb
80211,SASKATOON-CORMAN PARK,NO2,1992-12-03T04:00,8.000,ppb
80211,SASKATOON-CORMAN PARK,NO2,1992-12-03T05:00,9.000,ppb
80211,SASKATOON-CORMAN PARK,NO2,1992-12-03T06:00,10.000,ppb
80211,SASKATOON-CORMAN PARK,NO2,1992-12-03T07:00,15.000,ppb
80211,SASKATOON-CORMAN PARK,NO2,1992-12-03T08:00,19.000,ppb
80211,SASKATOON-CORMAN PARK,NO2,1992-12-03T09:00,16.000,ppb
80211,SASKATOON-CORMAN PARK,NO2,1992-12-03T10:00,19.000,ppb
80211,SASKATOON-CORMAN PARK,NO2,1992-12-03T11:00,17.000,ppb
80211,SASKATOON-CORMAN PARK,NO2,1992-12-03T12:00,15.000,ppb
80211,SASKATOON-CORMAN PARK,NO2,1992-12-03T14:00,14.000,ppb
80211,SASKATOON-CORMAN PARK,NO2,1992-12-03T15:00,17.000,ppb
80211,SASKATOON-CORMAN PARK,NO2,1992-12-03T16:00,23.000,ppb
80211,SASKATOON-CORMAN PARK,NO2,1992-12-03T17:00,27.000,ppb
80211,SASKATOON-CORMAN PARK,NO2,1992-12-03T18:00,23.000,ppb
80211,SASKATOON-CORMAN PARK,NO2,1992-12-03T19:00,26.000,ppb
80211,SASKATOON-CORMAN PARK,NO2,1992-12-03T20:00,23.000,ppb
80211,SASKATOON-CORMAN PARK,NO2,1992-12-03T21:00,25.000,ppb
80211,SASKATOON-CORMAN PARK,NO2,1992-12-03T22:00,34.000,ppb
80211,SASKATOON-CORMAN PARK,NO2,1992-12-03T23:00,36.000,ppb
80211,SASKATOON-CORMAN PARK,NO2,1992-12-04T00:00,38.000,ppb
80211,SASKATOON-CORMAN PARK,NO2,1992-12-04T01:00,29.000,ppb
80211,SASKATOON-CORMAN PARK,NO2,1992-12-04T02:00,28.000,ppb
80211,SASKATOON-CORMAN PARK,NO2,1992-12-04T03:00,43.000,ppb
80211,SASKATOON-CORMAN PARK,NO2,1992-12-04T04:00,17.000,ppb
80211,SASKATOON-CORMAN PARK,NO2,1992-12-04T05:00,20.000,ppb
80211,SASKATOON-CORMAN PARK,NO2,1992-12-04T06:00,12.000,ppb
80211,SASKATOON-CORMAN PARK,NO2,1992-12-04T07:00,19.000,ppb
80211,SASKATOON-CORMAN PARK,NO2,1992-12-04T08:00,18.000,ppb
80211,SASKATOON-CORMAN PARK,NO2,1992-12-04T09:00,21.000,ppb
80211,SASKATOON-CORMAN PARK,NO2,1992-12-04T10:00,21.000,ppb
80211,SASKATOON-CORMAN PARK,NO2,1992-12-04T11:00,18.000,ppb
80211,SASKATOON-CORMAN PARK,NO2,1992-12-04T12:00,19.000,ppb
80211,SASKATOON-CORMAN PARK,NO2,1992-12-04T13:00,15.000,ppb
80211,SASKATOON-CORMAN PARK,NO2,1992-12-04T14:00,17.000,ppb
80211,SASKATOON-CORMAN PARK,NO2,1992-12-04T15:00,21.000,ppb
80211,SASKATOON-CORMAN PARK,NO2,1992-12-04T16:00,27.000,ppb
80211,SASKATOON-CORMAN PARK,NO2,1992-12-04T17:00,30.000,ppb
80211,SASKATOON-CORMAN PARK,NO2,1992-12-04T18:00,21.000,ppb
80211,SASKATOON-CORMAN PARK,NO2,1992-12-04T19:00,24.000,ppb
80211,SASKATOON-CORMAN PARK,NO2,1992-12-04T20:00,21.000,ppb
80211,SASKATOON-CORMAN PARK,NO2,1992-12-04T21:00,23.000,ppb
80211,SASKATOON-CORMAN PARK,NO2,1992-12-04T22:00,23.000,ppb
80211,SASKATOON-CORMAN PARK,NO2,1992-12-04T23:00,28.000,ppb
80211,SASKATOON-CORMAN PARK,NO2,1992-12-05T00:00,26.000,ppb
80211,SASKATOON-CORMAN PARK,NO2,1992-12-05T01:00,14.000,ppb
80211,SASKATOON-CORMAN PARK,NO2,1992-12-05T02:00,16.000,ppb
80211,SASKATOON-CORMAN PARK,NO2,1992-12-05T03:00,20.000,ppb
80211,SASKATOON-CORMAN PARK,NO2,1992-12-05T04:00,16.000,ppb
80211,SASKATOON-CORMAN PARK,NO2,1992-12-05T05:00,18.000,ppb
80211,SASKATOON-CORMAN PARK,NO2,1992-12-05T06:00,14.000,ppb
80211,SASKATOON-CORMAN PARK,NO2,1992-12-05T07:00,16.000,ppb
80211,SASKATOON-CORMAN PARK,NO2,1992-12-05T08:00,16.000,ppb
80211,SASKATOON-CORMAN PARK,NO2,1992-12-05T09:00,22.000,ppb
80211,SASKATOON-CORMAN PARK,NO2,1992-12-05T10:00,22.000,ppb
80211,SASKATOON-CORMAN PARK,NO2,1992-12-05T11:00,23.000,ppb
80211,SASKATOON-CORMAN PARK,NO2,1992-12-05T12:00,21.000,ppb
80211,SASKATOON-CORMAN PARK,NO2,1992-12-05T13:00,20.000,ppb
80211,SASKATOON-CORMAN PARK,NO2,1992-12-05T14:00,12.000,ppb
80211,SASKATOON-CORMAN PARK,NO2,1992-12-05T15:00,17.000,ppb
80211,SASKATOON-CORMAN PARK,NO2,1992-12-05T16:00,29.000,ppb
80211,SASKATOON-CORMAN PARK,NO2,1992-12-05T17:00,37.000,ppb
80211,SASKATOON-CORMAN PARK,NO2,1992-12-05T18:00,35.000,ppb
80211,SASKATOON-CORMAN PARK,NO2,1992-12-05T19:00,38.000,ppb
80211,SASKATOON-CORMAN PARK,NO2,1992-12-05T20:00,28.000,ppb
80211,SASKATOON-CORMAN PARK,NO2,1992-12-05T21:00,19.000,ppb
80211,SASKATOON-CORMAN PARK,NO2,1992-12-05T22:00,24.000,ppb
80211,SASKATOON-CORMAN PARK,NO2,1992-12-05T23:00,28.000,ppb
80211,SASKATOON-CORMAN PARK,NO2,1992-12-06T00:00,23.000,ppb
80211,SASKATOON-CORMAN PARK,NO2,1992-12-06T01:00,19.000,ppb
80211,SASKATOON-CORMAN PARK,NO2,1992-12-06T02:00,22.000,ppb
80211,SASKATOON-CORMAN PARK,NO2,1992-12-06T03:00,18.000,ppb
80211,SASKATOON-CORMAN PARK,NO2,1992-12-06T04:00,27.000,ppb
80211,SASKATOON-CORMAN PARK,NO2,1992-12-06T05:00,27.000,ppb
80211,SASKATOON-CORMAN PARK,NO2,1992-12-06T06:00,36.000,ppb
80211,SASKATOON-CORMAN PARK,NO2,1992-12-06T07:00,29.000,ppb
80211,SASKATOON-CORMAN PARK,NO2,1992-12-06T08:00,26.000,ppb
80211,SASKATOON-CORMAN PARK,NO2,1992-12-06T09:00,38.000,ppb
80211,SASKATOON-CORMAN PARK,NO2,1992-12-06T10:00,26.000,ppb
80211,SASKATOON-CORMAN PARK,NO2,1992-12-06T11:00,18.000,ppb
80211,SASKATOON-CORMAN PARK,NO2,1992-12-06T12:00,17.000,ppb
80211,SASKATOON-CORMAN PARK,NO2,1992-12-06T13:00,16.000,ppb
80211,SASKATOON-CORMAN PARK,NO2,1992-12-06T14:00,29.000,ppb
80211,SASKATOON-CORMAN PARK,NO2,1992-12-06T15:00,24.000,ppb
80211,SASKATOON-CORMAN PARK,NO2,1992-12-06T16:00,29.000,ppb
80211,SASKATOON-CORMAN PARK,NO2,1992-12-06T17:00,34.000,ppb
80211,SASKATOON-CORMAN PARK,NO2,1992-12-06T18:00,36.000,ppb
80211,SASKATOON-CORMAN PARK,NO2,1992-12-06T19:00,38.000,ppb
80211,SASKATOON-CORMAN PARK,NO2,1992-12-06T20:00,36.000,ppb
80211,SASKATOON-CORMAN PARK,NO2,1992-12-06T21:00,26.000,ppb
80211,SASKATOON-CORMAN PARK,NO2,1992-12-06T22:00,21.000,ppb
80211,SASKATOON-CORMAN PARK,NO2,1992-12-06T23:00,18.000,ppb
80211,SASKATOON-CORMAN PARK,NO2,1992-12-07T00:00,20.000,ppb
80211,SASKATOON-CORMAN PARK,NO2,1992-12-07T01:00,21.000,ppb
80211,SASKATOON-CORMAN PARK,NO2,1992-12-07T02:00,14.000,ppb
80211,SASKATOON-CORMAN PARK,NO2,1992-12-07T03:00,13.000,ppb
80211,SASKATOON-CORMAN PARK,NO2,1992-12-07T04:00,12.000,ppb
80211,SASKATOON-CORMAN PARK,NO2,1992-12-07T05:00,15.000,ppb
80211,SASKATOON-CORMAN PARK,NO2,1992-12-07T06:00,17.000,ppb
80211,SASKATOON-CORMAN PARK,NO2,1992-12-07T07:00,22.000,ppb
80211,SASKATOON-CORMAN PARK,NO2,1992-12-07T08:00,25.000,ppb
80211,SASKATOON-CORMAN PARK,NO2,1992-12-07T09:00,20.000,ppb
80211,SASKATOON-CORMAN PARK,NO2,1992-12-07T10:00,19.000,ppb
80211,SASKATOON-CORMAN PARK,NO2,1992-12-07T11:00,20.000,ppb
80211,SASKATOON-CORMAN PARK,NO2,1992-12-07T12:00,16.000,ppb
80211,SASKATOON-CORMAN PARK,NO2,1992-12-07T13:00,14.000,ppb
80211,SASKATOON-CORMAN PARK,NO2,1992-12-07T14:00,19.000,ppb
80211,SASKATOON-CORMAN PARK,NO2,1992-12-07T15:00,27.000,ppb
80211,SASKATOON-CORMAN PARK,NO2,1992-12-07T16:00,27.000,ppb
80211,SASKATOON-CORMAN PARK,NO2,1992-12-07T17:00,30.000,ppb
80211,SASKATOON-CORMAN PARK,NO2,1992-12-07T18:00,28.000,ppb
80211,SASKATOON-CORMAN PARK,NO2,1992-12-07T19:00,22.000,ppb
80211,SASKATOON-CORMAN PARK,NO2,1992-12-07T20:00,23.000,ppb
80211,SASKATOON-CORMAN PARK,NO2,1992-12-07T21:00,24.000,ppb
80211,SASKATOON-CORMAN PARK,NO2,1992-12-07T22:00,23.000,ppb
80211,SASKATOON-CORMAN PARK,NO2,1992-12-07T23:00,18.000,ppb
80211,SASKATOON-CORMAN PARK,NO2,1992-12-08T00:00,19.000,ppb
80211,SASKATOON-CORMAN PARK,NO2,1992-12-08T01:00,18.000,ppb
80211,SASKATOON-CORMAN PARK,NO2,1992-12-08T02:00,21.000,ppb
80211,SASKATOON-CORMAN PARK,NO2,1992-12-08T03:00,23.000,ppb
80211,SASKATOON-CORMAN PARK,NO2,1992-12-08T04:00,23.000,ppb
80211,SASKATOON-CORMAN PARK,NO2,1992-12-08T05:00,19.000,ppb
80211,SASKATOON-CORMAN PARK,NO2,1992-12-08T06:00,26.000,ppb
80211,SASKATOON-CORMAN PARK,NO2,1992-12-08T07:00,31.000,ppb
80211,SASKATOON-CORMAN PARK,NO2,1992-12-08T08:00,40.000,ppb
80211,SASKATOON-CORMAN PARK,NO2,1992-12-08T09:00,35.000,ppb
80211,SASKATOON-CORMAN PARK,NO2,1992-12-08T10:00,28.000,ppb
80211,SASKATOON-CORMAN PARK,NO2,1992-12-08T11:00,33.000,ppb
80211,SASKATOON-CORMAN PARK,NO2,1992-12-08T12:00,19.000,ppb
80211,SASKATOON-CORMAN PARK,NO2,1992-12-08T14:00,19.000,ppb
80211,SASKATOON-CORMAN PARK,NO2,1992-12-08T15:00,25.000,ppb
80211,SASKATOON-CORMAN PARK,NO2,1992-12-08T16:00,32.000,ppb
80211,SASKATOON-CORMAN PARK,NO2,1992-12-08T17:00,39.000,ppb
80211,SASKATOON-CORMAN PARK,NO2,1992-12-08T18:00,42.000,ppb
80211,SASKATOON-CORMAN PARK,NO2,1992-12-08T19:00,39.000,ppb
80211,SASKATOON-CORMAN PARK,NO2,1992-12-08T20:00,40.000,ppb
80211,SASKATOON-CORMAN PARK,NO2,1992-12-08T21:00,37.000,ppb
80211,SASKATOON-CORMAN PARK,NO2,1992-12-08T22:00,38.000,ppb
80211,SASKATOON-CORMAN PARK,NO2,1992-12-08T23:00,35.000,ppb
80211,SASKATOON-CORMAN PARK,NO2,1992-12-09T00:00,37.000,ppb
80211,SASKATOON-CORMAN PARK,NO2,1992-12-09T01:00,28.000,ppb
80211,SASKATOON-CORMAN PARK,NO2,1992-12-09T02:00,26.000,ppb
80211,SASKATOON-CORMAN PARK,NO2,1992-12-09T03:00,21.000,ppb
80211,SASKATOON-CORMAN PARK,NO2,1992-12-09T04:00,22.000,ppb
80211,SASKATOON-CORMAN PARK,NO2,1992-12-09T05:00,22.000,ppb
80211,SASKATOON-CORMAN PARK,NO2,1992-12-09T06:00,42.000,ppb
80211,SASKATOON-CORMAN PARK,NO2,1992-12-09T07:00,70.000,ppb
80211,SASKATOON-CORMAN PARK,NO2,1992-12-09T08:00,59.000,ppb
80211,SASKATOON-CORMAN PARK,NO2,1992-12-09T09:00,46.000,ppb
80211,SASKATOON-CORMAN PARK,NO2,1992-12-09T10:00,31.000,ppb
80211,SASKATOON-CORMAN PARK,NO2,1992-12-09T11:00,20.000,ppb
80211,SASKATOON-CORMAN PARK,NO2,1992-12-09T12:00,16.000,ppb
80211,SASKATOON-CORMAN PARK,NO2,1992-12-09T13:00,16.000,ppb
80211,SASKATOON-CORMAN PARK,NO2,1992-12-09T14:00,17.000,ppb
80211,SASKATOON-CORMAN PARK,NO2,1992-12-09T15:00,19.000,ppb
80211,SASKATOON-CORMAN PARK,NO2,1992-12-09T16:00,23.000,ppb
80211,SASKATOON-CORMAN PARK,NO2,1992-12-09T17:00,27.000,ppb
80211,SASKATOON-CORMAN PARK,NO2,1992-12-09T18:00,30.000,ppb
80211,SASKATOON-CORMAN PARK,NO2,1992-12-09T19:00,28.000,ppb
80211,SASKATOON-CORMAN PARK,NO2,1992-12-09T20:00,24.000,ppb
80211,SASKATOON-CORMAN PARK,NO2,1992-12-09T21:00,24.000,ppb
80211,SASKATOON-CORMAN PARK,NO2,1992-12-09T22:00,24.000,ppb
80211,SASKATOON-CORMAN PARK,NO2,1992-12-09T23:00,26.000,ppb
80211,SASKATOON-CORMAN PARK,NO2,1992-12-10T00:00,28.000,ppb
80211,SASKATOON-CORMAN PARK,NO2,1992-12-10T01:00,21.000,ppb
80211,SASKATOON-CORMAN PARK,NO2,1992-12-10T02:00,34.000,ppb
80211,SASKATOON-CORMAN PARK,NO2,1992-12-10T03:00,35.000,ppb
80211,SASKATOON-CORMAN PARK,NO2,1992-12-10T04:00,28.000,ppb
80211,SASKATOON-CORMAN PARK,NO2,1992-12-10T05:00,27.000,ppb
80211,SASKATOON-CORMAN PARK,NO2,1992-12-10T06:00,29.000,ppb
80211,SASKATOON-CORMAN PARK,NO2,1992-12-10T07:00,30.000,ppb
80211,SASKATOON-CORMAN PARK,NO2,1992-12-10T08:00,36.000,ppb
80211,SASKATOON-CORMAN PARK,NO2,1992-12-10T09:00,25.000,ppb
80211,SASKATOON-CORMAN PARK,NO2,1992-12-10T10:00,27.000,ppb
80211,SASKATOON-CORMAN PARK,NO2,1992-12-10T11:00,30.000,ppb
80211,SASKATOON-CORMAN PARK,NO2,1992-12-10T12:00,26.000,ppb
80211,SASKATOON-CORMAN PARK,NO2,1992-12-10T14:00,33.000,ppb
80211,SASKATOON-CORMAN PARK,NO2,1992-12-10T15:00,33.000,ppb
80211,SASKATOON-CORMAN PARK,NO2,1992-12-10T16:00,31.000,ppb
80211,SASKATOON-CORMAN PARK,NO2,1992-12-10T17:00,38.000,ppb
80211,SASKATOON-CORMAN PARK,NO2,1992-12-10T18:00,36.000,ppb
80211,SASKATOON-CORMAN PARK,NO2,1992-12-10T19:00,30.000,ppb
80211,SASKATOON-CORMAN PARK,NO2,1992-12-10T20:00,30.000,ppb
80211,SASKATOON-CORMAN PARK,NO2,1992-12-10T21:00,31.000,ppb
80211,SASKATOON-CORMAN PARK,NO2,1992-12-10T22:00,23.000,ppb
80211,SASKATOON-CORMAN PARK,NO2,1992-12-10T23:00,23.000,ppb
80211,SASKATOON-CORMAN PARK,NO2,1992-12-11T00:00,20.000,ppb
80211,SASKATOON-CORMAN PARK,NO2,1992-12-11T01:00,14.000,ppb
80211,SASKATOON-CORMAN PARK,NO2,1992-12-11T02:00,13.000,ppb
80211,SASKATOON-CORMAN PARK,NO2,1992-12-11T03:00,12.000,ppb
80211,SASKATOON-CORMAN PARK,NO2,1992-12-11T04:00,11.000,ppb
80211,SASKATOON-CORMAN PARK,NO2,1992-12-11T05:00,16.000,ppb
80211,SASKATOON-CORMAN PARK,NO2,1992-12-11T06:00,23.000,ppb
80211,SASKATOON-CORMAN PARK,NO2,1992-12-11T07:00,22.000,ppb
80211,SASKATOON-CORMAN PARK,NO2,1992-12-11T08:00,22.000,ppb
80211,SASKATOON-CORMAN PARK,NO2,1992-12-11T09:00,17.000,ppb
80211,SASKATOON-CORMAN PARK,NO2,1992-12-11T10:00,15.000,ppb
80211,SASKATOON-CORMAN PARK,NO2,1992-12-11T11:00,13.000,ppb
80211,SASKATOON-CORMAN PARK,NO2,1992-12-11T12:00,14.000,ppb
80211,SASKATOON-CORMAN PARK,NO2,1992-12-11T13:00,14.000,ppb
80211,SASKATOON-CORMAN PARK,NO2,1992-12-11T14:00,14.000,ppb
80211,SASKATOON-CORMAN PARK,NO2,1992-12-11T15:00,20.000,ppb
80211,SASKATOON-CORMAN PARK,NO2,1992-12-11T16:00,26.000,ppb
80211,SASKATOON-CORMAN PARK,NO2,1992-12-11T17:00,19.000,ppb
80211,SASKATOON-CORMAN PARK,NO2,1992-12-11T18:00,20.000,ppb
80211,SASKATOON-CORMAN PARK,NO2,1992-12-11T19:00,17.000,ppb
80211,SASKATOON-CORMAN PARK,NO2,1992-12-11T20:00,33.000,ppb
80211,SASKATOON-CORMAN PARK,NO2,1992-12-11T21:00,42.000,ppb
80211,SASKATOON-CORMAN PARK,NO2,1992-12-11T22:00,42.000,ppb
80211,SASKATOON-CORMAN PARK,NO2,1992-12-11T23:00,39.000,ppb
80211,SASKATOON-CORMAN PARK,NO2,1992-12-12T00:00,31.000,ppb
80211,SASKATOON-CORMAN PARK,NO2,1992-12-12T01:00,32.000,ppb
80211,SASKATOON-CORMAN PARK,NO2,1992-12-12T02:00,40.000,ppb
80211,SASKATOON-CORMAN PARK,NO2,1992-12-12T03:00,43.000,ppb
80211,SASKATOON-CORMAN PARK,NO2,1992-12-12T04:00,31.000,ppb
80211,SASKATOON-CORMAN PARK,NO2,1992-12-12T05:00,42.000,ppb
80211,SASKATOON-CORMAN PARK,NO2,1992-12-12T06:00,36.000,ppb
80211,SASKATOON-CORMAN PARK,NO2,1992-12-12T07:00,34.000,ppb
80211,SASKATOON-CORMAN PARK,NO2,1992-12-12T08:00,40.000,ppb
80211,SASKATOON-CORMAN PARK,NO2,1992-12-12T09:00,35.000,ppb
80211,SASKATOON-CORMAN PARK,NO2,1992-12-12T10:00,36.000,ppb
80211,SASKATOON-CORMAN PARK,NO2,1992-12-12T11:00,23.000,ppb
80211,SASKATOON-CORMAN PARK,NO2,1992-12-12T12:00,26.000,ppb
80211,SASKATOON-CORMAN PARK,NO2,1992-12-12T13:00,28.000,ppb
80211,SASKATOON-CORMAN PARK,NO2,1992-12-12T14:00,33.000,ppb
80211,SASKATOON-CORMAN PARK,NO2,1992-12-12T15:00,40.000,ppb
80211,SASKATOON-CORMAN PARK,NO2,1992-12-12T16:00,37.000,ppb
80211,SASKATOON-CORMAN PARK,NO2,1992-12-12T17:00,33.000,ppb
80211,SASKATOON-CORMAN PARK,NO2,1992-12-12T18:00,27.000,ppb
80211,SASKATOON-CORMAN PARK,NO2,1992-12-12T19:00,26.000,ppb
80211,SASKATOON-CORMAN PARK,NO2,1992-12-12T20:00,27.000,ppb
80211,SASKATOON-CORMAN PARK,NO2,1992-12-12T21:00,21.000,ppb
80211,SASKATOON-CORMAN PARK,NO2,1992-12-12T22:00,31.000,ppb
80211,SASKATOON-CORMAN PARK,NO2,1992-12-12T23:00,36.000,ppb
80211,SASKATOON-CORMAN PARK,NO2,1992-12-13T00:00,29.000,ppb
80211,SASKATOON-CORMAN PARK,NO2,1992-12-13T01:00,25.000,ppb
80211,SASKATOON-CORMAN PARK,NO2,1992-12-13T02:00,27.000,ppb
80211,SASKATOON-CORMAN PARK,NO2,1992-12-13T03:00,31.000,ppb
80211,SASKATOON-CORMAN PARK,NO2,1992-12-13T04:00,22.000,ppb
80211,SASKATOON-CORMAN PARK,NO2,1992-12-13T05:00,27.000,ppb
80211,SASKATOON-CORMAN PARK,NO2,1992-12-13T06:00,33.000,ppb
80211,SASKATOON-CORMAN PARK,NO2,1992-12-13T07:00,28.000,ppb
80211,SASKATOON-CORMAN PARK,NO2,1992-12-13T08:00,19.000,ppb
80211,SASKATOON-CORMAN PARK,NO2,1992-12-13T09:00,28.000,ppb
80211,SASKATOON-CORMAN PARK,NO2,1992-12-13T10:00,26.000,ppb
80211,SASKATOON-CORMAN PARK,NO2,1992-12-13T11:00,25.000,ppb
80211,SASKATOON-CORMAN PARK,NO2,1992-12-13T12:00,23.000,ppb
80211,SASKATOON-CORMAN PARK,NO2,1992-12-13T13:00,21.000,ppb
80211,SASKATOON-CORMAN PARK,NO2,1992-12-13T14:00,22.000,ppb
80211,SASKATOON-CORMAN PARK,NO2,1992-12-13T15:00,18.000,ppb
80211,SASKATOON-CORMAN PARK,NO2,1992-12-13T16:00,20.000,ppb
80211,SASKATOON-CORMAN PARK,NO2,1992-12-13T17:00,23.000,ppb
80211,SASKATOON-CORMAN PARK,NO2,1992-12-13T18:00,17.000,ppb
80211,SASKATOON-CORMAN PARK,NO2,1992-12-13T19:00,16.000,ppb
80211,SASKATOON-CORMAN PARK,NO2,1992-12-13T20:00,19.000,ppb
80211,SASKATOON-CORMAN PARK,NO2,1992-12-13T21:00,20.000,ppb
80211,SASKATOON-CORMAN PARK,NO2,1992-12-13T22:00,19.000,ppb
80211,SASKATOON-CORMAN PARK,NO2,1992-12-13T23:00,16.000,ppb
80211,SASKATOON-CORMAN PARK,NO2,1992-12-14T00:00,15.000,ppb
80211,SASKATOON-CORMAN PARK,NO2,1992-12-14T01:00,14.000,ppb
80211,SASKATOON-CORMAN PARK,NO2,1992-12-14T02:00,13.000,ppb
80211,SASKATOON-CORMAN PARK,NO2,1992-12-14T03:00,14.000,ppb
80211,SASKATOON-CORMAN PARK,NO2,1992-12-14T04:00,16.000,ppb
80211,SASKATOON-CORMAN PARK,NO2,1992-12-14T05:00,14.000,ppb
80211,SASKATOON-CORMAN PARK,NO2,1992-12-14T06:00,14.000,ppb
80211,SASKATOON-CORMAN PARK,NO2,1992-12-14T07:00,22.000,ppb
80211,SASKATOON-CORMAN PARK,NO2,1992-12-14T08:00,18.000,ppb
80211,SASKATOON-CORMAN PARK,NO2,1992-12-14T09:00,24.000,ppb
80211,SASKATOON-CORMAN PARK,NO2,1992-12-14T10:00,26.000,ppb
80211,SASKATOON-CORMAN PARK,NO2,1992-12-14T11:00,27.000,ppb
80211,SASKATOON-CORMAN PARK,NO2,1992-12-14T12:00,15.000,ppb
80211,SASKATOON-CORMAN PARK,NO2,1992-12-14T13:00,10.000,ppb
80211,SASKATOON-CORMAN PARK,NO2,1992-12-14T14:00,12.000,ppb
80211,SASKATOON-CORMAN PARK,NO2,1992-12-14T15:00,21.000,ppb
80211,SASKATOON-CORMAN PARK,NO2,1992-12-14T16:00,27.000,ppb
80211,SASKATOON-CORMAN PARK,NO2,1992-12-14T17:00,30.000,ppb
80211,SASKATOON-CORMAN PARK,NO2,1992-12-14T18:00,29.000,ppb
80211,SASKATOON-CORMAN PARK,NO2,1992-12-14T19:00,38.000,ppb
80211,SASKATOON-CORMAN PARK,NO2,1992-12-14T20:00,42.000,ppb
80211,SASKATOON-CORMAN PARK,NO2,1992-12-14T21:00,43.000,ppb
80211,SASKATOON-CORMAN PARK,NO2,1992-12-14T22:00,50.000,ppb
80211,SASKATOON-CORMAN PARK,NO2,1992-12-14T23:00,45.000,ppb
80211,SASKATOON-CORMAN PARK,NO2,1992-12-15T00:00,47.000,ppb
80211,SASKATOON-CORMAN PARK,NO2,1992-12-15T01:00,40.000,ppb
80211,SASKATOON-CORMAN PARK,NO2,1992-12-15T02:00,42.000,ppb
80211,SASKATOON-CORMAN PARK,NO2,1992-12-15T03:00,41.000,ppb
80211,SASKATOON-CORMAN PARK,NO2,1992-12-15T04:00,20.000,ppb
80211,SASKATOON-CORMAN PARK,NO2,1992-12-15T05:00,24.000,ppb
80211,SASKATOON-CORMAN PARK,NO2,1992-12-15T06:00,27.000,ppb
80211,SASKATOON-CORMAN PARK,NO2,1992-12-15T07:00,27.000,ppb
80211,SASKATOON-CORMAN PARK,NO2,1992-12-15T08:00,28.000,ppb
80211,SASKATOON-CORMAN PARK,NO2,1992-12-15T09:00,20.000,ppb
80211,SASKATOON-CORMAN PARK,NO2,1992-12-15T10:00,19.000,ppb
80211,SASKATOON-CORMAN PARK,NO2,1992-12-15T11:00,15.000,ppb
80211,SASKATOON-CORMAN PARK,NO2,1992-12-15T12:00,15.000,ppb
80211,SASKATOON-CORMAN PARK,NO2,1992-12-15T14:00,17.000,ppb
80211,SASKATOON-CORMAN PARK,NO2,1992-12-15T15:00,16.000,ppb
80211,SASKATOON-CORMAN PARK,NO2,1992-12-15T16:00,17.000,ppb
80211,SASKATOON-CORMAN PARK,NO2,1992-12-15T17:00,18.000,ppb
80211,SASKATOON-CORMAN PARK,NO2,1992-12-15T18:00,27.000,ppb
80211,SASKATOON-CORMAN PARK,NO2,1992-12-15T19:00,24.000,ppb
80211,SASKATOON-CORMAN PARK,NO2,1992-12-15T20:00,18.000,ppb
80211,SASKATOON-CORMAN PARK,NO2,1992-12-15T21:00,11.000,ppb
80211,SASKATOON-CORMAN PARK,NO2,1992-12-15T22:00,10.000,ppb
80211,SASKATOON-CORMAN PARK,NO2,1992-12-15T23:00,12.000,ppb
80211,SASKATOON-CORMAN PARK,NO2,1992-12-16T00:00,15.000,ppb
80211,SASKATOON-CORMAN PARK,NO2,1992-12-16T01:00,14.000,ppb
80211,SASKATOON-CORMAN PARK,NO2,1992-12-16T02:00,17.000,ppb
80211,SASKATOON-CORMAN PARK,NO2,1992-12-16T03:00,15.000,ppb
80211,SASKATOON-CORMAN PARK,NO2,1992-12-16T04:00,16.000,ppb
80211,SASKATOON-CORMAN PARK,NO2,1992-12-16T05:00,18.000,ppb
80211,SASKATOON-CORMAN PARK,NO2,1992-12-16T06:00,16.000,ppb
80211,SASKATOON-CORMAN PARK,NO2,1992-12-16T07:00,24.000,ppb
80211,SASKATOON-CORMAN PARK,NO2,1992-12-16T08:00,29.000,ppb
80211,SASKATOON-CORMAN PARK,NO2,1992-12-16T09:00,32.000,ppb
80211,SASKATOON-CORMAN PARK,NO2,1992-12-16T10:00,30.000,ppb
80211,SASKATOON-CORMAN PARK,NO2,1992-12-16T11:00,27.000,ppb
80211,SASKATOON-CORMAN PARK,NO2,1992-12-16T12:00,21.000,ppb
80211,SASKATOON-CORMAN PARK,NO2,1992-12-16T13:00,18.000,ppb
80211,SASKATOON-CORMAN PARK,NO2,1992-12-16T14:00,17.000,ppb
80211,SASKATOON-CORMAN PARK,NO2,1992-12-16T15:00,19.000,ppb
80211,SASKATOON-CORMAN PARK,NO2,1992-12-16T16:00,25.000,ppb
80211,SASKATOON-CORMAN PARK,NO2,1992-12-16T17:00,30.000,ppb
80211,SASKATOON-CORMAN PARK,NO2,1992-12-16T18:00,27.000,ppb
80211,SASKATOON-CORMAN PARK,NO2,1992-12-16T19:00,31.000,ppb
80211,SASKATOON-CORMAN PARK,NO2,1992-12-16T20:00,24.000,ppb
80211,SASKATOON-CORMAN PARK,NO2,1992-12-16T21:00,30.000,ppb
80211,SASKATOON-CORMAN PARK,NO2,1992-12-16T22:00,31.000,ppb
80211,SASKATOON-CORMAN PARK,NO2,1992-12-16T23:00,27.000,ppb
80211,SASKATOON-CORMAN PARK,NO2,1992-12-17T00:00,19.000,ppb
80211,SASKATOON-CORMAN PARK,NO2,1992-12-17T01:00,10.000,ppb
80211,SASKATOON-CORMAN PARK,NO2,1992-12-17T02:00,11.000,ppb
80211,SASKATOON-CORMAN PARK,NO2,1992-12-17T03:00,11.000,ppb
80211,SASKATOON-CORMAN PARK,NO2,1992-12-17T04:00,9.000,ppb
80211,SASKATOON-CORMAN PARK,NO2,1992-12-17T05:00,9.000,ppb
80211,SASKATOON-CORMAN PARK,NO2,1992-12-17T06:00,11.000,ppb
80211,SASKATOON-CORMAN PARK,NO2,1992-12-17T07:00,13.000,ppb
80211,SASKATOON-CORMAN PARK,NO2,1992-12-17T08:00,13.000,ppb
80211,SASKATOON-CORMAN PARK,NO2,1992-12-17T09:00,11.000,ppb
80211,SASKATOON-CORMAN PARK,NO2,1992-12-17T10:00,11.000,ppb
80211,SASKATOON-CORMAN PARK,NO2,1992-12-17T11:00,10.000,ppb
80211,SASKATOON-CORMAN PARK,NO2,1992-12-17T12:00,12.000,ppb
80211,SASKATOON-CORMAN PARK,NO2,1992-12-17T13:00,13.000,ppb
80211,SASKATOON-CORMAN PARK,NO2,1992-12-17T14:00,15.000,ppb
80211,SASKATOON-CORMAN PARK,NO2,1992-12-17T15:00,14.000,ppb
80211,SASKATOON-CORMAN PARK,NO2,1992-12-17T16:00,19.000,ppb
80211,SASKATOON-CORMAN PARK,NO2,1992-12-17T17:00,19.000,ppb
80211,SASKATOON-CORMAN PARK,NO2,1992-12-17T18:00,13.000,ppb
80211,SASKATOON-CORMAN PARK,NO2,1992-12-17T19:00,12.000,ppb
80211,SASKATOON-CORMAN PARK,NO2,1992-12-17T20:00,12.000,ppb
80211,SASKATOON-CORMAN PARK,NO2,1992-12-17T21:00,11.000,ppb
80211,SASKATOON-CORMAN PARK,NO2,1992-12-17T22:00,11.000,ppb
80211,SASKATOON-CORMAN PARK,NO2,1992-12-17T23:00,10.000,ppb
80211,SASKATOON-CORMAN PARK,NO2,1992-12-18T00:00,10.000,ppb
80211,SASKATOON-CORMAN PARK,NO2,1992-12-18T01:00,10.000,ppb
80211,SASKATOON-CORMAN PARK,NO2,1992-12-18T02:00,13.000,ppb
80211,SASKATOON-CORMAN PARK,NO2,1992-12-18T03:00,11.000,ppb
80211,SASKATOON-CORMAN PARK,NO2,1992-12-18T04:00,20.000,ppb
80211,SASKATOON-CORMAN PARK,NO2,1992-12-18T05:00,11.000,ppb
80211,SASKATOON-CORMAN PARK,NO2,1992-12-18T06:00,10.000,ppb
80211,SASKATOON-CORMAN PARK,NO2,1992-12-18T07:00,14.000,ppb
80211,SASKATOON-CORMAN PARK,NO2,1992-12-18T08:00,21.000,ppb
80211,SASKATOON-CORMAN PARK,NO2,1992-12-18T09:00,21.000,ppb
80211,SASKATOON-CORMAN PARK,NO2,1992-12-18T10:00,24.000,ppb
80211,SASKATOON-CORMAN PARK,NO2,1992-12-18T11:00,19.000,ppb
80211,SASKATOON-CORMAN PARK,NO2,1992-12-18T12:00,10.000,ppb
80211,SASKATOON-CORMAN PARK,NO2,1992-12-18T14:00,16.000,ppb
80211,SASKATOON-CORMAN PARK,NO2,1992-12-18T15:00,14.000,ppb
80211,SASKATOON-CORMAN PARK,NO2,1992-12-18T16:00,23.000,ppb
80211,SASKATOON-CORMAN PARK,NO2,1992-12-18T17:00,28.000,ppb
80211,SASKATOON-CORMAN PARK,NO2,1992-12-18T18:00,37.000,ppb
80211,SASKATOON-CORMAN PARK,NO2,1992-12-18T19:00,38.000,ppb
80211,SASKATOON-CORMAN PARK,NO2,1992-12-18T20:00,31.000,ppb
80211,SASKATOON-CORMAN PARK,NO2,1992-12-18T21:00,28.000,ppb
80211,SASKATOON-CORMAN PARK,NO2,1992-12-18T22:00,30.000,ppb
80211,SASKATOON-CORMAN PARK,NO2,1992-12-18T23:00,22.000,ppb
80211,SASKATOON-CORMAN PARK,NO2,1992-12-19T00:00,18.000,ppb
80211,SASKATOON-CORMAN PARK,NO2,1992-12-19T01:00,19.000,ppb
80211,SASKATOON-CORMAN PARK,NO2,1992-12-19T02:00,24.000,ppb
80211,SASKATOON-CORMAN PARK,NO2,1992-12-19T03:00,20.000,ppb
80211,SASKATOON-CORMAN PARK,NO2,1992-12-19T04:00,16.000,ppb
80211,SASKATOON-CORMAN PARK,NO2,1992-12-19T05:00,16.000,ppb
80211,SASKATOON-CORMAN PARK,NO2,1992-12-19T06:00,18.000,ppb
80211,SASKATOON-CORMAN PARK,NO2,1992-12-19T07:00,22.000,ppb
80211,SASKATOON-CORMAN PARK,NO2,1992-12-19T08:00,31.000,ppb
80211,SASKATOON-CORMAN PARK,NO2,1992-12-19T09:00,26.000,ppb
80211,SASKATOON-CORMAN PARK,NO2,1992-12-19T10:00,15.000,ppb
80211,SASKATOON-CORMAN PARK,NO2,1992-12-19T11:00,12.000,ppb
80211,SASKATOON-CORMAN PARK,NO2,1992-12-19T12:00,11.000,ppb
80211,SASKATOON-CORMAN PARK,NO2,1992-12-19T13:00,10.000,ppb
80211,SASKATOON-CORMAN PARK,NO2,1992-12-19T14:00,11.000,ppb
80211,SASKATOON-CORMAN PARK,NO2,1992-12-19T15:00,12.000,ppb
80211,SASKATOON-CORMAN PARK,NO2,1992-12-19T16:00,21.000,ppb
80211,SASKATOON-CORMAN PARK,NO2,1992-12-19T17:00,28.000,ppb
80211,SASKATOON-CORMAN PARK,NO2,1992-12-19T18:00,25.000,ppb
80211,SASKATOON-CORMAN PARK,NO2,1992-12-19T19:00,31.000,ppb
80211,SASKATOON-CORMAN PARK,NO2,1992-12-19T20:00,32.000,ppb
80211,SASKATOON-CORMAN PARK,NO2,1992-12-19T21:00,30.000,ppb
80211,SASKATOON-CORMAN PARK,NO2,1992-12-19T22:00,29.000,ppb
80211,SASKATOON-CORMAN PARK,NO2,1992-12-19T23:00,31.000,ppb
80211,SASKATOON-CORMAN PARK,NO2,1992-12-20T00:00,35.000,ppb
80211,SASKATOON-CORMAN PARK,NO2,1992-12-20T01:00,36.000,ppb
80211,SASKATOON-CORMAN PARK,NO2,1992-12-20T02:00,38.000,ppb
80211,SASKATOON-CORMAN PARK,NO2,1992-12-20T03:00,43.000,ppb
80211,SASKATOON-CORMAN PARK,NO2,1992-12-20T04:00,43.000,ppb
80211,SASKATOON-CORMAN PARK,NO2,1992-12-20T05:00,33.000,ppb
80211,SASKATOON-CORMAN PARK,NO2,1992-12-20T06:00,35.000,ppb
80211,SASKATOON-CORMAN PARK,NO2,1992-12-20T07:00,30.000,ppb
80211,SASKATOON-CORMAN PARK,NO2,1992-12-20T08:00,33.000,ppb
80211,SASKATOON-CORMAN PARK,NO2,1992-12-20T09:00,31.000,ppb
80211,SASKATOON-CORMAN PARK,NO2,1992-12-20T10:00,27.000,ppb
80211,SASKATOON-CORMAN PARK,NO2,1992-12-20T11:00,21.000,ppb
80211,SASKATOON-CORMAN PARK,NO2,1992-12-20T12:00,18.000,ppb
80211,SASKATOON-CORMAN PARK,NO2,1992-12-20T13:00,17.000,ppb
80211,SASKATOON-CORMAN PARK,NO2,1992-12-20T14:00,18.000,ppb
80211,SASKATOON-CORMAN PARK,NO2,1992-12-20T15:00,16.000,ppb
80211,SASKATOON-CORMAN PARK,NO2,1992-12-20T16:00,17.000,ppb
80211,SASKATOON-CORMAN PARK,NO2,1992-12-20T17:00,19.000,ppb
80211,SASKATOON-CORMAN PARK,NO2,1992-12-20T18:00,19.000,ppb
80211,SASKATOON-CORMAN PARK,NO2,1992-12-20T19:00,20.000,ppb
80211,SASKATOON-CORMAN PARK,NO2,1992-12-20T20:00,19.000,ppb
80211,SASKATOON-CORMAN PARK,NO2,1992-12-20T21:00,20.000,ppb
80211,SASKATOON-CORMAN PARK,NO2,1992-12-20T22:00,18.000,ppb
80211,SASKATOON-CORMAN PARK,NO2,1992-12-20T23:00,16.000,ppb
80211,SASKATOON-CORMAN PARK,NO2,1992-12-21T00:00,15.000,ppb
80211,SASKATOON-CORMAN PARK,NO2,1992-12-21T01:00,14.000,ppb
80211,SASKATOON-CORMAN PARK,NO2,1992-12-21T02:00,17.000,ppb
80211,SASKATOON-CORMAN PARK,NO2,1992-12-21T03:00,27.000,ppb
80211,SASKATOON-CORMAN PARK,NO2,1992-12-21T04:00,29.000,ppb
80211,SASKATOON-CORMAN PARK,NO2,1992-12-21T05:00,28.000,ppb
80211,SASKATOON-CORMAN PARK,NO2,1992-12-21T06:00,23.000,ppb
80211,SASKATOON-CORMAN PARK,NO2,1992-12-21T07:00,41.000,ppb
80211,SASKATOON-CORMAN PARK,NO2,1992-12-21T08:00,38.000,ppb
80211,SASKATOON-CORMAN PARK,NO2,1992-12-21T09:00,46.000,ppb
80211,SASKATOON-CORMAN PARK,NO2,1992-12-21T10:00,40.000,ppb
80211,SASKATOON-CORMAN PARK,NO2,1992-12-21T11:00,34.000,ppb
80211,SASKATOON-CORMAN PARK,NO2,1992-12-21T12:00,28.000,ppb
80211,SASKATOON-CORMAN PARK,NO2,1992-12-21T13:00,32.000,ppb
80211,SASKATOON-CORMAN PARK,NO2,1992-12-21T14:00,24.000,ppb
80211,SASKATOON-CORMAN PARK,NO2,1992-12-21T15:00,23.000,ppb
80211,SASKATOON-CORMAN PARK,NO2,1992-12-21T16:00,33.000,ppb
80211,SASKATOON-CORMAN PARK,NO2,1992-12-21T17:00,42.000,ppb
80211,SASKATOON-CORMAN PARK,NO2,1992-12-21T18:00,36.000,ppb
80211,SASKATOON-CORMAN PARK,NO2,1992-12-21T19:00,35.000,ppb
80211,SASKATOON-CORMAN PARK,NO2,1992-12-21T20:00,31.000,ppb
80211,SASKATOON-CORMAN PARK,NO2,1992-12-21T21:00,42.000,ppb
80211,SASKATOON-CORMAN PARK,NO2,1992-12-21T22:00,34.000,ppb
80211,SASKATOON-CORMAN PARK,NO2,1992-12-21T23:00,23.000,ppb
80211,SASKATOON-CORMAN PARK,NO2,1992-12-22T00:00,16.000,ppb
80211,SASKATOON-CORMAN PARK,NO2,1992-12-22T01:00,16.000,ppb
80211,SASKATOON-CORMAN PARK,NO2,1992-12-22T02:00,22.000,ppb
80211,SASKATOON-CORMAN PARK,NO2,1992-12-22T03:00,17.000,ppb
80211,SASKATOON-CORMAN PARK,NO2,1992-12-22T04:00,8.000,ppb
80211,SASKATOON-CORMAN PARK,NO2,1992-12-22T05:00,15.000,ppb
80211,SASKATOON-CORMAN PARK,NO2,1992-12-22T06:00,14.000,ppb
80211,SASKATOON-CORMAN PARK,NO2,1992-12-22T07:00,15.000,ppb
80211,SASKATOON-CORMAN PARK,NO2,1992-12-22T08:00,19.000,ppb
80211,SASKATOON-CORMAN PARK,NO2,1992-12-22T09:00,17.000,ppb
80211,SASKATOON-CORMAN PARK,NO2,1992-12-22T10:00,12.000,ppb
80211,SASKATOON-CORMAN PARK,NO2,1992-12-22T11:00,12.000,ppb
80211,SASKATOON-CORMAN PARK,NO2,1992-12-22T12:00,10.000,ppb
80211,SASKATOON-CORMAN PARK,NO2,1992-12-22T14:00,12.000,ppb
80211,SASKATOON-CORMAN PARK,NO2,1992-12-22T15:00,13.000,ppb
80211,SASKATOON-CORMAN PARK,NO2,1992-12-22T16:00,18.000,ppb
80211,SASKATOON-CORMAN PARK,NO2,1992-12-22T17:00,18.000,ppb
80211,SASKATOON-CORMAN PARK,NO2,1992-12-22T18:00,17.000,ppb
80211,SASKATOON-CORMAN PARK,NO2,1992-12-22T19:00,16.000,ppb
80211,SASKATOON-CORMAN PARK,NO2,1992-12-22T20:00,15.000,ppb
80211,SASKATOON-CORMAN PARK,NO2,1992-12-22T21:00,18.000,ppb
80211,SASKATOON-CORMAN PARK,NO2,1992-12-22T22:00,16.000,ppb
80211,SASKATOON-CORMAN PARK,NO2,1992-12-22T23:00,17.000,ppb
80211,SASKATOON-CORMAN PARK,NO2,1992-12-23T00:00,15.000,ppb
80211,SASKATOON-CORMAN PARK,NO2,1992-12-23T01:00,15.000,ppb
80211,SASKATOON-CORMAN PARK,NO2,1992-12-23T02:00,17.000,ppb
80211,SASKATOON-CORMAN PARK,NO2,1992-12-23T03:00,28.000,ppb
80211,SASKATOON-CORMAN PARK,NO2,1992-12-23T04:00,34.000,ppb
80211,SASKATOON-CORMAN PARK,NO2,1992-12-23T05:00,36.000,ppb
80211,SASKATOON-CORMAN PARK,NO2,1992-12-23T06:00,33.000,ppb
80211,SASKATOON-CORMAN PARK,NO2,1992-12-23T07:00,29.000,ppb
80211,SASKATOON-CORMAN PARK,NO2,1992-12-23T08:00,37.000,ppb
80211,SASKATOON-CORMAN PARK,NO2,1992-12-23T09:00,34.000,ppb
80211,SASKATOON-CORMAN PARK,NO2,1992-12-23T10:00,28.000,ppb
80211,SASKATOON-CORMAN PARK,NO2,1992-12-23T11:00,28.000,ppb
80211,SASKATOON-CORMAN PARK,NO2,1992-12-23T12:00,27.000,ppb
80211,SASKATOON-CORMAN PARK,NO2,1992-12-23T13:00,24.000,ppb
80211,SASKATOON-CORMAN PARK,NO2,1992-12-23T14:00,18.000,ppb
80211,SASKATOON-CORMAN PARK,NO2,1992-12-23T15:00,29.000,ppb
80211,SASKATOON-CORMAN PARK,NO2,1992-12-23T16:00,44.000,ppb
80211,SASKATOON-CORMAN PARK,NO2,1992-12-23T17:00,43.000,ppb
80211,SASKATOON-CORMAN PARK,NO2,1992-12-23T18:00,32.000,ppb
80211,SASKATOON-CORMAN PARK,NO2,1992-12-23T19:00,28.000,ppb
80211,SASKATOON-CORMAN PARK,NO2,1992-12-23T20:00,30.000,ppb
80211,SASKATOON-CORMAN PARK,NO2,1992-12-23T21:00,28.000,ppb
80211,SASKATOON-CORMAN PARK,NO2,1992-12-23T22:00,27.000,ppb
80211,SASKATOON-CORMAN PARK,NO2,1992-12-23T23:00,16.000,ppb
80211,SASKATOON-CORMAN PARK,NO2,1992-12-24T00:00,20.000,ppb
80211,SASKATOON-CORMAN PARK,NO2,1992-12-24T01:00,13.000,ppb
80211,SASKATOON-CORMAN PARK,NO2,1992-12-24T02:00,14.000,ppb
80211,SASKATOON-CORMAN PARK,NO2,1992-12-24T03:00,26.000,ppb
80211,SASKATOON-CORMAN PARK,NO2,1992-12-24T04:00,25.000,ppb
80211,SASKATOON-CORMAN PARK,NO2,1992-12-24T05:00,26.000,ppb
80211,SASKATOON-CORMAN PARK,NO2,1992-12-24T06:00,32.000,ppb
80211,SASKATOON-CORMAN PARK,NO2,1992-12-24T07:00,18.000,ppb
80211,SASKATOON-CORMAN PARK,NO2,1992-12-24T08:00,10.000,ppb
80211,SASKATOON-CORMAN PARK,NO2,1992-12-24T09:00,11.000,ppb
80211,SASKATOON-CORMAN PARK,NO2,1992-12-24T10:00,9.000,ppb
80211,SASKATOON-CORMAN PARK,NO2,1992-12-24T11:00,8.000,ppb
80211,SASKATOON-CORMAN PARK,NO2,1992-12-24T12:00,7.000,ppb
80211,SASKATOON-CORMAN PARK,NO2,1992-12-24T13:00,7.000,ppb
80211,SASKATOON-CORMAN PARK,NO2,1992-12-24T14:00,7.000,ppb
80211,SASKATOON-CORMAN PARK,NO2,1992-12-24T15:00,12.000,ppb
80211,SASKATOON-CORMAN PARK,NO2,1992-12-24T16:00,9.000,ppb
80211,SASKATOON-CORMAN PARK,NO2,1992-12-24T17:00,10.000,ppb
80211,SASKATOON-CORMAN PARK,NO2,1992-12-24T18:00,9.000,ppb
80211,SASKATOON-CORMAN PARK,NO2,1992-12-24T19:00,8.000,ppb
80211,SASKATOON-CORMAN PARK,NO2,1992-12-24T20:00,7.000,ppb
80211,SASKATOON-CORMAN PARK,NO2,1992-12-24T21:00,8.000,ppb
80211,SASKATOON-CORMAN PARK,NO2,1992-12-24T22:00,12.000,ppb
80211,SASKATOON-CORMAN PARK,NO2,1992-12-24T23:00,13.000,ppb
80211,SASKATOON-CORMAN PARK,NO2,1992-12-25T00:00,13.000,ppb
80211,SASKATOON-CORMAN PARK,NO2,1992-12-25T01:00,13.000,ppb
80211,SASKATOON-CORMAN PARK,NO2,1992-12-25T02:00,16.000,ppb
80211,SASKATOON-CORMAN PARK,NO2,1992-12-25T03:00,11.000,ppb
80211,SASKATOON-CORMAN PARK,NO2,1992-12-25T04:00,16.000,ppb
80211,SASKATOON-CORMAN PARK,NO2,1992-12-25T05:00,14.000,ppb
80211,SASKATOON-CORMAN PARK,NO2,1992-12-25T06:00,21.000,ppb
80211,SASKATOON-CORMAN PARK,NO2,1992-12-25T07:00,24.000,ppb
80211,SASKATOON-CORMAN PARK,NO2,1992-12-25T08:00,22.000,ppb
80211,SASKATOON-CORMAN PARK,NO2,1992-12-25T09:00,21.000,ppb
80211,SASKATOON-CORMAN PARK,NO2,1992-12-25T10:00,13.000,ppb
80211,SASKATOON-CORMAN PARK,NO2,1992-12-25T11:00,14.000,ppb
80211,SASKATOON-CORMAN PARK,NO2,1992-12-25T12:00,10.000,ppb
80211,SASKATOON-CORMAN PARK,NO2,1992-12-25T13:00,14.000,ppb
80211,SASKATOON-CORMAN PARK,NO2,1992-12-25T14:00,22.000,ppb
80211,SASKATOON-CORMAN PARK,NO2,1992-12-25T15:00,23.000,ppb
80211,SASKATOON-CORMAN PARK,NO2,1992-12-25T16:00,25.000,ppb
80211,SASKATOON-CORMAN PARK,NO2,1992-12-25T17:00,16.000,ppb
80211,SASKATOON-CORMAN PARK,NO2,1992-12-25T18:00,19.000,ppb
80211,SASKATOON-CORMAN PARK,NO2,1992-12-25T19:00,19.000,ppb
80211,SASKATOON-CORMAN PARK,NO2,1992-12-25T20:00,20.000,ppb
80211,SASKATOON-CORMAN PARK,NO2,1992-12-25T21:00,22.000,ppb
80211,SASKATOON-CORMAN PARK,NO2,1992-12-25T22:00,22.000,ppb
80211,SASKATOON-CORMAN PARK,NO2,1992-12-25T23:00,20.000,ppb
80211,SASKATOON-CORMAN PARK,NO2,1992-12-26T00:00,17.000,ppb
80211,SASKATOON-CORMAN PARK,NO2,1992-12-26T01:00,14.000,ppb
80211,SASKATOON-CORMAN PARK,NO2,1992-12-26T02:00,10.000,ppb
80211,SASKATOON-CORMAN PARK,NO2,1992-12-26T03:00,12.000,ppb
80211,SASKATOON-CORMAN PARK,NO2,1992-12-26T04:00,9.000,ppb
80211,SASKATOON-CORMAN PARK,NO2,1992-12-26T05:00,12.000,ppb
80211,SASKATOON-CORMAN PARK,NO2,1992-12-26T06:00,13.000,ppb
80211,SASKATOON-CORMAN PARK,NO2,1992-12-26T07:00,11.000,ppb
80211,SASKATOON-CORMAN PARK,NO2,1992-12-26T08:00,10.000,ppb
80211,SASKATOON-CORMAN PARK,NO2,1992-12-26T09:00,10.000,ppb
80211,SASKATOON-CORMAN PARK,NO2,1992-12-26T10:00,12.000,ppb
80211,SASKATOON-CORMAN PARK,NO2,1992-12-26T11:00,20.000,ppb
80211,SASKATOON-CORMAN PARK,NO2,1992-12-26T12:00,16.000,ppb
80211,SASKATOON-CORMAN PARK,NO2,1992-12-26T13:00,9.000,ppb
80211,SASKATOON-CORMAN PARK,NO2,1992-12-26T14:00,8.000,ppb
80211,SASKATOON-CORMAN PARK,NO2,1992-12-26T15:00,9.000,ppb
80211,SASKATOON-CORMAN PARK,NO2,1992-12-26T16:00,12.000,ppb
80211,SASKATOON-CORMAN PARK,NO2,1992-12-26T17:00,10.000,ppb
80211,SASKATOON-CORMAN PARK,NO2,1992-12-26T18:00,9.000,ppb
80211,SASKATOON-CORMAN PARK,NO2,1992-12-26T19:00,10.000,ppb
80211,SASKATOON-CORMAN PARK,NO2,1992-12-26T20:00,9.000,ppb
80211,SASKATOON-CORMAN PARK,NO2,1992-12-26T21:00,13.000,ppb
80211,SASKATOON-CORMAN PARK,NO2,1992-12-26T22:00,15.000,ppb
80211,SASKATOON-CORMAN PARK,NO2,1992-12-26T23:00,12.000,ppb
80211,SASKATOON-CORMAN PARK,NO2,1992-12-27T00:00,10.000,ppb
80211,SASKATOON-CORMAN PARK,NO2,1992-12-27T01:00,7.000,ppb
80211,SASKATOON-CORMAN PARK,NO2,1992-12-27T02:00,6.000,ppb
80211,SASKATOON-CORMAN PARK,NO2,1992-12-27T03:00,6.000,ppb
80211,SASKATOON-CORMAN PARK,NO2,1992-12-27T04:00,5.000,ppb
80211,SASKATOON-CORMAN PARK,NO2,1992-12-27T05:00,5.000,ppb
80211,SASKATOON-CORMAN PARK,NO2,1992-12-27T06:00,5.000,ppb
80211,SASKATOON-CORMAN PARK,NO2,1992-12-27T07:00,5.000,ppb
80211,SASKATOON-CORMAN PARK,NO2,1992-12-27T08:00,7.000,ppb
80211,SASKATOON-CORMAN PARK,NO2,1992-12-27T09:00,5.000,ppb
80211,SASKATOON-CORMAN PARK,NO2,1992-12-27T10:00,6.000,ppb
80211,SASKATOON-CORMAN PARK,NO2,1992-12-27T11:00,6.000,ppb
80211,SASKATOON-CORMAN PARK,NO2,1992-12-27T12:00,5.000,ppb
80211,SASKATOON-CORMAN PARK,NO2,1992-12-27T13:00,7.000,ppb
80211,SASKATOON-CORMAN PARK,NO2,1992-12-27T14:00,5.000,ppb
80211,SASKATOON-CORMAN PARK,NO2,1992-12-27T15:00,7.000,ppb
80211,SASKATOON-CORMAN PARK,NO2,1992-12-27T16:00,15.000,ppb
80211,SASKATOON-CORMAN PARK,NO2,1992-12-27T17:00,23.000,ppb
80211,SASKATOON-CORMAN PARK,NO2,1992-12-27T18:00,27.000,ppb
80211,SASKATOON-CORMAN PARK,NO2,1992-12-27T19:00,23.000,ppb
80211,SASKATOON-CORMAN PARK,NO2,1992-12-27T20:00,18.000,ppb
80211,SASKATOON-CORMAN PARK,NO2,1992-12-27T21:00,17.000,ppb
80211,SASKATOON-CORMAN PARK,NO2,1992-12-27T22:00,19.000,ppb
80211,SASKATOON-CORMAN PARK,NO2,1992-12-27T23:00,16.000,ppb
80211,SASKATOON-CORMAN PARK,NO2,1992-12-28T00:00,18.000,ppb
80211,SASKATOON-CORMAN PARK,NO2,1992-12-28T01:00,18.000,ppb
80211,SASKATOON-CORMAN PARK,NO2,1992-12-28T02:00,13.000,ppb
80211,SASKATOON-CORMAN PARK,NO2,1992-12-28T03:00,13.000,ppb
80211,SASKATOON-CORMAN PARK,NO2,1992-12-28T04:00,11.000,ppb
80211,SASKATOON-CORMAN PARK,NO2,1992-12-28T05:00,14.000,ppb
80211,SASKATOON-CORMAN PARK,NO2,1992-12-28T06:00,16.000,ppb
80211,SASKATOON-CORMAN PARK,NO2,1992-12-28T07:00,19.000,ppb
80211,SASKATOON-CORMAN PARK,NO2,1992-12-28T08:00,25.000,ppb
80211,SASKATOON-CORMAN PARK,NO2,1992-12-28T09:00,16.000,ppb
80211,SASKATOON-CORMAN PARK,NO2,1992-12-28T10:00,20.000,ppb
80211,SASKATOON-CORMAN PARK,NO2,1992-12-28T11:00,23.000,ppb
80211,SASKATOON-CORMAN PARK,NO2,1992-12-28T12:00,14.000,ppb
80211,SASKATOON-CORMAN PARK,NO2,1992-12-28T13:00,17.000,ppb
80211,SASKATOON-CORMAN PARK,NO2,1992-12-28T14:00,16.000,ppb
80211,SASKATOON-CORMAN PARK,NO2,1992-12-28T15:00,15.000,ppb
80211,SASKATOON-CORMAN PARK,NO2,1992-12-28T16:00,13.000,ppb
80211,SASKATOON-CORMAN PARK,NO2,1992-12-28T17:00,15.000,ppb
80211,SASKATOON-CORMAN PARK,NO2,1992-12-28T18:00,12.000,ppb
80211,SASKATOON-CORMAN PARK,NO2,1992-12-28T19:00,11.000,ppb
80211,SASKATOON-CORMAN PARK,NO2,1992-12-28T20:00,9.000,ppb
80211,SASKATOON-CORMAN PARK,NO2,1992-12-28T21:00,12.000,ppb
80211,SASKATOON-CORMAN PARK,NO2,1992-12-28T22:00,11.000,ppb
80211,SASKATOON-CORMAN PARK,NO2,1992-12-28T23:00,10.000,ppb
80211,SASKATOON-CORMAN PARK,NO2,1992-12-29T00:00,11.000,ppb
80211,SASKATOON-CORMAN PARK,NO2,1992-12-29T01:00,10.000,ppb
80211,SASKATOON-CORMAN PARK,NO2,1992-12-29T02:00,10.000,ppb
80211,SASKATOON-CORMAN PARK,NO2,1992-12-29T03:00,10.000,ppb
80211,SASKATOON-CORMAN PARK,NO2,1992-12-29T04:00,13.000,ppb
80211,SASKATOON-CORMAN PARK,NO2,1992-12-29T05:00,10.000,ppb
80211,SASKATOON-CORMAN PARK,NO2,1992-12-29T06:00,12.000,ppb
80211,SASKATOON-CORMAN PARK,NO2,1992-12-29T07:00,16.000,ppb
80211,SASKATOON-CORMAN PARK,NO2,1992-12-29T08:00,20.000,ppb
80211,SASKATOON-CORMAN PARK,NO2,1992-12-29T09:00,21.000,ppb
80211,SASKATOON-CORMAN PARK,NO2,1992-12-29T10:00,12.000,ppb
80211,SASKATOON-CORMAN PARK,NO2,1992-12-29T11:00,16.000,ppb
80211,SASKATOON-CORMAN PARK,NO2,1992-12-29T12:00,14.000,ppb
80211,SASKATOON-CORMAN PARK,NO2,1992-12-29T13:00,15.000,ppb
80211,SASKATOON-CORMAN PARK,NO2,1992-12-29T14:00,14.000,ppb
80211,SASKATOON-CORMAN PARK,NO2,1992-12-29T15:00,15.000,ppb
80211,SASKATOON-CORMAN PARK,NO2,1992-12-29T16:00,14.000,ppb
80211,SASKATOON-CORMAN PARK,NO2,1992-12-29T17:00,14.000,ppb
80211,SASKATOON-CORMAN PARK,NO2,1992-12-29T18:00,13.000,ppb
80211,SASKATOON-CORMAN PARK,NO2,1992-12-29T19:00,14.000,ppb
80211,SASKATOON-CORMAN PARK,NO2,1992-12-29T20:00,14.000,ppb
80211,SASKATOON-CORMAN PARK,NO2,1992-12-29T21:00,15.000,ppb
80211,SASKATOON-CORMAN PARK,NO2,1992-12-29T22:00,22.000,ppb
80211,SASKATOON-CORMAN PARK,NO2,1992-12-29T23:00,26.000,ppb
80211,SASKATOON-CORMAN PARK,NO2,1992-12-30T00:00,19.000,ppb
80211,SASKATOON-CORMAN PARK,NO2,1992-12-30T01:00,27.000,ppb
80211,SASKATOON-CORMAN PARK,NO2,1992-12-30T02:00,16.000,ppb
80211,SASKATOON-CORMAN PARK,NO2,1992-12-30T03:00,12.000,ppb
80211,SASKATOON-CORMAN PARK,NO2,1992-12-30T04:00,23.000,ppb
80211,SASKATOON-CORMAN PARK,NO2,1992-12-30T05:00,24.000,ppb
80211,SASKATOON-CORMAN PARK,NO2,1992-12-30T06:00,22.000,ppb
80211,SASKATOON-CORMAN PARK,NO2,1992-12-30T07:00,24.000,ppb
80211,SASKATOON-CORMAN PARK,NO2,1992-12-30T08:00,28.000,ppb
80211,SASKATOON-CORMAN PARK,NO2,1992-12-30T09:00,26.000,ppb
80211,SASKATOON-CORMAN PARK,NO2,1992-12-30T10:00,19.000,ppb
80211,SASKATOON-CORMAN PARK,NO2,1992-12-30T11:00,16.000,ppb
80211,SASKATOON-CORMAN PARK,NO2,1992-12-30T12:00,19.000,ppb
80211,SASKATOON-CORMAN PARK,NO2,1992-12-30T13:00,16.000,ppb
80211,SASKATOON-CORMAN PARK,NO2,1992-12-30T14:00,15.000,ppb
80211,SASKATOON-CORMAN PARK,NO2,1992-12-30T15:00,20.000,ppb
80211,SASKATOON-CORMAN PARK,NO2,1992-12-30T17:00,28.000,ppb
80211,SASKATOON-CORMAN PARK,NO2,1992-12-30T18:00,31.000,ppb
80211,SASKATOON-CORMAN PARK,NO2,1992-12-30T19:00,35.000,ppb
80211,SASKATOON-CORMAN PARK,NO2,1992-12-30T20:00,35.000,ppb
80211,SASKATOON-CORMAN PARK,NO2,1992-12-30T21:00,34.000,ppb
80211,SASKATOON-CORMAN PARK,NO2,1992-12-30T22:00,32.000,ppb
80211,SASKATOON-CORMAN PARK,NO2,1992-12-30T23:00,34.000,ppb
80211,SASKATOON-CORMAN PARK,NO2,1992-12-31T00:00,32.000,ppb
80211,SASKATOON-CORMAN PARK,NO2,1992-12-31T01:00,24.000,ppb
80211,SASKATOON-CORMAN PARK,NO2,1992-12-31T02:00,23.000,ppb
80211,SASKATOON-CORMAN PARK,NO2,1992-12-31T03:00,29.000,ppb
80211,SASKATOON-CORMAN PARK,NO2,1992-12-31T04:00,18.000,ppb
80211,SASKATOON-CORMAN PARK,NO2,1992-12-31T05:00,25.000,ppb
80211,SASKATOON-CORMAN PARK,NO2,1992-12-31T06:00,23.000,ppb
80211,SASKATOON-CORMAN PARK,NO2,1992-12-31T07:00,25.000,ppb
80211,SASKATOON-CORMAN PARK,NO2,1992-12-31T08:00,26.000,ppb
80211,SASKATOON-CORMAN PARK,NO2,1992-12-31T09:00,23.000,ppb
80211,SASKATOON-CORMAN PARK,NO2,1992-12-31T10:00,20.000,ppb
80211,SASKATOON-CORMAN PARK,NO2,1992-12-31T11:00,21.000,ppb
80211,SASKATOON-CORMAN PARK,NO2,1992-12-31T12:00,19.000,ppb
80211,SASKATOON-CORMAN PARK,NO2,1992-12-31T13:00,15.000,ppb
80211,SASKATOON-CORMAN PARK,NO2,1992-12-31T14:00,16.000,ppb
80211,SASKATOON-CORMAN PARK,NO2,1992-12-31T15:00,16.000,ppb
80211,SASKATOON-CORMAN PARK,NO2,1992-12-31T16:00,22.000,ppb
80211,SASKATOON-CORMAN PARK,NO2,1992-12-31T17:00,25.000,ppb
80211,SASKATOON-CORMAN PARK,NO2,1992-12-31T18:00,22.000,ppb
80211,SASKATOON-CORMAN PARK,NO2,1992-12-31T19:00,21.000,ppb
80211,SASKATOON-CORMAN PARK,NO2,1992-12-31T20:00,27.000,ppb
80211,SASKATOON-CORMAN PARK,NO2,1992-12-31T21:00,25.000,ppb
80211,SASKATOON-CORMAN PARK,NO2,1992-12-31T22:00,26.000,ppb
80211,SASKATOON-CORMAN PARK,NO2,1992-12-31T23:00,23.000,ppb
