﻿NAPS_Site_ID,Station_Name,Pollutant,Date,Value,Units,Report_Type,Method
100128,RICHMOND SOUTH,1-Butyne,2003-01-15T00:00,0.019,µg/m³,VOC,
100128,RICHMOND SOUTH,1-Butyne,2003-02-02T00:00,0.011,µg/m³,VOC,
100128,RICHMOND SOUTH,1-Butyne,2003-02-20T00:00,0.006,µg/m³,VOC,
100128,RICHMOND SOUTH,1-Butyne,2003-03-10T00:00,0.003,µg/m³,VOC,
100128,RICHMOND SOUTH,1-Butyne,2003-03-28T00:00,0.009,µg/m³,VOC,
100128,RICHMOND SOUTH,1-Butyne,2003-04-15T00:00,0.006,µg/m³,VOC,
100128,RICHMOND SOUTH,1-Butyne,2003-05-03T00:00,0.003,µg/m³,VOC,
100128,RICHMOND SOUTH,1-Butyne,2003-05-21T00:00,0.004,µg/m³,VOC,
100128,RICHMOND SOUTH,1-Butyne,2003-06-08T00:00,0.000,µg/m³,VOC,
100128,RICHMOND SOUTH,1-Butyne,2003-06-26T00:00,0.002,µg/m³,VOC,
100128,RICHMOND SOUTH,1-Butyne,2003-07-14T00:00,0.003,µg/m³,VOC,
100128,RICHMOND SOUTH,1-Butyne,2003-08-13T00:00,0.000,µg/m³,VOC,
100128,RICHMOND SOUTH,1-Butyne,2003-08-31T00:00,0.000,µg/m³,VOC,
100128,RICHMOND SOUTH,1-Butyne,2003-09-18T00:00,0.000,µg/m³,VOC,
100128,RICHMOND SOUTH,1-Butyne,2003-10-06T00:00,0.009,µg/m³,VOC,
100128,RICHMOND SOUTH,1-Butyne,2003-10-24T00:00,0.015,µg/m³,VOC,
100128,RICHMOND SOUTH,1-Butyne,2003-12-05T00:00,0.004,µg/m³,VOC,
100128,RICHMOND SOUTH,1-Butyne,2003-12-23T00:00,0.014,µg/m³,VOC,
