﻿NAPS_Site_ID,Station_Name,Pollutant,Date,Value,Units,Report_Type,Method
90121,EDMONTON EAST,"2,3,4-Trimethylpentane",2004-01-04T00:00,0.074,µg/m³,VOC,GC-MS
90121,EDMONTON EAST,"2,3,4-Trimethylpentane",2004-01-10T00:00,0.366,µg/m³,VOC,GC-MS
90121,EDMONTON EAST,"2,3,4-Trimethylpentane",2004-01-16T00:00,0.207,µg/m³,VOC,GC-MS
90121,EDMONTON EAST,"2,3,4-Trimethylpentane",2004-01-22T00:00,0.355,µg/m³,VOC,GC-MS
90121,EDMONTON EAST,"2,3,4-Trimethylpentane",2004-01-28T00:00,0.078,µg/m³,VOC,GC-MS
90121,EDMONTON EAST,"2,3,4-Trimethylpentane",2004-02-03T00:00,0.295,µg/m³,VOC,GC-MS
90121,EDMONTON EAST,"2,3,4-Trimethylpentane",2004-02-09T00:00,0.124,µg/m³,VOC,GC-MS
90121,EDMONTON EAST,"2,3,4-Trimethylpentane",2004-02-15T00:00,0.213,µg/m³,VOC,GC-MS
90121,EDMONTON EAST,"2,3,4-Trimethylpentane",2004-02-21T00:00,0.389,µg/m³,VOC,GC-MS
90121,EDMONTON EAST,"2,3,4-Trimethylpentane",2004-02-27T00:00,0.079,µg/m³,VOC,GC-MS
90121,EDMONTON EAST,"2,3,4-Trimethylpentane",2004-03-04T00:00,0.108,µg/m³,VOC,GC-MS
90121,EDMONTON EAST,"2,3,4-Trimethylpentane",2004-03-10T00:00,0.053,µg/m³,VOC,GC-MS
90121,EDMONTON EAST,"2,3,4-Trimethylpentane",2004-03-16T00:00,0.115,µg/m³,VOC,GC-MS
90121,EDMONTON EAST,"2,3,4-Trimethylpentane",2004-03-22T00:00,0.145,µg/m³,VOC,GC-MS
90121,EDMONTON EAST,"2,3,4-Trimethylpentane",2004-03-28T00:00,0.087,µg/m³,VOC,GC-MS
90121,EDMONTON EAST,"2,3,4-Trimethylpentane",2004-04-03T00:00,0.090,µg/m³,VOC,GC-MS
90121,EDMONTON EAST,"2,3,4-Trimethylpentane",2004-05-03T00:00,0.025,µg/m³,VOC,GC-MS
90121,EDMONTON EAST,"2,3,4-Trimethylpentane",2004-05-09T00:00,0.035,µg/m³,VOC,GC-MS
90121,EDMONTON EAST,"2,3,4-Trimethylpentane",2004-05-15T00:00,0.142,µg/m³,VOC,GC-MS
90121,EDMONTON EAST,"2,3,4-Trimethylpentane",2004-05-21T00:00,0.063,µg/m³,VOC,GC-MS
90121,EDMONTON EAST,"2,3,4-Trimethylpentane",2004-05-27T00:00,0.179,µg/m³,VOC,GC-MS
90121,EDMONTON EAST,"2,3,4-Trimethylpentane",2004-06-02T00:00,0.229,µg/m³,VOC,GC-MS
90121,EDMONTON EAST,"2,3,4-Trimethylpentane",2004-06-08T00:00,0.050,µg/m³,VOC,GC-MS
90121,EDMONTON EAST,"2,3,4-Trimethylpentane",2004-06-14T00:00,0.160,µg/m³,VOC,GC-MS
90121,EDMONTON EAST,"2,3,4-Trimethylpentane",2004-06-20T00:00,0.075,µg/m³,VOC,GC-MS
90121,EDMONTON EAST,"2,3,4-Trimethylpentane",2004-06-26T00:00,0.147,µg/m³,VOC,GC-MS
90121,EDMONTON EAST,"2,3,4-Trimethylpentane",2004-07-02T00:00,0.377,µg/m³,VOC,GC-MS
90121,EDMONTON EAST,"2,3,4-Trimethylpentane",2004-07-08T00:00,0.495,µg/m³,VOC,GC-MS
90121,EDMONTON EAST,"2,3,4-Trimethylpentane",2004-07-14T00:00,0.169,µg/m³,VOC,GC-MS
90121,EDMONTON EAST,"2,3,4-Trimethylpentane",2004-07-20T00:00,0.127,µg/m³,VOC,GC-MS
90121,EDMONTON EAST,"2,3,4-Trimethylpentane",2004-07-26T00:00,0.191,µg/m³,VOC,GC-MS
90121,EDMONTON EAST,"2,3,4-Trimethylpentane",2004-08-01T00:00,0.093,µg/m³,VOC,GC-MS
90121,EDMONTON EAST,"2,3,4-Trimethylpentane",2004-08-07T00:00,0.017,µg/m³,VOC,GC-MS
90121,EDMONTON EAST,"2,3,4-Trimethylpentane",2004-08-13T00:00,0.091,µg/m³,VOC,GC-MS
90121,EDMONTON EAST,"2,3,4-Trimethylpentane",2004-08-19T00:00,1.185,µg/m³,VOC,GC-MS
90121,EDMONTON EAST,"2,3,4-Trimethylpentane",2004-08-25T00:00,0.186,µg/m³,VOC,GC-MS
90121,EDMONTON EAST,"2,3,4-Trimethylpentane",2004-08-31T00:00,0.122,µg/m³,VOC,GC-MS
90121,EDMONTON EAST,"2,3,4-Trimethylpentane",2004-09-06T00:00,0.192,µg/m³,VOC,GC-MS
90121,EDMONTON EAST,"2,3,4-Trimethylpentane",2004-09-12T00:00,0.147,µg/m³,VOC,GC-MS
90121,EDMONTON EAST,"2,3,4-Trimethylpentane",2004-09-18T00:00,0.135,µg/m³,VOC,GC-MS
90121,EDMONTON EAST,"2,3,4-Trimethylpentane",2004-09-24T00:00,0.469,µg/m³,VOC,GC-MS
90121,EDMONTON EAST,"2,3,4-Trimethylpentane",2004-09-30T00:00,0.155,µg/m³,VOC,GC-MS
90121,EDMONTON EAST,"2,3,4-Trimethylpentane",2004-10-06T00:00,0.662,µg/m³,VOC,GC-MS
90121,EDMONTON EAST,"2,3,4-Trimethylpentane",2004-10-12T00:00,0.141,µg/m³,VOC,GC-MS
90121,EDMONTON EAST,"2,3,4-Trimethylpentane",2004-10-18T00:00,0.067,µg/m³,VOC,GC-MS
90121,EDMONTON EAST,"2,3,4-Trimethylpentane",2004-10-24T00:00,0.128,µg/m³,VOC,GC-MS
90121,EDMONTON EAST,"2,3,4-Trimethylpentane",2004-10-30T00:00,0.353,µg/m³,VOC,GC-MS
90121,EDMONTON EAST,"2,3,4-Trimethylpentane",2004-11-05T00:00,0.368,µg/m³,VOC,GC-MS
90121,EDMONTON EAST,"2,3,4-Trimethylpentane",2004-11-11T00:00,0.073,µg/m³,VOC,GC-MS
90121,EDMONTON EAST,"2,3,4-Trimethylpentane",2004-11-17T00:00,0.348,µg/m³,VOC,GC-MS
90121,EDMONTON EAST,"2,3,4-Trimethylpentane",2004-11-23T00:00,0.128,µg/m³,VOC,GC-MS
90121,EDMONTON EAST,"2,3,4-Trimethylpentane",2004-11-29T00:00,0.418,µg/m³,VOC,GC-MS
90121,EDMONTON EAST,"2,3,4-Trimethylpentane",2004-12-05T00:00,0.052,µg/m³,VOC,GC-MS
90121,EDMONTON EAST,"2,3,4-Trimethylpentane",2004-12-11T00:00,0.131,µg/m³,VOC,GC-MS
90121,EDMONTON EAST,"2,3,4-Trimethylpentane",2004-12-17T00:00,0.116,µg/m³,VOC,GC-MS
90121,EDMONTON EAST,"2,3,4-Trimethylpentane",2004-12-23T00:00,0.197,µg/m³,VOC,GC-MS
90121,EDMONTON EAST,"2,3,4-Trimethylpentane",2004-12-29T00:00,0.450,µg/m³,VOC,GC-MS
