﻿NAPS_Site_ID,Station_Name,Pollutant,Date,Value,Units,Report_Type,Method
100133,BURMOUNT,Toluene,1998-01-05T00:00,2.520,µg/m³,VOC,N/A
100133,BURMOUNT,Toluene,1998-01-17T00:00,1.560,µg/m³,VOC,N/A
100133,BURMOUNT,Toluene,1998-02-10T00:00,2.130,µg/m³,VOC,N/A
100133,BURMOUNT,Toluene,1998-02-22T00:00,1.240,µg/m³,VOC,N/A
100133,BURMOUNT,Toluene,1998-03-06T00:00,4.000,µg/m³,VOC,N/A
100133,BURMOUNT,Toluene,1998-03-18T00:00,7.540,µg/m³,VOC,N/A
100133,BURMOUNT,Toluene,1998-04-23T00:00,5.914,µg/m³,VOC,N/A
100133,BURMOUNT,Toluene,1998-05-05T00:00,3.065,µg/m³,VOC,N/A
100133,BURMOUNT,Toluene,1998-07-04T00:00,1.578,µg/m³,VOC,N/A
100133,BURMOUNT,Toluene,1998-08-15T00:00,1.435,µg/m³,VOC,N/A
100133,BURMOUNT,Toluene,1998-09-08T00:00,2.732,µg/m³,VOC,N/A
100133,BURMOUNT,Toluene,1998-10-14T00:00,2.414,µg/m³,VOC,N/A
100133,BURMOUNT,Toluene,1998-10-26T00:00,4.796,µg/m³,VOC,N/A
100133,BURMOUNT,Toluene,1998-11-13T00:00,2.028,µg/m³,VOC,N/A
100133,BURMOUNT,Toluene,1998-12-13T00:00,0.971,µg/m³,VOC,N/A
100133,BURMOUNT,Toluene,1998-12-31T00:00,2.434,µg/m³,VOC,N/A
