﻿NAPS_Site_ID,Station_Name,Pollutant,Date,Value,Units,Report_Type,Method
100128,RICHMOND SOUTH,2-Methylhexane,2002-01-14T00:00,0.940,µg/m³,VOC,GC-MS
100128,RICHMOND SOUTH,2-Methylhexane,2002-02-01T00:00,0.600,µg/m³,VOC,GC-MS
100128,RICHMOND SOUTH,2-Methylhexane,2002-02-19T00:00,0.190,µg/m³,VOC,GC-MS
100128,RICHMOND SOUTH,2-Methylhexane,2002-03-15T00:00,0.250,µg/m³,VOC,GC-MS
100128,RICHMOND SOUTH,2-Methylhexane,2002-04-02T00:00,0.790,µg/m³,VOC,GC-MS
100128,RICHMOND SOUTH,2-Methylhexane,2002-04-20T00:00,0.247,µg/m³,VOC,GC-MS
100128,RICHMOND SOUTH,2-Methylhexane,2002-05-08T00:00,0.302,µg/m³,VOC,GC-MS
100128,RICHMOND SOUTH,2-Methylhexane,2002-05-26T00:00,0.367,µg/m³,VOC,GC-MS
100128,RICHMOND SOUTH,2-Methylhexane,2002-06-13T00:00,0.695,µg/m³,VOC,GC-MS
100128,RICHMOND SOUTH,2-Methylhexane,2002-07-01T00:00,0.086,µg/m³,VOC,GC-MS
100128,RICHMOND SOUTH,2-Methylhexane,2002-07-19T00:00,0.198,µg/m³,VOC,GC-MS
100128,RICHMOND SOUTH,2-Methylhexane,2002-08-06T00:00,0.211,µg/m³,VOC,GC-MS
100128,RICHMOND SOUTH,2-Methylhexane,2002-08-26T00:00,0.198,µg/m³,VOC,GC-MS
100128,RICHMOND SOUTH,2-Methylhexane,2002-09-14T00:00,0.345,µg/m³,VOC,GC-MS
100128,RICHMOND SOUTH,2-Methylhexane,2002-10-05T00:00,0.172,µg/m³,VOC,GC-MS
100128,RICHMOND SOUTH,2-Methylhexane,2002-10-23T00:00,0.959,µg/m³,VOC,GC-MS
100128,RICHMOND SOUTH,2-Methylhexane,2002-11-10T00:00,0.254,µg/m³,VOC,GC-MS
100128,RICHMOND SOUTH,2-Methylhexane,2002-12-16T00:00,0.414,µg/m³,VOC,GC-MS
