﻿NAPS_Site_ID,Station_Name,Pollutant,Date,Value,Units,Report_Type,Method
50103,MONTRÉAL-SAINT-JEAN-BAPTISTE,Acetylene,1994-01-02T00:00,2.321,µg/m³,VOC,N/A
50103,MONTRÉAL-SAINT-JEAN-BAPTISTE,Acetylene,1994-01-08T00:00,3.003,µg/m³,VOC,N/A
50103,MONTRÉAL-SAINT-JEAN-BAPTISTE,Acetylene,1994-01-14T00:00,5.360,µg/m³,VOC,N/A
50103,MONTRÉAL-SAINT-JEAN-BAPTISTE,Acetylene,1994-01-20T00:00,3.552,µg/m³,VOC,N/A
50103,MONTRÉAL-SAINT-JEAN-BAPTISTE,Acetylene,1994-01-26T00:00,3.197,µg/m³,VOC,N/A
50103,MONTRÉAL-SAINT-JEAN-BAPTISTE,Acetylene,1994-02-01T00:00,7.735,µg/m³,VOC,N/A
50103,MONTRÉAL-SAINT-JEAN-BAPTISTE,Acetylene,1994-02-13T00:00,3.597,µg/m³,VOC,N/A
50103,MONTRÉAL-SAINT-JEAN-BAPTISTE,Acetylene,1994-02-19T00:00,8.850,µg/m³,VOC,N/A
50103,MONTRÉAL-SAINT-JEAN-BAPTISTE,Acetylene,1994-02-25T00:00,3.325,µg/m³,VOC,N/A
50103,MONTRÉAL-SAINT-JEAN-BAPTISTE,Acetylene,1994-03-03T00:00,3.462,µg/m³,VOC,N/A
50103,MONTRÉAL-SAINT-JEAN-BAPTISTE,Acetylene,1994-03-09T00:00,2.700,µg/m³,VOC,N/A
50103,MONTRÉAL-SAINT-JEAN-BAPTISTE,Acetylene,1994-03-15T00:00,6.850,µg/m³,VOC,N/A
50103,MONTRÉAL-SAINT-JEAN-BAPTISTE,Acetylene,1994-03-21T00:00,3.224,µg/m³,VOC,N/A
50103,MONTRÉAL-SAINT-JEAN-BAPTISTE,Acetylene,1994-03-27T00:00,5.382,µg/m³,VOC,N/A
50103,MONTRÉAL-SAINT-JEAN-BAPTISTE,Acetylene,1994-04-02T00:00,6.962,µg/m³,VOC,N/A
50103,MONTRÉAL-SAINT-JEAN-BAPTISTE,Acetylene,1994-04-08T00:00,3.088,µg/m³,VOC,N/A
50103,MONTRÉAL-SAINT-JEAN-BAPTISTE,Acetylene,1994-04-14T00:00,2.082,µg/m³,VOC,N/A
50103,MONTRÉAL-SAINT-JEAN-BAPTISTE,Acetylene,1994-04-20T00:00,1.912,µg/m³,VOC,N/A
50103,MONTRÉAL-SAINT-JEAN-BAPTISTE,Acetylene,1994-04-26T00:00,15.536,µg/m³,VOC,N/A
50103,MONTRÉAL-SAINT-JEAN-BAPTISTE,Acetylene,1994-05-02T00:00,1.756,µg/m³,VOC,N/A
50103,MONTRÉAL-SAINT-JEAN-BAPTISTE,Acetylene,1994-05-08T00:00,5.046,µg/m³,VOC,N/A
50103,MONTRÉAL-SAINT-JEAN-BAPTISTE,Acetylene,1994-05-14T00:00,1.876,µg/m³,VOC,N/A
50103,MONTRÉAL-SAINT-JEAN-BAPTISTE,Acetylene,1994-05-20T00:00,2.346,µg/m³,VOC,N/A
50103,MONTRÉAL-SAINT-JEAN-BAPTISTE,Acetylene,1994-05-26T00:00,2.124,µg/m³,VOC,N/A
50103,MONTRÉAL-SAINT-JEAN-BAPTISTE,Acetylene,1994-06-01T00:00,1.102,µg/m³,VOC,N/A
50103,MONTRÉAL-SAINT-JEAN-BAPTISTE,Acetylene,1994-06-07T00:00,2.276,µg/m³,VOC,N/A
50103,MONTRÉAL-SAINT-JEAN-BAPTISTE,Acetylene,1994-06-13T00:00,1.973,µg/m³,VOC,N/A
50103,MONTRÉAL-SAINT-JEAN-BAPTISTE,Acetylene,1994-06-19T00:00,2.728,µg/m³,VOC,N/A
50103,MONTRÉAL-SAINT-JEAN-BAPTISTE,Acetylene,1994-06-25T00:00,2.584,µg/m³,VOC,N/A
50103,MONTRÉAL-SAINT-JEAN-BAPTISTE,Acetylene,1994-07-01T00:00,1.706,µg/m³,VOC,N/A
50103,MONTRÉAL-SAINT-JEAN-BAPTISTE,Acetylene,1994-07-07T00:00,6.700,µg/m³,VOC,N/A
50103,MONTRÉAL-SAINT-JEAN-BAPTISTE,Acetylene,1994-07-19T00:00,1.730,µg/m³,VOC,N/A
50103,MONTRÉAL-SAINT-JEAN-BAPTISTE,Acetylene,1994-07-25T00:00,2.286,µg/m³,VOC,N/A
50103,MONTRÉAL-SAINT-JEAN-BAPTISTE,Acetylene,1994-07-31T00:00,1.022,µg/m³,VOC,N/A
50103,MONTRÉAL-SAINT-JEAN-BAPTISTE,Acetylene,1994-08-06T00:00,2.188,µg/m³,VOC,N/A
50103,MONTRÉAL-SAINT-JEAN-BAPTISTE,Acetylene,1994-08-12T00:00,1.792,µg/m³,VOC,N/A
50103,MONTRÉAL-SAINT-JEAN-BAPTISTE,Acetylene,1994-08-18T00:00,7.674,µg/m³,VOC,N/A
50103,MONTRÉAL-SAINT-JEAN-BAPTISTE,Acetylene,1994-08-24T00:00,3.155,µg/m³,VOC,N/A
50103,MONTRÉAL-SAINT-JEAN-BAPTISTE,Acetylene,1994-08-30T00:00,1.550,µg/m³,VOC,N/A
50103,MONTRÉAL-SAINT-JEAN-BAPTISTE,Acetylene,1994-09-05T00:00,1.364,µg/m³,VOC,N/A
50103,MONTRÉAL-SAINT-JEAN-BAPTISTE,Acetylene,1994-09-11T00:00,1.701,µg/m³,VOC,N/A
50103,MONTRÉAL-SAINT-JEAN-BAPTISTE,Acetylene,1994-09-17T00:00,1.733,µg/m³,VOC,N/A
50103,MONTRÉAL-SAINT-JEAN-BAPTISTE,Acetylene,1994-09-23T00:00,3.647,µg/m³,VOC,N/A
50103,MONTRÉAL-SAINT-JEAN-BAPTISTE,Acetylene,1994-10-11T00:00,1.892,µg/m³,VOC,N/A
50103,MONTRÉAL-SAINT-JEAN-BAPTISTE,Acetylene,1994-10-17T00:00,2.266,µg/m³,VOC,N/A
50103,MONTRÉAL-SAINT-JEAN-BAPTISTE,Acetylene,1994-10-23T00:00,7.112,µg/m³,VOC,N/A
50103,MONTRÉAL-SAINT-JEAN-BAPTISTE,Acetylene,1994-10-29T00:00,3.720,µg/m³,VOC,N/A
50103,MONTRÉAL-SAINT-JEAN-BAPTISTE,Acetylene,1994-11-04T00:00,1.885,µg/m³,VOC,N/A
50103,MONTRÉAL-SAINT-JEAN-BAPTISTE,Acetylene,1994-11-10T00:00,10.027,µg/m³,VOC,N/A
50103,MONTRÉAL-SAINT-JEAN-BAPTISTE,Acetylene,1994-11-16T00:00,4.352,µg/m³,VOC,N/A
50103,MONTRÉAL-SAINT-JEAN-BAPTISTE,Acetylene,1994-11-22T00:00,1.681,µg/m³,VOC,N/A
50103,MONTRÉAL-SAINT-JEAN-BAPTISTE,Acetylene,1994-11-28T00:00,4.799,µg/m³,VOC,N/A
50103,MONTRÉAL-SAINT-JEAN-BAPTISTE,Acetylene,1994-12-04T00:00,7.154,µg/m³,VOC,N/A
50103,MONTRÉAL-SAINT-JEAN-BAPTISTE,Acetylene,1994-12-10T00:00,3.998,µg/m³,VOC,N/A
50103,MONTRÉAL-SAINT-JEAN-BAPTISTE,Acetylene,1994-12-16T00:00,8.107,µg/m³,VOC,N/A
50103,MONTRÉAL-SAINT-JEAN-BAPTISTE,Acetylene,1994-12-22T00:00,5.269,µg/m³,VOC,N/A
50103,MONTRÉAL-SAINT-JEAN-BAPTISTE,Acetylene,1994-12-28T00:00,7.210,µg/m³,VOC,N/A
