﻿NAPS_Site_ID,Station_Name,Pollutant,Date,Value,Units,Report_Type,Method
91101,ELK ISLAND NATIONAL PARK,Bromomethane,2006-08-27T00:00,0.062,µg/m³,VOC,
91101,ELK ISLAND NATIONAL PARK,Bromomethane,2006-09-02T00:00,0.052,µg/m³,VOC,
91101,ELK ISLAND NATIONAL PARK,Bromomethane,2006-09-08T00:00,0.056,µg/m³,VOC,
91101,ELK ISLAND NATIONAL PARK,Bromomethane,2006-09-14T00:00,0.044,µg/m³,VOC,
91101,ELK ISLAND NATIONAL PARK,Bromomethane,2006-09-20T00:00,0.044,µg/m³,VOC,
91101,ELK ISLAND NATIONAL PARK,Bromomethane,2006-09-26T00:00,0.040,µg/m³,VOC,
91101,ELK ISLAND NATIONAL PARK,Bromomethane,2006-10-14T00:00,0.040,µg/m³,VOC,
91101,ELK ISLAND NATIONAL PARK,Bromomethane,2006-10-20T00:00,0.042,µg/m³,VOC,
91101,ELK ISLAND NATIONAL PARK,Bromomethane,2006-10-26T00:00,0.050,µg/m³,VOC,
91101,ELK ISLAND NATIONAL PARK,Bromomethane,2006-11-01T00:00,0.042,µg/m³,VOC,
91101,ELK ISLAND NATIONAL PARK,Bromomethane,2006-11-07T00:00,0.048,µg/m³,VOC,
91101,ELK ISLAND NATIONAL PARK,Bromomethane,2006-11-13T00:00,0.042,µg/m³,VOC,
91101,ELK ISLAND NATIONAL PARK,Bromomethane,2006-11-19T00:00,0.050,µg/m³,VOC,
91101,ELK ISLAND NATIONAL PARK,Bromomethane,2006-11-25T00:00,0.046,µg/m³,VOC,
91101,ELK ISLAND NATIONAL PARK,Bromomethane,2006-12-01T00:00,0.048,µg/m³,VOC,
91101,ELK ISLAND NATIONAL PARK,Bromomethane,2006-12-07T00:00,0.052,µg/m³,VOC,
91101,ELK ISLAND NATIONAL PARK,Bromomethane,2006-12-13T00:00,0.054,µg/m³,VOC,
91101,ELK ISLAND NATIONAL PARK,Bromomethane,2006-12-19T00:00,0.046,µg/m³,VOC,
91101,ELK ISLAND NATIONAL PARK,Bromomethane,2006-12-25T00:00,0.052,µg/m³,VOC,
91101,ELK ISLAND NATIONAL PARK,Bromomethane,2006-12-31T00:00,0.050,µg/m³,VOC,
