﻿NAPS_Site_ID,Station_Name,Pollutant,Date,Value,Units,Report_Type,Method
61009,SARNIA,"2,2,4-Trimethylpentane",2016-12-31T19:00,0.089,µg/m³,VOC,
61009,SARNIA,"2,2,4-Trimethylpentane",2017-01-06T19:00,0.066,µg/m³,VOC,
61009,SARNIA,"2,2,4-Trimethylpentane",2017-01-12T19:00,0.062,µg/m³,VOC,
61009,SARNIA,"2,2,4-Trimethylpentane",2017-01-18T19:00,0.176,µg/m³,VOC,
61009,SARNIA,"2,2,4-Trimethylpentane",2017-01-24T19:00,0.135,µg/m³,VOC,
61009,SARNIA,"2,2,4-Trimethylpentane",2017-01-30T19:00,0.086,µg/m³,VOC,
61009,SARNIA,"2,2,4-Trimethylpentane",2017-02-05T19:00,0.149,µg/m³,VOC,
61009,SARNIA,"2,2,4-Trimethylpentane",2017-02-11T19:00,0.102,µg/m³,VOC,
61009,SARNIA,"2,2,4-Trimethylpentane",2017-02-17T19:00,0.181,µg/m³,VOC,
61009,SARNIA,"2,2,4-Trimethylpentane",2017-02-23T19:00,0.098,µg/m³,VOC,
61009,SARNIA,"2,2,4-Trimethylpentane",2017-03-01T19:00,0.091,µg/m³,VOC,
61009,SARNIA,"2,2,4-Trimethylpentane",2017-03-07T19:00,0.069,µg/m³,VOC,
61009,SARNIA,"2,2,4-Trimethylpentane",2017-03-13T20:00,0.018,µg/m³,VOC,
61009,SARNIA,"2,2,4-Trimethylpentane",2017-03-19T20:00,0.097,µg/m³,VOC,
61009,SARNIA,"2,2,4-Trimethylpentane",2017-03-25T20:00,0.114,µg/m³,VOC,
61009,SARNIA,"2,2,4-Trimethylpentane",2017-03-31T20:00,0.080,µg/m³,VOC,
61009,SARNIA,"2,2,4-Trimethylpentane",2017-04-06T20:00,0.047,µg/m³,VOC,
61009,SARNIA,"2,2,4-Trimethylpentane",2017-04-12T20:00,0.067,µg/m³,VOC,
61009,SARNIA,"2,2,4-Trimethylpentane",2017-04-18T20:00,0.173,µg/m³,VOC,
61009,SARNIA,"2,2,4-Trimethylpentane",2017-04-24T20:00,0.122,µg/m³,VOC,
61009,SARNIA,"2,2,4-Trimethylpentane",2017-04-30T20:00,0.113,µg/m³,VOC,
61009,SARNIA,"2,2,4-Trimethylpentane",2017-05-04T20:00,0.023,µg/m³,VOC,
61009,SARNIA,"2,2,4-Trimethylpentane",2017-05-12T20:00,0.122,µg/m³,VOC,
61009,SARNIA,"2,2,4-Trimethylpentane",2017-05-18T20:00,0.017,µg/m³,VOC,
61009,SARNIA,"2,2,4-Trimethylpentane",2017-05-30T20:00,0.146,µg/m³,VOC,
61009,SARNIA,"2,2,4-Trimethylpentane",2017-06-05T20:00,0.030,µg/m³,VOC,
61009,SARNIA,"2,2,4-Trimethylpentane",2017-06-11T20:00,0.277,µg/m³,VOC,
61009,SARNIA,"2,2,4-Trimethylpentane",2017-06-17T20:00,0.177,µg/m³,VOC,
61009,SARNIA,"2,2,4-Trimethylpentane",2017-06-23T20:00,0.127,µg/m³,VOC,
61009,SARNIA,"2,2,4-Trimethylpentane",2017-06-29T20:00,0.390,µg/m³,VOC,
61009,SARNIA,"2,2,4-Trimethylpentane",2017-07-05T20:00,0.466,µg/m³,VOC,
61009,SARNIA,"2,2,4-Trimethylpentane",2017-07-11T20:00,0.301,µg/m³,VOC,
61009,SARNIA,"2,2,4-Trimethylpentane",2017-07-23T20:00,0.036,µg/m³,VOC,
61009,SARNIA,"2,2,4-Trimethylpentane",2017-07-29T20:00,0.157,µg/m³,VOC,
61009,SARNIA,"2,2,4-Trimethylpentane",2017-08-04T20:00,0.116,µg/m³,VOC,
61009,SARNIA,"2,2,4-Trimethylpentane",2017-08-16T20:00,0.113,µg/m³,VOC,
61009,SARNIA,"2,2,4-Trimethylpentane",2017-08-22T20:00,0.087,µg/m³,VOC,
61009,SARNIA,"2,2,4-Trimethylpentane",2017-08-28T20:00,0.128,µg/m³,VOC,
61009,SARNIA,"2,2,4-Trimethylpentane",2017-09-09T20:00,0.074,µg/m³,VOC,
61009,SARNIA,"2,2,4-Trimethylpentane",2017-09-27T20:00,0.054,µg/m³,VOC,
61009,SARNIA,"2,2,4-Trimethylpentane",2017-10-09T20:00,0.097,µg/m³,VOC,
61009,SARNIA,"2,2,4-Trimethylpentane",2017-10-15T20:00,0.058,µg/m³,VOC,
61009,SARNIA,"2,2,4-Trimethylpentane",2017-10-21T20:00,0.129,µg/m³,VOC,
61009,SARNIA,"2,2,4-Trimethylpentane",2017-10-27T20:00,0.117,µg/m³,VOC,
61009,SARNIA,"2,2,4-Trimethylpentane",2017-11-08T19:00,0.253,µg/m³,VOC,
