﻿NAPS_Site_ID,Station_Name,Pollutant,Date,Value,Units,Report_Type,Method
100121,SECOND NARROWS,Naphthalene,1994-03-09T00:00,0.449,µg/m³,VOC,GC-MS
100121,SECOND NARROWS,Naphthalene,1994-03-09T00:00,0.493,µg/m³,VOC,GC-MS
100121,SECOND NARROWS,Naphthalene,1994-03-09T00:00,0.524,µg/m³,VOC,GC-MS
100121,SECOND NARROWS,Naphthalene,1994-03-09T00:00,0.535,µg/m³,VOC,GC-MS
100121,SECOND NARROWS,Naphthalene,1994-03-09T00:00,0.583,µg/m³,VOC,GC-MS
100121,SECOND NARROWS,Naphthalene,1994-03-09T00:00,0.611,µg/m³,VOC,GC-MS
100121,SECOND NARROWS,Naphthalene,1994-03-09T00:00,0.625,µg/m³,VOC,GC-MS
100121,SECOND NARROWS,Naphthalene,1994-03-09T00:00,0.626,µg/m³,VOC,GC-MS
