﻿NAPS_Site_ID,Station_Name,Pollutant,Date,Value,Units,Report_Type,Method
60417,26 BREADALBANE STREET,Cadmium,1986-01-20T00:00,0.000,µg/m³,DICHOT,
60417,26 BREADALBANE STREET,Cadmium,1986-01-20T00:00,0.000,µg/m³,DICHOT,
60417,26 BREADALBANE STREET,Cadmium,1986-03-09T00:00,0.000,µg/m³,DICHOT,
60417,26 BREADALBANE STREET,Cadmium,1986-03-09T00:00,0.000,µg/m³,DICHOT,
60417,26 BREADALBANE STREET,Cadmium,1986-04-26T00:00,0.000,µg/m³,DICHOT,
60417,26 BREADALBANE STREET,Cadmium,1986-04-26T00:00,0.003,µg/m³,DICHOT,
60417,26 BREADALBANE STREET,Cadmium,1986-05-20T00:00,0.000,µg/m³,DICHOT,
60417,26 BREADALBANE STREET,Cadmium,1986-05-20T00:00,0.000,µg/m³,DICHOT,
60417,26 BREADALBANE STREET,Cadmium,1986-07-07T00:00,0.000,µg/m³,DICHOT,
60417,26 BREADALBANE STREET,Cadmium,1986-07-07T00:00,0.004,µg/m³,DICHOT,
60417,26 BREADALBANE STREET,Cadmium,1986-07-31T00:00,0.000,µg/m³,DICHOT,
60417,26 BREADALBANE STREET,Cadmium,1986-07-31T00:00,0.000,µg/m³,DICHOT,
60417,26 BREADALBANE STREET,Cadmium,1986-08-24T00:00,0.000,µg/m³,DICHOT,
60417,26 BREADALBANE STREET,Cadmium,1986-08-24T00:00,0.000,µg/m³,DICHOT,
60417,26 BREADALBANE STREET,Cadmium,1986-09-17T00:00,0.000,µg/m³,DICHOT,
60417,26 BREADALBANE STREET,Cadmium,1986-09-17T00:00,0.004,µg/m³,DICHOT,
60417,26 BREADALBANE STREET,Cadmium,1986-09-29T00:00,0.000,µg/m³,DICHOT,
60417,26 BREADALBANE STREET,Cadmium,1986-09-29T00:00,0.009,µg/m³,DICHOT,
60417,26 BREADALBANE STREET,Cadmium,1986-10-05T00:00,0.000,µg/m³,DICHOT,
60417,26 BREADALBANE STREET,Cadmium,1986-10-05T00:00,0.000,µg/m³,DICHOT,
60417,26 BREADALBANE STREET,Cadmium,1986-10-11T00:00,0.000,µg/m³,DICHOT,
60417,26 BREADALBANE STREET,Cadmium,1986-10-11T00:00,0.000,µg/m³,DICHOT,
60417,26 BREADALBANE STREET,Cadmium,1986-10-17T00:00,0.000,µg/m³,DICHOT,
60417,26 BREADALBANE STREET,Cadmium,1986-10-17T00:00,0.004,µg/m³,DICHOT,
60417,26 BREADALBANE STREET,Cadmium,1986-11-10T00:00,0.000,µg/m³,DICHOT,
60417,26 BREADALBANE STREET,Cadmium,1986-11-10T00:00,0.005,µg/m³,DICHOT,
60417,26 BREADALBANE STREET,Cadmium,1986-11-16T00:00,0.000,µg/m³,DICHOT,
60417,26 BREADALBANE STREET,Cadmium,1986-11-16T00:00,0.004,µg/m³,DICHOT,
60417,26 BREADALBANE STREET,Cadmium,1986-11-22T00:00,0.000,µg/m³,DICHOT,
60417,26 BREADALBANE STREET,Cadmium,1986-11-22T00:00,0.000,µg/m³,DICHOT,
60417,26 BREADALBANE STREET,Cadmium,1986-12-04T00:00,0.000,µg/m³,DICHOT,
60417,26 BREADALBANE STREET,Cadmium,1986-12-04T00:00,0.005,µg/m³,DICHOT,
60417,26 BREADALBANE STREET,Cadmium,1986-12-10T00:00,0.000,µg/m³,DICHOT,
60417,26 BREADALBANE STREET,Cadmium,1986-12-10T00:00,0.000,µg/m³,DICHOT,
60417,26 BREADALBANE STREET,Cadmium,1986-12-16T00:00,0.000,µg/m³,DICHOT,
60417,26 BREADALBANE STREET,Cadmium,1986-12-16T00:00,0.005,µg/m³,DICHOT,
60417,26 BREADALBANE STREET,Cadmium,1986-12-22T00:00,0.000,µg/m³,DICHOT,
60417,26 BREADALBANE STREET,Cadmium,1986-12-22T00:00,0.000,µg/m³,DICHOT,
60417,26 BREADALBANE STREET,Cadmium,1986-12-28T00:00,0.000,µg/m³,DICHOT,
60417,26 BREADALBANE STREET,Cadmium,1986-12-28T00:00,0.000,µg/m³,DICHOT,
