﻿NAPS_Site_ID,Station_Name,Pollutant,Date,Value,Units,Report_Type,Method
50104,ONTARIO,TC,2003-01-21T00:00,4.438,µg/m³,CARB,N/A
50104,ONTARIO,TC,2003-01-21T00:00,4.841,µg/m³,CARB,N/A
50104,ONTARIO,TC,2003-01-24T00:00,5.654,µg/m³,CARB,N/A
50104,ONTARIO,TC,2003-01-24T00:00,5.852,µg/m³,CARB,N/A
50104,ONTARIO,TC,2003-01-27T00:00,5.608,µg/m³,CARB,N/A
50104,ONTARIO,TC,2003-01-27T00:00,5.665,µg/m³,CARB,N/A
50104,ONTARIO,TC,2003-01-30T00:00,12.131,µg/m³,CARB,N/A
50104,ONTARIO,TC,2003-01-30T00:00,12.399,µg/m³,CARB,N/A
50104,ONTARIO,TC,2003-02-02T00:00,6.377,µg/m³,CARB,N/A
50104,ONTARIO,TC,2003-02-02T00:00,7.122,µg/m³,CARB,N/A
50104,ONTARIO,TC,2003-02-05T00:00,3.691,µg/m³,CARB,N/A
50104,ONTARIO,TC,2003-02-05T00:00,3.706,µg/m³,CARB,N/A
50104,ONTARIO,TC,2003-02-08T00:00,1.723,µg/m³,CARB,N/A
50104,ONTARIO,TC,2003-02-08T00:00,4.873,µg/m³,CARB,N/A
50104,ONTARIO,TC,2003-02-11T00:00,1.986,µg/m³,CARB,N/A
50104,ONTARIO,TC,2003-02-11T00:00,6.464,µg/m³,CARB,N/A
50104,ONTARIO,TC,2003-02-14T00:00,2.493,µg/m³,CARB,N/A
50104,ONTARIO,TC,2003-02-14T00:00,7.564,µg/m³,CARB,N/A
50104,ONTARIO,TC,2003-02-17T00:00,2.625,µg/m³,CARB,N/A
50104,ONTARIO,TC,2003-02-17T00:00,9.430,µg/m³,CARB,N/A
50104,ONTARIO,TC,2003-02-20T00:00,2.788,µg/m³,CARB,N/A
50104,ONTARIO,TC,2003-02-20T00:00,4.428,µg/m³,CARB,N/A
50104,ONTARIO,TC,2003-02-23T00:00,4.574,µg/m³,CARB,N/A
50104,ONTARIO,TC,2003-02-23T00:00,5.551,µg/m³,CARB,N/A
50104,ONTARIO,TC,2003-02-26T00:00,3.448,µg/m³,CARB,N/A
50104,ONTARIO,TC,2003-02-26T00:00,10.198,µg/m³,CARB,N/A
50104,ONTARIO,TC,2003-03-01T00:00,4.349,µg/m³,CARB,N/A
50104,ONTARIO,TC,2003-03-01T00:00,17.442,µg/m³,CARB,N/A
50104,ONTARIO,TC,2003-03-07T00:00,3.303,µg/m³,CARB,N/A
50104,ONTARIO,TC,2003-03-07T00:00,9.041,µg/m³,CARB,N/A
50104,ONTARIO,TC,2003-03-10T00:00,3.007,µg/m³,CARB,N/A
50104,ONTARIO,TC,2003-03-10T00:00,3.449,µg/m³,CARB,N/A
50104,ONTARIO,TC,2003-03-13T00:00,3.612,µg/m³,CARB,N/A
50104,ONTARIO,TC,2003-03-13T00:00,5.538,µg/m³,CARB,N/A
50104,ONTARIO,TC,2003-03-16T00:00,3.434,µg/m³,CARB,N/A
50104,ONTARIO,TC,2003-03-16T00:00,20.959,µg/m³,CARB,N/A
50104,ONTARIO,TC,2003-03-19T00:00,1.868,µg/m³,CARB,N/A
50104,ONTARIO,TC,2003-03-19T00:00,4.714,µg/m³,CARB,N/A
50104,ONTARIO,TC,2003-03-22T00:00,2.503,µg/m³,CARB,N/A
50104,ONTARIO,TC,2003-03-22T00:00,7.587,µg/m³,CARB,N/A
50104,ONTARIO,TC,2003-03-25T00:00,2.339,µg/m³,CARB,N/A
50104,ONTARIO,TC,2003-03-25T00:00,7.039,µg/m³,CARB,N/A
50104,ONTARIO,TC,2003-03-28T00:00,3.326,µg/m³,CARB,N/A
50104,ONTARIO,TC,2003-03-28T00:00,8.461,µg/m³,CARB,N/A
50104,ONTARIO,TC,2003-03-31T00:00,1.598,µg/m³,CARB,N/A
50104,ONTARIO,TC,2003-03-31T00:00,2.387,µg/m³,CARB,N/A
50104,ONTARIO,TC,2003-04-04T00:00,1.351,µg/m³,CARB,N/A
50104,ONTARIO,TC,2003-04-04T00:00,3.932,µg/m³,CARB,N/A
50104,ONTARIO,TC,2003-04-06T00:00,1.391,µg/m³,CARB,N/A
50104,ONTARIO,TC,2003-04-06T00:00,2.856,µg/m³,CARB,N/A
50104,ONTARIO,TC,2003-04-09T00:00,1.932,µg/m³,CARB,N/A
50104,ONTARIO,TC,2003-04-09T00:00,6.138,µg/m³,CARB,N/A
50104,ONTARIO,TC,2003-04-12T00:00,2.179,µg/m³,CARB,N/A
50104,ONTARIO,TC,2003-04-12T00:00,4.844,µg/m³,CARB,N/A
50104,ONTARIO,TC,2003-04-15T00:00,3.282,µg/m³,CARB,N/A
50104,ONTARIO,TC,2003-04-15T00:00,7.693,µg/m³,CARB,N/A
50104,ONTARIO,TC,2003-04-18T00:00,2.510,µg/m³,CARB,N/A
50104,ONTARIO,TC,2003-04-21T00:00,2.696,µg/m³,CARB,N/A
50104,ONTARIO,TC,2003-04-24T00:00,1.674,µg/m³,CARB,N/A
50104,ONTARIO,TC,2003-04-27T00:00,0.733,µg/m³,CARB,N/A
50104,ONTARIO,TC,2003-04-27T00:00,0.930,µg/m³,CARB,N/A
50104,ONTARIO,TC,2003-04-30T00:00,1.607,µg/m³,CARB,N/A
50104,ONTARIO,TC,2003-04-30T00:00,3.673,µg/m³,CARB,N/A
50104,ONTARIO,TC,2003-05-03T00:00,1.972,µg/m³,CARB,N/A
50104,ONTARIO,TC,2003-05-03T00:00,3.361,µg/m³,CARB,N/A
50104,ONTARIO,TC,2003-05-06T00:00,2.723,µg/m³,CARB,N/A
50104,ONTARIO,TC,2003-05-06T00:00,4.314,µg/m³,CARB,N/A
50104,ONTARIO,TC,2003-05-09T00:00,1.899,µg/m³,CARB,N/A
50104,ONTARIO,TC,2003-05-09T00:00,4.432,µg/m³,CARB,N/A
50104,ONTARIO,TC,2003-05-12T00:00,2.563,µg/m³,CARB,N/A
50104,ONTARIO,TC,2003-05-12T00:00,3.460,µg/m³,CARB,N/A
50104,ONTARIO,TC,2003-05-15T00:00,2.481,µg/m³,CARB,N/A
50104,ONTARIO,TC,2003-05-15T00:00,4.734,µg/m³,CARB,N/A
50104,ONTARIO,TC,2003-05-18T00:00,3.169,µg/m³,CARB,N/A
50104,ONTARIO,TC,2003-05-18T00:00,7.516,µg/m³,CARB,N/A
50104,ONTARIO,TC,2003-05-21T00:00,1.799,µg/m³,CARB,N/A
50104,ONTARIO,TC,2003-05-21T00:00,3.199,µg/m³,CARB,N/A
50104,ONTARIO,TC,2003-05-24T00:00,2.296,µg/m³,CARB,N/A
50104,ONTARIO,TC,2003-05-24T00:00,3.576,µg/m³,CARB,N/A
50104,ONTARIO,TC,2003-05-27T00:00,2.006,µg/m³,CARB,N/A
50104,ONTARIO,TC,2003-05-27T00:00,4.790,µg/m³,CARB,N/A
50104,ONTARIO,TC,2003-05-30T00:00,3.182,µg/m³,CARB,N/A
50104,ONTARIO,TC,2003-05-30T00:00,5.329,µg/m³,CARB,N/A
50104,ONTARIO,TC,2003-06-02T00:00,2.335,µg/m³,CARB,N/A
50104,ONTARIO,TC,2003-06-02T00:00,5.236,µg/m³,CARB,N/A
50104,ONTARIO,TC,2003-06-05T00:00,2.967,µg/m³,CARB,N/A
50104,ONTARIO,TC,2003-06-05T00:00,7.595,µg/m³,CARB,N/A
50104,ONTARIO,TC,2003-06-08T00:00,3.553,µg/m³,CARB,N/A
50104,ONTARIO,TC,2003-06-08T00:00,7.020,µg/m³,CARB,N/A
50104,ONTARIO,TC,2003-06-11T00:00,3.074,µg/m³,CARB,N/A
50104,ONTARIO,TC,2003-06-11T00:00,7.868,µg/m³,CARB,N/A
50104,ONTARIO,TC,2003-06-14T00:00,2.580,µg/m³,CARB,N/A
50104,ONTARIO,TC,2003-06-14T00:00,6.214,µg/m³,CARB,N/A
50104,ONTARIO,TC,2003-06-17T00:00,3.363,µg/m³,CARB,N/A
50104,ONTARIO,TC,2003-06-17T00:00,8.426,µg/m³,CARB,N/A
50104,ONTARIO,TC,2003-06-20T00:00,3.269,µg/m³,CARB,N/A
50104,ONTARIO,TC,2003-06-20T00:00,5.163,µg/m³,CARB,N/A
50104,ONTARIO,TC,2003-06-23T00:00,4.318,µg/m³,CARB,N/A
50104,ONTARIO,TC,2003-06-23T00:00,17.197,µg/m³,CARB,N/A
50104,ONTARIO,TC,2003-06-26T00:00,3.778,µg/m³,CARB,N/A
50104,ONTARIO,TC,2003-06-26T00:00,10.905,µg/m³,CARB,N/A
50104,ONTARIO,TC,2003-06-29T00:00,3.513,µg/m³,CARB,N/A
50104,ONTARIO,TC,2003-06-29T00:00,7.090,µg/m³,CARB,N/A
50104,ONTARIO,TC,2003-07-02T00:00,3.373,µg/m³,CARB,N/A
50104,ONTARIO,TC,2003-07-02T00:00,6.791,µg/m³,CARB,N/A
50104,ONTARIO,TC,2003-07-05T00:00,3.233,µg/m³,CARB,N/A
50104,ONTARIO,TC,2003-07-05T00:00,6.952,µg/m³,CARB,N/A
50104,ONTARIO,TC,2003-07-08T00:00,6.152,µg/m³,CARB,N/A
50104,ONTARIO,TC,2003-07-11T00:00,2.835,µg/m³,CARB,N/A
50104,ONTARIO,TC,2003-07-11T00:00,4.458,µg/m³,CARB,N/A
50104,ONTARIO,TC,2003-07-14T00:00,3.179,µg/m³,CARB,N/A
50104,ONTARIO,TC,2003-07-14T00:00,6.534,µg/m³,CARB,N/A
50104,ONTARIO,TC,2003-07-17T00:00,2.971,µg/m³,CARB,N/A
50104,ONTARIO,TC,2003-07-17T00:00,4.785,µg/m³,CARB,N/A
50104,ONTARIO,TC,2003-07-20T00:00,2.951,µg/m³,CARB,N/A
50104,ONTARIO,TC,2003-07-20T00:00,6.263,µg/m³,CARB,N/A
50104,ONTARIO,TC,2003-07-23T00:00,2.671,µg/m³,CARB,N/A
50104,ONTARIO,TC,2003-07-23T00:00,5.738,µg/m³,CARB,N/A
50104,ONTARIO,TC,2003-07-26T00:00,3.035,µg/m³,CARB,N/A
50104,ONTARIO,TC,2003-07-26T00:00,5.846,µg/m³,CARB,N/A
50104,ONTARIO,TC,2003-08-01T00:00,3.657,µg/m³,CARB,N/A
50104,ONTARIO,TC,2003-08-01T00:00,7.760,µg/m³,CARB,N/A
50104,ONTARIO,TC,2003-08-04T00:00,3.253,µg/m³,CARB,N/A
50104,ONTARIO,TC,2003-08-04T00:00,6.234,µg/m³,CARB,N/A
50104,ONTARIO,TC,2003-08-07T00:00,3.360,µg/m³,CARB,N/A
50104,ONTARIO,TC,2003-08-07T00:00,7.033,µg/m³,CARB,N/A
50104,ONTARIO,TC,2003-08-10T00:00,4.130,µg/m³,CARB,N/A
50104,ONTARIO,TC,2003-08-10T00:00,6.439,µg/m³,CARB,N/A
50104,ONTARIO,TC,2003-08-16T00:00,1.972,µg/m³,CARB,N/A
50104,ONTARIO,TC,2003-08-16T00:00,6.580,µg/m³,CARB,N/A
50104,ONTARIO,TC,2003-08-19T00:00,2.432,µg/m³,CARB,N/A
50104,ONTARIO,TC,2003-08-19T00:00,6.583,µg/m³,CARB,N/A
50104,ONTARIO,TC,2003-08-22T00:00,2.805,µg/m³,CARB,N/A
50104,ONTARIO,TC,2003-08-22T00:00,5.743,µg/m³,CARB,N/A
50104,ONTARIO,TC,2003-08-31T00:00,2.078,µg/m³,CARB,N/A
50104,ONTARIO,TC,2003-08-31T00:00,3.357,µg/m³,CARB,N/A
50104,ONTARIO,TC,2003-09-03T00:00,2.595,µg/m³,CARB,N/A
50104,ONTARIO,TC,2003-09-03T00:00,4.512,µg/m³,CARB,N/A
50104,ONTARIO,TC,2003-09-06T00:00,2.037,µg/m³,CARB,N/A
50104,ONTARIO,TC,2003-09-06T00:00,4.107,µg/m³,CARB,N/A
50104,ONTARIO,TC,2003-09-09T00:00,2.328,µg/m³,CARB,N/A
50104,ONTARIO,TC,2003-09-09T00:00,4.722,µg/m³,CARB,N/A
50104,ONTARIO,TC,2003-09-12T00:00,3.020,µg/m³,CARB,N/A
50104,ONTARIO,TC,2003-09-12T00:00,9.602,µg/m³,CARB,N/A
50104,ONTARIO,TC,2003-09-15T00:00,2.613,µg/m³,CARB,N/A
50104,ONTARIO,TC,2003-09-15T00:00,5.882,µg/m³,CARB,N/A
50104,ONTARIO,TC,2003-09-18T00:00,2.673,µg/m³,CARB,N/A
50104,ONTARIO,TC,2003-09-18T00:00,7.216,µg/m³,CARB,N/A
50104,ONTARIO,TC,2003-09-24T00:00,2.020,µg/m³,CARB,N/A
50104,ONTARIO,TC,2003-09-24T00:00,3.128,µg/m³,CARB,N/A
50104,ONTARIO,TC,2003-09-27T00:00,1.938,µg/m³,CARB,N/A
50104,ONTARIO,TC,2003-09-27T00:00,4.233,µg/m³,CARB,N/A
50104,ONTARIO,TC,2003-09-30T00:00,2.142,µg/m³,CARB,N/A
50104,ONTARIO,TC,2003-09-30T00:00,2.788,µg/m³,CARB,N/A
50104,ONTARIO,TC,2003-10-09T00:00,2.192,µg/m³,CARB,N/A
50104,ONTARIO,TC,2003-10-09T00:00,6.190,µg/m³,CARB,N/A
50104,ONTARIO,TC,2003-10-12T00:00,2.412,µg/m³,CARB,N/A
50104,ONTARIO,TC,2003-10-12T00:00,9.152,µg/m³,CARB,N/A
50104,ONTARIO,TC,2003-10-15T00:00,1.746,µg/m³,CARB,N/A
50104,ONTARIO,TC,2003-10-15T00:00,2.543,µg/m³,CARB,N/A
50104,ONTARIO,TC,2003-10-18T00:00,2.030,µg/m³,CARB,N/A
50104,ONTARIO,TC,2003-10-18T00:00,4.503,µg/m³,CARB,N/A
50104,ONTARIO,TC,2003-10-21T00:00,1.784,µg/m³,CARB,N/A
50104,ONTARIO,TC,2003-10-21T00:00,4.008,µg/m³,CARB,N/A
50104,ONTARIO,TC,2003-10-24T00:00,2.085,µg/m³,CARB,N/A
50104,ONTARIO,TC,2003-10-24T00:00,4.246,µg/m³,CARB,N/A
50104,ONTARIO,TC,2003-10-27T00:00,2.144,µg/m³,CARB,N/A
50104,ONTARIO,TC,2003-10-27T00:00,6.105,µg/m³,CARB,N/A
50104,ONTARIO,TC,2003-10-30T00:00,1.949,µg/m³,CARB,N/A
50104,ONTARIO,TC,2003-10-30T00:00,3.634,µg/m³,CARB,N/A
50104,ONTARIO,TC,2003-11-02T00:00,2.881,µg/m³,CARB,N/A
50104,ONTARIO,TC,2003-11-02T00:00,4.994,µg/m³,CARB,N/A
50104,ONTARIO,TC,2003-11-05T00:00,2.106,µg/m³,CARB,N/A
50104,ONTARIO,TC,2003-11-05T00:00,5.353,µg/m³,CARB,N/A
50104,ONTARIO,TC,2003-11-08T00:00,1.899,µg/m³,CARB,N/A
50104,ONTARIO,TC,2003-11-08T00:00,5.167,µg/m³,CARB,N/A
50104,ONTARIO,TC,2003-11-11T00:00,2.742,µg/m³,CARB,N/A
50104,ONTARIO,TC,2003-11-11T00:00,5.213,µg/m³,CARB,N/A
50104,ONTARIO,TC,2003-11-14T00:00,1.395,µg/m³,CARB,N/A
50104,ONTARIO,TC,2003-11-14T00:00,2.232,µg/m³,CARB,N/A
50104,ONTARIO,TC,2003-11-17T00:00,2.852,µg/m³,CARB,N/A
50104,ONTARIO,TC,2003-11-17T00:00,11.249,µg/m³,CARB,N/A
50104,ONTARIO,TC,2003-11-20T00:00,2.005,µg/m³,CARB,N/A
50104,ONTARIO,TC,2003-11-20T00:00,3.827,µg/m³,CARB,N/A
50104,ONTARIO,TC,2003-11-23T00:00,2.138,µg/m³,CARB,N/A
50104,ONTARIO,TC,2003-11-23T00:00,5.800,µg/m³,CARB,N/A
50104,ONTARIO,TC,2003-11-26T00:00,2.502,µg/m³,CARB,N/A
50104,ONTARIO,TC,2003-11-26T00:00,4.820,µg/m³,CARB,N/A
50104,ONTARIO,TC,2003-11-29T00:00,2.063,µg/m³,CARB,N/A
50104,ONTARIO,TC,2003-11-29T00:00,3.171,µg/m³,CARB,N/A
50104,ONTARIO,TC,2003-12-02T00:00,1.953,µg/m³,CARB,N/A
50104,ONTARIO,TC,2003-12-02T00:00,2.953,µg/m³,CARB,N/A
50104,ONTARIO,TC,2003-12-05T00:00,1.981,µg/m³,CARB,N/A
50104,ONTARIO,TC,2003-12-05T00:00,4.013,µg/m³,CARB,N/A
50104,ONTARIO,TC,2003-12-08T00:00,2.449,µg/m³,CARB,N/A
50104,ONTARIO,TC,2003-12-08T00:00,8.911,µg/m³,CARB,N/A
50104,ONTARIO,TC,2003-12-11T00:00,1.992,µg/m³,CARB,N/A
50104,ONTARIO,TC,2003-12-11T00:00,5.670,µg/m³,CARB,N/A
50104,ONTARIO,TC,2003-12-14T00:00,1.989,µg/m³,CARB,N/A
50104,ONTARIO,TC,2003-12-14T00:00,8.637,µg/m³,CARB,N/A
50104,ONTARIO,TC,2003-12-17T00:00,3.549,µg/m³,CARB,N/A
50104,ONTARIO,TC,2003-12-17T00:00,12.952,µg/m³,CARB,N/A
50104,ONTARIO,TC,2003-12-20T00:00,2.185,µg/m³,CARB,N/A
50104,ONTARIO,TC,2003-12-20T00:00,7.152,µg/m³,CARB,N/A
50104,ONTARIO,TC,2003-12-23T00:00,2.598,µg/m³,CARB,N/A
50104,ONTARIO,TC,2003-12-23T00:00,15.932,µg/m³,CARB,N/A
50104,ONTARIO,TC,2003-12-26T00:00,1.604,µg/m³,CARB,N/A
50104,ONTARIO,TC,2003-12-26T00:00,3.475,µg/m³,CARB,N/A
50104,ONTARIO,TC,2003-12-29T00:00,3.702,µg/m³,CARB,N/A
50104,ONTARIO,TC,2003-12-29T00:00,22.619,µg/m³,CARB,N/A
