﻿NAPS_Site_ID,Station_Name,Pollutant,Date,Value,Units,Report_Type,Method
100134,VANCOUVER INTL. AIRPORT,2-Methylhexane,2009-01-01T00:00,0.126,µg/m³,VOC,N/A
100134,VANCOUVER INTL. AIRPORT,2-Methylhexane,2009-01-13T00:00,0.399,µg/m³,VOC,N/A
100134,VANCOUVER INTL. AIRPORT,2-Methylhexane,2009-01-25T00:00,0.540,µg/m³,VOC,N/A
100134,VANCOUVER INTL. AIRPORT,2-Methylhexane,2009-02-06T00:00,0.413,µg/m³,VOC,N/A
100134,VANCOUVER INTL. AIRPORT,2-Methylhexane,2009-03-14T00:00,0.080,µg/m³,VOC,N/A
100134,VANCOUVER INTL. AIRPORT,2-Methylhexane,2009-03-26T00:00,0.245,µg/m³,VOC,N/A
100134,VANCOUVER INTL. AIRPORT,2-Methylhexane,2009-04-07T00:00,0.344,µg/m³,VOC,N/A
100134,VANCOUVER INTL. AIRPORT,2-Methylhexane,2009-04-19T00:00,0.238,µg/m³,VOC,N/A
100134,VANCOUVER INTL. AIRPORT,2-Methylhexane,2009-05-01T00:00,0.330,µg/m³,VOC,N/A
100134,VANCOUVER INTL. AIRPORT,2-Methylhexane,2009-05-13T00:00,0.144,µg/m³,VOC,N/A
100134,VANCOUVER INTL. AIRPORT,2-Methylhexane,2009-05-25T00:00,0.268,µg/m³,VOC,N/A
100134,VANCOUVER INTL. AIRPORT,2-Methylhexane,2009-06-06T00:00,0.055,µg/m³,VOC,N/A
100134,VANCOUVER INTL. AIRPORT,2-Methylhexane,2009-06-18T00:00,0.106,µg/m³,VOC,N/A
100134,VANCOUVER INTL. AIRPORT,2-Methylhexane,2009-06-30T00:00,0.070,µg/m³,VOC,N/A
100134,VANCOUVER INTL. AIRPORT,2-Methylhexane,2009-07-12T00:00,0.106,µg/m³,VOC,N/A
100134,VANCOUVER INTL. AIRPORT,2-Methylhexane,2009-08-05T00:00,0.075,µg/m³,VOC,N/A
100134,VANCOUVER INTL. AIRPORT,2-Methylhexane,2009-08-17T00:00,0.169,µg/m³,VOC,N/A
100134,VANCOUVER INTL. AIRPORT,2-Methylhexane,2009-08-29T00:00,0.139,µg/m³,VOC,N/A
100134,VANCOUVER INTL. AIRPORT,2-Methylhexane,2009-09-22T00:00,0.600,µg/m³,VOC,N/A
100134,VANCOUVER INTL. AIRPORT,2-Methylhexane,2009-10-04T00:00,0.311,µg/m³,VOC,N/A
100134,VANCOUVER INTL. AIRPORT,2-Methylhexane,2009-10-16T00:00,0.241,µg/m³,VOC,N/A
100134,VANCOUVER INTL. AIRPORT,2-Methylhexane,2009-10-28T00:00,0.496,µg/m³,VOC,N/A
100134,VANCOUVER INTL. AIRPORT,2-Methylhexane,2009-11-21T00:00,0.150,µg/m³,VOC,N/A
100134,VANCOUVER INTL. AIRPORT,2-Methylhexane,2009-12-03T00:00,1.458,µg/m³,VOC,N/A
100134,VANCOUVER INTL. AIRPORT,2-Methylhexane,2009-12-15T00:00,0.303,µg/m³,VOC,N/A
100134,VANCOUVER INTL. AIRPORT,2-Methylhexane,2009-12-27T00:00,0.359,µg/m³,VOC,N/A
