﻿NAPS_Site_ID,Station_Name,Pollutant,Date,Value,Units,Report_Type,Method
61007,AAMJIWNAANG,D-Limonene,2015-01-11T19:00,0.086,µg/m³,VOC,N/A
61007,AAMJIWNAANG,D-Limonene,2015-01-23T19:00,0.096,µg/m³,VOC,N/A
61007,AAMJIWNAANG,D-Limonene,2015-02-04T19:00,0.026,µg/m³,VOC,N/A
61007,AAMJIWNAANG,D-Limonene,2015-02-16T19:00,0.071,µg/m³,VOC,N/A
61007,AAMJIWNAANG,D-Limonene,2015-02-28T19:00,0.003,µg/m³,VOC,N/A
61007,AAMJIWNAANG,D-Limonene,2015-03-12T20:00,0.079,µg/m³,VOC,N/A
61007,AAMJIWNAANG,D-Limonene,2015-03-24T20:00,0.167,µg/m³,VOC,N/A
61007,AAMJIWNAANG,D-Limonene,2015-04-05T20:00,0.085,µg/m³,VOC,N/A
61007,AAMJIWNAANG,D-Limonene,2015-04-17T20:00,0.196,µg/m³,VOC,N/A
61007,AAMJIWNAANG,D-Limonene,2015-04-29T20:00,0.223,µg/m³,VOC,N/A
61007,AAMJIWNAANG,D-Limonene,2015-05-11T20:00,0.154,µg/m³,VOC,N/A
61007,AAMJIWNAANG,D-Limonene,2015-05-23T20:00,0.259,µg/m³,VOC,N/A
61007,AAMJIWNAANG,D-Limonene,2015-06-04T20:00,0.672,µg/m³,VOC,N/A
61007,AAMJIWNAANG,D-Limonene,2015-06-16T20:00,0.406,µg/m³,VOC,N/A
61007,AAMJIWNAANG,D-Limonene,2015-06-28T20:00,0.576,µg/m³,VOC,N/A
61007,AAMJIWNAANG,D-Limonene,2015-07-10T20:00,0.332,µg/m³,VOC,N/A
61007,AAMJIWNAANG,D-Limonene,2015-07-22T20:00,0.447,µg/m³,VOC,N/A
61007,AAMJIWNAANG,D-Limonene,2015-08-03T20:00,0.939,µg/m³,VOC,N/A
61007,AAMJIWNAANG,D-Limonene,2015-08-15T20:00,0.643,µg/m³,VOC,N/A
61007,AAMJIWNAANG,D-Limonene,2015-08-27T20:00,0.310,µg/m³,VOC,N/A
61007,AAMJIWNAANG,D-Limonene,2015-10-20T20:00,0.975,µg/m³,VOC,N/A
61007,AAMJIWNAANG,D-Limonene,2015-10-26T20:00,0.016,µg/m³,VOC,N/A
61007,AAMJIWNAANG,D-Limonene,2015-11-07T19:00,0.001,µg/m³,VOC,N/A
61007,AAMJIWNAANG,D-Limonene,2015-11-19T19:00,0.012,µg/m³,VOC,N/A
61007,AAMJIWNAANG,D-Limonene,2015-12-01T19:00,0.009,µg/m³,VOC,N/A
61007,AAMJIWNAANG,D-Limonene,2015-12-13T19:00,0.024,µg/m³,VOC,N/A
61007,AAMJIWNAANG,D-Limonene,2015-12-25T19:00,0.003,µg/m³,VOC,N/A
