﻿NAPS_Site_ID,Station_Name,Pollutant,Date,Value,Units,Report_Type,Method
62601,EXPERIMENTAL FARM _SIMCOE_,Chloroform,2014-01-04T19:00,0.074,µg/m³,VOC,GC-MS
62601,EXPERIMENTAL FARM _SIMCOE_,Chloroform,2014-01-10T19:00,0.086,µg/m³,VOC,GC-MS
62601,EXPERIMENTAL FARM _SIMCOE_,Chloroform,2014-01-16T19:00,0.074,µg/m³,VOC,GC-MS
62601,EXPERIMENTAL FARM _SIMCOE_,Chloroform,2014-01-22T19:00,0.080,µg/m³,VOC,GC-MS
62601,EXPERIMENTAL FARM _SIMCOE_,Chloroform,2014-01-28T19:00,0.072,µg/m³,VOC,GC-MS
62601,EXPERIMENTAL FARM _SIMCOE_,Chloroform,2014-02-03T19:00,0.080,µg/m³,VOC,GC-MS
62601,EXPERIMENTAL FARM _SIMCOE_,Chloroform,2014-02-09T19:00,0.078,µg/m³,VOC,GC-MS
62601,EXPERIMENTAL FARM _SIMCOE_,Chloroform,2014-02-15T19:00,0.080,µg/m³,VOC,GC-MS
62601,EXPERIMENTAL FARM _SIMCOE_,Chloroform,2014-02-21T19:00,0.080,µg/m³,VOC,GC-MS
62601,EXPERIMENTAL FARM _SIMCOE_,Chloroform,2014-02-27T19:00,0.076,µg/m³,VOC,GC-MS
62601,EXPERIMENTAL FARM _SIMCOE_,Chloroform,2014-03-05T19:00,0.080,µg/m³,VOC,GC-MS
62601,EXPERIMENTAL FARM _SIMCOE_,Chloroform,2014-03-11T20:00,0.074,µg/m³,VOC,GC-MS
62601,EXPERIMENTAL FARM _SIMCOE_,Chloroform,2014-03-17T20:00,0.078,µg/m³,VOC,GC-MS
62601,EXPERIMENTAL FARM _SIMCOE_,Chloroform,2014-03-23T20:00,0.066,µg/m³,VOC,GC-MS
62601,EXPERIMENTAL FARM _SIMCOE_,Chloroform,2014-03-29T20:00,0.070,µg/m³,VOC,GC-MS
62601,EXPERIMENTAL FARM _SIMCOE_,Chloroform,2014-04-04T20:00,0.078,µg/m³,VOC,GC-MS
62601,EXPERIMENTAL FARM _SIMCOE_,Chloroform,2014-04-10T20:00,0.076,µg/m³,VOC,GC-MS
62601,EXPERIMENTAL FARM _SIMCOE_,Chloroform,2014-04-16T20:00,0.074,µg/m³,VOC,GC-MS
62601,EXPERIMENTAL FARM _SIMCOE_,Chloroform,2014-04-22T20:00,0.072,µg/m³,VOC,GC-MS
62601,EXPERIMENTAL FARM _SIMCOE_,Chloroform,2014-04-28T20:00,0.076,µg/m³,VOC,GC-MS
62601,EXPERIMENTAL FARM _SIMCOE_,Chloroform,2014-05-04T20:00,0.076,µg/m³,VOC,GC-MS
62601,EXPERIMENTAL FARM _SIMCOE_,Chloroform,2014-05-10T20:00,0.094,µg/m³,VOC,GC-MS
62601,EXPERIMENTAL FARM _SIMCOE_,Chloroform,2014-05-16T20:00,0.072,µg/m³,VOC,GC-MS
62601,EXPERIMENTAL FARM _SIMCOE_,Chloroform,2014-05-22T20:00,0.080,µg/m³,VOC,GC-MS
62601,EXPERIMENTAL FARM _SIMCOE_,Chloroform,2014-05-28T20:00,0.090,µg/m³,VOC,GC-MS
62601,EXPERIMENTAL FARM _SIMCOE_,Chloroform,2014-06-03T20:00,0.088,µg/m³,VOC,GC-MS
62601,EXPERIMENTAL FARM _SIMCOE_,Chloroform,2014-06-09T20:00,0.114,µg/m³,VOC,GC-MS
62601,EXPERIMENTAL FARM _SIMCOE_,Chloroform,2014-06-15T20:00,0.096,µg/m³,VOC,GC-MS
62601,EXPERIMENTAL FARM _SIMCOE_,Chloroform,2014-06-21T20:00,0.102,µg/m³,VOC,GC-MS
62601,EXPERIMENTAL FARM _SIMCOE_,Chloroform,2014-06-27T20:00,0.108,µg/m³,VOC,GC-MS
62601,EXPERIMENTAL FARM _SIMCOE_,Chloroform,2014-07-03T20:00,0.084,µg/m³,VOC,GC-MS
62601,EXPERIMENTAL FARM _SIMCOE_,Chloroform,2014-07-09T20:00,0.096,µg/m³,VOC,GC-MS
62601,EXPERIMENTAL FARM _SIMCOE_,Chloroform,2014-07-15T20:00,0.094,µg/m³,VOC,GC-MS
62601,EXPERIMENTAL FARM _SIMCOE_,Chloroform,2014-07-21T20:00,0.126,µg/m³,VOC,GC-MS
62601,EXPERIMENTAL FARM _SIMCOE_,Chloroform,2014-07-27T20:00,0.076,µg/m³,VOC,GC-MS
62601,EXPERIMENTAL FARM _SIMCOE_,Chloroform,2014-08-02T20:00,0.118,µg/m³,VOC,GC-MS
62601,EXPERIMENTAL FARM _SIMCOE_,Chloroform,2014-08-08T20:00,0.112,µg/m³,VOC,GC-MS
62601,EXPERIMENTAL FARM _SIMCOE_,Chloroform,2014-08-14T20:00,0.078,µg/m³,VOC,GC-MS
62601,EXPERIMENTAL FARM _SIMCOE_,Chloroform,2014-08-20T20:00,0.078,µg/m³,VOC,GC-MS
62601,EXPERIMENTAL FARM _SIMCOE_,Chloroform,2014-08-26T20:00,0.086,µg/m³,VOC,GC-MS
62601,EXPERIMENTAL FARM _SIMCOE_,Chloroform,2014-09-01T20:00,0.080,µg/m³,VOC,GC-MS
62601,EXPERIMENTAL FARM _SIMCOE_,Chloroform,2014-09-07T20:00,0.100,µg/m³,VOC,GC-MS
62601,EXPERIMENTAL FARM _SIMCOE_,Chloroform,2014-09-13T20:00,0.088,µg/m³,VOC,GC-MS
62601,EXPERIMENTAL FARM _SIMCOE_,Chloroform,2014-09-19T20:00,0.098,µg/m³,VOC,GC-MS
62601,EXPERIMENTAL FARM _SIMCOE_,Chloroform,2014-09-25T20:00,0.098,µg/m³,VOC,GC-MS
62601,EXPERIMENTAL FARM _SIMCOE_,Chloroform,2014-10-01T20:00,0.096,µg/m³,VOC,GC-MS
62601,EXPERIMENTAL FARM _SIMCOE_,Chloroform,2014-10-07T20:00,0.094,µg/m³,VOC,GC-MS
62601,EXPERIMENTAL FARM _SIMCOE_,Chloroform,2014-10-13T20:00,0.080,µg/m³,VOC,GC-MS
62601,EXPERIMENTAL FARM _SIMCOE_,Chloroform,2014-10-19T20:00,0.098,µg/m³,VOC,GC-MS
62601,EXPERIMENTAL FARM _SIMCOE_,Chloroform,2014-10-25T20:00,0.084,µg/m³,VOC,GC-MS
62601,EXPERIMENTAL FARM _SIMCOE_,Chloroform,2014-10-31T20:00,0.094,µg/m³,VOC,GC-MS
62601,EXPERIMENTAL FARM _SIMCOE_,Chloroform,2014-11-06T19:00,0.100,µg/m³,VOC,GC-MS
62601,EXPERIMENTAL FARM _SIMCOE_,Chloroform,2014-11-12T19:00,0.084,µg/m³,VOC,GC-MS
62601,EXPERIMENTAL FARM _SIMCOE_,Chloroform,2014-11-18T19:00,0.086,µg/m³,VOC,GC-MS
62601,EXPERIMENTAL FARM _SIMCOE_,Chloroform,2014-11-24T19:00,0.082,µg/m³,VOC,GC-MS
62601,EXPERIMENTAL FARM _SIMCOE_,Chloroform,2014-11-30T19:00,0.084,µg/m³,VOC,GC-MS
62601,EXPERIMENTAL FARM _SIMCOE_,Chloroform,2014-12-06T19:00,0.084,µg/m³,VOC,GC-MS
62601,EXPERIMENTAL FARM _SIMCOE_,Chloroform,2014-12-12T19:00,0.088,µg/m³,VOC,GC-MS
62601,EXPERIMENTAL FARM _SIMCOE_,Chloroform,2014-12-18T19:00,0.086,µg/m³,VOC,GC-MS
62601,EXPERIMENTAL FARM _SIMCOE_,Chloroform,2014-12-24T19:00,0.088,µg/m³,VOC,GC-MS
62601,EXPERIMENTAL FARM _SIMCOE_,Chloroform,2014-12-30T19:00,0.086,µg/m³,VOC,GC-MS
62601,EXPERIMENTAL FARM _SIMCOE_,Chloroform,2014-01-04T19:00,0.086,µg/m³,VOC_4HR,GC-MS
62601,EXPERIMENTAL FARM _SIMCOE_,Chloroform,2014-01-07T19:00,0.082,µg/m³,VOC_4HR,GC-MS
62601,EXPERIMENTAL FARM _SIMCOE_,Chloroform,2014-01-10T19:00,0.122,µg/m³,VOC_4HR,GC-MS
62601,EXPERIMENTAL FARM _SIMCOE_,Chloroform,2014-01-13T19:00,0.072,µg/m³,VOC_4HR,GC-MS
62601,EXPERIMENTAL FARM _SIMCOE_,Chloroform,2014-01-16T19:00,0.080,µg/m³,VOC_4HR,GC-MS
62601,EXPERIMENTAL FARM _SIMCOE_,Chloroform,2014-01-22T19:00,0.070,µg/m³,VOC_4HR,GC-MS
62601,EXPERIMENTAL FARM _SIMCOE_,Chloroform,2014-01-25T19:00,0.094,µg/m³,VOC_4HR,GC-MS
62601,EXPERIMENTAL FARM _SIMCOE_,Chloroform,2014-01-28T19:00,0.070,µg/m³,VOC_4HR,GC-MS
62601,EXPERIMENTAL FARM _SIMCOE_,Chloroform,2014-01-31T19:00,0.078,µg/m³,VOC_4HR,GC-MS
62601,EXPERIMENTAL FARM _SIMCOE_,Chloroform,2014-02-03T19:00,0.072,µg/m³,VOC_4HR,GC-MS
62601,EXPERIMENTAL FARM _SIMCOE_,Chloroform,2014-02-06T19:00,0.074,µg/m³,VOC_4HR,GC-MS
62601,EXPERIMENTAL FARM _SIMCOE_,Chloroform,2014-02-09T19:00,0.068,µg/m³,VOC_4HR,GC-MS
62601,EXPERIMENTAL FARM _SIMCOE_,Chloroform,2014-02-12T19:00,0.084,µg/m³,VOC_4HR,GC-MS
62601,EXPERIMENTAL FARM _SIMCOE_,Chloroform,2014-02-15T19:00,0.086,µg/m³,VOC_4HR,GC-MS
62601,EXPERIMENTAL FARM _SIMCOE_,Chloroform,2014-02-18T19:00,0.084,µg/m³,VOC_4HR,GC-MS
62601,EXPERIMENTAL FARM _SIMCOE_,Chloroform,2014-02-21T19:00,0.132,µg/m³,VOC_4HR,GC-MS
62601,EXPERIMENTAL FARM _SIMCOE_,Chloroform,2014-02-24T19:00,0.068,µg/m³,VOC_4HR,GC-MS
62601,EXPERIMENTAL FARM _SIMCOE_,Chloroform,2014-02-27T19:00,0.076,µg/m³,VOC_4HR,GC-MS
62601,EXPERIMENTAL FARM _SIMCOE_,Chloroform,2014-03-02T19:00,0.064,µg/m³,VOC_4HR,GC-MS
62601,EXPERIMENTAL FARM _SIMCOE_,Chloroform,2014-03-05T19:00,0.070,µg/m³,VOC_4HR,GC-MS
62601,EXPERIMENTAL FARM _SIMCOE_,Chloroform,2014-03-08T19:00,0.066,µg/m³,VOC_4HR,GC-MS
62601,EXPERIMENTAL FARM _SIMCOE_,Chloroform,2014-03-11T20:00,0.070,µg/m³,VOC_4HR,GC-MS
62601,EXPERIMENTAL FARM _SIMCOE_,Chloroform,2014-03-14T20:00,0.074,µg/m³,VOC_4HR,GC-MS
62601,EXPERIMENTAL FARM _SIMCOE_,Chloroform,2014-03-17T20:00,0.088,µg/m³,VOC_4HR,GC-MS
62601,EXPERIMENTAL FARM _SIMCOE_,Chloroform,2014-03-20T20:00,0.076,µg/m³,VOC_4HR,GC-MS
62601,EXPERIMENTAL FARM _SIMCOE_,Chloroform,2014-03-23T20:00,0.076,µg/m³,VOC_4HR,GC-MS
62601,EXPERIMENTAL FARM _SIMCOE_,Chloroform,2014-03-26T20:00,0.076,µg/m³,VOC_4HR,GC-MS
62601,EXPERIMENTAL FARM _SIMCOE_,Chloroform,2014-03-29T20:00,0.078,µg/m³,VOC_4HR,GC-MS
62601,EXPERIMENTAL FARM _SIMCOE_,Chloroform,2014-04-01T20:00,0.084,µg/m³,VOC_4HR,GC-MS
62601,EXPERIMENTAL FARM _SIMCOE_,Chloroform,2014-04-04T20:00,0.078,µg/m³,VOC_4HR,GC-MS
62601,EXPERIMENTAL FARM _SIMCOE_,Chloroform,2014-04-07T20:00,0.084,µg/m³,VOC_4HR,GC-MS
62601,EXPERIMENTAL FARM _SIMCOE_,Chloroform,2014-04-10T20:00,0.084,µg/m³,VOC_4HR,GC-MS
62601,EXPERIMENTAL FARM _SIMCOE_,Chloroform,2014-04-16T20:00,0.080,µg/m³,VOC_4HR,GC-MS
62601,EXPERIMENTAL FARM _SIMCOE_,Chloroform,2014-04-19T20:00,0.078,µg/m³,VOC_4HR,GC-MS
62601,EXPERIMENTAL FARM _SIMCOE_,Chloroform,2014-04-22T20:00,0.076,µg/m³,VOC_4HR,GC-MS
62601,EXPERIMENTAL FARM _SIMCOE_,Chloroform,2014-04-25T20:00,0.078,µg/m³,VOC_4HR,GC-MS
62601,EXPERIMENTAL FARM _SIMCOE_,Chloroform,2014-04-28T20:00,0.076,µg/m³,VOC_4HR,GC-MS
62601,EXPERIMENTAL FARM _SIMCOE_,Chloroform,2014-05-07T20:00,0.088,µg/m³,VOC_4HR,GC-MS
62601,EXPERIMENTAL FARM _SIMCOE_,Chloroform,2014-05-10T20:00,0.076,µg/m³,VOC_4HR,GC-MS
62601,EXPERIMENTAL FARM _SIMCOE_,Chloroform,2014-05-13T20:00,0.082,µg/m³,VOC_4HR,GC-MS
62601,EXPERIMENTAL FARM _SIMCOE_,Chloroform,2014-05-16T20:00,0.080,µg/m³,VOC_4HR,GC-MS
62601,EXPERIMENTAL FARM _SIMCOE_,Chloroform,2014-05-19T20:00,0.084,µg/m³,VOC_4HR,GC-MS
62601,EXPERIMENTAL FARM _SIMCOE_,Chloroform,2014-05-22T20:00,0.090,µg/m³,VOC_4HR,GC-MS
62601,EXPERIMENTAL FARM _SIMCOE_,Chloroform,2014-05-25T20:00,0.084,µg/m³,VOC_4HR,GC-MS
62601,EXPERIMENTAL FARM _SIMCOE_,Chloroform,2014-05-28T20:00,0.094,µg/m³,VOC_4HR,GC-MS
62601,EXPERIMENTAL FARM _SIMCOE_,Chloroform,2014-05-31T20:00,0.078,µg/m³,VOC_4HR,GC-MS
62601,EXPERIMENTAL FARM _SIMCOE_,Chloroform,2014-06-03T20:00,0.090,µg/m³,VOC_4HR,GC-MS
62601,EXPERIMENTAL FARM _SIMCOE_,Chloroform,2014-06-06T20:00,0.088,µg/m³,VOC_4HR,GC-MS
62601,EXPERIMENTAL FARM _SIMCOE_,Chloroform,2014-06-09T20:00,0.106,µg/m³,VOC_4HR,GC-MS
62601,EXPERIMENTAL FARM _SIMCOE_,Chloroform,2014-06-12T20:00,0.106,µg/m³,VOC_4HR,GC-MS
62601,EXPERIMENTAL FARM _SIMCOE_,Chloroform,2014-06-15T20:00,0.080,µg/m³,VOC_4HR,GC-MS
62601,EXPERIMENTAL FARM _SIMCOE_,Chloroform,2014-06-18T20:00,0.080,µg/m³,VOC_4HR,GC-MS
62601,EXPERIMENTAL FARM _SIMCOE_,Chloroform,2014-06-21T20:00,0.072,µg/m³,VOC_4HR,GC-MS
62601,EXPERIMENTAL FARM _SIMCOE_,Chloroform,2014-06-24T20:00,0.072,µg/m³,VOC_4HR,GC-MS
62601,EXPERIMENTAL FARM _SIMCOE_,Chloroform,2014-06-27T20:00,0.076,µg/m³,VOC_4HR,GC-MS
62601,EXPERIMENTAL FARM _SIMCOE_,Chloroform,2014-06-30T20:00,0.064,µg/m³,VOC_4HR,GC-MS
62601,EXPERIMENTAL FARM _SIMCOE_,Chloroform,2014-07-06T20:00,0.088,µg/m³,VOC_4HR,GC-MS
62601,EXPERIMENTAL FARM _SIMCOE_,Chloroform,2014-07-09T20:00,0.080,µg/m³,VOC_4HR,GC-MS
62601,EXPERIMENTAL FARM _SIMCOE_,Chloroform,2014-07-12T20:00,0.066,µg/m³,VOC_4HR,GC-MS
62601,EXPERIMENTAL FARM _SIMCOE_,Chloroform,2014-07-15T20:00,0.084,µg/m³,VOC_4HR,GC-MS
62601,EXPERIMENTAL FARM _SIMCOE_,Chloroform,2014-07-18T20:00,0.072,µg/m³,VOC_4HR,GC-MS
62601,EXPERIMENTAL FARM _SIMCOE_,Chloroform,2014-07-21T20:00,0.082,µg/m³,VOC_4HR,GC-MS
62601,EXPERIMENTAL FARM _SIMCOE_,Chloroform,2014-07-24T20:00,0.074,µg/m³,VOC_4HR,GC-MS
62601,EXPERIMENTAL FARM _SIMCOE_,Chloroform,2014-07-27T20:00,0.078,µg/m³,VOC_4HR,GC-MS
62601,EXPERIMENTAL FARM _SIMCOE_,Chloroform,2014-07-30T20:00,0.080,µg/m³,VOC_4HR,GC-MS
62601,EXPERIMENTAL FARM _SIMCOE_,Chloroform,2014-08-02T20:00,0.086,µg/m³,VOC_4HR,GC-MS
62601,EXPERIMENTAL FARM _SIMCOE_,Chloroform,2014-08-05T20:00,0.074,µg/m³,VOC_4HR,GC-MS
62601,EXPERIMENTAL FARM _SIMCOE_,Chloroform,2014-08-08T20:00,0.090,µg/m³,VOC_4HR,GC-MS
62601,EXPERIMENTAL FARM _SIMCOE_,Chloroform,2014-08-11T20:00,0.082,µg/m³,VOC_4HR,GC-MS
62601,EXPERIMENTAL FARM _SIMCOE_,Chloroform,2014-08-14T20:00,0.066,µg/m³,VOC_4HR,GC-MS
62601,EXPERIMENTAL FARM _SIMCOE_,Chloroform,2014-08-17T20:00,0.090,µg/m³,VOC_4HR,GC-MS
62601,EXPERIMENTAL FARM _SIMCOE_,Chloroform,2014-08-20T20:00,0.076,µg/m³,VOC_4HR,GC-MS
62601,EXPERIMENTAL FARM _SIMCOE_,Chloroform,2014-08-23T20:00,0.092,µg/m³,VOC_4HR,GC-MS
62601,EXPERIMENTAL FARM _SIMCOE_,Chloroform,2014-08-29T20:00,0.094,µg/m³,VOC_4HR,GC-MS
62601,EXPERIMENTAL FARM _SIMCOE_,Chloroform,2014-09-01T20:00,0.076,µg/m³,VOC_4HR,GC-MS
62601,EXPERIMENTAL FARM _SIMCOE_,Chloroform,2014-09-04T20:00,0.090,µg/m³,VOC_4HR,GC-MS
62601,EXPERIMENTAL FARM _SIMCOE_,Chloroform,2014-09-07T20:00,0.086,µg/m³,VOC_4HR,GC-MS
62601,EXPERIMENTAL FARM _SIMCOE_,Chloroform,2014-09-10T20:00,0.090,µg/m³,VOC_4HR,GC-MS
62601,EXPERIMENTAL FARM _SIMCOE_,Chloroform,2014-09-13T20:00,0.084,µg/m³,VOC_4HR,GC-MS
62601,EXPERIMENTAL FARM _SIMCOE_,Chloroform,2014-09-16T20:00,0.084,µg/m³,VOC_4HR,GC-MS
62601,EXPERIMENTAL FARM _SIMCOE_,Chloroform,2014-09-19T20:00,0.120,µg/m³,VOC_4HR,GC-MS
62601,EXPERIMENTAL FARM _SIMCOE_,Chloroform,2014-09-22T20:00,0.082,µg/m³,VOC_4HR,GC-MS
62601,EXPERIMENTAL FARM _SIMCOE_,Chloroform,2014-09-25T20:00,0.080,µg/m³,VOC_4HR,GC-MS
62601,EXPERIMENTAL FARM _SIMCOE_,Chloroform,2014-09-28T20:00,0.076,µg/m³,VOC_4HR,GC-MS
62601,EXPERIMENTAL FARM _SIMCOE_,Chloroform,2014-10-01T20:00,0.078,µg/m³,VOC_4HR,GC-MS
62601,EXPERIMENTAL FARM _SIMCOE_,Chloroform,2014-10-04T20:00,0.080,µg/m³,VOC_4HR,GC-MS
62601,EXPERIMENTAL FARM _SIMCOE_,Chloroform,2014-10-07T20:00,0.074,µg/m³,VOC_4HR,GC-MS
62601,EXPERIMENTAL FARM _SIMCOE_,Chloroform,2014-10-10T20:00,0.098,µg/m³,VOC_4HR,GC-MS
62601,EXPERIMENTAL FARM _SIMCOE_,Chloroform,2014-10-13T20:00,0.080,µg/m³,VOC_4HR,GC-MS
62601,EXPERIMENTAL FARM _SIMCOE_,Chloroform,2014-10-16T20:00,0.100,µg/m³,VOC_4HR,GC-MS
62601,EXPERIMENTAL FARM _SIMCOE_,Chloroform,2014-10-19T20:00,0.096,µg/m³,VOC_4HR,GC-MS
62601,EXPERIMENTAL FARM _SIMCOE_,Chloroform,2014-10-22T20:00,0.092,µg/m³,VOC_4HR,GC-MS
62601,EXPERIMENTAL FARM _SIMCOE_,Chloroform,2014-10-25T20:00,0.084,µg/m³,VOC_4HR,GC-MS
62601,EXPERIMENTAL FARM _SIMCOE_,Chloroform,2014-10-28T20:00,0.090,µg/m³,VOC_4HR,GC-MS
62601,EXPERIMENTAL FARM _SIMCOE_,Chloroform,2014-10-31T20:00,0.090,µg/m³,VOC_4HR,GC-MS
62601,EXPERIMENTAL FARM _SIMCOE_,Chloroform,2014-11-03T19:00,0.104,µg/m³,VOC_4HR,GC-MS
62601,EXPERIMENTAL FARM _SIMCOE_,Chloroform,2014-11-06T19:00,0.094,µg/m³,VOC_4HR,GC-MS
62601,EXPERIMENTAL FARM _SIMCOE_,Chloroform,2014-11-09T19:00,0.104,µg/m³,VOC_4HR,GC-MS
62601,EXPERIMENTAL FARM _SIMCOE_,Chloroform,2014-11-12T19:00,0.090,µg/m³,VOC_4HR,GC-MS
62601,EXPERIMENTAL FARM _SIMCOE_,Chloroform,2014-11-18T19:00,0.096,µg/m³,VOC_4HR,GC-MS
62601,EXPERIMENTAL FARM _SIMCOE_,Chloroform,2014-11-21T19:00,0.098,µg/m³,VOC_4HR,GC-MS
62601,EXPERIMENTAL FARM _SIMCOE_,Chloroform,2014-11-24T19:00,0.096,µg/m³,VOC_4HR,GC-MS
62601,EXPERIMENTAL FARM _SIMCOE_,Chloroform,2014-11-27T19:00,0.092,µg/m³,VOC_4HR,GC-MS
62601,EXPERIMENTAL FARM _SIMCOE_,Chloroform,2014-11-30T19:00,0.088,µg/m³,VOC_4HR,GC-MS
62601,EXPERIMENTAL FARM _SIMCOE_,Chloroform,2014-12-03T19:00,0.080,µg/m³,VOC_4HR,GC-MS
62601,EXPERIMENTAL FARM _SIMCOE_,Chloroform,2014-12-06T19:00,0.086,µg/m³,VOC_4HR,GC-MS
62601,EXPERIMENTAL FARM _SIMCOE_,Chloroform,2014-12-09T19:00,0.086,µg/m³,VOC_4HR,GC-MS
62601,EXPERIMENTAL FARM _SIMCOE_,Chloroform,2014-12-15T19:00,0.082,µg/m³,VOC_4HR,GC-MS
62601,EXPERIMENTAL FARM _SIMCOE_,Chloroform,2014-12-18T19:00,0.074,µg/m³,VOC_4HR,GC-MS
62601,EXPERIMENTAL FARM _SIMCOE_,Chloroform,2014-12-21T19:00,0.088,µg/m³,VOC_4HR,GC-MS
62601,EXPERIMENTAL FARM _SIMCOE_,Chloroform,2014-12-24T19:00,0.076,µg/m³,VOC_4HR,GC-MS
62601,EXPERIMENTAL FARM _SIMCOE_,Chloroform,2014-12-27T19:00,0.078,µg/m³,VOC_4HR,GC-MS
62601,EXPERIMENTAL FARM _SIMCOE_,Chloroform,2014-12-30T19:00,0.090,µg/m³,VOC_4HR,GC-MS
