﻿NAPS_Site_ID,Station_Name,Pollutant,Date,Value,Units,Report_Type,Method
100119,BURNABY SOUTH,Acetylene,2007-01-06T00:00,0.750,µg/m³,VOC,GC-FID
100119,BURNABY SOUTH,Acetylene,2007-01-12T00:00,1.862,µg/m³,VOC,GC-FID
100119,BURNABY SOUTH,Acetylene,2007-01-18T00:00,1.544,µg/m³,VOC,GC-FID
100119,BURNABY SOUTH,Acetylene,2007-01-24T00:00,2.295,µg/m³,VOC,GC-FID
100119,BURNABY SOUTH,Acetylene,2007-01-30T00:00,4.019,µg/m³,VOC,GC-FID
100119,BURNABY SOUTH,Acetylene,2007-02-05T00:00,3.634,µg/m³,VOC,GC-FID
100119,BURNABY SOUTH,Acetylene,2007-02-11T00:00,0.956,µg/m³,VOC,GC-FID
100119,BURNABY SOUTH,Acetylene,2007-02-17T00:00,0.834,µg/m³,VOC,GC-FID
100119,BURNABY SOUTH,Acetylene,2007-02-23T00:00,1.062,µg/m³,VOC,GC-FID
100119,BURNABY SOUTH,Acetylene,2007-03-01T00:00,1.257,µg/m³,VOC,GC-FID
100119,BURNABY SOUTH,Acetylene,2007-03-07T00:00,0.803,µg/m³,VOC,GC-FID
100119,BURNABY SOUTH,Acetylene,2007-03-13T00:00,1.163,µg/m³,VOC,GC-FID
100119,BURNABY SOUTH,Acetylene,2007-03-19T00:00,0.763,µg/m³,VOC,GC-FID
100119,BURNABY SOUTH,Acetylene,2007-03-25T00:00,0.795,µg/m³,VOC,GC-FID
100119,BURNABY SOUTH,Acetylene,2007-03-31T00:00,0.846,µg/m³,VOC,GC-FID
100119,BURNABY SOUTH,Acetylene,2007-04-06T00:00,1.555,µg/m³,VOC,GC-FID
100119,BURNABY SOUTH,Acetylene,2007-04-12T00:00,1.039,µg/m³,VOC,GC-FID
100119,BURNABY SOUTH,Acetylene,2007-04-18T00:00,1.189,µg/m³,VOC,GC-FID
100119,BURNABY SOUTH,Acetylene,2007-04-24T00:00,0.769,µg/m³,VOC,GC-FID
100119,BURNABY SOUTH,Acetylene,2007-04-30T00:00,0.783,µg/m³,VOC,GC-FID
100119,BURNABY SOUTH,Acetylene,2007-05-06T00:00,0.636,µg/m³,VOC,GC-FID
100119,BURNABY SOUTH,Acetylene,2007-05-12T00:00,0.871,µg/m³,VOC,GC-FID
100119,BURNABY SOUTH,Acetylene,2007-05-18T00:00,0.637,µg/m³,VOC,GC-FID
100119,BURNABY SOUTH,Acetylene,2007-05-24T00:00,0.866,µg/m³,VOC,GC-FID
100119,BURNABY SOUTH,Acetylene,2007-06-11T00:00,0.354,µg/m³,VOC,GC-FID
100119,BURNABY SOUTH,Acetylene,2007-06-17T00:00,0.362,µg/m³,VOC,GC-FID
100119,BURNABY SOUTH,Acetylene,2007-06-23T00:00,0.334,µg/m³,VOC,GC-FID
100119,BURNABY SOUTH,Acetylene,2007-06-29T00:00,0.357,µg/m³,VOC,GC-FID
100119,BURNABY SOUTH,Acetylene,2007-07-11T00:00,0.869,µg/m³,VOC,GC-FID
100119,BURNABY SOUTH,Acetylene,2007-07-17T00:00,1.008,µg/m³,VOC,GC-FID
100119,BURNABY SOUTH,Acetylene,2007-07-23T00:00,0.343,µg/m³,VOC,GC-FID
100119,BURNABY SOUTH,Acetylene,2007-07-29T00:00,0.360,µg/m³,VOC,GC-FID
100119,BURNABY SOUTH,Acetylene,2007-08-04T00:00,0.381,µg/m³,VOC,GC-FID
100119,BURNABY SOUTH,Acetylene,2007-08-04T00:00,0.434,µg/m³,VOC,GC-FID
100119,BURNABY SOUTH,Acetylene,2007-08-10T00:00,0.455,µg/m³,VOC,GC-FID
100119,BURNABY SOUTH,Acetylene,2007-08-16T00:00,0.344,µg/m³,VOC,GC-FID
100119,BURNABY SOUTH,Acetylene,2007-08-22T00:00,0.764,µg/m³,VOC,GC-FID
100119,BURNABY SOUTH,Acetylene,2007-08-28T00:00,0.780,µg/m³,VOC,GC-FID
100119,BURNABY SOUTH,Acetylene,2007-09-03T00:00,0.666,µg/m³,VOC,GC-FID
100119,BURNABY SOUTH,Acetylene,2007-09-09T00:00,0.597,µg/m³,VOC,GC-FID
100119,BURNABY SOUTH,Acetylene,2007-09-15T00:00,0.350,µg/m³,VOC,GC-FID
100119,BURNABY SOUTH,Acetylene,2007-09-21T00:00,0.896,µg/m³,VOC,GC-FID
100119,BURNABY SOUTH,Acetylene,2007-09-27T00:00,1.036,µg/m³,VOC,GC-FID
100119,BURNABY SOUTH,Acetylene,2007-10-03T00:00,1.048,µg/m³,VOC,GC-FID
100119,BURNABY SOUTH,Acetylene,2007-10-03T00:00,1.117,µg/m³,VOC,GC-FID
100119,BURNABY SOUTH,Acetylene,2007-10-09T00:00,1.445,µg/m³,VOC,GC-FID
100119,BURNABY SOUTH,Acetylene,2007-10-15T00:00,1.569,µg/m³,VOC,GC-FID
100119,BURNABY SOUTH,Acetylene,2007-10-21T00:00,0.543,µg/m³,VOC,GC-FID
100119,BURNABY SOUTH,Acetylene,2007-10-27T00:00,1.068,µg/m³,VOC,GC-FID
100119,BURNABY SOUTH,Acetylene,2007-11-02T00:00,1.851,µg/m³,VOC,GC-FID
100119,BURNABY SOUTH,Acetylene,2007-11-08T00:00,1.316,µg/m³,VOC,GC-FID
100119,BURNABY SOUTH,Acetylene,2007-11-14T00:00,1.166,µg/m³,VOC,GC-FID
100119,BURNABY SOUTH,Acetylene,2007-11-20T00:00,2.166,µg/m³,VOC,GC-FID
100119,BURNABY SOUTH,Acetylene,2007-11-26T00:00,1.819,µg/m³,VOC,GC-FID
100119,BURNABY SOUTH,Acetylene,2007-12-02T00:00,0.923,µg/m³,VOC,GC-FID
100119,BURNABY SOUTH,Acetylene,2007-12-08T00:00,2.122,µg/m³,VOC,GC-FID
100119,BURNABY SOUTH,Acetylene,2007-12-14T00:00,1.341,µg/m³,VOC,GC-FID
100119,BURNABY SOUTH,Acetylene,2007-12-14T00:00,1.392,µg/m³,VOC,GC-FID
100119,BURNABY SOUTH,Acetylene,2007-12-20T00:00,0.948,µg/m³,VOC,GC-FID
100119,BURNABY SOUTH,Acetylene,2007-12-26T00:00,1.408,µg/m³,VOC,GC-FID
