﻿NAPS_Site_ID,Station_Name,Pollutant,Date,Value,Units,Report_Type,Method
101401,HOPE AIRPORT,Benzylchloride,1999-01-06T00:00,0.000,µg/m³,VOC,
101401,HOPE AIRPORT,Benzylchloride,1999-01-30T00:00,0.000,µg/m³,VOC,
101401,HOPE AIRPORT,Benzylchloride,1999-02-23T00:00,0.000,µg/m³,VOC,
101401,HOPE AIRPORT,Benzylchloride,1999-03-19T00:00,0.000,µg/m³,VOC,
101401,HOPE AIRPORT,Benzylchloride,1999-04-18T00:00,0.000,µg/m³,VOC,
101401,HOPE AIRPORT,Benzylchloride,1999-05-12T00:00,0.000,µg/m³,VOC,
101401,HOPE AIRPORT,Benzylchloride,1999-06-11T00:00,0.000,µg/m³,VOC,
101401,HOPE AIRPORT,Benzylchloride,1999-06-29T00:00,0.000,µg/m³,VOC,
101401,HOPE AIRPORT,Benzylchloride,1999-08-16T00:00,0.040,µg/m³,VOC,
101401,HOPE AIRPORT,Benzylchloride,1999-09-21T00:00,0.060,µg/m³,VOC,
101401,HOPE AIRPORT,Benzylchloride,1999-10-27T00:00,0.000,µg/m³,VOC,
101401,HOPE AIRPORT,Benzylchloride,1999-12-08T00:00,0.000,µg/m³,VOC,
