﻿NAPS_Site_ID,Station_Name,Pollutant,Date,Value,Units,Report_Type,Method
60427,GAGE INSTITUTE,Benzene,2010-01-02T00:00,0.440,µg/m³,VOC,GC-MS
60427,GAGE INSTITUTE,Benzene,2010-01-08T00:00,0.483,µg/m³,VOC,GC-MS
60427,GAGE INSTITUTE,Benzene,2010-01-14T00:00,1.064,µg/m³,VOC,GC-MS
60427,GAGE INSTITUTE,Benzene,2010-01-20T00:00,0.570,µg/m³,VOC,GC-MS
60427,GAGE INSTITUTE,Benzene,2010-01-26T00:00,0.831,µg/m³,VOC,GC-MS
60427,GAGE INSTITUTE,Benzene,2010-02-01T00:00,0.764,µg/m³,VOC,GC-MS
60427,GAGE INSTITUTE,Benzene,2010-02-19T00:00,0.560,µg/m³,VOC,GC-MS
60427,GAGE INSTITUTE,Benzene,2010-02-25T00:00,0.655,µg/m³,VOC,GC-MS
60427,GAGE INSTITUTE,Benzene,2010-03-03T00:00,0.538,µg/m³,VOC,GC-MS
60427,GAGE INSTITUTE,Benzene,2010-03-09T00:00,1.256,µg/m³,VOC,GC-MS
60427,GAGE INSTITUTE,Benzene,2010-03-15T00:00,0.486,µg/m³,VOC,GC-MS
60427,GAGE INSTITUTE,Benzene,2010-03-21T00:00,0.511,µg/m³,VOC,GC-MS
60427,GAGE INSTITUTE,Benzene,2010-03-27T00:00,0.623,µg/m³,VOC,GC-MS
60427,GAGE INSTITUTE,Benzene,2010-04-02T00:00,1.394,µg/m³,VOC,GC-MS
60427,GAGE INSTITUTE,Benzene,2010-04-08T00:00,0.740,µg/m³,VOC,GC-MS
60427,GAGE INSTITUTE,Benzene,2010-04-14T00:00,1.392,µg/m³,VOC,GC-MS
60427,GAGE INSTITUTE,Benzene,2010-04-20T00:00,0.818,µg/m³,VOC,GC-MS
60427,GAGE INSTITUTE,Benzene,2010-04-26T00:00,0.416,µg/m³,VOC,GC-MS
60427,GAGE INSTITUTE,Benzene,2010-05-02T00:00,0.918,µg/m³,VOC,GC-MS
60427,GAGE INSTITUTE,Benzene,2010-05-08T00:00,0.582,µg/m³,VOC,GC-MS
60427,GAGE INSTITUTE,Benzene,2010-05-14T00:00,0.561,µg/m³,VOC,GC-MS
60427,GAGE INSTITUTE,Benzene,2010-05-20T00:00,1.145,µg/m³,VOC,GC-MS
60427,GAGE INSTITUTE,Benzene,2010-06-07T00:00,0.259,µg/m³,VOC,GC-MS
60427,GAGE INSTITUTE,Benzene,2010-06-13T00:00,0.668,µg/m³,VOC,GC-MS
60427,GAGE INSTITUTE,Benzene,2010-06-19T00:00,1.086,µg/m³,VOC,GC-MS
60427,GAGE INSTITUTE,Benzene,2010-06-25T00:00,0.803,µg/m³,VOC,GC-MS
60427,GAGE INSTITUTE,Benzene,2010-07-01T00:00,0.762,µg/m³,VOC,GC-MS
60427,GAGE INSTITUTE,Benzene,2010-07-07T00:00,1.281,µg/m³,VOC,GC-MS
60427,GAGE INSTITUTE,Benzene,2010-07-13T00:00,1.168,µg/m³,VOC,GC-MS
60427,GAGE INSTITUTE,Benzene,2010-07-19T00:00,0.810,µg/m³,VOC,GC-MS
60427,GAGE INSTITUTE,Benzene,2010-07-25T00:00,0.817,µg/m³,VOC,GC-MS
60427,GAGE INSTITUTE,Benzene,2010-07-31T00:00,0.592,µg/m³,VOC,GC-MS
60427,GAGE INSTITUTE,Benzene,2010-08-06T00:00,1.054,µg/m³,VOC,GC-MS
60427,GAGE INSTITUTE,Benzene,2010-08-12T00:00,0.944,µg/m³,VOC,GC-MS
60427,GAGE INSTITUTE,Benzene,2010-08-18T00:00,1.153,µg/m³,VOC,GC-MS
60427,GAGE INSTITUTE,Benzene,2010-08-24T00:00,0.572,µg/m³,VOC,GC-MS
60427,GAGE INSTITUTE,Benzene,2010-08-30T00:00,1.571,µg/m³,VOC,GC-MS
60427,GAGE INSTITUTE,Benzene,2010-09-05T00:00,0.414,µg/m³,VOC,GC-MS
60427,GAGE INSTITUTE,Benzene,2010-09-11T00:00,0.475,µg/m³,VOC,GC-MS
60427,GAGE INSTITUTE,Benzene,2010-09-17T00:00,0.459,µg/m³,VOC,GC-MS
60427,GAGE INSTITUTE,Benzene,2010-09-23T00:00,0.544,µg/m³,VOC,GC-MS
60427,GAGE INSTITUTE,Benzene,2010-09-29T00:00,1.028,µg/m³,VOC,GC-MS
60427,GAGE INSTITUTE,Benzene,2010-10-05T00:00,1.026,µg/m³,VOC,GC-MS
60427,GAGE INSTITUTE,Benzene,2010-10-11T00:00,0.542,µg/m³,VOC,GC-MS
60427,GAGE INSTITUTE,Benzene,2010-10-17T00:00,0.491,µg/m³,VOC,GC-MS
60427,GAGE INSTITUTE,Benzene,2010-10-23T00:00,0.990,µg/m³,VOC,GC-MS
60427,GAGE INSTITUTE,Benzene,2010-10-29T00:00,0.404,µg/m³,VOC,GC-MS
60427,GAGE INSTITUTE,Benzene,2010-11-04T00:00,0.782,µg/m³,VOC,GC-MS
60427,GAGE INSTITUTE,Benzene,2010-11-10T00:00,0.934,µg/m³,VOC,GC-MS
60427,GAGE INSTITUTE,Benzene,2010-11-16T00:00,0.786,µg/m³,VOC,GC-MS
60427,GAGE INSTITUTE,Benzene,2010-11-22T00:00,0.918,µg/m³,VOC,GC-MS
60427,GAGE INSTITUTE,Benzene,2010-11-28T00:00,0.693,µg/m³,VOC,GC-MS
60427,GAGE INSTITUTE,Benzene,2010-12-04T00:00,0.356,µg/m³,VOC,GC-MS
60427,GAGE INSTITUTE,Benzene,2010-12-10T00:00,0.841,µg/m³,VOC,GC-MS
60427,GAGE INSTITUTE,Benzene,2010-12-16T00:00,0.781,µg/m³,VOC,GC-MS
60427,GAGE INSTITUTE,Benzene,2010-12-22T00:00,0.453,µg/m³,VOC,GC-MS
60427,GAGE INSTITUTE,Benzene,2010-12-28T00:00,0.642,µg/m³,VOC,GC-MS
