﻿NAPS_Site_ID,Station_Name,Pollutant,Date,Value,Units,Report_Type,Method
100127,SURREY EAST,3-Methyl-1-Pentene,2004-01-22T00:00,0.025,µg/m³,VOC,GC-MS
100127,SURREY EAST,3-Methyl-1-Pentene,2004-02-09T00:00,0.016,µg/m³,VOC,GC-MS
100127,SURREY EAST,3-Methyl-1-Pentene,2004-02-27T00:00,0.017,µg/m³,VOC,GC-MS
100127,SURREY EAST,3-Methyl-1-Pentene,2004-03-16T00:00,0.006,µg/m³,VOC,GC-MS
100127,SURREY EAST,3-Methyl-1-Pentene,2004-04-03T00:00,0.012,µg/m³,VOC,GC-MS
100127,SURREY EAST,3-Methyl-1-Pentene,2004-04-21T00:00,0.007,µg/m³,VOC,GC-MS
100127,SURREY EAST,3-Methyl-1-Pentene,2004-05-09T00:00,0.004,µg/m³,VOC,GC-MS
100127,SURREY EAST,3-Methyl-1-Pentene,2004-05-27T00:00,0.007,µg/m³,VOC,GC-MS
100127,SURREY EAST,3-Methyl-1-Pentene,2004-06-14T00:00,0.004,µg/m³,VOC,GC-MS
100127,SURREY EAST,3-Methyl-1-Pentene,2004-07-02T00:00,0.004,µg/m³,VOC,GC-MS
100127,SURREY EAST,3-Methyl-1-Pentene,2004-07-20T00:00,0.003,µg/m³,VOC,GC-MS
100127,SURREY EAST,3-Methyl-1-Pentene,2004-08-07T00:00,0.003,µg/m³,VOC,GC-MS
100127,SURREY EAST,3-Methyl-1-Pentene,2004-08-31T00:00,0.007,µg/m³,VOC,GC-MS
100127,SURREY EAST,3-Methyl-1-Pentene,2004-09-30T00:00,0.021,µg/m³,VOC,GC-MS
100127,SURREY EAST,3-Methyl-1-Pentene,2004-10-18T00:00,0.005,µg/m³,VOC,GC-MS
100127,SURREY EAST,3-Methyl-1-Pentene,2004-11-05T00:00,0.023,µg/m³,VOC,GC-MS
100127,SURREY EAST,3-Methyl-1-Pentene,2004-11-23T00:00,0.016,µg/m³,VOC,GC-MS
100127,SURREY EAST,3-Methyl-1-Pentene,2004-12-11T00:00,0.007,µg/m³,VOC,GC-MS
100127,SURREY EAST,3-Methyl-1-Pentene,2004-12-23T00:00,0.028,µg/m³,VOC,GC-MS
