﻿NAPS_Site_ID,Station_Name,Pollutant,Date,Value,Units,Report_Type,Method
50902,SAGUENAY-PARC POWELL,OCDF,2010-01-31T19:00,0.013,pg/m³,PCDD,
50902,SAGUENAY-PARC POWELL,OCDF,2010-02-24T19:00,0.028,pg/m³,PCDD,
50902,SAGUENAY-PARC POWELL,OCDF,2010-03-20T20:00,0.015,pg/m³,PCDD,
50902,SAGUENAY-PARC POWELL,OCDF,2010-04-13T20:00,0.010,pg/m³,PCDD,
50902,SAGUENAY-PARC POWELL,OCDF,2010-05-07T20:00,0.006,pg/m³,PCDD,
50902,SAGUENAY-PARC POWELL,OCDF,2010-05-31T20:00,0.016,pg/m³,PCDD,
50902,SAGUENAY-PARC POWELL,OCDF,2010-07-18T20:00,0.002,pg/m³,PCDD,
50902,SAGUENAY-PARC POWELL,OCDF,2010-08-11T20:00,0.018,pg/m³,PCDD,
50902,SAGUENAY-PARC POWELL,OCDF,2010-09-04T20:00,0.012,pg/m³,PCDD,
50902,SAGUENAY-PARC POWELL,OCDF,2010-09-28T20:00,0.012,pg/m³,PCDD,
50902,SAGUENAY-PARC POWELL,OCDF,2010-11-15T19:00,0.037,pg/m³,PCDD,
50902,SAGUENAY-PARC POWELL,OCDF,2010-12-09T19:00,0.070,pg/m³,PCDD,
