﻿NAPS_Site_ID,Station_Name,Pollutant,Date,Value,Units,Report_Type,Method
50103,MONTRÉAL-SAINT-JEAN-BAPTISTE,cis-3-Heptene,2002-01-20T00:00,0.080,µg/m³,VOC,
50103,MONTRÉAL-SAINT-JEAN-BAPTISTE,cis-3-Heptene,2002-01-26T00:00,0.050,µg/m³,VOC,
50103,MONTRÉAL-SAINT-JEAN-BAPTISTE,cis-3-Heptene,2002-02-01T00:00,0.090,µg/m³,VOC,
50103,MONTRÉAL-SAINT-JEAN-BAPTISTE,cis-3-Heptene,2002-02-07T00:00,0.070,µg/m³,VOC,
50103,MONTRÉAL-SAINT-JEAN-BAPTISTE,cis-3-Heptene,2002-02-13T00:00,0.160,µg/m³,VOC,
50103,MONTRÉAL-SAINT-JEAN-BAPTISTE,cis-3-Heptene,2002-02-19T00:00,0.240,µg/m³,VOC,
50103,MONTRÉAL-SAINT-JEAN-BAPTISTE,cis-3-Heptene,2002-02-25T00:00,0.100,µg/m³,VOC,
50103,MONTRÉAL-SAINT-JEAN-BAPTISTE,cis-3-Heptene,2002-03-03T00:00,0.070,µg/m³,VOC,
50103,MONTRÉAL-SAINT-JEAN-BAPTISTE,cis-3-Heptene,2002-03-09T00:00,0.060,µg/m³,VOC,
50103,MONTRÉAL-SAINT-JEAN-BAPTISTE,cis-3-Heptene,2002-03-15T00:00,0.030,µg/m³,VOC,
50103,MONTRÉAL-SAINT-JEAN-BAPTISTE,cis-3-Heptene,2002-03-21T00:00,0.160,µg/m³,VOC,
50103,MONTRÉAL-SAINT-JEAN-BAPTISTE,cis-3-Heptene,2002-04-02T00:00,0.130,µg/m³,VOC,
50103,MONTRÉAL-SAINT-JEAN-BAPTISTE,cis-3-Heptene,2002-04-08T00:00,0.124,µg/m³,VOC,
50103,MONTRÉAL-SAINT-JEAN-BAPTISTE,cis-3-Heptene,2002-04-14T00:00,0.080,µg/m³,VOC,
50103,MONTRÉAL-SAINT-JEAN-BAPTISTE,cis-3-Heptene,2002-04-20T00:00,0.060,µg/m³,VOC,
50103,MONTRÉAL-SAINT-JEAN-BAPTISTE,cis-3-Heptene,2002-04-26T00:00,0.434,µg/m³,VOC,
50103,MONTRÉAL-SAINT-JEAN-BAPTISTE,cis-3-Heptene,2002-05-02T00:00,0.160,µg/m³,VOC,
50103,MONTRÉAL-SAINT-JEAN-BAPTISTE,cis-3-Heptene,2002-06-19T00:00,0.294,µg/m³,VOC,
50103,MONTRÉAL-SAINT-JEAN-BAPTISTE,cis-3-Heptene,2002-07-01T00:00,0.145,µg/m³,VOC,
50103,MONTRÉAL-SAINT-JEAN-BAPTISTE,cis-3-Heptene,2002-07-07T00:00,0.247,µg/m³,VOC,
50103,MONTRÉAL-SAINT-JEAN-BAPTISTE,cis-3-Heptene,2002-07-13T00:00,0.202,µg/m³,VOC,
50103,MONTRÉAL-SAINT-JEAN-BAPTISTE,cis-3-Heptene,2002-07-25T00:00,0.071,µg/m³,VOC,
50103,MONTRÉAL-SAINT-JEAN-BAPTISTE,cis-3-Heptene,2002-07-31T00:00,0.227,µg/m³,VOC,
50103,MONTRÉAL-SAINT-JEAN-BAPTISTE,cis-3-Heptene,2002-08-06T00:00,0.061,µg/m³,VOC,
50103,MONTRÉAL-SAINT-JEAN-BAPTISTE,cis-3-Heptene,2002-08-12T00:00,0.089,µg/m³,VOC,
50103,MONTRÉAL-SAINT-JEAN-BAPTISTE,cis-3-Heptene,2002-08-18T00:00,0.110,µg/m³,VOC,
50103,MONTRÉAL-SAINT-JEAN-BAPTISTE,cis-3-Heptene,2002-08-24T00:00,0.037,µg/m³,VOC,
50103,MONTRÉAL-SAINT-JEAN-BAPTISTE,cis-3-Heptene,2002-08-30T00:00,0.108,µg/m³,VOC,
50103,MONTRÉAL-SAINT-JEAN-BAPTISTE,cis-3-Heptene,2002-09-05T00:00,0.382,µg/m³,VOC,
50103,MONTRÉAL-SAINT-JEAN-BAPTISTE,cis-3-Heptene,2002-09-11T00:00,0.055,µg/m³,VOC,
50103,MONTRÉAL-SAINT-JEAN-BAPTISTE,cis-3-Heptene,2002-09-17T00:00,0.105,µg/m³,VOC,
50103,MONTRÉAL-SAINT-JEAN-BAPTISTE,cis-3-Heptene,2002-09-23T00:00,0.267,µg/m³,VOC,
50103,MONTRÉAL-SAINT-JEAN-BAPTISTE,cis-3-Heptene,2002-09-29T00:00,0.050,µg/m³,VOC,
50103,MONTRÉAL-SAINT-JEAN-BAPTISTE,cis-3-Heptene,2002-10-05T00:00,0.242,µg/m³,VOC,
50103,MONTRÉAL-SAINT-JEAN-BAPTISTE,cis-3-Heptene,2002-10-11T00:00,0.026,µg/m³,VOC,
50103,MONTRÉAL-SAINT-JEAN-BAPTISTE,cis-3-Heptene,2002-10-17T00:00,0.348,µg/m³,VOC,
50103,MONTRÉAL-SAINT-JEAN-BAPTISTE,cis-3-Heptene,2002-10-23T00:00,0.164,µg/m³,VOC,
50103,MONTRÉAL-SAINT-JEAN-BAPTISTE,cis-3-Heptene,2002-10-29T00:00,0.044,µg/m³,VOC,
50103,MONTRÉAL-SAINT-JEAN-BAPTISTE,cis-3-Heptene,2002-11-04T00:00,0.058,µg/m³,VOC,
50103,MONTRÉAL-SAINT-JEAN-BAPTISTE,cis-3-Heptene,2002-11-10T00:00,0.031,µg/m³,VOC,
50103,MONTRÉAL-SAINT-JEAN-BAPTISTE,cis-3-Heptene,2002-11-16T00:00,0.012,µg/m³,VOC,
50103,MONTRÉAL-SAINT-JEAN-BAPTISTE,cis-3-Heptene,2002-11-22T00:00,0.059,µg/m³,VOC,
50103,MONTRÉAL-SAINT-JEAN-BAPTISTE,cis-3-Heptene,2002-11-28T00:00,0.160,µg/m³,VOC,
50103,MONTRÉAL-SAINT-JEAN-BAPTISTE,cis-3-Heptene,2002-12-04T00:00,0.129,µg/m³,VOC,
50103,MONTRÉAL-SAINT-JEAN-BAPTISTE,cis-3-Heptene,2002-12-10T00:00,0.084,µg/m³,VOC,
50103,MONTRÉAL-SAINT-JEAN-BAPTISTE,cis-3-Heptene,2002-12-16T00:00,0.000,µg/m³,VOC,
50103,MONTRÉAL-SAINT-JEAN-BAPTISTE,cis-3-Heptene,2002-12-22T00:00,0.103,µg/m³,VOC,
50103,MONTRÉAL-SAINT-JEAN-BAPTISTE,cis-3-Heptene,2002-12-28T00:00,0.000,µg/m³,VOC,
