﻿NAPS_Site_ID,Station_Name,Pollutant,Date,Value,Units,Report_Type,Method
100127,SURREY EAST,1-Decene,1997-02-03T00:00,0.000,µg/m³,VOC,GC-MS
100127,SURREY EAST,1-Decene,1997-03-17T00:00,0.000,µg/m³,VOC,GC-MS
100127,SURREY EAST,1-Decene,1997-04-28T00:00,0.000,µg/m³,VOC,GC-MS
100127,SURREY EAST,1-Decene,1997-06-03T00:00,0.000,µg/m³,VOC,GC-MS
100127,SURREY EAST,1-Decene,1997-07-09T00:00,0.129,µg/m³,VOC,GC-MS
100127,SURREY EAST,1-Decene,1997-08-14T00:00,0.000,µg/m³,VOC,GC-MS
100127,SURREY EAST,1-Decene,1997-09-19T00:00,0.000,µg/m³,VOC,GC-MS
100127,SURREY EAST,1-Decene,1997-10-31T00:00,0.000,µg/m³,VOC,GC-MS
