﻿NAPS_Site_ID,Station_Name,Pollutant,Date,Value,Units,Report_Type,Method
100119,BURNABY SOUTH,Octane,2003-01-03T00:00,0.092,µg/m³,VOC,N/A
100119,BURNABY SOUTH,Octane,2003-01-06T00:00,0.376,µg/m³,VOC,N/A
100119,BURNABY SOUTH,Octane,2003-01-09T00:00,0.263,µg/m³,VOC,N/A
100119,BURNABY SOUTH,Octane,2003-01-12T00:00,0.066,µg/m³,VOC,N/A
100119,BURNABY SOUTH,Octane,2003-01-15T00:00,0.452,µg/m³,VOC,N/A
100119,BURNABY SOUTH,Octane,2003-01-18T00:00,0.338,µg/m³,VOC,N/A
100119,BURNABY SOUTH,Octane,2003-01-21T00:00,0.337,µg/m³,VOC,N/A
100119,BURNABY SOUTH,Octane,2003-01-24T00:00,0.219,µg/m³,VOC,N/A
100119,BURNABY SOUTH,Octane,2003-01-27T00:00,0.091,µg/m³,VOC,N/A
100119,BURNABY SOUTH,Octane,2003-01-30T00:00,0.153,µg/m³,VOC,N/A
100119,BURNABY SOUTH,Octane,2003-02-02T00:00,0.111,µg/m³,VOC,N/A
100119,BURNABY SOUTH,Octane,2003-02-05T00:00,0.226,µg/m³,VOC,N/A
100119,BURNABY SOUTH,Octane,2003-02-08T00:00,0.142,µg/m³,VOC,N/A
100119,BURNABY SOUTH,Octane,2003-02-11T00:00,0.265,µg/m³,VOC,N/A
100119,BURNABY SOUTH,Octane,2003-02-14T00:00,0.167,µg/m³,VOC,N/A
100119,BURNABY SOUTH,Octane,2003-02-17T00:00,0.081,µg/m³,VOC,N/A
100119,BURNABY SOUTH,Octane,2003-02-20T00:00,0.216,µg/m³,VOC,N/A
100119,BURNABY SOUTH,Octane,2003-02-23T00:00,0.054,µg/m³,VOC,N/A
100119,BURNABY SOUTH,Octane,2003-02-26T00:00,0.399,µg/m³,VOC,N/A
100119,BURNABY SOUTH,Octane,2003-03-01T00:00,0.157,µg/m³,VOC,N/A
100119,BURNABY SOUTH,Octane,2003-03-04T00:00,0.131,µg/m³,VOC,N/A
100119,BURNABY SOUTH,Octane,2003-03-07T00:00,0.072,µg/m³,VOC,N/A
100119,BURNABY SOUTH,Octane,2003-03-10T00:00,0.064,µg/m³,VOC,N/A
100119,BURNABY SOUTH,Octane,2003-03-13T00:00,0.085,µg/m³,VOC,N/A
100119,BURNABY SOUTH,Octane,2003-03-16T00:00,0.032,µg/m³,VOC,N/A
100119,BURNABY SOUTH,Octane,2003-03-19T00:00,0.135,µg/m³,VOC,N/A
100119,BURNABY SOUTH,Octane,2003-03-22T00:00,0.035,µg/m³,VOC,N/A
100119,BURNABY SOUTH,Octane,2003-03-25T00:00,0.107,µg/m³,VOC,N/A
100119,BURNABY SOUTH,Octane,2003-03-28T00:00,0.161,µg/m³,VOC,N/A
100119,BURNABY SOUTH,Octane,2003-03-31T00:00,0.047,µg/m³,VOC,N/A
100119,BURNABY SOUTH,Octane,2003-04-03T00:00,0.054,µg/m³,VOC,N/A
100119,BURNABY SOUTH,Octane,2003-04-06T00:00,0.050,µg/m³,VOC,N/A
100119,BURNABY SOUTH,Octane,2003-04-09T00:00,0.193,µg/m³,VOC,N/A
100119,BURNABY SOUTH,Octane,2003-04-12T00:00,0.134,µg/m³,VOC,N/A
100119,BURNABY SOUTH,Octane,2003-04-15T00:00,0.180,µg/m³,VOC,N/A
100119,BURNABY SOUTH,Octane,2003-04-18T00:00,0.104,µg/m³,VOC,N/A
100119,BURNABY SOUTH,Octane,2003-04-21T00:00,0.123,µg/m³,VOC,N/A
100119,BURNABY SOUTH,Octane,2003-04-27T00:00,0.099,µg/m³,VOC,N/A
100119,BURNABY SOUTH,Octane,2003-04-30T00:00,0.125,µg/m³,VOC,N/A
100119,BURNABY SOUTH,Octane,2003-05-03T00:00,0.098,µg/m³,VOC,N/A
100119,BURNABY SOUTH,Octane,2003-05-06T00:00,0.210,µg/m³,VOC,N/A
100119,BURNABY SOUTH,Octane,2003-05-09T00:00,0.176,µg/m³,VOC,N/A
100119,BURNABY SOUTH,Octane,2003-05-12T00:00,0.109,µg/m³,VOC,N/A
100119,BURNABY SOUTH,Octane,2003-05-15T00:00,0.122,µg/m³,VOC,N/A
100119,BURNABY SOUTH,Octane,2003-05-18T00:00,0.082,µg/m³,VOC,N/A
100119,BURNABY SOUTH,Octane,2003-05-21T00:00,0.302,µg/m³,VOC,N/A
100119,BURNABY SOUTH,Octane,2003-05-24T00:00,0.196,µg/m³,VOC,N/A
100119,BURNABY SOUTH,Octane,2003-05-27T00:00,0.257,µg/m³,VOC,N/A
100119,BURNABY SOUTH,Octane,2003-05-30T00:00,0.302,µg/m³,VOC,N/A
100119,BURNABY SOUTH,Octane,2003-06-05T00:00,0.391,µg/m³,VOC,N/A
100119,BURNABY SOUTH,Octane,2003-06-08T00:00,0.082,µg/m³,VOC,N/A
100119,BURNABY SOUTH,Octane,2003-06-11T00:00,0.127,µg/m³,VOC,N/A
100119,BURNABY SOUTH,Octane,2003-06-14T00:00,0.117,µg/m³,VOC,N/A
100119,BURNABY SOUTH,Octane,2003-06-17T00:00,0.308,µg/m³,VOC,N/A
100119,BURNABY SOUTH,Octane,2003-06-20T00:00,0.101,µg/m³,VOC,N/A
100119,BURNABY SOUTH,Octane,2003-06-23T00:00,0.096,µg/m³,VOC,N/A
100119,BURNABY SOUTH,Octane,2003-06-26T00:00,0.157,µg/m³,VOC,N/A
100119,BURNABY SOUTH,Octane,2003-06-29T00:00,0.200,µg/m³,VOC,N/A
100119,BURNABY SOUTH,Octane,2003-07-02T00:00,0.099,µg/m³,VOC,N/A
100119,BURNABY SOUTH,Octane,2003-07-05T00:00,0.061,µg/m³,VOC,N/A
100119,BURNABY SOUTH,Octane,2003-07-08T00:00,0.054,µg/m³,VOC,N/A
100119,BURNABY SOUTH,Octane,2003-07-11T00:00,0.094,µg/m³,VOC,N/A
100119,BURNABY SOUTH,Octane,2003-07-14T00:00,0.122,µg/m³,VOC,N/A
100119,BURNABY SOUTH,Octane,2003-07-17T00:00,0.180,µg/m³,VOC,N/A
100119,BURNABY SOUTH,Octane,2003-07-20T00:00,0.092,µg/m³,VOC,N/A
100119,BURNABY SOUTH,Octane,2003-07-23T00:00,0.145,µg/m³,VOC,N/A
100119,BURNABY SOUTH,Octane,2003-07-26T00:00,0.070,µg/m³,VOC,N/A
100119,BURNABY SOUTH,Octane,2003-07-29T00:00,0.236,µg/m³,VOC,N/A
100119,BURNABY SOUTH,Octane,2003-08-01T00:00,0.074,µg/m³,VOC,N/A
100119,BURNABY SOUTH,Octane,2003-08-04T00:00,0.076,µg/m³,VOC,N/A
100119,BURNABY SOUTH,Octane,2003-08-07T00:00,0.194,µg/m³,VOC,N/A
100119,BURNABY SOUTH,Octane,2003-08-10T00:00,0.087,µg/m³,VOC,N/A
100119,BURNABY SOUTH,Octane,2003-08-13T00:00,0.121,µg/m³,VOC,N/A
100119,BURNABY SOUTH,Octane,2003-08-16T00:00,0.040,µg/m³,VOC,N/A
100119,BURNABY SOUTH,Octane,2003-08-19T00:00,0.077,µg/m³,VOC,N/A
100119,BURNABY SOUTH,Octane,2003-08-22T00:00,0.092,µg/m³,VOC,N/A
100119,BURNABY SOUTH,Octane,2003-08-25T00:00,0.289,µg/m³,VOC,N/A
100119,BURNABY SOUTH,Octane,2003-08-28T00:00,0.121,µg/m³,VOC,N/A
100119,BURNABY SOUTH,Octane,2003-08-31T00:00,0.066,µg/m³,VOC,N/A
100119,BURNABY SOUTH,Octane,2003-09-03T00:00,0.297,µg/m³,VOC,N/A
100119,BURNABY SOUTH,Octane,2003-09-06T00:00,0.104,µg/m³,VOC,N/A
100119,BURNABY SOUTH,Octane,2003-09-09T00:00,0.101,µg/m³,VOC,N/A
100119,BURNABY SOUTH,Octane,2003-09-12T00:00,0.092,µg/m³,VOC,N/A
100119,BURNABY SOUTH,Octane,2003-09-15T00:00,0.070,µg/m³,VOC,N/A
100119,BURNABY SOUTH,Octane,2003-09-18T00:00,0.112,µg/m³,VOC,N/A
100119,BURNABY SOUTH,Octane,2003-09-21T00:00,0.102,µg/m³,VOC,N/A
100119,BURNABY SOUTH,Octane,2003-09-24T00:00,0.325,µg/m³,VOC,N/A
100119,BURNABY SOUTH,Octane,2003-09-27T00:00,0.265,µg/m³,VOC,N/A
100119,BURNABY SOUTH,Octane,2003-09-30T00:00,0.259,µg/m³,VOC,N/A
100119,BURNABY SOUTH,Octane,2003-10-03T00:00,0.289,µg/m³,VOC,N/A
100119,BURNABY SOUTH,Octane,2003-10-06T00:00,0.271,µg/m³,VOC,N/A
100119,BURNABY SOUTH,Octane,2003-10-09T00:00,0.092,µg/m³,VOC,N/A
100119,BURNABY SOUTH,Octane,2003-10-12T00:00,0.032,µg/m³,VOC,N/A
100119,BURNABY SOUTH,Octane,2003-10-15T00:00,0.160,µg/m³,VOC,N/A
100119,BURNABY SOUTH,Octane,2003-10-18T00:00,0.056,µg/m³,VOC,N/A
100119,BURNABY SOUTH,Octane,2003-10-21T00:00,0.227,µg/m³,VOC,N/A
100119,BURNABY SOUTH,Octane,2003-10-24T00:00,0.309,µg/m³,VOC,N/A
100119,BURNABY SOUTH,Octane,2003-10-27T00:00,0.388,µg/m³,VOC,N/A
100119,BURNABY SOUTH,Octane,2003-10-30T00:00,0.049,µg/m³,VOC,N/A
100119,BURNABY SOUTH,Octane,2003-11-02T00:00,0.111,µg/m³,VOC,N/A
100119,BURNABY SOUTH,Octane,2003-11-05T00:00,0.268,µg/m³,VOC,N/A
100119,BURNABY SOUTH,Octane,2003-11-08T00:00,0.407,µg/m³,VOC,N/A
100119,BURNABY SOUTH,Octane,2003-11-11T00:00,0.080,µg/m³,VOC,N/A
100119,BURNABY SOUTH,Octane,2003-11-14T00:00,0.331,µg/m³,VOC,N/A
100119,BURNABY SOUTH,Octane,2003-11-17T00:00,0.076,µg/m³,VOC,N/A
100119,BURNABY SOUTH,Octane,2003-11-20T00:00,0.190,µg/m³,VOC,N/A
100119,BURNABY SOUTH,Octane,2003-11-23T00:00,0.051,µg/m³,VOC,N/A
100119,BURNABY SOUTH,Octane,2003-11-26T00:00,0.199,µg/m³,VOC,N/A
100119,BURNABY SOUTH,Octane,2003-11-29T00:00,0.086,µg/m³,VOC,N/A
100119,BURNABY SOUTH,Octane,2003-12-02T00:00,0.086,µg/m³,VOC,N/A
100119,BURNABY SOUTH,Octane,2003-12-05T00:00,0.041,µg/m³,VOC,N/A
100119,BURNABY SOUTH,Octane,2003-12-08T00:00,0.120,µg/m³,VOC,N/A
100119,BURNABY SOUTH,Octane,2003-12-11T00:00,0.252,µg/m³,VOC,N/A
100119,BURNABY SOUTH,Octane,2003-12-14T00:00,0.053,µg/m³,VOC,N/A
100119,BURNABY SOUTH,Octane,2003-12-17T00:00,0.266,µg/m³,VOC,N/A
100119,BURNABY SOUTH,Octane,2003-12-23T00:00,0.144,µg/m³,VOC,N/A
100119,BURNABY SOUTH,Octane,2003-12-26T00:00,0.049,µg/m³,VOC,N/A
100119,BURNABY SOUTH,Octane,2003-12-29T00:00,0.116,µg/m³,VOC,N/A
