﻿NAPS_Site_ID,Station_Name,Pollutant,Date,Value,Units,Report_Type,Method
60904,LONDON,Methylcyclopentane,2022-06-10T00:00,0.110,µg/m³,VOC,GC-MS
60904,LONDON,Methylcyclopentane,2022-06-16T00:00,0.108,µg/m³,VOC,GC-MS
60904,LONDON,Methylcyclopentane,2022-06-22T00:00,0.088,µg/m³,VOC,GC-MS
60904,LONDON,Methylcyclopentane,2022-06-28T00:00,0.056,µg/m³,VOC,GC-MS
60904,LONDON,Methylcyclopentane,2022-07-04T00:00,0.070,µg/m³,VOC,GC-MS
60904,LONDON,Methylcyclopentane,2022-07-16T00:00,0.080,µg/m³,VOC,GC-MS
60904,LONDON,Methylcyclopentane,2022-07-22T00:00,0.104,µg/m³,VOC,GC-MS
60904,LONDON,Methylcyclopentane,2022-07-28T00:00,0.090,µg/m³,VOC,GC-MS
60904,LONDON,Methylcyclopentane,2022-08-03T00:00,0.076,µg/m³,VOC,GC-MS
60904,LONDON,Methylcyclopentane,2022-08-21T00:00,0.062,µg/m³,VOC,GC-MS
60904,LONDON,Methylcyclopentane,2022-08-27T00:00,0.178,µg/m³,VOC,GC-MS
60904,LONDON,Methylcyclopentane,2022-09-02T00:00,0.096,µg/m³,VOC,GC-MS
60904,LONDON,Methylcyclopentane,2022-09-14T00:00,0.120,µg/m³,VOC,GC-MS
60904,LONDON,Methylcyclopentane,2022-09-20T00:00,0.108,µg/m³,VOC,GC-MS
60904,LONDON,Methylcyclopentane,2022-09-26T00:00,0.040,µg/m³,VOC,GC-MS
60904,LONDON,Methylcyclopentane,2022-10-02T00:00,0.054,µg/m³,VOC,GC-MS
60904,LONDON,Methylcyclopentane,2022-10-08T00:00,0.038,µg/m³,VOC,GC-MS
60904,LONDON,Methylcyclopentane,2022-10-14T00:00,0.068,µg/m³,VOC,GC-MS
60904,LONDON,Methylcyclopentane,2022-10-20T00:00,0.054,µg/m³,VOC,GC-MS
60904,LONDON,Methylcyclopentane,2022-11-07T00:00,0.044,µg/m³,VOC,GC-MS
60904,LONDON,Methylcyclopentane,2022-12-25T00:00,0.068,µg/m³,VOC,GC-MS
