﻿NAPS_Site_ID,Station_Name,Pollutant,Date,Value,Units,Report_Type,Method
101701,QUESNEL SENIOR SECONDARY,Potassium,2008-01-01T00:00,0.028,µg/m³,DICHOT,
101701,QUESNEL SENIOR SECONDARY,Potassium,2008-01-01T00:00,0.321,µg/m³,DICHOT,
101701,QUESNEL SENIOR SECONDARY,Potassium,2008-01-04T00:00,0.008,µg/m³,DICHOT,
101701,QUESNEL SENIOR SECONDARY,Potassium,2008-01-04T00:00,0.087,µg/m³,DICHOT,
101701,QUESNEL SENIOR SECONDARY,Potassium,2008-01-07T00:00,0.048,µg/m³,DICHOT,
101701,QUESNEL SENIOR SECONDARY,Potassium,2008-01-07T00:00,0.730,µg/m³,DICHOT,
101701,QUESNEL SENIOR SECONDARY,Potassium,2008-01-10T00:00,0.008,µg/m³,DICHOT,
101701,QUESNEL SENIOR SECONDARY,Potassium,2008-01-10T00:00,0.149,µg/m³,DICHOT,
101701,QUESNEL SENIOR SECONDARY,Potassium,2008-01-13T00:00,0.006,µg/m³,DICHOT,
101701,QUESNEL SENIOR SECONDARY,Potassium,2008-01-13T00:00,0.111,µg/m³,DICHOT,
101701,QUESNEL SENIOR SECONDARY,Potassium,2008-01-22T00:00,0.090,µg/m³,DICHOT,
101701,QUESNEL SENIOR SECONDARY,Potassium,2008-01-22T00:00,0.964,µg/m³,DICHOT,
101701,QUESNEL SENIOR SECONDARY,Potassium,2008-01-25T00:00,0.053,µg/m³,DICHOT,
101701,QUESNEL SENIOR SECONDARY,Potassium,2008-01-25T00:00,0.525,µg/m³,DICHOT,
101701,QUESNEL SENIOR SECONDARY,Potassium,2008-01-28T00:00,0.011,µg/m³,DICHOT,
101701,QUESNEL SENIOR SECONDARY,Potassium,2008-01-28T00:00,0.144,µg/m³,DICHOT,
101701,QUESNEL SENIOR SECONDARY,Potassium,2008-01-31T00:00,0.030,µg/m³,DICHOT,
101701,QUESNEL SENIOR SECONDARY,Potassium,2008-01-31T00:00,0.194,µg/m³,DICHOT,
101701,QUESNEL SENIOR SECONDARY,Potassium,2008-02-03T00:00,0.014,µg/m³,DICHOT,
101701,QUESNEL SENIOR SECONDARY,Potassium,2008-02-03T00:00,0.229,µg/m³,DICHOT,
101701,QUESNEL SENIOR SECONDARY,Potassium,2008-02-06T00:00,0.009,µg/m³,DICHOT,
101701,QUESNEL SENIOR SECONDARY,Potassium,2008-02-06T00:00,0.086,µg/m³,DICHOT,
101701,QUESNEL SENIOR SECONDARY,Potassium,2008-02-09T00:00,0.020,µg/m³,DICHOT,
101701,QUESNEL SENIOR SECONDARY,Potassium,2008-02-09T00:00,0.180,µg/m³,DICHOT,
101701,QUESNEL SENIOR SECONDARY,Potassium,2008-02-12T00:00,0.025,µg/m³,DICHOT,
101701,QUESNEL SENIOR SECONDARY,Potassium,2008-02-12T00:00,0.244,µg/m³,DICHOT,
101701,QUESNEL SENIOR SECONDARY,Potassium,2008-02-15T00:00,0.022,µg/m³,DICHOT,
101701,QUESNEL SENIOR SECONDARY,Potassium,2008-02-15T00:00,0.212,µg/m³,DICHOT,
101701,QUESNEL SENIOR SECONDARY,Potassium,2008-02-18T00:00,0.062,µg/m³,DICHOT,
101701,QUESNEL SENIOR SECONDARY,Potassium,2008-02-18T00:00,0.262,µg/m³,DICHOT,
101701,QUESNEL SENIOR SECONDARY,Potassium,2008-02-21T00:00,0.093,µg/m³,DICHOT,
101701,QUESNEL SENIOR SECONDARY,Potassium,2008-02-21T00:00,0.937,µg/m³,DICHOT,
101701,QUESNEL SENIOR SECONDARY,Potassium,2008-02-24T00:00,0.048,µg/m³,DICHOT,
101701,QUESNEL SENIOR SECONDARY,Potassium,2008-02-24T00:00,0.534,µg/m³,DICHOT,
101701,QUESNEL SENIOR SECONDARY,Potassium,2008-02-27T00:00,0.043,µg/m³,DICHOT,
101701,QUESNEL SENIOR SECONDARY,Potassium,2008-02-27T00:00,0.215,µg/m³,DICHOT,
101701,QUESNEL SENIOR SECONDARY,Potassium,2008-03-01T00:00,0.026,µg/m³,DICHOT,
101701,QUESNEL SENIOR SECONDARY,Potassium,2008-03-01T00:00,0.036,µg/m³,DICHOT,
101701,QUESNEL SENIOR SECONDARY,Potassium,2008-03-04T00:00,0.053,µg/m³,DICHOT,
101701,QUESNEL SENIOR SECONDARY,Potassium,2008-03-04T00:00,0.135,µg/m³,DICHOT,
101701,QUESNEL SENIOR SECONDARY,Potassium,2008-03-07T00:00,0.364,µg/m³,DICHOT,
101701,QUESNEL SENIOR SECONDARY,Potassium,2008-03-07T00:00,0.463,µg/m³,DICHOT,
101701,QUESNEL SENIOR SECONDARY,Potassium,2008-03-10T00:00,0.165,µg/m³,DICHOT,
101701,QUESNEL SENIOR SECONDARY,Potassium,2008-03-10T00:00,0.266,µg/m³,DICHOT,
101701,QUESNEL SENIOR SECONDARY,Potassium,2008-03-13T00:00,0.302,µg/m³,DICHOT,
101701,QUESNEL SENIOR SECONDARY,Potassium,2008-03-13T00:00,0.344,µg/m³,DICHOT,
101701,QUESNEL SENIOR SECONDARY,Potassium,2008-03-16T00:00,0.044,µg/m³,DICHOT,
101701,QUESNEL SENIOR SECONDARY,Potassium,2008-03-16T00:00,0.252,µg/m³,DICHOT,
101701,QUESNEL SENIOR SECONDARY,Potassium,2008-03-19T00:00,0.220,µg/m³,DICHOT,
101701,QUESNEL SENIOR SECONDARY,Potassium,2008-03-19T00:00,0.251,µg/m³,DICHOT,
101701,QUESNEL SENIOR SECONDARY,Potassium,2008-03-22T00:00,0.095,µg/m³,DICHOT,
101701,QUESNEL SENIOR SECONDARY,Potassium,2008-03-22T00:00,0.151,µg/m³,DICHOT,
101701,QUESNEL SENIOR SECONDARY,Potassium,2008-03-25T00:00,0.118,µg/m³,DICHOT,
101701,QUESNEL SENIOR SECONDARY,Potassium,2008-03-25T00:00,0.205,µg/m³,DICHOT,
101701,QUESNEL SENIOR SECONDARY,Potassium,2008-03-28T00:00,0.087,µg/m³,DICHOT,
101701,QUESNEL SENIOR SECONDARY,Potassium,2008-03-28T00:00,0.213,µg/m³,DICHOT,
101701,QUESNEL SENIOR SECONDARY,Potassium,2008-03-31T00:00,0.162,µg/m³,DICHOT,
101701,QUESNEL SENIOR SECONDARY,Potassium,2008-03-31T00:00,0.167,µg/m³,DICHOT,
101701,QUESNEL SENIOR SECONDARY,Potassium,2008-04-03T00:00,0.156,µg/m³,DICHOT,
101701,QUESNEL SENIOR SECONDARY,Potassium,2008-04-03T00:00,0.326,µg/m³,DICHOT,
101701,QUESNEL SENIOR SECONDARY,Potassium,2008-04-06T00:00,0.084,µg/m³,DICHOT,
101701,QUESNEL SENIOR SECONDARY,Potassium,2008-04-06T00:00,0.112,µg/m³,DICHOT,
101701,QUESNEL SENIOR SECONDARY,Potassium,2008-04-09T00:00,0.097,µg/m³,DICHOT,
101701,QUESNEL SENIOR SECONDARY,Potassium,2008-04-09T00:00,0.398,µg/m³,DICHOT,
101701,QUESNEL SENIOR SECONDARY,Potassium,2008-04-12T00:00,0.081,µg/m³,DICHOT,
101701,QUESNEL SENIOR SECONDARY,Potassium,2008-04-12T00:00,0.207,µg/m³,DICHOT,
101701,QUESNEL SENIOR SECONDARY,Potassium,2008-04-15T00:00,0.065,µg/m³,DICHOT,
101701,QUESNEL SENIOR SECONDARY,Potassium,2008-04-15T00:00,0.095,µg/m³,DICHOT,
101701,QUESNEL SENIOR SECONDARY,Potassium,2008-04-24T00:00,0.115,µg/m³,DICHOT,
101701,QUESNEL SENIOR SECONDARY,Potassium,2008-04-24T00:00,0.236,µg/m³,DICHOT,
101701,QUESNEL SENIOR SECONDARY,Potassium,2008-04-27T00:00,0.094,µg/m³,DICHOT,
101701,QUESNEL SENIOR SECONDARY,Potassium,2008-04-27T00:00,0.099,µg/m³,DICHOT,
101701,QUESNEL SENIOR SECONDARY,Potassium,2008-04-30T00:00,0.016,µg/m³,DICHOT,
101701,QUESNEL SENIOR SECONDARY,Potassium,2008-04-30T00:00,0.047,µg/m³,DICHOT,
101701,QUESNEL SENIOR SECONDARY,Potassium,2008-05-06T00:00,0.031,µg/m³,DICHOT,
101701,QUESNEL SENIOR SECONDARY,Potassium,2008-05-06T00:00,0.126,µg/m³,DICHOT,
101701,QUESNEL SENIOR SECONDARY,Potassium,2008-05-09T00:00,0.059,µg/m³,DICHOT,
101701,QUESNEL SENIOR SECONDARY,Potassium,2008-05-09T00:00,0.106,µg/m³,DICHOT,
101701,QUESNEL SENIOR SECONDARY,Potassium,2008-05-12T00:00,0.046,µg/m³,DICHOT,
101701,QUESNEL SENIOR SECONDARY,Potassium,2008-05-12T00:00,0.167,µg/m³,DICHOT,
101701,QUESNEL SENIOR SECONDARY,Potassium,2008-05-18T00:00,0.078,µg/m³,DICHOT,
101701,QUESNEL SENIOR SECONDARY,Potassium,2008-05-18T00:00,0.157,µg/m³,DICHOT,
101701,QUESNEL SENIOR SECONDARY,Potassium,2008-05-21T00:00,0.041,µg/m³,DICHOT,
101701,QUESNEL SENIOR SECONDARY,Potassium,2008-05-21T00:00,0.174,µg/m³,DICHOT,
101701,QUESNEL SENIOR SECONDARY,Potassium,2008-05-24T00:00,0.024,µg/m³,DICHOT,
101701,QUESNEL SENIOR SECONDARY,Potassium,2008-05-24T00:00,0.040,µg/m³,DICHOT,
101701,QUESNEL SENIOR SECONDARY,Potassium,2008-05-27T00:00,0.071,µg/m³,DICHOT,
101701,QUESNEL SENIOR SECONDARY,Potassium,2008-05-27T00:00,0.094,µg/m³,DICHOT,
101701,QUESNEL SENIOR SECONDARY,Potassium,2008-05-30T00:00,0.077,µg/m³,DICHOT,
101701,QUESNEL SENIOR SECONDARY,Potassium,2008-05-30T00:00,0.332,µg/m³,DICHOT,
101701,QUESNEL SENIOR SECONDARY,Potassium,2008-06-02T00:00,0.033,µg/m³,DICHOT,
101701,QUESNEL SENIOR SECONDARY,Potassium,2008-06-02T00:00,0.044,µg/m³,DICHOT,
101701,QUESNEL SENIOR SECONDARY,Potassium,2008-06-05T00:00,0.041,µg/m³,DICHOT,
101701,QUESNEL SENIOR SECONDARY,Potassium,2008-06-05T00:00,0.073,µg/m³,DICHOT,
101701,QUESNEL SENIOR SECONDARY,Potassium,2008-06-11T00:00,0.040,µg/m³,DICHOT,
101701,QUESNEL SENIOR SECONDARY,Potassium,2008-06-11T00:00,0.133,µg/m³,DICHOT,
101701,QUESNEL SENIOR SECONDARY,Potassium,2008-06-14T00:00,0.025,µg/m³,DICHOT,
101701,QUESNEL SENIOR SECONDARY,Potassium,2008-06-14T00:00,0.030,µg/m³,DICHOT,
101701,QUESNEL SENIOR SECONDARY,Potassium,2008-06-17T00:00,0.037,µg/m³,DICHOT,
101701,QUESNEL SENIOR SECONDARY,Potassium,2008-06-17T00:00,0.057,µg/m³,DICHOT,
101701,QUESNEL SENIOR SECONDARY,Potassium,2008-06-20T00:00,0.064,µg/m³,DICHOT,
101701,QUESNEL SENIOR SECONDARY,Potassium,2008-06-20T00:00,0.067,µg/m³,DICHOT,
101701,QUESNEL SENIOR SECONDARY,Potassium,2008-06-23T00:00,0.059,µg/m³,DICHOT,
101701,QUESNEL SENIOR SECONDARY,Potassium,2008-06-23T00:00,0.090,µg/m³,DICHOT,
101701,QUESNEL SENIOR SECONDARY,Potassium,2008-06-26T00:00,0.033,µg/m³,DICHOT,
101701,QUESNEL SENIOR SECONDARY,Potassium,2008-06-26T00:00,0.121,µg/m³,DICHOT,
101701,QUESNEL SENIOR SECONDARY,Potassium,2008-06-29T00:00,0.056,µg/m³,DICHOT,
101701,QUESNEL SENIOR SECONDARY,Potassium,2008-06-29T00:00,0.147,µg/m³,DICHOT,
101701,QUESNEL SENIOR SECONDARY,Potassium,2008-07-02T00:00,0.124,µg/m³,DICHOT,
101701,QUESNEL SENIOR SECONDARY,Potassium,2008-07-02T00:00,0.125,µg/m³,DICHOT,
101701,QUESNEL SENIOR SECONDARY,Potassium,2008-07-05T00:00,0.049,µg/m³,DICHOT,
101701,QUESNEL SENIOR SECONDARY,Potassium,2008-07-05T00:00,0.180,µg/m³,DICHOT,
101701,QUESNEL SENIOR SECONDARY,Potassium,2008-07-08T00:00,0.043,µg/m³,DICHOT,
101701,QUESNEL SENIOR SECONDARY,Potassium,2008-07-08T00:00,0.176,µg/m³,DICHOT,
101701,QUESNEL SENIOR SECONDARY,Potassium,2008-07-11T00:00,0.091,µg/m³,DICHOT,
101701,QUESNEL SENIOR SECONDARY,Potassium,2008-07-11T00:00,0.160,µg/m³,DICHOT,
101701,QUESNEL SENIOR SECONDARY,Potassium,2008-07-14T00:00,0.062,µg/m³,DICHOT,
101701,QUESNEL SENIOR SECONDARY,Potassium,2008-07-14T00:00,0.101,µg/m³,DICHOT,
101701,QUESNEL SENIOR SECONDARY,Potassium,2008-07-17T00:00,0.059,µg/m³,DICHOT,
101701,QUESNEL SENIOR SECONDARY,Potassium,2008-07-17T00:00,0.087,µg/m³,DICHOT,
101701,QUESNEL SENIOR SECONDARY,Potassium,2008-07-20T00:00,0.035,µg/m³,DICHOT,
101701,QUESNEL SENIOR SECONDARY,Potassium,2008-07-20T00:00,0.074,µg/m³,DICHOT,
101701,QUESNEL SENIOR SECONDARY,Potassium,2008-07-23T00:00,0.196,µg/m³,DICHOT,
101701,QUESNEL SENIOR SECONDARY,Potassium,2008-07-23T00:00,0.584,µg/m³,DICHOT,
101701,QUESNEL SENIOR SECONDARY,Potassium,2008-07-26T00:00,0.060,µg/m³,DICHOT,
101701,QUESNEL SENIOR SECONDARY,Potassium,2008-07-26T00:00,0.165,µg/m³,DICHOT,
101701,QUESNEL SENIOR SECONDARY,Potassium,2008-07-29T00:00,0.030,µg/m³,DICHOT,
101701,QUESNEL SENIOR SECONDARY,Potassium,2008-07-29T00:00,0.037,µg/m³,DICHOT,
101701,QUESNEL SENIOR SECONDARY,Potassium,2008-08-01T00:00,0.033,µg/m³,DICHOT,
101701,QUESNEL SENIOR SECONDARY,Potassium,2008-08-01T00:00,0.071,µg/m³,DICHOT,
101701,QUESNEL SENIOR SECONDARY,Potassium,2008-08-04T00:00,0.049,µg/m³,DICHOT,
101701,QUESNEL SENIOR SECONDARY,Potassium,2008-08-04T00:00,0.129,µg/m³,DICHOT,
101701,QUESNEL SENIOR SECONDARY,Potassium,2008-08-07T00:00,0.258,µg/m³,DICHOT,
101701,QUESNEL SENIOR SECONDARY,Potassium,2008-08-07T00:00,0.578,µg/m³,DICHOT,
101701,QUESNEL SENIOR SECONDARY,Potassium,2008-08-10T00:00,0.014,µg/m³,DICHOT,
101701,QUESNEL SENIOR SECONDARY,Potassium,2008-08-10T00:00,0.017,µg/m³,DICHOT,
101701,QUESNEL SENIOR SECONDARY,Potassium,2008-08-13T00:00,0.084,µg/m³,DICHOT,
101701,QUESNEL SENIOR SECONDARY,Potassium,2008-08-13T00:00,0.255,µg/m³,DICHOT,
101701,QUESNEL SENIOR SECONDARY,Potassium,2008-08-16T00:00,0.087,µg/m³,DICHOT,
101701,QUESNEL SENIOR SECONDARY,Potassium,2008-08-16T00:00,0.381,µg/m³,DICHOT,
101701,QUESNEL SENIOR SECONDARY,Potassium,2008-08-19T00:00,0.053,µg/m³,DICHOT,
101701,QUESNEL SENIOR SECONDARY,Potassium,2008-08-19T00:00,0.127,µg/m³,DICHOT,
101701,QUESNEL SENIOR SECONDARY,Potassium,2008-08-22T00:00,0.057,µg/m³,DICHOT,
101701,QUESNEL SENIOR SECONDARY,Potassium,2008-08-22T00:00,0.117,µg/m³,DICHOT,
101701,QUESNEL SENIOR SECONDARY,Potassium,2008-08-25T00:00,0.047,µg/m³,DICHOT,
101701,QUESNEL SENIOR SECONDARY,Potassium,2008-08-25T00:00,0.061,µg/m³,DICHOT,
101701,QUESNEL SENIOR SECONDARY,Potassium,2008-08-28T00:00,0.041,µg/m³,DICHOT,
101701,QUESNEL SENIOR SECONDARY,Potassium,2008-08-28T00:00,0.082,µg/m³,DICHOT,
101701,QUESNEL SENIOR SECONDARY,Potassium,2008-08-31T00:00,0.027,µg/m³,DICHOT,
101701,QUESNEL SENIOR SECONDARY,Potassium,2008-08-31T00:00,0.074,µg/m³,DICHOT,
101701,QUESNEL SENIOR SECONDARY,Potassium,2008-09-06T00:00,0.088,µg/m³,DICHOT,
101701,QUESNEL SENIOR SECONDARY,Potassium,2008-09-06T00:00,0.341,µg/m³,DICHOT,
101701,QUESNEL SENIOR SECONDARY,Potassium,2008-09-09T00:00,0.106,µg/m³,DICHOT,
101701,QUESNEL SENIOR SECONDARY,Potassium,2008-09-09T00:00,0.107,µg/m³,DICHOT,
101701,QUESNEL SENIOR SECONDARY,Potassium,2008-09-12T00:00,0.053,µg/m³,DICHOT,
101701,QUESNEL SENIOR SECONDARY,Potassium,2008-09-12T00:00,0.057,µg/m³,DICHOT,
101701,QUESNEL SENIOR SECONDARY,Potassium,2008-09-18T00:00,0.172,µg/m³,DICHOT,
101701,QUESNEL SENIOR SECONDARY,Potassium,2008-09-18T00:00,0.333,µg/m³,DICHOT,
101701,QUESNEL SENIOR SECONDARY,Potassium,2008-09-21T00:00,0.029,µg/m³,DICHOT,
101701,QUESNEL SENIOR SECONDARY,Potassium,2008-09-21T00:00,0.123,µg/m³,DICHOT,
101701,QUESNEL SENIOR SECONDARY,Potassium,2008-09-24T00:00,0.050,µg/m³,DICHOT,
101701,QUESNEL SENIOR SECONDARY,Potassium,2008-09-24T00:00,0.221,µg/m³,DICHOT,
101701,QUESNEL SENIOR SECONDARY,Potassium,2008-09-27T00:00,0.057,µg/m³,DICHOT,
101701,QUESNEL SENIOR SECONDARY,Potassium,2008-09-27T00:00,0.183,µg/m³,DICHOT,
101701,QUESNEL SENIOR SECONDARY,Potassium,2008-09-30T00:00,0.130,µg/m³,DICHOT,
101701,QUESNEL SENIOR SECONDARY,Potassium,2008-09-30T00:00,0.473,µg/m³,DICHOT,
101701,QUESNEL SENIOR SECONDARY,Potassium,2008-10-03T00:00,0.070,µg/m³,DICHOT,
101701,QUESNEL SENIOR SECONDARY,Potassium,2008-10-03T00:00,0.113,µg/m³,DICHOT,
101701,QUESNEL SENIOR SECONDARY,Potassium,2008-10-06T00:00,0.022,µg/m³,DICHOT,
101701,QUESNEL SENIOR SECONDARY,Potassium,2008-10-06T00:00,0.065,µg/m³,DICHOT,
101701,QUESNEL SENIOR SECONDARY,Potassium,2008-10-09T00:00,0.043,µg/m³,DICHOT,
101701,QUESNEL SENIOR SECONDARY,Potassium,2008-10-09T00:00,0.264,µg/m³,DICHOT,
101701,QUESNEL SENIOR SECONDARY,Potassium,2008-10-12T00:00,0.020,µg/m³,DICHOT,
101701,QUESNEL SENIOR SECONDARY,Potassium,2008-10-12T00:00,0.114,µg/m³,DICHOT,
101701,QUESNEL SENIOR SECONDARY,Potassium,2008-10-15T00:00,0.071,µg/m³,DICHOT,
101701,QUESNEL SENIOR SECONDARY,Potassium,2008-10-15T00:00,0.251,µg/m³,DICHOT,
101701,QUESNEL SENIOR SECONDARY,Potassium,2008-10-18T00:00,0.058,µg/m³,DICHOT,
101701,QUESNEL SENIOR SECONDARY,Potassium,2008-10-18T00:00,0.264,µg/m³,DICHOT,
101701,QUESNEL SENIOR SECONDARY,Potassium,2008-10-21T00:00,0.070,µg/m³,DICHOT,
101701,QUESNEL SENIOR SECONDARY,Potassium,2008-10-21T00:00,0.285,µg/m³,DICHOT,
101701,QUESNEL SENIOR SECONDARY,Potassium,2008-10-24T00:00,0.035,µg/m³,DICHOT,
101701,QUESNEL SENIOR SECONDARY,Potassium,2008-10-24T00:00,0.083,µg/m³,DICHOT,
101701,QUESNEL SENIOR SECONDARY,Potassium,2008-10-27T00:00,0.078,µg/m³,DICHOT,
101701,QUESNEL SENIOR SECONDARY,Potassium,2008-10-27T00:00,0.250,µg/m³,DICHOT,
101701,QUESNEL SENIOR SECONDARY,Potassium,2008-10-30T00:00,0.021,µg/m³,DICHOT,
101701,QUESNEL SENIOR SECONDARY,Potassium,2008-10-30T00:00,0.209,µg/m³,DICHOT,
101701,QUESNEL SENIOR SECONDARY,Potassium,2008-11-11T00:00,0.017,µg/m³,DICHOT,
101701,QUESNEL SENIOR SECONDARY,Potassium,2008-11-11T00:00,0.186,µg/m³,DICHOT,
101701,QUESNEL SENIOR SECONDARY,Potassium,2008-11-14T00:00,0.050,µg/m³,DICHOT,
101701,QUESNEL SENIOR SECONDARY,Potassium,2008-11-14T00:00,0.185,µg/m³,DICHOT,
101701,QUESNEL SENIOR SECONDARY,Potassium,2008-11-17T00:00,0.019,µg/m³,DICHOT,
101701,QUESNEL SENIOR SECONDARY,Potassium,2008-11-17T00:00,0.240,µg/m³,DICHOT,
101701,QUESNEL SENIOR SECONDARY,Potassium,2008-11-20T00:00,0.192,µg/m³,DICHOT,
101701,QUESNEL SENIOR SECONDARY,Potassium,2008-11-20T00:00,0.295,µg/m³,DICHOT,
101701,QUESNEL SENIOR SECONDARY,Potassium,2008-11-23T00:00,0.064,µg/m³,DICHOT,
101701,QUESNEL SENIOR SECONDARY,Potassium,2008-11-23T00:00,0.093,µg/m³,DICHOT,
101701,QUESNEL SENIOR SECONDARY,Potassium,2008-11-26T00:00,0.116,µg/m³,DICHOT,
101701,QUESNEL SENIOR SECONDARY,Potassium,2008-11-26T00:00,0.227,µg/m³,DICHOT,
101701,QUESNEL SENIOR SECONDARY,Potassium,2008-11-29T00:00,0.008,µg/m³,DICHOT,
101701,QUESNEL SENIOR SECONDARY,Potassium,2008-11-29T00:00,0.191,µg/m³,DICHOT,
101701,QUESNEL SENIOR SECONDARY,Potassium,2008-12-02T00:00,0.084,µg/m³,DICHOT,
101701,QUESNEL SENIOR SECONDARY,Potassium,2008-12-02T00:00,0.149,µg/m³,DICHOT,
101701,QUESNEL SENIOR SECONDARY,Potassium,2008-12-05T00:00,0.004,µg/m³,DICHOT,
101701,QUESNEL SENIOR SECONDARY,Potassium,2008-12-05T00:00,0.074,µg/m³,DICHOT,
101701,QUESNEL SENIOR SECONDARY,Potassium,2008-12-08T00:00,0.010,µg/m³,DICHOT,
101701,QUESNEL SENIOR SECONDARY,Potassium,2008-12-08T00:00,0.104,µg/m³,DICHOT,
101701,QUESNEL SENIOR SECONDARY,Potassium,2008-12-11T00:00,0.005,µg/m³,DICHOT,
101701,QUESNEL SENIOR SECONDARY,Potassium,2008-12-11T00:00,0.117,µg/m³,DICHOT,
101701,QUESNEL SENIOR SECONDARY,Potassium,2008-12-17T00:00,0.035,µg/m³,DICHOT,
101701,QUESNEL SENIOR SECONDARY,Potassium,2008-12-17T00:00,0.245,µg/m³,DICHOT,
101701,QUESNEL SENIOR SECONDARY,Potassium,2008-12-20T00:00,0.013,µg/m³,DICHOT,
101701,QUESNEL SENIOR SECONDARY,Potassium,2008-12-20T00:00,0.270,µg/m³,DICHOT,
101701,QUESNEL SENIOR SECONDARY,Potassium,2008-12-23T00:00,0.015,µg/m³,DICHOT,
101701,QUESNEL SENIOR SECONDARY,Potassium,2008-12-23T00:00,0.318,µg/m³,DICHOT,
101701,QUESNEL SENIOR SECONDARY,Potassium,2008-12-26T00:00,0.007,µg/m³,DICHOT,
101701,QUESNEL SENIOR SECONDARY,Potassium,2008-12-26T00:00,0.225,µg/m³,DICHOT,
101701,QUESNEL SENIOR SECONDARY,Potassium,2008-01-01T00:00,0.268,µg/m³,IC,
101701,QUESNEL SENIOR SECONDARY,Potassium,2008-01-13T00:00,0.120,µg/m³,IC,
101701,QUESNEL SENIOR SECONDARY,Potassium,2008-01-16T00:00,0.097,µg/m³,IC,
101701,QUESNEL SENIOR SECONDARY,Potassium,2008-01-19T00:00,0.197,µg/m³,IC,
101701,QUESNEL SENIOR SECONDARY,Potassium,2008-01-22T00:00,0.459,µg/m³,IC,
101701,QUESNEL SENIOR SECONDARY,Potassium,2008-01-25T00:00,0.528,µg/m³,IC,
101701,QUESNEL SENIOR SECONDARY,Potassium,2008-01-28T00:00,0.136,µg/m³,IC,
101701,QUESNEL SENIOR SECONDARY,Potassium,2008-01-31T00:00,0.175,µg/m³,IC,
101701,QUESNEL SENIOR SECONDARY,Potassium,2008-02-03T00:00,0.261,µg/m³,IC,
101701,QUESNEL SENIOR SECONDARY,Potassium,2008-02-06T00:00,0.059,µg/m³,IC,
101701,QUESNEL SENIOR SECONDARY,Potassium,2008-02-09T00:00,0.156,µg/m³,IC,
101701,QUESNEL SENIOR SECONDARY,Potassium,2008-02-12T00:00,0.273,µg/m³,IC,
101701,QUESNEL SENIOR SECONDARY,Potassium,2008-02-15T00:00,0.184,µg/m³,IC,
101701,QUESNEL SENIOR SECONDARY,Potassium,2008-02-18T00:00,0.327,µg/m³,IC,
101701,QUESNEL SENIOR SECONDARY,Potassium,2008-02-21T00:00,0.919,µg/m³,IC,
101701,QUESNEL SENIOR SECONDARY,Potassium,2008-02-27T00:00,0.184,µg/m³,IC,
101701,QUESNEL SENIOR SECONDARY,Potassium,2008-03-01T00:00,0.038,µg/m³,IC,
101701,QUESNEL SENIOR SECONDARY,Potassium,2008-03-04T00:00,0.155,µg/m³,IC,
101701,QUESNEL SENIOR SECONDARY,Potassium,2008-03-07T00:00,0.656,µg/m³,IC,
101701,QUESNEL SENIOR SECONDARY,Potassium,2008-03-10T00:00,0.285,µg/m³,IC,
101701,QUESNEL SENIOR SECONDARY,Potassium,2008-03-13T00:00,0.384,µg/m³,IC,
101701,QUESNEL SENIOR SECONDARY,Potassium,2008-03-16T00:00,0.301,µg/m³,IC,
101701,QUESNEL SENIOR SECONDARY,Potassium,2008-03-19T00:00,0.227,µg/m³,IC,
101701,QUESNEL SENIOR SECONDARY,Potassium,2008-03-25T00:00,0.173,µg/m³,IC,
101701,QUESNEL SENIOR SECONDARY,Potassium,2008-03-28T00:00,0.208,µg/m³,IC,
101701,QUESNEL SENIOR SECONDARY,Potassium,2008-04-03T00:00,0.459,µg/m³,IC,
101701,QUESNEL SENIOR SECONDARY,Potassium,2008-04-09T00:00,0.362,µg/m³,IC,
101701,QUESNEL SENIOR SECONDARY,Potassium,2008-04-15T00:00,0.054,µg/m³,IC,
101701,QUESNEL SENIOR SECONDARY,Potassium,2008-04-18T00:00,0.095,µg/m³,IC,
101701,QUESNEL SENIOR SECONDARY,Potassium,2008-04-21T00:00,0.085,µg/m³,IC,
101701,QUESNEL SENIOR SECONDARY,Potassium,2008-04-24T00:00,0.210,µg/m³,IC,
101701,QUESNEL SENIOR SECONDARY,Potassium,2008-04-27T00:00,0.067,µg/m³,IC,
101701,QUESNEL SENIOR SECONDARY,Potassium,2008-05-03T00:00,0.125,µg/m³,IC,
101701,QUESNEL SENIOR SECONDARY,Potassium,2008-05-06T00:00,0.072,µg/m³,IC,
101701,QUESNEL SENIOR SECONDARY,Potassium,2008-05-09T00:00,0.091,µg/m³,IC,
101701,QUESNEL SENIOR SECONDARY,Potassium,2008-05-21T00:00,0.142,µg/m³,IC,
101701,QUESNEL SENIOR SECONDARY,Potassium,2008-05-25T00:00,0.029,µg/m³,IC,
101701,QUESNEL SENIOR SECONDARY,Potassium,2008-05-30T00:00,0.299,µg/m³,IC,
101701,QUESNEL SENIOR SECONDARY,Potassium,2008-06-05T00:00,0.056,µg/m³,IC,
101701,QUESNEL SENIOR SECONDARY,Potassium,2008-06-11T00:00,0.031,µg/m³,IC,
101701,QUESNEL SENIOR SECONDARY,Potassium,2008-06-14T00:00,0.028,µg/m³,IC,
101701,QUESNEL SENIOR SECONDARY,Potassium,2008-06-23T00:00,0.058,µg/m³,IC,
101701,QUESNEL SENIOR SECONDARY,Potassium,2008-06-29T00:00,0.159,µg/m³,IC,
101701,QUESNEL SENIOR SECONDARY,Potassium,2008-07-02T00:00,0.113,µg/m³,IC,
101701,QUESNEL SENIOR SECONDARY,Potassium,2008-07-08T00:00,0.162,µg/m³,IC,
101701,QUESNEL SENIOR SECONDARY,Potassium,2008-07-14T00:00,0.093,µg/m³,IC,
101701,QUESNEL SENIOR SECONDARY,Potassium,2008-07-17T00:00,0.050,µg/m³,IC,
101701,QUESNEL SENIOR SECONDARY,Potassium,2008-07-20T00:00,0.062,µg/m³,IC,
101701,QUESNEL SENIOR SECONDARY,Potassium,2008-07-26T00:00,0.147,µg/m³,IC,
101701,QUESNEL SENIOR SECONDARY,Potassium,2008-08-01T00:00,0.062,µg/m³,IC,
101701,QUESNEL SENIOR SECONDARY,Potassium,2008-08-07T00:00,0.512,µg/m³,IC,
101701,QUESNEL SENIOR SECONDARY,Potassium,2008-08-13T00:00,0.187,µg/m³,IC,
101701,QUESNEL SENIOR SECONDARY,Potassium,2008-08-16T00:00,0.302,µg/m³,IC,
101701,QUESNEL SENIOR SECONDARY,Potassium,2008-08-19T00:00,0.078,µg/m³,IC,
101701,QUESNEL SENIOR SECONDARY,Potassium,2008-08-25T00:00,0.026,µg/m³,IC,
101701,QUESNEL SENIOR SECONDARY,Potassium,2008-08-31T00:00,0.036,µg/m³,IC,
101701,QUESNEL SENIOR SECONDARY,Potassium,2008-09-15T00:00,0.262,µg/m³,IC,
101701,QUESNEL SENIOR SECONDARY,Potassium,2008-09-18T00:00,0.318,µg/m³,IC,
101701,QUESNEL SENIOR SECONDARY,Potassium,2008-09-21T00:00,0.166,µg/m³,IC,
101701,QUESNEL SENIOR SECONDARY,Potassium,2008-09-24T00:00,0.219,µg/m³,IC,
101701,QUESNEL SENIOR SECONDARY,Potassium,2008-09-27T00:00,0.180,µg/m³,IC,
101701,QUESNEL SENIOR SECONDARY,Potassium,2008-09-30T00:00,0.543,µg/m³,IC,
101701,QUESNEL SENIOR SECONDARY,Potassium,2008-10-03T00:00,0.100,µg/m³,IC,
101701,QUESNEL SENIOR SECONDARY,Potassium,2008-10-06T00:00,0.039,µg/m³,IC,
101701,QUESNEL SENIOR SECONDARY,Potassium,2008-10-09T00:00,0.236,µg/m³,IC,
101701,QUESNEL SENIOR SECONDARY,Potassium,2008-10-12T00:00,0.075,µg/m³,IC,
101701,QUESNEL SENIOR SECONDARY,Potassium,2008-10-15T00:00,0.186,µg/m³,IC,
101701,QUESNEL SENIOR SECONDARY,Potassium,2008-10-18T00:00,0.257,µg/m³,IC,
101701,QUESNEL SENIOR SECONDARY,Potassium,2008-10-21T00:00,0.199,µg/m³,IC,
101701,QUESNEL SENIOR SECONDARY,Potassium,2008-10-24T00:00,0.041,µg/m³,IC,
101701,QUESNEL SENIOR SECONDARY,Potassium,2008-10-27T00:00,0.179,µg/m³,IC,
101701,QUESNEL SENIOR SECONDARY,Potassium,2008-11-02T00:00,0.015,µg/m³,IC,
101701,QUESNEL SENIOR SECONDARY,Potassium,2008-11-05T00:00,0.184,µg/m³,IC,
101701,QUESNEL SENIOR SECONDARY,Potassium,2008-11-08T00:00,0.279,µg/m³,IC,
101701,QUESNEL SENIOR SECONDARY,Potassium,2008-11-14T00:00,0.166,µg/m³,IC,
101701,QUESNEL SENIOR SECONDARY,Potassium,2008-11-23T00:00,0.093,µg/m³,IC,
101701,QUESNEL SENIOR SECONDARY,Potassium,2008-11-26T00:00,0.171,µg/m³,IC,
101701,QUESNEL SENIOR SECONDARY,Potassium,2008-11-29T00:00,0.199,µg/m³,IC,
101701,QUESNEL SENIOR SECONDARY,Potassium,2008-12-05T00:00,0.049,µg/m³,IC,
101701,QUESNEL SENIOR SECONDARY,Potassium,2008-12-08T00:00,0.125,µg/m³,IC,
101701,QUESNEL SENIOR SECONDARY,Potassium,2008-12-23T00:00,0.285,µg/m³,IC,
101701,QUESNEL SENIOR SECONDARY,Potassium,2008-12-26T00:00,0.203,µg/m³,IC,
