﻿NAPS_Site_ID,Station_Name,Pollutant,Date,Value,Units,Report_Type,Method
61004,CENTENNIAL PARK _SARNIA_,Dodecane,2012-02-09T00:00,0.034,µg/m³,VOC,GC-MS
61004,CENTENNIAL PARK _SARNIA_,Dodecane,2012-02-15T00:00,0.097,µg/m³,VOC,GC-MS
61004,CENTENNIAL PARK _SARNIA_,Dodecane,2012-02-21T00:00,0.049,µg/m³,VOC,GC-MS
61004,CENTENNIAL PARK _SARNIA_,Dodecane,2012-02-27T00:00,0.049,µg/m³,VOC,GC-MS
61004,CENTENNIAL PARK _SARNIA_,Dodecane,2012-03-04T00:00,0.020,µg/m³,VOC,GC-MS
61004,CENTENNIAL PARK _SARNIA_,Dodecane,2012-03-16T00:00,0.096,µg/m³,VOC,GC-MS
61004,CENTENNIAL PARK _SARNIA_,Dodecane,2012-03-22T00:00,0.464,µg/m³,VOC,GC-MS
61004,CENTENNIAL PARK _SARNIA_,Dodecane,2012-03-28T00:00,0.119,µg/m³,VOC,GC-MS
61004,CENTENNIAL PARK _SARNIA_,Dodecane,2012-04-09T00:00,0.057,µg/m³,VOC,GC-MS
61004,CENTENNIAL PARK _SARNIA_,Dodecane,2012-04-15T00:00,0.443,µg/m³,VOC,GC-MS
61004,CENTENNIAL PARK _SARNIA_,Dodecane,2012-04-21T00:00,0.017,µg/m³,VOC,GC-MS
61004,CENTENNIAL PARK _SARNIA_,Dodecane,2012-04-27T00:00,0.014,µg/m³,VOC,GC-MS
61004,CENTENNIAL PARK _SARNIA_,Dodecane,2012-05-03T00:00,0.257,µg/m³,VOC,GC-MS
61004,CENTENNIAL PARK _SARNIA_,Dodecane,2012-05-09T00:00,0.113,µg/m³,VOC,GC-MS
61004,CENTENNIAL PARK _SARNIA_,Dodecane,2012-05-15T00:00,0.598,µg/m³,VOC,GC-MS
61004,CENTENNIAL PARK _SARNIA_,Dodecane,2012-05-21T00:00,0.272,µg/m³,VOC,GC-MS
61004,CENTENNIAL PARK _SARNIA_,Dodecane,2012-05-27T00:00,0.069,µg/m³,VOC,GC-MS
61004,CENTENNIAL PARK _SARNIA_,Dodecane,2012-06-02T00:00,0.039,µg/m³,VOC,GC-MS
61004,CENTENNIAL PARK _SARNIA_,Dodecane,2012-06-08T00:00,0.158,µg/m³,VOC,GC-MS
61004,CENTENNIAL PARK _SARNIA_,Dodecane,2012-06-26T00:00,0.059,µg/m³,VOC,GC-MS
61004,CENTENNIAL PARK _SARNIA_,Dodecane,2012-07-08T00:00,0.054,µg/m³,VOC,GC-MS
61004,CENTENNIAL PARK _SARNIA_,Dodecane,2012-07-14T00:00,0.251,µg/m³,VOC,GC-MS
61004,CENTENNIAL PARK _SARNIA_,Dodecane,2012-07-20T00:00,0.069,µg/m³,VOC,GC-MS
61004,CENTENNIAL PARK _SARNIA_,Dodecane,2012-07-26T00:00,0.150,µg/m³,VOC,GC-MS
61004,CENTENNIAL PARK _SARNIA_,Dodecane,2012-08-01T00:00,0.135,µg/m³,VOC,GC-MS
61004,CENTENNIAL PARK _SARNIA_,Dodecane,2012-08-07T00:00,0.269,µg/m³,VOC,GC-MS
61004,CENTENNIAL PARK _SARNIA_,Dodecane,2012-08-13T00:00,0.153,µg/m³,VOC,GC-MS
61004,CENTENNIAL PARK _SARNIA_,Dodecane,2012-08-19T00:00,0.143,µg/m³,VOC,GC-MS
61004,CENTENNIAL PARK _SARNIA_,Dodecane,2012-08-25T00:00,0.371,µg/m³,VOC,GC-MS
61004,CENTENNIAL PARK _SARNIA_,Dodecane,2012-08-31T00:00,0.139,µg/m³,VOC,GC-MS
61004,CENTENNIAL PARK _SARNIA_,Dodecane,2012-09-06T00:00,0.141,µg/m³,VOC,GC-MS
61004,CENTENNIAL PARK _SARNIA_,Dodecane,2012-09-12T00:00,0.407,µg/m³,VOC,GC-MS
61004,CENTENNIAL PARK _SARNIA_,Dodecane,2012-09-18T00:00,0.130,µg/m³,VOC,GC-MS
61004,CENTENNIAL PARK _SARNIA_,Dodecane,2012-09-24T00:00,0.042,µg/m³,VOC,GC-MS
61004,CENTENNIAL PARK _SARNIA_,Dodecane,2012-09-30T00:00,0.026,µg/m³,VOC,GC-MS
61004,CENTENNIAL PARK _SARNIA_,Dodecane,2012-09-30T00:00,0.027,µg/m³,VOC,GC-MS
61004,CENTENNIAL PARK _SARNIA_,Dodecane,2012-10-06T00:00,0.035,µg/m³,VOC,GC-MS
61004,CENTENNIAL PARK _SARNIA_,Dodecane,2012-10-12T00:00,0.030,µg/m³,VOC,GC-MS
61004,CENTENNIAL PARK _SARNIA_,Dodecane,2012-10-18T00:00,0.162,µg/m³,VOC,GC-MS
61004,CENTENNIAL PARK _SARNIA_,Dodecane,2012-10-24T00:00,0.154,µg/m³,VOC,GC-MS
61004,CENTENNIAL PARK _SARNIA_,Dodecane,2012-11-05T00:00,0.046,µg/m³,VOC,GC-MS
61004,CENTENNIAL PARK _SARNIA_,Dodecane,2012-11-11T00:00,0.178,µg/m³,VOC,GC-MS
61004,CENTENNIAL PARK _SARNIA_,Dodecane,2012-11-17T00:00,0.436,µg/m³,VOC,GC-MS
61004,CENTENNIAL PARK _SARNIA_,Dodecane,2012-11-23T00:00,0.073,µg/m³,VOC,GC-MS
61004,CENTENNIAL PARK _SARNIA_,Dodecane,2012-11-29T00:00,0.083,µg/m³,VOC,GC-MS
61004,CENTENNIAL PARK _SARNIA_,Dodecane,2012-12-05T00:00,0.020,µg/m³,VOC,GC-MS
61004,CENTENNIAL PARK _SARNIA_,Dodecane,2012-12-11T00:00,0.016,µg/m³,VOC,GC-MS
61004,CENTENNIAL PARK _SARNIA_,Dodecane,2012-12-11T00:00,0.018,µg/m³,VOC,GC-MS
61004,CENTENNIAL PARK _SARNIA_,Dodecane,2012-12-17T00:00,0.044,µg/m³,VOC,GC-MS
61004,CENTENNIAL PARK _SARNIA_,Dodecane,2012-12-23T00:00,0.040,µg/m³,VOC,GC-MS
61004,CENTENNIAL PARK _SARNIA_,Dodecane,2012-12-29T00:00,0.015,µg/m³,VOC,GC-MS
