﻿NAPS_Site_ID,Station_Name,Pollutant,Date,Value,Units,Report_Type,Method
60413,CENTENNIAL PARK _ETOBICOKE WEST_,Toluene,1994-01-14T00:00,2.399,µg/m³,VOC,N/A
60413,CENTENNIAL PARK _ETOBICOKE WEST_,Toluene,1994-01-20T00:00,3.891,µg/m³,VOC,N/A
60413,CENTENNIAL PARK _ETOBICOKE WEST_,Toluene,1994-01-26T00:00,2.978,µg/m³,VOC,N/A
60413,CENTENNIAL PARK _ETOBICOKE WEST_,Toluene,1994-02-01T00:00,6.000,µg/m³,VOC,N/A
60413,CENTENNIAL PARK _ETOBICOKE WEST_,Toluene,1994-02-07T00:00,3.724,µg/m³,VOC,N/A
60413,CENTENNIAL PARK _ETOBICOKE WEST_,Toluene,1994-02-19T00:00,21.952,µg/m³,VOC,N/A
60413,CENTENNIAL PARK _ETOBICOKE WEST_,Toluene,1994-02-25T00:00,3.624,µg/m³,VOC,N/A
60413,CENTENNIAL PARK _ETOBICOKE WEST_,Toluene,1994-05-26T00:00,5.144,µg/m³,VOC,N/A
60413,CENTENNIAL PARK _ETOBICOKE WEST_,Toluene,1994-06-01T00:00,3.407,µg/m³,VOC,N/A
60413,CENTENNIAL PARK _ETOBICOKE WEST_,Toluene,1994-06-07T00:00,3.812,µg/m³,VOC,N/A
60413,CENTENNIAL PARK _ETOBICOKE WEST_,Toluene,1994-06-13T00:00,8.880,µg/m³,VOC,N/A
60413,CENTENNIAL PARK _ETOBICOKE WEST_,Toluene,1994-06-19T00:00,8.084,µg/m³,VOC,N/A
60413,CENTENNIAL PARK _ETOBICOKE WEST_,Toluene,1994-06-25T00:00,3.514,µg/m³,VOC,N/A
60413,CENTENNIAL PARK _ETOBICOKE WEST_,Toluene,1994-07-01T00:00,5.737,µg/m³,VOC,N/A
60413,CENTENNIAL PARK _ETOBICOKE WEST_,Toluene,1994-07-07T00:00,7.630,µg/m³,VOC,N/A
60413,CENTENNIAL PARK _ETOBICOKE WEST_,Toluene,1994-07-13T00:00,3.030,µg/m³,VOC,N/A
60413,CENTENNIAL PARK _ETOBICOKE WEST_,Toluene,1994-07-19T00:00,32.581,µg/m³,VOC,N/A
60413,CENTENNIAL PARK _ETOBICOKE WEST_,Toluene,1994-07-25T00:00,8.712,µg/m³,VOC,N/A
60413,CENTENNIAL PARK _ETOBICOKE WEST_,Toluene,1994-07-31T00:00,4.726,µg/m³,VOC,N/A
60413,CENTENNIAL PARK _ETOBICOKE WEST_,Toluene,1994-08-06T00:00,4.327,µg/m³,VOC,N/A
60413,CENTENNIAL PARK _ETOBICOKE WEST_,Toluene,1994-08-12T00:00,9.532,µg/m³,VOC,N/A
60413,CENTENNIAL PARK _ETOBICOKE WEST_,Toluene,1994-08-18T00:00,11.558,µg/m³,VOC,N/A
60413,CENTENNIAL PARK _ETOBICOKE WEST_,Toluene,1994-08-24T00:00,9.917,µg/m³,VOC,N/A
60413,CENTENNIAL PARK _ETOBICOKE WEST_,Toluene,1994-08-30T00:00,4.566,µg/m³,VOC,N/A
60413,CENTENNIAL PARK _ETOBICOKE WEST_,Toluene,1994-09-05T00:00,13.390,µg/m³,VOC,N/A
60413,CENTENNIAL PARK _ETOBICOKE WEST_,Toluene,1994-09-11T00:00,3.333,µg/m³,VOC,N/A
60413,CENTENNIAL PARK _ETOBICOKE WEST_,Toluene,1994-09-17T00:00,3.742,µg/m³,VOC,N/A
60413,CENTENNIAL PARK _ETOBICOKE WEST_,Toluene,1994-09-23T00:00,5.606,µg/m³,VOC,N/A
60413,CENTENNIAL PARK _ETOBICOKE WEST_,Toluene,1994-09-29T00:00,2.109,µg/m³,VOC,N/A
60413,CENTENNIAL PARK _ETOBICOKE WEST_,Toluene,1994-10-05T00:00,8.674,µg/m³,VOC,N/A
60413,CENTENNIAL PARK _ETOBICOKE WEST_,Toluene,1994-10-17T00:00,18.033,µg/m³,VOC,N/A
60413,CENTENNIAL PARK _ETOBICOKE WEST_,Toluene,1994-10-23T00:00,10.373,µg/m³,VOC,N/A
60413,CENTENNIAL PARK _ETOBICOKE WEST_,Toluene,1994-10-29T00:00,2.027,µg/m³,VOC,N/A
60413,CENTENNIAL PARK _ETOBICOKE WEST_,Toluene,1994-11-04T00:00,6.701,µg/m³,VOC,N/A
60413,CENTENNIAL PARK _ETOBICOKE WEST_,Toluene,1994-11-10T00:00,6.133,µg/m³,VOC,N/A
60413,CENTENNIAL PARK _ETOBICOKE WEST_,Toluene,1994-11-16T00:00,12.920,µg/m³,VOC,N/A
60413,CENTENNIAL PARK _ETOBICOKE WEST_,Toluene,1994-11-22T00:00,2.066,µg/m³,VOC,N/A
60413,CENTENNIAL PARK _ETOBICOKE WEST_,Toluene,1994-11-28T00:00,2.254,µg/m³,VOC,N/A
60413,CENTENNIAL PARK _ETOBICOKE WEST_,Toluene,1994-12-04T00:00,9.727,µg/m³,VOC,N/A
60413,CENTENNIAL PARK _ETOBICOKE WEST_,Toluene,1994-12-10T00:00,10.501,µg/m³,VOC,N/A
60413,CENTENNIAL PARK _ETOBICOKE WEST_,Toluene,1994-12-16T00:00,9.592,µg/m³,VOC,N/A
60413,CENTENNIAL PARK _ETOBICOKE WEST_,Toluene,1994-12-22T00:00,42.219,µg/m³,VOC,N/A
60413,CENTENNIAL PARK _ETOBICOKE WEST_,Toluene,1994-12-28T00:00,2.500,µg/m³,VOC,N/A
