﻿NAPS_Site_ID,Station_Name,Pollutant,Date,Value,Units,Report_Type,Method
90204,316-7TH AVENUE,Zinc,1987-02-02T00:00,0.015,µg/m³,DICHOT,EDXRF
90204,316-7TH AVENUE,Zinc,1987-02-02T00:00,0.018,µg/m³,DICHOT,EDXRF
90204,316-7TH AVENUE,Zinc,1987-02-08T00:00,0.012,µg/m³,DICHOT,EDXRF
90204,316-7TH AVENUE,Zinc,1987-02-08T00:00,0.012,µg/m³,DICHOT,EDXRF
90204,316-7TH AVENUE,Zinc,1987-02-14T00:00,0.011,µg/m³,DICHOT,EDXRF
90204,316-7TH AVENUE,Zinc,1987-02-14T00:00,0.016,µg/m³,DICHOT,EDXRF
90204,316-7TH AVENUE,Zinc,1987-02-20T00:00,0.013,µg/m³,DICHOT,EDXRF
90204,316-7TH AVENUE,Zinc,1987-02-20T00:00,0.014,µg/m³,DICHOT,EDXRF
90204,316-7TH AVENUE,Zinc,1987-02-26T00:00,0.007,µg/m³,DICHOT,EDXRF
90204,316-7TH AVENUE,Zinc,1987-02-26T00:00,0.007,µg/m³,DICHOT,EDXRF
90204,316-7TH AVENUE,Zinc,1987-03-04T00:00,0.012,µg/m³,DICHOT,EDXRF
90204,316-7TH AVENUE,Zinc,1987-03-04T00:00,0.028,µg/m³,DICHOT,EDXRF
90204,316-7TH AVENUE,Zinc,1987-03-22T00:00,0.007,µg/m³,DICHOT,EDXRF
90204,316-7TH AVENUE,Zinc,1987-03-22T00:00,0.008,µg/m³,DICHOT,EDXRF
90204,316-7TH AVENUE,Zinc,1987-03-28T00:00,0.005,µg/m³,DICHOT,EDXRF
90204,316-7TH AVENUE,Zinc,1987-03-28T00:00,0.006,µg/m³,DICHOT,EDXRF
90204,316-7TH AVENUE,Zinc,1987-04-03T00:00,0.016,µg/m³,DICHOT,EDXRF
90204,316-7TH AVENUE,Zinc,1987-04-03T00:00,0.019,µg/m³,DICHOT,EDXRF
90204,316-7TH AVENUE,Zinc,1987-04-09T00:00,0.009,µg/m³,DICHOT,EDXRF
90204,316-7TH AVENUE,Zinc,1987-04-09T00:00,0.012,µg/m³,DICHOT,EDXRF
90204,316-7TH AVENUE,Zinc,1987-04-15T00:00,0.012,µg/m³,DICHOT,EDXRF
90204,316-7TH AVENUE,Zinc,1987-04-15T00:00,0.014,µg/m³,DICHOT,EDXRF
90204,316-7TH AVENUE,Zinc,1987-04-21T00:00,0.012,µg/m³,DICHOT,EDXRF
90204,316-7TH AVENUE,Zinc,1987-04-21T00:00,0.013,µg/m³,DICHOT,EDXRF
90204,316-7TH AVENUE,Zinc,1987-04-27T00:00,0.017,µg/m³,DICHOT,EDXRF
90204,316-7TH AVENUE,Zinc,1987-04-27T00:00,0.022,µg/m³,DICHOT,EDXRF
