﻿NAPS_Site_ID,Station_Name,Pollutant,Date,Value,Units,Report_Type,Method
50902,SAGUENAY-PARC POWELL,1-Me-Pyrene,1998-01-23T00:00,0.018,µg/m³,PAH,
50902,SAGUENAY-PARC POWELL,1-Me-Pyrene,1998-02-04T00:00,0.001,µg/m³,PAH,
50902,SAGUENAY-PARC POWELL,1-Me-Pyrene,1998-02-16T00:00,0.000,µg/m³,PAH,
50902,SAGUENAY-PARC POWELL,1-Me-Pyrene,1998-02-28T00:00,0.002,µg/m³,PAH,
50902,SAGUENAY-PARC POWELL,1-Me-Pyrene,1998-03-12T00:00,0.000,µg/m³,PAH,
50902,SAGUENAY-PARC POWELL,1-Me-Pyrene,1998-03-24T00:00,0.000,µg/m³,PAH,
50902,SAGUENAY-PARC POWELL,1-Me-Pyrene,1998-04-05T00:00,0.000,µg/m³,PAH,
50902,SAGUENAY-PARC POWELL,1-Me-Pyrene,1998-04-17T00:00,0.026,µg/m³,PAH,
50902,SAGUENAY-PARC POWELL,1-Me-Pyrene,1998-05-12T00:00,0.016,µg/m³,PAH,
50902,SAGUENAY-PARC POWELL,1-Me-Pyrene,1998-08-09T00:00,0.000,µg/m³,PAH,
50902,SAGUENAY-PARC POWELL,1-Me-Pyrene,1998-08-21T00:00,0.000,µg/m³,PAH,
50902,SAGUENAY-PARC POWELL,1-Me-Pyrene,1998-09-02T00:00,0.019,µg/m³,PAH,
50902,SAGUENAY-PARC POWELL,1-Me-Pyrene,1998-09-14T00:00,0.001,µg/m³,PAH,
50902,SAGUENAY-PARC POWELL,1-Me-Pyrene,1998-10-08T00:00,0.000,µg/m³,PAH,
50902,SAGUENAY-PARC POWELL,1-Me-Pyrene,1998-10-20T00:00,0.000,µg/m³,PAH,
50902,SAGUENAY-PARC POWELL,1-Me-Pyrene,1998-11-01T00:00,0.000,µg/m³,PAH,
50902,SAGUENAY-PARC POWELL,1-Me-Pyrene,1998-11-13T00:00,0.000,µg/m³,PAH,
50902,SAGUENAY-PARC POWELL,1-Me-Pyrene,1998-11-25T00:00,0.002,µg/m³,PAH,
50902,SAGUENAY-PARC POWELL,1-Me-Pyrene,1998-12-07T00:00,0.000,µg/m³,PAH,
50902,SAGUENAY-PARC POWELL,1-Me-Pyrene,1998-12-19T00:00,0.005,µg/m³,PAH,
50902,SAGUENAY-PARC POWELL,1-Me-Pyrene,1998-12-31T00:00,0.001,µg/m³,PAH,
