﻿NAPS_Site_ID,Station_Name,Pollutant,Date,Value,Units,Report_Type,Method
60104,OTTAWA DOWNTOWN,"1,3-Diethylbenzene",1998-01-05T00:00,0.020,µg/m³,VOC,N/A
60104,OTTAWA DOWNTOWN,"1,3-Diethylbenzene",1998-01-11T00:00,0.000,µg/m³,VOC,N/A
60104,OTTAWA DOWNTOWN,"1,3-Diethylbenzene",1998-01-17T00:00,0.000,µg/m³,VOC,N/A
60104,OTTAWA DOWNTOWN,"1,3-Diethylbenzene",1998-01-23T00:00,0.020,µg/m³,VOC,N/A
60104,OTTAWA DOWNTOWN,"1,3-Diethylbenzene",1998-01-29T00:00,0.060,µg/m³,VOC,N/A
60104,OTTAWA DOWNTOWN,"1,3-Diethylbenzene",1998-02-04T00:00,0.040,µg/m³,VOC,N/A
60104,OTTAWA DOWNTOWN,"1,3-Diethylbenzene",1998-02-10T00:00,0.060,µg/m³,VOC,N/A
60104,OTTAWA DOWNTOWN,"1,3-Diethylbenzene",1998-02-16T00:00,0.040,µg/m³,VOC,N/A
60104,OTTAWA DOWNTOWN,"1,3-Diethylbenzene",1998-02-22T00:00,0.020,µg/m³,VOC,N/A
60104,OTTAWA DOWNTOWN,"1,3-Diethylbenzene",1998-02-28T00:00,0.020,µg/m³,VOC,N/A
60104,OTTAWA DOWNTOWN,"1,3-Diethylbenzene",1998-03-06T00:00,0.040,µg/m³,VOC,N/A
60104,OTTAWA DOWNTOWN,"1,3-Diethylbenzene",1998-03-12T00:00,0.000,µg/m³,VOC,N/A
60104,OTTAWA DOWNTOWN,"1,3-Diethylbenzene",1998-03-18T00:00,0.000,µg/m³,VOC,N/A
60104,OTTAWA DOWNTOWN,"1,3-Diethylbenzene",1998-03-24T00:00,0.020,µg/m³,VOC,N/A
60104,OTTAWA DOWNTOWN,"1,3-Diethylbenzene",1998-03-30T00:00,0.040,µg/m³,VOC,N/A
60104,OTTAWA DOWNTOWN,"1,3-Diethylbenzene",1998-04-05T00:00,0.000,µg/m³,VOC,N/A
60104,OTTAWA DOWNTOWN,"1,3-Diethylbenzene",1998-04-11T00:00,0.020,µg/m³,VOC,N/A
60104,OTTAWA DOWNTOWN,"1,3-Diethylbenzene",1998-04-17T00:00,0.020,µg/m³,VOC,N/A
60104,OTTAWA DOWNTOWN,"1,3-Diethylbenzene",1998-04-23T00:00,0.040,µg/m³,VOC,N/A
60104,OTTAWA DOWNTOWN,"1,3-Diethylbenzene",1998-04-29T00:00,0.020,µg/m³,VOC,N/A
60104,OTTAWA DOWNTOWN,"1,3-Diethylbenzene",1998-05-05T00:00,0.040,µg/m³,VOC,N/A
60104,OTTAWA DOWNTOWN,"1,3-Diethylbenzene",1998-05-11T00:00,0.000,µg/m³,VOC,N/A
60104,OTTAWA DOWNTOWN,"1,3-Diethylbenzene",1998-05-17T00:00,0.020,µg/m³,VOC,N/A
60104,OTTAWA DOWNTOWN,"1,3-Diethylbenzene",1998-05-23T00:00,0.019,µg/m³,VOC,N/A
60104,OTTAWA DOWNTOWN,"1,3-Diethylbenzene",1998-06-04T00:00,0.020,µg/m³,VOC,N/A
60104,OTTAWA DOWNTOWN,"1,3-Diethylbenzene",1998-06-10T00:00,0.033,µg/m³,VOC,N/A
60104,OTTAWA DOWNTOWN,"1,3-Diethylbenzene",1998-06-16T00:00,0.050,µg/m³,VOC,N/A
60104,OTTAWA DOWNTOWN,"1,3-Diethylbenzene",1998-06-22T00:00,0.066,µg/m³,VOC,N/A
60104,OTTAWA DOWNTOWN,"1,3-Diethylbenzene",1998-06-28T00:00,0.035,µg/m³,VOC,N/A
60104,OTTAWA DOWNTOWN,"1,3-Diethylbenzene",1998-07-04T00:00,0.040,µg/m³,VOC,N/A
60104,OTTAWA DOWNTOWN,"1,3-Diethylbenzene",1998-07-10T00:00,0.034,µg/m³,VOC,N/A
60104,OTTAWA DOWNTOWN,"1,3-Diethylbenzene",1998-07-16T00:00,0.063,µg/m³,VOC,N/A
60104,OTTAWA DOWNTOWN,"1,3-Diethylbenzene",1998-07-22T00:00,0.056,µg/m³,VOC,N/A
60104,OTTAWA DOWNTOWN,"1,3-Diethylbenzene",1998-07-28T00:00,0.050,µg/m³,VOC,N/A
60104,OTTAWA DOWNTOWN,"1,3-Diethylbenzene",1998-08-03T00:00,0.054,µg/m³,VOC,N/A
60104,OTTAWA DOWNTOWN,"1,3-Diethylbenzene",1998-08-09T00:00,0.070,µg/m³,VOC,N/A
60104,OTTAWA DOWNTOWN,"1,3-Diethylbenzene",1998-08-15T00:00,0.051,µg/m³,VOC,N/A
60104,OTTAWA DOWNTOWN,"1,3-Diethylbenzene",1998-08-21T00:00,0.058,µg/m³,VOC,N/A
60104,OTTAWA DOWNTOWN,"1,3-Diethylbenzene",1998-08-27T00:00,0.085,µg/m³,VOC,N/A
60104,OTTAWA DOWNTOWN,"1,3-Diethylbenzene",1998-09-02T00:00,0.070,µg/m³,VOC,N/A
60104,OTTAWA DOWNTOWN,"1,3-Diethylbenzene",1998-09-08T00:00,0.030,µg/m³,VOC,N/A
60104,OTTAWA DOWNTOWN,"1,3-Diethylbenzene",1998-09-14T00:00,0.094,µg/m³,VOC,N/A
60104,OTTAWA DOWNTOWN,"1,3-Diethylbenzene",1998-09-20T00:00,0.036,µg/m³,VOC,N/A
60104,OTTAWA DOWNTOWN,"1,3-Diethylbenzene",1998-09-26T00:00,0.084,µg/m³,VOC,N/A
60104,OTTAWA DOWNTOWN,"1,3-Diethylbenzene",1998-10-02T00:00,0.028,µg/m³,VOC,N/A
60104,OTTAWA DOWNTOWN,"1,3-Diethylbenzene",1998-10-08T00:00,0.062,µg/m³,VOC,N/A
60104,OTTAWA DOWNTOWN,"1,3-Diethylbenzene",1998-10-14T00:00,0.051,µg/m³,VOC,N/A
60104,OTTAWA DOWNTOWN,"1,3-Diethylbenzene",1998-10-20T00:00,0.020,µg/m³,VOC,N/A
60104,OTTAWA DOWNTOWN,"1,3-Diethylbenzene",1998-10-26T00:00,0.015,µg/m³,VOC,N/A
60104,OTTAWA DOWNTOWN,"1,3-Diethylbenzene",1998-11-01T00:00,0.069,µg/m³,VOC,N/A
60104,OTTAWA DOWNTOWN,"1,3-Diethylbenzene",1998-11-07T00:00,0.024,µg/m³,VOC,N/A
60104,OTTAWA DOWNTOWN,"1,3-Diethylbenzene",1998-11-13T00:00,0.032,µg/m³,VOC,N/A
60104,OTTAWA DOWNTOWN,"1,3-Diethylbenzene",1998-11-19T00:00,0.034,µg/m³,VOC,N/A
60104,OTTAWA DOWNTOWN,"1,3-Diethylbenzene",1998-11-25T00:00,0.038,µg/m³,VOC,N/A
60104,OTTAWA DOWNTOWN,"1,3-Diethylbenzene",1998-12-01T00:00,0.022,µg/m³,VOC,N/A
60104,OTTAWA DOWNTOWN,"1,3-Diethylbenzene",1998-12-07T00:00,0.026,µg/m³,VOC,N/A
60104,OTTAWA DOWNTOWN,"1,3-Diethylbenzene",1998-12-13T00:00,0.024,µg/m³,VOC,N/A
60104,OTTAWA DOWNTOWN,"1,3-Diethylbenzene",1998-12-19T00:00,0.054,µg/m³,VOC,N/A
60104,OTTAWA DOWNTOWN,"1,3-Diethylbenzene",1998-12-25T00:00,0.020,µg/m³,VOC,N/A
60104,OTTAWA DOWNTOWN,"1,3-Diethylbenzene",1998-12-31T00:00,0.000,µg/m³,VOC,N/A
