﻿NAPS_Site_ID,Station_Name,Pollutant,Date,Value,Units,Report_Type,Method
50115,MONTRÉAL-MAISONNEUVE,Hexane,1994-01-02T00:00,1.296,µg/m³,VOC,
50115,MONTRÉAL-MAISONNEUVE,Hexane,1994-01-08T00:00,1.770,µg/m³,VOC,
50115,MONTRÉAL-MAISONNEUVE,Hexane,1994-01-14T00:00,4.482,µg/m³,VOC,
50115,MONTRÉAL-MAISONNEUVE,Hexane,1994-01-20T00:00,2.270,µg/m³,VOC,
50115,MONTRÉAL-MAISONNEUVE,Hexane,1994-01-26T00:00,3.108,µg/m³,VOC,
50115,MONTRÉAL-MAISONNEUVE,Hexane,1994-02-07T00:00,2.352,µg/m³,VOC,
50115,MONTRÉAL-MAISONNEUVE,Hexane,1994-02-13T00:00,1.715,µg/m³,VOC,
50115,MONTRÉAL-MAISONNEUVE,Hexane,1994-02-19T00:00,4.399,µg/m³,VOC,
50115,MONTRÉAL-MAISONNEUVE,Hexane,1994-02-25T00:00,2.310,µg/m³,VOC,
50115,MONTRÉAL-MAISONNEUVE,Hexane,1994-03-03T00:00,4.385,µg/m³,VOC,
50115,MONTRÉAL-MAISONNEUVE,Hexane,1994-03-09T00:00,2.042,µg/m³,VOC,
50115,MONTRÉAL-MAISONNEUVE,Hexane,1994-03-15T00:00,3.908,µg/m³,VOC,
50115,MONTRÉAL-MAISONNEUVE,Hexane,1994-03-21T00:00,1.350,µg/m³,VOC,
50115,MONTRÉAL-MAISONNEUVE,Hexane,1994-03-27T00:00,1.721,µg/m³,VOC,
50115,MONTRÉAL-MAISONNEUVE,Hexane,1994-04-02T00:00,1.567,µg/m³,VOC,
50115,MONTRÉAL-MAISONNEUVE,Hexane,1994-04-08T00:00,2.353,µg/m³,VOC,
50115,MONTRÉAL-MAISONNEUVE,Hexane,1994-04-14T00:00,2.543,µg/m³,VOC,
50115,MONTRÉAL-MAISONNEUVE,Hexane,1994-04-20T00:00,2.058,µg/m³,VOC,
50115,MONTRÉAL-MAISONNEUVE,Hexane,1994-04-26T00:00,2.520,µg/m³,VOC,
50115,MONTRÉAL-MAISONNEUVE,Hexane,1994-05-02T00:00,1.828,µg/m³,VOC,
50115,MONTRÉAL-MAISONNEUVE,Hexane,1994-05-08T00:00,1.722,µg/m³,VOC,
50115,MONTRÉAL-MAISONNEUVE,Hexane,1994-05-14T00:00,1.550,µg/m³,VOC,
50115,MONTRÉAL-MAISONNEUVE,Hexane,1994-05-20T00:00,3.196,µg/m³,VOC,
50115,MONTRÉAL-MAISONNEUVE,Hexane,1994-05-26T00:00,3.419,µg/m³,VOC,
50115,MONTRÉAL-MAISONNEUVE,Hexane,1994-06-01T00:00,1.788,µg/m³,VOC,
50115,MONTRÉAL-MAISONNEUVE,Hexane,1994-06-07T00:00,3.773,µg/m³,VOC,
50115,MONTRÉAL-MAISONNEUVE,Hexane,1994-06-13T00:00,2.244,µg/m³,VOC,
50115,MONTRÉAL-MAISONNEUVE,Hexane,1994-06-19T00:00,1.085,µg/m³,VOC,
50115,MONTRÉAL-MAISONNEUVE,Hexane,1994-06-27T00:00,3.940,µg/m³,VOC,
50115,MONTRÉAL-MAISONNEUVE,Hexane,1994-07-01T00:00,1.340,µg/m³,VOC,
50115,MONTRÉAL-MAISONNEUVE,Hexane,1994-07-07T00:00,3.383,µg/m³,VOC,
50115,MONTRÉAL-MAISONNEUVE,Hexane,1994-07-13T00:00,2.092,µg/m³,VOC,
50115,MONTRÉAL-MAISONNEUVE,Hexane,1994-07-19T00:00,2.083,µg/m³,VOC,
50115,MONTRÉAL-MAISONNEUVE,Hexane,1994-07-25T00:00,1.822,µg/m³,VOC,
50115,MONTRÉAL-MAISONNEUVE,Hexane,1994-07-31T00:00,0.911,µg/m³,VOC,
50115,MONTRÉAL-MAISONNEUVE,Hexane,1994-09-17T00:00,1.374,µg/m³,VOC,
50115,MONTRÉAL-MAISONNEUVE,Hexane,1994-09-23T00:00,2.673,µg/m³,VOC,
50115,MONTRÉAL-MAISONNEUVE,Hexane,1994-09-29T00:00,2.037,µg/m³,VOC,
50115,MONTRÉAL-MAISONNEUVE,Hexane,1994-10-05T00:00,2.535,µg/m³,VOC,
50115,MONTRÉAL-MAISONNEUVE,Hexane,1994-10-11T00:00,2.140,µg/m³,VOC,
50115,MONTRÉAL-MAISONNEUVE,Hexane,1994-10-17T00:00,4.379,µg/m³,VOC,
50115,MONTRÉAL-MAISONNEUVE,Hexane,1994-10-23T00:00,1.929,µg/m³,VOC,
50115,MONTRÉAL-MAISONNEUVE,Hexane,1994-10-29T00:00,1.850,µg/m³,VOC,
50115,MONTRÉAL-MAISONNEUVE,Hexane,1994-11-04T00:00,4.459,µg/m³,VOC,
50115,MONTRÉAL-MAISONNEUVE,Hexane,1994-11-28T00:00,3.034,µg/m³,VOC,
50115,MONTRÉAL-MAISONNEUVE,Hexane,1994-12-04T00:00,2.874,µg/m³,VOC,
50115,MONTRÉAL-MAISONNEUVE,Hexane,1994-12-10T00:00,2.372,µg/m³,VOC,
50115,MONTRÉAL-MAISONNEUVE,Hexane,1994-12-16T00:00,5.699,µg/m³,VOC,
50115,MONTRÉAL-MAISONNEUVE,Hexane,1994-12-22T00:00,3.023,µg/m³,VOC,
50115,MONTRÉAL-MAISONNEUVE,Hexane,1994-12-28T00:00,5.106,µg/m³,VOC,
