﻿NAPS_Site_ID,Station_Name,Pollutant,Date,Value,Units,Report_Type,Method
50104,ONTARIO,2-Ethyl-1-Butene,1997-01-16T00:00,0.000,µg/m³,VOC,
50104,ONTARIO,2-Ethyl-1-Butene,1997-01-22T00:00,0.000,µg/m³,VOC,
50104,ONTARIO,2-Ethyl-1-Butene,1997-01-28T00:00,0.000,µg/m³,VOC,
50104,ONTARIO,2-Ethyl-1-Butene,1997-02-03T00:00,0.000,µg/m³,VOC,
50104,ONTARIO,2-Ethyl-1-Butene,1997-02-09T00:00,0.000,µg/m³,VOC,
50104,ONTARIO,2-Ethyl-1-Butene,1997-02-15T00:00,0.000,µg/m³,VOC,
50104,ONTARIO,2-Ethyl-1-Butene,1997-02-21T00:00,0.000,µg/m³,VOC,
50104,ONTARIO,2-Ethyl-1-Butene,1997-02-27T00:00,0.000,µg/m³,VOC,
50104,ONTARIO,2-Ethyl-1-Butene,1997-03-05T00:00,0.000,µg/m³,VOC,
50104,ONTARIO,2-Ethyl-1-Butene,1997-03-11T00:00,0.000,µg/m³,VOC,
50104,ONTARIO,2-Ethyl-1-Butene,1997-03-17T00:00,0.000,µg/m³,VOC,
50104,ONTARIO,2-Ethyl-1-Butene,1997-03-23T00:00,0.000,µg/m³,VOC,
50104,ONTARIO,2-Ethyl-1-Butene,1997-03-29T00:00,0.000,µg/m³,VOC,
50104,ONTARIO,2-Ethyl-1-Butene,1997-04-04T00:00,0.000,µg/m³,VOC,
50104,ONTARIO,2-Ethyl-1-Butene,1997-04-28T00:00,0.000,µg/m³,VOC,
50104,ONTARIO,2-Ethyl-1-Butene,1997-05-04T00:00,0.000,µg/m³,VOC,
50104,ONTARIO,2-Ethyl-1-Butene,1997-05-10T00:00,0.000,µg/m³,VOC,
50104,ONTARIO,2-Ethyl-1-Butene,1997-05-16T00:00,0.000,µg/m³,VOC,
50104,ONTARIO,2-Ethyl-1-Butene,1997-05-22T00:00,0.000,µg/m³,VOC,
50104,ONTARIO,2-Ethyl-1-Butene,1997-05-28T00:00,0.000,µg/m³,VOC,
50104,ONTARIO,2-Ethyl-1-Butene,1997-06-09T00:00,0.000,µg/m³,VOC,
50104,ONTARIO,2-Ethyl-1-Butene,1997-06-15T00:00,0.000,µg/m³,VOC,
50104,ONTARIO,2-Ethyl-1-Butene,1997-06-21T00:00,0.000,µg/m³,VOC,
50104,ONTARIO,2-Ethyl-1-Butene,1997-06-27T00:00,0.000,µg/m³,VOC,
50104,ONTARIO,2-Ethyl-1-Butene,1997-07-03T00:00,0.100,µg/m³,VOC,
50104,ONTARIO,2-Ethyl-1-Butene,1997-07-09T00:00,0.103,µg/m³,VOC,
50104,ONTARIO,2-Ethyl-1-Butene,1997-07-15T00:00,0.130,µg/m³,VOC,
50104,ONTARIO,2-Ethyl-1-Butene,1997-07-21T00:00,0.082,µg/m³,VOC,
50104,ONTARIO,2-Ethyl-1-Butene,1997-07-27T00:00,0.078,µg/m³,VOC,
50104,ONTARIO,2-Ethyl-1-Butene,1997-08-02T00:00,0.076,µg/m³,VOC,
50104,ONTARIO,2-Ethyl-1-Butene,1997-08-08T00:00,0.105,µg/m³,VOC,
50104,ONTARIO,2-Ethyl-1-Butene,1997-08-14T00:00,0.064,µg/m³,VOC,
50104,ONTARIO,2-Ethyl-1-Butene,1997-08-20T00:00,0.076,µg/m³,VOC,
50104,ONTARIO,2-Ethyl-1-Butene,1997-08-26T00:00,0.131,µg/m³,VOC,
50104,ONTARIO,2-Ethyl-1-Butene,1997-09-01T00:00,0.044,µg/m³,VOC,
50104,ONTARIO,2-Ethyl-1-Butene,1997-09-07T00:00,0.061,µg/m³,VOC,
50104,ONTARIO,2-Ethyl-1-Butene,1997-10-01T00:00,0.046,µg/m³,VOC,
50104,ONTARIO,2-Ethyl-1-Butene,1997-10-07T00:00,0.071,µg/m³,VOC,
50104,ONTARIO,2-Ethyl-1-Butene,1997-10-13T00:00,0.037,µg/m³,VOC,
50104,ONTARIO,2-Ethyl-1-Butene,1997-10-19T00:00,0.066,µg/m³,VOC,
50104,ONTARIO,2-Ethyl-1-Butene,1997-10-25T00:00,0.076,µg/m³,VOC,
50104,ONTARIO,2-Ethyl-1-Butene,1997-10-31T00:00,0.038,µg/m³,VOC,
50104,ONTARIO,2-Ethyl-1-Butene,1997-11-06T00:00,0.051,µg/m³,VOC,
50104,ONTARIO,2-Ethyl-1-Butene,1997-11-12T00:00,0.049,µg/m³,VOC,
50104,ONTARIO,2-Ethyl-1-Butene,1997-11-18T00:00,0.044,µg/m³,VOC,
50104,ONTARIO,2-Ethyl-1-Butene,1997-11-24T00:00,0.049,µg/m³,VOC,
50104,ONTARIO,2-Ethyl-1-Butene,1997-11-30T00:00,0.086,µg/m³,VOC,
50104,ONTARIO,2-Ethyl-1-Butene,1997-12-06T00:00,0.038,µg/m³,VOC,
50104,ONTARIO,2-Ethyl-1-Butene,1997-12-12T00:00,0.080,µg/m³,VOC,
50104,ONTARIO,2-Ethyl-1-Butene,1997-12-18T00:00,0.060,µg/m³,VOC,
50104,ONTARIO,2-Ethyl-1-Butene,1997-12-24T00:00,0.040,µg/m³,VOC,
50104,ONTARIO,2-Ethyl-1-Butene,1997-12-30T00:00,0.040,µg/m³,VOC,
