﻿NAPS_Site_ID,Station_Name,Pollutant,Date,Value,Units,Report_Type,Method
61901,WALPOLE ISLAND,Perylene,1994-02-07T00:00,0.000,µg/m³,PAH,
61901,WALPOLE ISLAND,Perylene,1994-03-27T00:00,0.000,µg/m³,PAH,
61901,WALPOLE ISLAND,Perylene,1994-04-20T00:00,0.000,µg/m³,PAH,
61901,WALPOLE ISLAND,Perylene,1994-05-02T00:00,0.000,µg/m³,PAH,
61901,WALPOLE ISLAND,Perylene,1994-05-26T00:00,0.000,µg/m³,PAH,
61901,WALPOLE ISLAND,Perylene,1994-06-07T00:00,0.000,µg/m³,PAH,
61901,WALPOLE ISLAND,Perylene,1994-06-19T00:00,0.000,µg/m³,PAH,
61901,WALPOLE ISLAND,Perylene,1994-07-01T00:00,0.000,µg/m³,PAH,
61901,WALPOLE ISLAND,Perylene,1994-07-13T00:00,0.000,µg/m³,PAH,
61901,WALPOLE ISLAND,Perylene,1994-07-25T00:00,0.000,µg/m³,PAH,
61901,WALPOLE ISLAND,Perylene,1994-09-11T00:00,0.000,µg/m³,PAH,
61901,WALPOLE ISLAND,Perylene,1994-09-23T00:00,0.000,µg/m³,PAH,
61901,WALPOLE ISLAND,Perylene,1994-10-10T00:00,0.000,µg/m³,PAH,
61901,WALPOLE ISLAND,Perylene,1994-12-16T00:00,0.000,µg/m³,PAH,
61901,WALPOLE ISLAND,Perylene,1994-12-28T00:00,0.000,µg/m³,PAH,
