﻿NAPS_Site_ID,Station_Name,Pollutant,Date,Value,Units,Report_Type,Method
64401,EGBERT,Silicon,1997-01-16T00:00,0.087,µg/m³,DICHOT,N/A
64401,EGBERT,Silicon,1997-01-16T00:00,1.018,µg/m³,DICHOT,N/A
64401,EGBERT,Silicon,1997-01-22T00:00,0.064,µg/m³,DICHOT,N/A
64401,EGBERT,Silicon,1997-01-22T00:00,0.124,µg/m³,DICHOT,N/A
64401,EGBERT,Silicon,1997-01-28T00:00,0.046,µg/m³,DICHOT,N/A
64401,EGBERT,Silicon,1997-01-28T00:00,1.406,µg/m³,DICHOT,N/A
64401,EGBERT,Silicon,1997-02-03T00:00,0.041,µg/m³,DICHOT,N/A
64401,EGBERT,Silicon,1997-02-03T00:00,0.157,µg/m³,DICHOT,N/A
64401,EGBERT,Silicon,1997-02-09T00:00,0.078,µg/m³,DICHOT,N/A
64401,EGBERT,Silicon,1997-02-09T00:00,0.201,µg/m³,DICHOT,N/A
64401,EGBERT,Silicon,1997-02-15T00:00,0.022,µg/m³,DICHOT,N/A
64401,EGBERT,Silicon,1997-02-15T00:00,0.311,µg/m³,DICHOT,N/A
64401,EGBERT,Silicon,1997-02-21T00:00,0.023,µg/m³,DICHOT,N/A
64401,EGBERT,Silicon,1997-02-21T00:00,0.164,µg/m³,DICHOT,N/A
64401,EGBERT,Silicon,1997-02-27T00:00,0.009,µg/m³,DICHOT,N/A
64401,EGBERT,Silicon,1997-02-27T00:00,0.048,µg/m³,DICHOT,N/A
64401,EGBERT,Silicon,1997-03-05T00:00,0.084,µg/m³,DICHOT,N/A
64401,EGBERT,Silicon,1997-03-05T00:00,0.095,µg/m³,DICHOT,N/A
64401,EGBERT,Silicon,1997-03-11T00:00,0.046,µg/m³,DICHOT,N/A
64401,EGBERT,Silicon,1997-03-11T00:00,0.110,µg/m³,DICHOT,N/A
64401,EGBERT,Silicon,1997-03-17T00:00,0.056,µg/m³,DICHOT,N/A
64401,EGBERT,Silicon,1997-03-17T00:00,0.318,µg/m³,DICHOT,N/A
64401,EGBERT,Silicon,1997-03-23T00:00,0.021,µg/m³,DICHOT,N/A
64401,EGBERT,Silicon,1997-03-23T00:00,0.189,µg/m³,DICHOT,N/A
64401,EGBERT,Silicon,1997-03-29T00:00,0.000,µg/m³,DICHOT,N/A
64401,EGBERT,Silicon,1997-03-29T00:00,0.084,µg/m³,DICHOT,N/A
64401,EGBERT,Silicon,1997-04-04T00:00,0.135,µg/m³,DICHOT,N/A
64401,EGBERT,Silicon,1997-04-04T00:00,0.627,µg/m³,DICHOT,N/A
64401,EGBERT,Silicon,1997-04-10T00:00,0.172,µg/m³,DICHOT,N/A
64401,EGBERT,Silicon,1997-04-10T00:00,0.182,µg/m³,DICHOT,N/A
64401,EGBERT,Silicon,1997-04-16T00:00,0.067,µg/m³,DICHOT,N/A
64401,EGBERT,Silicon,1997-04-16T00:00,0.161,µg/m³,DICHOT,N/A
64401,EGBERT,Silicon,1997-04-22T00:00,0.000,µg/m³,DICHOT,N/A
64401,EGBERT,Silicon,1997-04-22T00:00,0.366,µg/m³,DICHOT,N/A
64401,EGBERT,Silicon,1997-05-04T00:00,0.069,µg/m³,DICHOT,N/A
64401,EGBERT,Silicon,1997-05-04T00:00,0.386,µg/m³,DICHOT,N/A
64401,EGBERT,Silicon,1997-05-10T00:00,0.029,µg/m³,DICHOT,N/A
64401,EGBERT,Silicon,1997-05-10T00:00,0.165,µg/m³,DICHOT,N/A
64401,EGBERT,Silicon,1997-05-16T00:00,0.117,µg/m³,DICHOT,N/A
64401,EGBERT,Silicon,1997-05-16T00:00,0.121,µg/m³,DICHOT,N/A
64401,EGBERT,Silicon,1997-05-22T00:00,0.019,µg/m³,DICHOT,N/A
64401,EGBERT,Silicon,1997-05-22T00:00,0.308,µg/m³,DICHOT,N/A
64401,EGBERT,Silicon,1997-05-28T00:00,0.092,µg/m³,DICHOT,N/A
64401,EGBERT,Silicon,1997-05-28T00:00,2.142,µg/m³,DICHOT,N/A
64401,EGBERT,Silicon,1997-06-03T00:00,0.118,µg/m³,DICHOT,N/A
64401,EGBERT,Silicon,1997-06-03T00:00,1.921,µg/m³,DICHOT,N/A
64401,EGBERT,Silicon,1997-06-21T00:00,0.000,µg/m³,DICHOT,N/A
64401,EGBERT,Silicon,1997-06-21T00:00,0.157,µg/m³,DICHOT,N/A
64401,EGBERT,Silicon,1997-06-27T00:00,0.029,µg/m³,DICHOT,N/A
64401,EGBERT,Silicon,1997-06-27T00:00,0.554,µg/m³,DICHOT,N/A
64401,EGBERT,Silicon,1997-07-15T00:00,0.065,µg/m³,DICHOT,N/A
64401,EGBERT,Silicon,1997-07-15T00:00,0.415,µg/m³,DICHOT,N/A
64401,EGBERT,Silicon,1997-07-21T00:00,0.137,µg/m³,DICHOT,N/A
64401,EGBERT,Silicon,1997-07-21T00:00,0.420,µg/m³,DICHOT,N/A
64401,EGBERT,Silicon,1997-09-25T00:00,0.000,µg/m³,DICHOT,N/A
64401,EGBERT,Silicon,1997-09-25T00:00,0.048,µg/m³,DICHOT,N/A
64401,EGBERT,Silicon,1997-10-07T00:00,0.118,µg/m³,DICHOT,N/A
64401,EGBERT,Silicon,1997-10-07T00:00,0.768,µg/m³,DICHOT,N/A
64401,EGBERT,Silicon,1997-10-13T00:00,0.235,µg/m³,DICHOT,N/A
64401,EGBERT,Silicon,1997-10-13T00:00,0.602,µg/m³,DICHOT,N/A
64401,EGBERT,Silicon,1997-10-19T00:00,0.200,µg/m³,DICHOT,N/A
64401,EGBERT,Silicon,1997-10-19T00:00,0.690,µg/m³,DICHOT,N/A
64401,EGBERT,Silicon,1997-10-31T00:00,0.176,µg/m³,DICHOT,N/A
64401,EGBERT,Silicon,1997-10-31T00:00,0.587,µg/m³,DICHOT,N/A
64401,EGBERT,Silicon,1997-11-06T00:00,0.020,µg/m³,DICHOT,N/A
64401,EGBERT,Silicon,1997-11-06T00:00,0.309,µg/m³,DICHOT,N/A
64401,EGBERT,Silicon,1997-11-12T00:00,0.000,µg/m³,DICHOT,N/A
64401,EGBERT,Silicon,1997-11-12T00:00,0.088,µg/m³,DICHOT,N/A
64401,EGBERT,Silicon,1997-11-24T00:00,0.031,µg/m³,DICHOT,N/A
64401,EGBERT,Silicon,1997-11-24T00:00,0.345,µg/m³,DICHOT,N/A
64401,EGBERT,Silicon,1997-11-30T00:00,0.000,µg/m³,DICHOT,N/A
64401,EGBERT,Silicon,1997-11-30T00:00,0.101,µg/m³,DICHOT,N/A
64401,EGBERT,Silicon,1997-12-06T00:00,0.000,µg/m³,DICHOT,N/A
64401,EGBERT,Silicon,1997-12-06T00:00,0.000,µg/m³,DICHOT,N/A
64401,EGBERT,Silicon,1997-12-18T00:00,0.064,µg/m³,DICHOT,N/A
64401,EGBERT,Silicon,1997-12-18T00:00,0.398,µg/m³,DICHOT,N/A
64401,EGBERT,Silicon,1997-12-24T00:00,0.000,µg/m³,DICHOT,N/A
64401,EGBERT,Silicon,1997-12-24T00:00,0.000,µg/m³,DICHOT,N/A
64401,EGBERT,Silicon,1997-12-30T00:00,0.026,µg/m³,DICHOT,N/A
64401,EGBERT,Silicon,1997-12-30T00:00,0.213,µg/m³,DICHOT,N/A
