﻿NAPS_Site_ID,Station_Name,Pollutant,Date,Value,Units,Report_Type,Method
64601,PT. PETRE,"2,5-Dimethylhexane",1996-08-25T00:00,0.017,µg/m³,VOC,
64601,PT. PETRE,"2,5-Dimethylhexane",1996-08-31T00:00,0.019,µg/m³,VOC,
64601,PT. PETRE,"2,5-Dimethylhexane",1996-09-06T00:00,0.018,µg/m³,VOC,
64601,PT. PETRE,"2,5-Dimethylhexane",1996-09-24T00:00,0.019,µg/m³,VOC,
64601,PT. PETRE,"2,5-Dimethylhexane",1996-09-30T00:00,0.012,µg/m³,VOC,
64601,PT. PETRE,"2,5-Dimethylhexane",1996-10-06T00:00,0.037,µg/m³,VOC,
64601,PT. PETRE,"2,5-Dimethylhexane",1996-10-12T00:00,0.025,µg/m³,VOC,
64601,PT. PETRE,"2,5-Dimethylhexane",1996-10-18T00:00,0.022,µg/m³,VOC,
64601,PT. PETRE,"2,5-Dimethylhexane",1996-10-24T00:00,0.016,µg/m³,VOC,
64601,PT. PETRE,"2,5-Dimethylhexane",1996-10-30T00:00,0.014,µg/m³,VOC,
64601,PT. PETRE,"2,5-Dimethylhexane",1996-11-05T00:00,0.022,µg/m³,VOC,
64601,PT. PETRE,"2,5-Dimethylhexane",1996-11-11T00:00,0.000,µg/m³,VOC,
64601,PT. PETRE,"2,5-Dimethylhexane",1996-11-17T00:00,0.016,µg/m³,VOC,
64601,PT. PETRE,"2,5-Dimethylhexane",1996-11-23T00:00,0.000,µg/m³,VOC,
64601,PT. PETRE,"2,5-Dimethylhexane",1996-11-29T00:00,0.000,µg/m³,VOC,
64601,PT. PETRE,"2,5-Dimethylhexane",1996-12-05T00:00,0.053,µg/m³,VOC,
64601,PT. PETRE,"2,5-Dimethylhexane",1996-12-11T00:00,0.060,µg/m³,VOC,
64601,PT. PETRE,"2,5-Dimethylhexane",1996-12-17T00:00,0.060,µg/m³,VOC,
64601,PT. PETRE,"2,5-Dimethylhexane",1996-12-23T00:00,0.060,µg/m³,VOC,
64601,PT. PETRE,"2,5-Dimethylhexane",1996-12-29T00:00,0.060,µg/m³,VOC,
