﻿NAPS_Site_ID,Station_Name,Pollutant,Date,Value,Units,Report_Type,Method
65501,BURNT ISLAND,Chrysene,2007-01-06T00:00,0.000,µg/m³,PAH,GC-MS
65501,BURNT ISLAND,Chrysene,2007-01-12T00:00,0.000,µg/m³,PAH,GC-MS
65501,BURNT ISLAND,Chrysene,2007-01-30T00:00,0.000,µg/m³,PAH,GC-MS
65501,BURNT ISLAND,Chrysene,2007-02-05T00:00,0.000,µg/m³,PAH,GC-MS
65501,BURNT ISLAND,Chrysene,2007-02-23T00:00,0.000,µg/m³,PAH,GC-MS
65501,BURNT ISLAND,Chrysene,2007-05-30T00:00,0.000,µg/m³,PAH,GC-MS
65501,BURNT ISLAND,Chrysene,2007-06-05T00:00,0.000,µg/m³,PAH,GC-MS
65501,BURNT ISLAND,Chrysene,2007-06-23T00:00,0.000,µg/m³,PAH,GC-MS
65501,BURNT ISLAND,Chrysene,2007-06-29T00:00,0.000,µg/m³,PAH,GC-MS
65501,BURNT ISLAND,Chrysene,2007-07-23T00:00,0.000,µg/m³,PAH,GC-MS
65501,BURNT ISLAND,Chrysene,2007-08-10T00:00,0.000,µg/m³,PAH,GC-MS
65501,BURNT ISLAND,Chrysene,2007-08-16T00:00,0.000,µg/m³,PAH,GC-MS
65501,BURNT ISLAND,Chrysene,2007-09-03T00:00,0.000,µg/m³,PAH,GC-MS
65501,BURNT ISLAND,Chrysene,2007-09-09T00:00,0.000,µg/m³,PAH,GC-MS
65501,BURNT ISLAND,Chrysene,2007-09-27T00:00,0.000,µg/m³,PAH,GC-MS
65501,BURNT ISLAND,Chrysene,2007-10-03T00:00,0.000,µg/m³,PAH,GC-MS
65501,BURNT ISLAND,Chrysene,2007-10-21T00:00,0.000,µg/m³,PAH,GC-MS
65501,BURNT ISLAND,Chrysene,2007-10-27T00:00,0.000,µg/m³,PAH,GC-MS
65501,BURNT ISLAND,Chrysene,2007-11-14T00:00,0.000,µg/m³,PAH,GC-MS
65501,BURNT ISLAND,Chrysene,2007-11-20T00:00,0.000,µg/m³,PAH,GC-MS
65501,BURNT ISLAND,Chrysene,2007-12-08T00:00,0.000,µg/m³,PAH,GC-MS
65501,BURNT ISLAND,Chrysene,2007-12-14T00:00,0.000,µg/m³,PAH,GC-MS
