﻿NAPS_Site_ID,Station_Name,Pollutant,Date,Value,Units,Report_Type,Method
100111,ROCKY POINT PARK,1-Hexene,2009-01-01T00:00,0.083,µg/m³,VOC,N/A
100111,ROCKY POINT PARK,1-Hexene,2009-01-07T00:00,0.315,µg/m³,VOC,N/A
100111,ROCKY POINT PARK,1-Hexene,2009-01-13T00:00,0.178,µg/m³,VOC,N/A
100111,ROCKY POINT PARK,1-Hexene,2009-01-19T00:00,0.533,µg/m³,VOC,N/A
100111,ROCKY POINT PARK,1-Hexene,2009-01-25T00:00,0.109,µg/m³,VOC,N/A
100111,ROCKY POINT PARK,1-Hexene,2009-01-31T00:00,0.075,µg/m³,VOC,N/A
100111,ROCKY POINT PARK,1-Hexene,2009-02-06T00:00,0.154,µg/m³,VOC,N/A
100111,ROCKY POINT PARK,1-Hexene,2009-02-12T00:00,0.095,µg/m³,VOC,N/A
100111,ROCKY POINT PARK,1-Hexene,2009-02-18T00:00,0.256,µg/m³,VOC,N/A
100111,ROCKY POINT PARK,1-Hexene,2009-02-24T00:00,0.041,µg/m³,VOC,N/A
100111,ROCKY POINT PARK,1-Hexene,2009-03-02T00:00,0.104,µg/m³,VOC,N/A
100111,ROCKY POINT PARK,1-Hexene,2009-03-08T00:00,0.057,µg/m³,VOC,N/A
100111,ROCKY POINT PARK,1-Hexene,2009-03-14T00:00,0.026,µg/m³,VOC,N/A
100111,ROCKY POINT PARK,1-Hexene,2009-03-20T00:00,0.049,µg/m³,VOC,N/A
100111,ROCKY POINT PARK,1-Hexene,2009-03-26T00:00,0.050,µg/m³,VOC,N/A
100111,ROCKY POINT PARK,1-Hexene,2009-04-01T00:00,0.033,µg/m³,VOC,N/A
100111,ROCKY POINT PARK,1-Hexene,2009-04-07T00:00,0.107,µg/m³,VOC,N/A
100111,ROCKY POINT PARK,1-Hexene,2009-04-13T00:00,0.034,µg/m³,VOC,N/A
100111,ROCKY POINT PARK,1-Hexene,2009-04-19T00:00,0.070,µg/m³,VOC,N/A
100111,ROCKY POINT PARK,1-Hexene,2009-04-25T00:00,0.032,µg/m³,VOC,N/A
100111,ROCKY POINT PARK,1-Hexene,2009-05-01T00:00,0.130,µg/m³,VOC,N/A
100111,ROCKY POINT PARK,1-Hexene,2009-05-07T00:00,0.036,µg/m³,VOC,N/A
100111,ROCKY POINT PARK,1-Hexene,2009-05-19T00:00,0.043,µg/m³,VOC,N/A
100111,ROCKY POINT PARK,1-Hexene,2009-05-25T00:00,0.047,µg/m³,VOC,N/A
100111,ROCKY POINT PARK,1-Hexene,2009-05-31T00:00,0.187,µg/m³,VOC,N/A
100111,ROCKY POINT PARK,1-Hexene,2009-06-06T00:00,0.033,µg/m³,VOC,N/A
100111,ROCKY POINT PARK,1-Hexene,2009-06-12T00:00,0.063,µg/m³,VOC,N/A
100111,ROCKY POINT PARK,1-Hexene,2009-06-18T00:00,0.052,µg/m³,VOC,N/A
100111,ROCKY POINT PARK,1-Hexene,2009-06-30T00:00,0.170,µg/m³,VOC,N/A
100111,ROCKY POINT PARK,1-Hexene,2009-07-06T00:00,0.035,µg/m³,VOC,N/A
100111,ROCKY POINT PARK,1-Hexene,2009-07-12T00:00,0.058,µg/m³,VOC,N/A
100111,ROCKY POINT PARK,1-Hexene,2009-07-18T00:00,0.050,µg/m³,VOC,N/A
100111,ROCKY POINT PARK,1-Hexene,2009-07-24T00:00,0.164,µg/m³,VOC,N/A
100111,ROCKY POINT PARK,1-Hexene,2009-07-30T00:00,0.278,µg/m³,VOC,N/A
100111,ROCKY POINT PARK,1-Hexene,2009-08-05T00:00,0.038,µg/m³,VOC,N/A
100111,ROCKY POINT PARK,1-Hexene,2009-08-11T00:00,0.065,µg/m³,VOC,N/A
100111,ROCKY POINT PARK,1-Hexene,2009-08-17T00:00,0.144,µg/m³,VOC,N/A
100111,ROCKY POINT PARK,1-Hexene,2009-08-23T00:00,0.061,µg/m³,VOC,N/A
100111,ROCKY POINT PARK,1-Hexene,2009-08-29T00:00,0.052,µg/m³,VOC,N/A
100111,ROCKY POINT PARK,1-Hexene,2009-09-10T00:00,0.261,µg/m³,VOC,N/A
100111,ROCKY POINT PARK,1-Hexene,2009-09-16T00:00,0.200,µg/m³,VOC,N/A
100111,ROCKY POINT PARK,1-Hexene,2009-09-22T00:00,0.189,µg/m³,VOC,N/A
100111,ROCKY POINT PARK,1-Hexene,2009-09-28T00:00,0.113,µg/m³,VOC,N/A
100111,ROCKY POINT PARK,1-Hexene,2009-10-04T00:00,0.117,µg/m³,VOC,N/A
100111,ROCKY POINT PARK,1-Hexene,2009-10-10T00:00,0.062,µg/m³,VOC,N/A
100111,ROCKY POINT PARK,1-Hexene,2009-10-16T00:00,0.056,µg/m³,VOC,N/A
100111,ROCKY POINT PARK,1-Hexene,2009-10-22T00:00,0.082,µg/m³,VOC,N/A
100111,ROCKY POINT PARK,1-Hexene,2009-10-28T00:00,0.100,µg/m³,VOC,N/A
100111,ROCKY POINT PARK,1-Hexene,2009-11-03T00:00,0.127,µg/m³,VOC,N/A
100111,ROCKY POINT PARK,1-Hexene,2009-11-09T00:00,0.048,µg/m³,VOC,N/A
100111,ROCKY POINT PARK,1-Hexene,2009-11-15T00:00,0.032,µg/m³,VOC,N/A
100111,ROCKY POINT PARK,1-Hexene,2009-11-21T00:00,0.033,µg/m³,VOC,N/A
100111,ROCKY POINT PARK,1-Hexene,2009-11-27T00:00,0.043,µg/m³,VOC,N/A
100111,ROCKY POINT PARK,1-Hexene,2009-12-03T00:00,0.214,µg/m³,VOC,N/A
100111,ROCKY POINT PARK,1-Hexene,2009-12-09T00:00,0.096,µg/m³,VOC,N/A
100111,ROCKY POINT PARK,1-Hexene,2009-12-15T00:00,0.056,µg/m³,VOC,N/A
100111,ROCKY POINT PARK,1-Hexene,2009-12-21T00:00,0.028,µg/m³,VOC,N/A
100111,ROCKY POINT PARK,1-Hexene,2009-12-27T00:00,0.269,µg/m³,VOC,N/A
