﻿NAPS_Site_ID,Station_Name,Pollutant,Date,Value,Units,Report_Type,Method
30118,VOGUE BUILDING,Cyclopentane,1996-01-04T00:00,0.137,µg/m³,VOC,N/A
30118,VOGUE BUILDING,Cyclopentane,1996-01-10T00:00,0.474,µg/m³,VOC,N/A
30118,VOGUE BUILDING,Cyclopentane,1996-01-16T00:00,0.184,µg/m³,VOC,N/A
30118,VOGUE BUILDING,Cyclopentane,1996-01-22T00:00,0.361,µg/m³,VOC,N/A
30118,VOGUE BUILDING,Cyclopentane,1996-01-28T00:00,0.241,µg/m³,VOC,N/A
30118,VOGUE BUILDING,Cyclopentane,1996-02-03T00:00,0.182,µg/m³,VOC,N/A
30118,VOGUE BUILDING,Cyclopentane,1996-02-09T00:00,0.422,µg/m³,VOC,N/A
30118,VOGUE BUILDING,Cyclopentane,1996-02-15T00:00,0.240,µg/m³,VOC,N/A
30118,VOGUE BUILDING,Cyclopentane,1996-02-21T00:00,0.267,µg/m³,VOC,N/A
30118,VOGUE BUILDING,Cyclopentane,1996-02-27T00:00,0.115,µg/m³,VOC,N/A
30118,VOGUE BUILDING,Cyclopentane,1996-03-04T00:00,0.070,µg/m³,VOC,N/A
30118,VOGUE BUILDING,Cyclopentane,1996-03-10T00:00,0.114,µg/m³,VOC,N/A
30118,VOGUE BUILDING,Cyclopentane,1996-03-16T00:00,0.216,µg/m³,VOC,N/A
30118,VOGUE BUILDING,Cyclopentane,1996-03-22T00:00,0.317,µg/m³,VOC,N/A
30118,VOGUE BUILDING,Cyclopentane,1996-03-28T00:00,0.160,µg/m³,VOC,N/A
30118,VOGUE BUILDING,Cyclopentane,1996-04-03T00:00,0.076,µg/m³,VOC,N/A
30118,VOGUE BUILDING,Cyclopentane,1996-04-09T00:00,0.222,µg/m³,VOC,N/A
30118,VOGUE BUILDING,Cyclopentane,1996-04-15T00:00,0.145,µg/m³,VOC,N/A
30118,VOGUE BUILDING,Cyclopentane,1996-04-21T00:00,0.291,µg/m³,VOC,N/A
30118,VOGUE BUILDING,Cyclopentane,1996-04-27T00:00,0.379,µg/m³,VOC,N/A
30118,VOGUE BUILDING,Cyclopentane,1996-05-03T00:00,0.393,µg/m³,VOC,N/A
30118,VOGUE BUILDING,Cyclopentane,1996-05-09T00:00,0.199,µg/m³,VOC,N/A
30118,VOGUE BUILDING,Cyclopentane,1996-05-15T00:00,0.415,µg/m³,VOC,N/A
30118,VOGUE BUILDING,Cyclopentane,1996-05-21T00:00,0.991,µg/m³,VOC,N/A
30118,VOGUE BUILDING,Cyclopentane,1996-05-27T00:00,0.346,µg/m³,VOC,N/A
30118,VOGUE BUILDING,Cyclopentane,1996-06-02T00:00,0.267,µg/m³,VOC,N/A
30118,VOGUE BUILDING,Cyclopentane,1996-06-08T00:00,0.323,µg/m³,VOC,N/A
30118,VOGUE BUILDING,Cyclopentane,1996-06-14T00:00,0.428,µg/m³,VOC,N/A
30118,VOGUE BUILDING,Cyclopentane,1996-06-20T00:00,0.575,µg/m³,VOC,N/A
30118,VOGUE BUILDING,Cyclopentane,1996-06-26T00:00,0.101,µg/m³,VOC,N/A
30118,VOGUE BUILDING,Cyclopentane,1996-07-02T00:00,0.243,µg/m³,VOC,N/A
30118,VOGUE BUILDING,Cyclopentane,1996-07-08T00:00,1.600,µg/m³,VOC,N/A
30118,VOGUE BUILDING,Cyclopentane,1996-07-14T00:00,0.173,µg/m³,VOC,N/A
30118,VOGUE BUILDING,Cyclopentane,1996-07-20T00:00,0.115,µg/m³,VOC,N/A
30118,VOGUE BUILDING,Cyclopentane,1996-07-26T00:00,0.433,µg/m³,VOC,N/A
30118,VOGUE BUILDING,Cyclopentane,1996-08-01T00:00,0.681,µg/m³,VOC,N/A
30118,VOGUE BUILDING,Cyclopentane,1996-08-07T00:00,0.604,µg/m³,VOC,N/A
30118,VOGUE BUILDING,Cyclopentane,1996-08-13T00:00,0.564,µg/m³,VOC,N/A
30118,VOGUE BUILDING,Cyclopentane,1996-08-19T00:00,0.239,µg/m³,VOC,N/A
30118,VOGUE BUILDING,Cyclopentane,1996-08-25T00:00,0.178,µg/m³,VOC,N/A
30118,VOGUE BUILDING,Cyclopentane,1996-08-31T00:00,0.159,µg/m³,VOC,N/A
30118,VOGUE BUILDING,Cyclopentane,1996-09-06T00:00,0.211,µg/m³,VOC,N/A
30118,VOGUE BUILDING,Cyclopentane,1996-09-12T00:00,0.598,µg/m³,VOC,N/A
30118,VOGUE BUILDING,Cyclopentane,1996-09-24T00:00,0.174,µg/m³,VOC,N/A
30118,VOGUE BUILDING,Cyclopentane,1996-09-30T00:00,0.181,µg/m³,VOC,N/A
30118,VOGUE BUILDING,Cyclopentane,1996-10-06T00:00,0.435,µg/m³,VOC,N/A
30118,VOGUE BUILDING,Cyclopentane,1996-10-12T00:00,0.216,µg/m³,VOC,N/A
30118,VOGUE BUILDING,Cyclopentane,1996-10-24T00:00,0.595,µg/m³,VOC,N/A
30118,VOGUE BUILDING,Cyclopentane,1996-10-30T00:00,0.264,µg/m³,VOC,N/A
30118,VOGUE BUILDING,Cyclopentane,1996-11-05T00:00,0.303,µg/m³,VOC,N/A
30118,VOGUE BUILDING,Cyclopentane,1996-11-11T00:00,0.116,µg/m³,VOC,N/A
30118,VOGUE BUILDING,Cyclopentane,1996-11-17T00:00,0.055,µg/m³,VOC,N/A
30118,VOGUE BUILDING,Cyclopentane,1996-11-23T00:00,0.168,µg/m³,VOC,N/A
30118,VOGUE BUILDING,Cyclopentane,1996-11-29T00:00,0.200,µg/m³,VOC,N/A
30118,VOGUE BUILDING,Cyclopentane,1996-12-05T00:00,0.180,µg/m³,VOC,N/A
30118,VOGUE BUILDING,Cyclopentane,1996-12-11T00:00,0.420,µg/m³,VOC,N/A
30118,VOGUE BUILDING,Cyclopentane,1996-12-17T00:00,0.760,µg/m³,VOC,N/A
30118,VOGUE BUILDING,Cyclopentane,1996-12-23T00:00,0.740,µg/m³,VOC,N/A
30118,VOGUE BUILDING,Cyclopentane,1996-12-29T00:00,0.220,µg/m³,VOC,N/A
