﻿NAPS_Site_ID,Station_Name,Pollutant,Date,Value,Units,Report_Type,Method
60512,BEASLEY PARK _HAMILTON_DOWNTOWN_,Isoprene,1993-01-01T00:00,0.191,µg/m³,VOC,
60512,BEASLEY PARK _HAMILTON_DOWNTOWN_,Isoprene,1993-01-07T00:00,0.000,µg/m³,VOC,
60512,BEASLEY PARK _HAMILTON_DOWNTOWN_,Isoprene,1993-02-12T00:00,0.147,µg/m³,VOC,
60512,BEASLEY PARK _HAMILTON_DOWNTOWN_,Isoprene,1993-02-18T00:00,0.088,µg/m³,VOC,
60512,BEASLEY PARK _HAMILTON_DOWNTOWN_,Isoprene,1993-02-24T00:00,0.091,µg/m³,VOC,
60512,BEASLEY PARK _HAMILTON_DOWNTOWN_,Isoprene,1993-03-02T00:00,0.231,µg/m³,VOC,
60512,BEASLEY PARK _HAMILTON_DOWNTOWN_,Isoprene,1993-03-08T00:00,0.173,µg/m³,VOC,
60512,BEASLEY PARK _HAMILTON_DOWNTOWN_,Isoprene,1993-03-14T00:00,0.113,µg/m³,VOC,
60512,BEASLEY PARK _HAMILTON_DOWNTOWN_,Isoprene,1993-03-20T00:00,0.135,µg/m³,VOC,
60512,BEASLEY PARK _HAMILTON_DOWNTOWN_,Isoprene,1993-03-26T00:00,0.227,µg/m³,VOC,
60512,BEASLEY PARK _HAMILTON_DOWNTOWN_,Isoprene,1993-04-01T00:00,0.058,µg/m³,VOC,
60512,BEASLEY PARK _HAMILTON_DOWNTOWN_,Isoprene,1993-04-13T00:00,0.181,µg/m³,VOC,
60512,BEASLEY PARK _HAMILTON_DOWNTOWN_,Isoprene,1993-04-19T00:00,0.137,µg/m³,VOC,
60512,BEASLEY PARK _HAMILTON_DOWNTOWN_,Isoprene,1993-04-25T00:00,0.071,µg/m³,VOC,
60512,BEASLEY PARK _HAMILTON_DOWNTOWN_,Isoprene,1993-05-02T00:00,0.067,µg/m³,VOC,
60512,BEASLEY PARK _HAMILTON_DOWNTOWN_,Isoprene,1993-05-13T00:00,0.208,µg/m³,VOC,
60512,BEASLEY PARK _HAMILTON_DOWNTOWN_,Isoprene,1993-05-19T00:00,0.114,µg/m³,VOC,
60512,BEASLEY PARK _HAMILTON_DOWNTOWN_,Isoprene,1993-05-25T00:00,0.128,µg/m³,VOC,
60512,BEASLEY PARK _HAMILTON_DOWNTOWN_,Isoprene,1993-06-06T00:00,0.115,µg/m³,VOC,
60512,BEASLEY PARK _HAMILTON_DOWNTOWN_,Isoprene,1993-06-12T00:00,0.285,µg/m³,VOC,
60512,BEASLEY PARK _HAMILTON_DOWNTOWN_,Isoprene,1993-06-19T00:00,0.240,µg/m³,VOC,
60512,BEASLEY PARK _HAMILTON_DOWNTOWN_,Isoprene,1993-06-24T00:00,0.373,µg/m³,VOC,
60512,BEASLEY PARK _HAMILTON_DOWNTOWN_,Isoprene,1993-06-30T00:00,0.351,µg/m³,VOC,
60512,BEASLEY PARK _HAMILTON_DOWNTOWN_,Isoprene,1993-07-18T00:00,0.219,µg/m³,VOC,
60512,BEASLEY PARK _HAMILTON_DOWNTOWN_,Isoprene,1993-07-24T00:00,0.641,µg/m³,VOC,
60512,BEASLEY PARK _HAMILTON_DOWNTOWN_,Isoprene,1993-07-30T00:00,0.479,µg/m³,VOC,
60512,BEASLEY PARK _HAMILTON_DOWNTOWN_,Isoprene,1993-08-05T00:00,0.263,µg/m³,VOC,
60512,BEASLEY PARK _HAMILTON_DOWNTOWN_,Isoprene,1993-09-04T00:00,0.365,µg/m³,VOC,
60512,BEASLEY PARK _HAMILTON_DOWNTOWN_,Isoprene,1993-09-10T00:00,0.203,µg/m³,VOC,
60512,BEASLEY PARK _HAMILTON_DOWNTOWN_,Isoprene,1993-09-16T00:00,0.249,µg/m³,VOC,
60512,BEASLEY PARK _HAMILTON_DOWNTOWN_,Isoprene,1993-09-28T00:00,0.215,µg/m³,VOC,
60512,BEASLEY PARK _HAMILTON_DOWNTOWN_,Isoprene,1993-10-04T00:00,0.202,µg/m³,VOC,
60512,BEASLEY PARK _HAMILTON_DOWNTOWN_,Isoprene,1993-10-10T00:00,0.129,µg/m³,VOC,
60512,BEASLEY PARK _HAMILTON_DOWNTOWN_,Isoprene,1993-10-16T00:00,0.747,µg/m³,VOC,
60512,BEASLEY PARK _HAMILTON_DOWNTOWN_,Isoprene,1993-10-22T00:00,0.233,µg/m³,VOC,
60512,BEASLEY PARK _HAMILTON_DOWNTOWN_,Isoprene,1993-11-03T00:00,0.160,µg/m³,VOC,
60512,BEASLEY PARK _HAMILTON_DOWNTOWN_,Isoprene,1993-11-09T00:00,0.230,µg/m³,VOC,
60512,BEASLEY PARK _HAMILTON_DOWNTOWN_,Isoprene,1993-11-15T00:00,0.163,µg/m³,VOC,
60512,BEASLEY PARK _HAMILTON_DOWNTOWN_,Isoprene,1993-11-21T00:00,0.105,µg/m³,VOC,
60512,BEASLEY PARK _HAMILTON_DOWNTOWN_,Isoprene,1993-11-27T00:00,0.324,µg/m³,VOC,
60512,BEASLEY PARK _HAMILTON_DOWNTOWN_,Isoprene,1993-12-09T00:00,0.168,µg/m³,VOC,
60512,BEASLEY PARK _HAMILTON_DOWNTOWN_,Isoprene,1993-12-15T00:00,0.143,µg/m³,VOC,
60512,BEASLEY PARK _HAMILTON_DOWNTOWN_,Isoprene,1993-12-21T00:00,0.200,µg/m³,VOC,
60512,BEASLEY PARK _HAMILTON_DOWNTOWN_,Isoprene,1993-12-27T00:00,0.150,µg/m³,VOC,
