﻿NAPS_Site_ID,Station_Name,Pollutant,Date,Value,Units,Report_Type,Method
50134,MONTRÉAL-MOLSON or MONTRÉAL-SAINT-JOSEPH,Strontium,2008-12-31T19:00,0.001,µg/m³,DICHOT,EDXRF
50134,MONTRÉAL-MOLSON or MONTRÉAL-SAINT-JOSEPH,Strontium,2008-12-31T19:00,0.004,µg/m³,DICHOT,EDXRF
50134,MONTRÉAL-MOLSON or MONTRÉAL-SAINT-JOSEPH,Strontium,2009-01-06T19:00,0.002,µg/m³,DICHOT,EDXRF
50134,MONTRÉAL-MOLSON or MONTRÉAL-SAINT-JOSEPH,Strontium,2009-01-06T19:00,0.003,µg/m³,DICHOT,EDXRF
50134,MONTRÉAL-MOLSON or MONTRÉAL-SAINT-JOSEPH,Strontium,2009-01-12T19:00,0.002,µg/m³,DICHOT,EDXRF
50134,MONTRÉAL-MOLSON or MONTRÉAL-SAINT-JOSEPH,Strontium,2009-01-12T19:00,0.003,µg/m³,DICHOT,EDXRF
50134,MONTRÉAL-MOLSON or MONTRÉAL-SAINT-JOSEPH,Strontium,2009-01-24T19:00,0.002,µg/m³,DICHOT,EDXRF
50134,MONTRÉAL-MOLSON or MONTRÉAL-SAINT-JOSEPH,Strontium,2009-01-24T19:00,0.004,µg/m³,DICHOT,EDXRF
50134,MONTRÉAL-MOLSON or MONTRÉAL-SAINT-JOSEPH,Strontium,2009-01-30T19:00,0.001,µg/m³,DICHOT,EDXRF
50134,MONTRÉAL-MOLSON or MONTRÉAL-SAINT-JOSEPH,Strontium,2009-01-30T19:00,0.002,µg/m³,DICHOT,EDXRF
50134,MONTRÉAL-MOLSON or MONTRÉAL-SAINT-JOSEPH,Strontium,2009-02-05T19:00,0.002,µg/m³,DICHOT,EDXRF
50134,MONTRÉAL-MOLSON or MONTRÉAL-SAINT-JOSEPH,Strontium,2009-02-05T19:00,0.006,µg/m³,DICHOT,EDXRF
50134,MONTRÉAL-MOLSON or MONTRÉAL-SAINT-JOSEPH,Strontium,2009-02-11T19:00,0.002,µg/m³,DICHOT,EDXRF
50134,MONTRÉAL-MOLSON or MONTRÉAL-SAINT-JOSEPH,Strontium,2009-02-11T19:00,0.003,µg/m³,DICHOT,EDXRF
50134,MONTRÉAL-MOLSON or MONTRÉAL-SAINT-JOSEPH,Strontium,2009-02-17T19:00,0.001,µg/m³,DICHOT,EDXRF
50134,MONTRÉAL-MOLSON or MONTRÉAL-SAINT-JOSEPH,Strontium,2009-02-17T19:00,0.010,µg/m³,DICHOT,EDXRF
50134,MONTRÉAL-MOLSON or MONTRÉAL-SAINT-JOSEPH,Strontium,2009-02-23T19:00,0.001,µg/m³,DICHOT,EDXRF
50134,MONTRÉAL-MOLSON or MONTRÉAL-SAINT-JOSEPH,Strontium,2009-02-23T19:00,0.002,µg/m³,DICHOT,EDXRF
50134,MONTRÉAL-MOLSON or MONTRÉAL-SAINT-JOSEPH,Strontium,2009-03-01T19:00,0.003,µg/m³,DICHOT,EDXRF
50134,MONTRÉAL-MOLSON or MONTRÉAL-SAINT-JOSEPH,Strontium,2009-03-01T19:00,0.004,µg/m³,DICHOT,EDXRF
50134,MONTRÉAL-MOLSON or MONTRÉAL-SAINT-JOSEPH,Strontium,2009-03-07T19:00,0.002,µg/m³,DICHOT,EDXRF
50134,MONTRÉAL-MOLSON or MONTRÉAL-SAINT-JOSEPH,Strontium,2009-03-07T19:00,0.003,µg/m³,DICHOT,EDXRF
50134,MONTRÉAL-MOLSON or MONTRÉAL-SAINT-JOSEPH,Strontium,2009-03-13T20:00,0.001,µg/m³,DICHOT,EDXRF
50134,MONTRÉAL-MOLSON or MONTRÉAL-SAINT-JOSEPH,Strontium,2009-03-13T20:00,0.006,µg/m³,DICHOT,EDXRF
50134,MONTRÉAL-MOLSON or MONTRÉAL-SAINT-JOSEPH,Strontium,2009-03-19T20:00,0.003,µg/m³,DICHOT,EDXRF
50134,MONTRÉAL-MOLSON or MONTRÉAL-SAINT-JOSEPH,Strontium,2009-03-19T20:00,0.004,µg/m³,DICHOT,EDXRF
50134,MONTRÉAL-MOLSON or MONTRÉAL-SAINT-JOSEPH,Strontium,2009-03-25T20:00,0.003,µg/m³,DICHOT,EDXRF
50134,MONTRÉAL-MOLSON or MONTRÉAL-SAINT-JOSEPH,Strontium,2009-03-25T20:00,0.009,µg/m³,DICHOT,EDXRF
50134,MONTRÉAL-MOLSON or MONTRÉAL-SAINT-JOSEPH,Strontium,2009-03-31T20:00,0.001,µg/m³,DICHOT,EDXRF
50134,MONTRÉAL-MOLSON or MONTRÉAL-SAINT-JOSEPH,Strontium,2009-03-31T20:00,0.005,µg/m³,DICHOT,EDXRF
50134,MONTRÉAL-MOLSON or MONTRÉAL-SAINT-JOSEPH,Strontium,2009-04-06T20:00,0.001,µg/m³,DICHOT,EDXRF
50134,MONTRÉAL-MOLSON or MONTRÉAL-SAINT-JOSEPH,Strontium,2009-04-06T20:00,0.005,µg/m³,DICHOT,EDXRF
50134,MONTRÉAL-MOLSON or MONTRÉAL-SAINT-JOSEPH,Strontium,2009-04-12T20:00,0.002,µg/m³,DICHOT,EDXRF
50134,MONTRÉAL-MOLSON or MONTRÉAL-SAINT-JOSEPH,Strontium,2009-04-12T20:00,0.002,µg/m³,DICHOT,EDXRF
50134,MONTRÉAL-MOLSON or MONTRÉAL-SAINT-JOSEPH,Strontium,2009-04-18T20:00,0.001,µg/m³,DICHOT,EDXRF
50134,MONTRÉAL-MOLSON or MONTRÉAL-SAINT-JOSEPH,Strontium,2009-04-18T20:00,0.002,µg/m³,DICHOT,EDXRF
50134,MONTRÉAL-MOLSON or MONTRÉAL-SAINT-JOSEPH,Strontium,2009-04-24T20:00,0.001,µg/m³,DICHOT,EDXRF
50134,MONTRÉAL-MOLSON or MONTRÉAL-SAINT-JOSEPH,Strontium,2009-04-24T20:00,0.005,µg/m³,DICHOT,EDXRF
50134,MONTRÉAL-MOLSON or MONTRÉAL-SAINT-JOSEPH,Strontium,2009-04-30T20:00,0.003,µg/m³,DICHOT,EDXRF
50134,MONTRÉAL-MOLSON or MONTRÉAL-SAINT-JOSEPH,Strontium,2009-04-30T20:00,0.005,µg/m³,DICHOT,EDXRF
50134,MONTRÉAL-MOLSON or MONTRÉAL-SAINT-JOSEPH,Strontium,2009-05-06T20:00,0.001,µg/m³,DICHOT,EDXRF
50134,MONTRÉAL-MOLSON or MONTRÉAL-SAINT-JOSEPH,Strontium,2009-05-06T20:00,0.002,µg/m³,DICHOT,EDXRF
50134,MONTRÉAL-MOLSON or MONTRÉAL-SAINT-JOSEPH,Strontium,2009-05-12T20:00,0.006,µg/m³,DICHOT,EDXRF
50134,MONTRÉAL-MOLSON or MONTRÉAL-SAINT-JOSEPH,Strontium,2009-05-12T20:00,0.015,µg/m³,DICHOT,EDXRF
50134,MONTRÉAL-MOLSON or MONTRÉAL-SAINT-JOSEPH,Strontium,2009-05-18T20:00,0.002,µg/m³,DICHOT,EDXRF
50134,MONTRÉAL-MOLSON or MONTRÉAL-SAINT-JOSEPH,Strontium,2009-05-18T20:00,0.002,µg/m³,DICHOT,EDXRF
50134,MONTRÉAL-MOLSON or MONTRÉAL-SAINT-JOSEPH,Strontium,2009-05-24T20:00,0.000,µg/m³,DICHOT,EDXRF
50134,MONTRÉAL-MOLSON or MONTRÉAL-SAINT-JOSEPH,Strontium,2009-05-24T20:00,0.002,µg/m³,DICHOT,EDXRF
50134,MONTRÉAL-MOLSON or MONTRÉAL-SAINT-JOSEPH,Strontium,2009-06-05T20:00,0.001,µg/m³,DICHOT,EDXRF
50134,MONTRÉAL-MOLSON or MONTRÉAL-SAINT-JOSEPH,Strontium,2009-06-05T20:00,0.006,µg/m³,DICHOT,EDXRF
50134,MONTRÉAL-MOLSON or MONTRÉAL-SAINT-JOSEPH,Strontium,2009-06-11T20:00,0.002,µg/m³,DICHOT,EDXRF
50134,MONTRÉAL-MOLSON or MONTRÉAL-SAINT-JOSEPH,Strontium,2009-06-11T20:00,0.004,µg/m³,DICHOT,EDXRF
50134,MONTRÉAL-MOLSON or MONTRÉAL-SAINT-JOSEPH,Strontium,2009-06-17T20:00,0.000,µg/m³,DICHOT,EDXRF
50134,MONTRÉAL-MOLSON or MONTRÉAL-SAINT-JOSEPH,Strontium,2009-06-17T20:00,0.000,µg/m³,DICHOT,EDXRF
50134,MONTRÉAL-MOLSON or MONTRÉAL-SAINT-JOSEPH,Strontium,2009-06-23T20:00,0.000,µg/m³,DICHOT,EDXRF
50134,MONTRÉAL-MOLSON or MONTRÉAL-SAINT-JOSEPH,Strontium,2009-06-23T20:00,0.000,µg/m³,DICHOT,EDXRF
50134,MONTRÉAL-MOLSON or MONTRÉAL-SAINT-JOSEPH,Strontium,2009-06-29T20:00,0.000,µg/m³,DICHOT,EDXRF
50134,MONTRÉAL-MOLSON or MONTRÉAL-SAINT-JOSEPH,Strontium,2009-06-29T20:00,0.000,µg/m³,DICHOT,EDXRF
50134,MONTRÉAL-MOLSON or MONTRÉAL-SAINT-JOSEPH,Strontium,2009-07-05T20:00,0.000,µg/m³,DICHOT,EDXRF
50134,MONTRÉAL-MOLSON or MONTRÉAL-SAINT-JOSEPH,Strontium,2009-07-05T20:00,0.000,µg/m³,DICHOT,EDXRF
50134,MONTRÉAL-MOLSON or MONTRÉAL-SAINT-JOSEPH,Strontium,2009-07-11T20:00,0.000,µg/m³,DICHOT,EDXRF
50134,MONTRÉAL-MOLSON or MONTRÉAL-SAINT-JOSEPH,Strontium,2009-07-11T20:00,0.000,µg/m³,DICHOT,EDXRF
50134,MONTRÉAL-MOLSON or MONTRÉAL-SAINT-JOSEPH,Strontium,2009-07-17T20:00,0.000,µg/m³,DICHOT,EDXRF
50134,MONTRÉAL-MOLSON or MONTRÉAL-SAINT-JOSEPH,Strontium,2009-07-17T20:00,0.000,µg/m³,DICHOT,EDXRF
50134,MONTRÉAL-MOLSON or MONTRÉAL-SAINT-JOSEPH,Strontium,2009-07-23T20:00,0.000,µg/m³,DICHOT,EDXRF
50134,MONTRÉAL-MOLSON or MONTRÉAL-SAINT-JOSEPH,Strontium,2009-07-23T20:00,0.000,µg/m³,DICHOT,EDXRF
50134,MONTRÉAL-MOLSON or MONTRÉAL-SAINT-JOSEPH,Strontium,2009-07-29T20:00,0.000,µg/m³,DICHOT,EDXRF
50134,MONTRÉAL-MOLSON or MONTRÉAL-SAINT-JOSEPH,Strontium,2009-07-29T20:00,0.000,µg/m³,DICHOT,EDXRF
50134,MONTRÉAL-MOLSON or MONTRÉAL-SAINT-JOSEPH,Strontium,2009-08-04T20:00,0.000,µg/m³,DICHOT,EDXRF
50134,MONTRÉAL-MOLSON or MONTRÉAL-SAINT-JOSEPH,Strontium,2009-08-04T20:00,0.003,µg/m³,DICHOT,EDXRF
50134,MONTRÉAL-MOLSON or MONTRÉAL-SAINT-JOSEPH,Strontium,2009-08-10T20:00,0.001,µg/m³,DICHOT,EDXRF
50134,MONTRÉAL-MOLSON or MONTRÉAL-SAINT-JOSEPH,Strontium,2009-08-10T20:00,0.002,µg/m³,DICHOT,EDXRF
50134,MONTRÉAL-MOLSON or MONTRÉAL-SAINT-JOSEPH,Strontium,2009-08-16T20:00,0.002,µg/m³,DICHOT,EDXRF
50134,MONTRÉAL-MOLSON or MONTRÉAL-SAINT-JOSEPH,Strontium,2009-08-16T20:00,0.005,µg/m³,DICHOT,EDXRF
50134,MONTRÉAL-MOLSON or MONTRÉAL-SAINT-JOSEPH,Strontium,2009-08-22T20:00,0.000,µg/m³,DICHOT,EDXRF
50134,MONTRÉAL-MOLSON or MONTRÉAL-SAINT-JOSEPH,Strontium,2009-08-22T20:00,0.000,µg/m³,DICHOT,EDXRF
50134,MONTRÉAL-MOLSON or MONTRÉAL-SAINT-JOSEPH,Strontium,2009-08-28T20:00,0.000,µg/m³,DICHOT,EDXRF
50134,MONTRÉAL-MOLSON or MONTRÉAL-SAINT-JOSEPH,Strontium,2009-08-28T20:00,0.002,µg/m³,DICHOT,EDXRF
50134,MONTRÉAL-MOLSON or MONTRÉAL-SAINT-JOSEPH,Strontium,2009-09-03T20:00,0.001,µg/m³,DICHOT,EDXRF
50134,MONTRÉAL-MOLSON or MONTRÉAL-SAINT-JOSEPH,Strontium,2009-09-03T20:00,0.004,µg/m³,DICHOT,EDXRF
50134,MONTRÉAL-MOLSON or MONTRÉAL-SAINT-JOSEPH,Strontium,2009-09-09T20:00,0.000,µg/m³,DICHOT,EDXRF
50134,MONTRÉAL-MOLSON or MONTRÉAL-SAINT-JOSEPH,Strontium,2009-09-09T20:00,0.004,µg/m³,DICHOT,EDXRF
50134,MONTRÉAL-MOLSON or MONTRÉAL-SAINT-JOSEPH,Strontium,2009-09-15T20:00,0.000,µg/m³,DICHOT,EDXRF
50134,MONTRÉAL-MOLSON or MONTRÉAL-SAINT-JOSEPH,Strontium,2009-09-15T20:00,0.001,µg/m³,DICHOT,EDXRF
50134,MONTRÉAL-MOLSON or MONTRÉAL-SAINT-JOSEPH,Strontium,2009-09-21T20:00,0.001,µg/m³,DICHOT,EDXRF
50134,MONTRÉAL-MOLSON or MONTRÉAL-SAINT-JOSEPH,Strontium,2009-09-21T20:00,0.002,µg/m³,DICHOT,EDXRF
50134,MONTRÉAL-MOLSON or MONTRÉAL-SAINT-JOSEPH,Strontium,2009-09-27T20:00,0.001,µg/m³,DICHOT,EDXRF
50134,MONTRÉAL-MOLSON or MONTRÉAL-SAINT-JOSEPH,Strontium,2009-09-27T20:00,0.001,µg/m³,DICHOT,EDXRF
50134,MONTRÉAL-MOLSON or MONTRÉAL-SAINT-JOSEPH,Strontium,2009-10-03T20:00,0.001,µg/m³,DICHOT,EDXRF
50134,MONTRÉAL-MOLSON or MONTRÉAL-SAINT-JOSEPH,Strontium,2009-10-03T20:00,0.002,µg/m³,DICHOT,EDXRF
50134,MONTRÉAL-MOLSON or MONTRÉAL-SAINT-JOSEPH,Strontium,2009-10-09T20:00,0.000,µg/m³,DICHOT,EDXRF
50134,MONTRÉAL-MOLSON or MONTRÉAL-SAINT-JOSEPH,Strontium,2009-10-09T20:00,0.000,µg/m³,DICHOT,EDXRF
50134,MONTRÉAL-MOLSON or MONTRÉAL-SAINT-JOSEPH,Strontium,2009-10-15T20:00,0.000,µg/m³,DICHOT,EDXRF
50134,MONTRÉAL-MOLSON or MONTRÉAL-SAINT-JOSEPH,Strontium,2009-10-15T20:00,0.001,µg/m³,DICHOT,EDXRF
50134,MONTRÉAL-MOLSON or MONTRÉAL-SAINT-JOSEPH,Strontium,2009-10-21T20:00,0.000,µg/m³,DICHOT,EDXRF
50134,MONTRÉAL-MOLSON or MONTRÉAL-SAINT-JOSEPH,Strontium,2009-10-21T20:00,0.000,µg/m³,DICHOT,EDXRF
50134,MONTRÉAL-MOLSON or MONTRÉAL-SAINT-JOSEPH,Strontium,2009-10-27T20:00,0.001,µg/m³,DICHOT,EDXRF
50134,MONTRÉAL-MOLSON or MONTRÉAL-SAINT-JOSEPH,Strontium,2009-10-27T20:00,0.003,µg/m³,DICHOT,EDXRF
50134,MONTRÉAL-MOLSON or MONTRÉAL-SAINT-JOSEPH,Strontium,2009-11-02T19:00,0.001,µg/m³,DICHOT,EDXRF
50134,MONTRÉAL-MOLSON or MONTRÉAL-SAINT-JOSEPH,Strontium,2009-11-02T19:00,0.002,µg/m³,DICHOT,EDXRF
50134,MONTRÉAL-MOLSON or MONTRÉAL-SAINT-JOSEPH,Strontium,2009-11-08T19:00,0.001,µg/m³,DICHOT,EDXRF
50134,MONTRÉAL-MOLSON or MONTRÉAL-SAINT-JOSEPH,Strontium,2009-11-08T19:00,0.004,µg/m³,DICHOT,EDXRF
50134,MONTRÉAL-MOLSON or MONTRÉAL-SAINT-JOSEPH,Strontium,2009-11-14T19:00,0.001,µg/m³,DICHOT,EDXRF
50134,MONTRÉAL-MOLSON or MONTRÉAL-SAINT-JOSEPH,Strontium,2009-11-14T19:00,0.002,µg/m³,DICHOT,EDXRF
50134,MONTRÉAL-MOLSON or MONTRÉAL-SAINT-JOSEPH,Strontium,2009-11-20T19:00,0.001,µg/m³,DICHOT,EDXRF
50134,MONTRÉAL-MOLSON or MONTRÉAL-SAINT-JOSEPH,Strontium,2009-11-20T19:00,0.002,µg/m³,DICHOT,EDXRF
50134,MONTRÉAL-MOLSON or MONTRÉAL-SAINT-JOSEPH,Strontium,2009-11-26T19:00,0.001,µg/m³,DICHOT,EDXRF
50134,MONTRÉAL-MOLSON or MONTRÉAL-SAINT-JOSEPH,Strontium,2009-11-26T19:00,0.002,µg/m³,DICHOT,EDXRF
50134,MONTRÉAL-MOLSON or MONTRÉAL-SAINT-JOSEPH,Strontium,2009-12-02T19:00,0.001,µg/m³,DICHOT,EDXRF
50134,MONTRÉAL-MOLSON or MONTRÉAL-SAINT-JOSEPH,Strontium,2009-12-02T19:00,0.001,µg/m³,DICHOT,EDXRF
50134,MONTRÉAL-MOLSON or MONTRÉAL-SAINT-JOSEPH,Strontium,2009-12-08T19:00,0.002,µg/m³,DICHOT,EDXRF
50134,MONTRÉAL-MOLSON or MONTRÉAL-SAINT-JOSEPH,Strontium,2009-12-08T19:00,0.002,µg/m³,DICHOT,EDXRF
50134,MONTRÉAL-MOLSON or MONTRÉAL-SAINT-JOSEPH,Strontium,2009-12-14T19:00,0.001,µg/m³,DICHOT,EDXRF
50134,MONTRÉAL-MOLSON or MONTRÉAL-SAINT-JOSEPH,Strontium,2009-12-14T19:00,0.001,µg/m³,DICHOT,EDXRF
50134,MONTRÉAL-MOLSON or MONTRÉAL-SAINT-JOSEPH,Strontium,2009-12-20T19:00,0.000,µg/m³,DICHOT,EDXRF
50134,MONTRÉAL-MOLSON or MONTRÉAL-SAINT-JOSEPH,Strontium,2009-12-20T19:00,0.002,µg/m³,DICHOT,EDXRF
