﻿NAPS_Site_ID,Station_Name,Pollutant,Date,Value,Units,Report_Type,Method
40208,CHAMPLAIN HEIGHTS SCHOOL,Heptane,2014-01-04T19:00,0.295,µg/m³,VOC,
40208,CHAMPLAIN HEIGHTS SCHOOL,Heptane,2014-01-10T19:00,4.209,µg/m³,VOC,
40208,CHAMPLAIN HEIGHTS SCHOOL,Heptane,2014-01-16T19:00,2.522,µg/m³,VOC,
40208,CHAMPLAIN HEIGHTS SCHOOL,Heptane,2014-01-22T19:00,0.891,µg/m³,VOC,
40208,CHAMPLAIN HEIGHTS SCHOOL,Heptane,2014-02-09T19:00,0.186,µg/m³,VOC,
40208,CHAMPLAIN HEIGHTS SCHOOL,Heptane,2014-02-15T19:00,0.186,µg/m³,VOC,
40208,CHAMPLAIN HEIGHTS SCHOOL,Heptane,2014-02-21T19:00,4.550,µg/m³,VOC,
40208,CHAMPLAIN HEIGHTS SCHOOL,Heptane,2014-02-27T19:00,0.260,µg/m³,VOC,
40208,CHAMPLAIN HEIGHTS SCHOOL,Heptane,2014-03-05T19:00,0.070,µg/m³,VOC,
40208,CHAMPLAIN HEIGHTS SCHOOL,Heptane,2014-03-11T20:00,1.480,µg/m³,VOC,
40208,CHAMPLAIN HEIGHTS SCHOOL,Heptane,2014-03-17T20:00,0.212,µg/m³,VOC,
40208,CHAMPLAIN HEIGHTS SCHOOL,Heptane,2014-04-16T20:00,0.232,µg/m³,VOC,
40208,CHAMPLAIN HEIGHTS SCHOOL,Heptane,2014-04-22T20:00,0.062,µg/m³,VOC,
40208,CHAMPLAIN HEIGHTS SCHOOL,Heptane,2014-04-28T20:00,0.018,µg/m³,VOC,
40208,CHAMPLAIN HEIGHTS SCHOOL,Heptane,2014-05-16T20:00,0.952,µg/m³,VOC,
40208,CHAMPLAIN HEIGHTS SCHOOL,Heptane,2014-05-22T20:00,0.046,µg/m³,VOC,
40208,CHAMPLAIN HEIGHTS SCHOOL,Heptane,2014-05-28T20:00,2.524,µg/m³,VOC,
40208,CHAMPLAIN HEIGHTS SCHOOL,Heptane,2014-06-03T20:00,2.814,µg/m³,VOC,
40208,CHAMPLAIN HEIGHTS SCHOOL,Heptane,2014-06-09T20:00,0.274,µg/m³,VOC,
40208,CHAMPLAIN HEIGHTS SCHOOL,Heptane,2014-06-15T20:00,0.412,µg/m³,VOC,
40208,CHAMPLAIN HEIGHTS SCHOOL,Heptane,2014-06-21T20:00,4.036,µg/m³,VOC,
40208,CHAMPLAIN HEIGHTS SCHOOL,Heptane,2014-06-27T20:00,7.930,µg/m³,VOC,
40208,CHAMPLAIN HEIGHTS SCHOOL,Heptane,2014-07-03T20:00,7.404,µg/m³,VOC,
40208,CHAMPLAIN HEIGHTS SCHOOL,Heptane,2014-07-09T20:00,7.540,µg/m³,VOC,
40208,CHAMPLAIN HEIGHTS SCHOOL,Heptane,2014-07-15T20:00,6.602,µg/m³,VOC,
40208,CHAMPLAIN HEIGHTS SCHOOL,Heptane,2014-07-21T20:00,7.652,µg/m³,VOC,
40208,CHAMPLAIN HEIGHTS SCHOOL,Heptane,2014-07-27T20:00,1.656,µg/m³,VOC,
40208,CHAMPLAIN HEIGHTS SCHOOL,Heptane,2014-08-02T20:00,4.812,µg/m³,VOC,
40208,CHAMPLAIN HEIGHTS SCHOOL,Heptane,2014-08-08T20:00,0.094,µg/m³,VOC,
40208,CHAMPLAIN HEIGHTS SCHOOL,Heptane,2014-08-14T20:00,3.100,µg/m³,VOC,
40208,CHAMPLAIN HEIGHTS SCHOOL,Heptane,2014-08-26T20:00,11.034,µg/m³,VOC,
40208,CHAMPLAIN HEIGHTS SCHOOL,Heptane,2014-09-01T20:00,5.780,µg/m³,VOC,
40208,CHAMPLAIN HEIGHTS SCHOOL,Heptane,2014-09-07T20:00,1.056,µg/m³,VOC,
40208,CHAMPLAIN HEIGHTS SCHOOL,Heptane,2014-09-13T20:00,0.054,µg/m³,VOC,
40208,CHAMPLAIN HEIGHTS SCHOOL,Heptane,2014-09-19T20:00,6.348,µg/m³,VOC,
40208,CHAMPLAIN HEIGHTS SCHOOL,Heptane,2014-09-25T20:00,7.326,µg/m³,VOC,
40208,CHAMPLAIN HEIGHTS SCHOOL,Heptane,2014-10-01T20:00,0.050,µg/m³,VOC,
40208,CHAMPLAIN HEIGHTS SCHOOL,Heptane,2014-10-13T20:00,4.894,µg/m³,VOC,
40208,CHAMPLAIN HEIGHTS SCHOOL,Heptane,2014-10-19T20:00,0.278,µg/m³,VOC,
40208,CHAMPLAIN HEIGHTS SCHOOL,Heptane,2014-10-25T20:00,0.364,µg/m³,VOC,
40208,CHAMPLAIN HEIGHTS SCHOOL,Heptane,2014-10-31T20:00,0.036,µg/m³,VOC,
40208,CHAMPLAIN HEIGHTS SCHOOL,Heptane,2014-11-18T19:00,0.458,µg/m³,VOC,
40208,CHAMPLAIN HEIGHTS SCHOOL,Heptane,2014-11-24T19:00,3.204,µg/m³,VOC,
40208,CHAMPLAIN HEIGHTS SCHOOL,Heptane,2014-11-30T19:00,2.082,µg/m³,VOC,
40208,CHAMPLAIN HEIGHTS SCHOOL,Heptane,2014-12-06T19:00,0.064,µg/m³,VOC,
40208,CHAMPLAIN HEIGHTS SCHOOL,Heptane,2014-12-12T19:00,0.444,µg/m³,VOC,
40208,CHAMPLAIN HEIGHTS SCHOOL,Heptane,2014-12-18T19:00,0.066,µg/m³,VOC,
40208,CHAMPLAIN HEIGHTS SCHOOL,Heptane,2014-12-24T19:00,2.746,µg/m³,VOC,
40208,CHAMPLAIN HEIGHTS SCHOOL,Heptane,2014-12-30T19:00,0.364,µg/m³,VOC,
