﻿NAPS_Site_ID,Station_Name,Pollutant,Date,Value,Units,Report_Type,Method
60204,WINDSOR DOWNTOWN,Freon 22,1989-02-21T00:00,0.301,µg/m³,VOC,GC-MS
60204,WINDSOR DOWNTOWN,Freon 22,1989-03-11T00:00,0.565,µg/m³,VOC,GC-MS
60204,WINDSOR DOWNTOWN,Freon 22,1989-03-17T00:00,0.408,µg/m³,VOC,GC-MS
60204,WINDSOR DOWNTOWN,Freon 22,1989-03-23T00:00,0.408,µg/m³,VOC,GC-MS
60204,WINDSOR DOWNTOWN,Freon 22,1989-03-29T00:00,0.899,µg/m³,VOC,GC-MS
60204,WINDSOR DOWNTOWN,Freon 22,1989-04-04T00:00,0.348,µg/m³,VOC,GC-MS
60204,WINDSOR DOWNTOWN,Freon 22,1989-04-16T00:00,0.529,µg/m³,VOC,GC-MS
60204,WINDSOR DOWNTOWN,Freon 22,1989-04-22T00:00,0.649,µg/m³,VOC,GC-MS
60204,WINDSOR DOWNTOWN,Freon 22,1989-05-16T00:00,1.270,µg/m³,VOC,GC-MS
60204,WINDSOR DOWNTOWN,Freon 22,1989-05-22T00:00,1.349,µg/m³,VOC,GC-MS
60204,WINDSOR DOWNTOWN,Freon 22,1989-05-28T00:00,1.833,µg/m³,VOC,GC-MS
60204,WINDSOR DOWNTOWN,Freon 22,1989-06-03T00:00,2.267,µg/m³,VOC,GC-MS
60204,WINDSOR DOWNTOWN,Freon 22,1989-06-09T00:00,3.240,µg/m³,VOC,GC-MS
60204,WINDSOR DOWNTOWN,Freon 22,1989-06-15T00:00,1.464,µg/m³,VOC,GC-MS
60204,WINDSOR DOWNTOWN,Freon 22,1989-06-21T00:00,2.585,µg/m³,VOC,GC-MS
60204,WINDSOR DOWNTOWN,Freon 22,1989-06-27T00:00,1.991,µg/m³,VOC,GC-MS
60204,WINDSOR DOWNTOWN,Freon 22,1989-07-03T00:00,3.302,µg/m³,VOC,GC-MS
60204,WINDSOR DOWNTOWN,Freon 22,1989-07-15T00:00,3.302,µg/m³,VOC,GC-MS
60204,WINDSOR DOWNTOWN,Freon 22,1989-07-21T00:00,2.108,µg/m³,VOC,GC-MS
60204,WINDSOR DOWNTOWN,Freon 22,1989-07-27T00:00,2.199,µg/m³,VOC,GC-MS
60204,WINDSOR DOWNTOWN,Freon 22,1989-08-02T00:00,2.785,µg/m³,VOC,GC-MS
60204,WINDSOR DOWNTOWN,Freon 22,1989-08-08T00:00,2.207,µg/m³,VOC,GC-MS
60204,WINDSOR DOWNTOWN,Freon 22,1989-08-14T00:00,2.464,µg/m³,VOC,GC-MS
60204,WINDSOR DOWNTOWN,Freon 22,1989-08-20T00:00,1.483,µg/m³,VOC,GC-MS
60204,WINDSOR DOWNTOWN,Freon 22,1989-08-26T00:00,1.927,µg/m³,VOC,GC-MS
60204,WINDSOR DOWNTOWN,Freon 22,1989-09-01T00:00,2.529,µg/m³,VOC,GC-MS
60204,WINDSOR DOWNTOWN,Freon 22,1989-09-07T00:00,1.929,µg/m³,VOC,GC-MS
60204,WINDSOR DOWNTOWN,Freon 22,1989-09-13T00:00,1.613,µg/m³,VOC,GC-MS
60204,WINDSOR DOWNTOWN,Freon 22,1989-09-19T00:00,2.196,µg/m³,VOC,GC-MS
60204,WINDSOR DOWNTOWN,Freon 22,1989-09-25T00:00,1.399,µg/m³,VOC,GC-MS
60204,WINDSOR DOWNTOWN,Freon 22,1989-10-01T00:00,0.563,µg/m³,VOC,GC-MS
60204,WINDSOR DOWNTOWN,Freon 22,1989-10-07T00:00,0.537,µg/m³,VOC,GC-MS
60204,WINDSOR DOWNTOWN,Freon 22,1989-10-13T00:00,1.115,µg/m³,VOC,GC-MS
60204,WINDSOR DOWNTOWN,Freon 22,1989-10-19T00:00,0.435,µg/m³,VOC,GC-MS
60204,WINDSOR DOWNTOWN,Freon 22,1989-10-25T00:00,0.806,µg/m³,VOC,GC-MS
60204,WINDSOR DOWNTOWN,Freon 22,1989-10-31T00:00,0.471,µg/m³,VOC,GC-MS
60204,WINDSOR DOWNTOWN,Freon 22,1989-11-06T00:00,0.526,µg/m³,VOC,GC-MS
60204,WINDSOR DOWNTOWN,Freon 22,1989-11-12T00:00,0.566,µg/m³,VOC,GC-MS
60204,WINDSOR DOWNTOWN,Freon 22,1989-11-18T00:00,0.465,µg/m³,VOC,GC-MS
60204,WINDSOR DOWNTOWN,Freon 22,1989-11-24T00:00,0.485,µg/m³,VOC,GC-MS
60204,WINDSOR DOWNTOWN,Freon 22,1989-11-30T00:00,0.498,µg/m³,VOC,GC-MS
60204,WINDSOR DOWNTOWN,Freon 22,1989-12-06T00:00,0.739,µg/m³,VOC,GC-MS
60204,WINDSOR DOWNTOWN,Freon 22,1989-12-12T00:00,0.773,µg/m³,VOC,GC-MS
60204,WINDSOR DOWNTOWN,Freon 22,1989-12-18T00:00,0.526,µg/m³,VOC,GC-MS
60204,WINDSOR DOWNTOWN,Freon 22,1989-12-24T00:00,0.553,µg/m³,VOC,GC-MS
60204,WINDSOR DOWNTOWN,Freon 22,1989-12-30T00:00,0.537,µg/m³,VOC,GC-MS
