﻿NAPS_Site_ID,Station_Name,Pollutant,Date,Value,Units,Report_Type,Method
60104,OTTAWA DOWNTOWN,OC3(A),2012-01-01T00:00,1.563,µg/m³,PM2.5,TOR(OC/EC)
60104,OTTAWA DOWNTOWN,OC3(A),2012-01-04T00:00,1.269,µg/m³,PM2.5,TOR(OC/EC)
60104,OTTAWA DOWNTOWN,OC3(A),2012-01-07T00:00,1.549,µg/m³,PM2.5,TOR(OC/EC)
60104,OTTAWA DOWNTOWN,OC3(A),2012-01-10T00:00,0.697,µg/m³,PM2.5,TOR(OC/EC)
60104,OTTAWA DOWNTOWN,OC3(A),2012-01-13T00:00,0.577,µg/m³,PM2.5,TOR(OC/EC)
60104,OTTAWA DOWNTOWN,OC3(A),2012-01-16T00:00,2.356,µg/m³,PM2.5,TOR(OC/EC)
60104,OTTAWA DOWNTOWN,OC3(A),2012-01-19T00:00,1.608,µg/m³,PM2.5,TOR(OC/EC)
60104,OTTAWA DOWNTOWN,OC3(A),2012-01-25T00:00,0.699,µg/m³,PM2.5,TOR(OC/EC)
60104,OTTAWA DOWNTOWN,OC3(A),2012-01-28T00:00,0.580,µg/m³,PM2.5,TOR(OC/EC)
60104,OTTAWA DOWNTOWN,OC3(A),2012-01-31T00:00,0.842,µg/m³,PM2.5,TOR(OC/EC)
60104,OTTAWA DOWNTOWN,OC3(A),2012-02-06T00:00,0.507,µg/m³,PM2.5,TOR(OC/EC)
60104,OTTAWA DOWNTOWN,OC3(A),2012-02-18T00:00,0.503,µg/m³,PM2.5,TOR(OC/EC)
60104,OTTAWA DOWNTOWN,OC3(A),2012-02-21T00:00,1.131,µg/m³,PM2.5,TOR(OC/EC)
60104,OTTAWA DOWNTOWN,OC3(A),2012-02-24T00:00,1.054,µg/m³,PM2.5,TOR(OC/EC)
60104,OTTAWA DOWNTOWN,OC3(A),2012-02-27T00:00,0.956,µg/m³,PM2.5,TOR(OC/EC)
60104,OTTAWA DOWNTOWN,OC3(A),2012-03-01T00:00,0.598,µg/m³,PM2.5,TOR(OC/EC)
60104,OTTAWA DOWNTOWN,OC3(A),2012-03-04T00:00,0.573,µg/m³,PM2.5,TOR(OC/EC)
60104,OTTAWA DOWNTOWN,OC3(A),2012-03-07T00:00,1.531,µg/m³,PM2.5,TOR(OC/EC)
60104,OTTAWA DOWNTOWN,OC3(A),2012-03-10T00:00,0.619,µg/m³,PM2.5,TOR(OC/EC)
60104,OTTAWA DOWNTOWN,OC3(A),2012-03-13T00:00,1.015,µg/m³,PM2.5,TOR(OC/EC)
60104,OTTAWA DOWNTOWN,OC3(A),2012-03-16T00:00,0.850,µg/m³,PM2.5,TOR(OC/EC)
60104,OTTAWA DOWNTOWN,OC3(A),2012-03-19T00:00,1.770,µg/m³,PM2.5,TOR(OC/EC)
60104,OTTAWA DOWNTOWN,OC3(A),2012-03-22T00:00,1.036,µg/m³,PM2.5,TOR(OC/EC)
60104,OTTAWA DOWNTOWN,OC3(A),2012-03-25T00:00,0.898,µg/m³,PM2.5,TOR(OC/EC)
60104,OTTAWA DOWNTOWN,OC3(A),2012-03-28T00:00,0.783,µg/m³,PM2.5,TOR(OC/EC)
60104,OTTAWA DOWNTOWN,OC3(A),2012-03-31T00:00,1.112,µg/m³,PM2.5,TOR(OC/EC)
60104,OTTAWA DOWNTOWN,OC3(A),2012-04-03T00:00,0.967,µg/m³,PM2.5,TOR(OC/EC)
60104,OTTAWA DOWNTOWN,OC3(A),2012-04-06T00:00,0.448,µg/m³,PM2.5,TOR(OC/EC)
60104,OTTAWA DOWNTOWN,OC3(A),2012-04-09T00:00,0.677,µg/m³,PM2.5,TOR(OC/EC)
60104,OTTAWA DOWNTOWN,OC3(A),2012-04-12T00:00,0.864,µg/m³,PM2.5,TOR(OC/EC)
60104,OTTAWA DOWNTOWN,OC3(A),2012-04-15T00:00,0.884,µg/m³,PM2.5,TOR(OC/EC)
60104,OTTAWA DOWNTOWN,OC3(A),2012-04-18T00:00,0.534,µg/m³,PM2.5,TOR(OC/EC)
60104,OTTAWA DOWNTOWN,OC3(A),2012-04-21T00:00,0.676,µg/m³,PM2.5,TOR(OC/EC)
60104,OTTAWA DOWNTOWN,OC3(A),2012-04-24T00:00,0.558,µg/m³,PM2.5,TOR(OC/EC)
60104,OTTAWA DOWNTOWN,OC3(A),2012-04-27T00:00,0.232,µg/m³,PM2.5,TOR(OC/EC)
60104,OTTAWA DOWNTOWN,OC3(A),2012-04-30T00:00,0.846,µg/m³,PM2.5,TOR(OC/EC)
60104,OTTAWA DOWNTOWN,OC3(A),2012-05-03T00:00,0.786,µg/m³,PM2.5,TOR(OC/EC)
60104,OTTAWA DOWNTOWN,OC3(A),2012-05-06T00:00,1.322,µg/m³,PM2.5,TOR(OC/EC)
60104,OTTAWA DOWNTOWN,OC3(A),2012-05-09T00:00,0.795,µg/m³,PM2.5,TOR(OC/EC)
60104,OTTAWA DOWNTOWN,OC3(A),2012-05-15T00:00,1.293,µg/m³,PM2.5,TOR(OC/EC)
60104,OTTAWA DOWNTOWN,OC3(A),2012-05-18T00:00,1.062,µg/m³,PM2.5,TOR(OC/EC)
60104,OTTAWA DOWNTOWN,OC3(A),2012-05-21T00:00,1.606,µg/m³,PM2.5,TOR(OC/EC)
60104,OTTAWA DOWNTOWN,OC3(A),2012-05-24T00:00,1.718,µg/m³,PM2.5,TOR(OC/EC)
60104,OTTAWA DOWNTOWN,OC3(A),2012-05-27T00:00,1.671,µg/m³,PM2.5,TOR(OC/EC)
60104,OTTAWA DOWNTOWN,OC3(A),2012-06-02T00:00,1.085,µg/m³,PM2.5,TOR(OC/EC)
60104,OTTAWA DOWNTOWN,OC3(A),2012-06-05T00:00,1.203,µg/m³,PM2.5,TOR(OC/EC)
60104,OTTAWA DOWNTOWN,OC3(A),2012-06-08T00:00,1.666,µg/m³,PM2.5,TOR(OC/EC)
60104,OTTAWA DOWNTOWN,OC3(A),2012-06-11T00:00,1.583,µg/m³,PM2.5,TOR(OC/EC)
60104,OTTAWA DOWNTOWN,OC3(A),2012-06-14T00:00,1.355,µg/m³,PM2.5,TOR(OC/EC)
60104,OTTAWA DOWNTOWN,OC3(A),2012-06-17T00:00,2.167,µg/m³,PM2.5,TOR(OC/EC)
60104,OTTAWA DOWNTOWN,OC3(A),2012-06-20T00:00,5.638,µg/m³,PM2.5,TOR(OC/EC)
60104,OTTAWA DOWNTOWN,OC3(A),2012-06-23T00:00,1.263,µg/m³,PM2.5,TOR(OC/EC)
60104,OTTAWA DOWNTOWN,OC3(A),2012-06-26T00:00,1.018,µg/m³,PM2.5,TOR(OC/EC)
60104,OTTAWA DOWNTOWN,OC3(A),2012-07-02T00:00,1.554,µg/m³,PM2.5,TOR(OC/EC)
60104,OTTAWA DOWNTOWN,OC3(A),2012-07-05T00:00,1.188,µg/m³,PM2.5,TOR(OC/EC)
60104,OTTAWA DOWNTOWN,OC3(A),2012-07-08T00:00,1.418,µg/m³,PM2.5,TOR(OC/EC)
60104,OTTAWA DOWNTOWN,OC3(A),2012-07-11T00:00,1.070,µg/m³,PM2.5,TOR(OC/EC)
60104,OTTAWA DOWNTOWN,OC3(A),2012-07-14T00:00,1.151,µg/m³,PM2.5,TOR(OC/EC)
60104,OTTAWA DOWNTOWN,OC3(A),2012-07-17T00:00,1.800,µg/m³,PM2.5,TOR(OC/EC)
60104,OTTAWA DOWNTOWN,OC3(A),2012-07-20T00:00,1.043,µg/m³,PM2.5,TOR(OC/EC)
60104,OTTAWA DOWNTOWN,OC3(A),2012-07-23T00:00,1.327,µg/m³,PM2.5,TOR(OC/EC)
60104,OTTAWA DOWNTOWN,OC3(A),2012-07-26T00:00,1.402,µg/m³,PM2.5,TOR(OC/EC)
60104,OTTAWA DOWNTOWN,OC3(A),2012-07-29T00:00,1.797,µg/m³,PM2.5,TOR(OC/EC)
60104,OTTAWA DOWNTOWN,OC3(A),2012-08-01T00:00,1.376,µg/m³,PM2.5,TOR(OC/EC)
60104,OTTAWA DOWNTOWN,OC3(A),2012-08-04T00:00,1.461,µg/m³,PM2.5,TOR(OC/EC)
60104,OTTAWA DOWNTOWN,OC3(A),2012-08-10T00:00,0.856,µg/m³,PM2.5,TOR(OC/EC)
60104,OTTAWA DOWNTOWN,OC3(A),2012-08-13T00:00,0.950,µg/m³,PM2.5,TOR(OC/EC)
60104,OTTAWA DOWNTOWN,OC3(A),2012-08-22T00:00,0.697,µg/m³,PM2.5,TOR(OC/EC)
60104,OTTAWA DOWNTOWN,OC3(A),2012-08-25T00:00,1.476,µg/m³,PM2.5,TOR(OC/EC)
60104,OTTAWA DOWNTOWN,OC3(A),2012-08-28T00:00,0.294,µg/m³,PM2.5,TOR(OC/EC)
60104,OTTAWA DOWNTOWN,OC3(A),2012-08-31T00:00,1.391,µg/m³,PM2.5,TOR(OC/EC)
60104,OTTAWA DOWNTOWN,OC3(A),2012-09-03T00:00,1.690,µg/m³,PM2.5,TOR(OC/EC)
60104,OTTAWA DOWNTOWN,OC3(A),2012-09-06T00:00,1.274,µg/m³,PM2.5,TOR(OC/EC)
60104,OTTAWA DOWNTOWN,OC3(A),2012-09-09T00:00,0.716,µg/m³,PM2.5,TOR(OC/EC)
60104,OTTAWA DOWNTOWN,OC3(A),2012-09-12T00:00,0.804,µg/m³,PM2.5,TOR(OC/EC)
60104,OTTAWA DOWNTOWN,OC3(A),2012-09-15T00:00,0.687,µg/m³,PM2.5,TOR(OC/EC)
60104,OTTAWA DOWNTOWN,OC3(A),2012-09-18T00:00,1.325,µg/m³,PM2.5,TOR(OC/EC)
60104,OTTAWA DOWNTOWN,OC3(A),2012-09-21T00:00,1.239,µg/m³,PM2.5,TOR(OC/EC)
60104,OTTAWA DOWNTOWN,OC3(A),2012-09-24T00:00,0.953,µg/m³,PM2.5,TOR(OC/EC)
60104,OTTAWA DOWNTOWN,OC3(A),2012-09-27T00:00,0.888,µg/m³,PM2.5,TOR(OC/EC)
60104,OTTAWA DOWNTOWN,OC3(A),2012-09-30T00:00,0.542,µg/m³,PM2.5,TOR(OC/EC)
60104,OTTAWA DOWNTOWN,OC3(A),2012-10-03T00:00,1.141,µg/m³,PM2.5,TOR(OC/EC)
60104,OTTAWA DOWNTOWN,OC3(A),2012-10-06T00:00,0.736,µg/m³,PM2.5,TOR(OC/EC)
60104,OTTAWA DOWNTOWN,OC3(A),2012-10-09T00:00,0.851,µg/m³,PM2.5,TOR(OC/EC)
60104,OTTAWA DOWNTOWN,OC3(A),2012-10-12T00:00,0.588,µg/m³,PM2.5,TOR(OC/EC)
60104,OTTAWA DOWNTOWN,OC3(A),2012-10-15T00:00,0.796,µg/m³,PM2.5,TOR(OC/EC)
60104,OTTAWA DOWNTOWN,OC3(A),2012-10-18T00:00,1.146,µg/m³,PM2.5,TOR(OC/EC)
60104,OTTAWA DOWNTOWN,OC3(A),2012-10-21T00:00,0.618,µg/m³,PM2.5,TOR(OC/EC)
60104,OTTAWA DOWNTOWN,OC3(A),2012-10-24T00:00,1.026,µg/m³,PM2.5,TOR(OC/EC)
60104,OTTAWA DOWNTOWN,OC3(A),2012-10-27T00:00,0.531,µg/m³,PM2.5,TOR(OC/EC)
60104,OTTAWA DOWNTOWN,OC3(A),2012-10-30T00:00,0.757,µg/m³,PM2.5,TOR(OC/EC)
60104,OTTAWA DOWNTOWN,OC3(A),2012-11-02T00:00,0.515,µg/m³,PM2.5,TOR(OC/EC)
60104,OTTAWA DOWNTOWN,OC3(A),2012-11-05T00:00,0.631,µg/m³,PM2.5,TOR(OC/EC)
60104,OTTAWA DOWNTOWN,OC3(A),2012-11-08T00:00,1.127,µg/m³,PM2.5,TOR(OC/EC)
60104,OTTAWA DOWNTOWN,OC3(A),2012-11-11T00:00,1.111,µg/m³,PM2.5,TOR(OC/EC)
60104,OTTAWA DOWNTOWN,OC3(A),2012-11-14T00:00,1.267,µg/m³,PM2.5,TOR(OC/EC)
60104,OTTAWA DOWNTOWN,OC3(A),2012-11-17T00:00,1.750,µg/m³,PM2.5,TOR(OC/EC)
60104,OTTAWA DOWNTOWN,OC3(A),2012-11-26T00:00,0.716,µg/m³,PM2.5,TOR(OC/EC)
60104,OTTAWA DOWNTOWN,OC3(A),2012-12-05T00:00,0.426,µg/m³,PM2.5,TOR(OC/EC)
60104,OTTAWA DOWNTOWN,OC3(A),2012-12-08T00:00,1.191,µg/m³,PM2.5,TOR(OC/EC)
60104,OTTAWA DOWNTOWN,OC3(A),2012-12-11T00:00,0.524,µg/m³,PM2.5,TOR(OC/EC)
60104,OTTAWA DOWNTOWN,OC3(A),2012-12-14T00:00,0.668,µg/m³,PM2.5,TOR(OC/EC)
60104,OTTAWA DOWNTOWN,OC3(A),2012-12-17T00:00,0.448,µg/m³,PM2.5,TOR(OC/EC)
60104,OTTAWA DOWNTOWN,OC3(A),2012-12-20T00:00,0.565,µg/m³,PM2.5,TOR(OC/EC)
60104,OTTAWA DOWNTOWN,OC3(A),2012-12-23T00:00,0.575,µg/m³,PM2.5,TOR(OC/EC)
60104,OTTAWA DOWNTOWN,OC3(A),2012-12-26T00:00,0.799,µg/m³,PM2.5,TOR(OC/EC)
60104,OTTAWA DOWNTOWN,OC3(A),2012-12-29T00:00,1.139,µg/m³,PM2.5,TOR(OC/EC)
