﻿NAPS_Site_ID,Station_Name,Pollutant,Date,Value,Units,Report_Type,Method
50104,ONTARIO,2-Methyl-1-Butene,2006-01-05T00:00,0.250,µg/m³,VOC,GC-MS
50104,ONTARIO,2-Methyl-1-Butene,2006-01-11T00:00,0.428,µg/m³,VOC,GC-MS
50104,ONTARIO,2-Methyl-1-Butene,2006-01-17T00:00,0.119,µg/m³,VOC,GC-MS
50104,ONTARIO,2-Methyl-1-Butene,2006-01-23T00:00,0.388,µg/m³,VOC,GC-MS
50104,ONTARIO,2-Methyl-1-Butene,2006-01-29T00:00,0.110,µg/m³,VOC,GC-MS
50104,ONTARIO,2-Methyl-1-Butene,2006-02-04T00:00,0.086,µg/m³,VOC,GC-MS
50104,ONTARIO,2-Methyl-1-Butene,2006-02-10T00:00,0.127,µg/m³,VOC,GC-MS
50104,ONTARIO,2-Methyl-1-Butene,2006-02-16T00:00,0.077,µg/m³,VOC,GC-MS
50104,ONTARIO,2-Methyl-1-Butene,2006-02-22T00:00,0.101,µg/m³,VOC,GC-MS
50104,ONTARIO,2-Methyl-1-Butene,2006-03-06T00:00,0.068,µg/m³,VOC,GC-MS
50104,ONTARIO,2-Methyl-1-Butene,2006-03-12T00:00,0.127,µg/m³,VOC,GC-MS
50104,ONTARIO,2-Methyl-1-Butene,2006-03-18T00:00,0.051,µg/m³,VOC,GC-MS
50104,ONTARIO,2-Methyl-1-Butene,2006-03-24T00:00,0.075,µg/m³,VOC,GC-MS
50104,ONTARIO,2-Methyl-1-Butene,2006-03-30T00:00,0.090,µg/m³,VOC,GC-MS
50104,ONTARIO,2-Methyl-1-Butene,2006-04-05T00:00,0.076,µg/m³,VOC,GC-MS
50104,ONTARIO,2-Methyl-1-Butene,2006-04-11T00:00,0.083,µg/m³,VOC,GC-MS
50104,ONTARIO,2-Methyl-1-Butene,2006-04-17T00:00,0.077,µg/m³,VOC,GC-MS
50104,ONTARIO,2-Methyl-1-Butene,2006-04-23T00:00,0.043,µg/m³,VOC,GC-MS
50104,ONTARIO,2-Methyl-1-Butene,2006-04-29T00:00,0.260,µg/m³,VOC,GC-MS
50104,ONTARIO,2-Methyl-1-Butene,2006-05-05T00:00,0.110,µg/m³,VOC,GC-MS
50104,ONTARIO,2-Methyl-1-Butene,2006-05-11T00:00,0.150,µg/m³,VOC,GC-MS
50104,ONTARIO,2-Methyl-1-Butene,2006-05-17T00:00,0.084,µg/m³,VOC,GC-MS
50104,ONTARIO,2-Methyl-1-Butene,2006-05-23T00:00,0.091,µg/m³,VOC,GC-MS
50104,ONTARIO,2-Methyl-1-Butene,2006-05-29T00:00,0.117,µg/m³,VOC,GC-MS
50104,ONTARIO,2-Methyl-1-Butene,2006-06-05T00:00,0.133,µg/m³,VOC,GC-MS
50104,ONTARIO,2-Methyl-1-Butene,2006-06-10T00:00,0.069,µg/m³,VOC,GC-MS
50104,ONTARIO,2-Methyl-1-Butene,2006-06-22T00:00,0.208,µg/m³,VOC,GC-MS
50104,ONTARIO,2-Methyl-1-Butene,2006-06-28T00:00,0.125,µg/m³,VOC,GC-MS
50104,ONTARIO,2-Methyl-1-Butene,2006-07-04T00:00,0.115,µg/m³,VOC,GC-MS
50104,ONTARIO,2-Methyl-1-Butene,2006-07-16T00:00,0.081,µg/m³,VOC,GC-MS
50104,ONTARIO,2-Methyl-1-Butene,2006-07-22T00:00,0.166,µg/m³,VOC,GC-MS
50104,ONTARIO,2-Methyl-1-Butene,2006-07-29T00:00,0.137,µg/m³,VOC,GC-MS
50104,ONTARIO,2-Methyl-1-Butene,2006-08-03T00:00,0.359,µg/m³,VOC,GC-MS
50104,ONTARIO,2-Methyl-1-Butene,2006-08-15T00:00,0.462,µg/m³,VOC,GC-MS
50104,ONTARIO,2-Methyl-1-Butene,2006-08-21T00:00,0.228,µg/m³,VOC,GC-MS
50104,ONTARIO,2-Methyl-1-Butene,2006-09-02T00:00,0.350,µg/m³,VOC,GC-MS
50104,ONTARIO,2-Methyl-1-Butene,2006-09-08T00:00,0.165,µg/m³,VOC,GC-MS
50104,ONTARIO,2-Methyl-1-Butene,2006-09-14T00:00,0.371,µg/m³,VOC,GC-MS
50104,ONTARIO,2-Methyl-1-Butene,2006-09-20T00:00,0.195,µg/m³,VOC,GC-MS
50104,ONTARIO,2-Methyl-1-Butene,2006-09-26T00:00,0.307,µg/m³,VOC,GC-MS
50104,ONTARIO,2-Methyl-1-Butene,2006-10-02T00:00,0.459,µg/m³,VOC,GC-MS
50104,ONTARIO,2-Methyl-1-Butene,2006-10-08T00:00,0.293,µg/m³,VOC,GC-MS
50104,ONTARIO,2-Methyl-1-Butene,2006-10-14T00:00,0.198,µg/m³,VOC,GC-MS
50104,ONTARIO,2-Methyl-1-Butene,2006-10-20T00:00,0.460,µg/m³,VOC,GC-MS
50104,ONTARIO,2-Methyl-1-Butene,2006-11-25T00:00,0.400,µg/m³,VOC,GC-MS
50104,ONTARIO,2-Methyl-1-Butene,2006-12-13T00:00,0.217,µg/m³,VOC,GC-MS
50104,ONTARIO,2-Methyl-1-Butene,2006-12-19T00:00,0.194,µg/m³,VOC,GC-MS
50104,ONTARIO,2-Methyl-1-Butene,2006-12-25T00:00,0.330,µg/m³,VOC,GC-MS
50104,ONTARIO,2-Methyl-1-Butene,2006-12-31T00:00,0.379,µg/m³,VOC,GC-MS
