﻿NAPS_Site_ID,Station_Name,Pollutant,Date,Value,Units,Report_Type,Method
60512,BEASLEY PARK _HAMILTON_DOWNTOWN_,Acenaphthene,2007-01-06T00:00,0.001,µg/m³,PAH,
60512,BEASLEY PARK _HAMILTON_DOWNTOWN_,Acenaphthene,2007-01-12T00:00,0.000,µg/m³,PAH,
60512,BEASLEY PARK _HAMILTON_DOWNTOWN_,Acenaphthene,2007-01-30T00:00,0.003,µg/m³,PAH,
60512,BEASLEY PARK _HAMILTON_DOWNTOWN_,Acenaphthene,2007-02-05T00:00,0.001,µg/m³,PAH,
60512,BEASLEY PARK _HAMILTON_DOWNTOWN_,Acenaphthene,2007-02-23T00:00,0.001,µg/m³,PAH,
60512,BEASLEY PARK _HAMILTON_DOWNTOWN_,Acenaphthene,2007-03-01T00:00,0.006,µg/m³,PAH,
60512,BEASLEY PARK _HAMILTON_DOWNTOWN_,Acenaphthene,2007-03-19T00:00,0.001,µg/m³,PAH,
60512,BEASLEY PARK _HAMILTON_DOWNTOWN_,Acenaphthene,2007-03-25T00:00,0.002,µg/m³,PAH,
60512,BEASLEY PARK _HAMILTON_DOWNTOWN_,Acenaphthene,2007-04-12T00:00,0.001,µg/m³,PAH,
60512,BEASLEY PARK _HAMILTON_DOWNTOWN_,Acenaphthene,2007-04-18T00:00,0.015,µg/m³,PAH,
60512,BEASLEY PARK _HAMILTON_DOWNTOWN_,Acenaphthene,2007-05-06T00:00,0.004,µg/m³,PAH,
60512,BEASLEY PARK _HAMILTON_DOWNTOWN_,Acenaphthene,2007-05-12T00:00,0.001,µg/m³,PAH,
60512,BEASLEY PARK _HAMILTON_DOWNTOWN_,Acenaphthene,2007-05-30T00:00,0.000,µg/m³,PAH,
60512,BEASLEY PARK _HAMILTON_DOWNTOWN_,Acenaphthene,2007-06-05T00:00,0.000,µg/m³,PAH,
60512,BEASLEY PARK _HAMILTON_DOWNTOWN_,Acenaphthene,2007-06-23T00:00,0.000,µg/m³,PAH,
60512,BEASLEY PARK _HAMILTON_DOWNTOWN_,Acenaphthene,2007-07-17T00:00,0.000,µg/m³,PAH,
60512,BEASLEY PARK _HAMILTON_DOWNTOWN_,Acenaphthene,2007-07-23T00:00,0.001,µg/m³,PAH,
60512,BEASLEY PARK _HAMILTON_DOWNTOWN_,Acenaphthene,2007-08-10T00:00,0.000,µg/m³,PAH,
60512,BEASLEY PARK _HAMILTON_DOWNTOWN_,Acenaphthene,2007-08-16T00:00,0.000,µg/m³,PAH,
60512,BEASLEY PARK _HAMILTON_DOWNTOWN_,Acenaphthene,2007-09-09T00:00,0.000,µg/m³,PAH,
60512,BEASLEY PARK _HAMILTON_DOWNTOWN_,Acenaphthene,2007-09-27T00:00,0.002,µg/m³,PAH,
60512,BEASLEY PARK _HAMILTON_DOWNTOWN_,Acenaphthene,2007-10-03T00:00,0.000,µg/m³,PAH,
60512,BEASLEY PARK _HAMILTON_DOWNTOWN_,Acenaphthene,2007-10-21T00:00,0.000,µg/m³,PAH,
60512,BEASLEY PARK _HAMILTON_DOWNTOWN_,Acenaphthene,2007-10-27T00:00,0.000,µg/m³,PAH,
60512,BEASLEY PARK _HAMILTON_DOWNTOWN_,Acenaphthene,2007-11-20T00:00,0.004,µg/m³,PAH,
60512,BEASLEY PARK _HAMILTON_DOWNTOWN_,Acenaphthene,2007-12-08T00:00,0.001,µg/m³,PAH,
