﻿NAPS_Site_ID,Station_Name,Pollutant,Date,Value,Units,Report_Type,Method
40203,FOREST HILLS,Undecane,2014-01-10T19:00,0.620,µg/m³,VOC,GC-MS
40203,FOREST HILLS,Undecane,2014-01-22T19:00,0.013,µg/m³,VOC,GC-MS
40203,FOREST HILLS,Undecane,2014-02-09T19:00,0.041,µg/m³,VOC,GC-MS
40203,FOREST HILLS,Undecane,2014-02-15T19:00,0.018,µg/m³,VOC,GC-MS
40203,FOREST HILLS,Undecane,2014-02-21T19:00,0.124,µg/m³,VOC,GC-MS
40203,FOREST HILLS,Undecane,2014-02-27T19:00,0.012,µg/m³,VOC,GC-MS
40203,FOREST HILLS,Undecane,2014-03-05T19:00,0.008,µg/m³,VOC,GC-MS
40203,FOREST HILLS,Undecane,2014-03-11T20:00,0.142,µg/m³,VOC,GC-MS
40203,FOREST HILLS,Undecane,2014-03-17T20:00,0.110,µg/m³,VOC,GC-MS
40203,FOREST HILLS,Undecane,2014-03-23T20:00,0.000,µg/m³,VOC,GC-MS
40203,FOREST HILLS,Undecane,2014-04-04T20:00,0.066,µg/m³,VOC,GC-MS
40203,FOREST HILLS,Undecane,2014-04-10T20:00,0.922,µg/m³,VOC,GC-MS
40203,FOREST HILLS,Undecane,2014-04-16T20:00,0.090,µg/m³,VOC,GC-MS
40203,FOREST HILLS,Undecane,2014-04-22T20:00,0.030,µg/m³,VOC,GC-MS
40203,FOREST HILLS,Undecane,2014-04-28T20:00,0.026,µg/m³,VOC,GC-MS
40203,FOREST HILLS,Undecane,2014-05-04T20:00,0.052,µg/m³,VOC,GC-MS
40203,FOREST HILLS,Undecane,2014-05-10T20:00,1.772,µg/m³,VOC,GC-MS
40203,FOREST HILLS,Undecane,2014-05-16T20:00,0.226,µg/m³,VOC,GC-MS
40203,FOREST HILLS,Undecane,2014-05-22T20:00,0.062,µg/m³,VOC,GC-MS
40203,FOREST HILLS,Undecane,2014-05-28T20:00,2.184,µg/m³,VOC,GC-MS
40203,FOREST HILLS,Undecane,2014-06-03T20:00,0.594,µg/m³,VOC,GC-MS
40203,FOREST HILLS,Undecane,2014-06-09T20:00,0.234,µg/m³,VOC,GC-MS
40203,FOREST HILLS,Undecane,2014-06-15T20:00,0.358,µg/m³,VOC,GC-MS
40203,FOREST HILLS,Undecane,2014-06-27T20:00,1.778,µg/m³,VOC,GC-MS
40203,FOREST HILLS,Undecane,2014-07-03T20:00,1.194,µg/m³,VOC,GC-MS
40203,FOREST HILLS,Undecane,2014-07-09T20:00,1.362,µg/m³,VOC,GC-MS
40203,FOREST HILLS,Undecane,2014-07-15T20:00,1.080,µg/m³,VOC,GC-MS
40203,FOREST HILLS,Undecane,2014-07-21T20:00,1.228,µg/m³,VOC,GC-MS
40203,FOREST HILLS,Undecane,2014-07-27T20:00,0.214,µg/m³,VOC,GC-MS
40203,FOREST HILLS,Undecane,2014-08-02T20:00,0.502,µg/m³,VOC,GC-MS
40203,FOREST HILLS,Undecane,2014-08-26T20:00,1.096,µg/m³,VOC,GC-MS
40203,FOREST HILLS,Undecane,2014-09-01T20:00,0.444,µg/m³,VOC,GC-MS
40203,FOREST HILLS,Undecane,2014-09-07T20:00,0.192,µg/m³,VOC,GC-MS
40203,FOREST HILLS,Undecane,2014-09-13T20:00,0.034,µg/m³,VOC,GC-MS
40203,FOREST HILLS,Undecane,2014-09-19T20:00,0.038,µg/m³,VOC,GC-MS
40203,FOREST HILLS,Undecane,2014-10-01T20:00,0.036,µg/m³,VOC,GC-MS
40203,FOREST HILLS,Undecane,2014-10-13T20:00,0.284,µg/m³,VOC,GC-MS
40203,FOREST HILLS,Undecane,2014-10-19T20:00,0.010,µg/m³,VOC,GC-MS
40203,FOREST HILLS,Undecane,2014-10-25T20:00,0.010,µg/m³,VOC,GC-MS
40203,FOREST HILLS,Undecane,2014-10-31T20:00,0.010,µg/m³,VOC,GC-MS
40203,FOREST HILLS,Undecane,2014-11-06T19:00,0.024,µg/m³,VOC,GC-MS
40203,FOREST HILLS,Undecane,2014-11-18T19:00,0.008,µg/m³,VOC,GC-MS
40203,FOREST HILLS,Undecane,2014-11-24T19:00,0.228,µg/m³,VOC,GC-MS
40203,FOREST HILLS,Undecane,2014-11-30T19:00,0.032,µg/m³,VOC,GC-MS
40203,FOREST HILLS,Undecane,2014-12-06T19:00,0.018,µg/m³,VOC,GC-MS
40203,FOREST HILLS,Undecane,2014-12-12T19:00,0.034,µg/m³,VOC,GC-MS
40203,FOREST HILLS,Undecane,2014-12-18T19:00,0.012,µg/m³,VOC,GC-MS
40203,FOREST HILLS,Undecane,2014-12-24T19:00,0.136,µg/m³,VOC,GC-MS
40203,FOREST HILLS,Undecane,2014-12-30T19:00,0.010,µg/m³,VOC,GC-MS
