﻿NAPS_Site_ID,Station_Name,Pollutant,Date,Value,Units,Report_Type,Method
61902,BEAR CREEK/WALLACEBURG,Mannosan,2010-01-02T00:00,0.003,µg/m³,PM2.5,IC/PAD
61902,BEAR CREEK/WALLACEBURG,Mannosan,2010-01-05T00:00,0.002,µg/m³,PM2.5,IC/PAD
61902,BEAR CREEK/WALLACEBURG,Mannosan,2010-01-08T00:00,0.008,µg/m³,PM2.5,IC/PAD
61902,BEAR CREEK/WALLACEBURG,Mannosan,2010-01-23T00:00,0.006,µg/m³,PM2.5,IC/PAD
61902,BEAR CREEK/WALLACEBURG,Mannosan,2010-01-26T00:00,0.004,µg/m³,PM2.5,IC/PAD
61902,BEAR CREEK/WALLACEBURG,Mannosan,2010-01-29T00:00,0.002,µg/m³,PM2.5,IC/PAD
61902,BEAR CREEK/WALLACEBURG,Mannosan,2010-02-01T00:00,0.009,µg/m³,PM2.5,IC/PAD
61902,BEAR CREEK/WALLACEBURG,Mannosan,2010-02-04T00:00,0.008,µg/m³,PM2.5,IC/PAD
61902,BEAR CREEK/WALLACEBURG,Mannosan,2010-02-25T00:00,0.006,µg/m³,PM2.5,IC/PAD
61902,BEAR CREEK/WALLACEBURG,Mannosan,2010-02-28T00:00,0.001,µg/m³,PM2.5,IC/PAD
61902,BEAR CREEK/WALLACEBURG,Mannosan,2010-03-03T00:00,0.001,µg/m³,PM2.5,IC/PAD
61902,BEAR CREEK/WALLACEBURG,Mannosan,2010-03-06T00:00,0.022,µg/m³,PM2.5,IC/PAD
61902,BEAR CREEK/WALLACEBURG,Mannosan,2010-03-09T00:00,0.012,µg/m³,PM2.5,IC/PAD
61902,BEAR CREEK/WALLACEBURG,Mannosan,2010-03-12T00:00,0.009,µg/m³,PM2.5,IC/PAD
61902,BEAR CREEK/WALLACEBURG,Mannosan,2010-03-15T00:00,0.002,µg/m³,PM2.5,IC/PAD
61902,BEAR CREEK/WALLACEBURG,Mannosan,2010-03-18T00:00,0.017,µg/m³,PM2.5,IC/PAD
61902,BEAR CREEK/WALLACEBURG,Mannosan,2010-03-21T00:00,0.004,µg/m³,PM2.5,IC/PAD
61902,BEAR CREEK/WALLACEBURG,Mannosan,2010-03-24T00:00,0.006,µg/m³,PM2.5,IC/PAD
61902,BEAR CREEK/WALLACEBURG,Mannosan,2010-03-27T00:00,0.005,µg/m³,PM2.5,IC/PAD
61902,BEAR CREEK/WALLACEBURG,Mannosan,2010-03-30T00:00,0.004,µg/m³,PM2.5,IC/PAD
61902,BEAR CREEK/WALLACEBURG,Mannosan,2010-04-02T00:00,0.012,µg/m³,PM2.5,IC/PAD
61902,BEAR CREEK/WALLACEBURG,Mannosan,2010-04-08T00:00,0.000,µg/m³,PM2.5,IC/PAD
61902,BEAR CREEK/WALLACEBURG,Mannosan,2010-04-11T00:00,0.003,µg/m³,PM2.5,IC/PAD
61902,BEAR CREEK/WALLACEBURG,Mannosan,2010-04-14T00:00,0.000,µg/m³,PM2.5,IC/PAD
61902,BEAR CREEK/WALLACEBURG,Mannosan,2010-04-17T00:00,0.000,µg/m³,PM2.5,IC/PAD
61902,BEAR CREEK/WALLACEBURG,Mannosan,2010-04-20T00:00,0.009,µg/m³,PM2.5,IC/PAD
61902,BEAR CREEK/WALLACEBURG,Mannosan,2010-04-23T00:00,0.004,µg/m³,PM2.5,IC/PAD
61902,BEAR CREEK/WALLACEBURG,Mannosan,2010-04-26T00:00,0.003,µg/m³,PM2.5,IC/PAD
61902,BEAR CREEK/WALLACEBURG,Mannosan,2010-04-29T00:00,0.000,µg/m³,PM2.5,IC/PAD
61902,BEAR CREEK/WALLACEBURG,Mannosan,2010-05-02T00:00,0.000,µg/m³,PM2.5,IC/PAD
61902,BEAR CREEK/WALLACEBURG,Mannosan,2010-05-05T00:00,0.000,µg/m³,PM2.5,IC/PAD
61902,BEAR CREEK/WALLACEBURG,Mannosan,2010-05-08T00:00,0.000,µg/m³,PM2.5,IC/PAD
61902,BEAR CREEK/WALLACEBURG,Mannosan,2010-05-17T00:00,0.000,µg/m³,PM2.5,IC/PAD
61902,BEAR CREEK/WALLACEBURG,Mannosan,2010-05-20T00:00,0.000,µg/m³,PM2.5,IC/PAD
61902,BEAR CREEK/WALLACEBURG,Mannosan,2010-05-23T00:00,0.006,µg/m³,PM2.5,IC/PAD
61902,BEAR CREEK/WALLACEBURG,Mannosan,2010-05-26T00:00,0.002,µg/m³,PM2.5,IC/PAD
61902,BEAR CREEK/WALLACEBURG,Mannosan,2010-05-29T00:00,0.008,µg/m³,PM2.5,IC/PAD
61902,BEAR CREEK/WALLACEBURG,Mannosan,2010-06-04T00:00,0.000,µg/m³,PM2.5,IC/PAD
61902,BEAR CREEK/WALLACEBURG,Mannosan,2010-06-07T00:00,0.003,µg/m³,PM2.5,IC/PAD
61902,BEAR CREEK/WALLACEBURG,Mannosan,2010-06-10T00:00,0.000,µg/m³,PM2.5,IC/PAD
61902,BEAR CREEK/WALLACEBURG,Mannosan,2010-06-13T00:00,0.004,µg/m³,PM2.5,IC/PAD
61902,BEAR CREEK/WALLACEBURG,Mannosan,2010-06-16T00:00,0.017,µg/m³,PM2.5,IC/PAD
61902,BEAR CREEK/WALLACEBURG,Mannosan,2010-06-19T00:00,0.000,µg/m³,PM2.5,IC/PAD
61902,BEAR CREEK/WALLACEBURG,Mannosan,2010-06-28T00:00,0.000,µg/m³,PM2.5,IC/PAD
61902,BEAR CREEK/WALLACEBURG,Mannosan,2010-07-01T00:00,0.002,µg/m³,PM2.5,IC/PAD
61902,BEAR CREEK/WALLACEBURG,Mannosan,2010-07-04T00:00,0.000,µg/m³,PM2.5,IC/PAD
61902,BEAR CREEK/WALLACEBURG,Mannosan,2010-07-07T00:00,0.002,µg/m³,PM2.5,IC/PAD
61902,BEAR CREEK/WALLACEBURG,Mannosan,2010-07-10T00:00,0.006,µg/m³,PM2.5,IC/PAD
61902,BEAR CREEK/WALLACEBURG,Mannosan,2010-07-13T00:00,0.000,µg/m³,PM2.5,IC/PAD
61902,BEAR CREEK/WALLACEBURG,Mannosan,2010-07-19T00:00,0.001,µg/m³,PM2.5,IC/PAD
61902,BEAR CREEK/WALLACEBURG,Mannosan,2010-07-22T00:00,0.004,µg/m³,PM2.5,IC/PAD
61902,BEAR CREEK/WALLACEBURG,Mannosan,2010-07-28T00:00,0.002,µg/m³,PM2.5,IC/PAD
61902,BEAR CREEK/WALLACEBURG,Mannosan,2010-07-31T00:00,0.007,µg/m³,PM2.5,IC/PAD
61902,BEAR CREEK/WALLACEBURG,Mannosan,2010-08-03T00:00,0.004,µg/m³,PM2.5,IC/PAD
61902,BEAR CREEK/WALLACEBURG,Mannosan,2010-08-06T00:00,0.018,µg/m³,PM2.5,IC/PAD
61902,BEAR CREEK/WALLACEBURG,Mannosan,2010-08-09T00:00,0.009,µg/m³,PM2.5,IC/PAD
61902,BEAR CREEK/WALLACEBURG,Mannosan,2010-08-12T00:00,0.002,µg/m³,PM2.5,IC/PAD
61902,BEAR CREEK/WALLACEBURG,Mannosan,2010-08-15T00:00,0.004,µg/m³,PM2.5,IC/PAD
61902,BEAR CREEK/WALLACEBURG,Mannosan,2010-08-18T00:00,0.004,µg/m³,PM2.5,IC/PAD
61902,BEAR CREEK/WALLACEBURG,Mannosan,2010-08-21T00:00,0.003,µg/m³,PM2.5,IC/PAD
61902,BEAR CREEK/WALLACEBURG,Mannosan,2010-08-24T00:00,0.000,µg/m³,PM2.5,IC/PAD
61902,BEAR CREEK/WALLACEBURG,Mannosan,2010-08-27T00:00,0.003,µg/m³,PM2.5,IC/PAD
61902,BEAR CREEK/WALLACEBURG,Mannosan,2010-09-08T00:00,0.000,µg/m³,PM2.5,IC/PAD
61902,BEAR CREEK/WALLACEBURG,Mannosan,2010-09-11T00:00,0.003,µg/m³,PM2.5,IC/PAD
61902,BEAR CREEK/WALLACEBURG,Mannosan,2010-10-08T00:00,0.002,µg/m³,PM2.5,IC/PAD
61902,BEAR CREEK/WALLACEBURG,Mannosan,2010-10-11T00:00,0.007,µg/m³,PM2.5,IC/PAD
