﻿NAPS_Site_ID,Station_Name,Pollutant,Date,Value,Units,Report_Type,Method
60429,JUDSON ST. & ETONA CT. _ETOBICOKE_ (moved to kipling),TCDF,2004-01-16T00:00,0.160,pg/m³,PCDD,
60429,JUDSON ST. & ETONA CT. _ETOBICOKE_ (moved to kipling),TCDF,2004-06-08T00:00,0.168,pg/m³,PCDD,
60429,JUDSON ST. & ETONA CT. _ETOBICOKE_ (moved to kipling),TCDF,2004-07-26T00:00,0.195,pg/m³,PCDD,
60429,JUDSON ST. & ETONA CT. _ETOBICOKE_ (moved to kipling),TCDF,2004-10-06T00:00,0.188,pg/m³,PCDD,
60429,JUDSON ST. & ETONA CT. _ETOBICOKE_ (moved to kipling),TCDF,2004-11-23T00:00,0.255,pg/m³,PCDD,
60429,JUDSON ST. & ETONA CT. _ETOBICOKE_ (moved to kipling),TCDF,2004-12-17T00:00,0.141,pg/m³,PCDD,
