﻿NAPS_Site_ID,Station_Name,Pollutant,Date,Value,Units,Report_Type,Method
60413,CENTENNIAL PARK _ETOBICOKE WEST_,trans-2-Hexene,1994-01-14T00:00,0.036,µg/m³,VOC,N/A
60413,CENTENNIAL PARK _ETOBICOKE WEST_,trans-2-Hexene,1994-01-20T00:00,0.000,µg/m³,VOC,N/A
60413,CENTENNIAL PARK _ETOBICOKE WEST_,trans-2-Hexene,1994-01-26T00:00,0.034,µg/m³,VOC,N/A
60413,CENTENNIAL PARK _ETOBICOKE WEST_,trans-2-Hexene,1994-02-01T00:00,0.000,µg/m³,VOC,N/A
60413,CENTENNIAL PARK _ETOBICOKE WEST_,trans-2-Hexene,1994-02-07T00:00,0.052,µg/m³,VOC,N/A
60413,CENTENNIAL PARK _ETOBICOKE WEST_,trans-2-Hexene,1994-02-19T00:00,0.272,µg/m³,VOC,N/A
60413,CENTENNIAL PARK _ETOBICOKE WEST_,trans-2-Hexene,1994-02-25T00:00,0.043,µg/m³,VOC,N/A
60413,CENTENNIAL PARK _ETOBICOKE WEST_,trans-2-Hexene,1994-05-26T00:00,0.000,µg/m³,VOC,N/A
60413,CENTENNIAL PARK _ETOBICOKE WEST_,trans-2-Hexene,1994-06-01T00:00,0.000,µg/m³,VOC,N/A
60413,CENTENNIAL PARK _ETOBICOKE WEST_,trans-2-Hexene,1994-06-07T00:00,0.000,µg/m³,VOC,N/A
60413,CENTENNIAL PARK _ETOBICOKE WEST_,trans-2-Hexene,1994-06-13T00:00,0.074,µg/m³,VOC,N/A
60413,CENTENNIAL PARK _ETOBICOKE WEST_,trans-2-Hexene,1994-06-19T00:00,0.060,µg/m³,VOC,N/A
60413,CENTENNIAL PARK _ETOBICOKE WEST_,trans-2-Hexene,1994-06-25T00:00,0.018,µg/m³,VOC,N/A
60413,CENTENNIAL PARK _ETOBICOKE WEST_,trans-2-Hexene,1994-07-01T00:00,0.029,µg/m³,VOC,N/A
60413,CENTENNIAL PARK _ETOBICOKE WEST_,trans-2-Hexene,1994-07-07T00:00,0.040,µg/m³,VOC,N/A
60413,CENTENNIAL PARK _ETOBICOKE WEST_,trans-2-Hexene,1994-07-13T00:00,0.000,µg/m³,VOC,N/A
60413,CENTENNIAL PARK _ETOBICOKE WEST_,trans-2-Hexene,1994-07-19T00:00,0.057,µg/m³,VOC,N/A
60413,CENTENNIAL PARK _ETOBICOKE WEST_,trans-2-Hexene,1994-07-25T00:00,0.067,µg/m³,VOC,N/A
60413,CENTENNIAL PARK _ETOBICOKE WEST_,trans-2-Hexene,1994-07-31T00:00,0.023,µg/m³,VOC,N/A
60413,CENTENNIAL PARK _ETOBICOKE WEST_,trans-2-Hexene,1994-08-06T00:00,0.025,µg/m³,VOC,N/A
60413,CENTENNIAL PARK _ETOBICOKE WEST_,trans-2-Hexene,1994-08-12T00:00,0.064,µg/m³,VOC,N/A
60413,CENTENNIAL PARK _ETOBICOKE WEST_,trans-2-Hexene,1994-08-18T00:00,0.028,µg/m³,VOC,N/A
60413,CENTENNIAL PARK _ETOBICOKE WEST_,trans-2-Hexene,1994-08-24T00:00,0.097,µg/m³,VOC,N/A
60413,CENTENNIAL PARK _ETOBICOKE WEST_,trans-2-Hexene,1994-08-30T00:00,0.030,µg/m³,VOC,N/A
60413,CENTENNIAL PARK _ETOBICOKE WEST_,trans-2-Hexene,1994-09-05T00:00,0.090,µg/m³,VOC,N/A
60413,CENTENNIAL PARK _ETOBICOKE WEST_,trans-2-Hexene,1994-09-11T00:00,0.045,µg/m³,VOC,N/A
60413,CENTENNIAL PARK _ETOBICOKE WEST_,trans-2-Hexene,1994-09-17T00:00,0.039,µg/m³,VOC,N/A
60413,CENTENNIAL PARK _ETOBICOKE WEST_,trans-2-Hexene,1994-09-23T00:00,0.050,µg/m³,VOC,N/A
60413,CENTENNIAL PARK _ETOBICOKE WEST_,trans-2-Hexene,1994-09-29T00:00,0.000,µg/m³,VOC,N/A
60413,CENTENNIAL PARK _ETOBICOKE WEST_,trans-2-Hexene,1994-10-05T00:00,0.049,µg/m³,VOC,N/A
60413,CENTENNIAL PARK _ETOBICOKE WEST_,trans-2-Hexene,1994-10-17T00:00,0.115,µg/m³,VOC,N/A
60413,CENTENNIAL PARK _ETOBICOKE WEST_,trans-2-Hexene,1994-10-23T00:00,0.101,µg/m³,VOC,N/A
60413,CENTENNIAL PARK _ETOBICOKE WEST_,trans-2-Hexene,1994-10-29T00:00,0.017,µg/m³,VOC,N/A
60413,CENTENNIAL PARK _ETOBICOKE WEST_,trans-2-Hexene,1994-11-04T00:00,0.048,µg/m³,VOC,N/A
60413,CENTENNIAL PARK _ETOBICOKE WEST_,trans-2-Hexene,1994-11-10T00:00,0.035,µg/m³,VOC,N/A
60413,CENTENNIAL PARK _ETOBICOKE WEST_,trans-2-Hexene,1994-11-16T00:00,0.135,µg/m³,VOC,N/A
60413,CENTENNIAL PARK _ETOBICOKE WEST_,trans-2-Hexene,1994-11-22T00:00,0.012,µg/m³,VOC,N/A
60413,CENTENNIAL PARK _ETOBICOKE WEST_,trans-2-Hexene,1994-11-28T00:00,0.022,µg/m³,VOC,N/A
60413,CENTENNIAL PARK _ETOBICOKE WEST_,trans-2-Hexene,1994-12-04T00:00,0.112,µg/m³,VOC,N/A
60413,CENTENNIAL PARK _ETOBICOKE WEST_,trans-2-Hexene,1994-12-10T00:00,0.084,µg/m³,VOC,N/A
60413,CENTENNIAL PARK _ETOBICOKE WEST_,trans-2-Hexene,1994-12-16T00:00,0.084,µg/m³,VOC,N/A
60413,CENTENNIAL PARK _ETOBICOKE WEST_,trans-2-Hexene,1994-12-22T00:00,0.424,µg/m³,VOC,N/A
60413,CENTENNIAL PARK _ETOBICOKE WEST_,trans-2-Hexene,1994-12-28T00:00,0.017,µg/m³,VOC,N/A
