﻿NAPS_Site_ID,Station_Name,Pollutant,Date,Value,Units,Report_Type,Method
100128,RICHMOND SOUTH,n-Butylbenzene,2003-01-15T00:00,0.048,µg/m³,VOC,N/A
100128,RICHMOND SOUTH,n-Butylbenzene,2003-02-02T00:00,0.015,µg/m³,VOC,N/A
100128,RICHMOND SOUTH,n-Butylbenzene,2003-02-20T00:00,0.013,µg/m³,VOC,N/A
100128,RICHMOND SOUTH,n-Butylbenzene,2003-03-10T00:00,0.007,µg/m³,VOC,N/A
100128,RICHMOND SOUTH,n-Butylbenzene,2003-03-28T00:00,0.048,µg/m³,VOC,N/A
100128,RICHMOND SOUTH,n-Butylbenzene,2003-04-15T00:00,0.026,µg/m³,VOC,N/A
100128,RICHMOND SOUTH,n-Butylbenzene,2003-05-03T00:00,0.017,µg/m³,VOC,N/A
100128,RICHMOND SOUTH,n-Butylbenzene,2003-05-21T00:00,0.019,µg/m³,VOC,N/A
100128,RICHMOND SOUTH,n-Butylbenzene,2003-06-08T00:00,0.011,µg/m³,VOC,N/A
100128,RICHMOND SOUTH,n-Butylbenzene,2003-06-26T00:00,0.010,µg/m³,VOC,N/A
100128,RICHMOND SOUTH,n-Butylbenzene,2003-07-14T00:00,0.012,µg/m³,VOC,N/A
100128,RICHMOND SOUTH,n-Butylbenzene,2003-08-13T00:00,0.020,µg/m³,VOC,N/A
100128,RICHMOND SOUTH,n-Butylbenzene,2003-08-31T00:00,0.007,µg/m³,VOC,N/A
100128,RICHMOND SOUTH,n-Butylbenzene,2003-09-18T00:00,0.014,µg/m³,VOC,N/A
100128,RICHMOND SOUTH,n-Butylbenzene,2003-10-06T00:00,0.035,µg/m³,VOC,N/A
100128,RICHMOND SOUTH,n-Butylbenzene,2003-10-24T00:00,0.056,µg/m³,VOC,N/A
100128,RICHMOND SOUTH,n-Butylbenzene,2003-12-05T00:00,0.007,µg/m³,VOC,N/A
100128,RICHMOND SOUTH,n-Butylbenzene,2003-12-23T00:00,0.037,µg/m³,VOC,N/A
