﻿NAPS_Site_ID,Station_Name,Pollutant,Date,Value,Units,Report_Type,Method
30119,HARBOURVIEW SCHOOL,Cesium,1993-10-10T00:00,0.000,µg/m³,DICHOT,
30119,HARBOURVIEW SCHOOL,Cesium,1993-10-10T00:00,0.000,µg/m³,DICHOT,
30119,HARBOURVIEW SCHOOL,Cesium,1993-10-16T00:00,0.000,µg/m³,DICHOT,
30119,HARBOURVIEW SCHOOL,Cesium,1993-10-16T00:00,0.000,µg/m³,DICHOT,
30119,HARBOURVIEW SCHOOL,Cesium,1993-10-22T00:00,0.000,µg/m³,DICHOT,
30119,HARBOURVIEW SCHOOL,Cesium,1993-10-22T00:00,0.000,µg/m³,DICHOT,
30119,HARBOURVIEW SCHOOL,Cesium,1993-10-28T00:00,0.000,µg/m³,DICHOT,
30119,HARBOURVIEW SCHOOL,Cesium,1993-10-28T00:00,0.000,µg/m³,DICHOT,
30119,HARBOURVIEW SCHOOL,Cesium,1993-11-03T00:00,0.000,µg/m³,DICHOT,
30119,HARBOURVIEW SCHOOL,Cesium,1993-11-03T00:00,0.000,µg/m³,DICHOT,
30119,HARBOURVIEW SCHOOL,Cesium,1993-11-09T00:00,0.000,µg/m³,DICHOT,
30119,HARBOURVIEW SCHOOL,Cesium,1993-11-09T00:00,0.000,µg/m³,DICHOT,
30119,HARBOURVIEW SCHOOL,Cesium,1993-11-15T00:00,0.000,µg/m³,DICHOT,
30119,HARBOURVIEW SCHOOL,Cesium,1993-11-15T00:00,0.000,µg/m³,DICHOT,
30119,HARBOURVIEW SCHOOL,Cesium,1993-11-21T00:00,0.000,µg/m³,DICHOT,
30119,HARBOURVIEW SCHOOL,Cesium,1993-11-21T00:00,0.000,µg/m³,DICHOT,
30119,HARBOURVIEW SCHOOL,Cesium,1993-11-27T00:00,0.000,µg/m³,DICHOT,
30119,HARBOURVIEW SCHOOL,Cesium,1993-11-27T00:00,0.000,µg/m³,DICHOT,
30119,HARBOURVIEW SCHOOL,Cesium,1993-12-03T00:00,0.000,µg/m³,DICHOT,
30119,HARBOURVIEW SCHOOL,Cesium,1993-12-03T00:00,0.000,µg/m³,DICHOT,
30119,HARBOURVIEW SCHOOL,Cesium,1993-12-09T00:00,0.000,µg/m³,DICHOT,
30119,HARBOURVIEW SCHOOL,Cesium,1993-12-09T00:00,0.002,µg/m³,DICHOT,
30119,HARBOURVIEW SCHOOL,Cesium,1993-12-15T00:00,0.000,µg/m³,DICHOT,
30119,HARBOURVIEW SCHOOL,Cesium,1993-12-15T00:00,0.002,µg/m³,DICHOT,
30119,HARBOURVIEW SCHOOL,Cesium,1993-12-21T00:00,0.000,µg/m³,DICHOT,
30119,HARBOURVIEW SCHOOL,Cesium,1993-12-21T00:00,0.001,µg/m³,DICHOT,
30119,HARBOURVIEW SCHOOL,Cesium,1993-12-27T00:00,0.000,µg/m³,DICHOT,
30119,HARBOURVIEW SCHOOL,Cesium,1993-12-27T00:00,0.000,µg/m³,DICHOT,
