﻿NAPS_Site_ID,Station_Name,Pollutant,Date,Value,Units,Report_Type,Method
100112,DOWNTOWN VANCOUVER,Styrene,1998-03-12T00:00,0.980,µg/m³,VOC,GC-MS
100112,DOWNTOWN VANCOUVER,Styrene,1998-04-17T00:00,0.540,µg/m³,VOC,GC-MS
100112,DOWNTOWN VANCOUVER,Styrene,1998-05-11T00:00,0.217,µg/m³,VOC,GC-MS
100112,DOWNTOWN VANCOUVER,Styrene,1998-08-21T00:00,0.244,µg/m³,VOC,GC-MS
100112,DOWNTOWN VANCOUVER,Styrene,1998-09-26T00:00,0.252,µg/m³,VOC,GC-MS
100112,DOWNTOWN VANCOUVER,Styrene,1998-10-14T00:00,0.000,µg/m³,VOC,GC-MS
100112,DOWNTOWN VANCOUVER,Styrene,1998-11-19T00:00,0.000,µg/m³,VOC,GC-MS
100112,DOWNTOWN VANCOUVER,Styrene,1998-12-07T00:00,0.000,µg/m³,VOC,GC-MS
100112,DOWNTOWN VANCOUVER,Styrene,1998-12-31T00:00,0.000,µg/m³,VOC,GC-MS
