﻿NAPS_Site_ID,Station_Name,Pollutant,Date,Value,Units,Report_Type,Method
50121,BROSSARD-PARC OCÉANIE,"1,2,3-Trimethylbenzene",1995-01-03T00:00,0.082,µg/m³,VOC,GC-MS
50121,BROSSARD-PARC OCÉANIE,"1,2,3-Trimethylbenzene",1995-01-09T00:00,0.077,µg/m³,VOC,GC-MS
50121,BROSSARD-PARC OCÉANIE,"1,2,3-Trimethylbenzene",1995-01-15T00:00,0.122,µg/m³,VOC,GC-MS
50121,BROSSARD-PARC OCÉANIE,"1,2,3-Trimethylbenzene",1995-01-21T00:00,0.066,µg/m³,VOC,GC-MS
50121,BROSSARD-PARC OCÉANIE,"1,2,3-Trimethylbenzene",1995-01-27T00:00,0.002,µg/m³,VOC,GC-MS
50121,BROSSARD-PARC OCÉANIE,"1,2,3-Trimethylbenzene",1995-02-02T00:00,0.109,µg/m³,VOC,GC-MS
50121,BROSSARD-PARC OCÉANIE,"1,2,3-Trimethylbenzene",1995-02-08T00:00,0.105,µg/m³,VOC,GC-MS
50121,BROSSARD-PARC OCÉANIE,"1,2,3-Trimethylbenzene",1995-02-14T00:00,0.064,µg/m³,VOC,GC-MS
50121,BROSSARD-PARC OCÉANIE,"1,2,3-Trimethylbenzene",1995-02-26T00:00,0.047,µg/m³,VOC,GC-MS
50121,BROSSARD-PARC OCÉANIE,"1,2,3-Trimethylbenzene",1995-03-04T00:00,0.144,µg/m³,VOC,GC-MS
50121,BROSSARD-PARC OCÉANIE,"1,2,3-Trimethylbenzene",1995-03-10T00:00,0.026,µg/m³,VOC,GC-MS
50121,BROSSARD-PARC OCÉANIE,"1,2,3-Trimethylbenzene",1995-03-16T00:00,0.246,µg/m³,VOC,GC-MS
50121,BROSSARD-PARC OCÉANIE,"1,2,3-Trimethylbenzene",1995-03-22T00:00,0.060,µg/m³,VOC,GC-MS
50121,BROSSARD-PARC OCÉANIE,"1,2,3-Trimethylbenzene",1995-03-28T00:00,0.258,µg/m³,VOC,GC-MS
50121,BROSSARD-PARC OCÉANIE,"1,2,3-Trimethylbenzene",1995-04-09T00:00,0.029,µg/m³,VOC,GC-MS
50121,BROSSARD-PARC OCÉANIE,"1,2,3-Trimethylbenzene",1995-04-15T00:00,0.026,µg/m³,VOC,GC-MS
50121,BROSSARD-PARC OCÉANIE,"1,2,3-Trimethylbenzene",1995-04-21T00:00,0.026,µg/m³,VOC,GC-MS
50121,BROSSARD-PARC OCÉANIE,"1,2,3-Trimethylbenzene",1995-04-27T00:00,0.047,µg/m³,VOC,GC-MS
50121,BROSSARD-PARC OCÉANIE,"1,2,3-Trimethylbenzene",1995-05-03T00:00,0.170,µg/m³,VOC,GC-MS
50121,BROSSARD-PARC OCÉANIE,"1,2,3-Trimethylbenzene",1995-05-09T00:00,0.124,µg/m³,VOC,GC-MS
50121,BROSSARD-PARC OCÉANIE,"1,2,3-Trimethylbenzene",1995-05-15T00:00,0.044,µg/m³,VOC,GC-MS
50121,BROSSARD-PARC OCÉANIE,"1,2,3-Trimethylbenzene",1995-05-21T00:00,0.057,µg/m³,VOC,GC-MS
50121,BROSSARD-PARC OCÉANIE,"1,2,3-Trimethylbenzene",1995-05-27T00:00,0.118,µg/m³,VOC,GC-MS
50121,BROSSARD-PARC OCÉANIE,"1,2,3-Trimethylbenzene",1995-06-02T00:00,0.193,µg/m³,VOC,GC-MS
50121,BROSSARD-PARC OCÉANIE,"1,2,3-Trimethylbenzene",1995-06-08T00:00,0.040,µg/m³,VOC,GC-MS
50121,BROSSARD-PARC OCÉANIE,"1,2,3-Trimethylbenzene",1995-06-14T00:00,0.086,µg/m³,VOC,GC-MS
50121,BROSSARD-PARC OCÉANIE,"1,2,3-Trimethylbenzene",1995-06-20T00:00,0.043,µg/m³,VOC,GC-MS
50121,BROSSARD-PARC OCÉANIE,"1,2,3-Trimethylbenzene",1995-06-26T00:00,0.024,µg/m³,VOC,GC-MS
50121,BROSSARD-PARC OCÉANIE,"1,2,3-Trimethylbenzene",1995-07-02T00:00,0.030,µg/m³,VOC,GC-MS
50121,BROSSARD-PARC OCÉANIE,"1,2,3-Trimethylbenzene",1995-07-08T00:00,0.041,µg/m³,VOC,GC-MS
50121,BROSSARD-PARC OCÉANIE,"1,2,3-Trimethylbenzene",1995-07-14T00:00,0.029,µg/m³,VOC,GC-MS
50121,BROSSARD-PARC OCÉANIE,"1,2,3-Trimethylbenzene",1995-07-20T00:00,0.034,µg/m³,VOC,GC-MS
50121,BROSSARD-PARC OCÉANIE,"1,2,3-Trimethylbenzene",1995-07-26T00:00,0.135,µg/m³,VOC,GC-MS
50121,BROSSARD-PARC OCÉANIE,"1,2,3-Trimethylbenzene",1995-08-01T00:00,0.101,µg/m³,VOC,GC-MS
50121,BROSSARD-PARC OCÉANIE,"1,2,3-Trimethylbenzene",1995-08-07T00:00,0.262,µg/m³,VOC,GC-MS
50121,BROSSARD-PARC OCÉANIE,"1,2,3-Trimethylbenzene",1995-08-13T00:00,0.079,µg/m³,VOC,GC-MS
50121,BROSSARD-PARC OCÉANIE,"1,2,3-Trimethylbenzene",1995-08-25T00:00,0.067,µg/m³,VOC,GC-MS
50121,BROSSARD-PARC OCÉANIE,"1,2,3-Trimethylbenzene",1995-08-31T00:00,0.040,µg/m³,VOC,GC-MS
50121,BROSSARD-PARC OCÉANIE,"1,2,3-Trimethylbenzene",1995-09-06T00:00,0.071,µg/m³,VOC,GC-MS
50121,BROSSARD-PARC OCÉANIE,"1,2,3-Trimethylbenzene",1995-09-12T00:00,0.091,µg/m³,VOC,GC-MS
50121,BROSSARD-PARC OCÉANIE,"1,2,3-Trimethylbenzene",1995-09-18T00:00,0.048,µg/m³,VOC,GC-MS
50121,BROSSARD-PARC OCÉANIE,"1,2,3-Trimethylbenzene",1995-09-24T00:00,0.225,µg/m³,VOC,GC-MS
50121,BROSSARD-PARC OCÉANIE,"1,2,3-Trimethylbenzene",1995-09-30T00:00,0.101,µg/m³,VOC,GC-MS
50121,BROSSARD-PARC OCÉANIE,"1,2,3-Trimethylbenzene",1995-10-06T00:00,0.047,µg/m³,VOC,GC-MS
50121,BROSSARD-PARC OCÉANIE,"1,2,3-Trimethylbenzene",1995-10-12T00:00,0.079,µg/m³,VOC,GC-MS
50121,BROSSARD-PARC OCÉANIE,"1,2,3-Trimethylbenzene",1995-10-18T00:00,0.095,µg/m³,VOC,GC-MS
50121,BROSSARD-PARC OCÉANIE,"1,2,3-Trimethylbenzene",1995-10-24T00:00,0.083,µg/m³,VOC,GC-MS
50121,BROSSARD-PARC OCÉANIE,"1,2,3-Trimethylbenzene",1995-10-30T00:00,0.084,µg/m³,VOC,GC-MS
50121,BROSSARD-PARC OCÉANIE,"1,2,3-Trimethylbenzene",1995-11-05T00:00,0.033,µg/m³,VOC,GC-MS
50121,BROSSARD-PARC OCÉANIE,"1,2,3-Trimethylbenzene",1995-11-11T00:00,0.043,µg/m³,VOC,GC-MS
50121,BROSSARD-PARC OCÉANIE,"1,2,3-Trimethylbenzene",1995-11-17T00:00,0.084,µg/m³,VOC,GC-MS
50121,BROSSARD-PARC OCÉANIE,"1,2,3-Trimethylbenzene",1995-11-23T00:00,0.102,µg/m³,VOC,GC-MS
50121,BROSSARD-PARC OCÉANIE,"1,2,3-Trimethylbenzene",1995-11-29T00:00,0.201,µg/m³,VOC,GC-MS
50121,BROSSARD-PARC OCÉANIE,"1,2,3-Trimethylbenzene",1995-12-05T00:00,0.181,µg/m³,VOC,GC-MS
50121,BROSSARD-PARC OCÉANIE,"1,2,3-Trimethylbenzene",1995-12-17T00:00,0.073,µg/m³,VOC,GC-MS
50121,BROSSARD-PARC OCÉANIE,"1,2,3-Trimethylbenzene",1995-12-23T00:00,0.040,µg/m³,VOC,GC-MS
50121,BROSSARD-PARC OCÉANIE,"1,2,3-Trimethylbenzene",1995-12-29T00:00,0.148,µg/m³,VOC,GC-MS
