﻿NAPS_Site_ID,Station_Name,Pollutant,Date,Value,Units,Report_Type,Method
60512,BEASLEY PARK _HAMILTON_DOWNTOWN_,3-Ethyltoluene,1996-01-10T00:00,0.533,µg/m³,VOC,N/A
60512,BEASLEY PARK _HAMILTON_DOWNTOWN_,3-Ethyltoluene,1996-01-16T00:00,1.067,µg/m³,VOC,N/A
60512,BEASLEY PARK _HAMILTON_DOWNTOWN_,3-Ethyltoluene,1996-01-28T00:00,0.379,µg/m³,VOC,N/A
60512,BEASLEY PARK _HAMILTON_DOWNTOWN_,3-Ethyltoluene,1996-02-03T00:00,0.343,µg/m³,VOC,N/A
60512,BEASLEY PARK _HAMILTON_DOWNTOWN_,3-Ethyltoluene,1996-02-09T00:00,0.605,µg/m³,VOC,N/A
60512,BEASLEY PARK _HAMILTON_DOWNTOWN_,3-Ethyltoluene,1996-02-15T00:00,0.847,µg/m³,VOC,N/A
60512,BEASLEY PARK _HAMILTON_DOWNTOWN_,3-Ethyltoluene,1996-02-21T00:00,2.472,µg/m³,VOC,N/A
60512,BEASLEY PARK _HAMILTON_DOWNTOWN_,3-Ethyltoluene,1996-04-03T00:00,0.586,µg/m³,VOC,N/A
60512,BEASLEY PARK _HAMILTON_DOWNTOWN_,3-Ethyltoluene,1996-04-09T00:00,0.422,µg/m³,VOC,N/A
60512,BEASLEY PARK _HAMILTON_DOWNTOWN_,3-Ethyltoluene,1996-04-15T00:00,0.616,µg/m³,VOC,N/A
60512,BEASLEY PARK _HAMILTON_DOWNTOWN_,3-Ethyltoluene,1996-04-21T00:00,0.389,µg/m³,VOC,N/A
60512,BEASLEY PARK _HAMILTON_DOWNTOWN_,3-Ethyltoluene,1996-04-27T00:00,0.503,µg/m³,VOC,N/A
60512,BEASLEY PARK _HAMILTON_DOWNTOWN_,3-Ethyltoluene,1996-05-09T00:00,1.272,µg/m³,VOC,N/A
60512,BEASLEY PARK _HAMILTON_DOWNTOWN_,3-Ethyltoluene,1996-05-15T00:00,0.922,µg/m³,VOC,N/A
60512,BEASLEY PARK _HAMILTON_DOWNTOWN_,3-Ethyltoluene,1996-05-21T00:00,0.606,µg/m³,VOC,N/A
60512,BEASLEY PARK _HAMILTON_DOWNTOWN_,3-Ethyltoluene,1996-05-27T00:00,1.353,µg/m³,VOC,N/A
60512,BEASLEY PARK _HAMILTON_DOWNTOWN_,3-Ethyltoluene,1996-06-02T00:00,0.394,µg/m³,VOC,N/A
60512,BEASLEY PARK _HAMILTON_DOWNTOWN_,3-Ethyltoluene,1996-06-08T00:00,0.353,µg/m³,VOC,N/A
60512,BEASLEY PARK _HAMILTON_DOWNTOWN_,3-Ethyltoluene,1996-06-14T00:00,0.892,µg/m³,VOC,N/A
60512,BEASLEY PARK _HAMILTON_DOWNTOWN_,3-Ethyltoluene,1996-06-20T00:00,1.157,µg/m³,VOC,N/A
60512,BEASLEY PARK _HAMILTON_DOWNTOWN_,3-Ethyltoluene,1996-06-26T00:00,0.719,µg/m³,VOC,N/A
60512,BEASLEY PARK _HAMILTON_DOWNTOWN_,3-Ethyltoluene,1996-07-02T00:00,1.050,µg/m³,VOC,N/A
60512,BEASLEY PARK _HAMILTON_DOWNTOWN_,3-Ethyltoluene,1996-07-08T00:00,0.505,µg/m³,VOC,N/A
60512,BEASLEY PARK _HAMILTON_DOWNTOWN_,3-Ethyltoluene,1996-07-14T00:00,0.541,µg/m³,VOC,N/A
60512,BEASLEY PARK _HAMILTON_DOWNTOWN_,3-Ethyltoluene,1996-07-20T00:00,0.303,µg/m³,VOC,N/A
60512,BEASLEY PARK _HAMILTON_DOWNTOWN_,3-Ethyltoluene,1996-07-26T00:00,0.557,µg/m³,VOC,N/A
60512,BEASLEY PARK _HAMILTON_DOWNTOWN_,3-Ethyltoluene,1996-08-01T00:00,0.690,µg/m³,VOC,N/A
60512,BEASLEY PARK _HAMILTON_DOWNTOWN_,3-Ethyltoluene,1996-08-07T00:00,0.933,µg/m³,VOC,N/A
60512,BEASLEY PARK _HAMILTON_DOWNTOWN_,3-Ethyltoluene,1996-08-13T00:00,0.742,µg/m³,VOC,N/A
60512,BEASLEY PARK _HAMILTON_DOWNTOWN_,3-Ethyltoluene,1996-08-19T00:00,1.749,µg/m³,VOC,N/A
60512,BEASLEY PARK _HAMILTON_DOWNTOWN_,3-Ethyltoluene,1996-08-25T00:00,0.440,µg/m³,VOC,N/A
60512,BEASLEY PARK _HAMILTON_DOWNTOWN_,3-Ethyltoluene,1996-08-31T00:00,0.831,µg/m³,VOC,N/A
60512,BEASLEY PARK _HAMILTON_DOWNTOWN_,3-Ethyltoluene,1996-09-06T00:00,1.319,µg/m³,VOC,N/A
60512,BEASLEY PARK _HAMILTON_DOWNTOWN_,3-Ethyltoluene,1996-09-12T00:00,1.126,µg/m³,VOC,N/A
60512,BEASLEY PARK _HAMILTON_DOWNTOWN_,3-Ethyltoluene,1996-09-18T00:00,0.611,µg/m³,VOC,N/A
60512,BEASLEY PARK _HAMILTON_DOWNTOWN_,3-Ethyltoluene,1996-09-24T00:00,1.741,µg/m³,VOC,N/A
60512,BEASLEY PARK _HAMILTON_DOWNTOWN_,3-Ethyltoluene,1996-09-30T00:00,0.940,µg/m³,VOC,N/A
60512,BEASLEY PARK _HAMILTON_DOWNTOWN_,3-Ethyltoluene,1996-10-06T00:00,0.806,µg/m³,VOC,N/A
60512,BEASLEY PARK _HAMILTON_DOWNTOWN_,3-Ethyltoluene,1996-10-12T00:00,0.602,µg/m³,VOC,N/A
60512,BEASLEY PARK _HAMILTON_DOWNTOWN_,3-Ethyltoluene,1996-10-18T00:00,0.845,µg/m³,VOC,N/A
60512,BEASLEY PARK _HAMILTON_DOWNTOWN_,3-Ethyltoluene,1996-10-24T00:00,0.646,µg/m³,VOC,N/A
60512,BEASLEY PARK _HAMILTON_DOWNTOWN_,3-Ethyltoluene,1996-10-30T00:00,0.405,µg/m³,VOC,N/A
60512,BEASLEY PARK _HAMILTON_DOWNTOWN_,3-Ethyltoluene,1996-11-05T00:00,0.718,µg/m³,VOC,N/A
60512,BEASLEY PARK _HAMILTON_DOWNTOWN_,3-Ethyltoluene,1996-11-11T00:00,0.424,µg/m³,VOC,N/A
60512,BEASLEY PARK _HAMILTON_DOWNTOWN_,3-Ethyltoluene,1996-11-17T00:00,3.260,µg/m³,VOC,N/A
60512,BEASLEY PARK _HAMILTON_DOWNTOWN_,3-Ethyltoluene,1996-11-23T00:00,0.700,µg/m³,VOC,N/A
60512,BEASLEY PARK _HAMILTON_DOWNTOWN_,3-Ethyltoluene,1996-11-29T00:00,1.900,µg/m³,VOC,N/A
60512,BEASLEY PARK _HAMILTON_DOWNTOWN_,3-Ethyltoluene,1996-12-05T00:00,1.600,µg/m³,VOC,N/A
60512,BEASLEY PARK _HAMILTON_DOWNTOWN_,3-Ethyltoluene,1996-12-11T00:00,0.860,µg/m³,VOC,N/A
60512,BEASLEY PARK _HAMILTON_DOWNTOWN_,3-Ethyltoluene,1996-12-17T00:00,1.020,µg/m³,VOC,N/A
60512,BEASLEY PARK _HAMILTON_DOWNTOWN_,3-Ethyltoluene,1996-12-23T00:00,2.260,µg/m³,VOC,N/A
60512,BEASLEY PARK _HAMILTON_DOWNTOWN_,3-Ethyltoluene,1996-12-29T00:00,0.540,µg/m³,VOC,N/A
