﻿NAPS_Site_ID,Station_Name,Pollutant,Date,Value,Units,Report_Type,Method
100111,ROCKY POINT PARK,Carbontetrachloride,2016-12-31T19:00,0.499,µg/m³,VOC,GC-MS
100111,ROCKY POINT PARK,Carbontetrachloride,2017-01-06T19:00,0.412,µg/m³,VOC,GC-MS
100111,ROCKY POINT PARK,Carbontetrachloride,2017-01-12T19:00,0.518,µg/m³,VOC,GC-MS
100111,ROCKY POINT PARK,Carbontetrachloride,2017-01-18T19:00,0.543,µg/m³,VOC,GC-MS
100111,ROCKY POINT PARK,Carbontetrachloride,2017-01-24T19:00,0.416,µg/m³,VOC,GC-MS
100111,ROCKY POINT PARK,Carbontetrachloride,2017-01-30T19:00,0.396,µg/m³,VOC,GC-MS
100111,ROCKY POINT PARK,Carbontetrachloride,2017-02-05T19:00,0.423,µg/m³,VOC,GC-MS
100111,ROCKY POINT PARK,Carbontetrachloride,2017-02-11T19:00,0.448,µg/m³,VOC,GC-MS
100111,ROCKY POINT PARK,Carbontetrachloride,2017-02-17T19:00,0.496,µg/m³,VOC,GC-MS
100111,ROCKY POINT PARK,Carbontetrachloride,2017-02-23T19:00,0.476,µg/m³,VOC,GC-MS
100111,ROCKY POINT PARK,Carbontetrachloride,2017-03-01T19:00,0.496,µg/m³,VOC,GC-MS
100111,ROCKY POINT PARK,Carbontetrachloride,2017-03-07T19:00,0.512,µg/m³,VOC,GC-MS
100111,ROCKY POINT PARK,Carbontetrachloride,2017-03-13T20:00,0.438,µg/m³,VOC,GC-MS
100111,ROCKY POINT PARK,Carbontetrachloride,2017-03-19T20:00,0.456,µg/m³,VOC,GC-MS
100111,ROCKY POINT PARK,Carbontetrachloride,2017-03-25T20:00,0.509,µg/m³,VOC,GC-MS
100111,ROCKY POINT PARK,Carbontetrachloride,2017-03-31T20:00,0.545,µg/m³,VOC,GC-MS
100111,ROCKY POINT PARK,Carbontetrachloride,2017-04-06T20:00,0.534,µg/m³,VOC,GC-MS
100111,ROCKY POINT PARK,Carbontetrachloride,2017-04-12T20:00,0.537,µg/m³,VOC,GC-MS
100111,ROCKY POINT PARK,Carbontetrachloride,2017-04-18T20:00,0.533,µg/m³,VOC,GC-MS
100111,ROCKY POINT PARK,Carbontetrachloride,2017-04-24T20:00,0.537,µg/m³,VOC,GC-MS
100111,ROCKY POINT PARK,Carbontetrachloride,2017-04-30T20:00,0.530,µg/m³,VOC,GC-MS
100111,ROCKY POINT PARK,Carbontetrachloride,2017-05-06T20:00,0.537,µg/m³,VOC,GC-MS
100111,ROCKY POINT PARK,Carbontetrachloride,2017-05-12T20:00,0.516,µg/m³,VOC,GC-MS
100111,ROCKY POINT PARK,Carbontetrachloride,2017-05-18T20:00,0.523,µg/m³,VOC,GC-MS
100111,ROCKY POINT PARK,Carbontetrachloride,2017-05-24T20:00,0.541,µg/m³,VOC,GC-MS
100111,ROCKY POINT PARK,Carbontetrachloride,2017-05-30T20:00,0.525,µg/m³,VOC,GC-MS
100111,ROCKY POINT PARK,Carbontetrachloride,2017-06-05T20:00,0.453,µg/m³,VOC,GC-MS
100111,ROCKY POINT PARK,Carbontetrachloride,2017-06-11T20:00,0.448,µg/m³,VOC,GC-MS
100111,ROCKY POINT PARK,Carbontetrachloride,2017-06-17T20:00,0.510,µg/m³,VOC,GC-MS
100111,ROCKY POINT PARK,Carbontetrachloride,2017-06-23T20:00,0.503,µg/m³,VOC,GC-MS
100111,ROCKY POINT PARK,Carbontetrachloride,2017-06-29T20:00,0.499,µg/m³,VOC,GC-MS
100111,ROCKY POINT PARK,Carbontetrachloride,2017-07-05T20:00,0.489,µg/m³,VOC,GC-MS
100111,ROCKY POINT PARK,Carbontetrachloride,2017-07-11T20:00,0.495,µg/m³,VOC,GC-MS
100111,ROCKY POINT PARK,Carbontetrachloride,2017-07-17T20:00,0.464,µg/m³,VOC,GC-MS
100111,ROCKY POINT PARK,Carbontetrachloride,2017-08-04T20:00,0.446,µg/m³,VOC,GC-MS
100111,ROCKY POINT PARK,Carbontetrachloride,2017-08-16T20:00,0.446,µg/m³,VOC,GC-MS
100111,ROCKY POINT PARK,Carbontetrachloride,2017-08-22T20:00,0.461,µg/m³,VOC,GC-MS
100111,ROCKY POINT PARK,Carbontetrachloride,2017-09-03T20:00,0.478,µg/m³,VOC,GC-MS
100111,ROCKY POINT PARK,Carbontetrachloride,2017-09-09T20:00,0.489,µg/m³,VOC,GC-MS
100111,ROCKY POINT PARK,Carbontetrachloride,2017-09-15T20:00,0.498,µg/m³,VOC,GC-MS
100111,ROCKY POINT PARK,Carbontetrachloride,2017-09-21T20:00,0.508,µg/m³,VOC,GC-MS
100111,ROCKY POINT PARK,Carbontetrachloride,2017-09-27T20:00,0.530,µg/m³,VOC,GC-MS
100111,ROCKY POINT PARK,Carbontetrachloride,2017-10-15T20:00,0.543,µg/m³,VOC,GC-MS
100111,ROCKY POINT PARK,Carbontetrachloride,2017-10-21T20:00,0.527,µg/m³,VOC,GC-MS
100111,ROCKY POINT PARK,Carbontetrachloride,2017-10-27T20:00,0.469,µg/m³,VOC,GC-MS
100111,ROCKY POINT PARK,Carbontetrachloride,2017-11-02T20:00,0.540,µg/m³,VOC,GC-MS
100111,ROCKY POINT PARK,Carbontetrachloride,2017-11-08T19:00,0.555,µg/m³,VOC,GC-MS
100111,ROCKY POINT PARK,Carbontetrachloride,2017-11-14T19:00,0.537,µg/m³,VOC,GC-MS
100111,ROCKY POINT PARK,Carbontetrachloride,2017-11-20T19:00,0.580,µg/m³,VOC,GC-MS
100111,ROCKY POINT PARK,Carbontetrachloride,2017-11-26T19:00,0.579,µg/m³,VOC,GC-MS
100111,ROCKY POINT PARK,Carbontetrachloride,2017-12-02T19:00,0.514,µg/m³,VOC,GC-MS
100111,ROCKY POINT PARK,Carbontetrachloride,2017-12-08T19:00,0.541,µg/m³,VOC,GC-MS
100111,ROCKY POINT PARK,Carbontetrachloride,2017-12-14T19:00,0.598,µg/m³,VOC,GC-MS
100111,ROCKY POINT PARK,Carbontetrachloride,2017-12-20T19:00,0.651,µg/m³,VOC,GC-MS
100111,ROCKY POINT PARK,Carbontetrachloride,2017-12-26T19:00,0.456,µg/m³,VOC,GC-MS
