﻿NAPS_Site_ID,Station_Name,Pollutant,Date,Value,Units,Report_Type,Method
90121,EDMONTON EAST,TCDD,2001-01-01T00:00,0.064,pg/m³,PCDD,N/A
90121,EDMONTON EAST,TCDD,2001-01-25T00:00,0.099,pg/m³,PCDD,N/A
90121,EDMONTON EAST,TCDD,2001-03-14T00:00,0.003,pg/m³,PCDD,N/A
90121,EDMONTON EAST,TCDD,2001-04-07T00:00,0.000,pg/m³,PCDD,N/A
90121,EDMONTON EAST,TCDD,2001-05-01T00:00,0.000,pg/m³,PCDD,N/A
90121,EDMONTON EAST,TCDD,2001-05-25T00:00,0.009,pg/m³,PCDD,N/A
90121,EDMONTON EAST,TCDD,2001-06-18T00:00,0.016,pg/m³,PCDD,N/A
90121,EDMONTON EAST,TCDD,2001-08-05T00:00,0.005,pg/m³,PCDD,N/A
90121,EDMONTON EAST,TCDD,2001-09-22T00:00,0.011,pg/m³,PCDD,N/A
90121,EDMONTON EAST,TCDD,2001-11-09T00:00,0.088,pg/m³,PCDD,N/A
