﻿NAPS_Site_ID,Station_Name,Pollutant,Date,Value,Units,Report_Type,Method
90130,EDMONTON CENTRAL,"2,2-Dimethylpropane",2006-01-05T00:00,0.040,µg/m³,VOC,GC-MS
90130,EDMONTON CENTRAL,"2,2-Dimethylpropane",2006-01-11T00:00,0.050,µg/m³,VOC,GC-MS
90130,EDMONTON CENTRAL,"2,2-Dimethylpropane",2006-01-17T00:00,0.049,µg/m³,VOC,GC-MS
90130,EDMONTON CENTRAL,"2,2-Dimethylpropane",2006-01-23T00:00,0.015,µg/m³,VOC,GC-MS
90130,EDMONTON CENTRAL,"2,2-Dimethylpropane",2006-01-29T00:00,0.051,µg/m³,VOC,GC-MS
90130,EDMONTON CENTRAL,"2,2-Dimethylpropane",2006-02-04T00:00,0.054,µg/m³,VOC,GC-MS
90130,EDMONTON CENTRAL,"2,2-Dimethylpropane",2006-02-10T00:00,0.025,µg/m³,VOC,GC-MS
90130,EDMONTON CENTRAL,"2,2-Dimethylpropane",2006-02-16T00:00,0.018,µg/m³,VOC,GC-MS
90130,EDMONTON CENTRAL,"2,2-Dimethylpropane",2006-02-22T00:00,0.052,µg/m³,VOC,GC-MS
90130,EDMONTON CENTRAL,"2,2-Dimethylpropane",2006-02-28T00:00,0.038,µg/m³,VOC,GC-MS
90130,EDMONTON CENTRAL,"2,2-Dimethylpropane",2006-03-06T00:00,0.057,µg/m³,VOC,GC-MS
90130,EDMONTON CENTRAL,"2,2-Dimethylpropane",2006-03-12T00:00,0.027,µg/m³,VOC,GC-MS
90130,EDMONTON CENTRAL,"2,2-Dimethylpropane",2006-03-18T00:00,0.032,µg/m³,VOC,GC-MS
90130,EDMONTON CENTRAL,"2,2-Dimethylpropane",2006-03-24T00:00,0.023,µg/m³,VOC,GC-MS
90130,EDMONTON CENTRAL,"2,2-Dimethylpropane",2006-03-30T00:00,0.025,µg/m³,VOC,GC-MS
90130,EDMONTON CENTRAL,"2,2-Dimethylpropane",2006-04-05T00:00,0.054,µg/m³,VOC,GC-MS
90130,EDMONTON CENTRAL,"2,2-Dimethylpropane",2006-04-11T00:00,0.040,µg/m³,VOC,GC-MS
90130,EDMONTON CENTRAL,"2,2-Dimethylpropane",2006-04-17T00:00,0.017,µg/m³,VOC,GC-MS
90130,EDMONTON CENTRAL,"2,2-Dimethylpropane",2006-04-23T00:00,0.012,µg/m³,VOC,GC-MS
90130,EDMONTON CENTRAL,"2,2-Dimethylpropane",2006-04-29T00:00,0.020,µg/m³,VOC,GC-MS
90130,EDMONTON CENTRAL,"2,2-Dimethylpropane",2006-05-05T00:00,0.030,µg/m³,VOC,GC-MS
90130,EDMONTON CENTRAL,"2,2-Dimethylpropane",2006-05-11T00:00,0.012,µg/m³,VOC,GC-MS
90130,EDMONTON CENTRAL,"2,2-Dimethylpropane",2006-05-17T00:00,0.031,µg/m³,VOC,GC-MS
90130,EDMONTON CENTRAL,"2,2-Dimethylpropane",2006-05-23T00:00,0.024,µg/m³,VOC,GC-MS
90130,EDMONTON CENTRAL,"2,2-Dimethylpropane",2006-05-29T00:00,0.014,µg/m³,VOC,GC-MS
90130,EDMONTON CENTRAL,"2,2-Dimethylpropane",2006-06-04T00:00,0.011,µg/m³,VOC,GC-MS
90130,EDMONTON CENTRAL,"2,2-Dimethylpropane",2006-06-10T00:00,0.010,µg/m³,VOC,GC-MS
90130,EDMONTON CENTRAL,"2,2-Dimethylpropane",2006-06-16T00:00,0.014,µg/m³,VOC,GC-MS
90130,EDMONTON CENTRAL,"2,2-Dimethylpropane",2006-06-22T00:00,0.013,µg/m³,VOC,GC-MS
90130,EDMONTON CENTRAL,"2,2-Dimethylpropane",2006-07-22T00:00,0.046,µg/m³,VOC,GC-MS
90130,EDMONTON CENTRAL,"2,2-Dimethylpropane",2006-07-28T00:00,0.033,µg/m³,VOC,GC-MS
90130,EDMONTON CENTRAL,"2,2-Dimethylpropane",2006-07-28T00:00,0.033,µg/m³,VOC,GC-MS
90130,EDMONTON CENTRAL,"2,2-Dimethylpropane",2006-08-03T00:00,0.015,µg/m³,VOC,GC-MS
90130,EDMONTON CENTRAL,"2,2-Dimethylpropane",2006-08-03T00:00,0.015,µg/m³,VOC,GC-MS
90130,EDMONTON CENTRAL,"2,2-Dimethylpropane",2006-08-09T00:00,0.012,µg/m³,VOC,GC-MS
90130,EDMONTON CENTRAL,"2,2-Dimethylpropane",2006-08-09T00:00,0.012,µg/m³,VOC,GC-MS
90130,EDMONTON CENTRAL,"2,2-Dimethylpropane",2006-08-15T00:00,0.010,µg/m³,VOC,GC-MS
90130,EDMONTON CENTRAL,"2,2-Dimethylpropane",2006-08-15T00:00,0.010,µg/m³,VOC,GC-MS
90130,EDMONTON CENTRAL,"2,2-Dimethylpropane",2006-08-21T00:00,0.023,µg/m³,VOC,GC-MS
90130,EDMONTON CENTRAL,"2,2-Dimethylpropane",2006-08-21T00:00,0.023,µg/m³,VOC,GC-MS
90130,EDMONTON CENTRAL,"2,2-Dimethylpropane",2006-08-26T00:00,0.024,µg/m³,VOC,GC-MS
90130,EDMONTON CENTRAL,"2,2-Dimethylpropane",2006-09-02T00:00,0.020,µg/m³,VOC,GC-MS
90130,EDMONTON CENTRAL,"2,2-Dimethylpropane",2006-09-08T00:00,0.022,µg/m³,VOC,GC-MS
90130,EDMONTON CENTRAL,"2,2-Dimethylpropane",2006-09-14T00:00,0.012,µg/m³,VOC,GC-MS
90130,EDMONTON CENTRAL,"2,2-Dimethylpropane",2006-09-20T00:00,0.021,µg/m³,VOC,GC-MS
90130,EDMONTON CENTRAL,"2,2-Dimethylpropane",2006-09-26T00:00,0.022,µg/m³,VOC,GC-MS
90130,EDMONTON CENTRAL,"2,2-Dimethylpropane",2006-10-02T00:00,0.017,µg/m³,VOC,GC-MS
90130,EDMONTON CENTRAL,"2,2-Dimethylpropane",2006-10-08T00:00,0.052,µg/m³,VOC,GC-MS
90130,EDMONTON CENTRAL,"2,2-Dimethylpropane",2006-10-14T00:00,0.051,µg/m³,VOC,GC-MS
90130,EDMONTON CENTRAL,"2,2-Dimethylpropane",2006-10-20T00:00,0.022,µg/m³,VOC,GC-MS
90130,EDMONTON CENTRAL,"2,2-Dimethylpropane",2006-10-26T00:00,0.017,µg/m³,VOC,GC-MS
90130,EDMONTON CENTRAL,"2,2-Dimethylpropane",2006-11-01T00:00,0.019,µg/m³,VOC,GC-MS
90130,EDMONTON CENTRAL,"2,2-Dimethylpropane",2006-11-07T00:00,0.086,µg/m³,VOC,GC-MS
90130,EDMONTON CENTRAL,"2,2-Dimethylpropane",2006-11-13T00:00,0.060,µg/m³,VOC,GC-MS
90130,EDMONTON CENTRAL,"2,2-Dimethylpropane",2006-11-19T00:00,0.019,µg/m³,VOC,GC-MS
90130,EDMONTON CENTRAL,"2,2-Dimethylpropane",2006-11-25T00:00,0.020,µg/m³,VOC,GC-MS
90130,EDMONTON CENTRAL,"2,2-Dimethylpropane",2006-12-01T00:00,0.031,µg/m³,VOC,GC-MS
90130,EDMONTON CENTRAL,"2,2-Dimethylpropane",2006-12-07T00:00,0.048,µg/m³,VOC,GC-MS
90130,EDMONTON CENTRAL,"2,2-Dimethylpropane",2006-12-13T00:00,0.036,µg/m³,VOC,GC-MS
90130,EDMONTON CENTRAL,"2,2-Dimethylpropane",2006-12-19T00:00,0.018,µg/m³,VOC,GC-MS
90130,EDMONTON CENTRAL,"2,2-Dimethylpropane",2006-12-25T00:00,0.019,µg/m³,VOC,GC-MS
90130,EDMONTON CENTRAL,"2,2-Dimethylpropane",2006-12-31T00:00,0.042,µg/m³,VOC,GC-MS
