﻿NAPS_Site_ID,Station_Name,Pollutant,Date,Value,Units,Report_Type,Method
102001,SATURNA,Propylene,2015-01-02T19:00,0.264,µg/m³,VOC,GC-MS
102001,SATURNA,Propylene,2015-01-08T19:00,0.606,µg/m³,VOC,GC-MS
102001,SATURNA,Propylene,2015-01-11T19:00,0.254,µg/m³,VOC,GC-MS
102001,SATURNA,Propylene,2015-01-14T19:00,0.194,µg/m³,VOC,GC-MS
102001,SATURNA,Propylene,2015-01-17T19:00,0.068,µg/m³,VOC,GC-MS
102001,SATURNA,Propylene,2015-01-20T19:00,0.100,µg/m³,VOC,GC-MS
102001,SATURNA,Propylene,2015-01-23T19:00,0.112,µg/m³,VOC,GC-MS
102001,SATURNA,Propylene,2015-01-26T19:00,0.083,µg/m³,VOC,GC-MS
102001,SATURNA,Propylene,2015-01-29T19:00,0.111,µg/m³,VOC,GC-MS
102001,SATURNA,Propylene,2015-02-01T19:00,0.073,µg/m³,VOC,GC-MS
102001,SATURNA,Propylene,2015-02-04T19:00,0.165,µg/m³,VOC,GC-MS
102001,SATURNA,Propylene,2015-02-07T19:00,0.052,µg/m³,VOC,GC-MS
102001,SATURNA,Propylene,2015-02-10T19:00,0.153,µg/m³,VOC,GC-MS
102001,SATURNA,Propylene,2015-02-13T19:00,0.049,µg/m³,VOC,GC-MS
102001,SATURNA,Propylene,2015-02-16T19:00,0.064,µg/m³,VOC,GC-MS
102001,SATURNA,Propylene,2015-02-19T19:00,0.081,µg/m³,VOC,GC-MS
102001,SATURNA,Propylene,2015-02-22T19:00,0.063,µg/m³,VOC,GC-MS
102001,SATURNA,Propylene,2015-02-25T19:00,0.102,µg/m³,VOC,GC-MS
102001,SATURNA,Propylene,2015-02-28T19:00,0.128,µg/m³,VOC,GC-MS
102001,SATURNA,Propylene,2015-03-03T19:00,0.065,µg/m³,VOC,GC-MS
102001,SATURNA,Propylene,2015-03-06T19:00,0.057,µg/m³,VOC,GC-MS
102001,SATURNA,Propylene,2015-03-09T20:00,0.098,µg/m³,VOC,GC-MS
102001,SATURNA,Propylene,2015-03-12T20:00,0.079,µg/m³,VOC,GC-MS
102001,SATURNA,Propylene,2015-03-15T20:00,0.081,µg/m³,VOC,GC-MS
102001,SATURNA,Propylene,2015-03-18T20:00,0.130,µg/m³,VOC,GC-MS
102001,SATURNA,Propylene,2015-03-21T20:00,0.080,µg/m³,VOC,GC-MS
102001,SATURNA,Propylene,2015-03-24T20:00,0.129,µg/m³,VOC,GC-MS
102001,SATURNA,Propylene,2015-03-27T20:00,0.040,µg/m³,VOC,GC-MS
102001,SATURNA,Propylene,2015-03-30T20:00,0.050,µg/m³,VOC,GC-MS
102001,SATURNA,Propylene,2015-04-02T20:00,0.092,µg/m³,VOC,GC-MS
102001,SATURNA,Propylene,2015-04-05T20:00,0.086,µg/m³,VOC,GC-MS
102001,SATURNA,Propylene,2015-04-08T20:00,0.053,µg/m³,VOC,GC-MS
102001,SATURNA,Propylene,2015-04-11T20:00,0.563,µg/m³,VOC,GC-MS
102001,SATURNA,Propylene,2015-04-14T20:00,0.037,µg/m³,VOC,GC-MS
102001,SATURNA,Propylene,2015-04-29T20:00,0.043,µg/m³,VOC,GC-MS
102001,SATURNA,Propylene,2015-05-02T20:00,0.044,µg/m³,VOC,GC-MS
102001,SATURNA,Propylene,2015-05-05T20:00,0.153,µg/m³,VOC,GC-MS
102001,SATURNA,Propylene,2015-05-08T20:00,0.075,µg/m³,VOC,GC-MS
102001,SATURNA,Propylene,2015-05-11T20:00,0.038,µg/m³,VOC,GC-MS
102001,SATURNA,Propylene,2015-05-14T20:00,0.042,µg/m³,VOC,GC-MS
102001,SATURNA,Propylene,2015-05-17T20:00,0.093,µg/m³,VOC,GC-MS
102001,SATURNA,Propylene,2015-05-20T20:00,0.033,µg/m³,VOC,GC-MS
102001,SATURNA,Propylene,2015-05-23T20:00,0.030,µg/m³,VOC,GC-MS
102001,SATURNA,Propylene,2015-05-26T20:00,0.204,µg/m³,VOC,GC-MS
102001,SATURNA,Propylene,2015-05-29T20:00,0.087,µg/m³,VOC,GC-MS
102001,SATURNA,Propylene,2015-06-01T20:00,0.173,µg/m³,VOC,GC-MS
102001,SATURNA,Propylene,2015-06-04T20:00,0.097,µg/m³,VOC,GC-MS
102001,SATURNA,Propylene,2015-06-07T20:00,0.043,µg/m³,VOC,GC-MS
102001,SATURNA,Propylene,2015-06-10T20:00,0.070,µg/m³,VOC,GC-MS
102001,SATURNA,Propylene,2015-06-13T20:00,0.041,µg/m³,VOC,GC-MS
102001,SATURNA,Propylene,2015-06-16T20:00,0.033,µg/m³,VOC,GC-MS
102001,SATURNA,Propylene,2015-06-19T20:00,0.092,µg/m³,VOC,GC-MS
102001,SATURNA,Propylene,2015-06-22T20:00,0.052,µg/m³,VOC,GC-MS
102001,SATURNA,Propylene,2015-06-28T20:00,0.047,µg/m³,VOC,GC-MS
102001,SATURNA,Propylene,2015-07-01T20:00,0.074,µg/m³,VOC,GC-MS
102001,SATURNA,Propylene,2015-07-04T20:00,0.203,µg/m³,VOC,GC-MS
102001,SATURNA,Propylene,2015-07-07T20:00,0.044,µg/m³,VOC,GC-MS
102001,SATURNA,Propylene,2015-07-10T20:00,0.163,µg/m³,VOC,GC-MS
102001,SATURNA,Propylene,2015-07-13T20:00,0.058,µg/m³,VOC,GC-MS
102001,SATURNA,Propylene,2015-07-16T20:00,0.045,µg/m³,VOC,GC-MS
102001,SATURNA,Propylene,2015-07-19T20:00,0.082,µg/m³,VOC,GC-MS
102001,SATURNA,Propylene,2015-07-22T20:00,0.874,µg/m³,VOC,GC-MS
102001,SATURNA,Propylene,2015-07-25T20:00,0.133,µg/m³,VOC,GC-MS
102001,SATURNA,Propylene,2015-07-28T20:00,0.030,µg/m³,VOC,GC-MS
102001,SATURNA,Propylene,2015-07-31T20:00,0.059,µg/m³,VOC,GC-MS
102001,SATURNA,Propylene,2015-08-03T20:00,0.033,µg/m³,VOC,GC-MS
102001,SATURNA,Propylene,2015-08-06T20:00,0.024,µg/m³,VOC,GC-MS
102001,SATURNA,Propylene,2015-08-09T20:00,0.036,µg/m³,VOC,GC-MS
102001,SATURNA,Propylene,2015-08-12T20:00,0.060,µg/m³,VOC,GC-MS
102001,SATURNA,Propylene,2015-08-15T20:00,0.050,µg/m³,VOC,GC-MS
102001,SATURNA,Propylene,2015-08-18T20:00,0.036,µg/m³,VOC,GC-MS
102001,SATURNA,Propylene,2015-08-21T20:00,0.063,µg/m³,VOC,GC-MS
102001,SATURNA,Propylene,2015-08-24T20:00,0.047,µg/m³,VOC,GC-MS
102001,SATURNA,Propylene,2015-08-27T20:00,0.060,µg/m³,VOC,GC-MS
102001,SATURNA,Propylene,2015-08-30T20:00,0.080,µg/m³,VOC,GC-MS
102001,SATURNA,Propylene,2015-09-02T20:00,0.160,µg/m³,VOC,GC-MS
102001,SATURNA,Propylene,2015-09-08T20:00,0.031,µg/m³,VOC,GC-MS
102001,SATURNA,Propylene,2015-09-11T20:00,0.043,µg/m³,VOC,GC-MS
102001,SATURNA,Propylene,2015-09-14T20:00,0.043,µg/m³,VOC,GC-MS
102001,SATURNA,Propylene,2015-09-17T20:00,0.104,µg/m³,VOC,GC-MS
102001,SATURNA,Propylene,2015-09-20T20:00,0.053,µg/m³,VOC,GC-MS
102001,SATURNA,Propylene,2015-09-23T20:00,0.142,µg/m³,VOC,GC-MS
102001,SATURNA,Propylene,2015-09-26T20:00,0.049,µg/m³,VOC,GC-MS
102001,SATURNA,Propylene,2015-09-29T20:00,0.064,µg/m³,VOC,GC-MS
102001,SATURNA,Propylene,2015-10-02T20:00,0.047,µg/m³,VOC,GC-MS
102001,SATURNA,Propylene,2015-10-08T20:00,0.070,µg/m³,VOC,GC-MS
102001,SATURNA,Propylene,2015-10-11T20:00,0.160,µg/m³,VOC,GC-MS
102001,SATURNA,Propylene,2015-10-14T20:00,0.236,µg/m³,VOC,GC-MS
102001,SATURNA,Propylene,2015-10-17T20:00,0.160,µg/m³,VOC,GC-MS
102001,SATURNA,Propylene,2015-10-20T20:00,0.157,µg/m³,VOC,GC-MS
102001,SATURNA,Propylene,2015-10-23T20:00,0.124,µg/m³,VOC,GC-MS
102001,SATURNA,Propylene,2015-10-26T20:00,0.100,µg/m³,VOC,GC-MS
102001,SATURNA,Propylene,2015-10-29T20:00,0.103,µg/m³,VOC,GC-MS
102001,SATURNA,Propylene,2015-11-01T19:00,0.090,µg/m³,VOC,GC-MS
102001,SATURNA,Propylene,2015-11-04T19:00,0.110,µg/m³,VOC,GC-MS
102001,SATURNA,Propylene,2015-11-10T19:00,0.069,µg/m³,VOC,GC-MS
102001,SATURNA,Propylene,2015-11-13T19:00,0.066,µg/m³,VOC,GC-MS
102001,SATURNA,Propylene,2015-11-16T19:00,0.033,µg/m³,VOC,GC-MS
102001,SATURNA,Propylene,2015-11-19T19:00,0.134,µg/m³,VOC,GC-MS
102001,SATURNA,Propylene,2015-11-22T19:00,0.348,µg/m³,VOC,GC-MS
102001,SATURNA,Propylene,2015-11-25T19:00,0.149,µg/m³,VOC,GC-MS
102001,SATURNA,Propylene,2015-11-28T19:00,0.264,µg/m³,VOC,GC-MS
102001,SATURNA,Propylene,2015-12-01T19:00,0.172,µg/m³,VOC,GC-MS
102001,SATURNA,Propylene,2015-12-07T19:00,0.038,µg/m³,VOC,GC-MS
102001,SATURNA,Propylene,2015-12-10T19:00,0.128,µg/m³,VOC,GC-MS
102001,SATURNA,Propylene,2015-12-13T19:00,0.048,µg/m³,VOC,GC-MS
102001,SATURNA,Propylene,2015-12-16T19:00,0.144,µg/m³,VOC,GC-MS
102001,SATURNA,Propylene,2015-12-19T19:00,0.044,µg/m³,VOC,GC-MS
102001,SATURNA,Propylene,2015-12-22T19:00,0.053,µg/m³,VOC,GC-MS
102001,SATURNA,Propylene,2015-12-25T19:00,0.094,µg/m³,VOC,GC-MS
102001,SATURNA,Propylene,2015-12-28T19:00,0.124,µg/m³,VOC,GC-MS
