﻿NAPS_Site_ID,Station_Name,Pollutant,Date,Value,Units,Report_Type,Method
100137,BURNABY NORTH,"trans-1,4-Dimethylcyclohexane",2007-01-06T00:00,0.543,µg/m³,VOC,GC-MS
100137,BURNABY NORTH,"trans-1,4-Dimethylcyclohexane",2007-01-12T00:00,0.069,µg/m³,VOC,GC-MS
100137,BURNABY NORTH,"trans-1,4-Dimethylcyclohexane",2007-01-18T00:00,0.032,µg/m³,VOC,GC-MS
100137,BURNABY NORTH,"trans-1,4-Dimethylcyclohexane",2007-01-24T00:00,0.273,µg/m³,VOC,GC-MS
100137,BURNABY NORTH,"trans-1,4-Dimethylcyclohexane",2007-01-30T00:00,0.363,µg/m³,VOC,GC-MS
100137,BURNABY NORTH,"trans-1,4-Dimethylcyclohexane",2007-02-11T00:00,0.039,µg/m³,VOC,GC-MS
100137,BURNABY NORTH,"trans-1,4-Dimethylcyclohexane",2007-02-17T00:00,0.023,µg/m³,VOC,GC-MS
100137,BURNABY NORTH,"trans-1,4-Dimethylcyclohexane",2007-02-23T00:00,0.014,µg/m³,VOC,GC-MS
100137,BURNABY NORTH,"trans-1,4-Dimethylcyclohexane",2007-03-01T00:00,0.036,µg/m³,VOC,GC-MS
100137,BURNABY NORTH,"trans-1,4-Dimethylcyclohexane",2007-03-07T00:00,0.026,µg/m³,VOC,GC-MS
100137,BURNABY NORTH,"trans-1,4-Dimethylcyclohexane",2007-03-13T00:00,0.083,µg/m³,VOC,GC-MS
100137,BURNABY NORTH,"trans-1,4-Dimethylcyclohexane",2007-03-19T00:00,0.052,µg/m³,VOC,GC-MS
100137,BURNABY NORTH,"trans-1,4-Dimethylcyclohexane",2007-03-25T00:00,0.073,µg/m³,VOC,GC-MS
100137,BURNABY NORTH,"trans-1,4-Dimethylcyclohexane",2007-03-31T00:00,0.017,µg/m³,VOC,GC-MS
100137,BURNABY NORTH,"trans-1,4-Dimethylcyclohexane",2007-04-06T00:00,0.321,µg/m³,VOC,GC-MS
100137,BURNABY NORTH,"trans-1,4-Dimethylcyclohexane",2007-04-12T00:00,0.114,µg/m³,VOC,GC-MS
100137,BURNABY NORTH,"trans-1,4-Dimethylcyclohexane",2007-04-18T00:00,0.178,µg/m³,VOC,GC-MS
100137,BURNABY NORTH,"trans-1,4-Dimethylcyclohexane",2007-04-24T00:00,0.081,µg/m³,VOC,GC-MS
100137,BURNABY NORTH,"trans-1,4-Dimethylcyclohexane",2007-04-30T00:00,0.053,µg/m³,VOC,GC-MS
100137,BURNABY NORTH,"trans-1,4-Dimethylcyclohexane",2007-05-06T00:00,0.163,µg/m³,VOC,GC-MS
100137,BURNABY NORTH,"trans-1,4-Dimethylcyclohexane",2007-05-12T00:00,0.266,µg/m³,VOC,GC-MS
100137,BURNABY NORTH,"trans-1,4-Dimethylcyclohexane",2007-05-18T00:00,0.147,µg/m³,VOC,GC-MS
100137,BURNABY NORTH,"trans-1,4-Dimethylcyclohexane",2007-05-24T00:00,0.161,µg/m³,VOC,GC-MS
100137,BURNABY NORTH,"trans-1,4-Dimethylcyclohexane",2007-05-30T00:00,0.159,µg/m³,VOC,GC-MS
100137,BURNABY NORTH,"trans-1,4-Dimethylcyclohexane",2007-06-05T00:00,0.054,µg/m³,VOC,GC-MS
100137,BURNABY NORTH,"trans-1,4-Dimethylcyclohexane",2007-06-11T00:00,0.046,µg/m³,VOC,GC-MS
100137,BURNABY NORTH,"trans-1,4-Dimethylcyclohexane",2007-06-17T00:00,0.027,µg/m³,VOC,GC-MS
100137,BURNABY NORTH,"trans-1,4-Dimethylcyclohexane",2007-06-23T00:00,0.036,µg/m³,VOC,GC-MS
100137,BURNABY NORTH,"trans-1,4-Dimethylcyclohexane",2007-06-29T00:00,0.051,µg/m³,VOC,GC-MS
100137,BURNABY NORTH,"trans-1,4-Dimethylcyclohexane",2007-07-11T00:00,0.246,µg/m³,VOC,GC-MS
100137,BURNABY NORTH,"trans-1,4-Dimethylcyclohexane",2007-07-17T00:00,0.492,µg/m³,VOC,GC-MS
100137,BURNABY NORTH,"trans-1,4-Dimethylcyclohexane",2007-07-23T00:00,0.059,µg/m³,VOC,GC-MS
100137,BURNABY NORTH,"trans-1,4-Dimethylcyclohexane",2007-07-29T00:00,0.210,µg/m³,VOC,GC-MS
100137,BURNABY NORTH,"trans-1,4-Dimethylcyclohexane",2007-08-04T00:00,0.307,µg/m³,VOC,GC-MS
100137,BURNABY NORTH,"trans-1,4-Dimethylcyclohexane",2007-08-10T00:00,0.172,µg/m³,VOC,GC-MS
100137,BURNABY NORTH,"trans-1,4-Dimethylcyclohexane",2007-08-16T00:00,0.091,µg/m³,VOC,GC-MS
100137,BURNABY NORTH,"trans-1,4-Dimethylcyclohexane",2007-08-22T00:00,0.320,µg/m³,VOC,GC-MS
100137,BURNABY NORTH,"trans-1,4-Dimethylcyclohexane",2007-08-28T00:00,0.301,µg/m³,VOC,GC-MS
100137,BURNABY NORTH,"trans-1,4-Dimethylcyclohexane",2007-09-03T00:00,0.502,µg/m³,VOC,GC-MS
100137,BURNABY NORTH,"trans-1,4-Dimethylcyclohexane",2007-09-09T00:00,0.253,µg/m³,VOC,GC-MS
100137,BURNABY NORTH,"trans-1,4-Dimethylcyclohexane",2007-09-15T00:00,0.027,µg/m³,VOC,GC-MS
100137,BURNABY NORTH,"trans-1,4-Dimethylcyclohexane",2007-09-21T00:00,0.094,µg/m³,VOC,GC-MS
100137,BURNABY NORTH,"trans-1,4-Dimethylcyclohexane",2007-09-27T00:00,0.191,µg/m³,VOC,GC-MS
100137,BURNABY NORTH,"trans-1,4-Dimethylcyclohexane",2007-10-03T00:00,0.090,µg/m³,VOC,GC-MS
100137,BURNABY NORTH,"trans-1,4-Dimethylcyclohexane",2007-10-09T00:00,0.099,µg/m³,VOC,GC-MS
100137,BURNABY NORTH,"trans-1,4-Dimethylcyclohexane",2007-10-15T00:00,0.150,µg/m³,VOC,GC-MS
100137,BURNABY NORTH,"trans-1,4-Dimethylcyclohexane",2007-10-21T00:00,0.028,µg/m³,VOC,GC-MS
100137,BURNABY NORTH,"trans-1,4-Dimethylcyclohexane",2007-10-27T00:00,0.332,µg/m³,VOC,GC-MS
100137,BURNABY NORTH,"trans-1,4-Dimethylcyclohexane",2007-11-02T00:00,0.494,µg/m³,VOC,GC-MS
100137,BURNABY NORTH,"trans-1,4-Dimethylcyclohexane",2007-11-08T00:00,0.682,µg/m³,VOC,GC-MS
100137,BURNABY NORTH,"trans-1,4-Dimethylcyclohexane",2007-11-14T00:00,0.217,µg/m³,VOC,GC-MS
100137,BURNABY NORTH,"trans-1,4-Dimethylcyclohexane",2007-11-20T00:00,0.929,µg/m³,VOC,GC-MS
100137,BURNABY NORTH,"trans-1,4-Dimethylcyclohexane",2007-11-26T00:00,0.290,µg/m³,VOC,GC-MS
100137,BURNABY NORTH,"trans-1,4-Dimethylcyclohexane",2007-12-02T00:00,0.263,µg/m³,VOC,GC-MS
100137,BURNABY NORTH,"trans-1,4-Dimethylcyclohexane",2007-12-08T00:00,0.653,µg/m³,VOC,GC-MS
100137,BURNABY NORTH,"trans-1,4-Dimethylcyclohexane",2007-12-14T00:00,0.157,µg/m³,VOC,GC-MS
100137,BURNABY NORTH,"trans-1,4-Dimethylcyclohexane",2007-12-20T00:00,0.259,µg/m³,VOC,GC-MS
100137,BURNABY NORTH,"trans-1,4-Dimethylcyclohexane",2007-12-26T00:00,0.524,µg/m³,VOC,GC-MS
