﻿NAPS_Site_ID,Station_Name,Pollutant,Date,Value,Units,Report_Type,Method
50104,ONTARIO,Methylcyclohexane,1997-01-04T00:00,0.560,µg/m³,VOC,
50104,ONTARIO,Methylcyclohexane,1997-01-10T00:00,0.520,µg/m³,VOC,
50104,ONTARIO,Methylcyclohexane,1997-01-16T00:00,0.400,µg/m³,VOC,
50104,ONTARIO,Methylcyclohexane,1997-01-22T00:00,0.540,µg/m³,VOC,
50104,ONTARIO,Methylcyclohexane,1997-01-28T00:00,0.420,µg/m³,VOC,
50104,ONTARIO,Methylcyclohexane,1997-02-03T00:00,0.640,µg/m³,VOC,
50104,ONTARIO,Methylcyclohexane,1997-02-09T00:00,0.540,µg/m³,VOC,
50104,ONTARIO,Methylcyclohexane,1997-02-15T00:00,0.640,µg/m³,VOC,
50104,ONTARIO,Methylcyclohexane,1997-02-21T00:00,0.660,µg/m³,VOC,
50104,ONTARIO,Methylcyclohexane,1997-02-27T00:00,0.420,µg/m³,VOC,
50104,ONTARIO,Methylcyclohexane,1997-03-05T00:00,0.320,µg/m³,VOC,
50104,ONTARIO,Methylcyclohexane,1997-03-11T00:00,0.180,µg/m³,VOC,
50104,ONTARIO,Methylcyclohexane,1997-03-17T00:00,0.160,µg/m³,VOC,
50104,ONTARIO,Methylcyclohexane,1997-03-23T00:00,0.120,µg/m³,VOC,
50104,ONTARIO,Methylcyclohexane,1997-03-29T00:00,0.640,µg/m³,VOC,
50104,ONTARIO,Methylcyclohexane,1997-04-04T00:00,0.500,µg/m³,VOC,
50104,ONTARIO,Methylcyclohexane,1997-04-28T00:00,0.440,µg/m³,VOC,
50104,ONTARIO,Methylcyclohexane,1997-05-04T00:00,0.140,µg/m³,VOC,
50104,ONTARIO,Methylcyclohexane,1997-05-10T00:00,0.280,µg/m³,VOC,
50104,ONTARIO,Methylcyclohexane,1997-05-16T00:00,0.300,µg/m³,VOC,
50104,ONTARIO,Methylcyclohexane,1997-05-22T00:00,0.240,µg/m³,VOC,
50104,ONTARIO,Methylcyclohexane,1997-05-28T00:00,0.560,µg/m³,VOC,
50104,ONTARIO,Methylcyclohexane,1997-06-09T00:00,0.762,µg/m³,VOC,
50104,ONTARIO,Methylcyclohexane,1997-06-15T00:00,0.222,µg/m³,VOC,
50104,ONTARIO,Methylcyclohexane,1997-06-21T00:00,0.412,µg/m³,VOC,
50104,ONTARIO,Methylcyclohexane,1997-06-27T00:00,0.335,µg/m³,VOC,
50104,ONTARIO,Methylcyclohexane,1997-07-03T00:00,0.313,µg/m³,VOC,
50104,ONTARIO,Methylcyclohexane,1997-07-09T00:00,0.557,µg/m³,VOC,
50104,ONTARIO,Methylcyclohexane,1997-07-15T00:00,0.799,µg/m³,VOC,
50104,ONTARIO,Methylcyclohexane,1997-07-21T00:00,0.400,µg/m³,VOC,
50104,ONTARIO,Methylcyclohexane,1997-07-27T00:00,0.405,µg/m³,VOC,
50104,ONTARIO,Methylcyclohexane,1997-08-02T00:00,0.386,µg/m³,VOC,
50104,ONTARIO,Methylcyclohexane,1997-08-08T00:00,0.348,µg/m³,VOC,
50104,ONTARIO,Methylcyclohexane,1997-08-14T00:00,0.582,µg/m³,VOC,
50104,ONTARIO,Methylcyclohexane,1997-08-20T00:00,0.897,µg/m³,VOC,
50104,ONTARIO,Methylcyclohexane,1997-08-26T00:00,0.929,µg/m³,VOC,
50104,ONTARIO,Methylcyclohexane,1997-09-01T00:00,0.300,µg/m³,VOC,
50104,ONTARIO,Methylcyclohexane,1997-09-07T00:00,0.430,µg/m³,VOC,
50104,ONTARIO,Methylcyclohexane,1997-10-01T00:00,0.585,µg/m³,VOC,
50104,ONTARIO,Methylcyclohexane,1997-10-07T00:00,0.681,µg/m³,VOC,
50104,ONTARIO,Methylcyclohexane,1997-10-13T00:00,0.274,µg/m³,VOC,
50104,ONTARIO,Methylcyclohexane,1997-10-19T00:00,0.618,µg/m³,VOC,
50104,ONTARIO,Methylcyclohexane,1997-10-25T00:00,1.178,µg/m³,VOC,
50104,ONTARIO,Methylcyclohexane,1997-10-31T00:00,0.444,µg/m³,VOC,
50104,ONTARIO,Methylcyclohexane,1997-11-06T00:00,0.749,µg/m³,VOC,
50104,ONTARIO,Methylcyclohexane,1997-11-12T00:00,0.397,µg/m³,VOC,
50104,ONTARIO,Methylcyclohexane,1997-11-18T00:00,1.190,µg/m³,VOC,
50104,ONTARIO,Methylcyclohexane,1997-11-24T00:00,0.460,µg/m³,VOC,
50104,ONTARIO,Methylcyclohexane,1997-11-30T00:00,0.573,µg/m³,VOC,
50104,ONTARIO,Methylcyclohexane,1997-12-06T00:00,0.354,µg/m³,VOC,
50104,ONTARIO,Methylcyclohexane,1997-12-12T00:00,1.020,µg/m³,VOC,
50104,ONTARIO,Methylcyclohexane,1997-12-18T00:00,0.560,µg/m³,VOC,
50104,ONTARIO,Methylcyclohexane,1997-12-24T00:00,0.380,µg/m³,VOC,
50104,ONTARIO,Methylcyclohexane,1997-12-30T00:00,0.500,µg/m³,VOC,
