﻿NAPS_Site_ID,Station_Name,Pollutant,Date,Value,Units,Report_Type,Method
60429,JUDSON ST. & ETONA CT. _ETOBICOKE_ (moved to kipling),Pentane,2002-01-02T00:00,1.210,µg/m³,VOC,GC-MS
60429,JUDSON ST. & ETONA CT. _ETOBICOKE_ (moved to kipling),Pentane,2002-01-08T00:00,2.400,µg/m³,VOC,GC-MS
60429,JUDSON ST. & ETONA CT. _ETOBICOKE_ (moved to kipling),Pentane,2002-01-14T00:00,0.890,µg/m³,VOC,GC-MS
60429,JUDSON ST. & ETONA CT. _ETOBICOKE_ (moved to kipling),Pentane,2002-01-20T00:00,1.210,µg/m³,VOC,GC-MS
60429,JUDSON ST. & ETONA CT. _ETOBICOKE_ (moved to kipling),Pentane,2002-01-26T00:00,2.300,µg/m³,VOC,GC-MS
60429,JUDSON ST. & ETONA CT. _ETOBICOKE_ (moved to kipling),Pentane,2002-02-01T00:00,1.580,µg/m³,VOC,GC-MS
60429,JUDSON ST. & ETONA CT. _ETOBICOKE_ (moved to kipling),Pentane,2002-02-07T00:00,2.120,µg/m³,VOC,GC-MS
60429,JUDSON ST. & ETONA CT. _ETOBICOKE_ (moved to kipling),Pentane,2002-02-13T00:00,0.860,µg/m³,VOC,GC-MS
60429,JUDSON ST. & ETONA CT. _ETOBICOKE_ (moved to kipling),Pentane,2002-02-19T00:00,2.610,µg/m³,VOC,GC-MS
60429,JUDSON ST. & ETONA CT. _ETOBICOKE_ (moved to kipling),Pentane,2002-02-25T00:00,2.180,µg/m³,VOC,GC-MS
60429,JUDSON ST. & ETONA CT. _ETOBICOKE_ (moved to kipling),Pentane,2002-03-03T00:00,0.800,µg/m³,VOC,GC-MS
60429,JUDSON ST. & ETONA CT. _ETOBICOKE_ (moved to kipling),Pentane,2002-03-09T00:00,2.490,µg/m³,VOC,GC-MS
60429,JUDSON ST. & ETONA CT. _ETOBICOKE_ (moved to kipling),Pentane,2002-03-15T00:00,1.260,µg/m³,VOC,GC-MS
60429,JUDSON ST. & ETONA CT. _ETOBICOKE_ (moved to kipling),Pentane,2002-03-21T00:00,1.150,µg/m³,VOC,GC-MS
60429,JUDSON ST. & ETONA CT. _ETOBICOKE_ (moved to kipling),Pentane,2002-03-27T00:00,1.470,µg/m³,VOC,GC-MS
60429,JUDSON ST. & ETONA CT. _ETOBICOKE_ (moved to kipling),Pentane,2002-04-02T00:00,1.520,µg/m³,VOC,GC-MS
60429,JUDSON ST. & ETONA CT. _ETOBICOKE_ (moved to kipling),Pentane,2002-04-08T00:00,1.591,µg/m³,VOC,GC-MS
60429,JUDSON ST. & ETONA CT. _ETOBICOKE_ (moved to kipling),Pentane,2002-04-14T00:00,1.294,µg/m³,VOC,GC-MS
60429,JUDSON ST. & ETONA CT. _ETOBICOKE_ (moved to kipling),Pentane,2002-04-26T00:00,1.240,µg/m³,VOC,GC-MS
60429,JUDSON ST. & ETONA CT. _ETOBICOKE_ (moved to kipling),Pentane,2002-05-02T00:00,0.885,µg/m³,VOC,GC-MS
60429,JUDSON ST. & ETONA CT. _ETOBICOKE_ (moved to kipling),Pentane,2002-05-08T00:00,0.700,µg/m³,VOC,GC-MS
60429,JUDSON ST. & ETONA CT. _ETOBICOKE_ (moved to kipling),Pentane,2002-05-14T00:00,1.037,µg/m³,VOC,GC-MS
60429,JUDSON ST. & ETONA CT. _ETOBICOKE_ (moved to kipling),Pentane,2002-05-20T00:00,0.820,µg/m³,VOC,GC-MS
60429,JUDSON ST. & ETONA CT. _ETOBICOKE_ (moved to kipling),Pentane,2002-05-26T00:00,0.821,µg/m³,VOC,GC-MS
60429,JUDSON ST. & ETONA CT. _ETOBICOKE_ (moved to kipling),Pentane,2002-06-01T00:00,2.209,µg/m³,VOC,GC-MS
60429,JUDSON ST. & ETONA CT. _ETOBICOKE_ (moved to kipling),Pentane,2002-06-07T00:00,1.858,µg/m³,VOC,GC-MS
60429,JUDSON ST. & ETONA CT. _ETOBICOKE_ (moved to kipling),Pentane,2002-06-13T00:00,1.520,µg/m³,VOC,GC-MS
60429,JUDSON ST. & ETONA CT. _ETOBICOKE_ (moved to kipling),Pentane,2002-06-19T00:00,3.755,µg/m³,VOC,GC-MS
60429,JUDSON ST. & ETONA CT. _ETOBICOKE_ (moved to kipling),Pentane,2002-06-25T00:00,2.730,µg/m³,VOC,GC-MS
60429,JUDSON ST. & ETONA CT. _ETOBICOKE_ (moved to kipling),Pentane,2002-07-01T00:00,2.563,µg/m³,VOC,GC-MS
60429,JUDSON ST. & ETONA CT. _ETOBICOKE_ (moved to kipling),Pentane,2002-07-07T00:00,1.580,µg/m³,VOC,GC-MS
60429,JUDSON ST. & ETONA CT. _ETOBICOKE_ (moved to kipling),Pentane,2002-07-13T00:00,2.892,µg/m³,VOC,GC-MS
60429,JUDSON ST. & ETONA CT. _ETOBICOKE_ (moved to kipling),Pentane,2002-07-19T00:00,1.678,µg/m³,VOC,GC-MS
60429,JUDSON ST. & ETONA CT. _ETOBICOKE_ (moved to kipling),Pentane,2002-07-25T00:00,2.738,µg/m³,VOC,GC-MS
60429,JUDSON ST. & ETONA CT. _ETOBICOKE_ (moved to kipling),Pentane,2002-07-31T00:00,3.575,µg/m³,VOC,GC-MS
60429,JUDSON ST. & ETONA CT. _ETOBICOKE_ (moved to kipling),Pentane,2002-08-06T00:00,0.831,µg/m³,VOC,GC-MS
60429,JUDSON ST. & ETONA CT. _ETOBICOKE_ (moved to kipling),Pentane,2002-08-12T00:00,2.890,µg/m³,VOC,GC-MS
60429,JUDSON ST. & ETONA CT. _ETOBICOKE_ (moved to kipling),Pentane,2002-08-18T00:00,1.165,µg/m³,VOC,GC-MS
60429,JUDSON ST. & ETONA CT. _ETOBICOKE_ (moved to kipling),Pentane,2002-08-24T00:00,1.651,µg/m³,VOC,GC-MS
60429,JUDSON ST. & ETONA CT. _ETOBICOKE_ (moved to kipling),Pentane,2002-08-30T00:00,4.944,µg/m³,VOC,GC-MS
60429,JUDSON ST. & ETONA CT. _ETOBICOKE_ (moved to kipling),Pentane,2002-09-05T00:00,1.525,µg/m³,VOC,GC-MS
60429,JUDSON ST. & ETONA CT. _ETOBICOKE_ (moved to kipling),Pentane,2002-09-11T00:00,0.714,µg/m³,VOC,GC-MS
60429,JUDSON ST. & ETONA CT. _ETOBICOKE_ (moved to kipling),Pentane,2002-09-17T00:00,5.198,µg/m³,VOC,GC-MS
60429,JUDSON ST. & ETONA CT. _ETOBICOKE_ (moved to kipling),Pentane,2002-09-23T00:00,3.796,µg/m³,VOC,GC-MS
60429,JUDSON ST. & ETONA CT. _ETOBICOKE_ (moved to kipling),Pentane,2002-09-29T00:00,2.506,µg/m³,VOC,GC-MS
60429,JUDSON ST. & ETONA CT. _ETOBICOKE_ (moved to kipling),Pentane,2002-10-05T00:00,1.807,µg/m³,VOC,GC-MS
60429,JUDSON ST. & ETONA CT. _ETOBICOKE_ (moved to kipling),Pentane,2002-10-11T00:00,3.902,µg/m³,VOC,GC-MS
60429,JUDSON ST. & ETONA CT. _ETOBICOKE_ (moved to kipling),Pentane,2002-10-17T00:00,1.198,µg/m³,VOC,GC-MS
60429,JUDSON ST. & ETONA CT. _ETOBICOKE_ (moved to kipling),Pentane,2002-10-23T00:00,1.332,µg/m³,VOC,GC-MS
60429,JUDSON ST. & ETONA CT. _ETOBICOKE_ (moved to kipling),Pentane,2002-10-29T00:00,1.527,µg/m³,VOC,GC-MS
60429,JUDSON ST. & ETONA CT. _ETOBICOKE_ (moved to kipling),Pentane,2002-11-04T00:00,2.203,µg/m³,VOC,GC-MS
60429,JUDSON ST. & ETONA CT. _ETOBICOKE_ (moved to kipling),Pentane,2002-11-10T00:00,1.745,µg/m³,VOC,GC-MS
60429,JUDSON ST. & ETONA CT. _ETOBICOKE_ (moved to kipling),Pentane,2002-11-16T00:00,1.297,µg/m³,VOC,GC-MS
60429,JUDSON ST. & ETONA CT. _ETOBICOKE_ (moved to kipling),Pentane,2002-11-22T00:00,1.117,µg/m³,VOC,GC-MS
60429,JUDSON ST. & ETONA CT. _ETOBICOKE_ (moved to kipling),Pentane,2002-11-28T00:00,1.513,µg/m³,VOC,GC-MS
60429,JUDSON ST. & ETONA CT. _ETOBICOKE_ (moved to kipling),Pentane,2002-12-04T00:00,2.104,µg/m³,VOC,GC-MS
60429,JUDSON ST. & ETONA CT. _ETOBICOKE_ (moved to kipling),Pentane,2002-12-10T00:00,2.482,µg/m³,VOC,GC-MS
60429,JUDSON ST. & ETONA CT. _ETOBICOKE_ (moved to kipling),Pentane,2002-12-16T00:00,1.051,µg/m³,VOC,GC-MS
60429,JUDSON ST. & ETONA CT. _ETOBICOKE_ (moved to kipling),Pentane,2002-12-22T00:00,0.940,µg/m³,VOC,GC-MS
60429,JUDSON ST. & ETONA CT. _ETOBICOKE_ (moved to kipling),Pentane,2002-12-28T00:00,1.596,µg/m³,VOC,GC-MS
