﻿NAPS_Site_ID,Station_Name,Pollutant,Date,Value,Units,Report_Type,Method
60211,WINDSOR WEST,Cobalt,2020-01-01T00:00,0.000,µg/m³,PM2.5,ICPMS
60211,WINDSOR WEST,Cobalt,2020-01-01T00:00,0.000,µg/m³,PM2.5,ICPMS
60211,WINDSOR WEST,Cobalt,2020-01-04T00:00,0.000,µg/m³,PM2.5,ICPMS
60211,WINDSOR WEST,Cobalt,2020-01-04T00:00,0.000,µg/m³,PM2.5,ICPMS
60211,WINDSOR WEST,Cobalt,2020-01-07T00:00,0.000,µg/m³,PM2.5,ICPMS
60211,WINDSOR WEST,Cobalt,2020-01-07T00:00,0.000,µg/m³,PM2.5,ICPMS
60211,WINDSOR WEST,Cobalt,2020-01-10T00:00,0.000,µg/m³,PM2.5,ICPMS
60211,WINDSOR WEST,Cobalt,2020-01-10T00:00,0.000,µg/m³,PM2.5,ICPMS
60211,WINDSOR WEST,Cobalt,2020-01-13T00:00,0.000,µg/m³,PM2.5,ICPMS
60211,WINDSOR WEST,Cobalt,2020-01-13T00:00,0.000,µg/m³,PM2.5,ICPMS
60211,WINDSOR WEST,Cobalt,2020-01-16T00:00,0.000,µg/m³,PM2.5,ICPMS
60211,WINDSOR WEST,Cobalt,2020-01-16T00:00,0.000,µg/m³,PM2.5,ICPMS
60211,WINDSOR WEST,Cobalt,2020-01-19T00:00,0.000,µg/m³,PM2.5,ICPMS
60211,WINDSOR WEST,Cobalt,2020-01-19T00:00,0.000,µg/m³,PM2.5,ICPMS
60211,WINDSOR WEST,Cobalt,2020-01-22T00:00,0.000,µg/m³,PM2.5,ICPMS
60211,WINDSOR WEST,Cobalt,2020-01-22T00:00,0.000,µg/m³,PM2.5,ICPMS
60211,WINDSOR WEST,Cobalt,2020-01-25T00:00,0.000,µg/m³,PM2.5,ICPMS
60211,WINDSOR WEST,Cobalt,2020-01-25T00:00,0.000,µg/m³,PM2.5,ICPMS
60211,WINDSOR WEST,Cobalt,2020-01-28T00:00,0.000,µg/m³,PM2.5,ICPMS
60211,WINDSOR WEST,Cobalt,2020-01-28T00:00,0.000,µg/m³,PM2.5,ICPMS
60211,WINDSOR WEST,Cobalt,2020-01-31T00:00,0.000,µg/m³,PM2.5,ICPMS
60211,WINDSOR WEST,Cobalt,2020-01-31T00:00,0.000,µg/m³,PM2.5,ICPMS
60211,WINDSOR WEST,Cobalt,2020-02-06T00:00,0.000,µg/m³,PM2.5,ICPMS
60211,WINDSOR WEST,Cobalt,2020-02-06T00:00,0.000,µg/m³,PM2.5,ICPMS
60211,WINDSOR WEST,Cobalt,2020-02-09T00:00,0.000,µg/m³,PM2.5,ICPMS
60211,WINDSOR WEST,Cobalt,2020-02-09T00:00,0.000,µg/m³,PM2.5,ICPMS
60211,WINDSOR WEST,Cobalt,2020-02-12T00:00,0.000,µg/m³,PM2.5,ICPMS
60211,WINDSOR WEST,Cobalt,2020-02-12T00:00,0.000,µg/m³,PM2.5,ICPMS
60211,WINDSOR WEST,Cobalt,2020-02-15T00:00,0.000,µg/m³,PM2.5,ICPMS
60211,WINDSOR WEST,Cobalt,2020-02-15T00:00,0.000,µg/m³,PM2.5,ICPMS
60211,WINDSOR WEST,Cobalt,2020-02-18T00:00,0.000,µg/m³,PM2.5,ICPMS
60211,WINDSOR WEST,Cobalt,2020-02-18T00:00,0.000,µg/m³,PM2.5,ICPMS
60211,WINDSOR WEST,Cobalt,2020-02-21T00:00,0.000,µg/m³,PM2.5,ICPMS
60211,WINDSOR WEST,Cobalt,2020-02-21T00:00,0.000,µg/m³,PM2.5,ICPMS
60211,WINDSOR WEST,Cobalt,2020-02-27T00:00,0.000,µg/m³,PM2.5,ICPMS
60211,WINDSOR WEST,Cobalt,2020-02-27T00:00,0.000,µg/m³,PM2.5,ICPMS
60211,WINDSOR WEST,Cobalt,2020-03-01T00:00,0.000,µg/m³,PM2.5,ICPMS
60211,WINDSOR WEST,Cobalt,2020-03-01T00:00,0.000,µg/m³,PM2.5,ICPMS
60211,WINDSOR WEST,Cobalt,2020-03-04T00:00,0.000,µg/m³,PM2.5,ICPMS
60211,WINDSOR WEST,Cobalt,2020-03-04T00:00,0.000,µg/m³,PM2.5,ICPMS
60211,WINDSOR WEST,Cobalt,2020-03-07T00:00,0.000,µg/m³,PM2.5,ICPMS
60211,WINDSOR WEST,Cobalt,2020-03-07T00:00,0.000,µg/m³,PM2.5,ICPMS
60211,WINDSOR WEST,Cobalt,2020-03-13T00:00,0.000,µg/m³,PM2.5,ICPMS
60211,WINDSOR WEST,Cobalt,2020-03-13T00:00,0.000,µg/m³,PM2.5,ICPMS
60211,WINDSOR WEST,Cobalt,2020-03-16T00:00,0.000,µg/m³,PM2.5,ICPMS
60211,WINDSOR WEST,Cobalt,2020-03-16T00:00,0.000,µg/m³,PM2.5,ICPMS
60211,WINDSOR WEST,Cobalt,2020-03-19T00:00,0.000,µg/m³,PM2.5,ICPMS
60211,WINDSOR WEST,Cobalt,2020-03-22T00:00,0.000,µg/m³,PM2.5,ICPMS
60211,WINDSOR WEST,Cobalt,2020-03-25T00:00,0.000,µg/m³,PM2.5,ICPMS
60211,WINDSOR WEST,Cobalt,2020-03-25T00:00,0.000,µg/m³,PM2.5,ICPMS
60211,WINDSOR WEST,Cobalt,2020-03-28T00:00,0.000,µg/m³,PM2.5,ICPMS
